ident;lat;long;y_proj;x_proj;ingreso_economico
1.10.54-1; ; ;-1.516416327;20763369.87;A
1.10.54-1;-16.40205581;-71.51795358;-1941673.735;2840363.857;A
1.10.54-1;-16.40245299;-71.51824168;-1941716.76;2840325.999;A
1.10.54-1;-16.40236702;-71.51835367;-1941705.249;2840314.423;A
1.10.54-1;-16.4023205;-71.51832356;-1941700.164;2840318.445;A
1.10.54-1;-16.40236124;-71.51826651;-1941705.669;2840324.382;A
1.10.54-1;-16.40202473;-71.51800361;-1941669.453;2840358.59;A
1.10.54-1;-16.40177504;-71.51836361;-1941635.581;2840321.03;A
1.10.54-1;-16.40218399;-71.51863989;-1941680.137;2840284.359;A
1.10.54-1;-16.40212334;-71.51873305;-1941671.838;2840274.588;A
1.10.54-1;-16.40174867;-71.51845562;-1941631.322;2840310.942;A
1.10.54-1;-16.40111453;-71.51927561;-1941546.486;2840226.245;A
1.10.54-1;-16.4013061;-71.51947453;-1941566.483;2840201.187;A
1.10.54-1;-16.4014627;-71.51962557;-1941582.974;2840182.014;A
1.10.54-1;-16.40163481;-71.51984946;-1941600.37;2840154.378;A
1.10.54-1;-16.40176166;-71.52001102;-1941613.234;2840134.401;A
1.10.54-1;-16.40202445;-71.52020628;-1941641.642;2840108.827;A
1.10.54-1;-16.40236094;-71.5204858;-1941677.646;2840072.736;A
1.10.54-1;-16.40246401;-71.52053303;-1941689.159;2840066.033;A
1.10.54-1;-16.40266329;-71.52014068;-1941717.517;2840107.919;A
1.10.54-1;-16.40293076;-71.51985985;-1941752.478;2840136.269;A
1.10.54-1;-16.40306088;-71.5196607;-1941770.276;2840157.15;A
1.10.54-1;-16.40310013;-71.51951035;-1941776.783;2840173.686;A
1.10.54-1;-16.40318706;-71.5194217;-1941788.113;2840182.603;A
1.10.54-1;-16.40329083;-71.51946391;-1941799.771;2840176.46;A
1.10.54-1;-16.40333251;-71.51956266;-1941803.423;2840164.719;A
1.10.54-1;-16.40336006;-71.51965039;-1941805.552;2840154.411;A
1.10.54-1;-16.4035171;-71.51986036;-1941821.352;2840128.55;A
1.10.54-1;-16.40387407;-71.51961726;-1941866.353;2840151.452;A
1.10.54-1;-16.40360853;-71.51908109;-1941841.92;2840215.718;A
1.10.54-1;-16.40344624;-71.51865656;-1941828.21;2840265.977;A
1.10.54-1;-16.40323465;-71.51876921;-1941801.932;2840255.968;A
1.10.54-1;-16.4029562;-71.51908679;-1941765.217;2840223.595;A
1.10.54-1;-16.40243001;-71.519887;-1941693.311;2840139.732;A
1.10.54-1;-16.40187247;-71.51957136;-1941631.795;2840182.807;A
1.10.54-1;-16.40287471;-71.51813168;-1941767.689;2840332.962;A
1.10.54-1;-16.40226766;-71.51769422;-1941701.893;2840390.498;A
1.10.54-2; ; ;-1.516416327;20763369.87;A
1.10.54-2;-16.40201206;-71.51950779;-1941648.995;2840188.192;A
1.10.54-2;-16.40220788;-71.51970323;-1941669.534;2840163.472;A
1.10.54-2;-16.40240141;-71.51982042;-1941690.791;2840147.655;A
1.10.54-2;-16.40272786;-71.51922497;-1941736.65;2840210.909;A
1.10.54-2;-16.40311971;-71.51873441;-1941788.869;2840261.416;A
1.10.54-2;-16.40334186;-71.51851846;-1941817.69;2840283;A
1.10.54-2;-16.40295631;-71.51820869;-1941776.304;2840323.163;A
1.10.54-3; ; ;-1.516416327;20763369.87;A
1.10.54-3;-16.40462881;-71.52136605;-1941932.96;2839943.294;A
1.10.54-3;-16.4043047;-71.52093467;-1941900.326;2839996.443;A
1.10.54-3;-16.4041697;-71.52110701;-1941882.294;2839978.665;A
1.10.54-3;-16.40398286;-71.52105293;-1941861.027;2839987.238;A
1.10.54-3;-16.40376712;-71.52093649;-1941837.152;2840003.26;A
1.10.54-3;-16.40366411;-71.52073801;-1941827.554;2840027.112;A
1.10.54-3;-16.40388195;-71.52042412;-1941857.103;2840059.858;A
1.10.54-3;-16.40350781;-71.51998415;-1941818.7;2840114.635;A
1.10.54-3;-16.40292839;-71.52086489;-1941739.526;2840022.337;A
1.10.54-3;-16.40415725;-71.52174761;-1941872.753;2839906.19;A
1.10.54-4; ; ;-1.516416327;20763369.87;A
1.10.54-4;-16.40465241;-71.52148252;-1941934.263;2839929.78;A
1.10.54-4;-16.40428015;-71.52183063;-1941886.144;2839895.172;A
1.10.54-4;-16.40456941;-71.52215639;-1941916.015;2839854.455;A
1.10.54-4;-16.40528161;-71.52156006;-1942007.199;2839912.767;A
1.10.54-4;-16.40492033;-71.52085725;-1941973.622;2839997.179;A
1.10.54-4;-16.40458155;-71.52043425;-1941939.159;2840049.569;A
1.10.54-4;-16.40395788;-71.51972208;-1941874.876;2840138.47;A
1.10.54-4;-16.4035602;-71.5199275;-1941825.569;2840120.374;A
1.10.54-4;-16.40471125;-71.52131002;-1941943.351;2839948.571;A
1.10.54-5; ; ;-1.516416327;20763369.87;A
1.10.54-5;-16.40350173;-71.51839796;-1941837.99;2840294.575;A
1.10.54-5;-16.40375912;-71.5186789;-1941864.683;2840259.356;A
1.10.54-5;-16.40360127;-71.51802932;-1941854.333;2840335.075;A
1.10.54-5;-16.40323517;-71.51730438;-1941820.469;2840422.062;A
1.10.54-5;-16.40317328;-71.51665567;-1941821.381;2840496.429;A
1.10.54-5;-16.40313346;-71.51657183;-1941817.76;2840506.458;A
1.10.54-5;-16.40240937;-71.51751059;-1941720.857;2840409.469;A
1.10.54-5;-16.40342706;-71.51825977;-1941830.961;2840311.221;A
1.10.55-1; ; ;-1.516416327;20763369.87;A
1.10.55-1;-16.40024875;-71.52233383;-1941406.22;2839890.774;A
1.10.55-1;-16.4006785;-71.52183608;-1941462.979;2839941.603;A
1.10.55-1;-16.40095406;-71.52135919;-1941501.362;2839992.078;A
1.10.55-1;-16.40169844;-71.52012926;-1941604.316;2840121.82;A
1.10.55-1;-16.40142244;-71.51972933;-1941576.936;2840170.774;A
1.10.55-1;-16.40106454;-71.51939937;-1941539.052;2840212.865;A
1.10.55-1;-16.3995429;-71.52161028;-1941332.423;2839982.039;A
1.10.55-2; ; ;-1.516416327;20763369.87;A
1.10.55-2;-16.40093084;-71.5224872;-1941484.413;2839864.475;A
1.10.55-2;-16.40101711;-71.52227286;-1941497.249;2839887.652;A
1.10.55-2;-16.40131208;-71.52181982;-1941537.612;2839935.171;A
1.10.55-2;-16.4015164;-71.5215582;-1941564.914;2839962.167;A
1.10.55-2;-16.40173529;-71.52143799;-1941592.142;2839972.939;A
1.10.55-2;-16.4019769;-71.52110886;-1941624.675;2840007.103;A
1.10.55-2;-16.40176471;-71.52103838;-1941600.638;2840017.866;A
1.10.55-2;-16.40154667;-71.52100156;-1941575.487;2840024.89;A
1.10.55-2;-16.40119756;-71.5210972;-1941533.271;2840018.605;A
1.10.55-2;-16.40097421;-71.52140266;-1941503.181;2839986.886;A
1.10.55-2;-16.40065551;-71.52205365;-1941457.535;2839917.233;A
1.10.55-2;-16.40035922;-71.52236884;-1941418.755;2839885.362;A
1.10.55-2;-16.40065542;-71.52278645;-1941448.286;2839834.14;A
1.10.55-3; ; ;-1.516416327;20763369.87;A
1.10.55-3;-16.40141062;-71.52093744;-1941560.314;2840033.938;A
1.10.55-3;-16.40161876;-71.52095141;-1941584.589;2840029.635;A
1.10.55-3;-16.40184422;-71.52097695;-1941610.752;2840023.793;A
1.10.55-3;-16.40249647;-71.5213929;-1941682.129;2839968.108;A
1.10.55-3;-16.40280903;-71.52088321;-1941725.274;2840021.819;A
1.10.55-3;-16.40173233;-71.5201159;-1941608.466;2840122.892;A
1.10.55-3;-16.40131649;-71.52086888;-1941550.12;2840042.942;A
1.10.55-4; ; ;-1.516416327;20763369.87;A
1.10.55-4;-16.4017351;-71.52288032;-1941573.935;2839809.394;A
1.10.55-4;-16.401929;-71.52249952;-1941601.514;2839850.041;A
1.10.55-4;-16.40201474;-71.52216919;-1941615.751;2839886.376;A
1.10.55-4;-16.40246536;-71.52143355;-1941677.962;2839963.905;A
1.10.55-4;-16.40206206;-71.52114028;-1941634.284;2840002.428;A
1.10.55-4;-16.40180368;-71.5214653;-1941599.832;2839968.949;A
1.10.55-4;-16.40167614;-71.52181793;-1941580.404;2839930.629;A
1.10.55-4;-16.40150624;-71.52218139;-1941555.862;2839891.635;A
1.10.55-4;-16.40134296;-71.52258949;-1941531.536;2839847.493;A
1.10.55-4;-16.40098483;-71.52262012;-1941489.079;2839848.698;A
1.10.55-4;-16.40068894;-71.52280702;-1941451.964;2839831.37;A
1.10.55-4;-16.40116574;-71.52338819;-1941500.648;2839759.242;A
1.10.55-5; ; ;-1.516416327;20763369.87;A
1.10.55-5;-16.40289871;-71.52314468;-1941707.293;2839764.218;A
1.10.55-5;-16.40318773;-71.52272443;-1941746.544;2839808.096;A
1.10.55-5;-16.40313093;-71.52216724;-1941746.897;2839872.017;A
1.10.55-5;-16.40296595;-71.52183333;-1941731.727;2839912.034;A
1.10.55-5;-16.40253644;-71.52151104;-1941685.335;2839954.189;A
1.10.55-5;-16.40230289;-71.52178219;-1941654.48;2839926.495;A
1.10.55-5;-16.40207134;-71.52222644;-1941621.678;2839879.146;A
1.10.55-5;-16.40194811;-71.52260511;-1941602.428;2839837.818;A
1.10.55-5;-16.40177425;-71.522935;-1941577.844;2839802.682;A
1.10.55-5;-16.40119727;-71.52344336;-1941503.656;2839752.575;A
1.10.55-5;-16.4017251;-71.52415582;-1941556.679;2839664.895;A
1.10.55-6; ; ;-1.516416327;20763369.87;A
1.10.55-6;-16.40373307;-71.52288574;-1941808.572;2839782.68;A
1.10.55-6;-16.40391826;-71.52274014;-1941832.162;2839796.77;A
1.10.55-6;-16.40406892;-71.52264979;-1941850.999;2839805.047;A
1.10.55-6;-16.40380316;-71.52230343;-1941824.148;2839847.792;A
1.10.55-6;-16.403599;-71.52218952;-1941801.601;2839863.376;A
1.10.55-6;-16.40309587;-71.52194288;-1941745.607;2839897.915;A
1.10.55-6;-16.40316386;-71.52204034;-1941752.365;2839885.975;A
1.10.55-6;-16.40323957;-71.52243836;-1941756.24;2839839.856;A
1.10.55-6;-16.40322276;-71.52274611;-1941750.385;2839805.179;A
1.10.55-6;-16.40316373;-71.52299584;-1941740.302;2839777.634;A
1.10.55-6;-16.40353486;-71.52297922;-1941784.109;2839774.67;A
1.10.55-7; ; ;-1.516416327;20763369.87;A
1.10.55-7;-16.4042474;-71.52189946;-1941881.428;2839887.794;A
1.10.55-7;-16.40286812;-71.52095222;-1941731.345;2840013.222;A
1.10.55-7;-16.40253747;-71.52144157;-1941686.332;2839962.054;A
1.10.55-7;-16.40329758;-71.52192875;-1941769.481;2839896.882;A
1.10.55-7;-16.40384394;-71.52225153;-1941829.593;2839853.145;A
1.10.55-7;-16.40409862;-71.52258683;-1941855.283;2839811.799;A
1.10.55-7;-16.40452796;-71.52224137;-1941910.074;2839845.361;A
1.10.56-1; ; ;-1.516416327;20763369.87;A
1.10.56-1;-16.40865877;-71.5284652;-1942316.841;2839085.706;A
1.10.56-1;-16.40839251;-71.52757577;-1942296.779;2839190.029;A
1.10.56-1;-16.40812611;-71.52679612;-1942275.315;2839281.909;A
1.10.56-1;-16.40784614;-71.52694187;-1942240.59;2839269.04;A
1.10.56-1;-16.40756857;-71.52715652;-1942205.278;2839248.329;A
1.10.56-1;-16.40853605;-71.52854007;-1942301.481;2839078.821;A
1.10.56-2; ; ;-1.516416327;20763369.87;A
1.10.56-2;-16.40810932;-71.52674172;-1942274.028;2839288.296;A
1.10.56-2;-16.40794028;-71.52627323;-1942260.079;2839343.624;A
1.10.56-2;-16.40762206;-71.52640335;-1942221.058;2839333.028;A
1.10.56-2;-16.40718776;-71.52647227;-1942169.173;2839330.887;A
1.10.56-2;-16.40720017;-71.52661155;-1942168.874;2839314.932;A
1.10.56-2;-16.40729836;-71.52680428;-1942177.978;2839291.797;A
1.10.56-2;-16.40735179;-71.5268898;-1942183.176;2839281.402;A
1.10.56-2;-16.40752621;-71.52710106;-1942201.001;2839255.171;A
1.10.56-2;-16.40781945;-71.52689434;-1942238.054;2839274.778;A
1.10.56-3; ; ;-1.516416327;20763369.87;A
1.10.56-3;-16.40715974;-71.52618913;-1942169.45;2839363.356;A
1.10.56-3;-16.40717432;-71.5263719;-1942168.859;2839342.443;A
1.10.56-3;-16.40742722;-71.52634691;-1942198.882;2839341.972;A
1.10.56-3;-16.40771668;-71.52628626;-1942233.649;2839345.068;A
1.10.56-3;-16.40792398;-71.52622762;-1942258.74;2839349.008;A
1.10.56-3;-16.40783466;-71.52597231;-1942251.467;2839379.123;A
1.10.56-3;-16.40763984;-71.52561304;-1942233.113;2839422.404;A
1.10.56-3;-16.40744167;-71.52537054;-1942212.891;2839452.489;A
1.10.56-3;-16.40719644;-71.52497597;-1942189.06;2839500.43;A
1.10.56-3;-16.40706452;-71.52479353;-1942175.863;2839522.84;A
1.10.56-3;-16.40652925;-71.52516308;-1942108.325;2839487.931;A
1.10.56-3;-16.40699781;-71.52586576;-1942154.506;2839402.136;A
1.10.56-4; ; ;-1.516416327;20763369.87;A
1.10.56-4;-16.40665924;-71.52714084;-1942098.659;2839261.986;A
1.10.56-4;-16.40689333;-71.52721922;-1942125.168;2839250.041;A
1.10.56-4;-16.40723253;-71.52683807;-1942169.818;2839288.826;A
1.10.56-4;-16.40715966;-71.5266575;-1942163.535;2839310.251;A
1.10.56-4;-16.40711573;-71.52646797;-1942160.765;2839332.315;A
1.10.56-4;-16.40705693;-71.52607206;-1942158.85;2839377.973;A
1.10.56-4;-16.40649836;-71.52523716;-1942103.763;2839479.935;A
1.10.56-4;-16.40565052;-71.52606467;-1941993.733;2839397.183;A
1.10.56-4;-16.40637376;-71.52718379;-1942064.581;2839260.844;A
1.10.56-5; ; ;-1.516416327;20763369.87;A
1.10.56-5;-16.40544474;-71.5274766;-1941951.759;2839239.779;A
1.10.56-5;-16.40555076;-71.52708128;-1941969.198;2839283.217;A
1.10.56-5;-16.40591445;-71.52665742;-1942017.264;2839326.526;A
1.10.56-5;-16.40559604;-71.52616193;-1941986.108;2839386.866;A
1.10.56-5;-16.40521469;-71.52649332;-1941937.132;2839354.274;A
1.10.56-5;-16.40482896;-71.52701915;-1941885.192;2839299.69;A
1.10.56-5;-16.40441431;-71.52743772;-1941831.206;2839257.645;A
1.10.56-5;-16.40487666;-71.5279816;-1941878.662;2839189.939;A
1.10.56-5;-16.40548266;-71.52765481;-1941953.967;2839219.077;A
1.10.56-6; ; ;-1.516416327;20763369.87;A
1.10.56-6;-16.4056651;-71.52831653;-1941967.055;2839141.666;A
1.10.56-6;-16.40552692;-71.52807839;-1941953.826;2839170.472;A
1.10.56-6;-16.40545728;-71.52773957;-1941949.917;2839209.799;A
1.10.56-6;-16.40493358;-71.52801398;-1941884.939;2839185.524;A
1.10.56-6;-16.40537138;-71.52859435;-1941929.051;2839114.001;A
1.10.56-7; ; ;-1.516416327;20763369.87;A
1.10.56-7;-16.40630783;-71.527257;-1942055.914;2839253.405;A
1.10.56-7;-16.4060067;-71.5267403;-1942027.055;2839315.924;A
1.10.56-7;-16.40578349;-71.52691369;-1941998.648;2839299.179;A
1.10.56-7;-16.40557979;-71.5272497;-1941970.484;2839263.741;A
1.10.56-7;-16.40554018;-71.52758568;-1941961.596;2839226.165;A
1.10.56-7;-16.40612041;-71.52753619;-1942030.377;2839224.197;A
1.10.56-8; ; ;-1.516416327;20763369.87;A
1.10.56-8;-16.40600378;-71.52874536;-1942001.434;2839088.62;A
1.10.56-8;-16.4057108;-71.52841272;-1941971.212;2839130.162;A
1.10.56-8;-16.40543379;-71.52863781;-1941935.834;2839108.258;A
1.10.56-8;-16.40568785;-71.52900342;-1941961.069;2839063.486;A
1.10.56-9; ; ;-1.516416327;20763369.87;A
1.10.56-9;-16.40583943;-71.52837274;-1941986.825;2839133.015;A
1.10.56-9;-16.40653349;-71.52924509;-1942057.357;2839025.04;A
1.10.56-9;-16.4069174;-71.52893184;-1942106.403;2839055.544;A
1.10.56-9;-16.40616614;-71.52778016;-1942032.674;2839195.937;A
1.10.56-9;-16.40584706;-71.52774918;-1941995.583;2839203.618;A
1.10.56-9;-16.40558091;-71.52780029;-1941963.674;2839201.299;A
1.10.56-9;-16.40567277;-71.52810707;-1941970.597;2839165.314;A
1.10.56-10; ; ;-1.516416327;20763369.87;A
1.10.56-10;-16.40807013;-71.52801551;-1942253.364;2839144.382;A
1.10.56-10;-16.40726867;-71.52687339;-1942173.619;2839284.349;A
1.10.56-10;-16.40691668;-71.52734207;-1942126.362;2839235.807;A
1.10.56-10;-16.40765416;-71.52836457;-1942200.1;2839110.239;A
1.10.56-11; ; ;-1.516416327;20763369.87;A
1.10.56-11;-16.40849182;-71.52858721;-1942295.691;2839074.053;A
1.10.56-11;-16.40815313;-71.52811252;-1942261.891;2839132.299;A
1.10.56-11;-16.40743235;-71.52864594;-1942170.497;2839081.233;A
1.10.56-11;-16.40775399;-71.52913333;-1942202.134;2839021.771;A
1.10.56-12; ; ;-1.516416327;20763369.87;A
1.10.56-12;-16.40885162;-71.5292671;-1942329.384;2838992.266;A
1.10.56-12;-16.40880282;-71.52903196;-1942326.615;2839019.564;A
1.10.56-12;-16.4085475;-71.52865954;-1942301.32;2839065.125;A
1.10.56-12;-16.4078247;-71.52919306;-1942209.687;2839014.075;A
1.10.56-12;-16.40815989;-71.52967272;-1942243.014;2838955.312;A
1.10.56-13; ; ;-1.516416327;20763369.87;A
1.10.56-13;-16.40810329;-71.52970662;-1942235.938;2838952.208;A
1.10.56-13;-16.40777487;-71.52923151;-1942203.35;2839010.366;A
1.10.56-13;-16.40660672;-71.53008762;-1942055.338;2838928.556;A
1.10.56-13;-16.40698103;-71.53054515;-1942093.539;2838871.792;A
1.10.56-14; ; ;-1.516416327;20763369.87;A
1.10.56-14;-16.40695545;-71.52971724;-1942100.971;2838965.996;A
1.10.56-14;-16.40772282;-71.52917184;-1942197.988;2839017.812;A
1.10.56-14;-16.40737444;-71.52871218;-1942162.859;2839074.479;A
1.10.56-14;-16.40657567;-71.52930337;-1942061.577;2839017.881;A
1.10.56-15; ; ;-1.516416327;20763369.87;A
1.10.56-15;-16.4068544;-71.52977226;-1942088.408;2838961.078;A
1.10.56-15;-16.4065342;-71.52935833;-1942056.013;2839012.192;A
1.10.56-15;-16.40625155;-71.52962538;-1942019.444;2838985.604;A
1.10.56-15;-16.4065567;-71.53001917;-1942050.325;2838936.97;A
1.10.57-1; ; ;-1.516416327;20763369.87;A
1.10.57-1;-16.41062956;-71.5174596;-1942687.166;2840307.818;A
1.10.57-1;-16.41062962;-71.51701684;-1942692.76;2840358.021;A
1.10.57-1;-16.41035391;-71.51700889;-1942660.472;2840362.526;A
1.10.57-1;-16.40989339;-71.51704768;-1942605.883;2840364.148;A
1.10.57-1;-16.40931863;-71.51708187;-1942537.931;2840367.784;A
1.10.57-1;-16.40834128;-71.51718289;-1942421.843;2840369.105;A
1.10.57-1;-16.40839138;-71.51763356;-1942422.042;2840317.35;A
1.10.57-1;-16.40871191;-71.51758205;-1942460.346;2840319;A
1.10.57-1;-16.40954737;-71.51749941;-1942559.535;2840317.45;A
1.10.57-1;-16.4095046;-71.51730778;-1942556.927;2840339.738;A
1.10.57-1;-16.41036025;-71.51722565;-1942658.481;2840337.866;A
1.10.57-1;-16.41036442;-71.51742863;-1942656.41;2840314.795;A
1.10.57-2; ; ;-1.516416327;20763369.87;A
1.10.57-2;-16.40886902;-71.51809848;-1942472.287;2840258.39;A
1.10.57-2;-16.40964886;-71.5180244;-1942564.832;2840256.596;A
1.10.57-2;-16.40955481;-71.51754075;-1942559.887;2840312.665;A
1.10.57-2;-16.40879577;-71.51763362;-1942469.547;2840312.057;A
1.10.57-3; ; ;-1.516416327;20763369.87;A
1.10.57-3;-16.40988073;-71.51919664;-1942577.282;2840120.648;A
1.10.57-3;-16.4096541;-71.51809259;-1942564.588;2840248.796;A
1.10.57-3;-16.4093498;-71.51812827;-1942528.391;2840248.727;A
1.10.57-3;-16.40961465;-71.5192769;-1942545.012;2840115.026;A
1.10.57-4; ; ;-1.516416327;20763369.87;A
1.10.57-4;-16.41030871;-71.52036641;-1942612.801;2839982.418;A
1.10.57-4;-16.41013862;-71.52025339;-1942594.246;2839997.456;A
1.10.57-4;-16.41003422;-71.51988864;-1942586.583;2840040.179;A
1.10.57-4;-16.40992203;-71.51928143;-1942581.065;2840110.494;A
1.10.57-4;-16.40964133;-71.51936272;-1942547.064;2840104.946;A
1.10.57-4;-16.40980147;-71.52004564;-1942557.261;2840025.419;A
1.10.57-4;-16.41016152;-71.52076546;-1942590.475;2839939.096;A
1.10.57-4;-16.41038641;-71.52062689;-1942618.642;2839951.868;A
1.10.57-5; ; ;-1.516416327;20763369.87;A
1.10.57-5;-16.41020488;-71.52088518;-1942594.059;2839924.954;A
1.10.57-5;-16.41054838;-71.52164917;-1942624.772;2839833.84;A
1.10.57-5;-16.41068499;-71.52156006;-1942641.945;2839842.158;A
1.10.57-5;-16.41039688;-71.52079071;-1942617.806;2839933.157;A
1.10.57-6; ; ;-1.516416327;20763369.87;A
1.10.57-6;-16.41071264;-71.52167877;-1942643.695;2839828.337;A
1.10.57-6;-16.41058422;-71.5217468;-1942627.751;2839822.302;A
1.10.57-6;-16.41025692;-71.52213503;-1942584.406;2839782.559;A
1.10.57-6;-16.41047699;-71.52234746;-1942607.578;2839755.597;A
1.10.57-6;-16.41081564;-71.52197685;-1942652.035;2839793.193;A
1.10.57-7; ; ;-1.516416327;20763369.87;A
1.10.57-7;-16.4098224;-71.52249611;-1942528.808;2839747.297;A
1.10.57-7;-16.40992291;-71.52270226;-1942538.015;2839722.609;A
1.10.57-7;-16.41005055;-71.5228574;-1942551.052;2839703.351;A
1.10.57-7;-16.41043937;-71.52240521;-1942602.431;2839749.541;A
1.10.57-7;-16.41019807;-71.52219468;-1942576.741;2839776.566;A
1.10.57-7;-16.40998713;-71.52237435;-1942549.695;2839758.951;A
1.10.57-8; ; ;-1.516416327;20763369.87;A
1.10.57-8;-16.40895959;-71.52364399;-1942412.975;2839628.421;A
1.10.57-8;-16.40941874;-71.52346168;-1942469.21;2839643.092;A
1.10.57-8;-16.40974885;-71.52322826;-1942510.933;2839665.244;A
1.10.57-8;-16.40999978;-71.52295796;-1942543.82;2839692.612;A
1.10.57-8;-16.40989164;-71.52277872;-1942533.377;2839714.349;A
1.10.57-8;-16.40978508;-71.52260926;-1942522.997;2839734.956;A
1.10.57-8;-16.40949173;-71.52281046;-1942485.998;2839715.976;A
1.10.57-8;-16.40920285;-71.52302271;-1942449.386;2839695.685;A
1.10.57-8;-16.40877125;-71.52320375;-1942396.402;2839680.798;A
1.10.57-9; ; ;-1.516416327;20763369.87;A
1.10.57-9;-16.4090377;-71.5228595;-1942432.044;2839716.349;A
1.10.57-9;-16.40881411;-71.5224526;-1942410.912;2839765.407;A
1.10.57-9;-16.40850619;-71.52218376;-1942378.131;2839799.913;A
1.10.57-9;-16.4083345;-71.52201903;-1942360.04;2839820.835;A
1.10.57-9;-16.40846555;-71.52178326;-1942378.409;2839845.856;A
1.10.57-9;-16.40828987;-71.52159716;-1942360.118;2839869.252;A
1.10.57-9;-16.40789998;-71.5215265;-1942315.208;2839882.36;A
1.10.57-9;-16.40781827;-71.52153955;-1942305.445;2839881.948;A
1.10.57-9;-16.40783195;-71.52177987;-1942304.021;2839854.52;A
1.10.57-9;-16.40815034;-71.52206421;-1942337.837;2839818.119;A
1.10.57-9;-16.40843148;-71.5223675;-1942367.037;2839780.056;A
1.10.57-9;-16.40870865;-71.52301593;-1942391.418;2839702.911;A
1.10.57-10; ; ;-1.516416327;20763369.87;A
1.10.57-10;-16.40757374;-71.5222228;-1942268.102;2839807.672;A
1.10.57-10;-16.40784616;-71.52248187;-1942296.836;2839774.737;A
1.10.57-10;-16.40787799;-71.52262875;-1942298.722;2839757.667;A
1.10.57-10;-16.40793005;-71.5226792;-1942304.202;2839751.266;A
1.10.57-10;-16.40833998;-71.52241676;-1942355.667;2839775.667;A
1.10.57-10;-16.4078014;-71.52188616;-1942299.091;2839842.867;A
1.10.57-10;-16.4077379;-71.521654;-1942294.561;2839870.021;A
1.10.57-10;-16.40737736;-71.52173458;-1942251.19;2839865.595;A
1.10.57-10;-16.4074627;-71.52208453;-1942256.802;2839824.8;A
1.10.57-11; ; ;-1.516416327;20763369.87;A
1.10.57-11;-16.4063957;-71.52262929;-1942124.59;2839776.973;A
1.10.57-11;-16.40662584;-71.52243068;-1942154.128;2839796.486;A
1.10.57-11;-16.40676193;-71.52238012;-1942170.753;2839800.44;A
1.10.57-11;-16.40695776;-71.52233691;-1942194.303;2839802.782;A
1.10.57-11;-16.40732975;-71.52224119;-1942239.208;2839808.774;A
1.10.57-11;-16.4074404;-71.52219773;-1942252.755;2839812.256;A
1.10.57-11;-16.4074426;-71.52219545;-1942253.042;2839812.486;A
1.10.57-11;-16.40734138;-71.52174335;-1942246.853;2839865.07;A
1.10.57-11;-16.40671033;-71.5219231;-1942170.455;2839852.935;A
1.10.57-11;-16.40628142;-71.52208409;-1942118.041;2839840.286;A
1.10.57-11;-16.40609199;-71.52220561;-1942094.254;2839828.981;A
1.10.57-12; ; ;-1.516416327;20763369.87;A
1.10.57-12;-16.40745845;-71.52268299;-1942248.755;2839756.998;A
1.10.57-12;-16.40782736;-71.52266908;-1942292.267;2839753.755;A
1.10.57-12;-16.40783443;-71.52254132;-1942294.708;2839768.149;A
1.10.57-12;-16.40782503;-71.52250622;-1942294.047;2839772.251;A
1.10.57-12;-16.40754337;-71.52222467;-1942264.511;2839807.856;A
1.10.57-12;-16.40750271;-71.52227615;-1942259.085;2839802.55;A
1.10.57-12;-16.40733525;-71.52227342;-1942239.447;2839805.048;A
1.10.57-12;-16.40696646;-71.5223689;-1942194.921;2839799.04;A
1.10.57-12;-16.40665278;-71.52244528;-1942157.109;2839794.478;A
1.10.57-12;-16.40641378;-71.52263365;-1942126.658;2839776.242;A
1.10.57-12;-16.40674787;-71.5230085;-1942161.177;2839729.374;A
1.10.57-12;-16.40687198;-71.52287636;-1942177.423;2839742.736;A
1.10.57-13; ; ;-1.516416327;20763369.87;A
1.10.57-13;-16.4070167;-71.52319012;-1942190.466;2839705.269;A
1.10.57-13;-16.40710132;-71.52340728;-1942197.668;2839679.54;A
1.10.57-13;-16.40725011;-71.52390198;-1942208.907;2839621.504;A
1.10.57-13;-16.40767382;-71.5237177;-1942261.005;2839636.863;A
1.10.57-13;-16.40737032;-71.52275605;-1942237.48;2839749.866;A
1.10.57-13;-16.40714891;-71.52280337;-1942210.875;2839747.393;A
1.10.57-13;-16.40690145;-71.52288887;-1942180.726;2839740.932;A
1.10.57-13;-16.40680236;-71.52298885;-1942167.825;2839730.891;A
1.10.57-14; ; ;-1.516416327;20763369.87;A
1.10.57-14;-16.40851545;-71.5228603;-1942370.686;2839723.082;A
1.10.57-14;-16.40758023;-71.52329053;-1942255.398;2839686.521;A
1.10.57-14;-16.40770757;-71.52370201;-1942265.167;2839638.201;A
1.10.57-14;-16.40868779;-71.52323626;-1942386.188;2839678.202;A
1.10.57-15; ; ;-1.516416327;20763369.87;A
1.10.57-15;-16.40789793;-71.52412773;-1942282.16;2839587.443;A
1.10.57-15;-16.40888236;-71.52369899;-1942403.209;2839623.193;A
1.10.57-15;-16.40871945;-71.52329116;-1942389.215;2839671.564;A
1.10.57-15;-16.40772051;-71.52374516;-1942266.144;2839633.139;A
1.10.57-16; ; ;-1.516416327;20763369.87;A
1.10.57-16;-16.4072531;-71.52398063;-1942208.267;2839612.547;A
1.10.57-16;-16.40730649;-71.52418733;-1942211.932;2839588.412;A
1.10.57-16;-16.4074209;-71.52436074;-1942223.185;2839567.255;A
1.10.57-16;-16.40785923;-71.52416241;-1942277.176;2839584.017;A
1.10.57-16;-16.40768868;-71.52376674;-1942262.132;2839631.109;A
1.10.57-17; ; ;-1.516416327;20763369.87;A
1.10.57-17;-16.41124729;-71.52289097;-1942691.21;2839683.905;A
1.10.57-17;-16.41133272;-71.5228938;-1942701.21;2839682.468;A
1.10.57-17;-16.41140443;-71.52287696;-1942709.846;2839683.44;A
1.10.57-17;-16.41155524;-71.52281863;-1942728.297;2839688.083;A
1.10.57-17;-16.41134743;-71.52181756;-1942716.514;2839804.304;A
1.10.57-17;-16.41131419;-71.52171262;-1942713.934;2839816.637;A
1.10.57-17;-16.41127457;-71.52168455;-1942709.633;2839820.338;A
1.10.57-17;-16.41102799;-71.52193963;-1942677.45;2839794.638;A
1.10.57-18; ; ;-1.516416327;20763369.87;A
1.10.57-18;-16.40879438;-71.52444119;-1942383.513;2839540.189;A
1.10.57-18;-16.40958722;-71.52409682;-1942480.991;2839568.875;A
1.10.57-18;-16.40974419;-71.52405674;-1942499.937;2839571.369;A
1.10.57-18;-16.40984671;-71.52400729;-1942512.602;2839575.636;A
1.10.57-18;-16.4102803;-71.52368722;-1942567.574;2839606.261;A
1.10.57-18;-16.41017846;-71.52350339;-1942557.93;2839628.435;A
1.10.57-18;-16.41023683;-71.52346086;-1942565.322;2839632.494;A
1.10.57-18;-16.41059336;-71.52394251;-1942601.129;2839573.224;A
1.10.57-18;-16.41065731;-71.52392659;-1942608.842;2839574.193;A
1.10.57-18;-16.41106559;-71.52345472;-1942662.755;2839622.36;A
1.10.57-18;-16.41094874;-71.52325901;-1942651.497;2839646.077;A
1.10.57-18;-16.4108453;-71.52311526;-1942641.159;2839663.728;A
1.10.57-18;-16.4110104;-71.52298924;-1942662.143;2839675.859;A
1.10.57-18;-16.41119541;-71.52289489;-1942685.067;2839684.139;A
1.10.57-18;-16.41103837;-71.52220068;-1942675.376;2839764.904;A
1.10.57-18;-16.4109788;-71.52205204;-1942670.253;2839782.536;A
1.10.57-18;-16.41094147;-71.52204979;-1942665.896;2839783.278;A
1.10.57-18;-16.4107913;-71.52217341;-1942646.696;2839771.224;A
1.10.57-18;-16.41002092;-71.52307167;-1942544.868;2839679.444;A
1.10.57-18;-16.40966776;-71.52341636;-1942499.035;2839644.976;A
1.10.57-18;-16.40856751;-71.52397015;-1942362.803;2839596.562;A
1.10.57-19; ; ;-1.516416327;20763369.87;A
1.10.57-19;-16.40748115;-71.52457137;-1942227.606;2839542.587;A
1.10.57-19;-16.40752296;-71.52474024;-1942230.389;2839522.893;A
1.10.57-19;-16.40778218;-71.5250983;-1942256.323;2839478.908;A
1.10.57-19;-16.40876004;-71.5244619;-1942379.219;2839538.289;A
1.10.57-19;-16.40853296;-71.5239929;-1942358.457;2839594.434;A
1.10.57-19;-16.40757485;-71.5244726;-1942239.859;2839552.561;A
1.10.57-20; ; ;-1.516416327;20763369.87;A
1.10.57-20;-16.40868945;-71.52639063;-1942346.603;2839320.525;A
1.10.57-20;-16.40910287;-71.52609138;-1942398.941;2839349.054;A
1.10.57-20;-16.40829569;-71.52484721;-1942319.812;2839500.669;A
1.10.57-20;-16.40782866;-71.5251548;-1942261.071;2839471.894;A
1.10.57-20;-16.40819533;-71.52577889;-1942296.274;2839396.342;A
1.10.57-20;-16.40843909;-71.52647451;-1942316.136;2839314.285;A
1.10.57-21; ; ;-1.516416327;20763369.87;A
1.10.57-21;-16.40890109;-71.5270549;-1942363.088;2839242.443;A
1.10.57-21;-16.4087153;-71.52646247;-1942348.734;2839312.042;A
1.10.57-21;-16.4084601;-71.52656372;-1942317.48;2839303.896;A
1.10.57-21;-16.4086515;-71.52713803;-1942332.721;2839236.279;A
1.10.57-22; ; ;-1.516416327;20763369.87;A
1.10.57-22;-16.4095074;-71.5266296;-1942439.673;2839282.744;A
1.10.57-22;-16.40915139;-71.52614119;-1942404.012;2839342.773;A
1.10.57-22;-16.40895003;-71.5263009;-1942378.345;2839327.295;A
1.10.57-22;-16.40929968;-71.52677999;-1942413.377;2839268.407;A
1.10.57-23; ; ;-1.516416327;20763369.87;A
1.10.57-23;-16.40994332;-71.52628619;-1942495.21;2839315.985;A
1.10.57-23;-16.40880843;-71.52465626;-1942382.452;2839515.62;A
1.10.57-23;-16.40886221;-71.52458525;-1942389.664;2839522.968;A
1.10.57-23;-16.40880003;-71.5244768;-1942383.728;2839536.078;A
1.10.57-23;-16.40835922;-71.52481213;-1942327.718;2839503.815;A
1.10.57-23;-16.40886953;-71.52565152;-1942377.078;2839401.975;A
1.10.57-23;-16.40902283;-71.52589868;-1942391.969;2839371.949;A
1.10.57-23;-16.40956054;-71.52657743;-1942446.573;2839287.964;A
1.10.57-24; ; ;-1.516416327;20763369.87;A
1.10.57-24;-16.41036099;-71.52599659;-1942547.926;2839343.363;A
1.10.57-24;-16.40983917;-71.52522102;-1942496.41;2839438.117;A
1.10.57-24;-16.40946562;-71.52548269;-1942449.229;2839413.329;A
1.10.57-24;-16.40999325;-71.52626331;-1942501.365;2839317.927;A
1.10.57-25; ; ;-1.516416327;20763369.87;A
1.10.57-25;-16.41156142;-71.52510886;-1942700.135;2839428.33;A
1.10.57-25;-16.41155661;-71.52507317;-1942700.02;2839432.44;A
1.10.57-25;-16.41127887;-71.52477161;-1942671.198;2839470.261;A
1.10.57-25;-16.41015476;-71.52557969;-1942528.959;2839393.328;A
1.10.57-25;-16.4103959;-71.52594225;-1942552.712;2839349.068;A
1.10.57-26; ; ;-1.516416327;20763369.87;A
1.10.57-26;-16.41121873;-71.52472431;-1942664.73;2839476.41;A
1.10.57-26;-16.41093742;-71.52442144;-1942635.504;2839514.426;A
1.10.57-26;-16.40990342;-71.52517783;-1942504.502;2839442.175;A
1.10.57-26;-16.41011234;-71.52551356;-1942524.809;2839401.38;A
1.10.57-27; ; ;-1.516416327;20763369.87;A
1.10.57-27;-16.41087688;-71.52438704;-1942628.827;2839519.118;A
1.10.57-27;-16.41058776;-71.52404852;-1942599.134;2839561.277;A
1.10.57-27;-16.40916509;-71.52506361;-1942419.211;2839464.773;A
1.10.57-27;-16.40942562;-71.52543659;-1942445.111;2839419.079;A
1.10.57-28; ; ;-1.516416327;20763369.87;A
1.10.57-28;-16.41057504;-71.52400424;-1942598.198;2839566.465;A
1.10.57-28;-16.41035621;-71.52372339;-1942576.035;2839601.168;A
1.10.57-28;-16.40999407;-71.52397873;-1942530.274;2839576.949;A
1.10.57-28;-16.4097987;-71.52407869;-1942506.063;2839568.168;A
1.10.57-28;-16.4097027;-71.52410928;-1942494.399;2839565.954;A
1.10.57-28;-16.40960852;-71.52412454;-1942483.143;2839565.455;A
1.10.57-28;-16.40950534;-71.5241828;-1942470.288;2839560.197;A
1.10.57-28;-16.40977415;-71.52457192;-1942496.958;2839512.565;A
1.10.57-29; ; ;-1.516416327;20763369.87;A
1.10.57-29;-16.41160914;-71.52504124;-1942706.593;2839435.373;A
1.10.57-29;-16.41188588;-71.52480095;-1942742.132;2839459.001;A
1.10.57-29;-16.41206367;-71.52474127;-1942763.77;2839463.445;A
1.10.57-29;-16.41176455;-71.5237732;-1942740.844;2839577.116;A
1.10.57-29;-16.41164052;-71.52330174;-1942732.222;2839632.192;A
1.10.57-29;-16.41135267;-71.52337245;-1942697.515;2839627.936;A
1.10.57-29;-16.4110783;-71.52353362;-1942663.252;2839613.248;A
1.10.57-29;-16.41064302;-71.52400254;-1942606.205;2839565.769;A
1.10.58-1; ; ;-1.516416327;20763369.87;A
1.10.58-1;-16.41226126;-71.52578351;-1942773.835;2839342.692;A
1.10.58-1;-16.41233778;-71.52569312;-1942783.964;2839351.94;A
1.10.58-1;-16.41209438;-71.52481319;-1942766.471;2839454.889;A
1.10.58-1;-16.4119319;-71.52484955;-1942746.926;2839452.89;A
1.10.58-1;-16.41167286;-71.52510879;-1942713.227;2839426.882;A
1.10.58-2; ; ;-1.516416327;20763369.87;A
1.10.58-2;-16.41190668;-71.52546802;-1942736.162;2839383.096;A
1.10.58-2;-16.41161353;-71.52513948;-1942705.87;2839424.178;A
1.10.58-2;-16.41084369;-71.52572903;-1942608.002;2839367.393;A
1.10.58-2;-16.41107845;-71.52607204;-1942631.253;2839325.434;A
1.10.58-3; ; ;-1.516416327;20763369.87;A
1.10.58-3;-16.41228996;-71.52589361;-1942775.819;2839329.834;A
1.10.58-3;-16.41195151;-71.52551383;-1942740.851;2839377.317;A
1.10.58-3;-16.41112654;-71.52612006;-1942636.297;2839319.361;A
1.10.58-3;-16.41138463;-71.52654552;-1942661.248;2839267.75;A
1.10.58-4; ; ;-1.516416327;20763369.87;A
1.10.58-4;-16.41257918;-71.52633036;-1942804.283;2839276.535;A
1.10.58-4;-16.41232909;-71.52595274;-1942779.669;2839322.618;A
1.10.58-4;-16.41152435;-71.52653358;-1942677.812;2839267.278;A
1.10.58-4;-16.41177322;-71.52689499;-1942702.488;2839223.05;A
1.10.58-5; ; ;-1.516416327;20763369.87;A
1.10.58-5;-16.41297996;-71.52678699;-1942845.603;2839219.525;A
1.10.58-5;-16.41261571;-71.52639184;-1942807.799;2839269.088;A
1.10.58-5;-16.4118098;-71.5269572;-1942706;2839215.518;A
1.10.58-5;-16.41210104;-71.52740215;-1942734.6;2839161.264;A
1.10.58-6; ; ;-1.516416327;20763369.87;A
1.10.58-6;-16.41174478;-71.52838811;-1942680.317;2839054.131;A
1.10.58-6;-16.41213791;-71.5281069;-1942730.043;2839080.878;A
1.10.58-6;-16.4134592;-71.52739498;-1942894.23;2839144.33;A
1.10.58-6;-16.41335803;-71.52719005;-1942884.93;2839168.886;A
1.10.58-6;-16.41301435;-71.52681567;-1942849.281;2839215.825;A
1.10.58-6;-16.41214099;-71.52743668;-1942738.857;2839156.827;A
1.10.58-6;-16.412259;-71.52762403;-1942750.357;2839134.043;A
1.10.58-6;-16.41221127;-71.52767089;-1942744.159;2839129.354;A
1.10.58-6;-16.41147958;-71.52657315;-1942672.054;2839263.376;A
1.10.58-6;-16.41121021;-71.52676063;-1942638.047;2839245.64;A
1.10.58-6;-16.41152773;-71.52723778;-1942669.328;2839187.391;A
1.10.58-6;-16.4114463;-71.52729636;-1942659.023;2839181.813;A
1.10.58-6;-16.41133109;-71.52711194;-1942647.815;2839204.228;A
1.10.58-6;-16.4113704;-71.52708851;-1942652.729;2839206.372;A
1.10.58-6;-16.41118775;-71.52678406;-1942635.113;2839243.276;A
1.10.58-6;-16.41059274;-71.52721525;-1942559.781;2839202.161;A
1.10.58-6;-16.41138234;-71.52845849;-1942636.855;2839050.886;A
1.10.58-7; ; ;-1.516416327;20763369.87;A
1.10.58-7;-16.41225981;-71.5282452;-1942742.618;2839063.604;A
1.10.58-7;-16.412618;-71.52808246;-1942786.746;2839077.376;A
1.10.58-7;-16.41282554;-71.52798008;-1942812.417;2839086.272;A
1.10.58-7;-16.41353733;-71.5278707;-1942897.408;2839089.373;A
1.10.58-7;-16.4138972;-71.52780004;-1942940.572;2839092.681;A
1.10.58-7;-16.41367184;-71.52735713;-1942919.685;2839145.842;A
1.10.58-7;-16.41314994;-71.52762032;-1942855.06;2839122.822;A
1.10.58-7;-16.41274787;-71.52783986;-1942805.061;2839103.185;A
1.10.58-7;-16.41248566;-71.5279537;-1942772.824;2839093.704;A
1.10.58-7;-16.41217589;-71.52813289;-1942734.176;2839077.435;A
1.10.58-7;-16.41200929;-71.52827353;-1942712.833;2839063.666;A
1.10.58-8; ; ;-1.516416327;20763369.87;A
1.10.58-8;-16.41098287;-71.52684597;-1942610.266;2839238.934;A
1.10.58-8;-16.41046327;-71.52600688;-1942559.811;2839340.86;A
1.10.58-8;-16.41002151;-71.52632121;-1942503.954;2839310.993;A
1.10.58-8;-16.41054657;-71.52713939;-1942555.314;2839211.366;A
1.10.58-9; ; ;-1.516416327;20763369.87;A
1.10.58-9;-16.4099942;-71.52635946;-1942500.264;2839307.012;A
1.10.58-9;-16.40995003;-71.52635737;-1942495.102;2839307.826;A
1.10.58-9;-16.40960399;-71.52664427;-1942450.835;2839279.819;A
1.10.58-9;-16.41082046;-71.528583;-1942569.283;2839044.11;A
1.10.58-9;-16.41130713;-71.52849371;-1942627.576;2839047.876;A
1.10.58-9;-16.41131564;-71.5284457;-1942629.181;2839053.208;A
1.10.58-10; ; ;-1.516416327;20763369.87;A
1.10.58-10;-16.40946587;-71.52834844;-1942413.121;2839088.401;A
1.10.58-10;-16.40921714;-71.52730694;-1942397.035;2839209.738;A
1.10.58-10;-16.40936451;-71.52719752;-1942415.726;2839220.219;A
1.10.58-10;-16.41000304;-71.52819947;-1942478.098;2839098.274;A
1.10.58-10;-16.41041447;-71.52809952;-1942527.689;2839104.232;A
1.10.58-10;-16.410422;-71.52805187;-1942529.174;2839109.536;A
1.10.58-10;-16.40954331;-71.52668796;-1942443.156;2839275.658;A
1.10.58-10;-16.4091811;-71.52697248;-1942397.02;2839248.13;A
1.10.58-10;-16.40898391;-71.52708652;-1942372.418;2839237.777;A
1.10.58-10;-16.40867434;-71.52719431;-1942334.694;2839229.599;A
1.10.58-10;-16.40906439;-71.52846548;-1942364.485;2839080.376;A
1.10.58-11; ; ;-1.516416327;20763369.87;A
1.10.58-11;-16.41076154;-71.52863749;-1942561.675;2839038.702;A
1.10.58-11;-16.41048842;-71.52815327;-1942535.698;2839097.171;A
1.10.58-11;-16.40908738;-71.52851179;-1942366.6;2839074.824;A
1.10.58-11;-16.4091794;-71.52902685;-1942370.915;2839015.224;A
1.10.59-2; ; ;-1.516416327;20763369.87;A
1.10.59-2;-16.41061573;-71.51601391;-1942703.784;2840471.922;A
1.10.59-2;-16.41063251;-71.51507668;-1942717.582;2840577.974;A
1.10.59-2;-16.40992556;-71.51505696;-1942634.781;2840589.453;A
1.10.59-2;-16.40857549;-71.51508285;-1942475.853;2840604.167;A
1.10.59-2;-16.40792878;-71.5150826;-1942399.884;2840612.649;A
1.10.59-2;-16.40795506;-71.5153317;-1942399.828;2840584.06;A
1.10.59-2;-16.40802504;-71.51596945;-1942400.003;2840510.831;A
1.10.59-2;-16.40811241;-71.51597066;-1942410.251;2840509.552;A
1.10.59-2;-16.40822134;-71.5156348;-1942427.284;2840546.21;A
1.10.59-2;-16.40831688;-71.51544347;-1942440.923;2840566.657;A
1.10.59-2;-16.4085674;-71.5155071;-1942469.55;2840556.166;A
1.10.59-2;-16.40924879;-71.51563208;-1942548.02;2840533.087;A
1.10.59-2;-16.40959836;-71.51575109;-1942587.584;2840515.024;A
1.10.59-2;-16.40970535;-71.5157574;-1942600.073;2840512.91;A
1.10.59-2;-16.40991829;-71.51571662;-1942625.603;2840514.75;A
1.10.59-2;-16.4101172;-71.51568916;-1942649.316;2840515.263;A
1.10.59-2;-16.4101551;-71.5160707;-1942648.955;2840471.505;A
1.10.59-3; ; ;-1.516416327;20763369.87;A
1.10.59-3;-16.40884922;-71.51619665;-1942493.956;2840474.295;A
1.10.59-3;-16.40902646;-71.51627015;-1942513.85;2840463.644;A
1.10.59-3;-16.40947184;-71.51626091;-1942566.288;2840458.869;A
1.10.59-3;-16.41007457;-71.51607705;-1942639.414;2840471.838;A
1.10.59-3;-16.41006625;-71.51584769;-1942641.33;2840497.953;A
1.10.59-3;-16.41002864;-71.51575004;-1942638.145;2840509.517;A
1.10.59-3;-16.40974723;-71.51581605;-1942604.253;2840505.712;A
1.10.59-3;-16.40955262;-71.51579955;-1942581.599;2840510.127;A
1.10.59-3;-16.4093355;-71.51576031;-1942556.588;2840517.415;A
1.10.59-3;-16.40896611;-71.51568229;-1942514.179;2840531.09;A
1.10.59-3;-16.40836099;-71.51552436;-1942445.083;2840556.908;A
1.10.59-3;-16.40824642;-71.51577571;-1942428.453;2840529.905;A
1.10.59-3;-16.40862743;-71.51609523;-1942469.181;2840488.694;A
1.10.59-5; ; ;-1.516416327;20763369.87;A
1.10.59-5;-16.40669123;-71.51600729;-1942242.834;2840523.975;A
1.10.59-5;-16.40632166;-71.51523166;-1942209.205;2840616.755;A
1.10.59-5;-16.40584253;-71.51547739;-1942149.818;2840595.154;A
1.10.59-5;-16.40614558;-71.51626189;-1942175.522;2840502.237;A
1.10.59-6; ; ;-1.516416327;20763369.87;A
1.10.59-6;-16.40783573;-71.51537776;-1942385.229;2840580.398;A
1.10.59-6;-16.40780795;-71.51523062;-1942383.821;2840597.445;A
1.10.59-6;-16.40778444;-71.5151682;-1942381.846;2840604.83;A
1.10.59-6;-16.40770959;-71.51517265;-1942372.997;2840605.304;A
1.10.59-6;-16.40665951;-71.51580116;-1942241.708;2840547.762;A
1.10.59-6;-16.40675842;-71.51602057;-1942250.56;2840521.591;A
1.10.59-7; ; ;-1.516416327;20763369.87;A
1.10.59-7;-16.40743222;-71.51565964;-1942334.268;2840553.709;A
1.10.59-7;-16.40752411;-71.51619468;-1942338.313;2840491.84;A
1.10.59-7;-16.407646;-71.5161724;-1942352.914;2840492.772;A
1.10.59-7;-16.40794541;-71.51599633;-1942390.309;2840508.823;A
1.10.59-7;-16.40785139;-71.51542339;-1942386.492;2840575.018;A
1.10.59-8; ; ;-1.516416327;20763369.87;A
1.10.59-8;-16.40689964;-71.51641084;-1942262.226;2840475.492;A
1.10.59-8;-16.40723754;-71.51623254;-1942304.171;2840491.292;A
1.10.59-8;-16.40719265;-71.51610992;-1942300.444;2840505.783;A
1.10.59-8;-16.40697023;-71.51620575;-1942273.106;2840497.824;A
1.10.59-8;-16.40688686;-71.51599173;-1942266.012;2840523.182;A
1.10.59-8;-16.40676282;-71.51606082;-1942250.568;2840516.969;A
1.10.59-9; ; ;-1.516416327;20763369.87;A
1.10.59-9;-16.40616438;-71.51629757;-1942177.28;2840497.945;A
1.10.59-9;-16.40646801;-71.51692803;-1942204.995;2840422.488;A
1.10.59-9;-16.40700567;-71.51677483;-1942270.089;2840432.833;A
1.10.59-9;-16.40672566;-71.51604012;-1942246.465;2840519.802;A
1.10.59-10; ; ;-1.516416327;20763369.87;A
1.10.59-10;-16.4049998;-71.51746711;-1942025.716;2840380.55;A
1.10.59-10;-16.40542044;-71.51739584;-1942076.03;2840383.134;A
1.10.59-10;-16.40629843;-71.51700427;-1942184.113;2840416.06;A
1.10.59-10;-16.4057277;-71.5154962;-1942136.09;2840594.522;A
1.10.59-10;-16.40415572;-71.51613565;-1941943.354;2840542.557;A
1.10.59-11; ; ;-1.516416327;20763369.87;A
1.10.59-11;-16.40450556;-71.51674901;-1941976.714;2840468.435;A
1.10.59-11;-16.404121;-71.5161704;-1941938.836;2840539.072;A
1.10.59-11;-16.40339737;-71.51646849;-1941850.067;2840514.727;A
1.10.59-11;-16.40368363;-71.5170386;-1941876.505;2840446.339;A
1.10.59-14; ; ;-1.516416327;20763369.87;A
1.10.59-14;-16.40432985;-71.51834952;-1941935.884;2840289.246;A
1.10.59-14;-16.40483116;-71.51796508;-1941999.625;2840326.288;A
1.10.59-14;-16.40472034;-71.51771896;-1941989.711;2840355.644;A
1.10.59-14;-16.40433877;-71.51806369;-1941940.537;2840321.541;A
1.10.59-14;-16.40385954;-71.51837867;-1941880.266;2840292.087;A
1.10.59-14;-16.40393474;-71.51866118;-1941885.537;2840259.07;A
1.10.59-15; ; ;-1.516416327;20763369.87;A
1.10.59-15;-16.4062719;-71.51706928;-1942180.176;2840409.035;A
1.10.59-15;-16.40608879;-71.51717694;-1942157.306;2840399.221;A
1.10.59-15;-16.40589368;-71.51726068;-1942133.329;2840392.275;A
1.10.59-15;-16.40567955;-71.51733101;-1942107.288;2840387.099;A
1.10.59-15;-16.40547354;-71.51740581;-1942082.143;2840381.31;A
1.10.59-15;-16.40533145;-71.51743805;-1942065.044;2840379.51;A
1.10.59-15;-16.40522735;-71.517476;-1942052.337;2840376.568;A
1.10.59-15;-16.40502523;-71.51751984;-1942028.039;2840374.239;A
1.10.59-15;-16.40480409;-71.51767914;-1942000.051;2840359.065;A
1.10.59-15;-16.40491144;-71.51792882;-1942009.512;2840329.35;A
1.10.59-15;-16.40638327;-71.51730728;-1942190.256;2840380.593;A
1.10.59-16; ; ;-1.516416327;20763369.87;A
1.10.59-16;-16.4078147;-71.51681501;-1942364.624;2840417.702;A
1.10.59-16;-16.40769172;-71.51644329;-1942354.867;2840461.458;A
1.10.59-16;-16.40788995;-71.51620089;-1942381.212;2840486.354;A
1.10.59-16;-16.40796385;-71.51607523;-1942391.479;2840499.636;A
1.10.59-16;-16.40792707;-71.51604371;-1942387.556;2840503.691;A
1.10.59-16;-16.40749475;-71.51652073;-1942330.751;2840455.252;A
1.10.59-16;-16.40736675;-71.51659924;-1942314.723;2840448.023;A
1.10.59-16;-16.40727941;-71.5166343;-1942304.02;2840445.19;A
1.10.59-16;-16.40725647;-71.51667922;-1942300.759;2840440.396;A
1.10.59-16;-16.40713493;-71.51677597;-1942285.261;2840431.014;A
1.10.59-16;-16.40701312;-71.51682976;-1942270.272;2840426.507;A
1.10.59-16;-16.40637998;-71.51701427;-1942193.566;2840413.86;A
1.10.59-16;-16.40647642;-71.51728955;-1942201.423;2840381.386;A
1.10.59-16;-16.40705196;-71.51712779;-1942271.074;2840392.205;A
1.10.59-17; ; ;-1.516416327;20763369.87;A
1.10.59-17;-16.40473153;-71.51919088;-1941972.459;2840188.595;A
1.10.59-17;-16.40440843;-71.51842998;-1941944.101;2840279.096;A
1.10.59-17;-16.40394918;-71.51878083;-1941885.725;2840245.314;A
1.10.59-17;-16.40431183;-71.51940764;-1941920.422;2840169.501;A
1.10.59-18; ; ;-1.516416327;20763369.87;A
1.10.59-18;-16.40523908;-71.51895972;-1942034.999;2840208.174;A
1.10.59-18;-16.40486599;-71.51806377;-1942002.472;2840314.642;A
1.10.59-18;-16.40449106;-71.51835109;-1941954.803;2840286.963;A
1.10.59-18;-16.40483331;-71.51914475;-1941984.998;2840192.495;A
1.10.59-19; ; ;-1.516416327;20763369.87;A
1.10.59-19;-16.40575981;-71.51870385;-1942099.398;2840230.383;A
1.10.59-19;-16.40538897;-71.51782657;-1942066.9;2840334.704;A
1.10.59-19;-16.4049773;-71.51800944;-1942016.233;2840319.349;A
1.10.59-19;-16.40533933;-71.51890935;-1942047.411;2840212.575;A
1.10.59-20; ; ;-1.516416327;20763369.87;A
1.10.59-20;-16.40626254;-71.51848393;-1942161.23;2840248.75;A
1.10.59-20;-16.40589983;-71.51762213;-1942129.492;2840351.21;A
1.10.59-20;-16.40548628;-71.51779414;-1942078.741;2840337.11;A
1.10.59-20;-16.4058575;-71.51865322;-1942111.513;2840234.847;A
1.10.59-21; ; ;-1.516416327;20763369.87;A
1.10.59-21;-16.40678237;-71.51825279;-1942225.213;2840268.165;A
1.10.59-21;-16.40642093;-71.51739879;-1942193.526;2840369.724;A
1.10.59-21;-16.40600498;-71.51758391;-1942142.328;2840354.169;A
1.10.59-21;-16.40636361;-71.5184344;-1942173.728;2840253.045;A
1.10.59-22; ; ;-1.516416327;20763369.87;A
1.10.59-22;-16.40729538;-71.51803262;-1942288.256;2840286.426;A
1.10.59-22;-16.40696943;-71.51724715;-1942259.874;2840379.75;A
1.10.59-22;-16.40651657;-71.51736545;-1942205.182;2840372.254;A
1.10.59-22;-16.40688217;-71.51822215;-1942237.324;2840270.336;A
1.10.59-23; ; ;-1.516416327;20763369.87;A
1.10.59-23;-16.40451248;-71.51969546;-1941940.363;2840134.243;A
1.10.59-23;-16.40538637;-71.51927749;-1942048.294;2840170.218;A
1.10.59-23;-16.40529839;-71.51904876;-1942040.843;2840197.303;A
1.10.59-23;-16.40435938;-71.51946785;-1941925.248;2840162.052;A
1.10.59-24; ; ;-1.516416327;20763369.87;A
1.10.59-24;-16.40549355;-71.5192683;-1942061.001;2840169.859;A
1.10.59-24;-16.40692708;-71.51859835;-1942237.854;2840227.091;A
1.10.59-24;-16.40682614;-71.51835602;-1942229.053;2840255.887;A
1.10.59-24;-16.40536586;-71.51900565;-1942049.312;2840201.31;A
1.10.59-25; ; ;-1.516416327;20763369.87;A
1.10.59-25;-16.40816343;-71.51802292;-1942390.352;2840276.18;A
1.10.59-25;-16.40820683;-71.51797955;-1942395.998;2840280.531;A
1.10.59-25;-16.40831998;-71.51794612;-1942409.711;2840282.842;A
1.10.59-25;-16.40829673;-71.51777235;-1942409.173;2840302.849;A
1.10.59-25;-16.40824025;-71.51771706;-1942403.235;2840309.857;A
1.10.59-25;-16.40692821;-71.51830841;-1942241.644;2840259.953;A
1.10.59-25;-16.40701119;-71.51855502;-1942248.281;2840230.905;A
1.10.59-25;-16.40801984;-71.51810666;-1942372.427;2840268.562;A
1.10.59-26; ; ;-1.516416327;20763369.87;A
1.10.59-26;-16.40811316;-71.51719477;-1942394.894;2840370.741;A
1.10.59-26;-16.40813623;-71.51762328;-1942392.198;2840321.85;A
1.10.59-26;-16.40833662;-71.51760724;-1942415.941;2840321.05;A
1.10.59-26;-16.408293;-71.51718408;-1942416.156;2840369.602;A
1.10.59-27; ; ;-1.516416327;20763369.87;A
1.10.59-27;-16.40859877;-71.51686809;-1942456.063;2840401.434;A
1.10.59-27;-16.40836754;-71.51690288;-1942428.46;2840400.513;A
1.10.59-27;-16.40809008;-71.51689213;-1942396.001;2840405.359;A
1.10.59-27;-16.40812087;-71.51715192;-1942396.341;2840375.498;A
1.10.59-27;-16.40861929;-71.5171011;-1942455.534;2840374.746;A
1.10.59-28; ; ;-1.516416327;20763369.87;A
1.10.59-28;-16.40816978;-71.51641006;-1942411.446;2840458.978;A
1.10.59-28;-16.40810815;-71.51614759;-1942407.518;2840489.545;A
1.10.59-28;-16.4080799;-71.51611277;-1942404.638;2840493.863;A
1.10.59-28;-16.40788204;-71.51637253;-1942378.118;2840466.995;A
1.10.59-28;-16.40792314;-71.51644752;-1942381.999;2840457.954;A
1.10.59-28;-16.40806696;-71.51684927;-1942393.826;2840410.52;A
1.10.59-28;-16.4085962;-71.51683863;-1942456.133;2840404.809;A
1.10.59-28;-16.4085654;-71.5165842;-1942455.725;2840434.061;A
1.10.59-28;-16.40825967;-71.5166404;-1942419.1;2840431.685;A
1.10.59-29; ; ;-1.516416327;20763369.87;A
1.10.59-29;-16.40872763;-71.51625469;-1942478.94;2840469.303;A
1.10.59-29;-16.40823194;-71.51588718;-1942425.345;2840517.455;A
1.10.59-29;-16.40811061;-71.51606843;-1942408.806;2840498.489;A
1.10.59-29;-16.40860486;-71.51645014;-1942462.052;2840448.746;A
1.10.59-30; ; ;-1.516416327;20763369.87;A
1.10.59-30;-16.40911467;-71.51660198;-1942520.025;2840424.865;A
1.10.59-30;-16.40932278;-71.51659841;-1942544.519;2840422.549;A
1.10.59-30;-16.40963253;-71.51655961;-1942581.397;2840422.9;A
1.10.59-30;-16.4099182;-71.51643216;-1942616.563;2840433.616;A
1.10.59-30;-16.4101635;-71.51632319;-1942646.755;2840442.766;A
1.10.59-30;-16.41021403;-71.51625284;-1942653.578;2840450.082;A
1.10.59-30;-16.41022245;-71.51617329;-1942655.572;2840458.992;A
1.10.59-30;-16.41020142;-71.51612881;-1942653.662;2840464.311;A
1.10.59-30;-16.40997761;-71.51616616;-1942626.899;2840463.001;A
1.10.59-30;-16.40976931;-71.51626185;-1942601.221;2840454.874;A
1.10.59-30;-16.40949956;-71.51633083;-1942568.662;2840450.579;A
1.10.59-30;-16.40923626;-71.51635105;-1942537.476;2840451.728;A
1.10.59-30;-16.4089796;-71.51633994;-1942507.464;2840456.343;A
1.10.59-30;-16.40877811;-71.51627949;-1942484.557;2840465.831;A
1.10.59-30;-16.40868569;-71.51646881;-1942471.312;2840445.573;A
1.10.59-30;-16.40886145;-71.51656927;-1942490.691;2840431.884;A
1.10.59-31; ; ;-1.516416327;20763369.87;A
1.10.59-31;-16.41008896;-71.51643246;-1942636.62;2840431.35;A
1.10.59-31;-16.40984893;-71.5165489;-1942606.953;2840421.285;A
1.10.59-31;-16.40967093;-71.51662238;-1942585.115;2840415.28;A
1.10.59-31;-16.40947488;-71.5166292;-1942561.998;2840417.07;A
1.10.59-31;-16.40926044;-71.51665825;-1942536.441;2840416.579;A
1.10.59-31;-16.40900995;-71.51666021;-1942506.989;2840419.631;A
1.10.59-31;-16.40894486;-71.51663707;-1942499.635;2840423.105;A
1.10.59-31;-16.40866571;-71.51656645;-1942467.732;2840434.762;A
1.10.59-31;-16.40868753;-71.51709926;-1942463.574;2840374.063;A
1.10.59-31;-16.4101392;-71.51694087;-1942636.107;2840373.045;A
1.10.59-32; ; ;-1.516416327;20763369.87;A
1.10.59-32;-16.41026248;-71.51613432;-1942660.766;2840462.887;A
1.10.59-32;-16.41024085;-71.51642032;-1942654.616;2840430.741;A
1.10.59-32;-16.41018889;-71.5165406;-1942646.995;2840417.782;A
1.10.59-32;-16.41022348;-71.51697988;-1942645.515;2840367.521;A
1.10.59-32;-16.41061293;-71.5169618;-1942691.494;2840364.479;A
1.10.59-32;-16.41059187;-71.51605748;-1942700.43;2840467.294;A
1.10.59-33; ; ;-1.516416327;20763369.87;A
1.10.59-33;-16.4089748;-71.51888334;-1942474.812;2840168.013;A
1.10.59-33;-16.40878232;-71.51817864;-1942461.092;2840250.434;A
1.10.59-33;-16.4087086;-71.51763244;-1942459.321;2840313.331;A
1.10.59-33;-16.40840913;-71.51768906;-1942423.427;2840310.825;A
1.10.59-33;-16.40852546;-71.51896616;-1942420.982;2840164.496;A
1.10.59-34; ; ;-1.516416327;20763369.87;A
1.10.59-34;-16.40926967;-71.51813909;-1942518.841;2840248.548;A
1.10.59-34;-16.40891515;-71.5182025;-1942476.394;2840245.992;A
1.10.59-34;-16.40894377;-71.51836675;-1942477.684;2840226.994;A
1.10.59-34;-16.40930188;-71.51828468;-1942520.788;2840231.619;A
1.10.59-35; ; ;-1.516416327;20763369.87;A
1.10.59-35;-16.40956319;-71.5193066;-1942538.592;2840112.331;A
1.10.59-35;-16.40940942;-71.51882656;-1942526.584;2840168.771;A
1.10.59-35;-16.40849701;-71.51905838;-1942416.476;2840154.411;A
1.10.59-35;-16.40856167;-71.51954781;-1942417.898;2840098.07;A
1.10.59-36; ; ;-1.516416327;20763369.87;A
1.10.59-36;-16.40935992;-71.52050901;-1942499.545;2839978.65;A
1.10.59-36;-16.40917377;-71.5200291;-1942483.732;2840035.498;A
1.10.59-36;-16.40904775;-71.51950953;-1942475.482;2840096.058;A
1.10.59-36;-16.40856883;-71.51963723;-1942417.611;2840087.838;A
1.10.59-36;-16.40897773;-71.52072283;-1942451.951;2839959.401;A
1.10.59-37; ; ;-1.516416327;20763369.87;A
1.10.59-37;-16.40947584;-71.52048154;-1942513.509;2839980.25;A
1.10.59-37;-16.40983734;-71.52030808;-1942558.163;2839995.194;A
1.10.59-37;-16.40968466;-71.51997562;-1942544.422;2840034.886;A
1.10.59-37;-16.40958416;-71.51935388;-1942540.459;2840106.696;A
1.10.59-37;-16.4091042;-71.51949842;-1942482.254;2840096.58;A
1.10.59-37;-16.40922923;-71.5200095;-1942490.493;2840036.996;A
1.10.59-38; ; ;-1.516416327;20763369.87;A
1.10.59-38;-16.40922165;-71.52125087;-1942473.944;2839896.341;A
1.10.59-38;-16.41007377;-71.52078094;-1942579.972;2839938.488;A
1.10.59-38;-16.4098465;-71.52036796;-1942558.484;2839988.284;A
1.10.59-38;-16.40902151;-71.52079999;-1942456.12;2839950.08;A
1.10.59-39; ; ;-1.516416327;20763369.87;A
1.10.59-39;-16.40997553;-71.52225614;-1942549.823;2839772.506;A
1.10.59-39;-16.4101078;-71.52208546;-1942567.514;2839790.129;A
1.10.59-39;-16.40967775;-71.52110973;-1942529.303;2839906.383;A
1.10.59-39;-16.40923477;-71.52129894;-1942474.879;2839890.719;A
1.10.59-39;-16.40981047;-71.52239951;-1942528.625;2839758.407;A
1.10.59-40; ; ;-1.516416327;20763369.87;A
1.10.59-40;-16.41007205;-71.52127115;-1942573.586;2839882.927;A
1.10.59-40;-16.4102511;-71.52118279;-1942595.734;2839890.606;A
1.10.59-40;-16.41012269;-71.52093464;-1942583.78;2839920.421;A
1.10.59-40;-16.40976875;-71.52110494;-1942540.053;2839905.736;A
1.10.59-40;-16.40982511;-71.52122705;-1942545.134;2839891.155;A
1.10.59-40;-16.41001399;-71.52115478;-1942568.234;2839896.881;A
1.10.59-41; ; ;-1.516416327;20763369.87;A
1.10.59-41;-16.40602366;-71.52203686;-1942088.356;2839849.008;A
1.10.59-41;-16.40674224;-71.52179741;-1942175.79;2839866.77;A
1.10.59-41;-16.40765164;-71.52154123;-1942285.849;2839883.935;A
1.10.59-41;-16.40797538;-71.52148249;-1942324.621;2839886.364;A
1.10.59-41;-16.4083397;-71.5215882;-1942366.085;2839869.617;A
1.10.59-41;-16.40844135;-71.52168154;-1942376.849;2839857.706;A
1.10.59-41;-16.40854087;-71.52180621;-1942386.967;2839842.27;A
1.10.59-41;-16.40839078;-71.52200377;-1942366.844;2839821.83;A
1.10.59-41;-16.40853264;-71.5221591;-1942381.549;2839802.364;A
1.10.59-41;-16.40881185;-71.52238495;-1942411.499;2839773.108;A
1.10.59-41;-16.40896409;-71.52257804;-1942426.947;2839749.224;A
1.10.59-41;-16.40908227;-71.52281705;-1942437.816;2839720.579;A
1.10.59-41;-16.409133;-71.5229567;-1942442.014;2839704.082;A
1.10.59-41;-16.40976838;-71.52258543;-1942521.335;2839737.876;A
1.10.59-41;-16.40930963;-71.5217542;-1942477.931;2839838.12;A
1.10.59-41;-16.40872232;-71.52045385;-1942425.34;2839993.237;A
1.10.59-41;-16.40847317;-71.5195985;-1942406.862;2840093.479;A
1.10.59-41;-16.40840241;-71.51888031;-1942407.609;2840175.838;A
1.10.59-41;-16.40833642;-71.51804247;-1942410.427;2840271.702;A
1.10.59-41;-16.40456606;-71.51974538;-1941946.027;2840127.882;A
1.10.59-41;-16.40525171;-71.52073627;-1942014.076;2840006.566;A
1.10.59-42; ; ;-1.516416327;20763369.87;A
1.10.59-42;-16.4046432;-71.52383231;-1941903.551;2839663.461;A
1.10.59-42;-16.40400574;-71.52439778;-1941821.537;2839607.671;A
1.10.59-42;-16.403638;-71.52395332;-1941783.943;2839662.87;A
1.10.59-42;-16.40245849;-71.52501216;-1941632.035;2839558.217;A
1.10.59-42;-16.40438402;-71.52727104;-1941829.75;2839276.941;A
1.10.59-42;-16.40666149;-71.52494807;-1942126.57;2839510.583;A
1.10.59-42;-16.40690947;-71.52469903;-1942158.841;2839535.581;A
1.10.59-42;-16.40693997;-71.52459775;-1942163.702;2839546.666;A
1.10.59-42;-16.40690953;-71.52430761;-1942163.785;2839579.961;A
1.10.59-42;-16.40677171;-71.52396973;-1942151.855;2839620.072;A
1.10.59-42;-16.40657723;-71.52346771;-1942135.341;2839679.535;A
1.10.59-42;-16.40633318;-71.52314356;-1942110.76;2839719.478;A
1.10.59-42;-16.40572643;-71.52239045;-1942048.981;2839812.799;A
1.10.59-42;-16.40452624;-71.52372196;-1941891.203;2839677.501;A
1.10.60-1; ; ;-1.516416327;20763369.87;A
1.10.60-1;-16.40739749;-71.53102729;-1942136.382;2838811.687;A
1.10.60-1;-16.40889952;-71.52970219;-1942329.524;2838942.31;A
1.10.60-1;-16.40884948;-71.52939718;-1942327.492;2838977.546;A
1.10.60-1;-16.40817862;-71.52976389;-1942244.065;2838944.73;A
1.10.60-1;-16.40701944;-71.53063633;-1942096.902;2838860.952;A
1.10.60-35; ; ;-1.516416327;20763369.87;A
1.10.60-35;-16.40613122;-71.5305979;-1941993.051;2838876.909;A
1.10.60-35;-16.4058223;-71.53084868;-1941953.602;2838852.51;A
1.10.60-35;-16.40544515;-71.53108072;-1941906.374;2838831.125;A
1.10.60-35;-16.40586166;-71.53158999;-1941948.882;2838767.944;A
1.10.60-35;-16.40604126;-71.5314852;-1941971.299;2838777.48;A
1.10.60-35;-16.40640765;-71.53120822;-1942017.829;2838804.099;A
1.10.60-35;-16.40667924;-71.53089381;-1942053.694;2838836.202;A
1.10.60-35;-16.4068445;-71.53063551;-1942076.362;2838863.33;A
1.10.60-35;-16.40621135;-71.52987216;-1942011.612;2838958.149;A
1.10.60-35;-16.40561011;-71.53039047;-1941934.452;2838907.233;A
1.10.60-35;-16.40585584;-71.53072465;-1941959.105;2838866.134;A
1.10.60-35;-16.40605941;-71.530523;-1941985.559;2838886.339;A
1.10.60-36; ; ;-1.516416327;20763369.87;A
1.10.60-36;-16.40581012;-71.53075136;-1941953.397;2838863.703;A
1.10.60-36;-16.40539567;-71.53022923;-1941911.295;2838928.315;A
1.10.60-36;-16.40487175;-71.52980164;-1941855.142;2838983.64;A
1.10.60-36;-16.40463629;-71.5300743;-1941824.046;2838955.799;A
1.10.60-36;-16.40540898;-71.53102881;-1941902.78;2838837.484;A
1.10.60-37; ; ;-1.516416327;20763369.87;A
1.10.60-37;-16.40577818;-71.53162722;-1941938.606;2838764.813;A
1.10.60-37;-16.40489146;-71.53051294;-1941848.491;2838902.732;A
1.10.60-37;-16.40448424;-71.53083615;-1941796.583;2838871.403;A
1.10.60-37;-16.40485798;-71.53133762;-1941834.164;2838809.665;A
1.10.60-37;-16.40443363;-71.53171373;-1941779.576;2838772.561;A
1.10.60-37;-16.40488446;-71.53223964;-1941825.906;2838707.046;A
1.10.60-38; ; ;-1.516416327;20763369.87;A
1.10.60-38;-16.4047909;-71.5313336;-1941826.335;2838810.996;A
1.10.60-38;-16.40366356;-71.52997105;-1941711.083;2838980.207;A
1.10.60-38;-16.40327343;-71.53030242;-1941661.08;2838947.73;A
1.10.60-38;-16.40437627;-71.53168567;-1941773.193;2838776.492;A
1.10.60-39; ; ;-1.516416327;20763369.87;A
1.10.60-39;-16.40411983;-71.53041155;-1941759.129;2838924.304;A
1.10.60-39;-16.40471388;-71.52990439;-1941835.302;2838974.051;A
1.10.60-39;-16.40492015;-71.52958506;-1941863.558;2839007.564;A
1.10.60-39;-16.40506501;-71.52933989;-1941883.664;2839033.471;A
1.10.60-39;-16.40478373;-71.52899766;-1941854.936;2839075.948;A
1.10.60-39;-16.40373527;-71.52993221;-1941719.997;2838983.675;A
1.10.60-40; ; ;-1.516416327;20763369.87;A
1.10.60-40;-16.40551966;-71.52897704;-1941941.645;2839068.674;A
1.10.60-40;-16.40433214;-71.5275279;-1941820.418;2839248.493;A
1.10.60-40;-16.40432709;-71.52753263;-1941819.765;2839248.023;A
1.10.60-40;-16.40414377;-71.52771424;-1941795.94;2839229.825;A
1.10.60-40;-16.40403028;-71.52794686;-1941779.676;2839204.932;A
1.10.60-40;-16.40515002;-71.52930357;-1941894.107;2839036.478;A
1.10.60-41; ; ;-1.516416327;20763369.87;A
1.10.60-41;-16.40383365;-71.52891142;-1941744.421;2839098.133;A
1.10.60-41;-16.40432176;-71.52845172;-1941807.552;2839143.882;A
1.10.60-41;-16.40401051;-71.52799727;-1941776.719;2839199.474;A
1.10.60-41;-16.40385919;-71.52822604;-1941756.06;2839175.512;A
1.10.60-41;-16.40355053;-71.52854568;-1941715.772;2839143.299;A
1.10.60-42; ; ;-1.516416327;20763369.87;A
1.10.60-42;-16.40441883;-71.52853204;-1941817.942;2839133.506;A
1.10.60-42;-16.40389452;-71.5289865;-1941750.624;2839088.825;A
1.10.60-42;-16.4042089;-71.52940511;-1941782.277;2839037.256;A
1.10.60-42;-16.4047427;-71.52894254;-1941850.812;2839082.732;A
1.10.60-43; ; ;-1.516416327;20763369.87;A
1.10.60-43;-16.40415165;-71.52944332;-1941775.07;2839033.67;A
1.10.60-43;-16.4034816;-71.52859725;-1941707.026;2839138.352;A
1.10.60-43;-16.4025791;-71.52937963;-1941591.15;2839061.427;A
1.10.60-43;-16.40325717;-71.53023617;-1941660.005;2838955.454;A
1.10.1-1; ; ;-1.516416327;20763369.87;B
1.10.1-1;-16.4024255;-71.51509632;-1941753.204;2840683.023;B
1.10.1-1;-16.40235812;-71.51518874;-1941744.121;2840673.423;B
1.10.1-1;-16.40291554;-71.51607695;-1941798.402;2840565.421;B
1.10.1-1;-16.40300085;-71.51596085;-1941809.888;2840577.471;B
1.10.1-2; ; ;-1.516416327;20763369.87;B
1.10.1-2;-16.40315985;-71.51409142;-1941852.149;2840787.377;B
1.10.1-2;-16.40248231;-71.51502451;-1941760.783;2840690.424;B
1.10.1-2;-16.40305029;-71.51590325;-1941816.423;2840583.357;B
1.10.1-2;-16.40372709;-71.51486798;-1941908.991;2840691.905;B
1.10.1-3; ; ;-1.516416327;20763369.87;B
1.10.1-3;-16.40381008;-71.51474383;-1941920.306;2840704.899;B
1.10.1-3;-16.40438471;-71.51388855;-1941998.602;2840794.373;B
1.10.1-3;-16.40392268;-71.51306232;-1941954.748;2840894.101;B
1.10.1-3;-16.40322874;-71.51401292;-1941861.232;2840795.378;B
1.10.1-4; ; ;-1.516416327;20763369.87;B
1.10.1-4;-16.40357448;-71.5133072;-1941910.752;2840870.884;B
1.10.1-4;-16.4030383;-71.51262945;-1941856.313;2840954.746;B
1.10.1-4;-16.40281008;-71.51283706;-1941826.884;2840934.187;B
1.10.1-4;-16.40338574;-71.51353689;-1941885.682;2840847.305;B
1.10.1-5; ; ;-1.516416327;20763369.87;B
1.10.1-5;-16.40336668;-71.5135939;-1941882.723;2840841.089;B
1.10.1-5;-16.4027712;-71.51286492;-1941821.964;2840931.536;B
1.10.1-5;-16.40263347;-71.51298369;-1941804.285;2840919.868;B
1.10.1-5;-16.40264894;-71.51300777;-1941805.799;2840916.935;B
1.10.1-5;-16.40266363;-71.51307982;-1941806.616;2840908.573;B
1.10.1-5;-16.40265541;-71.51314082;-1941804.881;2840901.764;B
1.10.1-5;-16.40262236;-71.51322608;-1941799.922;2840892.527;B
1.10.1-5;-16.40313651;-71.51387598;-1941852.125;2840812.112;B
1.10.1-6; ; ;-1.516416327;20763369.87;B
1.10.1-6;-16.40278761;-71.51365199;-1941813.963;2840842.071;B
1.10.1-6;-16.4026819;-71.5137417;-1941800.412;2840833.279;B
1.10.1-6;-16.40277847;-71.5138657;-1941810.193;2840817.956;B
1.10.1-6;-16.40276302;-71.51388197;-1941808.173;2840816.313;B
1.10.1-6;-16.40277645;-71.51390071;-1941809.514;2840814.013;B
1.10.1-6;-16.40251633;-71.51412128;-1941776.173;2840792.401;B
1.10.1-6;-16.4027515;-71.51441513;-1941800.094;2840756.007;B
1.10.1-6;-16.4030607;-71.51399588;-1941841.706;2840799.506;B
1.10.1-8; ; ;-1.516416327;20763369.87;B
1.10.1-8;-16.40252422;-71.51329806;-1941787.485;2840885.648;B
1.10.1-8;-16.40244494;-71.51331478;-1941777.96;2840884.788;B
1.10.1-8;-16.40236982;-71.51330537;-1941769.254;2840886.836;B
1.10.1-8;-16.40231434;-71.51327357;-1941763.138;2840891.167;B
1.10.1-8;-16.40204274;-71.51350688;-1941728.287;2840868.26;B
1.10.1-8;-16.40222733;-71.51375101;-1941746.893;2840838.165;B
1.10.1-8;-16.40251065;-71.51351735;-1941783.124;2840860.958;B
1.10.1-8;-16.40266176;-71.51370787;-1941798.472;2840837.38;B
1.10.1-8;-16.40276236;-71.51362099;-1941811.387;2840845.916;B
1.10.1-9; ; ;-1.516416327;20763369.87;B
1.10.1-9;-16.40172304;-71.51378189;-1941687.261;2840841.253;B
1.10.1-9;-16.40241493;-71.51490214;-1941754.41;2840705.18;B
1.10.1-9;-16.40269312;-71.51450515;-1941792.1;2840746.562;B
1.10.1-9;-16.40198034;-71.51356729;-1941720.194;2840862.226;B
1.10.1-10; ; ;-1.516416327;20763369.87;B
1.10.1-10;-16.40156752;-71.51370918;-1941669.907;2840851.531;B
1.10.1-10;-16.40154056;-71.5137183;-1941666.625;2840850.85;B
1.10.1-10;-16.40115871;-71.51321241;-1941628.147;2840913.206;B
1.10.1-10;-16.40081288;-71.51280863;-1941592.613;2840963.513;B
1.10.1-10;-16.40067161;-71.51293139;-1941574.468;2840951.438;B
1.10.1-10;-16.40098422;-71.51330014;-1941606.542;2840905.538;B
1.10.1-10;-16.40144701;-71.51376276;-1941655.074;2840847.03;B
1.10.1-10;-16.40230037;-71.51509871;-1941738.473;2840684.387;B
1.10.1-10;-16.40237243;-71.51500447;-1941748.127;2840694.131;B
1.10.1-11; ; ;-1.516416327;20763369.87;B
1.10.1-11;-16.40076366;-71.51279676;-1941586.981;2840965.502;B
1.10.1-11;-16.4005965;-71.51259557;-1941569.88;2840990.502;B
1.10.1-11;-16.40001993;-71.51189791;-1941510.947;2841077.15;B
1.10.1-11;-16.39983928;-71.51173798;-1941491.741;2841097.647;B
1.10.1-11;-16.39977878;-71.51175443;-1941484.426;2841096.571;B
1.10.1-11;-16.3997534;-71.51185103;-1941480.226;2841085.95;B
1.10.1-11;-16.39979767;-71.51187565;-1941485.116;2841082.579;B
1.10.1-11;-16.40024672;-71.51242092;-1941530.992;2841014.877;B
1.10.1-11;-16.40047361;-71.51270186;-1941554.102;2840980.054;B
1.10.1-11;-16.40049093;-71.51268723;-1941556.322;2840981.487;B
1.10.1-11;-16.40065226;-71.51289149;-1941572.699;2840956.216;B
1.10.1-12; ; ;-1.516416327;20763369.87;B
1.10.1-12;-16.4008998;-71.51272715;-1941603.852;2840971.617;B
1.10.1-12;-16.40167357;-71.51366778;-1941682.888;2840854.84;B
1.10.1-12;-16.40190502;-71.51348218;-1941712.42;2840872.861;B
1.10.1-12;-16.40114258;-71.5125288;-1941634.877;2840990.936;B
1.10.1-13; ; ;-1.516416327;20763369.87;B
1.10.1-13;-16.40149374;-71.51279033;-1941672.83;2840956.69;B
1.10.1-13;-16.40189409;-71.51244835;-1941724.177;2840990.237;B
1.10.1-13;-16.40180426;-71.51233005;-1941715.117;2841004.826;B
1.10.1-13;-16.40169446;-71.51242164;-1941701.062;2840995.875;B
1.10.1-13;-16.40152666;-71.51226912;-1941683.273;2841015.364;B
1.10.1-13;-16.40125371;-71.51251001;-1941648.168;2840991.615;B
1.10.1-14; ; ;-1.516416327;20763369.87;B
1.10.1-14;-16.4017383;-71.51309269;-1941697.747;2840919.207;B
1.10.1-14;-16.40213158;-71.51276428;-1941748.093;2840951.308;B
1.10.1-14;-16.4019094;-71.51248148;-1941725.559;2840986.28;B
1.10.1-14;-16.40151228;-71.51281617;-1941674.683;2840953.517;B
1.10.1-15; ; ;-1.516416327;20763369.87;B
1.10.1-15;-16.40175853;-71.51311816;-1941699.802;2840916.055;B
1.10.1-15;-16.4019788;-71.5133972;-1941722.16;2840881.533;B
1.10.1-15;-16.4022494;-71.51318715;-1941756.599;2840901.815;B
1.10.1-15;-16.40222758;-71.51307692;-1941755.426;2840914.601;B
1.10.1-15;-16.40224127;-71.51299747;-1941758.037;2840923.431;B
1.10.1-15;-16.4022642;-71.51294566;-1941761.384;2840929.007;B
1.10.1-15;-16.40215326;-71.51279457;-1941750.256;2840947.59;B
1.10.1-16; ; ;-1.516416327;20763369.87;B
1.10.1-16;-16.40227906;-71.51164499;-1941779.539;2841076.305;B
1.10.1-16;-16.40188476;-71.51197557;-1941729.046;2841043.971;B
1.10.1-16;-16.40200064;-71.51215821;-1941740.356;2841021.746;B
1.10.1-16;-16.40189307;-71.51226046;-1941726.429;2841011.557;B
1.10.1-16;-16.40237429;-71.51287171;-1941775.25;2840935.953;B
1.10.1-16;-16.40242195;-71.51285346;-1941781.08;2840937.4;B
1.10.1-16;-16.40258446;-71.51286788;-1941799.989;2840933.641;B
1.10.1-16;-16.40297394;-71.51254716;-1941849.791;2840964.919;B
1.10.1-17; ; ;-1.516416327;20763369.87;B
1.10.1-17;-16.40089019;-71.50985267;-1941638.986;2841297.704;B
1.10.1-17;-16.39982008;-71.51056266;-1941504.312;2841231.178;B
1.10.1-17;-16.39978025;-71.51117298;-1941491.933;2841162.489;B
1.10.1-17;-16.39986723;-71.51146245;-1941498.5;2841128.526;B
1.10.1-17;-16.40084277;-71.51266299;-1941597.961;2840979.637;B
1.10.1-17;-16.40219006;-71.51157038;-1941770.025;2841085.929;B
1.10.2-1; ; ;-1.516416327;20763369.87;B
1.10.2-1;-16.40441934;-71.51580188;-1941978.533;2840576.959;B
1.10.2-1;-16.4038633;-71.51505343;-1941922.653;2840669.096;B
1.10.2-1;-16.40316452;-71.51610211;-1941827.334;2840559.314;B
1.10.2-1;-16.40329506;-71.51627255;-1941840.519;2840538.281;B
1.10.2-2; ; ;-1.516416327;20763369.87;B
1.10.2-2;-16.40532704;-71.5154125;-1942090.078;2840609.249;B
1.10.2-2;-16.40450574;-71.51407344;-1942010.487;2840771.824;B
1.10.2-2;-16.40394753;-71.51491829;-1941934.252;2840683.319;B
1.10.2-2;-16.40452401;-71.51573339;-1941991.693;2840583.358;B
1.10.2-3; ; ;-1.516416327;20763369.87;B
1.10.2-3;-16.40653709;-71.51487633;-1942238.995;2840654.231;B
1.10.2-3;-16.40613439;-71.51420385;-1942200.172;2840735.749;B
1.10.2-3;-16.40519799;-71.51483327;-1942082.225;2840676.617;B
1.10.2-3;-16.40550288;-71.51534215;-1942111.623;2840614.928;B
1.10.2-4; ; ;-1.516416327;20763369.87;B
1.10.2-4;-16.40746397;-71.51444923;-1942353.27;2840690.544;B
1.10.2-4;-16.40736785;-71.51402609;-1942347.318;2840739.782;B
1.10.2-4;-16.40720889;-71.51352711;-1942334.94;2840798.44;B
1.10.2-4;-16.40625581;-71.51415685;-1942215.029;2840739.491;B
1.10.2-4;-16.40664639;-71.51483933;-1942252.303;2840656.997;B
1.10.2-5; ; ;-1.516416327;20763369.87;B
1.10.2-5;-16.40717995;-71.51336703;-1942333.561;2840816.97;B
1.10.2-5;-16.4070335;-71.5127697;-1942323.893;2840886.617;B
1.10.2-5;-16.40585344;-71.51351341;-1942175.879;2840817.713;B
1.10.2-5;-16.40615259;-71.51399812;-1942204.906;2840758.84;B
1.10.2-5;-16.40618889;-71.51401663;-1942208.936;2840756.266;B
1.10.2-6; ; ;-1.516416327;20763369.87;B
1.10.2-6;-16.40526924;-71.51460529;-1942093.472;2840701.537;B
1.10.2-6;-16.40524995;-71.51456684;-1942091.69;2840706.149;B
1.10.2-6;-16.40536154;-71.51449598;-1942105.694;2840712.726;B
1.10.2-6;-16.40539276;-71.51451358;-1942109.139;2840710.321;B
1.10.2-6;-16.40605928;-71.5140866;-1942192.827;2840750.026;B
1.10.2-6;-16.40595379;-71.51394337;-1942182.242;2840767.647;B
1.10.2-6;-16.40583622;-71.5137805;-1942170.485;2840787.651;B
1.10.2-6;-16.40585299;-71.51374821;-1942172.863;2840791.093;B
1.10.2-6;-16.40575749;-71.51358156;-1942163.746;2840811.239;B
1.10.2-6;-16.40481445;-71.51420885;-1942045.046;2840752.435;B
1.10.2-6;-16.40513434;-71.51469178;-1942076.533;2840693.492;B
1.10.2-7; ; ;-1.516416327;20763369.87;B
1.10.2-7;-16.40568099;-71.51348473;-1942155.981;2840823.219;B
1.10.2-7;-16.40529804;-71.51285408;-1942118.95;2840899.737;B
1.10.2-7;-16.40462998;-71.51387318;-1942027.61;2840792.909;B
1.10.2-7;-16.40474219;-71.5140811;-1942038.169;2840767.865;B
1.10.2-8; ; ;-1.516416327;20763369.87;B
1.10.2-8;-16.4070207;-71.51265054;-1942323.894;2840900.297;B
1.10.2-8;-16.40683052;-71.5120238;-1942309.46;2840973.851;B
1.10.2-8;-16.40549153;-71.51285226;-1942141.704;2840897.414;B
1.10.2-8;-16.40576978;-71.51338983;-1942167.609;2840832.82;B
1.10.2-8;-16.40584131;-71.51339269;-1942175.976;2840831.56;B
1.10.2-9; ; ;-1.516416327;20763369.87;B
1.10.2-9;-16.40679777;-71.51189987;-1942307.176;2840988.333;B
1.10.2-9;-16.40657122;-71.51104967;-1942291.291;2841087.702;B
1.10.2-9;-16.40649371;-71.51101648;-1942282.603;2841092.479;B
1.10.2-9;-16.40538432;-71.51271506;-1942130.841;2840914.373;B
1.10.2-9;-16.40542132;-71.51278977;-1942134.244;2840905.417;B
1.10.2-10; ; ;-1.516416327;20763369.87;B
1.10.2-10;-16.4051878;-71.51264635;-1942108.62;2840924.733;B
1.10.2-10;-16.40501087;-71.51235486;-1942091.512;2840960.1;B
1.10.2-10;-16.40406769;-71.51297279;-1941972.913;2840902.358;B
1.10.2-10;-16.40448495;-71.51365204;-1942013.362;2840819.881;B
1.10.2-10;-16.40452058;-71.51365429;-1942017.519;2840819.16;B
1.10.2-11; ; ;-1.516416327;20763369.87;B
1.10.2-11;-16.40388162;-71.51296252;-1941951.183;2840905.955;B
1.10.2-11;-16.40370022;-71.51270797;-1941933.084;2840937.19;B
1.10.2-11;-16.40351024;-71.51243468;-1941914.214;2840970.663;B
1.10.2-11;-16.40339048;-71.512532;-1941898.917;2840961.193;B
1.10.2-11;-16.40325552;-71.51264412;-1941881.647;2840950.244;B
1.10.2-11;-16.40366484;-71.51319881;-1941922.735;2840881.993;B
1.10.2-12; ; ;-1.516416327;20763369.87;B
1.10.2-12;-16.4049567;-71.51224981;-1942086.474;2840972.719;B
1.10.2-12;-16.40466337;-71.51175544;-1942058.252;2841032.614;B
1.10.2-12;-16.40372522;-71.51235282;-1941940.502;2840977.136;B
1.10.2-12;-16.40398079;-71.51282854;-1941964.524;2840919.851;B
1.10.2-12;-16.40402673;-71.5128506;-1941969.643;2840916.749;B
1.10.2-13; ; ;-1.516416327;20763369.87;B
1.10.2-13;-16.40576252;-71.51171368;-1942187.907;2841022.98;B
1.10.2-13;-16.40574098;-71.51169342;-1942185.631;2841025.558;B
1.10.2-13;-16.4057678;-71.51168685;-1942188.865;2841025.953;B
1.10.2-13;-16.40595882;-71.51148547;-1942213.847;2841046.292;B
1.10.2-13;-16.40570151;-71.51107534;-1942188.794;2841096.162;B
1.10.2-13;-16.40477391;-71.51168483;-1942072.129;2841039.175;B
1.10.2-13;-16.4050655;-71.5121679;-1942100.29;2840980.586;B
1.10.2-14; ; ;-1.516416327;20763369.87;B
1.10.2-14;-16.4065793;-71.51057877;-1942298.182;2841140.994;B
1.10.2-14;-16.40650789;-71.51052065;-1942290.526;2841148.519;B
1.10.2-14;-16.40586458;-71.51097662;-1942209.197;2841105.224;B
1.10.2-14;-16.40604385;-71.51129454;-1942226.246;2841066.83;B
1.10.2-14;-16.40606866;-71.51129876;-1942229.107;2841066.027;B
1.10.2-15; ; ;-1.516416327;20763369.87;B
1.10.2-15;-16.40654033;-71.51036749;-1942296.271;2841165.461;B
1.10.2-15;-16.40627772;-71.50984304;-1942272.038;2841228.365;B
1.10.2-15;-16.4054818;-71.51036786;-1942171.91;2841179.26;B
1.10.2-15;-16.40577977;-71.51085436;-1942200.776;2841120.197;B
1.10.2-16; ; ;-1.516416327;20763369.87;B
1.10.2-16;-16.40469769;-71.51159982;-1942064.247;2841049.811;B
1.10.2-16;-16.4056698;-71.51094759;-1942186.681;2841111.063;B
1.10.2-16;-16.40534706;-71.51043506;-1942155.233;2841173.401;B
1.10.2-16;-16.40435486;-71.51106779;-1942030.685;2841114.623;B
1.10.2-17; ; ;-1.516416327;20763369.87;B
1.10.2-17;-16.40361513;-71.51224178;-1941928.97;2840991.166;B
1.10.2-17;-16.4036642;-71.51223853;-1941934.775;2840990.894;B
1.10.2-17;-16.40458884;-71.51164228;-1942050.924;2841046.419;B
1.10.2-17;-16.40428891;-71.51108762;-1942022.687;2841113.236;B
1.10.2-17;-16.40329811;-71.51175092;-1941897.919;2841050.972;B
1.10.2-18; ; ;-1.516416327;20763369.87;B
1.10.2-18;-16.40318341;-71.51252289;-1941874.705;2840964.933;B
1.10.2-18;-16.40342354;-71.51237156;-1941904.825;2840978.954;B
1.10.2-18;-16.40344873;-71.51231285;-1941908.524;2840985.283;B
1.10.2-18;-16.40316919;-71.511861;-1941881.385;2841040.174;B
1.10.2-18;-16.40280272;-71.51206027;-1941835.819;2841022.368;B
1.10.2-19; ; ;-1.516416327;20763369.87;B
1.10.2-19;-16.40238628;-71.51154472;-1941793.4;2841086.273;B
1.10.2-19;-16.40270479;-71.5119747;-1941825.393;2841033.351;B
1.10.2-19;-16.40305641;-71.51175163;-1941869.516;2841054.051;B
1.10.2-19;-16.40307985;-71.51170503;-1941872.858;2841059.029;B
1.10.2-19;-16.40278406;-71.51121986;-1941844.23;2841117.912;B
1.10.2-20; ; ;-1.516416327;20763369.87;B
1.10.2-20;-16.4032421;-71.51162868;-1941892.882;2841065.566;B
1.10.2-20;-16.40417476;-71.51102207;-1942010.104;2841122.162;B
1.10.2-20;-16.40418702;-71.51096578;-1942012.255;2841128.385;B
1.10.2-20;-16.40392241;-71.51053283;-1941986.632;2841180.939;B
1.10.2-20;-16.4038615;-71.51053032;-1941979.507;2841182.02;B
1.10.2-20;-16.4029518;-71.51112875;-1941865.085;2841126.052;B
1.10.2-21; ; ;-1.516416327;20763369.87;B
1.10.2-21;-16.40408824;-71.51037874;-1942008.057;2841196.244;B
1.10.2-21;-16.40403477;-71.51045713;-1942000.786;2841188.054;B
1.10.2-21;-16.40432458;-71.5109354;-1942028.799;2841130.031;B
1.10.2-21;-16.40522678;-71.5103652;-1942141.983;2841182.895;B
1.10.2-21;-16.40526422;-71.51029711;-1942147.242;2841190.126;B
1.10.2-21;-16.40496017;-71.50980264;-1942117.761;2841250.173;B
1.10.2-22; ; ;-1.516416327;20763369.87;B
1.10.2-22;-16.4054043;-71.51023957;-1942164.424;2841194.82;B
1.10.2-22;-16.40621526;-71.50968448;-1942266.701;2841247.162;B
1.10.2-22;-16.40591645;-71.50927207;-1942236.802;2841297.834;B
1.10.2-22;-16.40583359;-71.5092458;-1942227.399;2841301.896;B
1.10.2-22;-16.40509184;-71.50972564;-1942134.202;2841257.183;B
1.10.2-23; ; ;-1.516416327;20763369.87;B
1.10.2-23;-16.40500891;-71.50960224;-1942126.017;2841272.26;B
1.10.2-23;-16.40597558;-71.50900873;-1942247.072;2841326.923;B
1.10.2-23;-16.40579486;-71.50877601;-1942228.778;2841355.676;B
1.10.2-23;-16.40575044;-71.50877193;-1942223.61;2841356.719;B
1.10.2-23;-16.40548838;-71.5082785;-1942199.051;2841416.099;B
1.10.2-23;-16.40469369;-71.50911546;-1942095.127;2841331.581;B
1.10.2-24; ; ;-1.516416327;20763369.87;B
1.10.2-24;-16.40458849;-71.50853786;-1942090.058;2841398.455;B
1.10.2-24;-16.4047013;-71.50867141;-1942101.626;2841381.836;B
1.10.2-24;-16.40449737;-71.5088127;-1942075.885;2841368.48;B
1.10.2-24;-16.40466789;-71.50904471;-1942092.99;2841339.942;B
1.10.2-24;-16.40547477;-71.50820217;-1942198.416;2841424.933;B
1.10.2-24;-16.40521435;-71.50780367;-1942172.851;2841473.526;B
1.10.2-24;-16.40507008;-71.50751409;-1942159.556;2841508.251;B
1.10.2-24;-16.4046962;-71.50784631;-1942111.439;2841475.467;B
1.10.2-24;-16.40446658;-71.50811605;-1942081.059;2841447.881;B
1.10.2-24;-16.40445381;-71.50817216;-1942078.851;2841441.685;B
1.10.2-24;-16.40427841;-71.50842011;-1942055.115;2841415.862;B
1.10.2-24;-16.40441138;-71.50864929;-1942067.844;2841388.134;B
1.10.2-25; ; ;-1.516416327;20763369.87;B
1.10.2-25;-16.40400543;-71.50900528;-1942015.661;2841353.073;B
1.10.2-25;-16.40398182;-71.50895864;-1942013.476;2841358.671;B
1.10.2-25;-16.40392367;-71.5088613;-1942007.873;2841370.469;B
1.10.2-25;-16.40342871;-71.50949535;-1941941.723;2841305.04;B
1.10.2-25;-16.40393049;-71.5103063;-1941990.44;2841206.521;B
1.10.2-25;-16.40398965;-71.51030838;-1941997.363;2841205.511;B
1.10.2-25;-16.40488737;-71.50971;-1942110.378;2841261.63;B
1.10.2-25;-16.40417534;-71.50852596;-1942041.671;2841405.206;B
1.10.2-25;-16.40392983;-71.50884502;-1942008.801;2841372.235;B
1.10.2-25;-16.4040724;-71.50909897;-1942022.346;2841341.574;B
1.10.2-25;-16.40416171;-71.50905539;-1942033.388;2841345.348;B
1.10.2-25;-16.40417601;-71.50905238;-1942035.107;2841345.503;B
1.10.2-25;-16.40421178;-71.50911952;-1942038.462;2841337.421;B
1.10.2-25;-16.40408456;-71.50918372;-1942022.705;2841331.805;B
1.10.2-25;-16.40404136;-71.50908629;-1942018.86;2841343.417;B
1.10.2-26; ; ;-1.516416327;20763369.87;B
1.10.2-26;-16.40288334;-71.51099036;-1941858.789;2841142.639;B
1.10.2-26;-16.40380073;-71.51040876;-1941973.902;2841196.599;B
1.10.2-26;-16.40381965;-71.51036824;-1941976.637;2841200.946;B
1.10.2-26;-16.40335898;-71.5096001;-1941932.209;2841294.074;B
1.10.2-26;-16.40261915;-71.5105632;-1941833.141;2841194.531;B
1.10.2-27; ; ;-1.516416327;20763369.87;B
1.10.2-27;-16.40233217;-71.51145742;-1941788.145;2841096.88;B
1.10.2-27;-16.40272011;-71.51112648;-1941837.894;2841129.337;B
1.10.2-27;-16.40248412;-71.51073471;-1941815.114;2841176.848;B
1.10.2-27;-16.40214042;-71.51119588;-1941768.917;2841129.045;B
1.10.2-28; ; ;-1.516416327;20763369.87;B
1.10.2-28;-16.40201725;-71.51106506;-1941756.098;2841145.489;B
1.10.2-28;-16.40205835;-71.51106607;-1941760.914;2841144.838;B
1.10.2-28;-16.40240991;-71.51060216;-1941808.068;2841192.849;B
1.10.2-28;-16.40203991;-71.5099905;-1941772.318;2841267.046;B
1.10.2-28;-16.40148522;-71.51033835;-1941702.763;2841234.851;B
1.10.2-29; ; ;-1.516416327;20763369.87;B
1.10.2-29;-16.40104274;-71.50976978;-1941657.955;2841305.109;B
1.10.2-29;-16.4013951;-71.51023751;-1941693.449;2841247.464;B
1.10.2-29;-16.40196476;-71.50985363;-1941765.217;2841283.549;B
1.10.2-29;-16.40167107;-71.50941403;-1941736.26;2841337.239;B
1.10.2-29;-16.40162505;-71.50940327;-1941730.989;2841339.06;B
1.10.2-30; ; ;-1.516416327;20763369.87;B
1.10.2-30;-16.40212898;-71.50972745;-1941786.1;2841295.712;B
1.10.2-30;-16.40215211;-71.50973287;-1941788.75;2841294.795;B
1.10.2-30;-16.40308836;-71.50913008;-1941906.348;2841350.91;B
1.10.2-30;-16.4027884;-71.50865086;-1941877.155;2841409.175;B
1.10.2-30;-16.40184381;-71.50927002;-1941758.37;2841351.312;B
1.10.2-31; ; ;-1.516416327;20763369.87;B
1.10.2-31;-16.4025432;-71.51042321;-1941825.985;2841211.399;B
1.10.2-31;-16.40327589;-71.50947594;-1941924.014;2841309.239;B
1.10.2-31;-16.40314704;-71.50927467;-1941911.417;2841333.748;B
1.10.2-31;-16.40222336;-71.50988209;-1941795.238;2841276.941;B
1.10.2-32; ; ;-1.516416327;20763369.87;B
1.10.2-32;-16.4033251;-71.50932306;-1941931.725;2841325.932;B
1.10.2-32;-16.40338451;-71.50932422;-1941938.69;2841325.024;B
1.10.2-32;-16.40362017;-71.509025;-1941970.151;2841355.874;B
1.10.2-32;-16.40379907;-71.50877617;-1941994.308;2841381.752;B
1.10.2-32;-16.40372715;-71.50862486;-1941987.769;2841399.85;B
1.10.2-32;-16.4037616;-71.50860362;-1941992.084;2841401.808;B
1.10.2-32;-16.40382119;-71.50873281;-1941997.455;2841386.379;B
1.10.2-32;-16.40384801;-71.50873513;-1942000.576;2841385.766;B
1.10.2-32;-16.40409765;-71.5084251;-1942033.816;2841417.659;B
1.10.2-32;-16.40382426;-71.50796533;-1942007.5;2841473.371;B
1.10.2-32;-16.40290445;-71.50856817;-1941891.833;2841417.035;B
1.10.2-33; ; ;-1.516416327;20763369.87;B
1.10.2-33;-16.40418848;-71.50827825;-1942046.34;2841433.123;B
1.10.2-33;-16.40423807;-71.50825328;-1942052.482;2841435.307;B
1.10.2-33;-16.40452938;-71.50787475;-1942091.483;2841474.423;B
1.10.2-33;-16.4045531;-71.50788981;-1942094.078;2841472.405;B
1.10.2-33;-16.40460212;-71.5078431;-1942100.428;2841477.06;B
1.10.2-33;-16.40458288;-71.50783531;-1942098.265;2841478.196;B
1.10.2-33;-16.40475637;-71.50769432;-1942120.427;2841491.915;B
1.10.2-33;-16.40501306;-71.50744831;-1942153.688;2841516.456;B
1.10.2-33;-16.4048776;-71.5072758;-1942139.951;2841537.789;B
1.10.2-33;-16.40394564;-71.50789069;-1942022.703;2841480.247;B
1.10.2-36; ; ;-1.516416327;20763369.87;B
1.10.2-36;-16.40384884;-71.50777081;-1942012.844;2841495.108;B
1.10.2-36;-16.40479711;-71.50715771;-1942131.985;2841552.233;B
1.10.2-36;-16.40473179;-71.50701018;-1942126.173;2841569.817;B
1.10.2-36;-16.40470111;-71.50694628;-1942123.375;2841577.464;B
1.10.2-36;-16.40468637;-71.50696154;-1942121.451;2841575.927;B
1.10.2-36;-16.40451891;-71.50669067;-1942105.196;2841608.833;B
1.10.2-36;-16.40447674;-71.50668751;-1942100.282;2841609.743;B
1.10.2-36;-16.40355202;-71.5072721;-1941984.266;2841555.542;B
1.10.2-37; ; ;-1.516416327;20763369.87;B
1.10.2-37;-16.40280459;-71.50841823;-1941881.993;2841435.343;B
1.10.2-37;-16.4033715;-71.50804946;-1941953.247;2841469.749;B
1.10.2-37;-16.40339579;-71.50807112;-1941955.828;2841466.975;B
1.10.2-37;-16.40373643;-71.50785414;-1941998.586;2841487.128;B
1.10.2-37;-16.40375146;-71.50782977;-1942000.659;2841489.695;B
1.10.2-37;-16.40348972;-71.50736953;-1941975.717;2841545.308;B
1.10.2-37;-16.40343854;-71.50735742;-1941969.857;2841547.35;B
1.10.2-37;-16.40252505;-71.50796735;-1941854.842;2841490.127;B
1.10.2-38; ; ;-1.516416327;20763369.87;B
1.10.2-38;-16.40176364;-71.50913417;-1941750.666;2841367.764;B
1.10.2-38;-16.40269626;-71.50851;-1941868.107;2841426.353;B
1.10.2-38;-16.4024096;-71.50802398;-1941840.564;2841485.214;B
1.10.2-38;-16.40146364;-71.50864612;-1941721.581;2841427.03;B
1.10.2-39; ; ;-1.516416327;20763369.87;B
1.10.2-39;-16.399822;-71.51037855;-1941506.861;2841252.031;B
1.10.2-39;-16.40157097;-71.50925528;-1941726.503;2841356.55;B
1.10.2-39;-16.40157774;-71.50920336;-1941727.954;2841362.348;B
1.10.2-39;-16.401283;-71.50875851;-1941698.94;2841416.647;B
1.10.2-39;-16.39986576;-71.50966086;-1941521.056;2841332.845;B
1.10.2-40; ; ;-1.516416327;20763369.87;B
1.10.2-40;-16.39948588;-71.51136259;-1941454.959;2841144.834;B
1.10.2-40;-16.39957849;-71.51138158;-1941465.599;2841141.47;B
1.10.2-40;-16.39970264;-71.50890881;-1941511.38;2841420.261;B
1.10.2-40;-16.39882223;-71.50945029;-1941401.118;2841370.363;B
1.10.2-42; ; ;-1.516416327;20763369.87;B
1.10.2-42;-16.39986964;-71.50944322;-1941524.258;2841357.475;B
1.10.2-42;-16.39990005;-71.50948134;-1941527.35;2841352.755;B
1.10.2-42;-16.40123547;-71.50862664;-1941695.02;2841432.222;B
1.10.2-42;-16.40091407;-71.50812764;-1941663.558;2841493.011;B
1.10.2-42;-16.39989005;-71.50879439;-1941534.842;2841430.786;B
1.10.2-43; ; ;-1.516416327;20763369.87;B
1.10.2-43;-16.40139252;-71.50851235;-1941714.912;2841443.13;B
1.10.2-43;-16.40232595;-71.50790299;-1941832.263;2841500.029;B
1.10.2-43;-16.40201909;-71.50741445;-1941802.377;2841559.44;B
1.10.2-43;-16.40107836;-71.508028;-1941684.116;2841502.162;B
1.10.2-44; ; ;-1.516416327;20763369.87;B
1.10.2-44;-16.40245568;-71.50782455;-1941848.494;2841507.227;B
1.10.2-44;-16.40337933;-71.50722027;-1941964.632;2841563.676;B
1.10.2-44;-16.40310935;-71.50675621;-1941938.77;2841619.831;B
1.10.2-44;-16.40307997;-71.50673702;-1941935.562;2841622.391;B
1.10.2-44;-16.40214981;-71.50733583;-1941818.727;2841566.647;B
1.10.2-45; ; ;-1.516416327;20763369.87;B
1.10.2-45;-16.40350338;-71.50714479;-1941980.159;2841570.615;B
1.10.2-45;-16.40442483;-71.50653868;-1942096.062;2841627.299;B
1.10.2-45;-16.40442098;-71.50650502;-1942096.035;2841631.166;B
1.10.2-45;-16.404128;-71.5060435;-1942067.44;2841687.332;B
1.10.2-45;-16.40321007;-71.50664666;-1941951.987;2841630.937;B
1.10.2-48; ; ;-1.516416327;20763369.87;B
1.10.2-48;-16.40284774;-71.50605464;-1941916.89;2841702.81;B
1.10.2-48;-16.40312891;-71.50650525;-1941944.236;2841648.034;B
1.10.2-48;-16.40315406;-71.5065143;-1941947.076;2841646.679;B
1.10.2-48;-16.4040569;-71.50590978;-1942060.775;2841703.427;B
1.10.2-48;-16.40376953;-71.50542451;-1942033.139;2841762.214;B
1.10.2-48;-16.40286471;-71.5060136;-1941919.402;2841707.242;B
1.10.2-49; ; ;-1.516416327;20763369.87;B
1.10.2-49;-16.40206441;-71.50720851;-1941810.3;2841582.202;B
1.10.2-49;-16.40301683;-71.50659276;-1941929.964;2841639.576;B
1.10.2-49;-16.40270782;-71.50611318;-1941899.713;2841698.001;B
1.10.2-49;-16.40176782;-71.5067196;-1941781.626;2841641.522;B
1.10.2-50; ; ;-1.516416327;20763369.87;B
1.10.2-50;-16.40099259;-71.50787923;-1941675.917;2841520.154;B
1.10.2-50;-16.40104123;-71.50788404;-1941681.571;2841518.973;B
1.10.2-50;-16.40195003;-71.50729721;-1941795.744;2841573.638;B
1.10.2-50;-16.40164391;-71.50679757;-1941766.085;2841634.3;B
1.10.2-50;-16.40075143;-71.50739229;-1941653.73;2841578.526;B
1.10.2-50;-16.40072914;-71.50744797;-1941650.407;2841572.503;B
1.10.2-51; ; ;-1.516416327;20763369.87;B
1.10.2-51;-16.39990586;-71.50857799;-1941539.429;2841455.119;B
1.10.2-51;-16.39996418;-71.50858826;-1941546.151;2841453.193;B
1.10.2-51;-16.40084618;-71.50802168;-1941656.919;2841505.914;B
1.10.2-51;-16.40056893;-71.50751096;-1941630.791;2841567.455;B
1.10.2-51;-16.39994791;-71.50790979;-1941552.8;2841530.344;B
1.10.2-52; ; ;-1.516416327;20763369.87;B
1.10.2-52;-16.39972029;-71.50860305;-1941517.312;2841454.703;B
1.10.2-52;-16.39977532;-71.50859927;-1941523.824;2841454.413;B
1.10.2-52;-16.39978538;-71.50800163;-1941532.547;2841522.054;B
1.10.2-52;-16.39953247;-71.50815304;-1941500.924;2841508.19;B
1.10.2-53; ; ;-1.516416327;20763369.87;B
1.10.2-53;-16.39854069;-71.50879859;-1941376.263;2841447.946;B
1.10.2-53;-16.39876197;-71.5093352;-1941395.49;2841384.202;B
1.10.2-53;-16.39971451;-71.50873202;-1941515.005;2841440.153;B
1.10.2-53;-16.39948169;-71.50820459;-1941494.308;2841503.007;B
1.10.2-56; ; ;-1.516416327;20763369.87;B
1.10.2-56;-16.39849289;-71.50863633;-1941372.694;2841466.971;B
1.10.2-56;-16.39852612;-71.5086442;-1941376.499;2841465.645;B
1.10.2-56;-16.39940639;-71.5080779;-1941487.06;2841518.359;B
1.10.2-56;-16.3991172;-71.50756637;-1941459.539;2841580.147;B
1.10.2-56;-16.39830318;-71.50807897;-1941357.438;2841532.657;B
1.10.2-57; ; ;-1.516416327;20763369.87;B
1.10.2-57;-16.39948524;-71.5080334;-1941496.884;2841522.375;B
1.10.2-57;-16.39979742;-71.50783358;-1941536.081;2841540.954;B
1.10.2-57;-16.39982519;-71.50717033;-1941547.713;2841615.805;B
1.10.2-57;-16.39978132;-71.50715227;-1941542.787;2841618.427;B
1.10.2-57;-16.39922847;-71.50751459;-1941473.265;2841584.565;B
1.10.2-58; ; ;-1.516416327;20763369.87;B
1.10.2-58;-16.39994902;-71.50768684;-1941555.743;2841555.613;B
1.10.2-58;-16.39997982;-71.50771691;-1941558.982;2841551.8;B
1.10.2-58;-16.40047554;-71.50739047;-1941621.34;2841582.339;B
1.10.2-58;-16.40028761;-71.50705906;-1941603.444;2841622.378;B
1.10.2-58;-16.39997451;-71.50714844;-1941565.531;2841616.335;B
1.10.2-59; ; ;-1.516416327;20763369.87;B
1.10.2-59;-16.40063923;-71.50727996;-1941641.965;2841592.731;B
1.10.2-59;-16.40159795;-71.5066734;-1941762.252;2841648.982;B
1.10.2-59;-16.40128696;-71.50618554;-1941731.872;2841708.372;B
1.10.2-59;-16.4006595;-71.5065933;-1941653.011;2841670.334;B
1.10.2-59;-16.40045483;-71.50698083;-1941624.075;2841629.063;B
1.10.2-60; ; ;-1.516416327;20763369.87;B
1.10.2-60;-16.40168989;-71.50659224;-1941774.078;2841656.984;B
1.10.2-60;-16.40263193;-71.50598337;-1941892.436;2841713.713;B
1.10.2-60;-16.40234679;-71.50549449;-1941865.106;2841772.882;B
1.10.2-60;-16.40140884;-71.50610889;-1941747.159;2841715.47;B
1.10.2-61; ; ;-1.516416327;20763369.87;B
1.10.2-61;-16.40273097;-71.5058664;-1941905.548;2841725.683;B
1.10.2-61;-16.40277989;-71.50588715;-1941911.033;2841722.69;B
1.10.2-61;-16.40368959;-71.50529573;-1942025.373;2841777.862;B
1.10.2-61;-16.40339456;-71.50480981;-1941996.844;2841836.824;B
1.10.2-61;-16.40245202;-71.50541533;-1941878.468;2841780.482;B
1.10.2-62; ; ;-1.516416327;20763369.87;B
1.10.2-62;-16.40379403;-71.50521385;-1942038.675;2841785.782;B
1.10.2-62;-16.40489492;-71.50453158;-1942176.624;2841848.755;B
1.10.2-62;-16.40488153;-71.50450902;-1942175.336;2841851.489;B
1.10.2-62;-16.4050693;-71.50440664;-1942198.688;2841860.642;B
1.10.2-62;-16.40534483;-71.50426336;-1942232.867;2841873.287;B
1.10.2-62;-16.4052585;-71.503623;-1942230.808;2841947.033;B
1.10.2-62;-16.40445984;-71.50411714;-1942130.741;2841901.442;B
1.10.2-62;-16.40351687;-71.50474807;-1942011.993;2841842.226;B
1.10.2-63; ; ;-1.516416327;20763369.87;B
1.10.2-63;-16.40450024;-71.50391991;-1942137.977;2841923.281;B
1.10.2-63;-16.40524635;-71.50344668;-1942231.607;2841967.187;B
1.10.2-63;-16.40517893;-71.50280264;-1942231.818;2842041.103;B
1.10.2-63;-16.4041942;-71.50343177;-1942108.184;2841982.638;B
1.10.2-64; ; ;-1.516416327;20763369.87;B
1.10.2-64;-16.40343656;-71.50460066;-1942004.418;2841859.993;B
1.10.2-64;-16.40437334;-71.50400319;-1942122.017;2841915.496;B
1.10.2-64;-16.40409514;-71.50349361;-1942095.765;2841976.921;B
1.10.2-64;-16.40315509;-71.50411412;-1941977.492;2841918.848;B
1.10.2-65; ; ;-1.516416327;20763369.87;B
1.10.2-65;-16.4023857;-71.50528144;-1941872.367;2841796.533;B
1.10.2-65;-16.40330151;-71.50467619;-1941987.599;2841853.193;B
1.10.2-65;-16.40301806;-71.50418961;-1941960.439;2841912.079;B
1.10.2-65;-16.40208712;-71.50479449;-1941843.434;2841855.657;B
1.10.2-66; ; ;-1.516416327;20763369.87;B
1.10.2-66;-16.40132225;-71.50596871;-1941738.755;2841732.5;B
1.10.2-66;-16.4022314;-71.50538147;-1941852.977;2841787.206;B
1.10.2-66;-16.40225009;-71.50534072;-1941855.687;2841791.583;B
1.10.2-66;-16.40197838;-71.50485619;-1941829.881;2841850.082;B
1.10.2-66;-16.4010214;-71.50548395;-1941709.529;2841791.406;B
1.10.2-67; ; ;-1.516416327;20763369.87;B
1.10.2-67;-16.40058136;-71.50609591;-1941650.108;2841727.761;B
1.10.2-67;-16.40070833;-71.50637861;-1941661.457;2841694.042;B
1.10.2-67;-16.40119899;-71.5060502;-1941723.245;2841724.87;B
1.10.2-67;-16.4009225;-71.50555584;-1941697.001;2841784.546;B
1.10.2-67;-16.40041481;-71.50588411;-1941633.213;2841753.957;B
1.10.2-68; ; ;-1.516416327;20763369.87;B
1.10.2-68;-16.39914834;-71.50737781;-1941465.577;2841601.123;B
1.10.2-68;-16.39969105;-71.50702862;-1941533.742;2841633.629;B
1.10.2-68;-16.39963068;-71.50696582;-1941527.442;2841641.539;B
1.10.2-68;-16.39964248;-71.50695634;-1941528.948;2841642.46;B
1.10.2-68;-16.39962195;-71.50692819;-1941526.89;2841645.92;B
1.10.2-68;-16.39960606;-71.50693617;-1941524.923;2841645.223;B
1.10.2-68;-16.3995551;-71.50684964;-1941520.028;2841655.702;B
1.10.2-68;-16.39939028;-71.5065145;-1941504.893;2841695.863;B
1.10.2-68;-16.3991517;-71.50666847;-1941474.922;2841681.521;B
1.10.2-68;-16.39912362;-71.50680062;-1941469.955;2841666.901;B
1.10.2-68;-16.39915256;-71.50679766;-1941473.392;2841666.859;B
1.10.2-68;-16.3991271;-71.50697128;-1941468.211;2841647.503;B
1.10.2-69; ; ;-1.516416327;20763369.87;B
1.10.2-69;-16.39825077;-71.50796359;-1941352.736;2841546.427;B
1.10.2-69;-16.3990878;-71.50741825;-1941457.954;2841597.33;B
1.10.2-69;-16.39903571;-71.50725987;-1941453.832;2841615.971;B
1.10.2-69;-16.39906215;-71.50721077;-1941457.558;2841621.194;B
1.10.2-69;-16.3990483;-71.50698558;-1941458.772;2841646.911;B
1.10.2-69;-16.39907402;-71.50698114;-1941461.851;2841647.079;B
1.10.2-69;-16.39907902;-71.50691316;-1941463.295;2841654.722;B
1.10.2-69;-16.39906713;-71.50690094;-1941462.052;2841656.264;B
1.10.2-69;-16.39909951;-71.50677167;-1941467.488;2841670.5;B
1.10.2-69;-16.39907187;-71.50671689;-1941464.932;2841677.073;B
1.10.2-69;-16.39804018;-71.50737786;-1941335.386;2841615.602;B
1.10.2-72; ; ;-1.516416327;20763369.87;B
1.10.2-72;-16.39798766;-71.50728072;-1941330.441;2841627.305;B
1.10.2-72;-16.39891547;-71.5066954;-1941446.828;2841681.555;B
1.10.2-72;-16.39889211;-71.50666438;-1941444.475;2841685.377;B
1.10.2-72;-16.39897135;-71.50661202;-1941454.446;2841690.28;B
1.10.2-72;-16.39899903;-71.50663548;-1941457.401;2841687.257;B
1.10.2-72;-16.39920416;-71.50651373;-1941483.037;2841698.383;B
1.10.2-72;-16.39935963;-71.50631831;-1941503.769;2841718.511;B
1.10.2-72;-16.39938753;-71.50571521;-1941514.656;2841786.541;B
1.10.2-72;-16.39776597;-71.50674628;-1941311.139;2841690.811;B
1.10.2-73; ; ;-1.516416327;20763369.87;B
1.10.2-73;-16.39940244;-71.50631444;-1941508.846;2841718.391;B
1.10.2-73;-16.39943819;-71.50634648;-1941512.642;2841714.29;B
1.10.2-73;-16.3998865;-71.50592021;-1941570.69;2841756.77;B
1.10.2-73;-16.39994854;-71.5053262;-1941585.475;2841823.321;B
1.10.2-73;-16.39949404;-71.50563778;-1941528.146;2841793.928;B
1.10.2-74; ; ;-1.516416327;20763369.87;B
1.10.2-74;-16.40003482;-71.50580385;-1941589.584;2841768.026;B
1.10.2-74;-16.40024535;-71.50582704;-1941614.025;2841762.644;B
1.10.2-74;-16.4008506;-71.50544225;-1941689.988;2841798.368;B
1.10.2-74;-16.40055145;-71.50493034;-1941661.303;2841860.33;B
1.10.2-74;-16.40007145;-71.50523818;-1941601.026;2841831.696;B
1.10.2-75; ; ;-1.516416327;20763369.87;B
1.10.2-75;-16.40095445;-71.50535964;-1941703.231;2841806.378;B
1.10.2-75;-16.40186319;-71.50475884;-1941817.576;2841862.628;B
1.10.2-75;-16.40186988;-71.5047215;-1941818.833;2841866.776;B
1.10.2-75;-16.40160944;-71.50428078;-1941793.797;2841920.159;B
1.10.2-75;-16.40157466;-71.50427663;-1941789.765;2841921.085;B
1.10.2-75;-16.40068734;-71.50484405;-1941678.357;2841868.339;B
1.10.2-75;-16.40067376;-71.50488555;-1941676.237;2841863.811;B
1.10.2-76; ; ;-1.516416327;20763369.87;B
1.10.2-76;-16.40172159;-71.50420107;-1941807.98;2841927.732;B
1.10.2-76;-16.4020079;-71.50466873;-1941835.714;2841870.954;B
1.10.2-76;-16.4029268;-71.50406811;-1941951.251;2841927.05;B
1.10.2-76;-16.40293383;-71.50403329;-1941952.517;2841930.907;B
1.10.2-76;-16.40266217;-71.50357839;-1941926.344;2841986.046;B
1.10.2-76;-16.40174221;-71.50416773;-1941810.823;2841931.243;B
1.10.2-77; ; ;-1.516416327;20763369.87;B
1.10.2-77;-16.40305404;-71.50395542;-1941967.623;2841938.166;B
1.10.2-77;-16.40310269;-71.50396513;-1941973.216;2841936.428;B
1.10.2-77;-16.40399185;-71.50339577;-1942084.865;2841989.367;B
1.10.2-77;-16.40399438;-71.50336832;-1942085.509;2841992.447;B
1.10.2-77;-16.40369775;-71.50290771;-1942056.474;2842048.56;B
1.10.2-77;-16.4027818;-71.50349815;-1941941.411;2841993.581;B
1.10.2-78; ; ;-1.516416327;20763369.87;B
1.10.2-78;-16.40411362;-71.5032948;-1942100.447;2841999.225;B
1.10.2-78;-16.40415759;-71.50329394;-1942105.623;2841998.746;B
1.10.2-78;-16.40505085;-71.50272479;-1942217.752;2842051.606;B
1.10.2-78;-16.40505507;-71.5026969;-1942218.6;2842054.714;B
1.10.2-78;-16.40478887;-71.50223714;-1942193.13;2842110.333;B
1.10.2-78;-16.40474704;-71.50223456;-1942188.248;2842111.172;B
1.10.2-78;-16.40385975;-71.50279774;-1942076.895;2842058.912;B
1.10.2-78;-16.40383787;-71.50283918;-1942073.802;2842054.499;B
1.10.2-79; ; ;-1.516416327;20763369.87;B
1.10.2-79;-16.40481793;-71.50200014;-1942199.536;2842136.829;B
1.10.2-79;-16.40508619;-71.50184676;-1942232.99;2842150.714;B
1.10.2-79;-16.40500982;-71.50136836;-1942230.057;2842205.964;B
1.10.2-79;-16.40494487;-71.50122887;-1942224.188;2842222.632;B
1.10.2-79;-16.40451902;-71.5015226;-1942170.447;2842194.893;B
1.10.2-80; ; ;-1.516416327;20763369.87;B
1.10.2-80;-16.40377073;-71.50268804;-1942067.822;2842072.516;B
1.10.2-80;-16.40466091;-71.50210816;-1942179.725;2842126.634;B
1.10.2-80;-16.40467617;-71.5020655;-1942182.056;2842131.271;B
1.10.2-80;-16.40441062;-71.50161898;-1942156.496;2842185.381;B
1.10.2-80;-16.40437717;-71.50160692;-1942152.717;2842187.186;B
1.10.2-80;-16.40349381;-71.50217781;-1942041.729;2842133.999;B
1.10.2-80;-16.40347817;-71.50221521;-1942039.418;2842129.963;B
1.10.2-81; ; ;-1.516416327;20763369.87;B
1.10.2-81;-16.40270489;-71.50337392;-1941933.943;2842008.675;B
1.10.2-81;-16.40364128;-71.50276736;-1942051.611;2842065.215;B
1.10.2-81;-16.40336973;-71.50229584;-1942025.661;2842122.237;B
1.10.2-81;-16.40333462;-71.50227425;-1942021.808;2842125.144;B
1.10.2-81;-16.40243367;-71.50287224;-1941908.411;2842069.113;B
1.10.2-81;-16.4024317;-71.50290141;-1941907.811;2842065.831;B
1.10.2-82; ; ;-1.516416327;20763369.87;B
1.10.2-82;-16.40164398;-71.50405059;-1941800.761;2841945.811;B
1.10.2-82;-16.40258189;-71.50344255;-1941918.626;2842002.501;B
1.10.2-82;-16.40228816;-71.50294061;-1941890.453;2842063.263;B
1.10.2-82;-16.40134287;-71.50354408;-1941771.778;2842007.189;B
1.10.2-83; ; ;-1.516416327;20763369.87;B
1.10.2-83;-16.40059195;-71.5047474;-1941668.369;2841880.547;B
1.10.2-83;-16.40153424;-71.50413572;-1941786.794;2841937.593;B
1.10.2-83;-16.4012365;-71.50362562;-1941758.252;2841999.333;B
1.10.2-83;-16.40028341;-71.50425808;-1941638.297;2841940.072;B
1.10.2-84; ; ;-1.516416327;20763369.87;B
1.10.2-84;-16.40007863;-71.50505692;-1941604.157;2841852.158;B
1.10.2-84;-16.40045155;-71.50482204;-1941650.933;2841873.918;B
1.10.2-84;-16.40016975;-71.50434088;-1941623.898;2841932.167;B
1.10.2-84;-16.40009815;-71.50437979;-1941614.996;2841928.691;B
1.10.2-84;-16.40008409;-71.50500968;-1941605.395;2841857.444;B
1.10.2-85; ; ;-1.516416327;20763369.87;B
1.10.2-85;-16.39952996;-71.50544553;-1941534.792;2841815.261;B
1.10.2-85;-16.39992322;-71.50518777;-1941584.248;2841839.351;B
1.10.2-85;-16.39993157;-71.50490687;-1941588.773;2841871.096;B
1.10.2-85;-16.39992709;-71.5047283;-1941590.5;2841891.406;B
1.10.2-85;-16.39996858;-71.50471168;-1941595.585;2841892.748;B
1.10.2-85;-16.39998862;-71.50446433;-1941601.06;2841920.536;B
1.10.2-85;-16.39923915;-71.5049399;-1941507.007;2841876.404;B
1.10.2-86; ; ;-1.516416327;20763369.87;B
1.10.2-86;-16.39834366;-71.50504282;-1941400.502;2841876.438;B
1.10.2-86;-16.39883191;-71.50584085;-1941447.794;2841779.556;B
1.10.2-86;-16.39888228;-71.50585451;-1941453.54;2841777.349;B
1.10.2-86;-16.3993907;-71.50553005;-1941517.365;2841807.497;B
1.10.2-86;-16.3988089;-71.50454729;-1941461.415;2841926.551;B
1.10.2-86;-16.39834373;-71.50498665;-1941401.219;2841882.807;B
1.10.2-87; ; ;-1.516416327;20763369.87;B
1.10.2-87;-16.3987962;-71.50592036;-1941442.596;2841771.006;B
1.10.2-87;-16.39849333;-71.50542661;-1941413.243;2841830.958;B
1.10.2-87;-16.39752999;-71.50608075;-1941291.813;2841769.368;B
1.10.2-87;-16.39773111;-71.50661174;-1941308.741;2841706.523;B
1.10.2-88; ; ;-1.516416327;20763369.87;B
1.10.2-88;-16.39639323;-71.50744929;-1941140.996;2841629.027;B
1.10.2-88;-16.39761472;-71.50668328;-1941294.164;2841699.932;B
1.10.2-88;-16.39743847;-71.50618245;-1941279.778;2841759.032;B
1.10.2-88;-16.39614463;-71.50684515;-1941119.412;2841700.79;B
1.10.2-89; ; ;-1.516416327;20763369.87;B
1.10.2-89;-16.39609921;-71.50674435;-1941115.347;2841712.814;B
1.10.2-89;-16.39681308;-71.50639557;-1941203.615;2841743.037;B
1.10.2-89;-16.39736992;-71.50609917;-1941272.775;2841769.371;B
1.10.2-89;-16.39732496;-71.50599992;-1941268.745;2841781.215;B
1.10.2-89;-16.39655365;-71.50611428;-1941176.686;2841778.328;B
1.10.2-89;-16.3962403;-71.5062275;-1941138.444;2841769.583;B
1.10.2-89;-16.39595064;-71.50636598;-1941102.666;2841757.665;B
1.10.2-90; ; ;-1.516416327;20763369.87;B
1.10.2-90;-16.39775557;-71.5056991;-1941323.13;2841809.701;B
1.10.2-90;-16.39800216;-71.50555893;-1941353.869;2841822.373;B
1.10.2-90;-16.39820197;-71.50544202;-1941378.819;2841833.019;B
1.10.2-90;-16.39841606;-71.50530548;-1941405.694;2841845.704;B
1.10.2-90;-16.39824629;-71.50500845;-1941389.497;2841881.609;B
1.10.2-90;-16.39773329;-71.50550035;-1941323.02;2841832.531;B
1.10.2-97; ; ;-1.516416327;20763369.87;B
1.10.2-97;-16.40010694;-71.50394582;-1941621.504;2841977.79;B
1.10.2-97;-16.40021196;-71.50411594;-1941631.696;2841957.125;B
1.10.2-97;-16.40063062;-71.50385464;-1941684.18;2841981.284;B
1.10.2-97;-16.40116085;-71.50350294;-1941750.913;2842014.234;B
1.10.2-97;-16.40086077;-71.50298987;-1941722.134;2842076.342;B
1.10.2-97;-16.40016;-71.50350226;-1941633.337;2842027.398;B
1.10.2-98; ; ;-1.516416327;20763369.87;B
1.10.2-98;-16.40126683;-71.50343519;-1941764.219;2842020.532;B
1.10.2-98;-16.40222258;-71.50282413;-1941884.218;2842077.33;B
1.10.2-98;-16.40191196;-71.50227462;-1941854.661;2842143.708;B
1.10.2-98;-16.40185928;-71.50226284;-1941848.621;2842145.733;B
1.10.2-98;-16.40095307;-71.50290807;-1941734.011;2842084.412;B
1.10.2-99; ; ;-1.516416327;20763369.87;B
1.10.2-99;-16.40235354;-71.50274133;-1941900.65;2842085.007;B
1.10.2-99;-16.40326769;-71.50215913;-1942015.398;2842139.075;B
1.10.2-99;-16.40297356;-71.50164827;-1941987.291;2842200.855;B
1.10.2-99;-16.40204554;-71.50223761;-1941870.823;2842146.158;B
1.10.2-100; ; ;-1.516416327;20763369.87;B
1.10.2-100;-16.4033832;-71.502074;-1942030.043;2842147.218;B
1.10.2-100;-16.40434241;-71.50145348;-1942150.571;2842205.041;B
1.10.2-100;-16.40412889;-71.50091478;-1942132.286;2842268.924;B
1.10.2-100;-16.40311451;-71.50155491;-1942005.029;2842209.599;B
1.10.2-100;-16.40310592;-71.50160426;-1942003.397;2842204.115;B
1.10.2-101; ; ;-1.516416327;20763369.87;B
1.10.2-101;-16.40442495;-71.50132992;-1942161.828;2842217.974;B
1.10.2-101;-16.40447083;-71.50136658;-1942166.755;2842213.216;B
1.10.2-101;-16.4049062;-71.50108442;-1942221.468;2842239.519;B
1.10.2-101;-16.40473454;-71.50055628;-1942207.969;2842301.656;B
1.10.2-101;-16.40425622;-71.50084323;-1942148.15;2842275.372;B
1.10.2-102; ; ;-1.516416327;20763369.87;B
1.10.2-102;-16.4042144;-71.50072723;-1942144.701;2842289.074;B
1.10.2-102;-16.40468487;-71.5004642;-1942203.296;2842312.748;B
1.10.2-102;-16.40452207;-71.49992786;-1942190.94;2842375.701;B
1.10.2-102;-16.40400426;-71.50022298;-1942126.379;2842349.007;B
1.10.2-103; ; ;-1.516416327;20763369.87;B
1.10.2-103;-16.40301942;-71.50145603;-1941995.106;2842222.055;B
1.10.2-103;-16.40407796;-71.50077564;-1942128.06;2842285.369;B
1.10.2-103;-16.40389663;-71.50028504;-1942112.949;2842343.376;B
1.10.2-103;-16.40270568;-71.50092505;-1941964.949;2842286.374;B
1.10.2-104; ; ;-1.516416327;20763369.87;B
1.10.2-104;-16.40197043;-71.50212568;-1941863.411;2842159.834;B
1.10.2-104;-16.40290664;-71.50152898;-1941980.935;2842215.258;B
1.10.2-104;-16.40259928;-71.50098004;-1941951.754;2842281.53;B
1.10.2-104;-16.40162518;-71.50153058;-1941830.361;2842231.836;B
1.10.2-105; ; ;-1.516416327;20763369.87;B
1.10.2-105;-16.40089089;-71.50280384;-1941728.021;2842097.045;B
1.10.2-105;-16.40180082;-71.50215485;-1941843.116;2842158.744;B
1.10.2-105;-16.40181269;-71.50212308;-1941844.912;2842162.192;B
1.10.2-105;-16.40150799;-71.50158169;-1941815.947;2842227.572;B
1.10.2-105;-16.40049669;-71.50215463;-1941689.901;2842175.823;B
1.10.2-106; ; ;-1.516416327;20763369.87;B
1.10.2-106;-16.4001602;-71.50326898;-1941636.304;2842053.85;B
1.10.2-106;-16.40023217;-71.50327562;-1941644.676;2842052.156;B
1.10.2-106;-16.40024147;-71.50325153;-1941646.073;2842054.766;B
1.10.2-106;-16.40077185;-71.50288485;-1941713.013;2842089.414;B
1.10.2-106;-16.40038913;-71.50220772;-1941676.595;2842171.209;B
1.10.2-106;-16.40023865;-71.50229313;-1941657.837;2842163.49;B
1.10.2-109; ; ;-1.516416327;20763369.87;B
1.10.2-109;-16.40495885;-71.50089662;-1942230.025;2842260.127;B
1.10.2-109;-16.40504021;-71.50087144;-1942239.901;2842261.918;B
1.10.2-109;-16.40486405;-71.49975176;-1942233.342;2842391.197;B
1.10.2-109;-16.40458963;-71.49990121;-1942199.214;2842377.839;B
1.10.3-1; ; ;-1.516416327;20763369.87;B
1.10.3-1;-16.3992637;-71.51143038;-1941428.002;2841140.05;B
1.10.3-1;-16.39907077;-71.51124388;-1941407.689;2841163.72;B
1.10.3-1;-16.39884773;-71.5110085;-1941384.456;2841193.327;B
1.10.3-1;-16.39866633;-71.5108015;-1941365.756;2841219.172;B
1.10.3-1;-16.39847659;-71.51058236;-1941346.23;2841246.502;B
1.10.3-1;-16.39839044;-71.51050994;-1941337.022;2841255.84;B
1.10.3-1;-16.39807076;-71.51083351;-1941295.384;2841223.325;B
1.10.3-1;-16.3981561;-71.51091613;-1941304.368;2841212.84;B
1.10.3-1;-16.39828188;-71.51080494;-1941320.547;2841223.806;B
1.10.3-1;-16.3983934;-71.51093002;-1941332.071;2841208.164;B
1.10.3-1;-16.39843488;-71.51089747;-1941337.355;2841211.313;B
1.10.3-1;-16.398575;-71.51103138;-1941352.127;2841194.297;B
1.10.3-1;-16.39886132;-71.51121955;-1941383.39;2841169.216;B
1.10.3-1;-16.39918839;-71.51145972;-1941418.785;2841137.708;B
1.10.3-1;-16.39957325;-71.51175612;-1941460.259;2841099.066;B
1.10.3-1;-16.39959107;-71.51173416;-1941462.63;2841101.323;B
1.10.3-2; ; ;-1.516416327;20763369.87;B
1.10.3-2;-16.39830724;-71.51041386;-1941328.46;2841267.824;B
1.10.3-2;-16.39793137;-71.51001968;-1941289.274;2841317.436;B
1.10.3-2;-16.39765653;-71.5097334;-1941260.598;2841353.493;B
1.10.3-2;-16.39734124;-71.50939749;-1941227.794;2841395.706;B
1.10.3-2;-16.39699201;-71.50902859;-1941191.419;2841442.104;B
1.10.3-2;-16.39675344;-71.50876942;-1941166.662;2841474.613;B
1.10.3-2;-16.3964876;-71.50850773;-1941138.73;2841507.763;B
1.10.3-2;-16.39643234;-71.50845726;-1941132.875;2841514.209;B
1.10.3-2;-16.39612153;-71.50879293;-1941092.126;2841480.205;B
1.10.3-2;-16.3967879;-71.50948034;-1941161.742;2841393.542;B
1.10.3-2;-16.39714418;-71.5098586;-1941198.826;2841345.99;B
1.10.3-2;-16.39760454;-71.5103325;-1941246.932;2841286.232;B
1.10.3-2;-16.39788168;-71.51062328;-1941275.823;2841249.636;B
1.10.3-2;-16.39794536;-71.5106946;-1941282.405;2841240.717;B
1.10.3-2;-16.39808306;-71.51074071;-1941298;2841233.688;B
1.10.3-2;-16.39833047;-71.51048506;-1941330.291;2841259.445;B
1.10.3-3; ; ;-1.516416327;20763369.87;B
1.10.3-3;-16.39679342;-71.50991366;-1941156.924;2841344.33;B
1.10.3-3;-16.39741436;-71.51052862;-1941222.115;2841266.478;B
1.10.3-3;-16.39744649;-71.51049839;-1941226.271;2841269.486;B
1.10.3-3;-16.39765084;-71.51067033;-1941248.11;2841247.317;B
1.10.3-3;-16.39772866;-71.51059396;-1941258.216;2841254.961;B
1.10.3-3;-16.39693682;-71.50976483;-1941175.648;2841359.333;B
1.10.3-4; ; ;-1.516416327;20763369.87;B
1.10.3-4;-16.39683496;-71.50966807;-1941164.902;2841371.638;B
1.10.3-4;-16.39664401;-71.50947359;-1941144.922;2841396.187;B
1.10.3-4;-16.39633721;-71.50979402;-1941104.837;2841363.859;B
1.10.3-4;-16.39650205;-71.50994383;-1941122.312;2841344.716;B
1.10.3-4;-16.39656809;-71.50999927;-1941129.372;2841337.565;B
1.10.3-4;-16.39661999;-71.5100177;-1941135.237;2841334.798;B
1.10.3-4;-16.3968803;-71.50973985;-1941169.323;2841362.905;B
1.10.3-5; ; ;-1.516416327;20763369.87;B
1.10.3-5;-16.3965936;-71.5094088;-1941139.817;2841404.194;B
1.10.3-5;-16.39638439;-71.5091849;-1941118.063;2841432.318;B
1.10.3-5;-16.39621387;-71.5090127;-1941100.203;2841454.074;B
1.10.3-5;-16.39605531;-71.50884742;-1941083.659;2841474.891;B
1.10.3-5;-16.39580101;-71.50912329;-1941050.303;2841446.929;B
1.10.3-5;-16.39598167;-71.50930307;-1941069.26;2841424.181;B
1.10.3-5;-16.39617632;-71.50950818;-1941089.54;2841398.376;B
1.10.3-5;-16.39633331;-71.50967923;-1941105.826;2841376.928;B
1.10.3-6; ; ;-1.516416327;20763369.87;B
1.10.3-6;-16.39572195;-71.50919085;-1941040.163;2841440.3;B
1.10.3-6;-16.39559767;-71.50932831;-1941023.829;2841426.336;B
1.10.3-6;-16.39571254;-71.50945376;-1941035.741;2841410.608;B
1.10.3-6;-16.39588653;-71.50960774;-1941054.24;2841390.873;B
1.10.3-6;-16.39622293;-71.50982694;-1941090.996;2841361.619;B
1.10.3-6;-16.39628716;-71.50975584;-1941099.439;2841368.843;B
1.10.3-7; ; ;-1.516416327;20763369.87;B
1.10.3-7;-16.39565149;-71.50917543;-1941032.08;2841442.97;B
1.10.3-7;-16.39535639;-71.50887794;-1941001.163;2841480.562;B
1.10.3-7;-16.39535946;-71.50880564;-1941002.436;2841488.721;B
1.10.3-7;-16.39515815;-71.50855453;-1940981.953;2841519.829;B
1.10.3-7;-16.3950862;-71.50862632;-1940972.594;2841512.629;B
1.10.3-7;-16.39516749;-71.50877588;-1940980.259;2841494.604;B
1.10.3-7;-16.39535445;-71.50903846;-1940998.911;2841462.384;B
1.10.3-7;-16.39554948;-71.50927664;-1941018.819;2841432.825;B
1.10.3-8; ; ;-1.516416327;20763369.87;B
1.10.3-8;-16.39596356;-71.50876617;-1941073.905;2841485.303;B
1.10.3-8;-16.39569531;-71.50848716;-1941045.91;2841520.45;B
1.10.3-8;-16.3954779;-71.50823183;-1941023.589;2841552.246;B
1.10.3-8;-16.39520931;-71.50851542;-1940988.456;2841523.595;B
1.10.3-8;-16.39544157;-71.50876251;-1941012.627;2841492.54;B
1.10.3-8;-16.39537602;-71.50884036;-1941003.943;2841484.568;B
1.10.3-8;-16.39538417;-71.50886111;-1941004.639;2841482.109;B
1.10.3-8;-16.39563733;-71.50912224;-1941031.087;2841449.187;B
1.10.3-8;-16.39567728;-71.50911759;-1941035.839;2841449.192;B
1.10.3-8;-16.39598332;-71.50879642;-1941075.844;2841481.614;B
1.10.3-9; ; ;-1.516416327;20763369.87;B
1.10.3-9;-16.39506063;-71.50807649;-1940976.526;2841575.315;B
1.10.3-9;-16.39501469;-71.50803213;-1940971.689;2841580.947;B
1.10.3-9;-16.39495837;-71.5080813;-1940964.451;2841576.106;B
1.10.3-9;-16.39503112;-71.50815819;-1940972.029;2841566.436;B
1.10.3-9;-16.3949913;-71.50819979;-1940966.826;2841562.239;B
1.10.3-9;-16.39496767;-71.50817186;-1940964.402;2841565.715;B
1.10.3-9;-16.39494045;-71.50819854;-1940960.867;2841563.045;B
1.10.3-9;-16.39511326;-71.50851476;-1940977.181;2841524.926;B
1.10.3-9;-16.39543364;-71.50820532;-1941018.723;2841555.831;B
1.10.3-9;-16.39518921;-71.50794517;-1940993.289;2841588.528;B
1.10.3-10; ; ;-1.516416327;20763369.87;B
1.10.3-10;-16.39512281;-71.50787994;-1940986.31;2841596.793;B
1.10.3-10;-16.39482168;-71.50757167;-1940954.822;2841635.687;B
1.10.3-10;-16.39454123;-71.50730678;-1940925.214;2841669.393;B
1.10.3-10;-16.39436456;-71.50713624;-1940906.61;2841691.041;B
1.10.3-10;-16.39430631;-71.5071283;-1940899.867;2841692.703;B
1.10.3-10;-16.39437369;-71.5073003;-1940905.613;2841672.317;B
1.10.3-10;-16.39448715;-71.50748734;-1940916.583;2841649.622;B
1.10.3-10;-16.39460514;-71.50765486;-1940928.333;2841629.083;B
1.10.3-10;-16.39473053;-71.50783188;-1940940.83;2841607.369;B
1.10.3-10;-16.39478143;-71.50792536;-1940945.631;2841596.102;B
1.10.3-10;-16.39487419;-71.50811586;-1940954.126;2841573.286;B
1.10.3-11; ; ;-1.516416327;20763369.87;B
1.10.3-11;-16.39546048;-71.50743787;-1941031.558;2841642.513;B
1.10.3-11;-16.3952533;-71.50723649;-1941009.758;2841668.058;B
1.10.3-11;-16.39503465;-71.50699473;-1940987.119;2841698.332;B
1.10.3-11;-16.39481377;-71.50678546;-1940963.81;2841724.952;B
1.10.3-11;-16.394482;-71.50711386;-1940920.689;2841692.045;B
1.10.3-11;-16.39474712;-71.50737215;-1940948.579;2841659.288;B
1.10.3-11;-16.39506089;-71.50768164;-1940981.537;2841620.09;B
1.10.3-11;-16.39534331;-71.50797171;-1941011.058;2841583.504;B
1.10.3-11;-16.39567361;-71.50831592;-1941045.52;2841540.152;B
1.10.3-11;-16.39606424;-71.50872962;-1941086.195;2841488.133;B
1.10.3-11;-16.39638257;-71.50839998;-1941127.751;2841521.355;B
1.10.3-12; ; ;-1.516416327;20763369.87;B
1.10.3-12;-16.39467324;-71.50663474;-1940949.201;2841743.881;B
1.10.3-12;-16.39457149;-71.50654154;-1940938.423;2841755.78;B
1.10.3-12;-16.39446005;-71.5064291;-1940926.749;2841769.988;B
1.10.3-12;-16.39442716;-71.506425;-1940922.937;2841770.882;B
1.10.3-12;-16.39439864;-71.50639671;-1940919.942;2841774.463;B
1.10.3-12;-16.39438214;-71.50640862;-1940917.854;2841773.328;B
1.10.3-12;-16.39429782;-71.50632579;-1940908.993;2841783.823;B
1.10.3-12;-16.39420742;-71.50668146;-1940893.885;2841744.67;B
1.10.3-12;-16.39425584;-71.50675069;-1940898.7;2841736.186;B
1.10.3-12;-16.39430227;-71.5067201;-1940904.541;2841739.049;B
1.10.3-12;-16.39435717;-71.50676973;-1940910.365;2841732.702;B
1.10.3-12;-16.39433126;-71.50683588;-1940906.487;2841725.539;B
1.10.3-12;-16.39434144;-71.50692523;-1940906.555;2841715.273;B
1.10.3-12;-16.3943591;-71.5070008;-1940907.678;2841706.472;B
1.10.3-12;-16.39443182;-71.5070639;-1940915.425;2841698.366;B
1.10.3-12;-16.39476917;-71.50675137;-1940959;2841729.401;B
1.10.38-1; ; ;-1.516416327;20763369.87;B
1.10.38-1;-16.40771752;-71.51377922;-1942391.512;2840763.203;B
1.10.38-1;-16.40754925;-71.51326794;-1942378.195;2840823.378;B
1.10.38-1;-16.4074963;-71.51308198;-1942374.321;2840845.157;B
1.10.38-1;-16.40720399;-71.51317085;-1942338.86;2840838.901;B
1.10.38-1;-16.40756021;-71.5144361;-1942364.742;2840690.775;B
1.10.38-1;-16.40795017;-71.51428236;-1942412.494;2840703.11;B
1.10.38-2; ; ;-1.516416327;20763369.87;B
1.10.38-2;-16.40750893;-71.51304156;-1942376.315;2840849.576;B
1.10.38-2;-16.40733482;-71.51260077;-1942361.424;2840901.833;B
1.10.38-2;-16.40722289;-71.51227639;-1942352.367;2840940.08;B
1.10.38-2;-16.40715368;-71.51218722;-1942345.362;2840951.096;B
1.10.38-2;-16.40700153;-71.51224786;-1942326.722;2840946.209;B
1.10.38-2;-16.407211;-71.51314088;-1942340.061;2840842.208;B
1.10.38-3; ; ;-1.516416327;20763369.87;B
1.10.38-3;-16.41048945;-71.51320447;-1942724.403;2840792.134;B
1.10.38-3;-16.40955178;-71.51114068;-1942640.295;2841038.411;B
1.10.38-3;-16.40719661;-71.51217888;-1942350.511;2840951.48;B
1.10.38-3;-16.4079813;-71.5142706;-1942416.299;2840704.037;B
1.10.38-4; ; ;-1.516416327;20763369.87;B
1.10.38-4;-16.41066642;-71.5130887;-1942746.654;2840802.947;B
1.10.38-4;-16.41048478;-71.51133848;-1942747.406;2841003.781;B
1.10.38-4;-16.40985;-71.51160809;-1942669.43;2840981.511;B
1.10.38-4;-16.41055325;-71.51314956;-1942732.591;2840797.525;B
1.10.38-5; ; ;-1.516416327;20763369.87;B
1.10.38-5;-16.41049096;-71.51125357;-1942749.203;2841013.328;B
1.10.38-5;-16.41043153;-71.51077078;-1942748.315;2841068.85;B
1.10.38-5;-16.4096538;-71.51108981;-1942652.922;2841042.845;B
1.10.38-5;-16.40982466;-71.51154042;-1942667.307;2840989.514;B
1.10.38-6; ; ;-1.516416327;20763369.87;B
1.10.38-6;-16.41073354;-71.51150401;-1942774.54;2840981.758;B
1.10.38-6;-16.41069895;-71.51065709;-1942781.167;2841078.244;B
1.10.38-6;-16.41051555;-71.51073148;-1942758.682;2841072.207;B
1.10.38-6;-16.41059791;-71.51152722;-1942758.314;2840980.9;B
1.10.38-7; ; ;-1.516416327;20763369.87;B
1.10.38-7;-16.41068873;-71.51056003;-1942781.192;2841089.383;B
1.10.38-7;-16.41066751;-71.50938629;-1942793.515;2841222.753;B
1.10.38-7;-16.41033839;-71.50951773;-1942753.191;2841212.154;B
1.10.38-7;-16.41049028;-71.51062584;-1942757.047;2841084.517;B
1.10.38-8; ; ;-1.516416327;20763369.87;B
1.10.38-8;-16.41044418;-71.51062482;-1942751.644;2841085.234;B
1.10.38-8;-16.4103555;-71.51013375;-1942747.425;2841142.078;B
1.10.38-8;-16.40908434;-71.510683;-1942591.157;2841096.42;B
1.10.38-8;-16.40920788;-71.51116529;-1942599.584;2841040.117;B
1.10.38-9; ; ;-1.516416327;20763369.87;B
1.10.38-9;-16.41032425;-71.51004249;-1942744.906;2841152.835;B
1.10.38-9;-16.41027601;-71.50952761;-1942745.738;2841211.849;B
1.10.38-9;-16.40893697;-71.5100983;-1942581.224;2841164.648;B
1.10.38-9;-16.40906991;-71.51055796;-1942591.041;2841110.787;B
1.10.38-10; ; ;-1.516416327;20763369.87;B
1.10.38-10;-16.40898943;-71.51059792;-1942581.081;2841107.309;B
1.10.38-10;-16.40884924;-71.51012463;-1942570.585;2841162.81;B
1.10.38-10;-16.40784212;-71.51056538;-1942446.707;2841126.001;B
1.10.38-10;-16.40795177;-71.51105452;-1942453.415;2841069.102;B
1.10.38-11; ; ;-1.516416327;20763369.87;B
1.10.38-11;-16.40912678;-71.51119742;-1942589.65;2841037.534;B
1.10.38-11;-16.40900308;-71.51070355;-1942581.351;2841095.153;B
1.10.38-11;-16.40797963;-71.51115187;-1942455.459;2841057.699;B
1.10.38-11;-16.40808348;-71.51163442;-1942461.569;2841001.623;B
1.10.38-12; ; ;-1.516416327;20763369.87;B
1.10.38-12;-16.40800914;-71.51166713;-1942452.423;2840998.885;B
1.10.38-12;-16.40789457;-71.51118366;-1942445.066;2841055.206;B
1.10.38-12;-16.40684198;-71.5116225;-1942315.871;2841019.207;B
1.10.38-12;-16.40697342;-71.51210287;-1942325.25;2840963.017;B
1.10.38-13; ; ;-1.516416327;20763369.87;B
1.10.38-13;-16.40786136;-71.51108588;-1942442.398;2841066.728;B
1.10.38-13;-16.40773425;-71.51060791;-1942433.498;2841122.589;B
1.10.38-13;-16.40668694;-71.51105475;-1942304.821;2841085.613;B
1.10.38-13;-16.40680161;-71.51153779;-1942312.197;2841029.341;B
1.10.38-14; ; ;-1.516416327;20763369.87;B
1.10.38-14;-16.40770065;-71.51049474;-1942430.979;2841135.861;B
1.10.38-14;-16.40758656;-71.51001586;-1942423.62;2841191.655;B
1.10.38-14;-16.40690895;-71.51030729;-1942340.336;2841167.469;B
1.10.38-14;-16.40664126;-71.51074078;-1942303.417;2841121.813;B
1.10.38-14;-16.40664087;-71.51094792;-1942300.758;2841098.33;B
1.10.38-15; ; ;-1.516416327;20763369.87;B
1.10.38-15;-16.40881832;-71.51001384;-1942568.351;2841175.777;B
1.10.38-15;-16.40870727;-71.50953057;-1942561.405;2841232.029;B
1.10.38-15;-16.40768034;-71.50997177;-1942435.193;2841195.429;B
1.10.38-15;-16.40780692;-71.51045472;-1942443.969;2841139.009;B
1.10.38-16; ; ;-1.516416327;20763369.87;B
1.10.38-16;-16.41025638;-71.50942185;-1942744.766;2841224.099;B
1.10.38-16;-16.41010493;-71.50893563;-1942733.113;2841281.214;B
1.10.38-16;-16.40879538;-71.5094991;-1942572.153;2841234.446;B
1.10.38-16;-16.40890673;-71.50998486;-1942579.104;2841177.907;B
1.10.38-17; ; ;-1.516416327;20763369.87;B
1.10.38-17;-16.41063544;-71.5092816;-1942791.069;2841235.045;B
1.10.38-17;-16.41060059;-71.50873297;-1942793.901;2841297.711;B
1.10.38-17;-16.41019742;-71.50890334;-1942744.386;2841283.664;B
1.10.38-17;-16.41032554;-71.50938996;-1942753.294;2841226.81;B
1.10.38-18; ; ;-1.516416327;20763369.87;B
1.10.38-18;-16.41068104;-71.5085835;-1942805.239;2841313.608;B
1.10.38-18;-16.41067503;-71.50807987;-1942810.891;2841370.794;B
1.10.38-18;-16.41003933;-71.50832421;-1942733.124;2841351.403;B
1.10.38-18;-16.4101773;-71.50879331;-1942743.411;2841296.405;B
1.10.38-19; ; ;-1.516416327;20763369.87;B
1.10.38-19;-16.41007912;-71.50883956;-1942731.293;2841292.444;B
1.10.38-19;-16.40998897;-71.50846652;-1942725.411;2841335.924;B
1.10.38-19;-16.40994862;-71.50837572;-1942721.817;2841346.748;B
1.10.38-19;-16.40862086;-71.50890798;-1942559.113;2841303.758;B
1.10.38-19;-16.40874802;-71.50940666;-1942567.756;2841245.546;B
1.10.38-20; ; ;-1.516416327;20763369.87;B
1.10.38-20;-16.40869317;-71.50942931;-1942561.027;2841243.695;B
1.10.38-20;-16.40851882;-71.50894069;-1942546.712;2841301.383;B
1.10.38-20;-16.40751352;-71.5093733;-1942423.149;2841265.473;B
1.10.38-20;-16.4076387;-71.50987914;-1942431.47;2841206.476;B
1.10.38-21; ; ;-1.516416327;20763369.87;B
1.10.38-21;-16.40755299;-71.50991181;-1942420.988;2841203.893;B
1.10.38-21;-16.40748168;-71.50956625;-1942416.973;2841244.01;B
1.10.38-21;-16.40745029;-71.5095654;-1942413.295;2841244.516;B
1.10.38-21;-16.407431;-71.50951379;-1942411.68;2841250.622;B
1.10.38-21;-16.40701741;-71.51014758;-1942355.093;2841184.16;B
1.10.38-22; ; ;-1.516416327;20763369.87;B
1.10.38-22;-16.40776131;-71.50916443;-1942454.895;2841285.918;B
1.10.38-22;-16.40793789;-71.50910636;-1942476.373;2841290.193;B
1.10.38-22;-16.40794458;-71.50907283;-1942477.581;2841293.908;B
1.10.38-22;-16.40850978;-71.50886808;-1942546.566;2841309.734;B
1.10.38-22;-16.4083303;-71.50811831;-1942534.945;2841397.101;B
1.10.38-22;-16.40768469;-71.50913005;-1942446.328;2841290.818;B
1.10.38-23; ; ;-1.516416327;20763369.87;B
1.10.38-23;-16.40993358;-71.50826676;-1942721.425;2841359.3;B
1.10.38-23;-16.40977949;-71.50776815;-1942709.617;2841417.855;B
1.10.38-23;-16.40845806;-71.50833083;-1942547.272;2841371.331;B
1.10.38-23;-16.40860032;-71.50879811;-1942558.086;2841316.485;B
1.10.38-24; ; ;-1.516416327;20763369.87;B
1.10.38-24;-16.41055467;-71.50800603;-1942797.683;2841380.741;B
1.10.38-24;-16.41061103;-71.5077028;-1942808.133;2841414.388;B
1.10.38-24;-16.41058913;-71.50744639;-1942808.797;2841443.75;B
1.10.38-24;-16.40987267;-71.50775248;-1942720.762;2841418.412;B
1.10.38-24;-16.41001554;-71.50822053;-1942731.637;2841363.47;B
1.10.38-25; ; ;-1.516416327;20763369.87;B
1.10.38-25;-16.41070311;-71.50796795;-1942815.602;2841383.118;B
1.10.38-25;-16.41077723;-71.50735373;-1942832.065;2841451.796;B
1.10.38-25;-16.41079451;-71.50710793;-1942837.197;2841479.443;B
1.10.38-25;-16.41065197;-71.50713676;-1942820.088;2841478.039;B
1.10.38-25;-16.41066834;-71.50726597;-1942820.381;2841463.172;B
1.10.38-25;-16.4106101;-71.50796109;-1942804.762;2841385.113;B
1.10.38-26; ; ;-1.516416327;20763369.87;B
1.10.38-26;-16.41061416;-71.50731934;-1942813.341;2841457.829;B
1.10.38-26;-16.41055206;-71.50680152;-1942812.583;2841517.359;B
1.10.38-26;-16.40971624;-71.50716119;-1942709.849;2841487.508;B
1.10.38-26;-16.40984643;-71.50763412;-1942719.174;2841432.177;B
1.10.38-27; ; ;-1.516416327;20763369.87;B
1.10.38-27;-16.40976764;-71.50767981;-1942709.341;2841428.027;B
1.10.38-27;-16.40963218;-71.50720851;-1942699.377;2841483.241;B
1.10.38-27;-16.4086946;-71.50757717;-1942584.574;2841453.7;B
1.10.38-27;-16.40839884;-71.50799614;-1942544.539;2841410.058;B
1.10.38-27;-16.40842876;-71.50824012;-1942544.975;2841382.001;B
1.10.38-28; ; ;-1.516416327;20763369.87;B
1.10.38-28;-16.40880513;-71.50744202;-1942599.266;2841467.579;B
1.10.38-28;-16.40959176;-71.50708668;-1942696.165;2841497.585;B
1.10.38-28;-16.40942401;-71.5064758;-1942684.17;2841569.049;B
1.10.38-28;-16.40877208;-71.50742229;-1942595.632;2841470.249;B
1.10.38-29; ; ;-1.516416327;20763369.87;B
1.10.38-29;-16.41034466;-71.50675364;-1942788.822;2841525.502;B
1.10.38-29;-16.41000393;-71.50593498;-1942759.128;2841622.791;B
1.10.38-29;-16.40988786;-71.50577458;-1942747.517;2841642.497;B
1.10.38-29;-16.40948355;-71.50635394;-1942692.704;2841582.089;B
1.10.38-29;-16.40969854;-71.5070445;-1942709.242;2841500.971;B
1.10.38-30; ; ;-1.516416327;20763369.87;B
1.10.38-30;-16.41058391;-71.5066608;-1942818.102;2841532.9;B
1.10.38-30;-16.41028635;-71.50598065;-1942791.731;2841613.918;B
1.10.38-30;-16.4100453;-71.50550084;-1942769.47;2841671.479;B
1.10.38-30;-16.40992038;-71.50570327;-1942752.238;2841650.158;B
1.10.38-30;-16.41006856;-71.50602044;-1942765.642;2841612.254;B
1.10.38-30;-16.41037807;-71.5067591;-1942792.679;2841524.446;B
1.10.38-31; ; ;-1.516416327;20763369.87;B
1.10.38-31;-16.41038246;-71.50589761;-1942804.07;2841622.077;B
1.10.38-31;-16.41023983;-71.50547887;-1942792.601;2841671.426;B
1.10.38-31;-16.41017509;-71.50538299;-1942786.206;2841683.145;B
1.10.38-31;-16.41008602;-71.50547197;-1942774.619;2841674.22;B
1.10.38-31;-16.41029771;-71.50593301;-1942793.667;2841619.171;B
1.10.38-35; ; ;-1.516416327;20763369.87;B
1.10.38-35;-16.40901084;-71.50591519;-1942642.708;2841638.025;B
1.10.38-35;-16.409402;-71.50543861;-1942694.679;2841686.95;B
1.10.38-35;-16.40932997;-71.50533624;-1942687.509;2841699.5;B
1.10.38-35;-16.40943377;-71.5053052;-1942700.096;2841701.662;B
1.10.38-35;-16.40972861;-71.50572959;-1942729.376;2841649.682;B
1.10.38-35;-16.40997271;-71.50535014;-1942762.844;2841689.517;B
1.10.38-35;-16.40915056;-71.50402213;-1942683.024;2841850.864;B
1.10.38-35;-16.40894293;-71.504264;-1942655.576;2841826.153;B
1.10.38-35;-16.40907117;-71.50444245;-1942668.39;2841804.239;B
1.10.38-35;-16.40859247;-71.5047418;-1942608.371;2841776.555;B
1.10.38-35;-16.40889069;-71.5059281;-1942628.429;2841638.132;B
1.10.38-36; ; ;-1.516416327;20763369.87;B
1.10.38-36;-16.4091546;-71.50661426;-1942650.771;2841556.873;B
1.10.38-36;-16.40967885;-71.50578109;-1942722.881;2841644.494;B
1.10.38-36;-16.40942542;-71.50545684;-1942697.201;2841684.576;B
1.10.38-36;-16.40894426;-71.5060687;-1942632.948;2841621.488;B
1.10.38-36;-16.40908618;-71.50657952;-1942643.172;2841561.706;B
1.10.38-37; ; ;-1.516416327;20763369.87;B
1.10.38-37;-16.40907127;-71.50675704;-1942639.18;2841541.772;B
1.10.38-37;-16.40876426;-71.50567273;-1942616.8;2841668.744;B
1.10.38-37;-16.40877076;-71.50565878;-1942617.74;2841670.241;B
1.10.38-37;-16.40851705;-71.50481489;-1942598.587;2841769.254;B
1.10.38-37;-16.40826509;-71.50497311;-1942566.989;2841754.607;B
1.10.38-37;-16.40877184;-71.50717212;-1942598.762;2841498.62;B
1.10.38-40; ; ;-1.516416327;20763369.87;B
1.10.38-40;-16.40869064;-71.50724082;-1942588.356;2841491.892;B
1.10.38-40;-16.40816011;-71.50510495;-1942552.991;2841741.03;B
1.10.38-40;-16.40767771;-71.50538276;-1942492.81;2841715.837;B
1.10.38-40;-16.40799721;-71.50633128;-1942518.372;2841604.099;B
1.10.38-40;-16.40845757;-71.50739564;-1942559.02;2841477.384;B
1.10.38-41; ; ;-1.516416327;20763369.87;B
1.10.38-41;-16.40849279;-71.50759804;-1942560.602;2841453.972;B
1.10.38-41;-16.40844878;-71.50753973;-1942556.168;2841461.159;B
1.10.38-41;-16.40800925;-71.50783966;-1942500.745;2841432.897;B
1.10.38-41;-16.4081442;-71.50812783;-1942512.962;2841398.455;B
1.10.38-42; ; ;-1.516416327;20763369.87;B
1.10.38-42;-16.40838921;-71.50742523;-1942550.615;2841474.923;B
1.10.38-42;-16.40762386;-71.50542005;-1942486.013;2841712.313;B
1.10.38-42;-16.40719378;-71.50571064;-1942431.817;2841684.986;B
1.10.38-42;-16.40796696;-71.50771634;-1942497.334;2841447.434;B
1.10.38-46; ; ;-1.516416327;20763369.87;B
1.10.38-46;-16.40735253;-71.5064492;-1942441.144;2841599.159;B
1.10.38-46;-16.40711001;-71.50578754;-1942421.005;2841677.361;B
1.10.38-46;-16.40681363;-71.50597161;-1942383.863;2841660.364;B
1.10.38-46;-16.40703261;-71.50663739;-1942401.184;2841582.003;B
1.10.38-47; ; ;-1.516416327;20763369.87;B
1.10.38-47;-16.40787964;-71.50774007;-1942486.775;2841445.886;B
1.10.38-47;-16.40738203;-71.5065083;-1942443.864;2841592.072;B
1.10.38-47;-16.40701874;-71.50670441;-1942398.709;2841574.584;B
1.10.38-47;-16.40704228;-71.50711155;-1942396.334;2841528.108;B
1.10.38-47;-16.40747514;-71.50802717;-1942435.63;2841418.62;B
1.10.38-48; ; ;-1.516416327;20763369.87;B
1.10.38-48;-16.40791262;-71.50853035;-1942480.675;2841355.841;B
1.10.38-48;-16.40809366;-71.50823971;-1942505.611;2841386.43;B
1.10.38-48;-16.40793116;-71.50789531;-1942490.868;2841427.608;B
1.10.38-48;-16.40750353;-71.50814934;-1942437.423;2841404.395;B
1.10.38-48;-16.4077531;-71.5086721;-1942460.145;2841341.852;B
1.10.38-49; ; ;-1.516416327;20763369.87;B
1.10.38-49;-16.40764502;-71.50895939;-1942443.821;2841310.689;B
1.10.38-49;-16.40761832;-71.50891153;-1942441.289;2841316.464;B
1.10.38-49;-16.40637059;-71.50977183;-1942283.847;2841235.226;B
1.10.38-49;-16.40666624;-71.5103551;-1942311.219;2841165.22;B
1.10.38-50; ; ;-1.516416327;20763369.87;B
1.10.38-50;-16.40725168;-71.50902684;-1942396.76;2841308.184;B
1.10.38-50;-16.4070072;-71.50849188;-1942374.791;2841372.043;B
1.10.38-50;-16.40599805;-71.5091332;-1942248.141;2841312.515;B
1.10.38-50;-16.4063475;-71.50961941;-1942283.059;2841252.812;B
1.10.38-51; ; ;-1.516416327;20763369.87;B
1.10.38-51;-16.40771663;-71.5087444;-1942454.947;2841334.13;B
1.10.38-51;-16.40743723;-71.50820189;-1942428.971;2841399.303;B
1.10.38-51;-16.40706388;-71.50844453;-1942382.047;2841376.67;B
1.10.38-51;-16.40730281;-71.50900005;-1942403.106;2841310.553;B
1.10.38-52; ; ;-1.516416327;20763369.87;B
1.10.38-52;-16.40739232;-71.50806323;-1942425.445;2841415.613;B
1.10.38-52;-16.40716964;-71.5075377;-1942405.918;2841478.119;B
1.10.38-52;-16.40677506;-71.50780411;-1942356.199;2841453.069;B
1.10.38-52;-16.40708881;-71.50828771;-1942386.955;2841394.128;B
1.10.38-53; ; ;-1.516416327;20763369.87;B
1.10.38-53;-16.40701723;-71.50833601;-1942377.936;2841389.586;B
1.10.38-53;-16.40670455;-71.50784728;-1942347.371;2841449.095;B
1.10.38-53;-16.40573707;-71.50845312;-1942226.064;2841393.046;B
1.10.38-53;-16.40607023;-71.50895095;-1942258.921;2841332.238;B
1.10.38-54; ; ;-1.516416327;20763369.87;B
1.10.38-54;-16.4066765;-71.50777774;-1942344.953;2841457.348;B
1.10.38-54;-16.40643125;-71.50735454;-1942321.483;2841508.544;B
1.10.38-54;-16.40553383;-71.50821319;-1942205.216;2841422.91;B
1.10.38-54;-16.40566289;-71.50842933;-1942217.649;2841396.714;B
1.10.38-57; ; ;-1.516416327;20763369.87;B
1.10.38-57;-16.40639715;-71.5073212;-1942317.898;2841512.771;B
1.10.38-57;-16.40625147;-71.50709386;-1942303.652;2841540.456;B
1.10.38-57;-16.40598555;-71.50735826;-1942269.074;2841513.951;B
1.10.38-57;-16.40557769;-71.50760002;-1942218.106;2841491.869;B
1.10.38-57;-16.40531154;-71.50730424;-1942190.572;2841528.89;B
1.10.38-57;-16.40515564;-71.50744837;-1942170.437;2841514.584;B
1.10.38-57;-16.40554825;-71.50811514;-1942208.147;2841433.841;B
1.10.38-59; ; ;-1.516416327;20763369.87;B
1.10.38-59;-16.40647109;-71.50672443;-1942334.117;2841579.476;B
1.10.38-59;-16.40623815;-71.50642624;-1942310.514;2841616.337;B
1.10.38-59;-16.4059457;-71.5066696;-1942273.085;2841592.564;B
1.10.38-59;-16.40605652;-71.50684248;-1942283.922;2841571.511;B
1.10.38-59;-16.4062564;-71.50699957;-1942305.422;2841551.084;B
1.10.59-1; ; ;-1.516416327;20763369.87;B
1.10.59-1;-16.40761941;-71.51464086;-1942369.113;2840666.784;B
1.10.59-1;-16.40769496;-71.51492026;-1942374.464;2840634.114;B
1.10.59-1;-16.40790799;-71.51502775;-1942398.133;2840619.141;B
1.10.59-1;-16.41064938;-71.51501291;-1942720.368;2840584.984;B
1.10.59-1;-16.41062921;-71.51337488;-1942738.671;2840770.983;B
1.10.59-4; ; ;-1.516416327;20763369.87;B
1.10.59-4;-16.40662967;-71.51577262;-1942238.563;2840551.389;B
1.10.59-4;-16.40775679;-71.51511369;-1942379.286;2840611.372;B
1.10.59-4;-16.40772931;-71.51503489;-1942377.052;2840620.667;B
1.10.59-4;-16.40758501;-71.51493457;-1942361.366;2840633.928;B
1.10.59-4;-16.40761938;-71.51484861;-1942366.488;2840643.226;B
1.10.59-4;-16.40757129;-71.51469816;-1942362.738;2840660.915;B
1.10.59-4;-16.40634112;-71.51519231;-1942211.986;2840620.963;B
1.10.60-3; ; ;-1.516416327;20763369.87;B
1.10.60-3;-16.40949126;-71.53356878;-1942350.289;2838496.189;B
1.10.60-3;-16.41021308;-71.53293356;-1942443.084;2838558.783;B
1.10.60-3;-16.41013284;-71.53284596;-1942434.763;2838569.762;B
1.10.60-3;-16.41012612;-71.5327553;-1942435.117;2838580.129;B
1.10.60-3;-16.40999694;-71.53272997;-1942420.262;2838584.688;B
1.10.60-3;-16.40960863;-71.53228702;-1942380.234;2838639.98;B
1.10.60-3;-16.40889064;-71.5328899;-1942288.295;2838581.004;B
1.10.60-4; ; ;-1.516416327;20763369.87;B
1.10.60-4;-16.41037224;-71.53409563;-1942447.13;2838424.951;B
1.10.60-4;-16.41011969;-71.53373849;-1942421.967;2838468.742;B
1.10.60-4;-16.41047212;-71.53333509;-1942468.45;2838509.875;B
1.10.60-4;-16.41029151;-71.53297702;-1942451.749;2838552.831;B
1.10.60-4;-16.40952445;-71.53366669;-1942352.953;2838484.656;B
1.10.60-4;-16.41008473;-71.5343424;-1942410.248;2838400.728;B
1.10.60-5; ; ;-1.516416327;20763369.87;B
1.10.60-5;-16.41096156;-71.53424253;-1942514.502;2838400.599;B
1.10.60-5;-16.41073095;-71.53388536;-1942491.916;2838444.106;B
1.10.60-5;-16.41051815;-71.53343596;-1942472.585;2838497.837;B
1.10.60-5;-16.4101889;-71.53373229;-1942430.175;2838468.54;B
1.10.60-5;-16.41074355;-71.53439001;-1942487.034;2838386.726;B
1.10.60-6; ; ;-1.516416327;20763369.87;B
1.10.60-6;-16.4113187;-71.53464001;-1942551.442;2838350.87;B
1.10.60-6;-16.410986;-71.53431122;-1942516.507;2838392.492;B
1.10.60-6;-16.4107372;-71.53445809;-1942485.43;2838379.091;B
1.10.60-6;-16.41043226;-71.53416366;-1942453.323;2838416.455;B
1.10.60-6;-16.41012654;-71.53442927;-1942414.063;2838390.333;B
1.10.60-6;-16.41076239;-71.53516687;-1942479.455;2838298.403;B
1.10.60-7; ; ;-1.516416327;20763369.87;B
1.10.60-7;-16.41205882;-71.53532323;-1942629.766;2838263.744;B
1.10.60-7;-16.41138812;-71.53471244;-1942558.683;2838341.752;B
1.10.60-7;-16.41080038;-71.53523082;-1942483.112;2838290.656;B
1.10.60-7;-16.41116171;-71.53563301;-1942520.485;2838240.339;B
1.10.60-7;-16.41200552;-71.53537408;-1942622.864;2838258.675;B
1.10.60-8; ; ;-1.516416327;20763369.87;B
1.10.60-8;-16.40854569;-71.53616312;-1942206.519;2838214.398;B
1.10.60-8;-16.40837446;-71.53604908;-1942187.843;2838229.563;B
1.10.60-8;-16.40829639;-71.53585134;-1942181.165;2838253.002;B
1.10.60-8;-16.40769274;-71.5357415;-1942111.644;2838273.337;B
1.10.60-8;-16.40838907;-71.53655561;-1942183.176;2838171.943;B
1.10.60-9; ; ;-1.516416327;20763369.87;B
1.10.60-9;-16.40994649;-71.53443889;-1942392.793;2838391.594;B
1.10.60-9;-16.4099846;-71.53437468;-1942398.079;2838398.377;B
1.10.60-9;-16.40943304;-71.53373583;-1942341.344;2838478.01;B
1.10.60-9;-16.40895802;-71.53416707;-1942280.111;2838435.321;B
1.10.60-9;-16.40903431;-71.53426488;-1942287.839;2838423.235;B
1.10.60-10; ; ;-1.516416327;20763369.87;B
1.10.60-10;-16.41100298;-71.53569628;-1942501.042;2838235.239;B
1.10.60-10;-16.41013948;-71.53459408;-1942413.506;2838371.479;B
1.10.60-10;-16.41006151;-71.53460664;-1942404.19;2838371.073;B
1.10.60-10;-16.40984065;-71.53602127;-1942360.417;2838213.571;B
1.10.60-10;-16.410218;-71.53608895;-1942403.887;2838200.971;B
1.10.60-11; ; ;-1.516416327;20763369.87;B
1.10.60-11;-16.41014149;-71.53614608;-1942394.18;2838195.492;B
1.10.60-11;-16.40983341;-71.53609136;-1942358.683;2838205.719;B
1.10.60-11;-16.40964499;-71.53627547;-1942334.23;2838187.306;B
1.10.60-11;-16.40968512;-71.53641572;-1942337.176;2838170.881;B
1.10.60-11;-16.40989013;-71.53629855;-1942362.734;2838181.488;B
1.10.60-12; ; ;-1.516416327;20763369.87;B
1.10.60-12;-16.40946037;-71.53657852;-1942308.725;2838155.357;B
1.10.60-12;-16.40939553;-71.53651414;-1942301.919;2838163.504;B
1.10.60-12;-16.40875902;-71.53707349;-1942220.105;2838108.398;B
1.10.60-12;-16.40900427;-71.53733353;-1942245.635;2838075.714;B
1.10.60-13; ; ;-1.516416327;20763369.87;B
1.10.60-13;-16.40975302;-71.53607243;-1942349.478;2838208.915;B
1.10.60-13;-16.40900867;-71.53594315;-1942263.675;2838233.292;B
1.10.60-13;-16.40885919;-71.53613421;-1942243.708;2838213.582;B
1.10.60-13;-16.40866093;-71.53619235;-1942219.687;2838209.579;B
1.10.60-13;-16.40846154;-71.5367054;-1942189.801;2838154.015;B
1.10.60-13;-16.40874053;-71.53703872;-1942218.37;2838112.581;B
1.10.60-14; ; ;-1.516416327;20763369.87;B
1.10.60-14;-16.40808011;-71.53828478;-1942125.095;2837979.93;B
1.10.60-14;-16.40784391;-71.53802006;-1942100.686;2838013.026;B
1.10.60-14;-16.40792829;-71.53793672;-1942111.647;2838021.374;B
1.10.60-14;-16.40812431;-71.53827725;-1942130.381;2837980.207;B
1.10.60-14;-16.4082942;-71.5381812;-1942151.547;2837988.879;B
1.10.60-14;-16.4085091;-71.53792536;-1942180.014;2838015.08;B
1.10.60-14;-16.40826503;-71.53765657;-1942154.732;2838048.74;B
1.10.60-14;-16.40830968;-71.53762476;-1942160.377;2838051.764;B
1.10.60-14;-16.40855798;-71.53787533;-1942186.386;2838020.113;B
1.10.60-14;-16.40892122;-71.53742574;-1942234.717;2838066.343;B
1.10.60-14;-16.40843834;-71.53681742;-1942185.664;2838141.617;B
1.10.60-14;-16.40777297;-71.53755658;-1942098.194;2838066.501;B
1.10.60-14;-16.40707885;-71.53840323;-1942005.993;2837979.572;B
1.10.60-14;-16.40753068;-71.53858479;-1942056.778;2837953.089;B
1.10.60-15; ; ;-1.516416327;20763369.87;B
1.10.60-15;-16.40752252;-71.53759277;-1942068.32;2838065.667;B
1.10.60-15;-16.40776066;-71.53734467;-1942099.418;2838090.687;B
1.10.60-15;-16.40700204;-71.53618142;-1942024.968;2838232.478;B
1.10.60-15;-16.40690434;-71.53613874;-1942014.03;2838238.592;B
1.10.60-15;-16.40641541;-71.53650027;-1941952.043;2838203.986;B
1.10.60-15;-16.4073329;-71.53788843;-1942042.321;2838034.621;B
1.10.60-16; ; ;-1.516416327;20763369.87;B
1.10.60-16;-16.4080189;-71.53710668;-1942132.751;2838114.298;B
1.10.60-16;-16.40831768;-71.53667871;-1942173.239;2838158.919;B
1.10.60-16;-16.40752835;-71.53570276;-1942092.822;2838279.875;B
1.10.60-16;-16.4070406;-71.53607363;-1942030.856;2838244.195;B
1.10.60-16;-16.40781564;-71.53726453;-1942106.887;2838099.055;B
1.10.60-17; ; ;-1.516416327;20763369.87;B
1.10.60-17;-16.40936829;-71.53372685;-1942333.852;2838479.874;B
1.10.60-17;-16.40935945;-71.53364389;-1942333.859;2838489.395;B
1.10.60-17;-16.4088052;-71.53299;-1942276.997;2838570.771;B
1.10.60-17;-16.40834191;-71.53340594;-1942217.334;2838529.662;B
1.10.60-17;-16.40890228;-71.53409982;-1942274.411;2838443.673;B
1.10.60-18; ; ;-1.516416327;20763369.87;B
1.10.60-18;-16.40788162;-71.53406954;-1942154.903;2838460.435;B
1.10.60-18;-16.4087586;-71.53422216;-1942255.992;2838431.679;B
1.10.60-18;-16.4088671;-71.53412734;-1942269.931;2838441.012;B
1.10.60-18;-16.40830086;-71.53343653;-1942212.127;2838526.73;B
1.10.60-18;-16.40782292;-71.53389222;-1942150.242;2838481.305;B
1.10.60-19; ; ;-1.516416327;20763369.87;B
1.10.60-19;-16.40754639;-71.53549074;-1942097.613;2838303.679;B
1.10.60-19;-16.40775848;-71.53422856;-1942138.434;2838444.013;B
1.10.60-19;-16.40762059;-71.53406044;-1942124.356;2838464.875;B
1.10.60-19;-16.40690221;-71.53475162;-1942031.261;2838395.889;B
1.10.60-19;-16.40751245;-71.53550663;-1942093.427;2838302.32;B
1.10.60-20; ; ;-1.516416327;20763369.87;B
1.10.60-20;-16.4070365;-71.53596766;-1942031.71;2838256.264;B
1.10.60-20;-16.40745132;-71.53565268;-1942084.405;2838286.559;B
1.10.60-20;-16.40681397;-71.53481072;-1942020.151;2838390.341;B
1.10.60-20;-16.40640154;-71.53509548;-1941968.117;2838363.44;B
1.10.60-20;-16.40695971;-71.53595767;-1942022.816;2838258.399;B
1.10.60-21; ; ;-1.516416327;20763369.87;B
1.10.60-21;-16.40596212;-71.53541538;-1941912.47;2838332.907;B
1.10.60-21;-16.40595156;-71.53557542;-1941909.213;2838314.901;B
1.10.60-21;-16.40587691;-71.53566486;-1941899.317;2838305.734;B
1.10.60-21;-16.40637775;-71.5364162;-1941948.678;2838214.009;B
1.10.60-21;-16.4069145;-71.5360434;-1942016.425;2838249.269;B
1.10.60-21;-16.40633957;-71.53514675;-1941960.191;2838358.436;B
1.10.60-22; ; ;-1.516416327;20763369.87;B
1.10.60-22;-16.40591363;-71.53534747;-1941907.63;2838341.24;B
1.10.60-22;-16.40630267;-71.53507447;-1941956.768;2838367.113;B
1.10.60-22;-16.40571978;-71.53413869;-1941900.093;2838480.822;B
1.10.60-22;-16.40515723;-71.53392952;-1941836.65;2838511.883;B
1.10.60-22;-16.40499933;-71.53434166;-1941812.908;2838467.216;B
1.10.60-22;-16.40564544;-71.5353004;-1941876.72;2838350.078;B
1.10.60-22;-16.40574559;-71.53526619;-1941888.915;2838352.649;B
1.10.60-22;-16.40585568;-71.5352958;-1941901.474;2838347.855;B
1.10.60-23; ; ;-1.516416327;20763369.87;B
1.10.60-23;-16.40636106;-71.53501836;-1941964.334;2838372.713;B
1.10.60-23;-16.4067631;-71.53475287;-1942014.905;2838397.564;B
1.10.60-23;-16.40543488;-71.53312339;-1941879.423;2838599.657;B
1.10.60-23;-16.40516916;-71.5338483;-1941839.074;2838520.936;B
1.10.60-23;-16.40575486;-71.53409303;-1941904.789;2838485.541;B
1.10.60-24; ; ;-1.516416327;20763369.87;B
1.10.60-24;-16.40688753;-71.53466296;-1942030.653;2838406.133;B
1.10.60-24;-16.40758538;-71.53401459;-1942120.798;2838470.533;B
1.10.60-24;-16.40728286;-71.53356495;-1942090.929;2838525.463;B
1.10.60-24;-16.40651787;-71.53425338;-1941992.394;2838457.398;B
1.10.60-24;-16.4068406;-71.53468744;-1942024.833;2838403.971;B
1.10.60-25; ; ;-1.516416327;20763369.87;B
1.10.60-25;-16.40871839;-71.53297354;-1942267.007;2838573.771;B
1.10.60-25;-16.40843981;-71.5325951;-1942239.055;2838620.316;B
1.10.60-25;-16.40735347;-71.53352038;-1942099.786;2838529.595;B
1.10.60-25;-16.40766209;-71.53393865;-1942130.765;2838478.141;B
1.10.60-26; ; ;-1.516416327;20763369.87;B
1.10.60-26;-16.40839896;-71.53252301;-1942235.164;2838629.023;B
1.10.60-26;-16.40805401;-71.53210981;-1942199.854;2838680.376;B
1.10.60-26;-16.40698707;-71.53304603;-1942062.725;2838588.161;B
1.10.60-26;-16.40730998;-71.53348233;-1942095.156;2838534.476;B
1.10.60-27; ; ;-1.516416327;20763369.87;B
1.10.60-27;-16.40724504;-71.53354996;-1942086.676;2838527.656;B
1.10.60-27;-16.40689591;-71.53310674;-1942051.252;2838582.468;B
1.10.60-27;-16.40613647;-71.53377959;-1941953.564;2838516.096;B
1.10.60-27;-16.4064768;-71.53420141;-1941988.224;2838463.826;B
1.10.60-28; ; ;-1.516416327;20763369.87;B
1.10.60-28;-16.40685401;-71.53303028;-1942047.294;2838591.684;B
1.10.60-28;-16.40659371;-71.53270326;-1942020.84;2838632.161;B
1.10.60-28;-16.40582254;-71.53339751;-1941921.505;2838563.516;B
1.10.60-28;-16.40607193;-71.53371846;-1941946.753;2838523.87;B
1.10.60-29; ; ;-1.516416327;20763369.87;B
1.10.60-29;-16.40800798;-71.53204992;-1942195.202;2838687.768;B
1.10.60-29;-16.40775334;-71.53168547;-1942169.885;2838732.415;B
1.10.60-29;-16.40667448;-71.53263784;-1942031.152;2838638.523;B
1.10.60-29;-16.40692571;-71.53298493;-1942056.287;2838595.89;B
1.10.60-30; ; ;-1.516416327;20763369.87;B
1.10.60-30;-16.40772573;-71.53164538;-1942167.147;2838737.32;B
1.10.60-30;-16.40734333;-71.53118646;-1942128.013;2838794.348;B
1.10.60-30;-16.40633913;-71.53218373;-1941997.483;2838694.39;B
1.10.60-30;-16.40663886;-71.53260109;-1942027.43;2838643.155;B
1.10.60-31; ; ;-1.516416327;20763369.87;B
1.10.60-31;-16.40657576;-71.53265818;-1942019.3;2838637.507;B
1.10.60-31;-16.40627469;-71.53225062;-1941989.071;2838687.647;B
1.10.60-31;-16.40551887;-71.53304666;-1941890.255;2838607.26;B
1.10.60-31;-16.40576169;-71.53333817;-1941915.105;2838571.038;B
1.10.60-32; ; ;-1.516416327;20763369.87;B
1.10.60-32;-16.40503826;-71.53379162;-1941824.412;2838529.071;B
1.10.60-32;-16.40534112;-71.53309559;-1941868.76;2838604.034;B
1.10.60-32;-16.40494715;-71.53256177;-1941829.209;2838669.703;B
1.10.60-32;-16.40482642;-71.53251929;-1941815.564;2838676.096;B
1.10.60-32;-16.40465659;-71.53264017;-1941794.091;2838664.609;B
1.10.60-32;-16.40446845;-71.53302938;-1941767.087;2838622.935;B
1.10.60-32;-16.40434087;-71.5335058;-1941746.096;2838570.583;B
1.10.60-33; ; ;-1.516416327;20763369.87;B
1.10.60-33;-16.40622194;-71.53221241;-1941983.356;2838692.668;B
1.10.60-33;-16.40582902;-71.53169163;-1941943.766;2838756.846;B
1.10.60-33;-16.40530749;-71.53202118;-1941878.35;2838726.291;B
1.10.60-33;-16.40493377;-71.5322922;-1941831.036;2838700.442;B
1.10.60-33;-16.4054558;-71.53297794;-1941883.713;2838615.875;B
1.10.60-34; ; ;-1.516416327;20763369.87;B
1.10.60-34;-16.40729433;-71.53113787;-1942122.869;2838800.497;B
1.10.60-34;-16.4069522;-71.53073624;-1942087.744;2838850.502;B
1.10.60-34;-16.40662714;-71.53109036;-1942045.096;2838814.596;B
1.10.60-34;-16.40662232;-71.53109539;-1942044.467;2838814.09;B
1.10.60-34;-16.40639115;-71.53127623;-1942015.033;2838796.604;B
1.10.60-34;-16.40621777;-71.53141438;-1941992.926;2838783.205;B
1.10.60-34;-16.40590472;-71.53164479;-1941953.249;2838761.168;B
1.10.60-34;-16.40628782;-71.53212743;-1941992.166;2838701.444;B
1.10.60-44; ; ;-1.516416327;20763369.87;B
1.10.60-44;-16.40255541;-71.53179587;-1941557.916;2838787.771;B
1.10.60-44;-16.40341914;-71.53060011;-1941674.444;2838912.074;B
1.10.60-44;-16.40317461;-71.5303405;-1941648.991;2838944.702;B
1.10.60-44;-16.4024984;-71.52949643;-1941580.198;2839049.237;B
1.10.60-44;-16.4015457;-71.53037942;-1941457.159;2838961.557;B
1.10.60-44;-16.40144908;-71.53058141;-1941443.263;2838939.916;B
1.10.60-44;-16.40127956;-71.53072009;-1941421.603;2838926.405;B
1.10.60-44;-16.4017142;-71.53114847;-1941467.26;2838872.159;B
1.10.60-45; ; ;-1.516416327;20763369.87;B
1.10.60-45;-16.40106027;-71.53228897;-1941376.073;2838751.38;B
1.10.60-45;-16.40153517;-71.53102649;-1941447.767;2838888.327;B
1.10.60-45;-16.40124834;-71.53077114;-1941417.291;2838921.024;B
1.10.60-45;-16.40018818;-71.53145366;-1941284.157;2838857.477;B
1.10.60-45;-16.40022396;-71.5319709;-1941281.843;2838798.362;B
1.10.60-46; ; ;-1.516416327;20763369.87;B
1.10.60-46;-16.40253028;-71.53182265;-1941554.626;2838785.063;B
1.10.60-46;-16.40210436;-71.53154426;-1941508.103;2838822.189;B
1.10.60-46;-16.40160089;-71.53110856;-1941454.453;2838878.164;B
1.10.60-46;-16.40115155;-71.53230326;-1941386.615;2838748.568;B
1.10.60-46;-16.40205875;-71.53266454;-1941488.628;2838695.762;B
1.10.60-47; ; ;-1.516416327;20763369.87;B
1.10.60-47;-16.40345106;-71.53245851;-1941654.772;2838700.945;B
1.10.60-47;-16.40256339;-71.5318572;-1941558.079;2838780.713;B
1.10.60-47;-16.40208412;-71.53268133;-1941491.396;2838693.527;B
1.10.60-47;-16.4030722;-71.53306812;-1941602.588;2838636.772;B
1.10.60-48; ; ;-1.516416327;20763369.87;B
1.10.60-48;-16.40405418;-71.53146278;-1941738.167;2838805.969;B
1.10.60-48;-16.40343981;-71.53068481;-1941675.805;2838902.2;B
1.10.60-48;-16.40259259;-71.53180766;-1941562.134;2838785.949;B
1.10.60-48;-16.4034473;-71.53239728;-1941655.102;2838707.936;B
1.10.60-49; ; ;-1.516416327;20763369.87;B
1.10.60-49;-16.40388231;-71.53268942;-1941702.519;2838669.133;B
1.10.60-49;-16.40430974;-71.53287826;-1941750.347;2838642.142;B
1.10.60-49;-16.40447594;-71.53264477;-1941772.812;2838666.445;B
1.10.60-49;-16.40475511;-71.53233216;-1941809.546;2838698.244;B
1.10.60-49;-16.40411288;-71.53152259;-1941744.309;2838798.421;B
1.10.60-49;-16.40352426;-71.53243903;-1941663.617;2838702.198;B
1.10.60-50; ; ;-1.516416327;20763369.87;B
1.10.60-50;-16.4039798;-71.53342252;-1941704.732;2838584.739;B
1.10.60-50;-16.4042961;-71.53294374;-1941747.92;2838634.895;B
1.10.60-50;-16.40392303;-71.53277815;-1941706.184;2838658.541;B
1.10.60-50;-16.40349926;-71.53247692;-1941660.202;2838698.228;B
1.10.60-50;-16.40310702;-71.53306992;-1941606.655;2838636.113;B
1.10.60-50;-16.40360438;-71.5332589;-1941662.695;2838608.192;B
1.10.2-34; ; ;-1.516416327;20763369.87;C
1.10.2-34;-16.40511828;-71.50736772;-1942167.067;2841524.219;C
1.10.2-34;-16.40518656;-71.50729447;-1942176.013;2841531.632;C
1.10.2-34;-16.40527437;-71.50708704;-1942188.946;2841554.006;C
1.10.2-34;-16.40524367;-71.50704037;-1942185.929;2841559.7;C
1.10.2-34;-16.40500103;-71.50720998;-1942155.283;2841543.64;C
1.10.2-35; ; ;-1.516416327;20763369.87;C
1.10.2-35;-16.40495435;-71.507127;-1942150.846;2841553.66;C
1.10.2-35;-16.40534231;-71.50686994;-1942199.669;2841577.736;C
1.10.2-35;-16.40549052;-71.50644638;-1942222.427;2841623.829;C
1.10.2-35;-16.40546369;-71.50641039;-1942219.73;2841628.262;C
1.10.2-35;-16.40550853;-71.50640035;-1942225.124;2841628.814;C
1.10.2-35;-16.40548677;-71.50635381;-1942223.155;2841634.376;C
1.10.2-35;-16.40553818;-71.50633217;-1942229.468;2841636.157;C
1.10.2-35;-16.40556426;-71.50623264;-1942233.788;2841647.103;C
1.10.2-35;-16.40554869;-71.50621865;-1942232.136;2841648.893;C
1.10.2-35;-16.40555449;-71.50610146;-1942234.296;2841662.106;C
1.10.2-35;-16.40552599;-71.50600363;-1942232.183;2841673.573;C
1.10.2-35;-16.40463662;-71.50659249;-1942120.264;2841618.427;C
1.10.2-41; ; ;-1.516416327;20763369.87;C
1.10.2-41;-16.39937187;-71.51141851;-1941440.859;2841139.982;C
1.10.2-41;-16.39943857;-71.51137177;-1941449.285;2841144.411;C
1.10.2-41;-16.39911551;-71.5105154;-1941422.135;2841245.745;C
1.10.2-41;-16.3989313;-71.51001633;-1941406.79;2841304.748;C
1.10.2-41;-16.39871185;-71.50954696;-1941386.93;2841360.843;C
1.10.2-41;-16.39828326;-71.50981181;-1941333.238;2841336.41;C
1.10.2-41;-16.39808976;-71.50996409;-1941308.584;2841321.67;C
1.10.2-46; ; ;-1.516416327;20763369.87;C
1.10.2-46;-16.40425917;-71.50596649;-1942083.822;2841694.35;C
1.10.2-46;-16.4045464;-71.50645765;-1942111.367;2841634.897;C
1.10.2-46;-16.40551888;-71.50584833;-1942233.308;2841691.277;C
1.10.2-46;-16.40547603;-71.50557801;-1942231.685;2841722.491;C
1.10.2-46;-16.40549616;-71.50555973;-1942234.281;2841724.301;C
1.10.2-46;-16.40549682;-71.50552207;-1942234.835;2841728.563;C
1.10.2-46;-16.40548507;-71.50551497;-1942233.543;2841729.522;C
1.10.2-46;-16.40546731;-71.50543258;-1942232.497;2841739.096;C
1.10.2-46;-16.40549023;-71.50541489;-1942235.413;2841740.802;C
1.10.2-46;-16.40547211;-71.50530068;-1942234.726;2841753.991;C
1.10.2-46;-16.405445;-71.50529656;-1942231.592;2841754.813;C
1.10.2-46;-16.40543165;-71.50517455;-1942231.565;2841768.823;C
1.10.2-46;-16.40426533;-71.50594002;-1942084.88;2841697.271;C
1.10.2-47; ; ;-1.516416327;20763369.87;C
1.10.2-47;-16.40389084;-71.50534033;-1942048.453;2841770.174;C
1.10.2-47;-16.40417116;-71.50582089;-1942075.319;2841712.013;C
1.10.2-47;-16.40479331;-71.50541071;-1942153.589;2841750.391;C
1.10.2-47;-16.40541844;-71.50501424;-1942232.037;2841787.175;C
1.10.2-47;-16.40536752;-71.50442546;-1942233.486;2841854.609;C
1.10.2-47;-16.40533874;-71.50440148;-1942230.408;2841857.704;C
1.10.2-54; ; ;-1.516416327;20763369.87;C
1.10.2-54;-16.39799278;-71.50987762;-1941298.281;2841332.743;C
1.10.2-54;-16.39821267;-71.5096941;-1941326.43;2841350.681;C
1.10.2-54;-16.39827493;-71.50964436;-1941334.371;2841355.508;C
1.10.2-54;-16.39865801;-71.50940906;-1941382.345;2841377.184;C
1.10.2-54;-16.39845583;-71.50886701;-1941365.431;2841441.297;C
1.10.2-54;-16.39758984;-71.50944267;-1941256.43;2841387.334;C
1.10.2-55; ; ;-1.516416327;20763369.87;C
1.10.2-55;-16.39748365;-71.50934848;-1941245.143;2841399.402;C
1.10.2-55;-16.39756421;-71.50926493;-1941255.661;2841407.825;C
1.10.2-55;-16.39757995;-71.50927365;-1941257.4;2841406.63;C
1.10.2-55;-16.39837635;-71.50874741;-1941357.602;2841455.899;C
1.10.2-55;-16.39838706;-71.50871021;-1941359.329;2841459.976;C
1.10.2-55;-16.3981731;-71.50819599;-1941340.68;2841521.087;C
1.10.2-55;-16.39709249;-71.50889503;-1941204.909;2841455.937;C
1.10.2-70; ; ;-1.516416327;20763369.87;C
1.10.2-70;-16.39679143;-71.50857076;-1941173.63;2841496.644;C
1.10.2-70;-16.39697417;-71.50878363;-1941192.414;2841470.116;C
1.10.2-70;-16.39704176;-71.50875413;-1941200.726;2841472.579;C
1.10.2-70;-16.39758128;-71.50839542;-1941268.636;2841506.206;C
1.10.2-70;-16.39812266;-71.50805406;-1941336.545;2841537.841;C
1.10.2-70;-16.3978838;-71.50747605;-1941315.776;2841606.512;C
1.10.2-70;-16.39744139;-71.50776541;-1941260.149;2841579.48;C
1.10.2-70;-16.39720251;-71.50792067;-1941230.126;2841564.994;C
1.10.2-70;-16.39666962;-71.50826521;-1941163.174;2841532.887;C
1.10.2-71; ; ;-1.516416327;20763369.87;C
1.10.2-71;-16.39670332;-71.50809109;-1941169.329;2841552.193;C
1.10.2-71;-16.3978376;-71.5073709;-1941311.674;2841619.039;C
1.10.2-71;-16.39786298;-71.50731699;-1941315.336;2841624.821;C
1.10.2-71;-16.39765029;-71.5068154;-1941296.677;2841684.483;C
1.10.2-71;-16.39644461;-71.50753553;-1941145.945;2841618.576;C
1.10.2-91; ; ;-1.516416327;20763369.87;C
1.10.2-91;-16.39773746;-71.50510276;-1941328.527;2841877.565;C
1.10.2-91;-16.3977579;-71.50541212;-1941327.025;2841842.215;C
1.10.2-91;-16.39824672;-71.50496014;-1941390.157;2841887.082;C
1.10.2-91;-16.39828515;-71.5049475;-1941394.831;2841888.013;C
1.10.2-91;-16.39874345;-71.50450321;-1941454.281;2841932.406;C
1.10.2-91;-16.39843152;-71.50398617;-1941424.159;2841995.118;C
1.10.2-91;-16.39767137;-71.50480093;-1941324.571;2841912.658;C
1.10.2-92; ; ;-1.516416327;20763369.87;C
1.10.2-92;-16.39910545;-71.50472398;-1941494.024;2841902.637;C
1.10.2-92;-16.39916894;-71.50470594;-1941501.712;2841903.854;C
1.10.2-92;-16.39929048;-71.50434408;-1941520.557;2841943.3;C
1.10.2-92;-16.39928106;-71.50428283;-1941520.223;2841950.37;C
1.10.2-92;-16.39936446;-71.50411009;-1941532.201;2841968.869;C
1.10.2-92;-16.39892149;-71.50345093;-1941488.477;2842049.412;C
1.10.2-92;-16.39853945;-71.50385173;-1941438.535;2842008.954;C
1.10.2-93; ; ;-1.516416327;20763369.87;C
1.10.2-93;-16.39939459;-71.50403652;-1941536.67;2841976.818;C
1.10.2-93;-16.39970719;-71.50356534;-1941579.342;2842026.164;C
1.10.2-93;-16.39936618;-71.50305321;-1941545.741;2842088.701;C
1.10.2-93;-16.39930477;-71.50307224;-1941538.286;2842087.346;C
1.10.2-93;-16.39896172;-71.50338093;-1941494.087;2842056.825;C
1.10.2-94; ; ;-1.516416327;20763369.87;C
1.10.2-94;-16.3993245;-71.50466394;-1941520.517;2841906.582;C
1.10.2-94;-16.39948698;-71.50431444;-1941544.016;2841944.093;C
1.10.2-94;-16.39959219;-71.5040758;-1941559.389;2841969.78;C
1.10.2-94;-16.39971859;-71.50383356;-1941577.296;2841995.599;C
1.10.2-94;-16.39976411;-71.50366661;-1941584.751;2842013.936;C
1.10.2-94;-16.39972588;-71.50360599;-1941581.024;2842021.311;C
1.10.2-94;-16.39961984;-71.50374908;-1941566.761;2842006.47;C
1.10.2-94;-16.39943016;-71.50405996;-1941540.553;2841973.695;C
1.10.2-94;-16.39933784;-71.50430722;-1941526.586;2841946.862;C
1.10.2-94;-16.39921182;-71.50470698;-1941506.736;2841903.174;C
1.10.2-95; ; ;-1.516416327;20763369.87;C
1.10.2-95;-16.39933045;-71.50467978;-1941521.017;2841904.708;C
1.10.2-95;-16.39960087;-71.50452419;-1941554.75;2841918.818;C
1.10.2-95;-16.39959475;-71.504494;-1941554.412;2841922.321;C
1.10.2-95;-16.39963728;-71.50451086;-1941559.196;2841919.853;C
1.10.2-95;-16.39998214;-71.50430569;-1941602.301;2841938.612;C
1.10.2-95;-16.40000177;-71.50403579;-1941608.014;2841968.962;C
1.10.2-95;-16.39978701;-71.50371874;-1941586.784;2842007.725;C
1.10.2-96; ; ;-1.516416327;20763369.87;C
1.10.2-96;-16.39998593;-71.50373694;-1941609.924;2842003.06;C
1.10.2-96;-16.40003029;-71.50374492;-1941615.035;2842001.575;C
1.10.2-96;-16.4000636;-71.50323586;-1941625.373;2842058.87;C
1.10.2-96;-16.40006208;-71.50280231;-1941630.666;2842108.055;C
1.10.2-96;-16.39998898;-71.50279413;-1941622.182;2842109.939;C
1.10.2-96;-16.39990291;-71.50305042;-1941608.835;2842082;C
1.10.2-96;-16.39986206;-71.50326306;-1941601.352;2842058.42;C
1.10.2-96;-16.39984675;-71.50356391;-1941595.756;2842024.502;C
1.10.2-107; ; ;-1.516416327;20763369.87;C
1.10.2-107;-16.39993983;-71.50205024;-1941625.796;2842194.942;C
1.10.2-107;-16.4000015;-71.50234099;-1941629.371;2842161.164;C
1.10.2-107;-16.40004637;-71.50274724;-1941629.516;2842114.506;C
1.10.2-107;-16.40009166;-71.50273147;-1941635.036;2842115.703;C
1.10.2-107;-16.40021534;-71.5018298;-1941660.947;2842216.339;C
1.10.2-107;-16.40004542;-71.50177373;-1941641.691;2842224.92;C
1.10.4-1; ; ;-1.516416327;20763369.87;C
1.10.4-1;-16.39648076;-71.50776697;-1941147.272;2841591.858;C
1.10.4-1;-16.39615017;-71.50747395;-1941112.129;2841629.407;C
1.10.4-1;-16.395928;-71.50773055;-1941082.791;2841603.212;C
1.10.4-1;-16.39629683;-71.50809891;-1941121.476;2841556.618;C
1.10.4-1;-16.3965009;-71.50830889;-1941142.801;2841530.139;C
1.10.4-1;-16.39665878;-71.50816314;-1941163.188;2841544.604;C
1.10.4-2; ; ;-1.516416327;20763369.87;C
1.10.4-2;-16.3956342;-71.50741496;-1941052.256;2841642.841;C
1.10.4-2;-16.39590632;-71.50769503;-1941080.692;2841607.523;C
1.10.4-2;-16.39617608;-71.50736693;-1941116.524;2841641.206;C
1.10.4-2;-16.39609459;-71.50728764;-1941107.951;2841651.263;C
1.10.4-2;-16.3962008;-71.50715548;-1941122.095;2841664.862;C
1.10.4-2;-16.39601832;-71.50697911;-1941102.882;2841687.248;C
1.10.4-3; ; ;-1.516416327;20763369.87;C
1.10.4-3;-16.39578451;-71.50718566;-1941072.807;2841666.88;C
1.10.4-3;-16.39542986;-71.50686616;-1941035.173;2841707.748;C
1.10.4-3;-16.39519535;-71.50664541;-1941010.406;2841735.848;C
1.10.4-3;-16.39498692;-71.50643461;-1940988.579;2841762.477;C
1.10.4-3;-16.39475467;-71.50622233;-1940963.971;2841789.587;C
1.10.4-3;-16.3945889;-71.50607083;-1940946.406;2841808.933;C
1.10.4-3;-16.39445238;-71.50622794;-1940928.385;2841792.9;C
1.10.4-3;-16.39449221;-71.50631947;-1940931.911;2841782;C
1.10.4-3;-16.39561078;-71.50737774;-1941049.974;2841647.368;C
1.10.4-4; ; ;-1.516416327;20763369.87;C
1.10.4-4;-16.39582075;-71.50715317;-1941077.475;2841670.091;C
1.10.4-4;-16.39606795;-71.50686011;-1941110.214;2841700.095;C
1.10.4-4;-16.3956267;-71.50646002;-1941063.421;2841751.234;C
1.10.4-4;-16.3953588;-71.50677144;-1941028.018;2841719.419;C
1.10.4-5; ; ;-1.516416327;20763369.87;C
1.10.4-5;-16.39580853;-71.50607473;-1941089.644;2841792.552;C
1.10.4-5;-16.3958357;-71.50599319;-1941093.865;2841801.444;C
1.10.4-5;-16.39559773;-71.50576935;-1941068.732;2841829.938;C
1.10.4-5;-16.39519016;-71.50621417;-1941015.236;2841784.821;C
1.10.4-5;-16.39529387;-71.50632006;-1941026.086;2841771.457;C
1.10.4-5;-16.3951708;-71.50647333;-1941009.692;2841755.683;C
1.10.4-5;-16.3953665;-71.506627;-1941030.746;2841735.698;C
1.10.4-6; ; ;-1.516416327;20763369.87;C
1.10.4-6;-16.39571294;-71.50531475;-1941088.002;2841879.988;C
1.10.4-6;-16.39554799;-71.50517879;-1941070.338;2841897.561;C
1.10.4-6;-16.39531163;-71.50544463;-1941039.216;2841870.503;C
1.10.4-6;-16.3955899;-71.50572709;-1941068.344;2841834.834;C
1.10.4-6;-16.39577848;-71.5054845;-1941093.56;2841859.88;C
1.10.4-7; ; ;-1.516416327;20763369.87;C
1.10.4-7;-16.39476987;-71.50608081;-1940967.542;2841805.437;C
1.10.4-7;-16.39493928;-71.50624961;-1940985.316;2841784.08;C
1.10.4-7;-16.39505436;-71.50610614;-1941000.645;2841798.847;C
1.10.4-7;-16.39515559;-71.50619848;-1941011.374;2841787.051;C
1.10.4-7;-16.39555312;-71.50573948;-1941063.867;2841833.909;C
1.10.4-7;-16.39528369;-71.50547754;-1941035.519;2841867.136;C
1.10.4-8; ; ;-1.516416327;20763369.87;C
1.10.4-8;-16.39444966;-71.50532529;-1940939.453;2841895.303;C
1.10.4-8;-16.39431137;-71.50547422;-1940921.327;2841880.22;C
1.10.4-8;-16.39435154;-71.50558043;-1940924.707;2841867.65;C
1.10.4-8;-16.39435443;-71.50566778;-1940923.944;2841857.707;C
1.10.4-8;-16.39439138;-71.50581548;-1940926.422;2841840.474;C
1.10.4-8;-16.39443235;-71.50592747;-1940929.823;2841827.237;C
1.10.4-8;-16.39462651;-71.50607217;-1940950.807;2841808.291;C
1.10.4-8;-16.3949322;-71.50573382;-1940990.991;2841842.666;C
1.10.4-9; ; ;-1.516416327;20763369.87;C
1.10.4-9;-16.3944997;-71.50475826;-1940952.485;2841958.954;C
1.10.4-9;-16.3942399;-71.50505114;-1940918.268;2841929.135;C
1.10.4-9;-16.39492738;-71.50567847;-1940991.122;2841849.006;C
1.10.4-9;-16.39517971;-71.50539266;-1941024.373;2841878.121;C
1.10.4-10; ; ;-1.516416327;20763369.87;C
1.10.4-10;-16.39494308;-71.50457246;-1941006.92;2841974.23;C
1.10.4-10;-16.39469434;-71.50485987;-1940974.071;2841944.887;C
1.10.4-10;-16.39524814;-71.50538499;-1941032.509;2841878.096;C
1.10.4-10;-16.39550115;-71.50507522;-1941066.142;2841909.919;C
1.10.5-1; ; ;-1.516416327;20763369.87;C
1.10.5-1;-16.39437828;-71.50331131;-1940956.477;2842124.637;C
1.10.5-1;-16.39435154;-71.50320118;-1940954.724;2842137.476;C
1.10.5-1;-16.39425055;-71.50308026;-1940944.385;2842152.509;C
1.10.5-1;-16.39403638;-71.50307242;-1940919.322;2842156.198;C
1.10.5-1;-16.39349198;-71.50309947;-1940855.021;2842160.245;C
1.10.5-1;-16.39244894;-71.50316429;-1940731.66;2842166.528;C
1.10.5-1;-16.39198522;-71.50333108;-1940675.074;2842153.672;C
1.10.5-1;-16.39211722;-71.5037479;-1940685.324;2842104.675;C
1.10.5-1;-16.39232999;-71.50366024;-1940711.428;2842111.836;C
1.10.5-1;-16.39251563;-71.50359808;-1940734.022;2842116.459;C
1.10.5-1;-16.39254399;-71.50340976;-1940739.73;2842137.446;C
1.10.5-1;-16.39369026;-71.50336212;-1940875.002;2842127.868;C
1.10.5-1;-16.39392955;-71.50338522;-1940902.824;2842122.12;C
1.10.5-1;-16.39414321;-71.50337963;-1940927.997;2842119.962;C
1.10.5-1;-16.39422369;-71.50347392;-1940936.262;2842108.217;C
1.10.5-1;-16.39426316;-71.50363635;-1940938.85;2842089.28;C
1.10.5-1;-16.3942308;-71.50394036;-1940931.213;2842055.225;C
1.10.5-1;-16.39420641;-71.50409722;-1940926.369;2842037.755;C
1.10.5-1;-16.39430786;-71.50412179;-1940937.977;2842033.643;C
1.10.5-1;-16.39439738;-71.5040956;-1940948.825;2842035.442;C
1.10.5-1;-16.39441665;-71.50362045;-1940957.084;2842089.076;C
1.10.5-2; ; ;-1.516416327;20763369.87;C
1.10.5-2;-16.3928035;-71.50372566;-1940766.233;2842098.228;C
1.10.5-2;-16.39257336;-71.50361901;-1940740.541;2842113.332;C
1.10.5-2;-16.39212978;-71.50378794;-1940686.295;2842099.97;C
1.10.5-2;-16.39227164;-71.50417241;-1940698.112;2842054.514;C
1.10.5-2;-16.39286837;-71.50394103;-1940771.138;2842072.956;C
1.10.5-3; ; ;-1.516416327;20763369.87;C
1.10.5-3;-16.39329642;-71.50391781;-1940821.721;2842069.995;C
1.10.5-3;-16.39310918;-71.50391817;-1940799.718;2842072.401;C
1.10.5-3;-16.39226472;-71.50421911;-1940696.709;2842049.308;C
1.10.5-3;-16.3924039;-71.50455073;-1940708.878;2842009.88;C
1.10.5-3;-16.3933715;-71.50415133;-1940827.596;2842042.53;C
1.10.5-4; ; ;-1.516416327;20763369.87;C
1.10.5-4;-16.39155517;-71.5035197;-1940622.17;2842137.9;C
1.10.5-4;-16.39165135;-71.50371735;-1940630.976;2842114.228;C
1.10.5-4;-16.3917426;-71.5039293;-1940639.024;2842088.999;C
1.10.5-4;-16.39154541;-71.50403695;-1940614.498;2842079.367;C
1.10.5-4;-16.39144535;-71.50409579;-1940602;2842074.002;C
1.10.5-4;-16.39149061;-71.50417455;-1940606.324;2842064.477;C
1.10.5-4;-16.39159124;-71.50426837;-1940616.963;2842052.523;C
1.10.5-4;-16.39172602;-71.50433379;-1940631.973;2842043.342;C
1.10.5-4;-16.39185206;-71.50436242;-1940646.42;2842038.447;C
1.10.5-4;-16.392002;-71.50437202;-1940663.915;2842035.4;C
1.10.5-4;-16.3922192;-71.5043068;-1940690.255;2842039.957;C
1.10.5-4;-16.39194241;-71.50335825;-1940669.702;2842151.151;C
1.10.5-5; ; ;-1.516416327;20763369.87;C
1.10.5-5;-16.39230025;-71.50281401;-1940718.61;2842208.196;C
1.10.5-5;-16.39180599;-71.50301722;-1940657.977;2842191.609;C
1.10.5-5;-16.39176097;-71.50286103;-1940654.658;2842209.911;C
1.10.5-5;-16.39119321;-71.50304522;-1940585.63;2842196.442;C
1.10.5-5;-16.39134022;-71.50344408;-1940597.871;2842149.286;C
1.10.5-5;-16.39238877;-71.50305332;-1940725.991;2842179.898;C
1.10.5-6; ; ;-1.516416327;20763369.87;C
1.10.5-6;-16.39076556;-71.50299682;-1940535.998;2842207.52;C
1.10.5-6;-16.39078033;-71.5030916;-1940536.537;2842196.578;C
1.10.5-6;-16.39093127;-71.50355866;-1940548.379;2842141.635;C
1.10.5-6;-16.39122525;-71.50345068;-1940584.279;2842150.04;C
1.10.5-6;-16.39106656;-71.50290604;-1940572.506;2842213.881;C
1.10.5-8; ; ;-1.516416327;20763369.87;C
1.10.5-8;-16.39390745;-71.50421031;-1940889.818;2842028.836;C
1.10.5-8;-16.39392025;-71.50399589;-1940894.027;2842052.986;C
1.10.5-8;-16.39370817;-71.50405519;-1940868.362;2842049.033;C
1.10.5-8;-16.39358484;-71.50420415;-1940851.993;2842033.752;C
1.10.5-8;-16.39366901;-71.50422349;-1940861.638;2842030.458;C
1.10.5-9; ; ;-1.516416327;20763369.87;C
1.10.5-9;-16.39358122;-71.50525793;-1940838.275;2841914.292;C
1.10.5-9;-16.39360243;-71.50560925;-1940836.334;2841874.172;C
1.10.5-9;-16.39362452;-71.505692;-1940837.886;2841864.499;C
1.10.5-9;-16.39395646;-71.50566716;-1940877.197;2841862.977;C
1.10.5-9;-16.39394798;-71.50523911;-1940881.6;2841911.633;C
1.10.5-9;-16.39405658;-71.50508931;-1940896.25;2841927.202;C
1.10.5-9;-16.39415529;-71.50471972;-1940912.509;2841967.826;C
1.10.5-9;-16.39392154;-71.50428074;-1940890.584;2842020.665;C
1.10.5-9;-16.39375287;-71.50427088;-1940870.893;2842023.988;C
1.10.5-9;-16.39353629;-71.50427499;-1940845.395;2842026.353;C
1.10.5-9;-16.39356045;-71.5050136;-1940838.917;2841942.272;C
1.10.5-10; ; ;-1.516416327;20763369.87;C
1.10.5-10;-16.39391408;-71.50581589;-1940870.342;2841846.665;C
1.10.5-10;-16.39394752;-71.50570128;-1940875.716;2841859.225;C
1.10.5-10;-16.39362386;-71.50573245;-1940837.297;2841859.92;C
1.10.5-10;-16.39385229;-71.50595897;-1940861.278;2841831.246;C
1.10.6-1; ; ;-1.516416327;20763369.87;C
1.10.6-1;-16.39441988;-71.5024477;-1940972.26;2842222.035;C
1.10.6-1;-16.39440308;-71.50220296;-1940973.375;2842250.01;C
1.10.6-1;-16.39430378;-71.50205969;-1940963.515;2842267.556;C
1.10.6-1;-16.39421117;-71.50222052;-1940950.606;2842250.526;C
1.10.6-1;-16.39399847;-71.50238851;-1940923.497;2842234.255;C
1.10.6-1;-16.39400106;-71.50265351;-1940920.457;2842204.168;C
1.10.6-1;-16.39401714;-71.50295086;-1940918.595;2842170.236;C
1.10.6-1;-16.39444922;-71.50295035;-1940969.365;2842164.646;C
1.10.6-2; ; ;-1.516416327;20763369.87;C
1.10.6-2;-16.39355493;-71.50241208;-1940871.089;2842237.38;C
1.10.6-2;-16.39359128;-71.50295594;-1940868.498;2842175.226;C
1.10.6-2;-16.39397169;-71.50293622;-1940913.44;2842172.49;C
1.10.6-2;-16.39394462;-71.50240217;-1940916.998;2842233.41;C
1.10.6-3; ; ;-1.516416327;20763369.87;C
1.10.6-3;-16.39312201;-71.50242404;-1940820.075;2842241.682;C
1.10.6-3;-16.39315541;-71.50298645;-1940816.904;2842177.463;C
1.10.6-3;-16.39353967;-71.50296163;-1940862.362;2842175.255;C
1.10.6-3;-16.39351087;-71.50241499;-1940865.877;2842237.626;C
1.10.6-4; ; ;-1.516416327;20763369.87;C
1.10.6-4;-16.39310339;-71.50294915;-1940811.263;2842182.373;C
1.10.6-4;-16.39307895;-71.50242992;-1940814.943;2842241.577;C
1.10.6-4;-16.39273966;-71.50246909;-1940774.586;2842241.57;C
1.10.6-4;-16.3927416;-71.50250284;-1940774.388;2842237.717;C
1.10.6-4;-16.39282521;-71.50266554;-1940782.159;2842218.173;C
1.10.6-4;-16.39273887;-71.5027294;-1940771.209;2842212.059;C
1.10.6-4;-16.3926474;-71.50281219;-1940759.418;2842203.865;C
1.10.6-4;-16.39258416;-71.50285123;-1940751.496;2842200.265;C
1.10.6-4;-16.39251365;-71.502908;-1940742.496;2842194.747;C
1.10.6-4;-16.39251863;-71.50301356;-1940741.749;2842182.711;C
1.10.6-4;-16.39308093;-71.50300496;-1940807.92;2842176.336;C
1.10.6-6; ; ;-1.516416327;20763369.87;C
1.10.6-6;-16.3935067;-71.50233814;-1940866.355;2842246.396;C
1.10.6-6;-16.39347555;-71.50188179;-1940868.454;2842298.557;C
1.10.6-6;-16.39309941;-71.50189612;-1940824.082;2842301.849;C
1.10.6-6;-16.39313688;-71.5023598;-1940822.634;2842248.773;C
1.10.6-7; ; ;-1.516416327;20763369.87;C
1.10.6-7;-16.39355398;-71.50236109;-1940871.621;2842243.175;C
1.10.6-7;-16.39392885;-71.50231235;-1940916.279;2842243.802;C
1.10.6-7;-16.39377152;-71.50203;-1940901.356;2842277.881;C
1.10.6-7;-16.39354543;-71.50178037;-1940877.943;2842309.147;C
1.10.6-8; ; ;-1.516416327;20763369.87;C
1.10.6-8;-16.39393326;-71.50145028;-1940927.674;2842341.512;C
1.10.6-8;-16.3937587;-71.50157884;-1940905.543;2842329.214;C
1.10.6-8;-16.39368874;-71.50168059;-1940896.039;2842318.589;C
1.10.6-8;-16.39361336;-71.5017396;-1940886.439;2842312.882;C
1.10.6-8;-16.39387581;-71.50208957;-1940912.857;2842269.761;C
1.10.6-8;-16.39390914;-71.50217583;-1940915.685;2842259.542;C
1.10.6-8;-16.39398761;-71.50231354;-1940923.167;2842242.899;C
1.10.6-8;-16.39414921;-71.50220651;-1940943.504;2842252.925;C
1.10.6-8;-16.39427242;-71.5020096;-1940960.464;2842273.646;C
1.10.6-9; ; ;-1.516416327;20763369.87;C
1.10.6-9;-16.3939257;-71.50143275;-1940927.007;2842343.599;C
1.10.6-9;-16.39353553;-71.50047275;-1940893.281;2842457.574;C
1.10.6-9;-16.3933092;-71.50090992;-1940861.172;2842410.952;C
1.10.6-9;-16.39357458;-71.50167741;-1940882.668;2842320.442;C
1.10.6-9;-16.39375336;-71.50153744;-1940905.439;2842333.979;C
1.10.6-14; ; ;-1.516416327;20763369.87;C
1.10.6-14;-16.39199329;-71.50146382;-1940699.581;2842365.334;C
1.10.6-14;-16.39191461;-71.5015343;-1940689.447;2842358.37;C
1.10.6-14;-16.39185947;-71.50177401;-1940679.945;2842331.904;C
1.10.6-14;-16.39208188;-71.5015852;-1940708.457;2842350.41;C
1.10.6-15; ; ;-1.516416327;20763369.87;C
1.10.6-15;-16.39184202;-71.50174844;-1940678.217;2842335.032;C
1.10.6-15;-16.39184712;-71.50164436;-1940680.129;2842346.77;C
1.10.6-15;-16.3918872;-71.50152153;-1940686.388;2842360.176;C
1.10.6-15;-16.3918303;-71.50144427;-1940680.678;2842369.681;C
1.10.6-15;-16.39151318;-71.50170455;-1940640.136;2842344.308;C
1.10.6-15;-16.39169097;-71.50191521;-1940658.366;2842318.092;C
1.10.6-15;-16.39180655;-71.50181902;-1940673.159;2842327.491;C
1.10.6-16; ; ;-1.516416327;20763369.87;C
1.10.6-16;-16.39228354;-71.50185891;-1940728.696;2842316.733;C
1.10.6-16;-16.39210677;-71.50161512;-1940711.004;2842346.692;C
1.10.6-16;-16.39173375;-71.50194883;-1940662.968;2842313.72;C
1.10.6-16;-16.3919092;-71.50217594;-1940680.716;2842285.671;C
1.10.6-17; ; ;-1.516416327;20763369.87;C
1.10.6-17;-16.39248934;-71.50212129;-1940749.565;2842284.286;C
1.10.6-17;-16.39231066;-71.50189427;-1940731.436;2842312.368;C
1.10.6-17;-16.39192562;-71.50220396;-1940682.292;2842282.279;C
1.10.6-17;-16.39210606;-71.50243719;-1940700.549;2842253.469;C
1.10.6-18; ; ;-1.516416327;20763369.87;C
1.10.6-18;-16.39268038;-71.50239634;-1940768.54;2842250.596;C
1.10.6-18;-16.39252347;-71.50214872;-1940753.229;2842280.729;C
1.10.6-18;-16.39212791;-71.50247894;-1940702.59;2842248.449;C
1.10.6-18;-16.39231821;-71.50270124;-1940722.143;2842220.75;C
1.10.7-1; ; ;-1.516416327;20763369.87;C
1.10.7-1;-16.39505434;-71.50260314;-1941044.839;2842196.113;C
1.10.7-1;-16.39455443;-71.5026681;-1940985.287;2842195.28;C
1.10.7-1;-16.39459068;-71.50307608;-1940984.399;2842148.538;C
1.10.7-1;-16.39508953;-71.50278214;-1941046.715;2842175.353;C
1.10.7-2; ; ;-1.516416327;20763369.87;C
1.10.7-2;-16.39505564;-71.50257905;-1941045.296;2842198.828;C
1.10.7-2;-16.39497834;-71.50219976;-1941041.001;2842242.852;C
1.10.7-2;-16.39451649;-71.50224159;-1940986.211;2842244.146;C
1.10.7-2;-16.39455325;-71.502645;-1940985.439;2842197.915;C
1.10.8-1; ; ;-1.516416327;20763369.87;C
1.10.8-1;-16.39515386;-71.50395277;-1941039.502;2842041.753;C
1.10.8-1;-16.39457799;-71.50392824;-1940972.155;2842052.062;C
1.10.8-1;-16.39458006;-71.50409089;-1940970.347;2842033.589;C
1.10.8-1;-16.39464035;-71.50419085;-1940976.169;2842021.465;C
1.10.8-1;-16.3952812;-71.50478915;-1941043.91;2841945.237;C
1.10.8-1;-16.39552709;-71.50449715;-1941076.484;2841975.138;C
1.10.8-1;-16.39520199;-71.50413203;-1941042.895;2842020.794;C
1.10.8-2; ; ;-1.516416327;20763369.87;C
1.10.8-2;-16.39457595;-71.50390986;-1940972.148;2842054.172;C
1.10.8-2;-16.39518333;-71.50392236;-1941043.349;2842044.817;C
1.10.8-2;-16.39518818;-71.50361402;-1941047.809;2842079.721;C
1.10.8-2;-16.3945912;-71.50359043;-1940977.97;2842090.199;C
1.10.8-3; ; ;-1.516416327;20763369.87;C
1.10.8-3;-16.39457855;-71.50357142;-1940976.724;2842092.52;C
1.10.8-3;-16.39521183;-71.50358988;-1941050.892;2842082.149;C
1.10.8-3;-16.39518972;-71.50322218;-1941052.934;2842124.138;C
1.10.8-3;-16.39460634;-71.50327163;-1940983.771;2842126.156;C
1.10.8-4; ; ;-1.516416327;20763369.87;C
1.10.8-4;-16.39518186;-71.50319639;-1941052.336;2842127.166;C
1.10.8-4;-16.39511292;-71.50281819;-1941049.008;2842170.959;C
1.10.8-4;-16.39461355;-71.50309822;-1940986.805;2842145.728;C
1.10.8-4;-16.39460107;-71.50326115;-1940983.283;2842127.413;C
1.10.9-1; ; ;-1.516416327;20763369.87;C
1.10.9-1;-16.39597278;-71.5061204;-1941108.366;2841785.226;C
1.10.9-1;-16.39588706;-71.50618409;-1941097.49;2841779.123;C
1.10.9-1;-16.39593855;-71.50632779;-1941101.727;2841762.153;C
1.10.9-1;-16.39619122;-71.50621063;-1941132.89;2841772.138;C
1.10.9-1;-16.39640094;-71.50612791;-1941158.572;2841778.777;C
1.10.9-1;-16.39654313;-71.50608595;-1941175.807;2841781.678;C
1.10.9-1;-16.3967285;-71.5060363;-1941198.212;2841784.886;C
1.10.9-1;-16.39702559;-71.50600173;-1941233.55;2841784.923;C
1.10.9-1;-16.39725879;-71.50597754;-1941261.253;2841784.618;C
1.10.9-1;-16.39736445;-71.50597675;-1941273.677;2841783.326;C
1.10.9-1;-16.39735433;-71.50584513;-1941274.148;2841798.385;C
1.10.9-1;-16.39710266;-71.50583829;-1941244.667;2841802.451;C
1.10.9-1;-16.39672421;-71.50585837;-1941199.953;2841805.12;C
1.10.9-1;-16.39670314;-71.50576829;-1941198.613;2841815.61;C
1.10.9-1;-16.39647719;-71.50582776;-1941171.318;2841811.82;C
1.10.9-1;-16.39650818;-71.50594185;-1941173.518;2841798.476;C
1.10.9-1;-16.39619535;-71.50607635;-1941135.069;2841787.312;C
1.10.9-1;-16.39610559;-71.50581535;-1941127.817;2841818.084;C
1.10.9-1;-16.39618193;-71.50580114;-1941136.964;2841818.698;C
1.10.9-1;-16.39614598;-71.50554349;-1941135.992;2841848.387;C
1.10.9-1;-16.39589122;-71.50559508;-1941105.411;2841845.866;C
1.10.9.2; ; ;-1.516416327;20763369.87;C
1.10.9.2;-16.39623949;-71.50604549;-1941140.645;2841790.235;C
1.10.9.2;-16.39639244;-71.50585517;-1941161.014;2841809.819;C
1.10.9.2;-16.39649613;-71.50580528;-1941173.826;2841814.122;C
1.10.9.2;-16.39672743;-71.5057507;-1941201.689;2841817.288;C
1.10.9.2;-16.3968985;-71.50580747;-1941221.07;2841808.614;C
1.10.9.2;-16.39705534;-71.50580561;-1941239.52;2841806.775;C
1.10.9.2;-16.39705666;-71.50558779;-1941242.424;2841831.46;C
1.10.9.2;-16.39663191;-71.50558921;-1941192.504;2841836.851;C
1.10.9.2;-16.39642977;-71.50568309;-1941167.572;2841828.846;C
1.10.9.2;-16.39619562;-71.505766;-1941139.016;2841822.504;C
1.10.9-3; ; ;-1.516416327;20763369.87;C
1.10.9-3;-16.3970843;-71.50518184;-1941250.793;2841877.135;C
1.10.9-3;-16.39706249;-71.50575966;-1941240.94;2841811.892;C
1.10.9-3;-16.39727935;-71.50579739;-1941265.942;2841804.779;C
1.10.9-3;-16.39742637;-71.50585;-1941282.55;2841796.891;C
1.10.9-3;-16.39749517;-71.50585163;-1941290.613;2841795.807;C
1.10.9-3;-16.3974627;-71.5056197;-1941289.724;2841822.533;C
1.10.9-3;-16.39742157;-71.50540128;-1941287.648;2841847.841;C
1.10.9-3;-16.3973462;-71.5052771;-1941280.36;2841862.908;C
1.10.9-3;-16.39726554;-71.50511069;-1941272.984;2841882.835;C
1.10.9-3;-16.39717539;-71.50487596;-1941265.354;2841910.632;C
1.10.9-3;-16.39714156;-71.50485756;-1941261.612;2841913.162;C
1.10.9-3;-16.39708975;-71.50488174;-1941255.22;2841911.097;C
1.10.9-4; ; ;-1.516416327;20763369.87;C
1.10.9-4;-16.39754088;-71.50590962;-1941295.251;2841788.633;C
1.10.9-4;-16.39771732;-71.505797;-1941317.402;2841799.098;C
1.10.9-4;-16.39773803;-71.50575857;-1941320.32;2841803.186;C
1.10.9-4;-16.39771353;-71.50558632;-1941319.614;2841823.04;C
1.10.9-4;-16.39771353;-71.50537899;-1941322.23;2841846.552;C
1.10.9-4;-16.39773616;-71.505128;-1941328.056;2841874.72;C
1.10.9-4;-16.39767132;-71.50488322;-1941323.527;2841903.327;C
1.10.9-4;-16.39761621;-71.50497748;-1941315.862;2841893.357;C
1.10.9-4;-16.39757789;-71.50506399;-1941310.269;2841884.048;C
1.10.9-4;-16.39757585;-71.5051823;-1941308.537;2841870.658;C
1.10.9-4;-16.39756152;-71.50526076;-1941305.864;2841861.947;C
1.10.9-4;-16.39746685;-71.50540709;-1941292.895;2841846.59;C
1.10.9-4;-16.39753047;-71.5058205;-1941295.153;2841798.876;C
1.10.9-5; ; ;-1.516416327;20763369.87;C
1.10.9-5;-16.39715272;-71.50446324;-1941267.898;2841957.734;C
1.10.9-5;-16.39717934;-71.50471088;-1941267.901;2841929.302;C
1.10.9-5;-16.39722187;-71.50491458;-1941270.328;2841905.645;C
1.10.9-5;-16.39740804;-71.50533474;-1941286.899;2841855.564;C
1.10.9-5;-16.39752424;-71.50528067;-1941301.233;2841860.177;C
1.10.9-5;-16.39752402;-71.50521399;-1941302.048;2841867.742;C
1.10.9-5;-16.39756288;-71.50500133;-1941309.297;2841891.35;C
1.10.9-5;-16.39763565;-71.5048428;-1941319.847;2841908.376;C
1.10.9-5;-16.39758346;-71.50465932;-1941316.029;2841929.867;C
1.10.9-5;-16.39756797;-71.50451775;-1941315.997;2841946.124;C
1.10.9-5;-16.39762698;-71.50438093;-1941324.656;2841960.868;C
1.10.9-5;-16.39772322;-71.50424697;-1941337.653;2841974.802;C
1.10.9-5;-16.39781589;-71.5040923;-1941350.492;2841991.131;C
1.10.9-5;-16.39788615;-71.50393989;-1941360.67;2842007.496;C
1.10.9-5;-16.39790518;-71.50381263;-1941364.512;2842021.68;C
1.10.9-5;-16.39784035;-71.50371198;-1941358.164;2842033.942;C
1.10.9-5;-16.39766121;-71.50377056;-1941336.379;2842029.64;C
1.10.9-5;-16.39717676;-71.50383617;-1941278.635;2842028.533;C
1.10.9-5;-16.39715492;-71.50436801;-1941269.359;2841968.505;C
1.10.9-6; ; ;-1.516416327;20763369.87;C
1.10.9-6;-16.39746534;-71.50376184;-1941313.478;2842033.19;C
1.10.9-6;-16.39781992;-71.50369611;-1941355.965;2842036.009;C
1.10.9-6;-16.39777857;-71.50355603;-1941352.874;2842052.435;C
1.10.9-6;-16.39769908;-71.50335327;-1941346.094;2842076.468;C
1.10.9-6;-16.39720452;-71.5034305;-1941287.016;2842074.176;C
1.10.9-6;-16.39718909;-71.50356207;-1941283.543;2842059.456;C
1.10.9-6;-16.39716786;-71.50380076;-1941278.036;2842032.665;C
1.10.11-1; ; ;-1.516416327;20763369.87;C
1.10.11-1;-16.39954828;-71.50304689;-1941567.215;2842087.037;C
1.10.11-1;-16.3997839;-71.50345664;-1941589.726;2842037.489;C
1.10.11-1;-16.39986862;-71.50312774;-1941603.83;2842073.68;C
1.10.11-1;-16.39995615;-71.50278544;-1941618.434;2842111.353;C
1.10.11-1;-16.39999916;-71.50259187;-1941625.93;2842132.743;C
1.10.11-1;-16.39999715;-71.50237213;-1941628.468;2842157.689;C
1.10.11-1;-16.39994316;-71.50201738;-1941626.602;2842198.625;C
1.10.11-1;-16.4000089;-71.50173761;-1941637.856;2842229.493;C
1.10.11-1;-16.40004963;-71.50150858;-1941645.533;2842254.934;C
1.10.11-1;-16.39973337;-71.50141951;-1941609.501;2842269.171;C
1.10.11-1;-16.39970096;-71.50157538;-1941603.726;2842251.917;C
1.10.11-1;-16.39964825;-71.50175145;-1941595.311;2842232.64;C
1.10.11-1;-16.39967551;-71.50191108;-1941596.499;2842214.181;C
1.10.11-1;-16.39962036;-71.50219819;-1941586.395;2842182.342;C
1.10.11-1;-16.39957438;-71.50229421;-1941579.782;2842172.054;C
1.10.11-1;-16.39945261;-71.5024918;-1941562.981;2842151.239;C
1.10.11-1;-16.39941219;-71.5025557;-1941557.425;2842144.52;C
1.10.11-1;-16.39936905;-71.50258436;-1941551.995;2842141.834;C
1.10.11-1;-16.39930716;-71.50256437;-1941544.978;2842144.91;C
1.10.11-1;-16.3992467;-71.50254636;-1941538.102;2842147.743;C
1.10.11-1;-16.39922542;-71.5025533;-1941535.513;2842147.234;C
1.10.11-1;-16.39920684;-71.50258001;-1941532.993;2842144.448;C
1.10.11-1;-16.39915762;-71.50259654;-1941527.002;2842143.218;C
1.10.11-1;-16.39925136;-71.5026135;-1941537.802;2842140.068;C
1.10.11-1;-16.39927257;-71.50262328;-1941540.17;2842138.682;C
1.10.11-1;-16.39931912;-71.50265859;-1941545.193;2842134.069;C
1.10.11-2; ; ;-1.516416327;20763369.87;C
1.10.11-2;-16.40005833;-71.50149736;-1941646.696;2842256.092;C
1.10.11-2;-16.40009947;-71.50123235;-1941654.875;2842285.609;C
1.10.11-2;-16.40007918;-71.50113234;-1941653.754;2842297.215;C
1.10.11-2;-16.40003558;-71.50104351;-1941649.752;2842307.859;C
1.10.11-2;-16.39986654;-71.50086215;-1941632.181;2842330.637;C
1.10.11-2;-16.39979735;-71.50086691;-1941623.992;2842331.003;C
1.10.11-2;-16.39972394;-71.50089914;-1941614.961;2842328.307;C
1.10.11-2;-16.39950814;-71.50104673;-1941587.744;2842314.391;C
1.10.11-2;-16.39967448;-71.50137443;-1941603.151;2842275.053;C
1.10.11-3; ; ;-1.516416327;20763369.87;C
1.10.11-3;-16.39932269;-71.50116008;-1941564.526;2842303.962;C
1.10.11-3;-16.39917987;-71.50117976;-1941547.498;2842303.597;C
1.10.11-3;-16.39901398;-71.50116472;-1941528.198;2842307.473;C
1.10.11-3;-16.39889975;-71.50151478;-1941510.36;2842269.267;C
1.10.11-3;-16.39917929;-71.50154598;-1941542.807;2842262.074;C
1.10.11-3;-16.39930521;-71.50148301;-1941558.396;2842267.568;C
1.10.11-3;-16.39962752;-71.50136514;-1941597.752;2842276.72;C
1.10.11-3;-16.3994868;-71.50106636;-1941584.989;2842312.444;C
1.10.11-4; ; ;-1.516416327;20763369.87;C
1.10.11-4;-16.39900163;-71.5011658;-1941526.734;2842307.511;C
1.10.11-4;-16.39888948;-71.50109758;-1941514.418;2842316.715;C
1.10.11-4;-16.39880762;-71.50101911;-1941505.792;2842326.683;C
1.10.11-4;-16.39867115;-71.50080945;-1941492.404;2842352.245;C
1.10.11-4;-16.39823896;-71.50095982;-1941439.729;2842340.843;C
1.10.11-4;-16.39835231;-71.50112056;-1941451.018;2842321.132;C
1.10.11-4;-16.39848427;-71.50129724;-1941464.291;2842299.37;C
1.10.11-4;-16.3986063;-71.5013936;-1941477.411;2842286.846;C
1.10.11-4;-16.39879864;-71.50148493;-1941498.856;2842273.974;C
1.10.11-4;-16.39887515;-71.50150743;-1941507.561;2842270.422;C
1.10.11-5; ; ;-1.516416327;20763369.87;C
1.10.11-5;-16.39821794;-71.50092913;-1941437.647;2842344.598;C
1.10.11-5;-16.39865787;-71.50079301;-1941491.051;2842354.283;C
1.10.11-5;-16.39858668;-71.50058118;-1941485.361;2842379.237;C
1.10.11-5;-16.39856652;-71.5003672;-1941485.693;2842403.768;C
1.10.11-5;-16.39809241;-71.50050802;-1941428.214;2842393.997;C
1.10.11-6; ; ;-1.516416327;20763369.87;C
1.10.11-6;-16.39835095;-71.50038755;-1941460.11;2842404.278;C
1.10.11-6;-16.39830129;-71.50019754;-1941456.674;2842426.477;C
1.10.11-6;-16.3982099;-71.50004085;-1941447.914;2842445.441;C
1.10.11-6;-16.39813715;-71.4998494;-1941441.783;2842468.105;C
1.10.11-6;-16.3980735;-71.49969027;-1941436.313;2842486.984;C
1.10.11-6;-16.39793322;-71.49936785;-1941423.902;2842525.382;C
1.10.11-6;-16.3978687;-71.49916483;-1941418.884;2842549.25;C
1.10.11-6;-16.3976678;-71.49920925;-1941394.72;2842546.84;C
1.10.11-6;-16.39776678;-71.49952644;-1941402.346;2842509.574;C
1.10.11-6;-16.39787279;-71.49974991;-1941411.979;2842482.844;C
1.10.11-6;-16.39795072;-71.49994399;-1941418.686;2842459.815;C
1.10.11-6;-16.39803201;-71.50029343;-1941423.826;2842419.123;C
1.10.11-6;-16.39807889;-71.5004766;-1941427.022;2842397.737;C
1.10.11-7; ; ;-1.516416327;20763369.87;C
1.10.11-7;-16.39857251;-71.50033086;-1941486.856;2842407.81;C
1.10.11-7;-16.39849208;-71.50000629;-1941481.502;2842445.671;C
1.10.11-7;-16.39840147;-71.49971207;-1941474.571;2842480.223;C
1.10.11-7;-16.39831228;-71.4994616;-1941467.254;2842509.794;C
1.10.11-7;-16.39822272;-71.49915427;-1941460.611;2842545.819;C
1.10.11-7;-16.39818189;-71.49903043;-1941457.377;2842560.398;C
1.10.11-7;-16.39788443;-71.4991424;-1941421.016;2842551.589;C
1.10.11-7;-16.39795987;-71.49932218;-1941427.609;2842530.214;C
1.10.11-7;-16.39799953;-71.49944936;-1941430.664;2842515.272;C
1.10.11-7;-16.39811759;-71.49971895;-1941441.132;2842483.154;C
1.10.11-7;-16.3982117;-71.49996044;-1941449.14;2842454.537;C
1.10.11-7;-16.39830985;-71.50016313;-1941458.114;2842430.267;C
1.10.11-7;-16.39836716;-71.50038578;-1941462.036;2842404.267;C
1.10.11-8; ; ;-1.516416327;20763369.87;C
1.10.11-8;-16.39817848;-71.49901613;-1941457.157;2842562.063;C
1.10.11-8;-16.39805351;-71.4986317;-1941447.327;2842607.296;C
1.10.11-8;-16.39802187;-71.49853251;-1941444.861;2842618.958;C
1.10.11-8;-16.39774327;-71.49864722;-1941410.682;2842609.592;C
1.10.11-8;-16.39787876;-71.49912929;-1941420.515;2842553.15;C
1.10.11-9; ; ;-1.516416327;20763369.87;C
1.10.11-9;-16.39786542;-71.49915141;-1941418.668;2842550.816;C
1.10.11-9;-16.39779843;-71.49891376;-1941413.797;2842578.644;C
1.10.11-9;-16.39774601;-71.49872025;-1941410.081;2842601.275;C
1.10.11-9;-16.39763751;-71.49852293;-1941399.825;2842625.071;C
1.10.11-9;-16.39747169;-71.49859718;-1941379.405;2842618.819;C
1.10.11-9;-16.39758135;-71.49893271;-1941388.054;2842579.332;C
1.10.11-9;-16.39766613;-71.49919581;-1941394.693;2842548.387;C
1.10.11-10; ; ;-1.516416327;20763369.87;C
1.10.11-10;-16.39747746;-71.49874555;-1941378.211;2842601.917;C
1.10.11-10;-16.39731172;-71.49877177;-1941358.406;2842601.11;C
1.10.11-10;-16.39722083;-71.49857375;-1941350.228;2842624.756;C
1.10.11-10;-16.39717391;-71.49813491;-1941350.255;2842675.139;C
1.10.11-10;-16.39715926;-71.49797331;-1941350.573;2842693.657;C
1.10.11-10;-16.39706799;-71.4979075;-1941340.68;2842702.315;C
1.10.11-10;-16.39700409;-71.49832392;-1941327.916;2842655.924;C
1.10.11-10;-16.39697008;-71.49864823;-1941319.827;2842619.589;C
1.10.11-10;-16.39701829;-71.49881397;-1941323.399;2842600.162;C
1.10.11-10;-16.39716234;-71.49904335;-1941337.429;2842572.264;C
1.10.11-10;-16.39754573;-71.49890077;-1941384.272;2842583.421;C
1.10.11-11; ; ;-1.516416327;20763369.87;C
1.10.11-11;-16.39728255;-71.49855632;-1941357.699;2842625.926;C
1.10.11-11;-16.39732424;-71.49863101;-1941361.654;2842616.91;C
1.10.11-11;-16.39735365;-71.49864395;-1941364.946;2842615.058;C
1.10.11-11;-16.39743621;-71.49859654;-1941375.245;2842619.355;C
1.10.11-11;-16.39756119;-71.49849538;-1941391.206;2842629.193;C
1.10.11-11;-16.39765736;-71.49850999;-1941402.32;2842626.28;C
1.10.11-11;-16.39778884;-71.49861585;-1941416.431;2842612.554;C
1.10.11-11;-16.39786655;-71.4985837;-1941425.967;2842615.184;C
1.10.11-11;-16.39800412;-71.49852539;-1941442.866;2842619.998;C
1.10.11-11;-16.39812156;-71.49840597;-1941458.171;2842632.006;C
1.10.11-11;-16.39832314;-71.49818743;-1941484.614;2842654.154;C
1.10.11-11;-16.3985311;-71.49806639;-1941510.575;2842665.161;C
1.10.11-11;-16.39862287;-71.49799973;-1941522.198;2842671.52;C
1.10.11-11;-16.3985254;-71.49793332;-1941511.585;2842680.327;C
1.10.11-11;-16.39785841;-71.49806657;-1941431.539;2842673.938;C
1.10.11-11;-16.39752923;-71.49774829;-1941396.881;2842714.339;C
1.10.11-11;-16.39734285;-71.49755411;-1941377.435;2842738.798;C
1.10.11-11;-16.39725683;-71.49745544;-1941368.573;2842751.113;C
1.10.11-11;-16.39715206;-71.49746779;-1941356.108;2842751.083;C
1.10.11-11;-16.39708351;-71.49763729;-1941345.914;2842732.756;C
1.10.11-11;-16.39706889;-71.49788146;-1941341.115;2842705.256;C
1.10.11-11;-16.3972267;-71.49789383;-1941359.499;2842701.79;C
1.10.11-11;-16.39724019;-71.49849439;-1941353.504;2842633.504;C
1.10.13-1; ; ;-1.516416327;20763369.87;C
1.10.13-1;-16.39719106;-71.50262785;-1941295.563;2842165.378;C
1.10.13-1;-16.39720859;-71.50287036;-1941294.563;2842137.646;C
1.10.13-1;-16.39720637;-71.50340864;-1941287.509;2842076.63;C
1.10.13-1;-16.39743188;-71.50338187;-1941314.342;2842076.718;C
1.10.13-1;-16.39768685;-71.5033299;-1941344.953;2842079.279;C
1.10.13-1;-16.39761231;-71.5028158;-1941342.683;2842138.556;C
1.10.13-1;-16.39760868;-71.50242454;-1941347.194;2842182.974;C
1.10.13-1;-16.39759958;-71.50202643;-1941351.148;2842228.242;C
1.10.13-1;-16.39754593;-71.50177555;-1941348.011;2842257.395;C
1.10.13-1;-16.39746542;-71.50149183;-1941342.133;2842290.623;C
1.10.13-1;-16.39697207;-71.50155576;-1941283.364;2842289.824;C
1.10.13-1;-16.3970399;-71.50192373;-1941286.69;2842247.206;C
1.10.13-1;-16.39712326;-71.50218978;-1941293.126;2842215.945;C
1.10.13-1;-16.39717161;-71.50239227;-1941296.252;2842192.348;C
1.10.13-2; ; ;-1.516416327;20763369.87;C
1.10.13-2;-16.39707576;-71.5021511;-1941288.034;2842220.952;C
1.10.13-2;-16.39700366;-71.50187527;-1941283.043;2842253.176;C
1.10.13-2;-16.39695141;-71.5016992;-1941279.127;2842273.826;C
1.10.13-2;-16.39693429;-71.50158287;-1941278.584;2842287.243;C
1.10.13-2;-16.39678848;-71.50159151;-1941261.344;2842288.169;C
1.10.13-2;-16.39661646;-71.50164963;-1941240.401;2842283.827;C
1.10.13-2;-16.39660174;-71.50167567;-1941238.342;2842281.066;C
1.10.13-2;-16.3967755;-71.50196705;-1941255.079;2842245.75;C
1.10.13-2;-16.3969221;-71.5022338;-1941268.937;2842213.582;C
1.10.13-2;-16.39704907;-71.50258291;-1941279.449;2842172.331;C
1.10.13-2;-16.39709334;-71.50268032;-1941283.421;2842160.705;C
1.10.13-2;-16.39716193;-71.50265659;-1941291.778;2842162.499;C
1.10.13-2;-16.39715856;-71.50252648;-1941293.024;2842177.298;C
1.10.13-2;-16.39713652;-71.50236386;-1941292.487;2842196.029;C
1.10.13-3; ; ;-1.516416327;20763369.87;C
1.10.13-3;-16.39686552;-71.50227706;-1941261.743;2842209.416;C
1.10.13-3;-16.39674087;-71.50199971;-1941250.599;2842242.498;C
1.10.13-3;-16.39654438;-71.50163762;-1941232.084;2842286.131;C
1.10.13-3;-16.39630175;-71.50170877;-1941202.68;2842281.235;C
1.10.13-3;-16.39652066;-71.50226923;-1941221.326;2842214.813;C
1.10.13-3;-16.39673119;-71.50246669;-1941243.569;2842189.666;C
1.10.13-3;-16.39692202;-71.50264391;-1941263.753;2842167.073;C
1.10.13-3;-16.39699878;-71.50257919;-1941273.588;2842173.41;C
1.10.14-4; ; ;-1.516416327;20763369.87;C
1.10.14-4;-16.39637329;-71.5012067;-1941217.421;2842337.238;C
1.10.14-4;-16.39610879;-71.50125411;-1941185.747;2842335.32;C
1.10.14-4;-16.39627865;-71.50169043;-1941200.198;2842283.616;C
1.10.14-4;-16.39652642;-71.50161638;-1941230.242;2842288.775;C
1.10.13-5; ; ;-1.516416327;20763369.87;C
1.10.13-5;-16.39693716;-71.50155466;-1941279.277;2842290.405;C
1.10.13-5;-16.39685931;-71.50114076;-1941275.354;2842338.362;C
1.10.13-5;-16.39663427;-71.5011843;-1941248.365;2842336.367;C
1.10.13-5;-16.39642138;-71.50121465;-1941222.97;2842335.708;C
1.10.13-5;-16.39657093;-71.50161496;-1941235.489;2842288.354;C
1.10.13-5;-16.39672105;-71.50157336;-1941253.651;2842291.109;C
1.10.13-6; ; ;-1.516416327;20763369.87;C
1.10.13-6;-16.39744201;-71.50103699;-1941345.123;2842342.511;C
1.10.13-6;-16.39690306;-71.50112257;-1941280.724;2842339.852;C
1.10.13-6;-16.3969706;-71.50152279;-1941283.608;2842293.581;C
1.10.13-6;-16.39747771;-71.50146905;-1941343.865;2842293.046;C
1.10.13-7; ; ;-1.516416327;20763369.87;C
1.10.13-7;-16.39743244;-71.50097662;-1941344.761;2842349.483;C
1.10.13-7;-16.39738755;-71.5005972;-1941344.275;2842393.099;C
1.10.13-7;-16.3970196;-71.5006147;-1941300.826;2842395.926;C
1.10.13-7;-16.39681263;-71.50062143;-1941276.424;2842397.869;C
1.10.13-7;-16.39687435;-71.50105304;-1941278.228;2842348.113;C
1.10.13-8; ; ;-1.516416327;20763369.87;C
1.10.13-8;-16.39678046;-71.50062222;-1941272.635;2842398.2;C
1.10.13-8;-16.39633544;-71.50066471;-1941219.814;2842399.199;C
1.10.13-8;-16.39640285;-71.50114386;-1941221.686;2842343.978;C
1.10.13-8;-16.39684902;-71.5010696;-1941275.043;2842346.567;C
1.10.13-9; ; ;-1.516416327;20763369.87;C
1.10.13-9;-16.3962819;-71.50069469;-1941213.146;2842396.499;C
1.10.13-9;-16.39622339;-71.50070802;-1941206.102;2842395.753;C
1.10.13-9;-16.39609221;-71.50085072;-1941188.89;2842381.284;C
1.10.13-9;-16.39597886;-71.50096905;-1941174.079;2842369.346;C
1.10.13-9;-16.39607531;-71.50121053;-1941182.364;2842340.7;C
1.10.13-9;-16.39636916;-71.50116012;-1941217.523;2842342.575;C
1.10.13-10; ; ;-1.516416327;20763369.87;C
1.10.13-10;-16.39634872;-71.50034053;-1941225.466;2842435.79;C
1.10.13-10;-16.39631651;-71.50013896;-1941224.226;2842459.072;C
1.10.13-10;-16.39583076;-71.50024594;-1941165.806;2842453.29;C
1.10.13-10;-16.39590199;-71.50069061;-1941168.562;2842401.929;C
1.10.13-10;-16.39635033;-71.50061859;-1941222.145;2842404.235;C
1.10.13-11; ; ;-1.516416327;20763369.87;C
1.10.13-11;-16.39630255;-71.49990277;-1941225.566;2842486.04;C
1.10.13-11;-16.39629087;-71.49978357;-1941225.697;2842499.711;C
1.10.13-11;-16.39579343;-71.49984383;-1941166.494;2842499.381;C
1.10.13-11;-16.39582526;-71.50018593;-1941165.917;2842460.167;C
1.10.13-11;-16.39631086;-71.50007263;-1941224.398;2842466.668;C
1.10.13-12; ; ;-1.516416327;20763369.87;C
1.10.13-12;-16.39664048;-71.49989785;-1941265.33;2842482.179;C
1.10.13-12;-16.39661374;-71.49978004;-1941263.675;2842495.89;C
1.10.13-12;-16.39634096;-71.49978921;-1941231.511;2842498.417;C
1.10.13-12;-16.39633748;-71.49994166;-1941229.178;2842481.173;C
1.10.13-12;-16.39635657;-71.5000894;-1941229.557;2842464.169;C
1.10.13-12;-16.39665516;-71.49999792;-1941265.792;2842470.64;C
1.10.13-13; ; ;-1.516416327;20763369.87;C
1.10.13-13;-16.39673084;-71.50032965;-1941270.498;2842432.028;C
1.10.13-13;-16.3966751;-71.50003434;-1941267.676;2842466.248;C
1.10.13-13;-16.39635972;-71.50011427;-1941229.614;2842461.307;C
1.10.13-13;-16.39639138;-71.50035518;-1941230.293;2842433.571;C
1.10.13-13;-16.39639661;-71.50061789;-1941227.592;2842403.709;C
1.10.13-13;-16.39675947;-71.50057817;-1941270.725;2842403.47;C
1.10.13-14; ; ;-1.516416327;20763369.87;C
1.10.13-14;-16.39722726;-71.50054489;-1941326.104;2842401.128;C
1.10.13-14;-16.39715379;-71.49977326;-1941327.211;2842489.598;C
1.10.13-14;-16.39689226;-71.49976446;-1941296.595;2842494.015;C
1.10.13-14;-16.39667153;-71.49977784;-1941270.493;2842495.384;C
1.10.13-14;-16.39680593;-71.50056522;-1941276.346;2842404.33;C
1.10.13-15; ; ;-1.516416327;20763369.87;C
1.10.13-15;-16.39683604;-71.4995063;-1941293.249;2842524.028;C
1.10.13-15;-16.39681952;-71.49929106;-1941294.024;2842548.654;C
1.10.13-15;-16.39680022;-71.49927071;-1941292.014;2842551.214;C
1.10.13-15;-16.39634193;-71.49927661;-1941238.095;2842556.537;C
1.10.13-15;-16.39634985;-71.49973025;-1941233.3;2842504.987;C
1.10.13-15;-16.39685237;-71.49970584;-1941292.648;2842501.185;C
1.10.13-16; ; ;-1.516416327;20763369.87;C
1.10.13-16;-16.39724867;-71.49948294;-1941342.022;2842521.282;C
1.10.13-16;-16.39718852;-71.49922954;-1941338.154;2842550.806;C
1.10.13-16;-16.39713078;-71.4991042;-1941332.952;2842565.776;C
1.10.13-16;-16.39687006;-71.49919783;-1941301.139;2842558.567;C
1.10.13-16;-16.39688946;-71.4994668;-1941300.024;2842527.809;C
1.10.13-16;-16.39691384;-71.49971763;-1941299.722;2842499.044;C
1.10.13-16;-16.39714439;-71.49971525;-1941326.839;2842496.299;C
1.10.13-16;-16.39728117;-71.49970514;-1941343.036;2842495.658;C
1.10.13-17; ; ;-1.516416327;20763369.87;C
1.10.13-17;-16.39760415;-71.49917803;-1941387.636;2842551.213;C
1.10.13-17;-16.39753685;-71.49892847;-1941382.879;2842580.395;C
1.10.13-17;-16.39718016;-71.49907765;-1941339.089;2842568.141;C
1.10.13-17;-16.3972597;-71.49928853;-1941345.773;2842543.186;C
1.10.13-17;-16.39729739;-71.49949679;-1941347.572;2842519.075;C
1.10.13-17;-16.39734107;-71.49973025;-1941349.757;2842492.027;C
1.10.13-17;-16.39755678;-71.49969398;-1941375.559;2842493.32;C
1.10.13-17;-16.39774748;-71.4996307;-1941398.762;2842498.002;C
1.10.13-18; ; ;-1.516416327;20763369.87;C
1.10.13-18;-16.3980074;-71.50030853;-1941420.744;2842417.732;C
1.10.13-18;-16.39797727;-71.5001766;-1941418.87;2842433.088;C
1.10.13-18;-16.39793321;-71.49998736;-1941416.081;2842455.126;C
1.10.13-18;-16.3978473;-71.49977327;-1941408.69;2842480.529;C
1.10.13-18;-16.3977935;-71.49967382;-1941403.625;2842492.51;C
1.10.13-18;-16.39778178;-71.49965162;-1941402.528;2842495.182;C
1.10.13-18;-16.39750977;-71.49974627;-1941369.376;2842488.004;C
1.10.13-18;-16.39755347;-71.49983479;-1941373.392;2842477.394;C
1.10.13-18;-16.39769542;-71.50019312;-1941385.547;2842434.9;C
1.10.13-18;-16.39780689;-71.50054003;-1941394.265;2842394.1;C
1.10.13-18;-16.39805026;-71.50049913;-1941423.374;2842395.556;C
1.10.13-20; ; ;-1.516416327;20763369.87;C
1.10.13-20;-16.39746876;-71.5004367;-1941355.843;2842410.239;C
1.10.13-20;-16.39751674;-71.50098246;-1941354.591;2842347.718;C
1.10.13-20;-16.39783274;-71.50094576;-1941392.181;2842347.75;C
1.10.13-20;-16.39769999;-71.50041575;-1941383.274;2842409.592;C
1.10.13-21; ; ;-1.516416327;20763369.87;C
1.10.13-21;-16.39806551;-71.50222828;-1941403.342;2842199.259;C
1.10.13-21;-16.39808303;-71.50240857;-1941403.125;2842178.583;C
1.10.13-21;-16.39812094;-71.50242182;-1941407.411;2842176.586;C
1.10.13-21;-16.39830152;-71.50218171;-1941431.658;2842201.454;C
1.10.13-21;-16.3984205;-71.50195885;-1941448.449;2842225.172;C
1.10.13-21;-16.39830609;-71.50187502;-1941436.065;2842236.176;C
1.10.13-21;-16.39813112;-71.50167597;-1941418.02;2842261.036;C
1.10.13-21;-16.39798441;-71.50145092;-1941403.624;2842288.477;C
1.10.13-21;-16.39793269;-71.50126181;-1941399.935;2842310.6;C
1.10.13-21;-16.39784807;-71.50098569;-1941393.478;2842343.02;C
1.10.13-21;-16.39752385;-71.5010352;-1941354.761;2842341.645;C
1.10.13-21;-16.39757889;-71.50154209;-1941354.831;2842283.439;C
1.10.13-21;-16.39770193;-71.5020749;-1941362.562;2842221.407;C
1.10.13-21;-16.39792683;-71.50199636;-1941389.976;2842227.373;C
1.10.13-22; ; ;-1.516416327;20763369.87;C
1.10.13-22;-16.39806054;-71.50143353;-1941412.788;2842289.454;C
1.10.13-22;-16.39835492;-71.50182488;-1941442.434;2842241.223;C
1.10.13-22;-16.39866748;-71.50196668;-1941477.366;2842221.055;C
1.10.13-22;-16.39884282;-71.50205655;-1941496.832;2842208.571;C
1.10.13-22;-16.39910358;-71.50214177;-1941526.393;2842195.497;C
1.10.13-22;-16.39916411;-71.50210894;-1941533.919;2842198.429;C
1.10.13-22;-16.39935953;-71.50217842;-1941556.001;2842187.994;C
1.10.13-22;-16.39948009;-71.50184018;-1941574.434;2842224.776;C
1.10.13-22;-16.39957041;-71.50167572;-1941587.122;2842242.246;C
1.10.13-22;-16.39959955;-71.50162596;-1941591.173;2842247.508;C
1.10.13-22;-16.39970061;-71.50154264;-1941604.098;2842255.635;C
1.10.13-22;-16.39965165;-71.501398;-1941600.172;2842272.678;C
1.10.13-22;-16.39941395;-71.50148693;-1941571.122;2842265.702;C
1.10.13-22;-16.39919725;-71.50156512;-1941544.675;2842259.668;C
1.10.13-22;-16.39905098;-71.50156935;-1941527.438;2842261.101;C
1.10.13-22;-16.39886434;-71.50154321;-1941505.84;2842266.506;C
1.10.13-22;-16.39864755;-71.50145677;-1941481.461;2842279.143;C
1.10.13-22;-16.39851051;-71.50137824;-1941466.351;2842289.84;C
1.10.13-22;-16.398336;-71.501185;-1941448.288;2842314.037;C
1.10.13-22;-16.39826246;-71.50108385;-1941440.924;2842326.47;C
1.10.13-22;-16.39818768;-71.50097468;-1941433.517;2842339.829;C
1.10.13-22;-16.39794712;-71.50110268;-1941403.639;2842328.458;C
1.10.13-23; ; ;-1.516416327;20763369.87;C
1.10.13-23;-16.39907101;-71.50259294;-1941516.872;2842144.757;C
1.10.13-23;-16.39910089;-71.50220577;-1941525.269;2842188.275;C
1.10.13-23;-16.39892944;-71.50215922;-1941505.713;2842195.795;C
1.10.13-23;-16.3988701;-71.50255021;-1941493.807;2842152.231;C
1.10.13-24; ; ;-1.516416327;20763369.87;C
1.10.13-24;-16.39830098;-71.50258255;-1941426.535;2842156.004;C
1.10.13-24;-16.39852285;-71.50246979;-1941454.025;2842165.891;C
1.10.13-24;-16.3988317;-71.50255514;-1941489.233;2842152.173;C
1.10.13-24;-16.39890101;-71.5021548;-1941502.429;2842196.668;C
1.10.13-24;-16.39845639;-71.5019747;-1941452.466;2842222.906;C
1.10.13-24;-16.3983052;-71.50221329;-1941431.691;2842197.825;C
1.10.13-24;-16.3981885;-71.50236051;-1941416.123;2842182.655;C
1.10.13-24;-16.39807309;-71.50252818;-1941400.447;2842165.149;C
1.10.13-24;-16.39822113;-71.50269757;-1941415.703;2842144.004;C
1.10.13-25; ; ;-1.516416327;20763369.87;C
1.10.13-25;-16.39864041;-71.50294138;-1941461.885;2842110.872;C
1.10.13-25;-16.39866554;-71.50295591;-1941464.654;2842108.897;C
1.10.13-25;-16.39892508;-71.50337866;-1941489.811;2842057.561;C
1.10.13-25;-16.39912732;-71.50314644;-1941516.502;2842081.251;C
1.10.13-25;-16.39925933;-71.50303503;-1941533.417;2842092.16;C
1.10.13-25;-16.39943004;-71.50298754;-1941554.073;2842095.313;C
1.10.13-25;-16.39939272;-71.50284008;-1941551.549;2842112.525;C
1.10.13-25;-16.39929085;-71.50267166;-1941541.706;2842132.956;C
1.10.13-25;-16.39924951;-71.50262871;-1941537.392;2842138.367;C
1.10.13-25;-16.39918945;-71.50267009;-1941529.814;2842134.46;C
1.10.13-25;-16.39920634;-71.50283639;-1941529.699;2842115.379;C
1.10.13-25;-16.39905387;-71.50283722;-1941511.776;2842117.28;C
1.10.13-25;-16.39882817;-71.5028822;-1941484.691;2842115.129;C
1.10.13-25;-16.3987264;-71.50282774;-1941473.421;2842122.635;C
1.10.13-25;-16.39864588;-71.50279403;-1941464.387;2842127.511;C
1.10.13-25;-16.39850359;-71.50278581;-1941447.774;2842130.304;C
1.10.13-25;-16.39832165;-71.50283544;-1941425.772;2842127.055;C
1.10.13-25;-16.39832156;-71.50284225;-1941425.675;2842126.283;C
1.10.13-25;-16.3980858;-71.50284898;-1941397.892;2842128.602;C
1.10.13-25;-16.3980511;-71.50269309;-1941395.783;2842146.735;C
1.10.13-25;-16.39805638;-71.50253986;-1941398.337;2842164.043;C
1.10.13-25;-16.39796751;-71.50214859;-1941392.834;2842209.578;C
1.10.13-25;-16.39791152;-71.50203035;-1941387.748;2842223.719;C
1.10.13-25;-16.39770466;-71.50210058;-1941362.558;2842218.459;C
1.10.13-25;-16.39786857;-71.50278663;-1941373.158;2842138.513;C
1.10.13-25;-16.39809352;-71.50308801;-1941395.783;2842101.394;C
1.10.13-25;-16.39843327;-71.5029701;-1941437.186;2842110.324;C
1.10.13-26; ; ;-1.516416327;20763369.87;C
1.10.13-26;-16.39864375;-71.50296276;-1941462.008;2842108.405;C
1.10.13-26;-16.39853253;-71.50299669;-1941448.513;2842106.011;C
1.10.13-26;-16.39842557;-71.50300795;-1941435.805;2842106.133;C
1.10.13-26;-16.39832043;-71.50302749;-1941423.206;2842105.291;C
1.10.13-26;-16.3981289;-71.50312972;-1941399.413;2842096.202;C
1.10.13-26;-16.39854147;-71.50379485;-1941439.491;2842015.378;C
1.10.13-26;-16.39891335;-71.50338966;-1941488.294;2842056.466;C
1.10.13-27; ; ;-1.516416327;20763369.87;C
1.10.13-27;-16.39842739;-71.50392891;-1941424.396;2842001.666;C
1.10.13-27;-16.39814794;-71.5034688;-1941397.371;2842057.499;C
1.10.13-27;-16.39800499;-71.50317626;-1941384.268;2842092.544;C
1.10.13-27;-16.3978784;-71.50292408;-1941372.578;2842122.797;C
1.10.13-27;-16.3977052;-71.50294367;-1941351.983;2842122.84;C
1.10.13-27;-16.39773986;-71.50333911;-1941351.064;2842077.541;C
1.10.13-27;-16.39776811;-71.50344;-1941353.11;2842065.731;C
1.10.13-27;-16.39781834;-71.50354355;-1941357.705;2842053.331;C
1.10.13-27;-16.39792045;-71.50370012;-1941367.726;2842034.24;C
1.10.13-27;-16.39796644;-71.50379022;-1941371.991;2842023.42;C
1.10.13-27;-16.39795833;-71.50392243;-1941369.37;2842008.534;C
1.10.13-27;-16.397913;-71.50405578;-1941362.361;2841994.003;C
1.10.13-27;-16.39780296;-71.5042229;-1941347.325;2841976.49;C
1.10.13-27;-16.39764687;-71.50448957;-1941325.621;2841948.288;C
1.10.13-27;-16.39761273;-71.50462757;-1941319.869;2841933.084;C
1.10.13-27;-16.39762498;-71.5047154;-1941320.2;2841922.965;C
1.10.13-27;-16.39767096;-71.50475396;-1941325.116;2841917.99;C
1.10.13-28; ; ;-1.516416327;20763369.87;C
1.10.13-28;-16.39606589;-71.50084488;-1941185.871;2842382.291;C
1.10.13-28;-16.39615928;-71.50074725;-1941198.076;2842392.141;C
1.10.13-28;-16.39614403;-71.50067911;-1941197.144;2842400.069;C
1.10.13-28;-16.39602352;-71.50070551;-1941182.652;2842398.65;C
1.10.13-28;-16.39590946;-71.50073477;-1941168.882;2842396.823;C
1.10.13-28;-16.39597207;-71.50093661;-1941173.691;2842373.114;C
1.10.13A-1; ; ;-1.516416327;20763369.87;C
1.10.13A-1;-16.39629936;-71.49929416;-1941232.872;2842555.104;C
1.10.13A-1;-16.39566595;-71.49935222;-1941157.721;2842556.801;C
1.10.13A-1;-16.39571242;-71.49981158;-1941157.383;2842504.097;C
1.10.13A-1;-16.39629912;-71.49974289;-1941227.181;2842504.216;C
1.10.13A-2; ; ;-1.516416327;20763369.87;C
1.10.13A-2;-16.39565574;-71.49980193;-1941150.846;2842505.934;C
1.10.13A-2;-16.39560454;-71.4993566;-1941150.45;2842557.108;C
1.10.13A-2;-16.39537351;-71.49941225;-1941122.605;2842553.817;C
1.10.13A-2;-16.39541629;-71.49960115;-1941125.247;2842531.835;C
1.10.13A-2;-16.39527349;-71.49967889;-1941107.488;2842524.885;C
1.10.13A-2;-16.39533487;-71.49986518;-1941112.349;2842502.955;C
1.10.13A-8; ; ;-1.516416327;20763369.87;C
1.10.13A-8;-16.39558079;-71.49893566;-1941152.973;2842605.157;C
1.10.13A-8;-16.39525878;-71.49910748;-1941112.972;2842589.881;C
1.10.13A-8;-16.3953891;-71.49938302;-1941124.806;2842556.929;C
1.10.13A-8;-16.39579037;-71.49927758;-1941173.281;2842563.639;C
1.10.13A-9; ; ;-1.516416327;20763369.87;C
1.10.13A-9;-16.39619538;-71.49919876;-1941221.86;2842567.283;C
1.10.13A-9;-16.39609607;-71.49915427;-1941210.754;2842573.627;C
1.10.13A-9;-16.39601221;-71.49907489;-1941201.903;2842583.726;C
1.10.13A-9;-16.3958853;-71.49888947;-1941189.332;2842606.414;C
1.10.13A-9;-16.39571594;-71.49862079;-1941172.826;2842639.1;C
1.10.13A-9;-16.3956172;-71.49846208;-1941163.228;2842658.39;C
1.10.13A-9;-16.39539558;-71.4985568;-1941135.994;2842650.545;C
1.10.13A-9;-16.39550068;-71.49875997;-1941145.779;2842626.13;C
1.10.13A-9;-16.39557556;-71.49884214;-1941153.539;2842615.832;C
1.10.13A-9;-16.39567134;-71.49898065;-1941163.044;2842598.87;C
1.10.13A-9;-16.39587063;-71.49928343;-1941182.637;2842561.927;C
1.10.13A-9;-16.39627311;-71.4992394;-1941230.48;2842561.657;C
1.10.13A-22; ; ;-1.516416327;20763369.87;C
1.10.13A-22;-16.39619829;-71.49913069;-1941223.061;2842574.964;C
1.10.13A-22;-16.39630632;-71.49914267;-1941235.602;2842572.194;C
1.10.13A-22;-16.39629392;-71.49870483;-1941239.671;2842622.011;C
1.10.13A-22;-16.39627807;-71.49799227;-1941246.803;2842703.03;C
1.10.13A-22;-16.39568854;-71.49840376;-1941172.346;2842664.071;C
1.10.13A-22;-16.39609326;-71.49905027;-1941211.736;2842585.459;C
1.10.13A-25; ; ;-1.516416327;20763369.87;C
1.10.13A-25;-16.39671075;-71.49836132;-1941292.981;2842655.517;C
1.10.13A-25;-16.39633833;-71.49837982;-1941248.991;2842658.29;C
1.10.13A-25;-16.39634306;-71.49876978;-1941244.625;2842614.002;C
1.10.13A-25;-16.3967273;-71.49876399;-1941289.842;2842609.635;C
1.10.13A-26; ; ;-1.516416327;20763369.87;C
1.10.13A-26;-16.39683495;-71.49917988;-1941297.24;2842561.061;C
1.10.13A-26;-16.39675261;-71.49897819;-1941290.112;2842585.011;C
1.10.13A-26;-16.39669358;-71.49883747;-1941284.953;2842601.743;C
1.10.13A-26;-16.39634604;-71.49883979;-1941244.091;2842606.024;C
1.10.13A-26;-16.39634887;-71.49918527;-1941240.063;2842566.806;C
1.10.13A-26;-16.39681733;-71.49920433;-1941294.862;2842558.519;C
1.10.13A-27; ; ;-1.516416327;20763369.87;C
1.10.13A-27;-16.39704222;-71.49894081;-1941324.61;2842585.464;C
1.10.13A-27;-16.39698894;-71.49886796;-1941319.269;2842594.422;C
1.10.13A-27;-16.39687672;-71.49880613;-1941306.865;2842602.902;C
1.10.13A-27;-16.39673392;-71.49881333;-1941289.997;2842603.952;C
1.10.13A-27;-16.3968516;-71.49915022;-1941299.571;2842564.207;C
1.10.13A-27;-16.39711085;-71.49906642;-1941331.088;2842570.322;C
1.10.13A-28; ; ;-1.516416327;20763369.87;C
1.10.13A-28;-16.39692708;-71.49860755;-1941315.288;2842624.764;C
1.10.13A-28;-16.39685729;-71.49838332;-1941309.92;2842651.107;C
1.10.13A-28;-16.39678847;-71.49834499;-1941302.318;2842656.354;C
1.10.13A-28;-16.39673078;-71.4983494;-1941295.484;2842656.608;C
1.10.13A-28;-16.39675395;-71.49875495;-1941293.087;2842610.311;C
1.10.13A-28;-16.39692926;-71.4987794;-1941313.375;2842605.246;C
1.10.15-1; ; ;-1.516416327;20763369.87;C
1.10.15-1;-16.39951561;-71.49647527;-1941646.331;2842832.732;C
1.10.15-1;-16.39941547;-71.4965301;-1941633.873;2842827.824;C
1.10.15-1;-16.39925134;-71.49663913;-1941613.213;2842817.605;C
1.10.15-1;-16.39913938;-71.49676556;-1941598.463;2842804.732;C
1.10.15-1;-16.39908247;-71.49685944;-1941590.591;2842794.829;C
1.10.15-1;-16.39895154;-71.49712432;-1941571.865;2842766.502;C
1.10.15-1;-16.39886556;-71.49718639;-1941560.979;2842760.587;C
1.10.15-1;-16.39877232;-71.49722382;-1941549.552;2842757.561;C
1.10.15-1;-16.39843178;-71.49732723;-1941508.236;2842750.287;C
1.10.15-1;-16.39833437;-71.49738384;-1941496.078;2842745.142;C
1.10.15-1;-16.39822367;-71.49752575;-1941481.279;2842730.495;C
1.10.15-1;-16.39826094;-71.49763513;-1941484.278;2842717.604;C
1.10.15-1;-16.39808217;-71.49773088;-1941462.065;2842709.082;C
1.10.15-1;-16.39791921;-71.49771864;-1941443.074;2842712.602;C
1.10.15-1;-16.39782467;-71.49764859;-1941432.85;2842721.782;C
1.10.15-1;-16.397535;-71.49743418;-1941401.524;2842749.886;C
1.10.15-1;-16.39741401;-71.4973408;-1941388.488;2842762.059;C
1.10.15-1;-16.39730091;-71.49731478;-1941375.528;2842766.489;C
1.10.15-1;-16.39727639;-71.49738655;-1941371.742;2842758.67;C
1.10.15-1;-16.39731671;-71.49748613;-1941375.221;2842746.849;C
1.10.15-1;-16.3977077;-71.49788278;-1941416.152;2842696.752;C
1.10.15-1;-16.39785735;-71.49799422;-1941432.327;2842682.157;C
1.10.15-1;-16.39817879;-71.49795058;-1941470.643;2842682.903;C
1.10.15-1;-16.39851713;-71.49786203;-1941511.513;2842688.52;C
1.10.15-1;-16.39872928;-71.49772807;-1941538.129;2842700.938;C
1.10.15-1;-16.39897576;-71.49752838;-1941569.609;2842720.361;C
1.10.15-1;-16.39916717;-71.49732391;-1941594.68;2842741.046;C
1.10.15-1;-16.39926956;-71.49713287;-1941609.121;2842761.373;C
1.10.15-1;-16.39936634;-71.49697742;-1941622.453;2842777.737;C
1.10.15-1;-16.39961376;-71.49679929;-1941653.772;2842794.701;C
1.10.15-1;-16.39991228;-71.49658861;-1941691.505;2842814.69;C
1.10.15-1;-16.39976502;-71.49638006;-1941676.837;2842840.267;C
1.10.15-2; ; ;-1.516416327;20763369.87;C
1.10.15-2;-16.3997228;-71.49632529;-1941672.567;2842847.031;C
1.10.15-2;-16.3994505;-71.49632292;-1941640.605;2842850.862;C
1.10.15-2;-16.39931419;-71.49639026;-1941623.74;2842845.007;C
1.10.15-2;-16.39919888;-71.49645195;-1941609.414;2842839.52;C
1.10.15-2;-16.399075;-71.49654916;-1941593.631;2842830.115;C
1.10.15-2;-16.39898461;-71.49666153;-1941581.592;2842818.554;C
1.10.15-2;-16.3989023;-71.49678702;-1941570.338;2842805.398;C
1.10.15-2;-16.39877831;-71.49697388;-1941553.411;2842785.829;C
1.10.15-2;-16.39867171;-71.49706859;-1941539.691;2842776.482;C
1.10.15-2;-16.39864373;-71.49701043;-1941537.137;2842783.444;C
1.10.15-2;-16.39840893;-71.49709446;-1941508.49;2842776.985;C
1.10.15-2;-16.39829475;-71.49715822;-1941494.271;2842771.246;C
1.10.15-2;-16.39807748;-71.49735926;-1941466.206;2842751.288;C
1.10.15-2;-16.39802699;-71.49740775;-1941459.662;2842746.45;C
1.10.15-2;-16.39796571;-71.49753842;-1941450.812;2842732.432;C
1.10.15-2;-16.39797481;-71.49757014;-1941451.48;2842728.716;C
1.10.15-2;-16.39801955;-71.49759126;-1941456.471;2842725.735;C
1.10.15-2;-16.39812996;-71.4975361;-1941470.139;2842730.547;C
1.10.15-2;-16.39828402;-71.49738104;-1941490.197;2842746.118;C
1.10.15-2;-16.3984089;-71.49731196;-1941505.741;2842752.318;C
1.10.15-2;-16.39870502;-71.49722965;-1941541.571;2842757.781;C
1.10.15-2;-16.39886689;-71.49717382;-1941561.295;2842761.995;C
1.10.15-2;-16.39894729;-71.49711188;-1941571.523;2842767.968;C
1.10.15-2;-16.39900333;-71.4969829;-1941579.734;2842781.863;C
1.10.15-2;-16.39905718;-71.4968859;-1941587.286;2842792.159;C
1.10.15-2;-16.39913107;-71.4967571;-1941597.593;2842805.799;C
1.10.15-2;-16.39924351;-71.49662429;-1941612.48;2842819.391;C
1.10.15-2;-16.39939845;-71.49652364;-1941631.955;2842828.778;C
1.10.15-2;-16.39958792;-71.4964356;-1941655.327;2842836.285;C
1.10.15-2;-16.39974475;-71.49636476;-1941674.649;2842842.268;C
1.10.15-3; ; ;-1.516416327;20763369.87;C
1.10.15-3;-16.3992111;-71.49634285;-1941612.226;2842851.732;C
1.10.15-3;-16.39907922;-71.49638287;-1941596.226;2842848.919;C
1.10.15-3;-16.39879045;-71.49649177;-1941560.924;2842840.346;C
1.10.15-3;-16.39872179;-71.49663342;-1941551.069;2842825.179;C
1.10.15-3;-16.39868105;-71.49671198;-1941545.29;2842816.803;C
1.10.15-3;-16.39855527;-71.49682282;-1941529.114;2842805.877;C
1.10.15-3;-16.39872005;-71.49700071;-1941546.228;2842783.548;C
1.10.15-3;-16.39879218;-71.49692616;-1941555.643;2842791.059;C
1.10.15-3;-16.39888562;-71.49679649;-1941568.258;2842804.543;C
1.10.15-3;-16.39896037;-71.49667837;-1941578.532;2842816.961;C
1.10.15-3;-16.39906943;-71.49654067;-1941593.084;2842831.151;C
1.10.15-3;-16.39920317;-71.49643563;-1941610.123;2842841.314;C
1.10.15-3;-16.39937967;-71.49631841;-1941632.34;2842852.3;C
1.10.15-4; ; ;-1.516416327;20763369.87;C
1.10.15-4;-16.39831734;-71.49696739;-1941499.334;2842792.594;C
1.10.15-4;-16.39835668;-71.49708042;-1941502.529;2842779.26;C
1.10.15-4;-16.3985859;-71.49694569;-1941531.161;2842791.542;C
1.10.15-4;-16.39853827;-71.4968432;-1941526.858;2842803.789;C
1.10.15-5; ; ;-1.516416327;20763369.87;C
1.10.15-5;-16.39814349;-71.49647079;-1941485.178;2842851.186;C
1.10.15-5;-16.39790603;-71.49664079;-1941455.132;2842835.013;C
1.10.15-5;-16.39764965;-71.4967881;-1941423.151;2842821.659;C
1.10.15-5;-16.39743061;-71.49689414;-1941396.076;2842812.497;C
1.10.15-5;-16.3972989;-71.49686881;-1941380.922;2842817.092;C
1.10.15-5;-16.39725392;-71.49700554;-1941373.911;2842802.174;C
1.10.15-5;-16.39748413;-71.49708118;-1941400.003;2842790.585;C
1.10.15-5;-16.3976074;-71.49711131;-1941414.106;2842785.556;C
1.10.15-5;-16.39772156;-71.49708193;-1941427.889;2842787.395;C
1.10.15-5;-16.3978693;-71.49704434;-1941445.722;2842789.726;C
1.10.15-5;-16.39801184;-71.49703283;-1941462.614;2842789.167;C
1.10.15-5;-16.39809105;-71.49709313;-1941471.16;2842781.293;C
1.10.15-5;-16.39815897;-71.49708393;-1941479.256;2842781.448;C
1.10.15-5;-16.39830164;-71.49695983;-1941497.584;2842793.656;C
1.10.15-5;-16.39852735;-71.49682299;-1941525.831;2842806.223;C
1.10.15-5;-16.39827494;-71.49657757;-1941499.274;2842837.357;C
1.10.15-6; ; ;-1.516416327;20763369.87;C
1.10.15-6;-16.39866081;-71.49668549;-1941543.247;2842820.072;C
1.10.15-6;-16.39872315;-71.4965684;-1941552.049;2842832.536;C
1.10.15-6;-16.39877025;-71.49646626;-1941558.872;2842843.503;C
1.10.15-6;-16.39896511;-71.49639682;-1941582.643;2842848.83;C
1.10.15-6;-16.39919563;-71.49633235;-1941610.541;2842853.126;C
1.10.15-6;-16.39937438;-71.49630198;-1941631.927;2842854.232;C
1.10.15-6;-16.3993514;-71.49622042;-1941630.256;2842863.782;C
1.10.15-6;-16.39903298;-71.49586949;-1941597.275;2842907.746;C
1.10.15-6;-16.39864766;-71.49613245;-1941548.684;2842882.963;C
1.10.15-6;-16.39817119;-71.49644045;-1941488.815;2842854.265;C
1.10.15-6;-16.39854369;-71.49680139;-1941528.023;2842808.459;C
1.10.15-7; ; ;-1.516416327;20763369.87;C
1.10.15-7;-16.39944256;-71.49620779;-1941641.126;2842864.023;C
1.10.15-7;-16.39955209;-71.4962057;-1941654.021;2842862.827;C
1.10.15-7;-16.39968077;-71.49616585;-1941669.642;2842865.663;C
1.10.15-7;-16.39979776;-71.49597781;-1941685.762;2842885.458;C
1.10.15-7;-16.3999005;-71.49582593;-1941699.751;2842901.339;C
1.10.15-7;-16.39974766;-71.49574836;-1941682.773;2842912.135;C
1.10.15-7;-16.39962112;-71.49563304;-1941669.361;2842926.868;C
1.10.15-7;-16.39951647;-71.49553187;-1941658.343;2842939.711;C
1.10.15-7;-16.39907486;-71.4958578;-1941602.343;2842908.524;C
1.10.15-7;-16.39936447;-71.49619036;-1941632.17;2842867.021;C
1.10.15-8; ; ;-1.516416327;20763369.87;C
1.10.15-8;-16.40002835;-71.49648356;-1941706.468;2842825.085;C
1.10.15-8;-16.40013634;-71.4963692;-1941720.6;2842836.642;C
1.10.15-8;-16.40023838;-71.49623348;-1941734.302;2842850.7;C
1.10.15-8;-16.40027887;-71.4961313;-1941740.35;2842861.758;C
1.10.15-8;-16.40029761;-71.49603328;-1941743.79;2842872.629;C
1.10.15-8;-16.40031692;-71.49589965;-1941747.745;2842887.532;C
1.10.15-8;-16.4003313;-71.49563513;-1941752.774;2842917.342;C
1.10.15-8;-16.40008856;-71.49561264;-1941724.539;2842923.068;C
1.10.15-8;-16.39992073;-71.49594075;-1941700.678;2842888.053;C
1.10.15-8;-16.39980022;-71.49612679;-1941684.171;2842868.53;C
1.10.15-8;-16.39970273;-71.49626635;-1941670.954;2842853.977;C
1.10.15-8;-16.39993483;-71.49656676;-1941694.43;2842816.874;C
1.10.15-9; ; ;-1.516416327;20763369.87;C
1.10.15-9;-16.40033661;-71.49557385;-1941754.172;2842924.222;C
1.10.15-9;-16.40036293;-71.49519053;-1941762.104;2842967.35;C
1.10.15-9;-16.40035184;-71.49499725;-1941763.242;2842989.415;C
1.10.15-9;-16.40020542;-71.49484617;-1941747.946;2843008.465;C
1.10.15-9;-16.40010213;-71.4947826;-1941736.614;2843017.025;C
1.10.15-9;-16.39995596;-71.49468397;-1941720.686;2843030.122;C
1.10.15-9;-16.39987133;-71.49459996;-1941711.803;2843040.757;C
1.10.15-9;-16.39978969;-71.49450909;-1941703.358;2843052.13;C
1.10.15-9;-16.39969104;-71.49440044;-1941693.14;2843065.743;C
1.10.15-9;-16.39945558;-71.49439369;-1941665.561;2843069.588;C
1.10.15-9;-16.39916356;-71.49441301;-1941631.007;2843071.218;C
1.10.15-9;-16.39890135;-71.49477425;-1941595.639;2843033.679;C
1.10.15-9;-16.3991438;-71.49494396;-1941621.981;2843011.261;C
1.10.15-9;-16.39923529;-71.49486127;-1941633.775;2843019.442;C
1.10.15-9;-16.39929005;-71.49480277;-1941640.947;2843025.36;C
1.10.15-9;-16.39933719;-71.49476898;-1941646.913;2843028.576;C
1.10.15-9;-16.39940571;-71.49480599;-1941654.495;2843023.482;C
1.10.15-9;-16.39948273;-71.49488873;-1941662.5;2843013.091;C
1.10.15-9;-16.39954606;-71.49495415;-1941669.115;2843004.843;C
1.10.15-9;-16.399644;-71.49502021;-1941679.788;2842996.07;C
1.10.15-9;-16.39972472;-71.49507935;-1941688.524;2842988.307;C
1.10.15-9;-16.39978935;-71.49511454;-1941695.674;2842983.471;C
1.10.15-9;-16.39988511;-71.49518493;-1941706.036;2842974.235;C
1.10.15-9;-16.39996326;-71.49522649;-1941714.693;2842968.5;C
1.10.15-9;-16.39998974;-71.49525741;-1941717.414;2842964.646;C
1.10.15-9;-16.40007046;-71.4955382;-1941723.352;2842931.747;C
1.10.15-10; ; ;-1.516416327;20763369.87;C
1.10.15-10;-16.3996563;-71.49564507;-1941673.343;2842925.044;C
1.10.15-10;-16.39977998;-71.49574909;-1941686.561;2842911.63;C
1.10.15-10;-16.39990077;-71.49580665;-1941700.025;2842903.522;C
1.10.15-10;-16.39996807;-71.49565103;-1941709.897;2842920.29;C
1.10.15-10;-16.40001108;-71.49555755;-1941716.131;2842930.329;C
1.10.15-10;-16.40002429;-71.49546539;-1941718.847;2842940.608;C
1.10.15-10;-16.39995686;-71.49523848;-1941713.79;2842967.224;C
1.10.15-10;-16.39984055;-71.49519198;-1941700.712;2842974.019;C
1.10.15-10;-16.39977146;-71.49533156;-1941690.832;2842959.093;C
1.10.15-10;-16.39966953;-71.49544093;-1941677.475;2842948.023;C
1.10.15-10;-16.39955402;-71.49552762;-1941662.809;2842939.702;C
1.10.15-10;-16.39958641;-71.4955724;-1941666.049;2842934.2;C
1.10.15-11; ; ;-1.516416327;20763369.87;C
1.10.15-11;-16.39917155;-71.49563062;-1941616.572;2842933.024;C
1.10.15-11;-16.39918892;-71.4956579;-1941618.268;2842929.702;C
1.10.15-11;-16.39921321;-71.49567618;-1941620.892;2842927.312;C
1.10.15-11;-16.39928462;-71.49561974;-1941629.994;2842932.778;C
1.10.15-11;-16.39938162;-71.49553901;-1941642.41;2842940.666;C
1.10.15-11;-16.39946185;-71.49548206;-1941652.555;2842946.074;C
1.10.15-11;-16.39959787;-71.49541884;-1941669.334;2842951.465;C
1.10.15-11;-16.39965383;-71.49537086;-1941676.515;2842956.175;C
1.10.15-11;-16.39975895;-71.4952974;-1941689.793;2842963.13;C
1.10.15-11;-16.39982504;-71.49521322;-1941698.621;2842971.813;C
1.10.15-11;-16.39966183;-71.49506592;-1941681.305;2842990.653;C
1.10.15-11;-16.39947988;-71.49494791;-1941661.417;2843006.417;C
1.10.15-11;-16.39943206;-71.49503838;-1941654.657;2842996.782;C
1.10.15-11;-16.39934943;-71.49523514;-1941642.464;2842975.549;C
1.10.15-11;-16.39927376;-71.49540287;-1941631.456;2842957.516;C
1.10.15-11;-16.39921052;-71.49555653;-1941622.086;2842940.916;C
1.10.15-12; ; ;-1.516416327;20763369.87;C
1.10.15-12;-16.39920922;-71.49543043;-1941623.526;2842955.235;C
1.10.15-12;-16.39927322;-71.49530847;-1941632.584;2842968.229;C
1.10.15-12;-16.39930937;-71.49519934;-1941638.21;2842980.132;C
1.10.15-12;-16.39938864;-71.49496785;-1941650.446;2843005.349;C
1.10.15-12;-16.39939701;-71.49490823;-1941652.182;2843012.001;C
1.10.15-12;-16.39938117;-71.49487214;-1941650.777;2843016.302;C
1.10.15-12;-16.39934886;-71.49485045;-1941647.254;2843019.184;C
1.10.15-12;-16.3993159;-71.49485389;-1941643.339;2843019.225;C
1.10.15-12;-16.39927997;-71.49488701;-1941638.699;2843015.939;C
1.10.15-12;-16.39913343;-71.49505015;-1941619.422;2842999.353;C
1.10.15-12;-16.39903347;-71.4950829;-1941607.265;2842996.947;C
1.10.15-12;-16.39891466;-71.49514349;-1941592.54;2842991.629;C
1.10.15-12;-16.39882817;-71.4951779;-1941581.944;2842988.858;C
1.10.15-12;-16.39909392;-71.49559644;-1941607.883;2842937.915;C
1.10.15-12;-16.39915208;-71.49555781;-1941615.203;2842941.536;C
1.10.15-13; ; ;-1.516416327;20763369.87;C
1.10.15-13;-16.39891919;-71.49507674;-1941593.915;2842999.14;C
1.10.15-13;-16.39903335;-71.49503051;-1941607.911;2843002.89;C
1.10.15-13;-16.399123;-71.49495734;-1941619.368;2843010.016;C
1.10.15-13;-16.39889908;-71.49479592;-1941595.098;2843031.251;C
1.10.15-13;-16.39868275;-71.49508182;-1941566.071;2843001.657;C
1.10.15-13;-16.39875101;-71.49511617;-1941573.658;2842996.868;C
1.10.15-13;-16.39882209;-71.49510424;-1941582.16;2842997.292;C
1.10.15-14; ; ;-1.516416327;20763369.87;C
1.10.15-14;-16.39827492;-71.49478955;-1941521.845;2843040.138;C
1.10.15-14;-16.39831582;-71.49466719;-1941528.196;2843053.48;C
1.10.15-14;-16.3983811;-71.49449761;-1941538.006;2843071.858;C
1.10.15-14;-16.39769579;-71.4949577;-1941451.679;2843028.642;C
1.10.15-14;-16.39777966;-71.49519281;-1941458.565;2843000.882;C
1.10.15-14;-16.39825093;-71.49491274;-1941517.471;2843026.481;C
1.10.15-15; ; ;-1.516416327;20763369.87;C
1.10.15-15;-16.39838792;-71.49509583;-1941531.254;2843003.924;C
1.10.15-15;-16.39825899;-71.49493138;-1941518.182;2843024.261;C
1.10.15-15;-16.3978177;-71.49522014;-1941462.689;2842997.285;C
1.10.15-15;-16.39788026;-71.49534082;-1941468.516;2842982.779;C
1.10.15-15;-16.39804818;-71.49550448;-1941486.178;2842962.023;C
1.10.15-16; ; ;-1.516416327;20763369.87;C
1.10.15-16;-16.39863461;-71.49545389;-1941555.718;2842960.09;C
1.10.15-16;-16.39886483;-71.49529725;-1941584.744;2842974.843;C
1.10.15-16;-16.39879353;-71.4951822;-1941577.819;2842988.824;C
1.10.15-16;-16.39867204;-71.49521165;-1941563.174;2842987.072;C
1.10.15-16;-16.39859938;-71.49520065;-1941554.776;2842989.271;C
1.10.15-16;-16.39847255;-71.4951674;-1941540.294;2842994.7;C
1.10.15-16;-16.39841242;-71.49510744;-1941533.987;2843002.287;C
1.10.15-16;-16.39827584;-71.49526647;-1941515.931;2842986.038;C
1.10.15-16;-16.39853718;-71.49543166;-1941544.551;2842963.885;C
1.10.15-17; ; ;-1.516416327;20763369.87;C
1.10.15-17;-16.39913727;-71.49571689;-1941611.454;2842923.688;C
1.10.15-17;-16.39898702;-71.49549112;-1941596.653;2842951.258;C
1.10.15-17;-16.39888433;-71.49531138;-1941586.857;2842972.985;C
1.10.15-17;-16.39858159;-71.49552662;-1941548.571;2842952.535;C
1.10.15-17;-16.39832732;-71.4953795;-1941520.553;2842972.546;C
1.10.15-17;-16.39823327;-71.49532989;-1941510.13;2842979.403;C
1.10.15-17;-16.39808584;-71.49552403;-1941490.356;2842959.313;C
1.10.15-17;-16.39833061;-71.49570726;-1941516.801;2842935.331;C
1.10.15-17;-16.39865201;-71.49600518;-1941550.802;2842897.34;C
1.10.23-8; ; ;-1.516416327;20763369.87;C
1.10.23-8;-16.39901377;-71.49287315;-1941632.852;2843247.814;C
1.10.23-8;-16.399072;-71.49253986;-1941643.902;2843284.852;C
1.10.23-8;-16.3988388;-71.49247477;-1941617.325;2843295.285;C
1.10.23-8;-16.39862336;-71.49238111;-1941593.195;2843308.725;C
1.10.23-8;-16.39824987;-71.49215206;-1941552.205;2843339.589;C
1.10.23-8;-16.39811999;-71.49245652;-1941533.101;2843306.758;C
1.10.23-8;-16.39874354;-71.49277182;-1941602.382;2843262.842;C
1.10.23-9; ; ;-1.516416327;20763369.87;C
1.10.23-9;-16.39861472;-71.49277354;-1941587.224;2843264.332;C
1.10.23-9;-16.3984276;-71.49267704;-1941566.457;2843277.724;C
1.10.23-9;-16.39809451;-71.49247359;-1941529.891;2843305.155;C
1.10.23-9;-16.39788459;-71.4928805;-1941500.089;2843261.752;C
1.10.23-9;-16.39802166;-71.49303952;-1941514.185;2843241.925;C
1.10.23-9;-16.39817607;-71.49316563;-1941530.735;2843225.603;C
1.10.23-9;-16.39834674;-71.49327907;-1941549.355;2843210.505;C
1.10.23-9;-16.39855663;-71.4933255;-1941573.43;2843202.493;C
1.10.23-9;-16.3989217;-71.49337443;-1941615.705;2843192.168;C
1.10.23-9;-16.39902211;-71.49292754;-1941633.145;2843241.537;C
1.10.33-1; ; ;-1.516416327;20763369.87;C
1.10.33-1;-16.40396949;-71.48912133;-1942262.505;2843608.465;C
1.10.33-1;-16.40392647;-71.48896541;-1942259.42;2843626.711;C
1.10.33-1;-16.40364597;-71.48904041;-1942225.514;2843621.877;C
1.10.33-1;-16.40390748;-71.48917856;-1942254.496;2843602.786;C
1.10.35-1; ; ;-1.516416327;20763369.87;C
1.10.35-1;-16.4009922;-71.48759474;-1941931.973;2843820.567;C
1.10.35-1;-16.40074291;-71.48756538;-1941903.054;2843827.159;C
1.10.35-1;-16.40072016;-71.48776849;-1941897.815;2843804.421;C
1.10.35-1;-16.40096403;-71.48780688;-1941925.984;2843796.876;C
1.10.35-2; ; ;-1.516416327;20763369.87;C
1.10.35-2;-16.40043488;-71.4877636;-1941864.357;2843808.709;C
1.10.35-2;-16.40064928;-71.48774925;-1941889.73;2843807.531;C
1.10.35-2;-16.40066704;-71.48756842;-1941894.101;2843827.807;C
1.10.35-2;-16.40016289;-71.48751365;-1941835.557;2843840.616;C
1.10.35-2;-16.40012701;-71.48776522;-1941828.164;2843812.554;C
1.10.35-2;-16.40026226;-71.48776824;-1941844.017;2843810.441;C
1.10.35-2;-16.40034544;-71.48777091;-1941853.756;2843809.05;C
1.10.35-3; ; ;-1.516416327;20763369.87;C
1.10.35-3;-16.4001092;-71.48751913;-1941829.179;2843840.698;C
1.10.35-3;-16.39978821;-71.48750733;-1941791.613;2843846.237;C
1.10.35-3;-16.39956846;-71.48754487;-1941765.32;2843844.855;C
1.10.35-3;-16.39958367;-71.48772143;-1941764.876;2843824.631;C
1.10.35-3;-16.40008177;-71.48777572;-1941822.715;2843811.955;C
1.10.35-4; ; ;-1.516416327;20763369.87;C
1.10.35-4;-16.39946074;-71.48766017;-1941751.206;2843833.188;C
1.10.35-4;-16.39943736;-71.48759644;-1941749.265;2843840.722;C
1.10.35-4;-16.39872905;-71.48787313;-1941662.546;2843818.61;C
1.10.35-4;-16.39855144;-71.48771775;-1941643.641;2843838.556;C
1.10.35-4;-16.39841416;-71.48783276;-1941626.058;2843827.309;C
1.10.35-4;-16.39868457;-71.48822917;-1941652.823;2843778.812;C
1.10.35-4;-16.39942691;-71.48787896;-1941744.468;2843808.816;C
1.10.35-5; ; ;-1.516416327;20763369.87;C
1.10.35-5;-16.39836134;-71.48789187;-1941619.105;2843821.296;C
1.10.35-5;-16.39796523;-71.48816855;-1941569.069;2843795.099;C
1.10.35-5;-16.39808119;-71.4883428;-1941580.493;2843773.819;C
1.10.35-5;-16.39818566;-71.48849642;-1941590.828;2843755.029;C
1.10.35-5;-16.39861735;-71.48827907;-1941644.294;2843774.031;C
1.10.35-6; ; ;-1.516416327;20763369.87;C
1.10.35-6;-16.39806477;-71.48744084;-1941589.957;2843876.331;C
1.10.35-6;-16.3977453;-71.48794406;-1941546.064;2843823.438;C
1.10.35-6;-16.39794202;-71.48812965;-1941566.833;2843799.815;C
1.10.35-6;-16.39832592;-71.48783425;-1941615.671;2843828.294;C
1.10.36-1; ; ;-1.516416327;20763369.87;C
1.10.36-1;-16.40478416;-71.49012029;-1942345.602;2843484.511;C
1.10.36-1;-16.4047807;-71.49004195;-1942346.186;2843493.441;C
1.10.36-1;-16.40471384;-71.48988185;-1942340.352;2843512.472;C
1.10.36-1;-16.40460275;-71.48971753;-1942329.376;2843532.561;C
1.10.36-1;-16.40454252;-71.48969461;-1942322.59;2843535.949;C
1.10.36-1;-16.40449854;-71.48969489;-1942317.418;2843536.494;C
1.10.36-1;-16.4044741;-71.4897106;-1942314.348;2843535.032;C
1.10.36-1;-16.40438597;-71.49011414;-1942298.896;2843490.419;C
1.10.36-1;-16.40433591;-71.4902738;-1942290.996;2843472.968;C
1.10.36-1;-16.40472637;-71.49017023;-1942338.182;2843479.603;C
1.10.36-2; ; ;-1.516416327;20763369.87;C
1.10.36-2;-16.40350713;-71.48962616;-1942201.802;2843557.264;C
1.10.36-2;-16.40362313;-71.4896558;-1942215.057;2843552.384;C
1.10.36-2;-16.40388025;-71.48972568;-1942244.384;2843541.094;C
1.10.36-2;-16.40438846;-71.48984305;-1942302.613;2843521.132;C
1.10.36-2;-16.40441997;-71.48968024;-1942308.372;2843539.183;C
1.10.36-2;-16.40441259;-71.48960181;-1942308.496;2843548.174;C
1.10.36-2;-16.40435216;-71.48953565;-1942302.231;2843556.469;C
1.10.36-2;-16.4042611;-71.48948183;-1942292.213;2843563.764;C
1.10.36-2;-16.40348073;-71.48907949;-1942205.606;2843619.608;C
1.10.36-2;-16.40333138;-71.48950082;-1942182.736;2843573.779;C
1.10.36-3; ; ;-1.516416327;20763369.87;C
1.10.36-3;-16.40436995;-71.48991822;-1942299.488;2843512.849;C
1.10.36-3;-16.40390664;-71.48979093;-1942246.66;2843533.349;C
1.10.36-3;-16.4039954;-71.49042633;-1942249.062;2843460.126;C
1.10.36-3;-16.40425379;-71.49034071;-1942280.503;2843466.455;C
1.10.36-5; ; ;-1.516416327;20763369.87;C
1.10.36-5;-16.40382078;-71.48980677;-1942236.372;2843532.676;C
1.10.36-5;-16.4034138;-71.48966735;-1942190.316;2843553.814;C
1.10.36-5;-16.40311905;-71.48971109;-1942155.131;2843552.711;C
1.10.36-5;-16.40314554;-71.49031376;-1942150.631;2843484.015;C
1.10.36-5;-16.40388342;-71.49029126;-1942237.612;2843476.911;C
1.10.36-6; ; ;-1.516416327;20763369.87;C
1.10.36-6;-16.40346568;-71.48902154;-1942204.57;2843626.377;C
1.10.36-6;-16.40332;-71.48879606;-1942190.302;2843653.855;C
1.10.36-6;-16.40292995;-71.48905008;-1942141.265;2843630.152;C
1.10.36-6;-16.40303616;-71.48926366;-1942151.045;2843604.539;C
1.10.36-6;-16.40312226;-71.48935691;-1942159.983;2843592.837;C
1.10.36-6;-16.40331056;-71.48947098;-1942180.666;2843577.436;C
1.10.36-8; ; ;-1.516416327;20763369.87;C
1.10.36-8;-16.40264755;-71.48813252;-1942119.675;2843737.91;C
1.10.36-8;-16.40256213;-71.48852634;-1942104.663;2843694.364;C
1.10.36-8;-16.4026004;-71.4885348;-1942109.054;2843692.904;C
1.10.36-8;-16.40264565;-71.48856114;-1942114.037;2843689.325;C
1.10.36-8;-16.4026954;-71.48859806;-1942119.417;2843684.486;C
1.10.36-8;-16.40272531;-71.48862964;-1942122.532;2843680.513;C
1.10.36-8;-16.4027624;-71.48866731;-1942126.414;2843675.755;C
1.10.36-8;-16.40279189;-71.4887143;-1942129.285;2843670.04;C
1.10.36-8;-16.40283989;-71.48886222;-1942133.055;2843652.636;C
1.10.36-8;-16.40303029;-71.48836155;-1942161.752;2843706.926;C
1.10.36-9; ; ;-1.516416327;20763369.87;C
1.10.36-9;-16.40261;-71.48812587;-1942115.347;2843739.156;C
1.10.36-9;-16.40249264;-71.48807095;-1942102.252;2843746.921;C
1.10.36-9;-16.40178325;-71.48799103;-1942019.912;2843765.268;C
1.10.36-9;-16.40174983;-71.48841543;-1942010.623;2843717.574;C
1.10.36-9;-16.40252592;-71.48853872;-1942100.252;2843693.434;C
1.10.36-10; ; ;-1.516416327;20763369.87;C
1.10.36-10;-16.40218807;-71.48854717;-1942060.451;2843696.898;C
1.10.36-10;-16.40173967;-71.48848818;-1942008.511;2843709.456;C
1.10.36-10;-16.40166121;-71.48904464;-1941992.262;2843647.374;C
1.10.36-10;-16.40213135;-71.48909191;-1942046.904;2843635.86;C
1.10.36-12; ; ;-1.516416327;20763369.87;C
1.10.36-12;-16.40299256;-71.4893697;-1942144.583;2843593.084;C
1.10.36-12;-16.40248489;-71.48942956;-1942084.178;2843592.939;C
1.10.36-12;-16.40236039;-71.48972761;-1942065.785;2843560.767;C
1.10.36-12;-16.40301845;-71.48966096;-1942143.946;2843559.713;C
1.10.36-13; ; ;-1.516416327;20763369.87;C
1.10.36-13;-16.40250332;-71.48929338;-1942088.064;2843608.142;C
1.10.36-13;-16.40239276;-71.4892393;-1942075.757;2843615.723;C
1.10.36-13;-16.40230358;-71.48920396;-1942065.725;2843620.898;C
1.10.36-13;-16.40215597;-71.48917492;-1942048.749;2843626.123;C
1.10.36-13;-16.4021127;-71.48968385;-1942037.236;2843568.97;C
1.10.36-13;-16.40232147;-71.48972268;-1942061.275;2843561.835;C
1.10.36-14; ; ;-1.516416327;20763369.87;C
1.10.36-14;-16.40302253;-71.48972625;-1942143.6;2843552.255;C
1.10.36-14;-16.40232859;-71.48980243;-1942061.104;2843552.697;C
1.10.36-14;-16.40213184;-71.49039262;-1942030.531;2843488.338;C
1.10.36-14;-16.40305844;-71.49033175;-1942140.17;2843483.115;C
1.10.36-15; ; ;-1.516416327;20763369.87;C
1.10.36-15;-16.40228603;-71.48979433;-1942056.206;2843554.173;C
1.10.36-15;-16.40155025;-71.48972255;-1941970.663;2843571.942;C
1.10.36-15;-16.40149855;-71.49030703;-1941957.206;2843506.332;C
1.10.36-15;-16.40208805;-71.49036117;-1942025.784;2843492.477;C
1.10.36-16; ; ;-1.516416327;20763369.87;C
1.10.36-16;-16.40146954;-71.48970885;-1941961.352;2843574.552;C
1.10.36-16;-16.40114345;-71.48966187;-1941923.632;2843584.148;C
1.10.36-16;-16.40106532;-71.49024353;-1941907.105;2843519.202;C
1.10.36-16;-16.4014166;-71.49028765;-1941947.821;2843509.603;C
1.10.36-17; ; ;-1.516416327;20763369.87;C
1.10.36-17;-16.40155903;-71.48910743;-1941979.465;2843641.589;C
1.10.36-17;-16.40122616;-71.48907768;-1941940.73;2843649.32;C
1.10.36-17;-16.40116253;-71.48958998;-1941926.782;2843592.052;C
1.10.36-17;-16.40148116;-71.48962228;-1941963.811;2843584.218;C
1.10.36-18; ; ;-1.516416327;20763369.87;C
1.10.36-18;-16.40167052;-71.48842838;-1942001.142;2843717.143;C
1.10.36-18;-16.40168286;-71.48829578;-1942004.267;2843732.021;C
1.10.36-18;-16.40171469;-71.4879648;-1942012.188;2843769.141;C
1.10.36-18;-16.40136003;-71.48791623;-1941971.13;2843779.291;C
1.10.36-18;-16.40122711;-71.48899789;-1941941.849;2843658.356;C
1.10.36-18;-16.40160172;-71.4890379;-1941985.358;2843648.916;C
1.10.36-19; ; ;-1.516416327;20763369.87;C
1.10.36-19;-16.40124047;-71.48819175;-1941953.603;2843749.609;C
1.10.36-19;-16.4010685;-71.48817329;-1941933.629;2843753.952;C
1.10.36-19;-16.40110505;-71.48789096;-1941941.491;2843785.494;C
1.10.36-19;-16.40072294;-71.48784149;-1941897.22;2843796.106;C
1.10.36-19;-16.40058043;-71.48893942;-1941866.606;2843673.45;C
1.10.36-19;-16.40114888;-71.48898497;-1941932.821;2843660.846;C
1.10.36-20; ; ;-1.516416327;20763369.87;C
1.10.36-20;-16.40113656;-71.48907461;-1941930.241;2843650.84;C
1.10.36-20;-16.40056219;-71.48902528;-1941863.378;2843663.951;C
1.10.36-20;-16.40050421;-71.48952993;-1941850.191;2843607.476;C
1.10.36-20;-16.40107468;-71.48959478;-1941916.399;2843592.656;C
1.10.36-21; ; ;-1.516416327;20763369.87;C
1.10.36-21;-16.40106512;-71.48965194;-1941914.554;2843586.298;C
1.10.36-21;-16.40050421;-71.48960414;-1941849.255;2843599.06;C
1.10.36-21;-16.40042042;-71.49018435;-1941832.081;2843534.353;C
1.10.36-21;-16.4009811;-71.49024881;-1941897.143;2843519.706;C
1.10.36-22; ; ;-1.516416327;20763369.87;C
1.10.36-22;-16.40041579;-71.48959232;-1941839.015;2843601.557;C
1.10.36-22;-16.39991598;-71.48955103;-1941780.811;2843612.78;C
1.10.36-22;-16.3998451;-71.490125;-1941765.234;2843548.613;C
1.10.36-22;-16.40033629;-71.49017749;-1941822.282;2843536.232;C
1.10.36-23; ; ;-1.516416327;20763369.87;C
1.10.36-23;-16.39929799;-71.49003618;-1941702.073;2843565.844;C
1.10.36-23;-16.39976675;-71.49011758;-1941756.122;2843550.478;C
1.10.36-23;-16.39984021;-71.4895509;-1941771.911;2843613.787;C
1.10.36-23;-16.39934532;-71.48949018;-1941714.53;2843627.149;C
1.10.36-24; ; ;-1.516416327;20763369.87;C
1.10.36-24;-16.39992834;-71.48896308;-1941789.69;2843679.3;C
1.10.36-24;-16.39939313;-71.48891842;-1941727.37;2843691.369;C
1.10.36-24;-16.39934794;-71.48940606;-1941715.9;2843636.654;C
1.10.36-24;-16.3998577;-71.48947032;-1941774.983;2843622.696;C
1.10.36-25; ; ;-1.516416327;20763369.87;C
1.10.36-25;-16.40049228;-71.4890192;-1941855.241;2843665.556;C
1.10.36-25;-16.39998636;-71.48897088;-1941796.409;2843677.656;C
1.10.36-25;-16.39992859;-71.48945152;-1941783.549;2843623.902;C
1.10.36-25;-16.40043977;-71.48950284;-1941842.962;2843611.392;C
1.10.36-27; ; ;-1.516416327;20763369.87;C
1.10.36-27;-16.40062841;-71.48782584;-1941886.31;2843799.118;C
1.10.36-27;-16.40013133;-71.48786423;-1941827.421;2843801.269;C
1.10.36-27;-16.40009578;-71.48826802;-1941818.143;2843755.938;C
1.10.36-27;-16.40057942;-71.48833261;-1941874.153;2843742.284;C
1.10.36-28; ; ;-1.516416327;20763369.87;C
1.10.36-28;-16.40007264;-71.48787078;-1941820.442;2843801.294;C
1.10.36-28;-16.39965545;-71.4878838;-1941771.259;2843805.277;C
1.10.36-28;-16.39948829;-71.48797859;-1941750.422;2843796.713;C
1.10.36-28;-16.39946112;-71.48818099;-1941744.673;2843774.114;C
1.10.36-28;-16.40003617;-71.48826686;-1941811.153;2843756.851;C
1.10.36-29; ; ;-1.516416327;20763369.87;C
1.10.36-29;-16.39938995;-71.48819986;-1941736.072;2843772.906;C
1.10.36-29;-16.39939838;-71.48799543;-1941739.645;2843795.98;C
1.10.36-29;-16.39874833;-71.48829017;-1941659.544;2843771.059;C
1.10.36-29;-16.39937017;-71.48836153;-1941731.706;2843754.829;C
1.10.36-30; ; ;-1.516416327;20763369.87;C
1.10.36-30;-16.39928968;-71.48881404;-1941716.533;2843704.56;C
1.10.36-30;-16.3993373;-71.48841424;-1941727.179;2843749.281;C
1.10.36-30;-16.3985973;-71.48835804;-1941640.941;2843765.338;C
1.10.36-30;-16.39840332;-71.48845984;-1941616.864;2843756.331;C
1.10.36-30;-16.39832796;-71.48850481;-1941607.441;2843752.215;C
1.10.36-30;-16.39825359;-71.48853767;-1941598.288;2843749.462;C
1.10.36-30;-16.39818325;-71.4885674;-1941589.649;2843747.011;C
1.10.36-30;-16.39819836;-71.48871434;-1941589.567;2843730.148;C
1.10.36-31; ; ;-1.516416327;20763369.87;C
1.10.36-31;-16.39929294;-71.48887907;-1941716.094;2843697.143;C
1.10.36-31;-16.39823428;-71.48880055;-1941592.699;2843719.9;C
1.10.36-31;-16.3982758;-71.48929087;-1941591.385;2843663.748;C
1.10.36-31;-16.39925171;-71.48939678;-1941704.712;2843638.967;C
1.10.36-32; ; ;-1.516416327;20763369.87;C
1.10.36-32;-16.39923658;-71.48948932;-1941701.766;2843628.67;C
1.10.36-32;-16.39863154;-71.48941688;-1941631.591;2843644.802;C
1.10.36-32;-16.39857789;-71.48988415;-1941619.386;2843592.509;C
1.10.36-32;-16.39918297;-71.48999621;-1941689.065;2843571.883;C
1.10.36-33; ; ;-1.516416327;20763369.87;C
1.10.36-33;-16.39854202;-71.48940867;-1941621.176;2843646.904;C
1.10.36-33;-16.39832902;-71.48940057;-1941596.253;2843650.609;C
1.10.36-33;-16.3983549;-71.48984794;-1941593.643;2843599.532;C
1.10.36-33;-16.39851624;-71.48987702;-1941612.232;2843594.124;C
1.10.36-35; ; ;-1.516416327;20763369.87;C
1.10.36-35;-16.39918307;-71.49009487;-1941687.83;2843560.692;C
1.10.36-35;-16.39867245;-71.49000294;-1941628.996;2843577.799;C
1.10.36-35;-16.39863742;-71.49048212;-1941618.829;2843523.911;C
1.10.36-35;-16.39913719;-71.49059951;-1941676.066;2843504.059;C
1.10.36-36; ; ;-1.516416327;20763369.87;C
1.10.36-36;-16.39974986;-71.4902549;-1941752.404;2843535.126;C
1.10.36-36;-16.39974159;-71.49020508;-1941752.061;2843540.885;C
1.10.36-36;-16.39970546;-71.49018266;-1941748.099;2843543.9;C
1.10.36-36;-16.39926591;-71.49010043;-1941697.492;2843558.977;C
1.10.36-36;-16.39923198;-71.49033221;-1941690.579;2843533.134;C
1.10.36-36;-16.39922073;-71.49044505;-1941687.832;2843520.484;C
1.10.36-36;-16.39922406;-71.49059315;-1941686.353;2843503.644;C
1.10.36-36;-16.39965347;-71.49068892;-1941735.597;2843487.163;C
1.10.36-37; ; ;-1.516416327;20763369.87;C
1.10.36-37;-16.39951763;-71.49075203;-1941718.839;2843481.783;C
1.10.36-37;-16.39906339;-71.49063397;-1941666.96;2843501.117;C
1.10.36-37;-16.39891134;-71.49130192;-1941640.659;2843427.351;C
1.10.36-37;-16.39938681;-71.49139939;-1941695.293;2843410.076;C
1.10.36-38; ; ;-1.516416327;20763369.87;C
1.10.36-38;-16.39897844;-71.49062097;-1941657.142;2843503.702;C
1.10.36-38;-16.3985474;-71.49052776;-1941607.675;2843519.913;C
1.10.36-38;-16.39839438;-71.49118996;-1941581.333;2843446.813;C
1.10.36-38;-16.39885486;-71.49127125;-1941634.41;2843431.569;C
1.10.36-39; ; ;-1.516416327;20763369.87;C
1.10.36-39;-16.39840802;-71.49156222;-1941578.235;2843404.415;C
1.10.36-39;-16.39878487;-71.49165006;-1941621.403;2843389.523;C
1.10.36-39;-16.39884371;-71.49135741;-1941632.012;2843421.944;C
1.10.36-39;-16.39869882;-71.49133364;-1941615.288;2843426.535;C
1.10.36-39;-16.39837659;-71.49125821;-1941578.381;2843439.305;C
1.10.36-39;-16.39832072;-71.49155724;-1941568.041;2843406.122;C
1.10.36-40; ; ;-1.516416327;20763369.87;C
1.10.36-40;-16.39938254;-71.49145737;-1941694.058;2843403.557;C
1.10.36-40;-16.39901881;-71.4913858;-1941652.227;2843416.432;C
1.10.36-40;-16.39889823;-71.49137535;-1941638.192;2843419.195;C
1.10.36-40;-16.3988478;-71.49168966;-1941628.297;2843384.208;C
1.10.36-40;-16.39936534;-71.49167961;-1941689.231;2843378.577;C
1.10.36-41; ; ;-1.516416327;20763369.87;C
1.10.36-41;-16.40001647;-71.49157012;-1941767.117;2843382.475;C
1.10.36-41;-16.40027258;-71.49155275;-1941797.428;2843381.095;C
1.10.36-41;-16.40069887;-71.49160456;-1941846.86;2843369.641;C
1.10.36-41;-16.40069659;-71.49153619;-1941847.455;2843377.425;C
1.10.36-41;-16.40023858;-71.49130375;-1941796.578;2843409.779;C
1.10.36-41;-16.39966002;-71.49132342;-1941728.353;2843415.118;C
1.10.36-41;-16.39940543;-71.49144;-1941696.968;2843405.227;C
1.10.36-41;-16.39939227;-71.49168848;-1941692.283;2843377.218;C
1.10.36-41;-16.39974113;-71.49159943;-1941734.397;2843382.754;C
1.10.36-42; ; ;-1.516416327;20763369.87;C
1.10.36-42;-16.40027309;-71.49067193;-1941808.612;2843480.983;C
1.10.36-42;-16.4000947;-71.49060174;-1941788.539;2843491.278;C
1.10.36-42;-16.39981561;-71.49052146;-1941756.762;2843504.034;C
1.10.36-42;-16.39974527;-71.4910466;-1941741.865;2843445.397;C
1.10.36-42;-16.40011492;-71.4911575;-1941783.896;2843427.983;C
1.10.36-43; ; ;-1.516416327;20763369.87;C
1.10.36-43;-16.40098288;-71.49118758;-1941885.495;2843413.215;C
1.10.36-43;-16.40033985;-71.49074812;-1941815.494;2843471.469;C
1.10.36-43;-16.40017832;-71.49119456;-1941790.877;2843422.951;C
1.10.36-43;-16.40077181;-71.49154937;-1941856.126;2843374.946;C
1.10.36-44; ; ;-1.516416327;20763369.87;C
1.10.36-44;-16.40049989;-71.49075295;-1941834.236;2843468.828;C
1.10.36-44;-16.4006241;-71.49080522;-1941848.17;2843461.273;C
1.10.36-44;-16.4009023;-71.49086205;-1941880.139;2843451.188;C
1.10.36-44;-16.4009559;-71.49041485;-1941892.086;2843501.205;C
1.10.36-44;-16.40038973;-71.49033206;-1941826.609;2843518.003;C
1.10.36-44;-16.40034478;-71.49066223;-1941817.158;2843481.145;C
1.10.36-44;-16.40040544;-71.49070255;-1941823.776;2843475.779;C
1.10.36-46; ; ;-1.516416327;20763369.87;C
1.10.36-46;-16.40125656;-71.49089682;-1941921.324;2843442.609;C
1.10.36-46;-16.40142057;-71.49093334;-1941940.132;2843436.321;C
1.10.36-46;-16.4016001;-71.49102479;-1941960.071;2843423.6;C
1.10.36-46;-16.40175635;-71.49110858;-1941977.37;2843412.053;C
1.10.36-46;-16.40196545;-71.49070599;-1942007.023;2843454.976;C
1.10.36-46;-16.40201936;-71.49053211;-1942015.554;2843473.99;C
1.10.36-46;-16.40200217;-71.49049927;-1942013.95;2843477.939;C
1.10.36-46;-16.40105151;-71.49040762;-1941903.41;2843500.774;C
1.10.36-46;-16.40098347;-71.49088153;-1941889.43;2843447.917;C
1.10.36-46;-16.40113275;-71.49088638;-1941906.908;2843445.413;C
1.10.36-47; ; ;-1.516416327;20763369.87;C
1.10.36-47;-16.40233365;-71.49071391;-1942050.185;2843449.259;C
1.10.36-47;-16.40241977;-71.49059511;-1942061.804;2843461.606;C
1.10.36-47;-16.40239797;-71.49055178;-1942059.789;2843466.804;C
1.10.36-47;-16.40230469;-71.49053568;-1942049.033;2843469.852;C
1.10.36-47;-16.40222689;-71.49052481;-1942040.03;2843472.102;C
1.10.36-47;-16.40209083;-71.49051827;-1942024.126;2843474.624;C
1.10.36-47;-16.40191993;-71.49093587;-1941998.772;2843429.5;C
1.10.36-47;-16.4020873;-71.49102166;-1942017.353;2843417.581;C
1.10.37-1; ; ;-1.516416327;20763369.87;C
1.10.37-1;-16.40471243;-71.49859864;-1942230.09;2842523.948;C
1.10.37-1;-16.40413952;-71.49886935;-1942159.362;2842500.744;C
1.10.37-1;-16.40457397;-71.49974848;-1942199.303;2842395.364;C
1.10.37-1;-16.40483234;-71.49961251;-1942231.375;2842407.403;C
1.10.37-2; ; ;-1.516416327;20763369.87;C
1.10.37-2;-16.40441185;-71.49976347;-1942180.067;2842395.784;C
1.10.37-2;-16.40444379;-71.49974329;-1942184.074;2842397.655;C
1.10.37-2;-16.40404516;-71.49894175;-1942147.361;2842493.767;C
1.10.37-2;-16.40360419;-71.49917986;-1942092.546;2842472.533;C
1.10.37-2;-16.40397211;-71.50008131;-1942124.39;2842365.493;C
1.10.37-2;-16.40442176;-71.49985149;-1942180.12;2842385.673;C
1.10.37-3; ; ;-1.516416327;20763369.87;C
1.10.37-3;-16.40348956;-71.4992595;-1942078.073;2842465.001;C
1.10.37-3;-16.40288492;-71.49960081;-1942002.726;2842434.204;C
1.10.37-3;-16.40327009;-71.50046363;-1942037.085;2842331.319;C
1.10.37-3;-16.40383087;-71.50016547;-1942106.734;2842357.797;C
1.10.37-4; ; ;-1.516416327;20763369.87;C
1.10.37-4;-16.40224899;-71.4999455;-1941923.661;2842403.433;C
1.10.37-4;-16.40264367;-71.50082379;-1941958.942;2842298.669;C
1.10.37-4;-16.40314385;-71.50054579;-1942021.216;2842323.653;C
1.10.37-4;-16.40274212;-71.49967381;-1941985.027;2842427.793;C
1.10.37-5; ; ;-1.516416327;20763369.87;C
1.10.37-5;-16.40250255;-71.50087087;-1941941.768;2842295.175;C
1.10.37-5;-16.40212401;-71.50002378;-1941907.988;2842396.189;C
1.10.37-5;-16.40163549;-71.50030189;-1941847.083;2842371.04;C
1.10.37-5;-16.40193906;-71.50118471;-1941871.604;2842266.953;C
1.10.37-6; ; ;-1.516416327;20763369.87;C
1.10.37-6;-16.4018881;-71.50120485;-1941865.363;2842265.336;C
1.10.37-6;-16.40155571;-71.50033742;-1941837.262;2842368.054;C
1.10.37-6;-16.40105974;-71.50061727;-1941775.459;2842342.804;C
1.10.37-6;-16.40154821;-71.50139137;-1941823.075;2842248.629;C
1.10.37-7; ; ;-1.516416327;20763369.87;C
1.10.37-7;-16.40094432;-71.5006458;-1941761.538;2842341.078;C
1.10.37-7;-16.40032531;-71.50186821;-1941673.382;2842210.545;C
1.10.37-7;-16.40041511;-71.50201145;-1941682.125;2842193.127;C
1.10.37-7;-16.40143619;-71.50145448;-1941809.117;2842242.937;C
1.10.37-8; ; ;-1.516416327;20763369.87;C
1.10.37-8;-16.40024665;-71.50176922;-1941665.39;2842222.799;C
1.10.37-8;-16.40044977;-71.50133039;-1941694.793;2842269.909;C
1.10.37-8;-16.40029137;-71.50087258;-1941681.962;2842323.899;C
1.10.37-8;-16.40012169;-71.50096375;-1941660.876;2842315.778;C
1.10.37-8;-16.40017495;-71.50115963;-1941664.661;2842292.869;C
1.10.37-8;-16.40024011;-71.50115478;-1941672.378;2842292.566;C
1.10.37-8;-16.40025971;-71.50127361;-1941673.18;2842278.834;C
1.10.37-8;-16.40020772;-71.50128322;-1941666.951;2842278.423;C
1.10.37-8;-16.40014036;-71.5017008;-1941653.766;2842231.949;C
1.10.37-9; ; ;-1.516416327;20763369.87;C
1.10.37-9;-16.39953169;-71.50085414;-1941592.942;2842335.925;C
1.10.37-9;-16.39966283;-71.50079185;-1941609.136;2842341.273;C
1.10.37-9;-16.39982084;-71.50073859;-1941628.372;2842345.247;C
1.10.37-9;-16.39993501;-71.50078245;-1941641.233;2842338.78;C
1.10.37-9;-16.40005628;-71.5009025;-1941653.964;2842323.58;C
1.10.37-9;-16.40024937;-71.50078627;-1941678.116;2842334.236;C
1.10.37-9;-16.39995824;-71.50028596;-1941650.228;2842394.781;C
1.10.37-9;-16.39909137;-71.50076429;-1941542.344;2842351.871;C
1.10.37-9;-16.39918032;-71.50099158;-1941549.925;2842324.933;C
1.10.37-9;-16.3993345;-71.50093339;-1941568.775;2842329.515;C
1.10.37-10; ; ;-1.516416327;20763369.87;C
1.10.37-10;-16.40081929;-71.50045018;-1941749.318;2842364.897;C
1.10.37-10;-16.40053571;-71.49995538;-1941722.247;2842424.72;C
1.10.37-10;-16.40005021;-71.5002274;-1941661.773;2842400.219;C
1.10.37-10;-16.40032383;-71.5007094;-1941687.835;2842341.98;C
1.10.37-11; ; ;-1.516416327;20763369.87;C
1.10.37-11;-16.40131187;-71.50016819;-1941810.75;2842390.435;C
1.10.37-11;-16.40105547;-71.49968606;-1941786.712;2842448.464;C
1.10.37-11;-16.40067714;-71.49989098;-1941739.676;2842430.173;C
1.10.37-11;-16.40094142;-71.50034843;-1941764.951;2842374.839;C
1.10.37-12; ; ;-1.516416327;20763369.87;C
1.10.37-12;-16.40103989;-71.4995133;-1941787.062;2842468.26;C
1.10.37-12;-16.40086518;-71.49862978;-1941777.69;2842570.742;C
1.10.37-12;-16.40020212;-71.4980464;-1941707.153;2842645.574;C
1.10.37-12;-16.40054729;-71.49977505;-1941725.883;2842445.018;C
1.10.37-13; ; ;-1.516416327;20763369.87;C
1.10.37-13;-16.40014226;-71.49999398;-1941675.534;2842425.488;C
1.10.37-13;-16.4002959;-71.49992167;-1941694.498;2842431.679;C
1.10.37-13;-16.40047124;-71.4998233;-1941716.339;2842440.541;C
1.10.37-13;-16.40031972;-71.49936836;-1941704.28;2842494.116;C
1.10.37-13;-16.39982773;-71.49948503;-1941645.005;2842487.319;C
1.10.37-13;-16.39995967;-71.50009403;-1941652.819;2842416.528;C
1.10.37-14; ; ;-1.516416327;20763369.87;C
1.10.37-14;-16.39982422;-71.50017367;-1941635.901;2842409.269;C
1.10.37-14;-16.39969009;-71.49951647;-1941628.438;2842485.553;C
1.10.37-14;-16.39913033;-71.49964876;-1941561.003;2842477.871;C
1.10.37-14;-16.39933405;-71.50043638;-1941574.995;2842385.885;C
1.10.37-15; ; ;-1.516416327;20763369.87;C
1.10.37-15;-16.40029711;-71.49925194;-1941703.095;2842507.614;C
1.10.37-15;-16.40017259;-71.49861804;-1941696.468;2842581.131;C
1.10.37-15;-16.39945913;-71.49877775;-1941610.628;2842572.35;C
1.10.37-15;-16.39958661;-71.49940812;-1941617.648;2842499.194;C
1.10.37-16; ; ;-1.516416327;20763369.87;C
1.10.37-16;-16.39921795;-71.50051151;-1941560.407;2842378.883;C
1.10.37-16;-16.39904069;-71.49980486;-1941548.5;2842461.34;C
1.10.37-16;-16.39860826;-71.49991109;-1941496.354;2842454.948;C
1.10.37-16;-16.39900547;-71.50062082;-1941534.063;2842369.265;C
1.10.37-17; ; ;-1.516416327;20763369.87;C
1.10.37-17;-16.39858911;-71.49983307;-1941495.089;2842464.046;C
1.10.37-17;-16.39823254;-71.4983754;-1941471.597;2842634.021;C
1.10.37-17;-16.39809421;-71.49844964;-1941454.407;2842627.411;C
1.10.37-17;-16.39850079;-71.49985196;-1941484.474;2842463.059;C
1.10.37-18; ; ;-1.516416327;20763369.87;C
1.10.37-18;-16.39904735;-71.49973815;-1941550.124;2842468.819;C
1.10.37-18;-16.39864601;-71.49807309;-1941523.991;2842662.899;C
1.10.37-18;-16.39825216;-71.49832465;-1941474.542;2842639.52;C
1.10.37-18;-16.39862114;-71.49982862;-1941498.909;2842464.132;C
1.10.37-19; ; ;-1.516416327;20763369.87;C
1.10.37-19;-16.4000033;-71.496946;-1941697.687;2842772.968;C
1.10.37-19;-16.39995362;-71.49689521;-1941692.491;2842779.378;C
1.10.37-19;-16.39949586;-71.49704114;-1941636.866;2842768.815;C
1.10.37-19;-16.39872251;-71.49793143;-1941534.767;2842677.964;C
1.10.37-19;-16.39881646;-71.49816958;-1941542.798;2842649.726;C
1.10.37-20; ; ;-1.516416327;20763369.87;C
1.10.37-20;-16.39953736;-71.49868125;-1941621.037;2842582.271;C
1.10.37-20;-16.39933818;-71.49774882;-1941609.407;2842690.62;C
1.10.37-20;-16.39881852;-71.49826053;-1941541.893;2842639.385;C
1.10.37-20;-16.39895235;-71.4988182;-1941550.576;2842574.391;C
1.10.37-21; ; ;-1.516416327;20763369.87;C
1.10.37-21;-16.40017242;-71.49851974;-1941697.689;2842592.282;C
1.10.37-21;-16.40003332;-71.49791142;-1941689.025;2842663.089;C
1.10.37-21;-16.39958372;-71.49746566;-1941641.829;2842719.523;C
1.10.37-21;-16.39940728;-71.49763425;-1941618.972;2842702.71;C
1.10.37-21;-16.39962093;-71.49864962;-1941631.255;2842584.765;C
1.10.37-22; ; ;-1.516416327;20763369.87;C
1.10.37-22;-16.40096349;-71.49796531;-1941797.63;2842644.812;C
1.10.37-22;-16.40004382;-71.49698874;-1941701.908;2842767.591;C
1.10.37-22;-16.39966185;-71.4973862;-1941652.012;2842727.513;C
1.10.37-22;-16.40091508;-71.4985084;-1941785.085;2842583.855;C
1.10.37-23; ; ;-1.516416327;20763369.87;C
1.10.37-23;-16.40197472;-71.49978103;-1941893.514;2842425.671;C
1.10.37-23;-16.40138899;-71.49846014;-1941841.373;2842583.129;C
1.10.37-23;-16.40110599;-71.49857776;-1941806.639;2842573.491;C
1.10.37-23;-16.40112179;-71.4989222;-1941804.147;2842534.223;C
1.10.37-23;-16.40120169;-71.49929106;-1941808.877;2842491.347;C
1.10.37-23;-16.40136707;-71.49974046;-1941822.634;2842438.219;C
1.10.37-23;-16.40152676;-71.50006048;-1941837.356;2842399.84;C
1.10.37-24; ; ;-1.516416327;20763369.87;C
1.10.37-24;-16.4026361;-71.49943163;-1941975.628;2842456.645;C
1.10.37-24;-16.40239462;-71.49887835;-1941954.244;2842522.548;C
1.10.37-24;-16.4021642;-71.49846826;-1941932.349;2842572.068;C
1.10.37-24;-16.40189981;-71.49808229;-1941906.16;2842619.298;C
1.10.37-24;-16.40152627;-71.49769248;-1941867.194;2842668.391;C
1.10.37-24;-16.40119403;-71.49757199;-1941829.682;2842686.402;C
1.10.37-24;-16.40110902;-71.49847414;-1941808.303;2842585.203;C
1.10.37-24;-16.40133565;-71.49838879;-1941836.007;2842591.918;C
1.10.37-24;-16.40150673;-71.49829876;-1941857.244;2842599.891;C
1.10.37-24;-16.40213857;-71.4997112;-1941913.645;2842431.447;C
1.10.37-25; ; ;-1.516416327;20763369.87;C
1.10.37-25;-16.40298337;-71.49841526;-1942029.262;2842567.364;C
1.10.37-25;-16.40246122;-71.49765974;-1941977.454;2842659.875;C
1.10.37-25;-16.40212349;-71.49722941;-1941943.208;2842713.094;C
1.10.37-25;-16.4014017;-71.49682801;-1941863.474;2842768.058;C
1.10.37-25;-16.4012574;-71.4973929;-1941839.388;2842705.882;C
1.10.37-25;-16.40161177;-71.49761459;-1941878.223;2842676.106;C
1.10.37-25;-16.40197331;-71.49799784;-1941915.861;2842627.913;C
1.10.37-25;-16.40250255;-71.49865659;-1941969.723;2842546.285;C
1.10.37-26; ; ;-1.516416327;20763369.87;C
1.10.37-26;-16.40336181;-71.49903401;-1942065.911;2842492.244;C
1.10.37-26;-16.40307966;-71.49854801;-1942038.899;2842551.05;C
1.10.37-26;-16.40255484;-71.49884667;-1941973.467;2842524.045;C
1.10.37-26;-16.40277744;-71.49934826;-1941993.287;2842464.251;C
1.10.37-27; ; ;-1.516416327;20763369.87;C
1.10.37-27;-16.40392756;-71.49871945;-1942136.351;2842520.515;C
1.10.37-27;-16.40367912;-71.4982176;-1942113.499;2842580.678;C
1.10.37-27;-16.40317444;-71.49850241;-1942050.609;2842554.98;C
1.10.37-27;-16.40345975;-71.49896803;-1942078.251;2842498.445;C
1.10.37-28; ; ;-1.516416327;20763369.87;C
1.10.37-28;-16.4046809;-71.49830841;-1942230.05;2842557.274;C
1.10.37-28;-16.40460493;-71.49771262;-1942228.647;2842625.833;C
1.10.37-28;-16.40381962;-71.49814971;-1942130.863;2842586.539;C
1.10.37-28;-16.40406126;-71.4986565;-1942152.854;2842525.905;C
1.10.37-29; ; ;-1.516416327;20763369.87;C
1.10.37-29;-16.40461835;-71.49753177;-1942232.509;2842646.167;C
1.10.37-29;-16.404559;-71.4969172;-1942233.296;2842716.639;C
1.10.37-29;-16.40275914;-71.49787038;-1942009.797;2842632.089;C
1.10.37-29;-16.40308096;-71.49835626;-1942041.471;2842572.778;C
1.10.37-30; ; ;-1.516416327;20763369.87;C
1.10.37-30;-16.40452987;-71.49679037;-1942231.475;2842731.403;C
1.10.37-30;-16.40440691;-71.49549065;-1942233.443;2842880.408;C
1.10.37-30;-16.40385259;-71.4956389;-1942166.443;2842870.847;C
1.10.37-30;-16.40399923;-71.49706923;-1942165.609;2842706.722;C
1.10.37-31; ; ;-1.516416327;20763369.87;C
1.10.37-31;-16.40392214;-71.49711635;-1942155.958;2842702.386;C
1.10.37-31;-16.40381001;-71.49651142;-1942150.423;2842772.455;C
1.10.37-31;-16.40234542;-71.49731506;-1941968.201;2842700.477;C
1.10.37-31;-16.40268268;-71.4977964;-1942001.747;2842641.479;C
1.10.37-32; ; ;-1.516416327;20763369.87;C
1.10.37-32;-16.40382009;-71.49640282;-1942152.979;2842784.64;C
1.10.37-32;-16.4038234;-71.49631235;-1942154.509;2842794.856;C
1.10.37-32;-16.4025511;-71.49622786;-1942006.095;2842821.083;C
1.10.37-32;-16.40256427;-71.49705669;-1941997.176;2842726.915;C
1.10.37-33; ; ;-1.516416327;20763369.87;C
1.10.37-33;-16.40380941;-71.49623238;-1942153.876;2842804.108;C
1.10.37-33;-16.40375031;-71.49563925;-1942154.423;2842872.146;C
1.10.37-33;-16.40261173;-71.49553598;-1942021.955;2842898.754;C
1.10.37-33;-16.40255122;-71.49614035;-1942007.213;2842831.006;C
1.10.37-34; ; ;-1.516416327;20763369.87;C
1.10.37-34;-16.40439424;-71.49532201;-1942234.084;2842899.698;C
1.10.37-34;-16.40434591;-71.4948635;-1942234.197;2842952.328;C
1.10.37-34;-16.40384079;-71.49490789;-1942174.289;2842953.903;C
1.10.37-34;-16.40387248;-71.49543652;-1942171.337;2842893.539;C
1.10.37-35; ; ;-1.516416327;20763369.87;C
1.10.37-35;-16.40432503;-71.49467481;-1942234.127;2842974.001;C
1.10.37-35;-16.40417892;-71.49327326;-1942234.663;2843134.858;C
1.10.37-35;-16.40362173;-71.49333928;-1942168.364;2843134.662;C
1.10.37-35;-16.40376052;-71.49474067;-1942166.97;2842973.918;C
1.10.37-36; ; ;-1.516416327;20763369.87;C
1.10.37-36;-16.40360878;-71.49549912;-1942139.564;2842889.89;C
1.10.37-36;-16.40384522;-71.49543275;-1942168.181;2842894.323;C
1.10.37-36;-16.40376943;-71.49489127;-1942166.115;2842956.722;C
1.10.37-36;-16.40279325;-71.49481932;-1942052.332;2842977.653;C
1.10.37-36;-16.40262251;-71.4953801;-1942025.19;2842916.29;C
1.10.37-37; ; ;-1.516416327;20763369.87;C
1.10.37-37;-16.40252146;-71.49533362;-1942013.905;2842922.884;C
1.10.37-37;-16.40268874;-71.4948042;-1942040.244;2842980.736;C
1.10.37-37;-16.40129331;-71.49457007;-1941879.251;2843025.545;C
1.10.37-37;-16.40122133;-71.49513867;-1941863.613;2842962.002;C
1.10.37-38; ; ;-1.516416327;20763369.87;C
1.10.37-38;-16.40207895;-71.4971019;-1941939.585;2842728.137;C
1.10.37-38;-16.40231003;-71.49718406;-1941965.697;2842715.797;C
1.10.37-38;-16.40246384;-71.49711747;-1941984.609;2842721.337;C
1.10.37-38;-16.4024905;-71.49547847;-1942008.438;2842906.862;C
1.10.37-38;-16.40179533;-71.49539246;-1941927.849;2842925.71;C
1.10.37-38;-16.40174318;-71.49570252;-1941917.806;2842891.23;C
1.10.37-38;-16.4019057;-71.49571844;-1941936.699;2842887.298;C
1.10.37-38;-16.40188336;-71.49697751;-1941918.176;2842744.802;C
1.10.37-39; ; ;-1.516416327;20763369.87;C
1.10.37-39;-16.40185037;-71.49593995;-1941927.402;2842862.901;C
1.10.37-39;-16.40172204;-71.49593897;-1941912.337;2842864.692;C
1.10.37-39;-16.40142746;-71.49671944;-1941867.871;2842780.034;C
1.10.37-39;-16.40182002;-71.496942;-1941911.182;2842749.659;C
1.10.37-40; ; ;-1.516416327;20763369.87;C
1.10.37-40;-16.40109918;-71.49729938;-1941821.979;2842718.558;C
1.10.37-40;-16.40043067;-71.49634825;-1941755.445;2842835.168;C
1.10.37-40;-16.40011086;-71.49690343;-1941710.861;2842776.389;C
1.10.37-40;-16.40099311;-71.49783219;-1941802.79;2842659.521;C
1.10.37-41; ; ;-1.516416327;20763369.87;C
1.10.37-41;-16.40110667;-71.49710977;-1941825.254;2842739.963;C
1.10.37-41;-16.40132026;-71.49645986;-1941858.553;2842810.874;C
1.10.37-41;-16.40053018;-71.49563415;-1941776.154;2842914.851;C
1.10.37-41;-16.40047679;-71.49629178;-1941761.577;2842840.969;C
1.10.37-41;-16.40105003;-71.49712324;-1941818.428;2842739.177;C
1.10.37-42; ; ;-1.516416327;20763369.87;C
1.10.37-42;-16.40043373;-71.49599829;-1941760.224;2842874.817;C
1.10.37-42;-16.40046804;-71.49566169;-1941768.504;2842912.541;C
1.10.37-42;-16.40039089;-71.49565159;-1941759.567;2842914.696;C
1.10.37-42;-16.40035514;-71.49598962;-1941751.1;2842876.828;C
1.10.37-43; ; ;-1.516416327;20763369.87;C
1.10.37-43;-16.4004943;-71.49556774;-1941772.776;2842922.853;C
1.10.37-43;-16.40053116;-71.4952265;-1941781.416;2842961.07;C
1.10.37-43;-16.40043752;-71.49523027;-1941770.367;2842961.868;C
1.10.37-43;-16.40042018;-71.49554848;-1941764.311;2842926.006;C
1.10.37-44; ; ;-1.516416327;20763369.87;C
1.10.37-44;-16.40150488;-71.49594773;-1941886.711;2842866.539;C
1.10.37-44;-16.40156005;-71.49534649;-1941900.786;2842934.002;C
1.10.37-44;-16.40060584;-71.49524848;-1941789.913;2842957.6;C
1.10.37-44;-16.40056487;-71.49553515;-1941781.479;2842925.625;C
1.10.37-44;-16.40135799;-71.49635801;-1941864.273;2842821.931;C
1.10.37-45; ; ;-1.516416327;20763369.87;C
1.10.37-45;-16.4011277;-71.49514233;-1941852.566;2842962.812;C
1.10.37-45;-16.40121502;-71.49445935;-1941871.45;2843039.125;C
1.10.37-45;-16.40065439;-71.49439223;-1941806.429;2843054.072;C
1.10.37-45;-16.40058173;-71.495081;-1941789.194;2842976.909;C
1.10.37-46; ; ;-1.516416327;20763369.87;C
1.10.37-46;-16.40051936;-71.49521356;-1941780.192;2842962.691;C
1.10.37-46;-16.40052446;-71.49498701;-1941783.652;2842988.318;C
1.10.37-46;-16.4005159;-71.49481089;-1941784.871;2843008.403;C
1.10.37-46;-16.40053631;-71.49465054;-1941789.294;2843026.322;C
1.10.37-46;-16.4005615;-71.49439753;-1941795.448;2843054.686;C
1.10.37-46;-16.39989226;-71.494373;-1941717.128;2843066.223;C
1.10.37-46;-16.39988693;-71.49450501;-1941714.836;2843051.322;C
1.10.37-46;-16.39995719;-71.49460541;-1941721.822;2843039.016;C
1.10.37-46;-16.40011379;-71.49472489;-1941738.713;2843023.417;C
1.10.37-46;-16.40027263;-71.49484169;-1941755.9;2843008.093;C
1.10.37-46;-16.40036976;-71.49492736;-1941766.23;2842997.107;C
1.10.37-46;-16.40041384;-71.49505154;-1941769.842;2842982.447;C
1.10.37-46;-16.40044255;-71.49521427;-1941771.159;2842963.616;C
1.10.37-47; ; ;-1.516416327;20763369.87;C
1.10.37-47;-16.40054655;-71.49428194;-1941795.152;2843067.991;C
1.10.37-47;-16.40060405;-71.49374131;-1941808.734;2843128.551;C
1.10.37-47;-16.40034385;-71.49371728;-1941778.467;2843134.681;C
1.10.37-47;-16.40032599;-71.49372694;-1941776.246;2843133.819;C
1.10.37-47;-16.40031522;-71.49374568;-1941774.743;2843131.835;C
1.10.37-47;-16.40031046;-71.49374682;-1941774.17;2843131.768;C
1.10.37-47;-16.40005896;-71.493726;-1941744.884;2843137.419;C
1.10.37-47;-16.39980209;-71.49364703;-1941715.701;2843149.735;C
1.10.37-47;-16.39981523;-71.49385122;-1941714.666;2843126.406;C
1.10.37-47;-16.39987735;-71.49427922;-1941716.56;2843077.054;C
1.10.37-49; ; ;-1.516416327;20763369.87;C
1.10.37-49;-16.39976899;-71.49357158;-1941712.765;2843158.725;C
1.10.37-49;-16.39987939;-71.4933163;-1941728.96;2843186.232;C
1.10.37-49;-16.39905934;-71.49294113;-1941637.348;2843239.509;C
1.10.37-49;-16.39897852;-71.4933878;-1941622.211;2843189.908;C
1.10.37-50; ; ;-1.516416327;20763369.87;C
1.10.37-50;-16.40020326;-71.49367909;-1941762.43;2843140.851;C
1.10.37-50;-16.40073954;-71.49367168;-1941825.532;2843134.676;C
1.10.37-50;-16.40085662;-71.49337386;-1941843.05;2843166.92;C
1.10.37-50;-16.39912083;-71.49258014;-1941649.131;2843279.645;C
1.10.37-50;-16.39906185;-71.49289647;-1941638.206;2843244.541;C
1.10.37-50;-16.39993534;-71.49333517;-1941735.295;2843183.36;C
1.10.37-50;-16.39981546;-71.49357763;-1941718.148;2843157.431;C
1.10.37-57; ; ;-1.516416327;20763369.87;C
1.10.37-57;-16.40070292;-71.49183468;-1941844.429;2843343.489;C
1.10.37-57;-16.40069103;-71.49162637;-1941845.663;2843367.27;C
1.10.37-57;-16.40022762;-71.49159855;-1941791.568;2843376.489;C
1.10.37-57;-16.40006783;-71.49162643;-1941772.441;2843375.417;C
1.10.37-57;-16.40006477;-71.49162708;-1941772.072;2843375.383;C
1.10.37-57;-16.39996026;-71.49164277;-1941759.595;2843374.972;C
1.10.37-57;-16.39996582;-71.49168599;-1941759.703;2843369.997;C
1.10.37-58; ; ;-1.516416327;20763369.87;C
1.10.37-58;-16.40230506;-71.49114478;-1942041.383;2843400.768;C
1.10.37-58;-16.40219032;-71.491038;-1942029.251;2843414.379;C
1.10.37-58;-16.40185716;-71.49108708;-1941989.487;2843413.173;C
1.10.37-58;-16.40143544;-71.49144041;-1941935.475;2843378.62;C
1.10.37-58;-16.40114099;-71.49154767;-1941899.524;2843370.308;C
1.10.37-58;-16.40082353;-71.49159422;-1941861.637;2843369.182;C
1.10.37-58;-16.40073665;-71.49163426;-1941850.924;2843365.779;C
1.10.37-58;-16.40073667;-71.49182584;-1941848.506;2843344.05;C
1.10.37-58;-16.40092006;-71.49180473;-1941870.32;2843344.045;C
1.10.37-58;-16.40121793;-71.49176151;-1941905.864;2843345.049;C
1.10.37-58;-16.40238618;-71.49140741;-1942047.597;2843369.922;C
1.10.37-59; ; ;-1.516416327;20763369.87;C
1.10.37-59;-16.40277196;-71.4911086;-1942096.697;2843398.762;C
1.10.37-59;-16.40298594;-71.49088069;-1942124.718;2843421.808;C
1.10.37-59;-16.40300192;-71.49071825;-1942128.647;2843440.021;C
1.10.37-59;-16.40296432;-71.49061205;-1942125.57;2843452.557;C
1.10.37-59;-16.40254307;-71.49054444;-1942076.931;2843465.738;C
1.10.37-59;-16.40223507;-71.49094066;-1942035.738;2843424.833;C
1.10.37-59;-16.40252768;-71.49136218;-1942064.793;2843373.199;C
1.10.37-62; ; ;-1.516416327;20763369.87;C
1.10.37-62;-16.4012213;-71.49437116;-1941873.301;2843049.045;C
1.10.37-62;-16.40142103;-71.4929931;-1941914.172;2843202.717;C
1.10.37-62;-16.4010071;-71.49304239;-1941864.916;2843202.542;C
1.10.37-62;-16.40087701;-71.49358329;-1941842.8;2843142.901;C
1.10.37-62;-16.40075653;-71.4938558;-1941825.204;2843113.573;C
1.10.37-62;-16.40068718;-71.49429615;-1941811.495;2843064.54;C
1.10.37-63; ; ;-1.516416327;20763369.87;C
1.10.37-63;-16.40257187;-71.49279213;-1942051.924;2843210.451;C
1.10.37-63;-16.40248928;-71.49208765;-1942051.118;2843291.426;C
1.10.37-63;-16.40153541;-71.49296298;-1941927.99;2843204.637;C
1.10.37-63;-16.40145958;-71.49340598;-1941913.486;2843155.388;C
1.10.37-63;-16.40152472;-71.49350826;-1941919.848;2843142.936;C
1.10.37-64; ; ;-1.516416327;20763369.87;C
1.10.37-64;-16.40263748;-71.49346295;-1942051.161;2843133.515;C
1.10.37-64;-16.4025373;-71.4928896;-1942046.632;2843199.85;C
1.10.37-64;-16.40140383;-71.49366241;-1941903.698;2843127.036;C
1.10.37-64;-16.40130085;-71.49437174;-1941882.641;2843047.938;C
1.10.37-64;-16.40136898;-71.49442787;-1941889.937;2843040.682;C
1.10.37-65; ; ;-1.516416327;20763369.87;C
1.10.37-65;-16.40274592;-71.4946388;-1942049.05;2842998.745;C
1.10.37-65;-16.40262994;-71.49357342;-1942048.88;2843121.086;C
1.10.37-65;-16.40209072;-71.49398239;-1941980.361;2843081.76;C
1.10.37-65;-16.40217839;-71.4945619;-1941983.342;2843014.891;C
1.10.37-66; ; ;-1.516416327;20763369.87;C
1.10.37-66;-16.40346698;-71.49475708;-1942132.275;2842975.897;C
1.10.37-66;-16.40322386;-71.49275533;-1942128.992;2843206.093;C
1.10.37-66;-16.40264638;-71.49281332;-1942060.411;2843207.073;C
1.10.37-66;-16.40283539;-71.494704;-1942058.74;2842990.18;C
1.10.37-67; ; ;-1.516416327;20763369.87;C
1.10.37-67;-16.40322641;-71.49269569;-1942130.046;2843212.823;C
1.10.37-67;-16.40303024;-71.49111775;-1942126.928;2843394.344;C
1.10.37-67;-16.40290439;-71.49107938;-1942112.626;2843400.342;C
1.10.37-67;-16.40248777;-71.49145563;-1942058.924;2843363.124;C
1.10.37-67;-16.40252319;-71.49189159;-1942057.579;2843313.217;C
1.10.37-67;-16.40263125;-71.49276049;-1942059.301;2843213.262;C
1.10.37-68; ; ;-1.516416327;20763369.87;C
1.10.37-68;-16.40419003;-71.49320663;-1942236.81;2843142.269;C
1.10.37-68;-16.40404297;-71.4919076;-1942235.94;2843291.514;C
1.10.37-68;-16.40345419;-71.49196884;-1942165.989;2843292.274;C
1.10.37-68;-16.40362131;-71.49325509;-1942169.378;2843144.215;C
1.10.37-69; ; ;-1.516416327;20763369.87;C
1.10.37-69;-16.40403793;-71.49182469;-1942236.395;2843300.982;C
1.10.37-69;-16.40391448;-71.49081012;-1942234.706;2843417.66;C
1.10.37-69;-16.40371506;-71.49067472;-1942212.986;2843435.625;C
1.10.37-69;-16.40332313;-71.49064886;-1942167.264;2843443.687;C
1.10.37-69;-16.40346041;-71.49188727;-1942167.749;2843301.443;C
1.10.37-70; ; ;-1.516416327;20763369.87;C
1.10.37-70;-16.40422917;-71.49119725;-1942266.79;2843369.637;C
1.10.37-70;-16.40460201;-71.49028833;-1942322.078;2843467.838;C
1.10.37-70;-16.4045617;-71.49027364;-1942317.528;2843470.031;C
1.10.37-70;-16.4040513;-71.49048359;-1942254.907;2843452.901;C
1.10.37-70;-16.40412974;-71.49121095;-1942254.935;2843369.385;C
1.10.37-71; ; ;-1.516416327;20763369.87;C
1.10.37-71;-16.40437225;-71.49142979;-1942280.664;2843341.393;C
1.10.37-71;-16.40461869;-71.49128075;-1942311.501;2843355.069;C
1.10.37-71;-16.40473908;-71.49088876;-1942330.597;2843397.949;C
1.10.37-71;-16.40475205;-71.4907651;-1942333.684;2843411.804;C
1.10.37-71;-16.40481581;-71.49050722;-1942344.433;2843440.215;C
1.10.37-71;-16.40484287;-71.49039609;-1942349.016;2843452.464;C
1.10.37-71;-16.40489194;-71.49019765;-1942357.289;2843474.327;C
1.10.37-71;-16.40475846;-71.49014813;-1942342.231;2843481.69;C
1.10.37-71;-16.40424791;-71.49137426;-1942266.756;2843349.318;C
1.10.37-72; ; ;-1.516416327;20763369.87;C
1.10.37-72;-16.40515072;-71.49529031;-1942323.364;2842893.395;C
1.10.37-72;-16.40455181;-71.49145818;-1942301.401;2843335.823;C
1.10.37-72;-16.40415405;-71.49155597;-1942253.432;2843329.939;C
1.10.37-72;-16.40455437;-71.49533031;-1942252.793;2842896.661;C
1.10.37-73; ; ;-1.516416327;20763369.87;C
1.10.37-73;-16.40551939;-71.49509526;-1942369.143;2842910.691;C
1.10.37-73;-16.4056877;-71.49499797;-1942390.146;2842919.522;C
1.10.37-73;-16.40550565;-71.49417113;-1942379.2;2843015.672;C
1.10.37-73;-16.40502691;-71.49234761;-1942345.987;2843228.737;C
1.10.37-73;-16.40483569;-71.4917437;-1942331.148;2843299.728;C
1.10.37-73;-16.40465137;-71.49179956;-1942308.787;2843295.804;C
1.10.37-73;-16.40524243;-71.49521799;-1942335.051;2842900.396;C
1.10.37-74; ; ;-1.516416327;20763369.87;C
1.10.37-74;-16.40596999;-71.49476835;-1942426.212;2842941.867;C
1.10.37-74;-16.4054791;-71.49374233;-1942381.497;2843064.648;C
1.10.37-74;-16.40541187;-71.49377454;-1942373.191;2843061.874;C
1.10.37-74;-16.40572205;-71.49491527;-1942395.226;2842928.45;C
1.10.37-75; ; ;-1.516416327;20763369.87;C
1.10.37-75;-16.40637596;-71.49666073;-1942450.007;2842721.95;C
1.10.37-75;-16.40607284;-71.49499734;-1942435.404;2842914.553;C
1.10.37-75;-16.40595984;-71.49502888;-1942421.729;2842912.455;C
1.10.37-75;-16.40593068;-71.49495171;-1942419.277;2842921.588;C
1.10.37-75;-16.40581551;-71.49502184;-1942404.86;2842915.142;C
1.10.37-75;-16.4060568;-71.49604457;-1942420.292;2842796.002;C
1.10.37-75;-16.40626124;-71.49668402;-1942436.235;2842720.81;C
1.10.37-76; ; ;-1.516416327;20763369.87;C
1.10.37-76;-16.40649939;-71.49738047;-1942455.419;2842638.714;C
1.10.37-76;-16.40660376;-71.49734683;-1942468.107;2842641.163;C
1.10.37-76;-16.40656154;-71.49677226;-1942470.403;2842706.874;C
1.10.37-76;-16.40638728;-71.49670953;-1942450.722;2842716.268;C
1.10.37-76;-16.40628669;-71.4967558;-1942438.319;2842712.337;C
1.10.37-76;-16.40581085;-71.49684085;-1942381.339;2842708.918;C
1.10.37-76;-16.40594342;-71.49731983;-1942390.865;2842652.865;C
1.10.37-76;-16.40589646;-71.49734073;-1942385.084;2842651.11;C
1.10.37-76;-16.40575142;-71.49685421;-1942374.187;2842708.181;C
1.10.37-76;-16.40539467;-71.49692597;-1942331.368;2842704.711;C
1.10.37-76;-16.40551512;-71.49786795;-1942333.623;2842596.311;C
1.10.37-77; ; ;-1.516416327;20763369.87;C
1.10.37-77;-16.40621741;-71.49669245;-1942430.979;2842720.428;C
1.10.37-77;-16.40603688;-71.49608701;-1942417.416;2842791.449;C
1.10.37-77;-16.40573998;-71.49615342;-1942381.695;2842787.803;C
1.10.37-77;-16.405902;-71.49675399;-1942393.145;2842717.576;C
1.10.37-78; ; ;-1.516416327;20763369.87;C
1.10.37-78;-16.40586091;-71.49675772;-1942388.27;2842717.691;C
1.10.37-78;-16.40569264;-71.49616319;-1942376.009;2842787.314;C
1.10.37-78;-16.40572823;-71.49615228;-1942380.328;2842788.086;C
1.10.37-78;-16.40570556;-71.49611466;-1942378.14;2842792.649;C
1.10.37-78;-16.40573259;-71.49611351;-1942381.33;2842792.425;C
1.10.37-78;-16.40575868;-71.4960936;-1942384.647;2842794.343;C
1.10.37-78;-16.4060081;-71.49603561;-1942414.684;2842797.655;C
1.10.37-78;-16.40578445;-71.495043;-1942400.944;2842913.148;C
1.10.37-78;-16.40554401;-71.49524523;-1942370.141;2842893.361;C
1.10.37-78;-16.40524295;-71.49532802;-1942333.724;2842887.911;C
1.10.37-78;-16.40540788;-71.49685173;-1942333.858;2842712.957;C
1.10.37-79; ; ;-1.516416327;20763369.87;C
1.10.37-79;-16.40531014;-71.49715252;-1942318.575;2842680.124;C
1.10.37-79;-16.40512963;-71.49540018;-1942319.498;2842881.21;C
1.10.37-79;-16.4045789;-71.49547133;-1942253.894;2842880.349;C
1.10.37-79;-16.40476918;-71.49744605;-1942251.312;2842653.915;C
1.10.37-80; ; ;-1.516416327;20763369.87;C
1.10.37-80;-16.40492838;-71.49813978;-1942261.255;2842573.16;C
1.10.37-80;-16.40493518;-71.49816991;-1942261.674;2842569.655;C
1.10.37-80;-16.40539529;-71.4979189;-1942318.9;2842592.1;C
1.10.37-80;-16.40533662;-71.49731746;-1942319.603;2842661.074;C
1.10.37-80;-16.40478096;-71.49761846;-1942250.519;2842634.209;C
1.10.37-80;-16.40487025;-71.49818147;-1942253.9;2842569.192;C
1.10.37-81; ; ;-1.516416327;20763369.87;C
1.10.37-81;-16.40552959;-71.49926052;-1942317.738;2842438.199;C
1.10.37-81;-16.40541241;-71.49821114;-1942317.222;2842558.735;C
1.10.37-81;-16.40487727;-71.49847766;-1942250.984;2842535.512;C
1.10.37-81;-16.40499461;-71.49954198;-1942251.33;2842413.28;C
1.10.37-82; ; ;-1.516416327;20763369.87;C
1.10.37-82;-16.40601146;-71.49897007;-1942378.019;2842464.833;C
1.10.37-82;-16.40581934;-71.49839621;-1942362.694;2842532.424;C
1.10.37-82;-16.4056812;-71.4980293;-1942351.097;2842575.84;C
1.10.37-82;-16.40551111;-71.49810091;-1942330.21;2842569.944;C
1.10.37-82;-16.40557648;-71.49875884;-1942329.582;2842494.477;C
1.10.37-82;-16.40563865;-71.49918049;-1942331.561;2842445.847;C
1.10.37-83; ; ;-1.516416327;20763369.87;C
1.10.37-83;-16.40653409;-71.49871148;-1942442.687;2842487.319;C
1.10.37-83;-16.40620182;-71.4978299;-1942414.783;2842591.64;C
1.10.37-83;-16.40580233;-71.49799206;-1942365.8;2842578.478;C
1.10.37-83;-16.40613404;-71.4989114;-1942393.161;2842469.882;C
1.10.37-84; ; ;-1.516416327;20763369.87;C
1.10.37-84;-16.40685613;-71.49859752;-1942481.962;2842496.029;C
1.10.37-84;-16.4065173;-71.49769005;-1942453.614;2842603.373;C
1.10.37-84;-16.40624616;-71.49781455;-1942420.186;2842592.802;C
1.10.37-84;-16.40654806;-71.49869527;-1942444.533;2842488.976;C
1.10.37-85; ; ;-1.516416327;20763369.87;C
1.10.37-85;-16.40718637;-71.49846942;-1942522.378;2842506.236;C
1.10.37-85;-16.40715482;-71.49825015;-1942521.441;2842531.514;C
1.10.37-85;-16.40670414;-71.49762529;-1942476.384;2842608.272;C
1.10.37-85;-16.4065509;-71.49767775;-1942457.717;2842604.328;C
1.10.37-85;-16.40689402;-71.49859968;-1942486.386;2842495.289;C
1.10.37-86; ; ;-1.516416327;20763369.87;C
1.10.37-86;-16.40645608;-71.50011942;-1942415.743;2842328.678;C
1.10.37-86;-16.406082;-71.49911385;-1942384.491;2842447.605;C
1.10.37-86;-16.40565095;-71.4993278;-1942331.146;2842428.982;C
1.10.37-86;-16.40575956;-71.5005385;-1942328.619;2842290.265;C
1.10.37-87; ; ;-1.516416327;20763369.87;C
1.10.37-87;-16.40566507;-71.50061775;-1942316.517;2842282.514;C
1.10.37-87;-16.40554104;-71.49940053;-1942317.315;2842422.172;C
1.10.37-87;-16.40500488;-71.49967689;-1942250.833;2842397.845;C
1.10.37-87;-16.40515093;-71.50093094;-1942252.159;2842253.722;C
1.10.37-88; ; ;-1.516416327;20763369.87;C
1.10.37-88;-16.40572839;-71.50143129;-1942313.684;2842189.428;C
1.10.37-88;-16.40565746;-71.50076404;-1942313.776;2842266.023;C
1.10.37-88;-16.40514754;-71.5010867;-1942249.793;2842236.103;C
1.10.37-88;-16.40522476;-71.50174312;-1942250.578;2842160.655;C
1.10.37-89; ; ;-1.516416327;20763369.87;C
1.10.37-89;-16.40633177;-71.50105539;-1942389.319;2842224.163;C
1.10.37-89;-16.40626174;-71.5003835;-1942389.575;2842301.273;C
1.10.37-89;-16.4057755;-71.50069052;-1942328.572;2842272.817;C
1.10.37-89;-16.40584407;-71.50135006;-1942328.301;2842197.127;C
1.10.37-90; ; ;-1.516416327;20763369.87;C
1.10.37-90;-16.40673128;-71.50088523;-1942438.404;2842238.233;C
1.10.37-90;-16.40649009;-71.50023971;-1942418.219;2842314.591;C
1.10.37-90;-16.40633448;-71.50031336;-1942399.008;2842308.275;C
1.10.37-90;-16.40642697;-71.50104043;-1942400.693;2842224.614;C
1.10.37-91; ; ;-1.516416327;20763369.87;C
1.10.37-91;-16.40695129;-71.50152648;-1942456.156;2842162.637;C
1.10.37-91;-16.40675677;-71.50102218;-1942439.67;2842222.369;C
1.10.37-91;-16.40630431;-71.50125381;-1942383.588;2842202.021;C
1.10.37-91;-16.40584694;-71.50151852;-1942326.511;2842177.986;C
1.10.37-91;-16.4059428;-71.50216419;-1942329.621;2842103.512;C
1.10.37-92; ; ;-1.516416327;20763369.87;C
1.10.37-92;-16.40579375;-71.50226506;-1942310.836;2842094.023;C
1.10.37-92;-16.40580399;-71.50220161;-1942312.84;2842101.084;C
1.10.37-92;-16.40580833;-71.50217684;-1942313.663;2842103.837;C
1.10.37-92;-16.40581041;-71.50214433;-1942314.317;2842107.496;C
1.10.37-92;-16.40577098;-71.50183536;-1942313.586;2842143.049;C
1.10.37-92;-16.40573113;-71.50159972;-1942311.88;2842170.292;C
1.10.37-92;-16.4052414;-71.50191647;-1942250.344;2842140.778;C
1.10.37-92;-16.40525142;-71.50201646;-1942250.259;2842129.308;C
1.10.37-92;-16.40525282;-71.502043;-1942250.088;2842126.28;C
1.10.37-92;-16.40531428;-71.50255951;-1942250.788;2842066.903;C
1.10.38-32; ; ;-1.516416327;20763369.87;C
1.10.38-32;-16.41006384;-71.50514595;-1942776.129;2841711.48;C
1.10.38-32;-16.40935427;-71.50381645;-1942709.553;2841871.522;C
1.10.38-32;-16.40907938;-71.50333238;-1942683.37;2841930.01;C
1.10.38-32;-16.40881029;-71.50287973;-1942657.472;2841984.86;C
1.10.38-32;-16.40881547;-71.50287788;-1942658.104;2841985.002;C
1.10.38-32;-16.40870282;-71.50276812;-1942646.256;2841998.922;C
1.10.38-32;-16.40861681;-71.50284142;-1942635.225;2841991.735;C
1.10.38-32;-16.40895226;-71.50347502;-1942666.636;2841915.498;C
1.10.38-32;-16.40997619;-71.50523441;-1942764.714;2841702.595;C
1.10.38-33; ; ;-1.516416327;20763369.87;C
1.10.38-33;-16.40907665;-71.50402194;-1942674.343;2841851.851;C
1.10.38-33;-16.40910541;-71.50403303;-1942677.582;2841850.218;C
1.10.38-33;-16.40914823;-71.50396632;-1942683.454;2841857.223;C
1.10.38-33;-16.40850944;-71.50287159;-1942622.231;2841989.719;C
1.10.38-33;-16.4082397;-71.50304863;-1942588.304;2841973.171;C
1.10.38-33;-16.40845875;-71.50346411;-1942608.793;2841923.192;C
1.10.38-33;-16.4085503;-71.50359957;-1942617.839;2841906.633;C
1.10.38-33;-16.40875829;-71.50380811;-1942639.641;2841880.264;C
1.10.38-33;-16.40886598;-71.50389269;-1942651.225;2841869.264;C
1.10.38-33;-16.40894014;-71.50419061;-1942656.176;2841834.511;C
1.10.38-34; ; ;-1.516416327;20763369.87;C
1.10.38-34;-16.40893567;-71.50440654;-1942652.924;2841810.083;C
1.10.38-34;-16.40881964;-71.503986;-1942644.602;2841859.289;C
1.10.38-34;-16.40875829;-71.50388035;-1942638.729;2841872.072;C
1.10.38-34;-16.40845846;-71.50353594;-1942607.852;2841915.049;C
1.10.38-34;-16.40819727;-71.50306874;-1942583.066;2841971.446;C
1.10.38-34;-16.40804243;-71.503131;-1942564.088;2841966.411;C
1.10.38-34;-16.40854951;-71.50466855;-1942604.249;2841785.424;C
1.10.38-38; ; ;-1.516416327;20763369.87;C
1.10.38-38;-16.40848766;-71.50471666;-1942596.375;2841780.777;C
1.10.38-38;-16.40800048;-71.50314208;-1942559.019;2841965.704;C
1.10.38-38;-16.40768999;-71.50327738;-1942520.834;2841954.422;C
1.10.38-38;-16.40824072;-71.5048873;-1942565.209;2841764.657;C
1.10.38-39; ; ;-1.516416327;20763369.87;C
1.10.38-39;-16.40817966;-71.50496354;-1942557.073;2841756.81;C
1.10.38-39;-16.40750445;-71.50307583;-1942501.581;2841979.705;C
1.10.38-39;-16.40701963;-71.50337773;-1942440.81;2841951.811;C
1.10.38-39;-16.40766517;-71.50531749;-1942492.161;2841723.403;C
1.10.38-43; ; ;-1.516416327;20763369.87;C
1.10.38-43;-16.40763139;-71.50532281;-1942488.125;2841723.241;C
1.10.38-43;-16.40724107;-71.50413079;-1942457.318;2841863.519;C
1.10.38-43;-16.40693404;-71.50338244;-1942430.696;2841952.396;C
1.10.38-43;-16.40661612;-71.50359783;-1942390.626;2841932.13;C
1.10.38-43;-16.40723446;-71.50562051;-1942437.735;2841694.675;C
1.10.38-44; ; ;-1.516416327;20763369.87;C
1.10.38-44;-16.40675702;-71.50429598;-1942398.365;2841851.118;C
1.10.38-44;-16.40654427;-71.50364636;-1942381.571;2841927.567;C
1.10.38-44;-16.40595064;-71.50400788;-1942307.265;2841894.335;C
1.10.38-44;-16.40613102;-71.5046157;-1942320.784;2841823.05;C
1.10.38-45; ; ;-1.516416327;20763369.87;C
1.10.38-45;-16.40672618;-71.50585248;-1942375.092;2841675.017;C
1.10.38-45;-16.4067169;-71.50576669;-1942375.085;2841684.867;C
1.10.38-45;-16.40678298;-71.50575521;-1942382.993;2841685.305;C
1.10.38-45;-16.40690692;-71.50578658;-1942397.158;2841680.126;C
1.10.38-45;-16.40699745;-71.50574641;-1942408.301;2841683.497;C
1.10.38-45;-16.4070722;-71.50563839;-1942418.447;2841694.769;C
1.10.38-45;-16.40708233;-71.50561994;-1942419.87;2841696.728;C
1.10.38-45;-16.40719542;-71.50558043;-1942433.654;2841699.73;C
1.10.38-45;-16.40695577;-71.50494235;-1942413.554;2841775.221;C
1.10.38-45;-16.4067843;-71.50437781;-1942400.537;2841841.482;C
1.10.38-45;-16.40615199;-71.50470288;-1942322.147;2841812.889;C
1.10.38-45;-16.40631621;-71.50513064;-1942336.04;2841762.234;C
1.10.38-45;-16.4066819;-71.50587257;-1942369.636;2841673.318;C
1.10.38-55; ; ;-1.516416327;20763369.87;C
1.10.38-55;-16.40712291;-71.5074757;-1942401.211;2841485.76;C
1.10.38-55;-16.40703511;-71.50725522;-1942393.679;2841511.91;C
1.10.38-55;-16.4069927;-71.50710571;-1942390.584;2841529.418;C
1.10.38-55;-16.40695909;-71.50696726;-1942388.384;2841545.558;C
1.10.38-55;-16.40697734;-71.50694784;-1942390.773;2841547.521;C
1.10.38-55;-16.40696407;-71.5068107;-1942390.944;2841563.247;C
1.10.38-55;-16.40646749;-71.50729779;-1942326.456;2841514.506;C
1.10.38-55;-16.40674196;-71.5077253;-1942353.306;2841462.438;C
1.10.38-56; ; ;-1.516416327;20763369.87;C
1.10.38-56;-16.40696455;-71.50673432;-1942391.965;2841571.901;C
1.10.38-56;-16.40692374;-71.50663657;-1942388.405;2841583.52;C
1.10.38-56;-16.40694846;-71.50661633;-1942391.564;2841585.492;C
1.10.38-56;-16.40691181;-71.50644724;-1942389.392;2841605.145;C
1.10.38-56;-16.40689388;-71.50644431;-1942387.324;2841605.711;C
1.10.38-56;-16.4065149;-71.50670138;-1942339.555;2841581.517;C
1.10.38-56;-16.40627809;-71.50701781;-1942307.74;2841548.732;C
1.10.38-56;-16.40644561;-71.50724148;-1942324.597;2841521.178;C
1.10.38-60; ; ;-1.516416327;20763369.87;C
1.10.38-60;-16.40687893;-71.50637744;-1942386.411;2841613.49;C
1.10.38-60;-16.40677165;-71.50611454;-1942377.127;2841644.706;C
1.10.38-60;-16.40628639;-71.50640484;-1942316.452;2841618.133;C
1.10.38-60;-16.40646231;-71.50668328;-1942333.605;2841584.258;C
1.10.38-61; ; ;-1.516416327;20763369.87;C
1.10.38-61;-16.40669519;-71.50600958;-1942369.468;2841657.607;C
1.10.38-61;-16.40650062;-71.50565553;-1942351.078;2841700.301;C
1.10.38-61;-16.4063634;-71.50545778;-1942337.455;2841724.52;C
1.10.38-61;-16.40568504;-71.50591773;-1942251.952;2841681.234;C
1.10.38-61;-16.40570842;-71.50609127;-1942252.509;2841661.248;C
1.10.38-61;-16.40591466;-71.50654429;-1942271.021;2841607.181;C
1.10.38-62; ; ;-1.516416327;20763369.87;C
1.10.38-62;-16.40632221;-71.50534892;-1942333.99;2841737.403;C
1.10.38-62;-16.4061112;-71.50476574;-1942316.561;2841806.294;C
1.10.38-62;-16.40558774;-71.50507569;-1942251.151;2841777.992;C
1.10.38-62;-16.40569177;-71.5057291;-1942255.125;2841702.536;C
1.10.38-63; ; ;-1.516416327;20763369.87;C
1.10.38-63;-16.40607766;-71.50464145;-1942314.19;2841820.827;C
1.10.38-63;-16.40593389;-71.50402232;-1942305.116;2841892.916;C
1.10.38-63;-16.4054938;-71.50431447;-1942249.723;2841865.543;C
1.10.38-63;-16.40556732;-71.50493689;-1942250.503;2841793.999;C
1.10.38-64; ; ;-1.516416327;20763369.87;C
1.10.38-64;-16.40657237;-71.50349864;-1942386.737;2841943.951;C
1.10.38-64;-16.40650446;-71.50286675;-1942386.737;2842016.495;C
1.10.38-64;-16.4054297;-71.5035141;-1942252.297;2841957.143;C
1.10.38-64;-16.40549977;-71.50415168;-1942252.48;2841883.925;C
1.10.38-65; ; ;-1.516416327;20763369.87;C
1.10.38-65;-16.40589228;-71.5030422;-1942312.6;2842004.607;C
1.10.38-65;-16.40581909;-71.50238743;-1942312.268;2842079.815;C
1.10.38-65;-16.4053202;-71.50268984;-1942249.839;2842052.046;C
1.10.38-65;-16.40541768;-71.503339;-1942253.096;2841977.157;C
1.10.38-66; ; ;-1.516416327;20763369.87;C
1.10.38-66;-16.40602444;-71.50297353;-1942328.994;2842010.665;C
1.10.38-66;-16.40649094;-71.50268133;-1942387.489;2842037.698;C
1.10.38-66;-16.4064305;-71.50200478;-1942388.931;2842115.21;C
1.10.38-66;-16.40592119;-71.5023191;-1942325.126;2842086.228;C
1.10.38-66;-16.4059934;-71.50296394;-1942325.469;2842012.159;C
1.10.38-67; ; ;-1.516416327;20763369.87;C
1.10.38-67;-16.4072219;-71.50225245;-1942478.781;2842076.772;C
1.10.38-67;-16.4069781;-71.50164383;-1942457.824;2842148.979;C
1.10.38-67;-16.40648623;-71.50192848;-1942396.442;2842123.133;C
1.10.38-67;-16.40657616;-71.50261551;-1942398.333;2842044.048;C
1.10.38-68; ; ;-1.516416327;20763369.87;C
1.10.38-68;-16.40747555;-71.50297105;-1942499.509;2841991.965;C
1.10.38-68;-16.40725923;-71.50242782;-1942480.953;2842056.397;C
1.10.38-68;-16.40659778;-71.50278244;-1942398.766;2842024.835;C
1.10.38-68;-16.40665263;-71.50343834;-1942396.928;2841949.739;C
1.10.38-68;-16.40664284;-71.50344654;-1942395.674;2841948.938;C
1.10.38-68;-16.40665765;-71.50346399;-1942397.194;2841946.765;C
1.10.38-69; ; ;-1.516416327;20763369.87;C
1.10.38-69;-16.40692059;-71.50010732;-1942470.469;2842323.972;C
1.10.38-69;-16.40690855;-71.50006443;-1942469.596;2842328.994;C
1.10.38-69;-16.40697463;-71.50005479;-1942477.481;2842329.222;C
1.10.38-69;-16.40687325;-71.49964018;-1942470.806;2842377.566;C
1.10.38-69;-16.40684518;-71.49948316;-1942469.491;2842395.74;C
1.10.38-69;-16.40688074;-71.49947851;-1942473.728;2842395.802;C
1.10.38-69;-16.40700499;-71.50005876;-1942480.998;2842328.375;C
1.10.38-69;-16.40717472;-71.50006362;-1942500.878;2842325.603;C
1.10.38-69;-16.40709019;-71.49970962;-1942495.416;2842366.853;C
1.10.38-69;-16.40688911;-71.49871063;-1942484.408;2842482.772;C
1.10.38-69;-16.40687813;-71.49867298;-1942483.593;2842487.185;C
1.10.38-69;-16.40667633;-71.49877601;-1942458.583;2842478.14;C
1.10.38-69;-16.40675415;-71.49907627;-1942463.934;2842443.072;C
1.10.38-69;-16.40676676;-71.49920908;-1942463.738;2842427.847;C
1.10.38-69;-16.40678007;-71.49943521;-1942462.447;2842402.029;C
1.10.38-69;-16.40672197;-71.4994606;-1942455.3;2842399.909;C
1.10.38-69;-16.40672308;-71.49944039;-1942455.686;2842402.187;C
1.10.38-69;-16.4067594;-71.49941214;-1942460.31;2842404.915;C
1.10.38-69;-16.40673143;-71.49906771;-1942461.374;2842444.341;C
1.10.38-69;-16.40664542;-71.49880331;-1942454.607;2842475.45;C
1.10.38-69;-16.40618535;-71.49905399;-1942397.389;2842453.041;C
1.10.38-69;-16.40727215;-71.50208591;-1942486.788;2842095;C
1.10.38-69;-16.40740322;-71.50246541;-1942497.395;2842050.25;C
1.10.38-69;-16.40765887;-71.50318119;-1942518.392;2841965.737;C
1.10.38-69;-16.4081067;-71.50302031;-1942573.037;2841978.123;C
1.10.38-69;-16.40791479;-71.50234261;-1942559.048;2842057.484;C
1.10.38-69;-16.4078417;-71.50225934;-1942551.512;2842067.883;C
1.10.38-69;-16.40768394;-71.5016823;-1942540.264;2842135.383;C
1.10.38-69;-16.40751599;-71.50175782;-1942519.578;2842129.016;C
1.10.38-69;-16.40741364;-71.50178934;-1942507.155;2842126.78;C
1.10.38-69;-16.40736846;-71.50183253;-1942501.303;2842122.473;C
1.10.38-69;-16.4075495;-71.50208546;-1942519.379;2842091.423;C
1.10.38-69;-16.40751728;-71.50212318;-1942515.117;2842087.567;C
1.10.38-69;-16.40730098;-71.50182558;-1942493.462;2842124.145;C
1.10.38-69;-16.40717964;-71.50141083;-1942484.443;2842172.764;C
1.10.38-69;-16.40693034;-71.50011199;-1942471.556;2842323.315;C
1.10.38-70; ; ;-1.516416327;20763369.87;C
1.10.38-70;-16.40768001;-71.50166372;-1942540.036;2842137.541;C
1.10.38-70;-16.40738881;-71.50102663;-1942513.869;2842213.597;C
1.10.38-70;-16.40731053;-71.50072119;-1942508.529;2842249.258;C
1.10.38-70;-16.40718295;-71.50009843;-1942501.405;2842321.548;C
1.10.38-70;-16.40694576;-71.500116;-1942473.316;2842322.658;C
1.10.38-70;-16.40696639;-71.50016106;-1942475.171;2842317.278;C
1.10.38-70;-16.40700952;-71.50015172;-1942480.356;2842317.774;C
1.10.38-70;-16.40719308;-71.50130234;-1942487.393;2842184.891;C
1.10.38-70;-16.40724029;-71.50153114;-1942490.05;2842158.328;C
1.10.38-70;-16.40739318;-71.50178265;-1942504.836;2842127.807;C
1.10.45-1; ; ;-1.516416327;20763369.87;C
1.10.45-1;-16.38926171;-71.48771795;-1940552.125;2843960.063;C
1.10.45-1;-16.38932027;-71.4880825;-1940554.403;2843917.949;C
1.10.45-1;-16.38956069;-71.48801599;-1940583.491;2843922.348;C
1.10.45-1;-16.38966453;-71.48765346;-1940600.27;2843962.109;C
1.10.45-2; ; ;-1.516416327;20763369.87;C
1.10.45-2;-16.38979074;-71.48721122;-1940620.682;2844010.618;C
1.10.45-2;-16.38919813;-71.48735095;-1940549.288;2844002.52;C
1.10.45-2;-16.38926008;-71.48767064;-1940552.531;2843965.45;C
1.10.45-2;-16.38970165;-71.48758572;-1940605.486;2843969.307;C
1.10.45-2;-16.38982032;-71.48731469;-1940622.852;2843998.495;C
1.10.45-3; ; ;-1.516416327;20763369.87;C
1.10.45-3;-16.38914009;-71.48703121;-1940546.505;2844039.545;C
1.10.45-3;-16.38920086;-71.48731116;-1940550.111;2844006.997;C
1.10.45-3;-16.38984481;-71.48717272;-1940627.521;2844014.278;C
1.10.45-3;-16.38975452;-71.48662477;-1940623.831;2844077.608;C
1.10.53-9; ; ;-1.516416327;20763369.87;C
1.10.53-9;-16.38808258;-71.48600678;-1940435.182;2844169.571;C
1.10.53-9;-16.38806365;-71.48647984;-1940426.987;2844116.162;C
1.10.53-9;-16.38866281;-71.48651297;-1940496.968;2844104.567;C
1.10.53-9;-16.38833749;-71.48601875;-1940464.984;2844164.879;C
1.10.53-10; ; ;-1.516416327;20763369.87;C
1.10.53-10;-16.38716176;-71.48592379;-1940328.036;2844191.027;C
1.10.53-10;-16.38696077;-71.48640435;-1940298.352;2844139.148;C
1.10.53-10;-16.38796136;-71.48646856;-1940415.109;2844118.779;C
1.10.53-10;-16.38799292;-71.48599245;-1940424.829;2844172.369;C
1.10.53-73; ; ;-1.516416327;20763369.87;C
1.10.53-73;-16.38889214;-71.4876107;-1940510.055;2843977.061;C
1.10.53-73;-16.38864722;-71.48767043;-1940480.524;2843973.489;C
1.10.53-73;-16.38859726;-71.48833514;-1940466.262;2843898.749;C
1.10.53-73;-16.38929387;-71.48870913;-1940543.39;2843847.22;C
1.10.53-73;-16.38911523;-71.48732426;-1940539.884;2844006.632;C
1.10.6-5; ; ;-1.516416327;20763369.87;D
1.10.6-5;-16.39305951;-71.50210366;-1940816.776;2842278.833;D
1.10.6-5;-16.39304598;-71.50191381;-1940817.58;2842300.541;D
1.10.6-5;-16.3930051;-71.50191356;-1940812.781;2842301.104;D
1.10.6-5;-16.3926773;-71.50223023;-1940770.273;2842269.475;D
1.10.6-5;-16.39278378;-71.50236956;-1940781.025;2842252.281;D
1.10.6-5;-16.39308067;-71.50236724;-1940815.936;2842248.664;D
1.10.6-11; ; ;-1.516416327;20763369.87;D
1.10.6-11;-16.39296767;-71.50108291;-1940818.864;2842395.797;D
1.10.6-11;-16.39258971;-71.50106503;-1940774.684;2842402.766;D
1.10.6-11;-16.39262697;-71.50167074;-1940771.42;2842333.584;D
1.10.6-11;-16.39278515;-71.50186699;-1940787.527;2842309.26;D
1.10.6-11;-16.39301355;-71.50183984;-1940814.704;2842309.354;D
1.10.6-12; ; ;-1.516416327;20763369.87;D
1.10.6-12;-16.3921956;-71.50079297;-1940731.813;2842438.772;D
1.10.6-12;-16.39214296;-71.50113979;-1940721.253;2842400.127;D
1.10.6-12;-16.39256696;-71.50170434;-1940763.945;2842330.558;D
1.10.6-12;-16.39249908;-71.5011434;-1940763.047;2842395.063;D
1.10.6-13; ; ;-1.516416327;20763369.87;D
1.10.6-13;-16.39279692;-71.5020911;-1940786.083;2842283.69;D
1.10.6-13;-16.39214689;-71.50120036;-1940720.951;2842393.206;D
1.10.6-13;-16.39210665;-71.50146418;-1940712.894;2842363.812;D
1.10.6-13;-16.39266514;-71.50222269;-1940768.94;2842270.489;D
1.10.7-3; ; ;-1.516416327;20763369.87;D
1.10.7-3;-16.39486139;-71.50189472;-1941031.11;2842278.976;D
1.10.7-3;-16.39465671;-71.50157133;-1941011.142;2842318.327;D
1.10.7-3;-16.39429462;-71.50182777;-1940965.366;2842293.977;D
1.10.7-3;-16.39449037;-71.50216368;-1940984.125;2842253.323;D
1.10.7-4; ; ;-1.516416327;20763369.87;D
1.10.7-4;-16.39427348;-71.50178109;-1940963.471;2842299.548;D
1.10.7-4;-16.3946344;-71.50153831;-1941008.938;2842322.363;D
1.10.7-4;-16.39442999;-71.50122999;-1940988.814;2842360.002;D
1.10.7-4;-16.39407978;-71.50144461;-1940944.96;2842340.24;D
1.10.7-5; ; ;-1.516416327;20763369.87;D
1.10.7-5;-16.3944223;-71.50119335;-1940988.372;2842364.258;D
1.10.7-5;-16.39425669;-71.5008848;-1940972.809;2842401.415;D
1.10.7-5;-16.39390762;-71.50103415;-1940929.913;2842389.041;D
1.10.7-5;-16.39405414;-71.50142167;-1940942.237;2842343.177;D
1.10.7-6; ; ;-1.516416327;20763369.87;D
1.10.7-6;-16.39423479;-71.50086208;-1940970.522;2842404.278;D
1.10.7-6;-16.39401783;-71.50062148;-1940948.068;2842434.401;D
1.10.7-6;-16.39391658;-71.50046399;-1940938.16;2842453.586;D
1.10.7-6;-16.39387663;-71.50036172;-1940934.757;2842465.706;D
1.10.7-6;-16.39384766;-71.5003351;-1940931.689;2842469.104;D
1.10.7-6;-16.39377741;-71.50034924;-1940923.258;2842468.419;D
1.10.7-6;-16.39373512;-71.50054977;-1940915.758;2842446.229;D
1.10.7-6;-16.39389252;-71.501006;-1940928.493;2842392.431;D
1.10.7-7; ; ;-1.516416327;20763369.87;D
1.10.7-7;-16.39396443;-71.499819;-1940951.92;2842526.11;D
1.10.7-7;-16.39384368;-71.50013579;-1940933.737;2842491.761;D
1.10.7-7;-16.39414678;-71.50021022;-1940968.408;2842479.357;D
1.10.7-7;-16.39424407;-71.49991122;-1940983.612;2842511.995;D
1.10.7-8; ; ;-1.516416327;20763369.87;D
1.10.7-8;-16.39436503;-71.49958556;-1941001.933;2842547.346;D
1.10.7-8;-16.39408619;-71.49949654;-1940970.296;2842561.088;D
1.10.7-8;-16.39398199;-71.49978531;-1940954.408;2842529.7;D
1.10.7-8;-16.39426439;-71.49988009;-1940986.392;2842515.259;D
1.10.7-9; ; ;-1.516416327;20763369.87;D
1.10.7-9;-16.39438408;-71.49955821;-1941004.516;2842550.199;D
1.10.7-9;-16.39447723;-71.49926395;-1941019.173;2842582.354;D
1.10.7-9;-16.39419097;-71.49914406;-1940987.055;2842599.693;D
1.10.7-9;-16.39410876;-71.49946094;-1940973.396;2842564.831;D
1.10.7-10; ; ;-1.516416327;20763369.87;D
1.10.7-10;-16.3945024;-71.4992355;-1941022.49;2842585.251;D
1.10.7-10;-16.39460823;-71.49892659;-1941038.823;2842618.902;D
1.10.7-10;-16.39431491;-71.49882879;-1941005.595;2842633.828;D
1.10.7-10;-16.39421481;-71.49912744;-1940990.065;2842601.266;D
1.10.10-1; ; ;-1.516416327;20763369.87;D
1.10.10-1;-16.39655008;-71.50547183;-1941184.371;2841851.231;D
1.10.10-1;-16.39655935;-71.50536462;-1941186.814;2841863.268;D
1.10.10-1;-16.39655786;-71.50520916;-1941188.6;2841880.918;D
1.10.10-1;-16.39656679;-71.5050317;-1941191.888;2841900.926;D
1.10.10-1;-16.3965185;-71.50498373;-1941186.819;2841906.998;D
1.10.10-1;-16.39648595;-71.50498161;-1941183.023;2841907.663;D
1.10.10-1;-16.39624095;-71.50549053;-1941147.817;2841853.152;D
1.10.10-1;-16.39616258;-71.50555577;-1941137.787;2841846.777;D
1.10.10-1;-16.39618911;-71.50573956;-1941138.585;2841825.587;D
1.10.10-1;-16.39654887;-71.50561801;-1941182.385;2841834.67;D
1.10.10-2; ; ;-1.516416327;20763369.87;D
1.10.10-2;-16.39625254;-71.50536972;-1941150.704;2841866.701;D
1.10.10-2;-16.39635896;-71.5051422;-1941166.077;2841891.112;D
1.10.10-2;-16.39641824;-71.50506351;-1941174.035;2841899.26;D
1.10.10-2;-16.39638821;-71.50499278;-1941171.399;2841907.674;D
1.10.10-2;-16.39619246;-71.50508491;-1941147.238;2841899.785;D
1.10.10-2;-16.3960649;-71.5050984;-1941132.082;2841899.923;D
1.10.10-2;-16.39597208;-71.50507138;-1941121.518;2841904.2;D
1.10.10-2;-16.39565864;-71.50496815;-1941085.996;2841920.003;D
1.10.10-2;-16.39558828;-71.50494649;-1941078.003;2841923.38;D
1.10.10-2;-16.39555436;-71.5049805;-1941073.588;2841919.966;D
1.10.10-2;-16.3955838;-71.50503179;-1941076.4;2841913.764;D
1.10.10-2;-16.39580363;-71.50520091;-1941100.093;2841891.712;D
1.10.10-2;-16.39582733;-71.50526025;-1941102.129;2841884.672;D
1.10.10-2;-16.3958871;-71.50556732;-1941105.277;2841849.068;D
1.10.10-2;-16.39616233;-71.5054995;-1941138.468;2841853.162;D
1.10.10-3; ; ;-1.516416327;20763369.87;D
1.10.10-3;-16.39588617;-71.50499026;-1941112.448;2841914.522;D
1.10.10-3;-16.39602034;-71.50502788;-1941127.736;2841908.502;D
1.10.10-3;-16.39609693;-71.50504398;-1941136.531;2841905.675;D
1.10.10-3;-16.3961522;-71.50503555;-1941143.131;2841905.909;D
1.10.10-3;-16.39621621;-71.5050005;-1941151.094;2841909.047;D
1.10.10-3;-16.39642073;-71.50487324;-1941176.727;2841920.806;D
1.10.10-3;-16.39633557;-71.50472175;-1941168.634;2841939.099;D
1.10.10-3;-16.39631272;-71.50468215;-1941166.449;2841943.888;D
1.10.10-3;-16.39617381;-71.50468395;-1941150.106;2841945.5;D
1.10.10-3;-16.39612017;-71.50471759;-1941143.38;2841942.387;D
1.10.10-3;-16.39608489;-71.50476011;-1941138.698;2841938.025;D
1.10.10-3;-16.39607711;-71.50488684;-1941136.186;2841923.755;D
1.10.10-3;-16.39584237;-71.50485935;-1941108.954;2841929.941;D
1.10.10-3;-16.39555246;-71.50482063;-1941075.383;2841938.121;D
1.10.10-3;-16.39552675;-71.50486356;-1941071.82;2841933.588;D
1.10.10-4; ; ;-1.516416327;20763369.87;D
1.10.10-4;-16.39655758;-71.50482665;-1941193.393;2841924.3;D
1.10.10-4;-16.3965958;-71.50460447;-1941200.686;2841948.997;D
1.10.10-4;-16.39661729;-71.50448074;-1941204.772;2841962.748;D
1.10.10-4;-16.39663324;-71.50434003;-1941208.422;2841978.497;D
1.10.10-4;-16.3966508;-71.50424219;-1941211.72;2841989.364;D
1.10.10-4;-16.3963819;-71.50420225;-1941180.632;2841997.408;D
1.10.10-4;-16.39627676;-71.5041759;-1941168.612;2842001.771;D
1.10.10-4;-16.39620535;-71.50464795;-1941154.266;2841949.17;D
1.10.10-4;-16.39637023;-71.50469652;-1941173.025;2841941.507;D
1.10.10-4;-16.39638438;-71.50474714;-1941174.048;2841935.581;D
1.10.10-4;-16.3964203;-71.50482691;-1941177.261;2841926.065;D
1.10.10-4;-16.39646137;-71.50487821;-1941181.44;2841919.711;D
1.10.10-5; ; ;-1.516416327;20763369.87;D
1.10.10-5;-16.39666812;-71.50418481;-1941214.479;2841995.644;D
1.10.10-5;-16.39668638;-71.50402444;-1941218.647;2842013.593;D
1.10.10-5;-16.39671344;-71.5038785;-1941223.668;2842029.79;D
1.10.10-5;-16.3964278;-71.50383373;-1941190.674;2842038.601;D
1.10.10-5;-16.39632976;-71.50387385;-1941178.65;2842035.332;D
1.10.10-5;-16.3962923;-71.50409667;-1941171.437;2842010.553;D
1.10.10-5;-16.39652914;-71.50415345;-1941198.546;2842001.017;D
1.10.10-6; ; ;-1.516416327;20763369.87;D
1.10.10-6;-16.3962059;-71.50433873;-1941158.232;2841984.23;D
1.10.10-6;-16.39624815;-71.50407496;-1941166.524;2842013.591;D
1.10.10-6;-16.39629561;-71.50382146;-1941175.298;2842041.72;D
1.10.10-6;-16.39622995;-71.50379993;-1941167.856;2842045.02;D
1.10.10-6;-16.39604565;-71.50390751;-1941144.846;2842035.228;D
1.10.10-6;-16.39594856;-71.50402172;-1941131.999;2842023.546;D
1.10.10-6;-16.39604565;-71.50406313;-1941142.883;2842017.58;D
1.10.10-6;-16.39600751;-71.50430989;-1941135.288;2841990.094;D
1.10.10-6;-16.39599695;-71.50438411;-1941133.111;2841981.815;D
1.10.10-6;-16.3959792;-71.50448553;-1941129.746;2841970.546;D
1.10.10-6;-16.3960267;-71.50454028;-1941134.636;2841963.715;D
1.10.10-6;-16.39601277;-71.50461664;-1941132.036;2841955.239;D
1.10.10-6;-16.39614857;-71.50465855;-1941147.461;2841948.71;D
1.10.10-7; ; ;-1.516416327;20763369.87;D
1.10.10-7;-16.396042;-71.50390099;-1941144.5;2842036.015;D
1.10.10-7;-16.39552606;-71.50345295;-1941089.537;2842093.571;D
1.10.10-7;-16.39546493;-71.50354831;-1941081.152;2842083.555;D
1.10.10-7;-16.39545298;-71.50374071;-1941077.32;2842061.892;D
1.10.10-7;-16.39582713;-71.50411596;-1941116.543;2842014.445;D
1.10.10-8; ; ;-1.516416327;20763369.87;D
1.10.10-8;-16.39634976;-71.50358042;-1941184.702;2842068.348;D
1.10.10-8;-16.39579895;-71.50309324;-1941126.137;2842130.797;D
1.10.10-8;-16.39555288;-71.50341427;-1941093.177;2842097.607;D
1.10.10-8;-16.39606806;-71.50384277;-1941148.296;2842042.278;D
1.10.10-9; ; ;-1.516416327;20763369.87;D
1.10.10-9;-16.39648072;-71.50309601;-1941206.201;2842121.571;D
1.10.10-9;-16.39631463;-71.50294927;-1941188.539;2842140.384;D
1.10.10-9;-16.39608764;-71.50273924;-1941164.521;2842167.17;D
1.10.10-9;-16.39584079;-71.50304176;-1941131.702;2842136.089;D
1.10.10-9;-16.39597225;-71.50315817;-1941145.678;2842121.169;D
1.10.10-9;-16.3963944;-71.50354218;-1941190.429;2842072.101;D
1.10.10-9;-16.39666431;-71.50325578;-1941225.754;2842101.052;D
1.10.10-10; ; ;-1.516416327;20763369.87;D
1.10.10-10;-16.39644168;-71.50297805;-1941203.102;2842135.459;D
1.10.10-10;-16.39669052;-71.50319977;-1941229.54;2842107.061;D
1.10.10-10;-16.39672416;-71.50318445;-1941233.686;2842108.359;D
1.10.10-10;-16.39673363;-71.50267861;-1941241.181;2842165.601;D
1.10.10-10;-16.39652744;-71.5026027;-1941217.914;2842176.906;D
1.10.10-10;-16.39627501;-71.50255128;-1941188.907;2842186.037;D
1.10.10-10;-16.39622301;-71.50259241;-1941182.278;2842182.053;D
1.10.10-10;-16.39614111;-71.50268336;-1941171.508;2842172.808;D
1.10.10-11; ; ;-1.516416327;20763369.87;D
1.10.10-11;-16.39714078;-71.50295459;-1941285.533;2842128.981;D
1.10.10-11;-16.39712952;-71.50281049;-1941286.028;2842145.47;D
1.10.10-11;-16.3970971;-71.50278252;-1941282.573;2842149.065;D
1.10.10-11;-16.39704804;-71.5027555;-1941277.149;2842152.771;D
1.10.10-11;-16.39696908;-71.50270218;-1941268.546;2842159.851;D
1.10.10-11;-16.39675708;-71.502681;-1941243.906;2842165.024;D
1.10.10-11;-16.39675486;-71.50320433;-1941237.042;2842105.703;D
1.10.10-11;-16.39714248;-71.50318337;-1941282.845;2842103.013;D
1.10.10-12; ; ;-1.516416327;20763369.87;D
1.10.10-12;-16.3968917;-71.50388787;-1941244.493;2842026.396;D
1.10.10-12;-16.3970415;-71.50395877;-1941261.197;2842016.398;D
1.10.10-12;-16.39712544;-71.50401293;-1941270.376;2842009.158;D
1.10.10-12;-16.39713741;-71.50346061;-1941278.751;2842071.639;D
1.10.10-12;-16.39713341;-71.50328719;-1941280.47;2842091.358;D
1.10.10-12;-16.39709104;-71.50324975;-1941275.965;2842096.158;D
1.10.10-12;-16.39701833;-71.50324678;-1941267.459;2842097.445;D
1.10.10-12;-16.39680658;-71.50325241;-1941242.511;2842099.574;D
1.10.10-12;-16.3966074;-71.50341385;-1941217.073;2842083.87;D
1.10.10-12;-16.39630743;-71.50373046;-1941177.836;2842051.885;D
1.10.10-12;-16.39647198;-71.50372917;-1941197.184;2842049.881;D
1.10.10-12;-16.39674225;-71.50379925;-1941228.052;2842038.4;D
1.10.10-13; ; ;-1.516416327;20763369.87;D
1.10.10-13;-16.39674526;-71.50405532;-1941225.175;2842009.321;D
1.10.10-13;-16.39665511;-71.50478237;-1941205.411;2841928.047;D
1.10.10-13;-16.39702652;-71.50479051;-1941248.943;2841922.269;D
1.10.10-13;-16.39712423;-71.50408511;-1941269.323;2842000.988;D
1.10.10-13;-16.39680179;-71.50391834;-1941233.545;2842024.116;D
1.10.10-14; ; ;-1.516416327;20763369.87;D
1.10.10-14;-16.39664825;-71.50480228;-1941204.353;2841925.879;D
1.10.10-14;-16.39662976;-71.50500986;-1941199.561;2841902.58;D
1.10.10-14;-16.39662279;-71.50524063;-1941195.831;2841876.501;D
1.10.10-14;-16.39662512;-71.50551395;-1941192.656;2841845.474;D
1.10.10-14;-16.39699981;-71.50553056;-1941236.467;2841838.693;D
1.10.10-14;-16.39702186;-71.50503972;-1941245.251;2841894.069;D
1.10.10-14;-16.39701725;-71.50481171;-1941247.586;2841919.986;D
1.10.12-1; ; ;-1.516416327;20763369.87;D
1.10.12-1;-16.39524698;-71.50333543;-1941058.233;2842110.547;D
1.10.12-1;-16.39561807;-71.50323144;-1941103.143;2842117.489;D
1.10.12-1;-16.39556778;-71.50278736;-1941102.837;2842168.508;D
1.10.12-1;-16.39518284;-71.50293112;-1941055.798;2842157.238;D
1.10.12-2; ; ;-1.516416327;20763369.87;D
1.10.12-2;-16.39566679;-71.50289772;-1941113.077;2842154.699;D
1.10.12-2;-16.39563519;-71.50318782;-1941105.703;2842122.212;D
1.10.12-2;-16.39617176;-71.50258171;-1941176.392;2842183.935;D
1.10.12-2;-16.39596847;-71.50262974;-1941151.902;2842181.146;D
1.10.12-2;-16.39584141;-71.50267608;-1941136.389;2842177.552;D
1.10.12-3; ; ;-1.516416327;20763369.87;D
1.10.12-3;-16.39598425;-71.50254753;-1941154.793;2842190.263;D
1.10.12-3;-16.39631336;-71.50249348;-1941194.141;2842192.091;D
1.10.12-3;-16.39651948;-71.5023751;-1941219.851;2842202.821;D
1.10.12-3;-16.39636199;-71.50200325;-1941206.041;2842247.051;D
1.10.12-3;-16.396114;-71.50212165;-1941175.411;2842236.865;D
1.10.12-3;-16.39584662;-71.50221247;-1941142.851;2842230.06;D
1.10.12-4; ; ;-1.516416327;20763369.87;D
1.10.12-4;-16.39559407;-71.50275239;-1941106.367;2842172.131;D
1.10.12-4;-16.39593533;-71.50260575;-1941148.311;2842184.3;D
1.10.12-4;-16.39577297;-71.50221851;-1941134.122;2842230.338;D
1.10.12-4;-16.39543706;-71.50233287;-1941093.214;2842221.76;D
1.10.12-5; ; ;-1.516416327;20763369.87;D
1.10.12-5;-16.39516384;-71.50286037;-1941054.459;2842165.509;D
1.10.12-5;-16.39553644;-71.50272468;-1941099.947;2842176.027;D
1.10.12-5;-16.39540001;-71.50236725;-1941088.428;2842218.346;D
1.10.12-5;-16.39510008;-71.50248037;-1941051.763;2842209.438;D
1.10.12-6; ; ;-1.516416327;20763369.87;D
1.10.12-6;-16.39511521;-71.5024433;-1941054.008;2842213.444;D
1.10.12-6;-16.39539075;-71.50233612;-1941087.732;2842221.997;D
1.10.12-6;-16.39525439;-71.50195916;-1941076.468;2842266.531;D
1.10.12-6;-16.39503377;-71.50205868;-1941049.293;2842258.127;D
1.10.12-7; ; ;-1.516416327;20763369.87;D
1.10.12-7;-16.3954306;-71.50231187;-1941092.721;2842224.227;D
1.10.12-7;-16.39576961;-71.50219992;-1941133.962;2842232.49;D
1.10.12-7;-16.39563325;-71.50181035;-1941122.857;2842278.454;D
1.10.12-7;-16.3953055;-71.50196584;-1941082.39;2842265.104;D
1.10.12-9; ; ;-1.516416327;20763369.87;D
1.10.12-9;-16.39527021;-71.50191367;-1941078.902;2842271.483;D
1.10.12-9;-16.3956257;-71.50175856;-1941122.624;2842284.426;D
1.10.12-9;-16.39539094;-71.50119705;-1941102.128;2842351.175;D
1.10.12-9;-16.39514815;-71.50158149;-1941068.753;2842310.75;D
1.10.12-10; ; ;-1.516416327;20763369.87;D
1.10.12-10;-16.39501445;-71.50202969;-1941047.389;2842261.668;D
1.10.12-10;-16.39523099;-71.50191964;-1941074.219;2842271.318;D
1.10.12-10;-16.39511622;-71.50162321;-1941064.475;2842306.436;D
1.10.12-10;-16.39495544;-71.50185476;-1941042.663;2842282.278;D
1.10.12-11; ; ;-1.516416327;20763369.87;D
1.10.12-11;-16.39520823;-71.50085826;-1941084.937;2842391.986;D
1.10.12-11;-16.39511699;-71.50088645;-1941073.862;2842389.981;D
1.10.12-11;-16.39504968;-71.50096865;-1941064.918;2842381.539;D
1.10.12-11;-16.39469133;-71.50148474;-1941016.303;2842327.694;D
1.10.12-11;-16.39494694;-71.50183035;-1941041.972;2842285.158;D
1.10.12-11;-16.39538299;-71.50114991;-1941101.789;2842356.625;D
1.10.12-11;-16.39529739;-71.50093934;-1941094.39;2842381.625;D
1.10.12-12; ; ;-1.516416327;20763369.87;D
1.10.12-12;-16.39464864;-71.50147761;-1941011.378;2842329.062;D
1.10.12-12;-16.39502543;-71.50091068;-1941062.8;2842388.43;D
1.10.12-12;-16.39487297;-71.50077781;-1941046.564;2842405.493;D
1.10.12-12;-16.39469273;-71.50102203;-1941022.306;2842380.152;D
1.10.12-12;-16.39451171;-71.50128359;-1940997.738;2842352.855;D
1.10.12-13; ; ;-1.516416327;20763369.87;D
1.10.12-13;-16.39478965;-71.5006933;-1941037.842;2842416.166;D
1.10.12-13;-16.39515336;-71.50056729;-1941082.164;2842425.702;D
1.10.12-13;-16.39500052;-71.5001803;-1941069.09;2842471.588;D
1.10.12-13;-16.39465075;-71.50031904;-1941026.245;2842460.427;D
1.10.12-14; ; ;-1.516416327;20763369.87;D
1.10.12-14;-16.39423562;-71.5005986;-1940973.945;2842434.149;D
1.10.12-14;-16.39443489;-71.5006383;-1940996.855;2842427.041;D
1.10.12-14;-16.3946965;-71.50052723;-1941028.993;2842436.218;D
1.10.12-14;-16.39461475;-71.50032949;-1941021.883;2842459.712;D
1.10.12-14;-16.39420266;-71.50052001;-1940971.064;2842443.492;D
1.10.12-15; ; ;-1.516416327;20763369.87;D
1.10.12-15;-16.39484581;-71.49976186;-1941056.194;2842521.067;D
1.10.12-15;-16.39441881;-71.49992584;-1941003.957;2842508.052;D
1.10.12-15;-16.39423944;-71.500009;-1940981.833;2842500.966;D
1.10.12-15;-16.39420861;-71.50014354;-1940976.514;2842486.111;D
1.10.12-15;-16.39420173;-71.50043603;-1940972.014;2842453.028;D
1.10.12-15;-16.39429742;-71.50039563;-1940983.767;2842456.359;D
1.10.12-15;-16.39498485;-71.50012138;-1941067.992;2842478.475;D
1.10.12-16; ; ;-1.516416327;20763369.87;D
1.10.12-16;-16.39455841;-71.49981606;-1941021.744;2842518.678;D
1.10.12-16;-16.39481892;-71.499707;-1941053.727;2842527.64;D
1.10.12-16;-16.39470412;-71.4993312;-1941044.982;2842571.761;D
1.10.12-16;-16.39444239;-71.49943158;-1941012.965;2842563.799;D
1.10.13A-3; ; ;-1.516416327;20763369.87;D
1.10.13A-3;-16.39529093;-71.49945619;-1941112.349;2842549.913;D
1.10.13A-3;-16.39478868;-71.49944892;-1941053.432;2842557.304;D
1.10.13A-3;-16.39489355;-71.49972545;-1941062.263;2842524.572;D
1.10.13A-3;-16.39533153;-71.49955749;-1941115.84;2842537.894;D
1.10.13A-4; ; ;-1.516416327;20763369.87;D
1.10.13A-4;-16.39495089;-71.49939145;-1941073.214;2842561.702;D
1.10.13A-4;-16.39475097;-71.49904652;-1941054.08;2842603.434;D
1.10.13A-4;-16.3946834;-71.49908233;-1941045.688;2842600.255;D
1.10.13A-4;-16.39476379;-71.49939549;-1941051.181;2842563.689;D
1.10.13A-6; ; ;-1.516416327;20763369.87;D
1.10.13A-6;-16.395294;-71.49938936;-1941113.553;2842557.453;D
1.10.13A-6;-16.39522968;-71.49919121;-1941108.497;2842580.766;D
1.10.13A-6;-16.39491013;-71.49866486;-1941077.595;2842644.638;D
1.10.13A-6;-16.394671;-71.49880621;-1941047.716;2842631.734;D
1.10.13A-6;-16.39480226;-71.49907808;-1941059.706;2842599.185;D
1.10.13A-6;-16.395004;-71.49940066;-1941079.338;2842559.962;D
1.10.13A-6;-16.39523409;-71.49941096;-1941106.241;2842555.785;D
1.10.13A-7; ; ;-1.516416327;20763369.87;D
1.10.13A-7;-16.39534278;-71.49858176;-1941129.476;2842648.405;D
1.10.13A-7;-16.39508207;-71.49875083;-1941096.712;2842632.64;D
1.10.13A-7;-16.3952691;-71.4990719;-1941114.634;2842593.781;D
1.10.13A-7;-16.39556838;-71.49891141;-1941151.821;2842608.07;D
1.10.13A-10; ; ;-1.516416327;20763369.87;D
1.10.13A-10;-16.39537212;-71.49807873;-1941139.272;2842705.071;D
1.10.13A-10;-16.39514369;-71.4981873;-1941111.064;2842695.744;D
1.10.13A-10;-16.39522514;-71.49830009;-1941119.21;2842681.887;D
1.10.13A-10;-16.39538115;-71.49854056;-1941134.505;2842652.576;D
1.10.13A-10;-16.39561164;-71.49845523;-1941162.661;2842659.239;D
1.10.13A-11; ; ;-1.516416327;20763369.87;D
1.10.13A-11;-16.39509811;-71.49821911;-1941105.307;2842692.733;D
1.10.13A-11;-16.39485092;-71.49836709;-1941074.397;2842679.182;D
1.10.13A-11;-16.3950578;-71.49872174;-1941094.227;2842636.256;D
1.10.13A-11;-16.39531821;-71.49855264;-1941126.957;2842652.029;D
1.10.13A-12; ; ;-1.516416327;20763369.87;D
1.10.13A-12;-16.39533967;-71.49806582;-1941135.622;2842706.959;D
1.10.13A-12;-16.3952422;-71.49798375;-1941125.207;2842717.541;D
1.10.13A-12;-16.39505943;-71.49790219;-1941104.762;2842729.181;D
1.10.13A-12;-16.39497189;-71.49782858;-1941095.407;2842738.674;D
1.10.13A-12;-16.39492056;-71.49774672;-1941090.408;2842748.629;D
1.10.13A-12;-16.394861;-71.49761294;-1941085.099;2842764.579;D
1.10.13A-12;-16.39483043;-71.49750496;-1941082.871;2842777.226;D
1.10.13A-12;-16.39476118;-71.49750093;-1941074.785;2842778.588;D
1.10.13A-12;-16.3946247;-71.49801995;-1941052.199;2842721.51;D
1.10.13A-12;-16.39483426;-71.49834991;-1941072.656;2842681.348;D
1.10.13A-12;-16.39512041;-71.49817904;-1941108.433;2842696.985;D
1.10.13A-13; ; ;-1.516416327;20763369.87;D
1.10.13A-13;-16.39446686;-71.49790421;-1941035.116;2842736.7;D
1.10.13A-13;-16.39417276;-71.49814295;-1940997.549;2842713.468;D
1.10.13A-13;-16.39428293;-71.49827941;-1941008.77;2842696.553;D
1.10.13A-13;-16.39458492;-71.49803783;-1941047.301;2842720.002;D
1.10.13A-14; ; ;-1.516416327;20763369.87;D
1.10.13A-14;-16.39432749;-71.49831186;-1941013.596;2842692.29;D
1.10.13A-14;-16.39423333;-71.49827546;-1941002.993;2842697.648;D
1.10.13A-14;-16.39403657;-71.49808521;-1940982.277;2842721.798;D
1.10.13A-14;-16.39389896;-71.49783767;-1940969.233;2842751.671;D
1.10.13A-14;-16.39363871;-71.49814592;-1940934.766;2842720.114;D
1.10.13A-14;-16.3938413;-71.49823688;-1940957.421;2842707.15;D
1.10.13A-14;-16.39400958;-71.49830799;-1940976.294;2842696.885;D
1.10.13A-14;-16.39430045;-71.49844457;-1941008.745;2842677.592;D
1.10.13A-14;-16.39436199;-71.49838166;-1941016.769;2842683.923;D
1.10.13A-15; ; ;-1.516416327;20763369.87;D
1.10.13A-15;-16.39446314;-71.49788121;-1941034.97;2842739.357;D
1.10.13A-15;-16.39434086;-71.49772306;-1941022.598;2842758.891;D
1.10.13A-15;-16.39425227;-71.4976165;-1941013.535;2842772.135;D
1.10.13A-15;-16.39391363;-71.49778556;-1940971.615;2842757.39;D
1.10.13A-15;-16.39416766;-71.49813436;-1940997.059;2842714.509;D
1.10.13A-15;-16.39437953;-71.49794588;-1941024.33;2842733.115;D
1.10.13A-16; ; ;-1.516416327;20763369.87;D
1.10.13A-16;-16.39470549;-71.49732834;-1941070.421;2842798.89;D
1.10.13A-16;-16.39465183;-71.49723971;-1941065.235;2842809.643;D
1.10.13A-16;-16.3945825;-71.49716318;-1941058.056;2842819.23;D
1.10.13A-16;-16.3944673;-71.49732585;-1941042.467;2842802.287;D
1.10.13A-16;-16.39437859;-71.49747622;-1941030.147;2842786.393;D
1.10.13A-16;-16.39433035;-71.49759227;-1941023.014;2842773.862;D
1.10.13A-16;-16.39434578;-71.49765184;-1941024.075;2842766.904;D
1.10.13A-16;-16.39447751;-71.49785604;-1941036.975;2842742.024;D
1.10.13A-16;-16.39455043;-71.49790606;-1941044.912;2842735.397;D
1.10.13A-16;-16.39460355;-71.49772486;-1941053.439;2842755.253;D
1.10.13A-17; ; ;-1.516416327;20763369.87;D
1.10.13A-17;-16.39444335;-71.49734212;-1941039.447;2842800.755;D
1.10.13A-17;-16.3945018;-71.49725071;-1941047.469;2842810.358;D
1.10.13A-17;-16.3945741;-71.49715166;-1941057.214;2842820.646;D
1.10.13A-17;-16.39455303;-71.49709489;-1941055.454;2842827.359;D
1.10.13A-17;-16.3943755;-71.49719463;-1941033.338;2842818.369;D
1.10.13A-17;-16.3942081;-71.49727441;-1941012.663;2842811.51;D
1.10.13A-17;-16.39413887;-71.4973054;-1941004.138;2842808.901;D
1.10.13A-17;-16.39410449;-71.49743574;-1940998.453;2842794.568;D
1.10.13A-17;-16.39413842;-71.49751536;-1941001.435;2842785.094;D
1.10.13A-17;-16.39420616;-71.49751895;-1941009.349;2842783.801;D
1.10.13A-17;-16.39432105;-71.4975692;-1941022.213;2842776.6;D
1.10.13A-17;-16.39438387;-71.49742145;-1941031.459;2842792.535;D
1.10.13A-19; ; ;-1.516416327;20763369.87;D
1.10.13A-19;-16.39573786;-71.49713093;-1941194.206;2842807.78;D
1.10.13A-19;-16.39574591;-71.49702407;-1941196.501;2842819.793;D
1.10.13A-19;-16.39532361;-71.49690602;-1941148.375;2842838.703;D
1.10.13A-19;-16.39509385;-71.4968586;-1941121.979;2842847.087;D
1.10.13A-19;-16.39495717;-71.49676308;-1941107.126;2842859.706;D
1.10.13A-19;-16.39488876;-71.49671318;-1941099.718;2842866.26;D
1.10.13A-19;-16.39481894;-71.49670194;-1941091.657;2842868.448;D
1.10.13A-19;-16.39489534;-71.49710153;-1941095.589;2842822.131;D
1.10.13A-19;-16.39514474;-71.49710757;-1941124.815;2842818.184;D
1.10.13A-20; ; ;-1.516416327;20763369.87;D
1.10.13A-20;-16.39574484;-71.49717143;-1941194.515;2842803.095;D
1.10.13A-20;-16.3949012;-71.49713407;-1941095.867;2842818.363;D
1.10.13A-20;-16.39490113;-71.49750196;-1941091.216;2842776.642;D
1.10.13A-20;-16.39496484;-71.49767493;-1941096.518;2842756.192;D
1.10.13A-20;-16.39575975;-71.49732813;-1941194.288;2842785.128;D
1.10.13A-21; ; ;-1.516416327;20763369.87;D
1.10.13A-21;-16.39507281;-71.4978218;-1941107.349;2842738.123;D
1.10.13A-21;-16.3952154;-71.49790698;-1941123.027;2842726.598;D
1.10.13A-21;-16.3953594;-71.49797252;-1941139.119;2842717.282;D
1.10.13A-21;-16.3954785;-71.49807657;-1941151.798;2842703.925;D
1.10.13A-21;-16.39569249;-71.49789205;-1941179.268;2842722.054;D
1.10.13A-21;-16.39582167;-71.49776116;-1941196.098;2842735.208;D
1.10.13A-21;-16.39596112;-71.49765166;-1941213.864;2842745.803;D
1.10.13A-21;-16.39601956;-71.49757544;-1941221.692;2842753.683;D
1.10.13A-21;-16.39576565;-71.49734963;-1941194.711;2842782.613;D
1.10.13A-21;-16.39498208;-71.49770842;-1941098.121;2842752.167;D
1.10.13A-23; ; ;-1.516416327;20763369.87;D
1.10.13A-23;-16.39668281;-71.49761078;-1941299.171;2842741.002;D
1.10.13A-23;-16.39655607;-71.49744782;-1941286.338;2842761.141;D
1.10.13A-23;-16.39644261;-71.49738658;-1941273.78;2842769.57;D
1.10.13A-23;-16.39630953;-71.49742216;-1941257.695;2842767.275;D
1.10.13A-23;-16.39631308;-71.4976692;-1941254.994;2842739.212;D
1.10.13A-23;-16.39632109;-71.49791889;-1941252.784;2842710.79;D
1.10.13A-23;-16.39667419;-71.49790188;-1941294.483;2842708.102;D
1.10.13A-24; ; ;-1.516416327;20763369.87;D
1.10.13A-24;-16.39667222;-71.49795053;-1941293.638;2842702.61;D
1.10.13A-24;-16.39632899;-71.49796072;-1941253.184;2842705.942;D
1.10.13A-24;-16.39633631;-71.49834938;-1941249.138;2842661.768;D
1.10.13A-24;-16.39671066;-71.49833242;-1941293.334;2842658.796;D
1.10.13A-29; ; ;-1.516416327;20763369.87;D
1.10.13A-29;-16.39696738;-71.4983262;-1941323.575;2842656.145;D
1.10.13A-29;-16.3969826;-71.49813233;-1941327.81;2842677.933;D
1.10.13A-29;-16.39703044;-71.49791925;-1941336.12;2842701.473;D
1.10.13A-29;-16.39682406;-71.49793586;-1941311.664;2842702.288;D
1.10.13A-29;-16.39671501;-71.49797201;-1941298.395;2842699.614;D
1.10.13A-29;-16.39673525;-71.49831252;-1941296.474;2842660.733;D
1.10.13A-31; ; ;-1.516416327;20763369.87;D
1.10.13A-31;-16.39377347;-71.49796194;-1940952.921;2842739.218;D
1.10.13A-31;-16.39371711;-71.49794207;-1940946.55;2842742.208;D
1.10.13A-31;-16.39359072;-71.4979357;-1940931.781;2842744.583;D
1.10.13A-31;-16.39349215;-71.49808502;-1940918.316;2842728.937;D
1.10.13A-31;-16.39362203;-71.49814594;-1940932.807;2842720.33;D
1.10.14-10; ; ;-1.516416327;20763369.87;D
1.10.14-10;-16.39426776;-71.49611653;-1941034.288;2842942.048;D
1.10.14-10;-16.39433764;-71.49638215;-1941039.145;2842911.01;D
1.10.14-10;-16.39479308;-71.49641493;-1941092.241;2842901.337;D
1.10.14-10;-16.39478791;-71.49609623;-1941095.656;2842937.549;D
1.10.14-10;-16.39457314;-71.49606245;-1941070.849;2842944.189;D
1.10.14-10;-16.39442177;-71.49602344;-1941053.556;2842950.592;D
1.10.14-10;-16.39434404;-71.49603179;-1941044.319;2842950.662;D
1.10.14-10;-16.39428526;-71.49607863;-1941036.821;2842946.118;D
1.10.14-12; ; ;-1.516416327;20763369.87;D
1.10.14-12;-16.39523895;-71.49639698;-1941144.853;2842897.542;D
1.10.14-12;-16.39534117;-71.49639151;-1941156.933;2842896.825;D
1.10.14-12;-16.39562353;-71.49637875;-1941190.268;2842894.58;D
1.10.14-12;-16.39560588;-71.49561277;-1941197.863;2842981.683;D
1.10.14-12;-16.3954233;-71.4956132;-1941176.406;2842984.022;D
1.10.14-12;-16.39529541;-71.49567519;-1941160.597;2842978.664;D
1.10.14-12;-16.39522905;-71.4958525;-1941150.563;2842959.422;D
1.10.14-13; ; ;-1.516416327;20763369.87;D
1.10.14-13;-16.39585111;-71.49642711;-1941216.396;2842886.12;D
1.10.14-13;-16.39605354;-71.49578572;-1941248.276;2842956.213;D
1.10.14-13;-16.39586809;-71.49560383;-1941228.783;2842979.268;D
1.10.14-13;-16.39564386;-71.49561786;-1941202.261;2842980.609;D
1.10.14-13;-16.39564978;-71.49638569;-1941193.264;2842893.45;D
1.10.14-14; ; ;-1.516416327;20763369.87;D
1.10.14-14;-16.39542194;-71.49487822;-1941185.525;2843067.396;D
1.10.14-14;-16.39548295;-71.49491866;-1941192.182;2843062.011;D
1.10.14-14;-16.39559973;-71.49486447;-1941206.586;2843066.631;D
1.10.14-14;-16.39565948;-71.49480129;-1941214.405;2843073.014;D
1.10.14-14;-16.39569348;-71.49469329;-1941219.763;2843084.819;D
1.10.14-14;-16.39565466;-71.4944899;-1941217.769;2843108.393;D
1.10.14-14;-16.39560918;-71.49441534;-1941213.367;2843117.444;D
1.10.14-14;-16.3952852;-71.49471638;-1941171.501;2843087.539;D
1.10.14A-1; ; ;-1.516416327;20763369.87;D
1.10.14A-1;-16.39490623;-71.49666804;-1941102.34;2842871.151;D
1.10.14A-1;-16.39500926;-71.49667901;-1941114.307;2842868.56;D
1.10.14A-1;-16.39514845;-71.4967282;-1941130.04;2842861.161;D
1.10.14A-1;-16.39530222;-71.49678121;-1941147.437;2842853.138;D
1.10.14A-1;-16.39526114;-71.4965119;-1941146.01;2842884.218;D
1.10.14A-1;-16.39487314;-71.49660748;-1941099.217;2842878.453;D
1.10.14A-2; ; ;-1.516416327;20763369.87;D
1.10.14A-2;-16.39559835;-71.49642662;-1941186.705;2842889.48;D
1.10.14A-2;-16.39544204;-71.49645676;-1941167.96;2842888.107;D
1.10.14A-2;-16.39528898;-71.49650073;-1941149.422;2842885.122;D
1.10.14A-2;-16.39533795;-71.49681104;-1941151.259;2842849.288;D
1.10.14A-2;-16.39564572;-71.49683685;-1941187.093;2842842.336;D
1.10.14A-3; ; ;-1.516416327;20763369.87;D
1.10.14A-3;-16.39609276;-71.49665959;-1941241.853;2842856.594;D
1.10.14A-3;-16.39585884;-71.49653265;-1941215.972;2842874.05;D
1.10.14A-3;-16.39566301;-71.49644321;-1941194.092;2842886.754;D
1.10.14A-3;-16.39566184;-71.49665602;-1941191.269;2842862.634;D
1.10.14A-3;-16.39573028;-71.49688604;-1941196.406;2842835.652;D
1.10.14A-3;-16.39611939;-71.49703126;-1941240.29;2842814.094;D
1.10.14A-4; ; ;-1.516416327;20763369.87;D
1.10.14A-4;-16.39653087;-71.49705753;-1941288.304;2842805.734;D
1.10.14A-4;-16.39643315;-71.49661953;-1941282.351;2842856.686;D
1.10.14A-4;-16.3962864;-71.49666032;-1941264.595;2842853.979;D
1.10.14A-4;-16.39612288;-71.49666529;-1941245.319;2842855.553;D
1.10.14A-4;-16.39616432;-71.49708918;-1941244.837;2842806.938;D
1.10.14A-4;-16.39638566;-71.49715553;-1941270.006;2842796.518;D
1.10.14A-5; ; ;-1.516416327;20763369.87;D
1.10.14A-5;-16.3969274;-71.4968371;-1941337.674;2842825.547;D
1.10.14A-5;-16.3969161;-71.49663802;-1941338.86;2842848.273;D
1.10.14A-5;-16.39685087;-71.49661439;-1941331.494;2842851.806;D
1.10.14A-5;-16.39674451;-71.496592;-1941319.28;2842855.736;D
1.10.14A-5;-16.39660305;-71.49658705;-1941302.723;2842858.147;D
1.10.14A-5;-16.39645459;-71.49661625;-1941284.911;2842856.777;D
1.10.14A-5;-16.39654644;-71.4970416;-1941290.334;2842807.336;D
1.10.14A-6; ; ;-1.516416327;20763369.87;D
1.10.14A-6;-16.3968373;-71.49689727;-1941326.329;2842819.902;D
1.10.14A-6;-16.39673989;-71.49694396;-1941314.295;2842815.881;D
1.10.14A-6;-16.39654765;-71.49705515;-1941290.304;2842805.785;D
1.10.14A-6;-16.39649546;-71.49711593;-1941283.406;2842799.573;D
1.10.14A-6;-16.3965092;-71.49718042;-1941284.207;2842792.08;D
1.10.14A-6;-16.39671159;-71.49708661;-1941309.169;2842800.073;D
1.10.14A-6;-16.39691525;-71.49698241;-1941334.412;2842809.226;D
1.10.15-18; ; ;-1.516416327;20763369.87;D
1.10.15-18;-16.3979414;-71.49603023;-1941466.996;2842903.794;D
1.10.15-18;-16.39789713;-71.49609435;-1941460.985;2842897.101;D
1.10.15-18;-16.39784594;-71.49620419;-1941453.584;2842885.313;D
1.10.15-18;-16.39772969;-71.49634386;-1941438.162;2842870.994;D
1.10.15-18;-16.39760921;-71.49648211;-1941422.262;2842856.891;D
1.10.15-18;-16.39751501;-71.49652758;-1941410.621;2842852.966;D
1.10.15-18;-16.39743147;-71.49657222;-1941400.241;2842848.996;D
1.10.15-18;-16.39733301;-71.49661665;-1941388.112;2842845.244;D
1.10.15-18;-16.397247;-71.496635;-1941377.775;2842844.288;D
1.10.15-18;-16.39712673;-71.49662785;-1941363.735;2842846.671;D
1.10.15-18;-16.39710658;-71.49667056;-1941360.828;2842842.092;D
1.10.15-18;-16.39728605;-71.4967908;-1941380.397;2842826.108;D
1.10.15-18;-16.39739541;-71.49682933;-1941392.758;2842820.308;D
1.10.15-18;-16.39758084;-71.49674602;-1941415.597;2842827.332;D
1.10.15-18;-16.39789842;-71.49655477;-1941455.324;2842844.868;D
1.10.15-18;-16.39802505;-71.49646502;-1941471.335;2842853.39;D
1.10.15-18;-16.39828531;-71.49627236;-1941504.345;2842871.835;D
1.10.15-18;-16.39859352;-71.49606194;-1941543.214;2842891.668;D
1.10.15-18;-16.3983564;-71.49579936;-1941518.669;2842924.549;D
1.10.15-18;-16.3980905;-71.49560918;-1941489.829;2842949.595;D
1.10.15-18;-16.39785876;-71.4954204;-1941464.985;2842974.036;D
1.10.15-18;-16.39782169;-71.49532943;-1941461.778;2842984.837;D
1.10.15-18;-16.39776445;-71.49534841;-1941454.814;2842983.434;D
1.10.15-18;-16.39781333;-71.49553368;-1941458.217;2842961.783;D
1.10.15-18;-16.39787333;-71.49572102;-1941462.901;2842939.752;D
1.10.15-19; ; ;-1.516416327;20763369.87;D
1.10.15-19;-16.39854329;-71.49504722;-1941550.122;2843007.405;D
1.10.15-19;-16.39863024;-71.49501499;-1941560.746;2843009.923;D
1.10.15-19;-16.3987167;-71.49490626;-1941572.276;2843021.123;D
1.10.15-19;-16.39848012;-71.49453654;-1941549.149;2843066.148;D
1.10.15-19;-16.39840672;-71.49459292;-1941539.813;2843060.714;D
1.10.15-19;-16.39836547;-71.49467696;-1941533.905;2843051.723;D
1.10.15-19;-16.39833513;-71.49479663;-1941528.829;2843038.547;D
1.10.15-19;-16.39850118;-71.49504944;-1941545.147;2843007.704;D
1.10.16-1; ; ;-1.516416327;20763369.87;D
1.10.16-1;-16.3984259;-71.49442535;-1941544.183;2843079.467;D
1.10.16-1;-16.39799008;-71.49372154;-1941501.864;2843164.989;D
1.10.16-1;-16.39741703;-71.49401647;-1941430.811;2843139.036;D
1.10.16-1;-16.3975045;-71.49415403;-1941439.351;2843122.29;D
1.10.16-1;-16.3976808;-71.49408451;-1941460.943;2843127.868;D
1.10.16-1;-16.39788928;-71.49399424;-1941486.577;2843135.38;D
1.10.16-1;-16.39795652;-71.49410162;-1941493.121;2843122.322;D
1.10.16-1;-16.39804925;-71.49425617;-1941502.065;2843103.582;D
1.10.16-1;-16.39786826;-71.49437776;-1941479.265;2843092.158;D
1.10.16-1;-16.3976556;-71.4944861;-1941452.912;2843082.654;D
1.10.16-1;-16.39765255;-71.49466859;-1941450.249;2843061.996;D
1.10.16-1;-16.39768788;-71.49492781;-1941451.127;2843032.136;D
1.10.16-2; ; ;-1.516416327;20763369.87;D
1.10.16-2;-16.39786183;-71.49351244;-1941489.435;2843190.381;D
1.10.16-2;-16.39768899;-71.49323005;-1941472.693;2843224.668;D
1.10.16-2;-16.39748765;-71.49288605;-1941453.382;2843266.315;D
1.10.16-2;-16.39721489;-71.49301181;-1941419.746;2843255.621;D
1.10.16-2;-16.3974953;-71.49349544;-1941446.586;2843197.103;D
1.10.16-2;-16.39769725;-71.49384046;-1941465.957;2843155.332;D
1.10.16-2;-16.39797288;-71.49369748;-1941500.146;2843167.942;D
1.10.16-3; ; ;-1.516416327;20763369.87;D
1.10.16-3;-16.39763195;-71.4925852;-1941474.134;2843298.548;D
1.10.16-3;-16.3974538;-71.49261043;-1941452.884;2843298.018;D
1.10.16-3;-16.39711554;-71.49262914;-1941412.905;2843300.32;D
1.10.16-3;-16.39701888;-71.49265259;-1941401.252;2843298.925;D
1.10.16-3;-16.39693195;-71.49269046;-1941390.56;2843295.768;D
1.10.16-3;-16.39694848;-71.49280207;-1941391.093;2843282.893;D
1.10.16-3;-16.39713433;-71.49286375;-1941412.15;2843273.467;D
1.10.16-3;-16.39727892;-71.49286638;-1941429.105;2843271.276;D
1.10.16-3;-16.39766194;-71.49273262;-1941475.797;2843281.437;D
1.10.16-4; ; ;-1.516416327;20763369.87;D
1.10.16-4;-16.39716614;-71.4930033;-1941414.126;2843257.223;D
1.10.16-4;-16.39708962;-71.4928734;-1941406.775;2843272.957;D
1.10.16-4;-16.39691124;-71.49295973;-1941384.727;2843265.499;D
1.10.16-4;-16.39680742;-71.49276887;-1941374.938;2843288.503;D
1.10.16-4;-16.39667707;-71.49283171;-1941358.831;2843283.082;D
1.10.16-4;-16.39687579;-71.4931699;-1941377.909;2843242.127;D
1.10.16-5; ; ;-1.516416327;20763369.87;D
1.10.16-5;-16.39728936;-71.49352743;-1941421.985;2843196.169;D
1.10.16-5;-16.39742992;-71.493455;-1941439.414;2843202.544;D
1.10.16-5;-16.39717508;-71.49302337;-1941414.922;2843254.83;D
1.10.16-5;-16.39689502;-71.49319216;-1941379.886;2843239.35;D
1.10.16-5;-16.39716954;-71.49361752;-1941406.77;2843187.519;D
1.10.16-6; ; ;-1.516416327;20763369.87;D
1.10.16-6;-16.39767886;-71.49385667;-1941463.591;2843153.734;D
1.10.16-6;-16.39745099;-71.49347335;-1941441.658;2843200.188;D
1.10.16-6;-16.39718237;-71.49363889;-1941408.008;2843184.927;D
1.10.16-6;-16.39740929;-71.49400372;-1941430.062;2843140.583;D
1.10.16-7; ; ;-1.516416327;20763369.87;D
1.10.16-7;-16.3972848;-71.49423373;-1941412.532;2843116.125;D
1.10.16-7;-16.39745415;-71.4941718;-1941433.211;2843120.934;D
1.10.16-7;-16.39712248;-71.49366324;-1941400.664;2843182.949;D
1.10.16-7;-16.39669643;-71.49394944;-1941346.992;2843156.062;D
1.10.16-7;-16.39690386;-71.49437038;-1941366.05;2843105.61;D
1.10.16-8; ; ;-1.516416327;20763369.87;D
1.10.16-8;-16.39684943;-71.49322841;-1941374.073;2843235.836;D
1.10.16-8;-16.39640333;-71.49351332;-1941318.062;2843209.359;D
1.10.16-8;-16.39668563;-71.49393262;-1941345.936;2843158.111;D
1.10.16-8;-16.39711558;-71.49364091;-1941400.135;2843185.572;D
1.10.16-9; ; ;-1.516416327;20763369.87;D
1.10.16-9;-16.3966317;-71.49286149;-1941353.123;2843280.297;D
1.10.16-9;-16.39618808;-71.49313558;-1941297.54;2843255.014;D
1.10.16-9;-16.39637352;-71.49345331;-1941315.317;2843216.554;D
1.10.16-9;-16.39684782;-71.49318505;-1941374.431;2843240.774;D
1.10.16-10; ; ;-1.516416327;20763369.87;D
1.10.16-10;-16.3964456;-71.49254004;-1941335.317;2843319.189;D
1.10.16-10;-16.39596945;-71.49282675;-1941275.752;2843292.9;D
1.10.16-10;-16.39615779;-71.4930958;-1941294.484;2843259.923;D
1.10.16-10;-16.39660036;-71.4928274;-1941349.872;2843284.574;D
1.10.16-11; ; ;-1.516416327;20763369.87;D
1.10.16-11;-16.39631153;-71.49231373;-1941322.421;2843346.609;D
1.10.16-11;-16.3962201;-71.49233392;-1941311.424;2843345.515;D
1.10.16-11;-16.39593758;-71.49243258;-1941276.985;2843338.021;D
1.10.16-11;-16.39579174;-71.49253175;-1941258.597;2843328.681;D
1.10.16-11;-16.3959674;-71.49278708;-1941276.013;2843297.426;D
1.10.16-11;-16.39643664;-71.492527;-1941334.429;2843320.785;D
1.10.16-12; ; ;-1.516416327;20763369.87;D
1.10.16-12;-16.39539481;-71.49271864;-1941209.601;2843312.677;D
1.10.16-12;-16.39572836;-71.49253341;-1941251.13;2843329.323;D
1.10.16-12;-16.39568545;-71.49246473;-1941246.955;2843337.673;D
1.10.16-12;-16.3955212;-71.49221052;-1941230.866;2843368.653;D
1.10.16-12;-16.39526032;-71.49237115;-1941198.187;2843353.846;D
1.10.16-12;-16.39525958;-71.49250674;-1941196.387;2843338.479;D
1.10.16-13; ; ;-1.516416327;20763369.87;D
1.10.16-13;-16.39574686;-71.49256293;-1941252.93;2843325.732;D
1.10.16-13;-16.39546398;-71.49273412;-1941217.532;2843310.017;D
1.10.16-13;-16.39566809;-71.49298727;-1941238.318;2843278.636;D
1.10.16-13;-16.39592933;-71.49282627;-1941271.045;2843293.479;D
1.10.16-14; ; ;-1.516416327;20763369.87;D
1.10.16-14;-16.3959251;-71.49285604;-1941270.172;2843290.158;D
1.10.16-14;-16.39569419;-71.49300216;-1941241.196;2843276.606;D
1.10.16-14;-16.39589693;-71.49326277;-1941261.727;2843244.398;D
1.10.16-14;-16.39610069;-71.49311881;-1941287.485;2843258.059;D
1.10.16-15; ; ;-1.516416327;20763369.87;D
1.10.16-15;-16.39611715;-71.49314971;-1941289.028;2843254.34;D
1.10.16-15;-16.39594327;-71.49325986;-1941267.208;2843244.121;D
1.10.16-15;-16.39613383;-71.49354949;-1941285.941;2843208.781;D
1.10.16-15;-16.39631728;-71.49345426;-1941308.697;2843217.182;D
1.10.16-16; ; ;-1.516416327;20763369.87;D
1.10.16-16;-16.39590022;-71.49242585;-1941272.68;2843339.273;D
1.10.16-16;-16.39610668;-71.49234658;-1941297.939;2843345.563;D
1.10.16-16;-16.39602689;-71.49218859;-1941290.558;2843364.525;D
1.10.16-16;-16.39583244;-71.49225873;-1941266.827;2843359.113;D
1.10.16-16;-16.39567955;-71.49234951;-1941247.716;2843350.817;D
1.10.16-16;-16.3957733;-71.49251701;-1941256.616;2843330.594;D
1.10.17-1; ; ;-1.516416327;20763369.87;D
1.10.17-1;-16.39607512;-71.49649976;-1941241.799;2842874.951;D
1.10.17-1;-16.3963408;-71.49654818;-1941272.402;2842865.985;D
1.10.17-1;-16.39661553;-71.49620545;-1941309.007;2842901.262;D
1.10.17-1;-16.3960312;-71.49604526;-1941242.375;2842927.072;D
1.10.17-1;-16.39592785;-71.4964027;-1941225.72;2842887.884;D
1.10.17-2; ; ;-1.516416327;20763369.87;D
1.10.17-2;-16.39604356;-71.496019;-1941244.158;2842929.887;D
1.10.17-2;-16.39664126;-71.49617981;-1941312.353;2842903.833;D
1.10.17-2;-16.39669195;-71.49612443;-1941319.008;2842909.451;D
1.10.17-2;-16.39674014;-71.49604331;-1941325.693;2842918.021;D
1.10.17-2;-16.39629896;-71.4959126;-1941275.509;2842938.615;D
1.10.17-2;-16.39609801;-71.49580703;-1941253.232;2842953.216;D
1.10.17-3; ; ;-1.516416327;20763369.87;D
1.10.17-3;-16.39700766;-71.49654138;-1941350.837;2842858.036;D
1.10.17-3;-16.39716059;-71.49659827;-1941368.087;2842849.584;D
1.10.17-3;-16.39732548;-71.49656342;-1941387.899;2842851.379;D
1.10.17-3;-16.39752396;-71.49648322;-1941412.231;2842857.88;D
1.10.17-3;-16.39744459;-71.49620631;-1941406.403;2842890.322;D
1.10.17-3;-16.39730912;-71.49622591;-1941390.238;2842889.871;D
1.10.17-3;-16.39714033;-71.49623115;-1941370.341;2842891.484;D
1.10.17-3;-16.39675311;-71.49625536;-1941324.541;2842893.803;D
1.10.17-3;-16.3966435;-71.49632376;-1941310.799;2842887.479;D
1.10.17-3;-16.39661316;-71.49649956;-1941305.015;2842867.937;D
1.10.17-3;-16.39674841;-71.49649989;-1941320.902;2842866.131;D
1.10.17-3;-16.39692429;-71.49652742;-1941341.219;2842860.709;D
1.10.17-4; ; ;-1.516416327;20763369.87;D
1.10.17-4;-16.39747833;-71.49619772;-1941410.474;2842890.855;D
1.10.17-4;-16.39754816;-71.49644503;-1941415.557;2842861.894;D
1.10.17-4;-16.39769382;-71.49630418;-1941434.448;2842875.963;D
1.10.17-4;-16.39780596;-71.49615773;-1941449.473;2842891.105;D
1.10.17-4;-16.3978601;-71.49600969;-1941457.703;2842907.187;D
1.10.17-4;-16.39779503;-71.49572521;-1941453.65;2842940.301;D
1.10.17-4;-16.39739296;-71.49582552;-1941405.143;2842934.183;D
1.10.17-4;-16.39744195;-71.49600699;-1941408.608;2842912.962;D
1.10.17-5; ; ;-1.516416327;20763369.87;D
1.10.17-5;-16.39779822;-71.49568998;-1941454.468;2842944.255;D
1.10.17-5;-16.39771983;-71.49530742;-1941450.089;2842988.666;D
1.10.17-5;-16.39730404;-71.49541468;-1941399.883;2842981.94;D
1.10.17-5;-16.3973876;-71.49578943;-1941404.969;2842938.346;D
1.10.17-6; ; ;-1.516416327;20763369.87;D
1.10.17-6;-16.39771977;-71.49528631;-1941450.348;2842991.061;D
1.10.17-6;-16.39764397;-71.49489869;-1941446.336;2843036.013;D
1.10.17-6;-16.39721442;-71.49498459;-1941394.783;2843031.889;D
1.10.17-6;-16.39729334;-71.49537099;-1941399.178;2842987.035;D
1.10.17-7; ; ;-1.516416327;20763369.87;D
1.10.17-7;-16.39761184;-71.49464563;-1941445.756;2843065.133;D
1.10.17-7;-16.39758782;-71.49446373;-1941445.23;2843086.076;D
1.10.17-7;-16.39756447;-71.49437574;-1941443.598;2843096.362;D
1.10.17-7;-16.39750413;-71.49441034;-1941436.071;2843093.226;D
1.10.17-7;-16.39712303;-71.49457772;-1941389.182;2843079.228;D
1.10.17-7;-16.39721237;-71.49494297;-1941395.067;2843036.636;D
1.10.17-7;-16.3974042;-71.49493193;-1941417.746;2843035.379;D
1.10.17-7;-16.39763358;-71.4948781;-1941445.376;2843038.484;D
1.10.17-8; ; ;-1.516416327;20763369.87;D
1.10.17-8;-16.39674072;-71.4950364;-1941338.473;2843032.208;D
1.10.17-8;-16.39696794;-71.4950042;-1941365.576;2843032.889;D
1.10.17-8;-16.39715178;-71.49497521;-1941387.542;2843033.773;D
1.10.17-8;-16.3971036;-71.49470626;-1941385.276;2843064.905;D
1.10.17-8;-16.3964742;-71.49479932;-1941310.152;2843062.582;D
1.10.17-8;-16.3965824;-71.49507106;-1941319.434;2843030.348;D
1.10.17-10; ; ;-1.516416327;20763369.87;D
1.10.17-10;-16.39730793;-71.49579005;-1941395.601;2842939.317;D
1.10.17-10;-16.39723138;-71.49543024;-1941391.15;2842981.125;D
1.10.17-10;-16.39665476;-71.49556889;-1941321.651;2842972.943;D
1.10.17-10;-16.39673173;-71.49592909;-1941326.147;2842931.085;D
1.10.17-11; ; ;-1.516416327;20763369.87;D
1.10.17-11;-16.39696782;-71.49610886;-1941351.616;2842907.609;D
1.10.17-11;-16.39711035;-71.49617021;-1941367.588;2842898.787;D
1.10.17-11;-16.39725617;-71.49618737;-1941384.503;2842894.934;D
1.10.17-11;-16.39738827;-71.49617505;-1941400.18;2842894.604;D
1.10.17-11;-16.39731747;-71.4958315;-1941396.198;2842934.492;D
1.10.17-11;-16.39672997;-71.49597286;-1941325.389;2842926.144;D
1.10.17-11;-16.3967699;-71.49602008;-1941329.483;2842920.267;D
1.10.17-12; ; ;-1.516416327;20763369.87;D
1.10.17-12;-16.39617924;-71.49577786;-1941263.144;2842955.462;D
1.10.17-12;-16.39627135;-71.49582883;-1941273.322;2842948.476;D
1.10.17-12;-16.39645966;-71.49589524;-1941294.609;2842938.482;D
1.10.17-12;-16.39664896;-71.49594398;-1941316.234;2842930.478;D
1.10.17-12;-16.39659955;-71.49560478;-1941314.712;2842969.594;D
1.10.17-12;-16.3961889;-71.49562569;-1941266.2;2842972.593;D
1.10.17-12;-16.39616546;-71.49566419;-1941262.96;2842968.533;D
1.10.17-13; ; ;-1.516416327;20763369.87;D
1.10.17-13;-16.39658052;-71.49554541;-1941313.225;2842976.576;D
1.10.17-13;-16.39652074;-71.49515381;-1941311.145;2843021.77;D
1.10.17-13;-16.39603672;-71.49523355;-1941253.271;2843019.057;D
1.10.17-13;-16.39617322;-71.49558799;-1941264.834;2842977.074;D
1.10.17-14; ; ;-1.516416327;20763369.87;D
1.10.17-14;-16.39580011;-71.49523988;-1941225.391;2843021.434;D
1.10.17-14;-16.39585326;-71.49542039;-1941229.357;2843000.266;D
1.10.17-14;-16.39592524;-71.49553253;-1941236.398;2842986.607;D
1.10.17-14;-16.39609893;-71.49570547;-1941254.622;2842964.721;D
1.10.17-14;-16.39614439;-71.49561995;-1941261.043;2842973.827;D
1.10.17-14;-16.39607171;-71.49548666;-1941254.187;2842989.894;D
1.10.17-14;-16.39589455;-71.49499709;-1941239.552;2843047.733;D
1.10.17-14;-16.39582126;-71.49502429;-1941230.597;2843045.607;D
1.10.22-1; ; ;-1.516416327;20763369.87;D
1.10.22-1;-16.39676274;-71.49065828;-1941396.339;2843528.459;D
1.10.22-1;-16.39691435;-71.49024372;-1941419.388;2843573.493;D
1.10.22-1;-16.39688818;-71.49020835;-1941416.76;2843577.846;D
1.10.22-1;-16.39657876;-71.49013883;-1941381.282;2843589.779;D
1.10.22-1;-16.39651368;-71.49057355;-1941368.146;2843541.327;D
1.10.22-2; ; ;-1.516416327;20763369.87;D
1.10.22-2;-16.39653374;-71.49013593;-1941376.03;2843590.697;D
1.10.22-2;-16.39614621;-71.49003955;-1941331.714;2843606.697;D
1.10.22-2;-16.3960757;-71.49049353;-1941317.696;2843556.131;D
1.10.22-2;-16.3964598;-71.49057502;-1941361.797;2843541.865;D
1.10.22-5; ; ;-1.516416327;20763369.87;D
1.10.22-5;-16.39598499;-71.49072901;-1941304.065;2843530.611;D
1.10.22-5;-16.39609929;-71.49006161;-1941325.923;2843604.81;D
1.10.22-5;-16.3956358;-71.48996193;-1941272.724;2843622.178;D
1.10.22-5;-16.3955101;-71.49083218;-1941246.965;2843525.122;D
1.10.22-5;-16.39560603;-71.4908516;-1941257.992;2843521.665;D
1.10.22-5;-16.3959362;-71.49076922;-1941297.824;2843526.689;D
1.10.22-6; ; ;-1.516416327;20763369.87;D
1.10.22-6;-16.39518997;-71.48990161;-1941221.102;2843634.852;D
1.10.22-6;-16.39492778;-71.49065528;-1941180.78;2843552.803;D
1.10.22-6;-16.39513469;-71.49078264;-1941203.482;2843535.652;D
1.10.22-6;-16.39543886;-71.49083815;-1941238.52;2843525.377;D
1.10.22-6;-16.39557672;-71.48996096;-1941265.794;2843623.062;D
1.10.22-7; ; ;-1.516416327;20763369.87;D
1.10.22-7;-16.39465869;-71.48979546;-1941160.02;2843653.84;D
1.10.22-7;-16.39451677;-71.49042785;-1941135.36;2843583.973;D
1.10.22-7;-16.39487586;-71.49057882;-1941175.645;2843562.153;D
1.10.22-7;-16.3951259;-71.48989054;-1941213.714;2843636.945;D
1.10.22-8; ; ;-1.516416327;20763369.87;D
1.10.22-8;-16.3942348;-71.48971871;-1941111.184;2843668.09;D
1.10.22-8;-16.39412617;-71.49020766;-1941092.247;2843614.056;D
1.10.22-8;-16.39447793;-71.49039714;-1941131.185;2843587.965;D
1.10.22-8;-16.39460586;-71.48979836;-1941153.776;2843654.203;D
1.10.22-9; ; ;-1.516416327;20763369.87;D
1.10.22-9;-16.39407738;-71.48967288;-1941093.267;2843675.347;D
1.10.22-9;-16.39401961;-71.48968817;-1941086.285;2843674.369;D
1.10.22-9;-16.39394688;-71.48983718;-1941075.858;2843658.42;D
1.10.22-9;-16.3938804;-71.48994179;-1941066.727;2843647.425;D
1.10.22-9;-16.39382791;-71.49005138;-1941059.175;2843635.682;D
1.10.22-9;-16.39395282;-71.49013068;-1941072.851;2843625.054;D
1.10.22-9;-16.39408123;-71.49019057;-1941087.182;2843616.582;D
1.10.22-9;-16.39418728;-71.48970428;-1941105.783;2843670.348;D
1.10.23-1; ; ;-1.516416327;20763369.87;D
1.10.23-1;-16.39844221;-71.49067587;-1941593.445;2843504.492;D
1.10.23-1;-16.39844112;-71.49060723;-1941594.184;2843512.291;D
1.10.23-1;-16.39843395;-71.49046739;-1941595.108;2843528.245;D
1.10.23-1;-16.39833868;-71.49039704;-1941584.802;2843537.47;D
1.10.23-1;-16.39829509;-71.49035905;-1941580.161;2843542.349;D
1.10.23-1;-16.39812833;-71.49041512;-1941559.859;2843538.172;D
1.10.23-1;-16.39824553;-71.49074457;-1941569.469;2843499.273;D
1.10.23-1;-16.39842454;-71.49076531;-1941590.24;2843494.58;D
1.10.23-2; ; ;-1.516416327;20763369.87;D
1.10.23-2;-16.39827169;-71.49153804;-1941562.523;2843408.941;D
1.10.23-2;-16.39835635;-71.49108153;-1941578.234;2843459.608;D
1.10.23-2;-16.39843529;-71.49078877;-1941591.206;2843491.778;D
1.10.23-2;-16.39830043;-71.49076066;-1941575.717;2843496.73;D
1.10.23-2;-16.39821063;-71.49076147;-1941565.155;2843497.813;D
1.10.23-2;-16.39809318;-71.49041075;-1941555.785;2843539.126;D
1.10.23-2;-16.39767747;-71.49057998;-1941504.804;2843525.372;D
1.10.23-2;-16.39812181;-71.49146272;-1941545.864;2843419.444;D
1.10.23-3; ; ;-1.516416327;20763369.87;D
1.10.23-3;-16.39795884;-71.49121506;-1941529.844;2843449.665;D
1.10.23-3;-16.39763996;-71.49059813;-1941500.168;2843523.805;D
1.10.23-3;-16.39730392;-71.49079965;-1941458.14;2843505.346;D
1.10.23-3;-16.39759821;-71.4913426;-1941485.861;2843439.917;D
1.10.23-3;-16.39782566;-71.4912951;-1941513.185;2843442.329;D
1.10.23-4; ; ;-1.516416327;20763369.87;D
1.10.23-4;-16.39812168;-71.4915414;-1941544.854;2843410.522;D
1.10.23-4;-16.39800022;-71.49130996;-1941533.507;2843438.359;D
1.10.23-4;-16.39762173;-71.49138677;-1941488.066;2843434.6;D
1.10.23-4;-16.39773549;-71.49162213;-1941498.461;2843406.418;D
1.10.23-4;-16.39781411;-71.49194123;-1941503.669;2843369.2;D
1.10.23-4;-16.3981887;-71.49185916;-1941548.717;2843373.608;D
1.10.23-6; ; ;-1.516416327;20763369.87;D
1.10.23-6;-16.39924908;-71.49225126;-1941668.352;2843315.267;D
1.10.23-6;-16.39934836;-71.4917901;-1941685.841;2843366.269;D
1.10.23-6;-16.3992675;-71.49174904;-1941676.859;2843371.983;D
1.10.23-6;-16.39920992;-71.49174749;-1941670.113;2843372.912;D
1.10.23-6;-16.39910465;-71.49175248;-1941657.682;2843373.724;D
1.10.23-6;-16.39903888;-71.49174643;-1941650.03;2843375.27;D
1.10.23-6;-16.39883959;-71.49173207;-1941626.797;2843379.506;D
1.10.23-6;-16.39863816;-71.4916862;-1941603.709;2843387.343;D
1.10.23-6;-16.39855494;-71.49177077;-1941592.864;2843378.841;D
1.10.23-6;-16.39849679;-71.49179976;-1941585.665;2843376.313;D
1.10.23-6;-16.39846137;-71.49189602;-1941580.288;2843365.859;D
1.10.23-7; ; ;-1.516416327;20763369.87;D
1.10.23-7;-16.3992415;-71.49232096;-1941666.582;2843307.461;D
1.10.23-7;-16.39890529;-71.49215806;-1941629.136;2843330.334;D
1.10.23-7;-16.39864998;-71.49204568;-1941600.558;2843346.419;D
1.10.23-7;-16.39843124;-71.49191962;-1941576.45;2843363.577;D
1.10.23-7;-16.39829331;-71.49186248;-1941560.966;2843371.863;D
1.10.23-7;-16.3980051;-71.49194135;-1941526.107;2843366.688;D
1.10.23-7;-16.39820385;-71.49205046;-1941548.081;2843351.713;D
1.10.23-7;-16.39868118;-71.49231206;-1941600.86;2843315.8;D
1.10.23-7;-16.39879559;-71.49237311;-1941613.532;2843307.38;D
1.10.23-7;-16.39914536;-71.49251525;-1941652.832;2843286.684;D
1.10.23-10; ; ;-1.516416327;20763369.87;D
1.10.23-10;-16.39784632;-71.49280705;-1941496.52;2843270.583;D
1.10.23-10;-16.3980305;-71.4924575;-1941522.573;2843307.817;D
1.10.23-10;-16.39783537;-71.49236377;-1941500.831;2843321;D
1.10.23-10;-16.39768175;-71.49267027;-1941478.912;2843288.249;D
1.10.23-10;-16.3977204;-71.49272822;-1941482.721;2843281.171;D
1.10.23-11; ; ;-1.516416327;20763369.87;D
1.10.23-11;-16.39822081;-71.49211238;-1941549.292;2843344.469;D
1.10.23-11;-16.39790236;-71.49196613;-1941513.723;2843365.221;D
1.10.23-11;-16.39771591;-71.49204648;-1941490.801;2843358.548;D
1.10.23-11;-16.39768918;-71.4922282;-1941485.366;2843338.289;D
1.10.23-11;-16.39782021;-71.49225889;-1941500.374;2843333.093;D
1.10.23-11;-16.39809373;-71.49239936;-1941530.737;2843313.584;D
1.10.23-12; ; ;-1.516416327;20763369.87;D
1.10.23-12;-16.39771223;-71.49164354;-1941495.457;2843404.295;D
1.10.23-12;-16.39759494;-71.49140139;-1941484.734;2843433.292;D
1.10.23-12;-16.39720578;-71.49148405;-1941437.967;2843429.009;D
1.10.23-12;-16.39732833;-71.49177667;-1941448.671;2843394.218;D
1.10.23-12;-16.39738966;-71.49204808;-1941452.449;2843362.634;D
1.10.23-12;-16.39777545;-71.49194944;-1941499.022;2843368.775;D
1.10.23-13; ; ;-1.516416327;20763369.87;D
1.10.23-13;-16.39722623;-71.49222316;-1941431.037;2843344.915;D
1.10.23-13;-16.39696263;-71.49225346;-1941399.682;2843344.928;D
1.10.23-13;-16.39698515;-71.49247855;-1941399.487;2843319.105;D
1.10.23-13;-16.39726802;-71.49243744;-1941433.24;2843320.067;D
1.10.23-14; ; ;-1.516416327;20763369.87;D
1.10.23-14;-16.39664496;-71.49168999;-1941369.473;2843412.988;D
1.10.23-14;-16.39652404;-71.4916991;-1941355.15;2843413.537;D
1.10.23-14;-16.39659257;-71.49212202;-1941357.862;2843364.676;D
1.10.23-14;-16.39665212;-71.4921611;-1941364.366;2843359.465;D
1.10.23-14;-16.39677409;-71.49216121;-1941378.695;2843357.857;D
1.10.23-15; ; ;-1.516416327;20763369.87;D
1.10.23-15;-16.3972332;-71.49179464;-1941437.266;2843393.425;D
1.10.23-15;-16.39713696;-71.49149854;-1941429.697;2843428.266;D
1.10.23-15;-16.39668771;-71.49160952;-1941375.512;2843421.556;D
1.10.23-15;-16.3968458;-71.49214187;-1941387.365;2843359.112;D
1.10.23-15;-16.39729517;-71.49205245;-1941441.292;2843363.375;D
1.10.23-16; ; ;-1.516416327;20763369.87;D
1.10.23-16;-16.39756078;-71.49135802;-1941481.268;2843438.658;D
1.10.23-16;-16.39727429;-71.49082881;-1941454.291;2843502.426;D
1.10.23-16;-16.3970996;-71.49092535;-1941432.547;2843493.763;D
1.10.23-16;-16.39696101;-71.49100384;-1941415.272;2843486.674;D
1.10.23-16;-16.39719184;-71.49143246;-1941436.981;2843435.042;D
1.10.23-17; ; ;-1.516416327;20763369.87;D
1.10.23-17;-16.39699788;-71.49023125;-1941429.36;2843573.814;D
1.10.23-17;-16.39696775;-71.49022134;-1941425.945;2843575.332;D
1.10.23-17;-16.39692372;-71.49032222;-1941419.498;2843564.466;D
1.10.23-17;-16.39687386;-71.49048252;-1941411.615;2843546.939;D
1.10.23-17;-16.3968358;-71.49057067;-1941406.03;2843537.439;D
1.10.23-17;-16.39679421;-71.49068622;-1941399.684;2843524.879;D
1.10.23-17;-16.39673161;-71.49083195;-1941390.489;2843509.169;D
1.10.23-17;-16.39670597;-71.49102131;-1941385.085;2843488.028;D
1.10.23-17;-16.39683461;-71.49093527;-1941401.286;2843496.104;D
1.10.23-17;-16.39707739;-71.49081624;-1941431.314;2843506.427;D
1.10.23-17;-16.39724547;-71.49073044;-1941452.146;2843513.959;D
1.10.23-18; ; ;-1.516416327;20763369.87;D
1.10.23-18;-16.39719154;-71.4902407;-1941451.994;2843570.209;D
1.10.23-18;-16.39702914;-71.49023359;-1941433.004;2843573.14;D
1.10.23-18;-16.39725939;-71.4907175;-1941453.945;2843515.245;D
1.10.23-18;-16.39763816;-71.49048193;-1941501.423;2843537.007;D
1.10.23-18;-16.39805498;-71.49036056;-1941551.93;2843545.318;D
1.10.23-18;-16.39768432;-71.4903022;-1941509.117;2843556.787;D
1.10.23-18;-16.39742982;-71.49026567;-1941479.676;2843564.26;D
1.10.23-19; ; ;-1.516416327;20763369.87;D
1.10.23-19;-16.39695027;-71.49105563;-1941413.356;2843480.94;D
1.10.23-19;-16.39675463;-71.49112907;-1941389.442;2843475.171;D
1.10.23-19;-16.39667439;-71.49124578;-1941378.54;2843462.983;D
1.10.23-19;-16.39666149;-71.49134878;-1941375.724;2843451.471;D
1.10.23-19;-16.39669522;-71.49144089;-1941378.524;2843440.583;D
1.10.23-19;-16.39682686;-71.49149213;-1941393.344;2843433.049;D
1.10.23-19;-16.39687964;-71.49149894;-1941399.459;2843431.586;D
1.10.23-19;-16.39716357;-71.4914347;-1941433.631;2843435.158;D
1.10.23-20; ; ;-1.516416327;20763369.87;D
1.10.23-20;-16.39681989;-71.49223249;-1941383.176;2843349.173;D
1.10.23-20;-16.39669518;-71.49224232;-1941368.4;2843349.69;D
1.10.23-20;-16.3965644;-71.49219;-1941353.694;2843357.335;D
1.10.23-20;-16.39667372;-71.49241877;-1941363.65;2843329.958;D
1.10.23-20;-16.3968331;-71.4924227;-1941382.327;2843327.428;D
1.10.24-1; ; ;-1.516416327;20763369.87;D
1.10.24-1;-16.39708838;-71.48967093;-1941447.07;2843636.179;D
1.10.24-1;-16.39701568;-71.4901459;-1941432.529;2843583.262;D
1.10.24-1;-16.39784786;-71.49027458;-1941528.68;2843557.78;D
1.10.24-1;-16.39791253;-71.48982932;-1941541.902;2843607.433;D
1.10.24-2; ; ;-1.516416327;20763369.87;D
1.10.24-2;-16.39627706;-71.48955256;-1941353.238;2843660.218;D
1.10.24-2;-16.39620034;-71.4899844;-1941338.77;2843612.244;D
1.10.24-2;-16.39694384;-71.49011477;-1941424.481;2843587.731;D
1.10.24-2;-16.39700918;-71.4896774;-1941437.681;2843636.481;D
1.10.24-3; ; ;-1.516416327;20763369.87;D
1.10.24-3;-16.3962054;-71.48953141;-1941345.085;2843663.554;D
1.10.24-3;-16.39527882;-71.48937296;-1941238.218;2843693.647;D
1.10.24-3;-16.39521163;-71.48981877;-1941224.693;2843643.963;D
1.10.24-3;-16.39611787;-71.4899744;-1941329.207;2843614.457;D
1.10.24-4; ; ;-1.516416327;20763369.87;D
1.10.24-4;-16.39520938;-71.48935492;-1941230.286;2843696.602;D
1.10.24-4;-16.39434551;-71.48919092;-1941130.856;2843726.502;D
1.10.24-4;-16.39412106;-71.48962995;-1941098.94;2843679.645;D
1.10.24-4;-16.39512806;-71.48980314;-1941215.072;2843646.829;D
1.10.24-5; ; ;-1.516416327;20763369.87;D
1.10.24-5;-16.39627867;-71.48900965;-1941360.283;2843721.772;D
1.10.24-5;-16.39537161;-71.48883166;-1941255.955;2843753.825;D
1.10.24-5;-16.39528112;-71.48930552;-1941239.339;2843701.266;D
1.10.24-5;-16.39620557;-71.48945576;-1941346.06;2843672.132;D
1.10.24-7; ; ;-1.516416327;20763369.87;D
1.10.24-7;-16.39819097;-71.4893342;-1941580.87;2843659.944;D
1.10.24-7;-16.3978553;-71.48927603;-1941542.166;2843670.932;D
1.10.24-7;-16.39716625;-71.48913511;-1941462.985;2843695.931;D
1.10.24-7;-16.39710877;-71.48958227;-1941450.584;2843645.968;D
1.10.24-7;-16.39823122;-71.4897768;-1941580.01;2843609.22;D
1.10.24-8; ; ;-1.516416327;20763369.87;D
1.10.24-8;-16.39725983;-71.48860061;-1941480.73;2843755.327;D
1.10.24-8;-16.39719223;-71.4890326;-1941467.333;2843707.217;D
1.10.24-8;-16.39818125;-71.48925602;-1941580.715;2843668.937;D
1.10.24-8;-16.39807582;-71.48875656;-1941574.637;2843726.963;D
1.10.24-9; ; ;-1.516416327;20763369.87;D
1.10.24-9;-16.39646137;-71.48843208;-1941389.044;2843784.887;D
1.10.24-9;-16.39642386;-71.48863476;-1941382.077;2843762.391;D
1.10.24-9;-16.39715467;-71.48875666;-1941466.404;2843739.004;D
1.10.24-9;-16.3971883;-71.48856796;-1941472.738;2843759.966;D
1.10.24-12; ; ;-1.516416327;20763369.87;D
1.10.24-12;-16.39537949;-71.48829166;-1941263.701;2843814.968;D
1.10.24-12;-16.39481017;-71.48819514;-1941198.027;2843833.363;D
1.10.24-12;-16.39461904;-71.48864653;-1941169.87;2843784.668;D
1.10.24-12;-16.39530236;-71.48875911;-1941248.734;2843762.96;D
1.10.24-14; ; ;-1.516416327;20763369.87;D
1.10.24-14;-16.39508051;-71.48770715;-1941235.952;2843885.174;D
1.10.24-14;-16.39484649;-71.48812328;-1941203.202;2843841.038;D
1.10.24-14;-16.39539481;-71.48822979;-1941266.282;2843821.784;D
1.10.24-14;-16.39547527;-71.48776564;-1941281.597;2843873.375;D
1.10.24-15; ; ;-1.516416327;20763369.87;D
1.10.24-15;-16.39553976;-71.48777293;-1941289.082;2843871.705;D
1.10.24-15;-16.39545025;-71.48820661;-1941273.088;2843823.689;D
1.10.24-15;-16.39638457;-71.48840231;-1941380.396;2843789.269;D
1.10.24-15;-16.39643904;-71.48794754;-1941392.54;2843840.135;D
1.10.24-16; ; ;-1.516416327;20763369.87;D
1.10.24-16;-16.39709731;-71.48834459;-1941464.868;2843786.49;D
1.10.24-16;-16.39679275;-71.48813628;-1941431.715;2843814.101;D
1.10.24-16;-16.39667224;-71.48806024;-1941418.516;2843824.302;D
1.10.24-16;-16.39652483;-71.48797508;-1941402.271;2843835.889;D
1.10.24-16;-16.39646369;-71.48840034;-1941389.717;2843788.457;D
1.10.24-16;-16.39723375;-71.48854497;-1941478.37;2843761.978;D
1.10.24-16;-16.39726388;-71.48847385;-1941482.808;2843769.65;D
1.10.24-17; ; ;-1.516416327;20763369.87;D
1.10.24-17;-16.39731465;-71.48854415;-1941487.884;2843761.013;D
1.10.24-17;-16.39806882;-71.48868875;-1941574.671;2843734.745;D
1.10.24-17;-16.39801056;-71.48845049;-1941570.835;2843762.53;D
1.10.24-17;-16.39747113;-71.48835525;-1941508.656;2843780.389;D
1.10.24-18; ; ;-1.516416327;20763369.87;D
1.10.24-18;-16.39798067;-71.4883615;-1941568.446;2843773.014;D
1.10.24-18;-16.39794365;-71.48821229;-1941565.982;2843790.421;D
1.10.24-18;-16.39783001;-71.48807282;-1941554.391;2843807.726;D
1.10.24-18;-16.3977336;-71.48796788;-1941544.389;2843820.89;D
1.10.24-18;-16.39749653;-71.48830418;-1941512.285;2843785.849;D
1.10.24-18;-16.39794231;-71.48838849;-1941563.598;2843770.455;D
1.10.25-1; ; ;-1.516416327;20763369.87;D
1.10.25-1;-16.39557105;-71.48770589;-1941293.605;2843878.898;D
1.10.25-1;-16.39630616;-71.48781992;-1941378.538;2843856.348;D
1.10.25-1;-16.39635723;-71.48744338;-1941389.294;2843898.386;D
1.10.25-1;-16.39562868;-71.48730841;-1941305.396;2843923.226;D
1.10.25-2; ; ;-1.516416327;20763369.87;D
1.10.25-2;-16.39570746;-71.48682779;-1941320.723;2843976.706;D
1.10.25-2;-16.39563812;-71.48721803;-1941307.647;2843933.352;D
1.10.25-2;-16.39602154;-71.48727425;-1941351.988;2843921.96;D
1.10.25-2;-16.39607736;-71.48689762;-1941363.304;2843963.945;D
1.10.25-3; ; ;-1.516416327;20763369.87;D
1.10.25-3;-16.39579515;-71.48634824;-1941337.084;2844029.949;D
1.10.25-3;-16.39571455;-71.48675692;-1941322.451;2843984.651;D
1.10.25-3;-16.39609736;-71.48680991;-1941366.761;2843973.633;D
1.10.25-3;-16.39617361;-71.4864088;-1941380.787;2844018.128;D
1.10.25-4; ; ;-1.516416327;20763369.87;D
1.10.25-4;-16.39605014;-71.48582893;-1941373.603;2844085.511;D
1.10.25-4;-16.39586758;-71.48578988;-1941352.646;2844092.329;D
1.10.25-4;-16.39584024;-71.48602505;-1941346.464;2844066.014;D
1.10.25-4;-16.395806;-71.48627757;-1941339.251;2844037.822;D
1.10.25-4;-16.39618751;-71.48632924;-1941383.425;2844026.969;D
1.10.25-4;-16.39623852;-71.48579873;-1941396.118;2844086.472;D
1.10.25-5; ; ;-1.516416327;20763369.87;D
1.10.25-5;-16.39595495;-71.48511497;-1941371.437;2844167.733;D
1.10.25-5;-16.39588973;-71.48571217;-1941356.23;2844100.853;D
1.10.25-5;-16.39601837;-71.48573479;-1941371.059;2844096.604;D
1.10.25-5;-16.39626884;-71.48572626;-1941400.597;2844094.294;D
1.10.25-5;-16.39631855;-71.4852836;-1941412.029;2844143.85;D
1.10.25-5;-16.39618437;-71.48516244;-1941397.793;2844159.347;D
1.10.25-6; ; ;-1.516416327;20763369.87;D
1.10.25-6;-16.39555189;-71.48465493;-1941329.889;2844225.185;D
1.10.25-6;-16.39519659;-71.48523583;-1941280.804;2844163.948;D
1.10.25-6;-16.39553382;-71.48547288;-1941317.434;2844132.65;D
1.10.25-6;-16.39584914;-71.48487329;-1941362.056;2844196.529;D
1.10.25-7; ; ;-1.516416327;20763369.87;D
1.10.25-7;-16.39556009;-71.48558645;-1941319.086;2844119.425;D
1.10.25-7;-16.39536737;-71.48591048;-1941292.35;2844085.196;D
1.10.25-7;-16.39572466;-71.48612357;-1941331.638;2844056.352;D
1.10.25-7;-16.39580146;-71.48572523;-1941345.693;2844100.527;D
1.10.25-8; ; ;-1.516416327;20763369.87;D
1.10.25-8;-16.39555136;-71.4861121;-1941311.422;2844059.921;D
1.10.25-8;-16.3953554;-71.48599434;-1941289.884;2844075.842;D
1.10.25-8;-16.39525468;-71.48665727;-1941269.676;2844001.97;D
1.10.25-8;-16.39563498;-71.48672983;-1941313.445;2843988.765;D
1.10.25-8;-16.39572454;-71.48621795;-1941330.432;2844045.65;D
1.10.25-9; ; ;-1.516416327;20763369.87;D
1.10.25-9;-16.39523164;-71.48673398;-1941266.001;2843993.571;D
1.10.25-9;-16.39516954;-71.48713333;-1941253.661;2843949.09;D
1.10.25-9;-16.39555714;-71.48721328;-1941298.193;2843934.952;D
1.10.25-9;-16.39562347;-71.48682502;-1941310.889;2843978.119;D
1.10.25-10; ; ;-1.516416327;20763369.87;D
1.10.25-10;-16.39496209;-71.48656958;-1941236.406;2844015.744;D
1.10.25-10;-16.39477118;-71.48690565;-1941209.729;2843980.125;D
1.10.25-10;-16.39509289;-71.48710945;-1941244.956;2843952.802;D
1.10.25-10;-16.39518119;-71.48669652;-1941260.546;2843998.48;D
1.10.25-11; ; ;-1.516416327;20763369.87;D
1.10.25-11;-16.39489542;-71.48652197;-1941229.174;2844022.016;D
1.10.25-11;-16.39455804;-71.48629893;-1941192.349;2844051.728;D
1.10.25-11;-16.3943543;-71.48663856;-1941164.12;2844015.872;D
1.10.25-11;-16.39468912;-71.48684865;-1941200.808;2843987.663;D
1.10.25-13; ; ;-1.516416327;20763369.87;D
1.10.25-13;-16.39516444;-71.48532129;-1941275.947;2844154.677;D
1.10.25-13;-16.39495028;-71.4856471;-1941246.669;2844120.526;D
1.10.25-13;-16.39528885;-71.48586117;-1941283.747;2844091.816;D
1.10.25-13;-16.39547864;-71.48552154;-1941310.336;2844127.853;D
1.10.25-14; ; ;-1.516416327;20763369.87;D
1.10.25-14;-16.39449637;-71.48546898;-1941195.585;2844146.667;D
1.10.25-14;-16.3941956;-71.48598168;-1941153.769;2844092.451;D
1.10.25-14;-16.39453607;-71.48618715;-1941191.18;2844064.693;D
1.10.25-14;-16.39483874;-71.48568473;-1941233.087;2844117.716;D
1.10.25-15; ; ;-1.516416327;20763369.87;D
1.10.25-15;-16.39429934;-71.48535892;-1941173.824;2844161.728;D
1.10.25-15;-16.39387437;-71.48577729;-1941118.607;2844119.837;D
1.10.25-15;-16.39413552;-71.48593723;-1941147.272;2844098.279;D
1.10.25-15;-16.39442483;-71.48542749;-1941187.703;2844152.308;D
1.10.25-16; ; ;-1.516416327;20763369.87;D
1.10.25-16;-16.39381034;-71.48583083;-1941110.408;2844114.601;D
1.10.25-16;-16.39352568;-71.48611286;-1941073.399;2844086.338;D
1.10.25-16;-16.39388972;-71.48635;-1941113.177;2844054.678;D
1.10.25-16;-16.39408429;-71.48601316;-1941140.294;2844090.338;D
1.10.25-17; ; ;-1.516416327;20763369.87;D
1.10.25-17;-16.39415747;-71.48606153;-1941148.281;2844083.894;D
1.10.25-17;-16.39395418;-71.48639357;-1941120.201;2844048.894;D
1.10.25-17;-16.39429292;-71.4866045;-1941157.338;2844020.538;D
1.10.25-17;-16.39449088;-71.48626367;-1941184.903;2844056.605;D
1.10.25-18; ; ;-1.516416327;20763369.87;D
1.10.25-18;-16.39346498;-71.48617173;-1941065.523;2844080.455;D
1.10.25-18;-16.39319254;-71.48643441;-1941030.195;2844054.227;D
1.10.25-18;-16.39363371;-71.48674873;-1941078.061;2844012.805;D
1.10.25-18;-16.39383967;-71.48643004;-1941106.287;2844046.256;D
1.10.25-19; ; ;-1.516416327;20763369.87;D
1.10.25-19;-16.39392135;-71.48647263;-1941115.346;2844040.357;D
1.10.25-19;-16.39371492;-71.48680669;-1941086.872;2844005.168;D
1.10.25-19;-16.39404508;-71.48702155;-1941122.951;2843976.48;D
1.10.25-19;-16.39423567;-71.48667947;-1941149.665;2844012.784;D
1.10.25-20; ; ;-1.516416327;20763369.87;D
1.10.25-20;-16.39430792;-71.4867238;-1941157.594;2844006.811;D
1.10.25-20;-16.39410884;-71.48706803;-1941129.856;2843970.374;D
1.10.25-20;-16.39445889;-71.48727958;-1941168.314;2843941.8;D
1.10.25-20;-16.39465089;-71.48693584;-1941195.215;2843978.275;D
1.10.25-21; ; ;-1.516416327;20763369.87;D
1.10.25-21;-16.39472123;-71.48698126;-1941202.906;2843972.203;D
1.10.25-21;-16.39450784;-71.48730684;-1941173.722;2843938.068;D
1.10.25-21;-16.39484708;-71.48752786;-1941210.79;2843908.562;D
1.10.25-21;-16.3950634;-71.48719914;-1941240.358;2843943.015;D
1.10.25-22; ; ;-1.516416327;20763369.87;D
1.10.25-22;-16.39515745;-71.48722005;-1941251.144;2843939.412;D
1.10.25-22;-16.39510459;-71.4876189;-1941239.897;2843894.867;D
1.10.25-22;-16.39547564;-71.48767952;-1941282.728;2843883.138;D
1.10.25-22;-16.39553714;-71.48729734;-1941294.781;2843925.679;D
1.10.25-24; ; ;-1.516416327;20763369.87;D
1.10.25-24;-16.396567;-71.48698417;-1941419.742;2843947.723;D
1.10.25-24;-16.39616828;-71.48690211;-1941373.93;2843962.248;D
1.10.25-24;-16.39609366;-71.48728593;-1941360.314;2843919.691;D
1.10.25-24;-16.39649571;-71.48737726;-1941406.4;2843904.073;D
1.10.25-25; ; ;-1.516416327;20763369.87;D
1.10.25-25;-16.39717936;-71.4866002;-1941496.541;2843983.259;D
1.10.25-25;-16.39625275;-71.48642863;-1941389.834;2844014.843;D
1.10.25-25;-16.39620873;-71.48680279;-1941379.936;2843972.983;D
1.10.25-25;-16.39711689;-71.48695813;-1941484.68;2843943.481;D
1.10.25-26; ; ;-1.516416327;20763369.87;D
1.10.25-26;-16.3971987;-71.48608929;-1941505.267;2844040.952;D
1.10.25-26;-16.39632358;-71.48594554;-1941404.259;2844068.708;D
1.10.25-26;-16.39628631;-71.48633662;-1941394.941;2844024.84;D
1.10.25-26;-16.39711818;-71.48647826;-1941490.893;2843997.89;D
1.10.25-27; ; ;-1.516416327;20763369.87;D
1.10.25-27;-16.39638443;-71.48537107;-1941418.665;2844133.067;D
1.10.25-27;-16.3963393;-71.48587266;-1941407.026;2844076.768;D
1.10.25-27;-16.39701442;-71.48597461;-1941485.064;2844056.371;D
1.10.25-27;-16.39703523;-71.48587034;-1941488.826;2844067.925;D
1.10.25-29; ; ;-1.516416327;20763369.87;D
1.10.25-29;-16.39618121;-71.48486138;-1941401.225;2844193.534;D
1.10.25-29;-16.39578345;-71.48467585;-1941356.833;2844219.782;D
1.10.25-29;-16.39573991;-71.4847231;-1941351.12;2844214.993;D
1.10.25-29;-16.3963477;-71.48525633;-1941415.798;2844146.561;D
1.10.25-29;-16.39626267;-71.48495571;-1941409.605;2844181.77;D
1.10.25-32; ; ;-1.516416327;20763369.87;D
1.10.25-32;-16.39507198;-71.48452592;-1941275.129;2844246.097;D
1.10.25-32;-16.3952246;-71.4845968;-1941292.166;2844236.061;D
1.10.25-32;-16.39541301;-71.48448383;-1941315.732;2844246.408;D
1.10.25-32;-16.39523051;-71.48436309;-1941295.813;2844262.491;D
1.10.25-34; ; ;-1.516416327;20763369.87;D
1.10.25-34;-16.39560626;-71.48552499;-1941325.288;2844125.792;D
1.10.25-34;-16.39582086;-71.48564981;-1941348.925;2844108.827;D
1.10.25-34;-16.39587095;-71.48523181;-1941360.091;2844155.58;D
1.10.25-34;-16.39577154;-71.48518835;-1941348.959;2844161.81;D
1.10.26-1; ; ;-1.516416327;20763369.87;D
1.10.26-1;-16.39256244;-71.485612;-1940966.545;2844155.748;D
1.10.26-1;-16.39238235;-71.48593076;-1940941.359;2844121.949;D
1.10.26-1;-16.39289919;-71.48622487;-1940998.373;2844081.83;D
1.10.26-1;-16.3930264;-71.48632477;-1941012.058;2844068.835;D
1.10.26-1;-16.39329422;-71.48608459;-1941046.559;2844092.573;D
1.10.26-2; ; ;-1.516416327;20763369.87;D
1.10.26-2;-16.39280657;-71.48520526;-1941000.367;2844198.687;D
1.10.26-2;-16.39261666;-71.48555024;-1940973.696;2844162.043;D
1.10.26-2;-16.39309677;-71.48583759;-1941026.479;2844123.171;D
1.10.26-2;-16.39335566;-71.48600643;-1941054.766;2844100.634;D
1.10.26-2;-16.39364242;-71.48574489;-1941091.763;2844126.546;D
1.10.26-3; ; ;-1.516416327;20763369.87;D
1.10.26-3;-16.39240704;-71.48495842;-1940956.54;2844231.911;D
1.10.26-3;-16.39196715;-71.48570852;-1940895.381;2844152.588;D
1.10.26-3;-16.39229908;-71.48589504;-1940932.027;2844127.09;D
1.10.26-3;-16.39274016;-71.48515696;-1940993.174;2844205.034;D
1.10.26-4; ; ;-1.516416327;20763369.87;D
1.10.26-4;-16.39194391;-71.48465639;-1940905.937;2844272.227;D
1.10.26-4;-16.39171393;-71.4850491;-1940873.955;2844230.693;D
1.10.26-4;-16.39148895;-71.48545464;-1940842.398;2844187.64;D
1.10.26-4;-16.39181377;-71.48563912;-1940878.235;2844162.466;D
1.10.26-4;-16.3922789;-71.48487574;-1940942.527;2844242.965;D
1.10.26-5; ; ;-1.516416327;20763369.87;D
1.10.26-5;-16.39153712;-71.48440976;-1940861.254;2844305.522;D
1.10.26-5;-16.39105242;-71.48523378;-1940793.896;2844218.401;D
1.10.26-5;-16.39138835;-71.48542655;-1940830.933;2844192.141;D
1.10.26-5;-16.39186841;-71.4846107;-1940897.643;2844278.397;D
1.10.26-6; ; ;-1.516416327;20763369.87;D
1.10.26-6;-16.39065522;-71.48499836;-1940750.198;2844250.299;D
1.10.26-6;-16.39098306;-71.48518349;-1940786.381;2844225.013;D
1.10.26-6;-16.39146051;-71.48437024;-1940852.752;2844311.007;D
1.10.26-6;-16.39122579;-71.48429435;-1940826.13;2844322.686;D
1.10.26-6;-16.39107925;-71.48426075;-1940809.336;2844328.414;D
1.10.26-7; ; ;-1.516416327;20763369.87;D
1.10.26-7;-16.39081461;-71.48418771;-1940779.164;2844340.161;D
1.10.26-7;-16.39042111;-71.48492534;-1940723.612;2844261.643;D
1.10.26-7;-16.3906097;-71.48498674;-1940744.997;2844252.213;D
1.10.26-7;-16.39101108;-71.48427869;-1940801.1;2844327.271;D
1.10.26-8; ; ;-1.516416327;20763369.87;D
1.10.26-8;-16.39157573;-71.48364558;-1940875.442;2844391.693;D
1.10.26-8;-16.3914399;-71.48373141;-1940858.397;2844383.735;D
1.10.26-8;-16.39143087;-71.48379214;-1940856.569;2844376.965;D
1.10.26-8;-16.39132388;-71.48384212;-1940843.367;2844372.696;D
1.10.26-8;-16.39115585;-71.48377658;-1940824.452;2844382.328;D
1.10.26-8;-16.39081724;-71.48397562;-1940782.151;2844364.182;D
1.10.26-8;-16.39082584;-71.48400964;-1940782.732;2844360.21;D
1.10.26-8;-16.39155605;-71.48418823;-1940866.276;2844330.402;D
1.10.26-8;-16.39178221;-71.4837804;-1940898;2844373.7;D
1.10.26-9; ; ;-1.516416327;20763369.87;D
1.10.26-9;-16.39186871;-71.48382661;-1940907.58;2844367.327;D
1.10.26-9;-16.3916312;-71.4842898;-1940873.823;2844317.898;D
1.10.26-9;-16.39194746;-71.48449224;-1940908.427;2844290.799;D
1.10.26-9;-16.39220459;-71.48403604;-1940944.401;2844339.178;D
1.10.26-10; ; ;-1.516416327;20763369.87;D
1.10.26-10;-16.39226924;-71.48408314;-1940951.402;2844332.99;D
1.10.26-10;-16.39202651;-71.48451385;-1940917.443;2844287.314;D
1.10.26-10;-16.39236175;-71.48472818;-1940954.126;2844258.618;D
1.10.26-10;-16.39260966;-71.4842881;-1940988.813;2844305.289;D
1.10.26-11; ; ;-1.516416327;20763369.87;D
1.10.26-11;-16.39267481;-71.48485356;-1940989.327;2844240.302;D
1.10.26-11;-16.39295148;-71.48468404;-1941023.977;2844255.908;D
1.10.26-11;-16.39304459;-71.48463482;-1941035.538;2844260.273;D
1.10.26-11;-16.393078;-71.48457385;-1941040.234;2844266.751;D
1.10.26-11;-16.39271781;-71.48437052;-1941000.48;2844294.526;D
1.10.26-11;-16.39248266;-71.48479885;-1940967.441;2844249.02;D
1.10.26-12; ; ;-1.516416327;20763369.87;D
1.10.26-12;-16.39301318;-71.48472461;-1941030.713;2844250.5;D
1.10.26-12;-16.39269025;-71.48488663;-1940990.723;2844236.348;D
1.10.26-12;-16.39246723;-71.4848367;-1940965.15;2844244.929;D
1.10.26-12;-16.39244859;-71.48486971;-1940962.543;2844241.429;D
1.10.26-12;-16.39278221;-71.48507468;-1940999.154;2844213.816;D
1.10.26-13; ; ;-1.516416327;20763369.87;D
1.10.26-13;-16.39318724;-71.48535715;-1941043.177;2844176.479;D
1.10.26-13;-16.39351744;-71.48477568;-1941089.318;2844238.109;D
1.10.26-13;-16.39324864;-71.48471367;-1941058.517;2844248.66;D
1.10.26-13;-16.39311182;-71.48469937;-1941042.622;2844252.072;D
1.10.26-13;-16.39285625;-71.48513731;-1941007.062;2844205.744;D
1.10.26-15; ; ;-1.516416327;20763369.87;D
1.10.26-15;-16.39360271;-71.48480666;-1941098.947;2844233.481;D
1.10.26-15;-16.39354754;-71.48490878;-1941091.174;2844222.619;D
1.10.26-15;-16.39394797;-71.48514946;-1941135.185;2844190.083;D
1.10.26-15;-16.39410645;-71.4852579;-1941152.436;2844175.71;D
1.10.26-15;-16.39425022;-71.48509401;-1941171.398;2844192.417;D
1.10.26-15;-16.39408761;-71.48496886;-1941153.873;2844208.739;D
1.10.26-15;-16.39385583;-71.48485721;-1941128.048;2844224.435;D
1.10.26-16; ; ;-1.516416327;20763369.87;D
1.10.26-16;-16.39371846;-71.48443916;-1941117.188;2844273.648;D
1.10.26-16;-16.39339117;-71.48421853;-1941081.519;2844302.954;D
1.10.26-16;-16.3931718;-71.48457286;-1941051.268;2844265.636;D
1.10.26-16;-16.39359137;-71.48466382;-1941099.418;2844249.83;D
1.10.26-17; ; ;-1.516416327;20763369.87;D
1.10.26-17;-16.39368472;-71.48467171;-1941110.286;2844247.713;D
1.10.26-17;-16.39395356;-71.48473393;-1941141.09;2844237.139;D
1.10.26-17;-16.39412604;-71.48454532;-1941163.737;2844256.275;D
1.10.26-17;-16.39385446;-71.48437361;-1941133.996;2844279.304;D
1.10.26-18; ; ;-1.516416327;20763369.87;D
1.10.26-18;-16.39507491;-71.48425303;-1941278.92;2844277.01;D
1.10.26-18;-16.39476934;-71.48400684;-1941246.125;2844308.931;D
1.10.26-18;-16.39449637;-71.4842861;-1941210.525;2844280.83;D
1.10.26-18;-16.39428537;-71.48451357;-1941182.86;2844257.791;D
1.10.26-18;-16.39405674;-71.48473062;-1941153.254;2844236.164;D
1.10.26-18;-16.39427679;-71.48480979;-1941178.11;2844224.305;D
1.10.26-18;-16.39444347;-71.48489983;-1941196.558;2844211.912;D
1.10.26-18;-16.39474547;-71.4846036;-1941235.783;2844241.559;D
1.10.26-19; ; ;-1.516416327;20763369.87;D
1.10.26-19;-16.39348355;-71.48327473;-1941104.294;2844408.793;D
1.10.26-19;-16.39335481;-71.48330782;-1941088.749;2844406.725;D
1.10.26-19;-16.3927715;-71.48429016;-1941007.803;2844302.938;D
1.10.26-19;-16.39312371;-71.48448849;-1941046.682;2844275.834;D
1.10.26-19;-16.39374857;-71.48342589;-1941133.524;2844388.181;D
1.10.26-21; ; ;-1.516416327;20763369.87;D
1.10.26-21;-16.39226113;-71.48317208;-1940961.956;2844436.431;D
1.10.26-21;-16.39192419;-71.48375489;-1940915.005;2844374.735;D
1.10.26-21;-16.39225253;-71.48396358;-1940950.949;2844346.77;D
1.10.26-21;-16.39258153;-71.48338024;-1940996.974;2844408.629;D
1.10.26-22; ; ;-1.516416327;20763369.87;D
1.10.26-22;-16.39229923;-71.48309473;-1940967.41;2844444.706;D
1.10.26-22;-16.39213276;-71.48289447;-1940950.379;2844469.598;D
1.10.26-22;-16.3920035;-71.48306616;-1940933.022;2844451.816;D
1.10.26-22;-16.39181741;-71.48334642;-1940907.617;2844422.463;D
1.10.26-22;-16.39166756;-71.48359665;-1940886.849;2844396.042;D
1.10.26-22;-16.39184744;-71.4837079;-1940906.58;2844381.07;D
1.10.26-22;-16.39211149;-71.48325111;-1940943.375;2844429.425;D
1.10.26-23; ; ;-1.516416327;20763369.87;D
1.10.26-23;-16.3928391;-71.48313854;-1941030.292;2844432.673;D
1.10.26-23;-16.39296137;-71.48312658;-1941044.81;2844432.43;D
1.10.26-23;-16.39304113;-71.48311687;-1941054.304;2844432.488;D
1.10.26-23;-16.39304918;-71.48308058;-1941055.707;2844436.499;D
1.10.26-23;-16.39244847;-71.48242022;-1940993.465;2844519.259;D
1.10.26-23;-16.39218894;-71.48284689;-1940957.581;2844474.26;D
1.10.26-23;-16.39254165;-71.48322498;-1940994.249;2844426.761;D
1.10.26-23;-16.39274824;-71.48314608;-1941019.52;2844433.006;D
1.10.26-24; ; ;-1.516416327;20763369.87;D
1.10.26-24;-16.39313242;-71.48315491;-1941064.55;2844426.979;D
1.10.26-24;-16.39306675;-71.48314278;-1941056.986;2844429.214;D
1.10.26-24;-16.39301335;-71.48313451;-1941050.816;2844430.85;D
1.10.26-24;-16.39298335;-71.48317865;-1941046.734;2844426.236;D
1.10.26-24;-16.39295474;-71.48318139;-1941043.338;2844426.3;D
1.10.26-24;-16.39287644;-71.48318206;-1941034.129;2844427.249;D
1.10.26-24;-16.39283556;-71.48318125;-1941029.336;2844427.874;D
1.10.26-24;-16.39276153;-71.48318332;-1941020.611;2844428.609;D
1.10.26-24;-16.39270374;-71.48320562;-1941013.54;2844426.835;D
1.10.26-24;-16.39260034;-71.48324766;-1941000.859;2844423.42;D
1.10.26-24;-16.39258249;-71.48332385;-1940997.799;2844415.013;D
1.10.26-24;-16.39303348;-71.48356496;-1941047.745;2844381.764;D
1.10.26-24;-16.39324025;-71.48318773;-1941076.806;2844421.845;D
1.10.26-25; ; ;-1.516416327;20763369.87;D
1.10.26-25;-16.39402897;-71.4831049;-1941170.526;2844420.919;D
1.10.26-25;-16.39419499;-71.48305412;-1941190.674;2844424.506;D
1.10.26-25;-16.39417279;-71.48285494;-1941190.582;2844447.388;D
1.10.26-25;-16.3934585;-71.482985;-1941105.01;2844441.983;D
1.10.26-25;-16.39349146;-71.48320332;-1941106.125;2844416.789;D
1.10.26-25;-16.39383961;-71.48314773;-1941147.735;2844418.539;D
1.10.26-26; ; ;-1.516416327;20763369.87;D
1.10.26-26;-16.39402504;-71.48315424;-1941169.441;2844415.374;D
1.10.26-26;-16.39379613;-71.48322732;-1941141.621;2844410.081;D
1.10.26-26;-16.39373444;-71.48332612;-1941133.125;2844399.682;D
1.10.26-26;-16.39415027;-71.48359297;-1941178.613;2844363.973;D
1.10.26-26;-16.39437685;-71.48373274;-1941203.472;2844345.156;D
1.10.26-26;-16.39450665;-71.48380713;-1941217.783;2844335.02;D
1.10.26-26;-16.39464648;-71.48388873;-1941233.183;2844323.935;D
1.10.26-26;-16.3948321;-71.48399507;-1941253.649;2844309.445;D
1.10.26-26;-16.39511533;-71.4841963;-1941284.386;2844282.915;D
1.10.26-26;-16.39537406;-71.48396232;-1941317.743;2844306.067;D
1.10.26-26;-16.39497598;-71.4837316;-1941273.883;2844337.446;D
1.10.26-27; ; ;-1.516416327;20763369.87;D
1.10.26-27;-16.39488687;-71.483162;-1941270.607;2844403.215;D
1.10.26-27;-16.3946207;-71.48309444;-1941240.186;2844414.362;D
1.10.26-27;-16.39443272;-71.48307848;-1941218.299;2844418.632;D
1.10.26-27;-16.39434121;-71.4830754;-1941207.587;2844420.179;D
1.10.26-27;-16.39427292;-71.48313237;-1941198.843;2844414.611;D
1.10.26-27;-16.39430254;-71.48322785;-1941201.117;2844403.393;D
1.10.26-27;-16.39477955;-71.48352993;-1941253.349;2844362.889;D
1.10.26-27;-16.39536379;-71.48389442;-1941317.394;2844313.904;D
1.10.26-27;-16.39521801;-71.48324421;-1941308.478;2844389.558;D
1.10.26-28; ; ;-1.516416327;20763369.87;D
1.10.26-28;-16.39470505;-71.48278957;-1941253.948;2844447.837;D
1.10.26-28;-16.3947501;-71.48307476;-1941255.639;2844414.901;D
1.10.26-28;-16.39518046;-71.48317695;-1941304.916;2844397.678;D
1.10.26-28;-16.39507537;-71.4827231;-1941298.301;2844450.53;D
1.10.26-29; ; ;-1.516416327;20763369.87;D
1.10.26-29;-16.39469561;-71.48304952;-1941249.556;2844418.477;D
1.10.26-29;-16.39466597;-71.48280249;-1941249.194;2844446.882;D
1.10.26-29;-16.39420223;-71.48285144;-1941194.086;2844447.4;D
1.10.26-29;-16.39421549;-71.48303441;-1941193.333;2844426.473;D
1.10.26-29;-16.39447549;-71.48301765;-1941224.094;2844424.972;D
1.10.26-30; ; ;-1.516416327;20763369.87;D
1.10.26-30;-16.39338266;-71.48290706;-1941097.083;2844451.815;D
1.10.26-30;-16.39271169;-71.48206452;-1941028.887;2844556.159;D
1.10.26-30;-16.39248907;-71.48238093;-1940998.732;2844523.183;D
1.10.26-30;-16.39319014;-71.4831265;-1941071.69;2844429.445;D
1.10.26-30;-16.39340179;-71.4831504;-1941096.257;2844423.965;D
1.10.26-31; ; ;-1.516416327;20763369.87;D
1.10.26-31;-16.39120173;-71.48376702;-1940829.962;2844382.812;D
1.10.26-31;-16.3914788;-71.48364354;-1940864.078;2844393.193;D
1.10.26-31;-16.39148833;-71.48360762;-1940865.651;2844397.142;D
1.10.26-31;-16.39129236;-71.48349185;-1940844.087;2844412.837;D
1.10.26-31;-16.39067345;-71.48373819;-1940768.254;2844392.993;D
1.10.26-31;-16.39078072;-71.48392832;-1940778.458;2844370.025;D
1.10.26-31;-16.39110726;-71.48375713;-1940818.987;2844385.169;D
1.10.26-32; ; ;-1.516416327;20763369.87;D
1.10.26-32;-16.39071141;-71.48387109;-1940771.036;2844377.422;D
1.10.26-32;-16.39067079;-71.48383344;-1940766.738;2844382.225;D
1.10.26-32;-16.39060284;-71.48380202;-1940759.151;2844386.677;D
1.10.26-32;-16.39054414;-71.48380939;-1940752.162;2844386.609;D
1.10.26-32;-16.39051521;-71.48389666;-1940747.659;2844377.089;D
1.10.26-32;-16.39059205;-71.48395408;-1940755.964;2844369.571;D
1.10.26-32;-16.39071033;-71.48397748;-1940769.565;2844365.37;D
1.10.26-32;-16.39073788;-71.48394439;-1940773.22;2844368.762;D
1.10.28-11; ; ;-1.516416327;20763369.87;D
1.10.28-11;-16.3943157;-71.48125158;-1941227.627;2844627.374;D
1.10.28-11;-16.39453191;-71.48206531;-1941242.753;2844532.25;D
1.10.28-11;-16.39487666;-71.48197235;-1941284.436;2844538.281;D
1.10.28-11;-16.39465795;-71.48116374;-1941268.952;2844632.859;D
1.10.28-12; ; ;-1.516416327;20763369.87;D
1.10.28-12;-16.39389227;-71.48136792;-1941176.405;2844619.72;D
1.10.28-12;-16.39408915;-71.48218764;-1941189.183;2844524.169;D
1.10.28-12;-16.39443511;-71.48208506;-1941231.129;2844531.276;D
1.10.28-12;-16.39423684;-71.4812741;-1941218.078;2844625.852;D
1.10.28-13; ; ;-1.516416327;20763369.87;D
1.10.28-13;-16.39361526;-71.48040899;-1941155.97;2844732.11;D
1.10.28-13;-16.39384228;-71.48121072;-1941172.517;2844638.205;D
1.10.28-13;-16.39419833;-71.48111528;-1941215.559;2844644.37;D
1.10.28-13;-16.39396529;-71.48030931;-1941198.358;2844738.835;D
1.10.28-14; ; ;-1.516416327;20763369.87;D
1.10.28-14;-16.39318636;-71.48052061;-1941104.163;2844725.063;D
1.10.28-14;-16.39340369;-71.48133202;-1941119.45;2844630.185;D
1.10.28-14;-16.39376328;-71.48123522;-1941162.924;2844636.46;D
1.10.28-14;-16.39353164;-71.48042315;-1941145.965;2844731.599;D
1.10.28-15; ; ;-1.516416327;20763369.87;D
1.10.28-15;-16.39344695;-71.48150199;-1941122.386;2844610.341;D
1.10.28-15;-16.39353149;-71.48190658;-1941127.209;2844563.345;D
1.10.28-15;-16.39390892;-71.48177783;-1941173.183;2844573.009;D
1.10.28-15;-16.39382739;-71.48140371;-1941168.33;2844616.509;D
1.10.28-16; ; ;-1.516416327;20763369.87;D
1.10.28-16;-16.39683326;-71.47881799;-1941554.193;2844870.446;D
1.10.28-16;-16.39654203;-71.47889464;-1941519.004;2844865.565;D
1.10.28-16;-16.39670112;-71.47947616;-1941530.35;2844797.525;D
1.10.28-16;-16.39700485;-71.47938227;-1941567.224;2844804.197;D
1.10.28-17; ; ;-1.516416327;20763369.87;D
1.10.28-17;-16.39648322;-71.47891006;-1941511.899;2844864.585;D
1.10.28-17;-16.39611122;-71.47901769;-1941466.828;2844857.248;D
1.10.28-17;-16.39624354;-71.47959325;-1941475.103;2844790.233;D
1.10.28-17;-16.39661977;-71.47948016;-1941520.741;2844798.136;D
1.10.28-18; ; ;-1.516416327;20763369.87;D
1.10.28-18;-16.39604409;-71.47903713;-1941458.695;2844855.921;D
1.10.28-18;-16.39567925;-71.4791382;-1941414.548;2844849.233;D
1.10.28-18;-16.3958112;-71.47969406;-1941423.029;2844784.459;D
1.10.28-18;-16.39619029;-71.47960039;-1941468.756;2844790.121;D
1.10.28-19; ; ;-1.516416327;20763369.87;D
1.10.28-19;-16.39558285;-71.47917175;-1941402.797;2844846.69;D
1.10.28-19;-16.39521717;-71.47926303;-1941358.675;2844841.123;D
1.10.28-19;-16.39535407;-71.47983364;-1941367.552;2844774.61;D
1.10.28-19;-16.39571648;-71.47972029;-1941411.568;2844782.724;D
1.10.28-20; ; ;-1.516416327;20763369.87;D
1.10.28-20;-16.39514741;-71.47928333;-1941350.222;2844839.733;D
1.10.28-20;-16.3947849;-71.47939913;-1941306.163;2844831.344;D
1.10.28-20;-16.39492206;-71.47994839;-1941315.34;2844767.25;D
1.10.28-20;-16.39527987;-71.47983824;-1941358.775;2844775.06;D
1.10.28-21; ; ;-1.516416327;20763369.87;D
1.10.28-21;-16.39470681;-71.47940408;-1941296.924;2844831.805;D
1.10.28-21;-16.39433746;-71.47949731;-1941252.347;2844826.065;D
1.10.28-21;-16.39448605;-71.48006696;-1941262.61;2844759.508;D
1.10.28-21;-16.39485426;-71.47996381;-1941307.179;2844766.388;D
1.10.28-22; ; ;-1.516416327;20763369.87;D
1.10.28-22;-16.39425036;-71.47952969;-1941241.704;2844823.532;D
1.10.28-22;-16.39392034;-71.47962847;-1941201.678;2844816.647;D
1.10.28-22;-16.39405207;-71.48019344;-1941210.019;2844750.842;D
1.10.28-22;-16.39441461;-71.48008737;-1941253.958;2844758.128;D
1.10.28-23; ; ;-1.516416327;20763369.87;D
1.10.28-23;-16.39383675;-71.47962822;-1941191.86;2844817.769;D
1.10.28-23;-16.39347775;-71.47969475;-1941148.836;2844814.922;D
1.10.28-23;-16.39361873;-71.48031425;-1941157.574;2844742.811;D
1.10.28-23;-16.39398697;-71.48021939;-1941202.042;2844748.751;D
1.10.28-24; ; ;-1.516416327;20763369.87;D
1.10.28-24;-16.39338949;-71.47972125;-1941138.13;2844813.071;D
1.10.28-24;-16.39303234;-71.47980428;-1941095.115;2844808.328;D
1.10.28-24;-16.3931813;-71.48043348;-1941104.67;2844735.012;D
1.10.28-24;-16.393544;-71.48032479;-1941148.661;2844742.593;D
1.10.28-25; ; ;-1.516416327;20763369.87;D
1.10.28-25;-16.39260393;-71.47994314;-1941043.022;2844798.184;D
1.10.28-25;-16.39276185;-71.48052704;-1941054.202;2844729.889;D
1.10.28-25;-16.39310896;-71.48044579;-1941096.014;2844734.562;D
1.10.28-25;-16.39296098;-71.47985073;-1941086.143;2844803.993;D
1.10.28-26; ; ;-1.516416327;20763369.87;D
1.10.28-26;-16.39252795;-71.47995112;-1941033.993;2844798.273;D
1.10.28-26;-16.39215107;-71.48006773;-1940988.236;2844789.979;D
1.10.28-26;-16.39226553;-71.48048314;-1940996.437;2844741.364;D
1.10.28-26;-16.39240309;-71.48065089;-1941010.482;2844720.536;D
1.10.28-26;-16.39267816;-71.48056124;-1941043.936;2844727.105;D
1.10.28-27; ; ;-1.516416327;20763369.87;D
1.10.28-27;-16.39314121;-71.48055307;-1941098.448;2844721.972;D
1.10.28-27;-16.39274573;-71.48064844;-1941050.774;2844716.33;D
1.10.28-27;-16.39290186;-71.4812097;-1941062.029;2844650.627;D
1.10.28-27;-16.39312207;-71.48145861;-1941084.76;2844619.513;D
1.10.28-27;-16.39335332;-71.48140514;-1941112.608;2844622.551;D
1.10.28-28; ; ;-1.516416327;20763369.87;D
1.10.28-28;-16.39234753;-71.48075443;-1941002.646;2844709.52;D
1.10.28-28;-16.39196102;-71.48112859;-1940952.504;2844672.139;D
1.10.28-28;-16.39225945;-71.48142673;-1940983.804;2844634.416;D
1.10.28-28;-16.39263514;-71.48104313;-1941032.793;2844673.011;D
1.10.28-29; ; ;-1.516416327;20763369.87;D
1.10.28-29;-16.39266995;-71.48111481;-1941035.978;2844664.425;D
1.10.28-29;-16.39229392;-71.48148162;-1940987.161;2844627.74;D
1.10.28-29;-16.39257021;-71.48176466;-1941016.05;2844592.022;D
1.10.28-29;-16.39292378;-71.48140207;-1941062.175;2844628.52;D
1.10.28-30; ; ;-1.516416327;20763369.87;D
1.10.28-30;-16.392994;-71.48146191;-1941069.67;2844620.814;D
1.10.28-30;-16.39261017;-71.48182542;-1941019.978;2844584.607;D
1.10.28-30;-16.39287015;-71.48211552;-1941046.861;2844548.301;D
1.10.28-30;-16.3932544;-71.48173698;-1941096.793;2844586.207;D
1.10.28-31; ; ;-1.516416327;20763369.87;D
1.10.28-31;-16.39330696;-71.48179925;-1941102.181;2844578.457;D
1.10.28-31;-16.3929075;-71.48218268;-1941050.402;2844540.195;D
1.10.28-31;-16.39318424;-71.48246474;-1941079.356;2844504.581;D
1.10.28-31;-16.39356606;-71.48208136;-1941129.063;2844543.069;D
1.10.28-32; ; ;-1.516416327;20763369.87;D
1.10.28-32;-16.39362108;-71.48213254;-1941134.881;2844536.544;D
1.10.28-32;-16.39321827;-71.48252927;-1941082.539;2844496.816;D
1.10.28-32;-16.39344177;-71.48276715;-1941105.796;2844466.911;D
1.10.28-32;-16.39383692;-71.48236902;-1941157.255;2844506.897;D
1.10.28-33; ; ;-1.516416327;20763369.87;D
1.10.28-33;-16.39404638;-71.48230567;-1941182.667;2844511.341;D
1.10.28-33;-16.39348014;-71.48281619;-1941109.685;2844460.846;D
1.10.28-33;-16.39350579;-71.4829129;-1941111.477;2844449.542;D
1.10.28-33;-16.39417415;-71.48279494;-1941191.5;2844454.176;D
1.10.28-34; ; ;-1.516416327;20763369.87;D
1.10.28-34;-16.39448907;-71.48223684;-1941235.552;2844513.355;D
1.10.28-34;-16.39412477;-71.48231421;-1941191.77;2844509.347;D
1.10.28-34;-16.39422296;-71.48277527;-1941197.483;2844455.767;D
1.10.28-34;-16.39458394;-71.48272008;-1941240.596;2844457.303;D
1.10.28-35; ; ;-1.516416327;20763369.87;D
1.10.28-35;-16.39492537;-71.48210883;-1941288.435;2844522.164;D
1.10.28-35;-16.3945548;-71.48221148;-1941243.597;2844515.371;D
1.10.28-35;-16.39468013;-71.48272064;-1941251.891;2844455.982;D
1.10.28-35;-16.39505679;-71.48266524;-1941296.848;2844457.336;D
1.10.28-40; ; ;-1.516416327;20763369.87;D
1.10.28-40;-16.39552405;-71.48327902;-1941343.997;2844381.605;D
1.10.28-40;-16.39532134;-71.48344568;-1941318.074;2844365.355;D
1.10.28-40;-16.39544662;-71.48388434;-1941327.253;2844313.963;D
1.10.28-40;-16.39606354;-71.48330362;-1941407.077;2844371.755;D
1.10.29-1; ; ;-1.516416327;20763369.87;D
1.10.29-1;-16.40294548;-71.48406323;-1942206.097;2844195.522;D
1.10.29-1;-16.40269555;-71.48403028;-1942177.147;2844202.531;D
1.10.29-1;-16.40265251;-71.48439722;-1942167.453;2844161.478;D
1.10.29-1;-16.40293715;-71.48439857;-1942200.881;2844157.599;D
1.10.29-3; ; ;-1.516416327;20763369.87;D
1.10.29-3;-16.40351269;-71.48336754;-1942281.535;2844266.997;D
1.10.29-3;-16.40346323;-71.4832601;-1942277.08;2844279.83;D
1.10.29-3;-16.4032841;-71.4831966;-1942256.836;2844289.377;D
1.10.29-3;-16.40323285;-71.48353416;-1942246.548;2844251.764;D
1.10.29-3;-16.40348931;-71.48358145;-1942276.085;2844243.043;D
1.10.29-4; ; ;-1.516416327;20763369.87;D
1.10.29-4;-16.40315198;-71.48351856;-1942237.243;2844254.592;D
1.10.29-4;-16.40320994;-71.48316733;-1942248.492;2844293.667;D
1.10.29-4;-16.40267828;-71.48306264;-1942187.346;2844312.502;D
1.10.29-4;-16.40260955;-71.48343935;-1942174.51;2844270.677;D
1.10.29-5; ; ;-1.516416327;20763369.87;D
1.10.29-5;-16.4027691;-71.48357459;-1942191.548;2844253.25;D
1.10.29-5;-16.40271908;-71.48395491;-1942180.865;2844210.771;D
1.10.29-5;-16.40307565;-71.48401989;-1942221.939;2844198.733;D
1.10.29-5;-16.40313952;-71.48363891;-1942234.259;2844241.106;D
1.10.29-6; ; ;-1.516416327;20763369.87;D
1.10.29-6;-16.40220694;-71.48435968;-1942115.575;2844171.568;D
1.10.29-6;-16.40260011;-71.48439471;-1942161.328;2844162.448;D
1.10.29-6;-16.40262308;-71.48401919;-1942168.772;2844204.737;D
1.10.29-6;-16.40224042;-71.48401336;-1942123.885;2844210.408;D
1.10.29-7; ; ;-1.516416327;20763369.87;D
1.10.29-7;-16.40225905;-71.4838923;-1942127.603;2844223.894;D
1.10.29-7;-16.40261986;-71.48394817;-1942169.291;2844212.834;D
1.10.29-7;-16.40268651;-71.48357622;-1942181.823;2844254.147;D
1.10.29-7;-16.40232845;-71.48351941;-1942140.47;2844265.277;D
1.10.29-8; ; ;-1.516416327;20763369.87;D
1.10.29-8;-16.40252269;-71.48342908;-1942164.434;2844272.978;D
1.10.29-8;-16.40259575;-71.48304844;-1942177.828;2844315.192;D
1.10.29-8;-16.40194053;-71.4829623;-1942101.93;2844333.54;D
1.10.29-8;-16.40188776;-71.48333824;-1942090.979;2844291.594;D
1.10.29-9; ; ;-1.516416327;20763369.87;D
1.10.29-9;-16.40218128;-71.48393907;-1942117.875;2844219.607;D
1.10.29-9;-16.40224294;-71.4835088;-1942130.556;2844267.6;D
1.10.29-9;-16.40187995;-71.48345092;-1942088.637;2844278.916;D
1.10.29-9;-16.40181803;-71.48395534;-1942074.988;2844222.518;D
1.10.29-10; ; ;-1.516416327;20763369.87;D
1.10.29-10;-16.40175402;-71.48435395;-1942062.429;2844178.147;D
1.10.29-10;-16.40213927;-71.48436314;-1942107.579;2844172.062;D
1.10.29-10;-16.40216479;-71.48403083;-1942114.777;2844209.417;D
1.10.29-10;-16.40178791;-71.4840821;-1942069.847;2844208.536;D
1.10.29-11; ; ;-1.516416327;20763369.87;D
1.10.29-11;-16.40131219;-71.48413088;-1942013.334;2844209.231;D
1.10.29-11;-16.4012742;-71.48439312;-1942005.557;2844179.986;D
1.10.29-11;-16.40168004;-71.48437583;-1942053.46;2844176.634;D
1.10.29-11;-16.40172278;-71.48408143;-1942062.202;2844209.464;D
1.10.29-12; ; ;-1.516416327;20763369.87;D
1.10.29-12;-16.40142595;-71.4833892;-1942036.072;2844291.86;D
1.10.29-12;-16.40132696;-71.48404205;-1942016.192;2844219.112;D
1.10.29-12;-16.40151951;-71.48402753;-1942039;2844218.238;D
1.10.29-12;-16.40174164;-71.48399888;-1942065.462;2844218.58;D
1.10.29-12;-16.40181678;-71.48346153;-1942081.08;2844278.54;D
1.10.29-13; ; ;-1.516416327;20763369.87;D
1.10.29-13;-16.4003916;-71.48343528;-1941913.955;2844300.174;D
1.10.29-13;-16.40110386;-71.48356185;-1941996.046;2844276.495;D
1.10.29-13;-16.40106076;-71.48400267;-1941985.412;2844227.063;D
1.10.29-13;-16.40125719;-71.48404249;-1942007.988;2844219.975;D
1.10.29-13;-16.40136263;-71.48337953;-1942028.754;2844293.785;D
1.10.29-13;-16.4004272;-71.48322638;-1941920.778;2844323.401;D
1.10.29-14; ; ;-1.516416327;20763369.87;D
1.10.29-14;-16.40089449;-71.48407394;-1941964.974;2844221.156;D
1.10.29-14;-16.40089446;-71.48436588;-1941961.283;2844188.047;D
1.10.29-14;-16.40121249;-71.48439064;-1941998.337;2844181.075;D
1.10.29-14;-16.40124573;-71.48413829;-1942005.432;2844209.26;D
1.10.29-14;-16.40107485;-71.48413086;-1941985.448;2844212.34;D
1.10.29-15; ; ;-1.516416327;20763369.87;D
1.10.29-15;-16.40045794;-71.48437201;-1941909.915;2844193.065;D
1.10.29-15;-16.4008011;-71.48437702;-1941950.173;2844188.005;D
1.10.29-15;-16.40084283;-71.48406736;-1941958.988;2844222.58;D
1.10.29-15;-16.40051425;-71.48403321;-1941920.812;2844230.753;D
1.10.29-16; ; ;-1.516416327;20763369.87;D
1.10.29-16;-16.40006184;-71.48397362;-1941868.408;2844243.434;D
1.10.29-16;-16.4000219;-71.48436246;-1941858.801;2844199.856;D
1.10.29-16;-16.40038867;-71.48438069;-1941901.666;2844192.987;D
1.10.29-16;-16.40043816;-71.48402485;-1941911.977;2844232.697;D
1.10.29-17; ; ;-1.516416327;20763369.87;D
1.10.29-17;-16.39976244;-71.4839281;-1941833.804;2844252.516;D
1.10.29-17;-16.39961275;-71.48386827;-1941816.971;2844261.261;D
1.10.29-17;-16.39958279;-71.48414882;-1941809.906;2844229.833;D
1.10.29-17;-16.39955034;-71.48434648;-1941803.596;2844207.84;D
1.10.29-17;-16.39995203;-71.48438553;-1941850.301;2844198.154;D
1.10.29-17;-16.39997951;-71.48397233;-1941858.75;2844244.658;D
1.10.29-18; ; ;-1.516416327;20763369.87;D
1.10.29-18;-16.39999591;-71.48317266;-1941870.781;2844335.14;D
1.10.29-18;-16.39990394;-71.48384342;-1941851.5;2844260.267;D
1.10.29-18;-16.40026545;-71.48391423;-1941893.082;2844247.504;D
1.10.29-18;-16.40037268;-71.48322113;-1941914.439;2844324.71;D
1.10.29-19; ; ;-1.516416327;20763369.87;D
1.10.29-19;-16.39992587;-71.48267271;-1941868.868;2844392.759;D
1.10.29-19;-16.39999699;-71.48312003;-1941871.573;2844341.095;D
1.10.29-19;-16.40037806;-71.48314742;-1941916.002;2844333;D
1.10.29-19;-16.40033328;-71.48252862;-1941918.56;2844403.768;D
1.10.29-20; ; ;-1.516416327;20763369.87;D
1.10.29-20;-16.39943816;-71.48292882;-1941808.326;2844370.096;D
1.10.29-20;-16.39944564;-71.48300684;-1941808.219;2844361.149;D
1.10.29-20;-16.39989973;-71.48306409;-1941860.852;2844348.712;D
1.10.29-20;-16.3998773;-71.48269997;-1941862.817;2844390.303;D
1.10.29-21; ; ;-1.516416327;20763369.87;D
1.10.29-21;-16.39947308;-71.48308227;-1941810.491;2844352.235;D
1.10.29-21;-16.39946059;-71.48331556;-1941806.076;2844325.939;D
1.10.29-21;-16.39958282;-71.48360946;-1941816.725;2844291.005;D
1.10.29-21;-16.39966266;-71.48373691;-1941824.495;2844275.506;D
1.10.29-21;-16.39975247;-71.48379674;-1941834.292;2844267.545;D
1.10.29-21;-16.39984479;-71.48383316;-1941844.679;2844262.206;D
1.10.29-21;-16.3999122;-71.48314472;-1941861.298;2844339.404;D
1.10.29-22; ; ;-1.516416327;20763369.87;D
1.10.29-22;-16.39904634;-71.48438053;-1941743.947;2844210.575;D
1.10.29-22;-16.39943057;-71.48438316;-1941789.061;2844205.248;D
1.10.29-22;-16.39948547;-71.48435976;-1941795.806;2844207.184;D
1.10.29-22;-16.39955037;-71.48382139;-1941810.234;2844267.394;D
1.10.29-22;-16.39882929;-71.48410195;-1941721.964;2844245.012;D
1.10.29-23; ; ;-1.516416327;20763369.87;D
1.10.29-23;-16.39952044;-71.48373249;-1941807.84;2844277.869;D
1.10.29-23;-16.39937575;-71.48338917;-1941795.177;2844318.701;D
1.10.29-23;-16.39866964;-71.48367521;-1941708.596;2844295.502;D
1.10.29-23;-16.39879187;-71.48402373;-1941718.555;2844254.373;D
1.10.29-24; ; ;-1.516416327;20763369.87;D
1.10.29-24;-16.39863471;-71.48358938;-1941705.577;2844305.693;D
1.10.29-24;-16.39912125;-71.48339175;-1941765.242;2844321.74;D
1.10.29-24;-16.39904643;-71.48301462;-1941761.215;2844365.492;D
1.10.29-24;-16.3985;-71.48321121;-1941694.527;2844350.347;D
1.10.29-25; ; ;-1.516416327;20763369.87;D
1.10.29-25;-16.39832538;-71.48279767;-1941679.233;2844399.536;D
1.10.29-25;-16.39844512;-71.48312798;-1941689.129;2844360.505;D
1.10.29-25;-16.39895162;-71.48295896;-1941750.778;2844373.045;D
1.10.29-25;-16.39890423;-71.48273789;-1941748.003;2844398.74;D
1.10.29-25;-16.39884186;-71.48258305;-1941742.631;2844417.117;D
1.10.29-26; ; ;-1.516416327;20763369.87;D
1.10.29-26;-16.39869687;-71.4821331;-1941731.279;2844470.049;D
1.10.29-26;-16.39819535;-71.48233593;-1941669.789;2844453.608;D
1.10.29-26;-16.39832258;-71.48270786;-1941680.039;2844409.759;D
1.10.29-26;-16.39883407;-71.48252583;-1941742.439;2844423.709;D
1.10.29-27; ; ;-1.516416327;20763369.87;D
1.10.29-27;-16.39853721;-71.48169355;-1941718.074;2844521.992;D
1.10.29-27;-16.39801823;-71.48188858;-1941654.63;2844506.665;D
1.10.29-27;-16.39816043;-71.4822449;-1941666.836;2844464.39;D
1.10.29-27;-16.39867941;-71.48205247;-1941730.247;2844479.422;D
1.10.29-28; ; ;-1.516416327;20763369.87;D
1.10.29-28;-16.39920839;-71.4814231;-1941800.355;2844543.879;D
1.10.29-28;-16.39862454;-71.48167015;-1941728.63;2844523.503;D
1.10.29-28;-16.39874927;-71.48202647;-1941738.784;2844481.457;D
1.10.29-28;-16.39934061;-71.48177163;-1941811.486;2844502.62;D
1.10.29-29; ; ;-1.516416327;20763369.87;D
1.10.29-29;-16.39890693;-71.48248162;-1941751.559;2844427.77;D
1.10.29-29;-16.39939827;-71.48227359;-1941811.919;2844444.933;D
1.10.29-29;-16.39931596;-71.48187306;-1941807.309;2844491.438;D
1.10.29-29;-16.3987822;-71.48209929;-1941741.734;2844472.766;D
1.10.29-31; ; ;-1.516416327;20763369.87;D
1.10.29-31;-16.39971733;-71.4822424;-1941849.802;2844444.294;D
1.10.29-31;-16.3994753;-71.48235942;-1941819.886;2844434.189;D
1.10.29-31;-16.3994129;-71.48281717;-1941806.769;2844383.09;D
1.10.29-31;-16.39944284;-71.48283798;-1941810.024;2844380.338;D
1.10.29-31;-16.39984705;-71.48260393;-1941860.476;2844401.592;D
1.10.29-33; ; ;-1.516416327;20763369.87;D
1.10.29-33;-16.40015397;-71.48206037;-1941903.407;2844459.223;D
1.10.29-33;-16.39978969;-71.48219819;-1941858.863;2844448.361;D
1.10.29-33;-16.39988946;-71.48259873;-1941865.525;2844401.626;D
1.10.29-33;-16.40029616;-71.48245831;-1941915.086;2844412.228;D
1.10.29-34; ; ;-1.516416327;20763369.87;D
1.10.29-34;-16.40035699;-71.48242708;-1941922.628;2844414.975;D
1.10.29-34;-16.40094511;-71.48217892;-1941994.868;2844435.42;D
1.10.29-34;-16.40081754;-71.48182552;-1941984.345;2844477.173;D
1.10.29-34;-16.40021923;-71.48204901;-1941911.22;2844459.657;D
1.10.29-35; ; ;-1.516416327;20763369.87;D
1.10.29-35;-16.40078772;-71.4817379;-1941981.948;2844487.5;D
1.10.29-35;-16.40065551;-71.48136857;-1941971.08;2844531.119;D
1.10.29-35;-16.40006417;-71.48160261;-1941898.641;2844512.317;D
1.10.29-35;-16.40019389;-71.48196934;-1941909.249;2844469.025;D
1.10.29-36; ; ;-1.516416327;20763369.87;D
1.10.29-36;-16.40069004;-71.48127779;-1941976.285;2844540.964;D
1.10.29-36;-16.40122551;-71.48105946;-1942041.962;2844558.715;D
1.10.29-36;-16.40108103;-71.48070376;-1942029.48;2844600.951;D
1.10.29-36;-16.40057015;-71.48090529;-1941966.905;2844584.782;D
1.10.29-37; ; ;-1.516416327;20763369.87;D
1.10.29-37;-16.4012471;-71.48114666;-1942043.396;2844548.544;D
1.10.29-37;-16.40073305;-71.48134259;-1941980.52;2844533.051;D
1.10.29-37;-16.40085736;-71.4817046;-1941990.551;2844490.366;D
1.10.29-37;-16.40137836;-71.48150781;-1942054.256;2844505.864;D
1.10.29-38; ; ;-1.516416327;20763369.87;D
1.10.29-38;-16.40140368;-71.48158988;-1942056.194;2844496.225;D
1.10.29-38;-16.40089186;-71.48177167;-1941993.757;2844482.308;D
1.10.29-38;-16.40102627;-71.48215626;-1942004.69;2844436.928;D
1.10.29-38;-16.40153183;-71.48194185;-1942066.803;2844454.628;D
1.10.29-40; ; ;-1.516416327;20763369.87;D
1.10.29-40;-16.40145045;-71.48146666;-1942063.246;2844509.588;D
1.10.29-40;-16.40193627;-71.48128533;-1942122.622;2844523.792;D
1.10.29-40;-16.40182799;-71.48091936;-1942114.524;2844566.718;D
1.10.29-40;-16.40133403;-71.48111259;-1942054.041;2844551.269;D
1.10.29-41; ; ;-1.516416327;20763369.87;D
1.10.29-41;-16.40169717;-71.48048068;-1942104.696;2844618.184;D
1.10.29-41;-16.40116326;-71.48064963;-1942039.827;2844606.013;D
1.10.29-41;-16.40129307;-71.48103193;-1942050.248;2844560.954;D
1.10.29-41;-16.40180983;-71.48083466;-1942113.461;2844576.562;D
1.10.29-42; ; ;-1.516416327;20763369.87;D
1.10.29-42;-16.4010459;-71.47990133;-1942035.494;2844692.421;D
1.10.29-42;-16.40120116;-71.48031463;-1942048.514;2844643.512;D
1.10.29-42;-16.40132188;-71.48039035;-1942061.741;2844633.344;D
1.10.29-42;-16.40147688;-71.48040302;-1942079.793;2844629.877;D
1.10.29-42;-16.40161283;-71.48040625;-1942095.727;2844627.73;D
1.10.29-42;-16.4017014;-71.48039482;-1942106.279;2844627.867;D
1.10.29-42;-16.40157278;-71.48021754;-1942093.406;2844649.658;D
1.10.29-42;-16.40140911;-71.47973551;-1942080.267;2844706.472;D
1.10.29-43; ; ;-1.516416327;20763369.87;D
1.10.29-43;-16.40065438;-71.48006761;-1941987.389;2844678.688;D
1.10.29-43;-16.40075801;-71.4803799;-1941995.618;2844641.911;D
1.10.29-43;-16.40087578;-71.48033388;-1942010.038;2844645.588;D
1.10.29-43;-16.40098589;-71.48029516;-1942023.465;2844648.539;D
1.10.29-43;-16.40112424;-71.48029959;-1942039.666;2844646.225;D
1.10.29-43;-16.40106701;-71.48010441;-1942035.408;2844669.111;D
1.10.29-43;-16.40097452;-71.47993606;-1942026.668;2844689.416;D
1.10.29-44; ; ;-1.516416327;20763369.87;D
1.10.29-44;-16.40044466;-71.47971764;-1941967.169;2844721.127;D
1.10.29-44;-16.40033069;-71.47986351;-1941951.935;2844706.075;D
1.10.29-44;-16.40026592;-71.48002599;-1941942.27;2844688.494;D
1.10.29-44;-16.40019654;-71.48014357;-1941932.632;2844676.067;D
1.10.29-44;-16.40042783;-71.4806705;-1941953.149;2844613.275;D
1.10.29-44;-16.40059906;-71.48049427;-1941975.496;2844631.02;D
1.10.29-44;-16.40070981;-71.48041149;-1941989.555;2844638.959;D
1.10.29-45; ; ;-1.516416327;20763369.87;D
1.10.29-45;-16.39991425;-71.48032837;-1941897.127;2844658.803;D
1.10.29-45;-16.39996358;-71.48066119;-1941898.717;2844620.409;D
1.10.29-45;-16.40005972;-71.48081824;-1941908.03;2844601.338;D
1.10.29-45;-16.40021472;-71.48094849;-1941924.596;2844584.536;D
1.10.29-45;-16.40032403;-71.48100981;-1941936.665;2844576.15;D
1.10.29-45;-16.40045456;-71.48104085;-1941951.61;2844570.92;D
1.10.29-45;-16.40044437;-71.48077847;-1941953.728;2844600.813;D
1.10.29-45;-16.40014981;-71.48018123;-1941926.666;2844672.407;D
1.10.29-46; ; ;-1.516416327;20763369.87;D
1.10.29-46;-16.40072524;-71.47930565;-1942005.345;2844764.181;D
1.10.29-46;-16.4005093;-71.47950611;-1941977.438;2844744.272;D
1.10.29-46;-16.40046548;-71.47962712;-1941970.759;2844731.121;D
1.10.29-46;-16.40060797;-71.48000809;-1941982.688;2844686.046;D
1.10.29-46;-16.40094884;-71.47985228;-1942024.71;2844699.254;D
1.10.29-47; ; ;-1.516416327;20763369.87;D
1.10.29-47;-16.40096031;-71.47900312;-1942036.789;2844795.415;D
1.10.29-47;-16.40077753;-71.47925241;-1942012.162;2844769.535;D
1.10.29-47;-16.40100272;-71.47982715;-1942031.357;2844701.399;D
1.10.29-47;-16.40137628;-71.47966064;-1942077.356;2844715.393;D
1.10.29-47;-16.40106106;-71.47894643;-1942049.345;2844800.526;D
1.10.30-1; ; ;-1.516416327;20763369.87;D
1.10.30-1;-16.40100629;-71.4856565;-1941958.115;2844040.206;D
1.10.30-1;-16.40087031;-71.48565381;-1941942.173;2844042.291;D
1.10.30-1;-16.40066383;-71.48563927;-1941918.095;2844046.643;D
1.10.30-1;-16.40063015;-71.48617949;-1941907.313;2843985.814;D
1.10.30-1;-16.40082503;-71.48618483;-1941930.143;2843982.658;D
1.10.30-1;-16.40092733;-71.4861434;-1941942.687;2843986.018;D
1.10.30-1;-16.40101077;-71.48613807;-1941952.558;2843985.53;D
1.10.30-1;-16.40101154;-71.48575299;-1941957.513;2844029.194;D
1.10.30-2; ; ;-1.516416327;20763369.87;D
1.10.30-2;-16.40032549;-71.48566305;-1941878.041;2844048.374;D
1.10.30-2;-16.40028015;-71.48565709;-1941872.789;2844049.644;D
1.10.30-2;-16.40021491;-71.48565778;-1941865.115;2844050.419;D
1.10.30-2;-16.40021239;-71.48579867;-1941863.038;2844034.473;D
1.10.30-2;-16.40020905;-71.48585656;-1941861.915;2844027.951;D
1.10.30-2;-16.4002002;-71.48593543;-1941859.878;2844019.122;D
1.10.30-2;-16.40019696;-71.48603926;-1941858.186;2844007.389;D
1.10.30-2;-16.40019246;-71.4861339;-1941856.462;2843996.714;D
1.10.30-2;-16.40030099;-71.48613031;-1941869.26;2843995.701;D
1.10.30-2;-16.40029818;-71.48609492;-1941869.376;2843999.751;D
1.10.30-2;-16.40038537;-71.4860927;-1941879.649;2843998.861;D
1.10.30-2;-16.40038784;-71.48612623;-1941879.515;2843995.026;D
1.10.30-2;-16.4004736;-71.48612632;-1941889.591;2843993.893;D
1.10.30-2;-16.40047472;-71.48614601;-1941889.473;2843991.646;D
1.10.30-2;-16.40052819;-71.48614454;-1941895.775;2843991.113;D
1.10.30-2;-16.40056541;-71.48612721;-1941900.366;2843992.591;D
1.10.30-2;-16.40059281;-71.48566172;-1941909.467;2844045.026;D
1.10.30-3; ; ;-1.516416327;20763369.87;D
1.10.30-3;-16.4001963;-71.4852249;-1941868.397;2844099.758;D
1.10.30-3;-16.40020891;-71.48560539;-1941865.071;2844056.44;D
1.10.30-3;-16.40098325;-71.48562087;-1941955.859;2844044.548;D
1.10.30-3;-16.40094211;-71.48522695;-1941956.001;2844089.764;D
1.10.30-4; ; ;-1.516416327;20763369.87;D
1.10.30-4;-16.40090835;-71.48493088;-1941955.776;2844123.785;D
1.10.30-4;-16.40019254;-71.48494519;-1941871.489;2844131.531;D
1.10.30-4;-16.40019074;-71.48514995;-1941868.691;2844108.331;D
1.10.30-4;-16.4009327;-71.48515614;-1941955.791;2844097.917;D
1.10.30-5; ; ;-1.516416327;20763369.87;D
1.10.30-5;-16.40011246;-71.48487921;-1941862.913;2844140.062;D
1.10.30-5;-16.39988141;-71.48478655;-1941836.936;2844153.596;D
1.10.30-5;-16.39946157;-71.48468215;-1941788.926;2844170.931;D
1.10.30-5;-16.39946963;-71.48514082;-1941784.078;2844118.805;D
1.10.30-5;-16.40013026;-71.4851413;-1941861.693;2844110.104;D
1.10.30-6; ; ;-1.516416327;20763369.87;D
1.10.30-6;-16.40013563;-71.48522818;-1941861.227;2844100.18;D
1.10.30-6;-16.39947191;-71.48522114;-1941783.331;2844109.666;D
1.10.30-6;-16.39949638;-71.48560157;-1941781.4;2844066.198;D
1.10.30-6;-16.40016107;-71.48561572;-1941859.32;2844055.894;D
1.10.30-7; ; ;-1.516416327;20763369.87;D
1.10.30-7;-16.40014549;-71.48565074;-1941857.047;2844052.126;D
1.10.30-7;-16.39977926;-71.48565282;-1941813.989;2844056.683;D
1.10.30-7;-16.39976223;-71.48596858;-1941808;2844021.094;D
1.10.30-7;-16.39976387;-71.48611743;-1941806.312;2844004.191;D
1.10.30-7;-16.40013462;-71.48613702;-1941849.627;2843997.117;D
1.10.30-8; ; ;-1.516416327;20763369.87;D
1.10.30-8;-16.39950773;-71.48608387;-1941776.641;2844011.35;D
1.10.30-8;-16.3996958;-71.48611193;-1941798.384;2844005.705;D
1.10.30-8;-16.39970566;-71.48565632;-1941805.297;2844057.25;D
1.10.30-8;-16.39943612;-71.48564881;-1941773.722;2844061.629;D
1.10.30-8;-16.39941395;-71.48609579;-1941765.471;2844011.225;D
1.10.30-9; ; ;-1.516416327;20763369.87;D
1.10.30-9;-16.39935113;-71.48564867;-1941763.739;2844062.758;D
1.10.30-9;-16.39899955;-71.48559754;-1941723.074;2844073.158;D
1.10.30-9;-16.39894155;-71.48603408;-1941710.745;2844024.406;D
1.10.30-9;-16.39933608;-71.48606773;-1941756.675;2844015.427;D
1.10.30-10; ; ;-1.516416327;20763369.87;D
1.10.30-10;-16.39890197;-71.48589092;-1941707.903;2844041.161;D
1.10.30-10;-16.39893301;-71.4856778;-1941714.242;2844064.926;D
1.10.30-10;-16.39895866;-71.48558265;-1941718.458;2844075.382;D
1.10.30-10;-16.39880995;-71.48556685;-1941701.184;2844079.121;D
1.10.30-10;-16.398663;-71.48556313;-1941683.965;2844081.465;D
1.10.30-10;-16.39859473;-71.4859793;-1941670.687;2844035.158;D
1.10.30-10;-16.3988991;-71.48602105;-1941705.921;2844026.44;D
1.10.30-11; ; ;-1.516416327;20763369.87;D
1.10.30-11;-16.39942248;-71.48561442;-1941772.555;2844065.709;D
1.10.30-11;-16.39940548;-71.48524689;-1941775.2;2844107.614;D
1.10.30-11;-16.39920217;-71.48518613;-1941752.079;2844117.167;D
1.10.30-11;-16.3989553;-71.48512138;-1941723.891;2844127.741;D
1.10.30-11;-16.39879713;-71.48505172;-1941706.186;2844137.712;D
1.10.30-11;-16.39857645;-71.48543531;-1941675.41;2844097.095;D
1.10.30-11;-16.39900946;-71.48552676;-1941725.132;2844081.055;D
1.10.30-12; ; ;-1.516416327;20763369.87;D
1.10.30-12;-16.39938972;-71.48464331;-1941780.974;2844176.276;D
1.10.30-12;-16.39908618;-71.48458108;-1941746.094;2844187.307;D
1.10.30-12;-16.39885044;-71.484989;-1941713.242;2844144.128;D
1.10.30-12;-16.39941361;-71.48516061;-1941777.245;2844117.294;D
1.10.30-13; ; ;-1.516416327;20763369.87;D
1.10.30-13;-16.39904458;-71.4845861;-1941741.143;2844187.283;D
1.10.30-13;-16.39873149;-71.48420098;-1941709.221;2844235.06;D
1.10.30-13;-16.39843208;-71.48442342;-1941671.231;2844213.75;D
1.10.30-13;-16.39882372;-71.48494435;-1941710.667;2844149.542;D
1.10.30-14; ; ;-1.516416327;20763369.87;D
1.10.30-14;-16.39874255;-71.48505999;-1941699.668;2844137.489;D
1.10.30-14;-16.3983347;-71.48453285;-1941658.406;2844202.614;D
1.10.30-14;-16.39803427;-71.48479548;-1941619.789;2844176.759;D
1.10.30-14;-16.39851019;-71.48542603;-1941667.742;2844099.014;D
1.10.30-15; ; ;-1.516416327;20763369.87;D
1.10.30-15;-16.39805317;-71.48416316;-1941629.997;2844248.227;D
1.10.30-15;-16.39776564;-71.48440039;-1941593.216;2844225.084;D
1.10.30-15;-16.39799462;-71.48474319;-1941615.79;2844183.208;D
1.10.30-15;-16.39829219;-71.48448517;-1941654.014;2844208.577;D
1.10.30-16; ; ;-1.516416327;20763369.87;D
1.10.30-16;-16.39856955;-71.48371285;-1941696.36;2844292.543;D
1.10.30-16;-16.39816724;-71.48404807;-1941644.855;2844259.788;D
1.10.30-16;-16.39841391;-71.484385;-1941669.581;2844218.345;D
1.10.30-16;-16.39870594;-71.48412458;-1941707.185;2844244.059;D
1.10.30-17; ; ;-1.516416327;20763369.87;D
1.10.30-17;-16.39855201;-71.48365865;-1941694.985;2844298.919;D
1.10.30-17;-16.39840981;-71.48326898;-1941683.199;2844344.976;D
1.10.30-17;-16.39789921;-71.48368966;-1941617.89;2844303.946;D
1.10.30-17;-16.39812512;-71.48401808;-1941640.285;2844263.74;D
1.10.30-18; ; ;-1.516416327;20763369.87;D
1.10.30-18;-16.39823415;-71.4828157;-1941668.286;2844398.685;D
1.10.30-18;-16.39761205;-71.48331251;-1941588.913;2844350.481;D
1.10.30-18;-16.39785796;-71.48363751;-1941613.701;2844310.401;D
1.10.30-18;-16.39838861;-71.48319182;-1941681.682;2844354.004;D
1.10.30-19; ; ;-1.516416327;20763369.87;D
1.10.30-19;-16.39773819;-71.48374623;-1941598.255;2844299.637;D
1.10.30-19;-16.39750979;-71.48343179;-1941575.391;2844338.289;D
1.10.30-19;-16.39723366;-71.48369526;-1941539.617;2844312.022;D
1.10.30-19;-16.39744412;-71.48398356;-1941560.704;2844276.569;D
1.10.30-20; ; ;-1.516416327;20763369.87;D
1.10.30-20;-16.39805777;-71.48234423;-1941653.518;2844454.468;D
1.10.30-20;-16.39734263;-71.48295049;-1941561.831;2844395.066;D
1.10.30-20;-16.39760336;-71.48327208;-1941588.402;2844355.179;D
1.10.30-20;-16.39793226;-71.48296803;-1941630.89;2844385.36;D
1.10.30-20;-16.39821145;-71.48273224;-1941666.674;2844408.448;D
1.10.30-21; ; ;-1.516416327;20763369.87;D
1.10.30-21;-16.39733447;-71.48319962;-1941557.724;2844366.917;D
1.10.30-21;-16.39723379;-71.48305683;-1941547.698;2844384.43;D
1.10.30-21;-16.39692969;-71.48330717;-1941508.803;2844360.017;D
1.10.30-21;-16.39715651;-71.48362334;-1941531.46;2844321.189;D
1.10.30-21;-16.39746456;-71.48338571;-1941570.658;2844344.109;D
1.10.31-3; ; ;-1.516416327;20763369.87;D
1.10.31-3;-16.40385475;-71.48451759;-1942307.192;2844132.087;D
1.10.31-3;-16.40345828;-71.48450826;-1942260.726;2844138.335;D
1.10.31-3;-16.40345833;-71.48494722;-1942255.185;2844088.551;D
1.10.31-3;-16.40384178;-71.4849604;-1942300.073;2844082.036;D
1.10.31-4; ; ;-1.516416327;20763369.87;D
1.10.31-4;-16.40373028;-71.48421008;-1942296.454;2844168.592;D
1.10.31-4;-16.40365567;-71.48415363;-1942288.4;2844175.972;D
1.10.31-4;-16.4033924;-71.48411109;-1942258.005;2844184.242;D
1.10.31-4;-16.4031639;-71.48406699;-1942231.714;2844192.236;D
1.10.31-4;-16.40300131;-71.48406013;-1942212.696;2844195.143;D
1.10.31-4;-16.40300339;-71.48441036;-1942208.514;2844155.394;D
1.10.31-4;-16.40332962;-71.48444879;-1942246.361;2844146.765;D
1.10.31-4;-16.40380773;-71.48443902;-1942302.66;2844141.613;D
1.10.32-1; ; ;-1.516416327;20763369.87;D
1.10.32-1;-16.40462006;-71.48929314;-1942336.772;2843580.465;D
1.10.32-1;-16.40466242;-71.48911355;-1942344.018;2843600.278;D
1.10.32-1;-16.40464127;-71.48873991;-1942346.253;2843642.93;D
1.10.32-1;-16.40474896;-71.48832886;-1942364.099;2843688.137;D
1.10.32-1;-16.40476599;-71.48815043;-1942368.356;2843708.15;D
1.10.32-1;-16.40481661;-71.48793591;-1942377.014;2843731.817;D
1.10.32-1;-16.40485655;-71.48768352;-1942384.895;2843759.917;D
1.10.32-1;-16.40481992;-71.48751197;-1942382.759;2843779.852;D
1.10.32-1;-16.40472783;-71.48720477;-1942375.82;2843815.898;D
1.10.32-1;-16.40445978;-71.48664667;-1942351.378;2843882.701;D
1.10.32-1;-16.40436538;-71.48610778;-1942347.096;2843945.054;D
1.10.32-1;-16.404323;-71.48562046;-1942348.274;2844000.877;D
1.10.32-1;-16.40425594;-71.48544009;-1942342.674;2844022.211;D
1.10.32-1;-16.40425443;-71.48535404;-1942343.584;2844031.991;D
1.10.32-1;-16.40415203;-71.48548081;-1942329.95;2844018.953;D
1.10.32-1;-16.40391514;-71.48580722;-1942297.992;2843985.035;D
1.10.32-1;-16.40379412;-71.48604127;-1942280.814;2843960.076;D
1.10.32-1;-16.40374437;-71.48634405;-1942271.144;2843926.387;D
1.10.32-1;-16.40369603;-71.48679411;-1942259.777;2843875.978;D
1.10.32-1;-16.40369116;-71.48707496;-1942255.656;2843844.19;D
1.10.32-1;-16.40375406;-71.48758296;-1942256.628;2843785.754;D
1.10.32-1;-16.40385329;-71.48833829;-1942258.744;2843698.791;D
1.10.32-1;-16.40397921;-71.48885158;-1942267.054;2843638.931;D
1.10.32-1;-16.40410907;-71.48931581;-1942276.447;2843584.582;D
1.10.32-1;-16.4042805;-71.48935103;-1942296.144;2843578.344;D
1.10.32-2; ; ;-1.516416327;20763369.87;D
1.10.32-2;-16.40415817;-71.48544958;-1942331.066;2844022.415;D
1.10.32-2;-16.40424466;-71.48533781;-1942342.641;2844033.958;D
1.10.32-2;-16.40435711;-71.48527524;-1942356.644;2844039.583;D
1.10.32-2;-16.40423459;-71.48502835;-1942345.368;2844069.187;D
1.10.32-2;-16.40418584;-71.48504764;-1942339.397;2844067.638;D
1.10.32-2;-16.40407285;-71.48533764;-1942322.456;2844036.228;D
1.10.32-2;-16.40400751;-71.4855117;-1942312.579;2844017.342;D
1.10.32-2;-16.40393904;-71.48574759;-1942301.554;2843991.485;D
1.10.32-2;-16.40408277;-71.4855563;-1942320.859;2844011.299;D
1.10.32-3; ; ;-1.516416327;20763369.87;D
1.10.32-3;-16.40391049;-71.48575232;-1942298.139;2843991.323;D
1.10.32-3;-16.40413111;-71.48507544;-1942332.614;2844065.201;D
1.10.32-3;-16.40410461;-71.48495683;-1942330.999;2844079;D
1.10.32-3;-16.40405528;-71.48486378;-1942326.379;2844090.199;D
1.10.32-3;-16.40399995;-71.48476897;-1942321.076;2844101.677;D
1.10.32-3;-16.40390154;-71.48475019;-1942309.751;2844105.094;D
1.10.32-3;-16.40385968;-71.48573091;-1942292.439;2843994.416;D
1.10.32-4; ; ;-1.516416327;20763369.87;D
1.10.32-4;-16.40376334;-71.48596808;-1942278.124;2843968.78;D
1.10.32-4;-16.40378961;-71.48588508;-1942282.258;2843977.848;D
1.10.32-4;-16.40380999;-71.48570991;-1942286.866;2843997.448;D
1.10.32-4;-16.40381537;-71.48563226;-1942288.48;2844006.184;D
1.10.32-4;-16.40381536;-71.4855334;-1942289.728;2844017.396;D
1.10.32-4;-16.40369476;-71.48553177;-1942275.579;2844019.16;D
1.10.32-4;-16.40357731;-71.4856418;-1942260.388;2844008.219;D
1.10.32-4;-16.40368886;-71.48616489;-1942266.885;2843947.433;D
1.10.32-4;-16.40373373;-71.48606786;-1942273.384;2843957.851;D
1.10.32-5; ; ;-1.516416327;20763369.87;D
1.10.32-5;-16.40227832;-71.48661149;-1942095.509;2843915.247;D
1.10.32-5;-16.40239779;-71.48646671;-1942111.376;2843930.104;D
1.10.32-5;-16.40247144;-71.4863881;-1942121.023;2843938.055;D
1.10.32-5;-16.40259273;-71.48634162;-1942135.861;2843941.738;D
1.10.32-5;-16.40275354;-71.4862599;-1942155.788;2843948.901;D
1.10.32-5;-16.4029521;-71.48617653;-1942180.171;2843955.757;D
1.10.32-5;-16.40319511;-71.48606994;-1942210.071;2843964.665;D
1.10.32-5;-16.40343826;-71.48600465;-1942239.465;2843968.887;D
1.10.32-5;-16.40342113;-71.48593113;-1942238.381;2843977.45;D
1.10.32-5;-16.40339108;-71.48594081;-1942234.728;2843976.745;D
1.10.32-5;-16.40335518;-71.48582018;-1942232.034;2843990.896;D
1.10.32-5;-16.40346687;-71.48579179;-1942245.516;2843992.653;D
1.10.32-5;-16.40349732;-71.48590941;-1942247.609;2843978.915;D
1.10.32-5;-16.40347409;-71.48592342;-1942244.702;2843977.63;D
1.10.32-5;-16.40357554;-71.48631632;-1942251.657;2843931.742;D
1.10.32-5;-16.40366979;-71.48628066;-1942263.182;2843934.554;D
1.10.32-5;-16.4036858;-71.48618593;-1942266.259;2843945.087;D
1.10.32-5;-16.40357206;-71.48564438;-1942259.738;2844007.995;D
1.10.32-5;-16.40343957;-71.48573699;-1942243.001;2843999.226;D
1.10.32-5;-16.40315321;-71.48584984;-1942207.929;2843990.177;D
1.10.32-5;-16.4028438;-71.48598813;-1942169.827;2843978.542;D
1.10.32-5;-16.40263417;-71.48606845;-1942144.181;2843972.178;D
1.10.32-5;-16.40240884;-71.48613348;-1942116.885;2843967.751;D
1.10.32-5;-16.40219292;-71.48616429;-1942091.126;2843967.084;D
1.10.32-5;-16.4020685;-71.4861799;-1942076.309;2843966.942;D
1.10.32-5;-16.40178154;-71.48617488;-1942042.656;2843971.267;D
1.10.32-5;-16.40204275;-71.48672131;-1942066.443;2843905.875;D
1.10.32-5;-16.4022006;-71.48668663;-1942085.428;2843907.743;D
1.10.32-6; ; ;-1.516416327;20763369.87;D
1.10.32-6;-16.4034517;-71.48606363;-1942240.299;2843962.022;D
1.10.32-6;-16.40318262;-71.4861408;-1942207.708;2843956.792;D
1.10.32-6;-16.40294123;-71.48625657;-1942177.883;2843946.823;D
1.10.32-6;-16.40253193;-71.48643251;-1942127.569;2843932.226;D
1.10.32-6;-16.40245683;-71.48648998;-1942118.019;2843926.691;D
1.10.32-6;-16.40234178;-71.48664228;-1942102.576;2843910.924;D
1.10.32-6;-16.40352046;-71.48633007;-1942245.012;2843930.904;D
1.10.32-7; ; ;-1.516416327;20763369.87;D
1.10.32-7;-16.40284792;-71.48658064;-1942162.825;2843911.29;D
1.10.32-7;-16.40225627;-71.48673812;-1942091.318;2843901.174;D
1.10.32-7;-16.40234455;-71.48699516;-1942098.443;2843870.867;D
1.10.32-7;-16.40292178;-71.48684795;-1942168.126;2843880.007;D
1.10.32-8; ; ;-1.516416327;20763369.87;D
1.10.32-8;-16.40293834;-71.48688798;-1942169.566;2843875.251;D
1.10.32-8;-16.40236609;-71.48704908;-1942100.293;2843864.47;D
1.10.32-8;-16.40247528;-71.48731671;-1942109.741;2843832.688;D
1.10.32-8;-16.40300891;-71.48716284;-1942174.385;2843843.154;D
1.10.32-9; ; ;-1.516416327;20763369.87;D
1.10.32-9;-16.40360471;-71.48671042;-1942250.105;2843886.665;D
1.10.32-9;-16.40366529;-71.48633713;-1942261.939;2843928.208;D
1.10.32-9;-16.40289774;-71.48655213;-1942169.038;2843913.871;D
1.10.32-9;-16.40297303;-71.48681982;-1942174.503;2843882.526;D
1.10.32-9;-16.40336695;-71.48671395;-1942222.124;2843889.377;D
1.10.32-9;-16.40336152;-71.48668676;-1942221.83;2843892.532;D
1.10.32-9;-16.40346376;-71.48666683;-1942234.095;2843893.453;D
1.10.32-9;-16.40348934;-71.48676052;-1942235.917;2843882.493;D
1.10.32-9;-16.40338314;-71.48679166;-1942223.045;2843880.352;D
1.10.32-9;-16.40337596;-71.48675966;-1942222.606;2843884.074;D
1.10.32-9;-16.40297816;-71.48688716;-1942174.255;2843874.822;D
1.10.32-9;-16.40305395;-71.48717219;-1942179.559;2843841.504;D
1.10.32-9;-16.40359245;-71.4869992;-1942245.015;2843854.074;D
1.10.32-10; ; ;-1.516416327;20763369.87;D
1.10.32-10;-16.40358913;-71.48704756;-1942244.014;2843848.634;D
1.10.32-10;-16.40245172;-71.48737145;-1942106.282;2843826.788;D
1.10.32-10;-16.40220068;-71.48675665;-1942084.553;2843899.8;D
1.10.32-10;-16.40206884;-71.48678974;-1942068.645;2843897.773;D
1.10.32-10;-16.40237172;-71.48755005;-1942094.625;2843807.58;D
1.10.32-10;-16.40358914;-71.48719781;-1942242.118;2843831.593;D
1.10.33-2; ; ;-1.516416327;20763369.87;D
1.10.33-2;-16.40377622;-71.48834058;-1942249.659;2843699.541;D
1.10.33-2;-16.4036169;-71.48741049;-1942242.692;2843807.109;D
1.10.33-2;-16.40336267;-71.48746711;-1942212.105;2843804.015;D
1.10.33-2;-16.40332199;-71.48751756;-1942206.689;2843798.826;D
1.10.33-2;-16.40331474;-71.48759248;-1942204.89;2843790.424;D
1.10.33-2;-16.4034601;-71.48850475;-1942210.443;2843685.059;D
1.10.33-2;-16.40352257;-71.48867928;-1942215.579;2843664.449;D
1.10.33-2;-16.40360866;-71.48890407;-1942222.853;2843637.828;D
1.10.33-2;-16.40364209;-71.48896347;-1942226.031;2843630.653;D
1.10.33-2;-16.40372131;-71.48896289;-1942235.346;2843629.683;D
1.10.33-2;-16.4039072;-71.48890695;-1942257.894;2843633.594;D
1.10.33-3; ; ;-1.516416327;20763369.87;D
1.10.33-3;-16.40339957;-71.4884743;-1942203.717;2843689.306;D
1.10.33-3;-16.403326;-71.48804256;-1942200.527;2843739.233;D
1.10.33-3;-16.40324897;-71.4875142;-1942198.151;2843800.164;D
1.10.33-3;-16.40263409;-71.48769768;-1942123.587;2843787.403;D
1.10.33-3;-16.4026046;-71.48781334;-1942118.662;2843774.671;D
1.10.33-3;-16.40273426;-71.48786462;-1942133.248;2843767.158;D
1.10.33-3;-16.403018;-71.48810468;-1942163.553;2843736.219;D
1.10.33-3;-16.40313001;-71.48814983;-1942176.144;2843729.632;D
1.10.33-3;-16.4031661;-71.48825702;-1942179.03;2843717.003;D
1.10.33-3;-16.40332271;-71.48850599;-1942194.285;2843686.718;D
1.10.33-4; ; ;-1.516416327;20763369.87;D
1.10.33-4;-16.40250061;-71.48768619;-1942108.05;2843790.452;D
1.10.33-4;-16.40361744;-71.48737181;-1942243.244;2843811.489;D
1.10.33-4;-16.40359356;-71.4872192;-1942242.366;2843829.109;D
1.10.33-4;-16.40247325;-71.48753237;-1942106.778;2843808.256;D
1.10.34-1; ; ;-1.516416327;20763369.87;D
1.10.34-1;-16.40192705;-71.4868242;-1942051.549;2843895.721;D
1.10.34-1;-16.40203358;-71.48718495;-1942059.508;2843853.412;D
1.10.34-1;-16.40221286;-71.4876294;-1942074.958;2843800.659;D
1.10.34-1;-16.40235808;-71.48754085;-1942093.14;2843808.802;D
1.10.34-1;-16.40206106;-71.4867936;-1942067.682;2843897.437;D
1.10.34-3; ; ;-1.516416327;20763369.87;D
1.10.34-3;-16.40178703;-71.48753404;-1942026.129;2843817.049;D
1.10.34-3;-16.40212355;-71.48760079;-1942064.826;2843805.074;D
1.10.34-3;-16.40213306;-71.48757535;-1942066.264;2843807.834;D
1.10.34-3;-16.40202581;-71.48734802;-1942056.536;2843835.02;D
1.10.34-3;-16.40197303;-71.48719482;-1942052.269;2843853.085;D
1.10.34-3;-16.40193775;-71.48705875;-1942049.843;2843868.98;D
1.10.34-3;-16.40189758;-71.48683795;-1942047.913;2843894.547;D
1.10.34-3;-16.40170311;-71.48686124;-1942024.769;2843894.45;D
1.10.34-3;-16.40158314;-71.48688233;-1942010.406;2843893.629;D
1.10.34-3;-16.40153294;-71.48690537;-1942004.217;2843891.674;D
1.10.34-3;-16.40147675;-71.48690429;-1941997.628;2843892.532;D
1.10.34-3;-16.40141909;-71.48747535;-1941983.64;2843828.519;D
1.10.35-29; ; ;-1.516416327;20763369.87;D
1.10.35-29;-16.39709113;-71.48827439;-1941465.03;2843794.533;D
1.10.35-29;-16.39734216;-71.48845995;-1941492.18;2843770.203;D
1.10.35-29;-16.3976827;-71.48792803;-1941538.911;2843826.075;D
1.10.35-29;-16.39742507;-71.48776465;-1941510.704;2843847.976;D
1.10.35-30; ; ;-1.516416327;20763369.87;D
1.10.35-30;-16.39678886;-71.48809088;-1941431.832;2843819.3;D
1.10.35-30;-16.39705309;-71.48825266;-1941460.834;2843797.495;D
1.10.35-30;-16.3973805;-71.48774187;-1941505.755;2843851.142;D
1.10.35-30;-16.39712796;-71.48757302;-1941478.215;2843873.598;D
1.10.35-31; ; ;-1.516416327;20763369.87;D
1.10.35-31;-16.396601;-71.48796905;-1941411.298;2843835.577;D
1.10.35-31;-16.39674389;-71.48807072;-1941426.802;2843822.176;D
1.10.35-31;-16.39705987;-71.48756377;-1941470.331;2843875.538;D
1.10.35-31;-16.39692126;-71.48749018;-1941454.975;2843885.697;D
1.10.36-7; ; ;-1.516416327;20763369.87;D
1.10.36-7;-16.40317424;-71.48854922;-1942176.294;2843683.758;D
1.10.36-7;-16.40314222;-71.4884457;-1942173.84;2843695.917;D
1.10.36-7;-16.40306808;-71.48838379;-1942165.911;2843703.909;D
1.10.36-7;-16.4028468;-71.48890883;-1942133.279;2843647.259;D
1.10.36-7;-16.4029157;-71.48903084;-1942139.833;2843632.52;D
1.10.36-7;-16.40330281;-71.48876434;-1942188.683;2843657.678;D
1.10.36-34; ; ;-1.516416327;20763369.87;D
1.10.36-34;-16.39858705;-71.4902108;-1941616.337;2843555.343;D
1.10.36-34;-16.39859065;-71.49007845;-1941618.431;2843570.306;D
1.10.36-34;-16.39858341;-71.48998651;-1941618.741;2843580.827;D
1.10.36-34;-16.39855971;-71.48994482;-1941616.483;2843585.865;D
1.10.36-34;-16.39836879;-71.48992325;-1941594.324;2843590.81;D
1.10.36-34;-16.39838295;-71.49008409;-1941593.956;2843572.383;D
1.10.36-34;-16.39836476;-71.49018125;-1941590.592;2843561.601;D
1.10.36-34;-16.39832164;-71.49029552;-1941584.083;2843549.206;D
1.10.36-34;-16.39835051;-71.49038431;-1941586.353;2843538.758;D
1.10.36-34;-16.39845798;-71.4904353;-1941598.337;2843531.569;D
1.10.36-34;-16.39854989;-71.49043978;-1941609.078;2843529.858;D
1.10.37-51; ; ;-1.516416327;20763369.87;D
1.10.37-51;-16.3997335;-71.49276196;-1941718.819;2843251.009;D
1.10.37-51;-16.39981384;-71.49257236;-1941730.652;2843271.461;D
1.10.37-51;-16.39927097;-71.49232554;-1941669.986;2843306.555;D
1.10.37-51;-16.39919816;-71.49253146;-1941658.831;2843284.154;D
1.10.37-52; ; ;-1.516416327;20763369.87;D
1.10.37-52;-16.40070141;-71.49322647;-1941826.675;2843185.666;D
1.10.37-52;-16.4008234;-71.49282111;-1941846.127;2843230.042;D
1.10.37-52;-16.40052937;-71.49275138;-1941812.461;2843241.796;D
1.10.37-52;-16.40019923;-71.49268565;-1941774.503;2843253.57;D
1.10.37-52;-16.40004752;-71.49264917;-1941757.139;2843259.692;D
1.10.37-52;-16.3998677;-71.49259175;-1941736.736;2843268.557;D
1.10.37-52;-16.39979143;-71.49279041;-1941725.266;2843247.024;D
1.10.37-53; ; ;-1.516416327;20763369.87;D
1.10.37-53;-16.40088951;-71.49327275;-1941848.191;2843177.956;D
1.10.37-53;-16.40095372;-71.49294667;-1941859.853;2843214.097;D
1.10.37-53;-16.40085135;-71.49290939;-1941848.295;2843219.664;D
1.10.37-53;-16.40075098;-71.4932186;-1941832.598;2843185.91;D
1.10.37-54; ; ;-1.516416327;20763369.87;D
1.10.37-54;-16.4007802;-71.49270221;-1941842.553;2843244.092;D
1.10.37-54;-16.40071249;-71.49235296;-1941839.008;2843284.586;D
1.10.37-54;-16.40049276;-71.49234366;-1941813.309;2843288.515;D
1.10.37-54;-16.39997812;-71.49222356;-1941754.359;2843308.87;D
1.10.37-54;-16.3999093;-71.49251036;-1941742.651;2843277.243;D
1.10.37-55; ; ;-1.516416327;20763369.87;D
1.10.37-55;-16.39982311;-71.49249388;-1941732.733;2843280.24;D
1.10.37-55;-16.39989158;-71.49227884;-1941743.494;2843303.732;D
1.10.37-55;-16.39990505;-71.4922155;-1941745.875;2843310.74;D
1.10.37-55;-16.39969715;-71.49213968;-1941722.406;2843322.058;D
1.10.37-55;-16.39958747;-71.49171549;-1941714.877;2843371.601;D
1.10.37-55;-16.39942993;-71.49176247;-1941695.773;2843368.334;D
1.10.37-55;-16.39935024;-71.49198581;-1941683.59;2843344.047;D
1.10.37-55;-16.39930524;-71.49227894;-1941674.601;2843311.392;D
1.10.37-56; ; ;-1.516416327;20763369.87;D
1.10.37-56;-16.39994269;-71.49215834;-1941751.02;2843316.729;D
1.10.37-56;-16.40071917;-71.49230876;-1941840.352;2843289.511;D
1.10.37-56;-16.40069898;-71.49187003;-1941843.519;2843339.532;D
1.10.37-56;-16.39970331;-71.49166867;-1941729.079;2843375.396;D
1.10.37-56;-16.39970334;-71.49198692;-1941725.063;2843339.302;D
1.10.37-60; ; ;-1.516416327;20763369.87;D
1.10.37-60;-16.40133406;-71.49194422;-1941917.2;2843322.808;D
1.10.37-60;-16.40143628;-71.49194224;-1941929.235;2843321.696;D
1.10.37-60;-16.40157165;-71.491923;-1941945.384;2843322.106;D
1.10.37-60;-16.40171907;-71.49184991;-1941963.627;2843328.467;D
1.10.37-60;-16.40193617;-71.49171801;-1941990.8;2843340.585;D
1.10.37-60;-16.40233644;-71.4915996;-1942039.326;2843348.775;D
1.10.37-60;-16.40241541;-71.4915635;-1942049.059;2843351.837;D
1.10.37-60;-16.40245092;-71.49151597;-1942053.832;2843356.763;D
1.10.37-60;-16.40243327;-71.49146953;-1942052.345;2843362.26;D
1.10.37-60;-16.40239242;-71.49145245;-1942047.761;2843364.732;D
1.10.37-60;-16.40201408;-71.4915721;-1942001.797;2843356.113;D
1.10.37-60;-16.40170861;-71.49167458;-1941964.612;2843348.488;D
1.10.37-60;-16.40144751;-71.49177186;-1941932.707;2843340.872;D
1.10.37-60;-16.40119969;-71.4918162;-1941903.03;2843339.086;D
1.10.37-60;-16.40073803;-71.49187704;-1941848.019;2843338.226;D
1.10.37-60;-16.40076635;-71.492054;-1941849.112;2843317.787;D
1.10.37-61; ; ;-1.516416327;20763369.87;D
1.10.37-61;-16.40194013;-71.49235581;-1941983.21;2843268.2;D
1.10.37-61;-16.4021716;-71.49217554;-1942012.684;2843285.616;D
1.10.37-61;-16.40247393;-71.49196166;-1942050.907;2843305.916;D
1.10.37-61;-16.40241739;-71.49162354;-1942048.534;2843345.002;D
1.10.37-61;-16.40194758;-71.49175056;-1941991.73;2843336.744;D
1.10.37-61;-16.40174492;-71.49188696;-1941966.196;2843323.927;D
1.10.37-61;-16.40152493;-71.49196297;-1941939.389;2843318.185;D
1.10.37-61;-16.40135502;-71.49198737;-1941919.117;2843317.641;D
1.10.37-61;-16.40076366;-71.4920725;-1941848.563;2843315.724;D
1.10.37-61;-16.400789;-71.49221512;-1941849.739;2843299.217;D
1.10.37-61;-16.40086058;-71.49243494;-1941855.372;2843273.351;D
1.10.37-61;-16.40100415;-71.49279565;-1941867.685;2843230.564;D
1.10.38-71; ; ;-1.516416327;20763369.87;D
1.10.38-71;-16.40849361;-71.5027913;-1942621.384;2841999.031;D
1.10.38-71;-16.40829942;-71.50243228;-1942603.103;2842042.283;D
1.10.38-71;-16.4080149;-71.50261362;-1942567.386;2842025.442;D
1.10.38-71;-16.40814174;-71.50299672;-1942577.451;2841980.34;D
1.10.38-72; ; ;-1.516416327;20763369.87;D
1.10.38-72;-16.40825901;-71.50237396;-1942599.092;2842049.425;D
1.10.38-72;-16.40802924;-71.50197025;-1942577.195;2842098.212;D
1.10.38-72;-16.40786392;-71.50204722;-1942556.801;2842091.646;D
1.10.38-72;-16.4080138;-71.50253585;-1942568.239;2842034.276;D
1.10.38-73; ; ;-1.516416327;20763369.87;D
1.10.38-73;-16.40872174;-71.50267008;-1942649.716;2842009.792;D
1.10.38-73;-16.40848165;-71.50224426;-1942626.887;2842061.22;D
1.10.38-73;-16.4083342;-71.5019954;-1942612.706;2842091.37;D
1.10.38-73;-16.40817205;-71.50177099;-1942596.49;2842118.939;D
1.10.38-73;-16.40782305;-71.50154214;-1942558.377;2842149.456;D
1.10.38-73;-16.40776482;-71.50160958;-1942550.684;2842142.571;D
1.10.38-73;-16.40791562;-71.5017541;-1942566.576;2842124.209;D
1.10.38-73;-16.40807652;-71.50190092;-1942583.625;2842105.455;D
1.10.38-73;-16.40857014;-71.50278268;-1942630.485;2841999.007;D
1.10.38-74; ; ;-1.516416327;20763369.87;D
1.10.38-74;-16.40759802;-71.50121318;-1942536.093;2842189.705;D
1.10.38-74;-16.40756229;-71.50070119;-1942538.361;2842248.232;D
1.10.38-74;-16.40754611;-71.50050372;-1942538.953;2842270.837;D
1.10.38-74;-16.40745647;-71.50011625;-1942533.314;2842315.948;D
1.10.38-74;-16.40736266;-71.49958472;-1942529.006;2842377.452;D
1.10.38-74;-16.40729557;-71.49926744;-1942525.13;2842414.31;D
1.10.38-74;-16.40726718;-71.49896311;-1942525.638;2842449.192;D
1.10.38-74;-16.40722813;-71.4985337;-1942526.473;2842498.399;D
1.10.38-74;-16.40691452;-71.49864425;-1942488.231;2842489.966;D
1.10.38-74;-16.40731827;-71.50046026;-1942512.734;2842278.746;D
1.10.38-74;-16.40742097;-71.50091974;-1942518.998;2842225.297;D
1.10.38-74;-16.40753421;-71.50124669;-1942528.173;2842186.739;D
1.10.39-1; ; ;-1.516416327;20763369.87;D
1.10.39-1;-16.39263817;-71.50032001;-1940789.778;2842486.626;D
1.10.39-1;-16.39258819;-71.50097365;-1940775.659;2842413.15;D
1.10.39-1;-16.39296442;-71.50099827;-1940819.551;2842405.439;D
1.10.39-1;-16.39296417;-71.50033012;-1940827.951;2842481.218;D
1.10.39-2; ; ;-1.516416327;20763369.87;D
1.10.39-2;-16.39302806;-71.50033882;-1940835.349;2842479.396;D
1.10.39-2;-16.39303182;-71.50097382;-1940827.778;2842407.332;D
1.10.39-2;-16.39326097;-71.50096755;-1940854.78;2842405.046;D
1.10.39-2;-16.39323325;-71.5003258;-1940859.62;2842478.19;D
1.10.39-3; ; ;-1.516416327;20763369.87;D
1.10.39-3;-16.39295657;-71.50025257;-1940828.038;2842490.113;D
1.10.39-3;-16.39298758;-71.49903276;-1940847.074;2842628.049;D
1.10.39-3;-16.39277604;-71.49902129;-1940822.365;2842632.115;D
1.10.39-3;-16.39276045;-71.50025081;-1940805.018;2842492.876;D
1.10.39-4; ; ;-1.516416327;20763369.87;D
1.10.39-4;-16.39341816;-71.4999761;-1940885.757;2842515.434;D
1.10.39-4;-16.39339511;-71.49967573;-1940886.841;2842549.801;D
1.10.39-4;-16.39324402;-71.49976415;-1940867.973;2842541.747;D
1.10.39-4;-16.39305174;-71.49977874;-1940845.198;2842542.606;D
1.10.39-4;-16.39304353;-71.50026772;-1940838.063;2842487.258;D
1.10.39-4;-16.39332336;-71.5002528;-1940871.128;2842485.291;D
1.10.39-5; ; ;-1.516416327;20763369.87;D
1.10.39-5;-16.39341606;-71.49957449;-1940890.578;2842561.009;D
1.10.39-5;-16.39341981;-71.49902395;-1940897.967;2842623.397;D
1.10.39-5;-16.39305625;-71.49905621;-1940854.846;2842624.491;D
1.10.39-5;-16.39305274;-71.49967753;-1940846.592;2842554.071;D
1.10.39-5;-16.39321794;-71.49968552;-1940865.901;2842551.006;D
1.10.39-6; ; ;-1.516416327;20763369.87;D
1.10.39-6;-16.39374874;-71.49999957;-1940924.301;2842508.451;D
1.10.39-6;-16.39425354;-71.49851481;-1941002.347;2842670.24;D
1.10.39-6;-16.39407063;-71.49845602;-1940981.599;2842679.299;D
1.10.39-6;-16.39357188;-71.49992138;-1940904.508;2842519.63;D
1.10.39-6;-16.39356378;-71.50018568;-1940900.222;2842489.76;D
1.10.39-7; ; ;-1.516416327;20763369.87;D
1.10.39-7;-16.39400188;-71.49850139;-1940972.949;2842675.051;D
1.10.39-7;-16.39390185;-71.49849765;-1940961.244;2842676.784;D
1.10.39-7;-16.39371598;-71.49859385;-1940938.191;2842668.303;D
1.10.39-7;-16.39355957;-71.49872005;-1940918.222;2842656.036;D
1.10.39-7;-16.39349571;-71.49894989;-1940907.82;2842630.804;D
1.10.39-7;-16.39350263;-71.49946957;-1940902.074;2842571.776;D
1.10.39-7;-16.3937431;-71.49928503;-1940932.655;2842589.561;D
1.10.39-8; ; ;-1.516416327;20763369.87;D
1.10.39-8;-16.39368683;-71.49851058;-1940935.818;2842678.129;D
1.10.39-8;-16.39391794;-71.49831905;-1940965.388;2842696.828;D
1.10.39-8;-16.39349912;-71.49810697;-1940918.858;2842726.357;D
1.10.39-8;-16.39317715;-71.49857195;-1940875.161;2842677.832;D
1.10.39-8;-16.39340325;-71.49882726;-1940898.503;2842645.921;D
1.10.39-8;-16.39348124;-71.49866947;-1940909.658;2842662.796;D
1.10.39-9; ; ;-1.516416327;20763369.87;D
1.10.39-9;-16.39332302;-71.49823978;-1940896.491;2842713.597;D
1.10.39-9;-16.39341608;-71.49799545;-1940910.509;2842740.09;D
1.10.39-9;-16.39316931;-71.49778421;-1940884.181;2842767.274;D
1.10.39-9;-16.39288879;-71.498183;-1940846.191;2842725.714;D
1.10.39-9;-16.39319543;-71.49841698;-1940879.264;2842695.169;D
1.10.39-10; ; ;-1.516416327;20763369.87;D
1.10.39-10;-16.39312813;-71.49776939;-1940879.53;2842769.493;D
1.10.39-10;-16.39287578;-71.49756887;-1940852.412;2842795.534;D
1.10.39-10;-16.39244151;-71.49784456;-1940797.911;2842769.944;D
1.10.39-10;-16.39285985;-71.49814877;-1940843.221;2842729.973;D
1.10.39-11; ; ;-1.516416327;20763369.87;D
1.10.39-11;-16.39256827;-71.49728175;-1940819.906;2842832.117;D
1.10.39-11;-16.39220075;-71.49749244;-1940774.067;2842813.027;D
1.10.39-11;-16.39239459;-71.4978113;-1940792.817;2842774.33;D
1.10.39-11;-16.39285699;-71.49754167;-1940850.547;2842798.864;D
1.10.39-12; ; ;-1.516416327;20763369.87;D
1.10.39-12;-16.39222853;-71.49697647;-1940783.842;2842871.182;D
1.10.39-12;-16.39198725;-71.49713923;-1940753.441;2842855.877;D
1.10.39-12;-16.39216646;-71.49744934;-1940770.582;2842818.363;D
1.10.39-12;-16.39251756;-71.49723889;-1940814.488;2842837.641;D
1.10.39-13; ; ;-1.516416327;20763369.87;D
1.10.39-13;-16.39221968;-71.49692482;-1940783.454;2842877.156;D
1.10.39-13;-16.39213383;-71.49673424;-1940775.773;2842899.893;D
1.10.39-13;-16.39205568;-71.49679065;-1940765.879;2842894.517;D
1.10.39-13;-16.39198532;-71.49664987;-1940759.389;2842911.403;D
1.10.39-13;-16.39183197;-71.49681849;-1940739.244;2842894.284;D
1.10.39-13;-16.39196623;-71.497086;-1940751.643;2842862.189;D
1.10.39-14; ; ;-1.516416327;20763369.87;D
1.10.39-14;-16.39311172;-71.49845127;-1940868.997;2842692.374;D
1.10.39-14;-16.3925107;-71.49800396;-1940804.028;2842750.962;D
1.10.39-14;-16.39232686;-71.49809249;-1940781.311;2842743.325;D
1.10.39-14;-16.39308718;-71.49868488;-1940863.166;2842666.2;D
1.10.39-14;-16.39314166;-71.4986026;-1940870.604;2842674.819;D
1.10.39-15; ; ;-1.516416327;20763369.87;D
1.10.39-15;-16.39225703;-71.49775969;-1940777.307;2842781.982;D
1.10.39-15;-16.39206852;-71.49745098;-1940759.054;2842819.458;D
1.10.39-15;-16.39179139;-71.49693726;-1940732.977;2842881.344;D
1.10.39-15;-16.39163797;-71.49709327;-1940712.983;2842865.657;D
1.10.39-15;-16.39209876;-71.49786627;-1940757.366;2842771.963;D
1.10.39-16; ; ;-1.516416327;20763369.87;D
1.10.39-16;-16.39245278;-71.49828118;-1940793.725;2842720.279;D
1.10.39-16;-16.3923563;-71.49844244;-1940780.354;2842703.251;D
1.10.39-16;-16.39299672;-71.49893756;-1940849.349;2842638.726;D
1.10.39-16;-16.3930907;-71.49878363;-1940862.333;2842654.955;D
1.10.39-17; ; ;-1.516416327;20763369.87;D
1.10.39-17;-16.39193638;-71.49822339;-1940733.782;2842733.584;D
1.10.39-17;-16.39189409;-71.49828975;-1940727.976;2842726.611;D
1.10.39-17;-16.39197028;-71.49847446;-1940734.597;2842704.666;D
1.10.39-17;-16.39207387;-71.49860918;-1940745.068;2842688.033;D
1.10.39-17;-16.39220568;-71.49844399;-1940762.638;2842705.044;D
1.10.39-18; ; ;-1.516416327;20763369.87;D
1.10.39-18;-16.39214618;-71.49805788;-1940760.52;2842749.612;D
1.10.39-18;-16.39204067;-71.49819275;-1940746.422;2842735.695;D
1.10.39-18;-16.3923075;-71.49840635;-1940775.076;2842707.982;D
1.10.39-18;-16.3924047;-71.49825326;-1940788.428;2842724.073;D
1.10.39-19; ; ;-1.516416327;20763369.87;D
1.10.39-19;-16.39198242;-71.49790599;-1940743.197;2842768.98;D
1.10.39-19;-16.39182534;-71.49762335;-1940728.308;2842803.088;D
1.10.39-19;-16.39168492;-71.49771397;-1940710.666;2842794.646;D
1.10.39-19;-16.39187591;-71.49804792;-1940728.891;2842754.274;D
1.10.39-19;-16.39199187;-71.49814213;-1940741.326;2842742.074;D
1.10.39-19;-16.39209303;-71.49801953;-1940754.76;2842754.657;D
1.10.39-20; ; ;-1.516416327;20763369.87;D
1.10.39-20;-16.39162674;-71.49727474;-1940709.373;2842845.222;D
1.10.39-20;-16.39149843;-71.4973785;-1940692.989;2842835.131;D
1.10.39-20;-16.391663;-71.49767802;-1940708.545;2842799.01;D
1.10.39-20;-16.39179338;-71.49757927;-1940725.109;2842808.506;D
1.10.39-21; ; ;-1.516416327;20763369.87;D
1.10.39-21;-16.39127469;-71.49747455;-1940665.489;2842827.163;D
1.10.39-21;-16.39090603;-71.49746745;-1940622.264;2842832.788;D
1.10.39-21;-16.39089778;-71.49790518;-1940615.772;2842783.25;D
1.10.39-21;-16.39147048;-71.4979036;-1940683.079;2842775.943;D
1.10.39-22; ; ;-1.516416327;20763369.87;D
1.10.39-22;-16.3917903;-71.49858089;-1940712.108;2842694.948;D
1.10.39-22;-16.39150082;-71.49794838;-1940686.078;2842770.468;D
1.10.39-22;-16.39124964;-71.49796778;-1940656.323;2842771.55;D
1.10.39-22;-16.39133194;-71.49863527;-1940657.568;2842694.773;D
1.10.39-23; ; ;-1.516416327;20763369.87;D
1.10.39-23;-16.39206634;-71.49899296;-1940739.34;2842644.605;D
1.10.39-23;-16.3918523;-71.49862912;-1940718.783;2842688.667;D
1.10.39-23;-16.39133712;-71.49867585;-1940657.665;2842690.102;D
1.10.39-23;-16.39143198;-71.49904737;-1940664.123;2842646.727;D
1.10.39-24; ; ;-1.516416327;20763369.87;D
1.10.39-24;-16.39182385;-71.49907632;-1940709.798;2842638.321;D
1.10.39-24;-16.39162186;-71.49912059;-1940685.508;2842635.94;D
1.10.39-24;-16.3916983;-71.49956301;-1940688.905;2842584.765;D
1.10.39-24;-16.39190476;-71.49949711;-1940713.994;2842589.54;D
1.10.39-25; ; ;-1.516416327;20763369.87;D
1.10.39-25;-16.39137102;-71.49901212;-1940657.405;2842651.521;D
1.10.39-25;-16.39093533;-71.49902751;-1940606.022;2842655.471;D
1.10.39-25;-16.39125023;-71.49964162;-1940635.27;2842581.707;D
1.10.39-25;-16.39150035;-71.49957261;-1940665.527;2842586.264;D
1.10.39-26; ; ;-1.516416327;20763369.87;D
1.10.39-26;-16.39120723;-71.49814387;-1940649.117;2842752.135;D
1.10.39-26;-16.39111959;-71.49799629;-1940640.683;2842770.017;D
1.10.39-26;-16.39086601;-71.49800471;-1940610.783;2842772.377;D
1.10.39-26;-16.39094703;-71.4989554;-1940608.306;2842663.497;D
1.10.39-26;-16.39132919;-71.49893534;-1940653.46;2842660.776;D
1.10.40-1; ; ;-1.516416327;20763369.87;D
1.10.40-1;-16.39153982;-71.49714696;-1940700.773;2842860.851;D
1.10.40-1;-16.39094196;-71.4971092;-1940631.008;2842872.948;D
1.10.40-1;-16.39092853;-71.49728644;-1940627.192;2842853.022;D
1.10.40-1;-16.39144859;-71.49733316;-1940687.705;2842840.925;D
1.10.40-2; ; ;-1.516416327;20763369.87;D
1.10.40-2;-16.39161753;-71.49687225;-1940713.371;2842890.99;D
1.10.40-2;-16.39093194;-71.49684203;-1940633.201;2842903.381;D
1.10.40-2;-16.39091443;-71.49701577;-1940628.952;2842883.905;D
1.10.40-2;-16.39159027;-71.49704483;-1940707.99;2842871.774;D
1.10.40-3; ; ;-1.516416327;20763369.87;D
1.10.40-3;-16.39058073;-71.49700567;-1940589.873;2842889.413;D
1.10.40-3;-16.39086068;-71.49702605;-1940622.506;2842883.441;D
1.10.40-3;-16.39087917;-71.49682459;-1940627.221;2842906.049;D
1.10.40-3;-16.39036813;-71.49679392;-1940567.566;2842916.207;D
1.10.40-3;-16.3904425;-71.49693183;-1940574.563;2842899.595;D
1.10.40-4; ; ;-1.516416327;20763369.87;D
1.10.40-4;-16.39183162;-71.49639244;-1940744.579;2842942.609;D
1.10.40-4;-16.39137591;-71.49638922;-1940691.078;2842948.932;D
1.10.40-4;-16.3913701;-71.49674814;-1940685.866;2842908.302;D
1.10.40-4;-16.39182965;-71.49676804;-1940739.608;2842900.036;D
1.10.40-5; ; ;-1.516416327;20763369.87;D
1.10.40-5;-16.39132692;-71.49638199;-1940685.413;2842950.393;D
1.10.40-5;-16.39095037;-71.49636065;-1940641.442;2842957.736;D
1.10.40-5;-16.39093931;-71.49675038;-1940635.224;2842913.679;D
1.10.40-5;-16.39131314;-71.49675456;-1940679.093;2842908.317;D
1.10.40-6; ; ;-1.516416327;20763369.87;D
1.10.40-6;-16.39088243;-71.49636874;-1940633.357;2842957.706;D
1.10.40-6;-16.39052911;-71.49633444;-1940592.279;2842966.216;D
1.10.40-6;-16.39035404;-71.49630661;-1940572.06;2842971.66;D
1.10.40-6;-16.39020491;-71.49618507;-1940556.072;2842987.395;D
1.10.40-6;-16.39017981;-71.49669442;-1940546.696;2842929.954;D
1.10.40-6;-16.3908643;-71.49673876;-1940626.558;2842915.977;D
1.10.40-7; ; ;-1.516416327;20763369.87;D
1.10.40-7;-16.39135866;-71.49606531;-1940693.14;2842985.893;D
1.10.40-7;-16.3909622;-71.49596548;-1940647.819;2843002.399;D
1.10.40-7;-16.39094668;-71.49628816;-1940641.923;2842966.005;D
1.10.40-7;-16.39135497;-71.4963115;-1940689.599;2842958.02;D
1.10.40-8; ; ;-1.516416327;20763369.87;D
1.10.40-8;-16.39092056;-71.49594221;-1940643.22;2843005.583;D
1.10.40-8;-16.39076929;-71.49591691;-1940625.766;2843010.431;D
1.10.40-8;-16.39064718;-71.49606631;-1940609.533;2842995.083;D
1.10.40-8;-16.39064371;-71.49627874;-1940606.445;2842971.034;D
1.10.40-8;-16.39089742;-71.49628749;-1940636.144;2842966.725;D
1.10.40-9; ; ;-1.516416327;20763369.87;D
1.10.40-9;-16.39085695;-71.49575061;-1940638.164;2843028.145;D
1.10.40-9;-16.39075149;-71.49561946;-1940627.429;2843044.398;D
1.10.40-9;-16.39020944;-71.496053;-1940558.271;2843002.314;D
1.10.40-9;-16.39039988;-71.49625456;-1940578.102;2842976.965;D
1.10.40-9;-16.39059183;-71.49626844;-1940600.479;2842972.881;D
1.10.40-9;-16.39059359;-71.49607879;-1940603.08;2842994.367;D
1.10.40-10; ; ;-1.516416327;20763369.87;D
1.10.40-10;-16.39040116;-71.49540437;-1940588.982;2843073.373;D
1.10.40-10;-16.39000018;-71.49573161;-1940537.741;2843041.501;D
1.10.40-10;-16.39018499;-71.49601107;-1940555.928;2843007.39;D
1.10.40-10;-16.39058954;-71.49566361;-1940607.844;2843041.509;D
1.10.40-11; ; ;-1.516416327;20763369.87;D
1.10.40-11;-16.38998782;-71.49582819;-1940535.069;2843030.709;D
1.10.40-11;-16.38987038;-71.49580266;-1940521.593;2843035.14;D
1.10.40-11;-16.38946725;-71.49631099;-1940467.814;2842982.757;D
1.10.40-11;-16.38984061;-71.49641756;-1940510.336;2842965.789;D
1.10.40-12; ; ;-1.516416327;20763369.87;D
1.10.40-12;-16.38934663;-71.49585874;-1940459.349;2843035.626;D
1.10.40-12;-16.38920895;-71.49613521;-1940439.685;2843006.069;D
1.10.40-12;-16.38944622;-71.49623904;-1940466.251;2842991.192;D
1.10.40-12;-16.38963327;-71.49599326;-1940491.33;2843016.622;D
1.10.40-13; ; ;-1.516416327;20763369.87;D
1.10.40-13;-16.3899201;-71.49509352;-1940536.384;2843114.918;D
1.10.40-13;-16.38981687;-71.49500424;-1940525.383;2843126.394;D
1.10.40-13;-16.38956056;-71.49555083;-1940488.37;2843067.752;D
1.10.40-13;-16.38937867;-71.49580095;-1940463.843;2843041.761;D
1.10.40-13;-16.38965928;-71.4959426;-1940495.025;2843022.028;D
1.10.40-13;-16.38987628;-71.49568712;-1940523.744;2843048.167;D
1.10.40-14; ; ;-1.516416327;20763369.87;D
1.10.40-14;-16.39034395;-71.49537773;-1940582.596;2843077.142;D
1.10.40-14;-16.38995222;-71.49494142;-1940542.078;2843131.749;D
1.10.40-14;-16.38993754;-71.4949797;-1940539.869;2843127.599;D
1.10.40-14;-16.38998563;-71.4956794;-1940536.69;2843047.613;D
1.10.45-4; ; ;-1.516416327;20763369.87;D
1.10.45-4;-16.38906692;-71.48660994;-1940543.226;2844088.284;D
1.10.45-4;-16.38917325;-71.48679752;-1940553.352;2844065.618;D
1.10.45-4;-16.38919789;-71.48691613;-1940554.75;2844051.842;D
1.10.45-4;-16.38971541;-71.48657744;-1940619.833;2844083.488;D
1.10.45-4;-16.38940846;-71.4863296;-1940586.897;2844115.614;D
1.10.45-5; ; ;-1.516416327;20763369.87;D
1.10.45-5;-16.38909287;-71.48584011;-1940555.995;2844175.261;D
1.10.45-5;-16.38896668;-71.48592521;-1940540.093;2844167.26;D
1.10.45-5;-16.38901125;-71.48652021;-1940537.817;2844099.19;D
1.10.45-5;-16.38902069;-71.48653465;-1940538.745;2844097.428;D
1.10.45-5;-16.38937013;-71.48629382;-1940582.844;2844120.173;D
1.10.45-6; ; ;-1.516416327;20763369.87;D
1.10.45-6;-16.38962857;-71.48582978;-1940619.07;2844169.426;D
1.10.45-6;-16.38944228;-71.48571751;-1940598.598;2844184.597;D
1.10.45-6;-16.38905075;-71.48564243;-1940553.542;2844198.234;D
1.10.45-6;-16.38925205;-71.48590477;-1940573.882;2844165.845;D
1.10.45-6;-16.38955441;-71.48635597;-1940603.712;2844110.713;D
1.10.45-6;-16.3897092;-71.48642303;-1940621.054;2844101.084;D
1.10.45-11; ; ;-1.516416327;20763369.87;D
1.10.45-11;-16.38880758;-71.48441356;-1940540.486;2844340.798;D
1.10.45-11;-16.38882467;-71.48458083;-1940540.383;2844321.603;D
1.10.45-11;-16.3895603;-71.48475676;-1940624.596;2844292.025;D
1.10.45-11;-16.38958058;-71.48455499;-1940629.527;2844314.645;D
1.10.45-12; ; ;-1.516416327;20763369.87;D
1.10.45-12;-16.38965024;-71.48459803;-1940637.169;2844308.853;D
1.10.45-12;-16.38961032;-71.48477764;-1940630.211;2844289.002;D
1.10.45-12;-16.39011923;-71.48492517;-1940688.144;2844265.612;D
1.10.45-12;-16.39016666;-71.48471849;-1940696.327;2844288.433;D
1.10.46-1; ; ;-1.516416327;20763369.87;D
1.10.46-1;-16.40088355;-71.47825054;-1942037.281;2844881.778;D
1.10.46-1;-16.4003804;-71.47845924;-1941975.523;2844864.695;D
1.10.46-1;-16.40051614;-71.4788081;-1941987.063;2844823.35;D
1.10.46-1;-16.40102617;-71.4786091;-1942049.508;2844839.242;D
1.10.46-2; ; ;-1.516416327;20763369.87;D
1.10.46-2;-16.40065286;-71.47793791;-1942014.126;2844920.257;D
1.10.46-2;-16.40024583;-71.4781107;-1941964.116;2844905.989;D
1.10.46-2;-16.40032763;-71.47836551;-1941970.507;2844876.017;D
1.10.46-2;-16.40078792;-71.47815814;-1942027.213;2844893.51;D
1.10.46-3; ; ;-1.516416327;20763369.87;D
1.10.46-3;-16.39945048;-71.4772649;-1941881.35;2845012.335;D
1.10.46-3;-16.39924311;-71.47734812;-1941855.932;2845005.611;D
1.10.46-3;-16.39938399;-71.47769071;-1941868.156;2844964.91;D
1.10.46-3;-16.39985687;-71.47746956;-1941926.515;2844983.8;D
1.10.46-4; ; ;-1.516416327;20763369.87;D
1.10.46-4;-16.39992885;-71.47755055;-1941933.95;2844973.672;D
1.10.46-4;-16.39940704;-71.47775782;-1941870.016;2844956.996;D
1.10.46-4;-16.39955256;-71.47815254;-1941882.127;2844910.321;D
1.10.46-4;-16.40008802;-71.47793899;-1941947.743;2844927.53;D
1.10.46-5; ; ;-1.516416327;20763369.87;D
1.10.46-5;-16.40012159;-71.47799757;-1941950.948;2844920.447;D
1.10.46-5;-16.39959366;-71.47821428;-1941886.176;2844902.78;D
1.10.46-5;-16.39972575;-71.47858187;-1941897.05;2844859.358;D
1.10.46-5;-16.40023816;-71.47838327;-1941959.769;2844875.174;D
1.10.46-6; ; ;-1.516416327;20763369.87;D
1.10.46-6;-16.40026366;-71.47846095;-1941961.785;2844866.03;D
1.10.46-6;-16.39976407;-71.47867841;-1941900.333;2844847.907;D
1.10.46-6;-16.39989447;-71.47899124;-1941911.702;2844810.718;D
1.10.46-6;-16.40038647;-71.47881737;-1941971.71;2844823.997;D
1.10.46-7; ; ;-1.516416327;20763369.87;D
1.10.46-7;-16.40037834;-71.47893228;-1941969.302;2844811.07;D
1.10.46-7;-16.39991264;-71.47913632;-1941912.002;2844794.025;D
1.10.46-7;-16.40003658;-71.47944879;-1941922.617;2844756.963;D
1.10.46-7;-16.40044917;-71.47910578;-1941975.432;2844790.464;D
1.10.46-8; ; ;-1.516416327;20763369.87;D
1.10.46-8;-16.39983269;-71.47914856;-1941902.454;2844793.684;D
1.10.46-8;-16.39932861;-71.47933563;-1941840.86;2844779.066;D
1.10.46-8;-16.39945337;-71.47971085;-1941850.777;2844734.875;D
1.10.46-8;-16.39995746;-71.47950854;-1941912.565;2844751.222;D
1.10.46-9; ; ;-1.516416327;20763369.87;D
1.10.46-9;-16.3996968;-71.47870449;-1941892.098;2844845.829;D
1.10.46-9;-16.39917832;-71.47891079;-1941828.569;2844829.22;D
1.10.46-9;-16.39930948;-71.4792588;-1941839.583;2844788.031;D
1.10.46-9;-16.39981103;-71.47908269;-1941900.741;2844801.438;D
1.10.46-10; ; ;-1.516416327;20763369.87;D
1.10.46-10;-16.39952874;-71.47824883;-1941878.111;2844899.711;D
1.10.46-10;-16.39901776;-71.47845469;-1941815.467;2844883.053;D
1.10.46-10;-16.39913961;-71.47880371;-1941825.374;2844841.871;D
1.10.46-10;-16.3996431;-71.47859987;-1941887.112;2844858.399;D
1.10.46-11; ; ;-1.516416327;20763369.87;D
1.10.46-11;-16.39935827;-71.47779352;-1941863.834;2844953.585;D
1.10.46-11;-16.39885844;-71.47799503;-1941802.556;2844937.274;D
1.10.46-11;-16.39899307;-71.47837285;-1941813.601;2844892.659;D
1.10.46-11;-16.39948417;-71.47818976;-1941873.62;2844906.995;D
1.10.46-12; ; ;-1.516416327;20763369.87;D
1.10.46-12;-16.39918919;-71.47733283;-1941849.79;2845008.052;D
1.10.46-12;-16.39866122;-71.477573;-1941784.717;2844987.724;D
1.10.46-12;-16.39879987;-71.47795355;-1941796.199;2844942.745;D
1.10.46-12;-16.39933054;-71.47773065;-1941861.371;2844961.079;D
1.10.46-13; ; ;-1.516416327;20763369.87;D
1.10.46-13;-16.39926215;-71.47936111;-1941832.728;2844777.046;D
1.10.46-13;-16.39872828;-71.47955961;-1941767.489;2844761.521;D
1.10.46-13;-16.3988268;-71.47993953;-1941774.265;2844717.142;D
1.10.46-13;-16.39937477;-71.47972221;-1941841.398;2844734.616;D
1.10.46-14; ; ;-1.516416327;20763369.87;D
1.10.46-14;-16.39911644;-71.47891165;-1941821.287;2844829.932;D
1.10.46-14;-16.39857716;-71.47911281;-1941755.379;2844814.176;D
1.10.46-14;-16.39869501;-71.47949246;-1941764.429;2844769.574;D
1.10.46-14;-16.39922775;-71.4792961;-1941829.508;2844784.87;D
1.10.46-15; ; ;-1.516416327;20763369.87;D
1.10.46-15;-16.39895229;-71.47848204;-1941807.43;2844880.808;D
1.10.46-15;-16.39839271;-71.47868004;-1941739.175;2844865.677;D
1.10.46-15;-16.39853388;-71.47902132;-1941751.449;2844825.12;D
1.10.46-15;-16.39905966;-71.47882256;-1941815.742;2844840.78;D
1.10.46-16; ; ;-1.516416327;20763369.87;D
1.10.46-16;-16.39877205;-71.47804103;-1941791.824;2844933.187;D
1.10.46-16;-16.39821624;-71.478273;-1941723.583;2844914.154;D
1.10.46-16;-16.39833976;-71.47860327;-1941733.923;2844875.078;D
1.10.46-16;-16.39888685;-71.47839123;-1941800.888;2844891.965;D
1.10.46-17; ; ;-1.516416327;20763369.87;D
1.10.46-17;-16.39860216;-71.47757554;-1941777.744;2844988.209;D
1.10.46-17;-16.39806191;-71.47779513;-1941711.488;2844970.375;D
1.10.46-17;-16.39818394;-71.47816655;-1941721.133;2844926.651;D
1.10.46-17;-16.39873949;-71.47796008;-1941789.022;2844942.796;D
1.10.46-18; ; ;-1.516416327;20763369.87;D
1.10.46-18;-16.39843103;-71.47716061;-1941762.88;2845037.512;D
1.10.46-18;-16.39788074;-71.47734493;-1941695.89;2845023.811;D
1.10.46-18;-16.39801884;-71.47773631;-1941707.171;2844977.611;D
1.10.46-18;-16.39857623;-71.47750537;-1941775.584;2844996.507;D
1.10.46-19; ; ;-1.516416327;20763369.87;D
1.10.46-19;-16.39812658;-71.47830519;-1941712.642;2844911.677;D
1.10.46-19;-16.39749189;-71.47853887;-1941635.111;2844893.482;D
1.10.46-19;-16.3976169;-71.47888579;-1941645.415;2844852.497;D
1.10.46-19;-16.39823596;-71.47865947;-1941721.017;2844870.062;D
1.10.46-20; ; ;-1.516416327;20763369.87;D
1.10.46-20;-16.39825668;-71.4787412;-1941722.418;2844860.521;D
1.10.46-20;-16.39764365;-71.47899103;-1941647.229;2844840.21;D
1.10.46-20;-16.39778151;-71.47934622;-1941658.94;2844798.119;D
1.10.46-20;-16.39838698;-71.47912539;-1941732.874;2844815.24;D
1.10.46-21; ; ;-1.516416327;20763369.87;D
1.10.46-21;-16.39840788;-71.47918859;-1941734.53;2844807.798;D
1.10.46-21;-16.39783022;-71.47940303;-1941663.945;2844791.038;D
1.10.46-21;-16.39793349;-71.47975345;-1941671.651;2844749.941;D
1.10.46-21;-16.39853798;-71.47953689;-1941745.416;2844766.59;D
1.10.46-22; ; ;-1.516416327;20763369.87;D
1.10.46-22;-16.39856377;-71.4796094;-1941747.53;2844758.029;D
1.10.46-22;-16.39796904;-71.4798247;-1941674.928;2844741.394;D
1.10.46-22;-16.39809312;-71.48021661;-1941684.555;2844695.32;D
1.10.46-22;-16.39874232;-71.48000081;-1941763.564;2844711.297;D
1.10.46-23; ; ;-1.516416327;20763369.87;D
1.10.46-23;-16.39824185;-71.4808174;-1941694.439;2844625.231;D
1.10.46-23;-16.39769859;-71.48098625;-1941628.473;2844613.191;D
1.10.46-23;-16.39785586;-71.48140074;-1941641.714;2844564.121;D
1.10.46-23;-16.39836098;-71.48121272;-1941703.442;2844578.834;D
1.10.46-24; ; ;-1.516416327;20763369.87;D
1.10.46-24;-16.3980756;-71.48032888;-1941681.078;2844682.815;D
1.10.46-24;-16.39753685;-71.4805513;-1941614.964;2844664.64;D
1.10.46-24;-16.3976734;-71.48092646;-1941626.268;2844620.302;D
1.10.46-24;-16.39821472;-71.48074408;-1941692.179;2844633.902;D
1.10.46-25; ; ;-1.516416327;20763369.87;D
1.10.46-25;-16.39792503;-71.47988046;-1941669.053;2844735.647;D
1.10.46-25;-16.39742667;-71.48009059;-1941607.839;2844718.338;D
1.10.46-25;-16.39750127;-71.48046281;-1941611.901;2844675.143;D
1.10.46-25;-16.3980179;-71.48026751;-1941675.073;2844690.532;D
1.10.46-26; ; ;-1.516416327;20763369.87;D
1.10.46-26;-16.39775366;-71.47944003;-1941654.481;2844787.845;D
1.10.46-26;-16.39728778;-71.47962093;-1941597.454;2844773.425;D
1.10.46-26;-16.39740373;-71.48000877;-1941606.178;2844727.917;D
1.10.46-26;-16.39786173;-71.47981924;-1941662.388;2844743.419;D
1.10.46-27; ; ;-1.516416327;20763369.87;D
1.10.46-27;-16.39758768;-71.47898343;-1941640.749;2844841.805;D
1.10.46-27;-16.39715293;-71.47915481;-1941587.499;2844828.058;D
1.10.46-27;-16.39728444;-71.47954666;-1941598;2844781.892;D
1.10.46-27;-16.39772085;-71.47936668;-1941651.553;2844796.593;D
1.10.46-28; ; ;-1.516416327;20763369.87;D
1.10.46-28;-16.3974134;-71.47858602;-1941625.292;2844889.162;D
1.10.46-28;-16.39702867;-71.47874494;-1941578.077;2844876.173;D
1.10.46-28;-16.39713116;-71.47909228;-1941585.731;2844835.436;D
1.10.46-28;-16.39754674;-71.47893727;-1941636.521;2844847.577;D
1.10.46-29; ; ;-1.516416327;20763369.87;D
1.10.46-29;-16.39714375;-71.47794693;-1941601.683;2844965.179;D
1.10.46-29;-16.39681106;-71.47809849;-1941560.677;2844952.344;D
1.10.46-29;-16.39697458;-71.47865671;-1941572.837;2844886.889;D
1.10.46-29;-16.3973579;-71.478513;-1941619.693;2844898.17;D
1.10.46-30; ; ;-1.516416327;20763369.87;D
1.10.46-30;-16.39691658;-71.47733862;-1941582.678;2845037.149;D
1.10.46-30;-16.39659315;-71.4774853;-1941542.821;2845024.747;D
1.10.46-30;-16.39678602;-71.47801007;-1941558.851;2844962.701;D
1.10.46-30;-16.3971056;-71.47786869;-1941598.189;2844974.553;D
1.10.46-31; ; ;-1.516416327;20763369.87;D
1.10.46-31;-16.39678278;-71.4770473;-1941570.638;2845071.943;D
1.10.46-31;-16.39636931;-71.47699326;-1941522.736;2845083.486;D
1.10.46-31;-16.39652698;-71.4774017;-1941536.101;2845035.096;D
1.10.46-31;-16.39687639;-71.47727651;-1941578.741;2845044.72;D
1.10.46-32; ; ;-1.516416327;20763369.87;D
1.10.46-32;-16.39590572;-71.47706305;-1941467.381;2845081.639;D
1.10.46-32;-16.39610216;-71.47755631;-1941484.23;2845023.121;D
1.10.46-32;-16.39642811;-71.47743005;-1941524.126;2845033.174;D
1.10.46-32;-16.39629981;-71.47705764;-1941513.756;2845077.094;D
1.10.46-33; ; ;-1.516416327;20763369.87;D
1.10.46-33;-16.39648756;-71.47751015;-1941530.099;2845023.311;D
1.10.46-33;-16.39613957;-71.47765636;-1941487.361;2845011.283;D
1.10.46-33;-16.39634317;-71.47818872;-1941504.558;2844948.236;D
1.10.46-33;-16.3966841;-71.47806042;-1941546.239;2844958.324;D
1.10.46-34; ; ;-1.516416327;20763369.87;D
1.10.46-34;-16.39670875;-71.47813639;-1941548.175;2844949.385;D
1.10.46-34;-16.3963534;-71.47828803;-1941504.505;2844936.837;D
1.10.46-34;-16.39652919;-71.47876819;-1941519.093;2844880.075;D
1.10.46-34;-16.39687805;-71.47867296;-1941561.288;2844886.31;D
1.10.46-35; ; ;-1.516416327;20763369.87;D
1.10.46-35;-16.39576379;-71.47687234;-1941453.114;2845105.129;D
1.10.46-35;-16.39533388;-71.47682575;-1941403.186;2845116.042;D
1.10.46-35;-16.3954293;-71.47713093;-1941410.542;2845080.178;D
1.10.46-35;-16.3958075;-71.477012;-1941456.485;2845088.716;D
1.10.46-36; ; ;-1.516416327;20763369.87;D
1.10.46-36;-16.39581765;-71.4770615;-1941457.052;2845082.969;D
1.10.46-36;-16.395485;-71.47720513;-1941416.149;2845071.033;D
1.10.46-36;-16.39570124;-71.47773735;-1941434.833;2845007.835;D
1.10.46-36;-16.39605847;-71.47759329;-1941478.629;2845019.499;D
1.10.46-37; ; ;-1.516416327;20763369.87;D
1.10.46-37;-16.39625438;-71.47818507;-1941494.171;2844949.811;D
1.10.46-37;-16.39605722;-71.47767599;-1941477.437;2845010.134;D
1.10.46-37;-16.39571562;-71.4778336;-1941435.306;2844996.729;D
1.10.46-37;-16.39590705;-71.47832924;-1941451.537;2844938.006;D
1.10.46-38; ; ;-1.516416327;20763369.87;D
1.10.46-38;-16.39629432;-71.47831681;-1941497.199;2844934.347;D
1.10.46-38;-16.39592469;-71.47843988;-1941452.211;2844925.226;D
1.10.46-38;-16.3960682;-71.47889373;-1941463.34;2844871.87;D
1.10.46-38;-16.39642492;-71.47879511;-1941506.501;2844878.387;D
1.10.46-39; ; ;-1.516416327;20763369.87;D
1.10.46-39;-16.39586835;-71.47846757;-1941445.242;2844922.823;D
1.10.46-39;-16.39554442;-71.47861256;-1941405.347;2844910.618;D
1.10.46-39;-16.3956851;-71.479035;-1941416.54;2844860.862;D
1.10.46-39;-16.39600635;-71.47893687;-1941455.527;2844867.787;D
1.10.46-40; ; ;-1.516416327;20763369.87;D
1.10.46-40;-16.39564415;-71.47784276;-1941426.792;2844996.626;D
1.10.46-40;-16.39532209;-71.47798685;-1941387.129;2844984.499;D
1.10.46-40;-16.39550401;-71.47853439;-1941401.587;2844920.014;D
1.10.46-40;-16.3958479;-71.47837005;-1941444.071;2844934.151;D
1.10.46-41; ; ;-1.516416327;20763369.87;D
1.10.46-41;-16.39540331;-71.47722192;-1941406.339;2845070.197;D
1.10.46-41;-16.39508696;-71.477358;-1941367.447;2845058.904;D
1.10.46-41;-16.39529434;-71.47786804;-1941385.37;2844998.338;D
1.10.46-41;-16.39561192;-71.47774277;-1941424.269;2845008.39;D
1.10.46-42; ; ;-1.516416327;20763369.87;D
1.10.46-42;-16.39526015;-71.47679856;-1941394.866;2845120.091;D
1.10.46-42;-16.39488584;-71.47671464;-1941351.944;2845134.509;D
1.10.46-42;-16.3948007;-71.47670197;-1941342.099;2845137.061;D
1.10.46-42;-16.39502828;-71.47731347;-1941361.114;2845064.722;D
1.10.46-42;-16.39538508;-71.47714727;-1941405.14;2845078.903;D
1.10.46-43; ; ;-1.516416327;20763369.87;D
1.10.46-43;-16.39480557;-71.47693083;-1941339.781;2845111.039;D
1.10.46-43;-16.39443455;-71.47688693;-1941296.739;2845120.875;D
1.10.46-43;-16.39463932;-71.47746871;-1941313.448;2845052.206;D
1.10.46-43;-16.39496941;-71.47733999;-1941353.861;2845062.485;D
1.10.46-44; ; ;-1.516416327;20763369.87;D
1.10.46-44;-16.39499167;-71.47740484;-1941355.658;2845054.839;D
1.10.46-44;-16.39463829;-71.47754653;-1941312.344;2845043.393;D
1.10.46-44;-16.39482703;-71.47807128;-1941327.891;2844981.402;D
1.10.46-44;-16.39519319;-71.47794066;-1941372.566;2844991.425;D
1.10.46-45; ; ;-1.516416327;20763369.87;D
1.10.46-45;-16.39522787;-71.47802452;-1941375.581;2844981.459;D
1.10.46-45;-16.39486855;-71.47815134;-1941331.758;2844971.778;D
1.10.46-45;-16.39505918;-71.47870956;-1941347.105;2844905.968;D
1.10.46-45;-16.39539683;-71.47858348;-1941388.372;2844915.848;D
1.10.46-46; ; ;-1.516416327;20763369.87;D
1.10.46-46;-16.39509674;-71.47879741;-1941350.408;2844895.512;D
1.10.46-46;-16.39498902;-71.47922683;-1941332.324;2844848.216;D
1.10.46-46;-16.39557868;-71.47907998;-1941403.467;2844857.153;D
1.10.46-46;-16.39545825;-71.47867091;-1941394.484;2844905.128;D
1.10.46-47; ; ;-1.516416327;20763369.87;D
1.10.46-47;-16.39471717;-71.47886877;-1941304.906;2844892.386;D
1.10.46-47;-16.39435604;-71.47890725;-1941261.986;2844892.748;D
1.10.46-47;-16.39448094;-71.47936141;-1941270.924;2844839.601;D
1.10.46-47;-16.39475163;-71.47926966;-1941303.89;2844846.464;D
1.10.46-48; ; ;-1.516416327;20763369.87;D
1.10.46-48;-16.39432738;-71.47892734;-1941258.364;2844890.845;D
1.10.46-48;-16.39403347;-71.47896322;-1941223.375;2844890.622;D
1.10.46-48;-16.39416848;-71.47943034;-1941233.338;2844835.872;D
1.10.46-48;-16.39443865;-71.47935468;-1941266.039;2844840.918;D
1.10.46-49; ; ;-1.516416327;20763369.87;D
1.10.46-49;-16.39400165;-71.47897596;-1941219.477;2844889.594;D
1.10.46-49;-16.39372015;-71.4790339;-1941185.667;2844886.707;D
1.10.46-49;-16.39386219;-71.47951409;-1941196.29;2844830.382;D
1.10.46-49;-16.394135;-71.47945029;-1941229.152;2844834.047;D
1.10.46-57; ; ;-1.516416327;20763369.87;D
1.10.46-57;-16.39481434;-71.47835433;-1941322.823;2844949.464;D
1.10.46-57;-16.39419271;-71.47865853;-1941245.937;2844923.098;D
1.10.46-57;-16.39426383;-71.47881076;-1941252.37;2844904.9;D
1.10.46-57;-16.39494306;-71.47874591;-1941333;2844903.365;D
1.10.46-58; ; ;-1.516416327;20763369.87;D
1.10.46-58;-16.39462581;-71.47782247;-1941307.391;2845012.258;D
1.10.46-58;-16.39395354;-71.47817143;-1941223.988;2844981.477;D
1.10.46-58;-16.39415816;-71.47859766;-1941242.645;2844930.453;D
1.10.46-58;-16.39477974;-71.478316;-1941319.242;2844954.265;D
1.10.46-59; ; ;-1.516416327;20763369.87;D
1.10.46-59;-16.39442023;-71.47730319;-1941289.797;2845073.848;D
1.10.46-59;-16.39371617;-71.47764543;-1941202.742;2845044.246;D
1.10.46-59;-16.39391863;-71.47806483;-1941221.232;2844994.025;D
1.10.46-59;-16.39460591;-71.4777264;-1941306.266;2845023.415;D
1.10.46-60; ; ;-1.516416327;20763369.87;D
1.10.46-60;-16.39429708;-71.47709418;-1941277.966;2845099.168;D
1.10.46-60;-16.3936507;-71.47697774;-1941203.485;2845120.836;D
1.10.46-60;-16.3935965;-71.47742964;-1941191.407;2845070.288;D
1.10.46-60;-16.39367339;-71.47755785;-1941198.822;2845054.74;D
1.10.46-60;-16.39430945;-71.47722436;-1941277.775;2845084.24;D
1.10.46-61; ; ;-1.516416327;20763369.87;D
1.10.46-61;-16.39415166;-71.47697953;-1941262.328;2845114.076;D
1.10.46-61;-16.39420192;-71.47638571;-1941275.738;2845180.772;D
1.10.46-61;-16.39372086;-71.47631414;-1941220.115;2845195.187;D
1.10.46-61;-16.39368299;-71.47688992;-1941208.389;2845130.375;D
1.10.46-62; ; ;-1.516416327;20763369.87;D
1.10.46-62;-16.39424391;-71.47628338;-1941281.965;2845191.829;D
1.10.46-62;-16.39428454;-71.47584816;-1941292.238;2845240.663;D
1.10.46-62;-16.39382697;-71.47552858;-1941242.51;2845282.901;D
1.10.46-62;-16.39377073;-71.47622873;-1941227.054;2845204.222;D
1.10.46-62;-16.39422581;-71.47628605;-1941279.804;2845191.763;D
1.10.46-63; ; ;-1.516416327;20763369.87;D
1.10.46-63;-16.39375293;-71.47543885;-1941234.943;2845294.049;D
1.10.46-63;-16.39332958;-71.47524511;-1941187.646;2845321.566;D
1.10.46-63;-16.39323793;-71.47610428;-1941166.02;2845225.313;D
1.10.46-63;-16.39365961;-71.47618402;-1941214.561;2845210.748;D
1.10.46-64; ; ;-1.516416327;20763369.87;D
1.10.46-64;-16.39366311;-71.47628454;-1941213.703;2845199.3;D
1.10.46-64;-16.39320552;-71.47622114;-1941160.736;2845212.481;D
1.10.46-64;-16.39313415;-71.47678149;-1941145.268;2845149.858;D
1.10.46-64;-16.39360866;-71.47685213;-1941200.132;2845135.633;D
1.10.46-65; ; ;-1.516416327;20763369.87;D
1.10.46-65;-16.39317852;-71.4777499;-1941138.247;2845039.434;D
1.10.46-65;-16.39355356;-71.47757323;-1941184.548;2845054.563;D
1.10.46-65;-16.39352113;-71.47749442;-1941181.732;2845063.928;D
1.10.46-65;-16.39357933;-71.47697472;-1941195.137;2845122.113;D
1.10.46-65;-16.39309449;-71.4769502;-1941138.477;2845131.241;D
1.10.46-65;-16.39301673;-71.47751877;-1941122.155;2845067.767;D
1.10.46-66; ; ;-1.516416327;20763369.87;D
1.10.46-66;-16.39361378;-71.47765908;-1941190.539;2845044.038;D
1.10.46-66;-16.39317812;-71.47787287;-1941136.645;2845025.49;D
1.10.46-66;-16.39339631;-71.47832041;-1941156.629;2844971.873;D
1.10.46-66;-16.39381386;-71.47811533;-1941208.284;2844989.668;D
1.10.46-67; ; ;-1.516416327;20763369.87;D
1.10.46-67;-16.39384694;-71.4782041;-1941211.05;2844979.167;D
1.10.46-67;-16.39342664;-71.47839281;-1941159.278;2844963.263;D
1.10.46-67;-16.39364098;-71.47892044;-1941177.798;2844900.611;D
1.10.46-67;-16.39415701;-71.47884144;-1941239.43;2844902.818;D
1.10.46-69; ; ;-1.516416327;20763369.87;D
1.10.46-69;-16.39304925;-71.47771117;-1941123.546;2845045.519;D
1.10.46-69;-16.39261177;-71.47793707;-1941069.287;2845025.621;D
1.10.46-69;-16.39287429;-71.47856726;-1941092.172;2844950.706;D
1.10.46-69;-16.3932969;-71.47833015;-1941144.826;2844972.069;D
1.10.46-70; ; ;-1.516416327;20763369.87;D
1.10.46-70;-16.39298373;-71.4790773;-1941098.587;2844891.422;D
1.10.46-70;-16.39279133;-71.47870197;-1941080.721;2844936.512;D
1.10.46-70;-16.39238093;-71.4789131;-1941029.831;2844917.936;D
1.10.46-70;-16.39244588;-71.47921353;-1941033.668;2844883.01;D
1.10.46-71; ; ;-1.516416327;20763369.87;D
1.10.46-71;-16.39214667;-71.47858947;-1941006.393;2844957.71;D
1.10.46-71;-16.39179015;-71.47869353;-1940963.186;2844950.572;D
1.10.46-71;-16.39190635;-71.47931698;-1940968.964;2844878.336;D
1.10.46-71;-16.39228826;-71.47922655;-1941014.982;2844883.595;D
1.10.46-72; ; ;-1.516416327;20763369.87;D
1.10.46-72;-16.39251544;-71.47805524;-1941056.475;2845013.479;D
1.10.46-72;-16.39184939;-71.47647733;-1940998.147;2845201.174;D
1.10.46-72;-16.39139225;-71.47690558;-1940939.02;2845158.582;D
1.10.46-72;-16.39184008;-71.47845184;-1940972.107;2844977.333;D
1.10.46-73; ; ;-1.516416327;20763369.87;D
1.10.46-73;-16.39295036;-71.47737112;-1941116.222;2845085.383;D
1.10.46-73;-16.39235787;-71.47728873;-1941047.644;2845102.483;D
1.10.46-73;-16.39235882;-71.4772933;-1941047.697;2845101.952;D
1.10.46-73;-16.39249262;-71.47766066;-1941058.778;2845058.534;D
1.10.46-73;-16.39290564;-71.47771208;-1941106.66;2845047.295;D
1.10.46-74; ; ;-1.516416327;20763369.87;D
1.10.46-74;-16.39299163;-71.47690686;-1941126.937;2845137.503;D
1.10.46-74;-16.39253448;-71.47685447;-1941073.883;2845149.429;D
1.10.46-74;-16.39248293;-71.47719147;-1941063.567;2845111.878;D
1.10.46-74;-16.39293224;-71.47727361;-1941115.326;2845096.68;D
1.10.46-75; ; ;-1.516416327;20763369.87;D
1.10.46-75;-16.39245609;-71.47684473;-1941064.794;2845151.56;D
1.10.46-75;-16.39210398;-71.47680919;-1941023.869;2845160.2;D
1.10.46-75;-16.39227692;-71.47718619;-1941039.427;2845115.175;D
1.10.46-75;-16.39241819;-71.477205;-1941055.789;2845111.191;D
1.10.46-76; ; ;-1.516416327;20763369.87;D
1.10.46-76;-16.39310309;-71.47620561;-1941148.896;2845215.584;D
1.10.46-76;-16.39264655;-71.47611386;-1941096.41;2845231.966;D
1.10.46-76;-16.39255065;-71.47671956;-1941077.487;2845164.519;D
1.10.46-76;-16.39301644;-71.47677331;-1941131.541;2845152.326;D
1.10.46-77; ; ;-1.516416327;20763369.87;D
1.10.46-77;-16.39309238;-71.47608588;-1941149.15;2845229.305;D
1.10.46-77;-16.39321383;-71.47528008;-1941173.603;2845319.115;D
1.10.46-77;-16.39273501;-71.47521953;-1941118.104;2845332.251;D
1.10.46-77;-16.39266198;-71.47602255;-1941099.376;2845242.122;D
1.10.46-78; ; ;-1.516416327;20763369.87;D
1.10.46-78;-16.39255071;-71.47615711;-1941084.601;2845228.316;D
1.10.46-78;-16.39244036;-71.47615402;-1941071.674;2845230.111;D
1.10.46-78;-16.39204284;-71.47635753;-1941022.392;2845212.23;D
1.10.46-78;-16.39204268;-71.47667295;-1941018.388;2845176.455;D
1.10.46-78;-16.39248804;-71.47672228;-1941070.096;2845165.031;D
1.10.46-79; ; ;-1.516416327;20763369.87;D
1.10.46-79;-16.39199566;-71.47568536;-1941025.341;2845289.091;D
1.10.46-79;-16.39119058;-71.47632571;-1940922.649;2845226.994;D
1.10.46-79;-16.39137121;-71.47666515;-1940939.586;2845186.129;D
1.10.46-79;-16.39153569;-71.47667227;-1940958.822;2845183.169;D
1.10.46-79;-16.39224557;-71.47608788;-1941049.62;2845240.162;D
1.10.47-1; ; ;-1.516416327;20763369.87;D
1.10.47-1;-16.39167639;-71.47858594;-1940951.179;2844964.265;D
1.10.47-1;-16.39122361;-71.47873103;-1940896.142;2844953.733;D
1.10.47-1;-16.39137971;-71.47952218;-1940904.491;2844861.953;D
1.10.47-1;-16.39183585;-71.47937289;-1940959.974;2844872.917;D
1.10.47-2; ; ;-1.516416327;20763369.87;D
1.10.47-2;-16.39118171;-71.47886417;-1940889.537;2844939.179;D
1.10.47-2;-16.39072194;-71.47895007;-1940834.428;2844935.453;D
1.10.47-2;-16.39084937;-71.47968563;-1940840.11;2844850.354;D
1.10.47-2;-16.3912822;-71.47955119;-1940892.666;2844859.939;D
1.10.47-3; ; ;-1.516416327;20763369.87;D
1.10.47-3;-16.39063318;-71.47898407;-1940823.568;2844932.758;D
1.10.47-3;-16.3901951;-71.4790971;-1940770.665;2844925.67;D
1.10.47-3;-16.39032367;-71.47981792;-1940776.668;2844842.228;D
1.10.47-3;-16.39075175;-71.47973187;-1940828.055;2844846.386;D
1.10.47-4; ; ;-1.516416327;20763369.87;D
1.10.47-4;-16.39010023;-71.47911125;-1940759.339;2844925.307;D
1.10.47-4;-16.3897363;-71.47921567;-1940715.258;2844918.224;D
1.10.47-4;-16.38987059;-71.47984558;-1940723.08;2844845.019;D
1.10.47-4;-16.39021691;-71.47979706;-1940764.386;2844845.99;D
1.10.47-5; ; ;-1.516416327;20763369.87;D
1.10.47-5;-16.38993303;-71.47832569;-1940749.615;2845016.599;D
1.10.47-5;-16.38959464;-71.47822955;-1940711.068;2845031.932;D
1.10.47-5;-16.38970528;-71.47909837;-1940713.094;2844931.936;D
1.10.47-5;-16.3900782;-71.47902256;-1940757.87;2844935.655;D
1.10.47-6; ; ;-1.516416327;20763369.87;D
1.10.47-6;-16.39052772;-71.4785711;-1940816.394;2844980.98;D
1.10.47-6;-16.3900693;-71.47834948;-1940765.327;2845012.117;D
1.10.47-6;-16.39019371;-71.47898573;-1940771.908;2844938.32;D
1.10.47-6;-16.39060277;-71.47889048;-1940821.177;2844943.772;D
1.10.47-7; ; ;-1.516416327;20763369.87;D
1.10.47-7;-16.39065504;-71.4784917;-1940832.358;2844988.32;D
1.10.47-7;-16.39066995;-71.47860818;-1940832.638;2844974.913;D
1.10.47-7;-16.39089824;-71.47862374;-1940859.266;2844970.161;D
1.10.47-7;-16.39063463;-71.47760639;-1940841.142;2845089.006;D
1.10.47-7;-16.39030733;-71.47789682;-1940799.015;2845060.346;D
1.10.47-7;-16.3904387;-71.47846798;-1940807.236;2844993.841;D
1.10.47-8; ; ;-1.516416327;20763369.87;D
1.10.47-8;-16.39099974;-71.47729545;-1940887.973;2845119.497;D
1.10.47-8;-16.39068185;-71.47756255;-1940847.245;2845093.36;D
1.10.47-8;-16.39098881;-71.47869205;-1940869.045;2844961.227;D
1.10.47-8;-16.39132919;-71.47860099;-1940910.192;2844967.102;D
1.10.47-9; ; ;-1.516416327;20763369.87;D
1.10.47-9;-16.39135139;-71.47694635;-1940933.703;2845154.493;D
1.10.47-9;-16.39103144;-71.47726864;-1940892.036;2845122.123;D
1.10.47-9;-16.39140561;-71.47859983;-1940919.186;2844966.233;D
1.10.47-9;-16.39175291;-71.47847809;-1940961.532;2844975.496;D
1.10.47-10; ; ;-1.516416327;20763369.87;D
1.10.47-10;-16.38998646;-71.47643002;-1940779.841;2845230.922;D
1.10.47-10;-16.38960499;-71.47649353;-1940734.215;2845228.711;D
1.10.47-10;-16.38975265;-71.4773692;-1940740.503;2845127.452;D
1.10.47-10;-16.39014082;-71.47728767;-1940787.144;2845131.62;D
1.10.47-11; ; ;-1.516416327;20763369.87;D
1.10.47-11;-16.39123931;-71.47695197;-1940920.463;2845155.321;D
1.10.47-11;-16.39111855;-71.47618119;-1940916.011;2845244.33;D
1.10.47-11;-16.39091207;-71.47621561;-1940891.314;2845243.128;D
1.10.47-11;-16.39108137;-71.47708101;-1940900.273;2845142.752;D
1.10.47-12; ; ;-1.516416327;20763369.87;D
1.10.47-12;-16.39085332;-71.47624876;-1940883.992;2845240.137;D
1.10.47-12;-16.39049103;-71.47634149;-1940840.25;2845234.361;D
1.10.47-12;-16.39067392;-71.47716393;-1940851.349;2845138.679;D
1.10.47-12;-16.39102523;-71.47709399;-1940893.514;2845142.014;D
1.10.47-13; ; ;-1.516416327;20763369.87;D
1.10.47-13;-16.39043299;-71.47633393;-1940833.525;2845235.978;D
1.10.47-13;-16.39008882;-71.47641633;-1940792.042;2845231.136;D
1.10.47-13;-16.39023275;-71.47725029;-1940798.418;2845134.657;D
1.10.47-13;-16.39058502;-71.4771863;-1940840.621;2845137.305;D
1.10.47-14; ; ;-1.516416327;20763369.87;D
1.10.47-14;-16.39002283;-71.476297;-1940785.796;2845245.534;D
1.10.47-14;-16.39083952;-71.47616143;-1940883.474;2845250.224;D
1.10.47-14;-16.39081942;-71.47592736;-1940884.069;2845277.036;D
1.10.47-14;-16.38999512;-71.47606458;-1940785.475;2845272.261;D
1.10.47-15; ; ;-1.516416327;20763369.87;D
1.10.47-15;-16.38991925;-71.47609181;-1940776.216;2845270.165;D
1.10.47-15;-16.38912816;-71.47626921;-1940681.018;2845260.396;D
1.10.47-15;-16.38915115;-71.47647773;-1940681.086;2845236.443;D
1.10.47-15;-16.3899575;-71.47633398;-1940777.652;2845242.195;D
1.10.47-16; ; ;-1.516416327;20763369.87;D
1.10.47-16;-16.39020811;-71.47783437;-1940788.145;2845068.729;D
1.10.47-16;-16.39048052;-71.47760883;-1940823.004;2845090.746;D
1.10.47-16;-16.39042623;-71.47734988;-1940819.895;2845120.829;D
1.10.47-16;-16.38940745;-71.47753867;-1940697.799;2845112.747;D
1.10.47-16;-16.38948358;-71.4779399;-1940701.677;2845066.24;D
1.10.47-16;-16.38973938;-71.47792354;-1940731.941;2845064.748;D
1.10.47-17; ; ;-1.516416327;20763369.87;D
1.10.47-17;-16.38954136;-71.47651774;-1940726.432;2845226.797;D
1.10.47-17;-16.38917215;-71.47658757;-1940682.166;2845223.709;D
1.10.47-17;-16.38933492;-71.47744069;-1940690.515;2845124.81;D
1.10.47-17;-16.38969305;-71.47737737;-1940733.397;2845127.306;D
1.10.47-18; ; ;-1.516416327;20763369.87;D
1.10.47-18;-16.38841442;-71.47635545;-1940596.061;2845259.955;D
1.10.47-18;-16.38842057;-71.47667203;-1940592.784;2845223.964;D
1.10.47-18;-16.38904776;-71.47653215;-1940668.249;2845231.623;D
1.10.47-18;-16.38902451;-71.47632845;-1940668.091;2845255.032;D
1.10.47-19; ; ;-1.516416327;20763369.87;D
1.10.47-19;-16.3890889;-71.47663205;-1940671.821;2845219.753;D
1.10.47-19;-16.388447;-71.47677252;-1940594.621;2845212.22;D
1.10.47-19;-16.38859665;-71.47760179;-1940601.73;2845116.197;D
1.10.47-19;-16.38926753;-71.47748271;-1940682.065;2845120.925;D
1.10.47-20; ; ;-1.516416327;20763369.87;D
1.10.47-20;-16.38944017;-71.47808173;-1940694.784;2845050.721;D
1.10.47-20;-16.38930717;-71.47753349;-1940686.081;2845114.647;D
1.10.47-20;-16.38862421;-71.47769583;-1940603.781;2845105.17;D
1.10.47-20;-16.38879299;-71.47828258;-1940616.202;2845036.407;D
1.10.47-20;-16.38889681;-71.47917714;-1940617.101;2844933.58;D
1.10.47-20;-16.38961154;-71.47904433;-1940702.761;2844939.292;D
1.10.47-21; ; ;-1.516416327;20763369.87;D
1.10.47-21;-16.38964644;-71.47911688;-1940705.946;2844930.606;D
1.10.47-21;-16.3889071;-71.47926574;-1940617.191;2844923.395;D
1.10.47-21;-16.38904374;-71.47998993;-1940624.1;2844839.464;D
1.10.47-21;-16.38977346;-71.47986222;-1940711.456;2844844.402;D
1.10.47-22; ; ;-1.516416327;20763369.87;D
1.10.47-22;-16.38881299;-71.47928107;-1940605.939;2844922.888;D
1.10.47-22;-16.38766003;-71.47957223;-1940466.785;2844904.948;D
1.10.47-22;-16.38780051;-71.48026172;-1940474.584;2844824.902;D
1.10.47-22;-16.38892508;-71.48002691;-1940609.69;2844836.823;D
1.10.47-23; ; ;-1.516416327;20763369.87;D
1.10.47-23;-16.38759911;-71.47955708;-1940459.818;2844907.463;D
1.10.47-23;-16.38716803;-71.4796466;-1940408.035;2844902.949;D
1.10.47-23;-16.38732255;-71.48038076;-1940416.919;2844817.652;D
1.10.47-23;-16.38769349;-71.48030029;-1940461.521;2844821.927;D
1.10.47-24; ; ;-1.516416327;20763369.87;D
1.10.47-24;-16.38751787;-71.47788989;-1940471.33;2845097.634;D
1.10.47-24;-16.38685386;-71.47803923;-1940391.419;2845089.383;D
1.10.47-24;-16.38716616;-71.47954052;-1940409.154;2844915.005;D
1.10.47-24;-16.38783108;-71.47938858;-1940489.204;2844923.541;D
1.10.47-25; ; ;-1.516416327;20763369.87;D
1.10.47-25;-16.38732926;-71.47698832;-1940460.555;2845202.367;D
1.10.47-25;-16.38669017;-71.4771067;-1940383.963;2845197.302;D
1.10.47-25;-16.3868478;-71.47796693;-1940391.62;2845097.663;D
1.10.47-25;-16.38749018;-71.47782071;-1940468.95;2845105.844;D
1.10.47-26; ; ;-1.516416327;20763369.87;D
1.10.47-26;-16.38726202;-71.47664174;-1940457.031;2845242.56;D
1.10.47-26;-16.38659984;-71.47664432;-1940379.19;2845250.932;D
1.10.47-26;-16.38667855;-71.47703744;-1940383.473;2845205.31;D
1.10.47-26;-16.38730418;-71.47687873;-1940458.992;2845215.127;D
1.10.47-27; ; ;-1.516416327;20763369.87;D
1.10.47-27;-16.38804835;-71.47683921;-1940546.935;2845209.871;D
1.10.47-27;-16.38743164;-71.47698402;-1940472.64;2845201.515;D
1.10.47-27;-16.38758424;-71.47779417;-1940480.337;2845107.624;D
1.10.47-27;-16.38817144;-71.47768712;-1940550.688;2845112.083;D
1.10.47-28; ; ;-1.516416327;20763369.87;D
1.10.47-28;-16.38833758;-71.47679824;-1940581.438;2845210.734;D
1.10.47-28;-16.38814469;-71.47684087;-1940558.234;2845208.422;D
1.10.47-28;-16.38827466;-71.47766139;-1940563.142;2845113.651;D
1.10.47-28;-16.38847712;-71.47762746;-1940587.36;2845114.849;D
1.10.47-29; ; ;-1.516416327;20763369.87;D
1.10.47-29;-16.38824749;-71.47627214;-1940577.498;2845271.589;D
1.10.47-29;-16.38735328;-71.47650577;-1940469.472;2845256.789;D
1.10.47-29;-16.38740331;-71.47686104;-1940470.864;2845215.835;D
1.10.47-29;-16.38831643;-71.47668189;-1940580.423;2845224.209;D
1.10.47-31; ; ;-1.516416327;20763369.87;D
1.10.47-31;-16.38654059;-71.47666688;-1940371.942;2845249.149;D
1.10.47-31;-16.38553633;-71.47686033;-1940251.492;2845240.345;D
1.10.47-31;-16.38554735;-71.47723735;-1940248.026;2845197.434;D
1.10.47-31;-16.38659191;-71.47703682;-1940373.299;2845206.514;D
1.10.47-32; ; ;-1.516416327;20763369.87;D
1.10.47-32;-16.38660701;-71.47710591;-1940374.202;2845198.48;D
1.10.47-32;-16.38555534;-71.47731209;-1940248.02;2845188.853;D
1.10.47-32;-16.38558778;-71.47768354;-1940247.141;2845146.293;D
1.10.47-32;-16.38667321;-71.477518;-1940376.776;2845150.87;D
1.10.47-33; ; ;-1.516416327;20763369.87;D
1.10.47-33;-16.38669394;-71.47756065;-1940378.672;2845145.76;D
1.10.47-33;-16.38560034;-71.47773466;-1940247.972;2845140.331;D
1.10.47-33;-16.38568621;-71.47820865;-1940252.075;2845085.442;D
1.10.47-33;-16.38677329;-71.4779829;-1940382.664;2845096.826;D
1.10.47-34; ; ;-1.516416327;20763369.87;D
1.10.47-34;-16.38682046;-71.47840397;-1940382.887;2845048.447;D
1.10.47-34;-16.38678504;-71.47803556;-1940383.378;2845090.699;D
1.10.47-34;-16.38570229;-71.47827914;-1940253.074;2845077.236;D
1.10.47-34;-16.38580503;-71.4786789;-1940260.098;2845030.547;D
1.10.47-35; ; ;-1.516416327;20763369.87;D
1.10.47-35;-16.38683816;-71.47847351;-1940384.09;2845040.327;D
1.10.47-35;-16.38583703;-71.47874483;-1940263.025;2845022.65;D
1.10.47-35;-16.38599;-71.47914337;-1940275.967;2844975.442;D
1.10.47-35;-16.38692945;-71.4789159;-1940389.228;2844988.953;D
1.10.47-36; ; ;-1.516416327;20763369.87;D
1.10.47-36;-16.38694628;-71.47898355;-1940390.352;2844981.059;D
1.10.47-36;-16.38601219;-71.47922741;-1940277.513;2844965.619;D
1.10.47-36;-16.38620943;-71.47974264;-1940294.183;2844904.596;D
1.10.47-36;-16.3871028;-71.47959576;-1940401.012;2844909.568;D
1.10.47-37; ; ;-1.516416327;20763369.87;D
1.10.47-37;-16.38676161;-71.4797221;-1940359.325;2844899.702;D
1.10.47-37;-16.38691222;-71.4804799;-1940367.452;2844811.775;D
1.10.47-37;-16.38724518;-71.48042633;-1940407.252;2844813.495;D
1.10.47-37;-16.38710499;-71.47965061;-1940400.577;2844903.318;D
1.10.47-38; ; ;-1.516416327;20763369.87;D
1.10.47-38;-16.38671461;-71.47974111;-1940353.563;2844898.16;D
1.10.47-38;-16.38627118;-71.47984099;-1940300.196;2844892.632;D
1.10.47-38;-16.38636297;-71.48065541;-1940300.698;2844799.052;D
1.10.47-38;-16.38682814;-71.48050543;-1940357.251;2844809.979;D
1.10.47-39; ; ;-1.516416327;20763369.87;D
1.10.47-39;-16.3858877;-71.47989305;-1940254.479;2844891.744;D
1.10.47-39;-16.3858736;-71.48060513;-1940243.83;2844811.157;D
1.10.47-39;-16.38621353;-71.48064968;-1940283.21;2844801.657;D
1.10.47-39;-16.38621144;-71.47990711;-1940292.342;2844885.913;D
1.10.47-40; ; ;-1.516416327;20763369.87;D
1.10.47-40;-16.38544934;-71.47985047;-1940203.508;2844902.308;D
1.10.47-40;-16.38543929;-71.48044351;-1940194.838;2844835.171;D
1.10.47-40;-16.38574139;-71.48059924;-1940228.369;2844813.554;D
1.10.47-40;-16.38577879;-71.47984444;-1940242.296;2844898.682;D
1.10.47-41; ; ;-1.516416327;20763369.87;D
1.10.47-41;-16.38536603;-71.47986831;-1940193.494;2844901.374;D
1.10.47-41;-16.38498926;-71.4798701;-1940149.2;2844906.1;D
1.10.47-41;-16.38499535;-71.48017061;-1940146.12;2844871.934;D
1.10.47-41;-16.38539067;-71.480179;-1940192.465;2844865.81;D
1.10.47-42; ; ;-1.516416327;20763369.87;D
1.10.47-42;-16.38452081;-71.4798659;-1940094.208;2844912.704;D
1.10.47-42;-16.38454982;-71.48009853;-1940094.679;2844885.937;D
1.10.47-42;-16.38492364;-71.48018966;-1940137.453;2844870.71;D
1.10.47-42;-16.3849389;-71.47987818;-1940143.18;2844905.842;D
1.10.47-43; ; ;-1.516416327;20763369.87;D
1.10.47-43;-16.38408375;-71.47989517;-1940042.483;2844915.101;D
1.10.47-43;-16.38423967;-71.48006576;-1940058.649;2844893.712;D
1.10.47-43;-16.38448142;-71.48007305;-1940086.964;2844889.721;D
1.10.47-43;-16.38447214;-71.47987705;-1940088.348;2844912.076;D
1.10.47-44; ; ;-1.516416327;20763369.87;D
1.10.47-44;-16.3843169;-71.47977568;-1940071.386;2844925.605;D
1.10.47-44;-16.38400743;-71.47925848;-1940041.554;2844988.32;D
1.10.47-44;-16.38359775;-71.47928672;-1939993.059;2844990.475;D
1.10.47-44;-16.38396512;-71.47978972;-1940029.874;2844928.614;D
1.10.47-45; ; ;-1.516416327;20763369.87;D
1.10.47-45;-16.38447808;-71.47916273;-1940098.067;2844993.024;D
1.10.47-45;-16.38409251;-71.47924958;-1940051.664;2844988.217;D
1.10.47-45;-16.38439477;-71.47976629;-1940080.655;2844925.652;D
1.10.47-45;-16.38478414;-71.47978343;-1940126.191;2844918.614;D
1.10.47-46; ; ;-1.516416327;20763369.87;D
1.10.47-46;-16.38482885;-71.47883148;-1940143.466;2845026.01;D
1.10.47-46;-16.38454371;-71.47912896;-1940106.205;2844995.997;D
1.10.47-46;-16.38492962;-71.47977632;-1940143.376;2844917.517;D
1.10.47-46;-16.38536049;-71.47975292;-1940194.3;2844914.535;D
1.10.47-47; ; ;-1.516416327;20763369.87;D
1.10.47-47;-16.38589332;-71.4792272;-1940263.549;2844967.198;D
1.10.47-47;-16.38519334;-71.47931518;-1940180.187;2844966.375;D
1.10.47-47;-16.38544562;-71.47977232;-1940204.058;2844911.221;D
1.10.47-47;-16.38609338;-71.4797436;-1940280.535;2844906.005;D
1.10.47-48; ; ;-1.516416327;20763369.87;D
1.10.47-48;-16.3849094;-71.47884726;-1940152.732;2845023.166;D
1.10.47-48;-16.38514391;-71.47922643;-1940175.5;2844977.089;D
1.10.47-48;-16.38587443;-71.47916576;-1940262.104;2844974.413;D
1.10.47-48;-16.38574312;-71.47876525;-1940251.733;2845021.562;D
1.10.47-49; ; ;-1.516416327;20763369.87;D
1.10.47-49;-16.3855938;-71.47824825;-1940240.716;2845082.159;D
1.10.47-49;-16.38500837;-71.47836452;-1940170.458;2845076.629;D
1.10.47-49;-16.38490067;-71.47880576;-1940152.231;2845027.988;D
1.10.47-49;-16.3857125;-71.47870209;-1940248.933;2845029.126;D
1.10.47-50; ; ;-1.516416327;20763369.87;D
1.10.47-50;-16.3847515;-71.47881065;-1940134.64;2845029.384;D
1.10.47-50;-16.38481391;-71.47861602;-1940144.431;2845050.645;D
1.10.47-50;-16.38487538;-71.47839054;-1940154.502;2845075.417;D
1.10.47-50;-16.38418581;-71.47850147;-1940072.074;2845071.856;D
1.10.47-50;-16.38450222;-71.4790249;-1940102.643;2845008.342;D
1.10.47-50;-16.38466042;-71.47892932;-1940122.44;2845017.115;D
1.10.47-51; ; ;-1.516416327;20763369.87;D
1.10.47-51;-16.38407958;-71.47850532;-1940059.542;2845072.809;D
1.10.47-51;-16.38378858;-71.4786774;-1940023.175;2845057.095;D
1.10.47-51;-16.38406329;-71.47916318;-1940049.321;2844998.399;D
1.10.47-51;-16.38441713;-71.47909961;-1940091.701;2845000.982;D
1.10.47-52; ; ;-1.516416327;20763369.87;D
1.10.47-52;-16.38373243;-71.47870372;-1940016.246;2845054.845;D
1.10.47-52;-16.38341332;-71.47884822;-1939976.924;2845042.628;D
1.10.47-52;-16.38356047;-71.47920631;-1939989.693;2845000.085;D
1.10.47-52;-16.38397604;-71.47918095;-1940038.844;2844997.525;D
1.10.47-53; ; ;-1.516416327;20763369.87;D
1.10.47-53;-16.38306142;-71.47815922;-1939944.274;2845125.386;D
1.10.47-53;-16.38264722;-71.47827816;-1939894.102;2845117.313;D
1.10.47-53;-16.38280566;-71.47852982;-1939909.542;2845086.694;D
1.10.47-53;-16.38326119;-71.47879182;-1939959.76;2845051.015;D
1.10.47-54; ; ;-1.516416327;20763369.87;D
1.10.47-54;-16.38353045;-71.47812838;-1939999.778;2845122.749;D
1.10.47-54;-16.38350312;-71.47814291;-1939996.383;2845121.459;D
1.10.47-54;-16.38316989;-71.4782118;-1939956.356;2845118.003;D
1.10.47-54;-16.38339149;-71.47880663;-1939974.884;2845047.632;D
1.10.47-54;-16.38371278;-71.47864184;-1940014.719;2845062.121;D
1.10.47-55; ; ;-1.516416327;20763369.87;D
1.10.47-55;-16.38385262;-71.47807671;-1940038.286;2845124.396;D
1.10.47-55;-16.38359518;-71.47810811;-1940007.639;2845124.202;D
1.10.47-55;-16.38375305;-71.47860421;-1940019.926;2845065.863;D
1.10.47-55;-16.38390509;-71.47848408;-1940039.308;2845077.5;D
1.10.47-56; ; ;-1.516416327;20763369.87;D
1.10.47-56;-16.38487139;-71.47790488;-1940160.167;2845130.559;D
1.10.47-56;-16.38395204;-71.47798512;-1940051.125;2845133.485;D
1.10.47-56;-16.38397751;-71.47840382;-1940048.83;2845085.657;D
1.10.47-56;-16.38490141;-71.47830799;-1940158.603;2845084.441;D
1.10.47-57; ; ;-1.516416327;20763369.87;D
1.10.47-57;-16.38481134;-71.47743402;-1940159.057;2845184.756;D
1.10.47-57;-16.38390745;-71.47757978;-1940051.005;2845180.046;D
1.10.47-57;-16.38393236;-71.47794373;-1940049.336;2845138.437;D
1.10.47-57;-16.38486302;-71.47784607;-1940159.926;2845137.34;D
1.10.47-58; ; ;-1.516416327;20763369.87;D
1.10.47-58;-16.38297784;-71.47765542;-1939940.816;2845183.627;D
1.10.47-58;-16.38313296;-71.47812066;-1939953.168;2845128.825;D
1.10.47-58;-16.38384873;-71.47800644;-1940038.716;2845132.417;D
1.10.47-58;-16.38380532;-71.477556;-1940039.304;2845184.08;D
1.10.47-59; ; ;-1.516416327;20763369.87;D
1.10.47-59;-16.38275782;-71.47721369;-1939920.54;2845236.613;D
1.10.47-59;-16.38236581;-71.47731323;-1939873.22;2845230.449;D
1.10.47-59;-16.38267308;-71.47819136;-1939898.237;2845126.821;D
1.10.47-59;-16.38302876;-71.47810052;-1939941.178;2845132.472;D
1.10.47-61; ; ;-1.516416327;20763369.87;D
1.10.47-61;-16.38342824;-71.47698104;-1940002.257;2845254.233;D
1.10.47-61;-16.38415541;-71.47622005;-1940097.313;2845331.041;D
1.10.47-61;-16.38385463;-71.47590663;-1940065.929;2845370.529;D
1.10.47-61;-16.38321698;-71.4765632;-1939982.709;2845304.394;D
1.10.47-61;-16.38300178;-71.47653891;-1939957.728;2845309.964;D
1.10.47-61;-16.38260229;-71.47652451;-1939910.967;2845316.823;D
1.10.47-61;-16.38277325;-71.4771067;-1939923.704;2845248.547;D
1.10.47-61;-16.38308755;-71.47707541;-1939961.031;2845247.985;D
1.10.47-62; ; ;-1.516416327;20763369.87;D
1.10.47-62;-16.38378291;-71.4770575;-1940042.966;2845240.92;D
1.10.47-62;-16.38281798;-71.47718994;-1939927.909;2845238.519;D
1.10.47-62;-16.38296452;-71.47760386;-1939939.901;2845189.65;D
1.10.47-62;-16.38382674;-71.47749458;-1940042.597;2845190.767;D
1.10.47-63; ; ;-1.516416327;20763369.87;D
1.10.47-63;-16.38478432;-71.47694336;-1940162.079;2845240.765;D
1.10.47-63;-16.38386249;-71.47704035;-1940052.533;2845241.824;D
1.10.47-63;-16.383908;-71.47750817;-1940051.973;2845188.163;D
1.10.47-63;-16.38481495;-71.47738188;-1940160.14;2845190.623;D
1.10.47-64; ; ;-1.516416327;20763369.87;D
1.10.47-64;-16.38420149;-71.47627817;-1940101.995;2845323.845;D
1.10.47-64;-16.38350076;-71.47699289;-1940010.627;2845251.94;D
1.10.47-64;-16.38469957;-71.47687425;-1940152.993;2845249.714;D
1.10.47-65; ; ;-1.516416327;20763369.87;D
1.10.47-65;-16.38542095;-71.47685286;-1940238.03;2845242.702;D
1.10.47-65;-16.38488261;-71.47692024;-1940173.921;2845242.102;D
1.10.47-65;-16.38491053;-71.47731261;-1940172.245;2845197.23;D
1.10.47-65;-16.38544263;-71.4772287;-1940235.83;2845199.786;D
1.10.47-67; ; ;-1.516416327;20763369.87;D
1.10.47-67;-16.38466704;-71.47583878;-1940162.249;2845367.596;D
1.10.47-67;-16.38426661;-71.47622326;-1940110.34;2845329.222;D
1.10.47-67;-16.38453777;-71.47651914;-1940138.465;2845292.111;D
1.10.47-67;-16.38499652;-71.47605134;-1940198.28;2845339.173;D
1.10.47-68; ; ;-1.516416327;20763369.87;D
1.10.47-68;-16.38422155;-71.47555976;-1940113.425;2845405.075;D
1.10.47-68;-16.38389009;-71.47586209;-1940070.657;2845375.117;D
1.10.47-68;-16.38419522;-71.47619541;-1940102.303;2845333.315;D
1.10.47-68;-16.38459264;-71.47580059;-1940153.989;2845372.901;D
1.10.48-1; ; ;-1.516416327;20763369.87;D
1.10.48-1;-16.38463611;-71.47532191;-1940165.143;2845426.631;D
1.10.48-1;-16.38457064;-71.47535969;-1940156.972;2845423.203;D
1.10.48-1;-16.38478038;-71.47562264;-1940178.297;2845390.63;D
1.10.48-1;-16.38494577;-71.47583198;-1940195.087;2845364.721;D
1.10.48-1;-16.38514386;-71.47589382;-1940217.583;2845355.114;D
1.10.48-1;-16.38547706;-71.47533208;-1940263.831;2845414.474;D
1.10.48-2; ; ;-1.516416327;20763369.87;D
1.10.48-2;-16.38604575;-71.47529418;-1940331.135;2845411.332;D
1.10.48-2;-16.38555587;-71.47530665;-1940273.413;2845416.327;D
1.10.48-2;-16.3852245;-71.47587038;-1940227.354;2845356.718;D
1.10.48-2;-16.38565575;-71.47591847;-1940277.421;2845345.62;D
1.10.48-3; ; ;-1.516416327;20763369.87;D
1.10.48-3;-16.38645569;-71.47596888;-1940370.783;2845329.435;D
1.10.48-3;-16.38642513;-71.47524835;-1940376.293;2845411.566;D
1.10.48-3;-16.38607912;-71.47524016;-1940335.738;2845417.023;D
1.10.48-3;-16.38606748;-71.47604982;-1940324.143;2845325.333;D
1.10.48-4; ; ;-1.516416327;20763369.87;D
1.10.48-4;-16.38679622;-71.47631179;-1940406.465;2845286.082;D
1.10.48-4;-16.38692613;-71.47631023;-1940421.75;2845284.559;D
1.10.48-4;-16.38688417;-71.47522721;-1940430.5;2845407.957;D
1.10.48-4;-16.38647543;-71.47523366;-1940382.389;2845412.574;D
1.10.48-4;-16.38652418;-71.47605917;-1940377.69;2845318.297;D
1.10.48-5; ; ;-1.516416327;20763369.87;D
1.10.48-5;-16.38737526;-71.47623712;-1940475.448;2845286.975;D
1.10.48-5;-16.38735256;-71.47524405;-1940485.326;2845399.918;D
1.10.48-5;-16.38696173;-71.47526546;-1940439.131;2845402.604;D
1.10.48-5;-16.38698062;-71.47631819;-1940428.053;2845282.943;D
1.10.48-6; ; ;-1.516416327;20763369.87;D
1.10.48-6;-16.38779391;-71.47589192;-1940529.003;2845320.653;D
1.10.48-6;-16.38779053;-71.47523964;-1940536.846;2845394.686;D
1.10.48-6;-16.38742868;-71.47525245;-1940494.165;2845397.968;D
1.10.48-6;-16.387439;-71.47524734;-1940495.442;2845398.413;D
1.10.48-6;-16.38746452;-71.47602562;-1940488.609;2845309.797;D
1.10.48-7; ; ;-1.516416327;20763369.87;D
1.10.48-7;-16.38826356;-71.47587327;-1940584.425;2845316.623;D
1.10.48-7;-16.38822485;-71.47521914;-1940588.14;2845391.327;D
1.10.48-7;-16.38789776;-71.47523375;-1940549.52;2845393.951;D
1.10.48-7;-16.38791354;-71.47591981;-1940542.708;2845315.924;D
1.10.48-8; ; ;-1.516416327;20763369.87;D
1.10.48-8;-16.38869377;-71.47518475;-1940643.675;2845389.092;D
1.10.48-8;-16.3883098;-71.4752189;-1940598.126;2845390.243;D
1.10.48-8;-16.38834851;-71.47588964;-1940594.201;2845313.654;D
1.10.48-8;-16.38872291;-71.47587175;-1940638.42;2845310.784;D
1.10.52-1; ; ;-1.516416327;20763369.87;D
1.10.52-1;-16.39151667;-71.48086837;-1940903.579;2844707.468;D
1.10.52-1;-16.39186548;-71.48112103;-1940941.373;2844674.247;D
1.10.52-1;-16.39227719;-71.4806375;-1940995.857;2844723.703;D
1.10.52-1;-16.39196496;-71.48032212;-1940963.154;2844763.561;D
1.10.52-2; ; ;-1.516416327;20763369.87;D
1.10.52-2;-16.39101238;-71.48066756;-1940846.86;2844736.844;D
1.10.52-2;-16.3914575;-71.48082985;-1940897.113;2844712.612;D
1.10.52-2;-16.39190475;-71.48029019;-1940956.482;2844767.97;D
1.10.52-2;-16.39159467;-71.4799955;-1940923.77;2844805.454;D
1.10.52-3; ; ;-1.516416327;20763369.87;D
1.10.52-3;-16.39196436;-71.48138034;-1940949.717;2844643.54;D
1.10.52-3;-16.39148919;-71.48210406;-1940884.742;2844567.67;D
1.10.52-3;-16.39213143;-71.48277294;-1940951.757;2844483.4;D
1.10.52-3;-16.39262038;-71.48204631;-1941018.388;2844559.419;D
1.10.52-4; ; ;-1.516416327;20763369.87;D
1.10.52-4;-16.39137446;-71.48091151;-1940886.324;2844704.436;D
1.10.52-4;-16.39097023;-71.48079542;-1940840.293;2844722.893;D
1.10.52-4;-16.39073404;-71.48184724;-1940799.255;2844606.68;D
1.10.52-4;-16.39112555;-71.48189852;-1940844.611;2844595.741;D
1.10.52-4;-16.39137535;-71.48201499;-1940872.49;2844579.263;D
1.10.52-4;-16.39170656;-71.48114771;-1940922.363;2844673.3;D
1.10.52-5; ; ;-1.516416327;20763369.87;D
1.10.52-5;-16.39026941;-71.48119067;-1940752.953;2844687.231;D
1.10.52-5;-16.38977751;-71.48097096;-1940697.928;2844718.589;D
1.10.52-5;-16.38958705;-71.48137699;-1940670.421;2844675.026;D
1.10.52-5;-16.39023957;-71.48172529;-1940742.695;2844626.983;D
1.10.52-5;-16.39065168;-71.48184746;-1940789.575;2844607.733;D
1.10.52-5;-16.39077958;-71.48133779;-1940811.041;2844663.869;D
1.10.52-6; ; ;-1.516416327;20763369.87;D
1.10.52-6;-16.38912888;-71.48002936;-1940633.605;2844833.878;D
1.10.52-6;-16.3886663;-71.48095784;-1940567.525;2844734.615;D
1.10.52-6;-16.3895209;-71.48133941;-1940663.123;2844680.153;D
1.10.52-6;-16.38999615;-71.48033587;-1940731.64;2844787.764;D
1.10.52-7; ; ;-1.516416327;20763369.87;D
1.10.52-7;-16.38816699;-71.48082412;-1940510.544;2844756.315;D
1.10.52-7;-16.38755762;-71.48177016;-1940426.994;2844656.98;D
1.10.52-7;-16.38776928;-71.48201804;-1940448.734;2844626.094;D
1.10.52-7;-16.38800196;-71.4821429;-1940474.498;2844608.889;D
1.10.52-7;-16.38858781;-71.48105818;-1940557.035;2844724.261;D
1.10.52-8; ; ;-1.516416327;20763369.87;D
1.10.52-8;-16.38811133;-71.48207811;-1940488.167;2844614.807;D
1.10.52-8;-16.38870558;-71.48215655;-1940557.003;2844598.135;D
1.10.52-8;-16.38901538;-71.48226716;-1940592.007;2844581.537;D
1.10.52-8;-16.38945497;-71.48145493;-1940653.917;2844667.914;D
1.10.52-8;-16.38865683;-71.48109228;-1940564.715;2844719.49;D
1.10.52-9; ; ;-1.516416327;20763369.87;D
1.10.52-9;-16.38912236;-71.48232514;-1940603.845;2844573.56;D
1.10.52-9;-16.38961557;-71.48254475;-1940659.024;2844542.198;D
1.10.52-9;-16.39005957;-71.4817599;-1940721.107;2844625.412;D
1.10.52-9;-16.38955161;-71.48148706;-1940664.867;2844663.005;D
1.10.52-10; ; ;-1.516416327;20763369.87;D
1.10.52-10;-16.39071618;-71.4819671;-1940795.643;2844593.319;D
1.10.52-10;-16.39016567;-71.48177619;-1940733.368;2844622.176;D
1.10.52-10;-16.38975326;-71.48255552;-1940675.067;2844539.176;D
1.10.52-10;-16.390019;-71.48255875;-1940706.251;2844535.332;D
1.10.52-10;-16.39041712;-71.48282551;-1940749.662;2844499.866;D
1.10.52-11; ; ;-1.516416327;20763369.87;D
1.10.52-11;-16.39079343;-71.4819786;-1940804.575;2844591.004;D
1.10.52-11;-16.39047983;-71.48289633;-1940756.136;2844491.013;D
1.10.52-11;-16.39096967;-71.48318994;-1940809.984;2844451.302;D
1.10.52-11;-16.39132265;-71.48213726;-1940864.754;2844566.083;D
1.10.52-12; ; ;-1.516416327;20763369.87;D
1.10.52-12;-16.3914489;-71.48222322;-1940878.502;2844554.682;D
1.10.52-12;-16.39106275;-71.48324703;-1940820.199;2844443.609;D
1.10.52-12;-16.39161191;-71.48360081;-1940880.258;2844396.297;D
1.10.52-12;-16.39209826;-71.48283067;-1940947.131;2844477.286;D
1.10.52-13; ; ;-1.516416327;20763369.87;D
1.10.52-13;-16.39122245;-71.48344867;-1940836.418;2844418.649;D
1.10.52-13;-16.39041179;-71.48298521;-1940747.019;2844481.823;D
1.10.52-13;-16.39022777;-71.48351436;-1940718.714;2844424.211;D
1.10.52-13;-16.39056228;-71.48370476;-1940755.614;2844398.239;D
1.10.52-13;-16.39088247;-71.48359939;-1940794.567;2844406.002;D
1.10.52-14; ; ;-1.516416327;20763369.87;D
1.10.52-14;-16.39047323;-71.48411812;-1940739.93;2844352.52;D
1.10.52-14;-16.39025475;-71.4839175;-1940716.792;2844378.133;D
1.10.52-14;-16.3897634;-71.48404149;-1940657.493;2844370.497;D
1.10.52-14;-16.38972009;-71.48422375;-1940650.102;2844350.391;D
1.10.52-14;-16.39000806;-71.48451977;-1940680.201;2844313.048;D
1.10.52-14;-16.39036317;-71.48485058;-1940717.749;2844270.88;D
1.10.52-14;-16.39072172;-71.48418262;-1940768.313;2844341.953;D
1.10.52-15; ; ;-1.516416327;20763369.87;D
1.10.52-15;-16.38919734;-71.48424485;-1940588.413;2844354.836;D
1.10.52-15;-16.38971348;-71.48353429;-1940658.033;2844428.679;D
1.10.52-15;-16.38979176;-71.48313107;-1940672.323;2844473.389;D
1.10.52-15;-16.38949889;-71.48294569;-1940640.251;2844498.248;D
1.10.52-15;-16.38872853;-71.48416647;-1940534.318;2844369.859;D
1.10.52-15;-16.38877576;-71.48435908;-1940537.435;2844347.394;D
1.10.52-16; ; ;-1.516416327;20763369.87;D
1.10.52-16;-16.38908002;-71.48253868;-1940596.174;2844549.893;D
1.10.52-16;-16.38816128;-71.48392505;-1940470.714;2844404.662;D
1.10.52-16;-16.38858216;-71.48424694;-1940516.103;2844362.646;D
1.10.52-16;-16.38949453;-71.48278725;-1940641.74;2844516.276;D
1.10.52-17; ; ;-1.516416327;20763369.87;D
1.10.52-17;-16.38893438;-71.4823741;-1940581.139;2844570.466;D
1.10.52-17;-16.388011;-71.48224628;-1940474.255;2844597.044;D
1.10.52-17;-16.38739493;-71.48348056;-1940386.28;2844465.103;D
1.10.52-17;-16.38807093;-71.48394974;-1940459.786;2844403.043;D
1.10.52-17;-16.38890476;-71.48258794;-1940574.959;2844546.599;D
1.10.52-18; ; ;-1.516416327;20763369.87;D
1.10.52-18;-16.38750478;-71.48203464;-1940417.446;2844627.672;D
1.10.52-18;-16.38697275;-71.48293509;-1940343.562;2844532.496;D
1.10.52-18;-16.38730266;-71.48331871;-1940377.482;2844484.668;D
1.10.52-18;-16.38790232;-71.48223375;-1940461.643;2844599.887;D
1.10.52-19; ; ;-1.516416327;20763369.87;D
1.10.52-19;-16.38673569;-71.48133313;-1940335.935;2844717.303;D
1.10.52-19;-16.38614553;-71.48236205;-1940253.598;2844608.314;D
1.10.52-19;-16.3868661;-71.48293072;-1940331.086;2844534.387;D
1.10.52-19;-16.38741844;-71.48203798;-1940407.259;2844628.423;D
1.10.52-20; ; ;-1.516416327;20763369.87;D
1.10.52-20;-16.38594887;-71.48250749;-1940228.654;2844594.39;D
1.10.52-20;-16.38658805;-71.48141787;-1940317.517;2844709.623;D
1.10.52-20;-16.38668856;-71.48125963;-1940331.325;2844726.257;D
1.10.52-20;-16.38633653;-71.48097868;-1940293.509;2844762.73;D
1.10.52-20;-16.38620721;-71.48116335;-1940275.982;2844743.474;D
1.10.52-20;-16.38563719;-71.48199074;-1940198.555;2844657.081;D
1.10.52-20;-16.38579226;-71.4822187;-1940213.897;2844629.196;D
1.10.52-20;-16.38588937;-71.48249293;-1940221.846;2844596.82;D
1.10.52-21; ; ;-1.516416327;20763369.87;D
1.10.52-21;-16.38607048;-71.48094696;-1940262.648;2844769.808;D
1.10.52-21;-16.38597708;-71.48089379;-1940252.344;2844777.061;D
1.10.52-21;-16.3859103;-71.48086591;-1940244.85;2844781.096;D
1.10.52-21;-16.38579914;-71.48091205;-1940231.205;2844777.317;D
1.10.52-21;-16.3853804;-71.48163378;-1940172.888;2844700.929;D
1.10.52-21;-16.3855349;-71.48193185;-1940187.279;2844665.099;D
1.10.52-21;-16.38611113;-71.48109948;-1940265.498;2844751.976;D
1.10.52-22; ; ;-1.516416327;20763369.87;D
1.10.52-22;-16.38484223;-71.48165041;-1940109.442;2844706.082;D
1.10.52-22;-16.38510088;-71.482059;-1940134.676;2844656.353;D
1.10.52-22;-16.38539858;-71.48231874;-1940166.377;2844622.997;D
1.10.52-22;-16.38546348;-71.4822068;-1940175.416;2844634.845;D
1.10.52-22;-16.38538986;-71.48190399;-1940170.589;2844670.156;D
1.10.52-22;-16.38530514;-71.48161579;-1940164.273;2844703.954;D
1.10.52-22;-16.38524151;-71.4815031;-1940158.219;2844717.569;D
1.10.52-23; ; ;-1.516416327;20763369.87;D
1.10.52-23;-16.38514099;-71.481173;-1940150.576;2844756.327;D
1.10.52-23;-16.38533063;-71.4815371;-1940168.262;2844712.547;D
1.10.52-23;-16.3856626;-71.48097602;-1940214.354;2844771.847;D
1.10.52-24; ; ;-1.516416327;20763369.87;D
1.10.52-24;-16.38564276;-71.48077518;-1940214.559;2844794.888;D
1.10.52-24;-16.38539834;-71.48073302;-1940186.371;2844802.868;D
1.10.52-24;-16.3850521;-71.48081055;-1940144.708;2844798.602;D
1.10.52-24;-16.38506737;-71.48101752;-1940143.888;2844774.926;D
1.10.52-24;-16.38510272;-71.48110969;-1940146.879;2844764.009;D
1.10.52-24;-16.38566744;-71.48091349;-1940215.712;2844778.876;D
1.10.52-25; ; ;-1.516416327;20763369.87;D
1.10.52-25;-16.3846969;-71.48075945;-1940103.617;2844809.045;D
1.10.52-25;-16.38493921;-71.48122034;-1940126.268;2844753.597;D
1.10.52-25;-16.38505386;-71.4815233;-1940135.915;2844717.732;D
1.10.52-25;-16.38522214;-71.48145794;-1940156.514;2844722.945;D
1.10.52-25;-16.38511257;-71.48120797;-1940146.795;2844752.732;D
1.10.52-25;-16.38503691;-71.48105786;-1940139.8;2844770.749;D
1.10.52-25;-16.38500691;-71.48093096;-1940137.877;2844785.535;D
1.10.52-25;-16.38500908;-71.48078069;-1940140.029;2844802.552;D
1.10.52-25;-16.38500046;-71.48063753;-1940140.825;2844818.903;D
1.10.52-25;-16.38496786;-71.48054334;-1940138.183;2844830.013;D
1.10.52-25;-16.38487895;-71.48043627;-1940129.088;2844843.321;D
1.10.52-25;-16.38478475;-71.48038259;-1940118.697;2844850.643;D
1.10.52-25;-16.38470176;-71.48032972;-1940109.613;2844857.726;D
1.10.52-25;-16.38440564;-71.48029306;-1940075.282;2844865.757;D
1.10.52-26; ; ;-1.516416327;20763369.87;D
1.10.52-26;-16.38393918;-71.48006491;-1940023.351;2844897.738;D
1.10.52-26;-16.38394204;-71.48019507;-1940022.044;2844882.937;D
1.10.52-26;-16.38396492;-71.48035687;-1940022.689;2844864.284;D
1.10.52-26;-16.38422182;-71.48056791;-1940050.211;2844836.985;D
1.10.52-26;-16.3844462;-71.4808964;-1940072.429;2844796.789;D
1.10.52-26;-16.3846588;-71.48129399;-1940092.389;2844748.91;D
1.10.52-26;-16.38480125;-71.48159549;-1940105.321;2844712.848;D
1.10.52-26;-16.3850322;-71.48153975;-1940133.163;2844716.149;D
1.10.52-26;-16.3848833;-71.48121351;-1940119.785;2844755.103;D
1.10.52-26;-16.38453228;-71.48058222;-1940086.51;2844831.301;D
1.10.52-26;-16.38429176;-71.48024015;-1940062.569;2844873.249;D
1.10.52-26;-16.38404099;-71.47997119;-1940036.498;2844907.038;D
1.10.53-1; ; ;-1.516416327;20763369.87;D
1.10.53-1;-16.38689822;-71.48356338;-1940326.87;2844462.206;D
1.10.53-1;-16.3869422;-71.48402677;-1940326.187;2844409.069;D
1.10.53-1;-16.38774574;-71.48405606;-1940420.234;2844395.237;D
1.10.53-1;-16.38765027;-71.48395148;-1940410.336;2844408.348;D
1.10.53-2; ; ;-1.516416327;20763369.87;D
1.10.53-2;-16.38693803;-71.48412603;-1940324.444;2844397.865;D
1.10.53-2;-16.38693216;-71.48452756;-1940318.686;2844352.398;D
1.10.53-2;-16.38780492;-71.48454852;-1940420.97;2844338.605;D
1.10.53-2;-16.38782845;-71.48418202;-1940428.363;2844379.868;D
1.10.53-3; ; ;-1.516416327;20763369.87;D
1.10.53-3;-16.38802654;-71.4841719;-1940451.766;2844378.425;D
1.10.53-3;-16.38789736;-71.4841643;-1940436.682;2844380.977;D
1.10.53-3;-16.38787615;-71.48455354;-1940429.276;2844337.105;D
1.10.53-3;-16.38850499;-71.48459523;-1940502.639;2844324.151;D
1.10.53-3;-16.3885165;-71.48440145;-1940506.437;2844345.979;D
1.10.53-4; ; ;-1.516416327;20763369.87;D
1.10.53-4;-16.38785985;-71.48465132;-1940426.126;2844326.227;D
1.10.53-4;-16.38786418;-71.48505561;-1940421.53;2844280.314;D
1.10.53-4;-16.388451;-71.48507045;-1940490.294;2844270.955;D
1.10.53-4;-16.38849401;-71.48468746;-1940500.183;2844313.833;D
1.10.53-5; ; ;-1.516416327;20763369.87;D
1.10.53-5;-16.38723989;-71.48462222;-1940353.648;2844337.636;D
1.10.53-5;-16.38690651;-71.4845983;-1940314.778;2844344.71;D
1.10.53-5;-16.38692747;-71.48497388;-1940312.499;2844301.835;D
1.10.53-5;-16.38708929;-71.48501809;-1940330.955;2844294.704;D
1.10.53-5;-16.38778998;-71.48503954;-1940413.015;2844283.107;D
1.10.53-5;-16.38780647;-71.48464987;-1940419.872;2844327.089;D
1.10.53-7; ; ;-1.516416327;20763369.87;D
1.10.53-7;-16.38785292;-71.48513464;-1940419.209;2844271.497;D
1.10.53-7;-16.38785029;-71.48551882;-1940414.05;2844227.956;D
1.10.53-7;-16.38843379;-71.48556745;-1940481.996;2844214.808;D
1.10.53-7;-16.38845443;-71.48517383;-1940489.391;2844259.184;D
1.10.53-8; ; ;-1.516416327;20763369.87;D
1.10.53-8;-16.38731646;-71.4851167;-1940356.402;2844280.549;D
1.10.53-8;-16.38731229;-71.48549849;-1940351.092;2844237.298;D
1.10.53-8;-16.3877757;-71.48552109;-1940405.257;2844228.674;D
1.10.53-8;-16.38778747;-71.48513808;-1940411.476;2844271.962;D
1.10.53-14; ; ;-1.516416327;20763369.87;D
1.10.53-14;-16.38689772;-71.4864839;-1940289.94;2844130.95;D
1.10.53-14;-16.38672844;-71.48685187;-1940265.405;2844091.427;D
1.10.53-14;-16.38673579;-71.48697548;-1940264.708;2844077.31;D
1.10.53-14;-16.38793428;-71.48705066;-1940404.579;2844053.11;D
1.10.53-14;-16.38796414;-71.48656422;-1940414.228;2844107.893;D
1.10.53-15; ; ;-1.516416327;20763369.87;D
1.10.53-15;-16.38791955;-71.48760313;-1940395.874;2843990.638;D
1.10.53-15;-16.38787589;-71.48738153;-1940393.542;2844016.345;D
1.10.53-15;-16.38792562;-71.48714457;-1940402.376;2844042.571;D
1.10.53-15;-16.38673415;-71.48705834;-1940263.468;2844067.933;D
1.10.53-15;-16.38674652;-71.48755236;-1940258.686;2844011.738;D
1.10.53-15;-16.38747764;-71.48761937;-1940343.746;2843994.575;D
1.10.53-15;-16.38787066;-71.48787216;-1940386.733;2843960.764;D
1.10.53-15;-16.387929;-71.48774799;-1940395.155;2843974.085;D
1.10.53-16; ; ;-1.516416327;20763369.87;D
1.10.53-16;-16.38744477;-71.48770027;-1940338.862;2843985.83;D
1.10.53-16;-16.38675517;-71.48765235;-1940258.44;2844000.283;D
1.10.53-16;-16.3867885;-71.48822767;-1940255.094;2843934.592;D
1.10.53-16;-16.38758719;-71.48805831;-1940351.076;2843943.357;D
1.10.53-16;-16.38768828;-71.48801906;-1940363.449;2843946.487;D
1.10.53-16;-16.3877551;-71.48799337;-1940371.625;2843948.527;D
1.10.53-16;-16.38780128;-71.48793632;-1940377.771;2843954.394;D
1.10.53-16;-16.38761924;-71.48780894;-1940357.99;2843971.223;D
1.10.53-19; ; ;-1.516416327;20763369.87;D
1.10.53-19;-16.38619068;-71.48766259;-1940191.984;2844006.503;D
1.10.53-19;-16.38541762;-71.48769768;-1940100.709;2844012.631;D
1.10.53-19;-16.38553822;-71.48893128;-1940099.309;2843871.133;D
1.10.53-19;-16.38639274;-71.48837643;-1940206.716;2843922.893;D
1.10.53-19;-16.38621716;-71.48809392;-1940189.651;2843957.233;D
1.10.53-20; ; ;-1.516416327;20763369.87;D
1.10.53-20;-16.38467703;-71.48772327;-1940013.367;2844019.413;D
1.10.53-20;-16.38482444;-71.48929804;-1940010.813;2843838.867;D
1.10.53-20;-16.38490902;-71.48928751;-1940020.883;2843838.955;D
1.10.53-20;-16.3854473;-71.48897963;-1940088.016;2843866.838;D
1.10.53-20;-16.38533753;-71.48771436;-1940091.087;2844011.786;D
1.10.53-24; ; ;-1.516416327;20763369.87;D
1.10.53-24;-16.3839908;-71.48760901;-1939934.179;2844041.345;D
1.10.53-24;-16.38377222;-71.48758123;-1939908.847;2844047.354;D
1.10.53-24;-16.3839444;-71.48936969;-1939906.506;2843842.245;D
1.10.53-24;-16.38467843;-71.48931035;-1939993.501;2843839.379;D
1.10.53-24;-16.38453741;-71.48771745;-1939997.036;2844021.898;D
1.10.53-28; ; ;-1.516416327;20763369.87;D
1.10.53-28;-16.38215544;-71.48682658;-1939728.402;2844154.089;D
1.10.53-28;-16.38184047;-71.48748461;-1939683.087;2844083.568;D
1.10.53-28;-16.38185629;-71.48754709;-1939684.158;2844076.275;D
1.10.53-28;-16.38283633;-71.48744859;-1939800.555;2844074.635;D
1.10.53-28;-16.38282248;-71.48718186;-1939802.294;2844105.07;D
1.10.53-30; ; ;-1.516416327;20763369.87;D
1.10.53-30;-16.3819452;-71.48761986;-1939693.687;2844066.858;D
1.10.53-30;-16.38212892;-71.48875285;-1939700.975;2843935.944;D
1.10.53-30;-16.38243987;-71.48891052;-1939735.522;2843913.995;D
1.10.53-30;-16.38297114;-71.48884534;-1939798.767;2843914.443;D
1.10.53-30;-16.38285226;-71.48752849;-1939801.419;2844065.363;D
1.10.53-31; ; ;-1.516416327;20763369.87;D
1.10.53-31;-16.3818604;-71.49118175;-1939638.776;2843663.952;D
1.10.53-31;-16.38186387;-71.49141292;-1939636.267;2843637.687;D
1.10.53-31;-16.38195832;-71.49150482;-1939646.206;2843626.029;D
1.10.53-31;-16.38236667;-71.49122565;-1939697.707;2843652.357;D
1.10.53-31;-16.38224236;-71.4908977;-1939687.239;2843691.179;D
1.10.53-32; ; ;-1.516416327;20763369.87;D
1.10.53-32;-16.38244788;-71.49011153;-1939721.307;2843777.664;D
1.10.53-32;-16.38218191;-71.49034431;-1939687.119;2843754.738;D
1.10.53-32;-16.38234487;-71.4909688;-1939698.386;2843681.775;D
1.10.53-32;-16.38243134;-71.49117427;-1939705.954;2843657.339;D
1.10.53-32;-16.38267198;-71.49097654;-1939736.724;2843676.621;D
1.10.53-32;-16.38260664;-71.49075108;-1939731.891;2843703.047;D
1.10.53-33; ; ;-1.516416327;20763369.87;D
1.10.53-33;-16.382205;-71.49146741;-1939675.662;2843627.047;D
1.10.53-33;-16.3826057;-71.49152764;-1939721.981;2843614.979;D
1.10.53-33;-16.38291555;-71.49130828;-1939761.156;2843635.809;D
1.10.53-33;-16.38273356;-71.49102912;-1939743.295;2843669.852;D
1.10.53-35; ; ;-1.516416327;20763369.87;D
1.10.53-35;-16.38285854;-71.49011877;-1939769.467;2843771.474;D
1.10.53-35;-16.38254584;-71.49021404;-1939731.524;2843764.757;D
1.10.53-35;-16.38272913;-71.490937;-1939743.936;2843680.359;D
1.10.53-35;-16.38297048;-71.49066598;-1939775.715;2843707.944;D
1.10.53-36; ; ;-1.516416327;20763369.87;D
1.10.53-36;-16.38308637;-71.48987199;-1939799.35;2843796.489;D
1.10.53-36;-16.38314459;-71.4905166;-1939798.057;2843722.612;D
1.10.53-36;-16.38392917;-71.49044532;-1939891.141;2843720.441;D
1.10.53-36;-16.38386176;-71.48956696;-1939894.306;2843820.95;D
1.10.53-37; ; ;-1.516416327;20763369.87;D
1.10.53-37;-16.383941;-71.48950209;-1939904.436;2843827.271;D
1.10.53-37;-16.3841311;-71.4911576;-1939905.88;2843637.011;D
1.10.53-37;-16.38482183;-71.4911159;-1939987.563;2843632.711;D
1.10.53-37;-16.38468969;-71.48944768;-1939993.091;2843823.655;D
1.10.53-38; ; ;-1.516416327;20763369.87;D
1.10.53-38;-16.38439312;-71.49125696;-1939935.411;2843622.316;D
1.10.53-38;-16.38448603;-71.49240315;-1939931.865;2843491.097;D
1.10.53-38;-16.38494042;-71.49236081;-1939985.787;2843489.96;D
1.10.53-38;-16.38483035;-71.49121273;-1939987.343;2843621.617;D
1.10.53-39; ; ;-1.516416327;20763369.87;D
1.10.53-39;-16.38382074;-71.49185869;-1939860.567;2843561.547;D
1.10.53-39;-16.38388073;-71.49243248;-1939860.375;2843495.683;D
1.10.53-39;-16.38438578;-71.49239387;-1939920.203;2843493.46;D
1.10.53-39;-16.38431799;-71.49175466;-1939920.304;2843566.848;D
1.10.53-40; ; ;-1.516416327;20763369.87;D
1.10.53-40;-16.38388133;-71.49251637;-1939859.387;2843486.16;D
1.10.53-40;-16.38394655;-71.4932209;-1939858.161;2843405.397;D
1.10.53-40;-16.38442719;-71.49319434;-1939914.968;2843402.127;D
1.10.53-40;-16.38438976;-71.49247094;-1939919.699;2843484.666;D
1.10.53-41; ; ;-1.516416327;20763369.87;D
1.10.53-41;-16.38449937;-71.49247401;-1939932.539;2843482.886;D
1.10.53-41;-16.38455222;-71.4932112;-1939929.446;2843398.58;D
1.10.53-41;-16.3850385;-71.49326906;-1939985.852;2843385.662;D
1.10.53-41;-16.384952;-71.49245221;-1939985.995;2843479.441;D
1.10.53-42; ; ;-1.516416327;20763369.87;D
1.10.53-42;-16.38560028;-71.49255349;-1940060.887;2843459.48;D
1.10.53-42;-16.38510485;-71.49261694;-1940001.876;2843458.76;D
1.10.53-42;-16.38517888;-71.49328186;-1940002.184;2843382.376;D
1.10.53-42;-16.38567721;-71.49336383;-1940059.7;2843366.564;D
1.10.53-42;-16.38589112;-71.49263187;-1940094.07;2843446.787;D
1.10.53-43; ; ;-1.516416327;20763369.87;D
1.10.53-43;-16.38612529;-71.4918062;-1940132.004;2843537.376;D
1.10.53-43;-16.38563951;-71.4916317;-1940077.128;2843563.519;D
1.10.53-43;-16.38542524;-71.49204719;-1940046.71;2843519.193;D
1.10.53-43;-16.3853018;-71.49217045;-1940030.65;2843506.826;D
1.10.53-43;-16.3851637;-71.4922372;-1940013.582;2843501.061;D
1.10.53-43;-16.38508484;-71.49230851;-1940003.416;2843494.004;D
1.10.53-43;-16.38513504;-71.49247506;-1940007.213;2843474.457;D
1.10.53-43;-16.38536349;-71.49244329;-1940034.455;2843475.074;D
1.10.53-43;-16.38558854;-71.4924025;-1940061.413;2843476.759;D
1.10.53-43;-16.38575938;-71.49242137;-1940081.247;2843472.386;D
1.10.53-43;-16.38591963;-71.49253896;-1940098.592;2843456.953;D
1.10.53-47; ; ;-1.516416327;20763369.87;D
1.10.53-47;-16.38589298;-71.49094926;-1940115.522;2843637.609;D
1.10.53-47;-16.38568373;-71.49154797;-1940083.38;2843572.437;D
1.10.53-47;-16.38614652;-71.49168493;-1940136.028;2843550.852;D
1.10.53-47;-16.38632943;-71.49107368;-1940165.233;2843617.791;D
1.10.53-48; ; ;-1.516416327;20763369.87;D
1.10.53-48;-16.38600913;-71.49063143;-1940133.18;2843672.14;D
1.10.53-48;-16.38592626;-71.49085696;-1940120.597;2843647.642;D
1.10.53-48;-16.38634861;-71.49096427;-1940168.868;2843629.949;D
1.10.53-48;-16.38649815;-71.49035123;-1940194.175;2843697.527;D
1.10.53-56; ; ;-1.516416327;20763369.87;D
1.10.53-56;-16.3852113;-71.49029464;-1940043.689;2843720.77;D
1.10.53-56;-16.38490907;-71.49031493;-1940007.922;2843722.42;D
1.10.53-56;-16.38499229;-71.49111623;-1940007.588;2843630.446;D
1.10.53-56;-16.38614315;-71.49043146;-1940151.452;2843693.068;D
1.10.53-56;-16.38586442;-71.48989405;-1940125.484;2843757.667;D
1.10.53-57; ; ;-1.516416327;20763369.87;D
1.10.53-57;-16.38495005;-71.4894375;-1940023.811;2843821.406;D
1.10.53-57;-16.38482861;-71.48945134;-1940009.367;2843821.423;D
1.10.53-57;-16.38490503;-71.49021703;-1940008.683;2843733.577;D
1.10.53-57;-16.38519383;-71.49017739;-1940043.116;2843734.297;D
1.10.53-57;-16.38580979;-71.48980905;-1940120.139;2843768.023;D
1.10.53-57;-16.38546799;-71.48912764;-1940088.578;2843849.779;D
1.10.53-58; ; ;-1.516416327;20763369.87;D
1.10.53-58;-16.38668441;-71.48842384;-1940240.387;2843913.702;D
1.10.53-58;-16.38554545;-71.48909388;-1940098.106;2843852.597;D
1.10.53-58;-16.38591519;-71.48975274;-1940133.233;2843773.032;D
1.10.53-58;-16.38729401;-71.48895366;-1940305.326;2843845.638;D
1.10.53-58;-16.38697341;-71.48834409;-1940275.351;2843918.969;D
1.10.53-59; ; ;-1.516416327;20763369.87;D
1.10.53-59;-16.38676039;-71.48937753;-1940237.277;2843804.538;D
1.10.53-59;-16.38594985;-71.48983694;-1940136.243;2843763.028;D
1.10.53-59;-16.38625667;-71.49039584;-1940165.24;2843695.624;D
1.10.53-59;-16.38655447;-71.49019599;-1940202.752;2843714.399;D
1.10.53-59;-16.3868363;-71.48954109;-1940244.132;2843784.995;D
1.10.53-60; ; ;-1.516416327;20763369.87;D
1.10.53-60;-16.3870531;-71.48831765;-1940285.048;2843920.926;D
1.10.53-60;-16.3873987;-71.48893367;-1940317.88;2843846.535;D
1.10.53-60;-16.38791664;-71.48866758;-1940382.094;2843869.944;D
1.10.53-60;-16.38767953;-71.48816579;-1940360.569;2843929.958;D
1.10.53-70; ; ;-1.516416327;20763369.87;D
1.10.53-70;-16.38886214;-71.48609859;-1940525.622;2844148.962;D
1.10.53-70;-16.38896332;-71.48558568;-1940543.985;2844205.814;D
1.10.53-70;-16.38853361;-71.48550554;-1940494.507;2844220.525;D
1.10.53-70;-16.38852;-71.48597898;-1940486.931;2844167.003;D
1.10.53-70;-16.38882795;-71.48643134;-1940517.402;2844111.667;D
1.10.53-70;-16.38888382;-71.48640364;-1940524.317;2844114.078;D
1.10.13A-30; ; ;-1.516416327;20763369.87;E
1.10.13A-30;-16.39455061;-71.49706916;-1941055.495;2842830.309;E
1.10.13A-30;-16.39437903;-71.49671002;-1941039.869;2842873.284;E
1.10.13A-30;-16.39385028;-71.49696969;-1940974.468;2842850.747;E
1.10.13A-30;-16.39401129;-71.49733867;-1940988.729;2842806.796;E
1.10.14-1; ; ;-1.516416327;20763369.87;E
1.10.14-1;-16.39437;-71.49667949;-1941039.194;2842876.864;E
1.10.14-1;-16.3942255;-71.49631836;-1941026.775;2842919.711;E
1.10.14-1;-16.39368764;-71.49657618;-1940960.327;2842897.503;E
1.10.14-1;-16.39385069;-71.49691156;-1940975.25;2842857.334;E
1.10.14-2; ; ;-1.516416327;20763369.87;E
1.10.14-2;-16.39353799;-71.49626804;-1940946.633;2842934.408;E
1.10.14-2;-16.39364941;-71.49652226;-1940956.515;2842904.118;E
1.10.14-2;-16.39420606;-71.4962872;-1941024.884;2842923.498;E
1.10.14-2;-16.39412771;-71.4960552;-1941018.607;2842950.835;E
1.10.14-2;-16.39393706;-71.49598741;-1940997.063;2842961.016;E
1.10.14-2;-16.39350561;-71.49619355;-1940943.769;2842943.279;E
1.10.14-3; ; ;-1.516416327;20763369.87;E
1.10.14-3;-16.39366898;-71.49606684;-1940964.563;2842955.513;E
1.10.14-3;-16.39391624;-71.49594477;-1940995.154;2842966.124;E
1.10.14-3;-16.39354743;-71.49570283;-1940954.876;2842998.386;E
1.10.14-3;-16.39334474;-71.49579678;-1940929.876;2842990.382;E
1.10.14-3;-16.39340788;-71.49597997;-1940934.983;2842968.779;E
1.10.14-3;-16.39351053;-71.49613729;-1940945.057;2842949.595;E
1.10.14-4; ; ;-1.516416327;20763369.87;E
1.10.14-4;-16.39392962;-71.4958811;-1940997.53;2842973.17;E
1.10.14-4;-16.3943461;-71.49584645;-1941046.9;2842971.654;E
1.10.14-4;-16.39433628;-71.49532501;-1941052.329;2843030.922;E
1.10.14-4;-16.39357136;-71.49534546;-1940962.199;2843038.604;E
1.10.14-4;-16.39358651;-71.4955522;-1940961.37;2843014.959;E
1.10.14-5; ; ;-1.516416327;20763369.87;E
1.10.14-5;-16.39327049;-71.49578413;-1940921.311;2842992.787;E
1.10.14-5;-16.39311599;-71.4954331;-1940907.59;2843034.619;E
1.10.14-5;-16.39263514;-71.49566931;-1940848.113;2843014.117;E
1.10.14-5;-16.39275367;-71.49603646;-1940857.406;2842970.927;E
1.10.14-6; ; ;-1.516416327;20763369.87;E
1.10.14-6;-16.39326273;-71.49531033;-1940926.381;2843046.624;E
1.10.14-6;-16.39352451;-71.49530572;-1940957.195;2843043.724;E
1.10.14-6;-16.39351023;-71.49481852;-1940961.668;2843099.166;E
1.10.14-6;-16.39293086;-71.49483888;-1940893.339;2843104.433;E
1.10.14-6;-16.39300917;-71.49516661;-1940898.403;2843066.24;E
1.10.14-7; ; ;-1.516416327;20763369.87;E
1.10.14-7;-16.3943363;-71.49527695;-1941052.938;2843036.372;E
1.10.14-7;-16.39432451;-71.49478015;-1941057.824;2843092.869;E
1.10.14-7;-16.39355943;-71.49481572;-1940967.484;2843098.841;E
1.10.14-7;-16.39359533;-71.49529997;-1940965.589;2843043.451;E
1.10.14-8; ; ;-1.516416327;20763369.87;E
1.10.14-8;-16.39478273;-71.49525732;-1941105.637;2843032.76;E
1.10.14-8;-16.39520263;-71.49519777;-1941155.724;2843034.023;E
1.10.14-8;-16.39520173;-71.49480628;-1941160.56;2843078.434;E
1.10.14-8;-16.39499356;-71.49485258;-1941135.517;2843075.906;E
1.10.14-8;-16.39473158;-71.49482147;-1941105.129;2843082.861;E
1.10.14-8;-16.39438171;-71.4947745;-1941064.615;2843092.763;E
1.10.14-8;-16.3943965;-71.49526896;-1941060.112;2843036.49;E
1.10.14-9; ; ;-1.516416327;20763369.87;E
1.10.14-9;-16.3944132;-71.49583896;-1941054.879;2842971.627;E
1.10.14-9;-16.39485269;-71.49582148;-1941106.735;2842967.862;E
1.10.14-9;-16.39501848;-71.49580431;-1941126.432;2842967.642;E
1.10.14-9;-16.39516855;-71.49570759;-1941145.284;2842976.649;E
1.10.14-9;-16.39518549;-71.49557568;-1941148.939;2842991.387;E
1.10.14-9;-16.39519698;-71.49551344;-1941151.075;2842998.296;E
1.10.14-9;-16.39516586;-71.4952982;-1941150.135;2843023.114;E
1.10.14-9;-16.39480407;-71.49533673;-1941107.142;2843023.475;E
1.10.14-9;-16.39439169;-71.49532165;-1941058.881;2843030.578;E
1.10.14-15; ; ;-1.516416327;20763369.87;E
1.10.14-15;-16.39344856;-71.49618381;-1940937.189;2842945.129;E
1.10.14-15;-16.39327702;-71.49582307;-1940921.588;2842988.286;E
1.10.14-15;-16.3927714;-71.4960718;-1940859.043;2842966.687;E
1.10.14-15;-16.39292195;-71.49643478;-1940872.149;2842923.551;E
1.10.14-16; ; ;-1.516416327;20763369.87;E
1.10.14-16;-16.39362411;-71.49657867;-1940952.831;2842898.052;E
1.10.14-16;-16.39347181;-71.4962189;-1940939.478;2842940.846;E
1.10.14-16;-16.39293794;-71.49646435;-1940873.655;2842919.989;E
1.10.14-16;-16.39310012;-71.49683777;-1940887.997;2842875.517;E
1.10.14-17; ; ;-1.516416327;20763369.87;E
1.10.14-17;-16.3936058;-71.4966528;-1940949.744;2842889.883;E
1.10.14-17;-16.39328362;-71.49679575;-1940910.086;2842877.884;E
1.10.14-17;-16.39344636;-71.49714109;-1940924.848;2842836.59;E
1.10.14-17;-16.39379159;-71.49700079;-1940967.18;2842847.988;E
1.10.14-18; ; ;-1.516416327;20763369.87;E
1.10.14-18;-16.39382952;-71.49705032;-1940971.011;2842841.874;E
1.10.14-18;-16.39329049;-71.49726193;-1940905.01;2842824.922;E
1.10.14-18;-16.39343886;-71.49759921;-1940918.185;2842784.731;E
1.10.14-18;-16.39395799;-71.49738071;-1940981.936;2842802.724;E
1.10.14-19; ; ;-1.516416327;20763369.87;E
1.10.14-19;-16.39301903;-71.49697835;-1940876.695;2842860.633;E
1.10.14-19;-16.392708;-71.49711612;-1940838.413;2842849.075;E
1.10.14-19;-16.39282467;-71.49735936;-1940849.051;2842819.963;E
1.10.14-19;-16.39314871;-71.49765033;-1940883.451;2842782.727;E
1.10.14-19;-16.39329053;-71.49762031;-1940900.492;2842784.277;E
1.10.14-20; ; ;-1.516416327;20763369.87;E
1.10.14-20;-16.39300184;-71.49686467;-1940876.11;2842873.751;E
1.10.14-20;-16.39281908;-71.49653621;-1940858.783;2842913.393;E
1.10.14-20;-16.39241623;-71.49673928;-1940808.889;2842895.629;E
1.10.14-20;-16.39256778;-71.49707294;-1940822.484;2842855.806;E
1.10.14-21; ; ;-1.516416327;20763369.87;E
1.10.14-21;-16.39280602;-71.49647939;-1940857.966;2842920.008;E
1.10.14-21;-16.39266112;-71.49613307;-1940845.312;2842961.18;E
1.10.14-21;-16.39227849;-71.49631748;-1940798.029;2842945.268;E
1.10.14-21;-16.39233981;-71.49669875;-1940800.422;2842901.225;E
1.10.14-22; ; ;-1.516416327;20763369.87;E
1.10.14-22;-16.39249331;-71.49572739;-1940830.716;2843009.384;E
1.10.14-22;-16.39195624;-71.49597624;-1940764.474;2842988.183;E
1.10.14-22;-16.39211681;-71.49631716;-1940779.038;2842947.418;E
1.10.14-22;-16.39264019;-71.49608954;-1940843.403;2842966.39;E
1.10.14-23; ; ;-1.516416327;20763369.87;E
1.10.14-23;-16.3919485;-71.49505956;-1940775.135;2843092.25;E
1.10.14-23;-16.39157428;-71.49509156;-1940730.762;2843093.513;E
1.10.14-23;-16.39192596;-71.4959052;-1940761.813;2842996.636;E
1.10.14-23;-16.39226234;-71.49571734;-1940803.706;2843013.544;E
1.10.14-24; ; ;-1.516416327;20763369.87;E
1.10.14-24;-16.3916881;-71.49557836;-1940737.992;2843036.815;E
1.10.14-24;-16.39150949;-71.49508315;-1940723.256;2843095.314;E
1.10.14-24;-16.39107335;-71.49510199;-1940671.775;2843098.88;E
1.10.14-24;-16.3913232;-71.49569338;-1940693.667;2843028.54;E
1.10.14-24;-16.39155194;-71.49598237;-1940716.895;2842992.773;E
1.10.14-24;-16.39167314;-71.4959955;-1940730.969;2842989.7;E
1.10.14-24;-16.39184979;-71.49590639;-1940752.848;2842997.497;E
1.10.14-25; ; ;-1.516416327;20763369.87;E
1.10.14-25;-16.39105351;-71.49511695;-1940669.256;2843097.443;E
1.10.14-25;-16.39073692;-71.49511188;-1940632.123;2843102.156;E
1.10.14-25;-16.39086356;-71.49547542;-1940642.414;2843059.269;E
1.10.14-25;-16.39092793;-71.49561211;-1940648.252;2843042.925;E
1.10.14-25;-16.39126995;-71.4956703;-1940687.702;2843031.854;E
1.10.14-26; ; ;-1.516416327;20763369.87;E
1.10.14-26;-16.39188073;-71.49440375;-1940775.449;2843167.515;E
1.10.14-26;-16.39229549;-71.49400113;-1940829.262;2843207.755;E
1.10.14-26;-16.39203929;-71.49370397;-1940802.911;2843244.808;E
1.10.14-26;-16.39203352;-71.49369798;-1940802.309;2843245.563;E
1.10.14-26;-16.39158518;-71.4941778;-1940743.576;2843197.006;E
1.10.17-15; ; ;-1.516416327;20763369.87;E
1.10.17-15;-16.39666394;-71.4946995;-1941333.705;2843071.421;E
1.10.17-15;-16.39706079;-71.49461911;-1941381.347;2843075.348;E
1.10.17-15;-16.39685;-71.49435168;-1941359.957;2843108.435;E
1.10.17-15;-16.39641768;-71.49465709;-1941305.308;2843079.452;E
1.10.17-15;-16.39641672;-71.49471692;-1941304.44;2843072.68;E
1.10.17-16; ; ;-1.516416327;20763369.87;E
1.10.17-16;-16.39617282;-71.49467278;-1941276.341;2843080.875;E
1.10.17-16;-16.39634865;-71.4946646;-1941297.102;2843079.504;E
1.10.17-16;-16.39684093;-71.49431309;-1941359.379;2843112.931;E
1.10.17-16;-16.39666346;-71.49399495;-1941342.544;2843151.333;E
1.10.17-16;-16.39607749;-71.49440633;-1941268.503;2843112.341;E
1.10.17-16;-16.39598938;-71.49453787;-1941256.491;2843098.574;E
1.10.17-16;-16.39610311;-71.49468084;-1941268.048;2843080.873;E
1.10.17-17; ; ;-1.516416327;20763369.87;E
1.10.17-17;-16.39665314;-71.49396763;-1941341.677;2843154.566;E
1.10.17-17;-16.39635551;-71.49350281;-1941312.576;2843211.176;E
1.10.17-17;-16.39629912;-71.49365773;-1941303.994;2843194.343;E
1.10.17-17;-16.39632772;-71.49375427;-1941306.136;2843183.02;E
1.10.17-17;-16.39627656;-71.49382978;-1941299.172;2843175.125;E
1.10.17-17;-16.39608222;-71.49432863;-1941270.041;2843121.091;E
1.10.17-17;-16.39617065;-71.49429814;-1941280.815;2843123.393;E
1.10.18-1; ; ;-1.516416327;20763369.87;E
1.10.18-1;-16.39602439;-71.49434016;-1941263.1;2843120.54;E
1.10.18-1;-16.39628263;-71.49376078;-1941300.756;2843182.872;E
1.10.18-1;-16.3962402;-71.49372241;-1941296.255;2843187.778;E
1.10.18-1;-16.39573665;-71.4941858;-1941231.241;2843141.81;E
1.10.18-1;-16.39576255;-71.49449085;-1941230.433;2843106.875;E
1.10.18-1;-16.39584851;-71.49458825;-1941239.304;2843094.703;E
1.10.18-2; ; ;-1.516416327;20763369.87;E
1.10.18-2;-16.39592186;-71.49339194;-1941263.025;2843229.422;E
1.10.18-2;-16.39543914;-71.49386664;-1941200.316;2843181.898;E
1.10.18-2;-16.395704;-71.49415436;-1941227.803;2843145.802;E
1.10.18-2;-16.39617259;-71.49367429;-1941288.919;2843194.12;E
1.10.18-3; ; ;-1.516416327;20763369.87;E
1.10.18-3;-16.39558951;-71.49308027;-1941227.911;2843269.117;E
1.10.18-3;-16.39512105;-71.49352857;-1941167.211;2843224.4;E
1.10.18-3;-16.39539363;-71.49381334;-1941195.642;2843188.538;E
1.10.18-3;-16.39587987;-71.49334149;-1941258.728;2843235.693;E
1.10.18-4; ; ;-1.516416327;20763369.87;E
1.10.18-4;-16.39527363;-71.49273115;-1941195.205;2843312.843;E
1.10.18-4;-16.394812;-71.49320136;-1941135.031;2843265.552;E
1.10.18-4;-16.39507121;-71.4934744;-1941162.039;2843231.196;E
1.10.18-4;-16.39552737;-71.49300587;-1941221.55;2843278.368;E
1.10.18-5; ; ;-1.516416327;20763369.87;E
1.10.18-5;-16.39502324;-71.49255293;-1941168.036;2843336.331;E
1.10.18-5;-16.39486523;-71.49267932;-1941147.876;2843324.063;E
1.10.18-5;-16.39471558;-71.4926472;-1941130.698;2843329.664;E
1.10.18-5;-16.39449246;-71.49288319;-1941101.503;2843305.817;E
1.10.18-5;-16.39476468;-71.49314334;-1941130.203;2843272.751;E
1.10.18-5;-16.39523756;-71.49267666;-1941191.655;2843319.495;E
1.10.18-6; ; ;-1.516416327;20763369.87;E
1.10.18-6;-16.39442753;-71.49292544;-1941093.341;2843301.874;E
1.10.18-6;-16.39400987;-71.49334612;-1941038.958;2843259.624;E
1.10.18-6;-16.39428609;-71.49363444;-1941067.773;2843223.313;E
1.10.18-6;-16.39471463;-71.49320724;-1941123.516;2843266.159;E
1.10.18-7; ; ;-1.516416327;20763369.87;E
1.10.18-7;-16.394753;-71.4932586;-1941127.376;2843259.832;E
1.10.18-7;-16.3943281;-71.49368497;-1941072.071;2843217.032;E
1.10.18-7;-16.39458713;-71.49396729;-1941098.941;2843181.626;E
1.10.18-7;-16.39502942;-71.49355358;-1941156.129;2843222.762;E
1.10.18-8; ; ;-1.516416327;20763369.87;E
1.10.18-8;-16.39507788;-71.49360088;-1941161.226;2843216.763;E
1.10.18-8;-16.39462247;-71.494019;-1941102.44;2843175.298;E
1.10.18-8;-16.39490012;-71.49431932;-1941131.27;2843137.608;E
1.10.18-8;-16.39534081;-71.49389075;-1941188.458;2843180.449;E
1.10.18-9; ; ;-1.516416327;20763369.87;E
1.10.18-9;-16.39537914;-71.49393067;-1941192.458;2843175.421;E
1.10.18-9;-16.39495322;-71.49435403;-1941137.071;2843132.976;E
1.10.18-9;-16.39520974;-71.4946358;-1941163.653;2843097.664;E
1.10.18-9;-16.39564808;-71.4942172;-1941220.439;2843139.407;E
1.10.18-10; ; ;-1.516416327;20763369.87;E
1.10.18-10;-16.39474868;-71.49458034;-1941110.183;2843109.985;E
1.10.18-10;-16.39462508;-71.4946941;-1941094.224;2843098.698;E
1.10.18-10;-16.39498746;-71.49475831;-1941135.99;2843086.677;E
1.10.18-10;-16.39514596;-71.49468032;-1941155.597;2843093.449;E
1.10.18-10;-16.39490895;-71.49442784;-1941130.938;2843125.184;E
1.10.18-11; ; ;-1.516416327;20763369.87;E
1.10.18-11;-16.39459643;-71.49407267;-1941098.702;2843169.552;E
1.10.18-11;-16.39438359;-71.49427399;-1941071.154;2843149.503;E
1.10.18-11;-16.39404775;-71.49462395;-1941027.278;2843114.205;E
1.10.18-11;-16.39452823;-71.4946905;-1941082.891;2843100.373;E
1.10.18-11;-16.39486541;-71.49437695;-1941126.465;2843131.525;E
1.10.18-12; ; ;-1.516416327;20763369.87;E
1.10.18-12;-16.3942814;-71.49374525;-1941065.822;2843210.806;E
1.10.18-12;-16.39366739;-71.49433069;-1940986.29;2843152.439;E
1.10.18-12;-16.3939619;-71.49461988;-1941017.243;2843115.788;E
1.10.18-12;-16.39454427;-71.49402382;-1941093.191;2843175.774;E
1.10.18-13; ; ;-1.516416327;20763369.87;E
1.10.18-13;-16.39395353;-71.49340154;-1941031.639;2843254.076;E
1.10.18-13;-16.39336973;-71.49398338;-1940955.702;2843195.721;E
1.10.18-13;-16.39364258;-71.49427849;-1940984.035;2843158.683;E
1.10.18-13;-16.39423818;-71.49369074;-1941061.433;2843217.554;E
1.10.18-14; ; ;-1.516416327;20763369.87;E
1.10.18-14;-16.3933222;-71.4940481;-1940949.3;2843189.003;E
1.10.18-14;-16.39294485;-71.49441386;-1940900.347;2843152.454;E
1.10.18-14;-16.39316524;-71.49450431;-1940925.1;2843139.314;E
1.10.18-14;-16.39343106;-71.4944962;-1940956.435;2843136.757;E
1.10.18-14;-16.3935911;-71.49434506;-1940977.146;2843151.806;E
1.10.18-15; ; ;-1.516416327;20763369.87;E
1.10.18-15;-16.39310988;-71.49322558;-1940934.737;2843285.065;E
1.10.18-15;-16.39286635;-71.49347502;-1940902.975;2843259.96;E
1.10.18-15;-16.39333133;-71.4939114;-1940952.099;2843204.387;E
1.10.18-15;-16.39355918;-71.49368491;-1940981.729;2843227.094;E
1.10.18-17; ; ;-1.516416327;20763369.87;E
1.10.18-17;-16.39288483;-71.49391951;-1940899.536;2843209.306;E
1.10.18-17;-16.39264449;-71.49413125;-1940868.625;2843188.434;E
1.10.18-17;-16.39288712;-71.49436972;-1940894.123;2843158.215;E
1.10.18-17;-16.39311624;-71.49416224;-1940923.661;2843178.75;E
1.10.18-18; ; ;-1.516416327;20763369.87;E
1.10.18-18;-16.39304543;-71.49376829;-1940920.314;2843224.356;E
1.10.18-18;-16.39293127;-71.4939031;-1940905.199;2843210.56;E
1.10.18-18;-16.39315307;-71.49411664;-1940928.563;2843183.441;E
1.10.18-18;-16.39327013;-71.49399815;-1940943.813;2843195.348;E
1.10.18-19; ; ;-1.516416327;20763369.87;E
1.10.18-19;-16.39428937;-71.49280814;-1941078.59;2843316.984;E
1.10.18-19;-16.39443368;-71.49286043;-1941094.885;2843309.167;E
1.10.18-19;-16.3945415;-71.49273803;-1941109.098;2843321.639;E
1.10.18-19;-16.39444121;-71.49268062;-1941098.039;2843329.461;E
1.10.18-19;-16.39418567;-71.49259918;-1941069.043;2843342.041;E
1.10.18-19;-16.39386211;-71.49273308;-1941029.336;2843331.086;E
1.10.18-19;-16.39389757;-71.49285305;-1941031.988;2843317.015;E
1.10.18-19;-16.39402596;-71.49284005;-1941047.237;2843316.81;E
1.10.19-1; ; ;-1.516416327;20763369.87;E
1.10.19-1;-16.39244493;-71.49325624;-1940856.223;2843290.284;E
1.10.19-1;-16.39211286;-71.4935724;-1940813.217;2843258.769;E
1.10.19-1;-16.39240932;-71.49388132;-1940844.149;2843219.855;E
1.10.19-1;-16.39275366;-71.49351321;-1940889.253;2843257.102;E
1.10.19-2; ; ;-1.516416327;20763369.87;E
1.10.19-2;-16.39237898;-71.49320458;-1940849.127;2843297.006;E
1.10.19-2;-16.39215898;-71.49302537;-1940825.54;2843320.207;E
1.10.19-2;-16.39205812;-71.4929378;-1940814.796;2843331.459;E
1.10.19-2;-16.39176538;-71.49283855;-1940781.652;2843346.543;E
1.10.19-2;-16.3916924;-71.49303138;-1940770.644;2843325.628;E
1.10.19-2;-16.39180274;-71.49326112;-1940780.709;2843298.128;E
1.10.19-2;-16.39194097;-71.4934198;-1940794.946;2843278.323;E
1.10.19-2;-16.3920721;-71.4935291;-1940808.974;2843264.212;E
1.10.19-3; ; ;-1.516416327;20763369.87;E
1.10.19-3;-16.39162009;-71.49278913;-1940765.207;2843354.048;E
1.10.19-3;-16.39125219;-71.49266599;-1940723.534;2843372.825;E
1.10.19-3;-16.39101986;-71.49313548;-1940690.311;2843322.614;E
1.10.19-3;-16.39136693;-71.49331022;-1940728.884;2843298.258;E
1.10.19-4; ; ;-1.516416327;20763369.87;E
1.10.19-4;-16.39018643;-71.49231525;-1940602.741;2843426.541;E
1.10.19-4;-16.39000128;-71.49298349;-1940572.552;2843353.172;E
1.10.19-4;-16.39020347;-71.49303818;-1940595.618;2843344.325;E
1.10.19-4;-16.39040754;-71.49288781;-1940621.493;2843358.712;E
1.10.19-4;-16.39079597;-71.49259516;-1940670.826;2843386.825;E
1.10.19-4;-16.3908046;-71.49251619;-1940672.836;2843395.668;E
1.10.19-5; ; ;-1.516416327;20763369.87;E
1.10.19-5;-16.38977637;-71.49218345;-1940556.225;2843446.852;E
1.10.19-5;-16.38959044;-71.49283546;-1940526.15;2843375.333;E
1.10.19-5;-16.38995408;-71.49295126;-1940567.413;2843357.444;E
1.10.19-5;-16.39014335;-71.49229956;-1940597.878;2843428.884;E
1.10.19-6; ; ;-1.516416327;20763369.87;E
1.10.19-6;-16.38935761;-71.49205197;-1940508.683;2843467.24;E
1.10.19-6;-16.389179;-71.49270067;-1940479.509;2843396;E
1.10.19-6;-16.38953444;-71.49280853;-1940519.91;2843379.12;E
1.10.19-6;-16.38973538;-71.49217059;-1940551.572;2843448.847;E
1.10.19-7; ; ;-1.516416327;20763369.87;E
1.10.19-7;-16.38896039;-71.49192146;-1940463.659;2843487.236;E
1.10.19-7;-16.38875683;-71.49257196;-1940431.532;2843416.118;E
1.10.19-7;-16.38912386;-71.49267969;-1940473.296;2843399.1;E
1.10.19-7;-16.38930918;-71.49203915;-1940503.154;2843469.327;E
1.10.19-8; ; ;-1.516416327;20763369.87;E
1.10.19-8;-16.38853619;-71.49178884;-1940415.491;2843507.825;E
1.10.19-8;-16.38834125;-71.49243228;-1940384.466;2843437.394;E
1.10.19-8;-16.38871343;-71.49255645;-1940426.628;2843418.444;E
1.10.19-8;-16.38889949;-71.49191272;-1940456.613;2843489.023;E
1.10.19-9; ; ;-1.516416327;20763369.87;E
1.10.19-9;-16.38832375;-71.49249592;-1940381.606;2843430.405;E
1.10.19-9;-16.38820928;-71.49287541;-1940363.368;2843388.86;E
1.10.19-9;-16.38857897;-71.49300179;-1940405.209;2843369.692;E
1.10.19-9;-16.38868169;-71.49260593;-1940422.274;2843413.247;E
1.10.19-10; ; ;-1.516416327;20763369.87;E
1.10.19-10;-16.38874029;-71.49263121;-1940428.841;2843409.614;E
1.10.19-10;-16.38862794;-71.49301834;-1940410.754;2843367.175;E
1.10.19-10;-16.38898955;-71.49311706;-1940451.995;2843351.251;E
1.10.19-10;-16.38910421;-71.49275208;-1940470.074;2843391.147;E
1.10.19-11; ; ;-1.516416327;20763369.87;E
1.10.19-11;-16.38915747;-71.49276595;-1940476.156;2843388.878;E
1.10.19-11;-16.38904514;-71.49314439;-1940458.181;2843347.424;E
1.10.19-11;-16.38939865;-71.49326618;-1940498.18;2843328.989;E
1.10.19-11;-16.38951911;-71.49289079;-1940517.071;2843369.99;E
1.10.19-12; ; ;-1.516416327;20763369.87;E
1.10.19-12;-16.38945631;-71.49355908;-1940501.258;2843295.014;E
1.10.19-12;-16.38963632;-71.49341376;-1940524.241;2843309.143;E
1.10.19-12;-16.38901469;-71.4932197;-1940453.653;2843339.28;E
1.10.19-12;-16.38887856;-71.49358877;-1940433.001;2843299.2;E
1.10.19-12;-16.38927446;-71.49370281;-1940478.077;2843281.091;E
1.10.19-12;-16.38932423;-71.4936724;-1940484.309;2843283.889;E
1.10.19-13; ; ;-1.516416327;20763369.87;E
1.10.19-13;-16.38897204;-71.49319867;-1940448.908;2843342.224;E
1.10.19-13;-16.38860978;-71.49307321;-1940407.928;2843361.189;E
1.10.19-13;-16.38849058;-71.4934442;-1940389.24;2843320.67;E
1.10.19-13;-16.38883946;-71.49355831;-1940428.791;2843303.166;E
1.10.19-14; ; ;-1.516416327;20763369.87;E
1.10.19-14;-16.38855579;-71.49306215;-1940401.723;2843363.149;E
1.10.19-14;-16.38819345;-71.49295156;-1940360.547;2843380.43;E
1.10.19-14;-16.38806815;-71.49333681;-1940340.962;2843338.373;E
1.10.19-14;-16.38843488;-71.49343442;-1940382.819;2843322.507;E
1.10.19-15; ; ;-1.516416327;20763369.87;E
1.10.19-15;-16.38810848;-71.49291307;-1940351.049;2843385.906;E
1.10.19-15;-16.38773661;-71.49278714;-1940308.945;2843405.051;E
1.10.19-15;-16.38743729;-71.49378786;-1940261.149;2843295.462;E
1.10.19-15;-16.38780685;-71.49393178;-1940302.753;2843274.307;E
1.10.19-15;-16.38795265;-71.49344494;-1940326.027;2843327.618;E
1.10.19-16; ; ;-1.516416327;20763369.87;E
1.10.19-16;-16.38730644;-71.49265312;-1940260.095;2843425.875;E
1.10.19-16;-16.38702672;-71.4936317;-1940214.879;2843318.542;E
1.10.19-16;-16.38737216;-71.49374626;-1940254.021;2843301.032;E
1.10.19-16;-16.3876865;-71.49277578;-1940303.201;2843406.994;E
1.10.19-17; ; ;-1.516416327;20763369.87;E
1.10.19-17;-16.38697032;-71.49253085;-1940222.145;2843444.137;E
1.10.19-17;-16.38682183;-71.49270497;-1940202.501;2843426.33;E
1.10.19-17;-16.38677041;-71.49285229;-1940194.6;2843410.293;E
1.10.19-17;-16.38660906;-71.49346464;-1940167.915;2843342.949;E
1.10.19-17;-16.38697221;-71.49359245;-1940208.971;2843323.705;E
1.10.19-17;-16.38724585;-71.4926324;-1940253.237;2843429.017;E
1.10.19-18; ; ;-1.516416327;20763369.87;E
1.10.19-18;-16.38735785;-71.49217563;-1940272.161;2843479.361;E
1.10.19-18;-16.38704712;-71.49250667;-1940231.474;2843445.876;E
1.10.19-18;-16.38812534;-71.49284385;-1940353.903;2843393.537;E
1.10.19-18;-16.38825104;-71.49247139;-1940373.373;2843434.137;E
1.10.19-20; ; ;-1.516416327;20763369.87;E
1.10.19-20;-16.388056;-71.49336788;-1940339.143;2843335.007;E
1.10.19-20;-16.38787216;-71.49396312;-1940310.031;2843269.899;E
1.10.19-20;-16.38799917;-71.49400496;-1940324.425;2843263.494;E
1.10.19-20;-16.38826267;-71.49396169;-1940355.932;2843264.956;E
1.10.19-20;-16.38842001;-71.49347224;-1940380.595;2843318.412;E
1.10.19-22; ; ;-1.516416327;20763369.87;E
1.10.19-22;-16.39047149;-71.49294172;-1940628.327;2843351.761;E
1.10.19-22;-16.39002691;-71.49328158;-1940571.802;2843319.028;E
1.10.19-22;-16.39032457;-71.49344567;-1940604.704;2843296.525;E
1.10.19-22;-16.39056639;-71.49298941;-1940638.875;2843345.111;E
1.10.19-23; ; ;-1.516416327;20763369.87;E
1.10.19-23;-16.39063385;-71.49295105;-1940647.285;2843348.58;E
1.10.19-23;-16.39036607;-71.49347432;-1940609.218;2843292.733;E
1.10.19-23;-16.39069646;-71.49364711;-1940645.856;2843268.815;E
1.10.19-23;-16.39095422;-71.49314527;-1940682.475;2843322.362;E
1.10.19-24; ; ;-1.516416327;20763369.87;E
1.10.19-24;-16.39100134;-71.49257793;-1940695.172;2843386.093;E
1.10.19-24;-16.39073181;-71.49277015;-1940661.079;2843367.816;E
1.10.19-24;-16.39065841;-71.49292462;-1940650.505;2843351.256;E
1.10.19-24;-16.39097245;-71.49310419;-1940685.136;2843326.784;E
1.10.19-24;-16.39121874;-71.49265483;-1940719.745;2843374.529;E
1.10.19-25; ; ;-1.516416327;20763369.87;E
1.10.19-25;-16.39099725;-71.49316123;-1940687.329;2843319.99;E
1.10.19-25;-16.39074198;-71.49367318;-1940650.875;2843265.264;E
1.10.19-25;-16.39106478;-71.4938638;-1940686.396;2843239.423;E
1.10.19-25;-16.39132679;-71.49333754;-1940723.822;2843295.684;E
1.10.21-1; ; ;-1.516416327;20763369.87;E
1.10.21-1;-16.39490203;-71.49068322;-1941177.401;2843549.971;E
1.10.21-1;-16.39475317;-71.49089437;-1941157.245;2843527.971;E
1.10.21-1;-16.39442177;-71.49122597;-1941114.121;2843494.696;E
1.10.21-1;-16.39470065;-71.49152304;-1941143.137;2843457.355;E
1.10.21-1;-16.39511565;-71.49108048;-1941197.484;2843502.121;E
1.10.21-1;-16.39524727;-71.49091929;-1941214.984;2843518.681;E
1.10.21-2; ; ;-1.516416327;20763369.87;E
1.10.21-2;-16.3948351;-71.49064893;-1941169.971;2843554.736;E
1.10.21-2;-16.39453461;-71.49048295;-1941136.761;2843577.491;E
1.10.21-2;-16.39412277;-71.4909073;-1941083.014;2843534.749;E
1.10.21-2;-16.39437645;-71.49119527;-1941109.183;2843498.771;E
1.10.21-2;-16.39476159;-71.49078907;-1941159.564;2843539.803;E
1.10.21-3; ; ;-1.516416327;20763369.87;E
1.10.21-3;-16.39411999;-71.49026257;-1941090.828;2843607.909;E
1.10.21-3;-16.39397571;-71.49043269;-1941071.727;2843590.502;E
1.10.21-3;-16.39382329;-71.49058161;-1941051.938;2843575.605;E
1.10.21-3;-16.39409347;-71.49088887;-1941079.803;2843537.223;E
1.10.21-3;-16.39450249;-71.49045795;-1941133.302;2843580.747;E
1.10.21-4; ; ;-1.516416327;20763369.87;E
1.10.21-4;-16.39403085;-71.49022474;-1941080.831;2843613.366;E
1.10.21-4;-16.3938034;-71.49009594;-1941055.733;2843630.949;E
1.10.21-4;-16.3936405;-71.49043202;-1941032.35;2843594.962;E
1.10.21-4;-16.39378314;-71.49055065;-1941047.611;2843579.642;E
1.10.21-4;-16.3939785;-71.49035364;-1941073.053;2843599.431;E
1.10.21-5; ; ;-1.516416327;20763369.87;E
1.10.21-5;-16.39378661;-71.49062387;-1941047.094;2843571.292;E
1.10.21-5;-16.39330696;-71.4910905;-1940984.847;2843524.641;E
1.10.21-5;-16.39356814;-71.49138669;-1941011.795;2843487.633;E
1.10.21-5;-16.39405394;-71.49091465;-1941074.834;2843534.816;E
1.10.21-6; ; ;-1.516416327;20763369.87;E
1.10.21-6;-16.39408391;-71.49094615;-1941077.957;2843530.852;E
1.10.21-6;-16.39360082;-71.49143541;-1941015.019;2843481.679;E
1.10.21-6;-16.39386294;-71.49170178;-1941042.454;2843448.04;E
1.10.21-6;-16.39434433;-71.49122049;-1941105.091;2843496.33;E
1.10.21-7; ; ;-1.516416327;20763369.87;E
1.10.21-7;-16.39438597;-71.49126611;-1941109.407;2843490.612;E
1.10.21-7;-16.39391214;-71.49173803;-1941047.777;2843443.286;E
1.10.21-7;-16.39417802;-71.49204762;-1941075.107;2843404.696;E
1.10.21-7;-16.39466984;-71.49155514;-1941139.112;2843454.118;E
1.10.21-8; ; ;-1.516416327;20763369.87;E
1.10.21-8;-16.39385955;-71.49180517;-1941040.751;2843436.359;E
1.10.21-8;-16.39354534;-71.49211758;-1940999.888;2843405.036;E
1.10.21-8;-16.39318273;-71.49246701;-1940952.873;2843370.147;E
1.10.21-8;-16.39346793;-71.49279203;-1940982.279;2843329.554;E
1.10.21-8;-16.39412886;-71.49210494;-1941068.608;2843398.837;E
1.10.21-10; ; ;-1.516416327;20763369.87;E
1.10.21-10;-16.39282421;-71.49221203;-1940913.967;2843403.754;E
1.10.21-10;-16.39240844;-71.49261672;-1940860.008;2843363.293;E
1.10.21-10;-16.39259199;-71.49266458;-1940880.971;2843355.465;E
1.10.21-10;-16.39286214;-71.49274025;-1940911.756;2843343.349;E
1.10.21-10;-16.39310342;-71.49250756;-1940943.042;2843366.585;E
1.10.21-11; ; ;-1.516416327;20763369.87;E
1.10.21-11;-16.39355695;-71.49148461;-1941009.244;2843476.673;E
1.10.21-11;-16.39288421;-71.49215697;-1940921.713;2843409.215;E
1.10.21-11;-16.39315861;-71.49244274;-1940950.346;2843373.216;E
1.10.21-11;-16.39383336;-71.49175279;-1941038.334;2843442.641;E
1.10.21-12; ; ;-1.516416327;20763369.87;E
1.10.21-12;-16.39324434;-71.49113401;-1940976.941;2843520.526;E
1.10.21-12;-16.39286892;-71.49155664;-1940927.495;2843477.502;E
1.10.21-12;-16.39258661;-71.49184672;-1940890.663;2843448.295;E
1.10.21-12;-16.39285596;-71.49211349;-1940918.942;2843414.516;E
1.10.21-12;-16.39312288;-71.49183922;-1940953.766;2843442.132;E
1.10.21-12;-16.39352083;-71.49145629;-1941005.358;2843480.357;E
1.10.21-13; ; ;-1.516416327;20763369.87;E
1.10.21-13;-16.39279853;-71.49218337;-1940911.312;2843407.341;E
1.10.21-13;-16.39252009;-71.4918812;-1940882.411;2843445.254;E
1.10.21-13;-16.3920448;-71.4923747;-1940820.338;2843395.497;E
1.10.21-13;-16.39219414;-71.4924755;-1940836.612;2843382.112;E
1.10.21-13;-16.39237392;-71.49259231;-1940856.26;2843366.513;E
1.10.21-14; ; ;-1.516416327;20763369.87;E
1.10.21-14;-16.39217958;-71.49153093;-1940846.826;2843489.434;E
1.10.21-14;-16.39179955;-71.49192287;-1940797.226;2843449.951;E
1.10.21-14;-16.39206175;-71.49219384;-1940824.613;2843415.788;E
1.10.21-14;-16.3924558;-71.49181226;-1940875.729;2843453.914;E
1.10.21-15; ; ;-1.516416327;20763369.87;E
1.10.21-15;-16.39278234;-71.49091973;-1940925.363;2843550.871;E
1.10.21-15;-16.3925674;-71.49114298;-1940897.29;2843528.362;E
1.10.21-15;-16.39223984;-71.49147611;-1940854.598;2843494.863;E
1.10.21-15;-16.39251322;-71.49177842;-1940882.902;2843457.001;E
1.10.21-15;-16.39291988;-71.49134801;-1940936.116;2843500.498;E
1.10.21-15;-16.39314051;-71.49110843;-1940965.064;2843524.785;E
1.10.21-16; ; ;-1.516416327;20763369.87;E
1.10.21-16;-16.39239736;-71.49069284;-1940882.995;2843581.639;E
1.10.21-16;-16.39193709;-71.4911598;-1940823.019;2843534.698;E
1.10.21-16;-16.39220504;-71.49143568;-1940851.019;2843499.903;E
1.10.21-16;-16.39273634;-71.49088842;-1940920.354;2843555.024;E
1.10.21-17; ; ;-1.516416327;20763369.87;E
1.10.21-17;-16.39201499;-71.4913552;-1940829.705;2843511.517;E
1.10.21-17;-16.39187765;-71.49120859;-1940815.419;2843529.941;E
1.10.21-17;-16.39149336;-71.49159778;-1940765.354;2843490.826;E
1.10.21-17;-16.39177854;-71.49188299;-1940795.261;2843454.749;E
1.10.21-17;-16.392154;-71.49149506;-1940844.274;2843493.837;E
1.10.21-18; ; ;-1.516416327;20763369.87;E
1.10.21-18;-16.39145036;-71.49164496;-1940759.707;2843486.037;E
1.10.21-18;-16.39108713;-71.49202788;-1940712.196;2843447.357;E
1.10.21-18;-16.39113473;-71.49208927;-1940717.014;2843439.771;E
1.10.21-18;-16.39146798;-71.49218936;-1940754.905;2843424.062;E
1.10.21-18;-16.39171765;-71.49191892;-1940787.654;2843451.47;E
1.10.21-19; ; ;-1.516416327;20763369.87;E
1.10.21-19;-16.39115272;-71.49133058;-1940728.705;2843525.586;E
1.10.21-19;-16.39058357;-71.49188023;-1940654.894;2843470.688;E
1.10.21-19;-16.39099;-71.49202746;-1940700.789;2843448.675;E
1.10.21-19;-16.3914171;-71.4916035;-1940756.322;2843491.175;E
1.10.21-20; ; ;-1.516416327;20763369.87;E
1.10.21-20;-16.39157932;-71.49089646;-1940784.307;2843569.245;E
1.10.21-20;-16.39118025;-71.49128478;-1940732.517;2843530.42;E
1.10.21-20;-16.39146316;-71.49156141;-1940762.265;2843495.346;E
1.10.21-20;-16.39185184;-71.49118462;-1940812.69;2843532.998;E
1.10.21-21; ; ;-1.516416327;20763369.87;E
1.10.21-21;-16.39199846;-71.49046741;-1940838.971;2843612.424;E
1.10.21-21;-16.39164326;-71.49083771;-1940792.562;2843575.071;E
1.10.21-21;-16.3919043;-71.49111301;-1940819.758;2843540.433;E
1.10.21-21;-16.39234644;-71.49066096;-1940877.414;2843585.922;E
1.10.21-22; ; ;-1.516416327;20763369.87;E
1.10.21-22;-16.39114391;-71.48994002;-1940745.224;2843683.417;E
1.10.21-22;-16.39096493;-71.49011149;-1940722.029;2843666.31;E
1.10.21-22;-16.39159429;-71.49079932;-1940787.293;2843580.066;E
1.10.21-22;-16.39193729;-71.4904195;-1940832.389;2843618.659;E
1.10.21-23; ; ;-1.516416327;20763369.87;E
1.10.21-23;-16.39068288;-71.48996418;-1940690.75;2843686.706;E
1.10.21-23;-16.39042586;-71.49023341;-1940657.152;2843659.531;E
1.10.21-23;-16.39057101;-71.49040496;-1940672.042;2843638.176;E
1.10.21-23;-16.39084048;-71.4901226;-1940707.267;2843666.677;E
1.10.21-24; ; ;-1.516416327;20763369.87;E
1.10.21-24;-16.39068176;-71.4899604;-1940690.666;2843687.149;E
1.10.21-24;-16.39021577;-71.48945666;-1940642.274;2843750.378;E
1.10.21-24;-16.38992638;-71.48971421;-1940605.02;2843724.951;E
1.10.21-24;-16.39042101;-71.49022353;-1940656.707;2843660.715;E
1.10.21-25; ; ;-1.516416327;20763369.87;E
1.10.21-25;-16.39054011;-71.49043783;-1940667.996;2843634.853;E
1.10.21-25;-16.38988689;-71.48975523;-1940599.862;2843720.815;E
1.10.21-25;-16.38960401;-71.49002591;-1940563.208;2843693.814;E
1.10.21-25;-16.39015827;-71.49061069;-1940620.949;2843620.24;E
1.10.21-25;-16.39038103;-71.49061005;-1940647.131;2843617.4;E
1.10.21-26; ; ;-1.516416327;20763369.87;E
1.10.21-26;-16.38939926;-71.49158779;-1940519.435;2843519.343;E
1.10.21-26;-16.38926937;-71.4919357;-1940499.782;2843481.58;E
1.10.21-26;-16.39031109;-71.49226623;-1940618.007;2843430.471;E
1.10.21-26;-16.39041897;-71.49191729;-1940635.087;2843468.638;E
1.10.21-27; ; ;-1.516416327;20763369.87;E
1.10.21-27;-16.39049459;-71.49193769;-1940643.714;2843465.335;E
1.10.21-27;-16.3903829;-71.49228041;-1940626.265;2843427.925;E
1.10.21-27;-16.39085855;-71.49243173;-1940680.241;2843404.541;E
1.10.21-27;-16.39096339;-71.49210411;-1940696.695;2843440.329;E
1.10.21-28; ; ;-1.516416327;20763369.87;E
1.10.21-28;-16.39101415;-71.49211211;-1940702.557;2843438.758;E
1.10.21-28;-16.39089282;-71.49246628;-1940683.832;2843400.176;E
1.10.21-28;-16.39168531;-71.49270439;-1940773.938;2843362.806;E
1.10.21-28;-16.3918524;-71.492382;-1940797.64;2843397.186;E
1.10.21-29; ; ;-1.516416327;20763369.87;E
1.10.21-29;-16.3925816;-71.49271628;-1940879.097;2843349.737;E
1.10.21-29;-16.39251686;-71.49274046;-1940871.185;2843347.842;E
1.10.21-29;-16.39237355;-71.49267422;-1940855.183;2843357.228;E
1.10.21-29;-16.39214244;-71.49289782;-1940825.207;2843334.891;E
1.10.21-29;-16.39245226;-71.49315047;-1940858.42;2843302.184;E
1.10.21-29;-16.39278184;-71.49280084;-1940901.556;2843337.528;E
1.10.21-30; ; ;-1.516416327;20763369.87;E
1.10.21-30;-16.39287911;-71.49282474;-1940912.683;2843333.545;E
1.10.21-30;-16.39250366;-71.49319642;-1940863.879;2843296.301;E
1.10.21-30;-16.39280801;-71.49343791;-1940896.59;2843264.931;E
1.10.21-30;-16.39327548;-71.4929795;-1940957.301;2843310.81;E
1.10.21-31; ; ;-1.516416327;20763369.87;E
1.10.21-31;-16.38953967;-71.49008257;-1940554.932;2843688.228;E
1.10.21-31;-16.38925926;-71.49035806;-1940518.508;2843660.649;E
1.10.21-31;-16.38958585;-71.4906803;-1940552.814;2843619.83;E
1.10.21-31;-16.38975665;-71.49060467;-1940573.836;2843626.174;E
1.10.21-31;-16.38996572;-71.49059681;-1940598.5;2843624.333;E
1.10.21-31;-16.39000066;-71.49057358;-1940602.899;2843626.51;E
1.10.21-32; ; ;-1.516416327;20763369.87;E
1.10.21-32;-16.38922725;-71.4903927;-1940514.31;2843657.139;E
1.10.21-32;-16.38895696;-71.49068657;-1940478.842;2843627.342;E
1.10.21-32;-16.3892973;-71.49104208;-1940514.344;2843582.57;E
1.10.21-32;-16.38942477;-71.49087814;-1940531.39;2843599.498;E
1.10.21-32;-16.38953422;-71.49072437;-1940546.191;2843615.507;E
1.10.21-33; ; ;-1.516416327;20763369.87;E
1.10.21-33;-16.38935947;-71.49117301;-1940519.996;2843566.907;E
1.10.21-33;-16.38891553;-71.49071293;-1940473.643;2843624.894;E
1.10.21-33;-16.38885036;-71.49077113;-1940465.25;2843619.146;E
1.10.21-33;-16.38882266;-71.49100157;-1940459.087;2843593.371;E
1.10.21-33;-16.38880661;-71.49114825;-1940455.349;2843576.945;E
1.10.21-33;-16.38905665;-71.49140027;-1940481.547;2843545.091;E
1.10.21-33;-16.38932499;-71.49149348;-1940511.899;2843531.01;E
1.10.21-33;-16.38941791;-71.49129453;-1940525.328;2843552.36;E
1.10.21-34; ; ;-1.516416327;20763369.87;E
1.10.21-34;-16.38899762;-71.49145516;-1940473.919;2843539.637;E
1.10.21-34;-16.38885359;-71.49128114;-1940459.192;2843561.258;E
1.10.21-34;-16.38875362;-71.49124843;-1940447.859;2843566.275;E
1.10.21-34;-16.38860419;-71.4917078;-1940424.504;2843516.126;E
1.10.21-34;-16.38922799;-71.49191509;-1940495.181;2843484.46;E
1.10.21-34;-16.3893392;-71.49156804;-1940512.628;2843522.368;E
1.10.21-35; ; ;-1.516416327;20763369.87;E
1.10.21-35;-16.39191222;-71.4924062;-1940804.364;2843393.659;E
1.10.21-35;-16.39172174;-71.49271;-1940778.148;2843361.694;E
1.10.21-35;-16.39209485;-71.49287408;-1940819.916;2843338.206;E
1.10.21-35;-16.39230377;-71.49265814;-1940847.187;2843359.965;E
1.10.22-3; ; ;-1.516416327;20763369.87;E
1.10.22-3;-16.39674663;-71.49067903;-1941394.184;2843526.317;E
1.10.22-3;-16.39641791;-71.49057987;-1941356.815;2843541.863;E
1.10.22-3;-16.39622674;-71.49056325;-1941334.563;2843546.248;E
1.10.22-3;-16.39608296;-71.4905137;-1941318.295;2843553.749;E
1.10.22-3;-16.39602815;-71.49085243;-1941307.577;2843516.049;E
1.10.22-3;-16.39663226;-71.49101597;-1941376.492;2843489.598;E
1.10.22-3;-16.39667597;-71.49086746;-1941383.503;2843505.87;E
1.10.22-4; ; ;-1.516416327;20763369.87;E
1.10.22-4;-16.39604918;-71.49089813;-1941309.472;2843510.59;E
1.10.22-4;-16.39594116;-71.49101405;-1941295.316;2843498.856;E
1.10.22-4;-16.39585536;-71.49110074;-1941284.141;2843490.147;E
1.10.22-4;-16.39603586;-71.49114286;-1941304.816;2843483.009;E
1.10.22-4;-16.39623862;-71.49126271;-1941327.126;2843466.764;E
1.10.22-4;-16.39635317;-71.491307;-1941340.026;2843460.242;E
1.10.22-4;-16.39657395;-71.49139337;-1941364.875;2843447.558;E
1.10.22-4;-16.39657326;-71.49123888;-1941366.745;2843465.089;E
1.10.22-4;-16.39662293;-71.49105395;-1941374.917;2843485.413;E
1.10.25-28; ; ;-1.516416327;20763369.87;E
1.10.25-28;-16.39691758;-71.48534205;-1941481.675;2844129.381;E
1.10.25-28;-16.39681555;-71.48522968;-1941471.106;2844143.461;E
1.10.25-28;-16.39634971;-71.48493943;-1941420.038;2844182.477;E
1.10.25-28;-16.39631203;-71.48498397;-1941415.048;2844177.918;E
1.10.25-28;-16.39640649;-71.48530095;-1941422.143;2844140.731;E
1.10.25-28;-16.39705804;-71.48582586;-1941492.068;2844072.67;E
1.10.25-28;-16.39708807;-71.48580004;-1941495.923;2844075.206;E
1.10.25-30; ; ;-1.516416327;20763369.87;E
1.10.25-30;-16.39643824;-71.4843641;-1941437.707;2844246.572;E
1.10.25-30;-16.39630607;-71.48460654;-1941419.114;2844220.804;E
1.10.25-30;-16.39669122;-71.48480501;-1941461.862;2844193.254;E
1.10.25-30;-16.39680303;-71.48459724;-1941477.624;2844215.356;E
1.10.25-31; ; ;-1.516416327;20763369.87;E
1.10.25-31;-16.39632454;-71.48426537;-1941425.595;2844259.258;E
1.10.25-31;-16.3962002;-71.48422717;-1941411.467;2844265.217;E
1.10.25-31;-16.39592861;-71.48417335;-1941380.236;2844274.876;E
1.10.25-31;-16.39568894;-71.48413672;-1941352.538;2844282.166;E
1.10.25-31;-16.3953752;-71.48415042;-1941315.5;2844284.718;E
1.10.25-31;-16.39536384;-71.48431094;-1941312.138;2844266.661;E
1.10.25-31;-16.39590095;-71.48444519;-1941373.552;2844244.406;E
1.10.25-31;-16.39625141;-71.48459736;-1941412.809;2844222.56;E
1.10.25-31;-16.39639475;-71.48431563;-1941433.21;2844252.639;E
1.10.28-1; ; ;-1.516416327;20763369.87;E
1.10.28-1;-16.39769175;-71.48163037;-1941619.53;2844540.224;E
1.10.28-1;-16.39766244;-71.48153744;-1941617.26;2844551.149;E
1.10.28-1;-16.3976128;-71.48137729;-1941613.451;2844569.963;E
1.10.28-1;-16.3972156;-71.48147746;-1941565.514;2844563.801;E
1.10.28-1;-16.39732734;-71.48196877;-1941572.437;2844506.613;E
1.10.28-1;-16.39735763;-71.48208331;-1941574.548;2844493.225;E
1.10.28-1;-16.39771015;-71.48175799;-1941620.08;2844525.509;E
1.10.28-2; ; ;-1.516416327;20763369.87;E
1.10.28-2;-16.39714633;-71.48151272;-1941556.93;2844560.707;E
1.10.28-2;-16.39677148;-71.4816151;-1941511.591;2844554.002;E
1.10.28-2;-16.39683023;-71.48187709;-1941515.184;2844523.518;E
1.10.28-2;-16.3969856;-71.48242425;-1941526.527;2844459.425;E
1.10.28-2;-16.39730063;-71.4821532;-1941566.968;2844486.044;E
1.10.28-2;-16.39725744;-71.4819797;-1941564.085;2844506.288;E
1.10.28-3; ; ;-1.516416327;20763369.87;E
1.10.28-3;-16.39695317;-71.48053041;-1941546.644;2844674.65;E
1.10.28-3;-16.39717947;-71.48133533;-1941563.065;2844580.394;E
1.10.28-3;-16.39756479;-71.48123917;-1941609.555;2844586.257;E
1.10.28-3;-16.39730016;-71.4804474;-1941588.466;2844679.524;E
1.10.28-4; ; ;-1.516416327;20763369.87;E
1.10.28-4;-16.39651695;-71.48065599;-1941493.801;2844666.117;E
1.10.28-4;-16.39652271;-71.48069477;-1941493.988;2844661.643;E
1.10.28-4;-16.3967421;-71.48145551;-1941510.155;2844572.487;E
1.10.28-4;-16.39710274;-71.48136097;-1941553.725;2844578.49;E
1.10.28-4;-16.39687953;-71.48055242;-1941537.714;2844673.118;E
1.10.28-5; ; ;-1.516416327;20763369.87;E
1.10.28-5;-16.3960742;-71.48076684;-1941440.378;2844659.339;E
1.10.28-5;-16.39630931;-71.481575;-1941457.792;2844564.599;E
1.10.28-5;-16.39667335;-71.48148574;-1941501.695;2844569.959;E
1.10.28-5;-16.39642678;-71.48067325;-1941482.989;2844665.339;E
1.10.28-6; ; ;-1.516416327;20763369.87;E
1.10.28-6;-16.39561435;-71.4809035;-1941384.618;2844649.858;E
1.10.28-6;-16.39582949;-71.48171801;-1941399.607;2844554.659;E
1.10.28-6;-16.39619873;-71.48161261;-1941444.325;2844561.781;E
1.10.28-6;-16.39597301;-71.48079573;-1941428.123;2844657.387;E
1.10.28-7; ; ;-1.516416327;20763369.87;E
1.10.28-7;-16.39569312;-71.47982253;-1941407.531;2844771.433;E
1.10.28-7;-16.39535179;-71.47993239;-1941366.037;2844763.44;E
1.10.28-7;-16.39557023;-71.48074408;-1941381.449;2844668.518;E
1.10.28-7;-16.395912;-71.48063567;-1941422.977;2844676.34;E
1.10.28-8; ; ;-1.516416327;20763369.87;E
1.10.28-8;-16.39548948;-71.48076142;-1941371.741;2844667.607;E
1.10.28-8;-16.39526843;-71.47994788;-1941356.045;2844762.774;E
1.10.28-8;-16.39493325;-71.48004787;-1941315.398;2844755.821;E
1.10.28-8;-16.39513027;-71.48086004;-1941328.287;2844661.123;E
1.10.28-9; ; ;-1.516416327;20763369.87;E
1.10.28-9;-16.39517035;-71.48101933;-1941330.984;2844642.532;E
1.10.28-9;-16.39538469;-71.4818366;-1941345.845;2844547.03;E
1.10.28-9;-16.39573954;-71.48174118;-1941388.745;2844553.208;E
1.10.28-9;-16.39553954;-71.48091329;-1941375.704;2844649.727;E
1.10.28-10; ; ;-1.516416327;20763369.87;E
1.10.28-10;-16.39473528;-71.48114353;-1941278.294;2844634.139;E
1.10.28-10;-16.39495661;-71.48195147;-1941294.094;2844539.604;E
1.10.28-10;-16.39531891;-71.48185701;-1941337.857;2844545.575;E
1.10.28-10;-16.39508121;-71.48105364;-1941320.077;2844639.806;E
1.10.28-36; ; ;-1.516416327;20763369.87;E
1.10.28-36;-16.39536108;-71.48199311;-1941341.093;2844529.587;E
1.10.28-36;-16.39498966;-71.48208912;-1941296.239;2844523.558;E
1.10.28-36;-16.39513142;-71.48264553;-1941305.866;2844458.594;E
1.10.28-36;-16.39549291;-71.48255491;-1941349.486;2844464.141;E
1.10.28-37; ; ;-1.516416327;20763369.87;E
1.10.28-37;-16.39579674;-71.48186359;-1941393.919;2844538.575;E
1.10.28-37;-16.39542932;-71.48197714;-1941349.313;2844530.505;E
1.10.28-37;-16.39557044;-71.48254673;-1941358.7;2844464.054;E
1.10.28-37;-16.39594596;-71.48243604;-1941404.221;2844471.695;E
1.10.28-38; ; ;-1.516416327;20763369.87;E
1.10.28-38;-16.39557997;-71.48259073;-1941359.263;2844458.94;E
1.10.28-38;-16.39574002;-71.4832497;-1941369.745;2844382.105;E
1.10.28-38;-16.39613269;-71.48324295;-1941415.968;2844377.731;E
1.10.28-38;-16.39597832;-71.48249884;-1941407.23;2844464.148;E
1.10.28-39; ; ;-1.516416327;20763369.87;E
1.10.28-39;-16.3951424;-71.48270612;-1941306.391;2844451.578;E
1.10.28-39;-16.39514548;-71.48270598;-1941306.755;2844451.554;E
1.10.28-39;-16.39526351;-71.4832165;-1941314.175;2844392.106;E
1.10.28-39;-16.39565874;-71.48323152;-1941360.423;2844385.23;E
1.10.28-39;-16.39550737;-71.48260588;-1941350.542;2844458.172;E
1.10.28-41; ; ;-1.516416327;20763369.87;E
1.10.28-41;-16.39671843;-71.48161659;-1941505.339;2844554.527;E
1.10.28-41;-16.39584888;-71.48183068;-1941400.462;2844541.626;E
1.10.28-41;-16.39618864;-71.48317346;-1941423.42;2844384.88;E
1.10.28-41;-16.3969173;-71.48246822;-1941517.946;2844455.332;E
1.10.30-22; ; ;-1.516416327;20763369.87;E
1.10.30-22;-16.39651072;-71.48365031;-1941455.241;2844326.581;E
1.10.30-22;-16.3966048;-71.48378603;-1941464.58;2844309.956;E
1.10.30-22;-16.39667882;-71.48388838;-1941471.984;2844297.38;E
1.10.30-22;-16.39674302;-71.48395199;-1941478.724;2844289.324;E
1.10.30-22;-16.39685439;-71.48387606;-1941492.769;2844296.478;E
1.10.30-22;-16.39710669;-71.48367986;-1941524.892;2844315.43;E
1.10.30-22;-16.39688447;-71.48336531;-1941502.756;2844354.014;E
1.10.30-23; ; ;-1.516416327;20763369.87;E
1.10.30-23;-16.39679412;-71.48401419;-1941483.942;2844281.601;E
1.10.30-23;-16.39702414;-71.48431412;-1941507.18;2844244.573;E
1.10.30-23;-16.3973831;-71.48399649;-1941553.371;2844275.9;E
1.10.30-23;-16.39718148;-71.48373245;-1941533.017;2844308.487;E
1.10.30-24; ; ;-1.516416327;20763369.87;E
1.10.30-24;-16.39709474;-71.48437391;-1941514.72;2844236.867;E
1.10.30-24;-16.39728418;-71.48466364;-1941533.32;2844201.528;E
1.10.30-24;-16.39765446;-71.48438437;-1941580.355;2844228.357;E
1.10.30-24;-16.39742779;-71.48408071;-1941557.558;2844265.763;E
1.10.30-25; ; ;-1.516416327;20763369.87;E
1.10.30-25;-16.39733316;-71.48472768;-1941538.266;2844193.624;E
1.10.30-25;-16.39755746;-71.48505893;-1941560.436;2844153.119;E
1.10.30-25;-16.39793007;-71.48475042;-1941608.114;2844183.233;E
1.10.30-25;-16.3977157;-71.48445395;-1941586.672;2844219.663;E
1.10.30-26; ; ;-1.516416327;20763369.87;E
1.10.30-26;-16.39761008;-71.4851187;-1941565.864;2844145.65;E
1.10.30-26;-16.39785234;-71.48546392;-1941589.968;2844103.326;E
1.10.30-26;-16.3982073;-71.48511363;-1941636.1;2844138.41;E
1.10.30-26;-16.39798006;-71.48481941;-1941613.117;2844174.754;E
1.10.31-1; ; ;-1.516416327;20763369.87;E
1.10.31-1;-16.40362924;-71.48550183;-1942268.259;2844023.413;E
1.10.31-1;-16.40344399;-71.48549733;-1942246.549;2844026.349;E
1.10.31-1;-16.40338733;-71.48566852;-1942237.729;2844007.675;E
1.10.31-5; ; ;-1.516416327;20763369.87;E
1.10.31-5;-16.40269808;-71.48598004;-1942152.807;2843981.367;E
1.10.31-5;-16.40289243;-71.48588749;-1942176.813;2843989.32;E
1.10.31-5;-16.40308135;-71.48580831;-1942200.011;2843995.826;E
1.10.31-5;-16.40325129;-71.48572066;-1942221.085;2844003.543;E
1.10.31-5;-16.40336578;-71.48559431;-1942236.134;2844016.374;E
1.10.31-5;-16.40338209;-71.4854966;-1942239.285;2844027.242;E
1.10.31-5;-16.40340003;-71.48532424;-1942243.571;2844046.555;E
1.10.31-5;-16.40341246;-71.48501543;-1942248.933;2844081.415;E
1.10.31-5;-16.40310203;-71.48497965;-1942212.912;2844089.537;E
1.10.31-5;-16.403081;-71.48517913;-1942207.919;2844067.189;E
1.10.31-5;-16.40301863;-71.48535368;-1942198.386;2844048.21;E
1.10.31-5;-16.40309287;-71.48552856;-1942204.899;2844027.403;E
1.10.31-5;-16.40297276;-71.48561908;-1942189.643;2844018.709;E
1.10.31-5;-16.40277599;-71.48569805;-1942165.525;2844012.33;E
1.10.31-5;-16.40246207;-71.4857845;-1942127.549;2844006.634;E
1.10.31-5;-16.40240833;-71.48529057;-1942127.475;2844063.356;E
1.10.31-5;-16.40223165;-71.48533612;-1942106.14;2844060.503;E
1.10.31-5;-16.40229466;-71.48609135;-1942104.001;2843974.024;E
1.10.31-5;-16.40248372;-71.48604753;-1942126.768;2843976.519;E
1.10.31-6; ; ;-1.516416327;20763369.87;E
1.10.31-6;-16.40216252;-71.48534176;-1942097.946;2844060.768;E
1.10.31-6;-16.40182883;-71.48539624;-1942058.05;2844058.958;E
1.10.31-6;-16.40188027;-71.48606569;-1942055.636;2843982.359;E
1.10.31-6;-16.40222045;-71.48605389;-1942095.754;2843979.244;E
1.10.31-7; ; ;-1.516416327;20763369.87;E
1.10.31-7;-16.40176532;-71.48540688;-1942050.454;2844058.581;E
1.10.31-7;-16.40143567;-71.48542718;-1942011.464;2844060.594;E
1.10.31-7;-16.40148612;-71.48607732;-1942009.177;2843986.198;E
1.10.31-7;-16.4018264;-71.48604415;-1942049.578;2843985.506;E
1.10.31-8; ; ;-1.516416327;20763369.87;E
1.10.31-8;-16.40137391;-71.48543365;-1942004.126;2844060.669;E
1.10.31-8;-16.40103009;-71.4854513;-1941963.505;2844063.168;E
1.10.31-8;-16.40106502;-71.48619104;-1941958.264;2843978.813;E
1.10.31-8;-16.40141942;-71.4860887;-1942001.197;2843985.781;E
1.10.31-9; ; ;-1.516416327;20763369.87;E
1.10.31-9;-16.40172716;-71.48498039;-1942051.358;2844107.451;E
1.10.31-9;-16.40099593;-71.48502627;-1941964.862;2844111.819;E
1.10.31-9;-16.40102221;-71.48538416;-1941963.428;2844070.885;E
1.10.31-9;-16.40176008;-71.48532504;-1942050.872;2844067.933;E
1.10.31-10; ; ;-1.516416327;20763369.87;E
1.10.31-10;-16.40243876;-71.4849043;-1942135.931;2844106.766;E
1.10.31-10;-16.40179799;-71.48496904;-1942059.825;2844107.811;E
1.10.31-10;-16.40182399;-71.48531096;-1942058.559;2844068.692;E
1.10.31-10;-16.40246964;-71.48524162;-1942135.297;2844068.105;E
1.10.31-11; ; ;-1.516416327;20763369.87;E
1.10.31-11;-16.40167821;-71.48443725;-1942052.469;2844169.692;E
1.10.31-11;-16.4009298;-71.48446507;-1941964.181;2844176.334;E
1.10.31-11;-16.40098087;-71.48495411;-1941964.003;2844120.201;E
1.10.31-11;-16.40172168;-71.48487851;-1942052.002;2844119.078;E
1.10.31-12; ; ;-1.516416327;20763369.87;E
1.10.31-12;-16.40046768;-71.48445445;-1941910.018;2844183.587;E
1.10.31-12;-16.40048439;-71.48462477;-1941909.829;2844164.052;E
1.10.31-12;-16.40052452;-71.48483177;-1941911.929;2844140.049;E
1.10.31-12;-16.40071148;-71.48485344;-1941933.622;2844135.144;E
1.10.31-12;-16.40090128;-71.48484996;-1941955.968;2844133.054;E
1.10.31-12;-16.40082428;-71.48445485;-1941951.912;2844178.874;E
1.10.31-13; ; ;-1.516416327;20763369.87;E
1.10.31-13;-16.40040855;-71.48445143;-1941903.108;2844184.703;E
1.10.31-13;-16.40018299;-71.48444047;-1941876.744;2844188.899;E
1.10.31-13;-16.40021422;-71.48461133;-1941878.255;2844169.112;E
1.10.31-13;-16.40023873;-71.48472884;-1941879.65;2844155.463;E
1.10.31-13;-16.40044172;-71.48473994;-1941903.36;2844151.548;E
1.10.34-2; ; ;-1.516416327;20763369.87;E
1.10.34-2;-16.40173108;-71.48612471;-1942037.361;2843977.618;E
1.10.34-2;-16.40143031;-71.48616094;-1942001.564;2843977.445;E
1.10.34-2;-16.4015601;-71.48682335;-1942008.445;2843900.62;E
1.10.34-2;-16.40202673;-71.48673665;-1942064.367;2843904.346;E
1.10.35-8; ; ;-1.516416327;20763369.87;E
1.10.35-8;-16.39867361;-71.48734508;-1941662.702;2843879.224;E
1.10.35-8;-16.39856743;-71.4872944;-1941650.867;2843886.362;E
1.10.35-8;-16.39845037;-71.48722647;-1941637.97;2843895.598;E
1.10.35-8;-16.39833383;-71.48717588;-1941624.917;2843902.861;E
1.10.35-8;-16.39817632;-71.48714139;-1941606.845;2843908.834;E
1.10.35-8;-16.39809463;-71.48715562;-1941597.068;2843908.288;E
1.10.35-8;-16.39816419;-71.48722011;-1941604.426;2843900.064;E
1.10.35-8;-16.39832139;-71.48733794;-1941621.408;2843884.643;E
1.10.35-8;-16.39851548;-71.48748841;-1941642.312;2843865.037;E
1.10.35-8;-16.39876769;-71.48765054;-1941669.898;2843843.349;E
1.10.35-8;-16.39887394;-71.48759904;-1941683.032;2843847.8;E
1.10.35-8;-16.39878302;-71.48736994;-1941675.244;2843874.974;E
1.10.35-9; ; ;-1.516416327;20763369.87;E
1.10.35-9;-16.39942707;-71.48737105;-1941750.903;2843866.419;E
1.10.35-9;-16.39929016;-71.48707272;-1941738.585;2843902.046;E
1.10.35-9;-16.39920393;-71.48715263;-1941727.444;2843894.112;E
1.10.35-9;-16.39913974;-71.48720316;-1941719.264;2843889.22;E
1.10.35-9;-16.39920056;-71.48731165;-1941725.039;2843876.12;E
1.10.35-9;-16.39885924;-71.48744534;-1941683.246;2843865.424;E
1.10.35-9;-16.39892101;-71.48759414;-1941688.625;2843847.74;E
1.10.35-9;-16.39914463;-71.48750362;-1941716.043;2843855.079;E
1.10.35-10; ; ;-1.516416327;20763369.87;E
1.10.35-10;-16.40010449;-71.48678885;-1941837.851;2843923.583;E
1.10.35-10;-16.39990202;-71.48677189;-1941814.276;2843928.158;E
1.10.35-10;-16.39971901;-71.4867736;-1941792.752;2843930.358;E
1.10.35-10;-16.39967176;-71.48727814;-1941780.827;2843873.754;E
1.10.35-10;-16.40005114;-71.48731012;-1941824.998;2843865.163;E
1.10.35-11; ; ;-1.516416327;20763369.87;E
1.10.35-11;-16.40053105;-71.48684353;-1941887.28;2843911.799;E
1.10.35-11;-16.4001504;-71.48680974;-1941842.982;2843920.614;E
1.10.35-11;-16.40009533;-71.48730367;-1941830.272;2843865.316;E
1.10.35-11;-16.40048189;-71.48734404;-1941875.181;2843855.678;E
1.10.35-12; ; ;-1.516416327;20763369.87;E
1.10.35-12;-16.40096767;-71.48688448;-1941938.064;2843901.441;E
1.10.35-12;-16.40058869;-71.48684097;-1941894.085;2843911.336;E
1.10.35-12;-16.40053405;-71.48734325;-1941881.32;2843855.085;E
1.10.35-12;-16.40091845;-71.48738915;-1941925.905;2843844.848;E
1.10.35-13; ; ;-1.516416327;20763369.87;E
1.10.35-13;-16.40141547;-71.4869075;-1941990.388;2843892.969;E
1.10.35-13;-16.40102775;-71.48688546;-1941945.111;2843900.543;E
1.10.35-13;-16.40098552;-71.48739524;-1941933.709;2843843.28;E
1.10.35-13;-16.40134315;-71.48744805;-1941975.062;2843832.609;E
1.10.35-14; ; ;-1.516416327;20763369.87;E
1.10.35-14;-16.40145481;-71.48652556;-1941999.835;2843935.771;E
1.10.35-14;-16.40139933;-71.48617547;-1941997.74;2843976.203;E
1.10.35-14;-16.40105703;-71.48625205;-1941956.553;2843971.998;E
1.10.35-14;-16.40105367;-71.48682595;-1941948.909;2843906.953;E
1.10.35-14;-16.40151362;-71.48682199;-1942003;2843901.383;E
1.10.35-15; ; ;-1.516416327;20763369.87;E
1.10.35-15;-16.40101626;-71.48626308;-1941951.623;2843971.281;E
1.10.35-15;-16.40063221;-71.48629681;-1941906.072;2843972.482;E
1.10.35-15;-16.40058868;-71.48677523;-1941894.914;2843918.792;E
1.10.35-15;-16.40097693;-71.48682308;-1941939.928;2843908.283;E
1.10.35-16; ; ;-1.516416327;20763369.87;E
1.10.35-16;-16.40058457;-71.48626135;-1941900.924;2843977.127;E
1.10.35-16;-16.40020867;-71.48625631;-1941856.821;2843982.618;E
1.10.35-16;-16.40016716;-71.48674069;-1941845.823;2843928.225;E
1.10.35-16;-16.40053473;-71.48676913;-1941888.652;2843920.189;E
1.10.35-17; ; ;-1.516416327;20763369.87;E
1.10.35-17;-16.4001427;-71.48624834;-1941849.169;2843984.386;E
1.10.35-17;-16.39976175;-71.48624494;-1941804.452;2843989.757;E
1.10.35-17;-16.3997245;-71.486717;-1941794.112;2843936.705;E
1.10.35-17;-16.40011038;-71.48673266;-1941839.253;2843929.879;E
1.10.35-18; ; ;-1.516416327;20763369.87;E
1.10.35-18;-16.39969734;-71.48625308;-1941796.781;2843989.677;E
1.10.35-18;-16.39951963;-71.4862537;-1941775.894;2843991.933;E
1.10.35-18;-16.39936714;-71.48623875;-1941758.164;2843995.624;E
1.10.35-18;-16.39938095;-71.48641243;-1941757.593;2843975.745;E
1.10.35-18;-16.3994773;-71.48674067;-1941764.768;2843937.257;E
1.10.35-18;-16.39967629;-71.48671184;-1941788.512;2843937.921;E
1.10.35-19; ; ;-1.516416327;20763369.87;E
1.10.35-19;-16.39936643;-71.48646385;-1941755.238;2843970.103;E
1.10.35-19;-16.39933362;-71.48622464;-1941754.405;2843997.662;E
1.10.35-19;-16.39902177;-71.48613962;-1941718.837;2844011.387;E
1.10.35-19;-16.39897597;-71.48615671;-1941713.24;2844010.047;E
1.10.35-19;-16.39922664;-71.48678559;-1941734.749;2843935.442;E
1.10.35-19;-16.39942718;-71.48671805;-1941759.165;2843940.477;E
1.10.35-20; ; ;-1.516416327;20763369.87;E
1.10.35-20;-16.39894379;-71.4861403;-1941709.667;2844012.33;E
1.10.35-20;-16.39866096;-71.48612666;-1941676.606;2844017.578;E
1.10.35-20;-16.39874538;-71.48645441;-1941682.386;2843979.301;E
1.10.35-20;-16.39901589;-71.48636934;-1941715.244;2843985.409;E
1.10.35-21; ; ;-1.516416327;20763369.87;E
1.10.35-21;-16.39878435;-71.48648818;-1941686.537;2843974.961;E
1.10.35-21;-16.39888796;-71.48683353;-1941694.349;2843934.437;E
1.10.35-21;-16.39914225;-71.48673181;-1941725.512;2843942.646;E
1.10.35-21;-16.39901855;-71.48639223;-1941715.268;2843982.779;E
1.10.35-22; ; ;-1.516416327;20763369.87;E
1.10.35-22;-16.39842862;-71.48614291;-1941649.102;2844018.776;E
1.10.35-22;-16.39825539;-71.48608932;-1941629.425;2844027.121;E
1.10.35-22;-16.39839456;-71.4864994;-1941640.597;2843978.79;E
1.10.35-22;-16.39849574;-71.48658409;-1941651.415;2843967.861;E
1.10.35-22;-16.39872486;-71.48651006;-1941679.272;2843973.258;E
1.10.35-22;-16.3986053;-71.48614825;-1941669.795;2844015.858;E
1.10.35-23; ; ;-1.516416327;20763369.87;E
1.10.35-23;-16.39754779;-71.48655661;-1941540.381;2843983.382;E
1.10.35-23;-16.3976458;-71.48667049;-1941550.459;2843969.183;E
1.10.35-23;-16.39784165;-71.48669897;-1941573.111;2843963.39;E
1.10.35-23;-16.3979194;-71.48669013;-1941582.358;2843963.376;E
1.10.35-23;-16.39829012;-71.48636211;-1941630.06;2843995.727;E
1.10.35-23;-16.39822432;-71.48616882;-1941624.77;2844018.511;E
1.10.35-23;-16.39815976;-71.48605191;-1941618.662;2844032.615;E
1.10.35-24; ; ;-1.516416327;20763369.87;E
1.10.35-24;-16.39762112;-71.48596927;-1941556.417;2844049.037;E
1.10.35-24;-16.39761531;-71.48639969;-1941550.297;2844000.295;E
1.10.35-24;-16.3976378;-71.48641103;-1941552.796;2843998.716;E
1.10.35-24;-16.39813783;-71.48599504;-1941616.803;2844039.352;E
1.10.35-24;-16.39794052;-71.48569426;-1941597.419;2844076.048;E
1.10.35-25; ; ;-1.516416327;20763369.87;E
1.10.35-25;-16.39738871;-71.48565059;-1941533.134;2844088.223;E
1.10.35-25;-16.39761062;-71.48591542;-1941555.863;2844055.282;E
1.10.35-25;-16.3979279;-71.48565574;-1941596.423;2844080.582;E
1.10.35-25;-16.39771523;-71.48538184;-1941574.895;2844114.43;E
1.10.35-26; ; ;-1.516416327;20763369.87;E
1.10.35-26;-16.39724217;-71.485314;-1941520.168;2844128.315;E
1.10.35-26;-16.39729278;-71.48548276;-1941523.983;2844108.512;E
1.10.35-26;-16.39738158;-71.48560945;-1941532.816;2844092.981;E
1.10.35-26;-16.39769718;-71.48535384;-1941573.128;2844117.842;E
1.10.35-26;-16.39750982;-71.48509993;-1941554.32;2844149.092;E
1.10.35-27; ; ;-1.516416327;20763369.87;E
1.10.35-27;-16.39709515;-71.48477118;-1941509.75;2844191.804;E
1.10.35-27;-16.39703075;-71.48483039;-1941501.435;2844185.932;E
1.10.35-27;-16.39704709;-71.4849401;-1941501.97;2844173.275;E
1.10.35-27;-16.39712636;-71.48511693;-1941509.05;2844152.182;E
1.10.35-27;-16.39723334;-71.48527508;-1941519.622;2844132.845;E
1.10.35-27;-16.39747177;-71.4850736;-1941550.183;2844152.576;E
1.10.35-27;-16.39722462;-71.48471903;-1941525.622;2844196.025;E
1.10.40-15; ; ;-1.516416327;20763369.87;E
1.10.40-15;-16.39023457;-71.49487362;-1940576.107;2843135.747;E
1.10.40-15;-16.39002825;-71.49465239;-1940554.659;2843163.536;E
1.10.40-15;-16.38991407;-71.49484774;-1940538.778;2843142.872;E
1.10.40-15;-16.39006816;-71.49494167;-1940555.697;2843130.205;E
1.10.40-15;-16.39038294;-71.49529459;-1940588.226;2843086.062;E
1.10.40-15;-16.39044274;-71.49519293;-1940596.536;2843096.811;E
1.10.40-16; ; ;-1.516416327;20763369.87;E
1.10.40-16;-16.389717;-71.4950295;-1940513.33;2843124.834;E
1.10.40-16;-16.38941022;-71.49484277;-1940479.642;2843150.023;E
1.10.40-16;-16.38900171;-71.49558362;-1940422.295;2843071.338;E
1.10.40-16;-16.38932388;-71.49575695;-1940457.96;2843047.468;E
1.10.40-17; ; ;-1.516416327;20763369.87;E
1.10.40-17;-16.39000637;-71.49448512;-1940554.199;2843182.793;E
1.10.40-17;-16.3897666;-71.49435886;-1940527.621;2843200.248;E
1.10.40-17;-16.38959335;-71.49448034;-1940505.732;2843188.735;E
1.10.40-17;-16.38943291;-71.49481966;-1940482.599;2843152.348;E
1.10.40-17;-16.38974383;-71.49499898;-1940516.867;2843127.945;E
1.10.40-18; ; ;-1.516416327;20763369.87;E
1.10.40-18;-16.3895303;-71.49445464;-1940498.648;2843192.475;E
1.10.40-18;-16.38961797;-71.49429725;-1940510.935;2843209.179;E
1.10.40-18;-16.38947489;-71.49419831;-1940495.373;2843222.272;E
1.10.40-18;-16.38922808;-71.49406768;-1940468.023;2843240.314;E
1.10.40-18;-16.389077;-71.49460585;-1940443.48;2843181.251;E
1.10.40-18;-16.38939203;-71.49480153;-1940478.025;2843154.939;E
1.10.40-19; ; ;-1.516416327;20763369.87;E
1.10.40-19;-16.38908148;-71.49391011;-1940452.787;2843260.102;E
1.10.40-19;-16.38901663;-71.49392413;-1940444.99;2843259.36;E
1.10.40-19;-16.38878153;-71.49396105;-1940416.903;2843258.246;E
1.10.40-19;-16.38867091;-71.49438623;-1940398.54;2843211.469;E
1.10.40-19;-16.38899186;-71.49456468;-1940433.997;2843187.034;E
1.10.40-19;-16.38918147;-71.49400375;-1940463.353;2843248.174;E
1.10.40-20; ; ;-1.516416327;20763369.87;E
1.10.40-20;-16.38819073;-71.49406224;-1940346.211;2843254.493;E
1.10.40-20;-16.3881877;-71.4941244;-1940345.069;2843247.482;E
1.10.40-20;-16.38860469;-71.49435515;-1940391.152;2843215.86;E
1.10.40-20;-16.38872212;-71.49397292;-1940409.772;2843257.676;E
1.10.40-21; ; ;-1.516416327;20763369.87;E
1.10.40-21;-16.38948045;-71.49410852;-1940497.159;2843232.383;E
1.10.40-21;-16.38981276;-71.49352026;-1940543.628;2843294.757;E
1.10.40-21;-16.38977317;-71.4934605;-1940539.731;2843302.053;E
1.10.40-21;-16.3892178;-71.49390522;-1940468.865;2843258.874;E
1.10.40-21;-16.38935059;-71.49404236;-1940482.737;2843241.584;E
1.10.40-22; ; ;-1.516416327;20763369.87;E
1.10.40-22;-16.39027022;-71.4935479;-1940597.028;2843285.641;E
1.10.40-22;-16.38993825;-71.49337471;-1940560.209;2843309.624;E
1.10.40-22;-16.38954588;-71.49412958;-1940504.581;2843229.138;E
1.10.40-22;-16.38987894;-71.49431603;-1940541.36;2843203.638;E
1.10.40-23; ; ;-1.516416327;20763369.87;E
1.10.40-23;-16.39064132;-71.49375674;-1940637.994;2843257.102;E
1.10.40-23;-16.39030713;-71.49357942;-1940600.967;2843281.583;E
1.10.40-23;-16.38991984;-71.49433981;-1940545.866;2843200.405;E
1.10.40-23;-16.39025171;-71.49449866;-1940582.854;2843178.05;E
1.10.45-7; ; ;-1.516416327;20763369.87;E
1.10.45-7;-16.38893468;-71.48514486;-1940546.186;2844256.189;E
1.10.45-7;-16.38903695;-71.48554371;-1940553.167;2844209.611;E
1.10.45-7;-16.3895186;-71.48567867;-1940608.056;2844188.004;E
1.10.45-7;-16.38959071;-71.48532443;-1940621.002;2844227.24;E
1.10.45-8; ; ;-1.516416327;20763369.87;E
1.10.45-8;-16.38967726;-71.48530788;-1940631.38;2844227.985;E
1.10.45-8;-16.38959577;-71.48570388;-1940616.805;2844184.136;E
1.10.45-8;-16.3900811;-71.48583801;-1940672.138;2844162.573;E
1.10.45-8;-16.39016065;-71.48545836;-1940686.278;2844204.594;E
1.10.45-9; ; ;-1.516416327;20763369.87;E
1.10.45-9;-16.38979198;-71.4848945;-1940650.08;2844273.371;E
1.10.45-9;-16.3897038;-71.48525378;-1940635.182;2844233.774;E
1.10.45-9;-16.39017563;-71.48537577;-1940689.082;2844213.766;E
1.10.45-9;-16.39028008;-71.48502237;-1940705.816;2844252.482;E
1.10.45-10; ; ;-1.516416327;20763369.87;E
1.10.45-10;-16.38885522;-71.48465446;-1940543.042;2844312.851;E
1.10.45-10;-16.38894397;-71.48506462;-1940548.291;2844265.168;E
1.10.45-10;-16.38961256;-71.48524269;-1940624.601;2844236.225;E
1.10.45-10;-16.38971143;-71.48486708;-1940640.962;2844277.535;E
1.10.46-50; ; ;-1.516416327;20763369.87;E
1.10.46-50;-16.39368677;-71.47903824;-1941181.69;2844886.65;E
1.10.46-50;-16.39340532;-71.47909822;-1941147.861;2844883.532;E
1.10.46-50;-16.39351455;-71.47961964;-1941154.109;2844822.96;E
1.10.46-50;-16.39381312;-71.47953475;-1941190.263;2844828.681;E
1.10.46-51; ; ;-1.516416327;20763369.87;E
1.10.46-51;-16.3933837;-71.47909922;-1941145.308;2844883.701;E
1.10.46-51;-16.39308774;-71.47914631;-1941109.937;2844882.233;E
1.10.46-51;-16.39324491;-71.47970486;-1941121.348;2844816.822;E
1.10.46-51;-16.393489;-71.479633;-1941150.937;2844821.779;E
1.10.46-52; ; ;-1.516416327;20763369.87;E
1.10.46-52;-16.39303683;-71.47915641;-1941103.828;2844881.753;E
1.10.46-52;-16.39275281;-71.47923624;-1941069.446;2844876.416;E
1.10.46-52;-16.39290599;-71.47978082;-1941080.565;2844812.642;E
1.10.46-52;-16.39319789;-71.47971184;-1941115.736;2844816.646;E
1.10.46-53; ; ;-1.516416327;20763369.87;E
1.10.46-53;-16.39272972;-71.47926315;-1941066.393;2844873.666;E
1.10.46-53;-16.39245303;-71.47933167;-1941033.015;2844869.516;E
1.10.46-53;-16.39260472;-71.47986553;-1941044.095;2844806.977;E
1.10.46-53;-16.39286766;-71.47980335;-1941075.777;2844810.589;E
1.10.46-54; ; ;-1.516416327;20763369.87;E
1.10.46-54;-16.39254903;-71.47990534;-1941037.048;2844803.19;E
1.10.46-54;-16.39240092;-71.47932252;-1941027.008;2844871.236;E
1.10.46-54;-16.39211991;-71.47940812;-1940992.907;2844865.204;E
1.10.46-54;-16.39223792;-71.47994712;-1940999.965;2844802.523;E
1.10.46-55; ; ;-1.516416327;20763369.87;E
1.10.46-55;-16.39207361;-71.47940791;-1940987.469;2844865.834;E
1.10.46-55;-16.39178821;-71.47948016;-1940953.021;2844861.374;E
1.10.46-55;-16.39194443;-71.48002691;-1940964.471;2844797.313;E
1.10.46-55;-16.39220661;-71.47996279;-1940996.088;2844801.155;E
1.10.46-56; ; ;-1.516416327;20763369.87;E
1.10.46-56;-16.39151006;-71.47955536;-1940919.388;2844856.484;E
1.10.46-56;-16.39158408;-71.47988524;-1940923.919;2844818.098;E
1.10.46-56;-16.39179978;-71.48013335;-1940946.13;2844787.134;E
1.10.46-56;-16.39191297;-71.48007588;-1940960.156;2844792.171;E
1.10.46-56;-16.39176181;-71.4794949;-1940949.734;2844860.047;E
1.10.46-68; ; ;-1.516416327;20763369.87;E
1.10.46-68;-16.39357112;-71.4789904;-1941168.705;2844893.59;E
1.10.46-68;-16.39332833;-71.47841169;-1941147.489;2844962.409;E
1.10.46-68;-16.39291164;-71.47864111;-1941095.627;2844941.84;E
1.10.46-68;-16.39310548;-71.47906379;-1941113.064;2844891.36;E
1.10.53-44; ; ;-1.516416327;20763369.87;E
1.10.53-44;-16.38601025;-71.49262612;-1940108.14;2843445.883;E
1.10.53-44;-16.38630484;-71.49272287;-1940141.531;2843431.058;E
1.10.53-44;-16.38657813;-71.49243769;-1940177.24;2843459.831;E
1.10.53-44;-16.38611291;-71.49227258;-1940124.663;2843484.639;E
1.10.53-45; ; ;-1.516416327;20763369.87;E
1.10.53-45;-16.38613436;-71.49220639;-1940128.018;2843491.866;E
1.10.53-45;-16.38666122;-71.49237327;-1940187.816;2843466.051;E
1.10.53-45;-16.38693924;-71.49207695;-1940224.222;2843496.026;E
1.10.53-45;-16.38625215;-71.49183254;-1940146.576;2843532.729;E
1.10.53-46; ; ;-1.516416327;20763369.87;E
1.10.53-46;-16.38645701;-71.49109675;-1940179.932;2843613.507;E
1.10.53-46;-16.38626762;-71.49176112;-1940149.296;2843540.628;E
1.10.53-46;-16.3866162;-71.49187673;-1940188.792;2843522.958;E
1.10.53-46;-16.38682966;-71.49122284;-1940222.125;2843594.333;E
1.10.53-49; ; ;-1.516416327;20763369.87;E
1.10.53-49;-16.38656898;-71.4906051;-1940199.293;2843667.807;E
1.10.53-49;-16.38646593;-71.49100321;-1940182.161;2843623.999;E
1.10.53-49;-16.38685549;-71.49114105;-1940226.193;2843603.272;E
1.10.53-49;-16.38695774;-71.49076908;-1940242.901;2843644.125;E
1.10.53-50; ; ;-1.516416327;20763369.87;E
1.10.53-50;-16.38668877;-71.49019383;-1940218.559;2843712.888;E
1.10.53-50;-16.38657118;-71.49054837;-1940200.268;2843674.212;E
1.10.53-50;-16.38698375;-71.49069639;-1940246.875;2843652.03;E
1.10.53-50;-16.38710891;-71.49034255;-1940266.047;2843690.526;E
1.10.53-51; ; ;-1.516416327;20763369.87;E
1.10.53-51;-16.3870387;-71.49078492;-1940252.213;2843641.269;E
1.10.53-51;-16.38692725;-71.49116211;-1940234.359;2843599.945;E
1.10.53-51;-16.38763623;-71.4913853;-1940314.843;2843565.361;E
1.10.53-51;-16.3877306;-71.49103439;-1940330.361;2843603.928;E
1.10.53-52; ; ;-1.516416327;20763369.87;E
1.10.53-52;-16.38717971;-71.49036045;-1940274.139;2843687.57;E
1.10.53-52;-16.38706773;-71.49072611;-1940256.367;2843647.561;E
1.10.53-52;-16.3877597;-71.49095747;-1940334.75;2843612.272;E
1.10.53-52;-16.38786978;-71.49058419;-1940352.396;2843653.171;E
1.10.53-53; ; ;-1.516416327;20763369.87;E
1.10.53-53;-16.38688829;-71.48975581;-1940247.53;2843759.961;E
1.10.53-53;-16.38671443;-71.49011592;-1940222.557;2843721.388;E
1.10.53-53;-16.3871194;-71.49024862;-1940268.465;2843701.043;E
1.10.53-53;-16.38725167;-71.48989362;-1940288.487;2843739.578;E
1.10.53-54; ; ;-1.516416327;20763369.87;E
1.10.53-54;-16.38705548;-71.48931155;-1940272.782;2843808.163;E
1.10.53-54;-16.38693352;-71.48969223;-1940253.647;2843766.58;E
1.10.53-54;-16.38725767;-71.48980226;-1940290.344;2843749.862;E
1.10.53-54;-16.38738027;-71.48942558;-1940309.505;2843790.982;E
1.10.53-55; ; ;-1.516416327;20763369.87;E
1.10.53-55;-16.38745996;-71.48947752;-1940318.212;2843784.05;E
1.10.53-55;-16.38735352;-71.48982588;-1940301.309;2843745.929;E
1.10.53-55;-16.38802594;-71.49004981;-1940377.489;2843711.739;E
1.10.53-55;-16.38816673;-71.4896859;-1940398.625;2843751.173;E
1.10.53-61; ; ;-1.516416327;20763369.87;E
1.10.53-61;-16.38807404;-71.48874021;-1940399.671;2843859.648;E
1.10.53-61;-16.38798238;-71.48907535;-1940384.671;2843822.834;E
1.10.53-61;-16.38831378;-71.48916254;-1940422.509;2843808.611;E
1.10.53-61;-16.38852789;-71.48852146;-1940455.759;2843878.524;E
1.10.53-62; ; ;-1.516416327;20763369.87;E
1.10.53-62;-16.38795461;-71.48910847;-1940380.991;2843819.44;E
1.10.53-62;-16.38784205;-71.48951197;-1940362.671;2843775.146;E
1.10.53-62;-16.38817447;-71.48961809;-1940400.39;2843758.763;E
1.10.53-62;-16.38830777;-71.48924271;-1940420.79;2843799.597;E
1.10.53-63; ; ;-1.516416327;20763369.87;E
1.10.53-63;-16.38871844;-71.49035973;-1940454.943;2843667.531;E
1.10.53-63;-16.388079;-71.49014472;-1940382.525;2843700.279;E
1.10.53-63;-16.38798551;-71.49053162;-1940366.657;2843657.619;E
1.10.53-63;-16.38769147;-71.49139245;-1940321.243;2843563.828;E
1.10.53-63;-16.38865078;-71.49046165;-1940445.707;2843656.857;E
1.10.53-64; ; ;-1.516416327;20763369.87;E
1.10.53-64;-16.38901707;-71.48997981;-1940494.827;2843706.718;E
1.10.53-64;-16.38821928;-71.48970152;-1940404.602;2843748.714;E
1.10.53-64;-16.38811426;-71.49009487;-1940387.297;2843705.473;E
1.10.53-64;-16.38879096;-71.49033679;-1940463.754;2843669.185;E
1.10.53-64;-16.38898384;-71.49014123;-1940488.884;2843688.844;E
1.10.53-65; ; ;-1.516416327;20763369.87;E
1.10.53-65;-16.38837119;-71.48926628;-1940427.945;2843796.093;E
1.10.53-65;-16.38825104;-71.48965162;-1940408.963;2843753.959;E
1.10.53-65;-16.38903749;-71.4899087;-1940498.123;2843714.517;E
1.10.53-65;-16.38916921;-71.48953591;-1940518.305;2843755.076;E
1.10.53-66; ; ;-1.516416327;20763369.87;E
1.10.53-66;-16.3886168;-71.48848377;-1940466.682;2843881.636;E
1.10.53-66;-16.38839743;-71.48920014;-1940431.863;2843803.252;E
1.10.53-66;-16.38865217;-71.48928177;-1940460.763;2843790.662;E
1.10.53-66;-16.38885188;-71.48863367;-1940492.41;2843861.559;E
1.10.53-67; ; ;-1.516416327;20763369.87;E
1.10.53-67;-16.38937971;-71.48985744;-1940538.98;2843715.855;E
1.10.53-67;-16.38919554;-71.48963709;-1940520.122;2843743.256;E
1.10.53-67;-16.38904515;-71.49019902;-1940495.359;2843681.488;E
1.10.53-68; ; ;-1.516416327;20763369.87;E
1.10.53-68;-16.38962793;-71.48961819;-1940571.165;2843739.745;E
1.10.53-68;-16.38923815;-71.4895049;-1940526.797;2843757.691;E
1.10.53-68;-16.38922096;-71.48956006;-1940524.081;2843751.66;E
1.10.53-68;-16.38943536;-71.48980054;-1940546.236;2843721.581;E
1.10.53-69; ; ;-1.516416327;20763369.87;E
1.10.53-69;-16.38924108;-71.48945217;-1940527.808;2843763.634;E
1.10.53-69;-16.38967764;-71.48954669;-1940577.909;2843747.205;E
1.10.53-69;-16.38998634;-71.48926704;-1940617.71;2843774.885;E
1.10.53-69;-16.38939542;-71.4889277;-1940552.563;2843821.102;E
1.10.53-71; ; ;-1.516416327;20763369.87;E
1.10.53-71;-16.38856192;-71.4850372;-1940503.747;2844273.276;E
1.10.53-71;-16.38854129;-71.48544284;-1940496.201;2844227.535;E
1.10.53-71;-16.38893444;-71.48552505;-1940541.358;2844213.068;E
1.10.53-71;-16.38886623;-71.4850957;-1940538.765;2844262.659;E
1.10.53-72; ; ;-1.516416327;20763369.87;E
1.10.53-72;-16.38865681;-71.48447415;-1940522.005;2844335.898;E
1.10.53-72;-16.38855917;-71.48471986;-1940507.431;2844309.306;E
1.10.53-72;-16.38856788;-71.48497872;-1940505.185;2844279.831;E
1.10.53-72;-16.38883321;-71.48503233;-1940535.685;2844270.279;E
1.10.53-72;-16.38869346;-71.48447624;-1940526.286;2844335.182;E
1.10.1-7; ; ;-1.516416327;20763369.87;NA
1.10.1-7;-16.40276225;-71.51386724;-1941808.268;2840817.994;NA
1.10.1-7;-16.40251542;-71.51355251;-1941783.241;2840856.908;NA
1.10.1-7;-16.40224363;-71.51376606;-1941748.617;2840836.245;NA
1.10.1-7;-16.40250232;-71.51409247;-1941774.89;2840795.851;NA
1.11.5-1; ; ;-1.516416327;20763369.87;NA
1.11.5-1;-16.40173463;-71.51422575;-1941683.023;2840790.771;NA
1.11.5-1;-16.40145861;-71.51378852;-1941656.112;2840843.958;NA
1.11.5-1;-16.40131928;-71.51363559;-1941641.673;2840863.12;NA
1.11.5-1;-16.40111066;-71.51347897;-1941619.14;2840883.606;NA
1.11.5-1;-16.40071865;-71.51309595;-1941577.919;2840932.163;NA
1.11.5-1;-16.40019068;-71.51245013;-1941524.04;2841012.298;NA
1.11.5-1;-16.4000404;-71.51227478;-1941508.597;2841034.145;NA
1.11.5-1;-16.39995263;-71.51212906;-1941500.125;2841051.818;NA
1.11.5-1;-16.39985486;-71.51205924;-1941489.519;2841061.013;NA
1.11.5-1;-16.39975719;-71.51204056;-1941478.28;2841064.407;NA
1.11.5-1;-16.39974153;-71.5122044;-1941474.374;2841046.032;NA
1.11.5-1;-16.39996128;-71.5124686;-1941496.858;2841013.2;NA
1.11.5-1;-16.40034208;-71.51293169;-1941535.751;2840955.711;NA
1.11.5-1;-16.40060447;-71.51327162;-1941562.289;2840913.735;NA
1.11.5-1;-16.40081799;-71.51348806;-1941584.643;2840886.401;NA
1.11.5-1;-16.40099597;-71.51363332;-1941603.719;2840867.602;NA
1.11.5-1;-16.40123928;-71.51386629;-1941629.365;2840838.005;NA
1.11.5-1;-16.40159544;-71.51432989;-1941665.357;2840780.78;NA
1.11.5-6; ; ;-1.516416327;20763369.87;NA
1.11.5-6;-16.40192926;-71.5146367;-1941700.704;2840741.627;NA
1.11.5-6;-16.40198093;-71.51462079;-1941706.975;2840742.756;NA
1.11.5-6;-16.4017444;-71.514241;-1941683.978;2840788.913;NA
1.11.5-6;-16.40160949;-71.51434194;-1941666.856;2840779.23;NA
1.11.5-6;-16.4017951;-71.51459497;-1941685.469;2840748.112;NA
1.11.5-8; ; ;-1.516416327;20763369.87;NA
1.11.5-8;-16.40235244;-71.51523309;-1941742.896;2840668.469;NA
1.11.5-8;-16.4021413;-71.51549644;-1941714.77;2840641.365;NA
1.11.5-8;-16.40279339;-71.51630039;-1941781.233;2840541.681;NA
1.11.5-8;-16.40290708;-71.51612833;-1941796.76;2840559.706;NA
1.10.5-7; ; ;-1.516416327;20763369.87;NA
1.10.5-7;-16.3930667;-71.50366275;-1940797.95;2842101.924;NA
1.10.5-7;-16.39285644;-71.50365716;-1940773.318;2842105.305;NA
1.10.5-7;-16.39294394;-71.50392891;-1940780.169;2842073.343;NA
1.10.5-7;-16.39313829;-71.50387087;-1940803.735;2842077.385;NA
1.10.6-10; ; ;-1.516416327;20763369.87;NA
1.10.6-10;-16.39343325;-71.50134527;-1940870.254;2842359.957;NA
1.10.6-10;-16.39305202;-71.50136093;-1940825.267;2842363.165;NA
1.10.6-10;-16.39307931;-71.50186259;-1940822.143;2842305.914;NA
1.10.6-10;-16.3934633;-71.50184338;-1940867.499;2842303.074;NA
1.10.6-19; ; ;-1.516416327;20763369.87;NA
1.10.6-19;-16.3927878;-71.50265682;-1940777.874;2842219.65;NA
1.10.6-19;-16.39277927;-71.50262721;-1940777.245;2842223.121;NA
1.10.6-19;-16.39268215;-71.50245704;-1940767.982;2842243.688;NA
1.10.6-19;-16.39236448;-71.50271459;-1940727.41;2842218.632;NA
1.10.6-19;-16.39249523;-71.50288999;-1940740.559;2842197.03;NA
1.10.13-19; ; ;-1.516416327;20763369.87;NA
1.10.13-19;-16.39804823;-71.50052463;-1941422.814;2842392.691;NA
1.10.13-19;-16.39780753;-71.50057075;-1941393.952;2842390.608;NA
1.10.13-19;-16.3978863;-71.50089485;-1941399.116;2842352.822;NA
1.10.13-19;-16.39792655;-71.50104633;-1941401.933;2842335.117;NA
1.10.13-19;-16.39817085;-71.50094412;-1941431.925;2842343.514;NA
1.10.13-19;-16.39808278;-71.50065818;-1941425.187;2842377.093;NA
1.10.13A-18; ; ;-1.516416327;20763369.87;NA
1.10.13A-18;-16.39476927;-71.49677235;-1941084.932;2842861.112;NA
1.10.13A-18;-16.39440328;-71.49662434;-1941043.8;2842882.684;NA
1.10.13A-18;-16.39469798;-71.49712694;-1941072.081;2842821.83;NA
1.10.13A-18;-16.39480007;-71.49730394;-1941081.841;2842800.42;NA
1.10.13A-18;-16.39484951;-71.49729054;-1941087.819;2842801.294;NA
1.10.14-11; ; ;-1.516416327;20763369.87;NA
1.10.14-11;-16.39520386;-71.49639494;-1941140.756;2842898.232;NA
1.10.14-11;-16.39520436;-71.49591438;-1941146.881;2842952.727;NA
1.10.14-11;-16.39503053;-71.49601878;-1941125.14;2842943.16;NA
1.10.14-11;-16.39481534;-71.49607126;-1941099.195;2842940.022;NA
1.10.14-11;-16.39482037;-71.4963972;-1941095.671;2842902.991;NA
1.10.17-9; ; ;-1.516416327;20763369.87;NA
1.10.17-9;-16.39716199;-71.49500148;-1941388.409;2843030.659;NA
1.10.17-9;-16.39703336;-71.49502295;-1941373.026;2843029.906;NA
1.10.17-9;-16.39712244;-71.49540601;-1941378.656;2842985.298;NA
1.10.17-9;-16.39724551;-71.49538809;-1941393.342;2842985.721;NA
1.10.18-16; ; ;-1.516416327;20763369.87;NA
1.10.18-16;-16.39373001;-71.49314663;-1941008.596;2843285.91;NA
1.10.18-16;-16.39364848;-71.49317536;-1940998.653;2843283.718;NA
1.10.18-16;-16.39341919;-71.49293602;-1940974.735;2843313.861;NA
1.10.18-16;-16.39320551;-71.49314972;-1940946.931;2843292.419;NA
1.10.18-16;-16.39363037;-71.49358516;-1940991.352;2843237.477;NA
1.10.18-16;-16.39389406;-71.49332659;-1941025.598;2843263.354;NA
1.10.18-20; ; ;-1.516416327;20763369.87;NA
1.10.18-20;-16.39397469;-71.49327371;-1941035.738;2843268.297;NA
1.10.18-20;-16.39437004;-71.49292865;-1941086.546;2843302.262;NA
1.10.18-20;-16.39418832;-71.4928862;-1941065.731;2843309.452;NA
1.10.18-20;-16.39399966;-71.49290026;-1941043.387;2843310.326;NA
1.10.18-20;-16.39379567;-71.49293428;-1941018.991;2843309.135;NA
1.10.18-20;-16.39369755;-71.49298563;-1941006.813;2843304.594;NA
1.10.19-19; ; ;-1.516416327;20763369.87;NA
1.10.19-19;-16.38795669;-71.49159873;-1940349.803;2843536.963;NA
1.10.19-19;-16.38740382;-71.49211514;-1940278.325;2843485.62;NA
1.10.19-19;-16.38825615;-71.49239432;-1940374.946;2843442.812;NA
1.10.19-19;-16.38846072;-71.49175303;-1940407.076;2843512.873;NA
1.10.19-21; ; ;-1.516416327;20763369.87;NA
1.10.19-21;-16.38882852;-71.49363831;-1940426.496;2843294.236;NA
1.10.19-21;-16.38847805;-71.49352281;-1940386.776;2843311.918;NA
1.10.19-21;-16.38834851;-71.49395101;-1940366.152;2843265.046;NA
1.10.19-21;-16.38875803;-71.49387125;-1940415.274;2843268.739;NA
1.10.21-9; ; ;-1.516416327;20763369.87;NA
1.10.21-9;-16.39313025;-71.49253443;-1940945.855;2843363.187;NA
1.10.21-9;-16.39291265;-71.49275975;-1940917.444;2843340.478;NA
1.10.21-9;-16.39308505;-71.49283037;-1940936.809;2843330.213;NA
1.10.21-9;-16.39330503;-71.4929262;-1940961.446;2843316.468;NA
1.10.21-9;-16.39340097;-71.49283048;-1940973.926;2843326.069;NA
1.10.23-5; ; ;-1.516416327;20763369.87;NA
1.10.23-5;-16.39845435;-71.49178537;-1941580.86;2843378.501;NA
1.10.23-5;-16.39856304;-71.49166403;-1941595.163;2843390.841;NA
1.10.23-5;-16.39821619;-71.49155449;-1941555.793;2843407.801;NA
1.10.23-5;-16.39817207;-71.49153571;-1941550.847;2843410.509;NA
1.10.23-5;-16.3981507;-71.49154063;-1941548.274;2843410.23;NA
1.10.23-5;-16.39814707;-71.4915697;-1941547.481;2843406.981;NA
1.10.23-5;-16.39814552;-71.49159599;-1941546.967;2843404.019;NA
1.10.23-5;-16.39821133;-71.49183936;-1941551.625;2843375.557;NA
1.10.24-6; ; ;-1.516416327;20763369.87;NA
1.10.24-6;-16.39639312;-71.48903018;-1941373.471;2843717.947;NA
1.10.24-6;-16.39630957;-71.48947006;-1941358.099;2843669.149;NA
1.10.24-6;-16.39702962;-71.48958226;-1941441.285;2843647.004;NA
1.10.24-6;-16.39706929;-71.48914319;-1941451.491;2843696.283;NA
1.10.24-10; ; ;-1.516416327;20763369.87;NA
1.10.24-10;-16.39641245;-71.48871173;-1941379.764;2843753.811;NA
1.10.24-10;-16.3963744;-71.48894712;-1941372.321;2843727.611;NA
1.10.24-10;-16.39709629;-71.48906759;-1941455.618;2843704.504;NA
1.10.24-10;-16.39712952;-71.48883547;-1941462.454;2843730.395;NA
1.10.24-11; ; ;-1.516416327;20763369.87;NA
1.10.24-11;-16.3956408;-71.48834072;-1941293.784;2843805.985;NA
1.10.24-11;-16.39556254;-71.48879085;-1941278.903;2843755.956;NA
1.10.24-11;-16.39578714;-71.48883098;-1941304.786;2843748.467;NA
1.10.24-11;-16.39586425;-71.48838293;-1941319.505;2843798.274;NA
1.10.24-13; ; ;-1.516416327;20763369.87;NA
1.10.24-13;-16.39213627;-71.48591973;-1940912.585;2844126.42;NA
1.10.24-13;-16.39033075;-71.48506617;-1940711.217;2844246.852;NA
1.10.24-13;-16.39013143;-71.48595489;-1940676.576;2844148.658;NA
1.10.24-13;-16.38973248;-71.48586866;-1940630.787;2844163.657;NA
1.10.24-13;-16.38992574;-71.48724918;-1940636.065;2844004.547;NA
1.10.24-13;-16.38941161;-71.48876829;-1940556.477;2843838.97;NA
1.10.24-13;-16.39043277;-71.4893173;-1940669.529;2843763.346;NA
1.10.24-13;-16.3931751;-71.49101964;-1940970.249;2843534.403;NA
1.10.24-13;-16.39493553;-71.48775234;-1941218.347;2843881.945;NA
1.10.24-19; ; ;-1.516416327;20763369.87;NA
1.10.24-19;-16.39460273;-71.48869429;-1941167.35;2843779.464;NA
1.10.24-19;-16.39448497;-71.48912598;-1941148.062;2843732.044;NA
1.10.24-19;-16.39520996;-71.48928406;-1941231.249;2843704.631;NA
1.10.24-19;-16.39529468;-71.48880804;-1941247.215;2843757.511;NA
1.10.24-20; ; ;-1.516416327;20763369.87;NA
1.10.24-20;-16.39792328;-71.48985447;-1941542.847;2843604.439;NA
1.10.24-20;-16.39788253;-71.49017944;-1941533.956;2843568.116;NA
1.10.24-20;-16.3981087;-71.49021936;-1941560.025;2843560.63;NA
1.10.24-20;-16.39815454;-71.48989778;-1941569.472;2843596.502;NA
1.10.25-12; ; ;-1.516416327;20763369.87;NA
1.10.25-12;-16.39523804;-71.48594316;-1941276.741;2844083.181;NA
1.10.25-12;-16.39492888;-71.48575038;-1941242.85;2844109.092;NA
1.10.25-12;-16.39488567;-71.48576873;-1941237.541;2844107.575;NA
1.10.25-12;-16.39462006;-71.48619962;-1941200.891;2844062.179;NA
1.10.25-12;-16.39461759;-71.48624146;-1941200.072;2844057.466;NA
1.10.25-12;-16.39514339;-71.48657419;-1941257.649;2844012.849;NA
1.10.25-12;-16.39518866;-71.48655441;-1941263.218;2844014.5;NA
1.10.25-12;-16.39526327;-71.48598518;-1941279.174;2844078.085;NA
1.10.25-23; ; ;-1.516416327;20763369.87;NA
1.10.25-23;-16.39650632;-71.4878631;-1941401.51;2843848.831;NA
1.10.25-23;-16.39645094;-71.48748195;-1941399.818;2843892.785;NA
1.10.25-23;-16.39640197;-71.48745888;-1941394.356;2843896.043;NA
1.10.25-23;-16.3963681;-71.48784231;-1941385.533;2843852.997;NA
1.10.25-23;-16.39648937;-71.48789437;-1941399.124;2843845.507;NA
1.10.25-33; ; ;-1.516416327;20763369.87;NA
1.10.25-33;-16.39516903;-71.48475789;-1941283.603;2844218.517;NA
1.10.25-33;-16.394958;-71.48507672;-1941254.78;2844185.117;NA
1.10.25-33;-16.39513165;-71.48518306;-1941273.84;2844170.783;NA
1.10.25-33;-16.39540515;-71.48474198;-1941311.547;2844217.231;NA
1.10.25-33;-16.39528769;-71.4847162;-1941298.072;2844221.693;NA
1.10.26-14; ; ;-1.516416327;20763369.87;NA
1.10.26-14;-16.39352971;-71.48492995;-1941088.812;2844220.451;NA
1.10.26-14;-16.39326395;-71.48539175;-1941051.753;2844171.551;NA
1.10.26-14;-16.39370362;-71.48565926;-1941100.035;2844135.458;NA
1.10.26-14;-16.39406872;-71.48525305;-1941148.064;2844176.754;NA
1.10.26-20; ; ;-1.516416327;20763369.87;NA
1.10.26-20;-16.3926461;-71.48419574;-1940994.262;2844315.288;NA
1.10.26-20;-16.39295196;-71.48361763;-1941037.501;2844376.857;NA
1.10.26-20;-16.39265394;-71.48343162;-1941004.833;2844401.854;NA
1.10.26-20;-16.3923273;-71.48400266;-1940959.241;2844341.359;NA
1.10.29-2; ; ;-1.516416327;20763369.87;NA
1.10.29-2;-16.40363628;-71.48379737;-1942290.624;2844216.63;NA
1.10.29-2;-16.40358011;-71.48376213;-1942284.469;2844221.362;NA
1.10.29-2;-16.40347078;-71.48371171;-1942272.261;2844228.512;NA
1.10.29-2;-16.40321561;-71.48364145;-1942243.167;2844239.821;NA
1.10.29-2;-16.4031565;-71.48401499;-1942231.501;2844198.23;NA
1.10.29-2;-16.40364639;-71.48409255;-1942288.082;2844183.02;NA
1.10.29-30; ; ;-1.516416327;20763369.87;NA
1.10.29-30;-16.39933087;-71.48281334;-1941797.18;2844384.597;NA
1.10.29-30;-16.39937581;-71.4823582;-1941808.211;2844435.631;NA
1.10.29-30;-16.39913129;-71.48244401;-1941778.396;2844429.099;NA
1.10.29-30;-16.39894167;-71.48256364;-1941754.603;2844418.013;NA
1.10.29-30;-16.39903895;-71.48292256;-1941761.499;2844376.032;NA
1.10.29-32; ; ;-1.516416327;20763369.87;NA
1.10.29-32;-16.39999431;-71.48162082;-1941890.202;2844511.167;NA
1.10.29-32;-16.39964999;-71.48175604;-1941848.036;2844500.337;NA
1.10.29-32;-16.39972482;-71.48205514;-1941853.049;2844465.434;NA
1.10.29-32;-16.4000916;-71.48192512;-1941897.788;2844475.379;NA
1.10.29-39; ; ;-1.516416327;20763369.87;NA
1.10.29-39;-16.40148806;-71.48155098;-1942066.599;2844499.531;NA
1.10.29-39;-16.40162103;-71.48189249;-1942077.908;2844459.057;NA
1.10.29-39;-16.40198265;-71.48177197;-1942121.921;2844467.992;NA
1.10.29-39;-16.40191578;-71.48138812;-1942118.914;2844512.403;NA
1.10.30-27; ; ;-1.516416327;20763369.87;NA
1.10.30-27;-16.39853823;-71.48557344;-1941669.175;2844081.928;NA
1.10.30-27;-16.39849307;-71.4855937;-1941663.613;2844080.222;NA
1.10.30-27;-16.39844287;-71.48559367;-1941657.715;2844080.882;NA
1.10.30-27;-16.39839731;-71.48558465;-1941652.476;2844082.501;NA
1.10.30-27;-16.39834057;-71.48556805;-1941646.018;2844085.127;NA
1.10.30-27;-16.39829082;-71.48553739;-1941640.56;2844089.255;NA
1.10.30-27;-16.39822616;-71.48549647;-1941633.48;2844094.743;NA
1.10.30-27;-16.39818108;-71.48547083;-1941628.506;2844098.241;NA
1.10.30-27;-16.39813755;-71.48548066;-1941623.268;2844097.696;NA
1.10.30-27;-16.39814794;-71.48551636;-1941624.038;2844093.511;NA
1.10.30-27;-16.39819739;-71.48557277;-1941629.135;2844086.465;NA
1.10.30-27;-16.39822964;-71.48560933;-1941632.463;2844081.897;NA
1.10.30-27;-16.39826819;-71.48566536;-1941636.285;2844075.037;NA
1.10.30-27;-16.39830684;-71.48570661;-1941640.305;2844069.853;NA
1.10.30-27;-16.39834326;-71.48575864;-1941643.927;2844063.476;NA
1.10.30-27;-16.39838154;-71.48580554;-1941647.833;2844057.655;NA
1.10.30-27;-16.39841554;-71.48585739;-1941651.173;2844051.33;NA
1.10.30-27;-16.39845671;-71.48590745;-1941655.377;2844045.114;NA
1.10.30-27;-16.39849485;-71.48594163;-1941659.427;2844040.737;NA
1.10.30-27;-16.39851979;-71.48595837;-1941662.146;2844038.513;NA
1.10.30-27;-16.3985812;-71.48556911;-1941674.278;2844081.858;NA
1.10.30-28; ; ;-1.516416327;20763369.87;NA
1.10.30-28;-16.39778511;-71.48377661;-1941603.384;2844295.577;NA
1.10.30-28;-16.39748453;-71.48403097;-1941564.853;2844270.663;NA
1.10.30-28;-16.39773469;-71.48433977;-1941590.345;2844232.365;NA
1.10.30-28;-16.39803641;-71.48408221;-1941629.05;2844257.627;NA
1.10.31-2; ; ;-1.516416327;20763369.87;NA
1.10.31-2;-16.40383196;-71.48500896;-1942298.305;2844076.657;NA
1.10.31-2;-16.40345631;-71.48499235;-1942254.378;2844083.46;NA
1.10.31-2;-16.40344008;-71.48519353;-1942249.928;2844060.855;NA
1.10.31-2;-16.4034401;-71.48544583;-1942246.743;2844032.24;NA
1.10.31-2;-16.40380885;-71.48543649;-1942290.187;2844028.472;NA
1.10.35-7; ; ;-1.516416327;20763369.87;NA
1.10.35-7;-16.39776761;-71.48724977;-1941557.455;2843901.89;NA
1.10.35-7;-16.39747296;-71.48772521;-1941516.829;2843851.822;NA
1.10.35-7;-16.39771325;-71.48788705;-1941543.018;2843830.323;NA
1.10.35-7;-16.39801072;-71.48740935;-1941584.004;2843880.609;NA
1.10.35-28; ; ;-1.516416327;20763369.87;NA
1.10.35-28;-16.39762576;-71.48680269;-1941546.435;2843954.452;NA
1.10.35-28;-16.39750374;-71.48663692;-1941534.192;2843974.85;NA
1.10.35-28;-16.39746152;-71.48664821;-1941529.088;2843974.122;NA
1.10.35-28;-16.3974413;-71.48671778;-1941525.834;2843966.496;NA
1.10.35-28;-16.39744256;-71.48683913;-1941524.449;2843952.717;NA
1.10.35-28;-16.39749314;-71.48703885;-1941527.869;2843929.403;NA
1.10.35-28;-16.39759912;-71.48704689;-1941540.22;2843927.104;NA
1.10.35-28;-16.39773808;-71.48706205;-1941556.356;2843923.567;NA
1.10.35-28;-16.39777133;-71.48689143;-1941562.418;2843942.482;NA
1.10.36-4; ; ;-1.516416327;20763369.87;NA
1.10.36-4;-16.40388782;-71.49056697;-1942234.646;2843445.584;NA
1.10.36-4;-16.4038686;-71.49035799;-1942235.027;2843469.536;NA
1.10.36-4;-16.40335719;-71.49037132;-1942174.771;2843474.718;NA
1.10.36-4;-16.40335479;-71.49054346;-1942172.315;2843455.227;NA
1.10.36-4;-16.40374152;-71.49058279;-1942217.256;2843445.705;NA
1.10.36-11; ; ;-1.516416327;20763369.87;NA
1.10.36-11;-16.40299877;-71.48924875;-1942146.84;2843606.72;NA
1.10.36-11;-16.40290082;-71.489126;-1942136.882;2843621.923;NA
1.10.36-11;-16.40278799;-71.48895886;-1942125.737;2843642.355;NA
1.10.36-11;-16.40279823;-71.48888604;-1942127.86;2843650.48;NA
1.10.36-11;-16.40278797;-71.48882631;-1942127.41;2843657.388;NA
1.10.36-11;-16.40277613;-71.4887715;-1942126.71;2843663.759;NA
1.10.36-11;-16.40274509;-71.4887186;-1942123.732;2843670.165;NA
1.10.36-11;-16.40271853;-71.48867672;-1942121.14;2843675.262;NA
1.10.36-11;-16.40267202;-71.48862929;-1942116.275;2843681.25;NA
1.10.36-11;-16.40261965;-71.48860208;-1942110.466;2843685.021;NA
1.10.36-11;-16.40252107;-71.48857616;-1942099.21;2843689.252;NA
1.10.36-11;-16.40241862;-71.48857829;-1942087.146;2843690.35;NA
1.10.36-11;-16.40231745;-71.48862309;-1942074.694;2843686.593;NA
1.10.36-11;-16.40226283;-71.4886728;-1942067.648;2843681.671;NA
1.10.36-11;-16.40221225;-71.48875443;-1942060.674;2843673.075;NA
1.10.36-11;-16.40219579;-71.48882541;-1942057.842;2843665.24;NA
1.10.36-11;-16.40218964;-71.48888658;-1942056.347;2843658.383;NA
1.10.36-11;-16.40220435;-71.48895426;-1942057.221;2843650.515;NA
1.10.36-11;-16.40224491;-71.4890057;-1942061.336;2843644.15;NA
1.10.36-11;-16.40229473;-71.48904894;-1942066.644;2843638.595;NA
1.10.36-11;-16.40234773;-71.48908951;-1942072.359;2843633.3;NA
1.10.36-11;-16.40241526;-71.48913049;-1942079.775;2843627.769;NA
1.10.36-11;-16.40250326;-71.48918105;-1942089.476;2843620.883;NA
1.10.36-11;-16.40257486;-71.48922734;-1942097.304;2843614.696;NA
1.10.36-11;-16.40260963;-71.48930153;-1942100.452;2843605.826;NA
1.10.36-11;-16.40271131;-71.48932829;-1942112.06;2843601.462;NA
1.10.36-11;-16.40278329;-71.48932502;-1942120.56;2843600.89;NA
1.10.36-11;-16.40296375;-71.48931404;-1942141.9;2843599.773;NA
1.10.36-26; ; ;-1.516416327;20763369.87;NA
1.10.36-26;-16.40057187;-71.48838693;-1941872.58;2843736.222;NA
1.10.36-26;-16.39950793;-71.48824913;-1941749.312;2843765.773;NA
1.10.36-26;-16.39946418;-71.48826025;-1941744.032;2843765.085;NA
1.10.36-26;-16.39943908;-71.48828423;-1941740.779;2843762.693;NA
1.10.36-26;-16.39939502;-71.48881438;-1941728.906;2843703.144;NA
1.10.36-26;-16.40050347;-71.48894173;-1941857.534;2843674.195;NA
1.10.36-45; ; ;-1.516416327;20763369.87;NA
1.10.36-45;-16.40119451;-71.49099216;-1941912.829;2843432.609;NA
1.10.36-45;-16.40111906;-71.49095286;-1941904.46;2843438.053;NA
1.10.36-45;-16.40100045;-71.49092849;-1941890.832;2843442.369;NA
1.10.36-45;-16.40093452;-71.49106096;-1941881.413;2843428.208;NA
1.10.36-45;-16.40110756;-71.49114992;-1941900.62;2843415.855;NA
1.10.37-48; ; ;-1.516416327;20763369.87;NA
1.10.37-48;-16.39975006;-71.49363704;-1941709.714;2843151.549;NA
1.10.37-48;-16.39832414;-71.49334501;-1941545.867;2843203.322;NA
1.10.37-48;-16.39813497;-71.4932346;-1941525.035;2843218.318;NA
1.10.37-48;-16.39788894;-71.49298875;-1941499.233;2843249.418;NA
1.10.37-48;-16.39776465;-71.49282294;-1941486.723;2843269.85;NA
1.10.37-48;-16.39764201;-71.49278839;-1941472.75;2843275.372;NA
1.10.37-48;-16.39756991;-71.4928945;-1941462.939;2843264.281;NA
1.10.37-48;-16.39869366;-71.49471551;-1941571.978;2843043.057;NA
1.10.37-48;-16.39876473;-71.49474617;-1941579.941;2843038.651;NA
1.10.37-48;-16.3991176;-71.49433565;-1941626.584;2843080.593;NA
1.10.37-48;-16.39983589;-71.49427377;-1941711.758;2843078.213;NA
1.10.38-58; ; ;-1.516416327;20763369.87;NA
1.10.38-58;-16.40555675;-71.50747062;-1942217.281;2841506.817;NA
1.10.38-58;-16.40574882;-71.50743571;-1942240.286;2841508.264;NA
1.10.38-58;-16.40606091;-71.50724905;-1942279.306;2841525.349;NA
1.10.38-58;-16.40619364;-71.50708381;-1942296.986;2841542.352;NA
1.10.38-58;-16.40593256;-71.50679809;-1942269.92;2841578.166;NA
1.10.38-58;-16.40567549;-71.50620992;-1942247.142;2841648.224;NA
1.10.38-58;-16.40561395;-71.50624548;-1942239.464;2841644.997;NA
1.10.38-58;-16.40527762;-71.50723939;-1942187.405;2841536.688;NA
1.10.47-30; ; ;-1.516416327;20763369.87;NA
1.10.47-30;-16.38641704;-71.47647855;-1940359.803;2845272.128;NA
1.10.47-30;-16.38551491;-71.47651606;-1940253.324;2845279.676;NA
1.10.47-30;-16.38553366;-71.47680088;-1940251.929;2845247.124;NA
1.10.47-30;-16.3865038;-71.47661017;-1940368.335;2845256.063;NA
1.10.47-60; ; ;-1.516416327;20763369.87;NA
1.10.47-60;-16.38255176;-71.47652687;-1939905;2845317.218;NA
1.10.47-60;-16.38214417;-71.47671199;-1939854.768;2845301.551;NA
1.10.47-60;-16.38233637;-71.47723321;-1939870.77;2845239.911;NA
1.10.47-60;-16.38272325;-71.47714173;-1939917.387;2845245.227;NA
1.10.47-66; ; ;-1.516416327;20763369.87;NA
1.10.47-66;-16.38504289;-71.47607595;-1940203.418;2845335.775;NA
1.10.47-66;-16.38456923;-71.4765533;-1940141.731;2845287.825;NA
1.10.47-66;-16.38484074;-71.47683417;-1940170.087;2845252.414;NA
1.10.47-66;-16.38535176;-71.47636251;-1940236.092;2845299.229;NA
1.10.48-9; ; ;-1.516416327;20763369.87;NA
1.10.48-9;-16.38557633;-71.4743334;-1940288.112;2845526.459;NA
1.10.48-9;-16.3850679;-71.47432825;-1940228.432;2845533.696;NA
1.10.48-9;-16.38492222;-71.47466994;-1940206.997;2845496.843;NA
1.10.48-9;-16.38556919;-71.47463278;-1940283.49;2845492.592;NA
1.10.48-10; ; ;-1.516416327;20763369.87;NA
1.10.48-10;-16.38456594;-71.47401367;-1940173.422;2845575.949;NA
1.10.48-10;-16.38394413;-71.47375588;-1940103.61;2845613.327;NA
1.10.48-10;-16.38396367;-71.47408;-1940101.813;2845576.305;NA
1.10.48-10;-16.38443828;-71.47427898;-1940155.07;2845547.524;NA
1.10.49-1; ; ;-1.516416327;20763369.87;NA
1.10.49-1;-16.38290088;-71.47438246;-1939973.107;2845555.901;NA
1.10.49-1;-16.38288282;-71.47470298;-1939966.936;2845519.779;NA
1.10.49-1;-16.38316006;-71.47473028;-1939999.17;2845513.055;NA
1.10.49-1;-16.38330238;-71.47487469;-1940014.069;2845494.811;NA
1.10.49-1;-16.3834119;-71.47490848;-1940026.511;2845489.546;NA
1.10.49-1;-16.38386189;-71.47486461;-1940079.942;2845488.635;NA
1.10.49-1;-16.38385199;-71.47435478;-1940085.219;2845546.596;NA
1.10.50-1; ; ;-1.516416327;20763369.87;NA
1.10.50-1;-16.3766226;-71.4734077;-1939247.666;2845748.607;NA
1.10.50-1;-16.37586969;-71.47339365;-1939159.371;2845760.048;NA
1.10.50-1;-16.37587316;-71.47377515;-1939154.961;2845716.724;NA
1.10.50-1;-16.37661276;-71.47379497;-1939241.62;2845704.803;NA
1.10.50-2; ; ;-1.516416327;20763369.87;NA
1.10.50-2;-16.3766062;-71.4738642;-1939239.976;2845697.035;NA
1.10.50-2;-16.37587316;-71.47387141;-1939153.746;2845705.805;NA
1.10.50-2;-16.37588358;-71.47425262;-1939150.158;2845662.424;NA
1.10.50-2;-16.37661274;-71.47425496;-1939235.81;2845652.622;NA
1.10.50-3; ; ;-1.516416327;20763369.87;NA
1.10.50-3;-16.37580265;-71.47338888;-1939151.552;2845761.466;NA
1.10.50-3;-16.37505848;-71.47340035;-1939063.961;2845769.897;NA
1.10.50-3;-16.37505843;-71.47377297;-1939059.251;2845727.627;NA
1.10.50-3;-16.37578196;-71.47379164;-1939144.036;2845716.047;NA
1.10.50-4; ; ;-1.516416327;20763369.87;NA
1.10.50-4;-16.37498069;-71.47383981;-1939049.272;2845721.062;NA
1.10.50-4;-16.37420538;-71.4738411;-1938958.15;2845731.055;NA
1.10.50-4;-16.3742145;-71.47421282;-1938954.528;2845688.766;NA
1.10.50-4;-16.37497222;-71.4742292;-1939043.36;2845676.999;NA
1.10.50-5; ; ;-1.516416327;20763369.87;NA
1.10.50-5;-16.37529101;-71.46937373;-1939142.131;2846223.65;NA
1.10.50-5;-16.37512247;-71.46973337;-1939117.783;2846185.055;NA
1.10.50-5;-16.37581166;-71.47004104;-1939194.887;2846141.136;NA
1.10.50-5;-16.37596858;-71.46968492;-1939217.824;2846179.483;NA
1.10.50-6; ; ;-1.516416327;20763369.87;NA
1.10.50-6;-16.37301925;-71.4688013;-1938882.4;2846318.305;NA
1.10.50-6;-16.37300539;-71.46920343;-1938875.693;2846272.867;NA
1.10.50-6;-16.37374588;-71.46923618;-1938962.297;2846259.465;NA
1.10.50-6;-16.37377438;-71.46884652;-1938970.566;2846303.298;NA
1.10.50-7; ; ;-1.516416327;20763369.87;NA
1.10.50-7;-16.3737852;-71.4683881;-1938977.627;2846355.162;NA
1.10.50-7;-16.37305829;-71.46833781;-1938892.84;2846370.376;NA
1.10.50-7;-16.37302273;-71.46871484;-1938883.901;2846328.069;NA
1.10.50-7;-16.37377135;-71.46877023;-1938971.174;2846311.993;NA
1.10.50-8; ; ;-1.516416327;20763369.87;NA
1.10.50-8;-16.37306459;-71.46786407;-1938899.563;2846424.038;NA
1.10.50-8;-16.37304366;-71.46825603;-1938892.154;2846379.846;NA
1.10.50-8;-16.37379083;-71.46829748;-1938979.433;2846365.37;NA
1.10.50-8;-16.37380457;-71.46790393;-1938986.018;2846409.836;NA
1.10.50-9; ; ;-1.516416327;20763369.87;NA
1.10.50-9;-16.37216081;-71.4697689;-1938769.304;2846219.763;NA
1.10.50-9;-16.37214097;-71.47018484;-1938761.721;2846172.835;NA
1.10.50-9;-16.37286349;-71.47022461;-1938846.124;2846158.874;NA
1.10.50-9;-16.37289985;-71.46981187;-1938855.608;2846205.221;NA
1.10.51-1; ; ;-1.516416327;20763369.87;NA
1.10.51-1;-16.37765226;-71.4816748;-1939264.293;2844797.339;NA
1.10.51-1;-16.37803829;-71.48192517;-1939306.492;2844763.891;NA
1.10.51-1;-16.37883926;-71.48091279;-1939413.388;2844868.257;NA
1.10.51-1;-16.3784455;-71.48060378;-1939371.02;2844908.458;NA
1.10.51-2; ; ;-1.516416327;20763369.87;NA
1.10.51-2;-16.37721534;-71.48134353;-1939217.135;2844840.629;NA
1.10.51-2;-16.3776089;-71.48164531;-1939259.57;2844801.251;NA
1.10.51-2;-16.37842275;-71.48057494;-1939368.711;2844912.027;NA
1.10.51-2;-16.37806395;-71.48032312;-1939329.73;2844945.285;NA
1.10.51-3; ; ;-1.516416327;20763369.87;NA
1.10.51-3;-16.37846952;-71.48053198;-1939374.749;2844916.289;NA
1.10.51-3;-16.37909887;-71.47982808;-1939457.586;2844987.906;NA
1.10.51-3;-16.37874712;-71.47952071;-1939420.134;2845027.372;NA
1.10.51-3;-16.3780857;-71.48024296;-1939333.297;2844954.093;NA
1.10.51-4; ; ;-1.516416327;20763369.87;NA
1.10.51-4;-16.37679937;-71.48093921;-1939173.36;2844891.931;NA
1.10.51-4;-16.37716629;-71.48127199;-1939212.275;2844849.385;NA
1.10.51-4;-16.37799918;-71.48028426;-1939322.609;2844950.539;NA
1.10.51-4;-16.37762009;-71.48000259;-1939281.62;2844987.447;NA
1.10.51-5; ; ;-1.516416327;20763369.87;NA
1.10.51-5;-16.37802758;-71.48020311;-1939326.971;2844959.373;NA
1.10.51-5;-16.37871188;-71.47950297;-1939416.218;2845029.845;NA
1.10.51-5;-16.37837431;-71.47924919;-1939379.754;2845063.048;NA
1.10.51-5;-16.37766869;-71.47994954;-1939288.001;2844992.83;NA
1.10.51-6; ; ;-1.516416327;20763369.87;NA
1.10.51-6;-16.37651596;-71.48057305;-1939144.679;2844937.173;NA
1.10.51-6;-16.37676953;-71.48092423;-1939170.043;2844894.021;NA
1.10.51-6;-16.37758836;-71.4799701;-1939278.302;2844991.547;NA
1.10.51-6;-16.37726619;-71.4797104;-1939243.723;2845025.219;NA
1.10.51-7; ; ;-1.516416327;20763369.87;NA
1.10.51-7;-16.37764223;-71.47991254;-1939285.358;2844997.373;NA
1.10.51-7;-16.37834548;-71.47922549;-1939376.666;2845066.113;NA
1.10.51-7;-16.37799658;-71.47895648;-1939339.064;2845101.191;NA
1.10.51-7;-16.37730921;-71.47964588;-1939249.593;2845031.976;NA
1.10.51-8; ; ;-1.516416327;20763369.87;NA
1.10.51-8;-16.37689683;-71.47940432;-1939204.185;2845064.77;NA
1.10.51-8;-16.37615679;-71.48025229;-1939106.524;2844978.255;NA
1.10.51-8;-16.37647485;-71.48052316;-1939140.478;2844943.369;NA
1.10.51-8;-16.37722808;-71.47966908;-1939239.767;2845030.405;NA
1.10.51-9; ; ;-1.516416327;20763369.87;NA
1.10.51-9;-16.37726931;-71.47961657;-1939245.274;2845035.823;NA
1.10.51-9;-16.37796958;-71.47891865;-1939336.37;2845105.836;NA
1.10.51-9;-16.37762331;-71.47865116;-1939299.057;2845140.707;NA
1.10.51-9;-16.37697048;-71.47933948;-1939213.658;2845071.162;NA
1.10.51-10; ; ;-1.516416327;20763369.87;NA
1.10.51-10;-16.37611143;-71.48020696;-1939101.766;2844983.99;NA
1.10.51-10;-16.37684984;-71.4793785;-1939198.99;2845068.314;NA
1.10.51-10;-16.37654353;-71.47912678;-1939166.174;2845100.873;NA
1.10.51-10;-16.37577053;-71.47994825;-1939064.974;2845017.794;NA
1.10.51-11; ; ;-1.516416327;20763369.87;NA
1.10.51-11;-16.37690438;-71.47931087;-1939206.252;2845075.272;NA
1.10.51-11;-16.37760344;-71.47862396;-1939297.066;2845144.052;NA
1.10.51-11;-16.37725872;-71.47836686;-1939259.805;2845177.725;NA
1.10.51-11;-16.37658983;-71.47904803;-1939172.609;2845109.2;NA
1.10.51-12; ; ;-1.516416327;20763369.87;NA
1.10.51-12;-16.37544918;-71.47961375;-1939031.435;2845059.94;NA
1.10.51-12;-16.37573641;-71.47991271;-1939061.413;2845022.271;NA
1.10.51-12;-16.37649952;-71.47909213;-1939161.44;2845105.379;NA
1.10.51-12;-16.37617944;-71.47880651;-1939127.435;2845141.964;NA
1.10.51-13; ; ;-1.516416327;20763369.87;NA
1.10.51-13;-16.37656151;-71.47903271;-1939169.474;2845111.308;NA
1.10.51-13;-16.37723666;-71.47833668;-1939257.594;2845181.436;NA
1.10.51-13;-16.37691605;-71.47807005;-1939223.286;2845215.875;NA
1.10.51-13;-16.37625912;-71.47872761;-1939137.793;2845149.872;NA
1.10.51-14; ; ;-1.516416327;20763369.87;NA
1.10.51-14;-16.37509869;-71.47926351;-1938994.672;2845104.253;NA
1.10.51-14;-16.37544488;-71.47954052;-1939031.855;2845068.303;NA
1.10.51-14;-16.37615546;-71.47877284;-1939125.041;2845146.097;NA
1.10.51-14;-16.37582555;-71.47851094;-1939089.58;2845180.12;NA
1.10.51-15; ; ;-1.516416327;20763369.87;NA
1.10.51-15;-16.37688001;-71.47804073;-1939219.422;2845219.672;NA
1.10.51-15;-16.37657698;-71.47779241;-1939186.948;2845251.803;NA
1.10.51-15;-16.37590962;-71.47845016;-1939100.227;2845185.916;NA
1.10.51-15;-16.37621494;-71.47870244;-1939132.919;2845153.305;NA
1.10.51-16; ; ;-1.516416327;20763369.87;NA
1.10.51-16;-16.37473577;-71.47888739;-1938956.774;2845151.665;NA
1.10.51-16;-16.37506598;-71.47919234;-1938991.727;2845112.755;NA
1.10.51-16;-16.37577302;-71.47848103;-1939083.786;2845184.199;NA
1.10.51-16;-16.37541114;-71.47825155;-1939044.159;2845214.963;NA
1.10.51-17; ; ;-1.516416327;20763369.87;NA
1.10.51-17;-16.37614708;-71.47747351;-1939140.458;2845293.6;NA
1.10.51-17;-16.37550052;-71.47819741;-1939055.346;2845219.936;NA
1.10.51-17;-16.37586205;-71.47843026;-1939094.888;2845188.794;NA
1.10.51-17;-16.37653858;-71.47776091;-1939182.834;2845255.879;NA
1.10.51-18; ; ;-1.516416327;20763369.87;NA
1.10.51-18;-16.37435457;-71.4785294;-1938916.499;2845197.259;NA
1.10.51-18;-16.37469522;-71.47884137;-1938952.589;2845157.416;NA
1.10.51-18;-16.37538519;-71.47821498;-1939041.571;2845219.451;NA
1.10.51-18;-16.37508852;-71.47786921;-1939011.076;2845262.554;NA
1.10.51-19; ; ;-1.516416327;20763369.87;NA
1.10.51-19;-16.37610617;-71.47744217;-1939136.047;2845297.69;NA
1.10.51-19;-16.3758232;-71.47714059;-1939106.603;2845335.602;NA
1.10.51-19;-16.37511005;-71.47781347;-1939014.309;2845268.595;NA
1.10.51-19;-16.37545931;-71.47816415;-1939050.923;2845224.249;NA
1.10.51-20; ; ;-1.516416327;20763369.87;NA
1.10.51-20;-16.3755132;-71.4772247;-1939069.114;2845330.114;NA
1.10.51-20;-16.37595965;-71.47682444;-1939126.628;2845369.681;NA
1.10.51-20;-16.3751168;-71.4758338;-1939040.092;2845493.08;NA
1.10.51-20;-16.37463742;-71.47627467;-1938978.196;2845449.337;NA
1.10.51-21; ; ;-1.516416327;20763369.87;NA
1.10.51-21;-16.374605;-71.47631979;-1938973.816;2845444.643;NA
1.10.51-21;-16.37419243;-71.47673423;-1938920.106;2845403.023;NA
1.10.51-21;-16.37501941;-71.47766043;-1939005.59;2845287.142;NA
1.10.51-21;-16.37547695;-71.4772602;-1939064.406;2845326.561;NA
1.10.51-22; ; ;-1.516416327;20763369.87;NA
1.10.51-22;-16.3741108;-71.47680707;-1938909.594;2845395.826;NA
1.10.51-22;-16.37366453;-71.47724684;-1938851.603;2845351.774;NA
1.10.51-22;-16.37448111;-71.47814372;-1938936.237;2845239.356;NA
1.10.51-22;-16.37496077;-71.47770238;-1938998.17;2845283.149;NA
1.10.51-23; ; ;-1.516416327;20763369.87;NA
1.10.51-23;-16.37229104;-71.47663146;-1938697.975;2845439.541;NA
1.10.51-23;-16.37314469;-71.47764153;-1938785.536;2845313.797;NA
1.10.51-23;-16.3736075;-71.47723632;-1938845.034;2845353.712;NA
1.10.51-23;-16.37274976;-71.4762441;-1938756.767;2845477.487;NA
1.10.51-24; ; ;-1.516416327;20763369.87;NA
1.10.51-24;-16.37280585;-71.47618678;-1938764.081;2845483.256;NA
1.10.51-24;-16.37364136;-71.47718831;-1938849.618;2845358.716;NA
1.10.51-24;-16.37406836;-71.47674148;-1938905.434;2845403.822;NA
1.10.51-24;-16.37322878;-71.47576328;-1938819.125;2845525.769;NA
1.10.51-25; ; ;-1.516416327;20763369.87;NA
1.10.51-25;-16.37454845;-71.47626881;-1938967.815;2845451.165;NA
1.10.51-25;-16.3737428;-71.47530878;-1938885.264;2845570.607;NA
1.10.51-25;-16.37326252;-71.47570585;-1938823.815;2845531.842;NA
1.10.51-25;-16.37413375;-71.47668981;-1938913.771;2845408.829;NA
1.10.51-26; ; ;-1.516416327;20763369.87;NA
1.10.51-26;-16.37432598;-71.47495769;-1938958.224;2845602.809;NA
1.10.51-26;-16.37378232;-71.47523903;-1938890.789;2845578.002;NA
1.10.51-26;-16.37458859;-71.47620661;-1938973.317;2845457.696;NA
1.10.51-26;-16.37508109;-71.47580499;-1939036.259;2845496.816;NA
1.10.53-6; ; ;-1.516416327;20763369.87;NA
1.10.53-6;-16.38689743;-71.48500936;-1940308.522;2844298.204;NA
1.10.53-6;-16.38675527;-71.48537246;-1940287.233;2844258.878;NA
1.10.53-6;-16.38700144;-71.48545765;-1940315.082;2844245.996;NA
1.10.53-6;-16.38721148;-71.48551532;-1940339.034;2844236.707;NA
1.10.53-6;-16.38722757;-71.48509869;-1940346.184;2844283.754;NA
1.10.53-11; ; ;-1.516416327;20763369.87;NA
1.10.53-11;-16.38659749;-71.48577017;-1940263.674;2844215.831;NA
1.10.53-11;-16.38705327;-71.48592348;-1940315.291;2844192.481;NA
1.10.53-11;-16.3871555;-71.48575006;-1940329.493;2844210.814;NA
1.10.53-11;-16.38718772;-71.48558687;-1940335.339;2844228.902;NA
1.10.53-11;-16.38673344;-71.48542464;-1940284.01;2844253.245;NA
1.10.53-12; ; ;-1.516416327;20763369.87;NA
1.10.53-12;-16.38656371;-71.48584352;-1940258.779;2844207.953;NA
1.10.53-12;-16.38640037;-71.48627014;-1940234.201;2844161.7;NA
1.10.53-12;-16.38683233;-71.48640163;-1940283.295;2844141.136;NA
1.10.53-12;-16.38702681;-71.48599109;-1940311.329;2844185.159;NA
1.10.53-13; ; ;-1.516416327;20763369.87;NA
1.10.53-13;-16.38611746;-71.48697104;-1940192.111;2844085.9;NA
1.10.53-13;-16.38663966;-71.48693692;-1940253.899;2844082.941;NA
1.10.53-13;-16.38679487;-71.48646576;-1940278.084;2844134.352;NA
1.10.53-13;-16.38636421;-71.48633529;-1940229.129;2844154.783;NA
1.10.53-17; ; ;-1.516416327;20763369.87;NA
1.10.53-17;-16.38609479;-71.48705985;-1940188.326;2844076.122;NA
1.10.53-17;-16.38595073;-71.48756617;-1940165.008;2844020.577;NA
1.10.53-17;-16.38665302;-71.48754365;-1940247.81;2844013.948;NA
1.10.53-17;-16.38664053;-71.48705034;-1940252.57;2844070.065;NA
1.10.53-18; ; ;-1.516416327;20763369.87;NA
1.10.53-18;-16.38552803;-71.48712205;-1940120.947;2844076.479;NA
1.10.53-18;-16.38538812;-71.48758408;-1940098.676;2844025.902;NA
1.10.53-18;-16.38588235;-71.48755811;-1940157.076;2844022.386;NA
1.10.53-18;-16.3860005;-71.48708633;-1940176.912;2844074.352;NA
1.10.53-21; ; ;-1.516416327;20763369.87;NA
1.10.53-21;-16.38483431;-71.48707049;-1940040.087;2844091.397;NA
1.10.53-21;-16.38466462;-71.48766435;-1940012.653;2844026.258;NA
1.10.53-21;-16.38532256;-71.48760817;-1940090.669;2844024.027;NA
1.10.53-21;-16.38546935;-71.48712065;-1940114.07;2844077.405;NA
1.10.53-22; ; ;-1.516416327;20763369.87;NA
1.10.53-22;-16.38428337;-71.48690653;-1939977.422;2844117.199;NA
1.10.53-22;-16.38413443;-71.48756274;-1939951.639;2844044.715;NA
1.10.53-22;-16.38458408;-71.48765591;-1940003.296;2844028.268;NA
1.10.53-22;-16.38473674;-71.48703362;-1940029.088;2844096.855;NA
1.10.53-23; ; ;-1.516416327;20763369.87;NA
1.10.53-23;-16.38389756;-71.4869324;-1939931.763;2844119.309;NA
1.10.53-23;-16.38375607;-71.48750713;-1939907.884;2844055.969;NA
1.10.53-23;-16.38405724;-71.48756097;-1939942.592;2844045.925;NA
1.10.53-23;-16.38419783;-71.48696643;-1939966.615;2844111.523;NA
1.10.53-25; ; ;-1.516416327;20763369.87;NA
1.10.53-25;-16.38338967;-71.4874566;-1939865.471;2844066.491;NA
1.10.53-25;-16.38293084;-71.48753403;-1939810.581;2844063.707;NA
1.10.53-25;-16.38305603;-71.48882212;-1939809.035;2843915.968;NA
1.10.53-25;-16.38378583;-71.48874096;-1939895.808;2843915.632;NA
1.10.53-25;-16.3836822;-71.48757274;-1939898.377;2844049.493;NA
1.10.53-26; ; ;-1.516416327;20763369.87;NA
1.10.53-26;-16.3833708;-71.48679299;-1939871.629;2844142.009;NA
1.10.53-26;-16.38325513;-71.48729338;-1939851.722;2844086.765;NA
1.10.53-26;-16.38344973;-71.48739913;-1939873.253;2844072.225;NA
1.10.53-26;-16.38369718;-71.48748089;-1939901.296;2844059.715;NA
1.10.53-26;-16.38382861;-71.48693202;-1939923.666;2844120.254;NA
1.10.53-27; ; ;-1.516416327;20763369.87;NA
1.10.53-27;-16.38279182;-71.48654173;-1939806.771;2844178.079;NA
1.10.53-27;-16.38271428;-71.48700028;-1939791.872;2844127.081;NA
1.10.53-27;-16.3831889;-71.48724396;-1939844.564;2844093.235;NA
1.10.53-27;-16.3833095;-71.48676652;-1939864.76;2844145.814;NA
1.10.53-29; ; ;-1.516416327;20763369.87;NA
1.10.53-29;-16.38203997;-71.4866717;-1939716.788;2844173.167;NA
1.10.53-29;-16.38191247;-71.4867502;-1939700.817;2844165.929;NA
1.10.53-29;-16.38183491;-71.48688118;-1939690.05;2844152.087;NA
1.10.53-29;-16.38174643;-71.48716453;-1939676.078;2844121.104;NA
1.10.53-29;-16.38166818;-71.48747006;-1939663.028;2844087.471;NA
1.10.53-29;-16.38177415;-71.48749857;-1939675.119;2844082.851;NA
1.10.53-29;-16.38215221;-71.48674978;-1939728.991;2844162.843;NA
1.10.53-34; ; ;-1.516416327;20763369.87;NA
1.10.53-34;-16.38272092;-71.4915404;-1939735.359;2843612.025;NA
1.10.53-34;-16.3831911;-71.49172673;-1939788.252;2843584.746;NA
1.10.53-34;-16.38294864;-71.49137196;-1939764.241;2843628.154;NA