ident;lat;long;y_proj;x_proj;ingreso_economico
1.17.4-1; ; ;-1.516416327;20763369.87;B
1.17.4-1;-16.45721915;-71.4940149;-1948456.814;2842355.644;B
1.17.4-1;-16.45708293;-71.49365322;-1948445.392;2842398.435;B
1.17.4-1;-16.45705147;-71.49337669;-1948445.198;2842430.199;B
1.17.4-1;-16.45699467;-71.49320095;-1948440.75;2842450.867;B
1.17.4-1;-16.45695357;-71.49302167;-1948438.193;2842471.731;B
1.17.4-1;-16.45684646;-71.49269016;-1948429.809;2842510.72;B
1.17.4-1;-16.45635929;-71.49210542;-1948379.98;2842583.406;B
1.17.4-1;-16.45628241;-71.4921034;-1948370.974;2842584.644;B
1.17.4-1;-16.45636152;-71.49253485;-1948374.803;2842534.692;B
1.17.4-1;-16.45646327;-71.49281782;-1948383.173;2842501.277;B
1.17.4-1;-16.45661696;-71.49300129;-1948398.906;2842478.46;B
1.17.4-1;-16.45671509;-71.49319069;-1948408.035;2842455.7;B
1.17.4-1;-16.45679968;-71.49340334;-1948415.28;2842430.482;B
1.17.4-1;-16.45675979;-71.49357088;-1948408.471;2842412.011;B
1.17.4-1;-16.45686046;-71.49366335;-1948419.127;2842400.207;B
1.17.4-1;-16.45707701;-71.49412122;-1948438.769;2842345.457;B
1.17.4-2; ; ;-1.516416327;20763369.87;B
1.17.4-2;-16.45693343;-71.49388363;-1948424.91;2842374.276;B
1.17.4-2;-16.45683819;-71.4936986;-1948416.064;2842396.503;B
1.17.4-2;-16.45674578;-71.49360293;-1948406.419;2842408.562;B
1.17.4-2;-16.45661679;-71.49372404;-1948389.731;2842396.525;B
1.17.4-2;-16.45679012;-71.49399634;-1948406.646;2842363.379;B
1.17.4-2;-16.45666191;-71.49407427;-1948390.596;2842356.227;B
1.17.4-2;-16.45659456;-71.49407267;-1948382.705;2842357.293;B
1.17.4-2;-16.45649392;-71.49411765;-1948370.31;2842353.515;B
1.17.4-2;-16.45632197;-71.49424435;-1948348.505;2842341.408;B
1.17.4-2;-16.4564771;-71.49447929;-1948363.754;2842312.737;B
1.17.4-2;-16.457059;-71.49414433;-1948436.36;2842343.073;B
1.17.4-3; ; ;-1.516416327;20763369.87;B
1.17.4-3;-16.45624143;-71.49463108;-1948334.145;2842298.622;B
1.17.4-3;-16.45646806;-71.49449888;-1948362.445;2842310.635;B
1.17.4-3;-16.45536595;-71.49301033;-1948251.818;2842493.854;B
1.17.4-3;-16.45501751;-71.49338065;-1948206.192;2842456.444;B
1.17.4-3;-16.4558333;-71.49465822;-1948285.854;2842300.901;B
1.17.4-3;-16.45604268;-71.49466334;-1948310.387;2842297.573;B
1.17.4-4; ; ;-1.516416327;20763369.87;B
1.17.4-4;-16.45553623;-71.49422155;-1948256.483;2842354.305;B
1.17.4-4;-16.4552673;-71.49426404;-1948224.35;2842353.017;B
1.17.4-4;-16.45517589;-71.49427899;-1948213.422;2842352.522;B
1.17.4-4;-16.45509774;-71.49423376;-1948204.813;2842358.675;B
1.17.4-4;-16.45493579;-71.49433064;-1948184.56;2842349.817;B
1.17.4-4;-16.45481769;-71.49437032;-1948170.184;2842346.869;B
1.17.4-4;-16.45478608;-71.49430776;-1948167.262;2842354.375;B
1.17.4-4;-16.45451948;-71.49451589;-1948133.306;2842334.279;B
1.17.4-4;-16.45447255;-71.49456007;-1948127.232;2842329.886;B
1.17.4-4;-16.45431162;-71.49462424;-1948107.513;2842324.723;B
1.17.4-4;-16.45410195;-71.49434687;-1948086.393;2842358.92;B
1.17.4-4;-16.45394593;-71.49444573;-1948066.811;2842349.759;B
1.17.4-4;-16.45422668;-71.49489283;-1948094.133;2842295.388;B
1.17.4-4;-16.45446942;-71.49482456;-1948123.515;2842299.942;B
1.17.4-4;-16.45580935;-71.49466877;-1948282.906;2842300.02;B
1.17.4-5; ; ;-1.516416327;20763369.87;B
1.17.4-5;-16.45410412;-71.49471449;-1948081.993;2842317.214;B
1.17.4-5;-16.45397815;-71.49452301;-1948069.618;2842340.576;B
1.17.4-5;-16.4538346;-71.49465359;-1948051.1;2842327.655;B
1.17.4-5;-16.45372231;-71.49446579;-1948040.286;2842350.419;B
1.17.4-5;-16.45355383;-71.49457746;-1948019.078;2842339.971;B
1.17.4-5;-16.45366323;-71.49474127;-1948029.857;2842319.963;B
1.17.4-5;-16.4534127;-71.49487473;-1947998.735;2842308.121;B
1.17.4-5;-16.45329824;-71.49466091;-1947987.995;2842333.864;B
1.17.4-5;-16.45312473;-71.49477204;-1947966.203;2842323.541;B
1.17.4-5;-16.45326209;-71.49500218;-1947979.426;2842295.649;B
1.17.4-5;-16.45343934;-71.4953177;-1947996.255;2842257.552;B
1.17.4-5;-16.45420486;-71.49489961;-1948091.484;2842294.905;B
1.17.4-6; ; ;-1.516416327;20763369.87;B
1.17.4-6;-16.4531274;-71.49429411;-1947972.568;2842377.69;B
1.17.4-6;-16.45323321;-71.4941334;-1947987.034;2842394.521;B
1.17.4-6;-16.45284655;-71.49354981;-1947948.999;2842465.757;B
1.17.4-6;-16.45254355;-71.49370886;-1947911.387;2842451.702;B
1.17.4-6;-16.45285659;-71.49429966;-1947940.682;2842380.614;B
1.17.4-6;-16.4530247;-71.49458064;-1947956.875;2842346.554;B
1.17.4-6;-16.45314131;-71.4944411;-1947972.341;2842360.843;B
1.17.4-7; ; ;-1.516416327;20763369.87;B
1.17.4-7;-16.45251008;-71.49563511;-1947883.064;2842233.76;B
1.17.4-7;-16.45280944;-71.49554157;-1947919.418;2842240.437;B
1.17.4-7;-16.4530481;-71.49546014;-1947948.488;2842246.537;B
1.17.4-7;-16.45340606;-71.4953185;-1947992.335;2842257.898;B
1.17.4-7;-16.45325995;-71.49503551;-1947978.753;2842291.897;B
1.17.4-7;-16.452832;-71.49519592;-1947926.445;2842279.328;B
1.17.4-7;-16.45279686;-71.49510936;-1947923.413;2842289.602;B
1.17.4-7;-16.45242974;-71.49522504;-1947878.818;2842281.303;B
1.17.4-7;-16.45223833;-71.49517046;-1947857.022;2842290.003;B
1.17.4-7;-16.45201278;-71.49523458;-1947829.712;2842285.693;B
1.17.4-7;-16.45188162;-71.49529518;-1947813.536;2842280.544;B
1.17.4-7;-16.45146903;-71.49542025;-1947763.48;2842271.777;B
1.17.4-7;-16.45159048;-71.49574374;-1947773.653;2842233.51;B
1.17.4-7;-16.45219501;-71.4956927;-1947845.32;2842231.365;B
1.17.4-8; ; ;-1.516416327;20763369.87;B
1.17.4-8;-16.45145486;-71.49541436;-1947761.89;2842272.631;B
1.17.4-8;-16.45154404;-71.49538521;-1947772.736;2842274.766;B
1.17.4-8;-16.45139551;-71.49491894;-1947761.19;2842329.576;B
1.17.4-8;-16.45104391;-71.49506328;-1947718.056;2842317.825;B
1.17.4-8;-16.45082331;-71.49464623;-1947697.419;2842368.001;B
1.17.4-8;-16.45039955;-71.49481158;-1947645.541;2842354.815;B
1.17.4-8;-16.45051717;-71.49500376;-1947656.926;2842331.483;B
1.17.4-8;-16.4508004;-71.49491198;-1947691.363;2842338.173;B
1.17.4-8;-16.4512134;-71.49577644;-1947728.938;2842234.75;B
1.17.4-8;-16.45157713;-71.49574134;-1947772.115;2842233.957;B
1.17.4-9; ; ;-1.516416327;20763369.87;B
1.17.4-9;-16.45053563;-71.49503342;-1947658.719;2842327.879;B
1.17.4-9;-16.45055836;-71.49513535;-1947660.1;2842316.025;B
1.17.4-9;-16.45039196;-71.49517153;-1947640.092;2842314.106;B
1.17.4-9;-16.45010956;-71.49521496;-1947606.365;2842312.888;B
1.17.4-9;-16.45008633;-71.4954462;-1947600.708;2842286.976;B
1.17.4-9;-16.45021365;-71.49548397;-1947615.188;2842281.024;B
1.17.4-9;-16.45041162;-71.49554959;-1947637.615;2842270.987;B
1.17.4-9;-16.45061182;-71.49568058;-1947659.477;2842253.509;B
1.17.4-9;-16.45079989;-71.4958229;-1947679.77;2842234.907;B
1.17.4-9;-16.45098833;-71.49578375;-1947702.404;2842236.874;B
1.17.4-9;-16.45117562;-71.49577183;-1947724.558;2842235.769;B
1.17.4-9;-16.4507956;-71.49493918;-1947690.454;2842335.152;B
1.17.4-11; ; ;-1.516416327;20763369.87;B
1.17.4-11;-16.44990888;-71.49545195;-1947579.788;2842288.651;B
1.17.4-11;-16.45000699;-71.49543822;-1947591.488;2842288.921;B
1.17.4-11;-16.45007515;-71.49544274;-1947599.439;2842287.515;B
1.17.4-11;-16.45009487;-71.49522503;-1947604.511;2842311.938;B
1.17.4-11;-16.44997613;-71.49522118;-1947590.61;2842313.932;B
1.17.4-11;-16.44987821;-71.49519635;-1947579.421;2842318.032;B
1.17.4-11;-16.44969549;-71.4951411;-1947558.654;2842326.694;B
1.17.4-11;-16.44957289;-71.4951511;-1947544.124;2842327.168;B
1.17.4-11;-16.44961666;-71.49536256;-1947546.589;2842302.62;B
1.17.4-11;-16.44970473;-71.49552251;-1947554.912;2842283.331;B
1.17.4-11;-16.44980038;-71.4954928;-1947566.524;2842285.444;B
1.17.4-12; ; ;-1.516416327;20763369.87;B
1.17.4-12;-16.44993727;-71.49479307;-1947591.466;2842362.978;B
1.17.4-12;-16.44988662;-71.49429081;-1947591.873;2842420.585;B
1.17.4-12;-16.44949412;-71.49427046;-1947546.019;2842428.042;B
1.17.4-12;-16.44956692;-71.4950723;-1947544.42;2842336.18;B
1.17.4-12;-16.4497083;-71.49505366;-1947561.266;2842336.438;B
1.17.4-12;-16.44968933;-71.494887;-1947561.147;2842355.582;B
1.17.4-12;-16.44985046;-71.49491016;-1947579.784;2842350.842;B
1.17.4-12;-16.45003354;-71.49492357;-1947601.123;2842346.92;B
1.17.4-12;-16.45021567;-71.49489155;-1947622.926;2842348.161;B
1.17.4-12;-16.45020473;-71.49476653;-1947623.224;2842362.478;B
1.17.4-13; ; ;-1.516416327;20763369.87;B
1.17.4-13;-16.44927133;-71.49441781;-1947517.979;2842414.259;B
1.17.4-13;-16.44944276;-71.49448026;-1947537.329;2842404.93;B
1.17.4-13;-16.44944815;-71.49444396;-1947538.422;2842408.975;B
1.17.4-13;-16.44940468;-71.4943013;-1947535.12;2842425.719;B
1.17.4-13;-16.44916281;-71.49435008;-1947506.088;2842423.361;B
1.17.4-14; ; ;-1.516416327;20763369.87;B
1.17.4-14;-16.44901547;-71.49436726;-1947488.56;2842423.346;B
1.17.4-14;-16.44867618;-71.49444323;-1947447.737;2842419.185;B
1.17.4-14;-16.44856046;-71.49452575;-1947433.097;2842411.347;B
1.17.4-14;-16.44861823;-71.49567805;-1947425.297;2842279.949;B
1.17.4-14;-16.44890169;-71.49563115;-1947459.193;2842281.548;B
1.17.4-15; ; ;-1.516416327;20763369.87;B
1.17.4-15;-16.4498726;-71.49565078;-1947573.008;2842266.586;B
1.17.4-15;-16.44974479;-71.49557876;-1947558.905;2842276.427;B
1.17.4-15;-16.44964891;-71.49548309;-1947548.852;2842288.532;B
1.17.4-15;-16.44956361;-71.49530947;-1947541.029;2842309.335;B
1.17.4-15;-16.44948963;-71.49506146;-1947535.478;2842338.423;B
1.17.4-15;-16.44918613;-71.49516697;-1947498.486;2842330.442;B
1.17.4-15;-16.44924022;-71.49537627;-1947502.191;2842306.003;B
1.17.4-15;-16.44933799;-71.49564567;-1947510.266;2842274.178;B
1.17.4-15;-16.44964896;-71.49593161;-1947543.18;2842237.682;B
1.17.4-15;-16.44980374;-71.49571952;-1947564.049;2842259.696;B
1.17.4-16; ; ;-1.516416327;20763369.87;B
1.17.4-16;-16.45043183;-71.4958462;-1947636.234;2842237.095;B
1.17.4-16;-16.45027661;-71.49576645;-1947619.009;2842248.172;B
1.17.4-16;-16.45001455;-71.49564855;-1947589.714;2842264.977;B
1.17.4-16;-16.44994;-71.49565841;-1947580.831;2842264.837;B
1.17.4-16;-16.44987377;-71.49566866;-1947572.92;2842264.544;B
1.17.4-16;-16.44986399;-71.4957129;-1947571.211;2842259.657;B
1.17.4-16;-16.44989893;-71.49575582;-1947574.772;2842254.333;B
1.17.4-16;-16.4499639;-71.49588244;-1947580.802;2842239.124;B
1.17.4-16;-16.44998427;-71.4959933;-1947581.793;2842226.289;B
1.17.4-16;-16.45002478;-71.49614491;-1947584.632;2842208.569;B
1.17.4-16;-16.45003488;-71.49626369;-1947584.314;2842194.97;B
1.17.4-16;-16.45005922;-71.49639697;-1947585.487;2842179.54;B
1.17.4-16;-16.45008976;-71.49646705;-1947588.189;2842171.195;B
1.17.4-16;-16.45012111;-71.49651679;-1947591.241;2842165.145;B
1.17.4-16;-16.45026454;-71.49631648;-1947610.627;2842185.973;B
1.17.4-16;-16.45044113;-71.49610341;-1947634.071;2842207.812;B
1.17.4-16;-16.45055758;-71.49594987;-1947649.696;2842223.692;B
1.17.4-17; ; ;-1.516416327;20763369.87;B
1.17.4-17;-16.45011657;-71.49653386;-1947590.492;2842163.27;B
1.17.4-17;-16.45003642;-71.49641479;-1947582.583;2842177.82;B
1.17.4-17;-16.4499847;-71.49620121;-1947579.21;2842202.712;B
1.17.4-17;-16.44976399;-71.49636259;-1947551.238;2842187.311;B
1.17.4-17;-16.44958652;-71.49658592;-1947527.562;2842164.32;B
1.17.4-17;-16.44944904;-71.4964359;-1947513.309;2842183.131;B
1.17.4-17;-16.4491861;-71.49673304;-1947478.657;2842152.894;B
1.17.4-17;-16.44909382;-71.49667348;-1947468.57;2842160.856;B
1.17.4-17;-16.44900598;-71.49688209;-1947455.609;2842138.359;B
1.17.4-17;-16.44909014;-71.49694243;-1947464.733;2842130.413;B
1.17.4-17;-16.44899471;-71.49708397;-1947451.73;2842115.619;B
1.17.4-17;-16.44907146;-71.49715554;-1947459.841;2842106.498;B
1.17.4-17;-16.44896903;-71.49729095;-1947446.093;2842092.49;B
1.17.4-17;-16.44915568;-71.49743383;-1947466.213;2842073.843;B
1.17.4-17;-16.44976155;-71.49679645;-1947545.46;2842138.156;B
1.17.4-18; ; ;-1.516416327;20763369.87;B
1.17.4-18;-16.44839667;-71.49672028;-1947386.075;2842164.695;B
1.17.4-18;-16.44826247;-71.49655602;-1947372.388;2842185.077;B
1.17.4-18;-16.44817012;-71.49644853;-1947362.899;2842198.476;B
1.17.4-18;-16.44814027;-71.4967836;-1947355.151;2842160.879;B
1.17.4-18;-16.44848868;-71.4969828;-1947393.562;2842133.726;B
1.17.4-18;-16.44845484;-71.49684336;-1947391.351;2842149.978;B
1.17.4-19; ; ;-1.516416327;20763369.87;B
1.17.4-19;-16.44873335;-71.49796143;-1947409.918;2842019.568;B
1.17.4-19;-16.44809869;-71.49770972;-1947338.544;2842056.428;B
1.17.4-19;-16.4481471;-71.49792679;-1947341.484;2842031.183;B
1.17.4-19;-16.44829949;-71.49806888;-1947357.588;2842013.076;B
1.17.4-19;-16.44855137;-71.4982092;-1947385.403;2841993.864;B
1.17.4-19;-16.44863973;-71.49807492;-1947397.484;2842007.929;B
1.17.4-20; ; ;-1.516416327;20763369.87;B
1.17.4-20;-16.44854451;-71.4982761;-1947383.751;2841986.369;B
1.17.4-20;-16.44825887;-71.4981182;-1947352.192;2842008.017;B
1.17.4-20;-16.44814083;-71.49805872;-1947339.077;2842016.308;B
1.17.4-20;-16.44797176;-71.49794417;-1947320.665;2842031.513;B
1.17.4-20;-16.44795973;-71.49830485;-1947314.687;2841990.78;B
1.17.4-20;-16.44787088;-71.49827558;-1947304.618;2841995.263;B
1.17.4-20;-16.44789349;-71.49836741;-1947306.112;2841984.556;B
1.17.4-20;-16.44794369;-71.49849552;-1947310.389;2841969.373;B
1.17.4-20;-16.44797624;-71.49858557;-1947313.073;2841958.737;B
1.17.4-20;-16.44804368;-71.49869652;-1947319.592;2841945.274;B
1.17.4-20;-16.44807242;-71.49873611;-1947322.467;2841940.41;B
1.17.4-20;-16.44819124;-71.49880664;-1947335.533;2841930.855;B
1.17.4-21; ; ;-1.516416327;20763369.87;B
1.17.4-21;-16.44772561;-71.49862189;-1947283.17;2841957.907;B
1.17.4-21;-16.4478249;-71.49854412;-1947295.819;2841965.421;B
1.17.4-21;-16.44787266;-71.49843083;-1947302.863;2841977.639;B
1.17.4-21;-16.44786514;-71.49837335;-1947302.707;2841984.254;B
1.17.4-21;-16.44784993;-71.49832329;-1947301.554;2841990.129;B
1.17.4-21;-16.44777715;-71.49827432;-1947293.623;2841996.636;B
1.17.4-21;-16.44765774;-71.49823473;-1947280.096;2842002.689;B
1.17.4-21;-16.44757546;-71.4983691;-1947268.729;2841988.535;B
1.17.4-21;-16.4473877;-71.49843137;-1947245.882;2841983.938;B
1.17.4-21;-16.44723394;-71.49871266;-1947224.259;2841954.064;B
1.17.4-21;-16.44752719;-71.49867732;-1947259.158;2841954.225;B
1.17.4-22; ; ;-1.516416327;20763369.87;B
1.17.4-22;-16.44768028;-71.49943087;-1947267.606;2841866.786;B
1.17.4-22;-16.44779525;-71.49922878;-1947283.67;2841888.19;B
1.17.4-22;-16.44790369;-71.49908611;-1947298.215;2841902.942;B
1.17.4-22;-16.44818469;-71.4988465;-1947334.26;2841926.422;B
1.17.4-22;-16.44801073;-71.4987152;-1947315.485;2841943.589;B
1.17.4-22;-16.44785206;-71.49891424;-1947294.325;2841923.104;B
1.17.4-22;-16.44766544;-71.49891521;-1947272.388;2841925.442;B
1.17.4-22;-16.44764363;-71.49899359;-1947268.834;2841916.841;B
1.17.4-22;-16.44752469;-71.49897076;-1947255.15;2841920.989;B
1.17.4-22;-16.44749746;-71.49912921;-1947249.946;2841903.384;B
1.17.4-22;-16.44744604;-71.49914454;-1947243.711;2841902.32;B
1.17.4-22;-16.44742678;-71.4992;-1947240.746;2841896.285;B
1.17.4-22;-16.44721452;-71.49917555;-1947216.119;2841901.84;B
1.17.4-22;-16.44719837;-71.49925479;-1947213.22;2841893.068;B
1.17.4-22;-16.44726063;-71.49943719;-1947218.225;2841871.573;B
1.17.4-22;-16.44726182;-71.49951805;-1947217.342;2841862.389;B
1.17.4-22;-16.44744659;-71.49966118;-1947237.237;2841843.74;B
1.17.4-23; ; ;-1.516416327;20763369.87;B
1.17.4-23;-16.44763985;-71.49961291;-1947260.553;2841846.678;B
1.17.4-23;-16.44757521;-71.49968657;-1947252.027;2841839.175;B
1.17.4-23;-16.4477503;-71.49975033;-1947271.789;2841829.651;B
1.17.4-23;-16.44785359;-71.49977949;-1947283.555;2841824.989;B
1.17.4-23;-16.44792646;-71.49977181;-1947292.212;2841824.904;B
1.17.4-23;-16.44798849;-71.49976311;-1947299.61;2841825.078;B
1.17.4-23;-16.44800805;-71.49963785;-1947303.493;2841839.022;B
1.17.4-23;-16.44809591;-71.49942818;-1947316.468;2841861.64;B
1.17.4-23;-16.44784081;-71.49931299;-1947287.957;2841878.045;B
1.17.4-24; ; ;-1.516416327;20763369.87;B
1.17.4-24;-16.44828607;-71.49935242;-1947339.768;2841867.735;B
1.17.4-24;-16.44817344;-71.49928696;-1947327.363;2841876.634;B
1.17.4-24;-16.44819223;-71.4992379;-1947330.192;2841881.949;B
1.17.4-24;-16.44843201;-71.49891707;-1947362.422;2841915.177;B
1.17.4-24;-16.44927712;-71.49926573;-1947457.294;2841864.566;B
1.17.4-24;-16.44936068;-71.49911561;-1947469.009;2841880.489;B
1.17.4-24;-16.44855888;-71.49874679;-1947379.482;2841932.818;B
1.17.4-24;-16.44874935;-71.49846929;-1947405.371;2841961.78;B
1.17.4-24;-16.44856793;-71.49834441;-1947385.638;2841978.318;B
1.17.4-24;-16.4482778;-71.49882547;-1947345.465;2841927.584;B
1.17.4-24;-16.4480724;-71.49904651;-1947318.536;2841905.219;B
1.17.4-24;-16.44799194;-71.49914003;-1947307.9;2841895.672;B
1.17.4-24;-16.44788161;-71.49927296;-1947293.256;2841882.048;B
1.17.4-24;-16.44819309;-71.49943874;-1947327.751;2841859.168;B
1.17.4-25; ; ;-1.516416327;20763369.87;B
1.17.4-25;-16.4489869;-71.49779261;-1947441.843;2842035.381;B
1.17.4-25;-16.44901343;-71.49781447;-1947444.683;2842032.555;B
1.17.4-25;-16.44876115;-71.49813265;-1947411.018;2841999.792;B
1.17.4-25;-16.44925599;-71.49844942;-1947465.142;2841957.388;B
1.17.4-25;-16.44920038;-71.49853248;-1947457.558;2841948.701;B
1.17.4-25;-16.4494842;-71.4986711;-1947489.147;2841929.263;B
1.17.4-25;-16.44961403;-71.49875742;-1947503.307;2841917.774;B
1.17.4-25;-16.44975157;-71.4988801;-1947517.912;2841902.062;B
1.17.4-25;-16.45018138;-71.4992342;-1947563.924;2841856.28;B
1.17.4-25;-16.45030828;-71.4991408;-1947580.016;2841865.205;B
1.17.4-25;-16.45016697;-71.49899135;-1947565.305;2841884.001;B
1.17.4-25;-16.44954616;-71.49847145;-1947498.953;2841951.085;B
1.17.4-25;-16.4496677;-71.49827904;-1947515.667;2841971.305;B
1.17.4-25;-16.4493938;-71.4980733;-1947486.094;2841998.222;B
1.17.4-25;-16.44948133;-71.49792741;-1947498.223;2842013.614;B
1.17.4-25;-16.44934656;-71.49780377;-1947483.955;2842029.398;B
1.17.4-25;-16.44946223;-71.4976635;-1947499.32;2842043.784;B
1.17.4-25;-16.44922545;-71.49748966;-1947473.702;2842066.598;B
1.17.4-26; ; ;-1.516416327;20763369.87;B
1.17.4-26;-16.44949246;-71.49724103;-1947508.218;2842091.283;B
1.17.4-26;-16.4493209;-71.49743632;-1947485.592;2842071.393;B
1.17.4-26;-16.44969372;-71.49771667;-1947525.842;2842034.719;B
1.17.4-26;-16.44986768;-71.49781541;-1947545.03;2842021.244;B
1.17.4-26;-16.44992766;-71.49758718;-1947554.965;2842046.332;B
1.17.4-26;-16.44996066;-71.49745757;-1947560.483;2842060.592;B
1.17.4-26;-16.44999669;-71.49732199;-1947566.432;2842075.49;B
1.17.4-26;-16.45001075;-71.49724245;-1947569.09;2842084.324;B
1.17.4-26;-16.45001213;-71.49718979;-1947569.919;2842090.276;B
1.17.4-26;-16.45004033;-71.49712398;-1947574.065;2842097.366;B
1.17.4-26;-16.45007469;-71.49703126;-1947579.275;2842107.428;B
1.17.4-26;-16.45010737;-71.49689126;-1947584.887;2842122.871;B
1.17.4-26;-16.45011666;-71.49676436;-1947587.585;2842137.136;B
1.17.4-26;-16.45015803;-71.49665354;-1947593.848;2842149.157;B
1.17.4-26;-16.44967205;-71.4970521;-1947531.709;2842110.347;B
1.17.4-27; ; ;-1.516416327;20763369.87;B
1.17.4-27;-16.45026935;-71.49806329;-1947589.081;2841987.873;B
1.17.4-27;-16.45057393;-71.4975027;-1947631.958;2842047.431;B
1.17.4-27;-16.4500363;-71.49720289;-1947572.592;2842088.473;B
1.17.4-27;-16.44988505;-71.49782461;-1947546.954;2842019.973;B
1.17.4-28; ; ;-1.516416327;20763369.87;B
1.17.4-28;-16.45009758;-71.49703201;-1947581.955;2842107.042;B
1.17.4-28;-16.45004438;-71.49717379;-1947573.91;2842091.667;B
1.17.4-28;-16.45036163;-71.49736347;-1947608.78;2842066.001;B
1.17.4-28;-16.45046117;-71.49723645;-1947622.082;2842079.096;B
1.17.4-28;-16.45052554;-71.49711254;-1947631.212;2842092.299;B
1.17.4-28;-16.4506034;-71.49701809;-1947641.556;2842101.985;B
1.17.4-28;-16.45081812;-71.49679071;-1947669.66;2842124.947;B
1.17.4-28;-16.45033395;-71.4964611;-1947616.952;2842168.666;B
1.17.4-28;-16.4502696;-71.49655974;-1947608.142;2842158.328;B
1.17.4-28;-16.45022139;-71.49662048;-1947601.71;2842152.074;B
1.17.4-28;-16.4501691;-71.49666131;-1947595.05;2842148.131;B
1.17.4-28;-16.45014095;-71.49678018;-1947590.238;2842135.023;B
1.17.4-28;-16.45016164;-71.49683364;-1947591.992;2842128.692;B
1.17.4-29; ; ;-1.516416327;20763369.87;B
1.17.4-29;-16.45098795;-71.49658499;-1947692.216;2842146.041;B
1.17.4-29;-16.45085025;-71.49676726;-1947673.731;2842127.184;B
1.17.4-29;-16.45107929;-71.49691412;-1947698.78;2842107.53;B
1.17.4-29;-16.45124288;-71.49700196;-1947716.887;2842095.425;B
1.17.4-29;-16.45138635;-71.49712786;-1947732.149;2842079.27;B
1.17.4-29;-16.45169572;-71.49662267;-1947774.888;2842132.485;B
1.17.4-29;-16.45110206;-71.49638013;-1947708.215;2842167.77;B
1.17.4-30; ; ;-1.516416327;20763369.87;B
1.17.4-30;-16.45202687;-71.49577579;-1947824.514;2842224.15;B
1.17.4-30;-16.45155702;-71.49581175;-1947768.861;2842226.239;B
1.17.4-30;-16.45110821;-71.49585314;-1947715.61;2842227.434;B
1.17.4-30;-16.45083137;-71.49587418;-1947682.82;2842228.681;B
1.17.4-30;-16.45063763;-71.49600753;-1947658.37;2842216.105;B
1.17.4-30;-16.45075307;-71.49616353;-1947669.957;2842196.904;B
1.17.4-30;-16.45086429;-71.49622674;-1947682.223;2842188.279;B
1.17.4-30;-16.45107532;-71.49626521;-1947706.529;2842181.149;B
1.17.4-30;-16.45118496;-71.49635147;-1947718.317;2842169.932;B
1.17.4-30;-16.45128597;-71.49639857;-1947729.588;2842163.267;B
1.17.4-30;-16.45150999;-71.49644425;-1947755.328;2842155.148;B
1.17.4-30;-16.45155446;-71.49622915;-1947763.275;2842178.951;B
1.17.4-30;-16.45178521;-71.49625081;-1947790.11;2842173.469;B
1.17.4-30;-16.45190924;-71.49615726;-1947805.866;2842182.447;B
1.17.4-30;-16.4520232;-71.4961017;-1947819.957;2842187.25;B
1.17.4-30;-16.45208073;-71.49608383;-1947826.942;2842188.522;B
1.17.4-30;-16.45239227;-71.49608713;-1947863.5;2842184.061;B
1.17.4-30;-16.45257377;-71.49612666;-1947884.323;2842177.197;B
1.17.4-30;-16.45272008;-71.49610993;-1947901.724;2842177.174;B
1.17.4-30;-16.45291333;-71.49602851;-1947925.459;2842183.869;B
1.17.4-30;-16.45315807;-71.49582349;-1947956.807;2842203.901;B
1.17.4-30;-16.45321659;-71.49573594;-1947964.79;2842213.059;B
1.17.4-30;-16.45331691;-71.49564057;-1947977.783;2842222.555;B
1.17.4-30;-16.4532493;-71.49545358;-1947972.208;2842244.64;B
1.17.4-30;-16.45248255;-71.49569794;-1947879.035;2842226.998;B
1.17.4-31; ; ;-1.516416327;20763369.87;B
1.17.4-31;-16.45428458;-71.49494251;-1948100.306;2842288.996;B
1.17.4-31;-16.45408281;-71.49504076;-1948075.358;2842280.505;B
1.17.4-31;-16.45393556;-71.49512333;-1948057.013;2842273.077;B
1.17.4-31;-16.45378642;-71.49520073;-1948038.512;2842266.258;B
1.17.4-31;-16.4532893;-71.49545071;-1947976.944;2842244.442;B
1.17.4-31;-16.4533509;-71.49562142;-1947982.02;2842224.28;B
1.17.4-31;-16.45427692;-71.49513299;-1948096.995;2842267.502;B
1.17.4-32; ; ;-1.516416327;20763369.87;B
1.17.4-32;-16.45470536;-71.49485271;-1948150.877;2842293.655;B
1.17.4-32;-16.45454938;-71.49487292;-1948132.297;2842293.411;B
1.17.4-32;-16.45441431;-71.4949297;-1948115.71;2842288.746;B
1.17.4-32;-16.45429324;-71.49497648;-1948100.893;2842285.031;B
1.17.4-32;-16.45428987;-71.49508104;-1948099.174;2842273.221;B
1.17.4-32;-16.45432984;-71.49522428;-1948102.056;2842256.458;B
1.17.4-32;-16.45440587;-71.49557104;-1948106.597;2842216.149;B
1.17.4-32;-16.45481259;-71.49543174;-1948156.143;2842226.603;B
1.17.4-33; ; ;-1.516416327;20763369.87;B
1.17.4-33;-16.45472444;-71.49484991;-1948153.155;2842293.722;B
1.17.4-33;-16.45483228;-71.49542256;-1948158.573;2842227.386;B
1.17.4-33;-16.4550508;-71.49535333;-1948185.121;2842232.367;B
1.17.4-33;-16.45527984;-71.49527381;-1948213.036;2842238.376;B
1.17.4-33;-16.45526709;-71.49481584;-1948217.338;2842290.463;B
1.17.4-34; ; ;-1.516416327;20763369.87;B
1.17.4-34;-16.45707866;-71.49461358;-1948432.726;2842289.617;B
1.17.4-34;-16.45704428;-71.49471306;-1948427.428;2842278.791;B
1.17.4-34;-16.4566464;-71.4947303;-1948380.465;2842282.059;B
1.17.4-34;-16.45657274;-71.49451864;-1948374.493;2842307.021;B
1.17.4-34;-16.45621892;-71.49471109;-1948330.488;2842289.847;B
1.17.4-34;-16.45566254;-71.49476863;-1948264.395;2842290.625;B
1.17.4-34;-16.45565993;-71.4949633;-1948261.622;2842268.59;B
1.17.4-34;-16.45584748;-71.49494494;-1948283.888;2842268.21;B
1.17.4-34;-16.45592924;-71.49500645;-1948292.715;2842260.164;B
1.17.4-34;-16.45603802;-71.49503404;-1948305.145;2842255.608;B
1.17.4-34;-16.45613781;-71.49508476;-1948316.226;2842248.549;B
1.17.4-34;-16.45627496;-71.49516056;-1948331.379;2842238.156;B
1.17.4-34;-16.45653621;-71.49523555;-1948361.122;2842226.226;B
1.17.4-34;-16.45675079;-71.49524109;-1948386.26;2842222.782;B
1.17.4-34;-16.45707981;-71.49509936;-1948426.709;2842234.531;B
1.17.4-34;-16.45708149;-71.49500087;-1948428.154;2842245.674;B
1.17.4-34;-16.45713501;-71.4948088;-1948436.874;2842266.747;B
1.17.4-34;-16.45717884;-71.4946484;-1948444.055;2842284.356;B
1.17.4-34;-16.45729906;-71.49463903;-1948458.297;2842283.839;B
1.17.4-34;-16.45727106;-71.49482999;-1948452.589;2842262.559;B
1.17.4-34;-16.45745263;-71.49486284;-1948473.504;2842256.452;B
1.17.4-34;-16.45749258;-71.49465854;-1948480.786;2842279.088;B
1.17.4-34;-16.4574298;-71.49432583;-1948477.623;2842317.63;B
1.17.4-34;-16.45730492;-71.49404831;-1948466.468;2842350.731;B
1.17.4-34;-16.45697914;-71.49428317;-1948425.219;2842328.382;B
1.17.4-35; ; ;-1.516416327;20763369.87;B
1.17.4-35;-16.45298174;-71.49731633;-1947917.19;2842036.973;B
1.17.4-35;-16.45313118;-71.49741851;-1947933.453;2842023.428;B
1.17.4-35;-16.45361128;-71.49764258;-1947987.019;2841991.727;B
1.17.4-35;-16.45386557;-71.49776871;-1948015.295;2841974.092;B
1.17.4-35;-16.4541529;-71.49668642;-1948062.754;2842093.019;B
1.17.4-35;-16.45462591;-71.4964964;-1948120.73;2842108.355;B
1.17.4-35;-16.45454412;-71.49611209;-1948115.988;2842152.997;B
1.17.4-35;-16.45389755;-71.49622411;-1948038.609;2842148.781;B
1.17.4-35;-16.4536544;-71.49602656;-1948012.545;2842174.367;B
1.17.4-35;-16.45330613;-71.49611554;-1947970.503;2842168.849;B
1.17.4-35;-16.4531463;-71.49636359;-1947948.586;2842142.825;B
1.17.4-35;-16.45287473;-71.49663036;-1947913.303;2842116.145;B
1.17.4-35;-16.4526799;-71.49703507;-1947885.291;2842072.818;B
1.17.4-35;-16.45293098;-71.49718331;-1947912.911;2842052.719;B
1.17.4-36; ; ;-1.516416327;20763369.87;B
1.17.4-36;-16.45263701;-71.49746451;-1947874.815;2842024.697;B
1.17.4-36;-16.45242506;-71.49758742;-1947848.359;2842013.543;B
1.17.4-36;-16.45258935;-71.49777846;-1947865.241;2841989.73;B
1.17.4-36;-16.45276648;-71.49798973;-1947883.376;2841963.454;B
1.17.4-36;-16.45289311;-71.49811582;-1947896.656;2841947.499;B
1.17.4-36;-16.45304842;-71.49797141;-1947916.73;2841961.832;B
1.17.4-36;-16.45335276;-71.49830342;-1947948.281;2841920.201;B
1.17.4-36;-16.45357699;-71.49817983;-1947976.188;2841931.269;B
1.17.4-36;-16.4535393;-71.49805906;-1947973.29;2841945.456;B
1.17.4-36;-16.45349937;-71.49799178;-1947969.451;2841953.607;B
1.17.4-36;-16.45340383;-71.49790375;-1947959.341;2841964.841;B
1.17.4-36;-16.45333701;-71.49780367;-1947952.758;2841977.063;B
1.17.4-36;-16.45326115;-71.49775487;-1947944.463;2841983.59;B
1.17.4-36;-16.45318736;-71.49771065;-1947936.354;2841989.571;B
1.17.4-36;-16.45310443;-71.49759839;-1947928.033;2842003.387;B
1.17.4-36;-16.45302805;-71.49748821;-1947920.454;2842016.88;B
1.17.4-36;-16.45286575;-71.49724595;-1947904.455;2842046.474;B
1.17.4-37; ; ;-1.516416327;20763369.87;B
1.17.4-37;-16.45274643;-71.49834876;-1947876.475;2841923.015;B
1.17.4-37;-16.45290633;-71.49820049;-1947897.138;2841937.726;B
1.17.4-37;-16.45267397;-71.49793704;-1947873.175;2841970.642;B
1.17.4-37;-16.45236713;-71.49764301;-1947840.85;2842008.001;B
1.17.4-37;-16.45218414;-71.49776023;-1947817.868;2841997.113;B
1.17.4-37;-16.45247662;-71.49803796;-1947848.713;2841961.79;B
1.17.4-38; ; ;-1.516416327;20763369.87;B
1.17.4-38;-16.45159156;-71.4981198;-1947743.699;2841964.121;B
1.17.4-38;-16.45144716;-71.49814428;-1947726.425;2841963.24;B
1.17.4-38;-16.45142001;-71.49809931;-1947723.804;2841968.696;B
1.17.4-38;-16.4510332;-71.49788008;-1947681.138;2841998.623;B
1.17.4-38;-16.45072789;-71.49847981;-1947637.677;2841934.637;B
1.17.4-38;-16.4510609;-71.49873448;-1947673.576;2841901.397;B
1.17.4-38;-16.45132741;-71.49907417;-1947700.586;2841859.391;B
1.17.4-38;-16.4514528;-71.49928469;-1947712.652;2841833.88;B
1.17.4-38;-16.45154017;-71.49944769;-1947720.852;2841814.254;B
1.17.4-38;-16.45154706;-71.49949741;-1947721.033;2841808.527;B
1.17.4-38;-16.45155856;-71.49957314;-1947721.425;2841799.791;B
1.17.4-38;-16.45159527;-71.49966751;-1947724.543;2841788.611;B
1.17.4-38;-16.45192146;-71.4996707;-1947762.824;2841783.971;B
1.17.4-38;-16.45206648;-71.49964542;-1947780.181;2841784.934;B
1.17.4-38;-16.45204384;-71.49956565;-1947778.531;2841794.275;B
1.17.4-38;-16.45228513;-71.49949037;-1947807.83;2841799.644;B
1.17.4-38;-16.45198476;-71.49892072;-1947779.754;2841868.165;B
1.17.4-38;-16.451894;-71.49897276;-1947768.432;2841863.456;B
1.17.4-38;-16.45188263;-71.49895155;-1947767.365;2841866.009;B
1.17.4-38;-16.45200061;-71.49887358;-1947782.213;2841873.3;B
1.17.4-38;-16.45217249;-71.49923024;-1947797.891;2841830.612;B
1.17.4-38;-16.45298595;-71.4987791;-1947899.167;2841871.085;B
1.17.4-38;-16.45274705;-71.49842687;-1947875.56;2841914.152;B
1.17.4-38;-16.45243946;-71.49808619;-1947843.736;2841956.809;B
1.17.4-38;-16.45213822;-71.49779666;-1947812.012;2841993.585;B
1.17.4-38;-16.45162758;-71.4981671;-1947747.333;2841958.287;B
1.17.4-39; ; ;-1.516416327;20763369.87;B
1.17.4-39;-16.45232437;-71.49946731;-1947812.732;2841801.744;B
1.17.4-39;-16.45294981;-71.49942521;-1947886.741;2841798.313;B
1.17.4-39;-16.45334064;-71.49933865;-1947933.751;2841802.998;B
1.17.4-39;-16.45302147;-71.4987966;-1947903.118;2841868.636;B
1.17.4-39;-16.45221531;-71.49924734;-1947802.704;2841828.111;B
1.17.3-1; ; ;-1.516416327;20763369.87;B
1.17.3-1;-16.45780164;-71.49323127;-1948535.172;2842436.837;B
1.17.3-1;-16.45749919;-71.49348577;-1948496.416;2842411.955;B
1.17.3-1;-16.45737905;-71.49330198;-1948484.629;2842434.368;B
1.17.3-1;-16.45725639;-71.4933652;-1948469.418;2842428.811;B
1.17.3-1;-16.45717438;-71.49324583;-1948461.295;2842443.42;B
1.17.3-1;-16.45706797;-71.49330312;-1948448.068;2842438.322;B
1.17.3-1;-16.45711484;-71.49362002;-1948449.561;2842401.78;B
1.17.3-1;-16.45724099;-71.49399491;-1948459.634;2842357.625;B
1.17.3-1;-16.45732352;-71.49392936;-1948470.159;2842363.972;B
1.17.3-1;-16.45768023;-71.49367917;-1948515.235;2842387.653;B
1.17.3-1;-16.45794107;-71.49347981;-1948548.404;2842406.83;B
1.17.3-2; ; ;-1.516416327;20763369.87;B
1.17.3-2;-16.45853695;-71.49268758;-1948628.445;2842488.822;B
1.17.3-2;-16.45828261;-71.49253777;-1948600.463;2842509.144;B
1.17.3-2;-16.45818311;-71.49250756;-1948589.155;2842513.875;B
1.17.3-2;-16.45813657;-71.49260287;-1948582.48;2842503.681;B
1.17.3-2;-16.45809713;-71.49271354;-1948576.445;2842491.653;B
1.17.3-2;-16.45814356;-71.49273088;-1948581.68;2842489.077;B
1.17.3-2;-16.45821361;-71.49275812;-1948589.564;2842485.069;B
1.17.3-2;-16.45832042;-71.49287364;-1948600.65;2842470.571;B
1.17.3-2;-16.45819127;-71.49293121;-1948584.747;2842465.74;B
1.17.3-2;-16.45817113;-71.49298287;-1948581.728;2842460.147;B
1.17.3-2;-16.45804282;-71.49308348;-1948565.378;2842450.426;B
1.17.3-2;-16.45800373;-71.4931134;-1948560.407;2842447.547;B
1.17.3-2;-16.45802018;-71.49316353;-1948561.705;2842441.648;B
1.17.3-2;-16.45795936;-71.49324987;-1948553.465;2842432.658;B
1.17.3-2;-16.45787086;-71.49333524;-1948541.987;2842424.142;B
1.17.3-2;-16.45796733;-71.4934622;-1948551.713;2842408.482;B
1.17.3-2;-16.45814112;-71.4932876;-1948574.342;2842425.995;B
1.17.3-2;-16.45868027;-71.49284175;-1948643.33;2842469.462;B
1.17.3-3; ; ;-1.516416327;20763369.87;B
1.17.3-3;-16.45899658;-71.49201046;-1948691.021;2842559.551;B
1.17.3-3;-16.45855665;-71.49268867;-1948630.746;2842488.44;B
1.17.3-3;-16.45872823;-71.49282646;-1948649.158;2842470.567;B
1.17.3-3;-16.45914314;-71.49212685;-1948706.765;2842544.433;B
1.17.3-4; ; ;-1.516416327;20763369.87;B
1.17.3-4;-16.45924422;-71.49179057;-1948722.901;2842581.228;B
1.17.3-4;-16.45911156;-71.49191678;-1948705.717;2842568.662;B
1.17.3-4;-16.45921861;-71.49203019;-1948716.856;2842554.399;B
1.17.3-4;-16.45935695;-71.49196228;-1948733.97;2842560.282;B
1.17.3-5; ; ;-1.516416327;20763369.87;B
1.17.3-5;-16.45969152;-71.49172138;-1948776.328;2842583.2;B
1.17.3-5;-16.4595998;-71.49177903;-1948764.822;2842577.868;B
1.17.3-5;-16.45967659;-71.49190751;-1948772.215;2842562.295;B
1.17.3-5;-16.45980754;-71.4918613;-1948788.186;2842565.814;B
1.17.3-6; ; ;-1.516416327;20763369.87;B
1.17.3-6;-16.46034582;-71.49168229;-1948853.693;2842579.041;B
1.17.3-6;-16.46029239;-71.49157075;-1948848.829;2842592.387;B
1.17.3-6;-16.46017526;-71.49157802;-1948834.976;2842593.101;B
1.17.3-6;-16.46003773;-71.49163372;-1948818.112;2842588.592;B
1.17.3-6;-16.46003083;-71.49181637;-1948814.988;2842567.976;B
1.17.3-6;-16.46053637;-71.49175062;-1948875.213;2842568.793;B
1.17.3-6;-16.46047972;-71.49166986;-1948869.581;2842578.692;B
1.17.3-7; ; ;-1.516416327;20763369.87;B
1.17.3-7;-16.4602758;-71.49069811;-1948857.935;2842691.534;B
1.17.3-7;-16.46021034;-71.49082931;-1948848.582;2842677.519;B
1.17.3-7;-16.4604926;-71.49097438;-1948879.906;2842657.367;B
1.17.3-7;-16.46051162;-71.49087507;-1948883.398;2842668.376;B
1.17.3-7;-16.46044731;-71.49078392;-1948876.998;2842679.555;B
1.17.3-8; ; ;-1.516416327;20763369.87;B
1.17.3-8;-16.46001391;-71.49209386;-1948809.484;2842536.741;B
1.17.3-8;-16.46031101;-71.49210708;-1948844.221;2842531.341;B
1.17.3-8;-16.46049367;-71.49209258;-1948865.865;2842530.586;B
1.17.3-8;-16.4607037;-71.49202224;-1948891.431;2842535.803;B
1.17.3-8;-16.46090435;-71.49189944;-1948916.559;2842547.091;B
1.17.3-8;-16.46098718;-71.49184958;-1948926.922;2842551.655;B
1.17.3-8;-16.46102371;-71.49178985;-1948931.971;2842557.946;B
1.17.3-8;-16.46108463;-71.49166052;-1948940.766;2842571.808;B
1.17.3-8;-16.46109204;-71.49158292;-1948942.62;2842580.509;B
1.17.3-8;-16.46106578;-71.49144944;-1948941.226;2842595.986;B
1.17.3-8;-16.46103053;-71.49139703;-1948937.749;2842602.39;B
1.17.3-8;-16.46098461;-71.49149405;-1948931.124;2842591.994;B
1.17.3-8;-16.46091461;-71.49159438;-1948921.63;2842581.54;B
1.17.3-8;-16.46081401;-71.49170814;-1948908.37;2842569.964;B
1.17.3-8;-16.46074519;-71.49176787;-1948899.527;2842564.096;B
1.17.3-8;-16.46067297;-71.49180302;-1948890.597;2842561.059;B
1.17.3-8;-16.46061026;-71.49183299;-1948882.85;2842558.485;B
1.17.3-8;-16.46048127;-71.49185035;-1948867.477;2842558.21;B
1.17.3-8;-16.46032973;-71.49184973;-1948849.681;2842560.27;B
1.17.3-8;-16.46021566;-71.49185961;-1948836.154;2842560.648;B
1.17.3-8;-16.45997123;-71.49190441;-1948806.87;2842558.778;B
1.17.3-8;-16.45980641;-71.49194013;-1948787.054;2842556.892;B
1.17.3-8;-16.45961346;-71.49200713;-1948763.537;2842551.83;B
1.17.3-8;-16.4596605;-71.49209983;-1948767.889;2842540.703;B
1.17.3-8;-16.45982808;-71.4920787;-1948787.844;2842540.898;B
1.17.3-9; ; ;-1.516416327;20763369.87;B
1.17.3-9;-16.45944167;-71.49232297;-1948739.353;2842518.28;B
1.17.3-9;-16.45956494;-71.49225907;-1948754.645;2842523.906;B
1.17.3-9;-16.45968241;-71.49220027;-1948769.191;2842529.029;B
1.17.3-9;-16.45957512;-71.49203001;-1948758.743;2842549.74;B
1.17.3-9;-16.45942851;-71.49206836;-1948741.033;2842547.316;B
1.17.3-9;-16.45934364;-71.49209366;-1948730.741;2842545.562;B
1.17.3-9;-16.45924405;-71.49215155;-1948718.308;2842540.307;B
1.17.3-9;-16.45918614;-71.4922226;-1948710.605;2842533.013;B
1.17.3-9;-16.45912295;-71.49229917;-1948702.21;2842525.162;B
1.17.3-9;-16.45905824;-71.49239498;-1948693.395;2842515.149;B
1.17.3-9;-16.45897145;-71.4925179;-1948681.641;2842502.354;B
1.17.3-9;-16.45889172;-71.49266747;-1948670.38;2842486.444;B
1.17.3-9;-16.45902399;-71.49274877;-1948684.889;2842475.491;B
1.17.3-9;-16.45919858;-71.49254525;-1948707.979;2842496.272;B
1.17.3-9;-16.4593104;-71.49243241;-1948722.545;2842507.596;B
1.17.3-10; ; ;-1.516416327;20763369.87;B
1.17.3-10;-16.45797917;-71.49404404;-1948545.733;2842342.365;B
1.17.3-10;-16.45794028;-71.49378282;-1948544.473;2842372.489;B
1.17.3-10;-16.45810269;-71.4936374;-1948565.396;2842386.844;B
1.17.3-10;-16.45827661;-71.49365057;-1948585.661;2842383.067;B
1.17.3-10;-16.45833961;-71.49376182;-1948591.654;2842369.628;B
1.17.3-10;-16.45855705;-71.49369119;-1948618.094;2842374.782;B
1.17.3-10;-16.45870922;-71.49360319;-1948637.086;2842382.76;B
1.17.3-10;-16.45850295;-71.49308751;-1948619.385;2842443.929;B
1.17.3-10;-16.45827484;-71.49325413;-1948590.476;2842428.034;B
1.17.3-10;-16.45815186;-71.49339811;-1948574.203;2842413.326;B
1.17.3-10;-16.45796343;-71.49356813;-1948549.913;2842396.525;B
1.17.3-10;-16.45735539;-71.49404145;-1948472.483;2842350.846;B
1.17.3-10;-16.45752395;-71.494528;-1948486.124;2842293.475;B
1.17.3-10;-16.45806912;-71.49452101;-1948550.26;2842287.112;B
1.17.3-11; ; ;-1.516416327;20763369.87;B
1.17.3-11;-16.45808852;-71.49508064;-1948545.451;2842223.414;B
1.17.3-11;-16.45807568;-71.49455411;-1948550.612;2842283.274;B
1.17.3-11;-16.45752979;-71.49456255;-1948486.373;2842289.481;B
1.17.3-11;-16.45751186;-71.49479228;-1948481.357;2842263.673;B
1.17.3-11;-16.45750047;-71.49514282;-1948475.579;2842224.083;B
1.17.3-11;-16.45781202;-71.49515529;-1948512.022;2842218.581;B
1.17.3-12; ; ;-1.516416327;20763369.87;B
1.17.3-12;-16.4580091;-71.49562673;-1948529.204;2842162.549;B
1.17.3-12;-16.45790137;-71.49559146;-1948516.994;2842167.96;B
1.17.3-12;-16.45777909;-71.49578358;-1948500.197;2842147.785;B
1.17.3-12;-16.45771868;-71.49574169;-1948493.629;2842153.327;B
1.17.3-12;-16.45758811;-71.49589636;-1948476.331;2842137.507;B
1.17.3-12;-16.45774478;-71.49601847;-1948493.191;2842121.607;B
1.17.3-12;-16.45793;-71.49576653;-1948518.142;2842147.738;B
1.17.3-13; ; ;-1.516416327;20763369.87;B
1.17.3-13;-16.45709659;-71.49665262;-1948409.01;2842058.223;B
1.17.3-13;-16.4571365;-71.4967747;-1948412.153;2842043.859;B
1.17.3-13;-16.45725438;-71.49674787;-1948426.341;2842045.355;B
1.17.3-13;-16.4572815;-71.49667479;-1948430.452;2842053.283;B
1.17.3-13;-16.45743147;-71.49662466;-1948448.706;2842056.998;B
1.17.3-13;-16.45743434;-71.49654106;-1948450.102;2842066.438;B
1.17.3-13;-16.45729272;-71.49649048;-1948434.104;2842074.03;B
1.17.3-13;-16.45767656;-71.49601321;-1948485.243;2842123.099;B
1.17.3-13;-16.45732702;-71.49576935;-1948447.267;2842155.332;B
1.17.3-13;-16.45704253;-71.49601516;-1948410.732;2842131.199;B
1.17.3-13;-16.45692536;-71.49626706;-1948393.776;2842104.18;B
1.17.3-13;-16.4571779;-71.49642288;-1948421.472;2842083.2;B
1.17.5-4; ; ;-1.516416327;20763369.87;C
1.17.5-4;-16.44464399;-71.48179356;-1947134.184;2843906.305;C
1.17.5-4;-16.44474123;-71.48164676;-1947147.468;2843921.675;C
1.17.5-4;-16.44485068;-71.48151618;-1947161.982;2843935.043;C
1.17.5-4;-16.44501055;-71.48134468;-1947182.938;2843952.39;C
1.17.5-4;-16.44521699;-71.48116944;-1947209.413;2843969.55;C
1.17.5-4;-16.4449655;-71.48094612;-1947182.692;2843998.172;C
1.17.5-4;-16.44482309;-71.48108433;-1947164.21;2843984.371;C
1.17.5-4;-16.44462116;-71.48135964;-1947136.998;2843955.805;C
1.17.5-4;-16.44444283;-71.48157887;-1947113.268;2843933.289;C
1.17.5-4;-16.44434744;-71.48182535;-1947098.939;2843906.593;C
1.17.5-4;-16.4445663;-71.48189791;-1947123.734;2843895.493;C
1.17.5-5; ; ;-1.516416327;20763369.87;C
1.17.5-5;-16.4446622;-71.48046856;-1947153.107;2844056.302;C
1.17.5-5;-16.44451169;-71.48073357;-1947132.066;2844028.229;C
1.17.5-5;-16.44443483;-71.48102005;-1947119.406;2843996.756;C
1.17.5-5;-16.44442243;-71.48125906;-1947114.922;2843969.818;C
1.17.5-5;-16.44444813;-71.48151074;-1947114.753;2843940.944;C
1.17.5-5;-16.44506736;-71.48071865;-1947197.543;2844022.627;C
1.17.5-6; ; ;-1.516416327;20763369.87;C
1.17.5-6;-16.44413415;-71.48216533;-1947069.573;2843870.844;C
1.17.5-6;-16.44425071;-71.48217513;-1947083.143;2843868.203;C
1.17.5-6;-16.44432884;-71.48174844;-1947097.728;2843915.557;C
1.17.5-6;-16.4444131;-71.48155706;-1947110.051;2843936.151;C
1.17.5-6;-16.44438052;-71.48127251;-1947109.827;2843968.843;C
1.17.5-6;-16.44442218;-71.48082526;-1947120.388;2844019.008;C
1.17.5-6;-16.44417876;-71.48075415;-1947092.688;2844030.266;C
1.17.5-6;-16.444118;-71.48173492;-1947073.127;2843919.858;C
1.17.5-7; ; ;-1.516416327;20763369.87;C
1.17.5-7;-16.44522141;-71.48049907;-1947218.423;2844045.502;C
1.17.5-7;-16.44543762;-71.48049194;-1947243.916;2844043.473;C
1.17.5-7;-16.44560529;-71.48039861;-1947264.799;2844051.854;C
1.17.5-7;-16.44534813;-71.48016984;-1947237.483;2844081.169;C
1.17.5-7;-16.44523768;-71.48029805;-1947222.881;2844068.081;C
1.17.5-7;-16.44485588;-71.48017705;-1947179.555;2844086.813;C
1.17.5-7;-16.44467357;-71.48041318;-1947155.144;2844062.432;C
1.17.5-7;-16.44512808;-71.4806996;-1947204.918;2844023.99;C
1.17.6-1; ; ;-1.516416327;20763369.87;C
1.17.6-1;-16.44723379;-71.4860444;-1947384.624;2843390.345;C
1.17.6-1;-16.44705486;-71.48575527;-1947367.262;2843425.475;C
1.17.6-1;-16.44687512;-71.48556184;-1947348.595;2843449.765;C
1.17.6-1;-16.44652199;-71.48522251;-1947311.404;2843492.873;C
1.17.6-1;-16.44630067;-71.48544756;-1947282.55;2843470.261;C
1.17.6-1;-16.44671932;-71.48589484;-1947326.073;2843414.054;C
1.17.6-1;-16.44684917;-71.48607551;-1947339.04;2843391.865;C
1.17.6-1;-16.44696055;-71.48628819;-1947349.433;2843366.29;C
1.17.6-1;-16.44726491;-71.48620341;-1947386.266;2843371.908;C
1.17.6-2; ; ;-1.516416327;20763369.87;C
1.17.6-2;-16.44685063;-71.48544644;-1947347.179;2843463.171;C
1.17.6-2;-16.44690852;-71.485395;-1947354.632;2843468.243;C
1.17.6-2;-16.44647186;-71.48474924;-1947311.508;2843547.191;C
1.17.6-2;-16.44630174;-71.48490266;-1947289.577;2843532.028;C
1.17.6-2;-16.44650199;-71.48512347;-1947310.308;2843504.365;C
1.17.6-3; ; ;-1.516416327;20763369.87;C
1.17.6-3;-16.44610449;-71.48476562;-1947268.137;2843550.155;C
1.17.6-3;-16.44586631;-71.48503672;-1947236.72;2843522.542;C
1.17.6-3;-16.44604948;-71.48517943;-1947256.433;2843503.958;C
1.17.6-3;-16.44612813;-71.48526939;-1947264.535;2843492.726;C
1.17.6-3;-16.44624848;-71.4854345;-1947276.584;2843472.426;C
1.17.6-3;-16.44649105;-71.48519099;-1947308.167;2843496.853;C
1.17.6-4; ; ;-1.516416327;20763369.87;C
1.17.6-4;-16.44615376;-71.48534857;-1947266.544;2843483.412;C
1.17.6-4;-16.44602668;-71.48521424;-1947253.314;2843500.311;C
1.17.6-4;-16.44585077;-71.48507358;-1947234.427;2843518.567;C
1.17.6-4;-16.44561444;-71.48538276;-1947202.745;2843486.613;C
1.17.6-4;-16.4460119;-71.48571279;-1947245.264;2843443.979;C
1.17.6-4;-16.44624013;-71.48544789;-1947275.434;2843471.018;C
1.17.6-5; ; ;-1.516416327;20763369.87;C
1.17.6-5;-16.44542641;-71.48465028;-1947189.93;2843572.132;C
1.17.6-5;-16.44515678;-71.48520858;-1947151.181;2843512.368;C
1.17.6-5;-16.44557706;-71.48535784;-1947198.669;2843489.93;C
1.17.6-5;-16.44592634;-71.48490792;-1947245.405;2843536.358;C
1.17.6-6; ; ;-1.516416327;20763369.87;C
1.17.6-6;-16.44606346;-71.48472751;-1947263.8;2843555.014;C
1.17.6-6;-16.44592339;-71.48459936;-1947248.966;2843571.383;C
1.17.6-6;-16.44574073;-71.48449264;-1947228.856;2843585.88;C
1.17.6-6;-16.44558669;-71.48440516;-1947211.866;2843597.821;C
1.17.6-6;-16.44547179;-71.48461404;-1947195.721;2843575.645;C
1.17.6-6;-16.44595464;-71.48486729;-1947249.244;2843540.595;C
1.17.6-7; ; ;-1.516416327;20763369.87;C
1.17.6-7;-16.44551823;-71.48407798;-1947207.966;2843635.815;C
1.17.6-7;-16.44546469;-71.48415393;-1947200.714;2843627.906;C
1.17.6-7;-16.44563195;-71.48438427;-1947217.448;2843599.595;C
1.17.6-7;-16.44579289;-71.48447796;-1947235.17;2843586.86;C
1.17.6-7;-16.44601289;-71.48460485;-1947259.411;2843569.586;C
1.17.6-7;-16.44625432;-71.48422354;-1947292.606;2843609.65;C
1.17.6-8; ; ;-1.516416327;20763369.87;C
1.17.6-8;-16.44533836;-71.48407524;-1947186.868;2843638.486;C
1.17.6-8;-16.44525744;-71.48421839;-1947175.547;2843623.317;C
1.17.6-8;-16.44517648;-71.48441678;-1947163.524;2843601.886;C
1.17.6-8;-16.4454257;-71.48459084;-1947190.6;2843578.88;C
1.17.6-8;-16.4455799;-71.4843466;-1947211.81;2843604.549;C
1.17.6-9; ; ;-1.516416327;20763369.87;C
1.17.6-9;-16.44514583;-71.48444713;-1947159.538;2843598.847;C
1.17.6-9;-16.44507545;-71.48457073;-1947149.704;2843585.757;C
1.17.6-9;-16.44500053;-71.48476384;-1947138.455;2843564.844;C
1.17.6-9;-16.44491287;-71.48513486;-1947123.457;2843523.928;C
1.17.6-9;-16.44511596;-71.48519014;-1947146.619;2843514.995;C
1.17.6-9;-16.44524568;-71.48488012;-1947165.786;2843548.443;C
1.17.6-9;-16.44540851;-71.48462811;-1947188.108;2843574.88;C
1.17.6-10; ; ;-1.516416327;20763369.87;C
1.17.6-10;-16.44496663;-71.4847276;-1947134.931;2843569.399;C
1.17.6-10;-16.44503779;-71.48457382;-1947145.239;2843585.9;C
1.17.6-10;-16.44513064;-71.48443256;-1947157.938;2843600.699;C
1.17.6-10;-16.44472211;-71.48421057;-1947112.75;2843631.23;C
1.17.6-10;-16.44470978;-71.48437662;-1947109.199;2843612.565;C
1.17.6-10;-16.44469756;-71.48454969;-1947105.572;2843593.102;C
1.17.6-10;-16.44471175;-71.48471626;-1947105.129;2843574.028;C
1.17.6-10;-16.44471354;-71.48487367;-1947103.345;2843556.158;C
1.17.6-10;-16.44467025;-71.48504664;-1947096.07;2843537.114;C
1.17.6-10;-16.44486368;-71.48511631;-1947117.913;2843526.676;C
1.17.6-10;-16.44490691;-71.48494452;-1947125.168;2843545.587;C
1.17.6-11; ; ;-1.516416327;20763369.87;C
1.17.6-11;-16.44510796;-71.48388722;-1947162.179;2843662.828;C
1.17.6-11;-16.4450407;-71.48404798;-1947152.241;2843645.483;C
1.17.6-11;-16.44501355;-71.48409481;-1947148.458;2843640.53;C
1.17.6-11;-16.44494622;-71.48417199;-1947139.57;2843632.663;C
1.17.6-11;-16.44487916;-71.48426413;-1947130.524;2843623.096;C
1.17.6-11;-16.44514622;-71.4843989;-1947160.194;2843604.311;C
1.17.6-11;-16.44521623;-71.48424011;-1947170.431;2843621.396;C
1.17.6-11;-16.44532467;-71.48406533;-1947185.385;2843639.79;C
1.17.6-11;-16.44525153;-71.48398394;-1947177.823;2843649.978;C
1.17.6-12; ; ;-1.516416327;20763369.87;C
1.17.6-12;-16.44509496;-71.48387029;-1947160.866;2843664.919;C
1.17.6-12;-16.44492713;-71.4838272;-1947141.694;2843672.007;C
1.17.6-12;-16.44476251;-71.48380438;-1947122.642;2843676.755;C
1.17.6-12;-16.44475471;-71.48418571;-1947116.895;2843633.62;C
1.17.6-12;-16.44487671;-71.48425309;-1947130.376;2843624.38;C
1.17.6-12;-16.4449281;-71.48417001;-1947137.466;2843633.126;C
1.17.6-12;-16.44501081;-71.48407682;-1947148.364;2843642.605;C
1.17.6-13; ; ;-1.516416327;20763369.87;C
1.17.6-13;-16.44501091;-71.48352259;-1947155.395;2843705.446;C
1.17.6-13;-16.44485776;-71.48363399;-1947135.99;2843694.824;C
1.17.6-13;-16.44464372;-71.48351638;-1947112.332;2843710.968;C
1.17.6-13;-16.44457938;-71.48345587;-1947105.538;2843718.673;C
1.17.6-13;-16.44504332;-71.48301208;-1947165.669;2843762.903;C
1.17.6-13;-16.44485338;-71.48274589;-1947146.723;2843795.577;C
1.17.6-13;-16.44438385;-71.48317993;-1947086.061;2843752.527;C
1.17.6-13;-16.44415228;-71.48308732;-1947060.026;2843766.066;C
1.17.6-13;-16.44412727;-71.48321;-1947055.533;2843752.484;C
1.17.6-13;-16.44411479;-71.48336645;-1947052.086;2843734.909;C
1.17.6-13;-16.44412872;-71.48350931;-1947051.913;2843718.529;C
1.17.6-13;-16.4442478;-71.48353666;-1947065.558;2843713.865;C
1.17.6-13;-16.44437349;-71.48360849;-1947079.415;2843704.071;C
1.17.6-13;-16.44453733;-71.48369904;-1947097.518;2843691.653;C
1.17.6-13;-16.44458327;-71.48371634;-1947102.696;2843689.09;C
1.17.6-13;-16.44468549;-71.48375012;-1947114.279;2843683.918;C
1.17.6-13;-16.44488136;-71.48377204;-1947137.014;2843678.861;C
1.17.6-13;-16.4451016;-71.48382924;-1947162.167;2843669.485;C
1.17.6-13;-16.44515286;-71.48385609;-1947167.849;2843665.769;C
1.17.6-13;-16.44530488;-71.48378347;-1947186.63;2843672.007;C
1.17.6-14; ; ;-1.516416327;20763369.87;C
1.17.6-14;-16.44472739;-71.48379534;-1947118.629;2843678.241;C
1.17.6-14;-16.44460706;-71.48377644;-1947104.731;2843681.962;C
1.17.6-14;-16.44453478;-71.48373849;-1947096.719;2843687.214;C
1.17.6-14;-16.44444216;-71.48369503;-1947086.388;2843693.357;C
1.17.6-14;-16.44435099;-71.48363986;-1947076.375;2843700.809;C
1.17.6-14;-16.44425396;-71.48360041;-1947065.474;2843706.555;C
1.17.6-14;-16.44417281;-71.4835793;-1947056.207;2843710.014;C
1.17.6-14;-16.44423122;-71.48406123;-1947056.967;2843654.605;C
1.17.6-14;-16.44472114;-71.48398873;-1947115.445;2843656.396;C
1.17.6-15; ; ;-1.516416327;20763369.87;C
1.17.6-15;-16.44468012;-71.48483963;-1947099.851;2843560.456;C
1.17.6-15;-16.44465488;-71.48465866;-1947099.177;2843581.306;C
1.17.6-15;-16.44466524;-71.48448543;-1947102.588;2843600.811;C
1.17.6-15;-16.44469039;-71.48432586;-1947107.564;2843618.574;C
1.17.6-15;-16.44469854;-71.48424194;-1947109.583;2843627.983;C
1.17.6-15;-16.444728;-71.48400475;-1947116.049;2843654.489;C
1.17.6-15;-16.44423795;-71.48407972;-1947057.522;2843652.419;C
1.17.6-15;-16.44435192;-71.4847622;-1947062.271;2843573.542;C
1.17.6-15;-16.44438365;-71.48493761;-1947063.777;2843553.237;C
1.17.6-15;-16.44461975;-71.4850374;-1947090.253;2843538.824;C
1.17.6-16; ; ;-1.516416327;20763369.87;C
1.17.6-16;-16.44438224;-71.48503471;-1947062.382;2843542.246;C
1.17.6-16;-16.44426679;-71.48533271;-1947045.044;2843509.973;C
1.17.6-16;-16.44453877;-71.48542696;-1947075.806;2843495.717;C
1.17.6-16;-16.44462931;-71.48513374;-1947090.156;2843527.775;C
1.17.6-17; ; ;-1.516416327;20763369.87;C
1.17.6-17;-16.4442921;-71.48495202;-1947052.838;2843552.804;C
1.17.6-17;-16.44377781;-71.48473579;-1946995.153;2843584.07;C
1.17.6-17;-16.44340856;-71.48456882;-1946953.883;2843607.847;C
1.17.6-17;-16.44317368;-71.48445203;-1946927.766;2843624.171;C
1.17.6-17;-16.44305112;-71.48476274;-1946909.431;2843590.55;C
1.17.6-17;-16.44379156;-71.48495169;-1946994.034;2843559.41;C
1.17.6-17;-16.4437468;-71.48527728;-1946984.651;2843523.081;C
1.17.6-17;-16.44407023;-71.48538267;-1947021.318;2843506.887;C
1.17.6-17;-16.44414027;-71.4853326;-1947030.18;2843511.646;C
1.17.6-18; ; ;-1.516416327;20763369.87;C
1.17.6-18;-16.44431839;-71.48474329;-1947058.57;2843576.126;C
1.17.6-18;-16.44428012;-71.48462142;-1947055.618;2843590.446;C
1.17.6-18;-16.44426079;-71.48443394;-1947055.72;2843611.957;C
1.17.6-18;-16.44387528;-71.48431598;-1947011.921;2843630.391;C
1.17.6-18;-16.44379107;-71.48469285;-1946997.254;2843588.765;C
1.17.6-18;-16.44430359;-71.48490201;-1947054.821;2843558.325;C
1.17.6-19; ; ;-1.516416327;20763369.87;C
1.17.6-19;-16.44341473;-71.48405046;-1946961.172;2843666.54;C
1.17.6-19;-16.4432136;-71.48440383;-1946933.066;2843629.113;C
1.17.6-19;-16.44343552;-71.48454098;-1946957.403;2843610.65;C
1.17.6-19;-16.44374784;-71.48466901;-1946992.476;2843592.035;C
1.17.6-19;-16.44383771;-71.48429302;-1947007.798;2843633.487;C
1.17.6-20; ; ;-1.516416327;20763369.87;C
1.17.6-20;-16.44385138;-71.48354525;-1947018.873;2843718.093;C
1.17.6-20;-16.44361864;-71.48353573;-1946991.648;2843722.227;C
1.17.6-20;-16.44358766;-71.48367613;-1946986.23;2843706.714;C
1.17.6-20;-16.44356351;-71.4837242;-1946982.785;2843701.58;C
1.17.6-20;-16.44339638;-71.48399732;-1946959.689;2843672.806;C
1.17.6-20;-16.4435363;-71.4840843;-1946975.028;2843661.107;C
1.17.6-20;-16.44374839;-71.48378266;-1947003.766;2843692.526;C
1.17.6-21; ; ;-1.516416327;20763369.87;C
1.17.6-21;-16.44394636;-71.48390048;-1947025.533;2843676.569;C
1.17.6-21;-16.44401576;-71.48357006;-1947037.872;2843713.122;C
1.17.6-21;-16.44387394;-71.48354167;-1947021.569;2843718.203;C
1.17.6-21;-16.44379944;-71.48372453;-1947010.5;2843698.447;C
1.17.6-21;-16.44374711;-71.48382289;-1947003.106;2843687.982;C
1.17.6-21;-16.44355634;-71.48409056;-1946977.302;2843660.135;C
1.17.6-21;-16.44385981;-71.48427482;-1947010.624;2843635.26;C
1.17.6-21;-16.44389773;-71.4840962;-1947017.341;2843655.016;C
1.17.6-22; ; ;-1.516416327;20763369.87;C
1.17.6-22;-16.44405652;-71.48357218;-1947042.634;2843712.347;C
1.17.6-22;-16.44396606;-71.48394474;-1947027.288;2843671.292;C
1.17.6-22;-16.44389314;-71.48428783;-1947014.375;2843633.348;C
1.17.6-22;-16.44406674;-71.48435111;-1947033.97;2843623.895;C
1.17.6-22;-16.44424359;-71.48439921;-1947054.14;2843616.12;C
1.17.6-22;-16.44413218;-71.48358165;-1947051.403;2843710.281;C
1.17.6-23; ; ;-1.516416327;20763369.87;C
1.17.6-23;-16.44406933;-71.48323934;-1947048.354;2843749.918;C
1.17.6-23;-16.44406391;-71.48315857;-1947048.74;2843759.147;C
1.17.6-23;-16.44384626;-71.48314686;-1947023.317;2843763.332;C
1.17.6-23;-16.4438423;-71.4832729;-1947021.256;2843749.093;C
1.17.6-23;-16.44365253;-71.48329159;-1946998.723;2843749.463;C
1.17.6-23;-16.4434757;-71.48332614;-1946977.509;2843747.866;C
1.17.6-23;-16.44321374;-71.48336905;-1946946.187;2843746.439;C
1.17.6-23;-16.44325525;-71.48359236;-1946948.236;2843720.575;C
1.17.6-23;-16.44340009;-71.48353349;-1946965.999;2843725.348;C
1.17.6-23;-16.44366214;-71.4834782;-1946997.488;2843728.179;C
1.17.6-23;-16.44405805;-71.48349632;-1947043.774;2843720.929;C
1.17.6-24; ; ;-1.516416327;20763369.87;C
1.17.6-24;-16.44341907;-71.48387044;-1946963.962;2843686.895;C
1.17.6-24;-16.44355769;-71.48367116;-1946982.773;2843707.67;C
1.17.6-24;-16.4435847;-71.48355318;-1946987.44;2843720.693;C
1.17.6-24;-16.44345143;-71.48357325;-1946971.528;2843720.167;C
1.17.6-24;-16.44332841;-71.48360975;-1946956.612;2843717.642;C
1.17.6-24;-16.44308764;-71.48370287;-1946927.144;2843710.243;C
1.17.6-24;-16.4430687;-71.4838747;-1946922.743;2843691.009;C
1.17.6-25; ; ;-1.516416327;20763369.87;C
1.17.6-25;-16.44305978;-71.48390941;-1946921.255;2843687.19;C
1.17.6-25;-16.44303237;-71.48411899;-1946915.381;2843663.788;C
1.17.6-25;-16.44319496;-71.48414546;-1946934.149;2843658.653;C
1.17.6-25;-16.44327578;-71.48419787;-1946942.98;2843651.649;C
1.17.6-25;-16.44342024;-71.48390902;-1946963.61;2843682.504;C
1.17.6-26; ; ;-1.516416327;20763369.87;C
1.17.6-26;-16.443037;-71.48462847;-1946909.474;2843605.959;C
1.17.6-26;-16.44325485;-71.48422275;-1946940.206;2843649.103;C
1.17.6-26;-16.44299953;-71.48413533;-1946911.316;2843662.366;C
1.17.6-26;-16.44291213;-71.48453883;-1946895.937;2843617.762;C
1.17.6-27; ; ;-1.516416327;20763369.87;C
1.17.6-27;-16.4429603;-71.48465633;-1946900.108;2843603.807;C
1.17.6-27;-16.44271079;-71.48447308;-1946873.114;2843627.858;C
1.17.6-27;-16.44262669;-71.4847457;-1946859.781;2843598.052;C
1.17.6-27;-16.4427172;-71.48486293;-1946868.93;2843583.571;C
1.17.6-27;-16.44288653;-71.48492391;-1946888.053;2843574.436;C
1.17.6-28; ; ;-1.516416327;20763369.87;C
1.17.6-28;-16.44240446;-71.48465078;-1946834.873;2843611.73;C
1.17.6-28;-16.44260419;-71.48470799;-1946857.614;2843602.622;C
1.17.6-28;-16.44267677;-71.4844546;-1946869.351;2843630.4;C
1.17.6-28;-16.44249664;-71.48430812;-1946850.042;2843649.372;C
1.17.6-28;-16.44240253;-71.48426431;-1946839.539;2843655.574;C
1.17.6-28;-16.4422668;-71.48420235;-1946824.377;2843664.381;C
1.17.6-28;-16.44208768;-71.48416014;-1946803.866;2843671.517;C
1.17.6-28;-16.44196069;-71.48413596;-1946789.253;2843675.925;C
1.17.6-28;-16.4418387;-71.4841181;-1946775.146;2843679.551;C
1.17.6-28;-16.44180998;-71.48451651;-1946766.727;2843634.754;C
1.17.6-28;-16.44205265;-71.48456538;-1946794.619;2843626.029;C
1.17.6-29; ; ;-1.516416327;20763369.87;C
1.17.6-29;-16.44297936;-71.48412051;-1946909.133;2843664.311;C
1.17.6-29;-16.44269584;-71.4840043;-1946877.294;2843681.207;C
1.17.6-29;-16.44253391;-71.48393539;-1946859.141;2843691.146;C
1.17.6-29;-16.44214654;-71.48374837;-1946815.997;2843717.433;C
1.17.6-29;-16.44201619;-71.48372456;-1946800.982;2843721.843;C
1.17.6-29;-16.44185342;-71.48375932;-1946781.419;2843720.038;C
1.17.6-29;-16.44182524;-71.48379183;-1946777.696;2843716.721;C
1.17.6-29;-16.44184249;-71.48405952;-1946776.333;2843686.143;C
1.17.6-29;-16.44207273;-71.4840915;-1946802.979;2843679.496;C
1.17.6-29;-16.44230464;-71.4841661;-1946829.282;2843667.995;C
1.17.6-29;-16.44253639;-71.48428415;-1946855.016;2843651.569;C
1.17.6-29;-16.44288556;-71.4845039;-1946893.258;2843622.071;C
1.17.6-30; ; ;-1.516416327;20763369.87;C
1.17.6-30;-16.44303068;-71.48386663;-1946918.378;2843692.423;C
1.17.6-30;-16.44303934;-71.4836907;-1946921.623;2843712.257;C
1.17.6-30;-16.44272451;-71.48367151;-1946884.877;2843718.564;C
1.17.6-30;-16.44252527;-71.48360816;-1946862.27;2843728.361;C
1.17.6-30;-16.44237566;-71.4835489;-1946845.442;2843737.045;C
1.17.6-30;-16.44220343;-71.48349298;-1946825.914;2843745.645;C
1.17.6-30;-16.44201773;-71.4834421;-1946804.741;2843753.851;C
1.17.6-30;-16.44186246;-71.48342213;-1946786.751;2843758.152;C
1.17.6-30;-16.44188364;-71.48369207;-1946785.821;2843727.267;C
1.17.6-30;-16.44194628;-71.4836814;-1946793.315;2843727.655;C
1.17.6-30;-16.4421145;-71.48368082;-1946813.088;2843725.514;C
1.17.6-30;-16.44225737;-71.48372847;-1946829.27;2843718.236;C
1.17.6-30;-16.44251047;-71.48385357;-1946857.423;2843700.73;C
1.17.6-30;-16.44255258;-71.48388024;-1946862.033;2843697.153;C
1.17.6-30;-16.44266911;-71.48393961;-1946874.972;2843688.893;C
1.17.6-30;-16.44299219;-71.48409947;-1946910.907;2843666.527;C
1.17.6-31; ; ;-1.516416327;20763369.87;C
1.17.6-31;-16.44319498;-71.48338115;-1946943.829;2843745.313;C
1.17.6-31;-16.44298332;-71.48341819;-1946918.492;2843743.891;C
1.17.6-31;-16.44282492;-71.48342875;-1946899.748;2843744.772;C
1.17.6-31;-16.44268566;-71.48340857;-1946883.642;2843748.887;C
1.17.6-31;-16.44246476;-71.4833748;-1946858.115;2843755.615;C
1.17.6-31;-16.44230887;-71.48330985;-1946840.622;2843765.026;C
1.17.6-31;-16.44199024;-71.48324088;-1946804.059;2843777.027;C
1.17.6-31;-16.44186984;-71.48323846;-1946789.944;2843778.88;C
1.17.6-31;-16.44186356;-71.48336703;-1946787.577;2843764.386;C
1.17.6-31;-16.44215728;-71.48342344;-1946821.373;2843754.135;C
1.17.6-31;-16.44235323;-71.48348427;-1946843.625;2843744.667;C
1.17.6-31;-16.44248886;-71.4835419;-1946858.831;2843736.353;C
1.17.6-31;-16.44266648;-71.48360297;-1946878.926;2843727.098;C
1.17.6-31;-16.44277609;-71.48362726;-1946891.497;2843722.905;C
1.17.6-31;-16.44293219;-71.48363663;-1946909.719;2843719.795;C
1.17.6-31;-16.44313192;-71.48363021;-1946933.267;2843717.901;C
1.17.6-31;-16.44323608;-71.48359637;-1946945.933;2843720.371;C
1.17.6-32; ; ;-1.516416327;20763369.87;C
1.17.6-32;-16.44184349;-71.48323799;-1946786.854;2843779.28;C
1.17.6-32;-16.44168669;-71.48322688;-1946768.572;2843782.597;C
1.17.6-32;-16.44152305;-71.48323463;-1946749.246;2843783.866;C
1.17.6-32;-16.44139281;-71.48325212;-1946733.723;2843783.591;C
1.17.6-32;-16.44135021;-71.48327;-1946728.492;2843782.123;C
1.17.6-32;-16.44136806;-71.48343643;-1946728.481;2843763.018;C
1.17.6-32;-16.44183917;-71.48337166;-1946784.653;2843764.18;C
1.17.6-33; ; ;-1.516416327;20763369.87;C
1.17.6-33;-16.4418005;-71.48344307;-1946779.206;2843756.591;C
1.17.6-33;-16.44124885;-71.48350686;-1946713.583;2843756.597;C
1.17.6-33;-16.44129727;-71.48382157;-1946715.287;2843720.277;C
1.17.6-33;-16.44183775;-71.48370084;-1946780.318;2843726.875;C
1.17.6-34; ; ;-1.516416327;20763369.87;C
1.17.6-34;-16.4418039;-71.48377316;-1946775.425;2843719.118;C
1.17.6-34;-16.44129395;-71.48389872;-1946713.92;2843711.573;C
1.17.6-34;-16.44135971;-71.48419547;-1946717.889;2843677.063;C
1.17.6-34;-16.44182147;-71.48405952;-1946773.864;2843686.419;C
1.17.6-35; ; ;-1.516416327;20763369.87;C
1.17.6-35;-16.4417545;-71.4841324;-1946765.072;2843679.034;C
1.17.6-35;-16.44106165;-71.48430001;-1946681.546;2843669.12;C
1.17.6-35;-16.44112548;-71.48450139;-1946686.496;2843645.45;C
1.17.6-35;-16.44171725;-71.48452458;-1946755.73;2843635.056;C
1.17.6-36; ; ;-1.516416327;20763369.87;C
1.17.6-36;-16.44126634;-71.48388812;-1946710.811;2843713.137;C
1.17.6-36;-16.44079391;-71.48398238;-1946654.11;2843708.648;C
1.17.6-36;-16.44082367;-71.48422186;-1946654.575;2843681.103;C
1.17.6-36;-16.44087746;-71.48426001;-1946660.412;2843676.072;C
1.17.6-36;-16.44093265;-71.48427017;-1946666.768;2843674.196;C
1.17.6-36;-16.44132274;-71.48418582;-1946713.668;2843678.643;C
1.17.6-37; ; ;-1.516416327;20763369.87;C
1.17.6-37;-16.44119303;-71.48350509;-1946707.048;2843757.529;C
1.17.6-37;-16.44072455;-71.48352002;-1946651.816;2843761.983;C
1.17.6-37;-16.44078704;-71.48392356;-1946654.048;2843715.408;C
1.17.6-37;-16.4412397;-71.48383897;-1946708.303;2843719.06;C
1.17.6-38; ; ;-1.516416327;20763369.87;C
1.17.6-38;-16.44131826;-71.4832601;-1946724.863;2843783.664;C
1.17.6-38;-16.44100065;-71.4832972;-1946687.077;2843783.625;C
1.17.6-38;-16.4408125;-71.48328896;-1946665.075;2843787.029;C
1.17.6-38;-16.44064678;-71.48322874;-1946646.367;2843796.031;C
1.17.6-38;-16.44053015;-71.48314617;-1946633.709;2843806.924;C
1.17.6-38;-16.44038337;-71.48303787;-1946617.835;2843821.13;C
1.17.6-38;-16.44030843;-71.48313375;-1946607.816;2843811.241;C
1.17.6-38;-16.44041823;-71.48320842;-1946619.771;2843801.334;C
1.17.6-38;-16.44046879;-71.4832724;-1946624.902;2843793.416;C
1.17.6-38;-16.44051224;-71.48333369;-1946629.231;2843785.897;C
1.17.6-38;-16.44058528;-71.48338102;-1946637.213;2843779.572;C
1.17.6-38;-16.44067012;-71.48340194;-1946646.916;2843776.086;C
1.17.6-38;-16.44090276;-71.483428;-1946673.919;2843770.079;C
1.17.6-38;-16.44115878;-71.48344546;-1946703.779;2843764.739;C
1.17.6-38;-16.44134516;-71.48344122;-1946725.73;2843762.775;C
1.17.6-39; ; ;-1.516416327;20763369.87;C
1.17.6-39;-16.44047247;-71.48333216;-1946624.578;2843786.592;C
1.17.6-39;-16.44038511;-71.48322705;-1946615.644;2843799.656;C
1.17.6-39;-16.44030681;-71.48317336;-1946607.124;2843806.771;C
1.17.6-39;-16.44007062;-71.48301866;-1946581.332;2843827.411;C
1.17.6-39;-16.44000725;-71.48326611;-1946570.754;2843800.185;C
1.17.6-39;-16.44010492;-71.48347992;-1946579.522;2843774.66;C
1.17.6-39;-16.44047868;-71.48343052;-1946624.061;2843775.357;C
1.17.6-39;-16.44051105;-71.48336348;-1946628.713;2843782.534;C
1.17.7-2; ; ;-1.516416327;20763369.87;C
1.17.7-2;-16.44756226;-71.49363877;-1947327.054;2842525.003;C
1.17.7-2;-16.44755794;-71.49361775;-1947326.812;2842527.442;C
1.17.7-2;-16.44752926;-71.49353541;-1947324.485;2842537.155;C
1.17.7-2;-16.44750899;-71.49349673;-1947322.593;2842541.806;C
1.17.7-2;-16.4475306;-71.49341151;-1947326.211;2842551.184;C
1.17.7-2;-16.44748595;-71.49336803;-1947321.516;2842556.699;C
1.17.7-2;-16.44656942;-71.49314699;-1947216.636;2842593.783;C
1.17.7-2;-16.44645086;-71.49351749;-1947198.016;2842553.333;C
1.17.7-2;-16.44743635;-71.493639;-1947312.258;2842526.628;C
1.17.7-4; ; ;-1.516416327;20763369.87;C
1.17.7-4;-16.44701532;-71.49262708;-1947275.604;2842646.878;C
1.17.7-4;-16.44681849;-71.49256155;-1947253.309;2842656.89;C
1.17.7-4;-16.44673605;-71.49249554;-1947244.46;2842665.456;C
1.17.7-4;-16.44681661;-71.49233277;-1947255.985;2842682.853;C
1.17.7-4;-16.44697075;-71.49229025;-1947274.633;2842685.652;C
1.17.7-4;-16.44697569;-71.49200207;-1947278.861;2842718.261;C
1.17.7-4;-16.44681888;-71.4920286;-1947260.102;2842717.31;C
1.17.7-4;-16.44670396;-71.49209001;-1947245.823;2842711.854;C
1.17.7-4;-16.4466172;-71.49225018;-1947233.603;2842694.833;C
1.17.7-4;-16.44651546;-71.49223432;-1947221.85;2842697.966;C
1.17.7-4;-16.44639915;-71.49307489;-1947197.545;2842604.191;C
1.17.7-4;-16.44687673;-71.4931677;-1947252.478;2842587.404;C
1.17.7-4;-16.44699154;-71.49280806;-1947270.52;2842626.672;C
1.17.7-5; ; ;-1.516416327;20763369.87;C
1.17.7-5;-16.44795362;-71.49288605;-1947382.562;2842605.208;C
1.17.7-5;-16.4479273;-71.49281505;-1947380.368;2842613.604;C
1.17.7-5;-16.44793016;-71.49269547;-1947382.219;2842627.124;C
1.17.7-5;-16.4475811;-71.49252156;-1947343.411;2842651.42;C
1.17.7-5;-16.44763392;-71.49240249;-1947351.124;2842664.227;C
1.17.7-5;-16.44731746;-71.49231576;-1947315.042;2842678.211;C
1.17.7-5;-16.44729223;-71.49245261;-1947310.346;2842663.027;C
1.17.7-5;-16.44730934;-71.49258932;-1947310.625;2842647.303;C
1.17.7-5;-16.44735448;-71.49274019;-1947314.019;2842629.606;C
1.17.7-5;-16.44742876;-71.49280584;-1947321.914;2842621.188;C
1.17.7-5;-16.44768253;-71.49296206;-1947349.751;2842600.148;C
1.17.7-5;-16.44791731;-71.49306458;-1947376.036;2842585.444;C
1.17.7-5;-16.44794167;-71.49299883;-1947379.73;2842592.578;C
1.17.7-6; ; ;-1.516416327;20763369.87;C
1.17.7-6;-16.44835221;-71.49361009;-1947420.224;2842517.891;C
1.17.7-6;-16.44862375;-71.49373013;-1947450.605;2842500.72;C
1.17.7-6;-16.44874602;-71.49372359;-1947465.052;2842499.857;C
1.17.7-6;-16.4487838;-71.49368586;-1947469.969;2842503.639;C
1.17.7-6;-16.44875723;-71.49365315;-1947467.262;2842507.697;C
1.17.7-6;-16.44868514;-71.49358127;-1947459.703;2842516.792;C
1.17.7-6;-16.44858063;-71.49349772;-1947448.482;2842527.635;C
1.17.7-6;-16.44848939;-71.49345615;-1947438.289;2842533.545;C
1.17.7-6;-16.44839024;-71.49339489;-1947427.415;2842541.791;C
1.17.7-6;-16.44839778;-71.49333922;-1947429.007;2842548.003;C
1.17.7-6;-16.44837507;-71.49331406;-1947426.657;2842551.153;C
1.17.7-6;-16.44825367;-71.49325869;-1947413.095;2842559.024;C
1.17.7-6;-16.4481682;-71.49321573;-1947403.597;2842565.016;C
1.17.7-6;-16.44803831;-71.4931613;-1947389.026;2842572.891;C
1.17.7-6;-16.44792054;-71.49310496;-1947375.903;2842580.824;C
1.17.7-6;-16.44779837;-71.4930592;-1947362.13;2842587.614;C
1.17.7-6;-16.4477185;-71.49301845;-1947353.263;2842593.283;C
1.17.7-6;-16.44760791;-71.49295207;-1947341.111;2842602.259;C
1.17.7-6;-16.4474595;-71.49286563;-1947324.769;2842614.006;C
1.17.7-6;-16.44751827;-71.49319205;-1947327.541;2842576.227;C
1.17.7-6;-16.4476817;-71.49335372;-1947344.695;2842555.754;C
1.17.7-6;-16.44808779;-71.49352384;-1947390.25;2842531.139;C
1.17.7-7; ; ;-1.516416327;20763369.87;C
1.17.7-7;-16.44762537;-71.49496769;-1947317.646;2842373.509;C
1.17.7-7;-16.44760557;-71.49471656;-1947318.498;2842402.241;C
1.17.7-7;-16.44763743;-71.49451069;-1947324.847;2842425.163;C
1.17.7-7;-16.44754629;-71.4944255;-1947315.218;2842436.016;C
1.17.7-7;-16.44775427;-71.4942702;-1947341.619;2842450.896;C
1.17.7-7;-16.44762859;-71.49406131;-1947329.497;2842476.227;C
1.17.7-7;-16.44752654;-71.4942182;-1947315.522;2842459.778;C
1.17.7-7;-16.44744756;-71.49443182;-1947303.539;2842436.596;C
1.17.7-7;-16.44740662;-71.49458879;-1947296.742;2842419.337;C
1.17.7-7;-16.44745529;-71.49486399;-1947298.976;2842387.497;C
1.17.7-7;-16.4475714;-71.49544897;-1947305.212;2842319.653;C
1.17.7-7;-16.44766962;-71.49543;-1947316.992;2842320.515;C
1.17.7-8; ; ;-1.516416327;20763369.87;C
1.17.7-8;-16.44863105;-71.49377706;-1947450.868;2842495.303;C
1.17.7-8;-16.44815749;-71.49359381;-1947397.553;2842522.291;C
1.17.7-8;-16.44787601;-71.493479;-1947365.937;2842539.001;C
1.17.7-8;-16.44782743;-71.49365535;-1947357.998;2842519.645;C
1.17.7-8;-16.44805537;-71.49368362;-1947384.418;2842513.449;C
1.17.7-8;-16.44805256;-71.49401399;-1947379.905;2842476.03;C
1.17.7-8;-16.44812378;-71.4941001;-1947387.183;2842465.333;C
1.17.7-8;-16.44844339;-71.49427189;-1947422.558;2842441.664;C
1.17.7-9; ; ;-1.516416327;20763369.87;C
1.17.7-9;-16.44885771;-71.49433;-1947470.498;2842429.641;C
1.17.7-9;-16.44896519;-71.49429975;-1947483.507;2842431.66;C
1.17.7-9;-16.44906674;-71.49426339;-1947495.898;2842434.451;C
1.17.7-9;-16.44927192;-71.49426108;-1947520.033;2842432.02;C
1.17.7-9;-16.44929465;-71.49421134;-1947523.333;2842437.361;C
1.17.7-9;-16.44922362;-71.49415544;-1947515.695;2842444.631;C
1.17.7-9;-16.44916038;-71.49407196;-1947509.323;2842454.925;C
1.17.7-9;-16.44909826;-71.49402504;-1947502.618;2842461.06;C
1.17.7-9;-16.44902994;-71.49396024;-1947495.413;2842469.303;C
1.17.7-9;-16.44896516;-71.49391118;-1947488.424;2842475.715;C
1.17.7-9;-16.44891442;-71.49384414;-1947483.311;2842483.98;C
1.17.7-9;-16.44886547;-71.49378605;-1947478.296;2842491.209;C
1.17.7-9;-16.44880257;-71.49376916;-1947471.12;2842493.949;C
1.17.7-9;-16.44872764;-71.49376931;-1947462.314;2842494.914;C
1.17.7-9;-16.44865098;-71.49379767;-1947452.949;2842492.705;C
1.17.7-9;-16.44847305;-71.49430288;-1947425.649;2842437.762;C
1.17.7-9;-16.44863435;-71.4943652;-1947443.811;2842428.58;C
1.17.7-10; ; ;-1.516416327;20763369.87;C
1.17.7-10;-16.44942851;-71.49412117;-1947540.201;2842445.828;C
1.17.7-10;-16.44938141;-71.49408764;-1947535.092;2842450.248;C
1.17.7-10;-16.44924365;-71.49400105;-1947520.004;2842461.872;C
1.17.7-10;-16.44929792;-71.49389267;-1947527.751;2842473.447;C
1.17.7-10;-16.44915649;-71.49377043;-1947512.683;2842489.162;C
1.17.7-10;-16.44922271;-71.49366764;-1947521.765;2842499.946;C
1.17.7-10;-16.44910252;-71.49359299;-1947508.589;2842509.987;C
1.17.7-10;-16.44902548;-71.49367118;-1947498.548;2842502.132;C
1.17.7-10;-16.44886884;-71.49359377;-1947481.125;2842512.964;C
1.17.7-10;-16.44883664;-71.49368036;-1947476.246;2842503.569;C
1.17.7-10;-16.44894379;-71.49381105;-1947487.181;2842487.347;C
1.17.7-10;-16.44904769;-71.49392238;-1947497.977;2842473.362;C
1.17.7-10;-16.44920169;-71.49405541;-1947514.386;2842456.259;C
1.17.7-10;-16.4494063;-71.49422685;-1947536.253;2842434.139;C
1.17.7-10;-16.44964937;-71.49424016;-1947564.641;2842429.441;C
1.17.7-10;-16.4496608;-71.4941321;-1947567.352;2842441.541;C
1.17.7-11; ; ;-1.516416327;20763369.87;C
1.17.7-11;-16.44969871;-71.49390835;-1947574.639;2842466.411;C
1.17.7-11;-16.44938865;-71.49375053;-1947540.211;2842488.371;C
1.17.7-11;-16.44932295;-71.49384122;-1947531.343;2842478.952;C
1.17.7-11;-16.44964383;-71.49401039;-1947566.9;2842455.563;C
1.17.7-11;-16.44971129;-71.49402294;-1947574.666;2842453.255;C
1.17.7-11;-16.4497304;-71.49398052;-1947577.448;2842457.814;C
1.17.7-12; ; ;-1.516416327;20763369.87;C
1.17.7-12;-16.44925578;-71.49297013;-1947534.481;2842578.592;C
1.17.7-12;-16.44912296;-71.49305181;-1947517.842;2842571.074;C
1.17.7-12;-16.44911627;-71.49311571;-1947516.248;2842563.918;C
1.17.7-12;-16.44933628;-71.49329786;-1947539.789;2842540.379;C
1.17.7-12;-16.44938057;-71.49325298;-1947545.56;2842544.887;C
1.17.7-13; ; ;-1.516416327;20763369.87;C
1.17.7-13;-16.45033144;-71.49410336;-1947646.505;2842436.002;C
1.17.7-13;-16.45022842;-71.49417842;-1947633.452;2842428.843;C
1.17.7-13;-16.45014038;-71.494223;-1947622.544;2842424.944;C
1.17.7-13;-16.45006121;-71.49427332;-1947612.606;2842420.278;C
1.17.7-13;-16.45009622;-71.49436417;-1947615.569;2842409.518;C
1.17.7-13;-16.45023286;-71.49430673;-1947632.349;2842414.238;C
1.17.7-13;-16.45031592;-71.49425098;-1947642.814;2842419.468;C
1.17.7-13;-16.4503745;-71.49418128;-1947650.578;2842426.602;C
1.17.7-14; ; ;-1.516416327;20763369.87;C
1.17.7-14;-16.45033578;-71.49407564;-1947647.367;2842439.087;C
1.17.7-14;-16.45039582;-71.49417022;-1947653.223;2842427.576;C
1.17.7-14;-16.45049782;-71.49408455;-1947666.291;2842435.95;C
1.17.7-14;-16.45054165;-71.49399413;-1947672.584;2842445.627;C
1.17.7-14;-16.45067833;-71.49387923;-1947690.097;2842456.86;C
1.17.7-14;-16.45088657;-71.49368929;-1947716.967;2842475.662;C
1.17.7-14;-16.450812;-71.49358628;-1947709.51;2842488.318;C
1.17.7-14;-16.45049431;-71.49390161;-1947668.195;2842456.738;C
1.17.7-15; ; ;-1.516416327;20763369.87;C
1.17.7-15;-16.45117912;-71.49353939;-1947753.235;2842488.817;C
1.17.7-15;-16.45107674;-71.49336615;-1947743.4;2842509.802;C
1.17.7-15;-16.45083893;-71.49356794;-1947712.907;2842490.045;C
1.17.7-15;-16.45092274;-71.49366792;-1947721.487;2842477.61;C
1.17.7-15;-16.45101928;-71.49385888;-1947730.411;2842454.694;C
1.17.7-15;-16.45126017;-71.49373508;-1947760.279;2842465.569;C
1.17.7-16; ; ;-1.516416327;20763369.87;C
1.17.7-16;-16.4516903;-71.49284873;-1947822.036;2842560.412;C
1.17.7-16;-16.45110228;-71.49334962;-1947746.61;2842511.341;C
1.17.7-16;-16.4511781;-71.49346351;-1947754.076;2842497.434;C
1.17.7-16;-16.45144072;-71.49326119;-1947787.491;2842516.925;C
1.17.7-16;-16.45167291;-71.49304295;-1947817.533;2842538.622;C
1.17.7-16;-16.45174744;-71.49296085;-1947827.329;2842546.951;C
1.17.7-17; ; ;-1.516416327;20763369.87;C
1.17.7-17;-16.45205588;-71.49280528;-1947865.535;2842560.541;C
1.17.7-17;-16.45197493;-71.49266252;-1947857.833;2842577.788;C
1.17.7-17;-16.45180063;-71.49276141;-1947836.104;2842568.864;C
1.17.7-17;-16.451703;-71.49283259;-1947823.732;2842562.075;C
1.17.7-17;-16.45175643;-71.49294228;-1947828.62;2842548.938;C
1.17.7-17;-16.451936;-71.49287565;-1947850.56;2842554.136;C
1.17.7-19; ; ;-1.516416327;20763369.87;C
1.17.7-19;-16.45382278;-71.49168861;-1948087.26;2842663.953;C
1.17.7-19;-16.45395173;-71.49153458;-1948104.361;2842679.722;C
1.17.7-19;-16.45401063;-71.49135891;-1948113.505;2842698.865;C
1.17.7-19;-16.4540963;-71.49110628;-1948126.77;2842726.382;C
1.17.7-19;-16.45398646;-71.49103529;-1948114.764;2842735.872;C
1.17.7-19;-16.45389259;-71.4911949;-1948101.715;2842719.009;C
1.17.7-19;-16.45372873;-71.49148035;-1948078.848;2842688.797;C
1.17.7-19;-16.45362707;-71.49162791;-1948065.036;2842673.403;C
1.17.7-19;-16.45336272;-71.49194618;-1948029.948;2842640.789;C
1.17.7-19;-16.45347078;-71.49204695;-1948041.367;2842627.946;C
1.17.7-19;-16.45366654;-71.49180134;-1948067.477;2842653.223;C
1.17.7-20; ; ;-1.516416327;20763369.87;C
1.17.7-20;-16.44983647;-71.49393372;-1947590.502;2842461.728;C
1.17.7-20;-16.44996194;-71.49400996;-1947604.277;2842451.438;C
1.17.7-20;-16.45016785;-71.49413984;-1947626.825;2842434.011;C
1.17.7-20;-16.45030187;-71.49405902;-1947643.593;2842441.416;C
1.17.7-20;-16.4503812;-71.49397248;-1947654.009;2842450.187;C
1.17.7-20;-16.45051176;-71.49380731;-1947671.438;2842467.199;C
1.17.7-20;-16.45065969;-71.49367029;-1947690.553;2842480.793;C
1.17.7-20;-16.4508554;-71.49348906;-1947715.84;2842498.771;C
1.17.7-20;-16.45095166;-71.49341021;-1947728.147;2842506.448;C
1.17.7-20;-16.45086294;-71.49324217;-1947719.852;2842526.663;C
1.17.7-20;-16.45083776;-71.49318158;-1947717.661;2842533.863;C
1.17.7-20;-16.45082936;-71.49306139;-1947718.196;2842547.599;C
1.17.7-20;-16.45075144;-71.49291428;-1947710.905;2842565.3;C
1.17.7-20;-16.45060942;-71.49303206;-1947692.728;2842553.81;C
1.17.7-20;-16.45045018;-71.49315875;-1947672.416;2842541.537;C
1.17.7-20;-16.45062121;-71.49345249;-1947688.79;2842505.991;C
1.17.7-20;-16.45043744;-71.49358778;-1947665.487;2842493.064;C
1.17.7-20;-16.45027608;-71.49357409;-1947646.703;2842496.732;C
1.17.7-20;-16.45014629;-71.49352974;-1947632.016;2842503.463;C
1.17.7-20;-16.4501442;-71.4935299;-1947631.769;2842503.473;C
1.17.7-20;-16.45005906;-71.49348312;-1947622.358;2842509.893;C
1.17.7-20;-16.45000865;-71.4934523;-1947616.826;2842514.049;C
1.17.7-20;-16.44988821;-71.49342046;-1947603.08;2842519.239;C
1.17.7-20;-16.44982343;-71.4933951;-1947595.79;2842522.964;C
1.17.7-20;-16.44975862;-71.49342297;-1947587.823;2842520.654;C
1.17.7-20;-16.44970764;-71.49346796;-1947581.264;2842516.223;C
1.17.7-20;-16.44993266;-71.49361465;-1947605.843;2842496.639;C
1.17.7-20;-16.44988582;-71.49380566;-1947597.922;2842475.598;C
1.17.7-20;-16.4497901;-71.4937968;-1947586.789;2842477.859;C
1.17.7-20;-16.44973838;-71.49376335;-1947581.136;2842482.33;C
1.17.7-20;-16.44967455;-71.49380472;-1947573.113;2842478.477;C
1.17.7-20;-16.44971677;-71.49386477;-1947577.312;2842471.115;C
1.17.7-21; ; ;-1.516416327;20763369.87;C
1.17.7-21;-16.44983991;-71.49326951;-1947599.316;2842536.987;C
1.17.7-21;-16.44987588;-71.49331976;-1947602.907;2842530.817;C
1.17.7-21;-16.44986567;-71.49338909;-1947600.829;2842523.091;C
1.17.7-21;-16.44996376;-71.49342376;-1947611.913;2842517.874;C
1.17.7-21;-16.45004951;-71.49344621;-1947621.704;2842514.204;C
1.17.7-21;-16.45010557;-71.4934874;-1947627.768;2842508.798;C
1.17.7-21;-16.45016551;-71.49351096;-1947634.512;2842505.34;C
1.17.7-21;-16.45022229;-71.49353739;-1947640.848;2842501.598;C
1.17.7-21;-16.45030108;-71.49355739;-1947649.852;2842498.298;C
1.17.7-21;-16.45036679;-71.49356316;-1947657.498;2842496.782;C
1.17.7-21;-16.45043276;-71.49354811;-1947665.439;2842497.622;C
1.17.7-21;-16.45052319;-71.49349078;-1947676.789;2842502.936;C
1.17.7-21;-16.45058957;-71.49344026;-1947685.228;2842507.792;C
1.17.7-21;-16.45043955;-71.49317538;-1947670.957;2842539.791;C
1.17.7-21;-16.4503385;-71.49322761;-1947658.423;2842535.195;C
1.17.7-21;-16.45019984;-71.4932611;-1947641.708;2842533.217;C
1.17.7-21;-16.45010792;-71.49326009;-1947630.923;2842534.538;C
1.17.7-21;-16.4500355;-71.4932521;-1947622.516;2842536.394;C
1.17.7-21;-16.45003214;-71.49325079;-1947622.138;2842536.587;C
1.17.7-21;-16.44997709;-71.49324141;-1947615.788;2842538.373;C
1.17.7-21;-16.44988755;-71.493173;-1947606.135;2842547.303;C
1.17.7-21;-16.44980049;-71.49313139;-1947596.434;2842553.163;C
1.17.7-21;-16.44973801;-71.49311117;-1947589.35;2842556.275;C
1.17.7-21;-16.44979309;-71.49319048;-1947594.816;2842546.561;C
1.17.7-22; ; ;-1.516416327;20763369.87;C
1.17.7-22;-16.44977369;-71.49339451;-1947589.954;2842523.684;C
1.17.7-22;-16.44984015;-71.49337955;-1947597.951;2842524.508;C
1.17.7-22;-16.4498494;-71.4933336;-1947599.619;2842529.596;C
1.17.7-22;-16.44979301;-71.49322936;-1947594.314;2842542.153;C
1.17.7-22;-16.44973652;-71.49314319;-1947588.769;2842552.665;C
1.17.7-22;-16.4496078;-71.49301753;-1947575.238;2842568.599;C
1.17.7-22;-16.44950374;-71.49288382;-1947564.705;2842585.125;C
1.17.7-22;-16.44946757;-71.49292358;-1947559.952;2842581.091;C
1.17.7-22;-16.44952249;-71.49300774;-1947565.339;2842570.829;C
1.17.7-22;-16.44942033;-71.49310388;-1947552.119;2842561.27;C
1.17.7-22;-16.44954429;-71.49318556;-1947565.648;2842550.383;C
1.17.7-22;-16.44964127;-71.49337768;-1947574.61;2842527.329;C
1.17.7-22;-16.44971073;-71.49344121;-1947581.966;2842519.215;C
1.17.7-23; ; ;-1.516416327;20763369.87;C
1.17.7-23;-16.45048643;-71.49290861;-1947679.842;2842569.42;C
1.17.7-23;-16.45038102;-71.49294145;-1947667.041;2842567.08;C
1.17.7-23;-16.45026912;-71.49294056;-1947653.907;2842568.65;C
1.17.7-23;-16.45021299;-71.49292036;-1947647.569;2842571.676;C
1.17.7-23;-16.45005565;-71.49286419;-1947629.794;2842580.108;C
1.17.7-23;-16.45000811;-71.49296232;-1947622.967;2842569.606;C
1.17.7-23;-16.44993231;-71.49316276;-1947611.524;2842547.876;C
1.17.7-23;-16.45005716;-71.49321946;-1947625.473;2842539.811;C
1.17.7-23;-16.45014525;-71.49322308;-1947635.777;2842538.245;C
1.17.7-23;-16.45027072;-71.49318923;-1947650.946;2842540.435;C
1.17.7-23;-16.45038993;-71.49313613;-1947665.624;2842544.891;C
1.17.7-23;-16.45048995;-71.49306862;-1947678.229;2842551.233;C
1.17.7-23;-16.45053894;-71.49301492;-1947684.664;2842556.678;C
1.17.7-24; ; ;-1.516416327;20763369.87;C
1.17.7-24;-16.45076615;-71.49236145;-1947719.633;2842627.783;C
1.17.7-24;-16.4506038;-71.49226162;-1947701.823;2842641.231;C
1.17.7-24;-16.4505134;-71.49219611;-1947692.032;2842649.845;C
1.17.7-24;-16.45035002;-71.49207384;-1947674.385;2842665.851;C
1.17.7-24;-16.4502115;-71.49193771;-1947659.836;2842683.102;C
1.17.7-24;-16.45011558;-71.49180146;-1947650.292;2842699.808;C
1.17.7-24;-16.44982497;-71.4920123;-1947613.48;2842679.717;C
1.17.7-24;-16.45048007;-71.49266367;-1947682.196;2842597.274;C
1.17.7-24;-16.4508115;-71.49239624;-1947724.52;2842623.243;C
1.17.7-25; ; ;-1.516416327;20763369.87;C
1.17.7-25;-16.44980482;-71.49205427;-1947610.581;2842675.223;C
1.17.7-25;-16.44973517;-71.49204586;-1947602.504;2842677.091;C
1.17.7-25;-16.44945715;-71.49224031;-1947567.379;2842658.693;C
1.17.7-25;-16.45003609;-71.49278459;-1947628.504;2842589.389;C
1.17.7-25;-16.45016843;-71.4928298;-1947643.479;2842582.528;C
1.17.7-25;-16.45026192;-71.49282945;-1947654.468;2842581.341;C
1.17.7-25;-16.4504598;-71.49268204;-1947679.582;2842595.457;C
1.17.7-26; ; ;-1.516416327;20763369.87;C
1.17.7-26;-16.44998236;-71.49280701;-1947621.908;2842587.553;C
1.17.7-26;-16.44981323;-71.49266752;-1947603.804;2842605.586;C
1.17.7-26;-16.44970448;-71.49254615;-1947592.564;2842620.774;C
1.17.7-26;-16.44954907;-71.49241112;-1947576.015;2842638.121;C
1.17.7-26;-16.44941534;-71.49226441;-1947562.162;2842656.509;C
1.17.7-26;-16.44926909;-71.49211574;-1947546.862;2842675.284;C
1.17.7-26;-16.44912985;-71.49223848;-1947528.95;2842663.195;C
1.17.7-26;-16.44924536;-71.4923807;-1947540.719;2842645.555;C
1.17.7-26;-16.44932777;-71.49250085;-1947548.88;2842630.852;C
1.17.7-26;-16.44939817;-71.49260731;-1947555.803;2842617.858;C
1.17.7-26;-16.44946373;-71.49273494;-1947561.889;2842602.528;C
1.17.7-26;-16.44953334;-71.49286109;-1947568.47;2842587.313;C
1.17.7-26;-16.44958142;-71.49292566;-1947573.302;2842579.362;C
1.17.7-26;-16.44964963;-71.49299812;-1947580.397;2842570.252;C
1.17.7-26;-16.44970743;-71.49303807;-1947586.682;2842564.964;C
1.17.7-26;-16.44986004;-71.49308319;-1947604.04;2842557.846;C
1.17.7-27; ; ;-1.516416327;20763369.87;C
1.17.7-27;-16.44926005;-71.49210151;-1947545.98;2842677.016;C
1.17.7-27;-16.44914563;-71.49199439;-1947533.894;2842690.661;C
1.17.7-27;-16.4489926;-71.49186543;-1947517.549;2842707.291;C
1.17.7-27;-16.44887884;-71.49177206;-1947505.365;2842719.369;C
1.17.7-27;-16.44875403;-71.49170504;-1947491.55;2842728.605;C
1.17.7-27;-16.44866417;-71.49186181;-1947479.008;2842712.01;C
1.17.7-27;-16.44878056;-71.49194277;-1947491.657;2842701.304;C
1.17.7-27;-16.44910925;-71.49222096;-1947526.751;2842665.452;C
1.17.7-28; ; ;-1.516416327;20763369.87;C
1.17.7-28;-16.44933086;-71.49254167;-1947548.726;2842626.184;C
1.17.7-28;-16.44922319;-71.49239055;-1947537.99;2842644.729;C
1.17.7-28;-16.44911157;-71.49225752;-1947526.56;2842661.276;C
1.17.7-28;-16.44896272;-71.49211028;-1947510.937;2842679.922;C
1.17.7-28;-16.44880088;-71.49198112;-1947493.559;2842696.689;C
1.17.7-28;-16.4486748;-71.49188522;-1947479.961;2842709.217;C
1.17.7-28;-16.44857958;-71.49203709;-1947466.851;2842693.248;C
1.17.7-28;-16.44874617;-71.49219815;-1947484.384;2842672.801;C
1.17.7-28;-16.4489585;-71.49241641;-1947506.565;2842645.27;C
1.17.7-28;-16.44913277;-71.49254448;-1947525.418;2842628.463;C
1.17.7-28;-16.44945855;-71.49280765;-1947560.36;2842594.353;C
1.17.7-29; ; ;-1.516416327;20763369.87;C
1.17.7-29;-16.44958176;-71.49141925;-1947592.416;2842750.146;C
1.17.7-29;-16.44943511;-71.49160233;-1947572.868;2842731.313;C
1.17.7-29;-16.44916704;-71.49183339;-1947538.448;2842708.634;C
1.17.7-29;-16.44941664;-71.49217443;-1947563.454;2842666.694;C
1.17.7-29;-16.44994881;-71.49178943;-1947630.851;2842703.36;C
1.17.7-30; ; ;-1.516416327;20763369.87;C
1.17.7-30;-16.45003495;-71.49124172;-1947647.906;2842764.326;C
1.17.7-30;-16.44988005;-71.4910775;-1947631.788;2842784.977;C
1.17.7-30;-16.44979594;-71.49120089;-1947620.343;2842772.092;C
1.17.7-30;-16.44973833;-71.49123336;-1947613.163;2842769.167;C
1.17.7-30;-16.44960178;-71.49137658;-1947595.308;2842754.72;C
1.17.7-30;-16.44976938;-71.49153967;-1947612.933;2842734.032;C
1.17.7-33; ; ;-1.516416327;20763369.87;C
1.17.7-33;-16.44853457;-71.49199058;-1947462.152;2842699.111;C
1.17.7-33;-16.4486446;-71.49182592;-1947477.163;2842716.335;C
1.17.7-33;-16.44868714;-71.49174201;-1947483.224;2842725.291;C
1.17.7-33;-16.44872241;-71.4916464;-1947488.577;2842735.668;C
1.17.7-33;-16.44873014;-71.49155232;-1947490.678;2842746.232;C
1.17.7-33;-16.4487082;-71.49145814;-1947489.293;2842757.199;C
1.17.7-33;-16.44868;-71.49140069;-1947486.707;2842764.082;C
1.17.7-33;-16.44864048;-71.49134281;-1947482.797;2842771.163;C
1.17.7-33;-16.44859817;-71.4912929;-1947478.457;2842777.377;C
1.17.7-33;-16.44854838;-71.49125327;-1947473.11;2842782.523;C
1.17.7-33;-16.44846504;-71.49121488;-1947463.804;2842787.968;C
1.17.7-33;-16.44846033;-71.49121484;-1947463.252;2842788.035;C
1.17.7-33;-16.44839373;-71.49118924;-1947455.751;2842791.812;C
1.17.7-33;-16.44832314;-71.49118369;-1947447.528;2842793.367;C
1.17.7-33;-16.44831821;-71.49118362;-1947446.95;2842793.439;C
1.17.7-33;-16.44822807;-71.49121503;-1947435.962;2842791.061;C
1.17.7-33;-16.44812996;-71.49124974;-1947423.996;2842788.412;C
1.17.7-33;-16.44803678;-71.4913265;-1947412.076;2842780.933;C
1.17.7-33;-16.44796573;-71.49139289;-1947402.888;2842774.338;C
1.17.7-33;-16.44791559;-71.49146257;-1947396.116;2842767.096;C
1.17.7-33;-16.44791279;-71.49156086;-1947394.543;2842755.989;C
1.17.7-33;-16.44839619;-71.49187505;-1947447.356;2842714.025;C
1.17.7-34; ; ;-1.516416327;20763369.87;C
1.17.7-34;-16.44934271;-71.49154172;-1947562.78;2842739.397;C
1.17.7-34;-16.44929316;-71.49155056;-1947556.846;2842739.045;C
1.17.7-34;-16.44925542;-71.49141133;-1947554.176;2842755.326;C
1.17.7-34;-16.44893816;-71.49142545;-1947516.723;2842757.888;C
1.17.7-34;-16.448889;-71.49140226;-1947511.242;2842761.162;C
1.17.7-34;-16.44891373;-71.49135224;-1947514.78;2842766.508;C
1.17.7-34;-16.44883496;-71.49129199;-1947506.288;2842774.373;C
1.17.7-34;-16.44875871;-71.49139951;-1947495.968;2842763.183;C
1.17.7-34;-16.4488074;-71.49145853;-1947500.942;2842755.853;C
1.17.7-34;-16.44884227;-71.4915208;-1947504.25;2842748.336;C
1.17.7-34;-16.44888368;-71.49165073;-1947507.471;2842733.061;C
1.17.7-34;-16.44898444;-71.49165243;-1947519.286;2842731.547;C
1.17.7-34;-16.4491106;-71.49165694;-1947534.051;2842729.38;C
1.17.7-34;-16.44925837;-71.49164754;-1947551.531;2842728.506;C
1.17.7-34;-16.44933151;-71.49163498;-1947560.283;2842728.97;C
1.17.7-34;-16.44937455;-71.49159903;-1947565.794;2842732.482;C
1.17.7-35; ; ;-1.516416327;20763369.87;C
1.17.7-35;-16.44957299;-71.49114444;-1947594.865;2842781.417;C
1.17.7-35;-16.44949597;-71.49119908;-1947585.123;2842776.233;C
1.17.7-35;-16.44944183;-71.4912711;-1947577.852;2842768.778;C
1.17.7-35;-16.44936021;-71.49132959;-1947567.522;2842763.218;C
1.17.7-35;-16.44926935;-71.49138046;-1947556.203;2842758.642;C
1.17.7-35;-16.44932141;-71.49152469;-1947560.493;2842741.607;C
1.17.7-35;-16.44934804;-71.49151917;-1947563.691;2842741.884;C
1.17.7-35;-16.4493804;-71.49157311;-1947566.811;2842735.344;C
1.17.7-35;-16.44966527;-71.49125075;-1947604.36;2842768.153;C
1.17.7-36; ; ;-1.516416327;20763369.87;C
1.17.7-36;-16.45103089;-71.49271342;-1947746.278;2842584.405;C
1.17.7-36;-16.45075883;-71.49290147;-1947711.934;2842566.655;C
1.17.7-36;-16.45085823;-71.49305519;-1947721.667;2842547.924;C
1.17.7-36;-16.45085992;-71.49316301;-1947720.5;2842535.677;C
1.17.7-36;-16.45097935;-71.49338928;-1947731.666;2842508.458;C
1.17.7-36;-16.4513003;-71.49312335;-1947772.74;2842534.395;C
1.17.7-37; ; ;-1.516416327;20763369.87;C
1.17.7-37;-16.45152958;-71.49236086;-1947809.331;2842617.833;C
1.17.7-37;-16.45104999;-71.4926981;-1947748.716;2842585.892;C
1.17.7-37;-16.45117102;-71.49288465;-1947760.574;2842563.154;C
1.17.7-37;-16.45132124;-71.49309717;-1947775.531;2842537.088;C
1.17.7-37;-16.4517672;-71.49271255;-1947832.794;2842574.842;C
1.17.7-38; ; ;-1.516416327;20763369.87;C
1.17.7-38;-16.45207994;-71.49246638;-1947872.654;2842598.647;C
1.17.7-38;-16.45187892;-71.49213568;-1947853.225;2842638.778;C
1.17.7-38;-16.45155337;-71.4923552;-1947812.198;2842618.161;C
1.17.7-38;-16.45178569;-71.49269243;-1947835.221;2842576.88;C
1.17.7-38;-16.45195061;-71.49256316;-1947856.234;2842589.372;C
1.17.7-39; ; ;-1.516416327;20763369.87;C
1.17.7-39;-16.4527742;-71.49197545;-1947960.435;2842645.195;C
1.17.7-39;-16.45305493;-71.49166379;-1947997.363;2842676.844;C
1.17.7-39;-16.45284477;-71.49140582;-1947975.94;2842708.849;C
1.17.7-39;-16.45188942;-71.49211666;-1947854.699;2842640.796;C
1.17.7-39;-16.45211395;-71.49245176;-1947876.834;2842599.859;C
1.17.7-39;-16.45264522;-71.49209123;-1947943.815;2842633.761;C
1.17.7-40; ; ;-1.516416327;20763369.87;C
1.17.7-40;-16.45322679;-71.49112125;-1948024.425;2842736.098;C
1.17.7-40;-16.45287348;-71.49139248;-1947979.482;2842709.984;C
1.17.7-40;-16.45307767;-71.49163641;-1948000.382;2842679.65;C
1.17.7-40;-16.45337601;-71.49125429;-1948040.271;2842719.055;C
1.17.7-44; ; ;-1.516416327;20763369.87;C
1.17.7-44;-16.452937;-71.49189665;-1947980.56;2842651.992;C
1.17.7-44;-16.45279277;-71.49203375;-1947961.879;2842638.341;C
1.17.7-44;-16.45264489;-71.49215562;-1947942.962;2842626.465;C
1.17.7-44;-16.45250796;-71.49224893;-1947925.693;2842617.683;C
1.17.7-44;-16.45238894;-71.49232943;-1947910.691;2842610.119;C
1.17.7-44;-16.45250979;-71.4923327;-1947924.848;2842608.162;C
1.17.7-44;-16.45265039;-71.49230793;-1947941.679;2842609.125;C
1.17.7-44;-16.45281106;-71.49225269;-1947961.255;2842613.279;C
1.17.7-44;-16.45298817;-71.49215747;-1947983.268;2842621.75;C
1.17.7-44;-16.45310684;-71.49206416;-1947998.392;2842630.771;C
1.17.7-44;-16.45326555;-71.49189901;-1948019.13;2842647.412;C
1.17.7-44;-16.45310283;-71.49168877;-1948002.675;2842673.382;C
1.17.7-45; ; ;-1.516416327;20763369.87;C
1.17.7-45;-16.45370018;-71.49143769;-1948076.034;2842694.008;C
1.17.7-45;-16.45345365;-71.49124925;-1948049.458;2842718.609;C
1.17.7-45;-16.45324371;-71.49152915;-1948021.248;2842689.631;C
1.17.7-45;-16.45312869;-71.49166815;-1948005.975;2842675.381;C
1.17.7-45;-16.45329854;-71.49189469;-1948023.06;2842647.469;C
1.17.7-45;-16.45351944;-71.49166809;-1948051.883;2842670.26;C
1.17.7-46; ; ;-1.516416327;20763369.87;C
1.17.7-46;-16.4540525;-71.49081887;-1948125.264;2842759.541;C
1.17.7-46;-16.45372015;-71.49063234;-1948088.581;2842785.051;C
1.17.7-46;-16.45359239;-71.49099029;-1948069.037;2842746.146;C
1.17.7-46;-16.45346461;-71.49123211;-1948050.962;2842720.408;C
1.17.7-46;-16.45371478;-71.49141865;-1948077.991;2842695.975;C
1.17.7-47; ; ;-1.516416327;20763369.87;C
1.17.7-47;-16.45421344;-71.49047529;-1948148.524;2842796.382;C
1.17.7-47;-16.45424676;-71.49021531;-1948155.731;2842825.419;C
1.17.7-47;-16.45381554;-71.49018418;-1948105.464;2842834.608;C
1.17.7-47;-16.45376021;-71.49040402;-1948096.178;2842810.411;C
1.17.7-47;-16.45372084;-71.49061417;-1948088.891;2842787.102;C
1.17.7-47;-16.45406238;-71.49079535;-1948126.723;2842762.078;C
1.17.7-48; ; ;-1.516416327;20763369.87;C
1.17.7-48;-16.45424796;-71.49011489;-1948157.145;2842836.787;C
1.17.7-48;-16.45425491;-71.48994977;-1948160.052;2842855.416;C
1.17.7-48;-16.45425315;-71.48978251;-1948161.964;2842874.403;C
1.17.7-48;-16.45423569;-71.4896098;-1948162.1;2842894.212;C
1.17.7-48;-16.45419171;-71.48941998;-1948159.339;2842916.31;C
1.17.7-48;-16.45413005;-71.48927217;-1948153.966;2842933.877;C
1.17.7-48;-16.45402507;-71.48905602;-1948144.371;2842959.76;C
1.17.7-48;-16.45362805;-71.48925988;-1948095.144;2842941.86;C
1.17.7-48;-16.45371351;-71.4894988;-1948102.158;2842913.65;C
1.17.7-48;-16.45377176;-71.48973205;-1948106.047;2842886.441;C
1.17.7-48;-16.45381693;-71.49001998;-1948107.707;2842853.205;C
1.17.7-48;-16.45379858;-71.49015946;-1948103.785;2842837.633;C
1.17.7-48;-16.45424623;-71.49019645;-1948155.908;2842827.564;C
1.17.7-49; ; ;-1.516416327;20763369.87;C
1.17.7-49;-16.45401364;-71.48903441;-1948143.302;2842962.36;C
1.17.7-49;-16.45391941;-71.48886192;-1948134.416;2842983.154;C
1.17.7-49;-16.45378983;-71.48869521;-1948121.303;2843003.754;C
1.17.7-49;-16.4536847;-71.48858276;-1948110.376;2843017.884;C
1.17.7-49;-16.45339647;-71.4888697;-1948072.879;2842989.135;C
1.17.7-49;-16.45348206;-71.48896094;-1948081.779;2842977.668;C
1.17.7-49;-16.45355888;-71.48905388;-1948089.627;2842966.122;C
1.17.7-49;-16.45359749;-71.48914571;-1948093;2842955.204;C
1.17.7-49;-16.45362774;-71.4892413;-1948095.343;2842943.97;C
1.17.7-51; ; ;-1.516416327;20763369.87;C
1.17.7-51;-16.45223454;-71.48911562;-1947933.253;2842976.506;C
1.17.7-51;-16.45218286;-71.48899685;-1947928.685;2842990.649;C
1.17.7-51;-16.45201429;-71.48907478;-1947907.893;2842984.027;C
1.17.7-51;-16.45189846;-71.48891373;-1947896.325;2843003.806;C
1.17.7-51;-16.45171979;-71.48908468;-1947873.169;2842986.77;C
1.17.7-51;-16.45190058;-71.48930695;-1947891.594;2842959.197;C
1.17.7-51;-16.45206625;-71.48918744;-1947912.571;2842970.573;C
1.17.7-52; ; ;-1.516416327;20763369.87;C
1.17.7-52;-16.45201193;-71.48931684;-1947904.551;2842956.614;C
1.17.7-52;-16.45176993;-71.48946366;-1947874.26;2842943.145;C
1.17.7-52;-16.45154417;-71.48964341;-1947845.459;2842925.728;C
1.17.7-52;-16.45171578;-71.4898764;-1947862.671;2842897.062;C
1.17.7-52;-16.45215482;-71.48953231;-1947918.609;2842930.31;C
1.17.8-1; ; ;-1.516416327;20763369.87;C
1.17.8-1;-16.4470268;-71.4982006;-1947206.404;2842014.834;C
1.17.8-1;-16.44688669;-71.49816193;-1947190.434;2842021.056;C
1.17.8-1;-16.44676206;-71.49810151;-1947176.556;2842029.54;C
1.17.8-1;-16.44661104;-71.49804312;-1947159.553;2842038.14;C
1.17.8-1;-16.44644703;-71.49799089;-1947140.946;2842046.213;C
1.17.8-1;-16.44641071;-71.49804007;-1947136.057;2842041.113;C
1.17.8-1;-16.44645032;-71.49804849;-1947140.604;2842039.64;C
1.17.8-1;-16.44655078;-71.49810965;-1947151.632;2842031.388;C
1.17.8-1;-16.44665794;-71.4981818;-1947163.309;2842021.802;C
1.17.8-1;-16.44681899;-71.49828038;-1947180.981;2842008.514;C
1.17.8-1;-16.44699302;-71.49834941;-1947200.552;2841998.406;C
1.17.8-1;-16.44722033;-71.49837521;-1947226.931;2841992.5;C
1.17.8-1;-16.44741844;-71.49831734;-1947250.937;2841996.463;C
1.17.8-1;-16.44737061;-71.49817306;-1947247.144;2842013.447;C
1.17.8-1;-16.4471588;-71.49820813;-1947221.817;2842012.249;C
1.17.8-2; ; ;-1.516416327;20763369.87;C
1.17.8-2;-16.44463162;-71.49725557;-1946936.974;2842153.385;C
1.17.8-2;-16.44468811;-71.49709607;-1946945.629;2842170.728;C
1.17.8-2;-16.4448681;-71.49717521;-1946965.773;2842159.396;C
1.17.8-2;-16.44490149;-71.49711936;-1946970.403;2842165.289;C
1.17.8-2;-16.4448172;-71.49704056;-1946961.498;2842175.329;C
1.17.8-2;-16.44471925;-71.4969569;-1946951.049;2842186.098;C
1.17.8-2;-16.44457626;-71.4968723;-1946935.32;2842197.565;C
1.17.8-2;-16.44442593;-71.49679025;-1946918.698;2842208.839;C
1.17.8-2;-16.4442908;-71.49669874;-1946903.98;2842220.986;C
1.17.8-2;-16.44415748;-71.49659503;-1946889.63;2842234.493;C
1.17.8-2;-16.44408179;-71.49650574;-1946881.868;2842245.609;C
1.17.8-2;-16.4439751;-71.49638099;-1946870.913;2842261.151;C
1.17.8-2;-16.44390753;-71.49630407;-1946863.947;2842270.758;C
1.17.8-2;-16.44384928;-71.49636994;-1946856.27;2842264.053;C
1.17.8-2;-16.44373608;-71.49646554;-1946841.762;2842254.699;C
1.17.8-2;-16.44387269;-71.4965675;-1946856.52;2842241.348;C
1.17.8-2;-16.44401559;-71.49670993;-1946871.506;2842223.326;C
1.17.8-2;-16.44404053;-71.49676296;-1946873.765;2842216.987;C
1.17.8-2;-16.44409548;-71.49684071;-1946879.237;2842207.452;C
1.17.8-2;-16.44415485;-71.49690434;-1946885.407;2842199.459;C
1.17.8-2;-16.44427288;-71.49698063;-1946898.307;2842189.262;C
1.17.8-2;-16.44427545;-71.49701075;-1946898.229;2842185.813;C
1.17.8-2;-16.44427032;-71.49708924;-1946896.632;2842176.982;C
1.17.8-2;-16.44435667;-71.49718242;-1946905.599;2842165.285;C
1.17.8-2;-16.44445764;-71.49724194;-1946916.707;2842157.213;C
1.17.8-2;-16.4445365;-71.49729705;-1946925.275;2842149.931;C
1.17.8-2;-16.44463163;-71.49732199;-1946936.135;2842145.855;C
1.17.8-3; ; ;-1.516416327;20763369.87;C
1.17.8-3;-16.44349066;-71.49562824;-1946823.525;2842352.848;C
1.17.8-3;-16.44330786;-71.49578106;-1946800.115;2842337.919;C
1.17.8-3;-16.44360458;-71.49609718;-1946830.974;2842298.187;C
1.17.8-3;-16.44387386;-71.49621743;-1946861.088;2842281.023;C
1.17.8-3;-16.44372949;-71.49597394;-1946847.208;2842310.522;C
1.17.8-4; ; ;-1.516416327;20763369.87;C
1.17.8-4;-16.44488674;-71.49646424;-1946976.961;2842239.757;C
1.17.8-4;-16.44466368;-71.49634747;-1946952.233;2842255.921;C
1.17.8-4;-16.44446496;-71.49623303;-1946930.335;2842271.502;C
1.17.8-4;-16.44432288;-71.4961288;-1946914.962;2842285.183;C
1.17.8-4;-16.44409168;-71.49592989;-1946890.317;2842310.766;C
1.17.8-4;-16.44388327;-71.495743;-1946868.198;2842334.688;C
1.17.8-4;-16.44365898;-71.49549482;-1946844.988;2842365.768;C
1.17.8-4;-16.44353924;-71.49535867;-1946832.643;2842382.774;C
1.17.8-4;-16.44345894;-71.49528512;-1946824.14;2842392.166;C
1.17.8-4;-16.4434062;-71.49525357;-1946818.344;2842396.434;C
1.17.8-4;-16.44335941;-71.4952898;-1946812.388;2842392.94;C
1.17.8-4;-16.44352607;-71.4955536;-1946828.629;2842360.846;C
1.17.8-4;-16.44372485;-71.49584011;-1946848.357;2842325.756;C
1.17.8-4;-16.44381482;-71.49598207;-1946857.131;2842308.481;C
1.17.8-4;-16.44391758;-71.49614826;-1946867.099;2842288.291;C
1.17.8-4;-16.44403122;-71.49632862;-1946878.169;2842266.352;C
1.17.8-4;-16.44411372;-71.49644268;-1946886.417;2842252.34;C
1.17.8-4;-16.44422489;-71.49656559;-1946897.922;2842236.947;C
1.17.8-4;-16.44429702;-71.49663919;-1946905.465;2842227.655;C
1.17.8-4;-16.44441193;-71.49669929;-1946918.204;2842219.335;C
1.17.8-4;-16.4445596;-71.49679166;-1946934.383;2842206.926;C
1.17.8-4;-16.44467904;-71.49689396;-1946947.122;2842193.762;C
1.17.8-5; ; ;-1.516416327;20763369.87;C
1.17.8-5;-16.44517583;-71.49660701;-1947009.117;2842219.78;C
1.17.8-5;-16.44491931;-71.49647968;-1946980.591;2842237.58;C
1.17.8-5;-16.44469766;-71.49691583;-1946949.032;2842191.038;C
1.17.8-5;-16.44494607;-71.49709222;-1946975.983;2842167.782;C
1.17.8-5;-16.44533428;-71.49727742;-1947019.247;2842141.695;C
1.17.8-5;-16.44554891;-71.49683164;-1947050.104;2842189.419;C
1.17.8-6; ; ;-1.516416327;20763369.87;C
1.17.8-6;-16.44597322;-71.49762591;-1947089.901;2842093.805;C
1.17.8-6;-16.44631885;-71.49791517;-1947126.846;2842056.478;C
1.17.8-6;-16.44645633;-71.49761686;-1947146.772;2842088.496;C
1.17.8-6;-16.44656989;-71.49720847;-1947165.282;2842133.307;C
1.17.8-6;-16.44621223;-71.49712992;-1947124.257;2842146.903;C
1.17.8-6;-16.44602619;-71.49706932;-1947103.168;2842156.214;C
1.17.8-6;-16.44593283;-71.49703283;-1947092.663;2842161.575;C
1.17.8-6;-16.44577231;-71.49695331;-1947074.81;2842172.695;C
1.17.8-6;-16.44558709;-71.49684369;-1947054.437;2842187.553;C
1.17.8-6;-16.44536358;-71.49729704;-1947022.441;2842139.086;C
1.17.8-6;-16.44566683;-71.49743517;-1947056.319;2842119.448;C
1.17.8-7; ; ;-1.516416327;20763369.87;C
1.17.8-7;-16.44702458;-71.49799782;-1947208.709;2842037.852;C
1.17.8-7;-16.44704019;-71.49782527;-1947212.727;2842057.211;C
1.17.8-7;-16.44706494;-71.49765618;-1947217.775;2842076.057;C
1.17.8-7;-16.44707106;-71.49747319;-1947220.81;2842096.722;C
1.17.8-7;-16.44701188;-71.49741787;-1947214.558;2842103.77;C
1.17.8-7;-16.44695745;-71.4973506;-1947209.015;2842112.111;C
1.17.8-7;-16.44690987;-71.49720685;-1947205.244;2842129.032;C
1.17.8-7;-16.44679031;-71.49722738;-1947190.938;2842128.272;C
1.17.8-7;-16.44661172;-71.4972077;-1947170.206;2842132.845;C
1.17.8-7;-16.44648643;-71.49764355;-1947149.97;2842085.076;C
1.17.8-7;-16.44636922;-71.49791596;-1947132.753;2842055.728;C
1.17.8-7;-16.44699295;-71.49812516;-1947203.383;2842023.831;C
1.17.8-8; ; ;-1.516416327;20763369.87;C
1.17.8-8;-16.44725604;-71.49814586;-1947234.029;2842018.034;C
1.17.8-8;-16.44741269;-71.49811845;-1947252.779;2842019.087;C
1.17.8-8;-16.44743709;-71.49805795;-1947256.411;2842025.626;C
1.17.8-8;-16.44745096;-71.49799227;-1947258.871;2842032.89;C
1.17.8-8;-16.44743006;-71.49790027;-1947257.58;2842043.595;C
1.17.8-8;-16.44739853;-71.4977953;-1947255.206;2842055.909;C
1.17.8-8;-16.44735618;-71.49771426;-1947251.256;2842065.652;C
1.17.8-8;-16.44730984;-71.49763272;-1947246.844;2842075.504;C
1.17.8-8;-16.4471974;-71.49748194;-1947235.542;2842094.073;C
1.17.8-8;-16.44710845;-71.49748359;-1947225.071;2842095.052;C
1.17.8-8;-16.44710107;-71.49772893;-1947221.099;2842067.334;C
1.17.8-8;-16.44707858;-71.49788164;-1947216.525;2842050.316;C
1.17.8-8;-16.44702184;-71.49814497;-1947206.526;2842021.206;C
1.17.8-8;-16.44713114;-71.49815535;-1947219.235;2842018.596;C
1.17.8-9; ; ;-1.516416327;20763369.87;C
1.17.8-9;-16.4476084;-71.49785836;-1947279.063;2842046.007;C
1.17.8-9;-16.44763637;-71.49756012;-1947286.124;2842079.453;C
1.17.8-9;-16.44764481;-71.49740923;-1947289.024;2842096.448;C
1.17.8-9;-16.44761456;-71.49713732;-1947288.913;2842127.673;C
1.17.8-9;-16.44758831;-71.49711291;-1947286.138;2842130.784;C
1.17.8-9;-16.44726017;-71.49749892;-1947242.702;2842091.324;C
1.17.8-9;-16.44730531;-71.49755028;-1947247.355;2842084.91;C
1.17.8-9;-16.44735657;-71.49762105;-1947252.481;2842076.214;C
1.17.8-9;-16.44740037;-71.49771593;-1947256.426;2842064.883;C
1.17.8-9;-16.44744036;-71.49782192;-1947259.783;2842052.342;C
1.17.8-9;-16.44746676;-71.49798944;-1947260.763;2842033.004;C
1.17.8-9;-16.44746355;-71.49813147;-1947258.589;2842016.944;C
1.17.8-9;-16.44757853;-71.49814933;-1947271.871;2842013.411;C
1.17.8-11; ; ;-1.516416327;20763369.87;C
1.17.8-11;-16.4476663;-71.49699118;-1947296.841;2842143.562;C
1.17.8-11;-16.44764916;-71.49664726;-1947299.181;2842182.778;C
1.17.8-11;-16.44738533;-71.49674618;-1947266.933;2842175.023;C
1.17.8-11;-16.44720755;-71.49679919;-1947245.376;2842171.346;C
1.17.8-11;-16.44722827;-71.4971686;-1947243.135;2842129.193;C
1.17.8-11;-16.44695883;-71.4971642;-1947211.536;2842133.225;C
1.17.8-11;-16.44705929;-71.49740316;-1947220.314;2842104.816;C
1.17.8-11;-16.4471629;-71.49739763;-1947232.556;2842104.084;C
1.17.8-11;-16.44722057;-71.49744487;-1947238.734;2842097.972;C
1.17.8-11;-16.44734973;-71.49732564;-1947255.417;2842109.795;C
1.17.8-12; ; ;-1.516416327;20763369.87;C
1.17.8-12;-16.44696416;-71.496605;-1947219.24;2842196.554;C
1.17.8-12;-16.44683858;-71.49639572;-1947207.135;2842221.928;C
1.17.8-12;-16.44672252;-71.49626833;-1947195.113;2842237.893;C
1.17.8-12;-16.446596;-71.49605678;-1947182.927;2842263.537;C
1.17.8-12;-16.44643694;-71.49615188;-1947163.036;2842254.84;C
1.17.8-12;-16.44655171;-71.49630993;-1947174.518;2842235.417;C
1.17.8-12;-16.44659614;-71.49635125;-1947179.215;2842230.149;C
1.17.8-12;-16.44667197;-71.49642631;-1947187.175;2842220.645;C
1.17.8-12;-16.4468545;-71.49659433;-1947206.491;2842199.202;C
1.17.8-12;-16.44698293;-71.49675652;-1947219.527;2842179.129;C
1.17.8-12;-16.44703445;-71.49673566;-1947225.844;2842180.818;C
1.17.8-13; ; ;-1.516416327;20763369.87;C
1.17.8-13;-16.44697794;-71.4970329;-1947215.443;2842147.861;C
1.17.8-13;-16.44697143;-71.49685296;-1947216.956;2842168.346;C
1.17.8-13;-16.4469357;-71.49676032;-1947213.93;2842179.318;C
1.17.8-13;-16.44689101;-71.49669071;-1947209.561;2842187.796;C
1.17.8-13;-16.44679521;-71.49659791;-1947199.481;2842199.573;C
1.17.8-13;-16.4466784;-71.49648443;-1947187.194;2842213.971;C
1.17.8-13;-16.4465058;-71.49630853;-1947169.142;2842236.177;C
1.17.8-13;-16.44640186;-71.49617821;-1947158.581;2842252.316;C
1.17.8-13;-16.4462513;-71.49601128;-1947143.006;2842273.216;C
1.17.8-13;-16.44616092;-71.496046;-1947131.949;2842270.465;C
1.17.8-13;-16.44605491;-71.4956141;-1947124.961;2842320.821;C
1.17.8-13;-16.44600628;-71.49533504;-1947122.78;2842353.098;C
1.17.8-13;-16.44595427;-71.49517544;-1947118.689;2842371.875;C
1.17.8-13;-16.44593668;-71.49507887;-1947117.844;2842383.054;C
1.17.8-13;-16.44584192;-71.49513732;-1947105.972;2842377.67;C
1.17.8-13;-16.44582363;-71.49520944;-1947102.911;2842369.734;C
1.17.8-13;-16.44581578;-71.49529229;-1947100.939;2842360.443;C
1.17.8-13;-16.44589117;-71.49544663;-1947107.843;2842341.956;C
1.17.8-13;-16.44593438;-71.49554288;-1947111.701;2842330.477;C
1.17.8-13;-16.44595199;-71.49563399;-1947112.617;2842319.917;C
1.17.8-13;-16.44597197;-71.49574825;-1947113.518;2842306.701;C
1.17.8-13;-16.44599917;-71.4958643;-1947115.246;2842293.186;C
1.17.8-13;-16.4460261;-71.49599267;-1947116.784;2842278.279;C
1.17.8-13;-16.44604067;-71.4960651;-1947117.579;2842269.876;C
1.17.8-13;-16.44606953;-71.49614545;-1947119.952;2842260.388;C
1.17.8-13;-16.44610276;-71.49619265;-1947123.259;2842254.601;C
1.17.8-13;-16.44619306;-71.49629498;-1947132.572;2842241.815;C
1.17.8-13;-16.44630631;-71.49639355;-1947144.631;2842229.154;C
1.17.8-13;-16.44643922;-71.49654746;-1947158.297;2842209.962;C
1.17.8-13;-16.4465317;-71.49665887;-1947167.752;2842196.118;C
1.17.8-13;-16.44662625;-71.49674839;-1947177.727;2842184.729;C
1.17.8-13;-16.44671698;-71.49685432;-1947187.044;2842171.529;C
1.17.8-13;-16.44690452;-71.49710708;-1947205.879;2842140.413;C
1.17.8-14; ; ;-1.516416327;20763369.87;C
1.17.8-14;-16.44670208;-71.49690483;-1947184.655;2842165.998;C
1.17.8-14;-16.44654371;-71.49673512;-1947168.198;2842187.316;C
1.17.8-14;-16.44638053;-71.49654842;-1947151.39;2842210.623;C
1.17.8-14;-16.44622951;-71.49639101;-1947135.639;2842230.45;C
1.17.8-14;-16.44612104;-71.49629688;-1947124.088;2842242.545;C
1.17.8-14;-16.44602929;-71.49615947;-1947115.048;2842259.326;C
1.17.8-14;-16.44599545;-71.49605294;-1947112.42;2842271.849;C
1.17.8-14;-16.44577063;-71.49611983;-1947085.162;2842267.214;C
1.17.8-14;-16.44578191;-71.49628108;-1947084.446;2842248.784;C
1.17.8-14;-16.44571131;-71.49653576;-1947072.929;2842220.835;C
1.17.8-14;-16.44602692;-71.49664995;-1947108.562;2842203.75;C
1.17.8-14;-16.44593781;-71.4969846;-1947093.858;2842166.977;C
1.17.8-14;-16.44601412;-71.49701772;-1947102.403;2842162.222;C
1.17.8-14;-16.44611636;-71.49705787;-1947113.906;2842156.329;C
1.17.8-14;-16.44623707;-71.49709581;-1947127.607;2842150.444;C
1.17.8-14;-16.44635307;-71.49712783;-1947140.83;2842145.293;C
1.17.8-14;-16.44648022;-71.49715609;-1947155.41;2842140.422;C
1.17.8-14;-16.44663366;-71.49717138;-1947173.243;2842136.675;C
1.17.8-14;-16.4468596;-71.4971899;-1947199.553;2842131.613;C
1.17.8-14;-16.44687117;-71.49716351;-1947201.246;2842134.453;C
1.17.8-15; ; ;-1.516416327;20763369.87;C
1.17.8-15;-16.4456804;-71.49657918;-1947068.747;2842216.318;C
1.17.8-15;-16.44560461;-71.49678633;-1947057.222;2842193.826;C
1.17.8-15;-16.44591049;-71.49697304;-1947090.794;2842168.646;C
1.17.8-15;-16.44599584;-71.49669018;-1947104.402;2842199.596;C
1.17.8-16; ; ;-1.516416327;20763369.87;C
1.17.8-16;-16.44565767;-71.49655748;-1947066.351;2842219.076;C
1.17.8-16;-16.44519465;-71.49629531;-1947015.273;2842254.871;C
1.17.8-16;-16.44504837;-71.49623005;-1946998.913;2842264.189;C
1.17.8-16;-16.44495762;-71.49642985;-1946985.723;2842242.727;C
1.17.8-16;-16.4455691;-71.49676284;-1947053.347;2842196.955;C
1.17.8-17; ; ;-1.516416327;20763369.87;C
1.17.8-17;-16.44565938;-71.49651779;-1947067.055;2842223.554;C
1.17.8-17;-16.44573069;-71.49625819;-1947078.718;2842252.05;C
1.17.8-17;-16.44572202;-71.49616229;-1947078.914;2842263.036;C
1.17.8-17;-16.44570368;-71.49609039;-1947077.668;2842271.429;C
1.17.8-17;-16.44521464;-71.4957927;-1947023.982;2842311.593;C
1.17.8-17;-16.44505682;-71.49617323;-1947000.625;2842270.52;C
1.17.8-17;-16.44538007;-71.49635576;-1947036.291;2842245.587;C
1.17.8-18; ; ;-1.516416327;20763369.87;C
1.17.8-18;-16.44480688;-71.49556422;-1946978.969;2842342.845;C
1.17.8-18;-16.44459377;-71.49592689;-1946949.342;2842304.522;C
1.17.8-18;-16.44478928;-71.49605282;-1946970.718;2842287.68;C
1.17.8-18;-16.44501012;-71.49615285;-1946995.396;2842273.443;C
1.17.8-18;-16.44518044;-71.49576146;-1947020.359;2842315.584;C
1.17.8-19; ; ;-1.516416327;20763369.87;C
1.17.8-19;-16.4444293;-71.49525572;-1946938.514;2842382.774;C
1.17.8-19;-16.44411375;-71.49556199;-1946897.566;2842352.188;C
1.17.8-19;-16.44454138;-71.49590889;-1946943.415;2842307.25;C
1.17.8-19;-16.44478221;-71.49554851;-1946976.269;2842344.95;C
1.17.8-20; ; ;-1.516416327;20763369.87;C
1.17.8-20;-16.44333739;-71.49510314;-1946812.164;2842414.392;C
1.17.8-20;-16.4435027;-71.49525975;-1946829.602;2842394.468;C
1.17.8-20;-16.44372776;-71.49550035;-1946852.999;2842364.239;C
1.17.8-20;-16.44399118;-71.49577267;-1946880.5;2842329.909;C
1.17.8-20;-16.44419008;-71.4959445;-1946901.693;2842307.819;C
1.17.8-20;-16.44441782;-71.49614242;-1946925.943;2842282.394;C
1.17.8-20;-16.44455508;-71.49623134;-1946940.944;2842270.512;C
1.17.8-20;-16.44472649;-71.49632735;-1946959.866;2842257.379;C
1.17.8-20;-16.44491558;-71.49641862;-1946980.926;2842244.551;C
1.17.8-20;-16.44500027;-71.49621154;-1946993.496;2842266.918;C
1.17.8-20;-16.44471662;-71.49608761;-1946961.742;2842284.689;C
1.17.8-20;-16.44452595;-71.49596292;-1946940.918;2842301.326;C
1.17.8-20;-16.44417117;-71.49568192;-1946902.794;2842337.838;C
1.17.8-20;-16.44396049;-71.49540153;-1946881.591;2842372.39;C
1.17.8-20;-16.44374932;-71.49511762;-1946860.375;2842407.349;C
1.17.8-20;-16.44352113;-71.49476365;-1946838.047;2842450.473;C
1.17.8-20;-16.44313116;-71.49479899;-1946791.784;2842451.581;C
1.17.8-20;-16.44326445;-71.4950386;-1946804.411;2842422.666;C
1.17.8-21; ; ;-1.516416327;20763369.87;C
1.17.8-21;-16.4440969;-71.49482874;-1946904.866;2842435.543;C
1.17.8-21;-16.44375323;-71.49503864;-1946861.834;2842416.251;C
1.17.8-21;-16.44392255;-71.49529326;-1946878.504;2842385.163;C
1.17.8-21;-16.44407944;-71.4955076;-1946894.224;2842358.805;C
1.17.8-21;-16.44439701;-71.49523049;-1946935.04;2842386.057;C
1.17.8-22; ; ;-1.516416327;20763369.87;C
1.17.8-22;-16.44387336;-71.49451054;-1946882.631;2842474.551;C
1.17.8-22;-16.44358727;-71.49476677;-1946845.777;2842449.252;C
1.17.8-22;-16.44372853;-71.49499949;-1946859.428;2842421.015;C
1.17.8-22;-16.44407196;-71.49480686;-1946902.213;2842438.351;C
1.17.8-24; ; ;-1.516416327;20763369.87;C
1.17.8-24;-16.44432984;-71.49449065;-1946936.512;2842470.819;C
1.17.8-24;-16.44423255;-71.49446111;-1946925.456;2842475.444;C
1.17.8-24;-16.44410801;-71.49446238;-1946910.808;2842476.933;C
1.17.8-24;-16.44394248;-71.49448596;-1946891.063;2842476.431;C
1.17.8-24;-16.44403064;-71.49464005;-1946899.471;2842457.804;C
1.17.8-24;-16.44419231;-71.49483455;-1946916.002;2842433.633;C
1.17.8-24;-16.44438958;-71.49508455;-1946936.014;2842402.701;C
1.17.8-24;-16.44460427;-71.49466589;-1946966.536;2842447.352;C
1.17.8-25; ; ;-1.516416327;20763369.87;C
1.17.8-25;-16.44468493;-71.49537987;-1946966.975;2842365.345;C
1.17.8-25;-16.44490503;-71.49513311;-1946995.956;2842390.435;C
1.17.8-25;-16.44497142;-71.4949058;-1947006.633;2842415.336;C
1.17.8-25;-16.44483688;-71.49484722;-1946991.568;2842423.742;C
1.17.8-25;-16.44463669;-71.49471584;-1946969.712;2842441.263;C
1.17.8-25;-16.444423;-71.49511064;-1946939.611;2842399.305;C
1.17.8-25;-16.44454675;-71.49524646;-1946952.43;2842382.283;C
1.17.8-26; ; ;-1.516416327;20763369.87;C
1.17.8-26;-16.44599008;-71.49602741;-1947112.113;2842274.813;C
1.17.8-26;-16.44592286;-71.49573987;-1947107.855;2842308.294;C
1.17.8-26;-16.44587024;-71.49552683;-1947104.369;2842333.138;C
1.17.8-26;-16.44582607;-71.49540473;-1947100.725;2842347.56;C
1.17.8-26;-16.44574298;-71.4953076;-1947092.193;2842359.663;C
1.17.8-26;-16.4456451;-71.49521287;-1947081.893;2842371.686;C
1.17.8-26;-16.44554394;-71.4951407;-1947070.922;2842381.195;C
1.17.8-26;-16.44541167;-71.49505646;-1947056.448;2842392.481;C
1.17.8-26;-16.44525571;-71.49498666;-1947039.009;2842402.44;C
1.17.8-26;-16.44510183;-71.49493347;-1947021.604;2842410.489;C
1.17.8-26;-16.4450111;-71.49490435;-1947011.314;2842414.98;C
1.17.8-26;-16.44494832;-71.49512353;-1947001.164;2842390.954;C
1.17.8-26;-16.44481303;-71.49528543;-1946983.221;2842374.372;C
1.17.8-26;-16.4447107;-71.49540344;-1946969.704;2842362.335;C
1.17.8-26;-16.44483323;-71.49550663;-1946982.794;2842349.029;C
1.17.8-26;-16.44496781;-71.49558716;-1946997.585;2842338.134;C
1.17.8-26;-16.4451074;-71.49563623;-1947013.364;2842330.74;C
1.17.8-26;-16.44577445;-71.49608584;-1947086.041;2842271.016;C
1.17.8-27; ; ;-1.516416327;20763369.87;C
1.17.8-27;-16.44794647;-71.496154;-1947340.353;2842234.801;C
1.17.8-27;-16.44797321;-71.49625131;-1947342.262;2842223.418;C
1.17.8-27;-16.44798044;-71.49635982;-1947341.738;2842211.021;C
1.17.8-27;-16.44795826;-71.49661405;-1947335.914;2842182.489;C
1.17.8-27;-16.44807034;-71.4966173;-1947349.04;2842180.65;C
1.17.8-27;-16.44820527;-71.4958266;-1947374.901;2842268.525;C
1.17.1-1; ; ;-1.516416327;20763369.87;D
1.17.1-1;-16.46014774;-71.48691716;-1948890.8;2843121.857;D
1.17.1-1;-16.459725;-71.48688346;-1948841.561;2843131.229;D
1.17.1-1;-16.45975538;-71.48713696;-1948841.917;2843102.092;D
1.17.1-1;-16.45995736;-71.48725819;-1948864.112;2843085.695;D
1.17.1-1;-16.46014302;-71.48786789;-1948878.197;2843014.135;D
1.17.1-1;-16.46032145;-71.48786484;-1948899.199;2843012.138;D
1.17.1-2; ; ;-1.516416327;20763369.87;D
1.17.1-2;-16.46045298;-71.48674011;-1948928.905;2843137.92;D
1.17.1-2;-16.46017918;-71.48691321;-1948894.544;2843121.893;D
1.17.1-2;-16.46036051;-71.48785241;-1948903.946;2843013.035;D
1.17.1-2;-16.46066845;-71.48787866;-1948939.792;2843006.014;D
1.17.1-3; ; ;-1.516416327;20763369.87;D
1.17.1-3;-16.46099665;-71.48784061;-1948978.832;2843006.018;D
1.17.1-3;-16.46105581;-71.48778923;-1948986.435;2843011.066;D
1.17.1-3;-16.46108146;-71.48773705;-1948990.109;2843016.644;D
1.17.1-3;-16.46084391;-71.48647198;-1948978.232;2843163.185;D
1.17.1-3;-16.46050029;-71.48669361;-1948935.053;2843142.571;D
1.17.1-3;-16.46072306;-71.48789543;-1948945.995;2843003.396;D
1.17.1-3;-16.46094357;-71.48787387;-1948972.175;2843002.945;D
1.17.1-4; ; ;-1.516416327;20763369.87;D
1.17.1-4;-16.4612137;-71.48629115;-1949023.97;2843178.828;D
1.17.1-4;-16.46088894;-71.48646263;-1948983.641;2843163.653;D
1.17.1-4;-16.46113648;-71.48764224;-1948997.775;2843026.671;D
1.17.1-4;-16.46155963;-71.48702475;-1949055.314;2843091.117;D
1.17.1-5; ; ;-1.516416327;20763369.87;D
1.17.1-5;-16.46225154;-71.48603344;-1949149.169;2843194.414;D
1.17.1-5;-16.46205226;-71.48597035;-1949126.556;2843204.183;D
1.17.1-5;-16.4617371;-71.48641116;-1949083.942;2843158.348;D
1.17.1-5;-16.46154862;-71.48603277;-1949066.594;2843203.722;D
1.17.1-5;-16.46143273;-71.4861454;-1949051.55;2843192.475;D
1.17.1-5;-16.46124075;-71.48626605;-1949027.466;2843181.319;D
1.17.1-5;-16.46157884;-71.48695268;-1949058.485;2843099.035;D
1.17.1-5;-16.46179216;-71.4866817;-1949086.982;2843126.954;D
1.17.1-6; ; ;-1.516416327;20763369.87;D
1.17.1-6;-16.46180957;-71.48541479;-1949105.084;2843270.354;D
1.17.1-6;-16.46169481;-71.48578634;-1949086.892;2843229.74;D
1.17.1-6;-16.46225565;-71.48596757;-1949150.487;2843201.827;D
1.17.1-6;-16.46221611;-71.48556523;-1949150.941;2843247.959;D
1.17.1-7; ; ;-1.516416327;20763369.87;D
1.17.1-7;-16.4619051;-71.48501282;-1949121.403;2843314.67;D
1.17.1-7;-16.46182233;-71.48537656;-1949107.068;2843274.52;D
1.17.1-7;-16.46220725;-71.48549512;-1949150.788;2843256.023;D
1.17.1-7;-16.46219606;-71.48506821;-1949154.885;2843304.569;D
1.17.1-8; ; ;-1.516416327;20763369.87;D
1.17.1-8;-16.46203545;-71.48425634;-1949146.306;2843398.721;D
1.17.1-8;-16.4619565;-71.48459217;-1949132.773;2843361.685;D
1.17.1-8;-16.4619125;-71.48496974;-1949122.819;2843319.458;D
1.17.1-8;-16.46218714;-71.48501335;-1949154.532;2843310.906;D
1.17.1-8;-16.46215781;-71.48429119;-1949160.24;2843393.162;D
1.17.1-9; ; ;-1.516416327;20763369.87;D
1.17.1-9;-16.46067263;-71.48795591;-1948939.304;2842997.201;D
1.17.1-9;-16.46037275;-71.48794732;-1948904.181;2843002.114;D
1.17.1-9;-16.46036294;-71.48804526;-1948901.788;2842991.139;D
1.17.1-9;-16.46039377;-71.48808976;-1948904.845;2842985.689;D
1.17.1-9;-16.46044041;-71.48818283;-1948909.145;2842974.526;D
1.17.1-9;-16.46051087;-71.48828046;-1948916.187;2842962.532;D
1.17.1-9;-16.46072614;-71.48828274;-1948941.449;2842959.446;D
1.17.1-10; ; ;-1.516416327;20763369.87;D
1.17.1-10;-16.46125271;-71.48821734;-1949004.143;2842959.946;D
1.17.1-10;-16.46133647;-71.48817043;-1949014.577;2842964.164;D
1.17.1-10;-16.46141247;-71.48810298;-1949024.36;2842970.813;D
1.17.1-10;-16.46146546;-71.4880452;-1949031.319;2842976.667;D
1.17.1-10;-16.46112669;-71.48778762;-1948994.783;2843010.317;D
1.17.1-10;-16.46109779;-71.48783453;-1948990.792;2843005.379;D
1.17.1-10;-16.46105171;-71.48789873;-1948984.565;2842998.706;D
1.17.1-10;-16.46101403;-71.4879313;-1948979.726;2842995.508;D
1.17.1-10;-16.46091046;-71.48795886;-1948967.208;2842993.744;D
1.17.1-10;-16.46073657;-71.48796845;-1948946.657;2842994.94;D
1.17.1-10;-16.46080335;-71.48828481;-1948950.494;2842958.197;D
1.17.1-10;-16.46105691;-71.4882568;-1948980.638;2842958.043;D
1.17.1-11; ; ;-1.516416327;20763369.87;D
1.17.1-11;-16.46161236;-71.48764569;-1949053.64;2843020.029;D
1.17.1-11;-16.46135228;-71.48743109;-1949025.804;2843047.774;D
1.17.1-11;-16.4611593;-71.48775114;-1948999.076;2843014.025;D
1.17.1-11;-16.46148916;-71.48798979;-1949034.806;2842982.637;D
1.17.1-11;-16.46157081;-71.4877674;-1949047.217;2843006.778;D
1.17.1-12; ; ;-1.516416327;20763369.87;D
1.17.1-12;-16.46136679;-71.4873931;-1949027.991;2843051.891;D
1.17.1-12;-16.46163302;-71.48757635;-1949056.947;2843027.619;D
1.17.1-12;-16.46181258;-71.48724664;-1949082.221;2843062.639;D
1.17.1-12;-16.46157611;-71.48707529;-1949056.61;2843085.171;D
1.17.1-13; ; ;-1.516416327;20763369.87;D
1.17.1-13;-16.46183028;-71.48674145;-1949090.703;2843119.68;D
1.17.1-13;-16.46160696;-71.48705211;-1949060.529;2843087.394;D
1.17.1-13;-16.46183037;-71.48720907;-1949084.787;2843066.665;D
1.17.1-13;-16.46205451;-71.48688259;-1949115.258;2843100.734;D
1.17.1-14; ; ;-1.516416327;20763369.87;D
1.17.1-14;-16.46209539;-71.48639963;-1949126.182;2843154.95;D
1.17.1-14;-16.46186605;-71.48671162;-1949095.284;2843122.592;D
1.17.1-14;-16.46207462;-71.48684674;-1949118.075;2843104.534;D
1.17.1-14;-16.46229353;-71.48655176;-1949147.533;2843135.1;D
1.17.1-15; ; ;-1.516416327;20763369.87;D
1.17.1-15;-16.46232207;-71.48604601;-1949157.296;2843192.062;D
1.17.1-15;-16.46211672;-71.48635558;-1949129.247;2843159.664;D
1.17.1-15;-16.46232625;-71.4865258;-1949151.706;2843137.614;D
1.17.1-15;-16.46253473;-71.48618637;-1949180.501;2843173.356;D
1.17.1-16; ; ;-1.516416327;20763369.87;D
1.17.1-16;-16.46224571;-71.48510647;-1949160.233;2843299.579;D
1.17.1-16;-16.46225916;-71.48527391;-1949159.691;2843280.421;D
1.17.1-16;-16.46228673;-71.48554054;-1949159.551;2843249.83;D
1.17.1-16;-16.46232419;-71.48599123;-1949158.239;2843198.244;D
1.17.1-16;-16.46254984;-71.48611995;-1949183.119;2843180.687;D
1.17.1-16;-16.46255491;-71.48600359;-1949185.19;2843193.813;D
1.17.1-16;-16.46239505;-71.48509686;-1949177.901;2843298.708;D
1.17.1-17; ; ;-1.516416327;20763369.87;D
1.17.1-17;-16.46235153;-71.48481775;-1949176.325;2843330.922;D
1.17.1-17;-16.46225377;-71.48443683;-1949169.668;2843375.391;D
1.17.1-17;-16.46222391;-71.48443682;-1949166.161;2843375.784;D
1.17.1-17;-16.46224539;-71.48506262;-1949160.752;2843304.555;D
1.17.1-17;-16.46238323;-71.48504925;-1949177.115;2843304.261;D
1.17.1-18; ; ;-1.516416327;20763369.87;D
1.17.1-18;-16.4615112;-71.48912322;-1949023.031;2842853.853;D
1.17.1-18;-16.46162605;-71.48909424;-1949036.892;2842855.63;D
1.17.1-18;-16.4616686;-71.48874663;-1949046.296;2842894.48;D
1.17.1-18;-16.46138458;-71.48872656;-1949013.182;2842900.485;D
1.17.1-18;-16.46147895;-71.48863691;-1949025.405;2842909.408;D
1.17.1-18;-16.46151964;-71.48852755;-1949031.572;2842921.272;D
1.17.1-18;-16.46151323;-71.48834953;-1949033.075;2842941.538;D
1.17.1-18;-16.46134404;-71.48823219;-1949014.684;2842957.063;D
1.17.1-18;-16.46130527;-71.48826824;-1949009.672;2842953.484;D
1.17.1-18;-16.46120003;-71.48829687;-1948996.946;2842951.621;D
1.17.1-18;-16.461066;-71.48832328;-1948980.864;2842950.387;D
1.17.1-18;-16.46080842;-71.48835942;-1948950.144;2842949.673;D
1.17.1-18;-16.46075089;-71.48850524;-1948941.538;2842933.897;D
1.17.1-18;-16.46136895;-71.48906378;-1949007.072;2842862.46;D
1.17.2-1; ; ;-1.516416327;20763369.87;D
1.17.2-1;-16.46091652;-71.49152174;-1948922.774;2842589.749;D
1.17.2-1;-16.46095118;-71.49142672;-1948928.051;2842600.066;D
1.17.2-1;-16.46096642;-71.49134219;-1948930.912;2842609.448;D
1.17.2-1;-16.46098156;-71.49122129;-1948934.222;2842622.956;D
1.17.2-1;-16.46097208;-71.49110664;-1948934.561;2842636.078;D
1.17.2-1;-16.46097586;-71.49100393;-1948936.306;2842647.672;D
1.17.2-1;-16.46097961;-71.49080286;-1948939.295;2842670.418;D
1.17.2-1;-16.4609777;-71.49068861;-1948940.518;2842683.395;D
1.17.2-1;-16.46102817;-71.49056016;-1948948.075;2842697.294;D
1.17.2-1;-16.46111167;-71.49043427;-1948959.48;2842710.469;D
1.17.2-1;-16.46069697;-71.49018774;-1948913.883;2842743.863;D
1.17.2-1;-16.46048147;-71.49064302;-1948882.796;2842695.078;D
1.17.2-1;-16.46048147;-71.49064887;-1948882.722;2842694.415;D
1.17.2-1;-16.46051476;-71.49073283;-1948885.57;2842684.461;D
1.17.2-1;-16.46057162;-71.49082302;-1948891.107;2842673.49;D
1.17.2-1;-16.46062965;-71.49093132;-1948896.553;2842660.45;D
1.17.2-1;-16.4606841;-71.49105087;-1948901.435;2842646.181;D
1.17.2-1;-16.46073255;-71.49114593;-1948905.923;2842634.769;D
1.17.2-1;-16.46077574;-71.49125282;-1948909.642;2842622.084;D
1.17.2-1;-16.46080306;-71.49136065;-1948911.485;2842609.501;D
1.17.2-1;-16.46082346;-71.49143662;-1948912.92;2842600.62;D
1.17.2-1;-16.4608167;-71.49142377;-1948912.288;2842602.166;D
1.17.2-1;-16.46081335;-71.49151355;-1948910.757;2842592.032;D
1.17.2-1;-16.46080929;-71.49151996;-1948910.199;2842591.358;D
1.17.2-1;-16.46080523;-71.49153004;-1948909.594;2842590.269;D
1.17.2-1;-16.46080116;-71.49153831;-1948909.011;2842589.385;D
1.17.2-1;-16.46075798;-71.4916149;-1948902.968;2842581.269;D
1.17.2-1;-16.46075591;-71.49161911;-1948902.671;2842580.819;D
1.17.2-1;-16.46065631;-71.49173636;-1948889.484;2842568.835;D
1.17.2-1;-16.46081742;-71.49162736;-1948909.793;2842579.077;D
1.17.2-2; ; ;-1.516416327;20763369.87;D
1.17.2-2;-16.46121761;-71.48961851;-1948982.263;2842801.559;D
1.17.2-2;-16.46073986;-71.49016107;-1948919.26;2842746.323;D
1.17.2-2;-16.46112728;-71.49040189;-1948961.724;2842713.935;D
1.17.2-2;-16.46136109;-71.4901102;-1948992.889;2842743.933;D
1.17.2-2;-16.4615732;-71.48985721;-1949021.015;2842769.828;D
1.17.2-3; ; ;-1.516416327;20763369.87;D
1.17.2-3;-16.46170228;-71.48974516;-1949037.6;2842780.837;D
1.17.2-3;-16.46126371;-71.48941526;-1948990.254;2842823.996;D
1.17.2-3;-16.46126886;-71.48947471;-1948990.106;2842817.188;D
1.17.2-3;-16.46127571;-71.48952967;-1948990.214;2842810.867;D
1.17.2-3;-16.46124476;-71.48958752;-1948985.845;2842804.715;D
1.17.2-3;-16.4615922;-71.48984729;-1949023.372;2842770.704;D
1.17.2-4; ; ;-1.516416327;20763369.87;D
1.17.2-4;-16.46189045;-71.48939033;-1949064.203;2842818.591;D
1.17.2-4;-16.46189794;-71.48931587;-1949066.026;2842826.934;D
1.17.2-4;-16.46190689;-71.48919449;-1949068.616;2842840.578;D
1.17.2-4;-16.4618708;-71.48916943;-1949064.693;2842843.892;D
1.17.2-4;-16.4618061;-71.489139;-1949057.477;2842848.192;D
1.17.2-4;-16.4618014;-71.48913737;-1949056.946;2842848.438;D
1.17.2-4;-16.46172478;-71.48912713;-1949048.074;2842850.605;D
1.17.2-4;-16.46162501;-71.4891432;-1949036.149;2842850.093;D
1.17.2-4;-16.46152229;-71.48918581;-1949023.541;2842846.612;D
1.17.2-4;-16.46152051;-71.48918582;-1949023.332;2842846.634;D
1.17.2-4;-16.46132516;-71.48908655;-1949001.64;2842860.453;D
1.17.2-4;-16.46113533;-71.48890077;-1948981.692;2842884.008;D
1.17.2-4;-16.46073043;-71.48854606;-1948938.617;2842929.537;D
1.17.2-4;-16.46059406;-71.48878107;-1948919.617;2842904.686;D
1.17.2-4;-16.46090668;-71.48906452;-1948952.753;2842868.446;D
1.17.2-4;-16.46117498;-71.48931008;-1948981.162;2842837.085;D
1.17.2-4;-16.46135222;-71.48943474;-1949000.407;2842820.625;D
1.17.2-4;-16.46171307;-71.48972121;-1949039.17;2842783.41;D
1.17.2-4;-16.46185714;-71.48950357;-1949058.855;2842806.191;D
1.17.2-5; ; ;-1.516416327;20763369.87;D
1.17.2-5;-16.46061816;-71.48978583;-1948909.717;2842790.461;D
1.17.2-5;-16.46054032;-71.49004693;-1948897.264;2842761.883;D
1.17.2-5;-16.4605331;-71.49012392;-1948895.44;2842753.251;D
1.17.2-5;-16.46066282;-71.49018903;-1948909.855;2842744.166;D
1.17.2-5;-16.46082522;-71.48997546;-1948931.64;2842766.245;D
1.17.2-5;-16.46087585;-71.4899143;-1948938.363;2842772.514;D
1.17.2-5;-16.46100008;-71.48980101;-1948954.394;2842783.725;D
1.17.2-5;-16.46109619;-71.48968745;-1948967.124;2842795.338;D
1.17.2-5;-16.46118211;-71.48957884;-1948978.595;2842806.522;D
1.17.2-5;-16.46120354;-71.48950864;-1948982.002;2842814.2;D
1.17.2-5;-16.46120353;-71.48940509;-1948983.313;2842825.938;D
1.17.2-5;-16.46104185;-71.48926988;-1948966.032;2842843.391;D
1.17.2-5;-16.46070302;-71.4896625;-1948921.249;2842803.33;D
1.17.2-6; ; ;-1.516416327;20763369.87;D
1.17.2-6;-16.46101838;-71.48924939;-1948963.534;2842846.021;D
1.17.2-6;-16.4603785;-71.48865941;-1948895.833;2842921.309;D
1.17.2-6;-16.4601634;-71.48885593;-1948868.071;2842901.854;D
1.17.2-6;-16.46026611;-71.48911299;-1948876.882;2842871.363;D
1.17.2-6;-16.46075279;-71.4895605;-1948928.389;2842814.239;D
1.17.2-7; ; ;-1.516416327;20763369.87;D
1.17.2-7;-16.45952327;-71.48725164;-1948813.195;2843092.138;D
1.17.2-7;-16.45962469;-71.48754196;-1948821.431;2843057.893;D
1.17.2-7;-16.45982017;-71.48799675;-1948838.635;2843003.766;D
1.17.2-7;-16.46015638;-71.48882835;-1948867.597;2842905.073;D
1.17.2-7;-16.46036886;-71.48863424;-1948895.02;2842924.29;D
1.17.2-7;-16.46026055;-71.48831638;-1948886.323;2842961.747;D
1.17.2-7;-16.459992;-71.48770506;-1948862.518;2843034.579;D
1.17.2-7;-16.45955738;-71.48698536;-1948820.577;2843121.878;D
1.17.2-7;-16.45947528;-71.48698713;-1948810.908;2843122.755;D
1.17.2-7;-16.45948601;-71.48707783;-1948811.02;2843112.333;D
1.17.12-1; ; ;-1.516416327;20763369.87;E
1.17.12-1;-16.45976281;-71.48814776;-1948829.982;2842987.399;E
1.17.12-1;-16.45938742;-71.48865463;-1948779.456;2842934.865;E
1.17.12-1;-16.46014577;-71.4892261;-1948861.31;2842860.12;E
1.17.12-1;-16.46020918;-71.48918355;-1948869.299;2842864.112;E
1.17.12-2; ; ;-1.516416327;20763369.87;E
1.17.12-2;-16.46005796;-71.4892325;-1948850.912;2842860.548;E
1.17.12-2;-16.45933886;-71.48870277;-1948773.141;2842930.046;E
1.17.12-2;-16.4591412;-71.48884489;-1948748.118;2842916.528;E
1.17.12-2;-16.45885296;-71.48894086;-1948713.038;2842909.433;E
1.17.12-2;-16.45970061;-71.48927908;-1948808.339;2842859.959;E
1.17.12-4; ; ;-1.516416327;20763369.87;E
1.17.12-4;-16.45895226;-71.48882688;-1948726.149;2842921.051;E
1.17.12-4;-16.45895446;-71.48882457;-1948726.436;2842921.284;E
1.17.12-4;-16.4591991;-71.48871665;-1948756.545;2842930.307;E
1.17.12-4;-16.45905756;-71.48848909;-1948742.8;2842957.964;E
1.17.12-4;-16.45885844;-71.4883069;-1948721.715;2842981.234;E
1.17.12-4;-16.45854235;-71.48843246;-1948682.988;2842971.149;E
1.17.12-4;-16.45820951;-71.48838815;-1948644.445;2842980.543;E
1.17.12-4;-16.45789127;-71.48828618;-1948608.348;2842996.282;E
1.17.12-4;-16.45758378;-71.48809872;-1948574.598;2843021.572;E
1.17.12-4;-16.45766441;-71.48832849;-1948581.16;2842994.464;E
1.17.12-4;-16.45799641;-71.48865433;-1948616.036;2842953.164;E
1.17.12-4;-16.45835063;-71.48884573;-1948655.227;2842926.814;E
1.17.12-4;-16.45873126;-71.48887334;-1948699.596;2842918.686;E
1.17.12-5; ; ;-1.516416327;20763369.87;E
1.17.12-5;-16.4596857;-71.48785039;-1948824.691;2843022.124;E
1.17.12-5;-16.45947686;-71.48735656;-1948806.412;2843080.853;E
1.17.12-5;-16.45929772;-71.48725244;-1948786.686;2843095.01;E
1.17.12-5;-16.45924892;-71.48767601;-1948775.585;2843047.63;E
1.17.12-5;-16.45912045;-71.48798085;-1948756.628;2843014.757;E
1.17.12-5;-16.45888598;-71.48826777;-1948725.447;2842985.308;E
1.17.12-5;-16.45931606;-71.4886011;-1948771.751;2842941.871;E
1.17.12-5;-16.45965277;-71.48810797;-1948817.558;2842993.355;E
1.17.12-6; ; ;-1.516416327;20763369.87;E
1.17.12-6;-16.45918474;-71.486643;-1948781.135;2843165.586;E
1.17.12-6;-16.45897186;-71.48614003;-1948762.498;2843225.404;E
1.17.12-6;-16.45891267;-71.48610238;-1948756.021;2843230.449;E
1.17.12-6;-16.45878488;-71.48647395;-1948736.299;2843190.002;E
1.17.12-6;-16.45875751;-71.48683083;-1948728.56;2843149.901;E
1.17.12-6;-16.45872304;-71.48731525;-1948718.372;2843095.435;E
1.17.12-6;-16.45920032;-71.48746589;-1948772.538;2843072.089;E
1.17.12-6;-16.45927642;-71.48691205;-1948788.496;2843133.879;E
1.17.12-10; ; ;-1.516416327;20763369.87;E
1.17.12-10;-16.45813621;-71.48765278;-1948645.151;2843064.875;E
1.17.12-10;-16.45813621;-71.48765518;-1948645.12;2843064.603;E
1.17.12-10;-16.4582725;-71.48770152;-1948660.546;2843057.559;E
1.17.12-10;-16.45827502;-71.48770118;-1948660.846;2843057.565;E
1.17.12-10;-16.45833726;-71.48769275;-1948668.265;2843057.703;E
1.17.12-10;-16.45834956;-71.48769109;-1948669.731;2843057.73;E
1.17.12-10;-16.45836181;-71.4876848;-1948671.25;2843058.282;E
1.17.12-10;-16.45837401;-71.48768316;-1948672.705;2843058.308;E
1.17.12-10;-16.45838617;-71.48768152;-1948674.153;2843058.334;E
1.17.12-10;-16.45848405;-71.48763884;-1948686.194;2843061.887;E
1.17.12-10;-16.4584864;-71.48763627;-1948686.503;2843062.148;E
1.17.12-10;-16.45854452;-71.48756135;-1948694.28;2843069.879;E
1.17.12-10;-16.45854912;-71.48756081;-1948694.828;2843069.88;E
1.17.12-10;-16.45860828;-71.48738489;-1948704.008;2843089.046;E
1.17.12-10;-16.45779864;-71.48696483;-1948614.208;2843147.302;E
1.17.12-10;-16.45761932;-71.48726604;-1948589.324;2843115.507;E
1.17.12-10;-16.45804019;-71.48762092;-1948634.274;2843069.747;E
1.17.12-11; ; ;-1.516416327;20763369.87;E
1.17.12-11;-16.457761;-71.48694073;-1948610.091;2843150.528;E
1.17.12-11;-16.45719506;-71.48638915;-1948550.589;2843220.493;E
1.17.12-11;-16.45697458;-71.48670841;-1948520.641;2843187.193;E
1.17.12-11;-16.45757858;-71.48723967;-1948584.871;2843119.031;E
1.17.12-12; ; ;-1.516416327;20763369.87;E
1.17.12-12;-16.45682181;-71.48680851;-1948501.423;2843177.85;E
1.17.12-12;-16.45704998;-71.48653888;-1948531.647;2843205.423;E
1.17.12-12;-16.45716474;-71.4863646;-1948547.338;2843223.675;E
1.17.12-12;-16.45698511;-71.4860849;-1948529.778;2843257.744;E
1.17.12-12;-16.45672711;-71.48576994;-1948503.457;2843296.839;E
1.17.12-12;-16.45638273;-71.48514264;-1948470.945;2843372.481;E
1.17.12-12;-16.45616799;-71.48522778;-1948444.637;2843365.648;E
1.17.12-12;-16.4562242;-71.48550275;-1948447.757;2843333.736;E
1.17.12-12;-16.4563873;-71.48592483;-1948461.571;2843283.742;E
1.17.12-12;-16.4565;-71.48617938;-1948471.586;2843253.402;E
1.17.12-13; ; ;-1.516416327;20763369.87;E
1.17.12-13;-16.4586684;-71.48661727;-1948720.797;2843175.283;E
1.17.12-13;-16.45869644;-71.48638177;-1948727.076;2843201.614;E
1.17.12-13;-16.4588415;-71.48601418;-1948748.777;2843241.383;E
1.17.12-13;-16.45849495;-71.4857932;-1948710.862;2843270.987;E
1.17.12-13;-16.45818629;-71.4861547;-1948670.017;2843234.057;E
1.17.12-13;-16.45801958;-71.48623767;-1948649.38;2843226.84;E
1.17.12-13;-16.45782901;-71.48626842;-1948626.6;2843225.856;E
1.17.12-13;-16.45738644;-71.48628973;-1948574.334;2843229.252;E
1.17.12-13;-16.45732648;-71.48638264;-1948566.112;2843219.505;E
1.17.12-13;-16.45761637;-71.48667333;-1948596.487;2843182.742;E
1.17.12-13;-16.4578217;-71.48686945;-1948618.126;2843157.812;E
1.17.12-13;-16.45805203;-71.48701305;-1948643.367;2843138.507;E
1.17.12-13;-16.4585829;-71.48726498;-1948702.545;2843102.975;E
1.17.12-13;-16.45864869;-71.4871104;-1948712.233;2843119.636;E
1.17.13-4; ; ;-1.516416327;20763369.87;E
1.17.13-4;-16.45756917;-71.4883428;-1948569.789;2842994.092;E
1.17.13-4;-16.45721926;-71.4878424;-1948535.019;2843055.417;E
1.17.13-4;-16.45666771;-71.48702329;-1948480.598;2843155.524;E
1.17.13-4;-16.45638624;-71.48721854;-1948445.054;2843137.084;E
1.17.13-4;-16.45646354;-71.48751473;-1948450.383;2843102.488;E
1.17.13-4;-16.45659793;-71.48791157;-1948461.145;2843055.734;E
1.17.13-4;-16.45672672;-71.48816206;-1948473.102;2843025.644;E
1.17.13-4;-16.45699368;-71.48857417;-1948499.245;2842975.418;E
1.17.13-4;-16.45741825;-71.48901884;-1948543.492;2842919.43;E
1.17.13-4;-16.45779732;-71.48857661;-1948593.631;2842964.589;E
1.17.14-3; ; ;-1.516416327;20763369.87;E
1.17.14-3;-16.45816119;-71.48522762;-1948678.816;2843339.492;E
1.17.14-3;-16.4578325;-71.48542977;-1948637.638;2843320.889;E
1.17.14-3;-16.45815998;-71.48601582;-1948668.686;2843250.147;E
1.17.14-3;-16.45841374;-71.48572002;-1948702.248;2843280.351;E
1.17.14-4; ; ;-1.516416327;20763369.87;E
1.17.14-4;-16.45792407;-71.48618712;-1948638.798;2843233.824;E
1.17.14-4;-16.45810987;-71.48606435;-1948662.184;2843245.304;E
1.17.14-4;-16.45778368;-71.48547481;-1948631.331;2843316.424;E
1.17.14-4;-16.4574763;-71.48566046;-1948592.865;2843299.413;E
1.17.14-4;-16.4574695;-71.48566139;-1948592.054;2843299.397;E
1.17.14-4;-16.45772918;-71.48619123;-1948615.85;2843235.918;E
1.17.14-6; ; ;-1.516416327;20763369.87;E
1.17.14-6;-16.45713631;-71.48520991;-1948558.63;2843354.958;E
1.17.14-6;-16.4566641;-71.48549009;-1948499.6;2843329.395;E
1.17.14-6;-16.45699962;-71.48585742;-1948534.365;2843283.343;E
1.17.14-6;-16.45737304;-71.48563521;-1948581.053;2843303.632;E
1.17.14-7; ; ;-1.516416327;20763369.87;E
1.17.14-7;-16.45751613;-71.48498152;-1948606.148;2843375.864;E
1.17.14-7;-16.45719282;-71.48518373;-1948565.6;2843357.185;E
1.17.14-7;-16.45742463;-71.48559885;-1948587.575;2843307.077;E
1.17.14-7;-16.45774425;-71.48540464;-1948627.588;2843324.898;E
1.17.14-8; ; ;-1.516416327;20763369.87;E
1.17.14-8;-16.45790332;-71.48476116;-1948654.431;2843395.762;E
1.17.14-8;-16.45756606;-71.48495271;-1948612.38;2843378.474;E
1.17.14-8;-16.45780665;-71.48536805;-1948635.383;2843328.227;E
1.17.14-8;-16.45812922;-71.48518071;-1948675.654;2843345.229;E
1.17.14-10; ; ;-1.516416327;20763369.87;E
1.17.14-10;-16.45754707;-71.48410056;-1948620.947;2843475.336;E
1.17.14-10;-16.45723344;-71.48429142;-1948581.68;2843457.815;E
1.17.14-10;-16.45755809;-71.48488611;-1948612.287;2843386.129;E
1.17.14-10;-16.45786997;-71.4846952;-1948651.348;2843403.678;E
1.17.15-1; ; ;-1.516416327;20763369.87;E
1.17.15-1;-16.46023515;-71.48655619;-1948905.644;2843161.633;E
1.17.15-1;-16.45926734;-71.48631008;-1948795.058;2843202.244;E
1.17.15-1;-16.45925798;-71.48656174;-1948790.77;2843173.837;E
1.17.15-1;-16.45965587;-71.48663758;-1948836.554;2843160.013;E
1.17.15-1;-16.45991179;-71.486716;-1948865.628;2843147.762;E
1.17.15-1;-16.46017967;-71.48680157;-1948896.016;2843134.542;E
1.17.15-3; ; ;-1.516416327;20763369.87;E
1.17.15-3;-16.4605287;-71.48579563;-1948949.771;2843244.002;E
1.17.15-3;-16.45975508;-71.48633172;-1948852.087;2843193.385;E
1.17.15-3;-16.46004659;-71.48639758;-1948885.501;2843182.09;E
1.17.15-3;-16.46018767;-71.48645532;-1948901.344;2843173.691;E
1.17.15-3;-16.46032052;-71.48653116;-1948915.991;2843163.349;E
1.17.15-3;-16.46078635;-71.48622694;-1948974.576;2843191.721;E
1.17.15-4; ; ;-1.516416327;20763369.87;E
1.17.15-4;-16.46047527;-71.48574652;-1948944.117;2843250.271;E
1.17.15-4;-16.460225;-71.48533712;-1948919.902;2843299.972;E
1.17.15-4;-16.45940882;-71.48586032;-1948817.379;2843251.376;E
1.17.15-4;-16.45918416;-71.48608719;-1948788.11;2843228.607;E
1.17.15-4;-16.45924488;-71.48619499;-1948793.877;2843215.587;E
1.17.15-4;-16.45935421;-71.48626396;-1948805.849;2843206.332;E
1.17.15-4;-16.45963807;-71.48631419;-1948838.562;2843196.91;E
1.17.15-10; ; ;-1.516416327;20763369.87;E
1.17.15-10;-16.46117673;-71.48468245;-1949040.016;2843361.692;E
1.17.15-10;-16.46069066;-71.48453148;-1948984.822;2843385.193;E
1.17.15-10;-16.46055121;-71.48509629;-1948961.28;2843322.991;E
1.17.15-10;-16.46029495;-71.48527094;-1948928.959;2843306.557;E
1.17.15-10;-16.46056707;-71.48568218;-1948955.718;2843256.361;E
1.17.15-10;-16.46096922;-71.48542734;-1949006.195;2843279.97;E
1.17.15-11; ; ;-1.516416327;20763369.87;E
1.17.15-11;-16.46141874;-71.48575358;-1949054.873;2843237.08;E
1.17.15-11;-16.46156646;-71.48540325;-1949076.668;2843274.856;E
1.17.15-11;-16.46169026;-71.48484975;-1949098.228;2843335.98;E
1.17.15-11;-16.46124116;-71.48471401;-1949047.186;2843357.268;E
1.17.15-11;-16.46111785;-71.48526108;-1949025.764;2843296.866;E
1.17.15-11;-16.46099011;-71.4855139;-1949007.552;2843269.882;E
1.17.15-11;-16.46058847;-71.48573083;-1948957.614;2843250.564;E
1.17.15-11;-16.46086744;-71.48617634;-1948984.744;2843196.392;E
1.17.15-11;-16.46133822;-71.48586838;-1949043.957;2843225.122;E
1.17.15-12; ; ;-1.516416327;20763369.87;E
1.17.15-12;-16.46191124;-71.48437194;-1949130.248;2843387.247;E
1.17.15-12;-16.46138219;-71.48418535;-1949070.455;2843415.35;E
1.17.15-12;-16.46126818;-71.48460599;-1949051.729;2843369.16;E
1.17.15-12;-16.46187429;-71.48478795;-1949120.633;2843340.569;E
1.17.15-13; ; ;-1.516416327;20763369.87;E
1.17.15-13;-16.46186188;-71.48379912;-1949131.709;2843452.836;E
1.17.15-13;-16.46164292;-71.48348668;-1949109.945;2843491.134;E
1.17.15-13;-16.46156865;-71.48338996;-1949102.445;2843503.075;E
1.17.15-13;-16.46141019;-71.48410798;-1949074.726;2843423.754;E
1.17.15-13;-16.46193464;-71.48430655;-1949133.826;2843394.353;E
1.17.15-13;-16.46204091;-71.48391309;-1949151.299;2843437.563;E
1.17.1-19; ; ;-1.516416327;20763369.87;NA
1.17.1-19;-16.46195239;-71.48891899;-1949077.453;2842871.212;NA
1.17.1-19;-16.4620428;-71.48857414;-1949092.444;2842909.119;NA
1.17.1-19;-16.46214583;-71.48820943;-1949109.171;2842949.113;NA
1.17.1-19;-16.46214194;-71.48820922;-1949108.717;2842949.188;NA
1.17.1-19;-16.46187059;-71.48809039;-1949078.343;2842966.223;NA
1.17.1-19;-16.46174172;-71.48872058;-1949055.216;2842896.472;NA
1.17.1-19;-16.46168019;-71.48907726;-1949043.467;2842856.845;NA
1.17.1-19;-16.4619432;-71.4891511;-1949073.432;2842845.019;NA
1.17.1-19;-16.46195448;-71.48892297;-1949077.648;2842870.734;NA
1.17.1-20; ; ;-1.516416327;20763369.87;NA
1.17.1-20;-16.46266034;-71.48657662;-1949190.313;2843127.464;NA
1.17.1-20;-16.4628576;-71.48632605;-1949216.664;2843153.28;NA
1.17.1-20;-16.46292604;-71.48604006;-1949228.329;2843184.802;NA
1.17.1-20;-16.46287316;-71.48572367;-1949226.127;2843221.366;NA
1.17.1-20;-16.46270637;-71.48546891;-1949209.761;2843252.439;NA
1.17.1-20;-16.46263335;-71.48532919;-1949202.953;2843269.238;NA
1.17.1-20;-16.46261987;-71.48515165;-1949203.62;2843289.542;NA
1.17.1-20;-16.46261158;-71.48503385;-1949204.139;2843303.006;NA
1.17.1-20;-16.46245644;-71.48505738;-1949185.614;2843302.376;NA
1.17.1-20;-16.46260562;-71.48600574;-1949191.119;2843192.903;NA
1.17.1-20;-16.46259377;-71.48618816;-1949187.416;2843172.377;NA
1.17.1-20;-16.46255322;-71.48628656;-1949181.404;2843161.755;NA
1.17.1-20;-16.46241792;-71.48650061;-1949162.795;2843139.265;NA
1.17.1-20;-16.4618239;-71.48735717;-1949082.149;2843049.96;NA
1.17.1-20;-16.46169299;-71.48755752;-1949064.231;2843028.966;NA
1.17.1-20;-16.46169302;-71.48767704;-1949062.719;2843015.415;NA
1.17.1-20;-16.46198671;-71.48731868;-1949101.766;2843052.185;NA
1.17.1-20;-16.46227093;-71.48703681;-1949138.73;2843080.408;NA
1.17.1-21; ; ;-1.516416327;20763369.87;NA
1.17.1-21;-16.46339437;-71.48482407;-1949298.766;2843316.506;NA
1.17.1-21;-16.46307514;-71.48461429;-1949263.919;2843344.482;NA
1.17.1-21;-16.46280025;-71.48483286;-1949228.853;2843323.314;NA
1.17.1-21;-16.46312895;-71.48507848;-1949264.357;2843291.151;NA
1.17.1-22; ; ;-1.516416327;20763369.87;NA
1.17.1-22;-16.46271956;-71.48357723;-1949235.29;2843466.725;NA
1.17.1-22;-16.46246584;-71.48387658;-1949201.686;2843436.121;NA
1.17.1-22;-16.46269838;-71.48415662;-1949225.456;2843401.318;NA
1.17.1-22;-16.46317149;-71.48460256;-1949275.389;2843344.547;NA
1.17.1-22;-16.46352321;-71.48478654;-1949314.379;2843319.069;NA
1.17.1-22;-16.46383872;-71.48420644;-1949358.801;2843380.689;NA
1.17.4-10; ; ;-1.516416327;20763369.87;NA
1.17.4-10;-16.4507609;-71.49583088;-1947675.089;2842234.514;NA
1.17.4-10;-16.45065319;-71.49574495;-1947663.522;2842245.669;NA
1.17.4-10;-16.45040407;-71.49558749;-1947636.248;2842266.789;NA
1.17.4-10;-16.45002746;-71.49546895;-1947593.504;2842285.169;NA
1.17.4-10;-16.45002291;-71.49546885;-1947592.971;2842285.24;NA
1.17.4-10;-16.44984406;-71.49550106;-1947571.551;2842283.935;NA
1.17.4-10;-16.44983366;-71.4955615;-1947569.564;2842277.218;NA
1.17.4-10;-16.44997233;-71.49560481;-1947585.307;2842270.489;NA
1.17.4-10;-16.4501983;-71.49571526;-1947610.456;2842255.003;NA
1.17.4-10;-16.45033754;-71.49574649;-1947626.42;2842249.636;NA
1.17.4-10;-16.45050494;-71.49585013;-1947644.774;2842235.69;NA
1.17.4-10;-16.45060211;-71.49595275;-1947654.89;2842222.781;NA
1.17.6-41; ; ;-1.516416327;20763369.87;NA
1.17.6-41;-16.44412033;-71.48247883;-1947063.978;2843835.479;NA
1.17.6-41;-16.44410134;-71.48226788;-1947064.419;2843859.647;NA
1.17.6-41;-16.44404002;-71.48214627;-1947058.754;2843874.24;NA
1.17.6-41;-16.44394242;-71.48219063;-1947046.725;2843870.491;NA
1.17.6-41;-16.4439553;-71.48235677;-1947046.134;2843851.485;NA
1.17.6-41;-16.44397721;-71.48245699;-1947047.439;2843839.833;NA
1.17.6-41;-16.44404182;-71.48256378;-1947053.679;2843826.878;NA
1.17.6-41;-16.4441031;-71.48257724;-1947060.708;2843824.547;NA
1.17.7-1; ; ;-1.516416327;20763369.87;NA
1.17.7-1;-16.44632288;-71.49309211;-1947188.366;2842603.239;NA
1.17.7-1;-16.44596289;-71.49300516;-1947147.174;2842617.819;NA
1.17.7-1;-16.44591166;-71.49316006;-1947139.194;2842600.93;NA
1.17.7-1;-16.44598635;-71.49321313;-1947147.297;2842593.933;NA
1.17.7-1;-16.44602675;-71.49335892;-1947150.198;2842576.873;NA
1.17.7-1;-16.44603411;-71.49384021;-1947144.97;2842522.21;NA
1.17.7-1;-16.4461049;-71.49384268;-1947153.255;2842521.002;NA
1.17.7-18; ; ;-1.516416327;20763369.87;NA
1.17.7-18;-16.45334014;-71.49196498;-1948027.057;2842638.955;NA
1.17.7-18;-16.45314445;-71.49211717;-1948002.139;2842624.269;NA
1.17.7-18;-16.4529806;-71.49223844;-1947981.354;2842612.67;NA
1.17.7-18;-16.45277536;-71.49232876;-1947956.098;2842605.124;NA
1.17.7-18;-16.45262245;-71.49237573;-1947937.538;2842601.806;NA
1.17.7-18;-16.45251973;-71.49239412;-1947925.237;2842601.069;NA
1.17.7-18;-16.45231721;-71.4924732;-1947900.442;2842594.76;NA
1.17.7-18;-16.45221912;-71.49251897;-1947888.339;2842590.858;NA
1.17.7-18;-16.45211229;-71.49258167;-1947874.994;2842585.151;NA
1.17.7-18;-16.45199395;-71.49264842;-1947860.247;2842579.137;NA
1.17.7-18;-16.45207261;-71.49280009;-1947867.567;2842560.91;NA
1.17.7-18;-16.45219827;-71.49273063;-1947883.209;2842567.136;NA
1.17.7-18;-16.45231583;-71.49270871;-1947897.298;2842568.078;NA
1.17.7-18;-16.4524234;-71.49266745;-1947910.459;2842571.344;NA
1.17.7-18;-16.45238352;-71.49259005;-1947906.754;2842580.643;NA
1.17.7-18;-16.45264533;-71.49251253;-1947938.494;2842585.996;NA
1.17.7-18;-16.45277451;-71.49246779;-1947954.236;2842589.373;NA
1.17.7-18;-16.45306524;-71.49238978;-1947989.381;2842594.401;NA
1.17.7-18;-16.45321322;-71.49228951;-1948008.036;2842603.828;NA
1.17.7-18;-16.45345559;-71.49210034;-1948038.906;2842622.093;NA
1.17.7-31; ; ;-1.516416327;20763369.87;NA
1.17.7-31;-16.44806653;-71.49175137;-1947410.193;2842732.372;NA
1.17.7-31;-16.44795103;-71.49171811;-1947397.044;2842737.658;NA
1.17.7-31;-16.44789945;-71.49183521;-1947389.501;2842725.059;NA
1.17.7-31;-16.44837232;-71.49210157;-1947441.684;2842688.656;NA
1.17.7-31;-16.4484306;-71.49197289;-1947450.161;2842702.48;NA
1.17.7-41; ; ;-1.516416327;20763369.87;NA
1.17.7-41;-16.45340913;-71.4908221;-1948049.637;2842767.62;NA
1.17.7-41;-16.45353611;-71.49062772;-1948067.017;2842787.99;NA
1.17.7-41;-16.45362551;-71.49041008;-1948080.277;2842811.491;NA
1.17.7-41;-16.45325981;-71.49025591;-1948039.266;2842833.77;NA
1.17.7-41;-16.453188;-71.49042981;-1948028.626;2842814.996;NA
1.17.7-41;-16.45304854;-71.49067434;-1948009.145;2842789.105;NA
1.17.7-41;-16.45259702;-71.49107516;-1947951.021;2842749.588;NA
1.17.7-41;-16.4528207;-71.49136677;-1947973.607;2842713.591;NA
1.17.7-41;-16.45330309;-71.49097428;-1948035.251;2842751.759;NA
1.17.7-42; ; ;-1.516416327;20763369.87;NA
1.17.7-42;-16.45371505;-71.49018879;-1948093.599;2842835.404;NA
1.17.7-42;-16.45374043;-71.49002072;-1948098.71;2842854.126;NA
1.17.7-42;-16.45370244;-71.48980264;-1948097.008;2842879.349;NA
1.17.7-42;-16.45361224;-71.48937068;-1948091.883;2842929.506;NA
1.17.7-42;-16.45340131;-71.48902836;-1948071.438;2842971.084;NA
1.17.7-42;-16.45308879;-71.48927854;-1948031.552;2842946.822;NA
1.17.7-42;-16.45321996;-71.48951896;-1948043.918;2842917.843;NA
1.17.7-42;-16.45325769;-71.48975265;-1948045.391;2842890.853;NA
1.17.7-42;-16.45329641;-71.49004249;-1948046.268;2842857.485;NA
1.17.7-42;-16.45326169;-71.49023396;-1948039.764;2842836.234;NA
1.17.7-42;-16.4536361;-71.49039908;-1948081.661;2842812.6;NA
1.17.7-43; ; ;-1.516416327;20763369.87;NA
1.17.7-43;-16.45320981;-71.49023108;-1948033.705;2842837.241;NA
1.17.7-43;-16.45325302;-71.4900304;-1948041.324;2842859.426;NA
1.17.7-43;-16.45320242;-71.48961249;-1948040.672;2842907.47;NA
1.17.7-43;-16.45286587;-71.48970662;-1947999.939;2842901.215;NA
1.17.7-43;-16.45290376;-71.48999478;-1948000.742;2842868.048;NA
1.17.7-43;-16.45281664;-71.49033956;-1947986.14;2842830.102;NA
1.17.7-43;-16.45306337;-71.49050913;-1948012.98;2842807.64;NA
1.17.7-43;-16.45314371;-71.49036842;-1948024.2;2842822.538;NA
1.17.7-50; ; ;-1.516416327;20763369.87;NA
1.17.7-50;-16.45354183;-71.48863658;-1948092.909;2843013.658;NA
1.17.7-50;-16.45354015;-71.48863678;-1948092.709;2843013.657;NA
1.17.7-50;-16.45348408;-71.4886075;-1948086.493;2843017.712;NA
1.17.7-50;-16.45341611;-71.48856648;-1948079.027;2843023.255;NA
1.17.7-50;-16.45336613;-71.48854177;-1948073.468;2843026.713;NA
1.17.7-50;-16.45325932;-71.48850729;-1948061.356;2843032.023;NA
1.17.7-50;-16.45318296;-71.48846486;-1948052.922;2843037.836;NA
1.17.7-50;-16.45313603;-71.48845387;-1948047.548;2843039.699;NA
1.17.7-50;-16.453062;-71.48843901;-1948039.038;2843042.355;NA
1.17.7-50;-16.4529501;-71.48840903;-1948026.272;2843047.223;NA
1.17.7-50;-16.45285099;-71.48840582;-1948014.668;2843048.887;NA
1.17.7-50;-16.45273448;-71.4883974;-1948001.086;2843051.371;NA
1.17.7-50;-16.45273219;-71.48839754;-1948000.816;2843051.386;NA
1.17.7-50;-16.45272531;-71.48839399;-1948000.053;2843051.878;NA
1.17.7-50;-16.45260337;-71.48839525;-1947985.71;2843053.336;NA
1.17.7-50;-16.45241278;-71.48836046;-1947963.758;2843059.782;NA
1.17.7-50;-16.45241022;-71.4883585;-1947963.482;2843060.038;NA
1.17.7-50;-16.45220954;-71.48831088;-1947940.509;2843068.071;NA
1.17.7-50;-16.4521464;-71.48827806;-1947933.506;2843072.621;NA
1.17.7-50;-16.45232536;-71.48797582;-1947958.36;2843104.539;NA
1.17.7-50;-16.45222745;-71.48781397;-1947948.907;2843124.173;NA
1.17.7-50;-16.45188889;-71.48788494;-1947908.232;2843120.571;NA
1.17.7-50;-16.45189831;-71.48810641;-1947906.533;2843095.338;NA
1.17.7-50;-16.45199916;-71.48826269;-1947916.403;2843076.296;NA
1.17.7-50;-16.45217497;-71.488395;-1947935.381;2843058.988;NA
1.17.7-50;-16.45236381;-71.48848752;-1947956.395;2843046.02;NA
1.17.7-50;-16.45246602;-71.48852164;-1947967.972;2843040.81;NA
1.17.7-50;-16.4525648;-71.4885383;-1947979.366;2843037.625;NA
1.17.7-50;-16.45267204;-71.48854337;-1947991.901;2843035.642;NA
1.17.7-50;-16.45281346;-71.48857613;-1948008.101;2843030.072;NA
1.17.7-50;-16.45295224;-71.48860877;-1948023.993;2843024.549;NA
1.17.7-50;-16.45307013;-71.48866001;-1948037.194;2843017.192;NA
1.17.7-50;-16.45321954;-71.48872977;-1948053.865;2843007.322;NA
1.17.7-50;-16.45336797;-71.48886141;-1948069.636;2842990.449;NA
1.17.7-50;-16.45357185;-71.48866329;-1948096.098;2843010.235;NA
1.17.7-53; ; ;-1.516416327;20763369.87;NA
1.17.7-53;-16.45007724;-71.48928298;-1947677.679;2842985.845;NA
1.17.7-53;-16.45011235;-71.48937057;-1947680.695;2842975.453;NA
1.17.7-53;-16.45023642;-71.48931209;-1947696.012;2842980.455;NA
1.17.7-53;-16.45026689;-71.48938972;-1947698.61;2842971.254;NA
1.17.7-53;-16.45096078;-71.48885735;-1947786.874;2843022.505;NA
1.17.7-53;-16.45108681;-71.4889473;-1947800.541;2843010.653;NA
1.17.7-53;-16.4513118;-71.48880621;-1947828.762;2843023.696;NA
1.17.7-53;-16.4512712;-71.48859409;-1947826.679;2843048.278;NA
1.17.7-53;-16.45111483;-71.48830776;-1947811.933;2843082.794;NA
1.17.7-53;-16.45039967;-71.48876084;-1947722.173;2843040.811;NA
1.17.7-53;-16.45011229;-71.48888633;-1947686.821;2843030.355;NA
1.17.7-53;-16.44977123;-71.48913409;-1947643.613;2843006.741;NA
1.17.7-53;-16.44987253;-71.48937869;-1947652.417;2842977.679;NA
1.17.7-54; ; ;-1.516416327;20763369.87;NA
1.17.7-54;-16.45183632;-71.48805091;-1947899.953;2843102.444;NA
1.17.7-54;-16.45179264;-71.48785164;-1947897.346;2843125.61;NA
1.17.7-54;-16.45136786;-71.48805102;-1947844.913;2843108.58;NA
1.17.7-54;-16.45153104;-71.48849103;-1947858.512;2843056.552;NA
1.17.7-54;-16.45172325;-71.4883611;-1947882.74;2843068.76;NA
1.17.7-54;-16.45194141;-71.48827495;-1947909.462;2843075.664;NA
1.17.8-10; ; ;-1.516416327;20763369.87;NA
1.17.8-10;-16.44769066;-71.49812208;-1947285.389;2842015.029;NA
1.17.8-10;-16.44770723;-71.49801303;-1947288.716;2842027.176;NA
1.17.8-10;-16.44773475;-71.4978005;-1947294.639;2842050.91;NA
1.17.8-10;-16.44778379;-71.4975713;-1947303.302;2842076.252;NA
1.17.8-10;-16.44788739;-71.49726385;-1947319.364;2842109.749;NA
1.17.8-10;-16.44793638;-71.49661149;-1947333.376;2842183.066;NA
1.17.8-10;-16.44775853;-71.49653155;-1947313.494;2842194.463;NA
1.17.8-10;-16.44779502;-71.49690923;-1947313;2842151.165;NA
1.17.8-10;-16.44774024;-71.49693495;-1947306.239;2842148.967;NA
1.17.8-10;-16.44769672;-71.49697602;-1947300.606;2842144.882;NA
1.17.8-10;-16.44763761;-71.49708612;-1947292.268;2842133.175;NA
1.17.8-10;-16.44765854;-71.49726647;-1947292.445;2842112.453;NA
1.17.8-10;-16.44766941;-71.49750366;-1947290.72;2842085.42;NA
1.17.8-10;-16.44760913;-71.49815035;-1947275.453;2842012.894;NA
1.17.8-10;-16.44766298;-71.49814646;-1947281.829;2842012.628;NA
1.17.8-23; ; ;-1.516416327;20763369.87;NA
1.17.8-23;-16.44386491;-71.49445021;-1946882.402;2842481.502;NA
1.17.8-23;-16.44372357;-71.49416468;-1946869.411;2842515.728;NA
1.17.8-23;-16.44354029;-71.49470636;-1946841.023;2842456.717;NA
1.17.8-23;-16.44367115;-71.49463306;-1946857.324;2842463.311;NA
1.17.12-7; ; ;-1.516416327;20763369.87;NA
1.17.12-7;-16.45918721;-71.48754852;-1948769.95;2843062.894;NA
1.17.12-7;-16.45871073;-71.48737286;-1948716.196;2843089.066;NA
1.17.12-7;-16.45861133;-71.4876378;-1948701.161;2843060.334;NA
1.17.12-7;-16.4584367;-71.48783423;-1948678.155;2843040.358;NA
1.17.12-7;-16.45847144;-71.48796393;-1948680.593;2843025.198;NA
1.17.12-7;-16.45881873;-71.48822698;-1948718.062;2842990.815;NA
1.17.12-7;-16.45905496;-71.48794783;-1948749.353;2843019.361;NA
1.17.12-8; ; ;-1.516416327;20763369.87;NA
1.17.12-8;-16.45847487;-71.48804383;-1948679.983;2843016.094;NA
1.17.12-8;-16.45834766;-71.48786687;-1948667.28;2843037.827;NA
1.17.12-8;-16.45819672;-71.48776484;-1948650.841;2843051.376;NA
1.17.12-8;-16.45795944;-71.48764329;-1948624.503;2843068.272;NA
1.17.12-8;-16.45771048;-71.48810996;-1948589.34;2843018.633;NA
1.17.12-8;-16.45793406;-71.48821683;-1948614.254;2843003.583;NA
1.17.12-8;-16.45813401;-71.48829546;-1948636.749;2842992.042;NA
1.17.12-8;-16.45826104;-71.48831636;-1948651.409;2842988.005;NA
1.17.12-8;-16.45843754;-71.48832885;-1948671.987;2842984.272;NA
1.17.12-8;-16.45863785;-71.48831941;-1948695.639;2842982.712;NA
1.17.12-8;-16.45875411;-71.48825422;-1948710.125;2842988.575;NA
1.17.12-9; ; ;-1.516416327;20763369.87;NA
1.17.12-9;-16.45793332;-71.48763106;-1948621.59;2843070.001;NA
1.17.12-9;-16.45726165;-71.48705023;-1948550.036;2843144.67;NA
1.17.12-9;-16.45696035;-71.48681717;-1948517.59;2843175.05;NA
1.17.12-9;-16.45687644;-71.48691017;-1948506.554;2843165.607;NA
1.17.12-9;-16.45718255;-71.48746187;-1948535.528;2843099.04;NA
1.17.12-9;-16.45736753;-71.48773682;-1948553.776;2843065.441;NA
1.17.12-9;-16.45767431;-71.48808026;-1948585.468;2843022.476;NA
1.17.13-1; ; ;-1.516416327;20763369.87;NA
1.17.13-1;-16.4558576;-71.48457224;-1948416.476;2843444.045;NA
1.17.13-1;-16.45594964;-71.48469824;-1948425.693;2843428.552;NA
1.17.13-1;-16.45605818;-71.48490999;-1948435.762;2843403.119;NA
1.17.13-1;-16.45602291;-71.48470818;-1948434.176;2843426.463;NA
1.17.13-1;-16.45595687;-71.48452038;-1948428.796;2843448.621;NA
1.17.13-1;-16.45582974;-71.48435722;-1948415.927;2843468.789;NA
1.17.13-1;-16.4555714;-71.48406834;-1948389.236;2843504.934;NA
1.17.13-1;-16.45538709;-71.48431776;-1948364.421;2843479.076;NA
1.17.13-1;-16.45563675;-71.48442364;-1948392.412;2843463.793;NA
1.17.13-2; ; ;-1.516416327;20763369.87;NA
1.17.13-2;-16.45608181;-71.48515905;-1948435.383;2843374.572;NA
1.17.13-2;-16.456078;-71.48508465;-1948435.878;2843383.057;NA
1.17.13-2;-16.45584218;-71.48461324;-1948414.145;2843439.599;NA
1.17.13-2;-16.45567689;-71.48470568;-1948393.554;2843431.29;NA
1.17.13-2;-16.45569167;-71.48483344;-1948393.671;2843416.61;NA
1.17.13-2;-16.45573299;-71.48497524;-1948396.729;2843399.991;NA
1.17.13-2;-16.4556624;-71.48520588;-1948385.514;2843374.77;NA
1.17.13-2;-16.4557296;-71.48525952;-1948392.729;2843367.806;NA
1.17.13-3; ; ;-1.516416327;20763369.87;NA
1.17.13-3;-16.45619204;-71.48579603;-1948440.262;2843300.908;NA
1.17.13-3;-16.45586736;-71.48542402;-1948406.83;2843347.347;NA
1.17.13-3;-16.45575091;-71.48551265;-1948392.025;2843338.828;NA
1.17.13-3;-16.45592913;-71.48599624;-1948406.837;2843281.661;NA
1.17.13-5; ; ;-1.516416327;20763369.87;NA
1.17.13-5;-16.45874418;-71.48978443;-1948689.57;2842815.227;NA
1.17.13-5;-16.45781301;-71.4893793;-1948585.304;2842873.382;NA
1.17.13-5;-16.45772528;-71.4896805;-1948571.182;2842840.386;NA
1.17.13-5;-16.45865153;-71.49002612;-1948675.624;2842789.042;NA
1.17.13-6; ; ;-1.516416327;20763369.87;NA
1.17.13-6;-16.45724222;-71.48919384;-1948520.594;2842901.902;NA
1.17.13-6;-16.45748714;-71.48942096;-1948546.491;2842872.937;NA
1.17.13-6;-16.45760007;-71.48927394;-1948561.622;2842888.122;NA
1.17.13-6;-16.45756541;-71.48922486;-1948558.172;2842894.142;NA
1.17.13-6;-16.45735148;-71.48903203;-1948535.481;2842918.812;NA
1.17.14-1; ; ;-1.516416327;20763369.87;NA
1.17.14-1;-16.45880362;-71.48554886;-1948750.224;2843294.635;NA
1.17.14-1;-16.45860121;-71.48571938;-1948724.282;2843277.961;NA
1.17.14-1;-16.4589406;-71.48599294;-1948760.689;2843242.491;NA
1.17.14-1;-16.4590095;-71.48594079;-1948769.445;2843247.497;NA
1.17.14-2; ; ;-1.516416327;20763369.87;NA
1.17.14-2;-16.45872766;-71.48547025;-1948742.295;2843304.544;NA
1.17.14-2;-16.45821906;-71.48457195;-1948693.924;2843413.067;NA
1.17.14-2;-16.45796808;-71.48473141;-1948662.416;2843398.285;NA
1.17.14-2;-16.45846291;-71.48560411;-1948709.494;2843292.846;NA
1.17.14-5; ; ;-1.516416327;20763369.87;NA
1.17.14-5;-16.45741118;-71.48568971;-1948584.844;2843296.952;NA
1.17.14-5;-16.45705921;-71.48589788;-1948540.854;2843277.973;NA
1.17.14-5;-16.45764859;-71.4861507;-1948606.895;2843241.571;NA
1.17.14-9; ; ;-1.516416327;20763369.87;NA
1.17.14-9;-16.45782848;-71.48391371;-1948656.378;2843492.823;NA
1.17.14-9;-16.45758834;-71.48406309;-1948626.272;2843479.041;NA
1.17.14-9;-16.45792344;-71.48466969;-1948657.955;2843405.867;NA
1.17.14-9;-16.45817821;-71.48451932;-1948689.793;2843419.57;NA
1.17.14-11; ; ;-1.516416327;20763369.87;NA
1.17.14-11;-16.45748535;-71.48491336;-1948603.395;2843383.996;NA
1.17.14-11;-16.45717488;-71.48433097;-1948574.299;2843454.1;NA
1.17.14-11;-16.45685106;-71.48453039;-1948533.727;2843435.744;NA
1.17.14-11;-16.4571663;-71.48510121;-1948563.531;2843366.889;NA
1.17.14-11;-16.457488;-71.48491293;-1948603.712;2843384.01;NA
1.17.14-12; ; ;-1.516416327;20763369.87;NA
1.17.14-12;-16.45712213;-71.48515179;-1948557.7;2843361.734;NA
1.17.14-12;-16.45692003;-71.48480103;-1948538.401;2843404.155;NA
1.17.14-12;-16.4565556;-71.48503468;-1948492.624;2843382.45;NA
1.17.14-12;-16.45664693;-71.48541977;-1948498.474;2843337.593;NA
1.17.14-13; ; ;-1.516416327;20763369.87;NA
1.17.14-13;-16.45669234;-71.48439894;-1948516.745;2843452.731;NA
1.17.14-13;-16.4564435;-71.48455696;-1948485.507;2843438.084;NA
1.17.14-13;-16.45635242;-71.48478886;-1948471.867;2843412.988;NA
1.17.14-13;-16.45646862;-71.48497927;-1948483.107;2843389.875;NA
1.17.14-13;-16.45686281;-71.48474269;-1948532.417;2843411.52;NA
1.17.14-14; ; ;-1.516416327;20763369.87;NA
1.17.14-14;-16.45713255;-71.48427127;-1948570.083;2843461.425;NA
1.17.14-14;-16.45689396;-71.48383937;-1948547.524;2843513.525;NA
1.17.14-14;-16.4565706;-71.48404195;-1948506.966;2843494.803;NA
1.17.14-14;-16.45681962;-71.484468;-1948530.824;2843443.231;NA
1.17.14-15; ; ;-1.516416327;20763369.87;NA
1.17.14-15;-16.45750363;-71.48405033;-1948616.481;2843481.6;NA
1.17.14-15;-16.45724172;-71.48360352;-1948591.371;2843535.697;NA
1.17.14-15;-16.45694491;-71.48379267;-1948554.102;2843518.15;NA
1.17.14-15;-16.4571977;-71.48423202;-1948578.234;2843465.019;NA
1.17.14-16; ; ;-1.516416327;20763369.87;NA
1.17.14-16;-16.4575216;-71.4833664;-1948627.259;2843558.905;NA
1.17.14-16;-16.45716959;-71.4827233;-1948594.052;2843636.439;NA
1.17.14-16;-16.45707134;-71.48275092;-1948582.158;2843634.598;NA
1.17.14-16;-16.45692528;-71.48288567;-1948563.29;2843621.239;NA
1.17.14-16;-16.45729505;-71.48350375;-1948598.902;2843546.308;NA
1.17.14-17; ; ;-1.516416327;20763369.87;NA
1.17.14-17;-16.45688226;-71.48293989;-1948557.549;2843615.657;NA
1.17.14-17;-16.45656716;-71.48314343;-1948517.948;2843596.718;NA
1.17.14-17;-16.45691779;-71.48375059;-1948551.449;2843523.276;NA
1.17.14-17;-16.45722313;-71.48356114;-1948589.724;2843540.746;NA
1.17.14-18; ; ;-1.516416327;20763369.87;NA
1.17.14-18;-16.45686688;-71.48379471;-1948544.908;2843518.944;NA
1.17.14-18;-16.45653357;-71.48320308;-1948513.245;2843590.397;NA
1.17.14-18;-16.45621038;-71.48340242;-1948472.748;2843572.041;NA
1.17.14-18;-16.45653636;-71.48398304;-1948503.69;2843501.932;NA
1.17.14-19; ; ;-1.516416327;20763369.87;NA
1.17.14-19;-16.45716545;-71.48259705;-1948595.166;2843650.807;NA
1.17.14-19;-16.45698835;-71.48218328;-1948579.603;2843700.044;NA
1.17.14-19;-16.4566485;-71.48236604;-1948537.357;2843683.787;NA
1.17.14-19;-16.45684444;-71.48277149;-1948555.24;2843635.245;NA
1.17.14-20; ; ;-1.516416327;20763369.87;NA
1.17.14-20;-16.45621841;-71.48072872;-1948507.577;2843875.069;NA
1.17.14-20;-16.45591536;-71.48090427;-1948469.747;2843859.146;NA
1.17.14-20;-16.45591135;-71.48100786;-1948467.962;2843847.454;NA
1.17.14-20;-16.45623301;-71.48159542;-1948498.308;2843776.613;NA
1.17.14-20;-16.45656504;-71.48226585;-1948528.821;2843696.242;NA
1.17.14-20;-16.4569206;-71.48206007;-1948573.203;2843714.903;NA
1.17.14-21; ; ;-1.516416327;20763369.87;NA
1.17.14-21;-16.45558538;-71.48002019;-1948442.181;2843963.715;NA
1.17.14-21;-16.45570498;-71.48042445;-1948451.11;2843916.31;NA
1.17.14-21;-16.45584886;-71.48081376;-1948463.08;2843870.282;NA
1.17.14-21;-16.45618027;-71.48064129;-1948504.204;2843885.482;NA
1.17.14-21;-16.45578803;-71.47990783;-1948467.416;2843973.792;NA
1.17.15-2; ; ;-1.516416327;20763369.87;NA
1.17.15-2;-16.46103727;-71.48628905;-1949003.268;2843181.383;NA
1.17.15-2;-16.46120166;-71.48621737;-1949023.491;2843187.35;NA
1.17.15-2;-16.46136243;-71.48611642;-1949043.658;2843196.684;NA
1.17.15-2;-16.46147936;-71.48601507;-1949058.681;2843206.638;NA
1.17.15-2;-16.46139743;-71.48589993;-1949050.514;2843220.768;NA
1.17.15-2;-16.46129798;-71.48599295;-1949037.651;2843211.528;NA
1.17.15-2;-16.46115388;-71.48608334;-1949019.575;2843203.173;NA
1.17.15-2;-16.46107343;-71.486134;-1949009.482;2843198.487;NA
1.17.15-2;-16.46090625;-71.4862231;-1948988.711;2843190.581;NA
1.17.15-2;-16.46049265;-71.48646416;-1948937.063;2843168.684;NA
1.17.15-2;-16.46035411;-71.48658957;-1948919.197;2843156.286;NA
1.17.15-2;-16.46034944;-71.48659045;-1948918.637;2843156.248;NA
1.17.15-2;-16.46039348;-71.48667162;-1948922.784;2843146.467;NA
1.17.15-2;-16.46076355;-71.486416;-1948969.501;2843170.587;NA
1.17.15-5; ; ;-1.516416327;20763369.87;NA
1.17.15-5;-16.46017819;-71.48523806;-1948915.657;2843311.818;NA
1.17.15-5;-16.45992206;-71.48480519;-1948891.051;2843364.257;NA
1.17.15-5;-16.45882799;-71.48549355;-1948753.788;2843300.585;NA
1.17.15-5;-16.45908609;-71.48595124;-1948778.311;2843245.307;NA
1.17.15-6; ; ;-1.516416327;20763369.87;NA
1.17.15-6;-16.45939287;-71.48503024;-1948826.025;2843345.693;NA
1.17.15-6;-16.45914299;-71.48461856;-1948801.885;2843395.648;NA
1.17.15-6;-16.4585434;-71.48500695;-1948726.519;2843359.49;NA
1.17.15-6;-16.45877052;-71.48541905;-1948747.979;2843309.786;NA
1.17.15-7; ; ;-1.516416327;20763369.87;NA
1.17.15-7;-16.45884752;-71.48414694;-1948773.149;2843452.998;NA
1.17.15-7;-16.45825266;-71.48451017;-1948698.656;2843419.63;NA
1.17.15-7;-16.4585063;-71.48493545;-1948723.065;2843368.083;NA
1.17.15-7;-16.45910655;-71.48453933;-1948798.608;2843405.109;NA
1.17.15-8; ; ;-1.516416327;20763369.87;NA
1.17.15-8;-16.45946066;-71.484055;-1948846.35;2843455.368;NA
1.17.15-8;-16.45916124;-71.48395947;-1948812.383;2843470.131;NA
1.17.15-8;-16.45891137;-71.48409469;-1948781.312;2843458.082;NA
1.17.15-8;-16.45945081;-71.48498678;-1948833.384;2843349.86;NA
1.17.15-8;-16.45983773;-71.48472592;-1948882.149;2843374.351;NA
1.17.15-14; ; ;-1.516416327;20763369.87;NA
1.17.15-14;-16.46117056;-71.48288942;-1949062.019;2843565.051;NA
1.17.15-14;-16.4611072;-71.48308484;-1949052.097;2843543.729;NA
1.17.15-14;-16.46086198;-71.48388744;-1949013.113;2843455.958;NA
1.17.15-14;-16.46136895;-71.48403894;-1949070.756;2843432.123;NA
1.17.15-14;-16.46154417;-71.48330974;-1949100.586;2843512.491;NA