type;ident;lat;long;y_proj;x_proj;ingreso_economico;new_seg;display;color;altitude;depth;temp;time;model;filename;ltime
TRACK;1.23.1-1; ; ;-1.516416327;20763369.87;NA; ; ; ; ; ; ; ; ; ; 
TRACK;1.23.1-1;-16.426692;-71.63344123;-1943114.233;2826952.581;NA;False; ; ;0; ; ; ; ; ; 
TRACK;1.23.1-1;-16.42653455;-71.63302641;-1943100.953;2827001.627;NA;False; ; ;0; ; ; ; ; ; 
TRACK;1.23.1-1;-16.42643736;-71.63309795;-1943088.647;2826994.786;NA;False; ; ;0; ; ; ; ; ; 
TRACK;1.23.1-1;-16.42626002;-71.63319664;-1943066.589;2826985.909;NA;False; ; ;0; ; ; ; ; ; 
TRACK;1.23.1-1;-16.42615392;-71.63333615;-1943052.385;2826971.481;NA;False; ; ;0; ; ; ; ; ; 
TRACK;1.23.1-1;-16.42636983;-71.63358764;-1943074.576;2826940.18;NA;False; ; ;0; ; ; ; ; ; 
TRACK;1.23.1-1;-16.42650752;-71.6334761;-1943092.139;2826951.029;NA;False; ; ;0; ; ; ; ; ; 
TRACK;1.23.1-2; ; ;-1.516416327;20763369.87;NA; ; ; ; ; ; ; ; ; ; 
TRACK;1.23.1-2;-16.42652507;-71.63439536;-1943082.668;2826846.648;NA;False; ; ;0; ; ; ; ; ; 
TRACK;1.23.1-2;-16.42649465;-71.63422661;-1943081.213;2826866.163;NA;False; ; ;0; ; ; ; ; ; 
TRACK;1.23.1-2;-16.42636174;-71.63429052;-1943064.808;2826860.649;NA;False; ; ;0; ; ; ; ; ; 
TRACK;1.23.1-2;-16.42621356;-71.634307;-1943047.207;2826860.707;NA;False; ; ;0; ; ; ; ; ; 
TRACK;1.23.1-2;-16.42622837;-71.63447688;-1943046.815;2826841.267;NA;False; ; ;0; ; ; ; ; ; 
TRACK;1.23.1-2;-16.42639712;-71.63447542;-1943066.642;2826839.239;NA;False; ; ;0; ; ; ; ; ; 
TRACK;1.23.1-3; ; ;-1.516416327;20763369.87;NA; ; ; ; ; ; ; ; ; ; 
TRACK;1.23.1-3;-16.42633947;-71.63467987;-1943057.31;2826816.824;NA;False; ; ;0; ; ; ; ; ; 
TRACK;1.23.1-3;-16.42653805;-71.63468091;-1943080.61;2826814.125;NA;False; ; ;0; ; ; ; ; ; 
TRACK;1.23.1-3;-16.42660201;-71.63444371;-1943091.094;2826840.17;NA;False; ; ;0; ; ; ; ; ; 
TRACK;1.23.1-3;-16.4264095;-71.63449616;-1943067.835;2826836.729;NA;False; ; ;0; ; ; ; ; ; 
TRACK;1.23.1-3;-16.42623478;-71.63449315;-1943047.362;2826839.34;NA;False; ; ;0; ; ; ; ; ; 
TRACK;1.23.1-3;-16.4262611;-71.63466519;-1943048.294;2826819.507;NA;False; ; ;0; ; ; ; ; ; 
TRACK;1.23.1-4; ; ;-1.516416327;20763369.87;NA; ; ; ; ; ; ; ; ; ; 
TRACK;1.23.1-4;-16.42597558;-71.63432786;-1943019.008;2826861.437;NA;False; ; ;0; ; ; ; ; ; 
TRACK;1.23.1-4;-16.42580201;-71.63436596;-1942998.153;2826859.377;NA;False; ; ;0; ; ; ; ; ; 
TRACK;1.23.1-4;-16.42592735;-71.6346119;-1943009.782;2826829.882;NA;False; ; ;0; ; ; ; ; ; 
TRACK;1.23.1-4;-16.42596931;-71.63473641;-1943013.147;2826815.229;NA;False; ; ;0; ; ; ; ; ; 
TRACK;1.23.1-4;-16.42626018;-71.63469922;-1943047.76;2826815.662;NA;False; ; ;0; ; ; ; ; ; 
TRACK;1.23.1-4;-16.42619334;-71.63430025;-1943044.917;2826861.735;NA;False; ; ;0; ; ; ; ; ; 
TRACK;1.23.1-5; ; ;-1.516416327;20763369.87;NA; ; ; ; ; ; ; ; ; ; 
TRACK;1.23.1-5;-16.42606658;-71.63385814;-1943035.582;2826913.474;NA;False; ; ;0; ; ; ; ; ; 
TRACK;1.23.1-5;-16.42601962;-71.63392914;-1943029.179;2826906.041;NA;False; ; ;0; ; ; ; ; ; 
TRACK;1.23.1-5;-16.42611306;-71.63411178;-1943037.857;2826884.132;NA;False; ; ;0; ; ; ; ; ; 
TRACK;1.23.1-5;-16.42622819;-71.63428113;-1943049.248;2826863.448;NA;False; ; ;0; ; ; ; ; ; 
TRACK;1.23.1-5;-16.42634662;-71.6342667;-1943063.333;2826863.545;NA;False; ; ;0; ; ; ; ; ; 
TRACK;1.23.1-5;-16.42642779;-71.63400991;-1943076.083;2826891.583;NA;False; ; ;0; ; ; ; ; ; 
TRACK;1.23.1-5;-16.42666005;-71.63380856;-1943105.875;2826911.378;NA;False; ; ;0; ; ; ; ; ; 
TRACK;1.23.1-5;-16.42642258;-71.63355828;-1943081.137;2826942.821;NA;False; ; ;0; ; ; ; ; ; 
TRACK;1.23.1-5;-16.4261465;-71.63378321;-1943045.905;2826920.926;NA;False; ; ;0; ; ; ; ; ; 
TRACK;1.23.1-5;-16.42607672;-71.63377958;-1943037.759;2826922.244;NA;False; ; ;0; ; ; ; ; ; 
TRACK;1.23.1-6; ; ;-1.516416327;20763369.87;NA; ; ; ; ; ; ; ; ; ; 
TRACK;1.23.1-6;-16.42568719;-71.63437146;-1942984.605;2826860.246;NA;False; ; ;0; ; ; ; ; ; 
TRACK;1.23.1-6;-16.42572553;-71.63441685;-1942988.537;2826854.604;NA;False; ; ;0; ; ; ; ; ; 
TRACK;1.23.1-6;-16.42581394;-71.63434693;-1942999.792;2826861.377;NA;False; ; ;0; ; ; ; ; ; 
TRACK;1.23.1-6;-16.42597934;-71.63429014;-1943019.922;2826865.661;NA;False; ; ;0; ; ; ; ; ; 
TRACK;1.23.1-6;-16.42621187;-71.63428798;-1943047.247;2826862.885;NA;False; ; ;0; ; ; ; ; ; 
TRACK;1.23.1-6;-16.42610496;-71.63412634;-1943036.724;2826882.588;NA;False; ; ;0; ; ; ; ; ; 
TRACK;1.23.1-6;-16.42599392;-71.63391473;-1943026.343;2826908.006;NA;False; ; ;0; ; ; ; ; ; 
TRACK;1.23.1-6;-16.42587033;-71.63396083;-1943011.256;2826904.39;NA;False; ; ;0; ; ; ; ; ; 
TRACK;1.23.1-6;-16.42579492;-71.63399792;-1943001.937;2826901.168;NA;False; ; ;0; ; ; ; ; ; 
TRACK;1.23.1-6;-16.42570261;-71.63407822;-1942990.094;2826893.27;NA;False; ; ;0; ; ; ; ; ; 
TRACK;1.23.1-6;-16.42557573;-71.63414632;-1942974.344;2826887.203;NA;False; ; ;0; ; ; ; ; ; 
TRACK;1.23.1-6;-16.42562768;-71.63429258;-1942978.608;2826869.956;NA;False; ; ;0; ; ; ; ; ; 
TRACK;1.23.1-7; ; ;-1.516416327;20763369.87;NA; ; ; ; ; ; ; ; ; ; 
TRACK;1.23.1-7;-16.42560286;-71.6345303;-1942972.713;2826843.345;NA;False; ; ;0; ; ; ; ; ; 
TRACK;1.23.1-7;-16.42572218;-71.63442761;-1942988.008;2826853.429;NA;False; ; ;0; ; ; ; ; ; 
TRACK;1.23.1-7;-16.42561115;-71.63431094;-1942976.437;2826868.091;NA;False; ; ;0; ; ; ; ; ; 
TRACK;1.23.1-7;-16.42555025;-71.63415483;-1942971.247;2826886.569;NA;False; ; ;0; ; ; ; ; ; 
TRACK;1.23.1-7;-16.42530642;-71.63433963;-1942940.304;2826868.8;NA;False; ; ;0; ; ; ; ; ; 
TRACK;1.23.1-8; ; ;-1.516416327;20763369.87;NA; ; ; ; ; ; ; ; ; ; 
TRACK;1.23.1-8;-16.42595181;-71.63474771;-1943010.951;2826814.177;NA;False; ; ;0; ; ; ; ; ; 
TRACK;1.23.1-8;-16.42589349;-71.63458093;-1943006.196;2826833.831;NA;False; ; ;0; ; ; ; ; ; 
TRACK;1.23.1-8;-16.42579981;-71.63438337;-1942997.676;2826857.432;NA;False; ; ;0; ; ; ; ; ; 
TRACK;1.23.1-8;-16.42567427;-71.63448479;-1942981.667;2826847.573;NA;False; ; ;0; ; ; ; ; ; 
TRACK;1.23.1-8;-16.42556776;-71.63457746;-1942968;2826838.458;NA;False; ; ;0; ; ; ; ; ; 
TRACK;1.23.1-8;-16.42582285;-71.63479727;-1942995.189;2826810.237;NA;False; ; ;0; ; ; ; ; ; 
TRACK;1.23.1-9; ; ;-1.516416327;20763369.87;NA; ; ; ; ; ; ; ; ; ; 
TRACK;1.23.1-9;-16.425602;-71.63453233;-1942972.586;2826843.126;NA;False; ; ;0; ; ; ; ; ; 
TRACK;1.23.1-9;-16.42548826;-71.6344539;-1942960.218;2826853.49;NA;False; ; ;0; ; ; ; ; ; 
TRACK;1.23.1-9;-16.4252962;-71.63434;-1942939.1;2826868.891;NA;False; ; ;0; ; ; ; ; ; 
TRACK;1.23.1-9;-16.42519599;-71.63450886;-1942925.217;2826851.061;NA;False; ; ;0; ; ; ; ; ; 
TRACK;1.23.1-9;-16.42550498;-71.63466251;-1942959.564;2826829.637;NA;False; ; ;0; ; ; ; ; ; 
TRACK;1.23.1-10; ; ;-1.516416327;20763369.87;NA; ; ; ; ; ; ; ; ; ; 
TRACK;1.23.1-10;-16.42516825;-71.63453356;-1942921.652;2826848.624;NA;False; ; ;0; ; ; ; ; ; 
TRACK;1.23.1-10;-16.42506143;-71.63478749;-1942905.926;2826821.242;NA;False; ; ;0; ; ; ; ; ; 
TRACK;1.23.1-10;-16.42505774;-71.63491791;-1942903.857;2826806.512;NA;False; ; ;0; ; ; ; ; ; 
TRACK;1.23.1-10;-16.42502867;-71.63500349;-1942899.37;2826797.194;NA;False; ; ;0; ; ; ; ; ; 
TRACK;1.23.1-10;-16.42518073;-71.63513719;-1942915.545;2826780.069;NA;False; ; ;0; ; ; ; ; ; 
TRACK;1.23.1-10;-16.42529378;-71.63495244;-1942931.133;2826799.532;NA;False; ; ;0; ; ; ; ; ; 
TRACK;1.23.1-10;-16.42546629;-71.63467867;-1942954.819;2826828.31;NA;False; ; ;0; ; ; ; ; ; 
TRACK;1.23.1-11; ; ;-1.516416327;20763369.87;NA; ; ; ; ; ; ; ; ; ; 
TRACK;1.23.1-11;-16.42542963;-71.63511801;-1942945.005;2826779.007;NA;False; ; ;0; ; ; ; ; ; 
TRACK;1.23.1-11;-16.42546727;-71.63500227;-1942950.875;2826791.632;NA;False; ; ;0; ; ; ; ; ; 
TRACK;1.23.1-11;-16.42534086;-71.63493397;-1942936.892;2826801.014;NA;False; ; ;0; ; ; ; ; ; 
TRACK;1.23.1-11;-16.4252289;-71.63516416;-1942920.862;2826776.388;NA;False; ; ;0; ; ; ; ; ; 
TRACK;1.23.1-11;-16.42540314;-71.63528393;-1942939.814;2826760.553;NA;False; ; ;0; ; ; ; ; ; 
TRACK;1.23.1-12; ; ;-1.516416327;20763369.87;NA; ; ; ; ; ; ; ; ; ; 
TRACK;1.23.1-12;-16.42545408;-71.63514708;-1942947.51;2826775.397;NA;False; ; ;0; ; ; ; ; ; 
TRACK;1.23.1-12;-16.42544216;-71.63530484;-1942944.132;2826757.677;NA;False; ; ;0; ; ; ; ; ; 
TRACK;1.23.1-12;-16.42553102;-71.63536767;-1942953.776;2826749.403;NA;False; ; ;0; ; ; ; ; ; 
TRACK;1.23.1-12;-16.42557516;-71.63535517;-1942959.115;2826750.246;NA;False; ; ;0; ; ; ; ; ; 
TRACK;1.23.1-12;-16.42556507;-71.63506946;-1942961.514;2826782.748;NA;False; ; ;0; ; ; ; ; ; 
TRACK;1.23.1-12;-16.42548625;-71.63501821;-1942952.903;2826789.58;NA;False; ; ;0; ; ; ; ; ; 
TRACK;1.23.1-13; ; ;-1.516416327;20763369.87;NA; ; ; ; ; ; ; ; ; ; 
TRACK;1.23.1-13;-16.42594685;-71.63477062;-1943010.081;2826811.645;NA;False; ; ;0; ; ; ; ; ; 
TRACK;1.23.1-13;-16.42582165;-71.6348086;-1942994.907;2826808.969;NA;False; ; ;0; ; ; ; ; ; 
TRACK;1.23.1-13;-16.42575207;-71.63476062;-1942987.34;2826815.31;NA;False; ; ;0; ; ; ; ; ; 
TRACK;1.23.1-13;-16.4256472;-71.63499773;-1942972.055;2826789.809;NA;False; ; ;0; ; ; ; ; ; 
TRACK;1.23.1-13;-16.4258053;-71.63501592;-1942990.387;2826785.692;NA;False; ; ;0; ; ; ; ; ; 
TRACK;1.23.1-13;-16.4260066;-71.63511239;-1943012.808;2826772.146;NA;False; ; ;0; ; ; ; ; ; 
TRACK;1.23.1-13;-16.42630163;-71.63495841;-1943049.374;2826785.758;NA;False; ; ;0; ; ; ; ; ; 
TRACK;1.23.1-13;-16.42625729;-71.63472912;-1943047.045;2826812.312;NA;False; ; ;0; ; ; ; ; ; 
TRACK;1.23.1-14; ; ;-1.516416327;20763369.87;NA; ; ; ; ; ; ; ; ; ; 
TRACK;1.23.1-14;-16.42424209;-71.63475356;-1942810.166;2826835.734;NA;False; ; ;0; ; ; ; ; ; 
TRACK;1.23.1-14;-16.42406588;-71.63491062;-1942787.51;2826820.229;NA;False; ; ;0; ; ; ; ; ; 
TRACK;1.23.1-14;-16.42418508;-71.63512963;-1942798.757;2826793.865;NA;False; ; ;0; ; ; ; ; ; 
TRACK;1.23.1-14;-16.42431531;-71.63505792;-1942814.943;2826800.297;NA;False; ; ;0; ; ; ; ; ; 
TRACK;1.23.1-14;-16.42438935;-71.63504059;-1942823.853;2826801.299;NA;False; ; ;0; ; ; ; ; ; 
TRACK;1.23.1-14;-16.42446112;-71.63506279;-1942832;2826797.85;NA;False; ; ;0; ; ; ; ; ; 
TRACK;1.23.1-14;-16.42451603;-71.63509771;-1942838.008;2826793.181;NA;False; ; ;0; ; ; ; ; ; 
TRACK;1.23.1-14;-16.42458839;-71.63524323;-1942844.678;2826775.753;NA;False; ; ;0; ; ; ; ; ; 
TRACK;1.23.1-14;-16.42466921;-71.63524507;-1942854.142;2826774.494;NA;False; ; ;0; ; ; ; ; ; 
TRACK;1.23.1-14;-16.42479951;-71.6351576;-1942870.536;2826782.711;NA;False; ; ;0; ; ; ; ; ; 
TRACK;1.23.1-14;-16.42481671;-71.63511819;-1942873.05;2826786.953;NA;False; ; ;0; ; ; ; ; ; 
TRACK;1.23.1-14;-16.42499589;-71.63496498;-1942896.006;2826801.983;NA;False; ; ;0; ; ; ; ; ; 
TRACK;1.23.1-14;-16.42486095;-71.63477837;-1942882.506;2826824.88;NA;False; ; ;0; ; ; ; ; ; 
TRACK;1.23.1-15; ; ;-1.516416327;20763369.87;NA; ; ; ; ; ; ; ; ; ; 
TRACK;1.23.1-15;-16.42458756;-71.63533539;-1942843.425;2826765.321;NA;False; ; ;0; ; ; ; ; ; 
TRACK;1.23.1-15;-16.42448593;-71.63513758;-1942833.975;2826789.055;NA;False; ; ;0; ; ; ; ; ; 
TRACK;1.23.1-15;-16.42447221;-71.63511532;-1942832.643;2826791.755;NA;False; ; ;0; ; ; ; ; ; 
TRACK;1.23.1-15;-16.42443307;-71.63509478;-1942828.306;2826794.591;NA;False; ; ;0; ; ; ; ; ; 
TRACK;1.23.1-15;-16.42436966;-71.63508208;-1942821.021;2826796.854;NA;False; ; ;0; ; ; ; ; ; 
TRACK;1.23.1-15;-16.42430263;-71.6350999;-1942812.929;2826795.706;NA;False; ; ;0; ; ; ; ; ; 
TRACK;1.23.1-15;-16.42424888;-71.63512893;-1942806.255;2826793.115;NA;False; ; ;0; ; ; ; ; ; 
TRACK;1.23.1-15;-16.42437766;-71.63534105;-1942818.712;2826767.409;NA;False; ; ;0; ; ; ; ; ; 
TRACK;1.23.1-15;-16.4244877;-71.63541642;-1942830.685;2826757.438;NA;False; ; ;0; ; ; ; ; ; 
TRACK;1.23.1-15;-16.42465163;-71.63572213;-1942846.095;2826720.671;NA;False; ; ;0; ; ; ; ; ; 
TRACK;1.23.1-15;-16.42490232;-71.6355601;-1942877.557;2826735.771;NA;False; ; ;0; ; ; ; ; ; 
TRACK;1.23.1-15;-16.42504054;-71.63550791;-1942894.438;2826739.888;NA;False; ; ;0; ; ; ; ; ; 
TRACK;1.23.1-15;-16.42492734;-71.63531023;-1942883.628;2826763.757;NA;False; ; ;0; ; ; ; ; ; 
TRACK;1.23.1-15;-16.42513813;-71.63512763;-1942910.663;2826781.706;NA;False; ; ;0; ; ; ; ; ; 
TRACK;1.23.1-15;-16.42500911;-71.63500363;-1942897.073;2826797.433;NA;False; ; ;0; ; ; ; ; ; 
TRACK;1.23.1-15;-16.42467176;-71.63530138;-1942853.735;2826768.081;NA;False; ; ;0; ; ; ; ; ; 
TRACK;1.23.1-16; ; ;-1.516416327;20763369.87;NA; ; ; ; ; ; ; ; ; ; 
TRACK;1.23.1-16;-16.4249623;-71.63531874;-1942887.625;2826762.338;NA;False; ; ;0; ; ; ; ; ; 
TRACK;1.23.1-16;-16.42506167;-71.63550657;-1942896.935;2826739.766;NA;False; ; ;0; ; ; ; ; ; 
TRACK;1.23.1-16;-16.4248727;-71.63560532;-1942873.513;2826731.033;NA;False; ; ;0; ; ; ; ; ; 
TRACK;1.23.1-16;-16.4246641;-71.63576121;-1942847.069;2826716.081;NA;False; ; ;0; ; ; ; ; ; 
TRACK;1.23.1-16;-16.42447698;-71.63593289;-1942822.949;2826699.061;NA;False; ; ;0; ; ; ; ; ; 
TRACK;1.23.1-16;-16.42455938;-71.63603056;-1942831.397;2826686.924;NA;False; ; ;0; ; ; ; ; ; 
TRACK;1.23.1-16;-16.42463175;-71.63614795;-1942838.421;2826672.684;NA;False; ; ;0; ; ; ; ; ; 
TRACK;1.23.1-16;-16.4247038;-71.63628707;-1942845.134;2826655.984;NA;False; ; ;0; ; ; ; ; ; 
TRACK;1.23.1-16;-16.42483678;-71.63624145;-1942861.317;2826659.426;NA;False; ; ;0; ; ; ; ; ; 
TRACK;1.23.1-16;-16.42493575;-71.63618196;-1942873.681;2826664.88;NA;False; ; ;0; ; ; ; ; ; 
TRACK;1.23.1-16;-16.42510827;-71.63594323;-1942896.929;2826689.685;NA;False; ; ;0; ; ; ; ; ; 
TRACK;1.23.1-16;-16.42559675;-71.63574452;-1942956.766;2826705.852;NA;False; ; ;0; ; ; ; ; ; 
TRACK;1.23.1-16;-16.42574539;-71.6355081;-1942977.181;2826730.706;NA;False; ; ;0; ; ; ; ; ; 
TRACK;1.23.1-16;-16.42569972;-71.63540092;-1942973.163;2826743.444;NA;False; ; ;0; ; ; ; ; ; 
TRACK;1.23.1-16;-16.42558227;-71.63536307;-1942959.85;2826749.258;NA;False; ; ;0; ; ; ; ; ; 
TRACK;1.23.1-16;-16.42550982;-71.63538338;-1942951.09;2826747.899;NA;False; ; ;0; ; ; ; ; ; 
TRACK;1.23.1-16;-16.42547312;-71.6354142;-1942946.395;2826744.883;NA;False; ; ;0; ; ; ; ; ; 
TRACK;1.23.1-16;-16.42518501;-71.63518111;-1942915.496;2826775.038;NA;False; ; ;0; ; ; ; ; ; 
TRACK;1.23.1-17; ; ;-1.516416327;20763369.87;NA; ; ; ; ; ; ; ; ; ; 
TRACK;1.23.1-17;-16.42465246;-71.63574236;-1942845.939;2826718.368;NA;False; ; ;0; ; ; ; ; ; 
TRACK;1.23.1-17;-16.42460723;-71.63565812;-1942841.685;2826728.5;NA;False; ; ;0; ; ; ; ; ; 
TRACK;1.23.1-17;-16.42447716;-71.63542563;-1942829.332;2826756.532;NA;False; ; ;0; ; ; ; ; ; 
TRACK;1.23.1-17;-16.42437399;-71.63536221;-1942818.016;2826765.058;NA;False; ; ;0; ; ; ; ; ; 
TRACK;1.23.1-17;-16.42430746;-71.63527056;-1942811.355;2826776.307;NA;False; ; ;0; ; ; ; ; ; 
TRACK;1.23.1-17;-16.42424135;-71.63514946;-1942805.113;2826790.887;NA;False; ; ;0; ; ; ; ; ; 
TRACK;1.23.1-17;-16.42419477;-71.63520847;-1942798.905;2826784.806;NA;False; ; ;0; ; ; ; ; ; 
TRACK;1.23.1-17;-16.42403892;-71.63542106;-1942777.943;2826762.745;NA;False; ; ;0; ; ; ; ; ; 
TRACK;1.23.1-17;-16.42409015;-71.63554351;-1942782.421;2826748.205;NA;False; ; ;0; ; ; ; ; ; 
TRACK;1.23.1-17;-16.42414875;-71.63565385;-1942787.916;2826734.942;NA;False; ; ;0; ; ; ; ; ; 
TRACK;1.23.1-17;-16.4242852;-71.63583522;-1942801.66;2826712.619;NA;False; ; ;0; ; ; ; ; ; 
TRACK;1.23.1-17;-16.42434756;-71.63596493;-1942807.354;2826697.113;NA;False; ; ;0; ; ; ; ; ; 
TRACK;1.23.1-17;-16.42441516;-71.63592421;-1942815.801;2826700.848;NA;False; ; ;0; ; ; ; ; ; 
TRACK;1.23.1-18; ; ;-1.516416327;20763369.87;NA; ; ; ; ; ; ; ; ; ; 
TRACK;1.23.1-18;-16.42430815;-71.63589385;-1942803.619;2826705.678;NA;False; ; ;0; ; ; ; ; ; 
TRACK;1.23.1-18;-16.42421681;-71.63578273;-1942794.29;2826719.456;NA;False; ; ;0; ; ; ; ; ; 
TRACK;1.23.1-18;-16.42411818;-71.63563343;-1942784.584;2826737.653;NA;False; ; ;0; ; ; ; ; ; 
TRACK;1.23.1-18;-16.42403415;-71.63549906;-1942776.405;2826753.969;NA;False; ; ;0; ; ; ; ; ; 
TRACK;1.23.1-18;-16.42400532;-71.63542936;-1942773.894;2826762.241;NA;False; ; ;0; ; ; ; ; ; 
TRACK;1.23.1-18;-16.42387891;-71.63542521;-1942759.106;2826764.355;NA;False; ; ;0; ; ; ; ; ; 
TRACK;1.23.1-18;-16.42379689;-71.63543855;-1942749.31;2826763.908;NA;False; ; ;0; ; ; ; ; ; 
TRACK;1.23.1-18;-16.4236292;-71.63549528;-1942728.913;2826759.66;NA;False; ; ;0; ; ; ; ; ; 
TRACK;1.23.1-18;-16.42376788;-71.63579815;-1942741.395;2826723.542;NA;False; ; ;0; ; ; ; ; ; 
TRACK;1.23.1-18;-16.42389404;-71.63577824;-1942756.455;2826724.159;NA;False; ; ;0; ; ; ; ; ; 
TRACK;1.23.1-18;-16.42404266;-71.63612108;-1942769.603;2826683.382;NA;False; ; ;0; ; ; ; ; ; 
TRACK;1.23.1-18;-16.42426235;-71.63602967;-1942796.539;2826690.885;NA;False; ; ;0; ; ; ; ; ; 
TRACK;1.23.1-18;-16.42434744;-71.63597977;-1942807.154;2826695.433;NA;False; ; ;0; ; ; ; ; ; 
TRACK;1.23.1-19; ; ;-1.516416327;20763369.87;NA; ; ; ; ; ; ; ; ; ; 
TRACK;1.23.1-19;-16.42446191;-71.63594508;-1942821.026;2826697.876;NA;False; ; ;0; ; ; ; ; ; 
TRACK;1.23.1-19;-16.42415578;-71.63611039;-1942783.015;2826683.124;NA;False; ; ;0; ; ; ; ; ; 
TRACK;1.23.1-19;-16.42399645;-71.63616811;-1942763.588;2826678.655;NA;False; ; ;0; ; ; ; ; ; 
TRACK;1.23.1-19;-16.42381226;-71.63622383;-1942741.267;2826674.735;NA;False; ; ;0; ; ; ; ; ; 
TRACK;1.23.1-19;-16.42363017;-71.63623496;-1942719.751;2826675.84;NA;False; ; ;0; ; ; ; ; ; 
TRACK;1.23.1-19;-16.42369127;-71.6363826;-1942725.072;2826658.318;NA;False; ; ;0; ; ; ; ; ; 
TRACK;1.23.1-19;-16.42380971;-71.63639259;-1942738.851;2826655.648;NA;False; ; ;0; ; ; ; ; ; 
TRACK;1.23.1-19;-16.42412339;-71.63636033;-1942776.078;2826655.227;NA;False; ; ;0; ; ; ; ; ; 
TRACK;1.23.1-19;-16.42440415;-71.63638826;-1942808.689;2826648.414;NA;False; ; ;0; ; ; ; ; ; 
TRACK;1.23.1-19;-16.424676;-71.63629369;-1942841.787;2826655.596;NA;False; ; ;0; ; ; ; ; ; 
TRACK;1.23.1-20; ; ;-1.516416327;20763369.87;NA; ; ; ; ; ; ; ; ; ; 
TRACK;1.23.1-20;-16.42358809;-71.63549505;-1942724.09;2826760.22;NA;False; ; ;0; ; ; ; ; ; 
TRACK;1.23.1-20;-16.42341467;-71.63557221;-1942702.763;2826753.731;NA;False; ; ;0; ; ; ; ; ; 
TRACK;1.23.1-20;-16.42353285;-71.63586298;-1942712.991;2826719.251;NA;False; ; ;0; ; ; ; ; ; 
TRACK;1.23.1-20;-16.42371334;-71.63580319;-1942734.93;2826723.68;NA;False; ; ;0; ; ; ; ; ; 
TRACK;1.23.1-21; ; ;-1.516416327;20763369.87;NA; ; ; ; ; ; ; ; ; ; 
TRACK;1.23.1-21;-16.42354007;-71.63603884;-1942711.633;2826699.232;NA;False; ; ;0; ; ; ; ; ; 
TRACK;1.23.1-21;-16.42350658;-71.63589769;-1942709.471;2826715.66;NA;False; ; ;0; ; ; ; ; ; 
TRACK;1.23.1-21;-16.42319632;-71.63595346;-1942672.349;2826713.372;NA;False; ; ;0; ; ; ; ; ; 
TRACK;1.23.1-21;-16.4232742;-71.63623436;-1942677.969;2826680.533;NA;False; ; ;0; ; ; ; ; ; 
TRACK;1.23.1-21;-16.42355285;-71.63620285;-1942711.076;2826680.483;NA;False; ; ;0; ; ; ; ; ; 
TRACK;1.23.1-22; ; ;-1.516416327;20763369.87;NA; ; ; ; ; ; ; ; ; ; 
TRACK;1.23.1-22;-16.42325203;-71.63566535;-1942682.502;2826745.291;NA;False; ; ;0; ; ; ; ; ; 
TRACK;1.23.1-22;-16.42292807;-71.63591205;-1942641.378;2826721.55;NA;False; ; ;0; ; ; ; ; ; 
TRACK;1.23.1-22;-16.42289048;-71.63598615;-1942636.036;2826713.642;NA;False; ; ;0; ; ; ; ; ; 
TRACK;1.23.1-22;-16.42287534;-71.63604813;-1942633.481;2826706.816;NA;False; ; ;0; ; ; ; ; ; 
TRACK;1.23.1-22;-16.42289027;-71.63609065;-1942634.701;2826701.805;NA;False; ; ;0; ; ; ; ; ; 
TRACK;1.23.1-22;-16.42291687;-71.63611655;-1942637.499;2826698.524;NA;False; ; ;0; ; ; ; ; ; 
TRACK;1.23.1-22;-16.42319326;-71.63593172;-1942672.263;2826715.875;NA;False; ; ;0; ; ; ; ; ; 
TRACK;1.23.1-22;-16.4233345;-71.63589623;-1942689.289;2826718.061;NA;False; ; ;0; ; ; ; ; ; 
TRACK;1.23.1-22;-16.42351798;-71.63587982;-1942711.034;2826717.536;NA;False; ; ;0; ; ; ; ; ; 
TRACK;1.23.1-22;-16.42351939;-71.63587848;-1942711.216;2826717.669;NA;False; ; ;0; ; ; ; ; ; 
TRACK;1.23.1-22;-16.42340411;-71.63557837;-1942701.448;2826753.171;NA;False; ; ;0; ; ; ; ; ; 
TRACK;1.23.1-23; ; ;-1.516416327;20763369.87;NA; ; ; ; ; ; ; ; ; ; 
TRACK;1.23.1-23;-16.42268299;-71.63594452;-1942612.2;2826721.054;NA;False; ; ;0; ; ; ; ; ; 
TRACK;1.23.1-23;-16.42284956;-71.63585042;-1942632.934;2826729.553;NA;False; ; ;0; ; ; ; ; ; 
TRACK;1.23.1-23;-16.42259069;-71.63554593;-1942606.363;2826767.415;NA;False; ; ;0; ; ; ; ; ; 
TRACK;1.23.1-23;-16.42245033;-71.6353055;-1942592.901;2826796.481;NA;False; ; ;0; ; ; ; ; ; 
TRACK;1.23.1-23;-16.42224838;-71.63550966;-1942566.633;2826775.973;NA;False; ; ;0; ; ; ; ; ; 
TRACK;1.23.1-23;-16.42211259;-71.63572727;-1942547.963;2826753.081;NA;False; ; ;0; ; ; ; ; ; 
TRACK;1.23.1-23;-16.42216712;-71.63587672;-1942552.49;2826735.44;NA;False; ; ;0; ; ; ; ; ; 
TRACK;1.23.1-23;-16.42238945;-71.63610072;-1942575.781;2826707.171;NA;False; ; ;0; ; ; ; ; ; 
TRACK;1.23.1-23;-16.42252178;-71.63613003;-1942590.949;2826702.131;NA;False; ; ;0; ; ; ; ; ; 
TRACK;1.23.1-24; ; ;-1.516416327;20763369.87;NA; ; ; ; ; ; ; ; ; ; 
TRACK;1.23.1-24;-16.42304993;-71.63555384;-1942660.176;2826760.552;NA;False; ; ;0; ; ; ; ; ; 
TRACK;1.23.1-24;-16.42298748;-71.63530614;-1942655.951;2826789.429;NA;False; ; ;0; ; ; ; ; ; 
TRACK;1.23.1-24;-16.42280211;-71.63529717;-1942634.302;2826792.854;NA;False; ; ;0; ; ; ; ; ; 
TRACK;1.23.1-24;-16.42262998;-71.63536746;-1942613.213;2826787.127;NA;False; ; ;0; ; ; ; ; ; 
TRACK;1.23.1-24;-16.42267976;-71.63558005;-1942616.392;2826762.393;NA;False; ; ;0; ; ; ; ; ; 
TRACK;1.23.1-24;-16.42291581;-71.63587447;-1942640.41;2826725.967;NA;False; ; ;0; ; ; ; ; ; 
TRACK;1.23.1-24;-16.42313331;-71.63569473;-1942668.197;2826743.506;NA;False; ; ;0; ; ; ; ; ; 
TRACK;1.23.1-25; ; ;-1.516416327;20763369.87;NA; ; ; ; ; ; ; ; ; ; 
TRACK;1.23.1-25;-16.42339291;-71.63503007;-1942707.008;2826815.44;NA;False; ; ;0; ; ; ; ; ; 
TRACK;1.23.1-25;-16.42336039;-71.63489947;-1942704.828;2826830.66;NA;False; ; ;0; ; ; ; ; ; 
TRACK;1.23.1-25;-16.42290024;-71.63500375;-1942649.502;2826824.824;NA;False; ; ;0; ; ; ; ; ; 
TRACK;1.23.1-25;-16.42279328;-71.63514632;-1942635.158;2826810.06;NA;False; ; ;0; ; ; ; ; ; 
TRACK;1.23.1-25;-16.42262117;-71.6352966;-1942613.068;2826795.269;NA;False; ; ;0; ; ; ; ; ; 
TRACK;1.23.1-25;-16.42263808;-71.63535573;-1942614.312;2826788.35;NA;False; ; ;0; ; ; ; ; ; 
TRACK;1.23.1-25;-16.42279178;-71.63528512;-1942633.241;2826794.354;NA;False; ; ;0; ; ; ; ; ; 
TRACK;1.23.1-25;-16.42300517;-71.63527262;-1942658.449;2826792.996;NA;False; ; ;0; ; ; ; ; ; 
TRACK;1.23.1-25;-16.42324828;-71.63526804;-1942687.046;2826790.356;NA;False; ; ;0; ; ; ; ; ; 
TRACK;1.23.1-25;-16.42350017;-71.63522009;-1942717.217;2826792.516;NA;False; ; ;0; ; ; ; ; ; 
TRACK;1.23.1-26; ; ;-1.516416327;20763369.87;NA; ; ; ; ; ; ; ; ; ; 
TRACK;1.23.1-26;-16.4237271;-71.63469677;-1942750.421;2826848.861;NA;False; ; ;0; ; ; ; ; ; 
TRACK;1.23.1-26;-16.42357118;-71.63482698;-1942730.484;2826836.134;NA;False; ; ;0; ; ; ; ; ; 
TRACK;1.23.1-26;-16.42337952;-71.63490107;-1942707.054;2826830.229;NA;False; ; ;0; ; ; ; ; ; 
TRACK;1.23.1-26;-16.4234115;-71.63502134;-1942709.301;2826816.187;NA;False; ; ;0; ; ; ; ; ; 
TRACK;1.23.1-26;-16.42352544;-71.63520758;-1942720.341;2826793.605;NA;False; ; ;0; ; ; ; ; ; 
TRACK;1.23.1-26;-16.42370896;-71.63504834;-1942743.882;2826809.262;NA;False; ; ;0; ; ; ; ; ; 
TRACK;1.23.1-26;-16.42385028;-71.63497622;-1942761.377;2826815.597;NA;False; ; ;0; ; ; ; ; ; 
TRACK;1.23.1-26;-16.42396764;-71.6349362;-1942775.656;2826818.607;NA;False; ; ;0; ; ; ; ; ; 
TRACK;1.23.1-26;-16.42418884;-71.63474048;-1942804.078;2826837.908;NA;False; ; ;0; ; ; ; ; ; 
TRACK;1.23.1-26;-16.42409496;-71.63474898;-1942792.951;2826838.164;NA;False; ; ;0; ; ; ; ; ; 
TRACK;1.23.1-26;-16.4240631;-71.63473662;-1942789.366;2826839.979;NA;False; ; ;0; ; ; ; ; ; 
TRACK;1.23.1-26;-16.42388756;-71.63458853;-1942770.615;2826859.039;NA;False; ; ;0; ; ; ; ; ; 
TRACK;1.23.1-27; ; ;-1.516416327;20763369.87;NA; ; ; ; ; ; ; ; ; ; 
TRACK;1.23.1-27;-16.42384011;-71.63504102;-1942759.37;2826808.388;NA;False; ; ;0; ; ; ; ; ; 
TRACK;1.23.1-27;-16.42367762;-71.63510781;-1942739.457;2826802.932;NA;False; ; ;0; ; ; ; ; ; 
TRACK;1.23.1-27;-16.4235403;-71.63524778;-1942721.58;2826788.858;NA;False; ; ;0; ; ; ; ; ; 
TRACK;1.23.1-27;-16.42362007;-71.63545325;-1942728.368;2826764.54;NA;False; ; ;0; ; ; ; ; ; 
TRACK;1.23.1-27;-16.42391269;-71.63536766;-1942763.794;2826770.435;NA;False; ; ;0; ; ; ; ; ; 
TRACK;1.23.1-28; ; ;-1.516416327;20763369.87;NA; ; ; ; ; ; ; ; ; ; 
TRACK;1.23.1-28;-16.42416023;-71.63515127;-1942795.568;2826791.736;NA;False; ; ;0; ; ; ; ; ; 
TRACK;1.23.1-28;-16.42403523;-71.63494718;-1942783.453;2826816.484;NA;False; ; ;0; ; ; ; ; ; 
TRACK;1.23.1-28;-16.42386763;-71.63501816;-1942762.887;2826810.621;NA;False; ; ;0; ; ; ; ; ; 
TRACK;1.23.1-28;-16.42390302;-71.63519268;-1942764.853;2826790.387;NA;False; ; ;0; ; ; ; ; ; 
TRACK;1.23.1-28;-16.42394769;-71.63533204;-1942768.349;2826774.017;NA;False; ; ;0; ; ; ; ; ; 
TRACK;1.23.1-28;-16.4240767;-71.63529327;-1942783.981;2826776.733;NA;False; ; ;0; ; ; ; ; ; 
TRACK;1.23.1-31; ; ;-1.516416327;20763369.87;NA; ; ; ; ; ; ; ; ; ; 
TRACK;1.23.1-31;-16.42450277;-71.63438829;-1942845.35;2826873.732;NA;False; ; ;0; ; ; ; ; ; 
TRACK;1.23.1-31;-16.42431694;-71.63419281;-1942825.986;2826898.295;NA;False; ; ;0; ; ; ; ; ; 
TRACK;1.23.1-31;-16.42422065;-71.63401198;-1942816.951;2826920.035;NA;False; ; ;0; ; ; ; ; ; 
TRACK;1.23.1-31;-16.42410004;-71.63419953;-1942800.439;2826900.353;NA;False; ; ;0; ; ; ; ; ; 
TRACK;1.23.1-31;-16.42390134;-71.63457721;-1942772.375;2826860.144;NA;False; ; ;0; ; ; ; ; ; 
TRACK;1.23.1-31;-16.42407879;-71.6347235;-1942791.373;2826841.261;NA;False; ; ;0; ; ; ; ; ; 
TRACK;1.23.1-31;-16.4241902;-71.63472791;-1942804.396;2826839.314;NA;False; ; ;0; ; ; ; ; ; 
TRACK;1.23.1-31;-16.42431174;-71.63462508;-1942819.954;2826849.386;NA;False; ; ;0; ; ; ; ; ; 
TRACK;1.23.1-32; ; ;-1.516416327;20763369.87;NA; ; ; ; ; ; ; ; ; ; 
TRACK;1.23.1-32;-16.42433314;-71.63462249;-1942822.498;2826849.401;NA;False; ; ;0; ; ; ; ; ; 
TRACK;1.23.1-32;-16.4243228;-71.63471586;-1942820.114;2826838.956;NA;False; ; ;0; ; ; ; ; ; 
TRACK;1.23.1-32;-16.42489524;-71.63474593;-1942886.938;2826828.11;NA;False; ; ;0; ; ; ; ; ; 
TRACK;1.23.1-32;-16.42503025;-71.63455959;-1942905.124;2826847.468;NA;False; ; ;0; ; ; ; ; ; 
TRACK;1.23.1-32;-16.42460885;-71.63428246;-1942859.13;2826884.344;NA;False; ; ;0; ; ; ; ; ; 
TRACK;1.23.1-33; ; ;-1.516416327;20763369.87;NA; ; ; ; ; ; ; ; ; ; 
TRACK;1.23.1-33;-16.42447143;-71.63390851;-1942847.689;2826928.5;NA;False; ; ;0; ; ; ; ; ; 
TRACK;1.23.1-33;-16.42443055;-71.63396418;-1942842.191;2826922.723;NA;False; ; ;0; ; ; ; ; ; 
TRACK;1.23.1-33;-16.42437747;-71.63405955;-1942834.763;2826912.608;NA;False; ; ;0; ; ; ; ; ; 
TRACK;1.23.1-33;-16.42438622;-71.6341593;-1942834.539;2826901.192;NA;False; ; ;0; ; ; ; ; ; 
TRACK;1.23.1-33;-16.42444444;-71.63424312;-1942840.323;2826890.938;NA;False; ; ;0; ; ; ; ; ; 
TRACK;1.23.1-33;-16.42451107;-71.63430876;-1942847.322;2826882.635;NA;False; ; ;0; ; ; ; ; ; 
TRACK;1.23.1-33;-16.42457811;-71.63424897;-1942855.941;2826888.538;NA;False; ; ;0; ; ; ; ; ; 
TRACK;1.23.1-33;-16.42477359;-71.63436389;-1942877.448;2826872.977;NA;False; ; ;0; ; ; ; ; ; 
TRACK;1.23.1-33;-16.42489653;-71.63418072;-1942894.179;2826892.132;NA;False; ; ;0; ; ; ; ; ; 
TRACK;1.23.1-33;-16.42449291;-71.63390856;-1942850.21;2826928.214;NA;False; ; ;0; ; ; ; ; ; 
TRACK;1.23.1-34; ; ;-1.516416327;20763369.87;NA; ; ; ; ; ; ; ; ; ; 
TRACK;1.23.1-34;-16.42558122;-71.63349284;-1942983.186;2826961.172;NA;False; ; ;0; ; ; ; ; ; 
TRACK;1.23.1-34;-16.42529584;-71.63362209;-1942948.063;2826950.237;NA;False; ; ;0; ; ; ; ; ; 
TRACK;1.23.1-34;-16.42531857;-71.63380394;-1942948.45;2826929.338;NA;False; ; ;0; ; ; ; ; ; 
TRACK;1.23.1-34;-16.42540397;-71.63397249;-1942956.362;2826909.13;NA;False; ; ;0; ; ; ; ; ; 
TRACK;1.23.1-34;-16.42569772;-71.63377019;-1942993.383;2826928.233;NA;False; ; ;0; ; ; ; ; ; 
TRACK;1.23.1-35; ; ;-1.516416327;20763369.87;NA; ; ; ; ; ; ; ; ; ; 
TRACK;1.23.1-35;-16.42543151;-71.63401016;-1942959.122;2826904.505;NA;False; ; ;0; ; ; ; ; ; 
TRACK;1.23.1-35;-16.42538454;-71.63403268;-1942953.326;2826902.563;NA;False; ; ;0; ; ; ; ; ; 
TRACK;1.23.1-35;-16.42534956;-71.63400909;-1942949.514;2826905.691;NA;False; ; ;0; ; ; ; ; ; 
TRACK;1.23.1-35;-16.42519458;-71.63421557;-1942928.731;2826884.31;NA;False; ; ;0; ; ; ; ; ; 
TRACK;1.23.1-35;-16.42529852;-71.63428347;-1942940.082;2826875.266;NA;False; ; ;0; ; ; ; ; ; 
TRACK;1.23.1-35;-16.42551719;-71.63412866;-1942967.694;2826889.965;NA;False; ; ;0; ; ; ; ; ; 
TRACK;1.23.1-36; ; ;-1.516416327;20763369.87;NA; ; ; ; ; ; ; ; ; ; 
TRACK;1.23.1-36;-16.42566188;-71.63406845;-1942985.435;2826894.905;NA;False; ; ;0; ; ; ; ; ; 
TRACK;1.23.1-36;-16.42581683;-71.63393485;-1943005.301;2826908.029;NA;False; ; ;0; ; ; ; ; ; 
TRACK;1.23.1-36;-16.42568361;-71.6338201;-1942991.101;2826922.762;NA;False; ; ;0; ; ; ; ; ; 
TRACK;1.23.1-36;-16.42545418;-71.63401027;-1942961.781;2826904.198;NA;False; ; ;0; ; ; ; ; ; 
TRACK;1.23.1-36;-16.42553317;-71.63411821;-1942969.701;2826890.94;NA;False; ; ;0; ; ; ; ; ; 
TRACK;1.23.1-36;-16.42564985;-71.63405815;-1942984.152;2826896.229;NA;False; ; ;0; ; ; ; ; ; 
TRACK;1.23.1-37; ; ;-1.516416327;20763369.87;NA; ; ; ; ; ; ; ; ; ; 
TRACK;1.23.1-37;-16.42600552;-71.63367293;-1943030.738;2826935.252;NA;False; ; ;0; ; ; ; ; ; 
TRACK;1.23.1-37;-16.42599335;-71.63363416;-1943029.795;2826939.803;NA;False; ; ;0; ; ; ; ; ; 
TRACK;1.23.1-37;-16.42598382;-71.63353178;-1943029.961;2826951.527;NA;False; ; ;0; ; ; ; ; ; 
TRACK;1.23.1-37;-16.4260204;-71.6334631;-1943035.117;2826958.834;NA;False; ; ;0; ; ; ; ; ; 
TRACK;1.23.1-37;-16.42592952;-71.63333722;-1943026.027;2826974.277;NA;False; ; ;0; ; ; ; ; ; 
TRACK;1.23.1-37;-16.42579772;-71.63345086;-1943009.129;2826963.115;NA;False; ; ;0; ; ; ; ; ; 
TRACK;1.23.1-37;-16.42567254;-71.63353114;-1942993.427;2826955.645;NA;False; ; ;0; ; ; ; ; ; 
TRACK;1.23.1-37;-16.42587329;-71.6337836;-1943013.827;2826924.432;NA;False; ; ;0; ; ; ; ; ; 
TRACK;1.23.1-38; ; ;-1.516416327;20763369.87;NA; ; ; ; ; ; ; ; ; ; 
TRACK;1.23.1-38;-16.42670802;-71.63285368;-1943123.485;2827018.943;NA;False; ; ;0; ; ; ; ; ; 
TRACK;1.23.1-38;-16.42690283;-71.63268637;-1943148.454;2827035.367;NA;False; ; ;0; ; ; ; ; ; 
TRACK;1.23.1-38;-16.42680692;-71.63259562;-1943138.334;2827046.897;NA;False; ; ;0; ; ; ; ; ; 
TRACK;1.23.1-38;-16.42671427;-71.63266459;-1943126.592;2827040.286;NA;False; ; ;0; ; ; ; ; ; 
TRACK;1.23.1-38;-16.42651219;-71.63281628;-1943100.965;2827025.726;NA;False; ; ;0; ; ; ; ; ; 
TRACK;1.23.1-38;-16.42629555;-71.63296295;-1943073.693;2827011.924;NA;False; ; ;0; ; ; ; ; ; 
TRACK;1.23.1-38;-16.42635066;-71.63306651;-1943078.863;2826999.475;NA;False; ; ;0; ; ; ; ; ; 
TRACK;1.23.1-38;-16.4265615;-71.63296744;-1943104.858;2827007.959;NA;False; ; ;0; ; ; ; ; ; 
TRACK;1.23.1-39; ; ;-1.516416327;20763369.87;NA; ; ; ; ; ; ; ; ; ; 
TRACK;1.23.1-39;-16.42614288;-71.63334834;-1943050.936;2826970.243;NA;False; ; ;0; ; ; ; ; ; 
TRACK;1.23.1-39;-16.42607653;-71.63343965;-1943042.001;2826960.761;NA;False; ; ;0; ; ; ; ; ; 
TRACK;1.23.1-39;-16.42605081;-71.63354946;-1943037.603;2826948.654;NA;False; ; ;0; ; ; ; ; ; 
TRACK;1.23.1-39;-16.42604847;-71.63360137;-1943036.678;2826942.802;NA;False; ; ;0; ; ; ; ; ; 
TRACK;1.23.1-39;-16.42607727;-71.63367645;-1943039.117;2826933.921;NA;False; ; ;0; ; ; ; ; ; 
TRACK;1.23.1-39;-16.42607829;-71.63376444;-1943038.132;2826923.938;NA;False; ; ;0; ; ; ; ; ; 
TRACK;1.23.1-39;-16.42613885;-71.63376793;-1943045.198;2826922.756;NA;False; ; ;0; ; ; ; ; ; 
TRACK;1.23.1-39;-16.42635005;-71.63359304;-1943072.186;2826939.826;NA;False; ; ;0; ; ; ; ; ; 
TRACK;1.23.1-40; ; ;-1.516416327;20763369.87;NA; ; ; ; ; ; ; ; ; ; 
TRACK;1.23.1-40;-16.42566086;-71.63487422;-1942975.207;2826803.625;NA;False; ; ;0; ; ; ; ; ; 
TRACK;1.23.1-40;-16.42574492;-71.63475063;-1942986.626;2826816.534;NA;False; ; ;0; ; ; ; ; ; 
TRACK;1.23.1-40;-16.42556993;-71.63459796;-1942967.998;2826836.106;NA;False; ; ;0; ; ; ; ; ; 
TRACK;1.23.1-40;-16.42544796;-71.63474618;-1942951.821;2826820.898;NA;False; ; ;0; ; ; ; ; ; 
TRACK;1.23.1-40;-16.42534994;-71.63491842;-1942938.153;2826802.657;NA;False; ; ;0; ; ; ; ; ; 
TRACK;1.23.1-40;-16.42557025;-71.63505417;-1942962.314;2826784.413;NA;False; ; ;0; ; ; ; ; ; 
TRACK;1.23.1-41; ; ;-1.516416327;20763369.87;NA; ; ; ; ; ; ; ; ; ; 
TRACK;1.23.1-41;-16.42536546;-71.6339533;-1942952.081;2826911.805;NA;False; ; ;0; ; ; ; ; ; 
TRACK;1.23.1-41;-16.42523365;-71.63379806;-1942938.555;2826931.107;NA;False; ; ;0; ; ; ; ; ; 
TRACK;1.23.1-41;-16.42500935;-71.6339449;-1942910.381;2826917.385;NA;False; ; ;0; ; ; ; ; ; 
TRACK;1.23.1-41;-16.42486122;-71.63388096;-1942893.794;2826926.555;NA;False; ; ;0; ; ; ; ; ; 
TRACK;1.23.1-41;-16.42456052;-71.63389602;-1942858.304;2826928.756;NA;False; ; ;0; ; ; ; ; ; 
TRACK;1.23.1-41;-16.42453669;-71.63390389;-1942855.408;2826928.174;NA;False; ; ;0; ; ; ; ; ; 
TRACK;1.23.1-41;-16.42512294;-71.63428268;-1942919.479;2826877.638;NA;False; ; ;0; ; ; ; ; ; 
TRACK;1.23.1-42; ; ;-1.516416327;20763369.87;NA; ; ; ; ; ; ; ; ; ; 
TRACK;1.23.1-42;-16.42306432;-71.63554841;-1942661.933;2826760.98;NA;False; ; ;0; ; ; ; ; ; 
TRACK;1.23.1-42;-16.42314675;-71.6356935;-1942669.791;2826743.47;NA;False; ; ;0; ; ; ; ; ; 
TRACK;1.23.1-42;-16.42336461;-71.6355614;-1942697.023;2826755.607;NA;False; ; ;0; ; ; ; ; ; 
TRACK;1.23.1-42;-16.42358726;-71.63546121;-1942724.417;2826764.065;NA;False; ; ;0; ; ; ; ; ; 
TRACK;1.23.1-42;-16.42351157;-71.63525782;-1942718.082;2826788.093;NA;False; ; ;0; ; ; ; ; ; 
TRACK;1.23.1-42;-16.42326374;-71.63530369;-1942688.413;2826786.116;NA;False; ; ;0; ; ; ; ; ; 
TRACK;1.23.1-42;-16.42316402;-71.63531924;-1942676.511;2826785.65;NA;False; ; ;0; ; ; ; ; ; 
TRACK;1.23.1-42;-16.42299666;-71.63530639;-1942657.026;2826789.281;NA;False; ; ;0; ; ; ; ; ; 
TRACK;1.23.1-43; ; ;-1.516416327;20763369.87;NA; ; ; ; ; ; ; ; ; ; 
TRACK;1.23.1-43;-16.42385511;-71.63580365;-1942751.566;2826721.785;NA;False; ; ;0; ; ; ; ; ; 
TRACK;1.23.1-43;-16.42353497;-71.63588724;-1942712.935;2826716.475;NA;False; ; ;0; ; ; ; ; ; 
TRACK;1.23.1-43;-16.42357503;-71.63620032;-1942713.712;2826680.481;NA;False; ; ;0; ; ; ; ; ; 
TRACK;1.23.1-43;-16.42373757;-71.63620053;-1942732.79;2826678.345;NA;False; ; ;0; ; ; ; ; ; 
TRACK;1.23.1-43;-16.42383373;-71.63618006;-1942744.335;2826679.415;NA;False; ; ;0; ; ; ; ; ; 
TRACK;1.23.1-43;-16.4240134;-71.63612197;-1942766.156;2826683.662;NA;False; ; ;0; ; ; ; ; ; 
TRACK;1.23.1-44; ; ;-1.516416327;20763369.87;NA; ; ; ; ; ; ; ; ; ; 
TRACK;1.23.1-44;-16.42304504;-71.63606559;-1942653.184;2826702.633;NA;False; ; ;0; ; ; ; ; ; 
TRACK;1.23.1-44;-16.42308115;-71.63621652;-1942655.53;2826685.064;NA;False; ; ;0; ; ; ; ; ; 
TRACK;1.23.1-44;-16.42325573;-71.63623828;-1942675.752;2826680.329;NA;False; ; ;0; ; ; ; ; ; 
TRACK;1.23.1-44;-16.42326273;-71.63623768;-1942676.581;2826680.306;NA;False; ; ;0; ; ; ; ; ; 
TRACK;1.23.1-44;-16.42319723;-71.63601403;-1942671.696;2826706.498;NA;False; ; ;0; ; ; ; ; ; 
TRACK;1.23.1-44;-16.42318462;-71.6359613;-1942670.878;2826712.636;NA;False; ; ;0; ; ; ; ; ; 
TRACK;1.23.1-45; ; ;-1.516416327;20763369.87;NA; ; ; ; ; ; ; ; ; ; 
TRACK;1.23.1-45;-16.42286054;-71.63612206;-1942630.816;2826698.632;NA;False; ; ;0; ; ; ; ; ; 
TRACK;1.23.1-45;-16.42282212;-71.63614437;-1942626.027;2826696.604;NA;False; ; ;0; ; ; ; ; ; 
TRACK;1.23.1-45;-16.42283831;-71.63620463;-1942627.172;2826689.565;NA;False; ; ;0; ; ; ; ; ; 
TRACK;1.23.1-45;-16.42288004;-71.63618369;-1942632.333;2826691.396;NA;False; ; ;0; ; ; ; ; ; 
TRACK;1.23.2-1; ; ;-1.516416327;20763369.87;NA; ; ; ; ; ; ; ; ; ; 
TRACK;1.23.2-1;-16.42386803;-71.63409918;-1942774.461;2826914.738;NA;False; ; ;0; ; ; ; ; ; 
TRACK;1.23.2-1;-16.42432955;-71.63345221;-1942836.755;2826982.043;NA;False; ; ;0; ; ; ; ; ; 
TRACK;1.23.2-1;-16.42466639;-71.6332807;-1942878.451;2826997.098;NA;False; ; ;0; ; ; ; ; ; 
TRACK;1.23.2-1;-16.42485894;-71.63322873;-1942901.707;2827000.484;NA;False; ; ;0; ; ; ; ; ; 
TRACK;1.23.2-1;-16.42526952;-71.63316893;-1942950.657;2827001.923;NA;False; ; ;0; ; ; ; ; ; 
TRACK;1.23.2-1;-16.42514586;-71.63259799;-1942943.302;2827068.219;NA;False; ; ;0; ; ; ; ; ; 
TRACK;1.23.2-1;-16.4255701;-71.63230877;-1942996.735;2827095.475;NA;False; ; ;0; ; ; ; ; ; 
TRACK;1.23.2-1;-16.42547176;-71.63219022;-1942986.678;2827110.185;NA;False; ; ;0; ; ; ; ; ; 
TRACK;1.23.2-1;-16.4241028;-71.63310883;-1942814.444;2827023.897;NA;False; ; ;0; ; ; ; ; ; 
TRACK;1.23.2-1;-16.42360519;-71.63372273;-1942748.326;2826960.807;NA;False; ; ;0; ; ; ; ; ; 
TRACK;1.23.2-1;-16.42305737;-71.63420497;-1942677.967;2826913.287;NA;False; ; ;0; ; ; ; ; ; 
TRACK;1.23.2-1;-16.42327052;-71.63447953;-1942699.545;2826879.408;NA;False; ; ;0; ; ; ; ; ; 
TRACK;1.23.2-1;-16.42376933;-71.63407375;-1942763.193;2826918.902;NA;False; ; ;0; ; ; ; ; ; 
TRACK;1.23.2-2; ; ;-1.516416327;20763369.87;NA; ; ; ; ; ; ; ; ; ; 
TRACK;1.23.2-2;-16.42562648;-71.63233665;-1943003.005;2827091.583;NA;False; ; ;0; ; ; ; ; ; 
TRACK;1.23.2-2;-16.42550669;-71.63240069;-1942988.138;2827085.884;NA;False; ; ;0; ; ; ; ; ; 
TRACK;1.23.2-2;-16.42520797;-71.63263532;-1942950.126;2827063.183;NA;False; ; ;0; ; ; ; ; ; 
TRACK;1.23.2-2;-16.42530312;-71.63314113;-1942954.951;2827004.637;NA;False; ; ;0; ; ; ; ; ; 
TRACK;1.23.2-2;-16.42538251;-71.63316315;-1942963.995;2827001.109;NA;False; ; ;0; ; ; ; ; ; 
TRACK;1.23.2-2;-16.42548596;-71.63315276;-1942976.27;2827000.942;NA;False; ; ;0; ; ; ; ; ; 
TRACK;1.23.2-2;-16.42590231;-71.63293609;-1943027.865;2827020.079;NA;False; ; ;0; ; ; ; ; ; 
TRACK;1.23.2-2;-16.42575265;-71.6323274;-1943017.932;2827090.991;NA;False; ; ;0; ; ; ; ; ; 
TRACK;1.23.2-3; ; ;-1.516416327;20763369.87;NA; ; ; ; ; ; ; ; ; ; 
TRACK;1.23.2-3;-16.42569661;-71.6330969;-1943001.7;2827004.533;NA;False; ; ;0; ; ; ; ; ; 
TRACK;1.23.2-3;-16.42536658;-71.6332356;-1942961.216;2826993.107;NA;False; ; ;0; ; ; ; ; ; 
TRACK;1.23.2-3;-16.42516557;-71.6332669;-1942937.225;2826992.173;NA;False; ; ;0; ; ; ; ; ; 
TRACK;1.23.2-3;-16.4251993;-71.63344057;-1942939.007;2826972.058;NA;False; ; ;0; ; ; ; ; ; 
TRACK;1.23.2-3;-16.42513714;-71.63346757;-1942931.37;2826969.807;NA;False; ; ;0; ; ; ; ; ; 
TRACK;1.23.2-3;-16.42514017;-71.63356958;-1942930.447;2826958.209;NA;False; ; ;0; ; ; ; ; ; 
TRACK;1.23.2-3;-16.42537405;-71.63354138;-1942958.257;2826958.365;NA;False; ; ;0; ; ; ; ; ; 
TRACK;1.23.2-3;-16.42553724;-71.63349625;-1942977.98;2826961.357;NA;False; ; ;0; ; ; ; ; ; 
TRACK;1.23.2-3;-16.42566979;-71.63342379;-1942994.45;2826967.844;NA;False; ; ;0; ; ; ; ; ; 
TRACK;1.23.2-3;-16.42581933;-71.63329872;-1943013.574;2826980.071;NA;False; ; ;0; ; ; ; ; ; 
TRACK;1.23.2-3;-16.4260496;-71.63304875;-1943043.743;2827005.4;NA;False; ; ;0; ; ; ; ; ; 
TRACK;1.23.2-3;-16.42626551;-71.63288524;-1943071.141;2827021.12;NA;False; ; ;0; ; ; ; ; ; 
TRACK;1.23.2-3;-16.42622953;-71.63283623;-1943067.532;2827027.141;NA;False; ; ;0; ; ; ; ; ; 
TRACK;1.23.2-5; ; ;-1.516416327;20763369.87;NA; ; ; ; ; ; ; ; ; ; 
TRACK;1.23.2-5;-16.42511455;-71.63344185;-1942929.042;2826973.015;NA;False; ; ;0; ; ; ; ; ; 
TRACK;1.23.2-5;-16.42517052;-71.63342714;-1942935.797;2826973.954;NA;False; ; ;0; ; ; ; ; ; 
TRACK;1.23.2-5;-16.42513912;-71.63327222;-1942934.054;2826991.915;NA;False; ; ;0; ; ; ; ; ; 
TRACK;1.23.2-5;-16.42465383;-71.63333055;-1942876.351;2826991.614;NA;False; ; ;0; ; ; ; ; ; 
TRACK;1.23.2-5;-16.42450436;-71.6333919;-1942858.035;2826986.605;NA;False; ; ;0; ; ; ; ; ; 
TRACK;1.23.2-5;-16.42438659;-71.63346094;-1942843.343;2826980.313;NA;False; ; ;0; ; ; ; ; ; 
TRACK;1.23.2-5;-16.42386947;-71.63413645;-1942774.162;2826910.496;NA;False; ; ;0; ; ; ; ; ; 
TRACK;1.23.2-5;-16.42381383;-71.63416431;-1942767.281;2826908.062;NA;False; ; ;0; ; ; ; ; ; 
TRACK;1.23.2-5;-16.42378369;-71.63411765;-1942764.329;2826913.742;NA;False; ; ;0; ; ; ; ; ; 
TRACK;1.23.2-5;-16.42353095;-71.63429936;-1942732.379;2826896.437;NA;False; ; ;0; ; ; ; ; ; 
TRACK;1.23.2-5;-16.42344675;-71.63443654;-1942720.773;2826881.988;NA;False; ; ;0; ; ; ; ; ; 
TRACK;1.23.2-5;-16.42330587;-71.63455485;-1942702.751;2826870.415;NA;False; ; ;0; ; ; ; ; ; 
TRACK;1.23.2-5;-16.4234066;-71.63466313;-1942713.218;2826856.837;NA;False; ; ;0; ; ; ; ; ; 
TRACK;1.23.2-5;-16.42391574;-71.63437954;-1942776.546;2826882.353;NA;False; ; ;0; ; ; ; ; ; 
TRACK;1.23.2-5;-16.42407069;-71.63406605;-1942798.668;2826915.858;NA;False; ; ;0; ; ; ; ; ; 
TRACK;1.23.2-5;-16.42419025;-71.63389991;-1942814.787;2826933.128;NA;False; ; ;0; ; ; ; ; ; 
TRACK;1.23.2-5;-16.4243926;-71.63371148;-1942840.906;2826951.848;NA;False; ; ;0; ; ; ; ; ; 
TRACK;1.23.2-5;-16.4245741;-71.6336116;-1942863.466;2826960.805;NA;False; ; ;0; ; ; ; ; ; 
TRACK;1.23.2-5;-16.42458034;-71.63360996;-1942864.219;2826960.91;NA;False; ; ;0; ; ; ; ; ; 
TRACK;1.23.2-5;-16.42480441;-71.63354923;-1942891.285;2826964.879;NA;False; ; ;0; ; ; ; ; ; 
TRACK;1.23.2-5;-16.42481273;-71.63354888;-1942892.267;2826964.81;NA;False; ; ;0; ; ; ; ; ; 
TRACK;1.23.2-5;-16.42511093;-71.63357221;-1942926.981;2826958.291;NA;False; ; ;0; ; ; ; ; ; 
TRACK;1.23.2-6; ; ;-1.516416327;20763369.87;NA; ; ; ; ; ; ; ; ; ; 
TRACK;1.23.2-6;-16.4229154;-71.63420827;-1942661.258;2826914.757;NA;False; ; ;0; ; ; ; ; ; 
TRACK;1.23.2-6;-16.422868;-71.6341366;-1942656.593;2826923.494;NA;False; ; ;0; ; ; ; ; ; 
TRACK;1.23.2-6;-16.42285356;-71.63407091;-1942655.722;2826931.125;NA;False; ; ;0; ; ; ; ; ; 
TRACK;1.23.2-6;-16.4226667;-71.63404328;-1942634.131;2826936.683;NA;False; ; ;0; ; ; ; ; ; 
TRACK;1.23.2-6;-16.42248612;-71.63410343;-1942612.178;2826932.215;NA;False; ; ;0; ; ; ; ; ; 
TRACK;1.23.2-6;-16.42248029;-71.6341092;-1942611.421;2826931.637;NA;False; ; ;0; ; ; ; ; ; 
TRACK;1.23.2-6;-16.42237371;-71.63418413;-1942597.97;2826924.532;NA;False; ; ;0; ; ; ; ; ; 
TRACK;1.23.2-6;-16.42235622;-71.63418872;-1942595.859;2826924.239;NA;False; ; ;0; ; ; ; ; ; 
TRACK;1.23.2-6;-16.42233977;-71.63419734;-1942593.82;2826923.476;NA;False; ; ;0; ; ; ; ; ; 
TRACK;1.23.2-6;-16.42216409;-71.63435239;-1942571.25;2826908.191;NA;False; ; ;0; ; ; ; ; ; 
TRACK;1.23.2-6;-16.42216054;-71.63435332;-1942570.822;2826908.132;NA;False; ; ;0; ; ; ; ; ; 
TRACK;1.23.2-6;-16.42196472;-71.63449408;-1942546.069;2826894.727;NA;False; ; ;0; ; ; ; ; ; 
TRACK;1.23.2-6;-16.42183301;-71.63463853;-1942528.795;2826880.072;NA;False; ; ;0; ; ; ; ; ; 
TRACK;1.23.2-6;-16.42182653;-71.63464487;-1942527.956;2826879.438;NA;False; ; ;0; ; ; ; ; ; 
TRACK;1.23.2-6;-16.4216645;-71.63497095;-1942504.844;2826844.597;NA;False; ; ;0; ; ; ; ; ; 
TRACK;1.23.2-6;-16.42123914;-71.63563392;-1942446.595;2826775.007;NA;False; ; ;0; ; ; ; ; ; 
TRACK;1.23.2-6;-16.42113636;-71.63585058;-1942431.813;2826751.794;NA;False; ; ;0; ; ; ; ; ; 
TRACK;1.23.2-6;-16.42104715;-71.63613647;-1942417.755;2826720.561;NA;False; ; ;0; ; ; ; ; ; 
TRACK;1.23.2-6;-16.42104397;-71.63614223;-1942417.309;2826719.949;NA;False; ; ;0; ; ; ; ; ; 
TRACK;1.23.2-6;-16.42100997;-71.63638948;-1942410.218;2826692.377;NA;False; ; ;0; ; ; ; ; ; 
TRACK;1.23.2-6;-16.42108368;-71.63664443;-1942415.675;2826662.533;NA;False; ; ;0; ; ; ; ; ; 
TRACK;1.23.2-6;-16.42122467;-71.63677701;-1942430.563;2826645.679;NA;False; ; ;0; ; ; ; ; ; 
TRACK;1.23.2-6;-16.42152046;-71.6369055;-1942463.675;2826627.278;NA;False; ; ;0; ; ; ; ; ; 
TRACK;1.23.2-6;-16.42166354;-71.63676068;-1942482.288;2826641.827;NA;False; ; ;0; ; ; ; ; ; 
TRACK;1.23.2-6;-16.42167759;-71.63651617;-1942487.003;2826669.349;NA;False; ; ;0; ; ; ; ; ; 
TRACK;1.23.2-6;-16.42158076;-71.63644222;-1942476.564;2826678.985;NA;False; ; ;0; ; ; ; ; ; 
TRACK;1.23.2-6;-16.421641;-71.63577381;-1942492.018;2826753.936;NA;False; ; ;0; ; ; ; ; ; 
TRACK;1.23.2-6;-16.42178229;-71.63564401;-1942510.232;2826766.807;NA;False; ; ;0; ; ; ; ; ; 
TRACK;1.23.2-6;-16.42193766;-71.63523475;-1942533.604;2826811.158;NA;False; ; ;0; ; ; ; ; ; 
TRACK;1.23.2-6;-16.42255486;-71.63467755;-1942613.048;2826866.272;NA;False; ; ;0; ; ; ; ; ; 
TRACK;1.23.2-6;-16.42287391;-71.6346502;-1942650.845;2826865.225;NA;False; ; ;0; ; ; ; ; ; 
TRACK;1.23.2-6;-16.42292705;-71.63479417;-1942655.278;2826848.221;NA;False; ; ;0; ; ; ; ; ; 
TRACK;1.23.2-6;-16.42327569;-71.63465987;-1942697.891;2826858.908;NA;False; ; ;0; ; ; ; ; ; 
TRACK;1.23.2-6;-16.42320443;-71.634553;-1942690.866;2826871.942;NA;False; ; ;0; ; ; ; ; ; 
TRACK;1.23.2-6;-16.42323404;-71.63449905;-1942695.018;2826877.67;NA;False; ; ;0; ; ; ; ; ; 
TRACK;1.23.2-6;-16.42303797;-71.63422654;-1942675.419;2826911.095;NA;False; ; ;0; ; ; ; ; ; 
TRACK;1.23.2-6;-16.42296263;-71.63416466;-1942667.35;2826919.085;NA;False; ; ;0; ; ; ; ; ; 
TRACK;1.23.3-1; ; ;-1.516416327;20763369.87;NA; ; ; ; ; ; ; ; ; ; 
TRACK;1.23.3-1;-16.42822356;-71.63260383;-1943304.537;2827027.551;NA;False; ; ;0; ; ; ; ; ; 
TRACK;1.23.3-1;-16.42825016;-71.63247811;-1943309.237;2827041.449;NA;False; ; ;0; ; ; ; ; ; 
TRACK;1.23.3-1;-16.4282139;-71.63244664;-1943305.375;2827045.485;NA;False; ; ;0; ; ; ; ; ; 
TRACK;1.23.3-1;-16.42812745;-71.63243548;-1943295.366;2827047.874;NA;False; ; ;0; ; ; ; ; ; 
TRACK;1.23.3-1;-16.42778516;-71.63266116;-1943252.352;2827026.754;NA;False; ; ;0; ; ; ; ; ; 
TRACK;1.23.3-1;-16.42786801;-71.63288998;-1943259.208;2826999.751;NA;False; ; ;0; ; ; ; ; ; 
TRACK;1.23.3-2; ; ;-1.516416327;20763369.87;NA; ; ; ; ; ; ; ; ; ; 
TRACK;1.23.3-2;-16.42854599;-71.63261742;-1943342.218;2827021.819;NA;False; ; ;0; ; ; ; ; ; 
TRACK;1.23.3-2;-16.42879974;-71.63224176;-1943376.721;2827061.082;NA;False; ; ;0; ; ; ; ; ; 
TRACK;1.23.3-2;-16.42910959;-71.63190595;-1943417.31;2827095.102;NA;False; ; ;0; ; ; ; ; ; 
TRACK;1.23.3-2;-16.42890222;-71.63171644;-1943395.343;2827119.269;NA;False; ; ;0; ; ; ; ; ; 
TRACK;1.23.3-2;-16.42867341;-71.63197906;-1943365.187;2827092.489;NA;False; ; ;0; ; ; ; ; ; 
TRACK;1.23.3-2;-16.42871768;-71.63203047;-1943369.739;2827086.088;NA;False; ; ;0; ; ; ; ; ; 
TRACK;1.23.3-2;-16.42860113;-71.63210376;-1943355.137;2827079.3;NA;False; ; ;0; ; ; ; ; ; 
TRACK;1.23.3-2;-16.42829297;-71.63242391;-1943314.943;2827047.033;NA;False; ; ;0; ; ; ; ; ; 
TRACK;1.23.3-2;-16.42826881;-71.63261539;-1943309.705;2827025.652;NA;False; ; ;0; ; ; ; ; ; 
TRACK;1.23.3-2;-16.42815412;-71.63272939;-1943294.809;2827014.227;NA;False; ; ;0; ; ; ; ; ; 
TRACK;1.23.3-2;-16.42825179;-71.63285295;-1943304.726;2826998.958;NA;False; ; ;0; ; ; ; ; ; 
TRACK;1.23.3-3; ; ;-1.516416327;20763369.87;NA; ; ; ; ; ; ; ; ; ; 
TRACK;1.23.3-3;-16.42877401;-71.63140231;-1943384.234;2827156.528;NA;False; ; ;0; ; ; ; ; ; 
TRACK;1.23.3-3;-16.42895582;-71.6315355;-1943403.906;2827139.073;NA;False; ; ;0; ; ; ; ; ; 
TRACK;1.23.3-3;-16.42914593;-71.63128435;-1943429.376;2827165.057;NA;False; ; ;0; ; ; ; ; ; 
TRACK;1.23.3-3;-16.42921953;-71.63121159;-1943438.929;2827172.344;NA;False; ; ;0; ; ; ; ; ; 
TRACK;1.23.3-3;-16.42922849;-71.63106265;-1943441.85;2827189.102;NA;False; ; ;0; ; ; ; ; ; 
TRACK;1.23.3-3;-16.42910799;-71.63096957;-1943428.871;2827201.215;NA;False; ; ;0; ; ; ; ; ; 
TRACK;1.23.3-3;-16.42882462;-71.63120229;-1943392.685;2827178.532;NA;False; ; ;0; ; ; ; ; ; 
TRACK;1.23.3-4; ; ;-1.516416327;20763369.87;NA; ; ; ; ; ; ; ; ; ; 
TRACK;1.23.3-4;-16.42939503;-71.63097393;-1943462.515;2827196.989;NA;False; ; ;0; ; ; ; ; ; 
TRACK;1.23.3-4;-16.4297502;-71.63076831;-1943506.79;2827215.668;NA;False; ; ;0; ; ; ; ; ; 
TRACK;1.23.3-4;-16.42990544;-71.63045401;-1943528.959;2827249.259;NA;False; ; ;0; ; ; ; ; ; 
TRACK;1.23.3-4;-16.42983277;-71.63037846;-1943521.376;2827258.764;NA;False; ; ;0; ; ; ; ; ; 
TRACK;1.23.3-4;-16.42957995;-71.63061893;-1943488.678;2827234.806;NA;False; ; ;0; ; ; ; ; ; 
TRACK;1.23.3-4;-16.42948214;-71.63067287;-1943476.518;2827229.966;NA;False; ; ;0; ; ; ; ; ; 
TRACK;1.23.3-4;-16.42922836;-71.63085484;-1943444.442;2827212.649;NA;False; ; ;0; ; ; ; ; ; 
TRACK;1.23.3-4;-16.42910851;-71.63095196;-1943429.154;2827203.204;NA;False; ; ;0; ; ; ; ; ; 
TRACK;1.23.3-4;-16.42923543;-71.63104817;-1943442.846;2827190.652;NA;False; ; ;0; ; ; ; ; ; 
TRACK;1.23.3-7; ; ;-1.516416327;20763369.87;NA; ; ; ; ; ; ; ; ; ; 
TRACK;1.23.3-7;-16.43389855;-71.62708852;-1944039.983;2827578.637;NA;False; ; ;0; ; ; ; ; ; 
TRACK;1.23.3-7;-16.43388349;-71.62698514;-1944039.512;2827590.545;NA;False; ; ;0; ; ; ; ; ; 
TRACK;1.23.3-7;-16.43378049;-71.62699624;-1944027.281;2827590.628;NA;False; ; ;0; ; ; ; ; ; 
TRACK;1.23.3-7;-16.43376504;-71.62710446;-1944024.108;2827578.568;NA;False; ; ;0; ; ; ; ; ; 
TRACK;1.23.3-7;-16.433838;-71.6271033;-1944032.689;2827577.75;NA;False; ; ;0; ; ; ; ; ; 
TRACK;1.23.3-9; ; ;-1.516416327;20763369.87;NA; ; ; ; ; ; ; ; ; ; 
TRACK;1.23.3-9;-16.43109339;-71.62903736;-1943686.2;2827394.319;NA;False; ; ;0; ; ; ; ; ; 
TRACK;1.23.3-9;-16.43073556;-71.62935724;-1943640.177;2827362.729;NA;False; ; ;0; ; ; ; ; ; 
TRACK;1.23.3-9;-16.43056054;-71.62957452;-1943616.904;2827340.387;NA;False; ; ;0; ; ; ; ; ; 
TRACK;1.23.3-9;-16.43056767;-71.62971111;-1943616.026;2827324.819;NA;False; ; ;0; ; ; ; ; ; 
TRACK;1.23.3-9;-16.4312706;-71.62928335;-1943703.917;2827364.143;NA;False; ; ;0; ; ; ; ; ; 
TRACK;1.23.3-10; ; ;-1.516416327;20763369.87;NA; ; ; ; ; ; ; ; ; ; 
TRACK;1.23.3-10;-16.42938548;-71.63047455;-1943467.66;2827253.693;NA;False; ; ;0; ; ; ; ; ; 
TRACK;1.23.3-10;-16.42926734;-71.63036553;-1943455.158;2827267.582;NA;False; ; ;0; ; ; ; ; ; 
TRACK;1.23.3-10;-16.42860988;-71.63075106;-1943373.138;2827232.448;NA;False; ; ;0; ; ; ; ; ; 
TRACK;1.23.3-10;-16.42854617;-71.63094738;-1943363.195;2827211.034;NA;False; ; ;0; ; ; ; ; ; 
TRACK;1.23.3-10;-16.42869411;-71.63110647;-1943378.566;2827191.085;NA;False; ; ;0; ; ; ; ; ; 
TRACK;1.23.3-11; ; ;-1.516416327;20763369.87;NA; ; ; ; ; ; ; ; ; ; 
TRACK;1.23.3-11;-16.42761688;-71.63271793;-1943231.884;2827022.509;NA;False; ; ;0; ; ; ; ; ; 
TRACK;1.23.3-11;-16.42800615;-71.63247377;-1943280.646;2827045.113;NA;False; ; ;0; ; ; ; ; ; 
TRACK;1.23.3-11;-16.42812462;-71.63240847;-1943295.374;2827050.971;NA;False; ; ;0; ; ; ; ; ; 
TRACK;1.23.3-11;-16.42817834;-71.63239649;-1943301.83;2827051.63;NA;False; ; ;0; ; ; ; ; ; 
TRACK;1.23.3-11;-16.42826159;-71.63241528;-1943311.368;2827048.419;NA;False; ; ;0; ; ; ; ; ; 
TRACK;1.23.3-11;-16.42860292;-71.63207469;-1943355.711;2827082.571;NA;False; ; ;0; ; ; ; ; ; 
TRACK;1.23.3-11;-16.42868817;-71.63202505;-1943366.342;2827087.086;NA;False; ; ;0; ; ; ; ; ; 
TRACK;1.23.3-11;-16.42865367;-71.63198853;-1943362.751;2827091.673;NA;False; ; ;0; ; ; ; ; ; 
TRACK;1.23.3-11;-16.4288244;-71.63178952;-1943385.29;2827112.001;NA;False; ; ;0; ; ; ; ; ; 
TRACK;1.23.3-11;-16.42873335;-71.6316433;-1943376.437;2827129.751;NA;False; ; ;0; ; ; ; ; ; 
TRACK;1.23.3-11;-16.42868564;-71.63171581;-1943369.925;2827122.157;NA;False; ; ;0; ; ; ; ; ; 
TRACK;1.23.3-11;-16.42847559;-71.63192117;-1943342.689;2827101.62;NA;False; ; ;0; ; ; ; ; ; 
TRACK;1.23.3-11;-16.42823838;-71.6320427;-1943313.318;2827090.935;NA;False; ; ;0; ; ; ; ; ; 
TRACK;1.23.3-11;-16.42800795;-71.63219543;-1943284.35;2827076.626;NA;False; ; ;0; ; ; ; ; ; 
TRACK;1.23.3-11;-16.42771351;-71.63244422;-1943246.663;2827052.265;NA;False; ; ;0; ; ; ; ; ; 
TRACK;1.23.3-11;-16.42759114;-71.63247297;-1943231.937;2827050.598;NA;False; ; ;0; ; ; ; ; ; 
TRACK;1.23.3-11;-16.42731104;-71.63250919;-1943198.599;2827050.136;NA;False; ; ;0; ; ; ; ; ; 
TRACK;1.23.3-11;-16.42723873;-71.63256959;-1943189.352;2827044.233;NA;False; ; ;0; ; ; ; ; ; 
TRACK;1.23.3-11;-16.4270681;-71.63263033;-1943168.559;2827039.568;NA;False; ; ;0; ; ; ; ; ; 
TRACK;1.23.3-11;-16.42715531;-71.63286789;-1943175.816;2827011.519;NA;False; ; ;0; ; ; ; ; ; 
TRACK;1.23.3-12; ; ;-1.516416327;20763369.87;NA; ; ; ; ; ; ; ; ; ; 
TRACK;1.23.3-12;-16.42803517;-71.63333942;-1943273.192;2826946.657;NA;False; ; ;0; ; ; ; ; ; 
TRACK;1.23.3-12;-16.42752557;-71.63281383;-1943219.962;2827012.831;NA;False; ; ;0; ; ; ; ; ; 
TRACK;1.23.3-12;-16.42733662;-71.63291402;-1943196.523;2827003.936;NA;False; ; ;0; ; ; ; ; ; 
TRACK;1.23.3-12;-16.42797484;-71.63339707;-1943265.386;2826940.91;NA;False; ; ;0; ; ; ; ; ; 
TRACK;1.23.3-13; ; ;-1.516416327;20763369.87;NA; ; ; ; ; ; ; ; ; ; 
TRACK;1.23.3-13;-16.42725474;-71.63328394;-1943182.269;2826963.087;NA;False; ; ;0; ; ; ; ; ; 
TRACK;1.23.3-13;-16.42735489;-71.63342145;-1943192.302;2826946.205;NA;False; ; ;0; ; ; ; ; ; 
TRACK;1.23.3-13;-16.42765395;-71.63357469;-1943225.487;2826924.957;NA;False; ; ;0; ; ; ; ; ; 
TRACK;1.23.3-13;-16.42783192;-71.63361659;-1943245.855;2826917.896;NA;False; ; ;0; ; ; ; ; ; 
TRACK;1.23.3-13;-16.42820238;-71.63397953;-1943284.791;2826871.958;NA;False; ; ;0; ; ; ; ; ; 
TRACK;1.23.3-13;-16.42828529;-71.63390603;-1943295.446;2826879.208;NA;False; ; ;0; ; ; ; ; ; 
TRACK;1.23.3-13;-16.42820079;-71.63364323;-1943288.824;2826910.082;NA;False; ; ;0; ; ; ; ; ; 
TRACK;1.23.3-13;-16.42743453;-71.63303203;-1943206.536;2826989.292;NA;False; ; ;0; ; ; ; ; ; 
TRACK;1.23.3-13;-16.42718504;-71.63290996;-1943178.779;2827006.367;NA;False; ; ;0; ; ; ; ; ; 
TRACK;1.23.3-13;-16.4270921;-71.63303725;-1943166.272;2826993.152;NA;False; ; ;0; ; ; ; ; ; 
TRACK;1.23.4-1; ; ;-1.516416327;20763369.87;NA; ; ; ; ; ; ; ; ; ; 
TRACK;1.23.4-1;-16.4399493;-71.62335932;-1944797.163;2827922.418;NA;False; ; ;0; ; ; ; ; ; 
TRACK;1.23.4-1;-16.43993667;-71.62341088;-1944795.033;2827916.74;NA;False; ; ;0; ; ; ; ; ; 
TRACK;1.23.4-1;-16.43993971;-71.62349178;-1944794.373;2827907.534;NA;False; ; ;0; ; ; ; ; ; 
TRACK;1.23.4-1;-16.44000709;-71.62356711;-1944801.337;2827898.123;NA;False; ; ;0; ; ; ; ; ; 
TRACK;1.23.4-1;-16.44005278;-71.62360508;-1944806.225;2827893.227;NA;False; ; ;0; ; ; ; ; ; 
TRACK;1.23.4-1;-16.4402012;-71.62338961;-1944826.356;2827915.707;NA;False; ; ;0; ; ; ; ; ; 
TRACK;1.23.4-1;-16.4402071;-71.62338613;-1944827.092;2827916.024;NA;False; ; ;0; ; ; ; ; ; 
TRACK;1.23.4-1;-16.44033789;-71.62324789;-1944844.183;2827929.984;NA;False; ; ;0; ; ; ; ; ; 
TRACK;1.23.4-1;-16.44045202;-71.62314967;-1944858.815;2827939.627;NA;False; ; ;0; ; ; ; ; ; 
TRACK;1.23.4-1;-16.44029707;-71.62297026;-1944842.878;2827961.97;NA;False; ; ;0; ; ; ; ; ; 
TRACK;1.23.4-2; ; ;-1.516416327;20763369.87;NA; ; ; ; ; ; ; ; ; ; 
TRACK;1.23.4-2;-16.44075803;-71.62238443;-1944904.354;2828022.343;NA;False; ; ;0; ; ; ; ; ; 
TRACK;1.23.4-2;-16.44054414;-71.6226256;-1944876.214;2827997.803;NA;False; ; ;0; ; ; ; ; ; 
TRACK;1.23.4-2;-16.44031882;-71.62293973;-1944845.815;2827965.147;NA;False; ; ;0; ; ; ; ; ; 
TRACK;1.23.4-2;-16.44047643;-71.62313787;-1944861.83;2827940.646;NA;False; ; ;0; ; ; ; ; ; 
TRACK;1.23.4-2;-16.44079979;-71.62287065;-1944903.148;2827966.712;NA;False; ; ;0; ; ; ; ; ; 
TRACK;1.23.4-2;-16.44099557;-71.62261123;-1944929.392;2827993.555;NA;False; ; ;0; ; ; ; ; ; 
TRACK;1.23.4-3; ; ;-1.516416327;20763369.87;NA; ; ; ; ; ; ; ; ; ; 
TRACK;1.23.4-3;-16.44172079;-71.62174914;-1945025.363;2828081.786;NA;False; ; ;0; ; ; ; ; ; 
TRACK;1.23.4-3;-16.44179786;-71.62175351;-1945034.357;2828080.288;NA;False; ; ;0; ; ; ; ; ; 
TRACK;1.23.4-3;-16.44182193;-71.62170255;-1945037.823;2828085.748;NA;False; ; ;0; ; ; ; ; ; 
TRACK;1.23.4-3;-16.441843;-71.62165794;-1945040.857;2828090.528;NA;False; ; ;0; ; ; ; ; ; 
TRACK;1.23.4-3;-16.44182748;-71.62161877;-1945039.526;2828095.169;NA;False; ; ;0; ; ; ; ; ; 
TRACK;1.23.4-3;-16.44175299;-71.62157095;-1945031.382;2828101.556;NA;False; ; ;0; ; ; ; ; ; 
TRACK;1.23.4-3;-16.4416128;-71.62163312;-1945014.143;2828096.337;NA;False; ; ;0; ; ; ; ; ; 
TRACK;1.23.4-3;-16.44140833;-71.62168524;-1944989.483;2828093.094;NA;False; ; ;0; ; ; ; ; ; 
TRACK;1.23.4-3;-16.44142884;-71.62172869;-1944991.345;2828087.905;NA;False; ; ;0; ; ; ; ; ; 
TRACK;1.23.4-4; ; ;-1.516416327;20763369.87;NA; ; ; ; ; ; ; ; ; ; 
TRACK;1.23.4-4;-16.44156589;-71.62203696;-1945003.562;2828051.195;NA;False; ; ;0; ; ; ; ; ; 
TRACK;1.23.4-4;-16.44202635;-71.6225563;-1945051.095;2827986.36;NA;False; ; ;0; ; ; ; ; ; 
TRACK;1.23.4-4;-16.44227081;-71.62237227;-1945082.107;2828004.028;NA;False; ; ;0; ; ; ; ; ; 
TRACK;1.23.4-4;-16.44219461;-71.62210597;-1945076.507;2828035.19;NA;False; ; ;0; ; ; ; ; ; 
TRACK;1.23.4-4;-16.44198929;-71.62211009;-1945052.351;2828037.397;NA;False; ; ;0; ; ; ; ; ; 
TRACK;1.23.4-4;-16.44191268;-71.62206111;-1945043.972;2828043.943;NA;False; ; ;0; ; ; ; ; ; 
TRACK;1.23.4-4;-16.44182465;-71.62192466;-1945035.351;2828060.548;NA;False; ; ;0; ; ; ; ; ; 
TRACK;1.23.4-4;-16.44172126;-71.62180079;-1945024.77;2828075.93;NA;False; ; ;0; ; ; ; ; ; 
TRACK;1.23.4-4;-16.44163325;-71.62177356;-1945014.78;2828080.16;NA;False; ; ;0; ; ; ; ; ; 
TRACK;1.23.4-4;-16.44151728;-71.62175656;-1945001.378;2828083.596;NA;False; ; ;0; ; ; ; ; ; 
TRACK;1.23.4-4;-16.44118273;-71.62200683;-1944958.957;2828059.596;NA;False; ; ;0; ; ; ; ; ; 
TRACK;1.23.4-4;-16.44077173;-71.62235938;-1944906.277;2828025.003;NA;False; ; ;0; ; ; ; ; ; 
TRACK;1.23.4-4;-16.44101515;-71.62257813;-1944932.106;2827997.05;NA;False; ; ;0; ; ; ; ; ; 
TRACK;1.23.4-4;-16.44133127;-71.62221318;-1944973.804;2828034.284;NA;False; ; ;0; ; ; ; ; ; 
TRACK;1.23.4-5; ; ;-1.516416327;20763369.87;NA; ; ; ; ; ; ; ; ; ; 
TRACK;1.23.4-5;-16.44051106;-71.62354073;-1944860.834;2827894.551;NA;False; ; ;0; ; ; ; ; ; 
TRACK;1.23.4-5;-16.44121656;-71.6230545;-1944949.768;2827940.457;NA;False; ; ;0; ; ; ; ; ; 
TRACK;1.23.4-5;-16.44196006;-71.62256005;-1945043.265;2827986.799;NA;False; ; ;0; ; ; ; ; ; 
TRACK;1.23.4-5;-16.44170939;-71.622296;-1945017.154;2828019.977;NA;False; ; ;0; ; ; ; ; ; 
TRACK;1.23.4-5;-16.44149829;-71.62207099;-1944995.198;2828048.219;NA;False; ; ;0; ; ; ; ; ; 
TRACK;1.23.4-5;-16.44130694;-71.62222058;-1944970.855;2828033.761;NA;False; ; ;0; ; ; ; ; ; 
TRACK;1.23.4-5;-16.44107458;-71.62249273;-1944940.156;2828005.953;NA;False; ; ;0; ; ; ; ; ; 
TRACK;1.23.4-5;-16.44098407;-71.62269654;-1944926.97;2827984.039;NA;False; ; ;0; ; ; ; ; ; 
TRACK;1.23.4-5;-16.44083119;-71.62283818;-1944907.243;2827969.982;NA;False; ; ;0; ; ; ; ; ; 
TRACK;1.23.4-5;-16.44061008;-71.62304833;-1944878.644;2827949.05;NA;False; ; ;0; ; ; ; ; ; 
TRACK;1.23.4-5;-16.44043217;-71.62318921;-1944855.989;2827935.405;NA;False; ; ;0; ; ; ; ; ; 
TRACK;1.23.4-5;-16.44030567;-71.62329862;-1944839.763;2827924.656;NA;False; ; ;0; ; ; ; ; ; 
TRACK;1.23.4-5;-16.44022645;-71.62340326;-1944829.149;2827913.831;NA;False; ; ;0; ; ; ; ; ; 
TRACK;1.23.4-5;-16.44010611;-71.62361267;-1944812.39;2827891.672;NA;False; ; ;0; ; ; ; ; ; 
TRACK;1.23.4-5;-16.44016533;-71.62367048;-1944818.616;2827884.351;NA;False; ; ;0; ; ; ; ; ; 
TRACK;1.23.4-6; ; ;-1.516416327;20763369.87;NA; ; ; ; ; ; ; ; ; ; 
TRACK;1.23.4-6;-16.43846453;-71.62463607;-1944606.816;2827797.088;NA;False; ; ;0; ; ; ; ; ; 
TRACK;1.23.4-6;-16.43875034;-71.62456838;-1944641.22;2827801.038;NA;False; ; ;0; ; ; ; ; ; 
TRACK;1.23.4-6;-16.43908303;-71.62458273;-1944680.098;2827795.082;NA;False; ; ;0; ; ; ; ; ; 
TRACK;1.23.4-6;-16.43919199;-71.6245935;-1944692.754;2827792.444;NA;False; ; ;0; ; ; ; ; ; 
TRACK;1.23.4-6;-16.43908664;-71.62419037;-1944685.449;2827839.489;NA;False; ; ;0; ; ; ; ; ; 
TRACK;1.23.4-6;-16.4387643;-71.62423669;-1944647.025;2827838.436;NA;False; ; ;0; ; ; ; ; ; 
TRACK;1.23.4-6;-16.43847648;-71.62432851;-1944612.082;2827831.779;NA;False; ; ;0; ; ; ; ; ; 
TRACK;1.23.4-6;-16.43822099;-71.62443161;-1944580.793;2827823.423;NA;False; ; ;0; ; ; ; ; ; 
TRACK;1.23.4-6;-16.43801621;-71.62453442;-1944555.46;2827814.439;NA;False; ; ;0; ; ; ; ; ; 
TRACK;1.23.4-6;-16.4378663;-71.62463317;-1944536.621;2827805.201;NA;False; ; ;0; ; ; ; ; ; 
TRACK;1.23.4-6;-16.43781949;-71.62469817;-1944530.309;2827798.446;NA;False; ; ;0; ; ; ; ; ; 
TRACK;1.23.4-6;-16.43790469;-71.62481271;-1944538.873;2827784.361;NA;False; ; ;0; ; ; ; ; ; 
TRACK;1.23.4-7; ; ;-1.516416327;20763369.87;NA; ; ; ; ; ; ; ; ; ; 
TRACK;1.23.4-7;-16.4398485;-71.62492493;-1944765.665;2827746.35;NA;False; ; ;0; ; ; ; ; ; 
TRACK;1.23.4-7;-16.44009385;-71.62477354;-1944796.369;2827760.309;NA;False; ; ;0; ; ; ; ; ; 
TRACK;1.23.4-7;-16.4399286;-71.62457258;-1944779.494;2827785.228;NA;False; ; ;0; ; ; ; ; ; 
TRACK;1.23.4-7;-16.43980136;-71.62444156;-1944766.202;2827801.728;NA;False; ; ;0; ; ; ; ; ; 
TRACK;1.23.4-7;-16.43968901;-71.62429613;-1944754.838;2827819.667;NA;False; ; ;0; ; ; ; ; ; 
TRACK;1.23.4-7;-16.43963008;-71.62408693;-1944750.548;2827844.136;NA;False; ; ;0; ; ; ; ; ; 
TRACK;1.23.4-7;-16.4391507;-71.62415876;-1944693.367;2827842.236;NA;False; ; ;0; ; ; ; ; ; 
TRACK;1.23.4-7;-16.43922288;-71.62437651;-1944699.105;2827816.627;NA;False; ; ;0; ; ; ; ; ; 
TRACK;1.23.4-7;-16.43929122;-71.62462164;-1944704.05;2827787.964;NA;False; ; ;0; ; ; ; ; ; 
TRACK;1.23.4-7;-16.43964271;-71.62458335;-1944745.795;2827787.728;NA;False; ; ;0; ; ; ; ; ; 
TRACK;1.23.4-8; ; ;-1.516416327;20763369.87;NA; ; ; ; ; ; ; ; ; ; 
TRACK;1.23.4-8;-16.44054959;-71.62447922;-1944853.569;2827787.723;NA;False; ; ;0; ; ; ; ; ; 
TRACK;1.23.4-8;-16.44044895;-71.62423838;-1944844.78;2827816.318;NA;False; ; ;0; ; ; ; ; ; 
TRACK;1.23.4-8;-16.44034925;-71.6240592;-1944835.325;2827837.917;NA;False; ; ;0; ; ; ; ; ; 
TRACK;1.23.4-8;-16.44022597;-71.6238912;-1944822.963;2827858.556;NA;False; ; ;0; ; ; ; ; ; 
TRACK;1.23.4-8;-16.44001015;-71.62399183;-1944796.362;2827849.963;NA;False; ; ;0; ; ; ; ; ; 
TRACK;1.23.4-8;-16.43970527;-71.62420397;-1944757.904;2827829.896;NA;False; ; ;0; ; ; ; ; ; 
TRACK;1.23.4-8;-16.43968709;-71.6242061;-1944755.744;2827829.892;NA;False; ; ;0; ; ; ; ; ; 
TRACK;1.23.4-8;-16.43982492;-71.62441887;-1944769.252;2827803.991;NA;False; ; ;0; ; ; ; ; ; 
TRACK;1.23.4-8;-16.44008757;-71.62470868;-1944796.447;2827767.738;NA;False; ; ;0; ; ; ; ; ; 
TRACK;1.23.4-9; ; ;-1.516416327;20763369.87;NA; ; ; ; ; ; ; ; ; ; 
TRACK;1.23.4-9;-16.44084852;-71.62435169;-1944890.266;2827798.28;NA;False; ; ;0; ; ; ; ; ; 
TRACK;1.23.4-9;-16.44103524;-71.62425276;-1944913.428;2827807.058;NA;False; ; ;0; ; ; ; ; ; 
TRACK;1.23.4-9;-16.44112286;-71.62419656;-1944924.421;2827812.285;NA;False; ; ;0; ; ; ; ; ; 
TRACK;1.23.4-9;-16.44091937;-71.62388479;-1944904.448;2827850.257;NA;False; ; ;0; ; ; ; ; ; 
TRACK;1.23.4-9;-16.44075109;-71.62362743;-1944887.925;2827881.605;NA;False; ; ;0; ; ; ; ; ; 
TRACK;1.23.4-9;-16.44025759;-71.6238766;-1944826.859;2827859.798;NA;False; ; ;0; ; ; ; ; ; 
TRACK;1.23.4-9;-16.44041202;-71.62406273;-1944842.651;2827836.699;NA;False; ; ;0; ; ; ; ; ; 
TRACK;1.23.4-9;-16.44050075;-71.62430548;-1944850.019;2827808.043;NA;False; ; ;0; ; ; ; ; ; 
TRACK;1.23.4-9;-16.44057244;-71.6244618;-1944856.471;2827789.399;NA;False; ; ;0; ; ; ; ; ; 
TRACK;1.23.4-10; ; ;-1.516416327;20763369.87;NA; ; ; ; ; ; ; ; ; ; 
TRACK;1.23.4-10;-16.44049864;-71.62260406;-1944871.143;2828000.837;NA;False; ; ;0; ; ; ; ; ; 
TRACK;1.23.4-10;-16.44062008;-71.62245929;-1944887.218;2828015.657;NA;False; ; ;0; ; ; ; ; ; 
TRACK;1.23.4-10;-16.44052262;-71.62233036;-1944877.397;2828031.533;NA;False; ; ;0; ; ; ; ; ; 
TRACK;1.23.4-10;-16.44030844;-71.62247124;-1944850.481;2828018.36;NA;False; ; ;0; ; ; ; ; ; 
TRACK;1.23.4-10;-16.44006491;-71.62269236;-1944819.114;2827996.478;NA;False; ; ;0; ; ; ; ; ; 
TRACK;1.23.4-10;-16.44027458;-71.62290054;-1944841.113;2827970.162;NA;False; ; ;0; ; ; ; ; ; 
TRACK;1.23.4-10;-16.44047674;-71.62265271;-1944867.961;2827995.609;NA;False; ; ;0; ; ; ; ; ; 
TRACK;1.23.4-11; ; ;-1.516416327;20763369.87;NA; ; ; ; ; ; ; ; ; ; 
TRACK;1.23.4-11;-16.44005516;-71.62270381;-1944817.826;2827995.307;NA;False; ; ;0; ; ; ; ; ; 
TRACK;1.23.4-11;-16.43983584;-71.62281234;-1944790.714;2827985.866;NA;False; ; ;0; ; ; ; ; ; 
TRACK;1.23.4-11;-16.43952516;-71.62315359;-1944749.953;2827951.247;NA;False; ; ;0; ; ; ; ; ; 
TRACK;1.23.4-11;-16.43966485;-71.62335026;-1944763.883;2827927.146;NA;False; ; ;0; ; ; ; ; ; 
TRACK;1.23.4-11;-16.43973777;-71.62349706;-1944770.6;2827909.565;NA;False; ; ;0; ; ; ; ; ; 
TRACK;1.23.4-11;-16.43976282;-71.62353178;-1944773.104;2827905.305;NA;False; ; ;0; ; ; ; ; ; 
TRACK;1.23.4-11;-16.43989984;-71.62352927;-1944789.221;2827903.806;NA;False; ; ;0; ; ; ; ; ; 
TRACK;1.23.4-11;-16.43987027;-71.62342755;-1944787.028;2827915.715;NA;False; ; ;0; ; ; ; ; ; 
TRACK;1.23.4-11;-16.43991466;-71.62331646;-1944793.635;2827927.724;NA;False; ; ;0; ; ; ; ; ; 
TRACK;1.23.4-11;-16.44026053;-71.62291711;-1944839.257;2827968.468;NA;False; ; ;0; ; ; ; ; ; 
TRACK;1.23.4-12; ; ;-1.516416327;20763369.87;NA; ; ; ; ; ; ; ; ; ; 
TRACK;1.23.4-12;-16.43944102;-71.62372183;-1944732.938;2827887.961;NA;False; ; ;0; ; ; ; ; ; 
TRACK;1.23.4-12;-16.43909512;-71.62382933;-1944690.979;2827880.284;NA;False; ; ;0; ; ; ; ; ; 
TRACK;1.23.4-12;-16.43906159;-71.62389288;-1944686.245;2827873.52;NA;False; ; ;0; ; ; ; ; ; 
TRACK;1.23.4-12;-16.43886129;-71.62395281;-1944661.977;2827869.337;NA;False; ; ;0; ; ; ; ; ; 
TRACK;1.23.4-12;-16.43882419;-71.62409958;-1944655.778;2827853.19;NA;False; ; ;0; ; ; ; ; ; 
TRACK;1.23.4-12;-16.43904752;-71.62405347;-1944682.575;2827855.508;NA;False; ; ;0; ; ; ; ; ; 
TRACK;1.23.4-12;-16.43947936;-71.62391931;-1944734.958;2827865.087;NA;False; ; ;0; ; ; ; ; ; 
TRACK;1.23.4-15; ; ;-1.516416327;20763369.87;NA; ; ; ; ; ; ; ; ; ; 
TRACK;1.23.4-15;-16.44222695;-71.62112342;-1945092.648;2828146.089;NA;False; ; ;0; ; ; ; ; ; 
TRACK;1.23.4-15;-16.44187467;-71.621325;-1945048.757;2828127.838;NA;False; ; ;0; ; ; ; ; ; 
TRACK;1.23.4-15;-16.44178768;-71.62140944;-1945037.484;2828119.403;NA;False; ; ;0; ; ; ; ; ; 
TRACK;1.23.4-15;-16.44171936;-71.62150251;-1945028.294;2828109.748;NA;False; ; ;0; ; ; ; ; ; 
TRACK;1.23.4-15;-16.44185844;-71.62160827;-1945043.293;2828095.956;NA;False; ; ;0; ; ; ; ; ; 
TRACK;1.23.4-15;-16.44223745;-71.62122936;-1945092.55;2828133.951;NA;False; ; ;0; ; ; ; ; ; 
TRACK;1.23.4-16; ; ;-1.516416327;20763369.87;NA; ; ; ; ; ; ; ; ; ; 
TRACK;1.23.4-16;-16.4376007;-71.62481941;-1944503.101;2827787.557;NA;False; ; ;0; ; ; ; ; ; 
TRACK;1.23.4-16;-16.43738055;-71.62501183;-1944474.839;2827768.621;NA;False; ; ;0; ; ; ; ; ; 
TRACK;1.23.4-16;-16.43750877;-71.62515972;-1944488.035;2827750.197;NA;False; ; ;0; ; ; ; ; ; 
TRACK;1.23.4-16;-16.43762749;-71.6251915;-1944501.574;2827745.051;NA;False; ; ;0; ; ; ; ; ; 
TRACK;1.23.4-16;-16.43774001;-71.62496163;-1944517.67;2827769.631;NA;False; ; ;0; ; ; ; ; ; 
TRACK;1.23.5-1; ; ;-1.516416327;20763369.87;NA; ; ; ; ; ; ; ; ; ; 
TRACK;1.23.5-1;-16.4401952;-71.6249067;-1944806.595;2827743.903;NA;False; ; ;0; ; ; ; ; ; 
TRACK;1.23.5-1;-16.44038797;-71.62509518;-1944826.859;2827720.039;NA;False; ; ;0; ; ; ; ; ; 
TRACK;1.23.5-1;-16.44076764;-71.62533659;-1944868.399;2827687.747;NA;False; ; ;0; ; ; ; ; ; 
TRACK;1.23.5-1;-16.44087611;-71.62522993;-1944882.473;2827698.419;NA;False; ; ;0; ; ; ; ; ; 
TRACK;1.23.5-1;-16.44057733;-71.62488915;-1944851.678;2827740.917;NA;False; ; ;0; ; ; ; ; ; 
TRACK;1.23.5-1;-16.44033532;-71.62460542;-1944826.83;2827776.213;NA;False; ; ;0; ; ; ; ; ; 
TRACK;1.23.5-1;-16.44012006;-71.62472494;-1944800.057;2827765.474;NA;False; ; ;0; ; ; ; ; ; 
TRACK;1.23.5-3; ; ;-1.516416327;20763369.87;NA; ; ; ; ; ; ; ; ; ; 
TRACK;1.23.5-3;-16.44121872;-71.625009;-1944925.47;2827718.991;NA;False; ; ;0; ; ; ; ; ; 
TRACK;1.23.5-3;-16.44071078;-71.62444576;-1944872.914;2827789.415;NA;False; ; ;0; ; ; ; ; ; 
TRACK;1.23.5-3;-16.44037067;-71.62458519;-1944831.234;2827778.045;NA;False; ; ;0; ; ; ; ; ; 
TRACK;1.23.5-3;-16.44093096;-71.62520327;-1944889.247;2827700.727;NA;False; ; ;0; ; ; ; ; ; 
TRACK;1.23.5-4; ; ;-1.516416327;20763369.87;NA; ; ; ; ; ; ; ; ; ; 
TRACK;1.23.5-4;-16.44105666;-71.62429663;-1944915.393;2827801.809;NA;False; ; ;0; ; ; ; ; ; 
TRACK;1.23.5-4;-16.44075664;-71.62443259;-1944878.463;2827790.311;NA;False; ; ;0; ; ; ; ; ; 
TRACK;1.23.5-4;-16.44109794;-71.62480246;-1944913.885;2827743.963;NA;False; ; ;0; ; ; ; ; ; 
TRACK;1.23.5-4;-16.44132544;-71.62456822;-1944943.536;2827767.54;NA;False; ; ;0; ; ; ; ; ; 
TRACK;1.23.5-5; ; ;-1.516416327;20763369.87;NA; ; ; ; ; ; ; ; ; ; 
TRACK;1.23.5-5;-16.44135579;-71.62460523;-1944946.634;2827762.952;NA;False; ; ;0; ; ; ; ; ; 
TRACK;1.23.5-5;-16.44113397;-71.62483711;-1944917.68;2827739.568;NA;False; ; ;0; ; ; ; ; ; 
TRACK;1.23.5-5;-16.44139662;-71.62511122;-1944945.071;2827705.095;NA;False; ; ;0; ; ; ; ; ; 
TRACK;1.23.5-5;-16.44161178;-71.62488246;-1944973.203;2827728.211;NA;False; ; ;0; ; ; ; ; ; 
TRACK;1.23.5-6; ; ;-1.516416327;20763369.87;NA; ; ; ; ; ; ; ; ; ; 
TRACK;1.23.5-6;-16.44164796;-71.62491628;-1944977.026;2827723.908;NA;False; ; ;0; ; ; ; ; ; 
TRACK;1.23.5-6;-16.44141162;-71.62515445;-1944946.289;2827700.001;NA;False; ; ;0; ; ; ; ; ; 
TRACK;1.23.5-6;-16.44171039;-71.62542525;-1944977.962;2827665.433;NA;False; ; ;0; ; ; ; ; ; 
TRACK;1.23.5-6;-16.44192359;-71.62520686;-1945005.735;2827687.4;NA;False; ; ;0; ; ; ; ; ; 
TRACK;1.23.5-7; ; ;-1.516416327;20763369.87;NA; ; ; ; ; ; ; ; ; ; 
TRACK;1.23.5-7;-16.441465;-71.62574497;-1944945.138;2827632.404;NA;False; ; ;0; ; ; ; ; ; 
TRACK;1.23.5-7;-16.44166655;-71.62589951;-1944966.858;2827612.271;NA;False; ; ;0; ; ; ; ; ; 
TRACK;1.23.5-7;-16.44250604;-71.62523057;-1945073.816;2827677.132;NA;False; ; ;0; ; ; ; ; ; 
TRACK;1.23.5-7;-16.44220514;-71.6249493;-1945042.024;2827712.915;NA;False; ; ;0; ; ; ; ; ; 
TRACK;1.23.5-8; ; ;-1.516416327;20763369.87;NA; ; ; ; ; ; ; ; ; ; 
TRACK;1.23.5-8;-16.44216824;-71.62492163;-1945038.039;2827716.531;NA;False; ; ;0; ; ; ; ; ; 
TRACK;1.23.5-8;-16.441765;-71.62449254;-1944996.089;2827770.394;NA;False; ; ;0; ; ; ; ; ; 
TRACK;1.23.5-8;-16.44153801;-71.624134;-1944973.945;2827813.969;NA;False; ; ;0; ; ; ; ; ; 
TRACK;1.23.5-8;-16.44140437;-71.62419071;-1944957.543;2827809.284;NA;False; ; ;0; ; ; ; ; ; 
TRACK;1.23.5-8;-16.4411884;-71.62435316;-1944930.148;2827793.69;NA;False; ; ;0; ; ; ; ; ; 
TRACK;1.23.5-8;-16.44194483;-71.62515885;-1945008.831;2827692.563;NA;False; ; ;0; ; ; ; ; ; 
TRACK;1.23.5-9; ; ;-1.516416327;20763369.87;NA; ; ; ; ; ; ; ; ; ; 
TRACK;1.23.5-9;-16.44103528;-71.62359161;-1944921.738;2827881.963;NA;False; ; ;0; ; ; ; ; ; 
TRACK;1.23.5-9;-16.44115978;-71.62378584;-1944933.915;2827858.338;NA;False; ; ;0; ; ; ; ; ; 
TRACK;1.23.5-9;-16.4409625;-71.62389668;-1944909.362;2827848.347;NA;False; ; ;0; ; ; ; ; ; 
TRACK;1.23.5-9;-16.44120916;-71.6242843;-1944933.45;2827801.222;NA;False; ; ;0; ; ; ; ; ; 
TRACK;1.23.5-9;-16.44150246;-71.62408413;-1944970.399;2827820.082;NA;False; ; ;0; ; ; ; ; ; 
TRACK;1.23.5-9;-16.4411684;-71.6235145;-1944938.336;2827888.967;NA;False; ; ;0; ; ; ; ; ; 
TRACK;1.23.6-1; ; ;-1.516416327;20763369.87;NA; ; ; ; ; ; ; ; ; ; 
TRACK;1.23.6-1;-16.44253959;-71.62571818;-1945071.63;2827621.452;NA;False; ; ;0; ; ; ; ; ; 
TRACK;1.23.6-1;-16.44291961;-71.62605348;-1945112.031;2827578.518;NA;False; ; ;0; ; ; ; ; ; 
TRACK;1.23.6-1;-16.44306846;-71.62596634;-1945130.6;2827586.454;NA;False; ; ;0; ; ; ; ; ; 
TRACK;1.23.6-1;-16.44280898;-71.62571821;-1945103.255;2827617.942;NA;False; ; ;0; ; ; ; ; ; 
TRACK;1.23.6-1;-16.44290031;-71.62560066;-1945115.453;2827630.072;NA;False; ; ;0; ; ; ; ; ; 
TRACK;1.23.6-1;-16.44274433;-71.62547245;-1945098.752;2827646.627;NA;False; ; ;0; ; ; ; ; ; 
TRACK;1.23.6-2; ; ;-1.516416327;20763369.87;NA; ; ; ; ; ; ; ; ; ; 
TRACK;1.23.6-2;-16.44292596;-71.62556904;-1945118.861;2827633.32;NA;False; ; ;0; ; ; ; ; ; 
TRACK;1.23.6-2;-16.44317614;-71.62558598;-1945148.019;2827628.144;NA;False; ; ;0; ; ; ; ; ; 
TRACK;1.23.6-2;-16.4436854;-71.62497682;-1945215.457;2827690.529;NA;False; ; ;0; ; ; ; ; ; 
TRACK;1.23.6-2;-16.44372985;-71.62467455;-1945224.473;2827724.196;NA;False; ; ;0; ; ; ; ; ; 
TRACK;1.23.6-2;-16.4440941;-71.62427831;-1945272.213;2827764.346;NA;False; ; ;0; ; ; ; ; ; 
TRACK;1.23.6-2;-16.44392399;-71.62409843;-1945254.503;2827786.94;NA;False; ; ;0; ; ; ; ; ; 
TRACK;1.23.6-2;-16.44321794;-71.62489897;-1945161.556;2827705.435;NA;False; ; ;0; ; ; ; ; ; 
TRACK;1.23.6-2;-16.44277125;-71.62544532;-1945102.253;2827649.35;NA;False; ; ;0; ; ; ; ; ; 
TRACK;1.23.6-4; ; ;-1.516416327;20763369.87;NA; ; ; ; ; ; ; ; ; ; 
TRACK;1.23.6-4;-16.44521106;-71.62305414;-1945418.723;2827888.495;NA;False; ; ;0; ; ; ; ; ; 
TRACK;1.23.6-4;-16.44552859;-71.62269974;-1945460.454;2827924.512;NA;False; ; ;0; ; ; ; ; ; 
TRACK;1.23.6-4;-16.4453606;-71.62253507;-1945442.801;2827945.356;NA;False; ; ;0; ; ; ; ; ; 
TRACK;1.23.6-4;-16.44504012;-71.62290513;-1945400.527;2827907.603;NA;False; ; ;0; ; ; ; ; ; 
TRACK;1.23.6-5; ; ;-1.516416327;20763369.87;NA; ; ; ; ; ; ; ; ; ; 
TRACK;1.23.6-5;-16.44554831;-71.62267749;-1945463.048;2827926.776;NA;False; ; ;0; ; ; ; ; ; 
TRACK;1.23.6-5;-16.44566379;-71.62255488;-1945478.146;2827939.163;NA;False; ; ;0; ; ; ; ; ; 
TRACK;1.23.6-5;-16.44577724;-71.62247164;-1945492.512;2827947.117;NA;False; ; ;0; ; ; ; ; ; 
TRACK;1.23.6-5;-16.44559476;-71.62227484;-1945473.561;2827971.789;NA;False; ; ;0; ; ; ; ; ; 
TRACK;1.23.6-5;-16.44538402;-71.62252176;-1945445.718;2827946.558;NA;False; ; ;0; ; ; ; ; ; 
TRACK;1.23.6-6; ; ;-1.516416327;20763369.87;NA; ; ; ; ; ; ; ; ; ; 
TRACK;1.23.6-6;-16.44580574;-71.62239689;-1945496.797;2827955.215;NA;False; ; ;0; ; ; ; ; ; 
TRACK;1.23.6-6;-16.44602513;-71.62220829;-1945524.923;2827973.725;NA;False; ; ;0; ; ; ; ; ; 
TRACK;1.23.6-6;-16.44618329;-71.62204956;-1945545.485;2827989.648;NA;False; ; ;0; ; ; ; ; ; 
TRACK;1.23.6-6;-16.44638848;-71.6219447;-1945570.892;2827998.857;NA;False; ; ;0; ; ; ; ; ; 
TRACK;1.23.6-6;-16.44661355;-71.62180539;-1945599.066;2828011.709;NA;False; ; ;0; ; ; ; ; ; 
TRACK;1.23.6-6;-16.44673474;-71.62172599;-1945614.291;2828019.127;NA;False; ; ;0; ; ; ; ; ; 
TRACK;1.23.6-6;-16.44667253;-71.62155599;-1945609.125;2828039.196;NA;False; ; ;0; ; ; ; ; ; 
TRACK;1.23.6-6;-16.44679563;-71.6213446;-1945626.233;2828061.543;NA;False; ; ;0; ; ; ; ; ; 
TRACK;1.23.6-6;-16.44682819;-71.62130017;-1945630.613;2828066.152;NA;False; ; ;0; ; ; ; ; ; 
TRACK;1.23.6-6;-16.44662404;-71.62111143;-1945609.018;2828090.194;NA;False; ; ;0; ; ; ; ; ; 
TRACK;1.23.6-6;-16.44562258;-71.62223076;-1945477.381;2827976.421;NA;False; ; ;0; ; ; ; ; ; 
TRACK;1.23.7-1; ; ;-1.516416327;20763369.87;NA; ; ; ; ; ; ; ; ; ; 
TRACK;1.23.7-1;-16.44371489;-71.62501326;-1945218.461;2827686.017;NA;False; ; ;0; ; ; ; ; ; 
TRACK;1.23.7-1;-16.44348952;-71.62528888;-1945188.542;2827657.724;NA;False; ; ;0; ; ; ; ; ; 
TRACK;1.23.7-1;-16.44389162;-71.62596913;-1945227.201;2827575.422;NA;False; ; ;0; ; ; ; ; ; 
TRACK;1.23.7-1;-16.44405567;-71.62587693;-1945247.619;2827583.733;NA;False; ; ;0; ; ; ; ; ; 
TRACK;1.23.7-2; ; ;-1.516416327;20763369.87;NA; ; ; ; ; ; ; ; ; ; 
TRACK;1.23.7-2;-16.44344456;-71.6253204;-1945182.867;2827654.738;NA;False; ; ;0; ; ; ; ; ; 
TRACK;1.23.7-2;-16.44320454;-71.6255965;-1945151.221;2827626.583;NA;False; ; ;0; ; ; ; ; ; 
TRACK;1.23.7-2;-16.44354727;-71.62617978;-1945184.129;2827556.04;NA;False; ; ;0; ; ; ; ; ; 
TRACK;1.23.7-2;-16.44383982;-71.62598154;-1945220.964;2827574.69;NA;False; ; ;0; ; ; ; ; ; 
TRACK;1.23.7-3; ; ;-1.516416327;20763369.87;NA; ; ; ; ; ; ; ; ; ; 
TRACK;1.23.7-3;-16.44386726;-71.62458232;-1945241.763;2827732.856;NA;False; ; ;0; ; ; ; ; ; 
TRACK;1.23.7-3;-16.44375868;-71.62472842;-1945227.18;2827717.717;NA;False; ; ;0; ; ; ; ; ; 
TRACK;1.23.7-3;-16.44388659;-71.62491704;-1945239.828;2827694.683;NA;False; ; ;0; ; ; ; ; ; 
TRACK;1.23.7-3;-16.44407133;-71.62504965;-1945259.85;2827677.254;NA;False; ; ;0; ; ; ; ; ; 
TRACK;1.23.7-3;-16.44442249;-71.624626;-1945306.397;2827720.679;NA;False; ; ;0; ; ; ; ; ; 
TRACK;1.23.7-3;-16.44421808;-71.62445511;-1945284.547;2827742.701;NA;False; ; ;0; ; ; ; ; ; 
TRACK;1.23.7-3;-16.44421439;-71.62438179;-1945285.034;2827751.056;NA;False; ; ;0; ; ; ; ; ; 
TRACK;1.23.7-3;-16.44411808;-71.62430925;-1945274.64;2827760.528;NA;False; ; ;0; ; ; ; ; ; 
TRACK;1.23.7-4; ; ;-1.516416327;20763369.87;NA; ; ; ; ; ; ; ; ; ; 
TRACK;1.23.7-4;-16.44493528;-71.62322327;-1945384.222;2827872.924;NA;False; ; ;0; ; ; ; ; ; 
TRACK;1.23.7-4;-16.44483966;-71.62314386;-1945373.994;2827883.166;NA;False; ; ;0; ; ; ; ; ; 
TRACK;1.23.7-4;-16.44397073;-71.62409966;-1945259.974;2827786.192;NA;False; ; ;0; ; ; ; ; ; 
TRACK;1.23.7-4;-16.44425768;-71.62437828;-1945290.161;2827750.89;NA;False; ; ;0; ; ; ; ; ; 
TRACK;1.23.7-4;-16.44501193;-71.62356264;-1945388.956;2827833.478;NA;False; ; ;0; ; ; ; ; ; 
TRACK;1.23.7-5; ; ;-1.516416327;20763369.87;NA; ; ; ; ; ; ; ; ; ; 
TRACK;1.23.7-5;-16.44439586;-71.62429836;-1945307.387;2827758.146;NA;False; ; ;0; ; ; ; ; ; 
TRACK;1.23.7-5;-16.44426585;-71.62444469;-1945290.286;2827743.26;NA;False; ; ;0; ; ; ; ; ; 
TRACK;1.23.7-5;-16.44474427;-71.62487952;-1945340.989;2827687.768;NA;False; ; ;0; ; ; ; ; ; 
TRACK;1.23.7-5;-16.44496281;-71.62492928;-1945366.019;2827679.286;NA;False; ; ;0; ; ; ; ; ; 
TRACK;1.23.7-5;-16.44503172;-71.6248782;-1945374.751;2827684.175;NA;False; ; ;0; ; ; ; ; ; 
TRACK;1.23.7-6; ; ;-1.516416327;20763369.87;NA; ; ; ; ; ; ; ; ; ; 
TRACK;1.23.7-6;-16.44455964;-71.62411047;-1945328.975;2827777.301;NA;False; ; ;0; ; ; ; ; ; 
TRACK;1.23.7-6;-16.44442966;-71.62426546;-1945311.768;2827761.434;NA;False; ; ;0; ; ; ; ; ; 
TRACK;1.23.7-6;-16.44506369;-71.624839;-1945378.997;2827688.201;NA;False; ; ;0; ; ; ; ; ; 
TRACK;1.23.7-6;-16.44518184;-71.62469106;-1945394.726;2827703.423;NA;False; ; ;0; ; ; ; ; ; 
TRACK;1.23.7-7; ; ;-1.516416327;20763369.87;NA; ; ; ; ; ; ; ; ; ; 
TRACK;1.23.7-7;-16.44524076;-71.62460388;-1945402.738;2827712.532;NA;False; ; ;0; ; ; ; ; ; 
TRACK;1.23.7-7;-16.44509922;-71.62431714;-1945389.725;2827746.861;NA;False; ; ;0; ; ; ; ; ; 
TRACK;1.23.7-7;-16.44504093;-71.62408869;-1945385.751;2827773.502;NA;False; ; ;0; ; ; ; ; ; 
TRACK;1.23.7-7;-16.44506607;-71.62385746;-1945391.609;2827799.372;NA;False; ; ;0; ; ; ; ; ; 
TRACK;1.23.7-7;-16.44513088;-71.62371903;-1945400.957;2827814.211;NA;False; ; ;0; ; ; ; ; ; 
TRACK;1.23.7-7;-16.44499652;-71.62362952;-1945386.308;2827826.101;NA;False; ; ;0; ; ; ; ; ; 
TRACK;1.23.7-7;-16.44458613;-71.62408497;-1945332.406;2827779.845;NA;False; ; ;0; ; ; ; ; ; 
TRACK;1.23.7-7;-16.44519288;-71.62464399;-1945396.614;2827708.612;NA;False; ; ;0; ; ; ; ; ; 
TRACK;1.23.7-8; ; ;-1.516416327;20763369.87;NA; ; ; ; ; ; ; ; ; ; 
TRACK;1.23.7-8;-16.44578661;-71.62276471;-1945489.929;2827913.792;NA;False; ; ;0; ; ; ; ; ; 
TRACK;1.23.7-8;-16.44599829;-71.62259094;-1945516.964;2827930.723;NA;False; ; ;0; ; ; ; ; ; 
TRACK;1.23.7-8;-16.44614351;-71.62277956;-1945531.642;2827907.462;NA;False; ; ;0; ; ; ; ; ; 
TRACK;1.23.7-8;-16.44628898;-71.62272547;-1945549.4;2827911.696;NA;False; ; ;0; ; ; ; ; ; 
TRACK;1.23.7-8;-16.44607111;-71.6225566;-1945525.944;2827933.664;NA;False; ; ;0; ; ; ; ; ; 
TRACK;1.23.7-8;-16.44595393;-71.62237251;-1945514.5;2827956.047;NA;False; ; ;0; ; ; ; ; ; 
TRACK;1.23.7-8;-16.44554282;-71.62270509;-1945462.058;2827923.72;NA;False; ; ;0; ; ; ; ; ; 
TRACK;1.23.7-8;-16.44559157;-71.62279902;-1945466.601;2827912.445;NA;False; ; ;0; ; ; ; ; ; 
TRACK;1.23.7-9; ; ;-1.516416327;20763369.87;NA; ; ; ; ; ; ; ; ; ; 
TRACK;1.23.7-9;-16.44619646;-71.62210289;-1945546.361;2827983.436;NA;False; ; ;0; ; ; ; ; ; 
TRACK;1.23.7-9;-16.44598299;-71.62233272;-1945518.411;2827960.177;NA;False; ; ;0; ; ; ; ; ; 
TRACK;1.23.7-9;-16.44613637;-71.62252212;-1945534.039;2827936.721;NA;False; ; ;0; ; ; ; ; ; 
TRACK;1.23.7-9;-16.44635299;-71.62225569;-1945562.817;2827964.085;NA;False; ; ;0; ; ; ; ; ; 
TRACK;1.23.8-4; ; ;-1.516416327;20763369.87;NA; ; ; ; ; ; ; ; ; ; 
TRACK;1.23.8-4;-16.44293895;-71.62509904;-1945126.291;2827686.399;NA;False; ; ;0; ; ; ; ; ; 
TRACK;1.23.8-4;-16.44247642;-71.62467178;-1945077.357;2827740.826;NA;False; ; ;0; ; ; ; ; ; 
TRACK;1.23.8-4;-16.44227758;-71.62488144;-1945051.381;2827719.661;NA;False; ; ;0; ; ; ; ; ; 
TRACK;1.23.8-4;-16.44272297;-71.62533159;-1945098.014;2827662.863;NA;False; ; ;0; ; ; ; ; ; 
TRACK;1.23.8-5; ; ;-1.516416327;20763369.87;NA; ; ; ; ; ; ; ; ; ; 
TRACK;1.23.8-5;-16.4424429;-71.62464653;-1945073.74;2827744.123;NA;False; ; ;0; ; ; ; ; ; 
TRACK;1.23.8-5;-16.44208748;-71.62426735;-1945036.777;2827791.709;NA;False; ; ;0; ; ; ; ; ; 
TRACK;1.23.8-5;-16.44186307;-71.6239226;-1945014.763;2827833.689;NA;False; ; ;0; ; ; ; ; ; 
TRACK;1.23.8-5;-16.4416045;-71.62408634;-1944982.349;2827818.503;NA;False; ; ;0; ; ; ; ; ; 
TRACK;1.23.8-5;-16.44185631;-71.62447529;-1945007.026;2827771.16;NA;False; ; ;0; ; ; ; ; ; 
TRACK;1.23.8-5;-16.44224102;-71.62486829;-1945047.253;2827721.627;NA;False; ; ;0; ; ; ; ; ; 
TRACK;1.23.8-6; ; ;-1.516416327;20763369.87;NA; ; ; ; ; ; ; ; ; ; 
TRACK;1.23.8-6;-16.4418297;-71.62387587;-1945011.431;2827839.418;NA;False; ; ;0; ; ; ; ; ; 
TRACK;1.23.8-6;-16.44151308;-71.62331121;-1944981.354;2827907.513;NA;False; ; ;0; ; ; ; ; ; 
TRACK;1.23.8-6;-16.44125713;-71.62348983;-1944949.063;2827890.607;NA;False; ; ;0; ; ; ; ; ; 
TRACK;1.23.8-6;-16.44158291;-71.62403695;-1944980.436;2827824.38;NA;False; ; ;0; ; ; ; ; ; 
TRACK;1.23.8-7; ; ;-1.516416327;20763369.87;NA; ; ; ; ; ; ; ; ; ; 
TRACK;1.23.8-7;-16.44170878;-71.62356357;-1945001.16;2827876.374;NA;False; ; ;0; ; ; ; ; ; 
TRACK;1.23.8-7;-16.44224004;-71.6232181;-1945067.869;2827908.599;NA;False; ; ;0; ; ; ; ; ; 
TRACK;1.23.8-7;-16.44208457;-71.62295943;-1945052.866;2827939.928;NA;False; ; ;0; ; ; ; ; ; 
TRACK;1.23.8-7;-16.44155278;-71.62330287;-1944986.12;2827907.941;NA;False; ; ;0; ; ; ; ; ; 
TRACK;1.23.8-8; ; ;-1.516416327;20763369.87;NA; ; ; ; ; ; ; ; ; ; 
TRACK;1.23.8-8;-16.44240373;-71.62351796;-1945083.318;2827872.495;NA;False; ; ;0; ; ; ; ; ; 
TRACK;1.23.8-8;-16.44225532;-71.62326587;-1945069.062;2827902.988;NA;False; ; ;0; ; ; ; ; ; 
TRACK;1.23.8-8;-16.44193401;-71.62346158;-1945028.882;2827884.997;NA;False; ; ;0; ; ; ; ; ; 
TRACK;1.23.8-8;-16.44208111;-71.6237221;-1945042.878;2827853.567;NA;False; ; ;0; ; ; ; ; ; 
TRACK;1.23.8-9; ; ;-1.516416327;20763369.87;NA; ; ; ; ; ; ; ; ; ; 
TRACK;1.23.8-9;-16.44266061;-71.6243917;-1945102.499;2827770.16;NA;False; ; ;0; ; ; ; ; ; 
TRACK;1.23.8-9;-16.44236689;-71.62408495;-1945071.871;2827808.737;NA;False; ; ;0; ; ; ; ; ; 
TRACK;1.23.8-9;-16.44226073;-71.62395799;-1945061.003;2827824.503;NA;False; ; ;0; ; ; ; ; ; 
TRACK;1.23.8-9;-16.44213442;-71.62374719;-1945048.822;2827850.03;NA;False; ; ;0; ; ; ; ; ; 
TRACK;1.23.8-9;-16.4418923;-71.62390152;-1945018.458;2827835.696;NA;False; ; ;0; ; ; ; ; ; 
TRACK;1.23.8-9;-16.44201464;-71.62412038;-1945030.072;2827809.308;NA;False; ; ;0; ; ; ; ; ; 
TRACK;1.23.8-9;-16.44215896;-71.62430304;-1945044.721;2827786.735;NA;False; ; ;0; ; ; ; ; ; 
TRACK;1.23.8-9;-16.4424683;-71.62460681;-1945077.22;2827748.293;NA;False; ; ;0; ; ; ; ; ; 
TRACK;1.23.8-10; ; ;-1.516416327;20763369.87;NA; ; ; ; ; ; ; ; ; ; 
TRACK;1.23.8-10;-16.4428954;-71.62412618;-1945133.399;2827797.186;NA;False; ; ;0; ; ; ; ; ; 
TRACK;1.23.8-10;-16.44268721;-71.62392292;-1945111.511;2827822.924;NA;False; ; ;0; ; ; ; ; ; 
TRACK;1.23.8-10;-16.4425888;-71.62381421;-1945101.324;2827836.522;NA;False; ; ;0; ; ; ; ; ; 
TRACK;1.23.8-10;-16.44250647;-71.62369381;-1945093.171;2827851.235;NA;False; ; ;0; ; ; ; ; ; 
TRACK;1.23.8-10;-16.44244091;-71.62356395;-1945087.105;2827866.801;NA;False; ; ;0; ; ; ; ; ; 
TRACK;1.23.8-10;-16.44217263;-71.62373231;-1945053.495;2827851.218;NA;False; ; ;0; ; ; ; ; ; 
TRACK;1.23.8-10;-16.44230016;-71.6239386;-1945065.875;2827826.187;NA;False; ; ;0; ; ; ; ; ; 
TRACK;1.23.8-10;-16.44241537;-71.62406989;-1945077.751;2827809.812;NA;False; ; ;0; ; ; ; ; ; 
TRACK;1.23.8-10;-16.44269601;-71.62435378;-1945107.132;2827773.995;NA;False; ; ;0; ; ; ; ; ; 
TRACK;1.23.8-11; ; ;-1.516416327;20763369.87;NA; ; ; ; ; ; ; ; ; ; 
TRACK;1.23.8-11;-16.44315598;-71.62435155;-1945161.159;2827768.261;NA;False; ; ;0; ; ; ; ; ; 
TRACK;1.23.8-11;-16.44294232;-71.62415598;-1945138.533;2827793.198;NA;False; ; ;0; ; ; ; ; ; 
TRACK;1.23.8-11;-16.44267812;-71.62445861;-1945103.715;2827762.351;NA;False; ; ;0; ; ; ; ; ; 
TRACK;1.23.8-11;-16.44288398;-71.62465439;-1945125.422;2827737.491;NA;False; ; ;0; ; ; ; ; ; 
TRACK;1.23.8-12; ; ;-1.516416327;20763369.87;NA; ; ; ; ; ; ; ; ; ; 
TRACK;1.23.8-12;-16.4433865;-71.62460151;-1945185.082;2827736.94;NA;False; ; ;0; ; ; ; ; ; 
TRACK;1.23.8-12;-16.44316975;-71.6243969;-1945162.206;2827762.943;NA;False; ; ;0; ; ; ; ; ; 
TRACK;1.23.8-12;-16.44292185;-71.62467205;-1945129.647;2827734.998;NA;False; ; ;0; ; ; ; ; ; 
TRACK;1.23.8-12;-16.44275588;-71.62485871;-1945107.817;2827716.01;NA;False; ; ;0; ; ; ; ; ; 
TRACK;1.23.8-12;-16.44295795;-71.62506562;-1945128.941;2827689.938;NA;False; ; ;0; ; ; ; ; ; 
TRACK;1.23.8-13; ; ;-1.516416327;20763369.87;NA; ; ; ; ; ; ; ; ; ; 
TRACK;1.23.8-13;-16.443652;-71.62430405;-1945219.988;2827767.185;NA;False; ; ;0; ; ; ; ; ; 
TRACK;1.23.8-13;-16.44318391;-71.62386332;-1945170.572;2827823.211;NA;False; ; ;0; ; ; ; ; ; 
TRACK;1.23.8-13;-16.44298944;-71.62409869;-1945144.784;2827799.077;NA;False; ; ;0; ; ; ; ; ; 
TRACK;1.23.8-13;-16.4434491;-71.6245306;-1945193.322;2827744.159;NA;False; ; ;0; ; ; ; ; ; 
TRACK;1.23.8-14; ; ;-1.516416327;20763369.87;NA; ; ; ; ; ; ; ; ; ; 
TRACK;1.23.8-14;-16.44272994;-71.62331861;-1945124.12;2827890.834;NA;False; ; ;0; ; ; ; ; ; 
TRACK;1.23.8-14;-16.44241126;-71.6227543;-1945093.796;2827958.916;NA;False; ; ;0; ; ; ; ; ; 
TRACK;1.23.8-14;-16.4421503;-71.62291135;-1945061.187;2827944.521;NA;False; ; ;0; ; ; ; ; ; 
TRACK;1.23.8-14;-16.44247461;-71.62346812;-1945092.265;2827877.219;NA;False; ; ;0; ; ; ; ; ; 
TRACK;1.23.8-15; ; ;-1.516416327;20763369.87;NA; ; ; ; ; ; ; ; ; ; 
TRACK;1.23.8-15;-16.44302082;-71.62313448;-1945160.582;2827907.908;NA;False; ; ;0; ; ; ; ; ; 
TRACK;1.23.8-15;-16.44269503;-71.62259151;-1945129.156;2827973.666;NA;False; ; ;0; ; ; ; ; ; 
TRACK;1.23.8-15;-16.44244209;-71.62274239;-1945097.566;2827959.864;NA;False; ; ;0; ; ; ; ; ; 
TRACK;1.23.8-15;-16.44277012;-71.62329694;-1945129.109;2827892.766;NA;False; ; ;0; ; ; ; ; ; 
TRACK;1.23.8-17; ; ;-1.516416327;20763369.87;NA; ; ; ; ; ; ; ; ; ; 
TRACK;1.23.8-17;-16.44386021;-71.62405058;-1945247.616;2827793.192;NA;False; ; ;0; ; ; ; ; ; 
TRACK;1.23.8-17;-16.44342655;-71.62362413;-1945202.063;2827847.151;NA;False; ; ;0; ; ; ; ; ; 
TRACK;1.23.8-17;-16.44322231;-71.62384775;-1945175.276;2827824.475;NA;False; ; ;0; ; ; ; ; ; 
TRACK;1.23.8-17;-16.4436699;-71.62427359;-1945222.472;2827770.403;NA;False; ; ;0; ; ; ; ; ; 
TRACK;1.23.8-18; ; ;-1.516416327;20763369.87;NA; ; ; ; ; ; ; ; ; ; 
TRACK;1.23.8-18;-16.44436175;-71.62350364;-1945313.367;2827848.627;NA;False; ; ;0; ; ; ; ; ; 
TRACK;1.23.8-18;-16.4441534;-71.62329436;-1945291.537;2827875.05;NA;False; ; ;0; ; ; ; ; ; 
TRACK;1.23.8-18;-16.44369175;-71.62381961;-1945230.741;2827821.552;NA;False; ; ;0; ; ; ; ; ; 
TRACK;1.23.8-18;-16.44390134;-71.6240107;-1945252.945;2827797.174;NA;False; ; ;0; ; ; ; ; ; 
TRACK;1.23.8-19; ; ;-1.516416327;20763369.87;NA; ; ; ; ; ; ; ; ; ; 
TRACK;1.23.8-19;-16.44412714;-71.62326891;-1945288.773;2827878.275;NA;False; ; ;0; ; ; ; ; ; 
TRACK;1.23.8-19;-16.44391279;-71.62308111;-1945265.969;2827902.343;NA;False; ; ;0; ; ; ; ; ; 
TRACK;1.23.8-19;-16.44365706;-71.62335803;-1945232.467;2827874.298;NA;False; ; ;0; ; ; ; ; ; 
TRACK;1.23.8-19;-16.44386523;-71.62356627;-1945254.29;2827847.996;NA;False; ; ;0; ; ; ; ; ; 
TRACK;1.23.8-20; ; ;-1.516416327;20763369.87;NA; ; ; ; ; ; ; ; ; ; 
TRACK;1.23.8-20;-16.44360273;-71.62334116;-1945226.301;2827876.917;NA;False; ; ;0; ; ; ; ; ; 
TRACK;1.23.8-20;-16.44341136;-71.6231485;-1945206.254;2827901.236;NA;False; ; ;0; ; ; ; ; ; 
TRACK;1.23.8-20;-16.443319;-71.62300079;-1945197.268;2827919.173;NA;False; ; ;0; ; ; ; ; ; 
TRACK;1.23.8-20;-16.44307191;-71.62314518;-1945166.445;2827906.031;NA;False; ; ;0; ; ; ; ; ; 
TRACK;1.23.8-20;-16.44317372;-71.62332297;-1945176.164;2827884.562;NA;False; ; ;0; ; ; ; ; ; 
TRACK;1.23.8-20;-16.44340727;-71.62354675;-1945200.771;2827856.169;NA;False; ; ;0; ; ; ; ; ; 
TRACK;1.23.8-21; ; ;-1.516416327;20763369.87;NA; ; ; ; ; ; ; ; ; ; 
TRACK;1.23.8-21;-16.44363558;-71.62275003;-1945237.584;2827943.461;NA;False; ; ;0; ; ; ; ; ; 
TRACK;1.23.8-21;-16.44348062;-71.62248761;-1945222.689;2827975.21;NA;False; ; ;0; ; ; ; ; ; 
TRACK;1.23.8-21;-16.44316138;-71.62269122;-1945182.653;2827956.298;NA;False; ; ;0; ; ; ; ; ; 
TRACK;1.23.8-21;-16.44331215;-71.62294715;-1945197.137;2827925.34;NA;False; ; ;0; ; ; ; ; ; 
TRACK;1.23.8-22; ; ;-1.516416327;20763369.87;NA; ; ; ; ; ; ; ; ; ; 
TRACK;1.23.8-22;-16.44345462;-71.6224536;-1945220.064;2827979.401;NA;False; ; ;0; ; ; ; ; ; 
TRACK;1.23.8-22;-16.44330579;-71.62218346;-1945205.985;2828011.945;NA;False; ; ;0; ; ; ; ; ; 
TRACK;1.23.8-22;-16.44272858;-71.62255189;-1945133.592;2827977.718;NA;False; ; ;0; ; ; ; ; ; 
TRACK;1.23.8-22;-16.4428953;-71.62282084;-1945149.786;2827945.077;NA;False; ; ;0; ; ; ; ; ; 
TRACK;1.23.8-23; ; ;-1.516416327;20763369.87;NA; ; ; ; ; ; ; ; ; ; 
TRACK;1.23.8-23;-16.44462942;-71.62322424;-1945348.302;2827876.797;NA;False; ; ;0; ; ; ; ; ; 
TRACK;1.23.8-23;-16.44417664;-71.62279137;-1945300.585;2827931.733;NA;False; ; ;0; ; ; ; ; ; 
TRACK;1.23.8-23;-16.44397766;-71.62301862;-1945274.369;2827908.578;NA;False; ; ;0; ; ; ; ; ; 
TRACK;1.23.8-23;-16.44441575;-71.62343859;-1945320.525;2827855.294;NA;False; ; ;0; ; ; ; ; ; 
TRACK;1.23.8-24; ; ;-1.516416327;20763369.87;NA; ; ; ; ; ; ; ; ; ; 
TRACK;1.23.8-24;-16.44413952;-71.62276155;-1945296.602;2827935.596;NA;False; ; ;0; ; ; ; ; ; 
TRACK;1.23.8-24;-16.44399245;-71.622606;-1945281.291;2827955.133;NA;False; ; ;0; ; ; ; ; ; 
TRACK;1.23.8-24;-16.44380796;-71.62227886;-1945263.742;2827994.599;NA;False; ; ;0; ; ; ; ; ; 
TRACK;1.23.8-24;-16.44355938;-71.62245551;-1945232.339;2827977.821;NA;False; ; ;0; ; ; ; ; ; 
TRACK;1.23.8-24;-16.44372856;-71.62274497;-1945248.563;2827942.824;NA;False; ; ;0; ; ; ; ; ; 
TRACK;1.23.8-24;-16.44393223;-71.62296674;-1945269.688;2827915.046;NA;False; ; ;0; ; ; ; ; ; 
TRACK;1.23.8-25; ; ;-1.516416327;20763369.87;NA; ; ; ; ; ; ; ; ; ; 
TRACK;1.23.8-25;-16.44406178;-71.62207659;-1945296.082;2828014.211;NA;False; ; ;0; ; ; ; ; ; 
TRACK;1.23.8-25;-16.44392144;-71.6218267;-1945282.745;2828044.349;NA;False; ; ;0; ; ; ; ; ; 
TRACK;1.23.8-25;-16.44338191;-71.62213636;-1945215.513;2828016.29;NA;False; ; ;0; ; ; ; ; ; 
TRACK;1.23.8-25;-16.44352422;-71.62239408;-1945228.983;2827985.239;NA;False; ; ;0; ; ; ; ; ; 
TRACK;1.23.8-26; ; ;-1.516416327;20763369.87;NA; ; ; ; ; ; ; ; ; ; 
TRACK;1.23.8-26;-16.44436669;-71.62251535;-1945326.365;2827960.53;NA;False; ; ;0; ; ; ; ; ; 
TRACK;1.23.8-26;-16.44422709;-71.62234789;-1945312.079;2827981.32;NA;False; ; ;0; ; ; ; ; ; 
TRACK;1.23.8-26;-16.44409457;-71.62211519;-1945299.446;2828009.41;NA;False; ; ;0; ; ; ; ; ; 
TRACK;1.23.8-26;-16.44384766;-71.6222562;-1945268.688;2827996.649;NA;False; ; ;0; ; ; ; ; ; 
TRACK;1.23.8-26;-16.44397066;-71.62249007;-1945280.189;2827968.551;NA;False; ; ;0; ; ; ; ; ; 
TRACK;1.23.8-26;-16.44416212;-71.62271854;-1945299.796;2827940.174;NA;False; ; ;0; ; ; ; ; ; 
TRACK;1.23.8-27; ; ;-1.516416327;20763369.87;NA; ; ; ; ; ; ; ; ; ; 
TRACK;1.23.8-27;-16.44485304;-71.62298949;-1945377.504;2827900.481;NA;False; ; ;0; ; ; ; ; ; 
TRACK;1.23.8-27;-16.44440348;-71.6225422;-1945330.346;2827957.009;NA;False; ; ;0; ; ; ; ; ; 
TRACK;1.23.8-27;-16.44420332;-71.62275994;-1945304.112;2827934.947;NA;False; ; ;0; ; ; ; ; ; 
TRACK;1.23.8-27;-16.44465729;-71.62318714;-1945352.04;2827880.636;NA;False; ; ;0; ; ; ; ; ; 
TRACK;1.23.8-28; ; ;-1.516416327;20763369.87;NA; ; ; ; ; ; ; ; ; ; 
TRACK;1.23.8-28;-16.44529578;-71.62250149;-1945435.614;2827950.004;NA;False; ; ;0; ; ; ; ; ; 
TRACK;1.23.8-28;-16.44508029;-71.62229175;-1945412.951;2827976.573;NA;False; ; ;0; ; ; ; ; ; 
TRACK;1.23.8-28;-16.44467807;-71.62273575;-1945360.151;2827931.506;NA;False; ; ;0; ; ; ; ; ; 
TRACK;1.23.8-28;-16.44489564;-71.62294023;-1945383.125;2827905.507;NA;False; ; ;0; ; ; ; ; ; 
TRACK;1.23.8-29; ; ;-1.516416327;20763369.87;NA; ; ; ; ; ; ; ; ; ; 
TRACK;1.23.8-29;-16.44505398;-71.62226133;-1945410.244;2827980.361;NA;False; ; ;0; ; ; ; ; ; 
TRACK;1.23.8-29;-16.44484918;-71.62205788;-1945388.756;2828006.077;NA;False; ; ;0; ; ; ; ; ; 
TRACK;1.23.8-29;-16.44459793;-71.62234193;-1945355.691;2827977.168;NA;False; ; ;0; ; ; ; ; ; 
TRACK;1.23.8-29;-16.44480321;-71.62254206;-1945377.277;2827951.821;NA;False; ; ;0; ; ; ; ; ; 
TRACK;1.23.8-30; ; ;-1.516416327;20763369.87;NA; ; ; ; ; ; ; ; ; ; 
TRACK;1.23.8-30;-16.44457778;-71.62228713;-1945354.014;2827983.638;NA;False; ; ;0; ; ; ; ; ; 
TRACK;1.23.8-30;-16.44439172;-71.62198773;-1945335.933;2828019.982;NA;False; ; ;0; ; ; ; ; ; 
TRACK;1.23.8-30;-16.44419769;-71.62164164;-1945317.502;2828061.719;NA;False; ; ;0; ; ; ; ; ; 
TRACK;1.23.8-30;-16.44394218;-71.62179452;-1945285.584;2828047.725;NA;False; ; ;0; ; ; ; ; ; 
TRACK;1.23.8-30;-16.44412484;-71.62210016;-1945303.188;2828010.719;NA;False; ; ;0; ; ; ; ; ; 
TRACK;1.23.8-30;-16.44421427;-71.62225531;-1945311.738;2827991.976;NA;False; ; ;0; ; ; ; ; ; 
TRACK;1.23.8-30;-16.44438625;-71.62247672;-1945329.147;2827964.652;NA;False; ; ;0; ; ; ; ; ; 
TRACK;1.23.8-31; ; ;-1.516416327;20763369.87;NA; ; ; ; ; ; ; ; ; ; 
TRACK;1.23.8-31;-16.44480353;-71.62201927;-1945383.883;2828011.047;NA;False; ; ;0; ; ; ; ; ; 
TRACK;1.23.8-31;-16.44447429;-71.62147284;-1945352.096;2828077.242;NA;False; ; ;0; ; ; ; ; ; 
TRACK;1.23.8-31;-16.44422779;-71.6216211;-1945321.294;2828063.653;NA;False; ; ;0; ; ; ; ; ; 
TRACK;1.23.8-31;-16.44446072;-71.62202128;-1945343.612;2828015.282;NA;False; ; ;0; ; ; ; ; ; 
TRACK;1.23.8-31;-16.44461054;-71.62224175;-1945358.43;2827988.354;NA;False; ; ;0; ; ; ; ; ; 
TRACK;1.23.8-32; ; ;-1.516416327;20763369.87;NA; ; ; ; ; ; ; ; ; ; 
TRACK;1.23.8-32;-16.44551795;-71.62223558;-1945465.037;2827977.237;NA;False; ; ;0; ; ; ; ; ; 
TRACK;1.23.8-32;-16.44504787;-71.6217881;-1945415.473;2828034.055;NA;False; ; ;0; ; ; ; ; ; 
TRACK;1.23.8-32;-16.44486752;-71.62202481;-1945391.326;2828009.586;NA;False; ; ;0; ; ; ; ; ; 
TRACK;1.23.8-32;-16.44532483;-71.62245993;-1945439.546;2827954.334;NA;False; ; ;0; ; ; ; ; ; 
TRACK;1.23.8-33; ; ;-1.516416327;20763369.87;NA; ; ; ; ; ; ; ; ; ; 
TRACK;1.23.8-33;-16.44502448;-71.62175692;-1945413.119;2828037.892;NA;False; ; ;0; ; ; ; ; ; 
TRACK;1.23.8-33;-16.44474764;-71.62128401;-1945386.56;2828095.076;NA;False; ; ;0; ; ; ; ; ; 
TRACK;1.23.8-33;-16.44450223;-71.62144241;-1945355.759;2828080.325;NA;False; ; ;0; ; ; ; ; ; 
TRACK;1.23.8-33;-16.44464836;-71.62170202;-1945369.652;2828049.01;NA;False; ; ;0; ; ; ; ; ; 
TRACK;1.23.8-33;-16.44483693;-71.62198453;-1945388.241;2828014.548;NA;False; ; ;0; ; ; ; ; ; 
TRACK;1.23.9-1; ; ;-1.516416327;20763369.87;NA; ; ; ; ; ; ; ; ; ; 
TRACK;1.23.9-1;-16.44353472;-71.62072903;-1945251.137;2828173.747;NA;False; ; ;0; ; ; ; ; ; 
TRACK;1.23.9-1;-16.44329795;-71.62044395;-1945226.921;2828209.128;NA;False; ; ;0; ; ; ; ; ; 
TRACK;1.23.9-1;-16.44310692;-71.62025394;-1945206.882;2828233.142;NA;False; ; ;0; ; ; ; ; ; 
TRACK;1.23.9-1;-16.44339886;-71.61989893;-1945245.617;2828269.563;NA;False; ; ;0; ; ; ; ; ; 
TRACK;1.23.9-1;-16.44316215;-71.61966359;-1945220.784;2828299.309;NA;False; ; ;0; ; ; ; ; ; 
TRACK;1.23.9-1;-16.44298412;-71.61991249;-1945196.756;2828273.427;NA;False; ; ;0; ; ; ; ; ; 
TRACK;1.23.9-1;-16.44286834;-71.62018076;-1945179.792;2828244.54;NA;False; ; ;0; ; ; ; ; ; 
TRACK;1.23.9-1;-16.44272986;-71.62054204;-1945158.995;2828205.411;NA;False; ; ;0; ; ; ; ; ; 
TRACK;1.23.9-1;-16.44275232;-71.62059246;-1945160.998;2828199.406;NA;False; ; ;0; ; ; ; ; ; 
TRACK;1.23.9-1;-16.44288311;-71.62070471;-1945174.943;2828184.985;NA;False; ; ;0; ; ; ; ; ; 
TRACK;1.23.9-1;-16.44298897;-71.62078457;-1945186.368;2828174.56;NA;False; ; ;0; ; ; ; ; ; 
TRACK;1.23.9-1;-16.44307222;-71.62101797;-1945193.209;2828147.032;NA;False; ; ;0; ; ; ; ; ; 
TRACK;1.23.9-1;-16.44342245;-71.62083369;-1945236.641;2828163.35;NA;False; ; ;0; ; ; ; ; ; 
TRACK;1.23.9-2; ; ;-1.516416327;20763369.87;NA; ; ; ; ; ; ; ; ; ; 
TRACK;1.23.9-2;-16.44297291;-71.62079756;-1945184.319;2828173.297;NA;False; ; ;0; ; ; ; ; ; 
TRACK;1.23.9-2;-16.44275079;-71.62062273;-1945160.439;2828195.996;NA;False; ; ;0; ; ; ; ; ; 
TRACK;1.23.9-2;-16.44269886;-71.62055362;-1945155.21;2828204.503;NA;False; ; ;0; ; ; ; ; ; 
TRACK;1.23.9-2;-16.44243603;-71.62096912;-1945119.133;2828160.849;NA;False; ; ;0; ; ; ; ; ; 
TRACK;1.23.9-2;-16.44223513;-71.62127477;-1945091.707;2828128.836;NA;False; ; ;0; ; ; ; ; ; 
TRACK;1.23.9-2;-16.44244271;-71.62143232;-1945114.097;2828108.284;NA;False; ; ;0; ; ; ; ; ; 
TRACK;1.23.9-2;-16.4428014;-71.6211356;-1945159.936;2828137.231;NA;False; ; ;0; ; ; ; ; ; 
TRACK;1.23.9-2;-16.44304577;-71.62101584;-1945190.13;2828147.618;NA;False; ; ;0; ; ; ; ; ; 
TRACK;1.23.9-3; ; ;-1.516416327;20763369.87;NA; ; ; ; ; ; ; ; ; ; 
TRACK;1.23.9-3;-16.44305316;-71.62192611;-1945179.56;2828044.39;NA;False; ; ;0; ; ; ; ; ; 
TRACK;1.23.9-3;-16.44342821;-71.62168775;-1945226.586;2828066.513;NA;False; ; ;0; ; ; ; ; ; 
TRACK;1.23.9-3;-16.44326603;-71.62135716;-1945211.7;2828106.079;NA;False; ; ;0; ; ; ; ; ; 
TRACK;1.23.9-3;-16.44300911;-71.62153698;-1945179.278;2828089.051;NA;False; ; ;0; ; ; ; ; ; 
TRACK;1.23.9-3;-16.44270452;-71.62172984;-1945141.096;2828071.167;NA;False; ; ;0; ; ; ; ; ; 
TRACK;1.23.9-3;-16.44279394;-71.62192215;-1945149.177;2828048.214;NA;False; ; ;0; ; ; ; ; ; 
TRACK;1.23.9-3;-16.44298053;-71.6218873;-1945171.521;2828049.734;NA;False; ; ;0; ; ; ; ; ; 
TRACK;1.23.9-4; ; ;-1.516416327;20763369.87;NA; ; ; ; ; ; ; ; ; ; 
TRACK;1.23.9-4;-16.44356341;-71.62079025;-1945253.736;2828166.436;NA;False; ; ;0; ; ; ; ; ; 
TRACK;1.23.9-4;-16.44314689;-71.62103516;-1945201.759;2828144.112;NA;False; ; ;0; ; ; ; ; ; 
TRACK;1.23.9-4;-16.44288571;-71.62112201;-1945170.004;2828137.673;NA;False; ; ;0; ; ; ; ; ; 
TRACK;1.23.9-4;-16.44225797;-71.62160289;-1945090.266;2828091.363;NA;False; ; ;0; ; ; ; ; ; 
TRACK;1.23.9-4;-16.44228086;-71.6216634;-1945092.193;2828084.209;NA;False; ; ;0; ; ; ; ; ; 
TRACK;1.23.9-4;-16.44237226;-71.62178003;-1945101.458;2828069.806;NA;False; ; ;0; ; ; ; ; ; 
TRACK;1.23.9-4;-16.44245107;-71.62179073;-1945110.576;2828067.567;NA;False; ; ;0; ; ; ; ; ; 
TRACK;1.23.9-4;-16.44264593;-71.6217256;-1945134.27;2828072.41;NA;False; ; ;0; ; ; ; ; ; 
TRACK;1.23.9-4;-16.44309815;-71.62143307;-1945191.037;2828099.665;NA;False; ; ;0; ; ; ; ; ; 
TRACK;1.23.9-4;-16.44318306;-71.6213443;-1945202.121;2828108.616;NA;False; ; ;0; ; ; ; ; ; 
TRACK;1.23.9-4;-16.44327421;-71.62126418;-1945213.828;2828116.508;NA;False; ; ;0; ; ; ; ; ; 
TRACK;1.23.9-4;-16.44342962;-71.62116882;-1945233.271;2828125.288;NA;False; ; ;0; ; ; ; ; ; 
TRACK;1.23.9-4;-16.44364162;-71.62154475;-1945253.437;2828079.936;NA;False; ; ;0; ; ; ; ; ; 
TRACK;1.23.9-4;-16.44388773;-71.62142548;-1945283.829;2828090.244;NA;False; ; ;0; ; ; ; ; ; 
TRACK;1.23.9-5; ; ;-1.516416327;20763369.87;NA; ; ; ; ; ; ; ; ; ; 
TRACK;1.23.9-5;-16.4436209;-71.62155775;-1945250.841;2828078.733;NA;False; ; ;0; ; ; ; ; ; 
TRACK;1.23.9-5;-16.44342551;-71.62120342;-1945232.355;2828121.421;NA;False; ; ;0; ; ; ; ; ; 
TRACK;1.23.9-5;-16.44330325;-71.62127062;-1945217.156;2828115.399;NA;False; ; ;0; ; ; ; ; ; 
TRACK;1.23.9-5;-16.44349037;-71.62164874;-1945234.374;2828070.123;NA;False; ; ;0; ; ; ; ; ; 
TRACK;1.23.9-6; ; ;-1.516416327;20763369.87;NA; ; ; ; ; ; ; ; ; ; 
TRACK;1.23.9-6;-16.44417335;-71.62065895;-1945326.993;2828173.371;NA;False; ; ;0; ; ; ; ; ; 
TRACK;1.23.9-6;-16.44370918;-71.62092987;-1945269.094;2828148.72;NA;False; ; ;0; ; ; ; ; ; 
TRACK;1.23.9-6;-16.44394407;-71.6213663;-1945291.187;2828096.215;NA;False; ; ;0; ; ; ; ; ; 
TRACK;1.23.9-6;-16.44443936;-71.62109966;-1945352.684;2828119.976;NA;False; ; ;0; ; ; ; ; ; 
TRACK;1.23.9-7; ; ;-1.516416327;20763369.87;NA; ; ; ; ; ; ; ; ; ; 
TRACK;1.23.9-7;-16.44386597;-71.62029829;-1945295.438;2828218.235;NA;False; ; ;0; ; ; ; ; ; 
TRACK;1.23.9-7;-16.44349014;-71.61992475;-1945256.009;2828265.449;NA;False; ; ;0; ; ; ; ; ; 
TRACK;1.23.9-7;-16.44320645;-71.62024516;-1945218.677;2828232.842;NA;False; ; ;0; ; ; ; ; ; 
TRACK;1.23.9-7;-16.44352418;-71.62059282;-1945251.611;2828189.315;NA;False; ; ;0; ; ; ; ; ; 
TRACK;1.23.9-7;-16.44360104;-71.62069218;-1945259.385;2828177.058;NA;False; ; ;0; ; ; ; ; ; 
TRACK;1.23.9-7;-16.44368214;-71.6208672;-1945266.707;2828156.172;NA;False; ; ;0; ; ; ; ; ; 
TRACK;1.23.9-7;-16.44412351;-71.62060712;-1945321.793;2828179.891;NA;False; ; ;0; ; ; ; ; ; 
TRACK;1.23.9-8; ; ;-1.516416327;20763369.87;NA; ; ; ; ; ; ; ; ; ; 
TRACK;1.23.9-8;-16.44518802;-71.62036515;-1945449.808;2828193.444;NA;False; ; ;0; ; ; ; ; ; 
TRACK;1.23.9-8;-16.44479974;-71.62002189;-1945408.537;2828237.39;NA;False; ; ;0; ; ; ; ; ; 
TRACK;1.23.9-8;-16.44451179;-71.62033993;-1945370.735;2828205.107;NA;False; ; ;0; ; ; ; ; ; 
TRACK;1.23.9-8;-16.44422363;-71.62063251;-1945333.227;2828175.711;NA;False; ; ;0; ; ; ; ; ; 
TRACK;1.23.9-8;-16.44447997;-71.62101872;-1945358.469;2828128.617;NA;False; ; ;0; ; ; ; ; ; 
TRACK;1.23.9-8;-16.44487224;-71.62073099;-1945408.137;2828156.108;NA;False; ; ;0; ; ; ; ; ; 
TRACK;1.23.9-9; ; ;-1.516416327;20763369.87;NA; ; ; ; ; ; ; ; ; ; 
TRACK;1.23.9-9;-16.44460315;-71.61945745;-1945392.55;2828303.899;NA;False; ; ;0; ; ; ; ; ; 
TRACK;1.23.9-9;-16.44420247;-71.61912071;-1945349.742;2828347.269;NA;False; ; ;0; ; ; ; ; ; 
TRACK;1.23.9-9;-16.44354814;-71.6198784;-1945263.401;2828269.945;NA;False; ; ;0; ; ; ; ; ; 
TRACK;1.23.9-9;-16.44394265;-71.62026358;-1945304.877;2828221.168;NA;False; ; ;0; ; ; ; ; ; 
TRACK;1.23.9-10; ; ;-1.516416327;20763369.87;NA; ; ; ; ; ; ; ; ; ; 
TRACK;1.23.9-10;-16.44554344;-71.61992625;-1945497.05;2828238.541;NA;False; ; ;0; ; ; ; ; ; 
TRACK;1.23.9-10;-16.44482724;-71.6192906;-1945420.955;2828319.885;NA;False; ; ;0; ; ; ; ; ; 
TRACK;1.23.9-10;-16.4444542;-71.61975713;-1945371.298;2828271.886;NA;False; ; ;0; ; ; ; ; ; 
TRACK;1.23.9-10;-16.44467797;-71.61995235;-1945395.115;2828246.855;NA;False; ; ;0; ; ; ; ; ; 
TRACK;1.23.9-10;-16.44474755;-71.61987402;-1945404.268;2828254.823;NA;False; ; ;0; ; ; ; ; ; 
TRACK;1.23.9-10;-16.44522175;-71.62030431;-1945454.532;2828199.898;NA;False; ; ;0; ; ; ; ; ; 
TRACK;1.23.9-11; ; ;-1.516416327;20763369.87;NA; ; ; ; ; ; ; ; ; ; 
TRACK;1.23.9-11;-16.44475951;-71.61849505;-1945423.002;2828410.901;NA;False; ; ;0; ; ; ; ; ; 
TRACK;1.23.9-11;-16.44424387;-71.61906227;-1945355.337;2828353.351;NA;False; ; ;0; ; ; ; ; ; 
TRACK;1.23.9-11;-16.44464456;-71.61941199;-1945397.983;2828308.511;NA;False; ; ;0; ; ; ; ; ; 
TRACK;1.23.9-11;-16.44513738;-71.61884263;-1945462.996;2828366.599;NA;False; ; ;0; ; ; ; ; ; 
TRACK;1.23.9-12; ; ;-1.516416327;20763369.87;NA; ; ; ; ; ; ; ; ; ; 
TRACK;1.23.9-12;-16.44588521;-71.61951291;-1945542.368;2828280.92;NA;False; ; ;0; ; ; ; ; ; 
TRACK;1.23.9-12;-16.44517644;-71.61886662;-1945467.281;2828363.373;NA;False; ; ;0; ; ; ; ; ; 
TRACK;1.23.9-12;-16.44486776;-71.61923652;-1945426.392;2828325.485;NA;False; ; ;0; ; ; ; ; ; 
TRACK;1.23.9-12;-16.44558159;-71.61988352;-1945502.066;2828242.886;NA;False; ; ;0; ; ; ; ; ; 
TRACK;1.23.9-13; ; ;-1.516416327;20763369.87;NA; ; ; ; ; ; ; ; ; ; 
TRACK;1.23.9-13;-16.44575448;-71.61864127;-1945537.976;2828381.376;NA;False; ; ;0; ; ; ; ; ; 
TRACK;1.23.9-13;-16.44528754;-71.61823143;-1945488.307;2828433.892;NA;False; ; ;0; ; ; ; ; ; 
TRACK;1.23.9-13;-16.44506992;-71.61832903;-1945461.531;2828425.667;NA;False; ; ;0; ; ; ; ; ; 
TRACK;1.23.9-13;-16.44495792;-71.61831838;-1945448.516;2828428.333;NA;False; ; ;0; ; ; ; ; ; 
TRACK;1.23.9-13;-16.44489988;-71.6183336;-1945441.51;2828427.365;NA;False; ; ;0; ; ; ; ; ; 
TRACK;1.23.9-13;-16.44480003;-71.6184177;-1945428.731;2828419.136;NA;False; ; ;0; ; ; ; ; ; 
TRACK;1.23.9-13;-16.44546067;-71.61901174;-1945498.826;2828343.229;NA;False; ; ;0; ; ; ; ; ; 
TRACK;1.23.9-14; ; ;-1.516416327;20763369.87;NA; ; ; ; ; ; ; ; ; ; 
TRACK;1.23.9-14;-16.44546963;-71.61792413;-1945513.547;2828466.335;NA;False; ; ;0; ; ; ; ; ; 
TRACK;1.23.9-14;-16.44540926;-71.61775124;-1945508.633;2828486.71;NA;False; ; ;0; ; ; ; ; ; 
TRACK;1.23.9-14;-16.44531781;-71.61759353;-1945499.879;2828505.769;NA;False; ; ;0; ; ; ; ; ; 
TRACK;1.23.9-14;-16.44488483;-71.6179228;-1945444.907;2828474.103;NA;False; ; ;0; ; ; ; ; ; 
TRACK;1.23.9-14;-16.44478137;-71.61810241;-1945430.503;2828455.101;NA;False; ; ;0; ; ; ; ; ; 
TRACK;1.23.9-14;-16.44477941;-71.61818674;-1945429.213;2828445.573;NA;False; ; ;0; ; ; ; ; ; 
TRACK;1.23.9-14;-16.44490797;-71.6181779;-1945444.417;2828444.899;NA;False; ; ;0; ; ; ; ; ; 
TRACK;1.23.9-14;-16.44506571;-71.61828579;-1945461.581;2828430.621;NA;False; ; ;0; ; ; ; ; ; 
TRACK;1.23.9-14;-16.44530195;-71.61815573;-1945490.951;2828442.28;NA;False; ; ;0; ; ; ; ; ; 
TRACK;1.23.9-15; ; ;-1.516416327;20763369.87;NA; ; ; ; ; ; ; ; ; ; 
TRACK;1.23.9-15;-16.44625849;-71.61697326;-1945618.113;2828563.792;NA;False; ; ;0; ; ; ; ; ; 
TRACK;1.23.9-15;-16.44612979;-71.61686966;-1945604.305;2828577.206;NA;False; ; ;0; ; ; ; ; ; 
TRACK;1.23.9-15;-16.44582633;-71.61687766;-1945568.577;2828580.252;NA;False; ; ;0; ; ; ; ; ; 
TRACK;1.23.9-15;-16.44564367;-71.61713935;-1945543.843;2828552.983;NA;False; ; ;0; ; ; ; ; ; 
TRACK;1.23.9-15;-16.44546185;-71.61737577;-1945519.526;2828528.565;NA;False; ; ;0; ; ; ; ; ; 
TRACK;1.23.9-15;-16.4453834;-71.61752359;-1945508.457;2828512.839;NA;False; ; ;0; ; ; ; ; ; 
TRACK;1.23.9-15;-16.4453742;-71.61760865;-1945506.308;2828503.321;NA;False; ; ;0; ; ; ; ; ; 
TRACK;1.23.9-15;-16.44551726;-71.6178765;-1945519.738;2828471.112;NA;False; ; ;0; ; ; ; ; ; 
TRACK;1.23.9.16; ; ;-1.516416327;20763369.87;NA; ; ; ; ; ; ; ; ; ; 
TRACK;1.23.9.16;-16.44414898;-71.61849346;-1945351.345;2828419.032;NA;False; ; ;0; ; ; ; ; ; 
TRACK;1.23.9.16;-16.44370454;-71.61879602;-1945295.364;2828390.54;NA;False; ; ;0; ; ; ; ; ; 
TRACK;1.23.9.16;-16.44363142;-71.6187862;-1945286.904;2828392.604;NA;False; ; ;0; ; ; ; ; ; 
TRACK;1.23.9.16;-16.44351307;-71.61879824;-1945272.858;2828392.781;NA;False; ; ;0; ; ; ; ; ; 
TRACK;1.23.9.16;-16.44350194;-71.61880307;-1945271.49;2828392.379;NA;False; ; ;0; ; ; ; ; ; 
TRACK;1.23.9.16;-16.44336673;-71.61885626;-1945254.947;2828388.114;NA;False; ; ;0; ; ; ; ; ; 
TRACK;1.23.9.16;-16.44328072;-71.61896633;-1945243.466;2828376.763;NA;False; ; ;0; ; ; ; ; ; 
TRACK;1.23.9.16;-16.44323148;-71.61908212;-1945236.231;2828364.285;NA;False; ; ;0; ; ; ; ; ; 
TRACK;1.23.9.16;-16.44322581;-71.61920835;-1945233.979;2828350.057;NA;False; ; ;0; ; ; ; ; ; 
TRACK;1.23.9.16;-16.44321134;-71.61931772;-1945230.905;2828337.855;NA;False; ; ;0; ; ; ; ; ; 
TRACK;1.23.9.16;-16.44318804;-71.6194414;-1945226.616;2828324.145;NA;False; ; ;0; ; ; ; ; ; 
TRACK;1.23.9.16;-16.44313514;-71.61961672;-1945218.202;2828304.97;NA;False; ; ;0; ; ; ; ; ; 
TRACK;1.23.9.16;-16.44343608;-71.61987567;-1945250.279;2828271.714;NA;False; ; ;0; ; ; ; ; ; 
TRACK;1.23.9.16;-16.44428196;-71.61875638;-1945363.652;2828387.511;NA;False; ; ;0; ; ; ; ; ; 
TRACK;1.23.10-1; ; ;-1.516416327;20763369.87;NA; ; ; ; ; ; ; ; ; ; 
TRACK;1.23.10-1;-16.44670859;-71.61856988;-1945650.887;2828377.038;NA;False; ; ;0; ; ; ; ; ; 
TRACK;1.23.10-1;-16.44649915;-71.61836954;-1945628.816;2828402.463;NA;False; ; ;0; ; ; ; ; ; 
TRACK;1.23.10-1;-16.44609538;-71.6188458;-1945575.427;2828353.764;NA;False; ; ;0; ; ; ; ; ; 
TRACK;1.23.10-1;-16.44630101;-71.61904917;-1945597.013;2828328.045;NA;False; ; ;0; ; ; ; ; ; 
TRACK;1.23.10-2; ; ;-1.516416327;20763369.87;NA; ; ; ; ; ; ; ; ; ; 
TRACK;1.23.10-2;-16.44646594;-71.61835013;-1945625.162;2828405.095;NA;False; ; ;0; ; ; ; ; ; 
TRACK;1.23.10-2;-16.44624875;-71.61814901;-1945602.191;2828430.71;NA;False; ; ;0; ; ; ; ; ; 
TRACK;1.23.10-2;-16.44584129;-71.61861967;-1945548.439;2828382.693;NA;False; ; ;0; ; ; ; ; ; 
TRACK;1.23.10-2;-16.44608084;-71.61882204;-1945574.018;2828356.646;NA;False; ; ;0; ; ; ; ; ; 
TRACK;1.23.10-3; ; ;-1.516416327;20763369.87;NA; ; ; ; ; ; ; ; ; ; 
TRACK;1.23.10-3;-16.44599885;-71.61837502;-1945570.012;2828408.359;NA;False; ; ;0; ; ; ; ; ; 
TRACK;1.23.10-3;-16.44552981;-71.61793646;-1945520.457;2828464.155;NA;False; ; ;0; ; ; ; ; ; 
TRACK;1.23.10-3;-16.44534371;-71.6181705;-1945495.667;2828440.063;NA;False; ; ;0; ; ; ; ; ; 
TRACK;1.23.10-3;-16.44581009;-71.61859538;-1945545.081;2828385.851;NA;False; ; ;0; ; ; ; ; ; 
TRACK;1.23.10-4; ; ;-1.516416327;20763369.87;NA; ; ; ; ; ; ; ; ; ; 
TRACK;1.23.10-4;-16.44621203;-71.61811464;-1945598.312;2828435.083;NA;False; ; ;0; ; ; ; ; ; 
TRACK;1.23.10-4;-16.44573793;-71.61768011;-1945548.113;2828490.488;NA;False; ; ;0; ; ; ; ; ; 
TRACK;1.23.10-4;-16.44555335;-71.61790657;-1945523.596;2828467.235;NA;False; ; ;0; ; ; ; ; ; 
TRACK;1.23.10-4;-16.44603246;-71.61833727;-1945574.432;2828412.198;NA;False; ; ;0; ; ; ; ; ; 
TRACK;1.23.10-5; ; ;-1.516416327;20763369.87;NA; ; ; ; ; ; ; ; ; ; 
TRACK;1.23.10-5;-16.44664337;-71.61764067;-1945654.909;2828483.164;NA;False; ; ;0; ; ; ; ; ; 
TRACK;1.23.10-5;-16.44641314;-71.61742284;-1945630.618;2828510.841;NA;False; ; ;0; ; ; ; ; ; 
TRACK;1.23.10-5;-16.44602512;-71.61788843;-1945579.212;2828463.145;NA;False; ; ;0; ; ; ; ; ; 
TRACK;1.23.10-5;-16.44624846;-71.61808575;-1945602.952;2828437.881;NA;False; ; ;0; ; ; ; ; ; 
TRACK;1.23.10-6; ; ;-1.516416327;20763369.87;NA; ; ; ; ; ; ; ; ; ; 
TRACK;1.23.10-6;-16.44638831;-71.61740118;-1945627.976;2828513.619;NA;False; ; ;0; ; ; ; ; ; 
TRACK;1.23.10-6;-16.44615039;-71.61718644;-1945602.742;2828541.047;NA;False; ; ;0; ; ; ; ; ; 
TRACK;1.23.10-6;-16.44576308;-71.61765392;-1945551.395;2828493.128;NA;False; ; ;0; ; ; ; ; ; 
TRACK;1.23.10-6;-16.44600065;-71.61786087;-1945576.686;2828466.587;NA;False; ; ;0; ; ; ; ; ; 
TRACK;1.23.10-7; ; ;-1.516416327;20763369.87;NA; ; ; ; ; ; ; ; ; ; 
TRACK;1.23.10-7;-16.44683529;-71.61692253;-1945686.469;2828562.026;NA;False; ; ;0; ; ; ; ; ; 
TRACK;1.23.10-7;-16.44660275;-71.61670664;-1945661.881;2828589.515;NA;False; ; ;0; ; ; ; ; ; 
TRACK;1.23.10-7;-16.44617516;-71.61716292;-1945605.946;2828543.39;NA;False; ; ;0; ; ; ; ; ; 
TRACK;1.23.10-7;-16.44642944;-71.61738366;-1945633.024;2828515.068;NA;False; ; ;0; ; ; ; ; ; 
TRACK;1.23.10-8; ; ;-1.516416327;20763369.87;NA; ; ; ; ; ; ; ; ; ; 
TRACK;1.23.10-8;-16.44710727;-71.61758708;-1945710.046;2828483.193;NA;False; ; ;0; ; ; ; ; ; 
TRACK;1.23.10-8;-16.44688491;-71.61739221;-1945686.39;2828508.167;NA;False; ; ;0; ; ; ; ; ; 
TRACK;1.23.10-8;-16.44658345;-71.6177544;-1945646.445;2828471.059;NA;False; ; ;0; ; ; ; ; ; 
TRACK;1.23.10-8;-16.44680143;-71.61794549;-1945669.634;2828446.57;NA;False; ; ;0; ; ; ; ; ; 
TRACK;1.23.10-9; ; ;-1.516416327;20763369.87;NA; ; ; ; ; ; ; ; ; ; 
TRACK;1.23.10-9;-16.44736241;-71.61780612;-1945737.247;2828455.052;NA;False; ; ;0; ; ; ; ; ; 
TRACK;1.23.10-9;-16.44713022;-71.61760336;-1945712.535;2828481.049;NA;False; ; ;0; ; ; ; ; ; 
TRACK;1.23.10-9;-16.4466854;-71.61813198;-1945653.668;2828426.952;NA;False; ; ;0; ; ; ; ; ; 
TRACK;1.23.10-9;-16.44654035;-71.61831967;-1945634.281;2828407.577;NA;False; ; ;0; ; ; ; ; ; 
TRACK;1.23.10-9;-16.44675991;-71.6185051;-1945657.726;2828383.708;NA;False; ; ;0; ; ; ; ; ; 
TRACK;1.23.10-10; ; ;-1.516416327;20763369.87;NA; ; ; ; ; ; ; ; ; ; 
TRACK;1.23.10-10;-16.44711348;-71.61715999;-1945716.144;2828531.5;NA;False; ; ;0; ; ; ; ; ; 
TRACK;1.23.10-10;-16.44692504;-71.61736566;-1945691.435;2828510.652;NA;False; ; ;0; ; ; ; ; ; 
TRACK;1.23.10-10;-16.44739427;-71.61779312;-1945741.15;2828456.11;NA;False; ; ;0; ; ; ; ; ; 
TRACK;1.23.10-10;-16.44758686;-71.61758744;-1945766.346;2828476.905;NA;False; ; ;0; ; ; ; ; ; 
TRACK;1.23.10-11; ; ;-1.516416327;20763369.87;NA; ; ; ; ; ; ; ; ; ; 
TRACK;1.23.10-11;-16.44781254;-71.61731035;-1945796.324;2828505.358;NA;False; ; ;0; ; ; ; ; ; 
TRACK;1.23.10-11;-16.44734125;-71.61689587;-1945746.205;2828558.456;NA;False; ; ;0; ; ; ; ; ; 
TRACK;1.23.10-11;-16.44714661;-71.61711886;-1945720.55;2828535.728;NA;False; ; ;0; ; ; ; ; ; 
TRACK;1.23.10-11;-16.44760753;-71.61753768;-1945769.399;2828482.273;NA;False; ; ;0; ; ; ; ; ; 
TRACK;1.23.10-12; ; ;-1.516416327;20763369.87;NA; ; ; ; ; ; ; ; ; ; 
TRACK;1.23.10-12;-16.44732254;-71.61685914;-1945744.47;2828562.861;NA;False; ; ;0; ; ; ; ; ; 
TRACK;1.23.10-12;-16.44684916;-71.61642952;-1945694.295;2828617.702;NA;False; ; ;0; ; ; ; ; ; 
TRACK;1.23.10-12;-16.44662965;-71.61666552;-1945665.557;2828593.824;NA;False; ; ;0; ; ; ; ; ; 
TRACK;1.23.10-12;-16.44711964;-71.61710808;-1945717.519;2828537.3;NA;False; ; ;0; ; ; ; ; ; 
TRACK;1.23.10-13; ; ;-1.516416327;20763369.87;NA; ; ; ; ; ; ; ; ; ; 
TRACK;1.23.10-13;-16.4476369;-71.61620353;-1945789.618;2828633.044;NA;False; ; ;0; ; ; ; ; ; 
TRACK;1.23.10-13;-16.44718959;-71.61667986;-1945731.114;2828584.905;NA;False; ; ;0; ; ; ; ; ; 
TRACK;1.23.10-13;-16.4473702;-71.6168288;-1945750.446;2828565.678;NA;False; ; ;0; ; ; ; ; ; 
TRACK;1.23.10-13;-16.44779049;-71.61630927;-1945806.321;2828619.064;NA;False; ; ;0; ; ; ; ; ; 
TRACK;1.23.10-14; ; ;-1.516416327;20763369.87;NA; ; ; ; ; ; ; ; ; ; 
TRACK;1.23.10-14;-16.44800652;-71.6165814;-1945828.262;2828585.418;NA;False; ; ;0; ; ; ; ; ; 
TRACK;1.23.10-14;-16.44779057;-71.61636981;-1945805.57;2828612.204;NA;False; ; ;0; ; ; ; ; ; 
TRACK;1.23.10-14;-16.44739718;-71.61684822;-1945753.37;2828563.126;NA;False; ; ;0; ; ; ; ; ; 
TRACK;1.23.10-14;-16.44760066;-71.61703605;-1945774.897;2828539.195;NA;False; ; ;0; ; ; ; ; ; 
TRACK;1.23.10-15; ; ;-1.516416327;20763369.87;NA; ; ; ; ; ; ; ; ; ; 
TRACK;1.23.10-15;-16.44802728;-71.61659435;-1945830.536;2828583.681;NA;False; ; ;0; ; ; ; ; ; 
TRACK;1.23.10-15;-16.44762142;-71.61705332;-1945777.118;2828536.969;NA;False; ; ;0; ; ; ; ; ; 
TRACK;1.23.10-15;-16.44785601;-71.61725407;-1945802.136;2828511.168;NA;False; ; ;0; ; ; ; ; ; 
TRACK;1.23.10-15;-16.44825357;-71.61679295;-1945854.607;2828558.232;NA;False; ; ;0; ; ; ; ; ; 
TRACK;1.23.10-16; ; ;-1.516416327;20763369.87;NA; ; ; ; ; ; ; ; ; ; 
TRACK;1.23.10-16;-16.44810338;-71.61611422;-1945845.507;2828637.086;NA;False; ; ;0; ; ; ; ; ; 
TRACK;1.23.10-16;-16.44787354;-71.61637834;-1945815.202;2828610.157;NA;False; ; ;0; ; ; ; ; ; 
TRACK;1.23.10-16;-16.44803134;-71.6165338;-1945831.775;2828590.488;NA;False; ; ;0; ; ; ; ; ; 
TRACK;1.23.10-16;-16.44827155;-71.61626966;-1945863.297;2828617.284;NA;False; ; ;0; ; ; ; ; ; 
TRACK;1.23.10-17; ; ;-1.516416327;20763369.87;NA; ; ; ; ; ; ; ; ; ; 
TRACK;1.23.10-17;-16.44835031;-71.61623063;-1945873.033;2828620.68;NA;False; ; ;0; ; ; ; ; ; 
TRACK;1.23.10-17;-16.44807078;-71.61656185;-1945836.052;2828586.796;NA;False; ; ;0; ; ; ; ; ; 
TRACK;1.23.10-17;-16.44828671;-71.61675615;-1945858.96;2828561.97;NA;False; ; ;0; ; ; ; ; ; 
TRACK;1.23.10-17;-16.44863256;-71.61640321;-1945904.002;2828597.451;NA;False; ; ;0; ; ; ; ; ; 
TRACK;1.23.10-18; ; ;-1.516416327;20763369.87;NA; ; ; ; ; ; ; ; ; ; 
TRACK;1.23.10-18;-16.44910618;-71.61684864;-1945954.005;2828540.816;NA;False; ; ;0; ; ; ; ; ; 
TRACK;1.23.10-18;-16.44886481;-71.61662827;-1945928.439;2828568.927;NA;False; ; ;0; ; ; ; ; ; 
TRACK;1.23.10-18;-16.44831248;-71.61725719;-1945855.687;2828504.868;NA;False; ; ;0; ; ; ; ; ; 
TRACK;1.23.10-18;-16.44855247;-71.61747845;-1945881.081;2828476.674;NA;False; ; ;0; ; ; ; ; ; 
TRACK;1.23.10-19; ; ;-1.516416327;20763369.87;NA; ; ; ; ; ; ; ; ; ; 
TRACK;1.23.10-19;-16.44853338;-71.61751868;-1945878.334;2828472.366;NA;False; ; ;0; ; ; ; ; ; 
TRACK;1.23.10-19;-16.44828642;-71.61728375;-1945852.294;2828502.199;NA;False; ; ;0; ; ; ; ; ; 
TRACK;1.23.10-19;-16.44773647;-71.61791479;-1945779.797;2828437.869;NA;False; ; ;0; ; ; ; ; ; 
TRACK;1.23.10-19;-16.44798207;-71.61814117;-1945805.785;2828409.022;NA;False; ; ;0; ; ; ; ; ; 
TRACK;1.23.10-20; ; ;-1.516416327;20763369.87;NA; ; ; ; ; ; ; ; ; ; 
TRACK;1.23.10-20;-16.44758994;-71.618588;-1945754.131;2828363.506;NA;False; ; ;0; ; ; ; ; ; 
TRACK;1.23.10-20;-16.44734132;-71.61836429;-1945727.755;2828392.089;NA;False; ; ;0; ; ; ; ; ; 
TRACK;1.23.10-20;-16.44700257;-71.61876699;-1945682.923;2828350.878;NA;False; ; ;0; ; ; ; ; ; 
TRACK;1.23.10-20;-16.4472332;-71.61898974;-1945707.2;2828322.637;NA;False; ; ;0; ; ; ; ; ; 
TRACK;1.23.10-21; ; ;-1.516416327;20763369.87;NA; ; ; ; ; ; ; ; ; ; 
TRACK;1.23.10-21;-16.44721238;-71.61901661;-1945704.418;2828319.864;NA;False; ; ;0; ; ; ; ; ; 
TRACK;1.23.10-21;-16.44697278;-71.61879959;-1945679.016;2828347.572;NA;False; ; ;0; ; ; ; ; ; 
TRACK;1.23.10-21;-16.44662681;-71.61920935;-1945633.249;2828305.653;NA;False; ; ;0; ; ; ; ; ; 
TRACK;1.23.10-21;-16.44686829;-71.61942171;-1945658.929;2828278.45;NA;False; ; ;0; ; ; ; ; ; 
TRACK;1.23.10-22; ; ;-1.516416327;20763369.87;NA; ; ; ; ; ; ; ; ; ; 
TRACK;1.23.10-22;-16.44706005;-71.61960728;-1945679.11;2828254.928;NA;False; ; ;0; ; ; ; ; ; 
TRACK;1.23.10-22;-16.44782958;-71.61870657;-1945780.775;2828346.951;NA;False; ; ;0; ; ; ; ; ; 
TRACK;1.23.10-22;-16.4476851;-71.61856479;-1945765.595;2828364.896;NA;False; ; ;0; ; ; ; ; ; 
TRACK;1.23.10-22;-16.44690959;-71.6194681;-1945663.195;2828272.655;NA;False; ; ;0; ; ; ; ; ; 
TRACK;1.23.10-23; ; ;-1.516416327;20763369.87;NA; ; ; ; ; ; ; ; ; ; 
TRACK;1.23.10-23;-16.44786684;-71.61867094;-1945785.597;2828350.502;NA;False; ; ;0; ; ; ; ; ; 
TRACK;1.23.10-23;-16.44909829;-71.61725183;-1945948.01;2828495.239;NA;False; ; ;0; ; ; ; ; ; 
TRACK;1.23.10-23;-16.44930172;-71.61702497;-1945974.745;2828518.29;NA;False; ; ;0; ; ; ; ; ; 
TRACK;1.23.10-23;-16.44915902;-71.61688584;-1945959.741;2828535.913;NA;False; ; ;0; ; ; ; ; ; 
TRACK;1.23.10-23;-16.44771832;-71.61853062;-1945769.924;2828368.334;NA;False; ; ;0; ; ; ; ; ; 
TRACK;1.23.12-1; ; ;-1.516416327;20763369.87;NA; ; ; ; ; ; ; ; ; ; 
TRACK;1.23.12-1;-16.4483592;-71.61862976;-1945843.918;2828348.754;NA;False; ; ;0; ; ; ; ; ; 
TRACK;1.23.12-1;-16.44851494;-71.61847359;-1945864.166;2828364.418;NA;False; ; ;0; ; ; ; ; ; 
TRACK;1.23.12-1;-16.44865656;-71.61861625;-1945878.998;2828346.411;NA;False; ; ;0; ; ; ; ; ; 
TRACK;1.23.12-1;-16.44921069;-71.61796063;-1945952.296;2828413.472;NA;False; ; ;0; ; ; ; ; ; 
TRACK;1.23.12-1;-16.44970206;-71.61740271;-1946016.997;2828470.279;NA;False; ; ;0; ; ; ; ; ; 
TRACK;1.23.12-1;-16.4493422;-71.61708317;-1945978.766;2828511.17;NA;False; ; ;0; ; ; ; ; ; 
TRACK;1.23.12-1;-16.44814769;-71.61843944;-1945821.479;2828373.072;NA;False; ; ;0; ; ; ; ; ; 
TRACK;1.23.12-2; ; ;-1.516416327;20763369.87;NA; ; ; ; ; ; ; ; ; ; 
TRACK;1.23.12-2;-16.44798882;-71.61935518;-1945791.317;2828271.392;NA;False; ; ;0; ; ; ; ; ; 
TRACK;1.23.12-2;-16.44778621;-71.61918414;-1945769.68;2828293.409;NA;False; ; ;0; ; ; ; ; ; 
TRACK;1.23.12-2;-16.44803064;-71.61891208;-1945801.796;2828321.049;NA;False; ; ;0; ; ; ; ; ; 
TRACK;1.23.12-2;-16.44785101;-71.61876387;-1945782.57;2828340.18;NA;False; ; ;0; ; ; ; ; ; 
TRACK;1.23.12-2;-16.44710394;-71.61965412;-1945683.674;2828249.049;NA;False; ; ;0; ; ; ; ; ; 
TRACK;1.23.12-2;-16.44729134;-71.6198182;-1945703.612;2828228.02;NA;False; ; ;0; ; ; ; ; ; 
TRACK;1.23.12-2;-16.44745464;-71.61995308;-1945721.089;2828210.612;NA;False; ; ;0; ; ; ; ; ; 
TRACK;1.23.12-3; ; ;-1.516416327;20763369.87;NA; ; ; ; ; ; ; ; ; ; 
TRACK;1.23.12-3;-16.44776862;-71.62014898;-1945755.488;2828184.328;NA;False; ; ;0; ; ; ; ; ; 
TRACK;1.23.12-3;-16.44792502;-71.62000985;-1945775.599;2828198.054;NA;False; ; ;0; ; ; ; ; ; 
TRACK;1.23.12-3;-16.44769397;-71.61977804;-1945751.386;2828227.325;NA;False; ; ;0; ; ; ; ; ; 
TRACK;1.23.12-3;-16.44749686;-71.62000683;-1945725.369;2828203.972;NA;False; ; ;0; ; ; ; ; ; 
TRACK;1.23.12-3;-16.44764986;-71.62015834;-1945741.428;2828184.814;NA;False; ; ;0; ; ; ; ; ; 
TRACK;1.23.12-4; ; ;-1.516416327;20763369.87;NA; ; ; ; ; ; ; ; ; ; 
TRACK;1.23.12-4;-16.44825156;-71.61962956;-1945818.714;2828236.885;NA;False; ; ;0; ; ; ; ; ; 
TRACK;1.23.12-4;-16.44802049;-71.61938904;-1945794.609;2828267.144;NA;False; ; ;0; ; ; ; ; ; 
TRACK;1.23.12-4;-16.44771078;-71.61975407;-1945753.661;2828229.822;NA;False; ; ;0; ; ; ; ; ; 
TRACK;1.23.12-4;-16.44793826;-71.61997114;-1945777.639;2828202.266;NA;False; ; ;0; ; ; ; ; ; 
TRACK;1.23.12-5; ; ;-1.516416327;20763369.87;NA; ; ; ; ; ; ; ; ; ; 
TRACK;1.23.12-5;-16.4488097;-71.61894142;-1945892.89;2828307.577;NA;False; ; ;0; ; ; ; ; ; 
TRACK;1.23.12-5;-16.44901823;-71.61875754;-1945919.683;2828325.693;NA;False; ; ;0; ; ; ; ; ; 
TRACK;1.23.12-5;-16.44913655;-71.61884711;-1945932.448;2828314.004;NA;False; ; ;0; ; ; ; ; ; 
TRACK;1.23.12-5;-16.44941069;-71.61851673;-1945968.785;2828347.863;NA;False; ; ;0; ; ; ; ; ; 
TRACK;1.23.12-5;-16.44907366;-71.61825691;-1945932.484;2828381.689;NA;False; ; ;0; ; ; ; ; ; 
TRACK;1.23.12-5;-16.44862522;-71.61875167;-1945873.617;2828331.478;NA;False; ; ;0; ; ; ; ; ; 
TRACK;1.23.12-6; ; ;-1.516416327;20763369.87;NA; ; ; ; ; ; ; ; ; ; 
TRACK;1.23.12-6;-16.44968304;-71.61822928;-1946004.373;2828376.881;NA;False; ; ;0; ; ; ; ; ; 
TRACK;1.23.12-6;-16.44933573;-71.61790928;-1945967.621;2828417.66;NA;False; ; ;0; ; ; ; ; ; 
TRACK;1.23.12-6;-16.4491692;-71.61810667;-1945945.589;2828397.466;NA;False; ; ;0; ; ; ; ; ; 
TRACK;1.23.12-6;-16.4495578;-71.61837121;-1945987.885;2828362.434;NA;False; ; ;0; ; ; ; ; ; 
TRACK;1.23.12-7; ; ;-1.516416327;20763369.87;NA; ; ; ; ; ; ; ; ; ; 
TRACK;1.23.12-7;-16.44988468;-71.61800808;-1946030.826;2828399.315;NA;False; ; ;0; ; ; ; ; ; 
TRACK;1.23.12-7;-16.44954884;-71.61768408;-1945995.471;2828440.398;NA;False; ; ;0; ; ; ; ; ; 
TRACK;1.23.12-7;-16.44935788;-71.61787373;-1945970.668;2828421.4;NA;False; ; ;0; ; ; ; ; ; 
TRACK;1.23.12-7;-16.44972706;-71.61819543;-1946009.967;2828380.143;NA;False; ; ;0; ; ; ; ; ; 
TRACK;1.23.12-8; ; ;-1.516416327;20763369.87;NA; ; ; ; ; ; ; ; ; ; 
TRACK;1.23.12-8;-16.45009981;-71.61776545;-1946059.133;2828424.001;NA;False; ; ;0; ; ; ; ; ; 
TRACK;1.23.12-8;-16.44977287;-71.61747915;-1946024.35;2828460.696;NA;False; ; ;0; ; ; ; ; ; 
TRACK;1.23.12-8;-16.44958702;-71.61766475;-1946000.197;2828442.09;NA;False; ; ;0; ; ; ; ; ; 
TRACK;1.23.12-8;-16.44991887;-71.61798233;-1946035.165;2828401.788;NA;False; ; ;0; ; ; ; ; ; 
TRACK;1.23.12-9; ; ;-1.516416327;20763369.87;NA; ; ; ; ; ; ; ; ; ; 
TRACK;1.23.12-9;-16.45029764;-71.61719568;-1946089.522;2828485.975;NA;False; ; ;0; ; ; ; ; ; 
TRACK;1.23.12-9;-16.44999588;-71.61758707;-1946049.174;2828445.564;NA;False; ; ;0; ; ; ; ; ; 
TRACK;1.23.12-9;-16.450094;-71.61767087;-1946059.64;2828434.793;NA;False; ; ;0; ; ; ; ; ; 
TRACK;1.23.12-9;-16.45040205;-71.61726264;-1946100.938;2828477.029;NA;False; ; ;0; ; ; ; ; ; 
TRACK;1.23.12-10; ; ;-1.516416327;20763369.87;NA; ; ; ; ; ; ; ; ; ; 
TRACK;1.23.12-10;-16.45003892;-71.61699456;-1946061.676;2828512.132;NA;False; ; ;0; ; ; ; ; ; 
TRACK;1.23.12-10;-16.44973447;-71.61734769;-1946021.494;2828476.09;NA;False; ; ;0; ; ; ; ; ; 
TRACK;1.23.12-10;-16.44997455;-71.61755087;-1946047.125;2828449.944;NA;False; ; ;0; ; ; ; ; ; 
TRACK;1.23.12-10;-16.450287;-71.61715539;-1946088.779;2828490.679;NA;False; ; ;0; ; ; ; ; ; 
TRACK;1.23.12-11; ; ;-1.516416327;20763369.87;NA; ; ; ; ; ; ; ; ; ; 
TRACK;1.23.12-11;-16.44975274;-71.61676505;-1946030.964;2828541.863;NA;False; ; ;0; ; ; ; ; ; 
TRACK;1.23.12-11;-16.44946765;-71.61708988;-1945993.41;2828508.775;NA;False; ; ;0; ; ; ; ; ; 
TRACK;1.23.12-11;-16.44970487;-71.61731451;-1946018.436;2828480.235;NA;False; ; ;0; ; ; ; ; ; 
TRACK;1.23.12-11;-16.45000479;-71.61697141;-1946057.961;2828515.199;NA;False; ; ;0; ; ; ; ; ; 
TRACK;1.23.12-12; ; ;-1.516416327;20763369.87;NA; ; ; ; ; ; ; ; ; ; 
TRACK;1.23.12-12;-16.44929981;-71.6167067;-1945978.523;2828554.374;NA;False; ; ;0; ; ; ; ; ; 
TRACK;1.23.12-12;-16.44918585;-71.61683521;-1945963.528;2828541.299;NA;False; ; ;0; ; ; ; ; ; 
TRACK;1.23.12-12;-16.44943905;-71.61706297;-1945990.391;2828512.196;NA;False; ; ;0; ; ; ; ; ; 
TRACK;1.23.12-12;-16.4495436;-71.61695098;-1946004.072;2828523.522;NA;False; ; ;0; ; ; ; ; ; 
TRACK;1.23.12-13; ; ;-1.516416327;20763369.87;NA; ; ; ; ; ; ; ; ; ; 
TRACK;1.23.12-13;-16.4496367;-71.61854985;-1945994.903;2828341.167;NA;False; ; ;0; ; ; ; ; ; 
TRACK;1.23.12-13;-16.44954142;-71.61844889;-1945984.986;2828353.846;NA;False; ; ;0; ; ; ; ; ; 
TRACK;1.23.12-13;-16.44924341;-71.61877452;-1945945.906;2828320.836;NA;False; ; ;0; ; ; ; ; ; 
TRACK;1.23.12-13;-16.449364;-71.61888176;-1945958.715;2828307.116;NA;False; ; ;0; ; ; ; ; ; 
TRACK;1.23.13-1; ; ;-1.516416327;20763369.87;NA; ; ; ; ; ; ; ; ; ; 
TRACK;1.23.13-1;-16.44941996;-71.61647676;-1945995.52;2828578.86;NA;False; ; ;0; ; ; ; ; ; 
TRACK;1.23.13-1;-16.44918571;-71.61627245;-1945970.587;2828605.059;NA;False; ; ;0; ; ; ; ; ; 
TRACK;1.23.13-1;-16.44892072;-71.61657746;-1945935.641;2828573.955;NA;False; ; ;0; ; ; ; ; ; 
TRACK;1.23.13-1;-16.44915628;-71.6167876;-1945960.654;2828547.078;NA;False; ; ;0; ; ; ; ; ; 
TRACK;1.23.13-2; ; ;-1.516416327;20763369.87;NA; ; ; ; ; ; ; ; ; ; 
TRACK;1.23.13-2;-16.4494885;-71.61648051;-1946003.519;2828577.542;NA;False; ; ;0; ; ; ; ; ; 
TRACK;1.23.13-2;-16.44965413;-71.61655767;-1946021.995;2828566.642;NA;False; ; ;0; ; ; ; ; ; 
TRACK;1.23.13-2;-16.4495759;-71.6163225;-1946015.766;2828594.305;NA;False; ; ;0; ; ; ; ; ; 
TRACK;1.23.13-2;-16.44949554;-71.61622396;-1946007.571;2828606.516;NA;False; ; ;0; ; ; ; ; ; 
TRACK;1.23.13-2;-16.44972808;-71.61592086;-1946038.682;2828637.826;NA;False; ; ;0; ; ; ; ; ; 
TRACK;1.23.13-2;-16.44953459;-71.61578488;-1946017.676;2828655.753;NA;False; ; ;0; ; ; ; ; ; 
TRACK;1.23.13-2;-16.44933265;-71.61603314;-1945990.846;2828630.257;NA;False; ; ;0; ; ; ; ; ; 
TRACK;1.23.13-2;-16.44919336;-71.61623643;-1945971.938;2828609.04;NA;False; ; ;0; ; ; ; ; ; 
TRACK;1.23.13-3; ; ;-1.516416327;20763369.87;NA; ; ; ; ; ; ; ; ; ; 
TRACK;1.23.13-3;-16.44974641;-71.61587873;-1946041.365;2828642.36;NA;False; ; ;0; ; ; ; ; ; 
TRACK;1.23.13-3;-16.44994576;-71.6157384;-1946066.533;2828655.662;NA;False; ; ;0; ; ; ; ; ; 
TRACK;1.23.13-3;-16.45014406;-71.6156574;-1946090.832;2828662.255;NA;False; ; ;0; ; ; ; ; ; 
TRACK;1.23.13-3;-16.45033891;-71.61563242;-1946114.022;2828662.547;NA;False; ; ;0; ; ; ; ; ; 
TRACK;1.23.13-3;-16.44978782;-71.61542525;-1946051.927;2828693.199;NA;False; ; ;0; ; ; ; ; ; 
TRACK;1.23.13-3;-16.44968391;-71.61560358;-1946037.486;2828674.348;NA;False; ; ;0; ; ; ; ; ; 
TRACK;1.23.13-3;-16.4495565;-71.61575553;-1946020.617;2828658.792;NA;False; ; ;0; ; ; ; ; ; 
TRACK;1.23.13-4; ; ;-1.516416327;20763369.87;NA; ; ; ; ; ; ; ; ; ; 
TRACK;1.23.13-4;-16.45045194;-71.61572032;-1946126.187;2828651.116;NA;False; ; ;0; ; ; ; ; ; 
TRACK;1.23.13-4;-16.45033673;-71.61570748;-1946112.823;2828654.071;NA;False; ; ;0; ; ; ; ; ; 
TRACK;1.23.13-4;-16.45023211;-71.61571791;-1946100.409;2828654.252;NA;False; ; ;0; ; ; ; ; ; 
TRACK;1.23.13-4;-16.45011167;-71.61575139;-1946085.848;2828652.028;NA;False; ; ;0; ; ; ; ; ; 
TRACK;1.23.13-4;-16.45001281;-71.61579524;-1946073.69;2828648.348;NA;False; ; ;0; ; ; ; ; ; 
TRACK;1.23.13-4;-16.44993865;-71.61583308;-1946064.508;2828645.027;NA;False; ; ;0; ; ; ; ; ; 
TRACK;1.23.13-4;-16.44984588;-71.61588773;-1946052.929;2828640.045;NA;False; ; ;0; ; ; ; ; ; 
TRACK;1.23.13-4;-16.44975201;-71.61596787;-1946040.9;2828632.189;NA;False; ; ;0; ; ; ; ; ; 
TRACK;1.23.13-4;-16.44970523;-71.6160502;-1946034.374;2828623.471;NA;False; ; ;0; ; ; ; ; ; 
TRACK;1.23.13-4;-16.44968271;-71.61614882;-1946030.489;2828612.591;NA;False; ; ;0; ; ; ; ; ; 
TRACK;1.23.13-4;-16.44968837;-71.61625041;-1946029.878;2828601.007;NA;False; ; ;0; ; ; ; ; ; 
TRACK;1.23.13-4;-16.44970482;-71.61633496;-1946030.746;2828591.214;NA;False; ; ;0; ; ; ; ; ; 
TRACK;1.23.13-4;-16.44972364;-71.61641269;-1946031.978;2828582.163;NA;False; ; ;0; ; ; ; ; ; 
TRACK;1.23.13-4;-16.44976433;-71.61650305;-1946035.619;2828571.395;NA;False; ; ;0; ; ; ; ; ; 
TRACK;1.23.13-4;-16.44979881;-71.61656945;-1946038.831;2828563.423;NA;False; ; ;0; ; ; ; ; ; 
TRACK;1.23.13-4;-16.44984932;-71.61663943;-1946043.882;2828554.837;NA;False; ; ;0; ; ; ; ; ; 
TRACK;1.23.13-4;-16.44988891;-71.61669524;-1946047.829;2828547.997;NA;False; ; ;0; ; ; ; ; ; 
TRACK;1.23.13-4;-16.44998142;-71.61675803;-1946057.9;2828539.679;NA;False; ; ;0; ; ; ; ; ; 
TRACK;1.23.13-4;-16.45008176;-71.61680876;-1946069.042;2828532.624;NA;False; ; ;0; ; ; ; ; ; 
TRACK;1.23.13-4;-16.45019081;-71.61686398;-1946081.151;2828524.947;NA;False; ; ;0; ; ; ; ; ; 
TRACK;1.23.13-4;-16.45031333;-71.61691369;-1946094.91;2828517.719;NA;False; ; ;0; ; ; ; ; ; 
TRACK;1.23.13-4;-16.45040213;-71.6169251;-1946105.191;2828515.27;NA;False; ; ;0; ; ; ; ; ; 
TRACK;1.23.13-4;-16.45051097;-71.6169127;-1946118.126;2828515.256;NA;False; ; ;0; ; ; ; ; ; 
TRACK;1.23.13-4;-16.45062278;-71.61688229;-1946131.634;2828517.245;NA;False; ; ;0; ; ; ; ; ; 
TRACK;1.23.13-4;-16.45072259;-71.61685451;-1946143.702;2828519.091;NA;False; ; ;0; ; ; ; ; ; 
TRACK;1.23.13-4;-16.4508196;-71.61680363;-1946155.731;2828523.591;NA;False; ; ;0; ; ; ; ; ; 
TRACK;1.23.13-4;-16.45088718;-71.61671782;-1946164.743;2828532.433;NA;False; ; ;0; ; ; ; ; ; 
TRACK;1.23.13-4;-16.45096673;-71.616611;-1946175.425;2828543.499;NA;False; ; ;0; ; ; ; ; ; 
TRACK;1.23.13-4;-16.45102384;-71.6165337;-1946183.102;2828551.512;NA;False; ; ;0; ; ; ; ; ; 
TRACK;1.23.13-4;-16.45109231;-71.61642877;-1946192.461;2828562.508;NA;False; ; ;0; ; ; ; ; ; 
TRACK;1.23.13-4;-16.451127;-71.61637526;-1946197.206;2828568.119;NA;False; ; ;0; ; ; ; ; ; 
TRACK;1.23.13-4;-16.45113472;-71.61623941;-1946199.821;2828583.409;NA;False; ; ;0; ; ; ; ; ; 
TRACK;1.23.13-4;-16.45110021;-71.61611309;-1946197.357;2828598.17;NA;False; ; ;0; ; ; ; ; ; 
TRACK;1.23.13-4;-16.45098455;-71.61593846;-1946185.974;2828619.461;NA;False; ; ;0; ; ; ; ; ; 
TRACK;1.23.13-4;-16.45088675;-71.61583832;-1946175.751;2828632.081;NA;False; ; ;0; ; ; ; ; ; 
TRACK;1.23.13-4;-16.45073622;-71.61576099;-1946159.051;2828642.803;NA;False; ; ;0; ; ; ; ; ; 
TRACK;1.23.13-4;-16.45059985;-71.61577815;-1946142.825;2828642.636;NA;False; ; ;0; ; ; ; ; ; 
TRACK;1.23.13-5; ; ;-1.516416327;20763369.87;NA; ; ; ; ; ; ; ; ; ; 
TRACK;1.23.13-5;-16.45120651;-71.61696659;-1946199.106;2828500.088;NA;False; ; ;0; ; ; ; ; ; 
TRACK;1.23.13-5;-16.4510606;-71.61683774;-1946183.596;2828516.587;NA;False; ; ;0; ; ; ; ; ; 
TRACK;1.23.13-5;-16.45117308;-71.61666316;-1946198.996;2828534.9;NA;False; ; ;0; ; ; ; ; ; 
TRACK;1.23.13-5;-16.45105531;-71.61656851;-1946186.36;2828547.159;NA;False; ; ;0; ; ; ; ; ; 
TRACK;1.23.13-5;-16.45079164;-71.61689025;-1946151.358;2828514.143;NA;False; ; ;0; ; ; ; ; ; 
TRACK;1.23.13-5;-16.4510864;-71.6171349;-1946182.889;2828482.585;NA;False; ; ;0; ; ; ; ; ; 
TRACK;1.23.13-6; ; ;-1.516416327;20763369.87;NA; ; ; ; ; ; ; ; ; ; 
TRACK;1.23.13-6;-16.45088926;-71.61739014;-1946156.535;2828456.236;NA;False; ; ;0; ; ; ; ; ; 
TRACK;1.23.13-6;-16.45106363;-71.61715215;-1946179.998;2828480.927;NA;False; ; ;0; ; ; ; ; ; 
TRACK;1.23.13-6;-16.45077867;-71.61688623;-1946149.887;2828514.767;NA;False; ; ;0; ; ; ; ; ; 
TRACK;1.23.13-6;-16.45068586;-71.61695455;-1946138.132;2828508.236;NA;False; ; ;0; ; ; ; ; ; 
TRACK;1.23.13-6;-16.45075546;-71.61744937;-1946140.082;2828451.27;NA;False; ; ;0; ; ; ; ; ; 
TRACK;1.23.13-7; ; ;-1.516416327;20763369.87;NA; ; ; ; ; ; ; ; ; ; 
TRACK;1.23.13-7;-16.4507093;-71.61747534;-1946134.336;2828448.928;NA;False; ; ;0; ; ; ; ; ; 
TRACK;1.23.13-7;-16.45064001;-71.61695314;-1946132.766;2828508.993;NA;False; ; ;0; ; ; ; ; ; 
TRACK;1.23.13-7;-16.45044151;-71.61698902;-1946109.011;2828507.514;NA;False; ; ;0; ; ; ; ; ; 
TRACK;1.23.13-7;-16.45050239;-71.61758264;-1946108.695;2828439.468;NA;False; ; ;0; ; ; ; ; ; 
TRACK;1.23.14-1; ; ;-1.516416327;20763369.87;NA; ; ; ; ; ; ; ; ; ; 
TRACK;1.23.14-1;-16.45118743;-71.61666435;-1946200.666;2828534.579;NA;False; ; ;0; ; ; ; ; ; 
TRACK;1.23.14-1;-16.45107497;-71.61683215;-1946185.353;2828517.033;NA;False; ; ;0; ; ; ; ; ; 
TRACK;1.23.14-1;-16.45121452;-71.61695278;-1946200.219;2828501.549;NA;False; ; ;0; ; ; ; ; ; 
TRACK;1.23.14-1;-16.4513437;-71.61678494;-1946217.496;2828518.881;NA;False; ; ;0; ; ; ; ; ; 
TRACK;1.23.14-2; ; ;-1.516416327;20763369.87;NA; ; ; ; ; ; ; ; ; ; 
TRACK;1.23.14-2;-16.45136406;-71.6160725;-1946228.844;2828599.331;NA;False; ; ;0; ; ; ; ; ; 
TRACK;1.23.14-2;-16.45124999;-71.61623649;-1946213.39;2828582.237;NA;False; ; ;0; ; ; ; ; ; 
TRACK;1.23.14-2;-16.45121931;-71.61639406;-1946207.807;2828564.786;NA;False; ; ;0; ; ; ; ; ; 
TRACK;1.23.14-2;-16.45146966;-71.61660211;-1946234.582;2828537.953;NA;False; ; ;0; ; ; ; ; ; 
TRACK;1.23.14-2;-16.45172457;-71.61628373;-1946268.513;2828570.702;NA;False; ; ;0; ; ; ; ; ; 
TRACK;1.23.14-3; ; ;-1.516416327;20763369.87;NA; ; ; ; ; ; ; ; ; ; 
TRACK;1.23.14-3;-16.45180409;-71.61615677;-1946279.445;2828584.049;NA;False; ; ;0; ; ; ; ; ; 
TRACK;1.23.14-3;-16.45205766;-71.61586233;-1946312.918;2828614.103;NA;False; ; ;0; ; ; ; ; ; 
TRACK;1.23.14-3;-16.4513215;-71.61514417;-1946235.521;2828705.06;NA;False; ; ;0; ; ; ; ; ; 
TRACK;1.23.14-3;-16.45101445;-71.61554129;-1946194.479;2828664.068;NA;False; ; ;0; ; ; ; ; ; 
TRACK;1.23.14-3;-16.45141989;-71.61593369;-1946237.144;2828614.33;NA;False; ; ;0; ; ; ; ; ; 
TRACK;1.23.14-4; ; ;-1.516416327;20763369.87;NA; ; ; ; ; ; ; ; ; ; 
TRACK;1.23.14-4;-16.45125755;-71.61510084;-1946228.558;2828710.802;NA;False; ; ;0; ; ; ; ; ; 
TRACK;1.23.14-4;-16.45094244;-71.61480074;-1946195.336;2828748.907;NA;False; ; ;0; ; ; ; ; ; 
TRACK;1.23.14-4;-16.45065202;-71.61472728;-1946162.164;2828761.015;NA;False; ; ;0; ; ; ; ; ; 
TRACK;1.23.14-4;-16.45061014;-71.61521796;-1946151.077;2828705.968;NA;False; ; ;0; ; ; ; ; ; 
TRACK;1.23.14-4;-16.45077289;-71.61531533;-1946168.96;2828692.817;NA;False; ; ;0; ; ; ; ; ; 
TRACK;1.23.14-4;-16.45095664;-71.61549459;-1946188.278;2828670.113;NA;False; ; ;0; ; ; ; ; ; 
TRACK;1.23.14-5; ; ;-1.516416327;20763369.87;NA; ; ; ; ; ; ; ; ; ; 
TRACK;1.23.14-5;-16.45049766;-71.61521953;-1946137.851;2828707.256;NA;False; ; ;0; ; ; ; ; ; 
TRACK;1.23.14-5;-16.45060335;-71.61435737;-1946161.101;2828803.558;NA;False; ; ;0; ; ; ; ; ; 
TRACK;1.23.14-5;-16.45063909;-71.61425543;-1946166.579;2828814.642;NA;False; ; ;0; ; ; ; ; ; 
TRACK;1.23.14-5;-16.45084326;-71.61402383;-1946193.462;2828838.221;NA;False; ; ;0; ; ; ; ; ; 
TRACK;1.23.14-5;-16.45052229;-71.61367826;-1946160.124;2828881.555;NA;False; ; ;0; ; ; ; ; ; 
TRACK;1.23.14-5;-16.45045209;-71.61367952;-1946151.866;2828882.327;NA;False; ; ;0; ; ; ; ; ; 
TRACK;1.23.14-5;-16.4502801;-71.61381666;-1946129.95;2828869.031;NA;False; ; ;0; ; ; ; ; ; 
TRACK;1.23.14-5;-16.45011563;-71.61409269;-1946107.169;2828839.901;NA;False; ; ;0; ; ; ; ; ; 
TRACK;1.23.14-5;-16.4500033;-71.61445911;-1946089.374;2828799.85;NA;False; ; ;0; ; ; ; ; ; 
TRACK;1.23.14-5;-16.4498724;-71.61510739;-1946065.854;2828728.108;NA;False; ; ;0; ; ; ; ; ; 
TRACK;1.23.14-5;-16.44991819;-71.61513905;-1946070.832;2828723.925;NA;False; ; ;0; ; ; ; ; ; 
TRACK;1.23.14-6; ; ;-1.516416327;20763369.87;NA; ; ; ; ; ; ; ; ; ; 
TRACK;1.23.14-6;-16.45092027;-71.61471552;-1946193.805;2828758.852;NA;False; ; ;0; ; ; ; ; ; 
TRACK;1.23.14-6;-16.45097909;-71.61476143;-1946200.133;2828752.883;NA;False; ; ;0; ; ; ; ; ; 
TRACK;1.23.14-6;-16.45103415;-71.61479783;-1946206.139;2828748.042;NA;False; ; ;0; ; ; ; ; ; 
TRACK;1.23.14-6;-16.45130384;-71.61504804;-1946234.657;2828716.18;NA;False; ; ;0; ; ; ; ; ; 
TRACK;1.23.14-6;-16.45149584;-71.61482244;-1946260.035;2828739.238;NA;False; ; ;0; ; ; ; ; ; 
TRACK;1.23.14-6;-16.45166924;-71.61433975;-1946286.462;2828791.665;NA;False; ; ;0; ; ; ; ; ; 
TRACK;1.23.14-6;-16.45119023;-71.61428325;-1946230.935;2828804.307;NA;False; ; ;0; ; ; ; ; ; 
TRACK;1.23.14-6;-16.45088191;-71.61410917;-1946196.926;2828828.048;NA;False; ; ;0; ; ; ; ; ; 
TRACK;1.23.14-6;-16.45079888;-71.61420124;-1946186.02;2828818.699;NA;False; ; ;0; ; ; ; ; ; 
TRACK;1.23.14-6;-16.45072008;-71.61438442;-1946174.466;2828798.972;NA;False; ; ;0; ; ; ; ; ; 
TRACK;1.23.14-6;-16.45069236;-71.61446306;-1946170.222;2828790.425;NA;False; ; ;0; ; ; ; ; ; 
TRACK;1.23.14-6;-16.45067601;-71.61464596;-1946166.003;2828769.915;NA;False; ; ;0; ; ; ; ; ; 
TRACK;1.23.14-7; ; ;-1.516416327;20763369.87;NA; ; ; ; ; ; ; ; ; ; 
TRACK;1.23.14-7;-16.45170455;-71.61542808;-1946276.922;2828667.903;NA;False; ; ;0; ; ; ; ; ; 
TRACK;1.23.14-7;-16.4518959;-71.61521617;-1946302.052;2828689.418;NA;False; ; ;0; ; ; ; ; ; 
TRACK;1.23.14-7;-16.45199744;-71.61506773;-1946315.839;2828704.911;NA;False; ; ;0; ; ; ; ; ; 
TRACK;1.23.14-7;-16.4520512;-71.61490919;-1946324.145;2828722.173;NA;False; ; ;0; ; ; ; ; ; 
TRACK;1.23.14-7;-16.45211391;-71.61473739;-1946333.667;2828740.819;NA;False; ; ;0; ; ; ; ; ; 
TRACK;1.23.14-7;-16.452182;-71.61449591;-1946344.698;2828767.291;NA;False; ; ;0; ; ; ; ; ; 
TRACK;1.23.14-7;-16.45219788;-71.61439705;-1946347.806;2828778.284;NA;False; ; ;0; ; ; ; ; ; 
TRACK;1.23.14-7;-16.45172458;-71.61433275;-1946293.047;2828791.737;NA;False; ; ;0; ; ; ; ; ; 
TRACK;1.23.14-7;-16.45170635;-71.61453036;-1946288.422;2828769.586;NA;False; ; ;0; ; ; ; ; ; 
TRACK;1.23.14-7;-16.45161672;-71.61474709;-1946275.173;2828746.199;NA;False; ; ;0; ; ; ; ; ; 
TRACK;1.23.14-7;-16.45151294;-71.61492882;-1946260.704;2828726.963;NA;False; ; ;0; ; ; ; ; ; 
TRACK;1.23.14-7;-16.45136945;-71.61510916;-1946241.591;2828708.401;NA;False; ; ;0; ; ; ; ; ; 
TRACK;1.23.14-8; ; ;-1.516416327;20763369.87;NA; ; ; ; ; ; ; ; ; ; 
TRACK;1.23.14-8;-16.45210732;-71.61581437;-1946319.35;2828618.89;NA;False; ; ;0; ; ; ; ; ; 
TRACK;1.23.14-8;-16.45235894;-71.61551234;-1946352.689;2828649.829;NA;False; ; ;0; ; ; ; ; ; 
TRACK;1.23.14-8;-16.45249362;-71.615258;-1946371.7;2828676.89;NA;False; ; ;0; ; ; ; ; ; 
TRACK;1.23.14-8;-16.45262065;-71.61497777;-1946390.138;2828706.982;NA;False; ; ;0; ; ; ; ; ; 
TRACK;1.23.14-8;-16.45270999;-71.61465394;-1946404.698;2828742.506;NA;False; ; ;0; ; ; ; ; ; 
TRACK;1.23.14-8;-16.45274347;-71.61448992;-1946410.692;2828760.652;NA;False; ; ;0; ; ; ; ; ; 
TRACK;1.23.14-8;-16.45226511;-71.6144119;-1946355.512;2828775.725;NA;False; ; ;0; ; ; ; ; ; 
TRACK;1.23.14-8;-16.45217251;-71.61479682;-1946339.8;2828733.323;NA;False; ; ;0; ; ; ; ; ; 
TRACK;1.23.14-8;-16.45208108;-71.61505449;-1946325.825;2828705.322;NA;False; ; ;0; ; ; ; ; ; 
TRACK;1.23.14-8;-16.45197776;-71.61521307;-1946311.701;2828688.702;NA;False; ; ;0; ; ; ; ; ; 
TRACK;1.23.14-8;-16.45176709;-71.61548647;-1946283.53;2828660.473;NA;False; ; ;0; ; ; ; ; ; 
TRACK;1.23.14-9; ; ;-1.516416327;20763369.87;NA; ; ; ; ; ; ; ; ; ; 
TRACK;1.23.14-9;-16.45274052;-71.61440437;-1946411.421;2828770.383;NA;False; ; ;0; ; ; ; ; ; 
TRACK;1.23.14-9;-16.45274211;-71.61420821;-1946414.075;2828792.586;NA;False; ; ;0; ; ; ; ; ; 
TRACK;1.23.14-9;-16.45269868;-71.61367578;-1946415.673;2828853.473;NA;False; ; ;0; ; ; ; ; ; 
TRACK;1.23.14-9;-16.45223252;-71.61373109;-1946360.247;2828853.282;NA;False; ; ;0; ; ; ; ; ; 
TRACK;1.23.14-9;-16.45227704;-71.61434427;-1946357.763;2828783.232;NA;False; ; ;0; ; ; ; ; ; 
TRACK;1.23.14-10; ; ;-1.516416327;20763369.87;NA; ; ; ; ; ; ; ; ; ; 
TRACK;1.23.14-10;-16.45268065;-71.61360661;-1946414.425;2828861.545;NA;False; ; ;0; ; ; ; ; ; 
TRACK;1.23.14-10;-16.45265265;-71.61317228;-1946416.6;2828911.117;NA;False; ; ;0; ; ; ; ; ; 
TRACK;1.23.14-10;-16.45261081;-71.61292384;-1946414.812;2828939.809;NA;False; ; ;0; ; ; ; ; ; 
TRACK;1.23.14-10;-16.45254536;-71.61274591;-1946409.366;2828960.821;NA;False; ; ;0; ; ; ; ; ; 
TRACK;1.23.14-10;-16.45243362;-71.6125977;-1946398.112;2828979.068;NA;False; ; ;0; ; ; ; ; ; 
TRACK;1.23.14-10;-16.45238176;-71.61254811;-1946392.646;2828985.363;NA;False; ; ;0; ; ; ; ; ; 
TRACK;1.23.14-10;-16.45203803;-71.61288706;-1946348.028;2828951.441;NA;False; ; ;0; ; ; ; ; ; 
TRACK;1.23.14-10;-16.4521218;-71.61298722;-1946356.604;2828939.002;NA;False; ; ;0; ; ; ; ; ; 
TRACK;1.23.14-10;-16.45215651;-71.613073;-1946359.6;2828928.831;NA;False; ; ;0; ; ; ; ; ; 
TRACK;1.23.14-10;-16.45217569;-71.61314526;-1946360.944;2828920.394;NA;False; ; ;0; ; ; ; ; ; 
TRACK;1.23.14-10;-16.45222239;-71.61365198;-1946360.053;2828862.377;NA;False; ; ;0; ; ; ; ; ; 
TRACK;1.23.14-11; ; ;-1.516416327;20763369.87;NA; ; ; ; ; ; ; ; ; ; 
TRACK;1.23.14-11;-16.45220137;-71.61432138;-1946349.167;2828786.811;NA;False; ; ;0; ; ; ; ; ; 
TRACK;1.23.14-11;-16.45214552;-71.61363753;-1946351.21;2828865.016;NA;False; ; ;0; ; ; ; ; ; 
TRACK;1.23.14-11;-16.45212194;-71.61327085;-1946353.053;2828906.866;NA;False; ; ;0; ; ; ; ; ; 
TRACK;1.23.14-11;-16.45209905;-71.61313281;-1946352.101;2828922.804;NA;False; ; ;0; ; ; ; ; ; 
TRACK;1.23.14-11;-16.45206378;-71.61305149;-1946348.983;2828932.477;NA;False; ; ;0; ; ; ; ; ; 
TRACK;1.23.14-11;-16.45203118;-71.61299819;-1946345.827;2828938.94;NA;False; ; ;0; ; ; ; ; ; 
TRACK;1.23.14-11;-16.45199321;-71.61293806;-1946342.125;2828946.247;NA;False; ; ;0; ; ; ; ; ; 
TRACK;1.23.14-11;-16.45164371;-71.61330667;-1946296.457;2828909.041;NA;False; ; ;0; ; ; ; ; ; 
TRACK;1.23.14-11;-16.45174189;-71.61425629;-1946296.041;2828800.173;NA;False; ; ;0; ; ; ; ; ; 
TRACK;1.23.14-12; ; ;-1.516416327;20763369.87;NA; ; ; ; ; ; ; ; ; ; 
TRACK;1.23.14-12;-16.45089559;-71.61397595;-1946200.207;2828842.963;NA;False; ; ;0; ; ; ; ; ; 
TRACK;1.23.14-12;-16.45153943;-71.61330568;-1946284.226;2828910.511;NA;False; ; ;0; ; ; ; ; ; 
TRACK;1.23.14-12;-16.45119705;-71.61295091;-1946248.491;2828955.168;NA;False; ; ;0; ; ; ; ; ; 
TRACK;1.23.14-12;-16.45054348;-71.61360856;-1946163.488;2828889.175;NA;False; ; ;0; ; ; ; ; ; 
TRACK;1.23.14-13; ; ;-1.516416327;20763369.87;NA; ; ; ; ; ; ; ; ; ; 
TRACK;1.23.14-13;-16.45159772;-71.61323629;-1946291.943;2828917.613;NA;False; ; ;0; ; ; ; ; ; 
TRACK;1.23.14-13;-16.45233888;-71.61248537;-1946388.402;2828993.03;NA;False; ; ;0; ; ; ; ; ; 
TRACK;1.23.14-13;-16.45197559;-71.61212897;-1946350.232;2829038.144;NA;False; ; ;0; ; ; ; ; ; 
TRACK;1.23.14-13;-16.45123912;-71.61289853;-1946254.088;2828960.554;NA;False; ; ;0; ; ; ; ; ; 
TRACK;1.23.14-14; ; ;-1.516416327;20763369.87;NA; ; ; ; ; ; ; ; ; ; 
TRACK;1.23.14-14;-16.45279719;-71.61242963;-1946442.91;2828993.372;NA;False; ; ;0; ; ; ; ; ; 
TRACK;1.23.14-14;-16.45280726;-71.61240542;-1946444.397;2828995.984;NA;False; ; ;0; ; ; ; ; ; 
TRACK;1.23.14-14;-16.45282468;-71.61236032;-1946447.01;2829000.866;NA;False; ; ;0; ; ; ; ; ; 
TRACK;1.23.14-14;-16.4528315;-71.61230424;-1946448.516;2829007.131;NA;False; ; ;0; ; ; ; ; ; 
TRACK;1.23.14-14;-16.45282651;-71.61201524;-1946451.564;2829039.938;NA;False; ; ;0; ; ; ; ; ; 
TRACK;1.23.14-14;-16.45286048;-71.61198209;-1946455.97;2829043.251;NA;False; ; ;0; ; ; ; ; ; 
TRACK;1.23.14-14;-16.4528681;-71.61163043;-1946461.288;2829082.993;NA;False; ; ;0; ; ; ; ; ; 
TRACK;1.23.14-14;-16.45283796;-71.61161027;-1946458.002;2829085.67;NA;False; ; ;0; ; ; ; ; ; 
TRACK;1.23.14-14;-16.45285977;-71.61105213;-1946467.584;2829148.621;NA;False; ; ;0; ; ; ; ; ; 
TRACK;1.23.14-14;-16.45278603;-71.61097571;-1946459.887;2829158.241;NA;False; ; ;0; ; ; ; ; ; 
TRACK;1.23.14-14;-16.4520073;-71.61175737;-1946358.629;2829079.831;NA;False; ; ;0; ; ; ; ; ; 
TRACK;1.23.14-14;-16.45192504;-71.61184097;-1946347.92;2829071.432;NA;False; ; ;0; ; ; ; ; ; 
TRACK;1.23.14-14;-16.4519154;-71.6119685;-1946345.184;2829057.108;NA;False; ; ;0; ; ; ; ; ; 
TRACK;1.23.14-14;-16.45245928;-71.6124684;-1946402.75;2828993.383;NA;False; ; ;0; ; ; ; ; ; 
TRACK;1.23.14-15; ; ;-1.516416327;20763369.87;NA; ; ; ; ; ; ; ; ; ; 
TRACK;1.23.14-15;-16.45278379;-71.60985474;-1946473.725;2829285.271;NA;False; ; ;0; ; ; ; ; ; 
TRACK;1.23.14-15;-16.45251534;-71.61017929;-1946438.124;2829252;NA;False; ; ;0; ; ; ; ; ; 
TRACK;1.23.14-15;-16.45288325;-71.61055838;-1946476.552;2829204.255;NA;False; ; ;0; ; ; ; ; ; 
TRACK;1.23.14-15;-16.4531171;-71.61025368;-1946507.839;2829235.727;NA;False; ; ;0; ; ; ; ; ; 
TRACK;1.23.14-16; ; ;-1.516416327;20763369.87;NA; ; ; ; ; ; ; ; ; ; 
TRACK;1.23.14-16;-16.45278281;-71.61587986;-1946397.831;2828602.668;NA;False; ; ;0; ; ; ; ; ; 
TRACK;1.23.14-16;-16.45271301;-71.61529648;-1946396.973;2828669.671;NA;False; ; ;0; ; ; ; ; ; 
TRACK;1.23.14-16;-16.45260734;-71.61522682;-1946385.443;2828678.939;NA;False; ; ;0; ; ; ; ; ; 
TRACK;1.23.14-16;-16.45240431;-71.61559929;-1946356.923;2828639.387;NA;False; ; ;0; ; ; ; ; ; 
TRACK;1.23.14-17; ; ;-1.516416327;20763369.87;NA; ; ; ; ; ; ; ; ; ; 
TRACK;1.23.14-17;-16.45233279;-71.61641444;-1946338.276;2828547.968;NA;False; ; ;0; ; ; ; ; ; 
TRACK;1.23.14-17;-16.45272742;-71.61596997;-1946390.195;2828593.181;NA;False; ; ;0; ; ; ; ; ; 
TRACK;1.23.14-17;-16.45237124;-71.61564396;-1946352.479;2828634.757;NA;False; ; ;0; ; ; ; ; ; 
TRACK;1.23.14-17;-16.4519168;-71.61618076;-1946292.376;2828579.863;NA;False; ; ;0; ; ; ; ; ; 
TRACK;1.23.14-18; ; ;-1.516416327;20763369.87;NA; ; ; ; ; ; ; ; ; ; 
TRACK;1.23.14-18;-16.452216;-71.61655956;-1946322.74;2828533.049;NA;False; ; ;0; ; ; ; ; ; 
TRACK;1.23.14-18;-16.45179395;-71.6163013;-1946276.437;2828567.807;NA;False; ; ;0; ; ; ; ; ; 
TRACK;1.23.14-18;-16.45130136;-71.61697625;-1946210.12;2828497.759;NA;False; ; ;0; ; ; ; ; ; 
TRACK;1.23.14-18;-16.45165979;-71.61730463;-1946248.071;2828455.885;NA;False; ; ;0; ; ; ; ; ; 
TRACK;1.23.14-19; ; ;-1.516416327;20763369.87;NA; ; ; ; ; ; ; ; ; ; 
TRACK;1.23.14-19;-16.45246421;-71.61714968;-1946344.459;2828462.958;NA;False; ; ;0; ; ; ; ; ; 
TRACK;1.23.14-19;-16.45208483;-71.61685792;-1946303.589;2828500.956;NA;False; ; ;0; ; ; ; ; ; 
TRACK;1.23.14-19;-16.45171273;-71.6173587;-1946253.607;2828449.069;NA;False; ; ;0; ; ; ; ; ; 
TRACK;1.23.14-19;-16.45206057;-71.61768054;-1946290.397;2828408.075;NA;False; ; ;0; ; ; ; ; ; 
TRACK;1.23.14-20; ; ;-1.516416327;20763369.87;NA; ; ; ; ; ; ; ; ; ; 
TRACK;1.23.14-20;-16.45292206;-71.61751632;-1946393.602;2828415.455;NA;False; ; ;0; ; ; ; ; ; 
TRACK;1.23.14-20;-16.45252392;-71.61720663;-1946350.753;2828455.728;NA;False; ; ;0; ; ; ; ; ; 
TRACK;1.23.14-20;-16.45211065;-71.61775745;-1946295.31;2828398.709;NA;False; ; ;0; ; ; ; ; ; 
TRACK;1.23.14-20;-16.4524819;-71.61807994;-1946334.84;2828357.336;NA;False; ; ;0; ; ; ; ; ; 
TRACK;1.23.14-21; ; ;-1.516416327;20763369.87;NA; ; ; ; ; ; ; ; ; ; 
TRACK;1.23.14-21;-16.44839057;-71.61289953;-1945919.643;2828997.56;NA;False; ; ;0; ; ; ; ; ; 
TRACK;1.23.14-21;-16.44822403;-71.61299528;-1945898.886;2828988.882;NA;False; ; ;0; ; ; ; ; ; 
TRACK;1.23.14-21;-16.44816353;-71.61290406;-1945892.93;2829000.005;NA;False; ; ;0; ; ; ; ; ; 
TRACK;1.23.14-21;-16.4480745;-71.61287957;-1945882.785;2829003.94;NA;False; ; ;0; ; ; ; ; ; 
TRACK;1.23.14-21;-16.44800706;-71.61295008;-1945873.981;2828996.83;NA;False; ; ;0; ; ; ; ; ; 
TRACK;1.23.14-21;-16.44799904;-71.61305567;-1945871.712;2828984.971;NA;False; ; ;0; ; ; ; ; ; 
TRACK;1.23.14-21;-16.44799904;-71.6130626;-1945871.625;2828984.186;NA;False; ; ;0; ; ; ; ; ; 
TRACK;1.23.14-21;-16.44799503;-71.61316577;-1945869.857;2828972.55;NA;False; ; ;0; ; ; ; ; ; 
TRACK;1.23.14-21;-16.44784688;-71.61354539;-1945847.689;2828931.47;NA;False; ; ;0; ; ; ; ; ; 
TRACK;1.23.14-21;-16.44760692;-71.61390042;-1945815.053;2828894.372;NA;False; ; ;0; ; ; ; ; ; 
TRACK;1.23.14-21;-16.44748263;-71.61404859;-1945798.598;2828879.204;NA;False; ; ;0; ; ; ; ; ; 
TRACK;1.23.14-21;-16.44731464;-71.61425482;-1945776.283;2828858.027;NA;False; ; ;0; ; ; ; ; ; 
TRACK;1.23.14-21;-16.44724015;-71.61448176;-1945764.684;2828833.285;NA;False; ; ;0; ; ; ; ; ; 
TRACK;1.23.14-21;-16.44723513;-71.61449732;-1945763.899;2828831.588;NA;False; ; ;0; ; ; ; ; ; 
TRACK;1.23.14-21;-16.4472301;-71.61450514;-1945763.211;2828830.767;NA;False; ; ;0; ; ; ; ; ; 
TRACK;1.23.14-21;-16.44718454;-71.61470869;-1945755.302;2828808.299;NA;False; ; ;0; ; ; ; ; ; 
TRACK;1.23.14-21;-16.44709689;-71.61531257;-1945737.42;2828741.023;NA;False; ; ;0; ; ; ; ; ; 
TRACK;1.23.14-21;-16.44733431;-71.61529442;-1945765.522;2828739.986;NA;False; ; ;0; ; ; ; ; ; 
TRACK;1.23.14-21;-16.44772258;-71.61505752;-1945814.084;2828761.768;NA;False; ; ;0; ; ; ; ; ; 
TRACK;1.23.14-21;-16.44777521;-71.61495445;-1945821.559;2828772.76;NA;False; ; ;0; ; ; ; ; ; 
TRACK;1.23.14-21;-16.44809611;-71.61494522;-1945859.351;2828769.625;NA;False; ; ;0; ; ; ; ; ; 
TRACK;1.23.14-21;-16.44838146;-71.61496288;-1945892.629;2828763.906;NA;False; ; ;0; ; ; ; ; ; 
TRACK;1.23.14-21;-16.4493665;-71.61532395;-1946003.736;2828710.164;NA;False; ; ;0; ; ; ; ; ; 
TRACK;1.23.14-21;-16.44941763;-71.6151035;-1946012.512;2828734.475;NA;False; ; ;0; ; ; ; ; ; 
TRACK;1.23.14-21;-16.44947097;-71.6147495;-1946023.225;2828773.886;NA;False; ; ;0; ; ; ; ; ; 
TRACK;1.23.14-21;-16.44952027;-71.61432652;-1946034.331;2828821.166;NA;False; ; ;0; ; ; ; ; ; 
TRACK;1.23.14-21;-16.44958968;-71.61413043;-1946044.946;2828842.478;NA;False; ; ;0; ; ; ; ; ; 
TRACK;1.23.14-21;-16.44981332;-71.6136672;-1946077.027;2828892.046;NA;False; ; ;0; ; ; ; ; ; 
TRACK;1.23.14-22; ; ;-1.516416327;20763369.87;NA; ; ; ; ; ; ; ; ; ; 
TRACK;1.23.14-22;-16.44961308;-71.6123761;-1946069.754;2829040.934;NA;False; ; ;0; ; ; ; ; ; 
TRACK;1.23.14-22;-16.44920369;-71.61319524;-1946011.388;2828953.462;NA;False; ; ;0; ; ; ; ; ; 
TRACK;1.23.14-22;-16.44998925;-71.61363331;-1946098.108;2828893.594;NA;False; ; ;0; ; ; ; ; ; 
TRACK;1.23.14-22;-16.45066115;-71.61295039;-1946185.58;2828962.21;NA;False; ; ;0; ; ; ; ; ; 
TRACK;1.23.14-23; ; ;-1.516416327;20763369.87;NA; ; ; ; ; ; ; ; ; ; 
TRACK;1.23.14-23;-16.44909507;-71.61235679;-1946009.18;2829049.872;NA;False; ; ;0; ; ; ; ; ; 
TRACK;1.23.14-23;-16.44936975;-71.61180138;-1946048.413;2829109.219;NA;False; ; ;0; ; ; ; ; ; 
TRACK;1.23.14-23;-16.44911586;-71.61167305;-1946020.218;2829127.067;NA;False; ; ;0; ; ; ; ; ; 
TRACK;1.23.14-23;-16.4484765;-71.61279783;-1945931.009;2829007.963;NA;False; ; ;0; ; ; ; ; ; 
TRACK;1.23.14-23;-16.44910036;-71.61313322;-1946000.037;2828961.835;NA;False; ; ;0; ; ; ; ; ; 
TRACK;1.23.14-23;-16.44939948;-71.61254637;-1946042.534;2829024.426;NA;False; ; ;0; ; ; ; ; ; 
TRACK;1.23.14-25; ; ;-1.516416327;20763369.87;NA; ; ; ; ; ; ; ; ; ; 
TRACK;1.23.14-25;-16.45312904;-71.60987421;-1946514.015;2829278.565;NA;False; ; ;0; ; ; ; ; ; 
TRACK;1.23.14-25;-16.45297661;-71.60999477;-1946494.602;2829266.892;NA;False; ; ;0; ; ; ; ; ; 
TRACK;1.23.14-25;-16.45316142;-71.61022793;-1946513.367;2829238.067;NA;False; ; ;0; ; ; ; ; ; 
TRACK;1.23.14-25;-16.45333313;-71.6100908;-1946535.252;2829251.365;NA;False; ; ;0; ; ; ; ; ; 
TRACK;1.23.15-1; ; ;-1.516416327;20763369.87;NA; ; ; ; ; ; ; ; ; ; 
TRACK;1.23.15-1;-16.45066047;-71.61848995;-1946115.847;2828334.616;NA;False; ; ;0; ; ; ; ; ; 
TRACK;1.23.15-1;-16.45012529;-71.61809674;-1946057.96;2828386.136;NA;False; ; ;0; ; ; ; ; ; 
TRACK;1.23.15-1;-16.44944786;-71.61902035;-1945966.818;2828290.322;NA;False; ; ;0; ; ; ; ; ; 
TRACK;1.23.15-1;-16.44998059;-71.61940828;-1946024.485;2828239.433;NA;False; ; ;0; ; ; ; ; ; 
TRACK;1.23.15-2; ; ;-1.516416327;20763369.87;NA; ; ; ; ; ; ; ; ; ; 
TRACK;1.23.15-2;-16.45318583;-71.618393;-1946413.546;2828312.698;NA;False; ; ;0; ; ; ; ; ; 
TRACK;1.23.15-2;-16.45327999;-71.61845313;-1946423.844;2828304.658;NA;False; ; ;0; ; ; ; ; ; 
TRACK;1.23.15-2;-16.45354346;-71.61860067;-1946452.921;2828284.511;NA;False; ; ;0; ; ; ; ; ; 
TRACK;1.23.15-2;-16.45361969;-71.61859762;-1946461.908;2828283.863;NA;False; ; ;0; ; ; ; ; ; 
TRACK;1.23.15-2;-16.45377257;-71.61861092;-1946479.689;2828280.364;NA;False; ; ;0; ; ; ; ; ; 
TRACK;1.23.15-2;-16.45394232;-71.61854097;-1946500.498;2828286.077;NA;False; ; ;0; ; ; ; ; ; 
TRACK;1.23.15-2;-16.45397282;-71.61844104;-1946505.335;2828297.001;NA;False; ; ;0; ; ; ; ; ; 
TRACK;1.23.15-2;-16.4536451;-71.61832038;-1946468.378;2828314.941;NA;False; ; ;0; ; ; ; ; ; 
TRACK;1.23.15-2;-16.45323024;-71.61816455;-1946421.632;2828338.001;NA;False; ; ;0; ; ; ; ; ; 
TRACK;1.23.15-2;-16.45298177;-71.61814506;-1946392.706;2828343.446;NA;False; ; ;0; ; ; ; ; ; 
TRACK;1.23.15-2;-16.45297023;-71.61818033;-1946390.908;2828339.6;NA;False; ; ;0; ; ; ; ; ; 
TRACK;1.23.15-3; ; ;-1.516416327;20763369.87;NA; ; ; ; ; ; ; ; ; ; 
TRACK;1.23.15-3;-16.45406718;-71.61823486;-1946519.005;2828319.129;NA;False; ; ;0; ; ; ; ; ; 
TRACK;1.23.15-3;-16.45358745;-71.61793081;-1946466.508;2828359.827;NA;False; ; ;0; ; ; ; ; ; 
TRACK;1.23.15-3;-16.45332258;-71.61815345;-1946432.612;2828338.055;NA;False; ; ;0; ; ; ; ; ; 
TRACK;1.23.15-3;-16.45396335;-71.61840503;-1946504.675;2828301.204;NA;False; ; ;0; ; ; ; ; ; 
TRACK;1.23.15-4; ; ;-1.516416327;20763369.87;NA; ; ; ; ; ; ; ; ; ; 
TRACK;1.23.15-4;-16.45425909;-71.6182316;-1946541.576;2828316.999;NA;False; ; ;0; ; ; ; ; ; 
TRACK;1.23.15-4;-16.45453708;-71.61799968;-1946577.128;2828339.651;NA;False; ; ;0; ; ; ; ; ; 
TRACK;1.23.15-4;-16.45392857;-71.61762677;-1946510.379;2828389.827;NA;False; ; ;0; ; ; ; ; ; 
TRACK;1.23.15-4;-16.45360828;-71.6178947;-1946469.407;2828363.646;NA;False; ; ;0; ; ; ; ; ; 
TRACK;1.23.15-4;-16.45407807;-71.61818188;-1946520.95;2828324.99;NA;False; ; ;0; ; ; ; ; ; 
TRACK;1.23.15-5; ; ;-1.516416327;20763369.87;NA; ; ; ; ; ; ; ; ; ; 
TRACK;1.23.15-5;-16.4543973;-71.61833639;-1946556.484;2828303.326;NA;False; ; ;0; ; ; ; ; ; 
TRACK;1.23.15-5;-16.45449404;-71.61844708;-1946566.45;2828289.525;NA;False; ; ;0; ; ; ; ; ; 
TRACK;1.23.15-5;-16.45459963;-71.61839497;-1946579.502;2828294.053;NA;False; ; ;0; ; ; ; ; ; 
TRACK;1.23.15-5;-16.45484646;-71.6184349;-1946607.977;2828286.313;NA;False; ; ;0; ; ; ; ; ; 
TRACK;1.23.15-5;-16.45499039;-71.61831262;-1946626.412;2828298.29;NA;False; ; ;0; ; ; ; ; ; 
TRACK;1.23.15-5;-16.45472407;-71.6179222;-1946600.056;2828345.991;NA;False; ; ;0; ; ; ; ; ; 
TRACK;1.23.15-5;-16.45420127;-71.61830519;-1946533.862;2828309.414;NA;False; ; ;0; ; ; ; ; ; 
TRACK;1.23.15-5;-16.45430298;-71.6184138;-1946544.438;2828295.785;NA;False; ; ;0; ; ; ; ; ; 
TRACK;1.23.15-6; ; ;-1.516416327;20763369.87;NA; ; ; ; ; ; ; ; ; ; 
TRACK;1.23.15-6;-16.45550232;-71.61838149;-1946685.647;2828283.817;NA;False; ; ;0; ; ; ; ; ; 
TRACK;1.23.15-6;-16.45535073;-71.61795614;-1946673.199;2828333.98;NA;False; ; ;0; ; ; ; ; ; 
TRACK;1.23.15-6;-16.45499063;-71.61822295;-1946627.569;2828308.446;NA;False; ; ;0; ; ; ; ; ; 
TRACK;1.23.15-6;-16.45522612;-71.61858016;-1946650.723;2828264.909;NA;False; ; ;0; ; ; ; ; ; 
TRACK;1.23.15-7; ; ;-1.516416327;20763369.87;NA; ; ; ; ; ; ; ; ; ; 
TRACK;1.23.15-7;-16.45532278;-71.61791848;-1946670.392;2828338.61;NA;False; ; ;0; ; ; ; ; ; 
TRACK;1.23.15-7;-16.45517169;-71.61744596;-1946658.595;2828394.112;NA;False; ; ;0; ; ; ; ; ; 
TRACK;1.23.15-7;-16.45477028;-71.61787771;-1946606.04;2828350.43;NA;False; ; ;0; ; ; ; ; ; 
TRACK;1.23.15-7;-16.45495725;-71.61817975;-1946624.193;2828313.775;NA;False; ; ;0; ; ; ; ; ; 
TRACK;1.23.15-8; ; ;-1.516416327;20763369.87;NA; ; ; ; ; ; ; ; ; ; 
TRACK;1.23.15-8;-16.4549159;-71.61764686;-1946626.039;2828374.685;NA;False; ; ;0; ; ; ; ; ; 
TRACK;1.23.15-8;-16.45450149;-71.61726215;-1946582.225;2828423.67;NA;False; ; ;0; ; ; ; ; ; 
TRACK;1.23.15-8;-16.45425944;-71.6175364;-1946550.359;2828395.754;NA;False; ; ;0; ; ; ; ; ; 
TRACK;1.23.15-8;-16.45435069;-71.61761635;-1946560.067;2828385.507;NA;False; ; ;0; ; ; ; ; ; 
TRACK;1.23.15-8;-16.45472316;-71.61784253;-1946600.951;2828355.029;NA;False; ; ;0; ; ; ; ; ; 
TRACK;1.23.15-9; ; ;-1.516416327;20763369.87;NA; ; ; ; ; ; ; ; ; ; 
TRACK;1.23.15-9;-16.455139;-71.61741046;-1946655.205;2828398.559;NA;False; ; ;0; ; ; ; ; ; 
TRACK;1.23.15-9;-16.45496303;-71.61712466;-1946638.139;2828433.231;NA;False; ; ;0; ; ; ; ; ; 
TRACK;1.23.15-9;-16.45476362;-71.61696922;-1946616.682;2828453.439;NA;False; ; ;0; ; ; ; ; ; 
TRACK;1.23.15-9;-16.45459585;-71.61713965;-1946594.843;2828436.317;NA;False; ; ;0; ; ; ; ; ; 
TRACK;1.23.15-9;-16.45452349;-71.61723634;-1946585.133;2828426.307;NA;False; ; ;0; ; ; ; ; ; 
TRACK;1.23.15-9;-16.45494246;-71.61760181;-1946629.724;2828379.443;NA;False; ; ;0; ; ; ; ; ; 
TRACK;1.23.15-10; ; ;-1.516416327;20763369.87;NA; ; ; ; ; ; ; ; ; ; 
TRACK;1.23.15-10;-16.45473211;-71.61690938;-1946613.736;2828460.63;NA;False; ; ;0; ; ; ; ; ; 
TRACK;1.23.15-10;-16.45405595;-71.61667242;-1946537.334;2828496.286;NA;False; ; ;0; ; ; ; ; ; 
TRACK;1.23.15-10;-16.45394316;-71.61663052;-1946524.619;2828502.503;NA;False; ; ;0; ; ; ; ; ; 
TRACK;1.23.15-10;-16.45391127;-71.61663168;-1946520.861;2828502.788;NA;False; ; ;0; ; ; ; ; ; 
TRACK;1.23.15-10;-16.45389113;-71.61664092;-1946518.38;2828502.003;NA;False; ; ;0; ; ; ; ; ; 
TRACK;1.23.15-10;-16.45389441;-71.61665784;-1946518.552;2828500.044;NA;False; ; ;0; ; ; ; ; ; 
TRACK;1.23.15-10;-16.45449563;-71.61720786;-1946582.22;2828429.896;NA;False; ; ;0; ; ; ; ; ; 
TRACK;1.23.15-11; ; ;-1.516416327;20763369.87;NA; ; ; ; ; ; ; ; ; ; 
TRACK;1.23.15-11;-16.45447199;-71.61724626;-1946578.962;2828425.854;NA;False; ; ;0; ; ; ; ; ; 
TRACK;1.23.15-11;-16.45384055;-71.61666533;-1946512.135;2828499.896;NA;False; ; ;0; ; ; ; ; ; 
TRACK;1.23.15-11;-16.45382442;-71.61660667;-1946510.979;2828506.752;NA;False; ; ;0; ; ; ; ; ; 
TRACK;1.23.15-11;-16.45377425;-71.61656655;-1946505.593;2828511.952;NA;False; ; ;0; ; ; ; ; ; 
TRACK;1.23.15-11;-16.45368655;-71.6167282;-1946493.265;2828494.781;NA;False; ; ;0; ; ; ; ; ; 
TRACK;1.23.15-11;-16.45351142;-71.61665174;-1946473.665;2828505.726;NA;False; ; ;0; ; ; ; ; ; 
TRACK;1.23.15-11;-16.45343137;-71.61660653;-1946464.836;2828511.89;NA;False; ; ;0; ; ; ; ; ; 
TRACK;1.23.15-11;-16.45336758;-71.61658914;-1946457.565;2828514.692;NA;False; ; ;0; ; ; ; ; ; 
TRACK;1.23.15-11;-16.45332826;-71.61670129;-1946451.538;2828502.499;NA;False; ; ;0; ; ; ; ; ; 
TRACK;1.23.15-11;-16.45423935;-71.61750509;-1946548.394;2828399.563;NA;False; ; ;0; ; ; ; ; ; 
TRACK;1.23.15-12; ; ;-1.516416327;20763369.87;NA; ; ; ; ; ; ; ; ; ; 
TRACK;1.23.15-12;-16.45378457;-71.6176411;-1946493.292;2828390.08;NA;False; ; ;0; ; ; ; ; ; 
TRACK;1.23.15-12;-16.45354945;-71.61737943;-1946468.979;2828422.789;NA;False; ; ;0; ; ; ; ; ; 
TRACK;1.23.15-12;-16.45324046;-71.61768506;-1946428.861;2828392.189;NA;False; ; ;0; ; ; ; ; ; 
TRACK;1.23.15-12;-16.45346884;-71.61789114;-1946453.081;2828365.867;NA;False; ; ;0; ; ; ; ; ; 
TRACK;1.23.15-13; ; ;-1.516416327;20763369.87;NA; ; ; ; ; ; ; ; ; ; 
TRACK;1.23.15-13;-16.45292626;-71.6181759;-1946385.802;2828340.675;NA;False; ; ;0; ; ; ; ; ; 
TRACK;1.23.15-13;-16.45280267;-71.61815712;-1946371.528;2828344.413;NA;False; ; ;0; ; ; ; ; ; 
TRACK;1.23.15-13;-16.45265919;-71.61813517;-1946354.96;2828348.769;NA;False; ; ;0; ; ; ; ; ; 
TRACK;1.23.15-13;-16.45254111;-71.61818496;-1946340.47;2828344.667;NA;False; ; ;0; ; ; ; ; ; 
TRACK;1.23.15-13;-16.45324639;-71.61873599;-1946416.342;2828273.052;NA;False; ; ;0; ; ; ; ; ; 
TRACK;1.23.15-13;-16.4533694;-71.61858819;-1946432.643;2828288.192;NA;False; ; ;0; ; ; ; ; ; 
TRACK;1.23.16-1; ; ;-1.516416327;20763369.87;NA; ; ; ; ; ; ; ; ; ; 
TRACK;1.23.16-1;-16.45584799;-71.61831255;-1946727.096;2828287.122;NA;False; ; ;0; ; ; ; ; ; 
TRACK;1.23.16-1;-16.45592527;-71.61857457;-1946732.874;2828256.432;NA;False; ; ;0; ; ; ; ; ; 
TRACK;1.23.16-1;-16.45598529;-71.6187442;-1946737.787;2828236.432;NA;False; ; ;0; ; ; ; ; ; 
TRACK;1.23.16-1;-16.45607271;-71.61882907;-1946746.983;2828225.678;NA;False; ; ;0; ; ; ; ; ; 
TRACK;1.23.16-1;-16.4561481;-71.61892109;-1946754.677;2828214.27;NA;False; ; ;0; ; ; ; ; ; 
TRACK;1.23.16-1;-16.45623944;-71.61907421;-1946763.474;2828195.734;NA;False; ; ;0; ; ; ; ; ; 
TRACK;1.23.16-1;-16.45644066;-71.6193974;-1946783.033;2828156.498;NA;False; ; ;0; ; ; ; ; ; 
TRACK;1.23.16-1;-16.45666111;-71.61964555;-1946805.793;2828125.513;NA;False; ; ;0; ; ; ; ; ; 
TRACK;1.23.16-1;-16.45708803;-71.61944019;-1946858.495;2828143.215;NA;False; ; ;0; ; ; ; ; ; 
TRACK;1.23.16-1;-16.45756661;-71.61932712;-1946916.103;2828149.787;NA;False; ; ;0; ; ; ; ; ; 
TRACK;1.23.16-1;-16.45750199;-71.61899333;-1946912.714;2828188.443;NA;False; ; ;0; ; ; ; ; ; 
TRACK;1.23.16-1;-16.45687938;-71.6191569;-1946837.563;2828178.027;NA;False; ; ;0; ; ; ; ; ; 
TRACK;1.23.16-1;-16.45650397;-71.61877194;-1946798.331;2828226.53;NA;False; ; ;0; ; ; ; ; ; 
TRACK;1.23.16-1;-16.45635102;-71.61835218;-1946785.653;2828276.077;NA;False; ; ;0; ; ; ; ; ; 
TRACK;1.23.16-1;-16.45649243;-71.61734237;-1946814.954;2828388.635;NA;False; ; ;0; ; ; ; ; ; 
TRACK;1.23.16-1;-16.4564703;-71.61723433;-1946813.715;2828401.163;NA;False; ; ;0; ; ; ; ; ; 
TRACK;1.23.16-1;-16.45558898;-71.61739099;-1946708.277;2828394.901;NA;False; ; ;0; ; ; ; ; ; 
TRACK;1.23.16-1;-16.45574872;-71.61796494;-1946719.813;2828327.796;NA;False; ; ;0; ; ; ; ; ; 
TRACK;1.23.16-2; ; ;-1.516416327;20763369.87;NA; ; ; ; ; ; ; ; ; ; 
TRACK;1.23.16-2;-16.45671744;-71.61685999;-1946847.437;2828440.351;NA;False; ; ;0; ; ; ; ; ; 
TRACK;1.23.16-2;-16.45519177;-71.61690244;-1946667.788;2828455.425;NA;False; ; ;0; ; ; ; ; ; 
TRACK;1.23.16-2;-16.45514692;-71.61701224;-1946661.142;2828443.571;NA;False; ; ;0; ; ; ; ; ; 
TRACK;1.23.16-2;-16.455468;-71.61736649;-1946694.382;2828399.253;NA;False; ; ;0; ; ; ; ; ; 
TRACK;1.23.16-2;-16.45677286;-71.61710762;-1946850.829;2828411.575;NA;False; ; ;0; ; ; ; ; ; 
TRACK;1.23.16-3; ; ;-1.516416327;20763369.87;NA; ; ; ; ; ; ; ; ; ; 
TRACK;1.23.16-3;-16.45492905;-71.61685;-1946637.604;2828464.791;NA;False; ; ;0; ; ; ; ; ; 
TRACK;1.23.16-3;-16.45499149;-71.61672753;-1946646.475;2828477.851;NA;False; ; ;0; ; ; ; ; ; 
TRACK;1.23.16-3;-16.45489643;-71.61660033;-1946636.914;2828493.5;NA;False; ; ;0; ; ; ; ; ; 
TRACK;1.23.16-3;-16.45467388;-71.61628854;-1946614.707;2828531.724;NA;False; ; ;0; ; ; ; ; ; 
TRACK;1.23.16-3;-16.45462183;-71.6162367;-1946609.249;2828538.275;NA;False; ; ;0; ; ; ; ; ; 
TRACK;1.23.16-3;-16.45457911;-71.61620257;-1946604.662;2828542.699;NA;False; ; ;0; ; ; ; ; ; 
TRACK;1.23.16-3;-16.45452976;-71.61618736;-1946599.06;2828545.065;NA;False; ; ;0; ; ; ; ; ; 
TRACK;1.23.16-3;-16.45443506;-71.61618374;-1946587.988;2828546.709;NA;False; ; ;0; ; ; ; ; ; 
TRACK;1.23.16-3;-16.45434331;-71.6162045;-1946576.955;2828545.553;NA;False; ; ;0; ; ; ; ; ; 
TRACK;1.23.16-3;-16.45426215;-71.61620527;-1946567.416;2828546.524;NA;False; ; ;0; ; ; ; ; ; 
TRACK;1.23.16-3;-16.45419568;-71.61619087;-1946559.794;2828549.021;NA;False; ; ;0; ; ; ; ; ; 
TRACK;1.23.16-3;-16.45428155;-71.616589;-1946564.869;2828502.797;NA;False; ; ;0; ; ; ; ; ; 
TRACK;1.23.16-4; ; ;-1.516416327;20763369.87;NA; ; ; ; ; ; ; ; ; ; 
TRACK;1.23.16-4;-16.45541621;-71.61658373;-1946698.146;2828488.607;NA;False; ; ;0; ; ; ; ; ; 
TRACK;1.23.16-4;-16.45516717;-71.61628257;-1946672.696;2828525.971;NA;False; ; ;0; ; ; ; ; ; 
TRACK;1.23.16-4;-16.45528925;-71.61608717;-1946689.485;2828546.518;NA;False; ; ;0; ; ; ; ; ; 
TRACK;1.23.16-4;-16.4549937;-71.61577935;-1946658.658;2828585.243;NA;False; ; ;0; ; ; ; ; ; 
TRACK;1.23.16-4;-16.45490169;-71.61569006;-1946648.979;2828596.558;NA;False; ; ;0; ; ; ; ; ; 
TRACK;1.23.16-4;-16.45481994;-71.61559109;-1946640.626;2828608.836;NA;False; ; ;0; ; ; ; ; ; 
TRACK;1.23.16-4;-16.45466325;-71.6157602;-1946620.103;2828591.719;NA;False; ; ;0; ; ; ; ; ; 
TRACK;1.23.16-4;-16.45452987;-71.61586118;-1946603.175;2828582.017;NA;False; ; ;0; ; ; ; ; ; 
TRACK;1.23.16-4;-16.45459852;-71.61607867;-1946608.5;2828556.483;NA;False; ; ;0; ; ; ; ; ; 
TRACK;1.23.16-4;-16.4546633;-71.61613782;-1946615.36;2828548.938;NA;False; ; ;0; ; ; ; ; ; 
TRACK;1.23.16-4;-16.45516033;-71.6168672;-1946664.54;2828459.828;NA;False; ; ;0; ; ; ; ; ; 
TRACK;1.23.16-5; ; ;-1.516416327;20763369.87;NA; ; ; ; ; ; ; ; ; ; 
TRACK;1.23.16-5;-16.45451565;-71.61589065;-1946601.135;2828578.864;NA;False; ; ;0; ; ; ; ; ; 
TRACK;1.23.16-5;-16.45391791;-71.61595429;-1946530.159;2828579.444;NA;False; ; ;0; ; ; ; ; ; 
TRACK;1.23.16-5;-16.45416057;-71.61612834;-1946556.458;2828556.563;NA;False; ; ;0; ; ; ; ; ; 
TRACK;1.23.16-5;-16.45458027;-71.61609683;-1946606.128;2828554.663;NA;False; ; ;0; ; ; ; ; ; 
TRACK;1.23.16-6; ; ;-1.516416327;20763369.87;NA; ; ; ; ; ; ; ; ; ; 
TRACK;1.23.16-6;-16.45419219;-71.61638202;-1946556.98;2828527.411;NA;False; ; ;0; ; ; ; ; ; 
TRACK;1.23.16-6;-16.45416966;-71.61618463;-1946556.818;2828550.067;NA;False; ; ;0; ; ; ; ; ; 
TRACK;1.23.16-6;-16.45382804;-71.61596811;-1946519.434;2828579.049;NA;False; ; ;0; ; ; ; ; ; 
TRACK;1.23.16-6;-16.4537004;-71.61616207;-1946502.009;2828558.739;NA;False; ; ;0; ; ; ; ; ; 
TRACK;1.23.16-6;-16.45361674;-71.61627481;-1946490.77;2828547.056;NA;False; ; ;0; ; ; ; ; ; 
TRACK;1.23.16-6;-16.45425306;-71.61657263;-1946561.73;2828505.023;NA;False; ; ;0; ; ; ; ; ; 
TRACK;1.23.16-7; ; ;-1.516416327;20763369.87;NA; ; ; ; ; ; ; ; ; ; 
TRACK;1.23.16-7;-16.45378881;-71.61596135;-1946514.913;2828580.327;NA;False; ; ;0; ; ; ; ; ; 
TRACK;1.23.16-7;-16.45365951;-71.61592236;-1946500.224;2828586.429;NA;False; ; ;0; ; ; ; ; ; 
TRACK;1.23.16-7;-16.45348612;-71.61589618;-1946480.197;2828591.654;NA;False; ; ;0; ; ; ; ; ; 
TRACK;1.23.16-7;-16.45339456;-71.61584903;-1946470.04;2828598.189;NA;False; ; ;0; ; ; ; ; ; 
TRACK;1.23.16-7;-16.45324623;-71.616033;-1946450.312;2828579.28;NA;False; ; ;0; ; ; ; ; ; 
TRACK;1.23.16-7;-16.45336181;-71.61612782;-1946462.689;2828567.031;NA;False; ; ;0; ; ; ; ; ; 
TRACK;1.23.16-7;-16.45358477;-71.61624769;-1946487.357;2828550.545;NA;False; ; ;0; ; ; ; ; ; 
TRACK;1.23.16-8; ; ;-1.516416327;20763369.87;NA; ; ; ; ; ; ; ; ; ; 
TRACK;1.23.16-8;-16.45339248;-71.61581373;-1946470.239;2828602.215;NA;False; ; ;0; ; ; ; ; ; 
TRACK;1.23.16-8;-16.45330034;-71.61561349;-1946461.94;2828626.102;NA;False; ; ;0; ; ; ; ; ; 
TRACK;1.23.16-8;-16.4531956;-71.6154674;-1946451.48;2828644.018;NA;False; ; ;0; ; ; ; ; ; 
TRACK;1.23.16-8;-16.4532045;-71.61540444;-1946453.317;2828651.035;NA;False; ; ;0; ; ; ; ; ; 
TRACK;1.23.16-8;-16.45324422;-71.61524056;-1946460.041;2828669.083;NA;False; ; ;0; ; ; ; ; ; 
TRACK;1.23.16-8;-16.4531721;-71.61522787;-1946451.733;2828671.461;NA;False; ; ;0; ; ; ; ; ; 
TRACK;1.23.16-8;-16.45309601;-71.61523231;-1946442.745;2828671.95;NA;False; ; ;0; ; ; ; ; ; 
TRACK;1.23.16-8;-16.45296086;-71.6152626;-1946426.497;2828670.279;NA;False; ; ;0; ; ; ; ; ; 
TRACK;1.23.16-8;-16.45294946;-71.61542111;-1946423.166;2828652.47;NA;False; ; ;0; ; ; ; ; ; 
TRACK;1.23.16-8;-16.45305769;-71.61573935;-1946431.869;2828615.005;NA;False; ; ;0; ; ; ; ; ; 
TRACK;1.23.16-8;-16.45312814;-71.61589485;-1946438.185;2828596.47;NA;False; ; ;0; ; ; ; ; ; 
TRACK;1.23.16-8;-16.45321527;-71.61601777;-1946446.869;2828581.408;NA;False; ; ;0; ; ; ; ; ; 
TRACK;1.23.16-9; ; ;-1.516416327;20763369.87;NA; ; ; ; ; ; ; ; ; ; 
TRACK;1.23.16-9;-16.45342548;-71.6157063;-1946475.464;2828613.957;NA;False; ; ;0; ; ; ; ; ; 
TRACK;1.23.16-9;-16.45356897;-71.61578537;-1946491.317;2828603.128;NA;False; ; ;0; ; ; ; ; ; 
TRACK;1.23.16-9;-16.4537169;-71.61583416;-1946508.07;2828595.673;NA;False; ; ;0; ; ; ; ; ; 
TRACK;1.23.16-9;-16.45384702;-71.61587882;-1946522.785;2828588.917;NA;False; ; ;0; ; ; ; ; ; 
TRACK;1.23.16-9;-16.45380137;-71.61551587;-1946521.99;2828630.632;NA;False; ; ;0; ; ; ; ; ; 
TRACK;1.23.16-9;-16.45360028;-71.61552088;-1946498.319;2828632.685;NA;False; ; ;0; ; ; ; ; ; 
TRACK;1.23.16-9;-16.45335853;-71.6153535;-1946472.041;2828654.798;NA;False; ; ;0; ; ; ; ; ; 
TRACK;1.23.16-9;-16.4532412;-71.61548222;-1946456.648;2828641.745;NA;False; ; ;0; ; ; ; ; ; 
TRACK;1.23.16-9;-16.45331771;-71.61559639;-1946464.194;2828627.813;NA;False; ; ;0; ; ; ; ; ; 
TRACK;1.23.16-10; ; ;-1.516416327;20763369.87;NA; ; ; ; ; ; ; ; ; ; 
TRACK;1.23.16-10;-16.45408232;-71.61588824;-1946550.292;2828584.784;NA;False; ; ;0; ; ; ; ; ; 
TRACK;1.23.16-10;-16.45408361;-71.61558729;-1946554.227;2828618.863;NA;False; ; ;0; ; ; ; ; ; 
TRACK;1.23.16-10;-16.45406287;-71.6154887;-1946553.032;2828630.302;NA;False; ; ;0; ; ; ; ; ; 
TRACK;1.23.16-10;-16.45384902;-71.61552356;-1946527.487;2828629.14;NA;False; ; ;0; ; ; ; ; ; 
TRACK;1.23.16-10;-16.45388653;-71.61590982;-1946527.033;2828584.891;NA;False; ; ;0; ; ; ; ; ; 
TRACK;1.23.16-11; ; ;-1.516416327;20763369.87;NA; ; ; ; ; ; ; ; ; ; 
TRACK;1.23.16-11;-16.45451369;-71.61578617;-1946602.219;2828590.726;NA;False; ; ;0; ; ; ; ; ; 
TRACK;1.23.16-11;-16.45447933;-71.61540508;-1946602.977;2828634.348;NA;False; ; ;0; ; ; ; ; ; 
TRACK;1.23.16-11;-16.45409017;-71.61547469;-1946556.413;2828631.534;NA;False; ; ;0; ; ; ; ; ; 
TRACK;1.23.16-11;-16.45414695;-71.61591282;-1946557.569;2828581.157;NA;False; ; ;0; ; ; ; ; ; 
TRACK;1.23.16-11;-16.45433982;-71.61587408;-1946580.701;2828583.032;NA;False; ; ;0; ; ; ; ; ; 
TRACK;1.23.16-12; ; ;-1.516416327;20763369.87;NA; ; ; ; ; ; ; ; ; ; 
TRACK;1.23.16-12;-16.45664604;-71.61682291;-1946839.521;2828445.483;NA;False; ; ;0; ; ; ; ; ; 
TRACK;1.23.16-12;-16.4567179;-71.61645572;-1946852.576;2828486.145;NA;False; ; ;0; ; ; ; ; ; 
TRACK;1.23.16-12;-16.45623051;-71.6164325;-1946795.648;2828495.128;NA;False; ; ;0; ; ; ; ; ; 
TRACK;1.23.16-12;-16.45616014;-71.61682529;-1946782.447;2828451.545;NA;False; ; ;0; ; ; ; ; ; 
TRACK;1.23.16-13; ; ;-1.516416327;20763369.87;NA; ; ; ; ; ; ; ; ; ; 
TRACK;1.23.16-13;-16.4577064;-71.62055485;-1946917.075;2828008.879;NA;False; ; ;0; ; ; ; ; ; 
TRACK;1.23.16-13;-16.45717481;-71.61993289;-1946862.488;2828086.267;NA;False; ; ;0; ; ; ; ; ; 
TRACK;1.23.16-13;-16.45735243;-71.61969534;-1946886.328;2828110.864;NA;False; ; ;0; ; ; ; ; ; 
TRACK;1.23.16-13;-16.4572127;-71.61948142;-1946872.614;2828136.918;NA;False; ; ;0; ; ; ; ; ; 
TRACK;1.23.16-13;-16.45670921;-71.619734;-1946810.328;2828114.866;NA;False; ; ;0; ; ; ; ; ; 
TRACK;1.23.16-13;-16.45741096;-71.62080286;-1946879.273;2827984.633;NA;False; ; ;0; ; ; ; ; ; 
TRACK;1.23.17-1; ; ;-1.516416327;20763369.87;NA; ; ; ; ; ; ; ; ; ; 
TRACK;1.23.17-1;-16.4532524;-71.61520831;-1946461.407;2828672.63;NA;False; ; ;0; ; ; ; ; ; 
TRACK;1.23.17-1;-16.45349141;-71.61537751;-1946487.339;2828650.347;NA;False; ; ;0; ; ; ; ; ; 
TRACK;1.23.17-1;-16.45365086;-71.61550318;-1946504.479;2828634.031;NA;False; ; ;0; ; ; ; ; ; 
TRACK;1.23.17-1;-16.45379604;-71.61548072;-1946521.806;2828634.684;NA;False; ; ;0; ; ; ; ; ; 
TRACK;1.23.17-1;-16.45368603;-71.61493245;-1946515.786;2828698.232;NA;False; ; ;0; ; ; ; ; ; 
TRACK;1.23.17-1;-16.45304379;-71.61496367;-1946439.992;2828703.066;NA;False; ; ;0; ; ; ; ; ; 
TRACK;1.23.17-1;-16.45300521;-71.6152219;-1946432.216;2828674.312;NA;False; ; ;0; ; ; ; ; ; 
TRACK;1.23.17-2; ; ;-1.516416327;20763369.87;NA; ; ; ; ; ; ; ; ; ; 
TRACK;1.23.17-2;-16.45402893;-71.61545781;-1946549.436;2828634.245;NA;False; ; ;0; ; ; ; ; ; 
TRACK;1.23.17-2;-16.45393052;-71.61491593;-1946544.697;2828696.918;NA;False; ; ;0; ; ; ; ; ; 
TRACK;1.23.17-2;-16.4537393;-71.61492807;-1946522.095;2828698.034;NA;False; ; ;0; ; ; ; ; ; 
TRACK;1.23.17-2;-16.45384458;-71.61548145;-1946527.495;2828633.969;NA;False; ; ;0; ; ; ; ; ; 
TRACK;1.23.17-3; ; ;-1.516416327;20763369.87;NA; ; ; ; ; ; ; ; ; ; 
TRACK;1.23.17-3;-16.45432499;-71.61489262;-1946591.302;2828694.417;NA;False; ; ;0; ; ; ; ; ; 
TRACK;1.23.17-3;-16.45490789;-71.61484699;-1946660.31;2828691.99;NA;False; ; ;0; ; ; ; ; ; 
TRACK;1.23.17-3;-16.45490006;-71.61467026;-1946661.613;2828712.114;NA;False; ; ;0; ; ; ; ; ; 
TRACK;1.23.17-3;-16.45412912;-71.61465829;-1946571.254;2828723.518;NA;False; ; ;0; ; ; ; ; ; 
TRACK;1.23.17-3;-16.45411316;-71.61489609;-1946566.389;2828696.785;NA;False; ; ;0; ; ; ; ; ; 
TRACK;1.23.17-3;-16.45398705;-71.61492176;-1946551.26;2828695.521;NA;False; ; ;0; ; ; ; ; ; 
TRACK;1.23.17-3;-16.45406969;-71.61544776;-1946554.347;2828634.851;NA;False; ; ;0; ; ; ; ; ; 
TRACK;1.23.17-3;-16.45434864;-71.61539543;-1946587.755;2828637.144;NA;False; ; ;0; ; ; ; ; ; 
TRACK;1.23.17-4; ; ;-1.516416327;20763369.87;NA; ; ; ; ; ; ; ; ; ; 
TRACK;1.23.17-4;-16.45445873;-71.61461517;-1946610.494;2828724.108;NA;False; ; ;0; ; ; ; ; ; 
TRACK;1.23.17-4;-16.45491947;-71.61463738;-1946664.306;2828715.586;NA;False; ; ;0; ; ; ; ; ; 
TRACK;1.23.17-4;-16.45515124;-71.61462428;-1946691.681;2828714.05;NA;False; ; ;0; ; ; ; ; ; 
TRACK;1.23.17-4;-16.4554639;-71.6146289;-1946728.331;2828709.451;NA;False; ; ;0; ; ; ; ; ; 
TRACK;1.23.17-4;-16.45543304;-71.61421323;-1946729.936;2828756.945;NA;False; ; ;0; ; ; ; ; ; 
TRACK;1.23.17-4;-16.4550675;-71.61423351;-1946686.766;2828759.413;NA;False; ; ;0; ; ; ; ; ; 
TRACK;1.23.17-4;-16.45475075;-71.61424155;-1946649.476;2828762.63;NA;False; ; ;0; ; ; ; ; ; 
TRACK;1.23.17-4;-16.45432409;-71.61421876;-1946599.671;2828770.773;NA;False; ; ;0; ; ; ; ; ; 
TRACK;1.23.17-4;-16.45415718;-71.61420232;-1946580.283;2828774.81;NA;False; ; ;0; ; ; ; ; ; 
TRACK;1.23.17-4;-16.45417242;-71.61461329;-1946576.904;2828728.053;NA;False; ; ;0; ; ; ; ; ; 
TRACK;1.23.17-5; ; ;-1.516416327;20763369.87;NA; ; ; ; ; ; ; ; ; ; 
TRACK;1.23.17-5;-16.45550378;-71.61413202;-1946739.262;2828765.224;NA;False; ; ;0; ; ; ; ; ; 
TRACK;1.23.17-5;-16.45545254;-71.6137664;-1946737.845;2828807.313;NA;False; ; ;0; ; ; ; ; ; 
TRACK;1.23.17-5;-16.45486102;-71.61381589;-1946667.777;2828809.417;NA;False; ; ;0; ; ; ; ; ; 
TRACK;1.23.17-5;-16.45485773;-71.61356635;-1946670.528;2828837.731;NA;False; ; ;0; ; ; ; ; ; 
TRACK;1.23.17-5;-16.45414425;-71.61360563;-1946586.27;2828842.581;NA;False; ; ;0; ; ; ; ; ; 
TRACK;1.23.17-5;-16.45413688;-71.61412581;-1946578.861;2828783.744;NA;False; ; ;0; ; ; ; ; ; 
TRACK;1.23.17-5;-16.4549507;-71.61416907;-1946673.863;2828768.235;NA;False; ; ;0; ; ; ; ; ; 
TRACK;1.23.17-6; ; ;-1.516416327;20763369.87;NA; ; ; ; ; ; ; ; ; ; 
TRACK;1.23.17-6;-16.45458388;-71.61354928;-1946638.593;2828843.234;NA;False; ; ;0; ; ; ; ; ; 
TRACK;1.23.17-6;-16.45514314;-71.61346043;-1946705.369;2828846.01;NA;False; ; ;0; ; ; ; ; ; 
TRACK;1.23.17-6;-16.45504757;-71.61330092;-1946696.155;2828865.328;NA;False; ; ;0; ; ; ; ; ; 
TRACK;1.23.17-6;-16.45495282;-71.6131289;-1946687.195;2828886.052;NA;False; ; ;0; ; ; ; ; ; 
TRACK;1.23.17-6;-16.45489213;-71.61312951;-1946680.063;2828886.774;NA;False; ; ;0; ; ; ; ; ; 
TRACK;1.23.17-6;-16.45444625;-71.61314775;-1946627.485;2828890.519;NA;False; ; ;0; ; ; ; ; ; 
TRACK;1.23.17-6;-16.45409496;-71.6131661;-1946586.011;2828893.019;NA;False; ; ;0; ; ; ; ; ; 
TRACK;1.23.17-6;-16.45414462;-71.61355235;-1946586.983;2828848.612;NA;False; ; ;0; ; ; ; ; ; 
TRACK;1.23.17-7; ; ;-1.516416327;20763369.87;NA; ; ; ; ; ; ; ; ; ; 
TRACK;1.23.17-7;-16.45545949;-71.6136079;-1946740.655;2828825.18;NA;False; ; ;0; ; ; ; ; ; 
TRACK;1.23.17-7;-16.45554277;-71.61348005;-1946752.041;2828838.579;NA;False; ; ;0; ; ; ; ; ; 
TRACK;1.23.17-7;-16.45554128;-71.61332278;-1946753.844;2828856.416;NA;False; ; ;0; ; ; ; ; ; 
TRACK;1.23.17-7;-16.45558634;-71.61324311;-1946760.137;2828864.854;NA;False; ; ;0; ; ; ; ; ; 
TRACK;1.23.17-7;-16.45529511;-71.61302277;-1946728.716;2828893.613;NA;False; ; ;0; ; ; ; ; ; 
TRACK;1.23.17-7;-16.45510746;-71.61323906;-1946703.965;2828871.556;NA;False; ; ;0; ; ; ; ; ; 
TRACK;1.23.17-7;-16.45519933;-71.61341787;-1946712.502;2828850.1;NA;False; ; ;0; ; ; ; ; ; 
TRACK;1.23.17-8; ; ;-1.516416327;20763369.87;NA; ; ; ; ; ; ; ; ; ; 
TRACK;1.23.17-8;-16.45475518;-71.61310491;-1946664.293;2828891.346;NA;False; ; ;0; ; ; ; ; ; 
TRACK;1.23.17-8;-16.45469735;-71.61298055;-1946659.068;2828906.189;NA;False; ; ;0; ; ; ; ; ; 
TRACK;1.23.17-8;-16.45465496;-71.61289574;-1946655.158;2828916.349;NA;False; ; ;0; ; ; ; ; ; 
TRACK;1.23.17-8;-16.45458506;-71.61279566;-1946648.21;2828928.599;NA;False; ; ;0; ; ; ; ; ; 
TRACK;1.23.17-8;-16.45449689;-71.6127262;-1946638.732;2828937.618;NA;False; ; ;0; ; ; ; ; ; 
TRACK;1.23.17-8;-16.45439443;-71.61266916;-1946627.42;2828945.415;NA;False; ; ;0; ; ; ; ; ; 
TRACK;1.23.17-8;-16.45434426;-71.61272288;-1946620.855;2828939.983;NA;False; ; ;0; ; ; ; ; ; 
TRACK;1.23.17-8;-16.45438747;-71.6127825;-1946625.177;2828932.665;NA;False; ; ;0; ; ; ; ; ; 
TRACK;1.23.17-8;-16.45441216;-71.61284559;-1946627.283;2828925.196;NA;False; ; ;0; ; ; ; ; ; 
TRACK;1.23.17-8;-16.45443649;-71.61293677;-1946628.992;2828914.549;NA;False; ; ;0; ; ; ; ; ; 
TRACK;1.23.17-8;-16.45440369;-71.61312279;-1946622.802;2828893.902;NA;False; ; ;0; ; ; ; ; ; 
TRACK;1.23.17-9; ; ;-1.516416327;20763369.87;NA; ; ; ; ; ; ; ; ; ; 
TRACK;1.23.17-9;-16.45435026;-71.61313417;-1946616.386;2828893.308;NA;False; ; ;0; ; ; ; ; ; 
TRACK;1.23.17-9;-16.45437437;-71.6130063;-1946620.825;2828907.481;NA;False; ; ;0; ; ; ; ; ; 
TRACK;1.23.17-9;-16.45437425;-71.61287159;-1946622.505;2828922.744;NA;False; ; ;0; ; ; ; ; ; 
TRACK;1.23.17-9;-16.45433544;-71.61276315;-1946619.313;2828935.536;NA;False; ; ;0; ; ; ; ; ; 
TRACK;1.23.17-9;-16.45424998;-71.61267179;-1946610.428;2828947;NA;False; ; ;0; ; ; ; ; ; 
TRACK;1.23.17-9;-16.45384118;-71.61235669;-1946566.397;2828988.028;NA;False; ; ;0; ; ; ; ; ; 
TRACK;1.23.17-9;-16.45383926;-71.61243608;-1946565.173;2828979.058;NA;False; ; ;0; ; ; ; ; ; 
TRACK;1.23.17-9;-16.45385333;-71.61248944;-1946566.154;2828972.83;NA;False; ; ;0; ; ; ; ; ; 
TRACK;1.23.17-9;-16.45386336;-71.61257191;-1946566.295;2828963.356;NA;False; ; ;0; ; ; ; ; ; 
TRACK;1.23.17-9;-16.45388904;-71.61267142;-1946568.057;2828951.747;NA;False; ; ;0; ; ; ; ; ; 
TRACK;1.23.17-9;-16.45388905;-71.61267958;-1946567.955;2828950.823;NA;False; ; ;0; ; ; ; ; ; 
TRACK;1.23.17-9;-16.45388905;-71.61268284;-1946567.915;2828950.453;NA;False; ; ;0; ; ; ; ; ; 
TRACK;1.23.17-9;-16.45408228;-71.61314181;-1946584.828;2828895.936;NA;False; ; ;0; ; ; ; ; ; 
TRACK;1.23.17-10; ; ;-1.516416327;20763369.87;NA; ; ; ; ; ; ; ; ; ; 
TRACK;1.23.17-10;-16.45381731;-71.61258186;-1946560.762;2828962.829;NA;False; ; ;0; ; ; ; ; ; 
TRACK;1.23.17-10;-16.45370581;-71.61222034;-1946552.219;2829005.24;NA;False; ; ;0; ; ; ; ; ; 
TRACK;1.23.17-10;-16.45363702;-71.61215919;-1946544.911;2829013.065;NA;False; ; ;0; ; ; ; ; ; 
TRACK;1.23.17-10;-16.45329194;-71.61204272;-1946505.863;2829030.759;NA;False; ; ;0; ; ; ; ; ; 
TRACK;1.23.17-10;-16.45324053;-71.61229751;-1946496.623;2829002.562;NA;False; ; ;0; ; ; ; ; ; 
TRACK;1.23.17-10;-16.45350063;-71.61264212;-1946522.825;2828960.129;NA;False; ; ;0; ; ; ; ; ; 
TRACK;1.23.17-11; ; ;-1.516416327;20763369.87;NA; ; ; ; ; ; ; ; ; ; 
TRACK;1.23.17-11;-16.45407104;-71.61355254;-1946578.342;2828849.549;NA;False; ; ;0; ; ; ; ; ; 
TRACK;1.23.17-11;-16.45403881;-71.6132933;-1946577.82;2828879.34;NA;False; ; ;0; ; ; ; ; ; 
TRACK;1.23.17-11;-16.45401099;-71.61307946;-1946577.243;2828903.929;NA;False; ; ;0; ; ; ; ; ; 
TRACK;1.23.17-11;-16.45396823;-71.61296535;-1946573.658;2828917.414;NA;False; ; ;0; ; ; ; ; ; 
TRACK;1.23.17-11;-16.45389892;-71.61283717;-1946567.133;2828932.84;NA;False; ; ;0; ; ; ; ; ; 
TRACK;1.23.17-11;-16.45383479;-71.61272146;-1946561.059;2828946.785;NA;False; ; ;0; ; ; ; ; ; 
TRACK;1.23.17-11;-16.45380266;-71.61260527;-1946558.748;2828960.367;NA;False; ; ;0; ; ; ; ; ; 
TRACK;1.23.17-11;-16.45351227;-71.61266475;-1946523.907;2828957.413;NA;False; ; ;0; ; ; ; ; ; 
TRACK;1.23.17-11;-16.45355652;-71.61284391;-1946526.849;2828936.539;NA;False; ; ;0; ; ; ; ; ; 
TRACK;1.23.17-11;-16.453661;-71.61360679;-1946529.52;2828848.747;NA;False; ; ;0; ; ; ; ; ; 
TRACK;1.23.17-12; ; ;-1.516416327;20763369.87;NA; ; ; ; ; ; ; ; ; ; 
TRACK;1.23.17-12;-16.45406488;-71.61417924;-1946569.737;2828778.629;NA;False; ; ;0; ; ; ; ; ; 
TRACK;1.23.17-12;-16.45359731;-71.61417784;-1946514.86;2828784.881;NA;False; ; ;0; ; ; ; ; ; 
TRACK;1.23.17-12;-16.45359808;-71.61486794;-1946506.271;2828706.687;NA;False; ; ;0; ; ; ; ; ; 
TRACK;1.23.17-12;-16.45403529;-71.61484168;-1946557.932;2828703.964;NA;False; ; ;0; ; ; ; ; ; 
TRACK;1.23.17-13; ; ;-1.516416327;20763369.87;NA; ; ; ; ; ; ; ; ; ; 
TRACK;1.23.17-13;-16.45348635;-71.61487052;-1946493.122;2828707.852;NA;False; ; ;0; ; ; ; ; ; 
TRACK;1.23.17-13;-16.45350581;-71.61400681;-1946506.269;2828805.45;NA;False; ; ;0; ; ; ; ; ; 
TRACK;1.23.17-13;-16.45301592;-71.61397649;-1946449.135;2828815.27;NA;False; ; ;0; ; ; ; ; ; 
TRACK;1.23.17-13;-16.45302679;-71.61488382;-1946439.001;2828712.334;NA;False; ; ;0; ; ; ; ; ; 
TRACK;1.23.17-14; ; ;-1.516416327;20763369.87;NA; ; ; ; ; ; ; ; ; ; 
TRACK;1.23.17-14;-16.45351439;-71.61395733;-1946507.898;2828810.944;NA;False; ; ;0; ; ; ; ; ; 
TRACK;1.23.17-14;-16.45355065;-71.61358396;-1946516.852;2828852.772;NA;False; ; ;0; ; ; ; ; ; 
TRACK;1.23.17-14;-16.45354373;-71.6133914;-1946518.46;2828874.678;NA;False; ; ;0; ; ; ; ; ; 
TRACK;1.23.17-14;-16.45349712;-71.61305356;-1946517.238;2828913.561;NA;False; ; ;0; ; ; ; ; ; 
TRACK;1.23.17-14;-16.45345266;-71.61267765;-1946516.745;2828956.729;NA;False; ; ;0; ; ; ; ; ; 
TRACK;1.23.17-14;-16.45339236;-71.61258051;-1946510.888;2828968.52;NA;False; ; ;0; ; ; ; ; ; 
TRACK;1.23.17-14;-16.45333938;-71.61252459;-1946505.371;2828975.546;NA;False; ; ;0; ; ; ; ; ; 
TRACK;1.23.17-14;-16.45302771;-71.6126299;-1946467.455;2828967.678;NA;False; ; ;0; ; ; ; ; ; 
TRACK;1.23.17-14;-16.45302793;-71.61392352;-1946451.211;2828821.114;NA;False; ; ;0; ; ; ; ; ; 
TRACK;1.23.17-15; ; ;-1.516416327;20763369.87;NA; ; ; ; ; ; ; ; ; ; 
TRACK;1.23.17-15;-16.45307056;-71.61259553;-1946472.919;2828971.013;NA;False; ; ;0; ; ; ; ; ; 
TRACK;1.23.17-15;-16.45318248;-71.6125021;-1946487.233;2828980.139;NA;False; ; ;0; ; ; ; ; ; 
TRACK;1.23.17-15;-16.45319209;-71.61233274;-1946490.492;2828999.202;NA;False; ; ;0; ; ; ; ; ; 
TRACK;1.23.17-15;-16.45323818;-71.61202073;-1946499.827;2829033.95;NA;False; ; ;0; ; ; ; ; ; 
TRACK;1.23.17-15;-16.45303785;-71.61193292;-1946477.412;2829046.51;NA;False; ; ;0; ; ; ; ; ; 
TRACK;1.23.17-15;-16.45302774;-71.61261413;-1946467.657;2828969.464;NA;False; ; ;0; ; ; ; ; ; 
TRACK;1.23.17-16; ; ;-1.516416327;20763369.87;NA; ; ; ; ; ; ; ; ; ; 
TRACK;1.23.17-16;-16.45527885;-71.61300497;-1946727.031;2828895.842;NA;False; ; ;0; ; ; ; ; ; 
TRACK;1.23.17-16;-16.45466432;-71.6125842;-1946660.176;2828951.523;NA;False; ; ;0; ; ; ; ; ; 
TRACK;1.23.17-16;-16.45450437;-71.61268554;-1946640.122;2828942.127;NA;False; ; ;0; ; ; ; ; ; 
TRACK;1.23.17-16;-16.45457908;-71.61273999;-1946648.208;2828934.984;NA;False; ; ;0; ; ; ; ; ; 
TRACK;1.23.17-16;-16.45464866;-71.61283497;-1946655.183;2828923.316;NA;False; ; ;0; ; ; ; ; ; 
TRACK;1.23.17-16;-16.45470191;-71.61290946;-1946660.498;2828914.183;NA;False; ; ;0; ; ; ; ; ; 
TRACK;1.23.17-16;-16.45472888;-71.61297325;-1946662.862;2828906.604;NA;False; ; ;0; ; ; ; ; ; 
TRACK;1.23.17-16;-16.45483583;-71.6130636;-1946674.281;2828894.975;NA;False; ; ;0; ; ; ; ; ; 
TRACK;1.23.17-16;-16.45491738;-71.61309125;-1946683.508;2828890.779;NA;False; ; ;0; ; ; ; ; ; 
TRACK;1.23.17-16;-16.45510154;-71.61319803;-1946703.785;2828876.28;NA;False; ; ;0; ; ; ; ; ; 
TRACK;1.23.17-17; ; ;-1.516416327;20763369.87;NA; ; ; ; ; ; ; ; ; ; 
TRACK;1.23.17-17;-16.45494981;-71.61485444;-1946665.138;2828690.599;NA;False; ; ;0; ; ; ; ; ; 
TRACK;1.23.17-17;-16.45554275;-71.61526601;-1946729.574;2828636.244;NA;False; ; ;0; ; ; ; ; ; 
TRACK;1.23.17-17;-16.4555617;-71.61522813;-1946732.276;2828640.289;NA;False; ; ;0; ; ; ; ; ; 
TRACK;1.23.17-17;-16.45547112;-71.61464757;-1946728.943;2828707.241;NA;False; ; ;0; ; ; ; ; ; 
TRACK;1.23.17-17;-16.45491285;-71.61464677;-1946663.411;2828714.608;NA;False; ; ;0; ; ; ; ; ; 
TRACK;1.23.17-18; ; ;-1.516416327;20763369.87;NA; ; ; ; ; ; ; ; ; ; 
TRACK;1.23.17-18;-16.45488061;-71.61380193;-1946670.252;2828810.743;NA;False; ; ;0; ; ; ; ; ; 
TRACK;1.23.17-18;-16.45545974;-71.61375755;-1946738.802;2828808.222;NA;False; ; ;0; ; ; ; ; ; 
TRACK;1.23.17-18;-16.45523001;-71.61352902;-1946714.706;2828837.108;NA;False; ; ;0; ; ; ; ; ; 
TRACK;1.23.17-18;-16.45487602;-71.61357425;-1946672.576;2828836.598;NA;False; ; ;0; ; ; ; ; ; 
TRACK;1.23.17-19; ; ;-1.516416327;20763369.87;NA; ; ; ; ; ; ; ; ; ; 
TRACK;1.23.17-19;-16.4560132;-71.61407798;-1946799.75;2828764.705;NA;False; ; ;0; ; ; ; ; ; 
TRACK;1.23.17-19;-16.45579696;-71.61353712;-1946781.165;2828828.799;NA;False; ; ;0; ; ; ; ; ; 
TRACK;1.23.17-19;-16.45554094;-71.61365252;-1946749.656;2828819.063;NA;False; ; ;0; ; ; ; ; ; 
TRACK;1.23.17-19;-16.45585235;-71.61440771;-1946776.718;2828729.447;NA;False; ; ;0; ; ; ; ; ; 
TRACK;1.23.17-19;-16.45600844;-71.61434773;-1946795.797;2828734.207;NA;False; ; ;0; ; ; ; ; ; 
TRACK;1.23.18-1; ; ;-1.516416327;20763369.87;NA; ; ; ; ; ; ; ; ; ; 
TRACK;1.23.18-1;-16.45361761;-71.61207949;-1946543.636;2829022.347;NA;False; ; ;0; ; ; ; ; ; 
TRACK;1.23.18-1;-16.45363663;-71.61198766;-1946547.024;2829032.504;NA;False; ; ;0; ; ; ; ; ; 
TRACK;1.23.18-1;-16.45374045;-71.61199175;-1946559.161;2829030.687;NA;False; ; ;0; ; ; ; ; ; 
TRACK;1.23.18-1;-16.45380016;-71.61200747;-1946565.974;2829028.127;NA;False; ; ;0; ; ; ; ; ; 
TRACK;1.23.18-1;-16.45391232;-71.61172503;-1946582.694;2829058.664;NA;False; ; ;0; ; ; ; ; ; 
TRACK;1.23.18-1;-16.45369001;-71.61167707;-1946557.198;2829066.996;NA;False; ; ;0; ; ; ; ; ; 
TRACK;1.23.18-1;-16.45354989;-71.61173618;-1946540.003;2829062.126;NA;False; ; ;0; ; ; ; ; ; 
TRACK;1.23.18-1;-16.45337003;-71.61190156;-1946516.806;2829045.734;NA;False; ; ;0; ; ; ; ; ; 
TRACK;1.23.18-1;-16.45329841;-71.61199446;-1946507.23;2829036.142;NA;False; ; ;0; ; ; ; ; ; 
TRACK;1.23.18-2; ; ;-1.516416327;20763369.87;NA; ; ; ; ; ; ; ; ; ; 
TRACK;1.23.18-2;-16.45407072;-71.61229377;-1946594.138;2828992.164;NA;False; ; ;0; ; ; ; ; ; 
TRACK;1.23.18-2;-16.45428788;-71.61196353;-1946623.787;2829026.748;NA;False; ; ;0; ; ; ; ; ; 
TRACK;1.23.18-2;-16.45425026;-71.61194607;-1946619.59;2829029.217;NA;False; ; ;0; ; ; ; ; ; 
TRACK;1.23.18-2;-16.45395738;-71.61174611;-1946587.72;2829055.689;NA;False; ; ;0; ; ; ; ; ; 
TRACK;1.23.18-2;-16.4538024;-71.61203899;-1946565.841;2829024.527;NA;False; ; ;0; ; ; ; ; ; 
TRACK;1.23.18-2;-16.4539109;-71.61215828;-1946577.079;2829009.598;NA;False; ; ;0; ; ; ; ; ; 
TRACK;1.23.18-3; ; ;-1.516416327;20763369.87;NA; ; ; ; ; ; ; ; ; ; 
TRACK;1.23.18-3;-16.45444649;-71.61246685;-1946636.077;2828967.657;NA;False; ; ;0; ; ; ; ; ; 
TRACK;1.23.18-3;-16.45467256;-71.61248493;-1946662.391;2828962.663;NA;False; ; ;0; ; ; ; ; ; 
TRACK;1.23.18-3;-16.45467334;-71.61242794;-1946663.2;2828969.108;NA;False; ; ;0; ; ; ; ; ; 
TRACK;1.23.18-3;-16.45466143;-71.61206073;-1946666.421;2829010.867;NA;False; ; ;0; ; ; ; ; ; 
TRACK;1.23.18-3;-16.4546016;-71.61207489;-1946659.219;2829010.042;NA;False; ; ;0; ; ; ; ; ; 
TRACK;1.23.18-3;-16.45450295;-71.61208662;-1946647.489;2829009.999;NA;False; ; ;0; ; ; ; ; ; 
TRACK;1.23.18-3;-16.45442005;-71.61207419;-1946637.912;2829012.488;NA;False; ; ;0; ; ; ; ; ; 
TRACK;1.23.18-3;-16.45430914;-71.61200654;-1946625.742;2829021.599;NA;False; ; ;0; ; ; ; ; ; 
TRACK;1.23.18-3;-16.45410098;-71.61230663;-1946597.529;2828990.313;NA;False; ; ;0; ; ; ; ; ; 
TRACK;1.23.18-3;-16.45431181;-71.61246104;-1946620.339;2828970.071;NA;False; ; ;0; ; ; ; ; ; 
TRACK;1.23.18-4; ; ;-1.516416327;20763369.87;NA; ; ; ; ; ; ; ; ; ; 
TRACK;1.23.18-4;-16.45498272;-71.61242385;-1946699.574;2828965.539;NA;False; ; ;0; ; ; ; ; ; 
TRACK;1.23.18-4;-16.45503025;-71.61221842;-1946707.739;2828988.193;NA;False; ; ;0; ; ; ; ; ; 
TRACK;1.23.18-4;-16.45507265;-71.61191376;-1946716.549;2829022.157;NA;False; ; ;0; ; ; ; ; ; 
TRACK;1.23.18-4;-16.45503809;-71.61190696;-1946712.577;2829023.378;NA;False; ; ;0; ; ; ; ; ; 
TRACK;1.23.18-4;-16.45491892;-71.61193256;-1946698.264;2829022.031;NA;False; ; ;0; ; ; ; ; ; 
TRACK;1.23.18-4;-16.45485122;-71.61196372;-1946689.923;2829019.383;NA;False; ; ;0; ; ; ; ; ; 
TRACK;1.23.18-4;-16.4546869;-71.61205934;-1946669.429;2829010.692;NA;False; ; ;0; ; ; ; ; ; 
TRACK;1.23.18-4;-16.45470086;-71.61249931;-1946665.534;2828960.664;NA;False; ; ;0; ; ; ; ; ; 
TRACK;1.23.18-4;-16.45495144;-71.61251635;-1946694.738;2828955.467;NA;False; ; ;0; ; ; ; ; ; 
TRACK;1.23.18-5; ; ;-1.516416327;20763369.87;NA; ; ; ; ; ; ; ; ; ; 
TRACK;1.23.18-5;-16.45575926;-71.61252716;-1946789.444;2828943.713;NA;False; ; ;0; ; ; ; ; ; 
TRACK;1.23.18-5;-16.45509327;-71.61191751;-1946718.922;2829021.463;NA;False; ; ;0; ; ; ; ; ; 
TRACK;1.23.18-5;-16.45506695;-71.61213859;-1946713.051;2828996.76;NA;False; ; ;0; ; ; ; ; ; 
TRACK;1.23.18-5;-16.45505106;-71.61222501;-1946710.099;2828987.176;NA;False; ; ;0; ; ; ; ; ; 
TRACK;1.23.18-5;-16.45519785;-71.61235144;-1946725.742;2828970.939;NA;False; ; ;0; ; ; ; ; ; 
TRACK;1.23.18-5;-16.45522655;-71.61231182;-1946729.609;2828975.053;NA;False; ; ;0; ; ; ; ; ; 
TRACK;1.23.18-5;-16.4556367;-71.61268203;-1946773.106;2828927.764;NA;False; ; ;0; ; ; ; ; ; 
TRACK;1.23.18-6; ; ;-1.516416327;20763369.87;NA; ; ; ; ; ; ; ; ; ; 
TRACK;1.23.18-6;-16.45561205;-71.61271743;-1946769.767;2828924.075;NA;False; ; ;0; ; ; ; ; ; 
TRACK;1.23.18-6;-16.45524064;-71.61239305;-1946730.242;2828965.667;NA;False; ; ;0; ; ; ; ; ; 
TRACK;1.23.18-6;-16.45522137;-71.61241374;-1946727.72;2828963.574;NA;False; ; ;0; ; ; ; ; ; 
TRACK;1.23.18-6;-16.45504388;-71.6122408;-1946709.058;2828985.48;NA;False; ; ;0; ; ; ; ; ; 
TRACK;1.23.18-6;-16.45496778;-71.61255048;-1946696.227;2828951.387;NA;False; ; ;0; ; ; ; ; ; 
TRACK;1.23.18-6;-16.45538785;-71.6129031;-1946741.11;2828905.962;NA;False; ; ;0; ; ; ; ; ; 
TRACK;1.23.18-7; ; ;-1.516416327;20763369.87;NA; ; ; ; ; ; ; ; ; ; 
TRACK;1.23.18-7;-16.45569484;-71.61289651;-1946777.234;2828902.708;NA;False; ; ;0; ; ; ; ; ; 
TRACK;1.23.18-7;-16.45588083;-71.61266923;-1946801.929;2828926.031;NA;False; ; ;0; ; ; ; ; ; 
TRACK;1.23.18-7;-16.45576392;-71.61255036;-1946789.698;2828941.022;NA;False; ; ;0; ; ; ; ; ; 
TRACK;1.23.18-7;-16.45566982;-71.61270116;-1946776.754;2828925.165;NA;False; ; ;0; ; ; ; ; ; 
TRACK;1.23.18-7;-16.45540518;-71.61292767;-1946742.835;2828902.952;NA;False; ; ;0; ; ; ; ; ; 
TRACK;1.23.18-7;-16.45550546;-71.61302537;-1946753.379;2828890.576;NA;False; ; ;0; ; ; ; ; ; 
TRACK;1.23.18-8; ; ;-1.516416327;20763369.87;NA; ; ; ; ; ; ; ; ; ; 
TRACK;1.23.18-8;-16.45580989;-71.61303721;-1946788.972;2828885.268;NA;False; ; ;0; ; ; ; ; ; 
TRACK;1.23.18-8;-16.45589721;-71.61288864;-1946801.092;2828900.96;NA;False; ; ;0; ; ; ; ; ; 
TRACK;1.23.18-8;-16.45597586;-71.61274987;-1946812.072;2828915.658;NA;False; ; ;0; ; ; ; ; ; 
TRACK;1.23.18-8;-16.45589235;-71.61267083;-1946803.261;2828925.7;NA;False; ; ;0; ; ; ; ; ; 
TRACK;1.23.18-8;-16.4557915;-71.61280976;-1946789.674;2828911.275;NA;False; ; ;0; ; ; ; ; ; 
TRACK;1.23.18-8;-16.45568409;-71.61293358;-1946775.506;2828898.648;NA;False; ; ;0; ; ; ; ; ; 
TRACK;1.23.18-8;-16.45552543;-71.61304844;-1946755.434;2828887.703;NA;False; ; ;0; ; ; ; ; ; 
TRACK;1.23.18-8;-16.45562355;-71.61317725;-1946765.333;2828871.83;NA;False; ; ;0; ; ; ; ; ; 
TRACK;1.23.18-9; ; ;-1.516416327;20763369.87;NA; ; ; ; ; ; ; ; ; ; 
TRACK;1.23.18-9;-16.45606408;-71.61271048;-1946822.925;2828918.97;NA;False; ; ;0; ; ; ; ; ; 
TRACK;1.23.18-9;-16.45616251;-71.61251627;-1946836.923;2828939.689;NA;False; ; ;0; ; ; ; ; ; 
TRACK;1.23.18-9;-16.45597572;-71.61237845;-1946816.727;2828957.739;NA;False; ; ;0; ; ; ; ; ; 
TRACK;1.23.18-9;-16.4562866;-71.61188074;-1946859.487;2829010.072;NA;False; ; ;0; ; ; ; ; ; 
TRACK;1.23.18-9;-16.45635659;-71.61191001;-1946867.336;2829005.844;NA;False; ; ;0; ; ; ; ; ; 
TRACK;1.23.18-9;-16.4565253;-71.61162201;-1946890.767;2829036.273;NA;False; ; ;0; ; ; ; ; ; 
TRACK;1.23.18-9;-16.45638264;-71.61150924;-1946875.436;2829050.909;NA;False; ; ;0; ; ; ; ; ; 
TRACK;1.23.18-9;-16.45625211;-71.61146847;-1946860.625;2829057.229;NA;False; ; ;0; ; ; ; ; ; 
TRACK;1.23.18-9;-16.45604131;-71.61151861;-1946835.245;2829054.297;NA;False; ; ;0; ; ; ; ; ; 
TRACK;1.23.18-9;-16.45566017;-71.61237444;-1946779.731;2828962.306;NA;False; ; ;0; ; ; ; ; ; 
TRACK;1.23.18-9;-16.45598797;-71.61271009;-1946813.994;2828920.006;NA;False; ; ;0; ; ; ; ; ; 
TRACK;1.23.18-10; ; ;-1.516416327;20763369.87;NA; ; ; ; ; ; ; ; ; ; 
TRACK;1.23.18-10;-16.45587992;-71.61172468;-1946813.704;2829033.055;NA;False; ; ;0; ; ; ; ; ; 
TRACK;1.23.18-10;-16.4559591;-71.61155255;-1946825.166;2829051.524;NA;False; ; ;0; ; ; ; ; ; 
TRACK;1.23.18-10;-16.45600826;-71.61147859;-1946831.869;2829059.262;NA;False; ; ;0; ; ; ; ; ; 
TRACK;1.23.18-10;-16.45621824;-71.6114242;-1946857.205;2829062.687;NA;False; ; ;0; ; ; ; ; ; 
TRACK;1.23.18-10;-16.45625106;-71.61081938;-1946868.668;2829130.781;NA;False; ; ;0; ; ; ; ; ; 
TRACK;1.23.18-10;-16.45625988;-71.61050975;-1946873.598;2829165.745;NA;False; ; ;0; ; ; ; ; ; 
TRACK;1.23.18-10;-16.45613139;-71.6101333;-1946863.249;2829210.069;NA;False; ; ;0; ; ; ; ; ; 
TRACK;1.23.18-10;-16.45612753;-71.61009761;-1946863.244;2829214.163;NA;False; ; ;0; ; ; ; ; ; 
TRACK;1.23.18-10;-16.45609069;-71.61006543;-1946859.325;2829218.289;NA;False; ; ;0; ; ; ; ; ; 
TRACK;1.23.18-10;-16.45603374;-71.61006959;-1946852.586;2829218.56;NA;False; ; ;0; ; ; ; ; ; 
TRACK;1.23.18-10;-16.45584817;-71.61027541;-1946828.209;2829197.662;NA;False; ; ;0; ; ; ; ; ; 
TRACK;1.23.18-10;-16.45574818;-71.61027689;-1946816.452;2829198.798;NA;False; ; ;0; ; ; ; ; ; 
TRACK;1.23.18-10;-16.45563175;-71.61030531;-1946802.425;2829197.097;NA;False; ; ;0; ; ; ; ; ; 
TRACK;1.23.18-10;-16.45523982;-71.6113245;-1946743.588;2829086.737;NA;False; ; ;0; ; ; ; ; ; 
TRACK;1.23.18-11; ; ;-1.516416327;20763369.87;NA; ; ; ; ; ; ; ; ; ; 
TRACK;1.23.18-11;-16.45585231;-71.61179438;-1946809.587;2829025.518;NA;False; ; ;0; ; ; ; ; ; 
TRACK;1.23.18-11;-16.45522688;-71.61140245;-1946741.088;2829078.075;NA;False; ; ;0; ; ; ; ; ; 
TRACK;1.23.18-11;-16.45509678;-71.61184158;-1946720.29;2829030.02;NA;False; ; ;0; ; ; ; ; ; 
TRACK;1.23.18-11;-16.45563304;-71.61230248;-1946777.451;2828970.812;NA;False; ; ;0; ; ; ; ; ; 
TRACK;1.23.18-12; ; ;-1.516416327;20763369.87;NA; ; ; ; ; ; ; ; ; ; 
TRACK;1.23.18-12;-16.45534297;-71.61087322;-1946761.376;2829136.52;NA;False; ; ;0; ; ; ; ; ; 
TRACK;1.23.18-12;-16.45529557;-71.61086407;-1946755.925;2829138.175;NA;False; ; ;0; ; ; ; ; ; 
TRACK;1.23.18-12;-16.45525789;-71.6108649;-1946751.491;2829138.572;NA;False; ; ;0; ; ; ; ; ; 
TRACK;1.23.18-12;-16.45521528;-71.61086864;-1946746.441;2829138.703;NA;False; ; ;0; ; ; ; ; ; 
TRACK;1.23.18-12;-16.45517612;-71.61087725;-1946741.735;2829138.239;NA;False; ; ;0; ; ; ; ; ; 
TRACK;1.23.18-12;-16.45513143;-71.61089041;-1946736.324;2829137.33;NA;False; ; ;0; ; ; ; ; ; 
TRACK;1.23.18-12;-16.45510015;-71.61090914;-1946732.415;2829135.616;NA;False; ; ;0; ; ; ; ; ; 
TRACK;1.23.18-12;-16.4550703;-71.61093794;-1946728.548;2829132.743;NA;False; ; ;0; ; ; ; ; ; 
TRACK;1.23.18-12;-16.45504208;-71.61096027;-1946724.954;2829130.58;NA;False; ; ;0; ; ; ; ; ; 
TRACK;1.23.18-12;-16.4550164;-71.61098993;-1946721.566;2829127.554;NA;False; ; ;0; ; ; ; ; ; 
TRACK;1.23.18-12;-16.45498958;-71.61102272;-1946718.005;2829124.189;NA;False; ; ;0; ; ; ; ; ; 
TRACK;1.23.18-12;-16.45459811;-71.61166476;-1946663.968;2829056.553;NA;False; ; ;0; ; ; ; ; ; 
TRACK;1.23.18-12;-16.4547203;-71.61173862;-1946677.385;2829046.592;NA;False; ; ;0; ; ; ; ; ; 
TRACK;1.23.18-12;-16.45478065;-71.61173945;-1946684.459;2829045.711;NA;False; ; ;0; ; ; ; ; ; 
TRACK;1.23.18-12;-16.4548239;-71.61172919;-1946689.666;2829046.31;NA;False; ; ;0; ; ; ; ; ; 
TRACK;1.23.18-12;-16.45487723;-71.61172966;-1946695.922;2829045.562;NA;False; ; ;0; ; ; ; ; ; 
TRACK;1.23.18-12;-16.45492254;-71.61174018;-1946701.108;2829043.779;NA;False; ; ;0; ; ; ; ; ; 
TRACK;1.23.18-12;-16.45498407;-71.6117867;-1946707.747;2829037.706;NA;False; ; ;0; ; ; ; ; ; 
TRACK;1.23.18-13; ; ;-1.516416327;20763369.87;NA; ; ; ; ; ; ; ; ; ; 
TRACK;1.23.18-13;-16.45301865;-71.61096698;-1946487.309;2829156.197;NA;False; ; ;0; ; ; ; ; ; 
TRACK;1.23.18-13;-16.45300673;-71.61175793;-1946475.96;2829066.741;NA;False; ; ;0; ; ; ; ; ; 
TRACK;1.23.18-13;-16.45308163;-71.61174784;-1946484.881;2829066.908;NA;False; ; ;0; ; ; ; ; ; 
TRACK;1.23.18-13;-16.45356067;-71.61135812;-1946546.024;2829104.817;NA;False; ; ;0; ; ; ; ; ; 
TRACK;1.23.18-13;-16.45310544;-71.61086504;-1946498.78;2829166.615;NA;False; ; ;0; ; ; ; ; ; 
TRACK;1.23.18-14; ; ;-1.516416327;20763369.87;NA; ; ; ; ; ; ; ; ; ; 
TRACK;1.23.18-14;-16.45447981;-71.60966011;-1946675.297;2829285.213;NA;False; ; ;0; ; ; ; ; ; 
TRACK;1.23.18-14;-16.45433124;-71.60954654;-1946659.282;2829300.016;NA;False; ; ;0; ; ; ; ; ; 
TRACK;1.23.18-14;-16.45375062;-71.60992223;-1946586.388;2829265.021;NA;False; ; ;0; ; ; ; ; ; 
TRACK;1.23.18-14;-16.45360176;-71.60995897;-1946568.449;2829262.799;NA;False; ; ;0; ; ; ; ; ; 
TRACK;1.23.18-14;-16.45315712;-71.61032524;-1946511.638;2829227.099;NA;False; ; ;0; ; ; ; ; ; 
TRACK;1.23.18-14;-16.45305589;-71.61047929;-1946497.815;2829210.965;NA;False; ; ;0; ; ; ; ; ; 
TRACK;1.23.18-14;-16.45300066;-71.6105707;-1946490.181;2829201.328;NA;False; ; ;0; ; ; ; ; ; 
TRACK;1.23.18-14;-16.4529889;-71.61064666;-1946487.845;2829192.876;NA;False; ; ;0; ; ; ; ; ; 
TRACK;1.23.18-14;-16.45301022;-71.61070415;-1946489.625;2829186.084;NA;False; ; ;0; ; ; ; ; ; 
TRACK;1.23.18-15; ; ;-1.516416327;20763369.87;NA; ; ; ; ; ; ; ; ; ; 
TRACK;1.23.18-15;-16.45324766;-71.61194709;-1946501.866;2829042.17;NA;False; ; ;0; ; ; ; ; ; 
TRACK;1.23.18-15;-16.45361724;-71.61163194;-1946549.221;2829073.057;NA;False; ; ;0; ; ; ; ; ; 
TRACK;1.23.18-15;-16.45372486;-71.61160202;-1946562.233;2829075.044;NA;False; ; ;0; ; ; ; ; ; 
TRACK;1.23.18-15;-16.45392548;-71.61166244;-1946585.027;2829065.583;NA;False; ; ;0; ; ; ; ; ; 
TRACK;1.23.18-15;-16.45399195;-71.61152892;-1946594.511;2829079.845;NA;False; ; ;0; ; ; ; ; ; 
TRACK;1.23.18-15;-16.45388139;-71.61146933;-1946582.279;2829088.037;NA;False; ; ;0; ; ; ; ; ; 
TRACK;1.23.18-15;-16.45378559;-71.61143981;-1946571.403;2829092.63;NA;False; ; ;0; ; ; ; ; ; 
TRACK;1.23.18-15;-16.45368555;-71.61141707;-1946559.945;2829096.511;NA;False; ; ;0; ; ; ; ; ; 
TRACK;1.23.18-15;-16.4535919;-71.61141822;-1946548.935;2829097.601;NA;False; ; ;0; ; ; ; ; ; 
TRACK;1.23.18-15;-16.453522;-71.61144234;-1946540.425;2829095.78;NA;False; ; ;0; ; ; ; ; ; 
TRACK;1.23.18-15;-16.45302904;-71.61184327;-1946477.506;2829056.782;NA;False; ; ;0; ; ; ; ; ; 
TRACK;1.23.18-16; ; ;-1.516416327;20763369.87;NA; ; ; ; ; ; ; ; ; ; 
TRACK;1.23.18-16;-16.45392913;-71.61138932;-1946588.891;2829096.48;NA;False; ; ;0; ; ; ; ; ; 
TRACK;1.23.18-16;-16.45411009;-71.61119009;-1946612.643;2829116.692;NA;False; ; ;0; ; ; ; ; ; 
TRACK;1.23.18-16;-16.45395042;-71.61104688;-1946595.698;2829134.999;NA;False; ; ;0; ; ; ; ; ; 
TRACK;1.23.18-16;-16.45378528;-71.61123998;-1946573.88;2829115.274;NA;False; ; ;0; ; ; ; ; ; 
TRACK;1.23.18-16;-16.45367344;-71.61111651;-1946562.304;2829130.72;NA;False; ; ;0; ; ; ; ; ; 
TRACK;1.23.18-16;-16.45355273;-71.61122517;-1946546.765;2829119.983;NA;False; ; ;0; ; ; ; ; ; 
TRACK;1.23.18-16;-16.4535112;-71.61118946;-1946542.337;2829124.571;NA;False; ; ;0; ; ; ; ; ; 
TRACK;1.23.18-16;-16.45387914;-71.61079729;-1946590.469;2829164.205;NA;False; ; ;0; ; ; ; ; ; 
TRACK;1.23.18-16;-16.45372659;-71.61062047;-1946574.783;2829186.227;NA;False; ; ;0; ; ; ; ; ; 
TRACK;1.23.18-16;-16.45391032;-71.61048427;-1946598.068;2829199.263;NA;False; ; ;0; ; ; ; ; ; 
TRACK;1.23.18-16;-16.45377178;-71.6103515;-1946583.472;2829216.111;NA;False; ; ;0; ; ; ; ; ; 
TRACK;1.23.18-16;-16.45324099;-71.6107144;-1946516.59;2829181.915;NA;False; ; ;0; ; ; ; ; ; 
TRACK;1.23.18-16;-16.45312765;-71.61085632;-1946501.497;2829167.314;NA;False; ; ;0; ; ; ; ; ; 
TRACK;1.23.18-16;-16.45361212;-71.61136351;-1946551.997;2829103.536;NA;False; ; ;0; ; ; ; ; ; 
TRACK;1.23.18-16;-16.45388658;-71.61141124;-1946583.62;2829094.551;NA;False; ; ;0; ; ; ; ; ; 
TRACK;1.23.18-17; ; ;-1.516416327;20763369.87;NA; ; ; ; ; ; ; ; ; ; 
TRACK;1.23.18-17;-16.45392557;-71.61146363;-1946587.538;2829088.107;NA;False; ; ;0; ; ; ; ; ; 
TRACK;1.23.18-17;-16.45404329;-71.61155127;-1946600.257;2829076.643;NA;False; ; ;0; ; ; ; ; ; 
TRACK;1.23.18-17;-16.45413783;-71.61148634;-1946612.173;2829082.767;NA;False; ; ;0; ; ; ; ; ; 
TRACK;1.23.18-17;-16.45452237;-71.61172976;-1946654.257;2829050.176;NA;False; ; ;0; ; ; ; ; ; 
TRACK;1.23.18-17;-16.45452928;-71.61167952;-1946655.701;2829055.778;NA;False; ; ;0; ; ; ; ; ; 
TRACK;1.23.18-17;-16.45454013;-71.6115976;-1946658.006;2829064.918;NA;False; ; ;0; ; ; ; ; ; 
TRACK;1.23.18-17;-16.45453073;-71.61155447;-1946657.444;2829069.927;NA;False; ; ;0; ; ; ; ; ; 
TRACK;1.23.18-17;-16.45413701;-71.61124643;-1946615.095;2829109.959;NA;False; ; ;0; ; ; ; ; ; 
TRACK;1.23.18-18; ; ;-1.516416327;20763369.87;NA; ; ; ; ; ; ; ; ; ; 
TRACK;1.23.18-18;-16.4545375;-71.61107519;-1946664.268;2829124.138;NA;False; ; ;0; ; ; ; ; ; 
TRACK;1.23.18-18;-16.45432992;-71.61132765;-1946636.721;2829098.242;NA;False; ; ;0; ; ; ; ; ; 
TRACK;1.23.18-18;-16.45460818;-71.61156134;-1946666.451;2829068.138;NA;False; ; ;0; ; ; ; ; ; 
TRACK;1.23.18-18;-16.45477017;-71.61129377;-1946688.835;2829096.342;NA;False; ; ;0; ; ; ; ; ; 
TRACK;1.23.18-19; ; ;-1.516416327;20763369.87;NA; ; ; ; ; ; ; ; ; ; 
TRACK;1.23.18-19;-16.45477211;-71.61081554;-1946695.078;2829150.497;NA;False; ; ;0; ; ; ; ; ; 
TRACK;1.23.18-19;-16.45457828;-71.61103643;-1946669.544;2829127.998;NA;False; ; ;0; ; ; ; ; ; 
TRACK;1.23.18-19;-16.4547962;-71.61123369;-1946692.647;2829102.809;NA;False; ; ;0; ; ; ; ; ; 
TRACK;1.23.18-19;-16.45496695;-71.61097754;-1946715.917;2829129.603;NA;False; ; ;0; ; ; ; ; ; 
TRACK;1.23.18-20; ; ;-1.516416327;20763369.87;NA; ; ; ; ; ; ; ; ; ; 
TRACK;1.23.18-20;-16.4552561;-71.61075297;-1946752.689;2829151.276;NA;False; ; ;0; ; ; ; ; ; 
TRACK;1.23.18-20;-16.45498496;-71.61050058;-1946724.031;2829183.406;NA;False; ; ;0; ; ; ; ; ; 
TRACK;1.23.18-20;-16.45476063;-71.61073014;-1946694.806;2829160.322;NA;False; ; ;0; ; ; ; ; ; 
TRACK;1.23.18-20;-16.45499491;-71.61093087;-1946719.786;2829134.526;NA;False; ; ;0; ; ; ; ; ; 
TRACK;1.23.18-20;-16.45513575;-71.61086551;-1946737.144;2829140.095;NA;False; ; ;0; ; ; ; ; ; 
TRACK;1.23.18-21; ; ;-1.516416327;20763369.87;NA; ; ; ; ; ; ; ; ; ; 
TRACK;1.23.18-21;-16.45533936;-71.61057532;-1946764.699;2829170.317;NA;False; ; ;0; ; ; ; ; ; 
TRACK;1.23.18-21;-16.45533475;-71.61056028;-1946764.348;2829172.081;NA;False; ; ;0; ; ; ; ; ; 
TRACK;1.23.18-21;-16.45530549;-71.61046471;-1946762.114;2829183.29;NA;False; ; ;0; ; ; ; ; ; 
TRACK;1.23.18-21;-16.4553271;-71.6103929;-1946765.555;2829191.144;NA;False; ; ;0; ; ; ; ; ; 
TRACK;1.23.18-21;-16.45539371;-71.61032771;-1946774.196;2829197.661;NA;False; ; ;0; ; ; ; ; ; 
TRACK;1.23.18-21;-16.45544507;-71.61024823;-1946781.225;2829205.996;NA;False; ; ;0; ; ; ; ; ; 
TRACK;1.23.18-21;-16.45554449;-71.61021456;-1946793.321;2829208.515;NA;False; ; ;0; ; ; ; ; ; 
TRACK;1.23.18-21;-16.45563347;-71.61021755;-1946803.731;2829207.017;NA;False; ; ;0; ; ; ; ; ; 
TRACK;1.23.18-21;-16.45581504;-71.61019025;-1946825.391;2829207.742;NA;False; ; ;0; ; ; ; ; ; 
TRACK;1.23.18-21;-16.45586126;-71.61015747;-1946831.23;2829210.854;NA;False; ; ;0; ; ; ; ; ; 
TRACK;1.23.18-21;-16.45589401;-71.61010982;-1946835.675;2829215.825;NA;False; ; ;0; ; ; ; ; ; 
TRACK;1.23.18-21;-16.45589874;-71.6100197;-1946837.364;2829225.973;NA;False; ; ;0; ; ; ; ; ; 
TRACK;1.23.18-21;-16.45553853;-71.61000584;-1946795.248;2829232.24;NA;False; ; ;0; ; ; ; ; ; 
TRACK;1.23.18-21;-16.45547302;-71.61003181;-1946787.229;2829230.152;NA;False; ; ;0; ; ; ; ; ; 
TRACK;1.23.18-21;-16.45539715;-71.61005514;-1946778.028;2829228.498;NA;False; ; ;0; ; ; ; ; ; 
TRACK;1.23.18-21;-16.45534166;-71.6101031;-1946770.911;2829223.788;NA;False; ; ;0; ; ; ; ; ; 
TRACK;1.23.18-21;-16.45501922;-71.6104629;-1946728.528;2829187.228;NA;False; ; ;0; ; ; ; ; ; 
TRACK;1.23.18-21;-16.45524021;-71.6106561;-1946752.043;2829162.458;NA;False; ; ;0; ; ; ; ; ; 
TRACK;1.23.18-22; ; ;-1.516416327;20763369.87;NA; ; ; ; ; ; ; ; ; ; 
TRACK;1.23.18-22;-16.45472025;-71.61077158;-1946689.543;2829156.153;NA;False; ; ;0; ; ; ; ; ; 
TRACK;1.23.18-22;-16.45473255;-71.61072293;-1946691.599;2829161.505;NA;False; ; ;0; ; ; ; ; ; 
TRACK;1.23.18-22;-16.45479667;-71.61061821;-1946700.446;2829172.534;NA;False; ; ;0; ; ; ; ; ; 
TRACK;1.23.18-22;-16.45487265;-71.61054055;-1946710.342;2829180.341;NA;False; ; ;0; ; ; ; ; ; 
TRACK;1.23.18-22;-16.45494517;-71.61047784;-1946719.645;2829186.5;NA;False; ; ;0; ; ; ; ; ; 
TRACK;1.23.18-22;-16.45527957;-71.61008354;-1946763.866;2829226.812;NA;False; ; ;0; ; ; ; ; ; 
TRACK;1.23.18-22;-16.45537814;-71.61001773;-1946776.267;2829232.983;NA;False; ; ;0; ; ; ; ; ; 
TRACK;1.23.18-22;-16.45545364;-71.60995767;-1946785.887;2829238.804;NA;False; ; ;0; ; ; ; ; ; 
TRACK;1.23.18-22;-16.45554295;-71.6099387;-1946796.611;2829239.789;NA;False; ; ;0; ; ; ; ; ; 
TRACK;1.23.18-22;-16.4559136;-71.60994177;-1946840.088;2829234.608;NA;False; ; ;0; ; ; ; ; ; 
TRACK;1.23.18-22;-16.45594705;-71.60995784;-1946843.814;2829232.352;NA;False; ; ;0; ; ; ; ; ; 
TRACK;1.23.18-22;-16.45596533;-71.6099848;-1946845.621;2829229.059;NA;False; ; ;0; ; ; ; ; ; 
TRACK;1.23.18-22;-16.45602566;-71.60996867;-1946852.907;2829230.099;NA;False; ; ;0; ; ; ; ; ; 
TRACK;1.23.18-22;-16.45603306;-71.60983409;-1946855.469;2829245.251;NA;False; ; ;0; ; ; ; ; ; 
TRACK;1.23.18-22;-16.45554012;-71.60981665;-1946797.814;2829253.654;NA;False; ; ;0; ; ; ; ; ; 
TRACK;1.23.18-22;-16.45545768;-71.60982076;-1946788.084;2829254.263;NA;False; ; ;0; ; ; ; ; ; 
TRACK;1.23.18-22;-16.45536555;-71.60985202;-1946776.874;2829251.923;NA;False; ; ;0; ; ; ; ; ; 
TRACK;1.23.18-22;-16.45527683;-71.60990491;-1946765.793;2829247.086;NA;False; ; ;0; ; ; ; ; ; 
TRACK;1.23.18-22;-16.45522754;-71.6099285;-1946759.708;2829245.057;NA;False; ; ;0; ; ; ; ; ; 
TRACK;1.23.18-22;-16.45516922;-71.60999893;-1946751.975;2829237.837;NA;False; ; ;0; ; ; ; ; ; 
TRACK;1.23.18-22;-16.45487507;-71.6103194;-1946713.409;2829205.365;NA;False; ; ;0; ; ; ; ; ; 
TRACK;1.23.18-22;-16.45471228;-71.61017107;-1946696.163;2829224.292;NA;False; ; ;0; ; ; ; ; ; 
TRACK;1.23.18-22;-16.45411442;-71.61084679;-1946617.47;2829155.53;NA;False; ; ;0; ; ; ; ; ; 
TRACK;1.23.18-22;-16.45424452;-71.61099061;-1946630.935;2829137.54;NA;False; ; ;0; ; ; ; ; ; 
TRACK;1.23.18-22;-16.45411284;-71.61116988;-1946613.219;2829118.947;NA;False; ; ;0; ; ; ; ; ; 
TRACK;1.23.18-22;-16.45428567;-71.61129394;-1946631.95;2829102.638;NA;False; ; ;0; ; ; ; ; ; 
TRACK;1.23.18-22;-16.45470128;-71.61084238;-1946686.426;2829148.38;NA;False; ; ;0; ; ; ; ; ; 
TRACK;1.23.18-24; ; ;-1.516416327;20763369.87;NA; ; ; ; ; ; ; ; ; ; 
TRACK;1.23.18-24;-16.45612232;-71.60924545;-1946873.354;2829310.777;NA;False; ; ;0; ; ; ; ; ; 
TRACK;1.23.18-24;-16.45607829;-71.60936401;-1946866.693;2829297.918;NA;False; ; ;0; ; ; ; ; ; 
TRACK;1.23.18-24;-16.45586224;-71.60929416;-1946842.206;2829308.649;NA;False; ; ;0; ; ; ; ; ; 
TRACK;1.23.18-24;-16.45577651;-71.60943381;-1946830.385;2829293.945;NA;False; ; ;0; ; ; ; ; ; 
TRACK;1.23.18-24;-16.45571355;-71.60945233;-1946822.759;2829292.668;NA;False; ; ;0; ; ; ; ; ; 
TRACK;1.23.18-24;-16.45565588;-71.60980616;-1946811.537;2829253.332;NA;False; ; ;0; ; ; ; ; ; 
TRACK;1.23.18-24;-16.45601697;-71.60982424;-1946853.704;2829246.576;NA;False; ; ;0; ; ; ; ; ; 
TRACK;1.23.18-24;-16.45601587;-71.60978837;-1946854.027;2829250.655;NA;False; ; ;0; ; ; ; ; ; 
TRACK;1.23.18-24;-16.45618761;-71.60928346;-1946880.542;2829305.619;NA;False; ; ;0; ; ; ; ; ; 
TRACK;1.23.18-25; ; ;-1.516416327;20763369.87;NA; ; ; ; ; ; ; ; ; ; 
TRACK;1.23.18-25;-16.45640351;-71.60977667;-1946899.684;2829246.926;NA;False; ; ;0; ; ; ; ; ; 
TRACK;1.23.18-25;-16.45614863;-71.60946295;-1946873.707;2829285.792;NA;False; ; ;0; ; ; ; ; ; 
TRACK;1.23.18-25;-16.45610708;-71.60957425;-1946867.428;2829273.723;NA;False; ; ;0; ; ; ; ; ; 
TRACK;1.23.18-25;-16.45608946;-71.60962204;-1946864.759;2829268.539;NA;False; ; ;0; ; ; ; ; ; 
TRACK;1.23.18-25;-16.45606667;-71.60966539;-1946861.538;2829263.926;NA;False; ; ;0; ; ; ; ; ; 
TRACK;1.23.18-25;-16.45605159;-71.60971009;-1946859.204;2829259.058;NA;False; ; ;0; ; ; ; ; ; 
TRACK;1.23.18-25;-16.45603921;-71.60974579;-1946857.302;2829255.174;NA;False; ; ;0; ; ; ; ; ; 
TRACK;1.23.18-25;-16.45602578;-71.60981204;-1946854.892;2829247.843;NA;False; ; ;0; ; ; ; ; ; 
TRACK;1.23.18-25;-16.45603056;-71.60982309;-1946855.314;2829246.529;NA;False; ; ;0; ; ; ; ; ; 
TRACK;1.23.18-25;-16.45604537;-71.60983261;-1946856.933;2829245.258;NA;False; ; ;0; ; ; ; ; ; 
TRACK;1.23.18-25;-16.45604291;-71.60995604;-1946855.091;2829231.306;NA;False; ; ;0; ; ; ; ; ; 
TRACK;1.23.18-25;-16.45615406;-71.60998313;-1946867.8;2829226.787;NA;False; ; ;0; ; ; ; ; ; 
TRACK;1.23.18-26; ; ;-1.516416327;20763369.87;NA; ; ; ; ; ; ; ; ; ; 
TRACK;1.23.18-26;-16.45621661;-71.6093227;-1946883.453;2829300.795;NA;False; ; ;0; ; ; ; ; ; 
TRACK;1.23.18-26;-16.45619866;-71.60931013;-1946881.504;2829302.454;NA;False; ; ;0; ; ; ; ; ; 
TRACK;1.23.18-26;-16.45615028;-71.60943955;-1946874.196;2829288.421;NA;False; ; ;0; ; ; ; ; ; 
TRACK;1.23.18-26;-16.45629104;-71.60961524;-1946888.511;2829266.682;NA;False; ; ;0; ; ; ; ; ; 
TRACK;1.23.18-26;-16.45629759;-71.60960709;-1946889.382;2829267.519;NA;False; ; ;0; ; ; ; ; ; 
TRACK;1.23.18-27; ; ;-1.516416327;20763369.87;NA; ; ; ; ; ; ; ; ; ; 
TRACK;1.23.18-27;-16.45663193;-71.60977236;-1946926.557;2829244.436;NA;False; ; ;0; ; ; ; ; ; 
TRACK;1.23.18-27;-16.45688066;-71.60968681;-1946956.836;2829250.886;NA;False; ; ;0; ; ; ; ; ; 
TRACK;1.23.18-27;-16.45653152;-71.60941337;-1946919.284;2829286.416;NA;False; ; ;0; ; ; ; ; ; 
TRACK;1.23.18-27;-16.4564734;-71.60944409;-1946912.075;2829283.694;NA;False; ; ;0; ; ; ; ; ; 
TRACK;1.23.18-27;-16.45631556;-71.60923585;-1946896.164;2829309.345;NA;False; ; ;0; ; ; ; ; ; 
TRACK;1.23.18-27;-16.45623518;-71.60927122;-1946886.281;2829306.385;NA;False; ; ;0; ; ; ; ; ; 
TRACK;1.23.18-27;-16.45633981;-71.60963827;-1946893.947;2829263.437;NA;False; ; ;0; ; ; ; ; ; 
TRACK;1.23.18-27;-16.45642476;-71.60974123;-1946902.625;2829250.664;NA;False; ; ;0; ; ; ; ; ; 
TRACK;1.23.18-27;-16.45654322;-71.60966395;-1946917.506;2829257.875;NA;False; ; ;0; ; ; ; ; ; 
TRACK;1.23.18-28; ; ;-1.516416327;20763369.87;NA; ; ; ; ; ; ; ; ; ; 
TRACK;1.23.18-28;-16.45662239;-71.60979096;-1946925.203;2829242.453;NA;False; ; ;0; ; ; ; ; ; 
TRACK;1.23.18-28;-16.45655866;-71.6097007;-1946918.856;2829253.51;NA;False; ; ;0; ; ; ; ; ; 
TRACK;1.23.18-28;-16.45616585;-71.60999647;-1946869.016;2829225.122;NA;False; ; ;0; ; ; ; ; ; 
TRACK;1.23.18-28;-16.4562472;-71.61009506;-1946877.326;2829212.892;NA;False; ; ;0; ; ; ; ; ; 
TRACK;1.23.18-28;-16.45626496;-71.61019187;-1946878.193;2829201.693;NA;False; ; ;0; ; ; ; ; ; 
TRACK;1.23.18-28;-16.45661266;-71.60988069;-1946922.931;2829232.414;NA;False; ; ;0; ; ; ; ; ; 
TRACK;1.23.18-29; ; ;-1.516416327;20763369.87;NA; ; ; ; ; ; ; ; ; ; 
TRACK;1.23.18-29;-16.45654624;-71.60997458;-1946913.951;2829222.643;NA;False; ; ;0; ; ; ; ; ; 
TRACK;1.23.18-29;-16.45626333;-71.6102311;-1946877.51;2829197.269;NA;False; ; ;0; ; ; ; ; ; 
TRACK;1.23.18-29;-16.45635925;-71.61051047;-1946885.256;2829164.368;NA;False; ; ;0; ; ; ; ; ; 
TRACK;1.23.18-29;-16.45634324;-71.61061364;-1946882.078;2829152.888;NA;False; ; ;0; ; ; ; ; ; 
TRACK;1.23.18-29;-16.45632866;-71.61074669;-1946878.692;2829138.004;NA;False; ; ;0; ; ; ; ; ; 
TRACK;1.23.18-29;-16.45631875;-71.61084909;-1946876.241;2829126.532;NA;False; ; ;0; ; ; ; ; ; 
TRACK;1.23.18-29;-16.45631975;-71.61085268;-1946876.313;2829126.113;NA;False; ; ;0; ; ; ; ; ; 
TRACK;1.23.18-29;-16.45630288;-71.61092249;-1946873.454;2829118.424;NA;False; ; ;0; ; ; ; ; ; 
TRACK;1.23.18-29;-16.45631019;-71.61104737;-1946872.741;2829104.18;NA;False; ; ;0; ; ; ; ; ; 
TRACK;1.23.18-29;-16.45631273;-71.61113824;-1946871.896;2829093.852;NA;False; ; ;0; ; ; ; ; ; 
TRACK;1.23.18-29;-16.45631011;-71.61115348;-1946871.397;2829092.159;NA;False; ; ;0; ; ; ; ; ; 
TRACK;1.23.18-29;-16.45655079;-71.61115707;-1946899.608;2829088.615;NA;False; ; ;0; ; ; ; ; ; 
TRACK;1.23.18-30; ; ;-1.516416327;20763369.87;NA; ; ; ; ; ; ; ; ; ; 
TRACK;1.23.18-30;-16.45620065;-71.612969;-1946835.706;2828887.901;NA;False; ; ;0; ; ; ; ; ; 
TRACK;1.23.18-30;-16.45606685;-71.61284253;-1946821.589;2828903.973;NA;False; ; ;0; ; ; ; ; ; 
TRACK;1.23.18-30;-16.45571717;-71.61320778;-1946775.941;2828867.152;NA;False; ; ;0; ; ; ; ; ; 
TRACK;1.23.18-30;-16.45589501;-71.61332359;-1946795.363;2828851.713;NA;False; ; ;0; ; ; ; ; ; 
TRACK;1.23.18-31; ; ;-1.516416327;20763369.87;NA; ; ; ; ; ; ; ; ; ; 
TRACK;1.23.18-31;-16.45556375;-71.60882127;-1946813.112;2829366.117;NA;False; ; ;0; ; ; ; ; ; 
TRACK;1.23.18-31;-16.45555614;-71.6087552;-1946813.05;2829373.702;NA;False; ; ;0; ; ; ; ; ; 
TRACK;1.23.18-31;-16.45552855;-71.60872679;-1946810.168;2829377.28;NA;False; ; ;0; ; ; ; ; ; 
TRACK;1.23.18-31;-16.45543099;-71.60869123;-1946799.162;2829382.581;NA;False; ; ;0; ; ; ; ; ; 
TRACK;1.23.18-31;-16.45529067;-71.60872402;-1946782.275;2829380.696;NA;False; ; ;0; ; ; ; ; ; 
TRACK;1.23.18-31;-16.45461788;-71.6091863;-1946697.468;2829337.093;NA;False; ; ;0; ; ; ; ; ; 
TRACK;1.23.18-31;-16.4546922;-71.60930217;-1946704.736;2829322.997;NA;False; ; ;0; ; ; ; ; ; 
TRACK;1.23.18-31;-16.45557262;-71.60886428;-1946813.612;2829361.128;NA;False; ; ;0; ; ; ; ; ; 
TRACK;1.23.18-32; ; ;-1.516416327;20763369.87;NA; ; ; ; ; ; ; ; ; ; 
TRACK;1.23.18-32;-16.4551275;-71.60868465;-1946763.613;2829387.283;NA;False; ; ;0; ; ; ; ; ; 
TRACK;1.23.18-32;-16.45501279;-71.60853609;-1946752.014;2829405.61;NA;False; ; ;0; ; ; ; ; ; 
TRACK;1.23.18-32;-16.45453126;-71.60887622;-1946691.2;2829373.353;NA;False; ; ;0; ; ; ; ; ; 
TRACK;1.23.18-32;-16.45465565;-71.60905792;-1946703.517;2829351.146;NA;False; ; ;0; ; ; ; ; ; 
TRACK;1.23.18-33; ; ;-1.516416327;20763369.87;NA; ; ; ; ; ; ; ; ; ; 
TRACK;1.23.18-33;-16.45534009;-71.60857033;-1946790.01;2829397.463;NA;False; ; ;0; ; ; ; ; ; 
TRACK;1.23.18-33;-16.45590078;-71.60814887;-1946861.142;2829437.903;NA;False; ; ;0; ; ; ; ; ; 
TRACK;1.23.18-33;-16.45587327;-71.60810651;-1946858.445;2829443.061;NA;False; ; ;0; ; ; ; ; ; 
TRACK;1.23.18-33;-16.45581051;-71.60808277;-1946851.375;2829446.568;NA;False; ; ;0; ; ; ; ; ; 
TRACK;1.23.18-33;-16.45574439;-71.60806619;-1946843.821;2829449.309;NA;False; ; ;0; ; ; ; ; ; 
TRACK;1.23.18-33;-16.45567151;-71.60805587;-1946835.395;2829451.428;NA;False; ; ;0; ; ; ; ; ; 
TRACK;1.23.18-33;-16.45561658;-71.60807653;-1946828.685;2829449.804;NA;False; ; ;0; ; ; ; ; ; 
TRACK;1.23.18-33;-16.45551511;-71.60812277;-1946816.19;2829445.888;NA;False; ; ;0; ; ; ; ; ; 
TRACK;1.23.18-33;-16.45505795;-71.60854549;-1946757.198;2829403.957;NA;False; ; ;0; ; ; ; ; ; 
TRACK;1.23.18-33;-16.45514608;-71.6086564;-1946766.149;2829390.241;NA;False; ; ;0; ; ; ; ; ; 
TRACK;1.23.19-1; ; ;-1.516416327;20763369.87;NA; ; ; ; ; ; ; ; ; ; 
TRACK;1.23.19-1;-16.45830891;-71.6127915;-1947085.457;2828880.526;NA;False; ; ;0; ; ; ; ; ; 
TRACK;1.23.19-1;-16.45850024;-71.611912;-1947118.985;2828977.671;NA;False; ; ;0; ; ; ; ; ; 
TRACK;1.23.19-1;-16.45827466;-71.61185239;-1947093.251;2828987.365;NA;False; ; ;0; ; ; ; ; ; 
TRACK;1.23.19-1;-16.45817402;-71.61196515;-1947080.017;2828975.902;NA;False; ; ;0; ; ; ; ; ; 
TRACK;1.23.19-1;-16.4581132;-71.6121956;-1947069.976;2828950.588;NA;False; ; ;0; ; ; ; ; ; 
TRACK;1.23.19-1;-16.45748292;-71.61164278;-1947002.935;2829021.434;NA;False; ; ;0; ; ; ; ; ; 
TRACK;1.23.19-1;-16.45703516;-71.6121405;-1946944.104;2828970.884;NA;False; ; ;0; ; ; ; ; ; 
TRACK;1.23.19-1;-16.45717772;-71.61223306;-1946959.677;2828958.54;NA;False; ; ;0; ; ; ; ; ; 
TRACK;1.23.19-1;-16.45727238;-71.61263768;-1946965.7;2828911.466;NA;False; ; ;0; ; ; ; ; ; 
TRACK;1.23.19-1;-16.45728312;-71.61275826;-1946965.444;2828897.665;NA;False; ; ;0; ; ; ; ; ; 
TRACK;1.23.19-1;-16.45773627;-71.61276845;-1947018.517;2828890.602;NA;False; ; ;0; ; ; ; ; ; 
TRACK;1.23.19-2; ; ;-1.516416327;20763369.87;NA; ; ; ; ; ; ; ; ; ; 
TRACK;1.23.19-2;-16.4595563;-71.61457195;-1947209.505;2828662.556;NA;False; ; ;0; ; ; ; ; ; 
TRACK;1.23.19-2;-16.45984028;-71.61471039;-1947241.103;2828643.169;NA;False; ; ;0; ; ; ; ; ; 
TRACK;1.23.19-2;-16.45991885;-71.61363465;-1947263.861;2828764.014;NA;False; ; ;0; ; ; ; ; ; 
TRACK;1.23.19-2;-16.4595613;-71.61359603;-1947222.369;2828773.052;NA;False; ; ;0; ; ; ; ; ; 
TRACK;1.23.19-2;-16.45958843;-71.6140104;-1947220.342;2828725.754;NA;False; ; ;0; ; ; ; ; ; 
TRACK;1.23.19-3; ; ;-1.516416327;20763369.87;NA; ; ; ; ; ; ; ; ; ; 
TRACK;1.23.19-3;-16.45952978;-71.61396526;-1947214.024;2828731.632;NA;False; ; ;0; ; ; ; ; ; 
TRACK;1.23.19-3;-16.45948801;-71.61357777;-1947213.995;2828776.076;NA;False; ; ;0; ; ; ; ; ; 
TRACK;1.23.19-3;-16.4594589;-71.61331344;-1947213.903;2828806.402;NA;False; ; ;0; ; ; ; ; ; 
TRACK;1.23.19-3;-16.45931523;-71.61326894;-1947197.595;2828813.316;NA;False; ; ;0; ; ; ; ; ; 
TRACK;1.23.19-3;-16.4592101;-71.61316937;-1947186.505;2828825.967;NA;False; ; ;0; ; ; ; ; ; 
TRACK;1.23.19-3;-16.4591847;-71.61392659;-1947173.996;2828740.513;NA;False; ; ;0; ; ; ; ; ; 
TRACK;1.23.19-4; ; ;-1.516416327;20763369.87;NA; ; ; ; ; ; ; ; ; ; 
TRACK;1.23.19-4;-16.45915503;-71.61333853;-1947177.912;2828807.52;NA;False; ; ;0; ; ; ; ; ; 
TRACK;1.23.19-4;-16.45915688;-71.61289091;-1947183.76;2828858.208;NA;False; ; ;0; ; ; ; ; ; 
TRACK;1.23.19-4;-16.45852163;-71.61286956;-1947109.449;2828868.908;NA;False; ; ;0; ; ; ; ; ; 
TRACK;1.23.19-4;-16.45850643;-71.61329983;-1947102.251;2828820.362;NA;False; ; ;0; ; ; ; ; ; 
TRACK;1.23.19-4;-16.45846994;-71.61392374;-1947090.119;2828750.154;NA;False; ; ;0; ; ; ; ; ; 
TRACK;1.23.19-4;-16.45913344;-71.61392509;-1947167.998;2828741.351;NA;False; ; ;0; ; ; ; ; ; 
TRACK;1.23.19-5; ; ;-1.516416327;20763369.87;NA; ; ; ; ; ; ; ; ; ; 
TRACK;1.23.19-5;-16.45825589;-71.6128597;-1947078.374;2828873.49;NA;False; ; ;0; ; ; ; ; ; 
TRACK;1.23.19-5;-16.45762613;-71.61284841;-1947004.58;2828882.979;NA;False; ; ;0; ; ; ; ; ; 
TRACK;1.23.19-5;-16.45758643;-71.61388084;-1946986.931;2828766.532;NA;False; ; ;0; ; ; ; ; ; 
TRACK;1.23.19-5;-16.45826333;-71.61391619;-1947065.956;2828753.702;NA;False; ; ;0; ; ; ; ; ; 
TRACK;1.23.19-6; ; ;-1.516416327;20763369.87;NA; ; ; ; ; ; ; ; ; ; 
TRACK;1.23.19-6;-16.45753736;-71.61388621;-1946981.103;2828766.564;NA;False; ; ;0; ; ; ; ; ; 
TRACK;1.23.19-6;-16.45756078;-71.61284494;-1946996.952;2828884.225;NA;False; ; ;0; ; ; ; ; ; 
TRACK;1.23.19-6;-16.45724541;-71.61281906;-1946960.252;2828891.268;NA;False; ; ;0; ; ; ; ; ; 
TRACK;1.23.19-6;-16.45721818;-71.61386197;-1946943.934;2828773.47;NA;False; ; ;0; ; ; ; ; ; 
TRACK;1.23.19-7; ; ;-1.516416327;20763369.87;NA; ; ; ; ; ; ; ; ; ; 
TRACK;1.23.19-7;-16.45815254;-71.61395961;-1947052.403;2828750.229;NA;False; ; ;0; ; ; ; ; ; 
TRACK;1.23.19-7;-16.45756876;-71.61394958;-1946983.992;2828758.975;NA;False; ; ;0; ; ; ; ; ; 
TRACK;1.23.19-7;-16.45753072;-71.61469223;-1946970.184;2828675.335;NA;False; ; ;0; ; ; ; ; ; 
TRACK;1.23.19-7;-16.45805155;-71.61473016;-1947030.853;2828664.249;NA;False; ; ;0; ; ; ; ; ; 
TRACK;1.23.19-8; ; ;-1.516416327;20763369.87;NA; ; ; ; ; ; ; ; ; ; 
TRACK;1.23.19-8;-16.45743714;-71.61470263;-1946959.067;2828675.377;NA;False; ; ;0; ; ; ; ; ; 
TRACK;1.23.19-8;-16.457505;-71.61392764;-1946976.783;2828762.292;NA;False; ; ;0; ; ; ; ; ; 
TRACK;1.23.19-8;-16.45716504;-71.61392286;-1946936.931;2828767.265;NA;False; ; ;0; ; ; ; ; ; 
TRACK;1.23.19-8;-16.45711693;-71.61475372;-1946920.831;2828673.763;NA;False; ; ;0; ; ; ; ; ; 
TRACK;1.23.19-9; ; ;-1.516416327;20763369.87;NA; ; ; ; ; ; ; ; ; ; 
TRACK;1.23.19-9;-16.45706718;-71.61475011;-1946915.035;2828674.821;NA;False; ; ;0; ; ; ; ; ; 
TRACK;1.23.19-9;-16.45711069;-71.61391699;-1946930.623;2828768.638;NA;False; ; ;0; ; ; ; ; ; 
TRACK;1.23.19-9;-16.45685121;-71.61390439;-1946900.317;2828773.448;NA;False; ; ;0; ; ; ; ; ; 
TRACK;1.23.19-9;-16.45677852;-71.61477914;-1946880.781;2828675.294;NA;False; ; ;0; ; ; ; ; ; 
TRACK;1.23.19-10; ; ;-1.516416327;20763369.87;NA; ; ; ; ; ; ; ; ; ; 
TRACK;1.23.19-10;-16.45717461;-71.61281421;-1946952;2828892.74;NA;False; ; ;0; ; ; ; ; ; 
TRACK;1.23.19-10;-16.45689916;-71.61281025;-1946919.711;2828896.78;NA;False; ; ;0; ; ; ; ; ; 
TRACK;1.23.19-10;-16.45681548;-71.61380764;-1946897.34;2828784.875;NA;False; ; ;0; ; ; ; ; ; 
TRACK;1.23.19-10;-16.45711483;-71.61381451;-1946932.398;2828780.195;NA;False; ; ;0; ; ; ; ; ; 
TRACK;1.23.19-11; ; ;-1.516416327;20763369.87;NA; ; ; ; ; ; ; ; ; ; 
TRACK;1.23.19-11;-16.45715997;-71.61275965;-1946950.968;2828899.112;NA;False; ; ;0; ; ; ; ; ; 
TRACK;1.23.19-11;-16.45710647;-71.61235845;-1946949.733;2828945.262;NA;False; ; ;0; ; ; ; ; ; 
TRACK;1.23.19-11;-16.45668298;-71.61199153;-1946904.63;2828992.354;NA;False; ; ;0; ; ; ; ; ; 
TRACK;1.23.19-11;-16.45640879;-71.61243386;-1946866.875;2828945.815;NA;False; ; ;0; ; ; ; ; ; 
TRACK;1.23.19-11;-16.4568505;-71.6127424;-1946914.852;2828905.101;NA;False; ; ;0; ; ; ; ; ; 
TRACK;1.23.19-12; ; ;-1.516416327;20763369.87;NA; ; ; ; ; ; ; ; ; ; 
TRACK;1.23.19-12;-16.45659872;-71.61203624;-1946894.175;2828988.387;NA;False; ; ;0; ; ; ; ; ; 
TRACK;1.23.19-12;-16.45675449;-71.61173288;-1946916.28;2829020.724;NA;False; ; ;0; ; ; ; ; ; 
TRACK;1.23.19-12;-16.4567162;-71.61166861;-1946912.593;2829028.505;NA;False; ; ;0; ; ; ; ; ; 
TRACK;1.23.19-12;-16.45654668;-71.61161674;-1946893.343;2829036.591;NA;False; ; ;0; ; ; ; ; ; 
TRACK;1.23.19-12;-16.45637183;-71.61193387;-1946868.826;2829002.942;NA;False; ; ;0; ; ; ; ; ; 
TRACK;1.23.19-12;-16.45628894;-71.61190266;-1946859.486;2829007.558;NA;False; ; ;0; ; ; ; ; ; 
TRACK;1.23.19-12;-16.45610014;-71.61221795;-1946833.354;2828974.3;NA;False; ; ;0; ; ; ; ; ; 
TRACK;1.23.19-12;-16.45600227;-71.61236511;-1946820.012;2828958.903;NA;False; ; ;0; ; ; ; ; ; 
TRACK;1.23.19-12;-16.45625312;-71.6125423;-1946847.234;2828935.559;NA;False; ; ;0; ; ; ; ; ; 
TRACK;1.23.19-13; ; ;-1.516416327;20763369.87;NA; ; ; ; ; ; ; ; ; ; 
TRACK;1.23.19-13;-16.45627792;-71.61274433;-1946847.604;2828912.347;NA;False; ; ;0; ; ; ; ; ; 
TRACK;1.23.19-13;-16.45611374;-71.61323257;-1946822.188;2828859.174;NA;False; ; ;0; ; ; ; ; ; 
TRACK;1.23.19-13;-16.45677695;-71.61328323;-1946899.413;2828844.788;NA;False; ; ;0; ; ; ; ; ; 
TRACK;1.23.19-13;-16.45680398;-71.61278828;-1946908.813;2828900.51;NA;False; ; ;0; ; ; ; ; ; 
TRACK;1.23.19-14; ; ;-1.516416327;20763369.87;NA; ; ; ; ; ; ; ; ; ; 
TRACK;1.23.19-14;-16.45612531;-71.61328692;-1946822.862;2828852.865;NA;False; ; ;0; ; ; ; ; ; 
TRACK;1.23.19-14;-16.45608734;-71.61381663;-1946811.741;2828793.348;NA;False; ; ;0; ; ; ; ; ; 
TRACK;1.23.19-14;-16.45677746;-71.61382157;-1946892.701;2828783.793;NA;False; ; ;0; ; ; ; ; ; 
TRACK;1.23.19-14;-16.45678007;-71.61334111;-1946899.052;2828838.191;NA;False; ; ;0; ; ; ; ; ; 
TRACK;1.23.19-15; ; ;-1.516416327;20763369.87;NA; ; ; ; ; ; ; ; ; ; 
TRACK;1.23.19-15;-16.45606794;-71.61436565;-1946802.557;2828731.402;NA;False; ; ;0; ; ; ; ; ; 
TRACK;1.23.19-15;-16.45673526;-71.61439475;-1946880.537;2828719.406;NA;False; ; ;0; ; ; ; ; ; 
TRACK;1.23.19-15;-16.45678755;-71.61388939;-1946893.033;2828775.978;NA;False; ; ;0; ; ; ; ; ; 
TRACK;1.23.19-15;-16.45607485;-71.61386577;-1946809.657;2828787.943;NA;False; ; ;0; ; ; ; ; ; 
TRACK;1.23.19-16; ; ;-1.516416327;20763369.87;NA; ; ; ; ; ; ; ; ; ; 
TRACK;1.23.19-16;-16.45853752;-71.61466864;-1947088.682;2828664.883;NA;False; ; ;0; ; ; ; ; ; 
TRACK;1.23.19-16;-16.45910501;-71.61435479;-1947159.254;2828693.042;NA;False; ; ;0; ; ; ; ; ; 
TRACK;1.23.19-16;-16.45912169;-71.61397221;-1947166.025;2828736.166;NA;False; ; ;0; ; ; ; ; ; 
TRACK;1.23.19-16;-16.45846091;-71.61396967;-1947088.48;2828745.068;NA;False; ; ;0; ; ; ; ; ; 
TRACK;1.23.19-16;-16.45840847;-71.61465635;-1947073.686;2828667.958;NA;False; ; ;0; ; ; ; ; ; 
TRACK;1.23.19-17; ; ;-1.516416327;20763369.87;NA; ; ; ; ; ; ; ; ; ; 
TRACK;1.23.19-17;-16.45946011;-71.6145573;-1947198.396;2828665.469;NA;False; ; ;0; ; ; ; ; ; 
TRACK;1.23.19-17;-16.45952214;-71.61403699;-1947212.224;2828723.606;NA;False; ; ;0; ; ; ; ; ; 
TRACK;1.23.19-17;-16.45917893;-71.6140132;-1947172.23;2828730.776;NA;False; ; ;0; ; ; ; ; ; 
TRACK;1.23.19-17;-16.4591411;-71.61451825;-1947161.435;2828674.052;NA;False; ; ;0; ; ; ; ; ; 
TRACK;1.23.19-18; ; ;-1.516416327;20763369.87;NA; ; ; ; ; ; ; ; ; ; 
TRACK;1.23.19-18;-16.45991979;-71.61461413;-1947251.649;2828653.039;NA;False; ; ;0; ; ; ; ; ; 
TRACK;1.23.19-18;-16.46014489;-71.61464624;-1947277.672;2828646.466;NA;False; ; ;0; ; ; ; ; ; 
TRACK;1.23.19-18;-16.46030294;-71.61423294;-1947301.426;2828691.228;NA;False; ; ;0; ; ; ; ; ; 
TRACK;1.23.19-18;-16.46047394;-71.61364185;-1947328.94;2828755.961;NA;False; ; ;0; ; ; ; ; ; 
TRACK;1.23.19-18;-16.45996548;-71.61362671;-1947269.435;2828764.306;NA;False; ; ;0; ; ; ; ; ; 
TRACK;1.23.19-19; ; ;-1.516416327;20763369.87;NA; ; ; ; ; ; ; ; ; ; 
TRACK;1.23.19-19;-16.46064618;-71.61320595;-1947354.645;2828803.099;NA;False; ; ;0; ; ; ; ; ; 
TRACK;1.23.19-19;-16.46097186;-71.61279384;-1947398.067;2828845.539;NA;False; ; ;0; ; ; ; ; ; 
TRACK;1.23.19-19;-16.46114897;-71.61269102;-1947420.154;2828854.879;NA;False; ; ;0; ; ; ; ; ; 
TRACK;1.23.19-19;-16.46090706;-71.612308;-1947396.572;2828901.424;NA;False; ; ;0; ; ; ; ; ; 
TRACK;1.23.19-19;-16.46079153;-71.61234555;-1947382.536;2828898.676;NA;False; ; ;0; ; ; ; ; ; 
TRACK;1.23.19-19;-16.46068589;-71.61248447;-1947368.385;2828884.317;NA;False; ; ;0; ; ; ; ; ; 
TRACK;1.23.19-19;-16.46056283;-71.61275567;-1947350.525;2828855.197;NA;False; ; ;0; ; ; ; ; ; 
TRACK;1.23.19-19;-16.46041185;-71.61307383;-1947328.796;2828821.122;NA;False; ; ;0; ; ; ; ; ; 
TRACK;1.23.19-20; ; ;-1.516416327;20763369.87;NA; ; ; ; ; ; ; ; ; ; 
TRACK;1.23.19-20;-16.45960953;-71.61354972;-1947228.615;2828777.669;NA;False; ; ;0; ; ; ; ; ; 
TRACK;1.23.19-20;-16.45986564;-71.6135542;-1947258.626;2828773.822;NA;False; ; ;0; ; ; ; ; ; 
TRACK;1.23.19-20;-16.46009667;-71.61354021;-1947285.925;2828772.396;NA;False; ; ;0; ; ; ; ; ; 
TRACK;1.23.19-20;-16.46024351;-71.61356424;-1947302.863;2828767.758;NA;False; ; ;0; ; ; ; ; ; 
TRACK;1.23.19-20;-16.4605196;-71.61344132;-1947336.824;2828778.084;NA;False; ; ;0; ; ; ; ; ; 
TRACK;1.23.19-20;-16.4606321;-71.61325775;-1947352.341;2828797.414;NA;False; ; ;0; ; ; ; ; ; 
TRACK;1.23.19-20;-16.46033481;-71.61307772;-1947319.703;2828821.686;NA;False; ; ;0; ; ; ; ; ; 
TRACK;1.23.19-20;-16.46046087;-71.61282572;-1947337.674;2828848.591;NA;False; ; ;0; ; ; ; ; ; 
TRACK;1.23.19-20;-16.46056376;-71.61259234;-1947352.689;2828873.688;NA;False; ; ;0; ; ; ; ; ; 
TRACK;1.23.19-20;-16.46067732;-71.61238075;-1947368.684;2828896.179;NA;False; ; ;0; ; ; ; ; ; 
TRACK;1.23.19-20;-16.46084342;-71.61223944;-1947389.963;2828910.021;NA;False; ; ;0; ; ; ; ; ; 
TRACK;1.23.19-20;-16.46069396;-71.61193669;-1947376.225;2828946.269;NA;False; ; ;0; ; ; ; ; ; 
TRACK;1.23.19-20;-16.46055421;-71.61201233;-1947358.866;2828939.522;NA;False; ; ;0; ; ; ; ; ; 
TRACK;1.23.19-20;-16.46038824;-71.61219352;-1947337.101;2828921.159;NA;False; ; ;0; ; ; ; ; ; 
TRACK;1.23.19-20;-16.46024235;-71.61249541;-1947316.175;2828888.861;NA;False; ; ;0; ; ; ; ; ; 
TRACK;1.23.19-20;-16.46019555;-71.61269674;-1947308.147;2828866.662;NA;False; ; ;0; ; ; ; ; ; 
TRACK;1.23.19-20;-16.46011339;-71.61288323;-1947296.154;2828846.607;NA;False; ; ;0; ; ; ; ; ; 
TRACK;1.23.19-20;-16.45997476;-71.6130764;-1947277.449;2828826.53;NA;False; ; ;0; ; ; ; ; ; 
TRACK;1.23.19-20;-16.45980554;-71.61321924;-1947255.785;2828812.553;NA;False; ; ;0; ; ; ; ; ; 
TRACK;1.23.19-20;-16.45960925;-71.6132785;-1947231.993;2828808.4;NA;False; ; ;0; ; ; ; ; ; 
TRACK;1.23.19-21; ; ;-1.516416327;20763369.87;NA; ; ; ; ; ; ; ; ; ; 
TRACK;1.23.19-21;-16.46090242;-71.61223662;-1947396.925;2828909.571;NA;False; ; ;0; ; ; ; ; ; 
TRACK;1.23.19-21;-16.461145;-71.61219461;-1947425.934;2828911.167;NA;False; ; ;0; ; ; ; ; ; 
TRACK;1.23.19-21;-16.46134481;-71.61213582;-1947450.131;2828915.222;NA;False; ; ;0; ; ; ; ; ; 
TRACK;1.23.19-21;-16.46157172;-71.61204395;-1947477.927;2828922.671;NA;False; ; ;0; ; ; ; ; ; 
TRACK;1.23.19-21;-16.46136927;-71.61180064;-1947457.222;2828952.876;NA;False; ; ;0; ; ; ; ; ; 
TRACK;1.23.19-21;-16.46113316;-71.61187889;-1947428.516;2828947.089;NA;False; ; ;0; ; ; ; ; ; 
TRACK;1.23.19-21;-16.46104533;-71.61187547;-1947418.248;2828948.622;NA;False; ; ;0; ; ; ; ; ; 
TRACK;1.23.19-21;-16.4608965;-71.61189071;-1947400.582;2828948.837;NA;False; ; ;0; ; ; ; ; ; 
TRACK;1.23.19-21;-16.46073258;-71.61193004;-1947380.844;2828946.519;NA;False; ; ;0; ; ; ; ; ; 
TRACK;1.23.19-22; ; ;-1.516416327;20763369.87;NA; ; ; ; ; ; ; ; ; ; 
TRACK;1.23.19-22;-16.46117129;-71.61266322;-1947423.124;2828857.737;NA;False; ; ;0; ; ; ; ; ; 
TRACK;1.23.19-22;-16.46177626;-71.61229584;-1947498.772;2828891.468;NA;False; ; ;0; ; ; ; ; ; 
TRACK;1.23.19-22;-16.46159987;-71.61207962;-1947480.783;2828918.263;NA;False; ; ;0; ; ; ; ; ; 
TRACK;1.23.19-22;-16.46124838;-71.61222004;-1947437.751;2828906.938;NA;False; ; ;0; ; ; ; ; ; 
TRACK;1.23.19-22;-16.46095213;-71.6122838;-1947402.168;2828903.579;NA;False; ; ;0; ; ; ; ; ; 
TRACK;1.23.19-23; ; ;-1.516416327;20763369.87;NA; ; ; ; ; ; ; ; ; ; 
TRACK;1.23.19-23;-16.46205528;-71.61194502;-1947535.945;2828927.573;NA;False; ; ;0; ; ; ; ; ; 
TRACK;1.23.19-23;-16.46245087;-71.61180859;-1947584.105;2828937.869;NA;False; ; ;0; ; ; ; ; ; 
TRACK;1.23.19-23;-16.46236331;-71.61158814;-1947576.6;2828963.987;NA;False; ; ;0; ; ; ; ; ; 
TRACK;1.23.19-23;-16.46195103;-71.61173029;-1947526.407;2828953.259;NA;False; ; ;0; ; ; ; ; ; 
TRACK;1.23.19-23;-16.46164758;-71.61206355;-1947486.587;2828919.462;NA;False; ; ;0; ; ; ; ; ; 
TRACK;1.23.19-23;-16.4617972;-71.61225114;-1947501.793;2828896.259;NA;False; ; ;0; ; ; ; ; ; 
TRACK;1.23.19-24; ; ;-1.516416327;20763369.87;NA; ; ; ; ; ; ; ; ; ; 
TRACK;1.23.19-24;-16.46190385;-71.61167097;-1947521.615;2828960.594;NA;False; ; ;0; ; ; ; ; ; 
TRACK;1.23.19-24;-16.46212489;-71.61162491;-1947548.145;2828962.93;NA;False; ; ;0; ; ; ; ; ; 
TRACK;1.23.19-24;-16.46234508;-71.6115284;-1947575.21;2828970.992;NA;False; ; ;0; ; ; ; ; ; 
TRACK;1.23.19-24;-16.46220287;-71.6112577;-1947561.922;2829003.513;NA;False; ; ;0; ; ; ; ; ; 
TRACK;1.23.19-24;-16.4620895;-71.61130866;-1947547.97;2828999.22;NA;False; ; ;0; ; ; ; ; ; 
TRACK;1.23.19-24;-16.46200055;-71.61131905;-1947537.396;2828999.203;NA;False; ; ;0; ; ; ; ; ; 
TRACK;1.23.19-24;-16.46189623;-71.61133598;-1947524.935;2828998.644;NA;False; ; ;0; ; ; ; ; ; 
TRACK;1.23.19-24;-16.46178604;-71.6113618;-1947511.674;2828997.156;NA;False; ; ;0; ; ; ; ; ; 
TRACK;1.23.19-24;-16.46172519;-71.61140428;-1947503.996;2828993.137;NA;False; ; ;0; ; ; ; ; ; 
TRACK;1.23.19-24;-16.46172281;-71.61140558;-1947503.7;2828993.022;NA;False; ; ;0; ; ; ; ; ; 
TRACK;1.23.19-24;-16.46165294;-71.61146953;-1947494.692;2828986.688;NA;False; ; ;0; ; ; ; ; ; 
TRACK;1.23.19-24;-16.46165058;-71.61147208;-1947494.383;2828986.429;NA;False; ; ;0; ; ; ; ; ; 
TRACK;1.23.19-24;-16.46158239;-71.61156484;-1947485.21;2828976.81;NA;False; ; ;0; ; ; ; ; ; 
TRACK;1.23.19-24;-16.46148692;-71.6116794;-1947472.559;2828965.076;NA;False; ; ;0; ; ; ; ; ; 
TRACK;1.23.19-24;-16.4613779;-71.61177541;-1947458.552;2828955.621;NA;False; ; ;0; ; ; ; ; ; 
TRACK;1.23.19-24;-16.46160505;-71.6120107;-1947482.259;2828926.004;NA;False; ; ;0; ; ; ; ; ; 
TRACK;1.23.19-25; ; ;-1.516416327;20763369.87;NA; ; ; ; ; ; ; ; ; ; 
TRACK;1.23.19-25;-16.46247724;-71.61073421;-1947600.721;2829059.241;NA;False; ; ;0; ; ; ; ; ; 
TRACK;1.23.19-25;-16.46187369;-71.61113649;-1947524.8;2829021.539;NA;False; ; ;0; ; ; ; ; ; 
TRACK;1.23.19-25;-16.46196252;-71.61128723;-1947533.332;2829003.303;NA;False; ; ;0; ; ; ; ; ; 
TRACK;1.23.19-25;-16.46210689;-71.61126721;-1947550.534;2829003.689;NA;False; ; ;0; ; ; ; ; ; 
TRACK;1.23.19-25;-16.46222488;-71.61119092;-1947565.346;2829010.792;NA;False; ; ;0; ; ; ; ; ; 
TRACK;1.23.19-25;-16.46240938;-71.61103912;-1947588.917;2829025.584;NA;False; ; ;0; ; ; ; ; ; 
TRACK;1.23.19-25;-16.46261266;-71.61084043;-1947615.284;2829045.441;NA;False; ; ;0; ; ; ; ; ; 
TRACK;1.23.19-26; ; ;-1.516416327;20763369.87;NA; ; ; ; ; ; ; ; ; ; 
TRACK;1.23.19-26;-16.46265641;-71.61130046;-1947614.631;2828992.754;NA;False; ; ;0; ; ; ; ; ; 
TRACK;1.23.19-26;-16.46286391;-71.61111315;-1947641.349;2829011.268;NA;False; ; ;0; ; ; ; ; ; 
TRACK;1.23.19-26;-16.46262095;-71.61093319;-1947615.089;2829034.824;NA;False; ; ;0; ; ; ; ; ; 
TRACK;1.23.19-26;-16.46244229;-71.61107006;-1947592.392;2829021.649;NA;False; ; ;0; ; ; ; ; ; 
TRACK;1.23.19-26;-16.4622373;-71.61123231;-1947566.283;2829005.941;NA;False; ; ;0; ; ; ; ; ; 
TRACK;1.23.19-26;-16.46240721;-71.61150299;-1947582.824;2828973.061;NA;False; ; ;0; ; ; ; ; ; 
TRACK;1.23.19-27; ; ;-1.516416327;20763369.87;NA; ; ; ; ; ; ; ; ; ; 
TRACK;1.23.19-27;-16.46242234;-71.61155013;-1947584.008;2828967.522;NA;False; ; ;0; ; ; ; ; ; 
TRACK;1.23.19-27;-16.46254873;-71.61174928;-1947596.34;2828943.312;NA;False; ; ;0; ; ; ; ; ; 
TRACK;1.23.19-27;-16.46304321;-71.61126793;-1947660.452;2828991.395;NA;False; ; ;0; ; ; ; ; ; 
TRACK;1.23.19-27;-16.46289448;-71.61114431;-1947644.546;2829007.339;NA;False; ; ;0; ; ; ; ; ; 
TRACK;1.23.19-28; ; ;-1.516416327;20763369.87;NA; ; ; ; ; ; ; ; ; ; 
TRACK;1.23.19-28;-16.46317471;-71.61121369;-1947676.573;2828995.825;NA;False; ; ;0; ; ; ; ; ; 
TRACK;1.23.19-28;-16.46338022;-71.61083119;-1947705.515;2829036.477;NA;False; ; ;0; ; ; ; ; ; 
TRACK;1.23.19-28;-16.46316344;-71.61074095;-1947681.2;2829049.528;NA;False; ; ;0; ; ; ; ; ; 
TRACK;1.23.19-28;-16.46295319;-71.61110357;-1947651.952;2829011.189;NA;False; ; ;0; ; ; ; ; ; 
TRACK;1.23.19-29; ; ;-1.516416327;20763369.87;NA; ; ; ; ; ; ; ; ; ; 
TRACK;1.23.19-29;-16.46289801;-71.61107393;-1947645.847;2829015.266;NA;False; ; ;0; ; ; ; ; ; 
TRACK;1.23.19-29;-16.46316573;-71.61051683;-1947684.289;2829074.888;NA;False; ; ;0; ; ; ; ; ; 
TRACK;1.23.19-29;-16.46290578;-71.61042056;-1947654.982;2829089.185;NA;False; ; ;0; ; ; ; ; ; 
TRACK;1.23.19-29;-16.46263869;-71.61091836;-1947617.359;2829036.274;NA;False; ; ;0; ; ; ; ; ; 
TRACK;1.23.19-31; ; ;-1.516416327;20763369.87;NA; ; ; ; ; ; ; ; ; ; 
TRACK;1.23.19-31;-16.4617079;-71.60949635;-1947525.977;2829209.512;NA;False; ; ;0; ; ; ; ; ; 
TRACK;1.23.19-31;-16.46164804;-71.60991319;-1947513.703;2829163.069;NA;False; ; ;0; ; ; ; ; ; 
TRACK;1.23.19-31;-16.46231714;-71.60999439;-1947591.236;2829145.143;NA;False; ; ;0; ; ; ; ; ; 
TRACK;1.23.19-31;-16.4625443;-71.61005892;-1947617.094;2829134.869;NA;False; ; ;0; ; ; ; ; ; 
TRACK;1.23.19-31;-16.4626881;-71.60943785;-1947641.793;2829203.355;NA;False; ; ;0; ; ; ; ; ; 
TRACK;1.23.19-32; ; ;-1.516416327;20763369.87;NA; ; ; ; ; ; ; ; ; ; 
TRACK;1.23.19-32;-16.46104251;-71.60975251;-1947444.633;2829189.17;NA;False; ; ;0; ; ; ; ; ; 
TRACK;1.23.19-32;-16.46105786;-71.60947102;-1947449.977;2829220.86;NA;False; ; ;0; ; ; ; ; ; 
TRACK;1.23.19-32;-16.46023087;-71.60945275;-1947353.114;2829233.715;NA;False; ; ;0; ; ; ; ; ; 
TRACK;1.23.19-32;-16.46016496;-71.60976032;-1947341.505;2829199.73;NA;False; ; ;0; ; ; ; ; ; 
TRACK;1.23.19-33; ; ;-1.516416327;20763369.87;NA; ; ; ; ; ; ; ; ; ; 
TRACK;1.23.19-33;-16.46263094;-71.6101528;-1947626.084;2829123.104;NA;False; ; ;0; ; ; ; ; ; 
TRACK;1.23.19-33;-16.46249719;-71.6100864;-1947611.217;2829132.371;NA;False; ; ;0; ; ; ; ; ; 
TRACK;1.23.19-33;-16.46233557;-71.61004386;-1947592.777;2829139.298;NA;False; ; ;0; ; ; ; ; ; 
TRACK;1.23.19-33;-16.46225079;-71.61003587;-1947582.924;2829141.309;NA;False; ; ;0; ; ; ; ; ; 
TRACK;1.23.19-33;-16.46164808;-71.60997265;-1947512.959;2829156.332;NA;False; ; ;0; ; ; ; ; ; 
TRACK;1.23.19-33;-16.46144393;-71.60993263;-1947489.494;2829163.529;NA;False; ; ;0; ; ; ; ; ; 
TRACK;1.23.19-33;-16.4612648;-71.60986561;-1947469.307;2829173.457;NA;False; ; ;0; ; ; ; ; ; 
TRACK;1.23.19-33;-16.46126314;-71.60986328;-1947469.141;2829173.743;NA;False; ; ;0; ; ; ; ; ; 
TRACK;1.23.19-33;-16.46125425;-71.60986134;-1947468.123;2829174.078;NA;False; ; ;0; ; ; ; ; ; 
TRACK;1.23.19-33;-16.46106215;-71.60981116;-1947446.2;2829182.269;NA;False; ; ;0; ; ; ; ; ; 
TRACK;1.23.19-33;-16.46095633;-71.60980249;-1947433.885;2829184.631;NA;False; ; ;0; ; ; ; ; ; 
TRACK;1.23.19-33;-16.46088701;-71.60980421;-1947425.725;2829185.341;NA;False; ; ;0; ; ; ; ; ; 
TRACK;1.23.19-33;-16.46022742;-71.60983276;-1947347.926;2829190.708;NA;False; ; ;0; ; ; ; ; ; 
TRACK;1.23.19-33;-16.46005575;-71.609821;-1947327.919;2829194.279;NA;False; ; ;0; ; ; ; ; ; 
TRACK;1.23.19-33;-16.46002401;-71.61013487;-1947320.243;2829159.135;NA;False; ; ;0; ; ; ; ; ; 
TRACK;1.23.19-33;-16.46029117;-71.61014172;-1947351.524;2829154.874;NA;False; ; ;0; ; ; ; ; ; 
TRACK;1.23.19-33;-16.46052032;-71.61014676;-1947378.363;2829151.315;NA;False; ; ;0; ; ; ; ; ; 
TRACK;1.23.19-33;-16.46052825;-71.61014808;-1947379.278;2829151.062;NA;False; ; ;0; ; ; ; ; ; 
TRACK;1.23.19-33;-16.46071271;-71.61014577;-1947400.963;2829148.918;NA;False; ; ;0; ; ; ; ; ; 
TRACK;1.23.19-33;-16.46082531;-71.61010518;-1947414.694;2829152.048;NA;False; ; ;0; ; ; ; ; ; 
TRACK;1.23.19-33;-16.46103981;-71.61010478;-1947439.882;2829149.296;NA;False; ; ;0; ; ; ; ; ; 
TRACK;1.23.19-33;-16.46136324;-71.61016652;-1947477.077;2829138.084;NA;False; ; ;0; ; ; ; ; ; 
TRACK;1.23.19-33;-16.46150188;-71.61020749;-1947492.839;2829131.634;NA;False; ; ;0; ; ; ; ; ; 
TRACK;1.23.19-33;-16.4616659;-71.61019238;-1947512.286;2829131.206;NA;False; ; ;0; ; ; ; ; ; 
TRACK;1.23.19-33;-16.46193741;-71.61024298;-1947543.525;2829121.933;NA;False; ; ;0; ; ; ; ; ; 
TRACK;1.23.19-33;-16.46218764;-71.61034093;-1947571.671;2829107.573;NA;False; ; ;0; ; ; ; ; ; 
TRACK;1.23.19-33;-16.46224464;-71.61043663;-1947577.158;2829095.987;NA;False; ; ;0; ; ; ; ; ; 
TRACK;1.23.19-33;-16.46227304;-71.61053843;-1947579.212;2829084.084;NA;False; ; ;0; ; ; ; ; ; 
TRACK;1.23.19-33;-16.46230737;-71.61058579;-1947582.646;2829078.271;NA;False; ; ;0; ; ; ; ; ; 
TRACK;1.23.19-33;-16.46241824;-71.61058319;-1947595.696;2829077.119;NA;False; ; ;0; ; ; ; ; ; 
TRACK;1.23.19-33;-16.46274244;-71.61027767;-1947637.603;2829107.503;NA;False; ; ;0; ; ; ; ; ; 
TRACK;1.23.19-34; ; ;-1.516416327;20763369.87;NA; ; ; ; ; ; ; ; ; ; 
TRACK;1.23.19-34;-16.46039255;-71.61046548;-1947359.351;2829116.873;NA;False; ; ;0; ; ; ; ; ; 
TRACK;1.23.19-34;-16.46079544;-71.61048548;-1947406.401;2829109.354;NA;False; ; ;0; ; ; ; ; ; 
TRACK;1.23.19-34;-16.46077687;-71.61017345;-1947408.148;2829144.945;NA;False; ; ;0; ; ; ; ; ; 
TRACK;1.23.19-34;-16.45984238;-71.61017662;-1947298.394;2829156.774;NA;False; ; ;0; ; ; ; ; ; 
TRACK;1.23.19-34;-16.45970389;-71.6109928;-1947271.864;2829066.113;NA;False; ; ;0; ; ; ; ; ; 
TRACK;1.23.19-34;-16.46024176;-71.61099004;-1947335.047;2829059.411;NA;False; ; ;0; ; ; ; ; ; 
TRACK;1.23.19-35; ; ;-1.516416327;20763369.87;NA; ; ; ; ; ; ; ; ; ; 
TRACK;1.23.19-35;-16.45986104;-71.61182761;-1947279.81;2828969.488;NA;False; ; ;0; ; ; ; ; ; 
TRACK;1.23.19-35;-16.45973632;-71.61214759;-1947261.141;2828934.863;NA;False; ; ;0; ; ; ; ; ; 
TRACK;1.23.19-35;-16.46019045;-71.61230353;-1947312.496;2828911.275;NA;False; ; ;0; ; ; ; ; ; 
TRACK;1.23.19-35;-16.46027088;-71.61216525;-1947323.679;2828925.892;NA;False; ; ;0; ; ; ; ; ; 
TRACK;1.23.19-35;-16.46034254;-71.61205436;-1947333.487;2828937.521;NA;False; ; ;0; ; ; ; ; ; 
TRACK;1.23.19-35;-16.46044805;-71.61192459;-1947347.507;2828950.846;NA;False; ; ;0; ; ; ; ; ; 
TRACK;1.23.19-35;-16.46063458;-71.61180295;-1947370.937;2828962.194;NA;False; ; ;0; ; ; ; ; ; 
TRACK;1.23.19-35;-16.46037628;-71.61117292;-1947348.539;2829036.939;NA;False; ; ;0; ; ; ; ; ; 
TRACK;1.23.19-35;-16.45994366;-71.6111702;-1947297.782;2829042.889;NA;False; ; ;0; ; ; ; ; ; 
TRACK;1.23.19-35;-16.45992518;-71.6115674;-1947290.615;2828998.131;NA;False; ; ;0; ; ; ; ; ; 
TRACK;1.23.19-36; ; ;-1.516416327;20763369.87;NA; ; ; ; ; ; ; ; ; ; 
TRACK;1.23.19-36;-16.45977877;-71.61315982;-1947253.389;2828819.634;NA;False; ; ;0; ; ; ; ; ; 
TRACK;1.23.19-36;-16.45987509;-71.61308556;-1947265.632;2828826.791;NA;False; ; ;0; ; ; ; ; ; 
TRACK;1.23.19-36;-16.45993365;-71.61297151;-1947273.942;2828838.949;NA;False; ; ;0; ; ; ; ; ; 
TRACK;1.23.19-36;-16.46002147;-71.6128387;-1947285.923;2828852.849;NA;False; ; ;0; ; ; ; ; ; 
TRACK;1.23.19-36;-16.46009404;-71.61269558;-1947296.244;2828868.117;NA;False; ; ;0; ; ; ; ; ; 
TRACK;1.23.19-36;-16.4601467;-71.61251087;-1947304.751;2828888.356;NA;False; ; ;0; ; ; ; ; ; 
TRACK;1.23.19-36;-16.46016702;-71.61236497;-1947308.972;2828904.62;NA;False; ; ;0; ; ; ; ; ; 
TRACK;1.23.19-36;-16.45975056;-71.6122141;-1947261.976;2828927.143;NA;False; ; ;0; ; ; ; ; ; 
TRACK;1.23.19-36;-16.45971253;-71.61236348;-1947255.632;2828910.715;NA;False; ; ;0; ; ; ; ; ; 
TRACK;1.23.19-36;-16.45965308;-71.61262986;-1947245.301;2828881.312;NA;False; ; ;0; ; ; ; ; ; 
TRACK;1.23.19-36;-16.45960509;-71.61283493;-1947237.086;2828858.705;NA;False; ; ;0; ; ; ; ; ; 
TRACK;1.23.19-36;-16.45954777;-71.61320585;-1947225.69;2828817.432;NA;False; ; ;0; ; ; ; ; ; 
TRACK;1.23.19-36;-16.45968105;-71.61321089;-1947241.274;2828815.123;NA;False; ; ;0; ; ; ; ; ; 
TRACK;1.23.19-37; ; ;-1.516416327;20763369.87;NA; ; ; ; ; ; ; ; ; ; 
TRACK;1.23.19-37;-16.45927793;-71.61285759;-1947198.392;2828860.405;NA;False; ; ;0; ; ; ; ; ; 
TRACK;1.23.19-37;-16.45928711;-71.61289529;-1947198.995;2828856.014;NA;False; ; ;0; ; ; ; ; ; 
TRACK;1.23.19-37;-16.45928754;-71.61290356;-1947198.942;2828855.071;NA;False; ; ;0; ; ; ; ; ; 
TRACK;1.23.19-37;-16.45927745;-71.61298542;-1947196.728;2828845.929;NA;False; ; ;0; ; ; ; ; ; 
TRACK;1.23.19-37;-16.459272;-71.61305165;-1947195.253;2828838.497;NA;False; ; ;0; ; ; ; ; ; 
TRACK;1.23.19-37;-16.45928163;-71.61311506;-1947195.587;2828831.187;NA;False; ; ;0; ; ; ; ; ; 
TRACK;1.23.19-37;-16.45928552;-71.61312112;-1947195.967;2828830.45;NA;False; ; ;0; ; ; ; ; ; 
TRACK;1.23.19-37;-16.45932997;-71.61317948;-1947200.452;2828823.258;NA;False; ; ;0; ; ; ; ; ; 
TRACK;1.23.19-37;-16.45939409;-71.61324004;-1947207.217;2828815.562;NA;False; ; ;0; ; ; ; ; ; 
TRACK;1.23.19-37;-16.4594709;-71.61323276;-1947216.326;2828815.386;NA;False; ; ;0; ; ; ; ; ; 
TRACK;1.23.19-37;-16.45974702;-71.61194086;-1947264.998;2828958.145;NA;False; ; ;0; ; ; ; ; ; 
TRACK;1.23.19-37;-16.4585729;-71.61189008;-1947127.791;2828979.207;NA;False; ; ;0; ; ; ; ; ; 
TRACK;1.23.19-37;-16.45838292;-71.61278996;-1947094.166;2828879.735;NA;False; ; ;0; ; ; ; ; ; 
TRACK;1.23.19-37;-16.45920442;-71.61280376;-1947190.438;2828867.461;NA;False; ; ;0; ; ; ; ; ; 
TRACK;1.23.19-38; ; ;-1.516416327;20763369.87;NA; ; ; ; ; ; ; ; ; ; 
TRACK;1.23.19-38;-16.45980841;-71.61185941;-1947273.231;2828966.571;NA;False; ; ;0; ; ; ; ; ; 
TRACK;1.23.19-38;-16.45990133;-71.61148146;-1947288.895;2829008.177;NA;False; ; ;0; ; ; ; ; ; 
TRACK;1.23.19-38;-16.45990302;-71.6112053;-1947292.569;2829039.442;NA;False; ; ;0; ; ; ; ; ; 
TRACK;1.23.19-38;-16.45973493;-71.61116097;-1947273.392;2829046.656;NA;False; ; ;0; ; ; ; ; ; 
TRACK;1.23.19-38;-16.45952154;-71.61103575;-1947249.915;2829063.625;NA;False; ; ;0; ; ; ; ; ; 
TRACK;1.23.19-38;-16.45924125;-71.61092075;-1947218.455;2829080.309;NA;False; ; ;0; ; ; ; ; ; 
TRACK;1.23.19-38;-16.45871838;-71.61081732;-1947158.369;2829098.844;NA;False; ; ;0; ; ; ; ; ; 
TRACK;1.23.19-38;-16.45858446;-71.61182164;-1947130.009;2828986.809;NA;False; ; ;0; ; ; ; ; ; 
TRACK;1.23.19-39; ; ;-1.516416327;20763369.87;NA; ; ; ; ; ; ; ; ; ; 
TRACK;1.23.19-39;-16.45833068;-71.61103103;-1947110.162;2829079.688;NA;False; ; ;0; ; ; ; ; ; 
TRACK;1.23.19-39;-16.45821622;-71.61177697;-1947087.339;2828996.671;NA;False; ; ;0; ; ; ; ; ; 
TRACK;1.23.19-39;-16.45848345;-71.6118588;-1947117.683;2828983.916;NA;False; ; ;0; ; ; ; ; ; 
TRACK;1.23.19-39;-16.45859751;-71.61107706;-1947140.91;2829070.993;NA;False; ; ;0; ; ; ; ; ; 
TRACK;1.23.19-40; ; ;-1.516416327;20763369.87;NA; ; ; ; ; ; ; ; ; ; 
TRACK;1.23.19-40;-16.45705267;-71.61091182;-1946961.618;2829109.856;NA;False; ; ;0; ; ; ; ; ; 
TRACK;1.23.19-40;-16.45705368;-71.61117932;-1946958.37;2829079.538;NA;False; ; ;0; ; ; ; ; ; 
TRACK;1.23.19-40;-16.45721406;-71.61120518;-1946976.875;2829074.517;NA;False; ; ;0; ; ; ; ; ; 
TRACK;1.23.19-40;-16.45724274;-71.6108957;-1946984.135;2829109.205;NA;False; ; ;0; ; ; ; ; ; 
TRACK;1.23.19-41; ; ;-1.516416327;20763369.87;NA; ; ; ; ; ; ; ; ; ; 
TRACK;1.23.19-41;-16.45697697;-71.61148336;-1946945.539;2829046.092;NA;False; ; ;0; ; ; ; ; ; 
TRACK;1.23.19-41;-16.45709105;-71.61151319;-1946958.558;2829041.225;NA;False; ; ;0; ; ; ; ; ; 
TRACK;1.23.19-41;-16.45717411;-71.61146191;-1946968.954;2829045.952;NA;False; ; ;0; ; ; ; ; ; 
TRACK;1.23.19-41;-16.45725027;-71.6113538;-1946979.256;2829057.207;NA;False; ; ;0; ; ; ; ; ; 
TRACK;1.23.19-41;-16.45713767;-71.61122454;-1946967.662;2829073.319;NA;False; ; ;0; ; ; ; ; ; 
TRACK;1.23.19-41;-16.45680455;-71.61124203;-1946928.333;2829075.681;NA;False; ; ;0; ; ; ; ; ; 
TRACK;1.23.19-41;-16.45679517;-71.61124256;-1946927.224;2829075.743;NA;False; ; ;0; ; ; ; ; ; 
TRACK;1.23.19-41;-16.456784;-71.61124262;-1946925.912;2829075.882;NA;False; ; ;0; ; ; ; ; ; 
TRACK;1.23.19-41;-16.4567828;-71.61144702;-1946923.2;2829052.741;NA;False; ; ;0; ; ; ; ; ; 
TRACK;1.23.20-1; ; ;-1.516416327;20763369.87;NA; ; ; ; ; ; ; ; ; ; 
TRACK;1.23.20-1;-16.45605558;-71.60288401;-1946945.573;2830032.379;NA;False; ; ;0; ; ; ; ; ; 
TRACK;1.23.20-1;-16.45596569;-71.60301904;-1946933.319;2830018.252;NA;False; ; ;0; ; ; ; ; ; 
TRACK;1.23.20-1;-16.45585972;-71.60315954;-1946919.109;2830003.716;NA;False; ; ;0; ; ; ; ; ; 
TRACK;1.23.20-1;-16.45584566;-71.6034627;-1946913.642;2829969.552;NA;False; ; ;0; ; ; ; ; ; 
TRACK;1.23.20-1;-16.45590515;-71.60351608;-1946919.955;2829962.728;NA;False; ; ;0; ; ; ; ; ; 
TRACK;1.23.20-1;-16.45605064;-71.6033783;-1946938.771;2829976.44;NA;False; ; ;0; ; ; ; ; ; 
TRACK;1.23.20-1;-16.45641925;-71.60315848;-1946984.817;2829996.537;NA;False; ; ;0; ; ; ; ; ; 
TRACK;1.23.20-1;-16.45694351;-71.60289721;-1947049.658;2830019.301;NA;False; ; ;0; ; ; ; ; ; 
TRACK;1.23.20-1;-16.45692191;-71.60288935;-1947047.221;2830020.473;NA;False; ; ;0; ; ; ; ; ; 
TRACK;1.23.20-1;-16.4569212;-71.60281145;-1947048.119;2830029.308;NA;False; ; ;0; ; ; ; ; ; 
TRACK;1.23.20-1;-16.45693112;-71.60274393;-1947050.133;2830036.829;NA;False; ; ;0; ; ; ; ; ; 
TRACK;1.23.20-1;-16.45710024;-71.60251157;-1947072.914;2830060.949;NA;False; ; ;0; ; ; ; ; ; 
TRACK;1.23.20-1;-16.45624192;-71.60207123;-1946977.681;2830122.035;NA;False; ; ;0; ; ; ; ; ; 
TRACK;1.23.20-1;-16.45609862;-71.60241143;-1946956.574;2830085.36;NA;False; ; ;0; ; ; ; ; ; 
TRACK;1.23.20-2; ; ;-1.516416327;20763369.87;NA; ; ; ; ; ; ; ; ; ; 
TRACK;1.23.20-2;-16.45615946;-71.60339345;-1946951.357;2829973.304;NA;False; ; ;0; ; ; ; ; ; 
TRACK;1.23.20-2;-16.45598353;-71.60356879;-1946928.495;2829955.733;NA;False; ; ;0; ; ; ; ; ; 
TRACK;1.23.20-2;-16.45586805;-71.6037425;-1946912.75;2829937.559;NA;False; ; ;0; ; ; ; ; ; 
TRACK;1.23.20-2;-16.4558082;-71.60394135;-1946903.22;2829915.809;NA;False; ; ;0; ; ; ; ; ; 
TRACK;1.23.20-2;-16.45577722;-71.60419462;-1946896.395;2829887.518;NA;False; ; ;0; ; ; ; ; ; 
TRACK;1.23.20-2;-16.45575098;-71.60447449;-1946889.793;2829856.152;NA;False; ; ;0; ; ; ; ; ; 
TRACK;1.23.20-2;-16.4561062;-71.60442849;-1946932.077;2829856.731;NA;False; ; ;0; ; ; ; ; ; 
TRACK;1.23.20-2;-16.4561177;-71.60406564;-1946937.995;2829897.691;NA;False; ; ;0; ; ; ; ; ; 
TRACK;1.23.20-2;-16.45607677;-71.60398003;-1946934.266;2829907.925;NA;False; ; ;0; ; ; ; ; ; 
TRACK;1.23.20-2;-16.45608653;-71.60387745;-1946936.703;2829919.42;NA;False; ; ;0; ; ; ; ; ; 
TRACK;1.23.20-2;-16.45615468;-71.60370717;-1946946.847;2829937.822;NA;False; ; ;0; ; ; ; ; ; 
TRACK;1.23.20-2;-16.45630609;-71.60352176;-1946966.958;2829956.855;NA;False; ; ;0; ; ; ; ; ; 
TRACK;1.23.20-2;-16.45674075;-71.60322897;-1947021.677;2829984.358;NA;False; ; ;0; ; ; ; ; ; 
TRACK;1.23.20-2;-16.45664799;-71.60311124;-1947012.268;2829998.906;NA;False; ; ;0; ; ; ; ; ; 
TRACK;1.23.20-3; ; ;-1.516416327;20763369.87;NA; ; ; ; ; ; ; ; ; ; 
TRACK;1.23.20-3;-16.45623358;-71.60367511;-1946956.514;2829940.426;NA;False; ; ;0; ; ; ; ; ; 
TRACK;1.23.20-3;-16.45645205;-71.6040099;-1946977.952;2829899.646;NA;False; ; ;0; ; ; ; ; ; 
TRACK;1.23.20-3;-16.45663655;-71.60406771;-1946998.886;2829890.689;NA;False; ; ;0; ; ; ; ; ; 
TRACK;1.23.20-3;-16.45680723;-71.60383641;-1947021.836;2829914.668;NA;False; ; ;0; ; ; ; ; ; 
TRACK;1.23.20-3;-16.45655638;-71.60345962;-1946997.127;2829960.63;NA;False; ; ;0; ; ; ; ; ; 
TRACK;1.23.20-4; ; ;-1.516416327;20763369.87;NA; ; ; ; ; ; ; ; ; ; 
TRACK;1.23.20-4;-16.45722493;-71.60365154;-1947073.205;2829930.166;NA;False; ; ;0; ; ; ; ; ; 
TRACK;1.23.20-4;-16.45692159;-71.60321541;-1947043.08;2829983.535;NA;False; ; ;0; ; ; ; ; ; 
TRACK;1.23.20-4;-16.45662118;-71.60342659;-1947005.151;2829963.528;NA;False; ; ;0; ; ; ; ; ; 
TRACK;1.23.20-4;-16.45690797;-71.60385598;-1947033.418;2829911.138;NA;False; ; ;0; ; ; ; ; ; 
TRACK;1.23.20-5; ; ;-1.516416327;20763369.87;NA; ; ; ; ; ; ; ; ; ; 
TRACK;1.23.20-5;-16.45748796;-71.60327118;-1947108.876;2829969.829;NA;False; ; ;0; ; ; ; ; ; 
TRACK;1.23.20-5;-16.45727224;-71.60296005;-1947087.464;2830007.893;NA;False; ; ;0; ; ; ; ; ; 
TRACK;1.23.20-5;-16.45695765;-71.60318633;-1947047.68;2829986.359;NA;False; ; ;0; ; ; ; ; ; 
TRACK;1.23.20-5;-16.45718343;-71.60347379;-1947070.57;2829950.846;NA;False; ; ;0; ; ; ; ; ; 
TRACK;1.23.20-6; ; ;-1.516416327;20763369.87;NA; ; ; ; ; ; ; ; ; ; 
TRACK;1.23.20-6;-16.45753462;-71.60322475;-1947114.939;2829974.481;NA;False; ; ;0; ; ; ; ; ; 
TRACK;1.23.20-6;-16.45782512;-71.60301361;-1947151.704;2829994.612;NA;False; ; ;0; ; ; ; ; ; 
TRACK;1.23.20-6;-16.45762794;-71.60268907;-1947132.638;2830033.955;NA;False; ; ;0; ; ; ; ; ; 
TRACK;1.23.20-6;-16.45732152;-71.60291851;-1947093.773;2830011.957;NA;False; ; ;0; ; ; ; ; ; 
TRACK;1.23.20-7; ; ;-1.516416327;20763369.87;NA; ; ; ; ; ; ; ; ; ; 
TRACK;1.23.20-7;-16.45829876;-71.60222764;-1947217.207;2830077.482;NA;False; ; ;0; ; ; ; ; ; 
TRACK;1.23.20-7;-16.45767042;-71.60215632;-1947144.332;2830093.761;NA;False; ; ;0; ; ; ; ; ; 
TRACK;1.23.20-7;-16.45762542;-71.60255476;-1947134.032;2830049.204;NA;False; ; ;0; ; ; ; ; ; 
TRACK;1.23.20-7;-16.45827604;-71.60260547;-1947209.784;2830034.972;NA;False; ; ;0; ; ; ; ; ; 
TRACK;1.23.20-8; ; ;-1.516416327;20763369.87;NA; ; ; ; ; ; ; ; ; ; 
TRACK;1.23.20-8;-16.45865027;-71.60183869;-1947263.375;2830116.964;NA;False; ; ;0; ; ; ; ; ; 
TRACK;1.23.20-8;-16.45772475;-71.60172317;-1947156.163;2830142.127;NA;False; ; ;0; ; ; ; ; ; 
TRACK;1.23.20-8;-16.45768103;-71.60209623;-1947146.334;2830100.43;NA;False; ; ;0; ; ; ; ; ; 
TRACK;1.23.20-8;-16.45856551;-71.60220611;-1947248.798;2830076.442;NA;False; ; ;0; ; ; ; ; ; 
TRACK;1.23.20-9; ; ;-1.516416327;20763369.87;NA; ; ; ; ; ; ; ; ; ; 
TRACK;1.23.20-9;-16.45871544;-71.60137213;-1947276.901;2830168.974;NA;False; ; ;0; ; ; ; ; ; 
TRACK;1.23.20-9;-16.45830069;-71.60132164;-1947228.839;2830180.106;NA;False; ; ;0; ; ; ; ; ; 
TRACK;1.23.20-9;-16.45780529;-71.60130262;-1947170.913;2830188.723;NA;False; ; ;0; ; ; ; ; ; 
TRACK;1.23.20-9;-16.45776629;-71.60166884;-1947161.724;2830147.74;NA;False; ; ;0; ; ; ; ; ; 
TRACK;1.23.20-9;-16.45867127;-71.60174816;-1947266.98;2830126.947;NA;False; ; ;0; ; ; ; ; ; 
TRACK;1.23.20-10; ; ;-1.516416327;20763369.87;NA; ; ; ; ; ; ; ; ; ; 
TRACK;1.23.20-10;-16.45874969;-71.60092646;-1947286.533;2830219.021;NA;False; ; ;0; ; ; ; ; ; 
TRACK;1.23.20-10;-16.45786519;-71.60083848;-1947183.79;2830240.529;NA;False; ; ;0; ; ; ; ; ; 
TRACK;1.23.20-10;-16.45781465;-71.60123602;-1947172.851;2830196.147;NA;False; ; ;0; ; ; ; ; ; 
TRACK;1.23.20-10;-16.45870174;-71.60131958;-1947275.953;2830175.107;NA;False; ; ;0; ; ; ; ; ; 
TRACK;1.23.20-11; ; ;-1.516416327;20763369.87;NA; ; ; ; ; ; ; ; ; ; 
TRACK;1.23.20-11;-16.45877883;-71.60084807;-1947290.94;2830227.522;NA;False; ; ;0; ; ; ; ; ; 
TRACK;1.23.20-11;-16.45884148;-71.60047197;-1947303.032;2830269.316;NA;False; ; ;0; ; ; ; ; ; 
TRACK;1.23.20-11;-16.45790796;-71.6003789;-1947194.598;2830292.04;NA;False; ; ;0; ; ; ; ; ; 
TRACK;1.23.20-11;-16.45786664;-71.60076764;-1947184.852;2830248.536;NA;False; ; ;0; ; ; ; ; ; 
TRACK;1.23.20-12; ; ;-1.516416327;20763369.87;NA; ; ; ; ; ; ; ; ; ; 
TRACK;1.23.20-12;-16.45856128;-71.60037829;-1947271.312;2830283.586;NA;False; ; ;0; ; ; ; ; ; 
TRACK;1.23.20-12;-16.45853369;-71.60004473;-1947272.272;2830321.737;NA;False; ; ;0; ; ; ; ; ; 
TRACK;1.23.20-12;-16.45795754;-71.60002273;-1947204.903;2830331.748;NA;False; ; ;0; ; ; ; ; ; 
TRACK;1.23.20-12;-16.45792954;-71.60032845;-1947197.766;2830297.475;NA;False; ; ;0; ; ; ; ; ; 
TRACK;1.23.20-13; ; ;-1.516416327;20763369.87;NA; ; ; ; ; ; ; ; ; ; 
TRACK;1.23.20-13;-16.45787822;-71.60001157;-1947195.73;2830334.046;NA;False; ; ;0; ; ; ; ; ; 
TRACK;1.23.20-13;-16.45816165;-71.59966039;-1947233.429;2830370.137;NA;False; ; ;0; ; ; ; ; ; 
TRACK;1.23.20-13;-16.45799146;-71.59951254;-1947215.308;2830389.11;NA;False; ; ;0; ; ; ; ; ; 
TRACK;1.23.20-13;-16.45774057;-71.59980105;-1947182.219;2830359.695;NA;False; ; ;0; ; ; ; ; ; 
TRACK;1.23.20-13;-16.45732505;-71.60011771;-1947129.444;2830329.238;NA;False; ; ;0; ; ; ; ; ; 
TRACK;1.23.20-13;-16.4574925;-71.60028194;-1947147.037;2830308.447;NA;False; ; ;0; ; ; ; ; ; 
TRACK;1.23.20-14; ; ;-1.516416327;20763369.87;NA; ; ; ; ; ; ; ; ; ; 
TRACK;1.23.20-14;-16.45767253;-71.59980791;-1947174.143;2830359.805;NA;False; ; ;0; ; ; ; ; ; 
TRACK;1.23.20-14;-16.45794742;-71.59948438;-1947210.492;2830392.874;NA;False; ; ;0; ; ; ; ; ; 
TRACK;1.23.20-14;-16.45769056;-71.59922507;-1947183.599;2830425.605;NA;False; ; ;0; ; ; ; ; ; 
TRACK;1.23.20-14;-16.4574519;-71.59952522;-1947151.798;2830394.712;NA;False; ; ;0; ; ; ; ; ; 
TRACK;1.23.20-14;-16.45754149;-71.59964022;-1947160.869;2830380.514;NA;False; ; ;0; ; ; ; ; ; 
TRACK;1.23.20-14;-16.45728456;-71.59985175;-1947128.038;2830359.9;NA;False; ; ;0; ; ; ; ; ; 
TRACK;1.23.20-14;-16.45704872;-71.59956558;-1947103.951;2830395.399;NA;False; ; ;0; ; ; ; ; ; 
TRACK;1.23.20-14;-16.4568652;-71.59967437;-1947081.035;2830385.468;NA;False; ; ;0; ; ; ; ; ; 
TRACK;1.23.20-14;-16.45696231;-71.59981813;-1947090.626;2830367.913;NA;False; ; ;0; ; ; ; ; ; 
TRACK;1.23.20-14;-16.45703208;-71.59991868;-1947097.552;2830355.61;NA;False; ; ;0; ; ; ; ; ; 
TRACK;1.23.20-14;-16.45730264;-71.60009867;-1947127.053;2830331.688;NA;False; ; ;0; ; ; ; ; ; 
TRACK;1.23.20-16; ; ;-1.516416327;20763369.87;NA; ; ; ; ; ; ; ; ; ; 
TRACK;1.23.20-16;-16.45757322;-71.60155693;-1947140.465;2830162.938;NA;False; ; ;0; ; ; ; ; ; 
TRACK;1.23.20-16;-16.45759875;-71.60136753;-1947145.846;2830184.064;NA;False; ; ;0; ; ; ; ; ; 
TRACK;1.23.20-16;-16.45762005;-71.60120844;-1947150.349;2830201.811;NA;False; ; ;0; ; ; ; ; ; 
TRACK;1.23.20-16;-16.45759499;-71.60082352;-1947152.253;2830245.748;NA;False; ; ;0; ; ; ; ; ; 
TRACK;1.23.20-16;-16.45746672;-71.60051938;-1947141.022;2830281.881;NA;False; ; ;0; ; ; ; ; ; 
TRACK;1.23.20-16;-16.45734693;-71.6003887;-1947128.602;2830298.249;NA;False; ; ;0; ; ; ; ; ; 
TRACK;1.23.20-16;-16.45723412;-71.6003038;-1947116.426;2830309.341;NA;False; ; ;0; ; ; ; ; ; 
TRACK;1.23.20-16;-16.45717615;-71.60025282;-1947110.261;2830315.872;NA;False; ; ;0; ; ; ; ; ; 
TRACK;1.23.20-16;-16.45710215;-71.60032234;-1947100.697;2830308.962;NA;False; ; ;0; ; ; ; ; ; 
TRACK;1.23.20-16;-16.45718795;-71.60045015;-1947109.162;2830293.361;NA;False; ; ;0; ; ; ; ; ; 
TRACK;1.23.20-16;-16.45724573;-71.600536;-1947114.866;2830282.881;NA;False; ; ;0; ; ; ; ; ; 
TRACK;1.23.20-16;-16.45725759;-71.60059838;-1947115.473;2830275.658;NA;False; ; ;0; ; ; ; ; ; 
TRACK;1.23.20-16;-16.45722779;-71.60071759;-1947110.474;2830262.541;NA;False; ; ;0; ; ; ; ; ; 
TRACK;1.23.20-16;-16.45722975;-71.60079804;-1947109.691;2830253.401;NA;False; ; ;0; ; ; ; ; ; 
TRACK;1.23.20-16;-16.45732967;-71.60099016;-1947119.004;2830230.33;NA;False; ; ;0; ; ; ; ; ; 
TRACK;1.23.20-16;-16.45738161;-71.60120927;-1947122.343;2830204.827;NA;False; ; ;0; ; ; ; ; ; 
TRACK;1.23.20-16;-16.45738078;-71.60134745;-1947120.506;2830189.183;NA;False; ; ;0; ; ; ; ; ; 
TRACK;1.23.20-16;-16.45742354;-71.60157269;-1947122.692;2830163.105;NA;False; ; ;0; ; ; ; ; ; 
TRACK;1.23.20-16;-16.45743445;-71.60168247;-1947122.591;2830150.525;NA;False; ; ;0; ; ; ; ; ; 
TRACK;1.23.20-16;-16.45744684;-71.60185222;-1947121.909;2830131.131;NA;False; ; ;0; ; ; ; ; ; 
TRACK;1.23.20-16;-16.45749889;-71.60185567;-1947127.977;2830130.061;NA;False; ; ;0; ; ; ; ; ; 
TRACK;1.23.20-20; ; ;-1.516416327;20763369.87;NA; ; ; ; ; ; ; ; ; ; 
TRACK;1.23.20-20;-16.45263815;-71.60884414;-1946469.339;2829401.668;NA;False; ; ;0; ; ; ; ; ; 
TRACK;1.23.20-20;-16.45267629;-71.60894016;-1946472.609;2829390.292;NA;False; ; ;0; ; ; ; ; ; 
TRACK;1.23.20-20;-16.45268617;-71.6090377;-1946472.541;2829379.113;NA;False; ; ;0; ; ; ; ; ; 
TRACK;1.23.20-20;-16.45304386;-71.60940796;-1946509.879;2829332.5;NA;False; ; ;0; ; ; ; ; ; 
TRACK;1.23.20-20;-16.45323053;-71.60911878;-1946535.434;2829362.829;NA;False; ; ;0; ; ; ; ; ; 
TRACK;1.23.20-20;-16.45314613;-71.60907737;-1946526.045;2829368.621;NA;False; ; ;0; ; ; ; ; ; 
TRACK;1.23.20-20;-16.45288626;-71.60885363;-1946498.349;2829397.359;NA;False; ; ;0; ; ; ; ; ; 
TRACK;1.23.20-20;-16.45282043;-71.60873659;-1946492.093;2829411.477;NA;False; ; ;0; ; ; ; ; ; 
TRACK;1.23.20-20;-16.45278941;-71.60864847;-1946489.559;2829421.865;NA;False; ; ;0; ; ; ; ; ; 
TRACK;1.23.20-20;-16.4527927;-71.60855272;-1946491.151;2829432.67;NA;False; ; ;0; ; ; ; ; ; 
TRACK;1.23.20-20;-16.45282503;-71.6084111;-1946496.728;2829448.294;NA;False; ; ;0; ; ; ; ; ; 
TRACK;1.23.20-20;-16.45281837;-71.60833826;-1946496.862;2829456.633;NA;False; ; ;0; ; ; ; ; ; 
TRACK;1.23.20-20;-16.45278707;-71.60829285;-1946493.758;2829462.186;NA;False; ; ;0; ; ; ; ; ; 
TRACK;1.23.20-20;-16.45268436;-71.60825092;-1946482.227;2829468.276;NA;False; ; ;0; ; ; ; ; ; 
TRACK;1.23.20-20;-16.45235841;-71.60873864;-1946437.823;2829417.268;NA;False; ; ;0; ; ; ; ; ; 
TRACK;1.23.20-20;-16.45251674;-71.60879933;-1946455.648;2829408.328;NA;False; ; ;0; ; ; ; ; ; 
TRACK;1.23.20-21; ; ;-1.516416327;20763369.87;NA; ; ; ; ; ; ; ; ; ; 
TRACK;1.23.20-21;-16.45311216;-71.6086893;-1946526.939;2829413.031;NA;False; ; ;0; ; ; ; ; ; 
TRACK;1.23.20-21;-16.45314469;-71.60880939;-1946529.247;2829399.002;NA;False; ; ;0; ; ; ; ; ; 
TRACK;1.23.20-21;-16.45367863;-71.6090497;-1946588.912;2829364.815;NA;False; ; ;0; ; ; ; ; ; 
TRACK;1.23.20-21;-16.45372905;-71.6088683;-1946597.114;2829384.709;NA;False; ; ;0; ; ; ; ; ; 
TRACK;1.23.20-21;-16.45345142;-71.60847686;-1946569.443;2829432.678;NA;False; ; ;0; ; ; ; ; ; 
TRACK;1.23.20-21;-16.45328976;-71.60825221;-1946553.289;2829460.238;NA;False; ; ;0; ; ; ; ; ; 
TRACK;1.23.20-21;-16.45322668;-71.60828955;-1946545.413;2829456.829;NA;False; ; ;0; ; ; ; ; ; 
TRACK;1.23.20-30; ; ;-1.516416327;20763369.87;NA; ; ; ; ; ; ; ; ; ; 
TRACK;1.23.20-30;-16.45848196;-71.60974805;-1947144.067;2829223.067;NA;False; ; ;0; ; ; ; ; ; 
TRACK;1.23.20-30;-16.45811101;-71.60942709;-1947104.553;2829264.267;NA;False; ; ;0; ; ; ; ; ; 
TRACK;1.23.20-30;-16.45807416;-71.6095068;-1947099.224;2829255.717;NA;False; ; ;0; ; ; ; ; ; 
TRACK;1.23.20-30;-16.45802272;-71.60955677;-1947092.556;2829250.726;NA;False; ; ;0; ; ; ; ; ; 
TRACK;1.23.20-30;-16.45801906;-71.60956023;-1947092.083;2829250.382;NA;False; ; ;0; ; ; ; ; ; 
TRACK;1.23.20-30;-16.45791148;-71.60963328;-1947078.533;2829243.508;NA;False; ; ;0; ; ; ; ; ; 
TRACK;1.23.20-30;-16.45786824;-71.6099027;-1947070.066;2829213.55;NA;False; ; ;0; ; ; ; ; ; 
TRACK;1.23.20-30;-16.45815336;-71.61018955;-1947099.932;2829177.333;NA;False; ; ;0; ; ; ; ; ; 
TRACK;1.23.20-31; ; ;-1.516416327;20763369.87;NA; ; ; ; ; ; ; ; ; ; 
TRACK;1.23.20-31;-16.45924416;-71.61031841;-1947226.375;2829148.51;NA;False; ; ;0; ; ; ; ; ; 
TRACK;1.23.20-31;-16.45903943;-71.60966082;-1947210.614;2829225.681;NA;False; ; ;0; ; ; ; ; ; 
TRACK;1.23.20-31;-16.45889144;-71.6098093;-1947191.371;2829210.789;NA;False; ; ;0; ; ; ; ; ; 
TRACK;1.23.20-31;-16.45850036;-71.60983966;-1947145.074;2829212.448;NA;False; ; ;0; ; ; ; ; ; 
TRACK;1.23.20-31;-16.45842015;-71.61008792;-1947132.533;2829185.368;NA;False; ; ;0; ; ; ; ; ; 
TRACK;1.23.20-31;-16.4588574;-71.61017034;-1947182.831;2829170.329;NA;False; ; ;0; ; ; ; ; ; 
TRACK;1.23.20-33; ; ;-1.516416327;20763369.87;NA; ; ; ; ; ; ; ; ; ; 
TRACK;1.23.20-33;-16.45948141;-71.61019345;-1947255.802;2829159.574;NA;False; ; ;0; ; ; ; ; ; 
TRACK;1.23.20-33;-16.45941482;-71.61040625;-1947245.307;2829136.334;NA;False; ; ;0; ; ; ; ; ; 
TRACK;1.23.20-33;-16.45932237;-71.6104123;-1947234.376;2829136.853;NA;False; ; ;0; ; ; ; ; ; 
TRACK;1.23.20-33;-16.45930875;-71.61045754;-1947232.209;2829131.906;NA;False; ; ;0; ; ; ; ; ; 
TRACK;1.23.20-33;-16.45910606;-71.61042266;-1947208.85;2829138.5;NA;False; ; ;0; ; ; ; ; ; 
TRACK;1.23.20-33;-16.45907538;-71.61065835;-1947202.282;2829112.199;NA;False; ; ;0; ; ; ; ; ; 
TRACK;1.23.20-33;-16.45955186;-71.61088206;-1947255.409;2829080.641;NA;False; ; ;0; ; ; ; ; ; 
TRACK;1.23.20-33;-16.45969365;-71.61024653;-1947280.052;2829150.792;NA;False; ; ;0; ; ; ; ; ; 
TRACK;1.23.20-34; ; ;-1.516416327;20763369.87;NA; ; ; ; ; ; ; ; ; ; 
TRACK;1.23.20-34;-16.45903836;-71.60905733;-1947218.082;2829294.065;NA;False; ; ;0; ; ; ; ; ; 
TRACK;1.23.20-34;-16.45912679;-71.60901236;-1947229.03;2829298.007;NA;False; ; ;0; ; ; ; ; ; 
TRACK;1.23.20-34;-16.45917736;-71.60903631;-1947234.666;2829294.634;NA;False; ; ;0; ; ; ; ; ; 
TRACK;1.23.20-34;-16.4592616;-71.60907981;-1947244.009;2829288.607;NA;False; ; ;0; ; ; ; ; ; 
TRACK;1.23.20-34;-16.45941233;-71.60863651;-1947267.285;2829336.864;NA;False; ; ;0; ; ; ; ; ; 
TRACK;1.23.20-34;-16.45901289;-71.60863309;-1947220.43;2829342.46;NA;False; ; ;0; ; ; ; ; ; 
TRACK;1.23.20-34;-16.45887602;-71.60906547;-1947198.921;2829295.259;NA;False; ; ;0; ; ; ; ; ; 
TRACK;1.23.20-34;-16.45897033;-71.60909193;-1947209.66;2829291.032;NA;False; ; ;0; ; ; ; ; ; 
TRACK;1.23.20-35; ; ;-1.516416327;20763369.87;NA; ; ; ; ; ; ; ; ; ; 
TRACK;1.23.20-35;-16.45927106;-71.60917633;-1947243.905;2829277.549;NA;False; ; ;0; ; ; ; ; ; 
TRACK;1.23.20-35;-16.4596219;-71.61000272;-1947274.697;2829179.349;NA;False; ; ;0; ; ; ; ; ; 
TRACK;1.23.20-35;-16.45974515;-71.61006615;-1947288.368;2829170.556;NA;False; ; ;0; ; ; ; ; ; 
TRACK;1.23.20-35;-16.45993708;-71.60977259;-1947314.597;2829201.312;NA;False; ; ;0; ; ; ; ; ; 
TRACK;1.23.20-35;-16.45985235;-71.60969019;-1947305.686;2829211.751;NA;False; ; ;0; ; ; ; ; ; 
TRACK;1.23.20-35;-16.45972479;-71.60942449;-1947294.053;2829243.516;NA;False; ; ;0; ; ; ; ; ; 
TRACK;1.23.20-35;-16.45958238;-71.60913082;-1947281.029;2829278.645;NA;False; ; ;0; ; ; ; ; ; 
TRACK;1.23.20-35;-16.45951836;-71.60904126;-1947274.64;2829289.625;NA;False; ; ;0; ; ; ; ; ; 
TRACK;1.23.20-35;-16.45947198;-71.60887022;-1947271.347;2829309.608;NA;False; ; ;0; ; ; ; ; ; 
TRACK;1.23.20-35;-16.45946706;-71.60862775;-1947273.82;2829337.142;NA;False; ; ;0; ; ; ; ; ; 
TRACK;1.23.20-35;-16.45942916;-71.60862364;-1947269.422;2829338.103;NA;False; ; ;0; ; ; ; ; ; 
TRACK;1.23.20-36; ; ;-1.516416327;20763369.87;NA; ; ; ; ; ; ; ; ; ; 
TRACK;1.23.20-36;-16.46003603;-71.60932398;-1947331.86;2829250.845;NA;False; ; ;0; ; ; ; ; ; 
TRACK;1.23.20-36;-16.45974699;-71.60876086;-1947305.011;2829318.411;NA;False; ; ;0; ; ; ; ; ; 
TRACK;1.23.20-36;-16.45984611;-71.60846611;-1947320.358;2829350.512;NA;False; ; ;0; ; ; ; ; ; 
TRACK;1.23.20-36;-16.45957349;-71.60840438;-1947289.127;2829361.06;NA;False; ; ;0; ; ; ; ; ; 
TRACK;1.23.20-36;-16.45950487;-71.6086959;-1947277.402;2829328.928;NA;False; ; ;0; ; ; ; ; ; 
TRACK;1.23.20-36;-16.45953113;-71.60889037;-1947278.038;2829306.554;NA;False; ; ;0; ; ; ; ; ; 
TRACK;1.23.20-36;-16.4598203;-71.60952162;-1947304.044;2829231.267;NA;False; ; ;0; ; ; ; ; ; 
TRACK;1.23.20-37; ; ;-1.516416327;20763369.87;NA; ; ; ; ; ; ; ; ; ; 
TRACK;1.23.20-37;-16.46004476;-71.60922651;-1947334.111;2829261.773;NA;False; ; ;0; ; ; ; ; ; 
TRACK;1.23.20-37;-16.46021179;-71.60942214;-1947351.259;2829237.432;NA;False; ; ;0; ; ; ; ; ; 
TRACK;1.23.20-37;-16.4603476;-71.60922838;-1947369.642;2829257.613;NA;False; ; ;0; ; ; ; ; ; 
TRACK;1.23.20-37;-16.46035192;-71.60922129;-1947370.238;2829258.359;NA;False; ; ;0; ; ; ; ; ; 
TRACK;1.23.20-37;-16.46013987;-71.60894036;-1947348.878;2829292.952;NA;False; ; ;0; ; ; ; ; ; 
TRACK;1.23.20-37;-16.460209;-71.60855667;-1947361.824;2829335.519;NA;False; ; ;0; ; ; ; ; ; 
TRACK;1.23.20-37;-16.45988984;-71.60847546;-1947325.374;2829348.882;NA;False; ; ;0; ; ; ; ; ; 
TRACK;1.23.20-37;-16.45983405;-71.6087619;-1947315.219;2829317.158;NA;False; ; ;0; ; ; ; ; ; 
TRACK;1.23.20-39; ; ;-1.516416327;20763369.87;NA; ; ; ; ; ; ; ; ; ; 
TRACK;1.23.20-39;-16.45986892;-71.60841881;-1947323.631;2829355.573;NA;False; ; ;0; ; ; ; ; ; 
TRACK;1.23.20-39;-16.46000046;-71.60754305;-1947350.096;2829453.075;NA;False; ; ;0; ; ; ; ; ; 
TRACK;1.23.20-39;-16.45966168;-71.60752555;-1947310.541;2829459.476;NA;False; ; ;0; ; ; ; ; ; 
TRACK;1.23.20-39;-16.45965525;-71.60790581;-1947305.001;2829416.478;NA;False; ; ;0; ; ; ; ; ; 
TRACK;1.23.20-39;-16.45958768;-71.60836749;-1947291.257;2829365.055;NA;False; ; ;0; ; ; ; ; ; 
TRACK;1.23.20-40; ; ;-1.516416327;20763369.87;NA; ; ; ; ; ; ; ; ; ; 
TRACK;1.23.20-40;-16.45916123;-71.60636982;-1947266.33;2829596.941;NA;False; ; ;0; ; ; ; ; ; 
TRACK;1.23.20-40;-16.45907844;-71.60644786;-1947255.628;2829589.178;NA;False; ; ;0; ; ; ; ; ; 
TRACK;1.23.20-40;-16.45901016;-71.60655957;-1947246.206;2829577.413;NA;False; ; ;0; ; ; ; ; ; 
TRACK;1.23.20-40;-16.4588972;-71.60679704;-1947229.955;2829551.982;NA;False; ; ;0; ; ; ; ; ; 
TRACK;1.23.20-40;-16.45886988;-71.60704029;-1947223.686;2829524.779;NA;False; ; ;0; ; ; ; ; ; 
TRACK;1.23.20-40;-16.45887001;-71.60721978;-1947221.442;2829504.442;NA;False; ; ;0; ; ; ; ; ; 
TRACK;1.23.20-40;-16.45888606;-71.60732308;-1947222.026;2829492.53;NA;False; ; ;0; ; ; ; ; ; 
TRACK;1.23.20-40;-16.45892196;-71.60743112;-1947224.881;2829479.822;NA;False; ; ;0; ; ; ; ; ; 
TRACK;1.23.20-40;-16.45896512;-71.60749515;-1947229.143;2829472.005;NA;False; ; ;0; ; ; ; ; ; 
TRACK;1.23.20-40;-16.45907739;-71.60750547;-1947242.195;2829469.371;NA;False; ; ;0; ; ; ; ; ; 
TRACK;1.23.20-40;-16.45926667;-71.60748842;-1947264.631;2829468.834;NA;False; ; ;0; ; ; ; ; ; 
TRACK;1.23.20-40;-16.45943248;-71.60748302;-1947284.167;2829467.284;NA;False; ; ;0; ; ; ; ; ; 
TRACK;1.23.20-40;-16.45958928;-71.6074999;-1947302.363;2829463.325;NA;False; ; ;0; ; ; ; ; ; 
TRACK;1.23.20-40;-16.45994279;-71.60717343;-1947347.978;2829495.702;NA;False; ; ;0; ; ; ; ; ; 
TRACK;1.23.20-40;-16.45962793;-71.60702705;-1947312.853;2829516.392;NA;False; ; ;0; ; ; ; ; ; 
TRACK;1.23.20-40;-16.45934642;-71.60707798;-1947279.161;2829514.295;NA;False; ; ;0; ; ; ; ; ; 
TRACK;1.23.20-40;-16.45917119;-71.60712112;-1947258.045;2829511.692;NA;False; ; ;0; ; ; ; ; ; 
TRACK;1.23.20-40;-16.45942365;-71.60638851;-1947296.905;2829591.4;NA;False; ; ;0; ; ; ; ; ; 
TRACK;1.23.20-40;-16.45931908;-71.60631911;-1947285.502;2829600.627;NA;False; ; ;0; ; ; ; ; ; 
TRACK;1.23.20-41; ; ;-1.516416327;20763369.87;NA; ; ; ; ; ; ; ; ; ; 
TRACK;1.23.20-41;-16.45981689;-71.60586736;-1947349.634;2829645.314;NA;False; ; ;0; ; ; ; ; ; 
TRACK;1.23.20-41;-16.4592633;-71.60510934;-1947294.18;2829738.414;NA;False; ; ;0; ; ; ; ; ; 
TRACK;1.23.20-41;-16.4592727;-71.60486178;-1947298.399;2829766.339;NA;False; ; ;0; ; ; ; ; ; 
TRACK;1.23.20-41;-16.45893426;-71.60482256;-1947259.157;2829775.197;NA;False; ; ;0; ; ; ; ; ; 
TRACK;1.23.20-41;-16.45887813;-71.60510391;-1947249.026;2829744.054;NA;False; ; ;0; ; ; ; ; ; 
TRACK;1.23.20-41;-16.45891111;-71.60524369;-1947251.138;2829727.788;NA;False; ; ;0; ; ; ; ; ; 
TRACK;1.23.20-41;-16.4589509;-71.60534053;-1947254.591;2829716.296;NA;False; ; ;0; ; ; ; ; ; 
TRACK;1.23.20-41;-16.4590487;-71.60548956;-1947264.198;2829698.137;NA;False; ; ;0; ; ; ; ; ; 
TRACK;1.23.20-41;-16.45917056;-71.60560992;-1947276.991;2829682.91;NA;False; ; ;0; ; ; ; ; ; 
TRACK;1.23.20-41;-16.45927997;-71.60567007;-1947289.079;2829674.67;NA;False; ; ;0; ; ; ; ; ; 
TRACK;1.23.20-41;-16.45935294;-71.60576992;-1947296.39;2829662.405;NA;False; ; ;0; ; ; ; ; ; 
TRACK;1.23.20-41;-16.45949727;-71.60599587;-1947310.491;2829634.923;NA;False; ; ;0; ; ; ; ; ; 
TRACK;1.23.20-43; ; ;-1.516416327;20763369.87;NA; ; ; ; ; ; ; ; ; ; 
TRACK;1.23.20-43;-16.45927844;-71.60478527;-1947300.037;2829774.933;NA;False; ; ;0; ; ; ; ; ; 
TRACK;1.23.20-43;-16.45932221;-71.60415495;-1947313.11;2829845.774;NA;False; ; ;0; ; ; ; ; ; 
TRACK;1.23.20-43;-16.45903859;-71.60421828;-1947279.013;2829842.298;NA;False; ; ;0; ; ; ; ; ; 
TRACK;1.23.20-43;-16.45892929;-71.6047932;-1947258.943;2829778.588;NA;False; ; ;0; ; ; ; ; ; 
TRACK;1.23.20-46; ; ;-1.516416327;20763369.87;NA; ; ; ; ; ; ; ; ; ; 
TRACK;1.23.20-46;-16.45687551;-71.60422041;-1947025.02;2829870.272;NA;False; ; ;0; ; ; ; ; ; 
TRACK;1.23.20-46;-16.45687835;-71.60422026;-1947025.355;2829870.252;NA;False; ; ;0; ; ; ; ; ; 
TRACK;1.23.20-46;-16.45710405;-71.60420995;-1947051.985;2829868.476;NA;False; ; ;0; ; ; ; ; ; 
TRACK;1.23.20-46;-16.45721832;-71.60422819;-1947065.172;2829864.919;NA;False; ; ;0; ; ; ; ; ; 
TRACK;1.23.20-46;-16.45722073;-71.60422804;-1947065.456;2829864.905;NA;False; ; ;0; ; ; ; ; ; 
TRACK;1.23.20-46;-16.45732472;-71.60428146;-1947076.994;2829857.497;NA;False; ; ;0; ; ; ; ; ; 
TRACK;1.23.20-46;-16.45754783;-71.60449007;-1947100.563;2829830.951;NA;False; ; ;0; ; ; ; ; ; 
TRACK;1.23.20-46;-16.457603;-71.60455849;-1947106.18;2829822.48;NA;False; ; ;0; ; ; ; ; ; 
TRACK;1.23.20-46;-16.4576902;-71.60459525;-1947115.955;2829817.178;NA;False; ; ;0; ; ; ; ; ; 
TRACK;1.23.20-46;-16.45769394;-71.6045946;-1947116.402;2829817.203;NA;False; ; ;0; ; ; ; ; ; 
TRACK;1.23.20-46;-16.45783577;-71.60458197;-1947133.213;2829816.783;NA;False; ; ;0; ; ; ; ; ; 
TRACK;1.23.20-46;-16.45799845;-71.60457998;-1947152.338;2829814.887;NA;False; ; ;0; ; ; ; ; ; 
TRACK;1.23.20-46;-16.45810874;-71.60454891;-1947165.678;2829816.969;NA;False; ; ;0; ; ; ; ; ; 
TRACK;1.23.20-46;-16.45824291;-71.60447575;-1947182.352;2829823.507;NA;False; ; ;0; ; ; ; ; ; 
TRACK;1.23.20-46;-16.45838209;-71.60439064;-1947199.764;2829831.335;NA;False; ; ;0; ; ; ; ; ; 
TRACK;1.23.20-46;-16.45861258;-71.60422287;-1947228.938;2829847.335;NA;False; ; ;0; ; ; ; ; ; 
TRACK;1.23.20-46;-16.4585069;-71.60394843;-1947219.984;2829879.807;NA;False; ; ;0; ; ; ; ; ; 
TRACK;1.23.20-46;-16.45802725;-71.60419128;-1947160.612;2829858.55;NA;False; ; ;0; ; ; ; ; ; 
TRACK;1.23.20-46;-16.45773105;-71.60418985;-1947125.854;2829862.575;NA;False; ; ;0; ; ; ; ; ; 
TRACK;1.23.20-46;-16.4572506;-71.60379383;-1947074.428;2829913.71;NA;False; ; ;0; ; ; ; ; ; 
TRACK;1.23.20-46;-16.45703382;-71.60383812;-1947048.419;2829911.52;NA;False; ; ;0; ; ; ; ; ; 
TRACK;1.23.20-46;-16.45685397;-71.60385028;-1947027.15;2829912.487;NA;False; ; ;0; ; ; ; ; ; 
TRACK;1.23.20-46;-16.4567203;-71.60408612;-1947008.487;2829887.511;NA;False; ; ;0; ; ; ; ; ; 
TRACK;1.23.20-47; ; ;-1.516416327;20763369.87;NA; ; ; ; ; ; ; ; ; ; 
TRACK;1.23.20-47;-16.45789117;-71.60302829;-1947159.274;2829992.088;NA;False; ; ;0; ; ; ; ; ; 
TRACK;1.23.20-47;-16.45823512;-71.60335878;-1947195.497;2829950.158;NA;False; ; ;0; ; ; ; ; ; 
TRACK;1.23.20-47;-16.45855519;-71.603316;-1947233.615;2829950.83;NA;False; ; ;0; ; ; ; ; ; 
TRACK;1.23.20-47;-16.45858366;-71.60328311;-1947237.371;2829954.185;NA;False; ; ;0; ; ; ; ; ; 
TRACK;1.23.20-47;-16.45822045;-71.60283812;-1947200.329;2830009.339;NA;False; ; ;0; ; ; ; ; ; 
TRACK;1.23.20-48; ; ;-1.516416327;20763369.87;NA; ; ; ; ; ; ; ; ; ; 
TRACK;1.23.20-48;-16.45885605;-71.60312873;-1947271.296;2829968.122;NA;False; ; ;0; ; ; ; ; ; 
TRACK;1.23.20-48;-16.45866761;-71.60271428;-1947254.388;2830017.536;NA;False; ; ;0; ; ; ; ; ; 
TRACK;1.23.20-48;-16.45860955;-71.60273325;-1947247.333;2830016.144;NA;False; ; ;0; ; ; ; ; ; 
TRACK;1.23.20-48;-16.45860295;-71.60273623;-1947246.52;2830015.893;NA;False; ; ;0; ; ; ; ; ; 
TRACK;1.23.20-48;-16.45851596;-71.60277323;-1947235.841;2830012.836;NA;False; ; ;0; ; ; ; ; ; 
TRACK;1.23.20-48;-16.45841023;-71.60274314;-1947223.807;2830017.624;NA;False; ; ;0; ; ; ; ; ; 
TRACK;1.23.20-48;-16.45825742;-71.60282561;-1947204.827;2830010.273;NA;False; ; ;0; ; ; ; ; ; 
TRACK;1.23.20-48;-16.45861959;-71.60327346;-1947241.711;2829954.809;NA;False; ; ;0; ; ; ; ; ; 
TRACK;1.23.20-49; ; ;-1.516416327;20763369.87;NA; ; ; ; ; ; ; ; ; ; 
TRACK;1.23.20-49;-16.4599143;-71.60248859;-1947403.603;2830026.842;NA;False; ; ;0; ; ; ; ; ; 
TRACK;1.23.20-49;-16.45911935;-71.60241546;-1947311.189;2830045.498;NA;False; ; ;0; ; ; ; ; ; 
TRACK;1.23.20-49;-16.45910113;-71.60278284;-1947304.425;2830004.113;NA;False; ; ;0; ; ; ; ; ; 
TRACK;1.23.20-49;-16.45909498;-71.60279596;-1947303.537;2830002.707;NA;False; ; ;0; ; ; ; ; ; 
TRACK;1.23.20-49;-16.4590888;-71.6028066;-1947302.678;2830001.582;NA;False; ; ;0; ; ; ; ; ; 
TRACK;1.23.20-49;-16.45989743;-71.60285269;-1947397.039;2829985.811;NA;False; ; ;0; ; ; ; ; ; 
TRACK;1.23.20-50; ; ;-1.516416327;20763369.87;NA; ; ; ; ; ; ; ; ; ; 
TRACK;1.23.20-50;-16.45996009;-71.60201852;-1947414.898;2830079.501;NA;False; ; ;0; ; ; ; ; ; 
TRACK;1.23.20-50;-16.45914949;-71.60197736;-1947320.243;2830094.74;NA;False; ; ;0; ; ; ; ; ; 
TRACK;1.23.20-50;-16.45913757;-71.60234321;-1947314.238;2830053.446;NA;False; ; ;0; ; ; ; ; ; 
TRACK;1.23.20-50;-16.4599227;-71.60238917;-1947405.841;2830037.996;NA;False; ; ;0; ; ; ; ; ; 
TRACK;1.23.20-51; ; ;-1.516416327;20763369.87;NA; ; ; ; ; ; ; ; ; ; 
TRACK;1.23.20-51;-16.45988635;-71.60157806;-1947411.786;2830130.367;NA;False; ; ;0; ; ; ; ; ; 
TRACK;1.23.20-51;-16.45915849;-71.60154253;-1947326.773;2830143.888;NA;False; ; ;0; ; ; ; ; ; 
TRACK;1.23.20-51;-16.45915867;-71.60191746;-1947322.075;2830101.407;NA;False; ; ;0; ; ; ; ; ; 
TRACK;1.23.20-51;-16.45986951;-71.6019637;-1947404.952;2830086.894;NA;False; ; ;0; ; ; ; ; ; 
TRACK;1.23.20-53; ; ;-1.516416327;20763369.87;NA; ; ; ; ; ; ; ; ; ; 
TRACK;1.23.20-53;-16.45976315;-71.60079879;-1947407.131;2830220.263;NA;False; ; ;0; ; ; ; ; ; 
TRACK;1.23.20-53;-16.4592141;-71.60075845;-1947343.175;2830231.997;NA;False; ; ;0; ; ; ; ; ; 
TRACK;1.23.20-53;-16.45919229;-71.60114646;-1947335.729;2830188.321;NA;False; ; ;0; ; ; ; ; ; 
TRACK;1.23.20-53;-16.45974423;-71.6011786;-1947400.128;2830177.478;NA;False; ; ;0; ; ; ; ; ; 
TRACK;1.23.20-54; ; ;-1.516416327;20763369.87;NA; ; ; ; ; ; ; ; ; ; 
TRACK;1.23.20-54;-16.45923424;-71.60045193;-1947349.399;2830266.462;NA;False; ; ;0; ; ; ; ; ; 
TRACK;1.23.20-54;-16.45920841;-71.60069679;-1947343.282;2830239.057;NA;False; ; ;0; ; ; ; ; ; 
TRACK;1.23.20-54;-16.45959373;-71.60070558;-1947388.413;2830233.033;NA;False; ; ;0; ; ; ; ; ; 
TRACK;1.23.20-54;-16.45943333;-71.60041784;-1947373.203;2830267.726;NA;False; ; ;0; ; ; ; ; ; 
TRACK;1.23.20-55; ; ;-1.516416327;20763369.87;NA; ; ; ; ; ; ; ; ; ; 
TRACK;1.23.20-55;-16.45927287;-71.6000233;-1947359.33;2830314.521;NA;False; ; ;0; ; ; ; ; ; 
TRACK;1.23.20-55;-16.45971058;-71.60065952;-1947402.713;2830236.728;NA;False; ; ;0; ; ; ; ; ; 
TRACK;1.23.20-55;-16.45975198;-71.60064653;-1947407.737;2830237.66;NA;False; ; ;0; ; ; ; ; ; 
TRACK;1.23.20-55;-16.45979626;-71.60005601;-1947420.37;2830303.986;NA;False; ; ;0; ; ; ; ; ; 
TRACK;1.23.20-56; ; ;-1.516416327;20763369.87;NA; ; ; ; ; ; ; ; ; ; 
TRACK;1.23.20-56;-16.45979496;-71.59967319;-1947425.039;2830347.376;NA;False; ; ;0; ; ; ; ; ; 
TRACK;1.23.20-56;-16.45930682;-71.59967903;-1947367.651;2830353.083;NA;False; ; ;0; ; ; ; ; ; 
TRACK;1.23.20-56;-16.45924182;-71.59997265;-1947356.323;2830320.665;NA;False; ; ;0; ; ; ; ; ; 
TRACK;1.23.20-56;-16.45979224;-71.60001625;-1947420.4;2830308.544;NA;False; ; ;0; ; ; ; ; ; 
TRACK;1.23.20-57; ; ;-1.516416327;20763369.87;NA; ; ; ; ; ; ; ; ; ; 
TRACK;1.23.20-57;-16.45984297;-71.59925173;-1947435.982;2830394.5;NA;False; ; ;0; ; ; ; ; ; 
TRACK;1.23.20-57;-16.45940433;-71.59922852;-1947384.773;2830402.854;NA;False; ; ;0; ; ; ; ; ; 
TRACK;1.23.20-57;-16.45940156;-71.59960521;-1947379.704;2830360.211;NA;False; ; ;0; ; ; ; ; ; 
TRACK;1.23.20-57;-16.45981885;-71.59952973;-1947429.65;2830363.318;NA;False; ; ;0; ; ; ; ; ; 
TRACK;1.23.20-58; ; ;-1.516416327;20763369.87;NA; ; ; ; ; ; ; ; ; ; 
TRACK;1.23.20-58;-16.45984365;-71.59883915;-1947441.257;2830441.235;NA;False; ; ;0; ; ; ; ; ; 
TRACK;1.23.20-58;-16.45927169;-71.5988157;-1947374.397;2830451.356;NA;False; ; ;0; ; ; ; ; ; 
TRACK;1.23.20-58;-16.45934881;-71.59899074;-1947381.248;2830430.518;NA;False; ; ;0; ; ; ; ; ; 
TRACK;1.23.20-58;-16.45940471;-71.59899981;-1947387.697;2830428.761;NA;False; ; ;0; ; ; ; ; ; 
TRACK;1.23.20-58;-16.45943669;-71.59916579;-1947389.362;2830409.538;NA;False; ; ;0; ; ; ; ; ; 
TRACK;1.23.20-58;-16.45982803;-71.59917995;-1947435.132;2830402.828;NA;False; ; ;0; ; ; ; ; ; 
TRACK;1.23.20-59; ; ;-1.516416327;20763369.87;NA; ; ; ; ; ; ; ; ; ; 
TRACK;1.23.20-59;-16.45933246;-71.59847723;-1947385.794;2830488.911;NA;False; ; ;0; ; ; ; ; ; 
TRACK;1.23.20-59;-16.45933003;-71.59864764;-1947383.363;2830469.636;NA;False; ; ;0; ; ; ; ; ; 
TRACK;1.23.20-59;-16.4594569;-71.59864562;-1947398.285;2830468.209;NA;False; ; ;0; ; ; ; ; ; 
TRACK;1.23.20-59;-16.45945671;-71.59876446;-1947396.765;2830454.747;NA;False; ; ;0; ; ; ; ; ; 
TRACK;1.23.20-59;-16.45985449;-71.5987876;-1947443.178;2830446.935;NA;False; ; ;0; ; ; ; ; ; 
TRACK;1.23.20-59;-16.4598185;-71.59843999;-1947443.331;2830486.789;NA;False; ; ;0; ; ; ; ; ; 
TRACK;1.23.20-60; ; ;-1.516416327;20763369.87;NA; ; ; ; ; ; ; ; ; ; 
TRACK;1.23.20-60;-16.45982156;-71.59789064;-1947450.607;2830548.99;NA;False; ; ;0; ; ; ; ; ; 
TRACK;1.23.20-60;-16.45928829;-71.59787623;-1947388.176;2830557.581;NA;False; ; ;0; ; ; ; ; ; 
TRACK;1.23.20-60;-16.45927046;-71.59825738;-1947381.283;2830514.63;NA;False; ; ;0; ; ; ; ; ; 
TRACK;1.23.20-60;-16.45980156;-71.598283;-1947443.318;2830504.797;NA;False; ; ;0; ; ; ; ; ; 
TRACK;1.23.20-61; ; ;-1.516416327;20763369.87;NA; ; ; ; ; ; ; ; ; ; 
TRACK;1.23.20-61;-16.45983303;-71.59745566;-1947457.431;2830598.123;NA;False; ; ;0; ; ; ; ; ; 
TRACK;1.23.20-61;-16.45929761;-71.59744125;-1947394.748;2830606.743;NA;False; ; ;0; ; ; ; ; ; 
TRACK;1.23.20-61;-16.45928196;-71.59780671;-1947388.308;2830565.541;NA;False; ; ;0; ; ; ; ; ; 
TRACK;1.23.20-61;-16.45981304;-71.59784353;-1947450.2;2830554.438;NA;False; ; ;0; ; ; ; ; ; 
TRACK;1.23.20-62; ; ;-1.516416327;20763369.87;NA; ; ; ; ; ; ; ; ; ; 
TRACK;1.23.20-62;-16.45983374;-71.59702066;-1947462.993;2830647.399;NA;False; ; ;0; ; ; ; ; ; 
TRACK;1.23.20-62;-16.45930909;-71.5969973;-1947401.686;2830656.892;NA;False; ; ;0; ; ; ; ; ; 
TRACK;1.23.20-62;-16.45929773;-71.59736725;-1947395.694;2830615.125;NA;False; ; ;0; ; ; ; ; ; 
TRACK;1.23.20-62;-16.45982885;-71.59738166;-1947457.873;2830606.562;NA;False; ; ;0; ; ; ; ; ; 
TRACK;1.23.20-63; ; ;-1.516416327;20763369.87;NA; ; ; ; ; ; ; ; ; ; 
TRACK;1.23.20-63;-16.45986675;-71.59656106;-1947472.657;2830699.041;NA;False; ; ;0; ; ; ; ; ; 
TRACK;1.23.20-63;-16.45934207;-71.59655788;-1947411.092;2830706.249;NA;False; ; ;0; ; ; ; ; ; 
TRACK;1.23.20-63;-16.45930924;-71.59690985;-1947402.804;2830666.798;NA;False; ; ;0; ; ; ; ; ; 
TRACK;1.23.20-63;-16.45983818;-71.59693771;-1947464.559;2830656.74;NA;False; ; ;0; ; ; ; ; ; 
TRACK;1.23.20-64; ; ;-1.516416327;20763369.87;NA; ; ; ; ; ; ; ; ; ; 
TRACK;1.23.20-64;-16.46000063;-71.5962272;-1947492.58;2830735.12;NA;False; ; ;0; ; ; ; ; ; 
TRACK;1.23.20-64;-16.45942887;-71.59608043;-1947427.296;2830759.211;NA;False; ; ;0; ; ; ; ; ; 
TRACK;1.23.20-64;-16.45938357;-71.59616331;-1947420.934;2830750.411;NA;False; ; ;0; ; ; ; ; ; 
TRACK;1.23.20-64;-16.45946954;-71.59619262;-1947430.659;2830745.969;NA;False; ; ;0; ; ; ; ; ; 
TRACK;1.23.20-64;-16.45943482;-71.59638539;-1947424.154;2830724.581;NA;False; ; ;0; ; ; ; ; ; 
TRACK;1.23.20-64;-16.45993571;-71.59647373;-1947481.853;2830708.035;NA;False; ; ;0; ; ; ; ; ; 
TRACK;1.23.20-65; ; ;-1.516416327;20763369.87;NA; ; ; ; ; ; ; ; ; ; 
TRACK;1.23.20-65;-16.46053652;-71.59595011;-1947558.992;2830759.52;NA;False; ; ;0; ; ; ; ; ; 
TRACK;1.23.20-65;-16.46010211;-71.59597176;-1947507.713;2830762.737;NA;False; ; ;0; ; ; ; ; ; 
TRACK;1.23.20-65;-16.45996359;-71.59652087;-1947484.533;2830702.33;NA;False; ; ;0; ; ; ; ; ; 
TRACK;1.23.20-65;-16.45996357;-71.59652984;-1947484.418;2830701.314;NA;False; ; ;0; ; ; ; ; ; 
TRACK;1.23.20-65;-16.46047318;-71.59655093;-1947543.987;2830692.274;NA;False; ; ;0; ; ; ; ; ; 
TRACK;1.23.20-66; ; ;-1.516416327;20763369.87;NA; ; ; ; ; ; ; ; ; ; 
TRACK;1.23.20-66;-16.45979241;-71.59600036;-1947470.99;2830763.539;NA;False; ; ;0; ; ; ; ; ; 
TRACK;1.23.20-66;-16.45953238;-71.59590123;-1947441.706;2830778.163;NA;False; ; ;0; ; ; ; ; ; 
TRACK;1.23.20-66;-16.45946764;-71.5960379;-1947432.384;2830763.524;NA;False; ; ;0; ; ; ; ; ; 
TRACK;1.23.20-66;-16.45973632;-71.59611237;-1947462.993;2830751.58;NA;False; ; ;0; ; ; ; ; ; 
TRACK;1.23.20-67; ; ;-1.516416327;20763369.87;NA; ; ; ; ; ; ; ; ; ; 
TRACK;1.23.20-67;-16.45966662;-71.59534091;-1947464.525;2830839.897;NA;False; ; ;0; ; ; ; ; ; 
TRACK;1.23.20-67;-16.45937409;-71.59538972;-1947429.563;2830838.184;NA;False; ; ;0; ; ; ; ; ; 
TRACK;1.23.20-67;-16.45939072;-71.59573954;-1947427.11;2830798.332;NA;False; ; ;0; ; ; ; ; ; 
TRACK;1.23.20-67;-16.45968318;-71.59573109;-1947461.556;2830795.472;NA;False; ; ;0; ; ; ; ; ; 
TRACK;1.23.20-68; ; ;-1.516416327;20763369.87;NA; ; ; ; ; ; ; ; ; ; 
TRACK;1.23.20-68;-16.45909732;-71.59437675;-1947409.823;2830956.568;NA;False; ; ;0; ; ; ; ; ; 
TRACK;1.23.20-68;-16.45914091;-71.59415701;-1947417.71;2830980.896;NA;False; ; ;0; ; ; ; ; ; 
TRACK;1.23.20-68;-16.45863214;-71.5939241;-1947360.905;2831013.925;NA;False; ; ;0; ; ; ; ; ; 
TRACK;1.23.20-68;-16.45863442;-71.59414109;-1947358.44;2830989.309;NA;False; ; ;0; ; ; ; ; ; 
TRACK;1.23.20-69; ; ;-1.516416327;20763369.87;NA; ; ; ; ; ; ; ; ; ; 
TRACK;1.23.20-69;-16.45911181;-71.5944373;-1947410.763;2830949.518;NA;False; ; ;0; ; ; ; ; ; 
TRACK;1.23.20-69;-16.4586547;-71.59420664;-1947359.996;2830981.618;NA;False; ; ;0; ; ; ; ; ; 
TRACK;1.23.20-69;-16.45863634;-71.59447002;-1947354.523;2830952.016;NA;False; ; ;0; ; ; ; ; ; 
TRACK;1.23.20-69;-16.4590829;-71.59472317;-1947403.767;2830917.505;NA;False; ; ;0; ; ; ; ; ; 
TRACK;1.23.20-70; ; ;-1.516416327;20763369.87;NA; ; ; ; ; ; ; ; ; ; 
TRACK;1.23.20-70;-16.45909339;-71.59475998;-1947404.536;2830913.198;NA;False; ; ;0; ; ; ; ; ; 
TRACK;1.23.20-70;-16.45863495;-71.59451044;-1947353.85;2830947.455;NA;False; ; ;0; ; ; ; ; ; 
TRACK;1.23.20-70;-16.45862826;-71.59479215;-1947349.517;2830915.624;NA;False; ; ;0; ; ; ; ; ; 
TRACK;1.23.20-70;-16.459101;-71.59506138;-1947401.634;2830878.95;NA;False; ; ;0; ; ; ; ; ; 
TRACK;1.23.20-71; ; ;-1.516416327;20763369.87;NA; ; ; ; ; ; ; ; ; ; 
TRACK;1.23.20-71;-16.45910686;-71.59512331;-1947401.541;2830871.856;NA;False; ; ;0; ; ; ; ; ; 
TRACK;1.23.20-71;-16.45862757;-71.59482243;-1947349.055;2830912.202;NA;False; ; ;0; ; ; ; ; ; 
TRACK;1.23.20-71;-16.45859981;-71.59512418;-1947341.995;2830878.376;NA;False; ; ;0; ; ; ; ; ; 
TRACK;1.23.20-71;-16.45908555;-71.59538362;-1947395.76;2830842.641;NA;False; ; ;0; ; ; ; ; ; 
TRACK;1.23.20-72; ; ;-1.516416327;20763369.87;NA; ; ; ; ; ; ; ; ; ; 
TRACK;1.23.20-72;-16.45912166;-71.59562635;-1947396.943;2830814.668;NA;False; ; ;0; ; ; ; ; ; 
TRACK;1.23.20-72;-16.45908309;-71.59543381;-1947394.84;2830836.987;NA;False; ; ;0; ; ; ; ; ; 
TRACK;1.23.20-72;-16.45868779;-71.59522308;-1947351.079;2830866.021;NA;False; ; ;0; ; ; ; ; ; 
TRACK;1.23.20-72;-16.45867268;-71.59542048;-1947346.819;2830843.853;NA;False; ; ;0; ; ; ; ; ; 
TRACK;1.23.20-73; ; ;-1.516416327;20763369.87;NA; ; ; ; ; ; ; ; ; ; 
TRACK;1.23.20-73;-16.45877997;-71.59555261;-1947357.753;2830827.482;NA;False; ; ;0; ; ; ; ; ; 
TRACK;1.23.20-73;-16.45860733;-71.59545852;-1947338.667;2830840.396;NA;False; ; ;0; ; ; ; ; ; 
TRACK;1.23.20-73;-16.45840554;-71.59555871;-1947313.712;2830831.678;NA;False; ; ;0; ; ; ; ; ; 
TRACK;1.23.20-73;-16.45870952;-71.59566337;-1947348.086;2830815.852;NA;False; ; ;0; ; ; ; ; ; 
TRACK;1.23.20-74; ; ;-1.516416327;20763369.87;NA; ; ; ; ; ; ; ; ; ; 
TRACK;1.23.20-74;-16.45900044;-71.5958382;-1947380.043;2830792.247;NA;False; ; ;0; ; ; ; ; ; 
TRACK;1.23.20-74;-16.4582547;-71.59558285;-1947295.697;2830830.911;NA;False; ; ;0; ; ; ; ; ; 
TRACK;1.23.20-74;-16.45814333;-71.59574832;-1947280.537;2830813.616;NA;False; ; ;0; ; ; ; ; ; 
TRACK;1.23.20-74;-16.45814093;-71.59575629;-1947280.155;2830812.745;NA;False; ; ;0; ; ; ; ; ; 
TRACK;1.23.20-74;-16.45813853;-71.59576425;-1947279.774;2830811.874;NA;False; ; ;0; ; ; ; ; ; 
TRACK;1.23.20-74;-16.45891878;-71.59608264;-1947367.377;2830765.618;NA;False; ; ;0; ; ; ; ; ; 
TRACK;1.23.20-75; ; ;-1.516416327;20763369.87;NA; ; ; ; ; ; ; ; ; ; 
TRACK;1.23.20-75;-16.4588971;-71.59618729;-1947363.513;2830754.043;NA;False; ; ;0; ; ; ; ; ; 
TRACK;1.23.20-75;-16.4579427;-71.5963514;-1947249.386;2830747.904;NA;False; ; ;0; ; ; ; ; ; 
TRACK;1.23.20-75;-16.45800433;-71.59671439;-1947252.051;2830705.973;NA;False; ; ;0; ; ; ; ; ; 
TRACK;1.23.20-75;-16.45887343;-71.59656935;-1947355.922;2830711.065;NA;False; ; ;0; ; ; ; ; ; 
TRACK;1.23.20-76; ; ;-1.516416327;20763369.87;NA; ; ; ; ; ; ; ; ; ; 
TRACK;1.23.20-76;-16.45894141;-71.59663532;-1947363.073;2830702.703;NA;False; ; ;0; ; ; ; ; ; 
TRACK;1.23.20-76;-16.45800157;-71.59679429;-1947250.721;2830696.956;NA;False; ; ;0; ; ; ; ; ; 
TRACK;1.23.20-76;-16.45806584;-71.59717288;-1947253.5;2830653.222;NA;False; ; ;0; ; ; ; ; ; 
TRACK;1.23.20-76;-16.45892767;-71.59700819;-1947356.765;2830660.636;NA;False; ; ;0; ; ; ; ; ; 
TRACK;1.23.20-78; ; ;-1.516416327;20763369.87;NA; ; ; ; ; ; ; ; ; ; 
TRACK;1.23.20-78;-16.45889475;-71.59710794;-1947351.643;2830649.764;NA;False; ; ;0; ; ; ; ; ; 
TRACK;1.23.20-78;-16.4580663;-71.59723789;-1947252.735;2830645.852;NA;False; ; ;0; ; ; ; ; ; 
TRACK;1.23.20-78;-16.45812525;-71.59762902;-1947254.732;2830600.767;NA;False; ; ;0; ; ; ; ; ; 
TRACK;1.23.20-78;-16.45892044;-71.59747671;-1947350.016;2830607.647;NA;False; ; ;0; ; ; ; ; ; 
TRACK;1.23.20-79; ; ;-1.516416327;20763369.87;NA; ; ; ; ; ; ; ; ; ; 
TRACK;1.23.20-79;-16.4588153;-71.59795431;-1947331.657;2830554.906;NA;False; ; ;0; ; ; ; ; ; 
TRACK;1.23.20-79;-16.45877115;-71.59757539;-1947331.244;2830598.415;NA;False; ; ;0; ; ; ; ; ; 
TRACK;1.23.20-79;-16.45815316;-71.5976818;-1947257.344;2830594.422;NA;False; ; ;0; ; ; ; ; ; 
TRACK;1.23.20-79;-16.45820555;-71.59805259;-1947258.827;2830551.728;NA;False; ; ;0; ; ; ; ; ; 
TRACK;1.23.20-80; ; ;-1.516416327;20763369.87;NA; ; ; ; ; ; ; ; ; ; 
TRACK;1.23.20-80;-16.45847886;-71.59941359;-1947273.781;2830393.96;NA;False; ; ;0; ; ; ; ; ; 
TRACK;1.23.20-80;-16.45845862;-71.59917862;-1947274.362;2830420.847;NA;False; ; ;0; ; ; ; ; ; 
TRACK;1.23.20-80;-16.4582172;-71.59924301;-1947245.207;2830416.701;NA;False; ; ;0; ; ; ; ; ; 
TRACK;1.23.20-80;-16.45819634;-71.59912133;-1947244.29;2830430.76;NA;False; ; ;0; ; ; ; ; ; 
TRACK;1.23.20-80;-16.45800119;-71.59915194;-1947220.991;2830429.838;NA;False; ; ;0; ; ; ; ; ; 
TRACK;1.23.20-80;-16.45805355;-71.59949744;-1947222.789;2830390.01;NA;False; ; ;0; ; ; ; ; ; 
TRACK;1.23.20-80;-16.45847592;-71.59941961;-1947273.36;2830393.317;NA;False; ; ;0; ; ; ; ; ; 
TRACK;1.23.20-81; ; ;-1.516416327;20763369.87;NA; ; ; ; ; ; ; ; ; ; 
TRACK;1.23.20-81;-16.45816223;-71.59887319;-1947243.409;2830459.319;NA;False; ; ;0; ; ; ; ; ; 
TRACK;1.23.20-81;-16.45796378;-71.59891379;-1947219.597;2830457.308;NA;False; ; ;0; ; ; ; ; ; 
TRACK;1.23.20-81;-16.45798757;-71.59911797;-1947219.82;2830433.864;NA;False; ; ;0; ; ; ; ; ; 
TRACK;1.23.20-81;-16.45817992;-71.59907459;-1947242.95;2830436.269;NA;False; ; ;0; ; ; ; ; ; 
TRACK;1.23.20-82; ; ;-1.516416327;20763369.87;NA; ; ; ; ; ; ; ; ; ; 
TRACK;1.23.20-82;-16.45768774;-71.59905923;-1947185.356;2830444.432;NA;False; ; ;0; ; ; ; ; ; 
TRACK;1.23.20-82;-16.45696867;-71.59876102;-1947104.682;2830487.601;NA;False; ; ;0; ; ; ; ; ; 
TRACK;1.23.20-82;-16.45680642;-71.59912653;-1947081.03;2830448.306;NA;False; ; ;0; ; ; ; ; ; 
TRACK;1.23.20-82;-16.45748837;-71.599452;-1947157.001;2830402.532;NA;False; ; ;0; ; ; ; ; ; 
TRACK;1.23.20-83; ; ;-1.516416327;20763369.87;NA; ; ; ; ; ; ; ; ; ; 
TRACK;1.23.20-83;-16.4579489;-71.59867332;-1947220.877;2830484.748;NA;False; ; ;0; ; ; ; ; ; 
TRACK;1.23.20-83;-16.45714094;-71.59833636;-1947130.254;2830533.468;NA;False; ; ;0; ; ; ; ; ; 
TRACK;1.23.20-83;-16.45698262;-71.59869121;-1947107.199;2830495.329;NA;False; ; ;0; ; ; ; ; ; 
TRACK;1.23.20-83;-16.45775145;-71.59898898;-1947193.719;2830451.56;NA;False; ; ;0; ; ; ; ; ; 
TRACK;1.23.20-84; ; ;-1.516416327;20763369.87;NA; ; ; ; ; ; ; ; ; ; 
TRACK;1.23.20-84;-16.45765656;-71.59821039;-1947192.381;2830541.012;NA;False; ; ;0; ; ; ; ; ; 
TRACK;1.23.20-84;-16.45734755;-71.59825577;-1947155.528;2830539.903;NA;False; ; ;0; ; ; ; ; ; 
TRACK;1.23.20-84;-16.45732044;-71.59837026;-1947150.904;2830527.285;NA;False; ; ;0; ; ; ; ; ; 
TRACK;1.23.20-84;-16.45759277;-71.59845128;-1947181.858;2830514.552;NA;False; ; ;0; ; ; ; ; ; 
TRACK;1.23.20-85; ; ;-1.516416327;20763369.87;NA; ; ; ; ; ; ; ; ; ; 
TRACK;1.23.20-85;-16.45808419;-71.59769289;-1947249.107;2830594.066;NA;False; ; ;0; ; ; ; ; ; 
TRACK;1.23.20-85;-16.45720111;-71.59784306;-1947143.531;2830588.574;NA;False; ; ;0; ; ; ; ; ; 
TRACK;1.23.20-85;-16.45716229;-71.59822266;-1947134.193;2830546.071;NA;False; ; ;0; ; ; ; ; ; 
TRACK;1.23.20-85;-16.4581279;-71.59807814;-1947249.388;2830549.847;NA;False; ; ;0; ; ; ; ; ; 
TRACK;1.23.20-86; ; ;-1.516416327;20763369.87;NA; ; ; ; ; ; ; ; ; ; 
TRACK;1.23.20-86;-16.45801166;-71.59724483;-1947246.233;2830645.778;NA;False; ; ;0; ; ; ; ; ; 
TRACK;1.23.20-86;-16.45725871;-71.59737625;-1947156.171;2830640.713;NA;False; ; ;0; ; ; ; ; ; 
TRACK;1.23.20-86;-16.45721443;-71.59778279;-1947145.853;2830595.229;NA;False; ; ;0; ; ; ; ; ; 
TRACK;1.23.20-86;-16.45807421;-71.59763437;-1947248.672;2830600.826;NA;False; ; ;0; ; ; ; ; ; 
TRACK;1.23.20-87; ; ;-1.516416327;20763369.87;NA; ; ; ; ; ; ; ; ; ; 
TRACK;1.23.20-87;-16.45793897;-71.59680631;-1947243.22;2830696.412;NA;False; ; ;0; ; ; ; ; ; 
TRACK;1.23.20-87;-16.45733324;-71.59691008;-1947170.792;2830692.558;NA;False; ; ;0; ; ; ; ; ; 
TRACK;1.23.20-87;-16.45727448;-71.59730759;-1947158.887;2830648.286;NA;False; ; ;0; ; ; ; ; ; 
TRACK;1.23.20-87;-16.45800624;-71.59718916;-1947246.297;2830652.156;NA;False; ; ;0; ; ; ; ; ; 
TRACK;1.23.20-88; ; ;-1.516416327;20763369.87;NA; ; ; ; ; ; ; ; ; ; 
TRACK;1.23.20-88;-16.45721787;-71.59702886;-1947155.75;2830680.606;NA;False; ; ;0; ; ; ; ; ; 
TRACK;1.23.20-88;-16.45704284;-71.5970445;-1947135.002;2830681.118;NA;False; ; ;0; ; ; ; ; ; 
TRACK;1.23.20-88;-16.45698405;-71.59720839;-1947126.036;2830663.316;NA;False; ; ;0; ; ; ; ; ; 
TRACK;1.23.20-88;-16.4569544;-71.59733837;-1947120.918;2830648.976;NA;False; ; ;0; ; ; ; ; ; 
TRACK;1.23.20-88;-16.45692855;-71.59746612;-1947116.275;2830634.839;NA;False; ; ;0; ; ; ; ; ; 
TRACK;1.23.20-88;-16.4569375;-71.59763368;-1947115.216;2830615.737;NA;False; ; ;0; ; ; ; ; ; 
TRACK;1.23.20-88;-16.45696158;-71.59777909;-1947116.212;2830598.948;NA;False; ; ;0; ; ; ; ; ; 
TRACK;1.23.20-88;-16.45697957;-71.59789129;-1947116.911;2830586.001;NA;False; ; ;0; ; ; ; ; ; 
TRACK;1.23.20-88;-16.45711053;-71.59788275;-1947132.396;2830585.259;NA;False; ; ;0; ; ; ; ; ; 
TRACK;1.23.20-89; ; ;-1.516416327;20763369.87;NA; ; ; ; ; ; ; ; ; ; 
TRACK;1.23.20-89;-16.45683658;-71.59775106;-1947101.889;2830603.754;NA;False; ; ;0; ; ; ; ; ; 
TRACK;1.23.20-89;-16.45681587;-71.59746661;-1947103.038;2830636.254;NA;False; ; ;0; ; ; ; ; ; 
TRACK;1.23.20-89;-16.45658278;-71.59752009;-1947074.997;2830633.235;NA;False; ; ;0; ; ; ; ; ; 
TRACK;1.23.20-89;-16.45658216;-71.59776275;-1947071.869;2830605.749;NA;False; ; ;0; ; ; ; ; ; 
TRACK;1.23.20-90; ; ;-1.516416327;20763369.87;NA; ; ; ; ; ; ; ; ; ; 
TRACK;1.23.20-90;-16.45684321;-71.59809183;-1947098.376;2830565.058;NA;False; ; ;0; ; ; ; ; ; 
TRACK;1.23.20-90;-16.45684137;-71.59779533;-1947101.893;2830598.675;NA;False; ; ;0; ; ; ; ; ; 
TRACK;1.23.20-90;-16.45658963;-71.59781148;-1947072.132;2830600.13;NA;False; ; ;0; ; ; ; ; ; 
TRACK;1.23.20-90;-16.45661322;-71.59809295;-1947071.358;2830567.932;NA;False; ; ;0; ; ; ; ; ; 
TRACK;1.23.20-91; ; ;-1.516416327;20763369.87;NA; ; ; ; ; ; ; ; ; ; 
TRACK;1.23.20-91;-16.45672985;-71.59836141;-1947081.672;2830535.993;NA;False; ; ;0; ; ; ; ; ; 
TRACK;1.23.20-91;-16.45628127;-71.59837392;-1947028.846;2830540.428;NA;False; ; ;0; ; ; ; ; ; 
TRACK;1.23.20-91;-16.45624814;-71.59847685;-1947023.66;2830529.198;NA;False; ; ;0; ; ; ; ; ; 
TRACK;1.23.20-91;-16.45675583;-71.59846239;-1947083.451;2830524.213;NA;False; ; ;0; ; ; ; ; ; 
TRACK;1.23.20-92; ; ;-1.516416327;20763369.87;NA; ; ; ; ; ; ; ; ; ; 
TRACK;1.23.20-92;-16.4567357;-71.5985177;-1947080.391;2830518.209;NA;False; ; ;0; ; ; ; ; ; 
TRACK;1.23.20-92;-16.45626089;-71.59852703;-1947024.525;2830523.346;NA;False; ; ;0; ; ; ; ; ; 
TRACK;1.23.20-92;-16.45630974;-71.59871116;-1947027.942;2830501.848;NA;False; ; ;0; ; ; ; ; ; 
TRACK;1.23.20-92;-16.45673009;-71.59869667;-1947077.48;2830498.004;NA;False; ; ;0; ; ; ; ; ; 
TRACK;1.23.20-94; ; ;-1.516416327;20763369.87;NA; ; ; ; ; ; ; ; ; ; 
TRACK;1.23.20-94;-16.45670643;-71.59874321;-1947074.116;2830493.041;NA;False; ; ;0; ; ; ; ; ; 
TRACK;1.23.20-94;-16.4565313;-71.59873438;-1947053.664;2830496.325;NA;False; ; ;0; ; ; ; ; ; 
TRACK;1.23.20-94;-16.45631678;-71.59876618;-1947028.076;2830495.522;NA;False; ; ;0; ; ; ; ; ; 
TRACK;1.23.20-94;-16.45632723;-71.59893298;-1947027.203;2830476.486;NA;False; ; ;0; ; ; ; ; ; 
TRACK;1.23.20-94;-16.45666053;-71.59890172;-1947066.73;2830475.68;NA;False; ; ;0; ; ; ; ; ; 
TRACK;1.23.20-95; ; ;-1.516416327;20763369.87;NA; ; ; ; ; ; ; ; ; ; 
TRACK;1.23.20-95;-16.45653479;-71.59941031;-1947045.565;2830419.697;NA;False; ; ;0; ; ; ; ; ; 
TRACK;1.23.20-95;-16.45664551;-71.5989252;-1947064.671;2830473.216;NA;False; ; ;0; ; ; ; ; ; 
TRACK;1.23.20-95;-16.45630903;-71.59895806;-1947024.751;2830473.882;NA;False; ; ;0; ; ; ; ; ; 
TRACK;1.23.20-95;-16.45625387;-71.59914133;-1947015.967;2830453.837;NA;False; ; ;0; ; ; ; ; ; 
TRACK;1.23.20-95;-16.4562274;-71.59930025;-1947010.859;2830436.177;NA;False; ; ;0; ; ; ; ; ; 
TRACK;1.23.20-95;-16.45626381;-71.599498;-1947012.643;2830413.296;NA;False; ; ;0; ; ; ; ; ; 
TRACK;1.23.20-95;-16.45653679;-71.59941593;-1947045.728;2830419.034;NA;False; ; ;0; ; ; ; ; ; 
TRACK;1.23.20-96; ; ;-1.516416327;20763369.87;NA; ; ; ; ; ; ; ; ; ; 
TRACK;1.23.20-96;-16.45630086;-71.59954899;-1947016.352;2830407.036;NA;False; ; ;0; ; ; ; ; ; 
TRACK;1.23.20-96;-16.45634155;-71.5997786;-1947018.239;2830380.49;NA;False; ; ;0; ; ; ; ; ; 
TRACK;1.23.20-96;-16.45654149;-71.59997516;-1947039.239;2830355.611;NA;False; ; ;0; ; ; ; ; ; 
TRACK;1.23.20-96;-16.4567502;-71.60019057;-1947061.033;2830328.483;NA;False; ; ;0; ; ; ; ; ; 
TRACK;1.23.20-96;-16.45686726;-71.60024424;-1947074.101;2830320.875;NA;False; ; ;0; ; ; ; ; ; 
TRACK;1.23.20-96;-16.45696658;-71.60011695;-1947087.366;2830334;NA;False; ; ;0; ; ; ; ; ; 
TRACK;1.23.20-96;-16.45681691;-71.59995491;-1947071.832;2830354.313;NA;False; ; ;0; ; ; ; ; ; 
TRACK;1.23.20-96;-16.45665629;-71.59970223;-1947056.155;2830385.037;NA;False; ; ;0; ; ; ; ; ; 
TRACK;1.23.20-96;-16.45653747;-71.59946269;-1947045.219;2830413.727;NA;False; ; ;0; ; ; ; ; ; 
TRACK;1.23.20-97; ; ;-1.516416327;20763369.87;NA; ; ; ; ; ; ; ; ; ; 
TRACK;1.23.20-97;-16.45627501;-71.60010938;-1947006.263;2830343.881;NA;False; ; ;0; ; ; ; ; ; 
TRACK;1.23.20-97;-16.45663006;-71.60038021;-1947044.54;2830308.564;NA;False; ; ;0; ; ; ; ; ; 
TRACK;1.23.20-97;-16.45670623;-71.60022711;-1947055.411;2830324.916;NA;False; ; ;0; ; ; ; ; ; 
TRACK;1.23.20-97;-16.4564098;-71.59994722;-1947024.129;2830360.495;NA;False; ; ;0; ; ; ; ; ; 
TRACK;1.23.20-98; ; ;-1.516416327;20763369.87;NA; ; ; ; ; ; ; ; ; ; 
TRACK;1.23.20-98;-16.45730088;-71.60109493;-1947114.305;2830218.835;NA;False; ; ;0; ; ; ; ; ; 
TRACK;1.23.20-98;-16.45699305;-71.60112394;-1947077.797;2830219.564;NA;False; ; ;0; ; ; ; ; ; 
TRACK;1.23.20-98;-16.45702369;-71.6013485;-1947078.567;2830193.722;NA;False; ; ;0; ; ; ; ; ; 
TRACK;1.23.20-98;-16.45732994;-71.60136743;-1947114.286;2830187.582;NA;False; ; ;0; ; ; ; ; ; 
TRACK;1.23.20-99; ; ;-1.516416327;20763369.87;NA; ; ; ; ; ; ; ; ; ; 
TRACK;1.23.20-99;-16.45696149;-71.60191196;-1947064.172;2830130.694;NA;False; ; ;0; ; ; ; ; ; 
TRACK;1.23.20-99;-16.45683176;-71.60193934;-1947048.595;2830129.283;NA;False; ; ;0; ; ; ; ; ; 
TRACK;1.23.20-99;-16.45685046;-71.60207369;-1947049.099;2830113.819;NA;False; ; ;0; ; ; ; ; ; 
TRACK;1.23.20-99;-16.45672482;-71.60223372;-1947032.333;2830097.326;NA;False; ; ;0; ; ; ; ; ; 
TRACK;1.23.20-99;-16.45718655;-71.60247216;-1947083.545;2830064.288;NA;False; ; ;0; ; ; ; ; ; 
TRACK;1.23.20-99;-16.4574247;-71.60203403;-1947117.021;2830110.821;NA;False; ; ;0; ; ; ; ; ; 
TRACK;1.23.20-99;-16.45743127;-71.60190532;-1947119.412;2830125.318;NA;False; ; ;0; ; ; ; ; ; 
TRACK;1.23.20-99;-16.45738209;-71.60177595;-1947115.267;2830140.616;NA;False; ; ;0; ; ; ; ; ; 
TRACK;1.23.20-99;-16.45737314;-71.60160906;-1947116.317;2830159.642;NA;False; ; ;0; ; ; ; ; ; 
TRACK;1.23.20-99;-16.45693792;-71.60159526;-1947065.391;2830166.882;NA;False; ; ;0; ; ; ; ; ; 
TRACK;1.23.20-100; ; ;-1.516416327;20763369.87;NA; ; ; ; ; ; ; ; ; ; 
TRACK;1.23.20-100;-16.45733401;-71.60268758;-1947098.146;2830037.958;NA;False; ; ;0; ; ; ; ; ; 
TRACK;1.23.20-100;-16.45740894;-71.6026644;-1947107.235;2830039.606;NA;False; ; ;0; ; ; ; ; ; 
TRACK;1.23.20-100;-16.45743903;-71.60259041;-1947111.7;2830047.597;NA;False; ; ;0; ; ; ; ; ; 
TRACK;1.23.20-100;-16.45749169;-71.60254377;-1947118.47;2830052.195;NA;False; ; ;0; ; ; ; ; ; 
TRACK;1.23.20-100;-16.45755729;-71.60243269;-1947127.57;2830063.924;NA;False; ; ;0; ; ; ; ; ; 
TRACK;1.23.20-100;-16.45756771;-71.60218874;-1947131.865;2830091.427;NA;False; ; ;0; ; ; ; ; ; 
TRACK;1.23.20-100;-16.45749642;-71.60214794;-1947124.008;2830096.98;NA;False; ; ;0; ; ; ; ; ; 
TRACK;1.23.20-100;-16.45736453;-71.60244233;-1947104.816;2830065.346;NA;False; ; ;0; ; ; ; ; ; 
TRACK;1.23.20-100;-16.45713098;-71.60277275;-1947073.237;2830030.956;NA;False; ; ;0; ; ; ; ; ; 
TRACK;1.23.20-100;-16.45721213;-71.60278712;-1947082.584;2830028.269;NA;False; ; ;0; ; ; ; ; ; 
TRACK;1.23.21-1; ; ;-1.516416327;20763369.87;NA; ; ; ; ; ; ; ; ; ; 
TRACK;1.23.21-1;-16.42577086;-71.66411738;-1942621.616;2823489.186;NA;False; ; ;0; ; ; ; ; ; 
TRACK;1.23.21-1;-16.42581776;-71.66404197;-1942628.064;2823497.12;NA;False; ; ;0; ; ; ; ; ; 
TRACK;1.23.21-1;-16.42583391;-71.66395011;-1942631.11;2823507.317;NA;False; ; ;0; ; ; ; ; ; 
TRACK;1.23.21-1;-16.42583739;-71.66389774;-1942632.175;2823513.205;NA;False; ; ;0; ; ; ; ; ; 
TRACK;1.23.21-1;-16.42578341;-71.66383113;-1942626.673;2823521.451;NA;False; ; ;0; ; ; ; ; ; 
TRACK;1.23.21-1;-16.42563356;-71.66366356;-1942611.182;2823542.378;NA;False; ; ;0; ; ; ; ; ; 
TRACK;1.23.21-1;-16.42561965;-71.6635674;-1942610.753;2823553.452;NA;False; ; ;0; ; ; ; ; ; 
TRACK;1.23.21-1;-16.425675;-71.66349125;-1942618.204;2823561.36;NA;False; ; ;0; ; ; ; ; ; 
TRACK;1.23.21-1;-16.42572211;-71.66342953;-1942624.507;2823567.74;NA;False; ; ;0; ; ; ; ; ; 
TRACK;1.23.21-1;-16.42575159;-71.66332086;-1942629.328;2823579.669;NA;False; ; ;0; ; ; ; ; ; 
TRACK;1.23.21-1;-16.42575538;-71.66319526;-1942631.346;2823593.848;NA;False; ; ;0; ; ; ; ; ; 
TRACK;1.23.21-1;-16.42561466;-71.66325344;-1942614.1;2823589.083;NA;False; ; ;0; ; ; ; ; ; 
TRACK;1.23.21-1;-16.42519606;-71.66314954;-1942566.267;2823606.285;NA;False; ; ;0; ; ; ; ; ; 
TRACK;1.23.21-1;-16.42526799;-71.6646511;-1942555.908;2823435.25;NA;False; ; ;0; ; ; ; ; ; 
TRACK;1.23.21-1;-16.42535134;-71.664643;-1942565.792;2823435.086;NA;False; ; ;0; ; ; ; ; ; 
TRACK;1.23.21-8; ; ;-1.516416327;20763369.87;NA; ; ; ; ; ; ; ; ; ; 
TRACK;1.23.21-8;-16.42538478;-71.65831794;-1942648.933;2824151.183;NA;False; ; ;0; ; ; ; ; ; 
TRACK;1.23.21-8;-16.42512345;-71.65826084;-1942618.974;2824161.043;NA;False; ; ;0; ; ; ; ; ; 
TRACK;1.23.21-8;-16.42447458;-71.66002345;-1942520.733;2823969.785;NA;False; ; ;0; ; ; ; ; ; 
TRACK;1.23.21-8;-16.42481802;-71.6600724;-1942560.432;2823959.782;NA;False; ; ;0; ; ; ; ; ; 
TRACK;1.23.21-9; ; ;-1.516416327;20763369.87;NA; ; ; ; ; ; ; ; ; ; 
TRACK;1.23.21-9;-16.42442746;-71.66006483;-1942514.685;2823965.708;NA;False; ; ;0; ; ; ; ; ; 
TRACK;1.23.21-9;-16.42441971;-71.6600367;-1942514.127;2823968.995;NA;False; ; ;0; ; ; ; ; ; 
TRACK;1.23.21-9;-16.42417499;-71.65990899;-1942487.001;2823986.639;NA;False; ; ;0; ; ; ; ; ; 
TRACK;1.23.21-9;-16.42404464;-71.66007879;-1942469.575;2823969.095;NA;False; ; ;0; ; ; ; ; ; 
TRACK;1.23.21-9;-16.42414858;-71.6603403;-1942478.5;2823938.12;NA;False; ; ;0; ; ; ; ; ; 
TRACK;1.23.21-9;-16.42491941;-71.66055872;-1942566.242;2823903.373;NA;False; ; ;0; ; ; ; ; ; 
TRACK;1.23.21-9;-16.42500304;-71.66013831;-1942581.324;2823949.915;NA;False; ; ;0; ; ; ; ; ; 
TRACK;1.23.21-10; ; ;-1.516416327;20763369.87;NA; ; ; ; ; ; ; ; ; ; 
TRACK;1.23.21-10;-16.42485788;-71.66095543;-1942554.052;2823859.231;NA;False; ; ;0; ; ; ; ; ; 
TRACK;1.23.21-10;-16.42492127;-71.66058903;-1942566.081;2823899.915;NA;False; ; ;0; ; ; ; ; ; 
TRACK;1.23.21-10;-16.42419506;-71.66037652;-1942483.502;2823933.414;NA;False; ; ;0; ; ; ; ; ; 
TRACK;1.23.21-10;-16.42414608;-71.66049443;-1942476.276;2823920.693;NA;False; ; ;0; ; ; ; ; ; 
TRACK;1.23.21-10;-16.42411095;-71.66083393;-1942467.901;2823882.687;NA;False; ; ;0; ; ; ; ; ; 
TRACK;1.23.21-11; ; ;-1.516416327;20763369.87;NA; ; ; ; ; ; ; ; ; ; 
TRACK;1.23.21-11;-16.42407441;-71.66039477;-1942469.112;2823932.913;NA;False; ; ;0; ; ; ; ; ; 
TRACK;1.23.21-11;-16.42394153;-71.66033885;-1942454.215;2823940.972;NA;False; ; ;0; ; ; ; ; ; 
TRACK;1.23.21-11;-16.42390664;-71.66053102;-1942447.713;2823919.654;NA;False; ; ;0; ; ; ; ; ; 
TRACK;1.23.21-11;-16.4240858;-71.66061807;-1942467.652;2823907.467;NA;False; ; ;0; ; ; ; ; ; 
TRACK;1.23.21-11;-16.42410831;-71.66050478;-1942471.714;2823920.01;NA;False; ; ;0; ; ; ; ; ; 
TRACK;1.23.21-12; ; ;-1.516416327;20763369.87;NA; ; ; ; ; ; ; ; ; ; 
TRACK;1.23.21-12;-16.42397362;-71.66102726;-1942449.361;2823862.568;NA;False; ; ;0; ; ; ; ; ; 
TRACK;1.23.21-12;-16.42404051;-71.66087194;-1942459.156;2823879.296;NA;False; ; ;0; ; ; ; ; ; 
TRACK;1.23.21-12;-16.42381628;-71.66077901;-1942434.001;2823892.732;NA;False; ; ;0; ; ; ; ; ; 
TRACK;1.23.21-12;-16.42378352;-71.66091839;-1942428.41;2823877.368;NA;False; ; ;0; ; ; ; ; ; 
TRACK;1.23.21-12;-16.42381259;-71.66115265;-1942428.888;2823850.453;NA;False; ; ;0; ; ; ; ; ; 
TRACK;1.23.21-12;-16.42385788;-71.66134948;-1942431.739;2823827.567;NA;False; ; ;0; ; ; ; ; ; 
TRACK;1.23.21-12;-16.4240442;-71.66136998;-1942453.352;2823822.827;NA;False; ; ;0; ; ; ; ; ; 
TRACK;1.23.21-12;-16.42398663;-71.66115337;-1942449.308;2823848.113;NA;False; ; ;0; ; ; ; ; ; 
TRACK;1.23.21-13; ; ;-1.516416327;20763369.87;NA; ; ; ; ; ; ; ; ; ; 
TRACK;1.23.21-13;-16.42486729;-71.66097902;-1942554.861;2823856.436;NA;False; ; ;0; ; ; ; ; ; 
TRACK;1.23.21-13;-16.42411076;-71.6608588;-1942467.567;2823879.872;NA;False; ; ;0; ; ; ; ; ; 
TRACK;1.23.21-13;-16.42405651;-71.66097433;-1942459.752;2823867.488;NA;False; ; ;0; ; ; ; ; ; 
TRACK;1.23.21-13;-16.42404931;-71.66110973;-1942457.211;2823852.243;NA;False; ; ;0; ; ; ; ; ; 
TRACK;1.23.21-13;-16.42410394;-71.66137087;-1942460.353;2823821.951;NA;False; ; ;0; ; ; ; ; ; 
TRACK;1.23.21-13;-16.42481454;-71.66148486;-1942542.334;2823799.817;NA;False; ; ;0; ; ; ; ; ; 
TRACK;1.23.21-14; ; ;-1.516416327;20763369.87;NA; ; ; ; ; ; ; ; ; ; 
TRACK;1.23.21-14;-16.42481178;-71.66151586;-1942541.622;2823796.341;NA;False; ; ;0; ; ; ; ; ; 
TRACK;1.23.21-14;-16.42410153;-71.66139414;-1942459.779;2823819.346;NA;False; ; ;0; ; ; ; ; ; 
TRACK;1.23.21-14;-16.42408389;-71.66170249;-1942453.847;2823784.643;NA;False; ; ;0; ; ; ; ; ; 
TRACK;1.23.21-14;-16.42467571;-71.6618272;-1942521.752;2823762.836;NA;False; ; ;0; ; ; ; ; ; 
TRACK;1.23.21-15; ; ;-1.516416327;20763369.87;NA; ; ; ; ; ; ; ; ; ; 
TRACK;1.23.21-15;-16.42384833;-71.66136834;-1942430.383;2823825.554;NA;False; ; ;0; ; ; ; ; ; 
TRACK;1.23.21-15;-16.42380515;-71.66155986;-1942422.915;2823804.417;NA;False; ; ;0; ; ; ; ; ; 
TRACK;1.23.21-15;-16.42380769;-71.66171772;-1942421.237;2823786.502;NA;False; ; ;0; ; ; ; ; ; 
TRACK;1.23.21-15;-16.42386667;-71.66167405;-1942428.707;2823790.684;NA;False; ; ;0; ; ; ; ; ; 
TRACK;1.23.21-15;-16.42402856;-71.66170808;-1942447.283;2823784.728;NA;False; ; ;0; ; ; ; ; ; 
TRACK;1.23.21-15;-16.42405083;-71.66139343;-1942453.837;2823820.084;NA;False; ; ;0; ; ; ; ; ; 
TRACK;1.23.21-16; ; ;-1.516416327;20763369.87;NA; ; ; ; ; ; ; ; ; ; 
TRACK;1.23.21-16;-16.42387641;-71.66169515;-1942429.585;2823788.167;NA;False; ; ;0; ; ; ; ; ; 
TRACK;1.23.21-16;-16.4236984;-71.66185883;-1942406.641;2823771.934;NA;False; ; ;0; ; ; ; ; ; 
TRACK;1.23.21-16;-16.42367976;-71.66205629;-1942401.981;2823749.806;NA;False; ; ;0; ; ; ; ; ; 
TRACK;1.23.21-16;-16.42397311;-71.66209881;-1942435.881;2823741.183;NA;False; ; ;0; ; ; ; ; ; 
TRACK;1.23.21-16;-16.42402332;-71.66172989;-1942446.394;2823782.325;NA;False; ; ;0; ; ; ; ; ; 
TRACK;1.23.21-17; ; ;-1.516416327;20763369.87;NA; ; ; ; ; ; ; ; ; ; 
TRACK;1.23.21-17;-16.42467419;-71.66185333;-1942521.245;2823759.896;NA;False; ; ;0; ; ; ; ; ; 
TRACK;1.23.21-17;-16.42409521;-71.66173109;-1942454.818;2823781.257;NA;False; ; ;0; ; ; ; ; ; 
TRACK;1.23.21-17;-16.42405047;-71.66192165;-1942447.18;2823760.25;NA;False; ; ;0; ; ; ; ; ; 
TRACK;1.23.21-17;-16.42403254;-71.66211146;-1942442.698;2823738.979;NA;False; ; ;0; ; ; ; ; ; 
TRACK;1.23.21-17;-16.4245768;-71.66220893;-1942505.36;2823720.876;NA;False; ; ;0; ; ; ; ; ; 
TRACK;1.23.21-18; ; ;-1.516416327;20763369.87;NA; ; ; ; ; ; ; ; ; ; 
TRACK;1.23.21-18;-16.42374355;-71.66208832;-1942409.067;2823745.351;NA;False; ; ;0; ; ; ; ; ; 
TRACK;1.23.21-18;-16.42363652;-71.66251497;-1942391.161;2823698.406;NA;False; ; ;0; ; ; ; ; ; 
TRACK;1.23.21-18;-16.4238723;-71.66246724;-1942419.434;2823700.754;NA;False; ; ;0; ; ; ; ; ; 
TRACK;1.23.21-18;-16.42396542;-71.66212039;-1942434.708;2823738.839;NA;False; ; ;0; ; ; ; ; ; 
TRACK;1.23.21-19; ; ;-1.516416327;20763369.87;NA; ; ; ; ; ; ; ; ; ; 
TRACK;1.23.21-19;-16.42418787;-71.66263548;-1942454.368;2823677.6;NA;False; ; ;0; ; ; ; ; ; 
TRACK;1.23.21-19;-16.42445129;-71.66275289;-1942483.816;2823660.882;NA;False; ; ;0; ; ; ; ; ; 
TRACK;1.23.21-19;-16.42457104;-71.66223483;-1942504.361;2823718.016;NA;False; ; ;0; ; ; ; ; ; 
TRACK;1.23.21-19;-16.42427626;-71.66218397;-1942470.397;2823727.603;NA;False; ; ;0; ; ; ; ; ; 
TRACK;1.23.21-20; ; ;-1.516416327;20763369.87;NA; ; ; ; ; ; ; ; ; ; 
TRACK;1.23.21-20;-16.42483273;-71.66152583;-1942543.956;2823794.94;NA;False; ; ;0; ; ; ; ; ; 
TRACK;1.23.21-20;-16.42478492;-71.66166037;-1942536.659;2823780.319;NA;False; ; ;0; ; ; ; ; ; 
TRACK;1.23.21-20;-16.42470805;-71.66189878;-1942524.65;2823754.308;NA;False; ; ;0; ; ; ; ; ; 
TRACK;1.23.21-20;-16.4246791;-71.66204224;-1942519.456;2823738.431;NA;False; ; ;0; ; ; ; ; ; 
TRACK;1.23.21-20;-16.42467203;-71.66229823;-1942515.42;2823709.524;NA;False; ; ;0; ; ; ; ; ; 
TRACK;1.23.21-20;-16.42458789;-71.66229923;-1942505.531;2823710.502;NA;False; ; ;0; ; ; ; ; ; 
TRACK;1.23.21-20;-16.4245585;-71.66265868;-1942497.581;2823670.164;NA;False; ; ;0; ; ; ; ; ; 
TRACK;1.23.21-20;-16.42451933;-71.66266566;-1942492.896;2823669.881;NA;False; ; ;0; ; ; ; ; ; 
TRACK;1.23.21-20;-16.42437321;-71.66295381;-1942472.136;2823639.134;NA;False; ; ;0; ; ; ; ; ; 
TRACK;1.23.21-20;-16.42412101;-71.6628786;-1942443.475;2823650.926;NA;False; ; ;0; ; ; ; ; ; 
TRACK;1.23.21-20;-16.42403859;-71.66309736;-1942431.063;2823627.213;NA;False; ; ;0; ; ; ; ; ; 
TRACK;1.23.21-20;-16.42507023;-71.66348492;-1942547.299;2823569.924;NA;False; ; ;0; ; ; ; ; ; 
TRACK;1.23.21-20;-16.42490459;-71.66154071;-1942552.204;2823792.321;NA;False; ; ;0; ; ; ; ; ; 
TRACK;1.23.21-21; ; ;-1.516416327;20763369.87;NA; ; ; ; ; ; ; ; ; ; 
TRACK;1.23.21-21;-16.42495284;-71.66478493;-1942517.241;2823424.178;NA;False; ; ;0; ; ; ; ; ; 
TRACK;1.23.21-21;-16.42490999;-71.66466768;-1942513.679;2823438.016;NA;False; ; ;0; ; ; ; ; ; 
TRACK;1.23.21-21;-16.42487331;-71.66457761;-1942510.502;2823448.696;NA;False; ; ;0; ; ; ; ; ; 
TRACK;1.23.21-21;-16.42473137;-71.66434142;-1942496.8;2823477.293;NA;False; ; ;0; ; ; ; ; ; 
TRACK;1.23.21-21;-16.42467794;-71.66434206;-1942490.521;2823477.914;NA;False; ; ;0; ; ; ; ; ; 
TRACK;1.23.21-21;-16.42472583;-71.66495035;-1942488.525;2823408.384;NA;False; ; ;0; ; ; ; ; ; 
TRACK;1.23.21-21;-16.42495605;-71.66496641;-1942515.345;2823403.578;NA;False; ; ;0; ; ; ; ; ; 
TRACK;1.23.21-22; ; ;-1.516416327;20763369.87;NA; ; ; ; ; ; ; ; ; ; 
TRACK;1.23.21-22;-16.42460475;-71.66417785;-1942483.986;2823497.466;NA;False; ; ;0; ; ; ; ; ; 
TRACK;1.23.21-22;-16.42453116;-71.66411172;-1942476.176;2823505.912;NA;False; ; ;0; ; ; ; ; ; 
TRACK;1.23.21-22;-16.42447967;-71.66411059;-1942470.147;2823506.709;NA;False; ; ;0; ; ; ; ; ; 
TRACK;1.23.21-22;-16.42448245;-71.66427178;-1942468.454;2823488.412;NA;False; ; ;0; ; ; ; ; ; 
TRACK;1.23.21-22;-16.42448791;-71.66454881;-1942465.627;2823456.959;NA;False; ; ;0; ; ; ; ; ; 
TRACK;1.23.21-22;-16.42449951;-71.66477454;-1942464.162;2823431.237;NA;False; ; ;0; ; ; ; ; ; 
TRACK;1.23.21-22;-16.4245266;-71.66497342;-1942464.852;2823408.355;NA;False; ; ;0; ; ; ; ; ; 
TRACK;1.23.21-22;-16.42468544;-71.66495773;-1942483.691;2823408.072;NA;False; ; ;0; ; ; ; ; ; 
TRACK;1.23.21-22;-16.42463362;-71.6642181;-1942486.87;2823492.532;NA;False; ; ;0; ; ; ; ; ; 
TRACK;1.23.21-23; ; ;-1.516416327;20763369.87;NA; ; ; ; ; ; ; ; ; ; 
TRACK;1.23.21-23;-16.42442869;-71.66454818;-1942458.684;2823457.798;NA;False; ; ;0; ; ; ; ; ; 
TRACK;1.23.21-23;-16.42445082;-71.66431554;-1942464.194;2823483.865;NA;False; ; ;0; ; ; ; ; ; 
TRACK;1.23.21-23;-16.4244505;-71.66409291;-1942466.944;2823509.089;NA;False; ; ;0; ; ; ; ; ; 
TRACK;1.23.21-23;-16.42432741;-71.66400052;-1942453.654;2823521.152;NA;False; ; ;0; ; ; ; ; ; 
TRACK;1.23.21-23;-16.42422486;-71.66403892;-1942441.136;2823518.133;NA;False; ; ;0; ; ; ; ; ; 
TRACK;1.23.21-23;-16.42424814;-71.66412748;-1942442.76;2823507.799;NA;False; ; ;0; ; ; ; ; ; 
TRACK;1.23.21-23;-16.4242363;-71.66417363;-1942440.791;2823502.725;NA;False; ; ;0; ; ; ; ; ; 
TRACK;1.23.21-23;-16.4241973;-71.66426706;-1942435.044;2823492.647;NA;False; ; ;0; ; ; ; ; ; 
TRACK;1.23.21-23;-16.42415677;-71.66449912;-1942427.382;2823466.883;NA;False; ; ;0; ; ; ; ; ; 
TRACK;1.23.21-23;-16.42415576;-71.66457226;-1942426.346;2823458.612;NA;False; ; ;0; ; ; ; ; ; 
TRACK;1.23.21-23;-16.42429087;-71.66496476;-1942437.291;2823412.394;NA;False; ; ;0; ; ; ; ; ; 
TRACK;1.23.21-23;-16.42445947;-71.66496324;-1942457.1;2823410.38;NA;False; ; ;0; ; ; ; ; ; 
TRACK;1.23.21-24; ; ;-1.516416327;20763369.87;NA; ; ; ; ; ; ; ; ; ; 
TRACK;1.23.21-24;-16.42496929;-71.66551393;-1942510.043;2823341.382;NA;False; ; ;0; ; ; ; ; ; 
TRACK;1.23.21-24;-16.4249565;-71.66499818;-1942515.001;2823399.973;NA;False; ; ;0; ; ; ; ; ; 
TRACK;1.23.21-24;-16.42472085;-71.66497414;-1942487.642;2823405.754;NA;False; ; ;0; ; ; ; ; ; 
TRACK;1.23.21-24;-16.42470986;-71.66538458;-1942481.213;2823359.4;NA;False; ; ;0; ; ; ; ; ; 
TRACK;1.23.21-24;-16.42466392;-71.66578259;-1942470.837;2823314.909;NA;False; ; ;0; ; ; ; ; ; 
TRACK;1.23.21-24;-16.42486267;-71.66579145;-1942494.054;2823311.327;NA;False; ; ;0; ; ; ; ; ; 
TRACK;1.23.21-25; ; ;-1.516416327;20763369.87;NA; ; ; ; ; ; ; ; ; ; 
TRACK;1.23.21-25;-16.42468448;-71.66528785;-1942479.445;2823370.688;NA;False; ; ;0; ; ; ; ; ; 
TRACK;1.23.21-25;-16.42468217;-71.66498984;-1942482.905;2823404.477;NA;False; ; ;0; ; ; ; ; ; 
TRACK;1.23.21-25;-16.4245166;-71.66500501;-1942463.282;2823404.907;NA;False; ; ;0; ; ; ; ; ; 
TRACK;1.23.21-25;-16.4245221;-71.66535487;-1942459.547;2823365.202;NA;False; ; ;0; ; ; ; ; ; 
TRACK;1.23.21-25;-16.42450064;-71.66552422;-1942454.908;2823346.296;NA;False; ; ;0; ; ; ; ; ; 
TRACK;1.23.21-25;-16.42445249;-71.6657675;-1942446.21;2823319.362;NA;False; ; ;0; ; ; ; ; ; 
TRACK;1.23.21-25;-16.42463423;-71.66577944;-1942467.393;2823315.651;NA;False; ; ;0; ; ; ; ; ; 
TRACK;1.23.21-26; ; ;-1.516416327;20763369.87;NA; ; ; ; ; ; ; ; ; ; 
TRACK;1.23.21-26;-16.42428362;-71.66499677;-1942436.04;2823408.862;NA;False; ; ;0; ; ; ; ; ; 
TRACK;1.23.21-26;-16.42426363;-71.66546604;-1942427.817;2823355.962;NA;False; ; ;0; ; ; ; ; ; 
TRACK;1.23.21-26;-16.4242053;-71.66586077;-1942416.029;2823312.003;NA;False; ; ;0; ; ; ; ; ; 
TRACK;1.23.21-26;-16.42435473;-71.66589063;-1942433.193;2823306.681;NA;False; ; ;0; ; ; ; ; ; 
TRACK;1.23.21-26;-16.42441238;-71.66576218;-1942441.569;2823320.485;NA;False; ; ;0; ; ; ; ; ; 
TRACK;1.23.21-26;-16.4244833;-71.66541133;-1942454.286;2823359.31;NA;False; ; ;0; ; ; ; ; ; 
TRACK;1.23.21-26;-16.42445691;-71.6649999;-1942456.34;2823406.26;NA;False; ; ;0; ; ; ; ; ; 
TRACK;1.23.21-27; ; ;-1.516416327;20763369.87;NA; ; ; ; ; ; ; ; ; ; 
TRACK;1.23.21-27;-16.42463197;-71.66580813;-1942466.767;2823312.43;NA;False; ; ;0; ; ; ; ; ; 
TRACK;1.23.21-27;-16.4244432;-71.66580724;-1942444.622;2823314.98;NA;False; ; ;0; ; ; ; ; ; 
TRACK;1.23.21-27;-16.42438945;-71.66588041;-1942437.397;2823307.388;NA;False; ; ;0; ; ; ; ; ; 
TRACK;1.23.21-27;-16.42429224;-71.66604252;-1942423.957;2823290.285;NA;False; ; ;0; ; ; ; ; ; 
TRACK;1.23.21-27;-16.42423251;-71.66622085;-1942414.714;2823270.858;NA;False; ; ;0; ; ; ; ; ; 
TRACK;1.23.21-27;-16.4244365;-71.66623251;-1942438.511;2823266.891;NA;False; ; ;0; ; ; ; ; ; 
TRACK;1.23.21-28; ; ;-1.516416327;20763369.87;NA; ; ; ; ; ; ; ; ; ; 
TRACK;1.23.21-28;-16.42474139;-71.6662649;-1942473.892;2823259.267;NA;False; ; ;0; ; ; ; ; ; 
TRACK;1.23.21-28;-16.42484963;-71.66581503;-1942492.228;2823308.825;NA;False; ; ;0; ; ; ; ; ; 
TRACK;1.23.21-28;-16.42466068;-71.66581025;-1942470.111;2823311.818;NA;False; ; ;0; ; ; ; ; ; 
TRACK;1.23.21-28;-16.42447237;-71.66626339;-1942442.335;2823262.927;NA;False; ; ;0; ; ; ; ; ; 
TRACK;1.23.21-29; ; ;-1.516416327;20763369.87;NA; ; ; ; ; ; ; ; ; ; 
TRACK;1.23.21-29;-16.42456294;-71.66389924;-1942482.567;2823529.57;NA;False; ; ;0; ; ; ; ; ; 
TRACK;1.23.21-29;-16.4251739;-71.66469159;-1942544.356;2823431.883;NA;False; ; ;0; ; ; ; ; ; 
TRACK;1.23.21-29;-16.42508691;-71.66355102;-1942548.429;2823562.22;NA;False; ; ;0; ; ; ; ; ; 
TRACK;1.23.21-29;-16.42460744;-71.66337241;-1942494.388;2823588.674;NA;False; ; ;0; ; ; ; ; ; 
TRACK;1.23.21-30; ; ;-1.516416327;20763369.87;NA; ; ; ; ; ; ; ; ; ; 
TRACK;1.23.21-30;-16.42396097;-71.66007377;-1942459.817;2823970.749;NA;False; ; ;0; ; ; ; ; ; 
TRACK;1.23.21-30;-16.42380573;-71.66008753;-1942441.423;2823971.205;NA;False; ; ;0; ; ; ; ; ; 
TRACK;1.23.21-30;-16.42378771;-71.66027376;-1942436.975;2823950.341;NA;False; ; ;0; ; ; ; ; ; 
TRACK;1.23.21-30;-16.4239093;-71.66033249;-1942450.512;2823942.11;NA;False; ; ;0; ; ; ; ; ; 
TRACK;1.23.21-30;-16.42394231;-71.66031691;-1942454.582;2823943.447;NA;False; ; ;0; ; ; ; ; ; 
TRACK;1.23.21-30;-16.42406368;-71.66036844;-1942468.182;2823936.035;NA;False; ; ;0; ; ; ; ; ; 
TRACK;1.23.21-30;-16.42404987;-71.66025055;-1942468.038;2823949.569;NA;False; ; ;0; ; ; ; ; ; 
TRACK;1.23.22-1; ; ;-1.516416327;20763369.87;NA; ; ; ; ; ; ; ; ; ; 
TRACK;1.23.22-1;-16.42945405;-71.67007287;-1942979.347;2822766.767;NA;False; ; ;0; ; ; ; ; ; 
TRACK;1.23.22-1;-16.42934125;-71.67032123;-1942962.998;2822740.098;NA;False; ; ;0; ; ; ; ; ; 
TRACK;1.23.22-1;-16.42924229;-71.67058927;-1942948.027;2822711.018;NA;False; ; ;0; ; ; ; ; ; 
TRACK;1.23.22-1;-16.42914921;-71.67108671;-1942930.876;2822655.879;NA;False; ; ;0; ; ; ; ; ; 
TRACK;1.23.22-1;-16.4299121;-71.67129878;-1943017.761;2822621.96;NA;False; ; ;0; ; ; ; ; ; 
TRACK;1.23.22-1;-16.43019352;-71.67052411;-1943060.49;2822706.059;NA;False; ; ;0; ; ; ; ; ; 
TRACK;1.23.22-1;-16.43003252;-71.67038915;-1943043.282;2822723.435;NA;False; ; ;0; ; ; ; ; ; 
TRACK;1.23.22-1;-16.42999647;-71.67025861;-1943040.686;2822738.69;NA;False; ; ;0; ; ; ; ; ; 
TRACK;1.23.22-1;-16.43007201;-71.6699855;-1943052.972;2822768.647;NA;False; ; ;0; ; ; ; ; ; 
TRACK;1.23.22-1;-16.42966094;-71.66978207;-1943007.271;2822797.024;NA;False; ; ;0; ; ; ; ; ; 
TRACK;1.23.22-2; ; ;-1.516416327;20763369.87;NA; ; ; ; ; ; ; ; ; ; 
TRACK;1.23.22-2;-16.429788;-71.6694463;-1943026.389;2822833.41;NA;False; ; ;0; ; ; ; ; ; 
TRACK;1.23.22-2;-16.43005931;-71.66887476;-1943065.39;2822894.631;NA;False; ; ;0; ; ; ; ; ; 
TRACK;1.23.22-2;-16.43023791;-71.66853606;-1943090.593;2822930.681;NA;False; ; ;0; ; ; ; ; ; 
TRACK;1.23.22-2;-16.43036105;-71.66786648;-1943113.431;2823004.931;NA;False; ; ;0; ; ; ; ; ; 
TRACK;1.23.22-2;-16.42976802;-71.66779058;-1943044.777;2823021.224;NA;False; ; ;0; ; ; ; ; ; 
TRACK;1.23.22-2;-16.42971449;-71.6680272;-1943035.531;2822995.115;NA;False; ; ;0; ; ; ; ; ; 
TRACK;1.23.22-2;-16.42966485;-71.66862181;-1943022.258;2822928.403;NA;False; ; ;0; ; ; ; ; ; 
TRACK;1.23.22-2;-16.42957327;-71.66928691;-1943003.182;2822854.251;NA;False; ; ;0; ; ; ; ; ; 
TRACK;1.23.22-3; ; ;-1.516416327;20763369.87;NA; ; ; ; ; ; ; ; ; ; 
TRACK;1.23.22-3;-16.42920721;-71.66923148;-1942960.911;2822865.279;NA;False; ; ;0; ; ; ; ; ; 
TRACK;1.23.22-3;-16.42895331;-71.6698695;-1942923.122;2822796.301;NA;False; ; ;0; ; ; ; ; ; 
TRACK;1.23.22-3;-16.42888408;-71.67010092;-1942912.099;2822770.984;NA;False; ; ;0; ; ; ; ; ; 
TRACK;1.23.22-3;-16.42881268;-71.67037462;-1942900.292;2822740.906;NA;False; ; ;0; ; ; ; ; ; 
TRACK;1.23.22-3;-16.42888855;-71.67039344;-1942908.961;2822737.791;NA;False; ; ;0; ; ; ; ; ; 
TRACK;1.23.22-3;-16.42863148;-71.67137668;-1942866.479;2822629.748;NA;False; ; ;0; ; ; ; ; ; 
TRACK;1.23.22-3;-16.42882333;-71.67141781;-1942888.481;2822622.6;NA;False; ; ;0; ; ; ; ; ; 
TRACK;1.23.22-3;-16.42912554;-71.67036026;-1942937.192;2822738.474;NA;False; ; ;0; ; ; ; ; ; 
TRACK;1.23.22-3;-16.42943261;-71.66960065;-1942982.744;2822820.537;NA;False; ; ;0; ; ; ; ; ; 
TRACK;1.23.22-3;-16.42950842;-71.66929764;-1942995.436;2822853.877;NA;False; ; ;0; ; ; ; ; ; 
TRACK;1.23.22-3;-16.42957484;-71.66882324;-1943009.172;2822906.754;NA;False; ; ;0; ; ; ; ; ; 
TRACK;1.23.22-3;-16.42939159;-71.66881679;-1942987.744;2822909.862;NA;False; ; ;0; ; ; ; ; ; 
TRACK;1.23.22-5; ; ;-1.516416327;20763369.87;NA; ; ; ; ; ; ; ; ; ; 
TRACK;1.23.22-5;-16.42877785;-71.67036801;-1942896.287;2822742.107;NA;False; ; ;0; ; ; ; ; ; 
TRACK;1.23.22-5;-16.42881315;-71.67018946;-1942902.665;2822761.874;NA;False; ; ;0; ; ; ; ; ; 
TRACK;1.23.22-5;-16.42871716;-71.67016863;-1942891.66;2822765.479;NA;False; ; ;0; ; ; ; ; ; 
TRACK;1.23.22-5;-16.42877429;-71.66999714;-1942900.512;2822784.164;NA;False; ; ;0; ; ; ; ; ; 
TRACK;1.23.22-5;-16.42910989;-71.66925686;-1942949.171;2822863.667;NA;False; ; ;0; ; ; ; ; ; 
TRACK;1.23.22-5;-16.428928;-71.66920384;-1942928.486;2822872.032;NA;False; ; ;0; ; ; ; ; ; 
TRACK;1.23.22-5;-16.42874138;-71.669461;-1942903.363;2822845.323;NA;False; ; ;0; ; ; ; ; ; 
TRACK;1.23.22-5;-16.4284415;-71.66996338;-1942861.875;2822792.305;NA;False; ; ;0; ; ; ; ; ; 
TRACK;1.23.22-5;-16.42831512;-71.67029546;-1942842.885;2822756.328;NA;False; ; ;0; ; ; ; ; ; 
TRACK;1.23.22-6; ; ;-1.516416327;20763369.87;NA; ; ; ; ; ; ; ; ; ; 
TRACK;1.23.22-6;-16.42954216;-71.66793851;-1943016.415;2823007.397;NA;False; ; ;0; ; ; ; ; ; 
TRACK;1.23.22-6;-16.42931195;-71.66835314;-1942984.202;2822963.416;NA;False; ; ;0; ; ; ; ; ; 
TRACK;1.23.22-6;-16.42917299;-71.66865334;-1942964.133;2822931.212;NA;False; ; ;0; ; ; ; ; ; 
TRACK;1.23.22-6;-16.42957366;-71.66875746;-1943009.857;2822914.22;NA;False; ; ;0; ; ; ; ; ; 
TRACK;1.23.22-6;-16.42967419;-71.66798373;-1943031.345;2823000.561;NA;False; ; ;0; ; ; ; ; ; 
TRACK;1.23.22-7; ; ;-1.516416327;20763369.87;NA; ; ; ; ; ; ; ; ; ; 
TRACK;1.23.22-7;-16.42879717;-71.67153664;-1942883.923;2822609.479;NA;False; ; ;0; ; ; ; ; ; 
TRACK;1.23.22-7;-16.42846795;-71.67143255;-1942846.587;2822625.54;NA;False; ; ;0; ; ; ; ; ; 
TRACK;1.23.22-7;-16.42830084;-71.67187443;-1942821.441;2822577.653;NA;False; ; ;0; ; ; ; ; ; 
TRACK;1.23.22-7;-16.42823495;-71.67217157;-1942809.987;2822544.85;NA;False; ; ;0; ; ; ; ; ; 
TRACK;1.23.22-7;-16.42860805;-71.67227748;-1942852.453;2822528.013;NA;False; ; ;0; ; ; ; ; ; 
TRACK;1.23.22-8; ; ;-1.516416327;20763369.87;NA; ; ; ; ; ; ; ; ; ; 
TRACK;1.23.22-8;-16.42811145;-71.67287899;-1942786.636;2822466.318;NA;False; ; ;0; ; ; ; ; ; 
TRACK;1.23.22-8;-16.42817893;-71.67263962;-1942797.554;2822492.558;NA;False; ; ;0; ; ; ; ; ; 
TRACK;1.23.22-8;-16.42803043;-71.67259017;-1942780.743;2822500.086;NA;False; ; ;0; ; ; ; ; ; 
TRACK;1.23.22-8;-16.42822042;-71.67195855;-1942810.949;2822569.169;NA;False; ; ;0; ; ; ; ; ; 
TRACK;1.23.22-8;-16.42844314;-71.67141652;-1942843.875;2822627.678;NA;False; ; ;0; ; ; ; ; ; 
TRACK;1.23.22-8;-16.42802936;-71.67130826;-1942796.665;2822645.309;NA;False; ; ;0; ; ; ; ; ; 
TRACK;1.23.22-8;-16.42787172;-71.6718787;-1942771.022;2822582.736;NA;False; ; ;0; ; ; ; ; ; 
TRACK;1.23.22-8;-16.42781547;-71.67212012;-1942761.398;2822556.119;NA;False; ; ;0; ; ; ; ; ; 
TRACK;1.23.22-8;-16.42780342;-71.67233014;-1942757.354;2822532.485;NA;False; ; ;0; ; ; ; ; ; 
TRACK;1.23.22-8;-16.42771622;-71.67269362;-1942742.57;2822492.443;NA;False; ; ;0; ; ; ; ; ; 
TRACK;1.23.22-8;-16.42782468;-71.67282806;-1942753.617;2822475.807;NA;False; ; ;0; ; ; ; ; ; 
TRACK;1.23.23-1; ; ;-1.516416327;20763369.87;NA; ; ; ; ; ; ; ; ; ; 
TRACK;1.23.23-1;-16.42647536;-71.67395466;-1942581.147;2822365.691;NA;False; ; ;0; ; ; ; ; ; 
TRACK;1.23.23-1;-16.42639226;-71.67379895;-1942573.343;2822384.406;NA;False; ; ;0; ; ; ; ; ; 
TRACK;1.23.23-1;-16.42616034;-71.67371097;-1942547.224;2822397.38;NA;False; ; ;0; ; ; ; ; ; 
TRACK;1.23.23-1;-16.42607775;-71.67368908;-1942537.804;2822400.93;NA;False; ; ;0; ; ; ; ; ; 
TRACK;1.23.23-1;-16.42614113;-71.67331999;-1942549.863;2822441.917;NA;False; ; ;0; ; ; ; ; ; 
TRACK;1.23.23-1;-16.42605393;-71.6733148;-1942539.694;2822443.636;NA;False; ; ;0; ; ; ; ; ; 
TRACK;1.23.23-1;-16.42597584;-71.67385133;-1942523.813;2822383.873;NA;False; ; ;0; ; ; ; ; ; 
TRACK;1.23.23-1;-16.42590999;-71.67412161;-1942512.701;2822354.111;NA;False; ; ;0; ; ; ; ; ; 
TRACK;1.23.23-1;-16.42585018;-71.67437644;-1942502.493;2822326.02;NA;False; ; ;0; ; ; ; ; ; 
TRACK;1.23.23-1;-16.42590412;-71.67440008;-1942508.528;2822322.643;NA;False; ; ;0; ; ; ; ; ; 
TRACK;1.23.23-1;-16.42658816;-71.67441783;-1942588.59;2822311.762;NA;False; ; ;0; ; ; ; ; ; 
TRACK;1.23.23-1;-16.42656767;-71.67419431;-1942588.982;2822337.346;NA;False; ; ;0; ; ; ; ; ; 
TRACK;1.23.23-2; ; ;-1.516416327;20763369.87;NA; ; ; ; ; ; ; ; ; ; 
TRACK;1.23.23-2;-16.42572349;-71.67311904;-1942503.361;2822470.096;NA;False; ; ;0; ; ; ; ; ; 
TRACK;1.23.23-2;-16.42530015;-71.67300842;-1942455.058;2822488.117;NA;False; ; ;0; ; ; ; ; ; 
TRACK;1.23.23-2;-16.425292;-71.67304463;-1942453.648;2822484.122;NA;False; ; ;0; ; ; ; ; ; 
TRACK;1.23.23-2;-16.4249434;-71.67296156;-1942413.773;2822498.052;NA;False; ; ;0; ; ; ; ; ; 
TRACK;1.23.23-2;-16.4248683;-71.67333394;-1942400.298;2822456.843;NA;False; ; ;0; ; ; ; ; ; 
TRACK;1.23.23-2;-16.42458752;-71.67326664;-1942368.186;2822468.108;NA;False; ; ;0; ; ; ; ; ; 
TRACK;1.23.23-2;-16.42441457;-71.6734701;-1942345.34;2822447.303;NA;False; ; ;0; ; ; ; ; ; 
TRACK;1.23.23-2;-16.42483313;-71.67356335;-1942393.298;2822431.313;NA;False; ; ;0; ; ; ; ; ; 
TRACK;1.23.23-2;-16.42534605;-71.67354162;-1942453.771;2822427.123;NA;False; ; ;0; ; ; ; ; ; 
TRACK;1.23.23-2;-16.42565033;-71.67363965;-1942488.258;2822412.072;NA;False; ; ;0; ; ; ; ; ; 
TRACK;1.23.23-2;-16.4256665;-71.67397859;-1942485.913;2822373.469;NA;False; ; ;0; ; ; ; ; ; 
TRACK;1.23.23-2;-16.42569608;-71.67407816;-1942488.139;2822361.807;NA;False; ; ;0; ; ; ; ; ; 
TRACK;1.23.23-2;-16.42562689;-71.67433315;-1942476.827;2822333.819;NA;False; ; ;0; ; ; ; ; ; 
TRACK;1.23.23-2;-16.42558267;-71.67460662;-1942468.215;2822303.415;NA;False; ; ;0; ; ; ; ; ; 
TRACK;1.23.23-2;-16.42575235;-71.67463381;-1942487.789;2822298.135;NA;False; ; ;0; ; ; ; ; ; 
TRACK;1.23.23-2;-16.42588225;-71.67291544;-1942524.542;2822491.1;NA;False; ; ;0; ; ; ; ; ; 
TRACK;1.23.23-3; ; ;-1.516416327;20763369.87;NA; ; ; ; ; ; ; ; ; ; 
TRACK;1.23.23-3;-16.42571962;-71.67309815;-1942503.168;2822472.513;NA;False; ; ;0; ; ; ; ; ; 
TRACK;1.23.23-3;-16.42586613;-71.67290286;-1942522.808;2822492.735;NA;False; ; ;0; ; ; ; ; ; 
TRACK;1.23.23-3;-16.42597041;-71.67217223;-1942544.192;2822574.146;NA;False; ; ;0; ; ; ; ; ; 
TRACK;1.23.23-3;-16.42552709;-71.67209763;-1942493.094;2822588.346;NA;False; ; ;0; ; ; ; ; ; 
TRACK;1.23.23-3;-16.42532529;-71.67299164;-1942458.219;2822489.692;NA;False; ; ;0; ; ; ; ; ; 
TRACK;1.23.23-4; ; ;-1.516416327;20763369.87;NA; ; ; ; ; ; ; ; ; ; 
TRACK;1.23.23-4;-16.42538002;-71.67245292;-1942471.384;2822550.008;NA;False; ; ;0; ; ; ; ; ; 
TRACK;1.23.23-4;-16.42545878;-71.67212892;-1942484.684;2822585.687;NA;False; ; ;0; ; ; ; ; ; 
TRACK;1.23.23-4;-16.42517253;-71.67207219;-1942451.797;2822595.826;NA;False; ; ;0; ; ; ; ; ; 
TRACK;1.23.23-4;-16.4250994;-71.67236625;-1942439.533;2822563.464;NA;False; ; ;0; ; ; ; ; ; 
TRACK;1.23.23-5; ; ;-1.516416327;20763369.87;NA; ; ; ; ; ; ; ; ; ; 
TRACK;1.23.23-5;-16.42546187;-71.67211511;-1942485.219;2822587.212;NA;False; ; ;0; ; ; ; ; ; 
TRACK;1.23.23-5;-16.42566803;-71.67131052;-1942519.488;2822675.68;NA;False; ; ;0; ; ; ; ; ; 
TRACK;1.23.23-5;-16.4253339;-71.67121854;-1942481.423;2822690.433;NA;False; ; ;0; ; ; ; ; ; 
TRACK;1.23.23-5;-16.42517379;-71.67206312;-1942452.059;2822596.837;NA;False; ; ;0; ; ; ; ; ; 
TRACK;1.23.23-6; ; ;-1.516416327;20763369.87;NA; ; ; ; ; ; ; ; ; ; 
TRACK;1.23.23-6;-16.42596991;-71.67214723;-1942544.446;2822576.985;NA;False; ; ;0; ; ; ; ; ; 
TRACK;1.23.23-6;-16.42600738;-71.67191545;-1942551.745;2822602.754;NA;False; ; ;0; ; ; ; ; ; 
TRACK;1.23.23-6;-16.4258085;-71.67180688;-1942529.762;2822617.632;NA;False; ; ;0; ; ; ; ; ; 
TRACK;1.23.23-6;-16.42561211;-71.67173403;-1942507.623;2822628.432;NA;False; ; ;0; ; ; ; ; ; 
TRACK;1.23.23-6;-16.42553768;-71.67206255;-1942494.775;2822592.183;NA;False; ; ;0; ; ; ; ; ; 
TRACK;1.23.23-7; ; ;-1.516416327;20763369.87;NA; ; ; ; ; ; ; ; ; ; 
TRACK;1.23.23-7;-16.42579471;-71.67177715;-1942528.515;2822621.179;NA;False; ; ;0; ; ; ; ; ; 
TRACK;1.23.23-7;-16.42602658;-71.67189462;-1942554.26;2822604.864;NA;False; ; ;0; ; ; ; ; ; 
TRACK;1.23.23-7;-16.42607261;-71.67137943;-1942566.111;2822662.627;NA;False; ; ;0; ; ; ; ; ; 
TRACK;1.23.23-7;-16.42604484;-71.67133985;-1942563.347;2822667.47;NA;False; ; ;0; ; ; ; ; ; 
TRACK;1.23.23-7;-16.42571015;-71.67130387;-1942524.515;2822675.887;NA;False; ; ;0; ; ; ; ; ; 
TRACK;1.23.23-7;-16.42561962;-71.67171142;-1942508.787;2822630.895;NA;False; ; ;0; ; ; ; ; ; 
TRACK;1.23.23-8; ; ;-1.516416327;20763369.87;NA; ; ; ; ; ; ; ; ; ; 
TRACK;1.23.23-8;-16.42597335;-71.6712711;-1942555.817;2822676.186;NA;False; ; ;0; ; ; ; ; ; 
TRACK;1.23.23-8;-16.42598795;-71.67115881;-1942558.936;2822688.717;NA;False; ; ;0; ; ; ; ; ; 
TRACK;1.23.23-8;-16.42597581;-71.67108003;-1942558.497;2822697.798;NA;False; ; ;0; ; ; ; ; ; 
TRACK;1.23.23-8;-16.42593438;-71.67099764;-1942554.665;2822707.668;NA;False; ; ;0; ; ; ; ; ; 
TRACK;1.23.23-8;-16.42578472;-71.6707539;-1942540.151;2822737.22;NA;False; ; ;0; ; ; ; ; ; 
TRACK;1.23.23-8;-16.42576988;-71.67077457;-1942538.151;2822735.071;NA;False; ; ;0; ; ; ; ; ; 
TRACK;1.23.23-8;-16.4257096;-71.67124953;-1942525.13;2822682.05;NA;False; ; ;0; ; ; ; ; ; 
TRACK;1.23.23-9; ; ;-1.516416327;20763369.87;NA; ; ; ; ; ; ; ; ; ; 
TRACK;1.23.23-9;-16.42569473;-71.67084562;-1942528.441;2822727.997;NA;False; ; ;0; ; ; ; ; ; 
TRACK;1.23.23-9;-16.42547827;-71.67054281;-1942506.825;2822765.106;NA;False; ; ;0; ; ; ; ; ; 
TRACK;1.23.23-9;-16.42534499;-71.67118148;-1942483.188;2822694.487;NA;False; ; ;0; ; ; ; ; ; 
TRACK;1.23.23-9;-16.42561603;-71.67124277;-1942514.232;2822684.029;NA;False; ; ;0; ; ; ; ; ; 
TRACK;1.23.23-10; ; ;-1.516416327;20763369.87;NA; ; ; ; ; ; ; ; ; ; 
TRACK;1.23.23-10;-16.42597919;-71.67023771;-1942569.438;2822793.171;NA;False; ; ;0; ; ; ; ; ; 
TRACK;1.23.23-10;-16.42596899;-71.6701644;-1942569.158;2822801.607;NA;False; ; ;0; ; ; ; ; ; 
TRACK;1.23.23-10;-16.42596411;-71.67009469;-1942569.459;2822809.567;NA;False; ; ;0; ; ; ; ; ; 
TRACK;1.23.23-10;-16.42596566;-71.67009101;-1942569.686;2822809.964;NA;False; ; ;0; ; ; ; ; ; 
TRACK;1.23.23-10;-16.42614736;-71.66969895;-1942595.92;2822852.019;NA;False; ; ;0; ; ; ; ; ; 
TRACK;1.23.23-10;-16.42619678;-71.66951025;-1942604.083;2822872.753;NA;False; ; ;0; ; ; ; ; ; 
TRACK;1.23.23-10;-16.42604051;-71.6694493;-1942586.505;2822881.685;NA;False; ; ;0; ; ; ; ; ; 
TRACK;1.23.23-10;-16.42577922;-71.67058391;-1942541.634;2822756.547;NA;False; ; ;0; ; ; ; ; ; 
TRACK;1.23.23-10;-16.42587571;-71.6706865;-1942551.675;2822743.674;NA;False; ; ;0; ; ; ; ; ; 
TRACK;1.23.23-11; ; ;-1.516416327;20763369.87;NA; ; ; ; ; ; ; ; ; ; 
TRACK;1.23.23-11;-16.42577457;-71.67044282;-1942542.854;2822772.59;NA;False; ; ;0; ; ; ; ; ; 
TRACK;1.23.23-11;-16.42599535;-71.66922461;-1942584.017;2822907.723;NA;False; ; ;0; ; ; ; ; ; 
TRACK;1.23.23-11;-16.42569335;-71.66917757;-1942549.16;2822916.97;NA;False; ; ;0; ; ; ; ; ; 
TRACK;1.23.23-11;-16.42552903;-71.67010895;-1942518.214;2822813.595;NA;False; ; ;0; ; ; ; ; ; 
TRACK;1.23.23-12; ; ;-1.516416327;20763369.87;NA; ; ; ; ; ; ; ; ; ; 
TRACK;1.23.23-12;-16.42563519;-71.66915374;-1942542.632;2822920.423;NA;False; ; ;0; ; ; ; ; ; 
TRACK;1.23.23-12;-16.42528461;-71.66907838;-1942502.427;2822933.507;NA;False; ; ;0; ; ; ; ; ; 
TRACK;1.23.23-12;-16.42527829;-71.66934899;-1942498.298;2822902.935;NA;False; ; ;0; ; ; ; ; ; 
TRACK;1.23.23-12;-16.42530273;-71.66952377;-1942498.978;2822882.819;NA;False; ; ;0; ; ; ; ; ; 
TRACK;1.23.23-12;-16.42531916;-71.66968445;-1942498.895;2822864.404;NA;False; ; ;0; ; ; ; ; ; 
TRACK;1.23.23-12;-16.42539342;-71.66985383;-1942505.491;2822844.254;NA;False; ; ;0; ; ; ; ; ; 
TRACK;1.23.23-12;-16.42543044;-71.66996056;-1942508.501;2822831.684;NA;False; ; ;0; ; ; ; ; ; 
TRACK;1.23.23-12;-16.42549664;-71.67005254;-1942515.119;2822820.406;NA;False; ; ;0; ; ; ; ; ; 
TRACK;1.23.23-13; ; ;-1.516416327;20763369.87;NA; ; ; ; ; ; ; ; ; ; 
TRACK;1.23.23-13;-16.42552811;-71.66891458;-1942533.058;2822948.904;NA;False; ; ;0; ; ; ; ; ; 
TRACK;1.23.23-13;-16.42544746;-71.66888242;-1942523.995;2822953.593;NA;False; ; ;0; ; ; ; ; ; 
TRACK;1.23.23-13;-16.42544418;-71.66887929;-1942523.649;2822953.991;NA;False; ; ;0; ; ; ; ; ; 
TRACK;1.23.23-13;-16.42514764;-71.66883871;-1942489.351;2822962.434;NA;False; ; ;0; ; ; ; ; ; 
TRACK;1.23.23-13;-16.4251538;-71.66900451;-1942487.998;2822943.572;NA;False; ; ;0; ; ; ; ; ; 
TRACK;1.23.23-13;-16.4254849;-71.66905089;-1942526.28;2822934.024;NA;False; ; ;0; ; ; ; ; ; 
TRACK;1.23.23-13;-16.42587008;-71.66909366;-1942570.953;2822924.182;NA;False; ; ;0; ; ; ; ; ; 
TRACK;1.23.23-13;-16.42587638;-71.66895776;-1942573.394;2822939.495;NA;False; ; ;0; ; ; ; ; ; 
TRACK;1.23.23-14; ; ;-1.516416327;20763369.87;NA; ; ; ; ; ; ; ; ; ; 
TRACK;1.23.23-14;-16.42521043;-71.67011036;-1942480.802;2822817.568;NA;False; ; ;0; ; ; ; ; ; 
TRACK;1.23.23-14;-16.42521034;-71.66994485;-1942482.863;2822836.318;NA;False; ; ;0; ; ; ; ; ; 
TRACK;1.23.23-14;-16.4251243;-71.66970977;-1942475.707;2822864.063;NA;False; ; ;0; ; ; ; ; ; 
TRACK;1.23.23-14;-16.42502699;-71.66969438;-1942464.479;2822867.069;NA;False; ; ;0; ; ; ; ; ; 
TRACK;1.23.23-14;-16.42505343;-71.67008768;-1942462.659;2822822.173;NA;False; ; ;0; ; ; ; ; ; 
TRACK;1.23.23-15; ; ;-1.516416327;20763369.87;NA; ; ; ; ; ; ; ; ; ; 
TRACK;1.23.23-15;-16.42506039;-71.67010276;-1942463.286;2822820.374;NA;False; ; ;0; ; ; ; ; ; 
TRACK;1.23.23-15;-16.42509;-71.67111811;-1942454.052;2822704.973;NA;False; ; ;0; ; ; ; ; ; 
TRACK;1.23.23-15;-16.42527077;-71.67118628;-1942474.417;2822694.906;NA;False; ; ;0; ; ; ; ; ; 
TRACK;1.23.23-15;-16.42540153;-71.67042726;-1942499.265;2822779.191;NA;False; ; ;0; ; ; ; ; ; 
TRACK;1.23.23-15;-16.42521823;-71.67012654;-1942481.516;2822815.634;NA;False; ; ;0; ; ; ; ; ; 
TRACK;1.23.23-16; ; ;-1.516416327;20763369.87;NA; ; ; ; ; ; ; ; ; ; 
TRACK;1.23.23-16;-16.42473099;-71.6715066;-1942407.053;2822665.621;NA;False; ; ;0; ; ; ; ; ; 
TRACK;1.23.23-16;-16.42465803;-71.67201184;-1942392.165;2822609.334;NA;False; ; ;0; ; ; ; ; ; 
TRACK;1.23.23-16;-16.42467126;-71.67241197;-1942388.711;2822563.837;NA;False; ; ;0; ; ; ; ; ; 
TRACK;1.23.23-16;-16.42467068;-71.67241794;-1942388.568;2822563.168;NA;False; ; ;0; ; ; ; ; ; 
TRACK;1.23.23-16;-16.42467146;-71.67242323;-1942388.593;2822562.559;NA;False; ; ;0; ; ; ; ; ; 
TRACK;1.23.23-16;-16.42462442;-71.67299777;-1942375.881;2822498.087;NA;False; ; ;0; ; ; ; ; ; 
TRACK;1.23.23-16;-16.42439405;-71.67295836;-1942349.337;2822505.538;NA;False; ; ;0; ; ; ; ; ; 
TRACK;1.23.23-16;-16.42434732;-71.6731884;-1942340.972;2822480.086;NA;False; ; ;0; ; ; ; ; ; 
TRACK;1.23.23-16;-16.42451273;-71.67330207;-1942358.964;2822465.064;NA;False; ; ;0; ; ; ; ; ; 
TRACK;1.23.23-16;-16.42459012;-71.67323906;-1942368.835;2822471.198;NA;False; ; ;0; ; ; ; ; ; 
TRACK;1.23.23-16;-16.42483079;-71.67330574;-1942396.248;2822460.524;NA;False; ; ;0; ; ; ; ; ; 
TRACK;1.23.23-16;-16.42525943;-71.6712181;-1942472.687;2822691.448;NA;False; ; ;0; ; ; ; ; ; 
TRACK;1.23.23-16;-16.42476076;-71.67108842;-1942415.782;2822712.606;NA;False; ; ;0; ; ; ; ; ; 
TRACK;1.23.23-17; ; ;-1.516416327;20763369.87;NA; ; ; ; ; ; ; ; ; ; 
TRACK;1.23.23-17;-16.42503395;-71.6709905;-1942449.071;2822720.156;NA;False; ; ;0; ; ; ; ; ; 
TRACK;1.23.23-17;-16.42503241;-71.67088367;-1942450.227;2822732.277;NA;False; ; ;0; ; ; ; ; ; 
TRACK;1.23.23-17;-16.4248416;-71.67084935;-1942428.262;2822738.639;NA;False; ; ;0; ; ; ; ; ; 
TRACK;1.23.23-17;-16.4248152;-71.67074666;-1942426.449;2822750.614;NA;False; ; ;0; ; ; ; ; ; 
TRACK;1.23.23-17;-16.42479446;-71.67075527;-1942423.907;2822749.908;NA;False; ; ;0; ; ; ; ; ; 
TRACK;1.23.23-17;-16.42480059;-71.67084261;-1942423.533;2822739.935;NA;False; ; ;0; ; ; ; ; ; 
TRACK;1.23.23-17;-16.42474636;-71.671046;-1942414.622;2822717.599;NA;False; ; ;0; ; ; ; ; ; 
TRACK;1.23.23-17;-16.42506164;-71.67110968;-1942450.83;2822706.296;NA;False; ; ;0; ; ; ; ; ; 
TRACK;1.23.23-18; ; ;-1.516416327;20763369.87;NA; ; ; ; ; ; ; ; ; ; 
TRACK;1.23.23-18;-16.42492054;-71.66995479;-1942448.725;2822838.95;NA;False; ; ;0; ; ; ; ; ; 
TRACK;1.23.23-18;-16.42492084;-71.67005897;-1942447.456;2822827.145;NA;False; ; ;0; ; ; ; ; ; 
TRACK;1.23.23-18;-16.42482081;-71.6707218;-1942427.418;2822753.357;NA;False; ; ;0; ; ; ; ; ; 
TRACK;1.23.23-18;-16.42484886;-71.670837;-1942429.268;2822739.945;NA;False; ; ;0; ; ; ; ; ; 
TRACK;1.23.23-18;-16.42501544;-71.67086613;-1942448.456;2822734.484;NA;False; ; ;0; ; ; ; ; ; 
TRACK;1.23.23-18;-16.4250272;-71.67021037;-1942458.044;2822808.615;NA;False; ; ;0; ; ; ; ; ; 
TRACK;1.23.23-18;-16.42500247;-71.6699638;-1942458.228;2822836.868;NA;False; ; ;0; ; ; ; ; ; 
TRACK;1.23.23-21; ; ;-1.516416327;20763369.87;NA; ; ; ; ; ; ; ; ; ; 
TRACK;1.23.23-21;-16.42500876;-71.66993306;-1942459.351;2822840.268;NA;False; ; ;0; ; ; ; ; ; 
TRACK;1.23.23-21;-16.42497143;-71.6691343;-1942464.969;2822931.235;NA;False; ; ;0; ; ; ; ; ; 
TRACK;1.23.23-21;-16.4249146;-71.66912658;-1942458.396;2822932.846;NA;False; ; ;0; ; ; ; ; ; 
TRACK;1.23.23-21;-16.42491286;-71.66991948;-1942448.265;2822843.05;NA;False; ; ;0; ; ; ; ; ; 
TRACK;1.23.24-1; ; ;-1.516416327;20763369.87;NA; ; ; ; ; ; ; ; ; ; 
TRACK;1.23.24-1;-16.42489021;-71.66886432;-1942458.815;2822962.872;NA;False; ; ;0; ; ; ; ; ; 
TRACK;1.23.24-1;-16.42485235;-71.66843702;-1942459.722;2823011.767;NA;False; ; ;0; ; ; ; ; ; 
TRACK;1.23.24-1;-16.42482688;-71.66821491;-1942459.513;2823037.258;NA;False; ; ;0; ; ; ; ; ; 
TRACK;1.23.24-1;-16.42461702;-71.66824182;-1942434.543;2823036.933;NA;False; ; ;0; ; ; ; ; ; 
TRACK;1.23.24-1;-16.42449958;-71.66889765;-1942412.55;2822964.162;NA;False; ; ;0; ; ; ; ; ; 
TRACK;1.23.24-1;-16.42452705;-71.66922959;-1942411.618;2822926.205;NA;False; ; ;0; ; ; ; ; ; 
TRACK;1.23.24-1;-16.42452785;-71.6692276;-1942411.738;2822926.419;NA;False; ; ;0; ; ; ; ; ; 
TRACK;1.23.24-1;-16.42489627;-71.66923824;-1942454.846;2822920.435;NA;False; ; ;0; ; ; ; ; ; 
TRACK;1.23.24-2; ; ;-1.516416327;20763369.87;NA; ; ; ; ; ; ; ; ; ; 
TRACK;1.23.24-2;-16.42489605;-71.66925904;-1942454.56;2822918.082;NA;False; ; ;0; ; ; ; ; ; 
TRACK;1.23.24-2;-16.42450791;-71.66924076;-1942409.232;2822925.187;NA;False; ; ;0; ; ; ; ; ; 
TRACK;1.23.24-2;-16.42450213;-71.66909194;-1942410.416;2822942.12;NA;False; ; ;0; ; ; ; ; ; 
TRACK;1.23.24-2;-16.42445697;-71.6690777;-1942405.294;2822944.319;NA;False; ; ;0; ; ; ; ; ; 
TRACK;1.23.24-2;-16.42431145;-71.6696901;-1942380.549;2822876.834;NA;False; ; ;0; ; ; ; ; ; 
TRACK;1.23.24-2;-16.42439193;-71.66988515;-1942387.553;2822853.695;NA;False; ; ;0; ; ; ; ; ; 
TRACK;1.23.24-2;-16.42489052;-71.66991443;-1942445.707;2822843.911;NA;False; ; ;0; ; ; ; ; ; 
TRACK;1.23.24-3; ; ;-1.516416327;20763369.87;NA; ; ; ; ; ; ; ; ; ; 
TRACK;1.23.24-3;-16.42396826;-71.6699912;-1942336.499;2822847.176;NA;False; ; ;0; ; ; ; ; ; 
TRACK;1.23.24-3;-16.42384339;-71.67002569;-1942321.411;2822844.889;NA;False; ; ;0; ; ; ; ; ; 
TRACK;1.23.24-3;-16.42382391;-71.67024259;-1942316.41;2822820.571;NA;False; ; ;0; ; ; ; ; ; 
TRACK;1.23.24-3;-16.42389126;-71.67040079;-1942322.335;2822801.777;NA;False; ; ;0; ; ; ; ; ; 
TRACK;1.23.24-3;-16.4239682;-71.67043084;-1942330.989;2822797.375;NA;False; ; ;0; ; ; ; ; ; 
TRACK;1.23.24-3;-16.42399332;-71.67014281;-1942337.542;2822829.678;NA;False; ; ;0; ; ; ; ; ; 
TRACK;1.23.24-4; ; ;-1.516416327;20763369.87;NA; ; ; ; ; ; ; ; ; ; 
TRACK;1.23.24-4;-16.42430252;-71.67067943;-1942367.117;2822764.879;NA;False; ; ;0; ; ; ; ; ; 
TRACK;1.23.24-4;-16.42421411;-71.67060932;-1942357.617;2822773.968;NA;False; ; ;0; ; ; ; ; ; 
TRACK;1.23.24-4;-16.42432967;-71.67027549;-1942375.36;2822810.285;NA;False; ; ;0; ; ; ; ; ; 
TRACK;1.23.24-4;-16.42436601;-71.66989206;-1942384.425;2822853.248;NA;False; ; ;0; ; ; ; ; ; 
TRACK;1.23.24-4;-16.4243077;-71.66972955;-1942379.614;2822872.414;NA;False; ; ;0; ; ; ; ; ; 
TRACK;1.23.24-4;-16.42423179;-71.67007686;-1942366.358;2822834.055;NA;False; ; ;0; ; ; ; ; ; 
TRACK;1.23.24-4;-16.42420347;-71.67018602;-1942361.667;2822822.056;NA;False; ; ;0; ; ; ; ; ; 
TRACK;1.23.24-4;-16.42408841;-71.67055114;-1942343.592;2822782.188;NA;False; ; ;0; ; ; ; ; ; 
TRACK;1.23.24-4;-16.42402728;-71.67062753;-1942335.461;2822774.327;NA;False; ; ;0; ; ; ; ; ; 
TRACK;1.23.24-4;-16.42391202;-71.67090359;-1942318.477;2822744.551;NA;False; ; ;0; ; ; ; ; ; 
TRACK;1.23.24-4;-16.42412269;-71.67098033;-1942342.243;2822733.125;NA;False; ; ;0; ; ; ; ; ; 
TRACK;1.23.24-5; ; ;-1.516416327;20763369.87;NA; ; ; ; ; ; ; ; ; ; 
TRACK;1.23.24-5;-16.42474142;-71.67084743;-1942416.527;2822740.156;NA;False; ; ;0; ; ; ; ; ; 
TRACK;1.23.24-5;-16.42490398;-71.67005138;-1942445.572;2822828.224;NA;False; ; ;0; ; ; ; ; ; 
TRACK;1.23.24-5;-16.42489145;-71.66994237;-1942445.465;2822840.734;NA;False; ; ;0; ; ; ; ; ; 
TRACK;1.23.24-5;-16.42438313;-71.66990768;-1942386.238;2822851.257;NA;False; ; ;0; ; ; ; ; ; 
TRACK;1.23.24-5;-16.42434377;-71.67030153;-1942376.689;2822807.152;NA;False; ; ;0; ; ; ; ; ; 
TRACK;1.23.24-5;-16.42424998;-71.67060401;-1942361.893;2822774.104;NA;False; ; ;0; ; ; ; ; ; 
TRACK;1.23.24-5;-16.42436664;-71.67065572;-1942374.939;2822766.733;NA;False; ; ;0; ; ; ; ; ; 
TRACK;1.23.24-5;-16.4242482;-71.67083807;-1942358.756;2822747.613;NA;False; ; ;0; ; ; ; ; ; 
TRACK;1.23.24-5;-16.42417724;-71.67098192;-1942348.627;2822732.238;NA;False; ; ;0; ; ; ; ; ; 
TRACK;1.23.24-5;-16.42445128;-71.67108726;-1942379.472;2822716.751;NA;False; ; ;0; ; ; ; ; ; 
TRACK;1.23.24-5;-16.42463027;-71.6711463;-1942399.742;2822707.742;NA;False; ; ;0; ; ; ; ; ; 
TRACK;1.23.24-6; ; ;-1.516416327;20763369.87;NA; ; ; ; ; ; ; ; ; ; 
TRACK;1.23.24-6;-16.42410568;-71.67115583;-1942338.051;2822713.465;NA;False; ; ;0; ; ; ; ; ; 
TRACK;1.23.24-6;-16.4240931;-71.67127124;-1942335.129;2822700.555;NA;False; ; ;0; ; ; ; ; ; 
TRACK;1.23.24-6;-16.42410005;-71.671442;-1942333.808;2822681.121;NA;False; ; ;0; ; ; ; ; ; 
TRACK;1.23.24-6;-16.42411444;-71.67167407;-1942332.592;2822654.646;NA;False; ; ;0; ; ; ; ; ; 
TRACK;1.23.24-6;-16.424105;-71.67190275;-1942328.622;2822628.864;NA;False; ; ;0; ; ; ; ; ; 
TRACK;1.23.24-6;-16.42450748;-71.67200821;-1942374.541;2822611.699;NA;False; ; ;0; ; ; ; ; ; 
TRACK;1.23.24-6;-16.42468388;-71.6712008;-1942405.352;2822700.873;NA;False; ; ;0; ; ; ; ; ; 
TRACK;1.23.24-6;-16.42417356;-71.67101177;-1942347.821;2822728.904;NA;False; ; ;0; ; ; ; ; ; 
TRACK;1.23.24-6;-16.42414018;-71.67103176;-1942343.652;2822727.073;NA;False; ; ;0; ; ; ; ; ; 
TRACK;1.23.24-7; ; ;-1.516416327;20763369.87;NA; ; ; ; ; ; ; ; ; ; 
TRACK;1.23.24-7;-16.42428482;-71.67252325;-1942341.961;2822556.243;NA;False; ; ;0; ; ; ; ; ; 
TRACK;1.23.24-7;-16.42441013;-71.67259712;-1942355.745;2822546.25;NA;False; ; ;0; ; ; ; ; ; 
TRACK;1.23.24-7;-16.4245337;-71.67203242;-1942377.315;2822608.616;NA;False; ; ;0; ; ; ; ; ; 
TRACK;1.23.24-7;-16.42409593;-71.67192096;-1942327.33;2822626.919;NA;False; ; ;0; ; ; ; ; ; 
TRACK;1.23.24-7;-16.42407351;-71.67199798;-1942323.734;2822618.485;NA;False; ; ;0; ; ; ; ; ; 
TRACK;1.23.24-7;-16.42408444;-71.67212284;-1942323.454;2822604.199;NA;False; ; ;0; ; ; ; ; ; 
TRACK;1.23.24-7;-16.42411416;-71.67249255;-1942322.315;2822561.934;NA;False; ; ;0; ; ; ; ; ; 
TRACK;1.23.24-8; ; ;-1.516416327;20763369.87;NA; ; ; ; ; ; ; ; ; ; 
TRACK;1.23.24-8;-16.42431775;-71.67319868;-1942337.373;2822479.304;NA;False; ; ;0; ; ; ; ; ; 
TRACK;1.23.24-8;-16.42420007;-71.6730569;-1942325.336;2822496.891;NA;False; ; ;0; ; ; ; ; ; 
TRACK;1.23.24-8;-16.42397498;-71.67327385;-1942296.202;2822475.234;NA;False; ; ;0; ; ; ; ; ; 
TRACK;1.23.24-8;-16.42406898;-71.67335999;-1942306.156;2822464.257;NA;False; ; ;0; ; ; ; ; ; 
TRACK;1.23.24-8;-16.4241249;-71.67337972;-1942312.473;2822461.297;NA;False; ; ;0; ; ; ; ; ; 
TRACK;1.23.24-8;-16.42416158;-71.67334794;-1942317.175;2822464.422;NA;False; ; ;0; ; ; ; ; ; 
TRACK;1.23.24-8;-16.42425063;-71.67335491;-1942327.541;2822462.477;NA;False; ; ;0; ; ; ; ; ; 
TRACK;1.23.24-8;-16.42439383;-71.67338153;-1942344.015;2822457.605;NA;False; ; ;0; ; ; ; ; ; 
TRACK;1.23.24-8;-16.4244862;-71.67333337;-1942355.459;2822461.863;NA;False; ; ;0; ; ; ; ; ; 
TRACK;1.23.24-9; ; ;-1.516416327;20763369.87;NA; ; ; ; ; ; ; ; ; ; 
TRACK;1.23.24-9;-16.42436709;-71.67260183;-1942350.634;2822546.275;NA;False; ; ;0; ; ; ; ; ; 
TRACK;1.23.24-9;-16.42407155;-71.67250084;-1942317.21;2822561.547;NA;False; ; ;0; ; ; ; ; ; 
TRACK;1.23.24-9;-16.42383782;-71.67247994;-1942290.039;2822566.946;NA;False; ; ;0; ; ; ; ; ; 
TRACK;1.23.24-9;-16.42387378;-71.67295411;-1942288.325;2822512.766;NA;False; ; ;0; ; ; ; ; ; 
TRACK;1.23.24-9;-16.4239232;-71.67317128;-1942291.408;2822487.525;NA;False; ; ;0; ; ; ; ; ; 
TRACK;1.23.24-9;-16.42398428;-71.67320959;-1942298.097;2822482.392;NA;False; ; ;0; ; ; ; ; ; 
TRACK;1.23.24-9;-16.42420516;-71.67302808;-1942326.294;2822500.09;NA;False; ; ;0; ; ; ; ; ; 
TRACK;1.23.24-9;-16.42429507;-71.67312785;-1942335.598;2822487.622;NA;False; ; ;0; ; ; ; ; ; 
TRACK;1.23.24-9;-16.42434879;-71.6730446;-1942342.945;2822496.355;NA;False; ; ;0; ; ; ; ; ; 
TRACK;1.23.24-10; ; ;-1.516416327;20763369.87;NA; ; ; ; ; ; ; ; ; ; 
TRACK;1.23.24-10;-16.42404928;-71.67128516;-1942329.812;2822699.547;NA;False; ; ;0; ; ; ; ; ; 
TRACK;1.23.24-10;-16.42404226;-71.6711318;-1942330.907;2822717.01;NA;False; ; ;0; ; ; ; ; ; 
TRACK;1.23.24-10;-16.42408639;-71.67098114;-1942337.972;2822733.505;NA;False; ; ;0; ; ; ; ; ; 
TRACK;1.23.24-10;-16.42368965;-71.67090405;-1942292.373;2822747.383;NA;False; ; ;0; ; ; ; ; ; 
TRACK;1.23.24-10;-16.42374447;-71.67111781;-1942296.131;2822722.457;NA;False; ; ;0; ; ; ; ; ; 
TRACK;1.23.24-10;-16.42376447;-71.67123426;-1942297.021;2822709.005;NA;False; ; ;0; ; ; ; ; ; 
TRACK;1.23.24-10;-16.42376387;-71.67123696;-1942296.917;2822708.708;NA;False; ; ;0; ; ; ; ; ; 
TRACK;1.23.24-10;-16.42376511;-71.67128933;-1942296.407;2822702.76;NA;False; ; ;0; ; ; ; ; ; 
TRACK;1.23.24-10;-16.42357033;-71.67133444;-1942272.981;2822700.175;NA;False; ; ;0; ; ; ; ; ; 
TRACK;1.23.24-10;-16.42380945;-71.67163235;-1942297.318;2822663.327;NA;False; ; ;0; ; ; ; ; ; 
TRACK;1.23.24-10;-16.42397432;-71.67185304;-1942313.906;2822636.19;NA;False; ; ;0; ; ; ; ; ; 
TRACK;1.23.24-10;-16.42402045;-71.67189378;-1942318.81;2822630.976;NA;False; ; ;0; ; ; ; ; ; 
TRACK;1.23.24-10;-16.42405386;-71.67191581;-1942322.456;2822628.048;NA;False; ; ;0; ; ; ; ; ; 
TRACK;1.23.24-11; ; ;-1.516416327;20763369.87;NA; ; ; ; ; ; ; ; ; ; 
TRACK;1.23.24-11;-16.42366704;-71.6712286;-1942285.656;2822710.911;NA;False; ; ;0; ; ; ; ; ; 
TRACK;1.23.24-11;-16.42369737;-71.671181;-1942289.812;2822715.91;NA;False; ; ;0; ; ; ; ; ; 
TRACK;1.23.24-11;-16.42369756;-71.671126;-1942290.522;2822722.137;NA;False; ; ;0; ; ; ; ; ; 
TRACK;1.23.24-11;-16.42365104;-71.67092266;-1942287.608;2822745.775;NA;False; ; ;0; ; ; ; ; ; 
TRACK;1.23.24-11;-16.42359455;-71.67084815;-1942281.909;2822754.948;NA;False; ; ;0; ; ; ; ; ; 
TRACK;1.23.24-11;-16.42353582;-71.67082976;-1942275.247;2822757.792;NA;False; ; ;0; ; ; ; ; ; 
TRACK;1.23.24-11;-16.42318113;-71.67064939;-1942235.875;2822782.825;NA;False; ; ;0; ; ; ; ; ; 
TRACK;1.23.24-11;-16.4230288;-71.67049261;-1942219.958;2822802.561;NA;False; ; ;0; ; ; ; ; ; 
TRACK;1.23.24-11;-16.4228379;-71.67032739;-1942199.619;2822823.752;NA;False; ; ;0; ; ; ; ; ; 
TRACK;1.23.24-11;-16.42266596;-71.67042124;-1942178.263;2822815.35;NA;False; ; ;0; ; ; ; ; ; 
TRACK;1.23.24-11;-16.42262665;-71.67052388;-1942172.365;2822804.233;NA;False; ; ;0; ; ; ; ; ; 
TRACK;1.23.24-11;-16.42280901;-71.67096772;-1942188.214;2822751.59;NA;False; ; ;0; ; ; ; ; ; 
TRACK;1.23.24-11;-16.42293639;-71.67105238;-1942202.105;2822740.348;NA;False; ; ;0; ; ; ; ; ; 
TRACK;1.23.24-11;-16.42302974;-71.67111109;-1942212.327;2822732.487;NA;False; ; ;0; ; ; ; ; ; 
TRACK;1.23.24-11;-16.4231911;-71.67119703;-1942230.19;2822720.659;NA;False; ; ;0; ; ; ; ; ; 
TRACK;1.23.24-11;-16.42331359;-71.67124023;-1942244.026;2822714.177;NA;False; ; ;0; ; ; ; ; ; 
TRACK;1.23.24-11;-16.423532;-71.67128844;-1942269.057;2822705.884;NA;False; ; ;0; ; ; ; ; ; 
TRACK;1.23.24-12; ; ;-1.516416327;20763369.87;NA; ; ; ; ; ; ; ; ; ; 
TRACK;1.23.24-12;-16.42401463;-71.67062561;-1942334.001;2822774.71;NA;False; ; ;0; ; ; ; ; ; 
TRACK;1.23.24-12;-16.42394229;-71.67065003;-1942325.204;2822772.881;NA;False; ; ;0; ; ; ; ; ; 
TRACK;1.23.24-12;-16.42387964;-71.67063508;-1942318.038;2822775.387;NA;False; ; ;0; ; ; ; ; ; 
TRACK;1.23.24-12;-16.42380394;-71.67059774;-1942309.62;2822780.599;NA;False; ; ;0; ; ; ; ; ; 
TRACK;1.23.24-12;-16.42373422;-71.67057903;-1942301.672;2822783.623;NA;False; ; ;0; ; ; ; ; ; 
TRACK;1.23.24-12;-16.42366428;-71.67055456;-1942293.769;2822787.301;NA;False; ; ;0; ; ; ; ; ; 
TRACK;1.23.24-12;-16.42362115;-71.6705487;-1942288.78;2822788.525;NA;False; ; ;0; ; ; ; ; ; 
TRACK;1.23.24-12;-16.42356644;-71.67057536;-1942282.025;2822786.214;NA;False; ; ;0; ; ; ; ; ; 
TRACK;1.23.24-12;-16.42352836;-71.67062132;-1942276.981;2822781.502;NA;False; ; ;0; ; ; ; ; ; 
TRACK;1.23.24-12;-16.42351736;-71.67067055;-1942275.073;2822776.068;NA;False; ; ;0; ; ; ; ; ; 
TRACK;1.23.24-12;-16.42351977;-71.67070913;-1942274.873;2822771.666;NA;False; ; ;0; ; ; ; ; ; 
TRACK;1.23.24-12;-16.42357194;-71.67078146;-1942280.091;2822762.795;NA;False; ; ;0; ; ; ; ; ; 
TRACK;1.23.24-12;-16.42367119;-71.67084591;-1942290.933;2822754.207;NA;False; ; ;0; ; ; ; ; ; 
TRACK;1.23.24-12;-16.42390227;-71.67089521;-1942317.438;2822745.627;NA;False; ; ;0; ; ; ; ; ; 
TRACK;1.23.24-13; ; ;-1.516416327;20763369.87;NA; ; ; ; ; ; ; ; ; ; 
TRACK;1.23.24-13;-16.42325881;-71.67031879;-1942249.129;2822819.268;NA;False; ; ;0; ; ; ; ; ; 
TRACK;1.23.24-13;-16.42315815;-71.67024119;-1942238.286;2822829.364;NA;False; ; ;0; ; ; ; ; ; 
TRACK;1.23.24-13;-16.42300142;-71.67009276;-1942221.748;2822848.21;NA;False; ; ;0; ; ; ; ; ; 
TRACK;1.23.24-13;-16.4229249;-71.66992839;-1942214.825;2822867.823;NA;False; ; ;0; ; ; ; ; ; 
TRACK;1.23.24-13;-16.42285395;-71.66985533;-1942207.411;2822877.019;NA;False; ; ;0; ; ; ; ; ; 
TRACK;1.23.24-13;-16.42276521;-71.66979236;-1942197.784;2822885.303;NA;False; ; ;0; ; ; ; ; ; 
TRACK;1.23.24-13;-16.42262332;-71.66957585;-1942183.841;2822911.67;NA;False; ; ;0; ; ; ; ; ; 
TRACK;1.23.24-13;-16.42247353;-71.66938987;-1942168.587;2822934.681;NA;False; ; ;0; ; ; ; ; ; 
TRACK;1.23.24-13;-16.42234755;-71.6692431;-1942155.637;2822952.941;NA;False; ; ;0; ; ; ; ; ; 
TRACK;1.23.24-13;-16.42229122;-71.66917864;-1942149.832;2822960.973;NA;False; ; ;0; ; ; ; ; ; 
TRACK;1.23.24-13;-16.42204924;-71.66897233;-1942124.013;2822987.483;NA;False; ; ;0; ; ; ; ; ; 
TRACK;1.23.24-13;-16.42197795;-71.66914331;-1942113.506;2822969.038;NA;False; ; ;0; ; ; ; ; ; 
TRACK;1.23.24-13;-16.42232304;-71.66944915;-1942150.182;2822929.917;NA;False; ; ;0; ; ; ; ; ; 
TRACK;1.23.24-13;-16.4224779;-71.66965634;-1942165.765;2822904.438;NA;False; ; ;0; ; ; ; ; ; 
TRACK;1.23.24-13;-16.42265723;-71.66993742;-1942183.295;2822870.271;NA;False; ; ;0; ; ; ; ; ; 
TRACK;1.23.24-13;-16.42286468;-71.67030394;-1942203.056;2822826.061;NA;False; ; ;0; ; ; ; ; ; 
TRACK;1.23.24-13;-16.42306654;-71.6704642;-1942224.743;2822805.289;NA;False; ; ;0; ; ; ; ; ; 
TRACK;1.23.24-13;-16.42335694;-71.67067122;-1942256.236;2822778.071;NA;False; ; ;0; ; ; ; ; ; 
TRACK;1.23.24-13;-16.423473;-71.6704742;-1942272.324;2822798.885;NA;False; ; ;0; ; ; ; ; ; 
TRACK;1.23.24-14; ; ;-1.516416327;20763369.87;NA; ; ; ; ; ; ; ; ; ; 
TRACK;1.23.24-14;-16.42382926;-71.67033995;-1942315.819;2822809.473;NA;False; ; ;0; ; ; ; ; ; 
TRACK;1.23.24-14;-16.42359864;-71.67009866;-1942291.771;2822839.797;NA;False; ; ;0; ; ; ; ; ; 
TRACK;1.23.24-14;-16.42362817;-71.67002543;-1942296.154;2822847.71;NA;False; ; ;0; ; ; ; ; ; 
TRACK;1.23.24-14;-16.42340647;-71.6697119;-1942274.057;2822886.102;NA;False; ; ;0; ; ; ; ; ; 
TRACK;1.23.24-14;-16.42326263;-71.66988993;-1942254.946;2822867.799;NA;False; ; ;0; ; ; ; ; ; 
TRACK;1.23.24-14;-16.42307235;-71.67004563;-1942230.664;2822852.629;NA;False; ; ;0; ; ; ; ; ; 
TRACK;1.23.24-14;-16.42322844;-71.67022883;-1942246.691;2822829.852;NA;False; ; ;0; ; ; ; ; ; 
TRACK;1.23.24-14;-16.42351107;-71.67044153;-1942277.202;2822802.092;NA;False; ; ;0; ; ; ; ; ; 
TRACK;1.23.24-14;-16.42376166;-71.67052521;-1942305.565;2822789.363;NA;False; ; ;0; ; ; ; ; ; 
TRACK;1.23.28-1; ; ;-1.516416327;20763369.87;NA; ; ; ; ; ; ; ; ; ; 
TRACK;1.23.28-1;-16.41366707;-71.7123858;-1940597.697;2818178.522;NA;False; ; ;0; ; ; ; ; ; 
TRACK;1.23.28-1;-16.41307534;-71.71380564;-1940510.541;2818025.361;NA;False; ; ;0; ; ; ; ; ; 
TRACK;1.23.28-1;-16.41375414;-71.71411532;-1940586.331;2817981.511;NA;False; ; ;0; ; ; ; ; ; 
TRACK;1.23.28-1;-16.41434933;-71.71265584;-1940674.386;2818139.115;NA;False; ; ;0; ; ; ; ; ; 
TRACK;1.23.28-2; ; ;-1.516416327;20763369.87;NA; ; ; ; ; ; ; ; ; ; 
TRACK;1.23.28-2;-16.41190463;-71.71639127;-1940340.905;2817747.646;NA;False; ; ;0; ; ; ; ; ; 
TRACK;1.23.28-2;-16.41166531;-71.71686047;-1940306.969;2817697.599;NA;False; ; ;0; ; ; ; ; ; 
TRACK;1.23.28-2;-16.41197318;-71.71702958;-1940340.985;2817674.467;NA;False; ; ;0; ; ; ; ; ; 
TRACK;1.23.28-2;-16.41223229;-71.71659103;-1940376.861;2817720.787;NA;False; ; ;0; ; ; ; ; ; 
TRACK;1.23.29-1; ; ;-1.516416327;20763369.87;NA; ; ; ; ; ; ; ; ; ; 
TRACK;1.23.29-1;-16.40580608;-71.72403088;-1939530.022;2816961.188;NA;False; ; ;0; ; ; ; ; ; 
TRACK;1.23.29-1;-16.40609029;-71.72356856;-1939569.134;2817009.879;NA;False; ; ;0; ; ; ; ; ; 
TRACK;1.23.29-1;-16.40609733;-71.72355751;-1939570.098;2817011.039;NA;False; ; ;0; ; ; ; ; ; 
TRACK;1.23.29-1;-16.40610792;-71.72354277;-1939571.524;2817012.572;NA;False; ; ;0; ; ; ; ; ; 
TRACK;1.23.29-1;-16.4062178;-71.72334327;-1939586.905;2817033.748;NA;False; ; ;0; ; ; ; ; ; 
TRACK;1.23.29-1;-16.40622843;-71.72332475;-1939588.383;2817035.709;NA;False; ; ;0; ; ; ; ; ; 
TRACK;1.23.29-1;-16.40625064;-71.7231039;-1939593.743;2817060.434;NA;False; ; ;0; ; ; ; ; ; 
TRACK;1.23.29-1;-16.40625069;-71.72309292;-1939593.886;2817061.678;NA;False; ; ;0; ; ; ; ; ; 
TRACK;1.23.29-1;-16.40626481;-71.72307062;-1939595.82;2817064.021;NA;False; ; ;0; ; ; ; ; ; 
TRACK;1.23.29-1;-16.40638553;-71.72278851;-1939613.503;2817094.413;NA;False; ; ;0; ; ; ; ; ; 
TRACK;1.23.29-1;-16.40640734;-71.72248828;-1939619.806;2817128.136;NA;False; ; ;0; ; ; ; ; ; 
TRACK;1.23.29-1;-16.40627869;-71.7221799;-1939608.555;2817164.725;NA;False; ; ;0; ; ; ; ; ; 
TRACK;1.23.29-1;-16.40573527;-71.72230589;-1939543.218;2817157.474;NA;False; ; ;0; ; ; ; ; ; 
TRACK;1.23.29-1;-16.4054515;-71.72350465;-1939494.976;2817025.367;NA;False; ; ;0; ; ; ; ; ; 
TRACK;1.23.29-1;-16.40542239;-71.72403317;-1939484.972;2816965.884;NA;False; ; ;0; ; ; ; ; ; 
TRACK;1.23.29-1;-16.40568176;-71.72416793;-1939513.726;2816947.271;NA;False; ; ;0; ; ; ; ; ; 
TRACK;1.23.29-2; ; ;-1.516416327;20763369.87;NA; ; ; ; ; ; ; ; ; ; 
TRACK;1.23.29-2;-16.39960243;-71.73273126;-1938693.691;2816055.883;NA;False; ; ;0; ; ; ; ; ; 
TRACK;1.23.29-2;-16.3995159;-71.7330355;-1938679.748;2816022.542;NA;False; ; ;0; ; ; ; ; ; 
TRACK;1.23.29-2;-16.39981239;-71.73312865;-1938713.375;2816008.167;NA;False; ; ;0; ; ; ; ; ; 
TRACK;1.23.29-2;-16.40004685;-71.73308089;-1938741.481;2816010.55;NA;False; ; ;0; ; ; ; ; ; 
TRACK;1.23.29-2;-16.40025998;-71.73283079;-1938769.604;2816036.126;NA;False; ; ;0; ; ; ; ; ; 
TRACK;1.23.30-1; ; ;-1.516416327;20763369.87;NA; ; ; ; ; ; ; ; ; ; 
TRACK;1.23.30-1;-16.39903256;-71.74938398;-1938419.5;2814177.261;NA;False; ; ;0; ; ; ; ; ; 
TRACK;1.23.30-1;-16.39901748;-71.7499182;-1938411.082;2814116.957;NA;False; ; ;0; ; ; ; ; ; 
TRACK;1.23.30-1;-16.39918355;-71.75035093;-1938425.181;2814065.809;NA;False; ; ;0; ; ; ; ; ; 
TRACK;1.23.30-1;-16.39958039;-71.7503014;-1938472.356;2814066.303;NA;False; ; ;0; ; ; ; ; ; 
TRACK;1.23.30-1;-16.39939276;-71.74909435;-1938465.363;2814205.418;NA;False; ; ;0; ; ; ; ; ; 
TRACK;1.23.30-2; ; ;-1.516416327;20763369.87;NA; ; ; ; ; ; ; ; ; ; 
TRACK;1.23.30-2;-16.40141748;-71.75018964;-1938689.277;2814055.275;NA;False; ; ;0; ; ; ; ; ; 
TRACK;1.23.30-2;-16.40140273;-71.74941667;-1938697.167;2814143.001;NA;False; ; ;0; ; ; ; ; ; 
TRACK;1.23.30-2;-16.40103551;-71.74941913;-1938654.054;2814147.457;NA;False; ; ;0; ; ; ; ; ; 
TRACK;1.23.30-2;-16.40092931;-71.74958863;-1938639.484;2814129.631;NA;False; ; ;0; ; ; ; ; ; 
TRACK;1.23.30-2;-16.40089897;-71.74989319;-1938632.134;2814095.532;NA;False; ; ;0; ; ; ; ; ; 
TRACK;1.23.30-2;-16.40100609;-71.7502299;-1938640.512;2814056.02;NA;False; ; ;0; ; ; ; ; ; 
TRACK;1.23.30-2;-16.40116506;-71.75032071;-1938658.032;2814043.687;NA;False; ; ;0; ; ; ; ; ; 
TRACK;1.23.30-2;-16.40134114;-71.75030798;-1938678.849;2814042.858;NA;False; ; ;0; ; ; ; ; ; 
TRACK;1.23.30-3; ; ;-1.516416327;20763369.87;NA; ; ; ; ; ; ; ; ; ; 
TRACK;1.23.30-3;-16.40175018;-71.75032009;-1938726.687;2814036.212;NA;False; ; ;0; ; ; ; ; ; 
TRACK;1.23.30-3;-16.40146216;-71.7502421;-1938693.867;2814048.758;NA;False; ; ;0; ; ; ; ; ; 
TRACK;1.23.30-3;-16.40134366;-71.75044939;-1938677.384;2814026.812;NA;False; ; ;0; ; ; ; ; ; 
TRACK;1.23.30-3;-16.40117601;-71.75044323;-1938657.792;2814029.67;NA;False; ; ;0; ; ; ; ; ; 
TRACK;1.23.30-3;-16.40113175;-71.75034285;-1938653.848;2814041.609;NA;False; ; ;0; ; ; ; ; ; 
TRACK;1.23.30-3;-16.40080298;-71.75045177;-1938613.921;2814033.513;NA;False; ; ;0; ; ; ; ; ; 
TRACK;1.23.30-3;-16.4011866;-71.75088286;-1938653.563;2813979.747;NA;False; ; ;0; ; ; ; ; ; 
TRACK;1.23.30-3;-16.40186376;-71.75067488;-1938735.598;2813994.57;NA;False; ; ;0; ; ; ; ; ; 
TRACK;1.23.30-4; ; ;-1.516416327;20763369.87;NA; ; ; ; ; ; ; ; ; ; 
TRACK;1.23.30-4;-16.40289964;-71.7498738;-1938867.099;2814071.932;NA;False; ; ;0; ; ; ; ; ; 
TRACK;1.23.30-4;-16.40299256;-71.75005151;-1938875.789;2814050.609;NA;False; ; ;0; ; ; ; ; ; 
TRACK;1.23.30-4;-16.40317284;-71.74994924;-1938898.212;2814059.866;NA;False; ; ;0; ; ; ; ; ; 
TRACK;1.23.30-4;-16.4028738;-71.74940109;-1938869.951;2814125.797;NA;False; ; ;0; ; ; ; ; ; 
TRACK;1.23.30-4;-16.40199024;-71.74939696;-1938766.341;2814137.658;NA;False; ; ;0; ; ; ; ; ; 
TRACK;1.23.30-4;-16.40191985;-71.74972398;-1938754.012;2814101.532;NA;False; ; ;0; ; ; ; ; ; 
TRACK;1.23.30-4;-16.4020191;-71.75006893;-1938761.364;2814061.188;NA;False; ; ;0; ; ; ; ; ; 
TRACK;1.23.30-4;-16.40215594;-71.75025891;-1938775.053;2814037.909;NA;False; ; ;0; ; ; ; ; ; 
TRACK;1.23.30-5; ; ;-1.516416327;20763369.87;NA; ; ; ; ; ; ; ; ; ; 
TRACK;1.23.30-5;-16.40382108;-71.74907858;-1938985.101;2814150.105;NA;False; ; ;0; ; ; ; ; ; 
TRACK;1.23.30-5;-16.40338474;-71.74926537;-1938931.585;2814134.579;NA;False; ; ;0; ; ; ; ; ; 
TRACK;1.23.30-5;-16.40353724;-71.74953625;-1938946.105;2814101.937;NA;False; ; ;0; ; ; ; ; ; 
TRACK;1.23.30-5;-16.4040068;-71.74930833;-1939004.031;2814121.692;NA;False; ; ;0; ; ; ; ; ; 
TRACK;1.23.30-6; ; ;-1.516416327;20763369.87;NA; ; ; ; ; ; ; ; ; ; 
TRACK;1.23.30-6;-16.4049532;-71.75141695;-1939088.818;2813870.7;NA;False; ; ;0; ; ; ; ; ; 
TRACK;1.23.30-6;-16.4047729;-71.75138246;-1939068.094;2813876.931;NA;False; ; ;0; ; ; ; ; ; 
TRACK;1.23.30-6;-16.40461995;-71.75146531;-1939049.119;2813869.521;NA;False; ; ;0; ; ; ; ; ; 
TRACK;1.23.30-6;-16.40461691;-71.7514685;-1939048.723;2813869.199;NA;False; ; ;0; ; ; ; ; ; 
TRACK;1.23.30-6;-16.4047822;-71.751763;-1939064.449;2813833.718;NA;False; ; ;0; ; ; ; ; ; 
TRACK;1.23.30-6;-16.40503448;-71.75159258;-1939096.169;2813849.763;NA;False; ; ;0; ; ; ; ; ; 
TRACK;1.23.30-7; ; ;-1.516416327;20763369.87;NA; ; ; ; ; ; ; ; ; ; 
TRACK;1.23.30-7;-16.40532164;-71.75107794;-1939136.264;2813904.339;NA;False; ; ;0; ; ; ; ; ; 
TRACK;1.23.30-7;-16.40506817;-71.75127617;-1939104.059;2813885.16;NA;False; ; ;0; ; ; ; ; ; 
TRACK;1.23.30-7;-16.4051663;-71.7515212;-1939112.522;2813856.147;NA;False; ; ;0; ; ; ; ; ; 
TRACK;1.23.30-7;-16.40543928;-71.7513187;-1939147.068;2813875.559;NA;False; ; ;0; ; ; ; ; ; 
TRACK;1.23.30-8; ; ;-1.516416327;20763369.87;NA; ; ; ; ; ; ; ; ; ; 
TRACK;1.23.30-8;-16.40581461;-71.7526762;-1939174.206;2813716.993;NA;False; ; ;0; ; ; ; ; ; 
TRACK;1.23.30-8;-16.40586785;-71.75244396;-1939183.343;2813742.606;NA;False; ; ;0; ; ; ; ; ; 
TRACK;1.23.30-8;-16.40546821;-71.75233444;-1939137.82;2813760.161;NA;False; ; ;0; ; ; ; ; ; 
TRACK;1.23.30-8;-16.40541073;-71.75258883;-1939127.911;2813732.095;NA;False; ; ;0; ; ; ; ; ; 
TRACK;1.23.30-9; ; ;-1.516416327;20763369.87;NA; ; ; ; ; ; ; ; ; ; 
TRACK;1.23.30-9;-16.40632629;-71.75262252;-1939234.905;2813716.474;NA;False; ; ;0; ; ; ; ; ; 
TRACK;1.23.30-9;-16.40618539;-71.75258649;-1939218.822;2813722.371;NA;False; ; ;0; ; ; ; ; ; 
TRACK;1.23.30-9;-16.40614426;-71.75277454;-1939211.657;2813701.606;NA;False; ; ;0; ; ; ; ; ; 
TRACK;1.23.30-9;-16.40627184;-71.75282456;-1939226.002;2813694.297;NA;False; ; ;0; ; ; ; ; ; 
TRACK;1.23.30-10; ; ;-1.516416327;20763369.87;NA; ; ; ; ; ; ; ; ; ; 
TRACK;1.23.30-10;-16.40691303;-71.75304265;-1939298.511;2813661.333;NA;False; ; ;0; ; ; ; ; ; 
TRACK;1.23.30-10;-16.40680102;-71.7530162;-1939285.699;2813665.772;NA;False; ; ;0; ; ; ; ; ; 
TRACK;1.23.30-10;-16.40679849;-71.75319735;-1939283.148;2813645.291;NA;False; ; ;0; ; ; ; ; ; 
TRACK;1.23.30-10;-16.40690598;-71.75317102;-1939296.086;2813646.886;NA;False; ; ;0; ; ; ; ; ; 
TRACK;1.23.32-1; ; ;-1.516416327;20763369.87;NA; ; ; ; ; ; ; ; ; ; 
TRACK;1.23.32-1;-16.3771327;-71.7880055;-1935370.586;2810085.446;NA;False; ; ;0; ; ; ; ; ; 
TRACK;1.23.32-1;-16.37710143;-71.78774854;-1935370.105;2810114.945;NA;False; ; ;0; ; ; ; ; ; 
TRACK;1.23.32-1;-16.37667292;-71.78791335;-1935317.796;2810101.788;NA;False; ; ;0; ; ; ; ; ; 
TRACK;1.23.32-1;-16.37675373;-71.78834009;-1935321.983;2810052.426;NA;False; ; ;0; ; ; ; ; ; 
TRACK;1.23.32-1;-16.37675373;-71.78834938;-1935321.867;2810051.374;NA;False; ; ;0; ; ; ; ; ; 
TRACK;1.23.32-1;-16.37694873;-71.78825481;-1935345.914;2810059.577;NA;False; ; ;0; ; ; ; ; ; 
TRACK;1.23.32-2; ; ;-1.516416327;20763369.87;NA; ; ; ; ; ; ; ; ; ; 
TRACK;1.23.32-2;-16.3780998;-71.79556197;-1935390.327;2809217.351;NA;False; ; ;0; ; ; ; ; ; 
TRACK;1.23.32-2;-16.37867177;-71.79599301;-1935452.072;2809161.198;NA;False; ; ;0; ; ; ; ; ; 
TRACK;1.23.32-2;-16.37888485;-71.79563343;-1935481.524;2809199.178;NA;False; ; ;0; ; ; ; ; ; 
TRACK;1.23.32-2;-16.37842533;-71.79526104;-1935432.241;2809247.247;NA;False; ; ;0; ; ; ; ; ; 
TRACK;1.23.32-3; ; ;-1.516416327;20763369.87;NA; ; ; ; ; ; ; ; ; ; 
TRACK;1.23.32-3;-16.37933448;-71.79759864;-1935509.899;2808970.878;NA;False; ; ;0; ; ; ; ; ; 
TRACK;1.23.32-3;-16.37924555;-71.79718976;-1935504.537;2809018.317;NA;False; ; ;0; ; ; ; ; ; 
TRACK;1.23.32-3;-16.37889633;-71.79716274;-1935463.911;2809025.862;NA;False; ; ;0; ; ; ; ; ; 
TRACK;1.23.32-3;-16.37882579;-71.79774662;-1935448.398;2808960.654;NA;False; ; ;0; ; ; ; ; ; 
TRACK;1.23.32-3;-16.37907007;-71.79801139;-1935473.77;2808927.535;NA;False; ; ;0; ; ; ; ; ; 
TRACK;1.23.32-4; ; ;-1.516416327;20763369.87;NA; ; ; ; ; ; ; ; ; ; 
TRACK;1.23.32-4;-16.37669729;-71.8016306;-1935150.602;2808548.191;NA;False; ; ;0; ; ; ; ; ; 
TRACK;1.23.32-4;-16.37729006;-71.80123269;-1935225.06;2808585.637;NA;False; ; ;0; ; ; ; ; ; 
TRACK;1.23.32-4;-16.37716114;-71.80090288;-1935214.025;2808624.637;NA;False; ; ;0; ; ; ; ; ; 
TRACK;1.23.32-4;-16.37653163;-71.80133298;-1935134.858;2808584.017;NA;False; ; ;0; ; ; ; ; ; 
TRACK;1.23.40-1; ; ;-1.516416327;20763369.87;NA; ; ; ; ; ; ; ; ; ; 
TRACK;1.23.40-1;-16.44092993;-71.62584879;-1944881.019;2827627.605;NA;False; ; ;0; ; ; ; ; ; 
TRACK;1.23.40-1;-16.4411742;-71.62605292;-1944907.131;2827601.299;NA;False; ; ;0; ; ; ; ; ; 
TRACK;1.23.40-1;-16.44139847;-71.62578354;-1944936.844;2827628.899;NA;False; ; ;0; ; ; ; ; ; 
TRACK;1.23.40-1;-16.44109527;-71.62558456;-1944903.748;2827655.389;NA;False; ; ;0; ; ; ; ; ; 
TRACK;1.23.40-2; ; ;-1.516416327;20763369.87;NA; ; ; ; ; ; ; ; ; ; 
TRACK;1.23.40-2;-16.44070387;-71.62536695;-1944860.531;2827685.138;NA;False; ; ;0; ; ; ; ; ; 
TRACK;1.23.40-2;-16.44056988;-71.62559242;-1944841.97;2827661.337;NA;False; ; ;0; ; ; ; ; ; 
TRACK;1.23.40-2;-16.44089626;-71.62582038;-1944877.423;2827631.262;NA;False; ; ;0; ; ; ; ; ; 
TRACK;1.23.40-2;-16.44106555;-71.62556705;-1944900.478;2827657.76;NA;False; ; ;0; ; ; ; ; ; 
TRACK;1.23.40-3; ; ;-1.516416327;20763369.87;NA; ; ; ; ; ; ; ; ; ; 
TRACK;1.23.40-3;-16.44069839;-71.62534745;-1944860.133;2827687.418;NA;False; ; ;0; ; ; ; ; ; 
TRACK;1.23.40-3;-16.44032902;-71.62512574;-1944819.554;2827717.344;NA;False; ; ;0; ; ; ; ; ; 
TRACK;1.23.40-3;-16.44024493;-71.62541995;-1944805.987;2827685.106;NA;False; ; ;0; ; ; ; ; ; 
TRACK;1.23.40-3;-16.44050787;-71.62555313;-1944835.183;2827666.595;NA;False; ; ;0; ; ; ; ; ; 
TRACK;1.23.40-4; ; ;-1.516416327;20763369.87;NA; ; ; ; ; ; ; ; ; ; 
TRACK;1.23.40-4;-16.44019961;-71.62499505;-1944806.004;2827733.835;NA;False; ; ;0; ; ; ; ; ; 
TRACK;1.23.40-4;-16.43996718;-71.62504749;-1944778.058;2827730.919;NA;False; ; ;0; ; ; ; ; ; 
TRACK;1.23.40-4;-16.44000004;-71.62535068;-1944778.108;2827696.141;NA;False; ; ;0; ; ; ; ; ; 
TRACK;1.23.40-4;-16.44020267;-71.62536497;-1944801.716;2827691.885;NA;False; ; ;0; ; ; ; ; ; 
TRACK;1.23.40-4;-16.44030767;-71.62509285;-1944817.461;2827721.349;NA;False; ; ;0; ; ; ; ; ; 
TRACK;1.23.40-5; ; ;-1.516416327;20763369.87;NA; ; ; ; ; ; ; ; ; ; 
TRACK;1.23.40-5;-16.44064119;-71.6267419;-1944835.904;2827530.178;NA;False; ; ;0; ; ; ; ; ; 
TRACK;1.23.40-5;-16.44112991;-71.62609451;-1944901.409;2827597.163;NA;False; ; ;0; ; ; ; ; ; 
TRACK;1.23.40-5;-16.44089078;-71.62590982;-1944875.656;2827621.2;NA;False; ; ;0; ; ; ; ; ; 
TRACK;1.23.40-5;-16.44046502;-71.62656147;-1944817.489;2827552.912;NA;False; ; ;0; ; ; ; ; ; 
TRACK;1.23.40-6; ; ;-1.516416327;20763369.87;NA; ; ; ; ; ; ; ; ; ; 
TRACK;1.23.40-6;-16.44030174;-71.62639791;-1944800.374;2827573.567;NA;False; ; ;0; ; ; ; ; ; 
TRACK;1.23.40-6;-16.44044011;-71.62653066;-1944814.951;2827556.728;NA;False; ; ;0; ; ; ; ; ; 
TRACK;1.23.40-6;-16.44085963;-71.62589624;-1944872.169;2827623.144;NA;False; ; ;0; ; ; ; ; ; 
TRACK;1.23.40-6;-16.44070825;-71.62579752;-1944855.638;2827636.298;NA;False; ; ;0; ; ; ; ; ; 
TRACK;1.23.40-7; ; ;-1.516416327;20763369.87;NA; ; ; ; ; ; ; ; ; ; 
TRACK;1.23.40-7;-16.44010242;-71.62656725;-1944774.847;2827556.976;NA;False; ; ;0; ; ; ; ; ; 
TRACK;1.23.40-7;-16.4405192;-71.62687332;-1944819.933;2827516.876;NA;False; ; ;0; ; ; ; ; ; 
TRACK;1.23.40-7;-16.44059707;-71.62677361;-1944830.327;2827527.16;NA;False; ; ;0; ; ; ; ; ; 
TRACK;1.23.40-7;-16.44022446;-71.62640724;-1944791.184;2827573.516;NA;False; ; ;0; ; ; ; ; ; 
TRACK;1.23.40-8; ; ;-1.516416327;20763369.87;NA; ; ; ; ; ; ; ; ; ; 
TRACK;1.23.40-8;-16.44066073;-71.62574331;-1944850.74;2827643.06;NA;False; ; ;0; ; ; ; ; ; 
TRACK;1.23.40-8;-16.44043255;-71.62560104;-1944825.739;2827662.148;NA;False; ; ;0; ; ; ; ; ; 
TRACK;1.23.40-8;-16.44003965;-71.62614444;-1944772.789;2827605.696;NA;False; ; ;0; ; ; ; ; ; 
TRACK;1.23.40-8;-16.44025667;-71.62636408;-1944795.508;2827577.987;NA;False; ; ;0; ; ; ; ; ; 
TRACK;1.23.40-9; ; ;-1.516416327;20763369.87;NA; ; ; ; ; ; ; ; ; ; 
TRACK;1.23.40-9;-16.44037851;-71.62559018;-1944819.532;2827664.081;NA;False; ; ;0; ; ; ; ; ; 
TRACK;1.23.40-9;-16.44008664;-71.62539658;-1944787.698;2827689.814;NA;False; ; ;0; ; ; ; ; ; 
TRACK;1.23.40-9;-16.43992542;-71.625446;-1944768.15;2827686.313;NA;False; ; ;0; ; ; ; ; ; 
TRACK;1.23.40-9;-16.43980888;-71.62594326;-1944748.223;2827631.491;NA;False; ; ;0; ; ; ; ; ; 
TRACK;1.23.40-9;-16.43999819;-71.62611178;-1944768.331;2827609.936;NA;False; ; ;0; ; ; ; ; ; 
TRACK;1.23.40-10; ; ;-1.516416327;20763369.87;NA; ; ; ; ; ; ; ; ; ; 
TRACK;1.23.40-10;-16.43987816;-71.62544089;-1944762.666;2827687.507;NA;False; ; ;0; ; ; ; ; ; 
TRACK;1.23.40-10;-16.43993223;-71.62537039;-1944769.9;2827694.791;NA;False; ; ;0; ; ; ; ; ; 
TRACK;1.23.40-10;-16.4399294;-71.62506629;-1944773.386;2827729.281;NA;False; ; ;0; ; ; ; ; ; 
TRACK;1.23.40-10;-16.43970422;-71.62501645;-1944747.577;2827737.858;NA;False; ; ;0; ; ; ; ; ; 
TRACK;1.23.40-10;-16.43945807;-71.62563029;-1944710.97;2827671.516;NA;False; ; ;0; ; ; ; ; ; 
TRACK;1.23.40-10;-16.43976621;-71.62587736;-1944744.042;2827639.513;NA;False; ; ;0; ; ; ; ; ; 
TRACK;1.23.40-11; ; ;-1.516416327;20763369.87;NA; ; ; ; ; ; ; ; ; ; 
TRACK;1.23.40-11;-16.43951536;-71.62489085;-1944726.982;2827754.546;NA;False; ; ;0; ; ; ; ; ; 
TRACK;1.23.40-11;-16.43936096;-71.62485963;-1944709.248;2827760.093;NA;False; ; ;0; ; ; ; ; ; 
TRACK;1.23.40-11;-16.43920266;-71.6253138;-1944684.96;2827710.697;NA;False; ; ;0; ; ; ; ; ; 
TRACK;1.23.40-11;-16.43947965;-71.62542797;-1944716.044;2827694.157;NA;False; ; ;0; ; ; ; ; ; 
TRACK;1.23.40-11;-16.43965495;-71.62500343;-1944741.955;2827739.974;NA;False; ; ;0; ; ; ; ; ; 
TRACK;1.23.40-12; ; ;-1.516416327;20763369.87;NA; ; ; ; ; ; ; ; ; ; 
TRACK;1.23.40-12;-16.43899792;-71.62476077;-1944667.869;2827776.019;NA;False; ; ;0; ; ; ; ; ; 
TRACK;1.23.40-12;-16.43885381;-71.62518474;-1944645.627;2827729.859;NA;False; ; ;0; ; ; ; ; ; 
TRACK;1.23.40-12;-16.43915873;-71.62530114;-1944679.962;2827712.703;NA;False; ; ;0; ; ; ; ; ; 
TRACK;1.23.40-12;-16.43931046;-71.6248455;-1944703.497;2827762.351;NA;False; ; ;0; ; ; ; ; ; 
TRACK;1.23.40-13; ; ;-1.516416327;20763369.87;NA; ; ; ; ; ; ; ; ; ; 
TRACK;1.23.40-13;-16.4386055;-71.62481858;-1944621.073;2827774.576;NA;False; ; ;0; ; ; ; ; ; 
TRACK;1.23.40-13;-16.43852323;-71.62507554;-1944608.188;2827746.533;NA;False; ; ;0; ; ; ; ; ; 
TRACK;1.23.40-13;-16.43881351;-71.62516479;-1944641.145;2827732.643;NA;False; ; ;0; ; ; ; ; ; 
TRACK;1.23.40-13;-16.43896652;-71.6247491;-1944664.329;2827777.749;NA;False; ; ;0; ; ; ; ; ; 
TRACK;1.23.40-14; ; ;-1.516416327;20763369.87;NA; ; ; ; ; ; ; ; ; ; 
TRACK;1.23.40-14;-16.43830265;-71.62478859;-1944585.896;2827781.914;NA;False; ; ;0; ; ; ; ; ; 
TRACK;1.23.40-14;-16.43815289;-71.62495142;-1944566.27;2827765.415;NA;False; ; ;0; ; ; ; ; ; 
TRACK;1.23.40-14;-16.43847498;-71.62504865;-1944602.862;2827750.208;NA;False; ; ;0; ; ; ; ; ; 
TRACK;1.23.40-14;-16.43855858;-71.62481293;-1944615.636;2827775.826;NA;False; ; ;0; ; ; ; ; ; 
TRACK;1.23.40-15; ; ;-1.516416327;20763369.87;NA; ; ; ; ; ; ; ; ; ; 
TRACK;1.23.40-15;-16.43942815;-71.62567192;-1944706.935;2827667.189;NA;False; ; ;0; ; ; ; ; ; 
TRACK;1.23.40-15;-16.43922532;-71.62602371;-1944678.704;2827629.971;NA;False; ; ;0; ; ; ; ; ; 
TRACK;1.23.40-15;-16.43949487;-71.62629839;-1944706.899;2827595.343;NA;False; ; ;0; ; ; ; ; ; 
TRACK;1.23.40-15;-16.44000444;-71.6264773;-1944764.475;2827568.443;NA;False; ; ;0; ; ; ; ; ; 
TRACK;1.23.40-15;-16.44010161;-71.62634012;-1944777.604;2827582.72;NA;False; ; ;0; ; ; ; ; ; 
TRACK;1.23.40-16; ; ;-1.516416327;20763369.87;NA; ; ; ; ; ; ; ; ; ; 
TRACK;1.23.40-16;-16.43916388;-71.62589693;-1944673.083;2827645.135;NA;False; ; ;0; ; ; ; ; ; 
TRACK;1.23.40-16;-16.43928845;-71.62564055;-1944690.928;2827672.56;NA;False; ; ;0; ; ; ; ; ; 
TRACK;1.23.40-16;-16.43934496;-71.62544011;-1944700.079;2827694.534;NA;False; ; ;0; ; ; ; ; ; 
TRACK;1.23.40-16;-16.43917539;-71.62536731;-1944681.086;2827704.99;NA;False; ; ;0; ; ; ; ; ; 
TRACK;1.23.40-16;-16.43909559;-71.6255925;-1944668.89;2827680.514;NA;False; ; ;0; ; ; ; ; ; 
TRACK;1.23.40-16;-16.43899106;-71.62586276;-1944653.223;2827651.255;NA;False; ; ;0; ; ; ; ; ; 
TRACK;1.23.40-16;-16.43914355;-71.62599306;-1944669.489;2827634.508;NA;False; ; ;0; ; ; ; ; ; 
TRACK;1.23.40-17; ; ;-1.516416327;20763369.87;NA; ; ; ; ; ; ; ; ; ; 
TRACK;1.23.40-17;-16.43883437;-71.62525192;-1944642.5;2827722.501;NA;False; ; ;0; ; ; ; ; ; 
TRACK;1.23.40-17;-16.43870893;-71.62562606;-1944623.075;2827681.744;NA;False; ; ;0; ; ; ; ; ; 
TRACK;1.23.40-17;-16.4389889;-71.62580633;-1944653.679;2827657.676;NA;False; ; ;0; ; ; ; ; ; 
TRACK;1.23.40-17;-16.43913507;-71.62536058;-1944676.437;2827706.276;NA;False; ; ;0; ; ; ; ; ; 
TRACK;1.23.40-18; ; ;-1.516416327;20763369.87;NA; ; ; ; ; ; ; ; ; ; 
TRACK;1.23.40-18;-16.43836562;-71.62553782;-1944583.879;2827696.209;NA;False; ; ;0; ; ; ; ; ; 
TRACK;1.23.40-18;-16.43851097;-71.62555423;-1944600.737;2827692.458;NA;False; ; ;0; ; ; ; ; ; 
TRACK;1.23.40-18;-16.43866585;-71.62561208;-1944618.193;2827683.889;NA;False; ; ;0; ; ; ; ; ; 
TRACK;1.23.40-18;-16.43879328;-71.62523317;-1944637.911;2827725.16;NA;False; ; ;0; ; ; ; ; ; 
TRACK;1.23.40-18;-16.43849669;-71.62512105;-1944604.501;2827741.722;NA;False; ; ;0; ; ; ; ; ; 
TRACK;1.23.40-19; ; ;-1.516416327;20763369.87;NA; ; ; ; ; ; ; ; ; ; 
TRACK;1.23.40-19;-16.43814864;-71.62499736;-1944565.193;2827760.265;NA;False; ; ;0; ; ; ; ; ; 
TRACK;1.23.40-19;-16.43802019;-71.62540947;-1944544.938;2827715.246;NA;False; ; ;0; ; ; ; ; ; 
TRACK;1.23.40-19;-16.438326;-71.62554648;-1944579.119;2827695.743;NA;False; ; ;0; ; ; ; ; ; 
TRACK;1.23.40-19;-16.4384605;-71.62510632;-1944600.437;2827743.862;NA;False; ; ;0; ; ; ; ; ; 
TRACK;1.23.40-20; ; ;-1.516416327;20763369.87;NA; ; ; ; ; ; ; ; ; ; 
TRACK;1.23.40-20;-16.43809159;-71.62507948;-1944557.465;2827751.704;NA;False; ; ;0; ; ; ; ; ; 
TRACK;1.23.40-20;-16.43794782;-71.62499327;-1944541.669;2827763.342;NA;False; ; ;0; ; ; ; ; ; 
TRACK;1.23.40-20;-16.43780715;-71.625294;-1944521.378;2827731.1;NA;False; ; ;0; ; ; ; ; ; 
TRACK;1.23.40-20;-16.43795959;-71.6253886;-1944538.086;2827718.398;NA;False; ; ;0; ; ; ; ; ; 
TRACK;1.23.40-21; ; ;-1.516416327;20763369.87;NA; ; ; ; ; ; ; ; ; ; 
TRACK;1.23.40-21;-16.43741683;-71.62575354;-1944469.784;2827684.115;NA;False; ; ;0; ; ; ; ; ; 
TRACK;1.23.40-21;-16.43767338;-71.62553968;-1944502.588;2827705.006;NA;False; ; ;0; ; ; ; ; ; 
TRACK;1.23.40-21;-16.43743494;-71.62523885;-1944478.373;2827742.192;NA;False; ; ;0; ; ; ; ; ; 
TRACK;1.23.40-21;-16.43731257;-71.62522235;-1944464.215;2827745.655;NA;False; ; ;0; ; ; ; ; ; 
TRACK;1.23.40-21;-16.43713589;-71.62541205;-1944441.091;2827726.46;NA;False; ; ;0; ; ; ; ; ; 
TRACK;1.23.40-22; ; ;-1.516416327;20763369.87;NA; ; ; ; ; ; ; ; ; ; 
TRACK;1.23.40-22;-16.43711131;-71.62545258;-1944437.696;2827722.188;NA;False; ; ;0; ; ; ; ; ; 
TRACK;1.23.40-22;-16.43686238;-71.62562918;-1944406.254;2827705.419;NA;False; ; ;0; ; ; ; ; ; 
TRACK;1.23.40-22;-16.43711489;-71.62598083;-1944431.482;2827662.292;NA;False; ; ;0; ; ; ; ; ; 
TRACK;1.23.40-22;-16.43737575;-71.62579048;-1944464.498;2827680.463;NA;False; ; ;0; ; ; ; ; ; 
TRACK;1.23.40-23; ; ;-1.516416327;20763369.87;NA; ; ; ; ; ; ; ; ; ; 
TRACK;1.23.40-23;-16.43682521;-71.6256736;-1944401.333;2827700.87;NA;False; ; ;0; ; ; ; ; ; 
TRACK;1.23.40-23;-16.43656388;-71.62584914;-1944368.449;2827684.382;NA;False; ; ;0; ; ; ; ; ; 
TRACK;1.23.40-23;-16.43685965;-71.62622707;-1944398.426;2827637.714;NA;False; ; ;0; ; ; ; ; ; 
TRACK;1.23.40-23;-16.43707207;-71.62600197;-1944426.19;2827660.453;NA;False; ; ;0; ; ; ; ; ; 
TRACK;1.23.40-24; ; ;-1.516416327;20763369.87;NA; ; ; ; ; ; ; ; ; ; 
TRACK;1.23.40-24;-16.43652671;-71.62588562;-1944363.627;2827680.732;NA;False; ; ;0; ; ; ; ; ; 
TRACK;1.23.40-24;-16.4364738;-71.62582683;-1944358.153;2827688.081;NA;False; ; ;0; ; ; ; ; ; 
TRACK;1.23.40-24;-16.43619496;-71.62597528;-1944323.554;2827674.89;NA;False; ; ;0; ; ; ; ; ; 
TRACK;1.23.40-24;-16.43658804;-71.62646798;-1944363.514;2827613.954;NA;False; ; ;0; ; ; ; ; ; 
TRACK;1.23.40-24;-16.43682715;-71.62626302;-1944394.159;2827634.064;NA;False; ; ;0; ; ; ; ; ; 
TRACK;1.23.40-25; ; ;-1.516416327;20763369.87;NA; ; ; ; ; ; ; ; ; ; 
TRACK;1.23.40-25;-16.43611739;-71.6259051;-1944315.329;2827683.851;NA;False; ; ;0; ; ; ; ; ; 
TRACK;1.23.40-25;-16.43593846;-71.62610763;-1944291.779;2827663.233;NA;False; ; ;0; ; ; ; ; ; 
TRACK;1.23.40-25;-16.43617888;-71.6262973;-1944317.622;2827638.615;NA;False; ; ;0; ; ; ; ; ; 
TRACK;1.23.40-25;-16.43636439;-71.62655256;-1944336.197;2827607.281;NA;False; ; ;0; ; ; ; ; ; 
TRACK;1.23.40-25;-16.43654308;-71.62663091;-1944356.19;2827596.079;NA;False; ; ;0; ; ; ; ; ; 
TRACK;1.23.40-25;-16.43660103;-71.62658268;-1944363.599;2827600.789;NA;False; ; ;0; ; ; ; ; ; 
TRACK;1.23.40-26; ; ;-1.516416327;20763369.87;NA; ; ; ; ; ; ; ; ; ; 
TRACK;1.23.40-26;-16.43749109;-71.62709429;-1944461.666;2827531.245;NA;False; ; ;0; ; ; ; ; ; 
TRACK;1.23.40-26;-16.43688272;-71.62631707;-1944400.005;2827627.217;NA;False; ; ;0; ; ; ; ; ; 
TRACK;1.23.40-26;-16.43665969;-71.62652053;-1944371.266;2827607.067;NA;False; ; ;0; ; ; ; ; ; 
TRACK;1.23.40-26;-16.43721586;-71.62734555;-1944426.2;2827506.358;NA;False; ; ;0; ; ; ; ; ; 
TRACK;1.23.40-27; ; ;-1.516416327;20763369.87;NA; ; ; ; ; ; ; ; ; ; 
TRACK;1.23.40-27;-16.43730743;-71.62680298;-1944443.762;2827566.638;NA;False; ; ;0; ; ; ; ; ; 
TRACK;1.23.40-27;-16.4374927;-71.62649885;-1944469.331;2827598.685;NA;False; ; ;0; ; ; ; ; ; 
TRACK;1.23.40-27;-16.43714664;-71.62607803;-1944433.989;2827650.866;NA;False; ; ;0; ; ; ; ; ; 
TRACK;1.23.40-27;-16.43689785;-71.62629708;-1944402.031;2827629.285;NA;False; ; ;0; ; ; ; ; ; 
TRACK;1.23.40-28; ; ;-1.516416327;20763369.87;NA; ; ; ; ; ; ; ; ; ; 
TRACK;1.23.40-28;-16.43735012;-71.62626343;-1944455.549;2827627.213;NA;False; ; ;0; ; ; ; ; ; 
TRACK;1.23.40-28;-16.43753668;-71.6264561;-1944475.032;2827602.956;NA;False; ; ;0; ; ; ; ; ; 
TRACK;1.23.40-28;-16.43772092;-71.62615173;-1944500.483;2827635.043;NA;False; ; ;0; ; ; ; ; ; 
TRACK;1.23.40-28;-16.43741538;-71.62582548;-1944468.71;2827675.983;NA;False; ; ;0; ; ; ; ; ; 
TRACK;1.23.40-28;-16.43716633;-71.62604801;-1944436.678;2827654.011;NA;False; ; ;0; ; ; ; ; ; 
TRACK;1.23.40-29; ; ;-1.516416327;20763369.87;NA; ; ; ; ; ; ; ; ; ; 
TRACK;1.23.40-29;-16.43804966;-71.62594307;-1944541.697;2827654.406;NA;False; ; ;0; ; ; ; ; ; 
TRACK;1.23.40-29;-16.43782463;-71.62589172;-1944515.924;2827663.152;NA;False; ; ;0; ; ; ; ; ; 
TRACK;1.23.40-29;-16.43780779;-71.62580621;-1944515.021;2827673.059;NA;False; ; ;0; ; ; ; ; ; 
TRACK;1.23.40-29;-16.43767202;-71.62561137;-1944501.528;2827696.902;NA;False; ; ;0; ; ; ; ; ; 
TRACK;1.23.40-29;-16.43748072;-71.62578836;-1944476.847;2827679.339;NA;False; ; ;0; ; ; ; ; ; 
TRACK;1.23.40-29;-16.43775709;-71.62611067;-1944505.245;2827639.224;NA;False; ; ;0; ; ; ; ; ; 
TRACK;1.23.40-29;-16.43804732;-71.62613197;-1944539.05;2827633.035;NA;False; ; ;0; ; ; ; ; ; 
TRACK;1.23.40-30; ; ;-1.516416327;20763369.87;NA; ; ; ; ; ; ; ; ; ; 
TRACK;1.23.40-30;-16.43855164;-71.62572722;-1944603.339;2827672.329;NA;False; ; ;0; ; ; ; ; ; 
TRACK;1.23.40-30;-16.4380272;-71.62553223;-1944544.22;2827701.246;NA;False; ; ;0; ; ; ; ; ; 
TRACK;1.23.40-30;-16.437954;-71.62572751;-1944533.174;2827680.074;NA;False; ; ;0; ; ; ; ; ; 
TRACK;1.23.40-30;-16.43813085;-71.62608838;-1944549.404;2827636.887;NA;False; ; ;0; ; ; ; ; ; 
TRACK;1.23.40-30;-16.4382954;-71.6259909;-1944569.946;2827645.79;NA;False; ; ;0; ; ; ; ; ; 
TRACK;1.23.40-30;-16.43845762;-71.62596235;-1944589.348;2827646.914;NA;False; ; ;0; ; ; ; ; ; 
TRACK;1.23.40-31; ; ;-1.516416327;20763369.87;NA; ; ; ; ; ; ; ; ; ; 
TRACK;1.23.40-31;-16.43883649;-71.62596517;-1944633.791;2827641.663;NA;False; ; ;0; ; ; ; ; ; 
TRACK;1.23.40-31;-16.43860126;-71.62578336;-1944608.46;2827665.323;NA;False; ; ;0; ; ; ; ; ; 
TRACK;1.23.40-31;-16.43850977;-71.6259629;-1944595.464;2827646.172;NA;False; ; ;0; ; ; ; ; ; 
TRACK;1.23.40-31;-16.43874403;-71.6261082;-1944621.141;2827626.662;NA;False; ; ;0; ; ; ; ; ; 
TRACK;1.23.40-32; ; ;-1.516416327;20763369.87;NA; ; ; ; ; ; ; ; ; ; 
TRACK;1.23.40-32;-16.43774667;-71.62617279;-1944503.241;2827632.322;NA;False; ; ;0; ; ; ; ; ; 
TRACK;1.23.40-32;-16.43758403;-71.62646503;-1944480.479;2827601.329;NA;False; ; ;0; ; ; ; ; ; 
TRACK;1.23.40-32;-16.43784605;-71.62657756;-1944509.825;2827585.17;NA;False; ; ;0; ; ; ; ; ; 
TRACK;1.23.40-32;-16.43802926;-71.62629166;-1944534.925;2827615.178;NA;False; ; ;0; ; ; ; ; ; 
TRACK;1.23.40-33; ; ;-1.516416327;20763369.87;NA; ; ; ; ; ; ; ; ; ; 
TRACK;1.23.40-33;-16.43755208;-71.62650926;-1944476.172;2827596.733;NA;False; ; ;0; ; ; ; ; ; 
TRACK;1.23.40-33;-16.4374066;-71.62686285;-1944454.653;2827558.565;NA;False; ; ;0; ; ; ; ; ; 
TRACK;1.23.40-33;-16.43767807;-71.62693674;-1944485.595;2827546.661;NA;False; ; ;0; ; ; ; ; ; 
TRACK;1.23.40-33;-16.43782605;-71.62662408;-1944506.894;2827580.159;NA;False; ; ;0; ; ; ; ; ; 
TRACK;1.23.40-34; ; ;-1.516416327;20763369.87;NA; ; ; ; ; ; ; ; ; ; 
TRACK;1.23.40-34;-16.43804915;-71.62635582;-1944536.454;2827607.649;NA;False; ; ;0; ; ; ; ; ; 
TRACK;1.23.40-34;-16.43785744;-71.62664999;-1944510.254;2827576.815;NA;False; ; ;0; ; ; ; ; ; 
TRACK;1.23.40-34;-16.43770978;-71.62695817;-1944489.049;2827543.821;NA;False; ; ;0; ; ; ; ; ; 
TRACK;1.23.40-34;-16.43804987;-71.62708524;-1944527.379;2827524.999;NA;False; ; ;0; ; ; ; ; ; 
TRACK;1.23.40-34;-16.43813462;-71.62692581;-1944539.33;2827541.959;NA;False; ; ;0; ; ; ; ; ; 
TRACK;1.23.40-34;-16.43833137;-71.62681044;-1944563.877;2827552.47;NA;False; ; ;0; ; ; ; ; ; 
TRACK;1.23.40-35; ; ;-1.516416327;20763369.87;NA; ; ; ; ; ; ; ; ; ; 
TRACK;1.23.40-35;-16.43827062;-71.62609403;-1944565.742;2827634.428;NA;False; ; ;0; ; ; ; ; ; 
TRACK;1.23.40-35;-16.43811662;-71.62631863;-1944544.841;2827610.985;NA;False; ; ;0; ; ; ; ; ; 
TRACK;1.23.40-35;-16.43837148;-71.62661985;-1944570.979;2827573.541;NA;False; ; ;0; ; ; ; ; ; 
TRACK;1.23.40-35;-16.43856231;-71.62642452;-1944595.834;2827593.188;NA;False; ; ;0; ; ; ; ; ; 
TRACK;1.23.40-36; ; ;-1.516416327;20763369.87;NA; ; ; ; ; ; ; ; ; ; 
TRACK;1.23.40-36;-16.4385783;-71.62606535;-1944602.223;2827633.674;NA;False; ; ;0; ; ; ; ; ; 
TRACK;1.23.40-36;-16.43853098;-71.62605013;-1944596.858;2827636.014;NA;False; ; ;0; ; ; ; ; ; 
TRACK;1.23.40-36;-16.43843881;-71.62603878;-1944586.181;2827638.499;NA;False; ; ;0; ; ; ; ; ; 
TRACK;1.23.40-36;-16.438308;-71.62606988;-1944570.433;2827636.678;NA;False; ; ;0; ; ; ; ; ; 
TRACK;1.23.40-36;-16.43858121;-71.62639183;-1944598.464;2827596.646;NA;False; ; ;0; ; ; ; ; ; 
TRACK;1.23.40-36;-16.43872918;-71.62617242;-1944618.591;2827619.579;NA;False; ; ;0; ; ; ; ; ; 
TRACK;1.23.40-37; ; ;-1.516416327;20763369.87;NA; ; ; ; ; ; ; ; ; ; 
TRACK;1.23.40-37;-16.43908473;-71.62636708;-1944657.887;2827592.898;NA;False; ; ;0; ; ; ; ; ; 
TRACK;1.23.40-37;-16.43876632;-71.62621125;-1944622.464;2827614.696;NA;False; ; ;0; ; ; ; ; ; 
TRACK;1.23.40-37;-16.43861035;-71.62642937;-1944601.414;2827592.014;NA;False; ; ;0; ; ; ; ; ; 
TRACK;1.23.40-37;-16.43887125;-71.62673462;-1944628.21;2827554.035;NA;False; ; ;0; ; ; ; ; ; 
TRACK;1.23.40-38; ; ;-1.516416327;20763369.87;NA; ; ; ; ; ; ; ; ; ; 
TRACK;1.23.40-38;-16.43885616;-71.62679232;-1944625.713;2827547.695;NA;False; ; ;0; ; ; ; ; ; 
TRACK;1.23.40-38;-16.4385932;-71.62645623;-1944599.063;2827589.194;NA;False; ; ;0; ; ; ; ; ; 
TRACK;1.23.40-38;-16.43836167;-71.62669833;-1944568.842;2827564.777;NA;False; ; ;0; ; ; ; ; ; 
TRACK;1.23.40-38;-16.43865612;-71.62713171;-1944597.968;2827511.845;NA;False; ; ;0; ; ; ; ; ; 
TRACK;1.23.40-39; ; ;-1.516416327;20763369.87;NA; ; ; ; ; ; ; ; ; ; 
TRACK;1.23.40-39;-16.43818585;-71.62699417;-1944544.486;2827533.548;NA;False; ; ;0; ; ; ; ; ; 
TRACK;1.23.40-39;-16.43839846;-71.62738809;-1944564.5;2827486.152;NA;False; ; ;0; ; ; ; ; ; 
TRACK;1.23.40-39;-16.43864138;-71.62717018;-1944595.753;2827507.679;NA;False; ; ;0; ; ; ; ; ; 
TRACK;1.23.40-39;-16.43840602;-71.62682174;-1944572.498;2827550.219;NA;False; ; ;0; ; ; ; ; ; 
TRACK;1.23.40-40; ; ;-1.516416327;20763369.87;NA; ; ; ; ; ; ; ; ; ; 
TRACK;1.23.40-40;-16.43939529;-71.62680544;-1944688.841;2827539.192;NA;False; ; ;0; ; ; ; ; ; 
TRACK;1.23.40-40;-16.43948736;-71.62644445;-1944704.183;2827578.893;NA;False; ; ;0; ; ; ; ; ; 
TRACK;1.23.40-40;-16.43917288;-71.62630132;-1944669.062;2827599.202;NA;False; ; ;0; ; ; ; ; ; 
TRACK;1.23.40-40;-16.43900949;-71.62667334;-1944645.208;2827559.18;NA;False; ; ;0; ; ; ; ; ; 
TRACK;1.23.40-41; ; ;-1.516416327;20763369.87;NA; ; ; ; ; ; ; ; ; ; 
TRACK;1.23.40-41;-16.43953949;-71.6264471;-1944710.27;2827577.914;NA;False; ; ;0; ; ; ; ; ; 
TRACK;1.23.40-41;-16.43945237;-71.62684242;-1944695.078;2827534.26;NA;False; ; ;0; ; ; ; ; ; 
TRACK;1.23.40-41;-16.43971405;-71.62690951;-1944724.955;2827523.253;NA;False; ; ;0; ; ; ; ; ; 
TRACK;1.23.40-41;-16.43988338;-71.62656177;-1944749.201;2827560.448;NA;False; ; ;0; ; ; ; ; ; 
TRACK;1.23.40-42; ; ;-1.516416327;20763369.87;NA; ; ; ; ; ; ; ; ; ; 
TRACK;1.23.40-42;-16.43942957;-71.62691604;-1944691.476;2827526.216;NA;False; ; ;0; ; ; ; ; ; 
TRACK;1.23.40-42;-16.4389752;-71.62671734;-1944640.63;2827554.64;NA;False; ; ;0; ; ; ; ; ; 
TRACK;1.23.40-42;-16.43878063;-71.62704204;-1944613.71;2827520.385;NA;False; ; ;0; ; ; ; ; ; 
TRACK;1.23.40-42;-16.43915734;-71.62725984;-1944655.2;2827490.807;NA;False; ; ;0; ; ; ; ; ; 
TRACK;1.23.40-43; ; ;-1.516416327;20763369.87;NA; ; ; ; ; ; ; ; ; ; 
TRACK;1.23.40-43;-16.4387561;-71.62751856;-1944604.846;2827466.716;NA;False; ; ;0; ; ; ; ; ; 
TRACK;1.23.40-43;-16.43902091;-71.62723738;-1944639.466;2827495.127;NA;False; ; ;0; ; ; ; ; ; 
TRACK;1.23.40-43;-16.43876017;-71.62706732;-1944610.99;2827517.787;NA;False; ; ;0; ; ; ; ; ; 
TRACK;1.23.40-43;-16.43862027;-71.62732039;-1944591.389;2827490.935;NA;False; ; ;0; ; ; ; ; ; 
TRACK;1.23.41-1; ; ;-1.516416327;20763369.87;NA; ; ; ; ; ; ; ; ; ; 
TRACK;1.23.41-1;-16.44212671;-71.6255899;-1945024.77;2827641.359;NA;False; ; ;0; ; ; ; ; ; 
TRACK;1.23.41-1;-16.44176227;-71.62587365;-1944978.421;2827613.955;NA;False; ; ;0; ; ; ; ; ; 
TRACK;1.23.41-1;-16.4418667;-71.62600943;-1944988.975;2827597.214;NA;False; ; ;0; ; ; ; ; ; 
TRACK;1.23.41-1;-16.44231918;-71.62580946;-1945044.607;2827613.98;NA;False; ; ;0; ; ; ; ; ; 
TRACK;1.23.41-2; ; ;-1.516416327;20763369.87;NA; ; ; ; ; ; ; ; ; ; 
TRACK;1.23.41-2;-16.4424623;-71.62574815;-1945062.179;2827619.062;NA;False; ; ;0; ; ; ; ; ; 
TRACK;1.23.41-2;-16.44271986;-71.62543098;-1945096.4;2827651.644;NA;False; ; ;0; ; ; ; ; ; 
TRACK;1.23.41-2;-16.44252605;-71.62526278;-1945075.76;2827673.223;NA;False; ; ;0; ; ; ; ; ; 
TRACK;1.23.41-2;-16.44231057;-71.62544105;-1945048.224;2827655.831;NA;False; ; ;0; ; ; ; ; ; 
TRACK;1.23.41-2;-16.44237075;-71.62554161;-1945054.026;2827643.654;NA;False; ; ;0; ; ; ; ; ; 
TRACK;1.23.41-2;-16.44224066;-71.62566508;-1945037.202;2827631.359;NA;False; ; ;0; ; ; ; ; ; 
TRACK;1.23.41-2;-16.4423595;-71.62577824;-1945049.732;2827616.992;NA;False; ; ;0; ; ; ; ; ; 
TRACK;1.23.41-3; ; ;-1.516416327;20763369.87;NA; ; ; ; ; ; ; ; ; ; 
TRACK;1.23.41-3;-16.44251578;-71.62578562;-1945067.987;2827614.122;NA;False; ; ;0; ; ; ; ; ; 
TRACK;1.23.41-3;-16.44224597;-71.62588006;-1945035.125;2827606.933;NA;False; ; ;0; ; ; ; ; ; 
TRACK;1.23.41-3;-16.4419126;-71.62604586;-1944993.906;2827592.489;NA;False; ; ;0; ; ; ; ; ; 
TRACK;1.23.41-3;-16.44202773;-71.62617747;-1945005.769;2827576.08;NA;False; ; ;0; ; ; ; ; ; 
TRACK;1.23.41-3;-16.4421768;-71.62606522;-1945024.679;2827586.856;NA;False; ; ;0; ; ; ; ; ; 
TRACK;1.23.41-3;-16.44227541;-71.62603061;-1945036.691;2827589.494;NA;False; ; ;0; ; ; ; ; ; 
TRACK;1.23.41-3;-16.44271015;-71.62593605;-1945088.916;2827594.548;NA;False; ; ;0; ; ; ; ; ; 
TRACK;1.23.41-4; ; ;-1.516416327;20763369.87;NA; ; ; ; ; ; ; ; ; ; 
TRACK;1.23.41-4;-16.44293074;-71.6262196;-1945111.251;2827559.553;NA;False; ; ;0; ; ; ; ; ; 
TRACK;1.23.41-4;-16.44289848;-71.6261082;-1945108.863;2827572.594;NA;False; ; ;0; ; ; ; ; ; 
TRACK;1.23.41-4;-16.44275936;-71.62597906;-1945094.153;2827589.036;NA;False; ; ;0; ; ; ; ; ; 
TRACK;1.23.41-4;-16.44254211;-71.62602014;-1945068.132;2827587.209;NA;False; ; ;0; ; ; ; ; ; 
TRACK;1.23.41-4;-16.4426856;-71.62623963;-1945082.221;2827560.475;NA;False; ; ;0; ; ; ; ; ; 
TRACK;1.23.41-5; ; ;-1.516416327;20763369.87;NA; ; ; ; ; ; ; ; ; ; 
TRACK;1.23.41-5;-16.44247643;-71.62605135;-1945060.029;2827584.528;NA;False; ; ;0; ; ; ; ; ; 
TRACK;1.23.41-5;-16.44224846;-71.62609442;-1945032.725;2827582.616;NA;False; ; ;0; ; ; ; ; ; 
TRACK;1.23.41-5;-16.44217221;-71.62618876;-1945022.589;2827572.92;NA;False; ; ;0; ; ; ; ; ; 
TRACK;1.23.41-5;-16.44215577;-71.62634201;-1945018.735;2827555.771;NA;False; ; ;0; ; ; ; ; ; 
TRACK;1.23.41-5;-16.44237362;-71.62627508;-1945045.15;2827560.519;NA;False; ; ;0; ; ; ; ; ; 
TRACK;1.23.41-5;-16.44258531;-71.62624054;-1945070.435;2827561.677;NA;False; ; ;0; ; ; ; ; ; 
TRACK;1.23.41-6; ; ;-1.516416327;20763369.87;NA; ; ; ; ; ; ; ; ; ; 
TRACK;1.23.41-6;-16.44192808;-71.62649994;-1944990.02;2827540.843;NA;False; ; ;0; ; ; ; ; ; 
TRACK;1.23.41-6;-16.44202495;-71.6264791;-1945001.654;2827541.942;NA;False; ; ;0; ; ; ; ; ; 
TRACK;1.23.41-6;-16.44206447;-71.62644643;-1945006.704;2827545.129;NA;False; ; ;0; ; ; ; ; ; 
TRACK;1.23.41-6;-16.44213924;-71.62622096;-1945018.313;2827569.7;NA;False; ; ;0; ; ; ; ; ; 
TRACK;1.23.41-6;-16.44210646;-71.62619891;-1945014.742;2827572.625;NA;False; ; ;0; ; ; ; ; ; 
TRACK;1.23.41-6;-16.44190499;-71.62647586;-1944987.612;2827543.871;NA;False; ; ;0; ; ; ; ; ; 
TRACK;1.23.41-7; ; ;-1.516416327;20763369.87;NA; ; ; ; ; ; ; ; ; ; 
TRACK;1.23.41-7;-16.44192697;-71.62615023;-1944994.283;2827580.477;NA;False; ; ;0; ; ; ; ; ; 
TRACK;1.23.41-7;-16.44169044;-71.62640274;-1944963.343;2827554.948;NA;False; ; ;0; ; ; ; ; ; 
TRACK;1.23.41-7;-16.44165754;-71.62648656;-1944958.428;2827545.879;NA;False; ; ;0; ; ; ; ; ; 
TRACK;1.23.41-7;-16.44182607;-71.62645393;-1944978.622;2827547.382;NA;False; ; ;0; ; ; ; ; ; 
TRACK;1.23.41-7;-16.44201812;-71.62624896;-1945003.743;2827568.105;NA;False; ; ;0; ; ; ; ; ; 
TRACK;1.23.41-8; ; ;-1.516416327;20763369.87;NA; ; ; ; ; ; ; ; ; ; 
TRACK;1.23.41-8;-16.44182248;-71.62647457;-1944977.942;2827545.09;NA;False; ; ;0; ; ; ; ; ; 
TRACK;1.23.41-8;-16.44165361;-71.62650665;-1944957.713;2827543.654;NA;False; ; ;0; ; ; ; ; ; 
TRACK;1.23.41-8;-16.44177551;-71.62680418;-1944968.288;2827508.359;NA;False; ; ;0; ; ; ; ; ; 
TRACK;1.23.41-8;-16.44208823;-71.62674574;-1945005.734;2827510.91;NA;False; ; ;0; ; ; ; ; ; 
TRACK;1.23.41-9; ; ;-1.516416327;20763369.87;NA; ; ; ; ; ; ; ; ; ; 
TRACK;1.23.41-9;-16.44278599;-71.62666731;-1945088.634;2827510.715;NA;False; ; ;0; ; ; ; ; ; 
TRACK;1.23.41-9;-16.4427429;-71.62647111;-1945086.04;2827533.503;NA;False; ; ;0; ; ; ; ; ; 
TRACK;1.23.41-9;-16.44263204;-71.62630227;-1945075.146;2827554.075;NA;False; ; ;0; ; ; ; ; ; 
TRACK;1.23.41-9;-16.44241899;-71.62632917;-1945049.797;2827553.8;NA;False; ; ;0; ; ; ; ; ; 
TRACK;1.23.41-9;-16.44223616;-71.62639546;-1945027.5;2827548.67;NA;False; ; ;0; ; ; ; ; ; 
TRACK;1.23.41-9;-16.44205584;-71.62648408;-1945005.218;2827540.976;NA;False; ; ;0; ; ; ; ; ; 
TRACK;1.23.41-9;-16.4419552;-71.62657579;-1944992.251;2827531.896;NA;False; ; ;0; ; ; ; ; ; 
TRACK;1.23.41-9;-16.44212606;-71.62675152;-1945010.103;2827509.763;NA;False; ; ;0; ; ; ; ; ; 
TRACK;1.23.41-10; ; ;-1.516416327;20763369.87;NA; ; ; ; ; ; ; ; ; ; 
TRACK;1.23.41-10;-16.4429506;-71.62624884;-1945113.215;2827555.981;NA;False; ; ;0; ; ; ; ; ; 
TRACK;1.23.41-10;-16.44270506;-71.62627471;-1945084.065;2827556.247;NA;False; ; ;0; ; ; ; ; ; 
TRACK;1.23.41-10;-16.44281042;-71.62648772;-1945093.758;2827530.743;NA;False; ; ;0; ; ; ; ; ; 
TRACK;1.23.41-10;-16.44282852;-71.62666695;-1945093.632;2827510.201;NA;False; ; ;0; ; ; ; ; ; 
TRACK;1.23.41-10;-16.44296751;-71.62663719;-1945110.322;2827511.764;NA;False; ; ;0; ; ; ; ; ; 
TRACK;1.23.41-11; ; ;-1.516416327;20763369.87;NA; ; ; ; ; ; ; ; ; ; 
TRACK;1.23.41-11;-16.44212479;-71.62678798;-1945009.495;2827505.648;NA;False; ; ;0; ; ; ; ; ; 
TRACK;1.23.41-11;-16.44191314;-71.62682854;-1944984.139;2827503.808;NA;False; ; ;0; ; ; ; ; ; 
TRACK;1.23.41-11;-16.44196945;-71.62735734;-1944984.108;2827443.166;NA;False; ; ;0; ; ; ; ; ; 
TRACK;1.23.41-11;-16.44217927;-71.62734299;-1945008.92;2827442.06;NA;False; ; ;0; ; ; ; ; ; 
TRACK;1.23.41-12; ; ;-1.516416327;20763369.87;NA; ; ; ; ; ; ; ; ; ; 
TRACK;1.23.41-12;-16.44234654;-71.62703709;-1945032.4;2827474.54;NA;False; ; ;0; ; ; ; ; ; 
TRACK;1.23.41-12;-16.44247329;-71.62676772;-1945050.663;2827503.409;NA;False; ; ;0; ; ; ; ; ; 
TRACK;1.23.41-12;-16.44219906;-71.62679543;-1945018.121;2827503.838;NA;False; ; ;0; ; ; ; ; ; 
TRACK;1.23.41-12;-16.44221737;-71.62701626;-1945017.497;2827478.581;NA;False; ; ;0; ; ; ; ; ; 
TRACK;1.23.41-13; ; ;-1.516416327;20763369.87;NA; ; ; ; ; ; ; ; ; ; 
TRACK;1.23.41-13;-16.44221342;-71.62706843;-1945016.377;2827472.722;NA;False; ; ;0; ; ; ; ; ; 
TRACK;1.23.41-13;-16.44223356;-71.62729044;-1945015.954;2827447.308;NA;False; ; ;0; ; ; ; ; ; 
TRACK;1.23.41-13;-16.44242313;-71.6273817;-1945037.063;2827434.501;NA;False; ; ;0; ; ; ; ; ; 
TRACK;1.23.41-13;-16.44265433;-71.6271705;-1945066.857;2827455.42;NA;False; ; ;0; ; ; ; ; ; 
TRACK;1.23.41-14; ; ;-1.516416327;20763369.87;NA; ; ; ; ; ; ; ; ; ; 
TRACK;1.23.41-14;-16.44288789;-71.62672135;-1945099.918;2827503.265;NA;False; ; ;0; ; ; ; ; ; 
TRACK;1.23.41-14;-16.44251789;-71.62676244;-1945055.965;2827503.427;NA;False; ; ;0; ; ; ; ; ; 
TRACK;1.23.41-14;-16.44236884;-71.62705608;-1945034.779;2827472.099;NA;False; ; ;0; ; ; ; ; ; 
TRACK;1.23.41-14;-16.44267321;-71.62712336;-1945069.666;2827460.514;NA;False; ; ;0; ; ; ; ; ; 
TRACK;1.23.41-14;-16.44290459;-71.6267594;-1945101.4;2827498.737;NA;False; ; ;0; ; ; ; ; ; 
TRACK;1.23.41-15; ; ;-1.516416327;20763369.87;NA; ; ; ; ; ; ; ; ; ; 
TRACK;1.23.41-15;-16.44279262;-71.62711323;-1945083.812;2827460.108;NA;False; ; ;0; ; ; ; ; ; 
TRACK;1.23.41-15;-16.44252869;-71.62741628;-1945049.02;2827429.21;NA;False; ; ;0; ; ; ; ; ; 
TRACK;1.23.41-15;-16.44296151;-71.62731802;-1945101.066;2827434.709;NA;False; ; ;0; ; ; ; ; ; 
TRACK;1.23.41-16; ; ;-1.516416327;20763369.87;NA; ; ; ; ; ; ; ; ; ; 
TRACK;1.23.41-16;-16.44298363;-71.62759578;-1945100.174;2827402.952;NA;False; ; ;0; ; ; ; ; ; 
TRACK;1.23.41-16;-16.44298075;-71.62741084;-1945102.159;2827423.943;NA;False; ; ;0; ; ; ; ; ; 
TRACK;1.23.41-16;-16.44297803;-71.62741113;-1945101.836;2827423.945;NA;False; ; ;0; ; ; ; ; ; 
TRACK;1.23.41-16;-16.44254719;-71.6274426;-1945050.862;2827425.987;NA;False; ; ;0; ; ; ; ; ; 
TRACK;1.23.41-16;-16.44255424;-71.62752951;-1945050.598;2827416.049;NA;False; ; ;0; ; ; ; ; ; 
TRACK;1.23.41-17; ; ;-1.516416327;20763369.87;NA; ; ; ; ; ; ; ; ; ; 
TRACK;1.23.41-17;-16.44341403;-71.62670106;-1945161.939;2827498.716;NA;False; ; ;0; ; ; ; ; ; 
TRACK;1.23.41-17;-16.44306127;-71.62658197;-1945122.023;2827516.799;NA;False; ; ;0; ; ; ; ; ; 
TRACK;1.23.41-17;-16.44289297;-71.62711824;-1945095.529;2827458.234;NA;False; ; ;0; ; ; ; ; ; 
TRACK;1.23.41-17;-16.44303462;-71.62729757;-1945109.905;2827436.074;NA;False; ; ;0; ; ; ; ; ; 
TRACK;1.23.41-17;-16.44323659;-71.62727185;-1945133.939;2827436.359;NA;False; ; ;0; ; ; ; ; ; 
TRACK;1.23.41-18; ; ;-1.516416327;20763369.87;NA; ; ; ; ; ; ; ; ; ; 
TRACK;1.23.41-18;-16.44345848;-71.626475;-1945169.998;2827523.749;NA;False; ; ;0; ; ; ; ; ; 
TRACK;1.23.41-18;-16.44326179;-71.62658607;-1945145.512;2827513.726;NA;False; ; ;0; ; ; ; ; ; 
TRACK;1.23.41-18;-16.4434154;-71.62662867;-1945163.01;2827506.9;NA;False; ; ;0; ; ; ; ; ; 
TRACK;1.23.41-18;-16.44354572;-71.62668311;-1945177.626;2827499.036;NA;False; ; ;0; ; ; ; ; ; 
TRACK;1.23.41-18;-16.44361438;-71.62662998;-1945186.353;2827504.161;NA;False; ; ;0; ; ; ; ; ; 
TRACK;1.23.41-19; ; ;-1.516416327;20763369.87;NA; ; ; ; ; ; ; ; ; ; 
TRACK;1.23.41-19;-16.44364223;-71.62738735;-1945180.109;2827417.994;NA;False; ; ;0; ; ; ; ; ; 
TRACK;1.23.41-19;-16.44383778;-71.62667627;-1945211.998;2827496.01;NA;False; ; ;0; ; ; ; ; ; 
TRACK;1.23.41-19;-16.4436239;-71.62676134;-1945185.821;2827489.155;NA;False; ; ;0; ; ; ; ; ; 
TRACK;1.23.41-19;-16.44345581;-71.6267103;-1945166.729;2827497.125;NA;False; ; ;0; ; ; ; ; ; 
TRACK;1.23.41-19;-16.44329069;-71.62731384;-1945139.763;2827430.898;NA;False; ; ;0; ; ; ; ; ; 
TRACK;1.23.41-20; ; ;-1.516416327;20763369.87;NA; ; ; ; ; ; ; ; ; ; 
TRACK;1.23.41-20;-16.44307362;-71.62737009;-1945113.573;2827427.35;NA;False; ; ;0; ; ; ; ; ; 
TRACK;1.23.41-20;-16.44311107;-71.62764273;-1945114.545;2827395.975;NA;False; ; ;0; ; ; ; ; ; 
TRACK;1.23.41-20;-16.44318551;-71.62764052;-1945123.312;2827395.256;NA;False; ; ;0; ; ; ; ; ; 
TRACK;1.23.41-20;-16.44321809;-71.62733894;-1945130.925;2827428.999;NA;False; ; ;0; ; ; ; ; ; 
TRACK;1.23.41-21; ; ;-1.516416327;20763369.87;NA; ; ; ; ; ; ; ; ; ; 
TRACK;1.23.41-21;-16.44324848;-71.62755752;-1945131.747;2827403.84;NA;False; ; ;0; ; ; ; ; ; 
TRACK;1.23.41-21;-16.44358977;-71.6276089;-1945171.168;2827393.577;NA;False; ; ;0; ; ; ; ; ; 
TRACK;1.23.41-21;-16.44361581;-71.62745374;-1945176.173;2827410.816;NA;False; ; ;0; ; ; ; ; ; 
TRACK;1.23.41-21;-16.44328218;-71.62736485;-1945138.123;2827425.23;NA;False; ; ;0; ; ; ; ; ; 
TRACK;1.23.41-22; ; ;-1.516416327;20763369.87;NA; ; ; ; ; ; ; ; ; ; 
TRACK;1.23.41-22;-16.44387476;-71.62673729;-1945215.572;2827488.615;NA;False; ; ;0; ; ; ; ; ; 
TRACK;1.23.41-22;-16.44369258;-71.62737207;-1945186.212;2827419.07;NA;False; ; ;0; ; ; ; ; ; 
TRACK;1.23.41-22;-16.4439756;-71.6273288;-1945219.981;2827420.289;NA;False; ; ;0; ; ; ; ; ; 
TRACK;1.23.41-23; ; ;-1.516416327;20763369.87;NA; ; ; ; ; ; ; ; ; ; 
TRACK;1.23.41-23;-16.44451735;-71.62662794;-1945292.384;2827492.639;NA;False; ; ;0; ; ; ; ; ; 
TRACK;1.23.41-23;-16.44426859;-71.62638663;-1945266.213;2827523.215;NA;False; ; ;0; ; ; ; ; ; 
TRACK;1.23.41-23;-16.44393029;-71.62660408;-1945223.765;2827502.984;NA;False; ; ;0; ; ; ; ; ; 
TRACK;1.23.41-23;-16.44392791;-71.62660411;-1945223.485;2827503.011;NA;False; ; ;0; ; ; ; ; ; 
TRACK;1.23.41-23;-16.44403933;-71.62701812;-1945231.365;2827454.656;NA;False; ; ;0; ; ; ; ; ; 
TRACK;1.23.41-24; ; ;-1.516416327;20763369.87;NA; ; ; ; ; ; ; ; ; ; 
TRACK;1.23.41-24;-16.44447265;-71.62623446;-1945292.079;2827537.799;NA;False; ; ;0; ; ; ; ; ; 
TRACK;1.23.41-24;-16.44460648;-71.62597661;-1945311.03;2827565.27;NA;False; ; ;0; ; ; ; ; ; 
TRACK;1.23.41-24;-16.44440849;-71.6257146;-1945291.078;2827597.531;NA;False; ; ;0; ; ; ; ; ; 
TRACK;1.23.41-24;-16.44440249;-71.62529324;-1945295.667;2827645.346;NA;False; ; ;0; ; ; ; ; ; 
TRACK;1.23.41-24;-16.44421015;-71.62526134;-1945273.487;2827651.463;NA;False; ; ;0; ; ; ; ; ; 
TRACK;1.23.41-24;-16.44405374;-71.62595856;-1945246.366;2827574.509;NA;False; ; ;0; ; ; ; ; ; 
TRACK;1.23.41-24;-16.44411503;-71.62614744;-1945251.189;2827552.313;NA;False; ; ;0; ; ; ; ; ; 
TRACK;1.23.41-24;-16.44416626;-71.62624276;-1945256.006;2827540.847;NA;False; ; ;0; ; ; ; ; ; 
TRACK;1.23.41-24;-16.44460026;-71.62666396;-1945301.665;2827487.478;NA;False; ; ;0; ; ; ; ; ; 
TRACK;1.23.41-24;-16.4447074;-71.62650682;-1945316.217;2827503.887;NA;False; ; ;0; ; ; ; ; ; 
TRACK;1.23.44-1; ; ;-1.516416327;20763369.87;NA; ; ; ; ; ; ; ; ; ; 
TRACK;1.23.44-1;-16.44744682;-71.62364342;-1945673.794;2827792.623;NA;False; ; ;0; ; ; ; ; ; 
TRACK;1.23.44-1;-16.44791915;-71.62323962;-1945734.318;2827832.219;NA;False; ; ;0; ; ; ; ; ; 
TRACK;1.23.44-1;-16.44791914;-71.62323499;-1945734.376;2827832.744;NA;False; ; ;0; ; ; ; ; ; 
TRACK;1.23.44-1;-16.44774675;-71.62305943;-1945716.344;2827854.878;NA;False; ; ;0; ; ; ; ; ; 
TRACK;1.23.44-1;-16.44725461;-71.62350447;-1945652.975;2827810.867;NA;False; ; ;0; ; ; ; ; ; 
TRACK;1.23.44-2; ; ;-1.516416327;20763369.87;NA; ; ; ; ; ; ; ; ; ; 
TRACK;1.23.44-2;-16.44780311;-71.62292127;-1945724.697;2827869.797;NA;False; ; ;0; ; ; ; ; ; 
TRACK;1.23.44-2;-16.44769019;-71.62277043;-1945713.336;2827888.357;NA;False; ; ;0; ; ; ; ; ; 
TRACK;1.23.44-2;-16.44700013;-71.62333844;-1945625.185;2827832.991;NA;False; ; ;0; ; ; ; ; ; 
TRACK;1.23.44-2;-16.44721434;-71.62348688;-1945648.468;2827813.385;NA;False; ; ;0; ; ; ; ; ; 
TRACK;1.23.44-2;-16.44780567;-71.62292333;-1945724.971;2827869.531;NA;False; ; ;0; ; ; ; ; ; 
TRACK;1.23.44-3; ; ;-1.516416327;20763369.87;NA; ; ; ; ; ; ; ; ; ; 
TRACK;1.23.44-3;-16.44746295;-71.62240079;-1945691.303;2827933.193;NA;False; ; ;0; ; ; ; ; ; 
TRACK;1.23.44-3;-16.44739265;-71.62256734;-1945680.956;2827915.24;NA;False; ; ;0; ; ; ; ; ; 
TRACK;1.23.44-3;-16.44685612;-71.62297217;-1945612.881;2827876.361;NA;False; ; ;0; ; ; ; ; ; 
TRACK;1.23.44-3;-16.44700776;-71.62325507;-1945627.128;2827842.336;NA;False; ; ;0; ; ; ; ; ; 
TRACK;1.23.44-3;-16.44768075;-71.62269484;-1945713.177;2827897.043;NA;False; ; ;0; ; ; ; ; ; 
TRACK;1.23.44-4; ; ;-1.516416327;20763369.87;NA; ; ; ; ; ; ; ; ; ; 
TRACK;1.23.44-4;-16.44860186;-71.62194399;-1945830.751;2827970.113;NA;False; ; ;0; ; ; ; ; ; 
TRACK;1.23.44-4;-16.44837563;-71.62160386;-1945808.466;2828011.593;NA;False; ; ;0; ; ; ; ; ; 
TRACK;1.23.44-4;-16.44780619;-71.62197123;-1945736.997;2827977.39;NA;False; ; ;0; ; ; ; ; ; 
TRACK;1.23.44-4;-16.44747614;-71.62230962;-1945693.996;2827943.35;NA;False; ; ;0; ; ; ; ; ; 
TRACK;1.23.44-4;-16.44773064;-71.62265632;-1945719.518;2827900.758;NA;False; ; ;0; ; ; ; ; ; 
TRACK;1.23.44-4;-16.44817118;-71.6223409;-1945775.201;2827930.755;NA;False; ; ;0; ; ; ; ; ; 
TRACK;1.23.44-5; ; ;-1.516416327;20763369.87;NA; ; ; ; ; ; ; ; ; ; 
TRACK;1.23.44-5;-16.4486246;-71.62197772;-1945832.996;2827965.996;NA;False; ; ;0; ; ; ; ; ; 
TRACK;1.23.44-5;-16.44775302;-71.62276331;-1945720.8;2827888.344;NA;False; ; ;0; ; ; ; ; ; 
TRACK;1.23.44-5;-16.44784813;-71.62287941;-1945730.507;2827873.953;NA;False; ; ;0; ; ; ; ; ; 
TRACK;1.23.44-5;-16.44820474;-71.62262838;-1945775.528;2827897.749;NA;False; ; ;0; ; ; ; ; ; 
TRACK;1.23.44-5;-16.44839323;-71.62250323;-1945799.228;2827909.473;NA;False; ; ;0; ; ; ; ; ; 
TRACK;1.23.44-5;-16.44872206;-71.62212246;-1945842.618;2827948.328;NA;False; ; ;0; ; ; ; ; ; 
TRACK;1.23.44-6; ; ;-1.516416327;20763369.87;NA; ; ; ; ; ; ; ; ; ; 
TRACK;1.23.44-6;-16.44874044;-71.62276132;-1945836.747;2827875.711;NA;False; ; ;0; ; ; ; ; ; 
TRACK;1.23.44-6;-16.44901021;-71.6223948;-1945873.024;2827913.722;NA;False; ; ;0; ; ; ; ; ; 
TRACK;1.23.44-6;-16.44876303;-71.62216811;-1945846.855;2827942.623;NA;False; ; ;0; ; ; ; ; ; 
TRACK;1.23.44-6;-16.448427;-71.62255419;-1945802.553;2827903.26;NA;False; ; ;0; ; ; ; ; ; 
TRACK;1.23.44-7; ; ;-1.516416327;20763369.87;NA; ; ; ; ; ; ; ; ; ; 
TRACK;1.23.44-7;-16.44914297;-71.62238217;-1945888.768;2827913.424;NA;False; ; ;0; ; ; ; ; ; 
TRACK;1.23.44-7;-16.44931671;-71.62169646;-1945917.783;2827988.846;NA;False; ; ;0; ; ; ; ; ; 
TRACK;1.23.44-7;-16.4491449;-71.62159852;-1945898.844;2828002.18;NA;False; ; ;0; ; ; ; ; ; 
TRACK;1.23.44-7;-16.4487618;-71.62200334;-1945848.781;2827961.306;NA;False; ; ;0; ; ; ; ; ; 
TRACK;1.23.44-8; ; ;-1.516416327;20763369.87;NA; ; ; ; ; ; ; ; ; ; 
TRACK;1.23.44-8;-16.44887063;-71.62184057;-1945863.603;2827978.33;NA;False; ; ;0; ; ; ; ; ; 
TRACK;1.23.44-8;-16.44900552;-71.62168737;-1945881.364;2827993.929;NA;False; ; ;0; ; ; ; ; ; 
TRACK;1.23.44-8;-16.44909717;-71.62155308;-1945893.811;2828007.949;NA;False; ; ;0; ; ; ; ; ; 
TRACK;1.23.44-8;-16.44890941;-71.62125753;-1945875.484;2828043.878;NA;False; ; ;0; ; ; ; ; ; 
TRACK;1.23.44-8;-16.44880091;-71.62128607;-1945862.387;2828042.059;NA;False; ; ;0; ; ; ; ; ; 
TRACK;1.23.44-8;-16.4484496;-71.62157661;-1945817.492;2828013.718;NA;False; ; ;0; ; ; ; ; ; 
TRACK;1.23.44-8;-16.44871834;-71.62193803;-1945844.499;2827969.271;NA;False; ; ;0; ; ; ; ; ; 
TRACK;1.23.44-9; ; ;-1.516416327;20763369.87;NA; ; ; ; ; ; ; ; ; ; 
TRACK;1.23.44-9;-16.4487688;-71.62123891;-1945859.21;2828047.819;NA;False; ; ;0; ; ; ; ; ; 
TRACK;1.23.44-9;-16.44876017;-71.62121133;-1945858.544;2828051.056;NA;False; ; ;0; ; ; ; ; ; 
TRACK;1.23.44-9;-16.44863765;-71.62105598;-1945846.113;2828070.252;NA;False; ; ;0; ; ; ; ; ; 
TRACK;1.23.44-9;-16.44831757;-71.62135224;-1945804.812;2828040.857;NA;False; ; ;0; ; ; ; ; ; 
TRACK;1.23.44-9;-16.44843782;-71.62150821;-1945816.969;2828021.62;NA;False; ; ;0; ; ; ; ; ; 
TRACK;1.23.44-9;-16.44877095;-71.62124879;-1945859.339;2828046.672;NA;False; ; ;0; ; ; ; ; ; 
TRACK;1.23.44-10; ; ;-1.516416327;20763369.87;NA; ; ; ; ; ; ; ; ; ; 
TRACK;1.23.44-10;-16.44869418;-71.6200278;-1945865.672;2828186.002;NA;False; ; ;0; ; ; ; ; ; 
TRACK;1.23.44-10;-16.44850603;-71.62027043;-1945840.534;2828160.963;NA;False; ; ;0; ; ; ; ; ; 
TRACK;1.23.44-10;-16.44854831;-71.62046484;-1945843.053;2828138.388;NA;False; ; ;0; ; ; ; ; ; 
TRACK;1.23.44-10;-16.44883116;-71.62084255;-1945871.513;2828091.912;NA;False; ; ;0; ; ; ; ; ; 
TRACK;1.23.44-10;-16.44867466;-71.62103648;-1945850.702;2828071.98;NA;False; ; ;0; ; ; ; ; ; 
TRACK;1.23.44-10;-16.44891641;-71.62117608;-1945877.329;2828053.015;NA;False; ; ;0; ; ; ; ; ; 
TRACK;1.23.44-10;-16.44917755;-71.62086902;-1945911.846;2828084.402;NA;False; ; ;0; ; ; ; ; ; 
TRACK;1.23.44-11; ; ;-1.516416327;20763369.87;NA; ; ; ; ; ; ; ; ; ; 
TRACK;1.23.44-11;-16.44923074;-71.62106306;-1945915.652;2828061.725;NA;False; ; ;0; ; ; ; ; ; 
TRACK;1.23.44-11;-16.4489576;-71.62125824;-1945881.133;2828043.171;NA;False; ; ;0; ; ; ; ; ; 
TRACK;1.23.44-11;-16.44912921;-71.6214719;-1945898.594;2828016.729;NA;False; ; ;0; ; ; ; ; ; 
TRACK;1.23.44-11;-16.44935167;-71.62127341;-1945927.205;2828036.319;NA;False; ; ;0; ; ; ; ; ; 
TRACK;1.23.44-12; ; ;-1.516416327;20763369.87;NA; ; ; ; ; ; ; ; ; ; 
TRACK;1.23.44-12;-16.44917531;-71.61942485;-1945929.736;2828248.045;NA;False; ; ;0; ; ; ; ; ; 
TRACK;1.23.44-12;-16.44872871;-71.61997157;-1945870.432;2828191.922;NA;False; ; ;0; ; ; ; ; ; 
TRACK;1.23.44-12;-16.44938241;-71.62107877;-1945933.26;2828057.97;NA;False; ; ;0; ; ; ; ; ; 
TRACK;1.23.44-12;-16.44985686;-71.620811;-1945992.327;2828082.127;NA;False; ; ;0; ; ; ; ; ; 
TRACK;1.23.44-13; ; ;-1.516416327;20763369.87;NA; ; ; ; ; ; ; ; ; ; 
TRACK;1.23.44-13;-16.44979619;-71.62212676;-1945968.666;2827933.853;NA;False; ; ;0; ; ; ; ; ; 
TRACK;1.23.44-13;-16.4500651;-71.62258087;-1945994.528;2827878.903;NA;False; ; ;0; ; ; ; ; ; 
TRACK;1.23.44-13;-16.45013747;-71.62291213;-1945998.861;2827840.432;NA;False; ; ;0; ; ; ; ; ; 
TRACK;1.23.44-13;-16.45030154;-71.6230968;-1946015.802;2827817.374;NA;False; ; ;0; ; ; ; ; ; 
TRACK;1.23.44-13;-16.45073585;-71.62331664;-1946064.025;2827786.811;NA;False; ; ;0; ; ; ; ; ; 
TRACK;1.23.44-13;-16.45088735;-71.62296805;-1946086.192;2827824.33;NA;False; ; ;0; ; ; ; ; ; 
TRACK;1.23.44-13;-16.45073905;-71.62286578;-1946070.068;2827837.848;NA;False; ; ;0; ; ; ; ; ; 
TRACK;1.23.44-13;-16.44997582;-71.62126825;-1946000.545;2828028.775;NA;False; ; ;0; ; ; ; ; ; 
TRACK;1.23.44-13;-16.44946848;-71.62149561;-1945938.126;2828009.625;NA;False; ; ;0; ; ; ; ; ; 
TRACK;1.23.44-13;-16.44965106;-71.62206057;-1945952.46;2827943.241;NA;False; ; ;0; ; ; ; ; ; 
TRACK;1.23.44-14; ; ;-1.516416327;20763369.87;NA; ; ; ; ; ; ; ; ; ; 
TRACK;1.23.44-14;-16.45105618;-71.62292816;-1946106.514;2827826.65;NA;False; ; ;0; ; ; ; ; ; 
TRACK;1.23.44-14;-16.45118524;-71.62256791;-1946126.193;2827865.783;NA;False; ; ;0; ; ; ; ; ; 
TRACK;1.23.44-14;-16.45224215;-71.62149223;-1946263.795;2827973.878;NA;False; ; ;0; ; ; ; ; ; 
TRACK;1.23.44-14;-16.45214779;-71.6205527;-1946264.527;2828081.548;NA;False; ; ;0; ; ; ; ; ; 
TRACK;1.23.44-14;-16.45125173;-71.62073605;-1946157.025;2828072.449;NA;False; ; ;0; ; ; ; ; ; 
TRACK;1.23.44-14;-16.45010528;-71.62118631;-1946016.774;2828036.371;NA;False; ; ;0; ; ; ; ; ; 
TRACK;1.23.44-14;-16.45083401;-71.6228925;-1946080.88;2827833.584;NA;False; ; ;0; ; ; ; ; ; 
TRACK;1.23.45-2; ; ;-1.516416327;20763369.87;NA; ; ; ; ; ; ; ; ; ; 
TRACK;1.23.45-2;-16.42947769;-71.67137931;-1942965.765;2822618.473;NA;False; ; ;0; ; ; ; ; ; 
TRACK;1.23.45-2;-16.42911902;-71.671244;-1942925.363;2822638.453;NA;False; ; ;0; ; ; ; ; ; 
TRACK;1.23.45-2;-16.42891446;-71.67198165;-1942892.119;2822557.548;NA;False; ; ;0; ; ; ; ; ; 
TRACK;1.23.45-2;-16.42885446;-71.67232155;-1942880.821;2822519.825;NA;False; ; ;0; ; ; ; ; ; 
TRACK;1.23.45-2;-16.42884912;-71.67287372;-1942873.282;2822457.347;NA;False; ; ;0; ; ; ; ; ; 
TRACK;1.23.45-2;-16.42914877;-71.67285348;-1942908.705;2822455.754;NA;False; ; ;0; ; ; ; ; ; 
TRACK;1.23.45-2;-16.42941918;-71.6726986;-1942942.381;2822469.789;NA;False; ; ;0; ; ; ; ; ; 
TRACK;1.23.45-2;-16.42978944;-71.67163061;-1942999.209;2822585.963;NA;False; ; ;0; ; ; ; ; ; 
TRACK;1.23.45-2;-16.42945105;-71.67148716;-1942961.289;2822606.602;NA;False; ; ;0; ; ; ; ; ; 
TRACK;1.23.45-3; ; ;-1.516416327;20763369.87;NA; ; ; ; ; ; ; ; ; ; 
TRACK;1.23.45-3;-16.42950491;-71.67270446;-1942952.371;2822468.014;NA;False; ; ;0; ; ; ; ; ; 
TRACK;1.23.45-3;-16.42996413;-71.67252676;-1943008.493;2822482.186;NA;False; ; ;0; ; ; ; ; ; 
TRACK;1.23.45-3;-16.4303322;-71.67162605;-1943062.97;2822579.438;NA;False; ; ;0; ; ; ; ; ; 
TRACK;1.23.45-3;-16.42991912;-71.671454;-1943016.64;2822604.286;NA;False; ; ;0; ; ; ; ; ; 
TRACK;1.23.45-4; ; ;-1.516416327;20763369.87;NA; ; ; ; ; ; ; ; ; ; 
TRACK;1.23.45-4;-16.42993935;-71.67138839;-1943019.837;2822611.456;NA;False; ; ;0; ; ; ; ; ; 
TRACK;1.23.45-4;-16.43030831;-71.67152752;-1943061.399;2822590.909;NA;False; ; ;0; ; ; ; ; ; 
TRACK;1.23.45-4;-16.43064673;-71.67065767;-1943112.01;2822685.05;NA;False; ; ;0; ; ; ; ; ; 
TRACK;1.23.45-4;-16.43026236;-71.67049081;-1943068.986;2822708.939;NA;False; ; ;0; ; ; ; ; ; 
TRACK;1.23.45-5; ; ;-1.516416327;20763369.87;NA; ; ; ; ; ; ; ; ; ; 
TRACK;1.23.45-5;-16.43003661;-71.67025955;-1943045.385;2822738.063;NA;False; ; ;0; ; ; ; ; ; 
TRACK;1.23.45-5;-16.43010446;-71.67039609;-1943051.639;2822721.716;NA;False; ; ;0; ; ; ; ; ; 
TRACK;1.23.45-5;-16.43022544;-71.67046419;-1943064.986;2822712.433;NA;False; ; ;0; ; ; ; ; ; 
TRACK;1.23.45-5;-16.43022943;-71.67040865;-1943066.15;2822718.672;NA;False; ; ;0; ; ; ; ; ; 
TRACK;1.23.45-5;-16.43067632;-71.67059996;-1943116.206;2822691.204;NA;False; ; ;0; ; ; ; ; ; 
TRACK;1.23.45-5;-16.43079257;-71.67032423;-1943133.303;2822720.928;NA;False; ; ;0; ; ; ; ; ; 
TRACK;1.23.45-5;-16.43011707;-71.67001594;-1943057.879;2822764.614;NA;False; ; ;0; ; ; ; ; ; 
TRACK;1.23.45-6; ; ;-1.516416327;20763369.87;NA; ; ; ; ; ; ; ; ; ; 
TRACK;1.23.45-6;-16.43000593;-71.66916547;-1943055.484;2822862.393;NA;False; ; ;0; ; ; ; ; ; 
TRACK;1.23.45-6;-16.4297064;-71.66970085;-1943013.624;2822805.635;NA;False; ; ;0; ; ; ; ; ; 
TRACK;1.23.45-6;-16.43012822;-71.66995399;-1943059.964;2822771.487;NA;False; ; ;0; ; ; ; ; ; 
TRACK;1.23.45-6;-16.43083644;-71.67023552;-1943139.563;2822730.408;NA;False; ; ;0; ; ; ; ; ; 
TRACK;1.23.45-6;-16.43103504;-71.66963396;-1943170.405;2822795.973;NA;False; ; ;0; ; ; ; ; ; 
TRACK;1.23.45-6;-16.43023788;-71.66930833;-1943080.919;2822843.202;NA;False; ; ;0; ; ; ; ; ; 
TRACK;1.23.45-7; ; ;-1.516416327;20763369.87;NA; ; ; ; ; ; ; ; ; ; 
TRACK;1.23.45-7;-16.43011955;-71.66914356;-1943069.094;2822863.401;NA;False; ; ;0; ; ; ; ; ; 
TRACK;1.23.45-7;-16.43107176;-71.66955167;-1943175.745;2822804.818;NA;False; ; ;0; ; ; ; ; ; 
TRACK;1.23.45-7;-16.4312622;-71.66897041;-1943205.376;2822868.189;NA;False; ; ;0; ; ; ; ; ; 
TRACK;1.23.45-7;-16.4303234;-71.6686178;-1943099.604;2822920.312;NA;False; ; ;0; ; ; ; ; ; 
TRACK;1.23.45-8; ; ;-1.516416327;20763369.87;NA; ; ; ; ; ; ; ; ; ; 
TRACK;1.23.45-8;-16.43051912;-71.66859425;-1943122.87;2822920.441;NA;False; ; ;0; ; ; ; ; ; 
TRACK;1.23.45-8;-16.43133577;-71.66880188;-1943216.121;2822886.325;NA;False; ; ;0; ; ; ; ; ; 
TRACK;1.23.45-8;-16.43147684;-71.66810647;-1943241.387;2822963.267;NA;False; ; ;0; ; ; ; ; ; 
TRACK;1.23.45-8;-16.43065106;-71.66795118;-1943146.41;2822991.573;NA;False; ; ;0; ; ; ; ; ; 
TRACK;1.23.45-9; ; ;-1.516416327;20763369.87;NA; ; ; ; ; ; ; ; ; ; 
TRACK;1.23.45-9;-16.43066321;-71.66787534;-1943148.785;2823000.006;NA;False; ; ;0; ; ; ; ; ; 
TRACK;1.23.45-9;-16.43149717;-71.66802848;-1943244.751;2822971.838;NA;False; ; ;0; ; ; ; ; ; 
TRACK;1.23.45-9;-16.43162106;-71.66746017;-1943266.409;2823034.606;NA;False; ; ;0; ; ; ; ; ; 
TRACK;1.23.45-9;-16.43076443;-71.66723127;-1943168.731;2823071.652;NA;False; ; ;0; ; ; ; ; ; 
TRACK;1.23.45-10; ; ;-1.516416327;20763369.87;NA; ; ; ; ; ; ; ; ; ; 
TRACK;1.23.45-10;-16.43080093;-71.66716147;-1943173.889;2823079.084;NA;False; ; ;0; ; ; ; ; ; 
TRACK;1.23.45-10;-16.43164621;-71.66734341;-1943270.823;2823047.505;NA;False; ; ;0; ; ; ; ; ; 
TRACK;1.23.45-10;-16.43174749;-71.66673564;-1943290.323;2823115.037;NA;False; ; ;0; ; ; ; ; ; 
TRACK;1.23.45-10;-16.43092272;-71.66656647;-1943195.636;2823144.904;NA;False; ; ;0; ; ; ; ; ; 
TRACK;1.23.45-11; ; ;-1.516416327;20763369.87;NA; ; ; ; ; ; ; ; ; ; 
TRACK;1.23.45-11;-16.43067771;-71.66577392;-1943176.805;2823237.861;NA;False; ; ;0; ; ; ; ; ; 
TRACK;1.23.45-11;-16.43064543;-71.6671354;-1943155.965;2823084.055;NA;False; ; ;0; ; ; ; ; ; 
TRACK;1.23.45-11;-16.43072027;-71.66717476;-1943164.256;2823078.626;NA;False; ; ;0; ; ; ; ; ; 
TRACK;1.23.45-11;-16.43098918;-71.66583735;-1943212.568;2823226.633;NA;False; ; ;0; ; ; ; ; ; 
TRACK;1.23.45-12; ; ;-1.516416327;20763369.87;NA; ; ; ; ; ; ; ; ; ; 
TRACK;1.23.45-12;-16.43074574;-71.66394329;-1943207.719;2823444.349;NA;False; ; ;0; ; ; ; ; ; 
TRACK;1.23.45-12;-16.43066906;-71.66456276;-1943190.96;2823375.171;NA;False; ; ;0; ; ; ; ; ; 
TRACK;1.23.45-12;-16.43066543;-71.66564642;-1943176.961;2823252.464;NA;False; ; ;0; ; ; ; ; ; 
TRACK;1.23.45-12;-16.43100057;-71.66577173;-1943214.727;2823233.919;NA;False; ; ;0; ; ; ; ; ; 
TRACK;1.23.45-12;-16.43149806;-71.66304299;-1943307.3;2823536.569;NA;False; ; ;0; ; ; ; ; ; 
TRACK;1.23.45-12;-16.43100199;-71.66284647;-1943251.535;2823565.27;NA;False; ; ;0; ; ; ; ; ; 
TRACK;1.23.45-13; ; ;-1.516416327;20763369.87;NA; ; ; ; ; ; ; ; ; ; 
TRACK;1.23.45-13;-16.43094511;-71.66649702;-1943199.135;2823152.481;NA;False; ; ;0; ; ; ; ; ; 
TRACK;1.23.45-13;-16.43179346;-71.66667361;-1943296.495;2823121.467;NA;False; ; ;0; ; ; ; ; ; 
TRACK;1.23.45-13;-16.4319286;-71.6660978;-1943319.569;2823184.939;NA;False; ; ;0; ; ; ; ; ; 
TRACK;1.23.45-13;-16.43105565;-71.66590951;-1943219.467;2823217.597;NA;False; ; ;0; ; ; ; ; ; 
TRACK;1.23.45-14; ; ;-1.516416327;20763369.87;NA; ; ; ; ; ; ; ; ; ; 
TRACK;1.23.45-14;-16.43108498;-71.6657986;-1943224.298;2823229.78;NA;False; ; ;0; ; ; ; ; ; 
TRACK;1.23.45-14;-16.43196102;-71.66599969;-1943324.603;2823195.631;NA;False; ; ;0; ; ; ; ; ; 
TRACK;1.23.45-14;-16.4320633;-71.66537803;-1943344.394;2823264.724;NA;False; ; ;0; ; ; ; ; ; 
TRACK;1.23.45-14;-16.43118323;-71.66521432;-1943243.148;2823294.691;NA;False; ; ;0; ; ; ; ; ; 
TRACK;1.23.45-15; ; ;-1.516416327;20763369.87;NA; ; ; ; ; ; ; ; ; ; 
TRACK;1.23.45-15;-16.4313304;-71.66450822;-1943269.267;2823372.767;NA;False; ; ;0; ; ; ; ; ; 
TRACK;1.23.45-15;-16.43119021;-71.66511714;-1943245.185;2823305.609;NA;False; ; ;0; ; ; ; ; ; 
TRACK;1.23.45-15;-16.432057;-71.66529796;-1943344.658;2823273.876;NA;False; ; ;0; ; ; ; ; ; 
TRACK;1.23.45-15;-16.43216956;-71.66470084;-1943365.35;2823340.055;NA;False; ; ;0; ; ; ; ; ; 
TRACK;1.23.45-16; ; ;-1.516416327;20763369.87;NA; ; ; ; ; ; ; ; ; ; 
TRACK;1.23.45-16;-16.43137015;-71.66440243;-1943275.258;2823384.234;NA;False; ; ;0; ; ; ; ; ; 
TRACK;1.23.45-16;-16.43219909;-71.66460682;-1943369.993;2823350.323;NA;False; ; ;0; ; ; ; ; ; 
TRACK;1.23.45-16;-16.43230026;-71.66394458;-1943390.164;2823424.026;NA;False; ; ;0; ; ; ; ; ; 
TRACK;1.23.45-16;-16.43148164;-71.66378289;-1943296.105;2823452.968;NA;False; ; ;0; ; ; ; ; ; 
TRACK;1.23.45-17; ; ;-1.516416327;20763369.87;NA; ; ; ; ; ; ; ; ; ; 
TRACK;1.23.45-17;-16.43147328;-71.66369428;-1943296.233;2823463.114;NA;False; ; ;0; ; ; ; ; ; 
TRACK;1.23.45-17;-16.43232676;-71.66387405;-1943394.157;2823431.671;NA;False; ; ;0; ; ; ; ; ; 
TRACK;1.23.45-17;-16.43242906;-71.66327055;-1943413.725;2823498.707;NA;False; ; ;0; ; ; ; ; ; 
TRACK;1.23.45-17;-16.43158171;-71.66308008;-1943316.654;2823531.282;NA;False; ; ;0; ; ; ; ; ; 
TRACK;1.23.45-18; ; ;-1.516416327;20763369.87;NA; ; ; ; ; ; ; ; ; ; 
TRACK;1.23.45-18;-16.43162355;-71.66300098;-1943322.556;2823539.699;NA;False; ; ;0; ; ; ; ; ; 
TRACK;1.23.45-18;-16.43246065;-71.66318506;-1943418.504;2823507.981;NA;False; ; ;0; ; ; ; ; ; 
TRACK;1.23.45-18;-16.4325977;-71.66254517;-1943442.607;2823578.687;NA;False; ; ;0; ; ; ; ; ; 
TRACK;1.23.45-18;-16.431785;-71.66226388;-1943350.74;2823621.101;NA;False; ; ;0; ; ; ; ; ; 
TRACK;1.23.45-21; ; ;-1.516416327;20763369.87;NA; ; ; ; ; ; ; ; ; ; 
TRACK;1.23.45-21;-16.43255566;-71.66035415;-1943465.124;2823827.43;NA;False; ; ;0; ; ; ; ; ; 
TRACK;1.23.45-21;-16.4325526;-71.6603595;-1943464.697;2823826.864;NA;False; ; ;0; ; ; ; ; ; 
TRACK;1.23.45-21;-16.43239301;-71.66099623;-1943437.988;2823756.807;NA;False; ; ;0; ; ; ; ; ; 
TRACK;1.23.45-21;-16.43304561;-71.66110166;-1943513.266;2823736.391;NA;False; ; ;0; ; ; ; ; ; 
TRACK;1.23.45-21;-16.43333716;-71.6603803;-1943556.525;2823814.321;NA;False; ; ;0; ; ; ; ; ; 
TRACK;1.23.45-22; ; ;-1.516416327;20763369.87;NA; ; ; ; ; ; ; ; ; ; 
TRACK;1.23.45-22;-16.43282434;-71.66179158;-1943478.65;2823661.111;NA;False; ; ;0; ; ; ; ; ; 
TRACK;1.23.45-22;-16.43369693;-71.66195239;-1943579.055;2823631.567;NA;False; ; ;0; ; ; ; ; ; 
TRACK;1.23.45-22;-16.43380674;-71.66135309;-1943599.453;2823698.028;NA;False; ; ;0; ; ; ; ; ; 
TRACK;1.23.45-22;-16.43292937;-71.66119687;-1943498.429;2823727.115;NA;False; ; ;0; ; ; ; ; ; 
TRACK;1.23.45-23; ; ;-1.516416327;20763369.87;NA; ; ; ; ; ; ; ; ; ; 
TRACK;1.23.45-23;-16.43270409;-71.66248088;-1943455.899;2823584.588;NA;False; ; ;0; ; ; ; ; ; 
TRACK;1.23.45-23;-16.43352068;-71.66265219;-1943549.6;2823554.583;NA;False; ; ;0; ; ; ; ; ; 
TRACK;1.23.45-23;-16.43366389;-71.66201976;-1943574.333;2823624.363;NA;False; ; ;0; ; ; ; ; ; 
TRACK;1.23.45-23;-16.43280938;-71.66183572;-1943476.341;2823656.304;NA;False; ; ;0; ; ; ; ; ; 
TRACK;1.23.45-24; ; ;-1.516416327;20763369.87;NA; ; ; ; ; ; ; ; ; ; 
TRACK;1.23.45-24;-16.43257746;-71.66321792;-1943431.803;2823502.742;NA;False; ; ;0; ; ; ; ; ; 
TRACK;1.23.45-24;-16.43342791;-71.66342119;-1943529.077;2823468.676;NA;False; ; ;0; ; ; ; ; ; 
TRACK;1.23.45-24;-16.43353723;-71.66273865;-1943550.459;2823544.574;NA;False; ; ;0; ; ; ; ; ; 
TRACK;1.23.45-24;-16.43266738;-71.66256318;-1943450.559;2823575.743;NA;False; ; ;0; ; ; ; ; ; 
TRACK;1.23.45-25; ; ;-1.516416327;20763369.87;NA; ; ; ; ; ; ; ; ; ; 
TRACK;1.23.45-25;-16.4324476;-71.66386954;-1943408.397;2823430.614;NA;False; ; ;0; ; ; ; ; ; 
TRACK;1.23.45-25;-16.43328267;-71.66406323;-1943503.985;2823397.833;NA;False; ; ;0; ; ; ; ; ; 
TRACK;1.23.45-25;-16.4333881;-71.66349068;-1943523.534;2823461.321;NA;False; ; ;0; ; ; ; ; ; 
TRACK;1.23.45-25;-16.43256222;-71.66328095;-1943429.224;2823495.8;NA;False; ; ;0; ; ; ; ; ; 
TRACK;1.23.45-26; ; ;-1.516416327;20763369.87;NA; ; ; ; ; ; ; ; ; ; 
TRACK;1.23.45-26;-16.43229939;-71.66457138;-1943382.21;2823353.035;NA;False; ; ;0; ; ; ; ; ; 
TRACK;1.23.45-26;-16.43310975;-71.66469892;-1943475.727;2823328.069;NA;False; ; ;0; ; ; ; ; ; 
TRACK;1.23.45-26;-16.43324495;-71.66415941;-1943498.354;2823387.428;NA;False; ; ;0; ; ; ; ; ; 
TRACK;1.23.45-26;-16.43242011;-71.66395395;-1943404.113;2823421.409;NA;False; ; ;0; ; ; ; ; ; 
TRACK;1.23.45-27; ; ;-1.516416327;20763369.87;NA; ; ; ; ; ; ; ; ; ; 
TRACK;1.23.45-27;-16.43216966;-71.6652956;-1943357.911;2823272.681;NA;False; ; ;0; ; ; ; ; ; 
TRACK;1.23.45-27;-16.43300978;-71.66545619;-1943454.507;2823243.586;NA;False; ; ;0; ; ; ; ; ; 
TRACK;1.23.45-27;-16.43309565;-71.66482068;-1943472.546;2823314.46;NA;False; ; ;0; ; ; ; ; ; 
TRACK;1.23.45-27;-16.43229241;-71.66466856;-1943380.172;2823342.118;NA;False; ; ;0; ; ; ; ; ; 
TRACK;1.23.45-28; ; ;-1.516416327;20763369.87;NA; ; ; ; ; ; ; ; ; ; 
TRACK;1.23.45-28;-16.43204402;-71.66601874;-1943334.106;2823192.396;NA;False; ; ;0; ; ; ; ; ; 
TRACK;1.23.45-28;-16.43289233;-71.66617719;-1943431.69;2823163.439;NA;False; ; ;0; ; ; ; ; ; 
TRACK;1.23.45-28;-16.43298232;-71.66555875;-1943449.999;2823232.324;NA;False; ; ;0; ; ; ; ; ; 
TRACK;1.23.45-28;-16.43215854;-71.6653757;-1943355.602;2823263.751;NA;False; ; ;0; ; ; ; ; ; 
TRACK;1.23.45-29; ; ;-1.516416327;20763369.87;NA; ; ; ; ; ; ; ; ; ; 
TRACK;1.23.45-29;-16.43190099;-71.66666805;-1943309.186;2823120.701;NA;False; ; ;0; ; ; ; ; ; 
TRACK;1.23.45-29;-16.43272993;-71.66687245;-1943403.92;2823086.79;NA;False; ; ;0; ; ; ; ; ; 
TRACK;1.23.45-29;-16.43285068;-71.66627318;-1943425.599;2823153.106;NA;False; ; ;0; ; ; ; ; ; 
TRACK;1.23.45-29;-16.43203819;-71.66610078;-1943332.395;2823183.179;NA;False; ; ;0; ; ; ; ; ; 
TRACK;1.23.45-30; ; ;-1.516416327;20763369.87;NA; ; ; ; ; ; ; ; ; ; 
TRACK;1.23.45-30;-16.43176815;-71.66737947;-1943284.685;2823041.839;NA;False; ; ;0; ; ; ; ; ; 
TRACK;1.23.45-30;-16.43263398;-71.66759234;-1943383.642;2823006.49;NA;False; ; ;0; ; ; ; ; ; 
TRACK;1.23.45-30;-16.43272804;-71.66695468;-1943402.668;2823077.5;NA;False; ; ;0; ; ; ; ; ; 
TRACK;1.23.45-30;-16.43187869;-71.66679196;-1943305.017;2823106.954;NA;False; ; ;0; ; ; ; ; ; 
TRACK;1.23.45-31; ; ;-1.516416327;20763369.87;NA; ; ; ; ; ; ; ; ; ; 
TRACK;1.23.45-31;-16.4316078;-71.66803573;-1943257.644;2822969.581;NA;False; ; ;0; ; ; ; ; ; 
TRACK;1.23.45-31;-16.43247671;-71.66826141;-1943356.804;2822932.741;NA;False; ; ;0; ; ; ; ; ; 
TRACK;1.23.45-31;-16.43258932;-71.66768244;-1943377.271;2822996.863;NA;False; ; ;0; ; ; ; ; ; 
TRACK;1.23.45-31;-16.43174194;-71.66747381;-1943280.426;2823031.493;NA;False; ; ;0; ; ; ; ; ; 
TRACK;1.23.45-32; ; ;-1.516416327;20763369.87;NA; ; ; ; ; ; ; ; ; ; 
TRACK;1.23.45-32;-16.4314658;-71.66878133;-1943231.641;2822886.965;NA;False; ; ;0; ; ; ; ; ; 
TRACK;1.23.45-32;-16.43230196;-71.66901563;-1943326.847;2822849.576;NA;False; ; ;0; ; ; ; ; ; 
TRACK;1.23.45-32;-16.43245232;-71.66835863;-1943352.723;2822922.045;NA;False; ; ;0; ; ; ; ; ; 
TRACK;1.23.45-32;-16.43159668;-71.66811584;-1943255.336;2822960.651;NA;False; ; ;0; ; ; ; ; ; 
TRACK;1.23.45-33; ; ;-1.516416327;20763369.87;NA; ; ; ; ; ; ; ; ; ; 
TRACK;1.23.45-33;-16.43116614;-71.66963583;-1943185.769;2822794.06;NA;False; ; ;0; ; ; ; ; ; 
TRACK;1.23.45-33;-16.4319563;-71.669914;-1943275.026;2822752.298;NA;False; ; ;0; ; ; ; ; ; 
TRACK;1.23.45-33;-16.43216724;-71.66934551;-1943306.904;2822813.956;NA;False; ; ;0; ; ; ; ; ; 
TRACK;1.23.45-33;-16.43135855;-71.66900866;-1943216.205;2822862.607;NA;False; ; ;0; ; ; ; ; ; 
TRACK;1.23.45-34; ; ;-1.516416327;20763369.87;NA; ; ; ; ; ; ; ; ; ; 
TRACK;1.23.45-34;-16.4309461;-71.67027481;-1943151.942;2822724.535;NA;False; ; ;0; ; ; ; ; ; 
TRACK;1.23.45-34;-16.43172407;-71.67061066;-1943239.046;2822676.398;NA;False; ; ;0; ; ; ; ; ; 
TRACK;1.23.45-34;-16.4319247;-71.66999948;-1943270.247;2822743.025;NA;False; ; ;0; ; ; ; ; ; 
TRACK;1.23.45-34;-16.43113864;-71.66972024;-1943181.484;2822784.855;NA;False; ; ;0; ; ; ; ; ; 
TRACK;1.23.45-35; ; ;-1.516416327;20763369.87;NA; ; ; ; ; ; ; ; ; ; 
TRACK;1.23.45-35;-16.4306759;-71.67092243;-1943112.119;2822654.682;NA;False; ; ;0; ; ; ; ; ; 
TRACK;1.23.45-35;-16.43147953;-71.6712924;-1943201.808;2822602.347;NA;False; ; ;0; ; ; ; ; ; 
TRACK;1.23.45-35;-16.43170373;-71.67068865;-1943235.683;2822667.827;NA;False; ; ;0; ; ; ; ; ; 
TRACK;1.23.45-35;-16.43090426;-71.67035391;-1943146.04;2822716.118;NA;False; ; ;0; ; ; ; ; ; 
TRACK;1.23.45-36; ; ;-1.516416327;20763369.87;NA; ; ; ; ; ; ; ; ; ; 
TRACK;1.23.45-36;-16.43043032;-71.67159989;-1943074.814;2822581.129;NA;False; ; ;0; ; ; ; ; ; 
TRACK;1.23.45-36;-16.43124827;-71.67195702;-1943166.344;2822530.063;NA;False; ; ;0; ; ; ; ; ; 
TRACK;1.23.45-36;-16.43146122;-71.67136077;-1943198.803;2822594.84;NA;False; ; ;0; ; ; ; ; ; 
TRACK;1.23.45-36;-16.43062893;-71.67099833;-1943105.655;2822646.693;NA;False; ; ;0; ; ; ; ; ; 
TRACK;1.23.45-37; ; ;-1.516416327;20763369.87;NA; ; ; ; ; ; ; ; ; ; 
TRACK;1.23.45-37;-16.43017962;-71.67227416;-1943036.947;2822508.004;NA;False; ; ;0; ; ; ; ; ; 
TRACK;1.23.45-37;-16.4309442;-71.67257267;-1943122.948;2822464.271;NA;False; ; ;0; ; ; ; ; ; 
TRACK;1.23.45-37;-16.43120536;-71.6720137;-1943160.598;2822524.2;NA;False; ; ;0; ; ; ; ; ; 
TRACK;1.23.45-37;-16.43041201;-71.67166826;-1943071.809;2822573.621;NA;False; ; ;0; ; ; ; ; ; 
TRACK;1.23.45-38; ; ;-1.516416327;20763369.87;NA; ; ; ; ; ; ; ; ; ; 
TRACK;1.23.45-38;-16.43147351;-71.6739288;-1943168.094;2822303.793;NA;False; ; ;0; ; ; ; ; ; 
TRACK;1.23.45-38;-16.43188096;-71.67344526;-1943221.968;2822353.278;NA;False; ; ;0; ; ; ; ; ; 
TRACK;1.23.45-38;-16.43110524;-71.6727685;-1943139.397;2822440;NA;False; ; ;0; ; ; ; ; ; 
TRACK;1.23.45-38;-16.43013131;-71.67234052;-1943030.446;2822501.114;NA;False; ; ;0; ; ; ; ; ; 
TRACK;1.23.45-38;-16.43117881;-71.67385741;-1943134.399;2822315.702;NA;False; ; ;0; ; ; ; ; ; 
TRACK;1.23.45-40; ; ;-1.516416327;20763369.87;NA; ; ; ; ; ; ; ; ; ; 
TRACK;1.23.45-40;-16.43172766;-71.6725011;-1943215.797;2822462.215;NA;False; ; ;0; ; ; ; ; ; 
TRACK;1.23.45-40;-16.43227309;-71.67220042;-1943283.578;2822489.198;NA;False; ; ;0; ; ; ; ; ; 
TRACK;1.23.45-40;-16.432359;-71.67224536;-1943293.098;2822482.993;NA;False; ; ;0; ; ; ; ; ; 
TRACK;1.23.45-40;-16.43249899;-71.67226206;-1943309.32;2822479.284;NA;False; ; ;0; ; ; ; ; ; 
TRACK;1.23.45-40;-16.43260494;-71.67217092;-1943322.896;2822488.233;NA;False; ; ;0; ; ; ; ; ; 
TRACK;1.23.45-40;-16.43237277;-71.67176224;-1943300.764;2822537.538;NA;False; ; ;0; ; ; ; ; ; 
TRACK;1.23.45-40;-16.43159477;-71.67224768;-1943203.373;2822492.645;NA;False; ; ;0; ; ; ; ; ; 
TRACK;1.23.45-42; ; ;-1.516416327;20763369.87;NA; ; ; ; ; ; ; ; ; ; 
TRACK;1.23.45-42;-16.43157894;-71.6713253;-1943213.063;2822597.331;NA;False; ; ;0; ; ; ; ; ; 
TRACK;1.23.45-42;-16.43236616;-71.67168143;-1943301;2822546.777;NA;False; ; ;0; ; ; ; ; ; 
TRACK;1.23.45-42;-16.43260465;-71.67104668;-1943336.939;2822615.582;NA;False; ; ;0; ; ; ; ; ; 
TRACK;1.23.45-42;-16.43179602;-71.67074613;-1943245.794;2822660.12;NA;False; ; ;0; ; ; ; ; ; 
TRACK;1.23.45-43; ; ;-1.516416327;20763369.87;NA; ; ; ; ; ; ; ; ; ; 
TRACK;1.23.45-43;-16.43182864;-71.67066491;-1943250.64;2822668.896;NA;False; ; ;0; ; ; ; ; ; 
TRACK;1.23.45-43;-16.43261466;-71.670926;-1943339.626;2822629.122;NA;False; ; ;0; ; ; ; ; ; 
TRACK;1.23.45-43;-16.43281846;-71.67036394;-1943370.583;2822690.145;NA;False; ; ;0; ; ; ; ; ; 
TRACK;1.23.45-43;-16.43202101;-71.67001958;-1943281.3;2822739.499;NA;False; ; ;0; ; ; ; ; ; 
TRACK;1.23.45-44; ; ;-1.516416327;20763369.87;NA; ; ; ; ; ; ; ; ; ; 
TRACK;1.23.45-44;-16.43205054;-71.66992555;-1943285.943;2822749.767;NA;False; ; ;0; ; ; ; ; ; 
TRACK;1.23.45-44;-16.43286233;-71.67027522;-1943376.844;2822699.625;NA;False; ; ;0; ; ; ; ; ; 
TRACK;1.23.45-44;-16.43306303;-71.66970034;-1943407.599;2822762.139;NA;False; ; ;0; ; ; ; ; ; 
TRACK;1.23.45-44;-16.43226256;-71.66937949;-1943317.665;2822808.871;NA;False; ; ;0; ; ; ; ; ; 
TRACK;1.23.45-45; ; ;-1.516416327;20763369.87;NA; ; ; ; ; ; ; ; ; ; 
TRACK;1.23.45-45;-16.43242377;-71.66897907;-1943341.602;2822852.135;NA;False; ; ;0; ; ; ; ; ; 
TRACK;1.23.45-45;-16.43325777;-71.66915037;-1943437.343;2822821.909;NA;False; ; ;0; ; ; ; ; ; 
TRACK;1.23.45-45;-16.43337034;-71.66855325;-1943458.034;2822888.087;NA;False; ; ;0; ; ; ; ; ; 
TRACK;1.23.45-45;-16.43254144;-71.66836699;-1943363.078;2822919.942;NA;False; ; ;0; ; ; ; ; ; 
TRACK;1.23.45-46; ; ;-1.516416327;20763369.87;NA; ; ; ; ; ; ; ; ; ; 
TRACK;1.23.45-46;-16.43257915;-71.66827081;-1943368.709;2822930.347;NA;False; ; ;0; ; ; ; ; ; 
TRACK;1.23.45-46;-16.43339164;-71.66844322;-1943461.912;2822900.274;NA;False; ; ;0; ; ; ; ; ; 
TRACK;1.23.45-46;-16.43352266;-71.66785033;-1943484.716;2822965.733;NA;False; ; ;0; ; ; ; ; ; 
TRACK;1.23.45-46;-16.43269788;-71.66768115;-1943390.029;2822995.6;NA;False; ; ;0; ; ; ; ; ; 
TRACK;1.23.45-47; ; ;-1.516416327;20763369.87;NA; ; ; ; ; ; ; ; ; ; 
TRACK;1.23.45-47;-16.43284468;-71.66689678;-1943417.084;2823082.545;NA;False; ; ;0; ; ; ; ; ; 
TRACK;1.23.45-47;-16.4336387;-71.66704679;-1943508.4;2823055.247;NA;False; ; ;0; ; ; ; ; ; 
TRACK;1.23.45-47;-16.43378918;-71.6664624;-1943533.383;2823119.49;NA;False; ; ;0; ; ; ; ; ; 
TRACK;1.23.45-47;-16.43295209;-71.66627831;-1943437.437;2823151.208;NA;False; ; ;0; ; ; ; ; ; 
TRACK;1.23.45-48; ; ;-1.516416327;20763369.87;NA; ; ; ; ; ; ; ; ; ; 
TRACK;1.23.45-48;-16.43297136;-71.6661779;-1943440.957;2823162.332;NA;False; ; ;0; ; ; ; ; ; 
TRACK;1.23.45-48;-16.43379617;-71.66636522;-1943535.42;2823130.408;NA;False; ; ;0; ; ; ; ; ; 
TRACK;1.23.45-48;-16.4339128;-71.66574887;-1943556.83;2823198.712;NA;False; ; ;0; ; ; ; ; ; 
TRACK;1.23.45-48;-16.43307264;-71.66557012;-1943460.457;2823229.865;NA;False; ; ;0; ; ; ; ; ; 
TRACK;1.23.45-49; ; ;-1.516416327;20763369.87;NA; ; ; ; ; ; ; ; ; ; 
TRACK;1.23.45-49;-16.43309893;-71.6654827;-1943464.639;2823239.426;NA;False; ; ;0; ; ; ; ; ; 
TRACK;1.23.45-49;-16.43392268;-71.6656476;-1943559.258;2823210.055;NA;False; ; ;0; ; ; ; ; ; 
TRACK;1.23.45-49;-16.43405981;-71.66504401;-1943582.915;2823276.646;NA;False; ; ;0; ; ; ; ; ; 
TRACK;1.23.45-49;-16.4332073;-71.6648322;-1943485.507;2823311.706;NA;False; ; ;0; ; ; ; ; ; 
TRACK;1.23.45-50; ; ;-1.516416327;20763369.87;NA; ; ; ; ; ; ; ; ; ; 
TRACK;1.23.45-50;-16.43350795;-71.66350005;-1943537.483;2823458.705;NA;False; ; ;0; ; ; ; ; ; 
TRACK;1.23.45-50;-16.43322148;-71.66474675;-1943488.241;2823321.201;NA;False; ; ;0; ; ; ; ; ; 
TRACK;1.23.45-50;-16.43381475;-71.66489503;-1943556.018;2823296.704;NA;False; ; ;0; ; ; ; ; ; 
TRACK;1.23.45-50;-16.43410525;-71.66361094;-1943606.202;2823438.389;NA;False; ; ;0; ; ; ; ; ; 
TRACK;1.23.45-51; ; ;-1.516416327;20763369.87;NA; ; ; ; ; ; ; ; ; ; 
TRACK;1.23.45-51;-16.43351286;-71.66339432;-1943539.385;2823470.617;NA;False; ; ;0; ; ; ; ; ; 
TRACK;1.23.45-51;-16.43434583;-71.66356133;-1943635.061;2823440.886;NA;False; ; ;0; ; ; ; ; ; 
TRACK;1.23.45-51;-16.43445732;-71.66294178;-1943655.91;2823509.619;NA;False; ; ;0; ; ; ; ; ; 
TRACK;1.23.45-51;-16.43362532;-71.66274274;-1943560.747;2823542.967;NA;False; ; ;0; ; ; ; ; ; 
TRACK;1.23.45-52; ; ;-1.516416327;20763369.87;NA; ; ; ; ; ; ; ; ; ; 
TRACK;1.23.45-52;-16.43364071;-71.6626673;-1943563.499;2823551.313;NA;False; ; ;0; ; ; ; ; ; 
TRACK;1.23.45-52;-16.43447884;-71.66285565;-1943659.514;2823519.096;NA;False; ; ;0; ; ; ; ; ; 
TRACK;1.23.45-52;-16.43461183;-71.66223498;-1943682.901;2823587.677;NA;False; ; ;0; ; ; ; ; ; 
TRACK;1.23.45-52;-16.4337501;-71.66202106;-1943584.436;2823623.097;NA;False; ; ;0; ; ; ; ; ; 
TRACK;1.23.45-53; ; ;-1.516416327;20763369.87;NA; ; ; ; ; ; ; ; ; ; 
TRACK;1.23.45-53;-16.43389778;-71.6613651;-1943609.989;2823695.485;NA;False; ; ;0; ; ; ; ; ; 
TRACK;1.23.45-53;-16.43376358;-71.6619588;-1943586.798;2823629.974;NA;False; ; ;0; ; ; ; ; ; 
TRACK;1.23.45-53;-16.43460969;-71.66216085;-1943683.578;2823596.102;NA;False; ; ;0; ; ; ; ; ; 
TRACK;1.23.45-53;-16.43474815;-71.66151197;-1943707.96;2823667.808;NA;False; ; ;0; ; ; ; ; ; 
TRACK;1.23.45-54; ; ;-1.516416327;20763369.87;NA; ; ; ; ; ; ; ; ; ; 
TRACK;1.23.45-54;-16.43503627;-71.66036372;-1943756.167;2823794.138;NA;False; ; ;0; ; ; ; ; ; 
TRACK;1.23.45-54;-16.43499316;-71.66075647;-1943746.185;2823750.208;NA;False; ; ;0; ; ; ; ; ; 
TRACK;1.23.45-54;-16.43585359;-71.66098112;-1943844.363;2823713.587;NA;False; ; ;0; ; ; ; ; ; 
TRACK;1.23.45-54;-16.43596987;-71.66019522;-1943867.861;2823801.102;NA;False; ; ;0; ; ; ; ; ; 
TRACK;1.23.45-54;-16.43566288;-71.66011527;-1943832.83;2823814.145;NA;False; ; ;0; ; ; ; ; ; 
TRACK;1.23.45-55; ; ;-1.516416327;20763369.87;NA; ; ; ; ; ; ; ; ; ; 
TRACK;1.23.45-55;-16.43491109;-71.66150376;-1943727.188;2823666.622;NA;False; ; ;0; ; ; ; ; ; 
TRACK;1.23.45-55;-16.43570143;-71.66164823;-1943818.144;2823639.996;NA;False; ; ;0; ; ; ; ; ; 
TRACK;1.23.45-55;-16.43581264;-71.66105653;-1943838.613;2823705.577;NA;False; ; ;0; ; ; ; ; ; 
TRACK;1.23.45-55;-16.43497633;-71.66084939;-1943743.046;2823739.901;NA;False; ; ;0; ; ; ; ; ; 
TRACK;1.23.45-56; ; ;-1.516416327;20763369.87;NA; ; ; ; ; ; ; ; ; ; 
TRACK;1.23.45-56;-16.4347203;-71.66215108;-1943696.683;2823595.773;NA;False; ; ;0; ; ; ; ; ; 
TRACK;1.23.45-56;-16.43554811;-71.66236975;-1943791.108;2823560.254;NA;False; ; ;0; ; ; ; ; ; 
TRACK;1.23.45-56;-16.43566181;-71.66177701;-1943811.881;2823625.922;NA;False; ; ;0; ; ; ; ; ; 
TRACK;1.23.45-56;-16.43485158;-71.66156621;-1943719.421;2823660.32;NA;False; ; ;0; ; ; ; ; ; 
TRACK;1.23.45-57; ; ;-1.516416327;20763369.87;NA; ; ; ; ; ; ; ; ; ; 
TRACK;1.23.45-57;-16.43457907;-71.66286657;-1943671.141;2823516.558;NA;False; ; ;0; ; ; ; ; ; 
TRACK;1.23.45-57;-16.43542768;-71.6630362;-1943768.621;2823486.325;NA;False; ; ;0; ; ; ; ; ; 
TRACK;1.23.45-57;-16.43554125;-71.66245977;-1943789.174;2823550.147;NA;False; ; ;0; ; ; ; ; ; 
TRACK;1.23.45-57;-16.43470184;-71.66223118;-1943693.514;2823586.939;NA;False; ; ;0; ; ; ; ; ; 
TRACK;1.23.45-58; ; ;-1.516416327;20763369.87;NA; ; ; ; ; ; ; ; ; ; 
TRACK;1.23.45-58;-16.43444639;-71.66356794;-1943646.781;2823438.832;NA;False; ; ;0; ; ; ; ; ; 
TRACK;1.23.45-58;-16.43530606;-71.66377333;-1943745.11;2823404.405;NA;False; ; ;0; ; ; ; ; ; 
TRACK;1.23.45-58;-16.43544817;-71.66310033;-1943770.223;2823478.796;NA;False; ; ;0; ; ; ; ; ; 
TRACK;1.23.45-58;-16.43454766;-71.66296015;-1943666.283;2823506.365;NA;False; ; ;0; ; ; ; ; ; 
TRACK;1.23.45-59; ; ;-1.516416327;20763369.87;NA; ; ; ; ; ; ; ; ; ; 
TRACK;1.23.45-59;-16.43415712;-71.66505022;-1943594.259;2823274.68;NA;False; ; ;0; ; ; ; ; ; 
TRACK;1.23.45-59;-16.43402309;-71.66566662;-1943570.805;2823206.597;NA;False; ; ;0; ; ; ; ; ; 
TRACK;1.23.45-59;-16.43489088;-71.66583356;-1943670.568;2823176.422;NA;False; ; ;0; ; ; ; ; ; 
TRACK;1.23.45-59;-16.43499938;-71.66525566;-1943690.543;2823240.476;NA;False; ; ;0; ; ; ; ; ; 
TRACK;1.23.45-60; ; ;-1.516416327;20763369.87;NA; ; ; ; ; ; ; ; ; ; 
TRACK;1.23.45-60;-16.43390064;-71.66636501;-1943547.684;2823129.076;NA;False; ; ;0; ; ; ; ; ; 
TRACK;1.23.45-60;-16.43473057;-71.66655552;-1943642.709;2823096.723;NA;False; ; ;0; ; ; ; ; ; 
TRACK;1.23.45-60;-16.43487177;-71.66593271;-1943667.083;2823165.439;NA;False; ; ;0; ; ; ; ; ; 
TRACK;1.23.45-60;-16.4340429;-71.66576462;-1943571.903;2823195.239;NA;False; ; ;0; ; ; ; ; ; 
TRACK;1.23.45-61; ; ;-1.516416327;20763369.87;NA; ; ; ; ; ; ; ; ; ; 
TRACK;1.23.45-61;-16.43374929;-71.66703589;-1943521.517;2823055.046;NA;False; ; ;0; ; ; ; ; ; 
TRACK;1.23.45-61;-16.43461205;-71.66725411;-1943620.047;2823019.13;NA;False; ; ;0; ; ; ; ; ; 
TRACK;1.23.45-61;-16.43473996;-71.6666484;-1943642.648;2823086.08;NA;False; ; ;0; ; ; ; ; ; 
TRACK;1.23.45-61;-16.43387827;-71.66645261;-1943543.962;2823119.443;NA;False; ; ;0; ; ; ; ; ; 
TRACK;1.23.45-62; ; ;-1.516416327;20763369.87;NA; ; ; ; ; ; ; ; ; ; 
TRACK;1.23.45-62;-16.43363699;-71.66777824;-1943499.038;2822972.415;NA;False; ; ;0; ; ; ; ; ; 
TRACK;1.23.45-62;-16.43447302;-71.66793992;-1943595.138;2822943.25;NA;False; ; ;0; ; ; ; ; ; 
TRACK;1.23.45-62;-16.43459378;-71.66734064;-1943616.818;2823009.566;NA;False; ; ;0; ; ; ; ; ; 
TRACK;1.23.45-62;-16.43373411;-71.66713523;-1943518.491;2823043.991;NA;False; ; ;0; ; ; ; ; ; 
TRACK;1.23.45-63; ; ;-1.516416327;20763369.87;NA; ; ; ; ; ; ; ; ; ; 
TRACK;1.23.45-63;-16.43348998;-71.6684537;-1943473.323;2822897.811;NA;False; ; ;0; ; ; ; ; ; 
TRACK;1.23.45-63;-16.43434036;-71.66862069;-1943571.041;2822867.859;NA;False; ; ;0; ; ; ; ; ; 
TRACK;1.23.45-63;-16.43444271;-71.66803533;-1943590.386;2822932.836;NA;False; ; ;0; ; ; ; ; ; 
TRACK;1.23.45-63;-16.43362922;-71.66787681;-1943496.891;2822961.35;NA;False; ; ;0; ; ; ; ; ; 
TRACK;1.23.45-64; ; ;-1.516416327;20763369.87;NA; ; ; ; ; ; ; ; ; ; 
TRACK;1.23.45-64;-16.4333643;-71.6691587;-1943449.742;2822819.584;NA;False; ; ;0; ; ; ; ; ; 
TRACK;1.23.45-64;-16.43418298;-71.66935672;-1943543.351;2822786.529;NA;False; ; ;0; ; ; ; ; ; 
TRACK;1.23.45-64;-16.43431396;-71.66874568;-1943566.378;2822854.044;NA;False; ; ;0; ; ; ; ; ; 
TRACK;1.23.45-64;-16.43346455;-71.66854665;-1943469.175;2822887.612;NA;False; ; ;0; ; ; ; ; ; 
TRACK;1.23.45-65; ; ;-1.516416327;20763369.87;NA; ; ; ; ; ; ; ; ; ; 
TRACK;1.23.45-65;-16.4331433;-71.66972616;-1943416.697;2822758.174;NA;False; ; ;0; ; ; ; ; ; 
TRACK;1.23.45-65;-16.43296105;-71.67030527;-1943388.054;2822694.941;NA;False; ; ;0; ; ; ; ; ; 
TRACK;1.23.45-65;-16.43372061;-71.67065504;-1943472.823;2822645.465;NA;False; ; ;0; ; ; ; ; ; 
TRACK;1.23.45-65;-16.43401658;-71.67009599;-1943514.562;2822704.949;NA;False; ; ;0; ; ; ; ; ; 
TRACK;1.23.45-66; ; ;-1.516416327;20763369.87;NA; ; ; ; ; ; ; ; ; ; 
TRACK;1.23.45-66;-16.43293118;-71.67039788;-1943383.389;2822684.838;NA;False; ; ;0; ; ; ; ; ; 
TRACK;1.23.45-66;-16.43250421;-71.67156797;-1943318.623;2822557.838;NA;False; ; ;0; ; ; ; ; ; 
TRACK;1.23.45-66;-16.43309631;-71.67108093;-1943394.216;2822605.324;NA;False; ; ;0; ; ; ; ; ; 
TRACK;1.23.45-66;-16.43368148;-71.67072738;-1943467.325;2822637.778;NA;False; ; ;0; ; ; ; ; ; 
TRACK;1.23.45-67; ; ;-1.516416327;20763369.87;NA; ; ; ; ; ; ; ; ; ; 
TRACK;1.23.45-67;-16.43417301;-71.67142176;-1943516.319;2822552.747;NA;False; ; ;0; ; ; ; ; ; 
TRACK;1.23.45-67;-16.43419803;-71.67137921;-1943519.788;2822557.241;NA;False; ; ;0; ; ; ; ; ; 
TRACK;1.23.45-67;-16.43381958;-71.67071743;-1943483.658;2822637.113;NA;False; ; ;0; ; ; ; ; ; 
TRACK;1.23.45-67;-16.43239268;-71.67175354;-1943303.209;2822538.266;NA;False; ; ;0; ; ; ; ; ; 
TRACK;1.23.45-67;-16.43261482;-71.67215285;-1943324.282;2822490.152;NA;False; ; ;0; ; ; ; ; ; 
TRACK;1.23.45-67;-16.43275756;-71.67191024;-1943344.073;2822515.781;NA;False; ; ;0; ; ; ; ; ; 
TRACK;1.23.45-67;-16.43299232;-71.6716037;-1943375.464;2822547.458;NA;False; ; ;0; ; ; ; ; ; 
TRACK;1.23.45-67;-16.43307844;-71.67145498;-1943387.435;2822563.187;NA;False; ; ;0; ; ; ; ; ; 
TRACK;1.23.45-67;-16.43331522;-71.67141128;-1943415.772;2822565.064;NA;False; ; ;0; ; ; ; ; ; 
TRACK;1.23.45-67;-16.43346118;-71.67146547;-1943432.225;2822557.032;NA;False; ; ;0; ; ; ; ; ; 
TRACK;1.23.45-67;-16.43368713;-71.67145072;-1943458.929;2822555.771;NA;False; ; ;0; ; ; ; ; ; 
TRACK;1.23.45-68; ; ;-1.516416327;20763369.87;NA; ; ; ; ; ; ; ; ; ; 
TRACK;1.23.45-68;-16.43460927;-71.67026608;-1943581.996;2822677.991;NA;False; ; ;0; ; ; ; ; ; 
TRACK;1.23.45-68;-16.43419142;-71.67012685;-1943534.696;2822699.185;NA;False; ; ;0; ; ; ; ; ; 
TRACK;1.23.45-68;-16.43401523;-71.67057096;-1943508.455;2822651.166;NA;False; ; ;0; ; ; ; ; ; 
TRACK;1.23.45-68;-16.43386397;-71.67070398;-1943489.036;2822638.061;NA;False; ; ;0; ; ; ; ; ; 
TRACK;1.23.45-68;-16.4342195;-71.67134501;-1943522.737;2822560.837;NA;False; ; ;0; ; ; ; ; ; 
TRACK;1.23.45-69; ; ;-1.516416327;20763369.87;NA; ; ; ; ; ; ; ; ; ; 
TRACK;1.23.45-69;-16.43439765;-71.66948725;-1943566.912;2822768.957;NA;False; ; ;0; ; ; ; ; ; 
TRACK;1.23.45-69;-16.4342378;-71.67009234;-1943540.572;2822702.492;NA;False; ; ;0; ; ; ; ; ; 
TRACK;1.23.45-69;-16.43449297;-71.67017511;-1943569.485;2822689.805;NA;False; ; ;0; ; ; ; ; ; 
TRACK;1.23.45-69;-16.43474674;-71.67005394;-1943600.787;2822700.237;NA;False; ; ;0; ; ; ; ; ; 
TRACK;1.23.45-69;-16.43513601;-71.67009694;-1943645.937;2822690.315;NA;False; ; ;0; ; ; ; ; ; 
TRACK;1.23.45-69;-16.43521213;-71.6696319;-1943660.696;2822742.003;NA;False; ; ;0; ; ; ; ; ; 
TRACK;1.23.45-70; ; ;-1.516416327;20763369.87;NA; ; ; ; ; ; ; ; ; ; 
TRACK;1.23.45-70;-16.43441302;-71.66937641;-1943570.105;2822781.313;NA;False; ; ;0; ; ; ; ; ; 
TRACK;1.23.45-70;-16.43524094;-71.66951664;-1943665.521;2822754.684;NA;False; ; ;0; ; ; ; ; ; 
TRACK;1.23.45-70;-16.4353663;-71.66895067;-1943687.324;2822817.166;NA;False; ; ;0; ; ; ; ; ; 
TRACK;1.23.45-70;-16.43455096;-71.66878015;-1943593.762;2822847.063;NA;False; ; ;0; ; ; ; ; ; 
TRACK;1.23.45-71; ; ;-1.516416327;20763369.87;NA; ; ; ; ; ; ; ; ; ; 
TRACK;1.23.45-71;-16.43456716;-71.66869268;-1943596.759;2822856.761;NA;False; ; ;0; ; ; ; ; ; 
TRACK;1.23.45-71;-16.43538108;-71.66883092;-1943690.558;2822830.538;NA;False; ; ;0; ; ; ; ; ; 
TRACK;1.23.45-71;-16.43549735;-71.66823629;-1943711.652;2822896.384;NA;False; ; ;0; ; ; ; ; ; 
TRACK;1.23.45-71;-16.43467021;-71.668081;-1943616.515;2822924.711;NA;False; ; ;0; ; ; ; ; ; 
TRACK;1.23.45-72; ; ;-1.516416327;20763369.87;NA; ; ; ; ; ; ; ; ; ; 
TRACK;1.23.45-72;-16.43469049;-71.6679884;-1943620.056;2822934.936;NA;False; ; ;0; ; ; ; ; ; 
TRACK;1.23.45-72;-16.43552093;-71.66815158;-1943715.481;2822905.674;NA;False; ; ;0; ; ; ; ; ; 
TRACK;1.23.45-72;-16.43561883;-71.66755179;-1943734.485;2822972.343;NA;False; ; ;0; ; ; ; ; ; 
TRACK;1.23.45-72;-16.43480498;-71.66737702;-1943641.152;2823002.704;NA;False; ; ;0; ; ; ; ; ; 
TRACK;1.23.45-73; ; ;-1.516416327;20763369.87;NA; ; ; ; ; ; ; ; ; ; 
TRACK;1.23.45-73;-16.43482114;-71.6672857;-1943644.193;2823012.838;NA;False; ; ;0; ; ; ; ; ; 
TRACK;1.23.45-73;-16.43564476;-71.66746694;-1943738.591;2822981.618;NA;False; ; ;0; ; ; ; ; ; 
TRACK;1.23.45-73;-16.43575543;-71.66684929;-1943759.318;2823050.145;NA;False; ; ;0; ; ; ; ; ; 
TRACK;1.23.45-73;-16.43492442;-71.66664809;-1943664.302;2823083.722;NA;False; ; ;0; ; ; ; ; ; 
TRACK;1.23.45-74; ; ;-1.516416327;20763369.87;NA; ; ; ; ; ; ; ; ; ; 
TRACK;1.23.45-74;-16.43493456;-71.66657984;-1943666.347;2823091.321;NA;False; ; ;0; ; ; ; ; ; 
TRACK;1.23.45-74;-16.43577859;-71.66674607;-1943763.329;2823061.536;NA;False; ; ;0; ; ; ; ; ; 
TRACK;1.23.45-74;-16.43591153;-71.66612779;-1943786.679;2823129.845;NA;False; ; ;0; ; ; ; ; ; 
TRACK;1.23.45-74;-16.43507088;-71.66596466;-1943690.054;2823159.236;NA;False; ; ;0; ; ; ; ; ; 
TRACK;1.23.45-75; ; ;-1.516416327;20763369.87;NA; ; ; ; ; ; ; ; ; ; 
TRACK;1.23.45-75;-16.43507295;-71.66586978;-1943691.485;2823169.956;NA;False; ; ;0; ; ; ; ; ; 
TRACK;1.23.45-75;-16.43590172;-71.6660721;-1943786.225;2823136.28;NA;False; ; ;0; ; ; ; ; ; 
TRACK;1.23.45-75;-16.43604775;-71.66548226;-1943810.754;2823201.198;NA;False; ; ;0; ; ; ; ; ; 
TRACK;1.23.45-75;-16.43520443;-71.66527389;-1943714.382;2823235.748;NA;False; ; ;0; ; ; ; ; ; 
TRACK;1.23.45-76; ; ;-1.516416327;20763369.87;NA; ; ; ; ; ; ; ; ; ; 
TRACK;1.23.45-76;-16.43520869;-71.66518966;-1943715.937;2823245.234;NA;False; ; ;0; ; ; ; ; ; 
TRACK;1.23.45-76;-16.43610836;-71.66541482;-1943818.713;2823208.05;NA;False; ; ;0; ; ; ; ; ; 
TRACK;1.23.45-76;-16.43620025;-71.66474686;-1943837.867;2823282.521;NA;False; ; ;0; ; ; ; ; ; 
TRACK;1.23.45-76;-16.43531478;-71.6645587;-1943736.295;2823315.329;NA;False; ; ;0; ; ; ; ; ; 
TRACK;1.23.45-77; ; ;-1.516416327;20763369.87;NA; ; ; ; ; ; ; ; ; ; 
TRACK;1.23.45-77;-16.43550683;-71.66379321;-1943768.427;2823399.547;NA;False; ; ;0; ; ; ; ; ; 
TRACK;1.23.45-77;-16.43633674;-71.66396557;-1943863.676;2823369.249;NA;False; ; ;0; ; ; ; ; ; 
TRACK;1.23.45-77;-16.43647999;-71.66335128;-1943888.187;2823436.972;NA;False; ; ;0; ; ; ; ; ; 
TRACK;1.23.45-77;-16.4356122;-71.66318435;-1943788.423;2823467.149;NA;False; ; ;0; ; ; ; ; ; 
TRACK;1.23.45-78; ; ;-1.516416327;20763369.87;NA; ; ; ; ; ; ; ; ; ; 
TRACK;1.23.45-78;-16.43562199;-71.66308329;-1943790.839;2823478.468;NA;False; ; ;0; ; ; ; ; ; 
TRACK;1.23.45-78;-16.43647048;-71.66327505;-1943888.026;2823445.731;NA;False; ; ;0; ; ; ; ; ; 
TRACK;1.23.45-78;-16.43657513;-71.6626723;-1943907.862;2823512.648;NA;False; ; ;0; ; ; ; ; ; 
TRACK;1.23.45-78;-16.43574181;-71.66249467;-1943812.278;2823543.589;NA;False; ; ;0; ; ; ; ; ; 
TRACK;1.23.45-79; ; ;-1.516416327;20763369.87;NA; ; ; ; ; ; ; ; ; ; 
TRACK;1.23.45-79;-16.4357757;-71.66242037;-1943817.187;2823551.566;NA;False; ; ;0; ; ; ; ; ; 
TRACK;1.23.45-79;-16.43659269;-71.66256741;-1943911.237;2823524.302;NA;False; ; ;0; ; ; ; ; ; 
TRACK;1.23.45-79;-16.43670686;-71.66196631;-1943932.17;2823590.91;NA;False; ; ;0; ; ; ; ; ; 
TRACK;1.23.45-79;-16.4358863;-71.6617855;-1943838.123;2823622.046;NA;False; ; ;0; ; ; ; ; ; 
TRACK;1.23.45-80; ; ;-1.516416327;20763369.87;NA; ; ; ; ; ; ; ; ; ; 
TRACK;1.23.45-80;-16.4359143;-71.66169741;-1943842.514;2823631.661;NA;False; ; ;0; ; ; ; ; ; 
TRACK;1.23.45-80;-16.4367476;-71.66185982;-1943938.287;2823602.443;NA;False; ; ;0; ; ; ; ; ; 
TRACK;1.23.45-80;-16.43684652;-71.66126145;-1943957.396;2823668.94;NA;False; ; ;0; ; ; ; ; ; 
TRACK;1.23.45-80;-16.43602667;-71.66108864;-1943863.332;2823699.16;NA;False; ; ;0; ; ; ; ; ; 
TRACK;1.23.45-81; ; ;-1.516416327;20763369.87;NA; ; ; ; ; ; ; ; ; ; 
TRACK;1.23.45-81;-16.43603821;-71.66102369;-1943865.5;2823706.368;NA;False; ; ;0; ; ; ; ; ; 
TRACK;1.23.45-81;-16.43686323;-71.66117442;-1943960.448;2823678.581;NA;False; ; ;0; ; ; ; ; ; 
TRACK;1.23.45-81;-16.43698502;-71.66056972;-1943982.322;2823745.497;NA;False; ; ;0; ; ; ; ; ; 
TRACK;1.23.45-81;-16.43613641;-71.66035386;-1943885.421;2823780.969;NA;False; ; ;0; ; ; ; ; ; 
TRACK;1.23.45-82; ; ;-1.516416327;20763369.87;NA; ; ; ; ; ; ; ; ; ; 
TRACK;1.23.45-82;-16.4361758;-71.66027639;-1943891.015;2823789.234;NA;False; ; ;0; ; ; ; ; ; 
TRACK;1.23.45-82;-16.43698625;-71.66048878;-1943983.481;2823754.65;NA;False; ; ;0; ; ; ; ; ; 
TRACK;1.23.45-82;-16.43712615;-71.65975092;-1944009.149;2823836.416;NA;False; ; ;0; ; ; ; ; ; 
TRACK;1.23.45-82;-16.43617833;-71.66012177;-1943893.249;2823806.716;NA;False; ; ;0; ; ; ; ; ; 
TRACK;1.23.45-83; ; ;-1.516416327;20763369.87;NA; ; ; ; ; ; ; ; ; ; 
TRACK;1.23.45-83;-16.43616639;-71.65998345;-1943893.581;2823822.539;NA;False; ; ;0; ; ; ; ; ; 
TRACK;1.23.45-83;-16.43820671;-71.65900998;-1944145.267;2823906.313;NA;False; ; ;0; ; ; ; ; ; 
TRACK;1.23.45-83;-16.4382934;-71.65837234;-1944163.436;2823977.417;NA;False; ; ;0; ; ; ; ; ; 
TRACK;1.23.45-83;-16.43634421;-71.65914546;-1943924.955;2823915.156;NA;False; ; ;0; ; ; ; ; ; 
TRACK;1.23.45-84; ; ;-1.516416327;20763369.87;NA; ; ; ; ; ; ; ; ; ; 
TRACK;1.23.45-84;-16.43719679;-71.6598414;-1944016.307;2823825.249;NA;False; ; ;0; ; ; ; ; ; 
TRACK;1.23.45-84;-16.43803667;-71.66002572;-1944112.577;2823793.462;NA;False; ; ;0; ; ; ; ; ; 
TRACK;1.23.45-84;-16.43818859;-71.65912985;-1944141.638;2823892.97;NA;False; ; ;0; ; ; ; ; ; 
TRACK;1.23.45-84;-16.4372135;-71.65965062;-1944020.658;2823846.643;NA;False; ; ;0; ; ; ; ; ; 
TRACK;1.23.45-85; ; ;-1.516416327;20763369.87;NA; ; ; ; ; ; ; ; ; ; 
TRACK;1.23.45-85;-16.43709973;-71.66050733;-1943996.567;2823751.075;NA;False; ; ;0; ; ; ; ; ; 
TRACK;1.23.45-85;-16.43794356;-71.66066781;-1944093.601;2823721.938;NA;False; ; ;0; ; ; ; ; ; 
TRACK;1.23.45-85;-16.43803237;-71.66009299;-1944111.23;2823785.898;NA;False; ; ;0; ; ; ; ; ; 
TRACK;1.23.45-85;-16.43718735;-71.6598956;-1944014.519;2823819.232;NA;False; ; ;0; ; ; ; ; ; 
TRACK;1.23.45-86; ; ;-1.516416327;20763369.87;NA; ; ; ; ; ; ; ; ; ; 
TRACK;1.23.45-86;-16.43698779;-71.66117509;-1943975.06;2823676.888;NA;False; ; ;0; ; ; ; ; ; 
TRACK;1.23.45-86;-16.43783961;-71.66135922;-1944072.735;2823644.969;NA;False; ; ;0; ; ; ; ; ; 
TRACK;1.23.45-86;-16.43792727;-71.66074524;-1944090.718;2823713.379;NA;False; ; ;0; ; ; ; ; ; 
TRACK;1.23.45-86;-16.43707641;-71.66057502;-1943992.981;2823743.71;NA;False; ; ;0; ; ; ; ; ; 
TRACK;1.23.45-87; ; ;-1.516416327;20763369.87;NA; ; ; ; ; ; ; ; ; ; 
TRACK;1.23.45-87;-16.43695553;-71.66127307;-1943970.046;2823666.207;NA;False; ; ;0; ; ; ; ; ; 
TRACK;1.23.45-87;-16.43684853;-71.66189016;-1943949.753;2823597.695;NA;False; ; ;0; ; ; ; ; ; 
TRACK;1.23.45-87;-16.43767444;-71.66207029;-1944044.437;2823566.566;NA;False; ; ;0; ; ; ; ; ; 
TRACK;1.23.45-87;-16.43780459;-71.6614428;-1944067.577;2823635.955;NA;False; ; ;0; ; ; ; ; ; 
TRACK;1.23.45-88; ; ;-1.516416327;20763369.87;NA; ; ; ; ; ; ; ; ; ; 
TRACK;1.23.45-88;-16.43670119;-71.66256867;-1943923.956;2823522.75;NA;False; ; ;0; ; ; ; ; ; 
TRACK;1.23.45-88;-16.43753374;-71.66274745;-1944019.437;2823491.689;NA;False; ; ;0; ; ; ; ; ; 
TRACK;1.23.45-88;-16.43766446;-71.6621587;-1944042.157;2823556.682;NA;False; ; ;0; ; ; ; ; ; 
TRACK;1.23.45-88;-16.43681268;-71.66197184;-1943944.522;2823588.909;NA;False; ; ;0; ; ; ; ; ; 
TRACK;1.23.45-89; ; ;-1.516416327;20763369.87;NA; ; ; ; ; ; ; ; ; ; 
TRACK;1.23.45-89;-16.43658403;-71.66330357;-1943900.996;2823441.026;NA;False; ; ;0; ; ; ; ; ; 
TRACK;1.23.45-89;-16.43741114;-71.66347214;-1943995.965;2823411.191;NA;False; ; ;0; ; ; ; ; ; 
TRACK;1.23.45-89;-16.43753586;-71.6628411;-1944018.511;2823481.053;NA;False; ; ;0; ; ; ; ; ; 
TRACK;1.23.45-89;-16.43667419;-71.66263612;-1943919.943;2823515.461;NA;False; ; ;0; ; ; ; ; ; 
TRACK;1.23.45-90; ; ;-1.516416327;20763369.87;NA; ; ; ; ; ; ; ; ; ; 
TRACK;1.23.45-90;-16.43643868;-71.66401674;-1943875.001;2823362.129;NA;False; ; ;0; ; ; ; ; ; 
TRACK;1.23.45-90;-16.43724266;-71.66413873;-1943967.837;2823337.872;NA;False; ; ;0; ; ; ; ; ; 
TRACK;1.23.45-90;-16.4373653;-71.66353234;-1943989.831;2823404.968;NA;False; ; ;0; ; ; ; ; ; 
TRACK;1.23.45-90;-16.4365447;-71.66338025;-1943895.419;2823432.85;NA;False; ; ;0; ; ; ; ; ; 
TRACK;1.23.45-91; ; ;-1.516416327;20763369.87;NA; ; ; ; ; ; ; ; ; ; 
TRACK;1.23.45-91;-16.4363037;-71.66467936;-1943850.854;2823288.823;NA;False; ; ;0; ; ; ; ; ; 
TRACK;1.23.45-91;-16.43714486;-71.66488771;-1943946.973;2823254.302;NA;False; ; ;0; ; ; ; ; ; 
TRACK;1.23.45-91;-16.43722987;-71.66422783;-1943965.22;2823327.945;NA;False; ; ;0; ; ; ; ; ; 
TRACK;1.23.45-91;-16.43642028;-71.66406251;-1943872.267;2823357.183;NA;False; ; ;0; ; ; ; ; ; 
TRACK;1.23.45-92; ; ;-1.516416327;20763369.87;NA; ; ; ; ; ; ; ; ; ; 
TRACK;1.23.45-92;-16.43589678;-71.66676936;-1943776.91;2823057.364;NA;False; ; ;0; ; ; ; ; ; 
TRACK;1.23.45-92;-16.43673552;-71.66697173;-1943872.818;2823023.553;NA;False; ; ;0; ; ; ; ; ; 
TRACK;1.23.45-92;-16.43683901;-71.66634035;-1943892.876;2823093.727;NA;False; ; ;0; ; ; ; ; ; 
TRACK;1.23.45-92;-16.43600661;-71.66614009;-1943797.684;2823127.218;NA;False; ; ;0; ; ; ; ; ; 
TRACK;1.23.45-93; ; ;-1.516416327;20763369.87;NA; ; ; ; ; ; ; ; ; ; 
TRACK;1.23.45-93;-16.43574227;-71.66746867;-1943750.015;2822980.157;NA;False; ; ;0; ; ; ; ; ; 
TRACK;1.23.45-93;-16.43621656;-71.66757263;-1943804.38;2822962.224;NA;False; ; ;0; ; ; ; ; ; 
TRACK;1.23.45-93;-16.43667101;-71.66719429;-1943862.459;2822999.181;NA;False; ; ;0; ; ; ; ; ; 
TRACK;1.23.45-93;-16.43669695;-71.66705477;-1943867.252;2823014.647;NA;False; ; ;0; ; ; ; ; ; 
TRACK;1.23.45-93;-16.43587726;-71.66683782;-1943773.761;2823049.863;NA;False; ; ;0; ; ; ; ; ; 
TRACK;1.23.45-94; ; ;-1.516416327;20763369.87;NA; ; ; ; ; ; ; ; ; ; 
TRACK;1.23.45-94;-16.43573364;-71.667572;-1943747.708;2822968.564;NA;False; ; ;0; ; ; ; ; ; 
TRACK;1.23.45-94;-16.43561319;-71.66816367;-1943726.159;2822903.107;NA;False; ; ;0; ; ; ; ; ; 
TRACK;1.23.45-94;-16.43632212;-71.66833285;-1943807.247;2822874.742;NA;False; ; ;0; ; ; ; ; ; 
TRACK;1.23.45-94;-16.43643115;-71.66784877;-1943826.107;2822928.16;NA;False; ; ;0; ; ; ; ; ; 
TRACK;1.23.45-94;-16.43622113;-71.66763627;-1943804.119;2822954.956;NA;False; ; ;0; ; ; ; ; ; 
TRACK;1.23.45-95; ; ;-1.516416327;20763369.87;NA; ; ; ; ; ; ; ; ; ; 
TRACK;1.23.45-95;-16.4355931;-71.66825266;-1943722.686;2822893.288;NA;False; ; ;0; ; ; ; ; ; 
TRACK;1.23.45-95;-16.43549513;-71.66884836;-1943703.725;2822827.083;NA;False; ; ;0; ; ; ; ; ; 
TRACK;1.23.45-95;-16.43636616;-71.66905272;-1943803.398;2822792.63;NA;False; ; ;0; ; ; ; ; ; 
TRACK;1.23.45-95;-16.43634841;-71.6684172;-1943809.275;2822864.846;NA;False; ; ;0; ; ; ; ; ; 
TRACK;1.23.45-96; ; ;-1.516416327;20763369.87;NA; ; ; ; ; ; ; ; ; ; 
TRACK;1.23.45-96;-16.43524225;-71.67002597;-1943659.295;2822696.975;NA;False; ; ;0; ; ; ; ; ; 
TRACK;1.23.45-96;-16.43543426;-71.67008449;-1943681.099;2822687.854;NA;False; ; ;0; ; ; ; ; ; 
TRACK;1.23.45-96;-16.43562042;-71.66960916;-1943708.902;2822739.279;NA;False; ; ;0; ; ; ; ; ; 
TRACK;1.23.45-96;-16.43631787;-71.66930599;-1943794.558;2822764.568;NA;False; ; ;0; ; ; ; ; ; 
TRACK;1.23.45-96;-16.43632712;-71.66907327;-1943798.559;2822790.808;NA;False; ; ;0; ; ; ; ; ; 
TRACK;1.23.45-96;-16.43547894;-71.66890108;-1943701.164;2822821.321;NA;False; ; ;0; ; ; ; ; ; 
TRACK;1.23.45-97; ; ;-1.516416327;20763369.87;NA; ; ; ; ; ; ; ; ; ; 
TRACK;1.23.45-97;-16.43631576;-71.66756574;-1943816.109;2822961.717;NA;False; ; ;0; ; ; ; ; ; 
TRACK;1.23.45-97;-16.43647621;-71.66781115;-1943831.867;2822931.836;NA;False; ; ;0; ; ; ; ; ; 
TRACK;1.23.45-97;-16.43648238;-71.66780953;-1943832.612;2822931.94;NA;False; ; ;0; ; ; ; ; ; 
TRACK;1.23.45-97;-16.43721562;-71.66743717;-1943923.338;2822964.6;NA;False; ; ;0; ; ; ; ; ; 
TRACK;1.23.45-97;-16.43693658;-71.66703933;-1943895.571;2823013.286;NA;False; ; ;0; ; ; ; ; ; 
TRACK;1.23.45-98; ; ;-1.516416327;20763369.87;NA; ; ; ; ; ; ; ; ; ; 
TRACK;1.23.45-98;-16.43779701;-71.66643716;-1944004.105;2823070.325;NA;False; ; ;0; ; ; ; ; ; 
TRACK;1.23.45-98;-16.43697454;-71.66700602;-1943900.444;2823016.566;NA;False; ; ;0; ; ; ; ; ; 
TRACK;1.23.45-98;-16.43726429;-71.66740397;-1943929.466;2822967.728;NA;False; ; ;0; ; ; ; ; ; 
TRACK;1.23.45-98;-16.438232;-71.66704906;-1944047.493;2822995.367;NA;False; ; ;0; ; ; ; ; ; 
TRACK;1.23.45-99; ; ;-1.516416327;20763369.87;NA; ; ; ; ; ; ; ; ; ; 
TRACK;1.23.45-99;-16.43695112;-71.66626942;-1943906.922;2823100.307;NA;False; ; ;0; ; ; ; ; ; 
TRACK;1.23.45-99;-16.43769829;-71.66641852;-1943992.751;2823073.717;NA;False; ; ;0; ; ; ; ; ; 
TRACK;1.23.45-99;-16.43781751;-71.66633323;-1944007.813;2823081.831;NA;False; ; ;0; ; ; ; ; ; 
TRACK;1.23.45-99;-16.43793404;-71.66585209;-1944027.519;2823134.818;NA;False; ; ;0; ; ; ; ; ; 
TRACK;1.23.45-99;-16.43710498;-71.66573483;-1943931.679;2823158.863;NA;False; ; ;0; ; ; ; ; ; 
TRACK;1.23.45-100; ; ;-1.516416327;20763369.87;NA; ; ; ; ; ; ; ; ; ; 
TRACK;1.23.45-100;-16.43713468;-71.66563506;-1943936.416;2823169.779;NA;False; ; ;0; ; ; ; ; ; 
TRACK;1.23.45-100;-16.43794354;-71.66576484;-1944029.727;2823144.578;NA;False; ; ;0; ; ; ; ; ; 
TRACK;1.23.45-100;-16.43806268;-71.66517481;-1944051.103;2823209.865;NA;False; ; ;0; ; ; ; ; ; 
TRACK;1.23.45-100;-16.43724809;-71.66499371;-1943957.762;2823240.955;NA;False; ; ;0; ; ; ; ; ; 
TRACK;1.23.45-101; ; ;-1.516416327;20763369.87;NA; ; ; ; ; ; ; ; ; ; 
TRACK;1.23.45-101;-16.43725517;-71.66492036;-1943959.512;2823249.172;NA;False; ; ;0; ; ; ; ; ; 
TRACK;1.23.45-101;-16.43808103;-71.66507315;-1944054.531;2823221.142;NA;False; ; ;0; ; ; ; ; ; 
TRACK;1.23.45-101;-16.43819965;-71.66446281;-1944076.101;2823288.737;NA;False; ; ;0; ; ; ; ; ; 
TRACK;1.23.45-101;-16.43733979;-71.66427139;-1943977.576;2823321.584;NA;False; ; ;0; ; ; ; ; ; 
TRACK;1.23.45-102; ; ;-1.516416327;20763369.87;NA; ; ; ; ; ; ; ; ; ; 
TRACK;1.23.45-102;-16.43749886;-71.66346071;-1944006.404;2823411.348;NA;False; ; ;0; ; ; ; ; ; 
TRACK;1.23.45-102;-16.43833844;-71.66366495;-1944102.389;2823377.311;NA;False; ; ;0; ; ; ; ; ; 
TRACK;1.23.45-102;-16.43843641;-71.663088;-1944121.119;2823441.392;NA;False; ; ;0; ; ; ; ; ; 
TRACK;1.23.45-102;-16.43761383;-71.66286491;-1944027.365;2823477.344;NA;False; ; ;0; ; ; ; ; ; 
TRACK;1.23.45-103; ; ;-1.516416327;20763369.87;NA; ; ; ; ; ; ; ; ; ; 
TRACK;1.23.45-103;-16.43774766;-71.66212022;-1944052.405;2823559.96;NA;False; ; ;0; ; ; ; ; ; 
TRACK;1.23.45-103;-16.43860964;-71.66230835;-1944151.222;2823527.457;NA;False; ; ;0; ; ; ; ; ; 
TRACK;1.23.45-103;-16.43871736;-71.66166265;-1944171.957;2823599.199;NA;False; ; ;0; ; ; ; ; ; 
TRACK;1.23.45-103;-16.4378755;-71.66147611;-1944075.482;2823631.262;NA;False; ; ;0; ; ; ; ; ; 
TRACK;1.23.45-104; ; ;-1.516416327;20763369.87;NA; ; ; ; ; ; ; ; ; ; 
TRACK;1.23.45-104;-16.43790671;-71.661349;-1944080.739;2823645.255;NA;False; ; ;0; ; ; ; ; ; 
TRACK;1.23.45-104;-16.43874712;-71.66157099;-1944176.599;2823609.195;NA;False; ; ;0; ; ; ; ; ; 
TRACK;1.23.45-104;-16.43885772;-71.660952;-1944197.338;2823677.875;NA;False; ; ;0; ; ; ; ; ; 
TRACK;1.23.45-104;-16.43801669;-71.66077057;-1944100.897;2823709.349;NA;False; ; ;0; ; ; ; ; ; 
TRACK;1.23.45-105; ; ;-1.516416327;20763369.87;NA; ; ; ; ; ; ; ; ; ; 
TRACK;1.23.45-105;-16.43802404;-71.66067125;-1944103.004;2823720.503;NA;False; ; ;0; ; ; ; ; ; 
TRACK;1.23.45-105;-16.43888196;-71.66086367;-1944201.29;2823687.565;NA;False; ; ;0; ; ; ; ; ; 
TRACK;1.23.45-105;-16.43900315;-71.66025411;-1944223.156;2823755.039;NA;False; ; ;0; ; ; ; ; ; 
TRACK;1.23.45-105;-16.43812736;-71.66009499;-1944122.354;2823784.438;NA;False; ; ;0; ; ; ; ; ; 
TRACK;1.23.45-106; ; ;-1.516416327;20763369.87;NA; ; ; ; ; ; ; ; ; ; 
TRACK;1.23.45-106;-16.43817842;-71.66005276;-1944128.876;2823788.559;NA;False; ; ;0; ; ; ; ; ; 
TRACK;1.23.45-106;-16.43900406;-71.66018516;-1944224.127;2823762.837;NA;False; ; ;0; ; ; ; ; ; 
TRACK;1.23.45-106;-16.43911762;-71.65955615;-1944245.34;2823832.614;NA;False; ; ;0; ; ; ; ; ; 
TRACK;1.23.45-106;-16.43824231;-71.65938292;-1944144.771;2823863.605;NA;False; ; ;0; ; ; ; ; ; 
TRACK;1.23.45-107; ; ;-1.516416327;20763369.87;NA; ; ; ; ; ; ; ; ; ; 
TRACK;1.23.45-107;-16.43868694;-71.65807042;-1944213.412;2824006.505;NA;False; ; ;0; ; ; ; ; ; 
TRACK;1.23.45-107;-16.43839726;-71.65825568;-1944177.088;2823989.283;NA;False; ; ;0; ; ; ; ; ; 
TRACK;1.23.45-107;-16.4382471;-71.65930615;-1944146.296;2823872.24;NA;False; ; ;0; ; ; ; ; ; 
TRACK;1.23.45-107;-16.43914777;-71.65949203;-1944249.683;2823839.486;NA;False; ; ;0; ; ; ; ; ; 
TRACK;1.23.45-107;-16.43936377;-71.65814584;-1944291.911;2823989.17;NA;False; ; ;0; ; ; ; ; ; 
TRACK;1.23.45-108; ; ;-1.516416327;20763369.87;NA; ; ; ; ; ; ; ; ; ; 
TRACK;1.23.45-108;-16.43955601;-71.65673718;-1944332.135;2824146.242;NA;False; ; ;0; ; ; ; ; ; 
TRACK;1.23.45-108;-16.43925767;-71.65684647;-1944295.746;2824137.737;NA;False; ; ;0; ; ; ; ; ; 
TRACK;1.23.45-108;-16.43884574;-71.6575245;-1944238.895;2824066.283;NA;False; ; ;0; ; ; ; ; ; 
TRACK;1.23.45-108;-16.43879004;-71.65801992;-1944226.147;2824010.886;NA;False; ; ;0; ; ; ; ; ; 
TRACK;1.23.45-108;-16.43937316;-71.65810488;-1944293.527;2823993.689;NA;False; ; ;0; ; ; ; ; ; 
TRACK;1.23.45-109; ; ;-1.516416327;20763369.87;NA; ; ; ; ; ; ; ; ; ; 
TRACK;1.23.45-109;-16.43963863;-71.6567401;-1944341.797;2824144.838;NA;False; ; ;0; ; ; ; ; ; 
TRACK;1.23.45-109;-16.43954857;-71.65736819;-1944323.351;2824074.859;NA;False; ; ;0; ; ; ; ; ; 
TRACK;1.23.45-109;-16.44015186;-71.65753583;-1944392.061;2824048.033;NA;False; ; ;0; ; ; ; ; ; 
TRACK;1.23.45-109;-16.44031947;-71.65644893;-1944425.362;2824168.975;NA;False; ; ;0; ; ; ; ; ; 
TRACK;1.23.45-110; ; ;-1.516416327;20763369.87;NA; ; ; ; ; ; ; ; ; ; 
TRACK;1.23.45-110;-16.43946703;-71.65810286;-1944304.57;2823992.698;NA;False; ; ;0; ; ; ; ; ; 
TRACK;1.23.45-110;-16.4400535;-71.6582288;-1944371.829;2823970.814;NA;False; ; ;0; ; ; ; ; ; 
TRACK;1.23.45-110;-16.44014829;-71.65761219;-1944390.685;2824039.429;NA;False; ; ;0; ; ; ; ; ; 
TRACK;1.23.45-110;-16.43955408;-71.65744485;-1944323.037;2824066.104;NA;False; ; ;0; ; ; ; ; ; 
TRACK;1.23.45-111; ; ;-1.516416327;20763369.87;NA; ; ; ; ; ; ; ; ; ; 
TRACK;1.23.45-111;-16.43933348;-71.65877187;-1944280.508;2823918.65;NA;False; ; ;0; ; ; ; ; ; 
TRACK;1.23.45-111;-16.43989761;-71.65888499;-1944345.306;2823898.508;NA;False; ; ;0; ; ; ; ; ; 
TRACK;1.23.45-111;-16.44003739;-71.65828386;-1944369.248;2823964.786;NA;False; ; ;0; ; ; ; ; ; 
TRACK;1.23.45-111;-16.43945048;-71.65817693;-1944301.699;2823984.522;NA;False; ; ;0; ; ; ; ; ; 
TRACK;1.23.45-112; ; ;-1.516416327;20763369.87;NA; ; ; ; ; ; ; ; ; ; 
TRACK;1.23.45-112;-16.43923218;-71.65949329;-1944259.575;2823838.247;NA;False; ; ;0; ; ; ; ; ; 
TRACK;1.23.45-112;-16.43978679;-71.65958339;-1944323.543;2823820.837;NA;False; ; ;0; ; ; ; ; ; 
TRACK;1.23.45-112;-16.43989899;-71.65897689;-1944344.316;2823888.08;NA;False; ; ;0; ; ; ; ; ; 
TRACK;1.23.45-112;-16.43931212;-71.65885113;-1944277.007;2823909.949;NA;False; ; ;0; ; ; ; ; ; 
TRACK;1.23.45-113; ; ;-1.516416327;20763369.87;NA; ; ; ; ; ; ; ; ; ; 
TRACK;1.23.45-113;-16.43909857;-71.66019679;-1944235.074;2823760.293;NA;False; ; ;0; ; ; ; ; ; 
TRACK;1.23.45-113;-16.4396698;-71.66032221;-1944300.55;2823738.667;NA;False; ; ;0; ; ; ; ; ; 
TRACK;1.23.45-113;-16.43980377;-71.6596821;-1944324.299;2823809.435;NA;False; ; ;0; ; ; ; ; ; 
TRACK;1.23.45-113;-16.43921325;-71.65957484;-1944256.33;2823829.255;NA;False; ; ;0; ; ; ; ; ; 
TRACK;1.23.45-114; ; ;-1.516416327;20763369.87;NA; ; ; ; ; ; ; ; ; ; 
TRACK;1.23.45-114;-16.43906337;-71.66027227;-1944229.996;2823752.2;NA;False; ; ;0; ; ; ; ; ; 
TRACK;1.23.45-114;-16.43897161;-71.6608745;-1944211.678;2823685.175;NA;False; ; ;0; ; ; ; ; ; 
TRACK;1.23.45-114;-16.43955573;-71.66102266;-1944278.382;2823660.805;NA;False; ; ;0; ; ; ; ; ; 
TRACK;1.23.45-114;-16.43966503;-71.6603881;-1944299.164;2823731.265;NA;False; ; ;0; ; ; ; ; ; 
TRACK;1.23.45-115; ; ;-1.516416327;20763369.87;NA; ; ; ; ; ; ; ; ; ; 
TRACK;1.23.45-115;-16.43884094;-71.66161267;-1944187.089;2823603.256;NA;False; ; ;0; ; ; ; ; ; 
TRACK;1.23.45-115;-16.43955993;-71.6617251;-1944270.071;2823581.182;NA;False; ; ;0; ; ; ; ; ; 
TRACK;1.23.45-115;-16.43954408;-71.66107263;-1944276.389;2823655.296;NA;False; ; ;0; ; ; ; ; ; 
TRACK;1.23.45-115;-16.4389459;-71.66096628;-1944207.509;2823675.112;NA;False; ; ;0; ; ; ; ; ; 
TRACK;1.23.45-116; ; ;-1.516416327;20763369.87;NA; ; ; ; ; ; ; ; ; ; 
TRACK;1.23.45-116;-16.43873186;-71.66229461;-1944165.739;2823527.426;NA;False; ; ;0; ; ; ; ; ; 
TRACK;1.23.45-116;-16.43955203;-71.66247676;-1944259.723;2823496.141;NA;False; ; ;0; ; ; ; ; ; 
TRACK;1.23.45-116;-16.43954095;-71.66182496;-1944266.592;2823570.117;NA;False; ; ;0; ; ; ; ; ; 
TRACK;1.23.45-116;-16.43883629;-71.66166612;-1944185.874;2823597.261;NA;False; ; ;0; ; ; ; ; ; 
TRACK;1.23.45-117; ; ;-1.516416327;20763369.87;NA; ; ; ; ; ; ; ; ; ; 
TRACK;1.23.45-117;-16.43859668;-71.66297882;-1944141.298;2823451.678;NA;False; ; ;0; ; ; ; ; ; 
TRACK;1.23.45-117;-16.43944262;-71.66313929;-1944238.578;2823422.516;NA;False; ; ;0; ; ; ; ; ; 
TRACK;1.23.45-117;-16.43952653;-71.66254918;-1944255.822;2823488.27;NA;False; ; ;0; ; ; ; ; ; 
TRACK;1.23.45-117;-16.43872342;-71.66238635;-1944163.599;2823517.143;NA;False; ; ;0; ; ; ; ; ; 
TRACK;1.23.45-118; ; ;-1.516416327;20763369.87;NA; ; ; ; ; ; ; ; ; ; 
TRACK;1.23.45-118;-16.43844193;-71.66367645;-1944114.392;2823374.664;NA;False; ; ;0; ; ; ; ; ; 
TRACK;1.23.45-118;-16.43927033;-71.66384892;-1944209.462;2823344.371;NA;False; ; ;0; ; ; ; ; ; 
TRACK;1.23.45-118;-16.43939558;-71.66323949;-1944231.8;2823411.777;NA;False; ; ;0; ; ; ; ; ; 
TRACK;1.23.45-118;-16.4385644;-71.66309809;-1944136.014;2823438.587;NA;False; ; ;0; ; ; ; ; ; 
TRACK;1.23.45-119; ; ;-1.516416327;20763369.87;NA; ; ; ; ; ; ; ; ; ; 
TRACK;1.23.45-119;-16.43832541;-71.66436955;-1944092.031;2823297.668;NA;False; ; ;0; ; ; ; ; ; 
TRACK;1.23.45-119;-16.43913945;-71.66454923;-1944185.324;2823266.745;NA;False; ; ;0; ; ; ; ; ; 
TRACK;1.23.45-119;-16.43926438;-71.66396254;-1944207.341;2823331.579;NA;False; ; ;0; ; ; ; ; ; 
TRACK;1.23.45-119;-16.43844051;-71.66376916;-1944113.063;2823364.181;NA;False; ; ;0; ; ; ; ; ; 
TRACK;1.23.45-120; ; ;-1.516416327;20763369.87;NA; ; ; ; ; ; ; ; ; ; 
TRACK;1.23.45-120;-16.43819701;-71.66509366;-1944067.886;2823217.313;NA;False; ; ;0; ; ; ; ; ; 
TRACK;1.23.45-120;-16.43868372;-71.66516338;-1944124.139;2823203.096;NA;False; ; ;0; ; ; ; ; ; 
TRACK;1.23.45-120;-16.43911352;-71.66462171;-1944181.373;2823258.871;NA;False; ; ;0; ; ; ; ; ; 
TRACK;1.23.45-120;-16.43830297;-71.66447794;-1944088.038;2823285.682;NA;False; ; ;0; ; ; ; ; ; 
TRACK;1.23.45-121; ; ;-1.516416327;20763369.87;NA; ; ; ; ; ; ; ; ; ; 
TRACK;1.23.45-121;-16.43794099;-71.66625997;-1944023.224;2823088.527;NA;False; ; ;0; ; ; ; ; ; 
TRACK;1.23.45-121;-16.43843873;-71.66586007;-1944086.655;2823127.362;NA;False; ; ;0; ; ; ; ; ; 
TRACK;1.23.45-121;-16.43864598;-71.66524599;-1944118.674;2823194.23;NA;False; ; ;0; ; ; ; ; ; 
TRACK;1.23.45-121;-16.43816014;-71.66517339;-1944062.56;2823208.761;NA;False; ; ;0; ; ; ; ; ; 
TRACK;1.23.45-122; ; ;-1.516416327;20763369.87;NA; ; ; ; ; ; ; ; ; ; 
TRACK;1.23.45-122;-16.43830273;-71.66700148;-1944056.391;2822999.838;NA;False; ; ;0; ; ; ; ; ; 
TRACK;1.23.45-122;-16.43888145;-71.66652821;-1944130.246;2823045.933;NA;False; ; ;0; ; ; ; ; ; 
TRACK;1.23.45-122;-16.43848623;-71.66592942;-1944091.361;2823118.89;NA;False; ; ;0; ; ; ; ; ; 
TRACK;1.23.45-122;-16.43783217;-71.66642169;-1944008.425;2823071.62;NA;False; ; ;0; ; ; ; ; ; 
TRACK;1.23.45-123; ; ;-1.516416327;20763369.87;NA; ; ; ; ; ; ; ; ; ; 
TRACK;1.23.45-123;-16.43916892;-71.66467641;-1944187.19;2823251.956;NA;False; ; ;0; ; ; ; ; ; 
TRACK;1.23.45-123;-16.43875491;-71.665183;-1944132.249;2823199.95;NA;False; ; ;0; ; ; ; ; ; 
TRACK;1.23.45-123;-16.43852482;-71.66586898;-1944096.648;2823125.235;NA;False; ; ;0; ; ; ; ; ; 
TRACK;1.23.45-123;-16.43943735;-71.66619699;-1944199.642;2823076.233;NA;False; ; ;0; ; ; ; ; ; 
TRACK;1.23.45-123;-16.440348;-71.6648572;-1944323.316;2823216.168;NA;False; ; ;0; ; ; ; ; ; 
TRACK;1.23.45-124; ; ;-1.516416327;20763369.87;NA; ; ; ; ; ; ; ; ; ; 
TRACK;1.23.45-124;-16.4392492;-71.66458751;-1944197.727;2823260.984;NA;False; ; ;0; ; ; ; ; ; 
TRACK;1.23.45-124;-16.44006649;-71.66474684;-1944291.657;2823232.324;NA;False; ; ;0; ; ; ; ; ; 
TRACK;1.23.45-124;-16.44020239;-71.6641113;-1944315.573;2823302.548;NA;False; ; ;0; ; ; ; ; ; 
TRACK;1.23.45-124;-16.43936659;-71.66397718;-1944219.153;2823328.593;NA;False; ; ;0; ; ; ; ; ; 
TRACK;1.23.45-125; ; ;-1.516416327;20763369.87;NA; ; ; ; ; ; ; ; ; ; 
TRACK;1.23.45-125;-16.43984569;-71.66358356;-1944280.32;2823366.958;NA;False; ; ;0; ; ; ; ; ; 
TRACK;1.23.45-125;-16.4398503;-71.66333178;-1944284.016;2823395.417;NA;False; ; ;0; ; ; ; ; ; 
TRACK;1.23.45-125;-16.43947165;-71.6632576;-1944240.503;2823408.737;NA;False; ; ;0; ; ; ; ; ; 
TRACK;1.23.45-125;-16.43938652;-71.66386927;-1944222.845;2823340.557;NA;False; ; ;0; ; ; ; ; ; 
TRACK;1.23.45-125;-16.44021054;-71.66402502;-1944317.611;2823312.215;NA;False; ; ;0; ; ; ; ; ; 
TRACK;1.23.45-125;-16.44026827;-71.66367132;-1944328.819;2823351.529;NA;False; ; ;0; ; ; ; ; ; 
TRACK;1.23.45-126; ; ;-1.516416327;20763369.87;NA; ; ; ; ; ; ; ; ; ; 
TRACK;1.23.45-126;-16.43964672;-71.66249566;-1944270.6;2823492.771;NA;False; ; ;0; ; ; ; ; ; 
TRACK;1.23.45-126;-16.43948589;-71.66316625;-1944243.318;2823418.9;NA;False; ; ;0; ; ; ; ; ; 
TRACK;1.23.45-126;-16.4398539;-71.66323637;-1944285.634;2823406.178;NA;False; ; ;0; ; ; ; ; ; 
TRACK;1.23.45-126;-16.43999654;-71.66270759;-1944309.004;2823464.223;NA;False; ; ;0; ; ; ; ; ; 
TRACK;1.23.45-126;-16.44008239;-71.6623066;-1944324.106;2823508.529;NA;False; ; ;0; ; ; ; ; ; 
TRACK;1.23.45-126;-16.43998781;-71.66145089;-1944323.729;2823606.686;NA;False; ; ;0; ; ; ; ; ; 
TRACK;1.23.45-126;-16.44224219;-71.66074389;-1944597.199;2823657.488;NA;False; ; ;0; ; ; ; ; ; 
TRACK;1.23.45-126;-16.44224494;-71.66053755;-1944600.107;2823680.825;NA;False; ; ;0; ; ; ; ; ; 
TRACK;1.23.45-126;-16.44165371;-71.66073516;-1944528.235;2823666.122;NA;False; ; ;0; ; ; ; ; ; 
TRACK;1.23.45-126;-16.44067022;-71.6608457;-1944411.413;2823666.375;NA;False; ; ;0; ; ; ; ; ; 
TRACK;1.23.45-126;-16.44006653;-71.6611998;-1944336.116;2823634.106;NA;False; ; ;0; ; ; ; ; ; 
TRACK;1.23.45-126;-16.43961004;-71.66107926;-1944284.047;2823653.688;NA;False; ; ;0; ; ; ; ; ; 
TRACK;1.23.45-127; ; ;-1.516416327;20763369.87;NA; ; ; ; ; ; ; ; ; ; 
TRACK;1.23.45-127;-16.43974791;-71.66042826;-1944308.389;2823725.639;NA;False; ; ;0; ; ; ; ; ; 
TRACK;1.23.45-127;-16.43961959;-71.66099225;-1944286.259;2823663.421;NA;False; ; ;0; ; ; ; ; ; 
TRACK;1.23.45-127;-16.44007836;-71.66110399;-1944338.706;2823644.805;NA;False; ; ;0; ; ; ; ; ; 
TRACK;1.23.45-127;-16.44055574;-71.66081889;-1944398.312;2823670.898;NA;False; ; ;0; ; ; ; ; ; 
TRACK;1.23.45-127;-16.44058409;-71.66054629;-1944405.056;2823701.409;NA;False; ; ;0; ; ; ; ; ; 
TRACK;1.23.45-128; ; ;-1.516416327;20763369.87;NA; ; ; ; ; ; ; ; ; ; 
TRACK;1.23.45-128;-16.43977455;-71.6603183;-1944312.894;2823737.749;NA;False; ; ;0; ; ; ; ; ; 
TRACK;1.23.45-128;-16.440608;-71.66047054;-1944408.812;2823709.679;NA;False; ; ;0; ; ; ; ; ; 
TRACK;1.23.45-128;-16.44071891;-71.65987085;-1944429.348;2823776.167;NA;False; ; ;0; ; ; ; ; ; 
TRACK;1.23.45-128;-16.43987475;-71.65972956;-1944332.035;2823803.137;NA;False; ; ;0; ; ; ; ; ; 
TRACK;1.23.45-129; ; ;-1.516416327;20763369.87;NA; ; ; ; ; ; ; ; ; ; 
TRACK;1.23.45-129;-16.43988509;-71.65961969;-1944334.626;2823815.448;NA;False; ; ;0; ; ; ; ; ; 
TRACK;1.23.45-129;-16.44073567;-71.65978656;-1944432.371;2823785.498;NA;False; ; ;0; ; ; ; ; ; 
TRACK;1.23.45-129;-16.44084484;-71.65920172;-1944452.517;2823850.326;NA;False; ; ;0; ; ; ; ; ; 
TRACK;1.23.45-129;-16.43999125;-71.65898747;-1944355.012;2823885.684;NA;False; ; ;0; ; ; ; ; ; 
TRACK;1.23.45-130; ; ;-1.516416327;20763369.87;NA; ; ; ; ; ; ; ; ; ; 
TRACK;1.23.45-130;-16.43998224;-71.65890741;-1944354.958;2823894.87;NA;False; ; ;0; ; ; ; ; ; 
TRACK;1.23.45-130;-16.44087191;-71.65913745;-1944456.499;2823857.256;NA;False; ; ;0; ; ; ; ; ; 
TRACK;1.23.45-130;-16.44098346;-71.65848755;-1944477.74;2823929.423;NA;False; ; ;0; ; ; ; ; ; 
TRACK;1.23.45-130;-16.44012151;-71.65829839;-1944378.94;2823962.048;NA;False; ; ;0; ; ; ; ; ; 
TRACK;1.23.45-131; ; ;-1.516416327;20763369.87;NA; ; ; ; ; ; ; ; ; ; 
TRACK;1.23.45-131;-16.44022865;-71.65762059;-1944400.012;2824037.434;NA;False; ; ;0; ; ; ; ; ; 
TRACK;1.23.45-131;-16.44014067;-71.65824469;-1944381.861;2823967.881;NA;False; ; ;0; ; ; ; ; ; 
TRACK;1.23.45-131;-16.44102018;-71.65843845;-1944482.667;2823934.509;NA;False; ; ;0; ; ; ; ; ; 
TRACK;1.23.45-131;-16.44111656;-71.65780956;-1944501.864;2824004.493;NA;False; ; ;0; ; ; ; ; ; 
TRACK;1.23.45-132; ; ;-1.516416327;20763369.87;NA; ; ; ; ; ; ; ; ; ; 
TRACK;1.23.45-132;-16.44025023;-71.65753541;-1944403.613;2824046.802;NA;False; ; ;0; ; ; ; ; ; 
TRACK;1.23.45-132;-16.44109924;-71.65770477;-1944501.144;2824016.588;NA;False; ; ;0; ; ; ; ; ; 
TRACK;1.23.45-132;-16.44121717;-71.65705731;-1944523.104;2824088.397;NA;False; ; ;0; ; ; ; ; ; 
TRACK;1.23.45-132;-16.44034482;-71.65684066;-1944423.427;2824124.272;NA;False; ; ;0; ; ; ; ; ; 
TRACK;1.23.45-133; ; ;-1.516416327;20763369.87;NA; ; ; ; ; ; ; ; ; ; 
TRACK;1.23.45-133;-16.44093837;-71.65637884;-1944498.886;2824168.874;NA;False; ; ;0; ; ; ; ; ; 
TRACK;1.23.45-133;-16.44087456;-71.65646975;-1944490.256;2824159.405;NA;False; ; ;0; ; ; ; ; ; 
TRACK;1.23.45-133;-16.44040179;-71.6564609;-1944434.874;2824166.55;NA;False; ; ;0; ; ; ; ; ; 
TRACK;1.23.45-133;-16.44035305;-71.65676552;-1944425.334;2824132.676;NA;False; ; ;0; ; ; ; ; ; 
TRACK;1.23.45-133;-16.44122184;-71.65698827;-1944524.517;2824096.157;NA;False; ; ;0; ; ; ; ; ; 
TRACK;1.23.45-133;-16.44132083;-71.65637627;-1944543.81;2824164.197;NA;False; ; ;0; ; ; ; ; ; 
TRACK;1.23.45-134; ; ;-1.516416327;20763369.87;NA; ; ; ; ; ; ; ; ; ; 
TRACK;1.23.45-134;-16.44139152;-71.65636036;-1944552.307;2824165.08;NA;False; ; ;0; ; ; ; ; ; 
TRACK;1.23.45-134;-16.44130647;-71.65702775;-1944533.957;2824090.586;NA;False; ; ;0; ; ; ; ; ; 
TRACK;1.23.45-134;-16.44216485;-71.65720795;-1944632.451;2824059.021;NA;False; ; ;0; ; ; ; ; ; 
TRACK;1.23.45-134;-16.4423048;-71.65656731;-1944656.91;2824129.772;NA;False; ; ;0; ; ; ; ; ; 
TRACK;1.23.45-135; ; ;-1.516416327;20763369.87;NA; ; ; ; ; ; ; ; ; ; 
TRACK;1.23.45-135;-16.44128186;-71.65707751;-1944530.444;2824085.269;NA;False; ; ;0; ; ; ; ; ; 
TRACK;1.23.45-135;-16.44120346;-71.65770399;-1944513.387;2824015.324;NA;False; ; ;0; ; ; ; ; ; 
TRACK;1.23.45-135;-16.44209839;-71.65785114;-1944616.586;2823987.028;NA;False; ; ;0; ; ; ; ; ; 
TRACK;1.23.45-135;-16.44216581;-71.65727435;-1944631.73;2824051.487;NA;False; ; ;0; ; ; ; ; ; 
TRACK;1.23.45-136; ; ;-1.516416327;20763369.87;NA; ; ; ; ; ; ; ; ; ; 
TRACK;1.23.45-136;-16.44118021;-71.65781199;-1944509.304;2824003.392;NA;False; ; ;0; ; ; ; ; ; 
TRACK;1.23.45-136;-16.44107094;-71.6584231;-1944488.816;2823935.588;NA;False; ; ;0; ; ; ; ; ; 
TRACK;1.23.45-136;-16.44195357;-71.65857045;-1944590.568;2823907.431;NA;False; ; ;0; ; ; ; ; ; 
TRACK;1.23.45-136;-16.44206616;-71.65795832;-1944611.459;2823975.306;NA;False; ; ;0; ; ; ; ; ; 
TRACK;1.23.45-137; ; ;-1.516416327;20763369.87;NA; ; ; ; ; ; ; ; ; ; 
TRACK;1.23.45-137;-16.44105745;-71.65848461;-1944486.462;2823928.795;NA;False; ; ;0; ; ; ; ; ; 
TRACK;1.23.45-137;-16.44096183;-71.65912681;-1944467.187;2823857.292;NA;False; ; ;0; ; ; ; ; ; 
TRACK;1.23.45-137;-16.44183426;-71.65928507;-1944567.606;2823828.032;NA;False; ; ;0; ; ; ; ; ; 
TRACK;1.23.45-137;-16.44193219;-71.65864967;-1944587.066;2823898.734;NA;False; ; ;0; ; ; ; ; ; 
TRACK;1.23.45-138; ; ;-1.516416327;20763369.87;NA; ; ; ; ; ; ; ; ; ; 
TRACK;1.23.45-138;-16.44082205;-71.65982444;-1944442.035;2823780.085;NA;False; ; ;0; ; ; ; ; ; 
TRACK;1.23.45-138;-16.44170212;-71.65996803;-1944543.534;2823752.388;NA;False; ; ;0; ; ; ; ; ; 
TRACK;1.23.45-138;-16.44181431;-71.6593499;-1944564.451;2823820.949;NA;False; ; ;0; ; ; ; ; ; 
TRACK;1.23.45-138;-16.44093738;-71.65919768;-1944463.429;2823849.582;NA;False; ; ;0; ; ; ; ; ; 
TRACK;1.23.45-139; ; ;-1.516416327;20763369.87;NA; ; ; ; ; ; ; ; ; ; 
TRACK;1.23.45-139;-16.44068835;-71.66048915;-1944418.01;2823706.527;NA;False; ; ;0; ; ; ; ; ; 
TRACK;1.23.45-139;-16.44156277;-71.66065706;-1944518.54;2823676.149;NA;False; ; ;0; ; ; ; ; ; 
TRACK;1.23.45-139;-16.44168116;-71.66005047;-1944540.04;2823743.322;NA;False; ; ;0; ; ; ; ; ; 
TRACK;1.23.45-139;-16.44080392;-71.65988964;-1944439.09;2823772.935;NA;False; ; ;0; ; ; ; ; ; 
TRACK;1.23.45-140; ; ;-1.516416327;20763369.87;NA; ; ; ; ; ; ; ; ; ; 
TRACK;1.23.45-140;-16.44036212;-71.66359307;-1944340.815;2823359.174;NA;False; ; ;0; ; ; ; ; ; 
TRACK;1.23.45-140;-16.44030958;-71.66403863;-1944329.064;2823309.387;NA;False; ; ;0; ; ; ; ; ; 
TRACK;1.23.45-140;-16.44112929;-71.66422827;-1944422.899;2823277.261;NA;False; ; ;0; ; ; ; ; ; 
TRACK;1.23.45-140;-16.44118376;-71.66370615;-1944435.836;2823335.695;NA;False; ; ;0; ; ; ; ; ; 
TRACK;1.23.45-141; ; ;-1.516416327;20763369.87;NA; ; ; ; ; ; ; ; ; ; 
TRACK;1.23.45-141;-16.44017113;-71.6647575;-1944303.806;2823229.757;NA;False; ; ;0; ; ; ; ; ; 
TRACK;1.23.45-141;-16.44098885;-71.66488264;-1944398.215;2823204.965;NA;False; ; ;0; ; ; ; ; ; 
TRACK;1.23.45-141;-16.44109939;-71.66431217;-1944418.339;2823268.146;NA;False; ; ;0; ; ; ; ; ; 
TRACK;1.23.45-141;-16.44028252;-71.66414854;-1944324.511;2823297.289;NA;False; ; ;0; ; ; ; ; ; 
TRACK;1.23.45-142; ; ;-1.516416327;20763369.87;NA; ; ; ; ; ; ; ; ; ; 
TRACK;1.23.45-142;-16.44110343;-71.6649405;-1944410.938;2823196.923;NA;False; ; ;0; ; ; ; ; ; 
TRACK;1.23.45-142;-16.44197134;-71.66509062;-1944510.925;2823168.648;NA;False; ; ;0; ; ; ; ; ; 
TRACK;1.23.45-142;-16.44205882;-71.66450777;-1944528.498;2823233.531;NA;False; ; ;0; ; ; ; ; ; 
TRACK;1.23.45-142;-16.44119475;-71.66432259;-1944429.401;2823265.728;NA;False; ; ;0; ; ; ; ; ; 
TRACK;1.23.45-143; ; ;-1.516416327;20763369.87;NA; ; ; ; ; ; ; ; ; ; 
TRACK;1.23.45-143;-16.44128271;-71.66372993;-1944447.152;2823331.716;NA;False; ; ;0; ; ; ; ; ; 
TRACK;1.23.45-143;-16.44119824;-71.66422772;-1944430.999;2823276.428;NA;False; ; ;0; ; ; ; ; ; 
TRACK;1.23.45-143;-16.44196089;-71.6643805;-1944518.598;2823249.219;NA;False; ; ;0; ; ; ; ; ; 
TRACK;1.23.45-143;-16.44200376;-71.6639061;-1944529.576;2823302.397;NA;False; ; ;0; ; ; ; ; ; 
TRACK;1.23.45-144; ; ;-1.516416327;20763369.87;NA; ; ; ; ; ; ; ; ; ; 
TRACK;1.23.45-144;-16.44205933;-71.66364059;-1944539.426;2823331.75;NA;False; ; ;0; ; ; ; ; ; 
TRACK;1.23.45-144;-16.44187119;-71.66349844;-1944519.125;2823350.295;NA;False; ; ;0; ; ; ; ; ; 
TRACK;1.23.45-144;-16.44186466;-71.66323766;-1944521.627;2823379.919;NA;False; ; ;0; ; ; ; ; ; 
TRACK;1.23.45-144;-16.44117747;-71.6631113;-1944442.554;2823403.157;NA;False; ; ;0; ; ; ; ; ; 
TRACK;1.23.45-144;-16.44109709;-71.66363696;-1944426.53;2823344.658;NA;False; ; ;0; ; ; ; ; ; 
TRACK;1.23.45-144;-16.44201152;-71.66387475;-1944530.879;2823305.847;NA;False; ; ;0; ; ; ; ; ; 
TRACK;1.23.45-145; ; ;-1.516416327;20763369.87;NA; ; ; ; ; ; ; ; ; ; 
TRACK;1.23.45-145;-16.4420306;-71.6643972;-1944526.571;2823246.421;NA;False; ; ;0; ; ; ; ; ; 
TRACK;1.23.45-145;-16.44231761;-71.66444604;-1944559.645;2823237.162;NA;False; ; ;0; ; ; ; ; ; 
TRACK;1.23.45-145;-16.44235213;-71.66370327;-1944573.007;2823320.847;NA;False; ; ;0; ; ; ; ; ; 
TRACK;1.23.45-145;-16.44211477;-71.66370524;-1944545.122;2823323.707;NA;False; ; ;0; ; ; ; ; ; 
TRACK;1.23.45-146; ; ;-1.516416327;20763369.87;NA; ; ; ; ; ; ; ; ; ; 
TRACK;1.23.45-146;-16.44164379;-71.66066425;-1944527.96;2823674.283;NA;False; ; ;0; ; ; ; ; ; 
TRACK;1.23.45-146;-16.4417861;-71.66062684;-1944545.132;2823676.671;NA;False; ; ;0; ; ; ; ; ; 
TRACK;1.23.45-146;-16.44222914;-71.66051039;-1944598.593;2823684.107;NA;False; ; ;0; ; ; ; ; ; 
TRACK;1.23.45-146;-16.44231652;-71.66017103;-1944613.104;2823721.412;NA;False; ; ;0; ; ; ; ; ; 
TRACK;1.23.45-146;-16.44176341;-71.66007782;-1944549.351;2823739.156;NA;False; ; ;0; ; ; ; ; ; 
TRACK;1.23.45-147; ; ;-1.516416327;20763369.87;NA; ; ; ; ; ; ; ; ; ; 
TRACK;1.23.45-147;-16.44177995;-71.65998095;-1944552.507;2823749.913;NA;False; ; ;0; ; ; ; ; ; 
TRACK;1.23.45-147;-16.44235029;-71.66011404;-1944617.783;2823727.429;NA;False; ; ;0; ; ; ; ; ; 
TRACK;1.23.45-147;-16.44245518;-71.65945939;-1944638.301;2823800.22;NA;False; ; ;0; ; ; ; ; ; 
TRACK;1.23.45-147;-16.4418758;-71.65934843;-1944571.687;2823820.315;NA;False; ; ;0; ; ; ; ; ; 
TRACK;1.23.45-148; ; ;-1.516416327;20763369.87;NA; ; ; ; ; ; ; ; ; ; 
TRACK;1.23.45-148;-16.44198908;-71.65864793;-1944593.765;2823898.193;NA;False; ; ;0; ; ; ; ; ; 
TRACK;1.23.45-148;-16.44190019;-71.65928949;-1944575.289;2823826.675;NA;False; ; ;0; ; ; ; ; ; 
TRACK;1.23.45-148;-16.44246829;-71.65936891;-1944640.974;2823810.299;NA;False; ; ;0; ; ; ; ; ; 
TRACK;1.23.45-148;-16.4425486;-71.65875391;-1944658.111;2823878.919;NA;False; ; ;0; ; ; ; ; ; 
TRACK;1.23.45-149; ; ;-1.516416327;20763369.87;NA; ; ; ; ; ; ; ; ; ; 
TRACK;1.23.45-149;-16.4421078;-71.65794683;-1944616.491;2823976.066;NA;False; ; ;0; ; ; ; ; ; 
TRACK;1.23.45-149;-16.44199537;-71.65857156;-1944595.461;2823906.762;NA;False; ; ;0; ; ; ; ; ; 
TRACK;1.23.45-149;-16.44257677;-71.65869137;-1944662.201;2823885.637;NA;False; ; ;0; ; ; ; ; ; 
TRACK;1.23.45-149;-16.44268999;-71.65804448;-1944683.601;2823957.441;NA;False; ; ;0; ; ; ; ; ; 
TRACK;1.23.45-150; ; ;-1.516416327;20763369.87;NA; ; ; ; ; ; ; ; ; ; 
TRACK;1.23.45-150;-16.44221814;-71.65728354;-1944637.758;2824049.767;NA;False; ; ;0; ; ; ; ; ; 
TRACK;1.23.45-150;-16.4421415;-71.65786119;-1944621.519;2823985.33;NA;False; ; ;0; ; ; ; ; ; 
TRACK;1.23.45-150;-16.44271349;-71.65796566;-1944687.348;2823966.064;NA;False; ; ;0; ; ; ; ; ; 
TRACK;1.23.45-150;-16.44283618;-71.65738783;-1944708.993;2824029.924;NA;False; ; ;0; ; ; ; ; ; 
TRACK;1.23.45-151; ; ;-1.516416327;20763369.87;NA; ; ; ; ; ; ; ; ; ; 
TRACK;1.23.45-151;-16.44237052;-71.65658071;-1944664.456;2824127.399;NA;False; ; ;0; ; ; ; ; ; 
TRACK;1.23.45-151;-16.44223105;-71.65719695;-1944640.359;2824059.407;NA;False; ; ;0; ; ; ; ; ; 
TRACK;1.23.45-151;-16.44281743;-71.6573056;-1944707.824;2824039.481;NA;False; ; ;0; ; ; ; ; ; 
TRACK;1.23.45-151;-16.44293994;-71.65668458;-1944729.991;2824108.236;NA;False; ; ;0; ; ; ; ; ; 
TRACK;1.23.45-152; ; ;-1.516416327;20763369.87;NA; ; ; ; ; ; ; ; ; ; 
TRACK;1.23.45-152;-16.443046;-71.65602605;-1944750.698;2824181.452;NA;False; ; ;0; ; ; ; ; ; 
TRACK;1.23.45-152;-16.4424437;-71.65590942;-1944681.464;2824202.489;NA;False; ; ;0; ; ; ; ; ; 
TRACK;1.23.45-152;-16.44238695;-71.65649862;-1944667.414;2824136.485;NA;False; ; ;0; ; ; ; ; ; 
TRACK;1.23.45-152;-16.44294545;-71.65660338;-1944731.656;2824117.361;NA;False; ; ;0; ; ; ; ; ; 
TRACK;1.23.45-153; ; ;-1.516416327;20763369.87;NA; ; ; ; ; ; ; ; ; ; 
TRACK;1.23.45-153;-16.44290223;-71.65731895;-1944717.61;2824036.868;NA;False; ; ;0; ; ; ; ; ; 
TRACK;1.23.45-153;-16.44324171;-71.6573666;-1944756.859;2824027.06;NA;False; ; ;0; ; ; ; ; ; 
TRACK;1.23.45-153;-16.44317611;-71.65612634;-1944764.712;2824168.401;NA;False; ; ;0; ; ; ; ; ; 
TRACK;1.23.45-153;-16.44309748;-71.65606316;-1944756.275;2824176.579;NA;False; ; ;0; ; ; ; ; ; 
TRACK;1.23.45-154; ; ;-1.516416327;20763369.87;NA; ; ; ; ; ; ; ; ; ; 
TRACK;1.23.45-154;-16.44251019;-71.65937899;-1944645.765;2823808.613;NA;False; ; ;0; ; ; ; ; ; 
TRACK;1.23.45-154;-16.44293251;-71.65942532;-1944694.754;2823797.878;NA;False; ; ;0; ; ; ; ; ; 
TRACK;1.23.45-154;-16.44295401;-71.65805361;-1944714.477;2823952.977;NA;False; ; ;0; ; ; ; ; ; 
TRACK;1.23.45-154;-16.44274265;-71.65806668;-1944689.504;2823954.243;NA;False; ; ;0; ; ; ; ; ; 
TRACK;1.23.45-155; ; ;-1.516416327;20763369.87;NA; ; ; ; ; ; ; ; ; ; 
TRACK;1.23.45-155;-16.44277114;-71.66052327;-1944662.049;2823675.607;NA;False; ; ;0; ; ; ; ; ; 
TRACK;1.23.45-155;-16.44289125;-71.65951725;-1944688.759;2823788.001;NA;False; ; ;0; ; ; ; ; ; 
TRACK;1.23.45-155;-16.44251611;-71.65946254;-1944645.414;2823799.072;NA;False; ; ;0; ; ; ; ; ; 
TRACK;1.23.45-155;-16.44231499;-71.66049677;-1944608.841;2823684.535;NA;False; ; ;0; ; ; ; ; ; 
TRACK;1.23.45-156; ; ;-1.516416327;20763369.87;NA; ; ; ; ; ; ; ; ; ; 
TRACK;1.23.45-156;-16.43880979;-71.65749964;-1944234.988;2824069.565;NA;False; ; ;0; ; ; ; ; ; 
TRACK;1.23.45-156;-16.43817815;-71.6562957;-1944175.94;2824214.151;NA;False; ; ;0; ; ; ; ; ; 
TRACK;1.23.45-156;-16.43798098;-71.65642287;-1944151.202;2824202.306;NA;False; ; ;0; ; ; ; ; ; 
TRACK;1.23.45-156;-16.43862975;-71.6576543;-1944211.916;2824054.385;NA;False; ; ;0; ; ; ; ; ; 
TRACK;1.23.45-157; ; ;-1.516416327;20763369.87;NA; ; ; ; ; ; ; ; ; ; 
TRACK;1.23.45-157;-16.4376989;-71.65731085;-1944106.961;2824105.381;NA;False; ; ;0; ; ; ; ; ; 
TRACK;1.23.45-157;-16.43798076;-71.65815669;-1944129.442;2824005.905;NA;False; ; ;0; ; ; ; ; ; 
TRACK;1.23.45-157;-16.43858905;-71.65787122;-1944204.419;2824030.342;NA;False; ; ;0; ; ; ; ; ; 
TRACK;1.23.45-157;-16.43822719;-71.65710062;-1944171.606;2824122.334;NA;False; ; ;0; ; ; ; ; ; 
TRACK;1.23.45-158; ; ;-1.516416327;20763369.87;NA; ; ; ; ; ; ; ; ; ; 
TRACK;1.23.45-158;-16.43791437;-71.65647047;-1944142.786;2824197.779;NA;False; ; ;0; ; ; ; ; ; 
TRACK;1.23.45-158;-16.43771521;-71.65648204;-1944119.264;2824199.056;NA;False; ; ;0; ; ; ; ; ; 
TRACK;1.23.45-158;-16.43752103;-71.65637308;-1944097.837;2824213.921;NA;False; ; ;0; ; ; ; ; ; 
TRACK;1.23.45-158;-16.43734534;-71.65641042;-1944076.748;2824211.974;NA;False; ; ;0; ; ; ; ; ; 
TRACK;1.23.45-158;-16.43766716;-71.65722798;-1944104.273;2824115.181;NA;False; ; ;0; ; ; ; ; ; 
TRACK;1.23.45-158;-16.43819717;-71.65702553;-1944169.023;2824131.229;NA;False; ; ;0; ; ; ; ; ; 
TRACK;1.23.45-159; ; ;-1.516416327;20763369.87;NA; ; ; ; ; ; ; ; ; ; 
TRACK;1.23.45-159;-16.43706812;-71.65756543;-1944029.73;2824084.736;NA;False; ; ;0; ; ; ; ; ; 
TRACK;1.23.45-159;-16.43736177;-71.65838008;-1944053.986;2823988.64;NA;False; ; ;0; ; ; ; ; ; 
TRACK;1.23.45-159;-16.43789798;-71.65821443;-1944119.001;2824000.44;NA;False; ; ;0; ; ; ; ; ; 
TRACK;1.23.45-159;-16.43761952;-71.65734689;-1944097.191;2824102.33;NA;False; ; ;0; ; ; ; ; ; 
TRACK;1.23.45-160; ; ;-1.516416327;20763369.87;NA; ; ; ; ; ; ; ; ; ; 
TRACK;1.23.45-160;-16.43671215;-71.6566101;-1943999.922;2824197.578;NA;False; ; ;0; ; ; ; ; ; 
TRACK;1.23.45-160;-16.43702358;-71.65747174;-1944025.676;2824095.928;NA;False; ; ;0; ; ; ; ; ; 
TRACK;1.23.45-160;-16.43756709;-71.65725422;-1944092.199;2824113.508;NA;False; ; ;0; ; ; ; ; ; 
TRACK;1.23.45-160;-16.43727995;-71.65642356;-1944068.908;2824211.334;NA;False; ; ;0; ; ; ; ; ; 
TRACK;1.23.45-161; ; ;-1.516416327;20763369.87;NA; ; ; ; ; ; ; ; ; ; 
TRACK;1.23.45-161;-16.43711686;-71.65618268;-1944052.784;2824240.739;NA;False; ; ;0; ; ; ; ; ; 
TRACK;1.23.45-161;-16.43512964;-71.65681076;-1943811.655;2824195.401;NA;False; ; ;0; ; ; ; ; ; 
TRACK;1.23.45-161;-16.43520876;-71.65708838;-1943817.463;2824162.925;NA;False; ; ;0; ; ; ; ; ; 
TRACK;1.23.45-161;-16.43725394;-71.65638253;-1944066.37;2824216.32;NA;False; ; ;0; ; ; ; ; ; 
TRACK;1.23.45-162; ; ;-1.516416327;20763369.87;NA; ; ; ; ; ; ; ; ; ; 
TRACK;1.23.45-162;-16.43699645;-71.65760298;-1944020.847;2824081.413;NA;False; ; ;0; ; ; ; ; ; 
TRACK;1.23.45-162;-16.43642647;-71.657781;-1943951.713;2824068.65;NA;False; ; ;0; ; ; ; ; ; 
TRACK;1.23.45-162;-16.43674777;-71.65864258;-1943978.627;2823966.879;NA;False; ; ;0; ; ; ; ; ; 
TRACK;1.23.45-162;-16.43727188;-71.65842036;-1944042.93;2823985.245;NA;False; ; ;0; ; ; ; ; ; 
TRACK;1.23.45-163; ; ;-1.516416327;20763369.87;NA; ; ; ; ; ; ; ; ; ; 
TRACK;1.23.45-163;-16.43605945;-71.65686102;-1943920.164;2824177.632;NA;False; ; ;0; ; ; ; ; ; 
TRACK;1.23.45-163;-16.43640134;-71.65772873;-1943949.419;2824074.898;NA;False; ; ;0; ; ; ; ; ; 
TRACK;1.23.45-163;-16.43695982;-71.6575314;-1944017.445;2824089.998;NA;False; ; ;0; ; ; ; ; ; 
TRACK;1.23.45-163;-16.43664707;-71.65666224;-1943991.63;2824192.516;NA;False; ; ;0; ; ; ; ; ; 
TRACK;1.23.45-164; ; ;-1.516416327;20763369.87;NA; ; ; ; ; ; ; ; ; ; 
TRACK;1.23.45-164;-16.43579239;-71.65801473;-1943874.356;2824050.409;NA;False; ; ;0; ; ; ; ; ; 
TRACK;1.23.45-164;-16.43612382;-71.658902;-1943902.139;2823945.596;NA;False; ; ;0; ; ; ; ; ; 
TRACK;1.23.45-164;-16.43665863;-71.65867028;-1943967.817;2823964.9;NA;False; ; ;0; ; ; ; ; ; 
TRACK;1.23.45-164;-16.43636441;-71.6578548;-1943943.504;2824061.096;NA;False; ; ;0; ; ; ; ; ; 
TRACK;1.23.45-165; ; ;-1.516416327;20763369.87;NA; ; ; ; ; ; ; ; ; ; 
TRACK;1.23.45-165;-16.43544395;-71.65708392;-1943845.125;2824160.376;NA;False; ; ;0; ; ; ; ; ; 
TRACK;1.23.45-165;-16.43574022;-71.65795636;-1943868.965;2824057.699;NA;False; ; ;0; ; ; ; ; ; 
TRACK;1.23.45-165;-16.43633865;-71.65777222;-1943941.515;2824070.785;NA;False; ; ;0; ; ; ; ; ; 
TRACK;1.23.45-165;-16.43600176;-71.6569007;-1943912.895;2824173.886;NA;False; ; ;0; ; ; ; ; ; 
TRACK;1.23.45-166; ; ;-1.516416327;20763369.87;NA; ; ; ; ; ; ; ; ; ; 
TRACK;1.23.45-166;-16.43518693;-71.65829244;-1943799.809;2824026.813;NA;False; ; ;0; ; ; ; ; ; 
TRACK;1.23.45-166;-16.43547511;-71.65911808;-1943823.287;2823929.544;NA;False; ; ;0; ; ; ; ; ; 
TRACK;1.23.45-166;-16.43605857;-71.65893936;-1943894.011;2823942.212;NA;False; ; ;0; ; ; ; ; ; 
TRACK;1.23.45-166;-16.43573939;-71.65806227;-1943867.54;2824045.712;NA;False; ; ;0; ; ; ; ; ; 
TRACK;1.23.45-167; ; ;-1.516416327;20763369.87;NA; ; ; ; ; ; ; ; ; ; 
TRACK;1.23.45-167;-16.43480923;-71.65733895;-1943767.426;2824139.729;NA;False; ; ;0; ; ; ; ; ; 
TRACK;1.23.45-167;-16.43515079;-71.65821438;-1943796.545;2824036.125;NA;False; ; ;0; ; ; ; ; ; 
TRACK;1.23.45-167;-16.4356828;-71.65795393;-1943862.256;2824058.719;NA;False; ; ;0; ; ; ; ; ; 
TRACK;1.23.45-167;-16.43536958;-71.65712731;-1943835.851;2824156.427;NA;False; ; ;0; ; ; ; ; ; 
TRACK;1.23.45-168; ; ;-1.516416327;20763369.87;NA; ; ; ; ; ; ; ; ; ; 
TRACK;1.23.45-168;-16.43456305;-71.6585669;-1943723.14;2824003.824;NA;False; ; ;0; ; ; ; ; ; 
TRACK;1.23.45-168;-16.43487298;-71.65938306;-1943749.291;2823907.345;NA;False; ; ;0; ; ; ; ; ; 
TRACK;1.23.45-168;-16.43542226;-71.65915493;-1943816.622;2823926.055;NA;False; ; ;0; ; ; ; ; ; 
TRACK;1.23.45-168;-16.43511445;-71.65831961;-1943790.961;2824024.677;NA;False; ; ;0; ; ; ; ; ; 
TRACK;1.23.45-169; ; ;-1.516416327;20763369.87;NA; ; ; ; ; ; ; ; ; ; 
TRACK;1.23.45-169;-16.43421495;-71.6576011;-1943694.385;2824117.75;NA;False; ; ;0; ; ; ; ; ; 
TRACK;1.23.45-169;-16.43451595;-71.65845655;-1943718.994;2824016.937;NA;False; ; ;0; ; ; ; ; ; 
TRACK;1.23.45-169;-16.43508055;-71.65825023;-1943787.851;2824032.976;NA;False; ; ;0; ; ; ; ; ; 
TRACK;1.23.45-169;-16.43474918;-71.65737781;-1943759.89;2824136.107;NA;False; ; ;0; ; ; ; ; ; 
TRACK;1.23.45-170; ; ;-1.516416327;20763369.87;NA; ; ; ; ; ; ; ; ; ; 
TRACK;1.23.45-170;-16.43423248;-71.65963237;-1943670.986;2823887.421;NA;False; ; ;0; ; ; ; ; ; 
TRACK;1.23.45-170;-16.4348153;-71.65942663;-1943741.974;2823903.159;NA;False; ; ;0; ; ; ; ; ; 
TRACK;1.23.45-170;-16.43448925;-71.65858628;-1943714.235;2824002.587;NA;False; ; ;0; ; ; ; ; ; 
TRACK;1.23.45-170;-16.43393265;-71.6588015;-1943646.205;2823985.435;NA;False; ; ;0; ; ; ; ; ; 
TRACK;1.23.45-171; ; ;-1.516416327;20763369.87;NA; ; ; ; ; ; ; ; ; ; 
TRACK;1.23.45-171;-16.43358466;-71.65784868;-1943617.3;2824097.889;NA;False; ; ;0; ; ; ; ; ; 
TRACK;1.23.45-171;-16.43390375;-71.65871471;-1943643.901;2823995.641;NA;False; ; ;0; ; ; ; ; ; 
TRACK;1.23.45-171;-16.43444789;-71.65848274;-1943710.677;2824014.853;NA;False; ; ;0; ; ; ; ; ; 
TRACK;1.23.45-171;-16.43418273;-71.65767741;-1943689.646;2824109.524;NA;False; ; ;0; ; ; ; ; ; 
TRACK;1.23.45-172; ; ;-1.516416327;20763369.87;NA; ; ; ; ; ; ; ; ; ; 
TRACK;1.23.45-172;-16.4326228;-71.65748207;-1943508.994;2824151.909;NA;False; ; ;0; ; ; ; ; ; 
TRACK;1.23.45-172;-16.43226411;-71.65792336;-1943461.361;2824106.576;NA;False; ; ;0; ; ; ; ; ; 
TRACK;1.23.45-172;-16.43228403;-71.65826823;-1943459.377;2824067.251;NA;False; ; ;0; ; ; ; ; ; 
TRACK;1.23.45-172;-16.4333758;-71.65786992;-1943592.519;2824098.196;NA;False; ; ;0; ; ; ; ; ; 
TRACK;1.23.45-172;-16.43473021;-71.65726569;-1943759.069;2824149.054;NA;False; ; ;0; ; ; ; ; ; 
TRACK;1.23.45-172;-16.43385705;-71.65706054;-1943659.15;2824183.633;NA;False; ; ;0; ; ; ; ; ; 
TRACK;1.23.45-173; ; ;-1.516416327;20763369.87;NA; ; ; ; ; ; ; ; ; ; 
TRACK;1.23.45-173;-16.43334096;-71.65906212;-1943573.488;2823963.595;NA;False; ; ;0; ; ; ; ; ; 
TRACK;1.23.45-173;-16.43364278;-71.65990485;-1943598.355;2823864.212;NA;False; ; ;0; ; ; ; ; ; 
TRACK;1.23.45-173;-16.4341692;-71.65965394;-1943663.288;2823885.799;NA;False; ; ;0; ; ; ; ; ; 
TRACK;1.23.45-173;-16.43386697;-71.65885918;-1943637.773;2823979.754;NA;False; ; ;0; ; ; ; ; ; 
TRACK;1.23.45-174; ; ;-1.516416327;20763369.87;NA; ; ; ; ; ; ; ; ; ; 
TRACK;1.23.45-174;-16.43294548;-71.65808567;-1943539.304;2824079.343;NA;False; ; ;0; ; ; ; ; ; 
TRACK;1.23.45-174;-16.43326786;-71.6589723;-1943566.035;2823974.719;NA;False; ; ;0; ; ; ; ; ; 
TRACK;1.23.45-174;-16.43382303;-71.65875476;-1943633.925;2823992.153;NA;False; ; ;0; ; ; ; ; ; 
TRACK;1.23.45-174;-16.43355363;-71.65794163;-1943612.493;2824087.763;NA;False; ; ;0; ; ; ; ; ; 
TRACK;1.23.45-175; ; ;-1.516416327;20763369.87;NA; ; ; ; ; ; ; ; ; ; 
TRACK;1.23.45-175;-16.43263979;-71.65926024;-1943488.705;2823950.255;NA;False; ; ;0; ; ; ; ; ; 
TRACK;1.23.45-175;-16.43286782;-71.65987864;-1943507.721;2823877.242;NA;False; ; ;0; ; ; ; ; ; 
TRACK;1.23.45-175;-16.43270533;-71.65995539;-1943487.687;2823870.659;NA;False; ; ;0; ; ; ; ; ; 
TRACK;1.23.45-175;-16.43281414;-71.66021376;-1943497.221;2823839.977;NA;False; ; ;0; ; ; ; ; ; 
TRACK;1.23.45-175;-16.43301936;-71.6601569;-1943522.022;2823843.753;NA;False; ; ;0; ; ; ; ; ; 
TRACK;1.23.45-175;-16.43356145;-71.65994166;-1943588.348;2823861.098;NA;False; ; ;0; ; ; ; ; ; 
TRACK;1.23.45-175;-16.43324775;-71.65906066;-1943562.567;2823964.97;NA;False; ; ;0; ; ; ; ; ; 
TRACK;1.23.45-176; ; ;-1.516416327;20763369.87;NA; ; ; ; ; ; ; ; ; ; 
TRACK;1.23.45-176;-16.43288124;-71.65808695;-1943531.749;2824080.032;NA;False; ; ;0; ; ; ; ; ; 
TRACK;1.23.45-176;-16.4323158;-71.65831813;-1943462.481;2824061.186;NA;False; ; ;0; ; ; ; ; ; 
TRACK;1.23.45-176;-16.43265789;-71.65921094;-1943491.447;2823955.605;NA;False; ; ;0; ; ; ; ; ; 
TRACK;1.23.45-176;-16.43321956;-71.65899535;-1943560.076;2823972.735;NA;False; ; ;0; ; ; ; ; ; 
TRACK;1.23.45-177; ; ;-1.516416327;20763369.87;NA; ; ; ; ; ; ; ; ; ; 
TRACK;1.23.45-177;-16.43203934;-71.65962569;-1943413.647;2823916.654;NA;False; ; ;0; ; ; ; ; ; 
TRACK;1.23.45-177;-16.4321873;-71.65990747;-1943427.483;2823882.812;NA;False; ; ;0; ; ; ; ; ; 
TRACK;1.23.45-177;-16.43276416;-71.65970878;-1943497.682;2823897.83;NA;False; ; ;0; ; ; ; ; ; 
TRACK;1.23.45-177;-16.43260866;-71.65926125;-1943485.038;2823950.546;NA;False; ; ;0; ; ; ; ; ; 
