mean_branch_dispersal_velocity	weighted_branch_dispersal_velocity	branch_dispersal_velocity_variation_among_branches	original_diffusion_coefficient	weighted_diffusion_coefficient	diffusion_coefficient_variation_among_branches	isolation_by_distance_signal_rS	isolation_by_distance_signal_rP1	isolation_by_distance_signal_rP2
7.34963981711035	2.94138585699682	2.49314904918226	26.230078327196	11.6599521907229	10.3414405598363	0.378078433793495	0.365289034730479	0.314237065652284
6.9970499659693	3.40409628854578	1.69906030895959	17.5151467936932	13.7244851162343	7.69605045938692	0.398169339951886	0.485605553808636	0.409369155021825
8.26983471649933	3.40363006781393	2.14437591918182	21.4710081685547	14.2165301623905	8.7828589781294	0.421227513636494	0.404598521264174	0.359005080175828
8.10684729735625	3.32671807283299	2.84625332342068	26.1819015422494	13.6101571985698	8.02173766805084	0.397911149076537	0.508487250885674	0.433693173322638
6.4116443457176	3.4131528577577	1.70734180425895	16.6950940495755	14.2055124021825	7.6784897452155	0.393460998033148	0.374801667792297	0.329295749600447
8.30751453644003	3.20683304901037	2.35226742170901	19.439064304135	13.1516398721707	8.55595590365732	0.398962903037703	0.485157679589644	0.411068856210262
7.29750996531808	3.36786632532726	1.67644962734918	16.0675765614569	13.9099044140807	7.10352179175726	0.397494968117219	0.510234280831332	0.434498433166469
7.46310120877557	3.21158367407898	1.83082545180303	21.1722287209065	13.2224378740838	7.86874852669879	0.386035754052024	0.334177240411073	0.290229192783083
8.70506797054652	3.2487274797575	2.70160108804149	15.5941103552637	12.9557523243715	5.98879959230326	0.398158276794239	0.449648924765093	0.383937468288947
6.41312746382572	3.11566402890228	1.81015429199565	15.9690518400257	12.8365432578276	6.804384889063	0.385962896995834	0.504590217685504	0.424290691777743
6.94247999569895	3.17524801038345	1.91383881546952	18.9109257912673	13.063089364725	7.64097167956788	0.401377213296648	0.45655355027912	0.390269566049027
7.48060563370444	3.20679778829357	2.48665715641703	17.3985216400144	12.7223487846651	6.94388076693051	0.389590110505786	0.496877476991586	0.425903037698124
7.35583777908915	3.56346810902101	1.6932581020856	19.4273191450143	14.6880872810448	7.86357238749013	0.403442008835604	0.416965636044588	0.365188719370465
8.37397661772846	3.59403244204319	2.11295219377011	21.6598878344433	14.6363539628042	8.14957519519187	0.405542392608015	0.459060702504869	0.393967377850198
7.88481854447069	3.25333078033203	1.80068854078909	21.1546643372871	13.4166701149097	7.81041413217248	0.401401811756231	0.403130877968565	0.346250436777813
6.6255595662261	3.35341615143684	1.99664327694448	19.347100857332	13.6262092228892	7.7083120660022	0.4057518879506	0.365105165778077	0.322667505274434
14.4904129782135	3.48917782182154	4.97178277252758	25.5492126653202	14.5141082188756	7.64339646113956	0.397564270820587	0.462444345653077	0.394948341462546
7.60078981438434	3.41971037943074	2.13084423510019	18.6393015849113	14.4023398639226	7.11355936674794	0.388312456859374	0.398506044388159	0.348765564916184
7.17031924593596	3.2039034815928	2.10682288432304	19.2750527722907	12.4229472599331	7.64003663437717	0.407526093461829	0.492181686228159	0.42086639785264
7.1370341734435	3.249996919474	1.97752375169716	21.4682443905997	13.5118111953707	7.55109615509557	0.396994345084582	0.402392249222241	0.349609120797919
7.4406499607134	3.19037436568439	2.20442204604047	18.090083559335	12.9085754037255	7.96832872505149	0.404167288923678	0.421063514937442	0.360571940726026
13.0841870301819	3.45386865368072	7.36946226974352	21.5010960921771	13.6863034175149	9.37377166533394	0.397732947411097	0.443141273779733	0.384917495579069
8.23613606912087	3.08493837091157	2.66049712383076	15.6976584140643	12.4301946246259	6.5984624590471	0.402502311109632	0.43137227584178	0.373985704115359
6.96764305216629	3.28496070243088	1.70531819547086	15.0368432641634	12.9359238431578	6.83721776765924	0.39292114117802	0.455863057485806	0.385061668126704
6.89073540986809	3.19487034839295	1.64170847475641	17.393613729381	12.8147810110683	7.16442598567559	0.40835903773597	0.44235048934271	0.379399530725898
7.35583157144052	3.3774901273989	1.7481074238066	19.0735141831598	13.3642228541445	8.02785959727899	0.420885665479066	0.434934359399296	0.381905077431019
7.45959526920025	3.33753056830234	1.9367169009081	23.9008549482938	13.7547676561425	8.86831229294553	0.384743811063992	0.424785050019652	0.363057150952111
6.75780608326003	3.32392971167201	1.85065990341367	21.1756451946438	14.1097849421381	7.90930878169471	0.391799762632427	0.391469416382514	0.335112541427458
6.69044122109944	2.71075948840532	2.40935173152543	17.4967199946945	11.7013462814496	6.5314312910514	0.417783786043133	0.458621127380584	0.39572231179346
7.56179955018929	3.44769349891661	1.83834396678269	16.0894651259717	14.1874397371046	6.25737667964736	0.399766050978327	0.414456355955038	0.36410885583115
7.21989754533942	3.39088160112881	1.55329516875988	14.9572589835646	13.4709850284821	6.83472727642045	0.398990406588087	0.443272733714902	0.378558905400108
7.79248404836656	3.59415765434842	1.67061243807336	16.3134364230433	14.162961495019	6.13149043779252	0.385792938036593	0.455740734278519	0.385883419900639
8.0029817581391	3.2083412592589	1.88792890627282	19.0455138708756	13.5023257962172	7.35045679010992	0.391089547831962	0.435813240627893	0.369344661129361
7.07455139399891	3.24294517011947	1.91674801527228	19.42808742897	13.4759181560095	7.71983268932653	0.413911564827696	0.491770152721454	0.42426114615609
5.66321298443619	3.04856622227036	1.79156217348359	16.5046703696581	13.2415721518307	7.14001842248306	0.41886606225741	0.442331838306575	0.383497583658402
7.63567925014039	3.45932199199779	1.69235771457947	16.5983878754226	13.9222488573694	6.38400102596332	0.396910061426005	0.509281889587695	0.436321972278436
6.81141528591018	3.10479924290955	2.01850446581777	16.8576152495109	13.0636013937275	6.39453717707443	0.401070026855154	0.427432547100035	0.368770644342509
9.17959810094465	3.41376533912554	2.82462528424143	28.9412880361301	13.9680882250966	7.49863867482442	0.408840242210626	0.394940863001129	0.34273004338886
7.06918898055905	3.13043654576267	2.1878056236216	24.9302571168414	13.6536711445643	8.91274891720751	0.401075917333713	0.526552961169719	0.441097016353597
8.76063787099656	3.12194363465885	2.54249932677738	19.3568840978812	12.4588320823979	7.47245053264599	0.383719205871171	0.474206024861207	0.400227582844462
6.52838242272097	3.08622656357381	2.09512022812485	20.0289838186814	12.9445775456106	8.26852438023471	0.401775438077936	0.489099273288877	0.420543984191045
11.9243860749864	3.25503191131551	3.83864767992813	17.8320009985941	13.5038825144946	7.35992788123174	0.400183234087562	0.407838439377851	0.351083622371744
7.57635618373113	2.99136732742032	2.17612772021524	16.671580614758	12.2310563707163	6.87197638721725	0.399915923008355	0.48149476474292	0.403168445910537
8.50012188477764	3.60773326784302	1.92046959657547	24.2129810079855	14.5927386376155	8.23044423464199	0.392716191919109	0.472630693426937	0.408858241779222
7.4712989119763	3.20151181455794	2.18714880309798	24.9215356835843	12.5066736330607	9.59821275945538	0.401899962351703	0.430855587757264	0.369186541026678
7.27734821892575	3.43334946414199	1.86007715383642	17.6674117637962	14.1136298266731	7.15771794838555	0.414154943121645	0.460787149887522	0.397677224881047
6.87462052568639	3.15249687358368	2.39179614055064	15.46343858161	12.599172242577	7.76062065626692	0.395347318928424	0.383759420805103	0.33489317099584
7.66564780773626	3.20571775487536	2.09200078706571	19.5681488165323	12.8785364047805	7.88384275508393	0.393022740706004	0.454317712172456	0.38775317489479
6.96709906774622	3.14306723023153	1.73702328368175	17.4225581499446	12.7998974653998	7.39530831809672	0.410244209139136	0.473770865587885	0.404087868571962
8.56337218205825	3.63145455023787	2.07912018352616	16.8683556655114	14.5086777070778	6.55941935897473	0.413989229976043	0.459273167689675	0.399446143340963
9.51118413423556	3.30473168062116	2.80881412299069	24.3431799980193	13.5848114741336	8.55304558344371	0.380981187719627	0.375122197958617	0.325320147712584
6.98160861909335	3.38340216509402	1.65505216882425	16.0490757492945	13.896536495617	6.7673169347667	0.398602910169358	0.45234832383096	0.385248417404512
7.85171224901519	3.23541048610817	1.78161483012078	19.7654005166776	13.4976894934069	7.58739645083154	0.389634516174168	0.402219670465648	0.343896014027133
8.42474282657629	3.35485932312632	1.92502962426863	21.6706758986337	14.4206338790774	6.84474201592187	0.407215586123248	0.411485263061012	0.360123322017831
7.6286991133582	3.25940861241519	1.8797017493039	20.8191624540614	13.2567084433631	7.40022481997809	0.403450438306787	0.456381538056824	0.390947227953261
7.46161242076891	3.37154976552152	1.54898708072669	14.6412317869184	14.078065793251	5.73343915811704	0.396188550279311	0.393956059465324	0.343353579545361
7.32459167284589	3.32364721622924	1.75366554528936	19.4116545132953	13.7238023022616	7.46850100603197	0.41084178404716	0.460853303473988	0.396826449438449
8.68296035599457	3.23068769266373	2.34692010457372	17.9773047183606	13.5397950795428	6.49618396062036	0.393088223085675	0.453061261966001	0.386835019842106
8.88802944116198	3.65985624360349	2.26206506095746	21.8972862417542	15.1997605067232	7.19485588644985	0.393804017334917	0.465297899559775	0.398035760648315
7.52356394411484	3.36577591206003	1.74474878718881	20.1388456834827	13.9723615102536	7.85398494081288	0.393336963794383	0.447501361156181	0.387830622378039
8.013011454341	3.55995682487794	1.56928908696296	18.0111227955767	14.1556786487031	6.85086571081217	0.38852797648797	0.366262914560063	0.316980651966679
8.20254548694738	3.61452667393778	1.69264759238272	17.4308836482951	14.4016763808791	6.00559634161991	0.386061846871888	0.461018939097831	0.393572442751818
6.60078558782867	3.1747652280543	1.70576850452547	13.8651876706707	12.8089655822183	6.439837657085	0.389105361394025	0.431447862487154	0.371613646622001
7.56537685543716	3.09601363690802	2.16732163147579	23.2577281338614	12.9033406915486	8.56097214232131	0.420509006712073	0.378202527008503	0.33401779973692
7.68994424658379	3.66491409414546	1.61063326904107	19.1886976192163	15.050694009045	7.15946320273351	0.408115415707294	0.466592451145341	0.402751904893231
7.21164021891349	3.31979267279013	1.55185283600948	16.705576366421	12.9844935411553	7.1543469146363	0.413394503236682	0.426478547974544	0.368678652800624
7.50039312496725	3.63558745224332	1.55688830598553	18.2748436679998	14.8412755724399	6.47220710937933	0.386026046757978	0.468658878875924	0.396841888392873
7.96475004488616	3.53020345321196	1.7251516907712	19.6511219223924	14.5693940056359	7.68060774427186	0.405321817361333	0.486508151113794	0.417345957952738
7.73081302800924	3.63264086798463	1.76497718105024	21.5751258544798	14.6739095509992	8.31386629303322	0.402355905001906	0.422577003568786	0.364995310781819
8.56844105743721	3.20753010065275	2.31813698878772	19.3265396827195	13.2701486409798	7.30799372662618	0.38693031712666	0.386598916910614	0.339095265224545
8.08605434684485	3.54833646515178	2.02031934388448	23.6314766811228	15.079909448774	7.81502741747718	0.404706641374385	0.448603406212135	0.38618855965529
8.19060981951357	3.44180682265665	2.25374664608589	19.19783573578	13.8916836987676	6.23042005380753	0.399137244229247	0.519713251656732	0.441990717614537
7.23694642585965	3.21436345118128	1.69102093100213	16.1350667366219	12.8015001051062	7.2831429808105	0.380660221082254	0.47001011092997	0.396703729387172
6.78437514924072	3.10999314882712	1.95789869458249	16.5469014231444	13.2452425779605	7.3403750249771	0.395291992749865	0.494208743559952	0.41890733450658
8.0886661090787	3.54149216101018	1.9078262865037	19.118041994752	14.365229463083	6.74523243533206	0.408172910325629	0.444219208090636	0.388550702188028
7.86968847751961	3.20242823087021	2.08434282034154	18.4293568586171	13.4642214591594	7.10071219657975	0.383711743595747	0.385770915589218	0.334407082550327
8.89234651120275	3.68121891358773	2.14762505662782	25.2747596769994	15.2680934569909	7.02616030504996	0.409152531292176	0.451652042879815	0.398837278522996
7.2918396059604	3.15076427570486	1.8238460182661	19.4463925300522	13.4523545484169	6.80178899732693	0.400487606435741	0.462849434557965	0.393724112793409
7.94839699167271	3.32127604159796	2.03916015981875	15.9842732076381	12.9601352742498	5.77373246028203	0.398748178034262	0.4351125254491	0.373372208330705
6.49066462558544	3.24715413635124	2.01881872181325	21.5173575430854	13.6406949787987	8.31983585082192	0.406193861158965	0.43998845963201	0.382227903303199
6.64074495707561	3.19064497327652	1.87003672334135	20.1737492754571	13.650894971188	8.08292055051719	0.397497740460078	0.44802458656465	0.382773024706687
7.96717215833112	3.58488022531445	1.84019407803013	21.1308188623169	14.4979548184067	7.58040311814017	0.40072813921846	0.418838849062782	0.3685774403769
8.04097770864246	3.44331229854087	2.41697543391157	16.7556573107333	13.3000820309994	5.7780613711202	0.392855655180774	0.470297924701626	0.401282041999568
6.93363618240151	3.37630126375615	2.07860474349307	17.3473582326174	14.2927985000341	6.89141895752935	0.397976937639282	0.424512847014341	0.37121503374358
8.30838752012559	3.67504381234703	2.06612118764388	21.0306735078111	14.8700788610502	6.44577800381458	0.391833768371323	0.457381474646252	0.389255280419861
6.88581929211275	3.20781874140484	1.80387156370357	17.4571974535085	13.4734684082422	6.42767855441697	0.396179566462364	0.433140847789898	0.371551405389919
6.9548948314291	3.24869950795957	1.68031507831623	15.7183250574413	13.4162340070223	6.78851275763025	0.408763033523159	0.390507306324255	0.34458219321344
8.71462762292904	3.80441595627957	1.75258416096113	20.3515305271716	14.9538508037086	6.96012686940173	0.398283637931472	0.454591135946669	0.391249613534489
7.05360656038448	3.20557693101501	1.74403656263026	18.8980805278118	12.8694632535666	7.63943740437549	0.390647213592928	0.437962420693864	0.373198042433681
7.93247124893038	3.40801614112395	1.95056098149052	23.4875503152182	14.0655525946393	8.11505154883644	0.398511881259641	0.432567485898089	0.374699665514209
7.7512246043398	3.28270524011371	1.71905158269295	21.7009203032588	13.3453947568063	7.66882981022775	0.407849864272242	0.449572530003601	0.379963087266038
8.03866099113571	3.40232696076665	2.06473187209018	20.741900310054	13.6649790759538	7.58616637144793	0.382620934629039	0.443120795909337	0.376072307603341
9.42512545336097	3.68908130566342	2.03544110762135	23.5472159830092	14.0551556976868	7.167513389466	0.40701142845437	0.500563946836177	0.425121876817217
8.29300358125641	3.39785679784652	2.18790529567247	24.3564608521016	14.0859077665145	8.71883142537876	0.407280160836682	0.430681081407306	0.370261783035403
9.36145345953872	3.60553692194524	2.74558848896601	19.4183260913361	15.1775812821101	7.06039519750607	0.393075132988241	0.45059962388601	0.385669835698915
6.31651439998694	3.0807513613085	1.96232646127365	17.0979264153306	12.4267645807523	6.81124749091791	0.401253511364458	0.422798498139197	0.367189370551624
6.99180471557712	3.36215090005361	1.72714394294011	15.8468792780956	14.2536499532353	6.77420453132402	0.394774972962838	0.43533122102585	0.378285916525922
10.8451423401232	3.55262560279908	4.63220532790967	17.1074063578765	14.5241437417729	7.31877723846238	0.38493780704288	0.421393971353203	0.361564333834506
7.66022932709351	3.49738134857821	2.0734731917233	15.6373495043347	13.9349417061124	6.21226231496526	0.410329291844346	0.51636381114145	0.441274394760039
9.13366876965615	3.79772767851832	2.80244031863833	20.8082639734462	15.8239695585861	7.33629982564086	0.402787823605818	0.455276604477214	0.394702386632297
7.88311146248764	3.36221168406129	1.74649734132504	19.9241946005965	13.4358879729569	7.79099348102255	0.402102232751659	0.44306470726219	0.376011496262925
7.66366467433749	3.48662640275004	1.80697054066615	19.473227204939	13.5589161744889	8.00547799350414	0.398107617221963	0.449509966892001	0.381158560378427
7.64081664803637	3.66150731369862	1.80782391565212	19.5086292259251	15.3548364191904	7.47996014172056	0.402748230166968	0.431936055158654	0.376089351780058
7.06962645184112	3.07539255754559	2.17500755393162	16.4564174258529	12.4754863104911	7.20201100802189	0.392874598062241	0.442230005726203	0.375854132414507
6.55828290101899	3.26748055672562	1.70246176192761	17.1112972812447	14.3527446955242	7.92348876373039	0.390946173725263	0.470498363533222	0.402590035385505
6.38401955588306	3.09704789445851	1.69646779955285	16.8100546100189	12.5803144261833	7.0742175413016	0.394960413260222	0.444281692196908	0.381958739402162
8.56381774488217	3.15343538927215	2.64577607688522	30.4321635446172	13.2158456804327	8.14233180955342	0.395223243020723	0.45771535484359	0.38649817050642
8.04750808976423	3.52187509063366	2.09630488096408	21.5312912626382	14.5423985156235	8.71742309221707	0.393974599969866	0.480932788734454	0.412647450438558
6.87884919675878	2.95406505477319	2.13493823557049	22.1305744824713	12.0777115083698	8.15494115564736	0.401417367754574	0.485607639213142	0.405896964449882
8.4169955088559	3.3787165947051	1.9446145777214	17.7275309220739	13.399730489114	6.70307550320233	0.399246364005062	0.437046608163655	0.372449013200471
7.70340055217406	3.26423542957713	2.37710905972694	26.7706818103935	13.4459401871676	9.16171610537387	0.400857941668571	0.382655429423188	0.333266084423866
7.50155749854224	3.43151783973261	1.93332930015366	15.5195310781892	13.7551841366702	6.99520816165918	0.403305320743619	0.439752787160153	0.377360126058243
7.86460763579565	3.30775947493971	1.78347557746834	15.8501437974576	13.1273876371623	6.82706618387313	0.404526325437378	0.444533695537619	0.384003078684655
7.07262346397038	3.34220355165073	1.86192968774655	16.6789753193035	13.1226455316784	7.07998984961312	0.378334759268587	0.490738462331266	0.411015136051917
8.32839361993856	3.3003123260801	2.05253094574502	18.4912389611855	13.3591822043065	6.8800093775083	0.409546813405614	0.488119685090104	0.415484421030063
8.38322324112002	3.15590629282032	2.1200722391911	23.3164261337019	13.3003974432427	7.46240022336552	0.416122274572904	0.412468023127406	0.354274188084838
7.16335946849247	3.18474659519478	1.83901184820736	17.1946641759311	13.5751073238956	7.08394848250594	0.398142441734124	0.405084937881024	0.34759197873357
7.24953533009395	3.07714921632897	2.14179963347517	21.0513929485316	12.9840578687272	8.15018718521773	0.401343879267214	0.405584156816766	0.351944872977235
7.06955313168293	3.304969102828	1.67209681234468	16.8138470787963	13.5558264447091	5.90229365418113	0.398193196288257	0.373001730857395	0.325234694956744
8.67556915152998	3.07903767437464	2.98781183538467	20.4157479846813	12.8828454584745	7.52113494252832	0.408390277926225	0.369801646714173	0.323277432306408
7.57404069441457	2.92612029070733	1.92508269738473	15.5060527809131	11.656758151531	7.18399403218294	0.40686382200059	0.418578320563956	0.360251971521134
6.98567149734375	3.15475067182403	1.80825678189131	15.0113204201266	12.6054595292521	6.54674711817298	0.414127290676317	0.435850026147278	0.374963103946404
7.64444417180151	3.24879859281437	1.93628846623467	21.3633169751066	13.0201262175878	7.7996621507213	0.396350410723413	0.43243500101757	0.366611128918608
6.96720378359574	3.44282761797671	2.55767876725201	16.1894525386649	13.6611898508515	7.49819542741475	0.403163601527025	0.477186137708936	0.409377148060339
6.8040284019772	3.1328741218778	1.85644717978824	19.6695165623811	13.2312154715587	8.20366247694827	0.40137059268134	0.419307263965446	0.358732794523528
8.58105682074005	3.33587441881331	3.02832445160174	19.2728163299988	14.0977041033501	6.73645699239285	0.407994270297585	0.524939168695926	0.441772299754104
7.00473395156092	3.16345985197959	1.64149828227923	17.3006212426802	12.9117816642434	7.04631750291891	0.414503435027669	0.428148295750029	0.36929534062978
9.15742799954895	3.22182796668996	3.22004037420757	20.8582368413353	13.411329477185	7.29155907305038	0.398848819498702	0.445937619468926	0.383185804166537
7.69119454567724	3.15219003805426	2.04018971989818	19.250058081143	12.519540488353	7.22056660661891	0.405872779496316	0.39406312322161	0.350506759487589
8.26177421006	3.33483975612435	2.0607013526942	22.3165091741257	13.6405959405672	8.11754266061578	0.41003021667501	0.467091039396342	0.399800714699285
7.46429024693468	3.61985873391652	1.9356284489515	24.3714337092129	14.9605825309438	8.2912995013739	0.405679585036744	0.508730603650122	0.433852052950842
6.85229661055787	3.41030792470952	1.71226547236349	18.0384306612436	14.3407306531846	7.10706709583179	0.399503068829286	0.395369713369225	0.342748013354743
7.78174183020958	3.54614612453013	1.80878709694708	20.2972221527597	14.232427981842	6.81776235243302	0.390480672119126	0.523036764572621	0.441117336715018
8.02928755493039	3.13604787118632	2.08575244647169	17.2939068356071	12.6471399617206	6.8321626475368	0.421235309173269	0.466356982443157	0.401585431449616
7.40314023428614	3.21414382790569	1.94715700068556	21.7673844474745	13.343742678595	7.53806993112571	0.407602627082404	0.412583498628868	0.355427726701616
10.1777699880581	3.42994421886731	2.84939134196144	25.1538676953694	13.9389432588823	7.57224760835237	0.388614642673031	0.467892094756069	0.395039751607574
8.5678107138608	3.44922862216619	2.08973677504823	20.7515853652567	13.9785461560494	7.48723740792922	0.387020501501264	0.472315555293456	0.408794250263434
9.29531086266324	3.55839287651347	1.68002618073536	20.2591420277417	14.6095639677037	7.28624873803045	0.394185716800333	0.493478370165655	0.416529594708332
11.988130344127	3.63975196217956	3.42187763038702	21.5389204063985	15.0517823229477	5.98648569913584	0.402393019304245	0.430506645984997	0.373209040048006
6.04315642092411	2.8766957127119	1.85156461771773	18.1959515778016	11.9677163031101	8.14746358823923	0.393448824219445	0.459756506341303	0.389416393203882
7.3884341919919	3.58509921241751	1.9993792212152	18.290603185995	14.6250313356928	7.68539443561328	0.391043055305862	0.481220700838203	0.412915406489474
9.30861945814131	3.37227119915042	1.89039569082147	17.5475228991721	13.1646786411292	6.03384679980967	0.384249907177737	0.400527511407795	0.342702298292555
7.66959556143646	3.58067507902979	1.76552579341293	17.4351298471925	14.0019543175755	6.93361224884458	0.396057865229309	0.361750510281093	0.31741913220266
8.51093864325831	3.39112206687547	2.18445475508237	23.0261083627253	13.9101797372926	7.42296846802321	0.39409265863022	0.537718665985887	0.451912287850262
7.59294304273747	3.44884572519525	1.89433880000506	20.2283855033925	14.1827131294658	7.35981988799297	0.392307847618627	0.466331641238914	0.399172249009036
8.35493093542199	3.16442345720147	2.08036571389375	23.8598041430934	13.0081542743147	8.7114824109311	0.388210856348269	0.486722348613414	0.411684657133904
8.47399456906304	3.44138330811248	2.70924597092256	20.5859150682146	13.5324634006131	7.70341285261776	0.384134752887708	0.471855076494833	0.403753800457993
7.72177089350418	3.51131928769432	1.95978061117786	18.7865903739608	14.6656666618148	7.09917619990061	0.39623674066319	0.438022195453512	0.376366112836279
7.73065531758597	3.47621834680879	1.85205500330402	22.6988817384335	14.1466461176738	7.76571497498168	0.389305381057855	0.414322286532037	0.357717884608055
8.28111445969389	3.37291087881635	1.78442121447877	19.0532029991212	14.1644409900581	6.3873185285221	0.40733317323928	0.480689605607949	0.409510220515625
8.68580600300464	3.56563388217678	1.94686847701527	26.1586757631308	14.6922395359542	8.4584519733593	0.387196504883652	0.516578226490569	0.436144689719266
7.92250889943736	3.42826398627842	1.91625132676834	18.7313176367494	13.6872926693323	8.18816602093467	0.4064740119992	0.436328727999048	0.37790998718623
9.49847549637603	3.44561279259174	3.70234171699219	23.1537594274761	13.4394244635529	7.94466696076806	0.396973445966989	0.428899751472342	0.370864360281334
8.09901980385432	3.36243854273776	2.28257137828358	18.8807809630323	13.4538511830252	7.48205098537876	0.403737233018166	0.398665057400021	0.353025988517587
7.8766181117865	3.599358311027	1.70268627304609	19.7863111974947	15.0909408008562	6.72080560960676	0.385674015762175	0.519077729662262	0.437195293965305
7.35214101142682	3.6312479817887	1.79104284342572	19.6224435169129	15.0427447682505	7.54292536681875	0.399429139922169	0.382419784323974	0.339510490347236
7.89970425073441	3.43596682249683	1.89398984061299	22.4548391082442	13.9032691483025	7.68633242490862	0.382390390168335	0.454246767279401	0.385189596942172
8.51001210676032	3.37138769373733	2.27166854306343	21.420578104331	13.9182369937063	7.95344119856996	0.402235403635298	0.419213373633724	0.364302707400998
7.83007382839133	3.53231253620971	1.87318531140657	20.6830471242505	15.2424370277478	6.11155905778612	0.378208554778234	0.447803523582269	0.37988155870405
7.80992087238027	3.43940602280003	2.13613271514006	25.9340383913537	14.1455014954206	8.40837322149318	0.40223096749659	0.461773138570307	0.398833986763989
9.42703378560122	3.81268039813357	3.74387970810883	21.4628958879526	15.8369972995629	7.43643668043885	0.391131279990717	0.416592372062292	0.36185600858488
8.30388808058715	3.6142797822826	2.02088826719025	21.0257907896484	14.6122904378593	7.97747457193166	0.400564385128243	0.437437270671218	0.379737348048233
8.71683638652768	3.11015009712396	2.03761882830936	18.7641408948626	13.1417038871156	5.58017815400819	0.391495173555467	0.447856296753164	0.379937187067447
7.80869578390469	3.50525550237827	1.6845760271741	21.1611238597996	14.6581341979187	7.58126718631515	0.388617370180028	0.395744654922674	0.344503903639813
8.49642022518342	3.79512063882034	2.19694072485701	19.7497819598208	15.7036136813011	6.55781010361977	0.39300994102331	0.460174122939737	0.39636118003658
7.59370320355891	3.47795890084277	1.74448132072397	19.3417722990892	14.1320971836663	7.69641507642189	0.390502916667822	0.459149083530695	0.391717851745699
7.7421227146799	3.30133794696081	1.97343767399686	18.5960407223858	13.936336319461	5.97173368342559	0.383014085432092	0.385872635311805	0.335953302217778
8.04408613579359	3.33998475230364	2.62579042674795	18.5348255217969	13.7418229825171	7.4143223033027	0.390670513680027	0.460487968899066	0.389621806574915
8.42175095678114	3.49295473038086	1.68856726327729	18.7719050148889	13.9905648573511	7.13470131477585	0.390921465353617	0.477421541012813	0.399816160773626
7.4595087136709	3.46322496936007	1.83473495418417	19.1722413266873	14.2793212163407	7.73792001583168	0.400627582760479	0.487926114008744	0.422788212108709
7.28594205522685	3.11525196186303	2.21971304463145	18.9726674640608	13.2921445981171	7.14244067210733	0.399102766092931	0.449851204839778	0.38206435278481
7.5425420338291	3.24197755643044	2.1492988202573	15.3831567383823	12.8276011954923	6.40762018300669	0.397873585218308	0.446767972430735	0.380435479508148
8.764038903886	3.16757849480081	2.567488350755	20.7973011290782	13.2106715535579	7.26088638604538	0.405254489350246	0.468786013485822	0.398648018022462
8.67414979396455	3.70407152656165	1.77373369959456	19.0629213455987	14.9518485585753	7.1870717230213	0.403863496329182	0.428266473009886	0.37376962634549
7.74157005808285	3.33891533253639	2.03965744464604	18.89682220955	13.6807262975725	7.38135297871912	0.393520836029607	0.446860469387363	0.38325069982688
8.47003472250904	3.42093697904177	2.598928569038	19.5731447071827	14.0326741440879	7.26319654931486	0.390869126043499	0.401974396717843	0.350678690068476
7.16392391650821	3.31278665262302	1.9141895847573	21.5057949730011	13.7044410560055	8.39108018406553	0.402204705539049	0.484084310690406	0.412096556242752
7.71329298732487	3.21094332299185	2.05332234701312	20.0493670798549	12.4613563357863	7.37930933814243	0.399770356491874	0.476262211824571	0.402840014922832
7.70139199942871	3.29968175440826	1.87125287440152	18.4176695246693	13.2315401299898	7.15544222826481	0.395856846389656	0.431710537332833	0.370424466119811
8.40867757940347	3.4164723517459	1.94504728699507	19.0952291449095	13.8436041770908	5.75066343822446	0.417786967338734	0.390737411549862	0.346240967611753
8.32758766423751	3.75078100453991	1.96533882152907	18.7712703181555	14.7696969945821	7.22935548312779	0.39300704111595	0.367682031616803	0.326425581909347
7.59617238574238	3.49617152525765	2.43972689975845	18.6911224650667	13.9589279287598	6.93575442725147	0.397985906251125	0.413339200906857	0.360503957454309
6.65628391831688	3.24071285313971	1.40065989093333	14.8210284084824	13.3105059856467	6.90399689536536	0.398609805388411	0.40015207810569	0.348158687530447
11.1686794920641	3.17456084927099	7.20781264090739	15.7277654488799	12.8449830123076	7.00096039266654	0.381823022279908	0.41157738651563	0.352010167525228
9.42541372552857	3.20744742447044	3.35055740045282	19.3458532321495	13.2873239977464	6.48822610660555	0.400054989539517	0.454096435550426	0.387032920889136
7.54317002059543	3.33025390382133	2.10986913502118	18.6027915618052	13.7584126091029	7.01526041435312	0.401172506046842	0.458756457990149	0.393107276214964
7.45370706491852	3.28813194054557	1.85672352293091	19.3258106317552	13.5663882395316	7.37171184944874	0.390660403089447	0.478134162219977	0.404186727377396
7.14486181426442	3.22344760392565	1.78176833121705	19.7146705904008	13.6489009177702	7.82542744189431	0.407466019226327	0.457552791151884	0.392677066792124
8.42531891364169	3.09033615307402	2.02851179621884	24.387249169684	12.4999592263009	8.65111112243615	0.381674052356898	0.362581119711363	0.310498364856595
9.0571755747616	3.35769676466489	2.30682191486743	16.9569195543708	13.0533235280342	6.73306991041136	0.403682876450606	0.427621453355346	0.370881648120352
7.86846476424728	3.28736366804755	2.40572996051219	20.3864413940829	13.5465326561597	7.32327562173145	0.403434708269541	0.400581298682003	0.349925401565601
8.03468487993946	3.39620906318611	1.94168396839711	18.8882707922749	13.3491399685027	6.24907762049511	0.396912850656338	0.388731647546758	0.334629437709097
7.77742082823654	3.0681232683888	1.75032162547557	20.0402700781591	12.3404217376161	7.81756186567054	0.405619641945581	0.424176529882194	0.364174796473532
8.02101222130903	3.55426644233546	2.61193832169409	16.9572381267563	14.5859770634922	6.992755963495	0.390764862485715	0.42746212493472	0.371543819340682
6.48460241473779	3.1159418894413	1.67770295801066	16.5006807906153	12.3627710073783	7.84044375920891	0.381263311882013	0.387190964946322	0.329311073674504
10.1114358292032	3.15146927203594	2.83196512340028	20.6188512759292	12.1994531451556	6.8806273653959	0.40470102565116	0.435002022562237	0.372679282985451
7.98302394890493	3.33153450627874	2.23509634059539	18.9735593312864	13.7881515654863	7.61351194498819	0.394433874730404	0.407417324838646	0.350954157689422
8.30590139615174	3.50020119634293	1.90209560115192	21.8245577947453	13.9356579990395	8.01772968765888	0.387667436188697	0.348292267576735	0.306091196851566
7.08468046434829	3.30382283142532	1.64358931969426	15.0868157460564	12.1399817851694	5.5426246675851	0.392334123414513	0.437613589407761	0.37440265131867
9.50633621727653	3.2245354639825	2.44522419848419	19.5849368210904	13.216369219626	7.75353285197633	0.416780285027074	0.391201717538118	0.345723930171589
6.70239038045803	2.81289346866475	1.84970777758291	13.2922278785018	11.1116460092089	6.66496934856825	0.404351891681117	0.366624517388284	0.315562824956765
8.63556427601066	3.39105319999549	2.27489384279491	20.6488035377374	13.9649139148597	6.58005571787355	0.389293453301609	0.429422518991425	0.364793467899495
7.42872847805692	3.39948070239835	2.24978085465033	23.2441608290803	13.5820239469022	8.99110322503286	0.388382406339958	0.385798076551183	0.334123348948099
8.16217356736124	3.19362073511777	2.45343307281057	15.8548192039646	12.8172153982947	6.15178007587032	0.383967865855202	0.408903351426257	0.350411906544516
7.8008818017843	3.43005722332897	1.52521691453328	15.8169993207679	13.5452613704592	6.51741761555765	0.390905723694464	0.373033843522671	0.328131594223664
11.6717758657966	3.7737704578223	4.07747416220501	27.6553259047285	15.5063187684562	8.33406606340333	0.385290297144659	0.424495080990056	0.36550592559862
7.75547563334862	3.54293909483636	1.78457364200885	17.963827204213	14.4261596275346	7.50144373460189	0.381513773767889	0.450095217392343	0.385854624170697
9.08179966598981	3.12939364001692	4.02571833168369	18.5582136597651	13.3206144046269	6.39804639718435	0.400449345551843	0.467969649362857	0.398917015493705
7.73054312457019	3.16872919284527	2.24251969572754	25.390877947303	13.4076078295275	8.35880546881515	0.390787387643655	0.346071072547175	0.304840395088641
9.86629189281316	3.27255381044475	5.17402030414071	18.3051046922001	13.0795790004673	7.72501654711955	0.384791958057126	0.378707963899742	0.32679112000588
8.17482552850545	3.09143705812157	2.41529487091868	25.2390924326419	12.9238017474342	8.1047969466316	0.397504590493056	0.490492424721336	0.412737269293492
8.36458848065804	3.74909682632395	1.61734220268496	20.6859848786663	14.8227000444623	7.90170383393964	0.410404136640636	0.49628996186102	0.418176745978354
7.44483381885421	3.52918838815201	1.79625958053929	22.2875868663313	14.2897505370796	8.16600957267167	0.398889853180469	0.436975086261452	0.375800500361457
8.41077762168006	3.46142078201325	1.91690837528712	16.3872424648545	13.8917403626654	6.11624840567981	0.403552845448988	0.411750691345993	0.358552633407137
5.7491310331991	3.04347552013519	1.71923094484827	16.8160699775035	12.6962617177967	7.58494329905341	0.415570122946928	0.465269570793933	0.39843257009128
9.0924959017884	3.12846804057213	2.15445468685474	21.8133731013833	12.4847037010153	7.3847671355276	0.38777181278411	0.427076685726796	0.361444644986433
8.4301143830723	3.67382705990503	1.86026957554357	16.2125477140279	14.8595007311536	6.03071236213633	0.391642324298809	0.355803441500056	0.318668868705269
5.7880183599478	3.11958709951407	1.70477896880816	16.7655777781312	12.5011448802595	7.90269818283628	0.38669010525486	0.474498780300664	0.400753035694799
7.8510005016473	3.05100819260446	2.016553454209	15.8033834972681	12.0009994339249	5.52329536236	0.381057370135468	0.384674210163626	0.328975472525695
6.89491379211807	3.45217325275986	1.84745748292131	19.4158831528829	13.8613008963852	7.80425826769381	0.404434232041663	0.477579116731539	0.410731337177595
8.83860537772874	3.68467151234686	2.35702458835523	25.5731419900649	14.4253438610096	7.89208938490081	0.396334522318725	0.46471681356906	0.401013004209454
7.80604232386387	3.30657390263504	1.77147905626238	17.3296170204095	13.4158307030238	7.0137403217788	0.397664213596853	0.4353877061624	0.374375163662746
8.37393362548098	3.50862629407956	2.30971400228491	25.2835567715568	14.0972227313293	8.00524131702618	0.38425718736555	0.50114506927116	0.425806043288668
7.91881948383438	3.38975921699589	1.59973498819839	14.9736986298471	13.536534435799	6.25501021388471	0.402804106189216	0.530343678846467	0.448047313390604
10.7018700155161	3.71613626060747	2.52968340643535	18.0695212937559	14.5212783368539	5.58767965596788	0.408085720621533	0.467168980170041	0.399811417976785
7.4269668734652	3.33394958653553	1.8718942285774	17.2931287852494	13.075470625944	6.8992570611012	0.404907940314863	0.402633137398535	0.349107369678032
6.24463504132975	3.08364617950602	1.75715883062753	16.3032752811441	12.2248756324364	7.54179820438331	0.397656710067147	0.457391179873019	0.388708982656165
8.5999115425071	3.44847060350617	2.03424450272233	23.7991224412388	13.6959509989764	8.49856917431046	0.385968566219206	0.347704169731088	0.308909745043927
8.99607675098876	2.79363026428414	5.8429075561749	13.9629125535804	11.7034404449337	6.52608285115377	0.40492895196659	0.502295841895986	0.420102998878272
8.59354433457424	3.299381937343	1.62009108803594	19.0052978307069	12.8219140026132	6.66887005351955	0.390044292011323	0.336575810053799	0.294457765768944
7.03592516297408	3.59563285654703	1.71273719047173	19.8854247818493	14.3738672405801	7.78833257526747	0.41092054979808	0.470116779655653	0.411429054834116
6.72799597041164	3.44705659511746	1.78327969389614	19.9049814260572	13.8736081503142	8.11677849089834	0.409996629651268	0.428315179673295	0.371703263350504
7.91360033844176	3.47805542062742	1.91122690816938	15.4917079279812	14.3464318077378	6.89475211071775	0.396999112240448	0.410778264601306	0.354806786561758
7.00363160670621	3.7907055581278	1.4324324041086	17.5562815692493	15.4975317660897	7.07072262587142	0.380168139820455	0.397616406109191	0.346409388971783
8.0816086834123	3.40849359601196	1.88343326902023	17.5977290866239	13.6678443677528	6.46718411602071	0.391637053055224	0.464502077823787	0.39300524995862
7.18206506565352	3.34801816597214	2.03655794881391	16.8641649515281	13.75522935358	7.12789957968985	0.404114945965665	0.512680979607702	0.434578917103673
8.0465112364116	3.09008019161899	3.05704502762756	17.8989130378619	12.0874498646231	7.48135304362198	0.388052062335158	0.455246097858736	0.383679829538144
6.99562023312522	2.79298139778845	2.02740691473911	16.3754631458414	11.1491828636253	7.05038294402752	0.410156013443957	0.399706426808385	0.34344432339811
7.96030606251484	3.28974525804559	1.90229543714893	19.8313697268042	13.4062527765964	7.31393742349134	0.394789757233894	0.445500633475637	0.380843384471236
7.8940745461081	3.29685488771655	2.1510863855274	25.6967323312887	13.958902376583	8.7319465155008	0.381956148840843	0.440473915193763	0.371496287691427
7.2287138151155	3.34112954158192	1.86006536876563	16.8745148737087	13.5989347090643	6.6402907105496	0.395933493901345	0.345839846692435	0.305514223096075
10.4845770564441	3.77577925562231	2.22461434680072	18.4512254572373	15.1760927317104	6.47510920620096	0.404609101074633	0.43501180523317	0.381482184528934
7.23507176496123	3.35877549571748	1.73477529143463	15.8678453911334	14.3166712181758	7.75000663575162	0.410497188550377	0.459845815728112	0.400245650919704
7.77481009610326	3.62924830819513	1.81819753466086	20.6007713052275	14.6366657030089	8.27611734624719	0.402192572032512	0.407364984684081	0.358842907090308
6.984394978923	3.19873460532876	2.41845512893513	17.9109932475757	13.2506888838621	6.69271733396457	0.38972884735819	0.368956122096553	0.320758196367462
7.1115869116796	3.25682625697564	1.87543522414719	18.1297946948393	13.0321148117918	6.57690925484062	0.391112896347075	0.368227126758216	0.320817429432393
7.52023206097598	3.29467984906579	1.71943866925502	18.8059445018751	12.8010501283137	8.02433427613287	0.395583947710221	0.422585770885345	0.359734442859091
6.83554584982727	3.23770948106835	2.03088927256324	20.5823035503966	13.1758467379793	8.74457113736669	0.394121872937863	0.408101028047304	0.353319206760161
6.9445844339065	3.10007015442329	1.82682390936764	18.011187031177	12.7264622093743	7.36031737583873	0.404501925872442	0.462269680694971	0.394746064556814
7.47277955793555	3.23015334326374	1.83301096869023	19.1912882616828	13.2499458937373	6.91666661315272	0.410829339553404	0.448155294716464	0.382595224132436
6.85865846557878	2.9596833571042	2.31499880603715	17.8175329027472	12.0776155214206	7.01974922530109	0.404180686122955	0.462893707077033	0.396606903175082
8.93347031777923	3.36432659143999	2.89663151762256	22.0454138117084	14.1683222414687	7.84018910324495	0.401404736566715	0.39871004552878	0.346992200840138
6.63315963171107	2.97998925434729	1.88636328996624	17.0164736420426	12.0758157303891	7.74397012393259	0.39437444342336	0.513931441392076	0.429139151038288
7.62887938311986	3.46379191275086	2.22023474148414	18.8799005084386	14.1469611487954	8.53662788062272	0.399570631758988	0.445754265091093	0.38252461801686
7.24623880808937	3.1794991678005	1.93628638556055	17.6097899697601	13.0596984239137	6.53127873709818	0.402509691217328	0.496529121912583	0.421763305733398
11.5345097967954	3.54363496386995	5.24307757217045	23.3887737843322	14.6037909426564	7.06936439354873	0.401223493873595	0.523410153307001	0.441953134466248
7.52999100196206	3.2943797491825	2.56764783692608	21.8307720949869	13.7723448286978	8.5820654140675	0.407649020635466	0.419011083472699	0.365724600682689
8.4228416247037	3.40429657268187	2.12218898091385	18.0477167987226	13.634295036398	6.5647658262705	0.389059469807783	0.457446088816725	0.38828371319299
8.45991689720159	3.33635639559287	2.13633900963204	24.963049222275	13.0526285282189	8.64017303784709	0.395496520177271	0.440159447530509	0.374629456229393
7.56720092130348	3.73606214392343	1.57794494213424	17.5478603281302	15.3072243875256	6.53855788281816	0.410242287193376	0.425175942630366	0.371370398242512
8.08278549861743	3.38686112085093	2.56842119588459	16.9442632843098	12.7581946003286	5.71077403631518	0.387556219973119	0.374925535328274	0.322635005764264
7.54080054272474	3.32320249323365	1.62360446037908	18.3319358345146	13.0589221559623	7.4632539539897	0.397212528443438	0.568383835211485	0.471665375547452
8.1317338977217	3.56294588430561	1.68911937694508	20.2562148562167	14.4612395130017	7.60552837498942	0.398870377491335	0.35590449758278	0.315824028073859
8.32561244458385	3.0820129223	3.8186185127117	19.162138740608	12.939506148018	8.99154505493561	0.405726585511772	0.400415797531626	0.349879671466161
7.08102609595158	3.12952473447221	1.80033847078547	18.2833923361185	12.3050449551895	8.39137215580318	0.38554129567814	0.429368953899945	0.366147905898495
8.0636939072972	3.53765918897509	2.08629844143962	18.3022455512637	14.3682212555099	6.44793637523174	0.393908381160372	0.441848894911842	0.382474529245772
7.43325842112132	3.51454824045414	1.65620464523501	18.8764588180779	14.0614925895507	7.28454414520828	0.404251649735723	0.511459679081608	0.434658173191615
7.03365496346949	3.26114515431591	1.4856760055709	14.2400282189064	13.4569677409427	5.5490017236984	0.406896645548083	0.456920858599704	0.390878853643809
8.46935420365581	3.3016510457673	2.47502561559748	21.5417731581106	13.6736187542403	6.47881756954422	0.385657340302015	0.494675827407021	0.416729477908978
7.62567828768452	3.36546323102434	1.69494907670785	17.2491796111347	13.0196320226313	6.8145286391051	0.406639443508924	0.452026993353261	0.387078654443636
7.0767959646632	3.1912914723839	2.0314776772247	19.8182595021381	12.9435817337991	8.10197626286012	0.392879899925468	0.321308497120081	0.287399820317928
8.24099782385227	3.6452621927827	1.64245461280276	18.6565533589199	14.2002482068301	6.59430925078908	0.391044037744768	0.511438131060758	0.431381713247688
7.64209029977575	3.24383249849135	2.20872730341515	20.969167637002	12.7957367037642	8.34009953001416	0.409180625326557	0.443919042871562	0.384660125206102
7.34290021408005	3.32885292684094	1.90022373109486	23.0307377503842	13.2389616835032	8.49115029546229	0.394684258235101	0.481523806499506	0.411538489028993
7.05554667974855	3.40978164986919	1.61503286345615	18.6614355592245	13.3624822926699	8.57307065304079	0.389774851807113	0.455468294000826	0.388060020332465
7.86052576665478	3.63856240748811	1.41162231256742	17.1910999979235	14.8084619600974	6.59228701256225	0.38493343071497	0.469296868204293	0.401149882579213
6.7722640055676	3.28746251711124	1.86432103640978	17.5292070070711	13.1495542643632	7.16249451369515	0.397283368490976	0.401821497740484	0.345946392288927
9.33678100739126	3.42717921221663	4.14953001518057	22.8910364868851	14.1663033231371	9.44673429560868	0.384535995308412	0.378850165628931	0.33239063067004
8.67090791862121	3.59258766028266	2.28082827308855	17.6999647590596	14.5837936333941	6.50893346159515	0.390903415287001	0.444654259316531	0.38839591012525
6.75464163716343	3.08384838465972	1.96982311643121	21.4323473457652	12.8613430730485	8.04240588451436	0.400169523002335	0.420757456711093	0.361733997686556
8.23255824878663	3.22886915749281	1.85230585517177	20.2655638373151	13.2854093678578	7.59678138670401	0.40706198587765	0.42073860334614	0.362331267803681
8.16373413165381	3.63044584486667	1.70533673531806	18.7936517469186	14.6677536126933	6.529721831513	0.399796422190041	0.502461930501692	0.430953243605539
7.44323282382974	3.03632189257049	2.30470544460291	23.002124017852	13.1229926720594	8.29762288873947	0.400984068344426	0.509133387414543	0.431036832462389
8.44791050782512	3.14984620266743	2.29746135743141	26.4854176617714	13.128518405351	7.59513686854877	0.394021946223535	0.442212320727022	0.376224930557595
7.97771960650746	3.15099527579439	1.9942105599715	18.859805482908	13.1265603572841	6.65753108653977	0.406455674192936	0.374063614736309	0.326739568633639
7.08789805044085	3.06632854568756	1.95078765049311	17.4082354399543	13.1499801543632	7.28286432668891	0.391074781754922	0.439711414666475	0.371347201520396
6.38678428027211	3.09490287084269	1.96243328675967	19.4302746381196	12.652677920343	7.95885490161717	0.397002781023667	0.43262953018086	0.372563339112586
9.60291797778907	3.32555913608038	3.26285098588802	17.7635899091408	13.6733473563348	5.78437463632139	0.394297139208751	0.403673589474695	0.34591550387686
9.69635522222545	3.3594503916105	2.19780462427604	19.7641736779172	13.7179778718868	6.21585123858817	0.40425622448355	0.450352567912553	0.38326086227821
6.5908938506622	3.53026376378038	1.52386772893319	16.4401768250168	14.711188461937	7.2710765222193	0.397337706032206	0.426460779519263	0.373017381102892
7.49223282023881	3.59624663199877	1.57628702772596	17.8065988186553	14.9239708082181	6.5298556347362	0.383259319992409	0.370963033779459	0.321084954186047
8.73476704159457	3.66061292633206	2.16122135677375	18.2933298256531	14.8421131103075	6.43713416092099	0.383321731215797	0.404790085606109	0.351859483689983
10.7793418288541	3.84208805553144	2.55949487354772	24.2871143182416	15.5031968771334	6.58943524981575	0.396671475671562	0.457530782159025	0.39581101371175
7.91006197219276	3.54685155777388	1.91445050516128	21.0692315439692	14.6253451995185	7.3284639012484	0.378009556557374	0.438049144301164	0.373740525666432
7.8601379656605	3.71626102135731	1.89396721058854	18.3326555125994	15.0778313386086	6.43825593204748	0.398405714369388	0.468707693705196	0.399930125469773
7.621980766181	3.29974263176474	1.71953895442678	18.0994369494722	13.1886922887944	6.71155156537226	0.387721945134567	0.388149170497164	0.334500196593749
6.23363160940601	2.94577568314732	1.7519103707027	15.7308848885691	11.5556781918816	7.58947335612703	0.399123713900836	0.42358450845841	0.360513678252161
8.35570001860559	3.83815989157216	1.80233586710703	15.2571666594616	15.4633464519026	6.75322902841922	0.383907370454194	0.436964599442541	0.379324738063814
7.47534088733808	3.21700253422568	1.90665236841136	19.3960808306819	12.8545417694665	7.62621452999523	0.392773239239653	0.445880511802992	0.377894667995322
7.99623084520356	3.49921560592165	2.1530377602847	18.8492080031067	14.6849205677925	7.2067981422758	0.390114955799091	0.45151700339335	0.384757068796297
8.01072706019878	3.41046705577069	1.76989167299373	16.8574776231108	13.9091397854347	6.65186269347908	0.393760728564728	0.456096822340224	0.393999116272984
7.68987524769517	3.55380193979957	1.85891242480676	18.5657831820698	14.8370105685826	7.24788653635788	0.407370339034091	0.389088464879963	0.343323493035514
7.50532151663757	3.40876914064979	1.78491228814223	17.7278959340608	13.6984936480119	7.26883818533699	0.406289789180424	0.442935938542944	0.381898421698451
7.10067051143404	3.27610414944782	2.08616962627325	18.3786794582591	13.2326447238641	7.61607485550894	0.398669369927886	0.450998001892714	0.394111494572533
7.90634400719744	3.33815632525855	2.17262329707466	17.2853476805558	14.0017778210287	6.20809515412875	0.394852566483336	0.473273629882617	0.402620888702148
7.11491091846996	3.05374819092553	1.75084574979026	17.6609892457704	12.5608309886093	7.59555079168097	0.39362517305887	0.456110611683188	0.390258923155729
6.9215880740883	3.07000274929054	1.72703963600919	15.1967232002121	12.397236949799	7.43459095070395	0.419986007815353	0.413951125390404	0.357165338963111
7.83620503246282	3.21604191983416	1.7922047830656	16.3974340501198	12.9102410244605	6.46389237158858	0.419831479637876	0.39190914243628	0.348876132031696
9.77653451091537	3.09764648018677	3.51034450444854	16.4953286531326	12.5049059519177	6.67620347665167	0.414289818360043	0.442778400738386	0.380696196397145
7.9764993889281	3.4139731824019	1.94858531054394	19.1200902990052	14.6348104836978	6.9679554038035	0.399921565024777	0.420921877947812	0.366616450475992
9.21901366614379	3.55960424049866	2.4789557922961	23.9376475963278	14.4680112995848	7.58171692189471	0.395318278973351	0.455719771529612	0.392028168318623
9.51191205202335	3.50458568539291	2.10267506071264	19.5214956199461	14.8880020100151	6.22610455693562	0.407830950162004	0.462540964818007	0.403204853024625
8.1180767215246	3.19434477698888	2.75927496678855	24.2807411989792	13.1241525326603	9.55487417823836	0.404804528726974	0.466506980073957	0.394694491149335
7.14358455228599	3.06734860544156	2.06112503603933	20.7618007527827	12.2443684619691	8.10184035752823	0.394740492622084	0.459356981054043	0.38999389532096
7.0651796251149	3.42630271881732	1.54610919757155	17.3288545051862	13.9719941742769	7.6211834858692	0.405220070192573	0.418913812263321	0.364100139620287
7.33727647714934	3.47018532256126	1.8152195201405	19.8564627432664	13.8820709557916	7.74973362412934	0.387901735258337	0.359335057632119	0.315533938859469
8.42540249602133	3.54714499637564	1.79350006269615	19.0334901215268	14.2242916794225	7.17212001025134	0.395227990380283	0.436553521217925	0.377287390786771
8.33056591701869	3.53772817799695	1.87595425998914	16.6603228608611	14.3566870373344	6.36884667458511	0.392497118388972	0.40788458003049	0.356807605406652
7.45562101446651	3.16175922032876	2.08536727452416	15.6307318276349	12.7172819822113	6.81461976538591	0.400663258729647	0.441377005634605	0.380347167808203
7.52351827053598	3.35872467769693	2.05410387803596	19.6301505028069	13.5031317515507	8.17470238121277	0.401049657184688	0.434009014306919	0.38158669190603
8.36433828021642	3.11934968566317	2.91916844556537	18.3126893487458	13.0723875852157	7.82503541199315	0.395208131965047	0.418795938279763	0.360609445126292
7.00393008092044	3.26652955579103	1.81474953792975	18.5155023085249	13.6296287678037	7.41231483574305	0.428177058018225	0.443854636640964	0.391601540797775
7.6790308061375	3.1843150335012	1.96573395572902	19.8857196777323	13.1277537485408	7.71866831200339	0.401402025317928	0.5027358281947	0.425011813020931
9.44266467766958	3.41851428924303	2.28538515658847	18.6383308834224	13.8059109067387	6.03936286626915	0.395194293151095	0.474383301902167	0.406055295627064
6.94106224483632	3.59103495847319	1.59406800857263	17.8780964470007	14.9663173303697	7.67314647038808	0.38758199181259	0.477614418420504	0.408473595043621
8.45425330967132	3.26620146452543	1.82111561178629	15.9365077374725	13.3335661506745	6.20572406075957	0.397748242370276	0.452432841012519	0.386932033043793
9.6708616798404	3.93594408812701	1.89551020247305	20.4135968012626	16.2527452505197	5.51463322336392	0.394439480373026	0.538638085320773	0.4556202106193
14.5623473178865	3.71096080824958	7.64098945742695	22.1175231253863	14.9641734430096	7.12303997779388	0.389901421064957	0.43395210918455	0.376771697859618
8.59188956207518	3.41927708185048	1.96239744707593	25.0733268502173	14.4937746704489	8.03939198769011	0.396050610711008	0.489948305359087	0.413285765873704
8.68750728695285	3.3537316668983	2.15779098175887	24.6640099578212	13.0982901963874	7.37998770807283	0.398964253879127	0.449648399433042	0.381651702235482
7.86325581772766	3.7694054916744	1.94763354043608	24.9602171255525	15.6697001152765	7.69241170360223	0.389004369644126	0.457142397812053	0.394408795036158
7.21355691031639	3.24222039677437	2.1808313640574	16.7124454837312	14.0892868329518	6.3199758600568	0.405114418843047	0.49731535011661	0.421365871596336
10.4050026888609	3.24227530700423	3.14727379106734	26.3670033014067	13.6595556163218	6.7284376843633	0.414514350957277	0.436774861819721	0.377752177391932
7.92018519493313	3.27779673427646	1.99363956840173	23.8211086814595	13.8384351612549	8.16174842703817	0.403423262771033	0.463068612019351	0.397838320000533
7.73050300012581	3.4192767191165	1.81863784055758	13.2455078758427	12.8317687545036	5.16513270593932	0.410346900463696	0.380536597867187	0.339785134072512
6.30005279036164	3.26354756841649	1.5942749666202	14.715585299598	13.6780604264535	6.44344438933563	0.406024605645991	0.450783951842885	0.384052442525744
7.3321763469694	3.46106899186819	2.06147093069021	17.7548760843596	13.8337398516958	7.58133715679666	0.406821669871632	0.466029188635055	0.398850982788074
7.95001262019496	3.14941403068123	2.46098836838454	17.632693955308	12.8145153200179	7.44289345650329	0.396385782974851	0.429900267110473	0.36881677217335
7.22461774859112	3.24371107555493	1.79650435672117	20.3801740363835	13.5026542183465	8.34320023591159	0.389770702742327	0.449971971161584	0.382365995194601
9.36563342332634	3.51949570801271	2.64576219542812	27.7782845246239	14.5379027648702	7.90640787946085	0.40306182865003	0.437336273485928	0.379339887893415
17.0869246695805	3.35578138565206	9.90307088131011	23.0770884229218	13.8580035752077	7.93221678493364	0.394469164352314	0.457260113427554	0.390551863473456
8.14265551596248	3.60988821282693	1.89477403184591	21.1268088177401	14.8322855218268	7.28370456647327	0.396663322532517	0.441586658267982	0.382683358458617
7.35372612824438	3.35932831665395	1.9152788746296	22.6786536744683	13.5641669362183	8.53453870955973	0.400936106660096	0.452471929723486	0.387670762789851
8.12563533343697	3.08937037735784	2.05465103628882	15.3467053573998	12.3393884548202	5.0009130599608	0.402708574465279	0.424643780175385	0.362586326267284
9.0401071097729	3.50339470244158	2.15002351745967	20.7820487939815	14.7125935626653	6.42354778481757	0.392826784682797	0.406027032746573	0.353244631257878
7.33787388168564	3.67829025331135	2.0695034895188	20.5751425568664	16.9324041787105	7.7007878227547	0.390803146082469	0.431057719409253	0.374595998639932
9.75600109758212	3.54305369066214	1.97977308913854	21.677095624556	14.3531508148111	6.92263719124674	0.400747531853655	0.42941674992854	0.372596937504929
7.12732442223799	3.10797167725653	2.06576985747151	18.8586310290123	13.2045061178076	8.52878748348341	0.41108151929241	0.420350107416173	0.3679361501036
7.28256780180642	3.36135955933529	2.05445479227063	23.2771302891059	13.2471837116127	9.15695327507427	0.410017817744803	0.457575423487696	0.397255310492349
7.76374366114374	3.25168418425904	2.09686338548455	16.1183471585233	13.116854390798	6.01197690249147	0.393740237831752	0.514838138978454	0.431522430597373
8.17021692868557	3.25347820019668	1.92858401128676	20.7164976833546	13.5578699902235	6.50953244677599	0.403434012478618	0.444768787938304	0.378558334193502
9.94591083850472	3.3400357283274	3.34741726667847	19.8680891647422	14.113003751814	6.53268069288276	0.402623897745094	0.425958039564077	0.370058420919275
8.9287236575224	3.59290253915503	2.42946646791505	19.2364035999948	15.0460186213357	6.75252330999125	0.397214170590517	0.402801599718005	0.355509742013286
7.55097358210611	3.44130384591846	1.75586961336792	21.4109378958388	14.3460799345109	7.92808011143994	0.393921161447368	0.471064710963195	0.400032752981516
7.42932265745996	3.28799580180862	2.07594606662287	24.6700290208499	13.7962550280675	7.62853701675831	0.395114491217894	0.389796076720765	0.339510656909639
7.5795631394973	2.90431931201394	2.0833610933316	19.096907827041	12.1995711959312	7.5413731186911	0.402211523185552	0.429285440910396	0.367617353615889
8.52289009373002	3.64769092685213	3.48026648441648	14.5809542743078	15.3566851555573	6.19028410027787	0.396035192002681	0.4508842832044	0.397746381733401
8.27256041294796	3.21812133791424	2.53488785389884	22.6543194171834	13.2868677596596	7.98892649568771	0.38194633173157	0.508457496408341	0.426115353139492
7.83670661092908	3.67685046256912	1.78945030648181	20.898354696913	15.4778061907418	7.41223046230285	0.391107520793057	0.417153513207976	0.363092235098165
7.07623808424639	3.58128658014448	1.59132074252503	16.5661340231699	15.5247442873926	6.50852690578888	0.38897789907376	0.486276746340986	0.412565301496809
8.29399842632278	3.57631074991652	1.81239530539244	19.8161594680355	14.5620822182395	7.21003199927715	0.382917470847814	0.387103800374824	0.339230063645135
7.67312094866121	3.72921353072928	1.53276284299263	16.3117574386415	14.6656837644753	6.12841134171526	0.396977094833596	0.442986265200013	0.381482932967264
6.68000374942971	2.94414732923656	2.13772021683067	23.702734574534	12.5634599696425	9.00525922336852	0.39909505564505	0.487154050177255	0.40906132232266
8.17854705404206	3.23368129967478	1.7628109820064	22.5560056761292	13.1507509599352	8.3612675184254	0.392734645685371	0.423290363611116	0.361383841966572
6.93233855236139	3.40444881369796	1.654399900677	19.190133453035	13.6626860634872	7.68804521198362	0.384050352664917	0.438472585131101	0.37566147391626
8.05814737453512	3.30585955504589	2.09134365134263	22.5990072913777	13.5801539188098	7.63137761060309	0.398889316089526	0.493989993657578	0.418650606905728
8.41016044436754	3.75547176595209	1.80917445374849	23.8071886886838	15.59331383096	7.49286703573316	0.402469439700972	0.451498332942193	0.392871033714244
8.46921726236203	3.30564085936223	2.0411904834776	19.9801598219481	13.4575276393918	7.39092573403833	0.40361547980303	0.435560841828078	0.373741282520305
8.29422332181237	3.53080549599468	2.2500307613902	30.8417697508992	14.4194523414388	9.37475635128012	0.39516704312235	0.483935157450062	0.407693645379964
7.26203112317862	3.28689950820541	1.60514012429925	17.591858574785	13.4850283687217	6.8064910066562	0.41141378914562	0.441475076149184	0.377046059008204
8.67947084130607	3.59381499504919	1.85171323715393	23.2019728700454	14.6836526877078	7.57942965666822	0.408623908131833	0.468023059086086	0.403530384718057
7.05615212506604	3.16390214230654	1.80308885843841	16.6676803661509	13.1080900877224	7.17858195969895	0.390904341930078	0.379405645610811	0.330907790134027
8.3983632850777	3.42404634513631	1.86589999835264	17.6204064376073	13.8957551003489	5.94081632986202	0.400510802681593	0.498718556667517	0.425324407694367
6.95323049327793	3.01378346795226	1.83984410767782	13.7993389530321	12.5003465168685	5.88901641835048	0.407081810950105	0.386782176313683	0.334173918959933
7.16400058433811	3.22489449571862	1.77448624015836	16.5881870668108	13.2083084820709	7.36551107374057	0.40846453633992	0.479487175415897	0.410088944839181
8.22836448717495	3.23484133101921	2.42280873770352	20.1309987041308	14.1090405429416	6.82067393777803	0.397793252050646	0.413596221238671	0.358645019147096
6.42868615293233	3.2874915206372	1.54682895961277	16.1514807319781	13.9444041071571	6.84201532718961	0.393197324817295	0.490749884402798	0.414346367145388
8.19077828917861	3.48899434567932	2.55377152675798	18.3655648642032	14.402400356189	7.33174058011942	0.38559737533778	0.37995640196779	0.32948326916206
9.53916598216314	3.31929859037774	2.54585679937776	20.1250108200915	13.4707618229718	6.38107490027937	0.392919340971568	0.422219336243862	0.363380515696244
8.34077171415195	3.36187754676186	2.30575610955159	21.9418848794879	13.3055989303067	8.53373005153817	0.400080119668168	0.492223553604179	0.417452049604561
7.59752303081521	3.39212999915642	2.06917129751079	23.5377714422043	14.2748776100707	8.0969771534721	0.403076470796803	0.441778201916908	0.379942421954558
7.91364435054663	3.61491685476239	1.92607764317879	21.4892939782007	14.6044805591504	7.44775795930835	0.414410561235229	0.461455145831105	0.404344979200291
8.71015797858574	3.09067187454737	3.03541221207178	17.2615759815723	12.806445301228	5.49578491971415	0.397456217119108	0.490485876766036	0.413193190297243
7.85292631911001	3.12166388089394	2.56109226918857	18.5331592765588	13.0180445040565	7.84454091777396	0.395734405032765	0.453325382131779	0.38526987118492
6.90873043471986	2.99296568676511	1.98168025255028	17.6595319511927	12.8699455335649	7.40750304145674	0.403659162185295	0.38797773784853	0.331697541744007
8.14365943686186	3.27024066864593	2.11512760177315	18.7500571225207	12.8883454481135	6.70811015736245	0.407755467838407	0.372493589552634	0.324349604816792
7.66224202035838	3.5238184288297	1.90223845057885	18.3405588526072	14.6660137363191	6.10445696124457	0.400226639823671	0.37539614368859	0.330118702416249
6.85839060218004	3.26286961793453	1.4601845094948	16.0733437861773	12.9937730952003	7.01400875653511	0.387143497057395	0.438614297061716	0.373482938819818
8.41364339565711	3.14322236262109	2.48211154465304	19.1458514909405	12.9885774746038	6.31044768531814	0.400450302316446	0.465142397356287	0.39349793583347
7.15010152429804	3.06089249093796	1.82500075506028	19.8776675113327	12.6571492345378	7.7503601849154	0.396058452604642	0.518713410528537	0.433535254882532
6.88046584999591	3.05282693166048	2.7318739849268	13.2315338234469	12.2106269203234	6.36435958668129	0.420755352876061	0.434236173859695	0.374091123256891
6.90289609746952	3.11569010199213	1.99883160107902	18.2104701633977	12.6402728344545	8.57581637308174	0.407049295757933	0.370434167456292	0.327974408834627
7.49171627439513	3.13409717859668	2.02445634091772	18.3461704106013	13.4404749557289	6.45057880918171	0.410845159691667	0.450953126532259	0.384810464212967
8.38303283683362	3.11207121670165	2.06025379384389	18.0427245690195	12.7634735411569	6.45770910503702	0.401294121394667	0.488813000998772	0.409076867901126
5.70492989970823	2.84392879567291	1.78923565447202	17.090480975865	12.173270291521	8.12384738512216	0.397607585756399	0.434466043381515	0.368762596747707
7.91696071273174	3.40589504883903	2.20849848492797	23.8429169268574	13.8763041792023	7.79819110642836	0.396825175744786	0.39952999233815	0.350229046850056
7.60686795504528	3.62476687219601	1.7341562965104	18.4954015533316	14.3022124079832	7.00042220786913	0.396047085172509	0.406613824698193	0.35595513417966
7.5912340402685	3.57630636578559	1.72249127051108	20.042340427314	13.778111310394	8.05559862975237	0.384974437617185	0.446215236162315	0.385378062934352
8.32065637225344	3.44340625715348	2.22974848486347	20.4761234481027	14.6441216313747	6.24875258806623	0.403124255038318	0.43604221519807	0.377955421655863
8.81787442180068	3.41191031039356	1.92902354855609	20.6107480621155	13.7037195349614	7.26757044694772	0.411199901121349	0.380040627740301	0.33234682632861
9.70703594200887	3.50310678859199	2.30502356332512	20.6438091438747	14.0730016975046	7.64364846606791	0.392459649352634	0.432591051734078	0.371843662857079
6.88689297908671	3.40314475583583	1.64310612456813	17.8322265314862	13.5092001144306	7.84532424721833	0.397574299064109	0.486446479995631	0.415639547255166
8.27637786700057	3.55187398615843	3.43670973475426	23.0088330911173	15.0273241431688	6.89132881163042	0.391050402248394	0.422059746160674	0.363374145106706
7.26179104510655	3.43610418571718	1.78374400865865	16.4396249189242	14.0975475793464	6.62163826303527	0.401093519791161	0.380403774595774	0.338204820934066
6.8172116342408	3.23298368121036	2.16300824467231	14.0454408433296	13.556473355034	6.14177212605052	0.403374755231759	0.473362613653986	0.404003799520881
6.75045453955791	3.21496534425315	1.83732353247028	16.1916694326983	12.8173677789047	7.72390688806194	0.407167813671038	0.434549097611283	0.375835201814108
7.19593186783501	3.33120842579698	1.93833507185969	18.4451941299433	13.261126469628	7.39299930090435	0.395638365851684	0.49328699063321	0.417532246793314
8.01437677648709	3.40330949263845	2.10172331411043	25.1215303889568	14.0272553161787	8.45590442475447	0.394613927986616	0.365336632699181	0.317589115128608
6.93641061099741	3.40074590363192	1.75790286248944	15.8472278754485	13.4402743304775	6.95026851793477	0.400824391457273	0.460286712008902	0.398865148156597
7.05116121960687	3.36989092696347	1.63947056344252	13.772858025466	13.4899007220223	6.02362488637789	0.407029290423643	0.474986887195208	0.407073104170656
7.41434329279383	3.1193400098391	2.3166574263942	17.0598067709132	12.6244335331224	7.63169763430847	0.389029562239018	0.457370388005614	0.391196489487668
8.67400821202512	3.60858364322551	1.91298127342776	20.1178931130551	14.953863961387	6.17405212534915	0.386517183277706	0.449454719005697	0.38657829686384
8.39666495430215	3.58273417684831	1.7035433751382	16.6889351283617	14.1038447174675	5.54320234244144	0.395067171903358	0.481840653303827	0.411660382024979
8.07606060425316	3.34168323616835	1.90506049453836	17.1987704062066	13.8332188703154	5.66316335160063	0.38939306703844	0.527512802823264	0.440367210777271
6.27526823219988	2.97535641202445	1.62708670423953	15.43279702186	12.9473726990922	7.15920674105834	0.413256028388364	0.495476838959685	0.417629852291053
8.55407014143524	3.35306602776761	2.1578832763557	17.82073928037	14.326731792631	5.82256025533762	0.412992091209199	0.464933132348074	0.399664507467436
11.5405062872524	3.58984823801807	3.12718676502462	28.6891376760229	14.7497690858555	7.61881281008727	0.385408634985553	0.377813266526652	0.326951134496334
8.06730153644876	3.35431569150459	1.99337192536223	17.5105293246449	14.0276645504161	6.89838777229208	0.399544034363611	0.350854726956295	0.312894357598646
6.77395323975754	2.91486991793124	1.99452599801365	21.6833623595612	12.3422882957706	8.433861243914	0.397793172251105	0.455155050601063	0.387292081177892
8.19432653397481	3.71117691589235	1.79315787102748	20.1670693558877	15.3691062076682	6.58203827820869	0.379025639791603	0.460272948760975	0.393036520519766
7.27033878772896	3.13662299495959	1.91042941487913	17.0208214627807	13.19954336592	6.96272264158683	0.397654588201428	0.428054433803647	0.366498012796622
7.0296011336834	3.32052730264916	1.93105047437088	16.996258507189	14.0393099850635	6.13122860385585	0.388794075974989	0.403956806277475	0.352221318031871
7.58133130406581	3.1505444660662	1.90623052053483	16.1017848309967	12.916254772425	6.30710035598378	0.394192303078167	0.489819106192457	0.410765915073588
8.7191191613179	3.04840523276705	2.22939209041351	22.840524106483	12.5483447490672	7.57267656747051	0.427058969728532	0.49804269478551	0.428851192543828
7.12191779643168	3.21301059681768	2.85460135038716	14.0459063321134	13.4088212532045	6.33584574898883	0.404931175003346	0.484087596002261	0.416294103675971
6.13808521018678	2.9969448767648	1.96134476392922	16.8914837724889	12.5825934402902	8.22846461089107	0.402574347138903	0.408989617590783	0.356078312356196
9.4208702430432	3.27377818516475	2.87514607086807	17.7418717741418	13.7446963534014	6.60679141478577	0.379085819276233	0.439134988390146	0.372773891178653
8.9064867458403	3.35051765692497	2.27584904598875	19.6466714728873	13.498146950575	7.49106186776377	0.393850112282017	0.430994163086495	0.370589187732
7.91394154751342	3.75226541433408	1.73957539502773	20.567874422428	15.5889928492148	6.47757794171011	0.395530262702848	0.427768437021294	0.373096145285249
7.36147821241727	3.30093832074838	1.6210055275723	17.6478557612644	13.3412012634818	7.38602777294185	0.397685900680505	0.423206234154063	0.363302054827602
9.72887762974224	3.27323558311409	3.34002966716506	21.0906631362772	12.6882463267793	6.26641362846798	0.391993505755001	0.366855501744976	0.319355468222423
7.3210156683986	3.24817346872722	1.6364754841964	16.9853978446446	13.1726242896701	7.32534478721756	0.386857309293712	0.439552874914895	0.371395257672096
6.37819014045391	3.14612840217247	1.92816662858034	12.6114633343449	13.17645796013	5.33173615636816	0.391710429571963	0.425312000734459	0.364227707315696
7.18619903790743	3.31540063584435	2.33087670192205	27.0187449514689	14.0064098167421	9.70846811459697	0.400560147058111	0.40192493009361	0.350551122193725
9.5551898814047	3.48929570276295	2.36548841457549	20.8488815818482	13.9997490348556	7.75153637553835	0.39487594008546	0.494313680612282	0.420112095623377
7.15825267131185	3.33964914286324	1.78697305271583	17.4961622410045	13.2080421630873	7.80531428801934	0.384639647221581	0.398743930027205	0.342316706287691
6.7009457107122	3.21757086329196	1.59063223288131	16.7648667411141	12.9075414447447	7.6090880543768	0.391296670152576	0.460072503484317	0.386082272729501
7.7101870616359	3.29873074799451	2.79866865151284	20.0865100546083	14.0139798658984	7.53328871475977	0.415997221218706	0.428151652673212	0.376265028323399
7.58496730861025	3.2009149657058	1.98263287980395	19.3113797411115	13.7103020580957	7.3346556916746	0.389112304081812	0.391553365772213	0.337169205002248
6.26697783840925	3.15975153255185	1.64918186731725	16.3770863816117	12.991081957755	7.85547818295587	0.388960604816358	0.342739445691773	0.302318074184608
7.89825941231161	3.53308162353981	1.8810902592261	21.6698933393735	14.7829826404245	7.70738837160264	0.395810539668958	0.425300972164087	0.37111822927609
7.56517547695725	3.55113045534139	1.70361581844737	16.6245812255038	14.3208012528331	6.28883919174918	0.40962523446169	0.427468208992406	0.372102126884238
12.0628401210971	3.2460744318721	5.77030899853975	20.1530052423131	13.4012932113808	8.80804077678638	0.402213299855784	0.478551900148164	0.40841232367828
7.05576990424315	3.06139935046461	2.44097584132514	17.6904972934954	12.6189410574998	7.85955241585991	0.420722279684863	0.472691861615518	0.410566504460794
7.28043552545175	3.14976488355567	1.83773147271753	20.5754755710893	12.6846297099627	7.70437628358635	0.408700786873072	0.415640191824518	0.363232400288289
7.06871497136631	3.03796955615068	1.84843911918286	20.1583887955996	12.3184343163405	7.98379022155426	0.401410718471523	0.453505339253343	0.383808528639532
6.92520427554906	3.31126104018112	1.92087811725231	21.6487467253587	13.8909923398277	8.12483982204999	0.413876413980427	0.444514313475191	0.381669088360345
7.24113287874199	3.25484685342593	1.5777313422745	16.626020891887	13.20171978493	6.8483315642617	0.406710004739058	0.515907187788337	0.433878320986317
6.90345786215617	3.14409405824623	1.94538512499776	17.2056030847387	13.0777274998653	6.64058010259228	0.401020665366113	0.461912905194894	0.392936486457357
6.91009910798238	3.44069303465109	1.87942507806535	18.3394659137984	14.4377157910152	7.41334374644274	0.381638438039001	0.497442253260296	0.423429453153456
8.87147161220627	3.25902323342076	2.39559240442284	22.1651543662723	13.5242374102061	7.99909295548257	0.388743906443985	0.471967654016505	0.399046335996482
7.2557043816807	3.06146014836033	1.82673713725939	14.6896701685743	12.3973465005477	5.593015202999	0.394322529085528	0.45897746046497	0.385500266943924
7.92036339921287	3.51280684173584	2.10637921309061	24.3134686855043	14.2285365001161	7.8401322613855	0.407499157811355	0.405364365104177	0.355802774540772
6.1864721187865	3.05809620434088	1.75278782654166	18.1444521951139	13.0813697806254	7.74731301534005	0.398545898687895	0.463068666121814	0.394825996537896
7.44665385321406	3.15906570975204	1.91849198467237	17.9833213622957	13.1104090253157	6.95110059036035	0.39777726942328	0.473537186908804	0.403089537179423
8.89470165954171	3.64151773828677	2.17048426186488	20.2899411314534	15.3406920205726	6.88755992504579	0.410274000359158	0.469168996922876	0.408337082364749
8.13425963401093	3.42419651954714	1.84994139502534	20.6530971927673	14.2775962519246	6.96020522259627	0.383099806029585	0.471441542677158	0.397245634103846
7.44270689737765	3.08038022250857	1.86521943209795	15.4265976522717	12.9268101022076	6.89748438753849	0.392259893798189	0.37696361819849	0.324821598551471
7.09236505161425	3.37631298181056	2.07352549998964	22.4798130028924	14.2882216354388	8.57392233912953	0.402638087661266	0.391900452726603	0.343770070022549
7.84330915093936	3.6472195623198	1.93282138517806	19.9806277961595	14.4007572574911	7.2503401723229	0.397791890426627	0.394698799349298	0.347702556317024
7.07501548276837	3.29146688336236	2.24860185181075	25.8674850071559	13.6540912441886	8.45676283869813	0.394817095257614	0.440327449228008	0.375527769559328
7.21842048709971	3.24230920085477	2.10297470724064	17.5092557458602	13.6733318203594	6.70403843929574	0.394566467323707	0.426925429609506	0.368852255124412
8.45901147687146	3.23947025540514	1.91929893027832	18.4748174632598	13.616680272572	6.9621991645214	0.41143992587846	0.526420324323465	0.446696327843734
7.94099490818099	3.70839034848847	1.79868619019154	18.970265504925	15.4338030505569	6.24250978548168	0.384235001668001	0.338174111393958	0.300065392570304
7.08847558211909	3.32371373618966	1.99002577082576	17.397177561416	13.7653415864529	6.09067027407245	0.396380588431707	0.475486937518266	0.404085445688233
7.40879188202114	3.31565759473849	1.86290815849924	19.818131189745	13.4921333054632	7.39559683850516	0.39108135907024	0.398161747941115	0.344303797584565
7.23865316442283	3.07586586262652	1.99292525408374	22.3179296835379	12.6907769931002	8.16752402383269	0.393231585344925	0.400741178094608	0.340800513703273
8.09596714015491	3.4394038052132	2.09368018556313	19.6281874728899	14.1903983168337	7.70832595265601	0.396113818096147	0.387560158608034	0.339961406481882
6.70499473271341	3.05086524551174	2.11254540125995	22.371824326181	12.3665147571571	8.43697494872044	0.392602198048942	0.406069893855057	0.346729458804416
8.44199585112447	3.64998891854082	1.74059683624059	20.9334724064445	15.3500101947452	8.31991955838614	0.390842266158162	0.403759867434338	0.351379196969319
7.89194620499942	3.44922534667509	1.83727393010856	21.461047155812	14.6527674799317	7.66552220611504	0.394194591952073	0.4911224074271	0.418445452072907
6.55710343618111	3.31612593546994	1.6460251694807	15.8279067787599	12.9232185081117	6.26608037677825	0.405009929246267	0.466652470130052	0.400313210993241
11.3908218483119	3.41602338661293	7.33920270041174	14.6205396206913	14.6559557940138	5.57935349891104	0.393258652235011	0.449972558279057	0.386215108973801
8.5674816253404	3.49464972747948	2.68091409202375	20.2440537559245	14.697609432908	6.61870225792651	0.390902074857303	0.455152107297993	0.391475236133322
8.76908899736281	3.68987833516683	2.21203990400216	22.2420649076257	16.006320859509	6.92000046501293	0.390910461157804	0.483239137446719	0.416088231235339
7.39350330949303	3.3846906702234	1.92815143153736	23.6768792530816	13.9953914828403	8.50262153892832	0.400428590384792	0.41748416142873	0.359021385679628
10.2691468507596	3.73503427524613	4.26509138495126	20.5500619597089	15.5437736223478	7.12264676566152	0.396593256005346	0.43294958090465	0.376877324647103
6.93934223484589	3.3022285389216	1.79970550696311	17.5312523718528	13.6673857820589	7.64986425994726	0.398593502318163	0.437729662472131	0.379724309142148
8.3460714976117	3.55630495109774	1.9360053693668	19.8840508302863	15.1652962454178	6.89741751019193	0.395598797542532	0.411165958989598	0.361389308021656
8.98396302047141	3.73836886718212	2.47778379592731	28.4035869534835	15.334614346797	7.3736750059123	0.394799046239601	0.402079134362373	0.348608777172126
8.08290748026568	3.46314853730916	1.79116073975313	18.9875501174217	13.8888882276255	7.35521647394841	0.392141737438061	0.458533937972196	0.388954912227448
8.37949827669706	3.62698910151551	1.78532728508749	17.1544656446373	15.3915427979212	5.89653422825319	0.392954503952321	0.502028114608032	0.422329079271156
7.35708728771485	3.56704102084281	1.43271214420899	15.1627053668251	14.0914559973175	6.57070455522478	0.389700060220486	0.491552249951625	0.418467538267527
7.70088126326156	3.31435210248042	1.98295357036256	19.3875216434637	12.9504069552436	6.61287566127837	0.390370290603812	0.431818382048627	0.371919065726051
7.1253052262189	3.22494924615589	1.62822714272631	15.6147074039434	12.3284733179654	6.47085592838571	0.388768763982313	0.433114694266086	0.368577192760585
7.91476755874344	3.30933288533938	2.61095661621975	19.34192440612	13.4215056296487	7.79637702328812	0.380130584960115	0.431161114644751	0.366203343689165
10.4679067535827	3.61754797078401	2.29339875148716	31.2937049719738	14.375210147268	7.9776344122105	0.400922086425353	0.51024115524252	0.436917732193052
7.29670417519835	3.23066075819249	1.94962292504675	18.748409763302	13.0933694237326	7.87696773158107	0.39233627054213	0.450300696318002	0.380577021975822
7.96682411770933	3.33623029342182	1.90547816669716	20.5969955449084	13.5754879458409	8.09774521631418	0.389473087079871	0.413354730977737	0.362224432824451
7.73907624406272	3.35806369930179	2.01995647811977	19.8033676458196	13.7017335420556	7.66860636954278	0.395958954304492	0.396542778218541	0.344598077897732
6.51589477491903	3.31370271335215	1.71681900530137	17.8748110505135	13.8167910541355	7.90425025918802	0.424094889707107	0.464701290821045	0.40787643804057
10.0590599703186	3.35425085688798	3.94672988524128	22.48129276149	13.5366394085267	7.5815320655255	0.3906718095414	0.475756613998074	0.407523830864277
9.43671326327409	3.38135095063218	2.59659845666389	23.6540223458043	13.881790552899	7.87875989721169	0.390045828499527	0.521373672931623	0.435937496991251
8.60044889395183	3.52864915264197	2.03596492350307	21.3952106149613	14.7552606130439	7.06888361625638	0.398921163387249	0.431658596312398	0.373391673182903
8.32404502572071	3.45985047979856	2.43245979492575	22.3825902724585	14.3897070559932	8.62829306746957	0.39885816949467	0.44599227406727	0.38409135044856
8.54039487462548	3.51472585992768	2.53204388100608	26.733506026362	14.4675889235664	9.17993751793009	0.413317554767138	0.449148423158378	0.391815940102145
6.95607802119837	3.15630928634481	1.6749490787156	13.3380650165814	13.1002847533073	6.10689695887653	0.403662612254288	0.42397891726849	0.366005897224971
8.30131800442748	3.57500980286867	1.77381932465512	22.0855495589718	14.7840138542679	7.76193495682356	0.388811988067596	0.410843897431744	0.350339842215252
7.78628974444404	3.43764913999007	1.97570725887362	21.6759099779143	13.6150939934213	7.94310067376174	0.383828705959125	0.476193146848764	0.403778849035741
6.4386457881914	3.14394368633096	1.72607624527883	17.6601055771392	13.1891781723781	7.79196806316011	0.418447890448284	0.477779126314132	0.408769395779986
7.16522867425979	3.04629324521016	1.99752413883986	15.4730622658082	12.8897339131124	6.70538767645591	0.388324773933163	0.475602069369519	0.403819324347197
9.43750542588531	3.43892269531448	4.18966128609126	22.6746888640541	14.6742347648901	8.46485903006914	0.385477092044156	0.408390084052389	0.353472467332063
9.36054089670262	3.30078328305855	3.65550962478483	23.8565847267423	13.2469656514658	7.505780662354	0.397584399333466	0.507887756751075	0.428100057695438
8.80464503416603	3.27009883804166	2.37485144734321	19.2300564594148	13.1284018606602	6.7527769434368	0.388491854025617	0.36152183482361	0.31820865251534
6.74358326071202	3.1925468043273	2.07912800316971	17.4732676733438	13.3740551626204	6.74416595157209	0.39588765323592	0.398333727337016	0.346096573558739
6.95932089226122	3.29421881573797	1.90002346268306	19.5469856325104	13.633693124771	8.07732424074223	0.41142102507025	0.379486501396215	0.335524336621963
7.58824847980773	3.12567554365073	2.28460662165329	20.8518650688629	12.7098913193404	7.45746026400497	0.401209737993865	0.370982200525146	0.325164854932954
7.41196731302379	3.22879106862267	1.96979720959927	23.5015931869149	13.2479842508202	8.24219661194133	0.399424864431894	0.367252348023859	0.328369526045159
8.72558502074059	3.49369706826591	2.68676837722845	16.8339027158635	14.490446112389	5.49007382215882	0.388298286902619	0.428630153459908	0.369512669856369
10.5737123054116	3.59089731853086	3.78379684706416	17.4452681901995	14.6003230787968	5.91086307792252	0.384330868160479	0.455514198892848	0.389218610356341
7.15576997220616	3.3534258270692	2.05889236995025	23.3932991936302	13.6941791147475	7.63059975453778	0.399015142389466	0.553085356974439	0.466015436014
8.02770103231168	3.69674644729705	1.87158113881888	19.4617636953321	15.3576656966981	7.07721839006838	0.388890171171688	0.417478205389824	0.365194401593282
6.50036596495116	2.96410489397855	1.54478272985943	14.3258104388493	10.7790548565309	6.7056772957781	0.406662599867459	0.440052873169055	0.371964913762038
7.75146933181043	3.27246950740043	1.66043724385959	16.3572459801826	13.4078333673811	6.17841836953999	0.403907960742054	0.431140699392058	0.370867057159782
8.25488592252233	3.40738166657126	2.12200323351255	20.4944013960615	15.3974675096678	6.69090275231032	0.393847172845559	0.394548991330802	0.341288819046812
8.76166825925252	3.21784611842407	2.15728153288503	26.3527385054466	12.9596848972907	8.18882637343729	0.391631688741104	0.496300805938659	0.41528930993886
7.75425590953517	3.21276648471276	1.86162735972418	21.7842031575653	12.9986859966989	7.70435590197617	0.392423582486432	0.450125757195351	0.379926257456258
6.6615956965875	3.10516770248734	1.92100248187993	19.8985299596828	12.6248169998012	8.25663106958043	0.416069246152432	0.449265161676138	0.389416297254293
7.5136756119537	3.51625694182495	1.58771497825439	17.6340369631093	13.1825869779467	6.61838794859891	0.393618977494303	0.436201609637408	0.37427807551516
7.44928569120181	3.03990328812083	2.70987401983585	25.312158218764	11.6614998688281	8.63943017445408	0.42727238287076	0.473710391779277	0.411751396360851
6.97145195234716	3.43515201478125	1.98631533805435	16.8742467627182	13.7944541699748	6.67508913966015	0.428232880846983	0.478338638081909	0.416518070936145
7.54001228883869	3.23680452878735	2.329887450062	25.0919738155369	14.0879648645682	7.78724086614725	0.413716815471896	0.449585775350573	0.387720084098639
6.01492476813244	3.08543611271857	1.77024731205714	18.6161592462047	13.0985972150451	8.54313333014379	0.410279402704137	0.485267224208253	0.416175053934874
7.98492601457423	3.12752373093619	2.45679876829423	23.9723683354596	13.0475230669886	7.75402626299172	0.424895567307855	0.491068965897753	0.422315531512354
6.94001862532569	3.20526353442046	1.78063481253231	17.8621744269866	13.3064406348906	7.34275042601555	0.394108478694972	0.398755050158254	0.34376489346696
6.84193775723364	3.25137701547675	1.77054901136401	16.3175669219972	13.4069538958828	6.75649168841472	0.406578409028859	0.517229437949997	0.439486138241215
8.85216960102085	3.77875540127963	1.80654760265976	22.6706555822984	15.1391627385876	7.62309437412364	0.391698224192645	0.415949703868815	0.3636426885942
8.41316875319911	3.75178093295235	1.52171245333619	16.5931251414386	15.0067135232848	6.97176627137912	0.39700163413781	0.418610421808249	0.36412154986206
6.82146949024251	3.33627396019301	1.6298487742089	17.1529697274511	13.5895777121157	7.14235468188936	0.404407349439686	0.467239330497875	0.39996268856852
6.5141474027607	3.05908340197335	1.72548805261657	15.8816829331164	12.518409833284	7.08854744142401	0.424980206145938	0.451296495733835	0.393720303547836
9.23616521348833	3.75097737106839	2.5828768825635	21.8966085116881	14.6244644858302	7.08673353351583	0.399192115201643	0.433024865857176	0.377788194351036
7.40851245028738	3.20094770134244	2.01214588212193	19.1351848966028	12.5982416926838	7.63325689084635	0.397873698437834	0.498288750670247	0.419544276991256
8.65061057996873	3.56288690980852	1.72588090144739	17.7341474189251	14.669091565969	5.98124828584857	0.400101852022721	0.545047363591321	0.459316832660952
8.31158931562604	3.6023619430083	2.10425546112169	17.8067150224273	14.6234937679546	6.12130149777971	0.385904665845451	0.428869180649137	0.373400344181074
8.54381363846309	3.42730850827364	1.78710493473448	18.9654201824445	13.9494706691599	6.79749144102761	0.405706245785674	0.408275932507559	0.355374295099575
8.0426552443446	3.43935633945947	2.1153087552247	21.1983722808147	14.3038715157994	7.94525816480436	0.408685277564426	0.463682514840846	0.396193486044512
7.72453871615294	3.57161091534697	1.61054431700519	17.3806400413072	14.2963474982081	6.45716507586037	0.396662690744201	0.386776921261529	0.337371490378834
7.97724628588017	3.62312808290973	1.82055213250609	19.081434954412	14.5426991879311	6.46246170491713	0.399552553063125	0.453963817197292	0.391153477459905
8.11219302043877	3.745757527923	1.84910141374484	20.45691598482	15.3794589895988	7.9839841646258	0.389752427395048	0.424477955865394	0.370575930677928
7.38388243907552	3.4875096409644	1.71009204909907	18.2592734048542	13.5797033149953	6.6205228623502	0.394344452457412	0.375572529771073	0.330389966067598
7.02480122998506	3.61073207468728	1.71161338043129	19.0212367994312	15.3793484676242	6.98083788709308	0.39488116645824	0.354899703616991	0.313952740512545
7.1130495865051	2.89510653167597	1.92083530628558	19.354932586828	12.8045216006378	7.62524721079344	0.401174252663051	0.454277454704027	0.383853700369865
7.81060803450816	3.38886725414874	2.17139034333777	18.4705673452893	13.8434766441425	6.63340089368268	0.384541248452677	0.444734828355056	0.380486420804158
7.33677100203104	3.22970365425084	1.71542576284543	14.6975402357979	13.0200316454355	6.38860489552778	0.385810057072536	0.501158859624017	0.418105658233792
7.74802701246847	3.34478072032397	1.90322137960183	19.1904126067047	13.8063811136439	6.92372046188686	0.391002028098914	0.479935317657601	0.408251888380534
7.90119911322542	3.7314022758488	2.03383297232823	23.991643067959	15.9838312017926	8.23516064424857	0.384394302405619	0.450906011708136	0.389448880893128
8.74714553274274	3.14366620650426	2.61801157135189	16.7463080757255	13.1012137598575	5.40393399897599	0.397000562380141	0.430551733489803	0.367406212938179
7.8211367279763	3.56244971408257	1.48750035787704	17.2753457945408	13.7801887430192	6.13426609901601	0.407527107737174	0.449545089144683	0.390472438103225
7.92531802308542	3.2119788555156	1.95740952081945	20.8554558891118	13.1101489524343	7.1710188854071	0.405606752677102	0.43616398701785	0.373823501927446
7.72867832404742	3.21901558699766	1.84740005017697	19.695420239254	13.0352401668473	8.34308919286163	0.407471846436988	0.379695577212797	0.332578481181308
6.98306333121055	3.20893302272311	2.03912362242239	20.4010261221413	13.418654402902	8.22577771495121	0.388351239282653	0.444998150495035	0.378542873163056
8.77599662618151	3.53782078765097	2.04639816294693	20.5927528495643	13.7447498761512	6.2841905390932	0.385774226885165	0.42426952942992	0.363463712148606
11.4837322715985	3.43952329397149	4.27688008795757	34.3685419895846	14.189476069086	11.0916883679043	0.398048472950062	0.430717748850452	0.374660292119685
7.66989884225003	3.17382584886792	2.1323869948881	19.8964841482998	13.3577695080245	6.80156967448953	0.411503322171981	0.419339385368166	0.365474533368712
8.86497921322677	3.77532197321889	1.72250709149399	21.733005806646	15.611748341765	6.39572442575182	0.394078020893761	0.434857008389433	0.37296320456972
9.1707871659075	3.23410384042878	2.13514152540653	19.6627244843039	13.4069750778664	6.66095737321352	0.392698842567308	0.419414377646784	0.360627277532038
8.45375891943508	3.60583499820898	1.93369662997537	18.5744953997031	15.0178015967079	6.74960682927215	0.388874655502057	0.436743004635	0.372056849520742
10.1301426665776	3.33200780545556	3.86422867333049	19.3776788960331	13.2959201962091	7.44701542858926	0.389422447578947	0.462749027797564	0.390794083629648
8.45621207613794	3.33255372522945	1.75233578849057	18.8860896644429	13.7232020143695	6.33394788248818	0.393955898203856	0.456383131432591	0.388861630184186
7.36268993412195	3.07023180546118	2.18057654350723	22.6642721422693	11.9734718142563	8.33697636656082	0.388621215268221	0.444037186394529	0.376457334481763
7.52531480853902	3.25658052626386	1.7830277959177	17.9321372779081	13.7948368071147	7.13339124369027	0.40053045535733	0.469843465722031	0.399277901016371
6.87158162578081	3.17870182485666	1.638801329703	14.6519549358277	12.6545536772095	6.98225852699793	0.388750772088626	0.363405793046028	0.318272278211298
8.50399291300529	3.22687237422515	1.87193615749563	20.4096509319186	13.2593152780294	7.41308049288493	0.413329649239879	0.44857176863102	0.383795646717871
7.24214565531369	3.30220877866979	1.85355615482252	19.0334118641041	13.7946680394454	7.46633011365108	0.387435832985717	0.408278269816552	0.357848396360392
9.1509119421838	3.86146052408717	1.74292223685401	21.5968308568678	15.6254087417409	7.31528784953369	0.398385361683716	0.469424475058667	0.404483492090791
6.57238343580209	3.06455989360519	1.93563666166829	22.4604860061722	12.968490833656	8.19514055685932	0.392833583028743	0.430058941687362	0.366558280946855
7.77050450989415	3.26990612936637	2.06105898162215	17.9446475033129	13.5442080694173	6.82191020076979	0.391315600932145	0.497122788508052	0.418398134974499
18.1293363953496	3.62586171457662	9.46116452499587	18.3569227962581	14.196821009958	6.5589224726227	0.387261786496005	0.442350299133962	0.375439339548293
7.27515405640605	3.41717631583976	1.67131139187668	17.5284351109974	14.4519188968276	6.50537464105915	0.387896355890692	0.404001525544466	0.348694063900486
10.0962350772688	3.4086593287737	4.5799318138495	19.4540337530123	12.9737476252227	6.68812792096459	0.392792879458328	0.496180533379311	0.417118751638543
7.70047548126329	3.41709853494055	1.87653187677215	16.547080422327	12.3422681723355	6.65708923934223	0.405991659542566	0.449921745753195	0.386581142380769
8.16118900182844	3.64632695784909	1.82000491495493	19.2490549052071	14.4009165936333	6.98074733366	0.389175432485599	0.425837975792074	0.367262279954479
7.66032777180788	2.994194952716	1.89428224432407	18.9415751134279	12.7804281884891	7.95422148862449	0.389829620669445	0.449078117581382	0.379800819756361
8.2121956815529	3.69622571263191	1.61419859958005	18.0894968830411	15.3448406941677	6.15165533306839	0.39462136169575	0.448622052909745	0.382206186472867
6.64513344383659	3.30985161046845	1.50967759198855	15.8512981029418	12.6744419001497	7.59235938926842	0.393422479755216	0.464591720720772	0.396936815205691
8.55130172127738	4.03093848097533	1.89716323885483	25.849126546278	16.9023189241882	8.31511369250497	0.379216888962427	0.437412092239283	0.380537051227259
6.9209005239416	3.27351160833341	1.77466257015318	19.2647018740747	13.9917508210591	7.30399479773728	0.389732855249156	0.430984091207271	0.371982581155657
6.46445558245099	2.77866291865179	2.02715907580644	17.8736734359537	12.1655952278883	7.09599900532117	0.412347217452709	0.424784483865305	0.366484346557716
6.18569087285746	2.69032691832994	2.36654528590833	18.145174170338	10.7785593429373	9.01069960345404	0.404870380288091	0.451883387405394	0.380903261673144
7.59110023345033	3.37644684117116	1.78124529724652	16.3514065875907	13.7841114678094	6.35261479036096	0.403480705603872	0.47191810652018	0.4056789595745
7.2392686993994	3.29600572612528	1.67758840958253	17.9655417582257	13.9428885988182	6.64356573515172	0.402599421756968	0.429707323698159	0.373244637707792
7.22718303492388	3.25664793455119	2.32585292776106	17.2092327798226	13.2029071613161	7.70212522690091	0.395733441234276	0.483483196224948	0.410762370967139
12.2956062737498	3.44508490317709	5.8768996731831	18.3210400701798	13.8399230513677	6.20507255556074	0.39842775519595	0.406712304603945	0.353379371314252
8.96452644109388	3.50586526100421	2.12385896714053	24.0909610461	14.9867532796479	8.36699884943139	0.405116649770887	0.444231456711643	0.380603779091698
7.35472701724622	3.54243462872667	2.15025932424609	14.2547897611637	14.128669885837	5.90166558326425	0.404461413787847	0.392500770145149	0.344708676241636
8.87151881880314	3.24746127372042	4.23907447165421	17.9883845924011	13.3362426856786	7.18513815806224	0.408270988865204	0.481517992331717	0.410186860378813
9.25456203086144	3.60052446122391	2.38951012481995	26.5396913680361	15.2481922494035	8.31702487038097	0.420384373011392	0.456378693180051	0.402535597541333
8.11558756105837	3.54107126771702	1.95369070871207	22.09337700338	13.9028473017696	8.65711875399052	0.396865365532597	0.444689888837028	0.386461688680833
7.96977051778305	3.51792455913932	2.02230602840309	17.7037440898796	14.0425727171974	7.57600500851117	0.409781866905554	0.489625785614653	0.422665675289964
10.2325702872114	3.36222531654412	2.62846162904649	29.6102060775898	14.1536577325789	7.77068055133536	0.410521766000018	0.456827938307582	0.391118773638454
7.20852124921976	3.17505953015482	1.7115186931432	17.4747290334109	12.391346367892	6.98484696836712	0.40998283773913	0.401535840205897	0.352165285093751
7.93467855411134	3.31670303457267	2.2201431922391	22.2905744299583	13.5306372454947	7.71426088368333	0.395567514133452	0.388431854677169	0.336973292236378
7.81782499152178	3.31437931446384	2.08107486625748	19.3032247208729	13.7846606095778	7.71902091125956	0.394641549792438	0.415086346500286	0.357719046989121
8.22226086134149	3.41145615061328	2.49632219424216	21.1840301260681	13.7233521528476	7.11826061643115	0.402020275480945	0.540483724715076	0.459069893477699
7.08925537297082	3.21560523516797	1.90641217979958	18.9312790425729	14.0266855110122	6.7970435739056	0.429178531046273	0.394723447801706	0.349725106250875
8.60302056533137	3.75881844303844	1.82832575788308	19.7438785492248	14.9909969651644	7.44613282333336	0.377935917283848	0.386712517015007	0.338193872735595
7.51964152920225	3.81128126108131	1.5669749046873	17.8255196877065	16.0983489136228	7.54585301594401	0.385974001847648	0.345230980971475	0.306290229498719
7.48394464876384	3.36973209165028	1.71990826181748	18.1571060922818	13.3721332162665	6.4125952666797	0.389872084912959	0.454318085400817	0.386318166123931
9.90567722319278	3.57688446241015	2.92695247727775	18.9813347689753	13.9773988859197	7.32324329766416	0.381601373692239	0.459883833371713	0.390285904312829
7.59455421111116	3.37814337354571	1.62864940769528	17.9020363524637	14.1041226778715	6.50902915602222	0.404587223558883	0.465976953568202	0.396946480683686
7.45086725664072	3.56184729540862	1.58260516569481	15.2384675250608	13.2793288594015	5.93928047713776	0.406576329364861	0.444910930867892	0.384098063291221
7.85110692935017	3.26034253185843	1.98471561010678	19.0781017781603	13.0733892885657	6.40866665418582	0.41635817356739	0.380096266150018	0.334158479724911
7.62172356770324	3.5450633459645	1.68711416333064	16.3785785383697	14.2356782888751	6.32336835457754	0.40603796216247	0.452215365626001	0.391492643623844
6.57364554870754	2.96431138673656	1.899794349218	19.4484049405726	12.4950915451992	7.70316902509358	0.418313816235018	0.340653490625736	0.306105009969497
9.1196609751534	3.58229746199442	1.86554504099516	22.025462850016	14.6229482554612	8.19913287923799	0.401433178778712	0.441596944698153	0.385797249038489
8.25310477959348	3.39364928216415	2.37531190248662	20.1982393114092	13.5797972374897	6.85048740935921	0.401739614300641	0.478563099892762	0.406200660455047
8.32019119453925	3.84158775286867	1.69525048968764	21.3284846944174	15.6296403000393	6.94643372288473	0.387319449163617	0.399005748804274	0.346850971062283
7.39094355844504	3.19188294126291	1.82029546613083	18.6916557169161	13.2589300846057	7.75703717484302	0.411246736182672	0.42987411970355	0.371227823581941
9.24026449447254	3.49780612448626	2.29699786229462	24.4048174732245	14.0316201535311	8.41740033885237	0.402321069099057	0.454955539330533	0.39305861030992
7.17585317361671	3.19039856240734	1.9599276014818	19.1565198399947	12.9380384285176	7.48609338138111	0.392298535489232	0.47616887261066	0.404765325386181
7.8942345613268	3.142668095418	1.91061733739862	18.9705589968859	12.5313287777997	7.9033910105546	0.39572900719715	0.380719069002971	0.328962530837481
7.98906827912652	3.72034597520936	1.53594600215826	19.5987375244026	15.0655314323841	6.92998944133505	0.400083946234116	0.502960637202581	0.426374874853347
7.70629902380306	2.91213107082875	2.31529062968592	18.6329799047241	11.3224599185796	7.21136330592575	0.406503992493569	0.398185430781328	0.337222001168711
7.61840092448388	3.40141847485783	1.8083638884171	16.8246475332078	13.1281042624276	7.40315558460965	0.393655747650207	0.355808645532729	0.311757197563405
6.7589041932461	3.02460434207046	2.20810520463836	20.6962922596331	12.4700152927342	7.7669780430486	0.409779314984757	0.525867918382442	0.442336826751918
7.32248794779643	3.27251777849868	1.79678647161338	18.5556764048937	13.8590925687478	7.11869874497776	0.395730133347954	0.450689200100393	0.383706434591949
7.72208128635767	3.2391282605695	1.86760014228401	23.0567878189516	13.9074562635613	7.99746383305514	0.422787527519625	0.462218690897449	0.401892646338932
7.7940482229243	3.2275802874121	2.16825270209003	18.1250989573969	13.6505868986396	6.55982318255983	0.391347052920717	0.397362741063344	0.3419498255424
10.1017658924221	3.02206501441704	7.12997560979619	15.782030494239	12.3377783019869	7.34600471364965	0.390369228397753	0.367411336863613	0.32045846064217
8.97916733605394	3.88365235699488	2.45168468735101	22.3909281874525	18.4535851196971	7.57086280401362	0.402796536268744	0.388758359316555	0.340719148734327
7.31609681589819	3.34222044056522	1.82397622089514	18.7484817737075	13.4309401694132	7.26166869854486	0.388643049095229	0.46436933382839	0.392512666929723
8.41035320162555	3.46103056674945	1.99509701044498	17.9951649826391	14.2195978290876	6.58418717049768	0.397977793626978	0.511264863154021	0.43083587567895
7.60964139324925	3.45797916380853	1.77048168550061	21.3062054765408	14.2035268528987	8.35932964087818	0.407033669688129	0.481190922583413	0.413638978905239
7.69720152653517	3.4852602633621	2.05228920959234	19.5673951172736	14.2887018066159	6.98002702595718	0.390610265727141	0.453581672054849	0.387117761719779
7.56848778417908	3.00356288381977	2.04665990010288	21.7884291782734	12.3504034575198	7.5634802830065	0.399974838016443	0.397118821802841	0.341451869776344
6.00605145531645	2.81669908022739	1.90719330844529	17.6718106124625	11.5963401675385	9.45485373637597	0.388023935778592	0.404657634097226	0.342726380304108
8.50186689103288	3.70320904438608	1.97948469059242	21.5159818594053	15.780480185016	7.9699422612887	0.387193493212475	0.45062870959494	0.387553833757574
7.84802764100661	3.34214232428361	2.08934358122037	19.7668279707704	12.8062355033221	7.27914324010119	0.414134774887835	0.447491845585496	0.386727335144286
8.85428778355346	3.85686630518569	1.71217754545336	20.9814745036805	15.6075155706931	8.57610941344688	0.38847594264197	0.34835848223987	0.309772545965516
6.98053009612965	3.39964564167462	1.66128423741201	17.8787676091508	13.9160693048646	6.90889663156611	0.387231833860875	0.412606172473853	0.357807965718682
8.41741976076717	3.41714741629334	1.81365792733688	20.7700530407548	13.7473196169114	8.58671225147234	0.384889233610991	0.451881911969499	0.387817173021596
7.81099101530091	3.37705502068469	2.04137556915098	21.8447162315453	14.1131242260094	7.84093804535538	0.386993866721854	0.464512933519578	0.394988214568549
8.54943219426954	3.15664248578832	2.88292318603728	32.7689010781968	13.422323792933	9.65021827632971	0.404407266168588	0.459967360161594	0.394253671710883
8.09111610098825	3.86035165495417	2.04947983103447	22.3887981366292	15.443318770421	7.44246217732816	0.39483702335605	0.45009273803707	0.392660000322177
6.43120042597957	3.37297648680828	1.71175198743819	15.8961099528215	14.4129867365931	6.4234983874965	0.403160804547175	0.487354938257868	0.413095643218162
8.2274834579448	3.46555471931102	1.91888541717901	23.8566274825107	13.8874436963969	8.37043788910693	0.421656284729947	0.439359559156863	0.383793364440895
6.87523726459463	3.2830892883219	1.75734967818054	19.2650348107061	13.6271598741208	7.55734354179588	0.382559037122897	0.425583960219537	0.367081194544064
8.90724607734454	3.36297186207723	2.29764118156599	23.3185632714115	13.6590944131484	6.87898721577334	0.398180528676043	0.412772194047758	0.357991796292282
6.06616157602089	2.97208127069083	1.44341958563002	13.4015563380477	12.500424635879	6.6316017088078	0.394571460347523	0.468749366825515	0.392828795897901
7.77141010449851	3.51437994332902	1.74100663567069	16.5994745339855	14.7527468671057	6.05136455071438	0.397585839970786	0.454258841795011	0.392299688648437
8.84672962445161	3.26685732256866	3.0686267124965	21.9350218923631	13.4636261584427	7.83055406294765	0.39235950233703	0.527120707033302	0.439749238018277
7.92278063182784	3.27815291338681	1.65321887132303	16.7802817926285	13.3474009378443	6.707853291884	0.408010659724508	0.428031388249596	0.368766201967894
8.43082208355035	3.49328083222366	2.38943174653224	18.7400103988844	13.8115186682538	6.21948844602971	0.396674167356378	0.423218840730777	0.365903072497433
8.3553941013039	3.60299225974783	1.79114182983425	20.3049553590542	14.8485218801547	7.23918264175878	0.40240654365256	0.499757132109934	0.4242390327387
9.38875891845305	3.80680830364774	2.00955727441877	24.1672528490027	15.5434805176383	7.76465887322369	0.388126414006079	0.429461805350248	0.37375045266244
7.2412464849698	3.08610502602593	2.42105491422354	19.3591854650952	12.7257954627505	7.22710048823552	0.411999928582983	0.47086269780037	0.404087157316884
7.53908433252606	3.28188755927085	1.8253122753541	17.9185426712878	12.9618535771935	7.33678786386264	0.408367733688605	0.472123998393934	0.403427529401638
7.39866298676667	3.27384252703429	2.36113990260816	21.7772102881391	13.2311709642816	8.75999065953931	0.399255346482791	0.463390837807101	0.399618424751743
8.18944606128706	3.49584917157848	1.72499940587867	16.8929544759259	13.059376691041	7.10964907435463	0.397287295253805	0.396102838149332	0.342742022725093
7.83413681184018	3.5697907136446	1.87369602928943	19.1990764687386	14.3139402921819	6.86854985587012	0.390061590010465	0.449635406216285	0.387777049121328
6.92747449488508	3.10787560253298	1.92207577035847	16.5049174561986	12.8639977809209	6.67163896275298	0.397059212808864	0.466802269652348	0.395204167587166
7.98381166367966	3.42390868111536	1.97908729323046	23.1192078207288	13.419250688069	7.58943213052014	0.387958456352899	0.462417166220077	0.392667733171242
8.72069541869366	3.4406998454202	2.44096264885764	21.2808650809854	14.1819188419465	6.58185868941902	0.385412070677819	0.40745222336994	0.351312056536094
8.51297126170122	3.25339889753174	2.0445385633455	20.0791243763512	13.5250725233265	6.89007602013372	0.416967665703042	0.410220097683343	0.356865931743346
6.26339755536831	3.02085787382469	1.63955981828013	13.6403431426231	12.0972294995315	5.75844030676868	0.39960085471116	0.42402680194316	0.365933971229979
7.88185716778275	3.70116898516912	1.71671524835542	17.633476282007	15.233967964925	6.93424879052192	0.399184799667715	0.402307557722941	0.35413986852451
7.0480648274613	3.51231410308381	1.66500678417472	18.5053968827289	14.2157948186691	6.95672739953721	0.408891911574587	0.482581663437136	0.417181989423652
10.1219261333944	3.37707797882822	3.73420843086178	21.5894184401288	14.1759169393993	7.07891111443719	0.392847829349365	0.375561332220656	0.329703265324794
8.80034036669903	3.39262218362358	1.83940758177635	19.2221379820543	12.8727037685717	6.85955172501489	0.401194124848491	0.455163068681863	0.391661806115709
8.85673163689245	3.49754846464843	2.46272886147267	16.4084312536053	14.4505241266784	6.25558615926936	0.409109385529179	0.395583908993515	0.34832337992072
8.0338214107052	3.39981412040308	1.95225869837122	16.7409177538049	14.1206499069539	6.60533995741282	0.433464188868361	0.479512726635148	0.416152556184511
6.36550567776671	3.08570215414855	1.77830062447623	17.8172078092994	12.443003607472	8.57302692981246	0.403556024504855	0.475462841824057	0.402721023307547
7.71897326616952	3.56937793775691	1.61140823439727	18.54218556254	14.4626010812036	6.94557436554353	0.388237588778927	0.401666677959263	0.347348660823237
6.02247807224083	3.25354115847991	1.60923360355867	17.4041699357816	12.8885731855907	7.64411210819067	0.39909058231121	0.4784963864267	0.408126035101194
12.8446347287842	3.53303398612864	6.89640525194989	19.5144597389373	14.3665522597631	7.52241248735822	0.415263179241825	0.497354473617437	0.42703044858111
6.4628471061088	3.20235293907416	1.6557701946906	15.9284369188995	12.5222324926265	7.28344766425144	0.403200698505957	0.418813452180752	0.363680959172318
6.67727840097952	3.37872298832632	1.6357535571263	13.0414661161627	13.3584797009788	5.6371080161628	0.408969893628478	0.456336528669572	0.395174988166458
7.99546198873963	3.38873793137137	1.84261278092303	16.1308397581277	13.867844227935	6.20290296764726	0.394832770869886	0.429087544793871	0.367811972815092
7.18543853596583	3.33672278473968	2.03542109122024	20.5465221019645	13.5779780194397	8.41811021750757	0.402448343009545	0.497855616181639	0.4274474197663
7.6439283536917	3.57371662411296	1.93036696481769	20.5329189509638	14.4494140178491	7.13155180529071	0.393610526431408	0.43579264129138	0.377882587391673
9.67864388398818	3.40999171046408	3.45291969473897	18.1345928639941	14.3248434438771	7.62087473329624	0.40916217172226	0.478145088940285	0.416160491898083
6.39055534158137	3.14889880015771	1.87059151927974	13.7189522877184	12.4158251367925	5.98460957538901	0.402096466112957	0.420673092507585	0.363423371906663
7.78569349715602	3.64682693008032	1.87579521010022	20.2546910757362	14.5749599069404	8.03704756162401	0.398975615685689	0.476040835891671	0.408785721527859
7.60344379784519	3.45442782817617	1.8804556174417	22.6546386566775	14.6854543792653	8.12260717816393	0.406820876416903	0.526453549772862	0.447220465842226
8.39433054884027	3.82357037691934	1.75980617074721	20.0600607909324	15.225699588978	6.37379180071459	0.400862179163242	0.411713549995993	0.359087252947471
8.8110754950658	3.08621234557204	3.05634705627348	16.9885614520937	12.2343441392189	5.8720723925489	0.418373277588883	0.450466096277076	0.392726835794788
7.4959697950589	3.30401407727253	2.03959888778591	22.0010267282642	13.9444920710012	7.59629868011932	0.392409060561765	0.464769381155758	0.391894930590301
6.15399967209547	2.96492960337417	1.97747921890667	16.0991613519435	12.980909576228	7.27103027336348	0.381865425001028	0.502708223986342	0.418619473895372
9.17057808495418	3.32962255608551	3.61280540933044	18.3473714712634	14.3223539249804	6.07202623806551	0.398169011765156	0.481597832281444	0.40646741679851
7.24867359816649	3.07144150328557	2.09924499819638	18.139550039344	12.4829101122624	6.56074481190865	0.405671204020412	0.451105947387379	0.385714249109317
7.22095093036158	3.18432313023754	1.72644454600965	16.583484913977	13.2621030121665	7.18209374768949	0.400314325375162	0.461211598612018	0.392873722524599
7.45073087613642	3.45299207427068	1.94306649158477	19.1097441891719	13.9773850185342	7.97111101845719	0.390793504209421	0.476589268993396	0.408001428533558
6.93918189881365	3.22013971638447	2.00022738400621	16.7256580811858	13.0434371296986	6.88730124553484	0.381849010563807	0.398193674741591	0.34155169967126
7.37245479059382	3.4863833772356	1.75959774628864	17.9709901966254	15.6670353968911	6.21957367740333	0.393887769152483	0.45881688779361	0.393104899446617
7.48999944612126	3.38845857730281	1.89438473883997	20.667961373724	13.7495680270484	8.64028671107803	0.392452058974385	0.450907710040283	0.382490653314132
7.32394900017949	3.18789781259368	1.92008782009141	15.8490443102336	13.2928503092378	6.69192512435154	0.399157488975111	0.476965922380593	0.406791704116612
9.15233744384882	3.21523996049003	3.29564507060694	20.469685508647	12.794117722367	6.44244175751974	0.401135886267468	0.410281085084577	0.356798956600387
9.35363613325921	3.80498199908069	1.69458945598987	21.7655582406003	14.8014599708311	7.29764589778317	0.399029690011799	0.347204769651064	0.307617012456378
7.59598856804494	3.17163683553031	2.23771107320302	14.5248481926617	12.2987106401968	7.02708180333929	0.393721868929753	0.500539046048319	0.421251951086287
7.21199560648536	3.06742646516616	2.32740391753745	18.3958902916974	12.2482414248589	6.99081724770717	0.403266911955322	0.484747353529087	0.411140440369169
7.85452096392433	3.12760051674493	2.236330627347	20.3728530025846	13.0254402555269	9.2001014019143	0.399105417503031	0.459043969362533	0.391017463375937
7.94808480216194	3.51433567926007	1.77155161880988	21.3892426594386	14.3554382480477	7.85961219920515	0.402038225415769	0.466018481272534	0.402574611140594
8.16071885236992	3.00259136845355	2.05477508949668	19.7431591479959	12.6313275742972	7.30664202879773	0.411228839256242	0.505846559497624	0.429638251614944
6.87746919988438	3.10275362007429	2.30208931836514	23.7564004550204	12.7108251834431	10.0765360931253	0.402534263282942	0.462609622257052	0.395301932185388
10.1386072511609	3.22716638939696	2.96951525863982	21.1072362623296	13.3764589302013	7.53554392064967	0.392257566046404	0.44692511894407	0.380549408842504
7.83664491585991	3.28132258368724	2.62003090344223	21.9654755447124	13.5937230275306	8.71223803746658	0.39872673444237	0.499144809481019	0.427567480165903
7.82128868963241	3.09358810527924	2.07739975999841	17.9031092032885	12.3979348040882	6.79924671737624	0.415937313243825	0.494528126786916	0.416183928175311
8.25728409395169	3.42532518794154	1.86812387680807	17.5193370036121	14.0475663283584	5.8947149364549	0.411622474145226	0.46072320919694	0.39575062681539
11.1517799573866	3.42599938667145	2.94514260278503	19.8563107507788	14.6142205289554	6.52866128782124	0.390426725637388	0.422955611745382	0.363336302718679
7.03318159329556	3.06498732731874	1.90656151893006	19.1223202900113	12.8955714344586	6.92443487804827	0.4161008445877	0.431291565114107	0.374600187203568
7.50467310630383	3.15535089197342	1.80051041093817	16.5718239986193	13.183011422347	6.29070634942844	0.395510294845711	0.436921349574364	0.374545315080911
6.44346159628426	3.17743830659238	2.04899859388508	13.6900881485395	12.8678391519221	6.50022143129494	0.39548371120782	0.432829349435543	0.374218655414195
8.20333357765322	3.70561809899884	1.61360677815378	18.9179759720796	15.2429377122105	6.26187988261626	0.37989220422697	0.392764945769941	0.342729391775618
8.25199384255972	3.44273199534073	2.04722402219575	18.5919037309549	14.0422126285743	6.81109983198628	0.393471328929324	0.354969386073772	0.315653338709801
7.94669818270513	3.42250896893058	1.98862174299319	23.782991910263	13.5524075153009	8.41695151230934	0.398563087028901	0.384523741729027	0.332671668116642
7.82817704696338	3.2726511755281	2.87448035881759	18.0036268362238	13.7328786938025	7.3661622808595	0.410554676380384	0.449673950608039	0.389353693835142
8.95390371615817	3.40238094672127	3.2488523066498	20.3029423454535	14.1954239592362	7.37106088679435	0.400089616001081	0.402096020214609	0.349650611923343
7.73037351752996	3.02985680843327	2.08190306404581	15.2880761491448	12.3783560138412	5.89180373843232	0.399167688726045	0.413581941607089	0.356691267069004
7.44126521370401	3.48455877693665	1.73077558384257	20.1759365452487	14.9732364089478	8.29224862592135	0.391362814607537	0.416206410306033	0.361363407160126
7.31471791980712	3.34431039043651	1.61838093473609	19.0444394634842	14.7099138561178	7.98977393745591	0.405360635294264	0.503099632713224	0.424803912739548
7.70562979992311	3.15189269091205	2.39042998105247	15.6682724406889	13.1096847905822	6.33410486101027	0.378339559697285	0.4507801887075	0.383019918328306
7.87376701912868	2.94356032235283	2.34514532735032	20.2400927543629	12.1789852839189	7.29202164569601	0.399557195210449	0.465718386993879	0.395030792295987
9.0954141597959	3.39639789030643	2.36974225278642	22.3473675855625	14.5623884458581	6.47146445553817	0.394750330865078	0.414931584743711	0.35755251251964
6.80539344070111	3.19500567534138	1.97766431575671	19.0003401637129	13.846136188074	7.66222157060462	0.413598296666759	0.489312279013178	0.42200821914058
9.85724791080465	3.24740182624585	5.8746295155578	19.3692797815555	13.2287988871073	7.63217234521803	0.397800565604496	0.448380037816022	0.382930453519164
7.09644494245164	3.16681885300445	2.0570802149294	18.4140189554631	13.7113929590907	5.86540325494926	0.402224130088362	0.42368393962364	0.368137983550938
9.59797199752142	3.78763328436496	3.20285025414701	27.494150770987	16.2455077469502	7.02829752759112	0.387903561618359	0.380496916674755	0.337349555233779
10.7282208777786	3.19645958595406	6.53172235204419	16.89733277038	13.2005069117549	7.47480289465919	0.389046771574243	0.493598744995958	0.423351765367289
7.48928419790376	3.60658413590456	1.72369088332967	15.8168828788958	14.8208980838833	6.59375225695934	0.400959926186218	0.426973591371637	0.377793629376091
7.76059692813371	3.24302661485886	2.46712953875856	20.1521925766369	13.5271818650239	7.25095103028634	0.398230728079994	0.400018449442368	0.347028831912566
8.29814696719037	3.15391310746697	2.09197216255832	22.6810935175097	12.900648719869	7.91041564730051	0.404057222844045	0.383994094132867	0.332751923752188
7.32690381363444	3.44134545114372	1.73658578410248	19.371347603781	14.120914441295	7.08801125247154	0.425406791475801	0.473318021407166	0.417669573351792
8.62402564541685	3.22446600848157	2.26411660395443	15.8812426784507	13.6699315056583	5.360354976035	0.397712357024564	0.510459702805765	0.432720871731771
7.48466555239727	3.60165841528947	1.70638384234549	18.6868660566233	14.7515876276626	6.74564079689037	0.401683316106344	0.3820658688063	0.340798258581145
8.59316776132381	3.57257671193339	2.07983716306371	19.4606423537257	15.3019945881022	7.81325871067453	0.401883024058792	0.465245901895247	0.403439016872987
9.62394282912072	3.57896477187424	3.47056548380183	17.3500653573298	15.1008035559082	5.72545124741997	0.390242666663495	0.516037904097688	0.437275581662025
7.11057942050436	3.41496392598232	1.75170043444183	17.9280606493553	13.3178805267882	7.19787795709321	0.402215683835751	0.424067408726862	0.366910288294893
8.48019829882122	3.56013210606533	2.06709113850269	21.1501512960892	15.0409736723538	7.00071068680204	0.396003243145789	0.415187637883817	0.364208464683446
6.88404221374159	3.24791928811692	1.49803286160209	14.3761365355728	13.4777547774405	5.87954909355085	0.390120408372282	0.434008243251286	0.370985115095534
7.05607225600798	3.34426933518313	1.58872253813812	14.8305174662048	13.9144115550642	6.32414640698172	0.402487878633278	0.468174081900367	0.397420323382307
9.15522064290353	3.32956619267183	3.10384543650837	24.4014360673479	13.5277268877744	6.73217214831976	0.397777527961324	0.412571815736023	0.356426754097732
8.12269561292916	3.15024871175896	2.82659905606979	21.6935407717279	12.8790210286799	6.93321732678088	0.403804667600175	0.453961895745587	0.390188614163546
7.3788144436643	3.18384292861848	2.0349250904247	15.6349175434428	13.2336867679892	5.73768513306029	0.405352189794681	0.414457381612956	0.360943402683005
6.85875508453099	3.24768893100074	1.57737768499577	15.9850868995054	13.320149265286	6.6939607606049	0.402412597555114	0.454520318648556	0.387497386257537
7.75160800258782	3.40895586376803	2.1545573539404	17.728755039343	14.4925096919292	6.58394356897657	0.387432084707888	0.485246068623763	0.409524857209225
6.96487888498736	3.23815356302078	1.95733345957438	14.7536742592246	12.7751577210544	6.46325198882354	0.404618438535138	0.436864004846197	0.383387426190358
7.50824445813002	3.03673455495334	2.74202227077397	15.9369591837451	11.6101614719263	6.9049780851657	0.384041965059612	0.480080120370171	0.40376056950411
6.08691642143655	3.15541069630493	2.19969432875629	17.7482852050982	12.7780257065994	7.54536832171701	0.405993124060628	0.446295558946093	0.383528656816763
7.92984100664629	3.44953758479703	1.84994894713849	17.1675680432885	13.6887912608868	6.57954500080618	0.40487203831446	0.428106114861042	0.371544554555797
6.36603778066695	2.83665640953357	1.90196563116326	16.2444871624964	11.7516508922948	6.94202509732011	0.423961012537503	0.475478543372937	0.40747804492294
9.53908509072235	3.22152973740649	3.76992799078436	19.2184709367344	13.9019574662054	7.02342260288668	0.38604409711006	0.425949002623537	0.362704288376966
8.12686383526936	3.29861650929941	1.72721327670769	17.5743674778653	13.8093766317444	5.4424091126523	0.3894150788073	0.512299885492698	0.428709041000025
7.40132937077105	3.13343985824517	1.99682684984609	16.6883686716632	12.8386889970056	6.12657942115501	0.390583720262192	0.419491898780854	0.358258203282106
9.72081743665617	3.20270426720733	3.74825544303943	25.4838058513873	12.9950157638371	7.95460221659594	0.395883371495279	0.494250269640973	0.413724304676324
6.87549572353109	3.53118503125674	1.78398599390109	17.2615844969272	14.563329473836	7.67785608531067	0.398460531668107	0.437217182585944	0.378941132059371
11.1588429489088	3.45273390148027	3.56296540978767	23.8064041418176	14.2036080213661	6.97111393827179	0.386136556751442	0.474009739172689	0.403703561129975
8.98189280273855	3.48310015196517	2.17913996802767	15.4483174648645	14.3274040675459	5.21611976700125	0.398505581384816	0.402006043215789	0.350813602016252
8.13006272602252	3.20786034664833	3.10981098103797	19.8325651947583	12.7409887321116	7.07239157231048	0.413267601378044	0.459515103511538	0.397101545148459
6.88788449489771	3.14430297891186	1.61260985119009	16.6390535018209	12.1929320770313	6.7850945117625	0.40574940599274	0.482637721203164	0.40884349070979
8.44604575489037	3.64356220584478	2.03007290529661	17.4384652320384	15.242187562055	6.4678829694311	0.394698855274595	0.484089325330782	0.412455123011556
7.07090384450519	3.26537954810489	1.96564175698704	15.6851028859764	13.4275974052204	6.90177586374139	0.390446759032192	0.447406186951085	0.383893811825946
7.57511315106082	3.19498048363369	2.03651677288543	19.4463301500768	13.4756834376693	7.07853046270421	0.394261681953751	0.445132206170579	0.379764253821067
8.68049028380385	3.45425695124246	2.72343607617752	23.7581196592818	14.009027359691	9.22858628101976	0.387290234274928	0.4052183477608	0.346545188237697
10.0626797892973	3.62468187166796	3.98027231006097	17.677228295804	14.2467622470401	6.52168592284947	0.380023731940296	0.416746513573319	0.357546252021017
6.56389048031317	3.04385622561266	2.29197028471783	16.7303150172422	12.5620707696594	8.50166562535774	0.422468648886395	0.407622956322333	0.354761792100201
7.37196884820048	3.51216519780975	1.64897666350652	16.7808774879602	13.9471839986275	7.1247274907237	0.391881701163184	0.499793562311025	0.422800898854609
8.31195564095227	3.76896368609696	1.60063907541988	17.774821899265	15.1198336499797	6.61052658032782	0.399173534112562	0.445478062043354	0.390175421800017
6.70686127995163	3.25977253055578	1.68007862462085	18.0848089200278	13.59310619729	7.95465340099732	0.411410688525052	0.444241094040776	0.38737831691244
6.15001088113585	3.3554901683065	1.73749353888476	15.0244437216685	16.4884856889586	6.79339486979016	0.400514102092351	0.43311114497138	0.37023262581032
7.47057197799852	3.48727399268183	1.8825651123104	18.6729798053935	13.945424356895	7.84133850434006	0.411370792678345	0.443583541343585	0.383549728757651
9.82558541034545	3.54854742864131	2.38435764130033	19.2448372925448	14.2958994562749	6.80455668269459	0.394414223491974	0.445848122220075	0.383688159898283
8.3231531408251	3.65450933707426	1.72099737700247	21.3869053916976	15.3512252796393	7.36026250263746	0.381209821336004	0.470338726677095	0.398775565214517
7.45423378521033	3.1569948211535	2.30958941140481	19.194934647265	12.7755590538167	7.46532526038818	0.407271464377084	0.371797508699659	0.322983505647618
7.3683292571666	3.36151050528061	1.67727680235529	15.0682857574244	13.6176779566337	6.72251342209466	0.415521875730841	0.470062419778895	0.407461428012202
7.00161803669021	3.23151450102378	1.75759760968417	17.7951503320215	12.903612171931	7.33967138091771	0.402028808548251	0.450373393196581	0.38305795705407
7.73097647522559	3.59720304350207	1.6750858773141	21.5999436711682	15.1897431751496	7.65545602686844	0.385935186673413	0.370823057244967	0.321720934729374
8.26884885615722	3.37883804972062	3.23452215788301	18.565450041905	13.4005718458376	6.26047565484789	0.401260971253269	0.446339489070356	0.382447044952335
8.24167338990329	3.50046592964139	1.62521374199966	18.5705263552565	13.3885628133094	5.57340100628177	0.392305569095038	0.454083979742051	0.388358236332861
7.20205811830889	3.19207368829689	1.94042150631154	17.12922157071	12.9329973112847	7.46368680244616	0.405147313251998	0.509019737113014	0.426250868859072
7.47734512619815	3.2018868620048	2.10239320798373	23.3635394780757	13.6066819542797	8.88079146236939	0.394121439302739	0.401894348499591	0.345678881937882
6.46846579579794	3.10008941774699	1.7803132755526	15.6041839406108	12.8890090492709	6.9938743890041	0.40641729194173	0.5371240212675	0.452454403181188
8.41190057232599	3.31262430052508	2.49852145932619	19.9816720711457	13.2238103373664	6.85799921111088	0.39652984205273	0.339773891460964	0.299565682275546
7.9604717941238	3.34456164855628	1.67363558847598	16.443708983244	13.264956712305	6.34074286303025	0.390981165229139	0.466048754780151	0.398096172707829
6.26689285628274	3.08271303035504	1.59715541555176	15.0910152807859	11.882613870291	7.93703538442038	0.401546113597163	0.470883198249941	0.40011378127652
6.66598292249447	2.91117935549671	1.69956298600509	17.9318060486744	11.7021394235846	7.9169539512515	0.398232874422246	0.406626893285296	0.347097844912407
7.86922667950823	3.49445243716567	1.60360612141726	18.0349479536603	14.4780371170747	7.13048129156942	0.407978758615267	0.445795084566783	0.388824206049217
7.47701946024102	2.58026747605382	4.51486306004975	11.5431306283493	10.7505854248685	6.25636251764504	0.409341555688972	0.423878418135671	0.3632895928209
8.40765098835352	3.40908967398334	2.31774535805877	23.8514586178294	13.9131100662905	8.12116848130358	0.401674677437398	0.443883648166182	0.385526979840424
6.72327314990414	3.48601122629541	1.57909043547173	15.3095026815918	14.0969780388305	7.18937256243621	0.414118128973192	0.43772904257081	0.381359501261834
8.12984371414504	3.58822447738419	1.92798211578195	17.8473110989918	14.1001988579689	7.35884417362322	0.396002627101482	0.493544439281621	0.420937851076421
7.49468528292157	3.2061434389475	1.73633314675131	16.3081761087686	12.8496844037624	7.60717449916304	0.416101222834484	0.394166203390622	0.344310287214588
7.95842134631635	3.6983579228618	1.98282261966947	15.6219687191464	15.3980958456927	6.8558048181696	0.377627572949159	0.390526533913085	0.344767808331786
9.7483104142246	3.58557232703514	2.13655740662142	22.2838213288864	13.9423210393413	6.31681123761237	0.398449421363474	0.393579686777585	0.343529415026897
8.31813879712849	3.6875487217605	1.74830552529725	23.5293444088658	15.162171822838	8.48979110925644	0.383254366207132	0.500042956700587	0.420372535846739
8.0705270698479	3.69737830596051	1.57965701722481	16.0810140513945	15.0074396506186	5.69284468257399	0.383992939781985	0.475566359452238	0.406008401051622
7.66500438824363	3.25321910189259	1.55933500480821	17.4566808473508	13.2763054554223	7.22981327388175	0.404251056940238	0.427168483024565	0.36952966637185
7.53939034436478	3.68911061201085	1.66389243432421	17.8491689124923	14.7616014468103	6.93752351482283	0.393332338433552	0.420279880476262	0.364819460744756
8.17176409081235	3.33023945019978	2.73495851817865	18.294652850148	13.8803826449621	5.92127009613168	0.379954988286653	0.376076771746396	0.326498160117264
8.6748470436615	3.46456331435116	2.24669914721054	19.1814772701645	13.2091065749286	6.08981325361244	0.406055450697178	0.45730802159029	0.392670372934417
8.39648955487854	3.28978503566497	2.08299948968149	17.6938488767758	13.6167433309164	7.044310308558	0.402352243755825	0.483209991333963	0.407719412710202
8.32543021886008	3.75414884078914	2.06913150914876	23.5915384826509	17.4070608202406	7.89649234311014	0.412127095707049	0.53385217731817	0.451686177756917
8.8119049793914	3.73046980560964	1.67712828019503	19.2031505701566	14.5144129317499	6.80947317743573	0.405848471722548	0.438859020446052	0.381106643468565
7.873162870953	3.64450528180278	1.93063766452981	19.395376048729	14.7764728659642	6.99387513577104	0.38641775916378	0.489778962520389	0.418143046716172
8.20160978560817	3.17729701843839	2.81977581748163	18.8201406983937	12.0761481108523	8.67391197990991	0.418423733314075	0.489360488526851	0.418485063470192
7.85418414488973	3.54154256732454	1.89619339306103	22.4836507297573	14.2880855391472	8.83564487179582	0.387676885792619	0.390593331098114	0.345674568675572
7.73663763416819	3.76478207057197	1.54774343192194	19.4110554018709	14.0010017016787	7.99433084780978	0.400883295532174	0.414207028028983	0.356254489711016
7.82649810871459	3.5209552751397	1.55271939069188	15.80490334429	13.6220446062538	5.99954836634407	0.382420314038717	0.478851749670753	0.407532442758061
7.68663097276171	3.68496549435663	1.75414575954056	17.6235677471132	15.3441980613802	6.25463593522018	0.397635500767882	0.503127966655883	0.428471649146628
7.28261418669318	3.02835561893359	2.69777124551865	17.2848896343517	12.5749687528921	7.62506383415644	0.393037775832603	0.424892665517552	0.360798254625455
6.91047183869768	3.07861963891262	1.84798376490214	14.6781339769128	12.2833778522295	6.07616014924664	0.40718981975678	0.505576330209548	0.430801337163314
8.00841365630541	3.47940409414152	2.09349536998121	16.5507562273677	13.7821385278042	6.49280190453201	0.387553791691847	0.381801324520391	0.333707187307692
7.99641196566485	3.32232567931175	1.94056333336018	21.9446068932974	13.6917031207479	7.23969089090732	0.393613483314356	0.428916558935597	0.368011913675105
8.07601260753486	3.58597731394598	1.89459560283837	21.9495679384538	14.920338717014	7.2360558580856	0.38964647951037	0.386790383245469	0.341238340318061
7.28645456227653	3.11529972130858	2.48652610766485	27.9505738251374	12.8645582771605	9.30431062233266	0.415661036899107	0.478091551770295	0.408748008607264
7.57154545891321	3.44930633057182	1.72117711535281	20.4657275992695	13.7914145599088	7.2076390529746	0.416236993765391	0.463644756013464	0.397371011600274
6.25043864930104	3.0975909958086	2.00882857326832	20.420831430053	12.9740235649771	8.72692002334685	0.386776309174589	0.374666797650383	0.323416417202688
7.04828167068085	3.15982626644103	1.87811924266583	17.4007345254345	13.2272503249083	7.54156911629866	0.399200063613164	0.499207651809583	0.420950573724451
6.68964324481086	3.17231799802968	1.9191694367115	18.8673126488657	13.104634952066	8.99040173830876	0.390818909206851	0.52086968525242	0.438569390896112
7.26699299719261	3.40865119150071	1.9906677239427	17.5500691832941	13.5655969363157	6.2159032552969	0.396792959229417	0.437801205226823	0.380879551759938
6.75580479559772	3.19936995637783	1.61968324210487	17.2125532757071	13.0032209943307	7.44325027181227	0.413459009623973	0.423133758279131	0.368308666603742
9.4525437726355	3.42538853257073	1.98820479792963	19.6764568154137	14.5392869265115	6.50899119534574	0.398868300514561	0.411759852815159	0.355276068247849
7.63099294662102	3.66338033616743	1.85822753180169	23.6791502532181	14.6123533867683	8.34348186702697	0.407797313718867	0.435569060734845	0.38053492118295
7.00061487822295	3.5618535889795	1.54584711549233	17.5956914651517	14.7784389008205	7.08250582615399	0.386834865746389	0.462635709153546	0.396452666180386
9.89595502123735	3.37860081596658	4.41622104268043	21.6456188858019	14.2560324095442	7.37174441863262	0.404211799154923	0.439534133408696	0.374826124315243
9.04233966139602	3.49900559333799	2.43861473993927	21.2120342996717	14.4219484562825	6.53030098533242	0.402836978163862	0.489509321713377	0.417145833874176
7.83255393133018	3.34519447279167	1.72223703197806	17.4810677761331	14.0191486051979	6.30144397028756	0.402046337400198	0.388130150064139	0.343275883895675
7.48369845621378	3.27908132385931	1.97530461195911	22.1563217865308	13.2739484056174	8.77892365164635	0.407854129576388	0.448080272949493	0.384908863461069
7.06912730094662	3.40323487682689	1.86006232889786	19.2830143368133	13.9074686310429	7.67237290513759	0.390646843313568	0.391271822840491	0.340043740163225
9.36873816393711	3.4067933882672	2.85497874203281	17.0396356859968	13.9509708934771	6.26222760576114	0.380661535510956	0.361386751720364	0.315229064823767
9.07577622866426	3.65838040595187	2.20364354446985	19.0006367198207	14.5652394572749	6.21738807298044	0.401836293186488	0.453379380983561	0.388940043883399
7.63844849687893	3.44899298722927	2.08254740171855	21.3698631235754	14.4334182717692	7.89273407594218	0.413447809466824	0.505456385404636	0.428658425861776
7.76366930890755	3.24972114973328	2.53080665047608	20.5435065753127	13.6037716518145	7.22606961704529	0.390700264212537	0.521866568998462	0.438397070232899
7.15975800738822	3.5917269815727	1.70361187620317	19.5598028561213	15.0243065041243	7.19261389195007	0.391821818538726	0.469541300399889	0.402949549849079
7.21098348449988	3.28988696870129	1.77773768818124	17.7420752178963	13.1142299812514	6.47301273503625	0.405101589823387	0.414904474155766	0.361299574137347
9.37997568113472	3.44834888640195	2.72702388985706	18.8126434556288	14.1142592783398	6.32897233083591	0.400438355839917	0.410431967875211	0.356798544296282
7.52918179614637	3.73757121653558	1.63773862143422	17.3278325807062	15.8453544130384	6.37971347131069	0.408272885283563	0.448562597855615	0.391215811847266
7.91600690504625	3.71011476831126	1.60212953394306	17.6403937489771	14.9142999751486	6.47607786850848	0.394514321805409	0.440819868427053	0.383676636940266
7.9164572999187	3.42233324271529	2.00689663023044	16.8073829882652	13.479072875542	7.31648800866918	0.411324378687824	0.500498193371352	0.426504565580095
7.36406670989091	3.12900002582714	1.81133947293847	22.1399429935808	13.1787131497732	8.63605451814631	0.412631604406767	0.468439787126039	0.398004835486815
6.74535260838849	3.201784700639	1.62370233104633	16.1323768246633	12.9591085299739	6.77572655767636	0.386799089493492	0.450150855067806	0.381262161457105
7.23137587174534	3.00404523917069	2.04959200883976	17.555050246221	11.8365457545049	6.03189579254096	0.416216890437132	0.504445882104964	0.42606912205361
8.49924784831406	3.446308111915	2.12386021416214	25.7640762233167	14.1036551815719	8.36245803584169	0.412251157584721	0.417508538215042	0.360013510239215
8.27662341086138	3.3571220353708	2.2247252665056	18.5233671912411	14.3635311750638	6.71400563499093	0.404635689031568	0.45564672997587	0.389392759334568
9.00204138533564	3.2807930976968	4.37372780195152	20.0910141752145	13.453800052606	6.70010619836489	0.408497068214373	0.449736131530537	0.391327169005421
6.38619843129211	3.08047397768486	1.81562402446199	16.7326226556167	12.8658659051916	8.18648240644176	0.415160534129144	0.418137533617495	0.364068747890841
6.5787245188783	3.12032181203721	1.71076791626491	16.9144303821845	12.9747140408181	8.0619550180964	0.413208367436881	0.416725806180665	0.363362973176086
7.9079447980593	3.34011797038214	1.89265137884237	18.4945885052859	13.9584763196484	6.20347585013959	0.402174938220708	0.438316971962843	0.374157727852949
8.88715648870282	3.50798494372674	2.9794221829878	23.1159418788851	14.5493108115484	7.26497834598706	0.401746566906566	0.457633926994574	0.397540398564302
7.65411515125957	3.5610877704654	1.72567456691765	18.8280972005183	13.7884790279887	7.12183310333089	0.396990047137869	0.455679984673924	0.391226702715735
7.17918094288135	3.07620985047334	2.68891577221229	18.908518340082	13.3611181112218	7.90627574130839	0.407175324620528	0.457154032162639	0.388697216506828
7.95221352329903	3.41847029933419	1.88972560426979	14.9926404592523	13.8869190127735	6.48929307277407	0.385081294684289	0.4157430619507	0.3573434358104
7.76520724767764	3.34265321426315	1.80142615067192	20.5726802446394	13.2468034244031	7.51457050465823	0.395864494570852	0.438331902313904	0.372842852145489
6.86490492261828	3.0904042068732	1.78445684619863	19.3154024065467	13.0050454882504	7.55533934558675	0.398812320063685	0.447917376274525	0.378289166367471
8.1246120815866	3.05183075212608	2.63663531783615	18.1547389219684	12.0494545411541	6.87390421425622	0.408645303975251	0.409645132692817	0.358187522932324
7.85900717594026	3.35572463497077	1.91357261571218	19.416597986164	13.5074590901323	6.21794535630254	0.395902953885442	0.447647862069002	0.386099498801116
8.3456006261113	3.20219380758979	2.13156742985877	19.0721840702338	12.9266078044506	7.05759301513427	0.405935518703643	0.454616539775824	0.383747490141006
6.80242175173059	3.1515182384086	1.72295345569007	19.7179223793231	13.0279360355373	7.52062249771625	0.416533890339912	0.475749146932851	0.406630482006582
7.94072769306564	3.36065015027867	1.66474034742179	17.9402516067992	13.6256820904971	6.27627494881291	0.397376144544693	0.452920442347971	0.386377655016768
7.46405984091545	3.34598100964207	2.0404921761297	19.4518986805546	13.2130548266702	7.65056546351786	0.398908708417404	0.41221731267467	0.352130699097537
8.7191958776123	3.44278710904727	2.20244721387661	24.5501263891933	14.0160502475457	8.36323625005864	0.388909199086008	0.382956616307472	0.331933059092428
9.73435522964203	3.9243614581818	2.08155871482751	22.5739562409222	15.2327780378961	7.34304407318919	0.377643705814352	0.363312930201675	0.327425238953881
7.77887924522735	3.34951761584794	1.97899462462417	17.8288209152439	14.0011379542061	7.44949691565187	0.420369595988373	0.497750885956717	0.428387556315656
6.89577193792136	3.2925558840167	1.71860155266984	18.0337649790025	13.2349289091161	7.23661832846827	0.404336985744436	0.418070053469558	0.365094999377539
9.21443335178622	3.5415110969397	2.09264161681441	26.0465451068046	14.8605624057479	8.52756547742008	0.38797423253648	0.492384884078265	0.416192050612206
7.71080075073214	3.38388125125456	2.04253875431043	18.8790464804491	13.7788217017835	6.80777344278235	0.402883935956643	0.402782486355891	0.348533327903094
9.97393670644224	3.40805912994884	4.27001379610041	31.3302477898992	14.9409970194926	7.68248757186896	0.406034321424026	0.409496955889288	0.353731169304052
11.7174890310439	3.48387957748824	3.99727353920049	19.6792595688775	14.0709499999431	5.75945810845739	0.396321144194081	0.442004470470806	0.383596676119879
7.70344309628132	3.56708816776693	1.77406973724709	18.4553471814302	14.6518772010747	6.70960444209315	0.398534101687242	0.48774586762954	0.414351805529477
7.45459908623651	3.85288605080412	1.81229727653582	20.6658518432056	17.706504681515	8.22005882086556	0.39433627575515	0.529372473293529	0.448082477663966
7.23386402629418	3.35935485378404	2.00877585074711	18.018644290642	14.378251667548	6.57992446437549	0.401468638910926	0.475530495816572	0.400225468279965
8.68937156435268	3.81011373657032	2.08697623693451	22.0765994062648	15.2893672697264	7.23983136964697	0.405090195455933	0.365735667045093	0.335303401664646
7.19961705184057	3.19644403390554	1.96813809429669	22.3329391228003	13.4897362889114	8.0140421486378	0.411156501933969	0.417354696096423	0.359628347105607
7.62634016361209	3.65933834912215	1.8564967039325	19.0914719790715	15.9982440260099	6.49757324325751	0.39082660067769	0.45122756135015	0.38743768579819
7.79811083983616	3.47407174385211	1.7527242932858	19.4790827463679	14.4336541247247	7.88044247014599	0.396015130419453	0.368078956654528	0.320454066103622
7.99233454638118	3.25681339608309	2.00877820132639	24.8085888552168	13.2778010761598	8.6397976431641	0.392571163865788	0.345107581824326	0.306697937647652
7.55226267782949	3.23126722208762	1.88391320998815	19.9871968045506	13.1252694500126	7.87887906616185	0.390008857488058	0.444150843298798	0.376432603975944
7.7923025315527	3.55855265433917	1.77290410965817	16.3555292578562	14.7263745261661	5.51932750947138	0.405098741514635	0.505483740583657	0.431087259174884
7.43567943716442	3.24836954036094	1.65385739528865	16.4990180132747	12.783721374572	7.43808722636735	0.406873334617351	0.488759729379198	0.413168891256476
8.70197462603327	3.32531723546397	2.41981627835375	18.1650475378188	12.8034696183269	7.05737095128323	0.400652046914879	0.420162056459111	0.363017918783457
6.26714006696913	3.18190013157437	1.57791805969228	15.4760098488156	12.333782403475	7.77924981021033	0.391873453715939	0.561110770879034	0.463763799445842
8.54387053303356	3.42445579936471	2.45926544429912	20.7858019768626	13.7525094430388	7.22442591441676	0.409184866257989	0.494910235016094	0.428119115605997
7.11474109312862	3.13912876041092	2.3178925367568	26.2196922382713	13.2634491382804	9.63129466079414	0.399674228363161	0.414004269745435	0.357742221650518
8.21942159365643	3.47092246992536	1.96915562614173	20.1671401088781	14.3362768645049	8.13855118716354	0.390949808048567	0.449424812898865	0.38428320245835
6.84675531150873	3.12093163153096	2.10126826929466	20.6953677343417	12.8836676917044	8.01713428817206	0.381933659511318	0.442837091013161	0.377879919927955
6.90762133501812	3.43959360423605	1.62807165454585	17.6493382656163	14.3883398236269	7.41909838228404	0.383693813774017	0.411991813956075	0.354099442490839
7.2850368068563	3.29082456199556	1.68497694692347	16.2842000712958	13.9520969616537	5.96814644712291	0.404205816607324	0.411889892398654	0.357495308866717
8.79875259507621	3.20735866721894	2.06557893313757	18.5388738813359	12.8900795243598	6.65455505263792	0.404320996354918	0.449312069095112	0.386198720109542
6.60122289224548	2.96162039726333	1.93704838950561	20.3389476349304	12.5098892742748	8.31808589484156	0.396418196696712	0.398086189639286	0.346508286840097
7.0647944627237	3.12062191153062	2.15992980508039	22.3775158065072	12.3576132194183	7.85177412415472	0.420104785065605	0.46698652956549	0.40264921636889
8.67073064869724	3.14477652105119	2.96190408753252	19.1990365046316	12.9333197743855	6.81728006286553	0.393996527871887	0.36570661654117	0.318052906274436
8.48711970527565	3.48934667227175	2.39044520695721	25.049403068819	13.9544596064803	7.98341297093589	0.397127737796909	0.520492032664945	0.435914518290986
8.06811143633741	3.4200535547502	1.84526427454695	22.3796802412213	14.0252346986152	7.7660221148805	0.399473416039317	0.402378523449486	0.349219380608063
8.14650215842674	3.18947233542704	2.33275991598939	19.4717311037348	13.7974772422501	6.16042761329666	0.398862004235244	0.451889812672353	0.381084276748556
7.08696521876369	3.17838647138939	1.94757354056797	19.105940367578	13.1546753696666	7.14505007792006	0.40483365311996	0.423123458140772	0.37006775917917
7.53499014749046	3.35624739540328	1.96677581993667	20.2799893319352	13.5342338823945	6.44472264756122	0.390509164115206	0.390168029162668	0.341177781270647
7.83382220266608	3.15014583952253	2.52999880035126	25.9769735211098	13.2696748674972	9.48384375257445	0.382745449354874	0.446809007312529	0.378540106056984
7.18266168673446	3.27566633106093	1.73336772424183	18.7298658662886	12.6550698420781	6.97095048157598	0.409000030854709	0.474109469044061	0.400508104431964
7.66585913128465	3.51226025840386	2.03695174299362	18.8397969148963	14.6251746982568	6.85551429687109	0.403334377616832	0.48921722037696	0.41625780085294
6.8396777812922	3.24413195192735	1.83628451562996	15.5168276484405	12.9979504100769	6.54621860428355	0.384447661384575	0.488455265245642	0.412763781632156
7.58763172465115	3.35387187613957	1.96572292840786	23.0343329615148	13.7229156793676	8.05422300333869	0.421410263335156	0.458291863083282	0.399165645585245
9.11043564784902	3.61717061807126	1.8698390016198	19.8940798043703	13.8849362832334	6.5516934916105	0.393806682468594	0.405930618481203	0.348301072918663
13.2288200329881	3.62732526154927	7.55868798004581	16.9863634779112	14.9581730513585	5.72346182065535	0.3883840920595	0.396378281084142	0.350727155451268
8.28982166227474	3.49965166025611	2.21119285709783	18.5959883140408	14.8539773069876	6.5643325175352	0.398322172702332	0.409831687180885	0.357243818071554
8.19109820852766	3.39922547352056	1.95592888952534	17.1089782580856	14.0776938865069	6.09799166049238	0.387026601443285	0.396796009708476	0.345280089534073
7.71723459940616	3.25641927731859	2.1465261277835	17.5933678142614	12.766046567541	6.73579009204906	0.388699386508529	0.445196293520574	0.380272873215539
6.36466462722151	3.11476325716578	1.60343496736292	15.6758984178663	13.1752636853372	7.04691855324411	0.390120880648491	0.467471076661424	0.394759663378943
7.96912950452458	3.51648450141969	2.01176332788234	19.0684761753361	14.687054005943	6.70254361813553	0.403238168869967	0.420890415751237	0.367884569485955
7.73547124859371	3.10464133100278	3.06116657009056	16.4457658444171	13.266713898466	6.9157645046823	0.410716936903105	0.528268576456418	0.447587560147794
8.93656145853506	3.27767064440909	2.60870366699899	33.0065932873611	14.0364175580781	9.74212936575306	0.390239575859869	0.430566819855361	0.36917502336008
7.05008598423618	2.98389497960405	1.99174243815491	21.73517671356	12.1476121486046	8.34944302083652	0.407261800494182	0.457907539949262	0.391369323744891
