IQ-TREE multicore version 2.3.6 for Linux x86 64-bit built Aug  4 2024
Developed by Bui Quang Minh, Nguyen Lam Tung, Olga Chernomor, Heiko Schmidt,
Dominik Schrempf, Michael Woodhams, Ly Trong Nhan, Thomas Wong

Host:    alpha2.cvr.gla.ac.uk (AVX512, FMA3, 4031 GB RAM)
Command: iqtree -s redcap_plus_la_plus_outgroup_stripped_aln.fa -m GTR+G -bb 1000 -alrt 1000 -o KF154998 -nt 2
Seed:    601728 (Using SPRNG - Scalable Parallel Random Number Generator)
Time:    Wed Apr  8 11:54:21 2026
Kernel:  AVX+FMA - 2 threads (224 CPU cores detected)

Reading alignment file redcap_plus_la_plus_outgroup_stripped_aln.fa ... Fasta format detected
Reading fasta file: done in 0.323872 secs using 96.02% CPU
Alignment most likely contains DNA/RNA sequences
Alignment has 1816 sequences with 11937 columns, 5762 distinct patterns
4574 parsimony-informative, 822 singleton sites, 6541 constant sites
           Gap/Ambiguity  Composition  p-value
Analyzing sequences: done in 0.0449827 secs using 202.2% CPU
   1  AB377128    98.30%    passed     94.46%
   2  AB377127    98.30%    passed     95.81%
   3  AB377126    98.30%    passed     94.46%
   4  AB377125    98.30%    passed     99.59%
   5  KF831540    98.16%    passed     63.83%
   6  AY649953    97.84%    failed      3.88%
   7  AY649952    97.84%    passed      5.01%
   8  AY649951    97.84%    failed      2.88%
   9  AY649950    97.84%    failed      3.37%
  10  AY649949    97.84%    failed      2.22%
  11  AY649948    97.84%    passed      7.77%
  12  AY649947    97.84%    failed      3.96%
  13  AY649946    97.84%    passed      6.08%
  14  AY649945    97.84%    failed      2.88%
  15  AY649944    97.84%    failed      3.09%
  16  AY649943    97.84%    passed      9.44%
  17  AY649942    97.84%    failed      4.13%
  18  AY649941    97.84%    failed      2.98%
  19  AY649940    97.84%    failed      2.66%
  20  AY649939    97.84%    failed      3.71%
  21  AY649938    97.84%    passed      5.37%
  22  AY649937    97.84%    passed      8.68%
  23  AY649936    97.84%    failed      3.71%
  24  AY649935    97.84%    passed      6.28%
  25  AY649934    97.84%    failed      2.98%
  26  AY649933    97.84%    passed      7.11%
  27  AY649932    97.84%    passed      9.09%
  28  AY649931    97.84%    failed      4.45%
  29  AY649930    97.84%    failed      3.71%
  30  AY649929    97.84%    passed      5.39%
  31  AY649928    97.84%    passed      9.95%
  32  AY649927    97.84%    passed      8.68%
  33  AY649926    97.84%    passed     17.98%
  34  AY649925    97.84%    passed      6.46%
  35  AY649924    97.84%    failed      4.97%
  36  AY649923    97.84%    failed      4.61%
  37  AY649922    97.84%    passed      8.68%
  38  AY649921    97.84%    passed      6.67%
  39  AY649920    97.84%    failed      4.45%
  40  AY649919    97.84%    passed      7.11%
  41  AY649918    97.84%    failed      4.97%
  42  AY649917    97.84%    failed      4.97%
  43  AY649916    97.84%    failed      3.37%
  44  AY649915    97.84%    passed      7.77%
  45  AY649914    97.84%    passed      5.70%
  46  AF269292    97.84%    failed      3.58%
  47  AF269291    97.84%    failed      3.58%
  48  AF189361    97.84%    passed     28.32%
  49  AF189360    97.84%    passed     36.23%
  50  AF189359    97.84%    passed      9.98%
  51  AF189358    97.84%    passed     15.71%
  52  AF189357    97.84%    passed     16.38%
  53  AF189356    97.84%    passed     17.15%
  54  AF189355    97.84%    passed      7.47%
  55  AF189354    97.84%    passed     12.91%
  56  AF189353    97.84%    passed      6.94%
  57  AF189352    97.84%    failed      4.21%
  58  AF189350    97.84%    passed      5.20%
  59  AF189349    97.84%    passed     10.92%
  60  AF189348    97.84%    passed      9.55%
  61  AF189347    97.84%    failed      3.71%
  62  AF189346    97.84%    failed      4.97%
  63  AF189344    97.84%    failed      4.97%
  64  AY192397    97.84%    passed      6.46%
  65  AY192396    97.84%    passed      6.67%
  66  AY192395    97.84%    passed      5.64%
  67  AY192394    97.84%    passed      5.64%
  68  AY192393    97.84%    failed      3.58%
  69  AY192392    97.84%    passed      9.95%
  70  AY192391    97.84%    failed      4.13%
  71  AY192390    97.84%    failed      4.97%
  72  AY192389    97.84%    failed      3.71%
  73  AY192388    97.84%    passed      5.70%
  74  AY192387    97.84%    passed     10.45%
  75  AY192386    97.84%    passed      7.17%
  76  AY192385    97.84%    passed      7.47%
  77  AY192384    97.84%    failed      4.97%
  78  AY192383    97.84%    failed      4.61%
  79  AY192382    97.84%    passed      7.11%
  80  AY192381    97.84%    passed     12.70%
  81  AY192380    97.84%    passed     20.20%
  82  AY192379    97.84%    passed      9.54%
  83  AY192378    97.84%    passed      6.08%
  84  AY192377    97.84%    failed      4.13%
  85  AY192375    97.84%    passed      7.47%
  86  AY192374    97.85%    passed     13.24%
  87  AY192373    97.84%    passed      9.54%
  88  AY192372    97.84%    failed      4.97%
  89  AY192371    97.84%    passed      9.95%
  90  AY192415    97.84%    passed      6.28%
  91  AY192413    97.84%    passed      9.95%
  92  AY192412    97.84%    passed     12.91%
  93  AY192411    97.84%    passed      8.22%
  94  AY192410    97.84%    passed     11.64%
  95  AY192409    97.84%    passed      7.47%
  96  AY192408    97.84%    passed      7.47%
  97  AY192406    97.84%    failed      4.97%
  98  AY192405    97.84%    passed      6.46%
  99  AY192404    97.84%    failed      4.97%
 100  AY192403    97.84%    passed      9.44%
 101  AY192402    97.84%    failed      4.97%
 102  AY192401    97.84%    passed      5.70%
 103  AY192400    97.84%    passed      9.98%
 104  AY192399    97.84%    passed     10.45%
 105  AF276903    97.84%    failed      4.97%
 106  AF271113    97.84%    failed      2.88%
 107  AF271112    97.84%    passed      5.64%
 108  AF271111    97.84%    passed      6.70%
 109  AF271109    97.84%    failed      3.93%
 110  MT872395    97.80%    passed     37.86%
 111  EU530729    97.79%    passed     48.24%
 112  EU530728    97.79%    passed     33.36%
 113  EU530727    97.79%    passed     33.36%
 114  EU530726    97.79%    passed     33.36%
 115  EU530725    97.79%    passed     42.86%
 116  EU530723    97.79%    passed     67.19%
 117  EU530722    97.79%    passed     67.19%
 118  EU530721    97.79%    passed     67.19%
 119  EU530720    97.79%    passed     71.36%
 120  EU530719    97.79%    passed     71.36%
 121  EU530718    97.79%    passed     71.36%
 122  EU530717    97.79%    passed     67.19%
 123  EU530716    97.79%    passed     71.36%
 124  EU530715    97.79%    passed     68.07%
 125  EU530714    97.79%    passed     67.19%
 126  EU530713    97.79%    passed     67.19%
 127  EU530712    97.79%    passed     71.36%
 128  EU530711    97.79%    passed     73.31%
 129  EU530710    97.79%    passed     72.71%
 130  EU530709    97.79%    passed     73.31%
 131  EU530708    97.79%    passed     73.31%
 132  EU530707    97.79%    passed     73.31%
 133  EU530706    97.79%    passed     71.36%
 134  EU530705    97.79%    passed     71.36%
 135  EU530704    97.79%    passed     73.31%
 136  EU530703    97.79%    passed     73.31%
 137  EU530702    97.79%    passed     73.31%
 138  EU530701    97.79%    passed     71.36%
 139  EU530700    97.79%    passed     71.36%
 140  EU530699    97.79%    passed     68.07%
 141  EU530698    97.79%    passed     73.31%
 142  FJ228687    97.79%    passed     64.08%
 143  FJ228675    97.79%    passed     28.17%
 144  EF377695    97.79%    passed     48.07%
 145  EF377694    97.79%    passed     48.07%
 146  EF377693    97.79%    passed     48.07%
 147  EF377692    97.79%    passed     42.94%
 148  EF377691    97.80%    passed     43.08%
 149  EF377690    97.79%    passed     48.07%
 150  EF377689    97.79%    passed     48.07%
 151  EF377688    97.79%    passed     48.07%
 152  EF377687    97.79%    passed     48.07%
 153  EF377685    97.79%    passed     48.07%
 154  EF377684    97.79%    passed     45.06%
 155  EF377683    97.79%    passed     48.90%
 156  EF377682    97.79%    passed     48.07%
 157  EF377681    97.79%    passed     48.07%
 158  EF377680    97.79%    passed     48.07%
 159  EF377679    97.79%    passed     36.46%
 160  EF377673    97.79%    passed     48.07%
 161  EF377672    97.79%    passed     48.07%
 162  EF377670    97.79%    passed     48.07%
 163  EF377655    97.79%    passed     48.07%
 164  EF377654    97.79%    passed     48.07%
 165  EF377653    97.79%    passed     48.07%
 166  EF377652    97.79%    passed     46.19%
 167  EF377651    97.79%    passed     46.19%
 168  EF377650    97.79%    passed     46.19%
 169  EF377649    97.79%    passed     46.19%
 170  EF377648    97.79%    passed     46.19%
 171  EF377647    97.79%    passed     46.19%
 172  EF377646    97.79%    passed     46.19%
 173  EF377645    97.79%    passed     46.19%
 174  EF377644    97.79%    passed     46.19%
 175  EF377643    97.79%    passed     46.19%
 176  EF377642    97.80%    passed     46.71%
 177  EF377641    97.79%    passed     49.84%
 178  EF377640    97.80%    passed     44.32%
 179  EF377639    97.79%    passed     42.94%
 180  EF377638    97.79%    passed     42.94%
 181  EF377637    97.79%    passed     42.94%
 182  EF377636    97.79%    passed     42.94%
 183  EF377635    97.79%    passed     42.94%
 184  EF377634    97.79%    passed     42.94%
 185  EF377633    97.79%    passed     42.94%
 186  EF377632    97.79%    passed     42.94%
 187  EF377631    97.79%    passed     42.94%
 188  EF377630    97.79%    passed     42.94%
 189  EF377629    97.79%    passed     42.94%
 190  EF377628    97.79%    passed     42.94%
 191  EF377627    97.79%    passed     42.94%
 192  EF377626    97.79%    passed     42.94%
 193  EF377625    97.79%    passed     42.94%
 194  EF377624    97.79%    passed     42.94%
 195  EF377623    97.79%    passed     42.94%
 196  EF377622    97.79%    passed     42.94%
 197  EF377621    97.79%    passed     42.94%
 198  EF377620    97.79%    passed     42.94%
 199  EF377619    97.79%    passed     42.94%
 200  EF377618    97.79%    passed     42.94%
 201  EF377617    97.79%    passed     42.94%
 202  EF377616    97.79%    passed     47.81%
 203  EF377615    97.79%    passed     42.94%
 204  EF377614    97.79%    passed     40.29%
 205  EF377613    97.79%    passed     36.46%
 206  EF377612    97.79%    passed     29.35%
 207  EF377611    97.79%    passed     39.78%
 208  EF377610    97.79%    passed     33.36%
 209  EF377609    97.79%    passed     33.36%
 210  EF377608    97.79%    passed     33.36%
 211  EF377607    97.79%    passed     33.36%
 212  EF377606    97.79%    passed     33.36%
 213  EF377605    97.79%    passed     33.36%
 214  EF377604    97.79%    passed     33.36%
 215  EF377603    97.79%    passed     33.36%
 216  EF377602    97.79%    passed     33.36%
 217  EF377601    97.79%    passed     33.36%
 218  EF377600    97.79%    passed     33.36%
 219  EF377599    97.79%    passed     33.36%
 220  EF377598    97.79%    passed     33.36%
 221  EF377597    97.79%    passed     33.36%
 222  EF377596    97.79%    passed     33.36%
 223  EF377595    97.79%    passed     33.36%
 224  EF377594    97.79%    passed     33.36%
 225  EF377593    97.79%    passed     33.36%
 226  EF377592    97.79%    passed     33.36%
 227  EF377591    97.79%    passed     33.36%
 228  EF377590    97.79%    passed     33.36%
 229  EF377589    97.79%    passed     33.36%
 230  EF377588    97.79%    passed     33.36%
 231  EF377587    97.79%    passed     33.36%
 232  EF377586    97.79%    passed     33.36%
 233  EF377585    97.79%    passed     33.36%
 234  EF377584    97.79%    passed     33.36%
 235  EF377583    97.79%    passed     42.09%
 236  MT872392    97.79%    passed     29.35%
 237  MT872391    97.79%    passed     32.12%
 238  MT872390    97.79%    passed     32.12%
 239  MT872383    97.79%    passed     29.35%
 240  MT872379    97.79%    passed     33.36%
 241  AY561806    97.77%    passed     46.25%
 242  AY561794    97.76%    passed     25.43%
 243  AY561822    97.76%    passed     26.28%
 244  AY561821    97.76%    passed     28.77%
 245  AY561820    97.76%    passed     26.28%
 246  AY561819    97.76%    passed     26.28%
 247  AY561818    97.76%    passed     26.28%
 248  AY561817    97.76%    passed     22.02%
 249  AY561816    97.76%    passed     33.07%
 250  AY561815    97.76%    passed      7.29%
 251  AY561814    97.76%    passed     21.03%
 252  AY561813    97.76%    passed     12.65%
 253  AY561812    97.76%    passed     25.76%
 254  AY561811    97.76%    passed     28.72%
 255  AY561810    97.76%    passed     29.67%
 256  AY561809    97.76%    passed     13.02%
 257  AY561808    97.76%    passed      7.90%
 258  AY561807    97.76%    passed     12.72%
 259  AY561805    97.76%    passed     42.48%
 260  AY561804    97.76%    passed     33.61%
 261  AY561803    97.76%    passed     63.72%
 262  AY561802    97.76%    passed     62.40%
 263  AY561801    97.76%    passed     62.40%
 264  AY561800    97.76%    passed     62.40%
 265  AY561799    97.76%    passed     63.98%
 266  AY561798    97.76%    passed     62.40%
 267  AY561797    97.76%    passed     27.48%
 268  AY561796    97.76%    passed     27.48%
 269  AY561795    97.76%    passed     27.48%
 270  AY561793    97.76%    passed     16.33%
 271  AY561792    97.76%    passed     45.42%
 272  AY561791    97.76%    passed     45.42%
 273  AY561790    97.76%    passed     45.42%
 274  AY561789    97.76%    passed     42.25%
 275  AY561788    97.76%    passed     31.91%
 276  AY561787    97.76%    passed     32.92%
 277  AY561786    97.76%    passed     32.92%
 278  AY561785    97.76%    passed     32.92%
 279  AY561784    97.76%    passed     32.92%
 280  AY561783    97.76%    passed     32.92%
 281  AY561782    97.76%    passed     32.92%
 282  AY561781    97.76%    passed     32.92%
 283  AY561780    97.76%    passed     33.61%
 284  AY561779    97.76%    passed     31.91%
 285  AY561778    97.76%    passed     30.69%
 286  AY561777    97.76%    passed     62.40%
 287  AY561776    97.76%    passed     27.22%
 288  AY561775    97.76%    passed     31.91%
 289  AY561774    97.76%    passed     31.91%
 290  AY561773    97.76%    passed     30.10%
 291  AY561772    97.76%    passed     31.91%
 292  AY561771    97.76%    passed     32.92%
 293  AY561770    97.76%    passed     39.09%
 294  AY561769    97.76%    passed     32.92%
 295  AY561768    97.76%    passed     36.72%
 296  AY561767    97.76%    passed     43.53%
 297  AY561766    97.76%    passed     36.69%
 298  AY561765    97.76%    passed     31.91%
 299  AY561764    97.76%    passed     17.76%
 300  AY561763    97.76%    passed     16.19%
 301  AY561762    97.76%    passed     16.19%
 302  GU646853    97.33%    passed     29.02%
 303  GU646833    97.33%    passed     25.89%
 304  DQ447968    97.32%    passed     33.10%
 305  DQ447967    97.32%    passed     36.46%
 306  DQ447966    97.32%    passed     33.10%
 307  DQ447965    97.33%    passed     40.28%
 308  DQ447964    97.33%    passed     36.93%
 309  DQ447963    97.32%    passed     36.46%
 310  DQ447962    97.33%    passed     29.63%
 311  DQ447959    97.32%    passed     43.28%
 312  DQ447958    97.32%    passed     43.28%
 313  DQ447957    97.32%    passed     38.35%
 314  DQ447956    97.32%    passed     36.72%
 315  DQ447955    97.32%    passed     43.23%
 316  DQ447954    97.32%    passed     33.10%
 317  DQ447951    97.32%    passed     38.88%
 318  DQ447950    97.32%    passed     33.10%
 319  DQ447949    97.32%    passed     32.88%
 320  DQ447948    97.32%    passed     39.16%
 321  DQ447947    97.32%    passed     41.31%
 322  AY233425    97.32%    passed     52.88%
 323  AY233424    97.32%    passed     53.74%
 324  AY233423    97.32%    passed     57.40%
 325  AY233422    97.32%    passed     47.77%
 326  AY233421    97.32%    passed     54.31%
 327  AY233420    97.32%    passed     47.77%
 328  AY233419    97.32%    passed     54.31%
 329  AY233418    97.32%    passed     54.31%
 330  AY233417    97.32%    passed     47.80%
 331  AY233416    97.32%    passed     54.31%
 332  AY233415    97.32%    passed     54.31%
 333  AY233414    97.32%    passed     65.30%
 334  AY233413    97.32%    passed     54.31%
 335  AY233412    97.32%    passed     54.31%
 336  AY233411    97.32%    passed     54.31%
 337  AY233410    97.32%    passed     54.31%
 338  AY233409    97.32%    passed     54.31%
 339  AY233408    97.32%    passed     54.31%
 340  AY233407    97.32%    passed     40.44%
 341  AY233406    97.32%    passed     40.88%
 342  AY233405    97.32%    passed     38.95%
 343  AY233404    97.32%    passed     27.28%
 344  AY233403    97.32%    passed     38.30%
 345  AY233402    97.32%    passed     38.30%
 346  AY233401    97.32%    passed     38.30%
 347  AY233400    97.32%    passed     38.17%
 348  AY233399    97.32%    passed     38.17%
 349  AY233398    97.32%    passed     38.17%
 350  JN106463    97.32%    passed     24.94%
 351  JN106462    97.32%    passed     24.94%
 352  JN106461    97.32%    passed     24.94%
 353  KU312297    97.32%    passed     38.29%
 354  KU312296    97.32%    passed     38.29%
 355  KU312295    97.32%    passed     38.29%
 356  KU312294    97.32%    passed     38.29%
 357  KU312293    97.32%    passed     37.11%
 358  KU312292    97.32%    passed     45.66%
 359  KU312291    97.32%    passed     30.83%
 360  KU312290    97.32%    passed     29.27%
 361  KU312289    97.32%    passed     31.09%
 362  KU312288    97.32%    passed     38.29%
 363  KU312287    97.32%    passed     39.39%
 364  KU312286    97.32%    passed     33.65%
 365  KU312285    97.32%    passed     33.65%
 366  JX217812    97.32%    passed     27.91%
 367  JX217809    97.32%    passed     29.44%
 368  JX217806    97.32%    passed     32.26%
 369  JX217804    97.32%    passed     15.20%
 370  JX217803    97.32%    passed     18.48%
 371  JX217802    97.32%    passed     15.20%
 372  JX217801    97.32%    passed     26.43%
 373  JX217799    97.32%    passed     18.48%
 374  JX217797    97.32%    passed     33.99%
 375  JX217795    97.32%    passed     18.57%
 376  JX217794    97.32%    passed     41.11%
 377  JX217793    97.32%    passed     31.09%
 378  JX217792    97.32%    passed     36.46%
 379  JX217791    97.32%    passed     18.48%
 380  JX217790    97.32%    passed     31.09%
 381  JX217789    97.32%    passed     41.11%
 382  JX217788    97.32%    passed     18.48%
 383  JX217787    97.32%    passed     18.48%
 384  JX217784    97.32%    passed     18.48%
 385  JX217782    97.32%    passed     21.96%
 386  JX217781    97.32%    passed     29.27%
 387  JX217780    97.32%    passed     18.48%
 388  JX217779    97.32%    passed     38.81%
 389  AY340786    97.32%    passed     63.00%
 390  AY340785    97.32%    passed     57.93%
 391  AY340784    97.32%    passed     38.73%
 392  AY340781    97.32%    passed     65.46%
 393  AY340780    97.32%    passed     63.00%
 394  AY340779    97.32%    passed     61.30%
 395  AY340778    97.32%    passed     67.28%
 396  AY340777    97.32%    passed     61.30%
 397  AY340776    97.32%    passed     60.36%
 398  AY340775    97.32%    passed     61.30%
 399  AY340774    97.32%    passed     53.95%
 400  AY340773    97.32%    passed     66.81%
 401  AY340772    97.32%    passed     64.16%
 402  AY340770    97.32%    passed     61.30%
 403  AY340769    97.32%    passed     63.00%
 404  AY340768    97.32%    passed     63.62%
 405  AY340767    97.32%    passed     63.00%
 406  AY340766    97.32%    passed     63.62%
 407  AY340765    97.32%    passed     63.00%
 408  AY340764    97.32%    passed     57.35%
 409  AY340763    97.32%    passed     57.35%
 410  AY340762    97.32%    passed     59.06%
 411  AY340761    97.32%    passed     52.63%
 412  AY340760    97.32%    passed     52.63%
 413  AY340759    97.32%    passed     55.29%
 414  AY340758    97.32%    passed     55.29%
 415  AY340757    97.32%    passed     49.09%
 416  AY340756    97.32%    passed     49.09%
 417  AY340755    97.32%    passed     49.09%
 418  AY340754    97.32%    passed     57.62%
 419  AY340753    97.32%    passed     51.97%
 420  AY340752    97.32%    passed     57.35%
 421  AY340751    97.32%    passed     49.57%
 422  AY340750    97.32%    passed     52.58%
 423  AY340749    97.32%    passed     50.02%
 424  AY340748    97.32%    passed     46.87%
 425  AY340747    97.32%    passed     52.58%
 426  AY340746    97.32%    passed     52.58%
 427  AY340745    97.32%    passed     54.31%
 428  AY340744    97.32%    passed     57.35%
 429  AY340743    97.32%    passed     58.42%
 430  AY340742    97.32%    passed     57.35%
 431  AY340741    97.32%    passed     60.30%
 432  AY340740    97.32%    passed     55.29%
 433  AY340739    97.32%    passed     50.96%
 434  AY340738    97.32%    passed     60.85%
 435  AY340737    97.32%    passed     54.31%
 436  AY340736    97.32%    passed     54.31%
 437  AY340735    97.32%    passed     46.15%
 438  AY340734    97.32%    passed     55.29%
 439  AY340733    97.32%    passed     46.17%
 440  AY340732    97.32%    passed     53.95%
 441  AY340731    97.32%    passed     46.60%
 442  AY340730    97.32%    passed     59.06%
 443  AY340729    97.32%    passed     57.35%
 444  AY340728    97.32%    passed     58.42%
 445  AY340727    97.32%    passed     55.29%
 446  AY340726    97.32%    passed     60.30%
 447  AY340725    97.32%    passed     55.56%
 448  AY340724    97.32%    passed     54.62%
 449  AY340723    97.32%    passed     50.98%
 450  AY340722    97.32%    passed     77.65%
 451  AY340721    97.32%    passed     54.62%
 452  AY340720    97.32%    passed     49.09%
 453  AY340719    97.32%    passed     33.29%
 454  AY340718    97.32%    passed     47.49%
 455  AY340717    97.33%    passed     63.97%
 456  AY340716    97.33%    passed     42.90%
 457  AY340715    97.33%    passed     43.37%
 458  AY340714    97.33%    passed     65.16%
 459  AY340713    97.33%    passed     58.44%
 460  AY340712    97.33%    passed     56.81%
 461  AY340711    97.32%    passed     46.35%
 462  AY340710    97.33%    passed     45.15%
 463  AY340709    97.32%    passed     47.18%
 464  AY340708    97.32%    passed     46.23%
 465  AY340707    97.33%    passed     34.50%
 466  AY340706    97.33%    passed     50.60%
 467  AY340705    97.33%    passed     45.75%
 468  AY340704    97.32%    passed     59.68%
 469  AY340703    97.32%    passed     49.09%
 470  GU646855    97.32%    passed     29.85%
 471  GU646854    97.32%    passed     29.85%
 472  GU646852    97.32%    passed     29.85%
 473  GU646851    97.32%    passed     29.85%
 474  GU646850    97.32%    passed     27.45%
 475  GU646847    97.32%    passed     23.57%
 476  GU646840    97.32%    passed     26.43%
 477  GU646839    97.32%    passed     26.43%
 478  GU646838    97.32%    passed     26.43%
 479  GU646837    97.32%    passed     26.43%
 480  GU646836    97.32%    passed     26.43%
 481  GU646835    97.32%    passed     24.49%
 482  GU646834    97.32%    passed     26.43%
 483  GU646832    97.32%    passed     21.63%
 484  GU646831    97.32%    passed     26.43%
 485  GU646830    97.32%    passed     26.43%
 486  GU646829    97.32%    passed     26.43%
 487  GU646814    97.33%    passed     24.65%
 488  GU646813    97.32%    passed     29.36%
 489  GU646812    97.32%    passed     26.43%
 490  GU646811    97.32%    passed     28.44%
 491  GU646810    97.32%    passed     27.45%
 492  GU646809    97.32%    passed     26.43%
 493  GU646808    97.32%    passed     26.43%
 494  GU646807    97.32%    passed     27.45%
 495  GU646806    97.32%    passed     21.63%
 496  GU646805    97.32%    passed     26.43%
 497  GU646804    97.32%    passed     33.06%
 498  GU646803    97.32%    passed     26.43%
 499  GU646802    97.32%    passed     26.43%
 500  GU646801    97.32%    passed     27.45%
 501  GU646800    97.32%    passed     26.43%
 502  GU646799    97.32%    passed     26.43%
 503  GU646798    97.32%    passed     20.62%
 504  GU646797    97.32%    passed     26.43%
 505  DQ275596    96.90%    failed      3.39%
 506  AF352633    96.78%    passed     34.86%
 507  DQ275568    96.72%    passed      7.23%
 508  DQ275580    96.69%    failed      3.28%
 509  U22862      96.65%    passed     48.60%
 510  HQ116829    96.61%    passed     49.93%
 511  DQ275591    96.49%    failed      1.09%
 512  JF950553    96.41%    passed     89.37%
 513  MN549362    96.41%    passed     49.36%
 514  DQ275575    96.39%    failed      0.86%
 515  DQ497416    96.33%    passed     54.91%
 516  DQ497415    96.33%    passed     53.68%
 517  JN897340    96.28%    passed     10.63%
 518  JN897338    96.28%    passed     13.20%
 519  JN897320    96.28%    passed     30.09%
 520  JN897319    96.28%    passed     18.02%
 521  JN897318    96.28%    passed     23.95%
 522  JN897317    96.28%    passed      9.67%
 523  JN897316    96.28%    passed      9.79%
 524  JN897315    96.28%    passed     21.96%
 525  JN897314    96.28%    passed     21.96%
 526  JN897313    96.28%    passed     13.17%
 527  JN897312    96.28%    passed     11.76%
 528  JN897311    96.28%    passed     28.48%
 529  JN897310    96.28%    passed     55.29%
 530  JN897309    96.28%    passed     45.38%
 531  PV857575    96.00%    passed     77.12%
 532  PV857574    96.00%    passed     78.74%
 533  MK887206    95.95%    passed     49.37%
 534  MK887205    95.95%    passed     47.70%
 535  MK887204    95.95%    passed     44.39%
 536  MK887203    95.95%    passed     46.46%
 537  PV891643    95.84%    passed     47.34%
 538  PV891642    95.84%    passed     44.79%
 539  PV891641    95.84%    passed     33.28%
 540  PV891640    95.84%    passed     44.79%
 541  KR902345    95.80%    passed     62.85%
 542  DQ661014    95.70%    passed     67.15%
 543  DQ837177    95.66%    failed      3.08%
 544  DQ837168    95.64%    passed      5.88%
 545  DQ837175    95.62%    passed      5.90%
 546  EF675757    95.59%    passed     94.42%
 547  AY962094    95.58%    failed      3.83%
 548  AY962093    95.58%    passed      5.65%
 549  AY962092    95.58%    passed      6.37%
 550  AY962091    95.58%    passed      8.43%
 551  AY962090    95.58%    passed      7.93%
 552  AY962089    95.59%    passed     11.27%
 553  AY962086    95.58%    passed      5.14%
 554  AY962084    95.58%    passed      6.14%
 555  AY962081    95.59%    passed      7.24%
 556  AY962080    95.58%    failed      2.54%
 557  AY962079    95.58%    failed      4.67%
 558  AY962077    95.61%    failed      4.38%
 559  AY962076    95.58%    failed      2.32%
 560  AY962059    95.58%    passed      7.09%
 561  AY962058    95.58%    passed     12.63%
 562  AY962057    95.58%    passed      8.09%
 563  AY962054    95.58%    passed      6.14%
 564  AY962049    95.58%    passed      7.93%
 565  AY962048    95.59%    passed      6.55%
 566  AY854563    95.58%    passed     57.63%
 567  AY854553    95.58%    passed     53.63%
 568  AY854549    95.57%    passed     36.19%
 569  AY854537    95.57%    passed     56.61%
 570  AY854523    95.57%    passed     56.21%
 571  AY854516    95.57%    passed     54.34%
 572  AY854514    95.59%    passed     58.04%
 573  AY854577    95.56%    passed     57.06%
 574  AY854572    95.56%    passed     50.39%
 575  AY854571    95.56%    passed     50.39%
 576  AY854570    95.56%    passed     51.53%
 577  AY854568    95.56%    passed     47.44%
 578  AY854566    95.56%    passed     58.18%
 579  AY854565    95.56%    passed     54.31%
 580  AY854557    95.56%    passed     53.26%
 581  AY854556    95.56%    passed     52.37%
 582  AY854555    95.56%    passed     52.37%
 583  AY854551    95.56%    passed     42.38%
 584  AY854543    95.56%    passed     54.80%
 585  AY854542    95.59%    passed     55.57%
 586  AY854541    95.56%    passed     53.33%
 587  AY854540    95.56%    passed     53.33%
 588  AY854539    95.56%    passed     53.33%
 589  AY854538    95.56%    passed     60.10%
 590  AY854535    95.56%    passed     54.25%
 591  AY854533    95.56%    passed     56.04%
 592  AY854532    95.56%    passed     64.20%
 593  AY854528    95.62%    passed     66.47%
 594  AY854526    95.56%    passed     61.12%
 595  AY854522    95.56%    passed     58.36%
 596  AY854521    95.56%    passed     58.36%
 597  AY854519    95.56%    passed     66.26%
 598  AY854518    95.56%    passed     62.39%
 599  AY854517    95.56%    passed     62.39%
 600  AY854513    95.56%    passed     59.94%
 601  AY854512    95.56%    passed     58.64%
 602  AY854511    95.58%    passed     54.19%
 603  AY854510    95.57%    passed     63.61%
 604  AY854509    95.57%    passed     63.61%
 605  AY854508    95.56%    passed     62.39%
 606  AY854503    95.58%    passed     76.84%
 607  AY854502    95.56%    passed     69.67%
 608  DQ837176    95.55%    passed      6.59%
 609  AY563516    95.53%    passed     81.09%
 610  AY998299    95.48%    passed      5.29%
 611  DQ837181    95.47%    failed      1.70%
 612  KF831564    95.45%    passed     46.39%
 613  DQ837172    95.44%    passed      8.78%
 614  DQ837171    95.42%    passed      5.92%
 615  DQ837179    95.41%    failed      3.81%
 616  DQ837169    95.41%    passed     11.52%
 617  DQ837167    95.41%    failed      3.49%
 618  DQ837180    95.40%    passed      9.31%
 619  DQ837173    95.40%    passed     12.23%
 620  OQ672732    95.40%    passed     80.76%
 621  DQ837182    95.38%    failed      2.18%
 622  DQ837184    95.38%    passed      6.95%
 623  PV091163    95.38%    passed     56.17%
 624  DQ837183    95.33%    passed      8.15%
 625  DQ837170    95.26%    passed     17.13%
 626  DQ837178    95.15%    passed     23.06%
 627  EU665202    95.11%    passed     73.95%
 628  DQ275585    95.10%    passed     12.40%
 629  MW302204    95.09%    passed     25.99%
 630  MW302203    95.09%    passed     25.99%
 631  MW302202    95.09%    passed     25.99%
 632  MW302195    95.09%    passed     31.67%
 633  MW302194    95.09%    passed     25.60%
 634  MW302193    95.09%    passed     25.60%
 635  DQ275594    95.00%    failed      2.85%
 636  DQ275567    95.00%    failed      2.54%
 637  DQ275597    94.99%    failed      2.10%
 638  DQ275587    94.98%    passed     11.25%
 639  AB247451    94.98%    failed      1.98%
 640  AB247449    94.98%    failed      1.98%
 641  AB247444    94.98%    failed      4.20%
 642  AB247417    94.98%    failed      3.32%
 643  AB247413    94.98%    failed      3.01%
 644  AB247409    94.98%    failed      4.63%
 645  AB247408    94.98%    failed      3.57%
 646  AB247448    94.98%    failed      2.38%
 647  AB247439    94.98%    failed      3.01%
 648  AB247438    94.98%    failed      4.63%
 649  AB247397    94.98%    failed      3.41%
 650  AF357285    94.97%    passed     82.54%
 651  DQ275595    94.96%    failed      2.16%
 652  DQ275593    94.95%    failed      3.76%
 653  DQ275590    94.97%    failed      1.96%
 654  DQ275588    94.96%    failed      3.12%
 655  DQ275586    94.96%    failed      3.29%
 656  DQ275584    94.94%    failed      4.41%
 657  DQ275572    94.94%    passed     10.03%
 658  DQ275571    94.94%    failed      4.22%
 659  DQ275570    94.94%    passed      5.86%
 660  DQ275576    94.93%    passed     18.26%
 661  DQ275573    94.93%    passed     14.15%
 662  DQ275578    94.91%    passed      9.73%
 663  DQ275566    94.92%    passed      5.45%
 664  AY998283    94.91%    passed     10.42%
 665  AY998258    94.91%    passed     39.09%
 666  AY998256    94.91%    passed     17.29%
 667  AY998254    94.91%    passed     24.23%
 668  AY998249    94.91%    passed     19.53%
 669  AY998248    94.91%    passed     25.31%
 670  AY998247    94.91%    passed     21.03%
 671  AB291107    94.90%    passed     64.97%
 672  AB291106    94.90%    passed     64.97%
 673  AB291105    94.90%    passed     43.25%
 674  AB291104    94.90%    passed     56.00%
 675  AB291103    94.90%    passed     65.40%
 676  AB291091    94.90%    passed     61.62%
 677  AB291090    94.90%    passed     63.28%
 678  AB291089    94.90%    passed     62.21%
 679  AB291088    94.90%    passed     58.04%
 680  AB291087    94.90%    passed     59.54%
 681  AB291086    94.90%    passed     62.21%
 682  AB291085    94.90%    passed     59.54%
 683  AB291084    94.90%    passed     59.54%
 684  DQ275574    94.89%    passed      8.89%
 685  DQ275564    94.86%    passed     20.19%
 686  DQ275581    94.85%    passed     15.79%
 687  DQ275565    94.84%    passed      7.62%
 688  PV091145    94.52%    passed     43.18%
 689  PV891639    94.51%    passed     70.12%
 690  PV891638    94.51%    passed     74.70%
 691  PV091164    94.47%    passed     68.45%
 692  PV891645    94.46%    passed     84.51%
 693  PP536670    94.02%    passed     53.12%
 694  PP536669    94.02%    passed     53.12%
 695  PP536668    94.02%    passed     53.12%
 696  PP536667    94.02%    passed     53.12%
 697  PP536666    94.02%    passed     53.12%
 698  PP536665    94.02%    passed     53.12%
 699  PP536664    94.02%    passed     53.12%
 700  PP536663    94.02%    passed     53.12%
 701  PP536662    94.02%    passed     53.12%
 702  PP536661    94.02%    passed     53.12%
 703  PP536660    94.02%    passed     53.12%
 704  PP536659    94.02%    passed     53.12%
 705  PP536658    94.02%    passed     53.12%
 706  PP536657    94.02%    passed     53.12%
 707  PP536656    94.02%    passed     53.12%
 708  PP536655    94.02%    passed     53.12%
 709  PP536654    94.02%    passed     53.12%
 710  PP536653    94.02%    passed     53.12%
 711  PP536652    94.02%    passed     53.12%
 712  PP536651    94.02%    passed     53.12%
 713  PP536650    94.02%    passed     53.12%
 714  PP536649    94.02%    passed     53.12%
 715  PP536648    94.02%    passed     53.12%
 716  PP536647    94.02%    passed     53.12%
 717  PP536646    94.02%    passed     53.12%
 718  PP536645    94.02%    passed     53.12%
 719  PP536644    94.02%    passed     53.12%
 720  PV091157    93.84%    passed     65.29%
 721  OK247536    93.83%    passed     59.67%
 722  OK247535    93.73%    passed     39.38%
 723  PV091152    93.67%    passed     19.61%
 724  OK247534    93.60%    passed     35.19%
 725  OK247533    93.60%    passed     68.68%
 726  OK247532    93.60%    passed     41.75%
 727  OK247531    93.60%    passed     38.59%
 728  OK247530    93.60%    passed     44.90%
 729  OK247529    93.60%    passed     37.17%
 730  OK247528    93.60%    passed     41.91%
 731  OK247527    93.60%    passed     41.91%
 732  PX738155    93.52%    passed     30.10%
 733  EU665201    93.41%    passed     41.44%
 734  PV091158    93.37%    passed     29.03%
 735  JQ037818    93.35%    passed     47.08%
 736  PP105589    93.34%    passed     32.99%
 737  PP105588    93.34%    passed     36.51%
 738  PP105587    93.34%    passed     30.18%
 739  PP105586    93.34%    passed     22.64%
 740  PP105585    93.34%    passed     22.64%
 741  PP105584    93.34%    passed     22.64%
 742  PP105583    93.34%    passed     22.64%
 743  PP105582    93.34%    passed     50.38%
 744  AY998244    93.33%    passed     47.53%
 745  AY998275    93.31%    passed     16.80%
 746  DQ275569    93.19%    passed     24.04%
 747  PV091160    93.16%    passed     28.76%
 748  PQ963932    93.06%    passed     30.76%
 749  PQ963931    93.06%    passed     30.76%
 750  PQ963930    93.06%    passed     30.76%
 751  DQ275592    92.96%    passed     17.81%
 752  PV091149    92.91%    passed     87.69%
 753  DQ275583    92.81%    passed     12.23%
 754  PV091159    92.76%    passed     26.53%
 755  DQ275589    92.61%    passed      7.58%
 756  PV091147    92.56%    passed     78.92%
 757  AB291136    92.54%    passed     29.16%
 758  PP583703    92.54%    passed     13.77%
 759  PP583702    92.54%    passed     13.77%
 760  PP583701    92.54%    passed     13.77%
 761  PP583700    92.54%    passed     13.77%
 762  PP583699    92.54%    passed     13.77%
 763  PP583698    92.54%    passed     13.77%
 764  PP583697    92.54%    passed     13.77%
 765  PP583696    92.54%    passed     13.77%
 766  PP583695    92.54%    passed     13.77%
 767  PP583694    92.54%    passed     13.77%
 768  PP583693    92.54%    passed     13.77%
 769  PP583692    92.54%    passed     13.77%
 770  PP583691    92.54%    passed     13.77%
 771  PP583690    92.54%    passed     13.77%
 772  PP583689    92.54%    passed     13.77%
 773  PP583688    92.54%    passed     13.77%
 774  PP583687    92.54%    passed     13.77%
 775  PP583686    92.54%    passed     13.77%
 776  PP583685    92.54%    passed     13.77%
 777  PP583684    92.54%    passed     13.77%
 778  PP583683    92.54%    passed     14.35%
 779  PP583682    92.54%    passed     14.35%
 780  PP583681    92.54%    passed     14.35%
 781  PP583680    92.54%    passed     14.35%
 782  PP583679    92.54%    passed     14.35%
 783  PP583678    92.54%    passed     14.35%
 784  PP583677    92.54%    passed     12.97%
 785  PP583676    92.54%    passed     14.35%
 786  PP583675    92.54%    passed     14.35%
 787  AB291137    92.51%    passed     17.72%
 788  AB291133    92.51%    passed     23.10%
 789  AB291128    92.51%    passed      7.73%
 790  AB291127    92.51%    passed     14.40%
 791  AB291126    92.51%    passed     14.40%
 792  AB291125    92.51%    passed     10.97%
 793  AB291121    92.51%    passed     12.09%
 794  AB291120    92.51%    passed     12.09%
 795  AB291119    92.51%    passed     30.98%
 796  AB291118    92.51%    passed     26.81%
 797  AB291117    92.51%    passed      9.09%
 798  AB291116    92.51%    passed     30.98%
 799  AB291115    92.51%    passed     12.09%
 800  AB291114    92.51%    passed     12.09%
 801  PV091148    92.46%    passed     63.50%
 802  AB291135    92.41%    passed     16.14%
 803  AB291134    92.41%    passed     21.31%
 804  AF369323    92.29%    passed     26.62%
 805  AF369315    92.29%    passed     31.90%
 806  AF369314    92.29%    failed      4.14%
 807  AF369313    92.29%    passed     35.02%
 808  AF369303    92.29%    passed     11.21%
 809  DQ275579    92.18%    passed     15.02%
 810  DQ275563    92.18%    passed     21.05%
 811  DQ275577    92.18%    passed     22.88%
 812  KC792221    91.97%    passed     98.52%
 813  DQ275582    91.92%    failed      2.64%
 814  PV091150    91.68%    passed     81.83%
 815  PV091165    91.58%    passed     61.88%
 816  PV091151    91.15%    passed     49.15%
 817  PV091155    90.98%    passed     34.78%
 818  PV091144    90.90%    passed     59.25%
 819  PV091167    90.63%    passed     57.48%
 820  PV091143    90.63%    passed     54.18%
 821  PV091162    90.55%    passed     59.34%
 822  PV091153    90.42%    passed     65.32%
 823  PV091161    90.32%    passed     54.28%
 824  PV091142    90.29%    passed     65.07%
 825  PV091166    90.29%    passed     65.07%
 826  PV091146    90.25%    passed     71.56%
 827  PV091156    90.05%    passed     43.44%
 828  KJ001493    90.01%    passed     67.24%
 829  KC792258    89.97%    passed     87.98%
 830  PX952678    89.80%    passed     95.81%
 831  OP762295    89.77%    passed     79.96%
 832  OP762294    89.77%    passed     79.96%
 833  OP762293    89.77%    passed     79.96%
 834  OP762292    89.77%    passed     79.96%
 835  OP762291    89.77%    passed     79.96%
 836  OP762290    89.77%    passed     79.96%
 837  OP762289    89.77%    passed     79.96%
 838  OP762288    89.77%    passed     79.96%
 839  OP762287    89.77%    passed     79.96%
 840  OP762286    89.77%    passed     79.96%
 841  OP762285    89.77%    passed     79.96%
 842  OP762284    89.77%    passed     79.96%
 843  OP762283    89.77%    passed     79.96%
 844  OP762282    89.77%    passed     79.96%
 845  OP762281    89.77%    passed     79.96%
 846  OP762280    89.77%    passed     79.96%
 847  OP762279    89.77%    passed     79.96%
 848  OP762278    89.77%    passed     79.96%
 849  OP762277    89.77%    passed     79.96%
 850  OP762276    89.77%    passed     79.96%
 851  KJ001531    89.68%    passed     62.08%
 852  KJ001532    89.52%    passed     51.74%
 853  KJ001495    89.44%    passed     58.69%
 854  KJ001507    89.24%    passed     56.71%
 855  JQ037824    89.21%    passed     55.40%
 856  JQ037823    89.21%    passed     47.27%
 857  JQ037822    89.21%    passed     47.27%
 858  JQ037821    89.21%    passed     49.78%
 859  JQ037820    89.21%    passed     47.98%
 860  JQ037819    89.21%    passed     50.80%
 861  KJ001501    89.17%    passed     41.02%
 862  KJ001533    89.15%    passed     45.34%
 863  KJ001514    89.13%    passed     43.15%
 864  KJ001511    89.13%    passed     43.15%
 865  KJ001504    89.11%    passed     38.29%
 866  KJ001512    89.09%    passed     45.92%
 867  KJ001503    89.08%    passed     45.16%
 868  KJ001498    89.08%    passed     45.16%
 869  GU123662    89.08%    passed     24.76%
 870  GU123661    89.09%    passed     42.63%
 871  GU123660    89.08%    passed     32.26%
 872  GU123659    89.09%    passed     72.63%
 873  GU123658    89.08%    passed     27.47%
 874  GU123657    89.09%    passed     67.17%
 875  GU123656    89.08%    passed     38.36%
 876  GU123655    89.08%    passed     39.42%
 877  GU123654    89.08%    passed     36.38%
 878  GU123653    89.08%    passed     34.55%
 879  GU123652    89.08%    passed     37.63%
 880  GU123651    89.08%    passed     42.86%
 881  KJ001494    89.07%    passed     45.75%
 882  KJ001497    89.06%    passed     49.51%
 883  KJ001496    89.06%    passed     54.78%
 884  KJ001489    89.06%    passed     46.27%
 885  KJ001506    89.04%    passed     43.77%
 886  KJ001536    88.98%    passed     34.74%
 887  KJ001513    88.98%    passed     50.18%
 888  KJ001508    88.98%    passed     52.52%
 889  OL451904    89.15%    passed     27.89%
 890  AB207884    88.84%    passed     75.39%
 891  AB206413    88.84%    passed     63.65%
 892  AB206412    88.84%    passed     67.91%
 893  AB206411    88.84%    passed     82.01%
 894  AB206410    88.84%    passed     62.47%
 895  AB206409    88.84%    passed     73.06%
 896  AB206408    88.84%    passed     70.95%
 897  AB206407    88.84%    passed     70.95%
 898  AB263299    88.84%    passed     84.38%
 899  AB263298    88.84%    passed     85.51%
 900  AB263297    88.84%    passed     86.90%
 901  AB263295    88.84%    passed     84.77%
 902  AB263294    88.84%    passed     84.77%
 903  AB263293    88.84%    passed     84.81%
 904  AB263292    88.84%    passed     84.81%
 905  AB263345    88.84%    passed     93.50%
 906  AB263344    88.84%    passed     93.50%
 907  AB263343    88.84%    passed     93.25%
 908  AB263342    88.84%    passed     77.29%
 909  AB263341    88.84%    passed     74.88%
 910  AB263340    88.84%    passed     93.25%
 911  AB263339    88.84%    passed     91.44%
 912  AB263338    88.84%    passed     82.85%
 913  AB263337    88.84%    passed     92.50%
 914  AB263336    88.84%    passed     92.97%
 915  AB263335    88.84%    passed     92.50%
 916  AB263334    88.84%    passed     62.80%
 917  AB263332    88.84%    passed     79.15%
 918  AB263331    88.84%    passed     91.44%
 919  AB263330    88.84%    passed     79.15%
 920  AB263329    88.85%    passed     91.85%
 921  AB263328    88.84%    passed     77.28%
 922  AB263327    88.84%    passed     92.50%
 923  AB263326    88.84%    passed     72.71%
 924  AB263324    88.84%    passed     82.67%
 925  AB263323    88.84%    passed     81.85%
 926  AB263322    88.84%    passed     81.85%
 927  AB263321    88.84%    passed     81.85%
 928  AB263320    88.84%    passed     86.14%
 929  AB263319    88.84%    passed     81.85%
 930  AB263318    88.84%    passed     81.85%
 931  AB263317    88.84%    passed     84.81%
 932  AB263316    88.84%    passed     84.77%
 933  AB263315    88.84%    passed     86.14%
 934  AB263314    88.84%    passed     84.77%
 935  AB263313    88.84%    passed     80.46%
 936  AB263312    88.84%    passed     84.77%
 937  AB263311    88.84%    passed     84.77%
 938  AB263310    88.84%    passed     84.77%
 939  AB263309    88.84%    passed     71.41%
 940  AB263308    88.84%    passed     84.77%
 941  AB263307    88.84%    passed     86.14%
 942  AB263306    88.84%    passed     86.14%
 943  AB263305    88.84%    passed     84.77%
 944  AB263304    88.84%    passed     84.77%
 945  AB263303    88.84%    passed     86.14%
 946  AB263302    88.84%    passed     81.85%
 947  AB263301    88.84%    passed     86.14%
 948  AB263300    88.84%    passed     86.14%
 949  AB263296    88.84%    passed     84.77%
 950  KJ001524    88.78%    passed     38.99%
 951  KJ001535    88.77%    passed     39.04%
 952  KJ001534    88.76%    passed     41.77%
 953  KJ001530    88.76%    passed     52.06%
 954  KJ001529    88.76%    passed     74.23%
 955  KJ001525    88.76%    passed     37.69%
 956  KJ001523    88.76%    passed     14.83%
 957  KJ001510    88.72%    passed     53.39%
 958  OL451905    88.72%    passed     46.41%
 959  KJ001499    88.72%    passed     39.92%
 960  KJ001492    88.72%    passed     37.13%
 961  KJ001491    88.72%    passed     39.92%
 962  KJ001490    88.72%    passed     37.13%
 963  OL451901    88.72%    passed     45.62%
 964  KJ001515    88.71%    passed     37.46%
 965  OL451931    88.71%    passed     23.26%
 966  MK956101    88.69%    passed     26.40%
 967  MK956100    88.69%    passed     35.79%
 968  MK956099    88.69%    passed     35.19%
 969  MK956098    88.69%    passed     40.05%
 970  MK956097    88.69%    passed     39.98%
 971  KU963502    88.69%    passed     38.57%
 972  KU963496    88.69%    passed     75.17%
 973  KU963494    88.69%    passed     40.54%
 974  KU963490    88.69%    passed     26.45%
 975  GU991847    88.69%    passed     47.26%
 976  GU991846    88.69%    passed     53.19%
 977  GU991845    88.69%    passed     70.97%
 978  GU991844    88.69%    passed     75.19%
 979  FJ228545    88.69%    passed     83.65%
 980  FJ228544    88.70%    passed     80.60%
 981  FJ228543    88.69%    passed     84.50%
 982  FJ228542    88.69%    passed     47.90%
 983  FJ228540    88.69%    passed     48.81%
 984  FJ228533    88.69%    passed     36.23%
 985  FJ228532    88.69%    passed     26.89%
 986  FJ228531    88.69%    passed     28.30%
 987  FJ228527    88.69%    passed     26.89%
 988  FJ228526    88.69%    passed     21.41%
 989  FJ228525    88.69%    passed     33.75%
 990  FJ228524    88.69%    passed     45.89%
 991  FJ228523    88.69%    passed     43.58%
 992  FJ228522    88.69%    passed     25.07%
 993  FJ228521    88.69%    passed     23.52%
 994  FJ228519    88.69%    passed     30.54%
 995  FJ228518    88.69%    passed     42.37%
 996  FJ228517    88.69%    passed     54.19%
 997  FJ228516    88.69%    passed     49.21%
 998  FJ228515    88.69%    passed     54.88%
 999  FJ228514    88.69%    passed     31.41%
1000  FJ228513    88.69%    passed     39.87%
1001  FJ228512    88.69%    passed     44.10%
1002  FJ228511    88.69%    passed     64.75%
1003  FJ228510    88.69%    passed     46.95%
1004  FJ228509    88.69%    passed     43.99%
1005  FJ228508    88.69%    passed     36.52%
1006  FJ228507    88.69%    passed     64.09%
1007  FJ228506    88.69%    passed     48.16%
1008  FJ228505    88.69%    passed     52.40%
1009  FJ228504    88.69%    passed     38.22%
1010  FJ228503    88.69%    passed     33.71%
1011  FJ228502    88.69%    passed     40.87%
1012  FJ228501    88.69%    passed     67.23%
1013  FJ228500    88.69%    passed     21.51%
1014  FJ228499    88.70%    passed     22.02%
1015  FJ228498    88.71%    passed     25.06%
1016  FJ228497    88.69%    passed     28.05%
1017  FJ228496    88.69%    passed     24.47%
1018  FJ228495    88.69%    passed     22.81%
1019  FJ228494    88.69%    passed     50.94%
1020  FJ228485    88.72%    passed     29.99%
1021  FJ228484    88.69%    passed     32.90%
1022  FJ228483    88.69%    passed     38.01%
1023  JF693455    88.69%    passed     34.92%
1024  JF693454    88.69%    passed     40.27%
1025  JF693453    88.69%    passed     40.54%
1026  JF693452    88.69%    passed     43.87%
1027  JF693451    88.69%    passed     44.29%
1028  JF693450    88.69%    passed     40.12%
1029  JF693449    88.69%    passed     46.56%
1030  KJ001522    88.69%    passed     75.19%
1031  KJ001521    88.69%    passed     70.97%
1032  KJ001520    88.69%    passed     53.19%
1033  KJ001519    88.69%    passed     70.97%
1034  KJ001518    88.69%    passed     32.90%
1035  KJ001517    88.69%    passed     35.65%
1036  KJ001516    88.69%    passed     35.65%
1037  KJ001509    88.69%    passed     27.53%
1038  KJ001505    88.69%    passed     38.43%
1039  KJ001502    88.69%    passed     38.43%
1040  KJ001500    88.69%    passed     35.65%
1041  KJ001488    88.69%    passed     41.44%
1042  U22841      88.69%    passed     24.93%
1043  U22477      88.69%    passed     41.17%
1044  KU938904    88.69%    passed     52.56%
1045  OL451932    88.69%    passed     19.31%
1046  OL451930    88.69%    passed     19.31%
1047  PX738242    88.69%    passed     46.67%
1048  PX738159    88.69%    passed     20.34%
1049  PX738253    88.69%    passed     26.72%
1050  PX738139    88.69%    passed     17.74%
1051  PX738227    88.69%    passed     19.64%
1052  PX738180    88.69%    passed     22.61%
1053  PX738236    88.69%    passed     33.72%
1054  PX738207    88.69%    passed     17.11%
1055  PX738214    88.69%    passed     21.35%
1056  PX738153    88.69%    passed     32.60%
1057  PX738164    88.69%    passed     24.45%
1058  PX738129    88.69%    passed     30.14%
1059  PX738191    88.69%    passed     21.40%
1060  PX738174    88.69%    passed     28.15%
1061  PX738160    88.69%    passed     28.01%
1062  PX738148    88.69%    passed     28.15%
1063  PX738143    88.69%    passed     22.61%
1064  PX738140    88.69%    passed     32.54%
1065  PX738250    88.69%    passed     28.07%
1066  PX738254    88.69%    passed     26.72%
1067  PX738195    88.69%    passed     23.53%
1068  PX738203    88.69%    passed     23.76%
1069  PX738190    88.69%    passed     21.40%
1070  PX738257    88.69%    passed      7.54%
1071  PX738138    88.69%    passed     19.34%
1072  PX738127    88.69%    passed     34.70%
1073  PX738128    88.69%    passed     32.82%
1074  PX738172    88.69%    passed     25.43%
1075  PX738165    88.69%    passed     21.40%
1076  PX738201    88.69%    passed     21.40%
1077  PX738163    88.69%    passed     23.53%
1078  PX738240    88.69%    passed     32.60%
1079  PX738239    88.69%    passed     23.53%
1080  PX738192    88.69%    passed     21.40%
1081  PX738188    88.69%    passed     19.64%
1082  PX738213    88.69%    passed     23.74%
1083  PX738251    88.69%    passed     26.72%
1084  PX738149    88.69%    passed     31.53%
1085  PX738247    88.69%    passed     32.60%
1086  PX738171    88.69%    passed     25.49%
1087  PX738183    88.69%    passed     21.40%
1088  PX738185    88.69%    passed     27.32%
1089  PX738154    88.69%    passed     23.53%
1090  PX738216    88.69%    passed     30.90%
1091  PX738161    88.69%    passed     21.40%
1092  PX738197    88.69%    passed     21.40%
1093  PX738234    88.69%    passed     23.53%
1094  PX738228    88.69%    passed     28.15%
1095  PX738221    88.69%    passed     18.57%
1096  PX738150    88.69%    passed     31.53%
1097  PX738168    88.69%    passed     21.40%
1098  PX738223    88.69%    passed     32.60%
1099  PX738152    88.69%    passed     16.64%
1100  PX738226    88.69%    passed     18.57%
1101  PX738135    88.69%    passed     20.97%
1102  PX738252    88.69%    passed     26.72%
1103  PX738145    88.69%    passed     22.61%
1104  PX738176    88.69%    passed     28.15%
1105  PX738225    88.69%    passed     21.40%
1106  PX738256    88.69%    passed     32.82%
1107  PX738137    88.69%    passed     31.53%
1108  PX738212    88.69%    passed     18.84%
1109  PX738244    88.69%    passed     32.60%
1110  PX738136    88.69%    passed     19.34%
1111  PX738141    88.69%    passed     32.54%
1112  PX738245    88.69%    passed     23.18%
1113  PX738166    88.69%    passed     22.26%
1114  PX738241    88.69%    passed     30.90%
1115  PX738210    88.69%    passed     28.15%
1116  PX738202    88.69%    passed     21.40%
1117  PX738219    88.69%    passed     21.61%
1118  PX738229    88.69%    passed     21.40%
1119  PX738177    88.69%    passed     14.40%
1120  PX738217    88.69%    passed     30.90%
1121  PX738189    88.69%    passed     21.40%
1122  PX738198    88.69%    passed     18.85%
1123  PX738249    88.69%    passed     23.18%
1124  PX738178    88.69%    passed     17.08%
1125  PX738200    88.69%    passed     14.40%
1126  PX738193    88.69%    passed     19.64%
1127  PX738130    88.69%    passed     28.92%
1128  PX738205    88.69%    passed     11.35%
1129  PX738243    88.69%    passed     20.77%
1130  PX738211    88.69%    passed     21.40%
1131  PX738222    88.69%    passed     35.45%
1132  PX738133    88.69%    passed     19.34%
1133  PX738238    88.69%    passed     20.34%
1134  PX738144    88.69%    passed     23.53%
1135  PX738162    88.69%    passed     21.61%
1136  PX738199    88.69%    passed     18.75%
1137  PX738125    88.69%    passed     25.48%
1138  PX738224    88.69%    passed     21.40%
1139  PX738255    88.69%    passed     24.53%
1140  PX738206    88.69%    passed      6.59%
1141  PX738134    88.69%    passed     19.34%
1142  PX738232    88.69%    passed     21.40%
1143  PX738237    88.69%    passed     23.53%
1144  PX738181    88.69%    passed     22.51%
1145  PX738151    88.69%    passed     25.73%
1146  PX738204    88.69%    passed     11.35%
1147  PX738218    88.69%    passed     28.15%
1148  PX738215    88.69%    passed     14.96%
1149  PX738187    88.69%    passed     21.40%
1150  PX738158    88.69%    passed     23.53%
1151  PX738167    88.69%    passed     21.40%
1152  PX738156    88.69%    passed     23.18%
1153  PX738231    88.69%    passed     21.40%
1154  PX738142    88.69%    passed     32.54%
1155  PX738248    88.69%    passed     32.60%
1156  PX738233    88.69%    passed     32.60%
1157  PX738157    88.69%    passed     21.61%
1158  PX738186    88.69%    passed     20.34%
1159  PX738131    88.69%    passed     34.70%
1160  PX738179    88.69%    passed     28.15%
1161  PX738230    88.69%    passed     21.40%
1162  PX738175    88.69%    passed     30.90%
1163  PX738208    88.69%    passed     26.70%
1164  PX738235    88.69%    passed     21.40%
1165  PX738170    88.69%    passed     23.53%
1166  PX738182    88.69%    passed     19.64%
1167  PX738132    88.69%    passed     28.35%
1168  PX738246    88.69%    passed     32.60%
1169  PX738146    88.69%    passed     17.93%
1170  PX738196    88.69%    passed     21.40%
1171  PX738184    88.69%    passed     29.73%
1172  PX738173    88.69%    passed     24.98%
1173  PX738169    88.69%    passed     25.50%
1174  PX738194    88.69%    passed     23.00%
1175  PX738220    88.69%    passed     28.15%
1176  PX738209    88.69%    passed     26.70%
1177  PX738147    88.69%    passed     21.61%
1178  OL451921    88.67%    passed     44.11%
1179  KM067274    88.67%    passed     74.36%
1180  KJ957452    88.67%    passed     76.42%
1181  KJ957451    88.67%    passed     69.48%
1182  KJ957450    88.67%    passed     75.26%
1183  KJ957449    88.67%    passed     73.20%
1184  KJ957448    88.67%    passed     72.89%
1185  KJ957447    88.67%    passed     76.42%
1186  KJ957446    88.67%    passed     72.04%
1187  KJ957445    88.67%    passed     74.36%
1188  KJ957444    88.67%    passed     76.42%
1189  KJ957443    88.67%    passed     55.37%
1190  KJ957442    88.67%    passed     76.42%
1191  KJ957441    88.67%    passed     60.53%
1192  KJ957440    88.67%    passed     66.36%
1193  KJ957439    88.67%    passed     66.36%
1194  KJ957438    88.67%    passed     75.22%
1195  KJ957437    88.67%    passed     75.22%
1196  KJ957436    88.67%    passed     66.36%
1197  KJ957435    88.67%    passed     68.98%
1198  KJ957434    88.67%    passed     72.89%
1199  KJ957433    88.67%    passed     70.32%
1200  KJ957432    88.67%    passed     66.36%
1201  KJ957431    88.67%    passed     65.39%
1202  JQ513553    88.67%    passed     48.51%
1203  PQ055821    88.67%    passed     59.76%
1204  JQ513538    88.67%    passed     21.48%
1205  JQ513537    88.67%    passed     17.13%
1206  JQ513536    88.67%    passed     11.04%
1207  JQ513535    88.67%    passed     25.13%
1208  JQ513534    88.67%    passed     13.29%
1209  JQ513533    88.67%    passed     23.16%
1210  JQ513532    88.67%    passed     25.66%
1211  JQ513531    88.67%    passed     23.16%
1212  JQ513530    88.67%    passed     26.31%
1213  JQ513529    88.67%    passed     20.88%
1214  JQ513528    88.67%    passed     19.45%
1215  EU086161    88.67%    passed     38.33%
1216  OL451929    88.67%    passed     22.48%
1217  OL451928    88.67%    passed     21.23%
1218  OL451927    88.67%    passed     21.23%
1219  OL451926    88.67%    passed     18.98%
1220  OL451925    88.67%    passed     25.43%
1221  OL451924    88.67%    passed     42.60%
1222  OL451923    88.67%    passed     42.60%
1223  OL451922    88.67%    passed     42.60%
1224  OL451920    88.67%    passed     42.60%
1225  OL451919    88.67%    passed     44.34%
1226  OL451918    88.67%    passed     44.34%
1227  OL451917    88.67%    passed     42.60%
1228  OL451916    88.67%    passed     54.37%
1229  OL451915    88.67%    passed     54.37%
1230  OL451914    88.67%    passed     41.29%
1231  OL451913    88.67%    passed     41.75%
1232  OL451912    88.67%    passed     47.30%
1233  OL451911    88.67%    passed     33.24%
1234  OL451910    88.67%    passed     47.25%
1235  OL451909    88.67%    passed     38.92%
1236  OL451908    88.67%    passed     44.54%
1237  OL451907    88.67%    passed     44.54%
1238  OL451906    88.67%    passed     37.29%
1239  OL451903    88.67%    passed     45.07%
1240  OL451902    88.67%    passed     43.35%
1241  OL451900    88.67%    passed     44.41%
1242  OL451899    88.67%    passed     46.34%
1243  OL451898    88.67%    passed     36.23%
1244  OL451897    88.67%    passed     39.55%
1245  OL451896    88.67%    passed     43.35%
1246  OL451895    88.67%    passed     35.19%
1247  OL451894    88.67%    passed     38.96%
1248  OL451893    88.67%    passed     42.12%
1249  OL451892    88.67%    passed     41.29%
1250  OL451891    88.67%    passed     41.29%
1251  OL451890    88.67%    passed     43.22%
1252  OL451889    88.67%    passed     37.29%
1253  OL451888    88.67%    passed     41.29%
1254  OL451887    88.67%    passed     38.96%
1255  OL451886    88.67%    passed     43.35%
1256  OL451885    88.67%    passed     43.35%
1257  OL451884    88.67%    passed     50.61%
1258  OL451883    88.67%    passed     46.38%
1259  OL451882    88.67%    passed     40.15%
1260  OL451881    88.67%    passed     48.58%
1261  OL451880    88.67%    passed     44.23%
1262  OL451879    88.67%    passed     47.47%
1263  OL451878    88.67%    passed     44.23%
1264  MW055130    88.67%    passed     18.67%
1265  MW055129    88.67%    passed     18.67%
1266  MW055107    88.67%    passed     35.36%
1267  KR781607    88.55%    passed     57.12%
1268  KR781606    88.55%    passed     62.54%
1269  KR781605    88.55%    passed     55.02%
1270  KR781604    88.55%    passed     53.97%
1271  KR781603    88.55%    passed     56.17%
1272  KR781602    88.55%    passed     51.67%
1273  KR781601    88.55%    passed     77.67%
1274  KR781600    88.55%    passed     61.09%
1275  KR781599    88.55%    passed     59.05%
1276  KR781598    88.55%    passed     49.80%
1277  KR781597    88.55%    passed     51.67%
1278  KR781596    88.55%    passed     49.51%
1279  KR781595    88.55%    passed     65.74%
1280  KR781594    88.55%    passed     74.53%
1281  KR781593    88.55%    passed     73.31%
1282  KR781592    88.55%    passed     56.78%
1283  KR781591    88.55%    passed     61.34%
1284  KR781590    88.55%    passed     47.05%
1285  KR781589    88.55%    passed     64.97%
1286  KR781588    88.55%    passed     45.36%
1287  KR781587    88.55%    passed     48.12%
1288  KR781586    88.55%    passed     47.05%
1289  KR781585    88.55%    passed     43.49%
1290  KR781584    88.55%    passed     79.64%
1291  KR781583    88.55%    passed     57.88%
1292  KR781582    88.55%    passed     50.01%
1293  KR781581    88.55%    passed     54.02%
1294  KR781580    88.55%    passed     56.17%
1295  KR781579    88.55%    passed     27.36%
1296  KR781578    88.55%    passed     78.13%
1297  KR781577    88.55%    passed     26.48%
1298  KR781576    88.55%    passed     50.01%
1299  KR781575    88.55%    passed     41.06%
1300  KR781574    88.55%    passed     44.34%
1301  KR781573    88.55%    passed     29.61%
1302  KR781572    88.55%    passed     57.88%
1303  KR781571    88.55%    passed     60.62%
1304  KR781570    88.55%    passed     42.53%
1305  KR781569    88.55%    passed     26.45%
1306  KR781568    88.55%    passed     50.84%
1307  KR781567    88.55%    passed     36.91%
1308  KR781566    88.55%    passed     56.22%
1309  KR781565    88.55%    passed     21.02%
1310  KR781564    88.55%    passed     22.55%
1311  KR781563    88.55%    passed     26.45%
1312  KR781562    88.55%    passed     28.59%
1313  KR781561    88.56%    passed     31.98%
1314  KR781560    88.55%    passed     21.76%
1315  KR781559    88.55%    passed     27.04%
1316  KR781558    88.55%    passed     55.02%
1317  KR781557    88.55%    passed     49.80%
1318  KR781556    88.55%    passed     49.80%
1319  KR781555    88.55%    passed     66.95%
1320  KR781554    88.55%    passed     53.97%
1321  KR781553    88.55%    passed     52.85%
1322  KR781552    88.55%    passed     52.85%
1323  KR781551    88.55%    passed     52.85%
1324  KR781550    88.55%    passed     52.85%
1325  KR781549    88.55%    passed     57.18%
1326  KR781548    88.55%    passed     52.85%
1327  KR781547    88.55%    passed     54.84%
1328  KR781546    88.55%    passed     50.69%
1329  KR781545    88.55%    passed     56.64%
1330  KR781544    88.55%    passed     49.75%
1331  KR781543    88.55%    passed     50.55%
1332  KR781542    88.55%    passed     51.74%
1333  KR781541    88.55%    passed     56.22%
1334  KR781540    88.55%    passed     74.13%
1335  KR781539    88.55%    passed     42.24%
1336  KR781538    88.55%    passed     53.44%
1337  KR781536    88.55%    passed     49.13%
1338  KR781535    88.55%    passed     49.75%
1339  KR781534    88.55%    passed     60.88%
1340  KR781533    88.55%    passed     57.88%
1341  KR781532    88.55%    passed     47.05%
1342  KR781531    88.55%    passed     56.22%
1343  KR781530    88.55%    passed     61.34%
1344  KR781529    88.55%    passed     45.67%
1345  KR781528    88.55%    passed     56.22%
1346  KR781527    88.55%    passed     49.68%
1347  KR781526    88.55%    passed     41.57%
1348  KR781525    88.55%    passed     47.05%
1349  KR781524    88.55%    passed     47.05%
1350  KR781523    88.55%    passed     42.53%
1351  KR781522    88.55%    passed     49.75%
1352  AY854589    88.55%    passed     18.00%
1353  AY854590    88.49%    passed     44.21%
1354  EF363731    88.47%    passed     57.92%
1355  AY854593    88.46%    passed     48.42%
1356  AY854591    88.44%    passed     32.32%
1357  DQ149104    88.32%    passed     60.75%
1358  EF194167    88.32%    passed     34.42%
1359  EF194166    88.32%    passed     47.45%
1360  EF194165    88.32%    passed     47.57%
1361  EF194164    88.32%    passed     56.31%
1362  EF194163    88.32%    passed     49.12%
1363  EF194162    88.32%    passed     69.33%
1364  EF194161    88.32%    passed     60.16%
1365  EF194160    88.32%    passed     59.14%
1366  EF194159    88.32%    passed     62.42%
1367  EF152280    88.32%    passed     48.68%
1368  EF152279    88.32%    passed     44.90%
1369  EF152278    88.32%    passed     44.90%
1370  EF152277    88.32%    passed     49.28%
1371  EF152276    88.32%    passed     50.88%
1372  EF152275    88.32%    passed     50.01%
1373  EF152274    88.32%    passed     78.20%
1374  EF152273    88.32%    passed     70.81%
1375  EF152272    88.32%    passed     43.06%
1376  EF152271    88.32%    passed     35.70%
1377  EF152270    88.32%    passed     53.70%
1378  EF152269    88.32%    passed     43.60%
1379  EF152268    88.32%    passed     39.16%
1380  EF152267    88.32%    passed     52.86%
1381  EF152266    88.32%    passed     51.02%
1382  EF152265    88.32%    passed     47.17%
1383  EF152264    88.32%    passed     44.84%
1384  EF152263    88.32%    passed     43.00%
1385  EF152262    88.32%    passed     45.46%
1386  EF152261    88.32%    passed     43.00%
1387  EF152260    88.32%    passed     40.47%
1388  EF152259    88.32%    passed     20.36%
1389  EF152258    88.32%    passed     28.42%
1390  EF152257    88.32%    passed     38.27%
1391  EF152256    88.32%    passed     73.88%
1392  EF152255    88.32%    passed     23.43%
1393  EF152254    88.32%    passed     53.33%
1394  EF152253    88.32%    passed     61.88%
1395  EF152252    88.32%    passed     69.30%
1396  EF152251    88.32%    passed     37.08%
1397  EF152250    88.32%    passed     52.49%
1398  EF152249    88.32%    passed     34.47%
1399  EF152248    88.32%    passed     22.27%
1400  EF152247    88.32%    passed     58.66%
1401  EF152246    88.32%    passed     51.91%
1402  EF152245    88.32%    passed     43.38%
1403  EF152244    88.32%    passed     53.70%
1404  EF152243    88.32%    passed     53.70%
1405  EF152242    88.32%    passed     53.70%
1406  EF152241    88.32%    passed     67.33%
1407  EF152240    88.32%    passed     46.29%
1408  EF152239    88.32%    passed     54.17%
1409  EF152238    88.32%    passed     56.14%
1410  EF152237    88.32%    passed     53.76%
1411  EF152236    88.32%    passed     59.60%
1412  EF152235    88.32%    passed     52.92%
1413  EF152234    88.32%    passed     58.76%
1414  EF152233    88.32%    passed     39.39%
1415  EF152232    88.32%    passed     59.01%
1416  EF152231    88.32%    passed     43.75%
1417  AB083802    88.32%    passed     60.53%
1418  AB083801    88.32%    passed     58.66%
1419  AB083800    88.32%    passed     60.53%
1420  AB083799    88.32%    passed     56.51%
1421  AB083798    88.32%    passed     56.70%
1422  AB083797    88.32%    passed     58.52%
1423  AB083796    88.32%    passed     60.40%
1424  AB083795    88.32%    passed     56.59%
1425  AB083794    88.32%    passed     54.10%
1426  AB083793    88.32%    passed     58.93%
1427  AB083792    88.32%    passed     58.66%
1428  AY854578    88.26%    passed     47.43%
1429  AY854576    88.26%    passed     23.98%
1430  AY854575    88.26%    passed     25.85%
1431  AY854574    88.26%    passed     38.08%
1432  AY854573    88.26%    passed     38.30%
1433  AY854569    88.26%    passed     38.55%
1434  AY854567    88.26%    passed     44.10%
1435  AY854564    88.26%    passed     33.67%
1436  AY854562    88.26%    passed     28.99%
1437  AY854561    88.26%    passed     27.53%
1438  AY854560    88.26%    passed     25.91%
1439  AY854559    88.26%    passed     38.59%
1440  AY854558    88.26%    passed     40.78%
1441  AY854554    88.26%    passed     45.67%
1442  AY854552    88.26%    passed     38.32%
1443  AY854550    88.26%    passed     35.73%
1444  AY854548    88.26%    passed     45.66%
1445  AY854547    88.26%    passed     53.97%
1446  AY854546    88.26%    passed     42.41%
1447  AY854545    88.26%    passed     48.52%
1448  AY854544    88.26%    passed     44.65%
1449  AY854536    88.26%    passed     47.91%
1450  AY854534    88.26%    passed     54.88%
1451  AY854531    88.26%    passed     37.73%
1452  AY854530    88.26%    passed     50.88%
1453  AY854529    88.26%    passed     45.13%
1454  AY854527    88.26%    passed     31.84%
1455  AY854525    88.26%    passed     28.05%
1456  AY854524    88.26%    passed     36.81%
1457  AY854520    88.26%    passed     31.84%
1458  AY854515    88.26%    passed     29.13%
1459  AY854507    88.26%    passed     36.14%
1460  AY854506    88.26%    passed     31.77%
1461  AY854505    88.26%    passed     28.05%
1462  AY854504    88.26%    passed     36.81%
1463  KU550103    88.02%    passed     28.93%
1464  KC791796    87.10%    passed     73.70%
1465  KC791809    87.09%    passed     92.26%
1466  KC791795    87.08%    passed     88.15%
1467  KC791799    87.07%    passed     87.34%
1468  KC792196    86.83%    passed     57.30%
1469  KC792068    86.83%    passed     58.99%
1470  KC792067    86.83%    passed     58.99%
1471  KC792060    86.83%    passed     54.57%
1472  KC792059    86.83%    passed     58.03%
1473  KC792058    86.83%    passed     48.95%
1474  KC792057    86.83%    passed     55.98%
1475  KC792056    86.83%    passed     55.98%
1476  KC791961    86.83%    passed     42.02%
1477  KU888643    86.81%    passed     72.09%
1478  AB518495    86.81%    passed     34.28%
1479  AB518494    86.81%    passed     37.50%
1480  AB518493    86.81%    passed     32.47%
1481  AB518492    86.81%    passed     52.57%
1482  AB518491    86.81%    passed     70.32%
1483  AB518490    86.81%    passed     68.50%
1484  AB518489    86.81%    passed     49.80%
1485  AB518488    86.81%    passed     67.28%
1486  AB518487    86.81%    passed     70.32%
1487  AB449214    86.81%    passed     32.47%
1488  AB449213    86.81%    passed     69.43%
1489  AB449212    86.81%    passed     70.54%
1490  AB449211    86.81%    passed     57.20%
1491  AB247412    86.81%    passed     45.92%
1492  AB247411    86.81%    passed     71.31%
1493  AB247410    86.81%    passed     71.37%
1494  AB247416    86.81%    passed     31.29%
1495  AB247415    86.81%    passed     58.10%
1496  AB247414    86.81%    passed     35.32%
1497  AB247420    86.81%    passed     32.39%
1498  AB247419    86.81%    passed     37.50%
1499  AB247418    86.81%    passed     62.73%
1500  AB247437    86.81%    passed     54.37%
1501  AB247436    86.81%    passed     66.56%
1502  AB247435    86.81%    passed     63.01%
1503  AB247434    86.81%    passed     79.79%
1504  AB247433    86.81%    passed     53.43%
1505  AB247432    86.81%    passed     53.37%
1506  AB247431    86.81%    passed     66.56%
1507  AB247430    86.81%    passed     71.22%
1508  AB247447    86.81%    passed     76.29%
1509  AB247446    86.81%    passed     64.08%
1510  AB247445    86.81%    passed     26.78%
1511  AB276314    86.81%    passed     69.00%
1512  AB276313    86.81%    passed     52.34%
1513  AB276312    86.81%    passed     52.34%
1514  AB276311    86.81%    passed     58.10%
1515  AB276310    86.81%    passed     67.28%
1516  AB276309    86.81%    passed     70.32%
1517  AB276308    86.81%    passed     76.43%
1518  AB276307    86.81%    passed     68.29%
1519  OP762225    86.81%    passed     64.91%
1520  OP762224    86.81%    passed     64.91%
1521  OP762223    86.81%    passed     64.91%
1522  OP762222    86.81%    passed     64.91%
1523  OP762221    86.81%    passed     61.68%
1524  OP762220    86.81%    passed     61.68%
1525  OP762219    86.81%    passed     61.68%
1526  OP762218    86.81%    passed     61.68%
1527  OP762217    86.81%    passed     61.68%
1528  OP762216    86.81%    passed     61.68%
1529  OP762215    86.81%    passed     64.91%
1530  OP762214    86.81%    passed     64.91%
1531  OP762213    86.81%    passed     64.91%
1532  OP762212    86.81%    passed     64.91%
1533  OP762211    86.81%    passed     64.91%
1534  OP762210    86.81%    passed     61.68%
1535  OP762209    86.81%    passed     61.68%
1536  OP762208    86.81%    passed     61.68%
1537  OP762207    86.81%    passed     61.68%
1538  OP762206    86.81%    passed     61.68%
1539  EU918650    84.20%    passed     42.37%
1540  EU918649    84.20%    passed     23.30%
1541  EU918648    84.18%    passed     25.60%
1542  EU918647    84.18%    passed     38.85%
1543  EU918646    84.18%    passed     40.28%
1544  EU918645    84.18%    passed     45.60%
1545  EU918644    84.18%    passed     39.00%
1546  EU918643    84.18%    passed     61.35%
1547  EU918642    84.18%    passed     42.12%
1548  EU918641    84.18%    passed     42.12%
1549  EU918640    84.18%    passed     68.63%
1550  EU918639    84.18%    passed     65.30%
1551  EU918638    84.18%    passed     76.10%
1552  EU918637    84.18%    passed     53.67%
1553  EU918636    84.18%    passed     53.67%
1554  EU918635    84.18%    passed     33.22%
1555  EU918634    84.20%    passed     27.61%
1556  EU918633    84.18%    passed     25.09%
1557  EU918632    84.18%    passed     27.34%
1558  EU918631    84.18%    passed     22.34%
1559  EU918630    84.18%    passed     28.12%
1560  EU918629    84.18%    passed     40.16%
1561  EU918628    84.18%    passed     40.61%
1562  EU918627    84.18%    passed     59.88%
1563  EU918626    84.18%    passed     53.14%
1564  EU918625    84.18%    passed     53.22%
1565  EU918624    84.18%    passed     51.67%
1566  EU918623    84.18%    passed     76.47%
1567  EU918622    84.18%    passed     66.31%
1568  EU918621    84.18%    passed     76.40%
1569  EU918620    84.18%    passed     70.83%
1570  EU918619    84.18%    passed     72.00%
1571  EU918618    84.18%    passed     49.43%
1572  EU918617    84.18%    passed     69.15%
1573  EU918616    84.18%    passed     26.97%
1574  EU918615    84.18%    passed     42.02%
1575  EU918614    84.18%    passed     47.94%
1576  AB110661    82.69%    passed     73.18%
1577  AB110660    82.69%    passed     65.92%
1578  AB110659    82.69%    passed     64.13%
1579  AB110658    82.69%    passed     69.85%
1580  AB110656    82.69%    passed     78.48%
1581  AB110657    82.69%    passed     76.31%
1582  AF325477    82.48%    passed     90.54%
1583  KX708503     1.22%    passed     38.00%
1584  KX708502     1.21%    passed     47.37%
1585  KX708501     1.22%    passed     27.98%
1586  KX708500     1.22%    passed     23.44%
1587  KX708499     1.22%    passed     26.04%
1588  OM971005     1.22%    passed     27.40%
1589  OM971004     1.21%    passed     21.36%
1590  OM971003     1.21%    passed     61.40%
1591  KX708504     1.18%    passed     47.65%
1592  KX148216     1.13%    passed     33.15%
1593  KX148112     1.13%    passed     19.17%
1594  KX148111     1.13%    passed     20.04%
1595  KX148110     1.13%    passed     21.40%
1596  KX148215     1.12%    passed     52.59%
1597  KX148214     1.12%    passed     55.25%
1598  KX148217     1.11%    passed     66.24%
1599  PP965374     1.42%    passed     29.09%
1600  PP965372     1.21%    passed     27.54%
1601  PP965371     1.33%    passed     26.19%
1602  PP965370    11.79%    passed     34.64%
1603  PP965369     1.22%    passed     31.21%
1604  PP965368     1.27%    passed     24.00%
1605  PP965366     1.30%    passed     28.21%
1606  PP965365     9.93%    passed     18.37%
1607  PP965364    11.80%    passed     31.37%
1608  PP965363    11.78%    passed     33.14%
1609  PP965361     1.21%    passed     26.17%
1610  PP965359     1.26%    passed     31.06%
1611  PP965358     2.99%    passed     18.85%
1612  PP965357     1.26%    passed     25.20%
1613  PP965356    11.80%    passed     32.38%
1614  PP965354    11.78%    passed     33.14%
1615  PP965353     1.21%    passed     23.71%
1616  PP965351    11.78%    passed     31.39%
1617  PP965350    11.79%    passed     32.04%
1618  PP965349    11.78%    passed     31.39%
1619  PP965347     1.25%    passed     27.67%
1620  PP965346     1.21%    passed     32.24%
1621  PP965345    18.56%    passed     17.40%
1622  PP965344    11.80%    passed     30.37%
1623  PP965343    11.78%    passed     31.39%
1624  PP965362     5.85%    passed     37.66%
1625  PP965367    12.62%    passed     72.19%
1626  PP965360     1.23%    passed     19.19%
1627  KM594039     0.47%    passed     67.12%
1628  PP965348     0.45%    passed     20.24%
1629  PP965352     0.39%    passed     18.16%
1630  KU938829     0.83%    passed     12.21%
1631  PP965355     0.29%    passed     23.08%
1632  PQ055822     0.13%    passed     43.96%
1633  KT006769     0.13%    passed     24.50%
1634  KX148102     0.13%    passed     12.47%
1635  PP965373     0.60%    passed     17.42%
1636  JQ685954     0.12%    passed     20.00%
1637  JQ685929     0.12%    passed     23.06%
1638  KU938752     0.58%    passed     19.04%
1639  AB517659     0.12%    passed     16.46%
1640  LT909544     0.13%    passed      9.50%
1641  HQ450386     0.11%    passed     19.21%
1642  AB362483     0.11%    passed     31.14%
1643  LT909543     1.14%    passed     66.99%
1644  LT909530     1.14%    passed     64.65%
1645  MG458319     0.10%    passed     49.82%
1646  JQ685975     0.10%    passed     41.26%
1647  AB517660     0.10%    passed     20.16%
1648  OK564514     0.12%    passed     65.26%
1649  KF154998     0.11%    passed     41.02%
1650  10_2020      0.92%    passed     27.70%
1651  10_2021      0.92%    passed     25.76%
1652  100_2023     0.92%    passed     25.28%
1653  101_2017     0.92%    passed     26.09%
1654  103_2022     0.92%    passed     21.66%
1655  107_2018    12.05%    passed     57.49%
1656  107_2021     0.92%    passed     19.54%
1657  1101786      0.60%    passed     17.42%
1658  1101787      0.58%    passed     19.04%
1659  112_2017     0.92%    passed     20.74%
1660  114_2015     0.92%    passed     25.04%
1661  12_2017      0.92%    passed     25.71%
1662  1203037      0.83%    passed     12.21%
1663  121_2019     0.92%    passed     23.72%
1664  126_2021     1.01%    passed     27.32%
1665  130_2016     0.92%    passed     25.47%
1666  131_2019     0.92%    passed     24.42%
1667  140_2018     2.97%    passed     19.56%
1668  140_2020    15.18%    passed      9.72%
1669  145_2017     0.92%    passed     25.91%
1670  145_2022     0.92%    passed     25.47%
1671  146_2021     0.92%    passed     25.67%
1672  147_2021    11.49%    passed     29.24%
1673  147_2022     9.93%    passed     18.37%
1674  149_2020     0.92%    passed     24.16%
1675  15_2021      0.92%    passed     25.76%
1676  151_2024     0.92%    passed     20.45%
1677  152_2023     0.92%    passed     23.04%
1678  158_2022     0.94%    passed     30.04%
1679  159_2017     0.92%    passed     21.33%
1680  16_2021      0.92%    passed     30.64%
1681  162_2018     0.92%    passed     28.91%
1682  162_2024     0.92%    passed     30.26%
1683  166_2016     0.92%    passed     25.06%
1684  172_2022     1.05%    passed     25.36%
1685  173_2022     0.99%    passed     23.63%
1686  175_2023     0.92%    passed     24.25%
1687  182_2019     0.92%    passed     21.50%
1688  183_2019     0.92%    passed     27.02%
1689  183_2023     0.92%    passed     23.66%
1690  186_2018     0.92%    passed     25.94%
1691  2_2017       0.92%    passed     25.23%
1692  201_2017     0.92%    passed     24.58%
1693  202_2021    11.51%    passed     28.32%
1694  209_2018     0.92%    passed     22.94%
1695  213_2021     2.89%    passed     18.33%
1696  218_2023     0.92%    passed     28.82%
1697  219_2022     0.96%    passed     27.08%
1698  219_2024     0.92%    passed     53.69%
1699  22_2016      0.92%    passed     23.72%
1700  22_2018      0.92%    passed     24.83%
1701  225_2017     0.92%    passed     24.83%
1702  225_2019     0.92%    passed     17.52%
1703  225_2023     0.92%    passed     23.33%
1704  227_2019     0.92%    passed     25.67%
1705  23_2020     13.55%    passed     10.51%
1706  231_2021     1.14%    passed     28.34%
1707  232_2023     2.97%    passed     18.19%
1708  234_2016     0.92%    passed     24.20%
1709  236_2019     0.92%    passed     26.31%
1710  236_2022    18.28%    passed     16.62%
1711  24_2019      0.92%    passed     22.94%
1712  240_2019     0.92%    passed     26.09%
1713  240_2023     0.92%    passed     23.30%
1714  242_2019     0.92%    passed     25.87%
1715  244_2019     0.92%    passed     24.16%
1716  246_2022     0.92%    passed     23.66%
1717  247_2018     0.92%    passed     24.59%
1718  25_2020      5.57%    passed     12.67%
1719  250_2021    11.49%    passed     30.98%
1720  251_2021    11.49%    passed     30.98%
1721  255_2019     0.92%    passed     23.56%
1722  259_2017     0.92%    passed     26.62%
1723  266_2022     0.92%    passed     25.06%
1724  270_2023     0.92%    passed     25.66%
1725  272_2017     2.89%    passed     15.98%
1726  272_2019     0.92%    passed     24.59%
1727  273_2023     0.92%    passed     28.58%
1728  275_2017     0.92%    passed     21.53%
1729  279_2017     3.18%    passed     33.57%
1730  280_2022     0.92%    passed     23.33%
1731  286_2022     2.97%    passed     17.67%
1732  289_2019     0.92%    passed     22.85%
1733  29_2021      0.92%    passed     28.32%
1734  291_2016     1.11%    passed     25.91%
1735  297_2023     0.92%    passed     21.53%
1736  298_2017     0.92%    passed     27.25%
1737  30_2021      0.97%    passed     30.87%
1738  30_2023      5.57%    passed     10.34%
1739  302_2016     0.92%    passed     25.64%
1740  302_2017     0.92%    passed     24.41%
1741  31_2021      0.98%    passed     24.34%
1742  312_2019     0.92%    passed     20.89%
1743  315_2017     0.92%    passed     27.94%
1744  319_2017     7.76%    passed      7.08%
1745  32_2016      0.92%    passed     24.41%
1746  320_2019     0.92%    passed     21.09%
1747  321_2023     5.22%    passed     11.63%
1748  333_2018     0.92%    passed     27.70%
1749  336_2019     5.08%    passed     13.46%
1750  34_2021     11.49%    passed     29.24%
1751  348_2023     0.92%    passed     30.50%
1752  35_2018      0.92%    passed     25.21%
1753  3553_2010    0.29%    passed     23.08%
1754  357_2016     0.92%    passed     23.33%
1755  358_2023     0.92%    passed     30.02%
1756  367_2015     0.92%    passed     24.81%
1757  374_2018     0.92%    passed     20.74%
1758  375_2017     0.39%    passed     18.16%
1759  375_2018     0.92%    passed     24.20%
1760  386_2016     0.92%    passed     23.56%
1761  4_2023       0.92%    passed     26.23%
1762  40_2021      0.93%    passed     22.95%
1763  40_2025     15.91%    passed     13.35%
1764  402_2017     0.92%    passed     26.59%
1765  41_2020      7.75%    passed     12.62%
1766  41_2024      0.92%    passed     28.16%
1767  42_2020      2.89%    passed     19.25%
1768  435_2018     0.92%    passed     27.25%
1769  44_2016      0.92%    passed     23.34%
1770  442_2016     0.92%    passed     22.51%
1771  447_2018     0.92%    passed     22.73%
1772  46_2017      0.92%    passed     22.93%
1773  46_2019      0.92%    passed     22.51%
1774  462_2016     0.92%    passed     26.59%
1775  468_2016     0.92%    passed     26.09%
1776  47_2019      2.89%    passed     23.95%
1777  48_2019      0.92%    passed     25.23%
1778  480_2016     0.92%    passed     26.61%
1779  481_2016     0.92%    passed     23.51%
1780  485_2016     0.92%    passed     23.34%
1781  495_2016     0.92%    passed     25.06%
1782  51_2018      0.92%    passed     26.74%
1783  52_2018      5.57%    passed     11.80%
1784  52_2021     11.49%    passed     29.24%
1785  534_2016     1.17%    passed     26.67%
1786  54_2024      0.92%    passed     23.82%
1787  56_2021      2.99%    passed     18.85%
1788  56_2023      0.92%    passed     25.29%
1789  560_2015     0.45%    passed     20.24%
1790  562_2016     0.92%    passed     23.13%
1791  563_2016     0.92%    passed     23.34%
1792  57_2017      0.92%    passed     24.20%
1793  571_2016     0.92%    passed     23.34%
1794  576_2016     0.92%    passed     25.06%
1795  609_2015     0.92%    passed     26.30%
1796  61_2021      0.93%    passed     32.11%
1797  653_2015     0.92%    passed     25.83%
1798  68_2021     11.51%    passed     30.13%
1799  69_2016      2.89%    passed     17.51%
1800  69_2022      3.18%    passed     35.48%
1801  696_2015     5.57%    passed     11.95%
1802  699_2015     5.57%    passed     12.45%
1803  704_2015     0.92%    passed     26.34%
1804  71_2021     11.50%    passed     29.65%
1805  711_2015     0.92%    passed     23.07%
1806  73_2015      0.92%    passed     24.75%
1807  73_2021     11.50%    passed     32.39%
1808  75_2021     11.77%    passed      6.63%
1809  88_2019      2.97%    passed     18.59%
1810  89_2018      0.92%    passed     26.83%
1811  9_2019       0.92%    passed     24.83%
1812  90_2021      0.93%    passed     27.19%
1813  91_2017      0.92%    passed     25.47%
1814  92_2018      0.92%    passed     30.82%
1815  93_2018      4.91%    passed     16.52%
1816  97_2017      0.92%    passed     23.34%
WARNING: 1582 sequences contain more than 50% gaps/ambiguity
****  TOTAL       80.89%  78 sequences failed composition chi2 test (p-value<5%; df=3)
NOTE: AY649916 is identical to AY649950 but kept for subsequent analysis
NOTE: AY192397 is identical to AY649925 but kept for subsequent analysis
NOTE: AY192396 is identical to AY649921 but kept for subsequent analysis
NOTE: AY649917 is identical to AY649918 but kept for subsequent analysis
NOTE: AY192388 is identical to AY649914 but kept for subsequent analysis
NOTE: AF269291 is identical to AF269292 but kept for subsequent analysis
NOTE: AF271112 is identical to AY192395 but kept for subsequent analysis
NOTE: AY192371 is identical to AY192392 but kept for subsequent analysis
NOTE: AY192377 is identical to AY192391 but kept for subsequent analysis
NOTE: AY192399 is identical to AY192387 but kept for subsequent analysis
NOTE: AY192373 is identical to AY192379 but kept for subsequent analysis
NOTE: AY192408 is identical to AY192409 but kept for subsequent analysis
NOTE: EU530727 is identical to EU530728 but kept for subsequent analysis
NOTE: EU530722 is identical to EU530723 but kept for subsequent analysis
NOTE: EU530719 is identical to EU530720 but kept for subsequent analysis
NOTE: EU530709 is identical to EU530711 but kept for subsequent analysis
NOTE: EF377694 is identical to EF377695 but kept for subsequent analysis
NOTE: EF377639 is identical to EF377692 but kept for subsequent analysis
NOTE: EF377651 is identical to EF377652 but kept for subsequent analysis
NOTE: EF377609 is identical to EF377610 but kept for subsequent analysis
NOTE: MT872390 is identical to MT872391 but kept for subsequent analysis
NOTE: AY561820 is identical to AY561822 but kept for subsequent analysis
NOTE: AY561801 is identical to AY561802 but kept for subsequent analysis
NOTE: AY561796 is identical to AY561797 but kept for subsequent analysis
NOTE: AY561791 is identical to AY561792 but kept for subsequent analysis
NOTE: AY561779 is identical to AY561788 but kept for subsequent analysis
NOTE: AY561786 is identical to AY561787 but kept for subsequent analysis
NOTE: AY561762 is identical to AY561763 but kept for subsequent analysis
NOTE: DQ447966 is identical to DQ447968 but kept for subsequent analysis
NOTE: DQ447958 is identical to DQ447959 but kept for subsequent analysis
NOTE: AY233419 is identical to AY233421 but kept for subsequent analysis
NOTE: AY233402 is identical to AY233403 but kept for subsequent analysis
NOTE: AY233399 is identical to AY233400 but kept for subsequent analysis
NOTE: JN106462 is identical to JN106463 but kept for subsequent analysis
NOTE: KU312295 is identical to KU312297 but kept for subsequent analysis
NOTE: KU312285 is identical to KU312286 but kept for subsequent analysis
NOTE: JX217799 is identical to JX217803 but kept for subsequent analysis
NOTE: JX217789 is identical to JX217794 but kept for subsequent analysis
NOTE: JX217790 is identical to JX217793 but kept for subsequent analysis
NOTE: AY340780 is identical to AY340786 but kept for subsequent analysis
NOTE: AY340777 is identical to AY340779 but kept for subsequent analysis
NOTE: AY340763 is identical to AY340764 but kept for subsequent analysis
NOTE: AY340758 is identical to AY340759 but kept for subsequent analysis
NOTE: AY340756 is identical to AY340757 but kept for subsequent analysis
NOTE: AY340746 is identical to AY340747 but kept for subsequent analysis
NOTE: AY340742 is identical to AY340744 but kept for subsequent analysis
NOTE: AY340736 is identical to AY340737 but kept for subsequent analysis
NOTE: GU646854 is identical to GU646855 but kept for subsequent analysis
NOTE: GU646810 is identical to GU646850 but kept for subsequent analysis
NOTE: GU646839 is identical to GU646840 but kept for subsequent analysis
NOTE: JN897314 is identical to JN897315 but kept for subsequent analysis
NOTE: PV891640 is identical to PV891642 but kept for subsequent analysis
NOTE: AY854555 is identical to AY854556 but kept for subsequent analysis
NOTE: AY854540 is identical to AY854541 but kept for subsequent analysis
NOTE: AY854521 is identical to AY854522 but kept for subsequent analysis
NOTE: AY854517 is identical to AY854518 but kept for subsequent analysis
NOTE: MW302193 is identical to MW302194 but kept for subsequent analysis
NOTE: AB247449 is identical to AB247451 but kept for subsequent analysis
NOTE: AB247439 is identical to AB247413 but kept for subsequent analysis
NOTE: AB291106 is identical to AB291107 but kept for subsequent analysis
NOTE: AB291086 is identical to AB291089 but kept for subsequent analysis
NOTE: AB291085 is identical to AB291087 but kept for subsequent analysis
NOTE: PP536669 is identical to PP536670 but kept for subsequent analysis
NOTE: OK247527 is identical to OK247528 but kept for subsequent analysis
NOTE: PP105585 is identical to PP105586 but kept for subsequent analysis
NOTE: PQ963930 is identical to PQ963932 but kept for subsequent analysis
NOTE: PP583702 is identical to PP583703 but kept for subsequent analysis
NOTE: PP583682 is identical to PP583683 but kept for subsequent analysis
NOTE: AB291120 is identical to AB291121 but kept for subsequent analysis
NOTE: AB291116 is identical to AB291119 but kept for subsequent analysis
NOTE: PV091166 is identical to PV091142 but kept for subsequent analysis
NOTE: OP762294 is identical to OP762295 but kept for subsequent analysis
NOTE: JQ037822 is identical to JQ037823 but kept for subsequent analysis
NOTE: KJ001511 is identical to KJ001514 but kept for subsequent analysis
NOTE: AB206407 is identical to AB206408 but kept for subsequent analysis
NOTE: AB263294 is identical to AB263295 but kept for subsequent analysis
NOTE: AB263292 is identical to AB263293 but kept for subsequent analysis
NOTE: AB263340 is identical to AB263343 but kept for subsequent analysis
NOTE: AB263331 is identical to AB263339 but kept for subsequent analysis
NOTE: AB263335 is identical to AB263337 but kept for subsequent analysis
NOTE: AB263330 is identical to AB263332 but kept for subsequent analysis
NOTE: AB263322 is identical to AB263323 but kept for subsequent analysis
NOTE: AB263315 is identical to AB263320 but kept for subsequent analysis
NOTE: AB263314 is identical to AB263316 but kept for subsequent analysis
NOTE: KJ001490 is identical to KJ001492 but kept for subsequent analysis
NOTE: KJ001520 is identical to GU991846 but kept for subsequent analysis
NOTE: KJ001521 is identical to GU991845 but kept for subsequent analysis
NOTE: KJ001522 is identical to GU991844 but kept for subsequent analysis
NOTE: KJ001516 is identical to KJ001517 but kept for subsequent analysis
NOTE: OL451930 is identical to OL451932 but kept for subsequent analysis
NOTE: PX738186 is identical to PX738159 but kept for subsequent analysis
NOTE: PX738254 is identical to PX738253 but kept for subsequent analysis
NOTE: PX738240 is identical to PX738153 but kept for subsequent analysis
NOTE: PX738190 is identical to PX738191 but kept for subsequent analysis
NOTE: PX738228 is identical to PX738174 but kept for subsequent analysis
NOTE: PX738141 is identical to PX738140 but kept for subsequent analysis
NOTE: PX738163 is identical to PX738195 but kept for subsequent analysis
NOTE: PX738136 is identical to PX738138 but kept for subsequent analysis
NOTE: PX738131 is identical to PX738127 but kept for subsequent analysis
NOTE: PX738256 is identical to PX738128 but kept for subsequent analysis
NOTE: PX738193 is identical to PX738188 but kept for subsequent analysis
NOTE: PX738150 is identical to PX738149 but kept for subsequent analysis
NOTE: PX738244 is identical to PX738247 but kept for subsequent analysis
NOTE: PX738241 is identical to PX738216 but kept for subsequent analysis
NOTE: PX738226 is identical to PX738221 but kept for subsequent analysis
NOTE: PX738249 is identical to PX738245 but kept for subsequent analysis
NOTE: PX738200 is identical to PX738177 but kept for subsequent analysis
NOTE: PX738204 is identical to PX738205 but kept for subsequent analysis
NOTE: PX738157 is identical to PX738162 but kept for subsequent analysis
NOTE: PX738209 is identical to PX738208 but kept for subsequent analysis
NOTE: KJ957444 is identical to KJ957452 but kept for subsequent analysis
NOTE: KJ957442 is identical to KJ957447 but kept for subsequent analysis
NOTE: KJ957439 is identical to KJ957440 but kept for subsequent analysis
NOTE: KJ957437 is identical to KJ957438 but kept for subsequent analysis
NOTE: JQ513531 is identical to JQ513533 but kept for subsequent analysis
NOTE: OL451927 is identical to OL451928 but kept for subsequent analysis
NOTE: OL451923 is identical to OL451924 but kept for subsequent analysis
NOTE: OL451917 is identical to OL451920 but kept for subsequent analysis
NOTE: OL451918 is identical to OL451919 but kept for subsequent analysis
NOTE: OL451915 is identical to OL451916 but kept for subsequent analysis
NOTE: OL451888 is identical to OL451914 but kept for subsequent analysis
NOTE: OL451886 is identical to OL451902 but kept for subsequent analysis
NOTE: OL451885 is identical to OL451896 but kept for subsequent analysis
NOTE: OL451891 is identical to OL451892 but kept for subsequent analysis
NOTE: OL451878 is identical to OL451880 but kept for subsequent analysis
NOTE: MW055129 is identical to MW055130 but kept for subsequent analysis
NOTE: KR781554 is identical to KR781604 but kept for subsequent analysis
NOTE: KR781580 is identical to KR781603 but kept for subsequent analysis
NOTE: KR781541 is identical to KR781566 but kept for subsequent analysis
NOTE: KR781556 is identical to KR781557 but kept for subsequent analysis
NOTE: KR781552 is identical to KR781553 but kept for subsequent analysis
NOTE: KR781524 is identical to KR781525 but kept for subsequent analysis
NOTE: EF152278 is identical to EF152279 but kept for subsequent analysis
NOTE: EF152244 is identical to EF152270 but kept for subsequent analysis
NOTE: AB083800 is identical to AB083802 but kept for subsequent analysis
NOTE: KC792067 is identical to KC792068 but kept for subsequent analysis
NOTE: KC792056 is identical to KC792057 but kept for subsequent analysis
NOTE: AB247419 is identical to AB518494 but kept for subsequent analysis
NOTE: AB449214 is identical to AB518493 but kept for subsequent analysis
NOTE: AB518487 is identical to AB518491 but kept for subsequent analysis
NOTE: AB276310 is identical to AB518488 but kept for subsequent analysis
NOTE: AB276312 is identical to AB276313 but kept for subsequent analysis
NOTE: OP762224 is identical to OP762225 but kept for subsequent analysis
NOTE: OP762220 is identical to OP762221 but kept for subsequent analysis
NOTE: EU918641 is identical to EU918642 but kept for subsequent analysis
NOTE: 147_2022 is identical to PP965365 but kept for subsequent analysis
NOTE: PP965354 is identical to PP965363 but kept for subsequent analysis
NOTE: 56_2021 is identical to PP965358 but kept for subsequent analysis
NOTE: PP965349 is identical to PP965351 but kept for subsequent analysis
NOTE: 560_2015 is identical to PP965348 but kept for subsequent analysis
NOTE: 375_2017 is identical to PP965352 but kept for subsequent analysis
NOTE: 1203037 is identical to KU938829 but kept for subsequent analysis
NOTE: 3553_2010 is identical to PP965355 but kept for subsequent analysis
NOTE: 1101786 is identical to PP965373 but kept for subsequent analysis
NOTE: 1101787 is identical to KU938752 but kept for subsequent analysis
NOTE: 91_2017 is identical to 130_2016 but kept for subsequent analysis
NOTE: 34_2021 is identical to 147_2021 but kept for subsequent analysis
NOTE: 251_2021 is identical to 250_2021 but kept for subsequent analysis
NOTE: 435_2018 is identical to 298_2017 but kept for subsequent analysis
NOTE: 316 identical sequences (see below) will be ignored for subsequent analysis
NOTE: AF189346 (identical to AY649918) is ignored but added at the end
NOTE: AF189344 (identical to AY649918) is ignored but added at the end
NOTE: AY192390 (identical to AY649918) is ignored but added at the end
NOTE: AY192384 (identical to AY649918) is ignored but added at the end
NOTE: AY192372 (identical to AY649918) is ignored but added at the end
NOTE: AY192406 (identical to AY649918) is ignored but added at the end
NOTE: AY192404 (identical to AY649918) is ignored but added at the end
NOTE: AY192401 (identical to AY649914) is ignored but added at the end
NOTE: AY192393 (identical to AF269292) is ignored but added at the end
NOTE: AY192413 (identical to AY192392) is ignored but added at the end
NOTE: EU530726 (identical to EU530728) is ignored but added at the end
NOTE: EU530721 (identical to EU530723) is ignored but added at the end
NOTE: EU530717 (identical to EU530723) is ignored but added at the end
NOTE: EU530714 (identical to EU530723) is ignored but added at the end
NOTE: EU530713 (identical to EU530723) is ignored but added at the end
NOTE: EU530718 (identical to EU530720) is ignored but added at the end
NOTE: EU530716 (identical to EU530720) is ignored but added at the end
NOTE: EU530712 (identical to EU530720) is ignored but added at the end
NOTE: EU530706 (identical to EU530720) is ignored but added at the end
NOTE: EU530705 (identical to EU530720) is ignored but added at the end
NOTE: EU530701 (identical to EU530720) is ignored but added at the end
NOTE: EU530700 (identical to EU530720) is ignored but added at the end
NOTE: EU530707 (identical to EU530711) is ignored but added at the end
NOTE: EU530704 (identical to EU530711) is ignored but added at the end
NOTE: EU530703 (identical to EU530711) is ignored but added at the end
NOTE: EU530702 (identical to EU530711) is ignored but added at the end
NOTE: EF377693 (identical to EF377695) is ignored but added at the end
NOTE: EF377690 (identical to EF377695) is ignored but added at the end
NOTE: EF377689 (identical to EF377695) is ignored but added at the end
NOTE: EF377688 (identical to EF377695) is ignored but added at the end
NOTE: EF377687 (identical to EF377695) is ignored but added at the end
NOTE: EF377685 (identical to EF377695) is ignored but added at the end
NOTE: EF377682 (identical to EF377695) is ignored but added at the end
NOTE: EF377681 (identical to EF377695) is ignored but added at the end
NOTE: EF377680 (identical to EF377695) is ignored but added at the end
NOTE: EF377673 (identical to EF377695) is ignored but added at the end
NOTE: EF377672 (identical to EF377695) is ignored but added at the end
NOTE: EF377670 (identical to EF377695) is ignored but added at the end
NOTE: EF377655 (identical to EF377695) is ignored but added at the end
NOTE: EF377654 (identical to EF377695) is ignored but added at the end
NOTE: EF377653 (identical to EF377695) is ignored but added at the end
NOTE: EF377638 (identical to EF377692) is ignored but added at the end
NOTE: EF377637 (identical to EF377692) is ignored but added at the end
NOTE: EF377636 (identical to EF377692) is ignored but added at the end
NOTE: EF377635 (identical to EF377692) is ignored but added at the end
NOTE: EF377634 (identical to EF377692) is ignored but added at the end
NOTE: EF377633 (identical to EF377692) is ignored but added at the end
NOTE: EF377632 (identical to EF377692) is ignored but added at the end
NOTE: EF377631 (identical to EF377692) is ignored but added at the end
NOTE: EF377630 (identical to EF377692) is ignored but added at the end
NOTE: EF377629 (identical to EF377692) is ignored but added at the end
NOTE: EF377628 (identical to EF377692) is ignored but added at the end
NOTE: EF377627 (identical to EF377692) is ignored but added at the end
NOTE: EF377626 (identical to EF377692) is ignored but added at the end
NOTE: EF377625 (identical to EF377692) is ignored but added at the end
NOTE: EF377624 (identical to EF377692) is ignored but added at the end
NOTE: EF377623 (identical to EF377692) is ignored but added at the end
NOTE: EF377622 (identical to EF377692) is ignored but added at the end
NOTE: EF377621 (identical to EF377692) is ignored but added at the end
NOTE: EF377620 (identical to EF377692) is ignored but added at the end
NOTE: EF377619 (identical to EF377692) is ignored but added at the end
NOTE: EF377618 (identical to EF377692) is ignored but added at the end
NOTE: EF377617 (identical to EF377692) is ignored but added at the end
NOTE: EF377615 (identical to EF377692) is ignored but added at the end
NOTE: EF377650 (identical to EF377652) is ignored but added at the end
NOTE: EF377649 (identical to EF377652) is ignored but added at the end
NOTE: EF377648 (identical to EF377652) is ignored but added at the end
NOTE: EF377647 (identical to EF377652) is ignored but added at the end
NOTE: EF377646 (identical to EF377652) is ignored but added at the end
NOTE: EF377645 (identical to EF377652) is ignored but added at the end
NOTE: EF377644 (identical to EF377652) is ignored but added at the end
NOTE: EF377643 (identical to EF377652) is ignored but added at the end
NOTE: EF377608 (identical to EF377610) is ignored but added at the end
NOTE: EF377607 (identical to EF377610) is ignored but added at the end
NOTE: EF377606 (identical to EF377610) is ignored but added at the end
NOTE: EF377605 (identical to EF377610) is ignored but added at the end
NOTE: EF377604 (identical to EF377610) is ignored but added at the end
NOTE: EF377603 (identical to EF377610) is ignored but added at the end
NOTE: EF377602 (identical to EF377610) is ignored but added at the end
NOTE: EF377601 (identical to EF377610) is ignored but added at the end
NOTE: EF377600 (identical to EF377610) is ignored but added at the end
NOTE: EF377599 (identical to EF377610) is ignored but added at the end
NOTE: EF377598 (identical to EF377610) is ignored but added at the end
NOTE: EF377597 (identical to EF377610) is ignored but added at the end
NOTE: EF377596 (identical to EF377610) is ignored but added at the end
NOTE: EF377595 (identical to EF377610) is ignored but added at the end
NOTE: EF377594 (identical to EF377610) is ignored but added at the end
NOTE: EF377593 (identical to EF377610) is ignored but added at the end
NOTE: EF377592 (identical to EF377610) is ignored but added at the end
NOTE: EF377591 (identical to EF377610) is ignored but added at the end
NOTE: EF377590 (identical to EF377610) is ignored but added at the end
NOTE: EF377589 (identical to EF377610) is ignored but added at the end
NOTE: EF377588 (identical to EF377610) is ignored but added at the end
NOTE: EF377587 (identical to EF377610) is ignored but added at the end
NOTE: EF377586 (identical to EF377610) is ignored but added at the end
NOTE: EF377585 (identical to EF377610) is ignored but added at the end
NOTE: EF377584 (identical to EF377610) is ignored but added at the end
NOTE: AY561819 (identical to AY561822) is ignored but added at the end
NOTE: AY561818 (identical to AY561822) is ignored but added at the end
NOTE: AY561800 (identical to AY561802) is ignored but added at the end
NOTE: AY561798 (identical to AY561802) is ignored but added at the end
NOTE: AY561777 (identical to AY561802) is ignored but added at the end
NOTE: AY561795 (identical to AY561797) is ignored but added at the end
NOTE: AY561790 (identical to AY561792) is ignored but added at the end
NOTE: AY561775 (identical to AY561788) is ignored but added at the end
NOTE: AY561774 (identical to AY561788) is ignored but added at the end
NOTE: AY561772 (identical to AY561788) is ignored but added at the end
NOTE: AY561765 (identical to AY561788) is ignored but added at the end
NOTE: AY561785 (identical to AY561787) is ignored but added at the end
NOTE: AY561784 (identical to AY561787) is ignored but added at the end
NOTE: AY561783 (identical to AY561787) is ignored but added at the end
NOTE: AY561782 (identical to AY561787) is ignored but added at the end
NOTE: AY561781 (identical to AY561787) is ignored but added at the end
NOTE: AY561771 (identical to AY561787) is ignored but added at the end
NOTE: AY561769 (identical to AY561787) is ignored but added at the end
NOTE: DQ447954 (identical to DQ447968) is ignored but added at the end
NOTE: DQ447950 (identical to DQ447968) is ignored but added at the end
NOTE: AY233418 (identical to AY233421) is ignored but added at the end
NOTE: AY233416 (identical to AY233421) is ignored but added at the end
NOTE: AY233415 (identical to AY233421) is ignored but added at the end
NOTE: AY233413 (identical to AY233421) is ignored but added at the end
NOTE: AY233412 (identical to AY233421) is ignored but added at the end
NOTE: AY233411 (identical to AY233421) is ignored but added at the end
NOTE: AY233410 (identical to AY233421) is ignored but added at the end
NOTE: AY233409 (identical to AY233421) is ignored but added at the end
NOTE: AY233408 (identical to AY233421) is ignored but added at the end
NOTE: AY233401 (identical to AY233403) is ignored but added at the end
NOTE: AY233398 (identical to AY233400) is ignored but added at the end
NOTE: JN106461 (identical to JN106463) is ignored but added at the end
NOTE: KU312288 (identical to KU312297) is ignored but added at the end
NOTE: JX217791 (identical to JX217803) is ignored but added at the end
NOTE: JX217788 (identical to JX217803) is ignored but added at the end
NOTE: JX217787 (identical to JX217803) is ignored but added at the end
NOTE: JX217784 (identical to JX217803) is ignored but added at the end
NOTE: JX217780 (identical to JX217803) is ignored but added at the end
NOTE: AY340769 (identical to AY340786) is ignored but added at the end
NOTE: AY340775 (identical to AY340779) is ignored but added at the end
NOTE: AY340770 (identical to AY340779) is ignored but added at the end
NOTE: AY340752 (identical to AY340764) is ignored but added at the end
NOTE: AY340755 (identical to AY340757) is ignored but added at the end
NOTE: GU646852 (identical to GU646855) is ignored but added at the end
NOTE: GU646851 (identical to GU646855) is ignored but added at the end
NOTE: GU646807 (identical to GU646850) is ignored but added at the end
NOTE: GU646838 (identical to GU646840) is ignored but added at the end
NOTE: GU646837 (identical to GU646840) is ignored but added at the end
NOTE: GU646836 (identical to GU646840) is ignored but added at the end
NOTE: GU646834 (identical to GU646840) is ignored but added at the end
NOTE: GU646831 (identical to GU646840) is ignored but added at the end
NOTE: GU646830 (identical to GU646840) is ignored but added at the end
NOTE: GU646829 (identical to GU646840) is ignored but added at the end
NOTE: GU646812 (identical to GU646840) is ignored but added at the end
NOTE: GU646809 (identical to GU646840) is ignored but added at the end
NOTE: GU646808 (identical to GU646840) is ignored but added at the end
NOTE: GU646805 (identical to GU646840) is ignored but added at the end
NOTE: GU646803 (identical to GU646840) is ignored but added at the end
NOTE: GU646802 (identical to GU646840) is ignored but added at the end
NOTE: GU646800 (identical to GU646840) is ignored but added at the end
NOTE: GU646797 (identical to GU646840) is ignored but added at the end
NOTE: AY854539 (identical to AY854541) is ignored but added at the end
NOTE: AY854508 (identical to AY854518) is ignored but added at the end
NOTE: AB291084 (identical to AB291087) is ignored but added at the end
NOTE: PP536668 (identical to PP536670) is ignored but added at the end
NOTE: PP536667 (identical to PP536670) is ignored but added at the end
NOTE: PP536666 (identical to PP536670) is ignored but added at the end
NOTE: PP536665 (identical to PP536670) is ignored but added at the end
NOTE: PP536664 (identical to PP536670) is ignored but added at the end
NOTE: PP536663 (identical to PP536670) is ignored but added at the end
NOTE: PP536662 (identical to PP536670) is ignored but added at the end
NOTE: PP536661 (identical to PP536670) is ignored but added at the end
NOTE: PP536660 (identical to PP536670) is ignored but added at the end
NOTE: PP536659 (identical to PP536670) is ignored but added at the end
NOTE: PP536658 (identical to PP536670) is ignored but added at the end
NOTE: PP536657 (identical to PP536670) is ignored but added at the end
NOTE: PP536656 (identical to PP536670) is ignored but added at the end
NOTE: PP536655 (identical to PP536670) is ignored but added at the end
NOTE: PP536654 (identical to PP536670) is ignored but added at the end
NOTE: PP536653 (identical to PP536670) is ignored but added at the end
NOTE: PP536652 (identical to PP536670) is ignored but added at the end
NOTE: PP536651 (identical to PP536670) is ignored but added at the end
NOTE: PP536650 (identical to PP536670) is ignored but added at the end
NOTE: PP536649 (identical to PP536670) is ignored but added at the end
NOTE: PP536648 (identical to PP536670) is ignored but added at the end
NOTE: PP536647 (identical to PP536670) is ignored but added at the end
NOTE: PP536646 (identical to PP536670) is ignored but added at the end
NOTE: PP536645 (identical to PP536670) is ignored but added at the end
NOTE: PP536644 (identical to PP536670) is ignored but added at the end
NOTE: PP105584 (identical to PP105586) is ignored but added at the end
NOTE: PP105583 (identical to PP105586) is ignored but added at the end
NOTE: PP583701 (identical to PP583703) is ignored but added at the end
NOTE: PP583700 (identical to PP583703) is ignored but added at the end
NOTE: PP583699 (identical to PP583703) is ignored but added at the end
NOTE: PP583698 (identical to PP583703) is ignored but added at the end
NOTE: PP583697 (identical to PP583703) is ignored but added at the end
NOTE: PP583696 (identical to PP583703) is ignored but added at the end
NOTE: PP583695 (identical to PP583703) is ignored but added at the end
NOTE: PP583694 (identical to PP583703) is ignored but added at the end
NOTE: PP583693 (identical to PP583703) is ignored but added at the end
NOTE: PP583692 (identical to PP583703) is ignored but added at the end
NOTE: PP583691 (identical to PP583703) is ignored but added at the end
NOTE: PP583690 (identical to PP583703) is ignored but added at the end
NOTE: PP583689 (identical to PP583703) is ignored but added at the end
NOTE: PP583688 (identical to PP583703) is ignored but added at the end
NOTE: PP583687 (identical to PP583703) is ignored but added at the end
NOTE: PP583686 (identical to PP583703) is ignored but added at the end
NOTE: PP583685 (identical to PP583703) is ignored but added at the end
NOTE: PP583684 (identical to PP583703) is ignored but added at the end
NOTE: PP583681 (identical to PP583683) is ignored but added at the end
NOTE: PP583680 (identical to PP583683) is ignored but added at the end
NOTE: PP583679 (identical to PP583683) is ignored but added at the end
NOTE: PP583678 (identical to PP583683) is ignored but added at the end
NOTE: PP583676 (identical to PP583683) is ignored but added at the end
NOTE: PP583675 (identical to PP583683) is ignored but added at the end
NOTE: AB291115 (identical to AB291121) is ignored but added at the end
NOTE: AB291114 (identical to AB291121) is ignored but added at the end
NOTE: OP762293 (identical to OP762295) is ignored but added at the end
NOTE: OP762292 (identical to OP762295) is ignored but added at the end
NOTE: OP762291 (identical to OP762295) is ignored but added at the end
NOTE: OP762290 (identical to OP762295) is ignored but added at the end
NOTE: OP762289 (identical to OP762295) is ignored but added at the end
NOTE: OP762288 (identical to OP762295) is ignored but added at the end
NOTE: OP762287 (identical to OP762295) is ignored but added at the end
NOTE: OP762286 (identical to OP762295) is ignored but added at the end
NOTE: OP762285 (identical to OP762295) is ignored but added at the end
NOTE: OP762284 (identical to OP762295) is ignored but added at the end
NOTE: OP762283 (identical to OP762295) is ignored but added at the end
NOTE: OP762282 (identical to OP762295) is ignored but added at the end
NOTE: OP762281 (identical to OP762295) is ignored but added at the end
NOTE: OP762280 (identical to OP762295) is ignored but added at the end
NOTE: OP762279 (identical to OP762295) is ignored but added at the end
NOTE: OP762278 (identical to OP762295) is ignored but added at the end
NOTE: OP762277 (identical to OP762295) is ignored but added at the end
NOTE: OP762276 (identical to OP762295) is ignored but added at the end
NOTE: AB263296 (identical to AB263295) is ignored but added at the end
NOTE: AB263317 (identical to AB263293) is ignored but added at the end
NOTE: AB263327 (identical to AB263337) is ignored but added at the end
NOTE: AB263321 (identical to AB263323) is ignored but added at the end
NOTE: AB263319 (identical to AB263323) is ignored but added at the end
NOTE: AB263318 (identical to AB263323) is ignored but added at the end
NOTE: AB263302 (identical to AB263323) is ignored but added at the end
NOTE: AB263307 (identical to AB263320) is ignored but added at the end
NOTE: AB263301 (identical to AB263320) is ignored but added at the end
NOTE: AB263300 (identical to AB263320) is ignored but added at the end
NOTE: AB263312 (identical to AB263316) is ignored but added at the end
NOTE: AB263311 (identical to AB263316) is ignored but added at the end
NOTE: AB263310 (identical to AB263316) is ignored but added at the end
NOTE: AB263308 (identical to AB263316) is ignored but added at the end
NOTE: AB263305 (identical to AB263316) is ignored but added at the end
NOTE: AB263304 (identical to AB263316) is ignored but added at the end
NOTE: KJ001519 (identical to GU991845) is ignored but added at the end
NOTE: KJ001500 (identical to KJ001517) is ignored but added at the end
NOTE: PX738251 (identical to PX738253) is ignored but added at the end
NOTE: PX738252 (identical to PX738253) is ignored but added at the end
NOTE: PX738223 (identical to PX738153) is ignored but added at the end
NOTE: PX738233 (identical to PX738153) is ignored but added at the end
NOTE: PX738165 (identical to PX738191) is ignored but added at the end
NOTE: PX738201 (identical to PX738191) is ignored but added at the end
NOTE: PX738192 (identical to PX738191) is ignored but added at the end
NOTE: PX738183 (identical to PX738191) is ignored but added at the end
NOTE: PX738197 (identical to PX738191) is ignored but added at the end
NOTE: PX738168 (identical to PX738191) is ignored but added at the end
NOTE: PX738202 (identical to PX738191) is ignored but added at the end
NOTE: PX738229 (identical to PX738191) is ignored but added at the end
NOTE: PX738189 (identical to PX738191) is ignored but added at the end
NOTE: PX738211 (identical to PX738191) is ignored but added at the end
NOTE: PX738224 (identical to PX738191) is ignored but added at the end
NOTE: PX738232 (identical to PX738191) is ignored but added at the end
NOTE: PX738187 (identical to PX738191) is ignored but added at the end
NOTE: PX738167 (identical to PX738191) is ignored but added at the end
NOTE: PX738231 (identical to PX738191) is ignored but added at the end
NOTE: PX738230 (identical to PX738191) is ignored but added at the end
NOTE: PX738235 (identical to PX738191) is ignored but added at the end
NOTE: PX738196 (identical to PX738191) is ignored but added at the end
NOTE: PX738176 (identical to PX738174) is ignored but added at the end
NOTE: PX738210 (identical to PX738174) is ignored but added at the end
NOTE: PX738179 (identical to PX738174) is ignored but added at the end
NOTE: PX738220 (identical to PX738174) is ignored but added at the end
NOTE: PX738142 (identical to PX738140) is ignored but added at the end
NOTE: PX738154 (identical to PX738195) is ignored but added at the end
NOTE: PX738234 (identical to PX738195) is ignored but added at the end
NOTE: PX738237 (identical to PX738195) is ignored but added at the end
NOTE: PX738158 (identical to PX738195) is ignored but added at the end
NOTE: PX738170 (identical to PX738195) is ignored but added at the end
NOTE: PX738133 (identical to PX738138) is ignored but added at the end
NOTE: PX738182 (identical to PX738188) is ignored but added at the end
NOTE: PX738137 (identical to PX738149) is ignored but added at the end
NOTE: PX738248 (identical to PX738247) is ignored but added at the end
NOTE: PX738246 (identical to PX738247) is ignored but added at the end
NOTE: PX738217 (identical to PX738216) is ignored but added at the end
NOTE: PX738175 (identical to PX738216) is ignored but added at the end
NOTE: KJ957436 (identical to KJ957440) is ignored but added at the end
NOTE: KJ957432 (identical to KJ957440) is ignored but added at the end
NOTE: OL451922 (identical to OL451924) is ignored but added at the end
NOTE: KR781551 (identical to KR781553) is ignored but added at the end
NOTE: KR781550 (identical to KR781553) is ignored but added at the end
NOTE: KR781548 (identical to KR781553) is ignored but added at the end
NOTE: EF152243 (identical to EF152270) is ignored but added at the end
NOTE: EF152242 (identical to EF152270) is ignored but added at the end
NOTE: AB276309 (identical to AB518491) is ignored but added at the end
NOTE: OP762223 (identical to OP762225) is ignored but added at the end
NOTE: OP762222 (identical to OP762225) is ignored but added at the end
NOTE: OP762215 (identical to OP762225) is ignored but added at the end
NOTE: OP762214 (identical to OP762225) is ignored but added at the end
NOTE: OP762213 (identical to OP762225) is ignored but added at the end
NOTE: OP762212 (identical to OP762225) is ignored but added at the end
NOTE: OP762211 (identical to OP762225) is ignored but added at the end
NOTE: OP762219 (identical to OP762221) is ignored but added at the end
NOTE: OP762218 (identical to OP762221) is ignored but added at the end
NOTE: OP762217 (identical to OP762221) is ignored but added at the end
NOTE: OP762216 (identical to OP762221) is ignored but added at the end
NOTE: OP762210 (identical to OP762221) is ignored but added at the end
NOTE: OP762209 (identical to OP762221) is ignored but added at the end
NOTE: OP762208 (identical to OP762221) is ignored but added at the end
NOTE: OP762207 (identical to OP762221) is ignored but added at the end
NOTE: OP762206 (identical to OP762221) is ignored but added at the end
NOTE: PP965343 (identical to PP965351) is ignored but added at the end
NOTE: 52_2021 (identical to 147_2021) is ignored but added at the end
Alignment was printed to redcap_plus_la_plus_outgroup_stripped_aln.fa.uniqueseq.phy

For your convenience alignment with unique sequences printed to redcap_plus_la_plus_outgroup_stripped_aln.fa.uniqueseq.phy

Create initial parsimony tree by phylogenetic likelihood library (PLL)... 4.552 seconds
Generating 1000 samples for ultrafast bootstrap (seed: 601728)...

NOTE: 1144 MB RAM (1 GB) is required!
Estimate model parameters (epsilon = 0.100)
1. Initial log-likelihood: -142759.773
2. Current log-likelihood: -120005.309
3. Current log-likelihood: -119827.825
4. Current log-likelihood: -119814.008
5. Current log-likelihood: -119811.198
6. Current log-likelihood: -119810.342
7. Current log-likelihood: -119810.049
Optimal log-likelihood: -119810.000
Rate parameters:  A-C: 1.46716  A-G: 7.43007  A-T: 0.66992  C-G: 0.39219  C-T: 9.72318  G-T: 1.00000
Base frequencies:  A: 0.282  C: 0.223  G: 0.237  T: 0.258
Gamma shape alpha: 0.368
Parameters optimization took 7 rounds (148.549 sec)
Wrote distance file to... 
Computing ML distances based on estimated model parameters...
Calculating distance matrix: done in 7.85561 secs using 199.8% CPU
Computing ML distances took 7.914245 sec (of wall-clock time) 15.778279 sec (of CPU time)
WARNING: Some pairwise ML distances are too long (saturated)
Setting up auxiliary I and S matrices: done in 0.0326227 secs using 248.2% CPU
Computing RapidNJ tree took 0.473788 sec (of wall-clock time) 0.903120 sec (of CPU time)
Log-likelihood of RapidNJ tree: -149624.033
--------------------------------------------------------------------
|             INITIALIZING CANDIDATE TREE SET                      |
--------------------------------------------------------------------
Generating 98 parsimony trees... 481.549 second
Computing log-likelihood of 98 initial trees ... 262.474 seconds
Current best score: -116671.317

Do NNI search on 20 best initial trees
Estimate model parameters (epsilon = 0.100)
BETTER TREE FOUND at iteration 1: -115308.005
Estimate model parameters (epsilon = 0.100)
BETTER TREE FOUND at iteration 3: -115095.715
Iteration 10 / LogL: -115386.150 / Time: 1h:13m:13s
Iteration 20 / LogL: -115729.390 / Time: 2h:16m:57s
Finish initializing candidate tree set (20)
Current best tree score: -115095.715 / CPU time: 7953.211
Number of iterations: 20
--------------------------------------------------------------------
|               OPTIMIZING CANDIDATE TREE SET                      |
--------------------------------------------------------------------
Iteration 30 / LogL: -115256.934 / Time: 2h:50m:9s (7h:8m:7s left)
Estimate model parameters (epsilon = 0.100)
BETTER TREE FOUND at iteration 31: -115068.056
Estimate model parameters (epsilon = 0.100)
BETTER TREE FOUND at iteration 38: -115057.628
Estimate model parameters (epsilon = 0.100)
BETTER TREE FOUND at iteration 39: -115045.571
Iteration 40 / LogL: -115083.916 / Time: 3h:18m:42s (8h:24m:13s left)
Estimate model parameters (epsilon = 0.100)
BETTER TREE FOUND at iteration 41: -115007.330
Iteration 50 / LogL: -115135.929 / Time: 3h:45m:1s (6h:57m:45s left)
Log-likelihood cutoff on original alignment: -115330.702
Iteration 60 / LogL: -115012.630 / Time: 4h:16m:20s (5h:51m:48s left)
Estimate model parameters (epsilon = 0.100)
BETTER TREE FOUND at iteration 61: -115001.938
Iteration 70 / LogL: -115130.029 / Time: 4h:40m:39s (6h:10m:1s left)
Iteration 80 / LogL: -115022.614 / Time: 5h:9m:9s (5h:16m:54s left)
Iteration 90 / LogL: -115087.980 / Time: 5h:32m:14s (4h:24m:58s left)
Estimate model parameters (epsilon = 0.100)
BETTER TREE FOUND at iteration 100: -115000.903
Iteration 100 / LogL: -115000.903 / Time: 6h:1m:26s (6h:5m:1s left)
Log-likelihood cutoff on original alignment: -115330.702
NOTE: Bootstrap correlation coefficient of split occurrence frequencies: 0.920
NOTE: UFBoot does not converge, continue at least 100 more iterations
Estimate model parameters (epsilon = 0.100)
BETTER TREE FOUND at iteration 102: -114995.426
Iteration 110 / LogL: -115041.105 / Time: 6h:32m:34s (5h:31m:17s left)
Iteration 120 / LogL: -115021.504 / Time: 7h:2m:29s (4h:51m:4s left)
Iteration 130 / LogL: -115022.132 / Time: 7h:27m:14s (4h:9m:34s left)
Estimate model parameters (epsilon = 0.100)
BETTER TREE FOUND at iteration 135: -114994.713
Estimate model parameters (epsilon = 0.100)
BETTER TREE FOUND at iteration 136: -114988.902
Iteration 140 / LogL: -115156.185 / Time: 7h:49m:50s (5h:24m:26s left)
Estimate model parameters (epsilon = 0.100)
BETTER TREE FOUND at iteration 143: -114966.489
Iteration 150 / LogL: -114995.437 / Time: 8h:11m:58s (5h:7m:1s left)
Log-likelihood cutoff on original alignment: -115108.335
Iteration 160 / LogL: -115034.963 / Time: 8h:37m:7s (4h:29m:54s left)
Iteration 170 / LogL: -114992.910 / Time: 8h:58m:51s (3h:52m:43s left)
Iteration 180 / LogL: -115018.036 / Time: 9h:24m:51s (3h:18m:46s left)
Estimate model parameters (epsilon = 0.100)
BETTER TREE FOUND at iteration 181: -114951.410
Iteration 190 / LogL: -114995.896 / Time: 9h:45m:1s (4h:41m:38s left)
Iteration 200 / LogL: -115012.152 / Time: 10h:6m:47s (4h:6m:57s left)
Log-likelihood cutoff on original alignment: -115087.140
NOTE: Bootstrap correlation coefficient of split occurrence frequencies: 0.945
NOTE: UFBoot does not converge, continue at least 100 more iterations
Iteration 210 / LogL: -115024.194 / Time: 10h:33m:15s (4h:32m:39s left)
Iteration 220 / LogL: -114996.867 / Time: 10h:59m:3s (4h:0m:43s left)
Iteration 230 / LogL: -114993.142 / Time: 11h:24m:2s (3h:29m:4s left)
Iteration 240 / LogL: -115031.154 / Time: 11h:48m:35s (2h:57m:52s left)
Iteration 250 / LogL: -115008.952 / Time: 12h:15m:12s (2h:27m:36s left)
Log-likelihood cutoff on original alignment: -115086.230
Iteration 260 / LogL: -115063.109 / Time: 12h:43m:2s (1h:57m:49s left)
Estimate model parameters (epsilon = 0.100)
BETTER TREE FOUND at iteration 263: -114950.368
Iteration 270 / LogL: -115012.851 / Time: 13h:8m:5s (4h:32m:26s left)
Iteration 280 / LogL: -114956.397 / Time: 13h:34m:56s (4h:2m:24s left)
Iteration 290 / LogL: -114995.081 / Time: 13h:59m:1s (3h:31m:54s left)
Iteration 300 / LogL: -114998.272 / Time: 14h:24m:34s (3h:2m:9s left)
Log-likelihood cutoff on original alignment: -115086.230
NOTE: Bootstrap correlation coefficient of split occurrence frequencies: 0.971
NOTE: UFBoot does not converge, continue at least 100 more iterations
Iteration 310 / LogL: -115051.866 / Time: 14h:53m:59s (4h:20m:21s left)
Iteration 320 / LogL: -114964.756 / Time: 15h:22m:24s (3h:51m:18s left)
Iteration 330 / LogL: -115016.359 / Time: 15h:46m:14s (3h:21m:18s left)
Estimate model parameters (epsilon = 0.100)
BETTER TREE FOUND at iteration 339: -114948.245
Iteration 340 / LogL: -114976.143 / Time: 16h:13m:29s (4h:44m:16s left)
Estimate model parameters (epsilon = 0.100)
BETTER TREE FOUND at iteration 341: -114932.778
Iteration 350 / LogL: -115024.715 / Time: 16h:44m:19s (4h:21m:50s left)
Log-likelihood cutoff on original alignment: -115086.230
Iteration 360 / LogL: -114985.841 / Time: 17h:8m:33s (3h:52m:3s left)
Iteration 370 / LogL: -114964.201 / Time: 17h:39m:16s (3h:23m:48s left)
Iteration 380 / LogL: -114996.658 / Time: 18h:9m:39s (2h:55m:21s left)
Iteration 390 / LogL: -114983.272 / Time: 18h:35m:1s (2h:26m:10s left)
Estimate model parameters (epsilon = 0.100)
BETTER TREE FOUND at iteration 391: -114928.285
Iteration 400 / LogL: -114965.130 / Time: 18h:54m:43s (4h:18m:46s left)
Log-likelihood cutoff on original alignment: -115086.230
NOTE: Bootstrap correlation coefficient of split occurrence frequencies: 0.979
NOTE: UFBoot does not converge, continue at least 100 more iterations
Iteration 410 / LogL: -114992.284 / Time: 19h:17m:36s (4h:14m:42s left)
Iteration 420 / LogL: -114995.578 / Time: 19h:45m:2s (3h:46m:14s left)
Iteration 430 / LogL: -114953.901 / Time: 20h:12m:2s (3h:17m:45s left)
Iteration 440 / LogL: -115009.202 / Time: 20h:35m:32s (2h:48m:51s left)
Iteration 450 / LogL: -115007.077 / Time: 20h:55m:37s (2h:19m:48s left)
Log-likelihood cutoff on original alignment: -115086.230
Iteration 460 / LogL: -114929.937 / Time: 21h:20m:25s (1h:51m:34s left)
Iteration 470 / LogL: -114929.853 / Time: 21h:46m:31s (1h:23m:34s left)
Iteration 480 / LogL: -114979.584 / Time: 22h:10m:59s (0h:55m:34s left)
Iteration 490 / LogL: -114942.904 / Time: 22h:38m:40s (0h:27m:46s left)
Iteration 500 / LogL: -115010.736 / Time: 23h:1m:1s (0h:0m:0s left)
Log-likelihood cutoff on original alignment: -115066.817
NOTE: Bootstrap correlation coefficient of split occurrence frequencies: 0.971
NOTE: UFBoot does not converge, continue at least 100 more iterations
Iteration 510 / LogL: -114999.462 / Time: 23h:27m:4s (4h:8m:46s left)
Iteration 520 / LogL: -115148.506 / Time: 23h:48m:23s (3h:40m:9s left)
Iteration 530 / LogL: -114970.920 / Time: 24h:11m:39s (3h:12m:4s left)
Iteration 540 / LogL: -114992.103 / Time: 24h:40m:28s (2h:44m:47s left)
Iteration 550 / LogL: -114985.718 / Time: 25h:1m:39s (2h:16m:45s left)
Log-likelihood cutoff on original alignment: -115066.817
Iteration 560 / LogL: -114951.356 / Time: 25h:29m:8s (1h:49m:24s left)
Iteration 570 / LogL: -114963.700 / Time: 25h:56m:38s (1h:22m:4s left)
Estimate model parameters (epsilon = 0.100)
BETTER TREE FOUND at iteration 580: -114922.050
Iteration 580 / LogL: -114922.050 / Time: 26h:17m:38s (4h:32m:27s left)
Iteration 590 / LogL: -114956.152 / Time: 26h:40m:18s (4h:4m:31s left)
Iteration 600 / LogL: -115078.713 / Time: 27h:2m:26s (3h:36m:40s left)
Log-likelihood cutoff on original alignment: -115066.817
NOTE: Bootstrap correlation coefficient of split occurrence frequencies: 0.973
NOTE: UFBoot does not converge, continue at least 100 more iterations
Iteration 610 / LogL: -114936.267 / Time: 27h:24m:13s (4h:2m:58s left)
Iteration 620 / LogL: -115016.659 / Time: 27h:46m:46s (3h:35m:24s left)
Iteration 630 / LogL: -115018.970 / Time: 28h:10m:41s (3h:8m:8s left)
Iteration 640 / LogL: -115051.896 / Time: 28h:35m:50s (2h:41m:6s left)
Iteration 650 / LogL: -114964.211 / Time: 28h:58m:49s (2h:13m:57s left)
Log-likelihood cutoff on original alignment: -115066.817
Iteration 660 / LogL: -115041.947 / Time: 29h:23m:50s (1h:47m:3s left)
Iteration 670 / LogL: -114960.371 / Time: 29h:48m:35s (1h:20m:12s left)
Iteration 680 / LogL: -114964.153 / Time: 30h:13m:18s (0h:53m:24s left)
Iteration 690 / LogL: -114972.249 / Time: 30h:37m:45s (0h:26m:40s left)
Iteration 700 / LogL: -115030.498 / Time: 31h:1m:1s (0h:0m:0s left)
Log-likelihood cutoff on original alignment: -115066.817
NOTE: Bootstrap correlation coefficient of split occurrence frequencies: 0.980
NOTE: UFBoot does not converge, continue at least 100 more iterations
Iteration 710 / LogL: -114964.379 / Time: 31h:27m:48s (3h:59m:37s left)
Iteration 720 / LogL: -114968.897 / Time: 31h:57m:10s (3h:33m:18s left)
Iteration 730 / LogL: -115016.261 / Time: 32h:29m:15s (3h:7m:9s left)
Iteration 740 / LogL: -114961.329 / Time: 32h:59m:3s (2h:40m:40s left)
Iteration 750 / LogL: -115002.022 / Time: 33h:28m:12s (2h:14m:3s left)
Log-likelihood cutoff on original alignment: -115066.817
Iteration 760 / LogL: -114984.707 / Time: 33h:59m:49s (1h:47m:29s left)
Iteration 770 / LogL: -114973.963 / Time: 34h:31m:48s (1h:20m:49s left)
Iteration 780 / LogL: -114930.434 / Time: 35h:4m:35s (0h:54m:1s left)
Iteration 790 / LogL: -114948.848 / Time: 35h:40m:8s (0h:27m:7s left)
Iteration 800 / LogL: -114952.233 / Time: 36h:15m:56s (0h:0m:0s left)
Log-likelihood cutoff on original alignment: -115066.817
NOTE: Bootstrap correlation coefficient of split occurrence frequencies: 0.984
NOTE: UFBoot does not converge, continue at least 100 more iterations
Iteration 810 / LogL: -115040.042 / Time: 36h:44m:21s (4h:5m:13s left)
Iteration 820 / LogL: -114959.217 / Time: 37h:15m:46s (3h:38m:23s left)
Iteration 830 / LogL: -114992.737 / Time: 37h:42m:56s (3h:11m:4s left)
Iteration 840 / LogL: -114957.581 / Time: 38h:10m:49s (2h:43m:49s left)
Iteration 850 / LogL: -114983.912 / Time: 38h:45m:38s (2h:16m:57s left)
Log-likelihood cutoff on original alignment: -115066.817
Estimate model parameters (epsilon = 0.100)
BETTER TREE FOUND at iteration 851: -114918.100
Iteration 860 / LogL: -114943.615 / Time: 39h:16m:53s (4h:9m:40s left)
Iteration 870 / LogL: -115031.409 / Time: 39h:39m:0s (3h:41m:44s left)
Iteration 880 / LogL: -114932.634 / Time: 39h:59m:41s (3h:13m:49s left)
Iteration 890 / LogL: -114988.865 / Time: 40h:24m:28s (2h:46m:21s left)
Iteration 900 / LogL: -114952.154 / Time: 40h:57m:27s (2h:19m:24s left)
Log-likelihood cutoff on original alignment: -115066.817
NOTE: Bootstrap correlation coefficient of split occurrence frequencies: 0.988
NOTE: UFBoot does not converge, continue at least 100 more iterations
Iteration 910 / LogL: -114959.894 / Time: 41h:31m:2s (4h:6m:37s left)
Iteration 920 / LogL: -114980.722 / Time: 41h:55m:38s (3h:38m:58s left)
Iteration 930 / LogL: -114972.578 / Time: 42h:24m:54s (3h:11m:45s left)
Iteration 940 / LogL: -114960.882 / Time: 42h:53m:6s (2h:44m:24s left)
Iteration 950 / LogL: -114966.579 / Time: 43h:19m:44s (2h:16m:58s left)
Log-likelihood cutoff on original alignment: -115066.817
Iteration 960 / LogL: -114951.140 / Time: 43h:46m:29s (1h:49m:32s left)
Iteration 970 / LogL: -114997.944 / Time: 44h:9m:55s (1h:22m:2s left)
Iteration 980 / LogL: -114976.521 / Time: 44h:33m:42s (0h:54m:37s left)
Iteration 990 / LogL: -114993.312 / Time: 44h:58m:15s (0h:27m:16s left)
Estimate model parameters (epsilon = 0.100)
BETTER TREE FOUND at iteration 999: -114917.250
Iteration 1000 / LogL: -115017.060 / Time: 45h:23m:9s (4h:29m:51s left)
Log-likelihood cutoff on original alignment: -115053.356
NOTE: Bootstrap correlation coefficient of split occurrence frequencies: 0.991
TREE SEARCH COMPLETED AFTER 1001 ITERATIONS / Time: 45h:26m:9s

--------------------------------------------------------------------
|                    FINALIZING TREE SEARCH                        |
--------------------------------------------------------------------
Performs final model parameters optimization
Estimate model parameters (epsilon = 0.010)
1. Initial log-likelihood: -114917.250
Optimal log-likelihood: -114917.248
Rate parameters:  A-C: 1.44699  A-G: 7.26721  A-T: 0.63476  C-G: 0.38463  C-T: 9.48096  G-T: 1.00000
Base frequencies:  A: 0.282  C: 0.223  G: 0.237  T: 0.258
Gamma shape alpha: 0.376
Parameters optimization took 1 rounds (7.842 sec)
BEST SCORE FOUND : -114917.248

Testing tree branches by SH-like aLRT with 1000 replicates...
162.374 sec.
Creating bootstrap support values...
Split supports printed to NEXUS file redcap_plus_la_plus_outgroup_stripped_aln.fa.splits.nex
Total tree length: 8.685

Total number of iterations: 1001
CPU time used for tree search: 321508.048 sec (89h:18m:28s)
Wall-clock time used for tree search: 163304.951 sec (45h:21m:44s)
Total CPU time used: 322382.293 sec (89h:33m:2s)
Total wall-clock time used: 163754.890 sec (45h:29m:14s)

Computing bootstrap consensus tree...
Reading input file redcap_plus_la_plus_outgroup_stripped_aln.fa.splits.nex...
1500 taxa and 17886 splits.
Consensus tree written to redcap_plus_la_plus_outgroup_stripped_aln.fa.contree
Reading input trees file redcap_plus_la_plus_outgroup_stripped_aln.fa.contree
Log-likelihood of consensus tree: -114912.771

Analysis results written to: 
  IQ-TREE report:                redcap_plus_la_plus_outgroup_stripped_aln.fa.iqtree
  Maximum-likelihood tree:       redcap_plus_la_plus_outgroup_stripped_aln.fa.treefile
  Likelihood distances:          redcap_plus_la_plus_outgroup_stripped_aln.fa.mldist

Ultrafast bootstrap approximation results written to:
  Split support values:          redcap_plus_la_plus_outgroup_stripped_aln.fa.splits.nex
  Consensus tree:                redcap_plus_la_plus_outgroup_stripped_aln.fa.contree
  Screen log file:               redcap_plus_la_plus_outgroup_stripped_aln.fa.log

Date and Time: Fri Apr 10 09:25:17 2026
