type;ident;lat;long;y_proj;x_proj;Ingreso_economico;new_seg;display;color;altitude;depth;temp;time;model;filename;ltime
TRACK;1.5.20-6;-16.46320895;-71.49364149;-1949165.238;2842319.344;B;False; ; ;0; ; ; ; ; ; 
TRACK;1.5.20-6; ; ;-1.516416327;20763369.87;B; ; ; ; ; ; ; ; ; ; 
TRACK;1.5.20-6;-16.4625506;-71.49511099;-1949069.277;2842161.4;B;False; ; ;0; ; ; ; ; ; 
TRACK;1.5.20-6;-16.46282916;-71.49471556;-1949107.012;2842202.57;B;False; ; ;0; ; ; ; ; ; 
TRACK;1.5.20-6;-16.46302067;-71.49445366;-1949132.829;2842229.745;B;False; ; ;0; ; ; ; ; ; 
TRACK;1.5.20-6;-16.46306368;-71.49433266;-1949139.415;2842242.898;B;False; ; ;0; ; ; ; ; ; 
TRACK;1.5.20-6;-16.46308942;-71.4941626;-1949144.594;2842261.839;B;False; ; ;0; ; ; ; ; ; 
TRACK;1.5.20-6;-16.46311512;-71.49395657;-1949150.223;2842284.857;B;False; ; ;0; ; ; ; ; ; 
TRACK;1.5.20-6;-16.4631536;-71.49376018;-1949157.232;2842306.616;B;False; ; ;0; ; ; ; ; ; 
TRACK;1.5.20-6;-16.46320895;-71.49364149;-1949165.238;2842319.344;B;False; ; ;0; ; ; ; ; ; 
TRACK;1.5.20-6;-16.46332713;-71.49345582;-1949181.474;2842338.84;B;False; ; ;0; ; ; ; ; ; 
TRACK;1.5.20-6;-16.46335228;-71.49342169;-1949184.862;2842342.378;B;False; ; ;0; ; ; ; ; ; 
TRACK;1.5.20-6;-16.46286593;-71.49284437;-1949135.039;2842414.212;B;False; ; ;0; ; ; ; ; ; 
TRACK;1.5.20-6;-16.46259386;-71.49253604;-1949106.982;2842452.739;B;False; ; ;0; ; ; ; ; ; 
TRACK;1.5.20-6;-16.46244814;-71.49233124;-1949092.457;2842477.869;B;False; ; ;0; ; ; ; ; ; 
TRACK;1.5.20-6;-16.46236057;-71.4921708;-1949084.203;2842497.207;B;False; ; ;0; ; ; ; ; ; 
TRACK;1.5.20-6;-16.46229081;-71.49198438;-1949078.369;2842519.256;B;False; ; ;0; ; ; ; ; ; 
TRACK;1.5.20-6;-16.46216633;-71.49165312;-1949067.941;2842558.444;B;False; ; ;0; ; ; ; ; ; 
TRACK;1.5.20-6;-16.46207526;-71.49140104;-1949060.436;2842588.217;B;False; ; ;0; ; ; ; ; ; 
TRACK;1.5.20-6;-16.46202737;-71.49125783;-1949056.625;2842605.081;B;False; ; ;0; ; ; ; ; ; 
TRACK;1.5.20-6;-16.46189173;-71.49114632;-1949042.103;2842619.503;B;False; ; ;0; ; ; ; ; ; 
TRACK;1.5.20-6;-16.46177653;-71.49111739;-1949028.934;2842624.296;B;False; ; ;0; ; ; ; ; ; 
TRACK;1.5.20-6;-16.46175843;-71.49119786;-1949025.788;2842615.411;B;False; ; ;0; ; ; ; ; ; 
TRACK;1.5.20-6;-16.46191435;-71.49188674;-1949035.378;2842535.269;B;False; ; ;0; ; ; ; ; ; 
TRACK;1.5.20-6;-16.46192879;-71.49249883;-1949029.319;2842465.689;B;False; ; ;0; ; ; ; ; ; 
TRACK;1.5.20-6;-16.46188602;-71.49323312;-1949014.992;2842383.008;B;False; ; ;0; ; ; ; ; ; 
TRACK;1.5.20-6;-16.46234878;-71.49341572;-1949067.044;2842356.232;B;False; ; ;0; ; ; ; ; ; 
TRACK;1.5.20-6;-16.46246867;-71.49348345;-1949080.271;2842346.979;B;False; ; ;0; ; ; ; ; ; 
TRACK;1.5.20-6;-16.46214581;-71.49395759;-1949036.334;2842297.468;B;False; ; ;0; ; ; ; ; ; 
TRACK;1.5.20-6;-16.46202687;-71.4943239;-1949017.719;2842257.503;B;False; ; ;0; ; ; ; ; ; 
TRACK;1.5.20-6;-16.46181608;-71.49474423;-1948987.631;2842212.62;B;False; ; ;0; ; ; ; ; ; 
TRACK;1.5.20-6;-16.46167172;-71.49503613;-1948966.974;2842181.425;B;False; ; ;0; ; ; ; ; ; 
TRACK;1.5.20-6;-16.46174444;-71.49511084;-1948974.571;2842172.001;B;False; ; ;0; ; ; ; ; ; 
TRACK;1.5.20-6;-16.46166685;-71.49535121;-1948962.41;2842145.77;B;False; ; ;0; ; ; ; ; ; 
TRACK;1.5.20-6;-16.46168629;-71.49547455;-1948963.132;2842131.533;B;False; ; ;0; ; ; ; ; ; 
TRACK;1.5.20-6;-16.46173476;-71.49556784;-1948967.645;2842120.32;B;False; ; ;0; ; ; ; ; ; 
TRACK;1.5.20-6;-16.46180703;-71.49560274;-1948975.692;2842115.416;B;False; ; ;0; ; ; ; ; ; 
TRACK;1.5.20-6;-16.46191697;-71.49561677;-1948988.43;2842112.382;B;False; ; ;0; ; ; ; ; ; 
TRACK;1.5.20-6;-16.46222217;-71.49551906;-1949025.524;2842119.452;B;False; ; ;0; ; ; ; ; ; 
TRACK;1.5.20-6;-16.46236945;-71.49545732;-1949043.607;2842124.517;B;False; ; ;0; ; ; ; ; ; 
TRACK;1.5.20-6;-16.46241044;-71.49539116;-1949049.261;2842131.479;B;False; ; ;0; ; ; ; ; ; 
TRACK;1.5.17-29; ; ;-1.516416327;20763369.87;B; ; ; ; ; ; ; ; ; ; 
TRACK;1.5.17-29;-16.46919827;-71.49513789;-1949849.906;2842071.06;C;False; ; ;0; ; ; ; ; ; 
TRACK;1.5.17-29;-16.46918889;-71.4950871;-1949849.448;2842076.941;C;False; ; ;0; ; ; ; ; ; 
TRACK;1.5.17-29;-16.46896681;-71.49494987;-1949825.097;2842095.414;C;False; ; ;0; ; ; ; ; ; 
TRACK;1.5.17-29;-16.46890342;-71.4951076;-1949815.651;2842078.366;C;False; ; ;0; ; ; ; ; ; 
TRACK;1.5.17-29;-16.46898004;-71.49521549;-1949823.285;2842065.129;C;False; ; ;0; ; ; ; ; ; 
TRACK;1.5.17-29;-16.46897344;-71.49528299;-1949821.654;2842057.565;C;False; ; ;0; ; ; ; ; ; 
TRACK;1.5.17-29;-16.46900963;-71.49537957;-1949824.682;2842046.141;C;False; ; ;0; ; ; ; ; ; 
TRACK;1.5.17-29;-16.46982398;-71.49586801;-1949914.162;2841980.077;C;False; ; ;0; ; ; ; ; ; 
TRACK;1.5.17-29;-16.4699126;-71.49556656;-1949928.393;2842013.085;C;False; ; ;0; ; ; ; ; ; 
TRACK;1.5.17-30; ; ;-1.516416327;20763369.87;C; ; ; ; ; ; ; ; ; ; 
TRACK;1.5.17-30;-16.46905304;-71.495489;-1949828.395;2842033.166;C;False; ; ;0; ; ; ; ; ; 
TRACK;1.5.17-30;-16.46915719;-71.49574107;-1949837.436;2842003.224;C;False; ; ;0; ; ; ; ; ; 
TRACK;1.5.17-30;-16.46916937;-71.49587587;-1949837.159;2841987.784;C;False; ; ;0; ; ; ; ; ; 
TRACK;1.5.17-30;-16.46972316;-71.49621775;-1949897.885;2841941.756;C;False; ; ;0; ; ; ; ; ; 
TRACK;1.5.17-30;-16.46982629;-71.49592197;-1949913.749;2841973.93;C;False; ; ;0; ; ; ; ; ; 
TRACK;1.5.17-31; ; ;-1.516416327;20763369.87;C; ; ; ; ; ; ; ; ; ; 
TRACK;1.5.17-31;-16.46917011;-71.49595346;-1949836.262;2841978.979;C;False; ; ;0; ; ; ; ; ; 
TRACK;1.5.17-31;-16.46920696;-71.49631183;-1949836.05;2841937.87;C;False; ; ;0; ; ; ; ; ; 
TRACK;1.5.17-31;-16.46963872;-71.49657119;-1949883.487;2841902.8;C;False; ; ;0; ; ; ; ; ; 
TRACK;1.5.17-31;-16.46972244;-71.49628358;-1949896.967;2841934.303;C;False; ; ;0; ; ; ; ; ; 
TRACK;1.5.17-32; ; ;-1.516416327;20763369.87;C; ; ; ; ; ; ; ; ; ; 
TRACK;1.5.17-32;-16.46922294;-71.49637982;-1949837.067;2841929.954;C;False; ; ;0; ; ; ; ; ; 
TRACK;1.5.17-32;-16.46927039;-71.49678646;-1949837.488;2841883.235;C;False; ; ;0; ; ; ; ; ; 
TRACK;1.5.17-32;-16.46954838;-71.49693866;-1949868.216;2841862.331;C;False; ; ;0; ; ; ; ; ; 
TRACK;1.5.17-32;-16.46962883;-71.49661556;-1949881.762;2841897.901;C;False; ; ;0; ; ; ; ; ; 
TRACK;1.5.17-33; ; ;-1.516416327;20763369.87;C; ; ; ; ; ; ; ; ; ; 
TRACK;1.5.17-33;-16.46952602;-71.49698683;-1949864.98;2841857.165;C;False; ; ;0; ; ; ; ; ; 
TRACK;1.5.17-33;-16.46930492;-71.4968745;-1949840.429;2841872.802;C;False; ; ;0; ; ; ; ; ; 
TRACK;1.5.17-33;-16.46928295;-71.49697179;-1949836.615;2841862.061;C;False; ; ;0; ; ; ; ; ; 
TRACK;1.5.17-33;-16.46928295;-71.49702956;-1949835.883;2841855.513;C;False; ; ;0; ; ; ; ; ; 
TRACK;1.5.17-33;-16.46926552;-71.49709596;-1949832.994;2841848.215;C;False; ; ;0; ; ; ; ; ; 
TRACK;1.5.17-33;-16.46921229;-71.49720674;-1949825.337;2841836.356;C;False; ; ;0; ; ; ; ; ; 
TRACK;1.5.17-33;-16.46918266;-71.49729119;-1949820.786;2841827.172;C;False; ; ;0; ; ; ; ; ; 
TRACK;1.5.17-33;-16.46915596;-71.49747018;-1949815.381;2841807.233;C;False; ; ;0; ; ; ; ; ; 
TRACK;1.5.17-33;-16.46893101;-71.49746727;-1949788.991;2841810.517;C;False; ; ;0; ; ; ; ; ; 
TRACK;1.5.17-33;-16.46898451;-71.49769041;-1949792.449;2841784.521;C;False; ; ;0; ; ; ; ; ; 
TRACK;1.5.17-33;-16.46910322;-71.49767879;-1949806.542;2841784.278;C;False; ; ;0; ; ; ; ; ; 
TRACK;1.5.17-33;-16.46918598;-71.49772064;-1949815.734;2841778.448;C;False; ; ;0; ; ; ; ; ; 
TRACK;1.5.20-1; ; ;-1.516416327;20763369.87;C; ; ; ; ; ; ; ; ; ; 
TRACK;1.5.20-1;-16.46482449;-71.49625457;-1949321.926;2842001.909;C;False; ; ;0; ; ; ; ; ; 
TRACK;1.5.20-1;-16.46491696;-71.49632469;-1949331.902;2841992.745;C;False; ; ;0; ; ; ; ; ; 
TRACK;1.5.20-1;-16.46501047;-71.49641652;-1949341.723;2841981.108;C;False; ; ;0; ; ; ; ; ; 
TRACK;1.5.20-1;-16.46513825;-71.49656082;-1949354.907;2841963.072;C;False; ; ;0; ; ; ; ; ; 
TRACK;1.5.20-1;-16.46531774;-71.49658638;-1949375.669;2841957.818;C;False; ; ;0; ; ; ; ; ; 
TRACK;1.5.20-1;-16.4656696;-71.49661431;-1949416.652;2841950.032;C;False; ; ;0; ; ; ; ; ; 
TRACK;1.5.20-1;-16.46566021;-71.49643441;-1949417.829;2841970.548;C;False; ; ;0; ; ; ; ; ; 
TRACK;1.5.20-1;-16.46548129;-71.49640119;-1949397.229;2841976.663;C;False; ; ;0; ; ; ; ; ; 
TRACK;1.5.20-1;-16.46541303;-71.49636102;-1949389.719;2841982.113;C;False; ; ;0; ; ; ; ; ; 
TRACK;1.5.20-1;-16.46533515;-71.496265;-1949381.787;2841994.021;C;False; ; ;0; ; ; ; ; ; 
TRACK;1.5.20-1;-16.46528814;-71.49611878;-1949378.117;2842011.214;C;False; ; ;0; ; ; ; ; ; 
TRACK;1.5.20-1;-16.46527003;-71.49598297;-1949377.71;2842026.847;C;False; ; ;0; ; ; ; ; ; 
TRACK;1.5.20-1;-16.46522235;-71.4957965;-1949374.47;2842048.612;C;False; ; ;0; ; ; ; ; ; 
TRACK;1.5.20-1;-16.46518608;-71.49566052;-1949371.932;2842064.503;C;False; ; ;0; ; ; ; ; ; 
TRACK;1.5.20-1;-16.46496929;-71.49539527;-1949349.825;2842097.418;C;False; ; ;0; ; ; ; ; ; 
TRACK;1.5.20-1;-16.46483764;-71.49517039;-1949337.207;2842124.639;C;False; ; ;0; ; ; ; ; ; 
TRACK;1.5.20-1;-16.46482408;-71.49502339;-1949337.477;2842141.481;C;False; ; ;0; ; ; ; ; ; 
TRACK;1.5.20-1;-16.4650453;-71.49431147;-1949372.486;2842219.28;C;False; ; ;0; ; ; ; ; ; 
TRACK;1.5.20-1;-16.4648865;-71.4942224;-1949354.958;2842231.463;C;False; ; ;0; ; ; ; ; ; 
TRACK;1.5.20-1;-16.46484068;-71.49411392;-1949350.95;2842244.363;C;False; ; ;0; ; ; ; ; ; 
TRACK;1.5.20-1;-16.4653787;-71.49432624;-1949411.467;2842213.229;C;False; ; ;0; ; ; ; ; ; 
TRACK;1.5.20-1;-16.46588144;-71.49453675;-1949467.862;2842182.763;C;False; ; ;0; ; ; ; ; ; 
TRACK;1.5.20-1;-16.46648883;-71.49459749;-1949538.448;2842167.902;C;False; ; ;0; ; ; ; ; ; 
TRACK;1.5.20-1;-16.46703687;-71.49476343;-1949600.731;2842141.894;C;False; ; ;0; ; ; ; ; ; 
TRACK;1.5.20-1;-16.46718412;-71.49431499;-1949623.712;2842190.795;C;False; ; ;0; ; ; ; ; ; 
TRACK;1.5.20-1;-16.4664901;-71.49406874;-1949545.298;2842227.824;C;False; ; ;0; ; ; ; ; ; 
TRACK;1.5.20-1;-16.4655538;-71.49386584;-1949437.871;2842263.121;C;False; ; ;0; ; ; ; ; ; 
TRACK;1.5.20-1;-16.46522889;-71.49371003;-1949401.675;2842285.051;C;False; ; ;0; ; ; ; ; ; 
TRACK;1.5.20-1;-16.46499043;-71.49355869;-1949375.579;2842305.337;C;False; ; ;0; ; ; ; ; ; 
TRACK;1.5.20-1;-16.46480762;-71.49345113;-1949355.464;2842319.931;C;False; ; ;0; ; ; ; ; ; 
TRACK;1.5.20-1;-16.46465722;-71.49341922;-1949338.199;2842325.524;C;False; ; ;0; ; ; ; ; ; 
TRACK;1.5.20-1;-16.46432036;-71.49340026;-1949298.864;2842332.096;C;False; ; ;0; ; ; ; ; ; 
TRACK;1.5.20-1;-16.46431932;-71.4936586;-1949295.469;2842302.824;C;False; ; ;0; ; ; ; ; ; 
TRACK;1.5.20-1;-16.46434999;-71.49408832;-1949293.627;2842253.708;C;False; ; ;0; ; ; ; ; ; 
TRACK;1.5.20-1;-16.4643099;-71.49459487;-1949282.5;2842196.81;C;False; ; ;0; ; ; ; ; ; 
TRACK;1.5.20-1;-16.46414913;-71.49582329;-1949248.049;2842059.665;C;False; ; ;0; ; ; ; ; ; 
TRACK;1.5.20-1;-16.46447111;-71.49620146;-1949281.085;2842012.568;C;False; ; ;0; ; ; ; ; ; 
TRACK;1.5.20-2; ; ;-1.516416327;20763369.87;C; ; ; ; ; ; ; ; ; ; 
TRACK;1.5.20-2;-16.46242417;-71.49595767;-1949043.699;2842067.078;C;False; ; ;0; ; ; ; ; ; 
TRACK;1.5.20-2;-16.46369734;-71.49611324;-1949191.3;2842032.728;C;False; ; ;0; ; ; ; ; ; 
TRACK;1.5.20-2;-16.46408259;-71.49576952;-1949240.914;2842066.635;C;False; ; ;0; ; ; ; ; ; 
TRACK;1.5.20-2;-16.46416364;-71.49505932;-1949259.433;2842146.08;C;False; ; ;0; ; ; ; ; ; 
TRACK;1.5.20-2;-16.46425847;-71.49425543;-1949280.759;2842235.965;C;False; ; ;0; ; ; ; ; ; 
TRACK;1.5.20-2;-16.46426896;-71.49381771;-1949287.537;2842285.448;C;False; ; ;0; ; ; ; ; ; 
TRACK;1.5.20-2;-16.46426597;-71.4935682;-1949290.347;2842313.772;C;False; ; ;0; ; ; ; ; ; 
TRACK;1.5.20-2;-16.46414599;-71.493628;-1949275.494;2842308.569;C;False; ; ;0; ; ; ; ; ; 
TRACK;1.5.20-2;-16.46408948;-71.49372992;-1949267.563;2842297.757;C;False; ; ;0; ; ; ; ; ; 
TRACK;1.5.20-2;-16.46391889;-71.49402448;-1949243.791;2842266.605;C;False; ; ;0; ; ; ; ; ; 
TRACK;1.5.20-2;-16.46378951;-71.49426425;-1949225.553;2842241.123;C;False; ; ;0; ; ; ; ; ; 
TRACK;1.5.20-2;-16.46368237;-71.49443193;-1949210.842;2842223.521;C;False; ; ;0; ; ; ; ; ; 
TRACK;1.5.20-2;-16.46351169;-71.49463985;-1949188.156;2842202.192;C;False; ; ;0; ; ; ; ; ; 
TRACK;1.5.20-2;-16.46309984;-71.49502337;-1949134.913;2842164.122;C;False; ; ;0; ; ; ; ; ; 
TRACK;1.5.20-2;-16.46260255;-71.49550248;-1949070.421;2842116.338;C;False; ; ;0; ; ; ; ; ; 
TRACK;1.5.20-2;-16.46246984;-71.49552657;-1949054.525;2842115.349;C;False; ; ;0; ; ; ; ; ; 
TRACK;1.5.20-3; ; ;-1.516416327;20763369.87;C; ; ; ; ; ; ; ; ; ; 
TRACK;1.5.20-3;-16.4639985;-71.49377904;-1949256.253;2842293.384;C;False; ; ;0; ; ; ; ; ; 
TRACK;1.5.20-3;-16.46411681;-71.49361379;-1949272.246;2842310.563;C;False; ; ;0; ; ; ; ; ; 
TRACK;1.5.20-3;-16.46419584;-71.49353089;-1949282.581;2842318.924;C;False; ; ;0; ; ; ; ; ; 
TRACK;1.5.20-3;-16.46426514;-71.49339539;-1949292.44;2842333.374;C;False; ; ;0; ; ; ; ; ; 
TRACK;1.5.20-3;-16.46407783;-71.49337687;-1949270.668;2842337.933;C;False; ; ;0; ; ; ; ; ; 
TRACK;1.5.20-3;-16.46386753;-71.49336058;-1949246.169;2842342.541;C;False; ; ;0; ; ; ; ; ; 
TRACK;1.5.20-3;-16.46367032;-71.49338249;-1949222.723;2842342.646;C;False; ; ;0; ; ; ; ; ; 
TRACK;1.5.20-3;-16.46353883;-71.49337522;-1949207.367;2842345.197;C;False; ; ;0; ; ; ; ; ; 
TRACK;1.5.20-3;-16.46346519;-71.49340081;-1949198.391;2842343.263;C;False; ; ;0; ; ; ; ; ; 
TRACK;1.5.20-3;-16.46344236;-71.49342534;-1949195.399;2842340.783;C;False; ; ;0; ; ; ; ; ; 
TRACK;1.5.20-3;-16.46350211;-71.493731;-1949198.545;2842305.348;C;False; ; ;0; ; ; ; ; ; 
TRACK;1.5.20-3;-16.46354164;-71.493873;-1949201.39;2842288.731;C;False; ; ;0; ; ; ; ; ; 
TRACK;1.5.20-3;-16.46362278;-71.49405768;-1949208.583;2842266.729;C;False; ; ;0; ; ; ; ; ; 
TRACK;1.5.20-3;-16.46371061;-71.49424497;-1949216.528;2842244.344;C;False; ; ;0; ; ; ; ; ; 
TRACK;1.5.20-4; ; ;-1.516416327;20763369.87;C; ; ; ; ; ; ; ; ; ; 
TRACK;1.5.20-4;-16.46360817;-71.49443538;-1949202.081;2842224.104;C;False; ; ;0; ; ; ; ; ; 
TRACK;1.5.20-4;-16.46365977;-71.49428851;-1949210.003;2842240.076;C;False; ; ;0; ; ; ; ; ; 
TRACK;1.5.20-4;-16.46359271;-71.49414589;-1949203.932;2842257.124;C;False; ; ;0; ; ; ; ; ; 
TRACK;1.5.20-4;-16.46352232;-71.49394745;-1949198.176;2842280.544;C;False; ; ;0; ; ; ; ; ; 
TRACK;1.5.20-4;-16.46346704;-71.4937473;-1949194.218;2842303.96;C;False; ; ;0; ; ; ; ; ; 
TRACK;1.5.20-4;-16.4634246;-71.49353509;-1949191.921;2842328.574;C;False; ; ;0; ; ; ; ; ; 
TRACK;1.5.20-4;-16.4634006;-71.49349005;-1949189.673;2842333.995;C;False; ; ;0; ; ; ; ; ; 
TRACK;1.5.20-4;-16.46324107;-71.49375975;-1949167.514;2842305.515;C;False; ; ;0; ; ; ; ; ; 
TRACK;1.5.20-4;-16.46320861;-71.49391497;-1949161.733;2842288.345;C;False; ; ;0; ; ; ; ; ; 
TRACK;1.5.20-4;-16.46318422;-71.49403725;-1949157.319;2842274.804;C;False; ; ;0; ; ; ; ; ; 
TRACK;1.5.20-4;-16.46317352;-71.49414863;-1949154.65;2842262.318;C;False; ; ;0; ; ; ; ; ; 
TRACK;1.5.20-4;-16.46315697;-71.49425459;-1949151.363;2842250.524;C;False; ; ;0; ; ; ; ; ; 
TRACK;1.5.20-4;-16.4631511;-71.49431611;-1949149.895;2842243.626;C;False; ; ;0; ; ; ; ; ; 
TRACK;1.5.20-4;-16.46306805;-71.49446574;-1949138.242;2842227.754;C;False; ; ;0; ; ; ; ; ; 
TRACK;1.5.20-4;-16.46338124;-71.49468026;-1949172.318;2842199.324;C;False; ; ;0; ; ; ; ; ; 
TRACK;1.5.20-5; ; ;-1.516416327;20763369.87;C; ; ; ; ; ; ; ; ; ; 
TRACK;1.5.20-5;-16.4633495;-71.49467784;-1949168.62;2842200.014;C;False; ; ;0; ; ; ; ; ; 
TRACK;1.5.20-5;-16.46305446;-71.49449322;-1949136.298;2842224.817;C;False; ; ;0; ; ; ; ; ; 
TRACK;1.5.20-5;-16.46301684;-71.4945561;-1949131.081;2842218.183;C;False; ; ;0; ; ; ; ; ; 
TRACK;1.5.20-5;-16.46292682;-71.49470159;-1949118.662;2842202.872;C;False; ; ;0; ; ; ; ; ; 
TRACK;1.5.20-5;-16.46284981;-71.49480159;-1949108.348;2842192.546;C;False; ; ;0; ; ; ; ; ; 
TRACK;1.5.20-5;-16.46277291;-71.49493373;-1949097.639;2842178.577;C;False; ; ;0; ; ; ; ; ; 
TRACK;1.5.20-5;-16.46262047;-71.49511052;-1949077.491;2842160.537;C;False; ; ;0; ; ; ; ; ; 
TRACK;1.5.20-5;-16.46250204;-71.49535946;-1949060.424;2842133.87;C;False; ; ;0; ; ; ; ; ; 
TRACK;1.5.20-5;-16.46257949;-71.49539182;-1949069.114;2842129.185;C;False; ; ;0; ; ; ; ; ; 
TRACK;1.5.20-5;-16.46299773;-71.49503943;-1949122.712;2842163.642;C;False; ; ;0; ; ; ; ; ; 
TRACK;1.5.21-1; ; ;-1.516416327;20763369.87;C; ; ; ; ; ; ; ; ; ; 
TRACK;1.5.21-1;-16.46777649;-71.49681223;-1949661.659;2841899.932;C;False; ; ;0; ; ; ; ; ; 
TRACK;1.5.21-1;-16.46781419;-71.49650782;-1949669.946;2841933.944;C;False; ; ;0; ; ; ; ; ; 
TRACK;1.5.21-1;-16.46691184;-71.49642906;-1949564.937;2841954.721;C;False; ; ;0; ; ; ; ; ; 
TRACK;1.5.21-1;-16.46634599;-71.49639741;-1949498.862;2841965.739;C;False; ; ;0; ; ; ; ; ; 
TRACK;1.5.21-1;-16.46613791;-71.496531;-1949472.725;2841953.327;C;False; ; ;0; ; ; ; ; ; 
TRACK;1.5.21-1;-16.46587343;-71.496601;-1949440.766;2841948.864;C;False; ; ;0; ; ; ; ; ; 
TRACK;1.5.21-1;-16.46586096;-71.49662967;-1949438.938;2841945.778;C;False; ; ;0; ; ; ; ; ; 
TRACK;1.5.21-2; ; ;-1.516416327;20763369.87;C; ; ; ; ; ; ; ; ; ; 
TRACK;1.5.21-2;-16.46769095;-71.49788377;-1949638.034;2841779.587;C;False; ; ;0; ; ; ; ; ; 
TRACK;1.5.21-2;-16.46782001;-71.49690881;-1949665.549;2841888.412;C;False; ; ;0; ; ; ; ; ; 
TRACK;1.5.21-2;-16.46722172;-71.49686464;-1949595.822;2841901.275;C;False; ; ;0; ; ; ; ; ; 
TRACK;1.5.21-2;-16.4671411;-71.49782822;-1949574.142;2841793.104;C;False; ; ;0; ; ; ; ; ; 
TRACK;1.5.21-3; ; ;-1.516416327;20763369.87;C; ; ; ; ; ; ; ; ; ; 
TRACK;1.5.21-3;-16.46748632;-71.49918347;-1949597.529;2841634.943;C;False; ; ;0; ; ; ; ; ; 
TRACK;1.5.21-3;-16.46766307;-71.49800248;-1949633.254;2841766.497;C;False; ; ;0; ; ; ; ; ; 
TRACK;1.5.21-3;-16.46712828;-71.49794174;-1949571.198;2841780.404;C;False; ; ;0; ; ; ; ; ; 
TRACK;1.5.21-3;-16.46699001;-71.49911776;-1949540.056;2841648.909;C;False; ; ;0; ; ; ; ; ; 
TRACK;1.5.21-4; ; ;-1.516416327;20763369.87;C; ; ; ; ; ; ; ; ; ; 
TRACK;1.5.21-4;-16.46710061;-71.50086966;-1949530.856;2841448.867;C;False; ; ;0; ; ; ; ; ; 
TRACK;1.5.21-4;-16.46730351;-71.50015134;-1949563.792;2841527.63;C;False; ; ;0; ; ; ; ; ; 
TRACK;1.5.21-4;-16.46745299;-71.49927872;-1949592.406;2841624.585;C;False; ; ;0; ; ; ; ; ; 
TRACK;1.5.21-4;-16.46699106;-71.49923704;-1949538.668;2841635.374;C;False; ; ;0; ; ; ; ; ; 
TRACK;1.5.21-4;-16.46684918;-71.50083827;-1949501.717;2841455.726;C;False; ; ;0; ; ; ; ; ; 
TRACK;1.5.21-5; ; ;-1.516416327;20763369.87;C; ; ; ; ; ; ; ; ; ; 
TRACK;1.5.21-5;-16.46622009;-71.50376138;-1949390.791;2841132.634;C;False; ; ;0; ; ; ; ; ; 
TRACK;1.5.21-5;-16.46624918;-71.50350753;-1949397.423;2841161.027;C;False; ; ;0; ; ; ; ; ; 
TRACK;1.5.21-5;-16.4665282;-71.5025817;-1949441.926;2841262.312;C;False; ; ;0; ; ; ; ; ; 
TRACK;1.5.21-5;-16.46679909;-71.50181695;-1949483.436;2841345.445;C;False; ; ;0; ; ; ; ; ; 
TRACK;1.5.21-5;-16.46711983;-71.50096538;-1949531.902;2841437.765;C;False; ; ;0; ; ; ; ; ; 
TRACK;1.5.21-5;-16.46647402;-71.50092452;-1949456.551;2841450.875;C;False; ; ;0; ; ; ; ; ; 
TRACK;1.5.21-5;-16.46611101;-71.50121284;-1949410.254;2841422.956;C;False; ; ;0; ; ; ; ; ; 
TRACK;1.5.21-5;-16.4658643;-71.50373558;-1949349.321;2841140.228;C;False; ; ;0; ; ; ; ; ; 
TRACK;1.5.21-7; ; ;-1.516416327;20763369.87;C; ; ; ; ; ; ; ; ; ; 
TRACK;1.5.21-7;-16.46674722;-71.50083465;-1949489.785;2841457.475;C;False; ; ;0; ; ; ; ; ; 
TRACK;1.5.21-7;-16.46690696;-71.49924795;-1949528.65;2841635.242;C;False; ; ;0; ; ; ; ; ; 
TRACK;1.5.21-7;-16.46628794;-71.49915752;-1949457.075;2841653.618;C;False; ; ;0; ; ; ; ; ; 
TRACK;1.5.21-7;-16.46620563;-71.50037843;-1949431.939;2841516.3;C;False; ; ;0; ; ; ; ; ; 
TRACK;1.5.21-7;-16.46647827;-71.50081378;-1949458.453;2841463.371;C;False; ; ;0; ; ; ; ; ; 
TRACK;1.5.21-8; ; ;-1.516416327;20763369.87;C; ; ; ; ; ; ; ; ; ; 
TRACK;1.5.21-8;-16.46692238;-71.49911999;-1949532.082;2841649.544;C;False; ; ;0; ; ; ; ; ; 
TRACK;1.5.21-8;-16.46703914;-71.49792486;-1949560.94;2841783.488;C;False; ; ;0; ; ; ; ; ; 
TRACK;1.5.21-8;-16.46644682;-71.49785577;-1949492.23;2841799.097;C;False; ; ;0; ; ; ; ; ; 
TRACK;1.5.21-8;-16.46630974;-71.49906243;-1949460.84;2841664.112;C;False; ; ;0; ; ; ; ; ; 
TRACK;1.5.21-9; ; ;-1.516416327;20763369.87;C; ; ; ; ; ; ; ; ; ; 
TRACK;1.5.21-9;-16.46705781;-71.49781397;-1949564.538;2841795.812;C;False; ; ;0; ; ; ; ; ; 
TRACK;1.5.21-9;-16.4671319;-71.49685645;-1949585.374;2841903.382;C;False; ; ;0; ; ; ; ; ; 
TRACK;1.5.21-9;-16.46653026;-71.49680975;-1949515.285;2841916.576;C;False; ; ;0; ; ; ; ; ; 
TRACK;1.5.21-9;-16.46644728;-71.49775802;-1949493.523;2841810.171;C;False; ; ;0; ; ; ; ; ; 
TRACK;1.5.21-10; ; ;-1.516416327;20763369.87;C; ; ; ; ; ; ; ; ; ; 
TRACK;1.5.21-10;-16.46635727;-71.49774081;-1949483.167;2841813.304;C;False; ; ;0; ; ; ; ; ; 
TRACK;1.5.21-10;-16.46643206;-71.49681601;-1949503.67;2841917.157;C;False; ; ;0; ; ; ; ; ; 
TRACK;1.5.21-10;-16.46584124;-71.49675803;-1949434.995;2841931.486;C;False; ; ;0; ; ; ; ; ; 
TRACK;1.5.21-10;-16.46574542;-71.49766844;-1949412.204;2841829.541;C;False; ; ;0; ; ; ; ; ; 
TRACK;1.5.21-11; ; ;-1.516416327;20763369.87;C; ; ; ; ; ; ; ; ; ; 
TRACK;1.5.21-11;-16.46625264;-71.49875845;-1949457.984;2841699.32;C;False; ; ;0; ; ; ; ; ; 
TRACK;1.5.21-11;-16.46634614;-71.49783774;-1949480.632;2841802.463;C;False; ; ;0; ; ; ; ; ; 
TRACK;1.5.21-11;-16.4657189;-71.49777848;-1949407.694;2841817.415;C;False; ; ;0; ; ; ; ; ; 
TRACK;1.5.21-11;-16.46562448;-71.49870366;-1949384.882;2841713.777;C;False; ; ;0; ; ; ; ; ; 
TRACK;1.5.21-12; ; ;-1.516416327;20763369.87;C; ; ; ; ; ; ; ; ; ; 
TRACK;1.5.21-12;-16.46608239;-71.50035298;-1949417.784;2841520.803;C;False; ; ;0; ; ; ; ; ; 
TRACK;1.5.21-12;-16.46618012;-71.4994309;-1949440.945;2841624.044;C;False; ; ;0; ; ; ; ; ; 
TRACK;1.5.21-12;-16.46555299;-71.49935554;-1949368.226;2841640.82;C;False; ; ;0; ; ; ; ; ; 
TRACK;1.5.21-12;-16.46550405;-71.50029753;-1949350.545;2841534.681;C;False; ; ;0; ; ; ; ; ; 
TRACK;1.5.21-13; ; ;-1.516416327;20763369.87;C; ; ; ; ; ; ; ; ; ; 
TRACK;1.5.21-13;-16.46579157;-71.50370738;-1949341.134;2841144.379;C;False; ; ;0; ; ; ; ; ; 
TRACK;1.5.21-13;-16.46601413;-71.50119952;-1949399.042;2841425.738;C;False; ; ;0; ; ; ; ; ; 
TRACK;1.5.21-13;-16.46540778;-71.50114458;-1949328.506;2841439.925;C;False; ; ;0; ; ; ; ; ; 
TRACK;1.5.21-13;-16.46517496;-71.50366095;-1949269.286;2841157.734;C;False; ; ;0; ; ; ; ; ; 
TRACK;1.5.21-14; ; ;-1.516416327;20763369.87;C; ; ; ; ; ; ; ; ; ; 
TRACK;1.5.21-14;-16.46439536;-71.50432038;-1949169.352;2841093.215;C;False; ; ;0; ; ; ; ; ; 
TRACK;1.5.21-14;-16.46501298;-71.50437683;-1949241.192;2841078.712;C;False; ; ;0; ; ; ; ; ; 
TRACK;1.5.21-14;-16.46509486;-71.50375915;-1949258.633;2841147.654;C;False; ; ;0; ; ; ; ; ; 
TRACK;1.5.21-14;-16.46445928;-71.5037218;-1949184.441;2841160.229;C;False; ; ;0; ; ; ; ; ; 
TRACK;1.5.21-15; ; ;-1.516416327;20763369.87;C; ; ; ; ; ; ; ; ; ; 
TRACK;1.5.21-15;-16.46509317;-71.50363238;-1949260.04;2841162.047;C;False; ; ;0; ; ; ; ; ; 
TRACK;1.5.21-15;-16.46519787;-71.50267147;-1949284.509;2841269.598;C;False; ; ;0; ; ; ; ; ; 
TRACK;1.5.21-15;-16.46457616;-71.50263482;-1949211.936;2841281.912;C;False; ; ;0; ; ; ; ; ; 
TRACK;1.5.21-15;-16.46448305;-71.50357847;-1949189.049;2841176.165;C;False; ; ;0; ; ; ; ; ; 
TRACK;1.5.21-17; ; ;-1.516416327;20763369.87;C; ; ; ; ; ; ; ; ; ; 
TRACK;1.5.21-17;-16.4654088;-71.50028185;-1949339.553;2841537.708;C;False; ; ;0; ; ; ; ; ; 
TRACK;1.5.21-17;-16.4655194;-71.49906686;-1949367.936;2841673.985;C;False; ; ;0; ; ; ; ; ; 
TRACK;1.5.21-17;-16.4649365;-71.49902035;-1949300.048;2841686.91;C;False; ; ;0; ; ; ; ; ; 
TRACK;1.5.21-17;-16.46481425;-71.50023417;-1949270.312;2841550.918;C;False; ; ;0; ; ; ; ; ; 
TRACK;1.5.21-18; ; ;-1.516416327;20763369.87;C; ; ; ; ; ; ; ; ; ; 
TRACK;1.5.21-18;-16.46552153;-71.49897615;-1949369.336;2841684.24;C;False; ; ;0; ; ; ; ; ; 
TRACK;1.5.21-18;-16.46565284;-71.49775798;-1949400.194;2841820.606;C;False; ; ;0; ; ; ; ; ; 
TRACK;1.5.21-18;-16.46505493;-71.49769797;-1949330.713;2841835.258;C;False; ; ;0; ; ; ; ; ; 
TRACK;1.5.21-18;-16.46496261;-71.49893648;-1949304.177;2841696.075;C;False; ; ;0; ; ; ; ; ; 
TRACK;1.5.21-19; ; ;-1.516416327;20763369.87;C; ; ; ; ; ; ; ; ; ; 
TRACK;1.5.21-19;-16.46566483;-71.49766139;-1949402.826;2841831.398;C;False; ; ;0; ; ; ; ; ; 
TRACK;1.5.21-19;-16.46575444;-71.49676366;-1949424.727;2841931.987;C;False; ; ;0; ; ; ; ; ; 
TRACK;1.5.21-19;-16.46514798;-71.49669552;-1949354.344;2841947.674;C;False; ; ;0; ; ; ; ; ; 
TRACK;1.5.21-19;-16.46507156;-71.49760008;-1949333.907;2841846.137;C;False; ; ;0; ; ; ; ; ; 
TRACK;1.5.21-20; ; ;-1.516416327;20763369.87;C; ; ; ; ; ; ; ; ; ; 
TRACK;1.5.21-20;-16.46499336;-71.49759793;-1949324.747;2841847.407;C;False; ; ;0; ; ; ; ; ; 
TRACK;1.5.21-20;-16.46508422;-71.49670042;-1949346.791;2841947.957;C;False; ; ;0; ; ; ; ; ; 
TRACK;1.5.21-20;-16.46448795;-71.49638434;-1949280.745;2841991.616;C;False; ; ;0; ; ; ; ; ; 
TRACK;1.5.21-20;-16.46437157;-71.49752955;-1949252.565;2841863.322;C;False; ; ;0; ; ; ; ; ; 
TRACK;1.5.21-21; ; ;-1.516416327;20763369.87;C; ; ; ; ; ; ; ; ; ; 
TRACK;1.5.21-21;-16.46486375;-71.49893457;-1949292.588;2841697.588;C;False; ; ;0; ; ; ; ; ; 
TRACK;1.5.21-21;-16.46498005;-71.49769173;-1949321.995;2841836.949;C;False; ; ;0; ; ; ; ; ; 
TRACK;1.5.21-21;-16.46437499;-71.4976268;-1949251.736;2841852.254;C;False; ; ;0; ; ; ; ; ; 
TRACK;1.5.21-21;-16.46425091;-71.49886874;-1949221.426;2841713.096;C;False; ; ;0; ; ; ; ; ; 
TRACK;1.5.21-22; ; ;-1.516416327;20763369.87;C; ; ; ; ; ; ; ; ; ; 
TRACK;1.5.21-22;-16.46473743;-71.50023169;-1949261.318;2841552.207;C;False; ; ;0; ; ; ; ; ; 
TRACK;1.5.21-22;-16.46485208;-71.49902609;-1949290.058;2841687.367;C;False; ; ;0; ; ; ; ; ; 
TRACK;1.5.21-22;-16.46423291;-71.49894971;-1949218.287;2841704.153;C;False; ; ;0; ; ; ; ; ; 
TRACK;1.5.21-22;-16.46412336;-71.50016279;-1949190.052;2841568.079;C;False; ; ;0; ; ; ; ; ; 
TRACK;1.5.21-23; ; ;-1.516416327;20763369.87;C; ; ; ; ; ; ; ; ; ; 
TRACK;1.5.21-23;-16.4645493;-71.50227459;-1949213.344;2841323.098;C;False; ; ;0; ; ; ; ; ; 
TRACK;1.5.21-23;-16.46465719;-71.50107016;-1949241.272;2841458.214;C;False; ; ;0; ; ; ; ; ; 
TRACK;1.5.21-23;-16.46406036;-71.50099672;-1949172.089;2841474.373;C;False; ; ;0; ; ; ; ; ; 
TRACK;1.5.21-23;-16.46395331;-71.50222293;-1949143.983;2841336.777;C;False; ; ;0; ; ; ; ; ; 
TRACK;1.5.21-24; ; ;-1.516416327;20763369.87;C; ; ; ; ; ; ; ; ; ; 
TRACK;1.5.21-24;-16.46442618;-71.50357465;-1949182.416;2841177.345;C;False; ; ;0; ; ; ; ; ; 
TRACK;1.5.21-24;-16.46453167;-71.50236487;-1949210.129;2841313.097;C;False; ; ;0; ; ; ; ; ; 
TRACK;1.5.21-24;-16.46394913;-71.50229824;-1949142.539;2841328.295;C;False; ; ;0; ; ; ; ; ; 
TRACK;1.5.21-24;-16.46383261;-71.50352351;-1949113.334;2841190.931;C;False; ; ;0; ; ; ; ; ; 
TRACK;1.5.21-25; ; ;-1.516416327;20763369.87;C; ; ; ; ; ; ; ; ; ; 
TRACK;1.5.21-25;-16.46430988;-71.50427609;-1949159.871;2841099.358;C;False; ; ;0; ; ; ; ; ; 
TRACK;1.5.21-25;-16.46437663;-71.50368391;-1949175.212;2841165.609;C;False; ; ;0; ; ; ; ; ; 
TRACK;1.5.21-25;-16.46378066;-71.50361895;-1949106.023;2841180.794;C;False; ; ;0; ; ; ; ; ; 
TRACK;1.5.21-25;-16.46337792;-71.50397228;-1949054.237;2841146.027;C;False; ; ;0; ; ; ; ; ; 
TRACK;1.5.21-25;-16.46335748;-71.5042059;-1949048.877;2841119.813;C;False; ; ;0; ; ; ; ; ; 
TRACK;1.5.21-26; ; ;-1.516416327;20763369.87;C; ; ; ; ; ; ; ; ; ; 
TRACK;1.5.21-26;-16.46339293;-71.50379658;-1949058.225;2841165.747;C;False; ; ;0; ; ; ; ; ; 
TRACK;1.5.21-26;-16.46372264;-71.50351721;-1949100.496;2841193.088;C;False; ; ;0; ; ; ; ; ; 
TRACK;1.5.21-26;-16.46383238;-71.5022838;-1949129.006;2841331.464;C;False; ; ;0; ; ; ; ; ; 
TRACK;1.5.21-26;-16.46321247;-71.50223394;-1949056.813;2841345.251;C;False; ; ;0; ; ; ; ; ; 
TRACK;1.5.21-26;-16.46311156;-71.50344223;-1949029.658;2841209.608;C;False; ; ;0; ; ; ; ; ; 
TRACK;1.5.21-27; ; ;-1.516416327;20763369.87;C; ; ; ; ; ; ; ; ; ; 
TRACK;1.5.21-27;-16.46382679;-71.50220278;-1949129.376;2841340.721;C;False; ; ;0; ; ; ; ; ; 
TRACK;1.5.21-27;-16.4639691;-71.5009851;-1949161.514;2841476.887;C;False; ; ;0; ; ; ; ; ; 
TRACK;1.5.21-27;-16.46334445;-71.50092534;-1949088.89;2841491.86;C;False; ; ;0; ; ; ; ; ; 
TRACK;1.5.21-27;-16.4632277;-71.50214456;-1949059.734;2841355.184;C;False; ; ;0; ; ; ; ; ; 
TRACK;1.5.21-28; ; ;-1.516416327;20763369.87;C; ; ; ; ; ; ; ; ; ; 
TRACK;1.5.21-28;-16.46402111;-71.50015306;-1949178.163;2841570.524;C;False; ; ;0; ; ; ; ; ; 
TRACK;1.5.21-28;-16.46415024;-71.49891781;-1949208.979;2841708.855;C;False; ; ;0; ; ; ; ; ; 
TRACK;1.5.21-28;-16.46354054;-71.49885298;-1949138.174;2841724.208;C;False; ; ;0; ; ; ; ; ; 
TRACK;1.5.21-28;-16.46341427;-71.50008322;-1949107.757;2841586.406;C;False; ; ;0; ; ; ; ; ; 
TRACK;1.5.21-30; ; ;-1.516416327;20763369.87;C; ; ; ; ; ; ; ; ; ; 
TRACK;1.5.21-30;-16.46347374;-71.49849647;-1949134.841;2841765.499;C;False; ; ;0; ; ; ; ; ; 
TRACK;1.5.21-30;-16.4635662;-71.49757123;-1949157.423;2841869.17;C;False; ; ;0; ; ; ; ; ; 
TRACK;1.5.21-30;-16.4629849;-71.49750881;-1949089.924;2841883.877;C;False; ; ;0; ; ; ; ; ; 
TRACK;1.5.21-30;-16.46289219;-71.49843262;-1949067.331;2841780.37;C;False; ; ;0; ; ; ; ; ; 
TRACK;1.5.21-31; ; ;-1.516416327;20763369.87;C; ; ; ; ; ; ; ; ; ; 
TRACK;1.5.21-31;-16.46357067;-71.49744834;-1949159.506;2841883.042;C;False; ; ;0; ; ; ; ; ; 
TRACK;1.5.21-31;-16.46372272;-71.49623262;-1949192.768;2842018.862;C;False; ; ;0; ; ; ; ; ; 
TRACK;1.5.21-31;-16.46311289;-71.4961662;-1949121.967;2842034.397;C;False; ; ;0; ; ; ; ; ; 
TRACK;1.5.21-31;-16.46298997;-71.49739363;-1949091.979;2841896.867;C;False; ; ;0; ; ; ; ; ; 
TRACK;1.5.21-32; ; ;-1.516416327;20763369.87;C; ; ; ; ; ; ; ; ; ; 
TRACK;1.5.21-32;-16.46291159;-71.49738555;-1949082.873;2841898.812;C;False; ; ;0; ; ; ; ; ; 
TRACK;1.5.21-32;-16.46302094;-71.49617516;-1949111.051;2842034.588;C;False; ; ;0; ; ; ; ; ; 
TRACK;1.5.21-32;-16.46242619;-71.4961081;-1949042.03;2842049.998;C;False; ; ;0; ; ; ; ; ; 
TRACK;1.5.21-32;-16.46230499;-71.49731762;-1949012.47;2841914.476;C;False; ; ;0; ; ; ; ; ; 
TRACK;1.5.21-33; ; ;-1.516416327;20763369.87;C; ; ; ; ; ; ; ; ; ; 
TRACK;1.5.21-33;-16.46221938;-71.49731325;-1949002.468;2841916.095;C;False; ; ;0; ; ; ; ; ; 
TRACK;1.5.21-33;-16.46234966;-71.49610966;-1949033.019;2842050.826;C;False; ; ;0; ; ; ; ; ; 
TRACK;1.5.21-33;-16.46215464;-71.49607903;-1949010.496;2842056.859;C;False; ; ;0; ; ; ; ; ; 
TRACK;1.5.21-33;-16.4619315;-71.49634456;-1948980.918;2842029.686;C;False; ; ;0; ; ; ; ; ; 
TRACK;1.5.21-33;-16.46167142;-71.49665408;-1948946.443;2841998.013;C;False; ; ;0; ; ; ; ; ; 
TRACK;1.5.21-33;-16.4616087;-71.49724303;-1948931.615;2841932.071;C;False; ; ;0; ; ; ; ; ; 
TRACK;1.5.21-34; ; ;-1.516416327;20763369.87;C; ; ; ; ; ; ; ; ; ; 
TRACK;1.5.21-34;-16.46212932;-71.49832928;-1948979.019;2841802.098;C;False; ; ;0; ; ; ; ; ; 
TRACK;1.5.21-34;-16.46221282;-71.49742005;-1949000.345;2841904.074;C;False; ; ;0; ; ; ; ; ; 
TRACK;1.5.21-34;-16.46161024;-71.49735946;-1948930.322;2841918.852;C;False; ; ;0; ; ; ; ; ; 
TRACK;1.5.21-34;-16.461517;-71.49825481;-1948908.028;2841818.578;C;False; ; ;0; ; ; ; ; ; 
TRACK;1.5.21-35; ; ;-1.516416327;20763369.87;C; ; ; ; ; ; ; ; ; ; 
TRACK;1.5.21-35;-16.46282107;-71.49842106;-1949059.123;2841782.614;C;False; ; ;0; ; ; ; ; ; 
TRACK;1.5.21-35;-16.46289928;-71.49748933;-1949080.112;2841887.209;C;False; ; ;0; ; ; ; ; ; 
TRACK;1.5.21-35;-16.46228084;-71.49741669;-1949008.378;2841903.562;C;False; ; ;0; ; ; ; ; ; 
TRACK;1.5.21-35;-16.46220622;-71.49834726;-1948987.825;2841799.051;C;False; ; ;0; ; ; ; ; ; 
TRACK;1.5.21-37; ; ;-1.516416327;20763369.87;C; ; ; ; ; ; ; ; ; ; 
TRACK;1.5.21-37;-16.46196936;-71.4999588;-1948939.589;2841619.474;C;False; ; ;0; ; ; ; ; ; 
TRACK;1.5.21-37;-16.4621134;-71.49843112;-1948975.859;2841790.763;C;False; ; ;0; ; ; ; ; ; 
TRACK;1.5.21-37;-16.46149874;-71.49836125;-1948904.534;2841806.751;C;False; ; ;0; ; ; ; ; ; 
TRACK;1.5.21-37;-16.46135564;-71.49991694;-1948868.02;2841632.274;C;False; ; ;0; ; ; ; ; ; 
TRACK;1.5.21-38; ; ;-1.516416327;20763369.87;C; ; ; ; ; ; ; ; ; ; 
TRACK;1.5.21-38;-16.46128042;-71.49987081;-1948859.768;2841638.491;C;False; ; ;0; ; ; ; ; ; 
TRACK;1.5.21-38;-16.46142632;-71.49833557;-1948896.352;2841810.612;C;False; ; ;0; ; ; ; ; ; 
TRACK;1.5.21-38;-16.46078607;-71.49825183;-1948822.197;2841828.509;C;False; ; ;0; ; ; ; ; ; 
TRACK;1.5.21-38;-16.46068465;-71.49926169;-1948797.492;2841715.36;C;False; ; ;0; ; ; ; ; ; 
TRACK;1.5.21-38;-16.46109993;-71.49984877;-1948838.844;2841643.357;C;False; ; ;0; ; ; ; ; ; 
TRACK;1.5.21-40; ; ;-1.516416327;20763369.87;C; ; ; ; ; ; ; ; ; ; 
TRACK;1.5.21-40;-16.46081137;-71.4974386;-1948835.469;2841920.367;C;False; ; ;0; ; ; ; ; ; 
TRACK;1.5.21-40;-16.45972369;-71.49824665;-1948697.455;2841843.039;C;False; ; ;0; ; ; ; ; ; 
TRACK;1.5.21-40;-16.45880552;-71.49896627;-1948580.476;2841773.511;C;False; ; ;0; ; ; ; ; ; 
TRACK;1.5.21-40;-16.4582166;-71.49961796;-1948503.038;2841707.36;C;False; ; ;0; ; ; ; ; ; 
TRACK;1.5.21-40;-16.45850315;-71.49981297;-1948534.233;2841681.493;C;False; ; ;0; ; ; ; ; ; 
TRACK;1.5.21-40;-16.45906855;-71.49938482;-1948606.076;2841722.61;C;False; ; ;0; ; ; ; ; ; 
TRACK;1.5.21-40;-16.46072396;-71.49816282;-1948816.028;2841839.415;C;False; ; ;0; ; ; ; ; ; 
TRACK;1.5.21-41; ; ;-1.516416327;20763369.87;C; ; ; ; ; ; ; ; ; ; 
TRACK;1.5.21-41;-16.45941922;-71.49758607;-1948670.051;2841921.92;C;False; ; ;0; ; ; ; ; ; 
TRACK;1.5.21-41;-16.4588234;-71.49796855;-1948595.211;2841886.381;C;False; ; ;0; ; ; ; ; ; 
TRACK;1.5.21-41;-16.45842598;-71.49780583;-1948550.582;2841910.043;C;False; ; ;0; ; ; ; ; ; 
TRACK;1.5.21-41;-16.45827942;-71.49882887;-1948520.41;2841795.991;C;False; ; ;0; ; ; ; ; ; 
TRACK;1.5.21-41;-16.45796827;-71.49930144;-1948477.873;2841746.501;C;False; ; ;0; ; ; ; ; ; 
TRACK;1.5.21-41;-16.45725247;-71.49907534;-1948396.644;2841781.525;C;False; ; ;0; ; ; ; ; ; 
TRACK;1.5.21-41;-16.45722535;-71.49933058;-1948390.226;2841752.946;C;False; ; ;0; ; ; ; ; ; 
TRACK;1.5.21-41;-16.4577569;-71.49946888;-1948450.921;2841730.293;C;False; ; ;0; ; ; ; ; ; 
TRACK;1.5.21-41;-16.45807509;-71.49966813;-1948485.778;2841703.53;C;False; ; ;0; ; ; ; ; ; 
TRACK;1.5.21-41;-16.45853335;-71.49911104;-1948546.668;2841760.67;C;False; ; ;0; ; ; ; ; ; 
TRACK;1.5.21-41;-16.45885271;-71.49872991;-1948589.012;2841799.686;C;False; ; ;0; ; ; ; ; ; 
TRACK;1.5.21-41;-16.45973857;-71.4980616;-1948701.547;2841863.822;C;False; ; ;0; ; ; ; ; ; 
TRACK;1.5.21-42; ; ;-1.516416327;20763369.87;C; ; ; ; ; ; ; ; ; ; 
TRACK;1.5.21-42;-16.46061276;-71.49934471;-1948787.996;2841706.892;C;False; ; ;0; ; ; ; ; ; 
TRACK;1.5.21-42;-16.46070048;-71.49828662;-1948811.701;2841825.689;C;False; ; ;0; ; ; ; ; ; 
TRACK;1.5.21-42;-16.46007856;-71.49872697;-1948733.062;2841783.932;C;False; ; ;0; ; ; ; ; ; 
TRACK;1.5.21-42;-16.45904131;-71.49950995;-1948601.292;2841708.783;C;False; ; ;0; ; ; ; ; ; 
TRACK;1.5.21-42;-16.45839794;-71.49996854;-1948519.903;2841665.238;C;False; ; ;0; ; ; ; ; ; 
TRACK;1.5.21-42;-16.45829322;-71.49982375;-1948509.433;2841683.026;C;False; ; ;0; ; ; ; ; ; 
TRACK;1.5.21-42;-16.45814678;-71.49977506;-1948492.846;2841690.468;C;False; ; ;0; ; ; ; ; ; 
TRACK;1.5.21-42;-16.45786595;-71.50041514;-1948451.75;2841621.591;C;False; ; ;0; ; ; ; ; ; 
TRACK;1.5.21-42;-16.45793272;-71.50055454;-1948457.829;2841604.912;C;False; ; ;0; ; ; ; ; ; 
TRACK;1.5.21-42;-16.45830718;-71.50072065;-1948499.717;2841581.168;C;False; ; ;0; ; ; ; ; ; 
TRACK;1.5.21-42;-16.45858478;-71.50080583;-1948531.251;2841567.869;C;False; ; ;0; ; ; ; ; ; 
TRACK;1.5.21-42;-16.4588127;-71.50085919;-1948557.351;2841558.83;C;False; ; ;0; ; ; ; ; ; 
TRACK;1.5.21-42;-16.459055;-71.5008059;-1948586.49;2841561.691;C;False; ; ;0; ; ; ; ; ; 
TRACK;1.5.21-42;-16.46024616;-71.49989261;-1948737.989;2841649.593;C;False; ; ;0; ; ; ; ; ; 
TRACK;1.5.21-42;-16.46045715;-71.49979679;-1948763.99;2841657.686;C;False; ; ;0; ; ; ; ; ; 
TRACK;1.5.21-42;-16.46093969;-71.49982412;-1948820.331;2841648.255;C;False; ; ;0; ; ; ; ; ; 
TRACK;1.5.21-44; ; ;-1.516416327;20763369.87;C; ; ; ; ; ; ; ; ; ; 
TRACK;1.5.21-44;-16.45898882;-71.50222852;-1948560.703;2841401.289;C;False; ; ;0; ; ; ; ; ; 
TRACK;1.5.21-44;-16.45852382;-71.50216366;-1948506.898;2841414.743;C;False; ; ;0; ; ; ; ; ; 
TRACK;1.5.21-44;-16.45848029;-71.50205435;-1948503.168;2841427.705;C;False; ; ;0; ; ; ; ; ; 
TRACK;1.5.21-44;-16.45847618;-71.50146956;-1948510.089;2841494.052;C;False; ; ;0; ; ; ; ; ; 
TRACK;1.5.21-44;-16.45771753;-71.50157354;-1948419.648;2841492.219;C;False; ; ;0; ; ; ; ; ; 
TRACK;1.5.21-44;-16.45762382;-71.50163555;-1948407.854;2841486.418;C;False; ; ;0; ; ; ; ; ; 
TRACK;1.5.21-44;-16.4576322;-71.50174508;-1948407.453;2841473.893;C;False; ; ;0; ; ; ; ; ; 
TRACK;1.5.21-44;-16.45796902;-71.50221558;-1948441.064;2841416.136;C;False; ; ;0; ; ; ; ; ; 
TRACK;1.5.21-44;-16.4584096;-71.50271515;-1948486.498;2841353.724;C;False; ; ;0; ; ; ; ; ; 
TRACK;1.5.21-44;-16.45857166;-71.50275289;-1948505.057;2841347.319;C;False; ; ;0; ; ; ; ; ; 
TRACK;1.5.21-44;-16.45894287;-71.50274785;-1948548.73;2841343.02;C;False; ; ;0; ; ; ; ; ; 
TRACK;1.5.21-45; ; ;-1.516416327;20763369.87;C; ; ; ; ; ; ; ; ; ; 
TRACK;1.5.21-45;-16.45963258;-71.50296041;-1948627.063;2841309.875;C;False; ; ;0; ; ; ; ; ; 
TRACK;1.5.21-45;-16.45970881;-71.50187775;-1948649.727;2841431.606;C;False; ; ;0; ; ; ; ; ; 
TRACK;1.5.21-45;-16.4594164;-71.50189403;-1948615.169;2841433.597;C;False; ; ;0; ; ; ; ; ; 
TRACK;1.5.21-45;-16.45910267;-71.50198495;-1948577.161;2841427.407;C;False; ; ;0; ; ; ; ; ; 
TRACK;1.5.21-45;-16.45904301;-71.50240789;-1948564.798;2841380.245;C;False; ; ;0; ; ; ; ; ; 
TRACK;1.5.21-45;-16.45899977;-71.50277738;-1948555.04;2841338.926;C;False; ; ;0; ; ; ; ; ; 
TRACK;1.5.21-45;-16.45931419;-71.50279096;-1948591.805;2841333.262;C;False; ; ;0; ; ; ; ; ; 
TRACK;1.5.21-46; ; ;-1.516416327;20763369.87;C; ; ; ; ; ; ; ; ; ; 
TRACK;1.5.21-46;-16.45954241;-71.50303634;-1948615.51;2841302.451;C;False; ; ;0; ; ; ; ; ; 
TRACK;1.5.21-46;-16.45934239;-71.50290497;-1948593.675;2841319.968;C;False; ; ;0; ; ; ; ; ; 
TRACK;1.5.21-46;-16.45919489;-71.50285611;-1948576.966;2841327.441;C;False; ; ;0; ; ; ; ; ; 
TRACK;1.5.21-46;-16.45899671;-71.50286698;-1948553.546;2841328.81;C;False; ; ;0; ; ; ; ; ; 
TRACK;1.5.21-46;-16.45879971;-71.50286803;-1948530.391;2841331.275;C;False; ; ;0; ; ; ; ; ; 
TRACK;1.5.21-46;-16.45843842;-71.5028445;-1948488.245;2841338.682;C;False; ; ;0; ; ; ; ; ; 
TRACK;1.5.21-46;-16.45924576;-71.50375885;-1948571.513;2841224.439;C;False; ; ;0; ; ; ; ; ; 
TRACK;1.5.21-46;-16.45943495;-71.50379352;-1948593.299;2841218.027;C;False; ; ;0; ; ; ; ; ; 
TRACK;1.5.21-47; ; ;-1.516416327;20763369.87;C; ; ; ; ; ; ; ; ; ; 
TRACK;1.5.21-47;-16.46095964;-71.50333032;-1948778.277;2841250.53;C;False; ; ;0; ; ; ; ; ; 
TRACK;1.5.21-47;-16.45991438;-71.50319263;-1948657.227;2841279.853;C;False; ; ;0; ; ; ; ; ; 
TRACK;1.5.21-47;-16.45967713;-71.50308867;-1948630.673;2841294.751;C;False; ; ;0; ; ; ; ; ; 
TRACK;1.5.21-47;-16.45957454;-71.50381436;-1948609.434;2841213.833;C;False; ; ;0; ; ; ; ; ; 
TRACK;1.5.21-47;-16.46090833;-71.50396385;-1948764.228;2841179.388;C;False; ; ;0; ; ; ; ; ; 
TRACK;1.5.21-49; ; ;-1.516416327;20763369.87;C; ; ; ; ; ; ; ; ; ; 
TRACK;1.5.21-49;-16.46040429;-71.50185584;-1948731.707;2841424.964;C;False; ; ;0; ; ; ; ; ; 
TRACK;1.5.21-49;-16.46049314;-71.50066035;-1948757.282;2841559.319;C;False; ; ;0; ; ; ; ; ; 
TRACK;1.5.21-49;-16.45986015;-71.50100494;-1948678.557;2841528.563;C;False; ; ;0; ; ; ; ; ; 
TRACK;1.5.21-49;-16.45981144;-71.5017828;-1948662.985;2841441.023;C;False; ; ;0; ; ; ; ; ; 
TRACK;1.5.21-50; ; ;-1.516416327;20763369.87;C; ; ; ; ; ; ; ; ; ; 
TRACK;1.5.21-50;-16.46107157;-71.50193876;-1948809.046;2841406.808;C;False; ; ;0; ; ; ; ; ; 
TRACK;1.5.21-50;-16.46117874;-71.50067596;-1948837.627;2841548.552;C;False; ; ;0; ; ; ; ; ; 
TRACK;1.5.21-50;-16.46060255;-71.50062254;-1948770.614;2841562.169;C;False; ; ;0; ; ; ; ; ; 
TRACK;1.5.21-50;-16.46048809;-71.50185074;-1948741.615;2841424.442;C;False; ; ;0; ; ; ; ; ; 
TRACK;1.5.21-51; ; ;-1.516416327;20763369.87;C; ; ; ; ; ; ; ; ; ; 
TRACK;1.5.21-51;-16.46164921;-71.50330097;-1948859.657;2841244.809;C;False; ; ;0; ; ; ; ; ; 
TRACK;1.5.21-51;-16.46178116;-71.50206263;-1948890.838;2841383.454;C;False; ; ;0; ; ; ; ; ; 
TRACK;1.5.21-51;-16.46116161;-71.50201039;-1948818.717;2841397.507;C;False; ; ;0; ; ; ; ; ; 
TRACK;1.5.21-51;-16.46105423;-71.50323601;-1948790.583;2841259.98;C;False; ; ;0; ; ; ; ; ; 
TRACK;1.5.21-52; ; ;-1.516416327;20763369.87;C; ; ; ; ; ; ; ; ; ; 
TRACK;1.5.21-52;-16.46178908;-71.50198918;-1948892.698;2841391.677;C;False; ; ;0; ; ; ; ; ; 
TRACK;1.5.21-52;-16.46189841;-71.5007764;-1948920.9;2841527.722;C;False; ; ;0; ; ; ; ; ; 
TRACK;1.5.21-52;-16.4612859;-71.50071447;-1948849.728;2841542.781;C;False; ; ;0; ; ; ; ; ; 
TRACK;1.5.21-52;-16.46116903;-71.5019278;-1948820.634;2841406.772;C;False; ; ;0; ; ; ; ; ; 
TRACK;1.5.21-53; ; ;-1.516416327;20763369.87;C; ; ; ; ; ; ; ; ; ; 
TRACK;1.5.21-53;-16.462458;-71.50207054;-1948970.25;2841373.675;C;False; ; ;0; ; ; ; ; ; 
TRACK;1.5.21-53;-16.46256692;-71.50084296;-1948998.592;2841511.403;C;False; ; ;0; ; ; ; ; ; 
TRACK;1.5.21-53;-16.46197365;-71.50077576;-1948929.747;2841526.807;C;False; ; ;0; ; ; ; ; ; 
TRACK;1.5.21-53;-16.46187687;-71.5019627;-1948903.347;2841393.527;C;False; ; ;0; ; ; ; ; ; 
TRACK;1.5.21-54; ; ;-1.516416327;20763369.87;C; ; ; ; ; ; ; ; ; ; 
TRACK;1.5.21-54;-16.46312823;-71.50214089;-1949048.095;2841356.905;C;False; ; ;0; ; ; ; ; ; 
TRACK;1.5.21-54;-16.4632401;-71.5009094;-1949076.833;2841495.037;C;False; ; ;0; ; ; ; ; ; 
TRACK;1.5.21-54;-16.46263999;-71.50085925;-1949006.969;2841508.598;C;False; ; ;0; ; ; ; ; ; 
TRACK;1.5.21-54;-16.46253588;-71.50207475;-1948979.346;2841372.176;C;False; ; ;0; ; ; ; ; ; 
TRACK;1.5.21-55; ; ;-1.516416327;20763369.87;C; ; ; ; ; ; ; ; ; ; 
TRACK;1.5.21-55;-16.46303509;-71.50343968;-1949020.707;2841210.899;C;False; ; ;0; ; ; ; ; ; 
TRACK;1.5.21-55;-16.46312829;-71.50222474;-1949047.041;2841347.399;C;False; ; ;0; ; ; ; ; ; 
TRACK;1.5.21-55;-16.46252553;-71.50215691;-1948977.09;2841362.999;C;False; ; ;0; ; ; ; ; ; 
TRACK;1.5.21-55;-16.46242915;-71.50337973;-1948950.284;2841225.647;C;False; ; ;0; ; ; ; ; ; 
TRACK;1.5.21-56; ; ;-1.516416327;20763369.87;C; ; ; ; ; ; ; ; ; ; 
TRACK;1.5.21-56;-16.46174796;-71.50331957;-1948871.022;2841241.405;C;False; ; ;0; ; ; ; ; ; 
TRACK;1.5.21-56;-16.46236008;-71.50337211;-1948942.265;2841227.417;C;False; ; ;0; ; ; ; ; ; 
TRACK;1.5.21-56;-16.46244283;-71.5021613;-1948967.319;2841363.586;C;False; ; ;0; ; ; ; ; ; 
TRACK;1.5.21-56;-16.4618601;-71.50207717;-1948899.927;2841380.77;C;False; ; ;0; ; ; ; ; ; 
TRACK;1.5.21-57; ; ;-1.516416327;20763369.87;C; ; ; ; ; ; ; ; ; ; 
TRACK;1.5.21-57;-16.46248807;-71.50412394;-1948947.782;2841140.512;C;False; ; ;0; ; ; ; ; ; 
TRACK;1.5.21-57;-16.46330877;-71.50421498;-1949043.041;2841119.422;C;False; ; ;0; ; ; ; ; ; 
TRACK;1.5.21-57;-16.46334348;-71.50391094;-1949050.968;2841153.432;C;False; ; ;0; ; ; ; ; ; 
TRACK;1.5.21-57;-16.46304614;-71.50355042;-1949020.603;2841198.201;C;False; ; ;0; ; ; ; ; ; 
TRACK;1.5.21-57;-16.46104732;-71.5033207;-1948788.699;2841250.47;C;False; ; ;0; ; ; ; ; ; 
TRACK;1.5.21-57;-16.46098876;-71.50394656;-1948773.895;2841180.292;C;False; ; ;0; ; ; ; ; ; 
TRACK;1.5.21-57;-16.46191127;-71.50409428;-1948880.398;2841151.442;C;False; ; ;0; ; ; ; ; ; 
TRACK;1.5.21-59; ; ;-1.516416327;20763369.87;C; ; ; ; ; ; ; ; ; ; 
TRACK;1.5.21-59;-16.46328253;-71.50021417;-1949090.623;2841573.29;C;False; ; ;0; ; ; ; ; ; 
TRACK;1.5.21-59;-16.4620042;-71.50006104;-1948942.387;2841607.427;C;False; ; ;0; ; ; ; ; ; 
TRACK;1.5.21-59;-16.46196239;-71.5006764;-1948929.683;2841538.218;C;False; ; ;0; ; ; ; ; ; 
TRACK;1.5.21-59;-16.46322827;-71.50076629;-1949077.256;2841511.414;C;False; ; ;0; ; ; ; ; ; 
TRACK;1.5.21-60; ; ;-1.516416327;20763369.87;C; ; ; ; ; ; ; ; ; ; 
TRACK;1.5.21-60;-16.46638567;-71.50086225;-1949446.962;2841459.093;C;False; ; ;0; ; ; ; ; ; 
TRACK;1.5.21-60;-16.46609815;-71.5004695;-1949418.16;2841507.388;C;False; ; ;0; ; ; ; ; ; 
TRACK;1.5.21-60;-16.46478155;-71.50034169;-1949265.108;2841539.159;C;False; ; ;0; ; ; ; ; ; 
TRACK;1.5.21-60;-16.46471387;-71.50096951;-1949249.205;2841468.879;C;False; ; ;0; ; ; ; ; ; 
TRACK;1.5.21-60;-16.46604891;-71.50110536;-1949404.32;2841435.955;C;False; ; ;0; ; ; ; ; ; 
TRACK;1.5.23-1; ; ;-1.516416327;20763369.87;C; ; ; ; ; ; ; ; ; ; 
TRACK;1.5.23-1;-16.46802132;-71.49499393;-1949713.463;2842102.836;C;False; ; ;0; ; ; ; ; ; 
TRACK;1.5.23-1;-16.46797872;-71.49477226;-1949711.268;2842128.524;C;False; ; ;0; ; ; ; ; ; 
TRACK;1.5.23-1;-16.46789904;-71.49455738;-1949704.629;2842153.928;C;False; ; ;0; ; ; ; ; ; 
TRACK;1.5.23-1;-16.46724709;-71.49436528;-1949630.472;2842184.267;C;False; ; ;0; ; ; ; ; ; 
TRACK;1.5.23-1;-16.46711686;-71.49479841;-1949609.684;2842136.878;C;False; ; ;0; ; ; ; ; ; 
TRACK;1.5.23-1;-16.46799733;-71.495072;-1949709.655;2842094.301;C;False; ; ;0; ; ; ; ; ; 
TRACK;1.5.23-6; ; ;-1.516416327;20763369.87;C; ; ; ; ; ; ; ; ; ; 
TRACK;1.5.23-6;-16.46579867;-71.49461565;-1949457.138;2842174.906;C;False; ; ;0; ; ; ; ; ; 
TRACK;1.5.23-6;-16.46553293;-71.49448503;-1949427.574;2842193.202;C;False; ; ;0; ; ; ; ; ; 
TRACK;1.5.23-6;-16.46528717;-71.49534749;-1949387.774;2842098.66;C;False; ; ;0; ; ; ; ; ; 
TRACK;1.5.23-6;-16.46574558;-71.49539999;-1949440.963;2842086.69;C;False; ; ;0; ; ; ; ; ; 
TRACK;1.5.23-9; ; ;-1.516416327;20763369.87;C; ; ; ; ; ; ; ; ; ; 
TRACK;1.5.23-9;-16.46694712;-71.49592912;-1949575.415;2842010.931;C;False; ; ;0; ; ; ; ; ; 
TRACK;1.5.23-9;-16.4661986;-71.49586529;-1949488.289;2842027.994;C;False; ; ;0; ; ; ; ; ; 
TRACK;1.5.23-9;-16.46617973;-71.49615181;-1949482.442;2841995.762;C;False; ; ;0; ; ; ; ; ; 
TRACK;1.5.23-9;-16.46692328;-71.49622208;-1949568.903;2841978.034;C;False; ; ;0; ; ; ; ; ; 
TRACK;1.5.23-10; ; ;-1.516416327;20763369.87;C; ; ; ; ; ; ; ; ; ; 
TRACK;1.5.23-10;-16.46669196;-71.49556089;-1949550.105;2842056.023;C;False; ; ;0; ; ; ; ; ; 
TRACK;1.5.23-10;-16.46622537;-71.49550911;-1949495.947;2842068.02;C;False; ; ;0; ; ; ; ; ; 
TRACK;1.5.23-10;-16.46620177;-71.49580273;-1949489.454;2842035.045;C;False; ; ;0; ; ; ; ; ; 
TRACK;1.5.23-10;-16.46667267;-71.49586253;-1949544.016;2842022.082;C;False; ; ;0; ; ; ; ; ; 
TRACK;1.5.23-11; ; ;-1.516416327;20763369.87;C; ; ; ; ; ; ; ; ; ; 
TRACK;1.5.23-11;-16.46701127;-71.49519796;-1949592.217;2842092.971;C;False; ; ;0; ; ; ; ; ; 
TRACK;1.5.23-11;-16.46625645;-71.49513767;-1949504.304;2842109.718;C;False; ; ;0; ; ; ; ; ; 
TRACK;1.5.23-11;-16.46623281;-71.49543831;-1949497.717;2842075.948;C;False; ; ;0; ; ; ; ; ; 
TRACK;1.5.23-11;-16.46698224;-71.49549966;-1949584.984;2842059.152;C;False; ; ;0; ; ; ; ; ; 
TRACK;1.5.23-12; ; ;-1.516416327;20763369.87;C; ; ; ; ; ; ; ; ; ; 
TRACK;1.5.23-12;-16.46793385;-71.49527415;-1949699.636;2842072.219;C;False; ; ;0; ; ; ; ; ; 
TRACK;1.5.23-12;-16.46709072;-71.49518721;-1949601.686;2842093.147;C;False; ; ;0; ; ; ; ; ; 
TRACK;1.5.23-12;-16.46707765;-71.49550755;-1949596.092;2842057.005;C;False; ; ;0; ; ; ; ; ; 
TRACK;1.5.23-12;-16.46788342;-71.4955772;-1949689.871;2842038.528;C;False; ; ;0; ; ; ; ; ; 
TRACK;1.5.23-13; ; ;-1.516416327;20763369.87;C; ; ; ; ; ; ; ; ; ; 
TRACK;1.5.23-13;-16.46787644;-71.49566233;-1949687.972;2842028.969;C;False; ; ;0; ; ; ; ; ; 
TRACK;1.5.23-13;-16.46737552;-71.49561139;-1949629.77;2842041.322;C;False; ; ;0; ; ; ; ; ; 
TRACK;1.5.23-13;-16.46736314;-71.4959017;-1949624.637;2842008.576;C;False; ; ;0; ; ; ; ; ; 
TRACK;1.5.23-13;-16.46783051;-71.49595207;-1949678.905;2841996.728;C;False; ; ;0; ; ; ; ; ; 
TRACK;1.5.23-14; ; ;-1.516416327;20763369.87;C; ; ; ; ; ; ; ; ; ; 
TRACK;1.5.23-14;-16.46782546;-71.49599217;-1949677.804;2841992.249;C;False; ; ;0; ; ; ; ; ; 
TRACK;1.5.23-14;-16.46702354;-71.49594247;-1949584.224;2842008.413;C;False; ; ;0; ; ; ; ; ; 
TRACK;1.5.23-14;-16.46699243;-71.49622091;-1949577.042;2841977.258;C;False; ; ;0; ; ; ; ; ; 
TRACK;1.5.23-14;-16.46778253;-71.49628283;-1949669.078;2841959.864;C;False; ; ;0; ; ; ; ; ; 
TRACK;1.5.23-15; ; ;-1.516416327;20763369.87;C; ; ; ; ; ; ; ; ; ; 
TRACK;1.5.23-15;-16.46634945;-71.49638805;-1949499.386;2841966.754;C;False; ; ;0; ; ; ; ; ; 
TRACK;1.5.23-15;-16.46662301;-71.49639331;-1949531.458;2841962.566;C;False; ; ;0; ; ; ; ; ; 
TRACK;1.5.23-15;-16.46782029;-71.49649947;-1949670.768;2841934.81;C;False; ; ;0; ; ; ; ; ; 
TRACK;1.5.23-15;-16.46784473;-71.49635258;-1949675.501;2841951.14;C;False; ; ;0; ; ; ; ; ; 
TRACK;1.5.23-15;-16.46610667;-71.49621062;-1949473.113;2841990.055;C;False; ; ;0; ; ; ; ; ; 
TRACK;1.5.23-15;-16.46614717;-71.49549813;-1949486.899;2842070.291;C;False; ; ;0; ; ; ; ; ; 
TRACK;1.5.23-15;-16.46581417;-71.49546946;-1949448.141;2842077.914;C;False; ; ;0; ; ; ; ; ; 
TRACK;1.5.23-15;-16.46572112;-71.49661842;-1949422.652;2841948.889;C;False; ; ;0; ; ; ; ; ; 
TRACK;1.5.23-15;-16.46613618;-71.49651989;-1949472.662;2841954.61;C;False; ; ;0; ; ; ; ; ; 
TRACK;1.5.16-2; ; ;-1.516416327;20763369.87;D; ; ; ; ; ; ; ; ; ; 
TRACK;1.5.16-2;-16.47748231;-71.49946184;-1950768.294;2841472.113;D;False; ; ;0; ; ; ; ; ; 
TRACK;1.5.16-2;-16.47708094;-71.49930351;-1950723.15;2841495.333;D;False; ; ;0; ; ; ; ; ; 
TRACK;1.5.16-2;-16.47699551;-71.49956444;-1950709.806;2841466.878;D;False; ; ;0; ; ; ; ; ; 
TRACK;1.5.16-2;-16.47690881;-71.49982827;-1950696.278;2841438.112;D;False; ; ;0; ; ; ; ; ; 
TRACK;1.5.16-2;-16.47732766;-71.49996961;-1950743.69;2841416.59;D;False; ; ;0; ; ; ; ; ; 
TRACK;1.5.16-3; ; ;-1.516416327;20763369.87;D; ; ; ; ; ; ; ; ; ; 
TRACK;1.5.16-3;-16.47757196;-71.49913773;-1950782.934;2841507.673;D;False; ; ;0; ; ; ; ; ; 
TRACK;1.5.16-3;-16.47687799;-71.4988825;-1950704.644;2841545.72;D;False; ; ;0; ; ; ; ; ; 
TRACK;1.5.16-3;-16.47680144;-71.49914354;-1950692.342;2841517.136;D;False; ; ;0; ; ; ; ; ; 
TRACK;1.5.16-3;-16.47748203;-71.49941485;-1950768.857;2841477.443;D;False; ; ;0; ; ; ; ; ; 
TRACK;1.5.16-4; ; ;-1.516416327;20763369.87;D; ; ; ; ; ; ; ; ; ; 
TRACK;1.5.16-4;-16.47759171;-71.49908925;-1950785.868;2841512.908;D;False; ; ;0; ; ; ; ; ; 
TRACK;1.5.16-4;-16.47765968;-71.49880919;-1950797.403;2841543.761;D;False; ; ;0; ; ; ; ; ; 
TRACK;1.5.16-4;-16.47700611;-71.49855679;-1950723.824;2841580.956;D;False; ; ;0; ; ; ; ; ; 
TRACK;1.5.16-4;-16.47691977;-71.49883622;-1950710.139;2841550.417;D;False; ; ;0; ; ; ; ; ; 
TRACK;1.5.16-5; ; ;-1.516416327;20763369.87;D; ; ; ; ; ; ; ; ; ; 
TRACK;1.5.16-5;-16.47642615;-71.49898408;-1950650.276;2841540.141;D;False; ; ;0; ; ; ; ; ; 
TRACK;1.5.16-5;-16.47676668;-71.4991225;-1950688.526;2841519.978;D;False; ; ;0; ; ; ; ; ; 
TRACK;1.5.16-5;-16.47684378;-71.49886552;-1950700.841;2841548.094;D;False; ; ;0; ; ; ; ; ; 
TRACK;1.5.16-5;-16.47632377;-71.49866705;-1950642.268;2841577.421;D;False; ; ;0; ; ; ; ; ; 
TRACK;1.5.16-5;-16.47627872;-71.49879693;-1950635.329;2841563.291;D;False; ; ;0; ; ; ; ; ; 
TRACK;1.5.16-6; ; ;-1.516416327;20763369.87;D; ; ; ; ; ; ; ; ; ; 
TRACK;1.5.16-6;-16.47690269;-71.49982474;-1950695.603;2841438.592;D;False; ; ;0; ; ; ; ; ; 
TRACK;1.5.16-6;-16.47692504;-71.49968353;-1950700.019;2841454.306;D;False; ; ;0; ; ; ; ; ; 
TRACK;1.5.16-6;-16.47628128;-71.49883785;-1950635.111;2841558.619;D;False; ; ;0; ; ; ; ; ; 
TRACK;1.5.16-6;-16.47623509;-71.49903611;-1950627.172;2841536.753;D;False; ; ;0; ; ; ; ; ; 
TRACK;1.5.16-6;-16.47640402;-71.49927496;-1950643.99;2841507.461;D;False; ; ;0; ; ; ; ; ; 
TRACK;1.5.16-6;-16.47676144;-71.49977461;-1950679.646;2841446.13;D;False; ; ;0; ; ; ; ; ; 
TRACK;1.5.16-7; ; ;-1.516416327;20763369.87;D; ; ; ; ; ; ; ; ; ; 
TRACK;1.5.16-7;-16.47643268;-71.49835981;-1950658.956;2841610.816;D;False; ; ;0; ; ; ; ; ; 
TRACK;1.5.16-7;-16.47633732;-71.4986097;-1950644.586;2841583.744;D;False; ; ;0; ; ; ; ; ; 
TRACK;1.5.16-7;-16.47685936;-71.49880572;-1950703.428;2841554.668;D;False; ; ;0; ; ; ; ; ; 
TRACK;1.5.16-7;-16.47695295;-71.49855136;-1950717.648;2841582.27;D;False; ; ;0; ; ; ; ; ; 
TRACK;1.5.17-14; ; ;-1.516416327;20763369.87;D; ; ; ; ; ; ; ; ; ; 
TRACK;1.5.17-14;-16.47236409;-71.50370238;-1950113.298;2841058.668;D;False; ; ;0; ; ; ; ; ; 
TRACK;1.5.17-14;-16.47296038;-71.50360928;-1950184.526;2841061.391;D;False; ; ;0; ; ; ; ; ; 
TRACK;1.5.17-14;-16.47323031;-71.5019;-1950237.891;2841251.594;D;False; ; ;0; ; ; ; ; ; 
TRACK;1.5.17-14;-16.47353685;-71.50108939;-1950284.173;2841339.452;D;False; ; ;0; ; ; ; ; ; 
TRACK;1.5.17-14;-16.47220528;-71.50038367;-1950136.689;2841436.934;D;False; ; ;0; ; ; ; ; ; 
TRACK;1.5.17-14;-16.47158401;-71.50025116;-1950065.384;2841460.111;D;False; ; ;0; ; ; ; ; ; 
TRACK;1.5.17-14;-16.47149441;-71.50031981;-1950053.988;2841453.507;D;False; ; ;0; ; ; ; ; ; 
TRACK;1.5.17-14;-16.47119757;-71.49991868;-1950024.199;2841502.874;D;False; ; ;0; ; ; ; ; ; 
TRACK;1.5.17-14;-16.47055023;-71.5004382;-1949941.57;2841452.484;D;False; ; ;0; ; ; ; ; ; 
TRACK;1.5.17-14;-16.47089444;-71.50111739;-1949973.401;2841370.977;D;False; ; ;0; ; ; ; ; ; 
TRACK;1.5.17-14;-16.47093071;-71.50136752;-1949974.493;2841342.148;D;False; ; ;0; ; ; ; ; ; 
TRACK;1.5.17-14;-16.4707913;-71.50169809;-1949953.927;2841306.507;D;False; ; ;0; ; ; ; ; ; 
TRACK;1.5.17-14;-16.47076225;-71.5023277;-1949942.539;2841235.52;D;False; ; ;0; ; ; ; ; ; 
TRACK;1.5.17-14;-16.47111871;-71.50342831;-1949970.47;2841106.085;D;False; ; ;0; ; ; ; ; ; 
TRACK;1.5.17-14;-16.4714203;-71.50362039;-1950003.466;2841080.353;D;False; ; ;0; ; ; ; ; ; 
TRACK;1.5.17-14;-16.47172865;-71.5039283;-1950035.788;2841041.403;D;False; ; ;0; ; ; ; ; ; 
TRACK;1.5.17-15; ; ;-1.516416327;20763369.87;D; ; ; ; ; ; ; ; ; ; 
TRACK;1.5.17-15;-16.47385581;-71.49856332;-1950353.654;2841621.597;D;False; ; ;0; ; ; ; ; ; 
TRACK;1.5.17-15;-16.4736794;-71.49830747;-1950336.173;2841652.916;D;False; ; ;0; ; ; ; ; ; 
TRACK;1.5.17-15;-16.47356163;-71.49822989;-1950323.321;2841663.256;D;False; ; ;0; ; ; ; ; ; 
TRACK;1.5.17-15;-16.47344076;-71.49815878;-1950310.023;2841672.905;D;False; ; ;0; ; ; ; ; ; 
TRACK;1.5.17-15;-16.47331369;-71.49808443;-1950296.037;2841683.001;D;False; ; ;0; ; ; ; ; ; 
TRACK;1.5.17-15;-16.47298143;-71.49876833;-1950248.337;2841609.843;D;False; ; ;0; ; ; ; ; ; 
TRACK;1.5.17-15;-16.47318818;-71.4990454;-1950269.115;2841575.721;D;False; ; ;0; ; ; ; ; ; 
TRACK;1.5.17-15;-16.47333441;-71.49916885;-1950284.728;2841559.807;D;False; ; ;0; ; ; ; ; ; 
TRACK;1.5.17-15;-16.47350198;-71.49925968;-1950303.263;2841547.31;D;False; ; ;0; ; ; ; ; ; 
TRACK;1.5.17-15;-16.47354236;-71.49928896;-1950307.636;2841543.461;D;False; ; ;0; ; ; ; ; ; 
TRACK;1.5.17-15;-16.47401927;-71.50003239;-1950354.241;2841452.929;D;False; ; ;0; ; ; ; ; ; 
TRACK;1.5.17-15;-16.47439833;-71.49959785;-1950404.277;2841497.206;D;False; ; ;0; ; ; ; ; ; 
TRACK;1.5.17-15;-16.47473057;-71.49915459;-1950448.925;2841543.086;D;False; ; ;0; ; ; ; ; ; 
TRACK;1.5.17-15;-16.47484134;-71.49902787;-1950463.544;2841555.995;D;False; ; ;0; ; ; ; ; ; 
TRACK;1.5.17-15;-16.47483443;-71.49890151;-1950464.333;2841570.409;D;False; ; ;0; ; ; ; ; ; 
TRACK;1.5.17-15;-16.47432876;-71.49828782;-1950412.708;2841646.613;D;False; ; ;0; ; ; ; ; ; 
TRACK;1.5.17-16; ; ;-1.516416327;20763369.87;D; ; ; ; ; ; ; ; ; ; 
TRACK;1.5.17-16;-16.47497276;-71.49877051;-1950482.245;2841583.441;D;False; ; ;0; ; ; ; ; ; 
TRACK;1.5.17-16;-16.47457392;-71.49826701;-1950441.772;2841645.752;D;False; ; ;0; ; ; ; ; ; 
TRACK;1.5.17-16;-16.4747065;-71.49812116;-1950459.195;2841660.543;D;False; ; ;0; ; ; ; ; ; 
TRACK;1.5.17-16;-16.47475447;-71.49811207;-1950464.945;2841660.944;D;False; ; ;0; ; ; ; ; ; 
TRACK;1.5.17-16;-16.47525811;-71.49829854;-1950521.748;2841633.191;D;False; ; ;0; ; ; ; ; ; 
TRACK;1.5.17-16;-16.47534629;-71.49814531;-1950534.049;2841649.402;D;False; ; ;0; ; ; ; ; ; 
TRACK;1.5.17-16;-16.47470869;-71.49790744;-1950462.161;2841684.74;D;False; ; ;0; ; ; ; ; ; 
TRACK;1.5.17-16;-16.47433968;-71.49826517;-1950414.277;2841649.037;D;False; ; ;0; ; ; ; ; ; 
TRACK;1.5.17-16;-16.47465963;-71.49864451;-1950447.056;2841601.837;D;False; ; ;0; ; ; ; ; ; 
TRACK;1.5.17-16;-16.47487615;-71.49892915;-1950468.885;2841566.728;D;False; ; ;0; ; ; ; ; ; 
TRACK;1.5.17-17; ; ;-1.516416327;20763369.87;D; ; ; ; ; ; ; ; ; ; 
TRACK;1.5.17-17;-16.4752298;-71.49834626;-1950517.818;2841628.154;D;False; ; ;0; ; ; ; ; ; 
TRACK;1.5.17-17;-16.47473702;-71.49816436;-1950462.233;2841655.245;D;False; ; ;0; ; ; ; ; ; 
TRACK;1.5.17-17;-16.47464125;-71.49826911;-1950449.655;2841644.63;D;False; ; ;0; ; ; ; ; ; 
TRACK;1.5.17-17;-16.47500122;-71.49872007;-1950486.227;2841588.784;D;False; ; ;0; ; ; ; ; ; 
TRACK;1.5.17-18; ; ;-1.516416327;20763369.87;D; ; ; ; ; ; ; ; ; ; 
TRACK;1.5.17-18;-16.47548513;-71.49790392;-1950553.42;2841674.94;D;False; ; ;0; ; ; ; ; ; 
TRACK;1.5.17-18;-16.47493842;-71.49768378;-1950491.983;2841707.075;D;False; ; ;0; ; ; ; ; ; 
TRACK;1.5.17-18;-16.47422996;-71.49736899;-1950412.745;2841752.063;D;False; ; ;0; ; ; ; ; ; 
TRACK;1.5.17-18;-16.47420639;-71.49739246;-1950409.679;2841749.712;D;False; ; ;0; ; ; ; ; ; 
TRACK;1.5.17-18;-16.47395178;-71.49727715;-1950381.229;2841766.127;D;False; ; ;0; ; ; ; ; ; 
TRACK;1.5.17-18;-16.47318031;-71.49789143;-1950282.814;2841706.63;D;False; ; ;0; ; ; ; ; ; 
TRACK;1.5.17-18;-16.4734367;-71.49812657;-1950309.955;2841676.609;D;False; ; ;0; ; ; ; ; ; 
TRACK;1.5.17-18;-16.47368896;-71.49827936;-1950337.653;2841655.976;D;False; ; ;0; ; ; ; ; ; 
TRACK;1.5.17-18;-16.47386004;-71.4985306;-1950354.567;2841625.25;D;False; ; ;0; ; ; ; ; ; 
TRACK;1.5.17-18;-16.47430687;-71.498261;-1950410.476;2841649.941;D;False; ; ;0; ; ; ; ; ; 
TRACK;1.5.17-18;-16.47470469;-71.4978925;-1950461.881;2841686.486;D;False; ; ;0; ; ; ; ; ; 
TRACK;1.5.17-18;-16.47534974;-71.49813721;-1950534.557;2841650.274;D;False; ; ;0; ; ; ; ; ; 
TRACK;1.5.17-26; ; ;-1.516416327;20763369.87;D; ; ; ; ; ; ; ; ; ; 
TRACK;1.5.17-26;-16.47353586;-71.49933379;-1950306.305;2841538.465;D;False; ; ;0; ; ; ; ; ; 
TRACK;1.5.17-26;-16.47346984;-71.49931867;-1950298.74;2841541.046;D;False; ; ;0; ; ; ; ; ; 
TRACK;1.5.17-26;-16.47334362;-71.49925723;-1950284.691;2841549.668;D;False; ; ;0; ; ; ; ; ; 
TRACK;1.5.17-26;-16.473223;-71.49916381;-1950271.705;2841561.841;D;False; ; ;0; ; ; ; ; ; 
TRACK;1.5.17-26;-16.47308513;-71.49900616;-1950257.506;2841581.523;D;False; ; ;0; ; ; ; ; ; 
TRACK;1.5.17-26;-16.47292919;-71.49878216;-1950242.025;2841608.962;D;False; ; ;0; ; ; ; ; ; 
TRACK;1.5.17-26;-16.47299974;-71.498564;-1950253.078;2841632.764;D;False; ; ;0; ; ; ; ; ; 
TRACK;1.5.17-26;-16.47164873;-71.49749978;-1950107.851;2841771.141;D;False; ; ;0; ; ; ; ; ; 
TRACK;1.5.17-26;-16.47149206;-71.49761287;-1950088.013;2841760.379;D;False; ; ;0; ; ; ; ; ; 
TRACK;1.5.17-26;-16.47109297;-71.49762832;-1950040.933;2841763.87;D;False; ; ;0; ; ; ; ; ; 
TRACK;1.5.17-26;-16.47095597;-71.49812001;-1950018.609;2841709.933;D;False; ; ;0; ; ; ; ; ; 
TRACK;1.5.17-26;-16.47049115;-71.49814501;-1949963.685;2841713.204;D;False; ; ;0; ; ; ; ; ; 
TRACK;1.5.17-26;-16.4702073;-71.49866149;-1949923.795;2841658.386;D;False; ; ;0; ; ; ; ; ; 
TRACK;1.5.17-26;-16.47142669;-71.50020967;-1950047.428;2841466.881;D;False; ; ;0; ; ; ; ; ; 
TRACK;1.5.17-26;-16.47209401;-71.50023394;-1950125.515;2841455.367;D;False; ; ;0; ; ; ; ; ; 
TRACK;1.5.17-26;-16.47224895;-71.50034897;-1950142.258;2841440.293;D;False; ; ;0; ; ; ; ; ; 
TRACK;1.5.17-26;-16.47353577;-71.50103155;-1950284.78;2841346.023;D;False; ; ;0; ; ; ; ; ; 
TRACK;1.5.17-26;-16.47397631;-71.50006559;-1950348.773;2841449.729;D;False; ; ;0; ; ; ; ; ; 
TRACK;1.5.17-27; ; ;-1.516416327;20763369.87;D; ; ; ; ; ; ; ; ; ; 
TRACK;1.5.17-27;-16.47202457;-71.49689786;-1950159.633;2841834.436;D;False; ; ;0; ; ; ; ; ; 
TRACK;1.5.17-27;-16.47214066;-71.49649828;-1950178.335;2841878.205;D;False; ; ;0; ; ; ; ; ; 
TRACK;1.5.17-27;-16.47099793;-71.49603666;-1950049.938;2841945.541;D;False; ; ;0; ; ; ; ; ; 
TRACK;1.5.17-27;-16.4709334;-71.49617546;-1950040.598;2841930.655;D;False; ; ;0; ; ; ; ; ; 
TRACK;1.5.17-27;-16.47024814;-71.49674076;-1949952.932;2841875.574;D;False; ; ;0; ; ; ; ; ; 
TRACK;1.5.17-27;-16.46988978;-71.49706576;-1949906.714;2841843.441;D;False; ; ;0; ; ; ; ; ; 
TRACK;1.5.17-27;-16.47022073;-71.49767747;-1949937.841;2841769.753;D;False; ; ;0; ; ; ; ; ; 
TRACK;1.5.17-27;-16.47074284;-71.49728727;-1950004.122;2841807.128;D;False; ; ;0; ; ; ; ; ; 
TRACK;1.5.17-27;-16.47103896;-71.49761246;-1950034.79;2841766.377;D;False; ; ;0; ; ; ; ; ; 
TRACK;1.5.17-27;-16.47140254;-71.49735129;-1950080.812;2841791.207;D;False; ; ;0; ; ; ; ; ; 
TRACK;1.5.17-27;-16.4715822;-71.49745254;-1950100.634;2841777.37;D;False; ; ;0; ; ; ; ; ; 
TRACK;1.5.17-27;-16.47167381;-71.49662856;-1950121.839;2841869.569;D;False; ; ;0; ; ; ; ; ; 
TRACK;1.5.17-28; ; ;-1.516416327;20763369.87;D; ; ; ; ; ; ; ; ; ; 
TRACK;1.5.17-28;-16.46955048;-71.49710346;-1949866.375;2841843.623;D;False; ; ;0; ; ; ; ; ; 
TRACK;1.5.17-28;-16.46937411;-71.49748355;-1949840.84;2841802.853;D;False; ; ;0; ; ; ; ; ; 
TRACK;1.5.17-28;-16.46919325;-71.49776698;-1949816.001;2841773.1;D;False; ; ;0; ; ; ; ; ; 
TRACK;1.5.17-28;-16.46914487;-71.49776513;-1949810.341;2841773.944;D;False; ; ;0; ; ; ; ; ; 
TRACK;1.5.17-28;-16.46903961;-71.49773166;-1949798.4;2841779.121;D;False; ; ;0; ; ; ; ; ; 
TRACK;1.5.17-28;-16.46896002;-71.49770239;-1949789.42;2841783.484;D;False; ; ;0; ; ; ; ; ; 
TRACK;1.5.17-28;-16.46891133;-71.49749281;-1949786.356;2841807.88;D;False; ; ;0; ; ; ; ; ; 
TRACK;1.5.17-28;-16.46888178;-71.49748099;-1949783.034;2841809.608;D;False; ; ;0; ; ; ; ; ; 
TRACK;1.5.17-28;-16.46884197;-71.4979571;-1949772.325;2841756.161;D;False; ; ;0; ; ; ; ; ; 
TRACK;1.5.17-28;-16.46898889;-71.49828643;-1949785.411;2841716.901;D;False; ; ;0; ; ; ; ; ; 
TRACK;1.5.17-28;-16.46909266;-71.49822287;-1949798.407;2841722.742;D;False; ; ;0; ; ; ; ; ; 
TRACK;1.5.17-28;-16.46924386;-71.49804442;-1949818.432;2841740.985;D;False; ; ;0; ; ; ; ; ; 
TRACK;1.5.17-28;-16.4693756;-71.4978652;-1949836.179;2841759.571;D;False; ; ;0; ; ; ; ; ; 
TRACK;1.5.17-28;-16.469484;-71.49764551;-1949851.697;2841783.051;D;False; ; ;0; ; ; ; ; ; 
TRACK;1.5.17-28;-16.46959403;-71.49735502;-1949868.304;2841814.535;D;False; ; ;0; ; ; ; ; ; 
TRACK;1.5.17-28;-16.46970141;-71.49713161;-1949883.749;2841838.449;D;False; ; ;0; ; ; ; ; ; 
TRACK;1.5.17-28;-16.47066726;-71.49632106;-1950007.488;2841917.646;D;False; ; ;0; ; ; ; ; ; 
TRACK;1.5.17-28;-16.47087183;-71.49595515;-1950036.158;2841956.437;D;False; ; ;0; ; ; ; ; ; 
TRACK;1.5.17-28;-16.47038604;-71.49578324;-1949981.267;2841982.304;D;False; ; ;0; ; ; ; ; ; 
TRACK;1.5.17-28;-16.46997417;-71.49557173;-1949935.56;2842011.69;D;False; ; ;0; ; ; ; ; ; 
TRACK;1.5.17-28;-16.46964799;-71.49676547;-1949882.114;2841880.655;D;False; ; ;0; ; ; ; ; ; 
TRACK;1.5.17-34; ; ;-1.516416327;20763369.87;D; ; ; ; ; ; ; ; ; ; 
TRACK;1.5.17-34;-16.46915943;-71.49593291;-1949835.268;2841981.448;D;False; ; ;0; ; ; ; ; ; 
TRACK;1.5.17-34;-16.469149;-71.49574896;-1949836.374;2842002.437;D;False; ; ;0; ; ; ; ; ; 
TRACK;1.5.17-34;-16.46895664;-71.495277;-1949819.757;2842058.464;D;False; ; ;0; ; ; ; ; ; 
TRACK;1.5.17-34;-16.46896734;-71.49520961;-1949821.868;2842065.963;D;False; ; ;0; ; ; ; ; ; 
TRACK;1.5.17-34;-16.46889328;-71.49511489;-1949814.367;2842077.673;D;False; ; ;0; ; ; ; ; ; 
TRACK;1.5.17-34;-16.46896122;-71.49494447;-1949824.509;2842096.099;D;False; ; ;0; ; ; ; ; ; 
TRACK;1.5.17-34;-16.46878136;-71.49484261;-1949804.669;2842110.008;D;False; ; ;0; ; ; ; ; ; 
TRACK;1.5.17-34;-16.46874723;-71.49508151;-1949797.633;2842083.375;D;False; ; ;0; ; ; ; ; ; 
TRACK;1.5.17-34;-16.46900802;-71.49585454;-1949818.474;2841992.32;D;False; ; ;0; ; ; ; ; ; 
TRACK;1.5.17-34;-16.46907094;-71.49653291;-1949817.27;2841914.596;D;False; ; ;0; ; ; ; ; ; 
TRACK;1.5.17-34;-16.46910503;-71.4970024;-1949815.325;2841860.928;D;False; ; ;0; ; ; ; ; ; 
TRACK;1.5.17-34;-16.46920524;-71.49697822;-1949827.404;2841862.353;D;False; ; ;0; ; ; ; ; ; 
TRACK;1.5.17-34;-16.46927036;-71.496932;-1949835.639;2841866.737;D;False; ; ;0; ; ; ; ; ; 
TRACK;1.5.17-34;-16.46922907;-71.4966979;-1949833.756;2841893.817;D;False; ; ;0; ; ; ; ; ; 
TRACK;1.5.17-34;-16.46922313;-71.49649186;-1949835.668;2841917.251;D;False; ; ;0; ; ; ; ; ; 
TRACK;1.5.17-34;-16.46918367;-71.49615506;-1949835.301;2841955.948;D;False; ; ;0; ; ; ; ; ; 
TRACK;1.5.17-35; ; ;-1.516416327;20763369.87;D; ; ; ; ; ; ; ; ; ; 
TRACK;1.5.17-35;-16.46894814;-71.49579507;-1949812.193;2841999.848;D;False; ; ;0; ; ; ; ; ; 
TRACK;1.5.17-35;-16.46869585;-71.49511782;-1949791.136;2842079.934;D;False; ; ;0; ; ; ; ; ; 
TRACK;1.5.17-35;-16.46872702;-71.49481618;-1949798.621;2842113.717;D;False; ; ;0; ; ; ; ; ; 
TRACK;1.5.17-35;-16.46857733;-71.494723;-1949782.216;2842126.246;D;False; ; ;0; ; ; ; ; ; 
TRACK;1.5.17-35;-16.46809729;-71.49458565;-1949727.562;2842148.12;D;False; ; ;0; ; ; ; ; ; 
TRACK;1.5.17-35;-16.46811233;-71.49494785;-1949724.738;2842106.864;D;False; ; ;0; ; ; ; ; ; 
TRACK;1.5.17-35;-16.46846375;-71.49491931;-1949766.385;2842105.485;D;False; ; ;0; ; ; ; ; ; 
TRACK;1.5.17-35;-16.46848478;-71.49585091;-1949757.05;2841999.603;D;False; ; ;0; ; ; ; ; ; 
TRACK;1.5.17-35;-16.46810334;-71.49591296;-1949711.453;2841997.578;D;False; ; ;0; ; ; ; ; ; 
TRACK;1.5.17-35;-16.46805484;-71.49624533;-1949701.543;2841960.539;D;False; ; ;0; ; ; ; ; ; 
TRACK;1.5.17-35;-16.46898062;-71.49610585;-1949812.071;2841964.193;D;False; ; ;0; ; ; ; ; ; 
TRACK;1.5.17-36; ; ;-1.516416327;20763369.87;D; ; ; ; ; ; ; ; ; ; 
TRACK;1.5.17-36;-16.4684264;-71.4949629;-1949761.445;2842101.034;D;False; ; ;0; ; ; ; ; ; 
TRACK;1.5.17-36;-16.46810933;-71.49499133;-1949723.835;2842101.975;D;False; ; ;0; ; ; ; ; ; 
TRACK;1.5.17-36;-16.46814707;-71.49540895;-1949722.977;2842054.138;D;False; ; ;0; ; ; ; ; ; 
TRACK;1.5.17-36;-16.4681181;-71.49587116;-1949713.716;2842002.123;D;False; ; ;0; ; ; ; ; ; 
TRACK;1.5.17-36;-16.46842641;-71.49582502;-1949750.521;2842003.305;D;False; ; ;0; ; ; ; ; ; 
TRACK;1.5.17-37; ; ;-1.516416327;20763369.87;D; ; ; ; ; ; ; ; ; ; 
TRACK;1.5.17-37;-16.46856054;-71.49747798;-1949745.333;2841814.168;D;False; ; ;0; ; ; ; ; ; 
TRACK;1.5.17-37;-16.46879025;-71.49744876;-1949772.69;2841814.464;D;False; ; ;0; ; ; ; ; ; 
TRACK;1.5.17-37;-16.46900407;-71.49742955;-1949798.053;2841813.834;D;False; ; ;0; ; ; ; ; ; 
TRACK;1.5.17-37;-16.46911325;-71.49741724;-1949811.035;2841813.796;D;False; ; ;0; ; ; ; ; ; 
TRACK;1.5.17-37;-16.46915071;-71.49738021;-1949815.904;2841817.501;D;False; ; ;0; ; ; ; ; ; 
TRACK;1.5.17-37;-16.46917987;-71.49725898;-1949820.866;2841830.861;D;False; ; ;0; ; ; ; ; ; 
TRACK;1.5.17-37;-16.46924268;-71.49710891;-1949830.146;2841847.047;D;False; ; ;0; ; ; ; ; ; 
TRACK;1.5.17-37;-16.46921926;-71.49698787;-1949828.929;2841861.075;D;False; ; ;0; ; ; ; ; ; 
TRACK;1.5.17-37;-16.46904815;-71.49701017;-1949808.544;2841860.795;D;False; ; ;0; ; ; ; ; ; 
TRACK;1.5.17-37;-16.46902894;-71.49686926;-1949808.073;2841877.019;D;False; ; ;0; ; ; ; ; ; 
TRACK;1.5.17-37;-16.46898186;-71.4961699;-1949811.405;2841956.916;D;False; ; ;0; ; ; ; ; ; 
TRACK;1.5.17-37;-16.46804958;-71.49631917;-1949699.99;2841952.237;D;False; ; ;0; ; ; ; ; ; 
TRACK;1.5.17-37;-16.467924;-71.49723933;-1949673.578;2841849.579;D;False; ; ;0; ; ; ; ; ; 
TRACK;1.5.17-37;-16.46835601;-71.4974264;-1949721.959;2841822.701;D;False; ; ;0; ; ; ; ; ; 
TRACK;1.5.17-38; ; ;-1.516416327;20763369.87;D; ; ; ; ; ; ; ; ; ; 
TRACK;1.5.17-38;-16.467976;-71.49964243;-1949649.241;2841576.489;D;False; ; ;0; ; ; ; ; ; 
TRACK;1.5.17-38;-16.46799576;-71.49943055;-1949654.246;2841600.247;D;False; ; ;0; ; ; ; ; ; 
TRACK;1.5.17-38;-16.46810857;-71.49919745;-1949670.451;2841625.189;D;False; ; ;0; ; ; ; ; ; 
TRACK;1.5.17-38;-16.46846586;-71.49889905;-1949716.205;2841654.324;D;False; ; ;0; ; ; ; ; ; 
TRACK;1.5.17-38;-16.46853696;-71.49870542;-1949727.011;2841675.339;D;False; ; ;0; ; ; ; ; ; 
TRACK;1.5.17-38;-16.46862246;-71.49854737;-1949739.058;2841692.132;D;False; ; ;0; ; ; ; ; ; 
TRACK;1.5.17-38;-16.46895624;-71.49829545;-1949781.462;2841716.306;D;False; ; ;0; ; ; ; ; ; 
TRACK;1.5.17-38;-16.46882306;-71.49796953;-1949769.946;2841755;D;False; ; ;0; ; ; ; ; ; 
TRACK;1.5.17-38;-16.46885343;-71.49750059;-1949779.455;2841807.758;D;False; ; ;0; ; ; ; ; ; 
TRACK;1.5.17-38;-16.46862998;-71.49753392;-1949752.782;2841806.915;D;False; ; ;0; ; ; ; ; ; 
TRACK;1.5.17-38;-16.46849073;-71.49752898;-1949736.486;2841809.304;D;False; ; ;0; ; ; ; ; ; 
TRACK;1.5.17-38;-16.46825482;-71.49742566;-1949710.081;2841824.114;D;False; ; ;0; ; ; ; ; ; 
TRACK;1.5.17-38;-16.46791889;-71.49726522;-1949672.649;2841846.712;D;False; ; ;0; ; ; ; ; ; 
TRACK;1.5.17-38;-16.46768413;-71.49882954;-1949625.25;2841672.468;D;False; ; ;0; ; ; ; ; ; 
TRACK;1.5.17-38;-16.46740515;-71.50044436;-1949572.02;2841493.079;D;False; ; ;0; ; ; ; ; ; 
TRACK;1.5.17-38;-16.46814791;-71.50057684;-1949657.598;2841468.311;D;False; ; ;0; ; ; ; ; ; 
TRACK;1.5.17-38;-16.46821868;-71.50008875;-1949672.095;2841522.71;D;False; ; ;0; ; ; ; ; ; 
TRACK;1.5.17-39; ; ;-1.516416327;20763369.87;D; ; ; ; ; ; ; ; ; ; 
TRACK;1.5.17-39;-16.46781446;-71.50205386;-1949599.716;2841305.261;D;False; ; ;0; ; ; ; ; ; 
TRACK;1.5.17-39;-16.46782401;-71.50176737;-1949604.467;2841337.611;D;False; ; ;0; ; ; ; ; ; 
TRACK;1.5.17-39;-16.4677759;-71.50163208;-1949600.528;2841353.578;D;False; ; ;0; ; ; ; ; ; 
TRACK;1.5.17-39;-16.46775636;-71.50155318;-1949599.232;2841362.778;D;False; ; ;0; ; ; ; ; ; 
TRACK;1.5.17-39;-16.46781208;-71.5013988;-1949607.734;2841379.546;D;False; ; ;0; ; ; ; ; ; 
TRACK;1.5.17-39;-16.46791038;-71.50124537;-1949621.225;2841395.648;D;False; ; ;0; ; ; ; ; ; 
TRACK;1.5.17-39;-16.46803711;-71.50107724;-1949638.242;2841413.043;D;False; ; ;0; ; ; ; ; ; 
TRACK;1.5.17-39;-16.46811552;-71.50064839;-1949652.887;2841460.625;D;False; ; ;0; ; ; ; ; ; 
TRACK;1.5.17-39;-16.4674046;-71.50052685;-1949570.91;2841483.737;D;False; ; ;0; ; ; ; ; ; 
TRACK;1.5.17-39;-16.46708411;-71.5015509;-1949520.289;2841371.862;D;False; ; ;0; ; ; ; ; ; 
TRACK;1.5.17-39;-16.46637892;-71.50366561;-1949410.661;2841141.405;D;False; ; ;0; ; ; ; ; ; 
TRACK;1.5.17-39;-16.46634216;-71.50390687;-1949403.288;2841114.539;D;False; ; ;0; ; ; ; ; ; 
TRACK;1.5.17-39;-16.4669206;-71.50402746;-1949469.712;2841093.278;D;False; ; ;0; ; ; ; ; ; 
TRACK;1.5.17-39;-16.46760416;-71.5043329;-1949546.145;2841049.683;D;False; ; ;0; ; ; ; ; ; 
TRACK;1.5.17-39;-16.46766886;-71.5020615;-1949582.514;2841306.306;D;False; ; ;0; ; ; ; ; ; 
TRACK;1.5.17-40; ; ;-1.516416327;20763369.87;D; ; ; ; ; ; ; ; ; ; 
TRACK;1.5.17-40;-16.46692018;-71.50405398;-1949469.327;2841090.277;D;False; ; ;0; ; ; ; ; ; 
TRACK;1.5.17-40;-16.4663423;-71.50392754;-1949403.042;2841112.194;D;False; ; ;0; ; ; ; ; ; 
TRACK;1.5.17-40;-16.46631168;-71.50449976;-1949392.199;2841047.732;D;False; ; ;0; ; ; ; ; ; 
TRACK;1.5.17-40;-16.46752462;-71.50463404;-1949532.987;2841016.592;D;False; ; ;0; ; ; ; ; ; 
TRACK;1.5.17-40;-16.46759298;-71.5043443;-1949544.686;2841048.538;D;False; ; ;0; ; ; ; ; ; 
TRACK;1.5.17-41; ; ;-1.516416327;20763369.87;D; ; ; ; ; ; ; ; ; ; 
TRACK;1.5.17-41;-16.46876595;-71.50383364;-1949688.948;2841091.026;D;False; ; ;0; ; ; ; ; ; 
TRACK;1.5.17-41;-16.46876892;-71.50362039;-1949691.998;2841115.16;D;False; ; ;0; ; ; ; ; ; 
TRACK;1.5.17-41;-16.46868777;-71.50353234;-1949683.58;2841126.206;D;False; ; ;0; ; ; ; ; ; 
TRACK;1.5.17-41;-16.46851622;-71.50318617;-1949667.813;2841167.697;D;False; ; ;0; ; ; ; ; ; 
TRACK;1.5.17-41;-16.46842552;-71.50281618;-1949661.844;2841210.828;D;False; ; ;0; ; ; ; ; ; 
TRACK;1.5.17-41;-16.4684288;-71.50263857;-1949664.479;2841230.917;D;False; ; ;0; ; ; ; ; ; 
TRACK;1.5.17-41;-16.46831695;-71.50242512;-1949654.043;2841256.581;D;False; ; ;0; ; ; ; ; ; 
TRACK;1.5.17-41;-16.46826446;-71.50223464;-1949650.29;2841278.861;D;False; ; ;0; ; ; ; ; ; 
TRACK;1.5.17-41;-16.46833224;-71.50198719;-1949661.387;2841306.021;D;False; ; ;0; ; ; ; ; ; 
TRACK;1.5.17-41;-16.46831082;-71.50138675;-1949666.476;2841374.365;D;False; ; ;0; ; ; ; ; ; 
TRACK;1.5.17-41;-16.46830467;-71.50108351;-1949669.595;2841408.82;D;False; ; ;0; ; ; ; ; ; 
TRACK;1.5.17-41;-16.46825823;-71.50067522;-1949669.311;2841455.711;D;False; ; ;0; ; ; ; ; ; 
TRACK;1.5.17-41;-16.46813769;-71.50064997;-1949655.471;2841460.155;D;False; ; ;0; ; ; ; ; ; 
TRACK;1.5.17-41;-16.46804946;-71.50108873;-1949639.548;2841411.578;D;False; ; ;0; ; ; ; ; ; 
TRACK;1.5.17-41;-16.46789043;-71.50133311;-1949617.77;2841385.964;D;False; ; ;0; ; ; ; ; ; 
TRACK;1.5.17-41;-16.46778869;-71.50155978;-1949602.947;2841361.606;D;False; ; ;0; ; ; ; ; ; 
TRACK;1.5.17-41;-16.46784868;-71.50174785;-1949607.612;2841339.5;D;False; ; ;0; ; ; ; ; ; 
TRACK;1.5.17-41;-16.46784168;-71.50207058;-1949602.701;2841303.008;D;False; ; ;0; ; ; ; ; ; 
TRACK;1.5.17-41;-16.46769868;-71.50207552;-1949585.84;2841304.326;D;False; ; ;0; ; ; ; ; ; 
TRACK;1.5.17-41;-16.46770894;-71.50258277;-1949580.621;2841246.692;D;False; ; ;0; ; ; ; ; ; 
TRACK;1.5.17-41;-16.46772169;-71.50312551;-1949575.243;2841185.002;D;False; ; ;0; ; ; ; ; ; 
TRACK;1.5.17-41;-16.46769617;-71.50410485;-1949559.841;2841074.326;D;False; ; ;0; ; ; ; ; ; 
TRACK;1.5.17-41;-16.46766413;-71.50448201;-1949551.3;2841031.994;D;False; ; ;0; ; ; ; ; ; 
TRACK;1.5.17-41;-16.46758658;-71.50463918;-1949540.2;2841015.196;D;False; ; ;0; ; ; ; ; ; 
TRACK;1.5.17-41;-16.46885684;-71.50479418;-1949687.459;2840980.953;D;False; ; ;0; ; ; ; ; ; 
TRACK;1.5.17-42; ; ;-1.516416327;20763369.87;D; ; ; ; ; ; ; ; ; ; 
TRACK;1.5.17-42;-16.47107185;-71.50343188;-1949964.92;2841106.296;D;False; ; ;0; ; ; ; ; ; 
TRACK;1.5.17-42;-16.47077991;-71.50253654;-1949941.967;2841211.616;D;False; ; ;0; ; ; ; ; ; 
TRACK;1.5.17-42;-16.47070919;-71.50228823;-1949936.805;2841240.691;D;False; ; ;0; ; ; ; ; ; 
TRACK;1.5.17-42;-16.47041923;-71.50135386;-1949914.579;2841350.411;D;False; ; ;0; ; ; ; ; ; 
TRACK;1.5.17-42;-16.47015508;-71.50072615;-1949891.501;2841425.034;D;False; ; ;0; ; ; ; ; ; 
TRACK;1.5.17-42;-16.46839175;-71.50142875;-1949675.452;2841368.542;D;False; ; ;0; ; ; ; ; ; 
TRACK;1.5.17-42;-16.46839175;-71.50180642;-1949670.668;2841325.731;D;False; ; ;0; ; ; ; ; ; 
TRACK;1.5.17-42;-16.46838394;-71.5020132;-1949667.131;2841302.394;D;False; ; ;0; ; ; ; ; ; 
TRACK;1.5.17-42;-16.46834476;-71.50218269;-1949660.381;2841283.696;D;False; ; ;0; ; ; ; ; ; 
TRACK;1.5.17-42;-16.46832903;-71.50231683;-1949656.834;2841268.697;D;False; ; ;0; ; ; ; ; ; 
TRACK;1.5.17-42;-16.46839955;-71.50237914;-1949664.329;2841260.709;D;False; ; ;0; ; ; ; ; ; 
TRACK;1.5.17-42;-16.46847709;-71.50248329;-1949672.118;2841247.885;D;False; ; ;0; ; ; ; ; ; 
TRACK;1.5.17-42;-16.4685232;-71.50265265;-1949675.39;2841228.082;D;False; ; ;0; ; ; ; ; ; 
TRACK;1.5.17-42;-16.46850017;-71.50291264;-1949669.392;2841198.913;D;False; ; ;0; ; ; ; ; ; 
TRACK;1.5.17-42;-16.46863715;-71.50326273;-1949681.049;2841157.432;D;False; ; ;0; ; ; ; ; ; 
TRACK;1.5.17-42;-16.46895375;-71.50362191;-1949713.692;2841112.561;D;False; ; ;0; ; ; ; ; ; 
TRACK;1.5.17-42;-16.46910317;-71.50381308;-1949728.823;2841088.931;D;False; ; ;0; ; ; ; ; ; 
TRACK;1.5.17-42;-16.46931098;-71.50404479;-1949750.3;2841059.937;D;False; ; ;0; ; ; ; ; ; 
TRACK;1.5.17-42;-16.46937879;-71.5046038;-1949751.186;2840995.682;D;False; ; ;0; ; ; ; ; ; 
TRACK;1.5.17-42;-16.47196757;-71.50430837;-1950059.04;2840995.185;D;False; ; ;0; ; ; ; ; ; 
TRACK;1.5.17-42;-16.47160569;-71.50392538;-1950021.381;2841043.348;D;False; ; ;0; ; ; ; ; ; 
TRACK;1.5.17-43; ; ;-1.516416327;20763369.87;D; ; ; ; ; ; ; ; ; ; 
TRACK;1.5.17-43;-16.47009035;-71.50050283;-1949886.726;2841451.197;D;False; ; ;0; ; ; ; ; ; 
TRACK;1.5.17-43;-16.46974196;-71.50015332;-1949850.227;2841495.39;D;False; ; ;0; ; ; ; ; ; 
TRACK;1.5.17-43;-16.46930748;-71.49979932;-1949803.67;2841541.223;D;False; ; ;0; ; ; ; ; ; 
TRACK;1.5.17-43;-16.46930268;-71.49979035;-1949803.22;2841542.302;D;False; ; ;0; ; ; ; ; ; 
TRACK;1.5.17-43;-16.46904147;-71.49929743;-1949778.779;2841601.607;D;False; ; ;0; ; ; ; ; ; 
TRACK;1.5.17-43;-16.46883464;-71.49848975;-1949764.715;2841695.878;D;False; ; ;0; ; ; ; ; ; 
TRACK;1.5.17-43;-16.46875481;-71.49847695;-1949755.499;2841698.378;D;False; ; ;0; ; ; ; ; ; 
TRACK;1.5.17-43;-16.46864088;-71.49857183;-1949740.912;2841689.118;D;False; ; ;0; ; ; ; ; ; 
TRACK;1.5.17-43;-16.46855791;-71.49871154;-1949729.395;2841674.37;D;False; ; ;0; ; ; ; ; ; 
TRACK;1.5.17-43;-16.46847357;-71.49893502;-1949716.656;2841650.145;D;False; ; ;0; ; ; ; ; ; 
TRACK;1.5.17-43;-16.46838208;-71.49904081;-1949704.567;2841639.354;D;False; ; ;0; ; ; ; ; ; 
TRACK;1.5.17-43;-16.46827131;-71.4991176;-1949690.581;2841632.104;D;False; ; ;0; ; ; ; ; ; 
TRACK;1.5.17-43;-16.46818219;-71.49917834;-1949679.342;2841626.389;D;False; ; ;0; ; ; ; ; ; 
TRACK;1.5.17-43;-16.46810372;-71.49931553;-1949668.386;2841611.867;D;False; ; ;0; ; ; ; ; ; 
TRACK;1.5.17-43;-16.46803642;-71.49950543;-1949658.073;2841591.225;D;False; ; ;0; ; ; ; ; ; 
TRACK;1.5.17-43;-16.46803642;-71.49966025;-1949656.112;2841573.676;D;False; ; ;0; ; ; ; ; ; 
TRACK;1.5.17-43;-16.46827131;-71.50007027;-1949678.512;2841524.113;D;False; ; ;0; ; ; ; ; ; 
TRACK;1.5.17-43;-16.46824768;-71.5002367;-1949673.628;2841505.558;D;False; ; ;0; ; ; ; ; ; 
TRACK;1.5.17-43;-16.46830067;-71.5006111;-1949675.11;2841462.422;D;False; ; ;0; ; ; ; ; ; 
TRACK;1.5.17-43;-16.46838204;-71.50138538;-1949674.861;2841373.585;D;False; ; ;0; ; ; ; ; ; 
TRACK;1.5.17-43;-16.47016637;-71.50067565;-1949893.467;2841430.61;D;False; ; ;0; ; ; ; ; ; 
TRACK;1.5.18-1; ; ;-1.516416327;20763369.87;D; ; ; ; ; ; ; ; ; ; 
TRACK;1.5.18-1;-16.47272227;-71.50422326;-1950148.776;2840994.924;D;False; ; ;0; ; ; ; ; ; 
TRACK;1.5.18-1;-16.47255603;-71.50396153;-1950132.563;2841026.773;D;False; ; ;0; ; ; ; ; ; 
TRACK;1.5.18-1;-16.4723935;-71.50373347;-1950116.359;2841054.758;D;False; ; ;0; ; ; ; ; ; 
TRACK;1.5.18-1;-16.47215583;-71.50385599;-1950086.887;2841043.99;D;False; ; ;0; ; ; ; ; ; 
TRACK;1.5.18-1;-16.47243271;-71.50426566;-1950114.223;2840993.919;D;False; ; ;0; ; ; ; ; ; 
TRACK;1.5.18-2; ; ;-1.516416327;20763369.87;D; ; ; ; ; ; ; ; ; ; 
TRACK;1.5.18-2;-16.47239532;-71.50426384;-1950109.854;2840994.616;D;False; ; ;0; ; ; ; ; ; 
TRACK;1.5.18-2;-16.47211156;-71.50386504;-1950081.572;2841043.546;D;False; ; ;0; ; ; ; ; ; 
TRACK;1.5.18-2;-16.47185359;-71.50394757;-1950050.221;2841037.578;D;False; ; ;0; ; ; ; ; ; 
TRACK;1.5.18-2;-16.47211497;-71.5043072;-1950076.371;2840993.382;D;False; ; ;0; ; ; ; ; ; 
TRACK;1.5.18-3; ; ;-1.516416327;20763369.87;D; ; ; ; ; ; ; ; ; ; 
TRACK;1.5.18-3;-16.47214175;-71.50474269;-1950073.999;2840943.668;D;False; ; ;0; ; ; ; ; ; 
TRACK;1.5.18-3;-16.47230589;-71.50474483;-1950093.254;2840941.27;D;False; ; ;0; ; ; ; ; ; 
TRACK;1.5.18-3;-16.47240721;-71.5047497;-1950105.095;2840939.388;D;False; ; ;0; ; ; ; ; ; 
TRACK;1.5.18-3;-16.47251036;-71.5047277;-1950117.492;2840940.527;D;False; ; ;0; ; ; ; ; ; 
TRACK;1.5.18-3;-16.47245686;-71.50453776;-1950113.612;2840962.76;D;False; ; ;0; ; ; ; ; ; 
TRACK;1.5.18-3;-16.47221982;-71.50440576;-1950087.44;2840980.834;D;False; ; ;0; ; ; ; ; ; 
TRACK;1.5.18-3;-16.47180492;-71.50441554;-1950038.576;2840985.173;D;False; ; ;0; ; ; ; ; ; 
TRACK;1.5.18-3;-16.47186997;-71.50476814;-1950041.751;2840944.351;D;False; ; ;0; ; ; ; ; ; 
TRACK;1.5.18-4; ; ;-1.516416327;20763369.87;D; ; ; ; ; ; ; ; ; ; 
TRACK;1.5.18-4;-16.47327886;-71.50519013;-1950201.911;2840878.022;D;False; ; ;0; ; ; ; ; ; 
TRACK;1.5.18-4;-16.47328262;-71.5050789;-1950203.761;2840890.58;D;False; ; ;0; ; ; ; ; ; 
TRACK;1.5.18-4;-16.47283298;-71.50502331;-1950151.646;2840902.784;D;False; ; ;0; ; ; ; ; ; 
TRACK;1.5.18-4;-16.47274185;-71.5049475;-1950141.901;2840912.574;D;False; ; ;0; ; ; ; ; ; 
TRACK;1.5.18-4;-16.47263281;-71.50477928;-1950131.223;2840933.073;D;False; ; ;0; ; ; ; ; ; 
TRACK;1.5.18-4;-16.47219727;-71.50479818;-1950079.818;2840936.649;D;False; ; ;0; ; ; ; ; ; 
TRACK;1.5.18-4;-16.47188991;-71.50482569;-1950043.364;2840937.566;D;False; ; ;0; ; ; ; ; ; 
TRACK;1.5.18-4;-16.47193451;-71.50504871;-1950045.778;2840911.701;D;False; ; ;0; ; ; ; ; ; 
TRACK;1.5.18-5; ; ;-1.516416327;20763369.87;D; ; ; ; ; ; ; ; ; ; 
TRACK;1.5.18-5;-16.47188068;-71.50503308;-1950039.652;2840914.179;D;False; ; ;0; ; ; ; ; ; 
TRACK;1.5.18-5;-16.47184614;-71.50483717;-1950038.077;2840936.839;D;False; ; ;0; ; ; ; ; ; 
TRACK;1.5.18-5;-16.47156912;-71.50486496;-1950005.183;2840937.326;D;False; ; ;0; ; ; ; ; ; 
TRACK;1.5.18-5;-16.47161768;-71.50503388;-1950008.748;2840917.542;D;False; ; ;0; ; ; ; ; ; 
TRACK;1.5.18-6; ; ;-1.516416327;20763369.87;D; ; ; ; ; ; ; ; ; ; 
TRACK;1.5.18-6;-16.47183476;-71.50478421;-1950037.411;2840942.992;D;False; ; ;0; ; ; ; ; ; 
TRACK;1.5.18-6;-16.47176875;-71.50442485;-1950034.209;2840984.592;D;False; ; ;0; ; ; ; ; ; 
TRACK;1.5.18-6;-16.47143243;-71.50446406;-1949994.204;2840984.563;D;False; ; ;0; ; ; ; ; ; 
TRACK;1.5.18-6;-16.47155389;-71.50481508;-1950004.025;2840943.18;D;False; ; ;0; ; ; ; ; ; 
TRACK;1.5.18-7; ; ;-1.516416327;20763369.87;D; ; ; ; ; ; ; ; ; ; 
TRACK;1.5.18-7;-16.47066814;-71.50504969;-1949897.002;2840928.215;D;False; ; ;0; ; ; ; ; ; 
TRACK;1.5.18-7;-16.47159252;-71.5050402;-1950005.711;2840917.155;D;False; ; ;0; ; ; ; ; ; 
TRACK;1.5.18-7;-16.4714093;-71.50448052;-1949991.278;2840983.001;D;False; ; ;0; ; ; ; ; ; 
TRACK;1.5.18-7;-16.47098038;-71.50453642;-1949940.183;2840982.295;D;False; ; ;0; ; ; ; ; ; 
TRACK;1.5.18-7;-16.47007917;-71.50461244;-1949833.352;2840985.509;D;False; ; ;0; ; ; ; ; ; 
TRACK;1.5.18-7;-16.46970793;-71.5046524;-1949789.235;2840985.852;D;False; ; ;0; ; ; ; ; ; 
TRACK;1.5.18-7;-16.46938008;-71.50468045;-1949750.366;2840986.977;D;False; ; ;0; ; ; ; ; ; 
TRACK;1.5.18-7;-16.46913741;-71.50483048;-1949719.959;2840973.156;D;False; ; ;0; ; ; ; ; ; 
TRACK;1.5.18-7;-16.46932956;-71.50493512;-1949741.206;2840958.772;D;False; ; ;0; ; ; ; ; ; 
TRACK;1.5.18-7;-16.47003484;-71.50504948;-1949822.609;2840936.552;D;False; ; ;0; ; ; ; ; ; 
TRACK;1.5.22-1; ; ;-1.516416327;20763369.87;D; ; ; ; ; ; ; ; ; ; 
TRACK;1.5.22-1;-16.46889739;-71.50678146;-1949667.054;2840755.16;D;False; ; ;0; ; ; ; ; ; 
TRACK;1.5.22-1;-16.46903921;-71.50493012;-1949707.161;2840963.151;D;False; ; ;0; ; ; ; ; ; 
TRACK;1.5.22-1;-16.46630406;-71.50464112;-1949389.513;2841031.809;D;False; ; ;0; ; ; ; ; ; 
TRACK;1.5.22-1;-16.46618084;-71.50649775;-1949351.527;2840822.97;D;False; ; ;0; ; ; ; ; ; 
TRACK;1.5.22-2; ; ;-1.516416327;20763369.87;D; ; ; ; ; ; ; ; ; ; 
TRACK;1.5.22-2;-16.46594275;-71.50649015;-1949323.655;2840826.957;D;False; ; ;0; ; ; ; ; ; 
TRACK;1.5.22-2;-16.46608404;-71.50460548;-1949364.118;2841038.737;D;False; ; ;0; ; ; ; ; ; 
TRACK;1.5.22-2;-16.46339666;-71.50430193;-1949052.264;2841108.413;D;False; ; ;0; ; ; ; ; ; 
TRACK;1.5.22-2;-16.4632087;-71.50619155;-1949006.258;2840896.68;D;False; ; ;0; ; ; ; ; ; 
TRACK;1.5.22-3; ; ;-1.516416327;20763369.87;D; ; ; ; ; ; ; ; ; ; 
TRACK;1.5.22-3;-16.46309777;-71.50619403;-1948993.195;2840897.854;D;False; ; ;0; ; ; ; ; ; 
TRACK;1.5.22-3;-16.46327028;-71.50432187;-1949037.165;2841107.811;D;False; ; ;0; ; ; ; ; ; 
TRACK;1.5.22-3;-16.460131;-71.50397545;-1948672.764;2841188.271;D;False; ; ;0; ; ; ; ; ; 
TRACK;1.5.22-3;-16.4599448;-71.5058539;-1948627.111;2840977.776;D;False; ; ;0; ; ; ; ; ; 
TRACK;1.5.22-4; ; ;-1.516416327;20763369.87;D; ; ; ; ; ; ; ; ; ; 
TRACK;1.5.22-4;-16.45988124;-71.50396044;-1948643.614;2841193.25;D;False; ; ;0; ; ; ; ; ; 
TRACK;1.5.22-4;-16.45906347;-71.50384439;-1948549.015;2841217.134;D;False; ; ;0; ; ; ; ; ; 
TRACK;1.5.22-4;-16.4583857;-71.5030213;-1948479.814;2841319.332;D;False; ; ;0; ; ; ; ; ; 
TRACK;1.5.22-4;-16.45782299;-71.50240416;-1948421.521;2841396.674;D;False; ; ;0; ; ; ; ; ; 
TRACK;1.5.22-4;-16.45729498;-71.50175719;-1948367.684;2841476.944;D;False; ; ;0; ; ; ; ; ; 
TRACK;1.5.22-4;-16.45719192;-71.5023566;-1948347.988;2841410.345;D;False; ; ;0; ; ; ; ; ; 
TRACK;1.5.22-4;-16.45652736;-71.50309629;-1948260.553;2841335.209;D;False; ; ;0; ; ; ; ; ; 
TRACK;1.5.22-4;-16.45606933;-71.50389167;-1948196.678;2841251.052;D;False; ; ;0; ; ; ; ; ; 
TRACK;1.5.22-4;-16.45610241;-71.50551405;-1948180.029;2841066.703;D;False; ; ;0; ; ; ; ; ; 
TRACK;1.5.22-4;-16.45968954;-71.50582371;-1948597.506;2840984.547;D;False; ; ;0; ; ; ; ; ; 
TRACK;1.5.22-5; ; ;-1.516416327;20763369.87;D; ; ; ; ; ; ; ; ; ; 
TRACK;1.5.22-5;-16.46286689;-71.50834513;-1948938.841;2840657.045;D;False; ; ;0; ; ; ; ; ; 
TRACK;1.5.22-5;-16.4630394;-71.50645208;-1948983.071;2840869.368;D;False; ; ;0; ; ; ; ; ; 
TRACK;1.5.22-5;-16.4599277;-71.50612418;-1948621.68;2840947.362;D;False; ; ;0; ; ; ; ; ; 
TRACK;1.5.22-5;-16.45973782;-71.5080204;-1948575.372;2840734.902;D;False; ; ;0; ; ; ; ; ; 
TRACK;1.5.22-6; ; ;-1.516416327;20763369.87;D; ; ; ; ; ; ; ; ; ; 
TRACK;1.5.22-6;-16.46571745;-71.50864128;-1949269.951;2840586.077;D;False; ; ;0; ; ; ; ; ; 
TRACK;1.5.22-6;-16.46588923;-71.50678739;-1949313.604;2840793.966;D;False; ; ;0; ; ; ; ; ; 
TRACK;1.5.22-6;-16.46317657;-71.50649419;-1948998.652;2840862.795;D;False; ; ;0; ; ; ; ; ; 
TRACK;1.5.22-6;-16.46300535;-71.50836533;-1948954.85;2840652.939;D;False; ; ;0; ; ; ; ; ; 
TRACK;1.5.22-7; ; ;-1.516416327;20763369.87;D; ; ; ; ; ; ; ; ; ; 
TRACK;1.5.22-7;-16.46547177;-71.51073944;-1949214.529;2840351.471;D;False; ; ;0; ; ; ; ; ; 
TRACK;1.5.22-7;-16.46572025;-71.50882795;-1949267.917;2840564.88;D;False; ; ;0; ; ; ; ; ; 
TRACK;1.5.22-7;-16.46301097;-71.50858906;-1948952.678;2840627.505;D;False; ; ;0; ; ; ; ; ; 
TRACK;1.5.22-7;-16.46281612;-71.51043193;-1948906.461;2840421.166;D;False; ; ;0; ; ; ; ; ; 
TRACK;1.5.22-9; ; ;-1.516416327;20763369.87;D; ; ; ; ; ; ; ; ; ; 
TRACK;1.5.22-9;-16.45899164;-71.50983578;-1948464.741;2840538.904;D;False; ; ;0; ; ; ; ; ; 
TRACK;1.5.22-9;-16.45928463;-71.50971304;-1948500.712;2840548.974;D;False; ; ;0; ; ; ; ; ; 
TRACK;1.5.22-9;-16.45941289;-71.50970748;-1948515.849;2840547.922;D;False; ; ;0; ; ; ; ; ; 
TRACK;1.5.22-9;-16.45946925;-71.50971274;-1948522.403;2840546.587;D;False; ; ;0; ; ; ; ; ; 
TRACK;1.5.22-9;-16.45942878;-71.50948254;-1948520.563;2840573.212;D;False; ; ;0; ; ; ; ; ; 
TRACK;1.5.22-9;-16.45944455;-71.50926249;-1948525.2;2840597.949;D;False; ; ;0; ; ; ; ; ; 
TRACK;1.5.22-9;-16.45894493;-71.50922431;-1948466.992;2840608.831;D;False; ; ;0; ; ; ; ; ; 
TRACK;1.5.22-9;-16.45810143;-71.50976335;-1948361.083;2840558.789;D;False; ; ;0; ; ; ; ; ; 
TRACK;1.5.22-9;-16.45834243;-71.5102185;-1948383.634;2840504.034;D;False; ; ;0; ; ; ; ; ; 
TRACK;1.5.22-10; ; ;-1.516416327;20763369.87;D; ; ; ; ; ; ; ; ; ; 
TRACK;1.5.22-10;-16.46016424;-71.51059236;-1948592.913;2840437.763;D;False; ; ;0; ; ; ; ; ; 
TRACK;1.5.22-10;-16.45984517;-71.5102863;-1948559.304;2840476.641;D;False; ; ;0; ; ; ; ; ; 
TRACK;1.5.22-10;-16.45912088;-71.51118117;-1948462.896;2840384.701;D;False; ; ;0; ; ; ; ; ; 
TRACK;1.5.22-10;-16.45945518;-71.51148215;-1948498.358;2840346.199;D;False; ; ;0; ; ; ; ; ; 
TRACK;1.5.22-11; ; ;-1.516416327;20763369.87;D; ; ; ; ; ; ; ; ; ; 
TRACK;1.5.22-11;-16.4684204;-71.51519242;-1949504.531;2839808.051;D;False; ; ;0; ; ; ; ; ; 
TRACK;1.5.22-11;-16.46850778;-71.51406941;-1949529.011;2839934.194;D;False; ; ;0; ; ; ; ; ; 
TRACK;1.5.22-11;-16.46505955;-71.5150532;-1949111.505;2839867.915;D;False; ; ;0; ; ; ; ; ; 
TRACK;1.5.22-11;-16.46528169;-71.51586957;-1949127.268;2839772.468;D;False; ; ;0; ; ; ; ; ; 
TRACK;1.5.22-12; ; ;-1.516416327;20763369.87;D; ; ; ; ; ; ; ; ; ; 
TRACK;1.5.22-12;-16.47030825;-71.51652635;-1949709.404;2839632.093;D;False; ; ;0; ; ; ; ; ; 
TRACK;1.5.22-12;-16.47054856;-71.51434463;-1949765.251;2839876.225;D;False; ; ;0; ; ; ; ; ; 
TRACK;1.5.22-12;-16.46968316;-71.51369691;-1949671.795;2839960.995;D;False; ; ;0; ; ; ; ; ; 
TRACK;1.5.22-12;-16.46872083;-71.51396102;-1949555.41;2839943.684;D;False; ; ;0; ; ; ; ; ; 
TRACK;1.5.22-12;-16.46847992;-71.51655586;-1949494.266;2839652.731;D;False; ; ;0; ; ; ; ; ; 
TRACK;1.5.22-18; ; ;-1.516416327;20763369.87;D; ; ; ; ; ; ; ; ; ; 
TRACK;1.5.22-18;-16.46838293;-71.51370256;-1949518.989;2839977.413;D;False; ; ;0; ; ; ; ; ; 
TRACK;1.5.22-18;-16.46824977;-71.51321629;-1949509.503;2840034.277;D;False; ; ;0; ; ; ; ; ; 
TRACK;1.5.22-18;-16.46825844;-71.51279936;-1949515.799;2840081.422;D;False; ; ;0; ; ; ; ; ; 
TRACK;1.5.22-18;-16.46556307;-71.51251131;-1949202.825;2840149.432;D;False; ; ;0; ; ; ; ; ; 
TRACK;1.5.22-18;-16.4654841;-71.5131152;-1949185.904;2840082.016;D;False; ; ;0; ; ; ; ; ; 
TRACK;1.5.22-18;-16.46548837;-71.51345332;-1949182.126;2840043.635;D;False; ; ;0; ; ; ; ; ; 
TRACK;1.5.22-18;-16.4655253;-71.51386216;-1949181.29;2839996.809;D;False; ; ;0; ; ; ; ; ; 
TRACK;1.5.22-18;-16.46573751;-71.51447162;-1949198.503;2839924.945;D;False; ; ;0; ; ; ; ; ; 
TRACK;1.5.22-20; ; ;-1.516416327;20763369.87;D; ; ; ; ; ; ; ; ; ; 
TRACK;1.5.22-20;-16.46839957;-71.51106121;-1949554.383;2840276.586;D;False; ; ;0; ; ; ; ; ; 
TRACK;1.5.22-20;-16.46863603;-71.5091362;-1949606.534;2840491.68;D;False; ; ;0; ; ; ; ; ; 
TRACK;1.5.22-20;-16.46589088;-71.50885091;-1949287.67;2840560.04;D;False; ; ;0; ; ; ; ; ; 
TRACK;1.5.22-20;-16.465742;-71.51073801;-1949246.291;2840348.087;D;False; ; ;0; ; ; ; ; ; 
TRACK;1.5.22-22; ; ;-1.516416327;20763369.87;D; ; ; ; ; ; ; ; ; ; 
TRACK;1.5.22-22;-16.47416761;-71.51164227;-1950224.588;2840135.031;D;False; ; ;0; ; ; ; ; ; 
TRACK;1.5.22-22;-16.47437122;-71.50976773;-1950272.247;2840344.826;D;False; ; ;0; ; ; ; ; ; 
TRACK;1.5.22-22;-16.47309732;-71.50961707;-1950124.511;2840378.623;D;False; ; ;0; ; ; ; ; ; 
TRACK;1.5.22-22;-16.4724929;-71.50957324;-1950054.066;2840391.525;D;False; ; ;0; ; ; ; ; ; 
TRACK;1.5.22-22;-16.47162552;-71.50941232;-1949954.212;2840421.15;D;False; ; ;0; ; ; ; ; ; 
TRACK;1.5.22-22;-16.47146413;-71.51136696;-1949910.502;2840201.715;D;False; ; ;0; ; ; ; ; ; 
TRACK;1.5.22-28; ; ;-1.516416327;20763369.87;D; ; ; ; ; ; ; ; ; ; 
TRACK;1.5.22-28;-16.46846157;-71.51531132;-1949507.863;2839794.034;D;False; ; ;0; ; ; ; ; ; 
TRACK;1.5.22-28;-16.46489107;-71.51602431;-1949079.424;2839760.052;D;False; ; ;0; ; ; ; ; ; 
TRACK;1.5.22-28;-16.46490051;-71.51671706;-1949071.767;2839681.406;D;False; ; ;0; ; ; ; ; ; 
TRACK;1.5.22-28;-16.46832874;-71.51657042;-1949476.323;2839653.064;D;False; ; ;0; ; ; ; ; ; 
TRACK;1.5.22-30; ; ;-1.516416327;20763369.87;D; ; ; ; ; ; ; ; ; ; 
TRACK;1.5.22-30;-16.47607447;-71.51107587;-1950455.757;2840174.199;D;False; ; ;0; ; ; ; ; ; 
TRACK;1.5.22-30;-16.47563065;-71.51072345;-1950408.086;2840219.968;D;False; ; ;0; ; ; ; ; ; 
TRACK;1.5.22-30;-16.47517034;-71.51032991;-1950358.998;2840270.616;D;False; ; ;0; ; ; ; ; ; 
TRACK;1.5.22-30;-16.47476408;-71.509924;-1950316.417;2840321.957;D;False; ; ;0; ; ; ; ; ; 
TRACK;1.5.22-30;-16.47457416;-71.51175155;-1950270.961;2840117.308;D;False; ; ;0; ; ; ; ; ; 
TRACK;1.5.22-30;-16.47590508;-71.51192421;-1950425.114;2840080.269;D;False; ; ;0; ; ; ; ; ; 
TRACK;1.5.22-41; ; ;-1.516416327;20763369.87;D; ; ; ; ; ; ; ; ; ; 
TRACK;1.5.22-41;-16.45881311;-71.50920756;-1948451.718;2840612.458;D;False; ; ;0; ; ; ; ; ; 
TRACK;1.5.22-41;-16.45875995;-71.5091994;-1948445.578;2840614.08;D;False; ; ;0; ; ; ; ; ; 
TRACK;1.5.22-41;-16.45865141;-71.50916252;-1948433.294;2840619.684;D;False; ; ;0; ; ; ; ; ; 
TRACK;1.5.22-41;-16.45853682;-71.50911596;-1948420.421;2840626.465;D;False; ; ;0; ; ; ; ; ; 
TRACK;1.5.22-41;-16.4584311;-71.50906159;-1948408.691;2840634.015;D;False; ; ;0; ; ; ; ; ; 
TRACK;1.5.22-41;-16.45830049;-71.50898235;-1948394.35;2840644.71;D;False; ; ;0; ; ; ; ; ; 
TRACK;1.5.22-41;-16.45823678;-71.50892042;-1948387.65;2840652.566;D;False; ; ;0; ; ; ; ; ; 
TRACK;1.5.22-41;-16.457291;-71.5094627;-1948269.685;2840603.497;D;False; ; ;0; ; ; ; ; ; 
TRACK;1.5.22-41;-16.45756476;-71.50995521;-1948295.611;2840544.078;D;False; ; ;0; ; ; ; ; ; 
TRACK;1.5.22-41;-16.45879367;-71.50926264;-1948448.738;2840606.469;D;False; ; ;0; ; ; ; ; ; 
TRACK;1.5.22-42; ; ;-1.516416327;20763369.87;D; ; ; ; ; ; ; ; ; ; 
TRACK;1.5.22-42;-16.45941606;-71.5096504;-1948516.944;2840554.351;D;False; ; ;0; ; ; ; ; ; 
TRACK;1.5.22-42;-16.45942774;-71.50928613;-1948522.926;2840595.49;D;False; ; ;0; ; ; ; ; ; 
TRACK;1.5.22-42;-16.45888237;-71.50921523;-1948459.757;2840610.68;D;False; ; ;0; ; ; ; ; ; 
TRACK;1.5.22-42;-16.45889874;-71.50932385;-1948460.306;2840598.153;D;False; ; ;0; ; ; ; ; ; 
TRACK;1.5.22-42;-16.45811932;-71.50977909;-1948362.986;2840556.77;D;False; ; ;0; ; ; ; ; ; 
TRACK;1.5.22-42;-16.45834461;-71.510216;-1948383.922;2840504.289;D;False; ; ;0; ; ; ; ; ; 
TRACK;1.5.22-42;-16.4591905;-71.50972188;-1948489.543;2840549.207;D;False; ; ;0; ; ; ; ; ; 
TRACK;1.5.22-45; ; ;-1.516416327;20763369.87;D; ; ; ; ; ; ; ; ; ; 
TRACK;1.5.22-45;-16.45901758;-71.51125765;-1948449.794;2840377.387;D;False; ; ;0; ; ; ; ; ; 
TRACK;1.5.22-45;-16.45872115;-71.51095445;-1948418.81;2840415.643;D;False; ; ;0; ; ; ; ; ; 
TRACK;1.5.22-45;-16.4583974;-71.51129535;-1948376.464;2840381.246;D;False; ; ;0; ; ; ; ; ; 
TRACK;1.5.22-45;-16.45864289;-71.51155527;-1948402.013;2840348.563;D;False; ; ;0; ; ; ; ; ; 
TRACK;1.5.22-45;-16.45906472;-71.51194401;-1948446.646;2840298.966;D;False; ; ;0; ; ; ; ; ; 
TRACK;1.5.22-45;-16.45937906;-71.51155906;-1948488.443;2840338.479;D;False; ; ;0; ; ; ; ; ; 
TRACK;1.5.22-46; ; ;-1.516416327;20763369.87;D; ; ; ; ; ; ; ; ; ; 
TRACK;1.5.22-46;-16.45983609;-71.51031745;-1948557.844;2840473.228;D;False; ; ;0; ; ; ; ; ; 
TRACK;1.5.22-46;-16.45913006;-71.51119585;-1948463.789;2840382.916;D;False; ; ;0; ; ; ; ; ; 
TRACK;1.5.22-46;-16.45943533;-71.51145454;-1948496.376;2840349.59;D;False; ; ;0; ; ; ; ; ; 
TRACK;1.5.22-46;-16.46013726;-71.51059441;-1948589.717;2840437.884;D;False; ; ;0; ; ; ; ; ; 
TRACK;1.5.22-61; ; ;-1.516416327;20763369.87;D; ; ; ; ; ; ; ; ; ; 
TRACK;1.5.22-61;-16.4627345;-71.51639655;-1948821.39;2839746.14;D;False; ; ;0; ; ; ; ; ; 
TRACK;1.5.22-61;-16.46222993;-71.51569072;-1948771.05;2839832.761;D;False; ; ;0; ; ; ; ; ; 
TRACK;1.5.22-61;-16.46174716;-71.5158352;-1948712.512;2839822.714;D;False; ; ;0; ; ; ; ; ; 
TRACK;1.5.22-61;-16.46205409;-71.51635552;-1948741.982;2839759.712;D;False; ; ;0; ; ; ; ; ; 
TRACK;1.5.22-61;-16.46222729;-71.51662508;-1948758.917;2839726.886;D;False; ; ;0; ; ; ; ; ; 
TRACK;1.5.22-61;-16.46236682;-71.51676842;-1948773.493;2839708.809;D;False; ; ;0; ; ; ; ; ; 
TRACK;1.5.22-61;-16.46260014;-71.51680394;-1948800.452;2839701.724;D;False; ; ;0; ; ; ; ; ; 
TRACK;1.5.22-61;-16.46301587;-71.51679217;-1948849.435;2839697.606;D;False; ; ;0; ; ; ; ; ; 
TRACK;1.5.22-62; ; ;-1.516416327;20763369.87;D; ; ; ; ; ; ; ; ; ; 
TRACK;1.5.22-62;-16.46122159;-71.51441519;-1948668.743;2839990.566;D;False; ; ;0; ; ; ; ; ; 
TRACK;1.5.22-62;-16.46095579;-71.51466015;-1948634.42;2839966.285;D;False; ; ;0; ; ; ; ; ; 
TRACK;1.5.22-62;-16.46166584;-71.51572613;-1948704.34;2839836.145;D;False; ; ;0; ; ; ; ; ; 
TRACK;1.5.22-62;-16.46206283;-71.51562543;-1948752.248;2839842.353;D;False; ; ;0; ; ; ; ; ; 
TRACK;1.5.22-63; ; ;-1.516416327;20763369.87;D; ; ; ; ; ; ; ; ; ; 
TRACK;1.5.22-63;-16.46037575;-71.51397498;-1948574.954;2840051.556;D;False; ; ;0; ; ; ; ; ; 
TRACK;1.5.22-63;-16.46065973;-71.51433445;-1948603.763;2840007.085;D;False; ; ;0; ; ; ; ; ; 
TRACK;1.5.22-63;-16.46095969;-71.51408626;-1948642.139;2840031.285;D;False; ; ;0; ; ; ; ; ; 
TRACK;1.5.22-63;-16.46063565;-71.51371265;-1948608.803;2840077.884;D;False; ; ;0; ; ; ; ; ; 
TRACK;1.5.22-63;-16.46007282;-71.51312831;-1948550.082;2840151.501;D;False; ; ;0; ; ; ; ; ; 
TRACK;1.5.22-63;-16.45980035;-71.51343365;-1948514.211;2840120.463;D;False; ; ;0; ; ; ; ; ; 
TRACK;1.5.22-63;-16.46011018;-71.51370325;-1948547.196;2840085.84;D;False; ; ;0; ; ; ; ; ; 
TRACK;1.5.22-64; ; ;-1.516416327;20763369.87;D; ; ; ; ; ; ; ; ; ; 
TRACK;1.5.22-64;-16.46004933;-71.5131142;-1948547.502;2840153.408;D;False; ; ;0; ; ; ; ; ; 
TRACK;1.5.22-64;-16.45922437;-71.51239966;-1948459.635;2840245.222;D;False; ; ;0; ; ; ; ; ; 
TRACK;1.5.22-64;-16.45896369;-71.51270147;-1948425.194;2840214.43;D;False; ; ;0; ; ; ; ; ; 
TRACK;1.5.22-64;-16.4597767;-71.51341666;-1948511.648;2840122.698;D;False; ; ;0; ; ; ; ; ; 
TRACK;1.5.22-67; ; ;-1.516416327;20763369.87;D; ; ; ; ; ; ; ; ; ; 
TRACK;1.5.22-67;-16.45644215;-71.50669637;-1948204.976;2840928.218;D;False; ; ;0; ; ; ; ; ; 
TRACK;1.5.22-67;-16.45621141;-71.50598973;-1948186.814;2841011.35;D;False; ; ;0; ; ; ; ; ; 
TRACK;1.5.22-67;-16.45616724;-71.50610519;-1948180.163;2840998.84;D;False; ; ;0; ; ; ; ; ; 
TRACK;1.5.22-67;-16.4561316;-71.50624062;-1948174.263;2840983.955;D;False; ; ;0; ; ; ; ; ; 
TRACK;1.5.22-67;-16.45610558;-71.50633124;-1948170.059;2840974.024;D;False; ; ;0; ; ; ; ; ; 
TRACK;1.5.22-67;-16.45606062;-71.50645204;-1948163.248;2840960.919;D;False; ; ;0; ; ; ; ; ; 
TRACK;1.5.22-67;-16.45598388;-71.50662972;-1948151.985;2840941.784;D;False; ; ;0; ; ; ; ; ; 
TRACK;1.5.22-67;-16.45596686;-71.50668775;-1948149.251;2840935.429;D;False; ; ;0; ; ; ; ; ; 
TRACK;1.5.22-67;-16.4559779;-71.50681111;-1948148.987;2840921.3;D;False; ; ;0; ; ; ; ; ; 
TRACK;1.5.22-67;-16.45601904;-71.50690239;-1948152.664;2840910.413;D;False; ; ;0; ; ; ; ; ; 
TRACK;1.5.22-68; ; ;-1.516416327;20763369.87;D; ; ; ; ; ; ; ; ; ; 
TRACK;1.5.22-68;-16.45558917;-71.50720519;-1948098.334;2840881.725;D;False; ; ;0; ; ; ; ; ; 
TRACK;1.5.22-68;-16.45563116;-71.50711236;-1948104.442;2840891.698;D;False; ; ;0; ; ; ; ; ; 
TRACK;1.5.22-68;-16.45597143;-71.50694494;-1948146.532;2840906.214;D;False; ; ;0; ; ; ; ; ; 
TRACK;1.5.22-68;-16.45593833;-71.50684087;-1948143.962;2840918.445;D;False; ; ;0; ; ; ; ; ; 
TRACK;1.5.22-68;-16.45593222;-71.50666061;-1948145.526;2840938.959;D;False; ; ;0; ; ; ; ; ; 
TRACK;1.5.22-68;-16.45597793;-71.50653235;-1948152.518;2840952.899;D;False; ; ;0; ; ; ; ; ; 
TRACK;1.5.22-68;-16.45611069;-71.50618111;-1948172.56;2840990.976;D;False; ; ;0; ; ; ; ; ; 
TRACK;1.5.22-68;-16.4559635;-71.50616842;-1948155.429;2840994.345;D;False; ; ;0; ; ; ; ; ; 
TRACK;1.5.22-68;-16.45588997;-71.50641007;-1948143.732;2840967.915;D;False; ; ;0; ; ; ; ; ; 
TRACK;1.5.22-68;-16.45570212;-71.50656143;-1948119.749;2840953.22;D;False; ; ;0; ; ; ; ; ; 
TRACK;1.5.22-68;-16.45557742;-71.50660965;-1948104.49;2840949.39;D;False; ; ;0; ; ; ; ; ; 
TRACK;1.5.22-68;-16.45548741;-71.50668362;-1948092.98;2840942.185;D;False; ; ;0; ; ; ; ; ; 
TRACK;1.5.22-68;-16.45550857;-71.50694509;-1948092.157;2840912.267;D;False; ; ;0; ; ; ; ; ; 
TRACK;1.5.22-68;-16.45545176;-71.50708564;-1948083.705;2840897.08;D;False; ; ;0; ; ; ; ; ; 
TRACK;1.5.22-68;-16.45539367;-71.50721378;-1948075.259;2840883.314;D;False; ; ;0; ; ; ; ; ; 
TRACK;1.5.22-68;-16.4554459;-71.50731731;-1948080.084;2840870.894;D;False; ; ;0; ; ; ; ; ; 
TRACK;1.5.22-69; ; ;-1.516416327;20763369.87;D; ; ; ; ; ; ; ; ; ; 
TRACK;1.5.22-69;-16.45629069;-71.50771927;-1948174.238;2840814.249;D;False; ; ;0; ; ; ; ; ; 
TRACK;1.5.22-69;-16.45675479;-71.50765112;-1948229.62;2840815.888;D;False; ; ;0; ; ; ; ; ; 
TRACK;1.5.22-69;-16.45647433;-71.50677707;-1948207.735;2840918.648;D;False; ; ;0; ; ; ; ; ; 
TRACK;1.5.22-69;-16.45530493;-71.50742636;-1948062.145;2840860.381;D;False; ; ;0; ; ; ; ; ; 
TRACK;1.5.22-69;-16.45547839;-71.50773419;-1948078.625;2840823.21;D;False; ; ;0; ; ; ; ; ; 
TRACK;1.5.22-70; ; ;-1.516416327;20763369.87;D; ; ; ; ; ; ; ; ; ; 
TRACK;1.5.22-70;-16.45634841;-71.50989226;-1948153.521;2840567.164;D;False; ; ;0; ; ; ; ; ; 
TRACK;1.5.22-70;-16.45667844;-71.51072229;-1948181.788;2840468.746;D;False; ; ;0; ; ; ; ; ; 
TRACK;1.5.22-70;-16.45685582;-71.51064297;-1948203.629;2840475.412;D;False; ; ;0; ; ; ; ; ; 
TRACK;1.5.22-70;-16.45654226;-71.509878;-1948176.473;2840566.238;D;False; ; ;0; ; ; ; ; ; 
TRACK;1.5.22-70;-16.45649196;-71.50978259;-1948171.772;2840577.714;D;False; ; ;0; ; ; ; ; ; 
TRACK;1.5.22-70;-16.45632119;-71.50936868;-1948156.949;2840626.873;D;False; ; ;0; ; ; ; ; ; 
TRACK;1.5.22-70;-16.45620371;-71.50896133;-1948148.303;2840674.591;D;False; ; ;0; ; ; ; ; ; 
TRACK;1.5.22-70;-16.45625415;-71.50850751;-1948159.97;2840725.373;D;False; ; ;0; ; ; ; ; ; 
TRACK;1.5.22-70;-16.4565961;-71.50780461;-1948209.036;2840800.569;D;False; ; ;0; ; ; ; ; ; 
TRACK;1.5.22-70;-16.45615213;-71.50782191;-1948156.663;2840804.431;D;False; ; ;0; ; ; ; ; ; 
TRACK;1.5.22-70;-16.45616731;-71.50789237;-1948157.553;2840796.245;D;False; ; ;0; ; ; ; ; ; 
TRACK;1.5.22-70;-16.45621297;-71.50797748;-1948161.84;2840785.997;D;False; ; ;0; ; ; ; ; ; 
TRACK;1.5.22-70;-16.45604482;-71.50830788;-1948137.906;2840750.749;D;False; ; ;0; ; ; ; ; ; 
TRACK;1.5.22-70;-16.45591874;-71.50855237;-1948120.002;2840724.687;D;False; ; ;0; ; ; ; ; ; 
TRACK;1.5.22-70;-16.4559989;-71.50909862;-1948122.506;2840661.713;D;False; ; ;0; ; ; ; ; ; 
TRACK;1.5.22-71; ; ;-1.516416327;20763369.87;D; ; ; ; ; ; ; ; ; ; 
TRACK;1.5.22-71;-16.45747266;-71.51149261;-1948265.338;2840371.011;D;False; ; ;0; ; ; ; ; ; 
TRACK;1.5.22-71;-16.45702619;-71.51068057;-1948223.166;2840468.915;D;False; ; ;0; ; ; ; ; ; 
TRACK;1.5.22-71;-16.45671686;-71.51077309;-1948185.658;2840462.483;D;False; ; ;0; ; ; ; ; ; 
TRACK;1.5.22-71;-16.45695226;-71.51125391;-1948207.227;2840404.893;D;False; ; ;0; ; ; ; ; ; 
TRACK;1.5.22-71;-16.45735086;-71.51178409;-1948247.343;2840339.568;D;False; ; ;0; ; ; ; ; ; 
TRACK;1.5.22-71;-16.45792383;-71.5122324;-1948308.977;2840281.236;D;False; ; ;0; ; ; ; ; ; 
TRACK;1.5.22-71;-16.45792517;-71.51216087;-1948310.039;2840289.327;D;False; ; ;0; ; ; ; ; ; 
TRACK;1.5.22-72; ; ;-1.516416327;20763369.87;D; ; ; ; ; ; ; ; ; ; 
TRACK;1.5.22-72;-16.45867145;-71.51299734;-1948387.121;2840184.723;D;False; ; ;0; ; ; ; ; ; 
TRACK;1.5.22-72;-16.45886553;-71.51316776;-1948407.763;2840162.861;D;False; ; ;0; ; ; ; ; ; 
TRACK;1.5.22-72;-16.45910131;-71.51331339;-1948433.617;2840143.261;D;False; ; ;0; ; ; ; ; ; 
TRACK;1.5.22-72;-16.4592915;-71.51343849;-1948454.375;2840126.586;D;False; ; ;0; ; ; ; ; ; 
TRACK;1.5.22-72;-16.45950515;-71.51355381;-1948478.014;2840110.713;D;False; ; ;0; ; ; ; ; ; 
TRACK;1.5.22-72;-16.45958504;-71.5135498;-1948487.45;2840110.12;D;False; ; ;0; ; ; ; ; ; 
TRACK;1.5.22-72;-16.45963342;-71.51353471;-1948493.324;2840111.196;D;False; ; ;0; ; ; ; ; ; 
TRACK;1.5.22-72;-16.45965057;-71.51349752;-1948495.808;2840115.187;D;False; ; ;0; ; ; ; ; ; 
TRACK;1.5.22-72;-16.45952808;-71.51340347;-1948482.61;2840127.454;D;False; ; ;0; ; ; ; ; ; 
TRACK;1.5.22-72;-16.45933199;-71.51325214;-1948461.49;2840147.179;D;False; ; ;0; ; ; ; ; ; 
TRACK;1.5.22-72;-16.45901983;-71.51298318;-1948428.225;2840181.76;D;False; ; ;0; ; ; ; ; ; 
TRACK;1.5.22-72;-16.45874569;-71.51274056;-1948399.091;2840212.857;D;False; ; ;0; ; ; ; ; ; 
TRACK;1.5.22-72;-16.45833511;-71.51233634;-1948355.975;2840264.06;D;False; ; ;0; ; ; ; ; ; 
TRACK;1.5.22-72;-16.45775998;-71.51180826;-1948295.095;2840331.463;D;False; ; ;0; ; ; ; ; ; 
TRACK;1.5.22-72;-16.45773689;-71.5118413;-1948291.966;2840328.02;D;False; ; ;0; ; ; ; ; ; 
TRACK;1.5.22-72;-16.45797712;-71.51217919;-1948315.91;2840286.568;D;False; ; ;0; ; ; ; ; ; 
TRACK;1.5.22-73; ; ;-1.516416327;20763369.87;D; ; ; ; ; ; ; ; ; ; 
TRACK;1.5.22-73;-16.46008938;-71.51430688;-1948537.115;2840017.689;D;False; ; ;0; ; ; ; ; ; 
TRACK;1.5.22-73;-16.46024199;-71.51442657;-1948553.527;2840002.121;D;False; ; ;0; ; ; ; ; ; 
TRACK;1.5.22-73;-16.4605444;-71.51469459;-1948585.659;2839967.776;D;False; ; ;0; ; ; ; ; ; 
TRACK;1.5.22-73;-16.46069131;-71.51472126;-1948602.579;2839962.826;D;False; ; ;0; ; ; ; ; ; 
TRACK;1.5.22-73;-16.46075579;-71.5146784;-1948610.696;2839966.838;D;False; ; ;0; ; ; ; ; ; 
TRACK;1.5.22-73;-16.45971047;-71.51352608;-1948502.484;2840111.164;D;False; ; ;0; ; ; ; ; ; 
TRACK;1.5.22-73;-16.4596434;-71.51361515;-1948493.478;2840101.948;D;False; ; ;0; ; ; ; ; ; 
TRACK;1.5.22-73;-16.45984613;-71.51403835;-1948511.938;2840051.318;D;False; ; ;0; ; ; ; ; ; 
TRACK;1.5.22-74; ; ;-1.516416327;20763369.87;D; ; ; ; ; ; ; ; ; ; 
TRACK;1.5.22-74;-16.4608679;-71.51478572;-1948622.507;2839953.203;D;False; ; ;0; ; ; ; ; ; 
TRACK;1.5.22-74;-16.46076123;-71.51483625;-1948609.338;2839948.875;D;False; ; ;0; ; ; ; ; ; 
TRACK;1.5.22-74;-16.46096974;-71.51519015;-1948629.352;2839906.026;D;False; ; ;0; ; ; ; ; ; 
TRACK;1.5.22-74;-16.46109395;-71.51514669;-1948644.493;2839909.323;D;False; ; ;0; ; ; ; ; ; 
TRACK;1.5.22-75; ; ;-1.516416327;20763369.87;D; ; ; ; ; ; ; ; ; ; 
TRACK;1.5.22-75;-16.46120611;-71.51530404;-1948655.677;2839890.017;D;False; ; ;0; ; ; ; ; ; 
TRACK;1.5.22-75;-16.46111243;-71.51522027;-1948645.733;2839900.741;D;False; ; ;0; ; ; ; ; ; 
TRACK;1.5.22-75;-16.46101041;-71.51525629;-1948633.293;2839897.995;D;False; ; ;0; ; ; ; ; ; 
TRACK;1.5.22-75;-16.46133428;-71.51581951;-1948664.211;2839829.907;D;False; ; ;0; ; ; ; ; ; 
TRACK;1.5.22-75;-16.46150339;-71.51576135;-1948684.812;2839834.282;D;False; ; ;0; ; ; ; ; ; 
TRACK;1.5.22-76; ; ;-1.516416327;20763369.87;D; ; ; ; ; ; ; ; ; ; 
TRACK;1.5.22-76;-16.46214371;-71.51675265;-1948747.485;2839713.523;D;False; ; ;0; ; ; ; ; ; 
TRACK;1.5.22-76;-16.46195458;-71.51650336;-1948728.423;2839744.259;D;False; ; ;0; ; ; ; ; ; 
TRACK;1.5.22-76;-16.46193355;-71.51640428;-1948727.206;2839755.766;D;False; ; ;0; ; ; ; ; ; 
TRACK;1.5.22-76;-16.46189776;-71.51632625;-1948723.989;2839765.08;D;False; ; ;0; ; ; ; ; ; 
TRACK;1.5.22-76;-16.46169891;-71.51605517;-1948704.061;2839798.414;D;False; ; ;0; ; ; ; ; ; 
TRACK;1.5.22-76;-16.46156261;-71.51611233;-1948687.328;2839793.722;D;False; ; ;0; ; ; ; ; ; 
TRACK;1.5.22-76;-16.46167326;-71.51626263;-1948698.424;2839775.234;D;False; ; ;0; ; ; ; ; ; 
TRACK;1.5.22-76;-16.4618699;-71.51656508;-1948717.696;2839738.374;D;False; ; ;0; ; ; ; ; ; 
TRACK;1.5.22-76;-16.46213574;-71.51695101;-1948744.039;2839691.143;D;False; ; ;0; ; ; ; ; ; 
TRACK;1.5.22-76;-16.46220032;-71.5168852;-1948752.459;2839697.756;D;False; ; ;0; ; ; ; ; ; 
TRACK;1.5.22-77; ; ;-1.516416327;20763369.87;D; ; ; ; ; ; ; ; ; ; 
TRACK;1.5.22-77;-16.46515131;-71.5172541;-1949094.432;2839617.245;D;False; ; ;0; ; ; ; ; ; 
TRACK;1.5.22-77;-16.46477074;-71.51726558;-1949049.583;2839620.934;D;False; ; ;0; ; ; ; ; ; 
TRACK;1.5.22-77;-16.46478176;-71.5174862;-1949048.085;2839595.784;D;False; ; ;0; ; ; ; ; ; 
TRACK;1.5.22-77;-16.4651582;-71.51755907;-1949091.382;2839582.587;D;False; ; ;0; ; ; ; ; ; 
TRACK;1.5.22-78; ; ;-1.516416327;20763369.87;D; ; ; ; ; ; ; ; ; ; 
TRACK;1.5.22-78;-16.46559154;-71.51724661;-1949146.238;2839612.321;D;False; ; ;0; ; ; ; ; ; 
TRACK;1.5.22-78;-16.46520751;-71.51725319;-1949101.045;2839616.612;D;False; ; ;0; ; ; ; ; ; 
TRACK;1.5.22-78;-16.46520462;-71.51756382;-1949096.774;2839581.44;D;False; ; ;0; ; ; ; ; ; 
TRACK;1.5.22-78;-16.4655675;-71.51763032;-1949138.559;2839569.144;D;False; ; ;0; ; ; ; ; ; 
TRACK;1.5.22-79; ; ;-1.516416327;20763369.87;D; ; ; ; ; ; ; ; ; ; 
TRACK;1.5.22-79;-16.46602832;-71.51722063;-1949197.874;2839609.538;D;False; ; ;0; ; ; ; ; ; 
TRACK;1.5.22-79;-16.46564927;-71.51723317;-1949153.19;2839613.087;D;False; ; ;0; ; ; ; ; ; 
TRACK;1.5.22-79;-16.46564185;-71.5176566;-1949146.96;2839565.19;D;False; ; ;0; ; ; ; ; ; 
TRACK;1.5.22-79;-16.46603174;-71.51773065;-1949191.821;2839551.684;D;False; ; ;0; ; ; ; ; ; 
TRACK;1.5.22-81; ; ;-1.516416327;20763369.87;D; ; ; ; ; ; ; ; ; ; 
TRACK;1.5.22-81;-16.46688408;-71.51718715;-1949298.819;2839602.109;D;False; ; ;0; ; ; ; ; ; 
TRACK;1.5.22-81;-16.46649021;-71.51719859;-1949252.409;2839605.978;D;False; ; ;0; ; ; ; ; ; 
TRACK;1.5.22-81;-16.46651019;-71.51784372;-1949246.592;2839532.593;D;False; ; ;0; ; ; ; ; ; 
TRACK;1.5.22-81;-16.46690733;-71.51790882;-1949292.418;2839520.007;D;False; ; ;0; ; ; ; ; ; 
TRACK;1.5.22-82; ; ;-1.516416327;20763369.87;D; ; ; ; ; ; ; ; ; ; 
TRACK;1.5.22-82;-16.46732005;-71.5171615;-1949350.356;2839599.299;D;False; ; ;0; ; ; ; ; ; 
TRACK;1.5.22-82;-16.46693647;-71.51718708;-1949304.974;2839601.43;D;False; ; ;0; ; ; ; ; ; 
TRACK;1.5.22-82;-16.46694875;-71.5179439;-1949296.84;2839515.487;D;False; ; ;0; ; ; ; ; ; 
TRACK;1.5.22-82;-16.46734051;-71.51803533;-1949341.7;2839499.986;D;False; ; ;0; ; ; ; ; ; 
TRACK;1.5.22-83; ; ;-1.516416327;20763369.87;D; ; ; ; ; ; ; ; ; ; 
TRACK;1.5.22-83;-16.46761574;-71.51716089;-1949385.097;2839595.489;D;False; ; ;0; ; ; ; ; ; 
TRACK;1.5.22-83;-16.46736806;-71.51717736;-1949355.795;2839596.871;D;False; ; ;0; ; ; ; ; ; 
TRACK;1.5.22-83;-16.46738818;-71.51759153;-1949352.917;2839549.663;D;False; ; ;0; ; ; ; ; ; 
TRACK;1.5.22-83;-16.46762007;-71.5175864;-1949380.22;2839547.203;D;False; ; ;0; ; ; ; ; ; 
TRACK;1.5.22-84; ; ;-1.516416327;20763369.87;D; ; ; ; ; ; ; ; ; ; 
TRACK;1.5.22-84;-16.46903488;-71.51797903;-1949541.442;2839484.145;D;False; ; ;0; ; ; ; ; ; 
TRACK;1.5.22-84;-16.46788684;-71.51747244;-1949412.999;2839556.621;D;False; ; ;0; ; ; ; ; ; 
TRACK;1.5.22-84;-16.46770049;-71.51765594;-1949388.787;2839538.266;D;False; ; ;0; ; ; ; ; ; 
TRACK;1.5.22-84;-16.46759576;-71.51776785;-1949375.069;2839526.956;D;False; ; ;0; ; ; ; ; ; 
TRACK;1.5.22-84;-16.46746814;-71.51792601;-1949358.075;2839510.702;D;False; ; ;0; ; ; ; ; ; 
TRACK;1.5.22-84;-16.46743314;-71.51803471;-1949352.589;2839498.841;D;False; ; ;0; ; ; ; ; ; 
TRACK;1.5.22-84;-16.467479;-71.51823822;-1949355.4;2839475.172;D;False; ; ;0; ; ; ; ; ; 
TRACK;1.5.22-84;-16.46875902;-71.51862087;-1949500.915;2839415.014;D;False; ; ;0; ; ; ; ; ; 
TRACK;1.5.22-85; ; ;-1.516416327;20763369.87;D; ; ; ; ; ; ; ; ; ; 
TRACK;1.5.22-85;-16.46798058;-71.51717317;-1949427.798;2839589.312;D;False; ; ;0; ; ; ; ; ; 
TRACK;1.5.22-85;-16.46793485;-71.51727233;-1949421.171;2839578.673;D;False; ; ;0; ; ; ; ; ; 
TRACK;1.5.22-85;-16.46914412;-71.51771351;-1949557.634;2839512.806;D;False; ; ;0; ; ; ; ; ; 
TRACK;1.5.22-85;-16.46942332;-71.51717736;-1949597.216;2839569.913;D;False; ; ;0; ; ; ; ; ; 
TRACK;1.5.22-86; ; ;-1.516416327;20763369.87;D; ; ; ; ; ; ; ; ; ; 
TRACK;1.5.22-86;-16.46952908;-71.51717425;-1949609.679;2839568.879;D;False; ; ;0; ; ; ; ; ; 
TRACK;1.5.22-86;-16.46928178;-71.51773723;-1949573.504;2839508.312;D;False; ; ;0; ; ; ; ; ; 
TRACK;1.5.22-86;-16.46958818;-71.51783889;-1949608.208;2839492.771;D;False; ; ;0; ; ; ; ; ; 
TRACK;1.5.22-86;-16.46982297;-71.51716897;-1949644.268;2839565.621;D;False; ; ;0; ; ; ; ; ; 
TRACK;1.5.22-87; ; ;-1.516416327;20763369.87;D; ; ; ; ; ; ; ; ; ; 
TRACK;1.5.22-87;-16.46958284;-71.51790763;-1949606.711;2839485.049;D;False; ; ;0; ; ; ; ; ; 
TRACK;1.5.22-87;-16.46922703;-71.51779336;-1949566.363;2839502.668;D;False; ; ;0; ; ; ; ; ; 
TRACK;1.5.22-87;-16.46882787;-71.51863892;-1949508.773;2839412.065;D;False; ; ;0; ; ; ; ; ; 
TRACK;1.5.22-87;-16.46904003;-71.51865578;-1949533.481;2839407.371;D;False; ; ;0; ; ; ; ; ; 
TRACK;1.5.22-87;-16.46930411;-71.51873683;-1949563.476;2839394.721;D;False; ; ;0; ; ; ; ; ; 
TRACK;1.5.22-88; ; ;-1.516416327;20763369.87;D; ; ; ; ; ; ; ; ; ; 
TRACK;1.5.22-88;-16.46998317;-71.51804989;-1949651.935;2839463.674;D;False; ; ;0; ; ; ; ; ; 
TRACK;1.5.22-88;-16.46962112;-71.51792468;-1949610.992;2839482.614;D;False; ; ;0; ; ; ; ; ; 
TRACK;1.5.22-88;-16.46936056;-71.51874564;-1949569.995;2839392.982;D;False; ; ;0; ; ; ; ; ; 
TRACK;1.5.22-88;-16.46969603;-71.51887981;-1949607.702;2839373.375;D;False; ; ;0; ; ; ; ; ; 
TRACK;1.5.22-89; ; ;-1.516416327;20763369.87;D; ; ; ; ; ; ; ; ; ; 
TRACK;1.5.22-89;-16.46988619;-71.51715939;-1949651.814;2839565.878;D;False; ; ;0; ; ; ; ; ; 
TRACK;1.5.22-89;-16.46965358;-71.51786559;-1949615.553;2839488.887;D;False; ; ;0; ; ; ; ; ; 
TRACK;1.5.22-89;-16.46999932;-71.51798605;-1949654.64;2839470.698;D;False; ; ;0; ; ; ; ; ; 
TRACK;1.5.22-89;-16.47028762;-71.51714272;-1949699.18;2839562.502;D;False; ; ;0; ; ; ; ; ; 
TRACK;1.5.22-90; ; ;-1.516416327;20763369.87;D; ; ; ; ; ; ; ; ; ; 
TRACK;1.5.22-90;-16.47051591;-71.51806933;-1949714.266;2839454.483;D;False; ; ;0; ; ; ; ; ; 
TRACK;1.5.22-90;-16.47049779;-71.51713624;-1949723.949;2839560.479;D;False; ; ;0; ; ; ; ; ; 
TRACK;1.5.22-90;-16.47033084;-71.51713915;-1949704.302;2839562.339;D;False; ; ;0; ; ; ; ; ; 
TRACK;1.5.22-90;-16.47003843;-71.51800431;-1949659.003;2839468.115;D;False; ; ;0; ; ; ; ; ; 
TRACK;1.5.22-90;-16.47041978;-71.5181314;-1949702.189;2839448.708;D;False; ; ;0; ; ; ; ; ; 
TRACK;1.5.22-91; ; ;-1.516416327;20763369.87;D; ; ; ; ; ; ; ; ; ; 
TRACK;1.5.22-91;-16.47002523;-71.51807635;-1949656.541;2839460.124;D;False; ; ;0; ; ; ; ; ; 
TRACK;1.5.22-91;-16.46974959;-71.51890534;-1949613.671;2839369.779;D;False; ; ;0; ; ; ; ; ; 
TRACK;1.5.22-91;-16.47012283;-71.51902824;-1949655.958;2839350.954;D;False; ; ;0; ; ; ; ; ; 
TRACK;1.5.22-91;-16.47038285;-71.51820817;-1949696.879;2839440.492;D;False; ; ;0; ; ; ; ; ; 
TRACK;1.5.22-92; ; ;-1.516416327;20763369.87;D; ; ; ; ; ; ; ; ; ; 
TRACK;1.5.22-92;-16.47101273;-71.51822217;-1949770.691;2839430.642;D;False; ; ;0; ; ; ; ; ; 
TRACK;1.5.22-92;-16.47060885;-71.51822789;-1949723.177;2839435.293;D;False; ; ;0; ; ; ; ; ; 
TRACK;1.5.22-92;-16.47061682;-71.51881976;-1949716.622;2839368.104;D;False; ; ;0; ; ; ; ; ; 
TRACK;1.5.22-92;-16.47102587;-71.51848138;-1949768.954;2839401.09;D;False; ; ;0; ; ; ; ; ; 
TRACK;1.5.22-93; ; ;-1.516416327;20763369.87;D; ; ; ; ; ; ; ; ; ; 
TRACK;1.5.22-93;-16.47096209;-71.51713092;-1949778.556;2839554.992;D;False; ; ;0; ; ; ; ; ; 
TRACK;1.5.22-93;-16.47057287;-71.51714129;-1949732.705;2839558.922;D;False; ; ;0; ; ; ; ; ; 
TRACK;1.5.22-93;-16.47060531;-71.51816808;-1949723.518;2839442.118;D;False; ; ;0; ; ; ; ; ; 
TRACK;1.5.22-93;-16.47100951;-71.51813541;-1949771.411;2839440.518;D;False; ; ;0; ; ; ; ; ; 
TRACK;1.5.22-94; ; ;-1.516416327;20763369.87;D; ; ; ; ; ; ; ; ; ; 
TRACK;1.5.22-94;-16.47136854;-71.51711601;-1949826.488;2839551.349;D;False; ; ;0; ; ; ; ; ; 
TRACK;1.5.22-94;-16.47100344;-71.51713296;-1949783.386;2839554.218;D;False; ; ;0; ; ; ; ; ; 
TRACK;1.5.22-94;-16.47105238;-71.5181401;-1949776.388;2839439.424;D;False; ; ;0; ; ; ; ; ; 
TRACK;1.5.22-94;-16.47142764;-71.51813438;-1949820.539;2839435.15;D;False; ; ;0; ; ; ; ; ; 
TRACK;1.5.22-95; ; ;-1.516416327;20763369.87;D; ; ; ; ; ; ; ; ; ; 
TRACK;1.5.22-95;-16.47179975;-71.51711077;-1949877.206;2839546.287;D;False; ; ;0; ; ; ; ; ; 
TRACK;1.5.22-95;-16.4714193;-71.51711782;-1949832.428;2839550.478;D;False; ; ;0; ; ; ; ; ; 
TRACK;1.5.22-95;-16.47146954;-71.51808157;-1949826.129;2839440.586;D;False; ; ;0; ; ; ; ; ; 
TRACK;1.5.22-95;-16.47184778;-71.51776652;-1949874.547;2839471.333;D;False; ; ;0; ; ; ; ; ; 
TRACK;1.5.22-96; ; ;-1.516416327;20763369.87;D; ; ; ; ; ; ; ; ; ; 
TRACK;1.5.22-96;-16.47235784;-71.51727832;-1949940.64;2839519.974;D;False; ; ;0; ; ; ; ; ; 
TRACK;1.5.22-96;-16.47231589;-71.51722135;-1949936.434;2839526.981;D;False; ; ;0; ; ; ; ; ; 
TRACK;1.5.22-96;-16.47226811;-71.51715101;-1949931.712;2839535.581;D;False; ; ;0; ; ; ; ; ; 
TRACK;1.5.22-96;-16.47221429;-71.51709271;-1949926.128;2839542.894;D;False; ; ;0; ; ; ; ; ; 
TRACK;1.5.22-96;-16.47184455;-71.51711102;-1949882.466;2839545.67;D;False; ; ;0; ; ; ; ; ; 
TRACK;1.5.22-96;-16.47188968;-71.51770119;-1949880.296;2839478.187;D;False; ; ;0; ; ; ; ; ; 
TRACK;1.5.22-96;-16.47238379;-71.51729246;-1949943.51;2839518.031;D;False; ; ;0; ; ; ; ; ; 
TRACK;1.5.22-97; ; ;-1.516416327;20763369.87;D; ; ; ; ; ; ; ; ; ; 
TRACK;1.5.22-97;-16.47254982;-71.5190367;-1949940.933;2839318.159;D;False; ; ;0; ; ; ; ; ; 
TRACK;1.5.22-97;-16.47228036;-71.51868757;-1949913.701;2839361.264;D;False; ; ;0; ; ; ; ; ; 
TRACK;1.5.22-97;-16.47124819;-71.5195406;-1949781.662;2839278.121;D;False; ; ;0; ; ; ; ; ; 
TRACK;1.5.22-97;-16.47160421;-71.5198018;-1949820.175;2839243.847;D;False; ; ;0; ; ; ; ; ; 
TRACK;1.5.22-98; ; ;-1.516416327;20763369.87;D; ; ; ; ; ; ; ; ; ; 
TRACK;1.5.22-98;-16.47259323;-71.51910223;-1949945.203;2839310.162;D;False; ; ;0; ; ; ; ; ; 
TRACK;1.5.22-98;-16.47166004;-71.51989002;-1949825.616;2839233.116;D;False; ; ;0; ; ; ; ; ; 
TRACK;1.5.22-98;-16.47201419;-71.52014582;-1949863.978;2839199.478;D;False; ; ;0; ; ; ; ; ; 
TRACK;1.5.22-98;-16.47285503;-71.51943859;-1949971.697;2839268.605;D;False; ; ;0; ; ; ; ; ; 
TRACK;1.5.22-99; ; ;-1.516416327;20763369.87;D; ; ; ; ; ; ; ; ; ; 
TRACK;1.5.22-99;-16.47211327;-71.52020442;-1949874.875;2839191.537;D;False; ; ;0; ; ; ; ; ; 
TRACK;1.5.22-99;-16.47233307;-71.52028635;-1949899.656;2839179.368;D;False; ; ;0; ; ; ; ; ; 
TRACK;1.5.22-99;-16.47260283;-71.52008487;-1949933.893;2839198.665;D;False; ; ;0; ; ; ; ; ; 
TRACK;1.5.22-99;-16.47274153;-71.52025199;-1949948.07;2839177.904;D;False; ; ;0; ; ; ; ; ; 
TRACK;1.5.22-99;-16.47326903;-71.51981362;-1950015.58;2839220.668;D;False; ; ;0; ; ; ; ; ; 
TRACK;1.5.22-99;-16.47300562;-71.51946343;-1949989.071;2839263.814;D;False; ; ;0; ; ; ; ; ; 
TRACK;1.5.22-100; ; ;-1.516416327;20763369.87;D; ; ; ; ; ; ; ; ; ; 
TRACK;1.5.22-100;-16.47277789;-71.52030993;-1949951.607;2839170.86;D;False; ; ;0; ; ; ; ; ; 
TRACK;1.5.22-100;-16.47292036;-71.52053517;-1949965.491;2839143.462;D;False; ; ;0; ; ; ; ; ; 
TRACK;1.5.22-100;-16.47311059;-71.52058521;-1949987.203;2839135.296;D;False; ; ;0; ; ; ; ; ; 
TRACK;1.5.22-100;-16.47361143;-71.52020538;-1950050.841;2839171.775;D;False; ; ;0; ; ; ; ; ; 
TRACK;1.5.22-100;-16.47331606;-71.51985918;-1950020.528;2839214.888;D;False; ; ;0; ; ; ; ; ; 
TRACK;1.5.22-101; ; ;-1.516416327;20763369.87;D; ; ; ; ; ; ; ; ; ; 
TRACK;1.5.22-101;-16.47320582;-71.52065338;-1949997.525;2839126.32;D;False; ; ;0; ; ; ; ; ; 
TRACK;1.5.22-101;-16.47343416;-71.52073235;-1950023.348;2839114.375;D;False; ; ;0; ; ; ; ; ; 
TRACK;1.5.22-101;-16.47362342;-71.52076027;-1950045.225;2839108.728;D;False; ; ;0; ; ; ; ; ; 
TRACK;1.5.22-101;-16.4738927;-71.52077572;-1950076.66;2839103.444;D;False; ; ;0; ; ; ; ; ; 
TRACK;1.5.22-101;-16.47399294;-71.52075057;-1950088.753;2839104.98;D;False; ; ;0; ; ; ; ; ; 
TRACK;1.5.22-101;-16.47365244;-71.52026897;-1950054.853;2839164.031;D;False; ; ;0; ; ; ; ; ; 
TRACK;1.5.22-102; ; ;-1.516416327;20763369.87;D; ; ; ; ; ; ; ; ; ; 
TRACK;1.5.22-102;-16.47449506;-71.520654;-1950148.954;2839109.338;D;False; ; ;0; ; ; ; ; ; 
TRACK;1.5.22-102;-16.47399541;-71.5199938;-1950098.622;2839190.718;D;False; ; ;0; ; ; ; ; ; 
TRACK;1.5.22-102;-16.47370412;-71.52023964;-1950061.294;2839166.677;D;False; ; ;0; ; ; ; ; ; 
TRACK;1.5.22-102;-16.47407875;-71.52071622;-1950099.266;2839107.748;D;False; ; ;0; ; ; ; ; ; 
TRACK;1.5.22-103; ; ;-1.516416327;20763369.87;D; ; ; ; ; ; ; ; ; ; 
TRACK;1.5.22-103;-16.47391393;-71.51993458;-1950089.8;2839198.499;D;False; ; ;0; ; ; ; ; ; 
TRACK;1.5.22-103;-16.47334542;-71.51918511;-1950032.508;2839290.901;D;False; ; ;0; ; ; ; ; ; 
TRACK;1.5.22-103;-16.47304615;-71.51941761;-1949994.413;2839268.476;D;False; ; ;0; ; ; ; ; ; 
TRACK;1.5.22-103;-16.47364042;-71.52017034;-1950054.689;2839175.366;D;False; ; ;0; ; ; ; ; ; 
TRACK;1.5.22-104; ; ;-1.516416327;20763369.87;D; ; ; ; ; ; ; ; ; ; 
TRACK;1.5.22-104;-16.47301835;-71.51806541;-1950008.263;2839422.099;D;False; ; ;0; ; ; ; ; ; 
TRACK;1.5.22-104;-16.47273439;-71.51830466;-1949971.88;2839398.707;D;False; ; ;0; ; ; ; ; ; 
TRACK;1.5.22-104;-16.47332936;-71.51905623;-1950032.254;2839305.719;D;False; ; ;0; ; ; ; ; ; 
TRACK;1.5.22-104;-16.47362276;-71.5188249;-1950069.645;2839328.089;D;False; ; ;0; ; ; ; ; ; 
TRACK;1.5.22-105; ; ;-1.516416327;20763369.87;D; ; ; ; ; ; ; ; ; ; 
TRACK;1.5.22-105;-16.47368763;-71.51888411;-1950076.516;2839320.527;D;False; ; ;0; ; ; ; ; ; 
TRACK;1.5.22-105;-16.47339642;-71.51912815;-1950039.22;2839296.688;D;False; ; ;0; ; ; ; ; ; 
TRACK;1.5.22-105;-16.47397711;-71.51986643;-1950098.085;2839205.394;D;False; ; ;0; ; ; ; ; ; 
TRACK;1.5.22-105;-16.4742924;-71.51963063;-1950138.104;2839227.984;D;False; ; ;0; ; ; ; ; ; 
TRACK;1.5.22-106; ; ;-1.516416327;20763369.87;D; ; ; ; ; ; ; ; ; ; 
TRACK;1.5.22-106;-16.47494564;-71.520462;-1950204.311;2839125.187;D;False; ; ;0; ; ; ; ; ; 
TRACK;1.5.22-106;-16.47485422;-71.5203383;-1950195.139;2839140.407;D;False; ; ;0; ; ; ; ; ; 
TRACK;1.5.22-106;-16.47435015;-71.51970605;-1950143.932;2839218.678;D;False; ; ;0; ; ; ; ; ; 
TRACK;1.5.22-106;-16.47403071;-71.51994685;-1950103.363;2839195.576;D;False; ; ;0; ; ; ; ; ; 
TRACK;1.5.22-106;-16.47455064;-71.52060064;-1950156.159;2839114.656;D;False; ; ;0; ; ; ; ; ; 
TRACK;1.5.22-106;-16.47501524;-71.52063087;-1950210.349;2839105.136;D;False; ; ;0; ; ; ; ; ; 
TRACK;1.5.22-107; ; ;-1.516416327;20763369.87;D; ; ; ; ; ; ; ; ; ; 
TRACK;1.5.22-107;-16.4752756;-71.52055105;-1950241.942;2839110.766;D;False; ; ;0; ; ; ; ; ; 
TRACK;1.5.22-107;-16.47527931;-71.52042499;-1950243.973;2839125.004;D;False; ; ;0; ; ; ; ; ; 
TRACK;1.5.22-107;-16.47506796;-71.5199608;-1950225.023;2839180.387;D;False; ; ;0; ; ; ; ; ; 
TRACK;1.5.22-107;-16.47489577;-71.51978932;-1950206.969;2839202.082;D;False; ; ;0; ; ; ; ; ; 
TRACK;1.5.22-107;-16.47454998;-71.5194848;-1950170.206;2839241.132;D;False; ; ;0; ; ; ; ; ; 
TRACK;1.5.22-107;-16.47440074;-71.51960617;-1950151.139;2839229.334;D;False; ; ;0; ; ; ; ; ; 
TRACK;1.5.22-107;-16.47501942;-71.52037282;-1950214.106;2839134.326;D;False; ; ;0; ; ; ; ; ; 
TRACK;1.5.22-107;-16.47510622;-71.52063075;-1950221.037;2839103.955;D;False; ; ;0; ; ; ; ; ; 
TRACK;1.5.22-107;-16.47517428;-71.52064206;-1950228.889;2839101.78;D;False; ; ;0; ; ; ; ; ; 
TRACK;1.5.22-108; ; ;-1.516416327;20763369.87;D; ; ; ; ; ; ; ; ; ; 
TRACK;1.5.22-108;-16.47428736;-71.51917644;-1950143.262;2839279.526;D;False; ; ;0; ; ; ; ; ; 
TRACK;1.5.22-108;-16.47389531;-71.51874201;-1950102.709;2839333.908;D;False; ; ;0; ; ; ; ; ; 
TRACK;1.5.22-108;-16.47377458;-71.5188592;-1950087.044;2839322.209;D;False; ; ;0; ; ; ; ; ; 
TRACK;1.5.22-108;-16.47433431;-71.51955526;-1950143.981;2839235.976;D;False; ; ;0; ; ; ; ; ; 
TRACK;1.5.22-108;-16.47442223;-71.51946645;-1950155.432;2839244.887;D;False; ; ;0; ; ; ; ; ; 
TRACK;1.5.16-1; ; ;-1.516416327;20763369.87;E; ; ; ; ; ; ; ; ; ; 
TRACK;1.5.16-1;-16.4746502;-71.50106639;-1950415.256;2841327.438;E;False; ; ;0; ; ; ; ; ; 
TRACK;1.5.16-1;-16.4745173;-71.50118871;-1950398.093;2841315.318;E;False; ; ;0; ; ; ; ; ; 
TRACK;1.5.16-1;-16.47453666;-71.50137584;-1950397.996;2841293.852;E;False; ; ;0; ; ; ; ; ; 
TRACK;1.5.16-1;-16.47476751;-71.50333689;-1950400.266;2841068.538;E;False; ; ;0; ; ; ; ; ; 
TRACK;1.5.16-1;-16.47646589;-71.50308685;-1950602.949;2841074.576;E;False; ; ;0; ; ; ; ; ; 
TRACK;1.5.16-1;-16.47702116;-71.50118361;-1950692.298;2841283.01;E;False; ; ;0; ; ; ; ; ; 
TRACK;1.5.16-1;-16.47713333;-71.50075926;-1950710.853;2841329.637;E;False; ; ;0; ; ; ; ; ; 
TRACK;1.5.16-1;-16.47730579;-71.50001425;-1950740.555;2841411.817;E;False; ; ;0; ; ; ; ; ; 
TRACK;1.5.16-1;-16.47676457;-71.49983771;-1950679.213;2841438.937;E;False; ; ;0; ; ; ; ; ; 
TRACK;1.5.16-1;-16.47633904;-71.49927376;-1950636.371;2841508.45;E;False; ; ;0; ; ; ; ; ; 
TRACK;1.5.16-1;-16.47621767;-71.49913592;-1950623.86;2841525.669;E;False; ; ;0; ; ; ; ; ; 
TRACK;1.5.16-1;-16.47604827;-71.49945421;-1950599.926;2841491.816;E;False; ; ;0; ; ; ; ; ; 
TRACK;1.5.16-1;-16.4758833;-71.49972462;-1950577.119;2841463.331;E;False; ; ;0; ; ; ; ; ; 
TRACK;1.5.16-1;-16.47535537;-71.50034003;-1950507.301;2841400.509;E;False; ; ;0; ; ; ; ; ; 
TRACK;1.5.16-1;-16.4749275;-71.50083205;-1950450.801;2841350.358;E;False; ; ;0; ; ; ; ; ; 
TRACK;1.5.17-1; ; ;-1.516416327;20763369.87;E; ; ; ; ; ; ; ; ; ; 
TRACK;1.5.17-1;-16.47614933;-71.49912819;-1950615.93;2841527.443;E;False; ; ;0; ; ; ; ; ; 
TRACK;1.5.17-1;-16.47640949;-71.49833161;-1950656.589;2841614.318;E;False; ; ;0; ; ; ; ; ; 
TRACK;1.5.17-1;-16.47623402;-71.49826392;-1950636.833;2841624.296;E;False; ; ;0; ; ; ; ; ; 
TRACK;1.5.17-1;-16.47589413;-71.49883243;-1950589.699;2841564.319;E;False; ; ;0; ; ; ; ; ; 
TRACK;1.5.17-1;-16.47558653;-71.49936121;-1950546.862;2841508.422;E;False; ; ;0; ; ; ; ; ; 
TRACK;1.5.17-1;-16.47515253;-71.50002576;-1950487.455;2841438.795;E;False; ; ;0; ; ; ; ; ; 
TRACK;1.5.17-1;-16.47535929;-71.50025607;-1950508.825;2841409.974;E;False; ; ;0; ; ; ; ; ; 
TRACK;1.5.17-1;-16.47581243;-71.49971999;-1950568.851;2841464.787;E;False; ; ;0; ; ; ; ; ; 
TRACK;1.5.17-2; ; ;-1.516416327;20763369.87;E; ; ; ; ; ; ; ; ; ; 
TRACK;1.5.17-2;-16.47615273;-71.4982576;-1950627.365;2841626.08;E;False; ; ;0; ; ; ; ; ; 
TRACK;1.5.17-2;-16.47583967;-71.49814246;-1950592.047;2841643.244;E;False; ; ;0; ; ; ; ; ; 
TRACK;1.5.17-2;-16.47542964;-71.49882743;-1950535.196;2841570.988;E;False; ; ;0; ; ; ; ; ; 
TRACK;1.5.17-2;-16.47573207;-71.49898633;-1950568.71;2841549.004;E;False; ; ;0; ; ; ; ; ; 
TRACK;1.5.17-3; ; ;-1.516416327;20763369.87;E; ; ; ; ; ; ; ; ; ; 
TRACK;1.5.17-3;-16.47549532;-71.49800637;-1950553.319;2841663.193;E;False; ; ;0; ; ; ; ; ; 
TRACK;1.5.17-3;-16.475466;-71.498063;-1950549.156;2841657.158;E;False; ; ;0; ; ; ; ; ; 
TRACK;1.5.17-3;-16.47511694;-71.49866196;-1950500.558;2841593.851;E;False; ; ;0; ; ; ; ; ; 
TRACK;1.5.17-3;-16.47538965;-71.49880795;-1950530.744;2841573.721;E;False; ; ;0; ; ; ; ; ; 
TRACK;1.5.17-3;-16.47577976;-71.49812763;-1950585.197;2841645.712;E;False; ; ;0; ; ; ; ; ; 
TRACK;1.5.17-4; ; ;-1.516416327;20763369.87;E; ; ; ; ; ; ; ; ; ; 
TRACK;1.5.17-4;-16.47510924;-71.49930379;-1950491.519;2841521.2;E;False; ; ;0; ; ; ; ; ; 
TRACK;1.5.17-4;-16.47535068;-71.49885912;-1950525.518;2841568.433;E;False; ; ;0; ; ; ; ; ; 
TRACK;1.5.17-4;-16.47506673;-71.49872455;-1950493.867;2841587.416;E;False; ; ;0; ; ; ; ; ; 
TRACK;1.5.17-4;-16.47490061;-71.49903121;-1950470.464;2841554.837;E;False; ; ;0; ; ; ; ; ; 
TRACK;1.5.17-4;-16.47449907;-71.49956013;-1950416.59;2841500.158;E;False; ; ;0; ; ; ; ; ; 
TRACK;1.5.17-4;-16.47477607;-71.4997322;-1950446.95;2841477.015;E;False; ; ;0; ; ; ; ; ; 
TRACK;1.5.17-5; ; ;-1.516416327;20763369.87;E; ; ; ; ; ; ; ; ; ; 
TRACK;1.5.17-5;-16.47511773;-71.49995221;-1950484.298;2841447.589;E;False; ; ;0; ; ; ; ; ; 
TRACK;1.5.17-5;-16.4755487;-71.49930609;-1950543.116;2841515.167;E;False; ; ;0; ; ; ; ; ; 
TRACK;1.5.17-5;-16.47570996;-71.49904226;-1950565.404;2841542.955;E;False; ; ;0; ; ; ; ; ; 
TRACK;1.5.17-5;-16.47542914;-71.49888795;-1950534.37;2841564.134;E;False; ; ;0; ; ; ; ; ; 
TRACK;1.5.17-5;-16.47521992;-71.49923658;-1950505.372;2841527.364;E;False; ; ;0; ; ; ; ; ; 
TRACK;1.5.17-5;-16.47504455;-71.49951902;-1950481.192;2841497.653;E;False; ; ;0; ; ; ; ; ; 
TRACK;1.5.17-5;-16.47483417;-71.49976322;-1950453.382;2841472.737;E;False; ; ;0; ; ; ; ; ; 
TRACK;1.5.17-6; ; ;-1.516416327;20763369.87;E; ; ; ; ; ; ; ; ; ; 
TRACK;1.5.17-6;-16.47474662;-71.49977762;-1950442.914;2841472.254;E;False; ; ;0; ; ; ; ; ; 
TRACK;1.5.17-6;-16.47447193;-71.49962251;-1950412.611;2841493.443;E;False; ; ;0; ; ; ; ; ; 
TRACK;1.5.17-6;-16.47404176;-71.50012914;-1950355.656;2841441.667;E;False; ; ;0; ; ; ; ; ; 
TRACK;1.5.17-6;-16.47388425;-71.50046311;-1950332.921;2841405.88;E;False; ; ;0; ; ; ; ; ; 
TRACK;1.5.17-6;-16.47415262;-71.50059052;-1950362.833;2841387.913;E;False; ; ;0; ; ; ; ; ; 
TRACK;1.5.17-6;-16.47425679;-71.50042041;-1950377.225;2841405.827;E;False; ; ;0; ; ; ; ; ; 
TRACK;1.5.17-7; ; ;-1.516416327;20763369.87;E; ; ; ; ; ; ; ; ; ; 
TRACK;1.5.17-7;-16.47415743;-71.50067897;-1950362.277;2841377.824;E;False; ; ;0; ; ; ; ; ; 
TRACK;1.5.17-7;-16.47402275;-71.50087743;-1950343.94;2841357.097;E;False; ; ;0; ; ; ; ; ; 
TRACK;1.5.17-7;-16.47432623;-71.50104798;-1950377.431;2841333.779;E;False; ; ;0; ; ; ; ; ; 
TRACK;1.5.17-7;-16.47432436;-71.50104281;-1950377.276;2841334.39;E;False; ; ;0; ; ; ; ; ; 
TRACK;1.5.17-7;-16.47448135;-71.50075206;-1950399.404;2841365.285;E;False; ; ;0; ; ; ; ; ; 
TRACK;1.5.17-7;-16.47476064;-71.5004184;-1950436.441;2841399.437;E;False; ; ;0; ; ; ; ; ; 
TRACK;1.5.17-7;-16.4750798;-71.49999193;-1950479.339;2841443.585;E;False; ; ;0; ; ; ; ; ; 
TRACK;1.5.17-7;-16.47479798;-71.49982845;-1950448.304;2841465.817;E;False; ; ;0; ; ; ; ; ; 
TRACK;1.5.17-7;-16.47428834;-71.50047546;-1950380.235;2841399.172;E;False; ; ;0; ; ; ; ; ; 
TRACK;1.5.17-8; ; ;-1.516416327;20763369.87;E; ; ; ; ; ; ; ; ; ; 
TRACK;1.5.17-8;-16.47466798;-71.50096305;-1950418.654;2841338.917;E;False; ; ;0; ; ; ; ; ; 
TRACK;1.5.17-8;-16.47501124;-71.50062342;-1950463.282;2841372.906;E;False; ; ;0; ; ; ; ; ; 
TRACK;1.5.17-8;-16.47522215;-71.50040064;-1950490.883;2841395.389;E;False; ; ;0; ; ; ; ; ; 
TRACK;1.5.17-8;-16.47530406;-71.50029666;-1950501.823;2841406.099;E;False; ; ;0; ; ; ; ; ; 
TRACK;1.5.17-8;-16.47519619;-71.50017692;-1950490.668;2841421.089;E;False; ; ;0; ; ; ; ; ; 
TRACK;1.5.17-8;-16.47513277;-71.50003974;-1950484.956;2841437.47;E;False; ; ;0; ; ; ; ; ; 
TRACK;1.5.17-8;-16.47462218;-71.50067451;-1950416.931;2841372.226;E;False; ; ;0; ; ; ; ; ; 
TRACK;1.5.17-8;-16.47451363;-71.50079827;-1950402.61;2841359.623;E;False; ; ;0; ; ; ; ; ; 
TRACK;1.5.17-9; ; ;-1.516416327;20763369.87;E; ; ; ; ; ; ; ; ; ; 
TRACK;1.5.17-9;-16.47400644;-71.5025919;-1950320.3;2841162.975;E;False; ; ;0; ; ; ; ; ; 
TRACK;1.5.17-9;-16.47419295;-71.50212435;-1950348.135;2841213.523;E;False; ; ;0; ; ; ; ; ; 
TRACK;1.5.17-9;-16.47426218;-71.50193224;-1950358.702;2841234.389;E;False; ; ;0; ; ; ; ; ; 
TRACK;1.5.17-9;-16.474386;-71.50154517;-1950378.152;2841276.638;E;False; ; ;0; ; ; ; ; ; 
TRACK;1.5.17-9;-16.47444641;-71.50131743;-1950388.134;2841301.658;E;False; ; ;0; ; ; ; ; ; 
TRACK;1.5.17-9;-16.47446649;-71.50124101;-1950391.461;2841310.057;E;False; ; ;0; ; ; ; ; ; 
TRACK;1.5.17-9;-16.47449095;-71.50115552;-1950395.419;2841319.426;E;False; ; ;0; ; ; ; ; ; 
TRACK;1.5.17-9;-16.47466156;-71.50096428;-1950417.885;2841338.862;E;False; ; ;0; ; ; ; ; ; 
TRACK;1.5.17-9;-16.47452923;-71.50082588;-1950404.093;2841356.288;E;False; ; ;0; ; ; ; ; ; 
TRACK;1.5.17-9;-16.47439339;-71.50098612;-1950386.104;2841339.91;E;False; ; ;0; ; ; ; ; ; 
TRACK;1.5.17-9;-16.47432278;-71.50108668;-1950376.536;2841329.438;E;False; ; ;0; ; ; ; ; ; 
TRACK;1.5.17-9;-16.47426998;-71.50122862;-1950368.534;2841314.043;E;False; ; ;0; ; ; ; ; ; 
TRACK;1.5.17-9;-16.47414634;-71.50164361;-1950348.751;2841268.627;E;False; ; ;0; ; ; ; ; ; 
TRACK;1.5.17-9;-16.47405458;-71.5019857;-1950333.636;2841231.056;E;False; ; ;0; ; ; ; ; ; 
TRACK;1.5.17-9;-16.47400749;-71.50211641;-1950326.448;2841216.858;E;False; ; ;0; ; ; ; ; ; 
TRACK;1.5.17-9;-16.47381814;-71.50259711;-1950298.114;2841164.858;E;False; ; ;0; ; ; ; ; ; 
TRACK;1.5.17-10; ; ;-1.516416327;20763369.87;E; ; ; ; ; ; ; ; ; ; 
TRACK;1.5.17-10;-16.47476621;-71.50335571;-1950399.875;2841066.421;E;False; ; ;0; ; ; ; ; ; 
TRACK;1.5.17-10;-16.4746002;-71.50257366;-1950390.283;2841157.246;E;False; ; ;0; ; ; ; ; ; 
TRACK;1.5.17-10;-16.47376772;-71.50267456;-1950291.209;2841156.741;E;False; ; ;0; ; ; ; ; ; 
TRACK;1.5.17-10;-16.47381753;-71.50348151;-1950286.836;2841064.62;E;False; ; ;0; ; ; ; ; ; 
TRACK;1.5.17-11; ; ;-1.516416327;20763369.87;E; ; ; ; ; ; ; ; ; ; 
TRACK;1.5.17-11;-16.47376361;-71.50350126;-1950280.253;2841063.089;E;False; ; ;0; ; ; ; ; ; 
TRACK;1.5.17-11;-16.47371598;-71.50265277;-1950285.408;2841159.89;E;False; ; ;0; ; ; ; ; ; 
TRACK;1.5.17-11;-16.47351205;-71.50264297;-1950261.575;2841163.679;E;False; ; ;0; ; ; ; ; ; 
TRACK;1.5.17-11;-16.47337527;-71.50355149;-1950233.996;2841062.494;E;False; ; ;0; ; ; ; ; ; 
TRACK;1.5.17-12; ; ;-1.516416327;20763369.87;E; ; ; ; ; ; ; ; ; ; 
TRACK;1.5.17-12;-16.47330773;-71.50356257;-1950225.921;2841062.126;E;False; ; ;0; ; ; ; ; ; 
TRACK;1.5.17-12;-16.47344993;-71.50262374;-1950254.522;2841166.674;E;False; ; ;0; ; ; ; ; ; 
TRACK;1.5.17-12;-16.47317945;-71.50258654;-1950223.218;2841174.443;E;False; ; ;0; ; ; ; ; ; 
TRACK;1.5.17-12;-16.47300441;-71.50360038;-1950189.811;2841061.822;E;False; ; ;0; ; ; ; ; ; 
TRACK;1.5.17-13; ; ;-1.516416327;20763369.87;E; ; ; ; ; ; ; ; ; ; 
TRACK;1.5.17-13;-16.47346276;-71.50256472;-1950256.776;2841173.196;E;False; ; ;0; ; ; ; ; ; 
TRACK;1.5.17-13;-16.47355704;-71.50200424;-1950274.953;2841235.488;E;False; ; ;0; ; ; ; ; ; 
TRACK;1.5.17-13;-16.47325752;-71.501958;-1950240.354;2841244.663;E;False; ; ;0; ; ; ; ; ; 
TRACK;1.5.17-13;-16.47318327;-71.50250753;-1950224.668;2841183.348;E;False; ; ;0; ; ; ; ; ; 
TRACK;1.5.17-19; ; ;-1.516416327;20763369.87;E; ; ; ; ; ; ; ; ; ; 
TRACK;1.5.17-19;-16.47458623;-71.50252502;-1950389.258;2841162.943;E;False; ; ;0; ; ; ; ; ; 
TRACK;1.5.17-19;-16.47456015;-71.50217511;-1950390.628;2841202.947;E;False; ; ;0; ; ; ; ; ; 
TRACK;1.5.17-19;-16.47421855;-71.50222332;-1950349.888;2841201.969;E;False; ; ;0; ; ; ; ; ; 
TRACK;1.5.17-19;-16.47408002;-71.50255423;-1950329.422;2841166.28;E;False; ; ;0; ; ; ; ; ; 
TRACK;1.5.17-19;-16.47411826;-71.50257139;-1950333.695;2841163.832;E;False; ; ;0; ; ; ; ; ; 
TRACK;1.5.17-20; ; ;-1.516416327;20763369.87;E; ; ; ; ; ; ; ; ; ; 
TRACK;1.5.17-20;-16.47449317;-71.50157571;-1950390.354;2841271.769;E;False; ; ;0; ; ; ; ; ; 
TRACK;1.5.17-20;-16.4744203;-71.50157604;-1950381.79;2841272.689;E;False; ; ;0; ; ; ; ; ; 
TRACK;1.5.17-20;-16.47441746;-71.50157585;-1950381.458;2841272.747;E;False; ; ;0; ; ; ; ; ; 
TRACK;1.5.17-20;-16.47431824;-71.50193635;-1950365.235;2841233.187;E;False; ; ;0; ; ; ; ; ; 
TRACK;1.5.17-20;-16.47424301;-71.50217224;-1950353.409;2841207.437;E;False; ; ;0; ; ; ; ; ; 
TRACK;1.5.17-20;-16.47453864;-71.50211667;-1950388.841;2841209.854;E;False; ; ;0; ; ; ; ; ; 
TRACK;1.5.17-21; ; ;-1.516416327;20763369.87;NA; ; ; ; ; ; ; ; ; ; 
TRACK;1.5.17-21;-16.47398455;-71.50202942;-1950324.856;2841227.02;NA;False; ; ;0; ; ; ; ; ; 
TRACK;1.5.17-21;-16.47405637;-71.50182508;-1950335.881;2841249.238;NA;False; ; ;0; ; ; ; ; ; 
TRACK;1.5.17-21;-16.47414045;-71.50154083;-1950349.361;2841280.354;NA;False; ; ;0; ; ; ; ; ; 
TRACK;1.5.17-21;-16.47423621;-71.50123136;-1950364.532;2841314.175;NA;False; ; ;0; ; ; ; ; ; 
TRACK;1.5.17-21;-16.47427052;-71.50108423;-1950370.427;2841330.402;NA;False; ; ;0; ; ; ; ; ; 
TRACK;1.5.17-21;-16.47397996;-71.5009522;-1950337.967;2841349.184;NA;False; ; ;0; ; ; ; ; ; 
TRACK;1.5.17-21;-16.47363843;-71.50196417;-1950285.022;2841238.961;NA;False; ; ;0; ; ; ; ; ; 
TRACK;1.5.17-22; ; ;-1.516416327;20763369.87;NA; ; ; ; ; ; ; ; ; ; 
TRACK;1.5.17-22;-16.47377682;-71.50257348;-1950293.559;2841168.078;NA;False; ; ;0; ; ; ; ; ; 
TRACK;1.5.17-22;-16.47395644;-71.50209562;-1950320.715;2841219.886;NA;False; ; ;0; ; ; ; ; ; 
TRACK;1.5.17-22;-16.47362265;-71.50202249;-1950282.43;2841232.557;NA;False; ; ;0; ; ; ; ; ; 
TRACK;1.5.17-22;-16.47352441;-71.50254482;-1950264.27;2841174.642;NA;False; ; ;0; ; ; ; ; ; 
TRACK;1.5.17-23; ; ;-1.516416327;20763369.87;NA; ; ; ; ; ; ; ; ; ; 
TRACK;1.5.17-23;-16.47377674;-71.50137996;-1950308.672;2841303.366;NA;False; ; ;0; ; ; ; ; ; 
TRACK;1.5.17-23;-16.47353349;-71.50124875;-1950281.759;2841321.433;NA;False; ; ;0; ; ; ; ; ; 
TRACK;1.5.17-23;-16.4733883;-71.50158309;-1950260.466;2841285.442;NA;False; ; ;0; ; ; ; ; ; 
TRACK;1.5.17-23;-16.47327719;-71.50191604;-1950243.196;2841249.16;NA;False; ; ;0; ; ; ; ; ; 
TRACK;1.5.17-23;-16.47356159;-71.50195457;-1950276.117;2841241.058;NA;False; ; ;0; ; ; ; ; ; 
TRACK;1.5.17-24; ; ;-1.516416327;20763369.87;NA; ; ; ; ; ; ; ; ; ; 
TRACK;1.5.17-24;-16.47394211;-71.50092342;-1950333.884;2841352.943;NA;False; ; ;0; ; ; ; ; ; 
TRACK;1.5.17-24;-16.4737208;-71.50080618;-1950309.372;2841369.138;NA;False; ; ;0; ; ; ; ; ; 
TRACK;1.5.17-24;-16.47356643;-71.50117727;-1950286.535;2841329.103;NA;False; ; ;0; ; ; ; ; ; 
TRACK;1.5.17-24;-16.47380851;-71.50130429;-1950313.364;2841311.525;NA;False; ; ;0; ; ; ; ; ; 
TRACK;1.5.17-25; ; ;-1.516416327;20763369.87;NA; ; ; ; ; ; ; ; ; ; 
TRACK;1.5.17-25;-16.47410712;-71.50065367;-1950356.688;2841381.352;NA;False; ; ;0; ; ; ; ; ; 
TRACK;1.5.17-25;-16.47385773;-71.50052582;-1950329.011;2841399.119;NA;False; ; ;0; ; ; ; ; ; 
TRACK;1.5.17-25;-16.47376626;-71.50075009;-1950315.423;2841374.9;NA;False; ; ;0; ; ; ; ; ; 
TRACK;1.5.17-25;-16.47397714;-71.5008697;-1950338.681;2841358.572;NA;False; ; ;0; ; ; ; ; ; 
TRACK;1.5.21-6; ; ;-1.516416327;20763369.87;NA; ; ; ; ; ; ; ; ; ; 
TRACK;1.5.21-6;-16.46617102;-71.50452081;-1949375.408;2841047.193;NA;False; ; ;0; ; ; ; ; ; 
TRACK;1.5.21-6;-16.46623241;-71.50387987;-1949390.737;2841119.04;NA;False; ; ;0; ; ; ; ; ; 
TRACK;1.5.21-6;-16.4651427;-71.50376629;-1949264.162;2841146.217;NA;False; ; ;0; ; ; ; ; ; 
TRACK;1.5.21-6;-16.46506269;-71.50438309;-1949246.952;2841077.35;NA;False; ; ;0; ; ; ; ; ; 
TRACK;1.5.21-16; ; ;-1.516416327;20763369.87;NA; ; ; ; ; ; ; ; ; ; 
TRACK;1.5.21-16;-16.46523447;-71.50208905;-1949296.184;2841335.138;NA;False; ; ;0; ; ; ; ; ; 
TRACK;1.5.21-16;-16.46533145;-71.50113638;-1949319.643;2841441.857;NA;False; ; ;0; ; ; ; ; ; 
TRACK;1.5.21-16;-16.46473795;-71.50108048;-1949250.629;2841455.983;NA;False; ; ;0; ; ; ; ; ; 
TRACK;1.5.21-16;-16.46463967;-71.50204839;-1949226.825;2841347.554;NA;False; ; ;0; ; ; ; ; ; 
TRACK;1.5.21-29; ; ;-1.516416327;20763369.87;NA; ; ; ; ; ; ; ; ; ; 
TRACK;1.5.21-29;-16.46414516;-71.49880161;-1949209.854;2841722.094;NA;False; ; ;0; ; ; ; ; ; 
TRACK;1.5.21-29;-16.46427907;-71.49762236;-1949240.523;2841854.015;NA;False; ; ;0; ; ; ; ; ; 
TRACK;1.5.21-29;-16.46367058;-71.49754449;-1949170.025;2841870.831;NA;False; ; ;0; ; ; ; ; ; 
TRACK;1.5.21-29;-16.46355685;-71.4987548;-1949141.333;2841735.124;NA;False; ; ;0; ; ; ; ; ; 
TRACK;1.5.21-39; ; ;-1.516416327;20763369.87;NA; ; ; ; ; ; ; ; ; ; 
TRACK;1.5.21-39;-16.46142191;-71.49823438;-1948897.115;2841822.142;NA;False; ; ;0; ; ; ; ; ; 
TRACK;1.5.21-39;-16.46153134;-71.49734549;-1948921.229;2841921.472;NA;False; ; ;0; ; ; ; ; ; 
TRACK;1.5.21-39;-16.46099954;-71.49729464;-1948859.398;2841934.216;NA;False; ; ;0; ; ; ; ; ; 
TRACK;1.5.21-39;-16.46087728;-71.49738636;-1948843.873;2841925.424;NA;False; ; ;0; ; ; ; ; ; 
TRACK;1.5.21-39;-16.4607954;-71.49815358;-1948824.537;2841839.524;NA;False; ; ;0; ; ; ; ; ; 
TRACK;1.5.21-48; ; ;-1.516416327;20763369.87;NA; ; ; ; ; ; ; ; ; ; 
TRACK;1.5.21-48;-16.45998643;-71.5031194;-1948666.619;2841287.21;NA;False; ; ;0; ; ; ; ; ; 
TRACK;1.5.21-48;-16.46095101;-71.50322846;-1948778.554;2841262.191;NA;False; ; ;0; ; ; ; ; ; 
TRACK;1.5.21-48;-16.46104649;-71.50201734;-1948805.105;2841398.229;NA;False; ; ;0; ; ; ; ; ; 
TRACK;1.5.21-48;-16.46077067;-71.50200307;-1948772.883;2841403.467;NA;False; ; ;0; ; ; ; ; ; 
TRACK;1.5.21-48;-16.46063834;-71.50286485;-1948746.426;2841307.511;NA;False; ; ;0; ; ; ; ; ; 
TRACK;1.5.21-48;-16.46001545;-71.5027872;-1948674.234;2841324.487;NA;False; ; ;0; ; ; ; ; ; 
TRACK;1.5.21-48;-16.46012997;-71.50192231;-1948698.639;2841421.028;NA;False; ; ;0; ; ; ; ; ; 
TRACK;1.5.21-48;-16.45978411;-71.50188183;-1948658.52;2841430.156;NA;False; ; ;0; ; ; ; ; ; 
TRACK;1.5.21-48;-16.45969592;-71.50298886;-1948634.145;2841305.819;NA;False; ; ;0; ; ; ; ; ; 
TRACK;1.5.21-58; ; ;-1.516416327;20763369.87;NA; ; ; ; ; ; ; ; ; ; 
TRACK;1.5.21-58;-16.46192694;-71.50006121;-1948933.308;2841608.421;NA;False; ; ;0; ; ; ; ; ; 
TRACK;1.5.21-58;-16.46132992;-71.49998661;-1948864.117;2841624.714;NA;False; ; ;0; ; ; ; ; ; 
TRACK;1.5.21-58;-16.46130863;-71.5005974;-1948853.881;2841555.753;NA;False; ; ;0; ; ; ; ; ; 
TRACK;1.5.21-58;-16.46189022;-71.50065566;-1948921.467;2841541.516;NA;False; ; ;0; ; ; ; ; ; 
TRACK;1.5.22-14; ; ;-1.516416327;20763369.87;NA; ; ; ; ; ; ; ; ; ; 
TRACK;1.5.22-14;-16.47255303;-71.51444389;-1949999.452;2839838.673;NA;False; ; ;0; ; ; ; ; ; 
TRACK;1.5.22-14;-16.47281069;-71.51426784;-1950031.948;2839855.247;NA;False; ; ;0; ; ; ; ; ; 
TRACK;1.5.22-14;-16.47323691;-71.51403586;-1950084.952;2839875.947;NA;False; ; ;0; ; ; ; ; ; 
TRACK;1.5.22-14;-16.47394935;-71.51395208;-1950169.7;2839876.094;NA;False; ; ;0; ; ; ; ; ; 
TRACK;1.5.22-14;-16.47399247;-71.51337845;-1950182.029;2839940.545;NA;False; ; ;0; ; ; ; ; ; 
TRACK;1.5.22-14;-16.47100104;-71.51308666;-1949834.329;2840012.872;NA;False; ; ;0; ; ; ; ; ; 
TRACK;1.5.22-14;-16.4708919;-71.51415983;-1949807.922;2839892.666;NA;False; ; ;0; ; ; ; ; ; 
TRACK;1.5.22-14;-16.47209785;-71.51503809;-1949938.461;2839777.298;NA;False; ; ;0; ; ; ; ; ; 
TRACK;1.5.22-14;-16.47227694;-71.5147314;-1949963.382;2839809.709;NA;False; ; ;0; ; ; ; ; ; 
TRACK;1.5.22-15; ; ;-1.516416327;20763369.87;NA; ; ; ; ; ; ; ; ; ; 
TRACK;1.5.22-15;-16.47523386;-71.51422273;-1950317.16;2839828.561;NA;False; ; ;0; ; ; ; ; ; 
TRACK;1.5.22-15;-16.47561521;-71.51405813;-1950364.04;2839842.212;NA;False; ; ;0; ; ; ; ; ; 
TRACK;1.5.22-15;-16.47657783;-71.51373974;-1950481.147;2839865.664;NA;False; ; ;0; ; ; ; ; ; 
TRACK;1.5.22-15;-16.47768975;-71.51337433;-1950616.388;2839892.485;NA;False; ; ;0; ; ; ; ; ; 
TRACK;1.5.22-15;-16.47626713;-71.51227274;-1950463.23;2840036.014;NA;False; ; ;0; ; ; ; ; ; 
TRACK;1.5.22-15;-16.47587027;-71.51212819;-1950418.443;2840057.607;NA;False; ; ;0; ; ; ; ; ; 
TRACK;1.5.22-15;-16.47456899;-71.5119664;-1950267.633;2840093.024;NA;False; ; ;0; ; ; ; ; ; 
TRACK;1.5.22-15;-16.47432697;-71.51403583;-1950212.998;2839861.646;NA;False; ; ;0; ; ; ; ; ; 
TRACK;1.5.22-15;-16.47504362;-71.51426081;-1950294.331;2839826.741;NA;False; ; ;0; ; ; ; ; ; 
TRACK;1.5.22-16; ; ;-1.516416327;20763369.87;NA; ; ; ; ; ; ; ; ; ; 
TRACK;1.5.22-16;-16.47403574;-71.51326554;-1950188.542;2839952.774;NA;False; ; ;0; ; ; ; ; ; 
TRACK;1.5.22-16;-16.47418137;-71.51185823;-1950223.47;2840110.372;NA;False; ; ;0; ; ; ; ; ; 
TRACK;1.5.22-16;-16.47145198;-71.51157303;-1949906.465;2840178.518;NA;False; ; ;0; ; ; ; ; ; 
TRACK;1.5.22-16;-16.47133083;-71.51298979;-1949874.295;2840019.525;NA;False; ; ;0; ; ; ; ; ; 
TRACK;1.5.22-17; ; ;-1.516416327;20763369.87;NA; ; ; ; ; ; ; ; ; ; 
TRACK;1.5.22-17;-16.47112635;-71.51297644;-1949850.444;2840023.721;NA;False; ; ;0; ; ; ; ; ; 
TRACK;1.5.22-17;-16.47127699;-71.51154033;-1949886.324;2840184.521;NA;False; ; ;0; ; ; ; ; ; 
TRACK;1.5.22-17;-16.46854192;-71.51125809;-1949568.612;2840252.402;NA;False; ; ;0; ; ; ; ; ; 
TRACK;1.5.22-17;-16.46841058;-71.51268467;-1949535.122;2840092.426;NA;False; ; ;0; ; ; ; ; ; 
TRACK;1.5.22-19; ; ;-1.516416327;20763369.87;NA; ; ; ; ; ; ; ; ; ; 
TRACK;1.5.22-19;-16.46827519;-71.5126341;-1949519.858;2840099.933;NA;False; ; ;0; ; ; ; ; ; 
TRACK;1.5.22-19;-16.46841663;-71.51126025;-1949553.867;2840253.801;NA;False; ; ;0; ; ; ; ; ; 
TRACK;1.5.22-19;-16.46570188;-71.51097256;-1949238.608;2840322.028;NA;False; ; ;0; ; ; ; ; ; 
TRACK;1.5.22-19;-16.46557912;-71.51238219;-1949206.345;2840163.857;NA;False; ; ;0; ; ; ; ; ; 
TRACK;1.5.22-21; ; ;-1.516416327;20763369.87;NA; ; ; ; ; ; ; ; ; ; 
TRACK;1.5.22-21;-16.47126198;-71.51134034;-1949887.092;2840207.386;NA;False; ; ;0; ; ; ; ; ; 
TRACK;1.5.22-21;-16.4714363;-71.50946613;-1949931.304;2840417.534;NA;False; ; ;0; ; ; ; ; ; 
TRACK;1.5.22-21;-16.46875492;-71.50914347;-1949620.407;2840489.296;NA;False; ; ;0; ; ; ; ; ; 
TRACK;1.5.22-21;-16.46856807;-71.5110604;-1949574.186;2840274.467;NA;False; ; ;0; ; ; ; ; ; 
TRACK;1.5.22-23; ; ;-1.516416327;20763369.87;NA; ; ; ; ; ; ; ; ; ; 
TRACK;1.5.22-23;-16.46863522;-71.50898209;-1949608.389;2840509.16;NA;False; ; ;0; ; ; ; ; ; 
TRACK;1.5.22-23;-16.46881377;-71.50708944;-1949653.331;2840721.349;NA;False; ; ;0; ; ; ; ; ; 
TRACK;1.5.22-23;-16.46613997;-71.50678448;-1949343.096;2840791.006;NA;False; ; ;0; ; ; ; ; ; 
TRACK;1.5.22-23;-16.46594046;-71.50867648;-1949295.703;2840579.161;NA;False; ; ;0; ; ; ; ; ; 
TRACK;1.5.22-24; ; ;-1.516416327;20763369.87;NA; ; ; ; ; ; ; ; ; ; 
TRACK;1.5.22-24;-16.47056201;-71.50919831;-1949831.992;2840459.364;NA;False; ; ;0; ; ; ; ; ; 
TRACK;1.5.22-24;-16.47020931;-71.50843504;-1949800.226;2840550.509;NA;False; ; ;0; ; ; ; ; ; 
TRACK;1.5.22-24;-16.4699379;-71.50712579;-1949784.924;2840702.474;NA;False; ; ;0; ; ; ; ; ; 
TRACK;1.5.22-24;-16.46891676;-71.50705372;-1949665.882;2840724.046;NA;False; ; ;0; ; ; ; ; ; 
TRACK;1.5.22-24;-16.46875732;-71.50896314;-1949622.972;2840509.705;NA;False; ; ;0; ; ; ; ; ; 
TRACK;1.5.22-25; ; ;-1.516416327;20763369.87;NA; ; ; ; ; ; ; ; ; ; 
TRACK;1.5.22-25;-16.46550256;-71.51097157;-1949215.208;2840324.755;NA;False; ; ;0; ; ; ; ; ; 
TRACK;1.5.22-25;-16.46273884;-71.51067248;-1948894.339;2840394.912;NA;False; ; ;0; ; ; ; ; ; 
TRACK;1.5.22-25;-16.46263756;-71.51206826;-1948864.775;2840238.025;NA;False; ; ;0; ; ; ; ; ; 
TRACK;1.5.22-25;-16.4653572;-71.51238555;-1949180.233;2840166.386;NA;False; ; ;0; ; ; ; ; ; 
TRACK;1.5.22-26; ; ;-1.516416327;20763369.87;NA; ; ; ; ; ; ; ; ; ; 
TRACK;1.5.22-26;-16.46256438;-71.51207658;-1948856.073;2840238.041;NA;False; ; ;0; ; ; ; ; ; 
TRACK;1.5.22-26;-16.46267367;-71.51067219;-1948886.686;2840395.799;NA;False; ; ;0; ; ; ; ; ; 
TRACK;1.5.22-26;-16.46054549;-71.51043982;-1948639.628;2840450.053;NA;False; ; ;0; ; ; ; ; ; 
TRACK;1.5.22-26;-16.46040903;-71.51057634;-1948621.871;2840436.368;NA;False; ; ;0; ; ; ; ; ; 
TRACK;1.5.22-26;-16.46207871;-71.51200958;-1948799.87;2840252.006;NA;False; ; ;0; ; ; ; ; ; 
TRACK;1.5.22-29; ; ;-1.516416327;20763369.87;NA; ; ; ; ; ; ; ; ; ; 
TRACK;1.5.22-29;-16.47192257;-71.51630891;-1949901.784;2839635.56;NA;False; ; ;0; ; ; ; ; ; 
TRACK;1.5.22-29;-16.47191458;-71.51612511;-1949903.172;2839656.497;NA;False; ; ;0; ; ; ; ; ; 
TRACK;1.5.22-29;-16.47192668;-71.51589999;-1949907.443;2839681.854;NA;False; ; ;0; ; ; ; ; ; 
TRACK;1.5.22-29;-16.47195448;-71.51566518;-1949913.682;2839708.103;NA;False; ; ;0; ; ; ; ; ; 
TRACK;1.5.22-29;-16.4720159;-71.51542633;-1949923.919;2839734.369;NA;False; ; ;0; ; ; ; ; ; 
TRACK;1.5.22-29;-16.47062847;-71.51439247;-1949774.032;2839869.755;NA;False; ; ;0; ; ; ; ; ; 
TRACK;1.5.22-29;-16.47043361;-71.51651586;-1949724.262;2839631.637;NA;False; ; ;0; ; ; ; ; ; 
TRACK;1.5.22-29;-16.47196519;-71.51644666;-1949905.046;2839619.388;NA;False; ; ;0; ; ; ; ; ; 
TRACK;1.5.22-33; ; ;-1.516416327;20763369.87;NA; ; ; ; ; ; ; ; ; ; 
TRACK;1.5.22-33;-16.48229488;-71.51406991;-1951148.522;2839753.193;NA;False; ; ;0; ; ; ; ; ; 
TRACK;1.5.22-33;-16.48078597;-71.51274487;-1950988.063;2839923.181;NA;False; ; ;0; ; ; ; ; ; 
TRACK;1.5.22-33;-16.4781454;-71.51361727;-1950666.834;2839858.969;NA;False; ; ;0; ; ; ; ; ; 
TRACK;1.5.22-33;-16.47877962;-71.51431281;-1950732.525;2839771.812;NA;False; ; ;0; ; ; ; ; ; 
TRACK;1.5.22-33;-16.47910377;-71.51514773;-1950760.027;2839672.929;NA;False; ; ;0; ; ; ; ; ; 
TRACK;1.5.22-40; ; ;-1.516416327;20763369.87;NA; ; ; ; ; ; ; ; ; ; 
TRACK;1.5.22-40;-16.45765854;-71.50911158;-1948317.304;2840638.48;NA;False; ; ;0; ; ; ; ; ; 
TRACK;1.5.22-40;-16.45762038;-71.50903409;-1948313.801;2840647.764;NA;False; ; ;0; ; ; ; ; ; 
TRACK;1.5.22-40;-16.45760982;-71.5089267;-1948313.92;2840660.076;NA;False; ; ;0; ; ; ; ; ; 
TRACK;1.5.22-40;-16.45763053;-71.5087903;-1948318.079;2840675.267;NA;False; ; ;0; ; ; ; ; ; 
TRACK;1.5.22-40;-16.45777687;-71.50851899;-1948338.704;2840704.102;NA;False; ; ;0; ; ; ; ; ; 
TRACK;1.5.22-40;-16.45738001;-71.50817697;-1948296.412;2840748.078;NA;False; ; ;0; ; ; ; ; ; 
TRACK;1.5.22-40;-16.45717005;-71.5086599;-1948265.636;2840696.088;NA;False; ; ;0; ; ; ; ; ; 
TRACK;1.5.22-40;-16.45713547;-71.50881336;-1948259.631;2840679.146;NA;False; ; ;0; ; ; ; ; ; 
TRACK;1.5.22-40;-16.45713563;-71.50895708;-1948257.832;2840662.851;NA;False; ; ;0; ; ; ; ; ; 
TRACK;1.5.22-40;-16.45715514;-71.50910337;-1948258.273;2840646.012;NA;False; ; ;0; ; ; ; ; ; 
TRACK;1.5.22-40;-16.45718221;-71.50921203;-1948260.077;2840633.34;NA;False; ; ;0; ; ; ; ; ; 
TRACK;1.5.22-40;-16.45724335;-71.50934097;-1948265.628;2840617.922;NA;False; ; ;0; ; ; ; ; ; 
TRACK;1.5.22-44; ; ;-1.516416327;20763369.87;NA; ; ; ; ; ; ; ; ; ; 
TRACK;1.5.22-44;-16.45840325;-71.5105297;-1948386.84;2840467.96;NA;False; ; ;0; ; ; ; ; ; 
TRACK;1.5.22-44;-16.45822462;-71.51020504;-1948369.965;2840507.105;NA;False; ; ;0; ; ; ; ; ; 
TRACK;1.5.22-44;-16.45803837;-71.50983059;-1948352.824;2840551.993;NA;False; ; ;0; ; ; ; ; ; 
TRACK;1.5.22-44;-16.45763015;-71.51007526;-1948301.773;2840529.612;NA;False; ; ;0; ; ; ; ; ; 
TRACK;1.5.22-44;-16.45778649;-71.51037696;-1948316.322;2840493.362;NA;False; ; ;0; ; ; ; ; ; 
TRACK;1.5.22-44;-16.4579983;-71.51076819;-1948336.253;2840446.236;NA;False; ; ;0; ; ; ; ; ; 
TRACK;1.5.22-44;-16.458307;-71.51119546;-1948367.109;2840393.754;NA;False; ; ;0; ; ; ; ; ; 
TRACK;1.5.22-44;-16.45864977;-71.51087177;-1948411.47;2840425.951;NA;False; ; ;0; ; ; ; ; ; 
TRACK;1.5.22-47; ; ;-1.516416327;20763369.87;NA; ; ; ; ; ; ; ; ; ; 
TRACK;1.5.22-47;-16.46030748;-71.51071143;-1948608.233;2840422.386;NA;False; ; ;0; ; ; ; ; ; 
TRACK;1.5.22-47;-16.45959464;-71.51159289;-1948513.339;2840331.818;NA;False; ; ;0; ; ; ; ; ; 
TRACK;1.5.22-47;-16.45995854;-71.5119044;-1948552.145;2840291.734;NA;False; ; ;0; ; ; ; ; ; 
TRACK;1.5.22-47;-16.46067453;-71.51103017;-1948647.316;2840381.442;NA;False; ; ;0; ; ; ; ; ; 
TRACK;1.5.22-48; ; ;-1.516416327;20763369.87;NA; ; ; ; ; ; ; ; ; ; 
TRACK;1.5.22-48;-16.45952552;-71.51169563;-1948503.919;2840321.079;NA;False; ; ;0; ; ; ; ; ; 
TRACK;1.5.22-48;-16.45920079;-71.51207883;-1948460.924;2840281.899;NA;False; ; ;0; ; ; ; ; ; 
TRACK;1.5.22-48;-16.46017407;-71.51287284;-1948565.208;2840179.132;NA;False; ; ;0; ; ; ; ; ; 
TRACK;1.5.22-48;-16.46048938;-71.51250303;-1948606.927;2840216.916;NA;False; ; ;0; ; ; ; ; ; 
TRACK;1.5.22-49; ; ;-1.516416327;20763369.87;NA; ; ; ; ; ; ; ; ; ; 
TRACK;1.5.22-49;-16.46174254;-71.51196705;-1948760.918;2840261.236;NA;False; ; ;0; ; ; ; ; ; 
TRACK;1.5.22-49;-16.46076535;-71.51112507;-1948656.783;2840369.494;NA;False; ; ;0; ; ; ; ; ; 
TRACK;1.5.22-49;-16.46046103;-71.51147966;-1948616.548;2840333.291;NA;False; ; ;0; ; ; ; ; ; 
TRACK;1.5.22-49;-16.46141267;-71.51232773;-1948717.604;2840224.679;NA;False; ; ;0; ; ; ; ; ; 
TRACK;1.5.22-50; ; ;-1.516416327;20763369.87;NA; ; ; ; ; ; ; ; ; ; 
TRACK;1.5.22-50;-16.46096737;-71.51208959;-1948668.309;2840257.512;NA;False; ; ;0; ; ; ; ; ; 
TRACK;1.5.22-50;-16.46025672;-71.51295417;-1948573.888;2840168.829;NA;False; ; ;0; ; ; ; ; ; 
TRACK;1.5.22-50;-16.46054758;-71.51326113;-1948604.171;2840130.22;NA;False; ; ;0; ; ; ; ; ; 
TRACK;1.5.22-50;-16.4613255;-71.5124233;-1948706.154;2840214.989;NA;False; ; ;0; ; ; ; ; ; 
TRACK;1.5.22-51; ; ;-1.516416327;20763369.87;NA; ; ; ; ; ; ; ; ; ; 
TRACK;1.5.22-51;-16.46182443;-71.51204899;-1948769.501;2840250.874;NA;False; ; ;0; ; ; ; ; ; 
TRACK;1.5.22-51;-16.4606323;-71.51334182;-1948613.102;2840119.962;NA;False; ; ;0; ; ; ; ; ; 
TRACK;1.5.22-51;-16.46093227;-71.51364235;-1948644.536;2840081.963;NA;False; ; ;0; ; ; ; ; ; 
TRACK;1.5.22-51;-16.46219977;-71.51247671;-1948808.179;2840197.468;NA;False; ; ;0; ; ; ; ; ; 
TRACK;1.5.22-52; ; ;-1.516416327;20763369.87;NA; ; ; ; ; ; ; ; ; ; 
TRACK;1.5.22-52;-16.46226552;-71.51255652;-1948814.892;2840187.56;NA;False; ; ;0; ; ; ; ; ; 
TRACK;1.5.22-52;-16.4609967;-71.51374744;-1948650.774;2840069.206;NA;False; ; ;0; ; ; ; ; ; 
TRACK;1.5.22-52;-16.46128844;-71.51409686;-1948680.623;2840025.773;NA;False; ; ;0; ; ; ; ; ; 
TRACK;1.5.22-52;-16.46260156;-71.51297475;-1948849.074;2840135.745;NA;False; ; ;0; ; ; ; ; ; 
TRACK;1.5.22-53; ; ;-1.516416327;20763369.87;NA; ; ; ; ; ; ; ; ; ; 
TRACK;1.5.22-53;-16.46172707;-71.5138517;-1948735.251;2840047.81;NA;False; ; ;0; ; ; ; ; ; 
TRACK;1.5.22-53;-16.46135812;-71.51418855;-1948687.648;2840014.466;NA;False; ; ;0; ; ; ; ; ; 
TRACK;1.5.22-53;-16.46210714;-71.51524956;-1948762.209;2839884.377;NA;False; ; ;0; ; ; ; ; ; 
TRACK;1.5.22-53;-16.46251388;-71.51495623;-1948813.699;2839912.292;NA;False; ; ;0; ; ; ; ; ; 
TRACK;1.5.22-55; ; ;-1.516416327;20763369.87;NA; ; ; ; ; ; ; ; ; ; 
TRACK;1.5.22-55;-16.46305922;-71.51359136;-1948895.032;2840059.849;NA;False; ; ;0; ; ; ; ; ; 
TRACK;1.5.22-55;-16.46267661;-71.51388024;-1948846.431;2840032.122;NA;False; ; ;0; ; ; ; ; ; 
TRACK;1.5.22-55;-16.46355334;-71.51516313;-1948933.183;2839875.209;NA;False; ; ;0; ; ; ; ; ; 
TRACK;1.5.22-55;-16.46404213;-71.5150023;-1948992.636;2839887.028;NA;False; ; ;0; ; ; ; ; ; 
TRACK;1.5.22-56; ; ;-1.516416327;20763369.87;NA; ; ; ; ; ; ; ; ; ; 
TRACK;1.5.22-56;-16.46307478;-71.51466431;-1948883.281;2839938.026;NA;False; ; ;0; ; ; ; ; ; 
TRACK;1.5.22-56;-16.46216929;-71.51532683;-1948768.532;2839874.804;NA;False; ; ;0; ; ; ; ; ; 
TRACK;1.5.22-56;-16.46232055;-71.51554198;-1948783.578;2839848.433;NA;False; ; ;0; ; ; ; ; ; 
TRACK;1.5.22-56;-16.46344006;-71.51519756;-1948919.441;2839872.792;NA;False; ; ;0; ; ; ; ; ; 
TRACK;1.5.22-59; ; ;-1.516416327;20763369.87;NA; ; ; ; ; ; ; ; ; ; 
TRACK;1.5.22-59;-16.46472735;-71.51611113;-1949059.094;2839752.357;NA;False; ; ;0; ; ; ; ; ; 
TRACK;1.5.22-59;-16.46356647;-71.51636985;-1948919.455;2839738.256;NA;False; ; ;0; ; ; ; ; ; 
TRACK;1.5.22-59;-16.46386789;-71.51673956;-1948950.185;2839692.397;NA;False; ; ;0; ; ; ; ; ; 
TRACK;1.5.22-59;-16.46473473;-71.51672153;-1949052.237;2839683.073;NA;False; ; ;0; ; ; ; ; ; 
TRACK;1.5.22-60; ; ;-1.516416327;20763369.87;NA; ; ; ; ; ; ; ; ; ; 
TRACK;1.5.22-60;-16.46296619;-71.51568809;-1948857.57;2839823.405;NA;False; ; ;0; ; ; ; ; ; 
TRACK;1.5.22-60;-16.46248145;-71.51585264;-1948798.546;2839811.109;NA;False; ; ;0; ; ; ; ; ; 
TRACK;1.5.22-60;-16.46315312;-71.51676549;-1948865.895;2839698.831;NA;False; ; ;0; ; ; ; ; ; 
TRACK;1.5.22-60;-16.46374063;-71.51674773;-1948935.133;2839693.14;NA;False; ; ;0; ; ; ; ; ; 
TRACK;1.5.22-65; ; ;-1.516416327;20763369.87;NA; ; ; ; ; ; ; ; ; ; 
TRACK;1.5.22-65;-16.45825133;-71.51149908;-1948356.728;2840360.067;NA;False; ; ;0; ; ; ; ; ; 
TRACK;1.5.22-65;-16.45797296;-71.5111851;-1948328.001;2840399.308;NA;False; ; ;0; ; ; ; ; ; 
TRACK;1.5.22-65;-16.45774209;-71.51080012;-1948305.751;2840445.976;NA;False; ; ;0; ; ; ; ; ; 
TRACK;1.5.22-65;-16.45751062;-71.51040888;-1948283.511;2840493.361;NA;False; ; ;0; ; ; ; ; ; 
TRACK;1.5.22-65;-16.45714265;-71.5105654;-1948238.304;2840480.444;NA;False; ; ;0; ; ; ; ; ; 
TRACK;1.5.22-65;-16.45750951;-71.51114654;-1948274.047;2840409.757;NA;False; ; ;0; ; ; ; ; ; 
TRACK;1.5.22-65;-16.45774099;-71.51149929;-1948296.774;2840366.735;NA;False; ; ;0; ; ; ; ; ; 
TRACK;1.5.22-65;-16.45798542;-71.51177951;-1948321.942;2840331.765;NA;False; ; ;0; ; ; ; ; ; 
TRACK;1.5.22-66; ; ;-1.516416327;20763369.87;NA; ; ; ; ; ; ; ; ; ; 
TRACK;1.5.22-66;-16.4559525;-71.50452989;-1948174.875;2841180.234;NA;False; ; ;0; ; ; ; ; ; 
TRACK;1.5.22-66;-16.4559526;-71.5040095;-1948181.473;2841239.225;NA;False; ; ;0; ; ; ; ; ; 
TRACK;1.5.22-66;-16.4556174;-71.50392882;-1948143.116;2841252.769;NA;False; ; ;0; ; ; ; ; ; 
TRACK;1.5.22-66;-16.45569412;-71.50453791;-1948144.42;2841182.714;NA;False; ; ;0; ; ; ; ; ; 
TRACK;1.5.22-66;-16.45570571;-71.50526315;-1948136.603;2841100.348;NA;False; ; ;0; ; ; ; ; ; 
TRACK;1.5.22-66;-16.45571146;-71.50582058;-1948130.223;2841037.082;NA;False; ; ;0; ; ; ; ; ; 
TRACK;1.5.22-66;-16.45610732;-71.50596;-1948174.962;2841016.085;NA;False; ; ;0; ; ; ; ; ; 
TRACK;1.5.22-66;-16.45598037;-71.50525964;-1948168.913;2841097.143;NA;False; ; ;0; ; ; ; ; ; 
TRACK;1.5.22-80; ; ;-1.516416327;20763369.87;NA; ; ; ; ; ; ; ; ; ; 
TRACK;1.5.22-80;-16.46645455;-71.51722294;-1949247.912;2839603.685;NA;False; ; ;0; ; ; ; ; ; 
TRACK;1.5.22-80;-16.46606717;-71.51722768;-1949202.349;2839608.229;NA;False; ; ;0; ; ; ; ; ; 
TRACK;1.5.22-80;-16.46610486;-71.51773785;-1949200.32;2839549.909;NA;False; ; ;0; ; ; ; ; ; 
TRACK;1.5.22-80;-16.46646724;-71.5178241;-1949241.795;2839535.38;NA;False; ; ;0; ; ; ; ; ; 
TRACK;1.5.23-2; ; ;-1.516416327;20763369.87;NA; ; ; ; ; ; ; ; ; ; 
TRACK;1.5.23-2;-16.46791725;-71.49511482;-1949699.704;2842090.499;NA;False; ; ;0; ; ; ; ; ; 
TRACK;1.5.23-2;-16.46710539;-71.49487256;-1949607.397;2842128.623;NA;False; ; ;0; ; ; ; ; ; 
TRACK;1.5.23-2;-16.46709379;-71.4951288;-1949602.788;2842099.728;NA;False; ; ;0; ; ; ; ; ; 
TRACK;1.5.23-2;-16.46791135;-71.49520427;-1949697.878;2842080.436;NA;False; ; ;0; ; ; ; ; ; 
TRACK;1.5.23-4; ; ;-1.516416327;20763369.87;NA; ; ; ; ; ; ; ; ; ; 
TRACK;1.5.23-4;-16.46659177;-71.4947181;-1949549.014;2842152.877;NA;False; ; ;0; ; ; ; ; ; 
TRACK;1.5.23-4;-16.46628508;-71.494658;-1949513.746;2842163.718;NA;False; ; ;0; ; ; ; ; ; 
TRACK;1.5.23-4;-16.46626257;-71.49506038;-1949506.003;2842118.399;NA;False; ; ;0; ; ; ; ; ; 
TRACK;1.5.23-4;-16.46655883;-71.49507955;-1949540.564;2842112.336;NA;False; ; ;0; ; ; ; ; ; 
TRACK;1.5.23-5; ; ;-1.516416327;20763369.87;NA; ; ; ; ; ; ; ; ; ; 
TRACK;1.5.23-5;-16.46622144;-71.49464038;-1949506.493;2842166.551;NA;False; ; ;0; ; ; ; ; ; 
TRACK;1.5.23-5;-16.46588204;-71.49462637;-1949466.796;2842172.596;NA;False; ; ;0; ; ; ; ; ; 
TRACK;1.5.23-5;-16.46583194;-71.4954316;-1949450.709;2842081.972;NA;False; ; ;0; ; ; ; ; ; 
TRACK;1.5.23-5;-16.46615677;-71.49545578;-1949488.563;2842074.966;NA;False; ; ;0; ; ; ; ; ; 
TRACK;1.5.23-8; ; ;-1.516416327;20763369.87;NA; ; ; ; ; ; ; ; ; ; 
TRACK;1.5.23-8;-16.4657208;-71.49548925;-1949436.921;2842076.896;NA;False; ; ;0; ; ; ; ; ; 
TRACK;1.5.23-8;-16.46520471;-71.495449;-1949376.801;2842088.236;NA;False; ; ;0; ; ; ; ; ; 
TRACK;1.5.23-8;-16.4651563;-71.4954722;-1949370.82;2842086.242;NA;False; ; ;0; ; ; ; ; ; 
TRACK;1.5.23-8;-16.46519195;-71.49555009;-1949374.021;2842076.944;NA;False; ; ;0; ; ; ; ; ; 
TRACK;1.5.23-8;-16.46524117;-71.49558513;-1949379.359;2842072.326;NA;False; ; ;0; ; ; ; ; ; 
TRACK;1.5.23-8;-16.46529975;-71.49572371;-1949384.485;2842055.847;NA;False; ; ;0; ; ; ; ; ; 
TRACK;1.5.23-8;-16.46534316;-71.49591352;-1949387.18;2842033.759;NA;False; ; ;0; ; ; ; ; ; 
TRACK;1.5.23-8;-16.46538522;-71.49608533;-1949389.945;2842013.731;NA;False; ; ;0; ; ; ; ; ; 
TRACK;1.5.23-8;-16.46537008;-71.49618942;-1949386.848;2842002.13;NA;False; ; ;0; ; ; ; ; ; 
TRACK;1.5.23-8;-16.46542181;-71.49630271;-1949391.49;2841988.609;NA;False; ; ;0; ; ; ; ; ; 
TRACK;1.5.23-8;-16.46566163;-71.49634535;-1949419.124;2841980.626;NA;False; ; ;0; ; ; ; ; ; 
TRACK;1.5.24-1; ; ;-1.516416327;20763369.87;NA; ; ; ; ; ; ; ; ; ; 
TRACK;1.5.24-1;-16.48252065;-71.51761568;-1951130.129;2839348.37;NA;False; ; ;0; ; ; ; ; ; 
TRACK;1.5.24-1;-16.48260442;-71.51724634;-1951144.647;2839389.13;NA;False; ; ;0; ; ; ; ; ; 
TRACK;1.5.24-1;-16.48182419;-71.51712232;-1951054.569;2839413.427;NA;False; ; ;0; ; ; ; ; ; 
TRACK;1.5.24-1;-16.48182354;-71.51741275;-1951050.815;2839380.52;NA;False; ; ;0; ; ; ; ; ; 
TRACK;1.5.24-1;-16.48252161;-71.5176239;-1951130.137;2839347.426;NA;False; ; ;0; ; ; ; ; ; 
TRACK;1.5.24-2; ; ;-1.516416327;20763369.87;NA; ; ; ; ; ; ; ; ; ; 
TRACK;1.5.24-2;-16.48214482;-71.5175817;-1951086.413;2839357.155;NA;False; ; ;0; ; ; ; ; ; 
TRACK;1.5.24-2;-16.48180264;-71.51748022;-1951047.505;2839373.148;NA;False; ; ;0; ; ; ; ; ; 
TRACK;1.5.24-2;-16.48161207;-71.5177304;-1951021.951;2839347.295;NA;False; ; ;0; ; ; ; ; ; 
TRACK;1.5.24-2;-16.48208331;-71.51786212;-1951075.637;2839326.181;NA;False; ; ;0; ; ; ; ; ; 
TRACK;1.5.24-3; ; ;-1.516416327;20763369.87;NA; ; ; ; ; ; ; ; ; ; 
TRACK;1.5.24-3;-16.48249583;-71.51767782;-1951126.426;2839341.654;NA;False; ; ;0; ; ; ; ; ; 
TRACK;1.5.24-3;-16.48221427;-71.51760703;-1951094.251;2839353.373;NA;False; ; ;0; ; ; ; ; ; 
TRACK;1.5.24-3;-16.48213908;-71.51788782;-1951081.862;2839322.537;NA;False; ; ;0; ; ; ; ; ; 
TRACK;1.5.24-3;-16.48241433;-71.51796735;-1951113.186;2839309.91;NA;False; ; ;0; ; ; ; ; ; 
TRACK;1.5.24-4; ; ;-1.516416327;20763369.87;NA; ; ; ; ; ; ; ; ; ; 
TRACK;1.5.24-4;-16.48239648;-71.51802696;-1951110.335;2839303.388;NA;False; ; ;0; ; ; ; ; ; 
TRACK;1.5.24-4;-16.48191401;-71.51788475;-1951055.464;2839325.839;NA;False; ; ;0; ; ; ; ; ; 
TRACK;1.5.24-4;-16.48184671;-71.51816374;-1951044.025;2839295.103;NA;False; ; ;0; ; ; ; ; ; 
TRACK;1.5.24-4;-16.48233528;-71.518301;-1951099.676;2839273.134;NA;False; ; ;0; ; ; ; ; ; 
TRACK;1.5.24-5; ; ;-1.516416327;20763369.87;NA; ; ; ; ; ; ; ; ; ; 
TRACK;1.5.24-5;-16.48231097;-71.5183649;-1951096.01;2839266.211;NA;False; ; ;0; ; ; ; ; ; 
TRACK;1.5.24-5;-16.481821;-71.5182361;-1951040.089;2839287.24;NA;False; ; ;0; ; ; ; ; ; 
TRACK;1.5.24-5;-16.48174127;-71.51851245;-1951027.224;2839256.967;NA;False; ; ;0; ; ; ; ; ; 
TRACK;1.5.24-5;-16.48224973;-71.51864057;-1951085.326;2839235.772;NA;False; ; ;0; ; ; ; ; ; 
TRACK;1.5.24-6; ; ;-1.516416327;20763369.87;NA; ; ; ; ; ; ; ; ; ; 
TRACK;1.5.24-6;-16.48219923;-71.51895043;-1951075.47;2839201.318;NA;False; ; ;0; ; ; ; ; ; 
TRACK;1.5.24-6;-16.48224362;-71.51869612;-1951083.905;2839229.557;NA;False; ; ;0; ; ; ; ; ; 
TRACK;1.5.24-6;-16.48172316;-71.51856341;-1951024.451;2839251.428;NA;False; ; ;0; ; ; ; ; ; 
TRACK;1.5.24-6;-16.48144676;-71.51862081;-1950991.258;2839248.552;NA;False; ; ;0; ; ; ; ; ; 
TRACK;1.5.24-6;-16.48195123;-71.51901243;-1951045.554;2839197.546;NA;False; ; ;0; ; ; ; ; ; 
TRACK;1.5.24-7; ; ;-1.516416327;20763369.87;NA; ; ; ; ; ; ; ; ; ; 
TRACK;1.5.24-7;-16.48169201;-71.51853218;-1951021.187;2839255.377;NA;False; ; ;0; ; ; ; ; ; 
TRACK;1.5.24-7;-16.48186487;-71.51786583;-1951049.931;2839328.628;NA;False; ; ;0; ; ; ; ; ; 
TRACK;1.5.24-7;-16.48160747;-71.5177937;-1951020.61;2839340.181;NA;False; ; ;0; ; ; ; ; ; 
TRACK;1.5.24-7;-16.48152123;-71.51799992;-1951007.869;2839317.942;NA;False; ; ;0; ; ; ; ; ; 
TRACK;1.5.24-7;-16.48138082;-71.51853735;-1950984.569;2839258.876;NA;False; ; ;0; ; ; ; ; ; 
TRACK;1.5.24-7;-16.48159916;-71.51857482;-1951009.741;2839251.764;NA;False; ; ;0; ; ; ; ; ; 
TRACK;1.5.24-8; ; ;-1.516416327;20763369.87;NA; ; ; ; ; ; ; ; ; ; 
TRACK;1.5.24-8;-16.48172902;-71.51893826;-1951020.392;2839208.869;NA;False; ; ;0; ; ; ; ; ; 
TRACK;1.5.24-8;-16.48158424;-71.518819;-1951004.897;2839224.285;NA;False; ; ;0; ; ; ; ; ; 
TRACK;1.5.24-8;-16.48140474;-71.51865738;-1950985.859;2839244.958;NA;False; ; ;0; ; ; ; ; ; 
TRACK;1.5.24-8;-16.4812876;-71.51876258;-1950970.767;2839234.573;NA;False; ; ;0; ; ; ; ; ; 
TRACK;1.5.24-8;-16.48156323;-71.51909487;-1950998.936;2839193.296;NA;False; ; ;0; ; ; ; ; ; 
TRACK;1.5.24-9; ; ;-1.516416327;20763369.87;NA; ; ; ; ; ; ; ; ; ; 
TRACK;1.5.24-9;-16.48282521;-71.51894312;-1951149.092;2839193.929;NA;False; ; ;0; ; ; ; ; ; 
TRACK;1.5.24-9;-16.48289422;-71.51891688;-1951157.53;2839195.998;NA;False; ; ;0; ; ; ; ; ; 
TRACK;1.5.24-9;-16.48299816;-71.51885899;-1951170.472;2839201.195;NA;False; ; ;0; ; ; ; ; ; 
TRACK;1.5.24-9;-16.48309182;-71.5187553;-1951182.786;2839211.716;NA;False; ; ;0; ; ; ; ; ; 
TRACK;1.5.24-9;-16.48312943;-71.51835205;-1951192.311;2839256.924;NA;False; ; ;0; ; ; ; ; ; 
TRACK;1.5.24-9;-16.48270653;-71.51815084;-1951145.185;2839285.279;NA;False; ; ;0; ; ; ; ; ; 
TRACK;1.5.24-9;-16.48243788;-71.51802973;-1951115.163;2839302.531;NA;False; ; ;0; ; ; ; ; ; 
TRACK;1.5.24-9;-16.48222431;-71.51896815;-1951078.191;2839198.98;NA;False; ; ;0; ; ; ; ; ; 
TRACK;1.5.24-9;-16.48253424;-71.51901302;-1951114.028;2839189.827;NA;False; ; ;0; ; ; ; ; ; 
TRACK;1.5.24-10; ; ;-1.516416327;20763369.87;NA; ; ; ; ; ; ; ; ; ; 
TRACK;1.5.24-10;-16.48312549;-71.51788317;-1951197.788;2839310.116;NA;False; ; ;0; ; ; ; ; ; 
TRACK;1.5.24-10;-16.48308156;-71.51766117;-1951195.439;2839335.852;NA;False; ; ;0; ; ; ; ; ; 
TRACK;1.5.24-10;-16.48290693;-71.51717123;-1951181.131;2839393.671;NA;False; ; ;0; ; ; ; ; ; 
TRACK;1.5.24-10;-16.48265012;-71.51727844;-1951149.609;2839384.892;NA;False; ; ;0; ; ; ; ; ; 
TRACK;1.5.24-10;-16.48264549;-71.51737081;-1951147.894;2839374.483;NA;False; ; ;0; ; ; ; ; ; 
TRACK;1.5.24-10;-16.48247839;-71.51799;-1951120.424;2839306.502;NA;False; ; ;0; ; ; ; ; ; 
TRACK;1.5.24-10;-16.4831174;-71.5182847;-1951191.751;2839264.715;NA;False; ; ;0; ; ; ; ; ; 
TRACK;1.5.24-11; ; ;-1.516416327;20763369.87;NA; ; ; ; ; ; ; ; ; ; 
TRACK;1.5.24-11;-16.48155429;-71.51755656;-1951017.367;2839367.756;NA;False; ; ;0; ; ; ; ; ; 
TRACK;1.5.24-11;-16.48124798;-71.51759738;-1950980.87;2839367.15;NA;False; ; ;0; ; ; ; ; ; 
TRACK;1.5.24-11;-16.48115295;-71.51780094;-1950967.128;2839345.327;NA;False; ; ;0; ; ; ; ; ; 
TRACK;1.5.24-11;-16.48146139;-71.51778245;-1951003.593;2839343.374;NA;False; ; ;0; ; ; ; ; ; 
TRACK;1.5.24-11;-16.48162614;-71.5176607;-1951024.488;2839355.01;NA;False; ; ;0; ; ; ; ; ; 
TRACK;1.5.24-11;-16.4817302;-71.51747547;-1951039.057;2839374.637;NA;False; ; ;0; ; ; ; ; ; 
