<?xml version="1.0" encoding="UTF-8"?>
<kml xmlns="http://www.opengis.net/kml/2.2" xmlns:gx="http://www.google.com/kml/ext/2.2" xmlns:kml="http://www.opengis.net/kml/2.2" xmlns:atom="http://www.w3.org/2005/Atom">
<Document>
	<name>Socabaya</name>
	<StyleMap id="msn_ylw-pushpin400700">
		<Pair>
			<key>normal</key>
			<styleUrl>#sn_ylw-pushpin110111000</styleUrl>
		</Pair>
		<Pair>
			<key>highlight</key>
			<styleUrl>#sh_ylw-pushpin20003000</styleUrl>
		</Pair>
	</StyleMap>
	<Style id="sn_ylw-pushpin3011200">
		<IconStyle>
			<scale>1.1</scale>
			<Icon>
				<href>http://maps.google.com/mapfiles/kml/pushpin/ylw-pushpin.png</href>
			</Icon>
			<hotSpot x="20" y="2" xunits="pixels" yunits="pixels"/>
		</IconStyle>
		<LineStyle>
			<color>ff000055</color>
			<width>3</width>
		</LineStyle>
		<PolyStyle>
			<color>00ffffff</color>
		</PolyStyle>
	</Style>
	<Style id="sh_ylw-pushpin1100600">
		<IconStyle>
			<scale>1.3</scale>
			<Icon>
				<href>http://maps.google.com/mapfiles/kml/pushpin/ylw-pushpin.png</href>
			</Icon>
			<hotSpot x="20" y="2" xunits="pixels" yunits="pixels"/>
		</IconStyle>
		<LineStyle>
			<color>ff000055</color>
			<width>3</width>
		</LineStyle>
		<PolyStyle>
			<color>00ffffff</color>
		</PolyStyle>
	</Style>
	<Style id="sn_ylw-pushpin110111000">
		<LineStyle>
			<color>ff00aaff</color>
			<width>3</width>
		</LineStyle>
		<PolyStyle>
			<color>00ffffff</color>
		</PolyStyle>
	</Style>
	<Style id="sh_ylw-pushpin20003000">
		<IconStyle>
			<scale>1.2</scale>
		</IconStyle>
		<LineStyle>
			<color>ff00aaff</color>
			<width>3</width>
		</LineStyle>
		<PolyStyle>
			<color>00ffffff</color>
		</PolyStyle>
	</Style>
	<StyleMap id="msn_ylw-pushpin1001000000">
		<Pair>
			<key>normal</key>
			<styleUrl>#sn_ylw-pushpin3011200</styleUrl>
		</Pair>
		<Pair>
			<key>highlight</key>
			<styleUrl>#sh_ylw-pushpin1100600</styleUrl>
		</Pair>
	</StyleMap>
	<Folder>
		<name>A</name>
	</Folder>
	<Folder>
		<name>B</name>
	</Folder>
	<Folder>
		<name>C</name>
		<Placemark>
			<name>1.25.25-7</name>
			<styleUrl>#msn_ylw-pushpin400700</styleUrl>
			<Polygon>
				<tessellate>1</tessellate>
				<outerBoundaryIs>
					<LinearRing>
						<coordinates>
							-71.52089591631157,-16.48476792422385,0 -71.5209043976182,-16.48490653291792,0 -71.52040135151069,-16.48528680766156,0 -71.52031989323444,-16.48511226697839,0 -71.52022794955379,-16.48488008887256,0 -71.52056412968538,-16.48477041083048,0 -71.52089591631157,-16.48476792422385,0 
						</coordinates>
					</LinearRing>
				</outerBoundaryIs>
			</Polygon>
		</Placemark>
		<Placemark>
			<name>1.25.25-8</name>
			<styleUrl>#msn_ylw-pushpin400700</styleUrl>
			<Polygon>
				<tessellate>1</tessellate>
				<outerBoundaryIs>
					<LinearRing>
						<coordinates>
							-71.52020946849305,-16.48491828180361,0 -71.52026692197322,-16.48512344672308,0 -71.52037691726349,-16.48529133956714,0 -71.52012399008133,-16.48547457756317,0 -71.51997924767088,-16.48558966837745,0 -71.51980109404681,-16.48538626450228,0 -71.51965924014982,-16.48509847279673,0 -71.52020946849305,-16.48491828180361,0 
						</coordinates>
					</LinearRing>
				</outerBoundaryIs>
			</Polygon>
		</Placemark>
		<Placemark>
			<name>1.25.25-9</name>
			<styleUrl>#msn_ylw-pushpin400700</styleUrl>
			<Polygon>
				<tessellate>1</tessellate>
				<outerBoundaryIs>
					<LinearRing>
						<coordinates>
							-71.5195896319174,-16.48511372695968,0 -71.51972707259783,-16.48538004812692,0 -71.5199256967046,-16.4856432182508,0 -71.51966074369793,-16.48592305518157,0 -71.51940980540871,-16.48612368906726,0 -71.51913051860227,-16.48570602683062,0 -71.51891959071619,-16.4853377926891,0 -71.5195896319174,-16.48511372695968,0 
						</coordinates>
					</LinearRing>
				</outerBoundaryIs>
			</Polygon>
		</Placemark>
		<Placemark>
			<name>1.25.25-10</name>
			<styleUrl>#msn_ylw-pushpin400700</styleUrl>
			<Polygon>
				<tessellate>1</tessellate>
				<outerBoundaryIs>
					<LinearRing>
						<coordinates>
							-71.51890880648715,-16.48551344434829,0 -71.51936753547569,-16.48616789085393,0 -71.51872476947442,-16.48656484577723,0 -71.51827771423291,-16.48594404714273,0 -71.51890880648715,-16.48551344434829,0 
						</coordinates>
					</LinearRing>
				</outerBoundaryIs>
			</Polygon>
		</Placemark>
		<Placemark>
			<name>1.25.25-11</name>
			<styleUrl>#msn_ylw-pushpin400700</styleUrl>
			<Polygon>
				<tessellate>1</tessellate>
				<outerBoundaryIs>
					<LinearRing>
						<coordinates>
							-71.51819360124908,-16.48600180956057,0 -71.51864983832333,-16.48661102674699,0 -71.51799170669238,-16.4870266025788,0 -71.51756653450849,-16.48643034780005,0 -71.51819360124908,-16.48600180956057,0 
						</coordinates>
					</LinearRing>
				</outerBoundaryIs>
			</Polygon>
		</Placemark>
		<Placemark>
			<name>1.25.25-12</name>
			<styleUrl>#msn_ylw-pushpin400700</styleUrl>
			<Polygon>
				<tessellate>1</tessellate>
				<outerBoundaryIs>
					<LinearRing>
						<coordinates>
							-71.51789528322277,-16.48562845554954,0 -71.51814174687644,-16.48594393289594,0 -71.51751154306906,-16.4863398150401,0 -71.51715388333055,-16.48579497902693,0 -71.51789528322277,-16.48562845554954,0 
						</coordinates>
					</LinearRing>
				</outerBoundaryIs>
			</Polygon>
		</Placemark>
		<Placemark>
			<name>1.25.25-13</name>
			<styleUrl>#msn_ylw-pushpin400700</styleUrl>
			<Polygon>
				<tessellate>1</tessellate>
				<outerBoundaryIs>
					<LinearRing>
						<coordinates>
							-71.51746616012619,-16.4855034329325,0 -71.51749507261577,-16.48564611375351,0 -71.51710578769,-16.48573987695703,0 -71.51702126865423,-16.48549738796452,0 -71.51746616012619,-16.4855034329325,0 
						</coordinates>
					</LinearRing>
				</outerBoundaryIs>
			</Polygon>
		</Placemark>
		<Placemark>
			<name>1.25.25-14</name>
			<styleUrl>#msn_ylw-pushpin400700</styleUrl>
			<Polygon>
				<tessellate>1</tessellate>
				<outerBoundaryIs>
					<LinearRing>
						<coordinates>
							-71.51666542269558,-16.48546364225842,0 -71.51694748147074,-16.48549011767945,0 -71.51700153018697,-16.48577852680373,0 -71.51642353574374,-16.48590644146962,0 -71.51638353455098,-16.48547546073615,0 -71.51666542269558,-16.48546364225842,0 
						</coordinates>
					</LinearRing>
				</outerBoundaryIs>
			</Polygon>
		</Placemark>
		<Placemark>
			<name>1.25.25-16</name>
			<styleUrl>#msn_ylw-pushpin400700</styleUrl>
			<Polygon>
				<tessellate>1</tessellate>
				<outerBoundaryIs>
					<LinearRing>
						<coordinates>
							-71.51600728215091,-16.48604515459184,0 -71.51535955986125,-16.48634101017271,0 -71.51514978757777,-16.48640522130354,0 -71.51534659197594,-16.48641964121652,0 -71.51532578979882,-16.48655487410005,0 -71.51506872328366,-16.48655485349275,0 -71.51494079612229,-16.48623071320525,0 -71.51527817902453,-16.48611294669652,0 -71.51553972715898,-16.48601974148011,0 -71.51591079257854,-16.48585277361419,0 -71.51600728215091,-16.48604515459184,0 
						</coordinates>
					</LinearRing>
				</outerBoundaryIs>
			</Polygon>
		</Placemark>
		<Placemark>
			<name>1.25.25-18</name>
			<styleUrl>#msn_ylw-pushpin400700</styleUrl>
			<Polygon>
				<tessellate>1</tessellate>
				<outerBoundaryIs>
					<LinearRing>
						<coordinates>
							-71.51634481144333,-16.48600847311658,0 -71.51648033727049,-16.48628104536077,0 -71.51612432243907,-16.48648137427989,0 -71.51585775308692,-16.48661373202618,0 -71.51563400264617,-16.48629261507238,0 -71.51603122005464,-16.48610855415646,0 -71.51634481144333,-16.48600847311658,0 
						</coordinates>
					</LinearRing>
				</outerBoundaryIs>
			</Polygon>
		</Placemark>
		<Placemark>
			<name>1.25.25-19</name>
			<styleUrl>#msn_ylw-pushpin400700</styleUrl>
			<Polygon>
				<tessellate>1</tessellate>
				<outerBoundaryIs>
					<LinearRing>
						<coordinates>
							-71.51704543326505,-16.48581218532522,0 -71.51744179528635,-16.48638705005257,0 -71.51698599093241,-16.4866466750324,0 -71.5168551380379,-16.48669440889,0 -71.51664833348886,-16.48635076631566,0 -71.51653026215912,-16.48617671507084,0 -71.51642094573903,-16.48597810783791,0 -71.51704543326505,-16.48581218532522,0 
						</coordinates>
					</LinearRing>
				</outerBoundaryIs>
			</Polygon>
		</Placemark>
		<Placemark>
			<name>1.25.25-20</name>
			<styleUrl>#msn_ylw-pushpin400700</styleUrl>
			<Polygon>
				<tessellate>1</tessellate>
				<outerBoundaryIs>
					<LinearRing>
						<coordinates>
							-71.51748293429017,-16.48647821131871,0 -71.5178905695753,-16.48706249860345,0 -71.51724526112969,-16.48744292963297,0 -71.51688333441606,-16.48678631050385,0 -71.51748293429017,-16.48647821131871,0 
						</coordinates>
					</LinearRing>
				</outerBoundaryIs>
			</Polygon>
		</Placemark>
		<Placemark>
			<name>1.25.25-21</name>
			<styleUrl>#msn_ylw-pushpin400700</styleUrl>
			<Polygon>
				<tessellate>1</tessellate>
				<outerBoundaryIs>
					<LinearRing>
						<coordinates>
							-71.51680017198464,-16.48683920933869,0 -71.51718010000643,-16.48748345541024,0 -71.51674061483395,-16.48774419190089,0 -71.51636858898138,-16.48708246600464,0 -71.51680017198464,-16.48683920933869,0 
						</coordinates>
					</LinearRing>
				</outerBoundaryIs>
			</Polygon>
		</Placemark>
		<Placemark>
			<name>1.25.25-22</name>
			<styleUrl>#msn_ylw-pushpin400700</styleUrl>
			<Polygon>
				<tessellate>1</tessellate>
				<outerBoundaryIs>
					<LinearRing>
						<coordinates>
							-71.51622811568235,-16.48716352678175,0 -71.51660235217365,-16.48780969952587,0 -71.51619086937096,-16.48805563935212,0 -71.51599066506428,-16.48812639321758,0 -71.51524074077936,-16.48823896272626,0 -71.51533673648431,-16.48738907862831,0 -71.51580660728101,-16.48737548669887,0 -71.51622811568235,-16.48716352678175,0 
						</coordinates>
					</LinearRing>
				</outerBoundaryIs>
			</Polygon>
		</Placemark>
		<Placemark>
			<name>1.25.25-23</name>
			<styleUrl>#msn_ylw-pushpin400700</styleUrl>
			<Polygon>
				<tessellate>1</tessellate>
				<outerBoundaryIs>
					<LinearRing>
						<coordinates>
							-71.51729795981912,-16.48834490925007,0 -71.51745113511846,-16.4882719532405,0 -71.51789035949031,-16.48924091673717,0 -71.51708154860509,-16.48978146264461,0 -71.51638040589,-16.48824299299483,0 -71.51688788900184,-16.4878797492208,0 -71.51729795981912,-16.48834490925007,0 
						</coordinates>
					</LinearRing>
				</outerBoundaryIs>
			</Polygon>
		</Placemark>
		<Placemark>
			<name>1.25.25-24</name>
			<styleUrl>#msn_ylw-pushpin400700</styleUrl>
			<Polygon>
				<tessellate>1</tessellate>
				<outerBoundaryIs>
					<LinearRing>
						<coordinates>
							-71.5182614680521,-16.48792640965719,0 -71.51962526218846,-16.49009414012688,0 -71.51908147851381,-16.49046378189835,0 -71.51851362521415,-16.49033088638443,0 -71.51839428625111,-16.49010072608693,0 -71.51791775406939,-16.48906853930453,0 -71.51755890761329,-16.48830514310453,0 -71.5182614680521,-16.48792640965719,0 
						</coordinates>
					</LinearRing>
				</outerBoundaryIs>
			</Polygon>
		</Placemark>
		<Placemark>
			<name>1.25.25-25</name>
			<styleUrl>#msn_ylw-pushpin400700</styleUrl>
			<Polygon>
				<tessellate>1</tessellate>
				<outerBoundaryIs>
					<LinearRing>
						<coordinates>
							-71.51784176038389,-16.4872503872334,0 -71.51806811510534,-16.48761674309289,0 -71.51740639072231,-16.48796990702672,0 -71.51722635263653,-16.48767821721515,0 -71.51784176038389,-16.4872503872334,0 
						</coordinates>
					</LinearRing>
				</outerBoundaryIs>
			</Polygon>
		</Placemark>
		<Placemark>
			<name>1.25.25-26</name>
			<styleUrl>#msn_ylw-pushpin400700</styleUrl>
			<Polygon>
				<tessellate>1</tessellate>
				<outerBoundaryIs>
					<LinearRing>
						<coordinates>
							-71.51871130127246,-16.48669647337646,0 -71.51911005165896,-16.48733535370413,0 -71.51830568733011,-16.48781586369608,0 -71.51792152585838,-16.48720442649094,0 -71.51871130127246,-16.48669647337646,0 
						</coordinates>
					</LinearRing>
				</outerBoundaryIs>
			</Polygon>
		</Placemark>
		<Placemark>
			<name>1.25.25-27</name>
			<styleUrl>#msn_ylw-pushpin400700</styleUrl>
			<Polygon>
				<tessellate>1</tessellate>
				<outerBoundaryIs>
					<LinearRing>
						<coordinates>
							-71.51915570307203,-16.48741649651016,0 -71.51962254784691,-16.48816851645005,0 -71.51882630860884,-16.48869067863013,0 -71.51832921263602,-16.4878704559833,0 -71.51915570307203,-16.48741649651016,0 
						</coordinates>
					</LinearRing>
				</outerBoundaryIs>
			</Polygon>
		</Placemark>
		<Placemark>
			<name>1.25.25-28</name>
			<styleUrl>#msn_ylw-pushpin400700</styleUrl>
			<Polygon>
				<tessellate>1</tessellate>
				<outerBoundaryIs>
					<LinearRing>
						<coordinates>
							-71.51965120109111,-16.48821730810713,0 -71.51996292070251,-16.48872317319949,0 -71.51913751393991,-16.48922334927648,0 -71.5188533036319,-16.488755514787,0 -71.51965120109111,-16.48821730810713,0 
						</coordinates>
					</LinearRing>
				</outerBoundaryIs>
			</Polygon>
		</Placemark>
		<Placemark>
			<name>1.25.25-29</name>
			<styleUrl>#msn_ylw-pushpin400700</styleUrl>
			<Polygon>
				<tessellate>1</tessellate>
				<outerBoundaryIs>
					<LinearRing>
						<coordinates>
							-71.52001032767791,-16.48882013673407,0 -71.52041398503607,-16.4894730745757,0 -71.51980979451407,-16.48994676550461,0 -71.51961745263812,-16.4899686647669,0 -71.51923263214994,-16.48934365474193,0 -71.52001032767791,-16.48882013673407,0 
						</coordinates>
					</LinearRing>
				</outerBoundaryIs>
			</Polygon>
		</Placemark>
		<Placemark>
			<name>1.25.25-30</name>
			<styleUrl>#msn_ylw-pushpin400700</styleUrl>
			<Polygon>
				<tessellate>1</tessellate>
				<outerBoundaryIs>
					<LinearRing>
						<coordinates>
							-71.52079275935709,-16.48823219057742,0 -71.52120550337156,-16.48885951863321,0 -71.52051192790391,-16.48932789154823,0 -71.52005743178697,-16.48868444909388,0 -71.52079275935709,-16.48823219057742,0 
						</coordinates>
					</LinearRing>
				</outerBoundaryIs>
			</Polygon>
		</Placemark>
		<Placemark>
			<name>1.25.25-31</name>
			<styleUrl>#msn_ylw-pushpin400700</styleUrl>
			<Polygon>
				<tessellate>1</tessellate>
				<outerBoundaryIs>
					<LinearRing>
						<coordinates>
							-71.5209780826889,-16.48709213818176,0 -71.52151758753931,-16.48769355485534,0 -71.52082185805448,-16.48813875632552,0 -71.5205093682228,-16.48767420188514,0 -71.52043097382418,-16.48772582064529,0 -71.5207476047708,-16.48817396680416,0 -71.52003000331189,-16.48860187275668,0 -71.51926048271987,-16.48735417397815,0 -71.52049575438474,-16.48643019621337,0 -71.5209780826889,-16.48709213818176,0 
						</coordinates>
					</LinearRing>
				</outerBoundaryIs>
			</Polygon>
		</Placemark>
		<Placemark>
			<name>1.25.29-1</name>
			<styleUrl>#msn_ylw-pushpin400700</styleUrl>
			<Polygon>
				<tessellate>1</tessellate>
				<outerBoundaryIs>
					<LinearRing>
						<coordinates>
							-71.52869421427586,-16.47137617579446,0 -71.52858976604006,-16.47192609186615,0 -71.52865219378472,-16.47245475637779,0 -71.52868581909902,-16.47303890816284,0 -71.52818058327698,-16.47322201997408,0 -71.5275550375617,-16.47171620353512,0 -71.52764243792132,-16.47155675068412,0 -71.52810413052039,-16.47126565402204,0 -71.52869421427586,-16.47137617579446,0 
						</coordinates>
					</LinearRing>
				</outerBoundaryIs>
			</Polygon>
		</Placemark>
		<Placemark>
			<name>1.25.29-2</name>
			<styleUrl>#msn_ylw-pushpin400700</styleUrl>
			<Polygon>
				<tessellate>1</tessellate>
				<outerBoundaryIs>
					<LinearRing>
						<coordinates>
							-71.52775010901352,-16.47243159950286,0 -71.52810797015459,-16.47323041978908,0 -71.52742300224796,-16.47349004388875,0 -71.52727585075399,-16.47323820915982,0 -71.52698217516604,-16.47304288605243,0 -71.52679815144515,-16.4728569639182,0 -71.52775010901352,-16.47243159950286,0 
						</coordinates>
					</LinearRing>
				</outerBoundaryIs>
			</Polygon>
		</Placemark>
		<Placemark>
			<name>1.25.29-3</name>
			<styleUrl>#msn_ylw-pushpin400700</styleUrl>
			<Polygon>
				<tessellate>1</tessellate>
				<outerBoundaryIs>
					<LinearRing>
						<coordinates>
							-71.52868613228087,-16.47313797576971,0 -71.52867325103777,-16.47338485046483,0 -71.52857028950308,-16.47370281675162,0 -71.52844484588458,-16.47399600358391,0 -71.52825221769181,-16.47422379255195,0 -71.52796939779726,-16.47432538053158,0 -71.52772608539613,-16.47436857046473,0 -71.52767100556456,-16.47413170257233,0 -71.5279362411422,-16.47389435277632,0 -71.52766276121093,-16.47363047060281,0 -71.52786173043641,-16.47345860963861,0 -71.52868613228087,-16.47313797576971,0 
						</coordinates>
					</LinearRing>
				</outerBoundaryIs>
			</Polygon>
		</Placemark>
		<Placemark>
			<name>1.25.29-5</name>
			<styleUrl>#msn_ylw-pushpin400700</styleUrl>
			<Polygon>
				<tessellate>1</tessellate>
				<outerBoundaryIs>
					<LinearRing>
						<coordinates>
							-71.52794238884313,-16.47443467317686,0 -71.52753637255418,-16.47474938129559,0 -71.52709167722796,-16.47504638532285,0 -71.52694667357656,-16.47484440053342,0 -71.52698264475862,-16.47448690214103,0 -71.52794238884313,-16.47443467317686,0 
						</coordinates>
					</LinearRing>
				</outerBoundaryIs>
			</Polygon>
		</Placemark>
		<Placemark>
			<name>1.25.29-6</name>
			<styleUrl>#msn_ylw-pushpin400700</styleUrl>
			<Polygon>
				<tessellate>1</tessellate>
				<outerBoundaryIs>
					<LinearRing>
						<coordinates>
							-71.52899956151839,-16.47410287600588,0 -71.52929971639314,-16.47502420670438,0 -71.52920396161674,-16.47505599028388,0 -71.52899477132156,-16.47496999415529,0 -71.52878003449979,-16.47487771805034,0 -71.52849093753733,-16.47480365177439,0 -71.52831314255293,-16.47477904611803,0 -71.52806384152369,-16.47485167582704,0 -71.5278109116706,-16.47494869112843,0 -71.52746373662204,-16.47511168493561,0 -71.52705675914454,-16.47540952717007,0 -71.52695467095889,-16.47533491907051,0 -71.52719615257827,-16.47508621191409,0 -71.5274083174252,-16.47491268972665,0 -71.52770366495687,-16.47471292120975,0 -71.5281925866679,-16.4743989066584,0 -71.52833132429267,-16.47438130868801,0 -71.52899956151839,-16.47410287600588,0 
						</coordinates>
					</LinearRing>
				</outerBoundaryIs>
			</Polygon>
		</Placemark>
		<Placemark>
			<name>1.25.29-7</name>
			<styleUrl>#msn_ylw-pushpin400700</styleUrl>
			<Polygon>
				<tessellate>1</tessellate>
				<outerBoundaryIs>
					<LinearRing>
						<coordinates>
							-71.52932465543637,-16.47590538476294,0 -71.52940415519238,-16.476083696542,0 -71.52924897671785,-16.47642148507321,0 -71.52886857828864,-16.47679497192934,0 -71.52868399327593,-16.47712651543277,0 -71.52849577217501,-16.47702049675659,0 -71.52832979846484,-16.47688952112611,0 -71.52870575432053,-16.47649319017679,0 -71.52927209806026,-16.47588784456656,0 -71.52932465543637,-16.47590538476294,0 
						</coordinates>
					</LinearRing>
				</outerBoundaryIs>
			</Polygon>
		</Placemark>
		<Placemark>
			<name>1.25.29-10</name>
			<styleUrl>#msn_ylw-pushpin400700</styleUrl>
			<Polygon>
				<tessellate>1</tessellate>
				<outerBoundaryIs>
					<LinearRing>
						<coordinates>
							-71.52972565328528,-16.47585944192286,0 -71.52971161876553,-16.47617500246336,0 -71.52962656284153,-16.47618387437923,0 -71.5295433606929,-16.47624880870244,0 -71.52943907270433,-16.47624526067242,0 -71.52950605500409,-16.4757567948758,0 -71.52972565328528,-16.47585944192286,0 
						</coordinates>
					</LinearRing>
				</outerBoundaryIs>
			</Polygon>
		</Placemark>
		<Placemark>
			<name>1.25.29-11</name>
			<styleUrl>#msn_ylw-pushpin400700</styleUrl>
			<Polygon>
				<tessellate>1</tessellate>
				<outerBoundaryIs>
					<LinearRing>
						<coordinates>
							-71.52987055243935,-16.47491101706027,0 -71.53013573668709,-16.47557946546101,0 -71.52973912809526,-16.47556960666986,0 -71.52950203842711,-16.47552927733136,0 -71.52945491133552,-16.47526209747098,0 -71.52938348095213,-16.47501644999786,0 -71.52987055243935,-16.47491101706027,0 
						</coordinates>
					</LinearRing>
				</outerBoundaryIs>
			</Polygon>
		</Placemark>
		<Placemark>
			<name>1.25.29-12</name>
			<styleUrl>#msn_ylw-pushpin400700</styleUrl>
			<Polygon>
				<tessellate>1</tessellate>
				<outerBoundaryIs>
					<LinearRing>
						<coordinates>
							-71.52964495262461,-16.47387511631034,0 -71.52977999339717,-16.47424420417245,0 -71.52978056803687,-16.47454079122498,0 -71.52981743090812,-16.47485973581389,0 -71.52936373628681,-16.47497436204432,0 -71.52912524545241,-16.47426331212176,0 -71.52907039856962,-16.47406298201767,0 -71.52964495262461,-16.47387511631034,0 
						</coordinates>
					</LinearRing>
				</outerBoundaryIs>
			</Polygon>
		</Placemark>
		<Placemark>
			<name>1.25.29-13</name>
			<styleUrl>#msn_ylw-pushpin400700</styleUrl>
			<Polygon>
				<tessellate>1</tessellate>
				<outerBoundaryIs>
					<LinearRing>
						<coordinates>
							-71.52883644266045,-16.47326478781241,0 -71.52897019476161,-16.47378193853812,0 -71.52899102236718,-16.47402987886188,0 -71.52857521428523,-16.47422431078502,0 -71.52822711648062,-16.47436146209902,0 -71.52819627892204,-16.47434340496105,0 -71.52836863035516,-16.47417605192586,0 -71.52855914762603,-16.47390379237243,0 -71.5286968007014,-16.47355464958882,0 -71.52879489562891,-16.47320906041133,0 -71.52883644266045,-16.47326478781241,0 
						</coordinates>
					</LinearRing>
				</outerBoundaryIs>
			</Polygon>
		</Placemark>
		<Placemark>
			<name>1.25.29-14</name>
			<styleUrl>#msn_ylw-pushpin400700</styleUrl>
			<Polygon>
				<tessellate>1</tessellate>
				<outerBoundaryIs>
					<LinearRing>
						<coordinates>
							-71.52911267901459,-16.47287502944584,0 -71.52932470052326,-16.47316700284259,0 -71.52944420924597,-16.47338491220475,0 -71.52956080986087,-16.47362202080653,0 -71.52962947028621,-16.47380426671281,0 -71.52906123642356,-16.47399638790122,0 -71.52901957213786,-16.47368950830548,0 -71.5289875961396,-16.47357308604181,0 -71.52906439899154,-16.47353319884288,0 -71.52890783559259,-16.47326447308736,0 -71.52878867304824,-16.47300512771926,0 -71.52911267901459,-16.47287502944584,0 
						</coordinates>
					</LinearRing>
				</outerBoundaryIs>
			</Polygon>
		</Placemark>
		<Placemark>
			<name>1.25.29-15</name>
			<styleUrl>#msn_ylw-pushpin400700</styleUrl>
			<Polygon>
				<tessellate>1</tessellate>
				<outerBoundaryIs>
					<LinearRing>
						<coordinates>
							-71.52993433980957,-16.47306712622267,0 -71.5301354865738,-16.47302758119019,0 -71.53033442071577,-16.47301253007685,0 -71.53047544772312,-16.47302923513918,0 -71.53040016285487,-16.4732060754573,0 -71.53029601125114,-16.47341620329758,0 -71.53018291655263,-16.47354171830553,0 -71.53008521061456,-16.47363822299962,0 -71.52993449404345,-16.4737175516072,0 -71.52971355434072,-16.47376970796107,0 -71.52944543431524,-16.47318838302302,0 -71.52993433980957,-16.47306712622267,0 
						</coordinates>
					</LinearRing>
				</outerBoundaryIs>
			</Polygon>
		</Placemark>
		<Placemark>
			<name>1.25.29-16</name>
			<styleUrl>#msn_ylw-pushpin400700</styleUrl>
			<Polygon>
				<tessellate>1</tessellate>
				<outerBoundaryIs>
					<LinearRing>
						<coordinates>
							-71.52997308458175,-16.47269766968353,0 -71.53000747747473,-16.47302138612874,0 -71.5293863098973,-16.47316040289263,0 -71.52923217091329,-16.47286468357775,0 -71.52966820722602,-16.47275027317711,0 -71.52993555803405,-16.47270457139172,0 -71.52997308458175,-16.47269766968353,0 
						</coordinates>
					</LinearRing>
				</outerBoundaryIs>
			</Polygon>
		</Placemark>
		<Placemark>
			<name>1.25.29-17</name>
			<styleUrl>#msn_ylw-pushpin400700</styleUrl>
			<Polygon>
				<tessellate>1</tessellate>
				<outerBoundaryIs>
					<LinearRing>
						<coordinates>
							-71.53054909593435,-16.47269095256035,0 -71.53047438437713,-16.47300494495639,0 -71.5301830340271,-16.47298578714776,0 -71.53002552127676,-16.47301383569163,0 -71.52999618510502,-16.47268602907747,0 -71.53054909593435,-16.47269095256035,0 
						</coordinates>
					</LinearRing>
				</outerBoundaryIs>
			</Polygon>
		</Placemark>
		<Placemark>
			<name>1.25.29-18</name>
			<styleUrl>#msn_ylw-pushpin400700</styleUrl>
			<Polygon>
				<tessellate>1</tessellate>
				<outerBoundaryIs>
					<LinearRing>
						<coordinates>
							-71.53056233163289,-16.47285626932451,0 -71.53059417025656,-16.47285617267179,0 -71.53057623303683,-16.47372156019376,0 -71.53064123138718,-16.47369883895695,0 -71.53063335155619,-16.47350599433324,0 -71.53082001336027,-16.47351758502695,0 -71.53084613637188,-16.47391462696781,0 -71.53082668957119,-16.47419526466218,0 -71.53073949897336,-16.47446153694157,0 -71.53065823629861,-16.47465437461466,0 -71.53054874535678,-16.47487409532666,0 -71.53031781850049,-16.47524108786143,0 -71.53014740797298,-16.47546076484764,0 -71.52996963589467,-16.47499874680628,0 -71.5298578780032,-16.47469813565899,0 -71.52986556163403,-16.47434401261026,0 -71.52974375854633,-16.47386670277813,0 -71.52993319005203,-16.47377407112343,0 -71.53024738721471,-16.4738736434398,0 -71.53020757785539,-16.47396023979022,0 -71.53052863069502,-16.47411593714383,0 -71.53057078556844,-16.4740403205155,0 -71.53033140890328,-16.47392346519753,0 -71.53033932825927,-16.47385529513801,0 -71.53002223430403,-16.47375332189542,0 -71.53020863341871,-16.47359502576499,0 -71.53032893904444,-16.47344653243895,0 -71.5304528599648,-16.47322331448019,0 -71.53056233163289,-16.47285626932451,0 
						</coordinates>
					</LinearRing>
				</outerBoundaryIs>
			</Polygon>
		</Placemark>
		<Placemark>
			<name>1.25.29-22</name>
			<styleUrl>#msn_ylw-pushpin400700</styleUrl>
			<Polygon>
				<tessellate>1</tessellate>
				<outerBoundaryIs>
					<LinearRing>
						<coordinates>
							-71.53014384953876,-16.47227249198608,0 -71.53017674627112,-16.47263703187395,0 -71.52979667494908,-16.47267208689241,0 -71.52921890363511,-16.4728378856115,0 -71.52916374609957,-16.47269149796314,0 -71.52922466163689,-16.47231623767934,0 -71.52968753172456,-16.47231808784428,0 -71.53014384953876,-16.47227249198608,0 
						</coordinates>
					</LinearRing>
				</outerBoundaryIs>
			</Polygon>
		</Placemark>
		<Placemark>
			<name>1.25.29-23</name>
			<styleUrl>#msn_ylw-pushpin400700</styleUrl>
			<Polygon>
				<tessellate>1</tessellate>
				<outerBoundaryIs>
					<LinearRing>
						<coordinates>
							-71.5304103560928,-16.47133021405993,0 -71.53046242351681,-16.47153175203747,0 -71.53047254391394,-16.47165225817476,0 -71.53012723828419,-16.47167649999771,0 -71.53015549604241,-16.47224423812551,0 -71.52989918128466,-16.4722600234043,0 -71.52986964228322,-16.47192614891429,0 -71.52981148456578,-16.47194144237868,0 -71.52982237339926,-16.47226857113775,0 -71.52944094655439,-16.47228060327597,0 -71.52922855346783,-16.47228691789196,0 -71.52927257334187,-16.47200526591414,0 -71.52937811281637,-16.47177057878086,0 -71.52947650453901,-16.47162683992464,0 -71.52960998652097,-16.4714566493939,0 -71.52979438983043,-16.47133707091483,0 -71.52997007916005,-16.47123548907833,0 -71.53016185515484,-16.47112370061762,0 -71.53022274750771,-16.47108701002738,0 -71.53037296040439,-16.4712363694877,0 -71.5304103560928,-16.47133021405993,0 
						</coordinates>
					</LinearRing>
				</outerBoundaryIs>
			</Polygon>
		</Placemark>
		<Placemark>
			<name>1.25.29-24</name>
			<styleUrl>#msn_ylw-pushpin400700</styleUrl>
			<Polygon>
				<tessellate>1</tessellate>
				<outerBoundaryIs>
					<LinearRing>
						<coordinates>
							-71.53080883851723,-16.47099173906075,0 -71.530660807638,-16.4717460314535,0 -71.53055919515477,-16.47174627131738,0 -71.5304776671617,-16.47139258935616,0 -71.53042200719766,-16.47119456259195,0 -71.5302449623472,-16.47105169881682,0 -71.53026079762428,-16.47099310890632,0 -71.53033146270691,-16.47095772571708,0 -71.53080883851723,-16.47099173906075,0 
						</coordinates>
					</LinearRing>
				</outerBoundaryIs>
			</Polygon>
		</Placemark>
		<Placemark>
			<name>1.25.29-25</name>
			<styleUrl>#msn_ylw-pushpin400700</styleUrl>
			<Polygon>
				<tessellate>1</tessellate>
				<outerBoundaryIs>
					<LinearRing>
						<coordinates>
							-71.52999544386461,-16.47073971738893,0 -71.53019805167088,-16.47101188378604,0 -71.52989292632098,-16.47120933566634,0 -71.52958183095301,-16.47139142641179,0 -71.52930345035747,-16.47101013378893,0 -71.52919943917576,-16.47080056814433,0 -71.52956809578907,-16.47084727430582,0 -71.52999544386461,-16.47073971738893,0 
						</coordinates>
					</LinearRing>
				</outerBoundaryIs>
			</Polygon>
		</Placemark>
		<Placemark>
			<name>1.25.29-26</name>
			<styleUrl>#msn_ylw-pushpin400700</styleUrl>
			<Polygon>
				<tessellate>1</tessellate>
				<outerBoundaryIs>
					<LinearRing>
						<coordinates>
							-71.53082984353263,-16.47091046031592,0 -71.53020633651484,-16.47097093257808,0 -71.53019234167077,-16.47093183140823,0 -71.53048116883818,-16.47073683520141,0 -71.53044983111289,-16.47070816304574,0 -71.53014599709527,-16.47089370888168,0 -71.53003104439532,-16.47070474614381,0 -71.52987278693868,-16.47071616746991,0 -71.52963320346849,-16.47077984507442,0 -71.52959406883433,-16.47071608830643,0 -71.5298337867047,-16.47052207628212,0 -71.53009437734219,-16.47023949014847,0 -71.53019179133838,-16.4700835468533,0 -71.5303272700168,-16.47009359739879,0 -71.53043829773051,-16.47012324928756,0 -71.53052322937974,-16.47018526183172,0 -71.53062241801277,-16.47024594364671,0 -71.53073654658053,-16.4703846429143,0 -71.53078221806592,-16.47047654352744,0 -71.53082817805866,-16.47062533818949,0 -71.53082984353263,-16.47091046031592,0 
						</coordinates>
					</LinearRing>
				</outerBoundaryIs>
			</Polygon>
		</Placemark>
		<Placemark>
			<name>1.25.29-27</name>
			<styleUrl>#msn_ylw-pushpin400700</styleUrl>
			<Polygon>
				<tessellate>1</tessellate>
				<outerBoundaryIs>
					<LinearRing>
						<coordinates>
							-71.52984277021693,-16.47044209438248,0 -71.52972760901241,-16.47057061133253,0 -71.52953098082776,-16.47068013881322,0 -71.52948348380187,-16.47062799032757,0 -71.52968459317499,-16.4704681180952,0 -71.52980604871027,-16.47040306979914,0 -71.52984277021693,-16.47044209438248,0 
						</coordinates>
					</LinearRing>
				</outerBoundaryIs>
			</Polygon>
		</Placemark>
		<Placemark>
			<name>1.25.29-28</name>
			<styleUrl>#msn_ylw-pushpin400700</styleUrl>
			<Polygon>
				<tessellate>1</tessellate>
				<outerBoundaryIs>
					<LinearRing>
						<coordinates>
							-71.52918690712784,-16.47203078773432,0 -71.52915374458684,-16.47242281867282,0 -71.5287218008678,-16.47245502176278,0 -71.52866113377178,-16.47200327337126,0 -71.52880723960398,-16.47141545476658,0 -71.52895624235458,-16.47071376557541,0 -71.52912354206534,-16.47071247753219,0 -71.52925081666476,-16.47100031726314,0 -71.52951372492734,-16.47139402587553,0 -71.52918690712784,-16.47203078773432,0 
						</coordinates>
					</LinearRing>
				</outerBoundaryIs>
			</Polygon>
		</Placemark>
		<Placemark>
			<name>1.25.29-29</name>
			<styleUrl>#msn_ylw-pushpin400700</styleUrl>
			<Polygon>
				<tessellate>1</tessellate>
				<outerBoundaryIs>
					<LinearRing>
						<coordinates>
							-71.52925333471624,-16.47511455189193,0 -71.52929347831395,-16.47570184315976,0 -71.52892889791613,-16.47579942884159,0 -71.5285472471497,-16.47547473844792,0 -71.52804965623058,-16.47553041993712,0 -71.52772079503052,-16.47612201937495,0 -71.52726871623352,-16.47530443817168,0 -71.52804881550463,-16.4749311880512,0 -71.52857869648972,-16.47491349120979,0 -71.52925333471624,-16.47511455189193,0 
						</coordinates>
					</LinearRing>
				</outerBoundaryIs>
			</Polygon>
		</Placemark>
		<Placemark>
			<name>1.25.29-30</name>
			<styleUrl>#msn_ylw-pushpin400700</styleUrl>
			<Polygon>
				<tessellate>1</tessellate>
				<outerBoundaryIs>
					<LinearRing>
						<coordinates>
							-71.52687101670358,-16.47452058566866,0 -71.52690095096904,-16.474950022321,0 -71.5270189480029,-16.47503949388397,0 -71.52677041764065,-16.47538292547153,0 -71.52541171162584,-16.47540936902435,0 -71.52545310537826,-16.47463709726145,0 -71.52557722673829,-16.4742811293113,0 -71.52626781536902,-16.4744869563599,0 -71.52687101670358,-16.47452058566866,0 
						</coordinates>
					</LinearRing>
				</outerBoundaryIs>
			</Polygon>
		</Placemark>
		<Placemark>
			<name>1.25.29-32</name>
			<styleUrl>#msn_ylw-pushpin400700</styleUrl>
			<Polygon>
				<tessellate>1</tessellate>
				<outerBoundaryIs>
					<LinearRing>
						<coordinates>
							-71.52477602421563,-16.47600667537776,0 -71.52476386895259,-16.47600971815752,0 -71.52475172455193,-16.47601275821614,0 -71.52434472400152,-16.47605803709552,0 -71.52406130996471,-16.47605803908818,0 -71.52399352870974,-16.47596379829847,0 -71.52419439819221,-16.47576066934282,0 -71.52446968759494,-16.47547503573238,0 -71.52447569686611,-16.47546085592182,0 -71.52449791893501,-16.47543948298874,0 -71.52454972735629,-16.47490294078404,0 -71.52483202910805,-16.4745328151271,0 -71.52493838454281,-16.47440006922322,0 -71.52541985603283,-16.47443709792758,0 -71.52539332930458,-16.47472639175684,0 -71.52532234541536,-16.47496006767432,0 -71.52539695097975,-16.47515757747281,0 -71.52533978444305,-16.47548914590501,0 -71.52532881857485,-16.4758605272805,0 -71.52477602421563,-16.47600667537776,0 
						</coordinates>
					</LinearRing>
				</outerBoundaryIs>
			</Polygon>
		</Placemark>
		<Placemark>
			<name>1.25.24-1</name>
			<styleUrl>#msn_ylw-pushpin400700</styleUrl>
			<Polygon>
				<tessellate>1</tessellate>
				<outerBoundaryIs>
					<LinearRing>
						<coordinates>
							-71.52347973258931,-16.47230394927592,0 -71.5234507577148,-16.47250541048725,0 -71.52268950136533,-16.47242040168972,0 -71.52271767951589,-16.47220672825128,0 -71.52347973258931,-16.47230394927592,0 
						</coordinates>
					</LinearRing>
				</outerBoundaryIs>
			</Polygon>
		</Placemark>
		<Placemark>
			<name>1.25.24-3</name>
			<styleUrl>#msn_ylw-pushpin400700</styleUrl>
			<Polygon>
				<tessellate>1</tessellate>
				<outerBoundaryIs>
					<LinearRing>
						<coordinates>
							-71.52479943476817,-16.4726111867069,0 -71.52471014785998,-16.47310114014738,0 -71.52346630506345,-16.47289722377062,0 -71.52354173346194,-16.47240689733458,0 -71.52479943476817,-16.4726111867069,0 
						</coordinates>
					</LinearRing>
				</outerBoundaryIs>
			</Polygon>
		</Placemark>
		<Placemark>
			<name>1.25.24-4</name>
			<styleUrl>#msn_ylw-pushpin400700</styleUrl>
			<Polygon>
				<tessellate>1</tessellate>
				<outerBoundaryIs>
					<LinearRing>
						<coordinates>
							-71.52469424489433,-16.47315548574074,0 -71.52466878121744,-16.47354746999027,0 -71.52339143322446,-16.47338798149651,0 -71.52345011250259,-16.47296922427693,0 -71.52469424489433,-16.47315548574074,0 
						</coordinates>
					</LinearRing>
				</outerBoundaryIs>
			</Polygon>
		</Placemark>
		<Placemark>
			<name>1.25.30-3</name>
			<styleUrl>#msn_ylw-pushpin400700</styleUrl>
			<Polygon>
				<tessellate>1</tessellate>
				<outerBoundaryIs>
					<LinearRing>
						<coordinates>
							-71.5258028483797,-16.47380821866743,0 -71.52537373855839,-16.47372386427724,0 -71.52469890856121,-16.47361491860378,0 -71.52473562056875,-16.47343755537663,0 -71.52586040608982,-16.47364120050129,0 -71.5258028483797,-16.47380821866743,0 
						</coordinates>
					</LinearRing>
				</outerBoundaryIs>
			</Polygon>
		</Placemark>
		<Placemark>
			<name>1.25.31-1</name>
			<styleUrl>#msn_ylw-pushpin400700</styleUrl>
			<Polygon>
				<tessellate>1</tessellate>
				<outerBoundaryIs>
					<LinearRing>
						<coordinates>
							-71.52297618040613,-16.4710450468457,0 -71.52285991177955,-16.47197977871495,0 -71.52267142704615,-16.47215754437457,0 -71.52238607390751,-16.47212767770124,0 -71.52243679189125,-16.47184887935741,0 -71.5227167693609,-16.4711428380325,0 -71.52297618040613,-16.4710450468457,0 
						</coordinates>
					</LinearRing>
				</outerBoundaryIs>
			</Polygon>
		</Placemark>
		<Placemark>
			<name>1.25.31-2</name>
			<styleUrl>#msn_ylw-pushpin400700</styleUrl>
			<Polygon>
				<tessellate>1</tessellate>
				<outerBoundaryIs>
					<LinearRing>
						<coordinates>
							-71.5237212907868,-16.47144073676769,0 -71.5235782130364,-16.47186896618598,0 -71.52298486818128,-16.47172886802075,0 -71.52305315057546,-16.47129609524867,0 -71.5237212907868,-16.47144073676769,0 
						</coordinates>
					</LinearRing>
				</outerBoundaryIs>
			</Polygon>
		</Placemark>
		<Placemark>
			<name>1.25.31-3</name>
			<styleUrl>#msn_ylw-pushpin400700</styleUrl>
			<Polygon>
				<tessellate>1</tessellate>
				<outerBoundaryIs>
					<LinearRing>
						<coordinates>
							-71.52414658326333,-16.47193934410123,0 -71.52406507077522,-16.47239999670596,0 -71.52357105191098,-16.47231185795767,0 -71.52371171872525,-16.47184895004677,0 -71.52414658326333,-16.47193934410123,0 
						</coordinates>
					</LinearRing>
				</outerBoundaryIs>
			</Polygon>
		</Placemark>
		<Placemark>
			<name>1.25.31-4</name>
			<styleUrl>#msn_ylw-pushpin400700</styleUrl>
			<Polygon>
				<tessellate>1</tessellate>
				<outerBoundaryIs>
					<LinearRing>
						<coordinates>
							-71.52444597108594,-16.47138029153078,0 -71.52437472693232,-16.47187764193884,0 -71.52376983216611,-16.47174842923879,0 -71.52389600623424,-16.47128423864118,0 -71.52444597108594,-16.47138029153078,0 
						</coordinates>
					</LinearRing>
				</outerBoundaryIs>
			</Polygon>
		</Placemark>
		<Placemark>
			<name>1.25.31-5</name>
			<styleUrl>#msn_ylw-pushpin400700</styleUrl>
			<Polygon>
				<tessellate>1</tessellate>
				<outerBoundaryIs>
					<LinearRing>
						<coordinates>
							-71.5238393261874,-16.47103481329734,0 -71.52372284563057,-16.47140167789161,0 -71.52303845380325,-16.47125180462504,0 -71.52309324223759,-16.47085374915662,0 -71.5238393261874,-16.47103481329734,0 
						</coordinates>
					</LinearRing>
				</outerBoundaryIs>
			</Polygon>
		</Placemark>
		<Placemark>
			<name>1.25.31-6</name>
			<styleUrl>#msn_ylw-pushpin400700</styleUrl>
			<Polygon>
				<tessellate>1</tessellate>
				<outerBoundaryIs>
					<LinearRing>
						<coordinates>
							-71.52306405511465,-16.47048480944172,0 -71.52300299242732,-16.47096414300175,0 -71.5228157166449,-16.47095572421657,0 -71.52288056433586,-16.47045241882487,0 -71.52306405511465,-16.47048480944172,0 
						</coordinates>
					</LinearRing>
				</outerBoundaryIs>
			</Polygon>
		</Placemark>
		<Placemark>
			<name>1.25.31-7</name>
			<styleUrl>#msn_ylw-pushpin400700</styleUrl>
			<Polygon>
				<tessellate>1</tessellate>
				<outerBoundaryIs>
					<LinearRing>
						<coordinates>
							-71.52398237111615,-16.47058262186621,0 -71.52386828843879,-16.47096596231332,0 -71.52344968942343,-16.47085575356835,0 -71.52352706461829,-16.47050050565206,0 -71.52398237111615,-16.47058262186621,0 
						</coordinates>
					</LinearRing>
				</outerBoundaryIs>
			</Polygon>
		</Placemark>
		<Placemark>
			<name>1.25.31-8</name>
			<styleUrl>#msn_ylw-pushpin400700</styleUrl>
			<Polygon>
				<tessellate>1</tessellate>
				<outerBoundaryIs>
					<LinearRing>
						<coordinates>
							-71.52444215952534,-16.47130765436688,0 -71.52390547875819,-16.4712036993033,0 -71.52410805238617,-16.4703618744264,0 -71.52431516271326,-16.47041407212717,0 -71.52425716038029,-16.47075468745975,0 -71.52444215952534,-16.47130765436688,0 
						</coordinates>
					</LinearRing>
				</outerBoundaryIs>
			</Polygon>
		</Placemark>
		<Placemark>
			<name>1.25.31-9</name>
			<styleUrl>#msn_ylw-pushpin400700</styleUrl>
			<Polygon>
				<tessellate>1</tessellate>
				<outerBoundaryIs>
					<LinearRing>
						<coordinates>
							-71.52408730729714,-16.47015994626944,0 -71.5239885823827,-16.47053247755348,0 -71.52359701997695,-16.47043847023983,0 -71.52369246560328,-16.47005762689061,0 -71.52408730729714,-16.47015994626944,0 
						</coordinates>
					</LinearRing>
				</outerBoundaryIs>
			</Polygon>
		</Placemark>
		<Placemark>
			<name>1.25.31-10</name>
			<styleUrl>#msn_ylw-pushpin400700</styleUrl>
			<Polygon>
				<tessellate>1</tessellate>
				<outerBoundaryIs>
					<LinearRing>
						<coordinates>
							-71.52411211102257,-16.47013886430114,0 -71.52371101274747,-16.47001785828593,0 -71.52408646900528,-16.46939481636581,0 -71.52415127704361,-16.46941066194884,0 -71.52411211102257,-16.47013886430114,0 
						</coordinates>
					</LinearRing>
				</outerBoundaryIs>
			</Polygon>
		</Placemark>
		<Placemark>
			<name>1.25.31-11</name>
			<styleUrl>#msn_ylw-pushpin400700</styleUrl>
			<Polygon>
				<tessellate>1</tessellate>
				<outerBoundaryIs>
					<LinearRing>
						<coordinates>
							-71.52289637957043,-16.47041287170664,0 -71.52280550818193,-16.46789361783424,0 -71.52308178672902,-16.46787709350098,0 -71.52309618756527,-16.46979280417699,0 -71.52308374574157,-16.4704185221632,0 -71.52289637957043,-16.47041287170664,0 
						</coordinates>
					</LinearRing>
				</outerBoundaryIs>
			</Polygon>
		</Placemark>
		<Placemark>
			<name>1.25.31-12</name>
			<styleUrl>#msn_ylw-pushpin400700</styleUrl>
			<Polygon>
				<tessellate>1</tessellate>
				<outerBoundaryIs>
					<LinearRing>
						<coordinates>
							-71.52457604798668,-16.46609295369442,0 -71.52458591328366,-16.46621057880173,0 -71.52488262223123,-16.46630829355335,0 -71.52508231997871,-16.4676875121422,0 -71.52310318359845,-16.46782747102552,0 -71.5228632701231,-16.46743284092918,0 -71.52288967390993,-16.4662834971714,0 -71.52457604798668,-16.46609295369442,0 
						</coordinates>
					</LinearRing>
				</outerBoundaryIs>
			</Polygon>
		</Placemark>
		<Placemark>
			<name>1.25.31-13</name>
			<styleUrl>#msn_ylw-pushpin400700</styleUrl>
			<Polygon>
				<tessellate>1</tessellate>
				<outerBoundaryIs>
					<LinearRing>
						<coordinates>
							-71.52357335298701,-16.46786467544368,0 -71.52356826321073,-16.46853505563136,0 -71.52316881811029,-16.4685543450178,0 -71.52315433175868,-16.46788830696363,0 -71.52357335298701,-16.46786467544368,0 
						</coordinates>
					</LinearRing>
				</outerBoundaryIs>
			</Polygon>
		</Placemark>
		<Placemark>
			<name>1.25.31-14</name>
			<styleUrl>#msn_ylw-pushpin400700</styleUrl>
			<Polygon>
				<tessellate>1</tessellate>
				<outerBoundaryIs>
					<LinearRing>
						<coordinates>
							-71.52356978612799,-16.46859953337829,0 -71.52354420787194,-16.46900798509383,0 -71.52317421078671,-16.46902238542502,0 -71.52317249682122,-16.46861548978681,0 -71.52356978612799,-16.46859953337829,0 
						</coordinates>
					</LinearRing>
				</outerBoundaryIs>
			</Polygon>
		</Placemark>
		<Placemark>
			<name>1.25.31-15</name>
			<styleUrl>#msn_ylw-pushpin400700</styleUrl>
			<Polygon>
				<tessellate>1</tessellate>
				<outerBoundaryIs>
					<LinearRing>
						<coordinates>
							-71.52355013625156,-16.46942670778894,0 -71.52317512662083,-16.46944062013588,0 -71.52317672889558,-16.46905690660096,0 -71.52354039760642,-16.4690447827797,0 -71.52355013625156,-16.46942670778894,0 
						</coordinates>
					</LinearRing>
				</outerBoundaryIs>
			</Polygon>
		</Placemark>
		<Placemark>
			<name>1.25.31-16</name>
			<styleUrl>#msn_ylw-pushpin400700</styleUrl>
			<Polygon>
				<tessellate>1</tessellate>
				<outerBoundaryIs>
					<LinearRing>
						<coordinates>
							-71.5235776307856,-16.46948714365531,0 -71.52359392152742,-16.46983257904239,0 -71.52320049671079,-16.46986527583608,0 -71.52318762977136,-16.46950001785547,0 -71.5235776307856,-16.46948714365531,0 
						</coordinates>
					</LinearRing>
				</outerBoundaryIs>
			</Polygon>
		</Placemark>
		<Placemark>
			<name>1.25.31-17</name>
			<styleUrl>#msn_ylw-pushpin400700</styleUrl>
			<Polygon>
				<tessellate>1</tessellate>
				<outerBoundaryIs>
					<LinearRing>
						<coordinates>
							-71.52409113844152,-16.46930378829397,0 -71.52372565513458,-16.46983640126068,0 -71.52367242392833,-16.46984644785129,0 -71.52364485263364,-16.46862147019323,0 -71.52368457562886,-16.46860791776537,0 -71.52409113844152,-16.46930378829397,0 
						</coordinates>
					</LinearRing>
				</outerBoundaryIs>
			</Polygon>
		</Placemark>
		<Placemark>
			<name>1.25.31-18</name>
			<styleUrl>#msn_ylw-pushpin400700</styleUrl>
			<Polygon>
				<tessellate>1</tessellate>
				<outerBoundaryIs>
					<LinearRing>
						<coordinates>
							-71.52414146150797,-16.46781032613322,0 -71.52401380340036,-16.469039796659,0 -71.52372991672213,-16.46856357246444,0 -71.52379638691846,-16.46782079673214,0 -71.52414146150797,-16.46781032613322,0 
						</coordinates>
					</LinearRing>
				</outerBoundaryIs>
			</Polygon>
		</Placemark>
		<Placemark>
			<name>1.25.31-19</name>
			<styleUrl>#msn_ylw-pushpin400700</styleUrl>
			<Polygon>
				<tessellate>1</tessellate>
				<outerBoundaryIs>
					<LinearRing>
						<coordinates>
							-71.52521378673505,-16.46882903808178,0 -71.52520898814498,-16.46922047532911,0 -71.52543732253336,-16.46962770438421,0 -71.52439217184872,-16.47029867879989,0 -71.52419043514141,-16.47023847240458,0 -71.52421269517761,-16.469741157121,0 -71.52418397962411,-16.46934599620586,0 -71.5241467565087,-16.46912947537291,0 -71.52410718549422,-16.46887995923096,0 -71.52421531608776,-16.46810795324151,0 -71.52440869832841,-16.4681446872343,0 -71.52445030139101,-16.4682175303757,0 -71.52450532201291,-16.46828954951233,0 -71.52457818405929,-16.46841938185207,0 -71.52463834962911,-16.46910430262329,0 -71.52471050717674,-16.46964519270798,0 -71.52451595257023,-16.46968526882268,0 -71.52449843221746,-16.46932805491982,0 -71.52463323989859,-16.46929954701218,0 -71.52463795049229,-16.46917933779572,0 -71.52439400610703,-16.4692578265217,0 -71.5244387982556,-16.46992829244404,0 -71.52482704908928,-16.46973969052753,0 -71.52488032850286,-16.46914212888114,0 -71.52469060945748,-16.46916694814655,0 -71.52461452965882,-16.46842800103347,0 -71.52454184458728,-16.46825738908994,0 -71.52441296385784,-16.46808954024733,0 -71.52421441806169,-16.46804799608761,0 -71.5241921165714,-16.46779589572306,0 -71.52478523418895,-16.46775973786198,0 -71.52513212029619,-16.46780330858766,0 -71.52521378673505,-16.46882903808178,0 
						</coordinates>
					</LinearRing>
				</outerBoundaryIs>
			</Polygon>
		</Placemark>
		<Placemark>
			<name>1.25.31-20</name>
			<styleUrl>#msn_ylw-pushpin400700</styleUrl>
			<Polygon>
				<tessellate>1</tessellate>
				<outerBoundaryIs>
					<LinearRing>
						<coordinates>
							-71.52230550024079,-16.47227133548431,0 -71.52228321209375,-16.47245576245709,0 -71.52209753342717,-16.47256991281886,0 -71.52202136620956,-16.47237798848918,0 -71.52230550024079,-16.47227133548431,0 
						</coordinates>
					</LinearRing>
				</outerBoundaryIs>
			</Polygon>
		</Placemark>
		<Placemark>
			<name>1.25.23-1</name>
			<styleUrl>#msn_ylw-pushpin400700</styleUrl>
			<Polygon>
				<tessellate>1</tessellate>
				<outerBoundaryIs>
					<LinearRing>
						<coordinates>
							-71.52715597040965,-16.46546173495615,0 -71.52677365868779,-16.46537579345183,0 -71.52670882634023,-16.46543875440206,0 -71.52639634087527,-16.46554921177251,0 -71.52639549883575,-16.46541488570524,0 -71.52666251455567,-16.46492036560332,0 -71.52669900606148,-16.46514687509107,0 -71.52715597040965,-16.46546173495615,0 
						</coordinates>
					</LinearRing>
				</outerBoundaryIs>
			</Polygon>
		</Placemark>
		<Placemark>
			<name>1.25.23-2</name>
			<styleUrl>#msn_ylw-pushpin400700</styleUrl>
			<Polygon>
				<tessellate>1</tessellate>
				<outerBoundaryIs>
					<LinearRing>
						<coordinates>
							-71.52750757393275,-16.46576468128658,0 -71.52758721126753,-16.46593452263635,0 -71.52666556885158,-16.46585475665064,0 -71.52666532663328,-16.46570480786282,0 -71.52661249334061,-16.4655361646699,0 -71.52680727191672,-16.46546273603391,0 -71.52725901511927,-16.46553243943803,0 -71.52750757393275,-16.46576468128658,0 
						</coordinates>
					</LinearRing>
				</outerBoundaryIs>
			</Polygon>
		</Placemark>
		<Placemark>
			<name>1.25.23-3</name>
			<styleUrl>#msn_ylw-pushpin400700</styleUrl>
			<Polygon>
				<tessellate>1</tessellate>
				<outerBoundaryIs>
					<LinearRing>
						<coordinates>
							-71.52762719053895,-16.4660041915185,0 -71.52768069175666,-16.46618350420867,0 -71.52746257584718,-16.46621743738948,0 -71.52731384930449,-16.46627571021812,0 -71.52714217905475,-16.46634142058029,0 -71.52700679746432,-16.46633337387573,0 -71.52702840194465,-16.46620721622045,0 -71.52691369188783,-16.46620412675208,0 -71.52690187816489,-16.46633017017323,0 -71.5266935154218,-16.46631520755551,0 -71.52672679606167,-16.46591372615224,0 -71.52762719053895,-16.4660041915185,0 
						</coordinates>
					</LinearRing>
				</outerBoundaryIs>
			</Polygon>
		</Placemark>
		<Placemark>
			<name>1.25.23-4</name>
			<styleUrl>#msn_ylw-pushpin400700</styleUrl>
			<Polygon>
				<tessellate>1</tessellate>
				<outerBoundaryIs>
					<LinearRing>
						<coordinates>
							-71.52664284657308,-16.4659195768581,0 -71.52662971186027,-16.46613861557358,0 -71.52543744425134,-16.46642370964808,0 -71.52481794724855,-16.46626121130544,0 -71.5248635780238,-16.4660659367213,0 -71.52547276600549,-16.46618218544011,0 -71.52547997554338,-16.46598442435246,0 -71.52532711175303,-16.46571634238094,0 -71.52654473609833,-16.46555640626459,0 -71.52662674371223,-16.46577767711143,0 -71.52664284657308,-16.4659195768581,0 
						</coordinates>
					</LinearRing>
				</outerBoundaryIs>
			</Polygon>
		</Placemark>
		<Placemark>
			<name>1.25.23-5</name>
			<styleUrl>#msn_ylw-pushpin400700</styleUrl>
			<Polygon>
				<tessellate>1</tessellate>
				<outerBoundaryIs>
					<LinearRing>
						<coordinates>
							-71.5270516671285,-16.46641127304025,0 -71.52693507646632,-16.46683839717221,0 -71.52703172760073,-16.46701345679566,0 -71.5259848236428,-16.46706038184883,0 -71.52594174760176,-16.46637287048287,0 -71.52662930712076,-16.46622091693964,0 -71.52662146894934,-16.46642286889157,0 -71.52624142349617,-16.46651548012328,0 -71.52624179560812,-16.46656291331291,0 -71.52659859462584,-16.4664733500789,0 -71.52667805358101,-16.4664664001932,0 -71.52669025660573,-16.46636062514789,0 -71.5270516671285,-16.46641127304025,0 
						</coordinates>
					</LinearRing>
				</outerBoundaryIs>
			</Polygon>
		</Placemark>
		<Placemark>
			<name>1.25.23-6</name>
			<styleUrl>#msn_ylw-pushpin400700</styleUrl>
			<Polygon>
				<tessellate>1</tessellate>
				<outerBoundaryIs>
					<LinearRing>
						<coordinates>
							-71.52718237300037,-16.46740554251906,0 -71.52730940973525,-16.46785439660234,0 -71.52727206653822,-16.46790589643456,0 -71.5271597824304,-16.46785361204409,0 -71.52518592686064,-16.46770555772353,0 -71.525097549878,-16.46720597023948,0 -71.52597073011252,-16.46711277979954,0 -71.52705708867042,-16.4670668366326,0 -71.52716707825483,-16.46734727226966,0 -71.52687340258232,-16.46740537938219,0 -71.52689242905377,-16.46746715299113,0 -71.52718237300037,-16.46740554251906,0 
						</coordinates>
					</LinearRing>
				</outerBoundaryIs>
			</Polygon>
		</Placemark>
		<Placemark>
			<name>1.25.23-7</name>
			<styleUrl>#msn_ylw-pushpin400700</styleUrl>
			<Polygon>
				<tessellate>1</tessellate>
				<outerBoundaryIs>
					<LinearRing>
						<coordinates>
							-71.52844715685447,-16.46714914275362,0 -71.52862317756836,-16.46778171364723,0 -71.5279415682361,-16.46797161378656,0 -71.52758148058211,-16.46799885292431,0 -71.52737617732386,-16.46792733653739,0 -71.52723310161372,-16.46737885334535,0 -71.52790683908471,-16.46720276124675,0 -71.52844715685447,-16.46714914275362,0 
						</coordinates>
					</LinearRing>
				</outerBoundaryIs>
			</Polygon>
		</Placemark>
		<Placemark>
			<name>1.25.23-8</name>
			<styleUrl>#msn_ylw-pushpin400700</styleUrl>
			<Polygon>
				<tessellate>1</tessellate>
				<outerBoundaryIs>
					<LinearRing>
						<coordinates>
							-71.52790127396837,-16.46659136431269,0 -71.52787568083588,-16.46674322094764,0 -71.52788269711765,-16.46713212485982,0 -71.5275236062509,-16.46722139352512,0 -71.52723152020174,-16.46730798900952,0 -71.52714632737843,-16.46703912789146,0 -71.52701042337907,-16.46682460037319,0 -71.52712585969392,-16.46645454472399,0 -71.52790127396837,-16.46659136431269,0 
						</coordinates>
					</LinearRing>
				</outerBoundaryIs>
			</Polygon>
		</Placemark>
		<Placemark>
			<name>1.25.23-9</name>
			<styleUrl>#msn_ylw-pushpin400700</styleUrl>
			<Polygon>
				<tessellate>1</tessellate>
				<outerBoundaryIs>
					<LinearRing>
						<coordinates>
							-71.52786749006536,-16.46628946360541,0 -71.52783109775071,-16.46653074542384,0 -71.52723717506294,-16.46643009480924,0 -71.5271432348552,-16.46641299363286,0 -71.5274456085961,-16.46625076315784,0 -71.52774181861706,-16.46623044663919,0 -71.52786749006536,-16.46628946360541,0 
						</coordinates>
					</LinearRing>
				</outerBoundaryIs>
			</Polygon>
		</Placemark>
		<Placemark>
			<name>1.25.23-10</name>
			<styleUrl>#msn_ylw-pushpin400700</styleUrl>
			<Polygon>
				<tessellate>1</tessellate>
				<outerBoundaryIs>
					<LinearRing>
						<coordinates>
							-71.5282097837828,-16.46641702240519,0 -71.52842926963774,-16.46709259661894,0 -71.52817103723183,-16.46713766246394,0 -71.52792459912588,-16.46712505142594,0 -71.52791496418,-16.46683423404338,0 -71.52793001956211,-16.46660412891322,0 -71.52793358217708,-16.46656469035138,0 -71.52785488258267,-16.46654761011743,0 -71.5278955968783,-16.46631158107691,0 -71.5282097837828,-16.46641702240519,0 
						</coordinates>
					</LinearRing>
				</outerBoundaryIs>
			</Polygon>
		</Placemark>
		<Placemark>
			<name>1.25.23-11</name>
			<styleUrl>#msn_ylw-pushpin400700</styleUrl>
			<Polygon>
				<tessellate>1</tessellate>
				<outerBoundaryIs>
					<LinearRing>
						<coordinates>
							-71.52842557112865,-16.46649197784463,0 -71.52856913855915,-16.46656144627515,0 -71.52866515080851,-16.46663910129959,0 -71.5287571057798,-16.46671898063956,0 -71.52882137988021,-16.46679894960714,0 -71.52891694953219,-16.4669697810898,0 -71.52850445011079,-16.46707456260385,0 -71.52824742721523,-16.46643717316107,0 -71.52842557112865,-16.46649197784463,0 
						</coordinates>
					</LinearRing>
				</outerBoundaryIs>
			</Polygon>
		</Placemark>
		<Placemark>
			<name>1.25.23-12</name>
			<styleUrl>#msn_ylw-pushpin400700</styleUrl>
			<Polygon>
				<tessellate>1</tessellate>
				<outerBoundaryIs>
					<LinearRing>
						<coordinates>
							-71.52939122382351,-16.46680682283552,0 -71.52908586656746,-16.46692016617513,0 -71.528987405287,-16.46695138578497,0 -71.52885909738264,-16.46672677900647,0 -71.52876276403676,-16.46662838138482,0 -71.52867480898539,-16.46654202775994,0 -71.52848924841309,-16.46644762609419,0 -71.52852102013495,-16.46618463575943,0 -71.52881122327931,-16.46617943784027,0 -71.52892216133927,-16.46621775891899,0 -71.52901365973234,-16.46630769433066,0 -71.52912475409097,-16.46644528949638,0 -71.52923138910361,-16.4665461194642,0 -71.52930896622686,-16.46664283494977,0 -71.52939122382351,-16.46680682283552,0 
						</coordinates>
					</LinearRing>
				</outerBoundaryIs>
			</Polygon>
		</Placemark>
		<Placemark>
			<name>1.25.23-14</name>
			<styleUrl>#msn_ylw-pushpin400700</styleUrl>
			<Polygon>
				<tessellate>1</tessellate>
				<outerBoundaryIs>
					<LinearRing>
						<coordinates>
							-71.52940867918025,-16.46682552572498,0 -71.5296776146905,-16.4674531367022,0 -71.52987985863443,-16.46778199024656,0 -71.52937573855579,-16.46793935660125,0 -71.52924768824735,-16.46752683889599,0 -71.52929954956818,-16.46750486223179,0 -71.52910177986713,-16.46693901611418,0 -71.52940867918025,-16.46682552572498,0 
						</coordinates>
					</LinearRing>
				</outerBoundaryIs>
			</Polygon>
		</Placemark>
		<Placemark>
			<name>1.25.23-15</name>
			<styleUrl>#msn_ylw-pushpin400700</styleUrl>
			<Polygon>
				<tessellate>1</tessellate>
				<outerBoundaryIs>
					<LinearRing>
						<coordinates>
							-71.53061650125339,-16.46798458669351,0 -71.53035747544952,-16.46837139303011,0 -71.5298856398,-16.46819583130944,0 -71.52975764179202,-16.46826097704928,0 -71.52940973107037,-16.46814630847111,0 -71.52942431287143,-16.46805542571822,0 -71.52939343422226,-16.46795727305198,0 -71.52989140739065,-16.46779693906297,0 -71.53054175814063,-16.46768827902993,0 -71.53061650125339,-16.46798458669351,0 
						</coordinates>
					</LinearRing>
				</outerBoundaryIs>
			</Polygon>
		</Placemark>
		<Placemark>
			<name>1.25.23-16</name>
			<styleUrl>#msn_ylw-pushpin400700</styleUrl>
			<Polygon>
				<tessellate>1</tessellate>
				<outerBoundaryIs>
					<LinearRing>
						<coordinates>
							-71.52972763492795,-16.46827663063374,0 -71.52962511996618,-16.46837637914836,0 -71.52953233198274,-16.46851937172756,0 -71.52935585473385,-16.46837139782662,0 -71.52941486954175,-16.46816320876951,0 -71.52972763492795,-16.46827663063374,0 
						</coordinates>
					</LinearRing>
				</outerBoundaryIs>
			</Polygon>
		</Placemark>
		<Placemark>
			<name>1.25.23-17</name>
			<styleUrl>#msn_ylw-pushpin400700</styleUrl>
			<Polygon>
				<tessellate>1</tessellate>
				<outerBoundaryIs>
					<LinearRing>
						<coordinates>
							-71.52938472990803,-16.4688220195896,0 -71.5291768463982,-16.46893091228344,0 -71.52913265540018,-16.46890684313971,0 -71.52925590630551,-16.46873916408305,0 -71.52935137010485,-16.4684085864425,0 -71.52953013947173,-16.46857584507144,0 -71.52938472990803,-16.4688220195896,0 
						</coordinates>
					</LinearRing>
				</outerBoundaryIs>
			</Polygon>
		</Placemark>
		<Placemark>
			<name>1.25.23-18</name>
			<styleUrl>#msn_ylw-pushpin400700</styleUrl>
			<Polygon>
				<tessellate>1</tessellate>
				<outerBoundaryIs>
					<LinearRing>
						<coordinates>
							-71.52932526307059,-16.46819700761293,0 -71.52919518810037,-16.46872507267833,0 -71.52912457131113,-16.46882514670205,0 -71.5288857050446,-16.46891814326091,0 -71.52887952928188,-16.46868877533479,0 -71.52882028796276,-16.46827520999645,0 -71.52932526307059,-16.46819700761293,0 
						</coordinates>
					</LinearRing>
				</outerBoundaryIs>
			</Polygon>
		</Placemark>
		<Placemark>
			<name>1.25.23-20</name>
			<styleUrl>#msn_ylw-pushpin400700</styleUrl>
			<Polygon>
				<tessellate>1</tessellate>
				<outerBoundaryIs>
					<LinearRing>
						<coordinates>
							-71.52864032816422,-16.46784755017112,0 -71.52875588863458,-16.46826142729919,0 -71.52840881552549,-16.46828212850483,0 -71.5279805675285,-16.46832922507623,0 -71.52790706871504,-16.46804394840117,0 -71.52864032816422,-16.46784755017112,0 
						</coordinates>
					</LinearRing>
				</outerBoundaryIs>
			</Polygon>
		</Placemark>
		<Placemark>
			<name>1.25.23-21</name>
			<styleUrl>#msn_ylw-pushpin400700</styleUrl>
			<Polygon>
				<tessellate>1</tessellate>
				<outerBoundaryIs>
					<LinearRing>
						<coordinates>
							-71.5287643950233,-16.46829026242535,0 -71.52880161227012,-16.46850958789247,0 -71.52883177234578,-16.46875224910619,0 -71.52883424407197,-16.46901341780673,0 -71.52870267734427,-16.46906691255827,0 -71.52844399540082,-16.46889173690482,0 -71.52823140682381,-16.46875862370909,0 -71.52807740861712,-16.46856983984154,0 -71.5279867360999,-16.46835776796345,0 -71.5287643950233,-16.46829026242535,0 
						</coordinates>
					</LinearRing>
				</outerBoundaryIs>
			</Polygon>
		</Placemark>
		<Placemark>
			<name>1.25.23-23</name>
			<styleUrl>#msn_ylw-pushpin400700</styleUrl>
			<Polygon>
				<tessellate>1</tessellate>
				<outerBoundaryIs>
					<LinearRing>
						<coordinates>
							-71.52849028943496,-16.46618629992774,0 -71.52846410163704,-16.46645285961267,0 -71.52785768187215,-16.46624877256593,0 -71.5278737554401,-16.46620873592813,0 -71.52818381713405,-16.46617431876691,0 -71.52849028943496,-16.46618629992774,0 
						</coordinates>
					</LinearRing>
				</outerBoundaryIs>
			</Polygon>
		</Placemark>
		<Placemark>
			<name>1.25.33-1</name>
			<styleUrl>#msn_ylw-pushpin400700</styleUrl>
			<Polygon>
				<tessellate>1</tessellate>
				<outerBoundaryIs>
					<LinearRing>
						<coordinates>
							-71.52886579738585,-16.46932004651879,0 -71.5290587258017,-16.46957083109027,0 -71.52914063039367,-16.4700428959644,0 -71.52911587335328,-16.47017506107012,0 -71.52885123808522,-16.47072086662594,0 -71.52858544820907,-16.47067038320985,0 -71.52820420853482,-16.47022701681968,0 -71.52800136847236,-16.46996095100912,0 -71.52827622773971,-16.46973466155327,0 -71.52844491343791,-16.46957003870063,0 -71.52851337252494,-16.46951621671667,0 -71.52866914504099,-16.4694429227424,0 -71.52886579738585,-16.46932004651879,0 
						</coordinates>
					</LinearRing>
				</outerBoundaryIs>
			</Polygon>
		</Placemark>
		<Placemark>
			<name>1.25.33-2</name>
			<styleUrl>#msn_ylw-pushpin400700</styleUrl>
			<Polygon>
				<tessellate>1</tessellate>
				<outerBoundaryIs>
					<LinearRing>
						<coordinates>
							-71.52846134751191,-16.47068664982842,0 -71.52885141844186,-16.47079295458503,0 -71.52870688949663,-16.47132982779315,0 -71.52815840983354,-16.47115863296277,0 -71.52751711058838,-16.47028786939582,0 -71.52791736427845,-16.47001989161449,0 -71.52846134751191,-16.47068664982842,0 
						</coordinates>
					</LinearRing>
				</outerBoundaryIs>
			</Polygon>
		</Placemark>
		<Placemark>
			<name>1.25.33-3</name>
			<styleUrl>#msn_ylw-pushpin400700</styleUrl>
			<Polygon>
				<tessellate>1</tessellate>
				<outerBoundaryIs>
					<LinearRing>
						<coordinates>
							-71.5274416399116,-16.47033655648159,0 -71.52806240741374,-16.47119567493925,0 -71.52761308550498,-16.4714969119934,0 -71.52702353595512,-16.47061731345755,0 -71.5274416399116,-16.47033655648159,0 
						</coordinates>
					</LinearRing>
				</outerBoundaryIs>
			</Polygon>
		</Placemark>
		<Placemark>
			<name>1.25.33-4</name>
			<styleUrl>#msn_ylw-pushpin400700</styleUrl>
			<Polygon>
				<tessellate>1</tessellate>
				<outerBoundaryIs>
					<LinearRing>
						<coordinates>
							-71.52755719802113,-16.47154300432974,0 -71.52713419586699,-16.47181481303752,0 -71.52649810175606,-16.47093351374757,0 -71.52694352621063,-16.470660301434,0 -71.52755719802113,-16.47154300432974,0 
						</coordinates>
					</LinearRing>
				</outerBoundaryIs>
			</Polygon>
		</Placemark>
		<Placemark>
			<name>1.25.33-5</name>
			<styleUrl>#msn_ylw-pushpin400700</styleUrl>
			<Polygon>
				<tessellate>1</tessellate>
				<outerBoundaryIs>
					<LinearRing>
						<coordinates>
							-71.52772112380849,-16.47234699454614,0 -71.52671830814012,-16.47281774834022,0 -71.52633994830488,-16.47244116307035,0 -71.52743903047281,-16.47170465509133,0 -71.52772112380849,-16.47234699454614,0 
						</coordinates>
					</LinearRing>
				</outerBoundaryIs>
			</Polygon>
		</Placemark>
		<Placemark>
			<name>1.25.33-7</name>
			<styleUrl>#msn_ylw-pushpin400700</styleUrl>
			<Polygon>
				<tessellate>1</tessellate>
				<outerBoundaryIs>
					<LinearRing>
						<coordinates>
							-71.52590363138563,-16.47341433544612,0 -71.5258496669743,-16.47361820387313,0 -71.52473995225672,-16.47341314973796,0 -71.52475244205695,-16.47320482124995,0 -71.52590363138563,-16.47341433544612,0 
						</coordinates>
					</LinearRing>
				</outerBoundaryIs>
			</Polygon>
		</Placemark>
		<Placemark>
			<name>1.25.33-8</name>
			<styleUrl>#msn_ylw-pushpin400700</styleUrl>
			<Polygon>
				<tessellate>1</tessellate>
				<outerBoundaryIs>
					<LinearRing>
						<coordinates>
							-71.52609464236049,-16.47279200345885,0 -71.52596117133822,-16.47330917433057,0 -71.52534751023249,-16.47322381852662,0 -71.52482246761306,-16.47312656893575,0 -71.52489960337792,-16.47262211329978,0 -71.5254717235368,-16.47272385353008,0 -71.52609464236049,-16.47279200345885,0 
						</coordinates>
					</LinearRing>
				</outerBoundaryIs>
			</Polygon>
		</Placemark>
		<Placemark>
			<name>1.25.33-9</name>
			<styleUrl>#msn_ylw-pushpin400700</styleUrl>
			<Polygon>
				<tessellate>1</tessellate>
				<outerBoundaryIs>
					<LinearRing>
						<coordinates>
							-71.52489963494853,-16.47202755698494,0 -71.52482802740808,-16.4725175812633,0 -71.52417299556137,-16.47241954899787,0 -71.524254073926,-16.47192400578324,0 -71.52489963494853,-16.47202755698494,0 
						</coordinates>
					</LinearRing>
				</outerBoundaryIs>
			</Polygon>
		</Placemark>
		<Placemark>
			<name>1.25.33-10</name>
			<styleUrl>#msn_ylw-pushpin400700</styleUrl>
			<Polygon>
				<tessellate>1</tessellate>
				<outerBoundaryIs>
					<LinearRing>
						<coordinates>
							-71.52676012420909,-16.47146875044454,0 -71.52704441408657,-16.4718767613211,0 -71.52584730890719,-16.47266081462964,0 -71.52492020335065,-16.47255056665122,0 -71.52497800150815,-16.47203900918564,0 -71.52555975266786,-16.47210904973759,0 -71.52570409606518,-16.47209141458689,0 -71.52676012420909,-16.47146875044454,0 
						</coordinates>
					</LinearRing>
				</outerBoundaryIs>
			</Polygon>
		</Placemark>
		<Placemark>
			<name>1.25.33-11</name>
			<styleUrl>#msn_ylw-pushpin400700</styleUrl>
			<Polygon>
				<tessellate>1</tessellate>
				<outerBoundaryIs>
					<LinearRing>
						<coordinates>
							-71.5264242211602,-16.47096624317323,0 -71.52670108757827,-16.47139203143381,0 -71.52572600608458,-16.47201356815573,0 -71.52557872262065,-16.4720475703463,0 -71.5249802438282,-16.47198267893279,0 -71.52505847088752,-16.47146931225494,0 -71.52556945593614,-16.47153464082717,0 -71.5264242211602,-16.47096624317323,0 
						</coordinates>
					</LinearRing>
				</outerBoundaryIs>
			</Polygon>
		</Placemark>
		<Placemark>
			<name>1.25.33-12</name>
			<styleUrl>#msn_ylw-pushpin400700</styleUrl>
			<Polygon>
				<tessellate>1</tessellate>
				<outerBoundaryIs>
					<LinearRing>
						<coordinates>
							-71.52498078697448,-16.47146534153888,0 -71.52489968210187,-16.47196945525316,0 -71.52441794121114,-16.47188620884761,0 -71.52450139247004,-16.47139221698265,0 -71.52498078697448,-16.47146534153888,0 
						</coordinates>
					</LinearRing>
				</outerBoundaryIs>
			</Polygon>
		</Placemark>
		<Placemark>
			<name>1.25.33-13</name>
			<styleUrl>#msn_ylw-pushpin400700</styleUrl>
			<Polygon>
				<tessellate>1</tessellate>
				<outerBoundaryIs>
					<LinearRing>
						<coordinates>
							-71.52505964176186,-16.47088857717104,0 -71.52499468946785,-16.47139436646951,0 -71.52452156765837,-16.47132668652014,0 -71.52459830999619,-16.47084034750169,0 -71.52505964176186,-16.47088857717104,0 
						</coordinates>
					</LinearRing>
				</outerBoundaryIs>
			</Polygon>
		</Placemark>
		<Placemark>
			<name>1.25.33-14</name>
			<styleUrl>#msn_ylw-pushpin400700</styleUrl>
			<Polygon>
				<tessellate>1</tessellate>
				<outerBoundaryIs>
					<LinearRing>
						<coordinates>
							-71.52608698921391,-16.47051053237339,0 -71.52638036335951,-16.47091396206903,0 -71.52555918524773,-16.47144646595207,0 -71.52509575955398,-16.47140139660304,0 -71.52515248535219,-16.47090539337198,0 -71.52545695398011,-16.47091806005564,0 -71.52608698921391,-16.47051053237339,0 
						</coordinates>
					</LinearRing>
				</outerBoundaryIs>
			</Polygon>
		</Placemark>
		<Placemark>
			<name>1.25.33-15</name>
			<styleUrl>#msn_ylw-pushpin400700</styleUrl>
			<Polygon>
				<tessellate>1</tessellate>
				<outerBoundaryIs>
					<LinearRing>
						<coordinates>
							-71.52629495472951,-16.46971634636707,0 -71.52685945051303,-16.47058535819953,0 -71.52644036726059,-16.47084282416301,0 -71.52584962431197,-16.47001489526502,0 -71.52629495472951,-16.46971634636707,0 
						</coordinates>
					</LinearRing>
				</outerBoundaryIs>
			</Polygon>
		</Placemark>
		<Placemark>
			<name>1.25.33-16</name>
			<styleUrl>#msn_ylw-pushpin400700</styleUrl>
			<Polygon>
				<tessellate>1</tessellate>
				<outerBoundaryIs>
					<LinearRing>
						<coordinates>
							-71.52725423989604,-16.46908446768361,0 -71.52786537264231,-16.46992615959991,0 -71.52693973004382,-16.47053736587538,0 -71.52636463450398,-16.46967640406748,0 -71.52725423989604,-16.46908446768361,0 
						</coordinates>
					</LinearRing>
				</outerBoundaryIs>
			</Polygon>
		</Placemark>
		<Placemark>
			<name>1.25.33-17</name>
			<styleUrl>#msn_ylw-pushpin400700</styleUrl>
			<Polygon>
				<tessellate>1</tessellate>
				<outerBoundaryIs>
					<LinearRing>
						<coordinates>
							-71.52574653788606,-16.47007892248852,0 -71.52602326203824,-16.47044173675012,0 -71.52533037490585,-16.47085889295921,0 -71.52472011203238,-16.47076023031285,0 -71.52574653788606,-16.47007892248852,0 
						</coordinates>
					</LinearRing>
				</outerBoundaryIs>
			</Polygon>
		</Placemark>
		<Placemark>
			<name>1.25.33-18</name>
			<styleUrl>#msn_ylw-pushpin400700</styleUrl>
			<Polygon>
				<tessellate>1</tessellate>
				<outerBoundaryIs>
					<LinearRing>
						<coordinates>
							-71.52550144193953,-16.46968151169636,0 -71.52572033312966,-16.46998705549437,0 -71.52467911348484,-16.4706953966425,0 -71.5245523630004,-16.47074902110139,0 -71.52432161216316,-16.47072501073059,0 -71.52437643123301,-16.47033229594496,0 -71.52454642500962,-16.47030957824337,0 -71.52550144193953,-16.46968151169636,0 
						</coordinates>
					</LinearRing>
				</outerBoundaryIs>
			</Polygon>
		</Placemark>
		<Placemark>
			<name>1.25.33-19</name>
			<styleUrl>#msn_ylw-pushpin400700</styleUrl>
			<Polygon>
				<tessellate>1</tessellate>
				<outerBoundaryIs>
					<LinearRing>
						<coordinates>
							-71.52687598040089,-16.46867725176467,0 -71.52677671291966,-16.46929999880783,0 -71.52579138333557,-16.46993244860564,0 -71.52555904945214,-16.46961752222228,0 -71.52636942847894,-16.4690710549646,0 -71.52646783412207,-16.46898980839726,0 -71.52651525226186,-16.46863412509762,0 -71.52687598040089,-16.46867725176467,0 
						</coordinates>
					</LinearRing>
				</outerBoundaryIs>
			</Polygon>
		</Placemark>
		<Placemark>
			<name>1.25.33-20</name>
			<styleUrl>#msn_ylw-pushpin400700</styleUrl>
			<Polygon>
				<tessellate>1</tessellate>
				<outerBoundaryIs>
					<LinearRing>
						<coordinates>
							-71.52642800365895,-16.46862059061681,0 -71.52638703255766,-16.46893944795884,0 -71.52635032065839,-16.46898868734221,0 -71.52553254943409,-16.46955267440656,0 -71.52530057149752,-16.46918655595519,0 -71.52571324234421,-16.46890592632627,0 -71.52591790112868,-16.4687692507007,0 -71.52593545216196,-16.46872006396118,0 -71.52598858587641,-16.46856826280627,0 -71.52642800365895,-16.46862059061681,0 
						</coordinates>
					</LinearRing>
				</outerBoundaryIs>
			</Polygon>
		</Placemark>
		<Placemark>
			<name>1.25.33-21</name>
			<styleUrl>#msn_ylw-pushpin400700</styleUrl>
			<Polygon>
				<tessellate>1</tessellate>
				<outerBoundaryIs>
					<LinearRing>
						<coordinates>
							-71.52585581968337,-16.46787190289896,0 -71.52588134193491,-16.46846469315853,0 -71.52528381256136,-16.46842868119762,0 -71.52525275837338,-16.46781453382041,0 -71.52585581968337,-16.46787190289896,0 
						</coordinates>
					</LinearRing>
				</outerBoundaryIs>
			</Polygon>
		</Placemark>
		<Placemark>
			<name>1.25.33-22</name>
			<styleUrl>#msn_ylw-pushpin400700</styleUrl>
			<Polygon>
				<tessellate>1</tessellate>
				<outerBoundaryIs>
					<LinearRing>
						<coordinates>
							-71.52691106694201,-16.46795992803532,0 -71.52684561982943,-16.46855926333474,0 -71.52597455828875,-16.46848515696989,0 -71.52595844599585,-16.4678670533308,0 -71.52691106694201,-16.46795992803532,0 
						</coordinates>
					</LinearRing>
				</outerBoundaryIs>
			</Polygon>
		</Placemark>
		<Placemark>
			<name>1.25.33-23</name>
			<styleUrl>#msn_ylw-pushpin400700</styleUrl>
			<Polygon>
				<tessellate>1</tessellate>
				<outerBoundaryIs>
					<LinearRing>
						<coordinates>
							-71.52786992696865,-16.46806226174441,0 -71.52806787777867,-16.46869668033678,0 -71.5269491877287,-16.46859204737381,0 -71.52699528481622,-16.46796691326636,0 -71.52742287775581,-16.46800891457776,0 -71.52763657674629,-16.46805525159705,0 -71.52786992696865,-16.46806226174441,0 
						</coordinates>
					</LinearRing>
				</outerBoundaryIs>
			</Polygon>
		</Placemark>
		<Placemark>
			<name>1.25.33-24</name>
			<styleUrl>#msn_ylw-pushpin400700</styleUrl>
			<Polygon>
				<tessellate>1</tessellate>
				<outerBoundaryIs>
					<LinearRing>
						<coordinates>
							-71.52706069335181,-16.46867501894594,0 -71.52723240669884,-16.4690259966699,0 -71.52686721316553,-16.46923124994397,0 -71.52694931305163,-16.46868577646056,0 -71.52706069335181,-16.46867501894594,0 
						</coordinates>
					</LinearRing>
				</outerBoundaryIs>
			</Polygon>
		</Placemark>
		<Placemark>
			<name>1.25.33-26</name>
			<styleUrl>#msn_ylw-pushpin400700</styleUrl>
			<Polygon>
				<tessellate>1</tessellate>
				<outerBoundaryIs>
					<LinearRing>
						<coordinates>
							-71.52813114521938,-16.46882154529427,0 -71.52755913982259,-16.4693222314412,0 -71.5271570156757,-16.46869319193524,0 -71.52808909196281,-16.46876675388107,0 -71.52813114521938,-16.46882154529427,0 
						</coordinates>
					</LinearRing>
				</outerBoundaryIs>
			</Polygon>
		</Placemark>
		<Placemark>
			<name>1.25.33-27</name>
			<styleUrl>#msn_ylw-pushpin400700</styleUrl>
			<Polygon>
				<tessellate>1</tessellate>
				<outerBoundaryIs>
					<LinearRing>
						<coordinates>
							-71.52883443133197,-16.46929813818964,0 -71.52863311332311,-16.46942861987866,0 -71.52844242906338,-16.46950944570308,0 -71.52830399924841,-16.4696223754202,0 -71.52822772459643,-16.46970906502955,0 -71.52797590668511,-16.46990059633796,0 -71.52759751050509,-16.46937788618228,0 -71.52822002222986,-16.46880505699681,0 -71.5283850810948,-16.46890931672299,0 -71.52867674149185,-16.46909817437032,0 -71.52883443133197,-16.46929813818964,0 
						</coordinates>
					</LinearRing>
				</outerBoundaryIs>
			</Polygon>
		</Placemark>
		<Placemark>
			<name>1.25.25-57</name>
			<styleUrl>#msn_ylw-pushpin400700</styleUrl>
			<Polygon>
				<tessellate>1</tessellate>
				<outerBoundaryIs>
					<LinearRing>
						<coordinates>
							-71.52407168967385,-16.48873544386878,0 -71.52423806406098,-16.48892052280501,0 -71.52423168323871,-16.4889282709856,0 -71.52307973994084,-16.48919881403242,0 -71.5229855177071,-16.48889616162768,0 -71.52298002385575,-16.48889092892986,0 -71.52357629339765,-16.48887564073441,0 -71.52407168967385,-16.48873544386878,0 
						</coordinates>
					</LinearRing>
				</outerBoundaryIs>
			</Polygon>
		</Placemark>
		<Placemark>
			<name>1.25.25-58</name>
			<styleUrl>#msn_ylw-pushpin400700</styleUrl>
			<Polygon>
				<tessellate>1</tessellate>
				<outerBoundaryIs>
					<LinearRing>
						<coordinates>
							-71.51577898597397,-16.48729762062944,0 -71.51530793192555,-16.48727905984913,0 -71.51537056048807,-16.48664894742752,0 -71.51589453045037,-16.48667108179672,0 -71.5160751125903,-16.48707655459563,0 -71.51608058940398,-16.48708941224946,0 -71.5160891330689,-16.48709902824157,0 -71.51577898597397,-16.48729762062944,0 
						</coordinates>
					</LinearRing>
				</outerBoundaryIs>
			</Polygon>
		</Placemark>
		<Placemark>
			<name>1.25.25-59</name>
			<styleUrl>#msn_ylw-pushpin400700</styleUrl>
			<Polygon>
				<tessellate>1</tessellate>
				<outerBoundaryIs>
					<LinearRing>
						<coordinates>
							-71.51746020740401,-16.49055148124814,0 -71.51745966284298,-16.49054567891228,0 -71.51715266821472,-16.48988959089665,0 -71.51791863974705,-16.48931050021335,0 -71.51824729848775,-16.48999551691187,0 -71.51746020740401,-16.49055148124814,0 
						</coordinates>
					</LinearRing>
				</outerBoundaryIs>
			</Polygon>
		</Placemark>
		<Placemark>
			<name>1.25.25-32</name>
			<styleUrl>#msn_ylw-pushpin400700</styleUrl>
			<Polygon>
				<tessellate>1</tessellate>
				<outerBoundaryIs>
					<LinearRing>
						<coordinates>
							-71.51940333784788,-16.48625670356422,0 -71.51981219968306,-16.48683648356413,0 -71.51917418745373,-16.48728191760725,0 -71.51877589247653,-16.48664917136441,0 -71.51940333784788,-16.48625670356422,0 
						</coordinates>
					</LinearRing>
				</outerBoundaryIs>
			</Polygon>
		</Placemark>
		<Placemark>
			<name>1.25.25-33</name>
			<styleUrl>#msn_ylw-pushpin400700</styleUrl>
			<Polygon>
				<tessellate>1</tessellate>
				<outerBoundaryIs>
					<LinearRing>
						<coordinates>
							-71.51998935632128,-16.48571610669537,0 -71.52021915414241,-16.48605552214076,0 -71.5204538064026,-16.48636709528727,0 -71.51987220962474,-16.48679737813103,0 -71.51946015780631,-16.48622561412769,0 -71.51973746527418,-16.48599833678808,0 -71.51998935632128,-16.48571610669537,0 
						</coordinates>
					</LinearRing>
				</outerBoundaryIs>
			</Polygon>
		</Placemark>
		<Placemark>
			<name>1.25.25-34</name>
			<styleUrl>#msn_ylw-pushpin400700</styleUrl>
			<Polygon>
				<tessellate>1</tessellate>
				<outerBoundaryIs>
					<LinearRing>
						<coordinates>
							-71.52039627143316,-16.48535435892035,0 -71.52055509072196,-16.4856315939359,0 -71.52064013975422,-16.48590262528456,0 -71.52032312749587,-16.48605294305326,0 -71.52002088939979,-16.48564659235375,0 -71.52039627143316,-16.48535435892035,0 
						</coordinates>
					</LinearRing>
				</outerBoundaryIs>
			</Polygon>
		</Placemark>
		<Placemark>
			<name>1.25.25-35</name>
			<styleUrl>#msn_ylw-pushpin400700</styleUrl>
			<Polygon>
				<tessellate>1</tessellate>
				<outerBoundaryIs>
					<LinearRing>
						<coordinates>
							-71.5208213835635,-16.4850832284288,0 -71.52110097797762,-16.48561992263054,0 -71.52113496951561,-16.4857473715814,0 -71.5208523092418,-16.48580874274945,0 -71.52066454457763,-16.48588628338029,0 -71.52058891499624,-16.48563320331297,0 -71.52053421096674,-16.48554589798924,0 -71.52043530303122,-16.48533269893471,0 -71.5208213835635,-16.4850832284288,0 
						</coordinates>
					</LinearRing>
				</outerBoundaryIs>
			</Polygon>
		</Placemark>
		<Placemark>
			<name>1.25.25-36</name>
			<styleUrl>#msn_ylw-pushpin400700</styleUrl>
			<Polygon>
				<tessellate>1</tessellate>
				<outerBoundaryIs>
					<LinearRing>
						<coordinates>
							-71.5213223572797,-16.48466482043897,0 -71.52145018855971,-16.48490821558065,0 -71.52171855383918,-16.48542317333054,0 -71.5217994223492,-16.48553223771234,0 -71.52126409950306,-16.48585413519606,0 -71.52120910430492,-16.48568492086857,0 -71.52109895224456,-16.48543601863572,0 -71.52099961125727,-16.48523814294876,0 -71.52089313408321,-16.48501273469705,0 -71.5213223572797,-16.48466482043897,0 
						</coordinates>
					</LinearRing>
				</outerBoundaryIs>
			</Polygon>
		</Placemark>
		<Placemark>
			<name>1.25.25-37</name>
			<styleUrl>#msn_ylw-pushpin400700</styleUrl>
			<Polygon>
				<tessellate>1</tessellate>
				<outerBoundaryIs>
					<LinearRing>
						<coordinates>
							-71.52168015760805,-16.48564262659811,0 -71.52174770481083,-16.48575266816477,0 -71.52180051954659,-16.48590916368736,0 -71.52178368188372,-16.48601049745073,0 -71.52173122471737,-16.48612386937821,0 -71.52139828979894,-16.48645955156999,0 -71.52128059273078,-16.4862889772602,0 -71.52125293709705,-16.48591719550908,0 -71.52168015760805,-16.48564262659811,0 
						</coordinates>
					</LinearRing>
				</outerBoundaryIs>
			</Polygon>
		</Placemark>
		<Placemark>
			<name>1.25.25-38</name>
			<styleUrl>#msn_ylw-pushpin400700</styleUrl>
			<Polygon>
				<tessellate>1</tessellate>
				<outerBoundaryIs>
					<LinearRing>
						<coordinates>
							-71.52115107293709,-16.48580330630929,0 -71.52121866618786,-16.48646922593679,0 -71.52121724423294,-16.48694001253851,0 -71.5210730061262,-16.48704278472349,0 -71.5205073819066,-16.48629581386554,0 -71.52036552318216,-16.4861172782222,0 -71.52087619442425,-16.48587285266948,0 -71.52115107293709,-16.48580330630929,0 
						</coordinates>
					</LinearRing>
				</outerBoundaryIs>
			</Polygon>
		</Placemark>
		<Placemark>
			<name>1.25.25-39</name>
			<styleUrl>#msn_ylw-pushpin400700</styleUrl>
			<Polygon>
				<tessellate>1</tessellate>
				<outerBoundaryIs>
					<LinearRing>
						<coordinates>
							-71.52136655237251,-16.48692937424915,0 -71.52167851877189,-16.48721950769974,0 -71.52222625316536,-16.48736031092708,0 -71.52223388006202,-16.48741201890797,0 -71.52148404751418,-16.48749181984637,0 -71.52125220649015,-16.4872776535073,0 -71.52110705845089,-16.48709282007886,0 -71.52136655237251,-16.48692937424915,0 
						</coordinates>
					</LinearRing>
				</outerBoundaryIs>
			</Polygon>
		</Placemark>
		<Placemark>
			<name>1.25.25-40</name>
			<styleUrl>#msn_ylw-pushpin400700</styleUrl>
			<Polygon>
				<tessellate>1</tessellate>
				<outerBoundaryIs>
					<LinearRing>
						<coordinates>
							-71.52293025234131,-16.48735896585674,0 -71.5229556474152,-16.48739672319679,0 -71.5227588155514,-16.48751909696707,0 -71.52230890793105,-16.48769848770773,0 -71.52200052062609,-16.48773160207,0 -71.52185766788382,-16.48781332728548,0 -71.52151632076043,-16.48753715367424,0 -71.52224189970404,-16.48745204370036,0 -71.52293025234131,-16.48735896585674,0 
						</coordinates>
					</LinearRing>
				</outerBoundaryIs>
			</Polygon>
		</Placemark>
		<Placemark>
			<name>1.25.25-41</name>
			<styleUrl>#msn_ylw-pushpin400700</styleUrl>
			<Polygon>
				<tessellate>1</tessellate>
				<outerBoundaryIs>
					<LinearRing>
						<coordinates>
							-71.52305275901286,-16.48744511873622,0 -71.52316082686821,-16.48754995253316,0 -71.52321122047167,-16.4876774884998,0 -71.52314598340851,-16.48784486010372,0 -71.52312068694268,-16.48799035947398,0 -71.52289872840585,-16.48832852317984,0 -71.5227842144436,-16.48853882284156,0 -71.52241900103252,-16.48829905580069,0 -71.52189297118623,-16.48784668317544,0 -71.52199022613634,-16.48776960191609,0 -71.52215302337105,-16.48775370996869,0 -71.52243305010448,-16.48771787413748,0 -71.52305275901286,-16.48744511873622,0 
						</coordinates>
					</LinearRing>
				</outerBoundaryIs>
			</Polygon>
		</Placemark>
		<Placemark>
			<name>1.25.25-42</name>
			<styleUrl>#msn_ylw-pushpin400700</styleUrl>
			<Polygon>
				<tessellate>1</tessellate>
				<outerBoundaryIs>
					<LinearRing>
						<coordinates>
							-71.52209776908042,-16.48815433464602,0 -71.52146185956339,-16.48869118520456,0 -71.52128262313082,-16.48881586751694,0 -71.52085430941726,-16.48819084576511,0 -71.52155365673862,-16.4877569554853,0 -71.52209776908042,-16.48815433464602,0 
						</coordinates>
					</LinearRing>
				</outerBoundaryIs>
			</Polygon>
		</Placemark>
		<Placemark>
			<name>1.25.25-43</name>
			<styleUrl>#msn_ylw-pushpin400700</styleUrl>
			<Polygon>
				<tessellate>1</tessellate>
				<outerBoundaryIs>
					<LinearRing>
						<coordinates>
							-71.52125983329921,-16.48890410411147,0 -71.52136291676575,-16.48903444213682,0 -71.52149882849322,-16.48923755647099,0 -71.52130720072294,-16.48934875224872,0 -71.52109245708077,-16.48933221848615,0 -71.52067553211891,-16.48949136345528,0 -71.52057823236358,-16.48935827141164,0 -71.52125983329921,-16.48890410411147,0 
						</coordinates>
					</LinearRing>
				</outerBoundaryIs>
			</Polygon>
		</Placemark>
		<Placemark>
			<name>1.25.25-44</name>
			<styleUrl>#msn_ylw-pushpin400700</styleUrl>
			<Polygon>
				<tessellate>1</tessellate>
				<outerBoundaryIs>
					<LinearRing>
						<coordinates>
							-71.52217009941333,-16.48820529091005,0 -71.52248198322005,-16.48845153556212,0 -71.52274284242019,-16.48868669397148,0 -71.52251926677663,-16.48887737778687,0 -71.52205980538142,-16.48912481529213,0 -71.52183373324668,-16.48922241377433,0 -71.52161563861195,-16.48930197496508,0 -71.52133722017695,-16.48886972445931,0 -71.52217009941333,-16.48820529091005,0 
						</coordinates>
					</LinearRing>
				</outerBoundaryIs>
			</Polygon>
		</Placemark>
		<Placemark>
			<name>1.25.25-45</name>
			<styleUrl>#msn_ylw-pushpin400700</styleUrl>
			<Polygon>
				<tessellate>1</tessellate>
				<outerBoundaryIs>
					<LinearRing>
						<coordinates>
							-71.5228262389397,-16.48874183895157,0 -71.52295505860252,-16.48891283699861,0 -71.52246736097882,-16.48919133305323,0 -71.52175055788766,-16.48947107200233,0 -71.52165780681909,-16.48937144385433,0 -71.52238021789063,-16.48901691592786,0 -71.5228262389397,-16.48874183895157,0 
						</coordinates>
					</LinearRing>
				</outerBoundaryIs>
			</Polygon>
		</Placemark>
		<Placemark>
			<name>1.25.25-46</name>
			<styleUrl>#msn_ylw-pushpin400700</styleUrl>
			<Polygon>
				<tessellate>1</tessellate>
				<outerBoundaryIs>
					<LinearRing>
						<coordinates>
							-71.52306820966453,-16.48813870222958,0 -71.52341406666267,-16.48855246102633,0 -71.52343137706383,-16.48870412457401,0 -71.52345052228077,-16.48881159542556,0 -71.52320672400288,-16.48878897401275,0 -71.52283451546568,-16.4885259706288,0 -71.52306820966453,-16.48813870222958,0 
						</coordinates>
					</LinearRing>
				</outerBoundaryIs>
			</Polygon>
		</Placemark>
		<Placemark>
			<name>1.25.25-60</name>
			<styleUrl>#msn_ylw-pushpin400700</styleUrl>
			<Polygon>
				<tessellate>1</tessellate>
				<outerBoundaryIs>
					<LinearRing>
						<coordinates>
							-71.52121539059539,-16.48453368809141,0 -71.52110908624533,-16.48470942712219,0 -71.52014471078405,-16.48482075863456,0 -71.52014674277876,-16.48469031110663,0 -71.52121539059539,-16.48453368809141,0 
						</coordinates>
					</LinearRing>
				</outerBoundaryIs>
			</Polygon>
		</Placemark>
	</Folder>
	<Folder>
		<name>D</name>
		<Placemark>
			<name>1.25.28-1</name>
			<styleUrl>#msn_ylw-pushpin1001000000</styleUrl>
			<Polygon>
				<tessellate>1</tessellate>
				<outerBoundaryIs>
					<LinearRing>
						<coordinates>
							-71.51523232628068,-16.48738121488874,0 -71.51512542166495,-16.48831735459896,0 -71.51465808222261,-16.48835878936374,0 -71.51478537573007,-16.48734374767433,0 -71.51523232628068,-16.48738121488874,0 
						</coordinates>
					</LinearRing>
				</outerBoundaryIs>
			</Polygon>
		</Placemark>
		<Placemark>
			<name>1.25.28-2</name>
			<styleUrl>#msn_ylw-pushpin1001000000</styleUrl>
			<Polygon>
				<tessellate>1</tessellate>
				<outerBoundaryIs>
					<LinearRing>
						<coordinates>
							-71.51532607461128,-16.48660290079989,0 -71.51523723319181,-16.48732454103707,0 -71.51479009573073,-16.48728240659091,0 -71.51487182174955,-16.48659475534574,0 -71.51532607461128,-16.48660290079989,0 
						</coordinates>
					</LinearRing>
				</outerBoundaryIs>
			</Polygon>
		</Placemark>
		<Placemark>
			<name>1.25.28-3</name>
			<styleUrl>#msn_ylw-pushpin1001000000</styleUrl>
			<Polygon>
				<tessellate>1</tessellate>
				<outerBoundaryIs>
					<LinearRing>
						<coordinates>
							-71.51482409526577,-16.48615550019321,0 -71.51469259245832,-16.48724284239377,0 -71.51416731365255,-16.48720034604013,0 -71.5142917447595,-16.48626918835028,0 -71.51482409526577,-16.48615550019321,0 
						</coordinates>
					</LinearRing>
				</outerBoundaryIs>
			</Polygon>
		</Placemark>
		<Placemark>
			<name>1.25.28-4</name>
			<styleUrl>#msn_ylw-pushpin1001000000</styleUrl>
			<Polygon>
				<tessellate>1</tessellate>
				<outerBoundaryIs>
					<LinearRing>
						<coordinates>
							-71.51469457444813,-16.48733844156559,0 -71.51459761342352,-16.48832561394148,0 -71.51402793009612,-16.48836250490789,0 -71.51415441095624,-16.48727780662651,0 -71.51469457444813,-16.48733844156559,0 
						</coordinates>
					</LinearRing>
				</outerBoundaryIs>
			</Polygon>
		</Placemark>
		<Placemark>
			<name>1.25.28-5</name>
			<styleUrl>#msn_ylw-pushpin1001000000</styleUrl>
			<Polygon>
				<tessellate>1</tessellate>
				<outerBoundaryIs>
					<LinearRing>
						<coordinates>
							-71.51395903181599,-16.48840375158709,0 -71.51341080589818,-16.48847012470521,0 -71.51353204395379,-16.48728565285682,0 -71.51403185512736,-16.48727627457539,0 -71.51395903181599,-16.48840375158709,0 
						</coordinates>
					</LinearRing>
				</outerBoundaryIs>
			</Polygon>
		</Placemark>
		<Placemark>
			<name>1.25.28-6</name>
			<styleUrl>#msn_ylw-pushpin1001000000</styleUrl>
			<Polygon>
				<tessellate>1</tessellate>
				<outerBoundaryIs>
					<LinearRing>
						<coordinates>
							-71.51347242706893,-16.48727393354162,0 -71.51334329838905,-16.48847917648708,0 -71.51182819995475,-16.48866068719042,0 -71.51192097054589,-16.48751756522753,0 -71.51197086867435,-16.48726960073849,0 -71.51261773397425,-16.48723606845798,0 -71.51323693385167,-16.48725548062402,0 -71.51347242706893,-16.48727393354162,0 
						</coordinates>
					</LinearRing>
				</outerBoundaryIs>
			</Polygon>
		</Placemark>
		<Placemark>
			<name>1.25.28-7</name>
			<styleUrl>#msn_ylw-pushpin1001000000</styleUrl>
			<Polygon>
				<tessellate>1</tessellate>
				<outerBoundaryIs>
					<LinearRing>
						<coordinates>
							-71.51183732933754,-16.48769886395935,0 -71.51040829374827,-16.48786619374619,0 -71.5103644839197,-16.48762226208384,0 -71.51043406813191,-16.48740272723121,0 -71.51123234281239,-16.48735849746458,0 -71.51140162535421,-16.48733001825743,0 -71.51185418794765,-16.48730107540576,0 -71.51183732933754,-16.48769886395935,0 
						</coordinates>
					</LinearRing>
				</outerBoundaryIs>
			</Polygon>
		</Placemark>
		<Placemark>
			<name>1.25.28-8</name>
			<styleUrl>#msn_ylw-pushpin1001000000</styleUrl>
			<Polygon>
				<tessellate>1</tessellate>
				<outerBoundaryIs>
					<LinearRing>
						<coordinates>
							-71.51055198555301,-16.48636135543913,0 -71.51004287244581,-16.48782950082715,0 -71.509161185831,-16.48759164091836,0 -71.50924537887171,-16.48726761257111,0 -71.50911350332663,-16.48722724970976,0 -71.50941810438901,-16.48611091898683,0 -71.50952631294786,-16.48580460809452,0 -71.51055198555301,-16.48636135543913,0 
						</coordinates>
					</LinearRing>
				</outerBoundaryIs>
			</Polygon>
		</Placemark>
		<Placemark>
			<name>1.25.28-9</name>
			<styleUrl>#msn_ylw-pushpin1001000000</styleUrl>
			<Polygon>
				<tessellate>1</tessellate>
				<outerBoundaryIs>
					<LinearRing>
						<coordinates>
							-71.50896668100498,-16.48610510373238,0 -71.50905008717788,-16.48583493084904,0 -71.509190726182,-16.48562635055208,0 -71.50948169164896,-16.48578271071634,0 -71.50936888149144,-16.48601815859899,0 -71.509048408279,-16.48722205953826,0 -71.50871369681039,-16.48713646831799,0 -71.50896668100498,-16.48610510373238,0 
						</coordinates>
					</LinearRing>
				</outerBoundaryIs>
			</Polygon>
		</Placemark>
		<Placemark>
			<name>1.25.28-10</name>
			<styleUrl>#msn_ylw-pushpin1001000000</styleUrl>
			<Polygon>
				<tessellate>1</tessellate>
				<outerBoundaryIs>
					<LinearRing>
						<coordinates>
							-71.50914930097844,-16.48728580159238,0 -71.50892455226062,-16.48802693349792,0 -71.50879790754301,-16.48847921523719,0 -71.50839162701087,-16.48837001372489,0 -71.50870807796849,-16.48718824510754,0 -71.50914930097844,-16.48728580159238,0 
						</coordinates>
					</LinearRing>
				</outerBoundaryIs>
			</Polygon>
		</Placemark>
		<Placemark>
			<name>1.25.28-11</name>
			<styleUrl>#msn_ylw-pushpin1001000000</styleUrl>
			<Polygon>
				<tessellate>1</tessellate>
				<outerBoundaryIs>
					<LinearRing>
						<coordinates>
							-71.50999480497769,-16.48789241843768,0 -71.50987438684315,-16.48827134669589,0 -71.50898551824976,-16.48800955807741,0 -71.50911704838461,-16.48763099127666,0 -71.50999480497769,-16.48789241843768,0 
						</coordinates>
					</LinearRing>
				</outerBoundaryIs>
			</Polygon>
		</Placemark>
		<Placemark>
			<name>1.25.28-12</name>
			<styleUrl>#msn_ylw-pushpin1001000000</styleUrl>
			<Polygon>
				<tessellate>1</tessellate>
				<outerBoundaryIs>
					<LinearRing>
						<coordinates>
							-71.50984222210717,-16.488317872452,0 -71.50971432270796,-16.48871845729199,0 -71.50888867267504,-16.48848826031449,0 -71.50900382070037,-16.48810788229297,0 -71.50984222210717,-16.488317872452,0 
						</coordinates>
					</LinearRing>
				</outerBoundaryIs>
			</Polygon>
		</Placemark>
		<Placemark>
			<name>1.25.28-13</name>
			<styleUrl>#msn_ylw-pushpin1001000000</styleUrl>
			<Polygon>
				<tessellate>1</tessellate>
				<outerBoundaryIs>
					<LinearRing>
						<coordinates>
							-71.51182545226335,-16.48775541743509,0 -71.51180166455947,-16.48815470899897,0 -71.51140499069007,-16.48819266189314,0 -71.51094309996159,-16.48824275906189,0 -71.51045892746991,-16.48829744561672,0 -71.51038349462266,-16.48791003617719,0 -71.51182545226335,-16.48775541743509,0 
						</coordinates>
					</LinearRing>
				</outerBoundaryIs>
			</Polygon>
		</Placemark>
		<Placemark>
			<name>1.25.28-14</name>
			<styleUrl>#msn_ylw-pushpin1001000000</styleUrl>
			<Polygon>
				<tessellate>1</tessellate>
				<outerBoundaryIs>
					<LinearRing>
						<coordinates>
							-71.51179442720276,-16.48824356184254,0 -71.51173192697594,-16.48865105711673,0 -71.5105338691982,-16.48879245543514,0 -71.51051929507325,-16.48867244443449,0 -71.51049331971016,-16.4884018181754,0 -71.51096930784647,-16.48831875530944,0 -71.51137382708541,-16.48828783225135,0 -71.51179442720276,-16.48824356184254,0 
						</coordinates>
					</LinearRing>
				</outerBoundaryIs>
			</Polygon>
		</Placemark>
		<Placemark>
			<name>1.25.28-15</name>
			<styleUrl>#msn_ylw-pushpin1001000000</styleUrl>
			<Polygon>
				<tessellate>1</tessellate>
				<outerBoundaryIs>
					<LinearRing>
						<coordinates>
							-71.51242745166978,-16.48873871881344,0 -71.51252157177923,-16.48957027781585,0 -71.51255071022931,-16.48986200714881,0 -71.5121902456261,-16.48988757104491,0 -71.51178703169342,-16.48991845264219,0 -71.51165629144802,-16.48881147793663,0 -71.51242745166978,-16.48873871881344,0 
						</coordinates>
					</LinearRing>
				</outerBoundaryIs>
			</Polygon>
		</Placemark>
		<Placemark>
			<name>1.25.28-16</name>
			<styleUrl>#msn_ylw-pushpin1001000000</styleUrl>
			<Polygon>
				<tessellate>1</tessellate>
				<outerBoundaryIs>
					<LinearRing>
						<coordinates>
							-71.51369453636244,-16.48892575882189,0 -71.51384469510926,-16.48930561791046,0 -71.51260472389312,-16.48942670429297,0 -71.51250949472062,-16.48870053624337,0 -71.51364396281416,-16.48858050581097,0 -71.51369453636244,-16.48892575882189,0 
						</coordinates>
					</LinearRing>
				</outerBoundaryIs>
			</Polygon>
		</Placemark>
		<Placemark>
			<name>1.25.28-17</name>
			<styleUrl>#msn_ylw-pushpin1001000000</styleUrl>
			<Polygon>
				<tessellate>1</tessellate>
				<outerBoundaryIs>
					<LinearRing>
						<coordinates>
							-71.5139637640564,-16.49002617103513,0 -71.51268592994755,-16.49016309870373,0 -71.51261077091198,-16.48950407125959,0 -71.51389281473627,-16.48937661749332,0 -71.5139637640564,-16.49002617103513,0 
						</coordinates>
					</LinearRing>
				</outerBoundaryIs>
			</Polygon>
		</Placemark>
		<Placemark>
			<name>1.25.28-18</name>
			<styleUrl>#msn_ylw-pushpin1001000000</styleUrl>
			<Polygon>
				<tessellate>1</tessellate>
				<outerBoundaryIs>
					<LinearRing>
						<coordinates>
							-71.51484074205428,-16.49031312745814,0 -71.51475396555087,-16.49042782925093,0 -71.51417135294189,-16.48993924501072,0 -71.51428026492573,-16.48976410059457,0 -71.51484074205428,-16.49031312745814,0 
						</coordinates>
					</LinearRing>
				</outerBoundaryIs>
			</Polygon>
		</Placemark>
		<Placemark>
			<name>1.25.28-19</name>
			<styleUrl>#msn_ylw-pushpin1001000000</styleUrl>
			<Polygon>
				<tessellate>1</tessellate>
				<outerBoundaryIs>
					<LinearRing>
						<coordinates>
							-71.51577385689029,-16.49056648737186,0 -71.51541441597698,-16.49073983835931,0 -71.51472252905394,-16.49008069209179,0 -71.51524699141991,-16.48955979563909,0 -71.51603755826444,-16.49032130308342,0 -71.51577385689029,-16.49056648737186,0 
						</coordinates>
					</LinearRing>
				</outerBoundaryIs>
			</Polygon>
		</Placemark>
		<Placemark>
			<name>1.25.28-20</name>
			<styleUrl>#msn_ylw-pushpin1001000000</styleUrl>
			<Polygon>
				<tessellate>1</tessellate>
				<outerBoundaryIs>
					<LinearRing>
						<coordinates>
							-71.51517465815054,-16.48947178347915,0 -71.51466329729041,-16.49001000377604,0 -71.51389063742332,-16.48922909040466,0 -71.51378674559463,-16.48899314466374,0 -71.51372670638929,-16.4885615681847,0 -71.51446715300298,-16.48848965804505,0 -71.51452378028461,-16.48886098481896,0 -71.51517465815054,-16.48947178347915,0 
						</coordinates>
					</LinearRing>
				</outerBoundaryIs>
			</Polygon>
		</Placemark>
		<Placemark>
			<name>1.25.28-21</name>
			<styleUrl>#msn_ylw-pushpin1001000000</styleUrl>
			<Polygon>
				<tessellate>1</tessellate>
				<outerBoundaryIs>
					<LinearRing>
						<coordinates>
							-71.51541269873267,-16.48838990173827,0 -71.51574708930653,-16.48909898595157,0 -71.5155081784454,-16.48919119654714,0 -71.51521707438577,-16.48877080289347,0 -71.51515656249049,-16.48840407197523,0 -71.51541269873267,-16.48838990173827,0 
						</coordinates>
					</LinearRing>
				</outerBoundaryIs>
			</Polygon>
		</Placemark>
		<Placemark>
			<name>1.25.28-22</name>
			<styleUrl>#msn_ylw-pushpin1001000000</styleUrl>
			<Polygon>
				<tessellate>1</tessellate>
				<outerBoundaryIs>
					<LinearRing>
						<coordinates>
							-71.5165647828785,-16.48885174924726,0 -71.51726953118143,-16.49034254028183,0 -71.51701305155332,-16.49041414858538,0 -71.51635788528111,-16.49019711785902,0 -71.51587817012258,-16.48915639228169,0 -71.5165647828785,-16.48885174924726,0 
						</coordinates>
					</LinearRing>
				</outerBoundaryIs>
			</Polygon>
		</Placemark>
		<Placemark>
			<name>1.25.28-23</name>
			<styleUrl>#msn_ylw-pushpin1001000000</styleUrl>
			<Polygon>
				<tessellate>1</tessellate>
				<outerBoundaryIs>
					<LinearRing>
						<coordinates>
							-71.51629633906431,-16.48826171935215,0 -71.51652640141748,-16.48875663904543,0 -71.51583023188566,-16.48907006134546,0 -71.51550440841966,-16.48837527071764,0 -71.51629633906431,-16.48826171935215,0 
						</coordinates>
					</LinearRing>
				</outerBoundaryIs>
			</Polygon>
		</Placemark>
		<Placemark>
			<name>1.25.28-24</name>
			<styleUrl>#msn_ylw-pushpin1001000000</styleUrl>
			<Polygon>
				<tessellate>1</tessellate>
				<outerBoundaryIs>
					<LinearRing>
						<coordinates>
							-71.51525065333099,-16.49077890923003,0 -71.515164203477,-16.49074973076921,0 -71.5148072992716,-16.49044486846869,0 -71.51488661360922,-16.49035287375616,0 -71.5152965137837,-16.49072728756871,0 -71.51525065333099,-16.49077890923003,0 
						</coordinates>
					</LinearRing>
				</outerBoundaryIs>
			</Polygon>
		</Placemark>
		<Placemark>
			<name>1.25.28-25</name>
			<styleUrl>#msn_ylw-pushpin1001000000</styleUrl>
			<Polygon>
				<tessellate>1</tessellate>
				<outerBoundaryIs>
					<LinearRing>
						<coordinates>
							-71.51350384909468,-16.49019183700878,0 -71.51357346545667,-16.49042748005779,0 -71.5127201959605,-16.4905351095928,0 -71.51270350198754,-16.49026308331734,0 -71.51350384909468,-16.49019183700878,0 
						</coordinates>
					</LinearRing>
				</outerBoundaryIs>
			</Polygon>
		</Placemark>
		<Placemark>
			<name>1.25.28-26</name>
			<styleUrl>#msn_ylw-pushpin1001000000</styleUrl>
			<Polygon>
				<tessellate>1</tessellate>
				<outerBoundaryIs>
					<LinearRing>
						<coordinates>
							-71.51343482199782,-16.49050899164924,0 -71.51349325839526,-16.49062887744076,0 -71.51308946633633,-16.49069368458375,0 -71.51295772312822,-16.49062556002849,0 -71.5129549524697,-16.49055592978302,0 -71.51343482199782,-16.49050899164924,0 
						</coordinates>
					</LinearRing>
				</outerBoundaryIs>
			</Polygon>
		</Placemark>
		<Placemark>
			<name>1.25.28-27</name>
			<styleUrl>#msn_ylw-pushpin1001000000</styleUrl>
			<Polygon>
				<tessellate>1</tessellate>
				<outerBoundaryIs>
					<LinearRing>
						<coordinates>
							-71.51262791081415,-16.49027154442401,0 -71.51264550268826,-16.49049863980303,0 -71.51227446064436,-16.49054402290527,0 -71.51224580726634,-16.49016323673995,0 -71.51262791081415,-16.49027154442401,0 
						</coordinates>
					</LinearRing>
				</outerBoundaryIs>
			</Polygon>
		</Placemark>
		<Placemark>
			<name>1.25.28-28</name>
			<styleUrl>#msn_ylw-pushpin1001000000</styleUrl>
			<Polygon>
				<tessellate>1</tessellate>
				<outerBoundaryIs>
					<LinearRing>
						<coordinates>
							-71.5121911948207,-16.49016735939735,0 -71.51223545642392,-16.4905428074948,0 -71.51187602830008,-16.49058662361996,0 -71.51186835125425,-16.49049297214213,0 -71.51193833921239,-16.49036450740147,0 -71.51190153790127,-16.49015407287014,0 -71.5121911948207,-16.49016735939735,0 
						</coordinates>
					</LinearRing>
				</outerBoundaryIs>
			</Polygon>
		</Placemark>
		<Placemark>
			<name>1.25.28-29</name>
			<styleUrl>#msn_ylw-pushpin1001000000</styleUrl>
			<Polygon>
				<tessellate>1</tessellate>
				<outerBoundaryIs>
					<LinearRing>
						<coordinates>
							-71.51011603421072,-16.488752562564,0 -71.5102030660737,-16.48788852296186,0 -71.51031071947791,-16.4879182556563,0 -71.51040452567851,-16.48876939755342,0 -71.51040649984486,-16.48877377117608,0 -71.51011603421072,-16.488752562564,0 
						</coordinates>
					</LinearRing>
				</outerBoundaryIs>
			</Polygon>
		</Placemark>
		<Placemark>
			<name>1.25.28-30</name>
			<styleUrl>#msn_ylw-pushpin1001000000</styleUrl>
			<Polygon>
				<tessellate>1</tessellate>
				<outerBoundaryIs>
					<LinearRing>
						<coordinates>
							-71.51194472149406,-16.48717238106719,0 -71.5121665047604,-16.48649565105569,0 -71.51244699066748,-16.4865739449765,0 -71.51335593048519,-16.48661838995784,0 -71.51367708838588,-16.48642504173399,0 -71.51362650928414,-16.48621989295127,0 -71.5140168695121,-16.48605246655791,0 -71.51405526669907,-16.48622182114083,0 -71.51416012111025,-16.48643822013307,0 -71.51408405966635,-16.48718079319261,0 -71.51194472149406,-16.48717238106719,0 
						</coordinates>
					</LinearRing>
				</outerBoundaryIs>
			</Polygon>
		</Placemark>
		<Placemark>
			<name>1.25.28-31</name>
			<styleUrl>#msn_ylw-pushpin1001000000</styleUrl>
			<Polygon>
				<tessellate>1</tessellate>
				<outerBoundaryIs>
					<LinearRing>
						<coordinates>
							-71.50797358174893,-16.48824067568873,0 -71.50826126828005,-16.48707948815067,0 -71.50857024970648,-16.48715818073096,0 -71.50829822309372,-16.4883528177761,0 -71.50797358174893,-16.48824067568873,0 
						</coordinates>
					</LinearRing>
				</outerBoundaryIs>
			</Polygon>
		</Placemark>
		<Placemark>
			<name>1.25.28-32</name>
			<styleUrl>#msn_ylw-pushpin1001000000</styleUrl>
			<Polygon>
				<tessellate>1</tessellate>
				<outerBoundaryIs>
					<LinearRing>
						<coordinates>
							-71.50827770984445,-16.48698282386499,0 -71.50868720542714,-16.48544608593308,0 -71.50900116475285,-16.48556774816008,0 -71.50860192801068,-16.48706604290019,0 -71.50827770984445,-16.48698282386499,0 
						</coordinates>
					</LinearRing>
				</outerBoundaryIs>
			</Polygon>
		</Placemark>
		<Placemark>
			<name>1.25.26-1</name>
			<styleUrl>#msn_ylw-pushpin1001000000</styleUrl>
			<Polygon>
				<tessellate>1</tessellate>
				<outerBoundaryIs>
					<LinearRing>
						<coordinates>
							-71.51150983779043,-16.48882807325274,0 -71.51156484062616,-16.48921784391778,0 -71.51063344689774,-16.48932883658137,0 -71.50996592735102,-16.48938353359844,0 -71.51009317492135,-16.48897597804372,0 -71.51150983779043,-16.48882807325274,0 
						</coordinates>
					</LinearRing>
				</outerBoundaryIs>
			</Polygon>
		</Placemark>
		<Placemark>
			<name>1.25.26-2</name>
			<styleUrl>#msn_ylw-pushpin1001000000</styleUrl>
			<Polygon>
				<tessellate>1</tessellate>
				<outerBoundaryIs>
					<LinearRing>
						<coordinates>
							-71.51154878607385,-16.4892817022518,0 -71.51161711496951,-16.48967622693608,0 -71.51058527405414,-16.48980444385652,0 -71.50981403277576,-16.48988957172983,0 -71.50991990953403,-16.48946030141091,0 -71.51154878607385,-16.4892817022518,0 
						</coordinates>
					</LinearRing>
				</outerBoundaryIs>
			</Polygon>
		</Placemark>
		<Placemark>
			<name>1.25.26-3</name>
			<styleUrl>#msn_ylw-pushpin1001000000</styleUrl>
			<Polygon>
				<tessellate>1</tessellate>
				<outerBoundaryIs>
					<LinearRing>
						<coordinates>
							-71.51069290466947,-16.48985759843215,0 -71.51072756185039,-16.4902162122561,0 -71.51029762984203,-16.49029536256178,0 -71.50957916672351,-16.49036760221049,0 -71.50978020393407,-16.48994731004209,0 -71.51069290466947,-16.48985759843215,0 
						</coordinates>
					</LinearRing>
				</outerBoundaryIs>
			</Polygon>
		</Placemark>
		<Placemark>
			<name>1.25.26-4</name>
			<styleUrl>#msn_ylw-pushpin1001000000</styleUrl>
			<Polygon>
				<tessellate>1</tessellate>
				<outerBoundaryIs>
					<LinearRing>
						<coordinates>
							-71.50894788006246,-16.49029514139179,0 -71.50878209072796,-16.49079102181092,0 -71.50833615230243,-16.49115974891156,0 -71.50792282636418,-16.49115389272344,0 -71.50733091095709,-16.49129326994304,0 -71.50732577966775,-16.49083738554742,0 -71.507729036925,-16.49078942159941,0 -71.50818684084931,-16.49064872655668,0 -71.50891130563114,-16.49025446716113,0 -71.50894788006246,-16.49029514139179,0 
						</coordinates>
					</LinearRing>
				</outerBoundaryIs>
			</Polygon>
		</Placemark>
		<Placemark>
			<name>1.25.26-5</name>
			<styleUrl>#msn_ylw-pushpin1001000000</styleUrl>
			<Polygon>
				<tessellate>1</tessellate>
				<outerBoundaryIs>
					<LinearRing>
						<coordinates>
							-71.50878669850553,-16.49022991007079,0 -71.50808512939203,-16.49060018966328,0 -71.50772016125444,-16.49069846402267,0 -71.50730579612264,-16.49076521436902,0 -71.50729736383001,-16.49036676845719,0 -71.50778933645522,-16.49028131458311,0 -71.50831985860903,-16.49007161679647,0 -71.50878669850553,-16.49022991007079,0 
						</coordinates>
					</LinearRing>
				</outerBoundaryIs>
			</Polygon>
		</Placemark>
		<Placemark>
			<name>1.25.26-6</name>
			<styleUrl>#msn_ylw-pushpin1001000000</styleUrl>
			<Polygon>
				<tessellate>1</tessellate>
				<outerBoundaryIs>
					<LinearRing>
						<coordinates>
							-71.50721240467124,-16.49077851885225,0 -71.50632560036192,-16.4906677034204,0 -71.50642882032118,-16.49030133021957,0 -71.50683119636358,-16.49036956710639,0 -71.50700139067753,-16.49038605728621,0 -71.50719185367116,-16.49039417258611,0 -71.50721240467124,-16.49077851885225,0 
						</coordinates>
					</LinearRing>
				</outerBoundaryIs>
			</Polygon>
		</Placemark>
		<Placemark>
			<name>1.25.26-7</name>
			<styleUrl>#msn_ylw-pushpin1001000000</styleUrl>
			<Polygon>
				<tessellate>1</tessellate>
				<outerBoundaryIs>
					<LinearRing>
						<coordinates>
							-71.50722551173594,-16.49086849775958,0 -71.50722181804386,-16.49129820019471,0 -71.50664063149372,-16.49121119018398,0 -71.5061226020886,-16.49113305911072,0 -71.50624233195995,-16.49074949777379,0 -71.50722551173594,-16.49086849775958,0 
						</coordinates>
					</LinearRing>
				</outerBoundaryIs>
			</Polygon>
		</Placemark>
		<Placemark>
			<name>1.25.26-8</name>
			<styleUrl>#msn_ylw-pushpin1001000000</styleUrl>
			<Polygon>
				<tessellate>1</tessellate>
				<outerBoundaryIs>
					<LinearRing>
						<coordinates>
							-71.50702226526204,-16.4913392995545,0 -71.50700885668407,-16.49151114811388,0 -71.50670658850792,-16.49159402910902,0 -71.50617705961714,-16.49153196591266,0 -71.50596697766026,-16.49148368475735,0 -71.50607247295618,-16.49118305971637,0 -71.50702226526204,-16.4913392995545,0 
						</coordinates>
					</LinearRing>
				</outerBoundaryIs>
			</Polygon>
		</Placemark>
		<Placemark>
			<name>1.25.26-9</name>
			<styleUrl>#msn_ylw-pushpin1001000000</styleUrl>
			<Polygon>
				<tessellate>1</tessellate>
				<outerBoundaryIs>
					<LinearRing>
						<coordinates>
							-71.50600707952121,-16.49116304433077,0 -71.50589743486655,-16.4914354058609,0 -71.50551348081389,-16.49126090227611,0 -71.50508957819272,-16.49104099164699,0 -71.50492508508977,-16.49085338654244,0 -71.50481554047745,-16.49062730786386,0 -71.50489461232054,-16.49047870999884,0 -71.50509548648469,-16.49065939296689,0 -71.50531945728635,-16.49085316456385,0 -71.50600707952121,-16.49116304433077,0 
						</coordinates>
					</LinearRing>
				</outerBoundaryIs>
			</Polygon>
		</Placemark>
		<Placemark>
			<name>1.25.26-10</name>
			<styleUrl>#msn_ylw-pushpin1001000000</styleUrl>
			<Polygon>
				<tessellate>1</tessellate>
				<outerBoundaryIs>
					<LinearRing>
						<coordinates>
							-71.50602597616567,-16.49069263100228,0 -71.50590457972955,-16.49101812949092,0 -71.50544155568988,-16.49084188399642,0 -71.50518916455604,-16.49065988517196,0 -71.50540780804656,-16.49033789062186,0 -71.50602597616567,-16.49069263100228,0 
						</coordinates>
					</LinearRing>
				</outerBoundaryIs>
			</Polygon>
		</Placemark>
		<Placemark>
			<name>1.25.26-11</name>
			<styleUrl>#msn_ylw-pushpin1001000000</styleUrl>
			<Polygon>
				<tessellate>1</tessellate>
				<outerBoundaryIs>
					<LinearRing>
						<coordinates>
							-71.50626628832619,-16.49025318034586,0 -71.50612574590349,-16.49060431629073,0 -71.50560967405136,-16.49036843291246,0 -71.50548675427932,-16.4902419013072,0 -71.50566650042184,-16.4899547085237,0 -71.50591256419233,-16.49009389079462,0 -71.50626628832619,-16.49025318034586,0 
						</coordinates>
					</LinearRing>
				</outerBoundaryIs>
			</Polygon>
		</Placemark>
		<Placemark>
			<name>1.25.26-12</name>
			<styleUrl>#msn_ylw-pushpin1001000000</styleUrl>
			<Polygon>
				<tessellate>1</tessellate>
				<outerBoundaryIs>
					<LinearRing>
						<coordinates>
							-71.50562238965749,-16.48990289544368,0 -71.50538747221802,-16.49019630548027,0 -71.50519216584358,-16.49006623063204,0 -71.50478390382001,-16.48962569098988,0 -71.50435961548656,-16.48891872884986,0 -71.50441265421061,-16.48888014729796,0 -71.50486599128867,-16.48900852855889,0 -71.50511928698407,-16.48941250661908,0 -71.50538291697252,-16.48968584215785,0 -71.50562238965749,-16.48990289544368,0 
						</coordinates>
					</LinearRing>
				</outerBoundaryIs>
			</Polygon>
		</Placemark>
		<Placemark>
			<name>1.25.26-13</name>
			<styleUrl>#msn_ylw-pushpin1001000000</styleUrl>
			<Polygon>
				<tessellate>1</tessellate>
				<outerBoundaryIs>
					<LinearRing>
						<coordinates>
							-71.50533600273947,-16.49029529222008,0 -71.50511400622057,-16.49059126678514,0 -71.50491439413305,-16.49041743237758,0 -71.50452244993714,-16.49006511442277,0 -71.50422424338851,-16.48964713490295,0 -71.50392934496735,-16.48915502715197,0 -71.5042311907679,-16.48889015382915,0 -71.50469454819007,-16.48964039501743,0 -71.50500912835325,-16.49000686383157,0 -71.50533600273947,-16.49029529222008,0 
						</coordinates>
					</LinearRing>
				</outerBoundaryIs>
			</Polygon>
		</Placemark>
		<Placemark>
			<name>1.25.26-14</name>
			<styleUrl>#msn_ylw-pushpin1001000000</styleUrl>
			<Polygon>
				<tessellate>1</tessellate>
				<outerBoundaryIs>
					<LinearRing>
						<coordinates>
							-71.50419446439132,-16.48880838064627,0 -71.5039006417679,-16.48909193237809,0 -71.50278492840948,-16.48793886046345,0 -71.50309665841695,-16.4876664683424,0 -71.50419446439132,-16.48880838064627,0 
						</coordinates>
					</LinearRing>
				</outerBoundaryIs>
			</Polygon>
		</Placemark>
		<Placemark>
			<name>1.25.26-15</name>
			<styleUrl>#msn_ylw-pushpin1001000000</styleUrl>
			<Polygon>
				<tessellate>1</tessellate>
				<outerBoundaryIs>
					<LinearRing>
						<coordinates>
							-71.50305663986188,-16.487632083626,0 -71.50276655122187,-16.48789599708837,0 -71.50219588485189,-16.48727771264698,0 -71.50211929564034,-16.48712926634601,0 -71.50203817247913,-16.4869982724238,0 -71.50172836779761,-16.48677312647821,0 -71.50165382934088,-16.486650875935,0 -71.50167679898176,-16.48661068415239,0 -71.50213927963783,-16.48672730323541,0 -71.50248021197069,-16.48698963344572,0 -71.50305663986188,-16.487632083626,0 
						</coordinates>
					</LinearRing>
				</outerBoundaryIs>
			</Polygon>
		</Placemark>
		<Placemark>
			<name>1.25.26-16</name>
			<styleUrl>#msn_ylw-pushpin1001000000</styleUrl>
			<Polygon>
				<tessellate>1</tessellate>
				<outerBoundaryIs>
					<LinearRing>
						<coordinates>
							-71.50550815654402,-16.48867027284229,0 -71.50538585120175,-16.48903251177229,0 -71.50430363303455,-16.48870941668532,0 -71.50417542505794,-16.48860622065959,0 -71.50381138013452,-16.4881409547847,0 -71.50440483916819,-16.48832203730753,0 -71.50550815654402,-16.48867027284229,0 
						</coordinates>
					</LinearRing>
				</outerBoundaryIs>
			</Polygon>
		</Placemark>
		<Placemark>
			<name>1.25.26-17</name>
			<styleUrl>#msn_ylw-pushpin1001000000</styleUrl>
			<Polygon>
				<tessellate>1</tessellate>
				<outerBoundaryIs>
					<LinearRing>
						<coordinates>
							-71.50447474119474,-16.48784008338305,0 -71.50435350493969,-16.4882231006462,0 -71.50362465886289,-16.4879815575434,0 -71.50324265909387,-16.48758638485058,0 -71.50327261867734,-16.48750004618917,0 -71.50393212590551,-16.48768640351308,0 -71.50447474119474,-16.48784008338305,0 
						</coordinates>
					</LinearRing>
				</outerBoundaryIs>
			</Polygon>
		</Placemark>
		<Placemark>
			<name>1.25.26-18</name>
			<styleUrl>#msn_ylw-pushpin1001000000</styleUrl>
			<Polygon>
				<tessellate>1</tessellate>
				<outerBoundaryIs>
					<LinearRing>
						<coordinates>
							-71.50345262507457,-16.48703678580276,0 -71.50333232480799,-16.487408381562,0 -71.50299003041135,-16.48729953289562,0 -71.50258122738593,-16.48688493388418,0 -71.50262086545168,-16.48680261780095,0 -71.50345262507457,-16.48703678580276,0 
						</coordinates>
					</LinearRing>
				</outerBoundaryIs>
			</Polygon>
		</Placemark>
		<Placemark>
			<name>1.25.26-19</name>
			<styleUrl>#msn_ylw-pushpin1001000000</styleUrl>
			<Polygon>
				<tessellate>1</tessellate>
				<outerBoundaryIs>
					<LinearRing>
						<coordinates>
							-71.50463357754116,-16.48739651738102,0 -71.50450474285732,-16.48777284911917,0 -71.50340959672113,-16.48744466796978,0 -71.50354304017735,-16.48706606900606,0 -71.50463357754116,-16.48739651738102,0 
						</coordinates>
					</LinearRing>
				</outerBoundaryIs>
			</Polygon>
		</Placemark>
		<Placemark>
			<name>1.25.26-20</name>
			<styleUrl>#msn_ylw-pushpin1001000000</styleUrl>
			<Polygon>
				<tessellate>1</tessellate>
				<outerBoundaryIs>
					<LinearRing>
						<coordinates>
							-71.50579958358423,-16.48776260719138,0 -71.50567847845582,-16.4881378842875,0 -71.50458957627485,-16.48780548590732,0 -71.50470804847667,-16.48741599246819,0 -71.50579958358423,-16.48776260719138,0 
						</coordinates>
					</LinearRing>
				</outerBoundaryIs>
			</Polygon>
		</Placemark>
		<Placemark>
			<name>1.25.26-21</name>
			<styleUrl>#msn_ylw-pushpin1001000000</styleUrl>
			<Polygon>
				<tessellate>1</tessellate>
				<outerBoundaryIs>
					<LinearRing>
						<coordinates>
							-71.50565060496001,-16.48820095259226,0 -71.50552834858959,-16.48858234261195,0 -71.50443175046409,-16.48825705143298,0 -71.50455970327025,-16.48786754239473,0 -71.50565060496001,-16.48820095259226,0 
						</coordinates>
					</LinearRing>
				</outerBoundaryIs>
			</Polygon>
		</Placemark>
		<Placemark>
			<name>1.25.26-22</name>
			<styleUrl>#msn_ylw-pushpin1001000000</styleUrl>
			<Polygon>
				<tessellate>1</tessellate>
				<outerBoundaryIs>
					<LinearRing>
						<coordinates>
							-71.50669651386387,-16.48902128293843,0 -71.50660715275798,-16.48926144391263,0 -71.50637618368661,-16.48932724620252,0 -71.50547249096377,-16.48905078755379,0 -71.50560335837774,-16.48868024337752,0 -71.50669651386387,-16.48902128293843,0 
						</coordinates>
					</LinearRing>
				</outerBoundaryIs>
			</Polygon>
		</Placemark>
		<Placemark>
			<name>1.25.26-23</name>
			<styleUrl>#msn_ylw-pushpin1001000000</styleUrl>
			<Polygon>
				<tessellate>1</tessellate>
				<outerBoundaryIs>
					<LinearRing>
						<coordinates>
							-71.50683720901912,-16.48857600902589,0 -71.50670708473993,-16.48894141442544,0 -71.50561090263204,-16.48859775439638,0 -71.50573635830241,-16.48824010739383,0 -71.50683720901912,-16.48857600902589,0 
						</coordinates>
					</LinearRing>
				</outerBoundaryIs>
			</Polygon>
		</Placemark>
		<Placemark>
			<name>1.25.26-24</name>
			<styleUrl>#msn_ylw-pushpin1001000000</styleUrl>
			<Polygon>
				<tessellate>1</tessellate>
				<outerBoundaryIs>
					<LinearRing>
						<coordinates>
							-71.50698814744368,-16.48810824835631,0 -71.50686272407869,-16.48848404590839,0 -71.5057608331016,-16.48815339888662,0 -71.50587895873241,-16.48777654025263,0 -71.50698814744368,-16.48810824835631,0 
						</coordinates>
					</LinearRing>
				</outerBoundaryIs>
			</Polygon>
		</Placemark>
		<Placemark>
			<name>1.25.26-25</name>
			<styleUrl>#msn_ylw-pushpin1001000000</styleUrl>
			<Polygon>
				<tessellate>1</tessellate>
				<outerBoundaryIs>
					<LinearRing>
						<coordinates>
							-71.50822174297795,-16.48851868208833,0 -71.50810286019096,-16.48887538310068,0 -71.50699781731603,-16.48854161907593,0 -71.50713129032077,-16.48816857498773,0 -71.50822174297795,-16.48851868208833,0 
						</coordinates>
					</LinearRing>
				</outerBoundaryIs>
			</Polygon>
		</Placemark>
		<Placemark>
			<name>1.25.26-26</name>
			<styleUrl>#msn_ylw-pushpin1001000000</styleUrl>
			<Polygon>
				<tessellate>1</tessellate>
				<outerBoundaryIs>
					<LinearRing>
						<coordinates>
							-71.50807636474595,-16.48895627908071,0 -71.50795168485479,-16.48933419025242,0 -71.50686600758129,-16.48898726184461,0 -71.50698747227013,-16.48862131848101,0 -71.50807636474595,-16.48895627908071,0 
						</coordinates>
					</LinearRing>
				</outerBoundaryIs>
			</Polygon>
		</Placemark>
		<Placemark>
			<name>1.25.26-27</name>
			<styleUrl>#msn_ylw-pushpin1001000000</styleUrl>
			<Polygon>
				<tessellate>1</tessellate>
				<outerBoundaryIs>
					<LinearRing>
						<coordinates>
							-71.50791713908058,-16.48941035131441,0 -71.50781164531955,-16.48976307031287,0 -71.50691456189436,-16.48947879621533,0 -71.50681275003402,-16.48925542770597,0 -71.50685584605901,-16.4890788883671,0 -71.50791713908058,-16.48941035131441,0 
						</coordinates>
					</LinearRing>
				</outerBoundaryIs>
			</Polygon>
		</Placemark>
		<Placemark>
			<name>1.25.26-28</name>
			<styleUrl>#msn_ylw-pushpin1001000000</styleUrl>
			<Polygon>
				<tessellate>1</tessellate>
				<outerBoundaryIs>
					<LinearRing>
						<coordinates>
							-71.50910306782546,-16.48976626086669,0 -71.50898501572546,-16.49012538676036,0 -71.50889550816358,-16.4901370629584,0 -71.50789212444448,-16.489804231061,0 -71.50802169961456,-16.48942688042435,0 -71.50910306782546,-16.48976626086669,0 
						</coordinates>
					</LinearRing>
				</outerBoundaryIs>
			</Polygon>
		</Placemark>
		<Placemark>
			<name>1.25.26-29</name>
			<styleUrl>#msn_ylw-pushpin1001000000</styleUrl>
			<Polygon>
				<tessellate>1</tessellate>
				<outerBoundaryIs>
					<LinearRing>
						<coordinates>
							-71.5092694372462,-16.48928543504097,0 -71.50913243105258,-16.48969781204869,0 -71.50804755271105,-16.4893524053171,0 -71.50817230504133,-16.48897513913762,0 -71.5092694372462,-16.48928543504097,0 
						</coordinates>
					</LinearRing>
				</outerBoundaryIs>
			</Polygon>
		</Placemark>
		<Placemark>
			<name>1.25.26-30</name>
			<styleUrl>#msn_ylw-pushpin1001000000</styleUrl>
			<Polygon>
				<tessellate>1</tessellate>
				<outerBoundaryIs>
					<LinearRing>
						<coordinates>
							-71.50940551571577,-16.48885815267214,0 -71.50927685477259,-16.48923600195268,0 -71.50819171659334,-16.48890955570963,0 -71.50831060060624,-16.48851723891037,0 -71.50940551571577,-16.48885815267214,0 
						</coordinates>
					</LinearRing>
				</outerBoundaryIs>
			</Polygon>
		</Placemark>
		<Placemark>
			<name>1.25.26-31</name>
			<styleUrl>#msn_ylw-pushpin1001000000</styleUrl>
			<Polygon>
				<tessellate>1</tessellate>
				<outerBoundaryIs>
					<LinearRing>
						<coordinates>
							-71.50842754266553,-16.48575918500964,0 -71.5078474263692,-16.48822003957692,0 -71.5055626686987,-16.48742446000967,0 -71.50490606422866,-16.48723405543574,0 -71.50352963470266,-16.48690017094158,0 -71.50251639110105,-16.48656783125849,0 -71.50317031385418,-16.4847397968609,0 -71.50412928445509,-16.48466356817994,0 -71.50451048446413,-16.4843319968564,0 -71.50506130753479,-16.48425284615581,0 -71.50666950835357,-16.48470610877072,0 -71.5072227282906,-16.48499172549031,0 -71.50853961714728,-16.48535336868668,0 -71.50842754266553,-16.48575918500964,0 
						</coordinates>
					</LinearRing>
				</outerBoundaryIs>
			</Polygon>
		</Placemark>
		<Placemark>
			<name>1.25.26-32</name>
			<styleUrl>#msn_ylw-pushpin1001000000</styleUrl>
			<Polygon>
				<tessellate>1</tessellate>
				<outerBoundaryIs>
					<LinearRing>
						<coordinates>
							-71.50283496144131,-16.48486387590513,0 -71.50231258913904,-16.48644533532275,0 -71.50182607997517,-16.48630947700961,0 -71.50221567468736,-16.48517760903182,0 -71.50236248262159,-16.484719847949,0 -71.50283496144131,-16.48486387590513,0 
						</coordinates>
					</LinearRing>
				</outerBoundaryIs>
			</Polygon>
		</Placemark>
		<Placemark>
			<name>1.25.26-33</name>
			<styleUrl>#msn_ylw-pushpin1001000000</styleUrl>
			<Polygon>
				<tessellate>1</tessellate>
				<outerBoundaryIs>
					<LinearRing>
						<coordinates>
							-71.50201177726754,-16.48546370246967,0 -71.50173062314643,-16.48626939925216,0 -71.50163552244159,-16.48623704193892,0 -71.50135994971177,-16.48477466582425,0 -71.50186773556514,-16.48471138835525,0 -71.50201177726754,-16.48546370246967,0 
						</coordinates>
					</LinearRing>
				</outerBoundaryIs>
			</Polygon>
		</Placemark>
		<Placemark>
			<name>1.25.26-34</name>
			<styleUrl>#msn_ylw-pushpin1001000000</styleUrl>
			<Polygon>
				<tessellate>1</tessellate>
				<outerBoundaryIs>
					<LinearRing>
						<coordinates>
							-71.5032619154177,-16.48355614080547,0 -71.50285205312844,-16.48481122420047,0 -71.50237448541398,-16.48465746720259,0 -71.50275333909096,-16.48356342867859,0 -71.5032619154177,-16.48355614080547,0 
						</coordinates>
					</LinearRing>
				</outerBoundaryIs>
			</Polygon>
		</Placemark>
		<Placemark>
			<name>1.25.26-35</name>
			<styleUrl>#msn_ylw-pushpin1001000000</styleUrl>
			<Polygon>
				<tessellate>1</tessellate>
				<outerBoundaryIs>
					<LinearRing>
						<coordinates>
							-71.50168005765669,-16.48332464208065,0 -71.5018854783084,-16.48335969763159,0 -71.50223855655855,-16.48353105673817,0 -71.50258337798091,-16.48361860493157,0 -71.50246173059026,-16.48396722907467,0 -71.50234521575101,-16.48416191388484,0 -71.50222402878244,-16.48465182096453,0 -71.5013688886782,-16.48466491074603,0 -71.50131159226315,-16.48390971423196,0 -71.50123061972533,-16.48358761489415,0 -71.50109504701625,-16.48320299315463,0 -71.50168005765669,-16.48332464208065,0 
						</coordinates>
					</LinearRing>
				</outerBoundaryIs>
			</Polygon>
		</Placemark>
		<Placemark>
			<name>1.25.26-37</name>
			<styleUrl>#msn_ylw-pushpin1001000000</styleUrl>
			<Polygon>
				<tessellate>1</tessellate>
				<outerBoundaryIs>
					<LinearRing>
						<coordinates>
							-71.50715627086956,-16.48427460708372,0 -71.50724931785869,-16.48422894695316,0 -71.50736172222081,-16.48424612675145,0 -71.50747630605144,-16.48459617097878,0 -71.50750240752602,-16.48449764353521,0 -71.50764556543768,-16.48446786326059,0 -71.50794005729882,-16.48470704853873,0 -71.50757043643269,-16.48492749221479,0 -71.50756570285984,-16.48493009430855,0 -71.50732338197378,-16.48489957634026,0 -71.5066220109903,-16.48451053325404,0 -71.50643750244852,-16.48449486648209,0 -71.50649879440209,-16.48429977942983,0 -71.50682544023717,-16.48439115615993,0 -71.50684516108836,-16.48432568186609,0 -71.50636761667786,-16.48417019161527,0 -71.50581682912633,-16.48379751917491,0 -71.5060530764606,-16.48348471928911,0 -71.50715627086956,-16.48427460708372,0 
						</coordinates>
					</LinearRing>
				</outerBoundaryIs>
			</Polygon>
		</Placemark>
		<Placemark>
			<name>1.25.26-38</name>
			<styleUrl>#msn_ylw-pushpin1001000000</styleUrl>
			<Polygon>
				<tessellate>1</tessellate>
				<outerBoundaryIs>
					<LinearRing>
						<coordinates>
							-71.50703871156713,-16.48358168950528,0 -71.50722948126736,-16.48418032220625,0 -71.50720648346777,-16.4841951046627,0 -71.50609864708083,-16.48342124099122,0 -71.5063505859993,-16.48310715207132,0 -71.50703871156713,-16.48358168950528,0 
						</coordinates>
					</LinearRing>
				</outerBoundaryIs>
			</Polygon>
		</Placemark>
		<Placemark>
			<name>1.25.26-39</name>
			<styleUrl>#msn_ylw-pushpin1001000000</styleUrl>
			<Polygon>
				<tessellate>1</tessellate>
				<outerBoundaryIs>
					<LinearRing>
						<coordinates>
							-71.50627751912037,-16.48305006009506,0 -71.50603789400314,-16.48336462070755,0 -71.50524728270695,-16.48282017066764,0 -71.50549386051091,-16.48250935578877,0 -71.50627751912037,-16.48305006009506,0 
						</coordinates>
					</LinearRing>
				</outerBoundaryIs>
			</Polygon>
		</Placemark>
		<Placemark>
			<name>1.25.26-40</name>
			<styleUrl>#msn_ylw-pushpin1001000000</styleUrl>
			<Polygon>
				<tessellate>1</tessellate>
				<outerBoundaryIs>
					<LinearRing>
						<coordinates>
							-71.50679689661625,-16.48281492014772,0 -71.50655246815379,-16.48314541073898,0 -71.50553676662467,-16.48243864628271,0 -71.50578765151715,-16.48212334238066,0 -71.50679689661625,-16.48281492014772,0 
						</coordinates>
					</LinearRing>
				</outerBoundaryIs>
			</Polygon>
		</Placemark>
		<Placemark>
			<name>1.25.26-41</name>
			<styleUrl>#msn_ylw-pushpin1001000000</styleUrl>
			<Polygon>
				<tessellate>1</tessellate>
				<outerBoundaryIs>
					<LinearRing>
						<coordinates>
							-71.50660840379324,-16.48210511402435,0 -71.5066311852966,-16.48260399570024,0 -71.50581403943333,-16.48207371504286,0 -71.50607151938915,-16.48174980560293,0 -71.50660840379324,-16.48210511402435,0 
						</coordinates>
					</LinearRing>
				</outerBoundaryIs>
			</Polygon>
		</Placemark>
		<Placemark>
			<name>1.25.26-42</name>
			<styleUrl>#msn_ylw-pushpin1001000000</styleUrl>
			<Polygon>
				<tessellate>1</tessellate>
				<outerBoundaryIs>
					<LinearRing>
						<coordinates>
							-71.50680151626638,-16.48164861341378,0 -71.50654687353014,-16.48196798119836,0 -71.50612142294437,-16.48167662679435,0 -71.50635671637694,-16.48134838510979,0 -71.50680151626638,-16.48164861341378,0 
						</coordinates>
					</LinearRing>
				</outerBoundaryIs>
			</Polygon>
		</Placemark>
		<Placemark>
			<name>1.25.26-43</name>
			<styleUrl>#msn_ylw-pushpin1001000000</styleUrl>
			<Polygon>
				<tessellate>1</tessellate>
				<outerBoundaryIs>
					<LinearRing>
						<coordinates>
							-71.50740061070709,-16.48205651156062,0 -71.50738953972453,-16.48240161564479,0 -71.50676664304942,-16.4819701043556,0 -71.50692247568047,-16.48176393362526,0 -71.50740061070709,-16.48205651156062,0 
						</coordinates>
					</LinearRing>
				</outerBoundaryIs>
			</Polygon>
		</Placemark>
		<Placemark>
			<name>1.25.26-44</name>
			<styleUrl>#msn_ylw-pushpin1001000000</styleUrl>
			<Polygon>
				<tessellate>1</tessellate>
				<outerBoundaryIs>
					<LinearRing>
						<coordinates>
							-71.50735483030142,-16.48246200004958,0 -71.50714070626681,-16.48274696663536,0 -71.50685435518832,-16.48255275295399,0 -71.50677301145549,-16.48202543923391,0 -71.50735483030142,-16.48246200004958,0 
						</coordinates>
					</LinearRing>
				</outerBoundaryIs>
			</Polygon>
		</Placemark>
		<Placemark>
			<name>1.25.26-45</name>
			<styleUrl>#msn_ylw-pushpin1001000000</styleUrl>
			<Polygon>
				<tessellate>1</tessellate>
				<outerBoundaryIs>
					<LinearRing>
						<coordinates>
							-71.50843380508157,-16.48323291574807,0 -71.50817903950779,-16.48353664525645,0 -71.50718930817831,-16.48280499781794,0 -71.50742223411311,-16.48248791284459,0 -71.50843380508157,-16.48323291574807,0 
						</coordinates>
					</LinearRing>
				</outerBoundaryIs>
			</Polygon>
		</Placemark>
		<Placemark>
			<name>1.25.26-46</name>
			<styleUrl>#msn_ylw-pushpin1001000000</styleUrl>
			<Polygon>
				<tessellate>1</tessellate>
				<outerBoundaryIs>
					<LinearRing>
						<coordinates>
							-71.50810738800298,-16.48360153672277,0 -71.50786347689125,-16.48389348544473,0 -71.50745403857547,-16.48358395050164,0 -71.5077214624845,-16.48328947193175,0 -71.50810738800298,-16.48360153672277,0 
						</coordinates>
					</LinearRing>
				</outerBoundaryIs>
			</Polygon>
		</Placemark>
		<Placemark>
			<name>1.25.26-47</name>
			<styleUrl>#msn_ylw-pushpin1001000000</styleUrl>
			<Polygon>
				<tessellate>1</tessellate>
				<outerBoundaryIs>
					<LinearRing>
						<coordinates>
							-71.50870857241128,-16.48262715886642,0 -71.5083716435215,-16.48309504261263,0 -71.50747838195977,-16.48244543207328,0 -71.5074394215154,-16.48180223904813,0 -71.50870857241128,-16.48262715886642,0 
						</coordinates>
					</LinearRing>
				</outerBoundaryIs>
			</Polygon>
		</Placemark>
		<Placemark>
			<name>1.25.26-48</name>
			<styleUrl>#msn_ylw-pushpin1001000000</styleUrl>
			<Polygon>
				<tessellate>1</tessellate>
				<outerBoundaryIs>
					<LinearRing>
						<coordinates>
							-71.5074474737164,-16.48149116472267,0 -71.50721613692927,-16.48182226451996,0 -71.50641110067171,-16.4812728438185,0 -71.5066534286329,-16.4809493455383,0 -71.5074474737164,-16.48149116472267,0 
						</coordinates>
					</LinearRing>
				</outerBoundaryIs>
			</Polygon>
		</Placemark>
		<Placemark>
			<name>1.25.26-49</name>
			<styleUrl>#msn_ylw-pushpin1001000000</styleUrl>
			<Polygon>
				<tessellate>1</tessellate>
				<outerBoundaryIs>
					<LinearRing>
						<coordinates>
							-71.50658030698227,-16.48090185693885,0 -71.50635098042505,-16.48122573120812,0 -71.50563584061848,-16.48073191668502,0 -71.50587803964913,-16.48040630645431,0 -71.50658030698227,-16.48090185693885,0 
						</coordinates>
					</LinearRing>
				</outerBoundaryIs>
			</Polygon>
		</Placemark>
		<Placemark>
			<name>1.25.26-50</name>
			<styleUrl>#msn_ylw-pushpin1001000000</styleUrl>
			<Polygon>
				<tessellate>1</tessellate>
				<outerBoundaryIs>
					<LinearRing>
						<coordinates>
							-71.50686734729668,-16.48051203026264,0 -71.50662442119477,-16.48084560932277,0 -71.50592926127027,-16.48036073209271,0 -71.50617491465732,-16.48003189765074,0 -71.50686734729668,-16.48051203026264,0 
						</coordinates>
					</LinearRing>
				</outerBoundaryIs>
			</Polygon>
		</Placemark>
		<Placemark>
			<name>1.25.26-51</name>
			<styleUrl>#msn_ylw-pushpin1001000000</styleUrl>
			<Polygon>
				<tessellate>1</tessellate>
				<outerBoundaryIs>
					<LinearRing>
						<coordinates>
							-71.50772098143987,-16.48110309042079,0 -71.50749914434439,-16.48142289075993,0 -71.50670819708284,-16.48087092073673,0 -71.50694865007526,-16.48055890904074,0 -71.50772098143987,-16.48110309042079,0 
						</coordinates>
					</LinearRing>
				</outerBoundaryIs>
			</Polygon>
		</Placemark>
		<Placemark>
			<name>1.25.26-52</name>
			<styleUrl>#msn_ylw-pushpin1001000000</styleUrl>
			<Polygon>
				<tessellate>1</tessellate>
				<outerBoundaryIs>
					<LinearRing>
						<coordinates>
							-71.50800047632674,-16.48072647919558,0 -71.50777287808056,-16.48102821703506,0 -71.50698522351564,-16.48050288246758,0 -71.5072268358613,-16.48018849795756,0 -71.50800047632674,-16.48072647919558,0 
						</coordinates>
					</LinearRing>
				</outerBoundaryIs>
			</Polygon>
		</Placemark>
		<Placemark>
			<name>1.25.26-53</name>
			<styleUrl>#msn_ylw-pushpin1001000000</styleUrl>
			<Polygon>
				<tessellate>1</tessellate>
				<outerBoundaryIs>
					<LinearRing>
						<coordinates>
							-71.506898009563,-16.48045571160523,0 -71.50622940197181,-16.47997690227835,0 -71.50645571207323,-16.47965803350883,0 -71.50715387196868,-16.48014163452766,0 -71.506898009563,-16.48045571160523,0 
						</coordinates>
					</LinearRing>
				</outerBoundaryIs>
			</Polygon>
		</Placemark>
		<Placemark>
			<name>1.25.26-54</name>
			<styleUrl>#msn_ylw-pushpin1001000000</styleUrl>
			<Polygon>
				<tessellate>1</tessellate>
				<outerBoundaryIs>
					<LinearRing>
						<coordinates>
							-71.50744890405178,-16.4797325024303,0 -71.50721870471354,-16.48003980473335,0 -71.50652083046853,-16.47957953967937,0 -71.5066626635686,-16.47938529048111,0 -71.50687227002665,-16.4793374511222,0 -71.50744890405178,-16.4797325024303,0 
						</coordinates>
					</LinearRing>
				</outerBoundaryIs>
			</Polygon>
		</Placemark>
		<Placemark>
			<name>1.25.26-55</name>
			<styleUrl>#msn_ylw-pushpin1001000000</styleUrl>
			<Polygon>
				<tessellate>1</tessellate>
				<outerBoundaryIs>
					<LinearRing>
						<coordinates>
							-71.5083014915766,-16.4803113372984,0 -71.50806204274114,-16.48062948701583,0 -71.50729418496365,-16.48010238306444,0 -71.50753342567778,-16.47978577666031,0 -71.5083014915766,-16.4803113372984,0 
						</coordinates>
					</LinearRing>
				</outerBoundaryIs>
			</Polygon>
		</Placemark>
		<Placemark>
			<name>1.25.26-56</name>
			<styleUrl>#msn_ylw-pushpin1001000000</styleUrl>
			<Polygon>
				<tessellate>1</tessellate>
				<outerBoundaryIs>
					<LinearRing>
						<coordinates>
							-71.50934506540584,-16.48103315381443,0 -71.50906918753427,-16.48130251277164,0 -71.50815448186442,-16.48069182652426,0 -71.5083744160285,-16.48037398397565,0 -71.50934506540584,-16.48103315381443,0 
						</coordinates>
					</LinearRing>
				</outerBoundaryIs>
			</Polygon>
		</Placemark>
		<Placemark>
			<name>1.25.26-57</name>
			<styleUrl>#msn_ylw-pushpin1001000000</styleUrl>
			<Polygon>
				<tessellate>1</tessellate>
				<outerBoundaryIs>
					<LinearRing>
						<coordinates>
							-71.50841796055418,-16.48102565529364,0 -71.50795422887185,-16.48176606533927,0 -71.50783893128897,-16.48168548793511,0 -71.50780801766494,-16.48174576580064,0 -71.50874597314193,-16.48226478454842,0 -71.50867575944451,-16.48213359200585,0 -71.50909361536918,-16.48147288812178,0 -71.50929536969522,-16.4816112254808,0 -71.50898670094787,-16.48193844875154,0 -71.50909487650532,-16.48200189232653,0 -71.50882526778616,-16.48244151034272,0 -71.50870867321498,-16.48236460875255,0 -71.50865713041161,-16.48245656764091,0 -71.50771909115699,-16.48187488440354,0 -71.50745143309713,-16.48170103587964,0 -71.50809694726712,-16.48076260843409,0 -71.50841796055418,-16.48102565529364,0 
						</coordinates>
					</LinearRing>
				</outerBoundaryIs>
			</Polygon>
		</Placemark>
		<Placemark>
			<name>1.25.26-58</name>
			<styleUrl>#msn_ylw-pushpin1001000000</styleUrl>
			<Polygon>
				<tessellate>1</tessellate>
				<outerBoundaryIs>
					<LinearRing>
						<coordinates>
							-71.50966104915717,-16.48124863205283,0 -71.50939853281291,-16.48153039533318,0 -71.50920102930584,-16.48140813024018,0 -71.50947393014563,-16.48110777968299,0 -71.50966104915717,-16.48124863205283,0 
						</coordinates>
					</LinearRing>
				</outerBoundaryIs>
			</Polygon>
		</Placemark>
		<Placemark>
			<name>1.25.26-59</name>
			<styleUrl>#msn_ylw-pushpin1001000000</styleUrl>
			<Polygon>
				<tessellate>1</tessellate>
				<outerBoundaryIs>
					<LinearRing>
						<coordinates>
							-71.50984045841065,-16.4785397130477,0 -71.50999292737707,-16.4772766162436,0 -71.51015311289436,-16.47647260972301,0 -71.51018289389613,-16.47652443082966,0 -71.51031529014783,-16.47764978385396,0 -71.51016665972132,-16.47765252501993,0 -71.51000432482766,-16.47877153659834,0 -71.50990701930989,-16.47923283569947,0 -71.50978509319484,-16.48001523431186,0 -71.50977922717844,-16.48013668936305,0 -71.50956204669859,-16.48012979381275,0 -71.50984045841065,-16.4785397130477,0 
						</coordinates>
					</LinearRing>
				</outerBoundaryIs>
			</Polygon>
		</Placemark>
		<Placemark>
			<name>1.25.26-60</name>
			<styleUrl>#msn_ylw-pushpin1001000000</styleUrl>
			<Polygon>
				<tessellate>1</tessellate>
				<outerBoundaryIs>
					<LinearRing>
						<coordinates>
							-71.50992979488127,-16.47732176341986,0 -71.50984650258141,-16.47771329407816,0 -71.5092888257936,-16.47736449133738,0 -71.50953134958093,-16.47703819866571,0 -71.50992979488127,-16.47732176341986,0 
						</coordinates>
					</LinearRing>
				</outerBoundaryIs>
			</Polygon>
		</Placemark>
		<Placemark>
			<name>1.25.26-61</name>
			<styleUrl>#msn_ylw-pushpin1001000000</styleUrl>
			<Polygon>
				<tessellate>1</tessellate>
				<outerBoundaryIs>
					<LinearRing>
						<coordinates>
							-71.50984336003468,-16.47783694650735,0 -71.5097762213755,-16.47826237972498,0 -71.50904727403598,-16.47774583658421,0 -71.50924801117104,-16.47742355284056,0 -71.50984336003468,-16.47783694650735,0 
						</coordinates>
					</LinearRing>
				</outerBoundaryIs>
			</Polygon>
		</Placemark>
		<Placemark>
			<name>1.25.26-62</name>
			<styleUrl>#msn_ylw-pushpin1001000000</styleUrl>
			<Polygon>
				<tessellate>1</tessellate>
				<outerBoundaryIs>
					<LinearRing>
						<coordinates>
							-71.50973991863466,-16.47834252078204,0 -71.50951775765658,-16.47866773004774,0 -71.50873755110455,-16.47812554230433,0 -71.50896991650247,-16.47780106777935,0 -71.50973991863466,-16.47834252078204,0 
						</coordinates>
					</LinearRing>
				</outerBoundaryIs>
			</Polygon>
		</Placemark>
		<Placemark>
			<name>1.25.26-63</name>
			<styleUrl>#msn_ylw-pushpin1001000000</styleUrl>
			<Polygon>
				<tessellate>1</tessellate>
				<outerBoundaryIs>
					<LinearRing>
						<coordinates>
							-71.50947085440286,-16.47872932860626,0 -71.50923439139744,-16.47904425348238,0 -71.50845050622921,-16.47850874203764,0 -71.50869939306878,-16.47818712017028,0 -71.50947085440286,-16.47872932860626,0 
						</coordinates>
					</LinearRing>
				</outerBoundaryIs>
			</Polygon>
		</Placemark>
		<Placemark>
			<name>1.25.26-64</name>
			<styleUrl>#msn_ylw-pushpin1001000000</styleUrl>
			<Polygon>
				<tessellate>1</tessellate>
				<outerBoundaryIs>
					<LinearRing>
						<coordinates>
							-71.50918157238021,-16.47911555891173,0 -71.50896086566983,-16.47942359561452,0 -71.50817342695146,-16.47890219177335,0 -71.50841644101064,-16.47857029649125,0 -71.50918157238021,-16.47911555891173,0 
						</coordinates>
					</LinearRing>
				</outerBoundaryIs>
			</Polygon>
		</Placemark>
		<Placemark>
			<name>1.25.26-65</name>
			<styleUrl>#msn_ylw-pushpin1001000000</styleUrl>
			<Polygon>
				<tessellate>1</tessellate>
				<outerBoundaryIs>
					<LinearRing>
						<coordinates>
							-71.50959896923594,-16.47938928981631,0 -71.50953826897685,-16.47981057442593,0 -71.50904798019501,-16.47947827278358,0 -71.5092690927013,-16.47916633975105,0 -71.50959896923594,-16.47938928981631,0 
						</coordinates>
					</LinearRing>
				</outerBoundaryIs>
			</Polygon>
		</Placemark>
		<Placemark>
			<name>1.25.26-66</name>
			<styleUrl>#msn_ylw-pushpin1001000000</styleUrl>
			<Polygon>
				<tessellate>1</tessellate>
				<outerBoundaryIs>
					<LinearRing>
						<coordinates>
							-71.50951108650506,-16.47990913475612,0 -71.50943968313251,-16.48031937716471,0 -71.50877033188239,-16.47986266857087,0 -71.50899253642359,-16.4795481335753,0 -71.50951108650506,-16.47990913475612,0 
						</coordinates>
					</LinearRing>
				</outerBoundaryIs>
			</Polygon>
		</Placemark>
		<Placemark>
			<name>1.25.26-67</name>
			<styleUrl>#msn_ylw-pushpin1001000000</styleUrl>
			<Polygon>
				<tessellate>1</tessellate>
				<outerBoundaryIs>
					<LinearRing>
						<coordinates>
							-71.50942988522284,-16.48041694843471,0 -71.50936129462632,-16.48085855870146,0 -71.50848529926807,-16.48024890644654,0 -71.50871457451892,-16.47993642297758,0 -71.50942988522284,-16.48041694843471,0 
						</coordinates>
					</LinearRing>
				</outerBoundaryIs>
			</Polygon>
		</Placemark>
		<Placemark>
			<name>1.25.26-68</name>
			<styleUrl>#msn_ylw-pushpin1001000000</styleUrl>
			<Polygon>
				<tessellate>1</tessellate>
				<outerBoundaryIs>
					<LinearRing>
						<coordinates>
							-71.50861792979974,-16.47985134839521,0 -71.50838605432621,-16.48018094270137,0 -71.50759056235157,-16.47965878299072,0 -71.50785046329676,-16.4793291606928,0 -71.50861792979974,-16.47985134839521,0 
						</coordinates>
					</LinearRing>
				</outerBoundaryIs>
			</Polygon>
		</Placemark>
		<Placemark>
			<name>1.25.26-69</name>
			<styleUrl>#msn_ylw-pushpin1001000000</styleUrl>
			<Polygon>
				<tessellate>1</tessellate>
				<outerBoundaryIs>
					<LinearRing>
						<coordinates>
							-71.50890933405159,-16.47949014944322,0 -71.50867400609468,-16.47980825333418,0 -71.50788714603154,-16.47927091940316,0 -71.50810669756092,-16.4789479610339,0 -71.50890933405159,-16.47949014944322,0 
						</coordinates>
					</LinearRing>
				</outerBoundaryIs>
			</Polygon>
		</Placemark>
		<Placemark>
			<name>1.25.26-70</name>
			<styleUrl>#msn_ylw-pushpin1001000000</styleUrl>
			<Polygon>
				<tessellate>1</tessellate>
				<outerBoundaryIs>
					<LinearRing>
						<coordinates>
							-71.50804127634568,-16.47890581096331,0 -71.50753646383752,-16.47960667998359,0 -71.50697016087599,-16.47917750655097,0 -71.5074452621914,-16.47849518603804,0 -71.50804127634568,-16.47890581096331,0 
						</coordinates>
					</LinearRing>
				</outerBoundaryIs>
			</Polygon>
		</Placemark>
		<Placemark>
			<name>1.25.26-71</name>
			<styleUrl>#msn_ylw-pushpin1001000000</styleUrl>
			<Polygon>
				<tessellate>1</tessellate>
				<outerBoundaryIs>
					<LinearRing>
						<coordinates>
							-71.50832816027979,-16.47851573481112,0 -71.50809817675234,-16.47885813006281,0 -71.50741411257809,-16.47837327140228,0 -71.50764716428314,-16.47804360584632,0 -71.50832816027979,-16.47851573481112,0 
						</coordinates>
					</LinearRing>
				</outerBoundaryIs>
			</Polygon>
		</Placemark>
		<Placemark>
			<name>1.25.26-72</name>
			<styleUrl>#msn_ylw-pushpin1001000000</styleUrl>
			<Polygon>
				<tessellate>1</tessellate>
				<outerBoundaryIs>
					<LinearRing>
						<coordinates>
							-71.50861760577889,-16.47814112503428,0 -71.50837717318397,-16.47846173980385,0 -71.50769485928284,-16.47798562903494,0 -71.50793171814938,-16.47766584515291,0 -71.50861760577889,-16.47814112503428,0 
						</coordinates>
					</LinearRing>
				</outerBoundaryIs>
			</Polygon>
		</Placemark>
		<Placemark>
			<name>1.25.26-73</name>
			<styleUrl>#msn_ylw-pushpin1001000000</styleUrl>
			<Polygon>
				<tessellate>1</tessellate>
				<outerBoundaryIs>
					<LinearRing>
						<coordinates>
							-71.50890156754454,-16.47774288554742,0 -71.50867720824466,-16.47806891237642,0 -71.50795965983423,-16.47759378332119,0 -71.508208812223,-16.47727877358446,0 -71.50890156754454,-16.47774288554742,0 
						</coordinates>
					</LinearRing>
				</outerBoundaryIs>
			</Polygon>
		</Placemark>
		<Placemark>
			<name>1.25.26-74</name>
			<styleUrl>#msn_ylw-pushpin1001000000</styleUrl>
			<Polygon>
				<tessellate>1</tessellate>
				<outerBoundaryIs>
					<LinearRing>
						<coordinates>
							-71.50917741626576,-16.47738749788812,0 -71.50895797727618,-16.47768554295583,0 -71.50824740742196,-16.47721375335388,0 -71.50848943254552,-16.47689038333023,0 -71.50917741626576,-16.47738749788812,0 
						</coordinates>
					</LinearRing>
				</outerBoundaryIs>
			</Polygon>
		</Placemark>
		<Placemark>
			<name>1.25.26-75</name>
			<styleUrl>#msn_ylw-pushpin1001000000</styleUrl>
			<Polygon>
				<tessellate>1</tessellate>
				<outerBoundaryIs>
					<LinearRing>
						<coordinates>
							-71.5094649269797,-16.47699564720765,0 -71.50922485861692,-16.47730640929168,0 -71.50853858298528,-16.4768430827226,0 -71.50876619824307,-16.47651893517464,0 -71.5094649269797,-16.47699564720765,0 
						</coordinates>
					</LinearRing>
				</outerBoundaryIs>
			</Polygon>
		</Placemark>
		<Placemark>
			<name>1.25.26-76</name>
			<styleUrl>#msn_ylw-pushpin1001000000</styleUrl>
			<Polygon>
				<tessellate>1</tessellate>
				<outerBoundaryIs>
					<LinearRing>
						<coordinates>
							-71.50975060947434,-16.47661696709582,0 -71.50951459594732,-16.47693219064878,0 -71.50880947024595,-16.47644042852219,0 -71.50905116017077,-16.47612209317128,0 -71.50975060947434,-16.47661696709582,0 
						</coordinates>
					</LinearRing>
				</outerBoundaryIs>
			</Polygon>
		</Placemark>
		<Placemark>
			<name>1.25.26-77</name>
			<styleUrl>#msn_ylw-pushpin1001000000</styleUrl>
			<Polygon>
				<tessellate>1</tessellate>
				<outerBoundaryIs>
					<LinearRing>
						<coordinates>
							-71.51003842514224,-16.47620880450771,0 -71.50981015085722,-16.47654561359325,0 -71.50908950273106,-16.47607084024095,0 -71.50930930359928,-16.47574323936241,0 -71.51003842514224,-16.47620880450771,0 
						</coordinates>
					</LinearRing>
				</outerBoundaryIs>
			</Polygon>
		</Placemark>
		<Placemark>
			<name>1.25.26-78</name>
			<styleUrl>#msn_ylw-pushpin1001000000</styleUrl>
			<Polygon>
				<tessellate>1</tessellate>
				<outerBoundaryIs>
					<LinearRing>
						<coordinates>
							-71.50933743868994,-16.47529308628459,0 -71.50915393473962,-16.47553673289142,0 -71.50836282915232,-16.47500104719308,0 -71.50853093619787,-16.47476800395968,0 -71.50915348323696,-16.47501918470077,0 -71.50933743868994,-16.47529308628459,0 
						</coordinates>
					</LinearRing>
				</outerBoundaryIs>
			</Polygon>
		</Placemark>
		<Placemark>
			<name>1.25.26-79</name>
			<styleUrl>#msn_ylw-pushpin1001000000</styleUrl>
			<Polygon>
				<tessellate>1</tessellate>
				<outerBoundaryIs>
					<LinearRing>
						<coordinates>
							-71.50910475410201,-16.47560874897066,0 -71.50887396440632,-16.47591059318624,0 -71.50809492956377,-16.47537798629674,0 -71.50831333570308,-16.47506033090066,0 -71.50910475410201,-16.47560874897066,0 
						</coordinates>
					</LinearRing>
				</outerBoundaryIs>
			</Polygon>
		</Placemark>
		<Placemark>
			<name>1.25.26-80</name>
			<styleUrl>#msn_ylw-pushpin1001000000</styleUrl>
			<Polygon>
				<tessellate>1</tessellate>
				<outerBoundaryIs>
					<LinearRing>
						<coordinates>
							-71.50814043025662,-16.47493299572815,0 -71.50824546909362,-16.47479842361541,0 -71.50837698717011,-16.47486780908805,0 -71.50800982150389,-16.47533463493579,0 -71.50720484296008,-16.47479393457511,0 -71.50746470142712,-16.4744718026192,0 -71.50814043025662,-16.47493299572815,0 
						</coordinates>
					</LinearRing>
				</outerBoundaryIs>
			</Polygon>
		</Placemark>
		<Placemark>
			<name>1.25.26-81</name>
			<styleUrl>#msn_ylw-pushpin1001000000</styleUrl>
			<Polygon>
				<tessellate>1</tessellate>
				<outerBoundaryIs>
					<LinearRing>
						<coordinates>
							-71.50796117229957,-16.47539203571034,0 -71.50773452623693,-16.47571200868474,0 -71.50693380331886,-16.47517218548747,0 -71.50716996720314,-16.47486048110776,0 -71.50796117229957,-16.47539203571034,0 
						</coordinates>
					</LinearRing>
				</outerBoundaryIs>
			</Polygon>
		</Placemark>
		<Placemark>
			<name>1.25.26-82</name>
			<styleUrl>#msn_ylw-pushpin1001000000</styleUrl>
			<Polygon>
				<tessellate>1</tessellate>
				<outerBoundaryIs>
					<LinearRing>
						<coordinates>
							-71.50881625133164,-16.47598428580259,0 -71.50858925843181,-16.47630000725724,0 -71.50781443520121,-16.47576564120762,0 -71.50803862106221,-16.47543683657256,0 -71.50881625133164,-16.47598428580259,0 
						</coordinates>
					</LinearRing>
				</outerBoundaryIs>
			</Polygon>
		</Placemark>
		<Placemark>
			<name>1.25.26-83</name>
			<styleUrl>#msn_ylw-pushpin1001000000</styleUrl>
			<Polygon>
				<tessellate>1</tessellate>
				<outerBoundaryIs>
					<LinearRing>
						<coordinates>
							-71.50854840046193,-16.47636256075678,0 -71.50831791103882,-16.47667158368125,0 -71.50752973386392,-16.47614324192802,0 -71.50776234665496,-16.47582583347497,0 -71.50854840046193,-16.47636256075678,0 
						</coordinates>
					</LinearRing>
				</outerBoundaryIs>
			</Polygon>
		</Placemark>
		<Placemark>
			<name>1.25.26-84</name>
			<styleUrl>#msn_ylw-pushpin1001000000</styleUrl>
			<Polygon>
				<tessellate>1</tessellate>
				<outerBoundaryIs>
					<LinearRing>
						<coordinates>
							-71.5076844334032,-16.47578056084618,0 -71.50745230079472,-16.4760928555717,0 -71.506668618367,-16.47556330649316,0 -71.50689292001549,-16.47524611819824,0 -71.5076844334032,-16.47578056084618,0 
						</coordinates>
					</LinearRing>
				</outerBoundaryIs>
			</Polygon>
		</Placemark>
		<Placemark>
			<name>1.25.26-85</name>
			<styleUrl>#msn_ylw-pushpin1001000000</styleUrl>
			<Polygon>
				<tessellate>1</tessellate>
				<outerBoundaryIs>
					<LinearRing>
						<coordinates>
							-71.50740582038404,-16.47616102664136,0 -71.50716692158183,-16.47649250341544,0 -71.50638605652813,-16.47594155526057,0 -71.50661147778337,-16.47561841322852,0 -71.50740582038404,-16.47616102664136,0 
						</coordinates>
					</LinearRing>
				</outerBoundaryIs>
			</Polygon>
		</Placemark>
		<Placemark>
			<name>1.25.26-86</name>
			<styleUrl>#msn_ylw-pushpin1001000000</styleUrl>
			<Polygon>
				<tessellate>1</tessellate>
				<outerBoundaryIs>
					<LinearRing>
						<coordinates>
							-71.50825879929774,-16.47675469304865,0 -71.50803466824712,-16.47706225878698,0 -71.50724686991894,-16.47653386539995,0 -71.50748015791035,-16.47621141833535,0 -71.50825879929774,-16.47675469304865,0 
						</coordinates>
					</LinearRing>
				</outerBoundaryIs>
			</Polygon>
		</Placemark>
		<Placemark>
			<name>1.25.26-87</name>
			<styleUrl>#msn_ylw-pushpin1001000000</styleUrl>
			<Polygon>
				<tessellate>1</tessellate>
				<outerBoundaryIs>
					<LinearRing>
						<coordinates>
							-71.50797599544319,-16.47713769739984,0 -71.50775209472827,-16.47743669607478,0 -71.50696463517812,-16.47691043816309,0 -71.50719829290922,-16.47659227013659,0 -71.50797599544319,-16.47713769739984,0 
						</coordinates>
					</LinearRing>
				</outerBoundaryIs>
			</Polygon>
		</Placemark>
		<Placemark>
			<name>1.25.26-88</name>
			<styleUrl>#msn_ylw-pushpin1001000000</styleUrl>
			<Polygon>
				<tessellate>1</tessellate>
				<outerBoundaryIs>
					<LinearRing>
						<coordinates>
							-71.5071171312353,-16.4765475466347,0 -71.50688744982443,-16.47686594358474,0 -71.50640258449894,-16.47653716865929,0 -71.50663443247021,-16.47621110628635,0 -71.5071171312353,-16.4765475466347,0 
						</coordinates>
					</LinearRing>
				</outerBoundaryIs>
			</Polygon>
		</Placemark>
		<Placemark>
			<name>1.25.26-89</name>
			<styleUrl>#msn_ylw-pushpin1001000000</styleUrl>
			<Polygon>
				<tessellate>1</tessellate>
				<outerBoundaryIs>
					<LinearRing>
						<coordinates>
							-71.50683936345376,-16.47693563002579,0 -71.50660979901394,-16.47724700503574,0 -71.5058031654924,-16.47672693544103,0 -71.50602666052067,-16.47638609987001,0 -71.50683936345376,-16.47693563002579,0 
						</coordinates>
					</LinearRing>
				</outerBoundaryIs>
			</Polygon>
		</Placemark>
		<Placemark>
			<name>1.25.26-90</name>
			<styleUrl>#msn_ylw-pushpin1001000000</styleUrl>
			<Polygon>
				<tessellate>1</tessellate>
				<outerBoundaryIs>
					<LinearRing>
						<coordinates>
							-71.50768951851994,-16.4775078194807,0 -71.50746454783757,-16.47782724662432,0 -71.5066837346042,-16.4772943978211,0 -71.50691102749883,-16.47698023832406,0 -71.50768951851994,-16.4775078194807,0 
						</coordinates>
					</LinearRing>
				</outerBoundaryIs>
			</Polygon>
		</Placemark>
		<Placemark>
			<name>1.25.26-91</name>
			<styleUrl>#msn_ylw-pushpin1001000000</styleUrl>
			<Polygon>
				<tessellate>1</tessellate>
				<outerBoundaryIs>
					<LinearRing>
						<coordinates>
							-71.50742184847455,-16.47790454259446,0 -71.50719058081332,-16.47820531217909,0 -71.50640051621208,-16.4776854956619,0 -71.50663120002146,-16.47735183518316,0 -71.50742184847455,-16.47790454259446,0 
						</coordinates>
					</LinearRing>
				</outerBoundaryIs>
			</Polygon>
		</Placemark>
		<Placemark>
			<name>1.25.26-92</name>
			<styleUrl>#msn_ylw-pushpin1001000000</styleUrl>
			<Polygon>
				<tessellate>1</tessellate>
				<outerBoundaryIs>
					<LinearRing>
						<coordinates>
							-71.50655787891272,-16.47731400551722,0 -71.50634345853891,-16.4776283728737,0 -71.50554680482242,-16.47709393694025,0 -71.50576862865698,-16.47677367639899,0 -71.50655787891272,-16.47731400551722,0 
						</coordinates>
					</LinearRing>
				</outerBoundaryIs>
			</Polygon>
		</Placemark>
		<Placemark>
			<name>1.25.26-93</name>
			<styleUrl>#msn_ylw-pushpin1001000000</styleUrl>
			<Polygon>
				<tessellate>1</tessellate>
				<outerBoundaryIs>
					<LinearRing>
						<coordinates>
							-71.50626852466523,-16.47770954535503,0 -71.50603995288205,-16.47802717756763,0 -71.50528662084406,-16.47746985103616,0 -71.5055090580813,-16.47716010343794,0 -71.50626852466523,-16.47770954535503,0 
						</coordinates>
					</LinearRing>
				</outerBoundaryIs>
			</Polygon>
		</Placemark>
		<Placemark>
			<name>1.25.26-94</name>
			<styleUrl>#msn_ylw-pushpin1001000000</styleUrl>
			<Polygon>
				<tessellate>1</tessellate>
				<outerBoundaryIs>
					<LinearRing>
						<coordinates>
							-71.50599188538033,-16.4780839833649,0 -71.50575143907994,-16.47839582822067,0 -71.50497135654936,-16.47787996931877,0 -71.50521469947617,-16.47754898285864,0 -71.50599188538033,-16.4780839833649,0 
						</coordinates>
					</LinearRing>
				</outerBoundaryIs>
			</Polygon>
		</Placemark>
		<Placemark>
			<name>1.25.26-95</name>
			<styleUrl>#msn_ylw-pushpin1001000000</styleUrl>
			<Polygon>
				<tessellate>1</tessellate>
				<outerBoundaryIs>
					<LinearRing>
						<coordinates>
							-71.50511499668863,-16.47749000850142,0 -71.50489428890572,-16.47779642674808,0 -71.504105089104,-16.47727621310301,0 -71.50433686441733,-16.47695103959472,0 -71.50511499668863,-16.47749000850142,0 
						</coordinates>
					</LinearRing>
				</outerBoundaryIs>
			</Polygon>
		</Placemark>
		<Placemark>
			<name>1.25.26-96</name>
			<styleUrl>#msn_ylw-pushpin1001000000</styleUrl>
			<Polygon>
				<tessellate>1</tessellate>
				<outerBoundaryIs>
					<LinearRing>
						<coordinates>
							-71.50540298298695,-16.47709235508136,0 -71.50517367767787,-16.4774076398364,0 -71.5043805224349,-16.47688523493883,0 -71.50461392215377,-16.47656339498057,0 -71.50540298298695,-16.47709235508136,0 
						</coordinates>
					</LinearRing>
				</outerBoundaryIs>
			</Polygon>
		</Placemark>
		<Placemark>
			<name>1.25.26-97</name>
			<styleUrl>#msn_ylw-pushpin1001000000</styleUrl>
			<Polygon>
				<tessellate>1</tessellate>
				<outerBoundaryIs>
					<LinearRing>
						<coordinates>
							-71.50568739972636,-16.47670942044818,0 -71.50544236512356,-16.47703449878166,0 -71.50466982752019,-16.47650023298284,0 -71.50490802424201,-16.47618788625794,0 -71.50568739972636,-16.47670942044818,0 
						</coordinates>
					</LinearRing>
				</outerBoundaryIs>
			</Polygon>
		</Placemark>
		<Placemark>
			<name>1.25.26-98</name>
			<styleUrl>#msn_ylw-pushpin1001000000</styleUrl>
			<Polygon>
				<tessellate>1</tessellate>
				<outerBoundaryIs>
					<LinearRing>
						<coordinates>
							-71.50481130882955,-16.47612988402845,0 -71.50459563310054,-16.47643780778689,0 -71.50380362284643,-16.47591727328043,0 -71.50404010229072,-16.47560034810151,0 -71.50481130882955,-16.47612988402845,0 
						</coordinates>
					</LinearRing>
				</outerBoundaryIs>
			</Polygon>
		</Placemark>
		<Placemark>
			<name>1.25.26-99</name>
			<styleUrl>#msn_ylw-pushpin1001000000</styleUrl>
			<Polygon>
				<tessellate>1</tessellate>
				<outerBoundaryIs>
					<LinearRing>
						<coordinates>
							-71.50510256010871,-16.47574068788248,0 -71.50487466232414,-16.47604593335216,0 -71.50409765665118,-16.47553727930835,0 -71.5043207533778,-16.47521318041756,0 -71.50510256010871,-16.47574068788248,0 
						</coordinates>
					</LinearRing>
				</outerBoundaryIs>
			</Polygon>
		</Placemark>
		<Placemark>
			<name>1.25.26-100</name>
			<styleUrl>#msn_ylw-pushpin1001000000</styleUrl>
			<Polygon>
				<tessellate>1</tessellate>
				<outerBoundaryIs>
					<LinearRing>
						<coordinates>
							-71.50539224940945,-16.47537064316373,0 -71.50516250677599,-16.47567798360444,0 -71.50437531072346,-16.47514838524409,0 -71.50460011328144,-16.47482717707894,0 -71.50539224940945,-16.47537064316373,0 
						</coordinates>
					</LinearRing>
				</outerBoundaryIs>
			</Polygon>
		</Placemark>
		<Placemark>
			<name>1.25.26-101</name>
			<styleUrl>#msn_ylw-pushpin1001000000</styleUrl>
			<Polygon>
				<tessellate>1</tessellate>
				<outerBoundaryIs>
					<LinearRing>
						<coordinates>
							-71.50592815042322,-16.47573643886417,0 -71.50571741743376,-16.47604211901648,0 -71.50523287193559,-16.47572799807174,0 -71.50546203141464,-16.47541940315385,0 -71.50592815042322,-16.47573643886417,0 
						</coordinates>
					</LinearRing>
				</outerBoundaryIs>
			</Polygon>
		</Placemark>
		<Placemark>
			<name>1.25.26-102</name>
			<styleUrl>#msn_ylw-pushpin1001000000</styleUrl>
			<Polygon>
				<tessellate>1</tessellate>
				<outerBoundaryIs>
					<LinearRing>
						<coordinates>
							-71.50651968280808,-16.47556241064377,0 -71.50628863938424,-16.47587743207257,0 -71.50550755042526,-16.47534908084791,0 -71.50575184868718,-16.47502437319497,0 -71.50651968280808,-16.47556241064377,0 
						</coordinates>
					</LinearRing>
				</outerBoundaryIs>
			</Polygon>
		</Placemark>
		<Placemark>
			<name>1.25.26-103</name>
			<styleUrl>#msn_ylw-pushpin1001000000</styleUrl>
			<Polygon>
				<tessellate>1</tessellate>
				<outerBoundaryIs>
					<LinearRing>
						<coordinates>
							-71.5067925285709,-16.47517995333557,0 -71.50656465586106,-16.47549527855224,0 -71.50580470107495,-16.47496986445829,0 -71.50603031198153,-16.47464843775099,0 -71.5067925285709,-16.47517995333557,0 
						</coordinates>
					</LinearRing>
				</outerBoundaryIs>
			</Polygon>
		</Placemark>
		<Placemark>
			<name>1.25.26-104</name>
			<styleUrl>#msn_ylw-pushpin1001000000</styleUrl>
			<Polygon>
				<tessellate>1</tessellate>
				<outerBoundaryIs>
					<LinearRing>
						<coordinates>
							-71.50709127810107,-16.47479379516727,0 -71.50686099637331,-16.47510021528479,0 -71.50605830798581,-16.47458052865431,0 -71.50630762903121,-16.47426038006134,0 -71.50709127810107,-16.47479379516727,0 
						</coordinates>
					</LinearRing>
				</outerBoundaryIs>
			</Polygon>
		</Placemark>
		<Placemark>
			<name>1.25.26-105</name>
			<styleUrl>#msn_ylw-pushpin1001000000</styleUrl>
			<Polygon>
				<tessellate>1</tessellate>
				<outerBoundaryIs>
					<LinearRing>
						<coordinates>
							-71.50734520497831,-16.47442098361265,0 -71.50713913460916,-16.47472982766005,0 -71.50650854899712,-16.47431383308877,0 -71.50654637385792,-16.47428711838577,0 -71.50734520497831,-16.47442098361265,0 
						</coordinates>
					</LinearRing>
				</outerBoundaryIs>
			</Polygon>
		</Placemark>
		<Placemark>
			<name>1.25.26-106</name>
			<styleUrl>#msn_ylw-pushpin1001000000</styleUrl>
			<Polygon>
				<tessellate>1</tessellate>
				<outerBoundaryIs>
					<LinearRing>
						<coordinates>
							-71.50622915975869,-16.47420314931569,0 -71.50598630010195,-16.47452840732967,0 -71.50521493110656,-16.474004532135,0 -71.50544482855069,-16.47366241604979,0 -71.50622915975869,-16.47420314931569,0 
						</coordinates>
					</LinearRing>
				</outerBoundaryIs>
			</Polygon>
		</Placemark>
		<Placemark>
			<name>1.25.26-107</name>
			<styleUrl>#msn_ylw-pushpin1001000000</styleUrl>
			<Polygon>
				<tessellate>1</tessellate>
				<outerBoundaryIs>
					<LinearRing>
						<coordinates>
							-71.50593939626661,-16.47460057004405,0 -71.50572033360832,-16.47490839315474,0 -71.5049297461529,-16.47437977758292,0 -71.50517420331904,-16.47404991362091,0 -71.50593939626661,-16.47460057004405,0 
						</coordinates>
					</LinearRing>
				</outerBoundaryIs>
			</Polygon>
		</Placemark>
		<Placemark>
			<name>1.25.26-108</name>
			<styleUrl>#msn_ylw-pushpin1001000000</styleUrl>
			<Polygon>
				<tessellate>1</tessellate>
				<outerBoundaryIs>
					<LinearRing>
						<coordinates>
							-71.50566556914283,-16.47497678839973,0 -71.50543588305888,-16.47528490557095,0 -71.50465752335666,-16.4747634041126,0 -71.50488328199994,-16.47444691389467,0 -71.50566556914283,-16.47497678839973,0 
						</coordinates>
					</LinearRing>
				</outerBoundaryIs>
			</Polygon>
		</Placemark>
		<Placemark>
			<name>1.25.26-109</name>
			<styleUrl>#msn_ylw-pushpin1001000000</styleUrl>
			<Polygon>
				<tessellate>1</tessellate>
				<outerBoundaryIs>
					<LinearRing>
						<coordinates>
							-71.50481368388391,-16.47439904940675,0 -71.50458992537929,-16.47471064312855,0 -71.50409243758939,-16.4743819172218,0 -71.504147890543,-16.47396710462618,0 -71.50481368388391,-16.47439904940675,0 
						</coordinates>
					</LinearRing>
				</outerBoundaryIs>
			</Polygon>
		</Placemark>
		<Placemark>
			<name>1.25.26-110</name>
			<styleUrl>#msn_ylw-pushpin1001000000</styleUrl>
			<Polygon>
				<tessellate>1</tessellate>
				<outerBoundaryIs>
					<LinearRing>
						<coordinates>
							-71.50509789286666,-16.47401202253109,0 -71.50486423143037,-16.47432162539984,0 -71.50418349733656,-16.47385153802044,0 -71.50423697892192,-16.47341533473115,0 -71.50509789286666,-16.47401202253109,0 
						</coordinates>
					</LinearRing>
				</outerBoundaryIs>
			</Polygon>
		</Placemark>
		<Placemark>
			<name>1.25.26-111</name>
			<styleUrl>#msn_ylw-pushpin1001000000</styleUrl>
			<Polygon>
				<tessellate>1</tessellate>
				<outerBoundaryIs>
					<LinearRing>
						<coordinates>
							-71.50537247218354,-16.4736199194406,0 -71.50515036742225,-16.47394625419015,0 -71.50426021824137,-16.47333933240194,0 -71.50433310446613,-16.47290321127816,0 -71.50537247218354,-16.4736199194406,0 
						</coordinates>
					</LinearRing>
				</outerBoundaryIs>
			</Polygon>
		</Placemark>
		<Placemark>
			<name>1.25.26-112</name>
			<styleUrl>#msn_ylw-pushpin1001000000</styleUrl>
			<Polygon>
				<tessellate>1</tessellate>
				<outerBoundaryIs>
					<LinearRing>
						<coordinates>
							-71.50422462990677,-16.47284567192473,0 -71.50409228713957,-16.47379991285533,0 -71.50369709223418,-16.47373363808031,0 -71.50386421271114,-16.47258673683482,0 -71.50422462990677,-16.47284567192473,0 
						</coordinates>
					</LinearRing>
				</outerBoundaryIs>
			</Polygon>
		</Placemark>
		<Placemark>
			<name>1.25.26-113</name>
			<styleUrl>#msn_ylw-pushpin1001000000</styleUrl>
			<Polygon>
				<tessellate>1</tessellate>
				<outerBoundaryIs>
					<LinearRing>
						<coordinates>
							-71.50407200291359,-16.47386450757891,0 -71.50394073973861,-16.474787812135,0 -71.50353601976256,-16.47473858450406,0 -71.5036751964147,-16.47379918884557,0 -71.50407200291359,-16.47386450757891,0 
						</coordinates>
					</LinearRing>
				</outerBoundaryIs>
			</Polygon>
		</Placemark>
		<Placemark>
			<name>1.25.26-114</name>
			<styleUrl>#msn_ylw-pushpin1001000000</styleUrl>
			<Polygon>
				<tessellate>1</tessellate>
				<outerBoundaryIs>
					<LinearRing>
						<coordinates>
							-71.50392820065605,-16.47487817972835,0 -71.5038225593,-16.4754785558982,0 -71.50395283834865,-16.47557214406304,0 -71.50374343494806,-16.47585851484616,0 -71.50340241766905,-16.47563441768648,0 -71.50351933083437,-16.47481989762319,0 -71.50392820065605,-16.47487817972835,0 
						</coordinates>
					</LinearRing>
				</outerBoundaryIs>
			</Polygon>
		</Placemark>
		<Placemark>
			<name>1.25.26-115</name>
			<styleUrl>#msn_ylw-pushpin1001000000</styleUrl>
			<Polygon>
				<tessellate>1</tessellate>
				<outerBoundaryIs>
					<LinearRing>
						<coordinates>
							-71.50303513902909,-16.47672266313662,0 -71.50250826571875,-16.47743027824711,0 -71.50225432178041,-16.47727326092745,0 -71.50110403959101,-16.4775951662462,0 -71.50098794422337,-16.47719970420683,0 -71.50296034835154,-16.47665460883402,0 -71.50303513902909,-16.47672266313662,0 
						</coordinates>
					</LinearRing>
				</outerBoundaryIs>
			</Polygon>
		</Placemark>
		<Placemark>
			<name>1.25.26-116</name>
			<styleUrl>#msn_ylw-pushpin1001000000</styleUrl>
			<Polygon>
				<tessellate>1</tessellate>
				<outerBoundaryIs>
					<LinearRing>
						<coordinates>
							-71.50245336163721,-16.47749773140559,0 -71.50181190366585,-16.47834541620217,0 -71.50144146637761,-16.47808606542291,0 -71.50155240150141,-16.4779324561893,0 -71.50162347638633,-16.47796389802276,0 -71.5020116948269,-16.47739664571433,0 -71.50224843233511,-16.4773307306171,0 -71.50245336163721,-16.47749773140559,0 
						</coordinates>
					</LinearRing>
				</outerBoundaryIs>
			</Polygon>
		</Placemark>
		<Placemark>
			<name>1.25.26-117</name>
			<styleUrl>#msn_ylw-pushpin1001000000</styleUrl>
			<Polygon>
				<tessellate>1</tessellate>
				<outerBoundaryIs>
					<LinearRing>
						<coordinates>
							-71.50309755082672,-16.47850090447229,0 -71.50284805941234,-16.47882758199078,0 -71.50205905780413,-16.47830895805215,0 -71.5023007097532,-16.47796109140901,0 -71.50309755082672,-16.47850090447229,0 
						</coordinates>
					</LinearRing>
				</outerBoundaryIs>
			</Polygon>
		</Placemark>
		<Placemark>
			<name>1.25.26-118</name>
			<styleUrl>#msn_ylw-pushpin1001000000</styleUrl>
			<Polygon>
				<tessellate>1</tessellate>
				<outerBoundaryIs>
					<LinearRing>
						<coordinates>
							-71.50337571378964,-16.47810447791463,0 -71.50314531719773,-16.47843159827442,0 -71.50234838205998,-16.47790554353027,0 -71.50259487636582,-16.47758045130374,0 -71.50337571378964,-16.47810447791463,0 
						</coordinates>
					</LinearRing>
				</outerBoundaryIs>
			</Polygon>
		</Placemark>
		<Placemark>
			<name>1.25.26-119</name>
			<styleUrl>#msn_ylw-pushpin1001000000</styleUrl>
			<Polygon>
				<tessellate>1</tessellate>
				<outerBoundaryIs>
					<LinearRing>
						<coordinates>
							-71.50364685322198,-16.47772785841098,0 -71.50342166790016,-16.47804669891983,0 -71.50265206658808,-16.47752119966995,0 -71.50287904598298,-16.47720819641269,0 -71.50364685322198,-16.47772785841098,0 
						</coordinates>
					</LinearRing>
				</outerBoundaryIs>
			</Polygon>
		</Placemark>
		<Placemark>
			<name>1.25.26-120</name>
			<styleUrl>#msn_ylw-pushpin1001000000</styleUrl>
			<Polygon>
				<tessellate>1</tessellate>
				<outerBoundaryIs>
					<LinearRing>
						<coordinates>
							-71.50392459379043,-16.47732614993522,0 -71.50370486029207,-16.47765305598774,0 -71.50292100675433,-16.47711716638839,0 -71.50315671916383,-16.47680328486863,0 -71.50392459379043,-16.47732614993522,0 
						</coordinates>
					</LinearRing>
				</outerBoundaryIs>
			</Polygon>
		</Placemark>
		<Placemark>
			<name>1.25.26-121</name>
			<styleUrl>#msn_ylw-pushpin1001000000</styleUrl>
			<Polygon>
				<tessellate>1</tessellate>
				<outerBoundaryIs>
					<LinearRing>
						<coordinates>
							-71.50479775600789,-16.4779163041288,0 -71.50456409957155,-16.47822959568512,0 -71.50378367967924,-16.47770980707077,0 -71.50402541712543,-16.47738610703914,0 -71.50479775600789,-16.4779163041288,0 
						</coordinates>
					</LinearRing>
				</outerBoundaryIs>
			</Polygon>
		</Placemark>
		<Placemark>
			<name>1.25.26-122</name>
			<styleUrl>#msn_ylw-pushpin1001000000</styleUrl>
			<Polygon>
				<tessellate>1</tessellate>
				<outerBoundaryIs>
					<LinearRing>
						<coordinates>
							-71.50450372246175,-16.47831540268472,0 -71.50426632720387,-16.47864164656015,0 -71.50348956615005,-16.47810516522402,0 -71.50373760778452,-16.47778531782705,0 -71.50450372246175,-16.47831540268472,0 
						</coordinates>
					</LinearRing>
				</outerBoundaryIs>
			</Polygon>
		</Placemark>
		<Placemark>
			<name>1.25.26-123</name>
			<styleUrl>#msn_ylw-pushpin1001000000</styleUrl>
			<Polygon>
				<tessellate>1</tessellate>
				<outerBoundaryIs>
					<LinearRing>
						<coordinates>
							-71.50421868540506,-16.47870867810284,0 -71.50399440787524,-16.47902149323304,0 -71.50320185953684,-16.47849767440409,0 -71.50344500936718,-16.47816811660736,0 -71.50421868540506,-16.47870867810284,0 
						</coordinates>
					</LinearRing>
				</outerBoundaryIs>
			</Polygon>
		</Placemark>
		<Placemark>
			<name>1.25.26-124</name>
			<styleUrl>#msn_ylw-pushpin1001000000</styleUrl>
			<Polygon>
				<tessellate>1</tessellate>
				<outerBoundaryIs>
					<LinearRing>
						<coordinates>
							-71.50482086773194,-16.47968758397952,0 -71.5045707421735,-16.47999898700309,0 -71.50378517369781,-16.47946831517647,0 -71.50404358467465,-16.47914109258968,0 -71.50482086773194,-16.47968758397952,0 
						</coordinates>
					</LinearRing>
				</outerBoundaryIs>
			</Polygon>
		</Placemark>
		<Placemark>
			<name>1.25.26-125</name>
			<styleUrl>#msn_ylw-pushpin1001000000</styleUrl>
			<Polygon>
				<tessellate>1</tessellate>
				<outerBoundaryIs>
					<LinearRing>
						<coordinates>
							-71.50508329657555,-16.47930185252332,0 -71.504862785939,-16.47961811861159,0 -71.50409243218866,-16.47908235212418,0 -71.50432042662304,-16.47877114858448,0 -71.50508329657555,-16.47930185252332,0 
						</coordinates>
					</LinearRing>
				</outerBoundaryIs>
			</Polygon>
		</Placemark>
		<Placemark>
			<name>1.25.26-126</name>
			<styleUrl>#msn_ylw-pushpin1001000000</styleUrl>
			<Polygon>
				<tessellate>1</tessellate>
				<outerBoundaryIs>
					<LinearRing>
						<coordinates>
							-71.50537707631862,-16.47892253764673,0 -71.50515111944192,-16.47924037858832,0 -71.50436251516807,-16.47872481642849,0 -71.50460844650642,-16.47840043543378,0 -71.50537707631862,-16.47892253764673,0 
						</coordinates>
					</LinearRing>
				</outerBoundaryIs>
			</Polygon>
		</Placemark>
		<Placemark>
			<name>1.25.26-127</name>
			<styleUrl>#msn_ylw-pushpin1001000000</styleUrl>
			<Polygon>
				<tessellate>1</tessellate>
				<outerBoundaryIs>
					<LinearRing>
						<coordinates>
							-71.50567476756694,-16.47851641021944,0 -71.50542651302243,-16.47884239687662,0 -71.50465947058409,-16.4783143532233,0 -71.50490114257978,-16.47798009446985,0 -71.50567476756694,-16.47851641021944,0 
						</coordinates>
					</LinearRing>
				</outerBoundaryIs>
			</Polygon>
		</Placemark>
		<Placemark>
			<name>1.25.26-128</name>
			<styleUrl>#msn_ylw-pushpin1001000000</styleUrl>
			<Polygon>
				<tessellate>1</tessellate>
				<outerBoundaryIs>
					<LinearRing>
						<coordinates>
							-71.50640275722496,-16.47901786179295,0 -71.50643354156612,-16.47926038901749,0 -71.50630028189879,-16.47942894993743,0 -71.5055296744527,-16.47888413136689,0 -71.50575987853647,-16.47857275367198,0 -71.50640275722496,-16.47901786179295,0 
						</coordinates>
					</LinearRing>
				</outerBoundaryIs>
			</Polygon>
		</Placemark>
		<Placemark>
			<name>1.25.26-129</name>
			<styleUrl>#msn_ylw-pushpin1001000000</styleUrl>
			<Polygon>
				<tessellate>1</tessellate>
				<outerBoundaryIs>
					<LinearRing>
						<coordinates>
							-71.50623904057856,-16.47951045914354,0 -71.50601182681258,-16.47982502469942,0 -71.50522981003201,-16.4792989067477,0 -71.5054626150726,-16.47896971904461,0 -71.50623904057856,-16.47951045914354,0 
						</coordinates>
					</LinearRing>
				</outerBoundaryIs>
			</Polygon>
		</Placemark>
		<Placemark>
			<name>1.25.26-130</name>
			<styleUrl>#msn_ylw-pushpin1001000000</styleUrl>
			<Polygon>
				<tessellate>1</tessellate>
				<outerBoundaryIs>
					<LinearRing>
						<coordinates>
							-71.50594630089769,-16.47990099720816,0 -71.50572275967431,-16.48020683925663,0 -71.50494150870426,-16.47966555068781,0 -71.50518828175268,-16.47935964168379,0 -71.50594630089769,-16.47990099720816,0 
						</coordinates>
					</LinearRing>
				</outerBoundaryIs>
			</Polygon>
		</Placemark>
		<Placemark>
			<name>1.25.26-131</name>
			<styleUrl>#msn_ylw-pushpin1001000000</styleUrl>
			<Polygon>
				<tessellate>1</tessellate>
				<outerBoundaryIs>
					<LinearRing>
						<coordinates>
							-71.50566412520453,-16.48028075299064,0 -71.50542250729299,-16.48058707556203,0 -71.50465330495638,-16.48005493307998,0 -71.50489831869038,-16.47972225393064,0 -71.50566412520453,-16.48028075299064,0 
						</coordinates>
					</LinearRing>
				</outerBoundaryIs>
			</Polygon>
		</Placemark>
		<Placemark>
			<name>1.25.26-132</name>
			<styleUrl>#msn_ylw-pushpin1001000000</styleUrl>
			<Polygon>
				<tessellate>1</tessellate>
				<outerBoundaryIs>
					<LinearRing>
						<coordinates>
							-71.50528134610815,-16.48079208074954,0 -71.5050497580594,-16.48110863888173,0 -71.50427541531397,-16.48056753528407,0 -71.50451281879434,-16.48024684428912,0 -71.50528134610815,-16.48079208074954,0 
						</coordinates>
					</LinearRing>
				</outerBoundaryIs>
			</Polygon>
		</Placemark>
		<Placemark>
			<name>1.25.26-133</name>
			<styleUrl>#msn_ylw-pushpin1001000000</styleUrl>
			<Polygon>
				<tessellate>1</tessellate>
				<outerBoundaryIs>
					<LinearRing>
						<coordinates>
							-71.5049988644019,-16.48117311697033,0 -71.50472393260766,-16.48155597307448,0 -71.50394062815245,-16.48102099486723,0 -71.50422435195107,-16.48063648716098,0 -71.5049988644019,-16.48117311697033,0 
						</coordinates>
					</LinearRing>
				</outerBoundaryIs>
			</Polygon>
		</Placemark>
		<Placemark>
			<name>1.25.26-134</name>
			<styleUrl>#msn_ylw-pushpin1001000000</styleUrl>
			<Polygon>
				<tessellate>1</tessellate>
				<outerBoundaryIs>
					<LinearRing>
						<coordinates>
							-71.50413788448023,-16.48058164254177,0 -71.50386464460315,-16.48097017426162,0 -71.50309016741012,-16.48044062386949,0 -71.50336869488508,-16.48004002884371,0 -71.50413788448023,-16.48058164254177,0 
						</coordinates>
					</LinearRing>
				</outerBoundaryIs>
			</Polygon>
		</Placemark>
		<Placemark>
			<name>1.25.26-135</name>
			<styleUrl>#msn_ylw-pushpin1001000000</styleUrl>
			<Polygon>
				<tessellate>1</tessellate>
				<outerBoundaryIs>
					<LinearRing>
						<coordinates>
							-71.5044496909191,-16.48016341885952,0 -71.50420464283543,-16.48050853473301,0 -71.5034359776831,-16.47998517133705,0 -71.50368049323833,-16.47963281982816,0 -71.5044496909191,-16.48016341885952,0 
						</coordinates>
					</LinearRing>
				</outerBoundaryIs>
			</Polygon>
		</Placemark>
		<Placemark>
			<name>1.25.26-136</name>
			<styleUrl>#msn_ylw-pushpin1001000000</styleUrl>
			<Polygon>
				<tessellate>1</tessellate>
				<outerBoundaryIs>
					<LinearRing>
						<coordinates>
							-71.50354851242447,-16.47959647466593,0 -71.50332434691877,-16.47991729886336,0 -71.50253976665353,-16.47938995964507,0 -71.50278367346067,-16.47906373514374,0 -71.50354851242447,-16.47959647466593,0 
						</coordinates>
					</LinearRing>
				</outerBoundaryIs>
			</Polygon>
		</Placemark>
		<Placemark>
			<name>1.25.26-137</name>
			<styleUrl>#msn_ylw-pushpin1001000000</styleUrl>
			<Polygon>
				<tessellate>1</tessellate>
				<outerBoundaryIs>
					<LinearRing>
						<coordinates>
							-71.50328379413268,-16.47999192491445,0 -71.5030063632173,-16.48039157209738,0 -71.50220435877893,-16.47983543083027,0 -71.50249731929331,-16.47944385015146,0 -71.50328379413268,-16.47999192491445,0 
						</coordinates>
					</LinearRing>
				</outerBoundaryIs>
			</Polygon>
		</Placemark>
		<Placemark>
			<name>1.25.26-138</name>
			<styleUrl>#msn_ylw-pushpin1001000000</styleUrl>
			<Polygon>
				<tessellate>1</tessellate>
				<outerBoundaryIs>
					<LinearRing>
						<coordinates>
							-71.50242037269878,-16.47939597967918,0 -71.50214510586868,-16.47977824140049,0 -71.50135399766,-16.47924203480373,0 -71.50162354719139,-16.47884477101907,0 -71.50242037269878,-16.47939597967918,0 
						</coordinates>
					</LinearRing>
				</outerBoundaryIs>
			</Polygon>
		</Placemark>
		<Placemark>
			<name>1.25.26-139</name>
			<styleUrl>#msn_ylw-pushpin1001000000</styleUrl>
			<Polygon>
				<tessellate>1</tessellate>
				<outerBoundaryIs>
					<LinearRing>
						<coordinates>
							-71.50270871334736,-16.47900784251907,0 -71.50247403462706,-16.4793274254351,0 -71.50168468413538,-16.47878498192304,0 -71.50193329486819,-16.47845286041559,0 -71.50270871334736,-16.47900784251907,0 
						</coordinates>
					</LinearRing>
				</outerBoundaryIs>
			</Polygon>
		</Placemark>
		<Placemark>
			<name>1.25.26-140</name>
			<styleUrl>#msn_ylw-pushpin1001000000</styleUrl>
			<Polygon>
				<tessellate>1</tessellate>
				<outerBoundaryIs>
					<LinearRing>
						<coordinates>
							-71.50178809064553,-16.47837974027524,0 -71.50157289298954,-16.47869879792783,0 -71.50056159830149,-16.4780093997827,0 -71.50058785975608,-16.47770847004479,0 -71.50058024379949,-16.47757270111307,0 -71.50055974471582,-16.47745496527186,0 -71.50052082555196,-16.47732853112891,0 -71.50091066664586,-16.47721700665542,0 -71.50098245397243,-16.47756102700441,0 -71.50099997262427,-16.47781503809994,0 -71.50178809064553,-16.47837974027524,0 
						</coordinates>
					</LinearRing>
				</outerBoundaryIs>
			</Polygon>
		</Placemark>
		<Placemark>
			<name>1.25.26-141</name>
			<styleUrl>#msn_ylw-pushpin1001000000</styleUrl>
			<Polygon>
				<tessellate>1</tessellate>
				<outerBoundaryIs>
					<LinearRing>
						<coordinates>
							-71.50149528691028,-16.47876532128828,0 -71.50123227238603,-16.47915469012549,0 -71.49989466945514,-16.47825725397078,0 -71.50004609280218,-16.47803584734271,0 -71.50008942556967,-16.47788337764338,0 -71.50011329145215,-16.47767747773552,0 -71.50010029025921,-16.47760524027807,0 -71.50005820045149,-16.47746443799915,0 -71.50044861951727,-16.4773484393567,0 -71.5004908792915,-16.47760379338104,0 -71.50048661722339,-16.47779605103382,0 -71.50047774606232,-16.47796458384372,0 -71.50045884322601,-16.47804869424876,0 -71.50149528691028,-16.47876532128828,0 
						</coordinates>
					</LinearRing>
				</outerBoundaryIs>
			</Polygon>
		</Placemark>
		<Placemark>
			<name>1.25.26-142</name>
			<styleUrl>#msn_ylw-pushpin1001000000</styleUrl>
			<Polygon>
				<tessellate>1</tessellate>
				<outerBoundaryIs>
					<LinearRing>
						<coordinates>
							-71.4999869205289,-16.47749505241917,0 -71.50000571144095,-16.47765128751046,0 -71.50001178264644,-16.47777661849102,0 -71.49999239862807,-16.47789257222732,0 -71.49994763946583,-16.47801432259377,0 -71.49989985078068,-16.47812658970573,0 -71.49983633165513,-16.47821716692293,0 -71.49947964644082,-16.47799046693177,0 -71.49958608592839,-16.47759787800214,0 -71.4999869205289,-16.47749505241917,0 
						</coordinates>
					</LinearRing>
				</outerBoundaryIs>
			</Polygon>
		</Placemark>
		<Placemark>
			<name>1.25.26-143</name>
			<styleUrl>#msn_ylw-pushpin1001000000</styleUrl>
			<Polygon>
				<tessellate>1</tessellate>
				<outerBoundaryIs>
					<LinearRing>
						<coordinates>
							-71.50099702251805,-16.47946882840422,0 -71.50069821616063,-16.47984501585783,0 -71.4997160558239,-16.47916365888834,0 -71.49938899295169,-16.47927784791155,0 -71.4992313464452,-16.47890710979685,0 -71.49941300653241,-16.47882836167298,0 -71.49954794088023,-16.47871551612081,0 -71.49968566770575,-16.47855091047521,0 -71.50099702251805,-16.47946882840422,0 
						</coordinates>
					</LinearRing>
				</outerBoundaryIs>
			</Polygon>
		</Placemark>
		<Placemark>
			<name>1.25.26-144</name>
			<styleUrl>#msn_ylw-pushpin1001000000</styleUrl>
			<Polygon>
				<tessellate>1</tessellate>
				<outerBoundaryIs>
					<LinearRing>
						<coordinates>
							-71.50022369231388,-16.48050303354455,0 -71.49991667017183,-16.48089894317909,0 -71.49940728897124,-16.47934668915934,0 -71.49967390731601,-16.4792634657521,0 -71.49983566452569,-16.47937040892514,0 -71.50022369231388,-16.48050303354455,0 
						</coordinates>
					</LinearRing>
				</outerBoundaryIs>
			</Polygon>
		</Placemark>
		<Placemark>
			<name>1.25.26-145</name>
			<styleUrl>#msn_ylw-pushpin1001000000</styleUrl>
			<Polygon>
				<tessellate>1</tessellate>
				<outerBoundaryIs>
					<LinearRing>
						<coordinates>
							-71.50078895683505,-16.48181615868632,0 -71.50054165993879,-16.48213149384339,0 -71.5003305154267,-16.48191288511268,0 -71.5001592572479,-16.48158877358774,0 -71.50006785474399,-16.48131051222931,0 -71.49998712565244,-16.48108726074297,0 -71.50028923449412,-16.48067971900802,0 -71.50040821427028,-16.48108591202286,0 -71.50049646931578,-16.48134058460814,0 -71.50055697822621,-16.48148606694112,0 -71.5005871990482,-16.48155735750171,0 -71.50078895683505,-16.48181615868632,0 
						</coordinates>
					</LinearRing>
				</outerBoundaryIs>
			</Polygon>
		</Placemark>
		<Placemark>
			<name>1.25.26-146</name>
			<styleUrl>#msn_ylw-pushpin1001000000</styleUrl>
			<Polygon>
				<tessellate>1</tessellate>
				<outerBoundaryIs>
					<LinearRing>
						<coordinates>
							-71.50109236366173,-16.48140492440932,0 -71.50087172234288,-16.48169302050548,0 -71.50069936907249,-16.48150967337049,0 -71.50059313379603,-16.48129766405198,0 -71.50035206554884,-16.48061885326486,0 -71.50051416177917,-16.48038998329405,0 -71.5007614153257,-16.48056887832376,0 -71.50088712490619,-16.48098761975407,0 -71.5009977989709,-16.48125839406221,0 -71.50109236366173,-16.48140492440932,0 
						</coordinates>
					</LinearRing>
				</outerBoundaryIs>
			</Polygon>
		</Placemark>
		<Placemark>
			<name>1.25.26-147</name>
			<styleUrl>#msn_ylw-pushpin1001000000</styleUrl>
			<Polygon>
				<tessellate>1</tessellate>
				<outerBoundaryIs>
					<LinearRing>
						<coordinates>
							-71.50156939708813,-16.48055009475847,0 -71.50133142235268,-16.48087828526294,0 -71.50054720516343,-16.48034335155755,0 -71.50079746643424,-16.48000817271974,0 -71.50156939708813,-16.48055009475847,0 
						</coordinates>
					</LinearRing>
				</outerBoundaryIs>
			</Polygon>
		</Placemark>
		<Placemark>
			<name>1.25.26-148</name>
			<styleUrl>#msn_ylw-pushpin1001000000</styleUrl>
			<Polygon>
				<tessellate>1</tessellate>
				<outerBoundaryIs>
					<LinearRing>
						<coordinates>
							-71.5019063751504,-16.48009545225568,0 -71.50160819083142,-16.48048403646582,0 -71.50082940210643,-16.47994985148355,0 -71.50113794131613,-16.47955460614062,0 -71.5019063751504,-16.48009545225568,0 
						</coordinates>
					</LinearRing>
				</outerBoundaryIs>
			</Polygon>
		</Placemark>
		<Placemark>
			<name>1.25.26-149</name>
			<styleUrl>#msn_ylw-pushpin1001000000</styleUrl>
			<Polygon>
				<tessellate>1</tessellate>
				<outerBoundaryIs>
					<LinearRing>
						<coordinates>
							-71.50275850531754,-16.48068654346204,0 -71.50247237201773,-16.48106414021694,0 -71.50168566223653,-16.48054238934092,0 -71.50198866277211,-16.48014553589591,0 -71.50275850531754,-16.48068654346204,0 
						</coordinates>
					</LinearRing>
				</outerBoundaryIs>
			</Polygon>
		</Placemark>
		<Placemark>
			<name>1.25.26-150</name>
			<styleUrl>#msn_ylw-pushpin1001000000</styleUrl>
			<Polygon>
				<tessellate>1</tessellate>
				<outerBoundaryIs>
					<LinearRing>
						<coordinates>
							-71.50241884484714,-16.48114096654231,0 -71.5021755945606,-16.48144091226496,0 -71.50141331828569,-16.480923211203,0 -71.50164029001505,-16.48060098535433,0 -71.50241884484714,-16.48114096654231,0 
						</coordinates>
					</LinearRing>
				</outerBoundaryIs>
			</Polygon>
		</Placemark>
		<Placemark>
			<name>1.25.26-151</name>
			<styleUrl>#msn_ylw-pushpin1001000000</styleUrl>
			<Polygon>
				<tessellate>1</tessellate>
				<outerBoundaryIs>
					<LinearRing>
						<coordinates>
							-71.50329620036544,-16.48174705925019,0 -71.50307277825026,-16.4820636147395,0 -71.50227710134311,-16.48152208382842,0 -71.50252759291264,-16.48120859712866,0 -71.50329620036544,-16.48174705925019,0 
						</coordinates>
					</LinearRing>
				</outerBoundaryIs>
			</Polygon>
		</Placemark>
		<Placemark>
			<name>1.25.26-152</name>
			<styleUrl>#msn_ylw-pushpin1001000000</styleUrl>
			<Polygon>
				<tessellate>1</tessellate>
				<outerBoundaryIs>
					<LinearRing>
						<coordinates>
							-71.50365363753261,-16.48128623406116,0 -71.5033524585313,-16.48167768235581,0 -71.5025799361641,-16.48114353396528,0 -71.50286456532319,-16.48075679928183,0 -71.50365363753261,-16.48128623406116,0 
						</coordinates>
					</LinearRing>
				</outerBoundaryIs>
			</Polygon>
		</Placemark>
		<Placemark>
			<name>1.25.26-153</name>
			<styleUrl>#msn_ylw-pushpin1001000000</styleUrl>
			<Polygon>
				<tessellate>1</tessellate>
				<outerBoundaryIs>
					<LinearRing>
						<coordinates>
							-71.50449043692069,-16.48186477966727,0 -71.50420772738704,-16.48226178436591,0 -71.50342731045534,-16.48173142713944,0 -71.50370955210542,-16.48133943156444,0 -71.50449043692069,-16.48186477966727,0 
						</coordinates>
					</LinearRing>
				</outerBoundaryIs>
			</Polygon>
		</Placemark>
		<Placemark>
			<name>1.25.26-154</name>
			<styleUrl>#msn_ylw-pushpin1001000000</styleUrl>
			<Polygon>
				<tessellate>1</tessellate>
				<outerBoundaryIs>
					<LinearRing>
						<coordinates>
							-71.50414929409585,-16.48233368790692,0 -71.50393540549601,-16.48263582501526,0 -71.50314985175459,-16.48211089020697,0 -71.50338485035249,-16.48179412708146,0 -71.50414929409585,-16.48233368790692,0 
						</coordinates>
					</LinearRing>
				</outerBoundaryIs>
			</Polygon>
		</Placemark>
		<Placemark>
			<name>1.25.26-155</name>
			<styleUrl>#msn_ylw-pushpin1001000000</styleUrl>
			<Polygon>
				<tessellate>1</tessellate>
				<outerBoundaryIs>
					<LinearRing>
						<coordinates>
							-71.50308095427206,-16.48217375953686,0 -71.50349888603965,-16.48245364440775,0 -71.50332919374988,-16.48268497968768,0 -71.50220328489267,-16.4825382787229,0 -71.50145555937553,-16.48246099174447,0 -71.5009379538495,-16.48237483213034,0 -71.50060943867516,-16.4821805194544,0 -71.50085864269579,-16.48185119815864,0 -71.50094307428823,-16.48194705006749,0 -71.5011678800939,-16.4820140602042,0 -71.50158638611454,-16.48208902172027,0 -71.50232417760439,-16.4821667987753,0 -71.50302632214165,-16.48223356093564,0 -71.50308095427206,-16.48217375953686,0 
						</coordinates>
					</LinearRing>
				</outerBoundaryIs>
			</Polygon>
		</Placemark>
		<Placemark>
			<name>1.25.26-156</name>
			<styleUrl>#msn_ylw-pushpin1001000000</styleUrl>
			<Polygon>
				<tessellate>1</tessellate>
				<outerBoundaryIs>
					<LinearRing>
						<coordinates>
							-71.50237561582628,-16.48169922447224,0 -71.50299106017559,-16.48210087443773,0 -71.50296400778957,-16.48215600078795,0 -71.50215409722072,-16.48206859822745,0 -71.50162757989665,-16.48199551861846,0 -71.50131780707983,-16.48196238657503,0 -71.50111140759135,-16.48188186517397,0 -71.50091671961546,-16.48177217077371,0 -71.50117423393387,-16.48142613519061,0 -71.50133929612092,-16.48153671104673,0 -71.50147278085439,-16.48158072771508,0 -71.50156418005042,-16.48160633264487,0 -71.50237561582628,-16.48169922447224,0 
						</coordinates>
					</LinearRing>
				</outerBoundaryIs>
			</Polygon>
		</Placemark>
		<Placemark>
			<name>1.25.26-157</name>
			<styleUrl>#msn_ylw-pushpin1001000000</styleUrl>
			<Polygon>
				<tessellate>1</tessellate>
				<outerBoundaryIs>
					<LinearRing>
						<coordinates>
							-71.5112009752189,-16.49043803490985,0 -71.51116685570634,-16.49016891546739,0 -71.51077829412675,-16.49018769620503,0 -71.51076474218155,-16.48985590429626,0 -71.51166340922939,-16.48973334209454,0 -71.5117767928685,-16.49030914953952,0 -71.5112009752189,-16.49043803490985,0 
						</coordinates>
					</LinearRing>
				</outerBoundaryIs>
			</Polygon>
		</Placemark>
		<Placemark>
			<name>1.25.26-158</name>
			<styleUrl>#msn_ylw-pushpin1001000000</styleUrl>
			<Polygon>
				<tessellate>1</tessellate>
				<outerBoundaryIs>
					<LinearRing>
						<coordinates>
							-71.50453017349822,-16.49035727914519,0 -71.50424422420797,-16.49019196673611,0 -71.50404259150082,-16.48994511644737,0 -71.50397059943825,-16.48979233455902,0 -71.50362154514021,-16.4891859807362,0 -71.50334824666452,-16.48874559770733,0 -71.50340122168956,-16.48870155969532,0 -71.50381239830668,-16.48913917947749,0 -71.50400906159589,-16.48946558179152,0 -71.50420497147162,-16.48979786187594,0 -71.50436576344795,-16.48999540820555,0 -71.50436975481882,-16.48999541086267,0 -71.50470410207478,-16.49032832253892,0 -71.5046659870969,-16.49038540301451,0 -71.50453017349822,-16.49035727914519,0 
						</coordinates>
					</LinearRing>
				</outerBoundaryIs>
			</Polygon>
		</Placemark>
		<Placemark>
			<name>1.25.26-159</name>
			<styleUrl>#msn_ylw-pushpin1001000000</styleUrl>
			<Polygon>
				<tessellate>1</tessellate>
				<outerBoundaryIs>
					<LinearRing>
						<coordinates>
							-71.50331289793874,-16.48868221691378,0 -71.5028302571034,-16.48841341871194,0 -71.50255508721075,-16.488365665972,0 -71.50248308472196,-16.48814058516171,0 -71.50273893936408,-16.48801533627445,0 -71.50335916389604,-16.48864786939947,0 -71.50331289793874,-16.48868221691378,0 
						</coordinates>
					</LinearRing>
				</outerBoundaryIs>
			</Polygon>
		</Placemark>
		<Placemark>
			<name>1.25.26-160</name>
			<styleUrl>#msn_ylw-pushpin1001000000</styleUrl>
			<Polygon>
				<tessellate>1</tessellate>
				<outerBoundaryIs>
					<LinearRing>
						<coordinates>
							-71.50270964838532,-16.48797539814389,0 -71.50249118667161,-16.48806663238205,0 -71.50231712982112,-16.48778621341685,0 -71.50224569766652,-16.48750888481596,0 -71.50228465890272,-16.48749508962469,0 -71.50270964838532,-16.48797539814389,0 
						</coordinates>
					</LinearRing>
				</outerBoundaryIs>
			</Polygon>
		</Placemark>
		<Placemark>
			<name>1.25.26-161</name>
			<styleUrl>#msn_ylw-pushpin1001000000</styleUrl>
			<Polygon>
				<tessellate>1</tessellate>
				<outerBoundaryIs>
					<LinearRing>
						<coordinates>
							-71.50202522160949,-16.48524521958535,0 -71.50202316848659,-16.48523953388039,0 -71.5020228012794,-16.48523002224007,0 -71.50192464224727,-16.48473272288889,0 -71.50225890306945,-16.48474746484363,0 -71.50209147100234,-16.48525658106877,0 -71.50202522160949,-16.48524521958535,0 
						</coordinates>
					</LinearRing>
				</outerBoundaryIs>
			</Polygon>
		</Placemark>
		<Placemark>
			<name>1.25.26-162</name>
			<styleUrl>#msn_ylw-pushpin1001000000</styleUrl>
			<Polygon>
				<tessellate>1</tessellate>
				<outerBoundaryIs>
					<LinearRing>
						<coordinates>
							-71.50579250932303,-16.48931032693422,0 -71.50578724304663,-16.48931556354468,0 -71.50577821044548,-16.48933438506004,0 -71.50577388316437,-16.48935335642581,0 -71.50563356956053,-16.48979920494085,0 -71.50502077794192,-16.4890924526401,0 -71.50579250932303,-16.48931032693422,0 
						</coordinates>
					</LinearRing>
				</outerBoundaryIs>
			</Polygon>
		</Placemark>
		<Placemark>
			<name>1.25.26-163</name>
			<styleUrl>#msn_ylw-pushpin1001000000</styleUrl>
			<Polygon>
				<tessellate>1</tessellate>
				<outerBoundaryIs>
					<LinearRing>
						<coordinates>
							-71.50900875024531,-16.48143680063611,0 -71.50885588610572,-16.48168148824349,0 -71.50829300275348,-16.48136605769453,0 -71.50845942147566,-16.48105654423173,0 -71.50900875024531,-16.48143680063611,0 
						</coordinates>
					</LinearRing>
				</outerBoundaryIs>
			</Polygon>
		</Placemark>
		<Placemark>
			<name>1.25.26-164</name>
			<styleUrl>#msn_ylw-pushpin1001000000</styleUrl>
			<Polygon>
				<tessellate>1</tessellate>
				<outerBoundaryIs>
					<LinearRing>
						<coordinates>
							-71.50850696902418,-16.48157018834954,0 -71.50829364643653,-16.4819351235407,0 -71.50802582688057,-16.48178189069933,0 -71.50825445610758,-16.48141332612397,0 -71.50850696902418,-16.48157018834954,0 
						</coordinates>
					</LinearRing>
				</outerBoundaryIs>
			</Polygon>
		</Placemark>
		<Placemark>
			<name>1.25.26-165</name>
			<styleUrl>#msn_ylw-pushpin1001000000</styleUrl>
			<Polygon>
				<tessellate>1</tessellate>
				<outerBoundaryIs>
					<LinearRing>
						<coordinates>
							-71.50834171640136,-16.48195927764604,0 -71.50851945383943,-16.4816576669406,0 -71.50879108471285,-16.48180538355921,0 -71.50859339870317,-16.48211427554596,0 -71.50834171640136,-16.48195927764604,0 
						</coordinates>
					</LinearRing>
				</outerBoundaryIs>
			</Polygon>
		</Placemark>
		<Placemark>
			<name>1.25.26-166</name>
			<styleUrl>#msn_ylw-pushpin1001000000</styleUrl>
			<Polygon>
				<tessellate>1</tessellate>
				<outerBoundaryIs>
					<LinearRing>
						<coordinates>
							-71.50943308012499,-16.48102854914635,0 -71.50954733929645,-16.48023533495756,0 -71.50975077350463,-16.48024842552849,0 -71.50960823650556,-16.48104994543761,0 -71.50943308012499,-16.48102854914635,0 
						</coordinates>
					</LinearRing>
				</outerBoundaryIs>
			</Polygon>
		</Placemark>
		<Placemark>
			<name>1.25.26-167</name>
			<styleUrl>#msn_ylw-pushpin1001000000</styleUrl>
			<Polygon>
				<tessellate>1</tessellate>
				<outerBoundaryIs>
					<LinearRing>
						<coordinates>
							-71.50848955352711,-16.48464950706292,0 -71.50813742356773,-16.48435321293375,0 -71.50785843025375,-16.48406285272242,0 -71.50801527104392,-16.48385502417167,0 -71.50871832282553,-16.48421592555586,0 -71.50848955352711,-16.48464950706292,0 
						</coordinates>
					</LinearRing>
				</outerBoundaryIs>
			</Polygon>
		</Placemark>
		<Placemark>
			<name>1.25.26-168</name>
			<styleUrl>#msn_ylw-pushpin1001000000</styleUrl>
			<Polygon>
				<tessellate>1</tessellate>
				<outerBoundaryIs>
					<LinearRing>
						<coordinates>
							-71.50876053379717,-16.48415941694556,0 -71.50806599996677,-16.48378709267008,0 -71.50854923243314,-16.4832373980476,0 -71.50843651666018,-16.48314362261377,0 -71.508811235651,-16.48259456107671,0 -71.50870508674133,-16.48250309195931,0 -71.50873562546799,-16.48246329355187,0 -71.50883597311162,-16.4825390337367,0 -71.50914712502049,-16.48204432155228,0 -71.50927616421514,-16.48211598479892,0 -71.5090498912576,-16.48246631035482,0 -71.50886074800528,-16.48278278136706,0 -71.50905890118571,-16.48290579626539,0 -71.50886304715343,-16.48324298844436,0 -71.50916595256187,-16.4834551481684,0 -71.50876053379717,-16.48415941694556,0 
						</coordinates>
					</LinearRing>
				</outerBoundaryIs>
			</Polygon>
		</Placemark>
		<Placemark>
			<name>1.25.26-169</name>
			<styleUrl>#msn_ylw-pushpin1001000000</styleUrl>
			<Polygon>
				<tessellate>1</tessellate>
				<outerBoundaryIs>
					<LinearRing>
						<coordinates>
							-71.50993455888882,-16.48130787373994,0 -71.50970038287775,-16.48119676051253,0 -71.50975343932559,-16.48106887939014,0 -71.50982821537394,-16.48041121957707,0 -71.50999509157856,-16.48049191141541,0 -71.50993455888882,-16.48130787373994,0 
						</coordinates>
					</LinearRing>
				</outerBoundaryIs>
			</Polygon>
		</Placemark>
		<Placemark>
			<name>1.25.26-170</name>
			<styleUrl>#msn_ylw-pushpin1001000000</styleUrl>
			<Polygon>
				<tessellate>1</tessellate>
				<outerBoundaryIs>
					<LinearRing>
						<coordinates>
							-71.51002135048039,-16.48034385269183,0 -71.50985508544895,-16.48029317094594,0 -71.50987467730621,-16.48007437333296,0 -71.51006354018919,-16.48001655215839,0 -71.51002135048039,-16.48034385269183,0 
						</coordinates>
					</LinearRing>
				</outerBoundaryIs>
			</Polygon>
		</Placemark>
		<Placemark>
			<name>1.25.26-171</name>
			<styleUrl>#msn_ylw-pushpin1001000000</styleUrl>
			<Polygon>
				<tessellate>1</tessellate>
				<outerBoundaryIs>
					<LinearRing>
						<coordinates>
							-71.50990374374776,-16.47993110530757,0 -71.50994073441009,-16.47955091294492,0 -71.51083268567459,-16.4792930256516,0 -71.51095071920648,-16.47962545154991,0 -71.50990374374776,-16.47993110530757,0 
						</coordinates>
					</LinearRing>
				</outerBoundaryIs>
			</Polygon>
		</Placemark>
		<Placemark>
			<name>1.25.26-172</name>
			<styleUrl>#msn_ylw-pushpin1001000000</styleUrl>
			<Polygon>
				<tessellate>1</tessellate>
				<outerBoundaryIs>
					<LinearRing>
						<coordinates>
							-71.50994886277651,-16.47946908707599,0 -71.51000928732911,-16.47910361035429,0 -71.51071423485504,-16.47890128353755,0 -71.51080963434045,-16.47923776651647,0 -71.50994886277651,-16.47946908707599,0 
						</coordinates>
					</LinearRing>
				</outerBoundaryIs>
			</Polygon>
		</Placemark>
		<Placemark>
			<name>1.25.26-173</name>
			<styleUrl>#msn_ylw-pushpin1001000000</styleUrl>
			<Polygon>
				<tessellate>1</tessellate>
				<outerBoundaryIs>
					<LinearRing>
						<coordinates>
							-71.51059396298979,-16.47851157871431,0 -71.51069408913347,-16.47883542835213,0 -71.51010833331836,-16.47899966248875,0 -71.51006424519815,-16.47882415953925,0 -71.51009417808284,-16.47863366484457,0 -71.51059396298979,-16.47851157871431,0 
						</coordinates>
					</LinearRing>
				</outerBoundaryIs>
			</Polygon>
		</Placemark>
		<Placemark>
			<name>1.25.26-174</name>
			<styleUrl>#msn_ylw-pushpin1001000000</styleUrl>
			<Polygon>
				<tessellate>1</tessellate>
				<outerBoundaryIs>
					<LinearRing>
						<coordinates>
							-71.51008656284425,-16.47856036809636,0 -71.51010788545267,-16.47838958434935,0 -71.51019072703919,-16.47817087816412,0 -71.51045302489443,-16.47811330667241,0 -71.51054359226285,-16.47845794793758,0 -71.51008656284425,-16.47856036809636,0 
						</coordinates>
					</LinearRing>
				</outerBoundaryIs>
			</Polygon>
		</Placemark>
		<Placemark>
			<name>1.25.26-175</name>
			<styleUrl>#msn_ylw-pushpin1001000000</styleUrl>
			<Polygon>
				<tessellate>1</tessellate>
				<outerBoundaryIs>
					<LinearRing>
						<coordinates>
							-71.51042623785841,-16.47801032359851,0 -71.51026725366137,-16.47804418842074,0 -71.51025944968835,-16.47792761304568,0 -71.5103755792324,-16.47778315081441,0 -71.51042623785841,-16.47801032359851,0 
						</coordinates>
					</LinearRing>
				</outerBoundaryIs>
			</Polygon>
		</Placemark>
		<Placemark>
			<name>1.25.26-176</name>
			<styleUrl>#msn_ylw-pushpin1001000000</styleUrl>
			<Polygon>
				<tessellate>1</tessellate>
				<outerBoundaryIs>
					<LinearRing>
						<coordinates>
							-71.51010679764741,-16.48035175322474,0 -71.51014546019817,-16.48000136212664,0 -71.51097294687395,-16.47974330038572,0 -71.5110795781968,-16.48006793004288,0 -71.51010679764741,-16.48035175322474,0 
						</coordinates>
					</LinearRing>
				</outerBoundaryIs>
			</Polygon>
		</Placemark>
		<Placemark>
			<name>1.25.26-177</name>
			<styleUrl>#msn_ylw-pushpin1001000000</styleUrl>
			<Polygon>
				<tessellate>1</tessellate>
				<outerBoundaryIs>
					<LinearRing>
						<coordinates>
							-71.51109162376456,-16.48015123295808,0 -71.5111260030852,-16.48032825003791,0 -71.5103046382096,-16.48063674580671,0 -71.5104602023882,-16.48092330957412,0 -71.51039298848517,-16.48121672511699,0 -71.51089861088816,-16.48150421351137,0 -71.51059421138801,-16.48169017267668,0 -71.50999453225067,-16.4813404586785,0 -71.51010953664267,-16.48041192185568,0 -71.51109162376456,-16.48015123295808,0 
						</coordinates>
					</LinearRing>
				</outerBoundaryIs>
			</Polygon>
		</Placemark>
		<Placemark>
			<name>1.25.26-178</name>
			<styleUrl>#msn_ylw-pushpin1001000000</styleUrl>
			<Polygon>
				<tessellate>1</tessellate>
				<outerBoundaryIs>
					<LinearRing>
						<coordinates>
							-71.51020428638124,-16.4815514804265,0 -71.50977814734395,-16.48223326189435,0 -71.50962275918002,-16.48216231371025,0 -71.5100516506762,-16.48144665913365,0 -71.51020428638124,-16.4815514804265,0 
						</coordinates>
					</LinearRing>
				</outerBoundaryIs>
			</Polygon>
		</Placemark>
		<Placemark>
			<name>1.25.26-179</name>
			<styleUrl>#msn_ylw-pushpin1001000000</styleUrl>
			<Polygon>
				<tessellate>1</tessellate>
				<outerBoundaryIs>
					<LinearRing>
						<coordinates>
							-71.50883635036986,-16.48492389418443,0 -71.50858214033464,-16.48477257998342,0 -71.50895888015512,-16.48409546652658,0 -71.50921287988699,-16.4842623226696,0 -71.50883635036986,-16.48492389418443,0 
						</coordinates>
					</LinearRing>
				</outerBoundaryIs>
			</Polygon>
		</Placemark>
		<Placemark>
			<name>1.25.26-180</name>
			<styleUrl>#msn_ylw-pushpin1001000000</styleUrl>
			<Polygon>
				<tessellate>1</tessellate>
				<outerBoundaryIs>
					<LinearRing>
						<coordinates>
							-71.50891476802806,-16.48495211304866,0 -71.50926446131837,-16.48427573050672,0 -71.50950579059707,-16.48444152702748,0 -71.50917149517876,-16.48505377615676,0 -71.50891476802806,-16.48495211304866,0 
						</coordinates>
					</LinearRing>
				</outerBoundaryIs>
			</Polygon>
		</Placemark>
		<Placemark>
			<name>1.25.26-181</name>
			<styleUrl>#msn_ylw-pushpin1001000000</styleUrl>
			<Polygon>
				<tessellate>1</tessellate>
				<outerBoundaryIs>
					<LinearRing>
						<coordinates>
							-71.5092616773845,-16.48508753633028,0 -71.50958097403372,-16.48447899252239,0 -71.50984319730819,-16.48464087614981,0 -71.50949626653484,-16.48519083393708,0 -71.5092616773845,-16.48508753633028,0 
						</coordinates>
					</LinearRing>
				</outerBoundaryIs>
			</Polygon>
		</Placemark>
		<Placemark>
			<name>1.25.26-182</name>
			<styleUrl>#msn_ylw-pushpin1001000000</styleUrl>
			<Polygon>
				<tessellate>1</tessellate>
				<outerBoundaryIs>
					<LinearRing>
						<coordinates>
							-71.50986249489632,-16.48456768939338,0 -71.50898431214199,-16.48404243654759,0 -71.50917428256355,-16.48375358881584,0 -71.51004013912923,-16.48427493134932,0 -71.50986249489632,-16.48456768939338,0 
						</coordinates>
					</LinearRing>
				</outerBoundaryIs>
			</Polygon>
		</Placemark>
		<Placemark>
			<name>1.25.26-183</name>
			<styleUrl>#msn_ylw-pushpin1001000000</styleUrl>
			<Polygon>
				<tessellate>1</tessellate>
				<outerBoundaryIs>
					<LinearRing>
						<coordinates>
							-71.50929230093681,-16.48251758566332,0 -71.50946132729747,-16.48221729830257,0 -71.51083138389446,-16.48295270279167,0 -71.51015009419035,-16.48397096602717,0 -71.50926682015061,-16.48344034738801,0 -71.50965516745521,-16.48281623625291,0 -71.50998366186913,-16.48299113498138,0 -71.51003377005186,-16.4829331450748,0 -71.50968422298618,-16.48275239300708,0 -71.50979266707647,-16.48256807587808,0 -71.50971964639066,-16.48251710216185,0 -71.50961752379303,-16.48271639487467,0 -71.50929230093681,-16.48251758566332,0 
						</coordinates>
					</LinearRing>
				</outerBoundaryIs>
			</Polygon>
		</Placemark>
		<Placemark>
			<name>1.25.26-184</name>
			<styleUrl>#msn_ylw-pushpin1001000000</styleUrl>
			<Polygon>
				<tessellate>1</tessellate>
				<outerBoundaryIs>
					<LinearRing>
						<coordinates>
							-71.50985239063017,-16.48227745263745,0 -71.51027949406486,-16.48158270529372,0 -71.51055798173779,-16.48174971862632,0 -71.51016073872333,-16.48243816071224,0 -71.50985239063017,-16.48227745263745,0 
						</coordinates>
					</LinearRing>
				</outerBoundaryIs>
			</Polygon>
		</Placemark>
		<Placemark>
			<name>1.25.26-185</name>
			<styleUrl>#msn_ylw-pushpin1001000000</styleUrl>
			<Polygon>
				<tessellate>1</tessellate>
				<outerBoundaryIs>
					<LinearRing>
						<coordinates>
							-71.51123022466577,-16.48189687703103,0 -71.51078006641444,-16.4817401722182,0 -71.51105865506082,-16.48157450854977,0 -71.51132287828845,-16.4816485385606,0 -71.51123022466577,-16.48189687703103,0 
						</coordinates>
					</LinearRing>
				</outerBoundaryIs>
			</Polygon>
		</Placemark>
		<Placemark>
			<name>1.25.26-186</name>
			<styleUrl>#msn_ylw-pushpin1001000000</styleUrl>
			<Polygon>
				<tessellate>1</tessellate>
				<outerBoundaryIs>
					<LinearRing>
						<coordinates>
							-71.51129377776769,-16.4819243645563,0 -71.51149971744509,-16.48138032026506,0 -71.51163148175554,-16.48134196721387,0 -71.51171126708844,-16.48146019166798,0 -71.5114965008373,-16.48200666557248,0 -71.51129377776769,-16.4819243645563,0 
						</coordinates>
					</LinearRing>
				</outerBoundaryIs>
			</Polygon>
		</Placemark>
		<Placemark>
			<name>1.25.26-187</name>
			<styleUrl>#msn_ylw-pushpin1001000000</styleUrl>
			<Polygon>
				<tessellate>1</tessellate>
				<outerBoundaryIs>
					<LinearRing>
						<coordinates>
							-71.51194512506081,-16.48184728947365,0 -71.5114853934741,-16.48313704959095,0 -71.510278981063,-16.48249754917399,0 -71.51070618839424,-16.48177353618808,0 -71.51121732448895,-16.48196151268203,0 -71.51116458425774,-16.48208775298177,0 -71.51120550079067,-16.48210354624598,0 -71.51126239317288,-16.48198674380194,0 -71.51147129470758,-16.48205874276133,0 -71.51138604873231,-16.48230232708622,0 -71.51146130857627,-16.48233879429572,0 -71.51167948083815,-16.48174690257227,0 -71.51194512506081,-16.48184728947365,0 
						</coordinates>
					</LinearRing>
				</outerBoundaryIs>
			</Polygon>
		</Placemark>
		<Placemark>
			<name>1.25.26-188</name>
			<styleUrl>#msn_ylw-pushpin1001000000</styleUrl>
			<Polygon>
				<tessellate>1</tessellate>
				<outerBoundaryIs>
					<LinearRing>
						<coordinates>
							-71.51142026023061,-16.48328267534973,0 -71.51132774361285,-16.48360542551634,0 -71.51071585702445,-16.48327301839874,0 -71.51088220433401,-16.48296907328529,0 -71.51142026023061,-16.48328267534973,0 
						</coordinates>
					</LinearRing>
				</outerBoundaryIs>
			</Polygon>
		</Placemark>
		<Placemark>
			<name>1.25.26-189</name>
			<styleUrl>#msn_ylw-pushpin1001000000</styleUrl>
			<Polygon>
				<tessellate>1</tessellate>
				<outerBoundaryIs>
					<LinearRing>
						<coordinates>
							-71.51117739618371,-16.48400969790146,0 -71.51050196124169,-16.48364442480578,0 -71.51065268501452,-16.48335375099151,0 -71.51129172054486,-16.4836860110112,0 -71.51117739618371,-16.48400969790146,0 
						</coordinates>
					</LinearRing>
				</outerBoundaryIs>
			</Polygon>
		</Placemark>
		<Placemark>
			<name>1.25.26-190</name>
			<styleUrl>#msn_ylw-pushpin1001000000</styleUrl>
			<Polygon>
				<tessellate>1</tessellate>
				<outerBoundaryIs>
					<LinearRing>
						<coordinates>
							-71.51115312289659,-16.48408282726864,0 -71.51103667733773,-16.48440560080768,0 -71.51028766810293,-16.48399157712572,0 -71.51046366947614,-16.48368759587906,0 -71.51115312289659,-16.48408282726864,0 
						</coordinates>
					</LinearRing>
				</outerBoundaryIs>
			</Polygon>
		</Placemark>
		<Placemark>
			<name>1.25.26-191</name>
			<styleUrl>#msn_ylw-pushpin1001000000</styleUrl>
			<Polygon>
				<tessellate>1</tessellate>
				<outerBoundaryIs>
					<LinearRing>
						<coordinates>
							-71.51100078918,-16.48448280688904,0 -71.51089436429709,-16.48479467645178,0 -71.51008579427736,-16.48435065067391,0 -71.51024049319035,-16.48406303113015,0 -71.51100078918,-16.48448280688904,0 
						</coordinates>
					</LinearRing>
				</outerBoundaryIs>
			</Polygon>
		</Placemark>
		<Placemark>
			<name>1.25.26-192</name>
			<styleUrl>#msn_ylw-pushpin1001000000</styleUrl>
			<Polygon>
				<tessellate>1</tessellate>
				<outerBoundaryIs>
					<LinearRing>
						<coordinates>
							-71.51031923959081,-16.48538489226953,0 -71.51056406918174,-16.48471905064453,0 -71.51086030134368,-16.4848868643753,0 -71.51070589172875,-16.48541993523533,0 -71.51031923959081,-16.48538489226953,0 
						</coordinates>
					</LinearRing>
				</outerBoundaryIs>
			</Polygon>
		</Placemark>
		<Placemark>
			<name>1.25.26-193</name>
			<styleUrl>#msn_ylw-pushpin1001000000</styleUrl>
			<Polygon>
				<tessellate>1</tessellate>
				<outerBoundaryIs>
					<LinearRing>
						<coordinates>
							-71.51030843182467,-16.48517184765529,0 -71.5102382015555,-16.48542576659608,0 -71.50992078380951,-16.48536621916247,0 -71.51009784818466,-16.48504902483993,0 -71.51030843182467,-16.48517184765529,0 
						</coordinates>
					</LinearRing>
				</outerBoundaryIs>
			</Polygon>
		</Placemark>
		<Placemark>
			<name>1.25.26-194</name>
			<styleUrl>#msn_ylw-pushpin1001000000</styleUrl>
			<Polygon>
				<tessellate>1</tessellate>
				<outerBoundaryIs>
					<LinearRing>
						<coordinates>
							-71.50956967673872,-16.48522259100477,0 -71.50978400380055,-16.48486402289104,0 -71.51003226407268,-16.48501077828602,0 -71.50981322958971,-16.48537577747117,0 -71.50956967673872,-16.48522259100477,0 
						</coordinates>
					</LinearRing>
				</outerBoundaryIs>
			</Polygon>
		</Placemark>
		<Placemark>
			<name>1.25.26-195</name>
			<styleUrl>#msn_ylw-pushpin1001000000</styleUrl>
			<Polygon>
				<tessellate>1</tessellate>
				<outerBoundaryIs>
					<LinearRing>
						<coordinates>
							-71.51018176672177,-16.48504207531759,0 -71.5103308960427,-16.48458082951729,0 -71.51048991537301,-16.48469533133862,0 -71.51033425084051,-16.4851235039127,0 -71.51018176672177,-16.48504207531759,0 
						</coordinates>
					</LinearRing>
				</outerBoundaryIs>
			</Polygon>
		</Placemark>
		<Placemark>
			<name>1.25.26-196</name>
			<styleUrl>#msn_ylw-pushpin1001000000</styleUrl>
			<Polygon>
				<tessellate>1</tessellate>
				<outerBoundaryIs>
					<LinearRing>
						<coordinates>
							-71.51118592487407,-16.48543410162352,0 -71.51130563172461,-16.48505920333453,0 -71.51211836120764,-16.48531547524242,0 -71.51205937441753,-16.48546871525636,0 -71.51118592487407,-16.48543410162352,0 
						</coordinates>
					</LinearRing>
				</outerBoundaryIs>
			</Polygon>
		</Placemark>
		<Placemark>
			<name>1.25.26-197</name>
			<styleUrl>#msn_ylw-pushpin1001000000</styleUrl>
			<Polygon>
				<tessellate>1</tessellate>
				<outerBoundaryIs>
					<LinearRing>
						<coordinates>
							-71.51212877207652,-16.48524637512407,0 -71.51133775460423,-16.48499871957454,0 -71.51141560416823,-16.48472455278818,0 -71.51221721075879,-16.48498697619015,0 -71.51212877207652,-16.48524637512407,0 
						</coordinates>
					</LinearRing>
				</outerBoundaryIs>
			</Polygon>
		</Placemark>
		<Placemark>
			<name>1.25.26-198</name>
			<styleUrl>#msn_ylw-pushpin1001000000</styleUrl>
			<Polygon>
				<tessellate>1</tessellate>
				<outerBoundaryIs>
					<LinearRing>
						<coordinates>
							-71.51224611826477,-16.48492562261696,0 -71.51145670909654,-16.48465806840374,0 -71.51153471586079,-16.48438759339608,0 -71.51233821404075,-16.48465787909586,0 -71.51224611826477,-16.48492562261696,0 
						</coordinates>
					</LinearRing>
				</outerBoundaryIs>
			</Polygon>
		</Placemark>
		<Placemark>
			<name>1.25.26-199</name>
			<styleUrl>#msn_ylw-pushpin1001000000</styleUrl>
			<Polygon>
				<tessellate>1</tessellate>
				<outerBoundaryIs>
					<LinearRing>
						<coordinates>
							-71.5123712598409,-16.48459403705692,0 -71.51157056187401,-16.48433073296144,0 -71.51166394243334,-16.48406346316593,0 -71.51246106806209,-16.48432189866564,0 -71.5123712598409,-16.48459403705692,0 
						</coordinates>
					</LinearRing>
				</outerBoundaryIs>
			</Polygon>
		</Placemark>
		<Placemark>
			<name>1.25.26-200</name>
			<styleUrl>#msn_ylw-pushpin1001000000</styleUrl>
			<Polygon>
				<tessellate>1</tessellate>
				<outerBoundaryIs>
					<LinearRing>
						<coordinates>
							-71.51246735726944,-16.48425669841522,0 -71.51167573917287,-16.48399605913895,0 -71.5117900882605,-16.48373403515679,0 -71.51256798743394,-16.48398851685211,0 -71.51246735726944,-16.48425669841522,0 
						</coordinates>
					</LinearRing>
				</outerBoundaryIs>
			</Polygon>
		</Placemark>
		<Placemark>
			<name>1.25.26-201</name>
			<styleUrl>#msn_ylw-pushpin1001000000</styleUrl>
			<Polygon>
				<tessellate>1</tessellate>
				<outerBoundaryIs>
					<LinearRing>
						<coordinates>
							-71.51268939813613,-16.48364402439218,0 -71.51259624481348,-16.48391285183004,0 -71.51180119037461,-16.48365976679978,0 -71.5118900244171,-16.48338604710981,0 -71.51268939813613,-16.48364402439218,0 
						</coordinates>
					</LinearRing>
				</outerBoundaryIs>
			</Polygon>
		</Placemark>
		<Placemark>
			<name>1.25.26-202</name>
			<styleUrl>#msn_ylw-pushpin1001000000</styleUrl>
			<Polygon>
				<tessellate>1</tessellate>
				<outerBoundaryIs>
					<LinearRing>
						<coordinates>
							-71.51230365867093,-16.48344857947115,0 -71.51259660864838,-16.48258185989586,0 -71.51289347661887,-16.48291000381954,0 -71.51268755775533,-16.4835640672324,0 -71.51230365867093,-16.48344857947115,0 
						</coordinates>
					</LinearRing>
				</outerBoundaryIs>
			</Polygon>
		</Placemark>
		<Placemark>
			<name>1.25.26-203</name>
			<styleUrl>#msn_ylw-pushpin1001000000</styleUrl>
			<Polygon>
				<tessellate>1</tessellate>
				<outerBoundaryIs>
					<LinearRing>
						<coordinates>
							-71.51191742337804,-16.48332587328656,0 -71.51230183246312,-16.48218006937866,0 -71.51256814230915,-16.48247850720444,0 -71.51223306291202,-16.48343181211869,0 -71.51191742337804,-16.48332587328656,0 
						</coordinates>
					</LinearRing>
				</outerBoundaryIs>
			</Polygon>
		</Placemark>
		<Placemark>
			<name>1.25.26-204</name>
			<styleUrl>#msn_ylw-pushpin1001000000</styleUrl>
			<Polygon>
				<tessellate>1</tessellate>
				<outerBoundaryIs>
					<LinearRing>
						<coordinates>
							-71.51245559195951,-16.48564992667529,0 -71.51214720239624,-16.4855136899498,0 -71.5123884598372,-16.48479431306829,0 -71.51271716316255,-16.48491116289168,0 -71.51245559195951,-16.48564992667529,0 
						</coordinates>
					</LinearRing>
				</outerBoundaryIs>
			</Polygon>
		</Placemark>
		<Placemark>
			<name>1.25.26-205</name>
			<styleUrl>#msn_ylw-pushpin1001000000</styleUrl>
			<Polygon>
				<tessellate>1</tessellate>
				<outerBoundaryIs>
					<LinearRing>
						<coordinates>
							-71.51042524203201,-16.48552262335187,0 -71.51091362336226,-16.4855261261799,0 -71.51088661089177,-16.48561476926281,0 -71.51063963007752,-16.48572897963808,0 -71.51021757442602,-16.48574754882788,0 -71.50983629185937,-16.48560642357966,0 -71.50984967640322,-16.48546930347636,0 -71.51042524203201,-16.48552262335187,0 
						</coordinates>
					</LinearRing>
				</outerBoundaryIs>
			</Polygon>
		</Placemark>
		<Placemark>
			<name>1.25.26-206</name>
			<styleUrl>#msn_ylw-pushpin1001000000</styleUrl>
			<Polygon>
				<tessellate>1</tessellate>
				<outerBoundaryIs>
					<LinearRing>
						<coordinates>
							-71.50820952108138,-16.48450252298213,0 -71.50805012589075,-16.48451855992235,0 -71.50759415852461,-16.48420121371655,0 -71.50779221117979,-16.48412530933054,0 -71.50820952108138,-16.48450252298213,0 
						</coordinates>
					</LinearRing>
				</outerBoundaryIs>
			</Polygon>
		</Placemark>
		<Placemark>
			<name>1.25.26-207</name>
			<styleUrl>#msn_ylw-pushpin1001000000</styleUrl>
			<Polygon>
				<tessellate>1</tessellate>
				<outerBoundaryIs>
					<LinearRing>
						<coordinates>
							-71.50770958562723,-16.48403840376315,0 -71.50734411309767,-16.48375450222741,0 -71.50741556119496,-16.48364174780851,0 -71.50780150265945,-16.48395218528748,0 -71.50770958562723,-16.48403840376315,0 
						</coordinates>
					</LinearRing>
				</outerBoundaryIs>
			</Polygon>
		</Placemark>
		<Placemark>
			<name>1.25.26-208</name>
			<styleUrl>#msn_ylw-pushpin1001000000</styleUrl>
			<Polygon>
				<tessellate>1</tessellate>
				<outerBoundaryIs>
					<LinearRing>
						<coordinates>
							-71.51272441765998,-16.48388583453476,0 -71.51301065630823,-16.48302896180592,0 -71.51324858877221,-16.48331400629669,0 -71.51303812540421,-16.48399684394371,0 -71.51272441765998,-16.48388583453476,0 
						</coordinates>
					</LinearRing>
				</outerBoundaryIs>
			</Polygon>
		</Placemark>
		<Placemark>
			<name>1.25.26-209</name>
			<styleUrl>#msn_ylw-pushpin1001000000</styleUrl>
			<Polygon>
				<tessellate>1</tessellate>
				<outerBoundaryIs>
					<LinearRing>
						<coordinates>
							-71.51357321318358,-16.48364129995833,0 -71.51341033433322,-16.48412189286929,0 -71.51309742464944,-16.48401172272207,0 -71.51332570279691,-16.48334870187405,0 -71.51357321318358,-16.48364129995833,0 
						</coordinates>
					</LinearRing>
				</outerBoundaryIs>
			</Polygon>
		</Placemark>
		<Placemark>
			<name>1.25.26-210</name>
			<styleUrl>#msn_ylw-pushpin1001000000</styleUrl>
			<Polygon>
				<tessellate>1</tessellate>
				<outerBoundaryIs>
					<LinearRing>
						<coordinates>
							-71.51313169283054,-16.484962654785,0 -71.51281431902642,-16.48484488720223,0 -71.51307925983367,-16.48408975326279,0 -71.51339620800216,-16.48419201310382,0 -71.51313169283054,-16.484962654785,0 
						</coordinates>
					</LinearRing>
				</outerBoundaryIs>
			</Polygon>
		</Placemark>
		<Placemark>
			<name>1.25.26-211</name>
			<styleUrl>#msn_ylw-pushpin1001000000</styleUrl>
			<Polygon>
				<tessellate>1</tessellate>
				<outerBoundaryIs>
					<LinearRing>
						<coordinates>
							-71.51286471224601,-16.48445457238935,0 -71.51256463118013,-16.48433620009511,0 -71.51269008393155,-16.48396179379972,0 -71.51299853751259,-16.4840677298579,0 -71.51286471224601,-16.48445457238935,0 
						</coordinates>
					</LinearRing>
				</outerBoundaryIs>
			</Polygon>
		</Placemark>
		<Placemark>
			<name>1.25.26-212</name>
			<styleUrl>#msn_ylw-pushpin1001000000</styleUrl>
			<Polygon>
				<tessellate>1</tessellate>
				<outerBoundaryIs>
					<LinearRing>
						<coordinates>
							-71.51272855266404,-16.48484128118957,0 -71.51241654350231,-16.48472995666138,0 -71.51241280915839,-16.48472995655444,0 -71.51252130179144,-16.48441938000016,0 -71.51282934425774,-16.48451503520388,0 -71.51272855266404,-16.48484128118957,0 
						</coordinates>
					</LinearRing>
				</outerBoundaryIs>
			</Polygon>
		</Placemark>
		<Placemark>
			<name>1.25.26-213</name>
			<styleUrl>#msn_ylw-pushpin1001000000</styleUrl>
			<Polygon>
				<tessellate>1</tessellate>
				<outerBoundaryIs>
					<LinearRing>
						<coordinates>
							-71.51310122695739,-16.4850435741343,0 -71.51309710981843,-16.48504580524825,0 -71.51281882734568,-16.48578101157006,0 -71.51250506528839,-16.48568896828391,0 -71.51278476086449,-16.4849244998574,0 -71.51310122695739,-16.4850435741343,0 
						</coordinates>
					</LinearRing>
				</outerBoundaryIs>
			</Polygon>
		</Placemark>
		<Placemark>
			<name>1.25.26-214</name>
			<styleUrl>#msn_ylw-pushpin1001000000</styleUrl>
			<Polygon>
				<tessellate>1</tessellate>
				<outerBoundaryIs>
					<LinearRing>
						<coordinates>
							-71.51394371002654,-16.4840777908124,0 -71.5137793521622,-16.48452545345812,0 -71.51347290840475,-16.48443501462654,0 -71.51366397742329,-16.48382104563024,0 -71.51394371002654,-16.4840777908124,0 
						</coordinates>
					</LinearRing>
				</outerBoundaryIs>
			</Polygon>
		</Placemark>
		<Placemark>
			<name>1.25.26-215</name>
			<styleUrl>#msn_ylw-pushpin1001000000</styleUrl>
			<Polygon>
				<tessellate>1</tessellate>
				<outerBoundaryIs>
					<LinearRing>
						<coordinates>
							-71.51386413152552,-16.48454393263176,0 -71.51398387572772,-16.48415459422092,0 -71.51424636464053,-16.48441556721767,0 -71.51416614810451,-16.48465816168765,0 -71.51386413152552,-16.48454393263176,0 
						</coordinates>
					</LinearRing>
				</outerBoundaryIs>
			</Polygon>
		</Placemark>
		<Placemark>
			<name>1.25.26-216</name>
			<styleUrl>#msn_ylw-pushpin1001000000</styleUrl>
			<Polygon>
				<tessellate>1</tessellate>
				<outerBoundaryIs>
					<LinearRing>
						<coordinates>
							-71.51428675951992,-16.48463404220433,0 -71.51437734808314,-16.48434718940374,0 -71.51501522685886,-16.48437603119633,0 -71.51510536939415,-16.48447043686045,0 -71.51504507820532,-16.48479904240756,0 -71.51468606757152,-16.48479940439677,0 -71.51428675951992,-16.48463404220433,0 
						</coordinates>
					</LinearRing>
				</outerBoundaryIs>
			</Polygon>
		</Placemark>
		<Placemark>
			<name>1.25.26-217</name>
			<styleUrl>#msn_ylw-pushpin1001000000</styleUrl>
			<Polygon>
				<tessellate>1</tessellate>
				<outerBoundaryIs>
					<LinearRing>
						<coordinates>
							-71.51436995608394,-16.485769377178,0 -71.51404561474044,-16.48591075395006,0 -71.51396539255202,-16.48574944545231,0 -71.51430248852206,-16.48559926646772,0 -71.51430769478337,-16.48559658778678,0 -71.51436995608394,-16.485769377178,0 
						</coordinates>
					</LinearRing>
				</outerBoundaryIs>
			</Polygon>
		</Placemark>
		<Placemark>
			<name>1.25.26-218</name>
			<styleUrl>#msn_ylw-pushpin1001000000</styleUrl>
			<Polygon>
				<tessellate>1</tessellate>
				<outerBoundaryIs>
					<LinearRing>
						<coordinates>
							-71.51507812228274,-16.48486332100585,0 -71.51498421579049,-16.48547837003176,0 -71.51446594137616,-16.48572552355997,0 -71.51436425040528,-16.48555932152825,0 -71.51487988195781,-16.48532503654117,0 -71.51494082358926,-16.48486829474655,0 -71.51507812228274,-16.48486332100585,0 
						</coordinates>
					</LinearRing>
				</outerBoundaryIs>
			</Polygon>
		</Placemark>
		<Placemark>
			<name>1.25.26-219</name>
			<styleUrl>#msn_ylw-pushpin1001000000</styleUrl>
			<Polygon>
				<tessellate>1</tessellate>
				<outerBoundaryIs>
					<LinearRing>
						<coordinates>
							-71.51521385936245,-16.48516021602847,0 -71.51521386885896,-16.48515401544641,0 -71.51520423945639,-16.48479167760998,0 -71.51524339587976,-16.48477846737587,0 -71.5153702543239,-16.48513999214707,0 -71.51521385936245,-16.48516021602847,0 
						</coordinates>
					</LinearRing>
				</outerBoundaryIs>
			</Polygon>
		</Placemark>
		<Placemark>
			<name>1.25.26-220</name>
			<styleUrl>#msn_ylw-pushpin1001000000</styleUrl>
			<Polygon>
				<tessellate>1</tessellate>
				<outerBoundaryIs>
					<LinearRing>
						<coordinates>
							-71.51392855824844,-16.48525072194582,0 -71.51378974540926,-16.48498126829042,0 -71.5142883386368,-16.48471206758036,0 -71.51456474136667,-16.48480876130705,0 -71.51460876224854,-16.4849291407599,0 -71.51392855824844,-16.48525072194582,0 
						</coordinates>
					</LinearRing>
				</outerBoundaryIs>
			</Polygon>
		</Placemark>
		<Placemark>
			<name>1.25.26-221</name>
			<styleUrl>#msn_ylw-pushpin1001000000</styleUrl>
			<Polygon>
				<tessellate>1</tessellate>
				<outerBoundaryIs>
					<LinearRing>
						<coordinates>
							-71.51307395649204,-16.48565297709671,0 -71.51303787830268,-16.48557144954852,0 -71.51311595023418,-16.48532075166699,0 -71.51370121434309,-16.48500973659956,0 -71.51384111242142,-16.48527989384676,0 -71.51307395649204,-16.48565297709671,0 
						</coordinates>
					</LinearRing>
				</outerBoundaryIs>
			</Polygon>
		</Placemark>
		<Placemark>
			<name>1.25.26-222</name>
			<styleUrl>#msn_ylw-pushpin1001000000</styleUrl>
			<Polygon>
				<tessellate>1</tessellate>
				<outerBoundaryIs>
					<LinearRing>
						<coordinates>
							-71.5148772269134,-16.48486841314874,0 -71.5148240135787,-16.4852801696193,0 -71.5138778875714,-16.48569983146539,0 -71.51337230297489,-16.48582230123264,0 -71.51302572243439,-16.48582452409234,0 -71.51301080629868,-16.48573614492053,0 -71.5148772269134,-16.48486841314874,0 
						</coordinates>
					</LinearRing>
				</outerBoundaryIs>
			</Polygon>
		</Placemark>
		<Placemark>
			<name>1.25.26-223</name>
			<styleUrl>#msn_ylw-pushpin1001000000</styleUrl>
			<Polygon>
				<tessellate>1</tessellate>
				<outerBoundaryIs>
					<LinearRing>
						<coordinates>
							-71.51017517216432,-16.48449784341528,0 -71.51008477766823,-16.48465599583135,0 -71.50993931484508,-16.48456570971088,0 -71.51002391900492,-16.48441468547324,0 -71.51003209459105,-16.48440729225108,0 -71.51017517216432,-16.48449784341528,0 
						</coordinates>
					</LinearRing>
				</outerBoundaryIs>
			</Polygon>
		</Placemark>
		<Placemark>
			<name>1.25.26A-1</name>
			<styleUrl>#msn_ylw-pushpin1001000000</styleUrl>
			<Polygon>
				<tessellate>1</tessellate>
				<outerBoundaryIs>
					<LinearRing>
						<coordinates>
							-71.50953353109618,-16.47403587004744,0 -71.509182484386,-16.47407610579933,0 -71.50916526962075,-16.47391491047862,0 -71.50902578317339,-16.47298232879582,0 -71.50943205093714,-16.47294733900931,0 -71.50953353109618,-16.47403587004744,0 
						</coordinates>
					</LinearRing>
				</outerBoundaryIs>
			</Polygon>
		</Placemark>
		<Placemark>
			<name>1.25.26A-2</name>
			<styleUrl>#msn_ylw-pushpin1001000000</styleUrl>
			<Polygon>
				<tessellate>1</tessellate>
				<outerBoundaryIs>
					<LinearRing>
						<coordinates>
							-71.50924256653828,-16.4711468819344,0 -71.50941823323166,-16.47288696699529,0 -71.50901729043306,-16.47292047340672,0 -71.5088804092802,-16.47139146288974,0 -71.50924256653828,-16.4711468819344,0 
						</coordinates>
					</LinearRing>
				</outerBoundaryIs>
			</Polygon>
		</Placemark>
		<Placemark>
			<name>1.25.26A-3</name>
			<styleUrl>#msn_ylw-pushpin1001000000</styleUrl>
			<Polygon>
				<tessellate>1</tessellate>
				<outerBoundaryIs>
					<LinearRing>
						<coordinates>
							-71.50880036050879,-16.4714648497,0 -71.50895288059392,-16.47290631596815,0 -71.50862861621651,-16.47293521228021,0 -71.50848641236286,-16.47168779825627,0 -71.50880036050879,-16.4714648497,0 
						</coordinates>
					</LinearRing>
				</outerBoundaryIs>
			</Polygon>
		</Placemark>
		<Placemark>
			<name>1.25.26A-4</name>
			<styleUrl>#msn_ylw-pushpin1001000000</styleUrl>
			<Polygon>
				<tessellate>1</tessellate>
				<outerBoundaryIs>
					<LinearRing>
						<coordinates>
							-71.5089678175267,-16.47297823672127,0 -71.50911615689877,-16.47391758165631,0 -71.50907291127186,-16.47392118239315,0 -71.50911409865599,-16.47415515341585,0 -71.50875942230397,-16.47421883606264,0 -71.50861488476035,-16.47302520202463,0 -71.5089678175267,-16.47297823672127,0 
						</coordinates>
					</LinearRing>
				</outerBoundaryIs>
			</Polygon>
		</Placemark>
		<Placemark>
			<name>1.25.26A-5</name>
			<styleUrl>#msn_ylw-pushpin1001000000</styleUrl>
			<Polygon>
				<tessellate>1</tessellate>
				<outerBoundaryIs>
					<LinearRing>
						<coordinates>
							-71.50855087891678,-16.47302810110895,0 -71.50869501776914,-16.47422112072124,0 -71.50835715624703,-16.47426194538251,0 -71.5082027170567,-16.47306384595157,0 -71.50855087891678,-16.47302810110895,0 
						</coordinates>
					</LinearRing>
				</outerBoundaryIs>
			</Polygon>
		</Placemark>
		<Placemark>
			<name>1.25.26A-6</name>
			<styleUrl>#msn_ylw-pushpin1001000000</styleUrl>
			<Polygon>
				<tessellate>1</tessellate>
				<outerBoundaryIs>
					<LinearRing>
						<coordinates>
							-71.50841339717749,-16.47176838008916,0 -71.5085480325519,-16.47293281103921,0 -71.50818710907986,-16.47296951924729,0 -71.50808039410971,-16.47196844910384,0 -71.50841339717749,-16.47176838008916,0 
						</coordinates>
					</LinearRing>
				</outerBoundaryIs>
			</Polygon>
		</Placemark>
		<Placemark>
			<name>1.25.26A-8</name>
			<styleUrl>#msn_ylw-pushpin1001000000</styleUrl>
			<Polygon>
				<tessellate>1</tessellate>
				<outerBoundaryIs>
					<LinearRing>
						<coordinates>
							-71.50813199442645,-16.47306869401597,0 -71.50826501498403,-16.4742517434735,0 -71.50790583291726,-16.47427714173365,0 -71.50777425864689,-16.47310715367279,0 -71.50813199442645,-16.47306869401597,0 
						</coordinates>
					</LinearRing>
				</outerBoundaryIs>
			</Polygon>
		</Placemark>
		<Placemark>
			<name>1.25.26A-9</name>
			<styleUrl>#msn_ylw-pushpin1001000000</styleUrl>
			<Polygon>
				<tessellate>1</tessellate>
				<outerBoundaryIs>
					<LinearRing>
						<coordinates>
							-71.50770383860691,-16.47310774584527,0 -71.50783430813284,-16.47428367346827,0 -71.50749113598208,-16.47431620336824,0 -71.50735838731828,-16.47314993864485,0 -71.50770383860691,-16.47310774584527,0 
						</coordinates>
					</LinearRing>
				</outerBoundaryIs>
			</Polygon>
		</Placemark>
		<Placemark>
			<name>1.25.26A-10</name>
			<styleUrl>#msn_ylw-pushpin1001000000</styleUrl>
			<Polygon>
				<tessellate>1</tessellate>
				<outerBoundaryIs>
					<LinearRing>
						<coordinates>
							-71.50761936477987,-16.47228967113029,0 -71.50769430830752,-16.47301043149532,0 -71.50734482611942,-16.47305305345078,0 -71.50725526324102,-16.47235818124089,0 -71.50744232963996,-16.47240847442837,0 -71.50761936477987,-16.47228967113029,0 
						</coordinates>
					</LinearRing>
				</outerBoundaryIs>
			</Polygon>
		</Placemark>
		<Placemark>
			<name>1.25.26A-11</name>
			<styleUrl>#msn_ylw-pushpin1001000000</styleUrl>
			<Polygon>
				<tessellate>1</tessellate>
				<outerBoundaryIs>
					<LinearRing>
						<coordinates>
							-71.50719115409854,-16.47235544130211,0 -71.50727323756144,-16.47306294362508,0 -71.50693262546288,-16.47310623977315,0 -71.50682799904577,-16.47227913398522,0 -71.50719115409854,-16.47235544130211,0 
						</coordinates>
					</LinearRing>
				</outerBoundaryIs>
			</Polygon>
		</Placemark>
		<Placemark>
			<name>1.25.26A-12</name>
			<styleUrl>#msn_ylw-pushpin1001000000</styleUrl>
			<Polygon>
				<tessellate>1</tessellate>
				<outerBoundaryIs>
					<LinearRing>
						<coordinates>
							-71.50727088012734,-16.47315722189133,0 -71.50742486078389,-16.47431522687632,0 -71.5070739200381,-16.47433930409771,0 -71.50693718974873,-16.47320180656804,0 -71.50727088012734,-16.47315722189133,0 
						</coordinates>
					</LinearRing>
				</outerBoundaryIs>
			</Polygon>
		</Placemark>
		<Placemark>
			<name>1.25.26A-13</name>
			<styleUrl>#msn_ylw-pushpin1001000000</styleUrl>
			<Polygon>
				<tessellate>1</tessellate>
				<outerBoundaryIs>
					<LinearRing>
						<coordinates>
							-71.50686663636654,-16.47319584385159,0 -71.50700370008585,-16.47432539974292,0 -71.50674514011216,-16.47428666701287,0 -71.50662011814099,-16.47417033071594,0 -71.50653032723523,-16.47323671661906,0 -71.50686663636654,-16.47319584385159,0 
						</coordinates>
					</LinearRing>
				</outerBoundaryIs>
			</Polygon>
		</Placemark>
		<Placemark>
			<name>1.25.26A-14</name>
			<styleUrl>#msn_ylw-pushpin1001000000</styleUrl>
			<Polygon>
				<tessellate>1</tessellate>
				<outerBoundaryIs>
					<LinearRing>
						<coordinates>
							-71.50676728137528,-16.47227269952421,0 -71.5068645231987,-16.47309237051707,0 -71.50650760754442,-16.47313617569261,0 -71.50639806543036,-16.47219409617492,0 -71.50676728137528,-16.47227269952421,0 
						</coordinates>
					</LinearRing>
				</outerBoundaryIs>
			</Polygon>
		</Placemark>
		<Placemark>
			<name>1.25.26A-15</name>
			<styleUrl>#msn_ylw-pushpin1001000000</styleUrl>
			<Polygon>
				<tessellate>1</tessellate>
				<outerBoundaryIs>
					<LinearRing>
						<coordinates>
							-71.50633439152061,-16.47217735740618,0 -71.5064443070965,-16.47314993180853,0 -71.50610513544578,-16.47317908347772,0 -71.50598236776294,-16.47211905732068,0 -71.50633439152061,-16.47217735740618,0 
						</coordinates>
					</LinearRing>
				</outerBoundaryIs>
			</Polygon>
		</Placemark>
		<Placemark>
			<name>1.25.26A-16</name>
			<styleUrl>#msn_ylw-pushpin1001000000</styleUrl>
			<Polygon>
				<tessellate>1</tessellate>
				<outerBoundaryIs>
					<LinearRing>
						<coordinates>
							-71.50645857325433,-16.47323561019621,0 -71.50654715079514,-16.4740932535362,0 -71.50635975238018,-16.47408377780521,0 -71.50633845408416,-16.47400872089825,0 -71.50618797626456,-16.47399657466571,0 -71.50610466652377,-16.47326612258095,0 -71.50645857325433,-16.47323561019621,0 
						</coordinates>
					</LinearRing>
				</outerBoundaryIs>
			</Polygon>
		</Placemark>
		<Placemark>
			<name>1.25.26A-17</name>
			<styleUrl>#msn_ylw-pushpin1001000000</styleUrl>
			<Polygon>
				<tessellate>1</tessellate>
				<outerBoundaryIs>
					<LinearRing>
						<coordinates>
							-71.50603628410028,-16.47326883797965,0 -71.50611081561416,-16.47388904790999,0 -71.50587505972375,-16.47377386127479,0 -71.50572631046379,-16.47360335389778,0 -71.50566622234356,-16.47331585441841,0 -71.50603628410028,-16.47326883797965,0 
						</coordinates>
					</LinearRing>
				</outerBoundaryIs>
			</Polygon>
		</Placemark>
		<Placemark>
			<name>1.25.26A-18</name>
			<styleUrl>#msn_ylw-pushpin1001000000</styleUrl>
			<Polygon>
				<tessellate>1</tessellate>
				<outerBoundaryIs>
					<LinearRing>
						<coordinates>
							-71.50591989528385,-16.47209957110853,0 -71.50603595703507,-16.47317774174785,0 -71.50566556221689,-16.47321586232301,0 -71.50552050235191,-16.47201879389838,0 -71.50591989528385,-16.47209957110853,0 
						</coordinates>
					</LinearRing>
				</outerBoundaryIs>
			</Polygon>
		</Placemark>
		<Placemark>
			<name>1.25.26A-19</name>
			<styleUrl>#msn_ylw-pushpin1001000000</styleUrl>
			<Polygon>
				<tessellate>1</tessellate>
				<outerBoundaryIs>
					<LinearRing>
						<coordinates>
							-71.50548390999026,-16.472013421827,0 -71.5056130179471,-16.47322570924867,0 -71.50525522348269,-16.4732543421074,0 -71.50512758635402,-16.47194231386136,0 -71.50548390999026,-16.472013421827,0 
						</coordinates>
					</LinearRing>
				</outerBoundaryIs>
			</Polygon>
		</Placemark>
		<Placemark>
			<name>1.25.26A-20</name>
			<styleUrl>#msn_ylw-pushpin1001000000</styleUrl>
			<Polygon>
				<tessellate>1</tessellate>
				<outerBoundaryIs>
					<LinearRing>
						<coordinates>
							-71.50810506191249,-16.47298792889904,0 -71.5077743256507,-16.4730065137703,0 -71.50770385986638,-16.47228068063999,0 -71.50801483135501,-16.47205945925509,0 -71.50810506191249,-16.47298792889904,0 
						</coordinates>
					</LinearRing>
				</outerBoundaryIs>
			</Polygon>
		</Placemark>
		<Placemark>
			<name>1.25.26A-21</name>
			<styleUrl>#msn_ylw-pushpin1001000000</styleUrl>
			<Polygon>
				<tessellate>1</tessellate>
				<outerBoundaryIs>
					<LinearRing>
						<coordinates>
							-71.50834198548289,-16.47441642241794,0 -71.50834095595066,-16.47440746465165,0 -71.50832634379167,-16.47429386063702,0 -71.50868191889306,-16.47424218103035,0 -71.50869985559402,-16.47436210564735,0 -71.50834198548289,-16.47441642241794,0 
						</coordinates>
					</LinearRing>
				</outerBoundaryIs>
			</Polygon>
		</Placemark>
		<Placemark>
			<name>1.25.26A-22</name>
			<styleUrl>#msn_ylw-pushpin1001000000</styleUrl>
			<Polygon>
				<tessellate>1</tessellate>
				<outerBoundaryIs>
					<LinearRing>
						<coordinates>
							-71.50494963539452,-16.47320702118662,0 -71.50434037359179,-16.47279412714116,0 -71.50438173604327,-16.47246573073651,0 -71.50495377928802,-16.47281673197773,0 -71.50499318353785,-16.47318785496285,0 -71.50499596826945,-16.47319739210636,0 -71.50494963539452,-16.47320702118662,0 
						</coordinates>
					</LinearRing>
				</outerBoundaryIs>
			</Polygon>
		</Placemark>
		<Placemark>
			<name>1.25.31-1</name>
			<styleUrl>#msn_ylw-pushpin1001000000</styleUrl>
			<Polygon>
				<tessellate>1</tessellate>
				<outerBoundaryIs>
					<LinearRing>
						<coordinates>
							-71.51811689388555,-16.46586297479305,0 -71.51784915776504,-16.46594826694218,0 -71.51778848368062,-16.46572162130292,0 -71.51777848500284,-16.46537861518486,0 -71.51787040271402,-16.4653529684446,0 -71.51811689388555,-16.46586297479305,0 
						</coordinates>
					</LinearRing>
				</outerBoundaryIs>
			</Polygon>
		</Placemark>
		<Placemark>
			<name>1.25.31-2</name>
			<styleUrl>#msn_ylw-pushpin1001000000</styleUrl>
			<Polygon>
				<tessellate>1</tessellate>
				<outerBoundaryIs>
					<LinearRing>
						<coordinates>
							-71.51820142998406,-16.46598084568003,0 -71.51838798569092,-16.46613724885343,0 -71.51794506498406,-16.46626011379778,0 -71.51786190097556,-16.46599613662982,0 -71.51815548421335,-16.46589293397667,0 -71.51820142998406,-16.46598084568003,0 
						</coordinates>
					</LinearRing>
				</outerBoundaryIs>
			</Polygon>
		</Placemark>
		<Placemark>
			<name>1.25.31-3</name>
			<styleUrl>#msn_ylw-pushpin1001000000</styleUrl>
			<Polygon>
				<tessellate>1</tessellate>
				<outerBoundaryIs>
					<LinearRing>
						<coordinates>
							-71.51809992596505,-16.46655752543218,0 -71.51797141144168,-16.46630256188045,0 -71.51841265159015,-16.46616823582798,0 -71.51857700977239,-16.46626079493087,0 -71.5186538829121,-16.46639804255976,0 -71.51809992596505,-16.46655752543218,0 
						</coordinates>
					</LinearRing>
				</outerBoundaryIs>
			</Polygon>
		</Placemark>
		<Placemark>
			<name>1.25.31-4</name>
			<styleUrl>#msn_ylw-pushpin1001000000</styleUrl>
			<Polygon>
				<tessellate>1</tessellate>
				<outerBoundaryIs>
					<LinearRing>
						<coordinates>
							-71.51912654530372,-16.46726481035244,0 -71.51843277018767,-16.46756690243111,0 -71.5183483528545,-16.46733229108792,0 -71.51810968548806,-16.46706280779711,0 -71.51815975471229,-16.46674058639693,0 -71.51812977640644,-16.46658484298317,0 -71.51868191802797,-16.46642741868685,0 -71.51912654530372,-16.46726481035244,0 
						</coordinates>
					</LinearRing>
				</outerBoundaryIs>
			</Polygon>
		</Placemark>
		<Placemark>
			<name>1.25.31-5</name>
			<styleUrl>#msn_ylw-pushpin1001000000</styleUrl>
			<Polygon>
				<tessellate>1</tessellate>
				<outerBoundaryIs>
					<LinearRing>
						<coordinates>
							-71.52032443330576,-16.46635118389888,0 -71.52015042730635,-16.46657479906721,0 -71.51989032334019,-16.46674579147667,0 -71.51971620380814,-16.46680960956895,0 -71.51959403435967,-16.46653665337632,0 -71.51974793312228,-16.46644928310682,0 -71.51967894712853,-16.46635462677569,0 -71.51987067176961,-16.4662580785485,0 -71.51995205197343,-16.46632332657087,0 -71.52014514862557,-16.4661867037422,0 -71.52032443330576,-16.46635118389888,0 
						</coordinates>
					</LinearRing>
				</outerBoundaryIs>
			</Polygon>
		</Placemark>
		<Placemark>
			<name>1.25.31-6</name>
			<styleUrl>#msn_ylw-pushpin1001000000</styleUrl>
			<Polygon>
				<tessellate>1</tessellate>
				<outerBoundaryIs>
					<LinearRing>
						<coordinates>
							-71.52145693347791,-16.46621302333234,0 -71.52117817831272,-16.46635484641972,0 -71.52069080086703,-16.46606493799159,0 -71.5207125741463,-16.46596664571649,0 -71.5210947689678,-16.46583752985019,0 -71.52121259013654,-16.46575581617442,0 -71.52145693347791,-16.46621302333234,0 
						</coordinates>
					</LinearRing>
				</outerBoundaryIs>
			</Polygon>
		</Placemark>
		<Placemark>
			<name>1.25.31-7</name>
			<styleUrl>#msn_ylw-pushpin1001000000</styleUrl>
			<Polygon>
				<tessellate>1</tessellate>
				<outerBoundaryIs>
					<LinearRing>
						<coordinates>
							-71.52032199653057,-16.46593144797148,0 -71.52016214588092,-16.46612773289674,0 -71.51996184115235,-16.46611850940776,0 -71.51965068148532,-16.4660405883652,0 -71.51975517945088,-16.46572920027254,0 -71.51957385786356,-16.46548583937336,0 -71.51955107404221,-16.46523963411098,0 -71.52014848693057,-16.46580808788451,0 -71.52032199653057,-16.46593144797148,0 
						</coordinates>
					</LinearRing>
				</outerBoundaryIs>
			</Polygon>
		</Placemark>
		<Placemark>
			<name>1.25.31-8</name>
			<styleUrl>#msn_ylw-pushpin1001000000</styleUrl>
			<Polygon>
				<tessellate>1</tessellate>
				<outerBoundaryIs>
					<LinearRing>
						<coordinates>
							-71.51938283576646,-16.46759380513758,0 -71.51906255987811,-16.46768661673701,0 -71.51890358926983,-16.46738739600792,0 -71.51917725201463,-16.46726476596376,0 -71.51938283576646,-16.46759380513758,0 
						</coordinates>
					</LinearRing>
				</outerBoundaryIs>
			</Polygon>
		</Placemark>
		<Placemark>
			<name>1.25.31-9</name>
			<styleUrl>#msn_ylw-pushpin1001000000</styleUrl>
			<Polygon>
				<tessellate>1</tessellate>
				<outerBoundaryIs>
					<LinearRing>
						<coordinates>
							-71.51886717277409,-16.46740555850036,0 -71.5190117343697,-16.46770790916544,0 -71.51865688232121,-16.46788483635039,0 -71.51849342085326,-16.46756251128568,0 -71.51886717277409,-16.46740555850036,0 
						</coordinates>
					</LinearRing>
				</outerBoundaryIs>
			</Polygon>
		</Placemark>
		<Placemark>
			<name>1.25.31-11</name>
			<styleUrl>#msn_ylw-pushpin1001000000</styleUrl>
			<Polygon>
				<tessellate>1</tessellate>
				<outerBoundaryIs>
					<LinearRing>
						<coordinates>
							-71.51902250733572,-16.46776413729025,0 -71.51909896773184,-16.46800813933656,0 -71.51864741770596,-16.46814568872833,0 -71.51862330259308,-16.46794090368016,0 -71.51902250733572,-16.46776413729025,0 
						</coordinates>
					</LinearRing>
				</outerBoundaryIs>
			</Polygon>
		</Placemark>
		<Placemark>
			<name>1.25.31-12</name>
			<styleUrl>#msn_ylw-pushpin1001000000</styleUrl>
			<Polygon>
				<tessellate>1</tessellate>
				<outerBoundaryIs>
					<LinearRing>
						<coordinates>
							-71.5194109675226,-16.46764251641285,0 -71.51953171680832,-16.46790132960378,0 -71.51915798871072,-16.46800484985744,0 -71.51908281823565,-16.46774121909885,0 -71.5194109675226,-16.46764251641285,0 
						</coordinates>
					</LinearRing>
				</outerBoundaryIs>
			</Polygon>
		</Placemark>
		<Placemark>
			<name>1.25.31-13</name>
			<styleUrl>#msn_ylw-pushpin1001000000</styleUrl>
			<Polygon>
				<tessellate>1</tessellate>
				<outerBoundaryIs>
					<LinearRing>
						<coordinates>
							-71.51954020835468,-16.46796176391975,0 -71.5196485156529,-16.46820594978932,0 -71.51923281019073,-16.46831853968635,0 -71.51916662415979,-16.46805246306582,0 -71.51954020835468,-16.46796176391975,0 
						</coordinates>
					</LinearRing>
				</outerBoundaryIs>
			</Polygon>
		</Placemark>
		<Placemark>
			<name>1.25.31-14</name>
			<styleUrl>#msn_ylw-pushpin1001000000</styleUrl>
			<Polygon>
				<tessellate>1</tessellate>
				<outerBoundaryIs>
					<LinearRing>
						<coordinates>
							-71.51910344918581,-16.46806526121085,0 -71.51918274024285,-16.4683343189879,0 -71.51868445089733,-16.46848872413188,0 -71.5186340413218,-16.46821162766715,0 -71.51910344918581,-16.46806526121085,0 
						</coordinates>
					</LinearRing>
				</outerBoundaryIs>
			</Polygon>
		</Placemark>
		<Placemark>
			<name>1.25.31-15</name>
			<styleUrl>#msn_ylw-pushpin1001000000</styleUrl>
			<Polygon>
				<tessellate>1</tessellate>
				<outerBoundaryIs>
					<LinearRing>
						<coordinates>
							-71.51919933119009,-16.46839105344482,0 -71.51926519262801,-16.46866099097576,0 -71.51900043091774,-16.46872892898617,0 -71.51879469757141,-16.46880752828105,0 -71.51870971378854,-16.46853102344073,0 -71.51919933119009,-16.46839105344482,0 
						</coordinates>
					</LinearRing>
				</outerBoundaryIs>
			</Polygon>
		</Placemark>
		<Placemark>
			<name>1.25.31-16</name>
			<styleUrl>#msn_ylw-pushpin1001000000</styleUrl>
			<Polygon>
				<tessellate>1</tessellate>
				<outerBoundaryIs>
					<LinearRing>
						<coordinates>
							-71.5196672592125,-16.46824992813872,0 -71.51975611101788,-16.46852752369097,0 -71.51932386858039,-16.46864408787462,0 -71.51925363626948,-16.46836252784988,0 -71.5196672592125,-16.46824992813872,0 
						</coordinates>
					</LinearRing>
				</outerBoundaryIs>
			</Polygon>
		</Placemark>
		<Placemark>
			<name>1.25.31-17</name>
			<styleUrl>#msn_ylw-pushpin1001000000</styleUrl>
			<Polygon>
				<tessellate>1</tessellate>
				<outerBoundaryIs>
					<LinearRing>
						<coordinates>
							-71.51977592260837,-16.46857642745617,0 -71.51985300774324,-16.46884909492573,0 -71.51940762692595,-16.46896248859359,0 -71.51933542288891,-16.46868973337683,0 -71.51977592260837,-16.46857642745617,0 
						</coordinates>
					</LinearRing>
				</outerBoundaryIs>
			</Polygon>
		</Placemark>
		<Placemark>
			<name>1.25.31-18</name>
			<styleUrl>#msn_ylw-pushpin1001000000</styleUrl>
			<Polygon>
				<tessellate>1</tessellate>
				<outerBoundaryIs>
					<LinearRing>
						<coordinates>
							-71.51927663779458,-16.46871003432572,0 -71.51935179415868,-16.46897892693273,0 -71.51890055743779,-16.46911856820375,0 -71.51881393058056,-16.46883803554702,0 -71.5190338695985,-16.46877149895699,0 -71.51927663779458,-16.46871003432572,0 
						</coordinates>
					</LinearRing>
				</outerBoundaryIs>
			</Polygon>
		</Placemark>
		<Placemark>
			<name>1.25.31-19</name>
			<styleUrl>#msn_ylw-pushpin1001000000</styleUrl>
			<Polygon>
				<tessellate>1</tessellate>
				<outerBoundaryIs>
					<LinearRing>
						<coordinates>
							-71.51936156183372,-16.469024675604,0 -71.5194395486797,-16.46931330427571,0 -71.51900875133491,-16.46950120849634,0 -71.5189014020402,-16.4691780004555,0 -71.51936156183372,-16.469024675604,0 
						</coordinates>
					</LinearRing>
				</outerBoundaryIs>
			</Polygon>
		</Placemark>
		<Placemark>
			<name>1.25.31-20</name>
			<styleUrl>#msn_ylw-pushpin1001000000</styleUrl>
			<Polygon>
				<tessellate>1</tessellate>
				<outerBoundaryIs>
					<LinearRing>
						<coordinates>
							-71.51986096157864,-16.46890701274999,0 -71.51993400075042,-16.46917351003468,0 -71.51949735546773,-16.46928965921323,0 -71.51941981119133,-16.46901736424607,0 -71.51986096157864,-16.46890701274999,0 
						</coordinates>
					</LinearRing>
				</outerBoundaryIs>
			</Polygon>
		</Placemark>
		<Placemark>
			<name>1.25.31-21</name>
			<styleUrl>#msn_ylw-pushpin1001000000</styleUrl>
			<Polygon>
				<tessellate>1</tessellate>
				<outerBoundaryIs>
					<LinearRing>
						<coordinates>
							-71.52039772159661,-16.46958450460758,0 -71.51940051470098,-16.47000185485018,0 -71.51906723644625,-16.46953323895583,0 -71.51938630095954,-16.46938122602543,0 -71.51998255414104,-16.46919768096054,0 -71.52026623760663,-16.4693859754617,0 -71.52039772159661,-16.46958450460758,0 
						</coordinates>
					</LinearRing>
				</outerBoundaryIs>
			</Polygon>
		</Placemark>
		<Placemark>
			<name>1.25.31-22</name>
			<styleUrl>#msn_ylw-pushpin1001000000</styleUrl>
			<Polygon>
				<tessellate>1</tessellate>
				<outerBoundaryIs>
					<LinearRing>
						<coordinates>
							-71.52041604485947,-16.46961932731971,0 -71.52054063585622,-16.46985369045341,0 -71.52078970077727,-16.4702746775763,0 -71.52100134629454,-16.47049753749302,0 -71.52053556181041,-16.47067555202724,0 -71.52022334769714,-16.47076549133959,0 -71.51990997358303,-16.47073776449316,0 -71.51949764623964,-16.47062945896308,0 -71.52026272948139,-16.47053827105631,0 -71.52022146180965,-16.47046249096588,0 -71.5194368490797,-16.47056332729508,0 -71.51944633354654,-16.47002574620775,0 -71.52041604485947,-16.46961932731971,0 
						</coordinates>
					</LinearRing>
				</outerBoundaryIs>
			</Polygon>
		</Placemark>
		<Placemark>
			<name>1.25.31-23</name>
			<styleUrl>#msn_ylw-pushpin1001000000</styleUrl>
			<Polygon>
				<tessellate>1</tessellate>
				<outerBoundaryIs>
					<LinearRing>
						<coordinates>
							-71.52103330523562,-16.47202825845303,0 -71.52040856286784,-16.47218375978923,0 -71.5203611638875,-16.47204858872187,0 -71.52046569649941,-16.47201339595497,0 -71.52069250032254,-16.47194365560013,0 -71.52081624903772,-16.47190694920296,0 -71.52085361008457,-16.47181923518235,0 -71.52078865355864,-16.47153567870197,0 -71.52091699003859,-16.47062209230277,0 -71.52104009740314,-16.47054594738738,0 -71.52103330523562,-16.47202825845303,0 
						</coordinates>
					</LinearRing>
				</outerBoundaryIs>
			</Polygon>
		</Placemark>
		<Placemark>
			<name>1.25.31-24</name>
			<styleUrl>#msn_ylw-pushpin1001000000</styleUrl>
			<Polygon>
				<tessellate>1</tessellate>
				<outerBoundaryIs>
					<LinearRing>
						<coordinates>
							-71.52071146801266,-16.47149031829543,0 -71.52066642466635,-16.47151672031851,0 -71.52057434815625,-16.47147937906385,0 -71.5204400725834,-16.4712963042188,0 -71.52050591937001,-16.47089287175496,0 -71.52052607447642,-16.47072752259625,0 -71.52086630894958,-16.47064264543927,0 -71.52071146801266,-16.47149031829543,0 
						</coordinates>
					</LinearRing>
				</outerBoundaryIs>
			</Polygon>
		</Placemark>
		<Placemark>
			<name>1.25.31-25</name>
			<styleUrl>#msn_ylw-pushpin1001000000</styleUrl>
			<Polygon>
				<tessellate>1</tessellate>
				<outerBoundaryIs>
					<LinearRing>
						<coordinates>
							-71.52071339947082,-16.46758462120693,0 -71.52104471109669,-16.46834062245206,0 -71.52156846980658,-16.47032958535256,0 -71.52127761261332,-16.47034409012738,0 -71.52110156806866,-16.4704562939112,0 -71.52086992146265,-16.47033269156255,0 -71.52060626549054,-16.46990725229656,0 -71.52043689291646,-16.46957627843497,0 -71.52022691966987,-16.46928403559144,0 -71.52001015201175,-16.46902156560854,0 -71.51992949361784,-16.46883600276199,0 -71.51974950553102,-16.46818939744486,0 -71.51933986975457,-16.4673922180457,0 -71.51913556416403,-16.46698068292415,0 -71.52003766909674,-16.46704832470897,0 -71.52071339947082,-16.46758462120693,0 
						</coordinates>
					</LinearRing>
				</outerBoundaryIs>
			</Polygon>
		</Placemark>
		<Placemark>
			<name>1.25.31-27</name>
			<styleUrl>#msn_ylw-pushpin1001000000</styleUrl>
			<Polygon>
				<tessellate>1</tessellate>
				<outerBoundaryIs>
					<LinearRing>
						<coordinates>
							-71.52121570750892,-16.47332953542728,0 -71.52088134922731,-16.473373782486,0 -71.52078020570556,-16.47312319292103,0 -71.52064945477436,-16.47288510676714,0 -71.52097168243307,-16.47277292215013,0 -71.52121570750892,-16.47332953542728,0 
						</coordinates>
					</LinearRing>
				</outerBoundaryIs>
			</Polygon>
		</Placemark>
		<Placemark>
			<name>1.25.31-28</name>
			<styleUrl>#msn_ylw-pushpin1001000000</styleUrl>
			<Polygon>
				<tessellate>1</tessellate>
				<outerBoundaryIs>
					<LinearRing>
						<coordinates>
							-71.52130444788524,-16.47336062728995,0 -71.52102429986004,-16.47273601352614,0 -71.52132526314381,-16.47265719389797,0 -71.52161440970529,-16.47335492494073,0 -71.52130444788524,-16.47336062728995,0 
						</coordinates>
					</LinearRing>
				</outerBoundaryIs>
			</Polygon>
		</Placemark>
		<Placemark>
			<name>1.25.31-29</name>
			<styleUrl>#msn_ylw-pushpin1001000000</styleUrl>
			<Polygon>
				<tessellate>1</tessellate>
				<outerBoundaryIs>
					<LinearRing>
						<coordinates>
							-71.52198856956808,-16.47340487226638,0 -71.52170346401846,-16.47337699637888,0 -71.52138426785424,-16.47261940223475,0 -71.52164881429259,-16.47252556857642,0 -71.52203092530004,-16.47337082979311,0 -71.52198856956808,-16.47340487226638,0 
						</coordinates>
					</LinearRing>
				</outerBoundaryIs>
			</Polygon>
		</Placemark>
		<Placemark>
			<name>1.25.31-30</name>
			<styleUrl>#msn_ylw-pushpin1001000000</styleUrl>
			<Polygon>
				<tessellate>1</tessellate>
				<outerBoundaryIs>
					<LinearRing>
						<coordinates>
							-71.52210243790303,-16.47337193160883,0 -71.52173069936687,-16.47250170624057,0 -71.52198406120041,-16.47240266897587,0 -71.52231969823922,-16.47324709827552,0 -71.52210243790303,-16.47337193160883,0 
						</coordinates>
					</LinearRing>
				</outerBoundaryIs>
			</Polygon>
		</Placemark>
		<Placemark>
			<name>1.25.31-31</name>
			<styleUrl>#msn_ylw-pushpin1001000000</styleUrl>
			<Polygon>
				<tessellate>1</tessellate>
				<outerBoundaryIs>
					<LinearRing>
						<coordinates>
							-71.52061198918051,-16.47282042004975,0 -71.52040243147682,-16.47222008472692,0 -71.52072363953889,-16.47213832564718,0 -71.52078529046452,-16.47231579007649,0 -71.52092907974762,-16.47270821456877,0 -71.52061198918051,-16.47282042004975,0 
						</coordinates>
					</LinearRing>
				</outerBoundaryIs>
			</Polygon>
		</Placemark>
		<Placemark>
			<name>1.25.31-32</name>
			<styleUrl>#msn_ylw-pushpin1001000000</styleUrl>
			<Polygon>
				<tessellate>1</tessellate>
				<outerBoundaryIs>
					<LinearRing>
						<coordinates>
							-71.52100302182312,-16.47266899770293,0 -71.52080420293719,-16.4721481236593,0 -71.52110928697756,-16.47206747356354,0 -71.52131912909699,-16.47256307871549,0 -71.52100302182312,-16.47266899770293,0 
						</coordinates>
					</LinearRing>
				</outerBoundaryIs>
			</Polygon>
		</Placemark>
		<Placemark>
			<name>1.25.31-33</name>
			<styleUrl>#msn_ylw-pushpin1001000000</styleUrl>
			<Polygon>
				<tessellate>1</tessellate>
				<outerBoundaryIs>
					<LinearRing>
						<coordinates>
							-71.52135871447857,-16.47254741894788,0 -71.52117198287156,-16.47207714978454,0 -71.52138625856119,-16.47200865167923,0 -71.52150799526311,-16.47206971591559,0 -71.52163754780378,-16.47245705002366,0 -71.52135871447857,-16.47254741894788,0 
						</coordinates>
					</LinearRing>
				</outerBoundaryIs>
			</Polygon>
		</Placemark>
		<Placemark>
			<name>1.25.31-34</name>
			<styleUrl>#msn_ylw-pushpin1001000000</styleUrl>
			<Polygon>
				<tessellate>1</tessellate>
				<outerBoundaryIs>
					<LinearRing>
						<coordinates>
							-71.52169591448266,-16.47241184814969,0 -71.52152323679624,-16.47200624029485,0 -71.52161694932011,-16.47194892686702,0 -71.52165194568971,-16.47188740812432,0 -71.52231837517691,-16.47171487483837,0 -71.52223008755615,-16.47219800957493,0 -71.52169591448266,-16.47241184814969,0 
						</coordinates>
					</LinearRing>
				</outerBoundaryIs>
			</Polygon>
		</Placemark>
		<Placemark>
			<name>1.25.31-35</name>
			<styleUrl>#msn_ylw-pushpin1001000000</styleUrl>
			<Polygon>
				<tessellate>1</tessellate>
				<outerBoundaryIs>
					<LinearRing>
						<coordinates>
							-71.52030040797635,-16.47187434485466,0 -71.51998096511849,-16.47150059728402,0 -71.51956661322112,-16.47074478079566,0 -71.520146181477,-16.47105091135328,0 -71.52034509292376,-16.47134036535883,0 -71.52054369459154,-16.47177769888652,0 -71.52030040797635,-16.47187434485466,0 
						</coordinates>
					</LinearRing>
				</outerBoundaryIs>
			</Polygon>
		</Placemark>
		<Placemark>
			<name>1.25.31-36</name>
			<styleUrl>#msn_ylw-pushpin1001000000</styleUrl>
			<Polygon>
				<tessellate>1</tessellate>
				<outerBoundaryIs>
					<LinearRing>
						<coordinates>
							-71.52045836174473,-16.46569341340916,0 -71.52033665989639,-16.46577390896159,0 -71.52017501127501,-16.4657211297793,0 -71.51996898015877,-16.46551544665187,0 -71.51967541676122,-16.46519694928735,0 -71.51966188115823,-16.46518606824249,0 -71.51964856544043,-16.46518242052828,0 -71.51942941238994,-16.46510877376345,0 -71.51942250525981,-16.46510505897849,0 -71.51927612037987,-16.46486768006729,0 -71.51997788621078,-16.46446138511799,0 -71.52036342658336,-16.46479202831734,0 -71.52053677209776,-16.46531358424279,0 -71.52053487705437,-16.46566198010317,0 -71.52045836174473,-16.46569341340916,0 
						</coordinates>
					</LinearRing>
				</outerBoundaryIs>
			</Polygon>
		</Placemark>
		<Placemark>
			<name>1.25.31-47</name>
			<styleUrl>#msn_ylw-pushpin1001000000</styleUrl>
			<Polygon>
				<tessellate>1</tessellate>
				<outerBoundaryIs>
					<LinearRing>
						<coordinates>
							-71.5188342284922,-16.46521798813518,0 -71.51853751351973,-16.46513400633357,0 -71.51821380833236,-16.46485084217867,0 -71.51831964663353,-16.46465166665174,0 -71.51873402000442,-16.46497102847569,0 -71.5190966260234,-16.46505179993935,0 -71.51910356416013,-16.46515633602465,0 -71.5190689432669,-16.46523820121855,0 -71.5188342284922,-16.46521798813518,0 
						</coordinates>
					</LinearRing>
				</outerBoundaryIs>
			</Polygon>
		</Placemark>
		<Placemark>
			<name>1.25.31-48</name>
			<styleUrl>#msn_ylw-pushpin1001000000</styleUrl>
			<Polygon>
				<tessellate>1</tessellate>
				<outerBoundaryIs>
					<LinearRing>
						<coordinates>
							-71.51909115525164,-16.46500278175619,0 -71.51908982368535,-16.46500120636517,0 -71.51889128922286,-16.46495158022585,0 -71.51835658709696,-16.46461603062933,0 -71.51854006419617,-16.464369465339,0 -71.51898902882716,-16.46480132660804,0 -71.51906743588671,-16.46490191399957,0 -71.51909115525164,-16.46500278175619,0 
						</coordinates>
					</LinearRing>
				</outerBoundaryIs>
			</Polygon>
		</Placemark>
		<Placemark>
			<name>1.25.31-49</name>
			<styleUrl>#msn_ylw-pushpin1001000000</styleUrl>
			<Polygon>
				<tessellate>1</tessellate>
				<outerBoundaryIs>
					<LinearRing>
						<coordinates>
							-71.5181197447732,-16.46475609246088,0 -71.51811976766619,-16.46475458195369,0 -71.51768729251488,-16.46466935170912,0 -71.51762617341491,-16.46441756720592,0 -71.51759887476925,-16.46401796578066,0 -71.51804255610566,-16.46397176841175,0 -71.51845186219236,-16.46431892365172,0 -71.5181197447732,-16.46475609246088,0 
						</coordinates>
					</LinearRing>
				</outerBoundaryIs>
			</Polygon>
		</Placemark>
		<Placemark>
			<name>1.25.30-1</name>
			<styleUrl>#msn_ylw-pushpin1001000000</styleUrl>
			<Polygon>
				<tessellate>1</tessellate>
				<outerBoundaryIs>
					<LinearRing>
						<coordinates>
							-71.5254110045561,-16.47376314493233,0 -71.52534239078089,-16.47409267212314,0 -71.52490158547185,-16.47385890219134,0 -71.52465422993795,-16.47381123936148,0 -71.52468824624661,-16.47364775253813,0 -71.5254110045561,-16.47376314493233,0 
						</coordinates>
					</LinearRing>
				</outerBoundaryIs>
			</Polygon>
		</Placemark>
		<Placemark>
			<name>1.25.30-2</name>
			<styleUrl>#msn_ylw-pushpin1001000000</styleUrl>
			<Polygon>
				<tessellate>1</tessellate>
				<outerBoundaryIs>
					<LinearRing>
						<coordinates>
							-71.52579384746643,-16.47384179414451,0 -71.52567552811009,-16.47423105634493,0 -71.52536204001476,-16.47412793891127,0 -71.5254476966834,-16.47376994684354,0 -71.52579384746643,-16.47384179414451,0 
						</coordinates>
					</LinearRing>
				</outerBoundaryIs>
			</Polygon>
		</Placemark>
		<Placemark>
			<name>1.25.30-4</name>
			<styleUrl>#msn_ylw-pushpin1001000000</styleUrl>
			<Polygon>
				<tessellate>1</tessellate>
				<outerBoundaryIs>
					<LinearRing>
						<coordinates>
							-71.52460798897977,-16.4740664072843,0 -71.52359067357929,-16.47459947614949,0 -71.52347189204842,-16.47442003318397,0 -71.52439199020429,-16.47389770667524,0 -71.52463041144512,-16.47384974315074,0 -71.52460798897977,-16.4740664072843,0 
						</coordinates>
					</LinearRing>
				</outerBoundaryIs>
			</Polygon>
		</Placemark>
		<Placemark>
			<name>1.25.30-5</name>
			<styleUrl>#msn_ylw-pushpin1001000000</styleUrl>
			<Polygon>
				<tessellate>1</tessellate>
				<outerBoundaryIs>
					<LinearRing>
						<coordinates>
							-71.5241873384993,-16.4748272280752,0 -71.52395233682066,-16.47516323259755,0 -71.523621619049,-16.47463361470578,0 -71.52395740109951,-16.47444461839456,0 -71.5241873384993,-16.4748272280752,0 
						</coordinates>
					</LinearRing>
				</outerBoundaryIs>
			</Polygon>
		</Placemark>
		<Placemark>
			<name>1.25.30-6</name>
			<styleUrl>#msn_ylw-pushpin1001000000</styleUrl>
			<Polygon>
				<tessellate>1</tessellate>
				<outerBoundaryIs>
					<LinearRing>
						<coordinates>
							-71.5234566915351,-16.47442857920834,0 -71.52395522462544,-16.47522586471892,0 -71.52383738513183,-16.47528426533081,0 -71.52331891668165,-16.47450888920016,0 -71.5234566915351,-16.47442857920834,0 
						</coordinates>
					</LinearRing>
				</outerBoundaryIs>
			</Polygon>
		</Placemark>
		<Placemark>
			<name>1.25.30-7</name>
			<styleUrl>#msn_ylw-pushpin1001000000</styleUrl>
			<Polygon>
				<tessellate>1</tessellate>
				<outerBoundaryIs>
					<LinearRing>
						<coordinates>
							-71.52378952591434,-16.47529509094018,0 -71.52353535184169,-16.47542372667785,0 -71.52324947304686,-16.47495201969744,0 -71.52347128797294,-16.47479296131829,0 -71.52378952591434,-16.47529509094018,0 
						</coordinates>
					</LinearRing>
				</outerBoundaryIs>
			</Polygon>
		</Placemark>
		<Placemark>
			<name>1.25.30-8</name>
			<styleUrl>#msn_ylw-pushpin1001000000</styleUrl>
			<Polygon>
				<tessellate>1</tessellate>
				<outerBoundaryIs>
					<LinearRing>
						<coordinates>
							-71.52343840600091,-16.47476430425163,0 -71.52319729298216,-16.47491541894684,0 -71.52312718619714,-16.4747707885602,0 -71.52310535206217,-16.47463653691443,0 -71.52330053805129,-16.47451933966945,0 -71.52343840600091,-16.47476430425163,0 
						</coordinates>
					</LinearRing>
				</outerBoundaryIs>
			</Polygon>
		</Placemark>
		<Placemark>
			<name>1.25.30-9</name>
			<styleUrl>#msn_ylw-pushpin1001000000</styleUrl>
			<Polygon>
				<tessellate>1</tessellate>
				<outerBoundaryIs>
					<LinearRing>
						<coordinates>
							-71.52300683441136,-16.47472022006584,0 -71.52318518643368,-16.47550531453979,0 -71.522906961751,-16.47553615197582,0 -71.52269665365154,-16.47558488033974,0 -71.52253707802613,-16.4749787784909,0 -71.52300683441136,-16.47472022006584,0 
						</coordinates>
					</LinearRing>
				</outerBoundaryIs>
			</Polygon>
		</Placemark>
		<Placemark>
			<name>1.25.30-10</name>
			<styleUrl>#msn_ylw-pushpin1001000000</styleUrl>
			<Polygon>
				<tessellate>1</tessellate>
				<outerBoundaryIs>
					<LinearRing>
						<coordinates>
							-71.52248478127702,-16.47498607974391,0 -71.52257783316081,-16.47560218354543,0 -71.52226422692287,-16.4763751011875,0 -71.52181402217036,-16.47625574621782,0 -71.52194911417045,-16.47588864857059,0 -71.52202760094076,-16.47508167213034,0 -71.5222166496047,-16.47507493210931,0 -71.52248478127702,-16.47498607974391,0 
						</coordinates>
					</LinearRing>
				</outerBoundaryIs>
			</Polygon>
		</Placemark>
		<Placemark>
			<name>1.25.30-11</name>
			<styleUrl>#msn_ylw-pushpin1001000000</styleUrl>
			<Polygon>
				<tessellate>1</tessellate>
				<outerBoundaryIs>
					<LinearRing>
						<coordinates>
							-71.52189304888205,-16.47589471939362,0 -71.52168915396044,-16.47640631980956,0 -71.52140077664184,-16.47648256386771,0 -71.5212672277974,-16.47649836560917,0 -71.52155058214473,-16.47579614998893,0 -71.52189304888205,-16.47589471939362,0 
						</coordinates>
					</LinearRing>
				</outerBoundaryIs>
			</Polygon>
		</Placemark>
		<Placemark>
			<name>1.25.30-12</name>
			<styleUrl>#msn_ylw-pushpin1001000000</styleUrl>
			<Polygon>
				<tessellate>1</tessellate>
				<outerBoundaryIs>
					<LinearRing>
						<coordinates>
							-71.52197006082176,-16.47509696338018,0 -71.52190764314285,-16.47581908905345,0 -71.5215929823011,-16.475720154929,0 -71.5216231774596,-16.47510213360991,0 -71.52197006082176,-16.47509696338018,0 
						</coordinates>
					</LinearRing>
				</outerBoundaryIs>
			</Polygon>
		</Placemark>
		<Placemark>
			<name>1.25.30-13</name>
			<styleUrl>#msn_ylw-pushpin1001000000</styleUrl>
			<Polygon>
				<tessellate>1</tessellate>
				<outerBoundaryIs>
					<LinearRing>
						<coordinates>
							-71.5215711043291,-16.47511204893169,0 -71.52151911673884,-16.47574263705609,0 -71.52117853426242,-16.47573598175043,0 -71.52122679774519,-16.47511985955829,0 -71.5215711043291,-16.47511204893169,0 
						</coordinates>
					</LinearRing>
				</outerBoundaryIs>
			</Polygon>
		</Placemark>
		<Placemark>
			<name>1.25.30-14</name>
			<styleUrl>#msn_ylw-pushpin1001000000</styleUrl>
			<Polygon>
				<tessellate>1</tessellate>
				<outerBoundaryIs>
					<LinearRing>
						<coordinates>
							-71.52148855788242,-16.47578966945192,0 -71.52124455914466,-16.4764925817355,0 -71.52109886746176,-16.47625516634331,0 -71.52084262526861,-16.47623168799746,0 -71.52079565794887,-16.47583766921973,0 -71.52114641895503,-16.47577716279624,0 -71.52148855788242,-16.47578966945192,0 
						</coordinates>
					</LinearRing>
				</outerBoundaryIs>
			</Polygon>
		</Placemark>
		<Placemark>
			<name>1.25.30-15</name>
			<styleUrl>#msn_ylw-pushpin1001000000</styleUrl>
			<Polygon>
				<tessellate>1</tessellate>
				<outerBoundaryIs>
					<LinearRing>
						<coordinates>
							-71.52117579794967,-16.47512937885841,0 -71.52113722425696,-16.47574714221644,0 -71.52077807754426,-16.47581073140323,0 -71.5207666904678,-16.47531751430696,0 -71.52104565742007,-16.47512925860802,0 -71.52117579794967,-16.47512937885841,0 
						</coordinates>
					</LinearRing>
				</outerBoundaryIs>
			</Polygon>
		</Placemark>
		<Placemark>
			<name>1.25.30-16</name>
			<styleUrl>#msn_ylw-pushpin1001000000</styleUrl>
			<Polygon>
				<tessellate>1</tessellate>
				<outerBoundaryIs>
					<LinearRing>
						<coordinates>
							-71.52339090133526,-16.47439213847827,0 -71.52329978659262,-16.47424425961977,0 -71.52329941360978,-16.47415017938691,0 -71.52329289177162,-16.47404677634998,0 -71.5236251667494,-16.47407258541542,0 -71.52378705709768,-16.47396034334469,0 -71.52383746814877,-16.47370960086,0 -71.52440648658596,-16.47380908036353,0 -71.52339090133526,-16.47439213847827,0 
						</coordinates>
					</LinearRing>
				</outerBoundaryIs>
			</Polygon>
		</Placemark>
		<Placemark>
			<name>1.25.30-17</name>
			<styleUrl>#msn_ylw-pushpin1001000000</styleUrl>
			<Polygon>
				<tessellate>1</tessellate>
				<outerBoundaryIs>
					<LinearRing>
						<coordinates>
							-71.52379568191071,-16.47369295069323,0 -71.52375468355882,-16.47394725605596,0 -71.52359719101517,-16.47405020281512,0 -71.52329404909472,-16.47402899078273,0 -71.52332500138512,-16.47363591297652,0 -71.52379568191071,-16.47369295069323,0 
						</coordinates>
					</LinearRing>
				</outerBoundaryIs>
			</Polygon>
		</Placemark>
		<Placemark>
			<name>1.25.30-18</name>
			<styleUrl>#msn_ylw-pushpin1001000000</styleUrl>
			<Polygon>
				<tessellate>1</tessellate>
				<outerBoundaryIs>
					<LinearRing>
						<coordinates>
							-71.52097674508904,-16.47513206118272,0 -71.52087410657285,-16.47522382701643,0 -71.52076123152439,-16.4752536282056,0 -71.52072167080208,-16.47533217537683,0 -71.52071853057174,-16.47579652575197,0 -71.52038151511033,-16.47581474394292,0 -71.52037932151083,-16.47580946596872,0 -71.52033353767386,-16.47543165992801,0 -71.52054344453846,-16.4753950704143,0 -71.52070469966527,-16.4752348140564,0 -71.520776609823,-16.47514095839013,0 -71.52097674508904,-16.47513206118272,0 
						</coordinates>
					</LinearRing>
				</outerBoundaryIs>
			</Polygon>
		</Placemark>
		<Placemark>
			<name>1.25.30-19</name>
			<styleUrl>#msn_ylw-pushpin1001000000</styleUrl>
			<Polygon>
				<tessellate>1</tessellate>
				<outerBoundaryIs>
					<LinearRing>
						<coordinates>
							-71.52027818243353,-16.47548163012909,0 -71.52027247638135,-16.47549334366791,0 -71.52031384497064,-16.47582156817847,0 -71.52030951439254,-16.47582499127804,0 -71.52017611861807,-16.47584490135246,0 -71.52003006797356,-16.47560624891558,0 -71.52027818243353,-16.47548163012909,0 
						</coordinates>
					</LinearRing>
				</outerBoundaryIs>
			</Polygon>
		</Placemark>
		<Placemark>
			<name>1.25.30-20</name>
			<styleUrl>#msn_ylw-pushpin1001000000</styleUrl>
			<Polygon>
				<tessellate>1</tessellate>
				<outerBoundaryIs>
					<LinearRing>
						<coordinates>
							-71.52072701908594,-16.47585302518658,0 -71.52072694028303,-16.47585899612504,0 -71.52072314526733,-16.47586713055174,0 -71.52075169440153,-16.47618039924381,0 -71.52040815389432,-16.476192183751,0 -71.52037370683456,-16.47587609724998,0 -71.52072701908594,-16.47585302518658,0 
						</coordinates>
					</LinearRing>
				</outerBoundaryIs>
			</Polygon>
		</Placemark>
		<Placemark>
			<name>1.25.30-21</name>
			<styleUrl>#msn_ylw-pushpin1001000000</styleUrl>
			<Polygon>
				<tessellate>1</tessellate>
				<outerBoundaryIs>
					<LinearRing>
						<coordinates>
							-71.52032876202473,-16.47589436990286,0 -71.52035553242094,-16.47626182408066,0 -71.52003504738744,-16.47629223162019,0 -71.51996609548455,-16.4759159383158,0 -71.52032876202473,-16.47589436990286,0 
						</coordinates>
					</LinearRing>
				</outerBoundaryIs>
			</Polygon>
		</Placemark>
		<Placemark>
			<name>1.25.30-22</name>
			<styleUrl>#msn_ylw-pushpin1001000000</styleUrl>
			<Polygon>
				<tessellate>1</tessellate>
				<outerBoundaryIs>
					<LinearRing>
						<coordinates>
							-71.51981062856846,-16.47587457487853,0 -71.51976792920455,-16.47574680114938,0 -71.51996698450088,-16.47564524721606,0 -71.52007794424975,-16.47581309173122,0 -71.52008856526037,-16.47583509470043,0 -71.52009397172297,-16.47584701732086,0 -71.51981062856846,-16.47587457487853,0 
						</coordinates>
					</LinearRing>
				</outerBoundaryIs>
			</Polygon>
		</Placemark>
		<Placemark>
			<name>1.25.30-23</name>
			<styleUrl>#msn_ylw-pushpin1001000000</styleUrl>
			<Polygon>
				<tessellate>1</tessellate>
				<outerBoundaryIs>
					<LinearRing>
						<coordinates>
							-71.51992705750719,-16.47593658270338,0 -71.51996838816312,-16.47618612386651,0 -71.51993201703657,-16.4761761570891,0 -71.51980611132652,-16.47594121380315,0 -71.51992705750719,-16.47593658270338,0 
						</coordinates>
					</LinearRing>
				</outerBoundaryIs>
			</Polygon>
		</Placemark>
		<Placemark>
			<name>1.25.30-24</name>
			<styleUrl>#msn_ylw-pushpin1001000000</styleUrl>
			<Polygon>
				<tessellate>1</tessellate>
				<outerBoundaryIs>
					<LinearRing>
						<coordinates>
							-71.52028282757134,-16.47539799398187,0 -71.51998212450901,-16.47554271855599,0 -71.51946123274961,-16.47481384225252,0 -71.51950929314106,-16.47478813693334,0 -71.51982952480749,-16.4751210071459,0 -71.52028282757134,-16.47539799398187,0 
						</coordinates>
					</LinearRing>
				</outerBoundaryIs>
			</Polygon>
		</Placemark>
		<Placemark>
			<name>1.25.30-25</name>
			<styleUrl>#msn_ylw-pushpin1001000000</styleUrl>
			<Polygon>
				<tessellate>1</tessellate>
				<outerBoundaryIs>
					<LinearRing>
						<coordinates>
							-71.5199374308238,-16.47559120762039,0 -71.51974074303347,-16.47569101306668,0 -71.51962264375086,-16.47538967311935,0 -71.5194015988906,-16.47493274160085,0 -71.51947846796713,-16.47489651091644,0 -71.5199374308238,-16.47559120762039,0 
						</coordinates>
					</LinearRing>
				</outerBoundaryIs>
			</Polygon>
		</Placemark>
		<Placemark>
			<name>1.25.30-26</name>
			<styleUrl>#msn_ylw-pushpin1001000000</styleUrl>
			<Polygon>
				<tessellate>1</tessellate>
				<outerBoundaryIs>
					<LinearRing>
						<coordinates>
							-71.52108010751728,-16.4764605246832,0 -71.5210152805828,-16.47653768531376,0 -71.52095833354522,-16.47649434743532,0 -71.52051901308619,-16.4763790937621,0 -71.5201742931982,-16.47641580763246,0 -71.51986995006689,-16.47644253492322,0 -71.51985531442651,-16.47640686336591,0 -71.5199797201328,-16.47633320834649,0 -71.52006717012915,-16.47637623965009,0 -71.52007387763175,-16.47637412606244,0 -71.52048855007752,-16.47629854546568,0 -71.521016288065,-16.47639218629219,0 -71.52108010751728,-16.4764605246832,0 
						</coordinates>
					</LinearRing>
				</outerBoundaryIs>
			</Polygon>
		</Placemark>
		<Placemark>
			<name>1.25.30-27</name>
			<styleUrl>#msn_ylw-pushpin1001000000</styleUrl>
			<Polygon>
				<tessellate>1</tessellate>
				<outerBoundaryIs>
					<LinearRing>
						<coordinates>
							-71.51994074396472,-16.47628698703936,0 -71.51981795948649,-16.47638249674764,0 -71.519702287455,-16.47605718613981,0 -71.51961967290121,-16.47578539357722,0 -71.51970950898789,-16.47576806240447,0 -71.51982411087241,-16.47608907458177,0 -71.51994074396472,-16.47628698703936,0 
						</coordinates>
					</LinearRing>
				</outerBoundaryIs>
			</Polygon>
		</Placemark>
		<Placemark>
			<name>1.25.30-28</name>
			<styleUrl>#msn_ylw-pushpin1001000000</styleUrl>
			<Polygon>
				<tessellate>1</tessellate>
				<outerBoundaryIs>
					<LinearRing>
						<coordinates>
							-71.51970230655205,-16.47570252313992,0 -71.51957706990395,-16.47572482013583,0 -71.51935770903498,-16.47514704123424,0 -71.51927363712743,-16.47500905262532,0 -71.51933811682623,-16.47494486290701,0 -71.51945180454042,-16.47513922706818,0 -71.51970230655205,-16.47570252313992,0 
						</coordinates>
					</LinearRing>
				</outerBoundaryIs>
			</Polygon>
		</Placemark>
		<Placemark>
			<name>1.25.24-2</name>
			<styleUrl>#msn_ylw-pushpin1001000000</styleUrl>
			<Polygon>
				<tessellate>1</tessellate>
				<outerBoundaryIs>
					<LinearRing>
						<coordinates>
							-71.52343208367311,-16.47254135319884,0 -71.52337064246575,-16.4728957844248,0 -71.52267275855418,-16.47280087446789,0 -71.52269351389758,-16.47245468756494,0 -71.52343208367311,-16.47254135319884,0 
						</coordinates>
					</LinearRing>
				</outerBoundaryIs>
			</Polygon>
		</Placemark>
		<Placemark>
			<name>1.25.24-5</name>
			<styleUrl>#msn_ylw-pushpin1001000000</styleUrl>
			<Polygon>
				<tessellate>1</tessellate>
				<outerBoundaryIs>
					<LinearRing>
						<coordinates>
							-71.5233638209973,-16.4729954114036,0 -71.52331379252945,-16.47334569663812,0 -71.52275266030276,-16.47329509428602,0 -71.52264920121294,-16.47290748798516,0 -71.5233638209973,-16.4729954114036,0 
						</coordinates>
					</LinearRing>
				</outerBoundaryIs>
			</Polygon>
		</Placemark>
		<Placemark>
			<name>1.25.24-6</name>
			<styleUrl>#msn_ylw-pushpin1001000000</styleUrl>
			<Polygon>
				<tessellate>1</tessellate>
				<outerBoundaryIs>
					<LinearRing>
						<coordinates>
							-71.52265025355247,-16.47224068386987,0 -71.52261299322802,-16.47303654548307,0 -71.52238136683033,-16.47302266809779,0 -71.52238071128347,-16.47221776907206,0 -71.52265025355247,-16.47224068386987,0 
						</coordinates>
					</LinearRing>
				</outerBoundaryIs>
			</Polygon>
		</Placemark>
		<Placemark>
			<name>1.25.24-7</name>
			<styleUrl>#msn_ylw-pushpin1001000000</styleUrl>
			<Polygon>
				<tessellate>1</tessellate>
				<outerBoundaryIs>
					<LinearRing>
						<coordinates>
							-71.52330998631415,-16.47337387805675,0 -71.5232485528264,-16.47411355061406,0 -71.52320048124803,-16.47413639812159,0 -71.52305434776413,-16.47393961119963,0 -71.5228065540161,-16.47331131338373,0 -71.52330998631415,-16.47337387805675,0 
						</coordinates>
					</LinearRing>
				</outerBoundaryIs>
			</Polygon>
		</Placemark>
		<Placemark>
			<name>1.25.24-8</name>
			<styleUrl>#msn_ylw-pushpin1001000000</styleUrl>
			<Polygon>
				<tessellate>1</tessellate>
				<outerBoundaryIs>
					<LinearRing>
						<coordinates>
							-71.52465762699741,-16.47357972505811,0 -71.52463550854904,-16.47376803319041,0 -71.52413697694263,-16.47369174757473,0 -71.52336051645085,-16.47359231713553,0 -71.52338550332689,-16.47343360489618,0 -71.52465762699741,-16.47357972505811,0 
						</coordinates>
					</LinearRing>
				</outerBoundaryIs>
			</Polygon>
		</Placemark>
	</Folder>
	<Folder>
		<name>E</name>
	</Folder>
	<Folder>
		<name>NA</name>
	</Folder>
</Document>
</kml>
