type;ident;lat;long;y_proj;x_proj;ingreso_economico;new_seg;display;color;altitude;depth;temp;time;model;filename;ltime
TRACK;1.5.8-1; ; ;-1.516416327;20763369.87;B; ; ; ; ; ; ; ; ; ; 
TRACK;1.5.8-1;-16.46349316;-71.49328648;-1949203.126;2842355.857;B;False; ; ;0; ; ; ; ; ; 
TRACK;1.5.8-1;-16.46354719;-71.493294;-1949209.377;2842354.295;B;False; ; ;0; ; ; ; ; ; 
TRACK;1.5.8-1;-16.46372624;-71.49328811;-1949230.487;2842352.611;B;False; ; ;0; ; ; ; ; ; 
TRACK;1.5.8-1;-16.46371716;-71.49309588;-1949231.856;2842374.522;B;False; ; ;0; ; ; ; ; ; 
TRACK;1.5.8-1;-16.46366797;-71.49293289;-1949228.143;2842393.646;B;False; ; ;0; ; ; ; ; ; 
TRACK;1.5.8-1;-16.46357849;-71.49282239;-1949219.031;2842407.348;B;False; ; ;0; ; ; ; ; ; 
TRACK;1.5.8-1;-16.46343913;-71.49265088;-1949204.832;2842428.62;B;False; ; ;0; ; ; ; ; ; 
TRACK;1.5.8-1;-16.46328093;-71.49245511;-1949188.727;2842452.891;B;False; ; ;0; ; ; ; ; ; 
TRACK;1.5.8-1;-16.46292175;-71.49279018;-1949142.283;2842419.623;B;False; ; ;0; ; ; ; ; ; 
TRACK;1.5.8-1;-16.46333931;-71.49325835;-1949185.407;2842361.066;B;False; ; ;0; ; ; ; ; ; 
TRACK;1.5.8-5; ; ;-1.516416327;20763369.87;B; ; ; ; ; ; ; ; ; ; 
TRACK;1.5.8-5;-16.46322987;-71.4924006;-1949183.419;2842459.741;B;False; ; ;0; ; ; ; ; ; 
TRACK;1.5.8-5;-16.46317736;-71.49225452;-1949179.1;2842476.991;B;False; ; ;0; ; ; ; ; ; 
TRACK;1.5.8-5;-16.46278838;-71.4923613;-1949132.049;2842469.994;B;False; ; ;0; ; ; ; ; ; 
TRACK;1.5.8-5;-16.46270624;-71.49224898;-1949123.822;2842483.805;B;False; ; ;0; ; ; ; ; ; 
TRACK;1.5.8-5;-16.46263577;-71.49214293;-1949116.887;2842496.753;B;False; ; ;0; ; ; ; ; ; 
TRACK;1.5.8-5;-16.46260238;-71.49203506;-1949114.33;2842509.42;B;False; ; ;0; ; ; ; ; ; 
TRACK;1.5.8-5;-16.46255367;-71.49185751;-1949110.857;2842530.188;B;False; ; ;0; ; ; ; ; ; 
TRACK;1.5.8-5;-16.4623142;-71.49192732;-1949081.84;2842525.418;B;False; ; ;0; ; ; ; ; ; 
TRACK;1.5.8-5;-16.46243644;-71.49215475;-1949093.319;2842498.03;B;False; ; ;0; ; ; ; ; ; 
TRACK;1.5.8-5;-16.46253871;-71.49234584;-1949102.913;2842475.025;B;False; ; ;0; ; ; ; ; ; 
TRACK;1.5.8-5;-16.46269208;-71.49255259;-1949118.312;2842449.572;B;False; ; ;0; ; ; ; ; ; 
TRACK;1.5.8-5;-16.46284924;-71.49273679;-1949134.441;2842426.627;B;False; ; ;0; ; ; ; ; ; 
TRACK;1.5.4-3; ; ;-1.516416327;20763369.87;C; ; ; ; ; ; ; ; ; ; 
TRACK;1.5.4-3;-16.47258329;-71.46799284;-1950591.906;2845103.874;C;False; ; ;0; ; ; ; ; ; 
TRACK;1.5.4-3;-16.47268103;-71.46796284;-1950603.771;2845105.99;C;False; ; ;0; ; ; ; ; ; 
TRACK;1.5.4-3;-16.47281887;-71.46789812;-1950620.788;2845111.513;C;False; ; ;0; ; ; ; ; ; 
TRACK;1.5.4-3;-16.47287824;-71.46787382;-1950628.072;2845113.487;C;False; ; ;0; ; ; ; ; ; 
TRACK;1.5.4-3;-16.47259356;-71.4675958;-1950598.153;2845148.752;C;False; ; ;0; ; ; ; ; ; 
TRACK;1.5.4-3;-16.4725301;-71.46741416;-1950593.003;2845170.181;C;False; ; ;0; ; ; ; ; ; 
TRACK;1.5.4-3;-16.47253011;-71.46730428;-1950594.398;2845182.638;C;False; ; ;0; ; ; ; ; ; 
TRACK;1.5.4-3;-16.47253011;-71.46711984;-1950596.74;2845203.548;C;False; ; ;0; ; ; ; ; ; 
TRACK;1.5.4-3;-16.47254154;-71.4667982;-1950602.166;2845239.864;C;False; ; ;0; ; ; ; ; ; 
TRACK;1.5.4-3;-16.4725764;-71.46656048;-1950609.28;2845266.356;C;False; ; ;0; ; ; ; ; ; 
TRACK;1.5.4-3;-16.47261077;-71.46645632;-1950614.642;2845277.713;C;False; ; ;0; ; ; ; ; ; 
TRACK;1.5.4-3;-16.4727944;-71.46621027;-1950639.341;2845303.192;C;False; ; ;0; ; ; ; ; ; 
TRACK;1.5.4-3;-16.47287224;-71.46609096;-1950650.001;2845315.695;C;False; ; ;0; ; ; ; ; ; 
TRACK;1.5.4-3;-16.47313002;-71.46590338;-1950682.672;2845333.569;C;False; ; ;0; ; ; ; ; ; 
TRACK;1.5.4-3;-16.47325178;-71.46573034;-1950699.176;2845351.586;C;False; ; ;0; ; ; ; ; ; 
TRACK;1.5.4-3;-16.47332222;-71.46562092;-1950708.841;2845363.064;C;False; ; ;0; ; ; ; ; ; 
TRACK;1.5.4-3;-16.47310622;-71.4654802;-1950685.249;2845381.861;C;False; ; ;0; ; ; ; ; ; 
TRACK;1.5.4-3;-16.47297313;-71.46571265;-1950666.66;2845357.258;C;False; ; ;0; ; ; ; ; ; 
TRACK;1.5.4-3;-16.47287985;-71.46592796;-1950652.965;2845334.075;C;False; ; ;0; ; ; ; ; ; 
TRACK;1.5.4-3;-16.47275749;-71.4661324;-1950635.993;2845312.507;C;False; ; ;0; ; ; ; ; ; 
TRACK;1.5.4-3;-16.47248127;-71.4664725;-1950599.219;2845277.583;C;False; ; ;0; ; ; ; ; ; 
TRACK;1.5.4-3;-16.4723914;-71.46673519;-1950585.325;2845248.983;C;False; ; ;0; ; ; ; ; ; 
TRACK;1.5.4-3;-16.47234985;-71.46689788;-1950578.378;2845231.085;C;False; ; ;0; ; ; ; ; ; 
TRACK;1.5.4-3;-16.47232646;-71.46716376;-1950572.254;2845201.249;C;False; ; ;0; ; ; ; ; ; 
TRACK;1.5.4-3;-16.47230176;-71.46752414;-1950564.777;2845160.716;C;False; ; ;0; ; ; ; ; ; 
TRACK;1.5.4-3;-16.47231399;-71.46769118;-1950564.093;2845141.618;C;False; ; ;0; ; ; ; ; ; 
TRACK;1.5.4-3;-16.47244447;-71.46795899;-1950576.025;2845109.539;C;False; ; ;0; ; ; ; ; ; 
TRACK;1.5.4-4; ; ;-1.516416327;20763369.87;C; ; ; ; ; ; ; ; ; ; 
TRACK;1.5.4-4;-16.47279081;-71.4659608;-1950642.087;2845331.523;C;False; ; ;0; ; ; ; ; ; 
TRACK;1.5.4-4;-16.47286072;-71.4658231;-1950652.049;2845346.215;C;False; ; ;0; ; ; ; ; ; 
TRACK;1.5.4-4;-16.47275355;-71.46578215;-1950639.977;2845352.268;C;False; ; ;0; ; ; ; ; ; 
TRACK;1.5.4-4;-16.47274846;-71.46581827;-1950638.92;2845348.24;C;False; ; ;0; ; ; ; ; ; 
TRACK;1.5.4-4;-16.47273487;-71.46587176;-1950636.644;2845342.354;C;False; ; ;0; ; ; ; ; ; 
TRACK;1.5.4-4;-16.47270387;-71.46592399;-1950632.339;2845336.841;C;False; ; ;0; ; ; ; ; ; 
TRACK;1.5.4-4;-16.47265971;-71.4659892;-1950626.322;2845330.029;C;False; ; ;0; ; ; ; ; ; 
TRACK;1.5.4-4;-16.47262051;-71.46605002;-1950620.943;2845323.649;C;False; ; ;0; ; ; ; ; ; 
TRACK;1.5.4-4;-16.47257057;-71.46612394;-1950614.137;2845315.925;C;False; ; ;0; ; ; ; ; ; 
TRACK;1.5.4-4;-16.47262684;-71.46618399;-1950619.986;2845308.377;C;False; ; ;0; ; ; ; ; ; 
TRACK;1.5.4-4;-16.47270994;-71.46609721;-1950630.853;2845317.121;C;False; ; ;0; ; ; ; ; ; 
TRACK;1.5.4-5; ; ;-1.516416327;20763369.87;C; ; ; ; ; ; ; ; ; ; 
TRACK;1.5.4-5;-16.4719546;-71.46756465;-1950523.471;2845160.691;C;False; ; ;0; ; ; ; ; ; 
TRACK;1.5.4-5;-16.47205312;-71.46757999;-1950534.853;2845157.656;C;False; ; ;0; ; ; ; ; ; 
TRACK;1.5.4-5;-16.47208512;-71.46772077;-1950536.825;2845141.273;C;False; ; ;0; ; ; ; ; ; 
TRACK;1.5.4-5;-16.47213737;-71.46797381;-1950539.753;2845111.898;C;False; ; ;0; ; ; ; ; ; 
TRACK;1.5.4-5;-16.47217123;-71.46815063;-1950541.487;2845091.407;C;False; ; ;0; ; ; ; ; ; 
TRACK;1.5.4-5;-16.4724;-71.46816543;-1950568.179;2845086.718;C;False; ; ;0; ; ; ; ; ; 
TRACK;1.5.4-5;-16.4724111;-71.46799748;-1950571.615;2845105.614;C;False; ; ;0; ; ; ; ; ; 
TRACK;1.5.4-5;-16.47226172;-71.46769545;-1950557.898;2845141.82;C;False; ; ;0; ; ; ; ; ; 
TRACK;1.5.4-5;-16.47226492;-71.46751816;-1950560.524;2845161.879;C;False; ; ;0; ; ; ; ; ; 
TRACK;1.5.4-5;-16.47226771;-71.46737788;-1950562.633;2845177.747;C;False; ; ;0; ; ; ; ; ; 
TRACK;1.5.4-5;-16.47227047;-71.46707321;-1950566.825;2845212.252;C;False; ; ;0; ; ; ; ; ; 
TRACK;1.5.4-5;-16.47227357;-71.46699896;-1950568.131;2845220.628;C;False; ; ;0; ; ; ; ; ; 
TRACK;1.5.4-5;-16.47227042;-71.46684231;-1950569.75;2845238.43;C;False; ; ;0; ; ; ; ; ; 
TRACK;1.5.4-5;-16.4722855;-71.46668667;-1950573.498;2845255.877;C;False; ; ;0; ; ; ; ; ; 
TRACK;1.5.4-5;-16.47237359;-71.46647641;-1950586.518;2845278.556;C;False; ; ;0; ; ; ; ; ; 
TRACK;1.5.4-5;-16.47242103;-71.46632481;-1950594.016;2845295.119;C;False; ; ;0; ; ; ; ; ; 
TRACK;1.5.4-5;-16.47249565;-71.46620261;-1950604.335;2845307.992;C;False; ; ;0; ; ; ; ; ; 
TRACK;1.5.4-5;-16.47253766;-71.46614636;-1950609.986;2845313.816;C;False; ; ;0; ; ; ; ; ; 
TRACK;1.5.4-5;-16.47260128;-71.46605166;-1950618.663;2845323.716;C;False; ; ;0; ; ; ; ; ; 
TRACK;1.5.4-5;-16.47266896;-71.46594639;-1950627.953;2845334.76;C;False; ; ;0; ; ; ; ; ; 
TRACK;1.5.4-5;-16.47273227;-71.46585564;-1950636.543;2845344.216;C;False; ; ;0; ; ; ; ; ; 
TRACK;1.5.4-5;-16.47274202;-71.46578906;-1950638.535;2845351.636;C;False; ; ;0; ; ; ; ; ; 
TRACK;1.5.4-5;-16.4727546;-71.46573886;-1950640.65;2845357.162;C;False; ; ;0; ; ; ; ; ; 
TRACK;1.5.4-5;-16.47275464;-71.46567567;-1950641.457;2845364.326;C;False; ; ;0; ; ; ; ; ; 
TRACK;1.5.4-5;-16.47274296;-71.46560194;-1950641.021;2845372.838;C;False; ; ;0; ; ; ; ; ; 
TRACK;1.5.4-5;-16.47269356;-71.46554186;-1950635.979;2845380.3;C;False; ; ;0; ; ; ; ; ; 
TRACK;1.5.4-5;-16.47268634;-71.46560444;-1950634.336;2845373.299;C;False; ; ;0; ; ; ; ; ; 
TRACK;1.5.4-5;-16.47262169;-71.46570888;-1950625.414;2845362.31;C;False; ; ;0; ; ; ; ; ; 
TRACK;1.5.4-5;-16.4725705;-71.46582619;-1950617.91;2845349.683;C;False; ; ;0; ; ; ; ; ; 
TRACK;1.5.4-5;-16.47240462;-71.46605891;-1950595.464;2845325.482;C;False; ; ;0; ; ; ; ; ; 
TRACK;1.5.4-5;-16.47225228;-71.46624393;-1950575.215;2845306.51;C;False; ; ;0; ; ; ; ; ; 
TRACK;1.5.4-5;-16.47215362;-71.466433;-1950561.222;2845286.372;C;False; ; ;0; ; ; ; ; ; 
TRACK;1.5.4-5;-16.47217412;-71.46666333;-1950560.707;2845259.989;C;False; ; ;0; ; ; ; ; ; 
TRACK;1.5.4-5;-16.47207218;-71.46688404;-1950545.928;2845236.307;C;False; ; ;0; ; ; ; ; ; 
TRACK;1.5.4-5;-16.47197339;-71.46741117;-1950527.628;2845177.844;C;False; ; ;0; ; ; ; ; ; 
TRACK;1.5.4-6; ; ;-1.516416327;20763369.87;C; ; ; ; ; ; ; ; ; ; 
TRACK;1.5.4-6;-16.47209737;-71.46868693;-1950526.001;2845031.576;C;False; ; ;0; ; ; ; ; ; 
TRACK;1.5.4-6;-16.47218665;-71.4687296;-1950535.949;2845025.564;C;False; ; ;0; ; ; ; ; ; 
TRACK;1.5.4-6;-16.47235696;-71.4687348;-1950555.894;2845022.734;C;False; ; ;0; ; ; ; ; ; 
TRACK;1.5.4-6;-16.4723997;-71.4681733;-1950568.044;2845085.83;C;False; ; ;0; ; ; ; ; ; 
TRACK;1.5.4-6;-16.47216975;-71.46816607;-1950541.117;2845089.675;C;False; ; ;0; ; ; ; ; ; 
TRACK;1.5.4-6;-16.47214888;-71.4685239;-1950534.123;2845049.381;C;False; ; ;0; ; ; ; ; ; 
TRACK;1.5.4-7; ; ;-1.516416327;20763369.87;C; ; ; ; ; ; ; ; ; ; 
TRACK;1.5.4-7;-16.47235825;-71.47005499;-1950539.287;2844873.044;C;False; ; ;0; ; ; ; ; ; 
TRACK;1.5.4-7;-16.47245148;-71.47011024;-1950549.54;2844865.554;C;False; ; ;0; ; ; ; ; ; 
TRACK;1.5.4-7;-16.47251473;-71.47026503;-1950555.008;2844847.173;C;False; ; ;0; ; ; ; ; ; 
TRACK;1.5.4-7;-16.4727078;-71.47033177;-1950576.845;2844837.067;C;False; ; ;0; ; ; ; ; ; 
TRACK;1.5.4-7;-16.47298704;-71.47038034;-1950609.038;2844827.888;C;False; ; ;0; ; ; ; ; ; 
TRACK;1.5.4-7;-16.47298715;-71.47065809;-1950605.525;2844796.397;C;False; ; ;0; ; ; ; ; ; 
TRACK;1.5.4-7;-16.47315034;-71.47094787;-1950621.021;2844761.397;C;False; ; ;0; ; ; ; ; ; 
TRACK;1.5.4-7;-16.47316735;-71.47104042;-1950621.845;2844750.681;C;False; ; ;0; ; ; ; ; ; 
TRACK;1.5.4-7;-16.47324827;-71.47104261;-1950631.325;2844749.368;C;False; ; ;0; ; ; ; ; ; 
TRACK;1.5.4-7;-16.47325833;-71.47121417;-1950630.33;2844729.786;C;False; ; ;0; ; ; ; ; ; 
TRACK;1.5.4-7;-16.47331528;-71.47142652;-1950634.326;2844704.962;C;False; ; ;0; ; ; ; ; ; 
TRACK;1.5.4-7;-16.47333045;-71.47154681;-1950634.581;2844691.126;C;False; ; ;0; ; ; ; ; ; 
TRACK;1.5.4-7;-16.47334175;-71.47159915;-1950635.245;2844685.043;C;False; ; ;0; ; ; ; ; ; 
TRACK;1.5.4-7;-16.4735198;-71.47161932;-1950655.908;2844680.415;C;False; ; ;0; ; ; ; ; ; 
TRACK;1.5.4-7;-16.47354267;-71.47149149;-1950660.218;2844694.606;C;False; ; ;0; ; ; ; ; ; 
TRACK;1.5.4-7;-16.47356326;-71.47139559;-1950663.855;2844705.207;C;False; ; ;0; ; ; ; ; ; 
TRACK;1.5.4-7;-16.47355704;-71.47126126;-1950664.829;2844720.518;C;False; ; ;0; ; ; ; ; ; 
TRACK;1.5.4-7;-16.47354668;-71.4711373;-1950665.185;2844734.708;C;False; ; ;0; ; ; ; ; ; 
TRACK;1.5.4-7;-16.47346582;-71.47108206;-1950656.386;2844742.034;C;False; ; ;0; ; ; ; ; ; 
TRACK;1.5.4-7;-16.47332289;-71.4710223;-1950640.351;2844750.689;C;False; ; ;0; ; ; ; ; ; 
TRACK;1.5.4-7;-16.47319744;-71.4706555;-1950630.266;2844793.924;C;False; ; ;0; ; ; ; ; ; 
TRACK;1.5.4-7;-16.47316406;-71.4703866;-1950629.758;2844824.848;C;False; ; ;0; ; ; ; ; ; 
TRACK;1.5.4-7;-16.47316941;-71.47010898;-1950633.91;2844856.253;C;False; ; ;0; ; ; ; ; ; 
TRACK;1.5.4-7;-16.47297132;-71.46999919;-1950612.03;2844871.305;C;False; ; ;0; ; ; ; ; ; 
TRACK;1.5.4-7;-16.47295838;-71.47024322;-1950607.411;2844843.81;C;False; ; ;0; ; ; ; ; ; 
TRACK;1.5.4-7;-16.47268171;-71.47016474;-1950575.9;2844856.346;C;False; ; ;0; ; ; ; ; ; 
TRACK;1.5.4-7;-16.47277647;-71.46978578;-1950591.844;2844898.063;C;False; ; ;0; ; ; ; ; ; 
TRACK;1.5.4-7;-16.47279626;-71.46964879;-1950595.908;2844913.334;C;False; ; ;0; ; ; ; ; ; 
TRACK;1.5.4-7;-16.47279283;-71.46943189;-1950598.259;2844937.968;C;False; ; ;0; ; ; ; ; ; 
TRACK;1.5.4-7;-16.47273983;-71.46924268;-1950594.433;2844960.117;C;False; ; ;0; ; ; ; ; ; 
TRACK;1.5.4-7;-16.47268281;-71.4690851;-1950589.734;2844978.732;C;False; ; ;0; ; ; ; ; ; 
TRACK;1.5.4-7;-16.47270981;-71.46898127;-1950594.224;2844990.148;C;False; ; ;0; ; ; ; ; ; 
TRACK;1.5.4-7;-16.47276756;-71.46886303;-1950602.51;2845002.794;C;False; ; ;0; ; ; ; ; ; 
TRACK;1.5.4-7;-16.4727907;-71.46874416;-1950606.738;2845015.967;C;False; ; ;0; ; ; ; ; ; 
TRACK;1.5.4-7;-16.47279451;-71.46862425;-1950608.708;2845029.511;C;False; ; ;0; ; ; ; ; ; 
TRACK;1.5.4-7;-16.47284008;-71.46851036;-1950615.508;2845041.823;C;False; ; ;0; ; ; ; ; ; 
TRACK;1.5.4-7;-16.47287414;-71.46844817;-1950620.299;2845048.425;C;False; ; ;0; ; ; ; ; ; 
TRACK;1.5.4-7;-16.47303667;-71.46846812;-1950639.144;2845044.026;C;False; ; ;0; ; ; ; ; ; 
TRACK;1.5.4-7;-16.4729591;-71.46818046;-1950633.681;2845077.658;C;False; ; ;0; ; ; ; ; ; 
TRACK;1.5.4-7;-16.47286282;-71.46800946;-1950624.539;2845098.313;C;False; ; ;0; ; ; ; ; ; 
TRACK;1.5.4-7;-16.47282518;-71.46797676;-1950620.531;2845102.514;C;False; ; ;0; ; ; ; ; ; 
TRACK;1.5.4-7;-16.47270397;-71.46800512;-1950605.93;2845100.895;C;False; ; ;0; ; ; ; ; ; 
TRACK;1.5.4-7;-16.47261413;-71.46801918;-1950595.195;2845100.482;C;False; ; ;0; ; ; ; ; ; 
TRACK;1.5.4-7;-16.47253487;-71.46803436;-1950585.69;2845099.804;C;False; ; ;0; ; ; ; ; ; 
TRACK;1.5.4-7;-16.47247082;-71.46804266;-1950578.059;2845099.705;C;False; ; ;0; ; ; ; ; ; 
TRACK;1.5.4-7;-16.47245739;-71.46834997;-1950572.579;2845065.042;C;False; ; ;0; ; ; ; ; ; 
TRACK;1.5.4-7;-16.47242471;-71.46869519;-1950564.357;2845026.333;C;False; ; ;0; ; ; ; ; ; 
TRACK;1.5.4-7;-16.47241657;-71.4690063;-1950559.451;2844991.169;C;False; ; ;0; ; ; ; ; ; 
TRACK;1.5.4-7;-16.47241272;-71.46931304;-1950555.106;2844956.443;C;False; ; ;0; ; ; ; ; ; 
TRACK;1.5.4-7;-16.47241271;-71.46946471;-1950553.18;2844939.249;C;False; ; ;0; ; ; ; ; ; 
TRACK;1.5.4-7;-16.47240575;-71.46962173;-1950550.368;2844921.538;C;False; ; ;0; ; ; ; ; ; 
TRACK;1.5.4-7;-16.47226679;-71.469968;-1950529.646;2844884.109;C;False; ; ;0; ; ; ; ; ; 
TRACK;1.5.4-8; ; ;-1.516416327;20763369.87;C; ; ; ; ; ; ; ; ; ; 
TRACK;1.5.4-8;-16.47216454;-71.4691619;-1950527.864;2844976.844;C;False; ; ;0; ; ; ; ; ; 
TRACK;1.5.4-8;-16.47234966;-71.46918846;-1950549.278;2844971.397;C;False; ; ;0; ; ; ; ; ; 
TRACK;1.5.4-8;-16.47236114;-71.46875071;-1950556.183;2845020.875;C;False; ; ;0; ; ; ; ; ; 
TRACK;1.5.4-8;-16.47219136;-71.46874611;-1950536.293;2845023.63;C;False; ; ;0; ; ; ; ; ; 
TRACK;1.5.4-8;-16.47208645;-71.4686928;-1950524.644;2845031.055;C;False; ; ;0; ; ; ; ; ; 
TRACK;1.5.4-8;-16.47202887;-71.46874541;-1950517.21;2845025.848;C;False; ; ;0; ; ; ; ; ; 
TRACK;1.5.4-8;-16.47191819;-71.46899542;-1950501.031;2844998.959;C;False; ; ;0; ; ; ; ; ; 
TRACK;1.5.4-8;-16.47211943;-71.46909053;-1950523.47;2844985.529;C;False; ; ;0; ; ; ; ; ; 
TRACK;1.5.4-9; ; ;-1.516416327;20763369.87;C; ; ; ; ; ; ; ; ; ; 
TRACK;1.5.4-9;-16.47193752;-71.46934229;-1950498.9;2844959.379;C;False; ; ;0; ; ; ; ; ; 
TRACK;1.5.4-9;-16.47199283;-71.46949542;-1950503.455;2844941.291;C;False; ; ;0; ; ; ; ; ; 
TRACK;1.5.4-9;-16.47205124;-71.46961475;-1950508.804;2844926.993;C;False; ; ;0; ; ; ; ; ; 
TRACK;1.5.4-9;-16.47215155;-71.46977982;-1950518.495;2844906.96;C;False; ; ;0; ; ; ; ; ; 
TRACK;1.5.4-9;-16.47223877;-71.46989219;-1950527.316;2844893.073;C;False; ; ;0; ; ; ; ; ; 
TRACK;1.5.4-9;-16.47233591;-71.46972007;-1950540.914;2844911.308;C;False; ; ;0; ; ; ; ; ; 
TRACK;1.5.4-9;-16.47236025;-71.46961374;-1950545.124;2844923.043;C;False; ; ;0; ; ; ; ; ; 
TRACK;1.5.4-9;-16.47235031;-71.46921492;-1950549.019;2844968.389;C;False; ; ;0; ; ; ; ; ; 
TRACK;1.5.4-9;-16.47215272;-71.46918616;-1950526.167;2844974.249;C;False; ; ;0; ; ; ; ; ; 
TRACK;1.5.4-9;-16.47209236;-71.46907934;-1950520.431;2844987.153;C;False; ; ;0; ; ; ; ; ; 
TRACK;1.5.4-9;-16.47196398;-71.46902648;-1950506.018;2844994.835;C;False; ; ;0; ; ; ; ; ; 
TRACK;1.5.4-9;-16.4719213;-71.46922996;-1950498.42;2844972.327;C;False; ; ;0; ; ; ; ; ; 
TRACK;1.5.4-10; ; ;-1.516416327;20763369.87;C; ; ; ; ; ; ; ; ; ; 
TRACK;1.5.4-10;-16.47206504;-71.47039412;-1950500.532;2844838.453;C;False; ; ;0; ; ; ; ; ; 
TRACK;1.5.4-10;-16.47220646;-71.46992664;-1950523.082;2844889.592;C;False; ; ;0; ; ; ; ; ; 
TRACK;1.5.4-10;-16.4721314;-71.4698403;-1950515.359;2844900.368;C;False; ; ;0; ; ; ; ; ; 
TRACK;1.5.4-10;-16.47203308;-71.46967197;-1950505.943;2844920.746;C;False; ; ;0; ; ; ; ; ; 
TRACK;1.5.4-10;-16.4719684;-71.46952634;-1950500.192;2844938.106;C;False; ; ;0; ; ; ; ; ; 
TRACK;1.5.4-10;-16.47191684;-71.46938098;-1950495.98;2844955.265;C;False; ; ;0; ; ; ; ; ; 
TRACK;1.5.4-10;-16.47181246;-71.46938911;-1950483.612;2844955.716;C;False; ; ;0; ; ; ; ; ; 
TRACK;1.5.4-10;-16.47174097;-71.46938308;-1950475.289;2844957.34;C;False; ; ;0; ; ; ; ; ; 
TRACK;1.5.4-10;-16.47161059;-71.46932354;-1950460.725;2844965.806;C;False; ; ;0; ; ; ; ; ; 
TRACK;1.5.4-10;-16.47153772;-71.46929619;-1950452.51;2844969.864;C;False; ; ;0; ; ; ; ; ; 
TRACK;1.5.4-10;-16.47133209;-71.46927466;-1950428.622;2844975.011;C;False; ; ;0; ; ; ; ; ; 
TRACK;1.5.4-10;-16.47125168;-71.46972603;-1950413.445;2844924.895;C;False; ; ;0; ; ; ; ; ; 
TRACK;1.5.4-10;-16.47143842;-71.46971867;-1950435.48;2844923.273;C;False; ; ;0; ; ; ; ; ; 
TRACK;1.5.4-10;-16.471472;-71.46984217;-1950437.858;2844908.83;C;False; ; ;0; ; ; ; ; ; 
TRACK;1.5.4-10;-16.4717427;-71.46976439;-1950470.652;2844914.087;C;False; ; ;0; ; ; ; ; ; 
TRACK;1.5.4-10;-16.47179052;-71.46991363;-1950474.376;2844896.538;C;False; ; ;0; ; ; ; ; ; 
TRACK;1.5.4-10;-16.47185938;-71.47007777;-1950480.384;2844877.024;C;False; ; ;0; ; ; ; ; ; 
TRACK;1.5.4-10;-16.47202708;-71.47038729;-1950496.159;2844839.727;C;False; ; ;0; ; ; ; ; ; 
TRACK;1.5.4-11; ; ;-1.516416327;20763369.87;C; ; ; ; ; ; ; ; ; ; 
TRACK;1.5.4-11;-16.47089062;-71.47422645;-1950313.91;2844419.425;C;False; ; ;0; ; ; ; ; ; 
TRACK;1.5.4-11;-16.47099148;-71.47405799;-1950327.897;2844437.197;C;False; ; ;0; ; ; ; ; ; 
TRACK;1.5.4-11;-16.47134295;-71.473555;-1950375.575;2844489.599;C;False; ; ;0; ; ; ; ; ; 
TRACK;1.5.4-11;-16.471091;-71.473425;-1950347.623;2844507.651;C;False; ; ;0; ; ; ; ; ; 
TRACK;1.5.4-11;-16.47122008;-71.47322571;-1950365.317;2844528.546;C;False; ; ;0; ; ; ; ; ; 
TRACK;1.5.4-11;-16.47141593;-71.47302351;-1950390.895;2844548.894;C;False; ; ;0; ; ; ; ; ; 
TRACK;1.5.4-11;-16.47152284;-71.47281044;-1950406.16;2844571.644;C;False; ; ;0; ; ; ; ; ; 
TRACK;1.5.4-11;-16.47179921;-71.47232018;-1950444.854;2844623.59;C;False; ; ;0; ; ; ; ; ; 
TRACK;1.5.4-11;-16.47133851;-71.47220389;-1950392.2;2844642.834;C;False; ; ;0; ; ; ; ; ; 
TRACK;1.5.4-11;-16.47125643;-71.47192627;-1950386.079;2844675.387;C;False; ; ;0; ; ; ; ; ; 
TRACK;1.5.4-11;-16.4713739;-71.47172083;-1950402.488;2844697.133;C;False; ; ;0; ; ; ; ; ; 
TRACK;1.5.4-11;-16.47143797;-71.47148972;-1950412.95;2844722.492;C;False; ; ;0; ; ; ; ; ; 
TRACK;1.5.4-11;-16.47172712;-71.47117074;-1950450.971;2844754.852;C;False; ; ;0; ; ; ; ; ; 
TRACK;1.5.4-11;-16.4718452;-71.47123104;-1950464.08;2844746.462;C;False; ; ;0; ; ; ; ; ; 
TRACK;1.5.4-11;-16.47202492;-71.47127795;-1950484.601;2844738.78;C;False; ; ;0; ; ; ; ; ; 
TRACK;1.5.4-11;-16.47225457;-71.47124487;-1950512.004;2844739.509;C;False; ; ;0; ; ; ; ; ; 
TRACK;1.5.4-11;-16.47222242;-71.47105321;-1950510.659;2844761.661;C;False; ; ;0; ; ; ; ; ; 
TRACK;1.5.4-11;-16.47222725;-71.47081743;-1950514.219;2844788.328;C;False; ; ;0; ; ; ; ; ; 
TRACK;1.5.4-11;-16.47220478;-71.47062565;-1950514.012;2844810.366;C;False; ; ;0; ; ; ; ; ; 
TRACK;1.5.4-11;-16.47215629;-71.47053808;-1950509.426;2844820.933;C;False; ; ;0; ; ; ; ; ; 
TRACK;1.5.4-11;-16.47225011;-71.4702331;-1950524.322;2844854.273;C;False; ; ;0; ; ; ; ; ; 
TRACK;1.5.4-11;-16.47246727;-71.47025197;-1950549.597;2844849.278;C;False; ; ;0; ; ; ; ; ; 
TRACK;1.5.4-11;-16.47244575;-71.47015238;-1950548.333;2844860.852;C;False; ; ;0; ; ; ; ; ; 
TRACK;1.5.4-11;-16.47239621;-71.47011671;-1950542.965;2844865.548;C;False; ; ;0; ; ; ; ; ; 
TRACK;1.5.4-11;-16.47224589;-71.47001999;-1950526.531;2844878.49;C;False; ; ;0; ; ; ; ; ; 
TRACK;1.5.4-11;-16.47219935;-71.47020874;-1950518.666;2844857.704;C;False; ; ;0; ; ; ; ; ; 
TRACK;1.5.4-11;-16.47214107;-71.470386;-1950509.568;2844838.374;C;False; ; ;0; ; ; ; ; ; 
TRACK;1.5.4-11;-16.47206081;-71.47052699;-1950498.349;2844823.445;C;False; ; ;0; ; ; ; ; ; 
TRACK;1.5.4-11;-16.47193715;-71.47069152;-1950481.731;2844806.419;C;False; ; ;0; ; ; ; ; ; 
TRACK;1.5.4-11;-16.47182336;-71.47087519;-1950466.031;2844787.092;C;False; ; ;0; ; ; ; ; ; 
TRACK;1.5.4-11;-16.47165072;-71.47112724;-1950442.547;2844760.788;C;False; ; ;0; ; ; ; ; ; 
TRACK;1.5.4-11;-16.47140073;-71.47147513;-1950408.759;2844724.635;C;False; ; ;0; ; ; ; ; ; 
TRACK;1.5.4-11;-16.47132383;-71.47167489;-1950397.189;2844703;C;False; ; ;0; ; ; ; ; ; 
TRACK;1.5.4-11;-16.47121207;-71.4718682;-1950381.604;2844682.554;C;False; ; ;0; ; ; ; ; ; 
TRACK;1.5.4-11;-16.47103892;-71.47215768;-1950357.585;2844652.012;C;False; ; ;0; ; ; ; ; ; 
TRACK;1.5.4-11;-16.4710368;-71.47226539;-1950355.97;2844639.829;C;False; ; ;0; ; ; ; ; ; 
TRACK;1.5.4-11;-16.47100674;-71.47260223;-1950348.163;2844602.036;C;False; ; ;0; ; ; ; ; ; 
TRACK;1.5.4-11;-16.47093436;-71.47312846;-1950332.981;2844543.33;C;False; ; ;0; ; ; ; ; ; 
TRACK;1.5.4-11;-16.47083349;-71.4735339;-1950315.984;2844498.691;C;False; ; ;0; ; ; ; ; ; 
TRACK;1.5.4-11;-16.47071432;-71.47398794;-1950296.222;2844448.783;C;False; ; ;0; ; ; ; ; ; 
TRACK;1.5.4-11;-16.47064746;-71.47423187;-1950285.271;2844422.008;C;False; ; ;0; ; ; ; ; ; 
TRACK;1.5.4-11;-16.47065267;-71.47442302;-1950283.457;2844400.269;C;False; ; ;0; ; ; ; ; ; 
TRACK;1.5.4-11;-16.47065716;-71.4745887;-1950281.882;2844381.427;C;False; ; ;0; ; ; ; ; ; 
TRACK;1.5.4-11;-16.47061208;-71.47476396;-1950274.363;2844362.15;C;False; ; ;0; ; ; ; ; ; 
TRACK;1.5.4-11;-16.4705605;-71.47493799;-1950266.094;2844343.099;C;False; ; ;0; ; ; ; ; ; 
TRACK;1.5.4-11;-16.47054684;-71.4750612;-1950262.926;2844329.31;C;False; ; ;0; ; ; ; ; ; 
TRACK;1.5.4-11;-16.47048574;-71.47552635;-1950249.845;2844277.38;C;False; ; ;0; ; ; ; ; ; 
TRACK;1.5.4-11;-16.47043994;-71.47572632;-1950241.927;2844255.311;C;False; ; ;0; ; ; ; ; ; 
TRACK;1.5.4-11;-16.47032504;-71.47597161;-1950225.315;2844229.014;C;False; ; ;0; ; ; ; ; ; 
TRACK;1.5.4-11;-16.47025365;-71.47613694;-1950214.83;2844211.209;C;False; ; ;0; ; ; ; ; ; 
TRACK;1.5.4-11;-16.47023334;-71.47624569;-1950211.063;2844199.147;C;False; ; ;0; ; ; ; ; ; 
TRACK;1.5.4-11;-16.47024442;-71.47645693;-1950209.685;2844175.054;C;False; ; ;0; ; ; ; ; ; 
TRACK;1.5.4-11;-16.47026301;-71.47654629;-1950210.736;2844164.678;C;False; ; ;0; ; ; ; ; ; 
TRACK;1.5.4-11;-16.47028109;-71.47669323;-1950210.997;2844147.782;C;False; ; ;0; ; ; ; ; ; 
TRACK;1.5.4-11;-16.47025256;-71.47687596;-1950205.326;2844127.442;C;False; ; ;0; ; ; ; ; ; 
TRACK;1.5.4-11;-16.47013557;-71.47706259;-1950189.213;2844107.821;C;False; ; ;0; ; ; ; ; ; 
TRACK;1.5.4-11;-16.46993133;-71.47736683;-1950161.356;2844076.016;C;False; ; ;0; ; ; ; ; ; 
TRACK;1.5.4-11;-16.46973943;-71.47772667;-1950134.245;2844037.744;C;False; ; ;0; ; ; ; ; ; 
TRACK;1.5.4-11;-16.46998994;-71.47792001;-1950161.225;2844012.532;C;False; ; ;0; ; ; ; ; ; 
TRACK;1.5.4-11;-16.47009286;-71.47804672;-1950171.709;2843996.814;C;False; ; ;0; ; ; ; ; ; 
TRACK;1.5.4-11;-16.47048032;-71.47852205;-1950211.203;2843937.832;C;False; ; ;0; ; ; ; ; ; 
TRACK;1.5.4-11;-16.47055004;-71.47867185;-1950217.494;2843919.933;C;False; ; ;0; ; ; ; ; ; 
TRACK;1.5.4-11;-16.47069468;-71.47871399;-1950233.953;2843913.254;C;False; ; ;0; ; ; ; ; ; 
TRACK;1.5.4-11;-16.4707515;-71.47851161;-1950243.197;2843935.451;C;False; ; ;0; ; ; ; ; ; 
TRACK;1.5.4-11;-16.47065516;-71.47846281;-1950232.496;2843942.25;C;False; ; ;0; ; ; ; ; ; 
TRACK;1.5.4-11;-16.47053741;-71.47848723;-1950218.352;2843941.029;C;False; ; ;0; ; ; ; ; ; 
TRACK;1.5.4-11;-16.47020684;-71.47808632;-1950184.599;2843990.825;C;False; ; ;0; ; ; ; ; ; 
TRACK;1.5.4-11;-16.47006534;-71.47789046;-1950170.459;2844014.89;C;False; ; ;0; ; ; ; ; ; 
TRACK;1.5.4-11;-16.47016019;-71.47773407;-1950183.587;2844031.373;C;False; ; ;0; ; ; ; ; ; 
TRACK;1.5.4-11;-16.47032007;-71.47761161;-1950203.925;2844043.154;C;False; ; ;0; ; ; ; ; ; 
TRACK;1.5.4-11;-16.47023907;-71.47716531;-1950200.07;2844094.815;C;False; ; ;0; ; ; ; ; ; 
TRACK;1.5.4-11;-16.47021923;-71.47711395;-1950198.39;2844100.899;C;False; ; ;0; ; ; ; ; ; 
TRACK;1.5.4-11;-16.47031648;-71.47687766;-1950212.814;2844126.407;C;False; ; ;0; ; ; ; ; ; 
TRACK;1.5.4-11;-16.47087995;-71.4766134;-1950282.37;2844148.959;C;False; ; ;0; ; ; ; ; ; 
TRACK;1.5.4-11;-16.47083917;-71.47632909;-1950281.186;2844181.726;C;False; ; ;0; ; ; ; ; ; 
TRACK;1.5.4-11;-16.47076159;-71.47609553;-1950275.034;2844209.225;C;False; ; ;0; ; ; ; ; ; 
TRACK;1.5.4-11;-16.47101697;-71.47590388;-1950307.471;2844227.594;C;False; ; ;0; ; ; ; ; ; 
TRACK;1.5.4-11;-16.47079947;-71.47565684;-1950285.051;2844258.461;C;False; ; ;0; ; ; ; ; ; 
TRACK;1.5.4-11;-16.47071749;-71.4751627;-1950281.689;2844315.558;C;False; ; ;0; ; ; ; ; ; 
TRACK;1.5.4-11;-16.47081683;-71.47503619;-1950294.965;2844328.595;C;False; ; ;0; ; ; ; ; ; 
TRACK;1.5.4-11;-16.47068028;-71.47473784;-1950282.708;2844364.215;C;False; ; ;0; ; ; ; ; ; 
TRACK;1.5.4-11;-16.47073242;-71.47438222;-1950293.345;2844403.845;C;False; ; ;0; ; ; ; ; ; 
TRACK;1.5.4-11;-16.47081688;-71.47443383;-1950302.614;2844396.884;C;False; ; ;0; ; ; ; ; ; 
TRACK;1.5.4-12; ; ;-1.516416327;20763369.87;C; ; ; ; ; ; ; ; ; ; 
TRACK;1.5.4-12;-16.47099264;-71.47082106;-1950369.112;2844804.157;C;False; ; ;0; ; ; ; ; ; 
TRACK;1.5.4-12;-16.4710851;-71.4708174;-1950380.021;2844803.355;C;False; ; ;0; ; ; ; ; ; 
TRACK;1.5.4-12;-16.47130757;-71.47079475;-1950406.448;2844802.996;C;False; ; ;0; ; ; ; ; ; 
TRACK;1.5.4-12;-16.47163991;-71.47082983;-1950445.052;2844794.649;C;False; ; ;0; ; ; ; ; ; 
TRACK;1.5.4-12;-16.4716341;-71.47094804;-1950442.868;2844781.323;C;False; ; ;0; ; ; ; ; ; 
TRACK;1.5.4-12;-16.47146711;-71.47117533;-1950420.363;2844757.752;C;False; ; ;0; ; ; ; ; ; 
TRACK;1.5.4-12;-16.47126124;-71.47147028;-1950392.431;2844727.02;C;False; ; ;0; ; ; ; ; ; 
TRACK;1.5.4-12;-16.4704393;-71.47116589;-1950299.72;2844772.34;C;False; ; ;0; ; ; ; ; ; 
TRACK;1.5.4-12;-16.47031629;-71.4716008;-1950279.748;2844724.651;C;False; ; ;0; ; ; ; ; ; 
TRACK;1.5.4-12;-16.47079609;-71.47177945;-1950333.854;2844698.087;C;False; ; ;0; ; ; ; ; ; 
TRACK;1.5.4-12;-16.47080561;-71.47215313;-1950330.23;2844655.597;C;False; ; ;0; ; ; ; ; ; 
TRACK;1.5.4-12;-16.47061302;-71.47212642;-1950307.942;2844661.159;C;False; ; ;0; ; ; ; ; ; 
TRACK;1.5.4-12;-16.470585;-71.47226554;-1950302.884;2844645.754;C;False; ; ;0; ; ; ; ; ; 
TRACK;1.5.4-12;-16.47072467;-71.47234283;-1950318.314;2844635.155;C;False; ; ;0; ; ; ; ; ; 
TRACK;1.5.4-12;-16.47068158;-71.47258985;-1950310.116;2844607.716;C;False; ; ;0; ; ; ; ; ; 
TRACK;1.5.4-12;-16.47047325;-71.47254705;-1950286.181;2844615.309;C;False; ; ;0; ; ; ; ; ; 
TRACK;1.5.4-12;-16.47042885;-71.47274039;-1950278.512;2844593.974;C;False; ; ;0; ; ; ; ; ; 
TRACK;1.5.4-12;-16.47014639;-71.47265088;-1950246.46;2844607.836;C;False; ; ;0; ; ; ; ; ; 
TRACK;1.5.4-12;-16.47006244;-71.47285173;-1950234.048;2844586.169;C;False; ; ;0; ; ; ; ; ; 
TRACK;1.5.4-12;-16.47011613;-71.47299774;-1950238.503;2844568.91;C;False; ; ;0; ; ; ; ; ; 
TRACK;1.5.4-12;-16.47038466;-71.47299295;-1950270.114;2844565.921;C;False; ; ;0; ; ; ; ; ; 
TRACK;1.5.4-12;-16.4703891;-71.47342314;-1950265.177;2844517.092;C;False; ; ;0; ; ; ; ; ; 
TRACK;1.5.4-12;-16.46990233;-71.47339007;-1950208.404;2844527.242;C;False; ; ;0; ; ; ; ; ; 
TRACK;1.5.4-12;-16.46989214;-71.47361104;-1950204.403;2844502.325;C;False; ; ;0; ; ; ; ; ; 
TRACK;1.5.4-12;-16.47009224;-71.47397087;-1950223.348;2844458.9;C;False; ; ;0; ; ; ; ; ; 
TRACK;1.5.4-12;-16.47006045;-71.47422234;-1950216.422;2844430.808;C;False; ; ;0; ; ; ; ; ; 
TRACK;1.5.4-12;-16.47052052;-71.47426368;-1950269.953;2844420.071;C;False; ; ;0; ; ; ; ; ; 
TRACK;1.5.4-12;-16.47047108;-71.47457151;-1950260.238;2844385.823;C;False; ; ;0; ; ; ; ; ; 
TRACK;1.5.4-12;-16.47040008;-71.47458072;-1950251.779;2844385.712;C;False; ; ;0; ; ; ; ; ; 
TRACK;1.5.4-12;-16.47033962;-71.47496714;-1950239.772;2844342.698;C;False; ; ;0; ; ; ; ; ; 
TRACK;1.5.4-12;-16.47036142;-71.47527898;-1950238.377;2844307.058;C;False; ; ;0; ; ; ; ; ; 
TRACK;1.5.4-12;-16.47024451;-71.47531546;-1950224.179;2844304.46;C;False; ; ;0; ; ; ; ; ; 
TRACK;1.5.4-12;-16.46994147;-71.47526356;-1950189.231;2844314.329;C;False; ; ;0; ; ; ; ; ; 
TRACK;1.5.4-12;-16.46991545;-71.47562439;-1950181.597;2844273.764;C;False; ; ;0; ; ; ; ; ; 
TRACK;1.5.4-12;-16.47029984;-71.47568541;-1950225.986;2844261.791;C;False; ; ;0; ; ; ; ; ; 
TRACK;1.5.4-12;-16.47015571;-71.47603982;-1950204.555;2844223.507;C;False; ; ;0; ; ; ; ; ; 
TRACK;1.5.4-12;-16.46988747;-71.47601038;-1950173.412;2844230.372;C;False; ; ;0; ; ; ; ; ; 
TRACK;1.5.4-12;-16.46987959;-71.47647635;-1950166.575;2844177.648;C;False; ; ;0; ; ; ; ; ; 
TRACK;1.5.4-12;-16.47016363;-71.47652911;-1950199.278;2844167.932;C;False; ; ;0; ; ; ; ; ; 
TRACK;1.5.4-12;-16.46990239;-71.47720826;-1950159.968;2844094.373;C;False; ; ;0; ; ; ; ; ; 
TRACK;1.5.4-12;-16.46966244;-71.47760791;-1950126.706;2844052.22;C;False; ; ;0; ; ; ; ; ; 
TRACK;1.5.4-12;-16.46944992;-71.47743996;-1950103.868;2844074.054;C;False; ; ;0; ; ; ; ; ; 
TRACK;1.5.4-12;-16.46923551;-71.47722032;-1950081.462;2844101.773;C;False; ; ;0; ; ; ; ; ; 
TRACK;1.5.4-12;-16.46910236;-71.47706193;-1950067.828;2844121.48;C;False; ; ;0; ; ; ; ; ; 
TRACK;1.5.4-12;-16.468955;-71.47694994;-1950051.935;2844136.114;C;False; ; ;0; ; ; ; ; ; 
TRACK;1.5.4-12;-16.46892679;-71.47705187;-1950047.327;2844124.929;C;False; ; ;0; ; ; ; ; ; 
TRACK;1.5.4-12;-16.46894569;-71.47715552;-1950048.233;2844112.93;C;False; ; ;0; ; ; ; ; ; 
TRACK;1.5.4-12;-16.46904493;-71.47725092;-1950058.682;2844100.81;C;False; ; ;0; ; ; ; ; ; 
TRACK;1.5.4-12;-16.46915883;-71.47732425;-1950071.135;2844090.998;C;False; ; ;0; ; ; ; ; ; 
TRACK;1.5.4-12;-16.46930798;-71.47743658;-1950087.233;2844076.303;C;False; ; ;0; ; ; ; ; ; 
TRACK;1.5.4-12;-16.4694457;-71.47754196;-1950102.077;2844062.545;C;False; ; ;0; ; ; ; ; ; 
TRACK;1.5.4-12;-16.46968892;-71.4777088;-1950128.538;2844040.434;C;False; ; ;0; ; ; ; ; ; 
TRACK;1.5.4-12;-16.47018474;-71.4768642;-1950197.506;2844129.666;C;False; ; ;0; ; ; ; ; ; 
TRACK;1.5.4-12;-16.47018153;-71.47622951;-1950205.182;2844201.662;C;False; ; ;0; ; ; ; ; ; 
TRACK;1.5.4-12;-16.47019451;-71.47605702;-1950208.895;2844221.047;C;False; ; ;0; ; ; ; ; ; 
TRACK;1.5.4-12;-16.47037134;-71.47567152;-1950234.562;2844262.426;C;False; ; ;0; ; ; ; ; ; 
TRACK;1.5.4-12;-16.47039462;-71.47554486;-1950238.904;2844276.479;C;False; ; ;0; ; ; ; ; ; 
TRACK;1.5.4-12;-16.47046078;-71.47508706;-1950252.486;2844327.51;C;False; ; ;0; ; ; ; ; ; 
TRACK;1.5.4-12;-16.47052552;-71.4748379;-1950263.254;2844354.906;C;False; ; ;0; ; ; ; ; ; 
TRACK;1.5.4-12;-16.47057452;-71.47457403;-1950272.36;2844384.176;C;False; ; ;0; ; ; ; ; ; 
TRACK;1.5.4-12;-16.47060637;-71.47411934;-1950281.871;2844435.306;C;False; ; ;0; ; ; ; ; ; 
TRACK;1.5.4-12;-16.47065458;-71.47391714;-1950290.102;2844457.596;C;False; ; ;0; ; ; ; ; ; 
TRACK;1.5.4-12;-16.47073207;-71.47370852;-1950301.853;2844480.228;C;False; ; ;0; ; ; ; ; ; 
TRACK;1.5.4-12;-16.47079436;-71.4734413;-1950312.562;2844509.703;C;False; ; ;0; ; ; ; ; ; 
TRACK;1.5.4-12;-16.47085495;-71.47314156;-1950323.485;2844542.889;C;False; ; ;0; ; ; ; ; ; 
TRACK;1.5.4-12;-16.47090183;-71.4728497;-1950332.697;2844575.36;C;False; ; ;0; ; ; ; ; ; 
TRACK;1.5.4-12;-16.47093384;-71.47259698;-1950339.665;2844603.59;C;False; ; ;0; ; ; ; ; ; 
TRACK;1.5.4-12;-16.47097333;-71.47234945;-1950347.446;2844631.134;C;False; ; ;0; ; ; ; ; ; 
TRACK;1.5.4-12;-16.47099189;-71.47212229;-1950352.509;2844656.643;C;False; ; ;0; ; ; ; ; ; 
TRACK;1.5.4-12;-16.47102607;-71.47197061;-1950358.45;2844673.39;C;False; ; ;0; ; ; ; ; ; 
TRACK;1.5.4-12;-16.47112983;-71.47186521;-1950371.979;2844683.974;C;False; ; ;0; ; ; ; ; ; 
TRACK;1.5.4-12;-16.47124366;-71.47165925;-1950387.968;2844705.828;C;False; ; ;0; ; ; ; ; ; 
TRACK;1.5.4-12;-16.47130731;-71.47150407;-1950397.416;2844722.584;C;False; ; ;0; ; ; ; ; ; 
TRACK;1.5.4-12;-16.47136937;-71.47141118;-1950405.886;2844732.298;C;False; ; ;0; ; ; ; ; ; 
TRACK;1.5.4-12;-16.47151702;-71.47119474;-1950425.981;2844754.895;C;False; ; ;0; ; ; ; ; ; 
TRACK;1.5.4-12;-16.47168795;-71.47095889;-1950449.058;2844779.384;C;False; ; ;0; ; ; ; ; ; 
TRACK;1.5.4-12;-16.47180993;-71.47081574;-1950465.207;2844794.009;C;False; ; ;0; ; ; ; ; ; 
TRACK;1.5.4-12;-16.471925;-71.47064093;-1950480.945;2844812.314;C;False; ; ;0; ; ; ; ; ; 
TRACK;1.5.4-12;-16.4720606;-71.47043753;-1950499.459;2844833.59;C;False; ; ;0; ; ; ; ; ; 
TRACK;1.5.4-12;-16.47100811;-71.47042286;-1950375.983;2844849.098;C;False; ; ;0; ; ; ; ; ; 
TRACK;1.5.4-12;-16.47092605;-71.47072208;-1950362.544;2844816.254;C;False; ; ;0; ; ; ; ; ; 
TRACK;1.5.4-13; ; ;-1.516416327;20763369.87;C; ; ; ; ; ; ; ; ; ; 
TRACK;1.5.4-13;-16.46942426;-71.47802641;-1950093.413;2844007.906;C;False; ; ;0; ; ; ; ; ; 
TRACK;1.5.4-13;-16.46956431;-71.47790834;-1950111.365;2844019.45;C;False; ; ;0; ; ; ; ; ; 
TRACK;1.5.4-13;-16.46969171;-71.47774562;-1950128.398;2844036.223;C;False; ; ;0; ; ; ; ; ; 
TRACK;1.5.4-13;-16.46934853;-71.47751505;-1950091.003;2844066.874;C;False; ; ;0; ; ; ; ; ; 
TRACK;1.5.4-13;-16.46906512;-71.47732108;-1950060.165;2844092.59;C;False; ; ;0; ; ; ; ; ; 
TRACK;1.5.4-13;-16.46891286;-71.47732582;-1950042.215;2844094.054;C;False; ; ;0; ; ; ; ; ; 
TRACK;1.5.4-13;-16.4689102;-71.47760416;-1950038.372;2844062.534;C;False; ; ;0; ; ; ; ; ; 
TRACK;1.5.4-13;-16.46898626;-71.47779354;-1950044.906;2844040.065;C;False; ; ;0; ; ; ; ; ; 
TRACK;1.5.4-13;-16.46901557;-71.47800987;-1950045.606;2844015.154;C;False; ; ;0; ; ; ; ; ; 
TRACK;1.5.4-13;-16.46902353;-71.47812142;-1950045.125;2844002.403;C;False; ; ;0; ; ; ; ; ; 
TRACK;1.5.4-13;-16.46908597;-71.47812851;-1950052.372;2844000.778;C;False; ; ;0; ; ; ; ; ; 
TRACK;1.5.4-13;-16.46920152;-71.47808688;-1950066.476;2844003.979;C;False; ; ;0; ; ; ; ; ; 
TRACK;1.5.4-14; ; ;-1.516416327;20763369.87;C; ; ; ; ; ; ; ; ; ; 
TRACK;1.5.4-14;-16.46863875;-71.4808472;-1949965.345;2843698.444;C;False; ; ;0; ; ; ; ; ; 
TRACK;1.5.4-14;-16.46890159;-71.48085225;-1949996.162;2843694.416;C;False; ; ;0; ; ; ; ; ; 
TRACK;1.5.4-14;-16.46905906;-71.4807992;-1950015.336;2843698.361;C;False; ; ;0; ; ; ; ; ; 
TRACK;1.5.4-14;-16.46901716;-71.48053428;-1950013.772;2843728.945;C;False; ; ;0; ; ; ; ; ; 
TRACK;1.5.4-14;-16.46901912;-71.4802934;-1950017.058;2843756.227;C;False; ; ;0; ; ; ; ; ; 
TRACK;1.5.4-14;-16.46902846;-71.48004583;-1950021.296;2843784.171;C;False; ; ;0; ; ; ; ; ; 
TRACK;1.5.4-14;-16.4690295;-71.47988541;-1950023.452;2843802.343;C;False; ; ;0; ; ; ; ; ; 
TRACK;1.5.4-14;-16.46898526;-71.47963085;-1950021.483;2843831.784;C;False; ; ;0; ; ; ; ; ; 
TRACK;1.5.4-14;-16.4689051;-71.479334;-1950015.831;2843866.491;C;False; ; ;0; ; ; ; ; ; 
TRACK;1.5.4-14;-16.46888665;-71.47904623;-1950017.312;2843899.358;C;False; ; ;0; ; ; ; ; ; 
TRACK;1.5.4-14;-16.46891498;-71.4788216;-1950023.49;2843924.452;C;False; ; ;0; ; ; ; ; ; 
TRACK;1.5.4-14;-16.46891943;-71.47858103;-1950027.065;2843951.666;C;False; ; ;0; ; ; ; ; ; 
TRACK;1.5.4-14;-16.46896579;-71.47826669;-1950036.499;2843986.693;C;False; ; ;0; ; ; ; ; ; 
TRACK;1.5.4-14;-16.4689745;-71.4780061;-1950040.828;2844016.121;C;False; ; ;0; ; ; ; ; ; 
TRACK;1.5.4-14;-16.46896771;-71.47788929;-1950041.512;2844029.453;C;False; ; ;0; ; ; ; ; ; 
TRACK;1.5.4-14;-16.46892051;-71.47773544;-1950037.918;2844047.516;C;False; ; ;0; ; ; ; ; ; 
TRACK;1.5.4-14;-16.46886292;-71.47757504;-1950033.187;2844066.457;C;False; ; ;0; ; ; ; ; ; 
TRACK;1.5.4-14;-16.46885165;-71.47749355;-1950032.895;2844075.843;C;False; ; ;0; ; ; ; ; ; 
TRACK;1.5.4-14;-16.46885159;-71.47734038;-1950034.832;2844093.209;C;False; ; ;0; ; ; ; ; ; 
TRACK;1.5.4-14;-16.4688628;-71.47720033;-1950037.925;2844108.939;C;False; ; ;0; ; ; ; ; ; 
TRACK;1.5.4-14;-16.46889897;-71.47706083;-1950043.945;2844124.278;C;False; ; ;0; ; ; ; ; ; 
TRACK;1.5.4-14;-16.46890997;-71.47693488;-1950046.835;2844138.413;C;False; ; ;0; ; ; ; ; ; 
TRACK;1.5.4-14;-16.46893575;-71.47671052;-1950052.71;2844163.51;C;False; ; ;0; ; ; ; ; ; 
TRACK;1.5.4-14;-16.46890636;-71.47654229;-1950051.391;2844182.968;C;False; ; ;0; ; ; ; ; ; 
TRACK;1.5.4-14;-16.46886253;-71.47642133;-1950047.775;2844197.258;C;False; ; ;0; ; ; ; ; ; 
TRACK;1.5.4-14;-16.46861559;-71.47650669;-1950017.679;2844190.827;C;False; ; ;0; ; ; ; ; ; 
TRACK;1.5.4-14;-16.46863719;-71.47687359;-1950015.563;2844148.948;C;False; ; ;0; ; ; ; ; ; 
TRACK;1.5.4-14;-16.46831325;-71.47693361;-1949976.742;2844146.402;C;False; ; ;0; ; ; ; ; ; 
TRACK;1.5.4-14;-16.46825092;-71.47739826;-1949963.524;2844094.544;C;False; ; ;0; ; ; ; ; ; 
TRACK;1.5.4-14;-16.46869586;-71.47728691;-1950017.213;2844101.319;C;False; ; ;0; ; ; ; ; ; 
TRACK;1.5.4-14;-16.46873056;-71.47763409;-1950016.886;2844061.502;C;False; ; ;0; ; ; ; ; ; 
TRACK;1.5.4-14;-16.46866147;-71.47773541;-1950007.484;2844050.924;C;False; ; ;0; ; ; ; ; ; 
TRACK;1.5.4-14;-16.46866006;-71.47796522;-1950004.402;2844024.889;C;False; ; ;0; ; ; ; ; ; 
TRACK;1.5.4-14;-16.46866727;-71.4781286;-1950003.177;2844006.272;C;False; ; ;0; ; ; ; ; ; 
TRACK;1.5.4-14;-16.46874706;-71.47840732;-1950009.017;2843973.625;C;False; ; ;0; ; ; ; ; ; 
TRACK;1.5.4-14;-16.46891477;-71.47835106;-1950029.435;2843977.798;C;False; ; ;0; ; ; ; ; ; 
TRACK;1.5.4-14;-16.46887935;-71.47861401;-1950021.937;2843948.453;C;False; ; ;0; ; ; ; ; ; 
TRACK;1.5.4-14;-16.4686325;-71.47869495;-1949991.908;2843942.522;C;False; ; ;0; ; ; ; ; ; 
TRACK;1.5.4-14;-16.46867605;-71.4789387;-1949993.933;2843914.317;C;False; ; ;0; ; ; ; ; ; 
TRACK;1.5.4-14;-16.46885977;-71.47889874;-1950016.025;2843916.432;C;False; ; ;0; ; ; ; ; ; 
TRACK;1.5.4-14;-16.46884703;-71.47913389;-1950011.546;2843889.941;C;False; ; ;0; ; ; ; ; ; 
TRACK;1.5.4-14;-16.46885794;-71.47936317;-1950009.92;2843863.804;C;False; ; ;0; ; ; ; ; ; 
TRACK;1.5.4-14;-16.46863394;-71.47952451;-1949981.555;2843848.457;C;False; ; ;0; ; ; ; ; ; 
TRACK;1.5.4-14;-16.46858273;-71.47961561;-1949974.383;2843838.803;C;False; ; ;0; ; ; ; ; ; 
TRACK;1.5.4-14;-16.46867998;-71.479767;-1949983.889;2843820.362;C;False; ; ;0; ; ; ; ; ; 
TRACK;1.5.4-14;-16.46895378;-71.47966129;-1950017.399;2843828.747;C;False; ; ;0; ; ; ; ; ; 
TRACK;1.5.4-14;-16.46897251;-71.47973609;-1950018.651;2843820.02;C;False; ; ;0; ; ; ; ; ; 
TRACK;1.5.4-14;-16.46899844;-71.47989703;-1950019.656;2843801.434;C;False; ; ;0; ; ; ; ; ; 
TRACK;1.5.4-14;-16.46876402;-71.47994031;-1949991.565;2843799.609;C;False; ; ;0; ; ; ; ; ; 
TRACK;1.5.4-14;-16.46884025;-71.48036374;-1949995.151;2843750.604;C;False; ; ;0; ; ; ; ; ; 
TRACK;1.5.4-14;-16.46833035;-71.48043982;-1949934.278;2843748.68;C;False; ; ;0; ; ; ; ; ; 
TRACK;1.5.4-14;-16.46834756;-71.48084795;-1949931.124;2843702.186;C;False; ; ;0; ; ; ; ; ; 
TRACK;1.5.4-15; ; ;-1.516416327;20763369.87;C; ; ; ; ; ; ; ; ; ; 
TRACK;1.5.4-15;-16.46909921;-71.48205689;-1950004.102;2843555.252;C;False; ; ;0; ; ; ; ; ; 
TRACK;1.5.4-15;-16.46913614;-71.48130899;-1950017.926;2843639.554;C;False; ; ;0; ; ; ; ; ; 
TRACK;1.5.4-15;-16.46912945;-71.48106218;-1950020.27;2843667.622;C;False; ; ;0; ; ; ; ; ; 
TRACK;1.5.4-15;-16.4690927;-71.48094772;-1950017.404;2843681.081;C;False; ; ;0; ; ; ; ; ; 
TRACK;1.5.4-15;-16.46907062;-71.48080827;-1950016.578;2843697.181;C;False; ; ;0; ; ; ; ; ; 
TRACK;1.5.4-15;-16.46891515;-71.48087762;-1949997.433;2843691.362;C;False; ; ;0; ; ; ; ; ; 
TRACK;1.5.4-15;-16.46851733;-71.48087328;-1949950.749;2843697.083;C;False; ; ;0; ; ; ; ; ; 
TRACK;1.5.4-15;-16.46851897;-71.48099896;-1949949.347;2843682.814;C;False; ; ;0; ; ; ; ; ; 
TRACK;1.5.4-15;-16.4687453;-71.48105669;-1949975.206;2843673.294;C;False; ; ;0; ; ; ; ; ; 
TRACK;1.5.4-15;-16.46876235;-71.48134546;-1949973.547;2843640.333;C;False; ; ;0; ; ; ; ; ; 
TRACK;1.5.4-15;-16.46894415;-71.48130496;-1949995.42;2843642.534;C;False; ; ;0; ; ; ; ; ; 
TRACK;1.5.4-15;-16.46888821;-71.48205894;-1949979.286;2843557.794;C;False; ; ;0; ; ; ; ; ; 
TRACK;1.5.4-16; ; ;-1.516416327;20763369.87;C; ; ; ; ; ; ; ; ; ; 
TRACK;1.5.4-16;-16.4698937;-71.48199349;-1950098.249;2843551.998;C;False; ; ;0; ; ; ; ; ; 
TRACK;1.5.4-16;-16.47030501;-71.48198574;-1950146.671;2843547.47;C;False; ; ;0; ; ; ; ; ; 
TRACK;1.5.4-16;-16.47064002;-71.48197553;-1950186.161;2843544.223;C;False; ; ;0; ; ; ; ; ; 
TRACK;1.5.4-16;-16.47068295;-71.48123339;-1950200.617;2843627.792;C;False; ; ;0; ; ; ; ; ; 
TRACK;1.5.4-16;-16.47030438;-71.48124886;-1950155.944;2843631.015;C;False; ; ;0; ; ; ; ; ; 
TRACK;1.5.4-16;-16.46926676;-71.48129031;-1950033.509;2843639.955;C;False; ; ;0; ; ; ; ; ; 
TRACK;1.5.4-16;-16.46922267;-71.48088942;-1950033.413;2843685.982;C;False; ; ;0; ; ; ; ; ; 
TRACK;1.5.4-16;-16.46919065;-71.48066515;-1950032.496;2843711.828;C;False; ; ;0; ; ; ; ; ; 
TRACK;1.5.4-16;-16.46915603;-71.4803074;-1950032.966;2843752.84;C;False; ; ;0; ; ; ; ; ; 
TRACK;1.5.4-16;-16.46938073;-71.48030427;-1950059.405;2843750.242;C;False; ; ;0; ; ; ; ; ; 
TRACK;1.5.4-16;-16.46938462;-71.48001522;-1950063.529;2843782.959;C;False; ; ;0; ; ; ; ; ; 
TRACK;1.5.4-16;-16.46923271;-71.47921858;-1950055.785;2843875.27;C;False; ; ;0; ; ; ; ; ; 
TRACK;1.5.4-16;-16.46898015;-71.47928002;-1950025.332;2843871.624;C;False; ; ;0; ; ; ; ; ; 
TRACK;1.5.4-16;-16.46908611;-71.48010854;-1950027.274;2843776.304;C;False; ; ;0; ; ; ; ; ; 
TRACK;1.5.4-16;-16.46910134;-71.4803853;-1950025.552;2843744.728;C;False; ; ;0; ; ; ; ; ; 
TRACK;1.5.4-16;-16.46911741;-71.48065837;-1950023.977;2843713.56;C;False; ; ;0; ; ; ; ; ; 
TRACK;1.5.4-16;-16.46914996;-71.48088859;-1950024.881;2843687.032;C;False; ; ;0; ; ; ; ; ; 
TRACK;1.5.4-16;-16.46917192;-71.48128123;-1950022.482;2843642.231;C;False; ; ;0; ; ; ; ; ; 
TRACK;1.5.4-16;-16.46915764;-71.48162948;-1950016.388;2843602.939;C;False; ; ;0; ; ; ; ; ; 
TRACK;1.5.4-16;-16.46915906;-71.48204381;-1950011.3;2843555.948;C;False; ; ;0; ; ; ; ; ; 
TRACK;1.5.4-16;-16.46967376;-71.48200639;-1950072.245;2843553.426;C;False; ; ;0; ; ; ; ; ; 
TRACK;1.5.4-17; ; ;-1.516416327;20763369.87;C; ; ; ; ; ; ; ; ; ; 
TRACK;1.5.4-17;-16.46910131;-71.47820705;-1950053.178;2843991.673;C;False; ; ;0; ; ; ; ; ; 
TRACK;1.5.4-17;-16.46906828;-71.47823393;-1950048.956;2843989.059;C;False; ; ;0; ; ; ; ; ; 
TRACK;1.5.4-17;-16.46902965;-71.47839388;-1950042.388;2843971.434;C;False; ; ;0; ; ; ; ; ; 
TRACK;1.5.4-17;-16.4689825;-71.47863323;-1950033.813;2843944.919;C;False; ; ;0; ; ; ; ; ; 
TRACK;1.5.4-17;-16.46931168;-71.47862979;-1950072.532;2843940.982;C;False; ; ;0; ; ; ; ; ; 
TRACK;1.5.4-18; ; ;-1.516416327;20763369.87;C; ; ; ; ; ; ; ; ; ; 
TRACK;1.5.4-18;-16.47174917;-71.47407377;-1950416.72;2844425.443;C;False; ; ;0; ; ; ; ; ; 
TRACK;1.5.4-18;-16.4719932;-71.47405259;-1950445.661;2844424.636;C;False; ; ;0; ; ; ; ; ; 
TRACK;1.5.4-18;-16.4720384;-71.47401193;-1950451.488;2844428.65;C;False; ; ;0; ; ; ; ; ; 
TRACK;1.5.4-18;-16.47186532;-71.47380899;-1950433.728;2844453.934;C;False; ; ;0; ; ; ; ; ; 
TRACK;1.5.4-18;-16.47168023;-71.47394931;-1950410.2;2844440.46;C;False; ; ;0; ; ; ; ; ; 
TRACK;1.5.4-18;-16.47153919;-71.47411714;-1950391.5;2844423.288;C;False; ; ;0; ; ; ; ; ; 
TRACK;1.5.4-18;-16.47164342;-71.47419462;-1950402.762;2844413.134;C;False; ; ;0; ; ; ; ; ; 
TRACK;1.5.5-1; ; ;-1.516416327;20763369.87;C; ; ; ; ; ; ; ; ; ; 
TRACK;1.5.5-1;-16.47267055;-71.47907623;-1950461.504;2843846.21;C;False; ; ;0; ; ; ; ; ; 
TRACK;1.5.5-1;-16.47283752;-71.47887058;-1950483.73;2843867.328;C;False; ; ;0; ; ; ; ; ; 
TRACK;1.5.5-1;-16.47272859;-71.47863308;-1950473.944;2843895.685;C;False; ; ;0; ; ; ; ; ; 
TRACK;1.5.5-1;-16.47256139;-71.47884433;-1950451.62;2843873.935;C;False; ; ;0; ; ; ; ; ; 
TRACK;1.5.5-1;-16.47260889;-71.47899217;-1950455.325;2843856.55;C;False; ; ;0; ; ; ; ; ; 
TRACK;1.5.5-1;-16.47247728;-71.47907687;-1950438.787;2843848.68;C;False; ; ;0; ; ; ; ; ; 
TRACK;1.5.5-1;-16.4724438;-71.47899253;-1950435.924;2843858.68;C;False; ; ;0; ; ; ; ; ; 
TRACK;1.5.5-1;-16.47233201;-71.47906277;-1950421.899;2843852.187;C;False; ; ;0; ; ; ; ; ; 
TRACK;1.5.5-1;-16.47235413;-71.47915871;-1950423.281;2843841.02;C;False; ; ;0; ; ; ; ; ; 
TRACK;1.5.5-1;-16.47219438;-71.47931337;-1950402.549;2843825.588;C;False; ; ;0; ; ; ; ; ; 
TRACK;1.5.5-1;-16.47209898;-71.4793659;-1950390.674;2843820.887;C;False; ; ;0; ; ; ; ; ; 
TRACK;1.5.5-1;-16.47206071;-71.47926404;-1950387.471;2843832.938;C;False; ; ;0; ; ; ; ; ; 
TRACK;1.5.5-1;-16.47195984;-71.47929606;-1950375.213;2843830.633;C;False; ; ;0; ; ; ; ; ; 
TRACK;1.5.5-1;-16.47197303;-71.47937177;-1950375.802;2843821.878;C;False; ; ;0; ; ; ; ; ; 
TRACK;1.5.5-1;-16.47203386;-71.47944765;-1950381.987;2843812.475;C;False; ; ;0; ; ; ; ; ; 
TRACK;1.5.5-1;-16.47187974;-71.47967643;-1950360.977;2843788.565;C;False; ; ;0; ; ; ; ; ; 
TRACK;1.5.5-1;-16.47208922;-71.47985952;-1950383.267;2843765.055;C;False; ; ;0; ; ; ; ; ; 
TRACK;1.5.5-2; ; ;-1.516416327;20763369.87;C; ; ; ; ; ; ; ; ; ; 
TRACK;1.5.5-2;-16.47339706;-71.47828157;-1950556.943;2843926.744;C;False; ; ;0; ; ; ; ; ; 
TRACK;1.5.5-2;-16.47385224;-71.47789678;-1950615.304;2843964.381;C;False; ; ;0; ; ; ; ; ; 
TRACK;1.5.5-2;-16.47398947;-71.47780668;-1950632.571;2843972.791;C;False; ; ;0; ; ; ; ; ; 
TRACK;1.5.5-2;-16.47433714;-71.4773664;-1950679.005;2844018.131;C;False; ; ;0; ; ; ; ; ; 
TRACK;1.5.5-2;-16.47448545;-71.47724023;-1950698.031;2844030.484;C;False; ; ;0; ; ; ; ; ; 
TRACK;1.5.5-2;-16.47469623;-71.47703672;-1950725.378;2844050.784;C;False; ; ;0; ; ; ; ; ; 
TRACK;1.5.5-2;-16.4750924;-71.47636674;-1950780.427;2844121.526;C;False; ; ;0; ; ; ; ; ; 
TRACK;1.5.5-2;-16.474914;-71.47625902;-1950760.833;2844136.084;C;False; ; ;0; ; ; ; ; ; 
TRACK;1.5.5-2;-16.47466628;-71.47617453;-1950732.8;2844148.92;C;False; ; ;0; ; ; ; ; ; 
TRACK;1.5.5-2;-16.47453958;-71.47651449;-1950713.601;2844112.047;C;False; ; ;0; ; ; ; ; ; 
TRACK;1.5.5-2;-16.47432494;-71.47696002;-1950682.729;2844064.362;C;False; ; ;0; ; ; ; ; ; 
TRACK;1.5.5-2;-16.47446016;-71.47703451;-1950697.671;2844054.138;C;False; ; ;0; ; ; ; ; ; 
TRACK;1.5.5-2;-16.47431347;-71.47727745;-1950677.353;2844028.527;C;False; ; ;0; ; ; ; ; ; 
TRACK;1.5.5-2;-16.4739684;-71.47722266;-1950637.506;2844039.276;C;False; ; ;0; ; ; ; ; ; 
TRACK;1.5.5-2;-16.47385367;-71.47757225;-1950619.59;2844001.153;C;False; ; ;0; ; ; ; ; ; 
TRACK;1.5.5-2;-16.47357104;-71.47774295;-1950584.217;2843985.518;C;False; ; ;0; ; ; ; ; ; 
TRACK;1.5.5-2;-16.47320903;-71.47781273;-1950540.8;2843982.368;C;False; ; ;0; ; ; ; ; ; 
TRACK;1.5.5-2;-16.47330568;-71.47814068;-1950547.994;2843943.918;C;False; ; ;0; ; ; ; ; ; 
TRACK;1.5.5-2;-16.47296212;-71.47813491;-1950507.703;2843949.091;C;False; ; ;0; ; ; ; ; ; 
TRACK;1.5.5-2;-16.47304477;-71.4785836;-1950511.72;2843897.138;C;False; ; ;0; ; ; ; ; ; 
TRACK;1.5.5-3; ; ;-1.516416327;20763369.87;C; ; ; ; ; ; ; ; ; ; 
TRACK;1.5.5-3;-16.47501469;-71.47623821;-1950772.927;2844137.119;C;False; ; ;0; ; ; ; ; ; 
TRACK;1.5.5-3;-16.4751546;-71.4763155;-1950788.385;2844126.516;C;False; ; ;0; ; ; ; ; ; 
TRACK;1.5.5-3;-16.47519319;-71.47624669;-1950793.792;2844133.81;C;False; ; ;0; ; ; ; ; ; 
TRACK;1.5.5-3;-16.47527009;-71.47606067;-1950805.188;2844153.887;C;False; ; ;0; ; ; ; ; ; 
TRACK;1.5.5-3;-16.47521022;-71.47559349;-1950804.082;2844207.637;C;False; ; ;0; ; ; ; ; ; 
TRACK;1.5.5-3;-16.4751791;-71.47549316;-1950801.7;2844219.42;C;False; ; ;0; ; ; ; ; ; 
TRACK;1.5.5-3;-16.4752053;-71.47528104;-1950807.469;2844243.122;C;False; ; ;0; ; ; ; ; ; 
TRACK;1.5.5-3;-16.4751819;-71.47520122;-1950805.733;2844252.48;C;False; ; ;0; ; ; ; ; ; 
TRACK;1.5.5-3;-16.47486266;-71.47523763;-1950767.763;2844252.55;C;False; ; ;0; ; ; ; ; ; 
TRACK;1.5.5-3;-16.47460918;-71.47525481;-1950737.764;2844253.936;C;False; ; ;0; ; ; ; ; ; 
TRACK;1.5.5-3;-16.4746014;-71.47558652;-1950732.64;2844216.434;C;False; ; ;0; ; ; ; ; ; 
TRACK;1.5.5-3;-16.4747051;-71.47559421;-1950744.726;2844214.198;C;False; ; ;0; ; ; ; ; ; 
TRACK;1.5.5-3;-16.47467817;-71.47575454;-1950739.527;2844196.377;C;False; ; ;0; ; ; ; ; ; 
TRACK;1.5.5-3;-16.47487465;-71.47579056;-1950762.155;2844189.708;C;False; ; ;0; ; ; ; ; ; 
TRACK;1.5.5-3;-16.4747669;-71.4761327;-1950745.154;2844152.339;C;False; ; ;0; ; ; ; ; ; 
TRACK;1.5.5-4; ; ;-1.516416327;20763369.87;C; ; ; ; ; ; ; ; ; ; 
TRACK;1.5.5-4;-16.47242476;-71.47950727;-1950427.157;2843800.577;C;False; ; ;0; ; ; ; ; ; 
TRACK;1.5.5-4;-16.47229291;-71.47969214;-1950409.321;2843781.352;C;False; ; ;0; ; ; ; ; ; 
TRACK;1.5.5-4;-16.47218396;-71.47986518;-1950394.325;2843763.168;C;False; ; ;0; ; ; ; ; ; 
TRACK;1.5.5-4;-16.47198247;-71.48006813;-1950368.077;2843742.809;C;False; ; ;0; ; ; ; ; ; 
TRACK;1.5.5-4;-16.47167009;-71.48034396;-1950327.877;2843715.647;C;False; ; ;0; ; ; ; ; ; 
TRACK;1.5.5-4;-16.47142032;-71.48056706;-1950295.702;2843693.638;C;False; ; ;0; ; ; ; ; ; 
TRACK;1.5.5-4;-16.47104131;-71.48096677;-1950246.102;2843653.307;C;False; ; ;0; ; ; ; ; ; 
TRACK;1.5.5-4;-16.47111642;-71.48105791;-1950253.771;2843641.988;C;False; ; ;0; ; ; ; ; ; 
TRACK;1.5.5-4;-16.47126757;-71.48111879;-1950270.758;2843633.099;C;False; ; ;0; ; ; ; ; ; 
TRACK;1.5.5-4;-16.47139;-71.48116749;-1950284.524;2843625.969;C;False; ; ;0; ; ; ; ; ; 
TRACK;1.5.5-4;-16.47147753;-71.48117964;-1950294.653;2843623.441;C;False; ; ;0; ; ; ; ; ; 
TRACK;1.5.5-4;-16.47151253;-71.48134385;-1950296.683;2843604.365;C;False; ; ;0; ; ; ; ; ; 
TRACK;1.5.5-4;-16.4715182;-71.4818374;-1950291.089;2843548.34;C;False; ; ;0; ; ; ; ; ; 
TRACK;1.5.5-4;-16.47151755;-71.48229281;-1950285.236;2843496.721;C;False; ; ;0; ; ; ; ; ; 
TRACK;1.5.5-4;-16.47151169;-71.4825427;-1950281.377;2843468.469;C;False; ; ;0; ; ; ; ; ; 
TRACK;1.5.5-4;-16.47151749;-71.4827379;-1950279.583;2843446.264;C;False; ; ;0; ; ; ; ; ; 
TRACK;1.5.5-4;-16.47152921;-71.48278071;-1950280.418;2843441.257;C;False; ; ;0; ; ; ; ; ; 
TRACK;1.5.5-4;-16.47193378;-71.48279905;-1950327.717;2843433.86;C;False; ; ;0; ; ; ; ; ; 
TRACK;1.5.5-4;-16.4718977;-71.48253064;-1950326.882;2843464.762;C;False; ; ;0; ; ; ; ; ; 
TRACK;1.5.5-4;-16.47191458;-71.48217796;-1950333.339;2843504.521;C;False; ; ;0; ; ; ; ; ; 
TRACK;1.5.5-4;-16.47255062;-71.48203101;-1950409.929;2843512.819;C;False; ; ;0; ; ; ; ; ; 
TRACK;1.5.5-4;-16.47252039;-71.48175636;-1950409.862;2843544.352;C;False; ; ;0; ; ; ; ; ; 
TRACK;1.5.5-4;-16.47185087;-71.48195232;-1950328.715;2843530.938;C;False; ; ;0; ; ; ; ; ; 
TRACK;1.5.5-4;-16.47181578;-71.48175109;-1950327.146;2843554.212;C;False; ; ;0; ; ; ; ; ; 
TRACK;1.5.5-4;-16.47203139;-71.48168396;-1950353.329;2843558.988;C;False; ; ;0; ; ; ; ; ; 
TRACK;1.5.5-4;-16.47173416;-71.48125253;-1950323.88;2843611.804;C;False; ; ;0; ; ; ; ; ; 
TRACK;1.5.5-4;-16.47158844;-71.48107007;-1950309.074;2843634.405;C;False; ; ;0; ; ; ; ; ; 
TRACK;1.5.5-4;-16.4717108;-71.48097284;-1950324.683;2843643.818;C;False; ; ;0; ; ; ; ; ; 
TRACK;1.5.5-4;-16.47153632;-71.48076669;-1950306.798;2843669.483;C;False; ; ;0; ; ; ; ; ; 
TRACK;1.5.5-4;-16.47180369;-71.48053666;-1950341.13;2843692.045;C;False; ; ;0; ; ; ; ; ; 
TRACK;1.5.5-4;-16.47188519;-71.48067576;-1950348.94;2843675.205;C;False; ; ;0; ; ; ; ; ; 
TRACK;1.5.5-4;-16.47212309;-71.48051862;-1950378.885;2843689.891;C;False; ; ;0; ; ; ; ; ; 
TRACK;1.5.5-4;-16.47246435;-71.48036227;-1950420.962;2843703.129;C;False; ; ;0; ; ; ; ; ; 
TRACK;1.5.5-4;-16.47244578;-71.4801761;-1950421.142;2843724.479;C;False; ; ;0; ; ; ; ; ; 
TRACK;1.5.5-4;-16.47241009;-71.48000836;-1950419.076;2843743.963;C;False; ; ;0; ; ; ; ; ; 
TRACK;1.5.5-4;-16.47232308;-71.47996061;-1950409.459;2843750.521;C;False; ; ;0; ; ; ; ; ; 
TRACK;1.5.5-4;-16.47247825;-71.47979917;-1950429.738;2843766.782;C;False; ; ;0; ; ; ; ; ; 
TRACK;1.5.5-4;-16.47255263;-71.47967374;-1950440.069;2843780.023;C;False; ; ;0; ; ; ; ; ; 
TRACK;1.5.5-4;-16.4726341;-71.47976305;-1950448.507;2843768.828;C;False; ; ;0; ; ; ; ; ; 
TRACK;1.5.5-4;-16.47274254;-71.47945782;-1950465.12;2843802.004;C;False; ; ;0; ; ; ; ; ; 
TRACK;1.5.5-4;-16.47303841;-71.4794979;-1950499.373;2843793.571;C;False; ; ;0; ; ; ; ; ; 
TRACK;1.5.5-4;-16.47306159;-71.47926719;-1950505.024;2843819.421;C;False; ; ;0; ; ; ; ; ; 
TRACK;1.5.5-4;-16.4727643;-71.47924731;-1950470.348;2843825.583;C;False; ; ;0; ; ; ; ; ; 
TRACK;1.5.5-4;-16.47282971;-71.47910515;-1950479.836;2843840.839;C;False; ; ;0; ; ; ; ; ; 
TRACK;1.5.5-4;-16.47317036;-71.47916517;-1950519.097;2843829.556;C;False; ; ;0; ; ; ; ; ; 
TRACK;1.5.5-4;-16.47324106;-71.47911426;-1950528.049;2843834.398;C;False; ; ;0; ; ; ; ; ; 
TRACK;1.5.5-4;-16.47319864;-71.47895904;-1950525.035;2843852.552;C;False; ; ;0; ; ; ; ; ; 
TRACK;1.5.5-4;-16.47326402;-71.47890793;-1950533.366;2843857.487;C;False; ; ;0; ; ; ; ; ; 
TRACK;1.5.5-4;-16.47336223;-71.4787656;-1950546.709;2843872.331;C;False; ; ;0; ; ; ; ; ; 
TRACK;1.5.5-4;-16.47352454;-71.47875015;-1950565.975;2843871.948;C;False; ; ;0; ; ; ; ; ; 
TRACK;1.5.5-4;-16.47352508;-71.47863548;-1950567.493;2843884.94;C;False; ; ;0; ; ; ; ; ; 
TRACK;1.5.5-4;-16.47359075;-71.47848711;-1950577.092;2843900.897;C;False; ; ;0; ; ; ; ; ; 
TRACK;1.5.5-4;-16.47367841;-71.47834438;-1950589.201;2843915.925;C;False; ; ;0; ; ; ; ; ; 
TRACK;1.5.5-4;-16.47382023;-71.47825337;-1950607.019;2843924.377;C;False; ; ;0; ; ; ; ; ; 
TRACK;1.5.5-4;-16.47400553;-71.47830568;-1950628.126;2843916.01;C;False; ; ;0; ; ; ; ; ; 
TRACK;1.5.5-4;-16.47418152;-71.47814494;-1950650.843;2843931.919;C;False; ; ;0; ; ; ; ; ; 
TRACK;1.5.5-4;-16.47429122;-71.47801907;-1950665.329;2843944.745;C;False; ; ;0; ; ; ; ; ; 
TRACK;1.5.5-4;-16.47434586;-71.47799633;-1950672.037;2843946.605;C;False; ; ;0; ; ; ; ; ; 
TRACK;1.5.5-4;-16.47442243;-71.47776254;-1950683.999;2843972.101;C;False; ; ;0; ; ; ; ; ; 
TRACK;1.5.5-4;-16.47433514;-71.47770015;-1950674.535;2843980.322;C;False; ; ;0; ; ; ; ; ; 
TRACK;1.5.5-4;-16.47443325;-71.47743972;-1950689.367;2844008.555;C;False; ; ;0; ; ; ; ; ; 
TRACK;1.5.5-4;-16.47462992;-71.47752345;-1950711.411;2843996.477;C;False; ; ;0; ; ; ; ; ; 
TRACK;1.5.5-4;-16.47476025;-71.47731955;-1950729.311;2844017.878;C;False; ; ;0; ; ; ; ; ; 
TRACK;1.5.5-4;-16.47462918;-71.47727487;-1950714.479;2844024.668;C;False; ; ;0; ; ; ; ; ; 
TRACK;1.5.5-4;-16.47501779;-71.47673034;-1950767.047;2844081.288;C;False; ; ;0; ; ; ; ; ; 
TRACK;1.5.5-4;-16.47545833;-71.4768865;-1950816.825;2844057.791;C;False; ; ;0; ; ; ; ; ; 
TRACK;1.5.5-4;-16.47550564;-71.47675791;-1950824.015;2844071.746;C;False; ; ;0; ; ; ; ; ; 
TRACK;1.5.5-4;-16.47555767;-71.4765739;-1950832.463;2844091.922;C;False; ; ;0; ; ; ; ; ; 
TRACK;1.5.5-4;-16.47555683;-71.47645089;-1950833.925;2844105.878;C;False; ; ;0; ; ; ; ; ; 
TRACK;1.5.5-4;-16.47552872;-71.47624964;-1950833.177;2844129.063;C;False; ; ;0; ; ; ; ; ; 
TRACK;1.5.5-4;-16.47544714;-71.47607622;-1950825.793;2844149.796;C;False; ; ;0; ; ; ; ; ; 
TRACK;1.5.5-4;-16.47530173;-71.47611515;-1950808.214;2844147.294;C;False; ; ;0; ; ; ; ; ; 
TRACK;1.5.5-4;-16.47518908;-71.47635021;-1950791.996;2844122.129;C;False; ; ;0; ; ; ; ; ; 
TRACK;1.5.5-4;-16.47497981;-71.47671924;-1950762.725;2844083.046;C;False; ; ;0; ; ; ; ; ; 
TRACK;1.5.5-4;-16.47470498;-71.47711695;-1950725.388;2844041.573;C;False; ; ;0; ; ; ; ; ; 
TRACK;1.5.5-4;-16.47437347;-71.47742319;-1950682.553;2844011.216;C;False; ; ;0; ; ; ; ; ; 
TRACK;1.5.5-4;-16.47416663;-71.47767784;-1950655.02;2843985.068;C;False; ; ;0; ; ; ; ; ; 
TRACK;1.5.5-4;-16.47400836;-71.47787079;-1950633.977;2843965.275;C;False; ; ;0; ; ; ; ; ; 
TRACK;1.5.5-4;-16.47365306;-71.47812687;-1950588.983;2843940.916;C;False; ; ;0; ; ; ; ; ; 
TRACK;1.5.5-4;-16.47320134;-71.47854161;-1950530.649;2843899.839;C;False; ; ;0; ; ; ; ; ; 
TRACK;1.5.5-4;-16.47302173;-71.47872335;-1950507.24;2843881.598;C;False; ; ;0; ; ; ; ; ; 
TRACK;1.5.5-4;-16.4727709;-71.47904172;-1950473.731;2843848.803;C;False; ; ;0; ; ; ; ; ; 
TRACK;1.5.5-4;-16.47253951;-71.47932193;-1950442.991;2843820.079;C;False; ; ;0; ; ; ; ; ; 
TRACK;1.5.5-5; ; ;-1.516416327;20763369.87;C; ; ; ; ; ; ; ; ; ; 
TRACK;1.5.5-5;-16.47148372;-71.48401087;-1950259.471;2843302.399;C;False; ; ;0; ; ; ; ; ; 
TRACK;1.5.5-5;-16.47149625;-71.48407752;-1950260.098;2843294.678;C;False; ; ;0; ; ; ; ; ; 
TRACK;1.5.5-5;-16.47157232;-71.48424771;-1950266.877;2843274.386;C;False; ; ;0; ; ; ; ; ; 
TRACK;1.5.5-5;-16.47163275;-71.48434464;-1950272.748;2843262.603;C;False; ; ;0; ; ; ; ; ; 
TRACK;1.5.5-5;-16.47172514;-71.48448521;-1950281.82;2843245.453;C;False; ; ;0; ; ; ; ; ; 
TRACK;1.5.5-5;-16.47182423;-71.48455899;-1950292.525;2843235.787;C;False; ; ;0; ; ; ; ; ; 
TRACK;1.5.5-5;-16.47193308;-71.48459933;-1950304.802;2843229.783;C;False; ; ;0; ; ; ; ; ; 
TRACK;1.5.5-5;-16.47210609;-71.48457982;-1950325.376;2843229.721;C;False; ; ;0; ; ; ; ; ; 
TRACK;1.5.5-5;-16.4723116;-71.48453353;-1950350.107;2843232.268;C;False; ; ;0; ; ; ; ; ; 
TRACK;1.5.5-5;-16.47254341;-71.48452756;-1950377.418;2843229.897;C;False; ; ;0; ; ; ; ; ; 
TRACK;1.5.5-5;-16.47275628;-71.48455152;-1950402.123;2843224.383;C;False; ; ;0; ; ; ; ; ; 
TRACK;1.5.5-5;-16.47300487;-71.48460232;-1950430.684;2843215.356;C;False; ; ;0; ; ; ; ; ; 
TRACK;1.5.5-5;-16.47329004;-71.48466711;-1950463.366;2843204.264;C;False; ; ;0; ; ; ; ; ; 
TRACK;1.5.5-5;-16.47352414;-71.48470738;-1950490.359;2843196.622;C;False; ; ;0; ; ; ; ; ; 
TRACK;1.5.5-5;-16.47371755;-71.48477657;-1950512.205;2843186.236;C;False; ; ;0; ; ; ; ; ; 
TRACK;1.5.5-5;-16.47387432;-71.48480266;-1950530.292;2843181.218;C;False; ; ;0; ; ; ; ; ; 
TRACK;1.5.5-5;-16.4741352;-71.48489324;-1950559.793;2843167.52;C;False; ; ;0; ; ; ; ; ; 
TRACK;1.5.5-5;-16.47442059;-71.48499592;-1950592.019;2843152.129;C;False; ; ;0; ; ; ; ; ; 
TRACK;1.5.5-5;-16.47514684;-71.48512041;-1950675.765;2843128.469;C;False; ; ;0; ; ; ; ; ; 
TRACK;1.5.5-5;-16.47543035;-71.48504451;-1950710.035;2843133.346;C;False; ; ;0; ; ; ; ; ; 
TRACK;1.5.5-5;-16.4755291;-71.48508402;-1950721.135;2843127.569;C;False; ; ;0; ; ; ; ; ; 
TRACK;1.5.5-5;-16.47582636;-71.48510312;-1950755.817;2843121.496;C;False; ; ;0; ; ; ; ; ; 
TRACK;1.5.5-5;-16.47599226;-71.48516482;-1950774.526;2843112.322;C;False; ; ;0; ; ; ; ; ; 
TRACK;1.5.5-5;-16.4772258;-71.48510302;-1950920.232;2843103.11;C;False; ; ;0; ; ; ; ; ; 
TRACK;1.5.5-5;-16.47741226;-71.4849498;-1950944.082;2843118.028;C;False; ; ;0; ; ; ; ; ; 
TRACK;1.5.5-5;-16.47751779;-71.48469022;-1950959.773;2843146.065;C;False; ; ;0; ; ; ; ; ; 
TRACK;1.5.5-5;-16.47752522;-71.4845317;-1950962.657;2843163.937;C;False; ; ;0; ; ; ; ; ; 
TRACK;1.5.5-5;-16.4774298;-71.48438232;-1950953.342;2843182.125;C;False; ; ;0; ; ; ; ; ; 
TRACK;1.5.5-5;-16.47728953;-71.48427737;-1950938.194;2843195.867;C;False; ; ;0; ; ; ; ; ; 
TRACK;1.5.5-5;-16.47708686;-71.48421653;-1950915.154;2843205.428;C;False; ; ;0; ; ; ; ; ; 
TRACK;1.5.5-5;-16.47706119;-71.48411205;-1950913.464;2843217.61;C;False; ; ;0; ; ; ; ; ; 
TRACK;1.5.5-5;-16.47596477;-71.48420065;-1950783.526;2843221.981;C;False; ; ;0; ; ; ; ; ; 
TRACK;1.5.5-5;-16.47588139;-71.48437392;-1950771.532;2843203.435;C;False; ; ;0; ; ; ; ; ; 
TRACK;1.5.5-5;-16.47577766;-71.48462958;-1950756.102;2843175.817;C;False; ; ;0; ; ; ; ; ; 
TRACK;1.5.5-5;-16.47574828;-71.48478139;-1950750.725;2843158.994;C;False; ; ;0; ; ; ; ; ; 
TRACK;1.5.5-5;-16.4755035;-71.48483246;-1950721.319;2843156.422;C;False; ; ;0; ; ; ; ; ; 
TRACK;1.5.5-5;-16.47561523;-71.48427213;-1950741.554;2843218.473;C;False; ; ;0; ; ; ; ; ; 
TRACK;1.5.5-5;-16.47606754;-71.48344655;-1950805.166;2843306.114;C;False; ; ;0; ; ; ; ; ; 
TRACK;1.5.5-5;-16.47583336;-71.48335421;-1950778.824;2843319.661;C;False; ; ;0; ; ; ; ; ; 
TRACK;1.5.5-5;-16.47559134;-71.4833442;-1950750.518;2843323.978;C;False; ; ;0; ; ; ; ; ; 
TRACK;1.5.5-5;-16.47506177;-71.48328295;-1950689.077;2843337.883;C;False; ; ;0; ; ; ; ; ; 
TRACK;1.5.5-5;-16.47506696;-71.48365042;-1950685.026;2843296.158;C;False; ; ;0; ; ; ; ; ; 
TRACK;1.5.5-5;-16.4751423;-71.48384261;-1950691.439;2843273.381;C;False; ; ;0; ; ; ; ; ; 
TRACK;1.5.5-5;-16.47518405;-71.48413485;-1950692.637;2843239.704;C;False; ; ;0; ; ; ; ; ; 
TRACK;1.5.5-5;-16.47517578;-71.48430701;-1950689.482;2843220.296;C;False; ; ;0; ; ; ; ; ; 
TRACK;1.5.5-5;-16.47516338;-71.48465992;-1950683.548;2843180.453;C;False; ; ;0; ; ; ; ; ; 
TRACK;1.5.5-5;-16.47515242;-71.48483157;-1950680.083;2843161.139;C;False; ; ;0; ; ; ; ; ; 
TRACK;1.5.5-5;-16.47358837;-71.48448304;-1950500.75;2843221.209;C;False; ; ;0; ; ; ; ; ; 
TRACK;1.5.5-5;-16.47359294;-71.48404974;-1950506.784;2843270.268;C;False; ; ;0; ; ; ; ; ; 
TRACK;1.5.5-5;-16.47313474;-71.48390532;-1950454.783;2843292.663;C;False; ; ;0; ; ; ; ; ; 
TRACK;1.5.5-5;-16.47298234;-71.48406767;-1950434.819;2843276.262;C;False; ; ;0; ; ; ; ; ; 
TRACK;1.5.5-5;-16.47287376;-71.4840744;-1950421.976;2843276.927;C;False; ; ;0; ; ; ; ; ; 
TRACK;1.5.5-5;-16.47193696;-71.48414432;-1950311.028;2843281.314;C;False; ; ;0; ; ; ; ; ; 
TRACK;1.5.5-5;-16.47156302;-71.48415758;-1950266.928;2843284.725;C;False; ; ;0; ; ; ; ; ; 
TRACK;1.5.5-5;-16.47152815;-71.48408086;-1950263.804;2843293.881;C;False; ; ;0; ; ; ; ; ; 
TRACK;1.5.5-5;-16.47177737;-71.48402419;-1950293.802;2843297.029;C;False; ; ;0; ; ; ; ; ; 
TRACK;1.5.5-5;-16.47175644;-71.48358871;-1950296.866;2843346.672;C;False; ; ;0; ; ; ; ; ; 
TRACK;1.5.5-5;-16.4717283;-71.48339988;-1950295.955;2843368.448;C;False; ; ;0; ; ; ; ; ; 
TRACK;1.5.5-5;-16.47182046;-71.48336637;-1950307.208;2843371.036;C;False; ; ;0; ; ; ; ; ; 
TRACK;1.5.5-5;-16.4717807;-71.48301111;-1950307.042;2843411.832;C;False; ; ;0; ; ; ; ; ; 
TRACK;1.5.5-5;-16.47191751;-71.48298551;-1950323.44;2843412.936;C;False; ; ;0; ; ; ; ; ; 
TRACK;1.5.5-5;-16.47192152;-71.48284957;-1950325.636;2843428.293;C;False; ; ;0; ; ; ; ; ; 
TRACK;1.5.5-5;-16.47177912;-71.48282976;-1950309.157;2843432.411;C;False; ; ;0; ; ; ; ; ; 
TRACK;1.5.5-5;-16.4716968;-71.48282305;-1950299.57;2843434.254;C;False; ; ;0; ; ; ; ; ; 
TRACK;1.5.5-5;-16.47150046;-71.48281624;-1950276.589;2843437.606;C;False; ; ;0; ; ; ; ; ; 
TRACK;1.5.5-5;-16.47146555;-71.4838312;-1950259.615;2843323.006;C;False; ; ;0; ; ; ; ; ; 
TRACK;1.5.5-7; ; ;-1.516416327;20763369.87;C; ; ; ; ; ; ; ; ; ; 
TRACK;1.5.5-7;-16.47205828;-71.48567936;-1950305.814;2843105.703;C;False; ; ;0; ; ; ; ; ; 
TRACK;1.5.5-7;-16.47223399;-71.48558571;-1950327.646;2843114.01;C;False; ; ;0; ; ; ; ; ; 
TRACK;1.5.5-7;-16.47239335;-71.4855412;-1950346.932;2843116.961;C;False; ; ;0; ; ; ; ; ; 
TRACK;1.5.5-7;-16.47248677;-71.48548844;-1950358.577;2843121.715;C;False; ; ;0; ; ; ; ; ; 
TRACK;1.5.5-7;-16.47251816;-71.48535842;-1950363.914;2843136.041;C;False; ; ;0; ; ; ; ; ; 
TRACK;1.5.5-7;-16.47215786;-71.48528942;-1950322.459;2843148.599;C;False; ; ;0; ; ; ; ; ; 
TRACK;1.5.5-7;-16.47217041;-71.48509135;-1950326.446;2843170.887;C;False; ; ;0; ; ; ; ; ; 
TRACK;1.5.5-7;-16.47216746;-71.48490193;-1950328.501;2843192.399;C;False; ; ;0; ; ; ; ; ; 
TRACK;1.5.5-7;-16.47212203;-71.48473727;-1950325.252;2843211.662;C;False; ; ;0; ; ; ; ; ; 
TRACK;1.5.5-7;-16.47208762;-71.48469325;-1950321.768;2843217.105;C;False; ; ;0; ; ; ; ; ; 
TRACK;1.5.5-7;-16.47237675;-71.48466422;-1950356.104;2843216.596;C;False; ; ;0; ; ; ; ; ; 
TRACK;1.5.5-7;-16.47277122;-71.48465106;-1950402.616;2843212.902;C;False; ; ;0; ; ; ; ; ; 
TRACK;1.5.5-7;-16.47301938;-71.48469498;-1950431.214;2843204.662;C;False; ; ;0; ; ; ; ; ; 
TRACK;1.5.5-7;-16.47338454;-71.48476316;-1950473.25;2843192.134;C;False; ; ;0; ; ; ; ; ; 
TRACK;1.5.5-7;-16.4734298;-71.48513093;-1950473.904;2843149.847;C;False; ; ;0; ; ; ; ; ; 
TRACK;1.5.5-7;-16.47387379;-71.48518382;-1950525.395;2843138.015;C;False; ; ;0; ; ; ; ; ; 
TRACK;1.5.5-7;-16.4739116;-71.48489166;-1950533.543;2843170.638;C;False; ; ;0; ; ; ; ; ; 
TRACK;1.5.5-7;-16.47370406;-71.48482733;-1950509.976;2843180.658;C;False; ; ;0; ; ; ; ; ; 
TRACK;1.5.5-7;-16.47340766;-71.48474306;-1950476.222;2843194.107;C;False; ; ;0; ; ; ; ; ; 
TRACK;1.5.5-7;-16.47280609;-71.48462296;-1950407.069;2843215.63;C;False; ; ;0; ; ; ; ; ; 
TRACK;1.5.5-7;-16.47236141;-71.48463617;-1950354.657;2843219.977;C;False; ; ;0; ; ; ; ; ; 
TRACK;1.5.5-7;-16.4720416;-71.48466934;-1950316.664;2843220.42;C;False; ; ;0; ; ; ; ; ; 
TRACK;1.5.5-7;-16.47191876;-71.48464168;-1950302.582;2843225.171;C;False; ; ;0; ; ; ; ; ; 
TRACK;1.5.5-7;-16.47182653;-71.48461376;-1950292.1;2843229.548;C;False; ; ;0; ; ; ; ; ; 
TRACK;1.5.5-7;-16.47175364;-71.48455772;-1950284.248;2843236.858;C;False; ; ;0; ; ; ; ; ; 
TRACK;1.5.5-7;-16.47173345;-71.48469792;-1950280.098;2843221.23;C;False; ; ;0; ; ; ; ; ; 
TRACK;1.5.5-7;-16.47173198;-71.48487842;-1950277.636;2843200.788;C;False; ; ;0; ; ; ; ; ; 
TRACK;1.5.5-7;-16.47173071;-71.48503526;-1950275.498;2843183.025;C;False; ; ;0; ; ; ; ; ; 
TRACK;1.5.5-7;-16.47177432;-71.48535412;-1950276.578;2843146.304;C;False; ; ;0; ; ; ; ; ; 
TRACK;1.5.5-7;-16.47181633;-71.48540679;-1950280.846;2843139.782;C;False; ; ;0; ; ; ; ; ; 
TRACK;1.5.5-7;-16.47182857;-71.48570368;-1950278.519;2843105.965;C;False; ; ;0; ; ; ; ; ; 
TRACK;1.5.5-8; ; ;-1.516416327;20763369.87;C; ; ; ; ; ; ; ; ; ; 
TRACK;1.5.5-8;-16.47441803;-71.47608963;-1950704.711;2844161.81;C;False; ; ;0; ; ; ; ; ; 
TRACK;1.5.5-8;-16.47422245;-71.47604566;-1950682.29;2844169.367;C;False; ; ;0; ; ; ; ; ; 
TRACK;1.5.5-8;-16.47411898;-71.47617065;-1950668.546;2844156.558;C;False; ; ;0; ; ; ; ; ; 
TRACK;1.5.5-8;-16.47412436;-71.47634776;-1950666.931;2844136.409;C;False; ; ;0; ; ; ; ; ; 
TRACK;1.5.5-8;-16.4743446;-71.47639192;-1950692.247;2844128.507;C;False; ; ;0; ; ; ; ; ; 
TRACK;1.5.5-9; ; ;-1.516416327;20763369.87;C; ; ; ; ; ; ; ; ; ; 
TRACK;1.5.5-9;-16.47163229;-71.48005522;-1950327.099;2843748.876;C;False; ; ;0; ; ; ; ; ; 
TRACK;1.5.5-9;-16.47133251;-71.47998105;-1950292.819;2843761.227;C;False; ; ;0; ; ; ; ; ; 
TRACK;1.5.5-9;-16.47100552;-71.48028955;-1950250.488;2843730.552;C;False; ; ;0; ; ; ; ; ; 
TRACK;1.5.5-9;-16.47120988;-71.48034605;-1950273.782;2843721.46;C;False; ; ;0; ; ; ; ; ; 
TRACK;1.5.5-9;-16.47140045;-71.48048819;-1950294.368;2843702.84;C;False; ; ;0; ; ; ; ; ; 
TRACK;1.5.5-9;-16.47177141;-71.48014565;-1950342.297;2843736.796;C;False; ; ;0; ; ; ; ; ; 
TRACK;1.5.7-1; ; ;-1.516416327;20763369.87;C; ; ; ; ; ; ; ; ; ; 
TRACK;1.5.7-1;-16.47147483;-71.48194143;-1950284.673;2843537.116;C;False; ; ;0; ; ; ; ; ; 
TRACK;1.5.7-1;-16.47147621;-71.48171868;-1950287.661;2843562.35;C;False; ; ;0; ; ; ; ; ; 
TRACK;1.5.7-1;-16.47146382;-71.48154092;-1950288.46;2843582.665;C;False; ; ;0; ; ; ; ; ; 
TRACK;1.5.7-1;-16.47146095;-71.48126472;-1950291.626;2843614.014;C;False; ; ;0; ; ; ; ; ; 
TRACK;1.5.7-1;-16.4711338;-71.48111335;-1950255.11;2843635.474;C;False; ; ;0; ; ; ; ; ; 
TRACK;1.5.7-1;-16.47108164;-71.48106776;-1950249.56;2843641.328;C;False; ; ;0; ; ; ; ; ; 
TRACK;1.5.7-1;-16.47105084;-71.48101738;-1950246.58;2843647.445;C;False; ; ;0; ; ; ; ; ; 
TRACK;1.5.7-1;-16.47102722;-71.48098869;-1950244.169;2843651.008;C;False; ; ;0; ; ; ; ; ; 
TRACK;1.5.7-1;-16.47082431;-71.48122681;-1950217.309;2843626.681;C;False; ; ;0; ; ; ; ; ; 
TRACK;1.5.7-1;-16.47076518;-71.48134731;-1950208.833;2843613.797;C;False; ; ;0; ; ; ; ; ; 
TRACK;1.5.7-1;-16.47075909;-71.48197625;-1950200.141;2843542.577;C;False; ; ;0; ; ; ; ; ; 
TRACK;1.5.7-2; ; ;-1.516416327;20763369.87;C; ; ; ; ; ; ; ; ; ; 
TRACK;1.5.7-2;-16.47148137;-71.48274434;-1950275.258;2843446.009;C;False; ; ;0; ; ; ; ; ; 
TRACK;1.5.7-2;-16.47148134;-71.48229038;-1950281.012;2843497.472;C;False; ; ;0; ; ; ; ; ; 
TRACK;1.5.7-2;-16.47148278;-71.48198591;-1950285.043;2843531.97;C;False; ; ;0; ; ; ; ; ; 
TRACK;1.5.7-2;-16.47073087;-71.48203261;-1950196.111;2843536.559;C;False; ; ;0; ; ; ; ; ; 
TRACK;1.5.7-2;-16.4707383;-71.48278628;-1950187.425;2843451.021;C;False; ; ;0; ; ; ; ; ; 
TRACK;1.5.7-3; ; ;-1.516416327;20763369.87;C; ; ; ; ; ; ; ; ; ; 
TRACK;1.5.7-3;-16.4706678;-71.48280266;-1950178.934;2843450.091;C;False; ; ;0; ; ; ; ; ; 
TRACK;1.5.7-3;-16.4706652;-71.48204445;-1950188.245;2843536.08;C;False; ; ;0; ; ; ; ; ; 
TRACK;1.5.7-3;-16.46993412;-71.48204649;-1950102.325;2843545.458;C;False; ; ;0; ; ; ; ; ; 
TRACK;1.5.7-3;-16.46993912;-71.48281361;-1950093.184;2843458.427;C;False; ; ;0; ; ; ; ; ; 
TRACK;1.5.7-4; ; ;-1.516416327;20763369.87;C; ; ; ; ; ; ; ; ; ; 
TRACK;1.5.7-4;-16.46950462;-71.48283622;-1950041.849;2843461.575;C;False; ; ;0; ; ; ; ; ; 
TRACK;1.5.7-4;-16.46990771;-71.48281755;-1950089.444;2843458.393;C;False; ; ;0; ; ; ; ; ; 
TRACK;1.5.7-4;-16.46990852;-71.48204133;-1950099.383;2843546.38;C;False; ; ;0; ; ; ; ; ; 
TRACK;1.5.7-4;-16.46948975;-71.48206773;-1950049.848;2843548.891;C;False; ; ;0; ; ; ; ; ; 
TRACK;1.5.7-4;-16.46916117;-71.4820894;-1950010.969;2843550.753;C;False; ; ;0; ; ; ; ; ; 
TRACK;1.5.7-4;-16.46918403;-71.48285419;-1950003.956;2843463.751;C;False; ; ;0; ; ; ; ; ; 
TRACK;1.5.7-5; ; ;-1.516416327;20763369.87;C; ; ; ; ; ; ; ; ; ; 
TRACK;1.5.7-5;-16.46988581;-71.48361746;-1950076.727;2843368;C;False; ; ;0; ; ; ; ; ; 
TRACK;1.5.7-5;-16.46989549;-71.48284937;-1950087.605;2843454.947;C;False; ; ;0; ; ; ; ; ; 
TRACK;1.5.7-5;-16.46918395;-71.48290448;-1950003.309;2843458.051;C;False; ; ;0; ; ; ; ; ; 
TRACK;1.5.7-5;-16.46916695;-71.48364359;-1949991.938;2843374.485;C;False; ; ;0; ; ; ; ; ; 
TRACK;1.5.7-6; ; ;-1.516416327;20763369.87;C; ; ; ; ; ; ; ; ; ; 
TRACK;1.5.7-6;-16.4706592;-71.48356532;-1950168.252;2843363.746;C;False; ; ;0; ; ; ; ; ; 
TRACK;1.5.7-6;-16.47067504;-71.48283586;-1950179.364;2843446.232;C;False; ; ;0; ; ; ; ; ; 
TRACK;1.5.7-6;-16.46992354;-71.48285703;-1950090.804;2843453.71;C;False; ; ;0; ; ; ; ; ; 
TRACK;1.5.7-6;-16.46991298;-71.48360978;-1950080.017;2843368.513;C;False; ; ;0; ; ; ; ; ; 
TRACK;1.5.7-7; ; ;-1.516416327;20763369.87;C; ; ; ; ; ; ; ; ; ; 
TRACK;1.5.7-7;-16.47145075;-71.48354539;-1950261.501;2843355.601;C;False; ; ;0; ; ; ; ; ; 
TRACK;1.5.7-7;-16.47146936;-71.4827919;-1950273.244;2843440.775;C;False; ; ;0; ; ; ; ; ; 
TRACK;1.5.7-7;-16.47073715;-71.48281877;-1950186.877;2843447.354;C;False; ; ;0; ; ; ; ; ; 
TRACK;1.5.7-7;-16.47072279;-71.48356767;-1950175.693;2843362.643;C;False; ; ;0; ; ; ; ; ; 
TRACK;1.5.7-8; ; ;-1.516416327;20763369.87;C; ; ; ; ; ; ; ; ; ; 
TRACK;1.5.7-8;-16.47131243;-71.48432631;-1950235.346;2843268.891;C;False; ; ;0; ; ; ; ; ; 
TRACK;1.5.7-8;-16.47151026;-71.48430622;-1950258.844;2843268.568;C;False; ; ;0; ; ; ; ; ; 
TRACK;1.5.7-8;-16.47143812;-71.48403774;-1950253.773;2843299.952;C;False; ; ;0; ; ; ; ; ; 
TRACK;1.5.7-8;-16.4714444;-71.48358103;-1950260.303;2843351.644;C;False; ; ;0; ; ; ; ; ; 
TRACK;1.5.7-8;-16.47072138;-71.48361996;-1950174.863;2843356.734;C;False; ; ;0; ; ; ; ; ; 
TRACK;1.5.7-8;-16.47072909;-71.48434764;-1950166.542;2843274.139;C;False; ; ;0; ; ; ; ; ; 
TRACK;1.5.7-9; ; ;-1.516416327;20763369.87;C; ; ; ; ; ; ; ; ; ; 
TRACK;1.5.7-9;-16.47066491;-71.48435617;-1950158.893;2843274.016;C;False; ; ;0; ; ; ; ; ; 
TRACK;1.5.7-9;-16.47067736;-71.48361628;-1950169.739;2843357.729;C;False; ; ;0; ; ; ; ; ; 
TRACK;1.5.7-9;-16.46910249;-71.48373539;-1949983.202;2843364.925;C;False; ; ;0; ; ; ; ; ; 
TRACK;1.5.7-9;-16.46905035;-71.48376839;-1949976.657;2843361.868;C;False; ; ;0; ; ; ; ; ; 
TRACK;1.5.7-9;-16.46907292;-71.48441309;-1949971.133;2843288.486;C;False; ; ;0; ; ; ; ; ; 
TRACK;1.5.7-11; ; ;-1.516416327;20763369.87;C; ; ; ; ; ; ; ; ; ; 
TRACK;1.5.7-11;-16.470324;-71.48515526;-1950108.708;2843187.909;C;False; ; ;0; ; ; ; ; ; 
TRACK;1.5.7-11;-16.47027087;-71.48445388;-1950111.36;2843268.119;C;False; ; ;0; ; ; ; ; ; 
TRACK;1.5.7-11;-16.46919256;-71.48450875;-1949983.977;2843276.069;C;False; ; ;0; ; ; ; ; ; 
TRACK;1.5.7-11;-16.4692249;-71.48519879;-1949979.026;2843197.418;C;False; ; ;0; ; ; ; ; ; 
TRACK;1.5.7-12; ; ;-1.516416327;20763369.87;C; ; ; ; ; ; ; ; ; ; 
TRACK;1.5.7-12;-16.47141839;-71.48511221;-1950237.828;2843178.406;C;False; ; ;0; ; ; ; ; ; 
TRACK;1.5.7-12;-16.47169249;-71.48508665;-1950270.356;2843177.702;C;False; ; ;0; ; ; ; ; ; 
TRACK;1.5.7-12;-16.47169427;-71.48467183;-1950275.825;2843224.704;C;False; ; ;0; ; ; ; ; ; 
TRACK;1.5.7-12;-16.47169582;-71.48456559;-1950277.355;2843236.726;C;False; ; ;0; ; ; ; ; ; 
TRACK;1.5.7-12;-16.47154595;-71.48437729;-1950262.136;2843260.043;C;False; ; ;0; ; ; ; ; ; 
TRACK;1.5.7-12;-16.47071723;-71.48443424;-1950164.05;2843264.479;C;False; ; ;0; ; ; ; ; ; 
TRACK;1.5.7-12;-16.47076089;-71.48515132;-1950160.085;2843182.614;C;False; ; ;0; ; ; ; ; ; 
TRACK;1.5.7-13; ; ;-1.516416327;20763369.87;C; ; ; ; ; ; ; ; ; ; 
TRACK;1.5.7-13;-16.47170291;-71.48588537;-1950261.451;2843087.02;C;False; ; ;0; ; ; ; ; ; 
TRACK;1.5.7-13;-16.4717894;-71.48555229;-1950275.836;2843123.641;C;False; ; ;0; ; ; ; ; ; 
TRACK;1.5.7-13;-16.47178012;-71.48545995;-1950275.917;2843134.231;C;False; ; ;0; ; ; ; ; ; 
TRACK;1.5.7-13;-16.47171533;-71.48512823;-1950272.512;2843172.688;C;False; ; ;0; ; ; ; ; ; 
TRACK;1.5.7-13;-16.47076633;-71.48520802;-1950160.005;2843176.115;C;False; ; ;0; ; ; ; ; ; 
TRACK;1.5.7-13;-16.4708028;-71.48596251;-1950154.723;2843090.105;C;False; ; ;0; ; ; ; ; ; 
TRACK;1.5.7-14; ; ;-1.516416327;20763369.87;C; ; ; ; ; ; ; ; ; ; 
TRACK;1.5.7-14;-16.47199816;-71.48656072;-1950287.575;2843006.58;C;False; ; ;0; ; ; ; ; ; 
TRACK;1.5.7-14;-16.47191434;-71.48629873;-1950281.049;2843037.382;C;False; ; ;0; ; ; ; ; ; 
TRACK;1.5.7-14;-16.47177887;-71.48615122;-1950267.004;2843055.884;C;False; ; ;0; ; ; ; ; ; 
TRACK;1.5.7-14;-16.47170654;-71.48594644;-1950261.103;2843080.049;C;False; ; ;0; ; ; ; ; ; 
TRACK;1.5.7-14;-16.47079325;-71.48602112;-1950152.858;2843083.585;C;False; ; ;0; ; ; ; ; ; 
TRACK;1.5.7-14;-16.4708371;-71.48668651;-1950149.572;2843007.579;C;False; ; ;0; ; ; ; ; ; 
TRACK;1.5.7-17; ; ;-1.516416327;20763369.87;C; ; ; ; ; ; ; ; ; ; 
TRACK;1.5.7-17;-16.4707248;-71.48595336;-1950145.675;2843092.167;C;False; ; ;0; ; ; ; ; ; 
TRACK;1.5.7-17;-16.47070197;-71.48520951;-1950152.425;2843176.792;C;False; ; ;0; ; ; ; ; ; 
TRACK;1.5.7-17;-16.47029991;-71.48523017;-1950104.927;2843179.734;C;False; ; ;0; ; ; ; ; ; 
TRACK;1.5.7-17;-16.46993861;-71.48522398;-1950062.558;2843185.183;C;False; ; ;0; ; ; ; ; ; 
TRACK;1.5.7-17;-16.46998119;-71.48597705;-1950058.011;2843099.253;C;False; ; ;0; ; ; ; ; ; 
TRACK;1.5.7-18; ; ;-1.516416327;20763369.87;C; ; ; ; ; ; ; ; ; ; 
TRACK;1.5.7-18;-16.46957032;-71.48600059;-1950009.442;2843101.984;C;False; ; ;0; ; ; ; ; ; 
TRACK;1.5.7-18;-16.46994052;-71.48600022;-1950052.94;2843097.16;C;False; ; ;0; ; ; ; ; ; 
TRACK;1.5.7-18;-16.46989822;-71.48524266;-1950057.576;2843183.596;C;False; ; ;0; ; ; ; ; ; 
TRACK;1.5.7-18;-16.46920215;-71.48528026;-1949975.321;2843188.482;C;False; ; ;0; ; ; ; ; ; 
TRACK;1.5.7-18;-16.46922496;-71.48601638;-1949968.667;2843104.732;C;False; ; ;0; ; ; ; ; ; 
TRACK;1.5.7-19; ; ;-1.516416327;20763369.87;C; ; ; ; ; ; ; ; ; ; 
TRACK;1.5.7-19;-16.46917445;-71.48604033;-1949962.429;2843102.681;C;False; ; ;0; ; ; ; ; ; 
TRACK;1.5.7-19;-16.46915532;-71.48528431;-1949969.767;2843188.637;C;False; ; ;0; ; ; ; ; ; 
TRACK;1.5.7-19;-16.46842549;-71.4853349;-1949883.381;2843192.492;C;False; ; ;0; ; ; ; ; ; 
TRACK;1.5.7-19;-16.46846849;-71.48608142;-1949878.967;2843107.298;C;False; ; ;0; ; ; ; ; ; 
TRACK;1.5.7-20; ; ;-1.516416327;20763369.87;C; ; ; ; ; ; ; ; ; ; 
TRACK;1.5.7-20;-16.46918593;-71.4867899;-1949954.273;2843017.555;C;False; ; ;0; ; ; ; ; ; 
TRACK;1.5.7-20;-16.46916702;-71.48608987;-1949960.928;2843097.162;C;False; ; ;0; ; ; ; ; ; 
TRACK;1.5.7-20;-16.46845368;-71.48611673;-1949876.78;2843103.491;C;False; ; ;0; ; ; ; ; ; 
TRACK;1.5.7-20;-16.46848922;-71.48685091;-1949871.646;2843019.794;C;False; ; ;0; ; ; ; ; ; 
TRACK;1.5.7-21; ; ;-1.516416327;20763369.87;C; ; ; ; ; ; ; ; ; ; 
TRACK;1.5.7-21;-16.46877105;-71.48526322;-1949924.888;2843196.078;C;False; ; ;0; ; ; ; ; ; 
TRACK;1.5.7-21;-16.46915474;-71.48522163;-1949970.494;2843195.75;C;False; ; ;0; ; ; ; ; ; 
TRACK;1.5.7-21;-16.46911691;-71.4844789;-1949975.467;2843280.448;C;False; ; ;0; ; ; ; ; ; 
TRACK;1.5.7-21;-16.4684054;-71.48452465;-1949891.294;2843284.611;C;False; ; ;0; ; ; ; ; ; 
TRACK;1.5.7-21;-16.46842486;-71.48527405;-1949884.078;2843199.399;C;False; ; ;0; ; ; ; ; ; 
TRACK;1.5.7-22; ; ;-1.516416327;20763369.87;C; ; ; ; ; ; ; ; ; ; 
TRACK;1.5.7-22;-16.46909703;-71.48365734;-1949983.549;2843373.845;C;False; ; ;0; ; ; ; ; ; 
TRACK;1.5.7-22;-16.46912066;-71.48289973;-1949995.933;2843459.421;C;False; ; ;0; ; ; ; ; ; 
TRACK;1.5.7-22;-16.46840165;-71.48295096;-1949910.809;2843463.063;C;False; ; ;0; ; ; ; ; ; 
TRACK;1.5.7-22;-16.46838805;-71.48370185;-1949899.689;2843378.117;C;False; ; ;0; ; ; ; ; ; 
TRACK;1.5.7-23; ; ;-1.516416327;20763369.87;C; ; ; ; ; ; ; ; ; ; 
TRACK;1.5.7-23;-16.46909202;-71.48284002;-1949993.326;2843466.567;C;False; ; ;0; ; ; ; ; ; 
TRACK;1.5.7-23;-16.4690981;-71.48208753;-1950003.583;2843551.793;C;False; ; ;0; ; ; ; ; ; 
TRACK;1.5.7-23;-16.46838985;-71.48214461;-1949919.648;2843554.631;C;False; ; ;0; ; ; ; ; ; 
TRACK;1.5.7-23;-16.46839093;-71.48287586;-1949910.501;2843471.717;C;False; ; ;0; ; ; ; ; ; 
TRACK;1.5.7-24; ; ;-1.516416327;20763369.87;C; ; ; ; ; ; ; ; ; ; 
TRACK;1.5.7-24;-16.4683338;-71.48289567;-1949903.538;2843470.223;C;False; ; ;0; ; ; ; ; ; 
TRACK;1.5.7-24;-16.46833586;-71.48215905;-1949913.122;2843553.704;C;False; ; ;0; ; ; ; ; ; 
TRACK;1.5.7-24;-16.46762536;-71.48218589;-1949829.305;2843559.999;C;False; ; ;0; ; ; ; ; ; 
TRACK;1.5.7-24;-16.46761151;-71.48292615;-1949818.291;2843476.259;C;False; ; ;0; ; ; ; ; ; 
TRACK;1.5.7-25; ; ;-1.516416327;20763369.87;C; ; ; ; ; ; ; ; ; ; 
TRACK;1.5.7-25;-16.46833961;-71.48369619;-1949894.069;2843379.394;C;False; ; ;0; ; ; ; ; ; 
TRACK;1.5.7-25;-16.46833878;-71.48294785;-1949903.462;2843464.242;C;False; ; ;0; ; ; ; ; ; 
TRACK;1.5.7-25;-16.46762197;-71.48298905;-1949818.722;2843468.991;C;False; ; ;0; ; ; ; ; ; 
TRACK;1.5.7-25;-16.4676315;-71.48371938;-1949810.581;2843386.071;C;False; ; ;0; ; ; ; ; ; 
TRACK;1.5.7-26; ; ;-1.516416327;20763369.87;C; ; ; ; ; ; ; ; ; ; 
TRACK;1.5.7-26;-16.46836591;-71.48446102;-1949887.461;2843292.343;C;False; ; ;0; ; ; ; ; ; 
TRACK;1.5.7-26;-16.46835006;-71.48375453;-1949894.558;2843372.643;C;False; ; ;0; ; ; ; ; ; 
TRACK;1.5.7-26;-16.4676314;-71.48377854;-1949809.819;2843379.365;C;False; ; ;0; ; ; ; ; ; 
TRACK;1.5.7-26;-16.46762938;-71.48450255;-1949800.402;2843297.313;C;False; ; ;0; ; ; ; ; ; 
TRACK;1.5.7-27; ; ;-1.516416327;20763369.87;C; ; ; ; ; ; ; ; ; ; 
TRACK;1.5.7-27;-16.46834542;-71.48527557;-1949874.725;2843200.271;C;False; ; ;0; ; ; ; ; ; 
TRACK;1.5.7-27;-16.46835038;-71.48453348;-1949884.718;2843284.333;C;False; ; ;0; ; ; ; ; ; 
TRACK;1.5.7-27;-16.46763975;-71.4845793;-1949800.647;2843288.476;C;False; ; ;0; ; ; ; ; ; 
TRACK;1.5.7-27;-16.46765623;-71.485287;-1949793.611;2843208.031;C;False; ; ;0; ; ; ; ; ; 
TRACK;1.5.7-28; ; ;-1.516416327;20763369.87;C; ; ; ; ; ; ; ; ; ; 
TRACK;1.5.7-28;-16.46835734;-71.48607248;-1949866.022;2843109.773;C;False; ; ;0; ; ; ; ; ; 
TRACK;1.5.7-28;-16.46834165;-71.48533943;-1949873.473;2843193.081;C;False; ; ;0; ; ; ; ; ; 
TRACK;1.5.7-28;-16.46766711;-71.48537658;-1949793.753;2843197.733;C;False; ; ;0; ; ; ; ; ; 
TRACK;1.5.7-28;-16.46769572;-71.48610288;-1949787.905;2843115.02;C;False; ; ;0; ; ; ; ; ; 
TRACK;1.5.7-31; ; ;-1.516416327;20763369.87;C; ; ; ; ; ; ; ; ; ; 
TRACK;1.5.7-31;-16.46691895;-71.48689344;-1949686.624;2843035.604;C;False; ; ;0; ; ; ; ; ; 
TRACK;1.5.7-31;-16.46764753;-71.48687368;-1949772.472;2843028.272;C;False; ; ;0; ; ; ; ; ; 
TRACK;1.5.7-31;-16.46763481;-71.48615942;-1949780.032;2843109.41;C;False; ; ;0; ; ; ; ; ; 
TRACK;1.5.7-31;-16.46659607;-71.48620114;-1949657.466;2843118.328;C;False; ; ;0; ; ; ; ; ; 
TRACK;1.5.7-31;-16.46655483;-71.48632886;-1949651.002;2843104.391;C;False; ; ;0; ; ; ; ; ; 
TRACK;1.5.7-31;-16.46643084;-71.48657534;-1949633.31;2843078.077;C;False; ; ;0; ; ; ; ; ; 
TRACK;1.5.7-31;-16.46626934;-71.48683728;-1949611.016;2843050.504;C;False; ; ;0; ; ; ; ; ; 
TRACK;1.5.7-31;-16.46653589;-71.48689395;-1949641.613;2843040.579;C;False; ; ;0; ; ; ; ; ; 
TRACK;1.5.7-32; ; ;-1.516416327;20763369.87;C; ; ; ; ; ; ; ; ; ; 
TRACK;1.5.7-32;-16.46763434;-71.48610878;-1949780.62;2843115.158;C;False; ; ;0; ; ; ; ; ; 
TRACK;1.5.7-32;-16.46761883;-71.48537846;-1949788.057;2843198.154;C;False; ; ;0; ; ; ; ; ; 
TRACK;1.5.7-32;-16.4667201;-71.48540836;-1949682.089;2843206.573;C;False; ; ;0; ; ; ; ; ; 
TRACK;1.5.7-32;-16.46666599;-71.48581639;-1949670.559;2843161.027;C;False; ; ;0; ; ; ; ; ; 
TRACK;1.5.7-32;-16.46660799;-71.48615587;-1949659.441;2843123.304;C;False; ; ;0; ; ; ; ; ; 
TRACK;1.5.7-33; ; ;-1.516416327;20763369.87;C; ; ; ; ; ; ; ; ; ; 
TRACK;1.5.7-33;-16.46762488;-71.48530825;-1949789.658;2843206.034;C;False; ; ;0; ; ; ; ; ; 
TRACK;1.5.7-33;-16.467595;-71.48457649;-1949795.425;2843289.383;C;False; ; ;0; ; ; ; ; ; 
TRACK;1.5.7-33;-16.46691192;-71.48460654;-1949714.791;2843294.952;C;False; ; ;0; ; ; ; ; ; 
TRACK;1.5.7-33;-16.46685531;-71.48465706;-1949707.5;2843289.969;C;False; ; ;0; ; ; ; ; ; 
TRACK;1.5.7-33;-16.466738;-71.48536126;-1949684.789;2843211.678;C;False; ; ;0; ; ; ; ; ; 
TRACK;1.5.7-34; ; ;-1.516416327;20763369.87;C; ; ; ; ; ; ; ; ; ; 
TRACK;1.5.7-34;-16.46758174;-71.48450808;-1949794.735;2843297.313;C;False; ; ;0; ; ; ; ; ; 
TRACK;1.5.7-34;-16.46757349;-71.48414232;-1949798.404;2843338.885;C;False; ; ;0; ; ; ; ; ; 
TRACK;1.5.7-34;-16.46758545;-71.48378811;-1949804.3;2843378.884;C;False; ; ;0; ; ; ; ; ; 
TRACK;1.5.7-34;-16.46713607;-71.48379363;-1949751.433;2843384.164;C;False; ; ;0; ; ; ; ; ; 
TRACK;1.5.7-34;-16.46681556;-71.4837815;-1949713.931;2843389.751;C;False; ; ;0; ; ; ; ; ; 
TRACK;1.5.7-34;-16.46683551;-71.48394788;-1949714.165;2843370.626;C;False; ; ;0; ; ; ; ; ; 
TRACK;1.5.7-34;-16.4668221;-71.48417994;-1949709.647;2843344.495;C;False; ; ;0; ; ; ; ; ; 
TRACK;1.5.7-34;-16.46679533;-71.48425619;-1949705.535;2843336.202;C;False; ; ;0; ; ; ; ; ; 
TRACK;1.5.7-34;-16.46677525;-71.4843083;-1949702.516;2843330.558;C;False; ; ;0; ; ; ; ; ; 
TRACK;1.5.7-34;-16.46676856;-71.48437788;-1949700.847;2843322.758;C;False; ; ;0; ; ; ; ; ; 
TRACK;1.5.7-34;-16.46677191;-71.48444051;-1949700.447;2843315.614;C;False; ; ;0; ; ; ; ; ; 
TRACK;1.5.7-34;-16.46683208;-71.48453421;-1949706.328;2843304.201;C;False; ; ;0; ; ; ; ; ; 
TRACK;1.5.7-35; ; ;-1.516416327;20763369.87;C; ; ; ; ; ; ; ; ; ; 
TRACK;1.5.7-35;-16.46758907;-71.48374453;-1949805.277;2843383.777;C;False; ; ;0; ; ; ; ; ; 
TRACK;1.5.7-35;-16.4675666;-71.48344447;-1949806.442;2843418.089;C;False; ; ;0; ; ; ; ; ; 
TRACK;1.5.7-35;-16.46757116;-71.48298177;-1949812.845;2843470.484;C;False; ; ;0; ; ; ; ; ; 
TRACK;1.5.7-35;-16.46686434;-71.48299887;-1949729.586;2843477.834;C;False; ; ;0; ; ; ; ; ; 
TRACK;1.5.7-35;-16.46678117;-71.48290842;-1949720.961;2843489.181;C;False; ; ;0; ; ; ; ; ; 
TRACK;1.5.7-35;-16.46669103;-71.48285219;-1949711.084;2843496.74;C;False; ; ;0; ; ; ; ; ; 
TRACK;1.5.7-35;-16.46656362;-71.48279878;-1949696.791;2843504.47;C;False; ; ;0; ; ; ; ; ; 
TRACK;1.5.7-35;-16.46656285;-71.48299623;-1949694.198;2843482.095;C;False; ; ;0; ; ; ; ; ; 
TRACK;1.5.7-35;-16.466606;-71.48318414;-1949696.884;2843460.225;C;False; ; ;0; ; ; ; ; ; 
TRACK;1.5.7-35;-16.46666651;-71.48326095;-1949703.02;2843450.722;C;False; ; ;0; ; ; ; ; ; 
TRACK;1.5.7-35;-16.46677404;-71.4834106;-1949713.756;2843432.344;C;False; ; ;0; ; ; ; ; ; 
TRACK;1.5.7-35;-16.46681421;-71.48347645;-1949717.64;2843424.351;C;False; ; ;0; ; ; ; ; ; 
TRACK;1.5.7-35;-16.46682757;-71.48373634;-1949715.915;2843394.713;C;False; ; ;0; ; ; ; ; ; 
TRACK;1.5.7-36; ; ;-1.516416327;20763369.87;C; ; ; ; ; ; ; ; ; ; 
TRACK;1.5.7-36;-16.46757097;-71.48293699;-1949813.391;2843475.563;C;False; ; ;0; ; ; ; ; ; 
TRACK;1.5.7-36;-16.46757336;-71.48217202;-1949823.372;2843562.255;C;False; ; ;0; ; ; ; ; ; 
TRACK;1.5.7-36;-16.46701664;-71.48219045;-1949757.73;2843567.481;C;False; ; ;0; ; ; ; ; ; 
TRACK;1.5.7-36;-16.46701664;-71.48219045;-1949757.73;2843567.481;C;False; ; ;0; ; ; ; ; ; 
TRACK;1.5.7-36;-16.46682655;-71.48219736;-1949735.309;2843569.196;C;False; ; ;0; ; ; ; ; ; 
TRACK;1.5.7-36;-16.46678132;-71.48192961;-1949733.391;2843600.144;C;False; ; ;0; ; ; ; ; ; 
TRACK;1.5.7-36;-16.46666137;-71.48191245;-1949719.515;2843603.667;C;False; ; ;0; ; ; ; ; ; 
TRACK;1.5.7-36;-16.46665221;-71.48218586;-1949714.972;2843572.79;C;False; ; ;0; ; ; ; ; ; 
TRACK;1.5.7-36;-16.46661842;-71.48235464;-1949708.862;2843554.1;C;False; ; ;0; ; ; ; ; ; 
TRACK;1.5.7-36;-16.46658769;-71.48256901;-1949702.533;2843530.202;C;False; ; ;0; ; ; ; ; ; 
TRACK;1.5.7-36;-16.46654925;-71.4827795;-1949695.347;2843506.844;C;False; ; ;0; ; ; ; ; ; 
TRACK;1.5.7-36;-16.4666642;-71.48281183;-1949708.443;2843501.668;C;False; ; ;0; ; ; ; ; ; 
TRACK;1.5.7-36;-16.46675184;-71.48285024;-1949718.253;2843496.162;C;False; ; ;0; ; ; ; ; ; 
TRACK;1.5.7-36;-16.46681743;-71.48288733;-1949725.489;2843491.095;C;False; ; ;0; ; ; ; ; ; 
TRACK;1.5.7-36;-16.46687392;-71.48295632;-1949731.251;2843482.532;C;False; ; ;0; ; ; ; ; ; 
TRACK;1.5.7-37; ; ;-1.516416327;20763369.87;C; ; ; ; ; ; ; ; ; ; 
TRACK;1.5.7-37;-16.46798831;-71.48211172;-1949872.888;2843563.637;C;False; ; ;0; ; ; ; ; ; 
TRACK;1.5.7-37;-16.46869484;-71.48208257;-1949956.267;2843557.656;C;False; ; ;0; ; ; ; ; ; 
TRACK;1.5.7-37;-16.46871859;-71.48132142;-1949968.711;2843643.634;C;False; ; ;0; ; ; ; ; ; 
TRACK;1.5.7-37;-16.46706499;-71.48139787;-1949773.461;2843656.699;C;False; ; ;0; ; ; ; ; ; 
TRACK;1.5.7-37;-16.46660004;-71.48140143;-1949718.789;2843662.406;C;False; ; ;0; ; ; ; ; ; 
TRACK;1.5.7-37;-16.46666194;-71.48187494;-1949720.057;2843607.912;C;False; ; ;0; ; ; ; ; ; 
TRACK;1.5.7-37;-16.46683244;-71.48189651;-1949739.815;2843603.226;C;False; ; ;0; ; ; ; ; ; 
TRACK;1.5.7-37;-16.46682896;-71.48207881;-1949737.096;2843582.604;C;False; ; ;0; ; ; ; ; ; 
TRACK;1.5.7-37;-16.46686249;-71.48215378;-1949740.084;2843573.665;C;False; ; ;0; ; ; ; ; ; 
TRACK;1.5.7-39; ; ;-1.516416327;20763369.87;C; ; ; ; ; ; ; ; ; ; 
TRACK;1.5.7-39;-16.46654541;-71.48322352;-1949689.266;2843456.557;C;False; ; ;0; ; ; ; ; ; 
TRACK;1.5.7-39;-16.46650352;-71.48296231;-1949687.657;2843486.72;C;False; ; ;0; ; ; ; ; ; 
TRACK;1.5.7-39;-16.4665007;-71.48273868;-1949690.162;2843512.11;C;False; ; ;0; ; ; ; ; ; 
TRACK;1.5.7-39;-16.46652485;-71.48256364;-1949695.218;2843531.636;C;False; ; ;0; ; ; ; ; ; 
TRACK;1.5.7-39;-16.46657191;-71.48227826;-1949704.366;2843563.37;C;False; ; ;0; ; ; ; ; ; 
TRACK;1.5.7-39;-16.46658883;-71.48211536;-1949708.42;2843581.616;C;False; ; ;0; ; ; ; ; ; 
TRACK;1.5.7-39;-16.46661715;-71.48187834;-1949714.751;2843608.115;C;False; ; ;0; ; ; ; ; ; 
TRACK;1.5.7-39;-16.46651123;-71.48184589;-1949702.719;2843613.186;C;False; ; ;0; ; ; ; ; ; 
TRACK;1.5.7-39;-16.46643346;-71.48178794;-1949694.317;2843620.777;C;False; ; ;0; ; ; ; ; ; 
TRACK;1.5.7-39;-16.4663785;-71.48173803;-1949688.493;2843627.157;C;False; ; ;0; ; ; ; ; ; 
TRACK;1.5.7-39;-16.46631947;-71.48171585;-1949681.838;2843630.448;C;False; ; ;0; ; ; ; ; ; 
TRACK;1.5.7-39;-16.46616048;-71.48170142;-1949663.342;2843634.174;C;False; ; ;0; ; ; ; ; ; 
TRACK;1.5.7-39;-16.46617998;-71.48199099;-1949661.961;2843601.088;C;False; ; ;0; ; ; ; ; ; 
TRACK;1.5.7-39;-16.46638605;-71.48202496;-1949685.741;2843594.53;C;False; ; ;0; ; ; ; ; ; 
TRACK;1.5.7-39;-16.46646808;-71.48206275;-1949694.9;2843589.168;C;False; ; ;0; ; ; ; ; ; 
TRACK;1.5.7-39;-16.46638808;-71.48267864;-1949677.691;2843520.396;C;False; ; ;0; ; ; ; ; ; 
TRACK;1.5.7-39;-16.4662347;-71.48264209;-1949660.134;2843526.556;C;False; ; ;0; ; ; ; ; ; 
TRACK;1.5.7-39;-16.46620757;-71.48324644;-1949649.284;2843458.398;C;False; ; ;0; ; ; ; ; ; 
TRACK;1.5.7-41; ; ;-1.516416327;20763369.87;C; ; ; ; ; ; ; ; ; ; 
TRACK;1.5.7-41;-16.4660285;-71.4870337;-1949580.23;2843031.402;C;False; ; ;0; ; ; ; ; ; 
TRACK;1.5.7-41;-16.46616503;-71.48687433;-1949598.291;2843047.675;C;False; ; ;0; ; ; ; ; ; 
TRACK;1.5.7-41;-16.46631273;-71.48663032;-1949618.738;2843073.396;C;False; ; ;0; ; ; ; ; ; 
TRACK;1.5.7-41;-16.46644411;-71.48637138;-1949637.455;2843101.026;C;False; ; ;0; ; ; ; ; ; 
TRACK;1.5.7-41;-16.4665287;-71.48615426;-1949650.146;2843124.528;C;False; ; ;0; ; ; ; ; ; 
TRACK;1.5.7-41;-16.46659754;-71.48579771;-1949662.754;2843164.044;C;False; ; ;0; ; ; ; ; ; 
TRACK;1.5.7-41;-16.46667002;-71.48533837;-1949677.092;2843215.165;C;False; ; ;0; ; ; ; ; ; 
TRACK;1.5.7-41;-16.4667271;-71.4849639;-1949688.546;2843256.868;C;False; ; ;0; ; ; ; ; ; 
TRACK;1.5.7-41;-16.46679122;-71.48465596;-1949699.984;2843290.936;C;False; ; ;0; ; ; ; ; ; 
TRACK;1.5.7-41;-16.4668025;-71.48460884;-1949701.906;2843296.129;C;False; ; ;0; ; ; ; ; ; 
TRACK;1.5.7-41;-16.46675263;-71.48448007;-1949697.68;2843311.383;C;False; ; ;0; ; ; ; ; ; 
TRACK;1.5.7-41;-16.46670263;-71.48445822;-1949692.083;2843314.517;C;False; ; ;0; ; ; ; ; ; 
TRACK;1.5.7-41;-16.4666811;-71.48459228;-1949687.853;2843299.601;C;False; ; ;0; ; ; ; ; ; 
TRACK;1.5.7-41;-16.46664312;-71.48469429;-1949682.098;2843288.537;C;False; ; ;0; ; ; ; ; ; 
TRACK;1.5.7-41;-16.46657826;-71.48485603;-1949672.427;2843271.053;C;False; ; ;0; ; ; ; ; ; 
TRACK;1.5.7-41;-16.46652462;-71.48497896;-1949664.567;2843257.821;C;False; ; ;0; ; ; ; ; ; 
TRACK;1.5.7-41;-16.46649108;-71.4850787;-1949659.362;2843246.955;C;False; ; ;0; ; ; ; ; ; 
TRACK;1.5.7-41;-16.46648479;-71.48517272;-1949657.431;2843236.379;C;False; ; ;0; ; ; ; ; ; 
TRACK;1.5.7-41;-16.466449;-71.48534798;-1949651.004;2843216.98;C;False; ; ;0; ; ; ; ; ; 
TRACK;1.5.7-41;-16.46642751;-71.48545549;-1949647.116;2843205.075;C;False; ; ;0; ; ; ; ; ; 
TRACK;1.5.7-41;-16.46637228;-71.48598901;-1949633.864;2843145.317;C;False; ; ;0; ; ; ; ; ; 
TRACK;1.5.7-41;-16.46626227;-71.48635579;-1949616.289;2843105.182;C;False; ; ;0; ; ; ; ; ; 
TRACK;1.5.7-41;-16.46612966;-71.48632369;-1949601.116;2843110.563;C;False; ; ;0; ; ; ; ; ; 
TRACK;1.5.7-41;-16.46597656;-71.48619774;-1949584.726;2843126.853;C;False; ; ;0; ; ; ; ; ; 
TRACK;1.5.7-41;-16.46580366;-71.48652808;-1949560.224;2843091.675;C;False; ; ;0; ; ; ; ; ; 
TRACK;1.5.7-41;-16.46570129;-71.4866917;-1949546.124;2843074.471;C;False; ; ;0; ; ; ; ; ; 
TRACK;1.5.7-41;-16.46570962;-71.48677705;-1949546.021;2843064.686;C;False; ; ;0; ; ; ; ; ; 
TRACK;1.5.7-41;-16.4657652;-71.48684562;-1949551.681;2843056.182;C;False; ; ;0; ; ; ; ; ; 
TRACK;1.5.7-42; ; ;-1.516416327;20763369.87;C; ; ; ; ; ; ; ; ; ; 
TRACK;1.5.7-42;-16.46834777;-71.48613239;-1949864.139;2843103.106;C;False; ; ;0; ; ; ; ; ; 
TRACK;1.5.7-42;-16.46766698;-71.48615206;-1949783.906;2843109.822;C;False; ; ;0; ; ; ; ; ; 
TRACK;1.5.7-42;-16.46768215;-71.48689332;-1949776.291;2843025.59;C;False; ; ;0; ; ; ; ; ; 
TRACK;1.5.7-42;-16.46837839;-71.48685274;-1949858.603;2843021.043;C;False; ; ;0; ; ; ; ; ; 
TRACK;1.5.7-43; ; ;-1.516416327;20763369.87;C; ; ; ; ; ; ; ; ; ; 
TRACK;1.5.7-43;-16.470701;-71.48602628;-1950141.954;2843084.213;C;False; ; ;0; ; ; ; ; ; 
TRACK;1.5.7-43;-16.46997806;-71.48606215;-1950056.565;2843089.647;C;False; ; ;0; ; ; ; ; ; 
TRACK;1.5.7-43;-16.46997986;-71.4868022;-1950047.393;2843005.729;C;False; ; ;0; ; ; ; ; ; 
TRACK;1.5.7-43;-16.47073293;-71.48671425;-1950136.982;2843005.803;C;False; ; ;0; ; ; ; ; ; 
TRACK;1.5.8-11; ; ;-1.516416327;20763369.87;C; ; ; ; ; ; ; ; ; ; 
TRACK;1.5.8-11;-16.46319967;-71.49011049;-1949208.89;2842719.756;C;False; ; ;0; ; ; ; ; ; 
TRACK;1.5.8-11;-16.46325822;-71.48973073;-1949220.58;2842762.038;C;False; ; ;0; ; ; ; ; ; 
TRACK;1.5.8-11;-16.46279346;-71.48960713;-1949167.545;2842782.154;C;False; ; ;0; ; ; ; ; ; 
TRACK;1.5.8-11;-16.46271701;-71.49005564;-1949152.879;2842732.313;C;False; ; ;0; ; ; ; ; ; 
TRACK;1.5.8-13; ; ;-1.516416327;20763369.87;C; ; ; ; ; ; ; ; ; ; 
TRACK;1.5.8-13;-16.46308964;-71.48872231;-1949213.555;2842878.574;C;False; ; ;0; ; ; ; ; ; 
TRACK;1.5.8-13;-16.46338339;-71.48851279;-1949250.722;2842898.469;C;False; ; ;0; ; ; ; ; ; 
TRACK;1.5.8-13;-16.46361119;-71.48833353;-1949279.757;2842915.798;C;False; ; ;0; ; ; ; ; ; 
TRACK;1.5.8-13;-16.46370148;-71.48827642;-1949291.088;2842921.087;C;False; ; ;0; ; ; ; ; ; 
TRACK;1.5.8-13;-16.46382486;-71.48825629;-1949305.838;2842921.748;C;False; ; ;0; ; ; ; ; ; 
TRACK;1.5.8-13;-16.46392876;-71.48819398;-1949318.835;2842927.447;C;False; ; ;0; ; ; ; ; ; 
TRACK;1.5.8-13;-16.46412111;-71.48806206;-1949343.105;2842939.877;C;False; ; ;0; ; ; ; ; ; 
TRACK;1.5.8-13;-16.46428409;-71.48792452;-1949363.996;2842953.328;C;False; ; ;0; ; ; ; ; ; 
TRACK;1.5.8-13;-16.46442892;-71.48778526;-1949382.777;2842967.213;C;False; ; ;0; ; ; ; ; ; 
TRACK;1.5.8-13;-16.46454888;-71.48761528;-1949399.025;2842984.907;C;False; ; ;0; ; ; ; ; ; 
TRACK;1.5.8-13;-16.46482126;-71.48744716;-1949433.156;2843000.388;C;False; ; ;0; ; ; ; ; ; 
TRACK;1.5.8-13;-16.46519774;-71.48731497;-1949479.062;2843010.429;C;False; ; ;0; ; ; ; ; ; 
TRACK;1.5.8-13;-16.46550194;-71.48723367;-1949515.832;2843015.649;C;False; ; ;0; ; ; ; ; ; 
TRACK;1.5.8-13;-16.46562771;-71.48720661;-1949530.952;2843017.065;C;False; ; ;0; ; ; ; ; ; 
TRACK;1.5.8-13;-16.46583195;-71.48707856;-1949556.571;2843028.898;C;False; ; ;0; ; ; ; ; ; 
TRACK;1.5.8-13;-16.46593893;-71.48700975;-1949570.011;2843035.293;C;False; ; ;0; ; ; ; ; ; 
TRACK;1.5.8-13;-16.46578913;-71.48687757;-1949554.087;2843052.246;C;False; ; ;0; ; ; ; ; ; 
TRACK;1.5.8-13;-16.46534799;-71.48703808;-1949500.225;2843039.845;C;False; ; ;0; ; ; ; ; ; 
TRACK;1.5.8-13;-16.46502607;-71.48707224;-1949461.97;2843040.201;C;False; ; ;0; ; ; ; ; ; 
TRACK;1.5.8-13;-16.46465251;-71.48732803;-1949414.841;2843016.11;C;False; ; ;0; ; ; ; ; ; 
TRACK;1.5.8-13;-16.46447796;-71.48715993;-1949396.465;2843037.46;C;False; ; ;0; ; ; ; ; ; 
TRACK;1.5.8-13;-16.46417621;-71.48757405;-1949355.764;2842994.476;C;False; ; ;0; ; ; ; ; ; 
TRACK;1.5.8-13;-16.46390427;-71.48785276;-1949320.282;2842966.452;C;False; ; ;0; ; ; ; ; ; 
TRACK;1.5.8-13;-16.46378878;-71.48803057;-1949304.46;2842947.811;C;False; ; ;0; ; ; ; ; ; 
TRACK;1.5.8-13;-16.46356264;-71.48815867;-1949276.269;2842936.259;C;False; ; ;0; ; ; ; ; ; 
TRACK;1.5.8-13;-16.46324188;-71.4883386;-1949236.304;2842920.074;C;False; ; ;0; ; ; ; ; ; 
TRACK;1.5.8-13;-16.46283152;-71.48865272;-1949184.111;2842889.853;C;False; ; ;0; ; ; ; ; ; 
TRACK;1.5.8-13;-16.46254983;-71.48872119;-1949150.149;2842885.79;C;False; ; ;0; ; ; ; ; ; 
TRACK;1.5.8-13;-16.46226678;-71.48862531;-1949118.11;2842900.377;C;False; ; ;0; ; ; ; ; ; 
TRACK;1.5.8-13;-16.46218521;-71.48888717;-1949105.209;2842871.762;C;False; ; ;0; ; ; ; ; ; 
TRACK;1.5.8-13;-16.46253015;-71.4888922;-1949145.671;2842866.662;C;False; ; ;0; ; ; ; ; ; 
TRACK;1.5.8-13;-16.46254798;-71.48895641;-1949146.951;2842859.148;C;False; ; ;0; ; ; ; ; ; 
TRACK;1.5.8-14; ; ;-1.516416327;20763369.87;C; ; ; ; ; ; ; ; ; ; 
TRACK;1.5.8-14;-16.46631726;-71.48723893;-1949611.554;2843004.342;C;False; ; ;0; ; ; ; ; ; 
TRACK;1.5.8-14;-16.46670607;-71.487332;-1949656.054;2842988.683;C;False; ; ;0; ; ; ; ; ; 
TRACK;1.5.8-14;-16.46671784;-71.48699352;-1949661.728;2843026.9;C;False; ; ;0; ; ; ; ; ; 
TRACK;1.5.8-14;-16.46641862;-71.48697676;-1949626.786;2843032.732;C;False; ; ;0; ; ; ; ; ; 
TRACK;1.5.8-14;-16.46619168;-71.48693321;-1949600.676;2843040.65;C;False; ; ;0; ; ; ; ; ; 
TRACK;1.5.8-14;-16.465987;-71.48721867;-1949573.01;2843010.978;C;False; ; ;0; ; ; ; ; ; 
TRACK;1.5.8-15; ; ;-1.516416327;20763369.87;C; ; ; ; ; ; ; ; ; ; 
TRACK;1.5.8-15;-16.46573123;-71.48731325;-1949541.762;2843003.616;C;False; ; ;0; ; ; ; ; ; 
TRACK;1.5.8-15;-16.46592946;-71.48714444;-1949567.191;2843020.149;C;False; ; ;0; ; ; ; ; ; 
TRACK;1.5.8-15;-16.46587644;-71.4871014;-1949561.508;2843025.725;C;False; ; ;0; ; ; ; ; ; 
TRACK;1.5.8-15;-16.4656366;-71.48723727;-1949531.608;2843013.472;C;False; ; ;0; ; ; ; ; ; 
TRACK;1.5.8-15;-16.46550928;-71.48727411;-1949516.182;2843010.968;C;False; ; ;0; ; ; ; ; ; 
TRACK;1.5.8-15;-16.46526859;-71.48734836;-1949486.964;2843005.713;C;False; ; ;0; ; ; ; ; ; 
TRACK;1.5.8-15;-16.46492299;-71.48745712;-1949444.982;2842997.922;C;False; ; ;0; ; ; ; ; ; 
TRACK;1.5.8-15;-16.46513383;-71.48768224;-1949466.899;2842969.633;C;False; ; ;0; ; ; ; ; ; 
TRACK;1.5.8-15;-16.46550603;-71.48744377;-1949513.65;2842991.777;C;False; ; ;0; ; ; ; ; ; 
TRACK;1.5.8-17; ; ;-1.516416327;20763369.87;C; ; ; ; ; ; ; ; ; ; 
TRACK;1.5.8-17;-16.46466496;-71.49329507;-1949340.682;2842339.496;C;False; ; ;0; ; ; ; ; ; 
TRACK;1.5.8-17;-16.4648117;-71.4933077;-1949357.762;2842336.138;C;False; ; ;0; ; ; ; ; ; 
TRACK;1.5.8-17;-16.46535974;-71.49363403;-1949418.011;2842291.947;C;False; ; ;0; ; ; ; ; ; 
TRACK;1.5.8-17;-16.46565259;-71.49374568;-1949451;2842275.445;C;False; ; ;0; ; ; ; ; ; 
TRACK;1.5.8-17;-16.46585465;-71.49382143;-1949473.779;2842264.204;C;False; ; ;0; ; ; ; ; ; 
TRACK;1.5.8-17;-16.46610331;-71.49388742;-1949502.155;2842253.458;C;False; ; ;0; ; ; ; ; ; 
TRACK;1.5.8-17;-16.46661757;-71.49398961;-1949561.276;2842235.12;C;False; ; ;0; ; ; ; ; ; 
TRACK;1.5.8-17;-16.46668293;-71.4937279;-1949572.271;2842263.93;C;False; ; ;0; ; ; ; ; ; 
TRACK;1.5.8-17;-16.46658908;-71.49345141;-1949564.749;2842296.506;C;False; ; ;0; ; ; ; ; ; 
TRACK;1.5.8-17;-16.4665336;-71.49320602;-1949561.341;2842325.051;C;False; ; ;0; ; ; ; ; ; 
TRACK;1.5.8-17;-16.46633209;-71.49285808;-1949542.077;2842367.141;C;False; ; ;0; ; ; ; ; ; 
TRACK;1.5.8-17;-16.46618186;-71.49291175;-1949523.747;2842363.03;C;False; ; ;0; ; ; ; ; ; 
TRACK;1.5.8-17;-16.46597244;-71.49259146;-1949503.202;2842402.089;C;False; ; ;0; ; ; ; ; ; 
TRACK;1.5.8-17;-16.46582293;-71.49262317;-1949485.236;2842400.457;C;False; ; ;0; ; ; ; ; ; 
TRACK;1.5.8-17;-16.46558864;-71.4925829;-1949458.222;2842408.1;C;False; ; ;0; ; ; ; ; ; 
TRACK;1.5.8-17;-16.46523794;-71.49229605;-1949420.656;2842445.224;C;False; ; ;0; ; ; ; ; ; 
TRACK;1.5.8-17;-16.46509619;-71.49217454;-1949405.543;2842460.859;C;False; ; ;0; ; ; ; ; ; 
TRACK;1.5.8-17;-16.46497627;-71.49178586;-1949396.379;2842506.497;C;False; ; ;0; ; ; ; ; ; 
TRACK;1.5.8-17;-16.464886;-71.49159756;-1949388.16;2842529.028;C;False; ; ;0; ; ; ; ; ; 
TRACK;1.5.8-17;-16.46454342;-71.4914619;-1949349.633;2842548.907;C;False; ; ;0; ; ; ; ; ; 
TRACK;1.5.8-17;-16.4645961;-71.49107098;-1949360.776;2842592.531;C;False; ; ;0; ; ; ; ; ; 
TRACK;1.5.8-17;-16.46469331;-71.49066666;-1949377.319;2842637.09;C;False; ; ;0; ; ; ; ; ; 
TRACK;1.5.8-17;-16.46468254;-71.49046478;-1949378.612;2842660.117;C;False; ; ;0; ; ; ; ; ; 
TRACK;1.5.8-17;-16.46459633;-71.49026283;-1949371.044;2842684.143;C;False; ; ;0; ; ; ; ; ; 
TRACK;1.5.8-17;-16.46449387;-71.48998211;-1949362.565;2842717.313;C;False; ; ;0; ; ; ; ; ; 
TRACK;1.5.8-17;-16.46438042;-71.48965606;-1949353.368;2842755.765;C;False; ; ;0; ; ; ; ; ; 
TRACK;1.5.8-17;-16.46459245;-71.48900754;-1949386.498;2842826.5;C;False; ; ;0; ; ; ; ; ; 
TRACK;1.5.8-17;-16.46466918;-71.48899647;-1949395.653;2842826.748;C;False; ; ;0; ; ; ; ; ; 
TRACK;1.5.8-17;-16.46500042;-71.48821619;-1949444.458;2842910.853;C;False; ; ;0; ; ; ; ; ; 
TRACK;1.5.8-17;-16.46493493;-71.48812923;-1949437.866;2842921.572;C;False; ; ;0; ; ; ; ; ; 
TRACK;1.5.8-17;-16.46471409;-71.4884257;-1949408.163;2842890.863;C;False; ; ;0; ; ; ; ; ; 
TRACK;1.5.8-17;-16.46451461;-71.48896992;-1949377.829;2842831.787;C;False; ; ;0; ; ; ; ; ; 
TRACK;1.5.8-17;-16.46423901;-71.48978334;-1949335.142;2842743.193;C;False; ; ;0; ; ; ; ; ; 
TRACK;1.5.8-17;-16.46417883;-71.49114685;-1949310.791;2842589.41;C;False; ; ;0; ; ; ; ; ; 
TRACK;1.5.8-17;-16.46414763;-71.49151578;-1949302.451;2842547.997;C;False; ; ;0; ; ; ; ; ; 
TRACK;1.5.8-17;-16.46411993;-71.49182778;-1949295.244;2842512.99;C;False; ; ;0; ; ; ; ; ; 
TRACK;1.5.8-17;-16.46437703;-71.49328781;-1949306.947;2842344.1;C;False; ; ;0; ; ; ; ; ; 
TRACK;1.5.8-18; ; ;-1.516416327;20763369.87;C; ; ; ; ; ; ; ; ; ; 
TRACK;1.5.8-18;-16.46595294;-71.48780724;-1949561.548;2842944.702;C;False; ; ;0; ; ; ; ; ; 
TRACK;1.5.8-18;-16.4659716;-71.48723597;-1949570.982;2843009.219;C;False; ; ;0; ; ; ; ; ; 
TRACK;1.5.8-18;-16.46575216;-71.48741636;-1949542.914;2842991.651;C;False; ; ;0; ; ; ; ; ; 
TRACK;1.5.8-18;-16.46538511;-71.48761434;-1949497.282;2842974.028;C;False; ; ;0; ; ; ; ; ; 
TRACK;1.5.8-18;-16.46525208;-71.48771694;-1949480.352;2842964.145;C;False; ; ;0; ; ; ; ; ; 
TRACK;1.5.8-18;-16.46581499;-71.4881832;-1949540.575;2842903.893;C;False; ; ;0; ; ; ; ; ; 
TRACK;1.5.8-2; ; ;-1.516416327;20763369.87;C; ; ; ; ; ; ; ; ; ; 
TRACK;1.5.8-2;-16.46427647;-71.49326372;-1949295.438;2842348.151;C;False; ; ;0; ; ; ; ; ; 
TRACK;1.5.8-2;-16.46413985;-71.49244048;-1949289.819;2842443.271;C;False; ; ;0; ; ; ; ; ; 
TRACK;1.5.8-2;-16.46410016;-71.49211844;-1949289.238;2842480.3;C;False; ; ;0; ; ; ; ; ; 
TRACK;1.5.8-2;-16.46405592;-71.49188271;-1949287.027;2842507.603;C;False; ; ;0; ; ; ; ; ; 
TRACK;1.5.8-2;-16.46402165;-71.49186889;-1949283.177;2842509.621;C;False; ; ;0; ; ; ; ; ; 
TRACK;1.5.8-2;-16.46357602;-71.49220413;-1949226.574;2842477.468;C;False; ; ;0; ; ; ; ; ; 
TRACK;1.5.8-2;-16.46341711;-71.49234906;-1949206.069;2842463.125;C;False; ; ;0; ; ; ; ; ; 
TRACK;1.5.8-2;-16.46331743;-71.49241992;-1949193.461;2842456.401;C;False; ; ;0; ; ; ; ; ; 
TRACK;1.5.8-2;-16.46345259;-71.49258935;-1949207.192;2842435.419;C;False; ; ;0; ; ; ; ; ; 
TRACK;1.5.8-2;-16.46356263;-71.49272225;-1949218.436;2842418.908;C;False; ; ;0; ; ; ; ; ; 
TRACK;1.5.8-2;-16.46366644;-71.49282998;-1949229.267;2842405.332;C;False; ; ;0; ; ; ; ; ; 
TRACK;1.5.8-2;-16.46373824;-71.49293738;-1949236.341;2842392.214;C;False; ; ;0; ; ; ; ; ; 
TRACK;1.5.8-2;-16.46377129;-71.49302403;-1949239.126;2842381.957;C;False; ; ;0; ; ; ; ; ; 
TRACK;1.5.8-2;-16.46380918;-71.49325309;-1949240.675;2842355.493;C;False; ; ;0; ; ; ; ; ; 
TRACK;1.5.8-4; ; ;-1.516416327;20763369.87;C; ; ; ; ; ; ; ; ; ; 
TRACK;1.5.8-4;-16.46318045;-71.4922234;-1949179.858;2842480.478;C;False; ; ;0; ; ; ; ; ; 
TRACK;1.5.8-4;-16.46302927;-71.49170453;-1949168.671;2842541.285;C;False; ; ;0; ; ; ; ; ; 
TRACK;1.5.8-4;-16.46282462;-71.49176321;-1949143.885;2842537.32;C;False; ; ;0; ; ; ; ; ; 
TRACK;1.5.8-4;-16.46259901;-71.4918283;-1949116.555;2842532.903;C;False; ; ;0; ; ; ; ; ; 
TRACK;1.5.8-4;-16.46270195;-71.49212811;-1949124.849;2842497.564;C;False; ; ;0; ; ; ; ; ; 
TRACK;1.5.8-4;-16.4628258;-71.49232284;-1949136.932;2842473.863;C;False; ; ;0; ; ; ; ; ; 
TRACK;1.5.8-6; ; ;-1.516416327;20763369.87;C; ; ; ; ; ; ; ; ; ; 
TRACK;1.5.8-6;-16.46301721;-71.49162479;-1949168.264;2842550.483;C;False; ; ;0; ; ; ; ; ; 
TRACK;1.5.8-6;-16.46296039;-71.49143181;-1949164.035;2842573.107;C;False; ; ;0; ; ; ; ; ; 
TRACK;1.5.8-6;-16.46294354;-71.49137018;-1949162.836;2842580.314;C;False; ; ;0; ; ; ; ; ; 
TRACK;1.5.8-6;-16.46265921;-71.49132557;-1949129.997;2842589.106;C;False; ; ;0; ; ; ; ; ; 
TRACK;1.5.8-6;-16.46217496;-71.49145933;-1949071.411;2842580.3;C;False; ; ;0; ; ; ; ; ; 
TRACK;1.5.8-6;-16.4623104;-71.49186317;-1949082.207;2842532.74;C;False; ; ;0; ; ; ; ; ; 
TRACK;1.5.8-7; ; ;-1.516416327;20763369.87;C; ; ; ; ; ; ; ; ; ; 
TRACK;1.5.8-7;-16.4625772;-71.49126335;-1949121.151;2842597.235;C;False; ; ;0; ; ; ; ; ; 
TRACK;1.5.8-7;-16.46276211;-71.49124919;-1949143.053;2842596.413;C;False; ; ;0; ; ; ; ; ; 
TRACK;1.5.8-7;-16.46293863;-71.49129986;-1949163.15;2842588.351;C;False; ; ;0; ; ; ; ; ; 
TRACK;1.5.8-7;-16.46300657;-71.4909003;-1949176.196;2842632.755;C;False; ; ;0; ; ; ; ; ; 
TRACK;1.5.8-7;-16.46270713;-71.4908668;-1949141.441;2842640.485;C;False; ; ;0; ; ; ; ; ; 
TRACK;1.5.8-7;-16.46247504;-71.49089984;-1949113.755;2842639.787;C;False; ; ;0; ; ; ; ; ; 
TRACK;1.5.8-7;-16.46222205;-71.49097065;-1949083.136;2842635.081;C;False; ; ;0; ; ; ; ; ; 
TRACK;1.5.8-7;-16.46197749;-71.49103595;-1949053.577;2842630.89;C;False; ; ;0; ; ; ; ; ; 
TRACK;1.5.8-7;-16.46215932;-71.49139623;-1949070.373;2842587.659;C;False; ; ;0; ; ; ; ; ; 
TRACK;1.5.8-8; ; ;-1.516416327;20763369.87;C; ; ; ; ; ; ; ; ; ; 
TRACK;1.5.8-8;-16.46261607;-71.49081643;-1949131.381;2842647.39;C;False; ; ;0; ; ; ; ; ; 
TRACK;1.5.8-8;-16.46261631;-71.49030244;-1949137.921;2842705.657;C;False; ; ;0; ; ; ; ; ; 
TRACK;1.5.8-8;-16.46229296;-71.49031752;-1949099.742;2842708.193;C;False; ; ;0; ; ; ; ; ; 
TRACK;1.5.8-8;-16.46178855;-71.49024215;-1949041.437;2842723.362;C;False; ; ;0; ; ; ; ; ; 
TRACK;1.5.8-8;-16.4617266;-71.49040075;-1949032.149;2842706.195;C;False; ; ;0; ; ; ; ; ; 
TRACK;1.5.8-8;-16.46196344;-71.49071428;-1949056.001;2842667.54;C;False; ; ;0; ; ; ; ; ; 
TRACK;1.5.8-8;-16.4620402;-71.49089936;-1949062.674;2842645.551;C;False; ; ;0; ; ; ; ; ; 
TRACK;1.5.8-8;-16.46225105;-71.49087832;-1949087.712;2842645.167;C;False; ; ;0; ; ; ; ; ; 
TRACK;1.5.9-11; ; ;-1.516416327;20763369.87;C; ; ; ; ; ; ; ; ; ; 
TRACK;1.5.9-11;-16.46812412;-71.49445159;-1949732.412;2842162.965;C;False; ; ;0; ; ; ; ; ; 
TRACK;1.5.9-11;-16.46809362;-71.49407571;-1949733.592;2842205.975;C;False; ; ;0; ; ; ; ; ; 
TRACK;1.5.9-11;-16.46777477;-71.4941018;-1949695.803;2842207.205;C;False; ; ;0; ; ; ; ; ; 
TRACK;1.5.9-11;-16.46776163;-71.49382352;-1949697.786;2842238.923;C;False; ; ;0; ; ; ; ; ; 
TRACK;1.5.9-11;-16.46760736;-71.49383185;-1949679.557;2842240.005;C;False; ; ;0; ; ; ; ; ; 
TRACK;1.5.9-11;-16.4676482;-71.49430269;-1949678.388;2842186.094;C;False; ; ;0; ; ; ; ; ; 
TRACK;1.5.9-12; ; ;-1.516416327;20763369.87;C; ; ; ; ; ; ; ; ; ; 
TRACK;1.5.9-12;-16.46803856;-71.49303666;-1949740.292;2842324.485;C;False; ; ;0; ; ; ; ; ; 
TRACK;1.5.9-12;-16.46776885;-71.4930555;-1949708.367;2842325.891;C;False; ; ;0; ; ; ; ; ; 
TRACK;1.5.9-12;-16.46782289;-71.4940463;-1949702.16;2842212.864;C;False; ; ;0; ; ; ; ; ; 
TRACK;1.5.9-12;-16.46810283;-71.49402393;-1949735.33;2842211.724;C;False; ; ;0; ; ; ; ; ; 
TRACK;1.5.9-7; ; ;-1.516416327;20763369.87;C; ; ; ; ; ; ; ; ; ; 
TRACK;1.5.9-7;-16.4677536;-71.49375175;-1949697.753;2842247.165;C;False; ; ;0; ; ; ; ; ; 
TRACK;1.5.9-7;-16.46770161;-71.49278808;-1949703.857;2842357.089;C;False; ; ;0; ; ; ; ; ; 
TRACK;1.5.9-7;-16.46803021;-71.49277588;-1949742.616;2842354.157;C;False; ; ;0; ; ; ; ; ; 
TRACK;1.5.9-7;-16.46803264;-71.49247589;-1949746.703;2842388.131;C;False; ; ;0; ; ; ; ; ; 
TRACK;1.5.9-7;-16.46754934;-71.49250198;-1949689.594;2842391.522;C;False; ; ;0; ; ; ; ; ; 
TRACK;1.5.9-7;-16.46759813;-71.49375768;-1949679.413;2842248.534;C;False; ; ;0; ; ; ; ; ; 
TRACK;1.5.10-17; ; ;-1.516416327;20763369.87;C; ; ; ; ; ; ; ; ; ; 
TRACK;1.5.10-17;-16.47067105;-71.49170145;-1950066.485;2842441.264;C;False; ; ;0; ; ; ; ; ; 
TRACK;1.5.10-17;-16.47094613;-71.49028161;-1950116.8;2842598.603;C;False; ; ;0; ; ; ; ; ; 
TRACK;1.5.10-17;-16.47096208;-71.49019105;-1950119.822;2842608.659;C;False; ; ;0; ; ; ; ; ; 
TRACK;1.5.10-17;-16.47075329;-71.49015248;-1950095.782;2842615.774;C;False; ; ;0; ; ; ; ; ; 
TRACK;1.5.10-17;-16.47048301;-71.49006406;-1950065.15;2842629.348;C;False; ; ;0; ; ; ; ; ; 
TRACK;1.5.10-17;-16.47036844;-71.49031673;-1950048.487;2842602.211;C;False; ; ;0; ; ; ; ; ; 
TRACK;1.5.10-17;-16.47029147;-71.49165312;-1950022.503;2842451.729;C;False; ; ;0; ; ; ; ; ; 
TRACK;1.5.12-10; ; ;-1.516416327;20763369.87;C; ; ; ; ; ; ; ; ; ; 
TRACK;1.5.12-10;-16.47852137;-71.49780969;-1950911.301;2841645.732;C;False; ; ;0; ; ; ; ; ; 
TRACK;1.5.12-10;-16.47863545;-71.49728825;-1950931.313;2841703.338;C;False; ; ;0; ; ; ; ; ; 
TRACK;1.5.12-10;-16.4783343;-71.49719169;-1950897.159;2841718.24;C;False; ; ;0; ; ; ; ; ; 
TRACK;1.5.12-10;-16.47821684;-71.49772671;-1950876.579;2841659.139;C;False; ; ;0; ; ; ; ; ; 
TRACK;1.5.12-3; ; ;-1.516416327;20763369.87;C; ; ; ; ; ; ; ; ; ; 
TRACK;1.5.12-3;-16.4791773;-71.49803384;-1950985.516;2841611.707;C;False; ; ;0; ; ; ; ; ; 
TRACK;1.5.12-3;-16.47931194;-71.49748682;-1951008.268;2841671.942;C;False; ; ;0; ; ; ; ; ; 
TRACK;1.5.12-3;-16.47899549;-71.49742219;-1950971.912;2841683.425;C;False; ; ;0; ; ; ; ; ; 
TRACK;1.5.12-3;-16.4788929;-71.4979526;-1950953.135;2841624.653;C;False; ; ;0; ; ; ; ; ; 
TRACK;1.5.12-34; ; ;-1.516416327;20763369.87;C; ; ; ; ; ; ; ; ; ; 
TRACK;1.5.12-34;-16.47985986;-71.49785815;-1951067.928;2841622.653;C;False; ; ;0; ; ; ; ; ; 
TRACK;1.5.12-34;-16.47929911;-71.49772558;-1951003.734;2841645.047;C;False; ; ;0; ; ; ; ; ; 
TRACK;1.5.12-34;-16.47923414;-71.49802461;-1950992.311;2841612.007;C;False; ; ;0; ; ; ; ; ; 
TRACK;1.5.12-34;-16.47986681;-71.49816283;-1951064.882;2841588.026;C;False; ; ;0; ; ; ; ; ; 
TRACK;1.5.12-6; ; ;-1.516416327;20763369.87;C; ; ; ; ; ; ; ; ; ; 
TRACK;1.5.12-6;-16.47884108;-71.49794821;-1950947.104;2841625.83;C;False; ; ;0; ; ; ; ; ; 
TRACK;1.5.12-6;-16.47894766;-71.49740792;-1950966.474;2841685.672;C;False; ; ;0; ; ; ; ; ; 
TRACK;1.5.12-6;-16.47867846;-71.49731521;-1950936.024;2841699.717;C;False; ; ;0; ; ; ; ; ; 
TRACK;1.5.12-6;-16.47857415;-71.49783101;-1950917.232;2841642.622;C;False; ; ;0; ; ; ; ; ; 
TRACK;1.5.12-7; ; ;-1.516416327;20763369.87;C; ; ; ; ; ; ; ; ; ; 
TRACK;1.5.12-7;-16.47870075;-71.49859622;-1950922.403;2841554.223;C;False; ; ;0; ; ; ; ; ; 
TRACK;1.5.12-7;-16.47883815;-71.49799623;-1950946.15;2841620.426;C;False; ; ;0; ; ; ; ; ; 
TRACK;1.5.12-7;-16.47855562;-71.49789015;-1950914.305;2841636.162;C;False; ; ;0; ; ; ; ; ; 
TRACK;1.5.12-7;-16.47842582;-71.49850137;-1950891.308;2841568.587;C;False; ; ;0; ; ; ; ; ; 
TRACK;1.5.12-9; ; ;-1.516416327;20763369.87;C; ; ; ; ; ; ; ; ; ; 
TRACK;1.5.12-9;-16.47838198;-71.49848402;-1950886.377;2841571.129;C;False; ; ;0; ; ; ; ; ; 
TRACK;1.5.12-9;-16.47850664;-71.49787971;-1950908.683;2841637.989;C;False; ; ;0; ; ; ; ; ; 
TRACK;1.5.12-9;-16.47820546;-71.49776693;-1950874.731;2841654.73;C;False; ; ;0; ; ; ; ; ; 
TRACK;1.5.12-9;-16.47807107;-71.4983733;-1950851.257;2841587.764;C;False; ; ;0; ; ; ; ; ; 
TRACK;1.5.7-15; ; ;-1.516416327;20763369.87;D; ; ; ; ; ; ; ; ; ; 
TRACK;1.5.7-15;-16.4724647;-71.48724673;-1950333.686;2842922.682;D;False; ; ;0; ; ; ; ; ; 
TRACK;1.5.7-15;-16.4725081;-71.48716818;-1950339.782;2842931.016;D;False; ; ;0; ; ; ; ; ; 
TRACK;1.5.7-15;-16.47267363;-71.48711152;-1950359.947;2842935.265;D;False; ; ;0; ; ; ; ; ; 
TRACK;1.5.7-15;-16.47265324;-71.48684548;-1950360.926;2842965.69;D;False; ; ;0; ; ; ; ; ; 
TRACK;1.5.7-15;-16.4722793;-71.48679949;-1950317.577;2842975.818;D;False; ; ;0; ; ; ; ; ; 
TRACK;1.5.7-15;-16.47223592;-71.48679641;-1950312.519;2842976.738;D;False; ; ;0; ; ; ; ; ; 
TRACK;1.5.7-15;-16.47208856;-71.48682631;-1950294.827;2842975.285;D;False; ; ;0; ; ; ; ; ; 
TRACK;1.5.7-15;-16.4722157;-71.48712557;-1950305.969;2842939.69;D;False; ; ;0; ; ; ; ; ; 
TRACK;1.5.7-29; ; ;-1.516416327;20763369.87;D; ; ; ; ; ; ; ; ; ; 
TRACK;1.5.7-29;-16.4689009;-71.48814269;-1949903.635;2842867.944;D;False; ; ;0; ; ; ; ; ; 
TRACK;1.5.7-29;-16.4689145;-71.48769229;-1949910.944;2842918.824;D;False; ; ;0; ; ; ; ; ; 
TRACK;1.5.7-29;-16.46880606;-71.48766499;-1949898.55;2842923.344;D;False; ; ;0; ; ; ; ; ; 
TRACK;1.5.7-29;-16.46877956;-71.48747774;-1949897.811;2842944.919;D;False; ; ;0; ; ; ; ; ; 
TRACK;1.5.7-29;-16.4686743;-71.48724417;-1949888.405;2842972.78;D;False; ; ;0; ; ; ; ; ; 
TRACK;1.5.7-29;-16.46872559;-71.48708924;-1949896.395;2842989.67;D;False; ; ;0; ; ; ; ; ; 
TRACK;1.5.7-29;-16.46871346;-71.48691585;-1949897.169;2843009.486;D;False; ; ;0; ; ; ; ; ; 
TRACK;1.5.7-29;-16.46811561;-71.48694936;-1949826.505;2843013.542;D;False; ; ;0; ; ; ; ; ; 
TRACK;1.5.7-29;-16.46816645;-71.48759148;-1949824.337;2842940.081;D;False; ; ;0; ; ; ; ; ; 
TRACK;1.5.7-29;-16.46815868;-71.48783044;-1949820.395;2842913.094;D;False; ; ;0; ; ; ; ; ; 
TRACK;1.5.7-29;-16.46821851;-71.48816006;-1949823.245;2842874.941;D;False; ; ;0; ; ; ; ; ; 
TRACK;1.5.7-30; ; ;-1.516416327;20763369.87;D; ; ; ; ; ; ; ; ; ; 
TRACK;1.5.7-30;-16.46810696;-71.48727507;-1949821.359;2842976.732;D;False; ; ;0; ; ; ; ; ; 
TRACK;1.5.7-30;-16.4680771;-71.4871154;-1949819.875;2842995.225;D;False; ; ;0; ; ; ; ; ; 
TRACK;1.5.7-30;-16.46806969;-71.48694083;-1949821.218;2843015.113;D;False; ; ;0; ; ; ; ; ; 
TRACK;1.5.7-30;-16.46767047;-71.48695591;-1949774.125;2843018.648;D;False; ; ;0; ; ; ; ; ; 
TRACK;1.5.7-30;-16.46769142;-71.48729878;-1949772.239;2842979.504;D;False; ; ;0; ; ; ; ; ; 
TRACK;1.5.7-44; ; ;-1.516416327;20763369.87;D; ; ; ; ; ; ; ; ; ; 
TRACK;1.5.7-44;-16.47075751;-71.48677794;-1950139.062;2842998.26;D;False; ; ;0; ; ; ; ; ; 
TRACK;1.5.7-44;-16.47034801;-71.48682988;-1950090.293;2842997.753;D;False; ; ;0; ; ; ; ; ; 
TRACK;1.5.7-44;-16.47044973;-71.48792405;-1950088.372;2842872.379;D;False; ; ;0; ; ; ; ; ; 
TRACK;1.5.7-44;-16.47082084;-71.48789254;-1950132.37;2842871.075;D;False; ; ;0; ; ; ; ; ; 
TRACK;1.5.8-3; ; ;-1.516416327;20763369.87;D; ; ; ; ; ; ; ; ; ; 
TRACK;1.5.8-3;-16.46363422;-71.492086;-1949234.908;2842490.095;D;False; ; ;0; ; ; ; ; ; 
TRACK;1.5.8-3;-16.46405625;-71.49175957;-1949288.626;2842521.559;D;False; ; ;0; ; ; ; ; ; 
TRACK;1.5.8-3;-16.46408206;-71.49144816;-1949295.604;2842556.523;D;False; ; ;0; ; ; ; ; ; 
TRACK;1.5.8-3;-16.46409651;-71.49104516;-1949302.409;2842602.019;D;False; ; ;0; ; ; ; ; ; 
TRACK;1.5.8-3;-16.46308854;-71.49093541;-1949185.381;2842627.698;D;False; ; ;0; ; ; ; ; ; 
TRACK;1.5.8-3;-16.46306114;-71.491223;-1949178.517;2842595.455;D;False; ; ;0; ; ; ; ; ; 
TRACK;1.5.8-3;-16.46303838;-71.49143941;-1949173.101;2842571.22;D;False; ; ;0; ; ; ; ; ; 
TRACK;1.5.8-3;-16.46331633;-71.49233525;-1949194.403;2842466.014;D;False; ; ;0; ; ; ; ; ; 
TRACK;1.5.8-9; ; ;-1.516416327;20763369.87;D; ; ; ; ; ; ; ; ; ; 
TRACK;1.5.8-9;-16.46301059;-71.490833;-1949177.52;2842640.331;D;False; ; ;0; ; ; ; ; ; 
TRACK;1.5.8-9;-16.46308482;-71.49044789;-1949191.121;2842683.015;D;False; ; ;0; ; ; ; ; ; 
TRACK;1.5.8-9;-16.46311073;-71.49019804;-1949197.331;2842710.999;D;False; ; ;0; ; ; ; ; ; 
TRACK;1.5.8-9;-16.46269833;-71.49011347;-1949149.953;2842726.002;D;False; ; ;0; ; ; ; ; ; 
TRACK;1.5.8-9;-16.46264885;-71.490361;-1949141.002;2842698.59;D;False; ; ;0; ; ; ; ; ; 
TRACK;1.5.8-9;-16.46265429;-71.49078481;-1949136.272;2842650.473;D;False; ; ;0; ; ; ; ; ; 
TRACK;1.5.8-10; ; ;-1.516416327;20763369.87;D; ; ; ; ; ; ; ; ; ; 
TRACK;1.5.8-10;-16.4640944;-71.49098088;-1949302.976;2842609.334;D;False; ; ;0; ; ; ; ; ; 
TRACK;1.5.8-10;-16.46415369;-71.49046914;-1949316.426;2842666.568;D;False; ; ;0; ; ; ; ; ; 
TRACK;1.5.8-10;-16.46422581;-71.48961156;-1949335.768;2842762.84;D;False; ; ;0; ; ; ; ; ; 
TRACK;1.5.8-10;-16.46387564;-71.48958047;-1949295.022;2842770.964;D;False; ; ;0; ; ; ; ; ; 
TRACK;1.5.8-10;-16.46349577;-71.48986455;-1949246.793;2842743.749;D;False; ; ;0; ; ; ; ; ; 
TRACK;1.5.8-10;-16.46319325;-71.49024936;-1949206.376;2842704.097;D;False; ; ;0; ; ; ; ; ; 
TRACK;1.5.8-10;-16.46316659;-71.49034262;-1949202.061;2842693.874;D;False; ; ;0; ; ; ; ; ; 
TRACK;1.5.8-10;-16.46310274;-71.49087453;-1949187.82;2842634.413;D;False; ; ;0; ; ; ; ; ; 
TRACK;1.5.8-12; ; ;-1.516416327;20763369.87;D; ; ; ; ; ; ; ; ; ; 
TRACK;1.5.8-12;-16.46311124;-71.4896517;-1949204.315;2842772.929;D;False; ; ;0; ; ; ; ; ; 
TRACK;1.5.8-12;-16.46330582;-71.48969286;-1949226.653;2842765.707;D;False; ; ;0; ; ; ; ; ; 
TRACK;1.5.8-12;-16.46352635;-71.48968248;-1949252.693;2842763.988;D;False; ; ;0; ; ; ; ; ; 
TRACK;1.5.8-12;-16.46365102;-71.48966497;-1949267.562;2842764.335;D;False; ; ;0; ; ; ; ; ; 
TRACK;1.5.8-12;-16.46378759;-71.48954902;-1949285.077;2842775.687;D;False; ; ;0; ; ; ; ; ; 
TRACK;1.5.8-12;-16.46362374;-71.48943987;-1949267.209;2842790.212;D;False; ; ;0; ; ; ; ; ; 
TRACK;1.5.8-12;-16.46350425;-71.48932125;-1949254.674;2842805.228;D;False; ; ;0; ; ; ; ; ; 
TRACK;1.5.8-12;-16.46338242;-71.48917437;-1949242.224;2842823.48;D;False; ; ;0; ; ; ; ; ; 
TRACK;1.5.8-12;-16.46329037;-71.48907549;-1949232.661;2842835.899;D;False; ; ;0; ; ; ; ; ; 
TRACK;1.5.8-12;-16.46319541;-71.48893282;-1949223.314;2842853.319;D;False; ; ;0; ; ; ; ; ; 
TRACK;1.5.8-12;-16.46310701;-71.4887912;-1949214.723;2842870.536;D;False; ; ;0; ; ; ; ; ; 
TRACK;1.5.8-12;-16.46300341;-71.48879762;-1949202.47;2842871.169;D;False; ; ;0; ; ; ; ; ; 
TRACK;1.5.8-12;-16.46283408;-71.48889552;-1949181.336;2842862.294;D;False; ; ;0; ; ; ; ; ; 
TRACK;1.5.8-12;-16.46265491;-71.48897601;-1949159.266;2842855.522;D;False; ; ;0; ; ; ; ; ; 
TRACK;1.5.8-12;-16.46276778;-71.48953065;-1949165.498;2842791.162;D;False; ; ;0; ; ; ; ; ; 
TRACK;1.5.8-16; ; ;-1.516416327;20763369.87;D; ; ; ; ; ; ; ; ; ; 
TRACK;1.5.8-16;-16.46424779;-71.48953852;-1949339.276;2842770.832;D;False; ; ;0; ; ; ; ; ; 
TRACK;1.5.8-16;-16.46446166;-71.48882806;-1949373.406;2842848.564;D;False; ; ;0; ; ; ; ; ; 
TRACK;1.5.8-16;-16.4646305;-71.48838909;-1949398.806;2842896.112;D;False; ; ;0; ; ; ; ; ; 
TRACK;1.5.8-16;-16.46483732;-71.48808369;-1949426.975;2842928.017;D;False; ; ;0; ; ; ; ; ; 
TRACK;1.5.8-16;-16.46501015;-71.48775786;-1949451.41;2842962.684;D;False; ; ;0; ; ; ; ; ; 
TRACK;1.5.8-16;-16.46510598;-71.48767502;-1949463.719;2842970.816;D;False; ; ;0; ; ; ; ; ; 
TRACK;1.5.8-16;-16.46502621;-71.48759141;-1949455.407;2842981.343;D;False; ; ;0; ; ; ; ; ; 
TRACK;1.5.8-16;-16.46490909;-71.48746675;-1949443.227;2842997.013;D;False; ; ;0; ; ; ; ; ; 
TRACK;1.5.8-16;-16.46463119;-71.48762861;-1949408.526;2842982.314;D;False; ; ;0; ; ; ; ; ; 
TRACK;1.5.8-16;-16.46454101;-71.48769851;-1949397.045;2842975.574;D;False; ; ;0; ; ; ; ; ; 
TRACK;1.5.8-16;-16.46446025;-71.48781003;-1949386.144;2842963.993;D;False; ; ;0; ; ; ; ; ; 
TRACK;1.5.8-16;-16.46426645;-71.48800137;-1949360.95;2842944.848;D;False; ; ;0; ; ; ; ; ; 
TRACK;1.5.8-16;-16.46408975;-71.48816116;-1949338.165;2842929.054;D;False; ; ;0; ; ; ; ; ; 
TRACK;1.5.8-16;-16.46394021;-71.48826566;-1949319.272;2842919.171;D;False; ; ;0; ; ; ; ; ; 
TRACK;1.5.8-16;-16.46379267;-71.48832416;-1949301.196;2842914.476;D;False; ; ;0; ; ; ; ; ; 
TRACK;1.5.8-16;-16.4636775;-71.48836662;-1949287.127;2842911.176;D;False; ; ;0; ; ; ; ; ; 
TRACK;1.5.8-16;-16.46346863;-71.48854055;-1949260.384;2842894.202;D;False; ; ;0; ; ; ; ; ; 
TRACK;1.5.8-16;-16.46335898;-71.48862951;-1949246.374;2842885.556;D;False; ; ;0; ; ; ; ; ; 
TRACK;1.5.8-16;-16.46323709;-71.48872301;-1949230.87;2842876.557;D;False; ; ;0; ; ; ; ; ; 
TRACK;1.5.8-16;-16.4631574;-71.48876122;-1949221.023;2842873.273;D;False; ; ;0; ; ; ; ; ; 
TRACK;1.5.8-16;-16.46327884;-71.48892822;-1949233.173;2842852.746;D;False; ; ;0; ; ; ; ; ; 
TRACK;1.5.8-16;-16.46332972;-71.4889984;-1949238.262;2842844.121;D;False; ; ;0; ; ; ; ; ; 
TRACK;1.5.8-16;-16.46336979;-71.48908912;-1949241.82;2842833.31;D;False; ; ;0; ; ; ; ; ; 
TRACK;1.5.8-16;-16.46343785;-71.48917533;-1949248.723;2842822.644;D;False; ; ;0; ; ; ; ; ; 
TRACK;1.5.8-16;-16.46350515;-71.48925378;-1949255.635;2842812.865;D;False; ; ;0; ; ; ; ; ; 
TRACK;1.5.8-16;-16.46361347;-71.48937154;-1949266.87;2842798.093;D;False; ; ;0; ; ; ; ; ; 
TRACK;1.5.8-16;-16.46383634;-71.48949555;-1949291.481;2842781.108;D;False; ; ;0; ; ; ; ; ; 
TRACK;1.5.9-1; ; ;-1.516416327;20763369.87;D; ; ; ; ; ; ; ; ; ; 
TRACK;1.5.9-1;-16.46922268;-71.49495813;-1949855.052;2842091.116;D;False; ; ;0; ; ; ; ; ; 
TRACK;1.5.9-1;-16.46924025;-71.49477646;-1949859.419;2842111.48;D;False; ; ;0; ; ; ; ; ; 
TRACK;1.5.9-1;-16.46924156;-71.49460285;-1949861.772;2842131.142;D;False; ; ;0; ; ; ; ; ; 
TRACK;1.5.9-1;-16.46872821;-71.49432955;-1949804.927;2842168.865;D;False; ; ;0; ; ; ; ; ; 
TRACK;1.5.9-1;-16.46867812;-71.49465152;-1949794.962;2842133.025;D;False; ; ;0; ; ; ; ; ; 
TRACK;1.5.9-2; ; ;-1.516416327;20763369.87;D; ; ; ; ; ; ; ; ; ; 
TRACK;1.5.9-2;-16.46922197;-71.49456047;-1949860.008;2842136.204;D;False; ; ;0; ; ; ; ; ; 
TRACK;1.5.9-2;-16.46921913;-71.49438512;-1949861.897;2842156.118;D;False; ; ;0; ; ; ; ; ; 
TRACK;1.5.9-2;-16.46926775;-71.4941677;-1949870.364;2842180.126;D;False; ; ;0; ; ; ; ; ; 
TRACK;1.5.9-2;-16.46921426;-71.49417249;-1949864.02;2842180.286;D;False; ; ;0; ; ; ; ; ; 
TRACK;1.5.9-2;-16.46912128;-71.49429897;-1949851.493;2842167.17;D;False; ; ;0; ; ; ; ; ; 
TRACK;1.5.9-2;-16.46898358;-71.49443353;-1949833.61;2842153.725;D;False; ; ;0; ; ; ; ; ; 
TRACK;1.5.9-3; ; ;-1.516416327;20763369.87;D; ; ; ; ; ; ; ; ; ; 
TRACK;1.5.9-3;-16.46897277;-71.49442448;-1949832.455;2842154.892;D;False; ; ;0; ; ; ; ; ; 
TRACK;1.5.9-3;-16.4690927;-71.49428408;-1949848.325;2842169.233;D;False; ; ;0; ; ; ; ; ; 
TRACK;1.5.9-3;-16.46912277;-71.49426525;-1949852.095;2842170.973;D;False; ; ;0; ; ; ; ; ; 
TRACK;1.5.9-3;-16.46915157;-71.4942283;-1949855.947;2842174.783;D;False; ; ;0; ; ; ; ; ; 
TRACK;1.5.9-3;-16.46918242;-71.49417628;-1949860.23;2842180.274;D;False; ; ;0; ; ; ; ; ; 
TRACK;1.5.9-3;-16.46918251;-71.49415925;-1949860.457;2842182.204;D;False; ; ;0; ; ; ; ; ; 
TRACK;1.5.9-3;-16.46916334;-71.49413955;-1949858.455;2842184.689;D;False; ; ;0; ; ; ; ; ; 
TRACK;1.5.9-3;-16.46914393;-71.49412824;-1949856.318;2842186.225;D;False; ; ;0; ; ; ; ; ; 
TRACK;1.5.9-3;-16.46877798;-71.49396031;-1949815.454;2842210.069;D;False; ; ;0; ; ; ; ; ; 
TRACK;1.5.9-3;-16.46873927;-71.49430054;-1949806.594;2842172.009;D;False; ; ;0; ; ; ; ; ; 
TRACK;1.5.9-4; ; ;-1.516416327;20763369.87;D; ; ; ; ; ; ; ; ; ; 
TRACK;1.5.9-4;-16.4691865;-71.49412529;-1949861.356;2842186.001;D;False; ; ;0; ; ; ; ; ; 
TRACK;1.5.9-4;-16.46922526;-71.4940344;-1949867.061;2842195.796;D;False; ; ;0; ; ; ; ; ; 
TRACK;1.5.9-4;-16.46924271;-71.49379324;-1949872.168;2842222.904;D;False; ; ;0; ; ; ; ; ; 
TRACK;1.5.9-4;-16.46881889;-71.49356273;-1949825.299;2842254.601;D;False; ; ;0; ; ; ; ; ; 
TRACK;1.5.9-4;-16.46875749;-71.4939191;-1949813.57;2842215.009;D;False; ; ;0; ; ; ; ; ; 
TRACK;1.5.9-5; ; ;-1.516416327;20763369.87;D; ; ; ; ; ; ; ; ; ; 
TRACK;1.5.9-5;-16.46921832;-71.49375067;-1949869.843;2842228.049;D;False; ; ;0; ; ; ; ; ; 
TRACK;1.5.9-5;-16.46923809;-71.49366637;-1949873.233;2842237.346;D;False; ; ;0; ; ; ; ; ; 
TRACK;1.5.9-5;-16.46923508;-71.49359943;-1949873.728;2842244.973;D;False; ; ;0; ; ; ; ; ; 
TRACK;1.5.9-5;-16.46919315;-71.49352964;-1949869.686;2842253.436;D;False; ; ;0; ; ; ; ; ; 
TRACK;1.5.9-5;-16.46909905;-71.49317719;-1949863.099;2842294.626;D;False; ; ;0; ; ; ; ; ; 
TRACK;1.5.9-5;-16.46891695;-71.4932359;-1949840.961;2842290.362;D;False; ; ;0; ; ; ; ; ; 
TRACK;1.5.9-5;-16.4688618;-71.4933704;-1949832.777;2842275.839;D;False; ; ;0; ; ; ; ; ; 
TRACK;1.5.9-5;-16.46881208;-71.49352512;-1949824.976;2842258.953;D;False; ; ;0; ; ; ; ; ; 
TRACK;1.5.9-6; ; ;-1.516416327;20763369.87;D; ; ; ; ; ; ; ; ; ; 
TRACK;1.5.9-6;-16.46875549;-71.49355333;-1949817.969;2842256.498;D;False; ; ;0; ; ; ; ; ; 
TRACK;1.5.9-6;-16.4687862;-71.49340795;-1949823.42;2842272.575;D;False; ; ;0; ; ; ; ; ; 
TRACK;1.5.9-6;-16.46883751;-71.49327934;-1949831.078;2842286.481;D;False; ; ;0; ; ; ; ; ; 
TRACK;1.5.9-6;-16.46886229;-71.49316561;-1949835.43;2842299.048;D;False; ; ;0; ; ; ; ; ; 
TRACK;1.5.9-6;-16.46816779;-71.4931412;-1949754.15;2842310.937;D;False; ; ;0; ; ; ; ; ; 
TRACK;1.5.9-6;-16.46818719;-71.49357063;-1949750.986;2842262.002;D;False; ; ;0; ; ; ; ; ; 
TRACK;1.5.9-8; ; ;-1.516416327;20763369.87;D; ; ; ; ; ; ; ; ; ; 
TRACK;1.5.9-8;-16.46871876;-71.49390732;-1949809.168;2842216.853;D;False; ; ;0; ; ; ; ; ; 
TRACK;1.5.9-8;-16.46876184;-71.49358523;-1949818.312;2842252.799;D;False; ; ;0; ; ; ; ; ; 
TRACK;1.5.9-8;-16.46819013;-71.49361134;-1949750.815;2842257.349;D;False; ; ;0; ; ; ; ; ; 
TRACK;1.5.9-8;-16.46819986;-71.49372806;-1949750.48;2842243.989;D;False; ; ;0; ; ; ; ; ; 
TRACK;1.5.9-9; ; ;-1.516416327;20763369.87;D; ; ; ; ; ; ; ; ; ; 
TRACK;1.5.9-9;-16.46868245;-71.49426327;-1949800.392;2842176.98;D;False; ; ;0; ; ; ; ; ; 
TRACK;1.5.9-9;-16.468715;-71.49394409;-1949808.261;2842212.735;D;False; ; ;0; ; ; ; ; ; 
TRACK;1.5.9-9;-16.46820555;-71.49376887;-1949750.631;2842239.288;D;False; ; ;0; ; ; ; ; ; 
TRACK;1.5.9-9;-16.46819859;-71.49410259;-1949745.584;2842201.549;D;False; ; ;0; ; ; ; ; ; 
TRACK;1.5.9-10; ; ;-1.516416327;20763369.87;D; ; ; ; ; ; ; ; ; ; 
TRACK;1.5.9-10;-16.46861898;-71.49463523;-1949788.222;2842135.649;D;False; ; ;0; ; ; ; ; ; 
TRACK;1.5.9-10;-16.46867134;-71.49431644;-1949798.413;2842171.098;D;False; ; ;0; ; ; ; ; ; 
TRACK;1.5.9-10;-16.46820613;-71.49414238;-1949745.965;2842196.94;D;False; ; ;0; ; ; ; ; ; 
TRACK;1.5.9-10;-16.46821037;-71.49447735;-1949742.219;2842158.912;D;False; ; ;0; ; ; ; ; ; 
TRACK;1.5.9-13; ; ;-1.516416327;20763369.87;D; ; ; ; ; ; ; ; ; ; 
TRACK;1.5.9-13;-16.46839438;-71.49248766;-1949789.052;2842382.047;D;False; ; ;0; ; ; ; ; ; 
TRACK;1.5.9-13;-16.46814928;-71.4925018;-1949760.078;2842383.663;D;False; ; ;0; ; ; ; ; ; 
TRACK;1.5.9-13;-16.46819399;-71.49309114;-1949757.862;2842316.267;D;False; ; ;0; ; ; ; ; ; 
TRACK;1.5.9-13;-16.46845754;-71.49308645;-1949788.883;2842313.337;D;False; ; ;0; ; ; ; ; ; 
TRACK;1.5.10-1; ; ;-1.516416327;20763369.87;D; ; ; ; ; ; ; ; ; ; 
TRACK;1.5.10-1;-16.47353106;-71.49525517;-1950357.433;2842000.854;D;False; ; ;0; ; ; ; ; ; 
TRACK;1.5.10-1;-16.47369977;-71.49526762;-1950377.095;2841997.226;D;False; ; ;0; ; ; ; ; ; 
TRACK;1.5.10-1;-16.47394815;-71.49520955;-1950407.011;2842000.545;D;False; ; ;0; ; ; ; ; ; 
TRACK;1.5.10-1;-16.47412171;-71.49513412;-1950428.356;2842006.816;D;False; ; ;0; ; ; ; ; ; 
TRACK;1.5.10-1;-16.47420754;-71.495041;-1950439.62;2842016.244;D;False; ; ;0; ; ; ; ; ; 
TRACK;1.5.10-1;-16.47430388;-71.49481406;-1950453.814;2842040.703;D;False; ; ;0; ; ; ; ; ; 
TRACK;1.5.10-1;-16.47432074;-71.49459186;-1950458.612;2842065.669;D;False; ; ;0; ; ; ; ; ; 
TRACK;1.5.10-1;-16.47423033;-71.49445387;-1950449.74;2842082.498;D;False; ; ;0; ; ; ; ; ; 
TRACK;1.5.10-1;-16.47398124;-71.49441854;-1950420.925;2842089.775;D;False; ; ;0; ; ; ; ; ; 
TRACK;1.5.10-1;-16.47333721;-71.49444717;-1950344.901;2842094.991;D;False; ; ;0; ; ; ; ; ; 
TRACK;1.5.10-1;-16.4726294;-71.49350109;-1950273.741;2842211.534;D;False; ; ;0; ; ; ; ; ; 
TRACK;1.5.10-1;-16.47297088;-71.49329508;-1950316.469;2842230.4;D;False; ; ;0; ; ; ; ; ; 
TRACK;1.5.10-1;-16.4730886;-71.49305182;-1950333.384;2842256.428;D;False; ; ;0; ; ; ; ; ; 
TRACK;1.5.10-1;-16.4731005;-71.49280089;-1950337.962;2842284.716;D;False; ; ;0; ; ; ; ; ; 
TRACK;1.5.10-1;-16.47303037;-71.49257698;-1950332.562;2842311.019;D;False; ; ;0; ; ; ; ; ; 
TRACK;1.5.10-1;-16.47301865;-71.49257033;-1950331.269;2842311.927;D;False; ; ;0; ; ; ; ; ; 
TRACK;1.5.10-1;-16.47285353;-71.49238995;-1950314.157;2842334.544;D;False; ; ;0; ; ; ; ; ; 
TRACK;1.5.10-1;-16.47260809;-71.49224661;-1950287.14;2842354.017;D;False; ; ;0; ; ; ; ; ; 
TRACK;1.5.10-1;-16.47253476;-71.49221655;-1950278.906;2842358.389;D;False; ; ;0; ; ; ; ; ; 
TRACK;1.5.10-1;-16.47240527;-71.49225167;-1950263.248;2842356.109;D;False; ; ;0; ; ; ; ; ; 
TRACK;1.5.10-1;-16.47229936;-71.49240277;-1950248.89;2842340.371;D;False; ; ;0; ; ; ; ; ; 
TRACK;1.5.10-1;-16.47178633;-71.4919499;-1950194.36;2842398.448;D;False; ; ;0; ; ; ; ; ; 
TRACK;1.5.10-1;-16.47191699;-71.49167999;-1950213.132;2842427.328;D;False; ; ;0; ; ; ; ; ; 
TRACK;1.5.10-1;-16.47189092;-71.49154793;-1950211.743;2842442.64;D;False; ; ;0; ; ; ; ; ; 
TRACK;1.5.10-1;-16.4716426;-71.49163458;-1950181.472;2842436.08;D;False; ; ;0; ; ; ; ; ; 
TRACK;1.5.10-1;-16.47119648;-71.49179052;-1950127.084;2842424.264;D;False; ; ;0; ; ; ; ; ; 
TRACK;1.5.10-1;-16.47082991;-71.49181994;-1950083.646;2842425.745;D;False; ; ;0; ; ; ; ; ; 
TRACK;1.5.10-1;-16.47052885;-71.4917751;-1950048.845;2842434.783;D;False; ; ;0; ; ; ; ; ; 
TRACK;1.5.10-1;-16.47015363;-71.4919569;-1950002.459;2842419.103;D;False; ; ;0; ; ; ; ; ; 
TRACK;1.5.10-1;-16.47017051;-71.4922147;-1950001.174;2842389.658;D;False; ; ;0; ; ; ; ; ; 
TRACK;1.5.10-1;-16.47018882;-71.49235067;-1950001.602;2842374.004;D;False; ; ;0; ; ; ; ; ; 
TRACK;1.5.10-1;-16.47025791;-71.49248233;-1950008.05;2842358.172;D;False; ; ;0; ; ; ; ; ; 
TRACK;1.5.10-1;-16.47028292;-71.49263872;-1950009.006;2842340.114;D;False; ; ;0; ; ; ; ; ; 
TRACK;1.5.10-1;-16.47029991;-71.49282872;-1950008.594;2842318.354;D;False; ; ;0; ; ; ; ; ; 
TRACK;1.5.10-1;-16.47038981;-71.49298039;-1950017.233;2842299.979;D;False; ; ;0; ; ; ; ; ; 
TRACK;1.5.10-1;-16.47032449;-71.49308239;-1950008.265;2842289.275;D;False; ; ;0; ; ; ; ; ; 
TRACK;1.5.10-1;-16.47031134;-71.49323229;-1950004.821;2842272.456;D;False; ; ;0; ; ; ; ; ; 
TRACK;1.5.10-1;-16.47025305;-71.49354927;-1949993.956;2842237.288;D;False; ; ;0; ; ; ; ; ; 
TRACK;1.5.10-1;-16.47024582;-71.49376865;-1949990.326;2842212.515;D;False; ; ;0; ; ; ; ; ; 
TRACK;1.5.10-1;-16.47081233;-71.49370848;-1950057.643;2842211.894;D;False; ; ;0; ; ; ; ; ; 
TRACK;1.5.10-1;-16.47086821;-71.49367507;-1950064.631;2842214.947;D;False; ; ;0; ; ; ; ; ; 
TRACK;1.5.10-1;-16.47099718;-71.49336222;-1950083.747;2842248.717;D;False; ; ;0; ; ; ; ; ; 
TRACK;1.5.10-1;-16.47081266;-71.4932926;-1950062.952;2842259.033;D;False; ; ;0; ; ; ; ; ; 
TRACK;1.5.10-1;-16.4708878;-71.4927739;-1950078.355;2842316.845;D;False; ; ;0; ; ; ; ; ; 
TRACK;1.5.10-1;-16.47093012;-71.4926891;-1950084.402;2842325.901;D;False; ; ;0; ; ; ; ; ; 
TRACK;1.5.10-1;-16.47104092;-71.49253462;-1950099.376;2842341.958;D;False; ; ;0; ; ; ; ; ; 
TRACK;1.5.10-1;-16.47110967;-71.49243875;-1950108.668;2842351.922;D;False; ; ;0; ; ; ; ; ; 
TRACK;1.5.10-1;-16.47122463;-71.49233891;-1950123.439;2842361.73;D;False; ; ;0; ; ; ; ; ; 
TRACK;1.5.10-1;-16.47129208;-71.49230319;-1950131.817;2842364.893;D;False; ; ;0; ; ; ; ; ; 
TRACK;1.5.10-1;-16.47137314;-71.49222296;-1950142.356;2842372.923;D;False; ; ;0; ; ; ; ; ; 
TRACK;1.5.10-1;-16.47147865;-71.49216982;-1950155.425;2842377.56;D;False; ; ;0; ; ; ; ; ; 
TRACK;1.5.10-1;-16.47162941;-71.49210707;-1950173.932;2842382.694;D;False; ; ;0; ; ; ; ; ; 
TRACK;1.5.10-1;-16.47177284;-71.49200009;-1950192.139;2842392.936;D;False; ; ;0; ; ; ; ; ; 
TRACK;1.5.10-1;-16.47218613;-71.49238956;-1950235.756;2842343.356;D;False; ; ;0; ; ; ; ; ; 
TRACK;1.5.10-1;-16.47207695;-71.49262489;-1950219.945;2842318.114;D;False; ; ;0; ; ; ; ; ; 
TRACK;1.5.10-1;-16.47201193;-71.49281347;-1950209.917;2842297.591;D;False; ; ;0; ; ; ; ; ; 
TRACK;1.5.10-1;-16.47199795;-71.49303073;-1950205.52;2842273.148;D;False; ; ;0; ; ; ; ; ; 
TRACK;1.5.10-1;-16.47205521;-71.49317342;-1950210.438;2842256.221;D;False; ; ;0; ; ; ; ; ; 
TRACK;1.5.10-1;-16.47216929;-71.49337406;-1950221.297;2842231.978;D;False; ; ;0; ; ; ; ; ; 
TRACK;1.5.10-1;-16.47228274;-71.49345226;-1950233.634;2842221.623;D;False; ; ;0; ; ; ; ; ; 
TRACK;1.5.10-1;-16.47240143;-71.4934982;-1950246.996;2842214.855;D;False; ; ;0; ; ; ; ; ; 
TRACK;1.5.10-1;-16.472482;-71.49351181;-1950256.289;2842212.255;D;False; ; ;0; ; ; ; ; ; 
TRACK;1.5.10-1;-16.47256809;-71.49353793;-1950266.072;2842208.163;D;False; ; ;0; ; ; ; ; ; 
TRACK;1.5.10-1;-16.47327956;-71.49446713;-1950337.876;2842093.485;D;False; ; ;0; ; ; ; ; ; 
TRACK;1.5.10-1;-16.47322163;-71.49459745;-1950329.419;2842079.474;D;False; ; ;0; ; ; ; ; ; 
TRACK;1.5.10-1;-16.47316906;-71.49486381;-1950319.866;2842049.972;D;False; ; ;0; ; ; ; ; ; 
TRACK;1.5.10-1;-16.47316844;-71.49505019;-1950317.432;2842028.853;D;False; ; ;0; ; ; ; ; ; 
TRACK;1.5.10-1;-16.4732961;-71.49522232;-1950330.246;2842007.664;D;False; ; ;0; ; ; ; ; ; 
TRACK;1.5.10-2; ; ;-1.516416327;20763369.87;D; ; ; ; ; ; ; ; ; ; 
TRACK;1.5.10-2;-16.47277398;-71.49127852;-1950318.901;2842461.578;D;False; ; ;0; ; ; ; ; ; 
TRACK;1.5.10-2;-16.47274509;-71.49092022;-1950320.051;2842502.574;D;False; ; ;0; ; ; ; ; ; 
TRACK;1.5.10-2;-16.47233055;-71.49075433;-1950273.453;2842526.825;D;False; ; ;0; ; ; ; ; ; 
TRACK;1.5.10-2;-16.47237105;-71.49136664;-1950270.448;2842456.883;D;False; ; ;0; ; ; ; ; ; 
TRACK;1.5.10-3; ; ;-1.516416327;20763369.87;D; ; ; ; ; ; ; ; ; ; 
TRACK;1.5.10-3;-16.47099966;-71.49175484;-1950104.414;2842430.895;D;False; ; ;0; ; ; ; ; ; 
TRACK;1.5.10-3;-16.47214402;-71.49141758;-1950243.13;2842454.091;D;False; ; ;0; ; ; ; ; ; 
TRACK;1.5.10-3;-16.47231063;-71.49137321;-1950263.266;2842456.932;D;False; ; ;0; ; ; ; ; ; 
TRACK;1.5.10-3;-16.47225415;-71.49074634;-1950264.579;2842528.735;D;False; ; ;0; ; ; ; ; ; 
TRACK;1.5.10-3;-16.47210183;-71.49072147;-1950246.999;2842533.555;D;False; ; ;0; ; ; ; ; ; 
TRACK;1.5.10-3;-16.47207459;-71.49046138;-1950247.095;2842563.397;D;False; ; ;0; ; ; ; ; ; 
TRACK;1.5.10-3;-16.47094159;-71.49052741;-1950113.151;2842570.798;D;False; ; ;0; ; ; ; ; ; 
TRACK;1.5.10-3;-16.4707086;-71.49172779;-1950070.562;2842437.785;D;False; ; ;0; ; ; ; ; ; 
TRACK;1.5.10-4; ; ;-1.516416327;20763369.87;D; ; ; ; ; ; ; ; ; ; 
TRACK;1.5.10-4;-16.47222416;-71.49038047;-1950265.694;2842570.603;D;False; ; ;0; ; ; ; ; ; 
TRACK;1.5.10-4;-16.47220298;-71.49030829;-1950264.12;2842579.065;D;False; ; ;0; ; ; ; ; ; 
TRACK;1.5.10-4;-16.4724762;-71.49029054;-1950296.444;2842577.487;D;False; ; ;0; ; ; ; ; ; 
TRACK;1.5.10-4;-16.47249437;-71.49004865;-1950301.646;2842604.668;D;False; ; ;0; ; ; ; ; ; 
TRACK;1.5.10-4;-16.47219905;-71.49005709;-1950266.843;2842607.592;D;False; ; ;0; ; ; ; ; ; 
TRACK;1.5.10-4;-16.47220766;-71.4900232;-1950268.284;2842611.32;D;False; ; ;0; ; ; ; ; ; 
TRACK;1.5.10-4;-16.4724843;-71.48999486;-1950301.144;2842610.898;D;False; ; ;0; ; ; ; ; ; 
TRACK;1.5.10-4;-16.47244509;-71.48976991;-1950299.39;2842636.913;D;False; ; ;0; ; ; ; ; ; 
TRACK;1.5.10-4;-16.4721715;-71.48980038;-1950266.862;2842637.054;D;False; ; ;0; ; ; ; ; ; 
TRACK;1.5.10-4;-16.47217367;-71.4897511;-1950267.741;2842642.612;D;False; ; ;0; ; ; ; ; ; 
TRACK;1.5.10-4;-16.47242132;-71.48973497;-1950297.04;2842641.186;D;False; ; ;0; ; ; ; ; ; 
TRACK;1.5.10-4;-16.4723768;-71.48947257;-1950295.137;2842671.517;D;False; ; ;0; ; ; ; ; ; 
TRACK;1.5.10-4;-16.47309872;-71.48938058;-1950381.116;2842672.458;D;False; ; ;0; ; ; ; ; ; 
TRACK;1.5.10-4;-16.47314301;-71.48926282;-1950387.813;2842685.225;D;False; ; ;0; ; ; ; ; ; 
TRACK;1.5.10-4;-16.47232828;-71.48935215;-1950290.963;2842685.805;D;False; ; ;0; ; ; ; ; ; 
TRACK;1.5.10-4;-16.47190482;-71.48941332;-1950240.439;2842684.435;D;False; ; ;0; ; ; ; ; ; 
TRACK;1.5.10-4;-16.47192555;-71.48978184;-1950238.201;2842642.388;D;False; ; ;0; ; ; ; ; ; 
TRACK;1.5.10-4;-16.47195618;-71.49040899;-1950233.849;2842570.892;D;False; ; ;0; ; ; ; ; ; 
TRACK;1.5.10-5; ; ;-1.516416327;20763369.87;D; ; ; ; ; ; ; ; ; ; 
TRACK;1.5.10-5;-16.47190778;-71.4904006;-1950228.269;2842572.479;D;False; ; ;0; ; ; ; ; ; 
TRACK;1.5.10-5;-16.47184227;-71.48939475;-1950233.325;2842687.362;D;False; ; ;0; ; ; ; ; ; 
TRACK;1.5.10-5;-16.4715372;-71.48942934;-1950197.046;2842687.449;D;False; ; ;0; ; ; ; ; ; 
TRACK;1.5.10-5;-16.47157502;-71.48995568;-1950194.817;2842627.287;D;False; ; ;0; ; ; ; ; ; 
TRACK;1.5.10-5;-16.47157443;-71.49000953;-1950194.064;2842621.19;D;False; ; ;0; ; ; ; ; ; 
TRACK;1.5.10-5;-16.47155283;-71.49005632;-1950190.933;2842616.17;D;False; ; ;0; ; ; ; ; ; 
TRACK;1.5.10-5;-16.47151335;-71.490107;-1950185.653;2842610.943;D;False; ; ;0; ; ; ; ; ; 
TRACK;1.5.10-5;-16.47132995;-71.4901408;-1950163.677;2842609.521;D;False; ; ;0; ; ; ; ; ; 
TRACK;1.5.10-5;-16.47114093;-71.49017187;-1950141.077;2842608.483;D;False; ; ;0; ; ; ; ; ; 
TRACK;1.5.10-5;-16.47114076;-71.49044554;-1950137.588;2842577.462;D;False; ; ;0; ; ; ; ; ; 
TRACK;1.5.10-6; ; ;-1.516416327;20763369.87;D; ; ; ; ; ; ; ; ; ; 
TRACK;1.5.10-6;-16.47197661;-71.48928738;-1950250.47;2842697.768;D;False; ; ;0; ; ; ; ; ; 
TRACK;1.5.10-6;-16.47187339;-71.48886422;-1950243.708;2842747.093;D;False; ; ;0; ; ; ; ; ; 
TRACK;1.5.10-6;-16.47148006;-71.48891108;-1950196.905;2842746.95;D;False; ; ;0; ; ; ; ; ; 
TRACK;1.5.10-6;-16.47154231;-71.48935717;-1950198.562;2842695.564;D;False; ; ;0; ; ; ; ; ; 
TRACK;1.5.10-7; ; ;-1.516416327;20763369.87;D; ; ; ; ; ; ; ; ; ; 
TRACK;1.5.10-7;-16.47124458;-71.48938055;-1950163.286;2842696.825;D;False; ; ;0; ; ; ; ; ; 
TRACK;1.5.10-7;-16.47145449;-71.48934629;-1950188.383;2842697.951;D;False; ; ;0; ; ; ; ; ; 
TRACK;1.5.10-7;-16.47140637;-71.48892064;-1950188.126;2842746.835;D;False; ; ;0; ; ; ; ; ; 
TRACK;1.5.10-7;-16.47099163;-71.48895052;-1950139.022;2842748.897;D;False; ; ;0; ; ; ; ; ; 
TRACK;1.5.10-7;-16.47100722;-71.48916663;-1950138.113;2842724.194;D;False; ; ;0; ; ; ; ; ; 
TRACK;1.5.10-7;-16.47099511;-71.48931815;-1950134.769;2842707.177;D;False; ; ;0; ; ; ; ; ; 
TRACK;1.5.10-8; ; ;-1.516416327;20763369.87;D; ; ; ; ; ; ; ; ; ; 
TRACK;1.5.10-8;-16.47182841;-71.48884379;-1950238.683;2842750.001;D;False; ; ;0; ; ; ; ; ; 
TRACK;1.5.10-8;-16.47182398;-71.48872131;-1950239.715;2842763.944;D;False; ; ;0; ; ; ; ; ; 
TRACK;1.5.10-8;-16.47212968;-71.48865444;-1950276.478;2842767.506;D;False; ; ;0; ; ; ; ; ; 
TRACK;1.5.10-8;-16.47213639;-71.48848172;-1950279.456;2842786.998;D;False; ; ;0; ; ; ; ; ; 
TRACK;1.5.10-8;-16.47182243;-71.48851942;-1950242.093;2842786.851;D;False; ; ;0; ; ; ; ; ; 
TRACK;1.5.10-8;-16.47152917;-71.4884748;-1950208.205;2842795.762;D;False; ; ;0; ; ; ; ; ; 
TRACK;1.5.10-8;-16.47132898;-71.48839753;-1950185.666;2842807.152;D;False; ; ;0; ; ; ; ; ; 
TRACK;1.5.10-8;-16.47134013;-71.48862401;-1950184.105;2842781.331;D;False; ; ;0; ; ; ; ; ; 
TRACK;1.5.10-8;-16.47135365;-71.48882058;-1950183.2;2842758.87;D;False; ; ;0; ; ; ; ; ; 
TRACK;1.5.10-9; ; ;-1.516416327;20763369.87;D; ; ; ; ; ; ; ; ; ; 
TRACK;1.5.10-9;-16.47131592;-71.48831163;-1950185.221;2842817.061;D;False; ; ;0; ; ; ; ; ; 
TRACK;1.5.10-9;-16.47147552;-71.48837482;-1950203.17;2842807.8;D;False; ; ;0; ; ; ; ; ; 
TRACK;1.5.10-9;-16.47159707;-71.48843116;-1950216.735;2842799.816;D;False; ; ;0; ; ; ; ; ; 
TRACK;1.5.10-9;-16.47182705;-71.48846824;-1950243.284;2842792.591;D;False; ; ;0; ; ; ; ; ; 
TRACK;1.5.10-9;-16.47205835;-71.48842562;-1950270.999;2842794.383;D;False; ; ;0; ; ; ; ; ; 
TRACK;1.5.10-9;-16.47221974;-71.48838668;-1950290.454;2842796.676;D;False; ; ;0; ; ; ; ; ; 
TRACK;1.5.10-9;-16.47239674;-71.48839601;-1950311.13;2842793.293;D;False; ; ;0; ; ; ; ; ; 
TRACK;1.5.10-9;-16.47238781;-71.48834569;-1950310.718;2842799.114;D;False; ; ;0; ; ; ; ; ; 
TRACK;1.5.10-9;-16.47229758;-71.48823442;-1950301.529;2842812.914;D;False; ; ;0; ; ; ; ; ; 
TRACK;1.5.10-9;-16.47230691;-71.48808881;-1950304.471;2842829.298;D;False; ; ;0; ; ; ; ; ; 
TRACK;1.5.10-9;-16.47224112;-71.48788053;-1950299.382;2842853.773;D;False; ; ;0; ; ; ; ; ; 
TRACK;1.5.10-9;-16.47200375;-71.48797368;-1950270.314;2842846.333;D;False; ; ;0; ; ; ; ; ; 
TRACK;1.5.10-9;-16.47187362;-71.48803405;-1950254.261;2842841.199;D;False; ; ;0; ; ; ; ; ; 
TRACK;1.5.10-9;-16.47175687;-71.48806548;-1950240.146;2842839.171;D;False; ; ;0; ; ; ; ; ; 
TRACK;1.5.10-9;-16.47148217;-71.48815152;-1950206.782;2842833.027;D;False; ; ;0; ; ; ; ; ; 
TRACK;1.5.10-9;-16.4712469;-71.48818423;-1950178.727;2842832.41;D;False; ; ;0; ; ; ; ; ; 
TRACK;1.5.10-9;-16.47125089;-71.48826419;-1950178.183;2842823.293;D;False; ; ;0; ; ; ; ; ; 
TRACK;1.5.10-10; ; ;-1.516416327;20763369.87;D; ; ; ; ; ; ; ; ; ; 
TRACK;1.5.10-10;-16.47130577;-71.48884806;-1950177.226;2842756.385;D;False; ; ;0; ; ; ; ; ; 
TRACK;1.5.10-10;-16.47131968;-71.48863632;-1950181.545;2842780.205;D;False; ; ;0; ; ; ; ; ; 
TRACK;1.5.10-10;-16.47129354;-71.48839735;-1950181.505;2842807.638;D;False; ; ;0; ; ; ; ; ; 
TRACK;1.5.10-10;-16.47118211;-71.48826852;-1950170.047;2842823.706;D;False; ; ;0; ; ; ; ; ; 
TRACK;1.5.10-10;-16.47093797;-71.48825775;-1950141.501;2842828.135;D;False; ; ;0; ; ; ; ; ; 
TRACK;1.5.10-10;-16.4709713;-71.48884833;-1950137.929;2842760.749;D;False; ; ;0; ; ; ; ; ; 
TRACK;1.5.10-11; ; ;-1.516416327;20763369.87;D; ; ; ; ; ; ; ; ; ; 
TRACK;1.5.10-11;-16.47081756;-71.48877296;-1950120.822;2842771.313;D;False; ; ;0; ; ; ; ; ; 
TRACK;1.5.10-11;-16.47087719;-71.48841516;-1950132.365;2842811.089;D;False; ; ;0; ; ; ; ; ; 
TRACK;1.5.10-11;-16.47082102;-71.48790507;-1950132.232;2842869.652;D;False; ; ;0; ; ; ; ; ; 
TRACK;1.5.10-11;-16.47045086;-71.48793356;-1950088.383;2842871.287;D;False; ; ;0; ; ; ; ; ; 
TRACK;1.5.10-11;-16.47043611;-71.48801516;-1950085.616;2842862.23;D;False; ; ;0; ; ; ; ; ; 
TRACK;1.5.10-11;-16.47033756;-71.48808215;-1950073.188;2842855.931;D;False; ; ;0; ; ; ; ; ; 
TRACK;1.5.10-11;-16.4701374;-71.48820537;-1950048.11;2842844.592;D;False; ; ;0; ; ; ; ; ; 
TRACK;1.5.10-11;-16.47006692;-71.48833772;-1950038.153;2842830.515;D;False; ; ;0; ; ; ; ; ; 
TRACK;1.5.10-11;-16.47017429;-71.48859948;-1950047.448;2842799.431;D;False; ; ;0; ; ; ; ; ; 
TRACK;1.5.10-11;-16.47027481;-71.48871461;-1950057.798;2842785.059;D;False; ; ;0; ; ; ; ; ; 
TRACK;1.5.10-11;-16.47032333;-71.48873998;-1950063.176;2842781.545;D;False; ; ;0; ; ; ; ; ; 
TRACK;1.5.10-12; ; ;-1.516416327;20763369.87;D; ; ; ; ; ; ; ; ; ; 
TRACK;1.5.10-12;-16.47053335;-71.48957409;-1950077.276;2842684.23;D;False; ; ;0; ; ; ; ; ; 
TRACK;1.5.10-12;-16.47060459;-71.48936167;-1950088.338;2842707.375;D;False; ; ;0; ; ; ; ; ; 
TRACK;1.5.10-12;-16.47063309;-71.48925591;-1950093.027;2842718.989;D;False; ; ;0; ; ; ; ; ; 
TRACK;1.5.10-12;-16.4706826;-71.48880602;-1950104.548;2842769.338;D;False; ; ;0; ; ; ; ; ; 
TRACK;1.5.10-12;-16.470368;-71.48879598;-1950067.714;2842774.61;D;False; ; ;0; ; ; ; ; ; 
TRACK;1.5.10-12;-16.4703349;-71.489092;-1950060.072;2842741.488;D;False; ; ;0; ; ; ; ; ; 
TRACK;1.5.10-12;-16.47032656;-71.48916072;-1950058.222;2842733.807;D;False; ; ;0; ; ; ; ; ; 
TRACK;1.5.10-12;-16.47032759;-71.48956775;-1950053.182;2842687.653;D;False; ; ;0; ; ; ; ; ; 
TRACK;1.5.10-13; ; ;-1.516416327;20763369.87;D; ; ; ; ; ; ; ; ; ; 
TRACK;1.5.10-13;-16.47004135;-71.48966415;-1950018.332;2842680.485;D;False; ; ;0; ; ; ; ; ; 
TRACK;1.5.10-13;-16.47026893;-71.48960079;-1950045.873;2842684.677;D;False; ; ;0; ; ; ; ; ; 
TRACK;1.5.10-13;-16.47028512;-71.48944681;-1950049.726;2842701.92;D;False; ; ;0; ; ; ; ; ; 
TRACK;1.5.10-13;-16.4702737;-71.48912482;-1950052.466;2842738.572;D;False; ; ;0; ; ; ; ; ; 
TRACK;1.5.10-13;-16.47027197;-71.48895276;-1950054.445;2842758.099;D;False; ; ;0; ; ; ; ; ; 
TRACK;1.5.10-13;-16.4700459;-71.48894551;-1950027.977;2842761.892;D;False; ; ;0; ; ; ; ; ; 
TRACK;1.5.10-13;-16.46982139;-71.48898225;-1950001.135;2842760.676;D;False; ; ;0; ; ; ; ; ; 
TRACK;1.5.10-13;-16.46989017;-71.48966779;-1950000.525;2842682.059;D;False; ; ;0; ; ; ; ; ; 
TRACK;1.5.10-14; ; ;-1.516416327;20763369.87;D; ; ; ; ; ; ; ; ; ; 
TRACK;1.5.10-14;-16.47011351;-71.48993122;-1950023.424;2842649.262;D;False; ; ;0; ; ; ; ; ; 
TRACK;1.5.10-14;-16.47019609;-71.4897699;-1950035.171;2842666.464;D;False; ; ;0; ; ; ; ; ; 
TRACK;1.5.10-14;-16.47025112;-71.48965597;-1950043.08;2842678.657;D;False; ; ;0; ; ; ; ; ; 
TRACK;1.5.10-14;-16.47023068;-71.48963843;-1950040.902;2842680.913;D;False; ; ;0; ; ; ; ; ; 
TRACK;1.5.10-14;-16.46989973;-71.48971831;-1950001.007;2842676.207;D;False; ; ;0; ; ; ; ; ; 
TRACK;1.5.10-14;-16.4698812;-71.48986115;-1949997.019;2842660.257;D;False; ; ;0; ; ; ; ; ; 
TRACK;1.5.10-15; ; ;-1.516416327;20763369.87;D; ; ; ; ; ; ; ; ; ; 
TRACK;1.5.10-15;-16.47039518;-71.489993;-1950055.732;2842638.558;D;False; ; ;0; ; ; ; ; ; 
TRACK;1.5.10-15;-16.47045758;-71.48982838;-1950065.15;2842656.4;D;False; ; ;0; ; ; ; ; ; 
TRACK;1.5.10-15;-16.4705203;-71.48960916;-1950075.298;2842680.426;D;False; ; ;0; ; ; ; ; ; 
TRACK;1.5.10-15;-16.47031337;-71.48960035;-1950051.099;2842684.144;D;False; ; ;0; ; ; ; ; ; 
TRACK;1.5.10-15;-16.47023388;-71.48976261;-1950039.703;2842666.794;D;False; ; ;0; ; ; ; ; ; 
TRACK;1.5.10-15;-16.47016979;-71.48993626;-1950029.972;2842647.951;D;False; ; ;0; ; ; ; ; ; 
TRACK;1.5.10-16; ; ;-1.516416327;20763369.87;D; ; ; ; ; ; ; ; ; ; 
TRACK;1.5.10-16;-16.47021254;-71.49154416;-1950014.612;2842465.118;D;False; ; ;0; ; ; ; ; ; 
TRACK;1.5.10-16;-16.47027897;-71.49094865;-1950029.965;2842531.752;D;False; ; ;0; ; ; ; ; ; 
TRACK;1.5.10-16;-16.47030016;-71.49030677;-1950040.592;2842604.237;D;False; ; ;0; ; ; ; ; ; 
TRACK;1.5.10-16;-16.46992011;-71.49029487;-1949996.093;2842610.579;D;False; ; ;0; ; ; ; ; ; 
TRACK;1.5.10-16;-16.46997979;-71.49096675;-1949994.587;2842533.63;D;False; ; ;0; ; ; ; ; ; 
TRACK;1.5.10-16;-16.46987236;-71.49102229;-1949981.262;2842528.746;D;False; ; ;0; ; ; ; ; ; 
TRACK;1.5.10-16;-16.4699415;-71.49130278;-1949985.829;2842496.041;D;False; ; ;0; ; ; ; ; ; 
TRACK;1.5.10-16;-16.47000616;-71.4913325;-1949993.049;2842491.823;D;False; ; ;0; ; ; ; ; ; 
TRACK;1.5.10-16;-16.47009192;-71.49154199;-1950000.469;2842466.949;D;False; ; ;0; ; ; ; ; ; 
TRACK;1.5.10-18; ; ;-1.516416327;20763369.87;D; ; ; ; ; ; ; ; ; ; 
TRACK;1.5.10-18;-16.47097742;-71.49014868;-1950122.162;2842613.261;D;False; ; ;0; ; ; ; ; ; 
TRACK;1.5.10-18;-16.47109338;-71.49012372;-1950136.101;2842614.567;D;False; ; ;0; ; ; ; ; ; 
TRACK;1.5.10-18;-16.47117419;-71.48976506;-1950150.143;2842654.162;D;False; ; ;0; ; ; ; ; ; 
TRACK;1.5.10-18;-16.47123245;-71.4893945;-1950161.685;2842695.403;D;False; ; ;0; ; ; ; ; ; 
TRACK;1.5.10-18;-16.47098498;-71.48932666;-1950133.471;2842706.346;D;False; ; ;0; ; ; ; ; ; 
TRACK;1.5.10-18;-16.47082427;-71.49010332;-1950104.744;2842620.415;D;False; ; ;0; ; ; ; ; ; 
TRACK;1.5.10-19; ; ;-1.516416327;20763369.87;D; ; ; ; ; ; ; ; ; ; 
TRACK;1.5.10-19;-16.47063101;-71.49007038;-1950082.457;2842626.687;D;False; ; ;0; ; ; ; ; ; 
TRACK;1.5.10-19;-16.47076064;-71.4900973;-1950097.346;2842621.933;D;False; ; ;0; ; ; ; ; ; 
TRACK;1.5.10-19;-16.4709015;-71.48943012;-1950122.352;2842695.713;D;False; ; ;0; ; ; ; ; ; 
TRACK;1.5.10-19;-16.47094259;-71.48918231;-1950130.322;2842723.266;D;False; ; ;0; ; ; ; ; ; 
TRACK;1.5.10-19;-16.47092428;-71.48894108;-1950131.228;2842750.852;D;False; ; ;0; ; ; ; ; ; 
TRACK;1.5.10-19;-16.47089141;-71.48885516;-1950128.456;2842761.024;D;False; ; ;0; ; ; ; ; ; 
TRACK;1.5.10-19;-16.47081227;-71.48884285;-1950119.314;2842763.459;D;False; ; ;0; ; ; ; ; ; 
TRACK;1.5.10-19;-16.47079725;-71.48896125;-1950116.049;2842750.235;D;False; ; ;0; ; ; ; ; ; 
TRACK;1.5.10-19;-16.47072728;-71.48921636;-1950104.594;2842722.235;D;False; ; ;0; ; ; ; ; ; 
TRACK;1.5.10-19;-16.47049467;-71.49002059;-1950067.071;2842634.123;D;False; ; ;0; ; ; ; ; ; 
TRACK;1.5.10-20; ; ;-1.516416327;20763369.87;D; ; ; ; ; ; ; ; ; ; 
TRACK;1.5.10-20;-16.47299753;-71.48953136;-1950367.316;2842656.695;D;False; ; ;0; ; ; ; ; ; 
TRACK;1.5.10-20;-16.47297704;-71.48943104;-1950366.181;2842668.337;D;False; ; ;0; ; ; ; ; ; 
TRACK;1.5.10-20;-16.47242596;-71.48950204;-1950300.539;2842667.53;D;False; ; ;0; ; ; ; ; ; 
TRACK;1.5.10-20;-16.4724829;-71.4897171;-1950304.501;2842642.402;D;False; ; ;0; ; ; ; ; ; 
TRACK;1.5.10-20;-16.47295227;-71.48966302;-1950360.33;2842642.366;D;False; ; ;0; ; ; ; ; ; 
TRACK;1.5.10-21; ; ;-1.516416327;20763369.87;D; ; ; ; ; ; ; ; ; ; 
TRACK;1.5.10-21;-16.47294697;-71.48980301;-1950357.932;2842626.566;D;False; ; ;0; ; ; ; ; ; 
TRACK;1.5.10-21;-16.47292528;-71.48970235;-1950356.661;2842638.262;D;False; ; ;0; ; ; ; ; ; 
TRACK;1.5.10-21;-16.4724953;-71.48975849;-1950305.434;2842637.548;D;False; ; ;0; ; ; ; ; ; 
TRACK;1.5.10-21;-16.47253427;-71.48998828;-1950307.099;2842610.987;D;False; ; ;0; ; ; ; ; ; 
TRACK;1.5.10-21;-16.47284981;-71.48995232;-1950344.624;2842610.917;D;False; ; ;0; ; ; ; ; ; 
TRACK;1.5.10-22; ; ;-1.516416327;20763369.87;D; ; ; ; ; ; ; ; ; ; 
TRACK;1.5.10-22;-16.4728014;-71.49002715;-1950337.988;2842603.07;D;False; ; ;0; ; ; ; ; ; 
TRACK;1.5.10-22;-16.47279304;-71.48999809;-1950337.375;2842606.474;D;False; ; ;0; ; ; ; ; ; 
TRACK;1.5.10-22;-16.47254696;-71.49001608;-1950308.237;2842607.669;D;False; ; ;0; ; ; ; ; ; 
TRACK;1.5.10-22;-16.47251015;-71.49040525;-1950298.978;2842564.037;D;False; ; ;0; ; ; ; ; ; 
TRACK;1.5.10-22;-16.47256239;-71.49039294;-1950305.272;2842564.746;D;False; ; ;0; ; ; ; ; ; 
TRACK;1.5.10-23; ; ;-1.516416327;20763369.87;D; ; ; ; ; ; ; ; ; ; 
TRACK;1.5.10-23;-16.47248085;-71.49031314;-1950296.704;2842574.863;D;False; ; ;0; ; ; ; ; ; 
TRACK;1.5.10-23;-16.47224382;-71.49033578;-1950268.57;2842575.411;D;False; ; ;0; ; ; ; ; ; 
TRACK;1.5.10-23;-16.47223246;-71.49043727;-1950265.949;2842564.056;D;False; ; ;0; ; ; ; ; ; 
TRACK;1.5.10-23;-16.47223554;-71.49050967;-1950265.392;2842555.809;D;False; ; ;0; ; ; ; ; ; 
TRACK;1.5.10-23;-16.4722473;-71.49057481;-1950265.948;2842548.27;D;False; ; ;0; ; ; ; ; ; 
TRACK;1.5.10-23;-16.47232637;-71.49065173;-1950274.263;2842538.511;D;False; ; ;0; ; ; ; ; ; 
TRACK;1.5.10-23;-16.47245476;-71.49071883;-1950288.496;2842529.218;D;False; ; ;0; ; ; ; ; ; 
TRACK;1.5.10-26; ; ;-1.516416327;20763369.87;D; ; ; ; ; ; ; ; ; ; 
TRACK;1.5.10-26;-16.47119851;-71.49449405;-1950093.054;2842117.772;D;False; ; ;0; ; ; ; ; ; 
TRACK;1.5.10-26;-16.47035645;-71.49431092;-1949996.45;2842149.592;D;False; ; ;0; ; ; ; ; ; 
TRACK;1.5.10-26;-16.47015606;-71.49551626;-1949957.632;2842015.589;D;False; ; ;0; ; ; ; ; ; 
TRACK;1.5.10-26;-16.47110811;-71.49588395;-1950064.818;2841961.404;D;False; ; ;0; ; ; ; ; ; 
TRACK;1.5.10-26;-16.47157781;-71.49472763;-1950134.654;2842086.311;D;False; ; ;0; ; ; ; ; ; 
TRACK;1.5.10-27; ; ;-1.516416327;20763369.87;D; ; ; ; ; ; ; ; ; ; 
TRACK;1.5.10-27;-16.47192333;-71.49496151;-1950172.28;2842055.26;D;False; ; ;0; ; ; ; ; ; 
TRACK;1.5.10-27;-16.47164585;-71.49476573;-1950142.163;2842081.098;D;False; ; ;0; ; ; ; ; ; 
TRACK;1.5.10-27;-16.47116794;-71.49593863;-1950071.154;2841954.421;D;False; ; ;0; ; ; ; ; ; 
TRACK;1.5.10-27;-16.47161407;-71.49612926;-1950121.148;2841926.952;D;False; ; ;0; ; ; ; ; ; 
TRACK;1.5.10-27;-16.47170813;-71.49550843;-1950140.067;2841996.091;D;False; ; ;0; ; ; ; ; ; 
TRACK;1.5.10-28; ; ;-1.516416327;20763369.87;D; ; ; ; ; ; ; ; ; ; 
TRACK;1.5.10-28;-16.4730642;-71.49493927;-1950306.591;2842042.795;D;False; ; ;0; ; ; ; ; ; 
TRACK;1.5.10-28;-16.47290566;-71.49485966;-1950288.975;2842053.902;D;False; ; ;0; ; ; ; ; ; 
TRACK;1.5.10-28;-16.47276775;-71.4952385;-1950267.971;2842012.771;D;False; ; ;0; ; ; ; ; ; 
TRACK;1.5.10-28;-16.47253261;-71.49572992;-1950234.119;2841960.153;D;False; ; ;0; ; ; ; ; ; 
TRACK;1.5.10-28;-16.47228052;-71.49641789;-1950195.784;2841885.48;D;False; ; ;0; ; ; ; ; ; 
TRACK;1.5.10-28;-16.47247251;-71.4964789;-1950217.565;2841876.042;D;False; ; ;0; ; ; ; ; ; 
TRACK;1.5.10-28;-16.4727374;-71.49575354;-1950257.878;2841954.786;D;False; ; ;0; ; ; ; ; ; 
TRACK;1.5.10-29; ; ;-1.516416327;20763369.87;D; ; ; ; ; ; ; ; ; ; 
TRACK;1.5.10-29;-16.47316593;-71.49541904;-1950312.461;2841987.074;D;False; ; ;0; ; ; ; ; ; 
TRACK;1.5.10-29;-16.47319826;-71.49540706;-1950316.411;2841988.008;D;False; ; ;0; ; ; ; ; ; 
TRACK;1.5.10-29;-16.47324489;-71.49518012;-1950324.765;2842013.12;D;False; ; ;0; ; ; ; ; ; 
TRACK;1.5.10-29;-16.47309994;-71.49504719;-1950309.422;2842030.093;D;False; ; ;0; ; ; ; ; ; 
TRACK;1.5.10-29;-16.47284133;-71.49557;-1950272.414;2841974.227;D;False; ; ;0; ; ; ; ; ; 
TRACK;1.5.10-29;-16.47281143;-71.49567498;-1950267.57;2841962.719;D;False; ; ;0; ; ; ; ; ; 
TRACK;1.5.10-29;-16.47250585;-71.49651427;-1950221.033;2841871.595;D;False; ; ;0; ; ; ; ; ; 
TRACK;1.5.10-29;-16.47269605;-71.49659634;-1950242.338;2841859.795;D;False; ; ;0; ; ; ; ; ; 
TRACK;1.5.10-29;-16.47308201;-71.49552171;-1950301.301;2841976.539;D;False; ; ;0; ; ; ; ; ; 
TRACK;1.5.11-22; ; ;-1.516416327;20763369.87;D; ; ; ; ; ; ; ; ; ; 
TRACK;1.5.11-22;-16.47608456;-71.49285839;-1950687.801;2842238.99;D;False; ; ;0; ; ; ; ; ; 
TRACK;1.5.11-22;-16.47600619;-71.49313332;-1950675.109;2842208.855;D;False; ; ;0; ; ; ; ; ; 
TRACK;1.5.11-22;-16.47583479;-71.49331425;-1950652.678;2842190.598;D;False; ; ;0; ; ; ; ; ; 
TRACK;1.5.11-22;-16.4760205;-71.49338063;-1950673.654;2842180.633;D;False; ; ;0; ; ; ; ; ; 
TRACK;1.5.11-22;-16.4761899;-71.4929301;-1950699.268;2842229.477;D;False; ; ;0; ; ; ; ; ; 
TRACK;1.5.11-22;-16.47628311;-71.49260169;-1950714.381;2842265.479;D;False; ; ;0; ; ; ; ; ; 
TRACK;1.5.11-22;-16.47596761;-71.49253267;-1950678.192;2842277.448;D;False; ; ;0; ; ; ; ; ; 
TRACK;1.5.11-44; ; ;-1.516416327;20763369.87;D; ; ; ; ; ; ; ; ; ; 
TRACK;1.5.11-44;-16.47714383;-71.49327431;-1950806.971;2842177.924;D;False; ; ;0; ; ; ; ; ; 
TRACK;1.5.11-44;-16.47722097;-71.49300209;-1950819.485;2842207.768;D;False; ; ;0; ; ; ; ; ; 
TRACK;1.5.11-44;-16.47633166;-71.49271904;-1950718.598;2842251.539;D;False; ; ;0; ; ; ; ; ; 
TRACK;1.5.11-44;-16.47623485;-71.49299928;-1950703.671;2842221.044;D;False; ; ;0; ; ; ; ; ; 
TRACK;1.5.11-45; ; ;-1.516416327;20763369.87;D; ; ; ; ; ; ; ; ; ; 
TRACK;1.5.11-45;-16.477039;-71.49363427;-1950790.092;2842138.499;D;False; ; ;0; ; ; ; ; ; 
TRACK;1.5.11-45;-16.47712906;-71.49333245;-1950804.499;2842171.527;D;False; ; ;0; ; ; ; ; ; 
TRACK;1.5.11-45;-16.4762239;-71.49305688;-1950701.655;2842214.659;D;False; ; ;0; ; ; ; ; ; 
TRACK;1.5.11-45;-16.47611492;-71.49332591;-1950685.441;2842185.595;D;False; ; ;0; ; ; ; ; ; 
TRACK;1.5.11-46; ; ;-1.516416327;20763369.87;D; ; ; ; ; ; ; ; ; ; 
TRACK;1.5.11-46;-16.47705801;-71.49410648;-1950786.338;2842084.723;D;False; ; ;0; ; ; ; ; ; 
TRACK;1.5.11-46;-16.4770311;-71.49368654;-1950788.501;2842132.678;D;False; ; ;0; ; ; ; ; ; 
TRACK;1.5.11-46;-16.4761053;-71.49337019;-1950683.75;2842180.703;D;False; ; ;0; ; ; ; ; ; 
TRACK;1.5.11-46;-16.47597595;-71.49369628;-1950664.419;2842145.439;D;False; ; ;0; ; ; ; ; ; 
TRACK;1.5.12-24; ; ;-1.516416327;20763369.87;D; ; ; ; ; ; ; ; ; ; 
TRACK;1.5.12-24;-16.47705665;-71.49418098;-1950785.233;2842076.296;D;False; ; ;0; ; ; ; ; ; 
TRACK;1.5.12-24;-16.47597222;-71.49374224;-1950663.398;2842140.278;D;False; ; ;0; ; ; ; ; ; 
TRACK;1.5.12-24;-16.47575216;-71.49402141;-1950634.006;2842111.524;D;False; ; ;0; ; ; ; ; ; 
TRACK;1.5.12-24;-16.47719813;-71.4945783;-1950796.817;2842029.399;D;False; ; ;0; ; ; ; ; ; 
TRACK;1.5.12-25; ; ;-1.516416327;20763369.87;D; ; ; ; ; ; ; ; ; ; 
TRACK;1.5.12-25;-16.47724365;-71.4946543;-1950801.201;2842020.187;D;False; ; ;0; ; ; ; ; ; 
TRACK;1.5.12-25;-16.4757318;-71.49406057;-1950631.117;2842107.352;D;False; ; ;0; ; ; ; ; ; 
TRACK;1.5.12-25;-16.475628;-71.49422104;-1950616.889;2842090.527;D;False; ; ;0; ; ; ; ; ; 
TRACK;1.5.12-25;-16.47725909;-71.49484401;-1950800.61;2841998.48;D;False; ; ;0; ; ; ; ; ; 
TRACK;1.5.12-31; ; ;-1.516416327;20763369.87;D; ; ; ; ; ; ; ; ; ; 
TRACK;1.5.12-31;-16.47824194;-71.49618321;-1950899.095;2841833.765;D;False; ; ;0; ; ; ; ; ; 
TRACK;1.5.12-31;-16.47830403;-71.49588327;-1950910.191;2841866.947;D;False; ; ;0; ; ; ; ; ; 
TRACK;1.5.12-31;-16.47745661;-71.49556604;-1950814.66;2841914.04;D;False; ; ;0; ; ; ; ; ; 
TRACK;1.5.12-31;-16.4774963;-71.49585876;-1950815.612;2841880.339;D;False; ; ;0; ; ; ; ; ; 
TRACK;1.5.12-32; ; ;-1.516416327;20763369.87;D; ; ; ; ; ; ; ; ; ; 
TRACK;1.5.12-32;-16.47699344;-71.49829658;-1950725.633;2841610.617;D;False; ; ;0; ; ; ; ; ; 
TRACK;1.5.12-32;-16.47741287;-71.49585084;-1950805.911;2841882.333;D;False; ; ;0; ; ; ; ; ; 
TRACK;1.5.12-32;-16.47731052;-71.49541364;-1950799.43;2841933.235;D;False; ; ;0; ; ; ; ; ; 
TRACK;1.5.12-32;-16.4765411;-71.49572097;-1950705.144;2841908.509;D;False; ; ;0; ; ; ; ; ; 
TRACK;1.5.12-32;-16.47572526;-71.49668377;-1950597.095;2841810.091;D;False; ; ;0; ; ; ; ; ; 
TRACK;1.5.12-32;-16.4756383;-71.4969277;-1950583.787;2841783.584;D;False; ; ;0; ; ; ; ; ; 
TRACK;1.5.12-32;-16.47537814;-71.496977;-1950552.6;2841781.413;D;False; ; ;0; ; ; ; ; ; 
TRACK;1.5.12-32;-16.47516278;-71.49761812;-1950519.174;2841711.57;D;False; ; ;0; ; ; ; ; ; 
TRACK;1.5.13-1; ; ;-1.516416327;20763369.87;D; ; ; ; ; ; ; ; ; ; 
TRACK;1.5.13-1;-16.48111244;-71.48932081;-1951323.344;2842573.902;D;False; ; ;0; ; ; ; ; ; 
TRACK;1.5.13-1;-16.48110832;-71.48810523;-1951338.281;2842711.746;D;False; ; ;0; ; ; ; ; ; 
TRACK;1.5.13-1;-16.48039039;-71.48673172;-1951271.36;2842876.879;D;False; ; ;0; ; ; ; ; ; 
TRACK;1.5.13-1;-16.48039039;-71.48673172;-1951271.36;2842876.879;D;False; ; ;0; ; ; ; ; ; 
TRACK;1.5.13-1;-16.48019347;-71.48655845;-1951250.424;2842899.109;D;False; ; ;0; ; ; ; ; ; 
TRACK;1.5.13-1;-16.47955706;-71.48653124;-1951176.001;2842910.561;D;False; ; ;0; ; ; ; ; ; 
TRACK;1.5.13-1;-16.48008741;-71.48693656;-1951233.166;2842857.643;D;False; ; ;0; ; ; ; ; ; 
TRACK;1.5.13-1;-16.48030953;-71.48726547;-1951255.09;2842817.439;D;False; ; ;0; ; ; ; ; ; 
TRACK;1.5.13-1;-16.48049525;-71.48774447;-1951270.833;2842760.7;D;False; ; ;0; ; ; ; ; ; 
TRACK;1.5.13-1;-16.48085158;-71.48932612;-1951292.631;2842576.73;D;False; ; ;0; ; ; ; ; ; 
TRACK;1.5.13-2; ; ;-1.516416327;20763369.87;D; ; ; ; ; ; ; ; ; ; 
TRACK;1.5.13-2;-16.48174905;-71.48961125;-1951394.451;2842532.61;D;False; ; ;0; ; ; ; ; ; 
TRACK;1.5.13-2;-16.48176112;-71.48917585;-1951401.392;2842581.806;D;False; ; ;0; ; ; ; ; ; 
TRACK;1.5.13-2;-16.48117653;-71.48917713;-1951332.697;2842589.346;D;False; ; ;0; ; ; ; ; ; 
TRACK;1.5.13-2;-16.48116256;-71.48963426;-1951325.257;2842537.712;D;False; ; ;0; ; ; ; ; ; 
TRACK;1.5.13-3; ; ;-1.516416327;20763369.87;D; ; ; ; ; ; ; ; ; ; 
TRACK;1.5.13-3;-16.48286528;-71.48944989;-1951527.634;2842536.225;D;False; ; ;0; ; ; ; ; ; 
TRACK;1.5.13-3;-16.48313344;-71.48918748;-1951562.466;2842562.444;D;False; ; ;0; ; ; ; ; ; 
TRACK;1.5.13-3;-16.48182795;-71.489173;-1951409.278;2842581.249;D;False; ; ;0; ; ; ; ; ; 
TRACK;1.5.13-3;-16.48182391;-71.48965124;-1951402.738;2842527.093;D;False; ; ;0; ; ; ; ; ; 
TRACK;1.5.13-3;-16.48267418;-71.48962714;-1951502.934;2842518.646;D;False; ; ;0; ; ; ; ; ; 
TRACK;1.5.13-4; ; ;-1.516416327;20763369.87;D; ; ; ; ; ; ; ; ; ; 
TRACK;1.5.13-4;-16.4817414;-71.48910171;-1951400.015;2842590.468;D;False; ; ;0; ; ; ; ; ; 
TRACK;1.5.13-4;-16.48174818;-71.48867182;-1951406.265;2842639.108;D;False; ; ;0; ; ; ; ; ; 
TRACK;1.5.13-4;-16.48119051;-71.48867888;-1951340.66;2842645.64;D;False; ; ;0; ; ; ; ; ; 
TRACK;1.5.13-4;-16.48117813;-71.48909704;-1951333.9;2842598.403;D;False; ; ;0; ; ; ; ; ; 
TRACK;1.5.13-5; ; ;-1.516416327;20763369.87;D; ; ; ; ; ; ; ; ; ; 
TRACK;1.5.13-5;-16.48174615;-71.48858269;-1951407.157;2842649.239;D;False; ; ;0; ; ; ; ; ; 
TRACK;1.5.13-5;-16.481746;-71.48816374;-1951412.455;2842696.73;D;False; ; ;0; ; ; ; ; ; 
TRACK;1.5.13-5;-16.48118746;-71.48816323;-1951346.843;2842704.131;D;False; ; ;0; ; ; ; ; ; 
TRACK;1.5.13-5;-16.48118587;-71.48859032;-1951341.238;2842655.739;D;False; ; ;0; ; ; ; ; ; 
TRACK;1.5.13-6; ; ;-1.516416327;20763369.87;D; ; ; ; ; ; ; ; ; ; 
TRACK;1.5.13-6;-16.48379309;-71.48864953;-1951646.788;2842614.747;D;False; ; ;0; ; ; ; ; ; 
TRACK;1.5.13-6;-16.48377911;-71.48816076;-1951651.347;2842670.333;D;False; ; ;0; ; ; ; ; ; 
TRACK;1.5.13-6;-16.48182318;-71.48816463;-1951421.511;2842695.614;D;False; ; ;0; ; ; ; ; ; 
TRACK;1.5.13-6;-16.48181795;-71.48861923;-1951415.129;2842644.152;D;False; ; ;0; ; ; ; ; ; 
TRACK;1.5.13-7; ; ;-1.516416327;20763369.87;D; ; ; ; ; ; ; ; ; ; 
TRACK;1.5.13-7;-16.48385004;-71.48809113;-1951660.563;2842677.294;D;False; ; ;0; ; ; ; ; ; 
TRACK;1.5.13-7;-16.48346956;-71.4876812;-1951621.064;2842728.763;D;False; ; ;0; ; ; ; ; ; 
TRACK;1.5.13-7;-16.48182977;-71.48766886;-1951428.574;2842751.724;D;False; ; ;0; ; ; ; ; ; 
TRACK;1.5.13-7;-16.48182424;-71.48809781;-1951422.483;2842703.174;D;False; ; ;0; ; ; ; ; ; 
TRACK;1.5.13-8; ; ;-1.516416327;20763369.87;D; ; ; ; ; ; ; ; ; ; 
TRACK;1.5.13-8;-16.48174328;-71.48808808;-1951413.095;2842705.342;D;False; ; ;0; ; ; ; ; ; 
TRACK;1.5.13-8;-16.48174287;-71.48765908;-1951418.489;2842753.976;D;False; ; ;0; ; ; ; ; ; 
TRACK;1.5.13-8;-16.48094254;-71.48765464;-1951324.52;2842765.002;D;False; ; ;0; ; ; ; ; ; 
TRACK;1.5.13-8;-16.48119288;-71.48807918;-1951348.546;2842713.587;D;False; ; ;0; ; ; ; ; ; 
TRACK;1.5.13-9; ; ;-1.516416327;20763369.87;D; ; ; ; ; ; ; ; ; ; 
TRACK;1.5.13-9;-16.4817428;-71.48759596;-1951419.281;2842761.131;D;False; ; ;0; ; ; ; ; ; 
TRACK;1.5.13-9;-16.48174643;-71.4871553;-1951425.298;2842811.034;D;False; ; ;0; ; ; ; ; ; 
TRACK;1.5.13-9;-16.48068116;-71.48715629;-1951300.135;2842824.929;D;False; ; ;0; ; ; ; ; ; 
TRACK;1.5.13-9;-16.48092986;-71.48758714;-1951323.887;2842772.82;D;False; ; ;0; ; ; ; ; ; 
TRACK;1.5.13-10; ; ;-1.516416327;20763369.87;D; ; ; ; ; ; ; ; ; ; 
TRACK;1.5.13-10;-16.4834219;-71.4875893;-1951616.63;2842739.807;D;False; ; ;0; ; ; ; ; ; 
TRACK;1.5.13-10;-16.48298994;-71.48717745;-1951571.108;2842792.171;D;False; ; ;0; ; ; ; ; ; 
TRACK;1.5.13-10;-16.4818293;-71.48717123;-1951434.832;2842808.138;D;False; ; ;0; ; ; ; ; ; 
TRACK;1.5.13-10;-16.48183641;-71.48760356;-1951430.183;2842759.039;D;False; ; ;0; ; ; ; ; ; 
TRACK;1.5.13-11; ; ;-1.516416327;20763369.87;D; ; ; ; ; ; ; ; ; ; 
TRACK;1.5.13-11;-16.48293306;-71.48709186;-1951565.512;2842802.621;D;False; ; ;0; ; ; ; ; ; 
TRACK;1.5.13-11;-16.48250756;-71.48666473;-1951520.942;2842856.634;D;False; ; ;0; ; ; ; ; ; 
TRACK;1.5.13-11;-16.48183047;-71.48665948;-1951441.462;2842866.132;D;False; ; ;0; ; ; ; ; ; 
TRACK;1.5.13-11;-16.48183378;-71.48709029;-1951436.386;2842817.255;D;False; ; ;0; ; ; ; ; ; 
TRACK;1.5.13-12; ; ;-1.516416327;20763369.87;D; ; ; ; ; ; ; ; ; ; 
TRACK;1.5.13-12;-16.48174479;-71.48707299;-1951426.15;2842820.386;D;False; ; ;0; ; ; ; ; ; 
TRACK;1.5.13-12;-16.48174469;-71.48666451;-1951431.32;2842866.69;D;False; ; ;0; ; ; ; ; ; 
TRACK;1.5.13-12;-16.48041769;-71.48666297;-1951275.44;2842884.313;D;False; ; ;0; ; ; ; ; ; 
TRACK;1.5.13-12;-16.48065932;-71.48706927;-1951298.673;2842835.08;D;False; ; ;0; ; ; ; ; ; 
TRACK;1.5.13-13; ; ;-1.516416327;20763369.87;D; ; ; ; ; ; ; ; ; ; 
TRACK;1.5.13-13;-16.48174161;-71.48645571;-1951433.608;2842890.399;D;False; ; ;0; ; ; ; ; ; 
TRACK;1.5.13-13;-16.48175195;-71.48602648;-1951440.269;2842938.917;D;False; ; ;0; ; ; ; ; ; 
TRACK;1.5.13-13;-16.48054939;-71.48601338;-1951299.153;2842956.216;D;False; ; ;0; ; ; ; ; ; 
TRACK;1.5.13-13;-16.48054659;-71.48644801;-1951293.31;2842906.984;D;False; ; ;0; ; ; ; ; ; 
TRACK;1.5.13-14; ; ;-1.516416327;20763369.87;D; ; ; ; ; ; ; ; ; ; 
TRACK;1.5.13-14;-16.48044723;-71.48644895;-1951281.626;2842908.185;D;False; ; ;0; ; ; ; ; ; 
TRACK;1.5.13-14;-16.48044734;-71.48601755;-1951287.111;2842957.084;D;False; ; ;0; ; ; ; ; ; 
TRACK;1.5.13-14;-16.4794508;-71.48600538;-1951170.188;2842971.568;D;False; ; ;0; ; ; ; ; ; 
TRACK;1.5.13-14;-16.47946598;-71.48619284;-1951169.594;2842950.118;D;False; ; ;0; ; ; ; ; ; 
TRACK;1.5.13-14;-16.47998258;-71.4864666;-1951226.813;2842912.293;D;False; ; ;0; ; ; ; ; ; 
TRACK;1.5.13-15; ; ;-1.516416327;20763369.87;D; ; ; ; ; ; ; ; ; ; 
TRACK;1.5.13-15;-16.48044736;-71.48592911;-1951288.236;2842967.11;D;False; ; ;0; ; ; ; ; ; 
TRACK;1.5.13-15;-16.48044328;-71.48551676;-1951292.987;2843013.905;D;False; ; ;0; ; ; ; ; ; 
TRACK;1.5.13-15;-16.47944885;-71.48549693;-1951176.409;2843029.23;D;False; ; ;0; ; ; ; ; ; 
TRACK;1.5.13-15;-16.47946417;-71.48593848;-1951172.608;2842978.975;D;False; ; ;0; ; ; ; ; ; 
TRACK;1.5.13-16; ; ;-1.516416327;20763369.87;D; ; ; ; ; ; ; ; ; ; 
TRACK;1.5.13-16;-16.48174269;-71.4859383;-1951440.3;2842949.035;D;False; ; ;0; ; ; ; ; ; 
TRACK;1.5.13-16;-16.48175193;-71.48552337;-1951446.65;2842995.948;D;False; ; ;0; ; ; ; ; ; 
TRACK;1.5.13-16;-16.48054923;-71.48551275;-1951305.487;2843012.967;D;False; ; ;0; ; ; ; ; ; 
TRACK;1.5.13-16;-16.48055388;-71.48592954;-1951300.745;2842965.661;D;False; ; ;0; ; ; ; ; ; 
TRACK;1.5.13-18; ; ;-1.516416327;20763369.87;D; ; ; ; ; ; ; ; ; ; 
TRACK;1.5.13-18;-16.48045126;-71.485423;-1951295.115;2843024.428;D;False; ; ;0; ; ; ; ; ; 
TRACK;1.5.13-18;-16.48044439;-71.48501893;-1951299.434;2843070.323;D;False; ; ;0; ; ; ; ; ; 
TRACK;1.5.13-18;-16.47945099;-71.48499874;-1951182.982;2843085.674;D;False; ; ;0; ; ; ; ; ; 
TRACK;1.5.13-18;-16.4794521;-71.48540945;-1951177.901;2843039.103;D;False; ; ;0; ; ; ; ; ; 
TRACK;1.5.13-19; ; ;-1.516416327;20763369.87;D; ; ; ; ; ; ; ; ; ; 
TRACK;1.5.13-19;-16.48044901;-71.48492299;-1951301.195;2843081.138;D;False; ; ;0; ; ; ; ; ; 
TRACK;1.5.13-19;-16.48045389;-71.48451262;-1951306.975;2843127.591;D;False; ; ;0; ; ; ; ; ; 
TRACK;1.5.13-19;-16.47946832;-71.4845147;-1951191.158;2843140.315;D;False; ; ;0; ; ; ; ; ; 
TRACK;1.5.13-19;-16.47946517;-71.48492422;-1951185.593;2843093.935;D;False; ; ;0; ; ; ; ; ; 
TRACK;1.5.13-20; ; ;-1.516416327;20763369.87;D; ; ; ; ; ; ; ; ; ; 
TRACK;1.5.13-20;-16.48176049;-71.48494131;-1951455.04;2843061.815;D;False; ; ;0; ; ; ; ; ; 
TRACK;1.5.13-20;-16.48177107;-71.48452786;-1951461.53;2843108.543;D;False; ; ;0; ; ; ; ; ; 
TRACK;1.5.13-20;-16.4805587;-71.48451628;-1951319.242;2843125.798;D;False; ; ;0; ; ; ; ; ; 
TRACK;1.5.13-20;-16.48056257;-71.4849316;-1951314.426;2843078.668;D;False; ; ;0; ; ; ; ; ; 
TRACK;1.5.13-21; ; ;-1.516416327;20763369.87;D; ; ; ; ; ; ; ; ; ; 
TRACK;1.5.13-21;-16.48175794;-71.48442688;-1951461.269;2843120.161;D;False; ; ;0; ; ; ; ; ; 
TRACK;1.5.13-21;-16.48175195;-71.48402389;-1951465.678;2843165.921;D;False; ; ;0; ; ; ; ; ; 
TRACK;1.5.13-21;-16.48055082;-71.48402485;-1951324.551;2843181.609;D;False; ; ;0; ; ; ; ; ; 
TRACK;1.5.13-21;-16.48057559;-71.4844335;-1951322.277;2843134.959;D;False; ; ;0; ; ; ; ; ; 
TRACK;1.5.13-22; ; ;-1.516416327;20763369.87;D; ; ; ; ; ; ; ; ; ; 
TRACK;1.5.13-22;-16.4804499;-71.48442137;-1951307.663;2843137.988;D;False; ; ;0; ; ; ; ; ; 
TRACK;1.5.13-22;-16.48045893;-71.48400451;-1951314.013;2843185.123;D;False; ; ;0; ; ; ; ; ; 
TRACK;1.5.13-22;-16.47946057;-71.48401136;-1951196.634;2843197.475;D;False; ; ;0; ; ; ; ; ; 
TRACK;1.5.13-22;-16.47946125;-71.48443677;-1951191.316;2843149.243;D;False; ; ;0; ; ; ; ; ; 
TRACK;1.5.13-23; ; ;-1.516416327;20763369.87;D; ; ; ; ; ; ; ; ; ; 
TRACK;1.5.13-23;-16.48045484;-71.48392641;-1951314.524;2843194.03;D;False; ; ;0; ; ; ; ; ; 
TRACK;1.5.13-23;-16.4804636;-71.48351441;-1951320.78;2843240.617;D;False; ; ;0; ; ; ; ; ; 
TRACK;1.5.13-23;-16.47946815;-71.48349991;-1951204.014;2843255.352;D;False; ; ;0; ; ; ; ; ; 
TRACK;1.5.13-23;-16.47947056;-71.48392614;-1951198.889;2843207.004;D;False; ; ;0; ; ; ; ; ; 
TRACK;1.5.13-24; ; ;-1.516416327;20763369.87;D; ; ; ; ; ; ; ; ; ; 
TRACK;1.5.13-24;-16.48175577;-71.48392777;-1951467.347;2843176.767;D;False; ; ;0; ; ; ; ; ; 
TRACK;1.5.13-24;-16.48175058;-71.48352635;-1951471.831;2843222.339;D;False; ; ;0; ; ; ; ; ; 
TRACK;1.5.13-24;-16.48054827;-71.48350585;-1951330.837;2843240.474;D;False; ; ;0; ; ; ; ; ; 
TRACK;1.5.13-24;-16.48055948;-71.48392351;-1951326.855;2843192.982;D;False; ; ;0; ; ; ; ; ; 
TRACK;1.5.13-25; ; ;-1.516416327;20763369.87;D; ; ; ; ; ; ; ; ; ; 
TRACK;1.5.13-25;-16.48266051;-71.48335797;-1951580.871;2843229.458;D;False; ; ;0; ; ; ; ; ; 
TRACK;1.5.13-25;-16.48258831;-71.48312994;-1951575.283;2843256.256;D;False; ; ;0; ; ; ; ; ; 
TRACK;1.5.13-25;-16.47975337;-71.48313357;-1951242.172;2843293.129;D;False; ; ;0; ; ; ; ; ; 
TRACK;1.5.13-25;-16.47974325;-71.48334349;-1951238.319;2843269.466;D;False; ; ;0; ; ; ; ; ; 
TRACK;1.5.13-26; ; ;-1.516416327;20763369.87;D; ; ; ; ; ; ; ; ; ; 
TRACK;1.5.13-26;-16.4829606;-71.48394416;-1951608.688;2843159.063;D;False; ; ;0; ; ; ; ; ; 
TRACK;1.5.13-26;-16.48296178;-71.48353061;-1951614.075;2843205.925;D;False; ; ;0; ; ; ; ; ; 
TRACK;1.5.13-26;-16.48185387;-71.48351409;-1951484.121;2843222.37;D;False; ; ;0; ; ; ; ; ; 
TRACK;1.5.13-26;-16.4818526;-71.48393961;-1951478.573;2843174.151;D;False; ; ;0; ; ; ; ; ; 
TRACK;1.5.13-27; ; ;-1.516416327;20763369.87;D; ; ; ; ; ; ; ; ; ; 
TRACK;1.5.13-27;-16.48296411;-71.48442828;-1951602.957;2843104.14;D;False; ; ;0; ; ; ; ; ; 
TRACK;1.5.13-27;-16.48296987;-71.48404592;-1951608.486;2843147.407;D;False; ; ;0; ; ; ; ; ; 
TRACK;1.5.13-27;-16.48185655;-71.48403208;-1951477.863;2843163.618;D;False; ; ;0; ; ; ; ; ; 
TRACK;1.5.13-27;-16.48185989;-71.48444701;-1951472.991;2843116.538;D;False; ; ;0; ; ; ; ; ; 
TRACK;1.5.13-28; ; ;-1.516416327;20763369.87;D; ; ; ; ; ; ; ; ; ; 
TRACK;1.5.13-28;-16.48388268;-71.48394939;-1951716.952;2843146.343;D;False; ; ;0; ; ; ; ; ; 
TRACK;1.5.13-28;-16.48403418;-71.48350108;-1951740.44;2843195.167;D;False; ; ;0; ; ; ; ; ; 
TRACK;1.5.13-28;-16.48302711;-71.48352517;-1951621.819;2843205.683;D;False; ; ;0; ; ; ; ; ; 
TRACK;1.5.13-28;-16.48304552;-71.48395348;-1951618.547;2843156.89;D;False; ; ;0; ; ; ; ; ; 
TRACK;1.5.13-29; ; ;-1.516416327;20763369.87;D; ; ; ; ; ; ; ; ; ; 
TRACK;1.5.13-29;-16.48372669;-71.48444682;-1951692.314;2843092.009;D;False; ; ;0; ; ; ; ; ; 
TRACK;1.5.13-29;-16.48385962;-71.48404578;-1951713.02;2843135.72;D;False; ; ;0; ; ; ; ; ; 
TRACK;1.5.13-29;-16.48303945;-71.48403883;-1951616.751;2843147.295;D;False; ; ;0; ; ; ; ; ; 
TRACK;1.5.13-29;-16.48303444;-71.48445077;-1951610.935;2843100.666;D;False; ; ;0; ; ; ; ; ; 
TRACK;1.5.13-30; ; ;-1.516416327;20763369.87;D; ; ; ; ; ; ; ; ; ; 
TRACK;1.5.13-30;-16.48358082;-71.4849464;-1951668.836;2843037.298;D;False; ; ;0; ; ; ; ; ; 
TRACK;1.5.13-30;-16.48372074;-71.48452761;-1951690.589;2843082.929;D;False; ; ;0; ; ; ; ; ; 
TRACK;1.5.13-30;-16.48185787;-71.48453217;-1951471.672;2843106.912;D;False; ; ;0; ; ; ; ; ; 
TRACK;1.5.13-30;-16.48185146;-71.48494947;-1951465.625;2843059.693;D;False; ; ;0; ; ; ; ; ; 
TRACK;1.5.13-31; ; ;-1.516416327;20763369.87;D; ; ; ; ; ; ; ; ; ; 
TRACK;1.5.13-31;-16.48346443;-71.48545912;-1951648.656;2842980.709;D;False; ; ;0; ; ; ; ; ; 
TRACK;1.5.13-31;-16.48356939;-71.48503235;-1951666.403;2843027.706;D;False; ; ;0; ; ; ; ; ; 
TRACK;1.5.13-31;-16.4818472;-71.48502554;-1951464.159;2843051.127;D;False; ; ;0; ; ; ; ; ; 
TRACK;1.5.13-31;-16.48184922;-71.48545776;-1951458.912;2843002.105;D;False; ; ;0; ; ; ; ; ; 
TRACK;1.5.13-32; ; ;-1.516416327;20763369.87;D; ; ; ; ; ; ; ; ; ; 
TRACK;1.5.13-32;-16.4830198;-71.48595694;-1951590.103;2842930.127;D;False; ; ;0; ; ; ; ; ; 
TRACK;1.5.13-32;-16.48340209;-71.48553199;-1951640.407;2842973.27;D;False; ; ;0; ; ; ; ; ; 
TRACK;1.5.13-32;-16.48185238;-71.48552459;-1951458.435;2842994.489;D;False; ; ;0; ; ; ; ; ; 
TRACK;1.5.13-32;-16.48184365;-71.48596239;-1951451.855;2842944.977;D;False; ; ;0; ; ; ; ; ; 
TRACK;1.5.13-33; ; ;-1.516416327;20763369.87;D; ; ; ; ; ; ; ; ; ; 
TRACK;1.5.13-33;-16.48252634;-71.48645427;-1951525.819;2842880.243;D;False; ; ;0; ; ; ; ; ; 
TRACK;1.5.13-33;-16.48295355;-71.48603852;-1951581.285;2842921.752;D;False; ; ;0; ; ; ; ; ; 
TRACK;1.5.13-33;-16.48184285;-71.48603061;-1951450.896;2842937.254;D;False; ; ;0; ; ; ; ; ; 
TRACK;1.5.13-33;-16.48183661;-71.48645706;-1951444.752;2842888.996;D;False; ; ;0; ; ; ; ; ; 
TRACK;1.5.13-34; ; ;-1.516416327;20763369.87;D; ; ; ; ; ; ; ; ; ; 
TRACK;1.5.13-34;-16.48414931;-71.48918103;-1951681.894;2842549.816;D;False; ; ;0; ; ; ; ; ; 
TRACK;1.5.13-34;-16.48335628;-71.48918729;-1951588.648;2842559.535;D;False; ; ;0; ; ; ; ; ; 
TRACK;1.5.13-34;-16.4828791;-71.48961732;-1951527.133;2842517.065;D;False; ; ;0; ; ; ; ; ; 
TRACK;1.5.13-34;-16.48417087;-71.48964344;-1951678.56;2842497.119;D;False; ; ;0; ; ; ; ; ; 
TRACK;1.5.13-36; ; ;-1.516416327;20763369.87;D; ; ; ; ; ; ; ; ; ; 
TRACK;1.5.13-36;-16.48424199;-71.48253985;-1951777.055;2843301.394;D;False; ; ;0; ; ; ; ; ; 
TRACK;1.5.13-36;-16.48302177;-71.48253935;-1951633.703;2843317.501;D;False; ; ;0; ; ; ; ; ; 
TRACK;1.5.13-36;-16.48300469;-71.48295852;-1951626.376;2843270.211;D;False; ; ;0; ; ; ; ; ; 
TRACK;1.5.13-36;-16.4841649;-71.48295116;-1951762.778;2843255.784;D;False; ; ;0; ; ; ; ; ; 
TRACK;1.5.13-37; ; ;-1.516416327;20763369.87;D; ; ; ; ; ; ; ; ; ; 
TRACK;1.5.13-37;-16.48433834;-71.48203821;-1951794.741;2843356.99;D;False; ; ;0; ; ; ; ; ; 
TRACK;1.5.13-37;-16.48301932;-71.4820352;-1951639.813;2843374.682;D;False; ; ;0; ; ; ; ; ; 
TRACK;1.5.13-37;-16.48302377;-71.4824564;-1951634.99;2843326.877;D;False; ; ;0; ; ; ; ; ; 
TRACK;1.5.13-37;-16.48424295;-71.48245471;-1951778.248;2843311.033;D;False; ; ;0; ; ; ; ; ; 
TRACK;1.5.13-38; ; ;-1.516416327;20763369.87;D; ; ; ; ; ; ; ; ; ; 
TRACK;1.5.13-38;-16.48436839;-71.48150861;-1951804.994;2843416.628;D;False; ; ;0; ; ; ; ; ; 
TRACK;1.5.13-38;-16.48301466;-71.4815298;-1951645.68;2843432.033;D;False; ; ;0; ; ; ; ; ; 
TRACK;1.5.13-38;-16.48301373;-71.48195135;-1951640.221;2843384.26;D;False; ; ;0; ; ; ; ; ; 
TRACK;1.5.13-38;-16.48434831;-71.48195923;-1951796.915;2843365.811;D;False; ; ;0; ; ; ; ; ; 
TRACK;1.5.13-39; ; ;-1.516416327;20763369.87;D; ; ; ; ; ; ; ; ; ; 
TRACK;1.5.13-39;-16.48446838;-71.48084166;-1951825.207;2843490.915;D;False; ; ;0; ; ; ; ; ; 
TRACK;1.5.13-39;-16.48324478;-71.4814246;-1951674.051;2843440.931;D;False; ; ;0; ; ; ; ; ; 
TRACK;1.5.13-39;-16.48443676;-71.48141756;-1951814.182;2843426.049;D;False; ; ;0; ; ; ; ; ; 
TRACK;1.5.13-42; ; ;-1.516416327;20763369.87;D; ; ; ; ; ; ; ; ; ; 
TRACK;1.5.13-42;-16.48296699;-71.48202598;-1951633.782;2843376.415;D;False; ; ;0; ; ; ; ; ; 
TRACK;1.5.13-42;-16.48229348;-71.48200553;-1951554.913;2843387.593;D;False; ; ;0; ; ; ; ; ; 
TRACK;1.5.13-42;-16.48245634;-71.48245023;-1951568.404;2843335.041;D;False; ; ;0; ; ; ; ; ; 
TRACK;1.5.13-42;-16.48294291;-71.48244902;-1951625.585;2843328.778;D;False; ; ;0; ; ; ; ; ; 
TRACK;1.5.13-44; ; ;-1.516416327;20763369.87;D; ; ; ; ; ; ; ; ; ; 
TRACK;1.5.13-44;-16.47936595;-71.48352419;-1951191.699;2843253.943;D;False; ; ;0; ; ; ; ; ; 
TRACK;1.5.13-44;-16.47890392;-71.48351345;-1951137.553;2843261.236;D;False; ; ;0; ; ; ; ; ; 
TRACK;1.5.13-44;-16.47891737;-71.48392109;-1951133.961;2843214.85;D;False; ; ;0; ; ; ; ; ; 
TRACK;1.5.13-44;-16.47937115;-71.48394195;-1951187.009;2843206.518;D;False; ; ;0; ; ; ; ; ; 
TRACK;1.5.13-46; ; ;-1.516416327;20763369.87;D; ; ; ; ; ; ; ; ; ; 
TRACK;1.5.13-46;-16.47936422;-71.48451123;-1951178.972;2843142.078;D;False; ; ;0; ; ; ; ; ; 
TRACK;1.5.13-46;-16.47890385;-71.48451101;-1951124.889;2843148.156;D;False; ; ;0; ; ; ; ; ; 
TRACK;1.5.13-46;-16.47891452;-71.48494672;-1951120.614;2843098.625;D;False; ; ;0; ; ; ; ; ; 
TRACK;1.5.13-46;-16.47935993;-71.48495497;-1951172.839;2843091.833;D;False; ; ;0; ; ; ; ; ; 
TRACK;1.5.13-47; ; ;-1.516416327;20763369.87;D; ; ; ; ; ; ; ; ; ; 
TRACK;1.5.13-47;-16.47936084;-71.48565793;-1951164.027;2843012.136;D;False; ; ;0; ; ; ; ; ; 
TRACK;1.5.13-47;-16.4793575;-71.48502979;-1951171.604;2843083.384;D;False; ; ;0; ; ; ; ; ; 
TRACK;1.5.13-47;-16.47891019;-71.4850141;-1951119.251;2843091.044;D;False; ; ;0; ; ; ; ; ; 
TRACK;1.5.13-47;-16.47889378;-71.48536657;-1951112.851;2843051.304;D;False; ; ;0; ; ; ; ; ; 
TRACK;1.5.13-47;-16.47914453;-71.48565197;-1951138.69;2843015.656;D;False; ; ;0; ; ; ; ; ; 
TRACK;1.5.14-83; ; ;-1.516416327;20763369.87;D; ; ; ; ; ; ; ; ; ; 
TRACK;1.5.14-83;-16.48110244;-71.4896974;-1951317.393;2842531.346;D;False; ; ;0; ; ; ; ; ; 
TRACK;1.5.14-83;-16.48087191;-71.49039236;-1951281.495;2842455.601;D;False; ; ;0; ; ; ; ; ; 
TRACK;1.5.14-83;-16.4805498;-71.49093138;-1951236.817;2842398.737;D;False; ; ;0; ; ; ; ; ; 
TRACK;1.5.14-83;-16.48053995;-71.49094827;-1951235.445;2842396.951;D;False; ; ;0; ; ; ; ; ; 
TRACK;1.5.14-83;-16.48054057;-71.49095239;-1951235.466;2842396.477;D;False; ; ;0; ; ; ; ; ; 
TRACK;1.5.14-83;-16.48024634;-71.49151409;-1951193.775;2842336.674;D;False; ; ;0; ; ; ; ; ; 
TRACK;1.5.14-83;-16.48018711;-71.4918563;-1951182.477;2842298.662;D;False; ; ;0; ; ; ; ; ; 
TRACK;1.5.14-83;-16.48173751;-71.49045621;-1951382.376;2842436.985;D;False; ; ;0; ; ; ; ; ; 
TRACK;1.5.14-83;-16.48171712;-71.48970108;-1951389.559;2842522.848;D;False; ; ;0; ; ; ; ; ; 
TRACK;1.5.15-2; ; ;-1.516416327;20763369.87;D; ; ; ; ; ; ; ; ; ; 
TRACK;1.5.15-2;-16.48598467;-71.49311428;-1951847.614;2842079.856;D;False; ; ;0; ; ; ; ; ; 
TRACK;1.5.15-2;-16.48590053;-71.49278498;-1951841.906;2842118.288;D;False; ; ;0; ; ; ; ; ; 
TRACK;1.5.15-2;-16.48584347;-71.49257507;-1951837.866;2842142.83;D;False; ; ;0; ; ; ; ; ; 
TRACK;1.5.15-2;-16.48570032;-71.49237494;-1951823.587;2842167.397;D;False; ; ;0; ; ; ; ; ; 
TRACK;1.5.15-2;-16.48558313;-71.49220554;-1951811.969;2842188.139;D;False; ; ;0; ; ; ; ; ; 
TRACK;1.5.15-2;-16.4854621;-71.4920346;-1951799.919;2842209.105;D;False; ; ;0; ; ; ; ; ; 
TRACK;1.5.15-2;-16.48528618;-71.49182385;-1951781.926;2842235.306;D;False; ; ;0; ; ; ; ; ; 
TRACK;1.5.15-2;-16.48495557;-71.49144282;-1951747.92;2842282.843;D;False; ; ;0; ; ; ; ; ; 
TRACK;1.5.15-2;-16.48477298;-71.49120539;-1951729.48;2842312.156;D;False; ; ;0; ; ; ; ; ; 
TRACK;1.5.15-2;-16.48368898;-71.49116983;-1951602.583;2842330.439;D;False; ; ;0; ; ; ; ; ; 
TRACK;1.5.15-2;-16.48366856;-71.49306287;-1951576.173;2842116.133;D;False; ; ;0; ; ; ; ; ; 
TRACK;1.5.15-8; ; ;-1.516416327;20763369.87;D; ; ; ; ; ; ; ; ; ; 
TRACK;1.5.15-8;-16.48397982;-71.48973031;-1951655.014;2842489.785;D;False; ; ;0; ; ; ; ; ; 
TRACK;1.5.15-8;-16.48367938;-71.48972734;-1951619.755;2842494.072;D;False; ; ;0; ; ; ; ; ; 
TRACK;1.5.15-8;-16.48367207;-71.49110293;-1951601.446;2842338.245;D;False; ; ;0; ; ; ; ; ; 
TRACK;1.5.15-8;-16.48397636;-71.4911095;-1951637.111;2842333.498;D;False; ; ;0; ; ; ; ; ; 
TRACK;1.5.15-9; ; ;-1.516416327;20763369.87;D; ; ; ; ; ; ; ; ; ; 
TRACK;1.5.15-9;-16.48428627;-71.49042588;-1951682.192;2842406.912;D;False; ; ;0; ; ; ; ; ; 
TRACK;1.5.15-9;-16.4841948;-71.48974507;-1951680.083;2842485.285;D;False; ; ;0; ; ; ; ; ; 
TRACK;1.5.15-9;-16.48403647;-71.48974126;-1951661.53;2842487.799;D;False; ; ;0; ; ; ; ; ; 
TRACK;1.5.15-9;-16.48401543;-71.49110477;-1951641.76;2842333.521;D;False; ; ;0; ; ; ; ; ; 
TRACK;1.5.15-9;-16.48431074;-71.49111325;-1951676.345;2842328.677;D;False; ; ;0; ; ; ; ; ; 
TRACK;1.5.15-10; ; ;-1.516416327;20763369.87;D; ; ; ; ; ; ; ; ; ; 
TRACK;1.5.15-10;-16.48435408;-71.49064483;-1951687.38;2842381.203;D;False; ; ;0; ; ; ; ; ; 
TRACK;1.5.15-10;-16.48434645;-71.49111167;-1951680.561;2842328.387;D;False; ; ;0; ; ; ; ; ; 
TRACK;1.5.15-10;-16.48467637;-71.49111954;-1951719.221;2842323.156;D;False; ; ;0; ; ; ; ; ; 
TRACK;1.5.15-10;-16.48439894;-71.49064865;-1951692.601;2842380.179;D;False; ; ;0; ; ; ; ; ; 
TRACK;1.5.11-1; ; ;-1.516416327;20763369.87;E; ; ; ; ; ; ; ; ; ; 
TRACK;1.5.11-1;-16.47995379;-71.49204617;-1951152.659;2842280.206;E;False; ; ;0; ; ; ; ; ; 
TRACK;1.5.11-1;-16.47965642;-71.49165438;-1951122.692;2842328.526;E;False; ; ;0; ; ; ; ; ; 
TRACK;1.5.11-1;-16.47990232;-71.49104704;-1951159.283;2842394.137;E;False; ; ;0; ; ; ; ; ; 
TRACK;1.5.11-1;-16.48047166;-71.49039646;-1951234.421;2842460.398;E;False; ; ;0; ; ; ; ; ; 
TRACK;1.5.11-1;-16.48048066;-71.48968402;-1951244.515;2842541.037;E;False; ; ;0; ; ; ; ; ; 
TRACK;1.5.11-1;-16.48030736;-71.48903481;-1951232.39;2842616.905;E;False; ; ;0; ; ; ; ; ; 
TRACK;1.5.11-1;-16.48023853;-71.48895089;-1951225.368;2842627.322;E;False; ; ;0; ; ; ; ; ; 
TRACK;1.5.11-1;-16.48015208;-71.48854578;-1951220.351;2842674.38;E;False; ; ;0; ; ; ; ; ; 
TRACK;1.5.11-1;-16.4793556;-71.48865729;-1951125.364;2842672.21;E;False; ; ;0; ; ; ; ; ; 
TRACK;1.5.11-1;-16.4789894;-71.48863474;-1951082.628;2842679.58;E;False; ; ;0; ; ; ; ; ; 
TRACK;1.5.11-1;-16.47909975;-71.48781509;-1951105.988;2842771.041;E;False; ; ;0; ; ; ; ; ; 
TRACK;1.5.11-1;-16.47916061;-71.48758992;-1951115.995;2842795.766;E;False; ; ;0; ; ; ; ; ; 
TRACK;1.5.11-1;-16.47855937;-71.48681078;-1951055.243;2842891.99;E;False; ; ;0; ; ; ; ; ; 
TRACK;1.5.11-1;-16.47831283;-71.4865103;-1951030.089;2842929.293;E;False; ; ;0; ; ; ; ; ; 
TRACK;1.5.11-1;-16.47807972;-71.48650509;-1951002.769;2842932.948;E;False; ; ;0; ; ; ; ; ; 
TRACK;1.5.11-1;-16.47773185;-71.48683778;-1950957.68;2842899.809;E;False; ; ;0; ; ; ; ; ; 
TRACK;1.5.11-1;-16.47764555;-71.48735423;-1950940.99;2842842.4;E;False; ; ;0; ; ; ; ; ; 
TRACK;1.5.11-1;-16.47761269;-71.48777198;-1950931.831;2842795.477;E;False; ; ;0; ; ; ; ; ; 
TRACK;1.5.11-1;-16.47746625;-71.48862556;-1950903.801;2842700.644;E;False; ; ;0; ; ; ; ; ; 
TRACK;1.5.11-1;-16.47885199;-71.48897116;-1951062.218;2842643.252;E;False; ; ;0; ; ; ; ; ; 
TRACK;1.5.11-1;-16.47900692;-71.48902089;-1951079.788;2842635.578;E;False; ; ;0; ; ; ; ; ; 
TRACK;1.5.11-1;-16.47889473;-71.49012586;-1951052.593;2842511.801;E;False; ; ;0; ; ; ; ; ; 
TRACK;1.5.11-1;-16.47882486;-71.49084167;-1951035.307;2842431.579;E;False; ; ;0; ; ; ; ; ; 
TRACK;1.5.11-1;-16.47919015;-71.49272167;-1951054.38;2842213.674;E;False; ; ;0; ; ; ; ; ; 
TRACK;1.5.11-2; ; ;-1.516416327;20763369.87;E; ; ; ; ; ; ; ; ; ; 
TRACK;1.5.11-2;-16.47874616;-71.49096804;-1951024.458;2842418.289;E;False; ; ;0; ; ; ; ; ; 
TRACK;1.5.11-2;-16.47877521;-71.49049264;-1951033.901;2842471.795;E;False; ; ;0; ; ; ; ; ; 
TRACK;1.5.11-2;-16.47874119;-71.49015452;-1951034.192;2842510.569;E;False; ; ;0; ; ; ; ; ; 
TRACK;1.5.11-2;-16.47825476;-71.49018076;-1950976.713;2842513.989;E;False; ; ;0; ; ; ; ; ; 
TRACK;1.5.11-2;-16.47822518;-71.49029098;-1950971.84;2842501.884;E;False; ; ;0; ; ; ; ; ; 
TRACK;1.5.11-2;-16.4780631;-71.4906594;-1950948.125;2842462.253;E;False; ; ;0; ; ; ; ; ; 
TRACK;1.5.11-3; ; ;-1.516416327;20763369.87;E; ; ; ; ; ; ; ; ; ; 
TRACK;1.5.11-3;-16.47802026;-71.49063276;-1950943.431;2842465.835;E;False; ; ;0; ; ; ; ; ; 
TRACK;1.5.11-3;-16.47817688;-71.49027634;-1950966.351;2842504.179;E;False; ; ;0; ; ; ; ; ; 
TRACK;1.5.11-3;-16.47777615;-71.49003597;-1950922.32;2842536.692;E;False; ; ;0; ; ; ; ; ; 
TRACK;1.5.11-3;-16.47772312;-71.4897761;-1950919.387;2842566.848;E;False; ; ;0; ; ; ; ; ; 
TRACK;1.5.11-3;-16.47733255;-71.4892792;-1950879.804;2842628.308;E;False; ; ;0; ; ; ; ; ; 
TRACK;1.5.11-3;-16.47722032;-71.48972122;-1950861.012;2842579.677;E;False; ; ;0; ; ; ; ; ; 
TRACK;1.5.11-3;-16.47708536;-71.49015285;-1950839.683;2842532.523;E;False; ; ;0; ; ; ; ; ; 
TRACK;1.5.11-4; ; ;-1.516416327;20763369.87;E; ; ; ; ; ; ; ; ; ; 
TRACK;1.5.11-4;-16.47788178;-71.49089894;-1950923.786;2842437.483;E;False; ; ;0; ; ; ; ; ; 
TRACK;1.5.11-4;-16.47799645;-71.49067498;-1950940.099;2842461.362;E;False; ; ;0; ; ; ; ; ; 
TRACK;1.5.11-4;-16.47707252;-71.49021052;-1950837.443;2842526.154;E;False; ; ;0; ; ; ; ; ; 
TRACK;1.5.11-4;-16.47696698;-71.4906028;-1950820.069;2842483.075;E;False; ; ;0; ; ; ; ; ; 
TRACK;1.5.11-5; ; ;-1.516416327;20763369.87;E; ; ; ; ; ; ; ; ; ; 
TRACK;1.5.11-5;-16.47877418;-71.4911741;-1951025.136;2842394.563;E;False; ; ;0; ; ; ; ; ; 
TRACK;1.5.11-5;-16.47880118;-71.49108417;-1951029.45;2842404.402;E;False; ; ;0; ; ; ; ; ; 
TRACK;1.5.11-5;-16.47877;-71.49103285;-1951026.437;2842410.629;E;False; ; ;0; ; ; ; ; ; 
TRACK;1.5.11-5;-16.47803591;-71.49069701;-1950944.455;2842458.347;E;False; ; ;0; ; ; ; ; ; 
TRACK;1.5.11-5;-16.47794123;-71.49092106;-1950930.49;2842434.194;E;False; ; ;0; ; ; ; ; ; 
TRACK;1.5.11-6; ; ;-1.516416327;20763369.87;E; ; ; ; ; ; ; ; ; ; 
TRACK;1.5.11-6;-16.47868955;-71.49151622;-1951010.855;2842356.895;E;False; ; ;0; ; ; ; ; ; 
TRACK;1.5.11-6;-16.47876529;-71.4912224;-1951023.481;2842389.205;E;False; ; ;0; ; ; ; ; ; 
TRACK;1.5.11-6;-16.47790157;-71.49096852;-1950925.229;2842429.336;E;False; ; ;0; ; ; ; ; ; 
TRACK;1.5.11-6;-16.47782084;-71.49124802;-1950912.201;2842398.714;E;False; ; ;0; ; ; ; ; ; 
TRACK;1.5.11-7; ; ;-1.516416327;20763369.87;E; ; ; ; ; ; ; ; ; ; 
TRACK;1.5.11-7;-16.47775715;-71.49123244;-1950904.916;2842401.317;E;False; ; ;0; ; ; ; ; ; 
TRACK;1.5.11-7;-16.47784159;-71.49094588;-1950918.469;2842432.69;E;False; ; ;0; ; ; ; ; ; 
TRACK;1.5.11-7;-16.47695552;-71.49067312;-1950817.832;2842475.255;E;False; ; ;0; ; ; ; ; ; 
TRACK;1.5.11-7;-16.47687641;-71.49094845;-1950805.046;2842445.084;E;False; ; ;0; ; ; ; ; ; 
TRACK;1.5.11-8; ; ;-1.516416327;20763369.87;E; ; ; ; ; ; ; ; ; ; 
TRACK;1.5.11-8;-16.47678613;-71.49093357;-1950794.629;2842447.958;E;False; ; ;0; ; ; ; ; ; 
TRACK;1.5.11-8;-16.4768669;-71.49064097;-1950807.828;2842480.063;E;False; ; ;0; ; ; ; ; ; 
TRACK;1.5.11-8;-16.47660344;-71.49054996;-1950778.031;2842493.843;E;False; ; ;0; ; ; ; ; ; 
TRACK;1.5.11-8;-16.47633317;-71.49079463;-1950743.177;2842469.66;E;False; ; ;0; ; ; ; ; ; 
TRACK;1.5.11-9; ; ;-1.516416327;20763369.87;E; ; ; ; ; ; ; ; ; ; 
TRACK;1.5.11-9;-16.4759413;-71.49102723;-1950694.19;2842448.444;E;False; ; ;0; ; ; ; ; ; 
TRACK;1.5.11-9;-16.47643665;-71.49062155;-1950757.528;2842487.919;E;False; ; ;0; ; ; ; ; ; 
TRACK;1.5.11-9;-16.47699404;-71.49008437;-1950829.824;2842541.486;E;False; ; ;0; ; ; ; ; ; 
TRACK;1.5.11-9;-16.47709462;-71.48986215;-1950844.457;2842565.354;E;False; ; ;0; ; ; ; ; ; 
TRACK;1.5.11-9;-16.47724022;-71.4892888;-1950868.834;2842628.433;E;False; ; ;0; ; ; ; ; ; 
TRACK;1.5.11-9;-16.47683906;-71.48920687;-1950822.745;2842642.993;E;False; ; ;0; ; ; ; ; ; 
TRACK;1.5.11-9;-16.47667205;-71.48976196;-1950796.084;2842582.265;E;False; ; ;0; ; ; ; ; ; 
TRACK;1.5.11-9;-16.47642094;-71.49033913;-1950759.264;2842520.14;E;False; ; ;0; ; ; ; ; ; 
TRACK;1.5.11-9;-16.47632204;-71.49046835;-1950746.006;2842506.792;E;False; ; ;0; ; ; ; ; ; 
TRACK;1.5.11-9;-16.47622411;-71.49052209;-1950733.82;2842501.987;E;False; ; ;0; ; ; ; ; ; 
TRACK;1.5.11-9;-16.47610779;-71.49054024;-1950719.924;2842501.458;E;False; ; ;0; ; ; ; ; ; 
TRACK;1.5.11-9;-16.47592473;-71.49093256;-1950693.443;2842459.392;E;False; ; ;0; ; ; ; ; ; 
TRACK;1.5.11-9;-16.47581838;-71.49090385;-1950681.313;2842464.045;E;False; ; ;0; ; ; ; ; ; 
TRACK;1.5.11-9;-16.475603;-71.49070692;-1950658.508;2842489.198;E;False; ; ;0; ; ; ; ; ; 
TRACK;1.5.11-9;-16.47504731;-71.49063613;-1950594.121;2842504.525;E;False; ; ;0; ; ; ; ; ; 
TRACK;1.5.11-9;-16.47501758;-71.49091542;-1950587.087;2842473.257;E;False; ; ;0; ; ; ; ; ; 
TRACK;1.5.11-10; ; ;-1.516416327;20763369.87;E; ; ; ; ; ; ; ; ; ; 
TRACK;1.5.11-10;-16.47543962;-71.49062585;-1950640.342;2842500.535;E;False; ; ;0; ; ; ; ; ; 
TRACK;1.5.11-10;-16.47508957;-71.49030753;-1950603.253;2842541.219;E;False; ; ;0; ; ; ; ; ; 
TRACK;1.5.11-10;-16.47505463;-71.49058163;-1950595.672;2842510.607;E;False; ; ;0; ; ; ; ; ; 
TRACK;1.5.11-11; ; ;-1.516416327;20763369.87;E; ; ; ; ; ; ; ; ; ; 
TRACK;1.5.11-11;-16.47499773;-71.4905728;-1950589.1;2842512.356;E;False; ; ;0; ; ; ; ; ; 
TRACK;1.5.11-11;-16.47502181;-71.49022194;-1950596.378;2842551.811;E;False; ; ;0; ; ; ; ; ; 
TRACK;1.5.11-11;-16.47479611;-71.49027518;-1950569.187;2842548.743;E;False; ; ;0; ; ; ; ; ; 
TRACK;1.5.11-11;-16.4746427;-71.49049108;-1950548.426;2842526.284;E;False; ; ;0; ; ; ; ; ; 
TRACK;1.5.11-11;-16.47444719;-71.49033318;-1950527.459;2842546.753;E;False; ; ;0; ; ; ; ; ; 
TRACK;1.5.11-11;-16.47444476;-71.49050723;-1950524.967;2842527.056;E;False; ; ;0; ; ; ; ; ; 
TRACK;1.5.11-12; ; ;-1.516416327;20763369.87;E; ; ; ; ; ; ; ; ; ; 
TRACK;1.5.11-12;-16.47398876;-71.49113684;-1950463.412;2842461.677;E;False; ; ;0; ; ; ; ; ; 
TRACK;1.5.11-12;-16.47407098;-71.49046418;-1950481.6;2842536.847;E;False; ; ;0; ; ; ; ; ; 
TRACK;1.5.11-12;-16.4743792;-71.49051348;-1950517.186;2842527.208;E;False; ; ;0; ; ; ; ; ; 
TRACK;1.5.11-12;-16.47441159;-71.49029358;-1950523.78;2842551.71;E;False; ; ;0; ; ; ; ; ; 
TRACK;1.5.11-12;-16.47413989;-71.49005728;-1950494.855;2842582.066;E;False; ; ;0; ; ; ; ; ; 
TRACK;1.5.11-12;-16.47411252;-71.49000772;-1950492.269;2842588.045;E;False; ; ;0; ; ; ; ; ; 
TRACK;1.5.11-12;-16.47404154;-71.49000549;-1950483.957;2842589.23;E;False; ; ;0; ; ; ; ; ; 
TRACK;1.5.11-12;-16.47390085;-71.490227;-1950464.621;2842565.969;E;False; ; ;0; ; ; ; ; ; 
TRACK;1.5.11-12;-16.47395239;-71.49097909;-1950461.14;2842480.037;E;False; ; ;0; ; ; ; ; ; 
TRACK;1.5.11-12;-16.47371287;-71.49101996;-1950432.483;2842478.551;E;False; ; ;0; ; ; ; ; ; 
TRACK;1.5.11-12;-16.47370294;-71.49109055;-1950430.421;2842470.679;E;False; ; ;0; ; ; ; ; ; 
TRACK;1.5.11-13; ; ;-1.516416327;20763369.87;E; ; ; ; ; ; ; ; ; ; 
TRACK;1.5.11-13;-16.47494433;-71.4909136;-1950578.505;2842474.425;E;False; ; ;0; ; ; ; ; ; 
TRACK;1.5.11-13;-16.47498488;-71.49063574;-1950586.792;2842505.39;E;False; ; ;0; ; ; ; ; ; 
TRACK;1.5.11-13;-16.47410405;-71.49052141;-1950484.76;2842529.925;E;False; ; ;0; ; ; ; ; ; 
TRACK;1.5.11-13;-16.47407765;-71.49080071;-1950478.118;2842498.611;E;False; ; ;0; ; ; ; ; ; 
TRACK;1.5.11-14; ; ;-1.516416327;20763369.87;E; ; ; ; ; ; ; ; ; ; 
TRACK;1.5.11-14;-16.47492208;-71.49124679;-1950571.666;2842436.949;E;False; ; ;0; ; ; ; ; ; 
TRACK;1.5.11-14;-16.47495279;-71.49096782;-1950578.811;2842468.168;E;False; ; ;0; ; ; ; ; ; 
TRACK;1.5.11-14;-16.47406137;-71.49086484;-1950475.391;2842491.555;E;False; ; ;0; ; ; ; ; ; 
TRACK;1.5.11-14;-16.47403817;-71.49113913;-1950469.189;2842460.768;E;False; ; ;0; ; ; ; ; ; 
TRACK;1.5.11-15; ; ;-1.516416327;20763369.87;E; ; ; ; ; ; ; ; ; ; 
TRACK;1.5.11-15;-16.4754554;-71.49129239;-1950633.743;2842424.772;E;False; ; ;0; ; ; ; ; ; 
TRACK;1.5.11-15;-16.47581772;-71.49110799;-1950678.647;2842440.913;E;False; ; ;0; ; ; ; ; ; 
TRACK;1.5.11-15;-16.47581882;-71.49107074;-1950679.248;2842445.121;E;False; ; ;0; ; ; ; ; ; 
TRACK;1.5.11-15;-16.47500972;-71.49097369;-1950585.425;2842466.755;E;False; ; ;0; ; ; ; ; ; 
TRACK;1.5.11-15;-16.47495991;-71.49124873;-1950576.086;2842436.232;E;False; ; ;0; ; ; ; ; ; 
TRACK;1.5.11-16; ; ;-1.516416327;20763369.87;E; ; ; ; ; ; ; ; ; ; 
TRACK;1.5.11-16;-16.47381385;-71.49118075;-1950442.307;2842458.998;E;False; ; ;0; ; ; ; ; ; 
TRACK;1.5.11-16;-16.47360705;-71.49117158;-1950418.128;2842462.754;E;False; ; ;0; ; ; ; ; ; 
TRACK;1.5.11-16;-16.47342656;-71.49118064;-1950396.809;2842464.099;E;False; ; ;0; ; ; ; ; ; 
TRACK;1.5.11-16;-16.47321901;-71.4912297;-1950371.804;2842461.264;E;False; ; ;0; ; ; ; ; ; 
TRACK;1.5.11-16;-16.4730728;-71.4912606;-1950354.235;2842459.683;E;False; ; ;0; ; ; ; ; ; 
TRACK;1.5.11-16;-16.47284681;-71.49131284;-1950327.023;2842456.73;E;False; ; ;0; ; ; ; ; ; 
TRACK;1.5.11-16;-16.47285105;-71.49135834;-1950326.944;2842451.517;E;False; ; ;0; ; ; ; ; ; 
TRACK;1.5.11-16;-16.47374236;-71.49153756;-1950429.384;2842419.49;E;False; ; ;0; ; ; ; ; ; 
TRACK;1.5.11-18; ; ;-1.516416327;20763369.87;E; ; ; ; ; ; ; ; ; ; 
TRACK;1.5.11-18;-16.47443195;-71.49189046;-1950505.924;2842370.425;E;False; ; ;0; ; ; ; ; ; 
TRACK;1.5.11-18;-16.47461152;-71.4912673;-1950534.922;2842438.705;E;False; ; ;0; ; ; ; ; ; 
TRACK;1.5.11-18;-16.47423692;-71.49123047;-1950491.38;2842447.802;E;False; ; ;0; ; ; ; ; ; 
TRACK;1.5.11-18;-16.47411384;-71.49166106;-1950471.46;2842400.61;E;False; ; ;0; ; ; ; ; ; 
TRACK;1.5.11-19; ; ;-1.516416327;20763369.87;E; ; ; ; ; ; ; ; ; ; 
TRACK;1.5.11-19;-16.47503107;-71.49131695;-1950583.581;2842427.563;E;False; ; ;0; ; ; ; ; ; 
TRACK;1.5.11-19;-16.4746486;-71.49126489;-1950539.308;2842438.491;E;False; ; ;0; ; ; ; ; ; 
TRACK;1.5.11-19;-16.47447;-71.49192521;-1950509.953;2842365.986;E;False; ; ;0; ; ; ; ; ; 
TRACK;1.5.11-19;-16.47480741;-71.49209617;-1950547.425;2842342.173;E;False; ; ;0; ; ; ; ; ; 
TRACK;1.5.11-20; ; ;-1.516416327;20763369.87;E; ; ; ; ; ; ; ; ; ; 
TRACK;1.5.11-20;-16.47514286;-71.49222536;-1950585.196;2842323.121;E;False; ; ;0; ; ; ; ; ; 
TRACK;1.5.11-20;-16.47528476;-71.49174283;-1950607.985;2842375.954;E;False; ; ;0; ; ; ; ; ; 
TRACK;1.5.11-20;-16.47538196;-71.49135897;-1950624.272;2842418.189;E;False; ; ;0; ; ; ; ; ; 
TRACK;1.5.11-20;-16.47505743;-71.49131606;-1950586.689;2842427.318;E;False; ; ;0; ; ; ; ; ; 
TRACK;1.5.11-20;-16.47485981;-71.49211861;-1950553.297;2842338.941;E;False; ; ;0; ; ; ; ; ; 
TRACK;1.5.11-23; ; ;-1.516416327;20763369.87;E; ; ; ; ; ; ; ; ; ; 
TRACK;1.5.11-23;-16.47573348;-71.49243404;-1950651.937;2842291.705;E;False; ; ;0; ; ; ; ; ; 
TRACK;1.5.11-23;-16.47602008;-71.49248609;-1950684.946;2842282.039;E;False; ; ;0; ; ; ; ; ; 
TRACK;1.5.11-23;-16.4763046;-71.49255079;-1950717.552;2842270.966;E;False; ; ;0; ; ; ; ; ; 
TRACK;1.5.11-23;-16.47635965;-71.49234908;-1950726.577;2842293.108;E;False; ; ;0; ; ; ; ; ; 
TRACK;1.5.11-23;-16.47525678;-71.49201373;-1950601.263;2842345.614;E;False; ; ;0; ; ; ; ; ; 
TRACK;1.5.11-23;-16.47518956;-71.49226602;-1950590.167;2842317.899;E;False; ; ;0; ; ; ; ; ; 
TRACK;1.5.11-23;-16.47560958;-71.49242698;-1950637.471;2842294.134;E;False; ; ;0; ; ; ; ; ; 
TRACK;1.5.11-24; ; ;-1.516416327;20763369.87;E; ; ; ; ; ; ; ; ; ; 
TRACK;1.5.11-24;-16.47637271;-71.49229989;-1950728.735;2842298.511;E;False; ; ;0; ; ; ; ; ; 
TRACK;1.5.11-24;-16.47644483;-71.49200811;-1950740.907;2842330.638;E;False; ; ;0; ; ; ; ; ; 
TRACK;1.5.11-24;-16.47535837;-71.49167268;-1950617.522;2842382.939;E;False; ; ;0; ; ; ; ; ; 
TRACK;1.5.11-24;-16.475279;-71.49197416;-1950604.375;2842349.806;E;False; ; ;0; ; ; ; ; ; 
TRACK;1.5.11-25; ; ;-1.516416327;20763369.87;E; ; ; ; ; ; ; ; ; ; 
TRACK;1.5.11-25;-16.47648129;-71.49195775;-1950745.829;2842335.868;E;False; ; ;0; ; ; ; ; ; 
TRACK;1.5.11-25;-16.47656128;-71.49167361;-1950758.829;2842367.026;E;False; ; ;0; ; ; ; ; ; 
TRACK;1.5.11-25;-16.47546484;-71.49134307;-1950634.21;2842418.903;E;False; ; ;0; ; ; ; ; ; 
TRACK;1.5.11-25;-16.47536783;-71.49161107;-1950619.415;2842389.798;E;False; ; ;0; ; ; ; ; ; 
TRACK;1.5.11-26; ; ;-1.516416327;20763369.87;E; ; ; ; ; ; ; ; ; ; 
TRACK;1.5.11-26;-16.47656842;-71.49161946;-1950760.355;2842373.07;E;False; ; ;0; ; ; ; ; ; 
TRACK;1.5.11-26;-16.4766656;-71.49133102;-1950775.428;2842404.488;E;False; ; ;0; ; ; ; ; ; 
TRACK;1.5.11-26;-16.47594065;-71.49110816;-1950693.087;2842439.278;E;False; ; ;0; ; ; ; ; ; 
TRACK;1.5.11-26;-16.47576808;-71.49119809;-1950671.673;2842431.351;E;False; ; ;0; ; ; ; ; ; 
TRACK;1.5.11-26;-16.47559038;-71.49127415;-1950649.833;2842425.065;E;False; ; ;0; ; ; ; ; ; 
TRACK;1.5.11-26;-16.47560136;-71.49131399;-1950650.617;2842420.405;E;False; ; ;0; ; ; ; ; ; 
TRACK;1.5.11-27; ; ;-1.516416327;20763369.87;E; ; ; ; ; ; ; ; ; ; 
TRACK;1.5.11-27;-16.47667814;-71.49127223;-1950777.648;2842410.988;E;False; ; ;0; ; ; ; ; ; 
TRACK;1.5.11-27;-16.47677222;-71.49098589;-1950792.332;2842442.209;E;False; ; ;0; ; ; ; ; ; 
TRACK;1.5.11-27;-16.47627604;-71.49083875;-1950735.906;2842465.41;E;False; ; ;0; ; ; ; ; ; 
TRACK;1.5.11-27;-16.4759862;-71.49106568;-1950698.977;2842443.495;E;False; ; ;0; ; ; ; ; ; 
TRACK;1.5.11-28; ; ;-1.516416327;20763369.87;E; ; ; ; ; ; ; ; ; ; 
TRACK;1.5.11-28;-16.47773878;-71.49128576;-1950902.082;2842395.514;E;False; ; ;0; ; ; ; ; ; 
TRACK;1.5.11-28;-16.47685269;-71.49101422;-1950801.426;2842437.94;E;False; ; ;0; ; ; ; ; ; 
TRACK;1.5.11-28;-16.47677237;-71.49128404;-1950788.569;2842408.411;E;False; ; ;0; ; ; ; ; ; 
TRACK;1.5.11-28;-16.4776575;-71.49156802;-1950888.953;2842364.588;E;False; ; ;0; ; ; ; ; ; 
TRACK;1.5.11-29; ; ;-1.516416327;20763369.87;E; ; ; ; ; ; ; ; ; ; 
TRACK;1.5.11-29;-16.47763961;-71.49162165;-1950886.171;2842358.744;E;False; ; ;0; ; ; ; ; ; 
TRACK;1.5.11-29;-16.47675482;-71.49135285;-1950785.634;2842400.841;E;False; ; ;0; ; ; ; ; ; 
TRACK;1.5.11-29;-16.47667487;-71.49162212;-1950772.827;2842371.369;E;False; ; ;0; ; ; ; ; ; 
TRACK;1.5.11-29;-16.47754956;-71.49190767;-1950871.966;2842327.505;E;False; ; ;0; ; ; ; ; ; 
TRACK;1.5.11-30; ; ;-1.516416327;20763369.87;E; ; ; ; ; ; ; ; ; ; 
TRACK;1.5.11-30;-16.47857745;-71.49192018;-1950992.564;2842312.578;E;False; ; ;0; ; ; ; ; ; 
TRACK;1.5.11-30;-16.47768817;-71.49163929;-1950891.653;2842356.106;E;False; ; ;0; ; ; ; ; ; 
TRACK;1.5.11-30;-16.4776086;-71.4919198;-1950878.748;2842325.355;E;False; ; ;0; ; ; ; ; ; 
TRACK;1.5.11-30;-16.47847943;-71.492204;-1950977.449;2842281.695;E;False; ; ;0; ; ; ; ; ; 
TRACK;1.5.11-31; ; ;-1.516416327;20763369.87;E; ; ; ; ; ; ; ; ; ; 
TRACK;1.5.11-31;-16.47858499;-71.49186414;-1950994.16;2842318.831;E;False; ; ;0; ; ; ; ; ; 
TRACK;1.5.11-31;-16.47867766;-71.49157097;-1951008.764;2842350.845;E;False; ; ;0; ; ; ; ; ; 
TRACK;1.5.11-31;-16.47779174;-71.49130152;-1950908.103;2842393.032;E;False; ; ;0; ; ; ; ; ; 
TRACK;1.5.11-31;-16.47770454;-71.4915813;-1950894.311;2842362.464;E;False; ; ;0; ; ; ; ; ; 
TRACK;1.5.11-32; ; ;-1.516416327;20763369.87;E; ; ; ; ; ; ; ; ; ; 
TRACK;1.5.11-32;-16.47896862;-71.4923535;-1951033.023;2842258.319;E;False; ; ;0; ; ; ; ; ; 
TRACK;1.5.11-32;-16.47893742;-71.49202789;-1951033.487;2842295.637;E;False; ; ;0; ; ; ; ; ; 
TRACK;1.5.11-32;-16.478627;-71.49193483;-1950998.198;2842310.266;E;False; ; ;0; ; ; ; ; ; 
TRACK;1.5.11-32;-16.47854149;-71.49221216;-1950984.637;2842279.954;E;False; ; ;0; ; ; ; ; ; 
TRACK;1.5.11-33; ; ;-1.516416327;20763369.87;E; ; ; ; ; ; ; ; ; ; 
TRACK;1.5.11-33;-16.47903166;-71.49273919;-1951035.537;2842213.772;E;False; ; ;0; ; ; ; ; ; 
TRACK;1.5.11-33;-16.47898228;-71.49241749;-1951033.816;2842250.887;E;False; ; ;0; ; ; ; ; ; 
TRACK;1.5.11-33;-16.47852317;-71.49227148;-1950981.732;2842273.471;E;False; ; ;0; ; ; ; ; ; 
TRACK;1.5.11-33;-16.47843874;-71.49255239;-1950968.25;2842242.738;E;False; ; ;0; ; ; ; ; ; 
TRACK;1.5.11-34; ; ;-1.516416327;20763369.87;E; ; ; ; ; ; ; ; ; ; 
TRACK;1.5.11-34;-16.47837921;-71.49254454;-1950961.356;2842244.41;E;False; ; ;0; ; ; ; ; ; 
TRACK;1.5.11-34;-16.47846125;-71.49225059;-1950974.722;2842276.652;E;False; ; ;0; ; ; ; ; ; 
TRACK;1.5.11-34;-16.47760045;-71.49198621;-1950876.947;2842317.934;E;False; ; ;0; ; ; ; ; ; 
TRACK;1.5.11-34;-16.47751406;-71.49225727;-1950863.361;2842288.343;E;False; ; ;0; ; ; ; ; ; 
TRACK;1.5.11-35; ; ;-1.516416327;20763369.87;E; ; ; ; ; ; ; ; ; ; 
TRACK;1.5.11-35;-16.47744678;-71.49224153;-1950855.657;2842291.012;E;False; ; ;0; ; ; ; ; ; 
TRACK;1.5.11-35;-16.47752871;-71.49196436;-1950868.797;2842321.354;E;False; ; ;0; ; ; ; ; ; 
TRACK;1.5.11-35;-16.47666219;-71.49170056;-1950770.343;2842362.645;E;False; ; ;0; ; ; ; ; ; 
TRACK;1.5.11-35;-16.47658407;-71.49196366;-1950757.829;2842333.847;E;False; ; ;0; ; ; ; ; ; 
TRACK;1.5.11-36; ; ;-1.516416327;20763369.87;E; ; ; ; ; ; ; ; ; ; 
TRACK;1.5.11-36;-16.47734668;-71.49257552;-1950839.663;2842254.468;E;False; ; ;0; ; ; ; ; ; 
TRACK;1.5.11-36;-16.4774335;-71.49230123;-1950853.34;2842284.419;E;False; ; ;0; ; ; ; ; ; 
TRACK;1.5.11-36;-16.47657143;-71.49203348;-1950755.459;2842326.099;E;False; ; ;0; ; ; ; ; ; 
TRACK;1.5.11-36;-16.47648683;-71.49231557;-1950741.943;2842295.235;E;False; ; ;0; ; ; ; ; ; 
TRACK;1.5.11-37; ; ;-1.516416327;20763369.87;E; ; ; ; ; ; ; ; ; ; 
TRACK;1.5.11-37;-16.4782882;-71.49287879;-1950946.426;2842207.719;E;False; ; ;0; ; ; ; ; ; 
TRACK;1.5.11-37;-16.47836742;-71.49260015;-1950959.266;2842238.262;E;False; ; ;0; ; ; ; ; ; 
TRACK;1.5.11-37;-16.47749448;-71.4923202;-1950860.263;2842281.468;E;False; ; ;0; ; ; ; ; ; 
TRACK;1.5.11-37;-16.47740836;-71.4926037;-1950846.551;2842250.464;E;False; ; ;0; ; ; ; ; ; 
TRACK;1.5.11-38; ; ;-1.516416327;20763369.87;E; ; ; ; ; ; ; ; ; ; 
TRACK;1.5.11-38;-16.47889834;-71.49306485;-1951015.746;2842178.61;E;False; ; ;0; ; ; ; ; ; 
TRACK;1.5.11-38;-16.47896972;-71.49278523;-1951027.678;2842209.367;E;False; ; ;0; ; ; ; ; ; 
TRACK;1.5.11-38;-16.47841964;-71.49261973;-1950965.153;2842235.356;E;False; ; ;0; ; ; ; ; ; 
TRACK;1.5.11-38;-16.47834863;-71.49290346;-1950953.213;2842204.128;E;False; ; ;0; ; ; ; ; ; 
TRACK;1.5.11-39; ; ;-1.516416327;20763369.87;E; ; ; ; ; ; ; ; ; ; 
TRACK;1.5.11-39;-16.47883412;-71.49343067;-1951003.563;2842137.987;E;False; ; ;0; ; ; ; ; ; 
TRACK;1.5.11-39;-16.47889616;-71.49312441;-1951014.735;2842171.887;E;False; ; ;0; ; ; ; ; ; 
TRACK;1.5.11-39;-16.47832214;-71.4929584;-1950949.404;2842198.248;E;False; ; ;0; ; ; ; ; ; 
TRACK;1.5.11-39;-16.4782521;-71.49324655;-1950937.522;2842166.506;E;False; ; ;0; ; ; ; ; ; 
TRACK;1.5.11-40; ; ;-1.516416327;20763369.87;E; ; ; ; ; ; ; ; ; ; 
TRACK;1.5.11-40;-16.47818527;-71.49322786;-1950929.908;2842169.504;E;False; ; ;0; ; ; ; ; ; 
TRACK;1.5.11-40;-16.47827136;-71.49293952;-1950943.678;2842201.056;E;False; ; ;0; ; ; ; ; ; 
TRACK;1.5.11-40;-16.47739045;-71.49266104;-1950843.72;2842244.199;E;False; ; ;0; ; ; ; ; ; 
TRACK;1.5.11-40;-16.47731061;-71.4929448;-1950830.742;2842213.083;E;False; ; ;0; ; ; ; ; ; 
TRACK;1.5.11-41; ; ;-1.516416327;20763369.87;E; ; ; ; ; ; ; ; ; ; 
TRACK;1.5.11-41;-16.47876362;-71.49377397;-1950990.928;2842100;E;False; ; ;0; ; ; ; ; ; 
TRACK;1.5.11-41;-16.47881926;-71.4934851;-1951001.127;2842132.013;E;False; ; ;0; ; ; ; ; ; 
TRACK;1.5.11-41;-16.47823461;-71.49330259;-1950934.756;2842160.384;E;False; ; ;0; ; ; ; ; ; 
TRACK;1.5.11-41;-16.47814944;-71.4935868;-1950921.147;2842129.287;E;False; ; ;0; ; ; ; ; ; 
TRACK;1.5.11-42; ; ;-1.516416327;20763369.87;E; ; ; ; ; ; ; ; ; ; 
TRACK;1.5.11-42;-16.4780938;-71.49356446;-1950914.894;2842132.55;E;False; ; ;0; ; ; ; ; ; 
TRACK;1.5.11-42;-16.47816634;-71.49327977;-1950927.025;2842163.868;E;False; ; ;0; ; ; ; ; ; 
TRACK;1.5.11-42;-16.47729349;-71.49300358;-1950827.986;2842206.645;E;False; ; ;0; ; ; ; ; ; 
TRACK;1.5.11-42;-16.47720514;-71.49329217;-1950813.947;2842175.094;E;False; ; ;0; ; ; ; ; ; 
TRACK;1.5.11-43; ; ;-1.516416327;20763369.87;E; ; ; ; ; ; ; ; ; ; 
TRACK;1.5.11-43;-16.47724194;-71.49295126;-1950822.593;2842213.253;E;False; ; ;0; ; ; ; ; ; 
TRACK;1.5.11-43;-16.47730823;-71.49264436;-1950834.272;2842247.17;E;False; ; ;0; ; ; ; ; ; 
TRACK;1.5.11-43;-16.47642268;-71.49236849;-1950733.736;2842290.079;E;False; ; ;0; ; ; ; ; ; 
TRACK;1.5.11-43;-16.47634507;-71.49265862;-1950720.94;2842258.211;E;False; ; ;0; ; ; ; ; ; 
TRACK;1.5.11-47; ; ;-1.516416327;20763369.87;E; ; ; ; ; ; ; ; ; ; 
TRACK;1.5.11-47;-16.4774249;-71.49410492;-1950829.459;2842080.078;E;False; ; ;0; ; ; ; ; ; 
TRACK;1.5.11-47;-16.47737598;-71.49377066;-1950827.95;2842118.61;E;False; ; ;0; ; ; ; ; ; 
TRACK;1.5.11-47;-16.47706852;-71.49368059;-1950792.973;2842132.861;E;False; ; ;0; ; ; ; ; ; 
TRACK;1.5.11-47;-16.47708127;-71.49389454;-1950791.757;2842108.441;E;False; ; ;0; ; ; ; ; ; 
TRACK;1.5.11-47;-16.47714265;-71.49417046;-1950795.47;2842076.358;E;False; ; ;0; ; ; ; ; ; 
TRACK;1.5.11-48; ; ;-1.516416327;20763369.87;E; ; ; ; ; ; ; ; ; ; 
TRACK;1.5.11-48;-16.47793171;-71.49399194;-1950890.432;2842086.225;E;False; ; ;0; ; ; ; ; ; 
TRACK;1.5.11-48;-16.47794566;-71.49395196;-1950892.577;2842090.574;E;False; ; ;0; ; ; ; ; ; 
TRACK;1.5.11-48;-16.47741476;-71.4937989;-1950832.148;2842114.9;E;False; ; ;0; ; ; ; ; ; 
TRACK;1.5.11-48;-16.4774617;-71.49409366;-1950833.926;2842080.871;E;False; ; ;0; ; ; ; ; ; 
TRACK;1.5.11-49; ; ;-1.516416327;20763369.87;E; ; ; ; ; ; ; ; ; ; 
TRACK;1.5.11-49;-16.47806978;-71.49362607;-1950911.29;2842125.883;E;False; ; ;0; ; ; ; ; ; 
TRACK;1.5.11-49;-16.47719248;-71.49333902;-1950811.866;2842169.95;E;False; ; ;0; ; ; ; ; ; 
TRACK;1.5.11-49;-16.47711062;-71.49361911;-1950798.698;2842139.276;E;False; ; ;0; ; ; ; ; ; 
TRACK;1.5.11-49;-16.47798772;-71.49391459;-1950897.993;2842094.257;E;False; ; ;0; ; ; ; ; ; 
TRACK;1.5.11-50; ; ;-1.516416327;20763369.87;E; ; ; ; ; ; ; ; ; ; 
TRACK;1.5.11-50;-16.47811303;-71.49395764;-1950912.168;2842087.73;E;False; ; ;0; ; ; ; ; ; 
TRACK;1.5.11-50;-16.47857725;-71.49377657;-1950969;2842102.154;E;False; ; ;0; ; ; ; ; ; 
TRACK;1.5.11-50;-16.47813621;-71.49363804;-1950918.943;2842123.653;E;False; ; ;0; ; ; ; ; ; 
TRACK;1.5.11-50;-16.47806132;-71.49393468;-1950906.383;2842091.012;E;False; ; ;0; ; ; ; ; ; 
TRACK;1.5.12-1; ; ;-1.516416327;20763369.87;E; ; ; ; ; ; ; ; ; ; 
TRACK;1.5.12-1;-16.47927998;-71.49916921;-1950983.185;2841481.666;E;False; ; ;0; ; ; ; ; ; 
TRACK;1.5.12-1;-16.47952764;-71.49814853;-1951025.218;2841594.104;E;False; ; ;0; ; ; ; ; ; 
TRACK;1.5.12-1;-16.47921409;-71.49807926;-1950989.262;2841606.075;E;False; ; ;0; ; ; ; ; ; 
TRACK;1.5.12-1;-16.47900802;-71.49907789;-1950952.394;2841495.589;E;False; ; ;0; ; ; ; ; ; 
TRACK;1.5.12-2; ; ;-1.516416327;20763369.87;E; ; ; ; ; ; ; ; ; ; 
TRACK;1.5.12-2;-16.47895959;-71.49908128;-1950946.662;2841495.842;E;False; ; ;0; ; ; ; ; ; 
TRACK;1.5.12-2;-16.47917664;-71.49807853;-1950984.871;2841606.65;E;False; ; ;0; ; ; ; ; ; 
TRACK;1.5.12-2;-16.47887609;-71.49800214;-1950950.533;2841619.257;E;False; ; ;0; ; ; ; ; ; 
TRACK;1.5.12-2;-16.47865453;-71.49897071;-1950912.226;2841512.382;E;False; ; ;0; ; ; ; ; ; 
TRACK;1.5.12-4; ; ;-1.516416327;20763369.87;E; ; ; ; ; ; ; ; ; ; 
TRACK;1.5.12-4;-16.47930342;-71.49743413;-1951007.935;2841678.026;E;False; ; ;0; ; ; ; ; ; 
TRACK;1.5.12-4;-16.47946921;-71.49671003;-1951036.591;2841757.923;E;False; ; ;0; ; ; ; ; ; 
TRACK;1.5.12-4;-16.47918516;-71.49659402;-1951004.693;2841774.807;E;False; ; ;0; ; ; ; ; ; 
TRACK;1.5.12-4;-16.47902626;-71.49736177;-1950976.292;2841689.869;E;False; ; ;0; ; ; ; ; ; 
TRACK;1.5.12-5; ; ;-1.516416327;20763369.87;E; ; ; ; ; ; ; ; ; ; 
TRACK;1.5.12-5;-16.47897357;-71.49735544;-1950970.183;2841691.28;E;False; ; ;0; ; ; ; ; ; 
TRACK;1.5.12-5;-16.47912814;-71.49657527;-1950998.232;2841777.681;E;False; ; ;0; ; ; ; ; ; 
TRACK;1.5.12-5;-16.47885459;-71.49648807;-1950967.201;2841791.159;E;False; ; ;0; ; ; ; ; ; 
TRACK;1.5.12-5;-16.47870129;-71.49726563;-1950939.334;2841705.037;E;False; ; ;0; ; ; ; ; ; 
TRACK;1.5.12-8; ; ;-1.516416327;20763369.87;E; ; ; ; ; ; ; ; ; ; 
TRACK;1.5.12-8;-16.4786199;-71.4989537;-1950908.374;2841514.766;E;False; ; ;0; ; ; ; ; ; 
TRACK;1.5.12-8;-16.47868721;-71.49864953;-1950920.137;2841548.358;E;False; ; ;0; ; ; ; ; ; 
TRACK;1.5.12-8;-16.47805745;-71.49842693;-1950848.977;2841581.863;E;False; ; ;0; ; ; ; ; ; 
TRACK;1.5.12-8;-16.47801356;-71.49872718;-1950840.015;2841548.407;E;False; ; ;0; ; ; ; ; ; 
TRACK;1.5.12-11; ; ;-1.516416327;20763369.87;E; ; ; ; ; ; ; ; ; ; 
TRACK;1.5.12-11;-16.4786412;-71.4972395;-1950932.606;2841708.789;E;False; ; ;0; ; ; ; ; ; 
TRACK;1.5.12-11;-16.4788083;-71.4964741;-1950961.941;2841793.35;E;False; ; ;0; ; ; ; ; ; 
TRACK;1.5.12-11;-16.47851308;-71.49636344;-1950928.662;2841809.773;E;False; ; ;0; ; ; ; ; ; 
TRACK;1.5.12-11;-16.4783404;-71.49713586;-1950898.584;2841724.488;E;False; ; ;0; ; ; ; ; ; 
TRACK;1.5.12-12; ; ;-1.516416327;20763369.87;E; ; ; ; ; ; ; ; ; ; 
TRACK;1.5.12-12;-16.479703;-71.49673935;-1951063.684;2841751.528;E;False; ; ;0; ; ; ; ; ; 
TRACK;1.5.12-12;-16.47975005;-71.49656122;-1951071.471;2841771.101;E;False; ; ;0; ; ; ; ; ; 
TRACK;1.5.12-12;-16.47960907;-71.49637891;-1951057.22;2841793.618;E;False; ; ;0; ; ; ; ; ; 
TRACK;1.5.12-12;-16.47859226;-71.49600835;-1950942.466;2841848.982;E;False; ; ;0; ; ; ; ; ; 
TRACK;1.5.12-12;-16.47851795;-71.49628996;-1950930.166;2841818.038;E;False; ; ;0; ; ; ; ; ; 
TRACK;1.5.12-13; ; ;-1.516416327;20763369.87;E; ; ; ; ; ; ; ; ; ; 
TRACK;1.5.12-13;-16.47954214;-71.49628893;-1951050.499;2841804.697;E;False; ; ;0; ; ; ; ; ; 
TRACK;1.5.12-13;-16.47959291;-71.49600472;-1951060.066;2841836.244;E;False; ; ;0; ; ; ; ; ; 
TRACK;1.5.12-13;-16.47865889;-71.49565729;-1950954.744;2841887.9;E;False; ; ;0; ; ; ; ; ; 
TRACK;1.5.12-13;-16.47858828;-71.49593533;-1950942.924;2841857.311;E;False; ; ;0; ; ; ; ; ; 
TRACK;1.5.12-14; ; ;-1.516416327;20763369.87;E; ; ; ; ; ; ; ; ; ; 
TRACK;1.5.12-14;-16.47955858;-71.49577651;-1951058.926;2841862.564;E;False; ; ;0; ; ; ; ; ; 
TRACK;1.5.12-14;-16.47949111;-71.49558784;-1951053.393;2841884.836;E;False; ; ;0; ; ; ; ; ; 
TRACK;1.5.12-14;-16.47873153;-71.49531693;-1950967.593;2841925.525;E;False; ; ;0; ; ; ; ; ; 
TRACK;1.5.12-14;-16.47866989;-71.4956056;-1950956.692;2841893.614;E;False; ; ;0; ; ; ; ; ; 
TRACK;1.5.12-14;-16.47953338;-71.49592217;-1951054.119;2841846.384;E;False; ; ;0; ; ; ; ; ; 
TRACK;1.5.12-15; ; ;-1.516416327;20763369.87;E; ; ; ; ; ; ; ; ; ; 
TRACK;1.5.12-15;-16.47939488;-71.49548297;-1951043.418;2841897.987;E;False; ; ;0; ; ; ; ; ; 
TRACK;1.5.12-15;-16.47934141;-71.49517278;-1951041.069;2841933.85;E;False; ; ;0; ; ; ; ; ; 
TRACK;1.5.12-15;-16.47880602;-71.49497349;-1950980.698;2841963.476;E;False; ; ;0; ; ; ; ; ; 
TRACK;1.5.12-15;-16.47873682;-71.4952568;-1950968.978;2841932.272;E;False; ; ;0; ; ; ; ; ; 
TRACK;1.5.12-16; ; ;-1.516416327;20763369.87;E; ; ; ; ; ; ; ; ; ; 
TRACK;1.5.12-16;-16.47931296;-71.49476966;-1951042.838;2841979.918;E;False; ; ;0; ; ; ; ; ; 
TRACK;1.5.12-16;-16.47888092;-71.49462419;-1950993.926;2842002.084;E;False; ; ;0; ; ; ; ; ; 
TRACK;1.5.12-16;-16.47881337;-71.49491074;-1950982.358;2841970.492;E;False; ; ;0; ; ; ; ; ; 
TRACK;1.5.12-16;-16.47923334;-71.49506625;-1951029.724;2841947.346;E;False; ; ;0; ; ; ; ; ; 
TRACK;1.5.12-17; ; ;-1.516416327;20763369.87;E; ; ; ; ; ; ; ; ; ; 
TRACK;1.5.12-17;-16.47931566;-71.49470819;-1951043.935;2841986.85;E;False; ; ;0; ; ; ; ; ; 
TRACK;1.5.12-17;-16.47938388;-71.49442256;-1951055.571;2842018.33;E;False; ; ;0; ; ; ; ; ; 
TRACK;1.5.12-17;-16.47895183;-71.49427264;-1951006.715;2842041.002;E;False; ; ;0; ; ; ; ; ; 
TRACK;1.5.12-17;-16.47889089;-71.49456429;-1950995.858;2842008.743;E;False; ; ;0; ; ; ; ; ; 
TRACK;1.5.12-18; ; ;-1.516416327;20763369.87;E; ; ; ; ; ; ; ; ; ; 
TRACK;1.5.12-18;-16.47947817;-71.49417749;-1951069.755;2842044.869;E;False; ; ;0; ; ; ; ; ; 
TRACK;1.5.12-18;-16.47960619;-71.49390381;-1951088.265;2842074.209;E;False; ; ;0; ; ; ; ; ; 
TRACK;1.5.12-18;-16.47908066;-71.49372291;-1951028.821;2842101.621;E;False; ; ;0; ; ; ; ; ; 
TRACK;1.5.12-18;-16.4790135;-71.49401652;-1951017.208;2842069.222;E;False; ; ;0; ; ; ; ; ; 
TRACK;1.5.12-19; ; ;-1.516416327;20763369.87;E; ; ; ; ; ; ; ; ; ; 
TRACK;1.5.12-19;-16.47968112;-71.49385856;-1951097.642;2842078.353;E;False; ; ;0; ; ; ; ; ; 
TRACK;1.5.12-19;-16.47987938;-71.49361531;-1951124.018;2842103.32;E;False; ; ;0; ; ; ; ; ; 
TRACK;1.5.12-19;-16.4791464;-71.49338158;-1951040.872;2842139.447;E;False; ; ;0; ; ; ; ; ; 
TRACK;1.5.12-19;-16.47907259;-71.49366185;-1951028.646;2842108.648;E;False; ; ;0; ; ; ; ; ; 
TRACK;1.5.12-20; ; ;-1.516416327;20763369.87;E; ; ; ; ; ; ; ; ; ; 
TRACK;1.5.12-20;-16.47992245;-71.49357403;-1951129.601;2842107.434;E;False; ; ;0; ; ; ; ; ; 
TRACK;1.5.12-20;-16.48001773;-71.49328286;-1951144.487;2842139.186;E;False; ; ;0; ; ; ; ; ; 
TRACK;1.5.12-20;-16.47925564;-71.49304959;-1951057.915;2842175.643;E;False; ; ;0; ; ; ; ; ; 
TRACK;1.5.12-20;-16.47922819;-71.49306706;-1951054.469;2842174.024;E;False; ; ;0; ; ; ; ; ; 
TRACK;1.5.12-20;-16.47917014;-71.49331585;-1951044.494;2842146.586;E;False; ; ;0; ; ; ; ; ; 
TRACK;1.5.12-21; ; ;-1.516416327;20763369.87;E; ; ; ; ; ; ; ; ; ; 
TRACK;1.5.12-21;-16.48002263;-71.49323008;-1951145.731;2842145.104;E;False; ; ;0; ; ; ; ; ; 
TRACK;1.5.12-21;-16.4800879;-71.49293941;-1951157.086;2842177.194;E;False; ; ;0; ; ; ; ; ; 
TRACK;1.5.12-21;-16.47958989;-71.49277812;-1951100.625;2842202.022;E;False; ; ;0; ; ; ; ; ; 
TRACK;1.5.12-21;-16.47940974;-71.49294012;-1951077.407;2842186.026;E;False; ; ;0; ; ; ; ; ; 
TRACK;1.5.12-21;-16.47934585;-71.49300551;-1951069.072;2842179.454;E;False; ; ;0; ; ; ; ; ; 
TRACK;1.5.12-22; ; ;-1.516416327;20763369.87;E; ; ; ; ; ; ; ; ; ; 
TRACK;1.5.12-22;-16.48006686;-71.49288771;-1951155.27;2842183.33;E;False; ; ;0; ; ; ; ; ; 
TRACK;1.5.12-22;-16.48005351;-71.49264769;-1951156.745;2842210.712;E;False; ; ;0; ; ; ; ; ; 
TRACK;1.5.12-22;-16.47992793;-71.49248589;-1951144.044;2842230.704;E;False; ; ;0; ; ; ; ; ; 
TRACK;1.5.12-22;-16.47963424;-71.49273643;-1951106.364;2842206.165;E;False; ; ;0; ; ; ; ; ; 
TRACK;1.5.12-23; ; ;-1.516416327;20763369.87;E; ; ; ; ; ; ; ; ; ; 
TRACK;1.5.12-23;-16.47865788;-71.49420569;-1950973.031;2842052.454;E;False; ; ;0; ; ; ; ; ; 
TRACK;1.5.12-23;-16.47872947;-71.49386064;-1950985.816;2842090.625;E;False; ; ;0; ; ; ; ; ; 
TRACK;1.5.12-23;-16.47799607;-71.4940265;-1950897.554;2842081.462;E;False; ; ;0; ; ; ; ; ; 
TRACK;1.5.12-23;-16.47715814;-71.49421753;-1950796.693;2842070.819;E;False; ; ;0; ; ; ; ; ; 
TRACK;1.5.12-23;-16.47720772;-71.49437718;-1950800.493;2842052.071;E;False; ; ;0; ; ; ; ; ; 
TRACK;1.5.12-23;-16.47757704;-71.49443536;-1950843.143;2842040.624;E;False; ; ;0; ; ; ; ; ; 
TRACK;1.5.12-26; ; ;-1.516416327;20763369.87;E; ; ; ; ; ; ; ; ; ; 
TRACK;1.5.12-26;-16.47821629;-71.4946635;-1950915.349;2842006.363;E;False; ; ;0; ; ; ; ; ; 
TRACK;1.5.12-26;-16.47826928;-71.49434717;-1950925.585;2842041.523;E;False; ; ;0; ; ; ; ; ; 
TRACK;1.5.12-26;-16.47773349;-71.49447043;-1950861.079;2842034.592;E;False; ; ;0; ; ; ; ; ; 
TRACK;1.5.12-26;-16.47772927;-71.49449447;-1950860.277;2842031.922;E;False; ; ;0; ; ; ; ; ; 
TRACK;1.5.12-27; ; ;-1.516416327;20763369.87;E; ; ; ; ; ; ; ; ; ; 
TRACK;1.5.12-27;-16.47853819;-71.49478918;-1950951.571;2841987.887;E;False; ; ;0; ; ; ; ; ; 
TRACK;1.5.12-27;-16.47865369;-71.49425517;-1950971.911;2842046.9;E;False; ; ;0; ; ; ; ; ; 
TRACK;1.5.12-27;-16.4783353;-71.49432457;-1950933.627;2842043.217;E;False; ; ;0; ; ; ; ; ; 
TRACK;1.5.12-27;-16.4782759;-71.49468133;-1950922.125;2842003.559;E;False; ; ;0; ; ; ; ; ; 
TRACK;1.5.12-28; ; ;-1.516416327;20763369.87;E; ; ; ; ; ; ; ; ; ; 
TRACK;1.5.12-28;-16.47853221;-71.49484496;-1950950.162;2841981.642;E;False; ; ;0; ; ; ; ; ; 
TRACK;1.5.12-28;-16.47744361;-71.49445734;-1950827.189;2842039.885;E;False; ; ;0; ; ; ; ; ; 
TRACK;1.5.12-28;-16.47737798;-71.49473387;-1950815.974;2842009.402;E;False; ; ;0; ; ; ; ; ; 
TRACK;1.5.12-28;-16.47846583;-71.49513567;-1950938.678;2841949.563;E;False; ; ;0; ; ; ; ; ; 
TRACK;1.5.12-29; ; ;-1.516416327;20763369.87;E; ; ; ; ; ; ; ; ; ; 
TRACK;1.5.12-29;-16.47839082;-71.49548289;-1950925.464;2841911.19;E;False; ; ;0; ; ; ; ; ; 
TRACK;1.5.12-29;-16.47845073;-71.4951899;-1950936.216;2841943.615;E;False; ; ;0; ; ; ; ; ; 
TRACK;1.5.12-29;-16.47735556;-71.49480044;-1950812.496;2842002.151;E;False; ; ;0; ; ; ; ; ; 
TRACK;1.5.12-29;-16.47740237;-71.49511159;-1950814.049;2841966.267;E;False; ; ;0; ; ; ; ; ; 
TRACK;1.5.12-30; ; ;-1.516416327;20763369.87;E; ; ; ; ; ; ; ; ; ; 
TRACK;1.5.12-30;-16.47832033;-71.49583174;-1950912.76;2841872.574;E;False; ; ;0; ; ; ; ; ; 
TRACK;1.5.12-30;-16.4783803;-71.49553426;-1950923.576;2841905.506;E;False; ; ;0; ; ; ; ; ; 
TRACK;1.5.12-30;-16.47738274;-71.49517546;-1950810.933;2841959.285;E;False; ; ;0; ; ; ; ; ; 
TRACK;1.5.12-30;-16.47744334;-71.49548952;-1950814.071;2841922.889;E;False; ; ;0; ; ; ; ; ; 
TRACK;1.5.12-33; ; ;-1.516416327;20763369.87;E; ; ; ; ; ; ; ; ; ; 
TRACK;1.5.12-33;-16.47964211;-71.49928284;-1951024.287;2841464.028;E;False; ; ;0; ; ; ; ; ; 
TRACK;1.5.12-33;-16.47986857;-71.49822765;-1951064.266;2841580.656;E;False; ; ;0; ; ; ; ; ; 
TRACK;1.5.12-33;-16.47957753;-71.49814509;-1951031.123;2841593.838;E;False; ; ;0; ; ; ; ; ; 
TRACK;1.5.12-33;-16.47935298;-71.49919997;-1950991.371;2841477.22;E;False; ; ;0; ; ; ; ; ; 
TRACK;1.5.12-35; ; ;-1.516416327;20763369.87;E; ; ; ; ; ; ; ; ; ; 
TRACK;1.5.12-35;-16.47981393;-71.49682569;-1951075.622;2841740.284;E;False; ; ;0; ; ; ; ; ; 
TRACK;1.5.12-35;-16.47951242;-71.49673755;-1951041.319;2841754.236;E;False; ; ;0; ; ; ; ; ; 
TRACK;1.5.12-35;-16.47947859;-71.49693919;-1951034.788;2841731.826;E;False; ; ;0; ; ; ; ; ; 
TRACK;1.5.12-35;-16.47981566;-71.49701503;-1951073.425;2841718.8;E;False; ; ;0; ; ; ; ; ; 
TRACK;1.5.12-36; ; ;-1.516416327;20763369.87;E; ; ; ; ; ; ; ; ; ; 
TRACK;1.5.12-36;-16.48123402;-71.49706826;-1951239.374;2841694.129;E;False; ; ;0; ; ; ; ; ; 
TRACK;1.5.12-36;-16.47989152;-71.49688962;-1951083.926;2841732.018;E;False; ; ;0; ; ; ; ; ; 
TRACK;1.5.12-36;-16.47991436;-71.4972172;-1951082.456;2841694.588;E;False; ; ;0; ; ; ; ; ; 
TRACK;1.5.12-36;-16.48121993;-71.49735749;-1951234.051;2841661.53;E;False; ; ;0; ; ; ; ; ; 
TRACK;1.5.12-37; ; ;-1.516416327;20763369.87;E; ; ; ; ; ; ; ; ; ; 
TRACK;1.5.12-37;-16.48119541;-71.49742526;-1951230.311;2841654.17;E;False; ; ;0; ; ; ; ; ; 
TRACK;1.5.12-37;-16.47989913;-71.49726136;-1951080.107;2841689.782;E;False; ; ;0; ; ; ; ; ; 
TRACK;1.5.12-37;-16.47992732;-71.49758684;-1951079.292;2841652.519;E;False; ; ;0; ; ; ; ; ; 
TRACK;1.5.12-37;-16.48105794;-71.49772499;-1951210.362;2841622.004;E;False; ; ;0; ; ; ; ; ; 
TRACK;1.5.12-38; ; ;-1.516416327;20763369.87;E; ; ; ; ; ; ; ; ; ; 
TRACK;1.5.12-38;-16.48104217;-71.49777409;-1951207.886;2841616.645;E;False; ; ;0; ; ; ; ; ; 
TRACK;1.5.12-38;-16.47993737;-71.49763899;-1951079.812;2841646.476;E;False; ; ;0; ; ; ; ; ; 
TRACK;1.5.12-38;-16.47992896;-71.49794375;-1951074.961;2841612.042;E;False; ; ;0; ; ; ; ; ; 
TRACK;1.5.12-38;-16.48089552;-71.4980818;-1951186.757;2841583.694;E;False; ; ;0; ; ; ; ; ; 
TRACK;1.5.12-39; ; ;-1.516416327;20763369.87;E; ; ; ; ; ; ; ; ; ; 
TRACK;1.5.12-39;-16.48046207;-71.49920842;-1951121.555;2841461.691;E;False; ; ;0; ; ; ; ; ; 
TRACK;1.5.12-39;-16.48034853;-71.49807374;-1951122.601;2841591.795;E;False; ; ;0; ; ; ; ; ; 
TRACK;1.5.12-39;-16.47992278;-71.49800937;-1951073.402;2841604.686;E;False; ; ;0; ; ; ; ; ; 
TRACK;1.5.12-39;-16.47993045;-71.49821381;-1951071.712;2841581.412;E;False; ; ;0; ; ; ; ; ; 
TRACK;1.5.12-39;-16.4796962;-71.49929976;-1951030.426;2841461.399;E;False; ; ;0; ; ; ; ; ; 
TRACK;1.5.12-39;-16.48036677;-71.4995088;-1951106.551;2841428.895;E;False; ; ;0; ; ; ; ; ; 
TRACK;1.5.12-40; ; ;-1.516416327;20763369.87;E; ; ; ; ; ; ; ; ; ; 
TRACK;1.5.12-40;-16.48047976;-71.49922379;-1951123.438;2841459.715;E;False; ; ;0; ; ; ; ; ; 
TRACK;1.5.12-40;-16.48039447;-71.49950666;-1951109.832;2841428.774;E;False; ; ;0; ; ; ; ; ; 
TRACK;1.5.12-40;-16.48133849;-71.49979645;-1951217.057;2841383.523;E;False; ; ;0; ; ; ; ; ; 
TRACK;1.5.12-40;-16.48141341;-71.49948818;-1951229.766;2841417.481;E;False; ; ;0; ; ; ; ; ; 
TRACK;1.5.12-41; ; ;-1.516416327;20763369.87;E; ; ; ; ; ; ; ; ; ; 
TRACK;1.5.12-41;-16.48151139;-71.49952221;-1951240.846;2841412.335;E;False; ; ;0; ; ; ; ; ; 
TRACK;1.5.12-41;-16.48143445;-71.49982529;-1951227.964;2841378.994;E;False; ; ;0; ; ; ; ; ; 
TRACK;1.5.12-41;-16.4822104;-71.50006528;-1951316.076;2841341.596;E;False; ; ;0; ; ; ; ; ; 
TRACK;1.5.12-41;-16.48228557;-71.49984908;-1951327.648;2841365.114;E;False; ; ;0; ; ; ; ; ; 
TRACK;1.5.14-1; ; ;-1.516416327;20763369.87;E; ; ; ; ; ; ; ; ; ; 
TRACK;1.5.14-1;-16.48332024;-71.49605848;-1951497.261;2841781.166;E;False; ; ;0; ; ; ; ; ; 
TRACK;1.5.14-1;-16.48333375;-71.49515043;-1951510.363;2841883.913;E;False; ; ;0; ; ; ; ; ; 
TRACK;1.5.14-1;-16.48285685;-71.49513903;-1951454.483;2841891.473;E;False; ; ;0; ; ; ; ; ; 
TRACK;1.5.14-1;-16.48285434;-71.49605499;-1951442.572;2841787.685;E;False; ; ;0; ; ; ; ; ; 
TRACK;1.5.14-2; ; ;-1.516416327;20763369.87;E; ; ; ; ; ; ; ; ; ; 
TRACK;1.5.14-2;-16.482816;-71.49554893;-1951444.485;2841845.549;E;False; ; ;0; ; ; ; ; ; 
TRACK;1.5.14-2;-16.48281586;-71.49513006;-1951449.781;2841893.03;E;False; ; ;0; ; ; ; ; ; 
TRACK;1.5.14-2;-16.48252207;-71.49512074;-1951415.385;2841897.948;E;False; ; ;0; ; ; ; ; ; 
TRACK;1.5.14-2;-16.48251517;-71.49554561;-1951409.187;2841849.88;E;False; ; ;0; ; ; ; ; ; 
TRACK;1.5.14-3; ; ;-1.516416327;20763369.87;E; ; ; ; ; ; ; ; ; ; 
TRACK;1.5.14-3;-16.48279267;-71.49604842;-1951435.411;2841789.24;E;False; ; ;0; ; ; ; ; ; 
TRACK;1.5.14-3;-16.48281168;-71.49561357;-1951443.158;2841838.28;E;False; ; ;0; ; ; ; ; ; 
TRACK;1.5.14-3;-16.48252026;-71.49560842;-1951408.989;2841842.694;E;False; ; ;0; ; ; ; ; ; 
TRACK;1.5.14-3;-16.4825039;-71.49604562;-1951401.523;2841793.353;E;False; ; ;0; ; ; ; ; ; 
TRACK;1.5.14-4; ; ;-1.516416327;20763369.87;E; ; ; ; ; ; ; ; ; ; 
TRACK;1.5.14-4;-16.48246271;-71.49554098;-1951403.083;2841851.095;E;False; ; ;0; ; ; ; ; ; 
TRACK;1.5.14-4;-16.48246027;-71.49511525;-1951408.195;2841899.382;E;False; ; ;0; ; ; ; ; ; 
TRACK;1.5.14-4;-16.48218312;-71.49511155;-1951375.683;2841903.444;E;False; ; ;0; ; ; ; ; ; 
TRACK;1.5.14-4;-16.48218983;-71.49553647;-1951371.082;2841855.192;E;False; ; ;0; ; ; ; ; ; 
TRACK;1.5.14-5; ; ;-1.516416327;20763369.87;E; ; ; ; ; ; ; ; ; ; 
TRACK;1.5.14-5;-16.48211799;-71.49602703;-1951356.423;2841800.532;E;False; ; ;0; ; ; ; ; ; 
TRACK;1.5.14-5;-16.48212667;-71.49559867;-1951362.874;2841848.971;E;False; ; ;0; ; ; ; ; ; 
TRACK;1.5.14-5;-16.48184581;-71.49559843;-1951329.882;2841852.69;E;False; ; ;0; ; ; ; ; ; 
TRACK;1.5.14-5;-16.48183438;-71.49602643;-1951323.113;2841804.328;E;False; ; ;0; ; ; ; ; ; 
TRACK;1.5.14-6; ; ;-1.516416327;20763369.87;E; ; ; ; ; ; ; ; ; ; 
TRACK;1.5.14-6;-16.48210859;-71.49554895;-1951361.38;2841854.846;E;False; ; ;0; ; ; ; ; ; 
TRACK;1.5.14-6;-16.48212258;-71.49511235;-1951368.561;2841904.149;E;False; ; ;0; ; ; ; ; ; 
TRACK;1.5.14-6;-16.48182306;-71.49510455;-1951333.473;2841908.969;E;False; ; ;0; ; ; ; ; ; 
TRACK;1.5.14-6;-16.48181901;-71.4955374;-1951327.508;2841859.96;E;False; ; ;0; ; ; ; ; ; 
TRACK;1.5.14-7; ; ;-1.516416327;20763369.87;E; ; ; ; ; ; ; ; ; ; 
TRACK;1.5.14-7;-16.48176701;-71.49553658;-1951321.409;2841860.737;E;False; ; ;0; ; ; ; ; ; 
TRACK;1.5.14-7;-16.481786;-71.49510382;-1951329.128;2841909.539;E;False; ; ;0; ; ; ; ; ; 
TRACK;1.5.14-7;-16.48148334;-71.4950967;-1951293.662;2841914.325;E;False; ; ;0; ; ; ; ; ; 
TRACK;1.5.14-7;-16.48148135;-71.49553541;-1951287.866;2841864.624;E;False; ; ;0; ; ; ; ; ; 
TRACK;1.5.14-8; ; ;-1.516416327;20763369.87;E; ; ; ; ; ; ; ; ; ; 
TRACK;1.5.14-8;-16.48177099;-71.49601274;-1951315.839;2841806.712;E;False; ; ;0; ; ; ; ; ; 
TRACK;1.5.14-8;-16.48177928;-71.49559379;-1951322.125;2841854.091;E;False; ; ;0; ; ; ; ; ; 
TRACK;1.5.14-8;-16.48149281;-71.4955819;-1951288.623;2841859.203;E;False; ; ;0; ; ; ; ; ; 
TRACK;1.5.14-8;-16.48149032;-71.49600994;-1951282.902;2841810.719;E;False; ; ;0; ; ; ; ; ; 
TRACK;1.5.14-9; ; ;-1.516416327;20763369.87;E; ; ; ; ; ; ; ; ; ; 
TRACK;1.5.14-9;-16.48143407;-71.49601082;-1951276.283;2841811.358;E;False; ; ;0; ; ; ; ; ; 
TRACK;1.5.14-9;-16.48143338;-71.49558154;-1951281.646;2841860.025;E;False; ; ;0; ; ; ; ; ; 
TRACK;1.5.14-9;-16.48114734;-71.49557211;-1951248.161;2841864.854;E;False; ; ;0; ; ; ; ; ; 
TRACK;1.5.14-9;-16.48114895;-71.49600189;-1951242.901;2841816.117;E;False; ; ;0; ; ; ; ; ; 
TRACK;1.5.14-10; ; ;-1.516416327;20763369.87;E; ; ; ; ; ; ; ; ; ; 
TRACK;1.5.14-10;-16.48108015;-71.49601262;-1951234.683;2841815.805;E;False; ; ;0; ; ; ; ; ; 
TRACK;1.5.14-10;-16.48108876;-71.49558007;-1951241.179;2841864.721;E;False; ; ;0; ; ; ; ; ; 
TRACK;1.5.14-10;-16.48077887;-71.49556706;-1951204.939;2841870.269;E;False; ; ;0; ; ; ; ; ; 
TRACK;1.5.14-10;-16.48075158;-71.49599853;-1951196.262;2841821.721;E;False; ; ;0; ; ; ; ; ; 
TRACK;1.5.14-11; ; ;-1.516416327;20763369.87;E; ; ; ; ; ; ; ; ; ; 
TRACK;1.5.14-11;-16.48064942;-71.4955074;-1951190.488;2841878.732;E;False; ; ;0; ; ; ; ; ; 
TRACK;1.5.14-11;-16.48064962;-71.49521104;-1951194.27;2841912.321;E;False; ; ;0; ; ; ; ; ; 
TRACK;1.5.14-11;-16.48032269;-71.49520891;-1951155.889;2841916.86;E;False; ; ;0; ; ; ; ; ; 
TRACK;1.5.14-11;-16.48031001;-71.49532872;-1951152.88;2841903.445;E;False; ; ;0; ; ; ; ; ; 
TRACK;1.5.14-11;-16.48037536;-71.495338;-1951160.441;2841901.535;E;False; ; ;0; ; ; ; ; ; 
TRACK;1.5.14-11;-16.4803624;-71.495504;-1951156.812;2841882.889;E;False; ; ;0; ; ; ; ; ; 
TRACK;1.5.14-12; ; ;-1.516416327;20763369.87;E; ; ; ; ; ; ; ; ; ; 
TRACK;1.5.14-12;-16.48143477;-71.49551712;-1951282.625;2841867.309;E;False; ; ;0; ; ; ; ; ; 
TRACK;1.5.14-12;-16.48143677;-71.49522793;-1951286.528;2841900.062;E;False; ; ;0; ; ; ; ; ; 
TRACK;1.5.14-12;-16.48071259;-71.49521442;-1951201.624;2841911.11;E;False; ; ;0; ; ; ; ; ; 
TRACK;1.5.14-12;-16.48071123;-71.49550498;-1951197.779;2841878.194;E;False; ; ;0; ; ; ; ; ; 
TRACK;1.5.14-13; ; ;-1.516416327;20763369.87;E; ; ; ; ; ; ; ; ; ; 
TRACK;1.5.14-13;-16.48143389;-71.49517526;-1951286.857;2841906.07;E;False; ; ;0; ; ; ; ; ; 
TRACK;1.5.14-13;-16.48144192;-71.49489035;-1951291.414;2841938.259;E;False; ; ;0; ; ; ; ; ; 
TRACK;1.5.14-13;-16.4807118;-71.49486669;-1951205.941;2841950.536;E;False; ; ;0; ; ; ; ; ; 
TRACK;1.5.14-13;-16.48070774;-71.49515978;-1951201.747;2841917.368;E;False; ; ;0; ; ; ; ; ; 
TRACK;1.5.14-14; ; ;-1.516416327;20763369.87;E; ; ; ; ; ; ; ; ; ; 
TRACK;1.5.14-14;-16.48064743;-71.49515999;-1951194.659;2841918.137;E;False; ; ;0; ; ; ; ; ; 
TRACK;1.5.14-14;-16.48065375;-71.49486326;-1951199.164;2841951.688;E;False; ; ;0; ; ; ; ; ; 
TRACK;1.5.14-14;-16.48007933;-71.49485013;-1951131.849;2841960.725;E;False; ; ;0; ; ; ; ; ; 
TRACK;1.5.14-14;-16.48007201;-71.49515018;-1951127.185;2841926.81;E;False; ; ;0; ; ; ; ; ; 
TRACK;1.5.14-15; ; ;-1.516416327;20763369.87;E; ; ; ; ; ; ; ; ; ; 
TRACK;1.5.14-15;-16.48001774;-71.49515159;-1951120.791;2841927.364;E;False; ; ;0; ; ; ; ; ; 
TRACK;1.5.14-15;-16.48001413;-71.49483799;-1951124.344;2841962.958;E;False; ; ;0; ; ; ; ; ; 
TRACK;1.5.14-15;-16.47961955;-71.49483335;-1951078.048;2841968.669;E;False; ; ;0; ; ; ; ; ; 
TRACK;1.5.14-15;-16.47964665;-71.49512107;-1951077.583;2841935.7;E;False; ; ;0; ; ; ; ; ; 
TRACK;1.5.14-16; ; ;-1.516416327;20763369.87;E; ; ; ; ; ; ; ; ; ; 
TRACK;1.5.14-16;-16.48065829;-71.49481118;-1951200.358;2841957.531;E;False; ; ;0; ; ; ; ; ; 
TRACK;1.5.14-16;-16.48065994;-71.49450838;-1951204.391;2841991.832;E;False; ; ;0; ; ; ; ; ; 
TRACK;1.5.14-16;-16.48008845;-71.49449987;-1951137.362;2842000.307;E;False; ; ;0; ; ; ; ; ; 
TRACK;1.5.14-16;-16.48010307;-71.49479236;-1951135.371;2841966.962;E;False; ; ;0; ; ; ; ; ; 
TRACK;1.5.14-17; ; ;-1.516416327;20763369.87;E; ; ; ; ; ; ; ; ; ; 
TRACK;1.5.14-17;-16.48144329;-71.49482445;-1951292.41;2841945.71;E;False; ; ;0; ; ; ; ; ; 
TRACK;1.5.14-17;-16.48144511;-71.49452305;-1951296.446;2841979.85;E;False; ; ;0; ; ; ; ; ; 
TRACK;1.5.14-17;-16.48070166;-71.49450763;-1951209.303;2841991.369;E;False; ; ;0; ; ; ; ; ; 
TRACK;1.5.14-17;-16.48071335;-71.49481031;-1951206.838;2841956.906;E;False; ; ;0; ; ; ; ; ; 
TRACK;1.5.14-18; ; ;-1.516416327;20763369.87;E; ; ; ; ; ; ; ; ; ; 
TRACK;1.5.14-18;-16.48066305;-71.49444759;-1951205.528;2841998.682;E;False; ; ;0; ; ; ; ; ; 
TRACK;1.5.14-18;-16.48065855;-71.49416612;-1951208.569;2842030.645;E;False; ; ;0; ; ; ; ; ; 
TRACK;1.5.14-18;-16.48013742;-71.49414227;-1951147.65;2842040.198;E;False; ; ;0; ; ; ; ; ; 
TRACK;1.5.14-18;-16.48007119;-71.4944404;-1951136.088;2842007.275;E;False; ; ;0; ; ; ; ; ; 
TRACK;1.5.14-19; ; ;-1.516416327;20763369.87;E; ; ; ; ; ; ; ; ; ; 
TRACK;1.5.14-19;-16.48145449;-71.49445845;-1951298.368;2841987.049;E;False; ; ;0; ; ; ; ; ; 
TRACK;1.5.14-19;-16.4814724;-71.49417182;-1951304.107;2842019.303;E;False; ; ;0; ; ; ; ; ; 
TRACK;1.5.14-19;-16.48072868;-71.49413674;-1951217.181;2842033.054;E;False; ; ;0; ; ; ; ; ; 
TRACK;1.5.14-19;-16.48072945;-71.49443352;-1951213.507;2841999.404;E;False; ; ;0; ; ; ; ; ; 
TRACK;1.5.14-20; ; ;-1.516416327;20763369.87;E; ; ; ; ; ; ; ; ; ; 
TRACK;1.5.14-20;-16.48195974;-71.49508294;-1951349.804;2841909.623;E;False; ; ;0; ; ; ; ; ; 
TRACK;1.5.14-20;-16.48213524;-71.49507689;-1951370.498;2841908.002;E;False; ; ;0; ; ; ; ; ; 
TRACK;1.5.14-20;-16.48215825;-71.49460362;-1951379.203;2841961.344;E;False; ; ;0; ; ; ; ; ; 
TRACK;1.5.14-20;-16.48217092;-71.49416236;-1951386.287;2842011.194;E;False; ; ;0; ; ; ; ; ; 
TRACK;1.5.14-20;-16.48152575;-71.49416369;-1951310.477;2842019.523;E;False; ; ;0; ; ; ; ; ; 
TRACK;1.5.14-20;-16.48151572;-71.49506552;-1951297.862;2841917.433;E;False; ; ;0; ; ; ; ; ; 
TRACK;1.5.14-21; ; ;-1.516416327;20763369.87;E; ; ; ; ; ; ; ; ; ; 
TRACK;1.5.14-21;-16.48334519;-71.49409367;-1951525.109;2842003.544;E;False; ; ;0; ; ; ; ; ; 
TRACK;1.5.14-21;-16.48336064;-71.49381107;-1951530.508;2842035.373;E;False; ; ;0; ; ; ; ; ; 
TRACK;1.5.14-21;-16.48246966;-71.4937879;-1951426.132;2842049.711;E;False; ; ;0; ; ; ; ; ; 
TRACK;1.5.14-21;-16.48246616;-71.49408374;-1951421.968;2842016.224;E;False; ; ;0; ; ; ; ; ; 
TRACK;1.5.14-22; ; ;-1.516416327;20763369.87;E; ; ; ; ; ; ; ; ; ; 
TRACK;1.5.14-22;-16.48240028;-71.49408551;-1951414.207;2842016.89;E;False; ; ;0; ; ; ; ; ; 
TRACK;1.5.14-22;-16.48241017;-71.49378575;-1951419.171;2842050.737;E;False; ; ;0; ; ; ; ; ; 
TRACK;1.5.14-22;-16.48152686;-71.49377361;-1951315.554;2842063.724;E;False; ; ;0; ; ; ; ; ; 
TRACK;1.5.14-22;-16.48152548;-71.49405838;-1951311.781;2842031.463;E;False; ; ;0; ; ; ; ; ; 
TRACK;1.5.14-23; ; ;-1.516416327;20763369.87;E; ; ; ; ; ; ; ; ; ; 
TRACK;1.5.14-23;-16.4814706;-71.49406865;-1951305.204;2842031.021;E;False; ; ;0; ; ; ; ; ; 
TRACK;1.5.14-23;-16.4814724;-71.49377595;-1951309.127;2842064.175;E;False; ; ;0; ; ; ; ; ; 
TRACK;1.5.14-23;-16.48073459;-71.49374579;-1951222.832;2842077.291;E;False; ; ;0; ; ; ; ; ; 
TRACK;1.5.14-23;-16.48073205;-71.49404237;-1951218.772;2842043.707;E;False; ; ;0; ; ; ; ; ; 
TRACK;1.5.14-24; ; ;-1.516416327;20763369.87;E; ; ; ; ; ; ; ; ; ; 
TRACK;1.5.14-24;-16.48066858;-71.49405022;-1951211.217;2842043.651;E;False; ; ;0; ; ; ; ; ; 
TRACK;1.5.14-24;-16.48067791;-71.49376752;-1951215.898;2842075.572;E;False; ; ;0; ; ; ; ; ; 
TRACK;1.5.14-24;-16.48037404;-71.49375086;-1951180.411;2842081.455;E;False; ; ;0; ; ; ; ; ; 
TRACK;1.5.14-24;-16.48036091;-71.49405406;-1951175.023;2842047.259;E;False; ; ;0; ; ; ; ; ; 
TRACK;1.5.14-25; ; ;-1.516416327;20763369.87;E; ; ; ; ; ; ; ; ; ; 
TRACK;1.5.14-25;-16.48147364;-71.4937206;-1951309.974;2842070.432;E;False; ; ;0; ; ; ; ; ; 
TRACK;1.5.14-25;-16.48147103;-71.49341252;-1951313.575;2842105.388;E;False; ; ;0; ; ; ; ; ; 
TRACK;1.5.14-25;-16.48074772;-71.49340239;-1951228.73;2842116.042;E;False; ; ;0; ; ; ; ; ; 
TRACK;1.5.14-25;-16.48074086;-71.49369389;-1951224.227;2842083.091;E;False; ; ;0; ; ; ; ; ; 
TRACK;1.5.14-26; ; ;-1.516416327;20763369.87;E; ; ; ; ; ; ; ; ; ; 
TRACK;1.5.14-26;-16.48241141;-71.49372638;-1951420.069;2842057.45;E;False; ; ;0; ; ; ; ; ; 
TRACK;1.5.14-26;-16.48242115;-71.49343617;-1951424.893;2842090.218;E;False; ; ;0; ; ; ; ; ; 
TRACK;1.5.14-26;-16.4815414;-71.49340199;-1951321.975;2842105.656;E;False; ; ;0; ; ; ; ; ; 
TRACK;1.5.14-26;-16.48154052;-71.49371317;-1951317.925;2842070.395;E;False; ; ;0; ; ; ; ; ; 
TRACK;1.5.14-27; ; ;-1.516416327;20763369.87;E; ; ; ; ; ; ; ; ; ; 
TRACK;1.5.14-27;-16.48335945;-71.49374435;-1951531.216;2842042.952;E;False; ; ;0; ; ; ; ; ; 
TRACK;1.5.14-27;-16.48336713;-71.49345826;-1951535.745;2842075.279;E;False; ; ;0; ; ; ; ; ; 
TRACK;1.5.14-27;-16.48247519;-71.49343368;-1951431.274;2842089.789;E;False; ; ;0; ; ; ; ; ; 
TRACK;1.5.14-27;-16.48247094;-71.4937216;-1951427.123;2842057.21;E;False; ; ;0; ; ; ; ; ; 
TRACK;1.5.14-28; ; ;-1.516416327;20763369.87;E; ; ; ; ; ; ; ; ; ; 
TRACK;1.5.14-28;-16.48337118;-71.49339079;-1951537.077;2842082.873;E;False; ; ;0; ; ; ; ; ; 
TRACK;1.5.14-28;-16.48338526;-71.49310219;-1951542.392;2842115.401;E;False; ; ;0; ; ; ; ; ; 
TRACK;1.5.14-28;-16.48309139;-71.49309244;-1951507.993;2842120.368;E;False; ; ;0; ; ; ; ; ; 
TRACK;1.5.14-28;-16.48307434;-71.49338369;-1951502.295;2842087.58;E;False; ; ;0; ; ; ; ; ; 
TRACK;1.5.14-29; ; ;-1.516416327;20763369.87;E; ; ; ; ; ; ; ; ; ; 
TRACK;1.5.14-29;-16.48303103;-71.49338033;-1951497.25;2842088.53;E;False; ; ;0; ; ; ; ; ; 
TRACK;1.5.14-29;-16.48304325;-71.49308479;-1951502.433;2842121.869;E;False; ; ;0; ; ; ; ; ; 
TRACK;1.5.14-29;-16.48248865;-71.49307337;-1951437.424;2842130.453;E;False; ; ;0; ; ; ; ; ; 
TRACK;1.5.14-29;-16.48248388;-71.49336639;-1951433.148;2842097.303;E;False; ; ;0; ; ; ; ; ; 
TRACK;1.5.14-30; ; ;-1.516416327;20763369.87;E; ; ; ; ; ; ; ; ; ; 
TRACK;1.5.14-30;-16.48242995;-71.49336514;-1951426.828;2842098.153;E;False; ; ;0; ; ; ; ; ; 
TRACK;1.5.14-30;-16.4824343;-71.49307556;-1951431.011;2842130.919;E;False; ; ;0; ; ; ; ; ; 
TRACK;1.5.14-30;-16.48175369;-71.49306317;-1951351.211;2842141.27;E;False; ; ;0; ; ; ; ; ; 
TRACK;1.5.14-30;-16.48174922;-71.49336254;-1951346.89;2842107.395;E;False; ; ;0; ; ; ; ; ; 
TRACK;1.5.14-31; ; ;-1.516416327;20763369.87;E; ; ; ; ; ; ; ; ; ; 
TRACK;1.5.14-31;-16.48146755;-71.49336884;-1951313.719;2842110.384;E;False; ; ;0; ; ; ; ; ; 
TRACK;1.5.14-31;-16.48147945;-71.49307416;-1951318.855;2842143.629;E;False; ; ;0; ; ; ; ; ; 
TRACK;1.5.14-31;-16.48070827;-71.49303884;-1951228.705;2842157.77;E;False; ; ;0; ; ; ; ; ; 
TRACK;1.5.14-31;-16.48071313;-71.4933323;-1951225.555;2842124.442;E;False; ; ;0; ; ; ; ; ; 
TRACK;1.5.14-32; ; ;-1.516416327;20763369.87;E; ; ; ; ; ; ; ; ; ; 
TRACK;1.5.14-32;-16.4817174;-71.49296284;-1951348.221;2842153.12;E;False; ; ;0; ; ; ; ; ; 
TRACK;1.5.14-32;-16.48171725;-71.49267863;-1951351.808;2842185.337;E;False; ; ;0; ; ; ; ; ; 
TRACK;1.5.14-32;-16.48071017;-71.49265748;-1951233.765;2842200.972;E;False; ; ;0; ; ; ; ; ; 
TRACK;1.5.14-32;-16.48070974;-71.49295177;-1951229.982;2842167.619;E;False; ; ;0; ; ; ; ; ; 
TRACK;1.5.14-33; ; ;-1.516416327;20763369.87;E; ; ; ; ; ; ; ; ; ; 
TRACK;1.5.14-33;-16.48254247;-71.49298622;-1951444.852;2842139.625;E;False; ; ;0; ; ; ; ; ; 
TRACK;1.5.14-33;-16.48254255;-71.49269208;-1951448.593;2842172.963;E;False; ; ;0; ; ; ; ; ; 
TRACK;1.5.14-33;-16.48179734;-71.49267199;-1951361.301;2842185.037;E;False; ; ;0; ; ; ; ; ; 
TRACK;1.5.14-33;-16.48179131;-71.49297455;-1951356.755;2842150.821;E;False; ; ;0; ; ; ; ; ; 
TRACK;1.5.14-34; ; ;-1.516416327;20763369.87;E; ; ; ; ; ; ; ; ; ; 
TRACK;1.5.14-34;-16.48338508;-71.49299957;-1951543.673;2842127.034;E;False; ; ;0; ; ; ; ; ; 
TRACK;1.5.14-34;-16.483387;-71.49271235;-1951547.542;2842159.565;E;False; ; ;0; ; ; ; ; ; 
TRACK;1.5.14-34;-16.48263593;-71.4926803;-1951459.712;2842173.072;E;False; ; ;0; ; ; ; ; ; 
TRACK;1.5.14-34;-16.48263233;-71.49298483;-1951455.427;2842138.601;E;False; ; ;0; ; ; ; ; ; 
TRACK;1.5.14-35; ; ;-1.516416327;20763369.87;E; ; ; ; ; ; ; ; ; ; 
TRACK;1.5.14-35;-16.48337079;-71.49264402;-1951546.503;2842167.523;E;False; ; ;0; ; ; ; ; ; 
TRACK;1.5.14-35;-16.48338328;-71.49234993;-1951551.701;2842200.695;E;False; ; ;0; ; ; ; ; ; 
TRACK;1.5.14-35;-16.48264283;-71.49233345;-1951464.922;2842212.296;E;False; ; ;0; ; ; ; ; ; 
TRACK;1.5.14-35;-16.48264344;-71.49263374;-1951461.185;2842178.251;E;False; ; ;0; ; ; ; ; ; 
TRACK;1.5.14-36; ; ;-1.516416327;20763369.87;E; ; ; ; ; ; ; ; ; ; 
TRACK;1.5.14-36;-16.4833812;-71.49228909;-1951552.229;2842207.617;E;False; ; ;0; ; ; ; ; ; 
TRACK;1.5.14-36;-16.48338121;-71.49199052;-1951556.016;2842241.46;E;False; ; ;0; ; ; ; ; ; 
TRACK;1.5.14-36;-16.48264897;-71.49197922;-1951470.137;2842252.368;E;False; ; ;0; ; ; ; ; ; 
TRACK;1.5.14-36;-16.48264751;-71.49226469;-1951466.344;2842220.029;E;False; ; ;0; ; ; ; ; ; 
TRACK;1.5.14-37; ; ;-1.516416327;20763369.87;E; ; ; ; ; ; ; ; ; ; 
TRACK;1.5.14-37;-16.48338534;-71.49193033;-1951557.265;2842248.228;E;False; ; ;0; ; ; ; ; ; 
TRACK;1.5.14-37;-16.48339356;-71.49164148;-1951561.895;2842280.861;E;False; ; ;0; ; ; ; ; ; 
TRACK;1.5.14-37;-16.48265003;-71.49161932;-1951474.826;2842293.148;E;False; ; ;0; ; ; ; ; ; 
TRACK;1.5.14-37;-16.48265146;-71.49191522;-1951471.241;2842259.589;E;False; ; ;0; ; ; ; ; ; 
TRACK;1.5.14-38; ; ;-1.516416327;20763369.87;E; ; ; ; ; ; ; ; ; ; 
TRACK;1.5.14-38;-16.48256519;-71.49190416;-1951461.246;2842261.977;E;False; ; ;0; ; ; ; ; ; 
TRACK;1.5.14-38;-16.48256503;-71.49161855;-1951464.85;2842294.353;E;False; ; ;0; ; ; ; ; ; 
TRACK;1.5.14-38;-16.48182691;-71.49160581;-1951378.297;2842305.5;E;False; ; ;0; ; ; ; ; ; 
TRACK;1.5.14-38;-16.48182835;-71.49189319;-1951374.822;2842272.907;E;False; ; ;0; ; ; ; ; ; 
TRACK;1.5.14-39; ; ;-1.516416327;20763369.87;E; ; ; ; ; ; ; ; ; ; 
TRACK;1.5.14-39;-16.48255511;-71.49226869;-1951455.439;2842220.79;E;False; ; ;0; ; ; ; ; ; 
TRACK;1.5.14-39;-16.48255707;-71.49197855;-1951459.349;2842253.651;E;False; ; ;0; ; ; ; ; ; 
TRACK;1.5.14-39;-16.48181983;-71.49195856;-1951372.991;2842265.609;E;False; ; ;0; ; ; ; ; ; 
TRACK;1.5.14-39;-16.48182149;-71.49225099;-1951369.478;2842232.44;E;False; ; ;0; ; ; ; ; ; 
TRACK;1.5.14-40; ; ;-1.516416327;20763369.87;E; ; ; ; ; ; ; ; ; ; 
TRACK;1.5.14-40;-16.48254089;-71.49263965;-1951449.063;2842178.929;E;False; ; ;0; ; ; ; ; ; 
TRACK;1.5.14-40;-16.48255309;-71.49232857;-1951454.442;2842214.029;E;False; ; ;0; ; ; ; ; ; 
TRACK;1.5.14-40;-16.48181901;-71.4923209;-1951368.3;2842224.549;E;False; ; ;0; ; ; ; ; ; 
TRACK;1.5.14-40;-16.481808;-71.49261056;-1951363.333;2842191.86;E;False; ; ;0; ; ; ; ; ; 
TRACK;1.5.14-41; ; ;-1.516416327;20763369.87;E; ; ; ; ; ; ; ; ; ; 
TRACK;1.5.14-41;-16.48172318;-71.49261063;-1951353.367;2842192.967;E;False; ; ;0; ; ; ; ; ; 
TRACK;1.5.14-41;-16.48172931;-71.49231872;-1951357.79;2842225.974;E;False; ; ;0; ; ; ; ; ; 
TRACK;1.5.14-41;-16.4807175;-71.49229797;-1951239.186;2842241.627;E;False; ; ;0; ; ; ; ; ; 
TRACK;1.5.14-41;-16.4807169;-71.49259623;-1951235.333;2842207.826;E;False; ; ;0; ; ; ; ; ; 
TRACK;1.5.14-42; ; ;-1.516416327;20763369.87;E; ; ; ; ; ; ; ; ; ; 
TRACK;1.5.14-42;-16.48173828;-71.49225442;-1951359.659;2842233.145;E;False; ; ;0; ; ; ; ; ; 
TRACK;1.5.14-42;-16.48174042;-71.49196656;-1951363.561;2842265.746;E;False; ; ;0; ; ; ; ; ; 
TRACK;1.5.14-42;-16.48072586;-71.4919444;-1951244.652;2842281.594;E;False; ; ;0; ; ; ; ; ; 
TRACK;1.5.14-42;-16.48072066;-71.49223758;-1951240.323;2842248.431;E;False; ; ;0; ; ; ; ; ; 
TRACK;1.5.14-43; ; ;-1.516416327;20763369.87;E; ; ; ; ; ; ; ; ; ; 
TRACK;1.5.14-43;-16.48173138;-71.49189508;-1951363.405;2842273.967;E;False; ; ;0; ; ; ; ; ; 
TRACK;1.5.14-43;-16.48173357;-71.49160025;-1951367.403;2842307.357;E;False; ; ;0; ; ; ; ; ; 
TRACK;1.5.14-43;-16.48076753;-71.49159388;-1951253.993;2842320.779;E;False; ; ;0; ; ; ; ; ; 
TRACK;1.5.14-43;-16.48075369;-71.49187497;-1951248.801;2842289.099;E;False; ; ;0; ; ; ; ; ; 
TRACK;1.5.14-45; ; ;-1.516416327;20763369.87;E; ; ; ; ; ; ; ; ; ; 
TRACK;1.5.14-45;-16.4826179;-71.49129516;-1951475.164;2842330.315;E;False; ; ;0; ; ; ; ; ; 
TRACK;1.5.14-45;-16.48261363;-71.49108475;-1951477.331;2842354.22;E;False; ; ;0; ; ; ; ; ; 
TRACK;1.5.14-45;-16.48183526;-71.49109704;-1951385.732;2842363.06;E;False; ; ;0; ; ; ; ; ; 
TRACK;1.5.14-45;-16.48181566;-71.49155135;-1951377.666;2842311.821;E;False; ; ;0; ; ; ; ; ; 
TRACK;1.5.14-45;-16.48350631;-71.49157734;-1951575.955;2842286.649;E;False; ; ;0; ; ; ; ; ; 
TRACK;1.5.14-45;-16.4835037;-71.49130229;-1951579.137;2842317.861;E;False; ; ;0; ; ; ; ; ; 
TRACK;1.5.14-46; ; ;-1.516416327;20763369.87;E; ; ; ; ; ; ; ; ; ; 
TRACK;1.5.14-46;-16.48270403;-71.49108034;-1951488.007;2842353.531;E;False; ; ;0; ; ; ; ; ; 
TRACK;1.5.14-46;-16.48270387;-71.49107441;-1951488.063;2842354.206;E;False; ; ;0; ; ; ; ; ; 
TRACK;1.5.14-46;-16.48270152;-71.49121998;-1951485.941;2842337.736;E;False; ; ;0; ; ; ; ; ; 
TRACK;1.5.14-46;-16.48351191;-71.49123315;-1951580.979;2842325.589;E;False; ; ;0; ; ; ; ; ; 
TRACK;1.5.14-46;-16.48351826;-71.49109845;-1951583.433;2842340.774;E;False; ; ;0; ; ; ; ; ; 
TRACK;1.5.14-47; ; ;-1.516416327;20763369.87;E; ; ; ; ; ; ; ; ; ; 
TRACK;1.5.14-47;-16.48294571;-71.49055212;-1951523.1;2842410.228;E;False; ; ;0; ; ; ; ; ; 
TRACK;1.5.14-47;-16.48294298;-71.48969279;-1951533.68;2842507.671;E;False; ; ;0; ; ; ; ; ; 
TRACK;1.5.14-47;-16.48280934;-71.4897669;-1951517.04;2842501.027;E;False; ; ;0; ; ; ; ; ; 
TRACK;1.5.14-47;-16.48280346;-71.49055198;-1951506.39;2842412.115;E;False; ; ;0; ; ; ; ; ; 
TRACK;1.5.14-49; ; ;-1.516416327;20763369.87;E; ; ; ; ; ; ; ; ; ; 
TRACK;1.5.14-49;-16.48051522;-71.49222203;-1951216.385;2842252.893;E;False; ; ;0; ; ; ; ; ; 
TRACK;1.5.14-49;-16.48050243;-71.49295729;-1951205.558;2842169.719;E;False; ; ;0; ; ; ; ; ; 
TRACK;1.5.14-49;-16.48064144;-71.49296064;-1951221.846;2842167.512;E;False; ; ;0; ; ; ; ; ; 
TRACK;1.5.14-49;-16.4806434;-71.49222228;-1951231.44;2842251.18;E;False; ; ;0; ; ; ; ; ; 
TRACK;1.5.14-50; ; ;-1.516416327;20763369.87;E; ; ; ; ; ; ; ; ; ; 
TRACK;1.5.14-50;-16.48066418;-71.49369766;-1951215.171;2842083.672;E;False; ; ;0; ; ; ; ; ; 
TRACK;1.5.14-50;-16.48067846;-71.49341794;-1951220.396;2842115.19;E;False; ; ;0; ; ; ; ; ; 
TRACK;1.5.14-50;-16.48039734;-71.49341658;-1951187.387;2842119.039;E;False; ; ;0; ; ; ; ; ; 
TRACK;1.5.14-50;-16.4803821;-71.49368549;-1951182.186;2842088.759;E;False; ; ;0; ; ; ; ; ; 
TRACK;1.5.14-51; ; ;-1.516416327;20763369.87;E; ; ; ; ; ; ; ; ; ; 
TRACK;1.5.14-51;-16.47967344;-71.49521064;-1951079.595;2841925.195;E;False; ; ;0; ; ; ; ; ; 
TRACK;1.5.14-51;-16.47968364;-71.49535305;-1951078.987;2841908.919;E;False; ; ;0; ; ; ; ; ; 
TRACK;1.5.14-51;-16.48003968;-71.49562767;-1951117.333;2841873.113;E;False; ; ;0; ; ; ; ; ; 
TRACK;1.5.14-51;-16.48005605;-71.49521198;-1951124.527;2841920.015;E;False; ; ;0; ; ; ; ; ; 
TRACK;1.5.14-52; ; ;-1.516416327;20763369.87;E; ; ; ; ; ; ; ; ; ; 
TRACK;1.5.14-52;-16.48349633;-71.49311059;-1951555.334;2842112.988;E;False; ; ;0; ; ; ; ; ; 
TRACK;1.5.14-52;-16.4834002;-71.49311053;-1951544.042;2842114.259;E;False; ; ;0; ; ; ; ; ; 
TRACK;1.5.14-52;-16.4833971;-71.49340319;-1951539.966;2842081.126;E;False; ; ;0; ; ; ; ; ; 
TRACK;1.5.14-52;-16.48348794;-71.49339667;-1951550.719;2842080.671;E;False; ; ;0; ; ; ; ; ; 
TRACK;1.5.14-55; ; ;-1.516416327;20763369.87;E; ; ; ; ; ; ; ; ; ; 
TRACK;1.5.14-55;-16.48345784;-71.4950557;-1951526.143;2841893.02;E;False; ; ;0; ; ; ; ; ; 
TRACK;1.5.14-55;-16.48346996;-71.49421945;-1951538.172;2841987.648;E;False; ; ;0; ; ; ; ; ; 
TRACK;1.5.14-55;-16.48312746;-71.49421664;-1951497.971;2841992.468;E;False; ; ;0; ; ; ; ; ; 
TRACK;1.5.14-55;-16.48312279;-71.49504737;-1951486.888;2841898.368;E;False; ; ;0; ; ; ; ; ; 
TRACK;1.5.14-56; ; ;-1.516416327;20763369.87;E; ; ; ; ; ; ; ; ; ; 
TRACK;1.5.14-56;-16.48304646;-71.49421184;-1951488.516;2841994.077;E;False; ; ;0; ; ; ; ; ; 
TRACK;1.5.14-56;-16.48267642;-71.49419851;-1951445.214;2842000.452;E;False; ; ;0; ; ; ; ; ; 
TRACK;1.5.14-56;-16.48265759;-71.49511742;-1951431.348;2841896.542;E;False; ; ;0; ; ; ; ; ; 
TRACK;1.5.14-56;-16.4830283;-71.49514086;-1951474.601;2841889.013;E;False; ; ;0; ; ; ; ; ; 
TRACK;1.5.14-57; ; ;-1.516416327;20763369.87;E; ; ; ; ; ; ; ; ; ; 
TRACK;1.5.14-57;-16.48241309;-71.49503307;-1951403.695;2841909.317;E;False; ; ;0; ; ; ; ; ; 
TRACK;1.5.14-57;-16.482592;-71.49504813;-1951424.521;2841905.258;E;False; ; ;0; ; ; ; ; ; 
TRACK;1.5.14-57;-16.4826133;-71.49419504;-1951437.843;2842001.674;E;False; ; ;0; ; ; ; ; ; 
TRACK;1.5.14-57;-16.48221873;-71.49418396;-1951391.63;2842008.117;E;False; ; ;0; ; ; ; ; ; 
TRACK;1.5.14-57;-16.48218412;-71.49510133;-1951375.93;2841904.589;E;False; ; ;0; ; ; ; ; ; 
TRACK;1.5.14-57;-16.48241256;-71.49510922;-1951402.667;2841900.693;E;False; ; ;0; ; ; ; ; ; 
TRACK;1.5.14-58; ; ;-1.516416327;20763369.87;E; ; ; ; ; ; ; ; ; ; 
TRACK;1.5.14-58;-16.48085689;-71.49613244;-1951206.936;2841805.157;E;False; ; ;0; ; ; ; ; ; 
TRACK;1.5.14-58;-16.48084082;-71.49628789;-1951203.076;2841787.748;E;False; ; ;0; ; ; ; ; ; 
TRACK;1.5.14-58;-16.48091821;-71.49653252;-1951209.066;2841759.003;E;False; ; ;0; ; ; ; ; ; 
TRACK;1.5.14-58;-16.4811259;-71.49665432;-1951231.92;2841742.468;E;False; ; ;0; ; ; ; ; ; 
TRACK;1.5.14-58;-16.48116289;-71.49616358;-1951242.489;2841797.607;E;False; ; ;0; ; ; ; ; ; 
TRACK;1.5.14-59; ; ;-1.516416327;20763369.87;E; ; ; ; ; ; ; ; ; ; 
TRACK;1.5.14-59;-16.48146228;-71.49674071;-1951270.342;2841728.256;E;False; ; ;0; ; ; ; ; ; 
TRACK;1.5.14-59;-16.48146682;-71.49616489;-1951278.177;2841793.464;E;False; ; ;0; ; ; ; ; ; 
TRACK;1.5.14-59;-16.48120994;-71.49616646;-1951247.98;2841796.662;E;False; ; ;0; ; ; ; ; ; 
TRACK;1.5.14-59;-16.48118831;-71.49669564;-1951238.728;2841736.965;E;False; ; ;0; ; ; ; ; ; 
TRACK;1.5.14-60; ; ;-1.516416327;20763369.87;E; ; ; ; ; ; ; ; ; ; 
TRACK;1.5.14-60;-16.48153973;-71.49617234;-1951286.647;2841791.661;E;False; ; ;0; ; ; ; ; ; 
TRACK;1.5.14-60;-16.48152676;-71.49681927;-1951276.92;2841718.504;E;False; ; ;0; ; ; ; ; ; 
TRACK;1.5.14-60;-16.48178304;-71.49682716;-1951306.928;2841714.241;E;False; ; ;0; ; ; ; ; ; 
TRACK;1.5.14-60;-16.48179922;-71.49617425;-1951317.108;2841788.035;E;False; ; ;0; ; ; ; ; ; 
TRACK;1.5.14-61; ; ;-1.516416327;20763369.87;E; ; ; ; ; ; ; ; ; ; 
TRACK;1.5.14-61;-16.4821047;-71.49700632;-1951342.443;2841689.707;E;False; ; ;0; ; ; ; ; ; 
TRACK;1.5.14-61;-16.48211483;-71.49618332;-1951354.07;2841782.858;E;False; ; ;0; ; ; ; ; ; 
TRACK;1.5.14-61;-16.48185624;-71.4961782;-1951323.756;2841786.837;E;False; ; ;0; ; ; ; ; ; 
TRACK;1.5.14-61;-16.48183746;-71.49701226;-1951310.973;2841692.546;E;False; ; ;0; ; ; ; ; ; 
TRACK;1.5.14-62; ; ;-1.516416327;20763369.87;E; ; ; ; ; ; ; ; ; ; 
TRACK;1.5.14-62;-16.48243572;-71.49701477;-1951381.223;2841684.399;E;False; ; ;0; ; ; ; ; ; 
TRACK;1.5.14-62;-16.48244513;-71.49618747;-1951392.819;2841778.047;E;False; ; ;0; ; ; ; ; ; 
TRACK;1.5.14-62;-16.48217753;-71.49617939;-1951361.485;2841782.48;E;False; ; ;0; ; ; ; ; ; 
TRACK;1.5.14-62;-16.48216107;-71.49701333;-1951348.977;2841688.171;E;False; ; ;0; ; ; ; ; ; 
TRACK;1.5.14-63; ; ;-1.516416327;20763369.87;E; ; ; ; ; ; ; ; ; ; 
TRACK;1.5.14-63;-16.48276469;-71.49702494;-1951419.74;2841678.922;E;False; ; ;0; ; ; ; ; ; 
TRACK;1.5.14-63;-16.48278175;-71.49618094;-1951432.447;2841774.363;E;False; ; ;0; ; ; ; ; ; 
TRACK;1.5.14-63;-16.48250476;-71.49617473;-1951399.986;2841778.707;E;False; ; ;0; ; ; ; ; ; 
TRACK;1.5.14-63;-16.48248177;-71.49702362;-1951386.52;2841682.79;E;False; ; ;0; ; ; ; ; ; 
TRACK;1.5.14-64; ; ;-1.516416327;20763369.87;E; ; ; ; ; ; ; ; ; ; 
TRACK;1.5.14-64;-16.48309352;-71.49703508;-1951458.242;2841673.452;E;False; ; ;0; ; ; ; ; ; 
TRACK;1.5.14-64;-16.48310763;-71.49618575;-1951470.67;2841769.534;E;False; ; ;0; ; ; ; ; ; 
TRACK;1.5.14-64;-16.48283342;-71.49619387;-1951438.354;2841772.219;E;False; ; ;0; ; ; ; ; ; 
TRACK;1.5.14-64;-16.4828131;-71.49702773;-1951425.392;2841677.97;E;False; ; ;0; ; ; ; ; ; 
TRACK;1.5.14-65; ; ;-1.516416327;20763369.87;E; ; ; ; ; ; ; ; ; ; 
TRACK;1.5.14-65;-16.48342793;-71.49703491;-1951497.529;2841669.076;E;False; ; ;0; ; ; ; ; ; 
TRACK;1.5.14-65;-16.48342808;-71.49620286;-1951508.098;2841763.383;E;False; ; ;0; ; ; ; ; ; 
TRACK;1.5.14-65;-16.48315953;-71.49619724;-1951476.621;2841767.551;E;False; ; ;0; ; ; ; ; ; 
TRACK;1.5.14-65;-16.48314335;-71.49702646;-1951464.205;2841673.773;E;False; ; ;0; ; ; ; ; ; 
TRACK;1.5.14-66; ; ;-1.516416327;20763369.87;E; ; ; ; ; ; ; ; ; ; 
TRACK;1.5.14-66;-16.4833846;-71.49794017;-1951480.96;2841567.038;E;False; ; ;0; ; ; ; ; ; 
TRACK;1.5.14-66;-16.48340851;-71.49709806;-1951494.447;2841662.173;E;False; ; ;0; ; ; ; ; ; 
TRACK;1.5.14-66;-16.48313622;-71.49709566;-1951462.49;2841666.024;E;False; ; ;0; ; ; ; ; ; 
TRACK;1.5.14-66;-16.48312887;-71.49792371;-1951451.127;2841572.264;E;False; ; ;0; ; ; ; ; ; 
TRACK;1.5.14-67; ; ;-1.516416327;20763369.87;E; ; ; ; ; ; ; ; ; ; 
TRACK;1.5.14-67;-16.48307173;-71.49792486;-1951444.399;2841572.885;E;False; ; ;0; ; ; ; ; ; 
TRACK;1.5.14-67;-16.48308948;-71.49708782;-1951457.098;2841667.526;E;False; ; ;0; ; ; ; ; ; 
TRACK;1.5.14-67;-16.48281374;-71.49708617;-1951424.727;2841671.338;E;False; ; ;0; ; ; ; ; ; 
TRACK;1.5.14-67;-16.48280421;-71.49793564;-1951412.835;2841575.179;E;False; ; ;0; ; ; ; ; ; 
TRACK;1.5.14-68; ; ;-1.516416327;20763369.87;E; ; ; ; ; ; ; ; ; ; 
TRACK;1.5.14-68;-16.48275812;-71.49708774;-1951418.172;2841671.891;E;False; ; ;0; ; ; ; ; ; 
TRACK;1.5.14-68;-16.48249301;-71.49708902;-1951387.012;2841675.23;E;False; ; ;0; ; ; ; ; ; 
TRACK;1.5.14-68;-16.48249201;-71.49789849;-1951376.63;2841583.492;E;False; ; ;0; ; ; ; ; ; 
TRACK;1.5.14-68;-16.48273863;-71.49791243;-1951405.425;2841578.671;E;False; ; ;0; ; ; ; ; ; 
TRACK;1.5.14-69; ; ;-1.516416327;20763369.87;E; ; ; ; ; ; ; ; ; ; 
TRACK;1.5.14-69;-16.48242725;-71.49707931;-1951379.41;2841677.194;E;False; ; ;0; ; ; ; ; ; 
TRACK;1.5.14-69;-16.48215;-71.49707724;-1951346.866;2841681.073;E;False; ; ;0; ; ; ; ; ; 
TRACK;1.5.14-69;-16.48215278;-71.49791656;-1951336.551;2841585.902;E;False; ; ;0; ; ; ; ; ; 
TRACK;1.5.14-69;-16.48242012;-71.49791929;-1951367.922;2841582.08;E;False; ; ;0; ; ; ; ; ; 
TRACK;1.5.14-70; ; ;-1.516416327;20763369.87;E; ; ; ; ; ; ; ; ; ; 
TRACK;1.5.14-70;-16.48210276;-71.49707774;-1951341.31;2841681.637;E;False; ; ;0; ; ; ; ; ; 
TRACK;1.5.14-70;-16.4818419;-71.49707511;-1951310.698;2841685.363;E;False; ; ;0; ; ; ; ; ; 
TRACK;1.5.14-70;-16.48182991;-71.49790865;-1951298.721;2841591.041;E;False; ; ;0; ; ; ; ; ; 
TRACK;1.5.14-70;-16.48210019;-71.49791897;-1951330.342;2841586.32;E;False; ; ;0; ; ; ; ; ; 
TRACK;1.5.14-72; ; ;-1.516416327;20763369.87;E; ; ; ; ; ; ; ; ; ; 
TRACK;1.5.14-72;-16.48148127;-71.49795792;-1951257.14;2841590.038;E;False; ; ;0; ; ; ; ; ; 
TRACK;1.5.14-72;-16.48148673;-71.49830137;-1951253.427;2841551.037;E;False; ; ;0; ; ; ; ; ; 
TRACK;1.5.14-72;-16.4817534;-71.49838574;-1951283.684;2841537.971;E;False; ; ;0; ; ; ; ; ; 
TRACK;1.5.14-72;-16.48177541;-71.49796744;-1951291.573;2841585.095;E;False; ; ;0; ; ; ; ; ; 
TRACK;1.5.14-73; ; ;-1.516416327;20763369.87;E; ; ; ; ; ; ; ; ; ; 
TRACK;1.5.14-73;-16.48182819;-71.49796552;-1951297.798;2841584.618;E;False; ; ;0; ; ; ; ; ; 
TRACK;1.5.14-73;-16.48183198;-71.49842683;-1951292.394;2841532.28;E;False; ; ;0; ; ; ; ; ; 
TRACK;1.5.14-73;-16.48209123;-71.49862054;-1951320.394;2841506.917;E;False; ; ;0; ; ; ; ; ; 
TRACK;1.5.14-73;-16.48210168;-71.49798152;-1951329.724;2841579.211;E;False; ; ;0; ; ; ; ; ; 
TRACK;1.5.14-74; ; ;-1.516416327;20763369.87;E; ; ; ; ; ; ; ; ; ; 
TRACK;1.5.14-74;-16.48213539;-71.49796987;-1951333.832;2841580.088;E;False; ; ;0; ; ; ; ; ; 
TRACK;1.5.14-74;-16.48213892;-71.49868408;-1951325.191;2841499.089;E;False; ; ;0; ; ; ; ; ; 
TRACK;1.5.14-74;-16.48240435;-71.4988245;-1951354.592;2841479.684;E;False; ; ;0; ; ; ; ; ; 
TRACK;1.5.14-74;-16.48241511;-71.49798045;-1951366.557;2841575.213;E;False; ; ;0; ; ; ; ; ; 
TRACK;1.5.14-75; ; ;-1.516416327;20763369.87;E; ; ; ; ; ; ; ; ; ; 
TRACK;1.5.14-75;-16.48246908;-71.49797875;-1951372.919;2841574.697;E;False; ; ;0; ; ; ; ; ; 
TRACK;1.5.14-75;-16.48247286;-71.49880937;-1951362.831;2841480.499;E;False; ; ;0; ; ; ; ; ; 
TRACK;1.5.14-75;-16.48274743;-71.49882567;-1951394.88;2841475.044;E;False; ; ;0; ; ; ; ; ; 
TRACK;1.5.14-75;-16.48274785;-71.49797641;-1951405.698;2841571.298;E;False; ; ;0; ; ; ; ; ; 
TRACK;1.5.14-76; ; ;-1.516416327;20763369.87;E; ; ; ; ; ; ; ; ; ; 
TRACK;1.5.14-76;-16.4830662;-71.49882099;-1951432.387;2841471.386;E;False; ; ;0; ; ; ; ; ; 
TRACK;1.5.14-76;-16.48307037;-71.49799136;-1951443.396;2841565.365;E;False; ; ;0; ; ; ; ; ; 
TRACK;1.5.14-76;-16.48280091;-71.49798931;-1951411.767;2841569.138;E;False; ; ;0; ; ; ; ; ; 
TRACK;1.5.14-76;-16.48279767;-71.49881787;-1951400.881;2841475.267;E;False; ; ;0; ; ; ; ; ; 
TRACK;1.5.14-77; ; ;-1.516416327;20763369.87;E; ; ; ; ; ; ; ; ; ; 
TRACK;1.5.14-77;-16.48339245;-71.49882521;-1951470.659;2841466.62;E;False; ; ;0; ; ; ; ; ; 
TRACK;1.5.14-77;-16.48338951;-71.49800042;-1951480.772;2841560.144;E;False; ; ;0; ; ; ; ; ; 
TRACK;1.5.14-77;-16.48313365;-71.49799854;-1951450.739;2841563.72;E;False; ; ;0; ; ; ; ; ; 
TRACK;1.5.14-77;-16.48312721;-71.49882611;-1951439.49;2841470.002;E;False; ; ;0; ; ; ; ; ; 
TRACK;1.5.14-78; ; ;-1.516416327;20763369.87;E; ; ; ; ; ; ; ; ; ; 
TRACK;1.5.14-78;-16.48337104;-71.49955039;-1951458.95;2841384.705;E;False; ; ;0; ; ; ; ; ; 
TRACK;1.5.14-78;-16.48338169;-71.49889497;-1951468.511;2841458.853;E;False; ; ;0; ; ; ; ; ; 
TRACK;1.5.14-78;-16.48311122;-71.49888625;-1951436.848;2841463.397;E;False; ; ;0; ; ; ; ; ; 
TRACK;1.5.14-78;-16.48310845;-71.49938319;-1951430.222;2841407.108;E;False; ; ;0; ; ; ; ; ; 
TRACK;1.5.14-79; ; ;-1.516416327;20763369.87;E; ; ; ; ; ; ; ; ; ; 
TRACK;1.5.14-79;-16.48278914;-71.49888709;-1951399.002;2841467.533;E;False; ; ;0; ; ; ; ; ; 
TRACK;1.5.14-79;-16.4827846;-71.49915229;-1951395.105;2841437.534;E;False; ; ;0; ; ; ; ; ; 
TRACK;1.5.14-79;-16.48304539;-71.49930902;-1951423.754;2841416.342;E;False; ; ;0; ; ; ; ; ; 
TRACK;1.5.14-79;-16.4830592;-71.49889749;-1951430.594;2841462.807;E;False; ; ;0; ; ; ; ; ; 
TRACK;1.5.14-80; ; ;-1.516416327;20763369.87;E; ; ; ; ; ; ; ; ; ; 
TRACK;1.5.14-80;-16.48249487;-71.49887079;-1951364.639;2841473.249;E;False; ; ;0; ; ; ; ; ; 
TRACK;1.5.14-80;-16.48249855;-71.49892368;-1951364.401;2841467.205;E;False; ; ;0; ; ; ; ; ; 
TRACK;1.5.14-80;-16.48272615;-71.49907085;-1951389.272;2841447.533;E;False; ; ;0; ; ; ; ; ; 
TRACK;1.5.14-80;-16.48273497;-71.49888193;-1951392.703;2841468.83;E;False; ; ;0; ; ; ; ; ; 
TRACK;1.5.14-81; ; ;-1.516416327;20763369.87;E; ; ; ; ; ; ; ; ; ; 
TRACK;1.5.14-81;-16.48161047;-71.49839361;-1951266.794;2841538.957;E;False; ; ;0; ; ; ; ; ; 
TRACK;1.5.14-81;-16.48151312;-71.49837212;-1951255.63;2841542.671;E;False; ; ;0; ; ; ; ; ; 
TRACK;1.5.14-81;-16.48139386;-71.49853568;-1951239.546;2841525.699;E;False; ; ;0; ; ; ; ; ; 
TRACK;1.5.14-81;-16.48184051;-71.49886494;-1951287.842;2841482.511;E;False; ; ;0; ; ; ; ; ; 
TRACK;1.5.14-81;-16.48198396;-71.49866627;-1951307.212;2841503.144;E;False; ; ;0; ; ; ; ; ; 
TRACK;1.5.14-82; ; ;-1.516416327;20763369.87;E; ; ; ; ; ; ; ; ; ; 
TRACK;1.5.14-82;-16.48124888;-71.49864082;-1951221.181;2841515.687;E;False; ; ;0; ; ; ; ; ; 
TRACK;1.5.14-82;-16.48176522;-71.49905453;-1951276.594;2841462.01;E;False; ; ;0; ; ; ; ; ; 
TRACK;1.5.14-82;-16.48184346;-71.49894629;-1951287.157;2841473.251;E;False; ; ;0; ; ; ; ; ; 
TRACK;1.5.14-82;-16.48132336;-71.49854626;-1951231.129;2841525.427;E;False; ; ;0; ; ; ; ; ; 
TRACK;1.5.15-3; ; ;-1.516416327;20763369.87;E; ; ; ; ; ; ; ; ; ; 
TRACK;1.5.15-3;-16.48500272;-71.49505017;-1951707.701;2841873.339;E;False; ; ;0; ; ; ; ; ; 
TRACK;1.5.15-3;-16.48660136;-71.49510622;-1951894.794;2841845.97;E;False; ; ;0; ; ; ; ; ; 
TRACK;1.5.15-3;-16.48619755;-71.49369172;-1951865.297;2842011.606;E;False; ; ;0; ; ; ; ; ; 
TRACK;1.5.15-3;-16.4860537;-71.49320936;-1951854.517;2842068.172;E;False; ; ;0; ; ; ; ; ; 
TRACK;1.5.15-3;-16.48412427;-71.49317783;-1951628.25;2842097.111;E;False; ; ;0; ; ; ; ; ; 
TRACK;1.5.15-3;-16.48366785;-71.49316545;-1951574.788;2842104.515;E;False; ; ;0; ; ; ; ; ; 
TRACK;1.5.15-3;-16.48364564;-71.49506428;-1951548.096;2841889.579;E;False; ; ;0; ; ; ; ; ; 
TRACK;1.5.15-4; ; ;-1.516416327;20763369.87;E; ; ; ; ; ; ; ; ; ; 
TRACK;1.5.15-4;-16.48659419;-71.49706118;-1951869.155;2841624.48;E;False; ; ;0; ; ; ; ; ; 
TRACK;1.5.15-4;-16.48662044;-71.4959671;-1951886.116;2841748.142;E;False; ; ;0; ; ; ; ; ; 
TRACK;1.5.15-4;-16.48662296;-71.49520819;-1951896.037;2841834.128;E;False; ; ;0; ; ; ; ; ; 
TRACK;1.5.15-4;-16.48451152;-71.49513361;-1951648.938;2841870.338;E;False; ; ;0; ; ; ; ; ; 
TRACK;1.5.15-4;-16.48364624;-71.49516605;-1951546.876;2841878.035;E;False; ; ;0; ; ; ; ; ; 
TRACK;1.5.15-4;-16.48359634;-71.49701056;-1951517.622;2841669.623;E;False; ; ;0; ; ; ; ; ; 
TRACK;1.5.15-5; ; ;-1.516416327;20763369.87;E; ; ; ; ; ; ; ; ; ; 
TRACK;1.5.15-5;-16.48596372;-71.49905635;-1951769.787;2841406.629;E;False; ; ;0; ; ; ; ; ; 
TRACK;1.5.15-5;-16.48697015;-71.49904553;-1951888.154;2841394.626;E;False; ; ;0; ; ; ; ; ; 
TRACK;1.5.15-5;-16.48696424;-71.49862326;-1951892.816;2841442.565;E;False; ; ;0; ; ; ; ; ; 
TRACK;1.5.15-5;-16.48675868;-71.4980797;-1951875.561;2841506.876;E;False; ; ;0; ; ; ; ; ; 
TRACK;1.5.15-5;-16.48659396;-71.4976339;-1951861.865;2841559.57;E;False; ; ;0; ; ; ; ; ; 
TRACK;1.5.15-5;-16.48663578;-71.49726065;-1951871.511;2841601.325;E;False; ; ;0; ; ; ; ; ; 
TRACK;1.5.15-5;-16.48658561;-71.49717385;-1951866.719;2841611.823;E;False; ; ;0; ; ; ; ; ; 
TRACK;1.5.15-5;-16.48357505;-71.4971338;-1951513.558;2841655.933;E;False; ; ;0; ; ; ; ; ; 
TRACK;1.5.15-5;-16.48353435;-71.49899911;-1951485.125;2841445.044;E;False; ; ;0; ; ; ; ; ; 
TRACK;1.5.15-6; ; ;-1.516416327;20763369.87;E; ; ; ; ; ; ; ; ; ; 
TRACK;1.5.15-6;-16.48659357;-71.50143026;-1951813.677;2841129.286;E;False; ; ;0; ; ; ; ; ; 
TRACK;1.5.15-6;-16.48696412;-71.4991936;-1951885.568;2841377.923;E;False; ; ;0; ; ; ; ; ; 
TRACK;1.5.15-6;-16.4858345;-71.49915598;-1951753.344;2841397.035;E;False; ; ;0; ; ; ; ; ; 
TRACK;1.5.15-6;-16.48355006;-71.49911098;-1951485.551;2841432.158;E;False; ; ;0; ; ; ; ; ; 
TRACK;1.5.15-6;-16.48351305;-71.50101694;-1951457.038;2841216.614;E;False; ; ;0; ; ; ; ; ; 
TRACK;1.5.15-6;-16.48389317;-71.50114173;-1951500.11;2841197.475;E;False; ; ;0; ; ; ; ; ; 
TRACK;1.5.15-6;-16.48533113;-71.50126673;-1951667.448;2841164.411;E;False; ; ;0; ; ; ; ; ; 
TRACK;1.5.15-7; ; ;-1.516416327;20763369.87;E; ; ; ; ; ; ; ; ; ; 
TRACK;1.5.15-7;-16.483038;-71.50087931;-1951402.977;2841238.456;E;False; ; ;0; ; ; ; ; ; 
TRACK;1.5.15-7;-16.48339076;-71.50095553;-1951443.451;2841225.182;E;False; ; ;0; ; ; ; ; ; 
TRACK;1.5.15-7;-16.48338948;-71.49966038;-1951459.721;2841371.996;E;False; ; ;0; ; ; ; ; ; 
TRACK;1.5.15-7;-16.48209037;-71.49870042;-1951319.28;2841497.874;E;False; ; ;0; ; ; ; ; ; 
TRACK;1.5.15-7;-16.48174074;-71.49927928;-1951270.868;2841436.858;E;False; ; ;0; ; ; ; ; ; 
TRACK;1.5.15-7;-16.48259075;-71.49977626;-1951364.422;2841369.358;E;False; ; ;0; ; ; ; ; ; 
TRACK;1.5.15-7;-16.48292543;-71.5005046;-1951394.504;2841282.406;E;False; ; ;0; ; ; ; ; ; 
TRACK;1.5.1-1; ; ;-1.516416327;20763369.87;NA; ; ; ; ; ; ; ; ; ; 
TRACK;1.5.1-1;-16.48262875;-71.46878107;-1951762.2;2844882.316;NA;False; ; ;0; ; ; ; ; ; 
TRACK;1.5.1-1;-16.48264968;-71.46885912;-1951763.668;2844873.192;NA;False; ; ;0; ; ; ; ; ; 
TRACK;1.5.1-1;-16.482703;-71.46883378;-1951770.254;2844875.363;NA;False; ; ;0; ; ; ; ; ; 
TRACK;1.5.1-1;-16.48280451;-71.4687978;-1951782.638;2844878.106;NA;False; ; ;0; ; ; ; ; ; 
TRACK;1.5.1-1;-16.48308173;-71.46890682;-1951813.826;2844862.098;NA;False; ; ;0; ; ; ; ; ; 
TRACK;1.5.1-1;-16.4833263;-71.46840488;-1951848.937;2844915.78;NA;False; ; ;0; ; ; ; ; ; 
TRACK;1.5.1-1;-16.48356571;-71.46785783;-1951884.015;2844974.644;NA;False; ; ;0; ; ; ; ; ; 
TRACK;1.5.1-1;-16.48362378;-71.46765595;-1951893.402;2844996.766;NA;False; ; ;0; ; ; ; ; ; 
TRACK;1.5.1-1;-16.48360172;-71.46755011;-1951892.154;2845009.055;NA;False; ; ;0; ; ; ; ; ; 
TRACK;1.5.1-1;-16.4835413;-71.46745334;-1951886.284;2845020.821;NA;False; ; ;0; ; ; ; ; ; 
TRACK;1.5.1-1;-16.48330716;-71.46731667;-1951860.51;2845039.396;NA;False; ; ;0; ; ; ; ; ; 
TRACK;1.5.1-1;-16.48299722;-71.46711642;-1951826.637;2845066.179;NA;False; ; ;0; ; ; ; ; ; 
TRACK;1.5.1-1;-16.48283219;-71.46720326;-1951806.143;2845058.506;NA;False; ; ;0; ; ; ; ; ; 
TRACK;1.5.1-1;-16.48308156;-71.46740815;-1951832.841;2845031.997;NA;False; ; ;0; ; ; ; ; ; 
TRACK;1.5.1-1;-16.48333853;-71.46758684;-1951860.764;2845008.356;NA;False; ; ;0; ; ; ; ; ; 
TRACK;1.5.1-1;-16.4834132;-71.46768424;-1951868.3;2844996.331;NA;False; ; ;0; ; ; ; ; ; 
TRACK;1.5.1-1;-16.4834231;-71.46776821;-1951868.397;2844986.682;NA;False; ; ;0; ; ; ; ; ; 
TRACK;1.5.1-1;-16.48329482;-71.46799378;-1951850.46;2844962.799;NA;False; ; ;0; ; ; ; ; ; 
TRACK;1.5.1-1;-16.48292516;-71.46858208;-1951799.554;2844900.972;NA;False; ; ;0; ; ; ; ; ; 
TRACK;1.5.1-1;-16.48284601;-71.46856633;-1951790.455;2844903.8;NA;False; ; ;0; ; ; ; ; ; 
TRACK;1.5.1-1;-16.48267246;-71.46853948;-1951770.404;2844909.128;NA;False; ; ;0; ; ; ; ; ; 
TRACK;1.5.1-2; ; ;-1.516416327;20763369.87;NA; ; ; ; ; ; ; ; ; ; 
TRACK;1.5.1-2;-16.48048154;-71.47195719;-1951469.582;2844550.517;NA;False; ; ;0; ; ; ; ; ; 
TRACK;1.5.1-2;-16.48057016;-71.47201536;-1951479.256;2844542.755;NA;False; ; ;0; ; ; ; ; ; 
TRACK;1.5.1-2;-16.48060348;-71.47212004;-1951481.842;2844530.45;NA;False; ; ;0; ; ; ; ; ; 
TRACK;1.5.1-2;-16.48108837;-71.47234969;-1951535.897;2844498.035;NA;False; ; ;0; ; ; ; ; ; 
TRACK;1.5.1-2;-16.48088464;-71.47164463;-1951520.913;2844580.644;NA;False; ; ;0; ; ; ; ; ; 
TRACK;1.5.1-2;-16.48084493;-71.47148221;-1951518.309;2844599.58;NA;False; ; ;0; ; ; ; ; ; 
TRACK;1.5.1-2;-16.48094636;-71.47131472;-1951532.354;2844617.233;NA;False; ; ;0; ; ; ; ; ; 
TRACK;1.5.1-2;-16.48110824;-71.47143584;-1951549.836;2844601.372;NA;False; ; ;0; ; ; ; ; ; 
TRACK;1.5.1-2;-16.4813156;-71.47144151;-1951574.127;2844598;NA;False; ; ;0; ; ; ; ; ; 
TRACK;1.5.1-2;-16.48154513;-71.47128833;-1951603.04;2844612.344;NA;False; ; ;0; ; ; ; ; ; 
TRACK;1.5.1-2;-16.48184157;-71.47099763;-1951641.561;2844641.398;NA;False; ; ;0; ; ; ; ; ; 
TRACK;1.5.1-2;-16.48200449;-71.4708232;-1951662.918;2844659.028;NA;False; ; ;0; ; ; ; ; ; 
TRACK;1.5.1-2;-16.48232343;-71.47053778;-1951704.016;2844687.186;NA;False; ; ;0; ; ; ; ; ; 
TRACK;1.5.1-2;-16.48237347;-71.47032161;-1951712.641;2844711.034;NA;False; ; ;0; ; ; ; ; ; 
TRACK;1.5.1-2;-16.48266281;-71.46979955;-1951753.267;2844766.408;NA;False; ; ;0; ; ; ; ; ; 
TRACK;1.5.1-2;-16.48288226;-71.46966055;-1951780.816;2844779.277;NA;False; ; ;0; ; ; ; ; ; 
TRACK;1.5.1-2;-16.48330722;-71.46937848;-1951834.33;2844805.66;NA;False; ; ;0; ; ; ; ; ; 
TRACK;1.5.1-2;-16.48348373;-71.46925453;-1951856.642;2844817.387;NA;False; ; ;0; ; ; ; ; ; 
TRACK;1.5.1-2;-16.4834168;-71.46880885;-1951854.439;2844868.793;NA;False; ; ;0; ; ; ; ; ; 
TRACK;1.5.1-2;-16.48358519;-71.46851662;-1951877.936;2844899.704;NA;False; ; ;0; ; ; ; ; ; 
TRACK;1.5.1-2;-16.48376269;-71.46839004;-1951900.399;2844911.717;NA;False; ; ;0; ; ; ; ; ; 
TRACK;1.5.1-2;-16.48390062;-71.46788702;-1951922.994;2844966.926;NA;False; ; ;0; ; ; ; ; ; 
TRACK;1.5.1-2;-16.48370038;-71.46764251;-1951902.572;2844997.281;NA;False; ; ;0; ; ; ; ; ; 
TRACK;1.5.1-2;-16.48356336;-71.4680153;-1951881.739;2844956.823;NA;False; ; ;0; ; ; ; ; ; 
TRACK;1.5.1-2;-16.48339615;-71.46839569;-1951857.26;2844915.902;NA;False; ; ;0; ; ; ; ; ; 
TRACK;1.5.1-2;-16.48322441;-71.46881436;-1951831.764;2844870.7;NA;False; ; ;0; ; ; ; ; ; 
TRACK;1.5.1-2;-16.48302589;-71.46912546;-1951804.488;2844838.046;NA;False; ; ;0; ; ; ; ; ; 
TRACK;1.5.1-2;-16.48276762;-71.46939954;-1951770.661;2844810.375;NA;False; ; ;0; ; ; ; ; ; 
TRACK;1.5.1-2;-16.48253375;-71.46965997;-1951739.875;2844783.93;NA;False; ; ;0; ; ; ; ; ; 
TRACK;1.5.1-2;-16.48211706;-71.47036209;-1951682;2844709.82;NA;False; ; ;0; ; ; ; ; ; 
TRACK;1.5.1-2;-16.48193909;-71.47059947;-1951658.075;2844685.252;NA;False; ; ;0; ; ; ; ; ; 
TRACK;1.5.1-2;-16.48165756;-71.47076949;-1951622.838;2844669.682;NA;False; ; ;0; ; ; ; ; ; 
TRACK;1.5.1-2;-16.48144596;-71.47082242;-1951597.305;2844666.467;NA;False; ; ;0; ; ; ; ; ; 
TRACK;1.5.1-2;-16.48124192;-71.47085129;-1951572.964;2844665.88;NA;False; ; ;0; ; ; ; ; ; 
TRACK;1.5.1-2;-16.4809668;-71.47102914;-1951538.381;2844649.339;NA;False; ; ;0; ; ; ; ; ; 
TRACK;1.5.1-2;-16.48076266;-71.47116153;-1951512.715;2844637.016;NA;False; ; ;0; ; ; ; ; ; 
TRACK;1.5.1-2;-16.48050376;-71.47125342;-1951481.128;2844630.006;NA;False; ; ;0; ; ; ; ; ; 
TRACK;1.5.1-2;-16.4800737;-71.47148909;-1951427.607;2844608.949;NA;False; ; ;0; ; ; ; ; ; 
TRACK;1.5.1-2;-16.47992426;-71.4716561;-1951407.928;2844591.982;NA;False; ; ;0; ; ; ; ; ; 
TRACK;1.5.1-2;-16.48018321;-71.4718178;-1951436.3;2844570.244;NA;False; ; ;0; ; ; ; ; ; 
TRACK;1.5.1-2;-16.48032669;-71.47189321;-1951452.201;2844559.807;NA;False; ; ;0; ; ; ; ; ; 
TRACK;1.5.1-3; ; ;-1.516416327;20763369.87;NA; ; ; ; ; ; ; ; ; ; 
TRACK;1.5.1-3;-16.48068966;-71.47112529;-1951504.598;2844642.085;NA;False; ; ;0; ; ; ; ; ; 
TRACK;1.5.1-3;-16.48101998;-71.47091007;-1951546.141;2844662.137;NA;False; ; ;0; ; ; ; ; ; 
TRACK;1.5.1-3;-16.48114826;-71.47083209;-1951562.203;2844669.288;NA;False; ; ;0; ; ; ; ; ; 
TRACK;1.5.1-3;-16.48131756;-71.47077166;-1951582.862;2844673.911;NA;False; ; ;0; ; ; ; ; ; 
TRACK;1.5.1-3;-16.48156528;-71.47072919;-1951612.508;2844675.465;NA;False; ; ;0; ; ; ; ; ; 
TRACK;1.5.1-3;-16.48174809;-71.47065772;-1951634.894;2844681.162;NA;False; ; ;0; ; ; ; ; ; 
TRACK;1.5.1-3;-16.48203204;-71.47041198;-1951671.377;2844705.283;NA;False; ; ;0; ; ; ; ; ; 
TRACK;1.5.1-3;-16.48233762;-71.46986597;-1951714.215;2844763.158;NA;False; ; ;0; ; ; ; ; ; 
TRACK;1.5.1-3;-16.48253802;-71.46957961;-1951741.398;2844792.984;NA;False; ; ;0; ; ; ; ; ; 
TRACK;1.5.1-3;-16.48279574;-71.46929178;-1951775.334;2844822.221;NA;False; ; ;0; ; ; ; ; ; 
TRACK;1.5.1-3;-16.48290482;-71.46920036;-1951789.311;2844831.15;NA;False; ; ;0; ; ; ; ; ; 
TRACK;1.5.1-3;-16.48305201;-71.46897302;-1951809.493;2844854.984;NA;False; ; ;0; ; ; ; ; ; 
TRACK;1.5.1-3;-16.48290767;-71.46888817;-1951793.611;2844866.502;NA;False; ; ;0; ; ; ; ; ; 
TRACK;1.5.1-3;-16.48278643;-71.4688726;-1951779.564;2844869.864;NA;False; ; ;0; ; ; ; ; ; 
TRACK;1.5.1-3;-16.48265449;-71.46899425;-1951762.517;2844857.81;NA;False; ; ;0; ; ; ; ; ; 
TRACK;1.5.1-3;-16.48210998;-71.46950381;-1951692.068;2844807.211;NA;False; ; ;0; ; ; ; ; ; 
TRACK;1.5.1-3;-16.48183263;-71.47005003;-1951652.544;2844748.939;NA;False; ; ;0; ; ; ; ; ; 
TRACK;1.5.1-3;-16.48183498;-71.47014756;-1951651.581;2844737.852;NA;False; ; ;0; ; ; ; ; ; 
TRACK;1.5.1-3;-16.48187063;-71.47023975;-1951654.599;2844726.932;NA;False; ; ;0; ; ; ; ; ; 
TRACK;1.5.1-3;-16.48173206;-71.47031048;-1951637.42;2844720.737;NA;False; ; ;0; ; ; ; ; ; 
TRACK;1.5.1-3;-16.4814339;-71.47033619;-1951602.062;2844721.747;NA;False; ; ;0; ; ; ; ; ; 
TRACK;1.5.1-3;-16.4812277;-71.47034909;-1951577.671;2844722.998;NA;False; ; ;0; ; ; ; ; ; 
TRACK;1.5.1-3;-16.48118707;-71.47045871;-1951571.504;2844711.106;NA;False; ; ;0; ; ; ; ; ; 
TRACK;1.5.1-3;-16.48095232;-71.4705871;-1951542.293;2844699.64;NA;False; ; ;0; ; ; ; ; ; 
TRACK;1.5.1-3;-16.4804766;-71.47095464;-1951481.732;2844664.236;NA;False; ; ;0; ; ; ; ; ; 
TRACK;1.5.1-3;-16.48038318;-71.47096867;-1951470.577;2844663.874;NA;False; ; ;0; ; ; ; ; ; 
TRACK;1.5.1-3;-16.48043325;-71.47121609;-1951473.318;2844635.167;NA;False; ; ;0; ; ; ; ; ; 
TRACK;1.5.1-4; ; ;-1.516416327;20763369.87;NA; ; ; ; ; ; ; ; ; ; 
TRACK;1.5.1-4;-16.48101581;-71.47333653;-1951514.842;2844387.118;NA;False; ; ;0; ; ; ; ; ; 
TRACK;1.5.1-4;-16.48087948;-71.472293;-1951512.074;2844507.211;NA;False; ; ;0; ; ; ; ; ; 
TRACK;1.5.1-4;-16.48060689;-71.47214772;-1951481.89;2844527.267;NA;False; ; ;0; ; ; ; ; ; 
TRACK;1.5.1-4;-16.48056093;-71.47213071;-1951476.707;2844529.801;NA;False; ; ;0; ; ; ; ; ; 
TRACK;1.5.1-4;-16.48051901;-71.47204504;-1951472.869;2844540.065;NA;False; ; ;0; ; ; ; ; ; 
TRACK;1.5.1-4;-16.48044809;-71.47198535;-1951465.294;2844547.764;NA;False; ; ;0; ; ; ; ; ; 
TRACK;1.5.1-4;-16.480369;-71.47194719;-1951456.486;2844553.131;NA;False; ; ;0; ; ; ; ; ; 
TRACK;1.5.1-4;-16.48024141;-71.47192216;-1951441.813;2844557.647;NA;False; ; ;0; ; ; ; ; ; 
TRACK;1.5.1-4;-16.48028171;-71.47246285;-1951439.683;2844495.822;NA;False; ; ;0; ; ; ; ; ; 
TRACK;1.5.1-4;-16.48042996;-71.47335402;-1951445.787;2844392.845;NA;False; ; ;0; ; ; ; ; ; 
TRACK;1.5.1-5; ; ;-1.516416327;20763369.87;NA; ; ; ; ; ; ; ; ; ; 
TRACK;1.5.1-5;-16.47754489;-71.4757042;-1951076.981;2844164.376;NA;False; ; ;0; ; ; ; ; ; 
TRACK;1.5.1-5;-16.47762188;-71.47620137;-1951079.717;2844107.003;NA;False; ; ;0; ; ; ; ; ; 
TRACK;1.5.1-5;-16.47769296;-71.47681838;-1951080.237;2844036.121;NA;False; ; ;0; ; ; ; ; ; 
TRACK;1.5.1-5;-16.47773204;-71.47718978;-1951080.115;2843993.504;NA;False; ; ;0; ; ; ; ; ; 
TRACK;1.5.1-5;-16.47775044;-71.47747092;-1951078.709;2843961.391;NA;False; ; ;0; ; ; ; ; ; 
TRACK;1.5.1-5;-16.47804107;-71.47705439;-1951118.142;2844004.787;NA;False; ; ;0; ; ; ; ; ; 
TRACK;1.5.1-5;-16.47803432;-71.4767096;-1951121.724;2844043.963;NA;False; ; ;0; ; ; ; ; ; 
TRACK;1.5.1-5;-16.47790312;-71.47611269;-1951113.886;2844113.356;NA;False; ; ;0; ; ; ; ; ; 
TRACK;1.5.1-5;-16.47776896;-71.47498563;-1951112.428;2844242.889;NA;False; ; ;0; ; ; ; ; ; 
TRACK;1.5.1-5;-16.47768567;-71.47467097;-1951106.637;2844279.656;NA;False; ; ;0; ; ; ; ; ; 
TRACK;1.5.1-5;-16.47788673;-71.47446171;-1951132.915;2844300.734;NA;False; ; ;0; ; ; ; ; ; 
TRACK;1.5.1-5;-16.478281;-71.47430819;-1951181.188;2844312.951;NA;False; ; ;0; ; ; ; ; ; 
TRACK;1.5.1-5;-16.47894439;-71.47437241;-1951258.315;2844296.943;NA;False; ; ;0; ; ; ; ; ; 
TRACK;1.5.1-5;-16.47886907;-71.47366678;-1951258.423;2844377.927;NA;False; ; ;0; ; ; ; ; ; 
TRACK;1.5.1-5;-16.47898577;-71.47316238;-1951278.539;2844433.573;NA;False; ; ;0; ; ; ; ; ; 
TRACK;1.5.1-5;-16.47912597;-71.47280388;-1951299.562;2844472.369;NA;False; ; ;0; ; ; ; ; ; 
TRACK;1.5.1-5;-16.47965646;-71.47216552;-1951369.996;2844537.757;NA;False; ; ;0; ; ; ; ; ; 
TRACK;1.5.1-5;-16.47986644;-71.47212936;-1951395.126;2844539.093;NA;False; ; ;0; ; ; ; ; ; 
TRACK;1.5.1-5;-16.48023164;-71.47216139;-1951437.628;2844530.656;NA;False; ; ;0; ; ; ; ; ; 
TRACK;1.5.1-5;-16.48021437;-71.47186936;-1951439.306;2844563.989;NA;False; ; ;0; ; ; ; ; ; 
TRACK;1.5.1-5;-16.479891;-71.47168239;-1951403.687;2844589.44;NA;False; ; ;0; ; ; ; ; ; 
TRACK;1.5.1-5;-16.47976608;-71.4718047;-1951387.457;2844577.218;NA;False; ; ;0; ; ; ; ; ; 
TRACK;1.5.1-5;-16.47955691;-71.47191278;-1951361.508;2844567.718;NA;False; ; ;0; ; ; ; ; ; 
TRACK;1.5.1-5;-16.47930599;-71.47211445;-1951329.467;2844548.157;NA;False; ; ;0; ; ; ; ; ; 
TRACK;1.5.1-5;-16.47904023;-71.47235347;-1951295.207;2844524.558;NA;False; ; ;0; ; ; ; ; ; 
TRACK;1.5.1-5;-16.47885101;-71.47260785;-1951269.745;2844498.21;NA;False; ; ;0; ; ; ; ; ; 
TRACK;1.5.1-5;-16.47859783;-71.47297975;-1951235.277;2844459.38;NA;False; ; ;0; ; ; ; ; ; 
TRACK;1.5.1-5;-16.47837197;-71.47322125;-1951205.674;2844434.974;NA;False; ; ;0; ; ; ; ; ; 
TRACK;1.5.1-5;-16.47823065;-71.47330192;-1951188.046;2844427.689;NA;False; ; ;0; ; ; ; ; ; 
TRACK;1.5.1-5;-16.47808905;-71.47341201;-1951170.011;2844417.071;NA;False; ; ;0; ; ; ; ; ; 
TRACK;1.5.1-5;-16.4779755;-71.47350753;-1951155.457;2844407.737;NA;False; ; ;0; ; ; ; ; ; 
TRACK;1.5.1-5;-16.47787617;-71.47361801;-1951142.384;2844396.519;NA;False; ; ;0; ; ; ; ; ; 
TRACK;1.5.1-5;-16.47778385;-71.47372122;-1951130.227;2844386.033;NA;False; ; ;0; ; ; ; ; ; 
TRACK;1.5.1-5;-16.47771259;-71.47384667;-1951120.263;2844372.749;NA;False; ; ;0; ; ; ; ; ; 
TRACK;1.5.1-5;-16.47765451;-71.47407587;-1951110.529;2844347.53;NA;False; ; ;0; ; ; ; ; ; 
TRACK;1.5.1-5;-16.4775823;-71.47424641;-1951099.881;2844329.147;NA;False; ; ;0; ; ; ; ; ; 
TRACK;1.5.1-5;-16.47748137;-71.47439519;-1951086.133;2844313.608;NA;False; ; ;0; ; ; ; ; ; 
TRACK;1.5.1-5;-16.47739501;-71.47448468;-1951074.851;2844304.599;NA;False; ; ;0; ; ; ; ; ; 
TRACK;1.5.1-5;-16.47723789;-71.47453691;-1951055.728;2844300.745;NA;False; ; ;0; ; ; ; ; ; 
TRACK;1.5.1-5;-16.47727863;-71.47470883;-1951058.332;2844280.718;NA;False; ; ;0; ; ; ; ; ; 
TRACK;1.5.1-5;-16.47744342;-71.47492142;-1951074.995;2844254.451;NA;False; ; ;0; ; ; ; ; ; 
TRACK;1.5.1-6; ; ;-1.516416327;20763369.87;NA; ; ; ; ; ; ; ; ; ; 
TRACK;1.5.1-6;-16.47700336;-71.47471002;-1951025.975;2844284.205;NA;False; ; ;0; ; ; ; ; ; 
TRACK;1.5.1-6;-16.47686056;-71.47482705;-1951007.712;2844272.817;NA;False; ; ;0; ; ; ; ; ; 
TRACK;1.5.1-6;-16.47670072;-71.47496475;-1950987.184;2844259.308;NA;False; ; ;0; ; ; ; ; ; 
TRACK;1.5.1-6;-16.47657387;-71.4750819;-1950970.793;2844247.696;NA;False; ; ;0; ; ; ; ; ; 
TRACK;1.5.1-6;-16.4764417;-71.47522131;-1950953.495;2844233.63;NA;False; ; ;0; ; ; ; ; ; 
TRACK;1.5.1-6;-16.47633439;-71.47533224;-1950939.478;2844222.466;NA;False; ; ;0; ; ; ; ; ; 
TRACK;1.5.1-6;-16.47623513;-71.47545777;-1950926.223;2844209.542;NA;False; ; ;0; ; ; ; ; ; 
TRACK;1.5.1-6;-16.47614835;-71.47557093;-1950914.591;2844197.855;NA;False; ; ;0; ; ; ; ; ; 
TRACK;1.5.1-6;-16.47591447;-71.4757465;-1950884.884;2844181.027;NA;False; ; ;0; ; ; ; ; ; 
TRACK;1.5.1-6;-16.47576711;-71.4758709;-1950865.992;2844168.863;NA;False; ; ;0; ; ; ; ; ; 
TRACK;1.5.1-6;-16.47555862;-71.47601787;-1950839.631;2844154.943;NA;False; ; ;0; ; ; ; ; ; 
TRACK;1.5.1-6;-16.47564664;-71.47641283;-1950844.96;2844109.012;NA;False; ; ;0; ; ; ; ; ; 
TRACK;1.5.1-6;-16.47564127;-71.4765569;-1950842.501;2844092.749;NA;False; ; ;0; ; ; ; ; ; 
TRACK;1.5.1-6;-16.47586693;-71.47653447;-1950869.299;2844092.324;NA;False; ; ;0; ; ; ; ; ; 
TRACK;1.5.1-6;-16.47610929;-71.47661111;-1950896.801;2844080.449;NA;False; ; ;0; ; ; ; ; ; 
TRACK;1.5.1-6;-16.47601902;-71.47724943;-1950878.095;2844009.273;NA;False; ; ;0; ; ; ; ; ; 
TRACK;1.5.1-6;-16.47581127;-71.47751972;-1950850.256;2843981.364;NA;False; ; ;0; ; ; ; ; ; 
TRACK;1.5.1-6;-16.47545777;-71.47775449;-1950805.744;2843959.399;NA;False; ; ;0; ; ; ; ; ; 
TRACK;1.5.1-6;-16.47529446;-71.47796039;-1950783.945;2843938.204;NA;False; ; ;0; ; ; ; ; ; 
TRACK;1.5.1-6;-16.47539382;-71.4781759;-1950792.884;2843912.467;NA;False; ; ;0; ; ; ; ; ; 
TRACK;1.5.1-6;-16.4753668;-71.47836266;-1950787.339;2843891.65;NA;False; ; ;0; ; ; ; ; ; 
TRACK;1.5.1-6;-16.47519355;-71.47848828;-1950765.389;2843879.687;NA;False; ; ;0; ; ; ; ; ; 
TRACK;1.5.1-6;-16.47513941;-71.47861411;-1950757.432;2843866.135;NA;False; ; ;0; ; ; ; ; ; 
TRACK;1.5.1-6;-16.47527955;-71.47889862;-1950770.288;2843832.038;NA;False; ; ;0; ; ; ; ; ; 
TRACK;1.5.1-6;-16.47550579;-71.47893572;-1950796.397;2843824.858;NA;False; ; ;0; ; ; ; ; ; 
TRACK;1.5.1-6;-16.47560466;-71.47855254;-1950812.876;2843866.997;NA;False; ; ;0; ; ; ; ; ; 
TRACK;1.5.1-6;-16.47570248;-71.4782834;-1950827.784;2843896.221;NA;False; ; ;0; ; ; ; ; ; 
TRACK;1.5.1-6;-16.47589638;-71.4778274;-1950856.352;2843945.365;NA;False; ; ;0; ; ; ; ; ; 
TRACK;1.5.1-6;-16.47602927;-71.47767033;-1950873.957;2843961.422;NA;False; ; ;0; ; ; ; ; ; 
TRACK;1.5.1-6;-16.47626277;-71.47736182;-1950905.307;2843993.326;NA;False; ; ;0; ; ; ; ; ; 
TRACK;1.5.1-6;-16.4773652;-71.47786124;-1951028.493;2843922.211;NA;False; ; ;0; ; ; ; ; ; 
TRACK;1.5.1-6;-16.47730884;-71.47762288;-1951024.897;2843949.973;NA;False; ; ;0; ; ; ; ; ; 
TRACK;1.5.1-6;-16.47769381;-71.47747549;-1951071.997;2843961.618;NA;False; ; ;0; ; ; ; ; ; 
TRACK;1.5.1-6;-16.47764259;-71.4769028;-1951073.247;2844027.213;NA;False; ; ;0; ; ; ; ; ; 
TRACK;1.5.1-6;-16.4775741;-71.47626783;-1951073.26;2844100.096;NA;False; ; ;0; ; ; ; ; ; 
TRACK;1.5.1-6;-16.47751093;-71.4759048;-1951070.445;2844142.082;NA;False; ; ;0; ; ; ; ; ; 
TRACK;1.5.1-6;-16.47748704;-71.47561917;-1951071.264;2844174.777;NA;False; ; ;0; ; ; ; ; ; 
TRACK;1.5.1-6;-16.47741121;-71.47514807;-1951068.334;2844229.18;NA;False; ; ;0; ; ; ; ; ; 
TRACK;1.5.1-6;-16.47739671;-71.47491883;-1951069.54;2844255.358;NA;False; ; ;0; ; ; ; ; ; 
TRACK;1.5.1-6;-16.47726448;-71.47473466;-1951056.342;2844277.977;NA;False; ; ;0; ; ; ; ; ; 
TRACK;1.5.1-6;-16.47722579;-71.47462375;-1951053.203;2844291.059;NA;False; ; ;0; ; ; ; ; ; 
TRACK;1.5.1-6;-16.47720865;-71.47457693;-1951051.784;2844296.592;NA;False; ; ;0; ; ; ; ; ; 
TRACK;1.5.1-7; ; ;-1.516416327;20763369.87;NA; ; ; ; ; ; ; ; ; ; 
TRACK;1.5.1-7;-16.47664488;-71.47494186;-1950980.914;2844262.638;NA;False; ; ;0; ; ; ; ; ; 
TRACK;1.5.1-7;-16.47700188;-71.47463251;-1951026.785;2844293.012;NA;False; ; ;0; ; ; ; ; ; 
TRACK;1.5.1-7;-16.47721114;-71.47451979;-1951052.801;2844303.037;NA;False; ; ;0; ; ; ; ; ; 
TRACK;1.5.1-7;-16.47718047;-71.47434737;-1951051.387;2844322.987;NA;False; ; ;0; ; ; ; ; ; 
TRACK;1.5.1-7;-16.47720484;-71.4741047;-1951057.33;2844350.177;NA;False; ; ;0; ; ; ; ; ; 
TRACK;1.5.1-7;-16.47693748;-71.47420018;-1951024.706;2844342.87;NA;False; ; ;0; ; ; ; ; ; 
TRACK;1.5.1-7;-16.47684149;-71.47433448;-1951011.723;2844328.908;NA;False; ; ;0; ; ; ; ; ; 
TRACK;1.5.1-7;-16.47658607;-71.47454503;-1950979.041;2844308.398;NA;False; ; ;0; ; ; ; ; ; 
TRACK;1.5.1-7;-16.47643419;-71.47470475;-1950959.169;2844292.29;NA;False; ; ;0; ; ; ; ; ; 
TRACK;1.5.1-7;-16.47604078;-71.47486302;-1950910.937;2844279.522;NA;False; ; ;0; ; ; ; ; ; 
TRACK;1.5.1-7;-16.47617923;-71.47541685;-1950920.175;2844214.916;NA;False; ; ;0; ; ; ; ; ; 
TRACK;1.5.1-7;-16.47638138;-71.4752173;-1950946.459;2844234.879;NA;False; ; ;0; ; ; ; ; ; 
TRACK;1.5.1-8; ; ;-1.516416327;20763369.87;NA; ; ; ; ; ; ; ; ; ; 
TRACK;1.5.1-8;-16.4774025;-71.47440119;-1951076.791;2844313.964;NA;False; ; ;0; ; ; ; ; ; 
TRACK;1.5.1-8;-16.47749341;-71.4742994;-1951088.764;2844324.308;NA;False; ; ;0; ; ; ; ; ; 
TRACK;1.5.1-8;-16.47754248;-71.47419797;-1951095.817;2844335.161;NA;False; ; ;0; ; ; ; ; ; 
TRACK;1.5.1-8;-16.47759589;-71.47404427;-1951104.043;2844351.884;NA;False; ; ;0; ; ; ; ; ; 
TRACK;1.5.1-8;-16.4776343;-71.47384421;-1951111.096;2844374.058;NA;False; ; ;0; ; ; ; ; ; 
TRACK;1.5.1-8;-16.47764828;-71.47380103;-1951113.285;2844378.769;NA;False; ; ;0; ; ; ; ; ; 
TRACK;1.5.1-8;-16.47782114;-71.47356391;-1951136.605;2844403.376;NA;False; ; ;0; ; ; ; ; ; 
TRACK;1.5.1-8;-16.47800046;-71.47340612;-1951159.678;2844418.904;NA;False; ; ;0; ; ; ; ; ; 
TRACK;1.5.1-8;-16.47821393;-71.47324157;-1951186.848;2844434.751;NA;False; ; ;0; ; ; ; ; ; 
TRACK;1.5.1-8;-16.47831698;-71.47319154;-1951199.59;2844439.066;NA;False; ; ;0; ; ; ; ; ; 
TRACK;1.5.1-8;-16.47848856;-71.47302028;-1951221.924;2844456.223;NA;False; ; ;0; ; ; ; ; ; 
TRACK;1.5.1-8;-16.47867335;-71.4727712;-1951246.798;2844482.029;NA;False; ; ;0; ; ; ; ; ; 
TRACK;1.5.1-8;-16.47881657;-71.47252998;-1951266.687;2844507.491;NA;False; ; ;0; ; ; ; ; ; 
TRACK;1.5.1-8;-16.47895952;-71.47232465;-1951286.089;2844528.887;NA;False; ; ;0; ; ; ; ; ; 
TRACK;1.5.1-8;-16.47919762;-71.47213403;-1951316.485;2844547.364;NA;False; ; ;0; ; ; ; ; ; 
TRACK;1.5.1-8;-16.47941464;-71.47195108;-1951344.306;2844565.248;NA;False; ; ;0; ; ; ; ; ; 
TRACK;1.5.1-8;-16.479516;-71.47186;-1951357.372;2844574.24;NA;False; ; ;0; ; ; ; ; ; 
TRACK;1.5.1-8;-16.47969892;-71.47175473;-1951380.2;2844583.766;NA;False; ; ;0; ; ; ; ; ; 
TRACK;1.5.1-8;-16.47982733;-71.47166362;-1951396.444;2844592.406;NA;False; ; ;0; ; ; ; ; ; 
TRACK;1.5.1-8;-16.47996217;-71.47153747;-1951413.889;2844604.932;NA;False; ; ;0; ; ; ; ; ; 
TRACK;1.5.1-8;-16.4800908;-71.4714176;-1951430.524;2844616.829;NA;False; ; ;0; ; ; ; ; ; 
TRACK;1.5.1-8;-16.48004601;-71.47122217;-1951427.742;2844639.573;NA;False; ; ;0; ; ; ; ; ; 
TRACK;1.5.1-8;-16.47971703;-71.47131189;-1951387.95;2844633.731;NA;False; ; ;0; ; ; ; ; ; 
TRACK;1.5.1-8;-16.4794364;-71.47142232;-1951353.575;2844624.905;NA;False; ; ;0; ; ; ; ; ; 
TRACK;1.5.1-8;-16.4790582;-71.47139408;-1951309.498;2844633.084;NA;False; ; ;0; ; ; ; ; ; 
TRACK;1.5.1-8;-16.47899333;-71.47146863;-1951300.93;2844625.485;NA;False; ; ;0; ; ; ; ; ; 
TRACK;1.5.1-8;-16.47905973;-71.47164791;-1951306.456;2844604.287;NA;False; ; ;0; ; ; ; ; ; 
TRACK;1.5.1-8;-16.4782909;-71.47189874;-1951212.938;2844585.968;NA;False; ; ;0; ; ; ; ; ; 
TRACK;1.5.1-8;-16.47815802;-71.47200892;-1951195.927;2844575.226;NA;False; ; ;0; ; ; ; ; ; 
TRACK;1.5.1-8;-16.47807481;-71.47221025;-1951183.595;2844553.497;NA;False; ; ;0; ; ; ; ; ; 
TRACK;1.5.1-8;-16.47774447;-71.47236931;-1951142.762;2844539.811;NA;False; ; ;0; ; ; ; ; ; 
TRACK;1.5.1-8;-16.4779056;-71.47284308;-1951155.68;2844483.982;NA;False; ; ;0; ; ; ; ; ; 
TRACK;1.5.1-8;-16.47783155;-71.47310823;-1951143.613;2844454.897;NA;False; ; ;0; ; ; ; ; ; 
TRACK;1.5.1-8;-16.47717734;-71.47313626;-1951066.392;2844460.326;NA;False; ; ;0; ; ; ; ; ; 
TRACK;1.5.1-8;-16.477238;-71.47398676;-1951062.723;2844363.111;NA;False; ; ;0; ; ; ; ; ; 
TRACK;1.5.1-8;-16.477233;-71.4741337;-1951060.271;2844346.519;NA;False; ; ;0; ; ; ; ; ; 
TRACK;1.5.1-8;-16.47722309;-71.47425205;-1951057.604;2844333.232;NA;False; ; ;0; ; ; ; ; ; 
TRACK;1.5.1-8;-16.47721559;-71.47439099;-1951054.96;2844317.58;NA;False; ; ;0; ; ; ; ; ; 
TRACK;1.5.1-8;-16.47723033;-71.47448622;-1951055.483;2844306.59;NA;False; ; ;0; ; ; ; ; ; 
TRACK;1.5.1-8;-16.47728382;-71.47446935;-1951061.982;2844307.8;NA;False; ; ;0; ; ; ; ; ; 
TRACK;1.5.1-11; ; ;-1.516416327;20763369.87;NA; ; ; ; ; ; ; ; ; ; 
TRACK;1.5.1-11;-16.4804149;-71.47369378;-1951439.704;2844354.526;NA;False; ; ;0; ; ; ; ; ; 
TRACK;1.5.1-11;-16.47898201;-71.47365993;-1951271.78;2844377.217;NA;False; ; ;0; ; ; ; ; ; 
TRACK;1.5.1-11;-16.47896172;-71.47408795;-1951263.963;2844328.962;NA;False; ; ;0; ; ; ; ; ; 
TRACK;1.5.1-11;-16.48042198;-71.47409455;-1951435.448;2844309.001;NA;False; ; ;0; ; ; ; ; ; 
TRACK;1.5.1-12; ; ;-1.516416327;20763369.87;NA; ; ; ; ; ; ; ; ; ; 
TRACK;1.5.1-12;-16.47919211;-71.47414426;-1951290.318;2844319.548;NA;False; ; ;0; ; ; ; ; ; 
TRACK;1.5.1-12;-16.47919678;-71.47435729;-1951288.161;2844295.336;NA;False; ; ;0; ; ; ; ; ; 
TRACK;1.5.1-12;-16.47936114;-71.474578;-1951304.671;2844268.153;NA;False; ; ;0; ; ; ; ; ; 
TRACK;1.5.1-12;-16.48045071;-71.47455095;-1951433.029;2844256.884;NA;False; ; ;0; ; ; ; ; ; 
TRACK;1.5.1-12;-16.48044007;-71.47415573;-1951436.796;2844301.827;NA;False; ; ;0; ; ; ; ; ; 
TRACK;1.5.1-13; ; ;-1.516416327;20763369.87;NA; ; ; ; ; ; ; ; ; ; 
TRACK;1.5.1-13;-16.47958292;-71.47302655;-1951350.424;2844441.114;NA;False; ; ;0; ; ; ; ; ; 
TRACK;1.5.1-13;-16.47959206;-71.47340882;-1951346.645;2844397.657;NA;False; ; ;0; ; ; ; ; ; 
TRACK;1.5.1-13;-16.47950245;-71.47351369;-1951334.784;2844386.948;NA;False; ; ;0; ; ; ; ; ; 
TRACK;1.5.1-13;-16.47959194;-71.47363118;-1951343.808;2844372.451;NA;False; ; ;0; ; ; ; ; ; 
TRACK;1.5.1-13;-16.48042675;-71.47363574;-1951441.833;2844360.95;NA;False; ; ;0; ; ; ; ; ; 
TRACK;1.5.1-13;-16.4803415;-71.47307128;-1951438.984;2844426.061;NA;False; ; ;0; ; ; ; ; ; 
TRACK;1.5.2-1; ; ;-1.516416327;20763369.87;NA; ; ; ; ; ; ; ; ; ; 
TRACK;1.5.2-1;-16.48048182;-71.47048259;-1951488.338;2844717.681;NA;False; ; ;0; ; ; ; ; ; 
TRACK;1.5.2-1;-16.48052353;-71.4704156;-1951494.09;2844724.726;NA;False; ; ;0; ; ; ; ; ; 
TRACK;1.5.2-1;-16.4804622;-71.47004144;-1951491.635;2844767.95;NA;False; ; ;0; ; ; ; ; ; 
TRACK;1.5.2-1;-16.48053221;-71.46999676;-1951500.429;2844772.093;NA;False; ; ;0; ; ; ; ; ; 
TRACK;1.5.2-1;-16.48055957;-71.46972984;-1951507.033;2844801.994;NA;False; ; ;0; ; ; ; ; ; 
TRACK;1.5.2-1;-16.4803992;-71.46969664;-1951488.612;2844807.868;NA;False; ; ;0; ; ; ; ; ; 
TRACK;1.5.2-1;-16.48041498;-71.46910948;-1951497.922;2844874.224;NA;False; ; ;0; ; ; ; ; ; 
TRACK;1.5.2-1;-16.48018137;-71.46900084;-1951471.854;2844889.615;NA;False; ; ;0; ; ; ; ; ; 
TRACK;1.5.2-1;-16.4801798;-71.46935203;-1951467.21;2844849.822;NA;False; ; ;0; ; ; ; ; ; 
TRACK;1.5.2-1;-16.48029716;-71.47039368;-1951467.771;2844730.19;NA;False; ; ;0; ; ; ; ; ; 
TRACK;1.5.2-2; ; ;-1.516416327;20763369.87;NA; ; ; ; ; ; ; ; ; ; 
TRACK;1.5.2-2;-16.47727058;-71.47031966;-1951113.104;2844778.409;NA;False; ; ;0; ; ; ; ; ; 
TRACK;1.5.2-2;-16.47718521;-71.47048576;-1951100.965;2844760.702;NA;False; ; ;0; ; ; ; ; ; 
TRACK;1.5.2-2;-16.47702387;-71.47065006;-1951079.922;2844744.199;NA;False; ; ;0; ; ; ; ; ; 
TRACK;1.5.2-2;-16.47689702;-71.47076621;-1951063.543;2844732.7;NA;False; ; ;0; ; ; ; ; ; 
TRACK;1.5.2-2;-16.47678028;-71.47097819;-1951047.136;2844710.205;NA;False; ; ;0; ; ; ; ; ; 
TRACK;1.5.2-2;-16.47690614;-71.47105168;-1951060.991;2844700.217;NA;False; ; ;0; ; ; ; ; ; 
TRACK;1.5.2-2;-16.47718575;-71.47104807;-1951093.889;2844696.947;NA;False; ; ;0; ; ; ; ; ; 
TRACK;1.5.2-2;-16.47735978;-71.47054238;-1951120.757;2844751.986;NA;False; ; ;0; ; ; ; ; ; 
TRACK;1.5.2-2;-16.47764186;-71.47062677;-1951152.829;2844738.708;NA;False; ; ;0; ; ; ; ; ; 
TRACK;1.5.2-2;-16.47768758;-71.47044948;-1951160.451;2844758.205;NA;False; ; ;0; ; ; ; ; ; 
TRACK;1.5.2-2;-16.47769334;-71.47017956;-1951164.556;2844788.729;NA;False; ; ;0; ; ; ; ; ; 
TRACK;1.5.2-2;-16.4774466;-71.47005264;-1951137.176;2844806.364;NA;False; ; ;0; ; ; ; ; ; 
TRACK;1.5.2-2;-16.47748729;-71.46966273;-1951146.907;2844850.033;NA;False; ; ;0; ; ; ; ; ; 
TRACK;1.5.2-2;-16.47793708;-71.4694166;-1951202.88;2844872.017;NA;False; ; ;0; ; ; ; ; ; 
TRACK;1.5.2-2;-16.47816012;-71.46940198;-1951229.272;2844870.74;NA;False; ; ;0; ; ; ; ; ; 
TRACK;1.5.2-2;-16.47843451;-71.46946071;-1951260.766;2844860.471;NA;False; ; ;0; ; ; ; ; ; 
TRACK;1.5.2-2;-16.47941895;-71.46915609;-1951380.301;2844882.049;NA;False; ; ;0; ; ; ; ; ; 
TRACK;1.5.2-2;-16.47949211;-71.46940104;-1951385.787;2844853.317;NA;False; ; ;0; ; ; ; ; ; 
TRACK;1.5.2-2;-16.47973739;-71.46932514;-1951415.57;2844858.694;NA;False; ; ;0; ; ; ; ; ; 
TRACK;1.5.2-2;-16.47975813;-71.46959267;-1951414.609;2844828.091;NA;False; ; ;0; ; ; ; ; ; 
TRACK;1.5.2-2;-16.48017132;-71.46974363;-1951461.24;2844805.539;NA;False; ; ;0; ; ; ; ; ; 
TRACK;1.5.2-2;-16.48017752;-71.46961929;-1951463.547;2844819.554;NA;False; ; ;0; ; ; ; ; ; 
TRACK;1.5.2-2;-16.4801136;-71.4689899;-1951464.03;2844891.747;NA;False; ; ;0; ; ; ; ; ; 
TRACK;1.5.2-2;-16.48002064;-71.46895626;-1951453.534;2844896.784;NA;False; ; ;0; ; ; ; ; ; 
TRACK;1.5.2-2;-16.47978904;-71.46897071;-1951426.139;2844898.194;NA;False; ; ;0; ; ; ; ; ; 
TRACK;1.5.2-2;-16.47970307;-71.46897782;-1951415.947;2844898.52;NA;False; ; ;0; ; ; ; ; ; 
TRACK;1.5.2-2;-16.47953107;-71.46892417;-1951396.419;2844906.865;NA;False; ; ;0; ; ; ; ; ; 
TRACK;1.5.2-2;-16.47939234;-71.46888481;-1951380.619;2844913.153;NA;False; ; ;0; ; ; ; ; ; 
TRACK;1.5.2-2;-16.47924728;-71.46893388;-1951362.953;2844909.5;NA;False; ; ;0; ; ; ; ; ; 
TRACK;1.5.2-2;-16.47911554;-71.46898275;-1951346.853;2844905.693;NA;False; ; ;0; ; ; ; ; ; 
TRACK;1.5.2-2;-16.4788521;-71.46905192;-1951315.022;2844901.318;NA;False; ; ;0; ; ; ; ; ; 
TRACK;1.5.2-2;-16.47795488;-71.46914697;-1951208.395;2844902.35;NA;False; ; ;0; ; ; ; ; ; 
TRACK;1.5.2-2;-16.47783534;-71.46924147;-1951193.151;2844893.21;NA;False; ; ;0; ; ; ; ; ; 
TRACK;1.5.2-2;-16.47735477;-71.46945319;-1951133.997;2844875.531;NA;False; ; ;0; ; ; ; ; ; 
TRACK;1.5.2-2;-16.47734898;-71.46966279;-1951130.655;2844851.846;NA;False; ; ;0; ; ; ; ; ; 
TRACK;1.5.2-2;-16.47732695;-71.46998984;-1951123.915;2844815.059;NA;False; ; ;0; ; ; ; ; ; 
TRACK;1.5.2-3; ; ;-1.516416327;20763369.87;NA; ; ; ; ; ; ; ; ; ; 
TRACK;1.5.2-3;-16.47676231;-71.46934944;-1951065.703;2844895.09;NA;False; ; ;0; ; ; ; ; ; 
TRACK;1.5.2-3;-16.47731481;-71.46939114;-1951130.09;2844883.092;NA;False; ; ;0; ; ; ; ; ; 
TRACK;1.5.2-3;-16.47752687;-71.46932945;-1951155.789;2844887.295;NA;False; ; ;0; ; ; ; ; ; 
TRACK;1.5.2-3;-16.47791936;-71.46908953;-1951204.952;2844909.329;NA;False; ; ;0; ; ; ; ; ; 
TRACK;1.5.2-3;-16.47792266;-71.46900893;-1951206.363;2844918.423;NA;False; ; ;0; ; ; ; ; ; 
TRACK;1.5.2-3;-16.47789972;-71.46884853;-1951205.704;2844936.91;NA;False; ; ;0; ; ; ; ; ; 
TRACK;1.5.2-3;-16.47791148;-71.46867844;-1951209.245;2844956.038;NA;False; ; ;0; ; ; ; ; ; 
TRACK;1.5.2-3;-16.47786502;-71.46853924;-1951205.554;2844972.431;NA;False; ; ;0; ; ; ; ; ; 
TRACK;1.5.2-3;-16.47760195;-71.46861496;-1951173.683;2844967.308;NA;False; ; ;0; ; ; ; ; ; 
TRACK;1.5.2-3;-16.47764013;-71.4689045;-1951174.492;2844933.98;NA;False; ; ;0; ; ; ; ; ; 
TRACK;1.5.2-3;-16.47760789;-71.46906551;-1951168.66;2844916.152;NA;False; ; ;0; ; ; ; ; ; 
TRACK;1.5.2-3;-16.4771412;-71.46923404;-1951111.686;2844903.187;NA;False; ; ;0; ; ; ; ; ; 
TRACK;1.5.2-3;-16.47676733;-71.46918775;-1951068.346;2844913.354;NA;False; ; ;0; ; ; ; ; ; 
TRACK;1.5.2-3;-16.4765213;-71.46912608;-1951040.221;2844923.583;NA;False; ; ;0; ; ; ; ; ; 
TRACK;1.5.2-3;-16.47593882;-71.4690623;-1950972.592;2844938.478;NA;False; ; ;0; ; ; ; ; ; 
TRACK;1.5.2-3;-16.47595968;-71.46840063;-1950983.444;2845013.218;NA;False; ; ;0; ; ; ; ; ; 
TRACK;1.5.2-3;-16.47578422;-71.46838499;-1950963.026;2845017.299;NA;False; ; ;0; ; ; ; ; ; 
TRACK;1.5.2-3;-16.47572754;-71.46903221;-1950948.149;2844944.669;NA;False; ; ;0; ; ; ; ; ; 
TRACK;1.5.2-3;-16.47607039;-71.46915799;-1950986.836;2844925.899;NA;False; ; ;0; ; ; ; ; ; 
TRACK;1.5.2-4; ; ;-1.516416327;20763369.87;NA; ; ; ; ; ; ; ; ; ; 
TRACK;1.5.2-4;-16.47447554;-71.46836738;-1950809.485;2845036.515;NA;False; ; ;0; ; ; ; ; ; 
TRACK;1.5.2-4;-16.47473979;-71.46867859;-1950836.582;2844997.756;NA;False; ; ;0; ; ; ; ; ; 
TRACK;1.5.2-4;-16.47491333;-71.46877699;-1950855.724;2844984.317;NA;False; ; ;0; ; ; ; ; ; 
TRACK;1.5.2-4;-16.47519488;-71.46888043;-1950887.491;2844968.886;NA;False; ; ;0; ; ; ; ; ; 
TRACK;1.5.2-4;-16.47549025;-71.46898823;-1950920.827;2844952.777;NA;False; ; ;0; ; ; ; ; ; 
TRACK;1.5.2-4;-16.47569758;-71.46905995;-1950944.278;2844941.919;NA;False; ; ;0; ; ; ; ; ; 
TRACK;1.5.2-4;-16.47571615;-71.46892694;-1950948.148;2844956.754;NA;False; ; ;0; ; ; ; ; ; 
TRACK;1.5.2-4;-16.47571575;-71.4688811;-1950948.683;2844961.957;NA;False; ; ;0; ; ; ; ; ; 
TRACK;1.5.2-4;-16.47549456;-71.4688049;-1950923.661;2844973.505;NA;False; ; ;0; ; ; ; ; ; 
TRACK;1.5.2-4;-16.475436;-71.46893715;-1950915.102;2844959.282;NA;False; ; ;0; ; ; ; ; ; 
TRACK;1.5.2-4;-16.47487908;-71.46868466;-1950852.871;2844995.236;NA;False; ; ;0; ; ; ; ; ; 
TRACK;1.5.2-4;-16.47455147;-71.46836894;-1950818.386;2845035.34;NA;False; ; ;0; ; ; ; ; ; 
TRACK;1.5.2-4;-16.47469799;-71.46828539;-1950836.663;2845042.883;NA;False; ; ;0; ; ; ; ; ; 
TRACK;1.5.2-4;-16.47490655;-71.46822259;-1950861.965;2845047.259;NA;False; ; ;0; ; ; ; ; ; 
TRACK;1.5.2-4;-16.47493177;-71.46813748;-1950866.009;2845056.577;NA;False; ; ;0; ; ; ; ; ; 
TRACK;1.5.2-4;-16.47481333;-71.46783402;-1950855.945;2845092.538;NA;False; ; ;0; ; ; ; ; ; 
TRACK;1.5.2-4;-16.47433254;-71.46794458;-1950798.051;2845086.331;NA;False; ; ;0; ; ; ; ; ; 
TRACK;1.5.2-5; ; ;-1.516416327;20763369.87;NA; ; ; ; ; ; ; ; ; ; 
TRACK;1.5.2-5;-16.47430307;-71.46891531;-1950782.264;2844976.665;NA;False; ; ;0; ; ; ; ; ; 
TRACK;1.5.2-5;-16.47465052;-71.46879115;-1950824.664;2844986.17;NA;False; ; ;0; ; ; ; ; ; 
TRACK;1.5.2-5;-16.47446087;-71.46838614;-1950807.523;2845034.582;NA;False; ; ;0; ; ; ; ; ; 
TRACK;1.5.2-5;-16.47427869;-71.46804282;-1950790.475;2845075.901;NA;False; ; ;0; ; ; ; ; ; 
TRACK;1.5.2-5;-16.4739826;-71.46810656;-1950754.877;2845072.571;NA;False; ; ;0; ; ; ; ; ; 
TRACK;1.5.2-5;-16.4742021;-71.46870588;-1950773.059;2845001.737;NA;False; ; ;0; ; ; ; ; ; 
TRACK;1.5.2-5;-16.47403305;-71.46879084;-1950752.118;2844994.329;NA;False; ; ;0; ; ; ; ; ; 
TRACK;1.5.2-5;-16.47383914;-71.46868484;-1950730.679;2845008.898;NA;False; ; ;0; ; ; ; ; ; 
TRACK;1.5.2-5;-16.47376803;-71.46827592;-1950727.515;2845056.193;NA;False; ; ;0; ; ; ; ; ; 
TRACK;1.5.2-5;-16.47367501;-71.46802482;-1950719.774;2845085.885;NA;False; ; ;0; ; ; ; ; ; 
TRACK;1.5.2-5;-16.47341653;-71.46816598;-1950687.611;2845073.282;NA;False; ; ;0; ; ; ; ; ; 
TRACK;1.5.2-5;-16.47338369;-71.46818584;-1950683.5;2845071.462;NA;False; ; ;0; ; ; ; ; ; 
TRACK;1.5.2-5;-16.47341111;-71.46836512;-1950684.447;2845050.777;NA;False; ; ;0; ; ; ; ; ; 
TRACK;1.5.2-5;-16.47390925;-71.46905752;-1950734.187;2844965.725;NA;False; ; ;0; ; ; ; ; ; 
TRACK;1.5.2-6; ; ;-1.516416327;20763369.87;NA; ; ; ; ; ; ; ; ; ; 
TRACK;1.5.2-6;-16.4742393;-71.47114357;-1950746.485;2844724.886;NA;False; ; ;0; ; ; ; ; ; 
TRACK;1.5.2-6;-16.47412541;-71.47057068;-1950740.376;2844791.333;NA;False; ; ;0; ; ; ; ; ; 
TRACK;1.5.2-6;-16.47416822;-71.47002764;-1950752.298;2844852.333;NA;False; ; ;0; ; ; ; ; ; 
TRACK;1.5.2-6;-16.47423779;-71.47005778;-1950760.09;2844848.001;NA;False; ; ;0; ; ; ; ; ; 
TRACK;1.5.2-6;-16.47443514;-71.47008804;-1950782.894;2844841.974;NA;False; ; ;0; ; ; ; ; ; 
TRACK;1.5.2-6;-16.47469053;-71.47014239;-1950812.212;2844832.453;NA;False; ; ;0; ; ; ; ; ; 
TRACK;1.5.2-6;-16.4747446;-71.47002891;-1950820.005;2844844.606;NA;False; ; ;0; ; ; ; ; ; 
TRACK;1.5.2-6;-16.47471968;-71.46982693;-1950819.641;2844867.833;NA;False; ; ;0; ; ; ; ; ; 
TRACK;1.5.2-6;-16.47463965;-71.46949082;-1950814.505;2844906.991;NA;False; ; ;0; ; ; ; ; ; 
TRACK;1.5.2-6;-16.47469427;-71.46902041;-1950826.894;2844959.603;NA;False; ; ;0; ; ; ; ; ; 
TRACK;1.5.2-6;-16.4751592;-71.46912388;-1950880.208;2844941.756;NA;False; ; ;0; ; ; ; ; ; 
TRACK;1.5.2-6;-16.47517711;-71.46905547;-1950883.18;2844949.275;NA;False; ; ;0; ; ; ; ; ; 
TRACK;1.5.2-6;-16.47564378;-71.46917282;-1950936.523;2844929.83;NA;False; ; ;0; ; ; ; ; ; 
TRACK;1.5.2-6;-16.47560961;-71.46929341;-1950930.977;2844916.609;NA;False; ; ;0; ; ; ; ; ; 
TRACK;1.5.2-6;-16.47607838;-71.46946104;-1950983.927;2844891.437;NA;False; ; ;0; ; ; ; ; ; 
TRACK;1.5.2-6;-16.47668213;-71.46963302;-1951052.682;2844863.996;NA;False; ; ;0; ; ; ; ; ; 
TRACK;1.5.2-6;-16.47674065;-71.46945365;-1951061.835;2844883.561;NA;False; ; ;0; ; ; ; ; ; 
TRACK;1.5.2-6;-16.47696596;-71.46950037;-1951087.715;2844875.299;NA;False; ; ;0; ; ; ; ; ; 
TRACK;1.5.2-6;-16.47696155;-71.46984983;-1951082.759;2844835.739;NA;False; ; ;0; ; ; ; ; ; 
TRACK;1.5.2-6;-16.47712654;-71.46993222;-1951101.099;2844824.228;NA;False; ; ;0; ; ; ; ; ; 
TRACK;1.5.2-6;-16.47705598;-71.47031028;-1951088.008;2844782.297;NA;False; ; ;0; ; ; ; ; ; 
TRACK;1.5.2-6;-16.47692454;-71.47025083;-1951073.32;2844790.766;NA;False; ; ;0; ; ; ; ; ; 
TRACK;1.5.2-6;-16.47676444;-71.47049564;-1951051.401;2844765.119;NA;False; ; ;0; ; ; ; ; ; 
TRACK;1.5.2-6;-16.47659759;-71.47076756;-1951028.344;2844736.487;NA;False; ; ;0; ; ; ; ; ; 
TRACK;1.5.2-6;-16.47644719;-71.47115641;-1951005.738;2844694.383;NA;False; ; ;0; ; ; ; ; ; 
TRACK;1.5.2-6;-16.47653651;-71.47119431;-1951015.751;2844688.911;NA;False; ; ;0; ; ; ; ; ; 
TRACK;1.5.2-6;-16.47660618;-71.47115546;-1951024.43;2844692.398;NA;False; ; ;0; ; ; ; ; ; 
TRACK;1.5.2-6;-16.47686045;-71.47076048;-1951059.319;2844733.831;NA;False; ; ;0; ; ; ; ; ; 
TRACK;1.5.2-6;-16.47693808;-71.47065155;-1951069.823;2844745.158;NA;False; ; ;0; ; ; ; ; ; 
TRACK;1.5.2-6;-16.47714982;-71.4704652;-1951097.068;2844763.498;NA;False; ; ;0; ; ; ; ; ; 
TRACK;1.5.2-6;-16.47726899;-71.47022126;-1951114.166;2844789.586;NA;False; ; ;0; ; ; ; ; ; 
TRACK;1.5.2-6;-16.47729654;-71.46997353;-1951120.548;2844817.308;NA;False; ; ;0; ; ; ; ; ; 
TRACK;1.5.2-6;-16.47731842;-71.46947797;-1951129.411;2844873.2;NA;False; ; ;0; ; ; ; ; ; 
TRACK;1.5.2-6;-16.4771668;-71.46946034;-1951111.82;2844877.195;NA;False; ; ;0; ; ; ; ; ; 
TRACK;1.5.2-6;-16.47684084;-71.46941348;-1951074.117;2844886.797;NA;False; ; ;0; ; ; ; ; ; 
TRACK;1.5.2-6;-16.47651498;-71.46933133;-1951036.873;2844900.397;NA;False; ; ;0; ; ; ; ; ; 
TRACK;1.5.2-6;-16.47568327;-71.4691099;-1950941.962;2844936.444;NA;False; ; ;0; ; ; ; ; ; 
TRACK;1.5.2-6;-16.47520138;-71.46892482;-1950887.691;2844963.767;NA;False; ; ;0; ; ; ; ; ; 
TRACK;1.5.2-6;-16.47494236;-71.46882926;-1950858.471;2844978.009;NA;False; ; ;0; ; ; ; ; ; 
TRACK;1.5.2-6;-16.47471621;-71.4687098;-1950833.415;2844994.529;NA;False; ; ;0; ; ; ; ; ; 
TRACK;1.5.2-6;-16.47469195;-71.46882465;-1950829.107;2844981.826;NA;False; ; ;0; ; ; ; ; ; 
TRACK;1.5.2-6;-16.47466879;-71.46882969;-1950826.322;2844981.56;NA;False; ; ;0; ; ; ; ; ; 
TRACK;1.5.2-6;-16.47411732;-71.46903209;-1950758.956;2844965.87;NA;False; ; ;0; ; ; ; ; ; 
TRACK;1.5.2-6;-16.47411544;-71.46917419;-1950756.932;2844949.784;NA;False; ; ;0; ; ; ; ; ; 
TRACK;1.5.2-6;-16.47409381;-71.46946504;-1950750.698;2844917.094;NA;False; ; ;0; ; ; ; ; ; 
TRACK;1.5.2-6;-16.47407616;-71.46990132;-1950743.086;2844867.866;NA;False; ; ;0; ; ; ; ; ; 
TRACK;1.5.2-6;-16.47403763;-71.47024421;-1950734.205;2844829.499;NA;False; ; ;0; ; ; ; ; ; 
TRACK;1.5.2-6;-16.47395594;-71.47056482;-1950720.538;2844794.227;NA;False; ; ;0; ; ; ; ; ; 
TRACK;1.5.2-6;-16.47390392;-71.47086915;-1950710.563;2844760.408;NA;False; ; ;0; ; ; ; ; ; 
TRACK;1.5.2-6;-16.47393509;-71.47113797;-1950710.813;2844729.522;NA;False; ; ;0; ; ; ; ; ; 
TRACK;1.5.2-6;-16.47401371;-71.47137098;-1950717.093;2844702.072;NA;False; ; ;0; ; ; ; ; ; 
TRACK;1.5.2-6;-16.47432449;-71.47182078;-1950747.899;2844646.99;NA;False; ; ;0; ; ; ; ; ; 
TRACK;1.5.2-6;-16.47448541;-71.47159393;-1950769.686;2844670.591;NA;False; ; ;0; ; ; ; ; ; 
TRACK;1.5.2-7; ; ;-1.516416327;20763369.87;NA; ; ; ; ; ; ; ; ; ; 
TRACK;1.5.2-7;-16.4762213;-71.47216519;-1950966.391;2844582.992;NA;False; ; ;0; ; ; ; ; ; 
TRACK;1.5.2-7;-16.47637272;-71.47232245;-1950982.186;2844563.171;NA;False; ; ;0; ; ; ; ; ; 
TRACK;1.5.2-7;-16.47646109;-71.47217108;-1950994.49;2844579.168;NA;False; ; ;0; ; ; ; ; ; 
TRACK;1.5.2-7;-16.47683975;-71.47256457;-1951033.985;2844529.579;NA;False; ; ;0; ; ; ; ; ; 
TRACK;1.5.2-7;-16.47695834;-71.47282734;-1951044.583;2844498.229;NA;False; ; ;0; ; ; ; ; ; 
TRACK;1.5.2-7;-16.47683302;-71.47297193;-1951028.023;2844483.486;NA;False; ; ;0; ; ; ; ; ; 
TRACK;1.5.2-7;-16.47681232;-71.47320551;-1951022.626;2844457.278;NA;False; ; ;0; ; ; ; ; ; 
TRACK;1.5.2-7;-16.47668997;-71.47334248;-1951006.512;2844443.36;NA;False; ; ;0; ; ; ; ; ; 
TRACK;1.5.2-7;-16.4768296;-71.47350134;-1951020.902;2844423.513;NA;False; ; ;0; ; ; ; ; ; 
TRACK;1.5.2-7;-16.47717491;-71.47349161;-1951061.596;2844420.074;NA;False; ; ;0; ; ; ; ; ; 
TRACK;1.5.2-7;-16.47703316;-71.47274011;-1951054.481;2844507.133;NA;False; ; ;0; ; ; ; ; ; 
TRACK;1.5.2-7;-16.47694843;-71.47254342;-1951047.022;2844530.547;NA;False; ; ;0; ; ; ; ; ; 
TRACK;1.5.2-7;-16.47686023;-71.47246014;-1951037.716;2844541.148;NA;False; ; ;0; ; ; ; ; ; 
TRACK;1.5.2-7;-16.4766837;-71.47228073;-1951019.254;2844563.81;NA;False; ; ;0; ; ; ; ; ; 
TRACK;1.5.2-7;-16.47646944;-71.47208478;-1950996.567;2844588.842;NA;False; ; ;0; ; ; ; ; ; 
TRACK;1.5.2-7;-16.47636884;-71.47193334;-1950986.669;2844607.335;NA;False; ; ;0; ; ; ; ; ; 
TRACK;1.5.2-7;-16.47629781;-71.47179544;-1950980.073;2844623.903;NA;False; ; ;0; ; ; ; ; ; 
TRACK;1.5.2-7;-16.47621397;-71.47180753;-1950970.069;2844623.635;NA;False; ; ;0; ; ; ; ; ; 
TRACK;1.5.2-7;-16.4758958;-71.4722461;-1950927.119;2844578.102;NA;False; ; ;0; ; ; ; ; ; 
TRACK;1.5.2-7;-16.47602215;-71.47239088;-1950940.127;2844560.025;NA;False; ; ;0; ; ; ; ; ; 
TRACK;1.5.2-8; ; ;-1.516416327;20763369.87;NA; ; ; ; ; ; ; ; ; ; 
TRACK;1.5.2-8;-16.47600516;-71.47138133;-1950950.945;2844674.699;NA;False; ; ;0; ; ; ; ; ; 
TRACK;1.5.2-8;-16.47583581;-71.47170579;-1950926.93;2844640.144;NA;False; ; ;0; ; ; ; ; ; 
TRACK;1.5.2-8;-16.47618466;-71.47179025;-1950966.845;2844625.979;NA;False; ; ;0; ; ; ; ; ; 
TRACK;1.5.2-8;-16.47636532;-71.4714795;-1950992.016;2844658.832;NA;False; ; ;0; ; ; ; ; ; 
TRACK;1.5.2-12; ; ;-1.516416327;20763369.87;NA; ; ; ; ; ; ; ; ; ; 
TRACK;1.5.2-12;-16.47464066;-71.46703507;-1950845.801;2845185.389;NA;False; ; ;0; ; ; ; ; ; 
TRACK;1.5.2-12;-16.4746126;-71.46684422;-1950844.927;2845207.395;NA;False; ; ;0; ; ; ; ; ; 
TRACK;1.5.2-12;-16.47435687;-71.46663628;-1950817.52;2845234.335;NA;False; ; ;0; ; ; ; ; ; 
TRACK;1.5.2-12;-16.47426501;-71.46659039;-1950807.309;2845240.747;NA;False; ; ;0; ; ; ; ; ; 
TRACK;1.5.2-12;-16.47411089;-71.46651899;-1950790.106;2845250.87;NA;False; ; ;0; ; ; ; ; ; 
TRACK;1.5.2-12;-16.47403768;-71.46640349;-1950782.971;2845264.927;NA;False; ; ;0; ; ; ; ; ; 
TRACK;1.5.2-12;-16.47404595;-71.46625367;-1950785.845;2845281.803;NA;False; ; ;0; ; ; ; ; ; 
TRACK;1.5.2-12;-16.47405012;-71.46610756;-1950788.189;2845298.314;NA;False; ; ;0; ; ; ; ; ; 
TRACK;1.5.2-12;-16.47413125;-71.46594014;-1950799.849;2845316.227;NA;False; ; ;0; ; ; ; ; ; 
TRACK;1.5.2-12;-16.4742342;-71.46587459;-1950812.777;2845322.304;NA;False; ; ;0; ; ; ; ; ; 
TRACK;1.5.2-12;-16.47445063;-71.46576899;-1950839.548;2845331.428;NA;False; ; ;0; ; ; ; ; ; 
TRACK;1.5.2-12;-16.47417929;-71.46548393;-1950811.286;2845367.317;NA;False; ; ;0; ; ; ; ; ; 
TRACK;1.5.2-12;-16.47372611;-71.46601235;-1950751.328;2845313.372;NA;False; ; ;0; ; ; ; ; ; 
TRACK;1.5.2-12;-16.47387855;-71.46610384;-1950768.078;2845300.994;NA;False; ; ;0; ; ; ; ; ; 
TRACK;1.5.2-12;-16.47373912;-71.46661066;-1950745.26;2845245.368;NA;False; ; ;0; ; ; ; ; ; 
TRACK;1.5.2-12;-16.473967;-71.46687409;-1950768.691;2845212.504;NA;False; ; ;0; ; ; ; ; ; 
TRACK;1.5.2-12;-16.47416271;-71.46707226;-1950789.171;2845187.462;NA;False; ; ;0; ; ; ; ; ; 
TRACK;1.5.2-12;-16.47402491;-71.46731424;-1950769.908;2845161.841;NA;False; ; ;0; ; ; ; ; ; 
TRACK;1.5.2-12;-16.47422566;-71.46749955;-1950791.142;2845138.19;NA;False; ; ;0; ; ; ; ; ; 
TRACK;1.5.2-12;-16.47455552;-71.4671888;-1950833.845;2845169.08;NA;False; ; ;0; ; ; ; ; ; 
TRACK;1.5.7-10; ; ;-1.516416327;20763369.87;NA; ; ; ; ; ; ; ; ; ; 
TRACK;1.5.7-10;-16.47069593;-71.48514893;-1950152.485;2843183.738;NA;False; ; ;0; ; ; ; ; ; 
TRACK;1.5.7-10;-16.47066079;-71.48444125;-1950157.33;2843264.426;NA;False; ; ;0; ; ; ; ; ; 
TRACK;1.5.7-10;-16.47028666;-71.48445386;-1950113.215;2843267.913;NA;False; ; ;0; ; ; ; ; ; 
TRACK;1.5.7-10;-16.47034378;-71.48514671;-1950111.139;2843188.618;NA;False; ; ;0; ; ; ; ; ; 
TRACK;1.5.7-16; ; ;-1.516416327;20763369.87;NA; ; ; ; ; ; ; ; ; ; 
TRACK;1.5.7-16;-16.4714168;-71.48814412;-1950199.196;2842834.725;NA;False; ; ;0; ; ; ; ; ; 
TRACK;1.5.7-16;-16.47177234;-71.48804094;-1950242.275;2842841.749;NA;False; ; ;0; ; ; ; ; ; 
TRACK;1.5.7-16;-16.47171444;-71.48758093;-1950241.305;2842894.658;NA;False; ; ;0; ; ; ; ; ; 
TRACK;1.5.7-16;-16.47214804;-71.48745831;-1950293.802;2842902.859;NA;False; ; ;0; ; ; ; ; ; 
TRACK;1.5.7-16;-16.47214331;-71.4872648;-1950295.699;2842924.858;NA;False; ; ;0; ; ; ; ; ; 
TRACK;1.5.7-16;-16.4720989;-71.48698993;-1950293.967;2842956.6;NA;False; ; ;0; ; ; ; ; ; 
TRACK;1.5.7-16;-16.47200103;-71.48669522;-1950286.206;2842991.296;NA;False; ; ;0; ; ; ; ; ; 
TRACK;1.5.7-16;-16.47195228;-71.48666983;-1950280.801;2842994.814;NA;False; ; ;0; ; ; ; ; ; 
TRACK;1.5.7-16;-16.47083841;-71.48678244;-1950148.51;2842996.687;NA;False; ; ;0; ; ; ; ; ; 
TRACK;1.5.7-16;-16.47094285;-71.48814211;-1950143.54;2842841.18;NA;False; ; ;0; ; ; ; ; ; 
TRACK;1.5.7-16;-16.47125102;-71.48815957;-1950179.524;2842835.151;NA;False; ; ;0; ; ; ; ; ; 
TRACK;1.5.7-40; ; ;-1.516416327;20763369.87;NA; ; ; ; ; ; ; ; ; ; 
TRACK;1.5.7-40;-16.46641045;-71.48542478;-1949645.501;2843208.78;NA;False; ; ;0; ; ; ; ; ; 
TRACK;1.5.7-40;-16.46644954;-71.48527919;-1949651.939;2843224.771;NA;False; ; ;0; ; ; ; ; ; 
TRACK;1.5.7-40;-16.46647287;-71.48508609;-1949657.129;2843246.356;NA;False; ; ;0; ; ; ; ; ; 
TRACK;1.5.7-40;-16.4664923;-71.48499755;-1949660.534;2843256.138;NA;False; ; ;0; ; ; ; ; ; 
TRACK;1.5.7-40;-16.4665505;-71.4848446;-1949669.31;2843272.712;NA;False; ; ;0; ; ; ; ; ; 
TRACK;1.5.7-40;-16.46659073;-71.48471574;-1949675.671;2843286.792;NA;False; ; ;0; ; ; ; ; ; 
TRACK;1.5.7-40;-16.46661834;-71.48462026;-1949680.125;2843297.254;NA;False; ; ;0; ; ; ; ; ; 
TRACK;1.5.7-40;-16.46666679;-71.48448203;-1949687.571;2843312.288;NA;False; ; ;0; ; ; ; ; ; 
TRACK;1.5.7-40;-16.4666876;-71.48440018;-1949691.053;2843321.294;NA;False; ; ;0; ; ; ; ; ; 
TRACK;1.5.7-40;-16.46675647;-71.48412922;-1949702.579;2843351.107;NA;False; ; ;0; ; ; ; ; ; 
TRACK;1.5.7-40;-16.46677102;-71.4838228;-1949708.174;2843385.654;NA;False; ; ;0; ; ; ; ; ; 
TRACK;1.5.7-40;-16.46673281;-71.48346042;-1949708.28;2843427.238;NA;False; ; ;0; ; ; ; ; ; 
TRACK;1.5.7-40;-16.46658638;-71.48327301;-1949693.452;2843450.409;NA;False; ; ;0; ; ; ; ; ; 
TRACK;1.5.7-40;-16.46623522;-71.48327864;-1949652.124;2843454.385;NA;False; ; ;0; ; ; ; ; ; 
TRACK;1.5.7-40;-16.4663755;-71.48376365;-1949662.455;2843397.556;NA;False; ; ;0; ; ; ; ; ; 
TRACK;1.5.7-40;-16.46637123;-71.48402885;-1949658.592;2843367.547;NA;False; ; ;0; ; ; ; ; ; 
TRACK;1.5.7-40;-16.46626503;-71.48424558;-1949643.367;2843344.373;NA;False; ; ;0; ; ; ; ; ; 
TRACK;1.5.7-40;-16.46620577;-71.48442313;-1949634.153;2843325.024;NA;False; ; ;0; ; ; ; ; ; 
TRACK;1.5.7-40;-16.46613442;-71.48495777;-1949618.992;2843265.35;NA;False; ; ;0; ; ; ; ; ; 
TRACK;1.5.7-40;-16.46613442;-71.48537099;-1949613.754;2843218.505;NA;False; ; ;0; ; ; ; ; ; 
TRACK;1.5.10-25; ; ;-1.516416327;20763369.87;NA; ; ; ; ; ; ; ; ; ; 
TRACK;1.5.10-25;-16.47271596;-71.48857666;-1950346.342;2842768.62;NA;False; ; ;0; ; ; ; ; ; 
TRACK;1.5.10-25;-16.47254666;-71.48834172;-1950329.431;2842797.478;NA;False; ; ;0; ; ; ; ; ; 
TRACK;1.5.10-25;-16.47260456;-71.48827447;-1950337.087;2842804.34;NA;False; ; ;0; ; ; ; ; ; 
TRACK;1.5.10-25;-16.47246361;-71.48807078;-1950323.11;2842829.282;NA;False; ; ;0; ; ; ; ; ; 
TRACK;1.5.10-25;-16.47236335;-71.48793518;-1950313.05;2842845.972;NA;False; ; ;0; ; ; ; ; ; 
TRACK;1.5.10-25;-16.47243514;-71.48765244;-1950325.07;2842877.08;NA;False; ; ;0; ; ; ; ; ; 
TRACK;1.5.10-25;-16.47225872;-71.48761169;-1950304.859;2842884.017;NA;False; ; ;0; ; ; ; ; ; 
TRACK;1.5.10-25;-16.47230562;-71.48790325;-1950306.672;2842850.35;NA;False; ; ;0; ; ; ; ; ; 
TRACK;1.5.10-25;-16.47234685;-71.48798662;-1950310.459;2842840.357;NA;False; ; ;0; ; ; ; ; ; 
TRACK;1.5.10-25;-16.4723432;-71.48818917;-1950307.462;2842817.444;NA;False; ; ;0; ; ; ; ; ; 
TRACK;1.5.10-25;-16.47246537;-71.48833432;-1950319.975;2842799.384;NA;False; ; ;0; ; ; ; ; ; 
TRACK;1.5.10-25;-16.47242638;-71.48847509;-1950313.609;2842783.938;NA;False; ; ;0; ; ; ; ; ; 
TRACK;1.5.10-25;-16.47261124;-71.48871908;-1950332.233;2842753.851;NA;False; ; ;0; ; ; ; ; ; 
TRACK;1.5.10-25;-16.47273685;-71.48865599;-1950347.79;2842759.352;NA;False; ; ;0; ; ; ; ; ; 
TRACK;1.5.11-17; ; ;-1.516416327;20763369.87;NA; ; ; ; ; ; ; ; ; ; 
TRACK;1.5.11-17;-16.47393716;-71.49156995;-1950451.86;2842413.259;NA;False; ; ;0; ; ; ; ; ; 
TRACK;1.5.11-17;-16.47408165;-71.49164908;-1950467.831;2842402.39;NA;False; ; ;0; ; ; ; ; ; 
TRACK;1.5.11-17;-16.47420619;-71.49123374;-1950487.728;2842447.835;NA;False; ; ;0; ; ; ; ; ; 
TRACK;1.5.11-17;-16.47385166;-71.49118663;-1950446.674;2842457.834;NA;False; ; ;0; ; ; ; ; ; 
TRACK;1.5.11-17;-16.47378895;-71.49154071;-1950434.818;2842418.52;NA;False; ; ;0; ; ; ; ; ; 
TRACK;1.5.13-17; ; ;-1.516416327;20763369.87;NA; ; ; ; ; ; ; ; ; ; 
TRACK;1.5.13-17;-16.48177611;-71.48542763;-1951450.705;2843006.482;NA;False; ; ;0; ; ; ; ; ; 
TRACK;1.5.13-17;-16.48177041;-71.48502568;-1951455.136;2843052.121;NA;False; ; ;0; ; ; ; ; ; 
TRACK;1.5.13-17;-16.48056507;-71.48503806;-1951313.37;2843066.568;NA;False; ; ;0; ; ; ; ; ; 
TRACK;1.5.13-17;-16.48056288;-71.48541498;-1951308.331;2843023.871;NA;False; ; ;0; ; ; ; ; ; 
TRACK;1.5.13-35; ; ;-1.516416327;20763369.87;NA; ; ; ; ; ; ; ; ; ; 
TRACK;1.5.13-35;-16.48414433;-71.48302968;-1951759.365;2843247.154;NA;False; ; ;0; ; ; ; ; ; 
TRACK;1.5.13-35;-16.48301808;-71.48303776;-1951626.944;2843261.052;NA;False; ; ;0; ; ; ; ; ; 
TRACK;1.5.13-35;-16.48300979;-71.48336468;-1951621.821;2843224.103;NA;False; ; ;0; ; ; ; ; ; 
TRACK;1.5.13-35;-16.48405738;-71.48335777;-1951744.986;2843211.108;NA;False; ; ;0; ; ; ; ; ; 
TRACK;1.5.13-40; ; ;-1.516416327;20763369.87;NA; ; ; ; ; ; ; ; ; ; 
TRACK;1.5.13-40;-16.48479585;-71.4809262;-1951862.607;2843477.023;NA;False; ; ;0; ; ; ; ; ; 
TRACK;1.5.13-40;-16.48451496;-71.48094718;-1951829.34;2843478.34;NA;False; ; ;0; ; ; ; ; ; 
TRACK;1.5.13-40;-16.48450125;-71.48140363;-1951821.935;2843426.779;NA;False; ; ;0; ; ; ; ; ; 
TRACK;1.5.13-40;-16.48471361;-71.48141222;-1951846.776;2843423.012;NA;False; ; ;0; ; ; ; ; ; 
TRACK;1.5.13-41; ; ;-1.516416327;20763369.87;NA; ; ; ; ; ; ; ; ; ; 
TRACK;1.5.13-41;-16.48295505;-71.48160317;-1951637.746;2843424.501;NA;False; ; ;0; ; ; ; ; ; 
TRACK;1.5.13-41;-16.48289516;-71.48155254;-1951631.352;2843431.027;NA;False; ; ;0; ; ; ; ; ; 
TRACK;1.5.13-41;-16.48218014;-71.48172492;-1951545.159;2843420.893;NA;False; ; ;0; ; ; ; ; ; 
TRACK;1.5.13-41;-16.48227426;-71.4819595;-1951553.239;2843393.063;NA;False; ; ;0; ; ; ; ; ; 
TRACK;1.5.13-41;-16.48294448;-71.48194027;-1951632.225;2843386.427;NA;False; ; ;0; ; ; ; ; ; 
TRACK;1.5.13-43; ; ;-1.516416327;20763369.87;NA; ; ; ; ; ; ; ; ; ; 
TRACK;1.5.13-43;-16.48293529;-71.48254134;-1951623.517;2843318.413;NA;False; ; ;0; ; ; ; ; ; 
TRACK;1.5.13-43;-16.48245317;-71.4825172;-1951567.181;2843327.491;NA;False; ; ;0; ; ; ; ; ; 
TRACK;1.5.13-43;-16.48277445;-71.48335684;-1951594.272;2843228.087;NA;False; ; ;0; ; ; ; ; ; 
TRACK;1.5.13-43;-16.4829405;-71.4833517;-1951613.845;2843226.485;NA;False; ; ;0; ; ; ; ; ; 
TRACK;1.5.13-45; ; ;-1.516416327;20763369.87;NA; ; ; ; ; ; ; ; ; ; 
TRACK;1.5.13-45;-16.47937249;-71.48401147;-1951186.284;2843198.62;NA;False; ; ;0; ; ; ; ; ; 
TRACK;1.5.13-45;-16.47890473;-71.48401195;-1951131.324;2843204.716;NA;False; ; ;0; ; ; ; ; ; 
TRACK;1.5.13-45;-16.47890454;-71.48443863;-1951125.887;2843156.352;NA;False; ; ;0; ; ; ; ; ; 
TRACK;1.5.13-45;-16.47935451;-71.48444038;-1951178.73;2843150.237;NA;False; ; ;0; ; ; ; ; ; 
TRACK;1.5.13-48; ; ;-1.516416327;20763369.87;NA; ; ; ; ; ; ; ; ; ; 
TRACK;1.5.13-48;-16.48071363;-71.48158555;-1951374.633;2843455.98;NA;False; ; ;0; ; ; ; ; ; 
TRACK;1.5.13-48;-16.48017376;-71.48156476;-1951311.468;2843465.437;NA;False; ; ;0; ; ; ; ; ; 
TRACK;1.5.13-48;-16.48025466;-71.48255168;-1951308.45;2843352.498;NA;False; ; ;0; ; ; ; ; ; 
TRACK;1.5.13-48;-16.48077201;-71.48230862;-1951372.315;2843373.247;NA;False; ; ;0; ; ; ; ; ; 
TRACK;1.5.13-49; ; ;-1.516416327;20763369.87;NA; ; ; ; ; ; ; ; ; ; 
TRACK;1.5.13-49;-16.47860085;-71.48114202;-1951132.035;2843534.045;NA;False; ; ;0; ; ; ; ; ; 
TRACK;1.5.13-49;-16.4786372;-71.48113459;-1951136.401;2843534.41;NA;False; ; ;0; ; ; ; ; ; 
TRACK;1.5.13-49;-16.47869912;-71.48137139;-1951140.671;2843506.751;NA;False; ; ;0; ; ; ; ; ; 
TRACK;1.5.13-49;-16.47862137;-71.48142793;-1951130.819;2843501.365;NA;False; ; ;0; ; ; ; ; ; 
TRACK;1.5.13-49;-16.47864233;-71.48149998;-1951132.367;2843492.921;NA;False; ; ;0; ; ; ; ; ; 
TRACK;1.5.13-49;-16.47887357;-71.48147586;-1951159.841;2843492.614;NA;False; ; ;0; ; ; ; ; ; 
TRACK;1.5.13-49;-16.47881195;-71.48129396;-1951154.909;2843514.045;NA;False; ; ;0; ; ; ; ; ; 
TRACK;1.5.13-49;-16.47833137;-71.47999237;-1951114.964;2843667.914;NA;False; ; ;0; ; ; ; ; ; 
TRACK;1.5.13-49;-16.47824693;-71.48002773;-1951104.595;2843665.016;NA;False; ; ;0; ; ; ; ; ; 
TRACK;1.5.13-50; ; ;-1.516416327;20763369.87;NA; ; ; ; ; ; ; ; ; ; 
TRACK;1.5.13-50;-16.47859873;-71.48120114;-1951131.037;2843527.371;NA;False; ; ;0; ; ; ; ; ; 
TRACK;1.5.13-50;-16.47791067;-71.48125616;-1951049.5;2843530.183;NA;False; ; ;0; ; ; ; ; ; 
TRACK;1.5.13-50;-16.47793121;-71.48140418;-1951050.034;2843513.133;NA;False; ; ;0; ; ; ; ; ; 
TRACK;1.5.13-50;-16.47863086;-71.48134788;-1951132.949;2843510.314;NA;False; ; ;0; ; ; ; ; ; 
TRACK;1.5.13-51; ; ;-1.516416327;20763369.87;NA; ; ; ; ; ; ; ; ; ; 
TRACK;1.5.13-51;-16.47841484;-71.48078082;-1951114.765;2843577.437;NA;False; ; ;0; ; ; ; ; ; 
TRACK;1.5.13-51;-16.47823828;-71.48083862;-1951093.288;2843573.206;NA;False; ; ;0; ; ; ; ; ; 
TRACK;1.5.13-51;-16.47833642;-71.48115869;-1951100.757;2843535.633;NA;False; ; ;0; ; ; ; ; ; 
TRACK;1.5.13-51;-16.47853057;-71.48114686;-1951123.717;2843534.421;NA;False; ; ;0; ; ; ; ; ; 
TRACK;1.5.13-52; ; ;-1.516416327;20763369.87;NA; ; ; ; ; ; ; ; ; ; 
TRACK;1.5.13-52;-16.47826705;-71.48116852;-1951092.482;2843535.431;NA;False; ; ;0; ; ; ; ; ; 
TRACK;1.5.13-52;-16.47817894;-71.48088506;-1951085.728;2843568.723;NA;False; ; ;0; ; ; ; ; ; 
TRACK;1.5.13-52;-16.47786084;-71.48096085;-1951047.393;2843564.314;NA;False; ; ;0; ; ; ; ; ; 
TRACK;1.5.13-52;-16.47790518;-71.48120281;-1951049.532;2843536.303;NA;False; ; ;0; ; ; ; ; ; 
TRACK;1.5.13-53; ; ;-1.516416327;20763369.87;NA; ; ; ; ; ; ; ; ; ; 
TRACK;1.5.13-53;-16.47806323;-71.48048628;-1951077.193;2843615.45;NA;False; ; ;0; ; ; ; ; ; 
TRACK;1.5.13-53;-16.47771361;-71.48059097;-1951034.788;2843608.181;NA;False; ; ;0; ; ; ; ; ; 
TRACK;1.5.13-53;-16.47776163;-71.48071358;-1951038.874;2843593.65;NA;False; ; ;0; ; ; ; ; ; 
TRACK;1.5.13-53;-16.47784715;-71.48088473;-1951046.75;2843573.124;NA;False; ; ;0; ; ; ; ; ; 
TRACK;1.5.13-53;-16.47816623;-71.48079695;-1951085.351;2843578.879;NA;False; ; ;0; ; ; ; ; ; 
TRACK;1.5.13-54; ; ;-1.516416327;20763369.87;NA; ; ; ; ; ; ; ; ; ; 
TRACK;1.5.13-54;-16.47840301;-71.48071104;-1951114.261;2843585.503;NA;False; ; ;0; ; ; ; ; ; 
TRACK;1.5.13-54;-16.47832481;-71.48042645;-1951108.684;2843618.792;NA;False; ; ;0; ; ; ; ; ; 
TRACK;1.5.13-54;-16.47812623;-71.4804766;-1951084.718;2843615.719;NA;False; ; ;0; ; ; ; ; ; 
TRACK;1.5.13-54;-16.47821624;-71.48078014;-1951091.441;2843580.126;NA;False; ; ;0; ; ; ; ; ; 
TRACK;1.5.13-55; ; ;-1.516416327;20763369.87;NA; ; ; ; ; ; ; ; ; ; 
TRACK;1.5.13-55;-16.47802174;-71.48014343;-1951076.669;2843654.862;NA;False; ; ;0; ; ; ; ; ; 
TRACK;1.5.13-55;-16.47810779;-71.48039899;-1951083.536;2843624.759;NA;False; ; ;0; ; ; ; ; ; 
TRACK;1.5.13-55;-16.47830169;-71.48035159;-1951106.918;2843627.583;NA;False; ; ;0; ; ; ; ; ; 
TRACK;1.5.13-55;-16.47820713;-71.48008464;-1951099.196;2843659.088;NA;False; ; ;0; ; ; ; ; ; 
TRACK;1.5.13-56; ; ;-1.516416327;20763369.87;NA; ; ; ; ; ; ; ; ; ; 
TRACK;1.5.13-56;-16.47769388;-71.48056397;-1951032.813;2843611.501;NA;False; ; ;0; ; ; ; ; ; 
TRACK;1.5.13-56;-16.47805607;-71.48044637;-1951076.858;2843620.069;NA;False; ; ;0; ; ; ; ; ; 
TRACK;1.5.13-56;-16.47796573;-71.48014082;-1951070.122;2843655.894;NA;False; ; ;0; ; ; ; ; ; 
TRACK;1.5.13-56;-16.47761463;-71.48028461;-1951027.047;2843644.211;NA;False; ; ;0; ; ; ; ; ; 
TRACK;1.5.13-57; ; ;-1.516416327;20763369.87;NA; ; ; ; ; ; ; ; ; ; 
TRACK;1.5.13-57;-16.47909017;-71.4797334;-1951207.4;2843687.291;NA;False; ; ;0; ; ; ; ; ; 
TRACK;1.5.13-57;-16.47850747;-71.47976782;-1951138.502;2843691.053;NA;False; ; ;0; ; ; ; ; ; 
TRACK;1.5.13-57;-16.47831704;-71.4798369;-1951115.253;2843685.727;NA;False; ; ;0; ; ; ; ; ; 
TRACK;1.5.13-57;-16.4783367;-71.47998714;-1951115.656;2843668.437;NA;False; ; ;0; ; ; ; ; ; 
TRACK;1.5.13-57;-16.47913407;-71.47990206;-1951210.418;2843667.594;NA;False; ; ;0; ; ; ; ; ; 
TRACK;1.5.13-58; ; ;-1.516416327;20763369.87;NA; ; ; ; ; ; ; ; ; ; 
TRACK;1.5.13-58;-16.47795567;-71.4801075;-1951069.362;2843659.803;NA;False; ; ;0; ; ; ; ; ; 
TRACK;1.5.13-58;-16.47832652;-71.47999125;-1951114.407;2843668.105;NA;False; ; ;0; ; ; ; ; ; 
TRACK;1.5.13-58;-16.47830057;-71.47982114;-1951113.518;2843687.73;NA;False; ; ;0; ; ; ; ; ; 
TRACK;1.5.13-58;-16.47763042;-71.48001787;-1951032.286;2843674.241;NA;False; ; ;0; ; ; ; ; ; 
TRACK;1.5.13-58;-16.47759044;-71.48018886;-1951025.419;2843655.383;NA;False; ; ;0; ; ; ; ; ; 
TRACK;1.5.13-58;-16.47762449;-71.48020676;-1951029.193;2843652.907;NA;False; ; ;0; ; ; ; ; ; 
TRACK;1.5.13-59; ; ;-1.516416327;20763369.87;NA; ; ; ; ; ; ; ; ; ; 
TRACK;1.5.13-59;-16.47790407;-71.48244025;-1951033.7;2843396.041;NA;False; ; ;0; ; ; ; ; ; 
TRACK;1.5.13-59;-16.47797933;-71.48242435;-1951042.744;2843396.854;NA;False; ; ;0; ; ; ; ; ; 
TRACK;1.5.13-59;-16.47797375;-71.48216388;-1951045.394;2843426.454;NA;False; ; ;0; ; ; ; ; ; 
TRACK;1.5.13-59;-16.47784042;-71.48141969;-1951039.171;2843512.569;NA;False; ; ;0; ; ; ; ; ; 
TRACK;1.5.13-59;-16.47747369;-71.48148599;-1950995.244;2843509.876;NA;False; ; ;0; ; ; ; ; ; 
TRACK;1.5.13-59;-16.47759583;-71.48219174;-1951000.639;2843428.266;NA;False; ; ;0; ; ; ; ; ; 
TRACK;1.5.13-59;-16.47760482;-71.4822964;-1951000.367;2843416.282;NA;False; ; ;0; ; ; ; ; ; 
TRACK;1.5.13-60; ; ;-1.516416327;20763369.87;NA; ; ; ; ; ; ; ; ; ; 
TRACK;1.5.13-60;-16.47701445;-71.48157789;-1950940.123;2843505.497;NA;False; ; ;0; ; ; ; ; ; 
TRACK;1.5.13-60;-16.47706499;-71.48180477;-1950943.182;2843479.112;NA;False; ; ;0; ; ; ; ; ; 
TRACK;1.5.13-60;-16.4772059;-71.48178712;-1950959.961;2843479.261;NA;False; ; ;0; ; ; ; ; ; 
TRACK;1.5.13-60;-16.47725057;-71.48210486;-1950961.178;2843442.654;NA;False; ; ;0; ; ; ; ; ; 
TRACK;1.5.13-60;-16.47749331;-71.48206957;-1950990.145;2843443.462;NA;False; ; ;0; ; ; ; ; ; 
TRACK;1.5.13-60;-16.47738688;-71.48149327;-1950984.952;2843510.192;NA;False; ; ;0; ; ; ; ; ; 
TRACK;1.5.13-61; ; ;-1.516416327;20763369.87;NA; ; ; ; ; ; ; ; ; ; 
TRACK;1.5.13-61;-16.47783402;-71.48131831;-1951039.706;2843524.145;NA;False; ; ;0; ; ; ; ; ; 
TRACK;1.5.13-61;-16.47783352;-71.48131102;-1951039.74;2843524.978;NA;False; ; ;0; ; ; ; ; ; 
TRACK;1.5.13-61;-16.47765802;-71.4806409;-1951027.623;2843603.251;NA;False; ; ;0; ; ; ; ; ; 
TRACK;1.5.13-61;-16.47698104;-71.48083719;-1950945.595;2843589.902;NA;False; ; ;0; ; ; ; ; ; 
TRACK;1.5.13-61;-16.47701195;-71.48151191;-1950940.667;2843513.009;NA;False; ; ;0; ; ; ; ; ; 
TRACK;1.5.13-62; ; ;-1.516416327;20763369.87;NA; ; ; ; ; ; ; ; ; ; 
TRACK;1.5.13-62;-16.47803807;-71.4793203;-1951089.032;2843747.958;NA;False; ; ;0; ; ; ; ; ; 
TRACK;1.5.13-62;-16.47804152;-71.47896877;-1951093.899;2843787.763;NA;False; ; ;0; ; ; ; ; ; 
TRACK;1.5.13-62;-16.47759941;-71.47912859;-1951039.928;2843775.46;NA;False; ; ;0; ; ; ; ; ; 
TRACK;1.5.13-62;-16.47772687;-71.47958683;-1951049.088;2843721.836;NA;False; ; ;0; ; ; ; ; ; 
TRACK;1.5.13-62;-16.47801034;-71.47951509;-1951083.302;2843726.241;NA;False; ; ;0; ; ; ; ; ; 
TRACK;1.5.13-63; ; ;-1.516416327;20763369.87;NA; ; ; ; ; ; ; ; ; ; 
TRACK;1.5.13-63;-16.47797923;-71.4789691;-1951086.576;2843788.545;NA;False; ; ;0; ; ; ; ; ; 
TRACK;1.5.13-63;-16.47804761;-71.47885706;-1951096.032;2843800.346;NA;False; ; ;0; ; ; ; ; ; 
TRACK;1.5.13-63;-16.47804348;-71.47879539;-1951096.329;2843807.392;NA;False; ; ;0; ; ; ; ; ; 
TRACK;1.5.13-63;-16.47803868;-71.47862279;-1951097.956;2843827.021;NA;False; ; ;0; ; ; ; ; ; 
TRACK;1.5.13-63;-16.47754885;-71.47881092;-1951038.019;2843812.136;NA;False; ; ;0; ; ; ; ; ; 
TRACK;1.5.13-63;-16.47762176;-71.47909223;-1951043.014;2843779.287;NA;False; ; ;0; ; ; ; ; ; 
TRACK;1.5.13-64; ; ;-1.516416327;20763369.87;NA; ; ; ; ; ; ; ; ; ; 
TRACK;1.5.13-64;-16.47774049;-71.47752231;-1951076.888;2843955.696;NA;False; ; ;0; ; ; ; ; ; 
TRACK;1.5.13-64;-16.4776699;-71.47756608;-1951068.038;2843951.662;NA;False; ; ;0; ; ; ; ; ; 
TRACK;1.5.13-64;-16.47760043;-71.47760249;-1951059.414;2843948.449;NA;False; ; ;0; ; ; ; ; ; 
TRACK;1.5.13-64;-16.47751196;-71.47768123;-1951048.021;2843940.687;NA;False; ; ;0; ; ; ; ; ; 
TRACK;1.5.13-64;-16.47746304;-71.47799795;-1951038.253;2843905.426;NA;False; ; ;0; ; ; ; ; ; 
TRACK;1.5.13-64;-16.47774831;-71.47795006;-1951072.378;2843907.102;NA;False; ; ;0; ; ; ; ; ; 
TRACK;1.5.14-44; ; ;-1.516416327;20763369.87;NA; ; ; ; ; ; ; ; ; ; 
TRACK;1.5.14-44;-16.48170043;-71.49155221;-1951364.119;2842313.239;NA;False; ; ;0; ; ; ; ; ; 
TRACK;1.5.14-44;-16.48172104;-71.49107678;-1951372.57;2842366.858;NA;False; ; ;0; ; ; ; ; ; 
TRACK;1.5.14-44;-16.48137492;-71.49108168;-1951331.846;2842370.853;NA;False; ; ;0; ; ; ; ; ; 
TRACK;1.5.14-44;-16.48088783;-71.49150807;-1951269.214;2842328.924;NA;False; ; ;0; ; ; ; ; ; 
TRACK;1.5.14-48; ; ;-1.516416327;20763369.87;NA; ; ; ; ; ; ; ; ; ; 
TRACK;1.5.14-48;-16.48261554;-71.49102874;-1951478.266;2842360.544;NA;False; ; ;0; ; ; ; ; ; 
TRACK;1.5.14-48;-16.48263279;-71.49063517;-1951485.284;2842404.929;NA;False; ; ;0; ; ; ; ; ; 
TRACK;1.5.14-48;-16.48275105;-71.490629;-1951499.256;2842404.074;NA;False; ; ;0; ; ; ; ; ; 
TRACK;1.5.14-48;-16.48271979;-71.4898652;-1951505.273;2842491.061;NA;False; ; ;0; ; ; ; ; ; 
TRACK;1.5.14-48;-16.48180963;-71.49070152;-1951387.738;2842408.23;NA;False; ; ;0; ; ; ; ; ; 
TRACK;1.5.14-48;-16.48180969;-71.49101393;-1951383.781;2842372.817;NA;False; ; ;0; ; ; ; ; ; 
TRACK;1.5.14-53; ; ;-1.516416327;20763369.87;NA; ; ; ; ; ; ; ; ; ; 
TRACK;1.5.14-53;-16.48349875;-71.49347035;-1951551.055;2842072.178;NA;False; ; ;0; ; ; ; ; ; 
TRACK;1.5.14-53;-16.48340079;-71.4934681;-1951539.575;2842073.721;NA;False; ; ;0; ; ; ; ; ; 
TRACK;1.5.14-53;-16.4833829;-71.49375334;-1951533.856;2842041.625;NA;False; ; ;0; ; ; ; ; ; 
TRACK;1.5.14-53;-16.48349009;-71.49376363;-1951546.318;2842039.049;NA;False; ; ;0; ; ; ; ; ; 
TRACK;1.5.14-54; ; ;-1.516416327;20763369.87;NA; ; ; ; ; ; ; ; ; ; 
TRACK;1.5.14-54;-16.48348199;-71.49382773;-1951544.554;2842031.89;NA;False; ; ;0; ; ; ; ; ; 
TRACK;1.5.14-54;-16.48338344;-71.49382615;-1951532.996;2842033.364;NA;False; ; ;0; ; ; ; ; ; 
TRACK;1.5.14-54;-16.48337836;-71.4941134;-1951528.756;2842000.872;NA;False; ; ;0; ; ; ; ; ; 
TRACK;1.5.14-54;-16.48347879;-71.49411119;-1951540.582;2841999.803;NA;False; ; ;0; ; ; ; ; ; 
TRACK;1.5.14-71; ; ;-1.516416327;20763369.87;NA; ; ; ; ; ; ; ; ; ; 
TRACK;1.5.14-71;-16.48176648;-71.49777249;-1951292.996;2841607.308;NA;False; ; ;0; ; ; ; ; ; 
TRACK;1.5.14-71;-16.4815849;-71.49778091;-1951271.558;2841608.74;NA;False; ; ;0; ; ; ; ; ; 
TRACK;1.5.14-71;-16.48157504;-71.49791318;-1951268.722;2841593.878;NA;False; ; ;0; ; ; ; ; ; 
TRACK;1.5.14-71;-16.48176165;-71.49791259;-1951290.652;2841591.492;NA;False; ; ;0; ; ; ; ; ; 
TRACK;1.5.15-1; ; ;-1.516416327;20763369.87;NA; ; ; ; ; ; ; ; ; ; 
TRACK;1.5.15-1;-16.48836428;-71.50237371;-1952009.722;2840999.084;NA;False; ; ;0; ; ; ; ; ; 
TRACK;1.5.15-1;-16.48844518;-71.50218489;-1952021.62;2841019.422;NA;False; ; ;0; ; ; ; ; ; 
TRACK;1.5.15-1;-16.4882023;-71.50164839;-1951999.893;2841083.421;NA;False; ; ;0; ; ; ; ; ; 
TRACK;1.5.15-1;-16.48808673;-71.50132428;-1951990.426;2841121.674;NA;False; ; ;0; ; ; ; ; ; 
TRACK;1.5.15-1;-16.48813259;-71.50096906;-1952000.317;2841161.332;NA;False; ; ;0; ; ; ; ; ; 
TRACK;1.5.15-1;-16.48820633;-71.50060712;-1952013.57;2841201.386;NA;False; ; ;0; ; ; ; ; ; 
TRACK;1.5.15-1;-16.48828578;-71.50026317;-1952027.265;2841239.324;NA;False; ; ;0; ; ; ; ; ; 
TRACK;1.5.15-1;-16.48834141;-71.50000839;-1952037.031;2841267.47;NA;False; ; ;0; ; ; ; ; ; 
TRACK;1.5.15-1;-16.48833988;-71.49978399;-1952039.697;2841292.924;NA;False; ; ;0; ; ; ; ; ; 
TRACK;1.5.15-1;-16.48829834;-71.49953117;-1952038.024;2841322.125;NA;False; ; ;0; ; ; ; ; ; 
TRACK;1.5.15-1;-16.4883999;-71.49923067;-1952053.766;2841354.849;NA;False; ; ;0; ; ; ; ; ; 
TRACK;1.5.15-1;-16.48840499;-71.49910159;-1952056.001;2841369.412;NA;False; ; ;0; ; ; ; ; ; 
TRACK;1.5.15-1;-16.48798333;-71.49881604;-1952010.088;2841407.319;NA;False; ; ;0; ; ; ; ; ; 
TRACK;1.5.15-1;-16.48782473;-71.4983963;-1951996.78;2841456.978;NA;False; ; ;0; ; ; ; ; ; 
TRACK;1.5.15-1;-16.4877963;-71.49800926;-1951998.349;2841501.22;NA;False; ; ;0; ; ; ; ; ; 
TRACK;1.5.15-1;-16.48777868;-71.49741798;-1952003.779;2841568.469;NA;False; ; ;0; ; ; ; ; ; 
TRACK;1.5.15-1;-16.48779485;-71.4971711;-1952008.81;2841596.239;NA;False; ; ;0; ; ; ; ; ; 
TRACK;1.5.15-1;-16.48779972;-71.49699617;-1952011.6;2841616.001;NA;False; ; ;0; ; ; ; ; ; 
TRACK;1.5.15-1;-16.48774817;-71.49646817;-1952012.241;2841676.524;NA;False; ; ;0; ; ; ; ; ; 
TRACK;1.5.15-1;-16.4877909;-71.49602373;-1952022.898;2841726.337;NA;False; ; ;0; ; ; ; ; ; 
TRACK;1.5.15-1;-16.48776208;-71.4956158;-1952024.687;2841772.952;NA;False; ; ;0; ; ; ; ; ; 
TRACK;1.5.15-1;-16.48773919;-71.49531811;-1952025.775;2841806.994;NA;False; ; ;0; ; ; ; ; ; 
TRACK;1.5.15-1;-16.48761684;-71.49507996;-1952014.422;2841835.596;NA;False; ; ;0; ; ; ; ; ; 
TRACK;1.5.15-1;-16.48762745;-71.49486357;-1952018.414;2841859.982;NA;False; ; ;0; ; ; ; ; ; 
TRACK;1.5.15-1;-16.48760541;-71.49429297;-1952023.062;2841924.947;NA;False; ; ;0; ; ; ; ; ; 
TRACK;1.5.15-1;-16.48758873;-71.49393451;-1952025.65;2841965.795;NA;False; ; ;0; ; ; ; ; ; 
TRACK;1.5.15-1;-16.48732838;-71.49346563;-1952001.013;2842022.364;NA;False; ; ;0; ; ; ; ; ; 
TRACK;1.5.15-1;-16.4871113;-71.49327917;-1951977.876;2842046.354;NA;False; ; ;0; ; ; ; ; ; 
TRACK;1.5.15-1;-16.48702288;-71.49301311;-1951970.864;2842077.673;NA;False; ; ;0; ; ; ; ; ; 
TRACK;1.5.15-1;-16.48702149;-71.49270636;-1951974.592;2842112.46;NA;False; ; ;0; ; ; ; ; ; 
TRACK;1.5.15-1;-16.48708051;-71.49244761;-1951984.808;2842141.012;NA;False; ; ;0; ; ; ; ; ; 
TRACK;1.5.15-1;-16.48716884;-71.49221042;-1951998.194;2842166.735;NA;False; ; ;0; ; ; ; ; ; 
TRACK;1.5.15-1;-16.48706496;-71.49195314;-1951989.255;2842197.263;NA;False; ; ;0; ; ; ; ; ; 
TRACK;1.5.15-1;-16.48697294;-71.49183283;-1951979.971;2842212.11;NA;False; ; ;0; ; ; ; ; ; 
TRACK;1.5.15-1;-16.4868059;-71.49171807;-1951961.804;2842227.314;NA;False; ; ;0; ; ; ; ; ; 
TRACK;1.5.15-1;-16.48632285;-71.49158881;-1951906.695;2842248.317;NA;False; ; ;0; ; ; ; ; ; 
TRACK;1.5.15-1;-16.48606716;-71.49150179;-1951877.761;2842261.543;NA;False; ; ;0; ; ; ; ; ; 
TRACK;1.5.15-1;-16.48588265;-71.49144056;-1951856.861;2842270.909;NA;False; ; ;0; ; ; ; ; ; 
TRACK;1.5.15-1;-16.48553011;-71.49126042;-1951817.73;2842295.963;NA;False; ; ;0; ; ; ; ; ; 
TRACK;1.5.15-1;-16.48521228;-71.49100122;-1951783.68;2842329.522;NA;False; ; ;0; ; ; ; ; ; 
TRACK;1.5.15-1;-16.48495646;-71.49077751;-1951756.464;2842358.243;NA;False; ; ;0; ; ; ; ; ; 
TRACK;1.5.15-1;-16.48472135;-71.49048034;-1951732.614;2842395.019;NA;False; ; ;0; ; ; ; ; ; 
TRACK;1.5.15-1;-16.48461688;-71.48991845;-1951727.469;2842460.083;NA;False; ; ;0; ; ; ; ; ; 
TRACK;1.5.15-1;-16.48458937;-71.48972789;-1951726.655;2842482.043;NA;False; ; ;0; ; ; ; ; ; 
TRACK;1.5.15-1;-16.48430089;-71.48969226;-1951693.216;2842489.875;NA;False; ; ;0; ; ; ; ; ; 
TRACK;1.5.15-1;-16.4843347;-71.4899684;-1951693.684;2842458.131;NA;False; ; ;0; ; ; ; ; ; 
TRACK;1.5.15-1;-16.48438764;-71.49029369;-1951695.777;2842420.563;NA;False; ; ;0; ; ; ; ; ; 
TRACK;1.5.15-1;-16.48437745;-71.49047306;-1951692.304;2842400.365;NA;False; ; ;0; ; ; ; ; ; 
TRACK;1.5.15-1;-16.48453035;-71.49074815;-1951706.777;2842367.173;NA;False; ; ;0; ; ; ; ; ; 
TRACK;1.5.15-1;-16.48471092;-71.49099808;-1951724.82;2842336.47;NA;False; ; ;0; ; ; ; ; ; 
TRACK;1.5.15-1;-16.48533151;-71.49172926;-1951788.451;2842245.433;NA;False; ; ;0; ; ; ; ; ; 
TRACK;1.5.15-1;-16.48552226;-71.4919493;-1951808.069;2842217.983;NA;False; ; ;0; ; ; ; ; ; 
TRACK;1.5.15-1;-16.48562453;-71.49212331;-1951817.876;2842196.914;NA;False; ; ;0; ; ; ; ; ; 
TRACK;1.5.15-1;-16.48573088;-71.49227751;-1951828.414;2842178.038;NA;False; ; ;0; ; ; ; ; ; 
TRACK;1.5.15-1;-16.4858813;-71.49249943;-1951843.27;2842150.906;NA;False; ; ;0; ; ; ; ; ; 
TRACK;1.5.15-1;-16.48622433;-71.49345817;-1951871.407;2842037.726;NA;False; ; ;0; ; ; ; ; ; 
TRACK;1.5.15-1;-16.48656106;-71.49440752;-1951898.922;2841925.695;NA;False; ; ;0; ; ; ; ; ; 
TRACK;1.5.15-1;-16.48668539;-71.49507828;-1951905.02;2841848.032;NA;False; ; ;0; ; ; ; ; ; 
TRACK;1.5.15-1;-16.48671411;-71.49719597;-1951881.533;2841607.626;NA;False; ; ;0; ; ; ; ; ; 
TRACK;1.5.15-1;-16.48672918;-71.49754881;-1951878.829;2841567.436;NA;False; ; ;0; ; ; ; ; ; 
TRACK;1.5.15-1;-16.48684809;-71.49794891;-1951887.724;2841520.525;NA;False; ; ;0; ; ; ; ; ; 
TRACK;1.5.15-1;-16.48711357;-71.49873157;-1951908.984;2841428.326;NA;False; ; ;0; ; ; ; ; ; 
TRACK;1.5.15-1;-16.48710693;-71.4990337;-1951904.373;2841394.169;NA;False; ; ;0; ; ; ; ; ; 
TRACK;1.5.15-1;-16.48667503;-71.50150491;-1951822.3;2841119.756;NA;False; ; ;0; ; ; ; ; ; 
TRACK;1.5.15-1;-16.48687976;-71.50163138;-1951844.746;2841102.73;NA;False; ; ;0; ; ; ; ; ; 
TRACK;1.5.15-1;-16.48702447;-71.50185005;-1951858.972;2841076.044;NA;False; ; ;0; ; ; ; ; ; 
TRACK;1.5.15-1;-16.48713625;-71.50195674;-1951870.75;2841062.484;NA;False; ; ;0; ; ; ; ; ; 
TRACK;1.5.15-1;-16.48743331;-71.50209256;-1951903.925;2841043.186;NA;False; ; ;0; ; ; ; ; ; 
