IQ-TREE multicore version 2.3.6 for MacOS ARM 64-bit built Aug  4 2024
Developed by Bui Quang Minh, Nguyen Lam Tung, Olga Chernomor, Heiko Schmidt,
Dominik Schrempf, Michael Woodhams, Ly Trong Nhan, Thomas Wong

Host:    MVLS-MACLAP381977 (SSE4.2, 36 GB RAM)
Command: iqtree -s /Users/kirstyn.brunker/GitHub/RABV_Arequipa_2025/processed_data/nt_alignments/gene_alignments/redcap_download_20251009_0935_n167.renamed.aln_concat.fasta -m MFP -bb 1000 -nt AUTO
Seed:    349270 (Using SPRNG - Scalable Parallel Random Number Generator)
Time:    Fri Oct 17 14:33:13 2025
Kernel:  SSE2 - auto-detect threads (11 CPU cores detected)

Reading alignment file /Users/kirstyn.brunker/GitHub/RABV_Arequipa_2025/processed_data/nt_alignments/gene_alignments/redcap_download_20251009_0935_n167.renamed.aln_concat.fasta ... Fasta format detected
Reading fasta file: done in 0.019937 secs using 88.24% CPU
Alignment most likely contains DNA/RNA sequences
Alignment has 167 sequences with 10815 columns, 516 distinct patterns
177 parsimony-informative, 336 singleton sites, 10302 constant sites
           Gap/Ambiguity  Composition  p-value
Analyzing sequences: done in 6.19888e-05 secs using 180.7% CPU
   1  10_2020      0.01%    passed     99.81%
   2  10_2021      0.01%    passed     99.93%
   3  100_2023     0.01%    passed     99.99%
   4  101_2017     0.01%    passed     99.98%
   5  103_2022     0.01%    passed     99.95%
   6  107_2018    12.52%    passed     88.14%
   7  107_2021     0.01%    passed     99.47%
   8  1101786      0.01%    passed     99.47%
   9  1101787      0.02%    passed     99.55%
  10  112_2017     0.01%    passed     99.99%
  11  114_2015     0.01%    passed    100.00%
  12  12_2017      0.01%    passed     99.99%
  13  1203037      0.01%    passed     99.18%
  14  121_2019     0.01%    passed     99.99%
  15  126_2021     0.08%    passed     99.99%
  16  130_2016     0.01%    passed     99.99%
  17  131_2019     0.01%    passed    100.00%
  18  140_2018     1.92%    passed     99.21%
  19  140_2020    11.35%    passed     91.15%
  20  145_2017     0.01%    passed     99.99%
  21  145_2022     0.01%    passed     99.99%
  22  146_2021     0.01%    passed     99.98%
  23  147_2021    10.79%    passed     95.56%
  24  147_2022     6.91%    passed     97.84%
  25  149_2020     0.01%    passed     99.99%
  26  15_2021      0.01%    passed     99.89%
  27  151_2024     0.01%    passed     99.93%
  28  152_2023     0.01%    passed     99.98%
  29  158_2022     0.03%    passed     99.81%
  30  159_2017     0.01%    passed     99.99%
  31  16_2021      0.01%    passed     99.70%
  32  162_2018     0.01%    passed     99.99%
  33  162_2024     0.01%    passed     99.89%
  34  166_2016     0.01%    passed    100.00%
  35  172_2022     0.14%    passed     99.98%
  36  173_2022     0.01%    passed     99.83%
  37  175_2023     0.01%    passed     99.91%
  38  182_2019     0.01%    passed     99.99%
  39  183_2019     0.01%    passed    100.00%
  40  183_2023     0.01%    passed     99.94%
  41  186_2018     0.01%    passed    100.00%
  42  2_2017       0.01%    passed     99.99%
  43  201_2017     0.01%    passed     99.97%
  44  202_2021    10.81%    passed     96.10%
  45  209_2018     0.01%    passed    100.00%
  46  213_2021     0.01%    passed     99.99%
  47  218_2023     0.01%    passed     99.90%
  48  219_2022     0.06%    passed     99.90%
  49  219_2024     0.01%    passed     96.67%
  50  22_2016      0.01%    passed     99.99%
  51  22_2018      0.01%    passed     99.99%
  52  225_2017     0.01%    passed     99.99%
  53  225_2019     0.01%    passed     98.68%
  54  225_2023     0.01%    passed     99.99%
  55  227_2019     0.01%    passed     99.98%
  56  23_2020     10.04%    passed     97.77%
  57  231_2021     0.19%    passed     99.99%
  58  232_2023     1.92%    passed     98.11%
  59  234_2016     0.01%    passed    100.00%
  60  236_2019     0.01%    passed     99.98%
  61  236_2022    14.37%    passed     96.27%
  62  24_2019      0.01%    passed    100.00%
  63  240_2019     0.01%    passed     99.98%
  64  240_2023     0.01%    passed     99.82%
  65  242_2019     0.01%    passed     99.97%
  66  244_2019     0.01%    passed     99.99%
  67  246_2022     0.01%    passed     99.94%
  68  247_2018     0.01%    passed    100.00%
  69  25_2020      1.23%    passed     98.75%
  70  250_2021    10.79%    passed     95.30%
  71  251_2021    10.79%    passed     95.30%
  72  255_2019     0.01%    passed    100.00%
  73  259_2017     0.01%    passed     99.99%
  74  266_2022     0.01%    passed    100.00%
  75  270_2023     0.01%    passed     99.96%
  76  272_2017     0.01%    passed     99.99%
  77  272_2019     0.01%    passed    100.00%
  78  273_2023     0.01%    passed     99.83%
  79  275_2017     0.01%    passed     99.98%
  80  279_2017     2.50%    passed     99.68%
  81  280_2022     0.01%    passed    100.00%
  82  286_2022     1.92%    passed     98.08%
  83  289_2019     0.01%    passed     99.91%
  84  29_2021      0.01%    passed     99.79%
  85  291_2016     0.01%    passed     99.98%
  86  297_2023     0.01%    passed     99.99%
  87  298_2017     0.01%    passed     99.99%
  88  30_2021      0.06%    passed     99.60%
  89  30_2023      1.23%    passed     98.34%
  90  302_2016     0.01%    passed     99.99%
  91  302_2017     0.01%    passed    100.00%
  92  31_2021      0.06%    passed    100.00%
  93  312_2019     0.01%    passed     99.55%
  94  315_2017     0.01%    passed     99.99%
  95  319_2017     3.64%    passed     94.38%
  96  32_2016      0.01%    passed    100.00%
  97  320_2019     0.01%    passed     99.99%
  98  321_2023     3.59%    passed     98.99%
  99  333_2018     0.01%    passed     99.95%
 100  336_2019     2.42%    passed     99.74%
 101  34_2021     10.79%    passed     95.56%
 102  348_2023     0.01%    passed     99.83%
 103  35_2018      0.01%    passed     99.95%
 104  3553_2010    0.00%    passed     99.73%
 105  357_2016     0.01%    passed     99.99%
 106  358_2023     0.01%    passed     99.83%
 107  367_2015     0.01%    passed    100.00%
 108  374_2018     0.01%    passed     99.97%
 109  375_2017     0.00%    passed     99.99%
 110  375_2018     0.01%    passed    100.00%
 111  386_2016     0.01%    passed    100.00%
 112  4_2023       0.01%    passed     99.90%
 113  40_2021      0.02%    passed    100.00%
 114  40_2025     12.64%    passed     98.80%
 115  402_2017     0.01%    passed     99.99%
 116  41_2020      3.63%    passed     99.46%
 117  41_2024      0.01%    passed     99.85%
 118  42_2020      0.01%    passed     99.92%
 119  435_2018     0.01%    passed     99.99%
 120  44_2016      0.01%    passed    100.00%
 121  442_2016     0.01%    passed     99.97%
 122  447_2018     0.01%    passed     99.99%
 123  46_2017      0.01%    passed    100.00%
 124  46_2019      0.01%    passed     99.99%
 125  462_2016     0.01%    passed     99.99%
 126  468_2016     0.01%    passed     99.98%
 127  47_2019      0.01%    passed     99.86%
 128  48_2019      0.01%    passed     99.99%
 129  480_2016     0.01%    passed     99.99%
 130  481_2016     0.01%    passed     99.99%
 131  485_2016     0.01%    passed     99.99%
 132  495_2016     0.01%    passed    100.00%
 133  51_2018      0.01%    passed     99.89%
 134  52_2018      1.23%    passed     98.72%
 135  52_2021     10.79%    passed     95.56%
 136  534_2016     0.01%    passed     99.98%
 137  54_2024      0.01%    passed     99.93%
 138  56_2021      0.12%    passed     99.98%
 139  56_2023      0.01%    passed    100.00%
 140  560_2015     0.00%    passed     99.99%
 141  562_2016     0.01%    passed    100.00%
 142  563_2016     0.01%    passed     99.99%
 143  57_2017      0.01%    passed    100.00%
 144  571_2016     0.01%    passed     99.99%
 145  576_2016     0.01%    passed    100.00%
 146  609_2015     0.01%    passed     99.98%
 147  61_2021      0.02%    passed     99.35%
 148  653_2015     0.01%    passed     99.97%
 149  68_2021     10.81%    passed     95.70%
 150  69_2016      0.01%    passed    100.00%
 151  69_2022      2.50%    passed     99.55%
 152  696_2015     1.23%    passed     98.38%
 153  699_2015     1.23%    passed     98.48%
 154  704_2015     0.01%    passed     99.99%
 155  71_2021     10.80%    passed     94.94%
 156  711_2015     0.01%    passed     99.99%
 157  73_2015      0.01%    passed     99.98%
 158  73_2021     10.80%    passed     95.56%
 159  75_2021      8.04%    passed     92.47%
 160  88_2019      1.92%    passed     99.30%
 161  89_2018      0.01%    passed     99.99%
 162  9_2019       0.01%    passed    100.00%
 163  90_2021      0.02%    passed     99.72%
 164  91_2017      0.01%    passed     99.99%
 165  92_2018      0.01%    passed     99.96%
 166  93_2018      2.24%    passed     98.79%
 167  97_2017      0.01%    passed     99.99%
****  TOTAL        1.25%  0 sequences failed composition chi2 test (p-value<5%; df=3)
NOTE: 91_2017 is identical to 130_2016 but kept for subsequent analysis
NOTE: 34_2021 is identical to 147_2021 but kept for subsequent analysis
NOTE: 251_2021 is identical to 250_2021 but kept for subsequent analysis
NOTE: 435_2018 is identical to 298_2017 but kept for subsequent analysis
NOTE: 1 identical sequences (see below) will be ignored for subsequent analysis
NOTE: 52_2021 (identical to 147_2021) is ignored but added at the end
Alignment was printed to /Users/kirstyn.brunker/GitHub/RABV_Arequipa_2025/processed_data/nt_alignments/gene_alignments/redcap_download_20251009_0935_n167.renamed.aln_concat.fasta.uniqueseq.phy

For your convenience alignment with unique sequences printed to /Users/kirstyn.brunker/GitHub/RABV_Arequipa_2025/processed_data/nt_alignments/gene_alignments/redcap_download_20251009_0935_n167.renamed.aln_concat.fasta.uniqueseq.phy


Create initial parsimony tree by phylogenetic likelihood library (PLL)... 0.005 seconds
Measuring multi-threading efficiency up to 11 CPU cores
Increase to 10 rounds for branch lengths
139 trees examined
Threads: 1 / Time: 11.072 sec / Speedup: 1.000 / Efficiency: 100% / LogL: -31770
Threads: 2 / Time: 12.950 sec / Speedup: 0.855 / Efficiency: 43% / LogL: -31770
BEST NUMBER OF THREADS: 1

Perform fast likelihood tree search using GTR+I+G model...
Estimate model parameters (epsilon = 5.000)
Perform nearest neighbor interchange...
Estimate model parameters (epsilon = 1.000)
1. Initial log-likelihood: -20605.155
Optimal log-likelihood: -20604.914
Rate parameters:  A-C: 4.24800  A-G: 21.06187  A-T: 1.57919  C-G: 1.43692  C-T: 20.30193  G-T: 1.00000
Base frequencies:  A: 0.280  C: 0.219  G: 0.236  T: 0.265
Proportion of invariable sites: 0.485
Gamma shape alpha: 0.121
Parameters optimization took 1 rounds (0.075 sec)
Time for fast ML tree search: 0.731 seconds

NOTE: ModelFinder requires 29 MB RAM!
ModelFinder will test up to 484 DNA models (sample size: 10815 epsilon: 0.100) ...
 No. Model         -LnL         df  AIC          AICc         BIC
  1  GTR+F         20836.371    337 42346.743    42368.487    44803.031
  2  GTR+F+I       20602.289    338 41880.578    41902.453    44344.155
  3  GTR+F+G4      20655.609    338 41987.217    42009.092    44450.794
  4  GTR+F+I+G4    20579.883    339 41837.767    41859.773    44308.632
WARNING: Numerical underflow for lh-branch, use `-safe` option to avoid this warning
Pattern 147 likelihood is underflown
Pattern 253 likelihood is underflown
Pattern 492 likelihood is underflown
WARNING: Numerical underflow for lh-branch, use `-safe` option to avoid this warning
Pattern 147 likelihood is underflown
Pattern 253 likelihood is underflown
Pattern 492 likelihood is underflown
WARNING: Numerical underflow for lh-branch, use `-safe` option to avoid this warning
Pattern 147 likelihood is underflown
Pattern 253 likelihood is underflown
Pattern 492 likelihood is underflown
WARNING: Numerical underflow for lh-branch, use `-safe` option to avoid this warning
Pattern 147 likelihood is underflown
Pattern 253 likelihood is underflown
Pattern 492 likelihood is underflown
WARNING: Numerical underflow for lh-branch, use `-safe` option to avoid this warning
Pattern 147 likelihood is underflown
Pattern 253 likelihood is underflown
Pattern 492 likelihood is underflown
WARNING: Numerical underflow for lh-branch, use `-safe` option to avoid this warning
Pattern 147 likelihood is underflown
Pattern 253 likelihood is underflown
Pattern 492 likelihood is underflown
WARNING: Numerical underflow for lh-branch, use `-safe` option to avoid this warning
Pattern 147 likelihood is underflown
Pattern 494 likelihood is underflown
WARNING: Numerical underflow for lh-branch, use `-safe` option to avoid this warning
Pattern 147 likelihood is underflown
Pattern 494 likelihood is underflown
WARNING: Numerical underflow for lh-branch, use `-safe` option to avoid this warning
Pattern 147 likelihood is underflown
Pattern 494 likelihood is underflown
WARNING: Numerical underflow for lh-branch, use `-safe` option to avoid this warning
Pattern 147 likelihood is underflown
Pattern 494 likelihood is underflown
WARNING: Numerical underflow for lh-branch, use `-safe` option to avoid this warning
Pattern 147 likelihood is underflown
Pattern 494 likelihood is underflown
WARNING: Numerical underflow for lh-branch, use `-safe` option to avoid this warning
Pattern 147 likelihood is underflown
Pattern 494 likelihood is underflown
WARNING: Numerical underflow for lh-branch, use `-safe` option to avoid this warning
Pattern 476 likelihood is underflown
WARNING: Numerical underflow for lh-branch, use `-safe` option to avoid this warning
Pattern 476 likelihood is underflown
WARNING: Numerical underflow for lh-branch, use `-safe` option to avoid this warning
Pattern 476 likelihood is underflown
WARNING: Numerical underflow for lh-branch, use `-safe` option to avoid this warning
Pattern 476 likelihood is underflown
WARNING: Numerical underflow for lh-branch, use `-safe` option to avoid this warning
Pattern 476 likelihood is underflown
WARNING: Numerical underflow for lh-branch, use `-safe` option to avoid this warning
Pattern 476 likelihood is underflown
WARNING: Numerical underflow for lh-branch, use `-safe` option to avoid this warning
Pattern 147 likelihood is underflown
WARNING: Numerical underflow for lh-branch, use `-safe` option to avoid this warning
Pattern 147 likelihood is underflown
WARNING: Numerical underflow for lh-branch, use `-safe` option to avoid this warning
Pattern 147 likelihood is underflown
WARNING: Numerical underflow for lh-branch, use `-safe` option to avoid this warning
Pattern 147 likelihood is underflown
WARNING: Numerical underflow for lh-branch, use `-safe` option to avoid this warning
Pattern 147 likelihood is underflown
WARNING: Numerical underflow for lh-branch, use `-safe` option to avoid this warning
Pattern 147 likelihood is underflown
WARNING: Numerical underflow for lh-branch, use `-safe` option to avoid this warning
Pattern 147 likelihood is underflown
Pattern 449 likelihood is underflown
Pattern 494 likelihood is underflown
WARNING: Numerical underflow for lh-branch, use `-safe` option to avoid this warning
Pattern 147 likelihood is underflown
Pattern 449 likelihood is underflown
Pattern 494 likelihood is underflown
WARNING: Numerical underflow for lh-branch, use `-safe` option to avoid this warning
Pattern 147 likelihood is underflown
Pattern 449 likelihood is underflown
Pattern 494 likelihood is underflown
WARNING: Numerical underflow for lh-branch, use `-safe` option to avoid this warning
Pattern 147 likelihood is underflown
Pattern 449 likelihood is underflown
Pattern 494 likelihood is underflown
WARNING: Numerical underflow for lh-branch, use `-safe` option to avoid this warning
Pattern 147 likelihood is underflown
Pattern 449 likelihood is underflown
Pattern 494 likelihood is underflown
WARNING: Numerical underflow for lh-branch, use `-safe` option to avoid this warning
Pattern 147 likelihood is underflown
Pattern 449 likelihood is underflown
Pattern 494 likelihood is underflown
WARNING: Numerical underflow for lh-branch, use `-safe` option to avoid this warning
Pattern 99 likelihood is underflown
WARNING: Numerical underflow for lh-branch, use `-safe` option to avoid this warning
Pattern 99 likelihood is underflown
WARNING: Numerical underflow for lh-branch, use `-safe` option to avoid this warning
Pattern 99 likelihood is underflown
WARNING: Numerical underflow for lh-branch, use `-safe` option to avoid this warning
Pattern 99 likelihood is underflown
WARNING: Numerical underflow for lh-branch, use `-safe` option to avoid this warning
Pattern 99 likelihood is underflown
WARNING: Numerical underflow for lh-branch, use `-safe` option to avoid this warning
Pattern 99 likelihood is underflown
WARNING: Numerical underflow for lh-branch, use `-safe` option to avoid this warning
Pattern 449 likelihood is underflown
WARNING: Numerical underflow for lh-branch, use `-safe` option to avoid this warning
Pattern 449 likelihood is underflown
WARNING: Numerical underflow for lh-branch, use `-safe` option to avoid this warning
Pattern 449 likelihood is underflown
WARNING: Numerical underflow for lh-branch, use `-safe` option to avoid this warning
Pattern 449 likelihood is underflown
WARNING: Numerical underflow for lh-branch, use `-safe` option to avoid this warning
Pattern 449 likelihood is underflown
WARNING: Numerical underflow for lh-branch, use `-safe` option to avoid this warning
Pattern 449 likelihood is underflown
WARNING: Numerical underflow for lh-branch, use `-safe` option to avoid this warning
Pattern 306 likelihood is underflown
WARNING: Numerical underflow for lh-branch, use `-safe` option to avoid this warning
Pattern 306 likelihood is underflown
WARNING: Numerical underflow for lh-branch, use `-safe` option to avoid this warning
Pattern 306 likelihood is underflown
WARNING: Numerical underflow for lh-branch, use `-safe` option to avoid this warning
Pattern 306 likelihood is underflown
WARNING: Numerical underflow for lh-branch, use `-safe` option to avoid this warning
Pattern 306 likelihood is underflown
WARNING: Numerical underflow for lh-branch, use `-safe` option to avoid this warning
Pattern 306 likelihood is underflown
WARNING: Numerical underflow for lh-branch, use `-safe` option to avoid this warning
Pattern 494 likelihood is underflown
WARNING: Numerical underflow for lh-branch, use `-safe` option to avoid this warning
Pattern 494 likelihood is underflown
WARNING: Numerical underflow for lh-branch, use `-safe` option to avoid this warning
Pattern 494 likelihood is underflown
WARNING: Numerical underflow for lh-branch, use `-safe` option to avoid this warning
Pattern 494 likelihood is underflown
WARNING: Numerical underflow for lh-branch, use `-safe` option to avoid this warning
Pattern 494 likelihood is underflown
WARNING: Numerical underflow for lh-branch, use `-safe` option to avoid this warning
Pattern 494 likelihood is underflown
  5  GTR+F+R2      20601.604    339 41881.208    41903.215    44352.074
WARNING: Numerical underflow for lh-branch, use `-safe` option to avoid this warning
Pattern 147 likelihood is underflown
WARNING: Numerical underflow for lh-branch, use `-safe` option to avoid this warning
Pattern 147 likelihood is underflown
WARNING: Numerical underflow for lh-branch, use `-safe` option to avoid this warning
Pattern 147 likelihood is underflown
WARNING: Numerical underflow for lh-branch, use `-safe` option to avoid this warning
Pattern 147 likelihood is underflown
WARNING: Numerical underflow for lh-branch, use `-safe` option to avoid this warning
Pattern 147 likelihood is underflown
WARNING: Numerical underflow for lh-branch, use `-safe` option to avoid this warning
Pattern 147 likelihood is underflown
WARNING: Numerical underflow for lh-branch, use `-safe` option to avoid this warning
Pattern 147 likelihood is underflown
WARNING: Numerical underflow for lh-branch, use `-safe` option to avoid this warning
Pattern 147 likelihood is underflown
WARNING: Numerical underflow for lh-branch, use `-safe` option to avoid this warning
Pattern 147 likelihood is underflown
WARNING: Numerical underflow for lh-branch, use `-safe` option to avoid this warning
Pattern 131 likelihood is underflown
Pattern 494 likelihood is underflown
WARNING: Numerical underflow for lh-branch, use `-safe` option to avoid this warning
Pattern 131 likelihood is underflown
Pattern 494 likelihood is underflown
WARNING: Numerical underflow for lh-branch, use `-safe` option to avoid this warning
Pattern 131 likelihood is underflown
Pattern 494 likelihood is underflown
WARNING: Numerical underflow for lh-branch, use `-safe` option to avoid this warning
Pattern 131 likelihood is underflown
Pattern 494 likelihood is underflown
WARNING: Numerical underflow for lh-branch, use `-safe` option to avoid this warning
Pattern 131 likelihood is underflown
Pattern 494 likelihood is underflown
WARNING: Numerical underflow for lh-branch, use `-safe` option to avoid this warning
Pattern 131 likelihood is underflown
Pattern 494 likelihood is underflown
WARNING: Numerical underflow for lh-branch, use `-safe` option to avoid this warning
Pattern 131 likelihood is underflown
Pattern 494 likelihood is underflown
WARNING: Numerical underflow for lh-branch, use `-safe` option to avoid this warning
Pattern 131 likelihood is underflown
Pattern 494 likelihood is underflown
WARNING: Numerical underflow for lh-branch, use `-safe` option to avoid this warning
Pattern 131 likelihood is underflown
Pattern 494 likelihood is underflown
WARNING: Numerical underflow for lh-branch, use `-safe` option to avoid this warning
Pattern 494 likelihood is underflown
WARNING: Numerical underflow for lh-branch, use `-safe` option to avoid this warning
Pattern 494 likelihood is underflown
WARNING: Numerical underflow for lh-branch, use `-safe` option to avoid this warning
Pattern 494 likelihood is underflown
WARNING: Numerical underflow for lh-branch, use `-safe` option to avoid this warning
Pattern 494 likelihood is underflown
WARNING: Numerical underflow for lh-branch, use `-safe` option to avoid this warning
Pattern 494 likelihood is underflown
WARNING: Numerical underflow for lh-branch, use `-safe` option to avoid this warning
Pattern 494 likelihood is underflown
WARNING: Numerical underflow for lh-branch, use `-safe` option to avoid this warning
Pattern 494 likelihood is underflown
WARNING: Numerical underflow for lh-branch, use `-safe` option to avoid this warning
Pattern 494 likelihood is underflown
WARNING: Numerical underflow for lh-branch, use `-safe` option to avoid this warning
Pattern 494 likelihood is underflown
WARNING: Numerical underflow for lh-branch, use `-safe` option to avoid this warning
Pattern 99 likelihood is underflown
Pattern 147 likelihood is underflown
WARNING: Numerical underflow for lh-branch, use `-safe` option to avoid this warning
Pattern 99 likelihood is underflown
Pattern 147 likelihood is underflown
WARNING: Numerical underflow for lh-branch, use `-safe` option to avoid this warning
Pattern 99 likelihood is underflown
Pattern 147 likelihood is underflown
WARNING: Numerical underflow for lh-branch, use `-safe` option to avoid this warning
Pattern 99 likelihood is underflown
Pattern 147 likelihood is underflown
WARNING: Numerical underflow for lh-branch, use `-safe` option to avoid this warning
Pattern 99 likelihood is underflown
Pattern 147 likelihood is underflown
WARNING: Numerical underflow for lh-branch, use `-safe` option to avoid this warning
Pattern 99 likelihood is underflown
Pattern 147 likelihood is underflown
WARNING: Numerical underflow for lh-branch, use `-safe` option to avoid this warning
Pattern 99 likelihood is underflown
Pattern 147 likelihood is underflown
WARNING: Numerical underflow for lh-branch, use `-safe` option to avoid this warning
Pattern 99 likelihood is underflown
Pattern 147 likelihood is underflown
WARNING: Numerical underflow for lh-branch, use `-safe` option to avoid this warning
Pattern 99 likelihood is underflown
Pattern 147 likelihood is underflown
WARNING: Numerical underflow for lh-branch, use `-safe` option to avoid this warning
Pattern 147 likelihood is underflown
Pattern 494 likelihood is underflown
WARNING: Numerical underflow for lh-branch, use `-safe` option to avoid this warning
Pattern 147 likelihood is underflown
Pattern 494 likelihood is underflown
WARNING: Numerical underflow for lh-branch, use `-safe` option to avoid this warning
Pattern 147 likelihood is underflown
Pattern 494 likelihood is underflown
WARNING: Numerical underflow for lh-branch, use `-safe` option to avoid this warning
Pattern 147 likelihood is underflown
Pattern 494 likelihood is underflown
WARNING: Numerical underflow for lh-branch, use `-safe` option to avoid this warning
Pattern 147 likelihood is underflown
Pattern 494 likelihood is underflown
WARNING: Numerical underflow for lh-branch, use `-safe` option to avoid this warning
Pattern 147 likelihood is underflown
Pattern 494 likelihood is underflown
WARNING: Numerical underflow for lh-branch, use `-safe` option to avoid this warning
Pattern 147 likelihood is underflown
Pattern 494 likelihood is underflown
WARNING: Numerical underflow for lh-branch, use `-safe` option to avoid this warning
Pattern 147 likelihood is underflown
Pattern 494 likelihood is underflown
WARNING: Numerical underflow for lh-branch, use `-safe` option to avoid this warning
Pattern 147 likelihood is underflown
Pattern 494 likelihood is underflown
WARNING: Numerical underflow for lh-branch, use `-safe` option to avoid this warning
Pattern 99 likelihood is underflown
Pattern 147 likelihood is underflown
WARNING: Numerical underflow for lh-branch, use `-safe` option to avoid this warning
Pattern 99 likelihood is underflown
Pattern 147 likelihood is underflown
WARNING: Numerical underflow for lh-branch, use `-safe` option to avoid this warning
Pattern 99 likelihood is underflown
Pattern 147 likelihood is underflown
WARNING: Numerical underflow for lh-branch, use `-safe` option to avoid this warning
Pattern 99 likelihood is underflown
Pattern 147 likelihood is underflown
WARNING: Numerical underflow for lh-branch, use `-safe` option to avoid this warning
Pattern 99 likelihood is underflown
Pattern 147 likelihood is underflown
WARNING: Numerical underflow for lh-branch, use `-safe` option to avoid this warning
Pattern 99 likelihood is underflown
Pattern 147 likelihood is underflown
WARNING: Numerical underflow for lh-branch, use `-safe` option to avoid this warning
Pattern 99 likelihood is underflown
Pattern 147 likelihood is underflown
WARNING: Numerical underflow for lh-branch, use `-safe` option to avoid this warning
Pattern 99 likelihood is underflown
Pattern 147 likelihood is underflown
WARNING: Numerical underflow for lh-branch, use `-safe` option to avoid this warning
Pattern 99 likelihood is underflown
Pattern 147 likelihood is underflown
WARNING: Numerical underflow for lh-branch, use `-safe` option to avoid this warning
Pattern 147 likelihood is underflown
WARNING: Numerical underflow for lh-branch, use `-safe` option to avoid this warning
Pattern 147 likelihood is underflown
WARNING: Numerical underflow for lh-branch, use `-safe` option to avoid this warning
Pattern 147 likelihood is underflown
WARNING: Numerical underflow for lh-branch, use `-safe` option to avoid this warning
Pattern 147 likelihood is underflown
WARNING: Numerical underflow for lh-branch, use `-safe` option to avoid this warning
Pattern 147 likelihood is underflown
WARNING: Numerical underflow for lh-branch, use `-safe` option to avoid this warning
Pattern 147 likelihood is underflown
WARNING: Numerical underflow for lh-branch, use `-safe` option to avoid this warning
Pattern 147 likelihood is underflown
WARNING: Numerical underflow for lh-branch, use `-safe` option to avoid this warning
Pattern 147 likelihood is underflown
WARNING: Numerical underflow for lh-branch, use `-safe` option to avoid this warning
Pattern 147 likelihood is underflown
WARNING: Numerical underflow for lh-branch, use `-safe` option to avoid this warning
Pattern 99 likelihood is underflown
Pattern 147 likelihood is underflown
Pattern 167 likelihood is underflown
Pattern 494 likelihood is underflown
WARNING: Numerical underflow for lh-branch, use `-safe` option to avoid this warning
Pattern 99 likelihood is underflown
Pattern 147 likelihood is underflown
Pattern 167 likelihood is underflown
Pattern 494 likelihood is underflown
WARNING: Numerical underflow for lh-branch, use `-safe` option to avoid this warning
Pattern 99 likelihood is underflown
Pattern 147 likelihood is underflown
Pattern 167 likelihood is underflown
Pattern 494 likelihood is underflown
WARNING: Numerical underflow for lh-branch, use `-safe` option to avoid this warning
Pattern 99 likelihood is underflown
Pattern 147 likelihood is underflown
Pattern 167 likelihood is underflown
Pattern 494 likelihood is underflown
WARNING: Numerical underflow for lh-branch, use `-safe` option to avoid this warning
Pattern 99 likelihood is underflown
Pattern 147 likelihood is underflown
Pattern 167 likelihood is underflown
Pattern 494 likelihood is underflown
WARNING: Numerical underflow for lh-branch, use `-safe` option to avoid this warning
Pattern 99 likelihood is underflown
Pattern 147 likelihood is underflown
Pattern 167 likelihood is underflown
Pattern 494 likelihood is underflown
WARNING: Numerical underflow for lh-branch, use `-safe` option to avoid this warning
Pattern 99 likelihood is underflown
Pattern 147 likelihood is underflown
Pattern 167 likelihood is underflown
Pattern 494 likelihood is underflown
WARNING: Numerical underflow for lh-branch, use `-safe` option to avoid this warning
Pattern 99 likelihood is underflown
Pattern 147 likelihood is underflown
Pattern 167 likelihood is underflown
Pattern 494 likelihood is underflown
WARNING: Numerical underflow for lh-branch, use `-safe` option to avoid this warning
Pattern 99 likelihood is underflown
Pattern 147 likelihood is underflown
Pattern 167 likelihood is underflown
Pattern 494 likelihood is underflown
  6  GTR+F+R3      20372.807    341 41427.615    41449.886    43913.058
WARNING: Numerical underflow for lh-branch, use `-safe` option to avoid this warning
Pattern 147 likelihood is underflown
WARNING: Numerical underflow for lh-branch, use `-safe` option to avoid this warning
Pattern 147 likelihood is underflown
WARNING: Numerical underflow for lh-branch, use `-safe` option to avoid this warning
Pattern 147 likelihood is underflown
WARNING: Numerical underflow for lh-branch, use `-safe` option to avoid this warning
Pattern 147 likelihood is underflown
WARNING: Numerical underflow for lh-branch, use `-safe` option to avoid this warning
Pattern 147 likelihood is underflown
WARNING: Numerical underflow for lh-branch, use `-safe` option to avoid this warning
Pattern 147 likelihood is underflown
WARNING: Numerical underflow for lh-branch, use `-safe` option to avoid this warning
Pattern 147 likelihood is underflown
WARNING: Numerical underflow for lh-branch, use `-safe` option to avoid this warning
Pattern 147 likelihood is underflown
WARNING: Numerical underflow for lh-branch, use `-safe` option to avoid this warning
Pattern 147 likelihood is underflown
WARNING: Numerical underflow for lh-branch, use `-safe` option to avoid this warning
Pattern 147 likelihood is underflown
WARNING: Numerical underflow for lh-branch, use `-safe` option to avoid this warning
Pattern 147 likelihood is underflown
WARNING: Numerical underflow for lh-branch, use `-safe` option to avoid this warning
Pattern 147 likelihood is underflown
WARNING: Numerical underflow for lh-branch, use `-safe` option to avoid this warning
Pattern 147 likelihood is underflown
WARNING: Numerical underflow for lh-branch, use `-safe` option to avoid this warning
Pattern 147 likelihood is underflown
WARNING: Numerical underflow for lh-branch, use `-safe` option to avoid this warning
Pattern 147 likelihood is underflown
WARNING: Numerical underflow for lh-branch, use `-safe` option to avoid this warning
Pattern 147 likelihood is underflown
WARNING: Numerical underflow for lh-branch, use `-safe` option to avoid this warning
Pattern 147 likelihood is underflown
WARNING: Numerical underflow for lh-branch, use `-safe` option to avoid this warning
Pattern 147 likelihood is underflown
WARNING: Numerical underflow for lh-branch, use `-safe` option to avoid this warning
Pattern 147 likelihood is underflown
WARNING: Numerical underflow for lh-branch, use `-safe` option to avoid this warning
Pattern 147 likelihood is underflown
WARNING: Numerical underflow for lh-branch, use `-safe` option to avoid this warning
Pattern 147 likelihood is underflown
WARNING: Numerical underflow for lh-branch, use `-safe` option to avoid this warning
Pattern 147 likelihood is underflown
WARNING: Numerical underflow for lh-branch, use `-safe` option to avoid this warning
Pattern 147 likelihood is underflown
WARNING: Numerical underflow for lh-branch, use `-safe` option to avoid this warning
Pattern 147 likelihood is underflown
WARNING: Numerical underflow for lh-branch, use `-safe` option to avoid this warning
Pattern 147 likelihood is underflown
WARNING: Numerical underflow for lh-branch, use `-safe` option to avoid this warning
Pattern 147 likelihood is underflown
WARNING: Numerical underflow for lh-branch, use `-safe` option to avoid this warning
Pattern 147 likelihood is underflown
WARNING: Numerical underflow for lh-branch, use `-safe` option to avoid this warning
Pattern 147 likelihood is underflown
WARNING: Numerical underflow for lh-branch, use `-safe` option to avoid this warning
Pattern 147 likelihood is underflown
WARNING: Numerical underflow for lh-branch, use `-safe` option to avoid this warning
Pattern 147 likelihood is underflown
WARNING: Numerical underflow for lh-branch, use `-safe` option to avoid this warning
Pattern 147 likelihood is underflown
WARNING: Numerical underflow for lh-branch, use `-safe` option to avoid this warning
Pattern 147 likelihood is underflown
WARNING: Numerical underflow for lh-branch, use `-safe` option to avoid this warning
Pattern 147 likelihood is underflown
WARNING: Numerical underflow for lh-branch, use `-safe` option to avoid this warning
Pattern 147 likelihood is underflown
WARNING: Numerical underflow for lh-branch, use `-safe` option to avoid this warning
Pattern 147 likelihood is underflown
WARNING: Numerical underflow for lh-branch, use `-safe` option to avoid this warning
Pattern 147 likelihood is underflown
WARNING: Numerical underflow for lh-branch, use `-safe` option to avoid this warning
Pattern 8 likelihood is underflown
Pattern 13 likelihood is underflown
Pattern 16 likelihood is underflown
Pattern 83 likelihood is underflown
Pattern 109 likelihood is underflown
Pattern 110 likelihood is underflown
Pattern 121 likelihood is underflown
Pattern 123 likelihood is underflown
Pattern 150 likelihood is underflown
Pattern 162 likelihood is underflown
Pattern 230 likelihood is underflown
Pattern 240 likelihood is underflown
Pattern 340 likelihood is underflown
Pattern 347 likelihood is underflown
Pattern 394 likelihood is underflown
Pattern 420 likelihood is underflown
Pattern 458 likelihood is underflown
Pattern 464 likelihood is underflown
Pattern 501 likelihood is underflown
WARNING: Numerical underflow for lh-branch, use `-safe` option to avoid this warning
Pattern 8 likelihood is underflown
Pattern 13 likelihood is underflown
Pattern 16 likelihood is underflown
Pattern 83 likelihood is underflown
Pattern 109 likelihood is underflown
Pattern 110 likelihood is underflown
Pattern 121 likelihood is underflown
Pattern 123 likelihood is underflown
Pattern 150 likelihood is underflown
Pattern 162 likelihood is underflown
Pattern 230 likelihood is underflown
Pattern 240 likelihood is underflown
Pattern 340 likelihood is underflown
Pattern 347 likelihood is underflown
Pattern 394 likelihood is underflown
Pattern 420 likelihood is underflown
Pattern 458 likelihood is underflown
Pattern 464 likelihood is underflown
Pattern 501 likelihood is underflown
WARNING: Numerical underflow for lh-branch, use `-safe` option to avoid this warning
Pattern 8 likelihood is underflown
Pattern 13 likelihood is underflown
Pattern 16 likelihood is underflown
Pattern 83 likelihood is underflown
Pattern 109 likelihood is underflown
Pattern 110 likelihood is underflown
Pattern 121 likelihood is underflown
Pattern 123 likelihood is underflown
Pattern 150 likelihood is underflown
Pattern 162 likelihood is underflown
Pattern 230 likelihood is underflown
Pattern 240 likelihood is underflown
Pattern 340 likelihood is underflown
Pattern 347 likelihood is underflown
Pattern 394 likelihood is underflown
Pattern 420 likelihood is underflown
Pattern 458 likelihood is underflown
Pattern 464 likelihood is underflown
Pattern 501 likelihood is underflown
WARNING: Numerical underflow for lh-branch, use `-safe` option to avoid this warning
Pattern 8 likelihood is underflown
Pattern 13 likelihood is underflown
Pattern 16 likelihood is underflown
Pattern 83 likelihood is underflown
Pattern 109 likelihood is underflown
Pattern 110 likelihood is underflown
Pattern 121 likelihood is underflown
Pattern 123 likelihood is underflown
Pattern 150 likelihood is underflown
Pattern 162 likelihood is underflown
Pattern 230 likelihood is underflown
Pattern 240 likelihood is underflown
Pattern 340 likelihood is underflown
Pattern 347 likelihood is underflown
Pattern 394 likelihood is underflown
Pattern 420 likelihood is underflown
Pattern 458 likelihood is underflown
Pattern 464 likelihood is underflown
Pattern 501 likelihood is underflown
WARNING: Numerical underflow for lh-branch, use `-safe` option to avoid this warning
Pattern 8 likelihood is underflown
Pattern 13 likelihood is underflown
Pattern 16 likelihood is underflown
Pattern 83 likelihood is underflown
Pattern 109 likelihood is underflown
Pattern 110 likelihood is underflown
Pattern 121 likelihood is underflown
Pattern 123 likelihood is underflown
Pattern 150 likelihood is underflown
Pattern 162 likelihood is underflown
Pattern 230 likelihood is underflown
Pattern 240 likelihood is underflown
Pattern 340 likelihood is underflown
Pattern 347 likelihood is underflown
Pattern 394 likelihood is underflown
Pattern 420 likelihood is underflown
Pattern 458 likelihood is underflown
Pattern 464 likelihood is underflown
Pattern 501 likelihood is underflown
WARNING: Numerical underflow for lh-branch, use `-safe` option to avoid this warning
Pattern 8 likelihood is underflown
Pattern 13 likelihood is underflown
Pattern 16 likelihood is underflown
Pattern 83 likelihood is underflown
Pattern 109 likelihood is underflown
Pattern 110 likelihood is underflown
Pattern 121 likelihood is underflown
Pattern 123 likelihood is underflown
Pattern 150 likelihood is underflown
Pattern 162 likelihood is underflown
Pattern 230 likelihood is underflown
Pattern 240 likelihood is underflown
Pattern 340 likelihood is underflown
Pattern 347 likelihood is underflown
Pattern 394 likelihood is underflown
Pattern 420 likelihood is underflown
Pattern 458 likelihood is underflown
Pattern 464 likelihood is underflown
Pattern 501 likelihood is underflown
WARNING: Numerical underflow for lh-branch, use `-safe` option to avoid this warning
Pattern 8 likelihood is underflown
Pattern 13 likelihood is underflown
Pattern 16 likelihood is underflown
Pattern 83 likelihood is underflown
Pattern 109 likelihood is underflown
Pattern 110 likelihood is underflown
Pattern 121 likelihood is underflown
Pattern 123 likelihood is underflown
Pattern 150 likelihood is underflown
Pattern 162 likelihood is underflown
Pattern 230 likelihood is underflown
Pattern 240 likelihood is underflown
Pattern 340 likelihood is underflown
Pattern 347 likelihood is underflown
Pattern 394 likelihood is underflown
Pattern 420 likelihood is underflown
Pattern 458 likelihood is underflown
Pattern 464 likelihood is underflown
Pattern 501 likelihood is underflown
WARNING: Numerical underflow for lh-branch, use `-safe` option to avoid this warning
Pattern 8 likelihood is underflown
Pattern 13 likelihood is underflown
Pattern 16 likelihood is underflown
Pattern 83 likelihood is underflown
Pattern 109 likelihood is underflown
Pattern 110 likelihood is underflown
Pattern 121 likelihood is underflown
Pattern 123 likelihood is underflown
Pattern 150 likelihood is underflown
Pattern 162 likelihood is underflown
Pattern 230 likelihood is underflown
Pattern 240 likelihood is underflown
Pattern 340 likelihood is underflown
Pattern 347 likelihood is underflown
Pattern 394 likelihood is underflown
Pattern 420 likelihood is underflown
Pattern 458 likelihood is underflown
Pattern 464 likelihood is underflown
Pattern 501 likelihood is underflown
WARNING: Numerical underflow for lh-branch, use `-safe` option to avoid this warning
Pattern 8 likelihood is underflown
Pattern 13 likelihood is underflown
Pattern 16 likelihood is underflown
Pattern 83 likelihood is underflown
Pattern 109 likelihood is underflown
Pattern 110 likelihood is underflown
Pattern 121 likelihood is underflown
Pattern 123 likelihood is underflown
Pattern 150 likelihood is underflown
Pattern 162 likelihood is underflown
Pattern 230 likelihood is underflown
Pattern 240 likelihood is underflown
Pattern 340 likelihood is underflown
Pattern 347 likelihood is underflown
Pattern 394 likelihood is underflown
Pattern 420 likelihood is underflown
Pattern 458 likelihood is underflown
Pattern 464 likelihood is underflown
Pattern 501 likelihood is underflown
WARNING: Numerical underflow for lh-branch, use `-safe` option to avoid this warning
Pattern 8 likelihood is underflown
Pattern 13 likelihood is underflown
Pattern 16 likelihood is underflown
Pattern 83 likelihood is underflown
Pattern 109 likelihood is underflown
Pattern 110 likelihood is underflown
Pattern 121 likelihood is underflown
Pattern 123 likelihood is underflown
Pattern 150 likelihood is underflown
Pattern 162 likelihood is underflown
Pattern 230 likelihood is underflown
Pattern 240 likelihood is underflown
Pattern 340 likelihood is underflown
Pattern 347 likelihood is underflown
Pattern 394 likelihood is underflown
Pattern 420 likelihood is underflown
Pattern 458 likelihood is underflown
Pattern 464 likelihood is underflown
Pattern 501 likelihood is underflown
WARNING: Numerical underflow for lh-branch, use `-safe` option to avoid this warning
Pattern 8 likelihood is underflown
Pattern 13 likelihood is underflown
Pattern 16 likelihood is underflown
Pattern 83 likelihood is underflown
Pattern 109 likelihood is underflown
Pattern 110 likelihood is underflown
Pattern 121 likelihood is underflown
Pattern 123 likelihood is underflown
Pattern 150 likelihood is underflown
Pattern 162 likelihood is underflown
Pattern 230 likelihood is underflown
Pattern 240 likelihood is underflown
Pattern 340 likelihood is underflown
Pattern 347 likelihood is underflown
Pattern 394 likelihood is underflown
Pattern 420 likelihood is underflown
Pattern 458 likelihood is underflown
Pattern 464 likelihood is underflown
Pattern 501 likelihood is underflown
WARNING: Numerical underflow for lh-branch, use `-safe` option to avoid this warning
Pattern 8 likelihood is underflown
Pattern 13 likelihood is underflown
Pattern 16 likelihood is underflown
Pattern 83 likelihood is underflown
Pattern 109 likelihood is underflown
Pattern 110 likelihood is underflown
Pattern 121 likelihood is underflown
Pattern 123 likelihood is underflown
Pattern 150 likelihood is underflown
Pattern 162 likelihood is underflown
Pattern 230 likelihood is underflown
Pattern 240 likelihood is underflown
Pattern 340 likelihood is underflown
Pattern 347 likelihood is underflown
Pattern 394 likelihood is underflown
Pattern 420 likelihood is underflown
Pattern 458 likelihood is underflown
Pattern 464 likelihood is underflown
Pattern 501 likelihood is underflown
  7  GTR+F+R4      20372.163    343 41430.326    41452.863    43930.347
WARNING: Numerical underflow for lh-branch, use `-safe` option to avoid this warning
Pattern 449 likelihood is underflown
Pattern 494 likelihood is underflown
WARNING: Numerical underflow for lh-branch, use `-safe` option to avoid this warning
Pattern 449 likelihood is underflown
Pattern 494 likelihood is underflown
WARNING: Numerical underflow for lh-branch, use `-safe` option to avoid this warning
Pattern 449 likelihood is underflown
Pattern 494 likelihood is underflown
WARNING: Numerical underflow for lh-branch, use `-safe` option to avoid this warning
Pattern 449 likelihood is underflown
Pattern 494 likelihood is underflown
WARNING: Numerical underflow for lh-branch, use `-safe` option to avoid this warning
Pattern 449 likelihood is underflown
Pattern 494 likelihood is underflown
WARNING: Numerical underflow for lh-branch, use `-safe` option to avoid this warning
Pattern 449 likelihood is underflown
Pattern 494 likelihood is underflown
WARNING: Numerical underflow for lh-branch, use `-safe` option to avoid this warning
Pattern 147 likelihood is underflown
Pattern 494 likelihood is underflown
Pattern 504 likelihood is underflown
WARNING: Numerical underflow for lh-branch, use `-safe` option to avoid this warning
Pattern 147 likelihood is underflown
Pattern 494 likelihood is underflown
Pattern 504 likelihood is underflown
WARNING: Numerical underflow for lh-branch, use `-safe` option to avoid this warning
Pattern 147 likelihood is underflown
Pattern 494 likelihood is underflown
Pattern 504 likelihood is underflown
WARNING: Numerical underflow for lh-branch, use `-safe` option to avoid this warning
Pattern 147 likelihood is underflown
Pattern 494 likelihood is underflown
Pattern 504 likelihood is underflown
WARNING: Numerical underflow for lh-branch, use `-safe` option to avoid this warning
Pattern 147 likelihood is underflown
Pattern 494 likelihood is underflown
Pattern 504 likelihood is underflown
WARNING: Numerical underflow for lh-branch, use `-safe` option to avoid this warning
Pattern 147 likelihood is underflown
Pattern 494 likelihood is underflown
Pattern 504 likelihood is underflown
WARNING: Numerical underflow for lh-branch, use `-safe` option to avoid this warning
Pattern 8 likelihood is underflown
Pattern 62 likelihood is underflown
Pattern 108 likelihood is underflown
Pattern 131 likelihood is underflown
Pattern 412 likelihood is underflown
Pattern 494 likelihood is underflown
WARNING: Numerical underflow for lh-branch, use `-safe` option to avoid this warning
Pattern 8 likelihood is underflown
Pattern 62 likelihood is underflown
Pattern 108 likelihood is underflown
Pattern 131 likelihood is underflown
Pattern 412 likelihood is underflown
Pattern 494 likelihood is underflown
WARNING: Numerical underflow for lh-branch, use `-safe` option to avoid this warning
Pattern 8 likelihood is underflown
Pattern 62 likelihood is underflown
Pattern 108 likelihood is underflown
Pattern 131 likelihood is underflown
Pattern 412 likelihood is underflown
Pattern 494 likelihood is underflown
WARNING: Numerical underflow for lh-branch, use `-safe` option to avoid this warning
Pattern 8 likelihood is underflown
Pattern 62 likelihood is underflown
Pattern 108 likelihood is underflown
Pattern 131 likelihood is underflown
Pattern 412 likelihood is underflown
Pattern 494 likelihood is underflown
WARNING: Numerical underflow for lh-branch, use `-safe` option to avoid this warning
Pattern 8 likelihood is underflown
Pattern 62 likelihood is underflown
Pattern 108 likelihood is underflown
Pattern 131 likelihood is underflown
Pattern 412 likelihood is underflown
Pattern 494 likelihood is underflown
WARNING: Numerical underflow for lh-branch, use `-safe` option to avoid this warning
Pattern 8 likelihood is underflown
Pattern 62 likelihood is underflown
Pattern 108 likelihood is underflown
Pattern 131 likelihood is underflown
Pattern 412 likelihood is underflown
Pattern 494 likelihood is underflown
WARNING: Numerical underflow for lh-branch, use `-safe` option to avoid this warning
Pattern 147 likelihood is underflown
Pattern 494 likelihood is underflown
WARNING: Numerical underflow for lh-branch, use `-safe` option to avoid this warning
Pattern 147 likelihood is underflown
Pattern 494 likelihood is underflown
WARNING: Numerical underflow for lh-branch, use `-safe` option to avoid this warning
Pattern 147 likelihood is underflown
Pattern 494 likelihood is underflown
WARNING: Numerical underflow for lh-branch, use `-safe` option to avoid this warning
Pattern 147 likelihood is underflown
Pattern 494 likelihood is underflown
WARNING: Numerical underflow for lh-branch, use `-safe` option to avoid this warning
Pattern 147 likelihood is underflown
Pattern 494 likelihood is underflown
WARNING: Numerical underflow for lh-branch, use `-safe` option to avoid this warning
Pattern 147 likelihood is underflown
Pattern 494 likelihood is underflown
 14  GTR+F+I+R2    20601.784    340 41883.569    41905.707    44361.723
WARNING: Numerical underflow for lh-branch, use `-safe` option to avoid this warning
Pattern 147 likelihood is underflown
WARNING: Numerical underflow for lh-branch, use `-safe` option to avoid this warning
Pattern 147 likelihood is underflown
WARNING: Numerical underflow for lh-branch, use `-safe` option to avoid this warning
Pattern 147 likelihood is underflown
WARNING: Numerical underflow for lh-branch, use `-safe` option to avoid this warning
Pattern 147 likelihood is underflown
WARNING: Numerical underflow for lh-branch, use `-safe` option to avoid this warning
Pattern 147 likelihood is underflown
WARNING: Numerical underflow for lh-branch, use `-safe` option to avoid this warning
Pattern 147 likelihood is underflown
WARNING: Numerical underflow for lh-branch, use `-safe` option to avoid this warning
Pattern 147 likelihood is underflown
WARNING: Numerical underflow for lh-branch, use `-safe` option to avoid this warning
Pattern 147 likelihood is underflown
WARNING: Numerical underflow for lh-branch, use `-safe` option to avoid this warning
Pattern 147 likelihood is underflown
WARNING: Numerical underflow for lh-branch, use `-safe` option to avoid this warning
Pattern 494 likelihood is underflown
WARNING: Numerical underflow for lh-branch, use `-safe` option to avoid this warning
Pattern 494 likelihood is underflown
WARNING: Numerical underflow for lh-branch, use `-safe` option to avoid this warning
Pattern 494 likelihood is underflown
WARNING: Numerical underflow for lh-branch, use `-safe` option to avoid this warning
Pattern 494 likelihood is underflown
WARNING: Numerical underflow for lh-branch, use `-safe` option to avoid this warning
Pattern 494 likelihood is underflown
WARNING: Numerical underflow for lh-branch, use `-safe` option to avoid this warning
Pattern 494 likelihood is underflown
WARNING: Numerical underflow for lh-branch, use `-safe` option to avoid this warning
Pattern 494 likelihood is underflown
WARNING: Numerical underflow for lh-branch, use `-safe` option to avoid this warning
Pattern 494 likelihood is underflown
WARNING: Numerical underflow for lh-branch, use `-safe` option to avoid this warning
Pattern 494 likelihood is underflown
 15  GTR+F+I+R3    20372.067    342 41428.135    41450.538    43920.866
WARNING: Numerical underflow for lh-branch, use `-safe` option to avoid this warning
Pattern 147 likelihood is underflown
Pattern 449 likelihood is underflown
Pattern 494 likelihood is underflown
WARNING: Numerical underflow for lh-branch, use `-safe` option to avoid this warning
Pattern 147 likelihood is underflown
Pattern 449 likelihood is underflown
Pattern 494 likelihood is underflown
WARNING: Numerical underflow for lh-branch, use `-safe` option to avoid this warning
Pattern 147 likelihood is underflown
Pattern 449 likelihood is underflown
Pattern 494 likelihood is underflown
WARNING: Numerical underflow for lh-branch, use `-safe` option to avoid this warning
Pattern 147 likelihood is underflown
Pattern 449 likelihood is underflown
Pattern 494 likelihood is underflown
WARNING: Numerical underflow for lh-branch, use `-safe` option to avoid this warning
Pattern 147 likelihood is underflown
Pattern 449 likelihood is underflown
Pattern 494 likelihood is underflown
WARNING: Numerical underflow for lh-branch, use `-safe` option to avoid this warning
Pattern 147 likelihood is underflown
Pattern 449 likelihood is underflown
Pattern 494 likelihood is underflown
WARNING: Numerical underflow for lh-branch, use `-safe` option to avoid this warning
Pattern 147 likelihood is underflown
Pattern 449 likelihood is underflown
Pattern 494 likelihood is underflown
WARNING: Numerical underflow for lh-branch, use `-safe` option to avoid this warning
Pattern 147 likelihood is underflown
Pattern 449 likelihood is underflown
Pattern 494 likelihood is underflown
WARNING: Numerical underflow for lh-branch, use `-safe` option to avoid this warning
Pattern 147 likelihood is underflown
Pattern 449 likelihood is underflown
Pattern 494 likelihood is underflown
WARNING: Numerical underflow for lh-branch, use `-safe` option to avoid this warning
Pattern 147 likelihood is underflown
Pattern 449 likelihood is underflown
Pattern 494 likelihood is underflown
WARNING: Numerical underflow for lh-branch, use `-safe` option to avoid this warning
Pattern 147 likelihood is underflown
Pattern 449 likelihood is underflown
Pattern 494 likelihood is underflown
WARNING: Numerical underflow for lh-branch, use `-safe` option to avoid this warning
Pattern 147 likelihood is underflown
Pattern 449 likelihood is underflown
Pattern 494 likelihood is underflown
+I+R4 reinitialized from +I+R3 with factor 0.500
+I+R4 reinitialized from +I+R3 with factor 0.250
WARNING: Numerical underflow for lh-branch, use `-safe` option to avoid this warning
Pattern 494 likelihood is underflown
WARNING: Numerical underflow for lh-branch, use `-safe` option to avoid this warning
Pattern 494 likelihood is underflown
WARNING: Numerical underflow for lh-branch, use `-safe` option to avoid this warning
Pattern 494 likelihood is underflown
WARNING: Numerical underflow for lh-branch, use `-safe` option to avoid this warning
Pattern 494 likelihood is underflown
WARNING: Numerical underflow for lh-branch, use `-safe` option to avoid this warning
Pattern 494 likelihood is underflown
WARNING: Numerical underflow for lh-branch, use `-safe` option to avoid this warning
Pattern 494 likelihood is underflown
WARNING: Numerical underflow for lh-branch, use `-safe` option to avoid this warning
Pattern 494 likelihood is underflown
WARNING: Numerical underflow for lh-branch, use `-safe` option to avoid this warning
Pattern 494 likelihood is underflown
WARNING: Numerical underflow for lh-branch, use `-safe` option to avoid this warning
Pattern 494 likelihood is underflown
WARNING: Numerical underflow for lh-branch, use `-safe` option to avoid this warning
Pattern 494 likelihood is underflown
WARNING: Numerical underflow for lh-branch, use `-safe` option to avoid this warning
Pattern 494 likelihood is underflown
WARNING: Numerical underflow for lh-branch, use `-safe` option to avoid this warning
Pattern 494 likelihood is underflown
+I+R4 reinitialized from +I+R3 with factor 0.125
+I+R4 reinitialized from +I+R3 with factor 0.062
WARNING: Numerical underflow for lh-branch, use `-safe` option to avoid this warning
Pattern 99 likelihood is underflown
Pattern 131 likelihood is underflown
Pattern 514 likelihood is underflown
WARNING: Numerical underflow for lh-branch, use `-safe` option to avoid this warning
Pattern 99 likelihood is underflown
Pattern 131 likelihood is underflown
Pattern 514 likelihood is underflown
WARNING: Numerical underflow for lh-branch, use `-safe` option to avoid this warning
Pattern 99 likelihood is underflown
Pattern 131 likelihood is underflown
Pattern 514 likelihood is underflown
WARNING: Numerical underflow for lh-branch, use `-safe` option to avoid this warning
Pattern 99 likelihood is underflown
Pattern 131 likelihood is underflown
Pattern 514 likelihood is underflown
WARNING: Numerical underflow for lh-branch, use `-safe` option to avoid this warning
Pattern 99 likelihood is underflown
Pattern 131 likelihood is underflown
Pattern 514 likelihood is underflown
WARNING: Numerical underflow for lh-branch, use `-safe` option to avoid this warning
Pattern 99 likelihood is underflown
Pattern 131 likelihood is underflown
Pattern 514 likelihood is underflown
WARNING: Numerical underflow for lh-branch, use `-safe` option to avoid this warning
Pattern 99 likelihood is underflown
Pattern 131 likelihood is underflown
Pattern 514 likelihood is underflown
WARNING: Numerical underflow for lh-branch, use `-safe` option to avoid this warning
Pattern 99 likelihood is underflown
Pattern 131 likelihood is underflown
Pattern 514 likelihood is underflown
WARNING: Numerical underflow for lh-branch, use `-safe` option to avoid this warning
Pattern 99 likelihood is underflown
Pattern 131 likelihood is underflown
Pattern 514 likelihood is underflown
WARNING: Numerical underflow for lh-branch, use `-safe` option to avoid this warning
Pattern 99 likelihood is underflown
Pattern 131 likelihood is underflown
Pattern 514 likelihood is underflown
WARNING: Numerical underflow for lh-branch, use `-safe` option to avoid this warning
Pattern 99 likelihood is underflown
Pattern 131 likelihood is underflown
Pattern 514 likelihood is underflown
WARNING: Numerical underflow for lh-branch, use `-safe` option to avoid this warning
Pattern 99 likelihood is underflown
Pattern 131 likelihood is underflown
Pattern 514 likelihood is underflown
+I+R4 reinitialized from +I+R3 with factor 0.031
 16  GTR+F+I+R4    20372.620    344 41433.240    41455.910    43940.549
 28  SYM+R3        20429.469    338 41534.937    41556.812    43998.514
 37  SYM+I+R3      20428.363    339 41534.725    41556.732    44005.591
WARNING: Numerical underflow for lh-branch, use `-safe` option to avoid this warning
Pattern 99 likelihood is underflown
Pattern 147 likelihood is underflown
WARNING: Numerical underflow for lh-branch, use `-safe` option to avoid this warning
Pattern 99 likelihood is underflown
Pattern 147 likelihood is underflown
WARNING: Numerical underflow for lh-branch, use `-safe` option to avoid this warning
Pattern 99 likelihood is underflown
Pattern 147 likelihood is underflown
WARNING: Numerical underflow for lh-branch, use `-safe` option to avoid this warning
Pattern 99 likelihood is underflown
Pattern 147 likelihood is underflown
WARNING: Numerical underflow for lh-branch, use `-safe` option to avoid this warning
Pattern 99 likelihood is underflown
Pattern 147 likelihood is underflown
WARNING: Numerical underflow for lh-branch, use `-safe` option to avoid this warning
Pattern 99 likelihood is underflown
Pattern 147 likelihood is underflown
WARNING: Numerical underflow for lh-branch, use `-safe` option to avoid this warning
Pattern 99 likelihood is underflown
Pattern 147 likelihood is underflown
WARNING: Numerical underflow for lh-branch, use `-safe` option to avoid this warning
Pattern 99 likelihood is underflown
Pattern 147 likelihood is underflown
WARNING: Numerical underflow for lh-branch, use `-safe` option to avoid this warning
Pattern 99 likelihood is underflown
Pattern 147 likelihood is underflown
WARNING: Numerical underflow for lh-branch, use `-safe` option to avoid this warning
Pattern 147 likelihood is underflown
Pattern 504 likelihood is underflown
WARNING: Numerical underflow for lh-branch, use `-safe` option to avoid this warning
Pattern 147 likelihood is underflown
Pattern 504 likelihood is underflown
WARNING: Numerical underflow for lh-branch, use `-safe` option to avoid this warning
Pattern 147 likelihood is underflown
Pattern 504 likelihood is underflown
WARNING: Numerical underflow for lh-branch, use `-safe` option to avoid this warning
Pattern 147 likelihood is underflown
Pattern 504 likelihood is underflown
WARNING: Numerical underflow for lh-branch, use `-safe` option to avoid this warning
Pattern 147 likelihood is underflown
Pattern 504 likelihood is underflown
WARNING: Numerical underflow for lh-branch, use `-safe` option to avoid this warning
Pattern 147 likelihood is underflown
Pattern 504 likelihood is underflown
WARNING: Numerical underflow for lh-branch, use `-safe` option to avoid this warning
Pattern 147 likelihood is underflown
Pattern 504 likelihood is underflown
WARNING: Numerical underflow for lh-branch, use `-safe` option to avoid this warning
Pattern 147 likelihood is underflown
Pattern 504 likelihood is underflown
WARNING: Numerical underflow for lh-branch, use `-safe` option to avoid this warning
Pattern 147 likelihood is underflown
Pattern 504 likelihood is underflown
 50  TVM+F+R3      20372.031    340 41424.061    41446.200    43902.216
 59  TVM+F+I+R3    20371.537    341 41425.074    41447.345    43910.517
WARNING: Numerical underflow for lh-branch, use `-safe` option to avoid this warning
Pattern 99 likelihood is underflown
Pattern 184 likelihood is underflown
Pattern 326 likelihood is underflown
Pattern 468 likelihood is underflown
Pattern 494 likelihood is underflown
WARNING: Numerical underflow for lh-branch, use `-safe` option to avoid this warning
Pattern 99 likelihood is underflown
Pattern 184 likelihood is underflown
Pattern 326 likelihood is underflown
Pattern 468 likelihood is underflown
Pattern 494 likelihood is underflown
WARNING: Numerical underflow for lh-branch, use `-safe` option to avoid this warning
Pattern 99 likelihood is underflown
Pattern 184 likelihood is underflown
Pattern 326 likelihood is underflown
Pattern 468 likelihood is underflown
Pattern 494 likelihood is underflown
WARNING: Numerical underflow for lh-branch, use `-safe` option to avoid this warning
Pattern 99 likelihood is underflown
Pattern 184 likelihood is underflown
Pattern 326 likelihood is underflown
Pattern 468 likelihood is underflown
Pattern 494 likelihood is underflown
WARNING: Numerical underflow for lh-branch, use `-safe` option to avoid this warning
Pattern 99 likelihood is underflown
Pattern 184 likelihood is underflown
Pattern 326 likelihood is underflown
Pattern 468 likelihood is underflown
Pattern 494 likelihood is underflown
WARNING: Numerical underflow for lh-branch, use `-safe` option to avoid this warning
Pattern 99 likelihood is underflown
Pattern 184 likelihood is underflown
Pattern 326 likelihood is underflown
Pattern 468 likelihood is underflown
Pattern 494 likelihood is underflown
WARNING: Numerical underflow for lh-branch, use `-safe` option to avoid this warning
Pattern 99 likelihood is underflown
Pattern 184 likelihood is underflown
Pattern 326 likelihood is underflown
Pattern 468 likelihood is underflown
Pattern 494 likelihood is underflown
WARNING: Numerical underflow for lh-branch, use `-safe` option to avoid this warning
Pattern 99 likelihood is underflown
Pattern 184 likelihood is underflown
Pattern 326 likelihood is underflown
Pattern 468 likelihood is underflown
Pattern 494 likelihood is underflown
WARNING: Numerical underflow for lh-branch, use `-safe` option to avoid this warning
Pattern 99 likelihood is underflown
Pattern 184 likelihood is underflown
Pattern 326 likelihood is underflown
Pattern 468 likelihood is underflown
Pattern 494 likelihood is underflown
 72  TVMe+R3       20429.574    337 41533.148    41554.892    43989.437
 81  TVMe+I+R3     20428.583    338 41533.166    41555.041    43996.743
 94  TIM3+F+R3     20379.817    339 41437.635    41459.641    43908.500
103  TIM3+F+I+R3   20379.502    340 41439.003    41461.142    43917.158
116  TIM3e+R3      20438.646    336 41549.293    41570.906    43998.292
125  TIM3e+I+R3    20438.029    337 41550.058    41571.802    44006.346
WARNING: Numerical underflow for lh-branch, use `-safe` option to avoid this warning
Pattern 114 likelihood is underflown
Pattern 147 likelihood is underflown
Pattern 234 likelihood is underflown
Pattern 429 likelihood is underflown
WARNING: Numerical underflow for lh-branch, use `-safe` option to avoid this warning
Pattern 114 likelihood is underflown
Pattern 147 likelihood is underflown
Pattern 234 likelihood is underflown
Pattern 429 likelihood is underflown
WARNING: Numerical underflow for lh-branch, use `-safe` option to avoid this warning
Pattern 114 likelihood is underflown
Pattern 147 likelihood is underflown
Pattern 234 likelihood is underflown
Pattern 429 likelihood is underflown
WARNING: Numerical underflow for lh-branch, use `-safe` option to avoid this warning
Pattern 114 likelihood is underflown
Pattern 147 likelihood is underflown
Pattern 234 likelihood is underflown
Pattern 429 likelihood is underflown
WARNING: Numerical underflow for lh-branch, use `-safe` option to avoid this warning
Pattern 114 likelihood is underflown
Pattern 147 likelihood is underflown
Pattern 234 likelihood is underflown
Pattern 429 likelihood is underflown
WARNING: Numerical underflow for lh-branch, use `-safe` option to avoid this warning
Pattern 114 likelihood is underflown
Pattern 147 likelihood is underflown
Pattern 234 likelihood is underflown
Pattern 429 likelihood is underflown
WARNING: Numerical underflow for lh-branch, use `-safe` option to avoid this warning
Pattern 114 likelihood is underflown
Pattern 147 likelihood is underflown
Pattern 234 likelihood is underflown
Pattern 429 likelihood is underflown
WARNING: Numerical underflow for lh-branch, use `-safe` option to avoid this warning
Pattern 114 likelihood is underflown
Pattern 147 likelihood is underflown
Pattern 234 likelihood is underflown
Pattern 429 likelihood is underflown
WARNING: Numerical underflow for lh-branch, use `-safe` option to avoid this warning
Pattern 114 likelihood is underflown
Pattern 147 likelihood is underflown
Pattern 234 likelihood is underflown
Pattern 429 likelihood is underflown
138  TIM2+F+R3     20381.206    339 41440.413    41462.419    43911.278
WARNING: Numerical underflow for lh-branch, use `-safe` option to avoid this warning
Pattern 147 likelihood is underflown
Pattern 494 likelihood is underflown
WARNING: Numerical underflow for lh-branch, use `-safe` option to avoid this warning
Pattern 147 likelihood is underflown
Pattern 494 likelihood is underflown
WARNING: Numerical underflow for lh-branch, use `-safe` option to avoid this warning
Pattern 147 likelihood is underflown
Pattern 494 likelihood is underflown
WARNING: Numerical underflow for lh-branch, use `-safe` option to avoid this warning
Pattern 147 likelihood is underflown
Pattern 494 likelihood is underflown
WARNING: Numerical underflow for lh-branch, use `-safe` option to avoid this warning
Pattern 147 likelihood is underflown
Pattern 494 likelihood is underflown
WARNING: Numerical underflow for lh-branch, use `-safe` option to avoid this warning
Pattern 147 likelihood is underflown
Pattern 494 likelihood is underflown
WARNING: Numerical underflow for lh-branch, use `-safe` option to avoid this warning
Pattern 147 likelihood is underflown
Pattern 494 likelihood is underflown
WARNING: Numerical underflow for lh-branch, use `-safe` option to avoid this warning
Pattern 147 likelihood is underflown
Pattern 494 likelihood is underflown
WARNING: Numerical underflow for lh-branch, use `-safe` option to avoid this warning
Pattern 147 likelihood is underflown
Pattern 494 likelihood is underflown
147  TIM2+F+I+R3   20380.782    340 41441.563    41463.702    43919.717
WARNING: Numerical underflow for lh-branch, use `-safe` option to avoid this warning
Pattern 449 likelihood is underflown
WARNING: Numerical underflow for lh-branch, use `-safe` option to avoid this warning
Pattern 449 likelihood is underflown
WARNING: Numerical underflow for lh-branch, use `-safe` option to avoid this warning
Pattern 449 likelihood is underflown
WARNING: Numerical underflow for lh-branch, use `-safe` option to avoid this warning
Pattern 449 likelihood is underflown
WARNING: Numerical underflow for lh-branch, use `-safe` option to avoid this warning
Pattern 449 likelihood is underflown
WARNING: Numerical underflow for lh-branch, use `-safe` option to avoid this warning
Pattern 449 likelihood is underflown
WARNING: Numerical underflow for lh-branch, use `-safe` option to avoid this warning
Pattern 449 likelihood is underflown
WARNING: Numerical underflow for lh-branch, use `-safe` option to avoid this warning
Pattern 449 likelihood is underflown
WARNING: Numerical underflow for lh-branch, use `-safe` option to avoid this warning
Pattern 449 likelihood is underflown
160  TIM2e+R3      20436.048    336 41544.096    41565.709    43993.095
WARNING: Numerical underflow for lh-branch, use `-safe` option to avoid this warning
Pattern 494 likelihood is underflown
WARNING: Numerical underflow for lh-branch, use `-safe` option to avoid this warning
Pattern 494 likelihood is underflown
WARNING: Numerical underflow for lh-branch, use `-safe` option to avoid this warning
Pattern 494 likelihood is underflown
WARNING: Numerical underflow for lh-branch, use `-safe` option to avoid this warning
Pattern 494 likelihood is underflown
WARNING: Numerical underflow for lh-branch, use `-safe` option to avoid this warning
Pattern 494 likelihood is underflown
WARNING: Numerical underflow for lh-branch, use `-safe` option to avoid this warning
Pattern 494 likelihood is underflown
WARNING: Numerical underflow for lh-branch, use `-safe` option to avoid this warning
Pattern 494 likelihood is underflown
WARNING: Numerical underflow for lh-branch, use `-safe` option to avoid this warning
Pattern 494 likelihood is underflown
WARNING: Numerical underflow for lh-branch, use `-safe` option to avoid this warning
Pattern 494 likelihood is underflown
169  TIM2e+I+R3    20435.238    337 41544.476    41566.220    44000.764
182  TIM+F+R3      20384.186    339 41446.372    41468.378    43917.237
191  TIM+F+I+R3    20383.955    340 41447.909    41470.048    43926.064
WARNING: Numerical underflow for lh-branch, use `-safe` option to avoid this warning
Pattern 99 likelihood is underflown
Pattern 147 likelihood is underflown
WARNING: Numerical underflow for lh-branch, use `-safe` option to avoid this warning
Pattern 99 likelihood is underflown
Pattern 147 likelihood is underflown
WARNING: Numerical underflow for lh-branch, use `-safe` option to avoid this warning
Pattern 99 likelihood is underflown
Pattern 147 likelihood is underflown
WARNING: Numerical underflow for lh-branch, use `-safe` option to avoid this warning
Pattern 99 likelihood is underflown
Pattern 147 likelihood is underflown
WARNING: Numerical underflow for lh-branch, use `-safe` option to avoid this warning
Pattern 99 likelihood is underflown
Pattern 147 likelihood is underflown
WARNING: Numerical underflow for lh-branch, use `-safe` option to avoid this warning
Pattern 99 likelihood is underflown
Pattern 147 likelihood is underflown
WARNING: Numerical underflow for lh-branch, use `-safe` option to avoid this warning
Pattern 99 likelihood is underflown
Pattern 147 likelihood is underflown
WARNING: Numerical underflow for lh-branch, use `-safe` option to avoid this warning
Pattern 99 likelihood is underflown
Pattern 147 likelihood is underflown
WARNING: Numerical underflow for lh-branch, use `-safe` option to avoid this warning
Pattern 99 likelihood is underflown
Pattern 147 likelihood is underflown
204  TIMe+R3       20441.085    336 41554.171    41575.784    44003.170
213  TIMe+I+R3     20440.525    337 41555.050    41576.794    44011.338
226  TPM3u+F+R3    20379.389    338 41434.779    41456.654    43898.356
235  TPM3u+F+I+R3  20379.384    339 41436.768    41458.774    43907.633
248  TPM3+R3       20438.538    335 41547.077    41568.560    43988.788
257  TPM3+I+R3     20438.204    336 41548.409    41570.022    43997.408
WARNING: Numerical underflow for lh-branch, use `-safe` option to avoid this warning
Pattern 147 likelihood is underflown
Pattern 449 likelihood is underflown
Pattern 494 likelihood is underflown
Pattern 504 likelihood is underflown
WARNING: Numerical underflow for lh-branch, use `-safe` option to avoid this warning
Pattern 147 likelihood is underflown
Pattern 449 likelihood is underflown
Pattern 494 likelihood is underflown
Pattern 504 likelihood is underflown
WARNING: Numerical underflow for lh-branch, use `-safe` option to avoid this warning
Pattern 147 likelihood is underflown
Pattern 449 likelihood is underflown
Pattern 494 likelihood is underflown
Pattern 504 likelihood is underflown
WARNING: Numerical underflow for lh-branch, use `-safe` option to avoid this warning
Pattern 147 likelihood is underflown
Pattern 449 likelihood is underflown
Pattern 494 likelihood is underflown
Pattern 504 likelihood is underflown
WARNING: Numerical underflow for lh-branch, use `-safe` option to avoid this warning
Pattern 147 likelihood is underflown
Pattern 449 likelihood is underflown
Pattern 494 likelihood is underflown
Pattern 504 likelihood is underflown
WARNING: Numerical underflow for lh-branch, use `-safe` option to avoid this warning
Pattern 147 likelihood is underflown
Pattern 449 likelihood is underflown
Pattern 494 likelihood is underflown
Pattern 504 likelihood is underflown
WARNING: Numerical underflow for lh-branch, use `-safe` option to avoid this warning
Pattern 147 likelihood is underflown
Pattern 449 likelihood is underflown
Pattern 494 likelihood is underflown
Pattern 504 likelihood is underflown
WARNING: Numerical underflow for lh-branch, use `-safe` option to avoid this warning
Pattern 147 likelihood is underflown
Pattern 449 likelihood is underflown
Pattern 494 likelihood is underflown
Pattern 504 likelihood is underflown
WARNING: Numerical underflow for lh-branch, use `-safe` option to avoid this warning
Pattern 147 likelihood is underflown
Pattern 449 likelihood is underflown
Pattern 494 likelihood is underflown
Pattern 504 likelihood is underflown
WARNING: Numerical underflow for lh-branch, use `-safe` option to avoid this warning
Pattern 147 likelihood is underflown
WARNING: Numerical underflow for lh-branch, use `-safe` option to avoid this warning
Pattern 147 likelihood is underflown
WARNING: Numerical underflow for lh-branch, use `-safe` option to avoid this warning
Pattern 147 likelihood is underflown
WARNING: Numerical underflow for lh-branch, use `-safe` option to avoid this warning
Pattern 147 likelihood is underflown
WARNING: Numerical underflow for lh-branch, use `-safe` option to avoid this warning
Pattern 147 likelihood is underflown
WARNING: Numerical underflow for lh-branch, use `-safe` option to avoid this warning
Pattern 147 likelihood is underflown
WARNING: Numerical underflow for lh-branch, use `-safe` option to avoid this warning
Pattern 147 likelihood is underflown
WARNING: Numerical underflow for lh-branch, use `-safe` option to avoid this warning
Pattern 147 likelihood is underflown
WARNING: Numerical underflow for lh-branch, use `-safe` option to avoid this warning
Pattern 147 likelihood is underflown
270  TPM2u+F+R3    20380.735    338 41437.470    41459.345    43901.047
WARNING: Numerical underflow for lh-branch, use `-safe` option to avoid this warning
Pattern 147 likelihood is underflown
Pattern 449 likelihood is underflown
WARNING: Numerical underflow for lh-branch, use `-safe` option to avoid this warning
Pattern 147 likelihood is underflown
Pattern 449 likelihood is underflown
WARNING: Numerical underflow for lh-branch, use `-safe` option to avoid this warning
Pattern 147 likelihood is underflown
Pattern 449 likelihood is underflown
WARNING: Numerical underflow for lh-branch, use `-safe` option to avoid this warning
Pattern 147 likelihood is underflown
Pattern 449 likelihood is underflown
WARNING: Numerical underflow for lh-branch, use `-safe` option to avoid this warning
Pattern 147 likelihood is underflown
Pattern 449 likelihood is underflown
WARNING: Numerical underflow for lh-branch, use `-safe` option to avoid this warning
Pattern 147 likelihood is underflown
Pattern 449 likelihood is underflown
WARNING: Numerical underflow for lh-branch, use `-safe` option to avoid this warning
Pattern 147 likelihood is underflown
Pattern 449 likelihood is underflown
WARNING: Numerical underflow for lh-branch, use `-safe` option to avoid this warning
Pattern 147 likelihood is underflown
Pattern 449 likelihood is underflown
WARNING: Numerical underflow for lh-branch, use `-safe` option to avoid this warning
Pattern 147 likelihood is underflown
Pattern 449 likelihood is underflown
279  TPM2u+F+I+R3  20380.623    339 41439.247    41461.253    43910.112
WARNING: Numerical underflow for lh-branch, use `-safe` option to avoid this warning
Pattern 9 likelihood is underflown
Pattern 41 likelihood is underflown
Pattern 43 likelihood is underflown
Pattern 57 likelihood is underflown
Pattern 59 likelihood is underflown
Pattern 63 likelihood is underflown
Pattern 75 likelihood is underflown
Pattern 90 likelihood is underflown
Pattern 101 likelihood is underflown
Pattern 104 likelihood is underflown
Pattern 112 likelihood is underflown
Pattern 113 likelihood is underflown
Pattern 115 likelihood is underflown
Pattern 128 likelihood is underflown
Pattern 135 likelihood is underflown
Pattern 138 likelihood is underflown
Pattern 144 likelihood is underflown
Pattern 145 likelihood is underflown
Pattern 166 likelihood is underflown
Pattern 180 likelihood is underflown
Pattern 187 likelihood is underflown
Pattern 191 likelihood is underflown
Pattern 193 likelihood is underflown
Pattern 195 likelihood is underflown
Pattern 197 likelihood is underflown
Pattern 212 likelihood is underflown
Pattern 215 likelihood is underflown
Pattern 233 likelihood is underflown
Pattern 244 likelihood is underflown
Pattern 245 likelihood is underflown
Pattern 253 likelihood is underflown
Pattern 262 likelihood is underflown
Pattern 302 likelihood is underflown
Pattern 304 likelihood is underflown
Pattern 314 likelihood is underflown
Pattern 315 likelihood is underflown
Pattern 320 likelihood is underflown
Pattern 322 likelihood is underflown
Pattern 343 likelihood is underflown
Pattern 346 likelihood is underflown
Pattern 353 likelihood is underflown
Pattern 356 likelihood is underflown
Pattern 372 likelihood is underflown
Pattern 419 likelihood is underflown
Pattern 431 likelihood is underflown
Pattern 445 likelihood is underflown
Pattern 454 likelihood is underflown
Pattern 461 likelihood is underflown
Pattern 465 likelihood is underflown
Pattern 469 likelihood is underflown
Pattern 477 likelihood is underflown
Pattern 485 likelihood is underflown
Pattern 492 likelihood is underflown
Pattern 498 likelihood is underflown
Pattern 507 likelihood is underflown
Pattern 514 likelihood is underflown
WARNING: Numerical underflow for lh-branch, use `-safe` option to avoid this warning
Pattern 9 likelihood is underflown
Pattern 41 likelihood is underflown
Pattern 43 likelihood is underflown
Pattern 57 likelihood is underflown
Pattern 59 likelihood is underflown
Pattern 63 likelihood is underflown
Pattern 75 likelihood is underflown
Pattern 90 likelihood is underflown
Pattern 101 likelihood is underflown
Pattern 104 likelihood is underflown
Pattern 112 likelihood is underflown
Pattern 113 likelihood is underflown
Pattern 115 likelihood is underflown
Pattern 128 likelihood is underflown
Pattern 135 likelihood is underflown
Pattern 138 likelihood is underflown
Pattern 144 likelihood is underflown
Pattern 145 likelihood is underflown
Pattern 166 likelihood is underflown
Pattern 180 likelihood is underflown
Pattern 187 likelihood is underflown
Pattern 191 likelihood is underflown
Pattern 193 likelihood is underflown
Pattern 195 likelihood is underflown
Pattern 197 likelihood is underflown
Pattern 212 likelihood is underflown
Pattern 215 likelihood is underflown
Pattern 233 likelihood is underflown
Pattern 244 likelihood is underflown
Pattern 245 likelihood is underflown
Pattern 253 likelihood is underflown
Pattern 262 likelihood is underflown
Pattern 302 likelihood is underflown
Pattern 304 likelihood is underflown
Pattern 314 likelihood is underflown
Pattern 315 likelihood is underflown
Pattern 320 likelihood is underflown
Pattern 322 likelihood is underflown
Pattern 343 likelihood is underflown
Pattern 346 likelihood is underflown
Pattern 353 likelihood is underflown
Pattern 356 likelihood is underflown
Pattern 372 likelihood is underflown
Pattern 419 likelihood is underflown
Pattern 431 likelihood is underflown
Pattern 445 likelihood is underflown
Pattern 454 likelihood is underflown
Pattern 461 likelihood is underflown
Pattern 465 likelihood is underflown
Pattern 469 likelihood is underflown
Pattern 477 likelihood is underflown
Pattern 485 likelihood is underflown
Pattern 492 likelihood is underflown
Pattern 498 likelihood is underflown
Pattern 507 likelihood is underflown
Pattern 514 likelihood is underflown
WARNING: Numerical underflow for lh-branch, use `-safe` option to avoid this warning
Pattern 9 likelihood is underflown
Pattern 41 likelihood is underflown
Pattern 43 likelihood is underflown
Pattern 57 likelihood is underflown
Pattern 59 likelihood is underflown
Pattern 63 likelihood is underflown
Pattern 75 likelihood is underflown
Pattern 90 likelihood is underflown
Pattern 101 likelihood is underflown
Pattern 104 likelihood is underflown
Pattern 112 likelihood is underflown
Pattern 113 likelihood is underflown
Pattern 115 likelihood is underflown
Pattern 128 likelihood is underflown
Pattern 135 likelihood is underflown
Pattern 138 likelihood is underflown
Pattern 144 likelihood is underflown
Pattern 145 likelihood is underflown
Pattern 166 likelihood is underflown
Pattern 180 likelihood is underflown
Pattern 187 likelihood is underflown
Pattern 191 likelihood is underflown
Pattern 193 likelihood is underflown
Pattern 195 likelihood is underflown
Pattern 197 likelihood is underflown
Pattern 212 likelihood is underflown
Pattern 215 likelihood is underflown
Pattern 233 likelihood is underflown
Pattern 244 likelihood is underflown
Pattern 245 likelihood is underflown
Pattern 253 likelihood is underflown
Pattern 262 likelihood is underflown
Pattern 302 likelihood is underflown
Pattern 304 likelihood is underflown
Pattern 314 likelihood is underflown
Pattern 315 likelihood is underflown
Pattern 320 likelihood is underflown
Pattern 322 likelihood is underflown
Pattern 343 likelihood is underflown
Pattern 346 likelihood is underflown
Pattern 353 likelihood is underflown
Pattern 356 likelihood is underflown
Pattern 372 likelihood is underflown
Pattern 419 likelihood is underflown
Pattern 431 likelihood is underflown
Pattern 445 likelihood is underflown
Pattern 454 likelihood is underflown
Pattern 461 likelihood is underflown
Pattern 465 likelihood is underflown
Pattern 469 likelihood is underflown
Pattern 477 likelihood is underflown
Pattern 485 likelihood is underflown
Pattern 492 likelihood is underflown
Pattern 498 likelihood is underflown
Pattern 507 likelihood is underflown
Pattern 514 likelihood is underflown
WARNING: Numerical underflow for lh-branch, use `-safe` option to avoid this warning
Pattern 9 likelihood is underflown
Pattern 41 likelihood is underflown
Pattern 43 likelihood is underflown
Pattern 57 likelihood is underflown
Pattern 59 likelihood is underflown
Pattern 63 likelihood is underflown
Pattern 75 likelihood is underflown
Pattern 90 likelihood is underflown
Pattern 101 likelihood is underflown
Pattern 104 likelihood is underflown
Pattern 112 likelihood is underflown
Pattern 113 likelihood is underflown
Pattern 115 likelihood is underflown
Pattern 128 likelihood is underflown
Pattern 135 likelihood is underflown
Pattern 138 likelihood is underflown
Pattern 144 likelihood is underflown
Pattern 145 likelihood is underflown
Pattern 166 likelihood is underflown
Pattern 180 likelihood is underflown
Pattern 187 likelihood is underflown
Pattern 191 likelihood is underflown
Pattern 193 likelihood is underflown
Pattern 195 likelihood is underflown
Pattern 197 likelihood is underflown
Pattern 212 likelihood is underflown
Pattern 215 likelihood is underflown
Pattern 233 likelihood is underflown
Pattern 244 likelihood is underflown
Pattern 245 likelihood is underflown
Pattern 253 likelihood is underflown
Pattern 262 likelihood is underflown
Pattern 302 likelihood is underflown
Pattern 304 likelihood is underflown
Pattern 314 likelihood is underflown
Pattern 315 likelihood is underflown
Pattern 320 likelihood is underflown
Pattern 322 likelihood is underflown
Pattern 343 likelihood is underflown
Pattern 346 likelihood is underflown
Pattern 353 likelihood is underflown
Pattern 356 likelihood is underflown
Pattern 372 likelihood is underflown
Pattern 419 likelihood is underflown
Pattern 431 likelihood is underflown
Pattern 445 likelihood is underflown
Pattern 454 likelihood is underflown
Pattern 461 likelihood is underflown
Pattern 465 likelihood is underflown
Pattern 469 likelihood is underflown
Pattern 477 likelihood is underflown
Pattern 485 likelihood is underflown
Pattern 492 likelihood is underflown
Pattern 498 likelihood is underflown
Pattern 507 likelihood is underflown
Pattern 514 likelihood is underflown
WARNING: Numerical underflow for lh-branch, use `-safe` option to avoid this warning
Pattern 9 likelihood is underflown
Pattern 41 likelihood is underflown
Pattern 43 likelihood is underflown
Pattern 57 likelihood is underflown
Pattern 59 likelihood is underflown
Pattern 63 likelihood is underflown
Pattern 75 likelihood is underflown
Pattern 90 likelihood is underflown
Pattern 101 likelihood is underflown
Pattern 104 likelihood is underflown
Pattern 112 likelihood is underflown
Pattern 113 likelihood is underflown
Pattern 115 likelihood is underflown
Pattern 128 likelihood is underflown
Pattern 135 likelihood is underflown
Pattern 138 likelihood is underflown
Pattern 144 likelihood is underflown
Pattern 145 likelihood is underflown
Pattern 166 likelihood is underflown
Pattern 180 likelihood is underflown
Pattern 187 likelihood is underflown
Pattern 191 likelihood is underflown
Pattern 193 likelihood is underflown
Pattern 195 likelihood is underflown
Pattern 197 likelihood is underflown
Pattern 212 likelihood is underflown
Pattern 215 likelihood is underflown
Pattern 233 likelihood is underflown
Pattern 244 likelihood is underflown
Pattern 245 likelihood is underflown
Pattern 253 likelihood is underflown
Pattern 262 likelihood is underflown
Pattern 302 likelihood is underflown
Pattern 304 likelihood is underflown
Pattern 314 likelihood is underflown
Pattern 315 likelihood is underflown
Pattern 320 likelihood is underflown
Pattern 322 likelihood is underflown
Pattern 343 likelihood is underflown
Pattern 346 likelihood is underflown
Pattern 353 likelihood is underflown
Pattern 356 likelihood is underflown
Pattern 372 likelihood is underflown
Pattern 419 likelihood is underflown
Pattern 431 likelihood is underflown
Pattern 445 likelihood is underflown
Pattern 454 likelihood is underflown
Pattern 461 likelihood is underflown
Pattern 465 likelihood is underflown
Pattern 469 likelihood is underflown
Pattern 477 likelihood is underflown
Pattern 485 likelihood is underflown
Pattern 492 likelihood is underflown
Pattern 498 likelihood is underflown
Pattern 507 likelihood is underflown
Pattern 514 likelihood is underflown
WARNING: Numerical underflow for lh-branch, use `-safe` option to avoid this warning
Pattern 9 likelihood is underflown
Pattern 41 likelihood is underflown
Pattern 43 likelihood is underflown
Pattern 57 likelihood is underflown
Pattern 59 likelihood is underflown
Pattern 63 likelihood is underflown
Pattern 75 likelihood is underflown
Pattern 90 likelihood is underflown
Pattern 101 likelihood is underflown
Pattern 104 likelihood is underflown
Pattern 112 likelihood is underflown
Pattern 113 likelihood is underflown
Pattern 115 likelihood is underflown
Pattern 128 likelihood is underflown
Pattern 135 likelihood is underflown
Pattern 138 likelihood is underflown
Pattern 144 likelihood is underflown
Pattern 145 likelihood is underflown
Pattern 166 likelihood is underflown
Pattern 180 likelihood is underflown
Pattern 187 likelihood is underflown
Pattern 191 likelihood is underflown
Pattern 193 likelihood is underflown
Pattern 195 likelihood is underflown
Pattern 197 likelihood is underflown
Pattern 212 likelihood is underflown
Pattern 215 likelihood is underflown
Pattern 233 likelihood is underflown
Pattern 244 likelihood is underflown
Pattern 245 likelihood is underflown
Pattern 253 likelihood is underflown
Pattern 262 likelihood is underflown
Pattern 302 likelihood is underflown
Pattern 304 likelihood is underflown
Pattern 314 likelihood is underflown
Pattern 315 likelihood is underflown
Pattern 320 likelihood is underflown
Pattern 322 likelihood is underflown
Pattern 343 likelihood is underflown
Pattern 346 likelihood is underflown
Pattern 353 likelihood is underflown
Pattern 356 likelihood is underflown
Pattern 372 likelihood is underflown
Pattern 419 likelihood is underflown
Pattern 431 likelihood is underflown
Pattern 445 likelihood is underflown
Pattern 454 likelihood is underflown
Pattern 461 likelihood is underflown
Pattern 465 likelihood is underflown
Pattern 469 likelihood is underflown
Pattern 477 likelihood is underflown
Pattern 485 likelihood is underflown
Pattern 492 likelihood is underflown
Pattern 498 likelihood is underflown
Pattern 507 likelihood is underflown
Pattern 514 likelihood is underflown
WARNING: Numerical underflow for lh-branch, use `-safe` option to avoid this warning
Pattern 9 likelihood is underflown
Pattern 41 likelihood is underflown
Pattern 43 likelihood is underflown
Pattern 57 likelihood is underflown
Pattern 59 likelihood is underflown
Pattern 63 likelihood is underflown
Pattern 75 likelihood is underflown
Pattern 90 likelihood is underflown
Pattern 101 likelihood is underflown
Pattern 104 likelihood is underflown
Pattern 112 likelihood is underflown
Pattern 113 likelihood is underflown
Pattern 115 likelihood is underflown
Pattern 128 likelihood is underflown
Pattern 135 likelihood is underflown
Pattern 138 likelihood is underflown
Pattern 144 likelihood is underflown
Pattern 145 likelihood is underflown
Pattern 166 likelihood is underflown
Pattern 180 likelihood is underflown
Pattern 187 likelihood is underflown
Pattern 191 likelihood is underflown
Pattern 193 likelihood is underflown
Pattern 195 likelihood is underflown
Pattern 197 likelihood is underflown
Pattern 212 likelihood is underflown
Pattern 215 likelihood is underflown
Pattern 233 likelihood is underflown
Pattern 244 likelihood is underflown
Pattern 245 likelihood is underflown
Pattern 253 likelihood is underflown
Pattern 262 likelihood is underflown
Pattern 302 likelihood is underflown
Pattern 304 likelihood is underflown
Pattern 314 likelihood is underflown
Pattern 315 likelihood is underflown
Pattern 320 likelihood is underflown
Pattern 322 likelihood is underflown
Pattern 343 likelihood is underflown
Pattern 346 likelihood is underflown
Pattern 353 likelihood is underflown
Pattern 356 likelihood is underflown
Pattern 372 likelihood is underflown
Pattern 419 likelihood is underflown
Pattern 431 likelihood is underflown
Pattern 445 likelihood is underflown
Pattern 454 likelihood is underflown
Pattern 461 likelihood is underflown
Pattern 465 likelihood is underflown
Pattern 469 likelihood is underflown
Pattern 477 likelihood is underflown
Pattern 485 likelihood is underflown
Pattern 492 likelihood is underflown
Pattern 498 likelihood is underflown
Pattern 507 likelihood is underflown
Pattern 514 likelihood is underflown
WARNING: Numerical underflow for lh-branch, use `-safe` option to avoid this warning
Pattern 9 likelihood is underflown
Pattern 41 likelihood is underflown
Pattern 43 likelihood is underflown
Pattern 57 likelihood is underflown
Pattern 59 likelihood is underflown
Pattern 63 likelihood is underflown
Pattern 75 likelihood is underflown
Pattern 90 likelihood is underflown
Pattern 101 likelihood is underflown
Pattern 104 likelihood is underflown
Pattern 112 likelihood is underflown
Pattern 113 likelihood is underflown
Pattern 115 likelihood is underflown
Pattern 128 likelihood is underflown
Pattern 135 likelihood is underflown
Pattern 138 likelihood is underflown
Pattern 144 likelihood is underflown
Pattern 145 likelihood is underflown
Pattern 166 likelihood is underflown
Pattern 180 likelihood is underflown
Pattern 187 likelihood is underflown
Pattern 191 likelihood is underflown
Pattern 193 likelihood is underflown
Pattern 195 likelihood is underflown
Pattern 197 likelihood is underflown
Pattern 212 likelihood is underflown
Pattern 215 likelihood is underflown
Pattern 233 likelihood is underflown
Pattern 244 likelihood is underflown
Pattern 245 likelihood is underflown
Pattern 253 likelihood is underflown
Pattern 262 likelihood is underflown
Pattern 302 likelihood is underflown
Pattern 304 likelihood is underflown
Pattern 314 likelihood is underflown
Pattern 315 likelihood is underflown
Pattern 320 likelihood is underflown
Pattern 322 likelihood is underflown
Pattern 343 likelihood is underflown
Pattern 346 likelihood is underflown
Pattern 353 likelihood is underflown
Pattern 356 likelihood is underflown
Pattern 372 likelihood is underflown
Pattern 419 likelihood is underflown
Pattern 431 likelihood is underflown
Pattern 445 likelihood is underflown
Pattern 454 likelihood is underflown
Pattern 461 likelihood is underflown
Pattern 465 likelihood is underflown
Pattern 469 likelihood is underflown
Pattern 477 likelihood is underflown
Pattern 485 likelihood is underflown
Pattern 492 likelihood is underflown
Pattern 498 likelihood is underflown
Pattern 507 likelihood is underflown
Pattern 514 likelihood is underflown
WARNING: Numerical underflow for lh-branch, use `-safe` option to avoid this warning
Pattern 9 likelihood is underflown
Pattern 41 likelihood is underflown
Pattern 43 likelihood is underflown
Pattern 57 likelihood is underflown
Pattern 59 likelihood is underflown
Pattern 63 likelihood is underflown
Pattern 75 likelihood is underflown
Pattern 90 likelihood is underflown
Pattern 101 likelihood is underflown
Pattern 104 likelihood is underflown
Pattern 112 likelihood is underflown
Pattern 113 likelihood is underflown
Pattern 115 likelihood is underflown
Pattern 128 likelihood is underflown
Pattern 135 likelihood is underflown
Pattern 138 likelihood is underflown
Pattern 144 likelihood is underflown
Pattern 145 likelihood is underflown
Pattern 166 likelihood is underflown
Pattern 180 likelihood is underflown
Pattern 187 likelihood is underflown
Pattern 191 likelihood is underflown
Pattern 193 likelihood is underflown
Pattern 195 likelihood is underflown
Pattern 197 likelihood is underflown
Pattern 212 likelihood is underflown
Pattern 215 likelihood is underflown
Pattern 233 likelihood is underflown
Pattern 244 likelihood is underflown
Pattern 245 likelihood is underflown
Pattern 253 likelihood is underflown
Pattern 262 likelihood is underflown
Pattern 302 likelihood is underflown
Pattern 304 likelihood is underflown
Pattern 314 likelihood is underflown
Pattern 315 likelihood is underflown
Pattern 320 likelihood is underflown
Pattern 322 likelihood is underflown
Pattern 343 likelihood is underflown
Pattern 346 likelihood is underflown
Pattern 353 likelihood is underflown
Pattern 356 likelihood is underflown
Pattern 372 likelihood is underflown
Pattern 419 likelihood is underflown
Pattern 431 likelihood is underflown
Pattern 445 likelihood is underflown
Pattern 454 likelihood is underflown
Pattern 461 likelihood is underflown
Pattern 465 likelihood is underflown
Pattern 469 likelihood is underflown
Pattern 477 likelihood is underflown
Pattern 485 likelihood is underflown
Pattern 492 likelihood is underflown
Pattern 498 likelihood is underflown
Pattern 507 likelihood is underflown
Pattern 514 likelihood is underflown
292  TPM2+R3       20435.694    335 41541.388    41562.871    43983.099
301  TPM2+I+R3     20435.261    336 41542.521    41564.135    43991.521
314  K3Pu+F+R3     20383.876    338 41443.753    41465.628    43907.330
323  K3Pu+F+I+R3   20383.871    339 41445.742    41467.749    43916.608
WARNING: Numerical underflow for lh-branch, use `-safe` option to avoid this warning
Pattern 131 likelihood is underflown
Pattern 147 likelihood is underflown
Pattern 494 likelihood is underflown
WARNING: Numerical underflow for lh-branch, use `-safe` option to avoid this warning
Pattern 131 likelihood is underflown
Pattern 147 likelihood is underflown
Pattern 494 likelihood is underflown
WARNING: Numerical underflow for lh-branch, use `-safe` option to avoid this warning
Pattern 131 likelihood is underflown
Pattern 147 likelihood is underflown
Pattern 494 likelihood is underflown
WARNING: Numerical underflow for lh-branch, use `-safe` option to avoid this warning
Pattern 131 likelihood is underflown
Pattern 147 likelihood is underflown
Pattern 494 likelihood is underflown
WARNING: Numerical underflow for lh-branch, use `-safe` option to avoid this warning
Pattern 131 likelihood is underflown
Pattern 147 likelihood is underflown
Pattern 494 likelihood is underflown
WARNING: Numerical underflow for lh-branch, use `-safe` option to avoid this warning
Pattern 131 likelihood is underflown
Pattern 147 likelihood is underflown
Pattern 494 likelihood is underflown
WARNING: Numerical underflow for lh-branch, use `-safe` option to avoid this warning
Pattern 131 likelihood is underflown
Pattern 147 likelihood is underflown
Pattern 494 likelihood is underflown
WARNING: Numerical underflow for lh-branch, use `-safe` option to avoid this warning
Pattern 131 likelihood is underflown
Pattern 147 likelihood is underflown
Pattern 494 likelihood is underflown
WARNING: Numerical underflow for lh-branch, use `-safe` option to avoid this warning
Pattern 131 likelihood is underflown
Pattern 147 likelihood is underflown
Pattern 494 likelihood is underflown
336  K3P+R3        20440.954    335 41551.909    41573.392    43993.620
345  K3P+I+R3      20440.614    336 41553.228    41574.842    44002.228
358  TN+F+R3       20387.473    338 41450.945    41472.821    43914.522
367  TN+F+I+R3     20387.486    339 41452.973    41474.979    43923.838
WARNING: Numerical underflow for lh-branch, use `-safe` option to avoid this warning
Pattern 9 likelihood is underflown
Pattern 14 likelihood is underflown
Pattern 38 likelihood is underflown
Pattern 39 likelihood is underflown
Pattern 41 likelihood is underflown
Pattern 57 likelihood is underflown
Pattern 59 likelihood is underflown
Pattern 63 likelihood is underflown
Pattern 65 likelihood is underflown
Pattern 67 likelihood is underflown
Pattern 72 likelihood is underflown
Pattern 75 likelihood is underflown
Pattern 83 likelihood is underflown
Pattern 90 likelihood is underflown
Pattern 99 likelihood is underflown
Pattern 101 likelihood is underflown
Pattern 103 likelihood is underflown
Pattern 111 likelihood is underflown
Pattern 112 likelihood is underflown
Pattern 113 likelihood is underflown
Pattern 115 likelihood is underflown
Pattern 128 likelihood is underflown
Pattern 130 likelihood is underflown
Pattern 135 likelihood is underflown
Pattern 137 likelihood is underflown
Pattern 138 likelihood is underflown
Pattern 144 likelihood is underflown
Pattern 145 likelihood is underflown
Pattern 147 likelihood is underflown
Pattern 166 likelihood is underflown
Pattern 179 likelihood is underflown
Pattern 180 likelihood is underflown
Pattern 181 likelihood is underflown
Pattern 184 likelihood is underflown
Pattern 187 likelihood is underflown
Pattern 191 likelihood is underflown
Pattern 193 likelihood is underflown
Pattern 195 likelihood is underflown
Pattern 197 likelihood is underflown
Pattern 198 likelihood is underflown
Pattern 199 likelihood is underflown
Pattern 206 likelihood is underflown
Pattern 209 likelihood is underflown
Pattern 212 likelihood is underflown
Pattern 215 likelihood is underflown
Pattern 233 likelihood is underflown
Pattern 244 likelihood is underflown
Pattern 245 likelihood is underflown
Pattern 253 likelihood is underflown
Pattern 262 likelihood is underflown
Pattern 274 likelihood is underflown
Pattern 302 likelihood is underflown
Pattern 304 likelihood is underflown
Pattern 309 likelihood is underflown
Pattern 314 likelihood is underflown
Pattern 315 likelihood is underflown
Pattern 320 likelihood is underflown
Pattern 322 likelihood is underflown
Pattern 329 likelihood is underflown
Pattern 335 likelihood is underflown
Pattern 343 likelihood is underflown
Pattern 346 likelihood is underflown
Pattern 349 likelihood is underflown
Pattern 353 likelihood is underflown
Pattern 356 likelihood is underflown
Pattern 360 likelihood is underflown
Pattern 367 likelihood is underflown
Pattern 368 likelihood is underflown
Pattern 370 likelihood is underflown
Pattern 372 likelihood is underflown
Pattern 395 likelihood is underflown
Pattern 419 likelihood is underflown
Pattern 431 likelihood is underflown
Pattern 441 likelihood is underflown
Pattern 445 likelihood is underflown
Pattern 454 likelihood is underflown
Pattern 461 likelihood is underflown
Pattern 465 likelihood is underflown
Pattern 469 likelihood is underflown
Pattern 476 likelihood is underflown
Pattern 477 likelihood is underflown
Pattern 485 likelihood is underflown
Pattern 491 likelihood is underflown
Pattern 492 likelihood is underflown
Pattern 498 likelihood is underflown
Pattern 499 likelihood is underflown
Pattern 504 likelihood is underflown
Pattern 507 likelihood is underflown
Pattern 514 likelihood is underflown
WARNING: Numerical underflow for lh-branch, use `-safe` option to avoid this warning
Pattern 9 likelihood is underflown
Pattern 14 likelihood is underflown
Pattern 38 likelihood is underflown
Pattern 39 likelihood is underflown
Pattern 41 likelihood is underflown
Pattern 57 likelihood is underflown
Pattern 59 likelihood is underflown
Pattern 63 likelihood is underflown
Pattern 65 likelihood is underflown
Pattern 67 likelihood is underflown
Pattern 72 likelihood is underflown
Pattern 75 likelihood is underflown
Pattern 83 likelihood is underflown
Pattern 90 likelihood is underflown
Pattern 99 likelihood is underflown
Pattern 101 likelihood is underflown
Pattern 103 likelihood is underflown
Pattern 111 likelihood is underflown
Pattern 112 likelihood is underflown
Pattern 113 likelihood is underflown
Pattern 115 likelihood is underflown
Pattern 128 likelihood is underflown
Pattern 130 likelihood is underflown
Pattern 135 likelihood is underflown
Pattern 137 likelihood is underflown
Pattern 138 likelihood is underflown
Pattern 144 likelihood is underflown
Pattern 145 likelihood is underflown
Pattern 147 likelihood is underflown
Pattern 166 likelihood is underflown
Pattern 179 likelihood is underflown
Pattern 180 likelihood is underflown
Pattern 181 likelihood is underflown
Pattern 184 likelihood is underflown
Pattern 187 likelihood is underflown
Pattern 191 likelihood is underflown
Pattern 193 likelihood is underflown
Pattern 195 likelihood is underflown
Pattern 197 likelihood is underflown
Pattern 198 likelihood is underflown
Pattern 199 likelihood is underflown
Pattern 206 likelihood is underflown
Pattern 209 likelihood is underflown
Pattern 212 likelihood is underflown
Pattern 215 likelihood is underflown
Pattern 233 likelihood is underflown
Pattern 244 likelihood is underflown
Pattern 245 likelihood is underflown
Pattern 253 likelihood is underflown
Pattern 262 likelihood is underflown
Pattern 274 likelihood is underflown
Pattern 302 likelihood is underflown
Pattern 304 likelihood is underflown
Pattern 309 likelihood is underflown
Pattern 314 likelihood is underflown
Pattern 315 likelihood is underflown
Pattern 320 likelihood is underflown
Pattern 322 likelihood is underflown
Pattern 329 likelihood is underflown
Pattern 335 likelihood is underflown
Pattern 343 likelihood is underflown
Pattern 346 likelihood is underflown
Pattern 349 likelihood is underflown
Pattern 353 likelihood is underflown
Pattern 356 likelihood is underflown
Pattern 360 likelihood is underflown
Pattern 367 likelihood is underflown
Pattern 368 likelihood is underflown
Pattern 370 likelihood is underflown
Pattern 372 likelihood is underflown
Pattern 395 likelihood is underflown
Pattern 419 likelihood is underflown
Pattern 431 likelihood is underflown
Pattern 441 likelihood is underflown
Pattern 445 likelihood is underflown
Pattern 454 likelihood is underflown
Pattern 461 likelihood is underflown
Pattern 465 likelihood is underflown
Pattern 469 likelihood is underflown
Pattern 476 likelihood is underflown
Pattern 477 likelihood is underflown
Pattern 485 likelihood is underflown
Pattern 491 likelihood is underflown
Pattern 492 likelihood is underflown
Pattern 498 likelihood is underflown
Pattern 499 likelihood is underflown
Pattern 504 likelihood is underflown
Pattern 507 likelihood is underflown
Pattern 514 likelihood is underflown
WARNING: Numerical underflow for lh-branch, use `-safe` option to avoid this warning
Pattern 9 likelihood is underflown
Pattern 14 likelihood is underflown
Pattern 38 likelihood is underflown
Pattern 39 likelihood is underflown
Pattern 41 likelihood is underflown
Pattern 57 likelihood is underflown
Pattern 59 likelihood is underflown
Pattern 63 likelihood is underflown
Pattern 65 likelihood is underflown
Pattern 67 likelihood is underflown
Pattern 72 likelihood is underflown
Pattern 75 likelihood is underflown
Pattern 83 likelihood is underflown
Pattern 90 likelihood is underflown
Pattern 99 likelihood is underflown
Pattern 101 likelihood is underflown
Pattern 103 likelihood is underflown
Pattern 111 likelihood is underflown
Pattern 112 likelihood is underflown
Pattern 113 likelihood is underflown
Pattern 115 likelihood is underflown
Pattern 128 likelihood is underflown
Pattern 130 likelihood is underflown
Pattern 135 likelihood is underflown
Pattern 137 likelihood is underflown
Pattern 138 likelihood is underflown
Pattern 144 likelihood is underflown
Pattern 145 likelihood is underflown
Pattern 147 likelihood is underflown
Pattern 166 likelihood is underflown
Pattern 179 likelihood is underflown
Pattern 180 likelihood is underflown
Pattern 181 likelihood is underflown
Pattern 184 likelihood is underflown
Pattern 187 likelihood is underflown
Pattern 191 likelihood is underflown
Pattern 193 likelihood is underflown
Pattern 195 likelihood is underflown
Pattern 197 likelihood is underflown
Pattern 198 likelihood is underflown
Pattern 199 likelihood is underflown
Pattern 206 likelihood is underflown
Pattern 209 likelihood is underflown
Pattern 212 likelihood is underflown
Pattern 215 likelihood is underflown
Pattern 233 likelihood is underflown
Pattern 244 likelihood is underflown
Pattern 245 likelihood is underflown
Pattern 253 likelihood is underflown
Pattern 262 likelihood is underflown
Pattern 274 likelihood is underflown
Pattern 302 likelihood is underflown
Pattern 304 likelihood is underflown
Pattern 309 likelihood is underflown
Pattern 314 likelihood is underflown
Pattern 315 likelihood is underflown
Pattern 320 likelihood is underflown
Pattern 322 likelihood is underflown
Pattern 329 likelihood is underflown
Pattern 335 likelihood is underflown
Pattern 343 likelihood is underflown
Pattern 346 likelihood is underflown
Pattern 349 likelihood is underflown
Pattern 353 likelihood is underflown
Pattern 356 likelihood is underflown
Pattern 360 likelihood is underflown
Pattern 367 likelihood is underflown
Pattern 368 likelihood is underflown
Pattern 370 likelihood is underflown
Pattern 372 likelihood is underflown
Pattern 395 likelihood is underflown
Pattern 419 likelihood is underflown
Pattern 431 likelihood is underflown
Pattern 441 likelihood is underflown
Pattern 445 likelihood is underflown
Pattern 454 likelihood is underflown
Pattern 461 likelihood is underflown
Pattern 465 likelihood is underflown
Pattern 469 likelihood is underflown
Pattern 476 likelihood is underflown
Pattern 477 likelihood is underflown
Pattern 485 likelihood is underflown
Pattern 491 likelihood is underflown
Pattern 492 likelihood is underflown
Pattern 498 likelihood is underflown
Pattern 499 likelihood is underflown
Pattern 504 likelihood is underflown
Pattern 507 likelihood is underflown
Pattern 514 likelihood is underflown
WARNING: Numerical underflow for lh-branch, use `-safe` option to avoid this warning
Pattern 9 likelihood is underflown
Pattern 14 likelihood is underflown
Pattern 38 likelihood is underflown
Pattern 39 likelihood is underflown
Pattern 41 likelihood is underflown
Pattern 57 likelihood is underflown
Pattern 59 likelihood is underflown
Pattern 63 likelihood is underflown
Pattern 65 likelihood is underflown
Pattern 67 likelihood is underflown
Pattern 72 likelihood is underflown
Pattern 75 likelihood is underflown
Pattern 83 likelihood is underflown
Pattern 90 likelihood is underflown
Pattern 99 likelihood is underflown
Pattern 101 likelihood is underflown
Pattern 103 likelihood is underflown
Pattern 111 likelihood is underflown
Pattern 112 likelihood is underflown
Pattern 113 likelihood is underflown
Pattern 115 likelihood is underflown
Pattern 128 likelihood is underflown
Pattern 130 likelihood is underflown
Pattern 135 likelihood is underflown
Pattern 137 likelihood is underflown
Pattern 138 likelihood is underflown
Pattern 144 likelihood is underflown
Pattern 145 likelihood is underflown
Pattern 147 likelihood is underflown
Pattern 166 likelihood is underflown
Pattern 179 likelihood is underflown
Pattern 180 likelihood is underflown
Pattern 181 likelihood is underflown
Pattern 184 likelihood is underflown
Pattern 187 likelihood is underflown
Pattern 191 likelihood is underflown
Pattern 193 likelihood is underflown
Pattern 195 likelihood is underflown
Pattern 197 likelihood is underflown
Pattern 198 likelihood is underflown
Pattern 199 likelihood is underflown
Pattern 206 likelihood is underflown
Pattern 209 likelihood is underflown
Pattern 212 likelihood is underflown
Pattern 215 likelihood is underflown
Pattern 233 likelihood is underflown
Pattern 244 likelihood is underflown
Pattern 245 likelihood is underflown
Pattern 253 likelihood is underflown
Pattern 262 likelihood is underflown
Pattern 274 likelihood is underflown
Pattern 302 likelihood is underflown
Pattern 304 likelihood is underflown
Pattern 309 likelihood is underflown
Pattern 314 likelihood is underflown
Pattern 315 likelihood is underflown
Pattern 320 likelihood is underflown
Pattern 322 likelihood is underflown
Pattern 329 likelihood is underflown
Pattern 335 likelihood is underflown
Pattern 343 likelihood is underflown
Pattern 346 likelihood is underflown
Pattern 349 likelihood is underflown
Pattern 353 likelihood is underflown
Pattern 356 likelihood is underflown
Pattern 360 likelihood is underflown
Pattern 367 likelihood is underflown
Pattern 368 likelihood is underflown
Pattern 370 likelihood is underflown
Pattern 372 likelihood is underflown
Pattern 395 likelihood is underflown
Pattern 419 likelihood is underflown
Pattern 431 likelihood is underflown
Pattern 441 likelihood is underflown
Pattern 445 likelihood is underflown
Pattern 454 likelihood is underflown
Pattern 461 likelihood is underflown
Pattern 465 likelihood is underflown
Pattern 469 likelihood is underflown
Pattern 476 likelihood is underflown
Pattern 477 likelihood is underflown
Pattern 485 likelihood is underflown
Pattern 491 likelihood is underflown
Pattern 492 likelihood is underflown
Pattern 498 likelihood is underflown
Pattern 499 likelihood is underflown
Pattern 504 likelihood is underflown
Pattern 507 likelihood is underflown
Pattern 514 likelihood is underflown
WARNING: Numerical underflow for lh-branch, use `-safe` option to avoid this warning
Pattern 9 likelihood is underflown
Pattern 14 likelihood is underflown
Pattern 38 likelihood is underflown
Pattern 39 likelihood is underflown
Pattern 41 likelihood is underflown
Pattern 57 likelihood is underflown
Pattern 59 likelihood is underflown
Pattern 63 likelihood is underflown
Pattern 65 likelihood is underflown
Pattern 67 likelihood is underflown
Pattern 72 likelihood is underflown
Pattern 75 likelihood is underflown
Pattern 83 likelihood is underflown
Pattern 90 likelihood is underflown
Pattern 99 likelihood is underflown
Pattern 101 likelihood is underflown
Pattern 103 likelihood is underflown
Pattern 111 likelihood is underflown
Pattern 112 likelihood is underflown
Pattern 113 likelihood is underflown
Pattern 115 likelihood is underflown
Pattern 128 likelihood is underflown
Pattern 130 likelihood is underflown
Pattern 135 likelihood is underflown
Pattern 137 likelihood is underflown
Pattern 138 likelihood is underflown
Pattern 144 likelihood is underflown
Pattern 145 likelihood is underflown
Pattern 147 likelihood is underflown
Pattern 166 likelihood is underflown
Pattern 179 likelihood is underflown
Pattern 180 likelihood is underflown
Pattern 181 likelihood is underflown
Pattern 184 likelihood is underflown
Pattern 187 likelihood is underflown
Pattern 191 likelihood is underflown
Pattern 193 likelihood is underflown
Pattern 195 likelihood is underflown
Pattern 197 likelihood is underflown
Pattern 198 likelihood is underflown
Pattern 199 likelihood is underflown
Pattern 206 likelihood is underflown
Pattern 209 likelihood is underflown
Pattern 212 likelihood is underflown
Pattern 215 likelihood is underflown
Pattern 233 likelihood is underflown
Pattern 244 likelihood is underflown
Pattern 245 likelihood is underflown
Pattern 253 likelihood is underflown
Pattern 262 likelihood is underflown
Pattern 274 likelihood is underflown
Pattern 302 likelihood is underflown
Pattern 304 likelihood is underflown
Pattern 309 likelihood is underflown
Pattern 314 likelihood is underflown
Pattern 315 likelihood is underflown
Pattern 320 likelihood is underflown
Pattern 322 likelihood is underflown
Pattern 329 likelihood is underflown
Pattern 335 likelihood is underflown
Pattern 343 likelihood is underflown
Pattern 346 likelihood is underflown
Pattern 349 likelihood is underflown
Pattern 353 likelihood is underflown
Pattern 356 likelihood is underflown
Pattern 360 likelihood is underflown
Pattern 367 likelihood is underflown
Pattern 368 likelihood is underflown
Pattern 370 likelihood is underflown
Pattern 372 likelihood is underflown
Pattern 395 likelihood is underflown
Pattern 419 likelihood is underflown
Pattern 431 likelihood is underflown
Pattern 441 likelihood is underflown
Pattern 445 likelihood is underflown
Pattern 454 likelihood is underflown
Pattern 461 likelihood is underflown
Pattern 465 likelihood is underflown
Pattern 469 likelihood is underflown
Pattern 476 likelihood is underflown
Pattern 477 likelihood is underflown
Pattern 485 likelihood is underflown
Pattern 491 likelihood is underflown
Pattern 492 likelihood is underflown
Pattern 498 likelihood is underflown
Pattern 499 likelihood is underflown
Pattern 504 likelihood is underflown
Pattern 507 likelihood is underflown
Pattern 514 likelihood is underflown
WARNING: Numerical underflow for lh-branch, use `-safe` option to avoid this warning
Pattern 9 likelihood is underflown
Pattern 14 likelihood is underflown
Pattern 38 likelihood is underflown
Pattern 39 likelihood is underflown
Pattern 41 likelihood is underflown
Pattern 57 likelihood is underflown
Pattern 59 likelihood is underflown
Pattern 63 likelihood is underflown
Pattern 65 likelihood is underflown
Pattern 67 likelihood is underflown
Pattern 72 likelihood is underflown
Pattern 75 likelihood is underflown
Pattern 83 likelihood is underflown
Pattern 90 likelihood is underflown
Pattern 99 likelihood is underflown
Pattern 101 likelihood is underflown
Pattern 103 likelihood is underflown
Pattern 111 likelihood is underflown
Pattern 112 likelihood is underflown
Pattern 113 likelihood is underflown
Pattern 115 likelihood is underflown
Pattern 128 likelihood is underflown
Pattern 130 likelihood is underflown
Pattern 135 likelihood is underflown
Pattern 137 likelihood is underflown
Pattern 138 likelihood is underflown
Pattern 144 likelihood is underflown
Pattern 145 likelihood is underflown
Pattern 147 likelihood is underflown
Pattern 166 likelihood is underflown
Pattern 179 likelihood is underflown
Pattern 180 likelihood is underflown
Pattern 181 likelihood is underflown
Pattern 184 likelihood is underflown
Pattern 187 likelihood is underflown
Pattern 191 likelihood is underflown
Pattern 193 likelihood is underflown
Pattern 195 likelihood is underflown
Pattern 197 likelihood is underflown
Pattern 198 likelihood is underflown
Pattern 199 likelihood is underflown
Pattern 206 likelihood is underflown
Pattern 209 likelihood is underflown
Pattern 212 likelihood is underflown
Pattern 215 likelihood is underflown
Pattern 233 likelihood is underflown
Pattern 244 likelihood is underflown
Pattern 245 likelihood is underflown
Pattern 253 likelihood is underflown
Pattern 262 likelihood is underflown
Pattern 274 likelihood is underflown
Pattern 302 likelihood is underflown
Pattern 304 likelihood is underflown
Pattern 309 likelihood is underflown
Pattern 314 likelihood is underflown
Pattern 315 likelihood is underflown
Pattern 320 likelihood is underflown
Pattern 322 likelihood is underflown
Pattern 329 likelihood is underflown
Pattern 335 likelihood is underflown
Pattern 343 likelihood is underflown
Pattern 346 likelihood is underflown
Pattern 349 likelihood is underflown
Pattern 353 likelihood is underflown
Pattern 356 likelihood is underflown
Pattern 360 likelihood is underflown
Pattern 367 likelihood is underflown
Pattern 368 likelihood is underflown
Pattern 370 likelihood is underflown
Pattern 372 likelihood is underflown
Pattern 395 likelihood is underflown
Pattern 419 likelihood is underflown
Pattern 431 likelihood is underflown
Pattern 441 likelihood is underflown
Pattern 445 likelihood is underflown
Pattern 454 likelihood is underflown
Pattern 461 likelihood is underflown
Pattern 465 likelihood is underflown
Pattern 469 likelihood is underflown
Pattern 476 likelihood is underflown
Pattern 477 likelihood is underflown
Pattern 485 likelihood is underflown
Pattern 491 likelihood is underflown
Pattern 492 likelihood is underflown
Pattern 498 likelihood is underflown
Pattern 499 likelihood is underflown
Pattern 504 likelihood is underflown
Pattern 507 likelihood is underflown
Pattern 514 likelihood is underflown
WARNING: Numerical underflow for lh-branch, use `-safe` option to avoid this warning
Pattern 9 likelihood is underflown
Pattern 14 likelihood is underflown
Pattern 38 likelihood is underflown
Pattern 39 likelihood is underflown
Pattern 41 likelihood is underflown
Pattern 57 likelihood is underflown
Pattern 59 likelihood is underflown
Pattern 63 likelihood is underflown
Pattern 65 likelihood is underflown
Pattern 67 likelihood is underflown
Pattern 72 likelihood is underflown
Pattern 75 likelihood is underflown
Pattern 83 likelihood is underflown
Pattern 90 likelihood is underflown
Pattern 99 likelihood is underflown
Pattern 101 likelihood is underflown
Pattern 103 likelihood is underflown
Pattern 111 likelihood is underflown
Pattern 112 likelihood is underflown
Pattern 113 likelihood is underflown
Pattern 115 likelihood is underflown
Pattern 128 likelihood is underflown
Pattern 130 likelihood is underflown
Pattern 135 likelihood is underflown
Pattern 137 likelihood is underflown
Pattern 138 likelihood is underflown
Pattern 144 likelihood is underflown
Pattern 145 likelihood is underflown
Pattern 147 likelihood is underflown
Pattern 166 likelihood is underflown
Pattern 179 likelihood is underflown
Pattern 180 likelihood is underflown
Pattern 181 likelihood is underflown
Pattern 184 likelihood is underflown
Pattern 187 likelihood is underflown
Pattern 191 likelihood is underflown
Pattern 193 likelihood is underflown
Pattern 195 likelihood is underflown
Pattern 197 likelihood is underflown
Pattern 198 likelihood is underflown
Pattern 199 likelihood is underflown
Pattern 206 likelihood is underflown
Pattern 209 likelihood is underflown
Pattern 212 likelihood is underflown
Pattern 215 likelihood is underflown
Pattern 233 likelihood is underflown
Pattern 244 likelihood is underflown
Pattern 245 likelihood is underflown
Pattern 253 likelihood is underflown
Pattern 262 likelihood is underflown
Pattern 274 likelihood is underflown
Pattern 302 likelihood is underflown
Pattern 304 likelihood is underflown
Pattern 309 likelihood is underflown
Pattern 314 likelihood is underflown
Pattern 315 likelihood is underflown
Pattern 320 likelihood is underflown
Pattern 322 likelihood is underflown
Pattern 329 likelihood is underflown
Pattern 335 likelihood is underflown
Pattern 343 likelihood is underflown
Pattern 346 likelihood is underflown
Pattern 349 likelihood is underflown
Pattern 353 likelihood is underflown
Pattern 356 likelihood is underflown
Pattern 360 likelihood is underflown
Pattern 367 likelihood is underflown
Pattern 368 likelihood is underflown
Pattern 370 likelihood is underflown
Pattern 372 likelihood is underflown
Pattern 395 likelihood is underflown
Pattern 419 likelihood is underflown
Pattern 431 likelihood is underflown
Pattern 441 likelihood is underflown
Pattern 445 likelihood is underflown
Pattern 454 likelihood is underflown
Pattern 461 likelihood is underflown
Pattern 465 likelihood is underflown
Pattern 469 likelihood is underflown
Pattern 476 likelihood is underflown
Pattern 477 likelihood is underflown
Pattern 485 likelihood is underflown
Pattern 491 likelihood is underflown
Pattern 492 likelihood is underflown
Pattern 498 likelihood is underflown
Pattern 499 likelihood is underflown
Pattern 504 likelihood is underflown
Pattern 507 likelihood is underflown
Pattern 514 likelihood is underflown
WARNING: Numerical underflow for lh-branch, use `-safe` option to avoid this warning
Pattern 9 likelihood is underflown
Pattern 14 likelihood is underflown
Pattern 38 likelihood is underflown
Pattern 39 likelihood is underflown
Pattern 41 likelihood is underflown
Pattern 57 likelihood is underflown
Pattern 59 likelihood is underflown
Pattern 63 likelihood is underflown
Pattern 65 likelihood is underflown
Pattern 67 likelihood is underflown
Pattern 72 likelihood is underflown
Pattern 75 likelihood is underflown
Pattern 83 likelihood is underflown
Pattern 90 likelihood is underflown
Pattern 99 likelihood is underflown
Pattern 101 likelihood is underflown
Pattern 103 likelihood is underflown
Pattern 111 likelihood is underflown
Pattern 112 likelihood is underflown
Pattern 113 likelihood is underflown
Pattern 115 likelihood is underflown
Pattern 128 likelihood is underflown
Pattern 130 likelihood is underflown
Pattern 135 likelihood is underflown
Pattern 137 likelihood is underflown
Pattern 138 likelihood is underflown
Pattern 144 likelihood is underflown
Pattern 145 likelihood is underflown
Pattern 147 likelihood is underflown
Pattern 166 likelihood is underflown
Pattern 179 likelihood is underflown
Pattern 180 likelihood is underflown
Pattern 181 likelihood is underflown
Pattern 184 likelihood is underflown
Pattern 187 likelihood is underflown
Pattern 191 likelihood is underflown
Pattern 193 likelihood is underflown
Pattern 195 likelihood is underflown
Pattern 197 likelihood is underflown
Pattern 198 likelihood is underflown
Pattern 199 likelihood is underflown
Pattern 206 likelihood is underflown
Pattern 209 likelihood is underflown
Pattern 212 likelihood is underflown
Pattern 215 likelihood is underflown
Pattern 233 likelihood is underflown
Pattern 244 likelihood is underflown
Pattern 245 likelihood is underflown
Pattern 253 likelihood is underflown
Pattern 262 likelihood is underflown
Pattern 274 likelihood is underflown
Pattern 302 likelihood is underflown
Pattern 304 likelihood is underflown
Pattern 309 likelihood is underflown
Pattern 314 likelihood is underflown
Pattern 315 likelihood is underflown
Pattern 320 likelihood is underflown
Pattern 322 likelihood is underflown
Pattern 329 likelihood is underflown
Pattern 335 likelihood is underflown
Pattern 343 likelihood is underflown
Pattern 346 likelihood is underflown
Pattern 349 likelihood is underflown
Pattern 353 likelihood is underflown
Pattern 356 likelihood is underflown
Pattern 360 likelihood is underflown
Pattern 367 likelihood is underflown
Pattern 368 likelihood is underflown
Pattern 370 likelihood is underflown
Pattern 372 likelihood is underflown
Pattern 395 likelihood is underflown
Pattern 419 likelihood is underflown
Pattern 431 likelihood is underflown
Pattern 441 likelihood is underflown
Pattern 445 likelihood is underflown
Pattern 454 likelihood is underflown
Pattern 461 likelihood is underflown
Pattern 465 likelihood is underflown
Pattern 469 likelihood is underflown
Pattern 476 likelihood is underflown
Pattern 477 likelihood is underflown
Pattern 485 likelihood is underflown
Pattern 491 likelihood is underflown
Pattern 492 likelihood is underflown
Pattern 498 likelihood is underflown
Pattern 499 likelihood is underflown
Pattern 504 likelihood is underflown
Pattern 507 likelihood is underflown
Pattern 514 likelihood is underflown
WARNING: Numerical underflow for lh-branch, use `-safe` option to avoid this warning
Pattern 9 likelihood is underflown
Pattern 14 likelihood is underflown
Pattern 38 likelihood is underflown
Pattern 39 likelihood is underflown
Pattern 41 likelihood is underflown
Pattern 57 likelihood is underflown
Pattern 59 likelihood is underflown
Pattern 63 likelihood is underflown
Pattern 65 likelihood is underflown
Pattern 67 likelihood is underflown
Pattern 72 likelihood is underflown
Pattern 75 likelihood is underflown
Pattern 83 likelihood is underflown
Pattern 90 likelihood is underflown
Pattern 99 likelihood is underflown
Pattern 101 likelihood is underflown
Pattern 103 likelihood is underflown
Pattern 111 likelihood is underflown
Pattern 112 likelihood is underflown
Pattern 113 likelihood is underflown
Pattern 115 likelihood is underflown
Pattern 128 likelihood is underflown
Pattern 130 likelihood is underflown
Pattern 135 likelihood is underflown
Pattern 137 likelihood is underflown
Pattern 138 likelihood is underflown
Pattern 144 likelihood is underflown
Pattern 145 likelihood is underflown
Pattern 147 likelihood is underflown
Pattern 166 likelihood is underflown
Pattern 179 likelihood is underflown
Pattern 180 likelihood is underflown
Pattern 181 likelihood is underflown
Pattern 184 likelihood is underflown
Pattern 187 likelihood is underflown
Pattern 191 likelihood is underflown
Pattern 193 likelihood is underflown
Pattern 195 likelihood is underflown
Pattern 197 likelihood is underflown
Pattern 198 likelihood is underflown
Pattern 199 likelihood is underflown
Pattern 206 likelihood is underflown
Pattern 209 likelihood is underflown
Pattern 212 likelihood is underflown
Pattern 215 likelihood is underflown
Pattern 233 likelihood is underflown
Pattern 244 likelihood is underflown
Pattern 245 likelihood is underflown
Pattern 253 likelihood is underflown
Pattern 262 likelihood is underflown
Pattern 274 likelihood is underflown
Pattern 302 likelihood is underflown
Pattern 304 likelihood is underflown
Pattern 309 likelihood is underflown
Pattern 314 likelihood is underflown
Pattern 315 likelihood is underflown
Pattern 320 likelihood is underflown
Pattern 322 likelihood is underflown
Pattern 329 likelihood is underflown
Pattern 335 likelihood is underflown
Pattern 343 likelihood is underflown
Pattern 346 likelihood is underflown
Pattern 349 likelihood is underflown
Pattern 353 likelihood is underflown
Pattern 356 likelihood is underflown
Pattern 360 likelihood is underflown
Pattern 367 likelihood is underflown
Pattern 368 likelihood is underflown
Pattern 370 likelihood is underflown
Pattern 372 likelihood is underflown
Pattern 395 likelihood is underflown
Pattern 419 likelihood is underflown
Pattern 431 likelihood is underflown
Pattern 441 likelihood is underflown
Pattern 445 likelihood is underflown
Pattern 454 likelihood is underflown
Pattern 461 likelihood is underflown
Pattern 465 likelihood is underflown
Pattern 469 likelihood is underflown
Pattern 476 likelihood is underflown
Pattern 477 likelihood is underflown
Pattern 485 likelihood is underflown
Pattern 491 likelihood is underflown
Pattern 492 likelihood is underflown
Pattern 498 likelihood is underflown
Pattern 499 likelihood is underflown
Pattern 504 likelihood is underflown
Pattern 507 likelihood is underflown
Pattern 514 likelihood is underflown
380  TNe+R3        20443.945    335 41557.890    41579.373    43999.601
389  TNe+I+R3      20443.718    336 41559.436    41581.050    44008.436
WARNING: Numerical underflow for lh-branch, use `-safe` option to avoid this warning
Pattern 147 likelihood is underflown
WARNING: Numerical underflow for lh-branch, use `-safe` option to avoid this warning
Pattern 147 likelihood is underflown
WARNING: Numerical underflow for lh-branch, use `-safe` option to avoid this warning
Pattern 147 likelihood is underflown
WARNING: Numerical underflow for lh-branch, use `-safe` option to avoid this warning
Pattern 147 likelihood is underflown
WARNING: Numerical underflow for lh-branch, use `-safe` option to avoid this warning
Pattern 147 likelihood is underflown
WARNING: Numerical underflow for lh-branch, use `-safe` option to avoid this warning
Pattern 147 likelihood is underflown
WARNING: Numerical underflow for lh-branch, use `-safe` option to avoid this warning
Pattern 147 likelihood is underflown
WARNING: Numerical underflow for lh-branch, use `-safe` option to avoid this warning
Pattern 147 likelihood is underflown
WARNING: Numerical underflow for lh-branch, use `-safe` option to avoid this warning
Pattern 147 likelihood is underflown
402  HKY+F+R3      20387.433    337 41448.865    41470.609    43905.153
411  HKY+F+I+R3    20387.454    338 41450.908    41472.783    43914.485
WARNING: Numerical underflow for lh-branch, use `-safe` option to avoid this warning
Pattern 18 likelihood is underflown
Pattern 68 likelihood is underflown
Pattern 488 likelihood is underflown
WARNING: Numerical underflow for lh-branch, use `-safe` option to avoid this warning
Pattern 18 likelihood is underflown
Pattern 68 likelihood is underflown
Pattern 488 likelihood is underflown
WARNING: Numerical underflow for lh-branch, use `-safe` option to avoid this warning
Pattern 18 likelihood is underflown
Pattern 68 likelihood is underflown
Pattern 488 likelihood is underflown
WARNING: Numerical underflow for lh-branch, use `-safe` option to avoid this warning
Pattern 18 likelihood is underflown
Pattern 68 likelihood is underflown
Pattern 488 likelihood is underflown
WARNING: Numerical underflow for lh-branch, use `-safe` option to avoid this warning
Pattern 18 likelihood is underflown
Pattern 68 likelihood is underflown
Pattern 488 likelihood is underflown
WARNING: Numerical underflow for lh-branch, use `-safe` option to avoid this warning
Pattern 18 likelihood is underflown
Pattern 68 likelihood is underflown
Pattern 488 likelihood is underflown
WARNING: Numerical underflow for lh-branch, use `-safe` option to avoid this warning
Pattern 18 likelihood is underflown
Pattern 68 likelihood is underflown
Pattern 488 likelihood is underflown
WARNING: Numerical underflow for lh-branch, use `-safe` option to avoid this warning
Pattern 18 likelihood is underflown
Pattern 68 likelihood is underflown
Pattern 488 likelihood is underflown
WARNING: Numerical underflow for lh-branch, use `-safe` option to avoid this warning
Pattern 18 likelihood is underflown
Pattern 68 likelihood is underflown
Pattern 488 likelihood is underflown
424  K2P+R3        20444.106    334 41556.211    41577.564    43990.634
433  K2P+I+R3      20443.858    335 41557.716    41579.199    43999.427
446  F81+F+R3      20748.941    336 42169.882    42191.496    44618.882
455  F81+F+I+R3    20748.844    337 42171.688    42193.432    44627.976
WARNING: Numerical underflow for lh-branch, use `-safe` option to avoid this warning
Pattern 8 likelihood is underflown
Pattern 9 likelihood is underflown
Pattern 14 likelihood is underflown
Pattern 20 likelihood is underflown
Pattern 28 likelihood is underflown
Pattern 38 likelihood is underflown
Pattern 39 likelihood is underflown
Pattern 41 likelihood is underflown
Pattern 43 likelihood is underflown
Pattern 44 likelihood is underflown
Pattern 57 likelihood is underflown
Pattern 59 likelihood is underflown
Pattern 61 likelihood is underflown
Pattern 63 likelihood is underflown
Pattern 65 likelihood is underflown
Pattern 66 likelihood is underflown
Pattern 67 likelihood is underflown
Pattern 68 likelihood is underflown
Pattern 72 likelihood is underflown
Pattern 73 likelihood is underflown
Pattern 75 likelihood is underflown
Pattern 76 likelihood is underflown
Pattern 77 likelihood is underflown
Pattern 85 likelihood is underflown
Pattern 90 likelihood is underflown
Pattern 91 likelihood is underflown
Pattern 93 likelihood is underflown
Pattern 95 likelihood is underflown
Pattern 96 likelihood is underflown
Pattern 98 likelihood is underflown
Pattern 101 likelihood is underflown
Pattern 102 likelihood is underflown
Pattern 103 likelihood is underflown
Pattern 104 likelihood is underflown
Pattern 106 likelihood is underflown
Pattern 111 likelihood is underflown
Pattern 112 likelihood is underflown
Pattern 113 likelihood is underflown
Pattern 114 likelihood is underflown
Pattern 115 likelihood is underflown
Pattern 117 likelihood is underflown
Pattern 119 likelihood is underflown
Pattern 122 likelihood is underflown
Pattern 124 likelihood is underflown
Pattern 126 likelihood is underflown
Pattern 128 likelihood is underflown
Pattern 130 likelihood is underflown
Pattern 131 likelihood is underflown
Pattern 132 likelihood is underflown
Pattern 134 likelihood is underflown
Pattern 135 likelihood is underflown
Pattern 137 likelihood is underflown
Pattern 138 likelihood is underflown
Pattern 144 likelihood is underflown
Pattern 145 likelihood is underflown
Pattern 153 likelihood is underflown
Pattern 159 likelihood is underflown
Pattern 161 likelihood is underflown
Pattern 166 likelihood is underflown
Pattern 167 likelihood is underflown
Pattern 177 likelihood is underflown
Pattern 179 likelihood is underflown
Pattern 180 likelihood is underflown
Pattern 181 likelihood is underflown
Pattern 183 likelihood is underflown
Pattern 184 likelihood is underflown
Pattern 186 likelihood is underflown
Pattern 187 likelihood is underflown
Pattern 191 likelihood is underflown
Pattern 193 likelihood is underflown
Pattern 195 likelihood is underflown
Pattern 197 likelihood is underflown
Pattern 198 likelihood is underflown
Pattern 199 likelihood is underflown
Pattern 200 likelihood is underflown
Pattern 206 likelihood is underflown
Pattern 208 likelihood is underflown
Pattern 209 likelihood is underflown
Pattern 210 likelihood is underflown
Pattern 212 likelihood is underflown
Pattern 213 likelihood is underflown
Pattern 214 likelihood is underflown
Pattern 215 likelihood is underflown
Pattern 216 likelihood is underflown
Pattern 217 likelihood is underflown
Pattern 227 likelihood is underflown
Pattern 228 likelihood is underflown
Pattern 231 likelihood is underflown
Pattern 233 likelihood is underflown
Pattern 241 likelihood is underflown
Pattern 244 likelihood is underflown
Pattern 245 likelihood is underflown
Pattern 253 likelihood is underflown
Pattern 256 likelihood is underflown
Pattern 257 likelihood is underflown
Pattern 262 likelihood is underflown
Pattern 264 likelihood is underflown
Pattern 265 likelihood is underflown
Pattern 267 likelihood is underflown
Pattern 270 likelihood is underflown
Pattern 274 likelihood is underflown
Pattern 275 likelihood is underflown
Pattern 276 likelihood is underflown
Pattern 278 likelihood is underflown
Pattern 289 likelihood is underflown
Pattern 296 likelihood is underflown
Pattern 302 likelihood is underflown
Pattern 303 likelihood is underflown
Pattern 304 likelihood is underflown
Pattern 305 likelihood is underflown
Pattern 306 likelihood is underflown
Pattern 308 likelihood is underflown
Pattern 309 likelihood is underflown
Pattern 312 likelihood is underflown
Pattern 314 likelihood is underflown
Pattern 315 likelihood is underflown
Pattern 317 likelihood is underflown
Pattern 320 likelihood is underflown
Pattern 322 likelihood is underflown
Pattern 323 likelihood is underflown
Pattern 326 likelihood is underflown
Pattern 328 likelihood is underflown
Pattern 329 likelihood is underflown
Pattern 335 likelihood is underflown
Pattern 336 likelihood is underflown
Pattern 341 likelihood is underflown
Pattern 343 likelihood is underflown
Pattern 346 likelihood is underflown
Pattern 349 likelihood is underflown
Pattern 353 likelihood is underflown
Pattern 356 likelihood is underflown
Pattern 360 likelihood is underflown
Pattern 362 likelihood is underflown
Pattern 367 likelihood is underflown
Pattern 368 likelihood is underflown
Pattern 370 likelihood is underflown
Pattern 371 likelihood is underflown
Pattern 372 likelihood is underflown
Pattern 376 likelihood is underflown
Pattern 380 likelihood is underflown
Pattern 382 likelihood is underflown
Pattern 385 likelihood is underflown
Pattern 387 likelihood is underflown
Pattern 388 likelihood is underflown
Pattern 390 likelihood is underflown
Pattern 392 likelihood is underflown
Pattern 395 likelihood is underflown
Pattern 400 likelihood is underflown
Pattern 405 likelihood is underflown
Pattern 406 likelihood is underflown
Pattern 409 likelihood is underflown
Pattern 412 likelihood is underflown
Pattern 419 likelihood is underflown
Pattern 428 likelihood is underflown
Pattern 429 likelihood is underflown
Pattern 431 likelihood is underflown
Pattern 437 likelihood is underflown
Pattern 440 likelihood is underflown
Pattern 444 likelihood is underflown
Pattern 445 likelihood is underflown
Pattern 446 likelihood is underflown
Pattern 449 likelihood is underflown
Pattern 450 likelihood is underflown
Pattern 451 likelihood is underflown
Pattern 452 likelihood is underflown
Pattern 454 likelihood is underflown
Pattern 460 likelihood is underflown
Pattern 461 likelihood is underflown
Pattern 463 likelihood is underflown
Pattern 465 likelihood is underflown
Pattern 466 likelihood is underflown
Pattern 468 likelihood is underflown
Pattern 469 likelihood is underflown
Pattern 472 likelihood is underflown
Pattern 475 likelihood is underflown
Pattern 476 likelihood is underflown
Pattern 477 likelihood is underflown
Pattern 485 likelihood is underflown
Pattern 486 likelihood is underflown
Pattern 488 likelihood is underflown
Pattern 489 likelihood is underflown
Pattern 490 likelihood is underflown
Pattern 491 likelihood is underflown
Pattern 492 likelihood is underflown
Pattern 498 likelihood is underflown
Pattern 499 likelihood is underflown
Pattern 502 likelihood is underflown
Pattern 503 likelihood is underflown
Pattern 504 likelihood is underflown
Pattern 505 likelihood is underflown
Pattern 506 likelihood is underflown
Pattern 507 likelihood is underflown
Pattern 510 likelihood is underflown
Pattern 511 likelihood is underflown
Pattern 514 likelihood is underflown
WARNING: Numerical underflow for lh-branch, use `-safe` option to avoid this warning
Pattern 8 likelihood is underflown
Pattern 9 likelihood is underflown
Pattern 14 likelihood is underflown
Pattern 20 likelihood is underflown
Pattern 28 likelihood is underflown
Pattern 38 likelihood is underflown
Pattern 39 likelihood is underflown
Pattern 41 likelihood is underflown
Pattern 43 likelihood is underflown
Pattern 44 likelihood is underflown
Pattern 57 likelihood is underflown
Pattern 59 likelihood is underflown
Pattern 61 likelihood is underflown
Pattern 63 likelihood is underflown
Pattern 65 likelihood is underflown
Pattern 66 likelihood is underflown
Pattern 67 likelihood is underflown
Pattern 68 likelihood is underflown
Pattern 72 likelihood is underflown
Pattern 73 likelihood is underflown
Pattern 75 likelihood is underflown
Pattern 76 likelihood is underflown
Pattern 77 likelihood is underflown
Pattern 85 likelihood is underflown
Pattern 90 likelihood is underflown
Pattern 91 likelihood is underflown
Pattern 93 likelihood is underflown
Pattern 95 likelihood is underflown
Pattern 96 likelihood is underflown
Pattern 98 likelihood is underflown
Pattern 101 likelihood is underflown
Pattern 102 likelihood is underflown
Pattern 103 likelihood is underflown
Pattern 104 likelihood is underflown
Pattern 106 likelihood is underflown
Pattern 111 likelihood is underflown
Pattern 112 likelihood is underflown
Pattern 113 likelihood is underflown
Pattern 114 likelihood is underflown
Pattern 115 likelihood is underflown
Pattern 117 likelihood is underflown
Pattern 119 likelihood is underflown
Pattern 122 likelihood is underflown
Pattern 124 likelihood is underflown
Pattern 126 likelihood is underflown
Pattern 128 likelihood is underflown
Pattern 130 likelihood is underflown
Pattern 131 likelihood is underflown
Pattern 132 likelihood is underflown
Pattern 134 likelihood is underflown
Pattern 135 likelihood is underflown
Pattern 137 likelihood is underflown
Pattern 138 likelihood is underflown
Pattern 144 likelihood is underflown
Pattern 145 likelihood is underflown
Pattern 153 likelihood is underflown
Pattern 159 likelihood is underflown
Pattern 161 likelihood is underflown
Pattern 166 likelihood is underflown
Pattern 167 likelihood is underflown
Pattern 177 likelihood is underflown
Pattern 179 likelihood is underflown
Pattern 180 likelihood is underflown
Pattern 181 likelihood is underflown
Pattern 183 likelihood is underflown
Pattern 184 likelihood is underflown
Pattern 186 likelihood is underflown
Pattern 187 likelihood is underflown
Pattern 191 likelihood is underflown
Pattern 193 likelihood is underflown
Pattern 195 likelihood is underflown
Pattern 197 likelihood is underflown
Pattern 198 likelihood is underflown
Pattern 199 likelihood is underflown
Pattern 200 likelihood is underflown
Pattern 206 likelihood is underflown
Pattern 208 likelihood is underflown
Pattern 209 likelihood is underflown
Pattern 210 likelihood is underflown
Pattern 212 likelihood is underflown
Pattern 213 likelihood is underflown
Pattern 214 likelihood is underflown
Pattern 215 likelihood is underflown
Pattern 216 likelihood is underflown
Pattern 217 likelihood is underflown
Pattern 227 likelihood is underflown
Pattern 228 likelihood is underflown
Pattern 231 likelihood is underflown
Pattern 233 likelihood is underflown
Pattern 241 likelihood is underflown
Pattern 244 likelihood is underflown
Pattern 245 likelihood is underflown
Pattern 253 likelihood is underflown
Pattern 256 likelihood is underflown
Pattern 257 likelihood is underflown
Pattern 262 likelihood is underflown
Pattern 264 likelihood is underflown
Pattern 265 likelihood is underflown
Pattern 267 likelihood is underflown
Pattern 270 likelihood is underflown
Pattern 274 likelihood is underflown
Pattern 275 likelihood is underflown
Pattern 276 likelihood is underflown
Pattern 278 likelihood is underflown
Pattern 289 likelihood is underflown
Pattern 296 likelihood is underflown
Pattern 302 likelihood is underflown
Pattern 303 likelihood is underflown
Pattern 304 likelihood is underflown
Pattern 305 likelihood is underflown
Pattern 306 likelihood is underflown
Pattern 308 likelihood is underflown
Pattern 309 likelihood is underflown
Pattern 312 likelihood is underflown
Pattern 314 likelihood is underflown
Pattern 315 likelihood is underflown
Pattern 317 likelihood is underflown
Pattern 320 likelihood is underflown
Pattern 322 likelihood is underflown
Pattern 323 likelihood is underflown
Pattern 326 likelihood is underflown
Pattern 328 likelihood is underflown
Pattern 329 likelihood is underflown
Pattern 335 likelihood is underflown
Pattern 336 likelihood is underflown
Pattern 341 likelihood is underflown
Pattern 343 likelihood is underflown
Pattern 346 likelihood is underflown
Pattern 349 likelihood is underflown
Pattern 353 likelihood is underflown
Pattern 356 likelihood is underflown
Pattern 360 likelihood is underflown
Pattern 362 likelihood is underflown
Pattern 367 likelihood is underflown
Pattern 368 likelihood is underflown
Pattern 370 likelihood is underflown
Pattern 371 likelihood is underflown
Pattern 372 likelihood is underflown
Pattern 376 likelihood is underflown
Pattern 380 likelihood is underflown
Pattern 382 likelihood is underflown
Pattern 385 likelihood is underflown
Pattern 387 likelihood is underflown
Pattern 388 likelihood is underflown
Pattern 390 likelihood is underflown
Pattern 392 likelihood is underflown
Pattern 395 likelihood is underflown
Pattern 400 likelihood is underflown
Pattern 405 likelihood is underflown
Pattern 406 likelihood is underflown
Pattern 409 likelihood is underflown
Pattern 412 likelihood is underflown
Pattern 419 likelihood is underflown
Pattern 428 likelihood is underflown
Pattern 429 likelihood is underflown
Pattern 431 likelihood is underflown
Pattern 437 likelihood is underflown
Pattern 440 likelihood is underflown
Pattern 444 likelihood is underflown
Pattern 445 likelihood is underflown
Pattern 446 likelihood is underflown
Pattern 449 likelihood is underflown
Pattern 450 likelihood is underflown
Pattern 451 likelihood is underflown
Pattern 452 likelihood is underflown
Pattern 454 likelihood is underflown
Pattern 460 likelihood is underflown
Pattern 461 likelihood is underflown
Pattern 463 likelihood is underflown
Pattern 465 likelihood is underflown
Pattern 466 likelihood is underflown
Pattern 468 likelihood is underflown
Pattern 469 likelihood is underflown
Pattern 472 likelihood is underflown
Pattern 475 likelihood is underflown
Pattern 476 likelihood is underflown
Pattern 477 likelihood is underflown
Pattern 485 likelihood is underflown
Pattern 486 likelihood is underflown
Pattern 488 likelihood is underflown
Pattern 489 likelihood is underflown
Pattern 490 likelihood is underflown
Pattern 491 likelihood is underflown
Pattern 492 likelihood is underflown
Pattern 498 likelihood is underflown
Pattern 499 likelihood is underflown
Pattern 502 likelihood is underflown
Pattern 503 likelihood is underflown
Pattern 504 likelihood is underflown
Pattern 505 likelihood is underflown
Pattern 506 likelihood is underflown
Pattern 507 likelihood is underflown
Pattern 510 likelihood is underflown
Pattern 511 likelihood is underflown
Pattern 514 likelihood is underflown
WARNING: Numerical underflow for lh-branch, use `-safe` option to avoid this warning
Pattern 8 likelihood is underflown
Pattern 9 likelihood is underflown
Pattern 14 likelihood is underflown
Pattern 20 likelihood is underflown
Pattern 28 likelihood is underflown
Pattern 38 likelihood is underflown
Pattern 39 likelihood is underflown
Pattern 41 likelihood is underflown
Pattern 43 likelihood is underflown
Pattern 44 likelihood is underflown
Pattern 57 likelihood is underflown
Pattern 59 likelihood is underflown
Pattern 61 likelihood is underflown
Pattern 63 likelihood is underflown
Pattern 65 likelihood is underflown
Pattern 66 likelihood is underflown
Pattern 67 likelihood is underflown
Pattern 68 likelihood is underflown
Pattern 72 likelihood is underflown
Pattern 73 likelihood is underflown
Pattern 75 likelihood is underflown
Pattern 76 likelihood is underflown
Pattern 77 likelihood is underflown
Pattern 85 likelihood is underflown
Pattern 90 likelihood is underflown
Pattern 91 likelihood is underflown
Pattern 93 likelihood is underflown
Pattern 95 likelihood is underflown
Pattern 96 likelihood is underflown
Pattern 98 likelihood is underflown
Pattern 101 likelihood is underflown
Pattern 102 likelihood is underflown
Pattern 103 likelihood is underflown
Pattern 104 likelihood is underflown
Pattern 106 likelihood is underflown
Pattern 111 likelihood is underflown
Pattern 112 likelihood is underflown
Pattern 113 likelihood is underflown
Pattern 114 likelihood is underflown
Pattern 115 likelihood is underflown
Pattern 117 likelihood is underflown
Pattern 119 likelihood is underflown
Pattern 122 likelihood is underflown
Pattern 124 likelihood is underflown
Pattern 126 likelihood is underflown
Pattern 128 likelihood is underflown
Pattern 130 likelihood is underflown
Pattern 131 likelihood is underflown
Pattern 132 likelihood is underflown
Pattern 134 likelihood is underflown
Pattern 135 likelihood is underflown
Pattern 137 likelihood is underflown
Pattern 138 likelihood is underflown
Pattern 144 likelihood is underflown
Pattern 145 likelihood is underflown
Pattern 153 likelihood is underflown
Pattern 159 likelihood is underflown
Pattern 161 likelihood is underflown
Pattern 166 likelihood is underflown
Pattern 167 likelihood is underflown
Pattern 177 likelihood is underflown
Pattern 179 likelihood is underflown
Pattern 180 likelihood is underflown
Pattern 181 likelihood is underflown
Pattern 183 likelihood is underflown
Pattern 184 likelihood is underflown
Pattern 186 likelihood is underflown
Pattern 187 likelihood is underflown
Pattern 191 likelihood is underflown
Pattern 193 likelihood is underflown
Pattern 195 likelihood is underflown
Pattern 197 likelihood is underflown
Pattern 198 likelihood is underflown
Pattern 199 likelihood is underflown
Pattern 200 likelihood is underflown
Pattern 206 likelihood is underflown
Pattern 208 likelihood is underflown
Pattern 209 likelihood is underflown
Pattern 210 likelihood is underflown
Pattern 212 likelihood is underflown
Pattern 213 likelihood is underflown
Pattern 214 likelihood is underflown
Pattern 215 likelihood is underflown
Pattern 216 likelihood is underflown
Pattern 217 likelihood is underflown
Pattern 227 likelihood is underflown
Pattern 228 likelihood is underflown
Pattern 231 likelihood is underflown
Pattern 233 likelihood is underflown
Pattern 241 likelihood is underflown
Pattern 244 likelihood is underflown
Pattern 245 likelihood is underflown
Pattern 253 likelihood is underflown
Pattern 256 likelihood is underflown
Pattern 257 likelihood is underflown
Pattern 262 likelihood is underflown
Pattern 264 likelihood is underflown
Pattern 265 likelihood is underflown
Pattern 267 likelihood is underflown
Pattern 270 likelihood is underflown
Pattern 274 likelihood is underflown
Pattern 275 likelihood is underflown
Pattern 276 likelihood is underflown
Pattern 278 likelihood is underflown
Pattern 289 likelihood is underflown
Pattern 296 likelihood is underflown
Pattern 302 likelihood is underflown
Pattern 303 likelihood is underflown
Pattern 304 likelihood is underflown
Pattern 305 likelihood is underflown
Pattern 306 likelihood is underflown
Pattern 308 likelihood is underflown
Pattern 309 likelihood is underflown
Pattern 312 likelihood is underflown
Pattern 314 likelihood is underflown
Pattern 315 likelihood is underflown
Pattern 317 likelihood is underflown
Pattern 320 likelihood is underflown
Pattern 322 likelihood is underflown
Pattern 323 likelihood is underflown
Pattern 326 likelihood is underflown
Pattern 328 likelihood is underflown
Pattern 329 likelihood is underflown
Pattern 335 likelihood is underflown
Pattern 336 likelihood is underflown
Pattern 341 likelihood is underflown
Pattern 343 likelihood is underflown
Pattern 346 likelihood is underflown
Pattern 349 likelihood is underflown
Pattern 353 likelihood is underflown
Pattern 356 likelihood is underflown
Pattern 360 likelihood is underflown
Pattern 362 likelihood is underflown
Pattern 367 likelihood is underflown
Pattern 368 likelihood is underflown
Pattern 370 likelihood is underflown
Pattern 371 likelihood is underflown
Pattern 372 likelihood is underflown
Pattern 376 likelihood is underflown
Pattern 380 likelihood is underflown
Pattern 382 likelihood is underflown
Pattern 385 likelihood is underflown
Pattern 387 likelihood is underflown
Pattern 388 likelihood is underflown
Pattern 390 likelihood is underflown
Pattern 392 likelihood is underflown
Pattern 395 likelihood is underflown
Pattern 400 likelihood is underflown
Pattern 405 likelihood is underflown
Pattern 406 likelihood is underflown
Pattern 409 likelihood is underflown
Pattern 412 likelihood is underflown
Pattern 419 likelihood is underflown
Pattern 428 likelihood is underflown
Pattern 429 likelihood is underflown
Pattern 431 likelihood is underflown
Pattern 437 likelihood is underflown
Pattern 440 likelihood is underflown
Pattern 444 likelihood is underflown
Pattern 445 likelihood is underflown
Pattern 446 likelihood is underflown
Pattern 449 likelihood is underflown
Pattern 450 likelihood is underflown
Pattern 451 likelihood is underflown
Pattern 452 likelihood is underflown
Pattern 454 likelihood is underflown
Pattern 460 likelihood is underflown
Pattern 461 likelihood is underflown
Pattern 463 likelihood is underflown
Pattern 465 likelihood is underflown
Pattern 466 likelihood is underflown
Pattern 468 likelihood is underflown
Pattern 469 likelihood is underflown
Pattern 472 likelihood is underflown
Pattern 475 likelihood is underflown
Pattern 476 likelihood is underflown
Pattern 477 likelihood is underflown
Pattern 485 likelihood is underflown
Pattern 486 likelihood is underflown
Pattern 488 likelihood is underflown
Pattern 489 likelihood is underflown
Pattern 490 likelihood is underflown
Pattern 491 likelihood is underflown
Pattern 492 likelihood is underflown
Pattern 498 likelihood is underflown
Pattern 499 likelihood is underflown
Pattern 502 likelihood is underflown
Pattern 503 likelihood is underflown
Pattern 504 likelihood is underflown
Pattern 505 likelihood is underflown
Pattern 506 likelihood is underflown
Pattern 507 likelihood is underflown
Pattern 510 likelihood is underflown
Pattern 511 likelihood is underflown
Pattern 514 likelihood is underflown
WARNING: Numerical underflow for lh-branch, use `-safe` option to avoid this warning
Pattern 8 likelihood is underflown
Pattern 9 likelihood is underflown
Pattern 14 likelihood is underflown
Pattern 20 likelihood is underflown
Pattern 28 likelihood is underflown
Pattern 38 likelihood is underflown
Pattern 39 likelihood is underflown
Pattern 41 likelihood is underflown
Pattern 43 likelihood is underflown
Pattern 44 likelihood is underflown
Pattern 57 likelihood is underflown
Pattern 59 likelihood is underflown
Pattern 61 likelihood is underflown
Pattern 63 likelihood is underflown
Pattern 65 likelihood is underflown
Pattern 66 likelihood is underflown
Pattern 67 likelihood is underflown
Pattern 68 likelihood is underflown
Pattern 72 likelihood is underflown
Pattern 73 likelihood is underflown
Pattern 75 likelihood is underflown
Pattern 76 likelihood is underflown
Pattern 77 likelihood is underflown
Pattern 85 likelihood is underflown
Pattern 90 likelihood is underflown
Pattern 91 likelihood is underflown
Pattern 93 likelihood is underflown
Pattern 95 likelihood is underflown
Pattern 96 likelihood is underflown
Pattern 98 likelihood is underflown
Pattern 101 likelihood is underflown
Pattern 102 likelihood is underflown
Pattern 103 likelihood is underflown
Pattern 104 likelihood is underflown
Pattern 106 likelihood is underflown
Pattern 111 likelihood is underflown
Pattern 112 likelihood is underflown
Pattern 113 likelihood is underflown
Pattern 114 likelihood is underflown
Pattern 115 likelihood is underflown
Pattern 117 likelihood is underflown
Pattern 119 likelihood is underflown
Pattern 122 likelihood is underflown
Pattern 124 likelihood is underflown
Pattern 126 likelihood is underflown
Pattern 128 likelihood is underflown
Pattern 130 likelihood is underflown
Pattern 131 likelihood is underflown
Pattern 132 likelihood is underflown
Pattern 134 likelihood is underflown
Pattern 135 likelihood is underflown
Pattern 137 likelihood is underflown
Pattern 138 likelihood is underflown
Pattern 144 likelihood is underflown
Pattern 145 likelihood is underflown
Pattern 153 likelihood is underflown
Pattern 159 likelihood is underflown
Pattern 161 likelihood is underflown
Pattern 166 likelihood is underflown
Pattern 167 likelihood is underflown
Pattern 177 likelihood is underflown
Pattern 179 likelihood is underflown
Pattern 180 likelihood is underflown
Pattern 181 likelihood is underflown
Pattern 183 likelihood is underflown
Pattern 184 likelihood is underflown
Pattern 186 likelihood is underflown
Pattern 187 likelihood is underflown
Pattern 191 likelihood is underflown
Pattern 193 likelihood is underflown
Pattern 195 likelihood is underflown
Pattern 197 likelihood is underflown
Pattern 198 likelihood is underflown
Pattern 199 likelihood is underflown
Pattern 200 likelihood is underflown
Pattern 206 likelihood is underflown
Pattern 208 likelihood is underflown
Pattern 209 likelihood is underflown
Pattern 210 likelihood is underflown
Pattern 212 likelihood is underflown
Pattern 213 likelihood is underflown
Pattern 214 likelihood is underflown
Pattern 215 likelihood is underflown
Pattern 216 likelihood is underflown
Pattern 217 likelihood is underflown
Pattern 227 likelihood is underflown
Pattern 228 likelihood is underflown
Pattern 231 likelihood is underflown
Pattern 233 likelihood is underflown
Pattern 241 likelihood is underflown
Pattern 244 likelihood is underflown
Pattern 245 likelihood is underflown
Pattern 253 likelihood is underflown
Pattern 256 likelihood is underflown
Pattern 257 likelihood is underflown
Pattern 262 likelihood is underflown
Pattern 264 likelihood is underflown
Pattern 265 likelihood is underflown
Pattern 267 likelihood is underflown
Pattern 270 likelihood is underflown
Pattern 274 likelihood is underflown
Pattern 275 likelihood is underflown
Pattern 276 likelihood is underflown
Pattern 278 likelihood is underflown
Pattern 289 likelihood is underflown
Pattern 296 likelihood is underflown
Pattern 302 likelihood is underflown
Pattern 303 likelihood is underflown
Pattern 304 likelihood is underflown
Pattern 305 likelihood is underflown
Pattern 306 likelihood is underflown
Pattern 308 likelihood is underflown
Pattern 309 likelihood is underflown
Pattern 312 likelihood is underflown
Pattern 314 likelihood is underflown
Pattern 315 likelihood is underflown
Pattern 317 likelihood is underflown
Pattern 320 likelihood is underflown
Pattern 322 likelihood is underflown
Pattern 323 likelihood is underflown
Pattern 326 likelihood is underflown
Pattern 328 likelihood is underflown
Pattern 329 likelihood is underflown
Pattern 335 likelihood is underflown
Pattern 336 likelihood is underflown
Pattern 341 likelihood is underflown
Pattern 343 likelihood is underflown
Pattern 346 likelihood is underflown
Pattern 349 likelihood is underflown
Pattern 353 likelihood is underflown
Pattern 356 likelihood is underflown
Pattern 360 likelihood is underflown
Pattern 362 likelihood is underflown
Pattern 367 likelihood is underflown
Pattern 368 likelihood is underflown
Pattern 370 likelihood is underflown
Pattern 371 likelihood is underflown
Pattern 372 likelihood is underflown
Pattern 376 likelihood is underflown
Pattern 380 likelihood is underflown
Pattern 382 likelihood is underflown
Pattern 385 likelihood is underflown
Pattern 387 likelihood is underflown
Pattern 388 likelihood is underflown
Pattern 390 likelihood is underflown
Pattern 392 likelihood is underflown
Pattern 395 likelihood is underflown
Pattern 400 likelihood is underflown
Pattern 405 likelihood is underflown
Pattern 406 likelihood is underflown
Pattern 409 likelihood is underflown
Pattern 412 likelihood is underflown
Pattern 419 likelihood is underflown
Pattern 428 likelihood is underflown
Pattern 429 likelihood is underflown
Pattern 431 likelihood is underflown
Pattern 437 likelihood is underflown
Pattern 440 likelihood is underflown
Pattern 444 likelihood is underflown
Pattern 445 likelihood is underflown
Pattern 446 likelihood is underflown
Pattern 449 likelihood is underflown
Pattern 450 likelihood is underflown
Pattern 451 likelihood is underflown
Pattern 452 likelihood is underflown
Pattern 454 likelihood is underflown
Pattern 460 likelihood is underflown
Pattern 461 likelihood is underflown
Pattern 463 likelihood is underflown
Pattern 465 likelihood is underflown
Pattern 466 likelihood is underflown
Pattern 468 likelihood is underflown
Pattern 469 likelihood is underflown
Pattern 472 likelihood is underflown
Pattern 475 likelihood is underflown
Pattern 476 likelihood is underflown
Pattern 477 likelihood is underflown
Pattern 485 likelihood is underflown
Pattern 486 likelihood is underflown
Pattern 488 likelihood is underflown
Pattern 489 likelihood is underflown
Pattern 490 likelihood is underflown
Pattern 491 likelihood is underflown
Pattern 492 likelihood is underflown
Pattern 498 likelihood is underflown
Pattern 499 likelihood is underflown
Pattern 502 likelihood is underflown
Pattern 503 likelihood is underflown
Pattern 504 likelihood is underflown
Pattern 505 likelihood is underflown
Pattern 506 likelihood is underflown
Pattern 507 likelihood is underflown
Pattern 510 likelihood is underflown
Pattern 511 likelihood is underflown
Pattern 514 likelihood is underflown
WARNING: Numerical underflow for lh-branch, use `-safe` option to avoid this warning
Pattern 8 likelihood is underflown
Pattern 9 likelihood is underflown
Pattern 14 likelihood is underflown
Pattern 20 likelihood is underflown
Pattern 28 likelihood is underflown
Pattern 38 likelihood is underflown
Pattern 39 likelihood is underflown
Pattern 41 likelihood is underflown
Pattern 43 likelihood is underflown
Pattern 44 likelihood is underflown
Pattern 57 likelihood is underflown
Pattern 59 likelihood is underflown
Pattern 61 likelihood is underflown
Pattern 63 likelihood is underflown
Pattern 65 likelihood is underflown
Pattern 66 likelihood is underflown
Pattern 67 likelihood is underflown
Pattern 68 likelihood is underflown
Pattern 72 likelihood is underflown
Pattern 73 likelihood is underflown
Pattern 75 likelihood is underflown
Pattern 76 likelihood is underflown
Pattern 77 likelihood is underflown
Pattern 85 likelihood is underflown
Pattern 90 likelihood is underflown
Pattern 91 likelihood is underflown
Pattern 93 likelihood is underflown
Pattern 95 likelihood is underflown
Pattern 96 likelihood is underflown
Pattern 98 likelihood is underflown
Pattern 101 likelihood is underflown
Pattern 102 likelihood is underflown
Pattern 103 likelihood is underflown
Pattern 104 likelihood is underflown
Pattern 106 likelihood is underflown
Pattern 111 likelihood is underflown
Pattern 112 likelihood is underflown
Pattern 113 likelihood is underflown
Pattern 114 likelihood is underflown
Pattern 115 likelihood is underflown
Pattern 117 likelihood is underflown
Pattern 119 likelihood is underflown
Pattern 122 likelihood is underflown
Pattern 124 likelihood is underflown
Pattern 126 likelihood is underflown
Pattern 128 likelihood is underflown
Pattern 130 likelihood is underflown
Pattern 131 likelihood is underflown
Pattern 132 likelihood is underflown
Pattern 134 likelihood is underflown
Pattern 135 likelihood is underflown
Pattern 137 likelihood is underflown
Pattern 138 likelihood is underflown
Pattern 144 likelihood is underflown
Pattern 145 likelihood is underflown
Pattern 153 likelihood is underflown
Pattern 159 likelihood is underflown
Pattern 161 likelihood is underflown
Pattern 166 likelihood is underflown
Pattern 167 likelihood is underflown
Pattern 177 likelihood is underflown
Pattern 179 likelihood is underflown
Pattern 180 likelihood is underflown
Pattern 181 likelihood is underflown
Pattern 183 likelihood is underflown
Pattern 184 likelihood is underflown
Pattern 186 likelihood is underflown
Pattern 187 likelihood is underflown
Pattern 191 likelihood is underflown
Pattern 193 likelihood is underflown
Pattern 195 likelihood is underflown
Pattern 197 likelihood is underflown
Pattern 198 likelihood is underflown
Pattern 199 likelihood is underflown
Pattern 200 likelihood is underflown
Pattern 206 likelihood is underflown
Pattern 208 likelihood is underflown
Pattern 209 likelihood is underflown
Pattern 210 likelihood is underflown
Pattern 212 likelihood is underflown
Pattern 213 likelihood is underflown
Pattern 214 likelihood is underflown
Pattern 215 likelihood is underflown
Pattern 216 likelihood is underflown
Pattern 217 likelihood is underflown
Pattern 227 likelihood is underflown
Pattern 228 likelihood is underflown
Pattern 231 likelihood is underflown
Pattern 233 likelihood is underflown
Pattern 241 likelihood is underflown
Pattern 244 likelihood is underflown
Pattern 245 likelihood is underflown
Pattern 253 likelihood is underflown
Pattern 256 likelihood is underflown
Pattern 257 likelihood is underflown
Pattern 262 likelihood is underflown
Pattern 264 likelihood is underflown
Pattern 265 likelihood is underflown
Pattern 267 likelihood is underflown
Pattern 270 likelihood is underflown
Pattern 274 likelihood is underflown
Pattern 275 likelihood is underflown
Pattern 276 likelihood is underflown
Pattern 278 likelihood is underflown
Pattern 289 likelihood is underflown
Pattern 296 likelihood is underflown
Pattern 302 likelihood is underflown
Pattern 303 likelihood is underflown
Pattern 304 likelihood is underflown
Pattern 305 likelihood is underflown
Pattern 306 likelihood is underflown
Pattern 308 likelihood is underflown
Pattern 309 likelihood is underflown
Pattern 312 likelihood is underflown
Pattern 314 likelihood is underflown
Pattern 315 likelihood is underflown
Pattern 317 likelihood is underflown
Pattern 320 likelihood is underflown
Pattern 322 likelihood is underflown
Pattern 323 likelihood is underflown
Pattern 326 likelihood is underflown
Pattern 328 likelihood is underflown
Pattern 329 likelihood is underflown
Pattern 335 likelihood is underflown
Pattern 336 likelihood is underflown
Pattern 341 likelihood is underflown
Pattern 343 likelihood is underflown
Pattern 346 likelihood is underflown
Pattern 349 likelihood is underflown
Pattern 353 likelihood is underflown
Pattern 356 likelihood is underflown
Pattern 360 likelihood is underflown
Pattern 362 likelihood is underflown
Pattern 367 likelihood is underflown
Pattern 368 likelihood is underflown
Pattern 370 likelihood is underflown
Pattern 371 likelihood is underflown
Pattern 372 likelihood is underflown
Pattern 376 likelihood is underflown
Pattern 380 likelihood is underflown
Pattern 382 likelihood is underflown
Pattern 385 likelihood is underflown
Pattern 387 likelihood is underflown
Pattern 388 likelihood is underflown
Pattern 390 likelihood is underflown
Pattern 392 likelihood is underflown
Pattern 395 likelihood is underflown
Pattern 400 likelihood is underflown
Pattern 405 likelihood is underflown
Pattern 406 likelihood is underflown
Pattern 409 likelihood is underflown
Pattern 412 likelihood is underflown
Pattern 419 likelihood is underflown
Pattern 428 likelihood is underflown
Pattern 429 likelihood is underflown
Pattern 431 likelihood is underflown
Pattern 437 likelihood is underflown
Pattern 440 likelihood is underflown
Pattern 444 likelihood is underflown
Pattern 445 likelihood is underflown
Pattern 446 likelihood is underflown
Pattern 449 likelihood is underflown
Pattern 450 likelihood is underflown
Pattern 451 likelihood is underflown
Pattern 452 likelihood is underflown
Pattern 454 likelihood is underflown
Pattern 460 likelihood is underflown
Pattern 461 likelihood is underflown
Pattern 463 likelihood is underflown
Pattern 465 likelihood is underflown
Pattern 466 likelihood is underflown
Pattern 468 likelihood is underflown
Pattern 469 likelihood is underflown
Pattern 472 likelihood is underflown
Pattern 475 likelihood is underflown
Pattern 476 likelihood is underflown
Pattern 477 likelihood is underflown
Pattern 485 likelihood is underflown
Pattern 486 likelihood is underflown
Pattern 488 likelihood is underflown
Pattern 489 likelihood is underflown
Pattern 490 likelihood is underflown
Pattern 491 likelihood is underflown
Pattern 492 likelihood is underflown
Pattern 498 likelihood is underflown
Pattern 499 likelihood is underflown
Pattern 502 likelihood is underflown
Pattern 503 likelihood is underflown
Pattern 504 likelihood is underflown
Pattern 505 likelihood is underflown
Pattern 506 likelihood is underflown
Pattern 507 likelihood is underflown
Pattern 510 likelihood is underflown
Pattern 511 likelihood is underflown
Pattern 514 likelihood is underflown
WARNING: Numerical underflow for lh-branch, use `-safe` option to avoid this warning
Pattern 8 likelihood is underflown
Pattern 9 likelihood is underflown
Pattern 14 likelihood is underflown
Pattern 20 likelihood is underflown
Pattern 28 likelihood is underflown
Pattern 38 likelihood is underflown
Pattern 39 likelihood is underflown
Pattern 41 likelihood is underflown
Pattern 43 likelihood is underflown
Pattern 44 likelihood is underflown
Pattern 57 likelihood is underflown
Pattern 59 likelihood is underflown
Pattern 61 likelihood is underflown
Pattern 63 likelihood is underflown
Pattern 65 likelihood is underflown
Pattern 66 likelihood is underflown
Pattern 67 likelihood is underflown
Pattern 68 likelihood is underflown
Pattern 72 likelihood is underflown
Pattern 73 likelihood is underflown
Pattern 75 likelihood is underflown
Pattern 76 likelihood is underflown
Pattern 77 likelihood is underflown
Pattern 85 likelihood is underflown
Pattern 90 likelihood is underflown
Pattern 91 likelihood is underflown
Pattern 93 likelihood is underflown
Pattern 95 likelihood is underflown
Pattern 96 likelihood is underflown
Pattern 98 likelihood is underflown
Pattern 101 likelihood is underflown
Pattern 102 likelihood is underflown
Pattern 103 likelihood is underflown
Pattern 104 likelihood is underflown
Pattern 106 likelihood is underflown
Pattern 111 likelihood is underflown
Pattern 112 likelihood is underflown
Pattern 113 likelihood is underflown
Pattern 114 likelihood is underflown
Pattern 115 likelihood is underflown
Pattern 117 likelihood is underflown
Pattern 119 likelihood is underflown
Pattern 122 likelihood is underflown
Pattern 124 likelihood is underflown
Pattern 126 likelihood is underflown
Pattern 128 likelihood is underflown
Pattern 130 likelihood is underflown
Pattern 131 likelihood is underflown
Pattern 132 likelihood is underflown
Pattern 134 likelihood is underflown
Pattern 135 likelihood is underflown
Pattern 137 likelihood is underflown
Pattern 138 likelihood is underflown
Pattern 144 likelihood is underflown
Pattern 145 likelihood is underflown
Pattern 153 likelihood is underflown
Pattern 159 likelihood is underflown
Pattern 161 likelihood is underflown
Pattern 166 likelihood is underflown
Pattern 167 likelihood is underflown
Pattern 177 likelihood is underflown
Pattern 179 likelihood is underflown
Pattern 180 likelihood is underflown
Pattern 181 likelihood is underflown
Pattern 183 likelihood is underflown
Pattern 184 likelihood is underflown
Pattern 186 likelihood is underflown
Pattern 187 likelihood is underflown
Pattern 191 likelihood is underflown
Pattern 193 likelihood is underflown
Pattern 195 likelihood is underflown
Pattern 197 likelihood is underflown
Pattern 198 likelihood is underflown
Pattern 199 likelihood is underflown
Pattern 200 likelihood is underflown
Pattern 206 likelihood is underflown
Pattern 208 likelihood is underflown
Pattern 209 likelihood is underflown
Pattern 210 likelihood is underflown
Pattern 212 likelihood is underflown
Pattern 213 likelihood is underflown
Pattern 214 likelihood is underflown
Pattern 215 likelihood is underflown
Pattern 216 likelihood is underflown
Pattern 217 likelihood is underflown
Pattern 227 likelihood is underflown
Pattern 228 likelihood is underflown
Pattern 231 likelihood is underflown
Pattern 233 likelihood is underflown
Pattern 241 likelihood is underflown
Pattern 244 likelihood is underflown
Pattern 245 likelihood is underflown
Pattern 253 likelihood is underflown
Pattern 256 likelihood is underflown
Pattern 257 likelihood is underflown
Pattern 262 likelihood is underflown
Pattern 264 likelihood is underflown
Pattern 265 likelihood is underflown
Pattern 267 likelihood is underflown
Pattern 270 likelihood is underflown
Pattern 274 likelihood is underflown
Pattern 275 likelihood is underflown
Pattern 276 likelihood is underflown
Pattern 278 likelihood is underflown
Pattern 289 likelihood is underflown
Pattern 296 likelihood is underflown
Pattern 302 likelihood is underflown
Pattern 303 likelihood is underflown
Pattern 304 likelihood is underflown
Pattern 305 likelihood is underflown
Pattern 306 likelihood is underflown
Pattern 308 likelihood is underflown
Pattern 309 likelihood is underflown
Pattern 312 likelihood is underflown
Pattern 314 likelihood is underflown
Pattern 315 likelihood is underflown
Pattern 317 likelihood is underflown
Pattern 320 likelihood is underflown
Pattern 322 likelihood is underflown
Pattern 323 likelihood is underflown
Pattern 326 likelihood is underflown
Pattern 328 likelihood is underflown
Pattern 329 likelihood is underflown
Pattern 335 likelihood is underflown
Pattern 336 likelihood is underflown
Pattern 341 likelihood is underflown
Pattern 343 likelihood is underflown
Pattern 346 likelihood is underflown
Pattern 349 likelihood is underflown
Pattern 353 likelihood is underflown
Pattern 356 likelihood is underflown
Pattern 360 likelihood is underflown
Pattern 362 likelihood is underflown
Pattern 367 likelihood is underflown
Pattern 368 likelihood is underflown
Pattern 370 likelihood is underflown
Pattern 371 likelihood is underflown
Pattern 372 likelihood is underflown
Pattern 376 likelihood is underflown
Pattern 380 likelihood is underflown
Pattern 382 likelihood is underflown
Pattern 385 likelihood is underflown
Pattern 387 likelihood is underflown
Pattern 388 likelihood is underflown
Pattern 390 likelihood is underflown
Pattern 392 likelihood is underflown
Pattern 395 likelihood is underflown
Pattern 400 likelihood is underflown
Pattern 405 likelihood is underflown
Pattern 406 likelihood is underflown
Pattern 409 likelihood is underflown
Pattern 412 likelihood is underflown
Pattern 419 likelihood is underflown
Pattern 428 likelihood is underflown
Pattern 429 likelihood is underflown
Pattern 431 likelihood is underflown
Pattern 437 likelihood is underflown
Pattern 440 likelihood is underflown
Pattern 444 likelihood is underflown
Pattern 445 likelihood is underflown
Pattern 446 likelihood is underflown
Pattern 449 likelihood is underflown
Pattern 450 likelihood is underflown
Pattern 451 likelihood is underflown
Pattern 452 likelihood is underflown
Pattern 454 likelihood is underflown
Pattern 460 likelihood is underflown
Pattern 461 likelihood is underflown
Pattern 463 likelihood is underflown
Pattern 465 likelihood is underflown
Pattern 466 likelihood is underflown
Pattern 468 likelihood is underflown
Pattern 469 likelihood is underflown
Pattern 472 likelihood is underflown
Pattern 475 likelihood is underflown
Pattern 476 likelihood is underflown
Pattern 477 likelihood is underflown
Pattern 485 likelihood is underflown
Pattern 486 likelihood is underflown
Pattern 488 likelihood is underflown
Pattern 489 likelihood is underflown
Pattern 490 likelihood is underflown
Pattern 491 likelihood is underflown
Pattern 492 likelihood is underflown
Pattern 498 likelihood is underflown
Pattern 499 likelihood is underflown
Pattern 502 likelihood is underflown
Pattern 503 likelihood is underflown
Pattern 504 likelihood is underflown
Pattern 505 likelihood is underflown
Pattern 506 likelihood is underflown
Pattern 507 likelihood is underflown
Pattern 510 likelihood is underflown
Pattern 511 likelihood is underflown
Pattern 514 likelihood is underflown
WARNING: Numerical underflow for lh-branch, use `-safe` option to avoid this warning
Pattern 8 likelihood is underflown
Pattern 9 likelihood is underflown
Pattern 14 likelihood is underflown
Pattern 20 likelihood is underflown
Pattern 28 likelihood is underflown
Pattern 38 likelihood is underflown
Pattern 39 likelihood is underflown
Pattern 41 likelihood is underflown
Pattern 43 likelihood is underflown
Pattern 44 likelihood is underflown
Pattern 57 likelihood is underflown
Pattern 59 likelihood is underflown
Pattern 61 likelihood is underflown
Pattern 63 likelihood is underflown
Pattern 65 likelihood is underflown
Pattern 66 likelihood is underflown
Pattern 67 likelihood is underflown
Pattern 68 likelihood is underflown
Pattern 72 likelihood is underflown
Pattern 73 likelihood is underflown
Pattern 75 likelihood is underflown
Pattern 76 likelihood is underflown
Pattern 77 likelihood is underflown
Pattern 85 likelihood is underflown
Pattern 90 likelihood is underflown
Pattern 91 likelihood is underflown
Pattern 93 likelihood is underflown
Pattern 95 likelihood is underflown
Pattern 96 likelihood is underflown
Pattern 98 likelihood is underflown
Pattern 101 likelihood is underflown
Pattern 102 likelihood is underflown
Pattern 103 likelihood is underflown
Pattern 104 likelihood is underflown
Pattern 106 likelihood is underflown
Pattern 111 likelihood is underflown
Pattern 112 likelihood is underflown
Pattern 113 likelihood is underflown
Pattern 114 likelihood is underflown
Pattern 115 likelihood is underflown
Pattern 117 likelihood is underflown
Pattern 119 likelihood is underflown
Pattern 122 likelihood is underflown
Pattern 124 likelihood is underflown
Pattern 126 likelihood is underflown
Pattern 128 likelihood is underflown
Pattern 130 likelihood is underflown
Pattern 131 likelihood is underflown
Pattern 132 likelihood is underflown
Pattern 134 likelihood is underflown
Pattern 135 likelihood is underflown
Pattern 137 likelihood is underflown
Pattern 138 likelihood is underflown
Pattern 144 likelihood is underflown
Pattern 145 likelihood is underflown
Pattern 153 likelihood is underflown
Pattern 159 likelihood is underflown
Pattern 161 likelihood is underflown
Pattern 166 likelihood is underflown
Pattern 167 likelihood is underflown
Pattern 177 likelihood is underflown
Pattern 179 likelihood is underflown
Pattern 180 likelihood is underflown
Pattern 181 likelihood is underflown
Pattern 183 likelihood is underflown
Pattern 184 likelihood is underflown
Pattern 186 likelihood is underflown
Pattern 187 likelihood is underflown
Pattern 191 likelihood is underflown
Pattern 193 likelihood is underflown
Pattern 195 likelihood is underflown
Pattern 197 likelihood is underflown
Pattern 198 likelihood is underflown
Pattern 199 likelihood is underflown
Pattern 200 likelihood is underflown
Pattern 206 likelihood is underflown
Pattern 208 likelihood is underflown
Pattern 209 likelihood is underflown
Pattern 210 likelihood is underflown
Pattern 212 likelihood is underflown
Pattern 213 likelihood is underflown
Pattern 214 likelihood is underflown
Pattern 215 likelihood is underflown
Pattern 216 likelihood is underflown
Pattern 217 likelihood is underflown
Pattern 227 likelihood is underflown
Pattern 228 likelihood is underflown
Pattern 231 likelihood is underflown
Pattern 233 likelihood is underflown
Pattern 241 likelihood is underflown
Pattern 244 likelihood is underflown
Pattern 245 likelihood is underflown
Pattern 253 likelihood is underflown
Pattern 256 likelihood is underflown
Pattern 257 likelihood is underflown
Pattern 262 likelihood is underflown
Pattern 264 likelihood is underflown
Pattern 265 likelihood is underflown
Pattern 267 likelihood is underflown
Pattern 270 likelihood is underflown
Pattern 274 likelihood is underflown
Pattern 275 likelihood is underflown
Pattern 276 likelihood is underflown
Pattern 278 likelihood is underflown
Pattern 289 likelihood is underflown
Pattern 296 likelihood is underflown
Pattern 302 likelihood is underflown
Pattern 303 likelihood is underflown
Pattern 304 likelihood is underflown
Pattern 305 likelihood is underflown
Pattern 306 likelihood is underflown
Pattern 308 likelihood is underflown
Pattern 309 likelihood is underflown
Pattern 312 likelihood is underflown
Pattern 314 likelihood is underflown
Pattern 315 likelihood is underflown
Pattern 317 likelihood is underflown
Pattern 320 likelihood is underflown
Pattern 322 likelihood is underflown
Pattern 323 likelihood is underflown
Pattern 326 likelihood is underflown
Pattern 328 likelihood is underflown
Pattern 329 likelihood is underflown
Pattern 335 likelihood is underflown
Pattern 336 likelihood is underflown
Pattern 341 likelihood is underflown
Pattern 343 likelihood is underflown
Pattern 346 likelihood is underflown
Pattern 349 likelihood is underflown
Pattern 353 likelihood is underflown
Pattern 356 likelihood is underflown
Pattern 360 likelihood is underflown
Pattern 362 likelihood is underflown
Pattern 367 likelihood is underflown
Pattern 368 likelihood is underflown
Pattern 370 likelihood is underflown
Pattern 371 likelihood is underflown
Pattern 372 likelihood is underflown
Pattern 376 likelihood is underflown
Pattern 380 likelihood is underflown
Pattern 382 likelihood is underflown
Pattern 385 likelihood is underflown
Pattern 387 likelihood is underflown
Pattern 388 likelihood is underflown
Pattern 390 likelihood is underflown
Pattern 392 likelihood is underflown
Pattern 395 likelihood is underflown
Pattern 400 likelihood is underflown
Pattern 405 likelihood is underflown
Pattern 406 likelihood is underflown
Pattern 409 likelihood is underflown
Pattern 412 likelihood is underflown
Pattern 419 likelihood is underflown
Pattern 428 likelihood is underflown
Pattern 429 likelihood is underflown
Pattern 431 likelihood is underflown
Pattern 437 likelihood is underflown
Pattern 440 likelihood is underflown
Pattern 444 likelihood is underflown
Pattern 445 likelihood is underflown
Pattern 446 likelihood is underflown
Pattern 449 likelihood is underflown
Pattern 450 likelihood is underflown
Pattern 451 likelihood is underflown
Pattern 452 likelihood is underflown
Pattern 454 likelihood is underflown
Pattern 460 likelihood is underflown
Pattern 461 likelihood is underflown
Pattern 463 likelihood is underflown
Pattern 465 likelihood is underflown
Pattern 466 likelihood is underflown
Pattern 468 likelihood is underflown
Pattern 469 likelihood is underflown
Pattern 472 likelihood is underflown
Pattern 475 likelihood is underflown
Pattern 476 likelihood is underflown
Pattern 477 likelihood is underflown
Pattern 485 likelihood is underflown
Pattern 486 likelihood is underflown
Pattern 488 likelihood is underflown
Pattern 489 likelihood is underflown
Pattern 490 likelihood is underflown
Pattern 491 likelihood is underflown
Pattern 492 likelihood is underflown
Pattern 498 likelihood is underflown
Pattern 499 likelihood is underflown
Pattern 502 likelihood is underflown
Pattern 503 likelihood is underflown
Pattern 504 likelihood is underflown
Pattern 505 likelihood is underflown
Pattern 506 likelihood is underflown
Pattern 507 likelihood is underflown
Pattern 510 likelihood is underflown
Pattern 511 likelihood is underflown
Pattern 514 likelihood is underflown
WARNING: Numerical underflow for lh-branch, use `-safe` option to avoid this warning
Pattern 8 likelihood is underflown
Pattern 9 likelihood is underflown
Pattern 14 likelihood is underflown
Pattern 20 likelihood is underflown
Pattern 28 likelihood is underflown
Pattern 38 likelihood is underflown
Pattern 39 likelihood is underflown
Pattern 41 likelihood is underflown
Pattern 43 likelihood is underflown
Pattern 44 likelihood is underflown
Pattern 57 likelihood is underflown
Pattern 59 likelihood is underflown
Pattern 61 likelihood is underflown
Pattern 63 likelihood is underflown
Pattern 65 likelihood is underflown
Pattern 66 likelihood is underflown
Pattern 67 likelihood is underflown
Pattern 68 likelihood is underflown
Pattern 72 likelihood is underflown
Pattern 73 likelihood is underflown
Pattern 75 likelihood is underflown
Pattern 76 likelihood is underflown
Pattern 77 likelihood is underflown
Pattern 85 likelihood is underflown
Pattern 90 likelihood is underflown
Pattern 91 likelihood is underflown
Pattern 93 likelihood is underflown
Pattern 95 likelihood is underflown
Pattern 96 likelihood is underflown
Pattern 98 likelihood is underflown
Pattern 101 likelihood is underflown
Pattern 102 likelihood is underflown
Pattern 103 likelihood is underflown
Pattern 104 likelihood is underflown
Pattern 106 likelihood is underflown
Pattern 111 likelihood is underflown
Pattern 112 likelihood is underflown
Pattern 113 likelihood is underflown
Pattern 114 likelihood is underflown
Pattern 115 likelihood is underflown
Pattern 117 likelihood is underflown
Pattern 119 likelihood is underflown
Pattern 122 likelihood is underflown
Pattern 124 likelihood is underflown
Pattern 126 likelihood is underflown
Pattern 128 likelihood is underflown
Pattern 130 likelihood is underflown
Pattern 131 likelihood is underflown
Pattern 132 likelihood is underflown
Pattern 134 likelihood is underflown
Pattern 135 likelihood is underflown
Pattern 137 likelihood is underflown
Pattern 138 likelihood is underflown
Pattern 144 likelihood is underflown
Pattern 145 likelihood is underflown
Pattern 153 likelihood is underflown
Pattern 159 likelihood is underflown
Pattern 161 likelihood is underflown
Pattern 166 likelihood is underflown
Pattern 167 likelihood is underflown
Pattern 177 likelihood is underflown
Pattern 179 likelihood is underflown
Pattern 180 likelihood is underflown
Pattern 181 likelihood is underflown
Pattern 183 likelihood is underflown
Pattern 184 likelihood is underflown
Pattern 186 likelihood is underflown
Pattern 187 likelihood is underflown
Pattern 191 likelihood is underflown
Pattern 193 likelihood is underflown
Pattern 195 likelihood is underflown
Pattern 197 likelihood is underflown
Pattern 198 likelihood is underflown
Pattern 199 likelihood is underflown
Pattern 200 likelihood is underflown
Pattern 206 likelihood is underflown
Pattern 208 likelihood is underflown
Pattern 209 likelihood is underflown
Pattern 210 likelihood is underflown
Pattern 212 likelihood is underflown
Pattern 213 likelihood is underflown
Pattern 214 likelihood is underflown
Pattern 215 likelihood is underflown
Pattern 216 likelihood is underflown
Pattern 217 likelihood is underflown
Pattern 227 likelihood is underflown
Pattern 228 likelihood is underflown
Pattern 231 likelihood is underflown
Pattern 233 likelihood is underflown
Pattern 241 likelihood is underflown
Pattern 244 likelihood is underflown
Pattern 245 likelihood is underflown
Pattern 253 likelihood is underflown
Pattern 256 likelihood is underflown
Pattern 257 likelihood is underflown
Pattern 262 likelihood is underflown
Pattern 264 likelihood is underflown
Pattern 265 likelihood is underflown
Pattern 267 likelihood is underflown
Pattern 270 likelihood is underflown
Pattern 274 likelihood is underflown
Pattern 275 likelihood is underflown
Pattern 276 likelihood is underflown
Pattern 278 likelihood is underflown
Pattern 289 likelihood is underflown
Pattern 296 likelihood is underflown
Pattern 302 likelihood is underflown
Pattern 303 likelihood is underflown
Pattern 304 likelihood is underflown
Pattern 305 likelihood is underflown
Pattern 306 likelihood is underflown
Pattern 308 likelihood is underflown
Pattern 309 likelihood is underflown
Pattern 312 likelihood is underflown
Pattern 314 likelihood is underflown
Pattern 315 likelihood is underflown
Pattern 317 likelihood is underflown
Pattern 320 likelihood is underflown
Pattern 322 likelihood is underflown
Pattern 323 likelihood is underflown
Pattern 326 likelihood is underflown
Pattern 328 likelihood is underflown
Pattern 329 likelihood is underflown
Pattern 335 likelihood is underflown
Pattern 336 likelihood is underflown
Pattern 341 likelihood is underflown
Pattern 343 likelihood is underflown
Pattern 346 likelihood is underflown
Pattern 349 likelihood is underflown
Pattern 353 likelihood is underflown
Pattern 356 likelihood is underflown
Pattern 360 likelihood is underflown
Pattern 362 likelihood is underflown
Pattern 367 likelihood is underflown
Pattern 368 likelihood is underflown
Pattern 370 likelihood is underflown
Pattern 371 likelihood is underflown
Pattern 372 likelihood is underflown
Pattern 376 likelihood is underflown
Pattern 380 likelihood is underflown
Pattern 382 likelihood is underflown
Pattern 385 likelihood is underflown
Pattern 387 likelihood is underflown
Pattern 388 likelihood is underflown
Pattern 390 likelihood is underflown
Pattern 392 likelihood is underflown
Pattern 395 likelihood is underflown
Pattern 400 likelihood is underflown
Pattern 405 likelihood is underflown
Pattern 406 likelihood is underflown
Pattern 409 likelihood is underflown
Pattern 412 likelihood is underflown
Pattern 419 likelihood is underflown
Pattern 428 likelihood is underflown
Pattern 429 likelihood is underflown
Pattern 431 likelihood is underflown
Pattern 437 likelihood is underflown
Pattern 440 likelihood is underflown
Pattern 444 likelihood is underflown
Pattern 445 likelihood is underflown
Pattern 446 likelihood is underflown
Pattern 449 likelihood is underflown
Pattern 450 likelihood is underflown
Pattern 451 likelihood is underflown
Pattern 452 likelihood is underflown
Pattern 454 likelihood is underflown
Pattern 460 likelihood is underflown
Pattern 461 likelihood is underflown
Pattern 463 likelihood is underflown
Pattern 465 likelihood is underflown
Pattern 466 likelihood is underflown
Pattern 468 likelihood is underflown
Pattern 469 likelihood is underflown
Pattern 472 likelihood is underflown
Pattern 475 likelihood is underflown
Pattern 476 likelihood is underflown
Pattern 477 likelihood is underflown
Pattern 485 likelihood is underflown
Pattern 486 likelihood is underflown
Pattern 488 likelihood is underflown
Pattern 489 likelihood is underflown
Pattern 490 likelihood is underflown
Pattern 491 likelihood is underflown
Pattern 492 likelihood is underflown
Pattern 498 likelihood is underflown
Pattern 499 likelihood is underflown
Pattern 502 likelihood is underflown
Pattern 503 likelihood is underflown
Pattern 504 likelihood is underflown
Pattern 505 likelihood is underflown
Pattern 506 likelihood is underflown
Pattern 507 likelihood is underflown
Pattern 510 likelihood is underflown
Pattern 511 likelihood is underflown
Pattern 514 likelihood is underflown
WARNING: Numerical underflow for lh-branch, use `-safe` option to avoid this warning
Pattern 8 likelihood is underflown
Pattern 9 likelihood is underflown
Pattern 14 likelihood is underflown
Pattern 20 likelihood is underflown
Pattern 28 likelihood is underflown
Pattern 38 likelihood is underflown
Pattern 39 likelihood is underflown
Pattern 41 likelihood is underflown
Pattern 43 likelihood is underflown
Pattern 44 likelihood is underflown
Pattern 57 likelihood is underflown
Pattern 59 likelihood is underflown
Pattern 61 likelihood is underflown
Pattern 63 likelihood is underflown
Pattern 65 likelihood is underflown
Pattern 66 likelihood is underflown
Pattern 67 likelihood is underflown
Pattern 68 likelihood is underflown
Pattern 72 likelihood is underflown
Pattern 73 likelihood is underflown
Pattern 75 likelihood is underflown
Pattern 76 likelihood is underflown
Pattern 77 likelihood is underflown
Pattern 85 likelihood is underflown
Pattern 90 likelihood is underflown
Pattern 91 likelihood is underflown
Pattern 93 likelihood is underflown
Pattern 95 likelihood is underflown
Pattern 96 likelihood is underflown
Pattern 98 likelihood is underflown
Pattern 101 likelihood is underflown
Pattern 102 likelihood is underflown
Pattern 103 likelihood is underflown
Pattern 104 likelihood is underflown
Pattern 106 likelihood is underflown
Pattern 111 likelihood is underflown
Pattern 112 likelihood is underflown
Pattern 113 likelihood is underflown
Pattern 114 likelihood is underflown
Pattern 115 likelihood is underflown
Pattern 117 likelihood is underflown
Pattern 119 likelihood is underflown
Pattern 122 likelihood is underflown
Pattern 124 likelihood is underflown
Pattern 126 likelihood is underflown
Pattern 128 likelihood is underflown
Pattern 130 likelihood is underflown
Pattern 131 likelihood is underflown
Pattern 132 likelihood is underflown
Pattern 134 likelihood is underflown
Pattern 135 likelihood is underflown
Pattern 137 likelihood is underflown
Pattern 138 likelihood is underflown
Pattern 144 likelihood is underflown
Pattern 145 likelihood is underflown
Pattern 153 likelihood is underflown
Pattern 159 likelihood is underflown
Pattern 161 likelihood is underflown
Pattern 166 likelihood is underflown
Pattern 167 likelihood is underflown
Pattern 177 likelihood is underflown
Pattern 179 likelihood is underflown
Pattern 180 likelihood is underflown
Pattern 181 likelihood is underflown
Pattern 183 likelihood is underflown
Pattern 184 likelihood is underflown
Pattern 186 likelihood is underflown
Pattern 187 likelihood is underflown
Pattern 191 likelihood is underflown
Pattern 193 likelihood is underflown
Pattern 195 likelihood is underflown
Pattern 197 likelihood is underflown
Pattern 198 likelihood is underflown
Pattern 199 likelihood is underflown
Pattern 200 likelihood is underflown
Pattern 206 likelihood is underflown
Pattern 208 likelihood is underflown
Pattern 209 likelihood is underflown
Pattern 210 likelihood is underflown
Pattern 212 likelihood is underflown
Pattern 213 likelihood is underflown
Pattern 214 likelihood is underflown
Pattern 215 likelihood is underflown
Pattern 216 likelihood is underflown
Pattern 217 likelihood is underflown
Pattern 227 likelihood is underflown
Pattern 228 likelihood is underflown
Pattern 231 likelihood is underflown
Pattern 233 likelihood is underflown
Pattern 241 likelihood is underflown
Pattern 244 likelihood is underflown
Pattern 245 likelihood is underflown
Pattern 253 likelihood is underflown
Pattern 256 likelihood is underflown
Pattern 257 likelihood is underflown
Pattern 262 likelihood is underflown
Pattern 264 likelihood is underflown
Pattern 265 likelihood is underflown
Pattern 267 likelihood is underflown
Pattern 270 likelihood is underflown
Pattern 274 likelihood is underflown
Pattern 275 likelihood is underflown
Pattern 276 likelihood is underflown
Pattern 278 likelihood is underflown
Pattern 289 likelihood is underflown
Pattern 296 likelihood is underflown
Pattern 302 likelihood is underflown
Pattern 303 likelihood is underflown
Pattern 304 likelihood is underflown
Pattern 305 likelihood is underflown
Pattern 306 likelihood is underflown
Pattern 308 likelihood is underflown
Pattern 309 likelihood is underflown
Pattern 312 likelihood is underflown
Pattern 314 likelihood is underflown
Pattern 315 likelihood is underflown
Pattern 317 likelihood is underflown
Pattern 320 likelihood is underflown
Pattern 322 likelihood is underflown
Pattern 323 likelihood is underflown
Pattern 326 likelihood is underflown
Pattern 328 likelihood is underflown
Pattern 329 likelihood is underflown
Pattern 335 likelihood is underflown
Pattern 336 likelihood is underflown
Pattern 341 likelihood is underflown
Pattern 343 likelihood is underflown
Pattern 346 likelihood is underflown
Pattern 349 likelihood is underflown
Pattern 353 likelihood is underflown
Pattern 356 likelihood is underflown
Pattern 360 likelihood is underflown
Pattern 362 likelihood is underflown
Pattern 367 likelihood is underflown
Pattern 368 likelihood is underflown
Pattern 370 likelihood is underflown
Pattern 371 likelihood is underflown
Pattern 372 likelihood is underflown
Pattern 376 likelihood is underflown
Pattern 380 likelihood is underflown
Pattern 382 likelihood is underflown
Pattern 385 likelihood is underflown
Pattern 387 likelihood is underflown
Pattern 388 likelihood is underflown
Pattern 390 likelihood is underflown
Pattern 392 likelihood is underflown
Pattern 395 likelihood is underflown
Pattern 400 likelihood is underflown
Pattern 405 likelihood is underflown
Pattern 406 likelihood is underflown
Pattern 409 likelihood is underflown
Pattern 412 likelihood is underflown
Pattern 419 likelihood is underflown
Pattern 428 likelihood is underflown
Pattern 429 likelihood is underflown
Pattern 431 likelihood is underflown
Pattern 437 likelihood is underflown
Pattern 440 likelihood is underflown
Pattern 444 likelihood is underflown
Pattern 445 likelihood is underflown
Pattern 446 likelihood is underflown
Pattern 449 likelihood is underflown
Pattern 450 likelihood is underflown
Pattern 451 likelihood is underflown
Pattern 452 likelihood is underflown
Pattern 454 likelihood is underflown
Pattern 460 likelihood is underflown
Pattern 461 likelihood is underflown
Pattern 463 likelihood is underflown
Pattern 465 likelihood is underflown
Pattern 466 likelihood is underflown
Pattern 468 likelihood is underflown
Pattern 469 likelihood is underflown
Pattern 472 likelihood is underflown
Pattern 475 likelihood is underflown
Pattern 476 likelihood is underflown
Pattern 477 likelihood is underflown
Pattern 485 likelihood is underflown
Pattern 486 likelihood is underflown
Pattern 488 likelihood is underflown
Pattern 489 likelihood is underflown
Pattern 490 likelihood is underflown
Pattern 491 likelihood is underflown
Pattern 492 likelihood is underflown
Pattern 498 likelihood is underflown
Pattern 499 likelihood is underflown
Pattern 502 likelihood is underflown
Pattern 503 likelihood is underflown
Pattern 504 likelihood is underflown
Pattern 505 likelihood is underflown
Pattern 506 likelihood is underflown
Pattern 507 likelihood is underflown
Pattern 510 likelihood is underflown
Pattern 511 likelihood is underflown
Pattern 514 likelihood is underflown
468  JC+R3         20803.154    333 42272.308    42293.532    44699.442
WARNING: Numerical underflow for lh-branch, use `-safe` option to avoid this warning
Pattern 8 likelihood is underflown
Pattern 9 likelihood is underflown
Pattern 14 likelihood is underflown
Pattern 20 likelihood is underflown
Pattern 28 likelihood is underflown
Pattern 38 likelihood is underflown
Pattern 39 likelihood is underflown
Pattern 41 likelihood is underflown
Pattern 43 likelihood is underflown
Pattern 44 likelihood is underflown
Pattern 57 likelihood is underflown
Pattern 59 likelihood is underflown
Pattern 61 likelihood is underflown
Pattern 63 likelihood is underflown
Pattern 65 likelihood is underflown
Pattern 66 likelihood is underflown
Pattern 67 likelihood is underflown
Pattern 68 likelihood is underflown
Pattern 72 likelihood is underflown
Pattern 73 likelihood is underflown
Pattern 75 likelihood is underflown
Pattern 76 likelihood is underflown
Pattern 77 likelihood is underflown
Pattern 85 likelihood is underflown
Pattern 90 likelihood is underflown
Pattern 91 likelihood is underflown
Pattern 93 likelihood is underflown
Pattern 95 likelihood is underflown
Pattern 96 likelihood is underflown
Pattern 98 likelihood is underflown
Pattern 101 likelihood is underflown
Pattern 102 likelihood is underflown
Pattern 103 likelihood is underflown
Pattern 104 likelihood is underflown
Pattern 106 likelihood is underflown
Pattern 111 likelihood is underflown
Pattern 112 likelihood is underflown
Pattern 113 likelihood is underflown
Pattern 114 likelihood is underflown
Pattern 115 likelihood is underflown
Pattern 117 likelihood is underflown
Pattern 119 likelihood is underflown
Pattern 122 likelihood is underflown
Pattern 124 likelihood is underflown
Pattern 126 likelihood is underflown
Pattern 128 likelihood is underflown
Pattern 130 likelihood is underflown
Pattern 131 likelihood is underflown
Pattern 132 likelihood is underflown
Pattern 134 likelihood is underflown
Pattern 135 likelihood is underflown
Pattern 137 likelihood is underflown
Pattern 138 likelihood is underflown
Pattern 144 likelihood is underflown
Pattern 145 likelihood is underflown
Pattern 153 likelihood is underflown
Pattern 159 likelihood is underflown
Pattern 161 likelihood is underflown
Pattern 166 likelihood is underflown
Pattern 167 likelihood is underflown
Pattern 177 likelihood is underflown
Pattern 179 likelihood is underflown
Pattern 180 likelihood is underflown
Pattern 181 likelihood is underflown
Pattern 183 likelihood is underflown
Pattern 184 likelihood is underflown
Pattern 186 likelihood is underflown
Pattern 187 likelihood is underflown
Pattern 191 likelihood is underflown
Pattern 193 likelihood is underflown
Pattern 195 likelihood is underflown
Pattern 197 likelihood is underflown
Pattern 198 likelihood is underflown
Pattern 199 likelihood is underflown
Pattern 200 likelihood is underflown
Pattern 206 likelihood is underflown
Pattern 208 likelihood is underflown
Pattern 209 likelihood is underflown
Pattern 210 likelihood is underflown
Pattern 212 likelihood is underflown
Pattern 213 likelihood is underflown
Pattern 214 likelihood is underflown
Pattern 215 likelihood is underflown
Pattern 216 likelihood is underflown
Pattern 217 likelihood is underflown
Pattern 227 likelihood is underflown
Pattern 228 likelihood is underflown
Pattern 231 likelihood is underflown
Pattern 233 likelihood is underflown
Pattern 241 likelihood is underflown
Pattern 244 likelihood is underflown
Pattern 245 likelihood is underflown
Pattern 253 likelihood is underflown
Pattern 256 likelihood is underflown
Pattern 257 likelihood is underflown
Pattern 262 likelihood is underflown
Pattern 264 likelihood is underflown
Pattern 265 likelihood is underflown
Pattern 267 likelihood is underflown
Pattern 270 likelihood is underflown
Pattern 274 likelihood is underflown
Pattern 275 likelihood is underflown
Pattern 276 likelihood is underflown
Pattern 278 likelihood is underflown
Pattern 289 likelihood is underflown
Pattern 296 likelihood is underflown
Pattern 302 likelihood is underflown
Pattern 303 likelihood is underflown
Pattern 304 likelihood is underflown
Pattern 305 likelihood is underflown
Pattern 306 likelihood is underflown
Pattern 308 likelihood is underflown
Pattern 309 likelihood is underflown
Pattern 312 likelihood is underflown
Pattern 314 likelihood is underflown
Pattern 315 likelihood is underflown
Pattern 317 likelihood is underflown
Pattern 320 likelihood is underflown
Pattern 322 likelihood is underflown
Pattern 323 likelihood is underflown
Pattern 326 likelihood is underflown
Pattern 328 likelihood is underflown
Pattern 329 likelihood is underflown
Pattern 335 likelihood is underflown
Pattern 336 likelihood is underflown
Pattern 341 likelihood is underflown
Pattern 343 likelihood is underflown
Pattern 346 likelihood is underflown
Pattern 349 likelihood is underflown
Pattern 353 likelihood is underflown
Pattern 356 likelihood is underflown
Pattern 360 likelihood is underflown
Pattern 362 likelihood is underflown
Pattern 367 likelihood is underflown
Pattern 368 likelihood is underflown
Pattern 370 likelihood is underflown
Pattern 371 likelihood is underflown
Pattern 372 likelihood is underflown
Pattern 376 likelihood is underflown
Pattern 380 likelihood is underflown
Pattern 382 likelihood is underflown
Pattern 385 likelihood is underflown
Pattern 387 likelihood is underflown
Pattern 388 likelihood is underflown
Pattern 390 likelihood is underflown
Pattern 392 likelihood is underflown
Pattern 395 likelihood is underflown
Pattern 400 likelihood is underflown
Pattern 405 likelihood is underflown
Pattern 406 likelihood is underflown
Pattern 409 likelihood is underflown
Pattern 412 likelihood is underflown
Pattern 419 likelihood is underflown
Pattern 428 likelihood is underflown
Pattern 429 likelihood is underflown
Pattern 431 likelihood is underflown
Pattern 437 likelihood is underflown
Pattern 440 likelihood is underflown
Pattern 444 likelihood is underflown
Pattern 445 likelihood is underflown
Pattern 446 likelihood is underflown
Pattern 449 likelihood is underflown
Pattern 450 likelihood is underflown
Pattern 451 likelihood is underflown
Pattern 452 likelihood is underflown
Pattern 454 likelihood is underflown
Pattern 460 likelihood is underflown
Pattern 461 likelihood is underflown
Pattern 463 likelihood is underflown
Pattern 465 likelihood is underflown
Pattern 466 likelihood is underflown
Pattern 468 likelihood is underflown
Pattern 469 likelihood is underflown
Pattern 472 likelihood is underflown
Pattern 475 likelihood is underflown
Pattern 476 likelihood is underflown
Pattern 477 likelihood is underflown
Pattern 485 likelihood is underflown
Pattern 486 likelihood is underflown
Pattern 488 likelihood is underflown
Pattern 489 likelihood is underflown
Pattern 490 likelihood is underflown
Pattern 491 likelihood is underflown
Pattern 492 likelihood is underflown
Pattern 498 likelihood is underflown
Pattern 499 likelihood is underflown
Pattern 502 likelihood is underflown
Pattern 503 likelihood is underflown
Pattern 504 likelihood is underflown
Pattern 505 likelihood is underflown
Pattern 506 likelihood is underflown
Pattern 507 likelihood is underflown
Pattern 510 likelihood is underflown
Pattern 511 likelihood is underflown
Pattern 514 likelihood is underflown
WARNING: Numerical underflow for lh-branch, use `-safe` option to avoid this warning
Pattern 8 likelihood is underflown
Pattern 9 likelihood is underflown
Pattern 14 likelihood is underflown
Pattern 20 likelihood is underflown
Pattern 28 likelihood is underflown
Pattern 38 likelihood is underflown
Pattern 39 likelihood is underflown
Pattern 41 likelihood is underflown
Pattern 43 likelihood is underflown
Pattern 44 likelihood is underflown
Pattern 57 likelihood is underflown
Pattern 59 likelihood is underflown
Pattern 61 likelihood is underflown
Pattern 63 likelihood is underflown
Pattern 65 likelihood is underflown
Pattern 66 likelihood is underflown
Pattern 67 likelihood is underflown
Pattern 68 likelihood is underflown
Pattern 72 likelihood is underflown
Pattern 73 likelihood is underflown
Pattern 75 likelihood is underflown
Pattern 76 likelihood is underflown
Pattern 77 likelihood is underflown
Pattern 85 likelihood is underflown
Pattern 90 likelihood is underflown
Pattern 91 likelihood is underflown
Pattern 93 likelihood is underflown
Pattern 95 likelihood is underflown
Pattern 96 likelihood is underflown
Pattern 98 likelihood is underflown
Pattern 101 likelihood is underflown
Pattern 102 likelihood is underflown
Pattern 103 likelihood is underflown
Pattern 104 likelihood is underflown
Pattern 106 likelihood is underflown
Pattern 111 likelihood is underflown
Pattern 112 likelihood is underflown
Pattern 113 likelihood is underflown
Pattern 114 likelihood is underflown
Pattern 115 likelihood is underflown
Pattern 117 likelihood is underflown
Pattern 119 likelihood is underflown
Pattern 122 likelihood is underflown
Pattern 124 likelihood is underflown
Pattern 126 likelihood is underflown
Pattern 128 likelihood is underflown
Pattern 130 likelihood is underflown
Pattern 131 likelihood is underflown
Pattern 132 likelihood is underflown
Pattern 134 likelihood is underflown
Pattern 135 likelihood is underflown
Pattern 137 likelihood is underflown
Pattern 138 likelihood is underflown
Pattern 144 likelihood is underflown
Pattern 145 likelihood is underflown
Pattern 153 likelihood is underflown
Pattern 159 likelihood is underflown
Pattern 161 likelihood is underflown
Pattern 166 likelihood is underflown
Pattern 167 likelihood is underflown
Pattern 177 likelihood is underflown
Pattern 179 likelihood is underflown
Pattern 180 likelihood is underflown
Pattern 181 likelihood is underflown
Pattern 183 likelihood is underflown
Pattern 184 likelihood is underflown
Pattern 186 likelihood is underflown
Pattern 187 likelihood is underflown
Pattern 191 likelihood is underflown
Pattern 193 likelihood is underflown
Pattern 195 likelihood is underflown
Pattern 197 likelihood is underflown
Pattern 198 likelihood is underflown
Pattern 199 likelihood is underflown
Pattern 200 likelihood is underflown
Pattern 206 likelihood is underflown
Pattern 208 likelihood is underflown
Pattern 209 likelihood is underflown
Pattern 210 likelihood is underflown
Pattern 212 likelihood is underflown
Pattern 213 likelihood is underflown
Pattern 214 likelihood is underflown
Pattern 215 likelihood is underflown
Pattern 216 likelihood is underflown
Pattern 217 likelihood is underflown
Pattern 227 likelihood is underflown
Pattern 228 likelihood is underflown
Pattern 231 likelihood is underflown
Pattern 233 likelihood is underflown
Pattern 241 likelihood is underflown
Pattern 244 likelihood is underflown
Pattern 245 likelihood is underflown
Pattern 253 likelihood is underflown
Pattern 256 likelihood is underflown
Pattern 257 likelihood is underflown
Pattern 262 likelihood is underflown
Pattern 264 likelihood is underflown
Pattern 265 likelihood is underflown
Pattern 267 likelihood is underflown
Pattern 270 likelihood is underflown
Pattern 274 likelihood is underflown
Pattern 275 likelihood is underflown
Pattern 276 likelihood is underflown
Pattern 278 likelihood is underflown
Pattern 289 likelihood is underflown
Pattern 296 likelihood is underflown
Pattern 302 likelihood is underflown
Pattern 303 likelihood is underflown
Pattern 304 likelihood is underflown
Pattern 305 likelihood is underflown
Pattern 306 likelihood is underflown
Pattern 308 likelihood is underflown
Pattern 309 likelihood is underflown
Pattern 312 likelihood is underflown
Pattern 314 likelihood is underflown
Pattern 315 likelihood is underflown
Pattern 317 likelihood is underflown
Pattern 320 likelihood is underflown
Pattern 322 likelihood is underflown
Pattern 323 likelihood is underflown
Pattern 326 likelihood is underflown
Pattern 328 likelihood is underflown
Pattern 329 likelihood is underflown
Pattern 335 likelihood is underflown
Pattern 336 likelihood is underflown
Pattern 341 likelihood is underflown
Pattern 343 likelihood is underflown
Pattern 346 likelihood is underflown
Pattern 349 likelihood is underflown
Pattern 353 likelihood is underflown
Pattern 356 likelihood is underflown
Pattern 360 likelihood is underflown
Pattern 362 likelihood is underflown
Pattern 367 likelihood is underflown
Pattern 368 likelihood is underflown
Pattern 370 likelihood is underflown
Pattern 371 likelihood is underflown
Pattern 372 likelihood is underflown
Pattern 376 likelihood is underflown
Pattern 380 likelihood is underflown
Pattern 382 likelihood is underflown
Pattern 385 likelihood is underflown
Pattern 387 likelihood is underflown
Pattern 388 likelihood is underflown
Pattern 390 likelihood is underflown
Pattern 392 likelihood is underflown
Pattern 395 likelihood is underflown
Pattern 400 likelihood is underflown
Pattern 405 likelihood is underflown
Pattern 406 likelihood is underflown
Pattern 409 likelihood is underflown
Pattern 412 likelihood is underflown
Pattern 419 likelihood is underflown
Pattern 428 likelihood is underflown
Pattern 429 likelihood is underflown
Pattern 431 likelihood is underflown
Pattern 437 likelihood is underflown
Pattern 440 likelihood is underflown
Pattern 444 likelihood is underflown
Pattern 445 likelihood is underflown
Pattern 446 likelihood is underflown
Pattern 449 likelihood is underflown
Pattern 450 likelihood is underflown
Pattern 451 likelihood is underflown
Pattern 452 likelihood is underflown
Pattern 454 likelihood is underflown
Pattern 460 likelihood is underflown
Pattern 461 likelihood is underflown
Pattern 463 likelihood is underflown
Pattern 465 likelihood is underflown
Pattern 466 likelihood is underflown
Pattern 468 likelihood is underflown
Pattern 469 likelihood is underflown
Pattern 472 likelihood is underflown
Pattern 475 likelihood is underflown
Pattern 476 likelihood is underflown
Pattern 477 likelihood is underflown
Pattern 485 likelihood is underflown
Pattern 486 likelihood is underflown
Pattern 488 likelihood is underflown
Pattern 489 likelihood is underflown
Pattern 490 likelihood is underflown
Pattern 491 likelihood is underflown
Pattern 492 likelihood is underflown
Pattern 498 likelihood is underflown
Pattern 499 likelihood is underflown
Pattern 502 likelihood is underflown
Pattern 503 likelihood is underflown
Pattern 504 likelihood is underflown
Pattern 505 likelihood is underflown
Pattern 506 likelihood is underflown
Pattern 507 likelihood is underflown
Pattern 510 likelihood is underflown
Pattern 511 likelihood is underflown
Pattern 514 likelihood is underflown
WARNING: Numerical underflow for lh-branch, use `-safe` option to avoid this warning
Pattern 8 likelihood is underflown
Pattern 9 likelihood is underflown
Pattern 14 likelihood is underflown
Pattern 20 likelihood is underflown
Pattern 28 likelihood is underflown
Pattern 38 likelihood is underflown
Pattern 39 likelihood is underflown
Pattern 41 likelihood is underflown
Pattern 43 likelihood is underflown
Pattern 44 likelihood is underflown
Pattern 57 likelihood is underflown
Pattern 59 likelihood is underflown
Pattern 61 likelihood is underflown
Pattern 63 likelihood is underflown
Pattern 65 likelihood is underflown
Pattern 66 likelihood is underflown
Pattern 67 likelihood is underflown
Pattern 68 likelihood is underflown
Pattern 72 likelihood is underflown
Pattern 73 likelihood is underflown
Pattern 75 likelihood is underflown
Pattern 76 likelihood is underflown
Pattern 77 likelihood is underflown
Pattern 85 likelihood is underflown
Pattern 90 likelihood is underflown
Pattern 91 likelihood is underflown
Pattern 93 likelihood is underflown
Pattern 95 likelihood is underflown
Pattern 96 likelihood is underflown
Pattern 98 likelihood is underflown
Pattern 101 likelihood is underflown
Pattern 102 likelihood is underflown
Pattern 103 likelihood is underflown
Pattern 104 likelihood is underflown
Pattern 106 likelihood is underflown
Pattern 111 likelihood is underflown
Pattern 112 likelihood is underflown
Pattern 113 likelihood is underflown
Pattern 114 likelihood is underflown
Pattern 115 likelihood is underflown
Pattern 117 likelihood is underflown
Pattern 119 likelihood is underflown
Pattern 122 likelihood is underflown
Pattern 124 likelihood is underflown
Pattern 126 likelihood is underflown
Pattern 128 likelihood is underflown
Pattern 130 likelihood is underflown
Pattern 131 likelihood is underflown
Pattern 132 likelihood is underflown
Pattern 134 likelihood is underflown
Pattern 135 likelihood is underflown
Pattern 137 likelihood is underflown
Pattern 138 likelihood is underflown
Pattern 144 likelihood is underflown
Pattern 145 likelihood is underflown
Pattern 153 likelihood is underflown
Pattern 159 likelihood is underflown
Pattern 161 likelihood is underflown
Pattern 166 likelihood is underflown
Pattern 167 likelihood is underflown
Pattern 177 likelihood is underflown
Pattern 179 likelihood is underflown
Pattern 180 likelihood is underflown
Pattern 181 likelihood is underflown
Pattern 183 likelihood is underflown
Pattern 184 likelihood is underflown
Pattern 186 likelihood is underflown
Pattern 187 likelihood is underflown
Pattern 191 likelihood is underflown
Pattern 193 likelihood is underflown
Pattern 195 likelihood is underflown
Pattern 197 likelihood is underflown
Pattern 198 likelihood is underflown
Pattern 199 likelihood is underflown
Pattern 200 likelihood is underflown
Pattern 206 likelihood is underflown
Pattern 208 likelihood is underflown
Pattern 209 likelihood is underflown
Pattern 210 likelihood is underflown
Pattern 212 likelihood is underflown
Pattern 213 likelihood is underflown
Pattern 214 likelihood is underflown
Pattern 215 likelihood is underflown
Pattern 216 likelihood is underflown
Pattern 217 likelihood is underflown
Pattern 227 likelihood is underflown
Pattern 228 likelihood is underflown
Pattern 231 likelihood is underflown
Pattern 233 likelihood is underflown
Pattern 241 likelihood is underflown
Pattern 244 likelihood is underflown
Pattern 245 likelihood is underflown
Pattern 253 likelihood is underflown
Pattern 256 likelihood is underflown
Pattern 257 likelihood is underflown
Pattern 262 likelihood is underflown
Pattern 264 likelihood is underflown
Pattern 265 likelihood is underflown
Pattern 267 likelihood is underflown
Pattern 270 likelihood is underflown
Pattern 274 likelihood is underflown
Pattern 275 likelihood is underflown
Pattern 276 likelihood is underflown
Pattern 278 likelihood is underflown
Pattern 289 likelihood is underflown
Pattern 296 likelihood is underflown
Pattern 302 likelihood is underflown
Pattern 303 likelihood is underflown
Pattern 304 likelihood is underflown
Pattern 305 likelihood is underflown
Pattern 306 likelihood is underflown
Pattern 308 likelihood is underflown
Pattern 309 likelihood is underflown
Pattern 312 likelihood is underflown
Pattern 314 likelihood is underflown
Pattern 315 likelihood is underflown
Pattern 317 likelihood is underflown
Pattern 320 likelihood is underflown
Pattern 322 likelihood is underflown
Pattern 323 likelihood is underflown
Pattern 326 likelihood is underflown
Pattern 328 likelihood is underflown
Pattern 329 likelihood is underflown
Pattern 335 likelihood is underflown
Pattern 336 likelihood is underflown
Pattern 341 likelihood is underflown
Pattern 343 likelihood is underflown
Pattern 346 likelihood is underflown
Pattern 349 likelihood is underflown
Pattern 353 likelihood is underflown
Pattern 356 likelihood is underflown
Pattern 360 likelihood is underflown
Pattern 362 likelihood is underflown
Pattern 367 likelihood is underflown
Pattern 368 likelihood is underflown
Pattern 370 likelihood is underflown
Pattern 371 likelihood is underflown
Pattern 372 likelihood is underflown
Pattern 376 likelihood is underflown
Pattern 380 likelihood is underflown
Pattern 382 likelihood is underflown
Pattern 385 likelihood is underflown
Pattern 387 likelihood is underflown
Pattern 388 likelihood is underflown
Pattern 390 likelihood is underflown
Pattern 392 likelihood is underflown
Pattern 395 likelihood is underflown
Pattern 400 likelihood is underflown
Pattern 405 likelihood is underflown
Pattern 406 likelihood is underflown
Pattern 409 likelihood is underflown
Pattern 412 likelihood is underflown
Pattern 419 likelihood is underflown
Pattern 428 likelihood is underflown
Pattern 429 likelihood is underflown
Pattern 431 likelihood is underflown
Pattern 437 likelihood is underflown
Pattern 440 likelihood is underflown
Pattern 444 likelihood is underflown
Pattern 445 likelihood is underflown
Pattern 446 likelihood is underflown
Pattern 449 likelihood is underflown
Pattern 450 likelihood is underflown
Pattern 451 likelihood is underflown
Pattern 452 likelihood is underflown
Pattern 454 likelihood is underflown
Pattern 460 likelihood is underflown
Pattern 461 likelihood is underflown
Pattern 463 likelihood is underflown
Pattern 465 likelihood is underflown
Pattern 466 likelihood is underflown
Pattern 468 likelihood is underflown
Pattern 469 likelihood is underflown
Pattern 472 likelihood is underflown
Pattern 475 likelihood is underflown
Pattern 476 likelihood is underflown
Pattern 477 likelihood is underflown
Pattern 485 likelihood is underflown
Pattern 486 likelihood is underflown
Pattern 488 likelihood is underflown
Pattern 489 likelihood is underflown
Pattern 490 likelihood is underflown
Pattern 491 likelihood is underflown
Pattern 492 likelihood is underflown
Pattern 498 likelihood is underflown
Pattern 499 likelihood is underflown
Pattern 502 likelihood is underflown
Pattern 503 likelihood is underflown
Pattern 504 likelihood is underflown
Pattern 505 likelihood is underflown
Pattern 506 likelihood is underflown
Pattern 507 likelihood is underflown
Pattern 510 likelihood is underflown
Pattern 511 likelihood is underflown
Pattern 514 likelihood is underflown
WARNING: Numerical underflow for lh-branch, use `-safe` option to avoid this warning
Pattern 8 likelihood is underflown
Pattern 9 likelihood is underflown
Pattern 14 likelihood is underflown
Pattern 20 likelihood is underflown
Pattern 28 likelihood is underflown
Pattern 38 likelihood is underflown
Pattern 39 likelihood is underflown
Pattern 41 likelihood is underflown
Pattern 43 likelihood is underflown
Pattern 44 likelihood is underflown
Pattern 57 likelihood is underflown
Pattern 59 likelihood is underflown
Pattern 61 likelihood is underflown
Pattern 63 likelihood is underflown
Pattern 65 likelihood is underflown
Pattern 66 likelihood is underflown
Pattern 67 likelihood is underflown
Pattern 68 likelihood is underflown
Pattern 72 likelihood is underflown
Pattern 73 likelihood is underflown
Pattern 75 likelihood is underflown
Pattern 76 likelihood is underflown
Pattern 77 likelihood is underflown
Pattern 85 likelihood is underflown
Pattern 90 likelihood is underflown
Pattern 91 likelihood is underflown
Pattern 93 likelihood is underflown
Pattern 95 likelihood is underflown
Pattern 96 likelihood is underflown
Pattern 98 likelihood is underflown
Pattern 101 likelihood is underflown
Pattern 102 likelihood is underflown
Pattern 103 likelihood is underflown
Pattern 104 likelihood is underflown
Pattern 106 likelihood is underflown
Pattern 111 likelihood is underflown
Pattern 112 likelihood is underflown
Pattern 113 likelihood is underflown
Pattern 114 likelihood is underflown
Pattern 115 likelihood is underflown
Pattern 117 likelihood is underflown
Pattern 119 likelihood is underflown
Pattern 122 likelihood is underflown
Pattern 124 likelihood is underflown
Pattern 126 likelihood is underflown
Pattern 128 likelihood is underflown
Pattern 130 likelihood is underflown
Pattern 131 likelihood is underflown
Pattern 132 likelihood is underflown
Pattern 134 likelihood is underflown
Pattern 135 likelihood is underflown
Pattern 137 likelihood is underflown
Pattern 138 likelihood is underflown
Pattern 144 likelihood is underflown
Pattern 145 likelihood is underflown
Pattern 153 likelihood is underflown
Pattern 159 likelihood is underflown
Pattern 161 likelihood is underflown
Pattern 166 likelihood is underflown
Pattern 167 likelihood is underflown
Pattern 177 likelihood is underflown
Pattern 179 likelihood is underflown
Pattern 180 likelihood is underflown
Pattern 181 likelihood is underflown
Pattern 183 likelihood is underflown
Pattern 184 likelihood is underflown
Pattern 186 likelihood is underflown
Pattern 187 likelihood is underflown
Pattern 191 likelihood is underflown
Pattern 193 likelihood is underflown
Pattern 195 likelihood is underflown
Pattern 197 likelihood is underflown
Pattern 198 likelihood is underflown
Pattern 199 likelihood is underflown
Pattern 200 likelihood is underflown
Pattern 206 likelihood is underflown
Pattern 208 likelihood is underflown
Pattern 209 likelihood is underflown
Pattern 210 likelihood is underflown
Pattern 212 likelihood is underflown
Pattern 213 likelihood is underflown
Pattern 214 likelihood is underflown
Pattern 215 likelihood is underflown
Pattern 216 likelihood is underflown
Pattern 217 likelihood is underflown
Pattern 227 likelihood is underflown
Pattern 228 likelihood is underflown
Pattern 231 likelihood is underflown
Pattern 233 likelihood is underflown
Pattern 241 likelihood is underflown
Pattern 244 likelihood is underflown
Pattern 245 likelihood is underflown
Pattern 253 likelihood is underflown
Pattern 256 likelihood is underflown
Pattern 257 likelihood is underflown
Pattern 262 likelihood is underflown
Pattern 264 likelihood is underflown
Pattern 265 likelihood is underflown
Pattern 267 likelihood is underflown
Pattern 270 likelihood is underflown
Pattern 274 likelihood is underflown
Pattern 275 likelihood is underflown
Pattern 276 likelihood is underflown
Pattern 278 likelihood is underflown
Pattern 289 likelihood is underflown
Pattern 296 likelihood is underflown
Pattern 302 likelihood is underflown
Pattern 303 likelihood is underflown
Pattern 304 likelihood is underflown
Pattern 305 likelihood is underflown
Pattern 306 likelihood is underflown
Pattern 308 likelihood is underflown
Pattern 309 likelihood is underflown
Pattern 312 likelihood is underflown
Pattern 314 likelihood is underflown
Pattern 315 likelihood is underflown
Pattern 317 likelihood is underflown
Pattern 320 likelihood is underflown
Pattern 322 likelihood is underflown
Pattern 323 likelihood is underflown
Pattern 326 likelihood is underflown
Pattern 328 likelihood is underflown
Pattern 329 likelihood is underflown
Pattern 335 likelihood is underflown
Pattern 336 likelihood is underflown
Pattern 341 likelihood is underflown
Pattern 343 likelihood is underflown
Pattern 346 likelihood is underflown
Pattern 349 likelihood is underflown
Pattern 353 likelihood is underflown
Pattern 356 likelihood is underflown
Pattern 360 likelihood is underflown
Pattern 362 likelihood is underflown
Pattern 367 likelihood is underflown
Pattern 368 likelihood is underflown
Pattern 370 likelihood is underflown
Pattern 371 likelihood is underflown
Pattern 372 likelihood is underflown
Pattern 376 likelihood is underflown
Pattern 380 likelihood is underflown
Pattern 382 likelihood is underflown
Pattern 385 likelihood is underflown
Pattern 387 likelihood is underflown
Pattern 388 likelihood is underflown
Pattern 390 likelihood is underflown
Pattern 392 likelihood is underflown
Pattern 395 likelihood is underflown
Pattern 400 likelihood is underflown
Pattern 405 likelihood is underflown
Pattern 406 likelihood is underflown
Pattern 409 likelihood is underflown
Pattern 412 likelihood is underflown
Pattern 419 likelihood is underflown
Pattern 428 likelihood is underflown
Pattern 429 likelihood is underflown
Pattern 431 likelihood is underflown
Pattern 437 likelihood is underflown
Pattern 440 likelihood is underflown
Pattern 444 likelihood is underflown
Pattern 445 likelihood is underflown
Pattern 446 likelihood is underflown
Pattern 449 likelihood is underflown
Pattern 450 likelihood is underflown
Pattern 451 likelihood is underflown
Pattern 452 likelihood is underflown
Pattern 454 likelihood is underflown
Pattern 460 likelihood is underflown
Pattern 461 likelihood is underflown
Pattern 463 likelihood is underflown
Pattern 465 likelihood is underflown
Pattern 466 likelihood is underflown
Pattern 468 likelihood is underflown
Pattern 469 likelihood is underflown
Pattern 472 likelihood is underflown
Pattern 475 likelihood is underflown
Pattern 476 likelihood is underflown
Pattern 477 likelihood is underflown
Pattern 485 likelihood is underflown
Pattern 486 likelihood is underflown
Pattern 488 likelihood is underflown
Pattern 489 likelihood is underflown
Pattern 490 likelihood is underflown
Pattern 491 likelihood is underflown
Pattern 492 likelihood is underflown
Pattern 498 likelihood is underflown
Pattern 499 likelihood is underflown
Pattern 502 likelihood is underflown
Pattern 503 likelihood is underflown
Pattern 504 likelihood is underflown
Pattern 505 likelihood is underflown
Pattern 506 likelihood is underflown
Pattern 507 likelihood is underflown
Pattern 510 likelihood is underflown
Pattern 511 likelihood is underflown
Pattern 514 likelihood is underflown
WARNING: Numerical underflow for lh-branch, use `-safe` option to avoid this warning
Pattern 8 likelihood is underflown
Pattern 9 likelihood is underflown
Pattern 14 likelihood is underflown
Pattern 20 likelihood is underflown
Pattern 28 likelihood is underflown
Pattern 38 likelihood is underflown
Pattern 39 likelihood is underflown
Pattern 41 likelihood is underflown
Pattern 43 likelihood is underflown
Pattern 44 likelihood is underflown
Pattern 57 likelihood is underflown
Pattern 59 likelihood is underflown
Pattern 61 likelihood is underflown
Pattern 63 likelihood is underflown
Pattern 65 likelihood is underflown
Pattern 66 likelihood is underflown
Pattern 67 likelihood is underflown
Pattern 68 likelihood is underflown
Pattern 72 likelihood is underflown
Pattern 73 likelihood is underflown
Pattern 75 likelihood is underflown
Pattern 76 likelihood is underflown
Pattern 77 likelihood is underflown
Pattern 85 likelihood is underflown
Pattern 90 likelihood is underflown
Pattern 91 likelihood is underflown
Pattern 93 likelihood is underflown
Pattern 95 likelihood is underflown
Pattern 96 likelihood is underflown
Pattern 98 likelihood is underflown
Pattern 101 likelihood is underflown
Pattern 102 likelihood is underflown
Pattern 103 likelihood is underflown
Pattern 104 likelihood is underflown
Pattern 106 likelihood is underflown
Pattern 111 likelihood is underflown
Pattern 112 likelihood is underflown
Pattern 113 likelihood is underflown
Pattern 114 likelihood is underflown
Pattern 115 likelihood is underflown
Pattern 117 likelihood is underflown
Pattern 119 likelihood is underflown
Pattern 122 likelihood is underflown
Pattern 124 likelihood is underflown
Pattern 126 likelihood is underflown
Pattern 128 likelihood is underflown
Pattern 130 likelihood is underflown
Pattern 131 likelihood is underflown
Pattern 132 likelihood is underflown
Pattern 134 likelihood is underflown
Pattern 135 likelihood is underflown
Pattern 137 likelihood is underflown
Pattern 138 likelihood is underflown
Pattern 144 likelihood is underflown
Pattern 145 likelihood is underflown
Pattern 153 likelihood is underflown
Pattern 159 likelihood is underflown
Pattern 161 likelihood is underflown
Pattern 166 likelihood is underflown
Pattern 167 likelihood is underflown
Pattern 177 likelihood is underflown
Pattern 179 likelihood is underflown
Pattern 180 likelihood is underflown
Pattern 181 likelihood is underflown
Pattern 183 likelihood is underflown
Pattern 184 likelihood is underflown
Pattern 186 likelihood is underflown
Pattern 187 likelihood is underflown
Pattern 191 likelihood is underflown
Pattern 193 likelihood is underflown
Pattern 195 likelihood is underflown
Pattern 197 likelihood is underflown
Pattern 198 likelihood is underflown
Pattern 199 likelihood is underflown
Pattern 200 likelihood is underflown
Pattern 206 likelihood is underflown
Pattern 208 likelihood is underflown
Pattern 209 likelihood is underflown
Pattern 210 likelihood is underflown
Pattern 212 likelihood is underflown
Pattern 213 likelihood is underflown
Pattern 214 likelihood is underflown
Pattern 215 likelihood is underflown
Pattern 216 likelihood is underflown
Pattern 217 likelihood is underflown
Pattern 227 likelihood is underflown
Pattern 228 likelihood is underflown
Pattern 231 likelihood is underflown
Pattern 233 likelihood is underflown
Pattern 241 likelihood is underflown
Pattern 244 likelihood is underflown
Pattern 245 likelihood is underflown
Pattern 253 likelihood is underflown
Pattern 256 likelihood is underflown
Pattern 257 likelihood is underflown
Pattern 262 likelihood is underflown
Pattern 264 likelihood is underflown
Pattern 265 likelihood is underflown
Pattern 267 likelihood is underflown
Pattern 270 likelihood is underflown
Pattern 274 likelihood is underflown
Pattern 275 likelihood is underflown
Pattern 276 likelihood is underflown
Pattern 278 likelihood is underflown
Pattern 289 likelihood is underflown
Pattern 296 likelihood is underflown
Pattern 302 likelihood is underflown
Pattern 303 likelihood is underflown
Pattern 304 likelihood is underflown
Pattern 305 likelihood is underflown
Pattern 306 likelihood is underflown
Pattern 308 likelihood is underflown
Pattern 309 likelihood is underflown
Pattern 312 likelihood is underflown
Pattern 314 likelihood is underflown
Pattern 315 likelihood is underflown
Pattern 317 likelihood is underflown
Pattern 320 likelihood is underflown
Pattern 322 likelihood is underflown
Pattern 323 likelihood is underflown
Pattern 326 likelihood is underflown
Pattern 328 likelihood is underflown
Pattern 329 likelihood is underflown
Pattern 335 likelihood is underflown
Pattern 336 likelihood is underflown
Pattern 341 likelihood is underflown
Pattern 343 likelihood is underflown
Pattern 346 likelihood is underflown
Pattern 349 likelihood is underflown
Pattern 353 likelihood is underflown
Pattern 356 likelihood is underflown
Pattern 360 likelihood is underflown
Pattern 362 likelihood is underflown
Pattern 367 likelihood is underflown
Pattern 368 likelihood is underflown
Pattern 370 likelihood is underflown
Pattern 371 likelihood is underflown
Pattern 372 likelihood is underflown
Pattern 376 likelihood is underflown
Pattern 380 likelihood is underflown
Pattern 382 likelihood is underflown
Pattern 385 likelihood is underflown
Pattern 387 likelihood is underflown
Pattern 388 likelihood is underflown
Pattern 390 likelihood is underflown
Pattern 392 likelihood is underflown
Pattern 395 likelihood is underflown
Pattern 400 likelihood is underflown
Pattern 405 likelihood is underflown
Pattern 406 likelihood is underflown
Pattern 409 likelihood is underflown
Pattern 412 likelihood is underflown
Pattern 419 likelihood is underflown
Pattern 428 likelihood is underflown
Pattern 429 likelihood is underflown
Pattern 431 likelihood is underflown
Pattern 437 likelihood is underflown
Pattern 440 likelihood is underflown
Pattern 444 likelihood is underflown
Pattern 445 likelihood is underflown
Pattern 446 likelihood is underflown
Pattern 449 likelihood is underflown
Pattern 450 likelihood is underflown
Pattern 451 likelihood is underflown
Pattern 452 likelihood is underflown
Pattern 454 likelihood is underflown
Pattern 460 likelihood is underflown
Pattern 461 likelihood is underflown
Pattern 463 likelihood is underflown
Pattern 465 likelihood is underflown
Pattern 466 likelihood is underflown
Pattern 468 likelihood is underflown
Pattern 469 likelihood is underflown
Pattern 472 likelihood is underflown
Pattern 475 likelihood is underflown
Pattern 476 likelihood is underflown
Pattern 477 likelihood is underflown
Pattern 485 likelihood is underflown
Pattern 486 likelihood is underflown
Pattern 488 likelihood is underflown
Pattern 489 likelihood is underflown
Pattern 490 likelihood is underflown
Pattern 491 likelihood is underflown
Pattern 492 likelihood is underflown
Pattern 498 likelihood is underflown
Pattern 499 likelihood is underflown
Pattern 502 likelihood is underflown
Pattern 503 likelihood is underflown
Pattern 504 likelihood is underflown
Pattern 505 likelihood is underflown
Pattern 506 likelihood is underflown
Pattern 507 likelihood is underflown
Pattern 510 likelihood is underflown
Pattern 511 likelihood is underflown
Pattern 514 likelihood is underflown
WARNING: Numerical underflow for lh-branch, use `-safe` option to avoid this warning
Pattern 8 likelihood is underflown
Pattern 9 likelihood is underflown
Pattern 14 likelihood is underflown
Pattern 20 likelihood is underflown
Pattern 28 likelihood is underflown
Pattern 38 likelihood is underflown
Pattern 39 likelihood is underflown
Pattern 41 likelihood is underflown
Pattern 43 likelihood is underflown
Pattern 44 likelihood is underflown
Pattern 57 likelihood is underflown
Pattern 59 likelihood is underflown
Pattern 61 likelihood is underflown
Pattern 63 likelihood is underflown
Pattern 65 likelihood is underflown
Pattern 66 likelihood is underflown
Pattern 67 likelihood is underflown
Pattern 68 likelihood is underflown
Pattern 72 likelihood is underflown
Pattern 73 likelihood is underflown
Pattern 75 likelihood is underflown
Pattern 76 likelihood is underflown
Pattern 77 likelihood is underflown
Pattern 85 likelihood is underflown
Pattern 90 likelihood is underflown
Pattern 91 likelihood is underflown
Pattern 93 likelihood is underflown
Pattern 95 likelihood is underflown
Pattern 96 likelihood is underflown
Pattern 98 likelihood is underflown
Pattern 101 likelihood is underflown
Pattern 102 likelihood is underflown
Pattern 103 likelihood is underflown
Pattern 104 likelihood is underflown
Pattern 106 likelihood is underflown
Pattern 111 likelihood is underflown
Pattern 112 likelihood is underflown
Pattern 113 likelihood is underflown
Pattern 114 likelihood is underflown
Pattern 115 likelihood is underflown
Pattern 117 likelihood is underflown
Pattern 119 likelihood is underflown
Pattern 122 likelihood is underflown
Pattern 124 likelihood is underflown
Pattern 126 likelihood is underflown
Pattern 128 likelihood is underflown
Pattern 130 likelihood is underflown
Pattern 131 likelihood is underflown
Pattern 132 likelihood is underflown
Pattern 134 likelihood is underflown
Pattern 135 likelihood is underflown
Pattern 137 likelihood is underflown
Pattern 138 likelihood is underflown
Pattern 144 likelihood is underflown
Pattern 145 likelihood is underflown
Pattern 153 likelihood is underflown
Pattern 159 likelihood is underflown
Pattern 161 likelihood is underflown
Pattern 166 likelihood is underflown
Pattern 167 likelihood is underflown
Pattern 177 likelihood is underflown
Pattern 179 likelihood is underflown
Pattern 180 likelihood is underflown
Pattern 181 likelihood is underflown
Pattern 183 likelihood is underflown
Pattern 184 likelihood is underflown
Pattern 186 likelihood is underflown
Pattern 187 likelihood is underflown
Pattern 191 likelihood is underflown
Pattern 193 likelihood is underflown
Pattern 195 likelihood is underflown
Pattern 197 likelihood is underflown
Pattern 198 likelihood is underflown
Pattern 199 likelihood is underflown
Pattern 200 likelihood is underflown
Pattern 206 likelihood is underflown
Pattern 208 likelihood is underflown
Pattern 209 likelihood is underflown
Pattern 210 likelihood is underflown
Pattern 212 likelihood is underflown
Pattern 213 likelihood is underflown
Pattern 214 likelihood is underflown
Pattern 215 likelihood is underflown
Pattern 216 likelihood is underflown
Pattern 217 likelihood is underflown
Pattern 227 likelihood is underflown
Pattern 228 likelihood is underflown
Pattern 231 likelihood is underflown
Pattern 233 likelihood is underflown
Pattern 241 likelihood is underflown
Pattern 244 likelihood is underflown
Pattern 245 likelihood is underflown
Pattern 253 likelihood is underflown
Pattern 256 likelihood is underflown
Pattern 257 likelihood is underflown
Pattern 262 likelihood is underflown
Pattern 264 likelihood is underflown
Pattern 265 likelihood is underflown
Pattern 267 likelihood is underflown
Pattern 270 likelihood is underflown
Pattern 274 likelihood is underflown
Pattern 275 likelihood is underflown
Pattern 276 likelihood is underflown
Pattern 278 likelihood is underflown
Pattern 289 likelihood is underflown
Pattern 296 likelihood is underflown
Pattern 302 likelihood is underflown
Pattern 303 likelihood is underflown
Pattern 304 likelihood is underflown
Pattern 305 likelihood is underflown
Pattern 306 likelihood is underflown
Pattern 308 likelihood is underflown
Pattern 309 likelihood is underflown
Pattern 312 likelihood is underflown
Pattern 314 likelihood is underflown
Pattern 315 likelihood is underflown
Pattern 317 likelihood is underflown
Pattern 320 likelihood is underflown
Pattern 322 likelihood is underflown
Pattern 323 likelihood is underflown
Pattern 326 likelihood is underflown
Pattern 328 likelihood is underflown
Pattern 329 likelihood is underflown
Pattern 335 likelihood is underflown
Pattern 336 likelihood is underflown
Pattern 341 likelihood is underflown
Pattern 343 likelihood is underflown
Pattern 346 likelihood is underflown
Pattern 349 likelihood is underflown
Pattern 353 likelihood is underflown
Pattern 356 likelihood is underflown
Pattern 360 likelihood is underflown
Pattern 362 likelihood is underflown
Pattern 367 likelihood is underflown
Pattern 368 likelihood is underflown
Pattern 370 likelihood is underflown
Pattern 371 likelihood is underflown
Pattern 372 likelihood is underflown
Pattern 376 likelihood is underflown
Pattern 380 likelihood is underflown
Pattern 382 likelihood is underflown
Pattern 385 likelihood is underflown
Pattern 387 likelihood is underflown
Pattern 388 likelihood is underflown
Pattern 390 likelihood is underflown
Pattern 392 likelihood is underflown
Pattern 395 likelihood is underflown
Pattern 400 likelihood is underflown
Pattern 405 likelihood is underflown
Pattern 406 likelihood is underflown
Pattern 409 likelihood is underflown
Pattern 412 likelihood is underflown
Pattern 419 likelihood is underflown
Pattern 428 likelihood is underflown
Pattern 429 likelihood is underflown
Pattern 431 likelihood is underflown
Pattern 437 likelihood is underflown
Pattern 440 likelihood is underflown
Pattern 444 likelihood is underflown
Pattern 445 likelihood is underflown
Pattern 446 likelihood is underflown
Pattern 449 likelihood is underflown
Pattern 450 likelihood is underflown
Pattern 451 likelihood is underflown
Pattern 452 likelihood is underflown
Pattern 454 likelihood is underflown
Pattern 460 likelihood is underflown
Pattern 461 likelihood is underflown
Pattern 463 likelihood is underflown
Pattern 465 likelihood is underflown
Pattern 466 likelihood is underflown
Pattern 468 likelihood is underflown
Pattern 469 likelihood is underflown
Pattern 472 likelihood is underflown
Pattern 475 likelihood is underflown
Pattern 476 likelihood is underflown
Pattern 477 likelihood is underflown
Pattern 485 likelihood is underflown
Pattern 486 likelihood is underflown
Pattern 488 likelihood is underflown
Pattern 489 likelihood is underflown
Pattern 490 likelihood is underflown
Pattern 491 likelihood is underflown
Pattern 492 likelihood is underflown
Pattern 498 likelihood is underflown
Pattern 499 likelihood is underflown
Pattern 502 likelihood is underflown
Pattern 503 likelihood is underflown
Pattern 504 likelihood is underflown
Pattern 505 likelihood is underflown
Pattern 506 likelihood is underflown
Pattern 507 likelihood is underflown
Pattern 510 likelihood is underflown
Pattern 511 likelihood is underflown
Pattern 514 likelihood is underflown
477  JC+I+R3       20803.000    334 42274.000    42295.353    44708.422
Akaike Information Criterion:           TVM+F+R3
Corrected Akaike Information Criterion: TVM+F+R3
Bayesian Information Criterion:         TPM3u+F+R3
Best-fit model: TPM3u+F+R3 chosen according to BIC

All model information printed to /Users/kirstyn.brunker/GitHub/RABV_Arequipa_2025/processed_data/nt_alignments/gene_alignments/redcap_download_20251009_0935_n167.renamed.aln_concat.fasta.model.gz
CPU time for ModelFinder: 44.942 seconds (0h:0m:44s)
Wall-clock time for ModelFinder: 44.082 seconds (0h:0m:44s)
Generating 1000 samples for ultrafast bootstrap (seed: 349270)...

NOTE: 10 MB RAM (0 GB) is required!
Estimate model parameters (epsilon = 0.100)
1. Initial log-likelihood: -20748.940
2. Current log-likelihood: -20396.107
WARNING: Numerical underflow for lh-branch, use `-safe` option to avoid this warning
Pattern 504 likelihood is underflown
WARNING: Numerical underflow for lh-branch, use `-safe` option to avoid this warning
Pattern 504 likelihood is underflown
WARNING: Numerical underflow for lh-branch, use `-safe` option to avoid this warning
Pattern 504 likelihood is underflown
WARNING: Numerical underflow for lh-branch, use `-safe` option to avoid this warning
Pattern 504 likelihood is underflown
WARNING: Numerical underflow for lh-branch, use `-safe` option to avoid this warning
Pattern 504 likelihood is underflown
WARNING: Numerical underflow for lh-branch, use `-safe` option to avoid this warning
Pattern 504 likelihood is underflown
WARNING: Numerical underflow for lh-branch, use `-safe` option to avoid this warning
Pattern 504 likelihood is underflown
WARNING: Numerical underflow for lh-branch, use `-safe` option to avoid this warning
Pattern 504 likelihood is underflown
WARNING: Numerical underflow for lh-branch, use `-safe` option to avoid this warning
Pattern 504 likelihood is underflown
3. Current log-likelihood: -20379.125
Optimal log-likelihood: -20379.107
Rate parameters:  A-C: 2.22494  A-G: 16.24075  A-T: 1.00000  C-G: 2.22494  C-T: 16.24075  G-T: 1.00000
Base frequencies:  A: 0.280  C: 0.219  G: 0.236  T: 0.265
Site proportion and rates:  (0.754,0.000) (0.245,3.035) (0.001,221.812)
Parameters optimization took 3 rounds (0.199 sec)
Wrote distance file to... 
Computing ML distances based on estimated model parameters...
Calculating distance matrix: done in 0.057061 secs using 99.75% CPU
Computing ML distances took 0.057223 sec (of wall-clock time) 0.057059 sec (of CPU time)
Setting up auxiliary I and S matrices: done in 0.00039196 secs using 86.23% CPU
Computing RapidNJ tree took 0.001337 sec (of wall-clock time) 0.001234 sec (of CPU time)
Log-likelihood of RapidNJ tree: -20511.549
--------------------------------------------------------------------
|             INITIALIZING CANDIDATE TREE SET                      |
--------------------------------------------------------------------
Generating 98 parsimony trees... 0.550 second
Computing log-likelihood of 98 initial trees ... 0.842 seconds
Current best score: -20379.107

Do NNI search on 20 best initial trees
Estimate model parameters (epsilon = 0.100)
WARNING: Numerical underflow for lh-branch, use `-safe` option to avoid this warning
Pattern 147 likelihood is underflown
WARNING: Numerical underflow for lh-branch, use `-safe` option to avoid this warning
Pattern 147 likelihood is underflown
WARNING: Numerical underflow for lh-branch, use `-safe` option to avoid this warning
Pattern 147 likelihood is underflown
WARNING: Numerical underflow for lh-branch, use `-safe` option to avoid this warning
Pattern 147 likelihood is underflown
WARNING: Numerical underflow for lh-branch, use `-safe` option to avoid this warning
Pattern 147 likelihood is underflown
WARNING: Numerical underflow for lh-branch, use `-safe` option to avoid this warning
Pattern 147 likelihood is underflown
WARNING: Numerical underflow for lh-branch, use `-safe` option to avoid this warning
Pattern 147 likelihood is underflown
WARNING: Numerical underflow for lh-branch, use `-safe` option to avoid this warning
Pattern 147 likelihood is underflown
WARNING: Numerical underflow for lh-branch, use `-safe` option to avoid this warning
Pattern 147 likelihood is underflown
BETTER TREE FOUND at iteration 1: -20365.485
Estimate model parameters (epsilon = 0.100)
BETTER TREE FOUND at iteration 3: -20363.304
Iteration 10 / LogL: -20387.522 / Time: 0h:0m:48s
Estimate model parameters (epsilon = 0.100)
WARNING: Numerical underflow for lh-branch, use `-safe` option to avoid this warning
Pattern 138 likelihood is underflown
WARNING: Numerical underflow for lh-branch, use `-safe` option to avoid this warning
Pattern 138 likelihood is underflown
WARNING: Numerical underflow for lh-branch, use `-safe` option to avoid this warning
Pattern 138 likelihood is underflown
WARNING: Numerical underflow for lh-branch, use `-safe` option to avoid this warning
Pattern 138 likelihood is underflown
WARNING: Numerical underflow for lh-branch, use `-safe` option to avoid this warning
Pattern 138 likelihood is underflown
WARNING: Numerical underflow for lh-branch, use `-safe` option to avoid this warning
Pattern 138 likelihood is underflown
WARNING: Numerical underflow for lh-branch, use `-safe` option to avoid this warning
Pattern 138 likelihood is underflown
WARNING: Numerical underflow for lh-branch, use `-safe` option to avoid this warning
Pattern 138 likelihood is underflown
WARNING: Numerical underflow for lh-branch, use `-safe` option to avoid this warning
Pattern 138 likelihood is underflown
BETTER TREE FOUND at iteration 17: -20362.605
Iteration 20 / LogL: -20399.131 / Time: 0h:0m:51s
Finish initializing candidate tree set (20)
Current best tree score: -20362.605 / CPU time: 7.497
Number of iterations: 20
--------------------------------------------------------------------
|               OPTIMIZING CANDIDATE TREE SET                      |
--------------------------------------------------------------------
Iteration 30 / LogL: -20364.606 / Time: 0h:0m:54s (0h:0m:31s left)
Iteration 40 / LogL: -20363.080 / Time: 0h:0m:57s (0h:0m:25s left)
Estimate model parameters (epsilon = 0.100)
BETTER TREE FOUND at iteration 41: -20361.932
Iteration 50 / LogL: -20413.893 / Time: 0h:0m:59s (0h:0m:29s left)
Log-likelihood cutoff on original alignment: -20427.700
Estimate model parameters (epsilon = 0.100)
BETTER TREE FOUND at iteration 55: -20360.701
Estimate model parameters (epsilon = 0.100)
BETTER TREE FOUND at iteration 56: -20359.543
Estimate model parameters (epsilon = 0.100)
BETTER TREE FOUND at iteration 59: -20355.331
Iteration 60 / LogL: -20362.053 / Time: 0h:1m:2s (0h:0m:30s left)
Iteration 70 / LogL: -20378.679 / Time: 0h:1m:4s (0h:0m:26s left)
Iteration 80 / LogL: -20356.566 / Time: 0h:1m:6s (0h:0m:22s left)
Estimate model parameters (epsilon = 0.100)
BETTER TREE FOUND at iteration 88: -20354.495
Iteration 90 / LogL: -20362.274 / Time: 0h:1m:9s (0h:0m:27s left)
Iteration 100 / LogL: -20358.681 / Time: 0h:1m:11s (0h:0m:24s left)
Log-likelihood cutoff on original alignment: -20427.700
NOTE: Bootstrap correlation coefficient of split occurrence frequencies: 0.976
NOTE: UFBoot does not converge, continue at least 100 more iterations
Iteration 110 / LogL: -20355.271 / Time: 0h:1m:13s (0h:0m:24s left)
Iteration 120 / LogL: -20375.259 / Time: 0h:1m:16s (0h:0m:21s left)
Iteration 130 / LogL: -20356.514 / Time: 0h:1m:18s (0h:0m:18s left)
Iteration 140 / LogL: -20356.308 / Time: 0h:1m:20s (0h:0m:15s left)
Iteration 150 / LogL: -20358.717 / Time: 0h:1m:23s (0h:0m:13s left)
Log-likelihood cutoff on original alignment: -20427.700
Estimate model parameters (epsilon = 0.100)
BETTER TREE FOUND at iteration 160: -20354.407
Iteration 160 / LogL: -20354.407 / Time: 0h:1m:25s (0h:0m:26s left)
Iteration 170 / LogL: -20389.633 / Time: 0h:1m:28s (0h:0m:23s left)
BETTER TREE FOUND at iteration 176: -20354.405
Iteration 180 / LogL: -20439.944 / Time: 0h:1m:30s (0h:0m:25s left)
Estimate model parameters (epsilon = 0.100)
BETTER TREE FOUND at iteration 184: -20354.248
Iteration 190 / LogL: -20374.670 / Time: 0h:1m:33s (0h:0m:24s left)
Iteration 200 / LogL: -20394.133 / Time: 0h:1m:35s (0h:0m:21s left)
Log-likelihood cutoff on original alignment: -20427.700
NOTE: Bootstrap correlation coefficient of split occurrence frequencies: 0.995
Iteration 210 / LogL: -20355.696 / Time: 0h:1m:37s (0h:0m:23s left)
Iteration 220 / LogL: -20382.670 / Time: 0h:1m:40s (0h:0m:20s left)
Estimate model parameters (epsilon = 0.100)
WARNING: Numerical underflow for lh-branch, use `-safe` option to avoid this warning
Pattern 109 likelihood is underflown
WARNING: Numerical underflow for lh-branch, use `-safe` option to avoid this warning
Pattern 109 likelihood is underflown
WARNING: Numerical underflow for lh-branch, use `-safe` option to avoid this warning
Pattern 109 likelihood is underflown
WARNING: Numerical underflow for lh-branch, use `-safe` option to avoid this warning
Pattern 109 likelihood is underflown
WARNING: Numerical underflow for lh-branch, use `-safe` option to avoid this warning
Pattern 109 likelihood is underflown
WARNING: Numerical underflow for lh-branch, use `-safe` option to avoid this warning
Pattern 109 likelihood is underflown
WARNING: Numerical underflow for lh-branch, use `-safe` option to avoid this warning
Pattern 109 likelihood is underflown
WARNING: Numerical underflow for lh-branch, use `-safe` option to avoid this warning
Pattern 109 likelihood is underflown
WARNING: Numerical underflow for lh-branch, use `-safe` option to avoid this warning
Pattern 109 likelihood is underflown
BETTER TREE FOUND at iteration 223: -20354.146
Iteration 230 / LogL: -20371.025 / Time: 0h:1m:43s (0h:0m:23s left)
Iteration 240 / LogL: -20362.530 / Time: 0h:1m:45s (0h:0m:21s left)
Iteration 250 / LogL: -20358.977 / Time: 0h:1m:48s (0h:0m:18s left)
Log-likelihood cutoff on original alignment: -20427.700
Estimate model parameters (epsilon = 0.100)
BETTER TREE FOUND at iteration 257: -20354.052
Iteration 260 / LogL: -20359.502 / Time: 0h:1m:50s (0h:0m:25s left)
Estimate model parameters (epsilon = 0.100)
BETTER TREE FOUND at iteration 267: -20353.972
Iteration 270 / LogL: -20359.519 / Time: 0h:1m:53s (0h:0m:25s left)
Iteration 280 / LogL: -20355.227 / Time: 0h:1m:55s (0h:0m:22s left)
Iteration 290 / LogL: -20353.980 / Time: 0h:1m:58s (0h:0m:19s left)
Iteration 300 / LogL: -20355.270 / Time: 0h:2m:0s (0h:0m:17s left)
Log-likelihood cutoff on original alignment: -20427.700
NOTE: Bootstrap correlation coefficient of split occurrence frequencies: 0.993
Iteration 310 / LogL: -20355.224 / Time: 0h:2m:3s (0h:0m:23s left)
Iteration 320 / LogL: -20354.073 / Time: 0h:2m:5s (0h:0m:20s left)
Iteration 330 / LogL: -20387.983 / Time: 0h:2m:8s (0h:0m:17s left)
Iteration 340 / LogL: -20361.188 / Time: 0h:2m:10s (0h:0m:15s left)
Iteration 350 / LogL: -20373.278 / Time: 0h:2m:13s (0h:0m:12s left)
Log-likelihood cutoff on original alignment: -20427.700
Estimate model parameters (epsilon = 0.100)
WARNING: Numerical underflow for lh-branch, use `-safe` option to avoid this warning
Pattern 129 likelihood is underflown
WARNING: Numerical underflow for lh-branch, use `-safe` option to avoid this warning
Pattern 129 likelihood is underflown
WARNING: Numerical underflow for lh-branch, use `-safe` option to avoid this warning
Pattern 129 likelihood is underflown
WARNING: Numerical underflow for lh-branch, use `-safe` option to avoid this warning
Pattern 129 likelihood is underflown
WARNING: Numerical underflow for lh-branch, use `-safe` option to avoid this warning
Pattern 129 likelihood is underflown
WARNING: Numerical underflow for lh-branch, use `-safe` option to avoid this warning
Pattern 129 likelihood is underflown
WARNING: Numerical underflow for lh-branch, use `-safe` option to avoid this warning
Pattern 129 likelihood is underflown
WARNING: Numerical underflow for lh-branch, use `-safe` option to avoid this warning
Pattern 129 likelihood is underflown
WARNING: Numerical underflow for lh-branch, use `-safe` option to avoid this warning
Pattern 129 likelihood is underflown
BETTER TREE FOUND at iteration 356: -20353.943
Iteration 360 / LogL: -20383.161 / Time: 0h:2m:15s (0h:0m:24s left)
Iteration 370 / LogL: -20365.962 / Time: 0h:2m:18s (0h:0m:21s left)
Iteration 380 / LogL: -20356.134 / Time: 0h:2m:20s (0h:0m:19s left)
Iteration 390 / LogL: -20357.604 / Time: 0h:2m:23s (0h:0m:16s left)
Iteration 400 / LogL: -20353.979 / Time: 0h:2m:25s (0h:0m:14s left)
Log-likelihood cutoff on original alignment: -20427.700
NOTE: Bootstrap correlation coefficient of split occurrence frequencies: 0.994
Iteration 410 / LogL: -20353.996 / Time: 0h:2m:28s (0h:0m:22s left)
Iteration 420 / LogL: -20355.094 / Time: 0h:2m:31s (0h:0m:20s left)
Estimate model parameters (epsilon = 0.100)
BETTER TREE FOUND at iteration 422: -20352.992
Iteration 430 / LogL: -20354.101 / Time: 0h:2m:33s (0h:0m:23s left)
Iteration 440 / LogL: -20354.040 / Time: 0h:2m:36s (0h:0m:20s left)
Iteration 450 / LogL: -20359.722 / Time: 0h:2m:39s (0h:0m:18s left)
Log-likelihood cutoff on original alignment: -20427.700
BETTER TREE FOUND at iteration 458: -20352.988
Iteration 460 / LogL: -20361.497 / Time: 0h:2m:41s (0h:0m:25s left)
Iteration 470 / LogL: -20361.496 / Time: 0h:2m:44s (0h:0m:22s left)
Iteration 480 / LogL: -20368.932 / Time: 0h:2m:47s (0h:0m:20s left)
Iteration 490 / LogL: -20364.250 / Time: 0h:2m:49s (0h:0m:17s left)
Iteration 500 / LogL: -20358.805 / Time: 0h:2m:52s (0h:0m:14s left)
Log-likelihood cutoff on original alignment: -20427.700
NOTE: Bootstrap correlation coefficient of split occurrence frequencies: 0.994
Iteration 510 / LogL: -20373.182 / Time: 0h:2m:55s (0h:0m:23s left)
Iteration 520 / LogL: -20354.141 / Time: 0h:2m:57s (0h:0m:20s left)
Iteration 530 / LogL: -20358.194 / Time: 0h:3m:0s (0h:0m:18s left)
Iteration 540 / LogL: -20354.374 / Time: 0h:3m:3s (0h:0m:15s left)
Iteration 550 / LogL: -20358.304 / Time: 0h:3m:5s (0h:0m:12s left)
Log-likelihood cutoff on original alignment: -20427.700
TREE SEARCH COMPLETED AFTER 559 ITERATIONS / Time: 0h:3m:8s

--------------------------------------------------------------------
|                    FINALIZING TREE SEARCH                        |
--------------------------------------------------------------------
Performs final model parameters optimization
Estimate model parameters (epsilon = 0.010)
1. Initial log-likelihood: -20352.988
2. Current log-likelihood: -20352.964
3. Current log-likelihood: -20352.943
4. Current log-likelihood: -20352.928
5. Current log-likelihood: -20352.916
Optimal log-likelihood: -20352.904
Rate parameters:  A-C: 2.30634  A-G: 16.47715  A-T: 1.00000  C-G: 2.30634  C-T: 16.47715  G-T: 1.00000
Base frequencies:  A: 0.280  C: 0.219  G: 0.236  T: 0.265
Site proportion and rates:  (0.750,0.000) (0.249,2.975) (0.001,241.046)
Parameters optimization took 5 rounds (0.236 sec)
BEST SCORE FOUND : -20352.904
Creating bootstrap support values...
Split supports printed to NEXUS file /Users/kirstyn.brunker/GitHub/RABV_Arequipa_2025/processed_data/nt_alignments/gene_alignments/redcap_download_20251009_0935_n167.renamed.aln_concat.fasta.splits.nex
Total tree length: 0.070

Total number of iterations: 559
CPU time used for tree search: 143.461 sec (0h:2m:23s)
Wall-clock time used for tree search: 144.000 sec (0h:2m:24s)
Total CPU time used: 189.128 sec (0h:3m:9s)
Total wall-clock time used: 188.832 sec (0h:3m:8s)

Computing bootstrap consensus tree...
Reading input file /Users/kirstyn.brunker/GitHub/RABV_Arequipa_2025/processed_data/nt_alignments/gene_alignments/redcap_download_20251009_0935_n167.renamed.aln_concat.fasta.splits.nex...
166 taxa and 1995 splits.
Consensus tree written to /Users/kirstyn.brunker/GitHub/RABV_Arequipa_2025/processed_data/nt_alignments/gene_alignments/redcap_download_20251009_0935_n167.renamed.aln_concat.fasta.contree
Reading input trees file /Users/kirstyn.brunker/GitHub/RABV_Arequipa_2025/processed_data/nt_alignments/gene_alignments/redcap_download_20251009_0935_n167.renamed.aln_concat.fasta.contree
Log-likelihood of consensus tree: -20356.705

Analysis results written to: 
  IQ-TREE report:                /Users/kirstyn.brunker/GitHub/RABV_Arequipa_2025/processed_data/nt_alignments/gene_alignments/redcap_download_20251009_0935_n167.renamed.aln_concat.fasta.iqtree
  Maximum-likelihood tree:       /Users/kirstyn.brunker/GitHub/RABV_Arequipa_2025/processed_data/nt_alignments/gene_alignments/redcap_download_20251009_0935_n167.renamed.aln_concat.fasta.treefile
  Likelihood distances:          /Users/kirstyn.brunker/GitHub/RABV_Arequipa_2025/processed_data/nt_alignments/gene_alignments/redcap_download_20251009_0935_n167.renamed.aln_concat.fasta.mldist

Ultrafast bootstrap approximation results written to:
  Split support values:          /Users/kirstyn.brunker/GitHub/RABV_Arequipa_2025/processed_data/nt_alignments/gene_alignments/redcap_download_20251009_0935_n167.renamed.aln_concat.fasta.splits.nex
  Consensus tree:                /Users/kirstyn.brunker/GitHub/RABV_Arequipa_2025/processed_data/nt_alignments/gene_alignments/redcap_download_20251009_0935_n167.renamed.aln_concat.fasta.contree
  Screen log file:               /Users/kirstyn.brunker/GitHub/RABV_Arequipa_2025/processed_data/nt_alignments/gene_alignments/redcap_download_20251009_0935_n167.renamed.aln_concat.fasta.log

Date and Time: Fri Oct 17 14:36:22 2025
