IQ-TREE multicore version 2.3.6 for MacOS ARM 64-bit built Aug  4 2024
Developed by Bui Quang Minh, Nguyen Lam Tung, Olga Chernomor, Heiko Schmidt,
Dominik Schrempf, Michael Woodhams, Ly Trong Nhan, Thomas Wong

Host:    MVLS-MACLAP381977 (SSE4.2, 36 GB RAM)
Command: iqtree -s /Users/kirstyn.brunker/GitHub/RABV_Arequipa_2025/processed_data/nt_alignments/gene_alignments/redcap_download_20251009_0935_n167.renamed.aln.date_appended_concat.fasta -m MFP -bb 1000 -nt AUTO
Seed:    185440 (Using SPRNG - Scalable Parallel Random Number Generator)
Time:    Fri Oct 17 14:24:01 2025
Kernel:  SSE2 - auto-detect threads (11 CPU cores detected)

Reading alignment file /Users/kirstyn.brunker/GitHub/RABV_Arequipa_2025/processed_data/nt_alignments/gene_alignments/redcap_download_20251009_0935_n167.renamed.aln.date_appended_concat.fasta ... Fasta format detected
Reading fasta file: done in 0.0252099 secs using 87.64% CPU
Alignment most likely contains DNA/RNA sequences
Alignment has 167 sequences with 10815 columns, 516 distinct patterns
177 parsimony-informative, 336 singleton sites, 10302 constant sites
                      Gap/Ambiguity  Composition  p-value
Analyzing sequences: done in 0.000113964 secs using 127.2% CPU
   1  10_2020_2020-01-15      0.01%    passed     99.81%
   2  10_2021_2021-01-08      0.01%    passed     99.93%
   3  100_2023_2023-03-13     0.01%    passed     99.99%
   4  101_2017_2017-03-09     0.01%    passed     99.98%
   5  103_2022_2022-04-15     0.01%    passed     99.95%
   6  107_2018_2018-03-25    12.52%    passed     88.14%
   7  107_2021_2021-03-18     0.01%    passed     99.47%
   8  1101786_2011-02-26      0.01%    passed     99.47%
   9  1101787_2011-03-03      0.02%    passed     99.55%
  10  112_2017_2017-04-09     0.01%    passed     99.99%
  11  114_2015_2015-04-03     0.01%    passed    100.00%
  12  12_2017_2017-01-05      0.01%    passed     99.99%
  13  1203037_2012-05-08      0.01%    passed     99.18%
  14  121_2019_2019-04-20     0.01%    passed     99.99%
  15  126_2021_2021-03-29     0.08%    passed     99.99%
  16  130_2016_2016-04-04     0.01%    passed     99.99%
  17  131_2019_2019-04-26     0.01%    passed    100.00%
  18  140_2018_2018-04-06     1.92%    passed     99.21%
  19  140_2020_2020-11-28    11.35%    passed     91.15%
  20  145_2017_2017-04-13     0.01%    passed     99.99%
  21  145_2022_2022-06-06     0.01%    passed     99.99%
  22  146_2021_2021-04-20     0.01%    passed     99.98%
  23  147_2021_2021-04-12    10.79%    passed     95.56%
  24  147_2022_2022-06-09     6.91%    passed     97.84%
  25  149_2020_2020-12-17     0.01%    passed     99.99%
  26  15_2021_2021-01-22      0.01%    passed     99.89%
  27  151_2024_2024-04-13     0.01%    passed     99.93%
  28  152_2023_2023-03-31     0.01%    passed     99.98%
  29  158_2022_2022-06-17     0.03%    passed     99.81%
  30  159_2017_2017-04-28     0.01%    passed     99.99%
  31  16_2021_2021-01-18      0.01%    passed     99.70%
  32  162_2018_2018-04-23     0.01%    passed     99.99%
  33  162_2024_2024-04-27     0.01%    passed     99.89%
  34  166_2016_2016-04-21     0.01%    passed    100.00%
  35  172_2022_2022-07-07     0.14%    passed     99.98%
  36  173_2022_2022-07-11     0.01%    passed     99.83%
  37  175_2023_2023-04-20     0.01%    passed     99.91%
  38  182_2019_2019-06-11     0.01%    passed     99.99%
  39  183_2019_2019-06-13     0.01%    passed    100.00%
  40  183_2023_2023-04-26     0.01%    passed     99.94%
  41  186_2018_2018-05-02     0.01%    passed    100.00%
  42  2_2017_2017-01-03       0.01%    passed     99.99%
  43  201_2017_2017-06-12     0.01%    passed     99.97%
  44  202_2021_2021-06-10    10.81%    passed     96.10%
  45  209_2018_2018-05-16     0.01%    passed    100.00%
  46  213_2021_2021-06-26     0.01%    passed     99.99%
  47  218_2023_2023-05-23     0.01%    passed     99.90%
  48  219_2022_2022-08-20     0.06%    passed     99.90%
  49  219_2024_2024-08-07     0.01%    passed     96.67%
  50  22_2016_2016-01-27      0.01%    passed     99.99%
  51  22_2018_2018-01-24      0.01%    passed     99.99%
  52  225_2017_2017-06-30     0.01%    passed     99.99%
  53  225_2019_2019-07-23     0.01%    passed     98.68%
  54  225_2023_2023-05-22     0.01%    passed     99.99%
  55  227_2019_2019-07-24     0.01%    passed     99.98%
  56  23_2020_2020-01-31     10.04%    passed     97.77%
  57  231_2021_2021-07-14     0.19%    passed     99.99%
  58  232_2023_2023-05-24     1.92%    passed     98.11%
  59  234_2016_2016-05-24     0.01%    passed    100.00%
  60  236_2019_2019-08-01     0.01%    passed     99.98%
  61  236_2022_2022-09-04    14.37%    passed     96.27%
  62  24_2019_2019-01-24      0.01%    passed    100.00%
  63  240_2019_2019-08-06     0.01%    passed     99.98%
  64  240_2023_2023-05-22     0.01%    passed     99.82%
  65  242_2019_2019-08-08     0.01%    passed     99.97%
  66  244_2019_2019-07-30     0.01%    passed     99.99%
  67  246_2022_2022-09-12     0.01%    passed     99.94%
  68  247_2018_2018-05-30     0.01%    passed    100.00%
  69  25_2020_2020-02-04      1.23%    passed     98.75%
  70  250_2021_2021-08-09    10.79%    passed     95.30%
  71  251_2021_2021-08-09    10.79%    passed     95.30%
  72  255_2019_2019-08-16     0.01%    passed    100.00%
  73  259_2017_2017-07-29     0.01%    passed     99.99%
  74  266_2022_2022-09-26     0.01%    passed    100.00%
  75  270_2023_2023-06-14     0.01%    passed     99.96%
  76  272_2017_2017-08-10     0.01%    passed     99.99%
  77  272_2019_2019-08-21     0.01%    passed    100.00%
  78  273_2023_2023-06-21     0.01%    passed     99.83%
  79  275_2017_2017-08-13     0.01%    passed     99.98%
  80  279_2017_2017-08-20     2.50%    passed     99.68%
  81  280_2022_2022-10-08     0.01%    passed    100.00%
  82  286_2022_2022-10-13     1.92%    passed     98.08%
  83  289_2019_2019-09-14     0.01%    passed     99.91%
  84  29_2021_2021-02-05      0.01%    passed     99.79%
  85  291_2016_2016-06-11     0.01%    passed     99.98%
  86  297_2023_2023-07-19     0.01%    passed     99.99%
  87  298_2017_2017-09-14     0.01%    passed     99.99%
  88  30_2021_2021-02-04      0.06%    passed     99.60%
  89  30_2023_2023-02-03      1.23%    passed     98.34%
  90  302_2016_2016-06-16     0.01%    passed     99.99%
  91  302_2017_2017-09-14     0.01%    passed    100.00%
  92  31_2021_2021-02-07      0.06%    passed    100.00%
  93  312_2019_2019-10-07     0.01%    passed     99.55%
  94  315_2017_2017-10-02     0.01%    passed     99.99%
  95  319_2017_2017-10-04     3.64%    passed     94.38%
  96  32_2016_2016-02-04      0.01%    passed    100.00%
  97  320_2019_2019-10-20     0.01%    passed     99.99%
  98  321_2023_2023-08-24     3.59%    passed     98.99%
  99  333_2018_2018-09-17     0.01%    passed     99.95%
 100  336_2019_2019-10-29     2.42%    passed     99.74%
 101  34_2021_2021-02-05     10.79%    passed     95.56%
 102  348_2023_2023-10-06     0.01%    passed     99.83%
 103  35_2018_2018-01-28      0.01%    passed     99.95%
 104  3553_2010_2010-11-19    0.00%    passed     99.73%
 105  357_2016_2016-07-09     0.01%    passed     99.99%
 106  358_2023_2023-10-18     0.01%    passed     99.83%
 107  367_2015_2015-07-13     0.01%    passed    100.00%
 108  374_2018_2018-10-06     0.01%    passed     99.97%
 109  375_2017_2017-11-23     0.00%    passed     99.99%
 110  375_2018_2018-10-08     0.01%    passed    100.00%
 111  386_2016_2016-07-21     0.01%    passed    100.00%
 112  4_2023_2023-01-06       0.01%    passed     99.90%
 113  40_2021_2021-02-09      0.02%    passed    100.00%
 114  40_2025_2025-03-08     12.64%    passed     98.80%
 115  402_2017_2017-12-15     0.01%    passed     99.99%
 116  41_2020_2020-02-10      3.63%    passed     99.46%
 117  41_2024_2024-02-02      0.01%    passed     99.85%
 118  42_2020_2020-02-06      0.01%    passed     99.92%
 119  435_2018_2018-11-14     0.01%    passed     99.99%
 120  44_2016_2016-02-17      0.01%    passed    100.00%
 121  442_2016_2016-09-15     0.01%    passed     99.97%
 122  447_2018_2018-11-25     0.01%    passed     99.99%
 123  46_2017_2017-01-25      0.01%    passed    100.00%
 124  46_2019_2019-02-13      0.01%    passed     99.99%
 125  462_2016_2016-09-24     0.01%    passed     99.99%
 126  468_2016_2016-09-26     0.01%    passed     99.98%
 127  47_2019_2019-02-16      0.01%    passed     99.86%
 128  48_2019_2019-02-15      0.01%    passed     99.99%
 129  480_2016_2016-10-07     0.01%    passed     99.99%
 130  481_2016_2016-10-11     0.01%    passed     99.99%
 131  485_2016_2016-10-11     0.01%    passed     99.99%
 132  495_2016_2016-10-15     0.01%    passed    100.00%
 133  51_2018_2018-02-10      0.01%    passed     99.89%
 134  52_2018_2018-02-10      1.23%    passed     98.72%
 135  52_2021_2021-02-22     10.79%    passed     95.56%
 136  534_2016_2016-11-17     0.01%    passed     99.98%
 137  54_2024_2024-02-13      0.01%    passed     99.93%
 138  56_2021_2021-02-25      0.12%    passed     99.98%
 139  56_2023_2023-02-15      0.01%    passed    100.00%
 140  560_2015_2015-09-07     0.00%    passed     99.99%
 141  562_2016_2016-12-07     0.01%    passed    100.00%
 142  563_2016_2016-12-07     0.01%    passed     99.99%
 143  57_2017_2017-01-28      0.01%    passed    100.00%
 144  571_2016_2016-12-16     0.01%    passed     99.99%
 145  576_2016_2016-12-19     0.01%    passed    100.00%
 146  609_2015_2015-09-26     0.01%    passed     99.98%
 147  61_2021_2021-02-24      0.02%    passed     99.35%
 148  653_2015_2015-10-13     0.01%    passed     99.97%
 149  68_2021_2021-02-26     10.81%    passed     95.70%
 150  69_2016_2016-03-01      0.01%    passed    100.00%
 151  69_2022_2022-03-21      2.50%    passed     99.55%
 152  696_2015_2015-11-10     1.23%    passed     98.38%
 153  699_2015_2015-11-13     1.23%    passed     98.48%
 154  704_2015_2015-11-25     0.01%    passed     99.99%
 155  71_2021_2021-03-05     10.80%    passed     94.94%
 156  711_2015_2015-12-02     0.01%    passed     99.99%
 157  73_2015_2015-03-22      0.01%    passed     99.98%
 158  73_2021_2021-03-05     10.80%    passed     95.56%
 159  75_2021_2021-03-09      8.04%    passed     92.47%
 160  88_2019_2019-03-16      1.92%    passed     99.30%
 161  89_2018_2018-03-10      0.01%    passed     99.99%
 162  9_2019_2019-01-17       0.01%    passed    100.00%
 163  90_2021_2021-03-12      0.02%    passed     99.72%
 164  91_2017_2017-03-17      0.01%    passed     99.99%
 165  92_2018_2018-03-17      0.01%    passed     99.96%
 166  93_2018_2018-03-20      2.24%    passed     98.79%
 167  97_2017_2017-03-02      0.01%    passed     99.99%
****  TOTAL                   1.25%  0 sequences failed composition chi2 test (p-value<5%; df=3)
NOTE: 91_2017_2017-03-17 is identical to 130_2016_2016-04-04 but kept for subsequent analysis
NOTE: 34_2021_2021-02-05 is identical to 147_2021_2021-04-12 but kept for subsequent analysis
NOTE: 251_2021_2021-08-09 is identical to 250_2021_2021-08-09 but kept for subsequent analysis
NOTE: 435_2018_2018-11-14 is identical to 298_2017_2017-09-14 but kept for subsequent analysis
NOTE: 1 identical sequences (see below) will be ignored for subsequent analysis
NOTE: 52_2021_2021-02-22 (identical to 147_2021_2021-04-12) is ignored but added at the end
Alignment was printed to /Users/kirstyn.brunker/GitHub/RABV_Arequipa_2025/processed_data/nt_alignments/gene_alignments/redcap_download_20251009_0935_n167.renamed.aln.date_appended_concat.fasta.uniqueseq.phy

For your convenience alignment with unique sequences printed to /Users/kirstyn.brunker/GitHub/RABV_Arequipa_2025/processed_data/nt_alignments/gene_alignments/redcap_download_20251009_0935_n167.renamed.aln.date_appended_concat.fasta.uniqueseq.phy

NOTE: Restoring information from model checkpoint file /Users/kirstyn.brunker/GitHub/RABV_Arequipa_2025/processed_data/nt_alignments/gene_alignments/redcap_download_20251009_0935_n167.renamed.aln.date_appended_concat.fasta.model.gz

CHECKPOINT: Initial tree restored
Measuring multi-threading efficiency up to 11 CPU cores
Increase to 10 rounds for branch lengths
148 trees examined
Threads: 1 / Time: 11.067 sec / Speedup: 1.000 / Efficiency: 100% / LogL: -31939
Threads: 2 / Time: 13.313 sec / Speedup: 0.831 / Efficiency: 42% / LogL: -31939
BEST NUMBER OF THREADS: 1

Perform fast likelihood tree search using GTR+I+G model...
Estimate model parameters (epsilon = 5.000)
Perform nearest neighbor interchange...
Estimate model parameters (epsilon = 1.000)
1. Initial log-likelihood: -20592.484
Optimal log-likelihood: -20592.285
Rate parameters:  A-C: 4.44276  A-G: 22.37139  A-T: 1.78281  C-G: 1.54028  C-T: 21.94669  G-T: 1.00000
Base frequencies:  A: 0.280  C: 0.219  G: 0.236  T: 0.265
Proportion of invariable sites: 0.484
Gamma shape alpha: 0.115
Parameters optimization took 1 rounds (0.062 sec)
Time for fast ML tree search: 0.690 seconds

NOTE: ModelFinder requires 29 MB RAM!
ModelFinder will test up to 484 DNA models (sample size: 10815 epsilon: 0.100) ...
 No. Model         -LnL         df  AIC          AICc         BIC
  1  GTR+F         20819.287    337 42312.574    42334.318    44768.862
  2  GTR+F+I       20589.757    338 41855.515    41877.390    44319.092
  3  GTR+F+G4      20641.387    338 41958.774    41980.649    44422.351
  4  GTR+F+I+G4    20570.730    339 41819.461    41841.468    44290.327
WARNING: Numerical underflow for lh-branch, use `-safe` option to avoid this warning
Pattern 491 likelihood is underflown
WARNING: Numerical underflow for lh-branch, use `-safe` option to avoid this warning
Pattern 491 likelihood is underflown
WARNING: Numerical underflow for lh-branch, use `-safe` option to avoid this warning
Pattern 491 likelihood is underflown
WARNING: Numerical underflow for lh-branch, use `-safe` option to avoid this warning
Pattern 491 likelihood is underflown
WARNING: Numerical underflow for lh-branch, use `-safe` option to avoid this warning
Pattern 491 likelihood is underflown
WARNING: Numerical underflow for lh-branch, use `-safe` option to avoid this warning
Pattern 491 likelihood is underflown
WARNING: Numerical underflow for lh-branch, use `-safe` option to avoid this warning
Pattern 383 likelihood is underflown
WARNING: Numerical underflow for lh-branch, use `-safe` option to avoid this warning
Pattern 383 likelihood is underflown
WARNING: Numerical underflow for lh-branch, use `-safe` option to avoid this warning
Pattern 383 likelihood is underflown
WARNING: Numerical underflow for lh-branch, use `-safe` option to avoid this warning
Pattern 383 likelihood is underflown
WARNING: Numerical underflow for lh-branch, use `-safe` option to avoid this warning
Pattern 383 likelihood is underflown
WARNING: Numerical underflow for lh-branch, use `-safe` option to avoid this warning
Pattern 383 likelihood is underflown
WARNING: Numerical underflow for lh-branch, use `-safe` option to avoid this warning
Pattern 374 likelihood is underflown
WARNING: Numerical underflow for lh-branch, use `-safe` option to avoid this warning
Pattern 374 likelihood is underflown
WARNING: Numerical underflow for lh-branch, use `-safe` option to avoid this warning
Pattern 374 likelihood is underflown
WARNING: Numerical underflow for lh-branch, use `-safe` option to avoid this warning
Pattern 374 likelihood is underflown
WARNING: Numerical underflow for lh-branch, use `-safe` option to avoid this warning
Pattern 374 likelihood is underflown
WARNING: Numerical underflow for lh-branch, use `-safe` option to avoid this warning
Pattern 374 likelihood is underflown
WARNING: Numerical underflow for lh-branch, use `-safe` option to avoid this warning
Pattern 383 likelihood is underflown
WARNING: Numerical underflow for lh-branch, use `-safe` option to avoid this warning
Pattern 383 likelihood is underflown
WARNING: Numerical underflow for lh-branch, use `-safe` option to avoid this warning
Pattern 383 likelihood is underflown
WARNING: Numerical underflow for lh-branch, use `-safe` option to avoid this warning
Pattern 383 likelihood is underflown
WARNING: Numerical underflow for lh-branch, use `-safe` option to avoid this warning
Pattern 383 likelihood is underflown
WARNING: Numerical underflow for lh-branch, use `-safe` option to avoid this warning
Pattern 383 likelihood is underflown
WARNING: Numerical underflow for lh-branch, use `-safe` option to avoid this warning
Pattern 383 likelihood is underflown
Pattern 466 likelihood is underflown
WARNING: Numerical underflow for lh-branch, use `-safe` option to avoid this warning
Pattern 383 likelihood is underflown
Pattern 466 likelihood is underflown
WARNING: Numerical underflow for lh-branch, use `-safe` option to avoid this warning
Pattern 383 likelihood is underflown
Pattern 466 likelihood is underflown
WARNING: Numerical underflow for lh-branch, use `-safe` option to avoid this warning
Pattern 383 likelihood is underflown
Pattern 466 likelihood is underflown
WARNING: Numerical underflow for lh-branch, use `-safe` option to avoid this warning
Pattern 383 likelihood is underflown
Pattern 466 likelihood is underflown
WARNING: Numerical underflow for lh-branch, use `-safe` option to avoid this warning
Pattern 383 likelihood is underflown
Pattern 466 likelihood is underflown
WARNING: Numerical underflow for lh-branch, use `-safe` option to avoid this warning
Pattern 487 likelihood is underflown
WARNING: Numerical underflow for lh-branch, use `-safe` option to avoid this warning
Pattern 487 likelihood is underflown
WARNING: Numerical underflow for lh-branch, use `-safe` option to avoid this warning
Pattern 487 likelihood is underflown
WARNING: Numerical underflow for lh-branch, use `-safe` option to avoid this warning
Pattern 487 likelihood is underflown
WARNING: Numerical underflow for lh-branch, use `-safe` option to avoid this warning
Pattern 487 likelihood is underflown
WARNING: Numerical underflow for lh-branch, use `-safe` option to avoid this warning
Pattern 487 likelihood is underflown
WARNING: Numerical underflow for lh-branch, use `-safe` option to avoid this warning
Pattern 487 likelihood is underflown
WARNING: Numerical underflow for lh-branch, use `-safe` option to avoid this warning
Pattern 487 likelihood is underflown
WARNING: Numerical underflow for lh-branch, use `-safe` option to avoid this warning
Pattern 487 likelihood is underflown
WARNING: Numerical underflow for lh-branch, use `-safe` option to avoid this warning
Pattern 487 likelihood is underflown
WARNING: Numerical underflow for lh-branch, use `-safe` option to avoid this warning
Pattern 487 likelihood is underflown
WARNING: Numerical underflow for lh-branch, use `-safe` option to avoid this warning
Pattern 487 likelihood is underflown
WARNING: Numerical underflow for lh-branch, use `-safe` option to avoid this warning
Pattern 109 likelihood is underflown
WARNING: Numerical underflow for lh-branch, use `-safe` option to avoid this warning
Pattern 109 likelihood is underflown
WARNING: Numerical underflow for lh-branch, use `-safe` option to avoid this warning
Pattern 109 likelihood is underflown
WARNING: Numerical underflow for lh-branch, use `-safe` option to avoid this warning
Pattern 109 likelihood is underflown
WARNING: Numerical underflow for lh-branch, use `-safe` option to avoid this warning
Pattern 109 likelihood is underflown
WARNING: Numerical underflow for lh-branch, use `-safe` option to avoid this warning
Pattern 109 likelihood is underflown
WARNING: Numerical underflow for lh-branch, use `-safe` option to avoid this warning
Pattern 215 likelihood is underflown
Pattern 305 likelihood is underflown
Pattern 487 likelihood is underflown
WARNING: Numerical underflow for lh-branch, use `-safe` option to avoid this warning
Pattern 215 likelihood is underflown
Pattern 305 likelihood is underflown
Pattern 487 likelihood is underflown
WARNING: Numerical underflow for lh-branch, use `-safe` option to avoid this warning
Pattern 215 likelihood is underflown
Pattern 305 likelihood is underflown
Pattern 487 likelihood is underflown
WARNING: Numerical underflow for lh-branch, use `-safe` option to avoid this warning
Pattern 215 likelihood is underflown
Pattern 305 likelihood is underflown
Pattern 487 likelihood is underflown
WARNING: Numerical underflow for lh-branch, use `-safe` option to avoid this warning
Pattern 215 likelihood is underflown
Pattern 305 likelihood is underflown
Pattern 487 likelihood is underflown
WARNING: Numerical underflow for lh-branch, use `-safe` option to avoid this warning
Pattern 215 likelihood is underflown
Pattern 305 likelihood is underflown
Pattern 487 likelihood is underflown
WARNING: Numerical underflow for lh-branch, use `-safe` option to avoid this warning
Pattern 109 likelihood is underflown
WARNING: Numerical underflow for lh-branch, use `-safe` option to avoid this warning
Pattern 109 likelihood is underflown
WARNING: Numerical underflow for lh-branch, use `-safe` option to avoid this warning
Pattern 109 likelihood is underflown
WARNING: Numerical underflow for lh-branch, use `-safe` option to avoid this warning
Pattern 109 likelihood is underflown
WARNING: Numerical underflow for lh-branch, use `-safe` option to avoid this warning
Pattern 109 likelihood is underflown
WARNING: Numerical underflow for lh-branch, use `-safe` option to avoid this warning
Pattern 109 likelihood is underflown
WARNING: Numerical underflow for lh-branch, use `-safe` option to avoid this warning
Pattern 245 likelihood is underflown
Pattern 253 likelihood is underflown
Pattern 371 likelihood is underflown
WARNING: Numerical underflow for lh-branch, use `-safe` option to avoid this warning
Pattern 245 likelihood is underflown
Pattern 253 likelihood is underflown
Pattern 371 likelihood is underflown
WARNING: Numerical underflow for lh-branch, use `-safe` option to avoid this warning
Pattern 245 likelihood is underflown
Pattern 253 likelihood is underflown
Pattern 371 likelihood is underflown
WARNING: Numerical underflow for lh-branch, use `-safe` option to avoid this warning
Pattern 245 likelihood is underflown
Pattern 253 likelihood is underflown
Pattern 371 likelihood is underflown
WARNING: Numerical underflow for lh-branch, use `-safe` option to avoid this warning
Pattern 245 likelihood is underflown
Pattern 253 likelihood is underflown
Pattern 371 likelihood is underflown
WARNING: Numerical underflow for lh-branch, use `-safe` option to avoid this warning
Pattern 245 likelihood is underflown
Pattern 253 likelihood is underflown
Pattern 371 likelihood is underflown
WARNING: Numerical underflow for lh-branch, use `-safe` option to avoid this warning
Pattern 109 likelihood is underflown
WARNING: Numerical underflow for lh-branch, use `-safe` option to avoid this warning
Pattern 109 likelihood is underflown
WARNING: Numerical underflow for lh-branch, use `-safe` option to avoid this warning
Pattern 109 likelihood is underflown
WARNING: Numerical underflow for lh-branch, use `-safe` option to avoid this warning
Pattern 109 likelihood is underflown
WARNING: Numerical underflow for lh-branch, use `-safe` option to avoid this warning
Pattern 109 likelihood is underflown
WARNING: Numerical underflow for lh-branch, use `-safe` option to avoid this warning
Pattern 109 likelihood is underflown
WARNING: Numerical underflow for lh-branch, use `-safe` option to avoid this warning
Pattern 215 likelihood is underflown
WARNING: Numerical underflow for lh-branch, use `-safe` option to avoid this warning
Pattern 215 likelihood is underflown
WARNING: Numerical underflow for lh-branch, use `-safe` option to avoid this warning
Pattern 215 likelihood is underflown
WARNING: Numerical underflow for lh-branch, use `-safe` option to avoid this warning
Pattern 215 likelihood is underflown
WARNING: Numerical underflow for lh-branch, use `-safe` option to avoid this warning
Pattern 215 likelihood is underflown
WARNING: Numerical underflow for lh-branch, use `-safe` option to avoid this warning
Pattern 215 likelihood is underflown
  5  GTR+F+R2      20589.096    339 41856.192    41878.198    44327.057
WARNING: Numerical underflow for lh-branch, use `-safe` option to avoid this warning
Pattern 109 likelihood is underflown
Pattern 383 likelihood is underflown
WARNING: Numerical underflow for lh-branch, use `-safe` option to avoid this warning
Pattern 109 likelihood is underflown
Pattern 383 likelihood is underflown
WARNING: Numerical underflow for lh-branch, use `-safe` option to avoid this warning
Pattern 109 likelihood is underflown
Pattern 383 likelihood is underflown
WARNING: Numerical underflow for lh-branch, use `-safe` option to avoid this warning
Pattern 109 likelihood is underflown
Pattern 383 likelihood is underflown
WARNING: Numerical underflow for lh-branch, use `-safe` option to avoid this warning
Pattern 109 likelihood is underflown
Pattern 383 likelihood is underflown
WARNING: Numerical underflow for lh-branch, use `-safe` option to avoid this warning
Pattern 109 likelihood is underflown
Pattern 383 likelihood is underflown
WARNING: Numerical underflow for lh-branch, use `-safe` option to avoid this warning
Pattern 109 likelihood is underflown
Pattern 383 likelihood is underflown
WARNING: Numerical underflow for lh-branch, use `-safe` option to avoid this warning
Pattern 109 likelihood is underflown
Pattern 383 likelihood is underflown
WARNING: Numerical underflow for lh-branch, use `-safe` option to avoid this warning
Pattern 109 likelihood is underflown
Pattern 383 likelihood is underflown
WARNING: Numerical underflow for lh-branch, use `-safe` option to avoid this warning
Pattern 374 likelihood is underflown
WARNING: Numerical underflow for lh-branch, use `-safe` option to avoid this warning
Pattern 374 likelihood is underflown
WARNING: Numerical underflow for lh-branch, use `-safe` option to avoid this warning
Pattern 374 likelihood is underflown
WARNING: Numerical underflow for lh-branch, use `-safe` option to avoid this warning
Pattern 374 likelihood is underflown
WARNING: Numerical underflow for lh-branch, use `-safe` option to avoid this warning
Pattern 374 likelihood is underflown
WARNING: Numerical underflow for lh-branch, use `-safe` option to avoid this warning
Pattern 374 likelihood is underflown
WARNING: Numerical underflow for lh-branch, use `-safe` option to avoid this warning
Pattern 374 likelihood is underflown
WARNING: Numerical underflow for lh-branch, use `-safe` option to avoid this warning
Pattern 374 likelihood is underflown
WARNING: Numerical underflow for lh-branch, use `-safe` option to avoid this warning
Pattern 374 likelihood is underflown
WARNING: Numerical underflow for lh-branch, use `-safe` option to avoid this warning
Pattern 491 likelihood is underflown
WARNING: Numerical underflow for lh-branch, use `-safe` option to avoid this warning
Pattern 491 likelihood is underflown
WARNING: Numerical underflow for lh-branch, use `-safe` option to avoid this warning
Pattern 491 likelihood is underflown
WARNING: Numerical underflow for lh-branch, use `-safe` option to avoid this warning
Pattern 491 likelihood is underflown
WARNING: Numerical underflow for lh-branch, use `-safe` option to avoid this warning
Pattern 491 likelihood is underflown
WARNING: Numerical underflow for lh-branch, use `-safe` option to avoid this warning
Pattern 491 likelihood is underflown
WARNING: Numerical underflow for lh-branch, use `-safe` option to avoid this warning
Pattern 491 likelihood is underflown
WARNING: Numerical underflow for lh-branch, use `-safe` option to avoid this warning
Pattern 491 likelihood is underflown
WARNING: Numerical underflow for lh-branch, use `-safe` option to avoid this warning
Pattern 491 likelihood is underflown
WARNING: Numerical underflow for lh-branch, use `-safe` option to avoid this warning
Pattern 374 likelihood is underflown
WARNING: Numerical underflow for lh-branch, use `-safe` option to avoid this warning
Pattern 374 likelihood is underflown
WARNING: Numerical underflow for lh-branch, use `-safe` option to avoid this warning
Pattern 374 likelihood is underflown
WARNING: Numerical underflow for lh-branch, use `-safe` option to avoid this warning
Pattern 374 likelihood is underflown
WARNING: Numerical underflow for lh-branch, use `-safe` option to avoid this warning
Pattern 374 likelihood is underflown
WARNING: Numerical underflow for lh-branch, use `-safe` option to avoid this warning
Pattern 374 likelihood is underflown
WARNING: Numerical underflow for lh-branch, use `-safe` option to avoid this warning
Pattern 374 likelihood is underflown
WARNING: Numerical underflow for lh-branch, use `-safe` option to avoid this warning
Pattern 374 likelihood is underflown
WARNING: Numerical underflow for lh-branch, use `-safe` option to avoid this warning
Pattern 374 likelihood is underflown
WARNING: Numerical underflow for lh-branch, use `-safe` option to avoid this warning
Pattern 374 likelihood is underflown
WARNING: Numerical underflow for lh-branch, use `-safe` option to avoid this warning
Pattern 374 likelihood is underflown
WARNING: Numerical underflow for lh-branch, use `-safe` option to avoid this warning
Pattern 374 likelihood is underflown
WARNING: Numerical underflow for lh-branch, use `-safe` option to avoid this warning
Pattern 374 likelihood is underflown
WARNING: Numerical underflow for lh-branch, use `-safe` option to avoid this warning
Pattern 374 likelihood is underflown
WARNING: Numerical underflow for lh-branch, use `-safe` option to avoid this warning
Pattern 374 likelihood is underflown
WARNING: Numerical underflow for lh-branch, use `-safe` option to avoid this warning
Pattern 374 likelihood is underflown
WARNING: Numerical underflow for lh-branch, use `-safe` option to avoid this warning
Pattern 374 likelihood is underflown
WARNING: Numerical underflow for lh-branch, use `-safe` option to avoid this warning
Pattern 374 likelihood is underflown
WARNING: Numerical underflow for lh-branch, use `-safe` option to avoid this warning
Pattern 374 likelihood is underflown
WARNING: Numerical underflow for lh-branch, use `-safe` option to avoid this warning
Pattern 374 likelihood is underflown
WARNING: Numerical underflow for lh-branch, use `-safe` option to avoid this warning
Pattern 374 likelihood is underflown
WARNING: Numerical underflow for lh-branch, use `-safe` option to avoid this warning
Pattern 374 likelihood is underflown
WARNING: Numerical underflow for lh-branch, use `-safe` option to avoid this warning
Pattern 374 likelihood is underflown
WARNING: Numerical underflow for lh-branch, use `-safe` option to avoid this warning
Pattern 374 likelihood is underflown
WARNING: Numerical underflow for lh-branch, use `-safe` option to avoid this warning
Pattern 374 likelihood is underflown
WARNING: Numerical underflow for lh-branch, use `-safe` option to avoid this warning
Pattern 374 likelihood is underflown
WARNING: Numerical underflow for lh-branch, use `-safe` option to avoid this warning
Pattern 374 likelihood is underflown
WARNING: Numerical underflow for lh-branch, use `-safe` option to avoid this warning
Pattern 491 likelihood is underflown
WARNING: Numerical underflow for lh-branch, use `-safe` option to avoid this warning
Pattern 491 likelihood is underflown
WARNING: Numerical underflow for lh-branch, use `-safe` option to avoid this warning
Pattern 491 likelihood is underflown
WARNING: Numerical underflow for lh-branch, use `-safe` option to avoid this warning
Pattern 491 likelihood is underflown
WARNING: Numerical underflow for lh-branch, use `-safe` option to avoid this warning
Pattern 491 likelihood is underflown
WARNING: Numerical underflow for lh-branch, use `-safe` option to avoid this warning
Pattern 491 likelihood is underflown
WARNING: Numerical underflow for lh-branch, use `-safe` option to avoid this warning
Pattern 491 likelihood is underflown
WARNING: Numerical underflow for lh-branch, use `-safe` option to avoid this warning
Pattern 491 likelihood is underflown
WARNING: Numerical underflow for lh-branch, use `-safe` option to avoid this warning
Pattern 491 likelihood is underflown
WARNING: Numerical underflow for lh-branch, use `-safe` option to avoid this warning
Pattern 491 likelihood is underflown
WARNING: Numerical underflow for lh-branch, use `-safe` option to avoid this warning
Pattern 491 likelihood is underflown
WARNING: Numerical underflow for lh-branch, use `-safe` option to avoid this warning
Pattern 491 likelihood is underflown
WARNING: Numerical underflow for lh-branch, use `-safe` option to avoid this warning
Pattern 491 likelihood is underflown
WARNING: Numerical underflow for lh-branch, use `-safe` option to avoid this warning
Pattern 491 likelihood is underflown
WARNING: Numerical underflow for lh-branch, use `-safe` option to avoid this warning
Pattern 491 likelihood is underflown
WARNING: Numerical underflow for lh-branch, use `-safe` option to avoid this warning
Pattern 491 likelihood is underflown
WARNING: Numerical underflow for lh-branch, use `-safe` option to avoid this warning
Pattern 491 likelihood is underflown
WARNING: Numerical underflow for lh-branch, use `-safe` option to avoid this warning
Pattern 491 likelihood is underflown
WARNING: Numerical underflow for lh-branch, use `-safe` option to avoid this warning
Pattern 491 likelihood is underflown
WARNING: Numerical underflow for lh-branch, use `-safe` option to avoid this warning
Pattern 491 likelihood is underflown
WARNING: Numerical underflow for lh-branch, use `-safe` option to avoid this warning
Pattern 491 likelihood is underflown
WARNING: Numerical underflow for lh-branch, use `-safe` option to avoid this warning
Pattern 491 likelihood is underflown
WARNING: Numerical underflow for lh-branch, use `-safe` option to avoid this warning
Pattern 491 likelihood is underflown
WARNING: Numerical underflow for lh-branch, use `-safe` option to avoid this warning
Pattern 491 likelihood is underflown
WARNING: Numerical underflow for lh-branch, use `-safe` option to avoid this warning
Pattern 491 likelihood is underflown
WARNING: Numerical underflow for lh-branch, use `-safe` option to avoid this warning
Pattern 491 likelihood is underflown
WARNING: Numerical underflow for lh-branch, use `-safe` option to avoid this warning
Pattern 491 likelihood is underflown
WARNING: Numerical underflow for lh-branch, use `-safe` option to avoid this warning
Pattern 28 likelihood is underflown
Pattern 476 likelihood is underflown
Pattern 487 likelihood is underflown
WARNING: Numerical underflow for lh-branch, use `-safe` option to avoid this warning
Pattern 28 likelihood is underflown
Pattern 476 likelihood is underflown
Pattern 487 likelihood is underflown
WARNING: Numerical underflow for lh-branch, use `-safe` option to avoid this warning
Pattern 28 likelihood is underflown
Pattern 476 likelihood is underflown
Pattern 487 likelihood is underflown
WARNING: Numerical underflow for lh-branch, use `-safe` option to avoid this warning
Pattern 28 likelihood is underflown
Pattern 476 likelihood is underflown
Pattern 487 likelihood is underflown
WARNING: Numerical underflow for lh-branch, use `-safe` option to avoid this warning
Pattern 28 likelihood is underflown
Pattern 476 likelihood is underflown
Pattern 487 likelihood is underflown
WARNING: Numerical underflow for lh-branch, use `-safe` option to avoid this warning
Pattern 28 likelihood is underflown
Pattern 476 likelihood is underflown
Pattern 487 likelihood is underflown
WARNING: Numerical underflow for lh-branch, use `-safe` option to avoid this warning
Pattern 28 likelihood is underflown
Pattern 476 likelihood is underflown
Pattern 487 likelihood is underflown
WARNING: Numerical underflow for lh-branch, use `-safe` option to avoid this warning
Pattern 28 likelihood is underflown
Pattern 476 likelihood is underflown
Pattern 487 likelihood is underflown
WARNING: Numerical underflow for lh-branch, use `-safe` option to avoid this warning
Pattern 28 likelihood is underflown
Pattern 476 likelihood is underflown
Pattern 487 likelihood is underflown
WARNING: Numerical underflow for lh-branch, use `-safe` option to avoid this warning
Pattern 383 likelihood is underflown
WARNING: Numerical underflow for lh-branch, use `-safe` option to avoid this warning
Pattern 383 likelihood is underflown
WARNING: Numerical underflow for lh-branch, use `-safe` option to avoid this warning
Pattern 383 likelihood is underflown
WARNING: Numerical underflow for lh-branch, use `-safe` option to avoid this warning
Pattern 383 likelihood is underflown
WARNING: Numerical underflow for lh-branch, use `-safe` option to avoid this warning
Pattern 383 likelihood is underflown
WARNING: Numerical underflow for lh-branch, use `-safe` option to avoid this warning
Pattern 383 likelihood is underflown
WARNING: Numerical underflow for lh-branch, use `-safe` option to avoid this warning
Pattern 383 likelihood is underflown
WARNING: Numerical underflow for lh-branch, use `-safe` option to avoid this warning
Pattern 383 likelihood is underflown
WARNING: Numerical underflow for lh-branch, use `-safe` option to avoid this warning
Pattern 383 likelihood is underflown
  6  GTR+F+R3      20383.713    341 41449.425    41471.696    43934.868
WARNING: Numerical underflow for lh-branch, use `-safe` option to avoid this warning
Pattern 245 likelihood is underflown
Pattern 253 likelihood is underflown
WARNING: Numerical underflow for lh-branch, use `-safe` option to avoid this warning
Pattern 245 likelihood is underflown
Pattern 253 likelihood is underflown
WARNING: Numerical underflow for lh-branch, use `-safe` option to avoid this warning
Pattern 245 likelihood is underflown
Pattern 253 likelihood is underflown
WARNING: Numerical underflow for lh-branch, use `-safe` option to avoid this warning
Pattern 245 likelihood is underflown
Pattern 253 likelihood is underflown
WARNING: Numerical underflow for lh-branch, use `-safe` option to avoid this warning
Pattern 245 likelihood is underflown
Pattern 253 likelihood is underflown
WARNING: Numerical underflow for lh-branch, use `-safe` option to avoid this warning
Pattern 245 likelihood is underflown
Pattern 253 likelihood is underflown
WARNING: Numerical underflow for lh-branch, use `-safe` option to avoid this warning
Pattern 245 likelihood is underflown
Pattern 253 likelihood is underflown
WARNING: Numerical underflow for lh-branch, use `-safe` option to avoid this warning
Pattern 245 likelihood is underflown
Pattern 253 likelihood is underflown
WARNING: Numerical underflow for lh-branch, use `-safe` option to avoid this warning
Pattern 245 likelihood is underflown
Pattern 253 likelihood is underflown
WARNING: Numerical underflow for lh-branch, use `-safe` option to avoid this warning
Pattern 245 likelihood is underflown
Pattern 253 likelihood is underflown
WARNING: Numerical underflow for lh-branch, use `-safe` option to avoid this warning
Pattern 245 likelihood is underflown
Pattern 253 likelihood is underflown
WARNING: Numerical underflow for lh-branch, use `-safe` option to avoid this warning
Pattern 245 likelihood is underflown
Pattern 253 likelihood is underflown
  7  GTR+F+R4      20382.981    343 41451.963    41474.499    43951.983
WARNING: Numerical underflow for lh-branch, use `-safe` option to avoid this warning
Pattern 383 likelihood is underflown
WARNING: Numerical underflow for lh-branch, use `-safe` option to avoid this warning
Pattern 383 likelihood is underflown
WARNING: Numerical underflow for lh-branch, use `-safe` option to avoid this warning
Pattern 383 likelihood is underflown
WARNING: Numerical underflow for lh-branch, use `-safe` option to avoid this warning
Pattern 383 likelihood is underflown
WARNING: Numerical underflow for lh-branch, use `-safe` option to avoid this warning
Pattern 383 likelihood is underflown
WARNING: Numerical underflow for lh-branch, use `-safe` option to avoid this warning
Pattern 383 likelihood is underflown
WARNING: Numerical underflow for lh-branch, use `-safe` option to avoid this warning
Pattern 109 likelihood is underflown
Pattern 347 likelihood is underflown
Pattern 374 likelihood is underflown
Pattern 487 likelihood is underflown
WARNING: Numerical underflow for lh-branch, use `-safe` option to avoid this warning
Pattern 109 likelihood is underflown
Pattern 347 likelihood is underflown
Pattern 374 likelihood is underflown
Pattern 487 likelihood is underflown
WARNING: Numerical underflow for lh-branch, use `-safe` option to avoid this warning
Pattern 109 likelihood is underflown
Pattern 347 likelihood is underflown
Pattern 374 likelihood is underflown
Pattern 487 likelihood is underflown
WARNING: Numerical underflow for lh-branch, use `-safe` option to avoid this warning
Pattern 109 likelihood is underflown
Pattern 347 likelihood is underflown
Pattern 374 likelihood is underflown
Pattern 487 likelihood is underflown
WARNING: Numerical underflow for lh-branch, use `-safe` option to avoid this warning
Pattern 109 likelihood is underflown
Pattern 347 likelihood is underflown
Pattern 374 likelihood is underflown
Pattern 487 likelihood is underflown
WARNING: Numerical underflow for lh-branch, use `-safe` option to avoid this warning
Pattern 109 likelihood is underflown
Pattern 347 likelihood is underflown
Pattern 374 likelihood is underflown
Pattern 487 likelihood is underflown
WARNING: Numerical underflow for lh-branch, use `-safe` option to avoid this warning
Pattern 277 likelihood is underflown
Pattern 371 likelihood is underflown
WARNING: Numerical underflow for lh-branch, use `-safe` option to avoid this warning
Pattern 277 likelihood is underflown
Pattern 371 likelihood is underflown
WARNING: Numerical underflow for lh-branch, use `-safe` option to avoid this warning
Pattern 277 likelihood is underflown
Pattern 371 likelihood is underflown
WARNING: Numerical underflow for lh-branch, use `-safe` option to avoid this warning
Pattern 277 likelihood is underflown
Pattern 371 likelihood is underflown
WARNING: Numerical underflow for lh-branch, use `-safe` option to avoid this warning
Pattern 277 likelihood is underflown
Pattern 371 likelihood is underflown
WARNING: Numerical underflow for lh-branch, use `-safe` option to avoid this warning
Pattern 277 likelihood is underflown
Pattern 371 likelihood is underflown
WARNING: Numerical underflow for lh-branch, use `-safe` option to avoid this warning
Pattern 215 likelihood is underflown
WARNING: Numerical underflow for lh-branch, use `-safe` option to avoid this warning
Pattern 215 likelihood is underflown
WARNING: Numerical underflow for lh-branch, use `-safe` option to avoid this warning
Pattern 215 likelihood is underflown
WARNING: Numerical underflow for lh-branch, use `-safe` option to avoid this warning
Pattern 215 likelihood is underflown
WARNING: Numerical underflow for lh-branch, use `-safe` option to avoid this warning
Pattern 215 likelihood is underflown
WARNING: Numerical underflow for lh-branch, use `-safe` option to avoid this warning
Pattern 215 likelihood is underflown
WARNING: Numerical underflow for lh-branch, use `-safe` option to avoid this warning
Pattern 487 likelihood is underflown
WARNING: Numerical underflow for lh-branch, use `-safe` option to avoid this warning
Pattern 487 likelihood is underflown
WARNING: Numerical underflow for lh-branch, use `-safe` option to avoid this warning
Pattern 487 likelihood is underflown
WARNING: Numerical underflow for lh-branch, use `-safe` option to avoid this warning
Pattern 487 likelihood is underflown
WARNING: Numerical underflow for lh-branch, use `-safe` option to avoid this warning
Pattern 487 likelihood is underflown
WARNING: Numerical underflow for lh-branch, use `-safe` option to avoid this warning
Pattern 487 likelihood is underflown
WARNING: Numerical underflow for lh-branch, use `-safe` option to avoid this warning
Pattern 383 likelihood is underflown
Pattern 476 likelihood is underflown
Pattern 491 likelihood is underflown
WARNING: Numerical underflow for lh-branch, use `-safe` option to avoid this warning
Pattern 383 likelihood is underflown
Pattern 476 likelihood is underflown
Pattern 491 likelihood is underflown
WARNING: Numerical underflow for lh-branch, use `-safe` option to avoid this warning
Pattern 383 likelihood is underflown
Pattern 476 likelihood is underflown
Pattern 491 likelihood is underflown
WARNING: Numerical underflow for lh-branch, use `-safe` option to avoid this warning
Pattern 383 likelihood is underflown
Pattern 476 likelihood is underflown
Pattern 491 likelihood is underflown
WARNING: Numerical underflow for lh-branch, use `-safe` option to avoid this warning
Pattern 383 likelihood is underflown
Pattern 476 likelihood is underflown
Pattern 491 likelihood is underflown
WARNING: Numerical underflow for lh-branch, use `-safe` option to avoid this warning
Pattern 383 likelihood is underflown
Pattern 476 likelihood is underflown
Pattern 491 likelihood is underflown
WARNING: Numerical underflow for lh-branch, use `-safe` option to avoid this warning
Pattern 374 likelihood is underflown
WARNING: Numerical underflow for lh-branch, use `-safe` option to avoid this warning
Pattern 374 likelihood is underflown
WARNING: Numerical underflow for lh-branch, use `-safe` option to avoid this warning
Pattern 374 likelihood is underflown
WARNING: Numerical underflow for lh-branch, use `-safe` option to avoid this warning
Pattern 374 likelihood is underflown
WARNING: Numerical underflow for lh-branch, use `-safe` option to avoid this warning
Pattern 374 likelihood is underflown
WARNING: Numerical underflow for lh-branch, use `-safe` option to avoid this warning
Pattern 374 likelihood is underflown
WARNING: Numerical underflow for lh-branch, use `-safe` option to avoid this warning
Pattern 109 likelihood is underflown
Pattern 347 likelihood is underflown
Pattern 442 likelihood is underflown
Pattern 487 likelihood is underflown
WARNING: Numerical underflow for lh-branch, use `-safe` option to avoid this warning
Pattern 109 likelihood is underflown
Pattern 347 likelihood is underflown
Pattern 442 likelihood is underflown
Pattern 487 likelihood is underflown
WARNING: Numerical underflow for lh-branch, use `-safe` option to avoid this warning
Pattern 109 likelihood is underflown
Pattern 347 likelihood is underflown
Pattern 442 likelihood is underflown
Pattern 487 likelihood is underflown
WARNING: Numerical underflow for lh-branch, use `-safe` option to avoid this warning
Pattern 109 likelihood is underflown
Pattern 347 likelihood is underflown
Pattern 442 likelihood is underflown
Pattern 487 likelihood is underflown
WARNING: Numerical underflow for lh-branch, use `-safe` option to avoid this warning
Pattern 109 likelihood is underflown
Pattern 347 likelihood is underflown
Pattern 442 likelihood is underflown
Pattern 487 likelihood is underflown
WARNING: Numerical underflow for lh-branch, use `-safe` option to avoid this warning
Pattern 109 likelihood is underflown
Pattern 347 likelihood is underflown
Pattern 442 likelihood is underflown
Pattern 487 likelihood is underflown
 14  GTR+F+I+R2    20589.259    340 41858.518    41880.657    44336.672
WARNING: Numerical underflow for lh-branch, use `-safe` option to avoid this warning
Pattern 491 likelihood is underflown
WARNING: Numerical underflow for lh-branch, use `-safe` option to avoid this warning
Pattern 491 likelihood is underflown
WARNING: Numerical underflow for lh-branch, use `-safe` option to avoid this warning
Pattern 491 likelihood is underflown
WARNING: Numerical underflow for lh-branch, use `-safe` option to avoid this warning
Pattern 491 likelihood is underflown
WARNING: Numerical underflow for lh-branch, use `-safe` option to avoid this warning
Pattern 491 likelihood is underflown
WARNING: Numerical underflow for lh-branch, use `-safe` option to avoid this warning
Pattern 491 likelihood is underflown
WARNING: Numerical underflow for lh-branch, use `-safe` option to avoid this warning
Pattern 491 likelihood is underflown
WARNING: Numerical underflow for lh-branch, use `-safe` option to avoid this warning
Pattern 491 likelihood is underflown
WARNING: Numerical underflow for lh-branch, use `-safe` option to avoid this warning
Pattern 491 likelihood is underflown
WARNING: Numerical underflow for lh-branch, use `-safe` option to avoid this warning
Pattern 252 likelihood is underflown
Pattern 438 likelihood is underflown
Pattern 491 likelihood is underflown
Pattern 493 likelihood is underflown
WARNING: Numerical underflow for lh-branch, use `-safe` option to avoid this warning
Pattern 252 likelihood is underflown
Pattern 438 likelihood is underflown
Pattern 491 likelihood is underflown
Pattern 493 likelihood is underflown
WARNING: Numerical underflow for lh-branch, use `-safe` option to avoid this warning
Pattern 252 likelihood is underflown
Pattern 438 likelihood is underflown
Pattern 491 likelihood is underflown
Pattern 493 likelihood is underflown
WARNING: Numerical underflow for lh-branch, use `-safe` option to avoid this warning
Pattern 252 likelihood is underflown
Pattern 438 likelihood is underflown
Pattern 491 likelihood is underflown
Pattern 493 likelihood is underflown
WARNING: Numerical underflow for lh-branch, use `-safe` option to avoid this warning
Pattern 252 likelihood is underflown
Pattern 438 likelihood is underflown
Pattern 491 likelihood is underflown
Pattern 493 likelihood is underflown
WARNING: Numerical underflow for lh-branch, use `-safe` option to avoid this warning
Pattern 252 likelihood is underflown
Pattern 438 likelihood is underflown
Pattern 491 likelihood is underflown
Pattern 493 likelihood is underflown
WARNING: Numerical underflow for lh-branch, use `-safe` option to avoid this warning
Pattern 252 likelihood is underflown
Pattern 438 likelihood is underflown
Pattern 491 likelihood is underflown
Pattern 493 likelihood is underflown
WARNING: Numerical underflow for lh-branch, use `-safe` option to avoid this warning
Pattern 252 likelihood is underflown
Pattern 438 likelihood is underflown
Pattern 491 likelihood is underflown
Pattern 493 likelihood is underflown
WARNING: Numerical underflow for lh-branch, use `-safe` option to avoid this warning
Pattern 252 likelihood is underflown
Pattern 438 likelihood is underflown
Pattern 491 likelihood is underflown
Pattern 493 likelihood is underflown
WARNING: Numerical underflow for lh-branch, use `-safe` option to avoid this warning
Pattern 491 likelihood is underflown
WARNING: Numerical underflow for lh-branch, use `-safe` option to avoid this warning
Pattern 491 likelihood is underflown
WARNING: Numerical underflow for lh-branch, use `-safe` option to avoid this warning
Pattern 491 likelihood is underflown
WARNING: Numerical underflow for lh-branch, use `-safe` option to avoid this warning
Pattern 491 likelihood is underflown
WARNING: Numerical underflow for lh-branch, use `-safe` option to avoid this warning
Pattern 491 likelihood is underflown
WARNING: Numerical underflow for lh-branch, use `-safe` option to avoid this warning
Pattern 491 likelihood is underflown
WARNING: Numerical underflow for lh-branch, use `-safe` option to avoid this warning
Pattern 491 likelihood is underflown
WARNING: Numerical underflow for lh-branch, use `-safe` option to avoid this warning
Pattern 491 likelihood is underflown
WARNING: Numerical underflow for lh-branch, use `-safe` option to avoid this warning
Pattern 491 likelihood is underflown
WARNING: Numerical underflow for lh-branch, use `-safe` option to avoid this warning
Pattern 39 likelihood is underflown
Pattern 73 likelihood is underflown
Pattern 85 likelihood is underflown
Pattern 109 likelihood is underflown
Pattern 154 likelihood is underflown
Pattern 177 likelihood is underflown
Pattern 245 likelihood is underflown
Pattern 253 likelihood is underflown
Pattern 305 likelihood is underflown
Pattern 400 likelihood is underflown
Pattern 444 likelihood is underflown
Pattern 487 likelihood is underflown
WARNING: Numerical underflow for lh-branch, use `-safe` option to avoid this warning
Pattern 39 likelihood is underflown
Pattern 73 likelihood is underflown
Pattern 85 likelihood is underflown
Pattern 109 likelihood is underflown
Pattern 154 likelihood is underflown
Pattern 177 likelihood is underflown
Pattern 245 likelihood is underflown
Pattern 253 likelihood is underflown
Pattern 305 likelihood is underflown
Pattern 400 likelihood is underflown
Pattern 444 likelihood is underflown
Pattern 487 likelihood is underflown
WARNING: Numerical underflow for lh-branch, use `-safe` option to avoid this warning
Pattern 39 likelihood is underflown
Pattern 73 likelihood is underflown
Pattern 85 likelihood is underflown
Pattern 109 likelihood is underflown
Pattern 154 likelihood is underflown
Pattern 177 likelihood is underflown
Pattern 245 likelihood is underflown
Pattern 253 likelihood is underflown
Pattern 305 likelihood is underflown
Pattern 400 likelihood is underflown
Pattern 444 likelihood is underflown
Pattern 487 likelihood is underflown
WARNING: Numerical underflow for lh-branch, use `-safe` option to avoid this warning
Pattern 39 likelihood is underflown
Pattern 73 likelihood is underflown
Pattern 85 likelihood is underflown
Pattern 109 likelihood is underflown
Pattern 154 likelihood is underflown
Pattern 177 likelihood is underflown
Pattern 245 likelihood is underflown
Pattern 253 likelihood is underflown
Pattern 305 likelihood is underflown
Pattern 400 likelihood is underflown
Pattern 444 likelihood is underflown
Pattern 487 likelihood is underflown
WARNING: Numerical underflow for lh-branch, use `-safe` option to avoid this warning
Pattern 39 likelihood is underflown
Pattern 73 likelihood is underflown
Pattern 85 likelihood is underflown
Pattern 109 likelihood is underflown
Pattern 154 likelihood is underflown
Pattern 177 likelihood is underflown
Pattern 245 likelihood is underflown
Pattern 253 likelihood is underflown
Pattern 305 likelihood is underflown
Pattern 400 likelihood is underflown
Pattern 444 likelihood is underflown
Pattern 487 likelihood is underflown
WARNING: Numerical underflow for lh-branch, use `-safe` option to avoid this warning
Pattern 39 likelihood is underflown
Pattern 73 likelihood is underflown
Pattern 85 likelihood is underflown
Pattern 109 likelihood is underflown
Pattern 154 likelihood is underflown
Pattern 177 likelihood is underflown
Pattern 245 likelihood is underflown
Pattern 253 likelihood is underflown
Pattern 305 likelihood is underflown
Pattern 400 likelihood is underflown
Pattern 444 likelihood is underflown
Pattern 487 likelihood is underflown
WARNING: Numerical underflow for lh-branch, use `-safe` option to avoid this warning
Pattern 39 likelihood is underflown
Pattern 73 likelihood is underflown
Pattern 85 likelihood is underflown
Pattern 109 likelihood is underflown
Pattern 154 likelihood is underflown
Pattern 177 likelihood is underflown
Pattern 245 likelihood is underflown
Pattern 253 likelihood is underflown
Pattern 305 likelihood is underflown
Pattern 400 likelihood is underflown
Pattern 444 likelihood is underflown
Pattern 487 likelihood is underflown
WARNING: Numerical underflow for lh-branch, use `-safe` option to avoid this warning
Pattern 39 likelihood is underflown
Pattern 73 likelihood is underflown
Pattern 85 likelihood is underflown
Pattern 109 likelihood is underflown
Pattern 154 likelihood is underflown
Pattern 177 likelihood is underflown
Pattern 245 likelihood is underflown
Pattern 253 likelihood is underflown
Pattern 305 likelihood is underflown
Pattern 400 likelihood is underflown
Pattern 444 likelihood is underflown
Pattern 487 likelihood is underflown
WARNING: Numerical underflow for lh-branch, use `-safe` option to avoid this warning
Pattern 39 likelihood is underflown
Pattern 73 likelihood is underflown
Pattern 85 likelihood is underflown
Pattern 109 likelihood is underflown
Pattern 154 likelihood is underflown
Pattern 177 likelihood is underflown
Pattern 245 likelihood is underflown
Pattern 253 likelihood is underflown
Pattern 305 likelihood is underflown
Pattern 400 likelihood is underflown
Pattern 444 likelihood is underflown
Pattern 487 likelihood is underflown
WARNING: Numerical underflow for lh-branch, use `-safe` option to avoid this warning
Pattern 106 likelihood is underflown
Pattern 215 likelihood is underflown
Pattern 374 likelihood is underflown
Pattern 476 likelihood is underflown
Pattern 491 likelihood is underflown
WARNING: Numerical underflow for lh-branch, use `-safe` option to avoid this warning
Pattern 106 likelihood is underflown
Pattern 215 likelihood is underflown
Pattern 374 likelihood is underflown
Pattern 476 likelihood is underflown
Pattern 491 likelihood is underflown
WARNING: Numerical underflow for lh-branch, use `-safe` option to avoid this warning
Pattern 106 likelihood is underflown
Pattern 215 likelihood is underflown
Pattern 374 likelihood is underflown
Pattern 476 likelihood is underflown
Pattern 491 likelihood is underflown
WARNING: Numerical underflow for lh-branch, use `-safe` option to avoid this warning
Pattern 106 likelihood is underflown
Pattern 215 likelihood is underflown
Pattern 374 likelihood is underflown
Pattern 476 likelihood is underflown
Pattern 491 likelihood is underflown
WARNING: Numerical underflow for lh-branch, use `-safe` option to avoid this warning
Pattern 106 likelihood is underflown
Pattern 215 likelihood is underflown
Pattern 374 likelihood is underflown
Pattern 476 likelihood is underflown
Pattern 491 likelihood is underflown
WARNING: Numerical underflow for lh-branch, use `-safe` option to avoid this warning
Pattern 106 likelihood is underflown
Pattern 215 likelihood is underflown
Pattern 374 likelihood is underflown
Pattern 476 likelihood is underflown
Pattern 491 likelihood is underflown
WARNING: Numerical underflow for lh-branch, use `-safe` option to avoid this warning
Pattern 106 likelihood is underflown
Pattern 215 likelihood is underflown
Pattern 374 likelihood is underflown
Pattern 476 likelihood is underflown
Pattern 491 likelihood is underflown
WARNING: Numerical underflow for lh-branch, use `-safe` option to avoid this warning
Pattern 106 likelihood is underflown
Pattern 215 likelihood is underflown
Pattern 374 likelihood is underflown
Pattern 476 likelihood is underflown
Pattern 491 likelihood is underflown
WARNING: Numerical underflow for lh-branch, use `-safe` option to avoid this warning
Pattern 106 likelihood is underflown
Pattern 215 likelihood is underflown
Pattern 374 likelihood is underflown
Pattern 476 likelihood is underflown
Pattern 491 likelihood is underflown
WARNING: Numerical underflow for lh-branch, use `-safe` option to avoid this warning
Pattern 487 likelihood is underflown
WARNING: Numerical underflow for lh-branch, use `-safe` option to avoid this warning
Pattern 487 likelihood is underflown
WARNING: Numerical underflow for lh-branch, use `-safe` option to avoid this warning
Pattern 487 likelihood is underflown
WARNING: Numerical underflow for lh-branch, use `-safe` option to avoid this warning
Pattern 487 likelihood is underflown
WARNING: Numerical underflow for lh-branch, use `-safe` option to avoid this warning
Pattern 487 likelihood is underflown
WARNING: Numerical underflow for lh-branch, use `-safe` option to avoid this warning
Pattern 487 likelihood is underflown
WARNING: Numerical underflow for lh-branch, use `-safe` option to avoid this warning
Pattern 487 likelihood is underflown
WARNING: Numerical underflow for lh-branch, use `-safe` option to avoid this warning
Pattern 487 likelihood is underflown
WARNING: Numerical underflow for lh-branch, use `-safe` option to avoid this warning
Pattern 487 likelihood is underflown
WARNING: Numerical underflow for lh-branch, use `-safe` option to avoid this warning
Pattern 215 likelihood is underflown
Pattern 511 likelihood is underflown
WARNING: Numerical underflow for lh-branch, use `-safe` option to avoid this warning
Pattern 215 likelihood is underflown
Pattern 511 likelihood is underflown
WARNING: Numerical underflow for lh-branch, use `-safe` option to avoid this warning
Pattern 215 likelihood is underflown
Pattern 511 likelihood is underflown
WARNING: Numerical underflow for lh-branch, use `-safe` option to avoid this warning
Pattern 215 likelihood is underflown
Pattern 511 likelihood is underflown
WARNING: Numerical underflow for lh-branch, use `-safe` option to avoid this warning
Pattern 215 likelihood is underflown
Pattern 511 likelihood is underflown
WARNING: Numerical underflow for lh-branch, use `-safe` option to avoid this warning
Pattern 215 likelihood is underflown
Pattern 511 likelihood is underflown
WARNING: Numerical underflow for lh-branch, use `-safe` option to avoid this warning
Pattern 215 likelihood is underflown
Pattern 511 likelihood is underflown
WARNING: Numerical underflow for lh-branch, use `-safe` option to avoid this warning
Pattern 215 likelihood is underflown
Pattern 511 likelihood is underflown
WARNING: Numerical underflow for lh-branch, use `-safe` option to avoid this warning
Pattern 215 likelihood is underflown
Pattern 511 likelihood is underflown
WARNING: Numerical underflow for lh-branch, use `-safe` option to avoid this warning
Pattern 374 likelihood is underflown
WARNING: Numerical underflow for lh-branch, use `-safe` option to avoid this warning
Pattern 374 likelihood is underflown
WARNING: Numerical underflow for lh-branch, use `-safe` option to avoid this warning
Pattern 374 likelihood is underflown
WARNING: Numerical underflow for lh-branch, use `-safe` option to avoid this warning
Pattern 374 likelihood is underflown
WARNING: Numerical underflow for lh-branch, use `-safe` option to avoid this warning
Pattern 374 likelihood is underflown
WARNING: Numerical underflow for lh-branch, use `-safe` option to avoid this warning
Pattern 374 likelihood is underflown
WARNING: Numerical underflow for lh-branch, use `-safe` option to avoid this warning
Pattern 374 likelihood is underflown
WARNING: Numerical underflow for lh-branch, use `-safe` option to avoid this warning
Pattern 374 likelihood is underflown
WARNING: Numerical underflow for lh-branch, use `-safe` option to avoid this warning
Pattern 374 likelihood is underflown
 15  GTR+F+I+R3    20382.761    342 41449.522    41471.926    43942.254
WARNING: Numerical underflow for lh-branch, use `-safe` option to avoid this warning
Pattern 442 likelihood is underflown
WARNING: Numerical underflow for lh-branch, use `-safe` option to avoid this warning
Pattern 442 likelihood is underflown
WARNING: Numerical underflow for lh-branch, use `-safe` option to avoid this warning
Pattern 442 likelihood is underflown
WARNING: Numerical underflow for lh-branch, use `-safe` option to avoid this warning
Pattern 442 likelihood is underflown
WARNING: Numerical underflow for lh-branch, use `-safe` option to avoid this warning
Pattern 442 likelihood is underflown
WARNING: Numerical underflow for lh-branch, use `-safe` option to avoid this warning
Pattern 442 likelihood is underflown
WARNING: Numerical underflow for lh-branch, use `-safe` option to avoid this warning
Pattern 442 likelihood is underflown
WARNING: Numerical underflow for lh-branch, use `-safe` option to avoid this warning
Pattern 442 likelihood is underflown
WARNING: Numerical underflow for lh-branch, use `-safe` option to avoid this warning
Pattern 442 likelihood is underflown
WARNING: Numerical underflow for lh-branch, use `-safe` option to avoid this warning
Pattern 442 likelihood is underflown
WARNING: Numerical underflow for lh-branch, use `-safe` option to avoid this warning
Pattern 442 likelihood is underflown
WARNING: Numerical underflow for lh-branch, use `-safe` option to avoid this warning
Pattern 442 likelihood is underflown
WARNING: Numerical underflow for lh-branch, use `-safe` option to avoid this warning
Pattern 6 likelihood is underflown
Pattern 108 likelihood is underflown
Pattern 109 likelihood is underflown
Pattern 215 likelihood is underflown
Pattern 252 likelihood is underflown
WARNING: Numerical underflow for lh-branch, use `-safe` option to avoid this warning
Pattern 6 likelihood is underflown
Pattern 108 likelihood is underflown
Pattern 109 likelihood is underflown
Pattern 215 likelihood is underflown
Pattern 252 likelihood is underflown
WARNING: Numerical underflow for lh-branch, use `-safe` option to avoid this warning
Pattern 6 likelihood is underflown
Pattern 108 likelihood is underflown
Pattern 109 likelihood is underflown
Pattern 215 likelihood is underflown
Pattern 252 likelihood is underflown
WARNING: Numerical underflow for lh-branch, use `-safe` option to avoid this warning
Pattern 6 likelihood is underflown
Pattern 108 likelihood is underflown
Pattern 109 likelihood is underflown
Pattern 215 likelihood is underflown
Pattern 252 likelihood is underflown
WARNING: Numerical underflow for lh-branch, use `-safe` option to avoid this warning
Pattern 6 likelihood is underflown
Pattern 108 likelihood is underflown
Pattern 109 likelihood is underflown
Pattern 215 likelihood is underflown
Pattern 252 likelihood is underflown
WARNING: Numerical underflow for lh-branch, use `-safe` option to avoid this warning
Pattern 6 likelihood is underflown
Pattern 108 likelihood is underflown
Pattern 109 likelihood is underflown
Pattern 215 likelihood is underflown
Pattern 252 likelihood is underflown
WARNING: Numerical underflow for lh-branch, use `-safe` option to avoid this warning
Pattern 6 likelihood is underflown
Pattern 108 likelihood is underflown
Pattern 109 likelihood is underflown
Pattern 215 likelihood is underflown
Pattern 252 likelihood is underflown
WARNING: Numerical underflow for lh-branch, use `-safe` option to avoid this warning
Pattern 6 likelihood is underflown
Pattern 108 likelihood is underflown
Pattern 109 likelihood is underflown
Pattern 215 likelihood is underflown
Pattern 252 likelihood is underflown
WARNING: Numerical underflow for lh-branch, use `-safe` option to avoid this warning
Pattern 6 likelihood is underflown
Pattern 108 likelihood is underflown
Pattern 109 likelihood is underflown
Pattern 215 likelihood is underflown
Pattern 252 likelihood is underflown
WARNING: Numerical underflow for lh-branch, use `-safe` option to avoid this warning
Pattern 6 likelihood is underflown
Pattern 108 likelihood is underflown
Pattern 109 likelihood is underflown
Pattern 215 likelihood is underflown
Pattern 252 likelihood is underflown
WARNING: Numerical underflow for lh-branch, use `-safe` option to avoid this warning
Pattern 6 likelihood is underflown
Pattern 108 likelihood is underflown
Pattern 109 likelihood is underflown
Pattern 215 likelihood is underflown
Pattern 252 likelihood is underflown
WARNING: Numerical underflow for lh-branch, use `-safe` option to avoid this warning
Pattern 6 likelihood is underflown
Pattern 108 likelihood is underflown
Pattern 109 likelihood is underflown
Pattern 215 likelihood is underflown
Pattern 252 likelihood is underflown
WARNING: Numerical underflow for lh-branch, use `-safe` option to avoid this warning
Pattern 374 likelihood is underflown
WARNING: Numerical underflow for lh-branch, use `-safe` option to avoid this warning
Pattern 374 likelihood is underflown
WARNING: Numerical underflow for lh-branch, use `-safe` option to avoid this warning
Pattern 374 likelihood is underflown
WARNING: Numerical underflow for lh-branch, use `-safe` option to avoid this warning
Pattern 374 likelihood is underflown
WARNING: Numerical underflow for lh-branch, use `-safe` option to avoid this warning
Pattern 374 likelihood is underflown
WARNING: Numerical underflow for lh-branch, use `-safe` option to avoid this warning
Pattern 374 likelihood is underflown
WARNING: Numerical underflow for lh-branch, use `-safe` option to avoid this warning
Pattern 374 likelihood is underflown
WARNING: Numerical underflow for lh-branch, use `-safe` option to avoid this warning
Pattern 374 likelihood is underflown
WARNING: Numerical underflow for lh-branch, use `-safe` option to avoid this warning
Pattern 374 likelihood is underflown
WARNING: Numerical underflow for lh-branch, use `-safe` option to avoid this warning
Pattern 374 likelihood is underflown
WARNING: Numerical underflow for lh-branch, use `-safe` option to avoid this warning
Pattern 374 likelihood is underflown
WARNING: Numerical underflow for lh-branch, use `-safe` option to avoid this warning
Pattern 374 likelihood is underflown
+I+R4 reinitialized from +I+R3 with factor 0.500
WARNING: Numerical underflow for lh-branch, use `-safe` option to avoid this warning
Pattern 374 likelihood is underflown
Pattern 410 likelihood is underflown
WARNING: Numerical underflow for lh-branch, use `-safe` option to avoid this warning
Pattern 374 likelihood is underflown
Pattern 410 likelihood is underflown
WARNING: Numerical underflow for lh-branch, use `-safe` option to avoid this warning
Pattern 374 likelihood is underflown
Pattern 410 likelihood is underflown
WARNING: Numerical underflow for lh-branch, use `-safe` option to avoid this warning
Pattern 374 likelihood is underflown
Pattern 410 likelihood is underflown
WARNING: Numerical underflow for lh-branch, use `-safe` option to avoid this warning
Pattern 374 likelihood is underflown
Pattern 410 likelihood is underflown
WARNING: Numerical underflow for lh-branch, use `-safe` option to avoid this warning
Pattern 374 likelihood is underflown
Pattern 410 likelihood is underflown
WARNING: Numerical underflow for lh-branch, use `-safe` option to avoid this warning
Pattern 374 likelihood is underflown
Pattern 410 likelihood is underflown
WARNING: Numerical underflow for lh-branch, use `-safe` option to avoid this warning
Pattern 374 likelihood is underflown
Pattern 410 likelihood is underflown
WARNING: Numerical underflow for lh-branch, use `-safe` option to avoid this warning
Pattern 374 likelihood is underflown
Pattern 410 likelihood is underflown
WARNING: Numerical underflow for lh-branch, use `-safe` option to avoid this warning
Pattern 374 likelihood is underflown
Pattern 410 likelihood is underflown
WARNING: Numerical underflow for lh-branch, use `-safe` option to avoid this warning
Pattern 374 likelihood is underflown
Pattern 410 likelihood is underflown
WARNING: Numerical underflow for lh-branch, use `-safe` option to avoid this warning
Pattern 374 likelihood is underflown
Pattern 410 likelihood is underflown
+I+R4 reinitialized from +I+R3 with factor 0.250
+I+R4 reinitialized from +I+R3 with factor 0.125
WARNING: Numerical underflow for lh-branch, use `-safe` option to avoid this warning
Pattern 277 likelihood is underflown
WARNING: Numerical underflow for lh-branch, use `-safe` option to avoid this warning
Pattern 277 likelihood is underflown
WARNING: Numerical underflow for lh-branch, use `-safe` option to avoid this warning
Pattern 277 likelihood is underflown
WARNING: Numerical underflow for lh-branch, use `-safe` option to avoid this warning
Pattern 277 likelihood is underflown
WARNING: Numerical underflow for lh-branch, use `-safe` option to avoid this warning
Pattern 277 likelihood is underflown
WARNING: Numerical underflow for lh-branch, use `-safe` option to avoid this warning
Pattern 277 likelihood is underflown
WARNING: Numerical underflow for lh-branch, use `-safe` option to avoid this warning
Pattern 277 likelihood is underflown
WARNING: Numerical underflow for lh-branch, use `-safe` option to avoid this warning
Pattern 277 likelihood is underflown
WARNING: Numerical underflow for lh-branch, use `-safe` option to avoid this warning
Pattern 277 likelihood is underflown
WARNING: Numerical underflow for lh-branch, use `-safe` option to avoid this warning
Pattern 277 likelihood is underflown
WARNING: Numerical underflow for lh-branch, use `-safe` option to avoid this warning
Pattern 277 likelihood is underflown
WARNING: Numerical underflow for lh-branch, use `-safe` option to avoid this warning
Pattern 277 likelihood is underflown
+I+R4 reinitialized from +I+R3 with factor 0.062
+I+R4 reinitialized from +I+R3 with factor 0.031
 16  GTR+F+I+R4    20383.242    344 41454.484    41477.155    43961.793
WARNING: Numerical underflow for lh-branch, use `-safe` option to avoid this warning
Pattern 215 likelihood is underflown
Pattern 491 likelihood is underflown
WARNING: Numerical underflow for lh-branch, use `-safe` option to avoid this warning
Pattern 215 likelihood is underflown
Pattern 491 likelihood is underflown
WARNING: Numerical underflow for lh-branch, use `-safe` option to avoid this warning
Pattern 215 likelihood is underflown
Pattern 491 likelihood is underflown
WARNING: Numerical underflow for lh-branch, use `-safe` option to avoid this warning
Pattern 215 likelihood is underflown
Pattern 491 likelihood is underflown
WARNING: Numerical underflow for lh-branch, use `-safe` option to avoid this warning
Pattern 215 likelihood is underflown
Pattern 491 likelihood is underflown
WARNING: Numerical underflow for lh-branch, use `-safe` option to avoid this warning
Pattern 215 likelihood is underflown
Pattern 491 likelihood is underflown
WARNING: Numerical underflow for lh-branch, use `-safe` option to avoid this warning
Pattern 215 likelihood is underflown
Pattern 491 likelihood is underflown
WARNING: Numerical underflow for lh-branch, use `-safe` option to avoid this warning
Pattern 215 likelihood is underflown
Pattern 491 likelihood is underflown
WARNING: Numerical underflow for lh-branch, use `-safe` option to avoid this warning
Pattern 215 likelihood is underflown
Pattern 491 likelihood is underflown
 28  SYM+R3        20441.064    338 41558.128    41580.003    44021.705
WARNING: Numerical underflow for lh-branch, use `-safe` option to avoid this warning
Pattern 68 likelihood is underflown
Pattern 109 likelihood is underflown
Pattern 340 likelihood is underflown
Pattern 487 likelihood is underflown
WARNING: Numerical underflow for lh-branch, use `-safe` option to avoid this warning
Pattern 68 likelihood is underflown
Pattern 109 likelihood is underflown
Pattern 340 likelihood is underflown
Pattern 487 likelihood is underflown
WARNING: Numerical underflow for lh-branch, use `-safe` option to avoid this warning
Pattern 68 likelihood is underflown
Pattern 109 likelihood is underflown
Pattern 340 likelihood is underflown
Pattern 487 likelihood is underflown
WARNING: Numerical underflow for lh-branch, use `-safe` option to avoid this warning
Pattern 68 likelihood is underflown
Pattern 109 likelihood is underflown
Pattern 340 likelihood is underflown
Pattern 487 likelihood is underflown
WARNING: Numerical underflow for lh-branch, use `-safe` option to avoid this warning
Pattern 68 likelihood is underflown
Pattern 109 likelihood is underflown
Pattern 340 likelihood is underflown
Pattern 487 likelihood is underflown
WARNING: Numerical underflow for lh-branch, use `-safe` option to avoid this warning
Pattern 68 likelihood is underflown
Pattern 109 likelihood is underflown
Pattern 340 likelihood is underflown
Pattern 487 likelihood is underflown
WARNING: Numerical underflow for lh-branch, use `-safe` option to avoid this warning
Pattern 68 likelihood is underflown
Pattern 109 likelihood is underflown
Pattern 340 likelihood is underflown
Pattern 487 likelihood is underflown
WARNING: Numerical underflow for lh-branch, use `-safe` option to avoid this warning
Pattern 68 likelihood is underflown
Pattern 109 likelihood is underflown
Pattern 340 likelihood is underflown
Pattern 487 likelihood is underflown
WARNING: Numerical underflow for lh-branch, use `-safe` option to avoid this warning
Pattern 68 likelihood is underflown
Pattern 109 likelihood is underflown
Pattern 340 likelihood is underflown
Pattern 487 likelihood is underflown
 37  SYM+I+R3      20439.999    339 41557.998    41580.005    44028.864
WARNING: Numerical underflow for lh-branch, use `-safe` option to avoid this warning
Pattern 6 likelihood is underflown
Pattern 8 likelihood is underflown
Pattern 11 likelihood is underflown
Pattern 18 likelihood is underflown
Pattern 68 likelihood is underflown
Pattern 83 likelihood is underflown
Pattern 86 likelihood is underflown
Pattern 108 likelihood is underflown
Pattern 118 likelihood is underflown
Pattern 120 likelihood is underflown
Pattern 125 likelihood is underflown
Pattern 150 likelihood is underflown
Pattern 165 likelihood is underflown
Pattern 318 likelihood is underflown
Pattern 381 likelihood is underflown
Pattern 386 likelihood is underflown
Pattern 405 likelihood is underflown
Pattern 406 likelihood is underflown
Pattern 426 likelihood is underflown
Pattern 441 likelihood is underflown
Pattern 442 likelihood is underflown
Pattern 443 likelihood is underflown
Pattern 447 likelihood is underflown
Pattern 458 likelihood is underflown
Pattern 462 likelihood is underflown
Pattern 463 likelihood is underflown
Pattern 467 likelihood is underflown
Pattern 488 likelihood is underflown
Pattern 501 likelihood is underflown
WARNING: Numerical underflow for lh-branch, use `-safe` option to avoid this warning
Pattern 6 likelihood is underflown
Pattern 8 likelihood is underflown
Pattern 11 likelihood is underflown
Pattern 18 likelihood is underflown
Pattern 68 likelihood is underflown
Pattern 83 likelihood is underflown
Pattern 86 likelihood is underflown
Pattern 108 likelihood is underflown
Pattern 118 likelihood is underflown
Pattern 120 likelihood is underflown
Pattern 125 likelihood is underflown
Pattern 150 likelihood is underflown
Pattern 165 likelihood is underflown
Pattern 318 likelihood is underflown
Pattern 381 likelihood is underflown
Pattern 386 likelihood is underflown
Pattern 405 likelihood is underflown
Pattern 406 likelihood is underflown
Pattern 426 likelihood is underflown
Pattern 441 likelihood is underflown
Pattern 442 likelihood is underflown
Pattern 443 likelihood is underflown
Pattern 447 likelihood is underflown
Pattern 458 likelihood is underflown
Pattern 462 likelihood is underflown
Pattern 463 likelihood is underflown
Pattern 467 likelihood is underflown
Pattern 488 likelihood is underflown
Pattern 501 likelihood is underflown
WARNING: Numerical underflow for lh-branch, use `-safe` option to avoid this warning
Pattern 6 likelihood is underflown
Pattern 8 likelihood is underflown
Pattern 11 likelihood is underflown
Pattern 18 likelihood is underflown
Pattern 68 likelihood is underflown
Pattern 83 likelihood is underflown
Pattern 86 likelihood is underflown
Pattern 108 likelihood is underflown
Pattern 118 likelihood is underflown
Pattern 120 likelihood is underflown
Pattern 125 likelihood is underflown
Pattern 150 likelihood is underflown
Pattern 165 likelihood is underflown
Pattern 318 likelihood is underflown
Pattern 381 likelihood is underflown
Pattern 386 likelihood is underflown
Pattern 405 likelihood is underflown
Pattern 406 likelihood is underflown
Pattern 426 likelihood is underflown
Pattern 441 likelihood is underflown
Pattern 442 likelihood is underflown
Pattern 443 likelihood is underflown
Pattern 447 likelihood is underflown
Pattern 458 likelihood is underflown
Pattern 462 likelihood is underflown
Pattern 463 likelihood is underflown
Pattern 467 likelihood is underflown
Pattern 488 likelihood is underflown
Pattern 501 likelihood is underflown
WARNING: Numerical underflow for lh-branch, use `-safe` option to avoid this warning
Pattern 6 likelihood is underflown
Pattern 8 likelihood is underflown
Pattern 11 likelihood is underflown
Pattern 18 likelihood is underflown
Pattern 68 likelihood is underflown
Pattern 83 likelihood is underflown
Pattern 86 likelihood is underflown
Pattern 108 likelihood is underflown
Pattern 118 likelihood is underflown
Pattern 120 likelihood is underflown
Pattern 125 likelihood is underflown
Pattern 150 likelihood is underflown
Pattern 165 likelihood is underflown
Pattern 318 likelihood is underflown
Pattern 381 likelihood is underflown
Pattern 386 likelihood is underflown
Pattern 405 likelihood is underflown
Pattern 406 likelihood is underflown
Pattern 426 likelihood is underflown
Pattern 441 likelihood is underflown
Pattern 442 likelihood is underflown
Pattern 443 likelihood is underflown
Pattern 447 likelihood is underflown
Pattern 458 likelihood is underflown
Pattern 462 likelihood is underflown
Pattern 463 likelihood is underflown
Pattern 467 likelihood is underflown
Pattern 488 likelihood is underflown
Pattern 501 likelihood is underflown
WARNING: Numerical underflow for lh-branch, use `-safe` option to avoid this warning
Pattern 6 likelihood is underflown
Pattern 8 likelihood is underflown
Pattern 11 likelihood is underflown
Pattern 18 likelihood is underflown
Pattern 68 likelihood is underflown
Pattern 83 likelihood is underflown
Pattern 86 likelihood is underflown
Pattern 108 likelihood is underflown
Pattern 118 likelihood is underflown
Pattern 120 likelihood is underflown
Pattern 125 likelihood is underflown
Pattern 150 likelihood is underflown
Pattern 165 likelihood is underflown
Pattern 318 likelihood is underflown
Pattern 381 likelihood is underflown
Pattern 386 likelihood is underflown
Pattern 405 likelihood is underflown
Pattern 406 likelihood is underflown
Pattern 426 likelihood is underflown
Pattern 441 likelihood is underflown
Pattern 442 likelihood is underflown
Pattern 443 likelihood is underflown
Pattern 447 likelihood is underflown
Pattern 458 likelihood is underflown
Pattern 462 likelihood is underflown
Pattern 463 likelihood is underflown
Pattern 467 likelihood is underflown
Pattern 488 likelihood is underflown
Pattern 501 likelihood is underflown
WARNING: Numerical underflow for lh-branch, use `-safe` option to avoid this warning
Pattern 6 likelihood is underflown
Pattern 8 likelihood is underflown
Pattern 11 likelihood is underflown
Pattern 18 likelihood is underflown
Pattern 68 likelihood is underflown
Pattern 83 likelihood is underflown
Pattern 86 likelihood is underflown
Pattern 108 likelihood is underflown
Pattern 118 likelihood is underflown
Pattern 120 likelihood is underflown
Pattern 125 likelihood is underflown
Pattern 150 likelihood is underflown
Pattern 165 likelihood is underflown
Pattern 318 likelihood is underflown
Pattern 381 likelihood is underflown
Pattern 386 likelihood is underflown
Pattern 405 likelihood is underflown
Pattern 406 likelihood is underflown
Pattern 426 likelihood is underflown
Pattern 441 likelihood is underflown
Pattern 442 likelihood is underflown
Pattern 443 likelihood is underflown
Pattern 447 likelihood is underflown
Pattern 458 likelihood is underflown
Pattern 462 likelihood is underflown
Pattern 463 likelihood is underflown
Pattern 467 likelihood is underflown
Pattern 488 likelihood is underflown
Pattern 501 likelihood is underflown
WARNING: Numerical underflow for lh-branch, use `-safe` option to avoid this warning
Pattern 6 likelihood is underflown
Pattern 8 likelihood is underflown
Pattern 11 likelihood is underflown
Pattern 18 likelihood is underflown
Pattern 68 likelihood is underflown
Pattern 83 likelihood is underflown
Pattern 86 likelihood is underflown
Pattern 108 likelihood is underflown
Pattern 118 likelihood is underflown
Pattern 120 likelihood is underflown
Pattern 125 likelihood is underflown
Pattern 150 likelihood is underflown
Pattern 165 likelihood is underflown
Pattern 318 likelihood is underflown
Pattern 381 likelihood is underflown
Pattern 386 likelihood is underflown
Pattern 405 likelihood is underflown
Pattern 406 likelihood is underflown
Pattern 426 likelihood is underflown
Pattern 441 likelihood is underflown
Pattern 442 likelihood is underflown
Pattern 443 likelihood is underflown
Pattern 447 likelihood is underflown
Pattern 458 likelihood is underflown
Pattern 462 likelihood is underflown
Pattern 463 likelihood is underflown
Pattern 467 likelihood is underflown
Pattern 488 likelihood is underflown
Pattern 501 likelihood is underflown
WARNING: Numerical underflow for lh-branch, use `-safe` option to avoid this warning
Pattern 6 likelihood is underflown
Pattern 8 likelihood is underflown
Pattern 11 likelihood is underflown
Pattern 18 likelihood is underflown
Pattern 68 likelihood is underflown
Pattern 83 likelihood is underflown
Pattern 86 likelihood is underflown
Pattern 108 likelihood is underflown
Pattern 118 likelihood is underflown
Pattern 120 likelihood is underflown
Pattern 125 likelihood is underflown
Pattern 150 likelihood is underflown
Pattern 165 likelihood is underflown
Pattern 318 likelihood is underflown
Pattern 381 likelihood is underflown
Pattern 386 likelihood is underflown
Pattern 405 likelihood is underflown
Pattern 406 likelihood is underflown
Pattern 426 likelihood is underflown
Pattern 441 likelihood is underflown
Pattern 442 likelihood is underflown
Pattern 443 likelihood is underflown
Pattern 447 likelihood is underflown
Pattern 458 likelihood is underflown
Pattern 462 likelihood is underflown
Pattern 463 likelihood is underflown
Pattern 467 likelihood is underflown
Pattern 488 likelihood is underflown
Pattern 501 likelihood is underflown
WARNING: Numerical underflow for lh-branch, use `-safe` option to avoid this warning
Pattern 6 likelihood is underflown
Pattern 8 likelihood is underflown
Pattern 11 likelihood is underflown
Pattern 18 likelihood is underflown
Pattern 68 likelihood is underflown
Pattern 83 likelihood is underflown
Pattern 86 likelihood is underflown
Pattern 108 likelihood is underflown
Pattern 118 likelihood is underflown
Pattern 120 likelihood is underflown
Pattern 125 likelihood is underflown
Pattern 150 likelihood is underflown
Pattern 165 likelihood is underflown
Pattern 318 likelihood is underflown
Pattern 381 likelihood is underflown
Pattern 386 likelihood is underflown
Pattern 405 likelihood is underflown
Pattern 406 likelihood is underflown
Pattern 426 likelihood is underflown
Pattern 441 likelihood is underflown
Pattern 442 likelihood is underflown
Pattern 443 likelihood is underflown
Pattern 447 likelihood is underflown
Pattern 458 likelihood is underflown
Pattern 462 likelihood is underflown
Pattern 463 likelihood is underflown
Pattern 467 likelihood is underflown
Pattern 488 likelihood is underflown
Pattern 501 likelihood is underflown
 50  TVM+F+R3      20383.995    340 41447.989    41470.128    43926.144
 59  TVM+F+I+R3    20383.265    341 41448.530    41470.801    43933.973
WARNING: Numerical underflow for lh-branch, use `-safe` option to avoid this warning
Pattern 253 likelihood is underflown
Pattern 491 likelihood is underflown
WARNING: Numerical underflow for lh-branch, use `-safe` option to avoid this warning
Pattern 253 likelihood is underflown
Pattern 491 likelihood is underflown
WARNING: Numerical underflow for lh-branch, use `-safe` option to avoid this warning
Pattern 253 likelihood is underflown
Pattern 491 likelihood is underflown
WARNING: Numerical underflow for lh-branch, use `-safe` option to avoid this warning
Pattern 253 likelihood is underflown
Pattern 491 likelihood is underflown
WARNING: Numerical underflow for lh-branch, use `-safe` option to avoid this warning
Pattern 253 likelihood is underflown
Pattern 491 likelihood is underflown
WARNING: Numerical underflow for lh-branch, use `-safe` option to avoid this warning
Pattern 253 likelihood is underflown
Pattern 491 likelihood is underflown
WARNING: Numerical underflow for lh-branch, use `-safe` option to avoid this warning
Pattern 253 likelihood is underflown
Pattern 491 likelihood is underflown
WARNING: Numerical underflow for lh-branch, use `-safe` option to avoid this warning
Pattern 253 likelihood is underflown
Pattern 491 likelihood is underflown
WARNING: Numerical underflow for lh-branch, use `-safe` option to avoid this warning
Pattern 253 likelihood is underflown
Pattern 491 likelihood is underflown
WARNING: Numerical underflow for lh-branch, use `-safe` option to avoid this warning
Pattern 109 likelihood is underflown
Pattern 487 likelihood is underflown
Pattern 491 likelihood is underflown
WARNING: Numerical underflow for lh-branch, use `-safe` option to avoid this warning
Pattern 109 likelihood is underflown
Pattern 487 likelihood is underflown
Pattern 491 likelihood is underflown
WARNING: Numerical underflow for lh-branch, use `-safe` option to avoid this warning
Pattern 109 likelihood is underflown
Pattern 487 likelihood is underflown
Pattern 491 likelihood is underflown
WARNING: Numerical underflow for lh-branch, use `-safe` option to avoid this warning
Pattern 109 likelihood is underflown
Pattern 487 likelihood is underflown
Pattern 491 likelihood is underflown
WARNING: Numerical underflow for lh-branch, use `-safe` option to avoid this warning
Pattern 109 likelihood is underflown
Pattern 487 likelihood is underflown
Pattern 491 likelihood is underflown
WARNING: Numerical underflow for lh-branch, use `-safe` option to avoid this warning
Pattern 109 likelihood is underflown
Pattern 487 likelihood is underflown
Pattern 491 likelihood is underflown
WARNING: Numerical underflow for lh-branch, use `-safe` option to avoid this warning
Pattern 109 likelihood is underflown
Pattern 487 likelihood is underflown
Pattern 491 likelihood is underflown
WARNING: Numerical underflow for lh-branch, use `-safe` option to avoid this warning
Pattern 109 likelihood is underflown
Pattern 487 likelihood is underflown
Pattern 491 likelihood is underflown
WARNING: Numerical underflow for lh-branch, use `-safe` option to avoid this warning
Pattern 109 likelihood is underflown
Pattern 487 likelihood is underflown
Pattern 491 likelihood is underflown
 72  TVMe+R3       20441.246    337 41556.492    41578.236    44012.781
 81  TVMe+I+R3     20440.285    338 41556.570    41578.445    44020.147
WARNING: Numerical underflow for lh-branch, use `-safe` option to avoid this warning
Pattern 215 likelihood is underflown
WARNING: Numerical underflow for lh-branch, use `-safe` option to avoid this warning
Pattern 215 likelihood is underflown
WARNING: Numerical underflow for lh-branch, use `-safe` option to avoid this warning
Pattern 215 likelihood is underflown
WARNING: Numerical underflow for lh-branch, use `-safe` option to avoid this warning
Pattern 215 likelihood is underflown
WARNING: Numerical underflow for lh-branch, use `-safe` option to avoid this warning
Pattern 215 likelihood is underflown
WARNING: Numerical underflow for lh-branch, use `-safe` option to avoid this warning
Pattern 215 likelihood is underflown
WARNING: Numerical underflow for lh-branch, use `-safe` option to avoid this warning
Pattern 215 likelihood is underflown
WARNING: Numerical underflow for lh-branch, use `-safe` option to avoid this warning
Pattern 215 likelihood is underflown
WARNING: Numerical underflow for lh-branch, use `-safe` option to avoid this warning
Pattern 215 likelihood is underflown
 94  TIM3+F+R3     20391.652    339 41461.305    41483.311    43932.170
103  TIM3+F+I+R3   20391.206    340 41462.412    41484.551    43940.566
116  TIM3e+R3      20450.230    336 41572.459    41594.073    44021.459
125  TIM3e+I+R3    20449.716    337 41573.432    41595.176    44029.720
138  TIM2+F+R3     20391.850    339 41461.700    41483.707    43932.566
147  TIM2+F+I+R3   20391.442    340 41462.884    41485.022    43941.038
160  TIM2e+R3      20446.540    336 41565.080    41586.693    44014.079
169  TIM2e+I+R3    20445.967    337 41565.934    41587.678    44022.223
WARNING: Numerical underflow for lh-branch, use `-safe` option to avoid this warning
Pattern 491 likelihood is underflown
WARNING: Numerical underflow for lh-branch, use `-safe` option to avoid this warning
Pattern 491 likelihood is underflown
WARNING: Numerical underflow for lh-branch, use `-safe` option to avoid this warning
Pattern 491 likelihood is underflown
WARNING: Numerical underflow for lh-branch, use `-safe` option to avoid this warning
Pattern 491 likelihood is underflown
WARNING: Numerical underflow for lh-branch, use `-safe` option to avoid this warning
Pattern 491 likelihood is underflown
WARNING: Numerical underflow for lh-branch, use `-safe` option to avoid this warning
Pattern 491 likelihood is underflown
WARNING: Numerical underflow for lh-branch, use `-safe` option to avoid this warning
Pattern 491 likelihood is underflown
WARNING: Numerical underflow for lh-branch, use `-safe` option to avoid this warning
Pattern 491 likelihood is underflown
WARNING: Numerical underflow for lh-branch, use `-safe` option to avoid this warning
Pattern 491 likelihood is underflown
182  TIM+F+R3      20395.531    339 41469.063    41491.070    43939.929
WARNING: Numerical underflow for lh-branch, use `-safe` option to avoid this warning
Pattern 277 likelihood is underflown
Pattern 374 likelihood is underflown
WARNING: Numerical underflow for lh-branch, use `-safe` option to avoid this warning
Pattern 277 likelihood is underflown
Pattern 374 likelihood is underflown
WARNING: Numerical underflow for lh-branch, use `-safe` option to avoid this warning
Pattern 277 likelihood is underflown
Pattern 374 likelihood is underflown
WARNING: Numerical underflow for lh-branch, use `-safe` option to avoid this warning
Pattern 277 likelihood is underflown
Pattern 374 likelihood is underflown
WARNING: Numerical underflow for lh-branch, use `-safe` option to avoid this warning
Pattern 277 likelihood is underflown
Pattern 374 likelihood is underflown
WARNING: Numerical underflow for lh-branch, use `-safe` option to avoid this warning
Pattern 277 likelihood is underflown
Pattern 374 likelihood is underflown
WARNING: Numerical underflow for lh-branch, use `-safe` option to avoid this warning
Pattern 277 likelihood is underflown
Pattern 374 likelihood is underflown
WARNING: Numerical underflow for lh-branch, use `-safe` option to avoid this warning
Pattern 277 likelihood is underflown
Pattern 374 likelihood is underflown
WARNING: Numerical underflow for lh-branch, use `-safe` option to avoid this warning
Pattern 277 likelihood is underflown
Pattern 374 likelihood is underflown
191  TIM+F+I+R3    20395.298    340 41470.597    41492.735    43948.751
204  TIMe+R3       20452.335    336 41576.670    41598.283    44025.670
WARNING: Numerical underflow for lh-branch, use `-safe` option to avoid this warning
Pattern 487 likelihood is underflown
WARNING: Numerical underflow for lh-branch, use `-safe` option to avoid this warning
Pattern 487 likelihood is underflown
WARNING: Numerical underflow for lh-branch, use `-safe` option to avoid this warning
Pattern 487 likelihood is underflown
WARNING: Numerical underflow for lh-branch, use `-safe` option to avoid this warning
Pattern 487 likelihood is underflown
WARNING: Numerical underflow for lh-branch, use `-safe` option to avoid this warning
Pattern 487 likelihood is underflown
WARNING: Numerical underflow for lh-branch, use `-safe` option to avoid this warning
Pattern 487 likelihood is underflown
WARNING: Numerical underflow for lh-branch, use `-safe` option to avoid this warning
Pattern 487 likelihood is underflown
WARNING: Numerical underflow for lh-branch, use `-safe` option to avoid this warning
Pattern 487 likelihood is underflown
WARNING: Numerical underflow for lh-branch, use `-safe` option to avoid this warning
Pattern 487 likelihood is underflown
213  TIMe+I+R3     20451.985    337 41577.971    41599.715    44034.259
226  TPM3u+F+R3    20391.180    338 41458.359    41480.234    43921.936
235  TPM3u+F+I+R3  20391.050    339 41460.100    41482.107    43930.966
248  TPM3+R3       20450.209    335 41570.417    41591.900    44012.128
WARNING: Numerical underflow for lh-branch, use `-safe` option to avoid this warning
Pattern 109 likelihood is underflown
WARNING: Numerical underflow for lh-branch, use `-safe` option to avoid this warning
Pattern 109 likelihood is underflown
WARNING: Numerical underflow for lh-branch, use `-safe` option to avoid this warning
Pattern 109 likelihood is underflown
WARNING: Numerical underflow for lh-branch, use `-safe` option to avoid this warning
Pattern 109 likelihood is underflown
WARNING: Numerical underflow for lh-branch, use `-safe` option to avoid this warning
Pattern 109 likelihood is underflown
WARNING: Numerical underflow for lh-branch, use `-safe` option to avoid this warning
Pattern 109 likelihood is underflown
WARNING: Numerical underflow for lh-branch, use `-safe` option to avoid this warning
Pattern 109 likelihood is underflown
WARNING: Numerical underflow for lh-branch, use `-safe` option to avoid this warning
Pattern 109 likelihood is underflown
WARNING: Numerical underflow for lh-branch, use `-safe` option to avoid this warning
Pattern 109 likelihood is underflown
257  TPM3+I+R3     20449.936    336 41571.872    41593.485    44020.871
WARNING: Numerical underflow for lh-branch, use `-safe` option to avoid this warning
Pattern 215 likelihood is underflown
WARNING: Numerical underflow for lh-branch, use `-safe` option to avoid this warning
Pattern 215 likelihood is underflown
WARNING: Numerical underflow for lh-branch, use `-safe` option to avoid this warning
Pattern 215 likelihood is underflown
WARNING: Numerical underflow for lh-branch, use `-safe` option to avoid this warning
Pattern 215 likelihood is underflown
WARNING: Numerical underflow for lh-branch, use `-safe` option to avoid this warning
Pattern 215 likelihood is underflown
WARNING: Numerical underflow for lh-branch, use `-safe` option to avoid this warning
Pattern 215 likelihood is underflown
WARNING: Numerical underflow for lh-branch, use `-safe` option to avoid this warning
Pattern 215 likelihood is underflown
WARNING: Numerical underflow for lh-branch, use `-safe` option to avoid this warning
Pattern 215 likelihood is underflown
WARNING: Numerical underflow for lh-branch, use `-safe` option to avoid this warning
Pattern 215 likelihood is underflown
WARNING: Numerical underflow for lh-branch, use `-safe` option to avoid this warning
Pattern 383 likelihood is underflown
WARNING: Numerical underflow for lh-branch, use `-safe` option to avoid this warning
Pattern 383 likelihood is underflown
WARNING: Numerical underflow for lh-branch, use `-safe` option to avoid this warning
Pattern 383 likelihood is underflown
WARNING: Numerical underflow for lh-branch, use `-safe` option to avoid this warning
Pattern 383 likelihood is underflown
WARNING: Numerical underflow for lh-branch, use `-safe` option to avoid this warning
Pattern 383 likelihood is underflown
WARNING: Numerical underflow for lh-branch, use `-safe` option to avoid this warning
Pattern 383 likelihood is underflown
WARNING: Numerical underflow for lh-branch, use `-safe` option to avoid this warning
Pattern 383 likelihood is underflown
WARNING: Numerical underflow for lh-branch, use `-safe` option to avoid this warning
Pattern 383 likelihood is underflown
WARNING: Numerical underflow for lh-branch, use `-safe` option to avoid this warning
Pattern 383 likelihood is underflown
270  TPM2u+F+R3    20391.418    338 41458.835    41480.710    43922.412
279  TPM2u+F+I+R3  20391.305    339 41460.610    41482.616    43931.475
WARNING: Numerical underflow for lh-branch, use `-safe` option to avoid this warning
Pattern 215 likelihood is underflown
WARNING: Numerical underflow for lh-branch, use `-safe` option to avoid this warning
Pattern 215 likelihood is underflown
WARNING: Numerical underflow for lh-branch, use `-safe` option to avoid this warning
Pattern 215 likelihood is underflown
WARNING: Numerical underflow for lh-branch, use `-safe` option to avoid this warning
Pattern 215 likelihood is underflown
WARNING: Numerical underflow for lh-branch, use `-safe` option to avoid this warning
Pattern 215 likelihood is underflown
WARNING: Numerical underflow for lh-branch, use `-safe` option to avoid this warning
Pattern 215 likelihood is underflown
WARNING: Numerical underflow for lh-branch, use `-safe` option to avoid this warning
Pattern 215 likelihood is underflown
WARNING: Numerical underflow for lh-branch, use `-safe` option to avoid this warning
Pattern 215 likelihood is underflown
WARNING: Numerical underflow for lh-branch, use `-safe` option to avoid this warning
Pattern 215 likelihood is underflown
WARNING: Numerical underflow for lh-branch, use `-safe` option to avoid this warning
Pattern 215 likelihood is underflown
WARNING: Numerical underflow for lh-branch, use `-safe` option to avoid this warning
Pattern 215 likelihood is underflown
WARNING: Numerical underflow for lh-branch, use `-safe` option to avoid this warning
Pattern 215 likelihood is underflown
WARNING: Numerical underflow for lh-branch, use `-safe` option to avoid this warning
Pattern 215 likelihood is underflown
WARNING: Numerical underflow for lh-branch, use `-safe` option to avoid this warning
Pattern 215 likelihood is underflown
WARNING: Numerical underflow for lh-branch, use `-safe` option to avoid this warning
Pattern 215 likelihood is underflown
WARNING: Numerical underflow for lh-branch, use `-safe` option to avoid this warning
Pattern 215 likelihood is underflown
WARNING: Numerical underflow for lh-branch, use `-safe` option to avoid this warning
Pattern 215 likelihood is underflown
WARNING: Numerical underflow for lh-branch, use `-safe` option to avoid this warning
Pattern 215 likelihood is underflown
292  TPM2+R3       20446.419    335 41562.838    41584.321    44004.549
301  TPM2+I+R3     20446.108    336 41564.215    41585.828    44013.215
WARNING: Numerical underflow for lh-branch, use `-safe` option to avoid this warning
Pattern 374 likelihood is underflown
WARNING: Numerical underflow for lh-branch, use `-safe` option to avoid this warning
Pattern 374 likelihood is underflown
WARNING: Numerical underflow for lh-branch, use `-safe` option to avoid this warning
Pattern 374 likelihood is underflown
WARNING: Numerical underflow for lh-branch, use `-safe` option to avoid this warning
Pattern 374 likelihood is underflown
WARNING: Numerical underflow for lh-branch, use `-safe` option to avoid this warning
Pattern 374 likelihood is underflown
WARNING: Numerical underflow for lh-branch, use `-safe` option to avoid this warning
Pattern 374 likelihood is underflown
WARNING: Numerical underflow for lh-branch, use `-safe` option to avoid this warning
Pattern 374 likelihood is underflown
WARNING: Numerical underflow for lh-branch, use `-safe` option to avoid this warning
Pattern 374 likelihood is underflown
WARNING: Numerical underflow for lh-branch, use `-safe` option to avoid this warning
Pattern 374 likelihood is underflown
WARNING: Numerical underflow for lh-branch, use `-safe` option to avoid this warning
Pattern 109 likelihood is underflown
Pattern 487 likelihood is underflown
WARNING: Numerical underflow for lh-branch, use `-safe` option to avoid this warning
Pattern 109 likelihood is underflown
Pattern 487 likelihood is underflown
WARNING: Numerical underflow for lh-branch, use `-safe` option to avoid this warning
Pattern 109 likelihood is underflown
Pattern 487 likelihood is underflown
WARNING: Numerical underflow for lh-branch, use `-safe` option to avoid this warning
Pattern 109 likelihood is underflown
Pattern 487 likelihood is underflown
WARNING: Numerical underflow for lh-branch, use `-safe` option to avoid this warning
Pattern 109 likelihood is underflown
Pattern 487 likelihood is underflown
WARNING: Numerical underflow for lh-branch, use `-safe` option to avoid this warning
Pattern 109 likelihood is underflown
Pattern 487 likelihood is underflown
WARNING: Numerical underflow for lh-branch, use `-safe` option to avoid this warning
Pattern 109 likelihood is underflown
Pattern 487 likelihood is underflown
WARNING: Numerical underflow for lh-branch, use `-safe` option to avoid this warning
Pattern 109 likelihood is underflown
Pattern 487 likelihood is underflown
WARNING: Numerical underflow for lh-branch, use `-safe` option to avoid this warning
Pattern 109 likelihood is underflown
Pattern 487 likelihood is underflown
314  K3Pu+F+R3     20395.242    338 41466.485    41488.360    43930.062
323  K3Pu+F+I+R3   20395.212    339 41468.424    41490.430    43939.289
336  K3P+R3        20452.407    335 41574.813    41596.296    44016.524
WARNING: Numerical underflow for lh-branch, use `-safe` option to avoid this warning
Pattern 476 likelihood is underflown
WARNING: Numerical underflow for lh-branch, use `-safe` option to avoid this warning
Pattern 476 likelihood is underflown
WARNING: Numerical underflow for lh-branch, use `-safe` option to avoid this warning
Pattern 476 likelihood is underflown
WARNING: Numerical underflow for lh-branch, use `-safe` option to avoid this warning
Pattern 476 likelihood is underflown
WARNING: Numerical underflow for lh-branch, use `-safe` option to avoid this warning
Pattern 476 likelihood is underflown
WARNING: Numerical underflow for lh-branch, use `-safe` option to avoid this warning
Pattern 476 likelihood is underflown
WARNING: Numerical underflow for lh-branch, use `-safe` option to avoid this warning
Pattern 476 likelihood is underflown
WARNING: Numerical underflow for lh-branch, use `-safe` option to avoid this warning
Pattern 476 likelihood is underflown
WARNING: Numerical underflow for lh-branch, use `-safe` option to avoid this warning
Pattern 476 likelihood is underflown
345  K3P+I+R3      20452.186    336 41576.372    41597.985    44025.371
358  TN+F+R3       20398.294    338 41472.589    41494.464    43936.166
WARNING: Numerical underflow for lh-branch, use `-safe` option to avoid this warning
Pattern 109 likelihood is underflown
Pattern 487 likelihood is underflown
WARNING: Numerical underflow for lh-branch, use `-safe` option to avoid this warning
Pattern 109 likelihood is underflown
Pattern 487 likelihood is underflown
WARNING: Numerical underflow for lh-branch, use `-safe` option to avoid this warning
Pattern 109 likelihood is underflown
Pattern 487 likelihood is underflown
WARNING: Numerical underflow for lh-branch, use `-safe` option to avoid this warning
Pattern 109 likelihood is underflown
Pattern 487 likelihood is underflown
WARNING: Numerical underflow for lh-branch, use `-safe` option to avoid this warning
Pattern 109 likelihood is underflown
Pattern 487 likelihood is underflown
WARNING: Numerical underflow for lh-branch, use `-safe` option to avoid this warning
Pattern 109 likelihood is underflown
Pattern 487 likelihood is underflown
WARNING: Numerical underflow for lh-branch, use `-safe` option to avoid this warning
Pattern 109 likelihood is underflown
Pattern 487 likelihood is underflown
WARNING: Numerical underflow for lh-branch, use `-safe` option to avoid this warning
Pattern 109 likelihood is underflown
Pattern 487 likelihood is underflown
WARNING: Numerical underflow for lh-branch, use `-safe` option to avoid this warning
Pattern 109 likelihood is underflown
Pattern 487 likelihood is underflown
367  TN+F+I+R3     20398.271    339 41474.542    41496.548    43945.407
WARNING: Numerical underflow for lh-branch, use `-safe` option to avoid this warning
Pattern 109 likelihood is underflown
Pattern 487 likelihood is underflown
WARNING: Numerical underflow for lh-branch, use `-safe` option to avoid this warning
Pattern 109 likelihood is underflown
Pattern 487 likelihood is underflown
WARNING: Numerical underflow for lh-branch, use `-safe` option to avoid this warning
Pattern 109 likelihood is underflown
Pattern 487 likelihood is underflown
WARNING: Numerical underflow for lh-branch, use `-safe` option to avoid this warning
Pattern 109 likelihood is underflown
Pattern 487 likelihood is underflown
WARNING: Numerical underflow for lh-branch, use `-safe` option to avoid this warning
Pattern 109 likelihood is underflown
Pattern 487 likelihood is underflown
WARNING: Numerical underflow for lh-branch, use `-safe` option to avoid this warning
Pattern 109 likelihood is underflown
Pattern 487 likelihood is underflown
WARNING: Numerical underflow for lh-branch, use `-safe` option to avoid this warning
Pattern 109 likelihood is underflown
Pattern 487 likelihood is underflown
WARNING: Numerical underflow for lh-branch, use `-safe` option to avoid this warning
Pattern 109 likelihood is underflown
Pattern 487 likelihood is underflown
WARNING: Numerical underflow for lh-branch, use `-safe` option to avoid this warning
Pattern 109 likelihood is underflown
Pattern 487 likelihood is underflown
380  TNe+R3        20454.780    335 41579.559    41601.042    44021.270
WARNING: Numerical underflow for lh-branch, use `-safe` option to avoid this warning
Pattern 109 likelihood is underflown
Pattern 110 likelihood is underflown
Pattern 347 likelihood is underflown
Pattern 464 likelihood is underflown
WARNING: Numerical underflow for lh-branch, use `-safe` option to avoid this warning
Pattern 109 likelihood is underflown
Pattern 110 likelihood is underflown
Pattern 347 likelihood is underflown
Pattern 464 likelihood is underflown
WARNING: Numerical underflow for lh-branch, use `-safe` option to avoid this warning
Pattern 109 likelihood is underflown
Pattern 110 likelihood is underflown
Pattern 347 likelihood is underflown
Pattern 464 likelihood is underflown
WARNING: Numerical underflow for lh-branch, use `-safe` option to avoid this warning
Pattern 109 likelihood is underflown
Pattern 110 likelihood is underflown
Pattern 347 likelihood is underflown
Pattern 464 likelihood is underflown
WARNING: Numerical underflow for lh-branch, use `-safe` option to avoid this warning
Pattern 109 likelihood is underflown
Pattern 110 likelihood is underflown
Pattern 347 likelihood is underflown
Pattern 464 likelihood is underflown
WARNING: Numerical underflow for lh-branch, use `-safe` option to avoid this warning
Pattern 109 likelihood is underflown
Pattern 110 likelihood is underflown
Pattern 347 likelihood is underflown
Pattern 464 likelihood is underflown
WARNING: Numerical underflow for lh-branch, use `-safe` option to avoid this warning
Pattern 109 likelihood is underflown
Pattern 110 likelihood is underflown
Pattern 347 likelihood is underflown
Pattern 464 likelihood is underflown
WARNING: Numerical underflow for lh-branch, use `-safe` option to avoid this warning
Pattern 109 likelihood is underflown
Pattern 110 likelihood is underflown
Pattern 347 likelihood is underflown
Pattern 464 likelihood is underflown
WARNING: Numerical underflow for lh-branch, use `-safe` option to avoid this warning
Pattern 109 likelihood is underflown
Pattern 110 likelihood is underflown
Pattern 347 likelihood is underflown
Pattern 464 likelihood is underflown
389  TNe+I+R3      20454.696    336 41581.392    41603.005    44030.391
WARNING: Numerical underflow for lh-branch, use `-safe` option to avoid this warning
Pattern 511 likelihood is underflown
WARNING: Numerical underflow for lh-branch, use `-safe` option to avoid this warning
Pattern 511 likelihood is underflown
WARNING: Numerical underflow for lh-branch, use `-safe` option to avoid this warning
Pattern 511 likelihood is underflown
WARNING: Numerical underflow for lh-branch, use `-safe` option to avoid this warning
Pattern 511 likelihood is underflown
WARNING: Numerical underflow for lh-branch, use `-safe` option to avoid this warning
Pattern 511 likelihood is underflown
WARNING: Numerical underflow for lh-branch, use `-safe` option to avoid this warning
Pattern 511 likelihood is underflown
WARNING: Numerical underflow for lh-branch, use `-safe` option to avoid this warning
Pattern 511 likelihood is underflown
WARNING: Numerical underflow for lh-branch, use `-safe` option to avoid this warning
Pattern 511 likelihood is underflown
WARNING: Numerical underflow for lh-branch, use `-safe` option to avoid this warning
Pattern 511 likelihood is underflown
402  HKY+F+R3      20398.262    337 41470.525    41492.269    43926.813
411  HKY+F+I+R3    20398.254    338 41472.508    41494.383    43936.085
WARNING: Numerical underflow for lh-branch, use `-safe` option to avoid this warning
Pattern 374 likelihood is underflown
Pattern 466 likelihood is underflown
WARNING: Numerical underflow for lh-branch, use `-safe` option to avoid this warning
Pattern 374 likelihood is underflown
Pattern 466 likelihood is underflown
WARNING: Numerical underflow for lh-branch, use `-safe` option to avoid this warning
Pattern 374 likelihood is underflown
Pattern 466 likelihood is underflown
WARNING: Numerical underflow for lh-branch, use `-safe` option to avoid this warning
Pattern 374 likelihood is underflown
Pattern 466 likelihood is underflown
WARNING: Numerical underflow for lh-branch, use `-safe` option to avoid this warning
Pattern 374 likelihood is underflown
Pattern 466 likelihood is underflown
WARNING: Numerical underflow for lh-branch, use `-safe` option to avoid this warning
Pattern 374 likelihood is underflown
Pattern 466 likelihood is underflown
WARNING: Numerical underflow for lh-branch, use `-safe` option to avoid this warning
Pattern 374 likelihood is underflown
Pattern 466 likelihood is underflown
WARNING: Numerical underflow for lh-branch, use `-safe` option to avoid this warning
Pattern 374 likelihood is underflown
Pattern 466 likelihood is underflown
WARNING: Numerical underflow for lh-branch, use `-safe` option to avoid this warning
Pattern 374 likelihood is underflown
Pattern 466 likelihood is underflown
424  K2P+R3        20455.092    334 41578.185    41599.538    44012.607
WARNING: Numerical underflow for lh-branch, use `-safe` option to avoid this warning
Pattern 253 likelihood is underflown
WARNING: Numerical underflow for lh-branch, use `-safe` option to avoid this warning
Pattern 253 likelihood is underflown
WARNING: Numerical underflow for lh-branch, use `-safe` option to avoid this warning
Pattern 253 likelihood is underflown
WARNING: Numerical underflow for lh-branch, use `-safe` option to avoid this warning
Pattern 253 likelihood is underflown
WARNING: Numerical underflow for lh-branch, use `-safe` option to avoid this warning
Pattern 253 likelihood is underflown
WARNING: Numerical underflow for lh-branch, use `-safe` option to avoid this warning
Pattern 253 likelihood is underflown
433  K2P+I+R3      20454.934    335 41579.867    41601.350    44021.578
WARNING: Numerical underflow for lh-branch, use `-safe` option to avoid this warning
Pattern 383 likelihood is underflown
WARNING: Numerical underflow for lh-branch, use `-safe` option to avoid this warning
Pattern 383 likelihood is underflown
WARNING: Numerical underflow for lh-branch, use `-safe` option to avoid this warning
Pattern 383 likelihood is underflown
WARNING: Numerical underflow for lh-branch, use `-safe` option to avoid this warning
Pattern 383 likelihood is underflown
WARNING: Numerical underflow for lh-branch, use `-safe` option to avoid this warning
Pattern 383 likelihood is underflown
WARNING: Numerical underflow for lh-branch, use `-safe` option to avoid this warning
Pattern 383 likelihood is underflown
WARNING: Numerical underflow for lh-branch, use `-safe` option to avoid this warning
Pattern 383 likelihood is underflown
WARNING: Numerical underflow for lh-branch, use `-safe` option to avoid this warning
Pattern 383 likelihood is underflown
WARNING: Numerical underflow for lh-branch, use `-safe` option to avoid this warning
Pattern 383 likelihood is underflown
WARNING: Numerical underflow for lh-branch, use `-safe` option to avoid this warning
Pattern 383 likelihood is underflown
WARNING: Numerical underflow for lh-branch, use `-safe` option to avoid this warning
Pattern 383 likelihood is underflown
WARNING: Numerical underflow for lh-branch, use `-safe` option to avoid this warning
Pattern 383 likelihood is underflown
WARNING: Numerical underflow for lh-branch, use `-safe` option to avoid this warning
Pattern 383 likelihood is underflown
WARNING: Numerical underflow for lh-branch, use `-safe` option to avoid this warning
Pattern 383 likelihood is underflown
WARNING: Numerical underflow for lh-branch, use `-safe` option to avoid this warning
Pattern 383 likelihood is underflown
WARNING: Numerical underflow for lh-branch, use `-safe` option to avoid this warning
Pattern 383 likelihood is underflown
WARNING: Numerical underflow for lh-branch, use `-safe` option to avoid this warning
Pattern 383 likelihood is underflown
WARNING: Numerical underflow for lh-branch, use `-safe` option to avoid this warning
Pattern 383 likelihood is underflown
446  F81+F+R3      20757.694    336 42187.388    42209.001    44636.387
WARNING: Numerical underflow for lh-branch, use `-safe` option to avoid this warning
Pattern 383 likelihood is underflown
WARNING: Numerical underflow for lh-branch, use `-safe` option to avoid this warning
Pattern 383 likelihood is underflown
WARNING: Numerical underflow for lh-branch, use `-safe` option to avoid this warning
Pattern 383 likelihood is underflown
WARNING: Numerical underflow for lh-branch, use `-safe` option to avoid this warning
Pattern 383 likelihood is underflown
WARNING: Numerical underflow for lh-branch, use `-safe` option to avoid this warning
Pattern 383 likelihood is underflown
WARNING: Numerical underflow for lh-branch, use `-safe` option to avoid this warning
Pattern 383 likelihood is underflown
455  F81+F+I+R3    20757.587    337 42189.174    42210.918    44645.462
WARNING: Numerical underflow for lh-branch, use `-safe` option to avoid this warning
Pattern 9 likelihood is underflown
Pattern 14 likelihood is underflown
Pattern 19 likelihood is underflown
Pattern 20 likelihood is underflown
Pattern 28 likelihood is underflown
Pattern 38 likelihood is underflown
Pattern 39 likelihood is underflown
Pattern 41 likelihood is underflown
Pattern 43 likelihood is underflown
Pattern 57 likelihood is underflown
Pattern 59 likelihood is underflown
Pattern 63 likelihood is underflown
Pattern 65 likelihood is underflown
Pattern 66 likelihood is underflown
Pattern 67 likelihood is underflown
Pattern 72 likelihood is underflown
Pattern 73 likelihood is underflown
Pattern 75 likelihood is underflown
Pattern 76 likelihood is underflown
Pattern 77 likelihood is underflown
Pattern 78 likelihood is underflown
Pattern 85 likelihood is underflown
Pattern 90 likelihood is underflown
Pattern 91 likelihood is underflown
Pattern 93 likelihood is underflown
Pattern 95 likelihood is underflown
Pattern 96 likelihood is underflown
Pattern 98 likelihood is underflown
Pattern 99 likelihood is underflown
Pattern 101 likelihood is underflown
Pattern 102 likelihood is underflown
Pattern 103 likelihood is underflown
Pattern 104 likelihood is underflown
Pattern 106 likelihood is underflown
Pattern 109 likelihood is underflown
Pattern 110 likelihood is underflown
Pattern 111 likelihood is underflown
Pattern 112 likelihood is underflown
Pattern 113 likelihood is underflown
Pattern 114 likelihood is underflown
Pattern 115 likelihood is underflown
Pattern 117 likelihood is underflown
Pattern 119 likelihood is underflown
Pattern 124 likelihood is underflown
Pattern 126 likelihood is underflown
Pattern 128 likelihood is underflown
Pattern 130 likelihood is underflown
Pattern 131 likelihood is underflown
Pattern 132 likelihood is underflown
Pattern 134 likelihood is underflown
Pattern 135 likelihood is underflown
Pattern 137 likelihood is underflown
Pattern 138 likelihood is underflown
Pattern 144 likelihood is underflown
Pattern 145 likelihood is underflown
Pattern 147 likelihood is underflown
Pattern 153 likelihood is underflown
Pattern 154 likelihood is underflown
Pattern 159 likelihood is underflown
Pattern 161 likelihood is underflown
Pattern 166 likelihood is underflown
Pattern 177 likelihood is underflown
Pattern 179 likelihood is underflown
Pattern 180 likelihood is underflown
Pattern 181 likelihood is underflown
Pattern 183 likelihood is underflown
Pattern 184 likelihood is underflown
Pattern 186 likelihood is underflown
Pattern 187 likelihood is underflown
Pattern 191 likelihood is underflown
Pattern 193 likelihood is underflown
Pattern 195 likelihood is underflown
Pattern 197 likelihood is underflown
Pattern 198 likelihood is underflown
Pattern 199 likelihood is underflown
Pattern 200 likelihood is underflown
Pattern 205 likelihood is underflown
Pattern 206 likelihood is underflown
Pattern 208 likelihood is underflown
Pattern 209 likelihood is underflown
Pattern 210 likelihood is underflown
Pattern 212 likelihood is underflown
Pattern 213 likelihood is underflown
Pattern 214 likelihood is underflown
Pattern 215 likelihood is underflown
Pattern 216 likelihood is underflown
Pattern 217 likelihood is underflown
Pattern 227 likelihood is underflown
Pattern 228 likelihood is underflown
Pattern 231 likelihood is underflown
Pattern 233 likelihood is underflown
Pattern 234 likelihood is underflown
Pattern 241 likelihood is underflown
Pattern 243 likelihood is underflown
Pattern 244 likelihood is underflown
Pattern 245 likelihood is underflown
Pattern 252 likelihood is underflown
Pattern 253 likelihood is underflown
Pattern 256 likelihood is underflown
Pattern 257 likelihood is underflown
Pattern 262 likelihood is underflown
Pattern 264 likelihood is underflown
Pattern 265 likelihood is underflown
Pattern 267 likelihood is underflown
Pattern 270 likelihood is underflown
Pattern 274 likelihood is underflown
Pattern 275 likelihood is underflown
Pattern 276 likelihood is underflown
Pattern 277 likelihood is underflown
Pattern 278 likelihood is underflown
Pattern 289 likelihood is underflown
Pattern 296 likelihood is underflown
Pattern 302 likelihood is underflown
Pattern 303 likelihood is underflown
Pattern 304 likelihood is underflown
Pattern 305 likelihood is underflown
Pattern 306 likelihood is underflown
Pattern 308 likelihood is underflown
Pattern 309 likelihood is underflown
Pattern 312 likelihood is underflown
Pattern 314 likelihood is underflown
Pattern 315 likelihood is underflown
Pattern 317 likelihood is underflown
Pattern 320 likelihood is underflown
Pattern 322 likelihood is underflown
Pattern 323 likelihood is underflown
Pattern 326 likelihood is underflown
Pattern 328 likelihood is underflown
Pattern 329 likelihood is underflown
Pattern 335 likelihood is underflown
Pattern 336 likelihood is underflown
Pattern 341 likelihood is underflown
Pattern 343 likelihood is underflown
Pattern 346 likelihood is underflown
Pattern 347 likelihood is underflown
Pattern 349 likelihood is underflown
Pattern 353 likelihood is underflown
Pattern 356 likelihood is underflown
Pattern 360 likelihood is underflown
Pattern 362 likelihood is underflown
Pattern 367 likelihood is underflown
Pattern 368 likelihood is underflown
Pattern 370 likelihood is underflown
Pattern 371 likelihood is underflown
Pattern 372 likelihood is underflown
Pattern 376 likelihood is underflown
Pattern 380 likelihood is underflown
Pattern 382 likelihood is underflown
Pattern 383 likelihood is underflown
Pattern 385 likelihood is underflown
Pattern 387 likelihood is underflown
Pattern 388 likelihood is underflown
Pattern 390 likelihood is underflown
Pattern 395 likelihood is underflown
Pattern 400 likelihood is underflown
Pattern 409 likelihood is underflown
Pattern 419 likelihood is underflown
Pattern 428 likelihood is underflown
Pattern 429 likelihood is underflown
Pattern 431 likelihood is underflown
Pattern 437 likelihood is underflown
Pattern 440 likelihood is underflown
Pattern 444 likelihood is underflown
Pattern 445 likelihood is underflown
Pattern 446 likelihood is underflown
Pattern 449 likelihood is underflown
Pattern 450 likelihood is underflown
Pattern 451 likelihood is underflown
Pattern 452 likelihood is underflown
Pattern 454 likelihood is underflown
Pattern 460 likelihood is underflown
Pattern 461 likelihood is underflown
Pattern 464 likelihood is underflown
Pattern 465 likelihood is underflown
Pattern 468 likelihood is underflown
Pattern 469 likelihood is underflown
Pattern 472 likelihood is underflown
Pattern 475 likelihood is underflown
Pattern 476 likelihood is underflown
Pattern 477 likelihood is underflown
Pattern 485 likelihood is underflown
Pattern 486 likelihood is underflown
Pattern 489 likelihood is underflown
Pattern 490 likelihood is underflown
Pattern 491 likelihood is underflown
Pattern 492 likelihood is underflown
Pattern 494 likelihood is underflown
Pattern 498 likelihood is underflown
Pattern 499 likelihood is underflown
Pattern 502 likelihood is underflown
Pattern 503 likelihood is underflown
Pattern 504 likelihood is underflown
Pattern 505 likelihood is underflown
Pattern 506 likelihood is underflown
Pattern 507 likelihood is underflown
Pattern 510 likelihood is underflown
Pattern 511 likelihood is underflown
Pattern 514 likelihood is underflown
WARNING: Numerical underflow for lh-branch, use `-safe` option to avoid this warning
Pattern 9 likelihood is underflown
Pattern 14 likelihood is underflown
Pattern 19 likelihood is underflown
Pattern 20 likelihood is underflown
Pattern 28 likelihood is underflown
Pattern 38 likelihood is underflown
Pattern 39 likelihood is underflown
Pattern 41 likelihood is underflown
Pattern 43 likelihood is underflown
Pattern 57 likelihood is underflown
Pattern 59 likelihood is underflown
Pattern 63 likelihood is underflown
Pattern 65 likelihood is underflown
Pattern 66 likelihood is underflown
Pattern 67 likelihood is underflown
Pattern 72 likelihood is underflown
Pattern 73 likelihood is underflown
Pattern 75 likelihood is underflown
Pattern 76 likelihood is underflown
Pattern 77 likelihood is underflown
Pattern 78 likelihood is underflown
Pattern 85 likelihood is underflown
Pattern 90 likelihood is underflown
Pattern 91 likelihood is underflown
Pattern 93 likelihood is underflown
Pattern 95 likelihood is underflown
Pattern 96 likelihood is underflown
Pattern 98 likelihood is underflown
Pattern 99 likelihood is underflown
Pattern 101 likelihood is underflown
Pattern 102 likelihood is underflown
Pattern 103 likelihood is underflown
Pattern 104 likelihood is underflown
Pattern 106 likelihood is underflown
Pattern 109 likelihood is underflown
Pattern 110 likelihood is underflown
Pattern 111 likelihood is underflown
Pattern 112 likelihood is underflown
Pattern 113 likelihood is underflown
Pattern 114 likelihood is underflown
Pattern 115 likelihood is underflown
Pattern 117 likelihood is underflown
Pattern 119 likelihood is underflown
Pattern 124 likelihood is underflown
Pattern 126 likelihood is underflown
Pattern 128 likelihood is underflown
Pattern 130 likelihood is underflown
Pattern 131 likelihood is underflown
Pattern 132 likelihood is underflown
Pattern 134 likelihood is underflown
Pattern 135 likelihood is underflown
Pattern 137 likelihood is underflown
Pattern 138 likelihood is underflown
Pattern 144 likelihood is underflown
Pattern 145 likelihood is underflown
Pattern 147 likelihood is underflown
Pattern 153 likelihood is underflown
Pattern 154 likelihood is underflown
Pattern 159 likelihood is underflown
Pattern 161 likelihood is underflown
Pattern 166 likelihood is underflown
Pattern 177 likelihood is underflown
Pattern 179 likelihood is underflown
Pattern 180 likelihood is underflown
Pattern 181 likelihood is underflown
Pattern 183 likelihood is underflown
Pattern 184 likelihood is underflown
Pattern 186 likelihood is underflown
Pattern 187 likelihood is underflown
Pattern 191 likelihood is underflown
Pattern 193 likelihood is underflown
Pattern 195 likelihood is underflown
Pattern 197 likelihood is underflown
Pattern 198 likelihood is underflown
Pattern 199 likelihood is underflown
Pattern 200 likelihood is underflown
Pattern 205 likelihood is underflown
Pattern 206 likelihood is underflown
Pattern 208 likelihood is underflown
Pattern 209 likelihood is underflown
Pattern 210 likelihood is underflown
Pattern 212 likelihood is underflown
Pattern 213 likelihood is underflown
Pattern 214 likelihood is underflown
Pattern 215 likelihood is underflown
Pattern 216 likelihood is underflown
Pattern 217 likelihood is underflown
Pattern 227 likelihood is underflown
Pattern 228 likelihood is underflown
Pattern 231 likelihood is underflown
Pattern 233 likelihood is underflown
Pattern 234 likelihood is underflown
Pattern 241 likelihood is underflown
Pattern 243 likelihood is underflown
Pattern 244 likelihood is underflown
Pattern 245 likelihood is underflown
Pattern 252 likelihood is underflown
Pattern 253 likelihood is underflown
Pattern 256 likelihood is underflown
Pattern 257 likelihood is underflown
Pattern 262 likelihood is underflown
Pattern 264 likelihood is underflown
Pattern 265 likelihood is underflown
Pattern 267 likelihood is underflown
Pattern 270 likelihood is underflown
Pattern 274 likelihood is underflown
Pattern 275 likelihood is underflown
Pattern 276 likelihood is underflown
Pattern 277 likelihood is underflown
Pattern 278 likelihood is underflown
Pattern 289 likelihood is underflown
Pattern 296 likelihood is underflown
Pattern 302 likelihood is underflown
Pattern 303 likelihood is underflown
Pattern 304 likelihood is underflown
Pattern 305 likelihood is underflown
Pattern 306 likelihood is underflown
Pattern 308 likelihood is underflown
Pattern 309 likelihood is underflown
Pattern 312 likelihood is underflown
Pattern 314 likelihood is underflown
Pattern 315 likelihood is underflown
Pattern 317 likelihood is underflown
Pattern 320 likelihood is underflown
Pattern 322 likelihood is underflown
Pattern 323 likelihood is underflown
Pattern 326 likelihood is underflown
Pattern 328 likelihood is underflown
Pattern 329 likelihood is underflown
Pattern 335 likelihood is underflown
Pattern 336 likelihood is underflown
Pattern 341 likelihood is underflown
Pattern 343 likelihood is underflown
Pattern 346 likelihood is underflown
Pattern 347 likelihood is underflown
Pattern 349 likelihood is underflown
Pattern 353 likelihood is underflown
Pattern 356 likelihood is underflown
Pattern 360 likelihood is underflown
Pattern 362 likelihood is underflown
Pattern 367 likelihood is underflown
Pattern 368 likelihood is underflown
Pattern 370 likelihood is underflown
Pattern 371 likelihood is underflown
Pattern 372 likelihood is underflown
Pattern 376 likelihood is underflown
Pattern 380 likelihood is underflown
Pattern 382 likelihood is underflown
Pattern 383 likelihood is underflown
Pattern 385 likelihood is underflown
Pattern 387 likelihood is underflown
Pattern 388 likelihood is underflown
Pattern 390 likelihood is underflown
Pattern 395 likelihood is underflown
Pattern 400 likelihood is underflown
Pattern 409 likelihood is underflown
Pattern 419 likelihood is underflown
Pattern 428 likelihood is underflown
Pattern 429 likelihood is underflown
Pattern 431 likelihood is underflown
Pattern 437 likelihood is underflown
Pattern 440 likelihood is underflown
Pattern 444 likelihood is underflown
Pattern 445 likelihood is underflown
Pattern 446 likelihood is underflown
Pattern 449 likelihood is underflown
Pattern 450 likelihood is underflown
Pattern 451 likelihood is underflown
Pattern 452 likelihood is underflown
Pattern 454 likelihood is underflown
Pattern 460 likelihood is underflown
Pattern 461 likelihood is underflown
Pattern 464 likelihood is underflown
Pattern 465 likelihood is underflown
Pattern 468 likelihood is underflown
Pattern 469 likelihood is underflown
Pattern 472 likelihood is underflown
Pattern 475 likelihood is underflown
Pattern 476 likelihood is underflown
Pattern 477 likelihood is underflown
Pattern 485 likelihood is underflown
Pattern 486 likelihood is underflown
Pattern 489 likelihood is underflown
Pattern 490 likelihood is underflown
Pattern 491 likelihood is underflown
Pattern 492 likelihood is underflown
Pattern 494 likelihood is underflown
Pattern 498 likelihood is underflown
Pattern 499 likelihood is underflown
Pattern 502 likelihood is underflown
Pattern 503 likelihood is underflown
Pattern 504 likelihood is underflown
Pattern 505 likelihood is underflown
Pattern 506 likelihood is underflown
Pattern 507 likelihood is underflown
Pattern 510 likelihood is underflown
Pattern 511 likelihood is underflown
Pattern 514 likelihood is underflown
WARNING: Numerical underflow for lh-branch, use `-safe` option to avoid this warning
Pattern 9 likelihood is underflown
Pattern 14 likelihood is underflown
Pattern 19 likelihood is underflown
Pattern 20 likelihood is underflown
Pattern 28 likelihood is underflown
Pattern 38 likelihood is underflown
Pattern 39 likelihood is underflown
Pattern 41 likelihood is underflown
Pattern 43 likelihood is underflown
Pattern 57 likelihood is underflown
Pattern 59 likelihood is underflown
Pattern 63 likelihood is underflown
Pattern 65 likelihood is underflown
Pattern 66 likelihood is underflown
Pattern 67 likelihood is underflown
Pattern 72 likelihood is underflown
Pattern 73 likelihood is underflown
Pattern 75 likelihood is underflown
Pattern 76 likelihood is underflown
Pattern 77 likelihood is underflown
Pattern 78 likelihood is underflown
Pattern 85 likelihood is underflown
Pattern 90 likelihood is underflown
Pattern 91 likelihood is underflown
Pattern 93 likelihood is underflown
Pattern 95 likelihood is underflown
Pattern 96 likelihood is underflown
Pattern 98 likelihood is underflown
Pattern 99 likelihood is underflown
Pattern 101 likelihood is underflown
Pattern 102 likelihood is underflown
Pattern 103 likelihood is underflown
Pattern 104 likelihood is underflown
Pattern 106 likelihood is underflown
Pattern 109 likelihood is underflown
Pattern 110 likelihood is underflown
Pattern 111 likelihood is underflown
Pattern 112 likelihood is underflown
Pattern 113 likelihood is underflown
Pattern 114 likelihood is underflown
Pattern 115 likelihood is underflown
Pattern 117 likelihood is underflown
Pattern 119 likelihood is underflown
Pattern 124 likelihood is underflown
Pattern 126 likelihood is underflown
Pattern 128 likelihood is underflown
Pattern 130 likelihood is underflown
Pattern 131 likelihood is underflown
Pattern 132 likelihood is underflown
Pattern 134 likelihood is underflown
Pattern 135 likelihood is underflown
Pattern 137 likelihood is underflown
Pattern 138 likelihood is underflown
Pattern 144 likelihood is underflown
Pattern 145 likelihood is underflown
Pattern 147 likelihood is underflown
Pattern 153 likelihood is underflown
Pattern 154 likelihood is underflown
Pattern 159 likelihood is underflown
Pattern 161 likelihood is underflown
Pattern 166 likelihood is underflown
Pattern 177 likelihood is underflown
Pattern 179 likelihood is underflown
Pattern 180 likelihood is underflown
Pattern 181 likelihood is underflown
Pattern 183 likelihood is underflown
Pattern 184 likelihood is underflown
Pattern 186 likelihood is underflown
Pattern 187 likelihood is underflown
Pattern 191 likelihood is underflown
Pattern 193 likelihood is underflown
Pattern 195 likelihood is underflown
Pattern 197 likelihood is underflown
Pattern 198 likelihood is underflown
Pattern 199 likelihood is underflown
Pattern 200 likelihood is underflown
Pattern 205 likelihood is underflown
Pattern 206 likelihood is underflown
Pattern 208 likelihood is underflown
Pattern 209 likelihood is underflown
Pattern 210 likelihood is underflown
Pattern 212 likelihood is underflown
Pattern 213 likelihood is underflown
Pattern 214 likelihood is underflown
Pattern 215 likelihood is underflown
Pattern 216 likelihood is underflown
Pattern 217 likelihood is underflown
Pattern 227 likelihood is underflown
Pattern 228 likelihood is underflown
Pattern 231 likelihood is underflown
Pattern 233 likelihood is underflown
Pattern 234 likelihood is underflown
Pattern 241 likelihood is underflown
Pattern 243 likelihood is underflown
Pattern 244 likelihood is underflown
Pattern 245 likelihood is underflown
Pattern 252 likelihood is underflown
Pattern 253 likelihood is underflown
Pattern 256 likelihood is underflown
Pattern 257 likelihood is underflown
Pattern 262 likelihood is underflown
Pattern 264 likelihood is underflown
Pattern 265 likelihood is underflown
Pattern 267 likelihood is underflown
Pattern 270 likelihood is underflown
Pattern 274 likelihood is underflown
Pattern 275 likelihood is underflown
Pattern 276 likelihood is underflown
Pattern 277 likelihood is underflown
Pattern 278 likelihood is underflown
Pattern 289 likelihood is underflown
Pattern 296 likelihood is underflown
Pattern 302 likelihood is underflown
Pattern 303 likelihood is underflown
Pattern 304 likelihood is underflown
Pattern 305 likelihood is underflown
Pattern 306 likelihood is underflown
Pattern 308 likelihood is underflown
Pattern 309 likelihood is underflown
Pattern 312 likelihood is underflown
Pattern 314 likelihood is underflown
Pattern 315 likelihood is underflown
Pattern 317 likelihood is underflown
Pattern 320 likelihood is underflown
Pattern 322 likelihood is underflown
Pattern 323 likelihood is underflown
Pattern 326 likelihood is underflown
Pattern 328 likelihood is underflown
Pattern 329 likelihood is underflown
Pattern 335 likelihood is underflown
Pattern 336 likelihood is underflown
Pattern 341 likelihood is underflown
Pattern 343 likelihood is underflown
Pattern 346 likelihood is underflown
Pattern 347 likelihood is underflown
Pattern 349 likelihood is underflown
Pattern 353 likelihood is underflown
Pattern 356 likelihood is underflown
Pattern 360 likelihood is underflown
Pattern 362 likelihood is underflown
Pattern 367 likelihood is underflown
Pattern 368 likelihood is underflown
Pattern 370 likelihood is underflown
Pattern 371 likelihood is underflown
Pattern 372 likelihood is underflown
Pattern 376 likelihood is underflown
Pattern 380 likelihood is underflown
Pattern 382 likelihood is underflown
Pattern 383 likelihood is underflown
Pattern 385 likelihood is underflown
Pattern 387 likelihood is underflown
Pattern 388 likelihood is underflown
Pattern 390 likelihood is underflown
Pattern 395 likelihood is underflown
Pattern 400 likelihood is underflown
Pattern 409 likelihood is underflown
Pattern 419 likelihood is underflown
Pattern 428 likelihood is underflown
Pattern 429 likelihood is underflown
Pattern 431 likelihood is underflown
Pattern 437 likelihood is underflown
Pattern 440 likelihood is underflown
Pattern 444 likelihood is underflown
Pattern 445 likelihood is underflown
Pattern 446 likelihood is underflown
Pattern 449 likelihood is underflown
Pattern 450 likelihood is underflown
Pattern 451 likelihood is underflown
Pattern 452 likelihood is underflown
Pattern 454 likelihood is underflown
Pattern 460 likelihood is underflown
Pattern 461 likelihood is underflown
Pattern 464 likelihood is underflown
Pattern 465 likelihood is underflown
Pattern 468 likelihood is underflown
Pattern 469 likelihood is underflown
Pattern 472 likelihood is underflown
Pattern 475 likelihood is underflown
Pattern 476 likelihood is underflown
Pattern 477 likelihood is underflown
Pattern 485 likelihood is underflown
Pattern 486 likelihood is underflown
Pattern 489 likelihood is underflown
Pattern 490 likelihood is underflown
Pattern 491 likelihood is underflown
Pattern 492 likelihood is underflown
Pattern 494 likelihood is underflown
Pattern 498 likelihood is underflown
Pattern 499 likelihood is underflown
Pattern 502 likelihood is underflown
Pattern 503 likelihood is underflown
Pattern 504 likelihood is underflown
Pattern 505 likelihood is underflown
Pattern 506 likelihood is underflown
Pattern 507 likelihood is underflown
Pattern 510 likelihood is underflown
Pattern 511 likelihood is underflown
Pattern 514 likelihood is underflown
WARNING: Numerical underflow for lh-branch, use `-safe` option to avoid this warning
Pattern 9 likelihood is underflown
Pattern 14 likelihood is underflown
Pattern 19 likelihood is underflown
Pattern 20 likelihood is underflown
Pattern 28 likelihood is underflown
Pattern 38 likelihood is underflown
Pattern 39 likelihood is underflown
Pattern 41 likelihood is underflown
Pattern 43 likelihood is underflown
Pattern 57 likelihood is underflown
Pattern 59 likelihood is underflown
Pattern 63 likelihood is underflown
Pattern 65 likelihood is underflown
Pattern 66 likelihood is underflown
Pattern 67 likelihood is underflown
Pattern 72 likelihood is underflown
Pattern 73 likelihood is underflown
Pattern 75 likelihood is underflown
Pattern 76 likelihood is underflown
Pattern 77 likelihood is underflown
Pattern 78 likelihood is underflown
Pattern 85 likelihood is underflown
Pattern 90 likelihood is underflown
Pattern 91 likelihood is underflown
Pattern 93 likelihood is underflown
Pattern 95 likelihood is underflown
Pattern 96 likelihood is underflown
Pattern 98 likelihood is underflown
Pattern 99 likelihood is underflown
Pattern 101 likelihood is underflown
Pattern 102 likelihood is underflown
Pattern 103 likelihood is underflown
Pattern 104 likelihood is underflown
Pattern 106 likelihood is underflown
Pattern 109 likelihood is underflown
Pattern 110 likelihood is underflown
Pattern 111 likelihood is underflown
Pattern 112 likelihood is underflown
Pattern 113 likelihood is underflown
Pattern 114 likelihood is underflown
Pattern 115 likelihood is underflown
Pattern 117 likelihood is underflown
Pattern 119 likelihood is underflown
Pattern 124 likelihood is underflown
Pattern 126 likelihood is underflown
Pattern 128 likelihood is underflown
Pattern 130 likelihood is underflown
Pattern 131 likelihood is underflown
Pattern 132 likelihood is underflown
Pattern 134 likelihood is underflown
Pattern 135 likelihood is underflown
Pattern 137 likelihood is underflown
Pattern 138 likelihood is underflown
Pattern 144 likelihood is underflown
Pattern 145 likelihood is underflown
Pattern 147 likelihood is underflown
Pattern 153 likelihood is underflown
Pattern 154 likelihood is underflown
Pattern 159 likelihood is underflown
Pattern 161 likelihood is underflown
Pattern 166 likelihood is underflown
Pattern 177 likelihood is underflown
Pattern 179 likelihood is underflown
Pattern 180 likelihood is underflown
Pattern 181 likelihood is underflown
Pattern 183 likelihood is underflown
Pattern 184 likelihood is underflown
Pattern 186 likelihood is underflown
Pattern 187 likelihood is underflown
Pattern 191 likelihood is underflown
Pattern 193 likelihood is underflown
Pattern 195 likelihood is underflown
Pattern 197 likelihood is underflown
Pattern 198 likelihood is underflown
Pattern 199 likelihood is underflown
Pattern 200 likelihood is underflown
Pattern 205 likelihood is underflown
Pattern 206 likelihood is underflown
Pattern 208 likelihood is underflown
Pattern 209 likelihood is underflown
Pattern 210 likelihood is underflown
Pattern 212 likelihood is underflown
Pattern 213 likelihood is underflown
Pattern 214 likelihood is underflown
Pattern 215 likelihood is underflown
Pattern 216 likelihood is underflown
Pattern 217 likelihood is underflown
Pattern 227 likelihood is underflown
Pattern 228 likelihood is underflown
Pattern 231 likelihood is underflown
Pattern 233 likelihood is underflown
Pattern 234 likelihood is underflown
Pattern 241 likelihood is underflown
Pattern 243 likelihood is underflown
Pattern 244 likelihood is underflown
Pattern 245 likelihood is underflown
Pattern 252 likelihood is underflown
Pattern 253 likelihood is underflown
Pattern 256 likelihood is underflown
Pattern 257 likelihood is underflown
Pattern 262 likelihood is underflown
Pattern 264 likelihood is underflown
Pattern 265 likelihood is underflown
Pattern 267 likelihood is underflown
Pattern 270 likelihood is underflown
Pattern 274 likelihood is underflown
Pattern 275 likelihood is underflown
Pattern 276 likelihood is underflown
Pattern 277 likelihood is underflown
Pattern 278 likelihood is underflown
Pattern 289 likelihood is underflown
Pattern 296 likelihood is underflown
Pattern 302 likelihood is underflown
Pattern 303 likelihood is underflown
Pattern 304 likelihood is underflown
Pattern 305 likelihood is underflown
Pattern 306 likelihood is underflown
Pattern 308 likelihood is underflown
Pattern 309 likelihood is underflown
Pattern 312 likelihood is underflown
Pattern 314 likelihood is underflown
Pattern 315 likelihood is underflown
Pattern 317 likelihood is underflown
Pattern 320 likelihood is underflown
Pattern 322 likelihood is underflown
Pattern 323 likelihood is underflown
Pattern 326 likelihood is underflown
Pattern 328 likelihood is underflown
Pattern 329 likelihood is underflown
Pattern 335 likelihood is underflown
Pattern 336 likelihood is underflown
Pattern 341 likelihood is underflown
Pattern 343 likelihood is underflown
Pattern 346 likelihood is underflown
Pattern 347 likelihood is underflown
Pattern 349 likelihood is underflown
Pattern 353 likelihood is underflown
Pattern 356 likelihood is underflown
Pattern 360 likelihood is underflown
Pattern 362 likelihood is underflown
Pattern 367 likelihood is underflown
Pattern 368 likelihood is underflown
Pattern 370 likelihood is underflown
Pattern 371 likelihood is underflown
Pattern 372 likelihood is underflown
Pattern 376 likelihood is underflown
Pattern 380 likelihood is underflown
Pattern 382 likelihood is underflown
Pattern 383 likelihood is underflown
Pattern 385 likelihood is underflown
Pattern 387 likelihood is underflown
Pattern 388 likelihood is underflown
Pattern 390 likelihood is underflown
Pattern 395 likelihood is underflown
Pattern 400 likelihood is underflown
Pattern 409 likelihood is underflown
Pattern 419 likelihood is underflown
Pattern 428 likelihood is underflown
Pattern 429 likelihood is underflown
Pattern 431 likelihood is underflown
Pattern 437 likelihood is underflown
Pattern 440 likelihood is underflown
Pattern 444 likelihood is underflown
Pattern 445 likelihood is underflown
Pattern 446 likelihood is underflown
Pattern 449 likelihood is underflown
Pattern 450 likelihood is underflown
Pattern 451 likelihood is underflown
Pattern 452 likelihood is underflown
Pattern 454 likelihood is underflown
Pattern 460 likelihood is underflown
Pattern 461 likelihood is underflown
Pattern 464 likelihood is underflown
Pattern 465 likelihood is underflown
Pattern 468 likelihood is underflown
Pattern 469 likelihood is underflown
Pattern 472 likelihood is underflown
Pattern 475 likelihood is underflown
Pattern 476 likelihood is underflown
Pattern 477 likelihood is underflown
Pattern 485 likelihood is underflown
Pattern 486 likelihood is underflown
Pattern 489 likelihood is underflown
Pattern 490 likelihood is underflown
Pattern 491 likelihood is underflown
Pattern 492 likelihood is underflown
Pattern 494 likelihood is underflown
Pattern 498 likelihood is underflown
Pattern 499 likelihood is underflown
Pattern 502 likelihood is underflown
Pattern 503 likelihood is underflown
Pattern 504 likelihood is underflown
Pattern 505 likelihood is underflown
Pattern 506 likelihood is underflown
Pattern 507 likelihood is underflown
Pattern 510 likelihood is underflown
Pattern 511 likelihood is underflown
Pattern 514 likelihood is underflown
WARNING: Numerical underflow for lh-branch, use `-safe` option to avoid this warning
Pattern 9 likelihood is underflown
Pattern 14 likelihood is underflown
Pattern 19 likelihood is underflown
Pattern 20 likelihood is underflown
Pattern 28 likelihood is underflown
Pattern 38 likelihood is underflown
Pattern 39 likelihood is underflown
Pattern 41 likelihood is underflown
Pattern 43 likelihood is underflown
Pattern 57 likelihood is underflown
Pattern 59 likelihood is underflown
Pattern 63 likelihood is underflown
Pattern 65 likelihood is underflown
Pattern 66 likelihood is underflown
Pattern 67 likelihood is underflown
Pattern 72 likelihood is underflown
Pattern 73 likelihood is underflown
Pattern 75 likelihood is underflown
Pattern 76 likelihood is underflown
Pattern 77 likelihood is underflown
Pattern 78 likelihood is underflown
Pattern 85 likelihood is underflown
Pattern 90 likelihood is underflown
Pattern 91 likelihood is underflown
Pattern 93 likelihood is underflown
Pattern 95 likelihood is underflown
Pattern 96 likelihood is underflown
Pattern 98 likelihood is underflown
Pattern 99 likelihood is underflown
Pattern 101 likelihood is underflown
Pattern 102 likelihood is underflown
Pattern 103 likelihood is underflown
Pattern 104 likelihood is underflown
Pattern 106 likelihood is underflown
Pattern 109 likelihood is underflown
Pattern 110 likelihood is underflown
Pattern 111 likelihood is underflown
Pattern 112 likelihood is underflown
Pattern 113 likelihood is underflown
Pattern 114 likelihood is underflown
Pattern 115 likelihood is underflown
Pattern 117 likelihood is underflown
Pattern 119 likelihood is underflown
Pattern 124 likelihood is underflown
Pattern 126 likelihood is underflown
Pattern 128 likelihood is underflown
Pattern 130 likelihood is underflown
Pattern 131 likelihood is underflown
Pattern 132 likelihood is underflown
Pattern 134 likelihood is underflown
Pattern 135 likelihood is underflown
Pattern 137 likelihood is underflown
Pattern 138 likelihood is underflown
Pattern 144 likelihood is underflown
Pattern 145 likelihood is underflown
Pattern 147 likelihood is underflown
Pattern 153 likelihood is underflown
Pattern 154 likelihood is underflown
Pattern 159 likelihood is underflown
Pattern 161 likelihood is underflown
Pattern 166 likelihood is underflown
Pattern 177 likelihood is underflown
Pattern 179 likelihood is underflown
Pattern 180 likelihood is underflown
Pattern 181 likelihood is underflown
Pattern 183 likelihood is underflown
Pattern 184 likelihood is underflown
Pattern 186 likelihood is underflown
Pattern 187 likelihood is underflown
Pattern 191 likelihood is underflown
Pattern 193 likelihood is underflown
Pattern 195 likelihood is underflown
Pattern 197 likelihood is underflown
Pattern 198 likelihood is underflown
Pattern 199 likelihood is underflown
Pattern 200 likelihood is underflown
Pattern 205 likelihood is underflown
Pattern 206 likelihood is underflown
Pattern 208 likelihood is underflown
Pattern 209 likelihood is underflown
Pattern 210 likelihood is underflown
Pattern 212 likelihood is underflown
Pattern 213 likelihood is underflown
Pattern 214 likelihood is underflown
Pattern 215 likelihood is underflown
Pattern 216 likelihood is underflown
Pattern 217 likelihood is underflown
Pattern 227 likelihood is underflown
Pattern 228 likelihood is underflown
Pattern 231 likelihood is underflown
Pattern 233 likelihood is underflown
Pattern 234 likelihood is underflown
Pattern 241 likelihood is underflown
Pattern 243 likelihood is underflown
Pattern 244 likelihood is underflown
Pattern 245 likelihood is underflown
Pattern 252 likelihood is underflown
Pattern 253 likelihood is underflown
Pattern 256 likelihood is underflown
Pattern 257 likelihood is underflown
Pattern 262 likelihood is underflown
Pattern 264 likelihood is underflown
Pattern 265 likelihood is underflown
Pattern 267 likelihood is underflown
Pattern 270 likelihood is underflown
Pattern 274 likelihood is underflown
Pattern 275 likelihood is underflown
Pattern 276 likelihood is underflown
Pattern 277 likelihood is underflown
Pattern 278 likelihood is underflown
Pattern 289 likelihood is underflown
Pattern 296 likelihood is underflown
Pattern 302 likelihood is underflown
Pattern 303 likelihood is underflown
Pattern 304 likelihood is underflown
Pattern 305 likelihood is underflown
Pattern 306 likelihood is underflown
Pattern 308 likelihood is underflown
Pattern 309 likelihood is underflown
Pattern 312 likelihood is underflown
Pattern 314 likelihood is underflown
Pattern 315 likelihood is underflown
Pattern 317 likelihood is underflown
Pattern 320 likelihood is underflown
Pattern 322 likelihood is underflown
Pattern 323 likelihood is underflown
Pattern 326 likelihood is underflown
Pattern 328 likelihood is underflown
Pattern 329 likelihood is underflown
Pattern 335 likelihood is underflown
Pattern 336 likelihood is underflown
Pattern 341 likelihood is underflown
Pattern 343 likelihood is underflown
Pattern 346 likelihood is underflown
Pattern 347 likelihood is underflown
Pattern 349 likelihood is underflown
Pattern 353 likelihood is underflown
Pattern 356 likelihood is underflown
Pattern 360 likelihood is underflown
Pattern 362 likelihood is underflown
Pattern 367 likelihood is underflown
Pattern 368 likelihood is underflown
Pattern 370 likelihood is underflown
Pattern 371 likelihood is underflown
Pattern 372 likelihood is underflown
Pattern 376 likelihood is underflown
Pattern 380 likelihood is underflown
Pattern 382 likelihood is underflown
Pattern 383 likelihood is underflown
Pattern 385 likelihood is underflown
Pattern 387 likelihood is underflown
Pattern 388 likelihood is underflown
Pattern 390 likelihood is underflown
Pattern 395 likelihood is underflown
Pattern 400 likelihood is underflown
Pattern 409 likelihood is underflown
Pattern 419 likelihood is underflown
Pattern 428 likelihood is underflown
Pattern 429 likelihood is underflown
Pattern 431 likelihood is underflown
Pattern 437 likelihood is underflown
Pattern 440 likelihood is underflown
Pattern 444 likelihood is underflown
Pattern 445 likelihood is underflown
Pattern 446 likelihood is underflown
Pattern 449 likelihood is underflown
Pattern 450 likelihood is underflown
Pattern 451 likelihood is underflown
Pattern 452 likelihood is underflown
Pattern 454 likelihood is underflown
Pattern 460 likelihood is underflown
Pattern 461 likelihood is underflown
Pattern 464 likelihood is underflown
Pattern 465 likelihood is underflown
Pattern 468 likelihood is underflown
Pattern 469 likelihood is underflown
Pattern 472 likelihood is underflown
Pattern 475 likelihood is underflown
Pattern 476 likelihood is underflown
Pattern 477 likelihood is underflown
Pattern 485 likelihood is underflown
Pattern 486 likelihood is underflown
Pattern 489 likelihood is underflown
Pattern 490 likelihood is underflown
Pattern 491 likelihood is underflown
Pattern 492 likelihood is underflown
Pattern 494 likelihood is underflown
Pattern 498 likelihood is underflown
Pattern 499 likelihood is underflown
Pattern 502 likelihood is underflown
Pattern 503 likelihood is underflown
Pattern 504 likelihood is underflown
Pattern 505 likelihood is underflown
Pattern 506 likelihood is underflown
Pattern 507 likelihood is underflown
Pattern 510 likelihood is underflown
Pattern 511 likelihood is underflown
Pattern 514 likelihood is underflown
WARNING: Numerical underflow for lh-branch, use `-safe` option to avoid this warning
Pattern 9 likelihood is underflown
Pattern 14 likelihood is underflown
Pattern 19 likelihood is underflown
Pattern 20 likelihood is underflown
Pattern 28 likelihood is underflown
Pattern 38 likelihood is underflown
Pattern 39 likelihood is underflown
Pattern 41 likelihood is underflown
Pattern 43 likelihood is underflown
Pattern 57 likelihood is underflown
Pattern 59 likelihood is underflown
Pattern 63 likelihood is underflown
Pattern 65 likelihood is underflown
Pattern 66 likelihood is underflown
Pattern 67 likelihood is underflown
Pattern 72 likelihood is underflown
Pattern 73 likelihood is underflown
Pattern 75 likelihood is underflown
Pattern 76 likelihood is underflown
Pattern 77 likelihood is underflown
Pattern 78 likelihood is underflown
Pattern 85 likelihood is underflown
Pattern 90 likelihood is underflown
Pattern 91 likelihood is underflown
Pattern 93 likelihood is underflown
Pattern 95 likelihood is underflown
Pattern 96 likelihood is underflown
Pattern 98 likelihood is underflown
Pattern 99 likelihood is underflown
Pattern 101 likelihood is underflown
Pattern 102 likelihood is underflown
Pattern 103 likelihood is underflown
Pattern 104 likelihood is underflown
Pattern 106 likelihood is underflown
Pattern 109 likelihood is underflown
Pattern 110 likelihood is underflown
Pattern 111 likelihood is underflown
Pattern 112 likelihood is underflown
Pattern 113 likelihood is underflown
Pattern 114 likelihood is underflown
Pattern 115 likelihood is underflown
Pattern 117 likelihood is underflown
Pattern 119 likelihood is underflown
Pattern 124 likelihood is underflown
Pattern 126 likelihood is underflown
Pattern 128 likelihood is underflown
Pattern 130 likelihood is underflown
Pattern 131 likelihood is underflown
Pattern 132 likelihood is underflown
Pattern 134 likelihood is underflown
Pattern 135 likelihood is underflown
Pattern 137 likelihood is underflown
Pattern 138 likelihood is underflown
Pattern 144 likelihood is underflown
Pattern 145 likelihood is underflown
Pattern 147 likelihood is underflown
Pattern 153 likelihood is underflown
Pattern 154 likelihood is underflown
Pattern 159 likelihood is underflown
Pattern 161 likelihood is underflown
Pattern 166 likelihood is underflown
Pattern 177 likelihood is underflown
Pattern 179 likelihood is underflown
Pattern 180 likelihood is underflown
Pattern 181 likelihood is underflown
Pattern 183 likelihood is underflown
Pattern 184 likelihood is underflown
Pattern 186 likelihood is underflown
Pattern 187 likelihood is underflown
Pattern 191 likelihood is underflown
Pattern 193 likelihood is underflown
Pattern 195 likelihood is underflown
Pattern 197 likelihood is underflown
Pattern 198 likelihood is underflown
Pattern 199 likelihood is underflown
Pattern 200 likelihood is underflown
Pattern 205 likelihood is underflown
Pattern 206 likelihood is underflown
Pattern 208 likelihood is underflown
Pattern 209 likelihood is underflown
Pattern 210 likelihood is underflown
Pattern 212 likelihood is underflown
Pattern 213 likelihood is underflown
Pattern 214 likelihood is underflown
Pattern 215 likelihood is underflown
Pattern 216 likelihood is underflown
Pattern 217 likelihood is underflown
Pattern 227 likelihood is underflown
Pattern 228 likelihood is underflown
Pattern 231 likelihood is underflown
Pattern 233 likelihood is underflown
Pattern 234 likelihood is underflown
Pattern 241 likelihood is underflown
Pattern 243 likelihood is underflown
Pattern 244 likelihood is underflown
Pattern 245 likelihood is underflown
Pattern 252 likelihood is underflown
Pattern 253 likelihood is underflown
Pattern 256 likelihood is underflown
Pattern 257 likelihood is underflown
Pattern 262 likelihood is underflown
Pattern 264 likelihood is underflown
Pattern 265 likelihood is underflown
Pattern 267 likelihood is underflown
Pattern 270 likelihood is underflown
Pattern 274 likelihood is underflown
Pattern 275 likelihood is underflown
Pattern 276 likelihood is underflown
Pattern 277 likelihood is underflown
Pattern 278 likelihood is underflown
Pattern 289 likelihood is underflown
Pattern 296 likelihood is underflown
Pattern 302 likelihood is underflown
Pattern 303 likelihood is underflown
Pattern 304 likelihood is underflown
Pattern 305 likelihood is underflown
Pattern 306 likelihood is underflown
Pattern 308 likelihood is underflown
Pattern 309 likelihood is underflown
Pattern 312 likelihood is underflown
Pattern 314 likelihood is underflown
Pattern 315 likelihood is underflown
Pattern 317 likelihood is underflown
Pattern 320 likelihood is underflown
Pattern 322 likelihood is underflown
Pattern 323 likelihood is underflown
Pattern 326 likelihood is underflown
Pattern 328 likelihood is underflown
Pattern 329 likelihood is underflown
Pattern 335 likelihood is underflown
Pattern 336 likelihood is underflown
Pattern 341 likelihood is underflown
Pattern 343 likelihood is underflown
Pattern 346 likelihood is underflown
Pattern 347 likelihood is underflown
Pattern 349 likelihood is underflown
Pattern 353 likelihood is underflown
Pattern 356 likelihood is underflown
Pattern 360 likelihood is underflown
Pattern 362 likelihood is underflown
Pattern 367 likelihood is underflown
Pattern 368 likelihood is underflown
Pattern 370 likelihood is underflown
Pattern 371 likelihood is underflown
Pattern 372 likelihood is underflown
Pattern 376 likelihood is underflown
Pattern 380 likelihood is underflown
Pattern 382 likelihood is underflown
Pattern 383 likelihood is underflown
Pattern 385 likelihood is underflown
Pattern 387 likelihood is underflown
Pattern 388 likelihood is underflown
Pattern 390 likelihood is underflown
Pattern 395 likelihood is underflown
Pattern 400 likelihood is underflown
Pattern 409 likelihood is underflown
Pattern 419 likelihood is underflown
Pattern 428 likelihood is underflown
Pattern 429 likelihood is underflown
Pattern 431 likelihood is underflown
Pattern 437 likelihood is underflown
Pattern 440 likelihood is underflown
Pattern 444 likelihood is underflown
Pattern 445 likelihood is underflown
Pattern 446 likelihood is underflown
Pattern 449 likelihood is underflown
Pattern 450 likelihood is underflown
Pattern 451 likelihood is underflown
Pattern 452 likelihood is underflown
Pattern 454 likelihood is underflown
Pattern 460 likelihood is underflown
Pattern 461 likelihood is underflown
Pattern 464 likelihood is underflown
Pattern 465 likelihood is underflown
Pattern 468 likelihood is underflown
Pattern 469 likelihood is underflown
Pattern 472 likelihood is underflown
Pattern 475 likelihood is underflown
Pattern 476 likelihood is underflown
Pattern 477 likelihood is underflown
Pattern 485 likelihood is underflown
Pattern 486 likelihood is underflown
Pattern 489 likelihood is underflown
Pattern 490 likelihood is underflown
Pattern 491 likelihood is underflown
Pattern 492 likelihood is underflown
Pattern 494 likelihood is underflown
Pattern 498 likelihood is underflown
Pattern 499 likelihood is underflown
Pattern 502 likelihood is underflown
Pattern 503 likelihood is underflown
Pattern 504 likelihood is underflown
Pattern 505 likelihood is underflown
Pattern 506 likelihood is underflown
Pattern 507 likelihood is underflown
Pattern 510 likelihood is underflown
Pattern 511 likelihood is underflown
Pattern 514 likelihood is underflown
WARNING: Numerical underflow for lh-branch, use `-safe` option to avoid this warning
Pattern 9 likelihood is underflown
Pattern 14 likelihood is underflown
Pattern 19 likelihood is underflown
Pattern 20 likelihood is underflown
Pattern 28 likelihood is underflown
Pattern 38 likelihood is underflown
Pattern 39 likelihood is underflown
Pattern 41 likelihood is underflown
Pattern 43 likelihood is underflown
Pattern 57 likelihood is underflown
Pattern 59 likelihood is underflown
Pattern 63 likelihood is underflown
Pattern 65 likelihood is underflown
Pattern 66 likelihood is underflown
Pattern 67 likelihood is underflown
Pattern 72 likelihood is underflown
Pattern 73 likelihood is underflown
Pattern 75 likelihood is underflown
Pattern 76 likelihood is underflown
Pattern 77 likelihood is underflown
Pattern 78 likelihood is underflown
Pattern 85 likelihood is underflown
Pattern 90 likelihood is underflown
Pattern 91 likelihood is underflown
Pattern 93 likelihood is underflown
Pattern 95 likelihood is underflown
Pattern 96 likelihood is underflown
Pattern 98 likelihood is underflown
Pattern 99 likelihood is underflown
Pattern 101 likelihood is underflown
Pattern 102 likelihood is underflown
Pattern 103 likelihood is underflown
Pattern 104 likelihood is underflown
Pattern 106 likelihood is underflown
Pattern 109 likelihood is underflown
Pattern 110 likelihood is underflown
Pattern 111 likelihood is underflown
Pattern 112 likelihood is underflown
Pattern 113 likelihood is underflown
Pattern 114 likelihood is underflown
Pattern 115 likelihood is underflown
Pattern 117 likelihood is underflown
Pattern 119 likelihood is underflown
Pattern 124 likelihood is underflown
Pattern 126 likelihood is underflown
Pattern 128 likelihood is underflown
Pattern 130 likelihood is underflown
Pattern 131 likelihood is underflown
Pattern 132 likelihood is underflown
Pattern 134 likelihood is underflown
Pattern 135 likelihood is underflown
Pattern 137 likelihood is underflown
Pattern 138 likelihood is underflown
Pattern 144 likelihood is underflown
Pattern 145 likelihood is underflown
Pattern 147 likelihood is underflown
Pattern 153 likelihood is underflown
Pattern 154 likelihood is underflown
Pattern 159 likelihood is underflown
Pattern 161 likelihood is underflown
Pattern 166 likelihood is underflown
Pattern 177 likelihood is underflown
Pattern 179 likelihood is underflown
Pattern 180 likelihood is underflown
Pattern 181 likelihood is underflown
Pattern 183 likelihood is underflown
Pattern 184 likelihood is underflown
Pattern 186 likelihood is underflown
Pattern 187 likelihood is underflown
Pattern 191 likelihood is underflown
Pattern 193 likelihood is underflown
Pattern 195 likelihood is underflown
Pattern 197 likelihood is underflown
Pattern 198 likelihood is underflown
Pattern 199 likelihood is underflown
Pattern 200 likelihood is underflown
Pattern 205 likelihood is underflown
Pattern 206 likelihood is underflown
Pattern 208 likelihood is underflown
Pattern 209 likelihood is underflown
Pattern 210 likelihood is underflown
Pattern 212 likelihood is underflown
Pattern 213 likelihood is underflown
Pattern 214 likelihood is underflown
Pattern 215 likelihood is underflown
Pattern 216 likelihood is underflown
Pattern 217 likelihood is underflown
Pattern 227 likelihood is underflown
Pattern 228 likelihood is underflown
Pattern 231 likelihood is underflown
Pattern 233 likelihood is underflown
Pattern 234 likelihood is underflown
Pattern 241 likelihood is underflown
Pattern 243 likelihood is underflown
Pattern 244 likelihood is underflown
Pattern 245 likelihood is underflown
Pattern 252 likelihood is underflown
Pattern 253 likelihood is underflown
Pattern 256 likelihood is underflown
Pattern 257 likelihood is underflown
Pattern 262 likelihood is underflown
Pattern 264 likelihood is underflown
Pattern 265 likelihood is underflown
Pattern 267 likelihood is underflown
Pattern 270 likelihood is underflown
Pattern 274 likelihood is underflown
Pattern 275 likelihood is underflown
Pattern 276 likelihood is underflown
Pattern 277 likelihood is underflown
Pattern 278 likelihood is underflown
Pattern 289 likelihood is underflown
Pattern 296 likelihood is underflown
Pattern 302 likelihood is underflown
Pattern 303 likelihood is underflown
Pattern 304 likelihood is underflown
Pattern 305 likelihood is underflown
Pattern 306 likelihood is underflown
Pattern 308 likelihood is underflown
Pattern 309 likelihood is underflown
Pattern 312 likelihood is underflown
Pattern 314 likelihood is underflown
Pattern 315 likelihood is underflown
Pattern 317 likelihood is underflown
Pattern 320 likelihood is underflown
Pattern 322 likelihood is underflown
Pattern 323 likelihood is underflown
Pattern 326 likelihood is underflown
Pattern 328 likelihood is underflown
Pattern 329 likelihood is underflown
Pattern 335 likelihood is underflown
Pattern 336 likelihood is underflown
Pattern 341 likelihood is underflown
Pattern 343 likelihood is underflown
Pattern 346 likelihood is underflown
Pattern 347 likelihood is underflown
Pattern 349 likelihood is underflown
Pattern 353 likelihood is underflown
Pattern 356 likelihood is underflown
Pattern 360 likelihood is underflown
Pattern 362 likelihood is underflown
Pattern 367 likelihood is underflown
Pattern 368 likelihood is underflown
Pattern 370 likelihood is underflown
Pattern 371 likelihood is underflown
Pattern 372 likelihood is underflown
Pattern 376 likelihood is underflown
Pattern 380 likelihood is underflown
Pattern 382 likelihood is underflown
Pattern 383 likelihood is underflown
Pattern 385 likelihood is underflown
Pattern 387 likelihood is underflown
Pattern 388 likelihood is underflown
Pattern 390 likelihood is underflown
Pattern 395 likelihood is underflown
Pattern 400 likelihood is underflown
Pattern 409 likelihood is underflown
Pattern 419 likelihood is underflown
Pattern 428 likelihood is underflown
Pattern 429 likelihood is underflown
Pattern 431 likelihood is underflown
Pattern 437 likelihood is underflown
Pattern 440 likelihood is underflown
Pattern 444 likelihood is underflown
Pattern 445 likelihood is underflown
Pattern 446 likelihood is underflown
Pattern 449 likelihood is underflown
Pattern 450 likelihood is underflown
Pattern 451 likelihood is underflown
Pattern 452 likelihood is underflown
Pattern 454 likelihood is underflown
Pattern 460 likelihood is underflown
Pattern 461 likelihood is underflown
Pattern 464 likelihood is underflown
Pattern 465 likelihood is underflown
Pattern 468 likelihood is underflown
Pattern 469 likelihood is underflown
Pattern 472 likelihood is underflown
Pattern 475 likelihood is underflown
Pattern 476 likelihood is underflown
Pattern 477 likelihood is underflown
Pattern 485 likelihood is underflown
Pattern 486 likelihood is underflown
Pattern 489 likelihood is underflown
Pattern 490 likelihood is underflown
Pattern 491 likelihood is underflown
Pattern 492 likelihood is underflown
Pattern 494 likelihood is underflown
Pattern 498 likelihood is underflown
Pattern 499 likelihood is underflown
Pattern 502 likelihood is underflown
Pattern 503 likelihood is underflown
Pattern 504 likelihood is underflown
Pattern 505 likelihood is underflown
Pattern 506 likelihood is underflown
Pattern 507 likelihood is underflown
Pattern 510 likelihood is underflown
Pattern 511 likelihood is underflown
Pattern 514 likelihood is underflown
WARNING: Numerical underflow for lh-branch, use `-safe` option to avoid this warning
Pattern 9 likelihood is underflown
Pattern 14 likelihood is underflown
Pattern 19 likelihood is underflown
Pattern 20 likelihood is underflown
Pattern 28 likelihood is underflown
Pattern 38 likelihood is underflown
Pattern 39 likelihood is underflown
Pattern 41 likelihood is underflown
Pattern 43 likelihood is underflown
Pattern 57 likelihood is underflown
Pattern 59 likelihood is underflown
Pattern 63 likelihood is underflown
Pattern 65 likelihood is underflown
Pattern 66 likelihood is underflown
Pattern 67 likelihood is underflown
Pattern 72 likelihood is underflown
Pattern 73 likelihood is underflown
Pattern 75 likelihood is underflown
Pattern 76 likelihood is underflown
Pattern 77 likelihood is underflown
Pattern 78 likelihood is underflown
Pattern 85 likelihood is underflown
Pattern 90 likelihood is underflown
Pattern 91 likelihood is underflown
Pattern 93 likelihood is underflown
Pattern 95 likelihood is underflown
Pattern 96 likelihood is underflown
Pattern 98 likelihood is underflown
Pattern 99 likelihood is underflown
Pattern 101 likelihood is underflown
Pattern 102 likelihood is underflown
Pattern 103 likelihood is underflown
Pattern 104 likelihood is underflown
Pattern 106 likelihood is underflown
Pattern 109 likelihood is underflown
Pattern 110 likelihood is underflown
Pattern 111 likelihood is underflown
Pattern 112 likelihood is underflown
Pattern 113 likelihood is underflown
Pattern 114 likelihood is underflown
Pattern 115 likelihood is underflown
Pattern 117 likelihood is underflown
Pattern 119 likelihood is underflown
Pattern 124 likelihood is underflown
Pattern 126 likelihood is underflown
Pattern 128 likelihood is underflown
Pattern 130 likelihood is underflown
Pattern 131 likelihood is underflown
Pattern 132 likelihood is underflown
Pattern 134 likelihood is underflown
Pattern 135 likelihood is underflown
Pattern 137 likelihood is underflown
Pattern 138 likelihood is underflown
Pattern 144 likelihood is underflown
Pattern 145 likelihood is underflown
Pattern 147 likelihood is underflown
Pattern 153 likelihood is underflown
Pattern 154 likelihood is underflown
Pattern 159 likelihood is underflown
Pattern 161 likelihood is underflown
Pattern 166 likelihood is underflown
Pattern 177 likelihood is underflown
Pattern 179 likelihood is underflown
Pattern 180 likelihood is underflown
Pattern 181 likelihood is underflown
Pattern 183 likelihood is underflown
Pattern 184 likelihood is underflown
Pattern 186 likelihood is underflown
Pattern 187 likelihood is underflown
Pattern 191 likelihood is underflown
Pattern 193 likelihood is underflown
Pattern 195 likelihood is underflown
Pattern 197 likelihood is underflown
Pattern 198 likelihood is underflown
Pattern 199 likelihood is underflown
Pattern 200 likelihood is underflown
Pattern 205 likelihood is underflown
Pattern 206 likelihood is underflown
Pattern 208 likelihood is underflown
Pattern 209 likelihood is underflown
Pattern 210 likelihood is underflown
Pattern 212 likelihood is underflown
Pattern 213 likelihood is underflown
Pattern 214 likelihood is underflown
Pattern 215 likelihood is underflown
Pattern 216 likelihood is underflown
Pattern 217 likelihood is underflown
Pattern 227 likelihood is underflown
Pattern 228 likelihood is underflown
Pattern 231 likelihood is underflown
Pattern 233 likelihood is underflown
Pattern 234 likelihood is underflown
Pattern 241 likelihood is underflown
Pattern 243 likelihood is underflown
Pattern 244 likelihood is underflown
Pattern 245 likelihood is underflown
Pattern 252 likelihood is underflown
Pattern 253 likelihood is underflown
Pattern 256 likelihood is underflown
Pattern 257 likelihood is underflown
Pattern 262 likelihood is underflown
Pattern 264 likelihood is underflown
Pattern 265 likelihood is underflown
Pattern 267 likelihood is underflown
Pattern 270 likelihood is underflown
Pattern 274 likelihood is underflown
Pattern 275 likelihood is underflown
Pattern 276 likelihood is underflown
Pattern 277 likelihood is underflown
Pattern 278 likelihood is underflown
Pattern 289 likelihood is underflown
Pattern 296 likelihood is underflown
Pattern 302 likelihood is underflown
Pattern 303 likelihood is underflown
Pattern 304 likelihood is underflown
Pattern 305 likelihood is underflown
Pattern 306 likelihood is underflown
Pattern 308 likelihood is underflown
Pattern 309 likelihood is underflown
Pattern 312 likelihood is underflown
Pattern 314 likelihood is underflown
Pattern 315 likelihood is underflown
Pattern 317 likelihood is underflown
Pattern 320 likelihood is underflown
Pattern 322 likelihood is underflown
Pattern 323 likelihood is underflown
Pattern 326 likelihood is underflown
Pattern 328 likelihood is underflown
Pattern 329 likelihood is underflown
Pattern 335 likelihood is underflown
Pattern 336 likelihood is underflown
Pattern 341 likelihood is underflown
Pattern 343 likelihood is underflown
Pattern 346 likelihood is underflown
Pattern 347 likelihood is underflown
Pattern 349 likelihood is underflown
Pattern 353 likelihood is underflown
Pattern 356 likelihood is underflown
Pattern 360 likelihood is underflown
Pattern 362 likelihood is underflown
Pattern 367 likelihood is underflown
Pattern 368 likelihood is underflown
Pattern 370 likelihood is underflown
Pattern 371 likelihood is underflown
Pattern 372 likelihood is underflown
Pattern 376 likelihood is underflown
Pattern 380 likelihood is underflown
Pattern 382 likelihood is underflown
Pattern 383 likelihood is underflown
Pattern 385 likelihood is underflown
Pattern 387 likelihood is underflown
Pattern 388 likelihood is underflown
Pattern 390 likelihood is underflown
Pattern 395 likelihood is underflown
Pattern 400 likelihood is underflown
Pattern 409 likelihood is underflown
Pattern 419 likelihood is underflown
Pattern 428 likelihood is underflown
Pattern 429 likelihood is underflown
Pattern 431 likelihood is underflown
Pattern 437 likelihood is underflown
Pattern 440 likelihood is underflown
Pattern 444 likelihood is underflown
Pattern 445 likelihood is underflown
Pattern 446 likelihood is underflown
Pattern 449 likelihood is underflown
Pattern 450 likelihood is underflown
Pattern 451 likelihood is underflown
Pattern 452 likelihood is underflown
Pattern 454 likelihood is underflown
Pattern 460 likelihood is underflown
Pattern 461 likelihood is underflown
Pattern 464 likelihood is underflown
Pattern 465 likelihood is underflown
Pattern 468 likelihood is underflown
Pattern 469 likelihood is underflown
Pattern 472 likelihood is underflown
Pattern 475 likelihood is underflown
Pattern 476 likelihood is underflown
Pattern 477 likelihood is underflown
Pattern 485 likelihood is underflown
Pattern 486 likelihood is underflown
Pattern 489 likelihood is underflown
Pattern 490 likelihood is underflown
Pattern 491 likelihood is underflown
Pattern 492 likelihood is underflown
Pattern 494 likelihood is underflown
Pattern 498 likelihood is underflown
Pattern 499 likelihood is underflown
Pattern 502 likelihood is underflown
Pattern 503 likelihood is underflown
Pattern 504 likelihood is underflown
Pattern 505 likelihood is underflown
Pattern 506 likelihood is underflown
Pattern 507 likelihood is underflown
Pattern 510 likelihood is underflown
Pattern 511 likelihood is underflown
Pattern 514 likelihood is underflown
WARNING: Numerical underflow for lh-branch, use `-safe` option to avoid this warning
Pattern 9 likelihood is underflown
Pattern 14 likelihood is underflown
Pattern 19 likelihood is underflown
Pattern 20 likelihood is underflown
Pattern 28 likelihood is underflown
Pattern 38 likelihood is underflown
Pattern 39 likelihood is underflown
Pattern 41 likelihood is underflown
Pattern 43 likelihood is underflown
Pattern 57 likelihood is underflown
Pattern 59 likelihood is underflown
Pattern 63 likelihood is underflown
Pattern 65 likelihood is underflown
Pattern 66 likelihood is underflown
Pattern 67 likelihood is underflown
Pattern 72 likelihood is underflown
Pattern 73 likelihood is underflown
Pattern 75 likelihood is underflown
Pattern 76 likelihood is underflown
Pattern 77 likelihood is underflown
Pattern 78 likelihood is underflown
Pattern 85 likelihood is underflown
Pattern 90 likelihood is underflown
Pattern 91 likelihood is underflown
Pattern 93 likelihood is underflown
Pattern 95 likelihood is underflown
Pattern 96 likelihood is underflown
Pattern 98 likelihood is underflown
Pattern 99 likelihood is underflown
Pattern 101 likelihood is underflown
Pattern 102 likelihood is underflown
Pattern 103 likelihood is underflown
Pattern 104 likelihood is underflown
Pattern 106 likelihood is underflown
Pattern 109 likelihood is underflown
Pattern 110 likelihood is underflown
Pattern 111 likelihood is underflown
Pattern 112 likelihood is underflown
Pattern 113 likelihood is underflown
Pattern 114 likelihood is underflown
Pattern 115 likelihood is underflown
Pattern 117 likelihood is underflown
Pattern 119 likelihood is underflown
Pattern 124 likelihood is underflown
Pattern 126 likelihood is underflown
Pattern 128 likelihood is underflown
Pattern 130 likelihood is underflown
Pattern 131 likelihood is underflown
Pattern 132 likelihood is underflown
Pattern 134 likelihood is underflown
Pattern 135 likelihood is underflown
Pattern 137 likelihood is underflown
Pattern 138 likelihood is underflown
Pattern 144 likelihood is underflown
Pattern 145 likelihood is underflown
Pattern 147 likelihood is underflown
Pattern 153 likelihood is underflown
Pattern 154 likelihood is underflown
Pattern 159 likelihood is underflown
Pattern 161 likelihood is underflown
Pattern 166 likelihood is underflown
Pattern 177 likelihood is underflown
Pattern 179 likelihood is underflown
Pattern 180 likelihood is underflown
Pattern 181 likelihood is underflown
Pattern 183 likelihood is underflown
Pattern 184 likelihood is underflown
Pattern 186 likelihood is underflown
Pattern 187 likelihood is underflown
Pattern 191 likelihood is underflown
Pattern 193 likelihood is underflown
Pattern 195 likelihood is underflown
Pattern 197 likelihood is underflown
Pattern 198 likelihood is underflown
Pattern 199 likelihood is underflown
Pattern 200 likelihood is underflown
Pattern 205 likelihood is underflown
Pattern 206 likelihood is underflown
Pattern 208 likelihood is underflown
Pattern 209 likelihood is underflown
Pattern 210 likelihood is underflown
Pattern 212 likelihood is underflown
Pattern 213 likelihood is underflown
Pattern 214 likelihood is underflown
Pattern 215 likelihood is underflown
Pattern 216 likelihood is underflown
Pattern 217 likelihood is underflown
Pattern 227 likelihood is underflown
Pattern 228 likelihood is underflown
Pattern 231 likelihood is underflown
Pattern 233 likelihood is underflown
Pattern 234 likelihood is underflown
Pattern 241 likelihood is underflown
Pattern 243 likelihood is underflown
Pattern 244 likelihood is underflown
Pattern 245 likelihood is underflown
Pattern 252 likelihood is underflown
Pattern 253 likelihood is underflown
Pattern 256 likelihood is underflown
Pattern 257 likelihood is underflown
Pattern 262 likelihood is underflown
Pattern 264 likelihood is underflown
Pattern 265 likelihood is underflown
Pattern 267 likelihood is underflown
Pattern 270 likelihood is underflown
Pattern 274 likelihood is underflown
Pattern 275 likelihood is underflown
Pattern 276 likelihood is underflown
Pattern 277 likelihood is underflown
Pattern 278 likelihood is underflown
Pattern 289 likelihood is underflown
Pattern 296 likelihood is underflown
Pattern 302 likelihood is underflown
Pattern 303 likelihood is underflown
Pattern 304 likelihood is underflown
Pattern 305 likelihood is underflown
Pattern 306 likelihood is underflown
Pattern 308 likelihood is underflown
Pattern 309 likelihood is underflown
Pattern 312 likelihood is underflown
Pattern 314 likelihood is underflown
Pattern 315 likelihood is underflown
Pattern 317 likelihood is underflown
Pattern 320 likelihood is underflown
Pattern 322 likelihood is underflown
Pattern 323 likelihood is underflown
Pattern 326 likelihood is underflown
Pattern 328 likelihood is underflown
Pattern 329 likelihood is underflown
Pattern 335 likelihood is underflown
Pattern 336 likelihood is underflown
Pattern 341 likelihood is underflown
Pattern 343 likelihood is underflown
Pattern 346 likelihood is underflown
Pattern 347 likelihood is underflown
Pattern 349 likelihood is underflown
Pattern 353 likelihood is underflown
Pattern 356 likelihood is underflown
Pattern 360 likelihood is underflown
Pattern 362 likelihood is underflown
Pattern 367 likelihood is underflown
Pattern 368 likelihood is underflown
Pattern 370 likelihood is underflown
Pattern 371 likelihood is underflown
Pattern 372 likelihood is underflown
Pattern 376 likelihood is underflown
Pattern 380 likelihood is underflown
Pattern 382 likelihood is underflown
Pattern 383 likelihood is underflown
Pattern 385 likelihood is underflown
Pattern 387 likelihood is underflown
Pattern 388 likelihood is underflown
Pattern 390 likelihood is underflown
Pattern 395 likelihood is underflown
Pattern 400 likelihood is underflown
Pattern 409 likelihood is underflown
Pattern 419 likelihood is underflown
Pattern 428 likelihood is underflown
Pattern 429 likelihood is underflown
Pattern 431 likelihood is underflown
Pattern 437 likelihood is underflown
Pattern 440 likelihood is underflown
Pattern 444 likelihood is underflown
Pattern 445 likelihood is underflown
Pattern 446 likelihood is underflown
Pattern 449 likelihood is underflown
Pattern 450 likelihood is underflown
Pattern 451 likelihood is underflown
Pattern 452 likelihood is underflown
Pattern 454 likelihood is underflown
Pattern 460 likelihood is underflown
Pattern 461 likelihood is underflown
Pattern 464 likelihood is underflown
Pattern 465 likelihood is underflown
Pattern 468 likelihood is underflown
Pattern 469 likelihood is underflown
Pattern 472 likelihood is underflown
Pattern 475 likelihood is underflown
Pattern 476 likelihood is underflown
Pattern 477 likelihood is underflown
Pattern 485 likelihood is underflown
Pattern 486 likelihood is underflown
Pattern 489 likelihood is underflown
Pattern 490 likelihood is underflown
Pattern 491 likelihood is underflown
Pattern 492 likelihood is underflown
Pattern 494 likelihood is underflown
Pattern 498 likelihood is underflown
Pattern 499 likelihood is underflown
Pattern 502 likelihood is underflown
Pattern 503 likelihood is underflown
Pattern 504 likelihood is underflown
Pattern 505 likelihood is underflown
Pattern 506 likelihood is underflown
Pattern 507 likelihood is underflown
Pattern 510 likelihood is underflown
Pattern 511 likelihood is underflown
Pattern 514 likelihood is underflown
468  JC+R3         20812.027    333 42290.053    42311.277    44717.187
WARNING: Numerical underflow for lh-branch, use `-safe` option to avoid this warning
Pattern 9 likelihood is underflown
Pattern 14 likelihood is underflown
Pattern 19 likelihood is underflown
Pattern 20 likelihood is underflown
Pattern 28 likelihood is underflown
Pattern 38 likelihood is underflown
Pattern 39 likelihood is underflown
Pattern 41 likelihood is underflown
Pattern 43 likelihood is underflown
Pattern 57 likelihood is underflown
Pattern 59 likelihood is underflown
Pattern 63 likelihood is underflown
Pattern 65 likelihood is underflown
Pattern 66 likelihood is underflown
Pattern 67 likelihood is underflown
Pattern 72 likelihood is underflown
Pattern 73 likelihood is underflown
Pattern 75 likelihood is underflown
Pattern 76 likelihood is underflown
Pattern 77 likelihood is underflown
Pattern 78 likelihood is underflown
Pattern 85 likelihood is underflown
Pattern 90 likelihood is underflown
Pattern 91 likelihood is underflown
Pattern 93 likelihood is underflown
Pattern 95 likelihood is underflown
Pattern 96 likelihood is underflown
Pattern 98 likelihood is underflown
Pattern 99 likelihood is underflown
Pattern 101 likelihood is underflown
Pattern 102 likelihood is underflown
Pattern 103 likelihood is underflown
Pattern 104 likelihood is underflown
Pattern 106 likelihood is underflown
Pattern 109 likelihood is underflown
Pattern 110 likelihood is underflown
Pattern 111 likelihood is underflown
Pattern 112 likelihood is underflown
Pattern 113 likelihood is underflown
Pattern 114 likelihood is underflown
Pattern 115 likelihood is underflown
Pattern 117 likelihood is underflown
Pattern 119 likelihood is underflown
Pattern 124 likelihood is underflown
Pattern 126 likelihood is underflown
Pattern 128 likelihood is underflown
Pattern 130 likelihood is underflown
Pattern 131 likelihood is underflown
Pattern 132 likelihood is underflown
Pattern 134 likelihood is underflown
Pattern 135 likelihood is underflown
Pattern 137 likelihood is underflown
Pattern 138 likelihood is underflown
Pattern 144 likelihood is underflown
Pattern 145 likelihood is underflown
Pattern 147 likelihood is underflown
Pattern 153 likelihood is underflown
Pattern 154 likelihood is underflown
Pattern 159 likelihood is underflown
Pattern 161 likelihood is underflown
Pattern 166 likelihood is underflown
Pattern 177 likelihood is underflown
Pattern 179 likelihood is underflown
Pattern 180 likelihood is underflown
Pattern 181 likelihood is underflown
Pattern 183 likelihood is underflown
Pattern 184 likelihood is underflown
Pattern 186 likelihood is underflown
Pattern 187 likelihood is underflown
Pattern 191 likelihood is underflown
Pattern 193 likelihood is underflown
Pattern 195 likelihood is underflown
Pattern 197 likelihood is underflown
Pattern 198 likelihood is underflown
Pattern 199 likelihood is underflown
Pattern 200 likelihood is underflown
Pattern 205 likelihood is underflown
Pattern 206 likelihood is underflown
Pattern 208 likelihood is underflown
Pattern 209 likelihood is underflown
Pattern 210 likelihood is underflown
Pattern 212 likelihood is underflown
Pattern 213 likelihood is underflown
Pattern 214 likelihood is underflown
Pattern 215 likelihood is underflown
Pattern 216 likelihood is underflown
Pattern 217 likelihood is underflown
Pattern 227 likelihood is underflown
Pattern 228 likelihood is underflown
Pattern 231 likelihood is underflown
Pattern 233 likelihood is underflown
Pattern 234 likelihood is underflown
Pattern 241 likelihood is underflown
Pattern 243 likelihood is underflown
Pattern 244 likelihood is underflown
Pattern 245 likelihood is underflown
Pattern 252 likelihood is underflown
Pattern 253 likelihood is underflown
Pattern 256 likelihood is underflown
Pattern 257 likelihood is underflown
Pattern 262 likelihood is underflown
Pattern 264 likelihood is underflown
Pattern 265 likelihood is underflown
Pattern 267 likelihood is underflown
Pattern 270 likelihood is underflown
Pattern 274 likelihood is underflown
Pattern 275 likelihood is underflown
Pattern 276 likelihood is underflown
Pattern 277 likelihood is underflown
Pattern 278 likelihood is underflown
Pattern 289 likelihood is underflown
Pattern 296 likelihood is underflown
Pattern 302 likelihood is underflown
Pattern 303 likelihood is underflown
Pattern 304 likelihood is underflown
Pattern 305 likelihood is underflown
Pattern 306 likelihood is underflown
Pattern 308 likelihood is underflown
Pattern 309 likelihood is underflown
Pattern 312 likelihood is underflown
Pattern 314 likelihood is underflown
Pattern 315 likelihood is underflown
Pattern 317 likelihood is underflown
Pattern 320 likelihood is underflown
Pattern 322 likelihood is underflown
Pattern 323 likelihood is underflown
Pattern 326 likelihood is underflown
Pattern 328 likelihood is underflown
Pattern 329 likelihood is underflown
Pattern 335 likelihood is underflown
Pattern 336 likelihood is underflown
Pattern 341 likelihood is underflown
Pattern 343 likelihood is underflown
Pattern 346 likelihood is underflown
Pattern 347 likelihood is underflown
Pattern 349 likelihood is underflown
Pattern 353 likelihood is underflown
Pattern 356 likelihood is underflown
Pattern 360 likelihood is underflown
Pattern 362 likelihood is underflown
Pattern 367 likelihood is underflown
Pattern 368 likelihood is underflown
Pattern 370 likelihood is underflown
Pattern 371 likelihood is underflown
Pattern 372 likelihood is underflown
Pattern 376 likelihood is underflown
Pattern 380 likelihood is underflown
Pattern 382 likelihood is underflown
Pattern 383 likelihood is underflown
Pattern 385 likelihood is underflown
Pattern 387 likelihood is underflown
Pattern 388 likelihood is underflown
Pattern 390 likelihood is underflown
Pattern 395 likelihood is underflown
Pattern 400 likelihood is underflown
Pattern 409 likelihood is underflown
Pattern 419 likelihood is underflown
Pattern 428 likelihood is underflown
Pattern 429 likelihood is underflown
Pattern 431 likelihood is underflown
Pattern 437 likelihood is underflown
Pattern 440 likelihood is underflown
Pattern 444 likelihood is underflown
Pattern 445 likelihood is underflown
Pattern 446 likelihood is underflown
Pattern 449 likelihood is underflown
Pattern 450 likelihood is underflown
Pattern 451 likelihood is underflown
Pattern 452 likelihood is underflown
Pattern 454 likelihood is underflown
Pattern 460 likelihood is underflown
Pattern 461 likelihood is underflown
Pattern 464 likelihood is underflown
Pattern 465 likelihood is underflown
Pattern 468 likelihood is underflown
Pattern 469 likelihood is underflown
Pattern 472 likelihood is underflown
Pattern 475 likelihood is underflown
Pattern 476 likelihood is underflown
Pattern 477 likelihood is underflown
Pattern 485 likelihood is underflown
Pattern 486 likelihood is underflown
Pattern 489 likelihood is underflown
Pattern 490 likelihood is underflown
Pattern 491 likelihood is underflown
Pattern 492 likelihood is underflown
Pattern 494 likelihood is underflown
Pattern 498 likelihood is underflown
Pattern 499 likelihood is underflown
Pattern 502 likelihood is underflown
Pattern 503 likelihood is underflown
Pattern 504 likelihood is underflown
Pattern 505 likelihood is underflown
Pattern 506 likelihood is underflown
Pattern 507 likelihood is underflown
Pattern 510 likelihood is underflown
Pattern 511 likelihood is underflown
Pattern 514 likelihood is underflown
WARNING: Numerical underflow for lh-branch, use `-safe` option to avoid this warning
Pattern 9 likelihood is underflown
Pattern 14 likelihood is underflown
Pattern 19 likelihood is underflown
Pattern 20 likelihood is underflown
Pattern 28 likelihood is underflown
Pattern 38 likelihood is underflown
Pattern 39 likelihood is underflown
Pattern 41 likelihood is underflown
Pattern 43 likelihood is underflown
Pattern 57 likelihood is underflown
Pattern 59 likelihood is underflown
Pattern 63 likelihood is underflown
Pattern 65 likelihood is underflown
Pattern 66 likelihood is underflown
Pattern 67 likelihood is underflown
Pattern 72 likelihood is underflown
Pattern 73 likelihood is underflown
Pattern 75 likelihood is underflown
Pattern 76 likelihood is underflown
Pattern 77 likelihood is underflown
Pattern 78 likelihood is underflown
Pattern 85 likelihood is underflown
Pattern 90 likelihood is underflown
Pattern 91 likelihood is underflown
Pattern 93 likelihood is underflown
Pattern 95 likelihood is underflown
Pattern 96 likelihood is underflown
Pattern 98 likelihood is underflown
Pattern 99 likelihood is underflown
Pattern 101 likelihood is underflown
Pattern 102 likelihood is underflown
Pattern 103 likelihood is underflown
Pattern 104 likelihood is underflown
Pattern 106 likelihood is underflown
Pattern 109 likelihood is underflown
Pattern 110 likelihood is underflown
Pattern 111 likelihood is underflown
Pattern 112 likelihood is underflown
Pattern 113 likelihood is underflown
Pattern 114 likelihood is underflown
Pattern 115 likelihood is underflown
Pattern 117 likelihood is underflown
Pattern 119 likelihood is underflown
Pattern 124 likelihood is underflown
Pattern 126 likelihood is underflown
Pattern 128 likelihood is underflown
Pattern 130 likelihood is underflown
Pattern 131 likelihood is underflown
Pattern 132 likelihood is underflown
Pattern 134 likelihood is underflown
Pattern 135 likelihood is underflown
Pattern 137 likelihood is underflown
Pattern 138 likelihood is underflown
Pattern 144 likelihood is underflown
Pattern 145 likelihood is underflown
Pattern 147 likelihood is underflown
Pattern 153 likelihood is underflown
Pattern 154 likelihood is underflown
Pattern 159 likelihood is underflown
Pattern 161 likelihood is underflown
Pattern 166 likelihood is underflown
Pattern 177 likelihood is underflown
Pattern 179 likelihood is underflown
Pattern 180 likelihood is underflown
Pattern 181 likelihood is underflown
Pattern 183 likelihood is underflown
Pattern 184 likelihood is underflown
Pattern 186 likelihood is underflown
Pattern 187 likelihood is underflown
Pattern 191 likelihood is underflown
Pattern 193 likelihood is underflown
Pattern 195 likelihood is underflown
Pattern 197 likelihood is underflown
Pattern 198 likelihood is underflown
Pattern 199 likelihood is underflown
Pattern 200 likelihood is underflown
Pattern 205 likelihood is underflown
Pattern 206 likelihood is underflown
Pattern 208 likelihood is underflown
Pattern 209 likelihood is underflown
Pattern 210 likelihood is underflown
Pattern 212 likelihood is underflown
Pattern 213 likelihood is underflown
Pattern 214 likelihood is underflown
Pattern 215 likelihood is underflown
Pattern 216 likelihood is underflown
Pattern 217 likelihood is underflown
Pattern 227 likelihood is underflown
Pattern 228 likelihood is underflown
Pattern 231 likelihood is underflown
Pattern 233 likelihood is underflown
Pattern 234 likelihood is underflown
Pattern 241 likelihood is underflown
Pattern 243 likelihood is underflown
Pattern 244 likelihood is underflown
Pattern 245 likelihood is underflown
Pattern 252 likelihood is underflown
Pattern 253 likelihood is underflown
Pattern 256 likelihood is underflown
Pattern 257 likelihood is underflown
Pattern 262 likelihood is underflown
Pattern 264 likelihood is underflown
Pattern 265 likelihood is underflown
Pattern 267 likelihood is underflown
Pattern 270 likelihood is underflown
Pattern 274 likelihood is underflown
Pattern 275 likelihood is underflown
Pattern 276 likelihood is underflown
Pattern 277 likelihood is underflown
Pattern 278 likelihood is underflown
Pattern 289 likelihood is underflown
Pattern 296 likelihood is underflown
Pattern 302 likelihood is underflown
Pattern 303 likelihood is underflown
Pattern 304 likelihood is underflown
Pattern 305 likelihood is underflown
Pattern 306 likelihood is underflown
Pattern 308 likelihood is underflown
Pattern 309 likelihood is underflown
Pattern 312 likelihood is underflown
Pattern 314 likelihood is underflown
Pattern 315 likelihood is underflown
Pattern 317 likelihood is underflown
Pattern 320 likelihood is underflown
Pattern 322 likelihood is underflown
Pattern 323 likelihood is underflown
Pattern 326 likelihood is underflown
Pattern 328 likelihood is underflown
Pattern 329 likelihood is underflown
Pattern 335 likelihood is underflown
Pattern 336 likelihood is underflown
Pattern 341 likelihood is underflown
Pattern 343 likelihood is underflown
Pattern 346 likelihood is underflown
Pattern 347 likelihood is underflown
Pattern 349 likelihood is underflown
Pattern 353 likelihood is underflown
Pattern 356 likelihood is underflown
Pattern 360 likelihood is underflown
Pattern 362 likelihood is underflown
Pattern 367 likelihood is underflown
Pattern 368 likelihood is underflown
Pattern 370 likelihood is underflown
Pattern 371 likelihood is underflown
Pattern 372 likelihood is underflown
Pattern 376 likelihood is underflown
Pattern 380 likelihood is underflown
Pattern 382 likelihood is underflown
Pattern 383 likelihood is underflown
Pattern 385 likelihood is underflown
Pattern 387 likelihood is underflown
Pattern 388 likelihood is underflown
Pattern 390 likelihood is underflown
Pattern 395 likelihood is underflown
Pattern 400 likelihood is underflown
Pattern 409 likelihood is underflown
Pattern 419 likelihood is underflown
Pattern 428 likelihood is underflown
Pattern 429 likelihood is underflown
Pattern 431 likelihood is underflown
Pattern 437 likelihood is underflown
Pattern 440 likelihood is underflown
Pattern 444 likelihood is underflown
Pattern 445 likelihood is underflown
Pattern 446 likelihood is underflown
Pattern 449 likelihood is underflown
Pattern 450 likelihood is underflown
Pattern 451 likelihood is underflown
Pattern 452 likelihood is underflown
Pattern 454 likelihood is underflown
Pattern 460 likelihood is underflown
Pattern 461 likelihood is underflown
Pattern 464 likelihood is underflown
Pattern 465 likelihood is underflown
Pattern 468 likelihood is underflown
Pattern 469 likelihood is underflown
Pattern 472 likelihood is underflown
Pattern 475 likelihood is underflown
Pattern 476 likelihood is underflown
Pattern 477 likelihood is underflown
Pattern 485 likelihood is underflown
Pattern 486 likelihood is underflown
Pattern 489 likelihood is underflown
Pattern 490 likelihood is underflown
Pattern 491 likelihood is underflown
Pattern 492 likelihood is underflown
Pattern 494 likelihood is underflown
Pattern 498 likelihood is underflown
Pattern 499 likelihood is underflown
Pattern 502 likelihood is underflown
Pattern 503 likelihood is underflown
Pattern 504 likelihood is underflown
Pattern 505 likelihood is underflown
Pattern 506 likelihood is underflown
Pattern 507 likelihood is underflown
Pattern 510 likelihood is underflown
Pattern 511 likelihood is underflown
Pattern 514 likelihood is underflown
WARNING: Numerical underflow for lh-branch, use `-safe` option to avoid this warning
Pattern 9 likelihood is underflown
Pattern 14 likelihood is underflown
Pattern 19 likelihood is underflown
Pattern 20 likelihood is underflown
Pattern 28 likelihood is underflown
Pattern 38 likelihood is underflown
Pattern 39 likelihood is underflown
Pattern 41 likelihood is underflown
Pattern 43 likelihood is underflown
Pattern 57 likelihood is underflown
Pattern 59 likelihood is underflown
Pattern 63 likelihood is underflown
Pattern 65 likelihood is underflown
Pattern 66 likelihood is underflown
Pattern 67 likelihood is underflown
Pattern 72 likelihood is underflown
Pattern 73 likelihood is underflown
Pattern 75 likelihood is underflown
Pattern 76 likelihood is underflown
Pattern 77 likelihood is underflown
Pattern 78 likelihood is underflown
Pattern 85 likelihood is underflown
Pattern 90 likelihood is underflown
Pattern 91 likelihood is underflown
Pattern 93 likelihood is underflown
Pattern 95 likelihood is underflown
Pattern 96 likelihood is underflown
Pattern 98 likelihood is underflown
Pattern 99 likelihood is underflown
Pattern 101 likelihood is underflown
Pattern 102 likelihood is underflown
Pattern 103 likelihood is underflown
Pattern 104 likelihood is underflown
Pattern 106 likelihood is underflown
Pattern 109 likelihood is underflown
Pattern 110 likelihood is underflown
Pattern 111 likelihood is underflown
Pattern 112 likelihood is underflown
Pattern 113 likelihood is underflown
Pattern 114 likelihood is underflown
Pattern 115 likelihood is underflown
Pattern 117 likelihood is underflown
Pattern 119 likelihood is underflown
Pattern 124 likelihood is underflown
Pattern 126 likelihood is underflown
Pattern 128 likelihood is underflown
Pattern 130 likelihood is underflown
Pattern 131 likelihood is underflown
Pattern 132 likelihood is underflown
Pattern 134 likelihood is underflown
Pattern 135 likelihood is underflown
Pattern 137 likelihood is underflown
Pattern 138 likelihood is underflown
Pattern 144 likelihood is underflown
Pattern 145 likelihood is underflown
Pattern 147 likelihood is underflown
Pattern 153 likelihood is underflown
Pattern 154 likelihood is underflown
Pattern 159 likelihood is underflown
Pattern 161 likelihood is underflown
Pattern 166 likelihood is underflown
Pattern 177 likelihood is underflown
Pattern 179 likelihood is underflown
Pattern 180 likelihood is underflown
Pattern 181 likelihood is underflown
Pattern 183 likelihood is underflown
Pattern 184 likelihood is underflown
Pattern 186 likelihood is underflown
Pattern 187 likelihood is underflown
Pattern 191 likelihood is underflown
Pattern 193 likelihood is underflown
Pattern 195 likelihood is underflown
Pattern 197 likelihood is underflown
Pattern 198 likelihood is underflown
Pattern 199 likelihood is underflown
Pattern 200 likelihood is underflown
Pattern 205 likelihood is underflown
Pattern 206 likelihood is underflown
Pattern 208 likelihood is underflown
Pattern 209 likelihood is underflown
Pattern 210 likelihood is underflown
Pattern 212 likelihood is underflown
Pattern 213 likelihood is underflown
Pattern 214 likelihood is underflown
Pattern 215 likelihood is underflown
Pattern 216 likelihood is underflown
Pattern 217 likelihood is underflown
Pattern 227 likelihood is underflown
Pattern 228 likelihood is underflown
Pattern 231 likelihood is underflown
Pattern 233 likelihood is underflown
Pattern 234 likelihood is underflown
Pattern 241 likelihood is underflown
Pattern 243 likelihood is underflown
Pattern 244 likelihood is underflown
Pattern 245 likelihood is underflown
Pattern 252 likelihood is underflown
Pattern 253 likelihood is underflown
Pattern 256 likelihood is underflown
Pattern 257 likelihood is underflown
Pattern 262 likelihood is underflown
Pattern 264 likelihood is underflown
Pattern 265 likelihood is underflown
Pattern 267 likelihood is underflown
Pattern 270 likelihood is underflown
Pattern 274 likelihood is underflown
Pattern 275 likelihood is underflown
Pattern 276 likelihood is underflown
Pattern 277 likelihood is underflown
Pattern 278 likelihood is underflown
Pattern 289 likelihood is underflown
Pattern 296 likelihood is underflown
Pattern 302 likelihood is underflown
Pattern 303 likelihood is underflown
Pattern 304 likelihood is underflown
Pattern 305 likelihood is underflown
Pattern 306 likelihood is underflown
Pattern 308 likelihood is underflown
Pattern 309 likelihood is underflown
Pattern 312 likelihood is underflown
Pattern 314 likelihood is underflown
Pattern 315 likelihood is underflown
Pattern 317 likelihood is underflown
Pattern 320 likelihood is underflown
Pattern 322 likelihood is underflown
Pattern 323 likelihood is underflown
Pattern 326 likelihood is underflown
Pattern 328 likelihood is underflown
Pattern 329 likelihood is underflown
Pattern 335 likelihood is underflown
Pattern 336 likelihood is underflown
Pattern 341 likelihood is underflown
Pattern 343 likelihood is underflown
Pattern 346 likelihood is underflown
Pattern 347 likelihood is underflown
Pattern 349 likelihood is underflown
Pattern 353 likelihood is underflown
Pattern 356 likelihood is underflown
Pattern 360 likelihood is underflown
Pattern 362 likelihood is underflown
Pattern 367 likelihood is underflown
Pattern 368 likelihood is underflown
Pattern 370 likelihood is underflown
Pattern 371 likelihood is underflown
Pattern 372 likelihood is underflown
Pattern 376 likelihood is underflown
Pattern 380 likelihood is underflown
Pattern 382 likelihood is underflown
Pattern 383 likelihood is underflown
Pattern 385 likelihood is underflown
Pattern 387 likelihood is underflown
Pattern 388 likelihood is underflown
Pattern 390 likelihood is underflown
Pattern 395 likelihood is underflown
Pattern 400 likelihood is underflown
Pattern 409 likelihood is underflown
Pattern 419 likelihood is underflown
Pattern 428 likelihood is underflown
Pattern 429 likelihood is underflown
Pattern 431 likelihood is underflown
Pattern 437 likelihood is underflown
Pattern 440 likelihood is underflown
Pattern 444 likelihood is underflown
Pattern 445 likelihood is underflown
Pattern 446 likelihood is underflown
Pattern 449 likelihood is underflown
Pattern 450 likelihood is underflown
Pattern 451 likelihood is underflown
Pattern 452 likelihood is underflown
Pattern 454 likelihood is underflown
Pattern 460 likelihood is underflown
Pattern 461 likelihood is underflown
Pattern 464 likelihood is underflown
Pattern 465 likelihood is underflown
Pattern 468 likelihood is underflown
Pattern 469 likelihood is underflown
Pattern 472 likelihood is underflown
Pattern 475 likelihood is underflown
Pattern 476 likelihood is underflown
Pattern 477 likelihood is underflown
Pattern 485 likelihood is underflown
Pattern 486 likelihood is underflown
Pattern 489 likelihood is underflown
Pattern 490 likelihood is underflown
Pattern 491 likelihood is underflown
Pattern 492 likelihood is underflown
Pattern 494 likelihood is underflown
Pattern 498 likelihood is underflown
Pattern 499 likelihood is underflown
Pattern 502 likelihood is underflown
Pattern 503 likelihood is underflown
Pattern 504 likelihood is underflown
Pattern 505 likelihood is underflown
Pattern 506 likelihood is underflown
Pattern 507 likelihood is underflown
Pattern 510 likelihood is underflown
Pattern 511 likelihood is underflown
Pattern 514 likelihood is underflown
WARNING: Numerical underflow for lh-branch, use `-safe` option to avoid this warning
Pattern 9 likelihood is underflown
Pattern 14 likelihood is underflown
Pattern 19 likelihood is underflown
Pattern 20 likelihood is underflown
Pattern 28 likelihood is underflown
Pattern 38 likelihood is underflown
Pattern 39 likelihood is underflown
Pattern 41 likelihood is underflown
Pattern 43 likelihood is underflown
Pattern 57 likelihood is underflown
Pattern 59 likelihood is underflown
Pattern 63 likelihood is underflown
Pattern 65 likelihood is underflown
Pattern 66 likelihood is underflown
Pattern 67 likelihood is underflown
Pattern 72 likelihood is underflown
Pattern 73 likelihood is underflown
Pattern 75 likelihood is underflown
Pattern 76 likelihood is underflown
Pattern 77 likelihood is underflown
Pattern 78 likelihood is underflown
Pattern 85 likelihood is underflown
Pattern 90 likelihood is underflown
Pattern 91 likelihood is underflown
Pattern 93 likelihood is underflown
Pattern 95 likelihood is underflown
Pattern 96 likelihood is underflown
Pattern 98 likelihood is underflown
Pattern 99 likelihood is underflown
Pattern 101 likelihood is underflown
Pattern 102 likelihood is underflown
Pattern 103 likelihood is underflown
Pattern 104 likelihood is underflown
Pattern 106 likelihood is underflown
Pattern 109 likelihood is underflown
Pattern 110 likelihood is underflown
Pattern 111 likelihood is underflown
Pattern 112 likelihood is underflown
Pattern 113 likelihood is underflown
Pattern 114 likelihood is underflown
Pattern 115 likelihood is underflown
Pattern 117 likelihood is underflown
Pattern 119 likelihood is underflown
Pattern 124 likelihood is underflown
Pattern 126 likelihood is underflown
Pattern 128 likelihood is underflown
Pattern 130 likelihood is underflown
Pattern 131 likelihood is underflown
Pattern 132 likelihood is underflown
Pattern 134 likelihood is underflown
Pattern 135 likelihood is underflown
Pattern 137 likelihood is underflown
Pattern 138 likelihood is underflown
Pattern 144 likelihood is underflown
Pattern 145 likelihood is underflown
Pattern 147 likelihood is underflown
Pattern 153 likelihood is underflown
Pattern 154 likelihood is underflown
Pattern 159 likelihood is underflown
Pattern 161 likelihood is underflown
Pattern 166 likelihood is underflown
Pattern 177 likelihood is underflown
Pattern 179 likelihood is underflown
Pattern 180 likelihood is underflown
Pattern 181 likelihood is underflown
Pattern 183 likelihood is underflown
Pattern 184 likelihood is underflown
Pattern 186 likelihood is underflown
Pattern 187 likelihood is underflown
Pattern 191 likelihood is underflown
Pattern 193 likelihood is underflown
Pattern 195 likelihood is underflown
Pattern 197 likelihood is underflown
Pattern 198 likelihood is underflown
Pattern 199 likelihood is underflown
Pattern 200 likelihood is underflown
Pattern 205 likelihood is underflown
Pattern 206 likelihood is underflown
Pattern 208 likelihood is underflown
Pattern 209 likelihood is underflown
Pattern 210 likelihood is underflown
Pattern 212 likelihood is underflown
Pattern 213 likelihood is underflown
Pattern 214 likelihood is underflown
Pattern 215 likelihood is underflown
Pattern 216 likelihood is underflown
Pattern 217 likelihood is underflown
Pattern 227 likelihood is underflown
Pattern 228 likelihood is underflown
Pattern 231 likelihood is underflown
Pattern 233 likelihood is underflown
Pattern 234 likelihood is underflown
Pattern 241 likelihood is underflown
Pattern 243 likelihood is underflown
Pattern 244 likelihood is underflown
Pattern 245 likelihood is underflown
Pattern 252 likelihood is underflown
Pattern 253 likelihood is underflown
Pattern 256 likelihood is underflown
Pattern 257 likelihood is underflown
Pattern 262 likelihood is underflown
Pattern 264 likelihood is underflown
Pattern 265 likelihood is underflown
Pattern 267 likelihood is underflown
Pattern 270 likelihood is underflown
Pattern 274 likelihood is underflown
Pattern 275 likelihood is underflown
Pattern 276 likelihood is underflown
Pattern 277 likelihood is underflown
Pattern 278 likelihood is underflown
Pattern 289 likelihood is underflown
Pattern 296 likelihood is underflown
Pattern 302 likelihood is underflown
Pattern 303 likelihood is underflown
Pattern 304 likelihood is underflown
Pattern 305 likelihood is underflown
Pattern 306 likelihood is underflown
Pattern 308 likelihood is underflown
Pattern 309 likelihood is underflown
Pattern 312 likelihood is underflown
Pattern 314 likelihood is underflown
Pattern 315 likelihood is underflown
Pattern 317 likelihood is underflown
Pattern 320 likelihood is underflown
Pattern 322 likelihood is underflown
Pattern 323 likelihood is underflown
Pattern 326 likelihood is underflown
Pattern 328 likelihood is underflown
Pattern 329 likelihood is underflown
Pattern 335 likelihood is underflown
Pattern 336 likelihood is underflown
Pattern 341 likelihood is underflown
Pattern 343 likelihood is underflown
Pattern 346 likelihood is underflown
Pattern 347 likelihood is underflown
Pattern 349 likelihood is underflown
Pattern 353 likelihood is underflown
Pattern 356 likelihood is underflown
Pattern 360 likelihood is underflown
Pattern 362 likelihood is underflown
Pattern 367 likelihood is underflown
Pattern 368 likelihood is underflown
Pattern 370 likelihood is underflown
Pattern 371 likelihood is underflown
Pattern 372 likelihood is underflown
Pattern 376 likelihood is underflown
Pattern 380 likelihood is underflown
Pattern 382 likelihood is underflown
Pattern 383 likelihood is underflown
Pattern 385 likelihood is underflown
Pattern 387 likelihood is underflown
Pattern 388 likelihood is underflown
Pattern 390 likelihood is underflown
Pattern 395 likelihood is underflown
Pattern 400 likelihood is underflown
Pattern 409 likelihood is underflown
Pattern 419 likelihood is underflown
Pattern 428 likelihood is underflown
Pattern 429 likelihood is underflown
Pattern 431 likelihood is underflown
Pattern 437 likelihood is underflown
Pattern 440 likelihood is underflown
Pattern 444 likelihood is underflown
Pattern 445 likelihood is underflown
Pattern 446 likelihood is underflown
Pattern 449 likelihood is underflown
Pattern 450 likelihood is underflown
Pattern 451 likelihood is underflown
Pattern 452 likelihood is underflown
Pattern 454 likelihood is underflown
Pattern 460 likelihood is underflown
Pattern 461 likelihood is underflown
Pattern 464 likelihood is underflown
Pattern 465 likelihood is underflown
Pattern 468 likelihood is underflown
Pattern 469 likelihood is underflown
Pattern 472 likelihood is underflown
Pattern 475 likelihood is underflown
Pattern 476 likelihood is underflown
Pattern 477 likelihood is underflown
Pattern 485 likelihood is underflown
Pattern 486 likelihood is underflown
Pattern 489 likelihood is underflown
Pattern 490 likelihood is underflown
Pattern 491 likelihood is underflown
Pattern 492 likelihood is underflown
Pattern 494 likelihood is underflown
Pattern 498 likelihood is underflown
Pattern 499 likelihood is underflown
Pattern 502 likelihood is underflown
Pattern 503 likelihood is underflown
Pattern 504 likelihood is underflown
Pattern 505 likelihood is underflown
Pattern 506 likelihood is underflown
Pattern 507 likelihood is underflown
Pattern 510 likelihood is underflown
Pattern 511 likelihood is underflown
Pattern 514 likelihood is underflown
WARNING: Numerical underflow for lh-branch, use `-safe` option to avoid this warning
Pattern 9 likelihood is underflown
Pattern 14 likelihood is underflown
Pattern 19 likelihood is underflown
Pattern 20 likelihood is underflown
Pattern 28 likelihood is underflown
Pattern 38 likelihood is underflown
Pattern 39 likelihood is underflown
Pattern 41 likelihood is underflown
Pattern 43 likelihood is underflown
Pattern 57 likelihood is underflown
Pattern 59 likelihood is underflown
Pattern 63 likelihood is underflown
Pattern 65 likelihood is underflown
Pattern 66 likelihood is underflown
Pattern 67 likelihood is underflown
Pattern 72 likelihood is underflown
Pattern 73 likelihood is underflown
Pattern 75 likelihood is underflown
Pattern 76 likelihood is underflown
Pattern 77 likelihood is underflown
Pattern 78 likelihood is underflown
Pattern 85 likelihood is underflown
Pattern 90 likelihood is underflown
Pattern 91 likelihood is underflown
Pattern 93 likelihood is underflown
Pattern 95 likelihood is underflown
Pattern 96 likelihood is underflown
Pattern 98 likelihood is underflown
Pattern 99 likelihood is underflown
Pattern 101 likelihood is underflown
Pattern 102 likelihood is underflown
Pattern 103 likelihood is underflown
Pattern 104 likelihood is underflown
Pattern 106 likelihood is underflown
Pattern 109 likelihood is underflown
Pattern 110 likelihood is underflown
Pattern 111 likelihood is underflown
Pattern 112 likelihood is underflown
Pattern 113 likelihood is underflown
Pattern 114 likelihood is underflown
Pattern 115 likelihood is underflown
Pattern 117 likelihood is underflown
Pattern 119 likelihood is underflown
Pattern 124 likelihood is underflown
Pattern 126 likelihood is underflown
Pattern 128 likelihood is underflown
Pattern 130 likelihood is underflown
Pattern 131 likelihood is underflown
Pattern 132 likelihood is underflown
Pattern 134 likelihood is underflown
Pattern 135 likelihood is underflown
Pattern 137 likelihood is underflown
Pattern 138 likelihood is underflown
Pattern 144 likelihood is underflown
Pattern 145 likelihood is underflown
Pattern 147 likelihood is underflown
Pattern 153 likelihood is underflown
Pattern 154 likelihood is underflown
Pattern 159 likelihood is underflown
Pattern 161 likelihood is underflown
Pattern 166 likelihood is underflown
Pattern 177 likelihood is underflown
Pattern 179 likelihood is underflown
Pattern 180 likelihood is underflown
Pattern 181 likelihood is underflown
Pattern 183 likelihood is underflown
Pattern 184 likelihood is underflown
Pattern 186 likelihood is underflown
Pattern 187 likelihood is underflown
Pattern 191 likelihood is underflown
Pattern 193 likelihood is underflown
Pattern 195 likelihood is underflown
Pattern 197 likelihood is underflown
Pattern 198 likelihood is underflown
Pattern 199 likelihood is underflown
Pattern 200 likelihood is underflown
Pattern 205 likelihood is underflown
Pattern 206 likelihood is underflown
Pattern 208 likelihood is underflown
Pattern 209 likelihood is underflown
Pattern 210 likelihood is underflown
Pattern 212 likelihood is underflown
Pattern 213 likelihood is underflown
Pattern 214 likelihood is underflown
Pattern 215 likelihood is underflown
Pattern 216 likelihood is underflown
Pattern 217 likelihood is underflown
Pattern 227 likelihood is underflown
Pattern 228 likelihood is underflown
Pattern 231 likelihood is underflown
Pattern 233 likelihood is underflown
Pattern 234 likelihood is underflown
Pattern 241 likelihood is underflown
Pattern 243 likelihood is underflown
Pattern 244 likelihood is underflown
Pattern 245 likelihood is underflown
Pattern 252 likelihood is underflown
Pattern 253 likelihood is underflown
Pattern 256 likelihood is underflown
Pattern 257 likelihood is underflown
Pattern 262 likelihood is underflown
Pattern 264 likelihood is underflown
Pattern 265 likelihood is underflown
Pattern 267 likelihood is underflown
Pattern 270 likelihood is underflown
Pattern 274 likelihood is underflown
Pattern 275 likelihood is underflown
Pattern 276 likelihood is underflown
Pattern 277 likelihood is underflown
Pattern 278 likelihood is underflown
Pattern 289 likelihood is underflown
Pattern 296 likelihood is underflown
Pattern 302 likelihood is underflown
Pattern 303 likelihood is underflown
Pattern 304 likelihood is underflown
Pattern 305 likelihood is underflown
Pattern 306 likelihood is underflown
Pattern 308 likelihood is underflown
Pattern 309 likelihood is underflown
Pattern 312 likelihood is underflown
Pattern 314 likelihood is underflown
Pattern 315 likelihood is underflown
Pattern 317 likelihood is underflown
Pattern 320 likelihood is underflown
Pattern 322 likelihood is underflown
Pattern 323 likelihood is underflown
Pattern 326 likelihood is underflown
Pattern 328 likelihood is underflown
Pattern 329 likelihood is underflown
Pattern 335 likelihood is underflown
Pattern 336 likelihood is underflown
Pattern 341 likelihood is underflown
Pattern 343 likelihood is underflown
Pattern 346 likelihood is underflown
Pattern 347 likelihood is underflown
Pattern 349 likelihood is underflown
Pattern 353 likelihood is underflown
Pattern 356 likelihood is underflown
Pattern 360 likelihood is underflown
Pattern 362 likelihood is underflown
Pattern 367 likelihood is underflown
Pattern 368 likelihood is underflown
Pattern 370 likelihood is underflown
Pattern 371 likelihood is underflown
Pattern 372 likelihood is underflown
Pattern 376 likelihood is underflown
Pattern 380 likelihood is underflown
Pattern 382 likelihood is underflown
Pattern 383 likelihood is underflown
Pattern 385 likelihood is underflown
Pattern 387 likelihood is underflown
Pattern 388 likelihood is underflown
Pattern 390 likelihood is underflown
Pattern 395 likelihood is underflown
Pattern 400 likelihood is underflown
Pattern 409 likelihood is underflown
Pattern 419 likelihood is underflown
Pattern 428 likelihood is underflown
Pattern 429 likelihood is underflown
Pattern 431 likelihood is underflown
Pattern 437 likelihood is underflown
Pattern 440 likelihood is underflown
Pattern 444 likelihood is underflown
Pattern 445 likelihood is underflown
Pattern 446 likelihood is underflown
Pattern 449 likelihood is underflown
Pattern 450 likelihood is underflown
Pattern 451 likelihood is underflown
Pattern 452 likelihood is underflown
Pattern 454 likelihood is underflown
Pattern 460 likelihood is underflown
Pattern 461 likelihood is underflown
Pattern 464 likelihood is underflown
Pattern 465 likelihood is underflown
Pattern 468 likelihood is underflown
Pattern 469 likelihood is underflown
Pattern 472 likelihood is underflown
Pattern 475 likelihood is underflown
Pattern 476 likelihood is underflown
Pattern 477 likelihood is underflown
Pattern 485 likelihood is underflown
Pattern 486 likelihood is underflown
Pattern 489 likelihood is underflown
Pattern 490 likelihood is underflown
Pattern 491 likelihood is underflown
Pattern 492 likelihood is underflown
Pattern 494 likelihood is underflown
Pattern 498 likelihood is underflown
Pattern 499 likelihood is underflown
Pattern 502 likelihood is underflown
Pattern 503 likelihood is underflown
Pattern 504 likelihood is underflown
Pattern 505 likelihood is underflown
Pattern 506 likelihood is underflown
Pattern 507 likelihood is underflown
Pattern 510 likelihood is underflown
Pattern 511 likelihood is underflown
Pattern 514 likelihood is underflown
WARNING: Numerical underflow for lh-branch, use `-safe` option to avoid this warning
Pattern 9 likelihood is underflown
Pattern 14 likelihood is underflown
Pattern 19 likelihood is underflown
Pattern 20 likelihood is underflown
Pattern 28 likelihood is underflown
Pattern 38 likelihood is underflown
Pattern 39 likelihood is underflown
Pattern 41 likelihood is underflown
Pattern 43 likelihood is underflown
Pattern 57 likelihood is underflown
Pattern 59 likelihood is underflown
Pattern 63 likelihood is underflown
Pattern 65 likelihood is underflown
Pattern 66 likelihood is underflown
Pattern 67 likelihood is underflown
Pattern 72 likelihood is underflown
Pattern 73 likelihood is underflown
Pattern 75 likelihood is underflown
Pattern 76 likelihood is underflown
Pattern 77 likelihood is underflown
Pattern 78 likelihood is underflown
Pattern 85 likelihood is underflown
Pattern 90 likelihood is underflown
Pattern 91 likelihood is underflown
Pattern 93 likelihood is underflown
Pattern 95 likelihood is underflown
Pattern 96 likelihood is underflown
Pattern 98 likelihood is underflown
Pattern 99 likelihood is underflown
Pattern 101 likelihood is underflown
Pattern 102 likelihood is underflown
Pattern 103 likelihood is underflown
Pattern 104 likelihood is underflown
Pattern 106 likelihood is underflown
Pattern 109 likelihood is underflown
Pattern 110 likelihood is underflown
Pattern 111 likelihood is underflown
Pattern 112 likelihood is underflown
Pattern 113 likelihood is underflown
Pattern 114 likelihood is underflown
Pattern 115 likelihood is underflown
Pattern 117 likelihood is underflown
Pattern 119 likelihood is underflown
Pattern 124 likelihood is underflown
Pattern 126 likelihood is underflown
Pattern 128 likelihood is underflown
Pattern 130 likelihood is underflown
Pattern 131 likelihood is underflown
Pattern 132 likelihood is underflown
Pattern 134 likelihood is underflown
Pattern 135 likelihood is underflown
Pattern 137 likelihood is underflown
Pattern 138 likelihood is underflown
Pattern 144 likelihood is underflown
Pattern 145 likelihood is underflown
Pattern 147 likelihood is underflown
Pattern 153 likelihood is underflown
Pattern 154 likelihood is underflown
Pattern 159 likelihood is underflown
Pattern 161 likelihood is underflown
Pattern 166 likelihood is underflown
Pattern 177 likelihood is underflown
Pattern 179 likelihood is underflown
Pattern 180 likelihood is underflown
Pattern 181 likelihood is underflown
Pattern 183 likelihood is underflown
Pattern 184 likelihood is underflown
Pattern 186 likelihood is underflown
Pattern 187 likelihood is underflown
Pattern 191 likelihood is underflown
Pattern 193 likelihood is underflown
Pattern 195 likelihood is underflown
Pattern 197 likelihood is underflown
Pattern 198 likelihood is underflown
Pattern 199 likelihood is underflown
Pattern 200 likelihood is underflown
Pattern 205 likelihood is underflown
Pattern 206 likelihood is underflown
Pattern 208 likelihood is underflown
Pattern 209 likelihood is underflown
Pattern 210 likelihood is underflown
Pattern 212 likelihood is underflown
Pattern 213 likelihood is underflown
Pattern 214 likelihood is underflown
Pattern 215 likelihood is underflown
Pattern 216 likelihood is underflown
Pattern 217 likelihood is underflown
Pattern 227 likelihood is underflown
Pattern 228 likelihood is underflown
Pattern 231 likelihood is underflown
Pattern 233 likelihood is underflown
Pattern 234 likelihood is underflown
Pattern 241 likelihood is underflown
Pattern 243 likelihood is underflown
Pattern 244 likelihood is underflown
Pattern 245 likelihood is underflown
Pattern 252 likelihood is underflown
Pattern 253 likelihood is underflown
Pattern 256 likelihood is underflown
Pattern 257 likelihood is underflown
Pattern 262 likelihood is underflown
Pattern 264 likelihood is underflown
Pattern 265 likelihood is underflown
Pattern 267 likelihood is underflown
Pattern 270 likelihood is underflown
Pattern 274 likelihood is underflown
Pattern 275 likelihood is underflown
Pattern 276 likelihood is underflown
Pattern 277 likelihood is underflown
Pattern 278 likelihood is underflown
Pattern 289 likelihood is underflown
Pattern 296 likelihood is underflown
Pattern 302 likelihood is underflown
Pattern 303 likelihood is underflown
Pattern 304 likelihood is underflown
Pattern 305 likelihood is underflown
Pattern 306 likelihood is underflown
Pattern 308 likelihood is underflown
Pattern 309 likelihood is underflown
Pattern 312 likelihood is underflown
Pattern 314 likelihood is underflown
Pattern 315 likelihood is underflown
Pattern 317 likelihood is underflown
Pattern 320 likelihood is underflown
Pattern 322 likelihood is underflown
Pattern 323 likelihood is underflown
Pattern 326 likelihood is underflown
Pattern 328 likelihood is underflown
Pattern 329 likelihood is underflown
Pattern 335 likelihood is underflown
Pattern 336 likelihood is underflown
Pattern 341 likelihood is underflown
Pattern 343 likelihood is underflown
Pattern 346 likelihood is underflown
Pattern 347 likelihood is underflown
Pattern 349 likelihood is underflown
Pattern 353 likelihood is underflown
Pattern 356 likelihood is underflown
Pattern 360 likelihood is underflown
Pattern 362 likelihood is underflown
Pattern 367 likelihood is underflown
Pattern 368 likelihood is underflown
Pattern 370 likelihood is underflown
Pattern 371 likelihood is underflown
Pattern 372 likelihood is underflown
Pattern 376 likelihood is underflown
Pattern 380 likelihood is underflown
Pattern 382 likelihood is underflown
Pattern 383 likelihood is underflown
Pattern 385 likelihood is underflown
Pattern 387 likelihood is underflown
Pattern 388 likelihood is underflown
Pattern 390 likelihood is underflown
Pattern 395 likelihood is underflown
Pattern 400 likelihood is underflown
Pattern 409 likelihood is underflown
Pattern 419 likelihood is underflown
Pattern 428 likelihood is underflown
Pattern 429 likelihood is underflown
Pattern 431 likelihood is underflown
Pattern 437 likelihood is underflown
Pattern 440 likelihood is underflown
Pattern 444 likelihood is underflown
Pattern 445 likelihood is underflown
Pattern 446 likelihood is underflown
Pattern 449 likelihood is underflown
Pattern 450 likelihood is underflown
Pattern 451 likelihood is underflown
Pattern 452 likelihood is underflown
Pattern 454 likelihood is underflown
Pattern 460 likelihood is underflown
Pattern 461 likelihood is underflown
Pattern 464 likelihood is underflown
Pattern 465 likelihood is underflown
Pattern 468 likelihood is underflown
Pattern 469 likelihood is underflown
Pattern 472 likelihood is underflown
Pattern 475 likelihood is underflown
Pattern 476 likelihood is underflown
Pattern 477 likelihood is underflown
Pattern 485 likelihood is underflown
Pattern 486 likelihood is underflown
Pattern 489 likelihood is underflown
Pattern 490 likelihood is underflown
Pattern 491 likelihood is underflown
Pattern 492 likelihood is underflown
Pattern 494 likelihood is underflown
Pattern 498 likelihood is underflown
Pattern 499 likelihood is underflown
Pattern 502 likelihood is underflown
Pattern 503 likelihood is underflown
Pattern 504 likelihood is underflown
Pattern 505 likelihood is underflown
Pattern 506 likelihood is underflown
Pattern 507 likelihood is underflown
Pattern 510 likelihood is underflown
Pattern 511 likelihood is underflown
Pattern 514 likelihood is underflown
WARNING: Numerical underflow for lh-branch, use `-safe` option to avoid this warning
Pattern 9 likelihood is underflown
Pattern 14 likelihood is underflown
Pattern 19 likelihood is underflown
Pattern 20 likelihood is underflown
Pattern 28 likelihood is underflown
Pattern 38 likelihood is underflown
Pattern 39 likelihood is underflown
Pattern 41 likelihood is underflown
Pattern 43 likelihood is underflown
Pattern 57 likelihood is underflown
Pattern 59 likelihood is underflown
Pattern 63 likelihood is underflown
Pattern 65 likelihood is underflown
Pattern 66 likelihood is underflown
Pattern 67 likelihood is underflown
Pattern 72 likelihood is underflown
Pattern 73 likelihood is underflown
Pattern 75 likelihood is underflown
Pattern 76 likelihood is underflown
Pattern 77 likelihood is underflown
Pattern 78 likelihood is underflown
Pattern 85 likelihood is underflown
Pattern 90 likelihood is underflown
Pattern 91 likelihood is underflown
Pattern 93 likelihood is underflown
Pattern 95 likelihood is underflown
Pattern 96 likelihood is underflown
Pattern 98 likelihood is underflown
Pattern 99 likelihood is underflown
Pattern 101 likelihood is underflown
Pattern 102 likelihood is underflown
Pattern 103 likelihood is underflown
Pattern 104 likelihood is underflown
Pattern 106 likelihood is underflown
Pattern 109 likelihood is underflown
Pattern 110 likelihood is underflown
Pattern 111 likelihood is underflown
Pattern 112 likelihood is underflown
Pattern 113 likelihood is underflown
Pattern 114 likelihood is underflown
Pattern 115 likelihood is underflown
Pattern 117 likelihood is underflown
Pattern 119 likelihood is underflown
Pattern 124 likelihood is underflown
Pattern 126 likelihood is underflown
Pattern 128 likelihood is underflown
Pattern 130 likelihood is underflown
Pattern 131 likelihood is underflown
Pattern 132 likelihood is underflown
Pattern 134 likelihood is underflown
Pattern 135 likelihood is underflown
Pattern 137 likelihood is underflown
Pattern 138 likelihood is underflown
Pattern 144 likelihood is underflown
Pattern 145 likelihood is underflown
Pattern 147 likelihood is underflown
Pattern 153 likelihood is underflown
Pattern 154 likelihood is underflown
Pattern 159 likelihood is underflown
Pattern 161 likelihood is underflown
Pattern 166 likelihood is underflown
Pattern 177 likelihood is underflown
Pattern 179 likelihood is underflown
Pattern 180 likelihood is underflown
Pattern 181 likelihood is underflown
Pattern 183 likelihood is underflown
Pattern 184 likelihood is underflown
Pattern 186 likelihood is underflown
Pattern 187 likelihood is underflown
Pattern 191 likelihood is underflown
Pattern 193 likelihood is underflown
Pattern 195 likelihood is underflown
Pattern 197 likelihood is underflown
Pattern 198 likelihood is underflown
Pattern 199 likelihood is underflown
Pattern 200 likelihood is underflown
Pattern 205 likelihood is underflown
Pattern 206 likelihood is underflown
Pattern 208 likelihood is underflown
Pattern 209 likelihood is underflown
Pattern 210 likelihood is underflown
Pattern 212 likelihood is underflown
Pattern 213 likelihood is underflown
Pattern 214 likelihood is underflown
Pattern 215 likelihood is underflown
Pattern 216 likelihood is underflown
Pattern 217 likelihood is underflown
Pattern 227 likelihood is underflown
Pattern 228 likelihood is underflown
Pattern 231 likelihood is underflown
Pattern 233 likelihood is underflown
Pattern 234 likelihood is underflown
Pattern 241 likelihood is underflown
Pattern 243 likelihood is underflown
Pattern 244 likelihood is underflown
Pattern 245 likelihood is underflown
Pattern 252 likelihood is underflown
Pattern 253 likelihood is underflown
Pattern 256 likelihood is underflown
Pattern 257 likelihood is underflown
Pattern 262 likelihood is underflown
Pattern 264 likelihood is underflown
Pattern 265 likelihood is underflown
Pattern 267 likelihood is underflown
Pattern 270 likelihood is underflown
Pattern 274 likelihood is underflown
Pattern 275 likelihood is underflown
Pattern 276 likelihood is underflown
Pattern 277 likelihood is underflown
Pattern 278 likelihood is underflown
Pattern 289 likelihood is underflown
Pattern 296 likelihood is underflown
Pattern 302 likelihood is underflown
Pattern 303 likelihood is underflown
Pattern 304 likelihood is underflown
Pattern 305 likelihood is underflown
Pattern 306 likelihood is underflown
Pattern 308 likelihood is underflown
Pattern 309 likelihood is underflown
Pattern 312 likelihood is underflown
Pattern 314 likelihood is underflown
Pattern 315 likelihood is underflown
Pattern 317 likelihood is underflown
Pattern 320 likelihood is underflown
Pattern 322 likelihood is underflown
Pattern 323 likelihood is underflown
Pattern 326 likelihood is underflown
Pattern 328 likelihood is underflown
Pattern 329 likelihood is underflown
Pattern 335 likelihood is underflown
Pattern 336 likelihood is underflown
Pattern 341 likelihood is underflown
Pattern 343 likelihood is underflown
Pattern 346 likelihood is underflown
Pattern 347 likelihood is underflown
Pattern 349 likelihood is underflown
Pattern 353 likelihood is underflown
Pattern 356 likelihood is underflown
Pattern 360 likelihood is underflown
Pattern 362 likelihood is underflown
Pattern 367 likelihood is underflown
Pattern 368 likelihood is underflown
Pattern 370 likelihood is underflown
Pattern 371 likelihood is underflown
Pattern 372 likelihood is underflown
Pattern 376 likelihood is underflown
Pattern 380 likelihood is underflown
Pattern 382 likelihood is underflown
Pattern 383 likelihood is underflown
Pattern 385 likelihood is underflown
Pattern 387 likelihood is underflown
Pattern 388 likelihood is underflown
Pattern 390 likelihood is underflown
Pattern 395 likelihood is underflown
Pattern 400 likelihood is underflown
Pattern 409 likelihood is underflown
Pattern 419 likelihood is underflown
Pattern 428 likelihood is underflown
Pattern 429 likelihood is underflown
Pattern 431 likelihood is underflown
Pattern 437 likelihood is underflown
Pattern 440 likelihood is underflown
Pattern 444 likelihood is underflown
Pattern 445 likelihood is underflown
Pattern 446 likelihood is underflown
Pattern 449 likelihood is underflown
Pattern 450 likelihood is underflown
Pattern 451 likelihood is underflown
Pattern 452 likelihood is underflown
Pattern 454 likelihood is underflown
Pattern 460 likelihood is underflown
Pattern 461 likelihood is underflown
Pattern 464 likelihood is underflown
Pattern 465 likelihood is underflown
Pattern 468 likelihood is underflown
Pattern 469 likelihood is underflown
Pattern 472 likelihood is underflown
Pattern 475 likelihood is underflown
Pattern 476 likelihood is underflown
Pattern 477 likelihood is underflown
Pattern 485 likelihood is underflown
Pattern 486 likelihood is underflown
Pattern 489 likelihood is underflown
Pattern 490 likelihood is underflown
Pattern 491 likelihood is underflown
Pattern 492 likelihood is underflown
Pattern 494 likelihood is underflown
Pattern 498 likelihood is underflown
Pattern 499 likelihood is underflown
Pattern 502 likelihood is underflown
Pattern 503 likelihood is underflown
Pattern 504 likelihood is underflown
Pattern 505 likelihood is underflown
Pattern 506 likelihood is underflown
Pattern 507 likelihood is underflown
Pattern 510 likelihood is underflown
Pattern 511 likelihood is underflown
Pattern 514 likelihood is underflown
WARNING: Numerical underflow for lh-branch, use `-safe` option to avoid this warning
Pattern 9 likelihood is underflown
Pattern 14 likelihood is underflown
Pattern 19 likelihood is underflown
Pattern 20 likelihood is underflown
Pattern 28 likelihood is underflown
Pattern 38 likelihood is underflown
Pattern 39 likelihood is underflown
Pattern 41 likelihood is underflown
Pattern 43 likelihood is underflown
Pattern 57 likelihood is underflown
Pattern 59 likelihood is underflown
Pattern 63 likelihood is underflown
Pattern 65 likelihood is underflown
Pattern 66 likelihood is underflown
Pattern 67 likelihood is underflown
Pattern 72 likelihood is underflown
Pattern 73 likelihood is underflown
Pattern 75 likelihood is underflown
Pattern 76 likelihood is underflown
Pattern 77 likelihood is underflown
Pattern 78 likelihood is underflown
Pattern 85 likelihood is underflown
Pattern 90 likelihood is underflown
Pattern 91 likelihood is underflown
Pattern 93 likelihood is underflown
Pattern 95 likelihood is underflown
Pattern 96 likelihood is underflown
Pattern 98 likelihood is underflown
Pattern 99 likelihood is underflown
Pattern 101 likelihood is underflown
Pattern 102 likelihood is underflown
Pattern 103 likelihood is underflown
Pattern 104 likelihood is underflown
Pattern 106 likelihood is underflown
Pattern 109 likelihood is underflown
Pattern 110 likelihood is underflown
Pattern 111 likelihood is underflown
Pattern 112 likelihood is underflown
Pattern 113 likelihood is underflown
Pattern 114 likelihood is underflown
Pattern 115 likelihood is underflown
Pattern 117 likelihood is underflown
Pattern 119 likelihood is underflown
Pattern 124 likelihood is underflown
Pattern 126 likelihood is underflown
Pattern 128 likelihood is underflown
Pattern 130 likelihood is underflown
Pattern 131 likelihood is underflown
Pattern 132 likelihood is underflown
Pattern 134 likelihood is underflown
Pattern 135 likelihood is underflown
Pattern 137 likelihood is underflown
Pattern 138 likelihood is underflown
Pattern 144 likelihood is underflown
Pattern 145 likelihood is underflown
Pattern 147 likelihood is underflown
Pattern 153 likelihood is underflown
Pattern 154 likelihood is underflown
Pattern 159 likelihood is underflown
Pattern 161 likelihood is underflown
Pattern 166 likelihood is underflown
Pattern 177 likelihood is underflown
Pattern 179 likelihood is underflown
Pattern 180 likelihood is underflown
Pattern 181 likelihood is underflown
Pattern 183 likelihood is underflown
Pattern 184 likelihood is underflown
Pattern 186 likelihood is underflown
Pattern 187 likelihood is underflown
Pattern 191 likelihood is underflown
Pattern 193 likelihood is underflown
Pattern 195 likelihood is underflown
Pattern 197 likelihood is underflown
Pattern 198 likelihood is underflown
Pattern 199 likelihood is underflown
Pattern 200 likelihood is underflown
Pattern 205 likelihood is underflown
Pattern 206 likelihood is underflown
Pattern 208 likelihood is underflown
Pattern 209 likelihood is underflown
Pattern 210 likelihood is underflown
Pattern 212 likelihood is underflown
Pattern 213 likelihood is underflown
Pattern 214 likelihood is underflown
Pattern 215 likelihood is underflown
Pattern 216 likelihood is underflown
Pattern 217 likelihood is underflown
Pattern 227 likelihood is underflown
Pattern 228 likelihood is underflown
Pattern 231 likelihood is underflown
Pattern 233 likelihood is underflown
Pattern 234 likelihood is underflown
Pattern 241 likelihood is underflown
Pattern 243 likelihood is underflown
Pattern 244 likelihood is underflown
Pattern 245 likelihood is underflown
Pattern 252 likelihood is underflown
Pattern 253 likelihood is underflown
Pattern 256 likelihood is underflown
Pattern 257 likelihood is underflown
Pattern 262 likelihood is underflown
Pattern 264 likelihood is underflown
Pattern 265 likelihood is underflown
Pattern 267 likelihood is underflown
Pattern 270 likelihood is underflown
Pattern 274 likelihood is underflown
Pattern 275 likelihood is underflown
Pattern 276 likelihood is underflown
Pattern 277 likelihood is underflown
Pattern 278 likelihood is underflown
Pattern 289 likelihood is underflown
Pattern 296 likelihood is underflown
Pattern 302 likelihood is underflown
Pattern 303 likelihood is underflown
Pattern 304 likelihood is underflown
Pattern 305 likelihood is underflown
Pattern 306 likelihood is underflown
Pattern 308 likelihood is underflown
Pattern 309 likelihood is underflown
Pattern 312 likelihood is underflown
Pattern 314 likelihood is underflown
Pattern 315 likelihood is underflown
Pattern 317 likelihood is underflown
Pattern 320 likelihood is underflown
Pattern 322 likelihood is underflown
Pattern 323 likelihood is underflown
Pattern 326 likelihood is underflown
Pattern 328 likelihood is underflown
Pattern 329 likelihood is underflown
Pattern 335 likelihood is underflown
Pattern 336 likelihood is underflown
Pattern 341 likelihood is underflown
Pattern 343 likelihood is underflown
Pattern 346 likelihood is underflown
Pattern 347 likelihood is underflown
Pattern 349 likelihood is underflown
Pattern 353 likelihood is underflown
Pattern 356 likelihood is underflown
Pattern 360 likelihood is underflown
Pattern 362 likelihood is underflown
Pattern 367 likelihood is underflown
Pattern 368 likelihood is underflown
Pattern 370 likelihood is underflown
Pattern 371 likelihood is underflown
Pattern 372 likelihood is underflown
Pattern 376 likelihood is underflown
Pattern 380 likelihood is underflown
Pattern 382 likelihood is underflown
Pattern 383 likelihood is underflown
Pattern 385 likelihood is underflown
Pattern 387 likelihood is underflown
Pattern 388 likelihood is underflown
Pattern 390 likelihood is underflown
Pattern 395 likelihood is underflown
Pattern 400 likelihood is underflown
Pattern 409 likelihood is underflown
Pattern 419 likelihood is underflown
Pattern 428 likelihood is underflown
Pattern 429 likelihood is underflown
Pattern 431 likelihood is underflown
Pattern 437 likelihood is underflown
Pattern 440 likelihood is underflown
Pattern 444 likelihood is underflown
Pattern 445 likelihood is underflown
Pattern 446 likelihood is underflown
Pattern 449 likelihood is underflown
Pattern 450 likelihood is underflown
Pattern 451 likelihood is underflown
Pattern 452 likelihood is underflown
Pattern 454 likelihood is underflown
Pattern 460 likelihood is underflown
Pattern 461 likelihood is underflown
Pattern 464 likelihood is underflown
Pattern 465 likelihood is underflown
Pattern 468 likelihood is underflown
Pattern 469 likelihood is underflown
Pattern 472 likelihood is underflown
Pattern 475 likelihood is underflown
Pattern 476 likelihood is underflown
Pattern 477 likelihood is underflown
Pattern 485 likelihood is underflown
Pattern 486 likelihood is underflown
Pattern 489 likelihood is underflown
Pattern 490 likelihood is underflown
Pattern 491 likelihood is underflown
Pattern 492 likelihood is underflown
Pattern 494 likelihood is underflown
Pattern 498 likelihood is underflown
Pattern 499 likelihood is underflown
Pattern 502 likelihood is underflown
Pattern 503 likelihood is underflown
Pattern 504 likelihood is underflown
Pattern 505 likelihood is underflown
Pattern 506 likelihood is underflown
Pattern 507 likelihood is underflown
Pattern 510 likelihood is underflown
Pattern 511 likelihood is underflown
Pattern 514 likelihood is underflown
WARNING: Numerical underflow for lh-branch, use `-safe` option to avoid this warning
Pattern 9 likelihood is underflown
Pattern 14 likelihood is underflown
Pattern 19 likelihood is underflown
Pattern 20 likelihood is underflown
Pattern 28 likelihood is underflown
Pattern 38 likelihood is underflown
Pattern 39 likelihood is underflown
Pattern 41 likelihood is underflown
Pattern 43 likelihood is underflown
Pattern 57 likelihood is underflown
Pattern 59 likelihood is underflown
Pattern 63 likelihood is underflown
Pattern 65 likelihood is underflown
Pattern 66 likelihood is underflown
Pattern 67 likelihood is underflown
Pattern 72 likelihood is underflown
Pattern 73 likelihood is underflown
Pattern 75 likelihood is underflown
Pattern 76 likelihood is underflown
Pattern 77 likelihood is underflown
Pattern 78 likelihood is underflown
Pattern 85 likelihood is underflown
Pattern 90 likelihood is underflown
Pattern 91 likelihood is underflown
Pattern 93 likelihood is underflown
Pattern 95 likelihood is underflown
Pattern 96 likelihood is underflown
Pattern 98 likelihood is underflown
Pattern 99 likelihood is underflown
Pattern 101 likelihood is underflown
Pattern 102 likelihood is underflown
Pattern 103 likelihood is underflown
Pattern 104 likelihood is underflown
Pattern 106 likelihood is underflown
Pattern 109 likelihood is underflown
Pattern 110 likelihood is underflown
Pattern 111 likelihood is underflown
Pattern 112 likelihood is underflown
Pattern 113 likelihood is underflown
Pattern 114 likelihood is underflown
Pattern 115 likelihood is underflown
Pattern 117 likelihood is underflown
Pattern 119 likelihood is underflown
Pattern 124 likelihood is underflown
Pattern 126 likelihood is underflown
Pattern 128 likelihood is underflown
Pattern 130 likelihood is underflown
Pattern 131 likelihood is underflown
Pattern 132 likelihood is underflown
Pattern 134 likelihood is underflown
Pattern 135 likelihood is underflown
Pattern 137 likelihood is underflown
Pattern 138 likelihood is underflown
Pattern 144 likelihood is underflown
Pattern 145 likelihood is underflown
Pattern 147 likelihood is underflown
Pattern 153 likelihood is underflown
Pattern 154 likelihood is underflown
Pattern 159 likelihood is underflown
Pattern 161 likelihood is underflown
Pattern 166 likelihood is underflown
Pattern 177 likelihood is underflown
Pattern 179 likelihood is underflown
Pattern 180 likelihood is underflown
Pattern 181 likelihood is underflown
Pattern 183 likelihood is underflown
Pattern 184 likelihood is underflown
Pattern 186 likelihood is underflown
Pattern 187 likelihood is underflown
Pattern 191 likelihood is underflown
Pattern 193 likelihood is underflown
Pattern 195 likelihood is underflown
Pattern 197 likelihood is underflown
Pattern 198 likelihood is underflown
Pattern 199 likelihood is underflown
Pattern 200 likelihood is underflown
Pattern 205 likelihood is underflown
Pattern 206 likelihood is underflown
Pattern 208 likelihood is underflown
Pattern 209 likelihood is underflown
Pattern 210 likelihood is underflown
Pattern 212 likelihood is underflown
Pattern 213 likelihood is underflown
Pattern 214 likelihood is underflown
Pattern 215 likelihood is underflown
Pattern 216 likelihood is underflown
Pattern 217 likelihood is underflown
Pattern 227 likelihood is underflown
Pattern 228 likelihood is underflown
Pattern 231 likelihood is underflown
Pattern 233 likelihood is underflown
Pattern 234 likelihood is underflown
Pattern 241 likelihood is underflown
Pattern 243 likelihood is underflown
Pattern 244 likelihood is underflown
Pattern 245 likelihood is underflown
Pattern 252 likelihood is underflown
Pattern 253 likelihood is underflown
Pattern 256 likelihood is underflown
Pattern 257 likelihood is underflown
Pattern 262 likelihood is underflown
Pattern 264 likelihood is underflown
Pattern 265 likelihood is underflown
Pattern 267 likelihood is underflown
Pattern 270 likelihood is underflown
Pattern 274 likelihood is underflown
Pattern 275 likelihood is underflown
Pattern 276 likelihood is underflown
Pattern 277 likelihood is underflown
Pattern 278 likelihood is underflown
Pattern 289 likelihood is underflown
Pattern 296 likelihood is underflown
Pattern 302 likelihood is underflown
Pattern 303 likelihood is underflown
Pattern 304 likelihood is underflown
Pattern 305 likelihood is underflown
Pattern 306 likelihood is underflown
Pattern 308 likelihood is underflown
Pattern 309 likelihood is underflown
Pattern 312 likelihood is underflown
Pattern 314 likelihood is underflown
Pattern 315 likelihood is underflown
Pattern 317 likelihood is underflown
Pattern 320 likelihood is underflown
Pattern 322 likelihood is underflown
Pattern 323 likelihood is underflown
Pattern 326 likelihood is underflown
Pattern 328 likelihood is underflown
Pattern 329 likelihood is underflown
Pattern 335 likelihood is underflown
Pattern 336 likelihood is underflown
Pattern 341 likelihood is underflown
Pattern 343 likelihood is underflown
Pattern 346 likelihood is underflown
Pattern 347 likelihood is underflown
Pattern 349 likelihood is underflown
Pattern 353 likelihood is underflown
Pattern 356 likelihood is underflown
Pattern 360 likelihood is underflown
Pattern 362 likelihood is underflown
Pattern 367 likelihood is underflown
Pattern 368 likelihood is underflown
Pattern 370 likelihood is underflown
Pattern 371 likelihood is underflown
Pattern 372 likelihood is underflown
Pattern 376 likelihood is underflown
Pattern 380 likelihood is underflown
Pattern 382 likelihood is underflown
Pattern 383 likelihood is underflown
Pattern 385 likelihood is underflown
Pattern 387 likelihood is underflown
Pattern 388 likelihood is underflown
Pattern 390 likelihood is underflown
Pattern 395 likelihood is underflown
Pattern 400 likelihood is underflown
Pattern 409 likelihood is underflown
Pattern 419 likelihood is underflown
Pattern 428 likelihood is underflown
Pattern 429 likelihood is underflown
Pattern 431 likelihood is underflown
Pattern 437 likelihood is underflown
Pattern 440 likelihood is underflown
Pattern 444 likelihood is underflown
Pattern 445 likelihood is underflown
Pattern 446 likelihood is underflown
Pattern 449 likelihood is underflown
Pattern 450 likelihood is underflown
Pattern 451 likelihood is underflown
Pattern 452 likelihood is underflown
Pattern 454 likelihood is underflown
Pattern 460 likelihood is underflown
Pattern 461 likelihood is underflown
Pattern 464 likelihood is underflown
Pattern 465 likelihood is underflown
Pattern 468 likelihood is underflown
Pattern 469 likelihood is underflown
Pattern 472 likelihood is underflown
Pattern 475 likelihood is underflown
Pattern 476 likelihood is underflown
Pattern 477 likelihood is underflown
Pattern 485 likelihood is underflown
Pattern 486 likelihood is underflown
Pattern 489 likelihood is underflown
Pattern 490 likelihood is underflown
Pattern 491 likelihood is underflown
Pattern 492 likelihood is underflown
Pattern 494 likelihood is underflown
Pattern 498 likelihood is underflown
Pattern 499 likelihood is underflown
Pattern 502 likelihood is underflown
Pattern 503 likelihood is underflown
Pattern 504 likelihood is underflown
Pattern 505 likelihood is underflown
Pattern 506 likelihood is underflown
Pattern 507 likelihood is underflown
Pattern 510 likelihood is underflown
Pattern 511 likelihood is underflown
Pattern 514 likelihood is underflown
477  JC+I+R3       20811.909    334 42291.818    42313.171    44726.240
Akaike Information Criterion:           TVM+F+R3
Corrected Akaike Information Criterion: TVM+F+R3
Bayesian Information Criterion:         TPM3u+F+R3
Best-fit model: TPM3u+F+R3 chosen according to BIC

All model information printed to /Users/kirstyn.brunker/GitHub/RABV_Arequipa_2025/processed_data/nt_alignments/gene_alignments/redcap_download_20251009_0935_n167.renamed.aln.date_appended_concat.fasta.model.gz
CPU time for ModelFinder: 44.165 seconds (0h:0m:44s)
Wall-clock time for ModelFinder: 42.695 seconds (0h:0m:42s)
Generating 1000 samples for ultrafast bootstrap (seed: 185440)...

NOTE: 10 MB RAM (0 GB) is required!
Estimate model parameters (epsilon = 0.100)
1. Initial log-likelihood: -20757.710
2. Current log-likelihood: -20408.999
WARNING: Numerical underflow for lh-branch, use `-safe` option to avoid this warning
Pattern 109 likelihood is underflown
Pattern 487 likelihood is underflown
WARNING: Numerical underflow for lh-branch, use `-safe` option to avoid this warning
Pattern 109 likelihood is underflown
Pattern 487 likelihood is underflown
WARNING: Numerical underflow for lh-branch, use `-safe` option to avoid this warning
Pattern 109 likelihood is underflown
Pattern 487 likelihood is underflown
WARNING: Numerical underflow for lh-branch, use `-safe` option to avoid this warning
Pattern 109 likelihood is underflown
Pattern 487 likelihood is underflown
WARNING: Numerical underflow for lh-branch, use `-safe` option to avoid this warning
Pattern 109 likelihood is underflown
Pattern 487 likelihood is underflown
WARNING: Numerical underflow for lh-branch, use `-safe` option to avoid this warning
Pattern 109 likelihood is underflown
Pattern 487 likelihood is underflown
WARNING: Numerical underflow for lh-branch, use `-safe` option to avoid this warning
Pattern 109 likelihood is underflown
Pattern 487 likelihood is underflown
WARNING: Numerical underflow for lh-branch, use `-safe` option to avoid this warning
Pattern 109 likelihood is underflown
Pattern 487 likelihood is underflown
WARNING: Numerical underflow for lh-branch, use `-safe` option to avoid this warning
Pattern 109 likelihood is underflown
Pattern 487 likelihood is underflown
3. Current log-likelihood: -20390.913
Optimal log-likelihood: -20390.882
Rate parameters:  A-C: 2.17965  A-G: 16.17021  A-T: 1.00000  C-G: 2.17965  C-T: 16.17021  G-T: 1.00000
Base frequencies:  A: 0.280  C: 0.219  G: 0.236  T: 0.265
Site proportion and rates:  (0.763,0.000) (0.236,3.204) (0.001,202.242)
Parameters optimization took 3 rounds (0.192 sec)
Wrote distance file to... 
Computing ML distances based on estimated model parameters...
Calculating distance matrix: done in 0.0528681 secs using 99.87% CPU
Computing ML distances took 0.053034 sec (of wall-clock time) 0.052945 sec (of CPU time)
Setting up auxiliary I and S matrices: done in 0.000344992 secs using 88.7% CPU
Computing RapidNJ tree took 0.001305 sec (of wall-clock time) 0.001219 sec (of CPU time)
Log-likelihood of RapidNJ tree: -20511.265
--------------------------------------------------------------------
|             INITIALIZING CANDIDATE TREE SET                      |
--------------------------------------------------------------------
Generating 98 parsimony trees... 0.516 second
Computing log-likelihood of 98 initial trees ... 0.789 seconds
Current best score: -20390.801

Do NNI search on 20 best initial trees
Estimate model parameters (epsilon = 0.100)
WARNING: Numerical underflow for lh-branch, use `-safe` option to avoid this warning
Pattern 409 likelihood is underflown
WARNING: Numerical underflow for lh-branch, use `-safe` option to avoid this warning
Pattern 409 likelihood is underflown
WARNING: Numerical underflow for lh-branch, use `-safe` option to avoid this warning
Pattern 409 likelihood is underflown
WARNING: Numerical underflow for lh-branch, use `-safe` option to avoid this warning
Pattern 409 likelihood is underflown
WARNING: Numerical underflow for lh-branch, use `-safe` option to avoid this warning
Pattern 409 likelihood is underflown
WARNING: Numerical underflow for lh-branch, use `-safe` option to avoid this warning
Pattern 409 likelihood is underflown
WARNING: Numerical underflow for lh-branch, use `-safe` option to avoid this warning
Pattern 409 likelihood is underflown
WARNING: Numerical underflow for lh-branch, use `-safe` option to avoid this warning
Pattern 409 likelihood is underflown
WARNING: Numerical underflow for lh-branch, use `-safe` option to avoid this warning
Pattern 409 likelihood is underflown
BETTER TREE FOUND at iteration 1: -20364.509
Iteration 10 / LogL: -20382.169 / Time: 0h:0m:47s
Estimate model parameters (epsilon = 0.100)
WARNING: Numerical underflow for lh-branch, use `-safe` option to avoid this warning
Pattern 106 likelihood is underflown
Pattern 109 likelihood is underflown
WARNING: Numerical underflow for lh-branch, use `-safe` option to avoid this warning
Pattern 106 likelihood is underflown
Pattern 109 likelihood is underflown
WARNING: Numerical underflow for lh-branch, use `-safe` option to avoid this warning
Pattern 106 likelihood is underflown
Pattern 109 likelihood is underflown
WARNING: Numerical underflow for lh-branch, use `-safe` option to avoid this warning
Pattern 106 likelihood is underflown
Pattern 109 likelihood is underflown
WARNING: Numerical underflow for lh-branch, use `-safe` option to avoid this warning
Pattern 106 likelihood is underflown
Pattern 109 likelihood is underflown
WARNING: Numerical underflow for lh-branch, use `-safe` option to avoid this warning
Pattern 106 likelihood is underflown
Pattern 109 likelihood is underflown
WARNING: Numerical underflow for lh-branch, use `-safe` option to avoid this warning
Pattern 106 likelihood is underflown
Pattern 109 likelihood is underflown
WARNING: Numerical underflow for lh-branch, use `-safe` option to avoid this warning
Pattern 106 likelihood is underflown
Pattern 109 likelihood is underflown
WARNING: Numerical underflow for lh-branch, use `-safe` option to avoid this warning
Pattern 106 likelihood is underflown
Pattern 109 likelihood is underflown
BETTER TREE FOUND at iteration 12: -20360.613
Iteration 20 / LogL: -20397.284 / Time: 0h:0m:49s
Finish initializing candidate tree set (20)
Current best tree score: -20360.613 / CPU time: 6.955
Number of iterations: 20
--------------------------------------------------------------------
|               OPTIMIZING CANDIDATE TREE SET                      |
--------------------------------------------------------------------
Iteration 30 / LogL: -20361.144 / Time: 0h:0m:52s (0h:0m:27s left)
Estimate model parameters (epsilon = 0.100)
BETTER TREE FOUND at iteration 33: -20355.296
Estimate model parameters (epsilon = 0.100)
WARNING: Numerical underflow for lh-branch, use `-safe` option to avoid this warning
Pattern 16 likelihood is underflown
Pattern 245 likelihood is underflown
Pattern 253 likelihood is underflown
Pattern 347 likelihood is underflown
Pattern 487 likelihood is underflown
WARNING: Numerical underflow for lh-branch, use `-safe` option to avoid this warning
Pattern 16 likelihood is underflown
Pattern 245 likelihood is underflown
Pattern 253 likelihood is underflown
Pattern 347 likelihood is underflown
Pattern 487 likelihood is underflown
WARNING: Numerical underflow for lh-branch, use `-safe` option to avoid this warning
Pattern 16 likelihood is underflown
Pattern 245 likelihood is underflown
Pattern 253 likelihood is underflown
Pattern 347 likelihood is underflown
Pattern 487 likelihood is underflown
WARNING: Numerical underflow for lh-branch, use `-safe` option to avoid this warning
Pattern 16 likelihood is underflown
Pattern 245 likelihood is underflown
Pattern 253 likelihood is underflown
Pattern 347 likelihood is underflown
Pattern 487 likelihood is underflown
WARNING: Numerical underflow for lh-branch, use `-safe` option to avoid this warning
Pattern 16 likelihood is underflown
Pattern 245 likelihood is underflown
Pattern 253 likelihood is underflown
Pattern 347 likelihood is underflown
Pattern 487 likelihood is underflown
WARNING: Numerical underflow for lh-branch, use `-safe` option to avoid this warning
Pattern 16 likelihood is underflown
Pattern 245 likelihood is underflown
Pattern 253 likelihood is underflown
Pattern 347 likelihood is underflown
Pattern 487 likelihood is underflown
WARNING: Numerical underflow for lh-branch, use `-safe` option to avoid this warning
Pattern 16 likelihood is underflown
Pattern 245 likelihood is underflown
Pattern 253 likelihood is underflown
Pattern 347 likelihood is underflown
Pattern 487 likelihood is underflown
WARNING: Numerical underflow for lh-branch, use `-safe` option to avoid this warning
Pattern 16 likelihood is underflown
Pattern 245 likelihood is underflown
Pattern 253 likelihood is underflown
Pattern 347 likelihood is underflown
Pattern 487 likelihood is underflown
WARNING: Numerical underflow for lh-branch, use `-safe` option to avoid this warning
Pattern 16 likelihood is underflown
Pattern 245 likelihood is underflown
Pattern 253 likelihood is underflown
Pattern 347 likelihood is underflown
Pattern 487 likelihood is underflown
BETTER TREE FOUND at iteration 40: -20355.139
Iteration 40 / LogL: -20355.139 / Time: 0h:0m:54s (0h:0m:31s left)
Estimate model parameters (epsilon = 0.100)
WARNING: Numerical underflow for lh-branch, use `-safe` option to avoid this warning
Pattern 325 likelihood is underflown
Pattern 374 likelihood is underflown
WARNING: Numerical underflow for lh-branch, use `-safe` option to avoid this warning
Pattern 325 likelihood is underflown
Pattern 374 likelihood is underflown
WARNING: Numerical underflow for lh-branch, use `-safe` option to avoid this warning
Pattern 325 likelihood is underflown
Pattern 374 likelihood is underflown
WARNING: Numerical underflow for lh-branch, use `-safe` option to avoid this warning
Pattern 325 likelihood is underflown
Pattern 374 likelihood is underflown
WARNING: Numerical underflow for lh-branch, use `-safe` option to avoid this warning
Pattern 325 likelihood is underflown
Pattern 374 likelihood is underflown
WARNING: Numerical underflow for lh-branch, use `-safe` option to avoid this warning
Pattern 325 likelihood is underflown
Pattern 374 likelihood is underflown
WARNING: Numerical underflow for lh-branch, use `-safe` option to avoid this warning
Pattern 325 likelihood is underflown
Pattern 374 likelihood is underflown
WARNING: Numerical underflow for lh-branch, use `-safe` option to avoid this warning
Pattern 325 likelihood is underflown
Pattern 374 likelihood is underflown
WARNING: Numerical underflow for lh-branch, use `-safe` option to avoid this warning
Pattern 325 likelihood is underflown
Pattern 374 likelihood is underflown
BETTER TREE FOUND at iteration 44: -20353.752
Iteration 50 / LogL: -20355.155 / Time: 0h:0m:57s (0h:0m:28s left)
Log-likelihood cutoff on original alignment: -20425.387
Iteration 60 / LogL: -20353.904 / Time: 0h:0m:59s (0h:0m:24s left)
Estimate model parameters (epsilon = 0.100)
BETTER TREE FOUND at iteration 68: -20352.164
Iteration 70 / LogL: -20353.831 / Time: 0h:1m:2s (0h:0m:27s left)
Iteration 80 / LogL: -20358.939 / Time: 0h:1m:4s (0h:0m:24s left)
Iteration 90 / LogL: -20354.123 / Time: 0h:1m:6s (0h:0m:20s left)
Iteration 100 / LogL: -20358.242 / Time: 0h:1m:8s (0h:0m:18s left)
Log-likelihood cutoff on original alignment: -20425.387
NOTE: Bootstrap correlation coefficient of split occurrence frequencies: 0.991
Estimate model parameters (epsilon = 0.100)
BETTER TREE FOUND at iteration 106: -20351.163
Iteration 110 / LogL: -20352.814 / Time: 0h:1m:11s (0h:0m:25s left)
Iteration 120 / LogL: -20363.305 / Time: 0h:1m:13s (0h:0m:22s left)
Iteration 130 / LogL: -20359.226 / Time: 0h:1m:16s (0h:0m:19s left)
Iteration 140 / LogL: -20356.331 / Time: 0h:1m:18s (0h:0m:17s left)
Estimate model parameters (epsilon = 0.100)
BETTER TREE FOUND at iteration 149: -20351.064
Iteration 150 / LogL: -20352.289 / Time: 0h:1m:21s (0h:0m:25s left)
Log-likelihood cutoff on original alignment: -20425.387
Iteration 160 / LogL: -20364.630 / Time: 0h:1m:23s (0h:0m:22s left)
Iteration 170 / LogL: -20371.291 / Time: 0h:1m:25s (0h:0m:20s left)
Iteration 180 / LogL: -20352.174 / Time: 0h:1m:28s (0h:0m:17s left)
Iteration 190 / LogL: -20352.451 / Time: 0h:1m:30s (0h:0m:14s left)
Iteration 200 / LogL: -20356.735 / Time: 0h:1m:32s (0h:0m:12s left)
Log-likelihood cutoff on original alignment: -20425.387
NOTE: Bootstrap correlation coefficient of split occurrence frequencies: 0.979
NOTE: UFBoot does not converge, continue at least 100 more iterations
Iteration 210 / LogL: -20351.100 / Time: 0h:1m:35s (0h:0m:22s left)
Iteration 220 / LogL: -20358.089 / Time: 0h:1m:37s (0h:0m:20s left)
Iteration 230 / LogL: -20352.607 / Time: 0h:1m:40s (0h:0m:17s left)
Iteration 240 / LogL: -20351.491 / Time: 0h:1m:42s (0h:0m:15s left)
Iteration 250 / LogL: -20370.069 / Time: 0h:1m:44s (0h:0m:12s left)
Log-likelihood cutoff on original alignment: -20425.387
Iteration 260 / LogL: -20357.628 / Time: 0h:1m:47s (0h:0m:10s left)
Iteration 270 / LogL: -20356.552 / Time: 0h:1m:50s (0h:0m:7s left)
Iteration 280 / LogL: -20385.808 / Time: 0h:1m:52s (0h:0m:5s left)
Iteration 290 / LogL: -20352.229 / Time: 0h:1m:55s (0h:0m:2s left)
Iteration 300 / LogL: -20383.099 / Time: 0h:1m:57s (0h:0m:0s left)
Log-likelihood cutoff on original alignment: -20425.387
NOTE: Bootstrap correlation coefficient of split occurrence frequencies: 0.997
TREE SEARCH COMPLETED AFTER 300 ITERATIONS / Time: 0h:1m:57s

--------------------------------------------------------------------
|                    FINALIZING TREE SEARCH                        |
--------------------------------------------------------------------
Performs final model parameters optimization
Estimate model parameters (epsilon = 0.010)
1. Initial log-likelihood: -20351.064
2. Current log-likelihood: -20351.037
3. Current log-likelihood: -20350.995
4. Current log-likelihood: -20350.961
5. Current log-likelihood: -20350.933
6. Current log-likelihood: -20350.917
7. Current log-likelihood: -20350.901
8. Current log-likelihood: -20350.890
9. Current log-likelihood: -20350.879
Optimal log-likelihood: -20350.868
Rate parameters:  A-C: 2.30526  A-G: 16.46588  A-T: 1.00000  C-G: 2.30526  C-T: 16.46588  G-T: 1.00000
Base frequencies:  A: 0.280  C: 0.219  G: 0.236  T: 0.265
Site proportion and rates:  (0.756,0.000) (0.243,3.038) (0.001,242.635)
Parameters optimization took 9 rounds (0.457 sec)
BEST SCORE FOUND : -20350.868
Creating bootstrap support values...
Split supports printed to NEXUS file /Users/kirstyn.brunker/GitHub/RABV_Arequipa_2025/processed_data/nt_alignments/gene_alignments/redcap_download_20251009_0935_n167.renamed.aln.date_appended_concat.fasta.splits.nex
Total tree length: 0.070

Total number of iterations: 300
CPU time used for tree search: 74.612 sec (0h:1m:14s)
Wall-clock time used for tree search: 74.819 sec (0h:1m:14s)
Total CPU time used: 119.691 sec (0h:1m:59s)
Total wall-clock time used: 118.455 sec (0h:1m:58s)

Computing bootstrap consensus tree...
Reading input file /Users/kirstyn.brunker/GitHub/RABV_Arequipa_2025/processed_data/nt_alignments/gene_alignments/redcap_download_20251009_0935_n167.renamed.aln.date_appended_concat.fasta.splits.nex...
166 taxa and 2079 splits.
Consensus tree written to /Users/kirstyn.brunker/GitHub/RABV_Arequipa_2025/processed_data/nt_alignments/gene_alignments/redcap_download_20251009_0935_n167.renamed.aln.date_appended_concat.fasta.contree
Reading input trees file /Users/kirstyn.brunker/GitHub/RABV_Arequipa_2025/processed_data/nt_alignments/gene_alignments/redcap_download_20251009_0935_n167.renamed.aln.date_appended_concat.fasta.contree
Log-likelihood of consensus tree: -20352.828

Analysis results written to: 
  IQ-TREE report:                /Users/kirstyn.brunker/GitHub/RABV_Arequipa_2025/processed_data/nt_alignments/gene_alignments/redcap_download_20251009_0935_n167.renamed.aln.date_appended_concat.fasta.iqtree
  Maximum-likelihood tree:       /Users/kirstyn.brunker/GitHub/RABV_Arequipa_2025/processed_data/nt_alignments/gene_alignments/redcap_download_20251009_0935_n167.renamed.aln.date_appended_concat.fasta.treefile
  Likelihood distances:          /Users/kirstyn.brunker/GitHub/RABV_Arequipa_2025/processed_data/nt_alignments/gene_alignments/redcap_download_20251009_0935_n167.renamed.aln.date_appended_concat.fasta.mldist

Ultrafast bootstrap approximation results written to:
  Split support values:          /Users/kirstyn.brunker/GitHub/RABV_Arequipa_2025/processed_data/nt_alignments/gene_alignments/redcap_download_20251009_0935_n167.renamed.aln.date_appended_concat.fasta.splits.nex
  Consensus tree:                /Users/kirstyn.brunker/GitHub/RABV_Arequipa_2025/processed_data/nt_alignments/gene_alignments/redcap_download_20251009_0935_n167.renamed.aln.date_appended_concat.fasta.contree
  Screen log file:               /Users/kirstyn.brunker/GitHub/RABV_Arequipa_2025/processed_data/nt_alignments/gene_alignments/redcap_download_20251009_0935_n167.renamed.aln.date_appended_concat.fasta.log

Date and Time: Fri Oct 17 14:25:59 2025
