<?xml version="1.0" encoding="UTF-8"?>
<kml xmlns="http://www.opengis.net/kml/2.2" xmlns:gx="http://www.google.com/kml/ext/2.2" xmlns:kml="http://www.opengis.net/kml/2.2" xmlns:atom="http://www.w3.org/2005/Atom">
<Document>
	<name>Francisco_Bolognesi_ingreso_economico_20jul2022.kml</name>
	<Style id="sn_ylw-pushpin10340">
		<IconStyle>
			<scale>1.1</scale>
			<Icon>
				<href>http://maps.google.com/mapfiles/kml/pushpin/ylw-pushpin.png</href>
			</Icon>
			<hotSpot x="20" y="2" xunits="pixels" yunits="pixels"/>
		</IconStyle>
		<LineStyle>
			<color>ff000084</color>
			<width>2</width>
		</LineStyle>
		<PolyStyle>
			<color>00ffffff</color>
		</PolyStyle>
	</Style>
	<Style id="sh_ylw-pushpin3191">
		<IconStyle>
			<scale>1.3</scale>
			<Icon>
				<href>http://maps.google.com/mapfiles/kml/pushpin/ylw-pushpin.png</href>
			</Icon>
			<hotSpot x="20" y="2" xunits="pixels" yunits="pixels"/>
		</IconStyle>
		<LineStyle>
			<color>ffff00aa</color>
			<width>2</width>
		</LineStyle>
		<PolyStyle>
			<color>00ffffff</color>
		</PolyStyle>
	</Style>
	<Style id="sn_ylw-pushpin10401">
		<IconStyle>
			<scale>1.1</scale>
			<Icon>
				<href>http://maps.google.com/mapfiles/kml/pushpin/ylw-pushpin.png</href>
			</Icon>
			<hotSpot x="20" y="2" xunits="pixels" yunits="pixels"/>
		</IconStyle>
		<LineStyle>
			<color>ff0000ff</color>
			<width>2</width>
		</LineStyle>
		<PolyStyle>
			<color>00ffffff</color>
		</PolyStyle>
	</Style>
	<Style id="sn_ylw-pushpin1028">
		<IconStyle>
			<scale>1.1</scale>
			<Icon>
				<href>http://maps.google.com/mapfiles/kml/pushpin/ylw-pushpin.png</href>
			</Icon>
			<hotSpot x="20" y="2" xunits="pixels" yunits="pixels"/>
		</IconStyle>
		<LineStyle>
			<color>ff00aaff</color>
			<width>2</width>
		</LineStyle>
		<PolyStyle>
			<color>00ffffff</color>
		</PolyStyle>
	</Style>
	<StyleMap id="msn_ylw-pushpin047">
		<Pair>
			<key>normal</key>
			<styleUrl>#sn_ylw-pushpin1047</styleUrl>
		</Pair>
		<Pair>
			<key>highlight</key>
			<styleUrl>#sh_ylw-pushpin358</styleUrl>
		</Pair>
	</StyleMap>
	<Style id="sh_ylw-pushpin366">
		<IconStyle>
			<scale>1.3</scale>
			<Icon>
				<href>http://maps.google.com/mapfiles/kml/pushpin/ylw-pushpin.png</href>
			</Icon>
			<hotSpot x="20" y="2" xunits="pixels" yunits="pixels"/>
		</IconStyle>
		<LineStyle>
			<color>ff0000ff</color>
			<width>2</width>
		</LineStyle>
		<PolyStyle>
			<color>00ffffff</color>
		</PolyStyle>
	</Style>
	<Style id="sn_ylw-pushpin10013">
		<IconStyle>
			<scale>1.1</scale>
			<Icon>
				<href>http://maps.google.com/mapfiles/kml/pushpin/ylw-pushpin.png</href>
			</Icon>
			<hotSpot x="20" y="2" xunits="pixels" yunits="pixels"/>
		</IconStyle>
		<LineStyle>
			<color>ff0000ff</color>
			<width>2</width>
		</LineStyle>
		<PolyStyle>
			<color>00ffffff</color>
		</PolyStyle>
	</Style>
	<StyleMap id="msn_ylw-pushpin039">
		<Pair>
			<key>normal</key>
			<styleUrl>#sn_ylw-pushpin1039</styleUrl>
		</Pair>
		<Pair>
			<key>highlight</key>
			<styleUrl>#sh_ylw-pushpin3501</styleUrl>
		</Pair>
	</StyleMap>
	<Style id="sh_ylw-pushpin3450">
		<IconStyle>
			<scale>1.3</scale>
			<Icon>
				<href>http://maps.google.com/mapfiles/kml/pushpin/ylw-pushpin.png</href>
			</Icon>
			<hotSpot x="20" y="2" xunits="pixels" yunits="pixels"/>
		</IconStyle>
		<LineStyle>
			<color>ff000084</color>
			<width>2</width>
		</LineStyle>
		<PolyStyle>
			<color>00ffffff</color>
		</PolyStyle>
	</Style>
	<Style id="sh_ylw-pushpin351">
		<IconStyle>
			<scale>1.3</scale>
			<Icon>
				<href>http://maps.google.com/mapfiles/kml/pushpin/ylw-pushpin.png</href>
			</Icon>
			<hotSpot x="20" y="2" xunits="pixels" yunits="pixels"/>
		</IconStyle>
		<LineStyle>
			<color>ff0000ff</color>
			<width>2</width>
		</LineStyle>
		<PolyStyle>
			<color>00ffffff</color>
		</PolyStyle>
	</Style>
	<Style id="sn_ylw-pushpin1081">
		<IconStyle>
			<scale>1.1</scale>
			<Icon>
				<href>http://maps.google.com/mapfiles/kml/pushpin/ylw-pushpin.png</href>
			</Icon>
			<hotSpot x="20" y="2" xunits="pixels" yunits="pixels"/>
		</IconStyle>
		<LineStyle>
			<color>ff7fffff</color>
			<width>2</width>
		</LineStyle>
		<PolyStyle>
			<color>00ffffff</color>
		</PolyStyle>
	</Style>
	<StyleMap id="msn_ylw-pushpin0141">
		<Pair>
			<key>normal</key>
			<styleUrl>#sn_ylw-pushpin10141</styleUrl>
		</Pair>
		<Pair>
			<key>highlight</key>
			<styleUrl>#sh_ylw-pushpin3191</styleUrl>
		</Pair>
	</StyleMap>
	<StyleMap id="msn_ylw-pushpin0060">
		<Pair>
			<key>normal</key>
			<styleUrl>#sn_ylw-pushpin10013</styleUrl>
		</Pair>
		<Pair>
			<key>highlight</key>
			<styleUrl>#sh_ylw-pushpin3212</styleUrl>
		</Pair>
	</StyleMap>
	<Style id="sn_ylw-pushpin10141">
		<IconStyle>
			<scale>1.1</scale>
			<Icon>
				<href>http://maps.google.com/mapfiles/kml/pushpin/ylw-pushpin.png</href>
			</Icon>
			<hotSpot x="20" y="2" xunits="pixels" yunits="pixels"/>
		</IconStyle>
		<LineStyle>
			<color>ffff00aa</color>
			<width>2</width>
		</LineStyle>
		<PolyStyle>
			<color>00ffffff</color>
		</PolyStyle>
	</Style>
	<StyleMap id="msn_ylw-pushpin0550">
		<Pair>
			<key>normal</key>
			<styleUrl>#sn_ylw-pushpin1055</styleUrl>
		</Pair>
		<Pair>
			<key>highlight</key>
			<styleUrl>#sh_ylw-pushpin366</styleUrl>
		</Pair>
	</StyleMap>
	<StyleMap id="msn_ylw-pushpin0402">
		<Pair>
			<key>normal</key>
			<styleUrl>#sn_ylw-pushpin10401</styleUrl>
		</Pair>
		<Pair>
			<key>highlight</key>
			<styleUrl>#sh_ylw-pushpin351</styleUrl>
		</Pair>
	</StyleMap>
	<StyleMap id="msn_ylw-pushpin048">
		<Pair>
			<key>normal</key>
			<styleUrl>#sn_ylw-pushpin1048</styleUrl>
		</Pair>
		<Pair>
			<key>highlight</key>
			<styleUrl>#sh_ylw-pushpin359</styleUrl>
		</Pair>
	</StyleMap>
	<Style id="sn_ylw-pushpin1053">
		<IconStyle>
			<scale>1.1</scale>
			<Icon>
				<href>http://maps.google.com/mapfiles/kml/pushpin/ylw-pushpin.png</href>
			</Icon>
			<hotSpot x="20" y="2" xunits="pixels" yunits="pixels"/>
		</IconStyle>
		<LineStyle>
			<color>ff0000ff</color>
			<width>2</width>
		</LineStyle>
		<PolyStyle>
			<color>00ffffff</color>
		</PolyStyle>
	</Style>
	<StyleMap id="msn_ylw-pushpin028">
		<Pair>
			<key>normal</key>
			<styleUrl>#sn_ylw-pushpin1028</styleUrl>
		</Pair>
		<Pair>
			<key>highlight</key>
			<styleUrl>#sh_ylw-pushpin338</styleUrl>
		</Pair>
	</StyleMap>
	<Style id="sh_ylw-pushpin358">
		<IconStyle>
			<scale>1.3</scale>
			<Icon>
				<href>http://maps.google.com/mapfiles/kml/pushpin/ylw-pushpin.png</href>
			</Icon>
			<hotSpot x="20" y="2" xunits="pixels" yunits="pixels"/>
		</IconStyle>
		<LineStyle>
			<color>ff0000ff</color>
			<width>2</width>
		</LineStyle>
		<PolyStyle>
			<color>00ffffff</color>
		</PolyStyle>
	</Style>
	<Style id="sn_ylw-pushpin10550">
		<IconStyle>
			<scale>1.1</scale>
			<Icon>
				<href>http://maps.google.com/mapfiles/kml/pushpin/ylw-pushpin.png</href>
			</Icon>
			<hotSpot x="20" y="2" xunits="pixels" yunits="pixels"/>
		</IconStyle>
		<LineStyle>
			<color>ff0000ff</color>
			<width>2</width>
		</LineStyle>
		<PolyStyle>
			<color>00ffffff</color>
		</PolyStyle>
	</Style>
	<Style id="sh_ylw-pushpin3660">
		<IconStyle>
			<scale>1.3</scale>
			<Icon>
				<href>http://maps.google.com/mapfiles/kml/pushpin/ylw-pushpin.png</href>
			</Icon>
			<hotSpot x="20" y="2" xunits="pixels" yunits="pixels"/>
		</IconStyle>
		<LineStyle>
			<color>ff0000ff</color>
			<width>2</width>
		</LineStyle>
		<PolyStyle>
			<color>00ffffff</color>
		</PolyStyle>
	</Style>
	<Style id="sh_ylw-pushpin3212">
		<IconStyle>
			<scale>1.3</scale>
			<Icon>
				<href>http://maps.google.com/mapfiles/kml/pushpin/ylw-pushpin.png</href>
			</Icon>
			<hotSpot x="20" y="2" xunits="pixels" yunits="pixels"/>
		</IconStyle>
		<LineStyle>
			<color>ff0000ff</color>
			<width>2</width>
		</LineStyle>
		<PolyStyle>
			<color>00ffffff</color>
		</PolyStyle>
	</Style>
	<Style id="sn_ylw-pushpin1047">
		<IconStyle>
			<scale>1.1</scale>
			<Icon>
				<href>http://maps.google.com/mapfiles/kml/pushpin/ylw-pushpin.png</href>
			</Icon>
			<hotSpot x="20" y="2" xunits="pixels" yunits="pixels"/>
		</IconStyle>
		<LineStyle>
			<color>ff0000ff</color>
			<width>2</width>
		</LineStyle>
		<PolyStyle>
			<color>00ffffff</color>
		</PolyStyle>
	</Style>
	<Style id="sh_ylw-pushpin338">
		<IconStyle>
			<scale>1.3</scale>
			<Icon>
				<href>http://maps.google.com/mapfiles/kml/pushpin/ylw-pushpin.png</href>
			</Icon>
			<hotSpot x="20" y="2" xunits="pixels" yunits="pixels"/>
		</IconStyle>
		<LineStyle>
			<color>ff00aaff</color>
			<width>2</width>
		</LineStyle>
		<PolyStyle>
			<color>00ffffff</color>
		</PolyStyle>
	</Style>
	<Style id="sh_ylw-pushpin359">
		<IconStyle>
			<scale>1.3</scale>
			<Icon>
				<href>http://maps.google.com/mapfiles/kml/pushpin/ylw-pushpin.png</href>
			</Icon>
			<hotSpot x="20" y="2" xunits="pixels" yunits="pixels"/>
		</IconStyle>
		<LineStyle>
			<color>ff0000ff</color>
			<width>2</width>
		</LineStyle>
		<PolyStyle>
			<color>00ffffff</color>
		</PolyStyle>
	</Style>
	<StyleMap id="msn_ylw-pushpin0551">
		<Pair>
			<key>normal</key>
			<styleUrl>#sn_ylw-pushpin10550</styleUrl>
		</Pair>
		<Pair>
			<key>highlight</key>
			<styleUrl>#sh_ylw-pushpin3660</styleUrl>
		</Pair>
	</StyleMap>
	<Style id="sh_ylw-pushpin3112">
		<IconStyle>
			<scale>1.3</scale>
			<Icon>
				<href>http://maps.google.com/mapfiles/kml/pushpin/ylw-pushpin.png</href>
			</Icon>
			<hotSpot x="20" y="2" xunits="pixels" yunits="pixels"/>
		</IconStyle>
		<LineStyle>
			<color>ff7fffff</color>
			<width>2</width>
		</LineStyle>
		<PolyStyle>
			<color>00ffffff</color>
		</PolyStyle>
	</Style>
	<Style id="sn_ylw-pushpin1048">
		<IconStyle>
			<scale>1.1</scale>
			<Icon>
				<href>http://maps.google.com/mapfiles/kml/pushpin/ylw-pushpin.png</href>
			</Icon>
			<hotSpot x="20" y="2" xunits="pixels" yunits="pixels"/>
		</IconStyle>
		<LineStyle>
			<color>ff0000ff</color>
			<width>2</width>
		</LineStyle>
		<PolyStyle>
			<color>00ffffff</color>
		</PolyStyle>
	</Style>
	<Style id="sh_ylw-pushpin3642">
		<IconStyle>
			<scale>1.3</scale>
			<Icon>
				<href>http://maps.google.com/mapfiles/kml/pushpin/ylw-pushpin.png</href>
			</Icon>
			<hotSpot x="20" y="2" xunits="pixels" yunits="pixels"/>
		</IconStyle>
		<LineStyle>
			<color>ff0000ff</color>
			<width>2</width>
		</LineStyle>
		<PolyStyle>
			<color>00ffffff</color>
		</PolyStyle>
	</Style>
	<Style id="sn_ylw-pushpin1055">
		<IconStyle>
			<scale>1.1</scale>
			<Icon>
				<href>http://maps.google.com/mapfiles/kml/pushpin/ylw-pushpin.png</href>
			</Icon>
			<hotSpot x="20" y="2" xunits="pixels" yunits="pixels"/>
		</IconStyle>
		<LineStyle>
			<color>ff0000ff</color>
			<width>2</width>
		</LineStyle>
		<PolyStyle>
			<color>00ffffff</color>
		</PolyStyle>
	</Style>
	<StyleMap id="msn_ylw-pushpin0340">
		<Pair>
			<key>normal</key>
			<styleUrl>#sn_ylw-pushpin10340</styleUrl>
		</Pair>
		<Pair>
			<key>highlight</key>
			<styleUrl>#sh_ylw-pushpin3450</styleUrl>
		</Pair>
	</StyleMap>
	<StyleMap id="msn_ylw-pushpin0530">
		<Pair>
			<key>normal</key>
			<styleUrl>#sn_ylw-pushpin1053</styleUrl>
		</Pair>
		<Pair>
			<key>highlight</key>
			<styleUrl>#sh_ylw-pushpin3642</styleUrl>
		</Pair>
	</StyleMap>
	<Style id="sh_ylw-pushpin3501">
		<IconStyle>
			<scale>1.3</scale>
			<Icon>
				<href>http://maps.google.com/mapfiles/kml/pushpin/ylw-pushpin.png</href>
			</Icon>
			<hotSpot x="20" y="2" xunits="pixels" yunits="pixels"/>
		</IconStyle>
		<LineStyle>
			<width>2</width>
		</LineStyle>
		<PolyStyle>
			<color>00ffffff</color>
		</PolyStyle>
	</Style>
	<StyleMap id="msn_ylw-pushpin080">
		<Pair>
			<key>normal</key>
			<styleUrl>#sn_ylw-pushpin1081</styleUrl>
		</Pair>
		<Pair>
			<key>highlight</key>
			<styleUrl>#sh_ylw-pushpin3112</styleUrl>
		</Pair>
	</StyleMap>
	<Style id="sn_ylw-pushpin1039">
		<IconStyle>
			<scale>1.1</scale>
			<Icon>
				<href>http://maps.google.com/mapfiles/kml/pushpin/ylw-pushpin.png</href>
			</Icon>
			<hotSpot x="20" y="2" xunits="pixels" yunits="pixels"/>
		</IconStyle>
		<LineStyle>
			<width>2</width>
		</LineStyle>
		<PolyStyle>
			<color>00ffffff</color>
		</PolyStyle>
	</Style>
	<Folder>
		<name>Francisco_Bolognesi_ingreso_economico</name>
		<Folder>
			<name>A</name>
			<Placemark>
				<name>1.3.16-1</name>
				<styleUrl>#msn_ylw-pushpin0141</styleUrl>
				<Polygon>
					<tessellate>1</tessellate>
					<outerBoundaryIs>
						<LinearRing>
							<coordinates>
								-71.54910377335908,-16.38399307000326,0 -71.5491721490606,-16.38411175065981,0 -71.54930646109962,-16.38418683129495,0 -71.54919671500046,-16.38433073543754,0 -71.54895863396821,-16.38417019653647,0 -71.54910377335908,-16.38399307000326,0 
							</coordinates>
						</LinearRing>
					</outerBoundaryIs>
				</Polygon>
			</Placemark>
			<Placemark>
				<name>1.3.16-11</name>
				<styleUrl>#msn_ylw-pushpin0141</styleUrl>
				<Polygon>
					<tessellate>1</tessellate>
					<outerBoundaryIs>
						<LinearRing>
							<coordinates>
								-71.54889327826429,-16.38361146845662,0 -71.54906124261355,-16.38360504911268,0 -71.54908689006692,-16.38394207762291,0 -71.54890362259668,-16.38395728381855,0 -71.54889327826429,-16.38361146845662,0 
							</coordinates>
						</LinearRing>
					</outerBoundaryIs>
				</Polygon>
			</Placemark>
			<Placemark>
				<name>1.3.16-12</name>
				<styleUrl>#msn_ylw-pushpin0141</styleUrl>
				<Polygon>
					<tessellate>1</tessellate>
					<outerBoundaryIs>
						<LinearRing>
							<coordinates>
								-71.548647383321,-16.38361061708147,0 -71.54881555350941,-16.38361105269187,0 -71.54880274732503,-16.3845301422801,0 -71.5485789941734,-16.38445846956456,0 -71.54862384840885,-16.3842989760982,0 -71.548647383321,-16.38361061708147,0 
							</coordinates>
						</LinearRing>
					</outerBoundaryIs>
				</Polygon>
			</Placemark>
			<Placemark>
				<name>1.3.16-20</name>
				<styleUrl>#msn_ylw-pushpin0141</styleUrl>
				<Polygon>
					<tessellate>1</tessellate>
					<outerBoundaryIs>
						<LinearRing>
							<coordinates>
								-71.54947873510787,-16.38427020129681,0 -71.54936409571441,-16.38445813064407,0 -71.5491545856311,-16.38457034118003,0 -71.5490806590421,-16.38448780492496,0 -71.54917513309435,-16.38438209507022,0 -71.54932611725663,-16.38421583853098,0 -71.54947873510787,-16.38427020129681,0 
							</coordinates>
						</LinearRing>
					</outerBoundaryIs>
				</Polygon>
			</Placemark>
			<Placemark>
				<name>1.3.8-6</name>
				<styleUrl>#msn_ylw-pushpin0141</styleUrl>
				<Polygon>
					<tessellate>1</tessellate>
					<outerBoundaryIs>
						<LinearRing>
							<coordinates>
								-71.5508959832942,-16.3837145731547,0 -71.55077402144644,-16.3836661240455,0 -71.55071509638309,-16.38367420380574,0 -71.55051118712167,-16.38355329099165,0 -71.55043552424915,-16.38291702844761,0 -71.55046859141005,-16.38292681497139,0 -71.55124525168301,-16.38326974910419,0 -71.55126249148621,-16.38329166327547,0 -71.5512590648687,-16.38349623551537,0 -71.55106985127911,-16.38339591928752,0 -71.5508959832942,-16.3837145731547,0 
							</coordinates>
						</LinearRing>
					</outerBoundaryIs>
				</Polygon>
			</Placemark>
			<Placemark>
				<name>1.3.8-7</name>
				<styleUrl>#msn_ylw-pushpin0141</styleUrl>
				<Polygon>
					<tessellate>1</tessellate>
					<outerBoundaryIs>
						<LinearRing>
							<coordinates>
								-71.55051760258903,-16.38367294931325,0 -71.55053649027295,-16.38365078528157,0 -71.55067907905615,-16.38374971351811,0 -71.55072120076262,-16.38382450062833,0 -71.55058549805116,-16.38420536566412,0 -71.55036939245353,-16.38421863576659,0 -71.55045788566999,-16.38390538830233,0 -71.55051760258903,-16.38367294931325,0 
							</coordinates>
						</LinearRing>
					</outerBoundaryIs>
				</Polygon>
			</Placemark>
			<Placemark>
				<name>1.3.8-8</name>
				<styleUrl>#msn_ylw-pushpin0141</styleUrl>
				<Polygon>
					<tessellate>1</tessellate>
					<outerBoundaryIs>
						<LinearRing>
							<coordinates>
								-71.5506067564274,-16.38419681498675,0 -71.55073501978168,-16.38383131665864,0 -71.55082142051005,-16.38387777384452,0 -71.55114540184059,-16.38388367137689,0 -71.55112449961081,-16.38393011418107,0 -71.55106986812427,-16.3839907137748,0 -71.55091632587917,-16.38410575438743,0 -71.55077899212299,-16.38418946642612,0 -71.5506067564274,-16.38419681498675,0 
							</coordinates>
						</LinearRing>
					</outerBoundaryIs>
				</Polygon>
			</Placemark>
			<Placemark>
				<name>1.3.8-9</name>
				<styleUrl>#msn_ylw-pushpin0141</styleUrl>
				<Polygon>
					<tessellate>1</tessellate>
					<outerBoundaryIs>
						<LinearRing>
							<coordinates>
								-71.55124919092624,-16.38358861369311,0 -71.55121541965154,-16.38370314676303,0 -71.55115163201475,-16.38387155856434,0 -71.5508340593619,-16.38386968963527,0 -71.55107555050139,-16.38341093141126,0 -71.55125775722207,-16.38351011910735,0 -71.55124919092624,-16.38358861369311,0 
							</coordinates>
						</LinearRing>
					</outerBoundaryIs>
				</Polygon>
			</Placemark>
			<Placemark>
				<name>1.3.22-26</name>
				<styleUrl>#msn_ylw-pushpin0141</styleUrl>
				<Polygon>
					<tessellate>1</tessellate>
					<outerBoundaryIs>
						<LinearRing>
							<coordinates>
								-71.54664787307668,-16.37735497347152,0 -71.54641860599823,-16.37735697274685,0 -71.5463489930678,-16.37784165292124,0 -71.54616378278666,-16.37781812504365,0 -71.54621191580384,-16.37720581288849,0 -71.54661374384479,-16.37718477220671,0 -71.54664787307668,-16.37735497347152,0 
							</coordinates>
						</LinearRing>
					</outerBoundaryIs>
				</Polygon>
			</Placemark>
			<Placemark>
				<name>1.3.22-27</name>
				<styleUrl>#msn_ylw-pushpin0141</styleUrl>
				<Polygon>
					<tessellate>1</tessellate>
					<outerBoundaryIs>
						<LinearRing>
							<coordinates>
								-71.54697033487398,-16.37770164622083,0 -71.54671180537744,-16.37786170804575,0 -71.54656149066523,-16.37797771440946,0 -71.54640462954035,-16.37802475214369,0 -71.54638596333774,-16.37784233598584,0 -71.54670277648798,-16.37758611053075,0 -71.54664685403787,-16.37718131038239,0 -71.54686351180067,-16.3771719645194,0 -71.54697033487398,-16.37770164622083,0 
							</coordinates>
						</LinearRing>
					</outerBoundaryIs>
				</Polygon>
			</Placemark>
			<Placemark>
				<name>1.3.22-28</name>
				<styleUrl>#msn_ylw-pushpin0141</styleUrl>
				<Polygon>
					<tessellate>1</tessellate>
					<outerBoundaryIs>
						<LinearRing>
							<coordinates>
								-71.54649566252471,-16.3789367833537,0 -71.54611007770463,-16.37905519698508,0 -71.54610678972773,-16.37897463415583,0 -71.54617798686601,-16.37866396615634,0 -71.54613390471798,-16.37843544129164,0 -71.54629959717172,-16.37840052483514,0 -71.54649566252471,-16.3789367833537,0 
							</coordinates>
						</LinearRing>
					</outerBoundaryIs>
				</Polygon>
			</Placemark>
			<Placemark>
				<name>1.3.22-29</name>
				<styleUrl>#msn_ylw-pushpin0141</styleUrl>
				<Polygon>
					<tessellate>1</tessellate>
					<outerBoundaryIs>
						<LinearRing>
							<coordinates>
								-71.54653493543179,-16.37894011473788,0 -71.54626796518188,-16.37812572181797,0 -71.54646795863863,-16.37804704151569,0 -71.54659422179611,-16.37830282510065,0 -71.5465737341989,-16.37846931481704,0 -71.54670049730984,-16.37888369744721,0 -71.54653493543179,-16.37894011473788,0 
							</coordinates>
						</LinearRing>
					</outerBoundaryIs>
				</Polygon>
			</Placemark>
			<Placemark>
				<name>1.3.22-30</name>
				<styleUrl>#msn_ylw-pushpin0141</styleUrl>
				<Polygon>
					<tessellate>1</tessellate>
					<outerBoundaryIs>
						<LinearRing>
							<coordinates>
								-71.54611933630389,-16.37837090985855,0 -71.54604627615497,-16.37846896476526,0 -71.54610198931019,-16.37865340494298,0 -71.5460455192235,-16.37898650950801,0 -71.54599336272234,-16.37909646630951,0 -71.54582607101138,-16.37915560199947,0 -71.5458094825694,-16.37902230840785,0 -71.54585360663914,-16.37893352016998,0 -71.54595079621338,-16.37887270337298,0 -71.5459642185522,-16.37875536589071,0 -71.5459508011329,-16.37864781534575,0 -71.54590226171796,-16.37848719697767,0 -71.54593936218168,-16.37834957025547,0 -71.54622309194006,-16.3781566800993,0 -71.54626808169532,-16.37828604202626,0 -71.54611933630389,-16.37837090985855,0 
							</coordinates>
						</LinearRing>
					</outerBoundaryIs>
				</Polygon>
			</Placemark>
			<Placemark>
				<name>1.3.25-1</name>
				<styleUrl>#msn_ylw-pushpin0141</styleUrl>
				<Polygon>
					<tessellate>1</tessellate>
					<outerBoundaryIs>
						<LinearRing>
							<coordinates>
								-71.54601841834895,-16.37672250500623,0 -71.54595479321937,-16.37650886858737,0 -71.5460294405398,-16.37644353425876,0 -71.54585258343127,-16.37613060843604,0 -71.5461296901297,-16.37593274843528,0 -71.54635835399519,-16.3762528588139,0 -71.54652307061143,-16.37710118715208,0 -71.54602996157854,-16.37709988930927,0 -71.54601841834895,-16.37672250500623,0 
							</coordinates>
						</LinearRing>
					</outerBoundaryIs>
				</Polygon>
			</Placemark>
			<Placemark>
				<name>1.3.25-2</name>
				<styleUrl>#msn_ylw-pushpin0141</styleUrl>
				<Polygon>
					<tessellate>1</tessellate>
					<outerBoundaryIs>
						<LinearRing>
							<coordinates>
								-71.5470030831824,-16.37664066374838,0 -71.54692760659155,-16.37687779425107,0 -71.54683070319705,-16.37691528040655,0 -71.54678954194566,-16.37682829508335,0 -71.54688351530604,-16.37663707247071,0 -71.54674703819278,-16.37657813390538,0 -71.54686592625711,-16.37598783199979,0 -71.54707461982508,-16.37605863465474,0 -71.54706630951502,-16.37626010088693,0 -71.5470030831824,-16.37664066374838,0 
							</coordinates>
						</LinearRing>
					</outerBoundaryIs>
				</Polygon>
			</Placemark>
			<Placemark>
				<name>1.3.25-3</name>
				<styleUrl>#msn_ylw-pushpin0141</styleUrl>
				<Polygon>
					<tessellate>1</tessellate>
					<outerBoundaryIs>
						<LinearRing>
							<coordinates>
								-71.54458456076938,-16.37451349833235,0 -71.54512133986044,-16.37441837043542,0 -71.54547803479441,-16.37709740731364,0 -71.54480282975301,-16.37710391595661,0 -71.54458456076938,-16.37451349833235,0 
							</coordinates>
						</LinearRing>
					</outerBoundaryIs>
				</Polygon>
			</Placemark>
			<Placemark>
				<name>1.3.25-4</name>
				<styleUrl>#msn_ylw-pushpin0141</styleUrl>
				<Polygon>
					<tessellate>1</tessellate>
					<outerBoundaryIs>
						<LinearRing>
							<coordinates>
								-71.54527379672787,-16.37440697035155,0 -71.54595727607678,-16.3743150538333,0 -71.54595359852512,-16.37470270281353,0 -71.54582005545907,-16.3750970582164,0 -71.54571743695429,-16.37546614682344,0 -71.54576723425394,-16.37586402715455,0 -71.54597124185663,-16.37702681828493,0 -71.54559846028359,-16.37702438415591,0 -71.54527379672787,-16.37440697035155,0 
							</coordinates>
						</LinearRing>
					</outerBoundaryIs>
				</Polygon>
			</Placemark>
			<Placemark>
				<name>1.3.25-5</name>
				<styleUrl>#msn_ylw-pushpin0141</styleUrl>
				<Polygon>
					<tessellate>1</tessellate>
					<outerBoundaryIs>
						<LinearRing>
							<coordinates>
								-71.54652222344359,-16.37403565839066,0 -71.54671752388666,-16.37402013116591,0 -71.54687975985297,-16.37458535177623,0 -71.54681557318979,-16.37465229626869,0 -71.5465837168874,-16.37474397313509,0 -71.546378677028,-16.37478998404456,0 -71.54599357124002,-16.37480560933092,0 -71.54607220487085,-16.3742937953814,0 -71.54625634232356,-16.37428260485532,0 -71.54627581642758,-16.37460533395645,0 -71.54663931608846,-16.37451757834981,0 -71.54656605636778,-16.37419833065138,0 -71.54609249929862,-16.37417389436285,0 -71.54613307780915,-16.37401190609079,0 -71.54652222344359,-16.37403565839066,0 
							</coordinates>
						</LinearRing>
					</outerBoundaryIs>
				</Polygon>
			</Placemark>
			<Placemark>
				<name>1.3.25-6</name>
				<styleUrl>#msn_ylw-pushpin0141</styleUrl>
				<Polygon>
					<tessellate>1</tessellate>
					<outerBoundaryIs>
						<LinearRing>
							<coordinates>
								-71.54619861885783,-16.37719169337723,0 -71.5461394535557,-16.37781482450893,0 -71.54611718412595,-16.37804386797532,0 -71.54592637189897,-16.37822766386332,0 -71.54590331389576,-16.37720148524434,0 -71.54619861885783,-16.37719169337723,0 
							</coordinates>
						</LinearRing>
					</outerBoundaryIs>
				</Polygon>
			</Placemark>
			<Placemark>
				<name>1.3.25-7</name>
				<styleUrl>#msn_ylw-pushpin0141</styleUrl>
				<Polygon>
					<tessellate>1</tessellate>
					<outerBoundaryIs>
						<LinearRing>
							<coordinates>
								-71.54579948009756,-16.37719955683423,0 -71.54577887312908,-16.3781518772294,0 -71.54582638524913,-16.37844674098659,0 -71.54559442102686,-16.37853386377808,0 -71.54549139625409,-16.37826261592292,0 -71.54530535609469,-16.37828826174701,0 -71.54536994281302,-16.37800430536235,0 -71.54522241525443,-16.37756873947732,0 -71.54519313152446,-16.37720883150535,0 -71.54579948009756,-16.37719955683423,0 
							</coordinates>
						</LinearRing>
					</outerBoundaryIs>
				</Polygon>
			</Placemark>
			<Placemark>
				<name>1.3.27-1</name>
				<styleUrl>#msn_ylw-pushpin0141</styleUrl>
				<Polygon>
					<tessellate>1</tessellate>
					<outerBoundaryIs>
						<LinearRing>
							<coordinates>
								-71.54609694773421,-16.37290732561957,0 -71.54621259162451,-16.37286268887749,0 -71.54624258916155,-16.37294659150661,0 -71.54626646905781,-16.37316457824215,0 -71.54449371931382,-16.37320313461272,0 -71.54449758164901,-16.373009764163,0 -71.54609694773421,-16.37290732561957,0 
							</coordinates>
						</LinearRing>
					</outerBoundaryIs>
				</Polygon>
			</Placemark>
			<Placemark>
				<name>1.3.27-2</name>
				<styleUrl>#msn_ylw-pushpin0141</styleUrl>
				<Polygon>
					<tessellate>1</tessellate>
					<outerBoundaryIs>
						<LinearRing>
							<coordinates>
								-71.54602485491203,-16.37325804266397,0 -71.54603508720469,-16.3735700916768,0 -71.54448962022232,-16.3737120730764,0 -71.54450398339914,-16.37331591089118,0 -71.54602485491203,-16.37325804266397,0 
							</coordinates>
						</LinearRing>
					</outerBoundaryIs>
				</Polygon>
			</Placemark>
			<Placemark>
				<name>1.3.27-3</name>
				<styleUrl>#msn_ylw-pushpin0141</styleUrl>
				<Polygon>
					<tessellate>1</tessellate>
					<outerBoundaryIs>
						<LinearRing>
							<coordinates>
								-71.54634550518152,-16.37348493739362,0 -71.54636871527634,-16.37377847344921,0 -71.54623220700341,-16.37378073666203,0 -71.54619004490827,-16.37321927438063,0 -71.54629391251811,-16.37320710852119,0 -71.54634550518152,-16.37348493739362,0 
							</coordinates>
						</LinearRing>
					</outerBoundaryIs>
				</Polygon>
			</Placemark>
			<Placemark>
				<name>1.3.27-4</name>
				<styleUrl>#msn_ylw-pushpin0141</styleUrl>
				<Polygon>
					<tessellate>1</tessellate>
					<outerBoundaryIs>
						<LinearRing>
							<coordinates>
								-71.54644201867468,-16.37386583864012,0 -71.54644242200631,-16.37395921574997,0 -71.54616639622199,-16.37396538087448,0 -71.54616235403574,-16.3738251890335,0 -71.54635555323929,-16.37381526822367,0 -71.54644201867468,-16.37386583864012,0 
							</coordinates>
						</LinearRing>
					</outerBoundaryIs>
				</Polygon>
			</Placemark>
			<Placemark>
				<name>1.3.27-5</name>
				<styleUrl>#msn_ylw-pushpin0141</styleUrl>
				<Polygon>
					<tessellate>1</tessellate>
					<outerBoundaryIs>
						<LinearRing>
							<coordinates>
								-71.54607721693229,-16.37418328175347,0 -71.54453600042564,-16.37437699837812,0 -71.54449640823442,-16.3738193684211,0 -71.54613188067523,-16.37368668703222,0 -71.54607721693229,-16.37418328175347,0 
							</coordinates>
						</LinearRing>
					</outerBoundaryIs>
				</Polygon>
			</Placemark>
			<Placemark>
				<name>1.3.28-1</name>
				<styleUrl>#msn_ylw-pushpin0141</styleUrl>
				<Polygon>
					<tessellate>1</tessellate>
					<outerBoundaryIs>
						<LinearRing>
							<coordinates>
								-71.54648822968647,-16.37267990013519,0 -71.5468208544808,-16.37273033811455,0 -71.54687743714248,-16.3732344287766,0 -71.54655150420085,-16.37320329431732,0 -71.54648822968647,-16.37267990013519,0 
							</coordinates>
						</LinearRing>
					</outerBoundaryIs>
				</Polygon>
			</Placemark>
			<Placemark>
				<name>1.3.28-2</name>
				<styleUrl>#msn_ylw-pushpin0141</styleUrl>
				<Polygon>
					<tessellate>1</tessellate>
					<outerBoundaryIs>
						<LinearRing>
							<coordinates>
								-71.54655346754922,-16.37327229755766,0 -71.54689719166529,-16.37329110905011,0 -71.54667688150067,-16.37397085978008,0 -71.54649030140112,-16.37399651978182,0 -71.54645698233932,-16.37391217659379,0 -71.54651983608808,-16.37384274369266,0 -71.54649503192655,-16.37370701027289,0 -71.54655346754922,-16.37327229755766,0 
							</coordinates>
						</LinearRing>
					</outerBoundaryIs>
				</Polygon>
			</Placemark>
			<Placemark>
				<name>1.3.28-3</name>
				<styleUrl>#msn_ylw-pushpin0141</styleUrl>
				<Polygon>
					<tessellate>1</tessellate>
					<outerBoundaryIs>
						<LinearRing>
							<coordinates>
								-71.54800991909718,-16.37335969737599,0 -71.54802637285255,-16.37375473361708,0 -71.54780158466016,-16.37381889481292,0 -71.54776217843636,-16.37355220992545,0 -71.54689211510122,-16.37343610554927,0 -71.5469404867864,-16.37328316045506,0 -71.54800991909718,-16.37335969737599,0 
							</coordinates>
						</LinearRing>
					</outerBoundaryIs>
				</Polygon>
			</Placemark>
			<Placemark>
				<name>1.3.28-4</name>
				<styleUrl>#msn_ylw-pushpin0141</styleUrl>
				<Polygon>
					<tessellate>1</tessellate>
					<outerBoundaryIs>
						<LinearRing>
							<coordinates>
								-71.54714930767855,-16.37273737568751,0 -71.54724055221652,-16.37306598335847,0 -71.54739289143436,-16.37303406985233,0 -71.54718469017138,-16.37268548865735,0 -71.54686944942262,-16.372655430564,0 -71.54685265263718,-16.37249512131922,0 -71.54725122303238,-16.37252869452258,0 -71.54731288515994,-16.37248837577125,0 -71.54739024401211,-16.3723679054958,0 -71.54736448837018,-16.37223009029301,0 -71.54741621242198,-16.3722046552247,0 -71.54747199643434,-16.37235894011365,0 -71.54771002491472,-16.37264751971675,0 -71.54794235881366,-16.37293088464925,0 -71.54799435640804,-16.37327005109767,0 -71.54694431404192,-16.37321215600796,0 -71.54688302499684,-16.37272189757288,0 -71.54714930767855,-16.37273737568751,0 
							</coordinates>
						</LinearRing>
					</outerBoundaryIs>
				</Polygon>
			</Placemark>
			<Placemark>
				<name>1.3.28-5</name>
				<styleUrl>#msn_ylw-pushpin0141</styleUrl>
				<Polygon>
					<tessellate>1</tessellate>
					<outerBoundaryIs>
						<LinearRing>
							<coordinates>
								-71.5468287664568,-16.3726464921254,0 -71.54644569600765,-16.37261766094947,0 -71.54643597298333,-16.37271982216801,0 -71.54643703718926,-16.3730415130566,0 -71.54626559315679,-16.37301724786599,0 -71.54625815422695,-16.372672812117,0 -71.54612986416436,-16.3726504965781,0 -71.54614327123062,-16.37242846609415,0 -71.54682869363015,-16.37251452817722,0 -71.5468287664568,-16.3726464921254,0 
							</coordinates>
						</LinearRing>
					</outerBoundaryIs>
				</Polygon>
			</Placemark>
			<Placemark>
				<name>1.3.31-3</name>
				<styleUrl>#msn_ylw-pushpin0141</styleUrl>
				<Polygon>
					<tessellate>1</tessellate>
					<outerBoundaryIs>
						<LinearRing>
							<coordinates>
								-71.54479231714825,-16.37033199802642,0 -71.54563280196091,-16.37053569441538,0 -71.54569271534055,-16.3707246707316,0 -71.54495320951692,-16.37057225441709,0 -71.54493045082747,-16.37063032836465,0 -71.54488105202803,-16.37061760805525,0 -71.54482574726488,-16.37075777205815,0 -71.54468292732702,-16.37071943405563,0 -71.54479231714825,-16.37033199802642,0 
							</coordinates>
						</LinearRing>
					</outerBoundaryIs>
				</Polygon>
			</Placemark>
			<Placemark>
				<name>1.3.31-4</name>
				<styleUrl>#msn_ylw-pushpin0141</styleUrl>
				<Polygon>
					<tessellate>1</tessellate>
					<outerBoundaryIs>
						<LinearRing>
							<coordinates>
								-71.54515397047656,-16.37093705180229,0 -71.54522457849957,-16.37091870612563,0 -71.54530068915707,-16.3708637207434,0 -71.5453609169131,-16.37074671702784,0 -71.54554649598124,-16.37079230633608,0 -71.54564472775731,-16.3708398629739,0 -71.54571421835891,-16.37086736391897,0 -71.54577939867306,-16.37085635195196,0 -71.54579583803425,-16.37091330988666,0 -71.54574283146576,-16.37096667441341,0 -71.54549740427791,-16.37103280631245,0 -71.5452827710981,-16.37106580697326,0 -71.54508415791076,-16.37128733113897,0 -71.54497479405592,-16.37129477955499,0 -71.54480984127292,-16.37120423829112,0 -71.54463826401638,-16.37092984491176,0 -71.54467119733171,-16.37080160753962,0 -71.54515397047656,-16.37093705180229,0 
							</coordinates>
						</LinearRing>
					</outerBoundaryIs>
				</Polygon>
			</Placemark>
			<Placemark>
				<name>1.3.31-5</name>
				<styleUrl>#msn_ylw-pushpin0141</styleUrl>
				<Polygon>
					<tessellate>1</tessellate>
					<outerBoundaryIs>
						<LinearRing>
							<coordinates>
								-71.5446054731419,-16.37103382008001,0 -71.54470325621877,-16.37115586673905,0 -71.54479050916486,-16.37131988499807,0 -71.54472319209692,-16.37158427525059,0 -71.54493348427313,-16.37171004589412,0 -71.54508110558498,-16.37182019782619,0 -71.54522262376935,-16.37186693953863,0 -71.54542655956777,-16.37183245446133,0 -71.54555331167262,-16.37174402703699,0 -71.54555024025268,-16.37169151869286,0 -71.54557487565319,-16.37165225557865,0 -71.54583583109279,-16.37155820215869,0 -71.54579253390338,-16.37184268800135,0 -71.54578121371209,-16.37194674047397,0 -71.54568852528848,-16.37199877204804,0 -71.5455477926007,-16.37184024191295,0 -71.54550811076592,-16.37186890832256,0 -71.54554287339188,-16.37197112432426,0 -71.54549636688184,-16.37200184858406,0 -71.54541253942025,-16.37202409134335,0 -71.5453196204183,-16.37204066321241,0 -71.54525132161862,-16.37204205305083,0 -71.5451684285369,-16.37204483390646,0 -71.54505486997446,-16.37200605759218,0 -71.54482261090575,-16.37187389689266,0 -71.54462298624252,-16.37176458944,0 -71.54455564127471,-16.37171367816519,0 -71.54456556527994,-16.37145877589306,0 -71.5446054731419,-16.37103382008001,0 
							</coordinates>
						</LinearRing>
					</outerBoundaryIs>
				</Polygon>
			</Placemark>
			<Placemark>
				<name>1.3.31-6</name>
				<styleUrl>#msn_ylw-pushpin0141</styleUrl>
				<Polygon>
					<tessellate>1</tessellate>
					<outerBoundaryIs>
						<LinearRing>
							<coordinates>
								-71.54454478606725,-16.3718155007442,0 -71.54475961553483,-16.3719410218026,0 -71.54498145146543,-16.37206810212031,0 -71.54522043728191,-16.37213778537108,0 -71.54518060904589,-16.37231821448761,0 -71.54504742648892,-16.37229911192672,0 -71.54488186822132,-16.37224475332342,0 -71.54472024500141,-16.37217367071527,0 -71.54453480546053,-16.37206431632583,0 -71.54454478606725,-16.3718155007442,0 
							</coordinates>
						</LinearRing>
					</outerBoundaryIs>
				</Polygon>
			</Placemark>
			<Placemark>
				<name>1.3.31-7</name>
				<styleUrl>#msn_ylw-pushpin0141</styleUrl>
				<Polygon>
					<tessellate>1</tessellate>
					<outerBoundaryIs>
						<LinearRing>
							<coordinates>
								-71.54494867851359,-16.37233951151305,0 -71.54518231634302,-16.37236978681555,0 -71.54520437819599,-16.37232115844203,0 -71.54531615091238,-16.37233377139139,0 -71.54531778845244,-16.3721296692378,0 -71.54560838687375,-16.37211097207522,0 -71.54582491380221,-16.37199271167018,0 -71.54605373306219,-16.3722551452431,0 -71.54616274109993,-16.37244571128031,0 -71.54614942330447,-16.3724845445835,0 -71.5461310434637,-16.37258830616328,0 -71.54612928555865,-16.37276029382936,0 -71.5460946175338,-16.37289645323123,0 -71.54449831478406,-16.37300352614119,0 -71.54450500305026,-16.37244516543698,0 -71.54540283350718,-16.37255142884109,0 -71.54537174750529,-16.3728490263925,0 -71.5454505009231,-16.37284488376406,0 -71.54547035973444,-16.37275050888321,0 -71.54590506635199,-16.37276196176362,0 -71.54596363673791,-16.3724057368484,0 -71.54592878757263,-16.37232935883364,0 -71.54571087017813,-16.37246673634415,0 -71.54559202114118,-16.37248629402559,0 -71.54523542204868,-16.37247833718708,0 -71.54450556006931,-16.37239643943845,0 -71.54453060334707,-16.37214026323131,0 -71.54494867851359,-16.37233951151305,0 
							</coordinates>
						</LinearRing>
					</outerBoundaryIs>
				</Polygon>
			</Placemark>
			<Placemark>
				<name>1.3.30-1</name>
				<styleUrl>#msn_ylw-pushpin0141</styleUrl>
				<Polygon>
					<tessellate>1</tessellate>
					<outerBoundaryIs>
						<LinearRing>
							<coordinates>
								-71.54714442019886,-16.37245097135746,0 -71.54684284216053,-16.37238311186687,0 -71.54685710930798,-16.37211381246768,0 -71.54699732220845,-16.37204766405236,0 -71.5473055357903,-16.37230645047899,0 -71.54714442019886,-16.37245097135746,0 
							</coordinates>
						</LinearRing>
					</outerBoundaryIs>
				</Polygon>
			</Placemark>
			<Placemark>
				<name>1.3.30-2</name>
				<styleUrl>#msn_ylw-pushpin0141</styleUrl>
				<Polygon>
					<tessellate>1</tessellate>
					<outerBoundaryIs>
						<LinearRing>
							<coordinates>
								-71.54682099298532,-16.37213040737122,0 -71.5468106162766,-16.37238602772349,0 -71.54625455021497,-16.37236227402911,0 -71.54595194387427,-16.3719531802815,0 -71.54593972159648,-16.37185401793242,0 -71.54628473585092,-16.37182280162421,0 -71.54631263683058,-16.3719929331621,0 -71.5464604816876,-16.37209623834933,0 -71.54682099298532,-16.37213040737122,0 
							</coordinates>
						</LinearRing>
					</outerBoundaryIs>
				</Polygon>
			</Placemark>
			<Placemark>
				<name>1.3.30-3</name>
				<styleUrl>#msn_ylw-pushpin0141</styleUrl>
				<Polygon>
					<tessellate>1</tessellate>
					<outerBoundaryIs>
						<LinearRing>
							<coordinates>
								-71.54630022541929,-16.37178931661737,0 -71.54594360225433,-16.37180780645313,0 -71.54592052924184,-16.37161998472455,0 -71.54597988303813,-16.37130719507651,0 -71.5459927927608,-16.37108362385555,0 -71.54584798507889,-16.37078538340649,0 -71.54584290890661,-16.3706195558774,0 -71.54623475888414,-16.37071530299478,0 -71.54631698888777,-16.37093168943855,0 -71.54635006327915,-16.3711097116242,0 -71.54630022541929,-16.37178931661737,0 
							</coordinates>
						</LinearRing>
					</outerBoundaryIs>
				</Polygon>
			</Placemark>
			<Placemark>
				<name>1.3.30-4</name>
				<styleUrl>#msn_ylw-pushpin0141</styleUrl>
				<Polygon>
					<tessellate>1</tessellate>
					<outerBoundaryIs>
						<LinearRing>
							<coordinates>
								-71.54643051843946,-16.37057146210625,0 -71.54623604022318,-16.37068000062236,0 -71.54585541723191,-16.37059811549751,0 -71.54590386457724,-16.370496810049,0 -71.54598187184385,-16.37042814714184,0 -71.54625805804106,-16.37031017746598,0 -71.54639377952471,-16.37045248345442,0 -71.54643051843946,-16.37057146210625,0 
							</coordinates>
						</LinearRing>
					</outerBoundaryIs>
				</Polygon>
			</Placemark>
			<Placemark>
				<name>1.3.30-5</name>
				<styleUrl>#msn_ylw-pushpin0141</styleUrl>
				<Polygon>
					<tessellate>1</tessellate>
					<outerBoundaryIs>
						<LinearRing>
							<coordinates>
								-71.54655874699985,-16.37015791360591,0 -71.5467090932017,-16.37012858974642,0 -71.54682152618213,-16.37019682012788,0 -71.54690222277974,-16.37045248220801,0 -71.54665425311785,-16.37060687323129,0 -71.54657564118247,-16.37051260855261,0 -71.54645747765912,-16.37053855980006,0 -71.54642828364958,-16.37044423925198,0 -71.54627660610713,-16.37029293501444,0 -71.54655874699985,-16.37015791360591,0 
							</coordinates>
						</LinearRing>
					</outerBoundaryIs>
				</Polygon>
			</Placemark>
			<Placemark>
				<name>1.3.30-6</name>
				<styleUrl>#msn_ylw-pushpin0141</styleUrl>
				<Polygon>
					<tessellate>1</tessellate>
					<outerBoundaryIs>
						<LinearRing>
							<coordinates>
								-71.54704122622422,-16.37070741220734,0 -71.54708100699632,-16.37091665517685,0 -71.54712947319666,-16.37111663696629,0 -71.54718363006802,-16.37161723342188,0 -71.5472867905231,-16.37223385446573,0 -71.54698950716326,-16.37200811317661,0 -71.54683578387962,-16.37175003428497,0 -71.54667584984377,-16.37062509537217,0 -71.5469187454862,-16.37047137922317,0 -71.54704122622422,-16.37070741220734,0 
							</coordinates>
						</LinearRing>
					</outerBoundaryIs>
				</Polygon>
			</Placemark>
			<Placemark>
				<name>1.3.29-1</name>
				<styleUrl>#msn_ylw-pushpin0141</styleUrl>
				<Polygon>
					<tessellate>1</tessellate>
					<outerBoundaryIs>
						<LinearRing>
							<coordinates>
								-71.54737854386708,-16.37141948289288,0 -71.54759128597462,-16.37141832335021,0 -71.54837749210135,-16.37120682288008,0 -71.54841774565585,-16.37136802212515,0 -71.5481326281886,-16.37146251682159,0 -71.5481535446222,-16.37153578009315,0 -71.54741964547021,-16.37172501450818,0 -71.54737854386708,-16.37141948289288,0 
							</coordinates>
						</LinearRing>
					</outerBoundaryIs>
				</Polygon>
			</Placemark>
			<Placemark>
				<name>1.3.29-2</name>
				<styleUrl>#msn_ylw-pushpin0141</styleUrl>
				<Polygon>
					<tessellate>1</tessellate>
					<outerBoundaryIs>
						<LinearRing>
							<coordinates>
								-71.54907676356429,-16.370960940743,0 -71.54908620314623,-16.37124116318406,0 -71.54872560748724,-16.37128398760919,0 -71.54846595800149,-16.37134183878085,0 -71.54841624156549,-16.37118706200163,0 -71.54907676356429,-16.370960940743,0 
							</coordinates>
						</LinearRing>
					</outerBoundaryIs>
				</Polygon>
			</Placemark>
			<Placemark>
				<name>1.3.29-3</name>
				<styleUrl>#msn_ylw-pushpin0141</styleUrl>
				<Polygon>
					<tessellate>1</tessellate>
					<outerBoundaryIs>
						<LinearRing>
							<coordinates>
								-71.54742857118579,-16.37179862351897,0 -71.54774020662271,-16.37172561500222,0 -71.54786974894242,-16.37221447925588,0 -71.54759386049138,-16.37233186608492,0 -71.54745013820202,-16.37204779643747,0 -71.54742857118579,-16.37179862351897,0 
							</coordinates>
						</LinearRing>
					</outerBoundaryIs>
				</Polygon>
			</Placemark>
			<Placemark>
				<name>1.3.29-4</name>
				<styleUrl>#msn_ylw-pushpin0141</styleUrl>
				<Polygon>
					<tessellate>1</tessellate>
					<outerBoundaryIs>
						<LinearRing>
							<coordinates>
								-71.54826230992596,-16.37205278253797,0 -71.54792289340378,-16.37219148503454,0 -71.54781063511629,-16.37171062462158,0 -71.5481613355448,-16.37163753299038,0 -71.54826230992596,-16.37205278253797,0 
							</coordinates>
						</LinearRing>
					</outerBoundaryIs>
				</Polygon>
			</Placemark>
			<Placemark>
				<name>1.3.29-5</name>
				<styleUrl>#msn_ylw-pushpin0141</styleUrl>
				<Polygon>
					<tessellate>1</tessellate>
					<outerBoundaryIs>
						<LinearRing>
							<coordinates>
								-71.54869484674404,-16.37171011741918,0 -71.5487061770142,-16.37197671488547,0 -71.54839137202327,-16.37201241502645,0 -71.54832201333235,-16.37204429738106,0 -71.5482598584162,-16.37176369049634,0 -71.54869484674404,-16.37171011741918,0 
							</coordinates>
						</LinearRing>
					</outerBoundaryIs>
				</Polygon>
			</Placemark>
			<Placemark>
				<name>1.3.29-6</name>
				<styleUrl>#msn_ylw-pushpin0141</styleUrl>
				<Polygon>
					<tessellate>1</tessellate>
					<outerBoundaryIs>
						<LinearRing>
							<coordinates>
								-71.54874723594735,-16.37134706628461,0 -71.54908388617271,-16.37131070653838,0 -71.54909224925338,-16.37192564660941,0 -71.54874956971807,-16.37196123872826,0 -71.54874723594735,-16.37134706628461,0 
							</coordinates>
						</LinearRing>
					</outerBoundaryIs>
				</Polygon>
			</Placemark>
			<Placemark>
				<name>1.3.29-7</name>
				<styleUrl>#msn_ylw-pushpin0141</styleUrl>
				<Polygon>
					<tessellate>1</tessellate>
					<outerBoundaryIs>
						<LinearRing>
							<coordinates>
								-71.54931500392971,-16.37162867121555,0 -71.54972374435842,-16.37154204168785,0 -71.54982451647827,-16.37172053806047,0 -71.54982162223645,-16.37191380529147,0 -71.54915286667035,-16.37192636764162,0 -71.54914103655379,-16.3716259329246,0 -71.54931500392971,-16.37162867121555,0 
							</coordinates>
						</LinearRing>
					</outerBoundaryIs>
				</Polygon>
			</Placemark>
			<Placemark>
				<name>1.3.29-8</name>
				<styleUrl>#msn_ylw-pushpin0141</styleUrl>
				<Polygon>
					<tessellate>1</tessellate>
					<outerBoundaryIs>
						<LinearRing>
							<coordinates>
								-71.54979199864212,-16.3714891932424,0 -71.54998633382861,-16.37142759802712,0 -71.55011595266551,-16.37167045533928,0 -71.55014216825579,-16.37190654296136,0 -71.54990284735268,-16.37192092643575,0 -71.54990538689495,-16.37170759059654,0 -71.54979199864212,-16.3714891932424,0 
							</coordinates>
						</LinearRing>
					</outerBoundaryIs>
				</Polygon>
			</Placemark>
			<Placemark>
				<name>1.3.29-9</name>
				<styleUrl>#msn_ylw-pushpin0141</styleUrl>
				<Polygon>
					<tessellate>1</tessellate>
					<outerBoundaryIs>
						<LinearRing>
							<coordinates>
								-71.54934201648072,-16.37109838245459,0 -71.54948573059049,-16.37105130154642,0 -71.5498543679028,-16.37095399940214,0 -71.54988936670004,-16.37111721083989,0 -71.5499220008597,-16.37122239239201,0 -71.54990795417018,-16.37135769567501,0 -71.54992890632063,-16.37140692635305,0 -71.54976935350993,-16.37146196383622,0 -71.54971502655945,-16.37140103112578,0 -71.5496944185938,-16.37133911739451,0 -71.5497290333679,-16.37128839492312,0 -71.54968992129822,-16.37121930471752,0 -71.54961607867675,-16.37119800681985,0 -71.54955167697335,-16.37123066665048,0 -71.54953658967132,-16.3712783359916,0 -71.5495571832469,-16.37135338271189,0 -71.54960886228554,-16.37136833142461,0 -71.5496964490807,-16.37149057965379,0 -71.54928594850388,-16.3715981503253,0 -71.54913599777626,-16.37158628887793,0 -71.54913828248365,-16.37110594803066,0 -71.54934201648072,-16.37109838245459,0 
							</coordinates>
						</LinearRing>
					</outerBoundaryIs>
				</Polygon>
			</Placemark>
			<Placemark>
				<name>1.3.29-13</name>
				<styleUrl>#msn_ylw-pushpin0141</styleUrl>
				<Polygon>
					<tessellate>1</tessellate>
					<outerBoundaryIs>
						<LinearRing>
							<coordinates>
							</coordinates>
						</LinearRing>
					</outerBoundaryIs>
				</Polygon>
			</Placemark>
			<Placemark>
				<name>1.3.29-14</name>
				<styleUrl>#msn_ylw-pushpin0141</styleUrl>
				<Polygon>
					<tessellate>1</tessellate>
					<outerBoundaryIs>
						<LinearRing>
							<coordinates>
							</coordinates>
						</LinearRing>
					</outerBoundaryIs>
				</Polygon>
			</Placemark>
			<Placemark>
				<name>1.3.29-25</name>
				<styleUrl>#msn_ylw-pushpin0141</styleUrl>
				<Polygon>
					<tessellate>1</tessellate>
					<outerBoundaryIs>
						<LinearRing>
							<coordinates>
								-71.55023780040955,-16.37212176396651,0 -71.55020213546629,-16.37169167840728,0 -71.54997844497497,-16.37128053743848,0 -71.54989093044001,-16.37088838288863,0 -71.54974607558826,-16.37011740578546,0 -71.55025599828642,-16.36995032110599,0 -71.55048646785411,-16.37108475580621,0 -71.55054094320624,-16.37208596445823,0 -71.55023780040955,-16.37212176396651,0 
							</coordinates>
						</LinearRing>
					</outerBoundaryIs>
				</Polygon>
			</Placemark>
			<Placemark>
				<name>1.3.32-1</name>
				<open>1</open>
				<styleUrl>#msn_ylw-pushpin0141</styleUrl>
				<Polygon>
					<tessellate>1</tessellate>
					<outerBoundaryIs>
						<LinearRing>
							<coordinates>
								-71.54365212726043,-16.3702392056265,0 -71.54350028157478,-16.37031074281548,0 -71.54342660092699,-16.37015873014996,0 -71.54338144610774,-16.36996431054138,0 -71.54336681607242,-16.36978039870017,0 -71.54354931293672,-16.36976495384941,0 -71.54365212726043,-16.3702392056265,0 
							</coordinates>
						</LinearRing>
					</outerBoundaryIs>
				</Polygon>
			</Placemark>
			<Placemark>
				<name>1.3.32-2</name>
				<styleUrl>#msn_ylw-pushpin0141</styleUrl>
				<Polygon>
					<tessellate>1</tessellate>
					<outerBoundaryIs>
						<LinearRing>
							<coordinates>
								-71.54384863654121,-16.36955580444204,0 -71.54391323711701,-16.36889880963423,0 -71.54389134953065,-16.36861573147668,0 -71.54403838427595,-16.3683856313739,0 -71.54396272269658,-16.36818584255773,0 -71.54423965008802,-16.36808322955257,0 -71.54452024659639,-16.36895294565506,0 -71.54454947690185,-16.36954750380131,0 -71.54384863654121,-16.36955580444204,0 
							</coordinates>
						</LinearRing>
					</outerBoundaryIs>
				</Polygon>
			</Placemark>
			<Placemark>
				<name>1.3.32-3</name>
				<styleUrl>#msn_ylw-pushpin0141</styleUrl>
				<Polygon>
					<tessellate>1</tessellate>
					<outerBoundaryIs>
						<LinearRing>
							<coordinates>
								-71.5442062810951,-16.37032466001811,0 -71.54387913205798,-16.36995504952313,0 -71.54391087509573,-16.36962540071243,0 -71.54426350460589,-16.36962385779807,0 -71.5442062810951,-16.37032466001811,0 
							</coordinates>
						</LinearRing>
					</outerBoundaryIs>
				</Polygon>
			</Placemark>
			<Placemark>
				<name>1.3.32-4</name>
				<styleUrl>#msn_ylw-pushpin0141</styleUrl>
				<Polygon>
					<tessellate>1</tessellate>
					<outerBoundaryIs>
						<LinearRing>
							<coordinates>
								-71.54448961541662,-16.37091564793393,0 -71.54419232093187,-16.37086010550709,0 -71.54420148380807,-16.3707510488203,0 -71.54425084321666,-16.37064994060031,0 -71.54432061596101,-16.36961975066733,0 -71.54455412276644,-16.36961469675628,0 -71.54448961541662,-16.37091564793393,0 
							</coordinates>
						</LinearRing>
					</outerBoundaryIs>
				</Polygon>
			</Placemark>
			<Placemark>
				<name>1.3.32-5</name>
				<styleUrl>#msn_ylw-pushpin0141</styleUrl>
				<Polygon>
					<tessellate>1</tessellate>
					<outerBoundaryIs>
						<LinearRing>
							<coordinates>
								-71.54362629498608,-16.37026745792739,0 -71.54368921278095,-16.37026969659267,0 -71.54365022609312,-16.37103927085507,0 -71.54334585293944,-16.37104858227098,0 -71.54327738871567,-16.37098452434451,0 -71.54327424917497,-16.37093262158679,0 -71.54349147014538,-16.37062232249086,0 -71.5435135828062,-16.3703354498173,0 -71.54362629498608,-16.37026745792739,0 
							</coordinates>
						</LinearRing>
					</outerBoundaryIs>
				</Polygon>
			</Placemark>
			<Placemark>
				<name>1.3.32-6</name>
				<styleUrl>#msn_ylw-pushpin0141</styleUrl>
				<Polygon>
					<tessellate>1</tessellate>
					<outerBoundaryIs>
						<LinearRing>
							<coordinates>
								-71.54363987667479,-16.37138647413432,0 -71.54372386132961,-16.37185686763045,0 -71.5434739594201,-16.37186315634628,0 -71.54335924998085,-16.37131004231718,0 -71.54340433235315,-16.37113351899915,0 -71.54365325115069,-16.37112048219038,0 -71.54363987667479,-16.37138647413432,0 
							</coordinates>
						</LinearRing>
					</outerBoundaryIs>
				</Polygon>
			</Placemark>
			<Placemark>
				<name>1.3.32-7</name>
				<styleUrl>#msn_ylw-pushpin0141</styleUrl>
				<Polygon>
					<tessellate>1</tessellate>
					<outerBoundaryIs>
						<LinearRing>
							<coordinates>
								-71.54397123513532,-16.37173006165335,0 -71.54395645378948,-16.37104288137852,0 -71.54397516438543,-16.37092901289247,0 -71.5441137169142,-16.37094670115954,0 -71.54446089918163,-16.37100421722792,0 -71.54444385136274,-16.37158737507306,0 -71.54442405786453,-16.37202056686865,0 -71.5444082626008,-16.3722522592473,0 -71.54438135682939,-16.37281693196079,0 -71.54412180439463,-16.37279665505215,0 -71.54397123513532,-16.37173006165335,0 
							</coordinates>
						</LinearRing>
					</outerBoundaryIs>
				</Polygon>
			</Placemark>
			<Placemark>
				<name>1.3.32-8</name>
				<styleUrl>#msn_ylw-pushpin0141</styleUrl>
				<Polygon>
					<tessellate>1</tessellate>
					<outerBoundaryIs>
						<LinearRing>
							<coordinates>
								-71.54393146711175,-16.37084934821156,0 -71.54392842602009,-16.37092337670147,0 -71.54390371698585,-16.37092622744599,0 -71.54388825739065,-16.37099450506492,0 -71.54387897085897,-16.37108082694932,0 -71.54393527442551,-16.37171331550066,0 -71.54374800947576,-16.37171145010251,0 -71.54371240443994,-16.37098017882584,0 -71.54375421034868,-16.37083519176115,0 -71.54373456092262,-16.37026512749667,0 -71.54397028599271,-16.37027849906985,0 -71.54411549145172,-16.37037455370328,0 -71.54413074801042,-16.37083867686853,0 -71.54393146711175,-16.37084934821156,0 
							</coordinates>
						</LinearRing>
					</outerBoundaryIs>
				</Polygon>
			</Placemark>
			<Placemark>
				<name>1.3.17-2</name>
				<styleUrl>#msn_ylw-pushpin0141</styleUrl>
				<Polygon>
					<tessellate>1</tessellate>
					<outerBoundaryIs>
						<LinearRing>
							<coordinates>
								-71.54797800773466,-16.38447639094073,0 -71.54808804210468,-16.38452169523482,0 -71.54795662565895,-16.38509721154834,0 -71.54829891617473,-16.38517292792304,0 -71.5482160409293,-16.38542218643627,0 -71.54766801739733,-16.38533252995029,0 -71.54773547288038,-16.38510566175529,0 -71.54782910160179,-16.385104891958,0 -71.54797800773466,-16.38447639094073,0 
							</coordinates>
						</LinearRing>
					</outerBoundaryIs>
				</Polygon>
			</Placemark>
			<Placemark>
				<name>1.3.17-6</name>
				<styleUrl>#msn_ylw-pushpin0141</styleUrl>
				<Polygon>
					<tessellate>1</tessellate>
					<outerBoundaryIs>
						<LinearRing>
							<coordinates>
								-71.54806056074774,-16.38505468989101,0 -71.54815799813464,-16.38470178833811,0 -71.54821999266096,-16.3847150997832,0 -71.54822836827962,-16.38463099726184,0 -71.5480162493778,-16.38441244140983,0 -71.54806339803615,-16.38432275776355,0 -71.5484710506372,-16.38442824759362,0 -71.54829255959496,-16.38512140434372,0 -71.54806056074774,-16.38505468989101,0 
							</coordinates>
						</LinearRing>
					</outerBoundaryIs>
				</Polygon>
			</Placemark>
			<Placemark>
				<name>1.3.16-4</name>
				<styleUrl>#msn_ylw-pushpin0141</styleUrl>
				<Polygon>
					<tessellate>1</tessellate>
					<outerBoundaryIs>
						<LinearRing>
							<coordinates>
								-71.54968105350196,-16.38441874620343,0 -71.55012049152685,-16.3844684086374,0 -71.54999857687928,-16.38506847420945,0 -71.54994862574033,-16.38553258820101,0 -71.54992883633093,-16.38581778825129,0 -71.5498658603436,-16.38614810326368,0 -71.5496090260132,-16.38604088899937,0 -71.54936003996258,-16.38586718715198,0 -71.54942810078495,-16.38573419036942,0 -71.54916119959586,-16.38554488105601,0 -71.54949331707374,-16.3850025804214,0 -71.54968105350196,-16.38441874620343,0 
							</coordinates>
						</LinearRing>
					</outerBoundaryIs>
				</Polygon>
			</Placemark>
			<Placemark>
				<name>1.3.16-5</name>
				<styleUrl>#msn_ylw-pushpin0141</styleUrl>
				<Polygon>
					<tessellate>1</tessellate>
					<outerBoundaryIs>
						<LinearRing>
							<coordinates>
								-71.54909804709577,-16.38548839989172,0 -71.54884969696676,-16.38535453051024,0 -71.54896666570843,-16.38492224572435,0 -71.54937081594183,-16.38502904017611,0 -71.54909804709577,-16.38548839989172,0 
							</coordinates>
						</LinearRing>
					</outerBoundaryIs>
				</Polygon>
			</Placemark>
			<Placemark>
				<name>1.3.16-6</name>
				<styleUrl>#msn_ylw-pushpin0141</styleUrl>
				<Polygon>
					<tessellate>1</tessellate>
					<outerBoundaryIs>
						<LinearRing>
							<coordinates>
								-71.54848234205042,-16.38480293569548,0 -71.54886428538148,-16.38488438527085,0 -71.54875098196869,-16.38534674255964,0 -71.54854836825884,-16.3856297680414,0 -71.54830901051329,-16.38544227161058,0 -71.54840528954247,-16.38515802632627,0 -71.54848234205042,-16.38480293569548,0 
							</coordinates>
						</LinearRing>
					</outerBoundaryIs>
				</Polygon>
			</Placemark>
			<Placemark>
				<name>1.3.5-14</name>
				<styleUrl>#msn_ylw-pushpin0141</styleUrl>
				<Polygon>
					<tessellate>1</tessellate>
					<outerBoundaryIs>
						<LinearRing>
							<coordinates>
								-71.55073352634454,-16.38425470407137,0 -71.55057934158634,-16.38469179858584,0 -71.5506673554502,-16.38473922326709,0 -71.55063143831136,-16.38483795415894,0 -71.55016022742457,-16.3847735984588,0 -71.5501942659121,-16.38457917619484,0 -71.5502996481909,-16.38427237342961,0 -71.55073352634454,-16.38425470407137,0 
							</coordinates>
						</LinearRing>
					</outerBoundaryIs>
				</Polygon>
			</Placemark>
			<Placemark>
				<name>1.3.6-8</name>
				<styleUrl>#msn_ylw-pushpin0141</styleUrl>
				<Polygon>
					<tessellate>1</tessellate>
					<outerBoundaryIs>
						<LinearRing>
							<coordinates>
								-71.55142073777077,-16.38513215795273,0 -71.5514593491108,-16.38537870648202,0 -71.55196486132427,-16.38550684885069,0 -71.55215064036707,-16.38552368056362,0 -71.55222887665761,-16.38570452131486,0 -71.55240335173573,-16.38590394829223,0 -71.55261788004626,-16.38610109690496,0 -71.55265255186556,-16.38618282198765,0 -71.55267542219472,-16.38630390722357,0 -71.55243278125533,-16.38630760948436,0 -71.55207810687634,-16.38595575279698,0 -71.551926858339,-16.38574701980616,0 -71.55169554876106,-16.38565167999106,0 -71.55155057675707,-16.38562909684127,0 -71.55094493833278,-16.38561692224954,0 -71.55087917623796,-16.38519462940202,0 -71.55142073777077,-16.38513215795273,0 
							</coordinates>
						</LinearRing>
					</outerBoundaryIs>
				</Polygon>
			</Placemark>
			<Placemark>
				<name>1.3.7-1</name>
				<styleUrl>#msn_ylw-pushpin0141</styleUrl>
				<Polygon>
					<tessellate>1</tessellate>
					<outerBoundaryIs>
						<LinearRing>
							<coordinates>
								-71.55190345793085,-16.38454197006973,0 -71.55209999933234,-16.38450761183384,0 -71.55218424528815,-16.38478132969748,0 -71.55222916721284,-16.38479193059925,0 -71.55221287999318,-16.38488881411001,0 -71.55212614537928,-16.38491617611127,0 -71.55212046414118,-16.38499952524138,0 -71.55195653861335,-16.38498225853923,0 -71.55190345793085,-16.38454197006973,0 
							</coordinates>
						</LinearRing>
					</outerBoundaryIs>
				</Polygon>
			</Placemark>
			<Placemark>
				<name>1.3.7-2</name>
				<styleUrl>#msn_ylw-pushpin0141</styleUrl>
				<Polygon>
					<tessellate>1</tessellate>
					<outerBoundaryIs>
						<LinearRing>
							<coordinates>
								-71.55191723106435,-16.38497484793507,0 -71.55172786368307,-16.38495267186789,0 -71.55165060601956,-16.38456993058918,0 -71.55186635684038,-16.38454236149202,0 -71.55191723106435,-16.38497484793507,0 
							</coordinates>
						</LinearRing>
					</outerBoundaryIs>
				</Polygon>
			</Placemark>
			<Placemark>
				<name>1.3.7-3</name>
				<styleUrl>#msn_ylw-pushpin0141</styleUrl>
				<Polygon>
					<tessellate>1</tessellate>
					<outerBoundaryIs>
						<LinearRing>
							<coordinates>
								-71.55167250742599,-16.38493785402414,0 -71.55152823738676,-16.38488429626284,0 -71.55147630147326,-16.38488437508602,0 -71.55150846572498,-16.38507883051949,0 -71.55140085483571,-16.38510512359748,0 -71.55138373919027,-16.38489987769346,0 -71.55126119461431,-16.38488041525135,0 -71.5513079425838,-16.38462915533968,0 -71.55161201943994,-16.38457644827105,0 -71.55167250742599,-16.38493785402414,0 
							</coordinates>
						</LinearRing>
					</outerBoundaryIs>
				</Polygon>
			</Placemark>
			<Placemark>
				<name>1.3.7-4</name>
				<styleUrl>#msn_ylw-pushpin0141</styleUrl>
				<Polygon>
					<tessellate>1</tessellate>
					<outerBoundaryIs>
						<LinearRing>
							<coordinates>
								-71.55130398503407,-16.3845857706082,0 -71.55125021890078,-16.38429086507373,0 -71.5520053781961,-16.38418231968381,0 -71.55205722039953,-16.38445030914007,0 -71.55130398503407,-16.3845857706082,0 
							</coordinates>
						</LinearRing>
					</outerBoundaryIs>
				</Polygon>
			</Placemark>
			<Placemark>
				<name>1.3.7-5</name>
				<styleUrl>#msn_ylw-pushpin0141</styleUrl>
				<Polygon>
					<tessellate>1</tessellate>
					<outerBoundaryIs>
						<LinearRing>
							<coordinates>
								-71.55122805891983,-16.38423067874853,0 -71.55122014392617,-16.38395637358447,0 -71.55195467389386,-16.38383432834187,0 -71.55202307835965,-16.38412118896031,0 -71.55122805891983,-16.38423067874853,0 
							</coordinates>
						</LinearRing>
					</outerBoundaryIs>
				</Polygon>
			</Placemark>
			<Placemark>
				<name>1.3.7-6</name>
				<styleUrl>#msn_ylw-pushpin0141</styleUrl>
				<Polygon>
					<tessellate>1</tessellate>
					<outerBoundaryIs>
						<LinearRing>
							<coordinates>
								-71.55190052580232,-16.3834914057218,0 -71.55195241299197,-16.38377037796734,0 -71.55121871656057,-16.38388571888292,0 -71.5512911142104,-16.38373877046437,0 -71.55133355899744,-16.3835888096344,0 -71.55190052580232,-16.3834914057218,0 
							</coordinates>
						</LinearRing>
					</outerBoundaryIs>
				</Polygon>
			</Placemark>
			<Placemark>
				<name>1.3.7-7</name>
				<styleUrl>#msn_ylw-pushpin0141</styleUrl>
				<Polygon>
					<tessellate>1</tessellate>
					<outerBoundaryIs>
						<LinearRing>
							<coordinates>
								-71.55194688562702,-16.38344039319379,0 -71.55133799377374,-16.38353086640157,0 -71.55136210997267,-16.38322049562768,0 -71.55192383215363,-16.38313357042078,0 -71.55194688562702,-16.38344039319379,0 
							</coordinates>
						</LinearRing>
					</outerBoundaryIs>
				</Polygon>
			</Placemark>
			<Placemark>
				<name>1.3.7-8</name>
				<styleUrl>#msn_ylw-pushpin0141</styleUrl>
				<Polygon>
					<tessellate>1</tessellate>
					<outerBoundaryIs>
						<LinearRing>
							<coordinates>
								-71.55124852606903,-16.38469633522379,0 -71.55109743326524,-16.38512360823315,0 -71.55086406432319,-16.38513889844411,0 -71.55082479057407,-16.38504698712427,0 -71.55091802631361,-16.38479511231913,0 -71.55058819929923,-16.38468748183479,0 -71.55068720841766,-16.38445712649576,0 -71.55077535133745,-16.3845357089784,0 -71.55100292741454,-16.38461529719671,0 -71.55124852606903,-16.38469633522379,0 
							</coordinates>
						</LinearRing>
					</outerBoundaryIs>
				</Polygon>
			</Placemark>
			<Placemark>
				<name>1.3.7-9</name>
				<styleUrl>#msn_ylw-pushpin0141</styleUrl>
				<Polygon>
					<tessellate>1</tessellate>
					<outerBoundaryIs>
						<LinearRing>
							<coordinates>
								-71.5511859444707,-16.38436263029436,0 -71.55079726865364,-16.38443654161776,0 -71.55079504578998,-16.38430201978674,0 -71.55108964856967,-16.38408359668234,0 -71.55114864813268,-16.38407462179957,0 -71.5511859444707,-16.38436263029436,0 
							</coordinates>
						</LinearRing>
					</outerBoundaryIs>
				</Polygon>
			</Placemark>
		</Folder>
		<Folder>
			<name>B</name>
			<Placemark>
				<name>1.3.8-1</name>
				<styleUrl>#msn_ylw-pushpin080</styleUrl>
				<Polygon>
					<tessellate>1</tessellate>
					<outerBoundaryIs>
						<LinearRing>
							<coordinates>
								-71.55097543246006,-16.38176540321839,0 -71.5510640247518,-16.38182594294784,0 -71.55088183695247,-16.38208987982679,0 -71.55072609340425,-16.38224627889742,0 -71.55065811225613,-16.38217511995857,0 -71.55097543246006,-16.38176540321839,0 
							</coordinates>
						</LinearRing>
					</outerBoundaryIs>
				</Polygon>
			</Placemark>
			<Placemark>
				<name>1.3.8-2</name>
				<styleUrl>#msn_ylw-pushpin080</styleUrl>
				<Polygon>
					<tessellate>1</tessellate>
					<outerBoundaryIs>
						<LinearRing>
							<coordinates>
								-71.55145766787821,-16.382313715477,0 -71.55141415893522,-16.38243042010201,0 -71.55105226164493,-16.38227836824196,0 -71.55111523099313,-16.38213125854727,0 -71.55145766787821,-16.382313715477,0 
							</coordinates>
						</LinearRing>
					</outerBoundaryIs>
				</Polygon>
			</Placemark>
			<Placemark>
				<name>1.3.8-3</name>
				<styleUrl>#msn_ylw-pushpin080</styleUrl>
				<Polygon>
					<tessellate>1</tessellate>
					<outerBoundaryIs>
						<LinearRing>
							<coordinates>
								-71.551242944477,-16.38278078899307,0 -71.55089438792687,-16.38262632943187,0 -71.5510416884279,-16.38230416909707,0 -71.55139453760502,-16.3824568079652,0 -71.551242944477,-16.38278078899307,0 
							</coordinates>
						</LinearRing>
					</outerBoundaryIs>
				</Polygon>
			</Placemark>
			<Placemark>
				<name>1.3.8-4</name>
				<styleUrl>#msn_ylw-pushpin080</styleUrl>
				<Polygon>
					<tessellate>1</tessellate>
					<outerBoundaryIs>
						<LinearRing>
							<coordinates>
								-71.55107188233953,-16.3831224240646,0 -71.55072493683456,-16.38297365050413,0 -71.55088458231249,-16.38266057729549,0 -71.55122375785412,-16.38281513737079,0 -71.55107188233953,-16.3831224240646,0 
							</coordinates>
						</LinearRing>
					</outerBoundaryIs>
				</Polygon>
			</Placemark>
			<Placemark>
				<name>1.3.8-5</name>
				<styleUrl>#msn_ylw-pushpin080</styleUrl>
				<Polygon>
					<tessellate>1</tessellate>
					<outerBoundaryIs>
						<LinearRing>
							<coordinates>
								-71.55109066837714,-16.382103201971,0 -71.55097424027041,-16.38230631805459,0 -71.55066207708499,-16.38252615820054,0 -71.55058704037701,-16.38255218330191,0 -71.55083032702341,-16.3826598160931,0 -71.55069195611864,-16.38294904312032,0 -71.55045069965216,-16.38286682712557,0 -71.55044768758248,-16.38241359419284,0 -71.55071596701872,-16.38232288004799,0 -71.55083124020459,-16.38222641180226,0 -71.55088639041428,-16.38214068396386,0 -71.55092393363788,-16.38210349360936,0 -71.55101055762489,-16.38206848188707,0 -71.55109066837714,-16.382103201971,0 
							</coordinates>
						</LinearRing>
					</outerBoundaryIs>
				</Polygon>
			</Placemark>
			<Placemark>
				<name>1.3.12-1</name>
				<styleUrl>#msn_ylw-pushpin080</styleUrl>
				<Polygon>
					<tessellate>1</tessellate>
					<outerBoundaryIs>
						<LinearRing>
							<coordinates>
								-71.54780346239539,-16.38344090797372,0 -71.5477655527656,-16.38333449085132,0 -71.54801371490139,-16.38306007105512,0 -71.54812737389932,-16.38307989131638,0 -71.54820981843743,-16.38264023907698,0 -71.54825978792363,-16.38259453269925,0 -71.54822659582011,-16.38226971605398,0 -71.54855382105123,-16.38192378082253,0 -71.54862092843892,-16.38208411955832,0 -71.54851116792372,-16.38236145281547,0 -71.54864436778598,-16.38240119862648,0 -71.54865049056048,-16.38254978020427,0 -71.54837380854671,-16.38257395265086,0 -71.54839182415245,-16.38296971831007,0 -71.54820047573075,-16.38339149612027,0 -71.54780346239539,-16.38344090797372,0 
							</coordinates>
						</LinearRing>
					</outerBoundaryIs>
				</Polygon>
			</Placemark>
			<Placemark>
				<name>1.3.12-2</name>
				<styleUrl>#msn_ylw-pushpin080</styleUrl>
				<Polygon>
					<tessellate>1</tessellate>
					<outerBoundaryIs>
						<LinearRing>
							<coordinates>
								-71.54815670123479,-16.3822879629254,0 -71.54810657517679,-16.38296404992558,0 -71.54775485270248,-16.38300490235654,0 -71.54775368923097,-16.38257131866647,0 -71.54754778034018,-16.38228095906143,0 -71.54743725817129,-16.38234760638288,0 -71.54729944396355,-16.38209957799878,0 -71.54720818247435,-16.38176970564751,0 -71.54784204241382,-16.38154765533996,0 -71.54807103693807,-16.38224629293426,0 -71.54815670123479,-16.3822879629254,0 
							</coordinates>
						</LinearRing>
					</outerBoundaryIs>
				</Polygon>
			</Placemark>
			<Placemark>
				<name>1.3.12-3</name>
				<styleUrl>#msn_ylw-pushpin080</styleUrl>
				<Polygon>
					<tessellate>1</tessellate>
					<outerBoundaryIs>
						<LinearRing>
							<coordinates>
								-71.5469665717396,-16.3822373144848,0 -71.54678012123782,-16.38191949758588,0 -71.54715543219461,-16.38178484235192,0 -71.54726943509768,-16.38214601718425,0 -71.5469665717396,-16.3822373144848,0 
							</coordinates>
						</LinearRing>
					</outerBoundaryIs>
				</Polygon>
			</Placemark>
			<Placemark>
				<name>1.3.12-4</name>
				<styleUrl>#msn_ylw-pushpin080</styleUrl>
				<Polygon>
					<tessellate>1</tessellate>
					<outerBoundaryIs>
						<LinearRing>
							<coordinates>
								-71.54734427294107,-16.38280760828043,0 -71.54730346198141,-16.38287699453016,0 -71.54718140252527,-16.38308404944222,0 -71.54717004625378,-16.38276076527406,0 -71.54717393027303,-16.38269238354131,0 -71.54708553175998,-16.38251959265652,0 -71.54723399920186,-16.38244959797269,0 -71.54737083638717,-16.38253645012592,0 -71.54742295690565,-16.38266621528703,0 -71.54734427294107,-16.38280760828043,0 
							</coordinates>
						</LinearRing>
					</outerBoundaryIs>
				</Polygon>
			</Placemark>
			<Placemark>
				<name>1.3.14-1</name>
				<styleUrl>#msn_ylw-pushpin080</styleUrl>
				<Polygon>
					<tessellate>1</tessellate>
					<outerBoundaryIs>
						<LinearRing>
							<coordinates>
								-71.54998492701436,-16.38207912846591,0 -71.55038575812729,-16.38234015811774,0 -71.550352397913,-16.3827652035816,0 -71.55038159549319,-16.3832637583886,0 -71.55023652453049,-16.38328454991842,0 -71.54996909492942,-16.38294584181462,0 -71.54988326224199,-16.38227745473311,0 -71.54998492701436,-16.38207912846591,0 
							</coordinates>
						</LinearRing>
					</outerBoundaryIs>
				</Polygon>
			</Placemark>
			<Placemark>
				<name>1.3.15-1</name>
				<styleUrl>#msn_ylw-pushpin080</styleUrl>
				<Polygon>
					<tessellate>1</tessellate>
					<outerBoundaryIs>
						<LinearRing>
							<coordinates>
								-71.54931557685423,-16.38206624190895,0 -71.5493069552676,-16.38227533418741,0 -71.5492164830508,-16.38231628977614,0 -71.5490956808428,-16.38219310848313,0 -71.54922345422398,-16.38204590899825,0 -71.54931557685423,-16.38206624190895,0 
							</coordinates>
						</LinearRing>
					</outerBoundaryIs>
				</Polygon>
			</Placemark>
			<Placemark>
				<name>1.3.15-2</name>
				<styleUrl>#msn_ylw-pushpin080</styleUrl>
				<Polygon>
					<tessellate>1</tessellate>
					<outerBoundaryIs>
						<LinearRing>
							<coordinates>
								-71.54950885274762,-16.38330461692678,0 -71.54956149898224,-16.38332452053203,0 -71.54960373926741,-16.38331737559497,0 -71.54964002316345,-16.38327377100915,0 -71.54962822886108,-16.38319603154065,0 -71.5497022268879,-16.38314679987066,0 -71.54963399685407,-16.38268802271179,0 -71.54976003454887,-16.38249772594782,0 -71.5497788298733,-16.3826899605978,0 -71.54979984189463,-16.38305516501469,0 -71.54981749433207,-16.38350461860238,0 -71.54976557287715,-16.38372859341223,0 -71.54945968987955,-16.38374941756634,0 -71.54918000225474,-16.38376867806504,0 -71.54916880999819,-16.38345239499996,0 -71.54917478806239,-16.38330931494722,0 -71.54950885274762,-16.38330461692678,0 
							</coordinates>
						</LinearRing>
					</outerBoundaryIs>
				</Polygon>
			</Placemark>
			<Placemark>
				<name>1.3.15-3</name>
				<styleUrl>#msn_ylw-pushpin080</styleUrl>
				<Polygon>
					<tessellate>1</tessellate>
					<outerBoundaryIs>
						<LinearRing>
							<coordinates>
								-71.54965423183884,-16.38214465949442,0 -71.54954253502486,-16.38212905588875,0 -71.5494837500547,-16.38233070234701,0 -71.54932789611827,-16.38232871266128,0 -71.54934171889128,-16.38205519372934,0 -71.54955147677343,-16.38202267121447,0 -71.54978958902082,-16.38206384400158,0 -71.54957589002005,-16.38268294151482,0 -71.54965793928427,-16.38312834883957,0 -71.54953769356507,-16.38314954755048,0 -71.54946991212428,-16.38320372116622,0 -71.54939081941666,-16.38323797881945,0 -71.54922117958725,-16.38324448735679,0 -71.54922402413187,-16.38312367044104,0 -71.54953075139871,-16.38306308495725,0 -71.54945653739001,-16.38267863145591,0 -71.54965423183884,-16.38214465949442,0 
							</coordinates>
						</LinearRing>
					</outerBoundaryIs>
				</Polygon>
			</Placemark>
			<Placemark>
				<name>1.3.16-2</name>
				<styleUrl>#msn_ylw-pushpin080</styleUrl>
				<Polygon>
					<tessellate>1</tessellate>
					<outerBoundaryIs>
						<LinearRing>
							<coordinates>
								-71.54962823482187,-16.38390272804982,0 -71.5495121811169,-16.3841435651258,0 -71.54927921198477,-16.38408529286441,0 -71.54917479414377,-16.38397012991884,0 -71.54915773394336,-16.38386003823096,0 -71.54961041717971,-16.38384280158207,0 -71.54962823482187,-16.38390272804982,0 
							</coordinates>
						</LinearRing>
					</outerBoundaryIs>
				</Polygon>
			</Placemark>
			<Placemark>
				<name>1.3.16-3</name>
				<styleUrl>#msn_ylw-pushpin080</styleUrl>
				<Polygon>
					<tessellate>1</tessellate>
					<outerBoundaryIs>
						<LinearRing>
							<coordinates>
								-71.54990738958961,-16.38397235849651,0 -71.54999870693227,-16.38350965982919,0 -71.55037880928411,-16.3834587485319,0 -71.55040702997329,-16.38362366023211,0 -71.55035051612802,-16.38387176615935,0 -71.55023390438102,-16.38424959580778,0 -71.54961662900419,-16.38416011730873,0 -71.54972985022596,-16.38392669405174,0 -71.54990738958961,-16.38397235849651,0 
							</coordinates>
						</LinearRing>
					</outerBoundaryIs>
				</Polygon>
			</Placemark>
			<Placemark>
				<name>1.3.16-7</name>
				<styleUrl>#msn_ylw-pushpin080</styleUrl>
				<Polygon>
					<tessellate>1</tessellate>
					<outerBoundaryIs>
						<LinearRing>
							<coordinates>
								-71.54917629801525,-16.38566597922155,0 -71.54896678680925,-16.38600449433027,0 -71.5485950994602,-16.38569519495378,0 -71.54872193200694,-16.38557095539398,0 -71.54880835084822,-16.38544416447911,0 -71.54917629801525,-16.38566597922155,0 
							</coordinates>
						</LinearRing>
					</outerBoundaryIs>
				</Polygon>
			</Placemark>
			<Placemark>
				<name>1.3.16-8</name>
				<styleUrl>#msn_ylw-pushpin080</styleUrl>
				<Polygon>
					<tessellate>1</tessellate>
					<outerBoundaryIs>
						<LinearRing>
							<coordinates>
								-71.54935296674705,-16.38575504214173,0 -71.54927528130716,-16.38587937968338,0 -71.54986338800143,-16.38622413058938,0 -71.54977292277678,-16.38648091354167,0 -71.54961642575991,-16.38639676791086,0 -71.54949595024502,-16.38632074325761,0 -71.54946845226068,-16.38635057855501,0 -71.54948355043446,-16.3863758173995,0 -71.54944829920746,-16.3864089333726,0 -71.54928689968662,-16.38630078174569,0 -71.54933216373914,-16.3862470647029,0 -71.54922045862904,-16.38616158162355,0 -71.54912104599318,-16.38629009106152,0 -71.54905583085156,-16.38627960867385,0 -71.5489518242105,-16.3864191694321,0 -71.54899084343509,-16.38644815581819,0 -71.54904550574558,-16.38637558195827,0 -71.54914662783919,-16.38644920585521,0 -71.54905137355119,-16.38657787371578,0 -71.54877248828431,-16.38634486018366,0 -71.54902515907426,-16.38606046369048,0 -71.54912400763325,-16.38590637395389,0 -71.54909074608551,-16.3858814250608,0 -71.54921224412671,-16.38567500859807,0 -71.54935296674705,-16.38575504214173,0 
							</coordinates>
						</LinearRing>
					</outerBoundaryIs>
				</Polygon>
			</Placemark>
			<Placemark>
				<name>1.3.16-9</name>
				<styleUrl>#msn_ylw-pushpin080</styleUrl>
				<Polygon>
					<tessellate>1</tessellate>
					<outerBoundaryIs>
						<LinearRing>
							<coordinates>
								-71.54974119075598,-16.38660587244333,0 -71.54960942802268,-16.38686047424119,0 -71.54954556711724,-16.38683587121166,0 -71.54949069348264,-16.38690582629353,0 -71.54907912630728,-16.38658651752962,0 -71.54926019153449,-16.38632460043094,0 -71.54974119075598,-16.38660587244333,0 
							</coordinates>
						</LinearRing>
					</outerBoundaryIs>
				</Polygon>
			</Placemark>
			<Placemark>
				<name>1.3.16-10</name>
				<styleUrl>#msn_ylw-pushpin080</styleUrl>
				<Polygon>
					<tessellate>1</tessellate>
					<outerBoundaryIs>
						<LinearRing>
							<coordinates>
								-71.5494753804024,-16.38643791249227,0 -71.54950290242957,-16.3863963037625,0 -71.54954291610889,-16.38642893712571,0 -71.54957111155279,-16.3863939663878,0 -71.54975468517718,-16.38651077985926,0 -71.54972285187974,-16.3865854890798,0 -71.5494753804024,-16.38643791249227,0 
							</coordinates>
						</LinearRing>
					</outerBoundaryIs>
				</Polygon>
			</Placemark>
			<Placemark>
				<name>1.3.16-13</name>
				<styleUrl>#msn_ylw-pushpin080</styleUrl>
				<Polygon>
					<tessellate>1</tessellate>
					<outerBoundaryIs>
						<LinearRing>
							<coordinates>
								-71.54808090781113,-16.38411677044718,0 -71.54805723149181,-16.38414181390601,0 -71.54801592257564,-16.38412366367303,0 -71.54795373475856,-16.3840247855685,0 -71.54792623698714,-16.3839072817294,0 -71.54796347608773,-16.38388363383324,0 -71.54799180476235,-16.3838310647061,0 -71.54804059833882,-16.38381251037245,0 -71.54820562697046,-16.3834374378091,0 -71.5483235694162,-16.38347539948762,0 -71.54816724869877,-16.38385347370734,0 -71.54808090781113,-16.38411677044718,0 
							</coordinates>
						</LinearRing>
					</outerBoundaryIs>
				</Polygon>
			</Placemark>
			<Placemark>
				<name>1.3.16-14</name>
				<styleUrl>#msn_ylw-pushpin080</styleUrl>
				<Polygon>
					<tessellate>1</tessellate>
					<outerBoundaryIs>
						<LinearRing>
							<coordinates>
								-71.54829840536797,-16.38323744772551,0 -71.54841394911618,-16.38328166064492,0 -71.54832833238385,-16.38345927926275,0 -71.54821025379074,-16.38342148863964,0 -71.54829840536797,-16.38323744772551,0 
							</coordinates>
						</LinearRing>
					</outerBoundaryIs>
				</Polygon>
			</Placemark>
			<Placemark>
				<name>1.3.16-15</name>
				<styleUrl>#msn_ylw-pushpin080</styleUrl>
				<Polygon>
					<tessellate>1</tessellate>
					<outerBoundaryIs>
						<LinearRing>
							<coordinates>
								-71.54840383018121,-16.38300195417793,0 -71.54847894895256,-16.38296749112121,0 -71.54862130954119,-16.38297175550816,0 -71.54863559079028,-16.38304771612087,0 -71.54863252830397,-16.38315742866675,0 -71.54857118849606,-16.3832811605455,0 -71.54846572869231,-16.38324266394349,0 -71.54850324723949,-16.38314084730554,0 -71.54854771898003,-16.38310381111917,0 -71.54852781523657,-16.38307411816231,0 -71.54849683261838,-16.38306247656962,0 -71.54845288506367,-16.38312133856196,0 -71.54844833444047,-16.38318820054203,0 -71.54841641014207,-16.38326283870831,0 -71.5483142438611,-16.38321283921434,0 -71.54840383018121,-16.38300195417793,0 
							</coordinates>
						</LinearRing>
					</outerBoundaryIs>
				</Polygon>
			</Placemark>
			<Placemark>
				<name>1.3.16-16</name>
				<styleUrl>#msn_ylw-pushpin080</styleUrl>
				<Polygon>
					<tessellate>1</tessellate>
					<outerBoundaryIs>
						<LinearRing>
							<coordinates>
								-71.54858454845795,-16.3832887769607,0 -71.54863176635038,-16.38329632393959,0 -71.54861010898263,-16.38355013475781,0 -71.54854738376703,-16.38354754456936,0 -71.54853805479763,-16.38399348141532,0 -71.54849389855188,-16.38432704226253,0 -71.54809441584163,-16.38421676867713,0 -71.54822215274385,-16.38397142120274,0 -71.54825636280499,-16.3838142174575,0 -71.54833291071705,-16.38362807422958,0 -71.5483707218368,-16.38353145852662,0 -71.54842025116972,-16.38341615078535,0 -71.54856178973178,-16.38330383466756,0 -71.54858454845795,-16.3832887769607,0 
							</coordinates>
						</LinearRing>
					</outerBoundaryIs>
				</Polygon>
			</Placemark>
			<Placemark>
				<name>1.3.16-17</name>
				<styleUrl>#msn_ylw-pushpin080</styleUrl>
				<Polygon>
					<tessellate>1</tessellate>
					<outerBoundaryIs>
						<LinearRing>
							<coordinates>
								-71.54917256477792,-16.38293082359463,0 -71.54905720282325,-16.38349633701907,0 -71.54904216332044,-16.38357038834841,0 -71.54891587366576,-16.3835824802313,0 -71.54885049896748,-16.38353607503851,0 -71.54904032149091,-16.38287231374084,0 -71.54917256477792,-16.38293082359463,0 
							</coordinates>
						</LinearRing>
					</outerBoundaryIs>
				</Polygon>
			</Placemark>
			<Placemark>
				<name>1.3.16-18</name>
				<styleUrl>#msn_ylw-pushpin080</styleUrl>
				<Polygon>
					<tessellate>1</tessellate>
					<outerBoundaryIs>
						<LinearRing>
							<coordinates>
								-71.54896941635091,-16.38223062527481,0 -71.54892269643533,-16.38285108219669,0 -71.54867498736905,-16.38284541123474,0 -71.54866574161721,-16.38268693803953,0 -71.54865420335676,-16.38243362633832,0 -71.54871300346782,-16.38224588944746,0 -71.54870643035174,-16.38210986316182,0 -71.5487090406896,-16.3818952231258,0 -71.5488217970244,-16.38189340748663,0 -71.54891984535554,-16.38195481067567,0 -71.54896941635091,-16.38223062527481,0 
							</coordinates>
						</LinearRing>
					</outerBoundaryIs>
				</Polygon>
			</Placemark>
			<Placemark>
				<name>1.3.16-19</name>
				<styleUrl>#msn_ylw-pushpin080</styleUrl>
				<Polygon>
					<tessellate>1</tessellate>
					<outerBoundaryIs>
						<LinearRing>
							<coordinates>
								-71.54865817557618,-16.38298194393694,0 -71.54891232050851,-16.38297547899513,0 -71.54887336776407,-16.38334206549601,0 -71.54882686813684,-16.38344758259522,0 -71.5487963706392,-16.38355308932238,0 -71.54863532013363,-16.38353767621335,0 -71.54865817557618,-16.38298194393694,0 
							</coordinates>
						</LinearRing>
					</outerBoundaryIs>
				</Polygon>
			</Placemark>
			<Placemark>
				<name>1.3.16-21</name>
				<styleUrl>#msn_ylw-pushpin080</styleUrl>
				<Polygon>
					<tessellate>1</tessellate>
					<outerBoundaryIs>
						<LinearRing>
							<coordinates>
								-71.54890435651096,-16.38610891458756,0 -71.54874313071312,-16.38628715748845,0 -71.54850894912306,-16.38609251050292,0 -71.5482318068392,-16.38578134163402,0 -71.54815087112267,-16.38580390866423,0 -71.54808845882893,-16.38573034356801,0 -71.54818354166599,-16.38556415320483,0 -71.54828837189359,-16.38556416050028,0 -71.54841965856021,-16.38565622594292,0 -71.54863093534833,-16.38587692912152,0 -71.54890435651096,-16.38610891458756,0 
							</coordinates>
						</LinearRing>
					</outerBoundaryIs>
				</Polygon>
			</Placemark>
			<Placemark>
				<name>1.3.17-1</name>
				<styleUrl>#msn_ylw-pushpin080</styleUrl>
				<Polygon>
					<tessellate>1</tessellate>
					<outerBoundaryIs>
						<LinearRing>
							<coordinates>
								-71.54786643450862,-16.38405772541168,0 -71.54773638017176,-16.3839925206415,0 -71.54751576352635,-16.38357512560022,0 -71.54750230213044,-16.38358750884916,0 -71.54746648199324,-16.38383191548767,0 -71.54768158385502,-16.38403763501637,0 -71.54764750838295,-16.38406236540758,0 -71.54722652315918,-16.38400094591309,0 -71.54720383206464,-16.38384843823574,0 -71.54721301115494,-16.38360171995511,0 -71.54716444525532,-16.3832721177576,0 -71.54743818815699,-16.38324732602953,0 -71.54743891850549,-16.38345249154359,0 -71.54765069901993,-16.38353283125482,0 -71.54781950750483,-16.38384662060356,0 -71.54792566393415,-16.38399233229378,0 -71.54786643450862,-16.38405772541168,0 
							</coordinates>
						</LinearRing>
					</outerBoundaryIs>
				</Polygon>
			</Placemark>
			<Placemark>
				<name>1.3.17-3</name>
				<styleUrl>#msn_ylw-pushpin080</styleUrl>
				<Polygon>
					<tessellate>1</tessellate>
					<outerBoundaryIs>
						<LinearRing>
							<coordinates>
								-71.54778278333239,-16.38505579982147,0 -71.547553595491,-16.38500037269614,0 -71.54765672552683,-16.38444540811789,0 -71.54760365050734,-16.38443973450522,0 -71.54750731428589,-16.38500331671981,0 -71.5472978821419,-16.38495334357128,0 -71.54726771621391,-16.38502002926902,0 -71.54716166522198,-16.38507013282949,0 -71.54706846889067,-16.38506837428527,0 -71.54707968345105,-16.38497001058344,0 -71.54714739177456,-16.38478057758248,0 -71.54717351378014,-16.38448620784848,0 -71.54735351695567,-16.38451437114705,0 -71.54740781772593,-16.38404298911713,0 -71.54780899024503,-16.38410024162674,0 -71.54789115320618,-16.38416071908227,0 -71.5479829146751,-16.38419256345354,0 -71.54778278333239,-16.38505579982147,0 
							</coordinates>
						</LinearRing>
					</outerBoundaryIs>
				</Polygon>
			</Placemark>
			<Placemark>
				<name>1.3.17-4</name>
				<styleUrl>#msn_ylw-pushpin080</styleUrl>
				<Polygon>
					<tessellate>1</tessellate>
					<outerBoundaryIs>
						<LinearRing>
							<coordinates>
								-71.54704258295298,-16.38543039955499,0 -71.5471260363653,-16.38524296990322,0 -71.5471420631975,-16.3851831565809,0 -71.54720087220319,-16.38513228867966,0 -71.54732732141177,-16.3850246417263,0 -71.54764189934397,-16.38507336703763,0 -71.54747642864015,-16.38580277734988,0 -71.54719750272943,-16.38575479879971,0 -71.54722413225018,-16.38569289952993,0 -71.5471050182679,-16.3856729275308,0 -71.54693151887847,-16.38618530349143,0 -71.5468463673662,-16.38619151309692,0 -71.54698763042452,-16.38565270014771,0 -71.54704258295298,-16.38543039955499,0 
							</coordinates>
						</LinearRing>
					</outerBoundaryIs>
				</Polygon>
			</Placemark>
			<Placemark>
				<name>1.3.17-5</name>
				<styleUrl>#msn_ylw-pushpin080</styleUrl>
				<Polygon>
					<tessellate>1</tessellate>
					<outerBoundaryIs>
						<LinearRing>
							<coordinates>
								-71.54700944750178,-16.38619898456562,0 -71.54710391284686,-16.38617031705648,0 -71.54724927965776,-16.38619603059631,0 -71.54739818020127,-16.38621557223208,0 -71.54723455412976,-16.38691614190387,0 -71.54719559598001,-16.38742871188555,0 -71.54709268229871,-16.38743427328973,0 -71.54679400853554,-16.3864619855194,0 -71.54686230557049,-16.38632519979421,0 -71.54684440212563,-16.38623224365261,0 -71.54700944750178,-16.38619898456562,0 
							</coordinates>
						</LinearRing>
					</outerBoundaryIs>
				</Polygon>
			</Placemark>
			<Placemark>
				<name>1.3.17-7</name>
				<styleUrl>#msn_ylw-pushpin080</styleUrl>
				<Polygon>
					<tessellate>1</tessellate>
					<outerBoundaryIs>
						<LinearRing>
							<coordinates>
								-71.54780791641616,-16.38614389174449,0 -71.54757926563046,-16.3867517615683,0 -71.54749923735095,-16.3874202696408,0 -71.54729652699355,-16.38729579893987,0 -71.54765077468093,-16.38545870365576,0 -71.54817416692896,-16.38553777816099,0 -71.54780791641616,-16.38614389174449,0 
							</coordinates>
						</LinearRing>
					</outerBoundaryIs>
				</Polygon>
			</Placemark>
			<Placemark>
				<name>1.3.18-1</name>
				<styleUrl>#msn_ylw-pushpin080</styleUrl>
				<Polygon>
					<tessellate>1</tessellate>
					<outerBoundaryIs>
						<LinearRing>
							<coordinates>
								-71.54700120921773,-16.38510742950515,0 -71.54699695573819,-16.38545393844555,0 -71.54681993919485,-16.38619037515387,0 -71.54683350526658,-16.38631320735328,0 -71.54682370843642,-16.38637451061202,0 -71.54677782383564,-16.38639553851845,0 -71.54647005517316,-16.3852626939015,0 -71.54700120921773,-16.38510742950515,0 
							</coordinates>
						</LinearRing>
					</outerBoundaryIs>
				</Polygon>
			</Placemark>
			<Placemark>
				<name>1.3.18-2</name>
				<styleUrl>#msn_ylw-pushpin080</styleUrl>
				<Polygon>
					<tessellate>1</tessellate>
					<outerBoundaryIs>
						<LinearRing>
							<coordinates>
								-71.54643542317564,-16.3851202143276,0 -71.54636285240565,-16.38482668756356,0 -71.54708639979918,-16.38464046056868,0 -71.54707740360284,-16.38480852078653,0 -71.54675136335888,-16.3849126631734,0 -71.54676850567992,-16.38502665026862,0 -71.54643542317564,-16.3851202143276,0 
							</coordinates>
						</LinearRing>
					</outerBoundaryIs>
				</Polygon>
			</Placemark>
			<Placemark>
				<name>1.3.18-3</name>
				<styleUrl>#msn_ylw-pushpin080</styleUrl>
				<Polygon>
					<tessellate>1</tessellate>
					<outerBoundaryIs>
						<LinearRing>
							<coordinates>
								-71.54604923832913,-16.38372451725526,0 -71.54713212611219,-16.38344625965271,0 -71.54723723805647,-16.38423635524604,0 -71.54620813380144,-16.38448942704789,0 -71.54610092347949,-16.38413880981585,0 -71.54708622995524,-16.38394295917061,0 -71.54699582449732,-16.38369597841038,0 -71.54678565310995,-16.38375874200287,0 -71.54677587833426,-16.38381367259338,0 -71.54678774749748,-16.38386791408096,0 -71.54612106970772,-16.38404386816097,0 -71.54604923832913,-16.38372451725526,0 
							</coordinates>
						</LinearRing>
					</outerBoundaryIs>
				</Polygon>
			</Placemark>
			<Placemark>
				<name>1.3.18-4</name>
				<styleUrl>#msn_ylw-pushpin080</styleUrl>
				<Polygon>
					<tessellate>1</tessellate>
					<outerBoundaryIs>
						<LinearRing>
							<coordinates>
								-71.54585700759461,-16.38309497000641,0 -71.54662626262184,-16.38289620129355,0 -71.54689776444296,-16.38289671605309,0 -71.547077443539,-16.38291830245043,0 -71.54715885947091,-16.38279120323748,0 -71.5472963578631,-16.38281234765677,0 -71.54726148433033,-16.38289990768617,0 -71.54717333674679,-16.38308837381703,0 -71.54593432549963,-16.38339906726476,0 -71.54585700759461,-16.38309497000641,0 
							</coordinates>
						</LinearRing>
					</outerBoundaryIs>
				</Polygon>
			</Placemark>
			<Placemark>
				<name>1.3.18-5</name>
				<styleUrl>#msn_ylw-pushpin080</styleUrl>
				<Polygon>
					<tessellate>1</tessellate>
					<outerBoundaryIs>
						<LinearRing>
							<coordinates>
								-71.54661304386471,-16.38198794339732,0 -71.54675912102137,-16.38193465662254,0 -71.54710650969696,-16.38258624580471,0 -71.54715497680279,-16.38270983740478,0 -71.5471191673282,-16.38282108821438,0 -71.54703292546958,-16.38286754959047,0 -71.54691744790613,-16.38286796347413,0 -71.54676060797996,-16.3824438862403,0 -71.54667956829202,-16.38224935194453,0 -71.54661304386471,-16.38198794339732,0 
							</coordinates>
						</LinearRing>
					</outerBoundaryIs>
				</Polygon>
			</Placemark>
			<Placemark>
				<name>1.3.18-6</name>
				<styleUrl>#msn_ylw-pushpin080</styleUrl>
				<Polygon>
					<tessellate>1</tessellate>
					<outerBoundaryIs>
						<LinearRing>
							<coordinates>
								-71.54657316987314,-16.3819945495791,0 -71.54679249883885,-16.38266662001822,0 -71.54661147578337,-16.3827427885427,0 -71.54645141417619,-16.38281816303818,0 -71.54582136455851,-16.3829823005387,0 -71.54561986421318,-16.38229922197971,0 -71.54657316987314,-16.3819945495791,0 
							</coordinates>
						</LinearRing>
					</outerBoundaryIs>
				</Polygon>
			</Placemark>
			<Placemark>
				<name>1.3.18-7</name>
				<styleUrl>#msn_ylw-pushpin080</styleUrl>
				<Polygon>
					<tessellate>1</tessellate>
					<outerBoundaryIs>
						<LinearRing>
							<coordinates>
								-71.54468792725464,-16.38299429852376,0 -71.54396425633557,-16.38340293674643,0 -71.5439200033821,-16.38337617505056,0 -71.54381802295049,-16.38337165007317,0 -71.54377790170918,-16.38282229779886,0 -71.54466752585667,-16.38256580472167,0 -71.54468792725464,-16.38299429852376,0 
							</coordinates>
						</LinearRing>
					</outerBoundaryIs>
				</Polygon>
			</Placemark>
			<Placemark>
				<name>1.3.18-8</name>
				<styleUrl>#msn_ylw-pushpin080</styleUrl>
				<Polygon>
					<tessellate>1</tessellate>
					<outerBoundaryIs>
						<LinearRing>
							<coordinates>
								-71.54377902533818,-16.38342805686358,0 -71.54387151611486,-16.38340489572437,0 -71.54390033422118,-16.38343107222293,0 -71.54386898610809,-16.38360649870799,0 -71.54375136332617,-16.38405286037603,0 -71.54369341287916,-16.38429260780469,0 -71.54359030437891,-16.38432594410189,0 -71.54354989671164,-16.38387550814871,0 -71.54355354283352,-16.38377271789538,0 -71.54359228039304,-16.38355887772939,0 -71.54359802516464,-16.38343402577564,0 -71.54354613275912,-16.38287049057281,0 -71.54361138170609,-16.38287069109626,0 -71.54372937189291,-16.38283670109673,0 -71.54377902533818,-16.38342805686358,0 
							</coordinates>
						</LinearRing>
					</outerBoundaryIs>
				</Polygon>
			</Placemark>
			<Placemark>
				<name>1.3.18-9</name>
				<styleUrl>#msn_ylw-pushpin080</styleUrl>
				<Polygon>
					<tessellate>1</tessellate>
					<outerBoundaryIs>
						<LinearRing>
							<coordinates>
								-71.54393522096029,-16.38345726285679,0 -71.54409728891579,-16.38337041128071,0 -71.54426353517866,-16.38412577873435,0 -71.54378232290017,-16.38425343104828,0 -71.54393522096029,-16.38345726285679,0 
							</coordinates>
						</LinearRing>
					</outerBoundaryIs>
				</Polygon>
			</Placemark>
			<Placemark>
				<name>1.3.18-10</name>
				<styleUrl>#msn_ylw-pushpin080</styleUrl>
				<Polygon>
					<tessellate>1</tessellate>
					<outerBoundaryIs>
						<LinearRing>
							<coordinates>
								-71.54372868693429,-16.38429010629266,0 -71.54383278600717,-16.38426926532786,0 -71.54383438651767,-16.38441589347321,0 -71.54383221545359,-16.38449541069004,0 -71.5439598559972,-16.38480038888891,0 -71.54370523845417,-16.38492878475911,0 -71.54367487732128,-16.38490904625719,0 -71.54366732746738,-16.38468358858582,0 -71.54368862577968,-16.38450166155749,0 -71.54372868693429,-16.38429010629266,0 
							</coordinates>
						</LinearRing>
					</outerBoundaryIs>
				</Polygon>
			</Placemark>
			<Placemark>
				<name>1.3.18-11</name>
				<styleUrl>#msn_ylw-pushpin080</styleUrl>
				<Polygon>
					<tessellate>1</tessellate>
					<outerBoundaryIs>
						<LinearRing>
							<coordinates>
								-71.54426004582143,-16.38417837332662,0 -71.54439923917435,-16.38479427960171,0 -71.54462081500348,-16.38535446234018,0 -71.54424302664791,-16.38549565859506,0 -71.54389301704268,-16.38446929394726,0 -71.54387783751518,-16.38428048192472,0 -71.54426004582143,-16.38417837332662,0 
							</coordinates>
						</LinearRing>
					</outerBoundaryIs>
				</Polygon>
			</Placemark>
			<Placemark>
				<name>1.3.18-12</name>
				<styleUrl>#msn_ylw-pushpin080</styleUrl>
				<Polygon>
					<tessellate>1</tessellate>
					<outerBoundaryIs>
						<LinearRing>
							<coordinates>
								-71.54394592141801,-16.38484325683952,0 -71.54419496987984,-16.38551508528854,0 -71.54374330312643,-16.3856983737159,0 -71.54371709534088,-16.38549118479383,0 -71.54371210009076,-16.38531033951852,0 -71.54369565182144,-16.38520219211913,0 -71.54368592949866,-16.38495509843527,0 -71.54394592141801,-16.38484325683952,0 
							</coordinates>
						</LinearRing>
					</outerBoundaryIs>
				</Polygon>
			</Placemark>
			<Placemark>
				<name>1.3.18-13</name>
				<styleUrl>#msn_ylw-pushpin080</styleUrl>
				<Polygon>
					<tessellate>1</tessellate>
					<outerBoundaryIs>
						<LinearRing>
							<coordinates>
								-71.54463895604079,-16.38543567755253,0 -71.54489354033447,-16.38617177696564,0 -71.54448041543156,-16.38631963486159,0 -71.54423537850857,-16.38556098495843,0 -71.54463895604079,-16.38543567755253,0 
							</coordinates>
						</LinearRing>
					</outerBoundaryIs>
				</Polygon>
			</Placemark>
			<Placemark>
				<name>1.3.18-14</name>
				<styleUrl>#msn_ylw-pushpin080</styleUrl>
				<Polygon>
					<tessellate>1</tessellate>
					<outerBoundaryIs>
						<LinearRing>
							<coordinates>
								-71.5441977784596,-16.38559661217145,0 -71.54444045387211,-16.38633112871354,0 -71.54405605941601,-16.38649954003289,0 -71.54378759305933,-16.38612935663219,0 -71.54377268779616,-16.38573961194723,0 -71.5441977784596,-16.38559661217145,0 
							</coordinates>
						</LinearRing>
					</outerBoundaryIs>
				</Polygon>
			</Placemark>
			<Placemark>
				<name>1.3.18-15</name>
				<styleUrl>#msn_ylw-pushpin080</styleUrl>
				<Polygon>
					<tessellate>1</tessellate>
					<outerBoundaryIs>
						<LinearRing>
							<coordinates>
								-71.54556411562947,-16.38271130803239,0 -71.54523135197793,-16.38279158295414,0 -71.54485204349572,-16.38294530357469,0 -71.54473071257731,-16.38295763532782,0 -71.5447166000468,-16.38255500266283,0 -71.54547651591372,-16.38234992475044,0 -71.54556411562947,-16.38271130803239,0 
							</coordinates>
						</LinearRing>
					</outerBoundaryIs>
				</Polygon>
			</Placemark>
			<Placemark>
				<name>1.3.18-16</name>
				<styleUrl>#msn_ylw-pushpin080</styleUrl>
				<Polygon>
					<tessellate>1</tessellate>
					<outerBoundaryIs>
						<LinearRing>
							<coordinates>
								-71.5458926670227,-16.38365448369233,0 -71.54559411956158,-16.3837140145831,0 -71.54555693273365,-16.38363940549821,0 -71.5454954147156,-16.38362370952404,0 -71.5453931962905,-16.38363561882415,0 -71.54536994459657,-16.38373384425049,0 -71.54533337548274,-16.38374170187945,0 -71.54522385143154,-16.3828458124128,0 -71.54556858999393,-16.38275747261275,0 -71.5458926670227,-16.38365448369233,0 
							</coordinates>
						</LinearRing>
					</outerBoundaryIs>
				</Polygon>
			</Placemark>
			<Placemark>
				<name>1.3.18-17</name>
				<styleUrl>#msn_ylw-pushpin080</styleUrl>
				<Polygon>
					<tessellate>1</tessellate>
					<outerBoundaryIs>
						<LinearRing>
							<coordinates>
								-71.5452281067125,-16.38304313548114,0 -71.54517507163625,-16.38315697391253,0 -71.5453480702016,-16.38403954746117,0 -71.54541296000704,-16.38402541149466,0 -71.54536860044041,-16.38382979999425,0 -71.54544920185643,-16.38380858371437,0 -71.54558119504624,-16.38382571739019,0 -71.5458514534884,-16.38376479494696,0 -71.54603857305835,-16.38438381816055,0 -71.54450701614786,-16.38478776667242,0 -71.54439721859673,-16.38438667456246,0 -71.54488427532797,-16.38429735851756,0 -71.54498979388045,-16.38426457203759,0 -71.54502651886934,-16.38420100966554,0 -71.54498511513525,-16.3841253223167,0 -71.54491768567978,-16.38410825414052,0 -71.54485313524471,-16.38415039507182,0 -71.54481726610582,-16.38423121942809,0 -71.54440319752673,-16.3843323947791,0 -71.54432664319586,-16.38398035398187,0 -71.54488396998651,-16.38381673527649,0 -71.54483267008212,-16.38366851734727,0 -71.5447054266684,-16.38368828359741,0 -71.54473815617844,-16.3837995333539,0 -71.54430681367353,-16.38391445016361,0 -71.54413229110072,-16.38333992032623,0 -71.54457229705341,-16.38312657422371,0 -71.54483165367864,-16.38299442847638,0 -71.54518371762111,-16.38285330336231,0 -71.5452281067125,-16.38304313548114,0 
							</coordinates>
						</LinearRing>
					</outerBoundaryIs>
				</Polygon>
			</Placemark>
			<Placemark>
				<name>1.3.18-18</name>
				<styleUrl>#msn_ylw-pushpin080</styleUrl>
				<Polygon>
					<tessellate>1</tessellate>
					<outerBoundaryIs>
						<LinearRing>
							<coordinates>
								-71.54656915277934,-16.3862213086408,0 -71.54636982056635,-16.38625787671981,0 -71.54630940330792,-16.38692023043055,0 -71.54617220609356,-16.3870459393962,0 -71.54613623895594,-16.38717644649769,0 -71.54616902217029,-16.38725560160582,0 -71.54627105700085,-16.38724085291737,0 -71.54641358682039,-16.38699409937828,0 -71.54643212269292,-16.38662227235545,0 -71.54644624539728,-16.38633095281866,0 -71.54657838910926,-16.38627577668618,0 -71.54665837621521,-16.38640754027627,0 -71.54669082793791,-16.38674636127595,0 -71.54659864567854,-16.38710607134997,0 -71.54641260815151,-16.38752667616627,0 -71.5462044935132,-16.38758749686901,0 -71.54628245270193,-16.38806021559805,0 -71.54617028856661,-16.38809816488266,0 -71.54588412771415,-16.38702969963924,0 -71.54608581518552,-16.38686657212955,0 -71.54616870227339,-16.38671452010663,0 -71.54617156886121,-16.38631138397855,0 -71.54606239887951,-16.38610122383735,0 -71.54595590370035,-16.38583833295818,0 -71.54537209040656,-16.38605434613146,0 -71.54495537423638,-16.38618046292571,0 -71.54454818020146,-16.38491072803081,0 -71.54605314078916,-16.38452722439028,0 -71.54631078195074,-16.3853926085263,0 -71.54587914584079,-16.38550790911506,0 -71.54584705407048,-16.38538251123408,0 -71.54551805013253,-16.38547102342288,0 -71.54556303245084,-16.38569350569558,0 -71.54636418189109,-16.38546338377833,0 -71.54656915277934,-16.3862213086408,0 
							</coordinates>
						</LinearRing>
					</outerBoundaryIs>
				</Polygon>
			</Placemark>
			<Placemark>
				<name>1.3.18-19</name>
				<styleUrl>#msn_ylw-pushpin080</styleUrl>
				<Polygon>
					<tessellate>1</tessellate>
					<outerBoundaryIs>
						<LinearRing>
							<coordinates>
								-71.54671155361174,-16.38672994328139,0 -71.54703326391906,-16.38790373049841,0 -71.54638126966506,-16.38805516582305,0 -71.54638900637153,-16.38802186652493,0 -71.54644729149761,-16.38794580372736,0 -71.54647039539849,-16.38787494156852,0 -71.54646396450362,-16.38781391791678,0 -71.54642854228446,-16.38772992364769,0 -71.54640764648884,-16.3876715139236,0 -71.54642867499841,-16.38753953538922,0 -71.54657627666899,-16.38725243493979,0 -71.5466705313067,-16.38701975778845,0 -71.54671155361174,-16.38672994328139,0 
							</coordinates>
						</LinearRing>
					</outerBoundaryIs>
				</Polygon>
			</Placemark>
			<Placemark>
				<name>1.3.18-20</name>
				<styleUrl>#msn_ylw-pushpin080</styleUrl>
				<Polygon>
					<tessellate>1</tessellate>
					<outerBoundaryIs>
						<LinearRing>
							<coordinates>
								-71.54499392711816,-16.38622162135665,0 -71.54525852252894,-16.38613908403718,0 -71.54533889798994,-16.38625043171417,0 -71.54557737450111,-16.38623016999893,0 -71.5455801618328,-16.38636402269962,0 -71.54529814728809,-16.38647967874233,0 -71.54526265552812,-16.38635494966204,0 -71.5451838630387,-16.38638351781679,0 -71.54523228129213,-16.38653046113239,0 -71.54527609847281,-16.3865303986223,0 -71.54532246177078,-16.3866277873453,0 -71.54515599951722,-16.38669009879218,0 -71.54499392711816,-16.38622162135665,0 
							</coordinates>
						</LinearRing>
					</outerBoundaryIs>
				</Polygon>
			</Placemark>
			<Placemark>
				<name>1.3.18-21</name>
				<styleUrl>#msn_ylw-pushpin080</styleUrl>
				<Polygon>
					<tessellate>1</tessellate>
					<outerBoundaryIs>
						<LinearRing>
							<coordinates>
								-71.54515317652441,-16.38670800147095,0 -71.5453430945259,-16.38664376521779,0 -71.54550273368517,-16.38712630814031,0 -71.5453195763653,-16.38717857037182,0 -71.54515317652441,-16.38670800147095,0 
							</coordinates>
						</LinearRing>
					</outerBoundaryIs>
				</Polygon>
			</Placemark>
			<Placemark>
				<name>1.3.18-22</name>
				<styleUrl>#msn_ylw-pushpin080</styleUrl>
				<Polygon>
					<tessellate>1</tessellate>
					<outerBoundaryIs>
						<LinearRing>
							<coordinates>
								-71.54532861168664,-16.38720770218792,0 -71.54550254764669,-16.38715609046585,0 -71.54585886762014,-16.38815862058578,0 -71.54571101405179,-16.38820496559016,0 -71.54532861168664,-16.38720770218792,0 
							</coordinates>
						</LinearRing>
					</outerBoundaryIs>
				</Polygon>
			</Placemark>
			<Placemark>
				<name>1.3.18-23</name>
				<styleUrl>#msn_ylw-pushpin080</styleUrl>
				<Polygon>
					<tessellate>1</tessellate>
					<outerBoundaryIs>
						<LinearRing>
							<coordinates>
								-71.54557582064636,-16.38691987892491,0 -71.5458354311488,-16.38684829581613,0 -71.54587030140763,-16.3869416997055,0 -71.5457880395611,-16.38696788022086,0 -71.5461158768049,-16.38809397039307,0 -71.54597060778102,-16.3881285577103,0 -71.54557582064636,-16.38691987892491,0 
							</coordinates>
						</LinearRing>
					</outerBoundaryIs>
				</Polygon>
			</Placemark>
			<Placemark>
				<name>1.3.18-24</name>
				<styleUrl>#msn_ylw-pushpin080</styleUrl>
				<Polygon>
					<tessellate>1</tessellate>
					<outerBoundaryIs>
						<LinearRing>
							<coordinates>
								-71.54586976677351,-16.38659403919312,0 -71.54593308116202,-16.3864115147654,0 -71.54590109042111,-16.38626744527778,0 -71.54587522110371,-16.38608394574109,0 -71.54597330059325,-16.38604025067158,0 -71.54605579690678,-16.38628668626339,0 -71.54608206299784,-16.38653336648232,0 -71.54606000045247,-16.38669159825048,0 -71.54595852336027,-16.38682070081763,0 -71.54590176865503,-16.38686709316535,0 -71.54585262747709,-16.38674390169446,0 -71.54586976677351,-16.38659403919312,0 
							</coordinates>
						</LinearRing>
					</outerBoundaryIs>
				</Polygon>
			</Placemark>
			<Placemark>
				<name>1.3.19-1</name>
				<styleUrl>#msn_ylw-pushpin080</styleUrl>
				<Polygon>
					<tessellate>1</tessellate>
					<outerBoundaryIs>
						<LinearRing>
							<coordinates>
								-71.54125517127962,-16.38283101536411,0 -71.54088454820241,-16.38294217201868,0 -71.54054846045226,-16.38174195211473,0 -71.54092322556016,-16.38164139826463,0 -71.54125517127962,-16.38283101536411,0 
							</coordinates>
						</LinearRing>
					</outerBoundaryIs>
				</Polygon>
			</Placemark>
			<Placemark>
				<name>1.3.19-2</name>
				<styleUrl>#msn_ylw-pushpin080</styleUrl>
				<Polygon>
					<tessellate>1</tessellate>
					<outerBoundaryIs>
						<LinearRing>
							<coordinates>
								-71.5397691013945,-16.38324307214664,0 -71.54025507205652,-16.3831255247185,0 -71.54057306993431,-16.38310691074751,0 -71.54061827595908,-16.38350434773653,0 -71.54049996035882,-16.38353471974945,0 -71.54031764695016,-16.38351253049764,0 -71.54016489050017,-16.38342809576026,0 -71.53984446309997,-16.38347404796431,0 -71.5397691013945,-16.38324307214664,0 
							</coordinates>
						</LinearRing>
					</outerBoundaryIs>
				</Polygon>
			</Placemark>
			<Placemark>
				<name>1.3.19-3</name>
				<styleUrl>#msn_ylw-pushpin080</styleUrl>
				<Polygon>
					<tessellate>1</tessellate>
					<outerBoundaryIs>
						<LinearRing>
							<coordinates>
								-71.54062923909906,-16.38416505457497,0 -71.54046381251317,-16.38356130308377,0 -71.54069928927049,-16.38351772787712,0 -71.54084964012847,-16.383630282437,0 -71.54097560150348,-16.38374576631028,0 -71.54108764163584,-16.38388313889469,0 -71.54121855290113,-16.38399221022074,0 -71.54130188262891,-16.38407484756613,0 -71.54081321429152,-16.38413699672387,0 -71.54062923909906,-16.38416505457497,0 
							</coordinates>
						</LinearRing>
					</outerBoundaryIs>
				</Polygon>
			</Placemark>
			<Placemark>
				<name>1.3.19-4</name>
				<styleUrl>#msn_ylw-pushpin080</styleUrl>
				<Polygon>
					<tessellate>1</tessellate>
					<outerBoundaryIs>
						<LinearRing>
							<coordinates>
								-71.53986557802509,-16.3835364937996,0 -71.54003870101556,-16.38345990214463,0 -71.54017650150605,-16.38347201960348,0 -71.5402455683372,-16.38351867835913,0 -71.54043535094655,-16.38355405006283,0 -71.54060305434342,-16.38415900167404,0 -71.54004809191224,-16.38425584188187,0 -71.53986557802509,-16.3835364937996,0 
							</coordinates>
						</LinearRing>
					</outerBoundaryIs>
				</Polygon>
			</Placemark>
			<Placemark>
				<name>1.3.19-5</name>
				<styleUrl>#msn_ylw-pushpin080</styleUrl>
				<Polygon>
					<tessellate>1</tessellate>
					<outerBoundaryIs>
						<LinearRing>
							<coordinates>
								-71.54079574503042,-16.38353262859679,0 -71.54069839426987,-16.3834936266409,0 -71.54068620601068,-16.38338816653926,0 -71.54096253963543,-16.38330614969023,0 -71.54152118601615,-16.38373154947222,0 -71.54175928204803,-16.38400729603937,0 -71.54170908580431,-16.38403203837952,0 -71.54134226794068,-16.38407759474993,0 -71.54079574503042,-16.38353262859679,0 
							</coordinates>
						</LinearRing>
					</outerBoundaryIs>
				</Polygon>
			</Placemark>
			<Placemark>
				<name>1.3.19-6</name>
				<styleUrl>#msn_ylw-pushpin080</styleUrl>
				<Polygon>
					<tessellate>1</tessellate>
					<outerBoundaryIs>
						<LinearRing>
							<coordinates>
								-71.54141732372757,-16.38289987573316,0 -71.54147050051874,-16.38314279858486,0 -71.54193609878632,-16.38312484285588,0 -71.54221028968065,-16.38369896725202,0 -71.54179887714969,-16.38401081589404,0 -71.5414067047316,-16.38351186791958,0 -71.5412814720823,-16.38351530792498,0 -71.54111524448187,-16.38339006071333,0 -71.54103125902846,-16.38331842254797,0 -71.54101509175069,-16.38326233189615,0 -71.54066809752007,-16.38334858679872,0 -71.54062359877038,-16.38310975731696,0 -71.54141732372757,-16.38289987573316,0 
							</coordinates>
						</LinearRing>
					</outerBoundaryIs>
				</Polygon>
			</Placemark>
			<Placemark>
				<name>1.3.19-7</name>
				<styleUrl>#msn_ylw-pushpin080</styleUrl>
				<Polygon>
					<tessellate>1</tessellate>
					<outerBoundaryIs>
						<LinearRing>
							<coordinates>
								-71.54174652985635,-16.38224841764223,0 -71.54122588057938,-16.38238057825162,0 -71.54105894251174,-16.3816541225886,0 -71.54134296767567,-16.381645148613,0 -71.54137911516271,-16.38172419393475,0 -71.54144715295571,-16.38174886789783,0 -71.54153092282679,-16.38173213866579,0 -71.54156503188649,-16.38166952115997,0 -71.54155144105455,-16.3815344462757,0 -71.54170015108505,-16.38152461711574,0 -71.54174652985635,-16.38224841764223,0 
							</coordinates>
						</LinearRing>
					</outerBoundaryIs>
				</Polygon>
			</Placemark>
			<Placemark>
				<name>1.3.19-8</name>
				<styleUrl>#msn_ylw-pushpin080</styleUrl>
				<Polygon>
					<tessellate>1</tessellate>
					<outerBoundaryIs>
						<LinearRing>
							<coordinates>
								-71.54166704905798,-16.38100516280558,0 -71.54107464940357,-16.38110604161885,0 -71.54103692178184,-16.38096652872256,0 -71.54117860672605,-16.38092839217971,0 -71.54114807972114,-16.38074989531907,0 -71.54171660875295,-16.38056521756436,0 -71.54166704905798,-16.38100516280558,0 
							</coordinates>
						</LinearRing>
					</outerBoundaryIs>
				</Polygon>
			</Placemark>
			<Placemark>
				<name>1.3.19-9</name>
				<styleUrl>#msn_ylw-pushpin080</styleUrl>
				<Polygon>
					<tessellate>1</tessellate>
					<outerBoundaryIs>
						<LinearRing>
							<coordinates>
								-71.54093501310244,-16.38114239096631,0 -71.54106608045342,-16.38113928416609,0 -71.54110344359107,-16.38119695710347,0 -71.54170859023762,-16.38112613068031,0 -71.54168772366646,-16.38151192842629,0 -71.54147074101347,-16.38152857201692,0 -71.54113283756516,-16.3815642716378,0 -71.54086918435439,-16.38155797968227,0 -71.5405346390362,-16.38164130385132,0 -71.54041657319819,-16.38131004384374,0 -71.54031184235275,-16.38133213503853,0 -71.54078772440324,-16.3829389437468,0 -71.54058585865566,-16.38301855504032,0 -71.54030807862904,-16.38303228450729,0 -71.5400868457979,-16.38236134919525,0 -71.54023419464941,-16.38232539681075,0 -71.5402142024197,-16.38225035500929,0 -71.53995120074519,-16.38231894152854,0 -71.53999400247528,-16.38254177722677,0 -71.54005200841988,-16.38259103820915,0 -71.54019823453764,-16.38303904567853,0 -71.53973391250567,-16.38317187262711,0 -71.53952405304462,-16.38230457804604,0 -71.54024049869221,-16.38213518911587,0 -71.5401378521918,-16.38175297363527,0 -71.53981097062588,-16.38185142948728,0 -71.5396170081832,-16.38120333185197,0 -71.54088678569651,-16.38083620205552,0 -71.54093501310244,-16.38114239096631,0 
							</coordinates>
						</LinearRing>
					</outerBoundaryIs>
				</Polygon>
			</Placemark>
			<Placemark>
				<name>1.3.20-2</name>
				<styleUrl>#msn_ylw-pushpin080</styleUrl>
				<Polygon>
					<tessellate>1</tessellate>
					<outerBoundaryIs>
						<LinearRing>
							<coordinates>
								-71.54246283476964,-16.3824451609152,0 -71.54233127342619,-16.38241128036949,0 -71.54229765914354,-16.38247685230659,0 -71.54229753283332,-16.3826100082892,0 -71.54204303366841,-16.3826076596075,0 -71.54202478087674,-16.38240440794517,0 -71.54213629540031,-16.38239692845853,0 -71.54236649648563,-16.38225751482026,0 -71.5425063584801,-16.3822197914356,0 -71.54246283476964,-16.3824451609152,0 
							</coordinates>
						</LinearRing>
					</outerBoundaryIs>
				</Polygon>
			</Placemark>
			<Placemark>
				<name>1.3.20-3</name>
				<styleUrl>#msn_ylw-pushpin080</styleUrl>
				<Polygon>
					<tessellate>1</tessellate>
					<outerBoundaryIs>
						<LinearRing>
							<coordinates>
								-71.54227998637182,-16.38262696340727,0 -71.54227094906881,-16.38280163369149,0 -71.54212470867186,-16.38284307017082,0 -71.54205894596657,-16.38282124554863,0 -71.54204813403153,-16.38263188969326,0 -71.54227998637182,-16.38262696340727,0 
							</coordinates>
						</LinearRing>
					</outerBoundaryIs>
				</Polygon>
			</Placemark>
			<Placemark>
				<name>1.3.20-4</name>
				<styleUrl>#msn_ylw-pushpin080</styleUrl>
				<Polygon>
					<tessellate>1</tessellate>
					<outerBoundaryIs>
						<LinearRing>
							<coordinates>
								-71.54201792885574,-16.38266827029501,0 -71.54204897134861,-16.38284756758136,0 -71.5419227647587,-16.38289131462475,0 -71.54184892649945,-16.38272390100938,0 -71.54183298397331,-16.38245123853653,0 -71.54199195354671,-16.38243399967279,0 -71.54201792885574,-16.38266827029501,0 
							</coordinates>
						</LinearRing>
					</outerBoundaryIs>
				</Polygon>
			</Placemark>
			<Placemark>
				<name>1.3.20-5</name>
				<styleUrl>#msn_ylw-pushpin080</styleUrl>
				<Polygon>
					<tessellate>1</tessellate>
					<outerBoundaryIs>
						<LinearRing>
							<coordinates>
								-71.54238011284492,-16.38154989835167,0 -71.54238979502919,-16.38161060270382,0 -71.54243567208796,-16.38182020918915,0 -71.54252821319726,-16.38214592984503,0 -71.54248176945462,-16.38218551356415,0 -71.54237476036147,-16.38223048383933,0 -71.54218918511931,-16.38230315409036,0 -71.54218387407487,-16.38222893058517,0 -71.54202826186307,-16.38224852581159,0 -71.54199617766631,-16.38227672716338,0 -71.54200553545095,-16.38238512686648,0 -71.54182350599977,-16.38240403134053,0 -71.54176732729557,-16.38147756197212,0 -71.54200419125769,-16.38147229402516,0 -71.54235395443767,-16.38145379016933,0 -71.54238011284492,-16.38154989835167,0 
							</coordinates>
						</LinearRing>
					</outerBoundaryIs>
				</Polygon>
			</Placemark>
			<Placemark>
				<name>1.3.20-6</name>
				<styleUrl>#msn_ylw-pushpin080</styleUrl>
				<Polygon>
					<tessellate>1</tessellate>
					<outerBoundaryIs>
						<LinearRing>
							<coordinates>
								-71.54177836637747,-16.38143370877396,0 -71.54175899766554,-16.38089892449268,0 -71.54179455505461,-16.38077121153242,0 -71.54181686827852,-16.3807373760343,0 -71.54190863296894,-16.38078915989688,0 -71.54192625925899,-16.38089889060865,0 -71.541999059068,-16.38142754244735,0 -71.54177836637747,-16.38143370877396,0 
							</coordinates>
						</LinearRing>
					</outerBoundaryIs>
				</Polygon>
			</Placemark>
			<Placemark>
				<name>1.3.20-7</name>
				<styleUrl>#msn_ylw-pushpin080</styleUrl>
				<Polygon>
					<tessellate>1</tessellate>
					<outerBoundaryIs>
						<LinearRing>
							<coordinates>
								-71.54232330288646,-16.38141375805012,0 -71.5420338905256,-16.38143286013072,0 -71.54198697480865,-16.38111667339603,0 -71.54194877697152,-16.38083703104047,0 -71.54191433249187,-16.3807678198174,0 -71.54179493011242,-16.38069983350172,0 -71.54183385063577,-16.38053000122427,0 -71.54213473996185,-16.3804375306158,0 -71.54222523457349,-16.38101292449535,0 -71.54232330288646,-16.38141375805012,0 
							</coordinates>
						</LinearRing>
					</outerBoundaryIs>
				</Polygon>
			</Placemark>
			<Placemark>
				<name>1.3.20-8</name>
				<styleUrl>#msn_ylw-pushpin080</styleUrl>
				<Polygon>
					<tessellate>1</tessellate>
					<outerBoundaryIs>
						<LinearRing>
							<coordinates>
								-71.54215260379222,-16.38286251487927,0 -71.54216802943861,-16.38291605225464,0 -71.54216356503672,-16.38303551277001,0 -71.54199694791393,-16.38307522101517,0 -71.54193046553574,-16.38292131948763,0 -71.54215260379222,-16.38286251487927,0 
							</coordinates>
						</LinearRing>
					</outerBoundaryIs>
				</Polygon>
			</Placemark>
			<Placemark>
				<name>1.3.20-9</name>
				<styleUrl>#msn_ylw-pushpin080</styleUrl>
				<Polygon>
					<tessellate>1</tessellate>
					<outerBoundaryIs>
						<LinearRing>
							<coordinates>
								-71.54201989917829,-16.38310564814147,0 -71.54226225851617,-16.38303463126995,0 -71.54217614951109,-16.38302493204398,0 -71.54224152046547,-16.38294222797979,0 -71.54229137615205,-16.38283540353643,0 -71.54245832967703,-16.38283565272098,0 -71.5424714778304,-16.38309218716221,0 -71.54244965555384,-16.3832853572943,0 -71.54234626490248,-16.38348451040721,0 -71.54230891715041,-16.38353146300032,0 -71.54225018263065,-16.38353642672132,0 -71.54201989917829,-16.38310564814147,0 
							</coordinates>
						</LinearRing>
					</outerBoundaryIs>
				</Polygon>
			</Placemark>
			<Placemark>
				<name>1.3.21-1</name>
				<styleUrl>#msn_ylw-pushpin080</styleUrl>
				<Polygon>
					<tessellate>1</tessellate>
					<outerBoundaryIs>
						<LinearRing>
							<coordinates>
								-71.53878876317836,-16.3790915064904,0 -71.53834708506929,-16.37918261893375,0 -71.53825798936765,-16.37874971251381,0 -71.53827325328085,-16.37821214028019,0 -71.53878896669731,-16.37846506679767,0 -71.53878876317836,-16.3790915064904,0 
							</coordinates>
						</LinearRing>
					</outerBoundaryIs>
				</Polygon>
			</Placemark>
			<Placemark>
				<name>1.3.21-2</name>
				<styleUrl>#msn_ylw-pushpin080</styleUrl>
				<Polygon>
					<tessellate>1</tessellate>
					<outerBoundaryIs>
						<LinearRing>
							<coordinates>
								-71.53863784509605,-16.38096424235615,0 -71.53846448146268,-16.38096185100406,0 -71.53845217703685,-16.38106425637336,0 -71.53834672278015,-16.38109715601657,0 -71.53799390496278,-16.38079754861386,0 -71.5378828260267,-16.38061085440571,0 -71.53814495531445,-16.38061306072352,0 -71.53846908429657,-16.38061407729211,0 -71.53873007478012,-16.3806882658174,0 -71.53863784509605,-16.38096424235615,0 
							</coordinates>
						</LinearRing>
					</outerBoundaryIs>
				</Polygon>
			</Placemark>
			<Placemark>
				<name>1.3.21-3</name>
				<styleUrl>#msn_ylw-pushpin080</styleUrl>
				<Polygon>
					<tessellate>1</tessellate>
					<outerBoundaryIs>
						<LinearRing>
							<coordinates>
								-71.53822822783384,-16.38020678176595,0 -71.53849933954184,-16.38010134372051,0 -71.53851817414562,-16.38022276594069,0 -71.53852870271456,-16.38037262643752,0 -71.53851688839644,-16.38056221926553,0 -71.53844107688369,-16.38055588334026,0 -71.53813739323307,-16.38056064378907,0 -71.53811878182006,-16.38019871838502,0 -71.53822822783384,-16.38020678176595,0 
							</coordinates>
						</LinearRing>
					</outerBoundaryIs>
				</Polygon>
			</Placemark>
			<Placemark>
				<name>1.3.21-4</name>
				<styleUrl>#msn_ylw-pushpin080</styleUrl>
				<Polygon>
					<tessellate>1</tessellate>
					<outerBoundaryIs>
						<LinearRing>
							<coordinates>
								-71.53882373876301,-16.38041431840683,0 -71.53879117552945,-16.3805262281958,0 -71.5387541790851,-16.38063683862489,0 -71.53860792609753,-16.38060581179406,0 -71.53855068234346,-16.38057670533021,0 -71.53857016837041,-16.38020479808225,0 -71.53850724370979,-16.37989871418402,0 -71.53875246420417,-16.37985306401588,0 -71.53882373876301,-16.38041431840683,0 
							</coordinates>
						</LinearRing>
					</outerBoundaryIs>
				</Polygon>
			</Placemark>
			<Placemark>
				<name>1.3.21-5</name>
				<styleUrl>#msn_ylw-pushpin080</styleUrl>
				<Polygon>
					<tessellate>1</tessellate>
					<outerBoundaryIs>
						<LinearRing>
							<coordinates>
								-71.5383547328249,-16.37990833284445,0 -71.53847629599495,-16.3798462752057,0 -71.53848670740251,-16.37994363694317,0 -71.53818602561147,-16.38000187566061,0 -71.53796844078268,-16.37986676761498,0 -71.53803850024084,-16.37973385523097,0 -71.5383547328249,-16.37990833284445,0 
							</coordinates>
						</LinearRing>
					</outerBoundaryIs>
				</Polygon>
			</Placemark>
			<Placemark>
				<name>1.3.21-6</name>
				<styleUrl>#msn_ylw-pushpin080</styleUrl>
				<Polygon>
					<tessellate>1</tessellate>
					<outerBoundaryIs>
						<LinearRing>
							<coordinates>
								-71.53839574472191,-16.37957315639722,0 -71.53849041243674,-16.37967901065782,0 -71.53857194650423,-16.37976663815536,0 -71.53861514405371,-16.37983346518558,0 -71.53855146575665,-16.37983544134293,0 -71.53851661705869,-16.37980394518284,0 -71.53848791395174,-16.37980198236493,0 -71.53840979687418,-16.37982758301116,0 -71.53836029305434,-16.37985127008225,0 -71.53792878767959,-16.37962130538143,0 -71.53806792620968,-16.37939035856819,0 -71.53839574472191,-16.37957315639722,0 
							</coordinates>
						</LinearRing>
					</outerBoundaryIs>
				</Polygon>
			</Placemark>
			<Placemark>
				<name>1.3.21-7</name>
				<styleUrl>#msn_ylw-pushpin080</styleUrl>
				<Polygon>
					<tessellate>1</tessellate>
					<outerBoundaryIs>
						<LinearRing>
							<coordinates>
								-71.53777301009015,-16.37917919571259,0 -71.5378997170521,-16.3791066536651,0 -71.53810696701001,-16.37922679358636,0 -71.53796678476,-16.37945814681524,0 -71.5377737042645,-16.37933256057718,0 -71.53777301009015,-16.37917919571259,0 
							</coordinates>
						</LinearRing>
					</outerBoundaryIs>
				</Polygon>
			</Placemark>
			<Placemark>
				<name>1.3.21-8</name>
				<styleUrl>#msn_ylw-pushpin080</styleUrl>
				<Polygon>
					<tessellate>1</tessellate>
					<outerBoundaryIs>
						<LinearRing>
							<coordinates>
								-71.53820549823409,-16.37911888546868,0 -71.53814456179839,-16.3791966172682,0 -71.53807905765322,-16.37916306199536,0 -71.53800972935346,-16.37909794010323,0 -71.53793899215789,-16.37901454123555,0 -71.53791991604385,-16.37896532189485,0 -71.5379272632955,-16.37874358718979,0 -71.53810312703519,-16.37865690391464,0 -71.5380992390848,-16.37892553272886,0 -71.53812719630412,-16.37900419955412,0 -71.53820549823409,-16.37911888546868,0 
							</coordinates>
						</LinearRing>
					</outerBoundaryIs>
				</Polygon>
			</Placemark>
			<Placemark>
				<name>1.3.21-9</name>
				<styleUrl>#msn_ylw-pushpin080</styleUrl>
				<Polygon>
					<tessellate>1</tessellate>
					<outerBoundaryIs>
						<LinearRing>
							<coordinates>
								-71.53770121857117,-16.38078217665862,0 -71.53772036572232,-16.38096039163011,0 -71.53733562655523,-16.38100841398851,0 -71.53720031060429,-16.38051337690196,0 -71.53702134718039,-16.38034985206285,0 -71.53684395342263,-16.37990490444161,0 -71.53693634674826,-16.37983392404462,0 -71.53706701127582,-16.37997973658274,0 -71.53722330120029,-16.38006874869939,0 -71.53751780671156,-16.38029357397019,0 -71.53759411834821,-16.38025107010809,0 -71.53765750700269,-16.38034316801414,0 -71.53771413474726,-16.38047497749998,0 -71.53770121857117,-16.38078217665862,0 
							</coordinates>
						</LinearRing>
					</outerBoundaryIs>
				</Polygon>
			</Placemark>
			<Placemark>
				<name>1.3.21-10</name>
				<styleUrl>#msn_ylw-pushpin080</styleUrl>
				<Polygon>
					<tessellate>1</tessellate>
					<outerBoundaryIs>
						<LinearRing>
							<coordinates>
								-71.5362114136794,-16.3807925109044,0 -71.53635509874265,-16.38093348632338,0 -71.53623104117506,-16.38108729717685,0 -71.53622806159892,-16.3813306743514,0 -71.53583565060417,-16.38141085358209,0 -71.53575631235154,-16.38106299361117,0 -71.5355522641423,-16.38044820130435,0 -71.53551121933722,-16.38016220311245,0 -71.53599564828255,-16.3799905058424,0 -71.5362114136794,-16.3807925109044,0 
							</coordinates>
						</LinearRing>
					</outerBoundaryIs>
				</Polygon>
			</Placemark>
			<Placemark>
				<name>1.3.21-11</name>
				<styleUrl>#msn_ylw-pushpin080</styleUrl>
				<Polygon>
					<tessellate>1</tessellate>
					<outerBoundaryIs>
						<LinearRing>
							<coordinates>
								-71.53630667853994,-16.38104741988321,0 -71.53642377798788,-16.38093718614391,0 -71.53652412502532,-16.38129208575647,0 -71.53628157935636,-16.38137756485817,0 -71.53630667853994,-16.38104741988321,0 
							</coordinates>
						</LinearRing>
					</outerBoundaryIs>
				</Polygon>
			</Placemark>
			<Placemark>
				<name>1.3.21-12</name>
				<styleUrl>#msn_ylw-pushpin080</styleUrl>
				<Polygon>
					<tessellate>1</tessellate>
					<outerBoundaryIs>
						<LinearRing>
							<coordinates>
								-71.53545499575374,-16.38156327312754,0 -71.53515148329764,-16.38048811693317,0 -71.53505380414589,-16.38050886017504,0 -71.5348777292093,-16.37997822733182,0 -71.53536170734077,-16.37979702640527,0 -71.53548377897779,-16.38013662119301,0 -71.53546884360637,-16.38034286770738,0 -71.53577720521947,-16.38143675402985,0 -71.53545499575374,-16.38156327312754,0 
							</coordinates>
						</LinearRing>
					</outerBoundaryIs>
				</Polygon>
			</Placemark>
			<Placemark>
				<name>1.3.21-13</name>
				<styleUrl>#msn_ylw-pushpin080</styleUrl>
				<Polygon>
					<tessellate>1</tessellate>
					<outerBoundaryIs>
						<LinearRing>
							<coordinates>
								-71.53446401915728,-16.37955618049145,0 -71.53457181163871,-16.37954657890162,0 -71.53475391194158,-16.38018446611182,0 -71.53475474041973,-16.38019437336957,0 -71.53496865926154,-16.3806126251847,0 -71.53504492274554,-16.38088130980993,0 -71.5351161629814,-16.38141692628461,0 -71.53525332159785,-16.3816557870355,0 -71.53472446505052,-16.38186062503813,0 -71.53446401915728,-16.37955618049145,0 
							</coordinates>
						</LinearRing>
					</outerBoundaryIs>
				</Polygon>
			</Placemark>
			<Placemark>
				<name>1.3.21-14</name>
				<styleUrl>#msn_ylw-pushpin080</styleUrl>
				<Polygon>
					<tessellate>1</tessellate>
					<outerBoundaryIs>
						<LinearRing>
							<coordinates>
								-71.53634570826604,-16.37905457029818,0 -71.53617095851705,-16.37876710459318,0 -71.536328144789,-16.3787399711612,0 -71.53644314897512,-16.37879722666892,0 -71.53648385058855,-16.37897631683891,0 -71.53653652909556,-16.37924090123952,0 -71.53677072225192,-16.37975460376146,0 -71.53669176873976,-16.37981126222629,0 -71.53634570826604,-16.37905457029818,0 
							</coordinates>
						</LinearRing>
					</outerBoundaryIs>
				</Polygon>
			</Placemark>
			<Placemark>
				<name>1.3.21-15</name>
				<styleUrl>#msn_ylw-pushpin080</styleUrl>
				<Polygon>
					<tessellate>1</tessellate>
					<outerBoundaryIs>
						<LinearRing>
							<coordinates>
								-71.53613459849605,-16.37874262265241,0 -71.53562018513692,-16.37894493917562,0 -71.53565148823782,-16.37847435307688,0 -71.5358699884865,-16.37841883076392,0 -71.53600321304577,-16.37853719436698,0 -71.53613459849605,-16.37874262265241,0 
							</coordinates>
						</LinearRing>
					</outerBoundaryIs>
				</Polygon>
			</Placemark>
			<Placemark>
				<name>1.3.21-16</name>
				<styleUrl>#msn_ylw-pushpin080</styleUrl>
				<Polygon>
					<tessellate>1</tessellate>
					<outerBoundaryIs>
						<LinearRing>
							<coordinates>
								-71.53481901497437,-16.37790291122022,0 -71.53560448059569,-16.37789167631252,0 -71.53568877156947,-16.37824386417658,0 -71.53549877249149,-16.37827043199714,0 -71.53505421384384,-16.37828614077212,0 -71.53487448297396,-16.37818899155401,0 -71.53481901497437,-16.37790291122022,0 
							</coordinates>
						</LinearRing>
					</outerBoundaryIs>
				</Polygon>
			</Placemark>
			<Placemark>
				<name>1.3.21-17</name>
				<styleUrl>#msn_ylw-pushpin080</styleUrl>
				<Polygon>
					<tessellate>1</tessellate>
					<outerBoundaryIs>
						<LinearRing>
							<coordinates>
								-71.53469865839473,-16.37711003387116,0 -71.53515836788712,-16.37706263489977,0 -71.53514828702339,-16.37784595730694,0 -71.53462478027713,-16.3778655508761,0 -71.53469865839473,-16.37711003387116,0 
							</coordinates>
						</LinearRing>
					</outerBoundaryIs>
				</Polygon>
			</Placemark>
			<Placemark>
				<name>1.3.21-18</name>
				<styleUrl>#msn_ylw-pushpin080</styleUrl>
				<Polygon>
					<tessellate>1</tessellate>
					<outerBoundaryIs>
						<LinearRing>
							<coordinates>
								-71.53669982617619,-16.37846962553223,0 -71.53682943821769,-16.37866096379711,0 -71.53693131925921,-16.37883002844389,0 -71.53694749410107,-16.37907005014324,0 -71.53676126459966,-16.37908995043089,0 -71.53667107407439,-16.37925106041619,0 -71.53659170938963,-16.37903158105037,0 -71.5365764208066,-16.37886081198379,0 -71.53640164993459,-16.37868452888423,0 -71.53622056143678,-16.37871051030549,0 -71.53591731544941,-16.37837043731704,0 -71.53624691448879,-16.37823923049594,0 -71.53671778152747,-16.37817192137468,0 -71.53669982617619,-16.37846962553223,0 
							</coordinates>
						</LinearRing>
					</outerBoundaryIs>
				</Polygon>
			</Placemark>
			<Placemark>
				<name>1.3.21-19</name>
				<styleUrl>#msn_ylw-pushpin080</styleUrl>
				<Polygon>
					<tessellate>1</tessellate>
					<outerBoundaryIs>
						<LinearRing>
							<coordinates>
								-71.53676342126511,-16.37764764522504,0 -71.53650299082611,-16.37770339862326,0 -71.5366179396643,-16.37708967822947,0 -71.53664039339876,-16.3766456791198,0 -71.53688376469385,-16.37668474819884,0 -71.53676342126511,-16.37764764522504,0 
							</coordinates>
						</LinearRing>
					</outerBoundaryIs>
				</Polygon>
			</Placemark>
			<Placemark>
				<name>1.3.34-1</name>
				<styleUrl>#msn_ylw-pushpin080</styleUrl>
				<Polygon>
					<tessellate>1</tessellate>
					<outerBoundaryIs>
						<LinearRing>
							<coordinates>
								-71.53796375210639,-16.37323912779346,0 -71.53798769228341,-16.37344042150081,0 -71.53840975060977,-16.37351521960579,0 -71.53845258890327,-16.37366950204449,0 -71.53823187696111,-16.37358333925726,0 -71.53796566211111,-16.37357653017323,0 -71.53797033497932,-16.37351125093002,0 -71.53774427502638,-16.3735455036698,0 -71.53774564991251,-16.37348975665828,0 -71.53744167410055,-16.3735215465961,0 -71.53750126094063,-16.3732806924815,0 -71.53796375210639,-16.37323912779346,0 
							</coordinates>
						</LinearRing>
					</outerBoundaryIs>
				</Polygon>
			</Placemark>
			<Placemark>
				<name>1.3.34-2</name>
				<styleUrl>#msn_ylw-pushpin080</styleUrl>
				<Polygon>
					<tessellate>1</tessellate>
					<outerBoundaryIs>
						<LinearRing>
							<coordinates>
								-71.53757417971833,-16.37287710753543,0 -71.53743518992002,-16.37329073152883,0 -71.53737375913815,-16.3735220753521,0 -71.53696921263858,-16.37338518295915,0 -71.53695139663085,-16.37333881786519,0 -71.53704145974842,-16.37309124958746,0 -71.53709094801407,-16.37283493889286,0 -71.53757417971833,-16.37287710753543,0 
							</coordinates>
						</LinearRing>
					</outerBoundaryIs>
				</Polygon>
			</Placemark>
			<Placemark>
				<name>1.3.34-3</name>
				<styleUrl>#msn_ylw-pushpin080</styleUrl>
				<Polygon>
					<tessellate>1</tessellate>
					<outerBoundaryIs>
						<LinearRing>
							<coordinates>
								-71.53796088818866,-16.37318613047575,0 -71.53751765489393,-16.37323564733778,0 -71.53752961488311,-16.37312714954099,0 -71.53762399516668,-16.37288205685925,0 -71.53791429609426,-16.3728478017756,0 -71.53796088818866,-16.37318613047575,0 
							</coordinates>
						</LinearRing>
					</outerBoundaryIs>
				</Polygon>
			</Placemark>
			<Placemark>
				<name>1.3.34-4</name>
				<styleUrl>#msn_ylw-pushpin080</styleUrl>
				<Polygon>
					<tessellate>1</tessellate>
					<outerBoundaryIs>
						<LinearRing>
							<coordinates>
								-71.53842594528794,-16.37348094685125,0 -71.53802562912817,-16.37338860160406,0 -71.53797207540899,-16.37282857600631,0 -71.53822165596833,-16.37274364023829,0 -71.53842594528794,-16.37348094685125,0 
							</coordinates>
						</LinearRing>
					</outerBoundaryIs>
				</Polygon>
			</Placemark>
			<Placemark>
				<name>1.3.34-5</name>
				<styleUrl>#msn_ylw-pushpin080</styleUrl>
				<Polygon>
					<tessellate>1</tessellate>
					<outerBoundaryIs>
						<LinearRing>
							<coordinates>
								-71.53822143374434,-16.37270968091559,0 -71.53795965342189,-16.37278585874018,0 -71.53787899647861,-16.37240606646457,0 -71.53809066655883,-16.37235893935932,0 -71.53822143374434,-16.37270968091559,0 
							</coordinates>
						</LinearRing>
					</outerBoundaryIs>
				</Polygon>
			</Placemark>
			<Placemark>
				<name>1.3.34-7</name>
				<styleUrl>#msn_ylw-pushpin080</styleUrl>
				<Polygon>
					<tessellate>1</tessellate>
					<outerBoundaryIs>
						<LinearRing>
							<coordinates>
								-71.53791912993258,-16.37280444238619,0 -71.53765929467261,-16.37284134316381,0 -71.53763842217317,-16.37282892176966,0 -71.537711322565,-16.37245129541784,0 -71.53783261416497,-16.37242619098553,0 -71.53791912993258,-16.37280444238619,0 
							</coordinates>
						</LinearRing>
					</outerBoundaryIs>
				</Polygon>
			</Placemark>
			<Placemark>
				<name>1.3.34-8</name>
				<styleUrl>#msn_ylw-pushpin080</styleUrl>
				<Polygon>
					<tessellate>1</tessellate>
					<outerBoundaryIs>
						<LinearRing>
							<coordinates>
								-71.53724312290257,-16.37238514973945,0 -71.53763644924994,-16.3724175363499,0 -71.53763741433275,-16.37262158998581,0 -71.53758704194502,-16.37284181247406,0 -71.53714029578741,-16.37280758899611,0 -71.53713549415237,-16.37278752051446,0 -71.53724312290257,-16.37238514973945,0 
							</coordinates>
						</LinearRing>
					</outerBoundaryIs>
				</Polygon>
			</Placemark>
			<Placemark>
				<name>1.3.34-10</name>
				<styleUrl>#msn_ylw-pushpin080</styleUrl>
				<Polygon>
					<tessellate>1</tessellate>
					<outerBoundaryIs>
						<LinearRing>
							<coordinates>
								-71.53699389651388,-16.3718253494126,0 -71.537213802582,-16.37134918871185,0 -71.53732499909958,-16.37131657449865,0 -71.53737891902499,-16.37148248329059,0 -71.53719919507488,-16.37189781012838,0 -71.53699389651388,-16.3718253494126,0 
							</coordinates>
						</LinearRing>
					</outerBoundaryIs>
				</Polygon>
			</Placemark>
			<Placemark>
				<name>1.3.34-12</name>
				<styleUrl>#msn_ylw-pushpin080</styleUrl>
				<Polygon>
					<tessellate>1</tessellate>
					<outerBoundaryIs>
						<LinearRing>
							<coordinates>
								-71.53754463000149,-16.37153206559401,0 -71.53767614393445,-16.37090355874242,0 -71.53779315625926,-16.37086468129045,0 -71.53786936981516,-16.37089620745955,0 -71.5379520891499,-16.37118183258202,0 -71.53802070140115,-16.37136218568525,0 -71.53805617140303,-16.37154785975483,0 -71.53806607776339,-16.37171228275212,0 -71.5380105880965,-16.37195406916397,0 -71.53801770990476,-16.37206372799319,0 -71.53792458791037,-16.37207561821377,0 -71.53766142979853,-16.37204660652933,0 -71.5376536987488,-16.37212427237418,0 -71.53734076135704,-16.37208549975109,0 -71.53754463000149,-16.37153206559401,0 
							</coordinates>
						</LinearRing>
					</outerBoundaryIs>
				</Polygon>
			</Placemark>
			<Placemark>
				<name>1.3.34-13</name>
				<styleUrl>#msn_ylw-pushpin080</styleUrl>
				<Polygon>
					<tessellate>1</tessellate>
					<outerBoundaryIs>
						<LinearRing>
							<coordinates>
								-71.53876474297964,-16.37075951799168,0 -71.53882577581298,-16.3707021422023,0 -71.53912971633386,-16.37081055134562,0 -71.53908998970383,-16.3708710058726,0 -71.53901392301103,-16.37097172649204,0 -71.53886215527429,-16.37085580571117,0 -71.53876901352095,-16.37095486106435,0 -71.5386095992662,-16.37080911598499,0 -71.53858547738403,-16.37070358886507,0 -71.53876474297964,-16.37075951799168,0 
							</coordinates>
						</LinearRing>
					</outerBoundaryIs>
				</Polygon>
			</Placemark>
			<Placemark>
				<name>1.3.34-14</name>
				<styleUrl>#msn_ylw-pushpin080</styleUrl>
				<Polygon>
					<tessellate>1</tessellate>
					<outerBoundaryIs>
						<LinearRing>
							<coordinates>
								-71.53813843381531,-16.37109934044269,0 -71.53818784779102,-16.37127526142998,0 -71.5382453905616,-16.37146532324022,0 -71.53826241748136,-16.37162922453652,0 -71.53827408224083,-16.37184668794724,0 -71.53819726936494,-16.37203580218781,0 -71.53818885612586,-16.37208874967674,0 -71.53837579367973,-16.37230629208791,0 -71.53814832108819,-16.37236510114921,0 -71.53808730542083,-16.37217752789187,0 -71.5380440999221,-16.3720251881053,0 -71.5380571166948,-16.37194832233869,0 -71.53809615448655,-16.37180719116393,0 -71.53811545515944,-16.37172638426505,0 -71.53811194776152,-16.37163109359907,0 -71.53809862783672,-16.37148877214176,0 -71.53806602962401,-16.37130842700705,0 -71.53799202824143,-16.37108648308723,0 -71.53791985131504,-16.37090877805004,0 -71.53798870519532,-16.37087741265837,0 -71.53813843381531,-16.37109934044269,0 
							</coordinates>
						</LinearRing>
					</outerBoundaryIs>
				</Polygon>
			</Placemark>
			<Placemark>
				<name>1.3.34-15</name>
				<styleUrl>#msn_ylw-pushpin080</styleUrl>
				<Polygon>
					<tessellate>1</tessellate>
					<outerBoundaryIs>
						<LinearRing>
							<coordinates>
								-71.53735647525339,-16.37398699292226,0 -71.53734957404559,-16.37408997061408,0 -71.53717847030234,-16.37430285698187,0 -71.5371027426127,-16.37449656916521,0 -71.53702011795566,-16.37506089932883,0 -71.53704862950622,-16.37522128135036,0 -71.5367523651111,-16.37499557957105,0 -71.53657709415621,-16.37470251849156,0 -71.53651649510837,-16.37449310473411,0 -71.53653190967998,-16.37423323819543,0 -71.53665115758105,-16.3739158018717,0 -71.53686251509606,-16.37404589279707,0 -71.53708085764788,-16.37389172864957,0 -71.53718458548904,-16.37373630202638,0 -71.53724226107263,-16.37376855390717,0 -71.53731590438596,-16.37376868020893,0 -71.53735647525339,-16.37398699292226,0 
							</coordinates>
						</LinearRing>
					</outerBoundaryIs>
				</Polygon>
			</Placemark>
			<Placemark>
				<name>1.3.34-16</name>
				<styleUrl>#msn_ylw-pushpin080</styleUrl>
				<Polygon>
					<tessellate>1</tessellate>
					<outerBoundaryIs>
						<LinearRing>
							<coordinates>
								-71.53815806512983,-16.37240212751008,0 -71.53846453516843,-16.37231268035149,0 -71.53845924822268,-16.37245269356537,0 -71.53848324140718,-16.37259334567153,0 -71.53870919049386,-16.37275648125351,0 -71.53881364764382,-16.37315910704342,0 -71.53881769537725,-16.37340140126977,0 -71.53881574585721,-16.3735866669608,0 -71.53878491749761,-16.37368456749042,0 -71.5387873992651,-16.37377417517751,0 -71.53875753917106,-16.37396879493582,0 -71.53866750286903,-16.37399318736882,0 -71.53815806512983,-16.37240212751008,0 
							</coordinates>
						</LinearRing>
					</outerBoundaryIs>
				</Polygon>
			</Placemark>
			<Placemark>
				<name>1.3.34-17</name>
				<styleUrl>#msn_ylw-pushpin080</styleUrl>
				<Polygon>
					<tessellate>1</tessellate>
					<outerBoundaryIs>
						<LinearRing>
							<coordinates>
								-71.53995426383828,-16.37248743068707,0 -71.54009728953282,-16.37250281776822,0 -71.5403198607404,-16.37228798261022,0 -71.54039745836781,-16.37238519115705,0 -71.5403972382905,-16.37256621885393,0 -71.54002250522056,-16.37267192975731,0 -71.53995426383828,-16.37248743068707,0 
							</coordinates>
						</LinearRing>
					</outerBoundaryIs>
				</Polygon>
			</Placemark>
			<Placemark>
				<name>1.3.34-18</name>
				<styleUrl>#msn_ylw-pushpin080</styleUrl>
				<Polygon>
					<tessellate>1</tessellate>
					<outerBoundaryIs>
						<LinearRing>
							<coordinates>
								-71.54014608513546,-16.37332571110992,0 -71.53998421509688,-16.37343743731068,0 -71.53999003351527,-16.37372662809135,0 -71.53986946232543,-16.37372668653662,0 -71.53980972067433,-16.37333492315699,0 -71.53991935831715,-16.37324575801956,0 -71.54001996400046,-16.37314237575151,0 -71.54014608513546,-16.37332571110992,0 
							</coordinates>
						</LinearRing>
					</outerBoundaryIs>
				</Polygon>
			</Placemark>
			<Placemark>
				<name>1.3.34-19</name>
				<styleUrl>#msn_ylw-pushpin080</styleUrl>
				<Polygon>
					<tessellate>1</tessellate>
					<outerBoundaryIs>
						<LinearRing>
							<coordinates>
								-71.54083847351323,-16.37642433428449,0 -71.54092751710783,-16.37643632377258,0 -71.5409069362815,-16.37671299684317,0 -71.54077769929016,-16.37666644621525,0 -71.54083847351323,-16.37642433428449,0 
							</coordinates>
						</LinearRing>
					</outerBoundaryIs>
				</Polygon>
			</Placemark>
			<Placemark>
				<name>1.3.34-20</name>
				<styleUrl>#msn_ylw-pushpin080</styleUrl>
				<Polygon>
					<tessellate>1</tessellate>
					<outerBoundaryIs>
						<LinearRing>
							<coordinates>
								-71.54073683726533,-16.37633508343142,0 -71.54065400782842,-16.37620995838028,0 -71.540650194261,-16.37608475017943,0 -71.54057246097634,-16.37598583550674,0 -71.54044679639966,-16.37586821254762,0 -71.54036235572198,-16.37572245349236,0 -71.54039187105157,-16.37544654153938,0 -71.54041965289582,-16.37518782248142,0 -71.54053088957573,-16.37514615212474,0 -71.54060503522153,-16.37530839311927,0 -71.54066571413937,-16.37550197369626,0 -71.54071246763769,-16.3757207767101,0 -71.54073489861428,-16.3758972542823,0 -71.54080094898845,-16.37601672608572,0 -71.54085691036181,-16.37614408607079,0 -71.54084241493969,-16.37621402421309,0 -71.54080720045697,-16.37627774783752,0 -71.5407948018874,-16.37631343828884,0 -71.54073683726533,-16.37633508343142,0 
							</coordinates>
						</LinearRing>
					</outerBoundaryIs>
				</Polygon>
			</Placemark>
			<Placemark>
				<name>1.3.34-21</name>
				<styleUrl>#msn_ylw-pushpin080</styleUrl>
				<Polygon>
					<tessellate>1</tessellate>
					<outerBoundaryIs>
						<LinearRing>
							<coordinates>
								-71.5416618259197,-16.37533902485526,0 -71.54173591867931,-16.37586401422646,0 -71.54088384553407,-16.37614807932179,0 -71.54076378920895,-16.37573264288476,0 -71.5416618259197,-16.37533902485526,0 
							</coordinates>
						</LinearRing>
					</outerBoundaryIs>
				</Polygon>
			</Placemark>
			<Placemark>
				<name>1.3.34-22</name>
				<styleUrl>#msn_ylw-pushpin080</styleUrl>
				<Polygon>
					<tessellate>1</tessellate>
					<outerBoundaryIs>
						<LinearRing>
							<coordinates>
								-71.54051125746369,-16.37436944994693,0 -71.54054743967652,-16.37443522949952,0 -71.54056313848358,-16.37455604688604,0 -71.5405806209401,-16.37464687878515,0 -71.54045469870219,-16.37463700578385,0 -71.54048043496638,-16.37443218100982,0 -71.54051125746369,-16.37436944994693,0 
							</coordinates>
						</LinearRing>
					</outerBoundaryIs>
				</Polygon>
			</Placemark>
			<Placemark>
				<name>1.3.34-23</name>
				<styleUrl>#msn_ylw-pushpin080</styleUrl>
				<Polygon>
					<tessellate>1</tessellate>
					<outerBoundaryIs>
						<LinearRing>
							<coordinates>
								-71.53356264917383,-16.37488852421146,0 -71.53357662626198,-16.3746862638794,0 -71.53371207589738,-16.37444225257835,0 -71.53381532809476,-16.37445341936037,0 -71.53414654797793,-16.37458396927914,0 -71.53414013700532,-16.37471176580893,0 -71.53391840518377,-16.37477546561327,0 -71.53377347794914,-16.37480178141726,0 -71.5337329843891,-16.37489582032838,0 -71.53379150030756,-16.37522437920632,0 -71.53369225940199,-16.37524452389432,0 -71.53356264917383,-16.37488852421146,0 
							</coordinates>
						</LinearRing>
					</outerBoundaryIs>
				</Polygon>
			</Placemark>
			<Placemark>
				<name>1.3.34-24</name>
				<styleUrl>#msn_ylw-pushpin080</styleUrl>
				<Polygon>
					<tessellate>1</tessellate>
					<outerBoundaryIs>
						<LinearRing>
							<coordinates>
								-71.53536234063735,-16.37095585733483,0 -71.53550536875402,-16.37096215926845,0 -71.53550476247958,-16.37117777649187,0 -71.53533589419942,-16.37115319925866,0 -71.53536234063735,-16.37095585733483,0 
							</coordinates>
						</LinearRing>
					</outerBoundaryIs>
				</Polygon>
			</Placemark>
			<Placemark>
				<name>1.3.10-1</name>
				<styleUrl>#msn_ylw-pushpin080</styleUrl>
				<Polygon>
					<tessellate>1</tessellate>
					<outerBoundaryIs>
						<LinearRing>
							<coordinates>
								-71.55091625947831,-16.38069051648974,0 -71.55076356535858,-16.38077673041028,0 -71.55061709459696,-16.38087785642729,0 -71.55061390846195,-16.38091459981083,0 -71.55027791270402,-16.38108943153767,0 -71.55034524050414,-16.3813265127141,0 -71.5503161843103,-16.38134907126759,0 -71.55020129995413,-16.38134068347641,0 -71.55007128741462,-16.38109168651126,0 -71.54955548692978,-16.38135431298201,0 -71.54966625207663,-16.380999986726,0 -71.54994984769402,-16.38084615067436,0 -71.55020414725334,-16.38070397153929,0 -71.5504431235295,-16.38056531177761,0 -71.55064412147729,-16.38050362458591,0 -71.55078301925496,-16.38051510185555,0 -71.55111726774409,-16.38053406688172,0 -71.55109788426566,-16.38063796428963,0 -71.55091625947831,-16.38069051648974,0 
							</coordinates>
						</LinearRing>
					</outerBoundaryIs>
				</Polygon>
			</Placemark>
			<Placemark>
				<name>1.3.10-2</name>
				<styleUrl>#msn_ylw-pushpin080</styleUrl>
				<Polygon>
					<tessellate>1</tessellate>
					<outerBoundaryIs>
						<LinearRing>
							<coordinates>
								-71.55008107440489,-16.38122621254837,0 -71.55014271531383,-16.38134396448713,0 -71.54958190090363,-16.38161568409893,0 -71.5495381509822,-16.38153653413874,0 -71.54957079514882,-16.38147273097756,0 -71.55008107440489,-16.38122621254837,0 
							</coordinates>
						</LinearRing>
					</outerBoundaryIs>
				</Polygon>
			</Placemark>
			<Placemark>
				<name>1.3.10-3</name>
				<styleUrl>#msn_ylw-pushpin080</styleUrl>
				<Polygon>
					<tessellate>1</tessellate>
					<outerBoundaryIs>
						<LinearRing>
							<coordinates>
								-71.54940032720307,-16.3819123433912,0 -71.54945181918973,-16.38168101440462,0 -71.54952507766451,-16.38168229527857,0 -71.5496076183781,-16.38165749001782,0 -71.55003141510809,-16.38143280505567,0 -71.55016536258714,-16.38136897304737,0 -71.55030457402125,-16.38137492720595,0 -71.55039314645889,-16.38141817452948,0 -71.55040406907274,-16.38151177859078,0 -71.55040771228175,-16.38161878647227,0 -71.55026978806207,-16.38167664880607,0 -71.55027584793532,-16.38172328582085,0 -71.5499246483807,-16.38178706511362,0 -71.54982216536941,-16.38185898861767,0 -71.54978808292779,-16.38194690132481,0 -71.54940032720307,-16.3819123433912,0 
							</coordinates>
						</LinearRing>
					</outerBoundaryIs>
				</Polygon>
			</Placemark>
			<Placemark>
				<name>1.3.10-4</name>
				<styleUrl>#msn_ylw-pushpin080</styleUrl>
				<Polygon>
					<tessellate>1</tessellate>
					<outerBoundaryIs>
						<LinearRing>
							<coordinates>
								-71.55062940081289,-16.38193604793593,0 -71.55065981073824,-16.38202030952433,0 -71.55060788785471,-16.38208531303926,0 -71.5503253863515,-16.38210907899761,0 -71.55030806606158,-16.38200851620374,0 -71.55034637115405,-16.38183973508008,0 -71.5505506487072,-16.38179805925721,0 -71.55062940081289,-16.38193604793593,0 
							</coordinates>
						</LinearRing>
					</outerBoundaryIs>
				</Polygon>
			</Placemark>
			<Placemark>
				<name>1.3.11-1</name>
				<styleUrl>#msn_ylw-pushpin080</styleUrl>
				<Polygon>
					<tessellate>1</tessellate>
					<outerBoundaryIs>
						<LinearRing>
							<coordinates>
								-71.5485059039257,-16.38185430362143,0 -71.54820710564294,-16.38215377124057,0 -71.54812309581392,-16.38217172312738,0 -71.54794058666634,-16.38151997271158,0 -71.54834249610619,-16.38139834227021,0 -71.5485059039257,-16.38185430362143,0 
							</coordinates>
						</LinearRing>
					</outerBoundaryIs>
				</Polygon>
			</Placemark>
			<Placemark>
				<name>1.3.11-2</name>
				<styleUrl>#msn_ylw-pushpin080</styleUrl>
				<Polygon>
					<tessellate>1</tessellate>
					<outerBoundaryIs>
						<LinearRing>
							<coordinates>
								-71.54895826726252,-16.38177185054114,0 -71.54891868837201,-16.38174202830111,0 -71.54887502391918,-16.38171026508799,0 -71.54881090031954,-16.3816924146663,0 -71.54874271576925,-16.38168447610081,0 -71.54867670435331,-16.38171821849596,0 -71.5486229285938,-16.38176603629717,0 -71.54856894364057,-16.38178004257213,0 -71.54841156250215,-16.38136650639014,0 -71.54876832228516,-16.38124660636363,0 -71.54895826726252,-16.38177185054114,0 
							</coordinates>
						</LinearRing>
					</outerBoundaryIs>
				</Polygon>
			</Placemark>
			<Placemark>
				<name>1.3.11-3</name>
				<styleUrl>#msn_ylw-pushpin080</styleUrl>
				<Polygon>
					<tessellate>1</tessellate>
					<outerBoundaryIs>
						<LinearRing>
							<coordinates>
								-71.54955476591647,-16.38100382304123,0 -71.54938736781784,-16.38155111257461,0 -71.54924864583904,-16.38194873294536,0 -71.54908158715556,-16.38190391576573,0 -71.54892372661359,-16.3814142615632,0 -71.54885286231365,-16.38121698461743,0 -71.54955476591647,-16.38100382304123,0 
							</coordinates>
						</LinearRing>
					</outerBoundaryIs>
				</Polygon>
			</Placemark>
			<Placemark>
				<name>1.3.11-4</name>
				<styleUrl>#msn_ylw-pushpin080</styleUrl>
				<Polygon>
					<tessellate>1</tessellate>
					<outerBoundaryIs>
						<LinearRing>
							<coordinates>
								-71.54822745139698,-16.38094391947999,0 -71.5482624103409,-16.38114505580817,0 -71.54830362143657,-16.38130494739063,0 -71.54792170818902,-16.38145119736134,0 -71.54781846032483,-16.38115183428711,0 -71.54784201354693,-16.38110491480653,0 -71.54786975880184,-16.38107227792161,0 -71.54822745139698,-16.38094391947999,0 
							</coordinates>
						</LinearRing>
					</outerBoundaryIs>
				</Polygon>
			</Placemark>
			<Placemark>
				<name>1.3.11-5</name>
				<styleUrl>#msn_ylw-pushpin080</styleUrl>
				<Polygon>
					<tessellate>1</tessellate>
					<outerBoundaryIs>
						<LinearRing>
							<coordinates>
								-71.548292025997,-16.37933415103987,0 -71.54849614387992,-16.37987067875848,0 -71.54825850769851,-16.38069479195418,0 -71.54810745487337,-16.38023501628821,0 -71.54809667622794,-16.38015264529281,0 -71.54810465543599,-16.38007804544032,0 -71.54812868235868,-16.38000094519213,0 -71.54814728626461,-16.37991882201971,0 -71.5480311334874,-16.37941641353725,0 -71.548292025997,-16.37933415103987,0 
							</coordinates>
						</LinearRing>
					</outerBoundaryIs>
				</Polygon>
			</Placemark>
			<Placemark>
				<name>1.3.11-6</name>
				<styleUrl>#msn_ylw-pushpin080</styleUrl>
				<Polygon>
					<tessellate>1</tessellate>
					<outerBoundaryIs>
						<LinearRing>
							<coordinates>
								-71.54874206277459,-16.38116660706974,0 -71.54840119209123,-16.38128173999445,0 -71.54832796667833,-16.3810550818546,0 -71.54831571182237,-16.38091669243584,0 -71.54832975837417,-16.38077886958613,0 -71.54836241646613,-16.38063805578462,0 -71.54843662350679,-16.3804296595951,0 -71.54848103635369,-16.38027188906988,0 -71.54855851904976,-16.38002154212639,0 -71.5485836344653,-16.37987205000591,0 -71.54856568399281,-16.37978571456324,0 -71.54844985035848,-16.37953986816297,0 -71.54838556618108,-16.37938418178572,0 -71.54835367584433,-16.37928398593209,0 -71.54901582362865,-16.37906822653466,0 -71.54898421749634,-16.37972247541254,0 -71.54891064150556,-16.38014429075425,0 -71.54879353212124,-16.38050512289447,0 -71.5487285618576,-16.38072049993926,0 -71.54870084405479,-16.3808758391074,0 -71.54874206277459,-16.38116660706974,0 
							</coordinates>
						</LinearRing>
					</outerBoundaryIs>
				</Polygon>
			</Placemark>
			<Placemark>
				<name>1.3.11-7</name>
				<styleUrl>#msn_ylw-pushpin080</styleUrl>
				<Polygon>
					<tessellate>1</tessellate>
					<outerBoundaryIs>
						<LinearRing>
							<coordinates>
								-71.54935969638437,-16.38018308029167,0 -71.54923600675717,-16.38055720565794,0 -71.5491677902163,-16.38075768459747,0 -71.54913123649268,-16.38086771000867,0 -71.54913161198269,-16.38093085456499,0 -71.54915080031132,-16.38101453575702,0 -71.54915565708923,-16.38103951336745,0 -71.54893314376061,-16.38110219498432,0 -71.54881050561632,-16.38113728407491,0 -71.54878014380012,-16.38101630648655,0 -71.5487710255787,-16.38092084351266,0 -71.54877840401969,-16.38081675648062,0 -71.54880445425495,-16.38071098342735,0 -71.54885363367838,-16.3805813095446,0 -71.54889784785816,-16.38046100172717,0 -71.5489512163465,-16.38030770951388,0 -71.5489789799455,-16.38019908552922,0 -71.54901363330944,-16.38010401661542,0 -71.54935969638437,-16.38018308029167,0 
							</coordinates>
						</LinearRing>
					</outerBoundaryIs>
				</Polygon>
			</Placemark>
			<Placemark>
				<name>1.3.11-8</name>
				<styleUrl>#msn_ylw-pushpin080</styleUrl>
				<Polygon>
					<tessellate>1</tessellate>
					<outerBoundaryIs>
						<LinearRing>
							<coordinates>
								-71.54947570161049,-16.3789488398091,0 -71.549462999022,-16.37935870578417,0 -71.5494678512278,-16.37948187091348,0 -71.54944314825902,-16.37967135892317,0 -71.54939338128149,-16.37995008007,0 -71.54935728725677,-16.38012166924525,0 -71.54899665287628,-16.38005213368469,0 -71.54904769382243,-16.37985117247871,0 -71.54908001185622,-16.37970037408901,0 -71.54907998990396,-16.37947918164618,0 -71.54907766881037,-16.37928500627752,0 -71.54908224996771,-16.37916185144292,0 -71.54908223813834,-16.37905631631662,0 -71.54947570161049,-16.3789488398091,0 
							</coordinates>
						</LinearRing>
					</outerBoundaryIs>
				</Polygon>
			</Placemark>
			<Placemark>
				<name>1.3.11-9</name>
				<styleUrl>#msn_ylw-pushpin080</styleUrl>
				<Polygon>
					<tessellate>1</tessellate>
					<outerBoundaryIs>
						<LinearRing>
							<coordinates>
								-71.54963344642776,-16.38076945062676,0 -71.54961543384552,-16.38089404854377,0 -71.54924231339319,-16.38100011305876,0 -71.54923651219002,-16.38098333519841,0 -71.54922492049842,-16.3809423611109,0 -71.54922880883261,-16.38087730652178,0 -71.54927130919964,-16.38072895163898,0 -71.54937150954142,-16.3804239410831,0 -71.54944710263933,-16.38016781653182,0 -71.54980310364739,-16.38022412456518,0 -71.54963344642776,-16.38076945062676,0 
							</coordinates>
						</LinearRing>
					</outerBoundaryIs>
				</Polygon>
			</Placemark>
			<Placemark>
				<name>1.3.11-10</name>
				<styleUrl>#msn_ylw-pushpin080</styleUrl>
				<Polygon>
					<tessellate>1</tessellate>
					<outerBoundaryIs>
						<LinearRing>
							<coordinates>
								-71.54993150444737,-16.37881179102881,0 -71.54987034420871,-16.37953443112116,0 -71.54990576478765,-16.37965313232363,0 -71.54990297022077,-16.37970399526111,0 -71.5498820133125,-16.37980787582043,0 -71.54980514447632,-16.38021194244525,0 -71.54945096588985,-16.38015392307487,0 -71.5494787212272,-16.37999676962333,0 -71.54951156605172,-16.37982993646909,0 -71.54953442753713,-16.37960941719994,0 -71.5495599962403,-16.37929531158159,0 -71.54955261544595,-16.37903073341279,0 -71.54956038159176,-16.37891252438364,0 -71.54993150444737,-16.37881179102881,0 
							</coordinates>
						</LinearRing>
					</outerBoundaryIs>
				</Polygon>
			</Placemark>
			<Placemark>
				<name>1.3.11-11</name>
				<styleUrl>#msn_ylw-pushpin080</styleUrl>
				<Polygon>
					<tessellate>1</tessellate>
					<outerBoundaryIs>
						<LinearRing>
							<coordinates>
								-71.55060546930487,-16.37860494199788,0 -71.55064705594957,-16.37888738898801,0 -71.55076897036942,-16.37955892691925,0 -71.55076453771993,-16.37975964371737,0 -71.55075508425418,-16.37987179531459,0 -71.55076914879176,-16.38004691403558,0 -71.55089870113228,-16.38041682966206,0 -71.55069419206289,-16.38040997295657,0 -71.55055798355374,-16.38042471764222,0 -71.55042118330255,-16.38046299706204,0 -71.55028591596368,-16.38051918224398,0 -71.55010036046247,-16.380636279111,0 -71.54987161182002,-16.3807755656165,0 -71.54970230210154,-16.38086399277279,0 -71.54971051104702,-16.380832706355,0 -71.54974843250992,-16.38075202278832,0 -71.54978103464842,-16.38060971476034,0 -71.54983443277263,-16.38043814711718,0 -71.54989041734093,-16.38026138965165,0 -71.54994400444841,-16.37997545693072,0 -71.5499790519147,-16.37973420925473,0 -71.54998989947526,-16.37962738350805,0 -71.54994940515122,-16.37952676162407,0 -71.54997777192771,-16.37922839638756,0 -71.54999417696551,-16.37905081382575,0 -71.54999878237896,-16.37877942172814,0 -71.55060546930487,-16.37860494199788,0 
							</coordinates>
						</LinearRing>
					</outerBoundaryIs>
				</Polygon>
			</Placemark>
			<Placemark>
				<name>1.3.11-12</name>
				<styleUrl>#msn_ylw-pushpin080</styleUrl>
				<Polygon>
					<tessellate>1</tessellate>
					<outerBoundaryIs>
						<LinearRing>
							<coordinates>
								-71.55024118601246,-16.3786686924865,0 -71.5500965109477,-16.37812338946429,0 -71.55029954614042,-16.37811177913176,0 -71.5504886866552,-16.37857175906843,0 -71.55024118601246,-16.3786686924865,0 
							</coordinates>
						</LinearRing>
					</outerBoundaryIs>
				</Polygon>
			</Placemark>
			<Placemark>
				<name>1.3.22-3</name>
				<styleUrl>#msn_ylw-pushpin080</styleUrl>
				<Polygon>
					<tessellate>1</tessellate>
					<outerBoundaryIs>
						<LinearRing>
							<coordinates>
								-71.54551598520138,-16.38226529814708,0 -71.54532178104131,-16.38232671933919,0 -71.54498391542742,-16.38241679997086,0 -71.54471938442032,-16.38250629905668,0 -71.5447056020743,-16.38245321081704,0 -71.54466438116162,-16.38226520706059,0 -71.54463233062528,-16.38216811549615,0 -71.54463233764224,-16.38216590343124,0 -71.54463238654363,-16.38215042464621,0 -71.54463242143308,-16.38213937430875,0 -71.5446371118844,-16.38211504740637,0 -71.54463712544479,-16.38211063383623,0 -71.54464187451275,-16.38206431532713,0 -71.54462141723039,-16.38198301058424,0 -71.54458300330053,-16.38186905846785,0 -71.54449281557412,-16.38165118110686,0 -71.54469154946534,-16.38158692692473,0 -71.54494917396568,-16.38152772986729,0 -71.54528617749624,-16.38144017892091,0 -71.54551598520138,-16.38226529814708,0 
							</coordinates>
						</LinearRing>
					</outerBoundaryIs>
				</Polygon>
			</Placemark>
			<Placemark>
				<name>1.3.22-4</name>
				<styleUrl>#msn_ylw-pushpin080</styleUrl>
				<Polygon>
					<tessellate>1</tessellate>
					<outerBoundaryIs>
						<LinearRing>
							<coordinates>
								-71.54529728697818,-16.38140313253858,0 -71.54515167873224,-16.38143896331311,0 -71.54496585490899,-16.38148481633024,0 -71.54474931696328,-16.38154259810297,0 -71.54447258406651,-16.38162609278198,0 -71.54440623371136,-16.38140078071519,0 -71.54435073655993,-16.38117344391805,0 -71.54431914211607,-16.38098637934466,0 -71.54424836858229,-16.38073095434626,0 -71.54412233159137,-16.38031358379234,0 -71.54494158173215,-16.38000420632418,0 -71.54529728697818,-16.38140313253858,0 
							</coordinates>
						</LinearRing>
					</outerBoundaryIs>
				</Polygon>
			</Placemark>
			<Placemark>
				<name>1.3.22-5</name>
				<styleUrl>#msn_ylw-pushpin080</styleUrl>
				<Polygon>
					<tessellate>1</tessellate>
					<outerBoundaryIs>
						<LinearRing>
							<coordinates>
								-71.54481688490472,-16.3795165102894,0 -71.54493328368845,-16.3799460237801,0 -71.54461141864499,-16.38007667730889,0 -71.54432355546106,-16.38019281717844,0 -71.54412625201743,-16.38026769146972,0 -71.54405829913767,-16.38000507573578,0 -71.54401989487043,-16.37982966882298,0 -71.54481688490472,-16.3795165102894,0 
							</coordinates>
						</LinearRing>
					</outerBoundaryIs>
				</Polygon>
			</Placemark>
			<Placemark>
				<name>1.3.22-6</name>
				<styleUrl>#msn_ylw-pushpin080</styleUrl>
				<Polygon>
					<tessellate>1</tessellate>
					<outerBoundaryIs>
						<LinearRing>
							<coordinates>
								-71.54528964404064,-16.37934700652762,0 -71.54533415371354,-16.37953301772815,0 -71.54539772043024,-16.3798054154514,0 -71.54515800843079,-16.37987269698934,0 -71.54500247848955,-16.379920735968,0 -71.54493629555499,-16.379684868592,0 -71.54488261275833,-16.37948680808684,0 -71.54511504529911,-16.37939781431689,0 -71.54528964404064,-16.37934700652762,0 
							</coordinates>
						</LinearRing>
					</outerBoundaryIs>
				</Polygon>
			</Placemark>
			<Placemark>
				<name>1.3.22-7</name>
				<styleUrl>#msn_ylw-pushpin080</styleUrl>
				<Polygon>
					<tessellate>1</tessellate>
					<outerBoundaryIs>
						<LinearRing>
							<coordinates>
								-71.54541419720361,-16.37985642731146,0 -71.54563324617058,-16.38079832123191,0 -71.54575011889729,-16.38112511639896,0 -71.54532587778165,-16.38125305184426,0 -71.54531181442691,-16.38120047748771,0 -71.5453027297328,-16.38105273576261,0 -71.54526429711942,-16.38095624620461,0 -71.54523559479657,-16.38087287777281,0 -71.54522754680184,-16.38078071476479,0 -71.54520404754322,-16.38067850871304,0 -71.54512710809112,-16.3804337003831,0 -71.54507426724039,-16.38021062039629,0 -71.54502665611254,-16.38004362253365,0 -71.54501838847361,-16.37996710476936,0 -71.54541419720361,-16.37985642731146,0 
							</coordinates>
						</LinearRing>
					</outerBoundaryIs>
				</Polygon>
			</Placemark>
			<Placemark>
				<name>1.3.22-8</name>
				<styleUrl>#msn_ylw-pushpin080</styleUrl>
				<Polygon>
					<tessellate>1</tessellate>
					<outerBoundaryIs>
						<LinearRing>
							<coordinates>
								-71.54592632864504,-16.38168053110304,0 -71.54607691162313,-16.38209361010074,0 -71.5457851306338,-16.38218410903116,0 -71.54560695323613,-16.38223174095903,0 -71.54553256913478,-16.38197837740128,0 -71.54547933896809,-16.38181551394005,0 -71.54592632864504,-16.38168053110304,0 
							</coordinates>
						</LinearRing>
					</outerBoundaryIs>
				</Polygon>
			</Placemark>
			<Placemark>
				<name>1.3.22-9</name>
				<styleUrl>#msn_ylw-pushpin080</styleUrl>
				<Polygon>
					<tessellate>1</tessellate>
					<outerBoundaryIs>
						<LinearRing>
							<coordinates>
								-71.54657393499704,-16.3800048036392,0 -71.54600944313584,-16.38015136962233,0 -71.54595342885975,-16.37993270766742,0 -71.54652960585733,-16.3797977441091,0 -71.54657393499704,-16.3800048036392,0 
							</coordinates>
						</LinearRing>
					</outerBoundaryIs>
				</Polygon>
			</Placemark>
			<Placemark>
				<name>1.3.22-10</name>
				<styleUrl>#msn_ylw-pushpin080</styleUrl>
				<Polygon>
					<tessellate>1</tessellate>
					<outerBoundaryIs>
						<LinearRing>
							<coordinates>
								-71.54596973073453,-16.37983142067983,0 -71.54549838492372,-16.37996132092846,0 -71.54545924255912,-16.37980386836873,0 -71.54540818409757,-16.37956566150863,0 -71.54534838753771,-16.3793283170563,0 -71.54580225180774,-16.37921501289582,0 -71.54596973073453,-16.37983142067983,0 
							</coordinates>
						</LinearRing>
					</outerBoundaryIs>
				</Polygon>
			</Placemark>
			<Placemark>
				<name>1.3.22-13</name>
				<styleUrl>#msn_ylw-pushpin080</styleUrl>
				<Polygon>
					<tessellate>1</tessellate>
					<outerBoundaryIs>
						<LinearRing>
							<coordinates>
								-71.54826594856566,-16.37883630041581,0 -71.54825718508539,-16.37899763436265,0 -71.54828379696654,-16.37925526341877,0 -71.54794603480156,-16.37937473206339,0 -71.54752066026735,-16.37948838021535,0 -71.54703396370044,-16.37959613854876,0 -71.54653793776785,-16.37970378456096,0 -71.54649190809205,-16.37942338091228,0 -71.54640945321144,-16.37902661916294,0 -71.54676539179246,-16.37893153957625,0 -71.54683331349486,-16.37926636699763,0 -71.54826594856566,-16.37883630041581,0 
							</coordinates>
						</LinearRing>
					</outerBoundaryIs>
				</Polygon>
			</Placemark>
			<Placemark>
				<name>1.3.22-14</name>
				<styleUrl>#msn_ylw-pushpin080</styleUrl>
				<Polygon>
					<tessellate>1</tessellate>
					<outerBoundaryIs>
						<LinearRing>
							<coordinates>
								-71.54639657950082,-16.3790376861676,0 -71.54647051272347,-16.37937351142366,0 -71.5465304668581,-16.3797055195298,0 -71.54609897039217,-16.37979193152214,0 -71.54601334406742,-16.37974389138142,0 -71.54594619974658,-16.379506570637,0 -71.54595649392061,-16.37944468755057,0 -71.54591699826301,-16.37945236661255,0 -71.54586014963655,-16.37918623815655,0 -71.54639657950082,-16.3790376861676,0 
							</coordinates>
						</LinearRing>
					</outerBoundaryIs>
				</Polygon>
			</Placemark>
			<Placemark>
				<name>1.3.22-16</name>
				<styleUrl>#msn_ylw-pushpin080</styleUrl>
				<Polygon>
					<tessellate>1</tessellate>
					<outerBoundaryIs>
						<LinearRing>
							<coordinates>
								-71.54559642001948,-16.37860195612195,0 -71.54586746006122,-16.37851927208389,0 -71.54593453842314,-16.37874241006675,0 -71.54592074301411,-16.37883807870183,0 -71.54569394392958,-16.3788694195367,0 -71.54575347537056,-16.37915609093455,0 -71.54531128174514,-16.37929621841252,0 -71.54510608266526,-16.37843909297923,0 -71.54547569750319,-16.37828958651157,0 -71.54559642001948,-16.37860195612195,0 
							</coordinates>
						</LinearRing>
					</outerBoundaryIs>
				</Polygon>
			</Placemark>
			<Placemark>
				<name>1.3.22-19</name>
				<styleUrl>#msn_ylw-pushpin080</styleUrl>
				<Polygon>
					<tessellate>1</tessellate>
					<outerBoundaryIs>
						<LinearRing>
							<coordinates>
								-71.544615035931,-16.37894710341899,0 -71.54474962836555,-16.37946099965157,0 -71.54400174379376,-16.37977667884965,0 -71.54395584315203,-16.37958050951762,0 -71.54395545565835,-16.3793724240134,0 -71.5440126482213,-16.37912948033408,0 -71.54433230092665,-16.37902996644884,0 -71.54431957485815,-16.37893927154869,0 -71.54402467173651,-16.37902245232997,0 -71.54390555213146,-16.37908223516485,0 -71.54386857891642,-16.37926522924054,0 -71.54385638838185,-16.3795693301837,0 -71.54389391575918,-16.37980185156552,0 -71.54367735771189,-16.37988868720164,0 -71.54363146123532,-16.37971269758456,0 -71.54367819006326,-16.37920219631393,0 -71.54373234665914,-16.37879734842665,0 -71.54369161396528,-16.37858509484367,0 -71.5436186901091,-16.3783475931784,0 -71.54357423038277,-16.37813367616261,0 -71.54369645333993,-16.37780589917268,0 -71.54420473327777,-16.37788563063086,0 -71.54462434055239,-16.37784538071566,0 -71.544615035931,-16.37894710341899,0 
							</coordinates>
						</LinearRing>
					</outerBoundaryIs>
				</Polygon>
			</Placemark>
			<Placemark>
				<name>1.3.22-20</name>
				<styleUrl>#msn_ylw-pushpin080</styleUrl>
				<Polygon>
					<tessellate>1</tessellate>
					<outerBoundaryIs>
						<LinearRing>
							<coordinates>
								-71.54359008894359,-16.37835536634588,0 -71.54366641788515,-16.37873016150903,0 -71.54359008023208,-16.37956584475891,0 -71.54359283719923,-16.37975767602901,0 -71.54363572548428,-16.37990419628734,0 -71.54328768776421,-16.38001262540503,0 -71.54317248054703,-16.37922427891891,0 -71.54304176868241,-16.37875203965679,0 -71.54308505061778,-16.37839016089401,0 -71.54305326183911,-16.37828851701565,0 -71.54312259911909,-16.37810853905322,0 -71.54321509670096,-16.37812681175324,0 -71.54359008894359,-16.37835536634588,0 
							</coordinates>
						</LinearRing>
					</outerBoundaryIs>
				</Polygon>
			</Placemark>
			<Placemark>
				<name>1.3.22-21</name>
				<styleUrl>#msn_ylw-pushpin080</styleUrl>
				<Polygon>
					<tessellate>1</tessellate>
					<outerBoundaryIs>
						<LinearRing>
							<coordinates>
								-71.54146400710945,-16.3784764477358,0 -71.54213179262925,-16.37830219267857,0 -71.54214478202677,-16.37843275013474,0 -71.54210940513194,-16.37852415009424,0 -71.54205815425927,-16.3785855673463,0 -71.5420818594537,-16.378774759107,0 -71.54197258729197,-16.37922000849793,0 -71.54187172781802,-16.37944809887052,0 -71.54180336704835,-16.37948299253867,0 -71.54165449183296,-16.3793129623732,0 -71.54146400710945,-16.3784764477358,0 
							</coordinates>
						</LinearRing>
					</outerBoundaryIs>
				</Polygon>
			</Placemark>
			<Placemark>
				<name>1.3.22-22</name>
				<styleUrl>#msn_ylw-pushpin080</styleUrl>
				<Polygon>
					<tessellate>1</tessellate>
					<outerBoundaryIs>
						<LinearRing>
							<coordinates>
								-71.54197408377782,-16.37926545838716,0 -71.5420786961627,-16.37939605398347,0 -71.54209381997543,-16.37953587066455,0 -71.54214257078291,-16.3796392193995,0 -71.54209097008106,-16.37977801580126,0 -71.5421347191316,-16.37992670538523,0 -71.54224751252602,-16.38012533857601,0 -71.54231444097557,-16.38030982277157,0 -71.54217370811837,-16.38034824310571,0 -71.54203242192439,-16.37995992886471,0 -71.54191812743176,-16.37964660983586,0 -71.54183283892228,-16.37950986440258,0 -71.54189721396251,-16.37945934467111,0 -71.54197408377782,-16.37926545838716,0 
							</coordinates>
						</LinearRing>
					</outerBoundaryIs>
				</Polygon>
			</Placemark>
			<Placemark>
				<name>1.3.22-23</name>
				<styleUrl>#msn_ylw-pushpin080</styleUrl>
				<Polygon>
					<tessellate>1</tessellate>
					<outerBoundaryIs>
						<LinearRing>
							<coordinates>
								-71.53898736972569,-16.3806044256033,0 -71.53928287788999,-16.38053524873661,0 -71.53946517862774,-16.38110688404536,0 -71.53917517101476,-16.38118723154618,0 -71.53898736972569,-16.3806044256033,0 
							</coordinates>
						</LinearRing>
					</outerBoundaryIs>
				</Polygon>
			</Placemark>
			<Placemark>
				<name>1.3.22-24</name>
				<styleUrl>#msn_ylw-pushpin080</styleUrl>
				<Polygon>
					<tessellate>1</tessellate>
					<outerBoundaryIs>
						<LinearRing>
							<coordinates>
								-71.53887421383268,-16.37899489029593,0 -71.53915985671786,-16.37899810981312,0 -71.53899139388358,-16.37972725478931,0 -71.53893988818587,-16.37993957269104,0 -71.53885439766229,-16.37992417952223,0 -71.53883550260626,-16.37971341582788,0 -71.53880821583513,-16.37947842969675,0 -71.53887421383268,-16.37899489029593,0 
							</coordinates>
						</LinearRing>
					</outerBoundaryIs>
				</Polygon>
			</Placemark>
			<Placemark>
				<name>1.3.22-25</name>
				<styleUrl>#msn_ylw-pushpin080</styleUrl>
				<Polygon>
					<tessellate>1</tessellate>
					<outerBoundaryIs>
						<LinearRing>
							<coordinates>
								-71.54100305360139,-16.37833580059458,0 -71.5409163670336,-16.37849489861057,0 -71.54072902646732,-16.37836982579662,0 -71.54064865484025,-16.37823322610884,0 -71.54061651945196,-16.37796487734566,0 -71.54049647545395,-16.37782477023763,0 -71.54066039730272,-16.37774893114448,0 -71.54076630127324,-16.37778925967239,0 -71.54095327380182,-16.3777759743946,0 -71.541189390299,-16.37777485040037,0 -71.54100305360139,-16.37833580059458,0 
							</coordinates>
						</LinearRing>
					</outerBoundaryIs>
				</Polygon>
			</Placemark>
			<Placemark>
				<name>1.3.22-31</name>
				<styleUrl>#msn_ylw-pushpin080</styleUrl>
				<Polygon>
					<tessellate>1</tessellate>
					<outerBoundaryIs>
						<LinearRing>
							<coordinates>
								-71.54835092178003,-16.3781107801756,0 -71.54833375441888,-16.37823955974378,0 -71.54710466619322,-16.37861555126916,0 -71.54705246680746,-16.3784909581244,0 -71.54835092178003,-16.3781107801756,0 
							</coordinates>
						</LinearRing>
					</outerBoundaryIs>
				</Polygon>
			</Placemark>
			<Placemark>
				<name>1.3.22-32</name>
				<styleUrl>#msn_ylw-pushpin080</styleUrl>
				<Polygon>
					<tessellate>1</tessellate>
					<outerBoundaryIs>
						<LinearRing>
							<coordinates>
								-71.54830499719635,-16.37863524046861,0 -71.54768865739766,-16.37876382733766,0 -71.54766664220956,-16.37866038685095,0 -71.54755688695276,-16.37870330374926,0 -71.54749269498912,-16.37863431305253,0 -71.54748897534033,-16.37857701191573,0 -71.54833089908082,-16.37833748956773,0 -71.54830499719635,-16.37863524046861,0 
							</coordinates>
						</LinearRing>
					</outerBoundaryIs>
				</Polygon>
			</Placemark>
			<Placemark>
				<name>1.3.22-33</name>
				<styleUrl>#msn_ylw-pushpin080</styleUrl>
				<Polygon>
					<tessellate>1</tessellate>
					<outerBoundaryIs>
						<LinearRing>
							<coordinates>
								-71.54471164833227,-16.37887556026615,0 -71.54474823049394,-16.37812196609967,0 -71.5447528719193,-16.37721807791646,0 -71.54484114251439,-16.37723831421578,0 -71.54487561383156,-16.37757307552482,0 -71.54490711639468,-16.37806003438959,0 -71.54505514745165,-16.37846715332603,0 -71.54527602588077,-16.37933993773488,0 -71.54484820548934,-16.37947229410482,0 -71.54471164833227,-16.37887556026615,0 
							</coordinates>
						</LinearRing>
					</outerBoundaryIs>
				</Polygon>
			</Placemark>
			<Placemark>
				<name>1.3.22-34</name>
				<styleUrl>#msn_ylw-pushpin080</styleUrl>
				<Polygon>
					<tessellate>1</tessellate>
					<outerBoundaryIs>
						<LinearRing>
							<coordinates>
								-71.5451222775486,-16.37717033235624,0 -71.54516624619671,-16.37755020839965,0 -71.54522060637441,-16.37776885684902,0 -71.54531990173562,-16.37794007094194,0 -71.54535614987888,-16.37803023169554,0 -71.54527835580193,-16.37835108519122,0 -71.54507208529809,-16.37842922222864,0 -71.54495681535521,-16.37809073556531,0 -71.54489939713159,-16.37718727679056,0 -71.5451222775486,-16.37717033235624,0 
							</coordinates>
						</LinearRing>
					</outerBoundaryIs>
				</Polygon>
			</Placemark>
			<Placemark>
				<name>1.3.22-35</name>
				<styleUrl>#msn_ylw-pushpin080</styleUrl>
				<Polygon>
					<tessellate>1</tessellate>
					<outerBoundaryIs>
						<LinearRing>
							<coordinates>
								-71.54601142143424,-16.38027616414227,0 -71.54605713672335,-16.38051852813128,0 -71.54609397853874,-16.38058627874679,0 -71.54593771797241,-16.3806364043286,0 -71.54597057637702,-16.38075792763359,0 -71.54573840820214,-16.38082671557249,0 -71.54552818262306,-16.38010303849099,0 -71.54557818606474,-16.38003462250052,0 -71.54592819782656,-16.37994381288713,0 -71.54601142143424,-16.38027616414227,0 
							</coordinates>
						</LinearRing>
					</outerBoundaryIs>
				</Polygon>
			</Placemark>
			<Placemark>
				<name>1.3.22-36</name>
				<styleUrl>#msn_ylw-pushpin080</styleUrl>
				<Polygon>
					<tessellate>1</tessellate>
					<outerBoundaryIs>
						<LinearRing>
							<coordinates>
								-71.54669095313508,-16.38037579221218,0 -71.54611876454292,-16.38056058088221,0 -71.54607697262712,-16.38050789243067,0 -71.5460571541378,-16.38043581795649,0 -71.54602135491839,-16.38021855888783,0 -71.54656806695625,-16.38006583259843,0 -71.54669095313508,-16.38037579221218,0 
							</coordinates>
						</LinearRing>
					</outerBoundaryIs>
				</Polygon>
			</Placemark>
			<Placemark>
				<name>1.3.22-37</name>
				<styleUrl>#msn_ylw-pushpin080</styleUrl>
				<Polygon>
					<tessellate>1</tessellate>
					<outerBoundaryIs>
						<LinearRing>
							<coordinates>
								-71.54681095471392,-16.37989496902626,0 -71.54659466225095,-16.37992646881243,0 -71.5465576776449,-16.37977107230149,0 -71.54679342004152,-16.37972350995826,0 -71.54681095471392,-16.37989496902626,0 
							</coordinates>
						</LinearRing>
					</outerBoundaryIs>
				</Polygon>
			</Placemark>
			<Placemark>
				<name>1.3.22-38</name>
				<styleUrl>#msn_ylw-pushpin080</styleUrl>
				<Polygon>
					<tessellate>1</tessellate>
					<outerBoundaryIs>
						<LinearRing>
							<coordinates>
								-71.54683414297565,-16.38008570780966,0 -71.54689483280336,-16.38013954939843,0 -71.54729482353576,-16.38003958034681,0 -71.54724778975459,-16.37995206636397,0 -71.54741432615054,-16.37987744839083,0 -71.54748074032806,-16.3801518757021,0 -71.54755821556364,-16.38012450788047,0 -71.54764761682011,-16.38056568497909,0 -71.5471885165996,-16.38064030185758,0 -71.54719490054566,-16.38067308059736,0 -71.5472994999174,-16.38065422959738,0 -71.54738940704118,-16.3810593945223,0 -71.54723279557275,-16.38110078036556,0 -71.54723827772624,-16.38120764816407,0 -71.54771288866301,-16.3810933349356,0 -71.54784318738567,-16.38147042341195,0 -71.54705476167189,-16.3817261894799,0 -71.54696991113008,-16.38130389863764,0 -71.54698873073298,-16.38106057436804,0 -71.54695369249855,-16.38082909150293,0 -71.54690654466026,-16.38064884905882,0 -71.54684312278552,-16.38054149797513,0 -71.54673024146547,-16.38036163361362,0 -71.5466342595345,-16.38003496624311,0 -71.5466689902467,-16.37997946476561,0 -71.54679848184871,-16.37995690571078,0 -71.54683414297565,-16.38008570780966,0 
							</coordinates>
						</LinearRing>
					</outerBoundaryIs>
				</Polygon>
			</Placemark>
			<Placemark>
				<name>1.3.22-39</name>
				<styleUrl>#msn_ylw-pushpin080</styleUrl>
				<Polygon>
					<tessellate>1</tessellate>
					<outerBoundaryIs>
						<LinearRing>
							<coordinates>
								-71.54573892065514,-16.38087276637335,0 -71.54611691472613,-16.38073944783779,0 -71.54624458128181,-16.38083642727659,0 -71.54637278966537,-16.38109326037242,0 -71.54639722286944,-16.38126794701046,0 -71.54645918808198,-16.38131071924723,0 -71.54649492789787,-16.38118481368975,0 -71.54652643231115,-16.38099439308864,0 -71.54666941451569,-16.38097553908773,0 -71.54667791371836,-16.38108699131242,0 -71.54685750206397,-16.38100210988004,0 -71.54700795908924,-16.38173169445218,0 -71.54610233561417,-16.38206102657315,0 -71.54573892065514,-16.38087276637335,0 
							</coordinates>
						</LinearRing>
					</outerBoundaryIs>
				</Polygon>
			</Placemark>
			<Placemark>
				<name>1.3.22-40</name>
				<styleUrl>#msn_ylw-pushpin080</styleUrl>
				<Polygon>
					<tessellate>1</tessellate>
					<outerBoundaryIs>
						<LinearRing>
							<coordinates>
								-71.54339782979747,-16.38050958330307,0 -71.54346535637545,-16.38091895054699,0 -71.5432394826163,-16.3809852906223,0 -71.54307939559654,-16.38017446276816,0 -71.54337636144822,-16.38007996361632,0 -71.54339782979747,-16.38050958330307,0 
							</coordinates>
						</LinearRing>
					</outerBoundaryIs>
				</Polygon>
			</Placemark>
			<Placemark>
				<name>1.3.22-41</name>
				<styleUrl>#msn_ylw-pushpin080</styleUrl>
				<Polygon>
					<tessellate>1</tessellate>
					<outerBoundaryIs>
						<LinearRing>
							<coordinates>
								-71.54241912484834,-16.38148517398112,0 -71.54276430141127,-16.38136586862874,0 -71.54314896386309,-16.381956835978,0 -71.54256656873449,-16.38214266794,0 -71.54241912484834,-16.38148517398112,0 
							</coordinates>
						</LinearRing>
					</outerBoundaryIs>
				</Polygon>
			</Placemark>
			<Placemark>
				<name>1.3.22-42</name>
				<styleUrl>#msn_ylw-pushpin080</styleUrl>
				<Polygon>
					<tessellate>1</tessellate>
					<outerBoundaryIs>
						<LinearRing>
							<coordinates>
								-71.54303604590461,-16.38083655410529,0 -71.54268495684055,-16.38091411043879,0 -71.54253853075136,-16.38032715304316,0 -71.54286509769904,-16.38024344459723,0 -71.54303604590461,-16.38083655410529,0 
							</coordinates>
						</LinearRing>
					</outerBoundaryIs>
				</Polygon>
			</Placemark>
			<Placemark>
				<name>1.3.22-43</name>
				<styleUrl>#msn_ylw-pushpin080</styleUrl>
				<Polygon>
					<tessellate>1</tessellate>
					<outerBoundaryIs>
						<LinearRing>
							<coordinates>
								-71.54405926680735,-16.38030596784197,0 -71.54350972307333,-16.38043898448008,0 -71.54351549170971,-16.38001493392268,0 -71.54394465329693,-16.37986917187611,0 -71.54405926680735,-16.38030596784197,0 
							</coordinates>
						</LinearRing>
					</outerBoundaryIs>
				</Polygon>
			</Placemark>
			<Placemark>
				<name>1.3.22-44</name>
				<styleUrl>#msn_ylw-pushpin080</styleUrl>
				<Polygon>
					<tessellate>1</tessellate>
					<outerBoundaryIs>
						<LinearRing>
							<coordinates>
								-71.54260089166358,-16.38076853725542,0 -71.54226533453172,-16.38081937009336,0 -71.54219510704554,-16.38041654442788,0 -71.54249882985499,-16.38033272463015,0 -71.54260089166358,-16.38076853725542,0 
							</coordinates>
						</LinearRing>
					</outerBoundaryIs>
				</Polygon>
			</Placemark>
			<Placemark>
				<name>1.3.22-45</name>
				<styleUrl>#msn_ylw-pushpin080</styleUrl>
				<Polygon>
					<tessellate>1</tessellate>
					<outerBoundaryIs>
						<LinearRing>
							<coordinates>
								-71.54261661887607,-16.38091932811216,0 -71.54250857014546,-16.380950084649,0 -71.54259539486318,-16.38134993499432,0 -71.54241850214089,-16.38143367813092,0 -71.54227441604269,-16.38089244114554,0 -71.54259020479753,-16.38083499528084,0 -71.54261661887607,-16.38091932811216,0 
							</coordinates>
						</LinearRing>
					</outerBoundaryIs>
				</Polygon>
			</Placemark>
			<Placemark>
				<name>1.3.22-46</name>
				<styleUrl>#msn_ylw-pushpin080</styleUrl>
				<Polygon>
					<tessellate>1</tessellate>
					<outerBoundaryIs>
						<LinearRing>
							<coordinates>
								-71.54323556526744,-16.38113520810889,0 -71.54275833873473,-16.38129100289252,0 -71.54268017578406,-16.38104464260473,0 -71.5427228828096,-16.38101904883715,0 -71.54273104175314,-16.38096532338412,0 -71.54306723093212,-16.38086874620315,0 -71.5429023399292,-16.38021990388009,0 -71.54304505482065,-16.38018002196758,0 -71.54323556526744,-16.38113520810889,0 
							</coordinates>
						</LinearRing>
					</outerBoundaryIs>
				</Polygon>
			</Placemark>
			<Placemark>
				<name>1.3.22-47</name>
				<styleUrl>#msn_ylw-pushpin080</styleUrl>
				<Polygon>
					<tessellate>1</tessellate>
					<outerBoundaryIs>
						<LinearRing>
							<coordinates>
								-71.54360422912578,-16.38108083416967,0 -71.54351323249038,-16.38046107712208,0 -71.54405835027053,-16.38032804580902,0 -71.54416159046141,-16.38075606384401,0 -71.54432423001566,-16.38135717010566,0 -71.544421306488,-16.38164524882266,0 -71.54322525288131,-16.38193572162227,0 -71.54284056324836,-16.38134152710535,0 -71.54360422912578,-16.38108083416967,0 
							</coordinates>
						</LinearRing>
					</outerBoundaryIs>
				</Polygon>
			</Placemark>
			<Placemark>
				<name>1.3.22-48</name>
				<styleUrl>#msn_ylw-pushpin080</styleUrl>
				<Polygon>
					<tessellate>1</tessellate>
					<outerBoundaryIs>
						<LinearRing>
							<coordinates>
								-71.54369291587453,-16.38234866053248,0 -71.54368120525903,-16.3823719456877,0 -71.54350887107157,-16.38241682977955,0 -71.54338772675426,-16.3819781125306,0 -71.54357075343287,-16.38193086671198,0 -71.54369291587453,-16.38234866053248,0 
							</coordinates>
						</LinearRing>
					</outerBoundaryIs>
				</Polygon>
			</Placemark>
			<Placemark>
				<name>1.3.22-49</name>
				<styleUrl>#msn_ylw-pushpin080</styleUrl>
				<Polygon>
					<tessellate>1</tessellate>
					<outerBoundaryIs>
						<LinearRing>
							<coordinates>
								-71.54380300738441,-16.38275689830849,0 -71.54368978362838,-16.38278838131849,0 -71.54362999766211,-16.38278026213872,0 -71.54358356346216,-16.3827727143636,0 -71.54351094195663,-16.38242783284486,0 -71.54371175737974,-16.38237330669899,0 -71.54380300738441,-16.38275689830849,0 
							</coordinates>
						</LinearRing>
					</outerBoundaryIs>
				</Polygon>
			</Placemark>
			<Placemark>
				<name>1.3.22-50</name>
				<styleUrl>#msn_ylw-pushpin080</styleUrl>
				<Polygon>
					<tessellate>1</tessellate>
					<outerBoundaryIs>
						<LinearRing>
							<coordinates>
								-71.54386341174597,-16.38193827943572,0 -71.54389616721097,-16.38220509978153,0 -71.54387761733754,-16.3822273643618,0 -71.54381360712958,-16.38226281015896,0 -71.54373778949959,-16.38229402669553,0 -71.54362599278747,-16.38191330380914,0 -71.54383029053933,-16.38185312688179,0 -71.54386341174597,-16.38193827943572,0 
							</coordinates>
						</LinearRing>
					</outerBoundaryIs>
				</Polygon>
			</Placemark>
			<Placemark>
				<name>1.3.22-51</name>
				<styleUrl>#msn_ylw-pushpin080</styleUrl>
				<Polygon>
					<tessellate>1</tessellate>
					<outerBoundaryIs>
						<LinearRing>
							<coordinates>
								-71.54406113533739,-16.3818767623132,0 -71.54406309017024,-16.38199565369236,0 -71.54408867326916,-16.38209986739201,0 -71.54409537970803,-16.38219277398274,0 -71.54399072912508,-16.38221042992182,0 -71.54386911496943,-16.38183763727227,0 -71.54404009932523,-16.38179624360687,0 -71.54406113533739,-16.3818767623132,0 
							</coordinates>
						</LinearRing>
					</outerBoundaryIs>
				</Polygon>
			</Placemark>
			<Placemark>
				<name>1.3.22-52</name>
				<styleUrl>#msn_ylw-pushpin080</styleUrl>
				<Polygon>
					<tessellate>1</tessellate>
					<outerBoundaryIs>
						<LinearRing>
							<coordinates>
								-71.54413020126707,-16.38229209913811,0 -71.54414681981602,-16.38238309612341,0 -71.54414334295524,-16.38245134088127,0 -71.54410142878214,-16.3825214660986,0 -71.54397618409641,-16.38255731444679,0 -71.54396417835385,-16.38248563706739,0 -71.54401202066619,-16.38247928306905,0 -71.54394389976412,-16.38225278306522,0 -71.5439649511801,-16.38222755245933,0 -71.54408612442363,-16.38220816079126,0 -71.54413020126707,-16.38229209913811,0 
							</coordinates>
						</LinearRing>
					</outerBoundaryIs>
				</Polygon>
			</Placemark>
			<Placemark>
				<name>1.3.22-53</name>
				<styleUrl>#msn_ylw-pushpin080</styleUrl>
				<Polygon>
					<tessellate>1</tessellate>
					<outerBoundaryIs>
						<LinearRing>
							<coordinates>
								-71.543989669319,-16.38270144989891,0 -71.54382209655527,-16.38274088433659,0 -71.54373632191036,-16.38237687425504,0 -71.54380175540801,-16.3823418657042,0 -71.54387951833291,-16.382270241147,0 -71.543989669319,-16.38270144989891,0 
							</coordinates>
						</LinearRing>
					</outerBoundaryIs>
				</Polygon>
			</Placemark>
			<Placemark>
				<name>1.3.22-54</name>
				<styleUrl>#msn_ylw-pushpin080</styleUrl>
				<Polygon>
					<tessellate>1</tessellate>
					<outerBoundaryIs>
						<LinearRing>
							<coordinates>
								-71.54459391176862,-16.38221289235114,0 -71.544439531405,-16.38225260212955,0 -71.5444168431451,-16.38220853052243,0 -71.54424047698599,-16.38223080138635,0 -71.54413280188177,-16.38213257349833,0 -71.54410885438983,-16.38196737807045,0 -71.54410562953665,-16.38189635101477,0 -71.54408168624366,-16.38185119964581,0 -71.544067135528,-16.38178636133683,0 -71.54442204451252,-16.38167434871683,0 -71.54459391176862,-16.38221289235114,0 
							</coordinates>
						</LinearRing>
					</outerBoundaryIs>
				</Polygon>
			</Placemark>
			<Placemark>
				<name>1.3.22-55</name>
				<styleUrl>#msn_ylw-pushpin080</styleUrl>
				<Polygon>
					<tessellate>1</tessellate>
					<outerBoundaryIs>
						<LinearRing>
							<coordinates>
								-71.54415625453643,-16.38226102162679,0 -71.54423480898308,-16.38225867948648,0 -71.54424693021311,-16.38224308929108,0 -71.54440784838015,-16.38222832120676,0 -71.54442872322996,-16.38225873346582,0 -71.54443052012374,-16.38227093206201,0 -71.54458499424491,-16.38223716931624,0 -71.54465649182791,-16.38252218572479,0 -71.54424915807292,-16.38264314943875,0 -71.54400986796847,-16.38270745420648,0 -71.54399147554911,-16.38259704809512,0 -71.54413025217589,-16.38255189033343,0 -71.54411415792588,-16.38253057060886,0 -71.54415974186293,-16.38245129138203,0 -71.54416711388927,-16.38240486085508,0 -71.54415625453643,-16.38226102162679,0 
							</coordinates>
						</LinearRing>
					</outerBoundaryIs>
				</Polygon>
			</Placemark>
			<Placemark>
				<name>1.3.22-56</name>
				<styleUrl>#msn_ylw-pushpin080</styleUrl>
				<Polygon>
					<tessellate>1</tessellate>
					<outerBoundaryIs>
						<LinearRing>
							<coordinates>
								-71.54034197485016,-16.38087357962958,0 -71.54018424135124,-16.38037681306222,0 -71.54150167393826,-16.38029111537874,0 -71.54157643809539,-16.38049628716348,0 -71.54034197485016,-16.38087357962958,0 
							</coordinates>
						</LinearRing>
					</outerBoundaryIs>
				</Polygon>
			</Placemark>
			<Placemark>
				<name>1.3.22-57</name>
				<styleUrl>#msn_ylw-pushpin080</styleUrl>
				<Polygon>
					<tessellate>1</tessellate>
					<outerBoundaryIs>
						<LinearRing>
							<coordinates>
								-71.54100987861162,-16.37893385630812,0 -71.54110340303812,-16.37903536129075,0 -71.54115926994528,-16.37913917611174,0 -71.54117343226962,-16.37932770708047,0 -71.54091817583763,-16.37928536325331,0 -71.54093653524993,-16.37909873252098,0 -71.54100987861162,-16.37893385630812,0 
							</coordinates>
						</LinearRing>
					</outerBoundaryIs>
				</Polygon>
			</Placemark>
			<Placemark>
				<name>1.3.22-58</name>
				<styleUrl>#msn_ylw-pushpin080</styleUrl>
				<Polygon>
					<tessellate>1</tessellate>
					<outerBoundaryIs>
						<LinearRing>
							<coordinates>
								-71.5405596588525,-16.37943310621844,0 -71.54085822975267,-16.37955606281554,0 -71.54086289021694,-16.37970104489682,0 -71.54085227064937,-16.37978903837097,0 -71.54078100284711,-16.37981694050807,0 -71.54058474444335,-16.37968830842157,0 -71.54050031408735,-16.37977223012867,0 -71.54033078094466,-16.37971097525393,0 -71.54038248917115,-16.37953766897751,0 -71.5405596588525,-16.37943310621844,0 
							</coordinates>
						</LinearRing>
					</outerBoundaryIs>
				</Polygon>
			</Placemark>
			<Placemark>
				<name>1.3.22-59</name>
				<styleUrl>#msn_ylw-pushpin080</styleUrl>
				<Polygon>
					<tessellate>1</tessellate>
					<outerBoundaryIs>
						<LinearRing>
							<coordinates>
								-71.54267608007373,-16.38017810574291,0 -71.54265421008068,-16.37972197410831,0 -71.54267689933613,-16.37958751787275,0 -71.54279036320189,-16.37933497065487,0 -71.54294514572621,-16.37922119151036,0 -71.54312842033802,-16.37918469630758,0 -71.54316486522299,-16.37944816719675,0 -71.54323367810825,-16.38002570069895,0 -71.54267608007373,-16.38017810574291,0 
							</coordinates>
						</LinearRing>
					</outerBoundaryIs>
				</Polygon>
			</Placemark>
			<Placemark>
				<name>1.3.9-1</name>
				<styleUrl>#msn_ylw-pushpin080</styleUrl>
				<Polygon>
					<tessellate>1</tessellate>
					<outerBoundaryIs>
						<LinearRing>
							<coordinates>
								-71.55132607770629,-16.38127254860016,0 -71.55233888212541,-16.38158533095822,0 -71.5522903701421,-16.381659622261,0 -71.55218455287392,-16.38183663761031,0 -71.55132654063563,-16.38155046131143,0 -71.55131541587512,-16.38137822004203,0 -71.55132607770629,-16.38127254860016,0 
							</coordinates>
						</LinearRing>
					</outerBoundaryIs>
				</Polygon>
			</Placemark>
			<Placemark>
				<name>1.3.9-2</name>
				<styleUrl>#msn_ylw-pushpin080</styleUrl>
				<Polygon>
					<tessellate>1</tessellate>
					<outerBoundaryIs>
						<LinearRing>
							<coordinates>
								-71.55261194522873,-16.38086969066508,0 -71.5525288230825,-16.38109725289266,0 -71.55141569906441,-16.38085286515393,0 -71.55134958699338,-16.38083823288767,0 -71.55131833343319,-16.38097030998828,0 -71.55114909008202,-16.38093471314359,0 -71.55121137391387,-16.38056484420686,0 -71.55157878539453,-16.38064809329533,0 -71.55197415003013,-16.38073438939755,0 -71.552217339772,-16.380783372243,0 -71.55261194522873,-16.38086969066508,0 
							</coordinates>
						</LinearRing>
					</outerBoundaryIs>
				</Polygon>
			</Placemark>
			<Placemark>
				<name>1.3.9-3</name>
				<styleUrl>#msn_ylw-pushpin080</styleUrl>
				<Polygon>
					<tessellate>1</tessellate>
					<outerBoundaryIs>
						<LinearRing>
							<coordinates>
								-71.55251219195438,-16.38116069501502,0 -71.55247699042273,-16.38134150293764,0 -71.55240307019284,-16.38149251855855,0 -71.55193704116861,-16.38134691891518,0 -71.55170589417082,-16.38127216094915,0 -71.55127678482359,-16.38114048374766,0 -71.55126430858651,-16.38131287752254,0 -71.55110995124163,-16.38129817700549,0 -71.55111601176284,-16.38118595245926,0 -71.55112458447863,-16.38107492959294,0 -71.55116757078744,-16.3810473827958,0 -71.55137797124506,-16.38107417753776,0 -71.55141138186188,-16.38090615333003,0 -71.55189646889252,-16.38103064841677,0 -71.55251219195438,-16.38116069501502,0 
							</coordinates>
						</LinearRing>
					</outerBoundaryIs>
				</Polygon>
			</Placemark>
			<Placemark>
				<name>1.3.9-4</name>
				<styleUrl>#msn_ylw-pushpin080</styleUrl>
				<Polygon>
					<tessellate>1</tessellate>
					<outerBoundaryIs>
						<LinearRing>
							<coordinates>
								-71.55211939992084,-16.38195000764054,0 -71.5520646399557,-16.38210514699362,0 -71.55129291861948,-16.38181053330841,0 -71.55130375926973,-16.38163255324407,0 -71.55211939992084,-16.38195000764054,0 
							</coordinates>
						</LinearRing>
					</outerBoundaryIs>
				</Polygon>
			</Placemark>
			<Placemark>
				<name>1.3.9-5</name>
				<styleUrl>#msn_ylw-pushpin080</styleUrl>
				<Polygon>
					<tessellate>1</tessellate>
					<outerBoundaryIs>
						<LinearRing>
							<coordinates>
								-71.55276215405526,-16.38122183913106,0 -71.55268342311228,-16.38141102359122,0 -71.55235891690272,-16.381721797989,0 -71.55254115229407,-16.38138324079199,0 -71.55264920514394,-16.38089949611517,0 -71.55277691403762,-16.38091623749296,0 -71.55276215405526,-16.38122183913106,0 
							</coordinates>
						</LinearRing>
					</outerBoundaryIs>
				</Polygon>
			</Placemark>
			<Placemark>
				<name>1.3.23-1</name>
				<styleUrl>#msn_ylw-pushpin080</styleUrl>
				<Polygon>
					<tessellate>1</tessellate>
					<outerBoundaryIs>
						<LinearRing>
							<coordinates>
								-71.5528044840363,-16.37369193737573,0 -71.5529710025428,-16.37396146310988,0 -71.55234064699889,-16.3742676638785,0 -71.55219119359556,-16.37397421314972,0 -71.5528044840363,-16.37369193737573,0 
							</coordinates>
						</LinearRing>
					</outerBoundaryIs>
				</Polygon>
			</Placemark>
			<Placemark>
				<name>1.3.23-2</name>
				<styleUrl>#msn_ylw-pushpin080</styleUrl>
				<Polygon>
					<tessellate>1</tessellate>
					<outerBoundaryIs>
						<LinearRing>
							<coordinates>
								-71.55346208429832,-16.37488847751566,0 -71.55318207969835,-16.37502376356196,0 -71.55272732622625,-16.37416356714629,0 -71.55300441570053,-16.37401445576521,0 -71.55346208429832,-16.37488847751566,0 
							</coordinates>
						</LinearRing>
					</outerBoundaryIs>
				</Polygon>
			</Placemark>
			<Placemark>
				<name>1.3.23-3</name>
				<styleUrl>#msn_ylw-pushpin080</styleUrl>
				<Polygon>
					<tessellate>1</tessellate>
					<outerBoundaryIs>
						<LinearRing>
							<coordinates>
								-71.55312576353815,-16.37505063175092,0 -71.55276838754213,-16.37520711151559,0 -71.55236908815885,-16.3743489549989,0 -71.55265749105834,-16.37420010354483,0 -71.55312576353815,-16.37505063175092,0 
							</coordinates>
						</LinearRing>
					</outerBoundaryIs>
				</Polygon>
			</Placemark>
			<Placemark>
				<name>1.3.23-4</name>
				<styleUrl>#msn_ylw-pushpin080</styleUrl>
				<Polygon>
					<tessellate>1</tessellate>
					<outerBoundaryIs>
						<LinearRing>
							<coordinates>
								-71.55350636865256,-16.37496728675039,0 -71.55374330542365,-16.3752304817825,0 -71.55304773900434,-16.37554922232206,0 -71.552966748103,-16.37561193940583,0 -71.55269650243685,-16.37532670152469,0 -71.55350636865256,-16.37496728675039,0 
							</coordinates>
						</LinearRing>
					</outerBoundaryIs>
				</Polygon>
			</Placemark>
			<Placemark>
				<name>1.3.23-5</name>
				<styleUrl>#msn_ylw-pushpin080</styleUrl>
				<Polygon>
					<tessellate>1</tessellate>
					<outerBoundaryIs>
						<LinearRing>
							<coordinates>
								-71.55375475408945,-16.37610684616861,0 -71.5537318993093,-16.37622854364628,0 -71.55372642574348,-16.37655330785577,0 -71.55364316630249,-16.37659695869813,0 -71.55330699023102,-16.37596314590973,0 -71.5530154893421,-16.3756517492781,0 -71.55343689687412,-16.37542960816138,0 -71.55375475408945,-16.37610684616861,0 
							</coordinates>
						</LinearRing>
					</outerBoundaryIs>
				</Polygon>
			</Placemark>
			<Placemark>
				<name>1.3.23-6</name>
				<styleUrl>#msn_ylw-pushpin080</styleUrl>
				<Polygon>
					<tessellate>1</tessellate>
					<outerBoundaryIs>
						<LinearRing>
							<coordinates>
								-71.55420011851034,-16.37713785309453,0 -71.55447177618336,-16.37754962860193,0 -71.55449295581869,-16.37768111220283,0 -71.55437768090934,-16.37769812106761,0 -71.5542298352466,-16.37770945189557,0 -71.55381907332119,-16.37716224414254,0 -71.55415068303508,-16.37700289294342,0 -71.55420011851034,-16.37713785309453,0 
							</coordinates>
						</LinearRing>
					</outerBoundaryIs>
				</Polygon>
			</Placemark>
			<Placemark>
				<name>1.3.23-7</name>
				<styleUrl>#msn_ylw-pushpin080</styleUrl>
				<Polygon>
					<tessellate>1</tessellate>
					<outerBoundaryIs>
						<LinearRing>
							<coordinates>
								-71.55379375358689,-16.37603684726296,0 -71.55350474499639,-16.37541882030127,0 -71.55379373743709,-16.37527972008119,0 -71.55389335507303,-16.37540460707769,0 -71.55409734459239,-16.37655078769632,0 -71.55377635948624,-16.37659623834312,0 -71.55379375358689,-16.37603684726296,0 
							</coordinates>
						</LinearRing>
					</outerBoundaryIs>
				</Polygon>
			</Placemark>
			<Placemark>
				<name>1.3.23-8</name>
				<styleUrl>#msn_ylw-pushpin080</styleUrl>
				<Polygon>
					<tessellate>1</tessellate>
					<outerBoundaryIs>
						<LinearRing>
							<coordinates>
								-71.55407564671971,-16.37659877363632,0 -71.55416018903485,-16.37693407652025,0 -71.55377411460346,-16.37711782990452,0 -71.55354055139537,-16.37747303949041,0 -71.55322336871983,-16.37756354978688,0 -71.5531895793918,-16.37743424304853,0 -71.55322371618239,-16.37714339155329,0 -71.55316829248773,-16.37707022440074,0 -71.55320322287967,-16.37697011674867,0 -71.55317820009414,-16.37683055820312,0 -71.55322253078623,-16.37682616320419,0 -71.55322737831357,-16.37674395756139,0 -71.55315660595218,-16.37663662804951,0 -71.55308139372178,-16.3764857467615,0 -71.5529129082046,-16.37634855170773,0 -71.55276715556305,-16.37623758377135,0 -71.5526685344835,-16.37611225346369,0 -71.55231952677796,-16.37542094626775,0 -71.55221214189274,-16.37497622384456,0 -71.55208828044141,-16.37434674049119,0 -71.55202091685624,-16.37435300312776,0 -71.55200504576408,-16.37409868028946,0 -71.55206019448491,-16.37409347951212,0 -71.5523181235242,-16.37442848643966,0 -71.55251714990001,-16.37488392756681,0 -71.55259277641129,-16.37489968809333,0 -71.55271961167453,-16.37520950272357,0 -71.55255282531066,-16.37530084734562,0 -71.55285565917521,-16.37560202654979,0 -71.55323642989057,-16.37600376094894,0 -71.55357793640096,-16.37669154100097,0 -71.55407564671971,-16.37659877363632,0 
							</coordinates>
						</LinearRing>
					</outerBoundaryIs>
				</Polygon>
			</Placemark>
			<Placemark>
				<name>1.3.23-9</name>
				<styleUrl>#msn_ylw-pushpin080</styleUrl>
				<Polygon>
					<tessellate>1</tessellate>
					<outerBoundaryIs>
						<LinearRing>
							<coordinates>
								-71.55361988317435,-16.37758114980943,0 -71.55377793683259,-16.37761359873689,0 -71.55427892356069,-16.37779210442505,0 -71.55450132671643,-16.37774267361758,0 -71.55445052649908,-16.37792438175941,0 -71.55432914323328,-16.37808066383586,0 -71.55417686011992,-16.37809270701043,0 -71.5536215565465,-16.37791091864043,0 -71.55327751976121,-16.37793994292182,0 -71.5532265152483,-16.37762908724805,0 -71.55361988317435,-16.37758114980943,0 
							</coordinates>
						</LinearRing>
					</outerBoundaryIs>
				</Polygon>
			</Placemark>
			<Placemark>
				<name>1.3.23-10</name>
				<styleUrl>#msn_ylw-pushpin080</styleUrl>
				<Polygon>
					<tessellate>1</tessellate>
					<outerBoundaryIs>
						<LinearRing>
							<coordinates>
								-71.55252266347631,-16.37337151570138,0 -71.55274826698583,-16.37363015265739,0 -71.55216796940938,-16.37391501679131,0 -71.55200806770937,-16.3736241836871,0 -71.55252266347631,-16.37337151570138,0 
							</coordinates>
						</LinearRing>
					</outerBoundaryIs>
				</Polygon>
			</Placemark>
			<Placemark>
				<name>1.3.23-11</name>
				<styleUrl>#msn_ylw-pushpin080</styleUrl>
				<Polygon>
					<tessellate>1</tessellate>
					<outerBoundaryIs>
						<LinearRing>
							<coordinates>
								-71.554177058668,-16.37826200580203,0 -71.55356247083778,-16.37906133962952,0 -71.55327654820093,-16.37888381689804,0 -71.55377325382176,-16.37808838315107,0 -71.55399621969052,-16.37814894348368,0 -71.554177058668,-16.37826200580203,0 
							</coordinates>
						</LinearRing>
					</outerBoundaryIs>
				</Polygon>
			</Placemark>
			<Placemark>
				<name>1.3.23-12</name>
				<styleUrl>#msn_ylw-pushpin080</styleUrl>
				<Polygon>
					<tessellate>1</tessellate>
					<outerBoundaryIs>
						<LinearRing>
							<coordinates>
								-71.55369754792406,-16.37802376218521,0 -71.55317562027049,-16.37882732627604,0 -71.55288962537529,-16.37865783155578,0 -71.55329780875179,-16.37802784683034,0 -71.55357973701494,-16.37800761750177,0 -71.55369754792406,-16.37802376218521,0 
							</coordinates>
						</LinearRing>
					</outerBoundaryIs>
				</Polygon>
			</Placemark>
			<Placemark>
				<name>1.3.23-13</name>
				<styleUrl>#msn_ylw-pushpin080</styleUrl>
				<Polygon>
					<tessellate>1</tessellate>
					<outerBoundaryIs>
						<LinearRing>
							<coordinates>
								-71.55306636125734,-16.37817328161132,0 -71.55278867372701,-16.37862151132925,0 -71.55228382191639,-16.37831471200272,0 -71.55244784770431,-16.37804409572158,0 -71.55259933566553,-16.37814505927967,0 -71.5525236194933,-16.37827026599881,0 -71.55265825580869,-16.37835505428557,0 -71.55287281825318,-16.37822176710696,0 -71.55306636125734,-16.37817328161132,0 
							</coordinates>
						</LinearRing>
					</outerBoundaryIs>
				</Polygon>
			</Placemark>
			<Placemark>
				<name>1.3.23-14</name>
				<styleUrl>#msn_ylw-pushpin080</styleUrl>
				<Polygon>
					<tessellate>1</tessellate>
					<outerBoundaryIs>
						<LinearRing>
							<coordinates>
								-71.55351680849149,-16.37913734991568,0 -71.55294001864593,-16.38034794664537,0 -71.55251963672681,-16.3801060109238,0 -71.55322240405664,-16.37898393493852,0 -71.55351680849149,-16.37913734991568,0 
							</coordinates>
						</LinearRing>
					</outerBoundaryIs>
				</Polygon>
			</Placemark>
			<Placemark>
				<name>1.3.23-15</name>
				<styleUrl>#msn_ylw-pushpin080</styleUrl>
				<Polygon>
					<tessellate>1</tessellate>
					<outerBoundaryIs>
						<LinearRing>
							<coordinates>
								-71.55312657988385,-16.37892188448073,0 -71.55245197610228,-16.38005097659608,0 -71.55215456556668,-16.37989453955653,0 -71.55282916806995,-16.37875317610592,0 -71.55312657988385,-16.37892188448073,0 
							</coordinates>
						</LinearRing>
					</outerBoundaryIs>
				</Polygon>
			</Placemark>
			<Placemark>
				<name>1.3.23-16</name>
				<styleUrl>#msn_ylw-pushpin080</styleUrl>
				<Polygon>
					<tessellate>1</tessellate>
					<outerBoundaryIs>
						<LinearRing>
							<coordinates>
								-71.55257976533203,-16.378961826875,0 -71.55209367452829,-16.37868575600152,0 -71.55222475202633,-16.37840494475603,0 -71.55273322793235,-16.37869941947729,0 -71.55257976533203,-16.378961826875,0 
							</coordinates>
						</LinearRing>
					</outerBoundaryIs>
				</Polygon>
			</Placemark>
			<Placemark>
				<name>1.3.23-17</name>
				<styleUrl>#msn_ylw-pushpin080</styleUrl>
				<Polygon>
					<tessellate>1</tessellate>
					<outerBoundaryIs>
						<LinearRing>
							<coordinates>
								-71.55250622756311,-16.37906146558063,0 -71.55235596213265,-16.37932532788926,0 -71.55184428852861,-16.37904005682816,0 -71.55200414717355,-16.37877005790897,0 -71.55250622756311,-16.37906146558063,0 
							</coordinates>
						</LinearRing>
					</outerBoundaryIs>
				</Polygon>
			</Placemark>
			<Placemark>
				<name>1.3.23-18</name>
				<styleUrl>#msn_ylw-pushpin080</styleUrl>
				<Polygon>
					<tessellate>1</tessellate>
					<outerBoundaryIs>
						<LinearRing>
							<coordinates>
								-71.55205862561418,-16.37983771339979,0 -71.55176441198911,-16.37967207125619,0 -71.55200100337646,-16.37926400420084,0 -71.55228881924347,-16.37941737442708,0 -71.55205862561418,-16.37983771339979,0 
							</coordinates>
						</LinearRing>
					</outerBoundaryIs>
				</Polygon>
			</Placemark>
			<Placemark>
				<name>1.3.23-19</name>
				<styleUrl>#msn_ylw-pushpin080</styleUrl>
				<Polygon>
					<tessellate>1</tessellate>
					<outerBoundaryIs>
						<LinearRing>
							<coordinates>
								-71.55164288814831,-16.37959538356685,0 -71.55157572920507,-16.37954323437436,0 -71.55157571630168,-16.3794205145075,0 -71.55154373139489,-16.3793530218449,0 -71.55146697911947,-16.37930087356612,0 -71.55162044509031,-16.37904314707374,0 -71.55188907488339,-16.37920265570017,0 -71.55164288814831,-16.37959538356685,0 
							</coordinates>
						</LinearRing>
					</outerBoundaryIs>
				</Polygon>
			</Placemark>
			<Placemark>
				<name>1.3.23-20</name>
				<styleUrl>#msn_ylw-pushpin080</styleUrl>
				<Polygon>
					<tessellate>1</tessellate>
					<outerBoundaryIs>
						<LinearRing>
							<coordinates>
								-71.55290762605587,-16.38045567996223,0 -71.55289164468026,-16.38052317752544,0 -71.5528244896327,-16.38051398057635,0 -71.5527253890458,-16.3807901102621,0 -71.55218494709405,-16.38066437784385,0 -71.55233518521941,-16.38013973647484,0 -71.55290762605587,-16.38045567996223,0 
							</coordinates>
						</LinearRing>
					</outerBoundaryIs>
				</Polygon>
			</Placemark>
			<Placemark>
				<name>1.3.23-21</name>
				<styleUrl>#msn_ylw-pushpin080</styleUrl>
				<Polygon>
					<tessellate>1</tessellate>
					<outerBoundaryIs>
						<LinearRing>
							<coordinates>
								-71.55203783134554,-16.38062685735392,0 -71.55182997006983,-16.38058699379119,0 -71.55188750131948,-16.38032314053887,0 -71.55159646947973,-16.38001330246485,0 -71.55135661315565,-16.37979549897551,0 -71.5512798175928,-16.37933223995638,0 -71.55142051646277,-16.37930461423522,0 -71.55151325858778,-16.37936903303467,0 -71.55155163705086,-16.37941811716575,0 -71.55154524804597,-16.37947947762147,0 -71.55155807170097,-16.37965200293923,0 -71.55176594858996,-16.37984833469847,0 -71.55223604921906,-16.38009679477473,0 -71.5520986040859,-16.3806398426732,0 -71.55203783134554,-16.38062685735392,0 
							</coordinates>
						</LinearRing>
					</outerBoundaryIs>
				</Polygon>
			</Placemark>
			<Placemark>
				<name>1.3.23-22</name>
				<styleUrl>#msn_ylw-pushpin080</styleUrl>
				<Polygon>
					<tessellate>1</tessellate>
					<outerBoundaryIs>
						<LinearRing>
							<coordinates>
								-71.55117438432428,-16.3802342390915,0 -71.55113598211571,-16.37996425918558,0 -71.55107516446158,-16.37939361910193,0 -71.55121586456725,-16.37937519749951,0 -71.5513342438886,-16.37995503623146,0 -71.55170522544505,-16.38028941271835,0 -71.55145899522086,-16.38029864016962,0 -71.55117438432428,-16.3802342390915,0 
							</coordinates>
						</LinearRing>
					</outerBoundaryIs>
				</Polygon>
			</Placemark>
			<Placemark>
				<name>1.3.23-23</name>
				<styleUrl>#msn_ylw-pushpin080</styleUrl>
				<Polygon>
					<tessellate>1</tessellate>
					<outerBoundaryIs>
						<LinearRing>
							<coordinates>
								-71.5512902044221,-16.37922949026524,0 -71.55122622634735,-16.37901473697163,0 -71.55097995533303,-16.37859751443433,0 -71.55082327018076,-16.37864354917344,0 -71.55074010800359,-16.378444137895,0 -71.55087760592963,-16.3783919690843,0 -71.55153320776716,-16.37897789130255,0 -71.55137654286655,-16.37921720992887,0 -71.5512902044221,-16.37922949026524,0 
							</coordinates>
						</LinearRing>
					</outerBoundaryIs>
				</Polygon>
			</Placemark>
			<Placemark>
				<name>1.3.23-24</name>
				<styleUrl>#msn_ylw-pushpin080</styleUrl>
				<Polygon>
					<tessellate>1</tessellate>
					<outerBoundaryIs>
						<LinearRing>
							<coordinates>
								-71.55236772037571,-16.37798684365046,0 -71.55217268913668,-16.37830286880061,0 -71.5520159888368,-16.37821698101189,0 -71.55200317811529,-16.37803290222118,0 -71.55211188206729,-16.37783960628795,0 -71.55236772037571,-16.37798684365046,0 
							</coordinates>
						</LinearRing>
					</outerBoundaryIs>
				</Polygon>
			</Placemark>
			<Placemark>
				<name>1.3.23-25</name>
				<styleUrl>#msn_ylw-pushpin080</styleUrl>
				<Polygon>
					<tessellate>1</tessellate>
					<outerBoundaryIs>
						<LinearRing>
							<coordinates>
								-71.55215640543081,-16.37345502645273,0 -71.55181107901028,-16.3730099050834,0 -71.55169775899724,-16.37275628209444,0 -71.55191084389688,-16.37258544737155,0 -71.55246660407441,-16.37329712314075,0 -71.55215640543081,-16.37345502645273,0 
							</coordinates>
						</LinearRing>
					</outerBoundaryIs>
				</Polygon>
			</Placemark>
			<Placemark>
				<name>1.3.23-26</name>
				<styleUrl>#msn_ylw-pushpin080</styleUrl>
				<Polygon>
					<tessellate>1</tessellate>
					<outerBoundaryIs>
						<LinearRing>
							<coordinates>
								-71.55156018124779,-16.37272523593792,0 -71.55152509290424,-16.37251301525049,0 -71.55179752416744,-16.3723602919841,0 -71.55188116090051,-16.37250521780011,0 -71.55168695606787,-16.37265275756575,0 -71.55167617437597,-16.3727355776799,0 -71.55156018124779,-16.37272523593792,0 
							</coordinates>
						</LinearRing>
					</outerBoundaryIs>
				</Polygon>
			</Placemark>
			<Placemark>
				<name>1.3.24-1</name>
				<styleUrl>#msn_ylw-pushpin080</styleUrl>
				<Polygon>
					<tessellate>1</tessellate>
					<outerBoundaryIs>
						<LinearRing>
							<coordinates>
								-71.55212163036835,-16.37485571681565,0 -71.55216615926999,-16.37509769587361,0 -71.55140954519912,-16.37542040094803,0 -71.55125514518878,-16.37544570991627,0 -71.55116664671402,-16.37541486512972,0 -71.55112713621021,-16.37542414048438,0 -71.55109746523608,-16.37548559610768,0 -71.55100403818645,-16.37550696499526,0 -71.55085780667108,-16.37550697644242,0 -71.55083794233194,-16.37531509703264,0 -71.5511066433333,-16.37527089672721,0 -71.55143748943613,-16.37523911655593,0 -71.5519259261048,-16.37500880788357,0 -71.55212163036835,-16.37485571681565,0 
							</coordinates>
						</LinearRing>
					</outerBoundaryIs>
				</Polygon>
			</Placemark>
			<Placemark>
				<name>1.3.24-2</name>
				<styleUrl>#msn_ylw-pushpin080</styleUrl>
				<Polygon>
					<tessellate>1</tessellate>
					<outerBoundaryIs>
						<LinearRing>
							<coordinates>
								-71.55191582251645,-16.37587370913857,0 -71.55189479339423,-16.37584975573805,0 -71.55185449693539,-16.37581062571331,0 -71.55180398044297,-16.3758106301432,0 -71.55175617306979,-16.37584376399477,0 -71.55171538641123,-16.37586774680595,0 -71.55149745205109,-16.37585578775616,0 -71.55143951857245,-16.37549446721811,0 -71.55187944786334,-16.37531034436073,0 -71.55198364336179,-16.3755640233273,0 -71.55198415787292,-16.37587071394363,0 -71.55191582251645,-16.37587370913857,0 
							</coordinates>
						</LinearRing>
					</outerBoundaryIs>
				</Polygon>
			</Placemark>
			<Placemark>
				<name>1.3.24-3</name>
				<styleUrl>#msn_ylw-pushpin080</styleUrl>
				<Polygon>
					<tessellate>1</tessellate>
					<outerBoundaryIs>
						<LinearRing>
							<coordinates>
								-71.55136206936055,-16.37551353528224,0 -71.55139700347993,-16.37585279796879,0 -71.55129857656812,-16.37586478965606,0 -71.55126790785464,-16.37583177918082,0 -71.55123047353781,-16.37581067852933,0 -71.55119169215263,-16.37581370105744,0 -71.55115997510545,-16.37585581548446,0 -71.5511520800368,-16.37589763255087,0 -71.55116833353533,-16.375927320988,0 -71.55120211742415,-16.37595685999131,0 -71.55125788680046,-16.37595685548763,0 -71.55130351357765,-16.37593027086933,0 -71.55140059416709,-16.37593026290196,0 -71.5514092873577,-16.37618231026046,0 -71.55140362377102,-16.3763029673555,0 -71.551295520812,-16.37630019861108,0 -71.55127102284254,-16.37628072075658,0 -71.55123754857652,-16.37626676874678,0 -71.55119694435797,-16.37627793841752,0 -71.55116372852092,-16.37631408285452,0 -71.55116947192406,-16.37636924373347,0 -71.55119634431887,-16.3763966237092,0 -71.55122949084806,-16.37641026290436,0 -71.5512698215414,-16.37639661789646,0 -71.55129728972069,-16.37636374137563,0 -71.55141230659048,-16.37638019304035,0 -71.55142274716817,-16.37676660352309,0 -71.55130791113835,-16.37676661252147,0 -71.55128556079229,-16.37673070050273,0 -71.55124807557385,-16.3767152399832,0 -71.55119461667704,-16.37673842304947,0 -71.55116533341594,-16.37677428900439,0 -71.55108074635227,-16.37677174156196,0 -71.55107333879023,-16.37629743739523,0 -71.55099900364239,-16.37580162980596,0 -71.55099296466125,-16.37553256781197,0 -71.55136206936055,-16.37551353528224,0 
							</coordinates>
						</LinearRing>
					</outerBoundaryIs>
				</Polygon>
			</Placemark>
			<Placemark>
				<name>1.3.24-4</name>
				<styleUrl>#msn_ylw-pushpin080</styleUrl>
				<Polygon>
					<tessellate>1</tessellate>
					<outerBoundaryIs>
						<LinearRing>
							<coordinates>
								-71.55151662111018,-16.37673435486485,0 -71.55150948106811,-16.37637844209682,0 -71.55174295390141,-16.37636684995467,0 -71.55177456010126,-16.37640725227755,0 -71.55182940767642,-16.37641012306371,0 -71.55189426700618,-16.37636683712905,0 -71.55190384621453,-16.37632615073472,0 -71.55187833049879,-16.37628518385558,0 -71.55180973603794,-16.37626459797597,0 -71.55176042074456,-16.37629399699845,0 -71.55172168266955,-16.37630279023418,0 -71.55150191026064,-16.37630866121601,0 -71.55148410166846,-16.37594067579066,0 -71.5517348727379,-16.37593443023435,0 -71.55177417114926,-16.37597167703751,0 -71.55181526302378,-16.37598403952811,0 -71.5518775260101,-16.37595927669726,0 -71.55190606972594,-16.37590945424055,0 -71.55197833401965,-16.37591257355541,0 -71.55199291212945,-16.37636972399588,0 -71.55191413240523,-16.37658566782627,0 -71.55174559581167,-16.37672617858875,0 -71.55151662111018,-16.37673435486485,0 
							</coordinates>
						</LinearRing>
					</outerBoundaryIs>
				</Polygon>
			</Placemark>
			<Placemark>
				<name>1.3.24-5</name>
				<styleUrl>#msn_ylw-pushpin080</styleUrl>
				<Polygon>
					<tessellate>1</tessellate>
					<outerBoundaryIs>
						<LinearRing>
							<coordinates>
								-71.55110446367387,-16.37725287536997,0 -71.55107659854271,-16.37681684522761,0 -71.55116809638523,-16.37681385949774,0 -71.55118536975698,-16.37685542380077,0 -71.5512438726733,-16.3768760932312,0 -71.55128536717265,-16.37685541595583,0 -71.55130970232895,-16.37681682703089,0 -71.55143058779483,-16.37681979452211,0 -71.55144003449115,-16.37707321772599,0 -71.55110446367387,-16.37725287536997,0 
							</coordinates>
						</LinearRing>
					</outerBoundaryIs>
				</Polygon>
			</Placemark>
			<Placemark>
				<name>1.3.24-6</name>
				<styleUrl>#msn_ylw-pushpin080</styleUrl>
				<Polygon>
					<tessellate>1</tessellate>
					<outerBoundaryIs>
						<LinearRing>
							<coordinates>
								-71.55142746993378,-16.37720078748426,0 -71.55144790346947,-16.37787792863363,0 -71.55136809407999,-16.37788398916901,0 -71.55132014643172,-16.37784453306874,0 -71.55127971371355,-16.3778384430839,0 -71.55123219810254,-16.37787491560987,0 -71.55119691065921,-16.37790514611742,0 -71.55107361711906,-16.37789912152008,0 -71.55105180794203,-16.37751638653022,0 -71.55118962072382,-16.37730771540062,0 -71.55142746993378,-16.37720078748426,0 
							</coordinates>
						</LinearRing>
					</outerBoundaryIs>
				</Polygon>
			</Placemark>
			<Placemark>
				<name>1.3.24-7</name>
				<styleUrl>#msn_ylw-pushpin080</styleUrl>
				<Polygon>
					<tessellate>1</tessellate>
					<outerBoundaryIs>
						<LinearRing>
							<coordinates>
								-71.55143892118369,-16.37823352073174,0 -71.55136728160495,-16.37831882015905,0 -71.55139500001802,-16.37838851400213,0 -71.55147583468502,-16.37844884057005,0 -71.55155275178448,-16.37842592168499,0 -71.55160411102712,-16.37834793904281,0 -71.55156515761327,-16.37827189342789,0 -71.55150823306592,-16.37821571899004,0 -71.55152904501028,-16.37683998909008,0 -71.5517529699892,-16.37682488346184,0 -71.55189678564379,-16.37674275598003,0 -71.55198323426879,-16.37662219614501,0 -71.55205272551724,-16.37641600355148,0 -71.55209873853916,-16.37619627779667,0 -71.55223698864498,-16.37605123031853,0 -71.55247576866682,-16.37595155571759,0 -71.55261687605787,-16.37617284132234,0 -71.55243470803845,-16.37619958439995,0 -71.55231674035696,-16.3762692346655,0 -71.55220092116768,-16.37662025459737,0 -71.55217481493935,-16.37688330519822,0 -71.55189859489717,-16.37699894327722,0 -71.55177850345379,-16.37724105761737,0 -71.55172602111455,-16.37819372349574,0 -71.55175290704693,-16.37845818566831,0 -71.55170768538854,-16.37857534771484,0 -71.55158457249219,-16.37864774261379,0 -71.5514806924791,-16.37865041458184,0 -71.5510883939812,-16.37830774378182,0 -71.55097880023531,-16.37811270164647,0 -71.55109982629357,-16.37811560703972,0 -71.55107389070531,-16.37795022187684,0 -71.5512079338785,-16.37793822623651,0 -71.55123590032136,-16.37800385820302,0 -71.55130295591906,-16.37800385311342,0 -71.5513559133595,-16.37795917458986,0 -71.55142933101213,-16.37795916895689,0 -71.55143892118369,-16.37823352073174,0 
							</coordinates>
						</LinearRing>
					</outerBoundaryIs>
				</Polygon>
			</Placemark>
			<Placemark>
				<name>1.3.24-8</name>
				<styleUrl>#msn_ylw-pushpin080</styleUrl>
				<Polygon>
					<tessellate>1</tessellate>
					<outerBoundaryIs>
						<LinearRing>
							<coordinates>
								-71.55072242091781,-16.37831381014682,0 -71.55058847061395,-16.37798743477913,0 -71.55058561902105,-16.37783417710354,0 -71.55082905591041,-16.37779143106884,0 -71.5508277554385,-16.37799083851374,0 -71.55094970980072,-16.37824336864812,0 -71.55072242091781,-16.37831381014682,0 
							</coordinates>
						</LinearRing>
					</outerBoundaryIs>
				</Polygon>
			</Placemark>
			<Placemark>
				<name>1.3.26-1</name>
				<styleUrl>#msn_ylw-pushpin080</styleUrl>
				<Polygon>
					<tessellate>1</tessellate>
					<outerBoundaryIs>
						<LinearRing>
							<coordinates>
								-71.54446517771775,-16.3769568912035,0 -71.54464547348364,-16.37696362761616,0 -71.54464446208515,-16.37706210270684,0 -71.54433720884951,-16.37712934148954,0 -71.54434617668309,-16.37692594242792,0 -71.54446517771775,-16.3769568912035,0 
							</coordinates>
						</LinearRing>
					</outerBoundaryIs>
				</Polygon>
			</Placemark>
			<Placemark>
				<name>1.3.26-2</name>
				<styleUrl>#msn_ylw-pushpin080</styleUrl>
				<Polygon>
					<tessellate>1</tessellate>
					<outerBoundaryIs>
						<LinearRing>
							<coordinates>
								-71.54465051938205,-16.37746604126746,0 -71.54432619651203,-16.377475289721,0 -71.54433616288165,-16.37719666334923,0 -71.54463873776535,-16.37713282168036,0 -71.54465051938205,-16.37746604126746,0 
							</coordinates>
						</LinearRing>
					</outerBoundaryIs>
				</Polygon>
			</Placemark>
			<Placemark>
				<name>1.3.26-3</name>
				<styleUrl>#msn_ylw-pushpin080</styleUrl>
				<Polygon>
					<tessellate>1</tessellate>
					<outerBoundaryIs>
						<LinearRing>
							<coordinates>
								-71.54465160503337,-16.37657689409439,0 -71.54464179789369,-16.37682943852371,0 -71.54452051006524,-16.3768431559483,0 -71.54430174632829,-16.37680521971525,0 -71.54401076286274,-16.37662270780972,0 -71.54411366321601,-16.3764373327838,0 -71.54465160503337,-16.37657689409439,0 
							</coordinates>
						</LinearRing>
					</outerBoundaryIs>
				</Polygon>
			</Placemark>
			<Placemark>
				<name>1.3.26-4</name>
				<styleUrl>#msn_ylw-pushpin080</styleUrl>
				<Polygon>
					<tessellate>1</tessellate>
					<outerBoundaryIs>
						<LinearRing>
							<coordinates>
								-71.54368607700344,-16.37632283592655,0 -71.54398386363012,-16.37638563244771,0 -71.54394613010713,-16.37654811638096,0 -71.54387168098621,-16.37667451031112,0 -71.54379122844817,-16.37685394720662,0 -71.54346213784991,-16.37676931715771,0 -71.54368607700344,-16.37632283592655,0 
							</coordinates>
						</LinearRing>
					</outerBoundaryIs>
				</Polygon>
			</Placemark>
			<Placemark>
				<name>1.3.26-5</name>
				<styleUrl>#msn_ylw-pushpin080</styleUrl>
				<Polygon>
					<tessellate>1</tessellate>
					<outerBoundaryIs>
						<LinearRing>
							<coordinates>
								-71.54375564047352,-16.37701301475471,0 -71.54374573813917,-16.37720142253224,0 -71.54342553518954,-16.37719249897278,0 -71.54344954006658,-16.3768113607998,0 -71.5437869127957,-16.37686632642076,0 -71.54375564047352,-16.37701301475471,0 
							</coordinates>
						</LinearRing>
					</outerBoundaryIs>
				</Polygon>
			</Placemark>
			<Placemark>
				<name>1.3.26-6</name>
				<styleUrl>#msn_ylw-pushpin080</styleUrl>
				<Polygon>
					<tessellate>1</tessellate>
					<outerBoundaryIs>
						<LinearRing>
							<coordinates>
								-71.54375715352138,-16.37727834428048,0 -71.54379294635639,-16.37760996435261,0 -71.54390982928118,-16.37762001953411,0 -71.54393487795738,-16.37758590546782,0 -71.544618897004,-16.37759371149216,0 -71.54463062217866,-16.37782211082501,0 -71.54420766282283,-16.37787795070112,0 -71.54401484881052,-16.37785864423669,0 -71.54379832304278,-16.3778045551685,0 -71.54368668264731,-16.37778469800367,0 -71.54358942231042,-16.37804417913328,0 -71.54353233198285,-16.37811835989058,0 -71.54355514089417,-16.37822479221728,0 -71.5434530957004,-16.3782386330405,0 -71.54341340973568,-16.37811960206499,0 -71.5435263165876,-16.37761860302034,0 -71.54342995721638,-16.37726251164669,0 -71.54375715352138,-16.37727834428048,0 
							</coordinates>
						</LinearRing>
					</outerBoundaryIs>
				</Polygon>
			</Placemark>
			<Placemark>
				<name>1.3.26-7</name>
				<styleUrl>#msn_ylw-pushpin080</styleUrl>
				<Polygon>
					<tessellate>1</tessellate>
					<outerBoundaryIs>
						<LinearRing>
							<coordinates>
								-71.54455718178801,-16.37532667432356,0 -71.54408983793132,-16.37537548248721,0 -71.54397610199858,-16.37456885976194,0 -71.54445337280448,-16.37451245409504,0 -71.54455718178801,-16.37532667432356,0 
							</coordinates>
						</LinearRing>
					</outerBoundaryIs>
				</Polygon>
			</Placemark>
			<Placemark>
				<name>1.3.26-8</name>
				<styleUrl>#msn_ylw-pushpin080</styleUrl>
				<Polygon>
					<tessellate>1</tessellate>
					<outerBoundaryIs>
						<LinearRing>
							<coordinates>
								-71.54393815739647,-16.37490802207426,0 -71.54368483101462,-16.37493893939277,0 -71.54357608232689,-16.37457869310567,0 -71.5438572857642,-16.37455339495477,0 -71.54393815739647,-16.37490802207426,0 
							</coordinates>
						</LinearRing>
					</outerBoundaryIs>
				</Polygon>
			</Placemark>
			<Placemark>
				<name>1.3.26-9</name>
				<styleUrl>#msn_ylw-pushpin080</styleUrl>
				<Polygon>
					<tessellate>1</tessellate>
					<outerBoundaryIs>
						<LinearRing>
							<coordinates>
								-71.54369848748166,-16.37496494031517,0 -71.54392698987439,-16.37493831484462,0 -71.54399031006228,-16.37538265798922,0 -71.54362876182873,-16.37542377310804,0 -71.54369848748166,-16.37496494031517,0 
							</coordinates>
						</LinearRing>
					</outerBoundaryIs>
				</Polygon>
			</Placemark>
			<Placemark>
				<name>1.3.26-10</name>
				<styleUrl>#msn_ylw-pushpin080</styleUrl>
				<Polygon>
					<tessellate>1</tessellate>
					<outerBoundaryIs>
						<LinearRing>
							<coordinates>
								-71.54378579443564,-16.37405937101896,0 -71.54385824890571,-16.37449821130197,0 -71.54357206903258,-16.37454421039973,0 -71.54341383441535,-16.37411021357009,0 -71.54360207757095,-16.37409055986206,0 -71.5436350836229,-16.37373108576345,0 -71.54375409864797,-16.37374838363497,0 -71.54378579443564,-16.37405937101896,0 
							</coordinates>
						</LinearRing>
					</outerBoundaryIs>
				</Polygon>
			</Placemark>
			<Placemark>
				<name>1.3.26-11</name>
				<styleUrl>#msn_ylw-pushpin080</styleUrl>
				<Polygon>
					<tessellate>1</tessellate>
					<outerBoundaryIs>
						<LinearRing>
							<coordinates>
								-71.54383826774998,-16.37369273106393,0 -71.54390043756952,-16.37347689960167,0 -71.54436506268057,-16.37346516671055,0 -71.54436398427885,-16.37381954427338,0 -71.54444516897217,-16.37438570688333,0 -71.54394631482545,-16.3744534194382,0 -71.54383826774998,-16.37369273106393,0 
							</coordinates>
						</LinearRing>
					</outerBoundaryIs>
				</Polygon>
			</Placemark>
			<Placemark>
				<name>1.3.26-12</name>
				<styleUrl>#msn_ylw-pushpin080</styleUrl>
				<Polygon>
					<tessellate>1</tessellate>
					<outerBoundaryIs>
						<LinearRing>
							<coordinates>
								-71.54437319790065,-16.37330810294076,0 -71.54396004833342,-16.37330556513491,0 -71.54359942653976,-16.37302749576331,0 -71.54367262358237,-16.37282641147123,0 -71.5443760247118,-16.3728890971183,0 -71.54437319790065,-16.37330810294076,0 
							</coordinates>
						</LinearRing>
					</outerBoundaryIs>
				</Polygon>
			</Placemark>
			<Placemark>
				<name>1.3.26-13</name>
				<styleUrl>#msn_ylw-pushpin080</styleUrl>
				<Polygon>
					<tessellate>1</tessellate>
					<outerBoundaryIs>
						<LinearRing>
							<coordinates>
								-71.54334064274086,-16.37405694849751,0 -71.54333130830969,-16.37412571573048,0 -71.54334477297402,-16.37424926942012,0 -71.54358455173576,-16.37489392290178,0 -71.54356748190621,-16.37508849578098,0 -71.54351230148349,-16.37544363721646,0 -71.54340427767998,-16.37544911456244,0 -71.54333851111946,-16.37552649486104,0 -71.54291115326014,-16.37529370379915,0 -71.54296401927527,-16.37524673643956,0 -71.54310564110398,-16.37520012944141,0 -71.54327097864287,-16.37509241853774,0 -71.54333291406877,-16.37501044117724,0 -71.54328724707996,-16.37477822017966,0 -71.54301360051434,-16.37479334497197,0 -71.54302142008589,-16.37465946891327,0 -71.54324784613846,-16.37462471468185,0 -71.54310865953613,-16.37427578393318,0 -71.54311169647741,-16.37411537614891,0 -71.54322624239083,-16.37401985027128,0 -71.54334064274086,-16.37405694849751,0 
							</coordinates>
						</LinearRing>
					</outerBoundaryIs>
				</Polygon>
			</Placemark>
			<Placemark>
				<name>1.3.26-14</name>
				<styleUrl>#msn_ylw-pushpin080</styleUrl>
				<Polygon>
					<tessellate>1</tessellate>
					<outerBoundaryIs>
						<LinearRing>
							<coordinates>
								-71.54296313362869,-16.37359904102594,0 -71.54311308304827,-16.37365777571272,0 -71.54300497855408,-16.37384511212636,0 -71.54285158748812,-16.37376928784238,0 -71.54296313362869,-16.37359904102594,0 
							</coordinates>
						</LinearRing>
					</outerBoundaryIs>
				</Polygon>
			</Placemark>
			<Placemark>
				<name>1.3.26-15</name>
				<styleUrl>#msn_ylw-pushpin080</styleUrl>
				<Polygon>
					<tessellate>1</tessellate>
					<outerBoundaryIs>
						<LinearRing>
							<coordinates>
								-71.54331315805993,-16.37572001141513,0 -71.54336626859076,-16.37580388515587,0 -71.54342900010128,-16.37582169914048,0 -71.54335617070893,-16.37599459594029,0 -71.54324656677001,-16.37599187384144,0 -71.54318804962485,-16.37592891106255,0 -71.54297140252714,-16.37584905189101,0 -71.54294060468979,-16.37572470314288,0 -71.54298057350873,-16.37555850098721,0 -71.54291307010712,-16.37532447397651,0 -71.54333934230428,-16.3755536559106,0 -71.54331315805993,-16.37572001141513,0 
							</coordinates>
						</LinearRing>
					</outerBoundaryIs>
				</Polygon>
			</Placemark>
			<Placemark>
				<name>1.3.26-16</name>
				<styleUrl>#msn_ylw-pushpin080</styleUrl>
				<Polygon>
					<tessellate>1</tessellate>
					<outerBoundaryIs>
						<LinearRing>
							<coordinates>
								-71.54454920283034,-16.37541458545879,0 -71.54460856279427,-16.37574166822908,0 -71.54443573150817,-16.37575088392994,0 -71.54414009026196,-16.37573954743884,0 -71.54396663678595,-16.37573128353493,0 -71.5439073393531,-16.37585432397581,0 -71.54375951355064,-16.37583051074115,0 -71.54374761180391,-16.37552908826287,0 -71.54454920283034,-16.37541458545879,0 
							</coordinates>
						</LinearRing>
					</outerBoundaryIs>
				</Polygon>
			</Placemark>
			<Placemark>
				<name>1.3.26-17</name>
				<styleUrl>#msn_ylw-pushpin080</styleUrl>
				<Polygon>
					<tessellate>1</tessellate>
					<outerBoundaryIs>
						<LinearRing>
							<coordinates>
								-71.54384139818822,-16.37634212921959,0 -71.54382822446456,-16.37603822224283,0 -71.54386104042588,-16.37588186753216,0 -71.54406765644914,-16.37587149493039,0 -71.54405124355387,-16.37579718449418,0 -71.54445897263999,-16.37584560133665,0 -71.54452729585761,-16.37592107292667,0 -71.54456715263346,-16.3760366371794,0 -71.54457928485844,-16.37610901103346,0 -71.54466523370604,-16.37616096278866,0 -71.54466259701313,-16.37622863055324,0 -71.54465226441972,-16.37656176692867,0 -71.54384139818822,-16.37634212921959,0 
							</coordinates>
						</LinearRing>
					</outerBoundaryIs>
				</Polygon>
			</Placemark>
			<Placemark>
				<name>1.3.29-10</name>
				<styleUrl>#msn_ylw-pushpin080</styleUrl>
				<Polygon>
					<tessellate>1</tessellate>
					<outerBoundaryIs>
						<LinearRing>
							<coordinates>
								-71.54928723086655,-16.37287986851825,0 -71.54950522211155,-16.37293794629235,0 -71.54945371208362,-16.37329104682979,0 -71.54933347554319,-16.37328380976196,0 -71.54928723086655,-16.37287986851825,0 
							</coordinates>
						</LinearRing>
					</outerBoundaryIs>
				</Polygon>
			</Placemark>
			<Placemark>
				<name>1.3.29-11</name>
				<styleUrl>#msn_ylw-pushpin080</styleUrl>
				<Polygon>
					<tessellate>1</tessellate>
					<outerBoundaryIs>
						<LinearRing>
							<coordinates>
								-71.54935275782202,-16.37334741912442,0 -71.54961088625956,-16.37334428015703,0 -71.54965349633898,-16.37350461356865,0 -71.54968857537784,-16.37369879007802,0 -71.54976793464353,-16.3737864455857,0 -71.549755009146,-16.37389145341009,0 -71.54941403532808,-16.3738997113246,0 -71.54935275782202,-16.37334741912442,0 
							</coordinates>
						</LinearRing>
					</outerBoundaryIs>
				</Polygon>
			</Placemark>
			<Placemark>
				<name>1.3.29-12</name>
				<styleUrl>#msn_ylw-pushpin080</styleUrl>
				<Polygon>
					<tessellate>1</tessellate>
					<outerBoundaryIs>
						<LinearRing>
							<coordinates>
								-71.55013745466299,-16.3739611606025,0 -71.5498285204072,-16.37387696002394,0 -71.54986538982875,-16.37356788073356,0 -71.55017344664694,-16.37357213416054,0 -71.55013745466299,-16.3739611606025,0 
							</coordinates>
						</LinearRing>
					</outerBoundaryIs>
				</Polygon>
			</Placemark>
			<Placemark>
				<name>1.3.29-15</name>
				<styleUrl>#msn_ylw-pushpin080</styleUrl>
				<Polygon>
					<tessellate>1</tessellate>
					<outerBoundaryIs>
						<LinearRing>
							<coordinates>
								-71.54891050619418,-16.37332949768132,0 -71.5485095989673,-16.37334668623551,0 -71.54849704480324,-16.37317448211096,0 -71.5482969506018,-16.37315725421432,0 -71.54824886514123,-16.37278099513059,0 -71.5488892185857,-16.37264416314109,0 -71.54891050619418,-16.37332949768132,0 
							</coordinates>
						</LinearRing>
					</outerBoundaryIs>
				</Polygon>
			</Placemark>
			<Placemark>
				<name>1.3.29-16</name>
				<styleUrl>#msn_ylw-pushpin080</styleUrl>
				<Polygon>
					<tessellate>1</tessellate>
					<outerBoundaryIs>
						<LinearRing>
							<coordinates>
								-71.54928537396876,-16.37219341262255,0 -71.54928568875198,-16.37249903014051,0 -71.54872208020721,-16.37261038297606,0 -71.5486709576884,-16.37224135865653,0 -71.5485948118979,-16.37224670658364,0 -71.54857035572414,-16.37207109492768,0 -71.54927825507576,-16.37200955376899,0 -71.54928537396876,-16.37219341262255,0 
							</coordinates>
						</LinearRing>
					</outerBoundaryIs>
				</Polygon>
			</Placemark>
			<Placemark>
				<name>1.3.29-17</name>
				<styleUrl>#msn_ylw-pushpin080</styleUrl>
				<Polygon>
					<tessellate>1</tessellate>
					<outerBoundaryIs>
						<LinearRing>
							<coordinates>
								-71.54856065437309,-16.37226361312407,0 -71.54860400176253,-16.37263111047054,0 -71.54825400586449,-16.37269684449706,0 -71.54820021009076,-16.37235485449935,0 -71.5481383230281,-16.37220506740183,0 -71.54836569150308,-16.37211213845457,0 -71.54844338757785,-16.37227671770768,0 -71.54856065437309,-16.37226361312407,0 
							</coordinates>
						</LinearRing>
					</outerBoundaryIs>
				</Polygon>
			</Placemark>
			<Placemark>
				<name>1.3.29-18</name>
				<styleUrl>#msn_ylw-pushpin080</styleUrl>
				<Polygon>
					<tessellate>1</tessellate>
					<outerBoundaryIs>
						<LinearRing>
							<coordinates>
								-71.5501709316286,-16.37217240043836,0 -71.54978866709503,-16.37221032308332,0 -71.54936746186672,-16.37218918907095,0 -71.54936871052432,-16.3719941788036,0 -71.5501662152061,-16.37198105811509,0 -71.5501709316286,-16.37217240043836,0 
							</coordinates>
						</LinearRing>
					</outerBoundaryIs>
				</Polygon>
			</Placemark>
			<Placemark>
				<name>1.3.29-19</name>
				<styleUrl>#msn_ylw-pushpin080</styleUrl>
				<Polygon>
					<tessellate>1</tessellate>
					<outerBoundaryIs>
						<LinearRing>
							<coordinates>
								-71.5484884051972,-16.37225980489887,0 -71.54841713110272,-16.37209684717946,0 -71.54854809608517,-16.37207876022568,0 -71.54857834717937,-16.37224800924114,0 -71.5484884051972,-16.37225980489887,0 
							</coordinates>
						</LinearRing>
					</outerBoundaryIs>
				</Polygon>
			</Placemark>
			<Placemark>
				<name>1.3.29-20</name>
				<styleUrl>#msn_ylw-pushpin080</styleUrl>
				<Polygon>
					<tessellate>1</tessellate>
					<outerBoundaryIs>
						<LinearRing>
							<coordinates>
								-71.5477507178577,-16.37253937456407,0 -71.54762253802761,-16.37240214141905,0 -71.54808707917833,-16.37222690542561,0 -71.54816133887877,-16.37237057606387,0 -71.5477507178577,-16.37253937456407,0 
							</coordinates>
						</LinearRing>
					</outerBoundaryIs>
				</Polygon>
			</Placemark>
			<Placemark>
				<name>1.3.29-21</name>
				<styleUrl>#msn_ylw-pushpin080</styleUrl>
				<Polygon>
					<tessellate>1</tessellate>
					<outerBoundaryIs>
						<LinearRing>
							<coordinates>
								-71.54936624843947,-16.37397656536299,0 -71.54898457699343,-16.37410850446748,0 -71.54891662162552,-16.37338077354526,0 -71.5492764721332,-16.3733666350048,0 -71.54936624843947,-16.37397656536299,0 
							</coordinates>
						</LinearRing>
					</outerBoundaryIs>
				</Polygon>
			</Placemark>
			<Placemark>
				<name>1.3.29-22</name>
				<styleUrl>#msn_ylw-pushpin080</styleUrl>
				<Polygon>
					<tessellate>1</tessellate>
					<outerBoundaryIs>
						<LinearRing>
							<coordinates>
								-71.54946685907707,-16.3739355676471,0 -71.54991099801434,-16.37395197385136,0 -71.55012644994915,-16.37400932953623,0 -71.55022187113038,-16.37510226349064,0 -71.549707932863,-16.37517290768674,0 -71.54946685907707,-16.3739355676471,0 
							</coordinates>
						</LinearRing>
					</outerBoundaryIs>
				</Polygon>
			</Placemark>
			<Placemark>
				<name>1.3.29-23</name>
				<styleUrl>#msn_ylw-pushpin080</styleUrl>
				<Polygon>
					<tessellate>1</tessellate>
					<outerBoundaryIs>
						<LinearRing>
							<coordinates>
								-71.54949880627085,-16.3743279146796,0 -71.54930213353418,-16.37435232423636,0 -71.54925594867129,-16.37407064307747,0 -71.5494407089206,-16.37403296920766,0 -71.54949880627085,-16.3743279146796,0 
							</coordinates>
						</LinearRing>
					</outerBoundaryIs>
				</Polygon>
			</Placemark>
			<Placemark>
				<name>1.3.29-24</name>
				<styleUrl>#msn_ylw-pushpin080</styleUrl>
				<Polygon>
					<tessellate>1</tessellate>
					<outerBoundaryIs>
						<LinearRing>
							<coordinates>
								-71.54919848283393,-16.37409552594476,0 -71.54929662880895,-16.37463360393079,0 -71.54956307243468,-16.37469543277701,0 -71.54965658040516,-16.37516713073729,0 -71.54922060642282,-16.37529603940221,0 -71.54877850031276,-16.37538661427833,0 -71.54840634986624,-16.37551898054443,0 -71.54836308164973,-16.37513471735732,0 -71.54842643372677,-16.37510978478051,0 -71.54849502157001,-16.37518954331581,0 -71.548624360083,-16.37493134326328,0 -71.54867008776745,-16.37466502143205,0 -71.54863661367099,-16.3742869094843,0 -71.54919848283393,-16.37409552594476,0 
							</coordinates>
						</LinearRing>
					</outerBoundaryIs>
				</Polygon>
			</Placemark>
			<Placemark>
				<name>1.3.29-26</name>
				<styleUrl>#msn_ylw-pushpin080</styleUrl>
				<Polygon>
					<tessellate>1</tessellate>
					<outerBoundaryIs>
						<LinearRing>
							<coordinates>
								-71.55068637998752,-16.37412788318828,0 -71.55040166483148,-16.37362040165058,0 -71.55061486313186,-16.37354915945367,0 -71.55079433897626,-16.37334733869063,0 -71.55112697253382,-16.37399720838234,0 -71.55068637998752,-16.37412788318828,0 
							</coordinates>
						</LinearRing>
					</outerBoundaryIs>
				</Polygon>
			</Placemark>
			<Placemark>
				<name>1.3.36-11</name>
				<styleUrl>#msn_ylw-pushpin080</styleUrl>
				<Polygon>
					<tessellate>1</tessellate>
					<outerBoundaryIs>
						<LinearRing>
							<coordinates>
								-71.54092805624322,-16.36396324321449,0 -71.54078810407348,-16.36394926589898,0 -71.54067698822458,-16.3639331480889,0 -71.54062961904974,-16.36391571006825,0 -71.54057110187618,-16.3638753018406,0 -71.54051221832003,-16.36383745253357,0 -71.54044311230169,-16.36379681411176,0 -71.54043454883764,-16.36372514496794,0 -71.54041525892848,-16.36368074769899,0 -71.54039087084864,-16.3636546335977,0 -71.54034024173789,-16.36362360190526,0 -71.54032092708151,-16.36358455082994,0 -71.54030846260044,-16.36355111907528,0 -71.5402733562735,-16.3634811229213,0 -71.54028251354899,-16.36343376055132,0 -71.54028967393893,-16.36332004188411,0 -71.54028274775037,-16.3632343387035,0 -71.54029740067621,-16.36316971277893,0 -71.54038062712392,-16.36317991835933,0 -71.54042082269149,-16.36319141471901,0 -71.54049352656152,-16.36320496047328,0 -71.54059443309004,-16.3632142749522,0 -71.54068782954509,-16.36322055191292,0 -71.54084341293026,-16.36321782039909,0 -71.54085051150712,-16.36336377205454,0 -71.54100399362915,-16.36334598256683,0 -71.54105562688066,-16.36365499087689,0 -71.54111049427196,-16.36399423692648,0 -71.54092805624322,-16.36396324321449,0 
							</coordinates>
						</LinearRing>
					</outerBoundaryIs>
				</Polygon>
			</Placemark>
			<Placemark>
				<name>1.3.36-12</name>
				<styleUrl>#msn_ylw-pushpin080</styleUrl>
				<Polygon>
					<tessellate>1</tessellate>
					<outerBoundaryIs>
						<LinearRing>
							<coordinates>
								-71.54085222882006,-16.36256964710621,0 -71.54085505485058,-16.36275406520111,0 -71.54086632843332,-16.36288974305828,0 -71.54085998041981,-16.3630308726685,0 -71.54086125799091,-16.36311284912625,0 -71.54085764936544,-16.36320313440971,0 -71.5407841033057,-16.36320333796831,0 -71.5407146321302,-16.36320050478125,0 -71.54058338511794,-16.36319178004624,0 -71.54047087432139,-16.36318135389886,0 -71.54040141236062,-16.36316443617656,0 -71.54035296954682,-16.36315825464634,0 -71.54030247342853,-16.36315829886088,0 -71.54032432069042,-16.3630970816867,0 -71.54033608701903,-16.36304988783884,0 -71.54036305646542,-16.36300434282217,0 -71.54039001528142,-16.36295881566999,0 -71.54042191691686,-16.36291333684588,0 -71.54043703736454,-16.36287386635167,0 -71.54046729379237,-16.36281708816516,0 -71.54052118271605,-16.36272406864843,0 -71.54053991275678,-16.36266689918949,0 -71.54054701825888,-16.36260756969125,0 -71.54056563388247,-16.36257436325822,0 -71.54085222882006,-16.36256964710621,0 
							</coordinates>
						</LinearRing>
					</outerBoundaryIs>
				</Polygon>
			</Placemark>
			<Placemark>
				<name>1.3.36-13</name>
				<styleUrl>#msn_ylw-pushpin080</styleUrl>
				<Polygon>
					<tessellate>1</tessellate>
					<outerBoundaryIs>
						<LinearRing>
							<coordinates>
								-71.54116697536411,-16.36267244795935,0 -71.54117848010053,-16.36269336904415,0 -71.54118402827285,-16.36272974594231,0 -71.5411889479103,-16.36281405072392,0 -71.54119486659548,-16.36294052820386,0 -71.54121237473908,-16.36300006850765,0 -71.54123161189526,-16.36305398459351,0 -71.54122708228546,-16.36320672467173,0 -71.5412273341647,-16.36333027093269,0 -71.54121580994672,-16.36336357450951,0 -71.5411903058035,-16.36338448872819,0 -71.54114632596617,-16.3633841202409,0 -71.54107297608145,-16.36338501097861,0 -71.54106732352842,-16.36331214194813,0 -71.54098196554918,-16.36331142862345,0 -71.54089658749437,-16.3633153687803,0 -71.54089870445499,-16.36328469935041,0 -71.54090137799723,-16.36321963271595,0 -71.54090541828488,-16.36317420509536,0 -71.54090624071911,-16.36312353005181,0 -71.54091035189182,-16.36307717726005,0 -71.54090604389781,-16.36303186314599,0 -71.54090073914703,-16.36293824266129,0 -71.54092644612837,-16.36293197852439,0 -71.54092695752439,-16.36290371021757,0 -71.54092783688542,-16.36285509969714,0 -71.54092165044688,-16.36281443865995,0 -71.54091994940691,-16.36281272518058,0 -71.54091267218439,-16.36272706734069,0 -71.54090519621779,-16.36264360905843,0 -71.54088770581625,-16.36263930395163,0 -71.54088675232657,-16.36257758395194,0 -71.54092376789326,-16.36258402643763,0 -71.54103738799829,-16.36257718387935,0 -71.54114606448981,-16.36257030666824,0 -71.54116697536411,-16.36267244795935,0 
							</coordinates>
						</LinearRing>
					</outerBoundaryIs>
				</Polygon>
			</Placemark>
			<Placemark>
				<name>1.3.36-14</name>
				<styleUrl>#msn_ylw-pushpin080</styleUrl>
				<Polygon>
					<tessellate>1</tessellate>
					<outerBoundaryIs>
						<LinearRing>
							<coordinates>
								-71.5422331649694,-16.36415900142022,0 -71.54136625627348,-16.36403417673757,0 -71.54127623314294,-16.36291055199489,0 -71.54179694341673,-16.36281156041508,0 -71.5422331649694,-16.36415900142022,0 
							</coordinates>
						</LinearRing>
					</outerBoundaryIs>
				</Polygon>
			</Placemark>
			<Placemark>
				<name>1.3.36-15</name>
				<styleUrl>#msn_ylw-pushpin080</styleUrl>
				<Polygon>
					<tessellate>1</tessellate>
					<outerBoundaryIs>
						<LinearRing>
							<coordinates>
								-71.54287680123677,-16.36384809792087,0 -71.54294682681052,-16.36424343254002,0 -71.54292691569339,-16.36432663407068,0 -71.54233819577263,-16.36421155331241,0 -71.54189685593002,-16.36278862046432,0 -71.54276656408706,-16.36262299916185,0 -71.54287680123677,-16.36384809792087,0 
							</coordinates>
						</LinearRing>
					</outerBoundaryIs>
				</Polygon>
			</Placemark>
			<Placemark>
				<name>1.3.36-16</name>
				<styleUrl>#msn_ylw-pushpin080</styleUrl>
				<Polygon>
					<tessellate>1</tessellate>
					<outerBoundaryIs>
						<LinearRing>
							<coordinates>
								-71.54354112610049,-16.36440784846706,0 -71.54300220513652,-16.3643497381163,0 -71.54285539178814,-16.36260422035068,0 -71.543367891885,-16.3624799305586,0 -71.54354112610049,-16.36440784846706,0 
							</coordinates>
						</LinearRing>
					</outerBoundaryIs>
				</Polygon>
			</Placemark>
			<Placemark>
				<name>1.3.36-18</name>
				<styleUrl>#msn_ylw-pushpin080</styleUrl>
				<Polygon>
					<tessellate>1</tessellate>
					<outerBoundaryIs>
						<LinearRing>
							<coordinates>
								-71.54275297482062,-16.36249492534252,0 -71.54228345915342,-16.36260026088397,0 -71.54221085086323,-16.36224139608481,0 -71.54217767303329,-16.36205877753757,0 -71.54210606810544,-16.36178000603638,0 -71.54203597130663,-16.36150111940631,0 -71.54217664053235,-16.36149824209043,0 -71.54240783935769,-16.36148968742545,0 -71.54266889065666,-16.36148297515496,0 -71.54275297482062,-16.36249492534252,0 
							</coordinates>
						</LinearRing>
					</outerBoundaryIs>
				</Polygon>
			</Placemark>
			<Placemark>
				<name>1.3.36-19</name>
				<styleUrl>#msn_ylw-pushpin080</styleUrl>
				<Polygon>
					<tessellate>1</tessellate>
					<outerBoundaryIs>
						<LinearRing>
							<coordinates>
								-71.54219801913969,-16.36265245789763,0 -71.54214923053362,-16.3626620105978,0 -71.54186357339927,-16.3627363234842,0 -71.54150578583673,-16.36152826870395,0 -71.54159261582949,-16.36152353145081,0 -71.54176172972328,-16.36152269969476,0 -71.5419465418078,-16.36151287046868,0 -71.54219801913969,-16.36265245789763,0 
							</coordinates>
						</LinearRing>
					</outerBoundaryIs>
				</Polygon>
			</Placemark>
			<Placemark>
				<name>1.3.36-20</name>
				<styleUrl>#msn_ylw-pushpin080</styleUrl>
				<Polygon>
					<tessellate>1</tessellate>
					<outerBoundaryIs>
						<LinearRing>
							<coordinates>
								-71.54154255594793,-16.36185348938584,0 -71.54162451500729,-16.36211233005687,0 -71.54172858091965,-16.36246958173838,0 -71.5418114778883,-16.36274086844477,0 -71.54166237728303,-16.36276544349581,0 -71.54149118795425,-16.36279498589251,0 -71.5412713318362,-16.36282841579696,0 -71.5412410344877,-16.36264110964907,0 -71.54121847090821,-16.36249790255199,0 -71.5411994461282,-16.36231672046267,0 -71.54118470385802,-16.36213255144324,0 -71.54116559340034,-16.36194293831688,0 -71.54115638108152,-16.36173706283115,0 -71.5411395482933,-16.3615509480917,0 -71.54142730133886,-16.36153051940999,0 -71.54154255594793,-16.36185348938584,0 
							</coordinates>
						</LinearRing>
					</outerBoundaryIs>
				</Polygon>
			</Placemark>
			<Placemark>
				<name>1.3.36-21</name>
				<styleUrl>#msn_ylw-pushpin080</styleUrl>
				<Polygon>
					<tessellate>1</tessellate>
					<outerBoundaryIs>
						<LinearRing>
							<coordinates>
								-71.5410713495454,-16.36155238046638,0 -71.54107305824294,-16.36180047488674,0 -71.54108656336858,-16.36198706015162,0 -71.54109596543577,-16.36215499552231,0 -71.54110906787709,-16.3622867439339,0 -71.54112968464709,-16.36241179019961,0 -71.54114375846768,-16.3625253836663,0 -71.54098072488314,-16.36253921053388,0 -71.54084896442775,-16.36253073079319,0 -71.54076495441475,-16.36253104731952,0 -71.54067768685336,-16.36253801155145,0 -71.54058038232317,-16.3625403381571,0 -71.54060955780928,-16.36233229231338,0 -71.54062271706864,-16.36217091221119,0 -71.54065282322523,-16.36199419419285,0 -71.54067226495,-16.36184335970809,0 -71.54068478096809,-16.36169437803641,0 -71.54069215600312,-16.36155608593399,0 -71.54089103475968,-16.36155004547564,0 -71.5410713495454,-16.36155238046638,0 
							</coordinates>
						</LinearRing>
					</outerBoundaryIs>
				</Polygon>
			</Placemark>
			<Placemark>
				<name>1.3.36-22</name>
				<styleUrl>#msn_ylw-pushpin080</styleUrl>
				<Polygon>
					<tessellate>1</tessellate>
					<outerBoundaryIs>
						<LinearRing>
							<coordinates>
								-71.54106529055341,-16.36151196311377,0 -71.54068974920806,-16.36151340736166,0 -71.54077200479837,-16.36079094447371,0 -71.54111485303535,-16.36079223434406,0 -71.54106529055341,-16.36151196311377,0 
							</coordinates>
						</LinearRing>
					</outerBoundaryIs>
				</Polygon>
			</Placemark>
			<Placemark>
				<name>1.3.36-23</name>
				<styleUrl>#msn_ylw-pushpin080</styleUrl>
				<Polygon>
					<tessellate>1</tessellate>
					<outerBoundaryIs>
						<LinearRing>
							<coordinates>
								-71.54135237707132,-16.36149165858302,0 -71.54112227381513,-16.3614952258487,0 -71.54115852133003,-16.36097609230607,0 -71.54135237707132,-16.36149165858302,0 
							</coordinates>
						</LinearRing>
					</outerBoundaryIs>
				</Polygon>
			</Placemark>
			<Placemark>
				<name>1.3.36-24</name>
				<styleUrl>#msn_ylw-pushpin080</styleUrl>
				<Polygon>
					<tessellate>1</tessellate>
					<outerBoundaryIs>
						<LinearRing>
							<coordinates>
								-71.54111037403011,-16.36073829455369,0 -71.5407882083676,-16.36074072414666,0 -71.54087693425375,-16.35999701673574,0 -71.54116925892264,-16.36002367338524,0 -71.54111037403011,-16.36073829455369,0 
							</coordinates>
						</LinearRing>
					</outerBoundaryIs>
				</Polygon>
			</Placemark>
			<Placemark>
				<name>1.3.36-25</name>
				<styleUrl>#msn_ylw-pushpin080</styleUrl>
				<Polygon>
					<tessellate>1</tessellate>
					<outerBoundaryIs>
						<LinearRing>
							<coordinates>
								-71.54265417189451,-16.36141346380156,0 -71.54145102097969,-16.36147134964076,0 -71.54123648565538,-16.36090573300289,0 -71.5412112442846,-16.36075781602671,0 -71.54128258717708,-16.36002309635716,0 -71.54252648880095,-16.36004115449569,0 -71.54265417189451,-16.36141346380156,0 
							</coordinates>
						</LinearRing>
					</outerBoundaryIs>
				</Polygon>
			</Placemark>
			<Placemark>
				<name>1.3.36-28</name>
				<styleUrl>#msn_ylw-pushpin080</styleUrl>
				<Polygon>
					<tessellate>1</tessellate>
					<outerBoundaryIs>
						<LinearRing>
							<coordinates>
								-71.54249974151791,-16.35876719278682,0 -71.54251534837388,-16.35912885256134,0 -71.54251865037114,-16.35936793627066,0 -71.54253692102522,-16.3596402502101,0 -71.54254948766358,-16.35992696961598,0 -71.54229938437345,-16.35993397685286,0 -71.54203154707143,-16.35993518730664,0 -71.54201370078394,-16.35977687082501,0 -71.54200742200246,-16.35955058280562,0 -71.54199722045506,-16.35940031316032,0 -71.54195072544559,-16.35940428055983,0 -71.5419816714506,-16.35973256485904,0 -71.54200329151027,-16.35993685476323,0 -71.54163086960513,-16.35993979774247,0 -71.54129147281823,-16.3599439660363,0 -71.54133238848696,-16.35948427045788,0 -71.54134959469017,-16.35911808905339,0 -71.54138027788035,-16.35885135338034,0 -71.54139732360549,-16.35872142727687,0 -71.54249974151791,-16.35876719278682,0 
							</coordinates>
						</LinearRing>
					</outerBoundaryIs>
				</Polygon>
			</Placemark>
			<Placemark>
				<name>1.3.36-29</name>
				<styleUrl>#msn_ylw-pushpin080</styleUrl>
				<Polygon>
					<tessellate>1</tessellate>
					<outerBoundaryIs>
						<LinearRing>
							<coordinates>
								-71.54118079585308,-16.35996196104789,0 -71.54087262191653,-16.35993045816733,0 -71.54099453826484,-16.35872055710979,0 -71.54129252049874,-16.35873579437072,0 -71.54118079585308,-16.35996196104789,0 
							</coordinates>
						</LinearRing>
					</outerBoundaryIs>
				</Polygon>
			</Placemark>
			<Placemark>
				<name>1.3.36-30</name>
				<styleUrl>#msn_ylw-pushpin080</styleUrl>
				<Polygon>
					<tessellate>1</tessellate>
					<outerBoundaryIs>
						<LinearRing>
							<coordinates>
								-71.54128922796127,-16.35866285249714,0 -71.54103323460248,-16.35864933504496,0 -71.54105568286727,-16.35830615224657,0 -71.54107253494527,-16.35814594232792,0 -71.5410978908502,-16.35797244810608,0 -71.54113646579242,-16.35773170987847,0 -71.54136688089916,-16.3577445962705,0 -71.54128922796127,-16.35866285249714,0 
							</coordinates>
						</LinearRing>
					</outerBoundaryIs>
				</Polygon>
			</Placemark>
			<Placemark>
				<name>1.3.36-31</name>
				<styleUrl>#msn_ylw-pushpin080</styleUrl>
				<Polygon>
					<tessellate>1</tessellate>
					<outerBoundaryIs>
						<LinearRing>
							<coordinates>
								-71.54198286334305,-16.35801003402047,0 -71.54207061010503,-16.35835797699551,0 -71.54213961363972,-16.35867071457666,0 -71.54196249497451,-16.35867074715291,0 -71.54173373354774,-16.35866240240744,0 -71.54140243921123,-16.35866335846196,0 -71.54140721260015,-16.35846195577105,0 -71.5414170695913,-16.35832912341604,0 -71.54143111025381,-16.3581577384454,0 -71.54145396054213,-16.35775049936275,0 -71.54167658754704,-16.35775432660713,0 -71.54192144007575,-16.35775414281628,0 -71.54198286334305,-16.35801003402047,0 
							</coordinates>
						</LinearRing>
					</outerBoundaryIs>
				</Polygon>
			</Placemark>
			<Placemark>
				<name>1.3.36-32</name>
				<styleUrl>#msn_ylw-pushpin080</styleUrl>
				<Polygon>
					<tessellate>1</tessellate>
					<outerBoundaryIs>
						<LinearRing>
							<coordinates>
								-71.54248675477649,-16.35866842779893,0 -71.54225328834183,-16.35867928192148,0 -71.54221897385989,-16.35855396736701,0 -71.54218266223806,-16.35836522672143,0 -71.5421297417696,-16.3581456878286,0 -71.54203053200933,-16.35778297446345,0 -71.54222377220037,-16.35776557970402,0 -71.54240837564824,-16.35774931799062,0 -71.54248675477649,-16.35866842779893,0 
							</coordinates>
						</LinearRing>
					</outerBoundaryIs>
				</Polygon>
			</Placemark>
			<Placemark>
				<name>1.3.36-42</name>
				<styleUrl>#msn_ylw-pushpin080</styleUrl>
				<Polygon>
					<tessellate>1</tessellate>
					<outerBoundaryIs>
						<LinearRing>
							<coordinates>
								-71.5409484713048,-16.35767636058189,0 -71.54092304999433,-16.35791923352567,0 -71.54088369589887,-16.35818183876144,0 -71.54085082405662,-16.35839194897368,0 -71.54079341404474,-16.3583909438465,0 -71.54072473249393,-16.35825054435429,0 -71.54067415468549,-16.3580540487065,0 -71.54060817902746,-16.35768406108521,0 -71.5409484713048,-16.35767636058189,0 
							</coordinates>
						</LinearRing>
					</outerBoundaryIs>
				</Polygon>
			</Placemark>
			<Placemark>
				<name>1.3.36-43</name>
				<styleUrl>#msn_ylw-pushpin080</styleUrl>
				<Polygon>
					<tessellate>1</tessellate>
					<outerBoundaryIs>
						<LinearRing>
							<coordinates>
								-71.54077225465301,-16.3590980022427,0 -71.54034918239503,-16.35906252804354,0 -71.5403495281418,-16.35870783848771,0 -71.54046550615436,-16.35869970485926,0 -71.540484154317,-16.35859785484549,0 -71.54046075576944,-16.35795400793021,0 -71.54058375488876,-16.35792602486145,0 -71.54068560464978,-16.35829917130306,0 -71.54077024201679,-16.35853624234897,0 -71.54080791921467,-16.3586955945701,0 -71.54077225465301,-16.3590980022427,0 
							</coordinates>
						</LinearRing>
					</outerBoundaryIs>
				</Polygon>
			</Placemark>
			<Placemark>
				<name>1.3.36-44</name>
				<styleUrl>#msn_ylw-pushpin080</styleUrl>
				<Polygon>
					<tessellate>1</tessellate>
					<outerBoundaryIs>
						<LinearRing>
							<coordinates>
								-71.54070909405803,-16.35987423779076,0 -71.54033405216001,-16.35984509436818,0 -71.5403501198483,-16.35909326670812,0 -71.54077961247977,-16.35914029695594,0 -71.54070909405803,-16.35987423779076,0 
							</coordinates>
						</LinearRing>
					</outerBoundaryIs>
				</Polygon>
			</Placemark>
			<Placemark>
				<name>1.3.36-45</name>
				<styleUrl>#msn_ylw-pushpin080</styleUrl>
				<Polygon>
					<tessellate>1</tessellate>
					<outerBoundaryIs>
						<LinearRing>
							<coordinates>
								-71.54070136864514,-16.35991337539115,0 -71.54065117145117,-16.36062325928064,0 -71.54029036422828,-16.36063211777625,0 -71.54000417896761,-16.36062908565336,0 -71.54019502938824,-16.36002170185352,0 -71.54024025227156,-16.35987959263655,0 -71.54070136864514,-16.35991337539115,0 
							</coordinates>
						</LinearRing>
					</outerBoundaryIs>
				</Polygon>
			</Placemark>
			<Placemark>
				<name>1.3.36-46</name>
				<styleUrl>#msn_ylw-pushpin080</styleUrl>
				<Polygon>
					<tessellate>1</tessellate>
					<outerBoundaryIs>
						<LinearRing>
							<coordinates>
								-71.54065463945228,-16.36065054555528,0 -71.54063518098752,-16.36097743501166,0 -71.54041881932839,-16.36099766761168,0 -71.54030513265211,-16.36101984615621,0 -71.5400931375836,-16.36099781684937,0 -71.54009658522224,-16.36067800699822,0 -71.54065463945228,-16.36065054555528,0 
							</coordinates>
						</LinearRing>
					</outerBoundaryIs>
				</Polygon>
			</Placemark>
			<Placemark>
				<name>1.3.36-47</name>
				<styleUrl>#msn_ylw-pushpin080</styleUrl>
				<Polygon>
					<tessellate>1</tessellate>
					<outerBoundaryIs>
						<LinearRing>
							<coordinates>
								-71.54027639991266,-16.36105488288327,0 -71.54023865811965,-16.3612468555286,0 -71.5401620371341,-16.36152391349553,0 -71.53984269894195,-16.36153224182552,0 -71.53992619385414,-16.36115702966035,0 -71.54004620860422,-16.36104234548112,0 -71.54027639991266,-16.36105488288327,0 
							</coordinates>
						</LinearRing>
					</outerBoundaryIs>
				</Polygon>
			</Placemark>
			<Placemark>
				<name>1.3.36-48</name>
				<styleUrl>#msn_ylw-pushpin080</styleUrl>
				<Polygon>
					<tessellate>1</tessellate>
					<outerBoundaryIs>
						<LinearRing>
							<coordinates>
								-71.54058599984558,-16.36153078529621,0 -71.5404250386632,-16.36155269213906,0 -71.54022210159143,-16.36151680269256,0 -71.5403022798756,-16.36107125661006,0 -71.54063847815179,-16.36101677353411,0 -71.54058599984558,-16.36153078529621,0 
							</coordinates>
						</LinearRing>
					</outerBoundaryIs>
				</Polygon>
			</Placemark>
			<Placemark>
				<name>1.3.36-49</name>
				<styleUrl>#msn_ylw-pushpin080</styleUrl>
				<Polygon>
					<tessellate>1</tessellate>
					<outerBoundaryIs>
						<LinearRing>
							<coordinates>
								-71.5400839999791,-16.36175833188041,0 -71.53975492833408,-16.36180354082208,0 -71.5397997640932,-16.36156911238754,0 -71.54009234038021,-16.36155985372091,0 -71.5400839999791,-16.36175833188041,0 
							</coordinates>
						</LinearRing>
					</outerBoundaryIs>
				</Polygon>
			</Placemark>
			<Placemark>
				<name>1.3.36-50</name>
				<styleUrl>#msn_ylw-pushpin080</styleUrl>
				<Polygon>
					<tessellate>1</tessellate>
					<outerBoundaryIs>
						<LinearRing>
							<coordinates>
								-71.54059164665493,-16.36156751942795,0 -71.54056203498511,-16.36183713826307,0 -71.54012629770082,-16.36176939416027,0 -71.54014095869341,-16.36160928871735,0 -71.54023920477405,-16.36157389626275,0 -71.54038850056735,-16.36159837269381,0 -71.54059164665493,-16.36156751942795,0 
							</coordinates>
						</LinearRing>
					</outerBoundaryIs>
				</Polygon>
			</Placemark>
			<Placemark>
				<name>1.3.36-51</name>
				<styleUrl>#msn_ylw-pushpin080</styleUrl>
				<Polygon>
					<tessellate>1</tessellate>
					<outerBoundaryIs>
						<LinearRing>
							<coordinates>
								-71.54051596591408,-16.36235718973449,0 -71.5401727572559,-16.36230499735355,0 -71.54012524625772,-16.36208293720209,0 -71.54012456349543,-16.36180766854107,0 -71.54056662702867,-16.36188550119849,0 -71.54051596591408,-16.36235718973449,0 
							</coordinates>
						</LinearRing>
					</outerBoundaryIs>
				</Polygon>
			</Placemark>
			<Placemark>
				<name>1.3.36-52</name>
				<styleUrl>#msn_ylw-pushpin080</styleUrl>
				<Polygon>
					<tessellate>1</tessellate>
					<outerBoundaryIs>
						<LinearRing>
							<coordinates>
								-71.54006200216656,-16.36179796727703,0 -71.54007472573801,-16.36191442025228,0 -71.54008738571603,-16.36205485706789,0 -71.5399439813262,-16.36206333447419,0 -71.53982318693014,-16.36209618713416,0 -71.53975587003814,-16.36186834438797,0 -71.54006200216656,-16.36179796727703,0 
							</coordinates>
						</LinearRing>
					</outerBoundaryIs>
				</Polygon>
			</Placemark>
			<Placemark>
				<name>1.3.36-54</name>
				<styleUrl>#msn_ylw-pushpin080</styleUrl>
				<Polygon>
					<tessellate>1</tessellate>
					<outerBoundaryIs>
						<LinearRing>
							<coordinates>
								-71.54009060643622,-16.36214619565309,0 -71.5401267853147,-16.36233747875542,0 -71.54051878214324,-16.36239831020798,0 -71.54049238811909,-16.36255446283295,0 -71.54045070153848,-16.3626777175944,0 -71.54013773079498,-16.36268162312975,0 -71.53993385287647,-16.36274890716923,0 -71.53976303413641,-16.36268322815484,0 -71.53971099068495,-16.36258281262766,0 -71.53976078955434,-16.36237693804202,0 -71.53981058671243,-16.3621750817565,0 -71.54009060643622,-16.36214619565309,0 
							</coordinates>
						</LinearRing>
					</outerBoundaryIs>
				</Polygon>
			</Placemark>
			<Placemark>
				<name>1.3.36-55</name>
				<styleUrl>#msn_ylw-pushpin080</styleUrl>
				<Polygon>
					<tessellate>1</tessellate>
					<outerBoundaryIs>
						<LinearRing>
							<coordinates>
								-71.54043028473109,-16.3627342556969,0 -71.54024212149295,-16.36309644732852,0 -71.54019700993187,-16.36331911263454,0 -71.54019538263033,-16.36362018914584,0 -71.54014929330013,-16.36372793640124,0 -71.54004824007775,-16.36371060066269,0 -71.53991382778931,-16.36353834156826,0 -71.53978016330657,-16.36342512408933,0 -71.53962058203112,-16.36327295752426,0 -71.53945369104682,-16.36303547609271,0 -71.53993892233444,-16.36307004310542,0 -71.53989109683363,-16.36281551847126,0 -71.54017400232418,-16.3627313002412,0 -71.54043028473109,-16.3627342556969,0 
							</coordinates>
						</LinearRing>
					</outerBoundaryIs>
				</Polygon>
			</Placemark>
			<Placemark>
				<name>1.3.2-1</name>
				<styleUrl>#msn_ylw-pushpin080</styleUrl>
				<Polygon>
					<tessellate>1</tessellate>
					<outerBoundaryIs>
						<LinearRing>
							<coordinates>
								-71.55095449119695,-16.39136904706521,0 -71.55088670753038,-16.39145492909637,0 -71.55083631284322,-16.39156595730274,0 -71.55081157532992,-16.39165999938133,0 -71.55080652709562,-16.39178979398001,0 -71.55059114859982,-16.3917814385515,0 -71.55035476534172,-16.39175593569298,0 -71.55006308416432,-16.39170433726969,0 -71.54997456760124,-16.39168352891493,0 -71.55004273123512,-16.39150988327479,0 -71.55011957344854,-16.3913742192848,0 -71.55020447421617,-16.39123444849891,0 -71.55025393299073,-16.39117074475216,0 -71.55063965513118,-16.39066734620855,0 -71.55092042924026,-16.3908146253683,0 -71.55062717148458,-16.39107541767008,0 -71.55095449119695,-16.39136904706521,0 
							</coordinates>
						</LinearRing>
					</outerBoundaryIs>
				</Polygon>
			</Placemark>
			<Placemark>
				<name>1.3.2-2</name>
				<styleUrl>#msn_ylw-pushpin080</styleUrl>
				<Polygon>
					<tessellate>1</tessellate>
					<outerBoundaryIs>
						<LinearRing>
							<coordinates>
								-71.55088122741216,-16.39196900410686,0 -71.55088583040309,-16.39205820530145,0 -71.55079940659455,-16.39205616688582,0 -71.55069019385851,-16.39206321808652,0 -71.55058530193637,-16.3920613898194,0 -71.5505151864117,-16.39206059851949,0 -71.55050315180615,-16.39207518540293,0 -71.55045423118248,-16.3920722766708,0 -71.55044982512767,-16.39208243887047,0 -71.55045582356932,-16.39211118882341,0 -71.55045733375103,-16.39212823904395,0 -71.55044577237439,-16.39215353859077,0 -71.55042123778553,-16.39216745289746,0 -71.55033442602682,-16.39216883875269,0 -71.5501712886209,-16.39215493418267,0 -71.55017268575848,-16.39211546494016,0 -71.55019904053661,-16.39200417479436,0 -71.55024077987943,-16.3917665799356,0 -71.55055009714781,-16.39180121189708,0 -71.55085110592854,-16.39181790132495,0 -71.55088122741216,-16.39196900410686,0 
							</coordinates>
						</LinearRing>
					</outerBoundaryIs>
				</Polygon>
			</Placemark>
			<Placemark>
				<name>1.3.2-3</name>
				<styleUrl>#msn_ylw-pushpin080</styleUrl>
				<Polygon>
					<tessellate>1</tessellate>
					<outerBoundaryIs>
						<LinearRing>
							<coordinates>
								-71.55016049851537,-16.39176032750698,0 -71.55010061187483,-16.39204208600058,0 -71.54995669297904,-16.39201907713378,0 -71.54995120572713,-16.39187496336316,0 -71.54997191785533,-16.39172589741451,0 -71.55016049851537,-16.39176032750698,0 
							</coordinates>
						</LinearRing>
					</outerBoundaryIs>
				</Polygon>
			</Placemark>
			<Placemark>
				<name>1.3.2-4</name>
				<styleUrl>#msn_ylw-pushpin080</styleUrl>
				<Polygon>
					<tessellate>1</tessellate>
					<outerBoundaryIs>
						<LinearRing>
							<coordinates>
								-71.55087765765985,-16.39238489374304,0 -71.55085926478843,-16.39244657334388,0 -71.55083732948009,-16.39250195647148,0 -71.55079169277796,-16.39256818464294,0 -71.55073752229244,-16.39262235806429,0 -71.5506663956008,-16.39267973596402,0 -71.55061503514241,-16.39274557876985,0 -71.5505491449826,-16.39279989895872,0 -71.55041382839048,-16.39288575753791,0 -71.55027108189924,-16.39296851339126,0 -71.55008286401878,-16.39309507502982,0 -71.55007169742018,-16.39309160516223,0 -71.55004913888301,-16.39307430912128,0 -71.55003202035623,-16.3930535284401,0 -71.55002638213868,-16.39305005488762,0 -71.55001106698163,-16.39302921747956,0 -71.55000727308503,-16.39302573746641,0 -71.54999528967495,-16.39299089602516,0 -71.54998856978293,-16.39295069436241,0 -71.54998721693627,-16.39290674999254,0 -71.54999832276329,-16.39283934600001,0 -71.55013018505075,-16.39283400324998,0 -71.55012931871718,-16.39288738735586,0 -71.55022137381721,-16.39287678714576,0 -71.55021335799184,-16.39283758601692,0 -71.55030592898176,-16.39281429849845,0 -71.5502980852405,-16.39276563115023,0 -71.55029972928661,-16.39271113893051,0 -71.5503185669142,-16.39262305744868,0 -71.55027618865851,-16.39261751488516,0 -71.55025958134829,-16.39271296240796,0 -71.55015652465673,-16.39271487736662,0 -71.55016368474408,-16.39280353910574,0 -71.55014317835197,-16.39282147950013,0 -71.55000528400753,-16.39281969260826,0 -71.55002482242665,-16.39270588378105,0 -71.55005894426593,-16.39254138794529,0 -71.55008406633273,-16.39244536788883,0 -71.55011029436263,-16.39227851665581,0 -71.55015571869453,-16.39216987092304,0 -71.55028320916728,-16.39217784072029,0 -71.55037274717694,-16.39218381107081,0 -71.55048010429036,-16.39218778784425,0 -71.55048512819057,-16.39208553050951,0 -71.55053339405701,-16.39207924991941,0 -71.55062239762862,-16.39207154007471,0 -71.55087462720975,-16.39207712895115,0 -71.55087765765985,-16.39238489374304,0 
							</coordinates>
						</LinearRing>
					</outerBoundaryIs>
				</Polygon>
			</Placemark>
			<Placemark>
				<name>1.3.2-5</name>
				<styleUrl>#msn_ylw-pushpin080</styleUrl>
				<Polygon>
					<tessellate>1</tessellate>
					<outerBoundaryIs>
						<LinearRing>
							<coordinates>
								-71.54996442014944,-16.39280525600997,0 -71.54995827619956,-16.39290081701614,0 -71.5499571348147,-16.3929451858702,0 -71.54996409024569,-16.39301648186948,0 -71.549978400434,-16.39307615343248,0 -71.55001360958106,-16.39313706606753,0 -71.54998728639224,-16.39316903162451,0 -71.54989679942332,-16.39321128930934,0 -71.54980258472011,-16.39323762332199,0 -71.54974220231193,-16.39325708299498,0 -71.54966622247686,-16.39326610730973,0 -71.54967093397153,-16.39314255312823,0 -71.5496738068781,-16.3930672135397,0 -71.54969189001989,-16.39293035156153,0 -71.54973007830324,-16.3928015141327,0 -71.54972277150276,-16.39271759679626,0 -71.54976772954605,-16.39258148132837,0 -71.54960426878448,-16.392251421804,0 -71.54992513669418,-16.39211389073809,0 -71.54996390481068,-16.39205078240085,0 -71.5500991300877,-16.39207481048207,0 -71.54996442014944,-16.39280525600997,0 
							</coordinates>
						</LinearRing>
					</outerBoundaryIs>
				</Polygon>
			</Placemark>
			<Placemark>
				<name>1.3.3-1</name>
				<styleUrl>#msn_ylw-pushpin080</styleUrl>
				<Polygon>
					<tessellate>1</tessellate>
					<outerBoundaryIs>
						<LinearRing>
							<coordinates>
								-71.54865267652704,-16.39008078586229,0 -71.54846315485345,-16.39047502033912,0 -71.54830306540681,-16.39047756217042,0 -71.54832323008287,-16.39056074380283,0 -71.54818280168097,-16.39063676386348,0 -71.54810220273438,-16.39045142560937,0 -71.54839361466266,-16.38993274014459,0 -71.54865267652704,-16.39008078586229,0 
							</coordinates>
						</LinearRing>
					</outerBoundaryIs>
				</Polygon>
			</Placemark>
			<Placemark>
				<name>1.3.3-2</name>
				<styleUrl>#msn_ylw-pushpin080</styleUrl>
				<Polygon>
					<tessellate>1</tessellate>
					<outerBoundaryIs>
						<LinearRing>
							<coordinates>
								-71.54845944197719,-16.39054304073177,0 -71.54862024940006,-16.39085283111418,0 -71.54833827407174,-16.39099326053935,0 -71.54819358691439,-16.39066734278634,0 -71.54845944197719,-16.39054304073177,0 
							</coordinates>
						</LinearRing>
					</outerBoundaryIs>
				</Polygon>
			</Placemark>
			<Placemark>
				<name>1.3.3-3</name>
				<styleUrl>#msn_ylw-pushpin080</styleUrl>
				<Polygon>
					<tessellate>1</tessellate>
					<outerBoundaryIs>
						<LinearRing>
							<coordinates>
								-71.54814900573321,-16.39106662953843,0 -71.54804745387305,-16.39112096407858,0 -71.54778434795114,-16.39100962763647,0 -71.54795415560859,-16.39069587754199,0 -71.54814900573321,-16.39106662953843,0 
							</coordinates>
						</LinearRing>
					</outerBoundaryIs>
				</Polygon>
			</Placemark>
			<Placemark>
				<name>1.3.3-4</name>
				<styleUrl>#msn_ylw-pushpin080</styleUrl>
				<Polygon>
					<tessellate>1</tessellate>
					<outerBoundaryIs>
						<LinearRing>
							<coordinates>
								-71.54911096378545,-16.39187791777516,0 -71.5488125939151,-16.39200007792072,0 -71.54837131583795,-16.39104552272534,0 -71.54865273956416,-16.39091482772092,0 -71.54911096378545,-16.39187791777516,0 
							</coordinates>
						</LinearRing>
					</outerBoundaryIs>
				</Polygon>
			</Placemark>
			<Placemark>
				<name>1.3.3-5</name>
				<styleUrl>#msn_ylw-pushpin080</styleUrl>
				<Polygon>
					<tessellate>1</tessellate>
					<outerBoundaryIs>
						<LinearRing>
							<coordinates>
								-71.54953672204124,-16.39278319892481,0 -71.54925165713685,-16.39291802619672,0 -71.54880373922818,-16.39204645073157,0 -71.54910902970688,-16.39192605869518,0 -71.54953672204124,-16.39278319892481,0 
							</coordinates>
						</LinearRing>
					</outerBoundaryIs>
				</Polygon>
			</Placemark>
			<Placemark>
				<name>1.3.3-6</name>
				<styleUrl>#msn_ylw-pushpin080</styleUrl>
				<Polygon>
					<tessellate>1</tessellate>
					<outerBoundaryIs>
						<LinearRing>
							<coordinates>
								-71.54898787879139,-16.39282507300409,0 -71.54900345545414,-16.39320802459606,0 -71.54868979194613,-16.39315387181336,0 -71.54865302863958,-16.39283225593023,0 -71.54852702370515,-16.39237719207136,0 -71.54845888992362,-16.39221247201469,0 -71.54865948166744,-16.39212547156831,0 -71.54898787879139,-16.39282507300409,0 
							</coordinates>
						</LinearRing>
					</outerBoundaryIs>
				</Polygon>
			</Placemark>
			<Placemark>
				<name>1.3.3-7</name>
				<styleUrl>#msn_ylw-pushpin080</styleUrl>
				<Polygon>
					<tessellate>1</tessellate>
					<outerBoundaryIs>
						<LinearRing>
							<coordinates>
								-71.54818962568079,-16.39234244545541,0 -71.54837967107441,-16.39225303996814,0 -71.54845635161286,-16.39240597185598,0 -71.54857856856837,-16.39293755469516,0 -71.54850787363928,-16.39298304890069,0 -71.54809379824876,-16.39276005525238,0 -71.54818962568079,-16.39234244545541,0 
							</coordinates>
						</LinearRing>
					</outerBoundaryIs>
				</Polygon>
			</Placemark>
			<Placemark>
				<name>1.3.3-8</name>
				<styleUrl>#msn_ylw-pushpin080</styleUrl>
				<Polygon>
					<tessellate>1</tessellate>
					<outerBoundaryIs>
						<LinearRing>
							<coordinates>
								-71.54778186969941,-16.39175906154431,0 -71.54791128061204,-16.39177430854253,0 -71.54820449793642,-16.39193433041338,0 -71.54836111736141,-16.39216309125207,0 -71.54813272652694,-16.39227625579262,0 -71.54774390905402,-16.39206004852105,0 -71.54778186969941,-16.39175906154431,0 
							</coordinates>
						</LinearRing>
					</outerBoundaryIs>
				</Polygon>
			</Placemark>
			<Placemark>
				<name>1.3.3-9</name>
				<styleUrl>#msn_ylw-pushpin080</styleUrl>
				<Polygon>
					<tessellate>1</tessellate>
					<outerBoundaryIs>
						<LinearRing>
							<coordinates>
								-71.54812813928832,-16.39238435143772,0 -71.54803266765968,-16.39281337498905,0 -71.54766534107948,-16.39258109009164,0 -71.54781728148797,-16.39220090491968,0 -71.54812813928832,-16.39238435143772,0 
							</coordinates>
						</LinearRing>
					</outerBoundaryIs>
				</Polygon>
			</Placemark>
			<Placemark>
				<name>1.3.3-10</name>
				<styleUrl>#msn_ylw-pushpin080</styleUrl>
				<Polygon>
					<tessellate>1</tessellate>
					<outerBoundaryIs>
						<LinearRing>
							<coordinates>
								-71.54756157034326,-16.39254713097405,0 -71.54714542709054,-16.39236851149158,0 -71.54742138976782,-16.39158484741528,0 -71.54763089627895,-16.39114911613756,0 -71.54774700986964,-16.3910510731414,0 -71.54803559090634,-16.39119253096943,0 -71.54816910624653,-16.39110528101421,0 -71.54863336247588,-16.39206857141398,0 -71.5484531144381,-16.39214778465738,0 -71.54828032322651,-16.39189466718528,0 -71.54808135766426,-16.39174258534806,0 -71.54773844886563,-16.39165176023987,0 -71.54771290404931,-16.39182026555968,0 -71.5477065787822,-16.39201602859734,0 -71.54756157034326,-16.39254713097405,0 
							</coordinates>
						</LinearRing>
					</outerBoundaryIs>
				</Polygon>
			</Placemark>
			<Placemark>
				<name>1.3.3-11</name>
				<styleUrl>#msn_ylw-pushpin080</styleUrl>
				<Polygon>
					<tessellate>1</tessellate>
					<outerBoundaryIs>
						<LinearRing>
							<coordinates>
								-71.54879182392489,-16.39045238918712,0 -71.54898053867036,-16.39028378171259,0 -71.54916992234588,-16.39050357802656,0 -71.54896174954845,-16.39068671487632,0 -71.54869131990081,-16.39081045401666,0 -71.54859970674701,-16.39055480327086,0 -71.54879182392489,-16.39045238918712,0 
							</coordinates>
						</LinearRing>
					</outerBoundaryIs>
				</Polygon>
			</Placemark>
			<Placemark>
				<name>1.3.3-12</name>
				<styleUrl>#msn_ylw-pushpin080</styleUrl>
				<Polygon>
					<tessellate>1</tessellate>
					<outerBoundaryIs>
						<LinearRing>
							<coordinates>
								-71.5493264014201,-16.38985634033434,0 -71.54958223174758,-16.39002572426261,0 -71.54940323221219,-16.39026364228722,0 -71.54921430981068,-16.39047899853453,0 -71.54900017012552,-16.39025773451315,0 -71.54918700217117,-16.39007962462995,0 -71.5493264014201,-16.38985634033434,0 
							</coordinates>
						</LinearRing>
					</outerBoundaryIs>
				</Polygon>
			</Placemark>
			<Placemark>
				<name>1.3.3-13</name>
				<styleUrl>#msn_ylw-pushpin080</styleUrl>
				<Polygon>
					<tessellate>1</tessellate>
					<outerBoundaryIs>
						<LinearRing>
							<coordinates>
								-71.54902416108754,-16.39073722995121,0 -71.54927546414882,-16.39051827054104,0 -71.54949469988003,-16.39072704638469,0 -71.54926406160138,-16.3909619645148,0 -71.548851334262,-16.3911547823645,0 -71.54873869175805,-16.39089413418019,0 -71.54902416108754,-16.39073722995121,0 
							</coordinates>
						</LinearRing>
					</outerBoundaryIs>
				</Polygon>
			</Placemark>
			<Placemark>
				<name>1.3.3-14</name>
				<styleUrl>#msn_ylw-pushpin080</styleUrl>
				<Polygon>
					<tessellate>1</tessellate>
					<outerBoundaryIs>
						<LinearRing>
							<coordinates>
								-71.54964377223143,-16.39008865420468,0 -71.54987659399045,-16.39025697468721,0 -71.54969797309025,-16.39050385199508,0 -71.54951275484603,-16.3906972567383,0 -71.54931436960293,-16.39048835874667,0 -71.54964377223143,-16.39008865420468,0 
							</coordinates>
						</LinearRing>
					</outerBoundaryIs>
				</Polygon>
			</Placemark>
			<Placemark>
				<name>1.3.3-15</name>
				<styleUrl>#msn_ylw-pushpin080</styleUrl>
				<Polygon>
					<tessellate>1</tessellate>
					<outerBoundaryIs>
						<LinearRing>
							<coordinates>
								-71.54994862881064,-16.39029652111109,0 -71.55019682000668,-16.3904614988935,0 -71.54997670309298,-16.39076657255776,0 -71.54976944120298,-16.39100428872186,0 -71.54955823117776,-16.39079072618628,0 -71.54973512675535,-16.39058421793303,0 -71.54994862881064,-16.39029652111109,0 
							</coordinates>
						</LinearRing>
					</outerBoundaryIs>
				</Polygon>
			</Placemark>
			<Placemark>
				<name>1.3.3-16</name>
				<styleUrl>#msn_ylw-pushpin080</styleUrl>
				<Polygon>
					<tessellate>1</tessellate>
					<outerBoundaryIs>
						<LinearRing>
							<coordinates>
								-71.54953335996971,-16.39118701700472,0 -71.54928428281991,-16.39134986424517,0 -71.54900827742765,-16.39149971245607,0 -71.54888972970413,-16.39123060740993,0 -71.54915522305394,-16.3910973472772,0 -71.54935513323802,-16.39095538964621,0 -71.54953335996971,-16.39118701700472,0 
							</coordinates>
						</LinearRing>
					</outerBoundaryIs>
				</Polygon>
			</Placemark>
			<Placemark>
				<name>1.3.3-17</name>
				<styleUrl>#msn_ylw-pushpin080</styleUrl>
				<Polygon>
					<tessellate>1</tessellate>
					<outerBoundaryIs>
						<LinearRing>
							<coordinates>
								-71.54969712775451,-16.39153730130756,0 -71.54947109606672,-16.39168650642174,0 -71.54916369184252,-16.3918309032198,0 -71.54905095023642,-16.39156944659245,0 -71.54927925151422,-16.39145744393033,0 -71.54951394142014,-16.39130634478056,0 -71.54969712775451,-16.39153730130756,0 
							</coordinates>
						</LinearRing>
					</outerBoundaryIs>
				</Polygon>
			</Placemark>
			<Placemark>
				<name>1.3.3-18</name>
				<styleUrl>#msn_ylw-pushpin080</styleUrl>
				<Polygon>
					<tessellate>1</tessellate>
					<outerBoundaryIs>
						<LinearRing>
							<coordinates>
								-71.55049033217068,-16.39069457228668,0 -71.55015694244248,-16.39113377525506,0 -71.54972460191495,-16.39151058444014,0 -71.54953414191387,-16.39128720340793,0 -71.54989731791224,-16.3909710879556,0 -71.55025837575033,-16.39050817704668,0 -71.55049033217068,-16.39069457228668,0 
							</coordinates>
						</LinearRing>
					</outerBoundaryIs>
				</Polygon>
			</Placemark>
			<Placemark>
				<name>1.3.3-19</name>
				<styleUrl>#msn_ylw-pushpin080</styleUrl>
				<Polygon>
					<tessellate>1</tessellate>
					<outerBoundaryIs>
						<LinearRing>
							<coordinates>
								-71.54868269344355,-16.38938512378241,0 -71.549058658614,-16.38924768143013,0 -71.54922272758472,-16.38960293585887,0 -71.54927992859709,-16.38954731236344,0 -71.54957418923225,-16.38973359241308,0 -71.54958009791825,-16.38979428541557,0 -71.54953567142829,-16.3898852192854,0 -71.54934335828624,-16.38973431481913,0 -71.54913605109223,-16.38996949566691,0 -71.54903663084903,-16.389908290603,0 -71.54876430736861,-16.38987542989159,0 -71.54866160119981,-16.39005239799779,0 -71.54841325451437,-16.38991656945892,0 -71.54868269344355,-16.38938512378241,0 
							</coordinates>
						</LinearRing>
					</outerBoundaryIs>
				</Polygon>
			</Placemark>
			<Placemark>
				<name>1.3.3-20</name>
				<styleUrl>#msn_ylw-pushpin080</styleUrl>
				<Polygon>
					<tessellate>1</tessellate>
					<outerBoundaryIs>
						<LinearRing>
							<coordinates>
								-71.55003822734687,-16.39026357260735,0 -71.55006622793337,-16.39023375029417,0 -71.55012826212545,-16.39020989192287,0 -71.55019030572915,-16.39017709178541,0 -71.5507186487464,-16.39054715123297,0 -71.55060942060067,-16.39066665286039,0 -71.55003822734687,-16.39026357260735,0 
							</coordinates>
						</LinearRing>
					</outerBoundaryIs>
				</Polygon>
			</Placemark>
			<Placemark>
				<name>1.3.4-1</name>
				<styleUrl>#msn_ylw-pushpin080</styleUrl>
				<Polygon>
					<tessellate>1</tessellate>
					<outerBoundaryIs>
						<LinearRing>
							<coordinates>
								-71.55074271664206,-16.38947834727694,0 -71.55063970705825,-16.38977592119997,0 -71.55073441789885,-16.38981564461018,0 -71.55089840335761,-16.38935182924917,0 -71.55118917830697,-16.38943824187044,0 -71.5510760770283,-16.38983876783021,0 -71.55108890162279,-16.389970336271,0 -71.55107289924081,-16.39010634969202,0 -71.55098155695433,-16.39011146038844,0 -71.55099795898585,-16.39003315278653,0 -71.55099547412429,-16.38998012619674,0 -71.55089105895638,-16.38991903710944,0 -71.55076325541177,-16.38986732066531,0 -71.55030195485207,-16.389646483974,0 -71.55011795065187,-16.38951829988735,0 -71.5499686725263,-16.38905317576765,0 -71.55005048000447,-16.3890728182189,0 -71.55025119285261,-16.38913962615441,0 -71.55047237733652,-16.3892182302743,0 -71.55080009111303,-16.38930857763337,0 -71.55074271664206,-16.38947834727694,0 
							</coordinates>
						</LinearRing>
					</outerBoundaryIs>
				</Polygon>
			</Placemark>
			<Placemark>
				<name>1.3.4-2</name>
				<styleUrl>#msn_ylw-pushpin080</styleUrl>
				<Polygon>
					<tessellate>1</tessellate>
					<outerBoundaryIs>
						<LinearRing>
							<coordinates>
								-71.5517967721449,-16.3882611184444,0 -71.5517117406921,-16.38839083073053,0 -71.55164540357305,-16.38837645648577,0 -71.55146984264289,-16.38860473947355,0 -71.55140018017788,-16.38871127911546,0 -71.55135399661279,-16.38888005286345,0 -71.55119475333466,-16.38938665569901,0 -71.55065241387501,-16.38920468326227,0 -71.55023719753999,-16.38909391619963,0 -71.54994652812626,-16.38902282697315,0 -71.54991819103707,-16.38891461661999,0 -71.55051271235736,-16.38869649797752,0 -71.55118058679894,-16.38845795320422,0 -71.55178225129065,-16.38823883897635,0 -71.5517967721449,-16.3882611184444,0 
							</coordinates>
						</LinearRing>
					</outerBoundaryIs>
				</Polygon>
			</Placemark>
			<Placemark>
				<name>1.3.5-1</name>
				<styleUrl>#msn_ylw-pushpin080</styleUrl>
				<Polygon>
					<tessellate>1</tessellate>
					<outerBoundaryIs>
						<LinearRing>
							<coordinates>
								-71.55013179660831,-16.38486840155182,0 -71.55041062344465,-16.38490175368585,0 -71.5505415312108,-16.38502773123049,0 -71.55066253751747,-16.38503261278164,0 -71.55080655552334,-16.38511450277104,0 -71.55082953732099,-16.3852242459382,0 -71.55076173532206,-16.38538710505131,0 -71.55045111821499,-16.38548211996043,0 -71.55047286488116,-16.38562185691823,0 -71.55022523839699,-16.38566314668997,0 -71.5502192939246,-16.38569370281024,0 -71.55003326913881,-16.38567309591453,0 -71.55013179660831,-16.38486840155182,0 
							</coordinates>
						</LinearRing>
					</outerBoundaryIs>
				</Polygon>
			</Placemark>
			<Placemark>
				<name>1.3.5-2</name>
				<styleUrl>#msn_ylw-pushpin080</styleUrl>
				<Polygon>
					<tessellate>1</tessellate>
					<outerBoundaryIs>
						<LinearRing>
							<coordinates>
								-71.54965798802282,-16.38705756008454,0 -71.5499136006797,-16.38716978324852,0 -71.54986924343075,-16.38751700126294,0 -71.54978941839686,-16.38775206229479,0 -71.54954425373766,-16.38822530499219,0 -71.54964034334148,-16.38845972476151,0 -71.54958950600873,-16.38850947713746,0 -71.54975132722551,-16.38871745555384,0 -71.54953116726905,-16.38878278727562,0 -71.54937572379956,-16.38867969391715,0 -71.549201383256,-16.38859645129118,0 -71.54899458518862,-16.38853023354629,0 -71.54889954470141,-16.38851069146088,0 -71.54896676336755,-16.3883357303648,0 -71.54908631823956,-16.38819684649242,0 -71.54947402469472,-16.38759267557223,0 -71.54965798802282,-16.38705756008454,0 
							</coordinates>
						</LinearRing>
					</outerBoundaryIs>
				</Polygon>
			</Placemark>
			<Placemark>
				<name>1.3.5-3</name>
				<styleUrl>#msn_ylw-pushpin080</styleUrl>
				<Polygon>
					<tessellate>1</tessellate>
					<outerBoundaryIs>
						<LinearRing>
							<coordinates>
								-71.54910713219273,-16.38858515224449,0 -71.54924636490216,-16.38864676445172,0 -71.54942267762196,-16.38873286703439,0 -71.54956396950202,-16.38881752094946,0 -71.54890029056891,-16.38906379788791,0 -71.5488550919986,-16.3890367177256,0 -71.54884193788203,-16.38869788450566,0 -71.54889130814743,-16.38852924354791,0 -71.54910713219273,-16.38858515224449,0 
							</coordinates>
						</LinearRing>
					</outerBoundaryIs>
				</Polygon>
			</Placemark>
			<Placemark>
				<name>1.3.5-4</name>
				<styleUrl>#msn_ylw-pushpin080</styleUrl>
				<Polygon>
					<tessellate>1</tessellate>
					<outerBoundaryIs>
						<LinearRing>
							<coordinates>
								-71.54966266425643,-16.3870106605729,0 -71.54984804496262,-16.38651496108489,0 -71.55058441624317,-16.38666265065893,0 -71.55056886996168,-16.38684529214858,0 -71.55004043566306,-16.38672072109936,0 -71.54993461810201,-16.38710626827154,0 -71.54966266425643,-16.3870106605729,0 
							</coordinates>
						</LinearRing>
					</outerBoundaryIs>
				</Polygon>
			</Placemark>
			<Placemark>
				<name>1.3.5-5</name>
				<styleUrl>#msn_ylw-pushpin080</styleUrl>
				<Polygon>
					<tessellate>1</tessellate>
					<outerBoundaryIs>
						<LinearRing>
							<coordinates>
								-71.54753918376809,-16.38948256049628,0 -71.54630758143932,-16.38994827376695,0 -71.54604285297405,-16.38914207853998,0 -71.54732824847903,-16.38881016592333,0 -71.54753918376809,-16.38948256049628,0 
							</coordinates>
						</LinearRing>
					</outerBoundaryIs>
				</Polygon>
			</Placemark>
			<Placemark>
				<name>1.3.5-6</name>
				<styleUrl>#msn_ylw-pushpin080</styleUrl>
				<Polygon>
					<tessellate>1</tessellate>
					<outerBoundaryIs>
						<LinearRing>
							<coordinates>
								-71.54797291952228,-16.38818627267213,0 -71.54802078238578,-16.38822493828144,0 -71.54809474911603,-16.3882374557213,0 -71.5481404623775,-16.38861312675801,0 -71.54833630403431,-16.38926010729786,0 -71.54783819787288,-16.38942358082989,0 -71.54771167075114,-16.38943993677588,0 -71.54760382195403,-16.38934519622298,0 -71.54709587969481,-16.38756104738824,0 -71.54729846612804,-16.38739948715519,0 -71.54775098066415,-16.38762695073783,0 -71.54797291952228,-16.38818627267213,0 
							</coordinates>
						</LinearRing>
					</outerBoundaryIs>
				</Polygon>
			</Placemark>
			<Placemark>
				<name>1.3.5-7</name>
				<styleUrl>#msn_ylw-pushpin080</styleUrl>
				<Polygon>
					<tessellate>1</tessellate>
					<outerBoundaryIs>
						<LinearRing>
							<coordinates>
								-71.54761749412408,-16.38674479115292,0 -71.54780531477437,-16.38617704624316,0 -71.54800191932003,-16.38581832066246,0 -71.54806722599967,-16.38571246840098,0 -71.54871963928073,-16.38633661516628,0 -71.5495590796271,-16.38702354918638,0 -71.54936907974145,-16.38757868133446,0 -71.54892820652259,-16.3882223273911,0 -71.54816608239187,-16.38780367642148,0 -71.54751542494668,-16.38743301051537,0 -71.54761749412408,-16.38674479115292,0 
							</coordinates>
						</LinearRing>
					</outerBoundaryIs>
				</Polygon>
			</Placemark>
			<Placemark>
				<name>1.3.5-8</name>
				<styleUrl>#msn_ylw-pushpin080</styleUrl>
				<Polygon>
					<tessellate>1</tessellate>
					<outerBoundaryIs>
						<LinearRing>
							<coordinates>
								-71.54710309938891,-16.38797594070931,0 -71.54732488853367,-16.3887321024105,0 -71.54598946169962,-16.38910063988631,0 -71.54574613360872,-16.38827021498185,0 -71.54710309938891,-16.38797594070931,0 
							</coordinates>
						</LinearRing>
					</outerBoundaryIs>
				</Polygon>
			</Placemark>
			<Placemark>
				<name>1.3.5-9</name>
				<styleUrl>#msn_ylw-pushpin080</styleUrl>
				<Polygon>
					<tessellate>1</tessellate>
					<outerBoundaryIs>
						<LinearRing>
							<coordinates>
								-71.5517803201181,-16.38808846239958,0 -71.55087026870002,-16.38836889084581,0 -71.55070264820733,-16.38766693020616,0 -71.5506646707946,-16.38766958723526,0 -71.55084917000259,-16.38838106206865,0 -71.55018123521774,-16.38862465771851,0 -71.5501390619465,-16.3885491730278,0 -71.55031161929755,-16.38837188314165,0 -71.55029359301987,-16.38828205339319,0 -71.54968292808466,-16.38840272518809,0 -71.54960651929426,-16.38817445143558,0 -71.5497952642524,-16.38782623107439,0 -71.54985677821536,-16.38767570811847,0 -71.54989170424197,-16.38749424882428,0 -71.54994243272623,-16.38718632679257,0 -71.55127052026627,-16.38771354905736,0 -71.55119532466712,-16.38810604391676,0 -71.55122696630217,-16.38808779037576,0 -71.55132392945232,-16.38774343258569,0 -71.55181147660366,-16.3879577444417,0 -71.5517803201181,-16.38808846239958,0 
							</coordinates>
						</LinearRing>
					</outerBoundaryIs>
				</Polygon>
			</Placemark>
			<Placemark>
				<name>1.3.5-10</name>
				<styleUrl>#msn_ylw-pushpin080</styleUrl>
				<Polygon>
					<tessellate>1</tessellate>
					<outerBoundaryIs>
						<LinearRing>
							<coordinates>
								-71.54964516990879,-16.38854389221614,0 -71.54970596575041,-16.38849795463189,0 -71.5497466166052,-16.38849775822833,0 -71.54990865677169,-16.38868781609006,0 -71.549858235019,-16.38871304656467,0 -71.54982443719173,-16.3886780831635,0 -71.54977146063239,-16.38871458313083,0 -71.54964516990879,-16.38854389221614,0 
							</coordinates>
						</LinearRing>
					</outerBoundaryIs>
				</Polygon>
			</Placemark>
			<Placemark>
				<name>1.3.5-11</name>
				<styleUrl>#msn_ylw-pushpin080</styleUrl>
				<Polygon>
					<tessellate>1</tessellate>
					<outerBoundaryIs>
						<LinearRing>
							<coordinates>
								-71.55000262289704,-16.386005258885,0 -71.55003846419658,-16.38571183528165,0 -71.55020648322045,-16.38571590158865,0 -71.55021436540227,-16.38576242808219,0 -71.55034896919584,-16.38580254302969,0 -71.55064839721928,-16.38574629363338,0 -71.55055106212434,-16.38659908554055,0 -71.54985252974329,-16.38645382050842,0 -71.55000262289704,-16.386005258885,0 
							</coordinates>
						</LinearRing>
					</outerBoundaryIs>
				</Polygon>
			</Placemark>
			<Placemark>
				<name>1.3.5-12</name>
				<styleUrl>#msn_ylw-pushpin080</styleUrl>
				<Polygon>
					<tessellate>1</tessellate>
					<outerBoundaryIs>
						<LinearRing>
							<coordinates>
							</coordinates>
						</LinearRing>
					</outerBoundaryIs>
				</Polygon>
			</Placemark>
			<Placemark>
				<name>1.3.5-13</name>
				<styleUrl>#msn_ylw-pushpin080</styleUrl>
				<Polygon>
					<tessellate>1</tessellate>
					<outerBoundaryIs>
						<LinearRing>
							<coordinates>
								-71.54837751764119,-16.38922790078237,0 -71.54822088418524,-16.38870893157777,0 -71.54814016180467,-16.38800785977722,0 -71.54796933193657,-16.38798966178073,0 -71.54786965803802,-16.38767099637077,0 -71.54884247611562,-16.38824908948693,0 -71.54872862532491,-16.38869523817176,0 -71.5487191681749,-16.38911406499453,0 -71.54837751764119,-16.38922790078237,0 
							</coordinates>
						</LinearRing>
					</outerBoundaryIs>
				</Polygon>
			</Placemark>
			<Placemark>
				<name>1.3.6-1</name>
				<styleUrl>#msn_ylw-pushpin080</styleUrl>
				<Polygon>
					<tessellate>1</tessellate>
					<outerBoundaryIs>
						<LinearRing>
							<coordinates>
								-71.55194188722474,-16.38704484928282,0 -71.55191264299496,-16.3872039400472,0 -71.55144499555978,-16.38690857689352,0 -71.5511252651212,-16.38666672194616,0 -71.550795605449,-16.3866322946481,0 -71.55081926970135,-16.38646360763822,0 -71.55115169432392,-16.38648687841565,0 -71.55194188722474,-16.38704484928282,0 
							</coordinates>
						</LinearRing>
					</outerBoundaryIs>
				</Polygon>
			</Placemark>
			<Placemark>
				<name>1.3.6-2</name>
				<styleUrl>#msn_ylw-pushpin080</styleUrl>
				<Polygon>
					<tessellate>1</tessellate>
					<outerBoundaryIs>
						<LinearRing>
							<coordinates>
								-71.55247795861223,-16.3868724557238,0 -71.55209948336858,-16.38715020801133,0 -71.5520170091547,-16.38703232722736,0 -71.55235698829857,-16.38673654437381,0 -71.55247795861223,-16.3868724557238,0 
							</coordinates>
						</LinearRing>
					</outerBoundaryIs>
				</Polygon>
			</Placemark>
			<Placemark>
				<name>1.3.6-3</name>
				<styleUrl>#msn_ylw-pushpin080</styleUrl>
				<Polygon>
					<tessellate>1</tessellate>
					<outerBoundaryIs>
						<LinearRing>
							<coordinates>
								-71.55100937063867,-16.38582050062687,0 -71.55113451570169,-16.38583675456259,0 -71.55145555918773,-16.38590695697224,0 -71.55240392037143,-16.38635511405619,0 -71.5526005976439,-16.38637097632145,0 -71.55256491643718,-16.3867293412091,0 -71.55237458861895,-16.38661861103237,0 -71.55228509232744,-16.38674348550764,0 -71.55121439728747,-16.38621726864557,0 -71.55082265198973,-16.38613116742525,0 -71.55084324734284,-16.38592475117139,0 -71.55070667403433,-16.38581810404376,0 -71.55072863193655,-16.385676942399,0 -71.55086520029302,-16.38565785999896,0 -71.55100937063867,-16.38582050062687,0 
							</coordinates>
						</LinearRing>
					</outerBoundaryIs>
				</Polygon>
			</Placemark>
			<Placemark>
				<name>1.3.6-4</name>
				<styleUrl>#msn_ylw-pushpin080</styleUrl>
				<Polygon>
					<tessellate>1</tessellate>
					<outerBoundaryIs>
						<LinearRing>
							<coordinates>
								-71.55080124385344,-16.38599773451499,0 -71.55075919772081,-16.38660194551704,0 -71.55059765152713,-16.38659469222078,0 -71.55062729457342,-16.38633577756471,0 -71.55064327993476,-16.386203887007,0 -71.55066702722705,-16.38598101636585,0 -71.55080124385344,-16.38599773451499,0 
							</coordinates>
						</LinearRing>
					</outerBoundaryIs>
				</Polygon>
			</Placemark>
			<Placemark>
				<name>1.3.6-5</name>
				<styleUrl>#msn_ylw-pushpin080</styleUrl>
				<Polygon>
					<tessellate>1</tessellate>
					<outerBoundaryIs>
						<LinearRing>
							<coordinates>
								-71.55104219019755,-16.38626655159569,0 -71.55102912954267,-16.38641879179336,0 -71.55081496943492,-16.38639722062652,0 -71.5508337057726,-16.3862113505304,0 -71.55104219019755,-16.38626655159569,0 
							</coordinates>
						</LinearRing>
					</outerBoundaryIs>
				</Polygon>
			</Placemark>
			<Placemark>
				<name>1.3.6-6</name>
				<styleUrl>#msn_ylw-pushpin080</styleUrl>
				<Polygon>
					<tessellate>1</tessellate>
					<outerBoundaryIs>
						<LinearRing>
							<coordinates>
								-71.55164406568161,-16.3864990756219,0 -71.55155952239299,-16.38667009722472,0 -71.55121879525754,-16.38645311980703,0 -71.55128910209602,-16.38632128380592,0 -71.55164406568161,-16.3864990756219,0 
							</coordinates>
						</LinearRing>
					</outerBoundaryIs>
				</Polygon>
			</Placemark>
			<Placemark>
				<name>1.3.6-7</name>
				<styleUrl>#msn_ylw-pushpin080</styleUrl>
				<Polygon>
					<tessellate>1</tessellate>
					<outerBoundaryIs>
						<LinearRing>
							<coordinates>
								-71.55194470185738,-16.38698605886522,0 -71.55164901912187,-16.38675843072656,0 -71.55166840360091,-16.38672809637094,0 -71.55171178442343,-16.38674503330794,0 -71.55180682108119,-16.38658562717283,0 -71.55218824180915,-16.38679132478287,0 -71.55194470185738,-16.38698605886522,0 
							</coordinates>
						</LinearRing>
					</outerBoundaryIs>
				</Polygon>
			</Placemark>
			<Placemark>
				<name>1.3.6-9</name>
				<styleUrl>#msn_ylw-pushpin080</styleUrl>
				<Polygon>
					<tessellate>1</tessellate>
					<outerBoundaryIs>
						<LinearRing>
							<coordinates>
								-71.55103058360793,-16.38670068713207,0 -71.55102209020257,-16.38683879647857,0 -71.55069571425088,-16.38680615897225,0 -71.55069765487912,-16.38667295227669,0 -71.55103058360793,-16.38670068713207,0 
							</coordinates>
						</LinearRing>
					</outerBoundaryIs>
				</Polygon>
			</Placemark>
			<Placemark>
				<name>1.3.6-10</name>
				<styleUrl>#msn_ylw-pushpin080</styleUrl>
				<Polygon>
					<tessellate>1</tessellate>
					<outerBoundaryIs>
						<LinearRing>
							<coordinates>
								-71.55147869544523,-16.38699392706443,0 -71.55132711971558,-16.38749320687611,0 -71.55095505250169,-16.38736925729441,0 -71.55108643966926,-16.38672432532347,0 -71.55147869544523,-16.38699392706443,0 
							</coordinates>
						</LinearRing>
					</outerBoundaryIs>
				</Polygon>
			</Placemark>
			<Placemark>
				<name>1.3.6-11</name>
				<styleUrl>#msn_ylw-pushpin080</styleUrl>
				<Polygon>
					<tessellate>1</tessellate>
					<outerBoundaryIs>
						<LinearRing>
							<coordinates>
								-71.55132186989091,-16.38756975088764,0 -71.55128658659926,-16.38770097775977,0 -71.55107720509942,-16.38763585901584,0 -71.55108741639327,-16.38747619185376,0 -71.55132186989091,-16.38756975088764,0 
							</coordinates>
						</LinearRing>
					</outerBoundaryIs>
				</Polygon>
			</Placemark>
			<Placemark>
				<name>1.3.6-12</name>
				<styleUrl>#msn_ylw-pushpin080</styleUrl>
				<Polygon>
					<tessellate>1</tessellate>
					<outerBoundaryIs>
						<LinearRing>
							<coordinates>
								-71.55154954170668,-16.3869977887738,0 -71.55171840781449,-16.38710883248386,0 -71.55154098217686,-16.387807156062,0 -71.55132562193398,-16.38771734523082,0 -71.55154954170668,-16.3869977887738,0 
							</coordinates>
						</LinearRing>
					</outerBoundaryIs>
				</Polygon>
			</Placemark>
			<Placemark>
				<name>1.3.6-13</name>
				<styleUrl>#msn_ylw-pushpin080</styleUrl>
				<Polygon>
					<tessellate>1</tessellate>
					<outerBoundaryIs>
						<LinearRing>
							<coordinates>
								-71.55182409418393,-16.38804109131419,0 -71.55183912938517,-16.38795327217264,0 -71.55156259310237,-16.38780944854785,0 -71.55171825040959,-16.38725976894627,0 -71.55206976265328,-16.38743737108656,0 -71.5518732879671,-16.38787969620944,0 -71.55197864068239,-16.38792125202223,0 -71.55195157368867,-16.38801223612845,0 -71.55182409418393,-16.38804109131419,0 
							</coordinates>
						</LinearRing>
					</outerBoundaryIs>
				</Polygon>
			</Placemark>
			<Placemark>
				<name>1.3.1-1</name>
				<styleUrl>#msn_ylw-pushpin080</styleUrl>
				<Polygon>
					<tessellate>1</tessellate>
					<outerBoundaryIs>
						<LinearRing>
							<coordinates>
								-71.54857660577507,-16.38945427937758,0 -71.54807576349245,-16.39031801065458,0 -71.54775841660719,-16.38974370738738,0 -71.54857660577507,-16.38945427937758,0 
							</coordinates>
						</LinearRing>
					</outerBoundaryIs>
				</Polygon>
			</Placemark>
			<Placemark>
				<name>1.3.1-2</name>
				<styleUrl>#msn_ylw-pushpin080</styleUrl>
				<Polygon>
					<tessellate>1</tessellate>
					<outerBoundaryIs>
						<LinearRing>
							<coordinates>
								-71.54760057138829,-16.38981667031414,0 -71.54774080100805,-16.39015745005818,0 -71.54720508409495,-16.39035414894258,0 -71.54706961709894,-16.38999627799696,0 -71.54760057138829,-16.38981667031414,0 
							</coordinates>
						</LinearRing>
					</outerBoundaryIs>
				</Polygon>
			</Placemark>
			<Placemark>
				<name>1.3.1-3</name>
				<styleUrl>#msn_ylw-pushpin080</styleUrl>
				<Polygon>
					<tessellate>1</tessellate>
					<outerBoundaryIs>
						<LinearRing>
							<coordinates>
								-71.54775473718391,-16.39023677818404,0 -71.54792073898409,-16.39058530696247,0 -71.54756417917309,-16.39115156180553,0 -71.54751777765149,-16.39114249538368,0 -71.54724683870755,-16.39043263287341,0 -71.54775473718391,-16.39023677818404,0 
							</coordinates>
						</LinearRing>
					</outerBoundaryIs>
				</Polygon>
			</Placemark>
			<Placemark>
				<name>1.3.1-4</name>
				<styleUrl>#msn_ylw-pushpin080</styleUrl>
				<Polygon>
					<tessellate>1</tessellate>
					<outerBoundaryIs>
						<LinearRing>
							<coordinates>
								-71.54747196470474,-16.39125675250413,0 -71.54737927686844,-16.39143309505082,0 -71.5468038440073,-16.39009571136127,0 -71.54700581688765,-16.39001694618903,0 -71.54747196470474,-16.39125675250413,0 
							</coordinates>
						</LinearRing>
					</outerBoundaryIs>
				</Polygon>
			</Placemark>
			<Placemark>
				<name>1.3.1-5</name>
				<styleUrl>#msn_ylw-pushpin080</styleUrl>
				<Polygon>
					<tessellate>1</tessellate>
					<outerBoundaryIs>
						<LinearRing>
							<coordinates>
								-71.54718814892605,-16.39207125943538,0 -71.54707848454481,-16.39234388419572,0 -71.54633656271255,-16.39218310274088,0 -71.54638780664241,-16.39198476159836,0 -71.54636462406869,-16.39177033130615,0 -71.54718814892605,-16.39207125943538,0 
							</coordinates>
						</LinearRing>
					</outerBoundaryIs>
				</Polygon>
			</Placemark>
			<Placemark>
				<name>1.3.1-6</name>
				<styleUrl>#msn_ylw-pushpin080</styleUrl>
				<Polygon>
					<tessellate>1</tessellate>
					<outerBoundaryIs>
						<LinearRing>
							<coordinates>
								-71.54644350605163,-16.3907051912739,0 -71.5462431799307,-16.39101825562014,0 -71.54636868412736,-16.39127406615603,0 -71.54624026535315,-16.39159979648011,0 -71.54634805377769,-16.39172046661629,0 -71.54630744374195,-16.39178665635788,0 -71.54629480667624,-16.39217432867333,0 -71.54621200308902,-16.39217448881372,0 -71.54610184735331,-16.39191572217651,0 -71.5458645755629,-16.39144559343278,0 -71.54588289537413,-16.39139802622338,0 -71.54607716550809,-16.39096417569331,0 -71.5462294318455,-16.39044880011516,0 -71.54620256138583,-16.39034862349287,0 -71.54629998930062,-16.39029550802493,0 -71.54644350605163,-16.3907051912739,0 
							</coordinates>
						</LinearRing>
					</outerBoundaryIs>
				</Polygon>
			</Placemark>
		</Folder>
		<Folder>
			<name>C</name>
			<Placemark>
				<name>1.3.31-1</name>
				<styleUrl>#msn_ylw-pushpin028</styleUrl>
				<Polygon>
					<tessellate>1</tessellate>
					<outerBoundaryIs>
						<LinearRing>
							<coordinates>
								-71.54579818975331,-16.37031926159118,0 -71.54564963058446,-16.3700170984298,0 -71.54527641749804,-16.36999711590657,0 -71.5451825471998,-16.37035928793924,0 -71.54479828362918,-16.37026069120297,0 -71.54483152290318,-16.37003596144865,0 -71.54483764478933,-16.36979578604661,0 -71.54545354257567,-16.36978329894085,0 -71.54603458998567,-16.36988296028452,0 -71.54614179828093,-16.37022962159734,0 -71.54584825423866,-16.37043873989489,0 -71.54575890326554,-16.37050382256054,0 -71.5456751984041,-16.37051848102343,0 -71.54579818975331,-16.37031926159118,0 
							</coordinates>
						</LinearRing>
					</outerBoundaryIs>
				</Polygon>
			</Placemark>
			<Placemark>
				<name>1.3.31-2</name>
				<styleUrl>#msn_ylw-pushpin028</styleUrl>
				<Polygon>
					<tessellate>1</tessellate>
					<outerBoundaryIs>
						<LinearRing>
							<coordinates>
								-71.54560657430041,-16.37008849719822,0 -71.54566892673806,-16.37017453124755,0 -71.54568997882205,-16.37035309309389,0 -71.54562803418864,-16.37044506627891,0 -71.54537990160492,-16.37038956476837,0 -71.54527882516861,-16.37033332954839,0 -71.54535128767805,-16.37008435201906,0 -71.54560657430041,-16.37008849719822,0 
							</coordinates>
						</LinearRing>
					</outerBoundaryIs>
				</Polygon>
			</Placemark>
			<Placemark>
				<name>1.3.32-9</name>
				<open>1</open>
				<styleUrl>#msn_ylw-pushpin028</styleUrl>
				<Polygon>
					<tessellate>1</tessellate>
					<outerBoundaryIs>
						<LinearRing>
							<coordinates>
								-71.54223122287783,-16.36837635511338,0 -71.54267899482731,-16.36889471879934,0 -71.54273632518607,-16.36933908476177,0 -71.54264849154168,-16.36989205618097,0 -71.54261008818186,-16.37010878785834,0 -71.5422547217083,-16.37020082435574,0 -71.54204644159535,-16.36925918162306,0 -71.54176631540123,-16.36840164751281,0 -71.54223122287783,-16.36837635511338,0 
							</coordinates>
						</LinearRing>
					</outerBoundaryIs>
				</Polygon>
			</Placemark>
			<Placemark>
				<name>1.3.36-56</name>
				<styleUrl>#msn_ylw-pushpin028</styleUrl>
				<Polygon>
					<tessellate>1</tessellate>
					<outerBoundaryIs>
						<LinearRing>
							<coordinates>
								-71.54057472933117,-16.36397989620677,0 -71.54075325987475,-16.36405246666044,0 -71.54080939212523,-16.36419754432315,0 -71.54083614345316,-16.36430797283264,0 -71.54091074274656,-16.36443147628719,0 -71.54113305898959,-16.36471189353387,0 -71.54103548624229,-16.36483156958546,0 -71.5409868527979,-16.36479552810529,0 -71.54082890182492,-16.36469728716294,0 -71.54068772984111,-16.36452604873196,0 -71.5405268422993,-16.3643177897776,0 -71.54037741208806,-16.36401121713051,0 -71.54043399206431,-16.36390126575026,0 -71.54057472933117,-16.36397989620677,0 
							</coordinates>
						</LinearRing>
					</outerBoundaryIs>
				</Polygon>
			</Placemark>
			<Placemark>
				<name>1.3.36-57</name>
				<styleUrl>#msn_ylw-pushpin028</styleUrl>
				<Polygon>
					<tessellate>1</tessellate>
					<outerBoundaryIs>
						<LinearRing>
							<coordinates>
								-71.54198100399249,-16.36682468016288,0 -71.54245991236714,-16.36665320478541,0 -71.54249401103773,-16.36670431632815,0 -71.54248596588155,-16.3667690895362,0 -71.54249747192206,-16.36684970684323,0 -71.54251118408435,-16.36689687597008,0 -71.54251258088635,-16.36697361052554,0 -71.54250108881668,-16.36703913999694,0 -71.54247605394629,-16.36713421965234,0 -71.54245692201751,-16.36717259016267,0 -71.54237217786995,-16.36715799163125,0 -71.54231117035859,-16.36723377570404,0 -71.54224440985929,-16.36730236426527,0 -71.5421594899845,-16.36738707051481,0 -71.5421028523875,-16.36746923922431,0 -71.54207913931201,-16.36749029352903,0 -71.54202789415523,-16.36728812422022,0 -71.54199645746188,-16.36719689296037,0 -71.54195971192409,-16.36710300321682,0 -71.54196609898402,-16.36698319714855,0 -71.54198100399249,-16.36682468016288,0 
							</coordinates>
						</LinearRing>
					</outerBoundaryIs>
				</Polygon>
			</Placemark>
			<Placemark>
				<name>1.3.36-58</name>
				<styleUrl>#msn_ylw-pushpin028</styleUrl>
				<Polygon>
					<tessellate>1</tessellate>
					<outerBoundaryIs>
						<LinearRing>
							<coordinates>
								-71.54332466081561,-16.36494424421068,0 -71.54331819763914,-16.3651030716388,0 -71.54328076478211,-16.36522113329933,0 -71.54295690908826,-16.36571553740103,0 -71.54289839509966,-16.36580265484452,0 -71.54287027143343,-16.36579679481343,0 -71.5428804200059,-16.3655231128024,0 -71.54287589195393,-16.36536251174748,0 -71.54272129258371,-16.36516703261625,0 -71.54262108205502,-16.36493556037162,0 -71.54258019495781,-16.3646537959292,0 -71.54273180639453,-16.36473577533692,0 -71.54311543947608,-16.36469937928396,0 -71.54326631345367,-16.36460389626989,0 -71.54332466081561,-16.36494424421068,0 
							</coordinates>
						</LinearRing>
					</outerBoundaryIs>
				</Polygon>
			</Placemark>
			<Placemark>
				<name>1.3.36-59</name>
				<styleUrl>#msn_ylw-pushpin028</styleUrl>
				<Polygon>
					<tessellate>1</tessellate>
					<outerBoundaryIs>
						<LinearRing>
							<coordinates>
								-71.54150413469105,-16.36611633025937,0 -71.54159646831734,-16.3661851673472,0 -71.54157618101674,-16.3662172642277,0 -71.54153568380687,-16.36622157155519,0 -71.54144539466378,-16.36614304773068,0 -71.54137329730243,-16.36601191356046,0 -71.54142587075508,-16.36598160931891,0 -71.54150413469105,-16.36611633025937,0 
							</coordinates>
						</LinearRing>
					</outerBoundaryIs>
				</Polygon>
			</Placemark>
			<Placemark>
				<name>1.3.36-60</name>
				<styleUrl>#msn_ylw-pushpin028</styleUrl>
				<Polygon>
					<tessellate>1</tessellate>
					<outerBoundaryIs>
						<LinearRing>
							<coordinates>
								-71.54071228236008,-16.36522321210766,0 -71.5407217223226,-16.36529768127268,0 -71.54046055936301,-16.36535297378701,0 -71.54044047264524,-16.36528396245441,0 -71.54071228236008,-16.36522321210766,0 
							</coordinates>
						</LinearRing>
					</outerBoundaryIs>
				</Polygon>
			</Placemark>
			<Placemark>
				<name>1.3.35-7</name>
				<styleUrl>#msn_ylw-pushpin028</styleUrl>
				<Polygon>
					<tessellate>1</tessellate>
					<outerBoundaryIs>
						<LinearRing>
							<coordinates>
								-71.53895889516447,-16.3660866134609,0 -71.53870956037677,-16.36603133904098,0 -71.53871769428807,-16.36600119322076,0 -71.53872638744421,-16.36588614855724,0 -71.53873251248986,-16.36578042026741,0 -71.53896371855861,-16.36581932942308,0 -71.53922776792921,-16.36590746644206,0 -71.5391229628227,-16.36619089732511,0 -71.53895889516447,-16.3660866134609,0 
							</coordinates>
						</LinearRing>
					</outerBoundaryIs>
				</Polygon>
			</Placemark>
			<Placemark>
				<name>1.3.35-9</name>
				<styleUrl>#msn_ylw-pushpin028</styleUrl>
				<Polygon>
					<tessellate>1</tessellate>
					<outerBoundaryIs>
						<LinearRing>
							<coordinates>
								-71.54030744425269,-16.36376514497793,0 -71.54035795321866,-16.36395857289238,0 -71.54021620483617,-16.3639822419754,0 -71.54020225271624,-16.36377640714229,0 -71.54030744425269,-16.36376514497793,0 
							</coordinates>
						</LinearRing>
					</outerBoundaryIs>
				</Polygon>
			</Placemark>
			<Placemark>
				<name>1.3.35-10</name>
				<styleUrl>#msn_ylw-pushpin028</styleUrl>
				<Polygon>
					<tessellate>1</tessellate>
					<outerBoundaryIs>
						<LinearRing>
							<coordinates>
								-71.53894903964641,-16.36704029588615,0 -71.53903247469223,-16.36700257660436,0 -71.53941891829871,-16.36729381609437,0 -71.53953732564979,-16.36750004766946,0 -71.5396735878671,-16.36791476761935,0 -71.53977646799511,-16.36823876942544,0 -71.5398511570387,-16.36848157997096,0 -71.53936181062635,-16.36852653330351,0 -71.53927747144994,-16.36799964374134,0 -71.53915471665512,-16.36748245870386,0 -71.53902135642963,-16.36726604430756,0 -71.53894903964641,-16.36704029588615,0 
							</coordinates>
						</LinearRing>
					</outerBoundaryIs>
				</Polygon>
			</Placemark>
			<Placemark>
				<name>1.3.35-11</name>
				<styleUrl>#msn_ylw-pushpin028</styleUrl>
				<Polygon>
					<tessellate>1</tessellate>
					<outerBoundaryIs>
						<LinearRing>
							<coordinates>
								-71.53927982263571,-16.36840660485669,0 -71.53856724534332,-16.36838320750553,0 -71.53855701495515,-16.36808902063123,0 -71.53860852422559,-16.3677662702968,0 -71.53869732406135,-16.36737369131521,0 -71.53883796387731,-16.36706006372516,0 -71.53888200104871,-16.36706241322688,0 -71.53902433791434,-16.36746516626528,0 -71.53910015404402,-16.36758828250838,0 -71.53927982263571,-16.36840660485669,0 
							</coordinates>
						</LinearRing>
					</outerBoundaryIs>
				</Polygon>
			</Placemark>
			<Placemark>
				<name>1.3.35-12</name>
				<styleUrl>#msn_ylw-pushpin028</styleUrl>
				<Polygon>
					<tessellate>1</tessellate>
					<outerBoundaryIs>
						<LinearRing>
							<coordinates>
								-71.53941521034605,-16.36936972570927,0 -71.53949254779343,-16.36979406471154,0 -71.53898490416272,-16.36987203682459,0 -71.53895894923487,-16.36965996449794,0 -71.53873392843343,-16.3696875897218,0 -71.53872188234836,-16.36958221577007,0 -71.53874813534556,-16.36956722486567,0 -71.53871817233626,-16.36945531768989,0 -71.53877784719307,-16.36943290164786,0 -71.53879321594361,-16.36945518754524,0 -71.53900878145114,-16.36942763592248,0 -71.53902436093325,-16.36953716480569,0 -71.53913883948726,-16.36942750161503,0 -71.53941521034605,-16.36936972570927,0 
							</coordinates>
						</LinearRing>
					</outerBoundaryIs>
				</Polygon>
			</Placemark>
			<Placemark>
				<name>1.3.35-13</name>
				<styleUrl>#msn_ylw-pushpin028</styleUrl>
				<Polygon>
					<tessellate>1</tessellate>
					<outerBoundaryIs>
						<LinearRing>
							<coordinates>
								-71.53997363488575,-16.36458213786543,0 -71.54008994737558,-16.36458407416409,0 -71.54011932929923,-16.36469356948087,0 -71.54005202730126,-16.36470300970691,0 -71.54002839671183,-16.36464626070345,0 -71.53996913763447,-16.3646519276247,0 -71.53997363488575,-16.36458213786543,0 
							</coordinates>
						</LinearRing>
					</outerBoundaryIs>
				</Polygon>
			</Placemark>
			<Placemark>
				<name>1.3.35-14</name>
				<styleUrl>#msn_ylw-pushpin028</styleUrl>
				<Polygon>
					<tessellate>1</tessellate>
					<outerBoundaryIs>
						<LinearRing>
							<coordinates>
								-71.54010722677755,-16.36403256208629,0 -71.53967244798585,-16.36495849107073,0 -71.53926561920413,-16.36486585941013,0 -71.53910400301071,-16.36542998175412,0 -71.53895055690704,-16.36577759600613,0 -71.53876575022863,-16.36570011205925,0 -71.53881735523915,-16.36507036065285,0 -71.53891208785365,-16.36445189848112,0 -71.53898730848562,-16.36401380314553,0 -71.5390758011315,-16.36371972828814,0 -71.53922124283595,-16.36352206312779,0 -71.53937661084767,-16.36379926669843,0 -71.53958080879109,-16.36385578280741,0 -71.53982944992654,-16.36374747045022,0 -71.54013866892413,-16.36382132606282,0 -71.54010722677755,-16.36403256208629,0 
							</coordinates>
						</LinearRing>
					</outerBoundaryIs>
				</Polygon>
			</Placemark>
			<Placemark>
				<name>1.3.35-15</name>
				<styleUrl>#msn_ylw-pushpin028</styleUrl>
				<Polygon>
					<tessellate>1</tessellate>
					<outerBoundaryIs>
						<LinearRing>
							<coordinates>
								-71.53874810217337,-16.36700874765736,0 -71.53852961153106,-16.36702277361059,0 -71.53848012201479,-16.36717119109129,0 -71.53822910594701,-16.36711033383158,0 -71.53830164232001,-16.36692619537015,0 -71.53833053333699,-16.36667333631026,0 -71.53840991896466,-16.36651880001698,0 -71.53860895598784,-16.36637280571303,0 -71.53890819704239,-16.36633230985754,0 -71.53903306387566,-16.36637721666411,0 -71.53874810217337,-16.36700874765736,0 
							</coordinates>
						</LinearRing>
					</outerBoundaryIs>
				</Polygon>
			</Placemark>
			<Placemark>
				<name>1.3.35-16</name>
				<styleUrl>#msn_ylw-pushpin028</styleUrl>
				<Polygon>
					<tessellate>1</tessellate>
					<outerBoundaryIs>
						<LinearRing>
							<coordinates>
								-71.53841209082489,-16.36719077873859,0 -71.53828304580807,-16.36751016175483,0 -71.53813988518138,-16.36777567710464,0 -71.5381064541108,-16.36803857095179,0 -71.5380831320613,-16.36833310030524,0 -71.53810628771041,-16.36854014962291,0 -71.53768648030587,-16.36854775666924,0 -71.53767165139536,-16.36831477763923,0 -71.53771283628072,-16.3678876528554,0 -71.5378408484725,-16.36744029803486,0 -71.53788495669521,-16.36733024269556,0 -71.53807823217819,-16.3672136997829,0 -71.5381911363599,-16.36712835658551,0 -71.53841209082489,-16.36719077873859,0 
							</coordinates>
						</LinearRing>
					</outerBoundaryIs>
				</Polygon>
			</Placemark>
			<Placemark>
				<name>1.3.35-17</name>
				<styleUrl>#msn_ylw-pushpin028</styleUrl>
				<Polygon>
					<tessellate>1</tessellate>
					<outerBoundaryIs>
						<LinearRing>
							<coordinates>
								-71.53855541805005,-16.36752371628486,0 -71.53845950003355,-16.36794991767478,0 -71.53845887663233,-16.36826125312838,0 -71.53846393899009,-16.36851573083839,0 -71.53838275115085,-16.3685343776081,0 -71.53814473312198,-16.36853526879304,0 -71.53812456470639,-16.36820271829432,0 -71.5381354420886,-16.36805589649194,0 -71.53815816930918,-16.36791844118449,0 -71.53818703462862,-16.3678094301077,0 -71.53841139019498,-16.36734267705389,0 -71.53846972940467,-16.3672615381555,0 -71.53850756754596,-16.36725038352731,0 -71.53857800155579,-16.36713803152427,0 -71.53866876834415,-16.36717125699009,0 -71.53855541805005,-16.36752371628486,0 
							</coordinates>
						</LinearRing>
					</outerBoundaryIs>
				</Polygon>
			</Placemark>
			<Placemark>
				<name>1.3.35-18</name>
				<styleUrl>#msn_ylw-pushpin028</styleUrl>
				<Polygon>
					<tessellate>1</tessellate>
					<outerBoundaryIs>
						<LinearRing>
							<coordinates>
								-71.53785950548124,-16.37040310999763,0 -71.53731518005489,-16.37018163374801,0 -71.53700710239853,-16.37039270270587,0 -71.53691344329634,-16.37041100666526,0 -71.53679481188252,-16.3703812228158,0 -71.53658680394585,-16.37030257849558,0 -71.53633106877874,-16.3702156324957,0 -71.53632899154329,-16.37013039068139,0 -71.53629196443667,-16.3700123299497,0 -71.53624777406513,-16.36992936827796,0 -71.53612671039686,-16.36987011748065,0 -71.53631320275059,-16.36971963555762,0 -71.53666462018123,-16.3695569376699,0 -71.53696761264219,-16.36906275195609,0 -71.53740003001822,-16.36924857529903,0 -71.53764219375175,-16.36931038626504,0 -71.53758072214613,-16.36893264705864,0 -71.53758322415733,-16.36874989627736,0 -71.53851932222037,-16.36882260051214,0 -71.53850434197219,-16.36903419967394,0 -71.53785950548124,-16.37040310999763,0 
							</coordinates>
						</LinearRing>
					</outerBoundaryIs>
				</Polygon>
			</Placemark>
			<Placemark>
				<name>1.3.36-1</name>
				<styleUrl>#msn_ylw-pushpin028</styleUrl>
				<Polygon>
					<tessellate>1</tessellate>
					<outerBoundaryIs>
						<LinearRing>
							<coordinates>
								-71.54292775094034,-16.3659196184176,0 -71.54293202893894,-16.36586492641587,0 -71.54297651748584,-16.36573558315933,0 -71.54311578999423,-16.36555847209951,0 -71.54324921608247,-16.3653570926009,0 -71.54336104961263,-16.36517039833294,0 -71.54336239260761,-16.36492225017427,0 -71.54332232221022,-16.36472375667304,0 -71.54330349695596,-16.36460122767954,0 -71.5433367979021,-16.36449536361928,0 -71.54336171066149,-16.36447400616112,0 -71.54344427735039,-16.36448984686618,0 -71.54343599235652,-16.36455481486878,0 -71.54340020637586,-16.36456966980705,0 -71.54337502141394,-16.36464344726575,0 -71.54338795275544,-16.36475405618064,0 -71.54342985609564,-16.36495627235936,0 -71.54343601809946,-16.36515183035997,0 -71.54332555567009,-16.36538189296191,0 -71.54327022619206,-16.36555584870892,0 -71.54322116886294,-16.3656716648611,0 -71.54314225057362,-16.36572099017589,0 -71.54297897338584,-16.36595749253302,0 -71.54292775094034,-16.3659196184176,0 
							</coordinates>
						</LinearRing>
					</outerBoundaryIs>
				</Polygon>
			</Placemark>
			<Placemark>
				<name>1.3.36-2</name>
				<styleUrl>#msn_ylw-pushpin028</styleUrl>
				<Polygon>
					<tessellate>1</tessellate>
					<outerBoundaryIs>
						<LinearRing>
							<coordinates>
								-71.54243030680225,-16.36442131093761,0 -71.54252776579938,-16.36458314503211,0 -71.54256241005245,-16.36475821533532,0 -71.54258402879829,-16.36492546587683,0 -71.54264843353708,-16.3651428436726,0 -71.54275476393622,-16.36530453077644,0 -71.54279338316815,-16.36537452329254,0 -71.54281154980504,-16.36550224668362,0 -71.54280357736806,-16.36565269343685,0 -71.54276186398837,-16.36566977352368,0 -71.5426881836467,-16.36542581616085,0 -71.54255880747674,-16.36522673947606,0 -71.54248884410637,-16.3650538069641,0 -71.54246036985344,-16.36485862775645,0 -71.54244908183695,-16.36466390178536,0 -71.54241065786195,-16.36458938043503,0 -71.54228027394464,-16.3643674714104,0 -71.54235785381083,-16.36428436646093,0 -71.54243030680225,-16.36442131093761,0 
							</coordinates>
						</LinearRing>
					</outerBoundaryIs>
				</Polygon>
			</Placemark>
			<Placemark>
				<name>1.3.36-3</name>
				<styleUrl>#msn_ylw-pushpin028</styleUrl>
				<Polygon>
					<tessellate>1</tessellate>
					<outerBoundaryIs>
						<LinearRing>
							<coordinates>
								-71.54326181408985,-16.36456966276403,0 -71.54315803731645,-16.36465113882415,0 -71.54290725211892,-16.3646865162278,0 -71.54274274179491,-16.36467761845736,0 -71.54260164245616,-16.36459642729711,0 -71.54248419136634,-16.36446103306717,0 -71.5424421954467,-16.36435743503829,0 -71.54247055188191,-16.36430803240102,0 -71.54329350004637,-16.36446096678654,0 -71.54326181408985,-16.36456966276403,0 
							</coordinates>
						</LinearRing>
					</outerBoundaryIs>
				</Polygon>
			</Placemark>
			<Placemark>
				<name>1.3.36-4</name>
				<styleUrl>#msn_ylw-pushpin028</styleUrl>
				<Polygon>
					<tessellate>1</tessellate>
					<outerBoundaryIs>
						<LinearRing>
							<coordinates>
								-71.54209648807448,-16.36439236201065,0 -71.54219792018476,-16.36441562601832,0 -71.54219580918729,-16.36446372849797,0 -71.54219245964244,-16.36463818340342,0 -71.54217155926631,-16.36477459759532,0 -71.54211941450774,-16.36495500314287,0 -71.54198932854545,-16.36493739642008,0 -71.54209648807448,-16.36439236201065,0 
							</coordinates>
						</LinearRing>
					</outerBoundaryIs>
				</Polygon>
			</Placemark>
			<Placemark>
				<name>1.3.36-5</name>
				<styleUrl>#msn_ylw-pushpin028</styleUrl>
				<Polygon>
					<tessellate>1</tessellate>
					<outerBoundaryIs>
						<LinearRing>
							<coordinates>
								-71.54197206180991,-16.36557086191337,0 -71.54200762603512,-16.36568782587406,0 -71.54201853514448,-16.36578209668375,0 -71.54198368873701,-16.36595301273041,0 -71.54195942588065,-16.36610370162259,0 -71.54192818455259,-16.3661485117715,0 -71.54184588062797,-16.36616036206165,0 -71.54176707003273,-16.36616659345135,0 -71.54184505372176,-16.36565341888983,0 -71.54196856332138,-16.36495628668624,0 -71.54211148435412,-16.36497994685696,0 -71.54197206180991,-16.36557086191337,0 
							</coordinates>
						</LinearRing>
					</outerBoundaryIs>
				</Polygon>
			</Placemark>
			<Placemark>
				<name>1.3.36-6</name>
				<styleUrl>#msn_ylw-pushpin028</styleUrl>
				<Polygon>
					<tessellate>1</tessellate>
					<outerBoundaryIs>
						<LinearRing>
							<coordinates>
								-71.5412256918669,-16.36661194834538,0 -71.54157901277195,-16.36647293152242,0 -71.54179416584144,-16.36666476139964,0 -71.54188005937459,-16.36676140346199,0 -71.54190659614696,-16.36693139629164,0 -71.5419395605678,-16.36718055024818,0 -71.54200463917778,-16.36744931994895,0 -71.54135889777258,-16.36767697376973,0 -71.5412256918669,-16.36661194834538,0 
							</coordinates>
						</LinearRing>
					</outerBoundaryIs>
				</Polygon>
			</Placemark>
			<Placemark>
				<name>1.3.36-7</name>
				<styleUrl>#msn_ylw-pushpin028</styleUrl>
				<Polygon>
					<tessellate>1</tessellate>
					<outerBoundaryIs>
						<LinearRing>
							<coordinates>
								-71.54152033531575,-16.36501419762497,0 -71.54189795969008,-16.36496912463212,0 -71.54188035725609,-16.36512541213441,0 -71.54176272228254,-16.36577281400039,0 -71.54169206905314,-16.36612285707154,0 -71.54161625315481,-16.36615085243422,0 -71.54151675590705,-16.36607283958516,0 -71.54124554510678,-16.36529821153165,0 -71.54116442897903,-16.36461420765942,0 -71.54142391670591,-16.36453253947986,0 -71.54152033531575,-16.36501419762497,0 
							</coordinates>
						</LinearRing>
					</outerBoundaryIs>
				</Polygon>
			</Placemark>
			<Placemark>
				<name>1.3.36-8</name>
				<styleUrl>#msn_ylw-pushpin028</styleUrl>
				<Polygon>
					<tessellate>1</tessellate>
					<outerBoundaryIs>
						<LinearRing>
							<coordinates>
								-71.54195839820389,-16.36491016189999,0 -71.54178070347217,-16.36491833836534,0 -71.54155558291428,-16.36493982589726,0 -71.54143331140789,-16.36411281659371,0 -71.54207635693527,-16.36422641851025,0 -71.54195839820389,-16.36491016189999,0 
							</coordinates>
						</LinearRing>
					</outerBoundaryIs>
				</Polygon>
			</Placemark>
			<Placemark>
				<name>1.3.36-9</name>
				<styleUrl>#msn_ylw-pushpin028</styleUrl>
				<Polygon>
					<tessellate>1</tessellate>
					<outerBoundaryIs>
						<LinearRing>
							<coordinates>
								-71.54143361251444,-16.36444489125501,0 -71.54109343894265,-16.36458974965132,0 -71.5409005181357,-16.36432496253937,0 -71.54078627250598,-16.36402729814139,0 -71.54135783867562,-16.3640918473462,0 -71.54143361251444,-16.36444489125501,0 
							</coordinates>
						</LinearRing>
					</outerBoundaryIs>
				</Polygon>
			</Placemark>
			<Placemark>
				<name>1.3.37-1</name>
				<styleUrl>#msn_ylw-pushpin028</styleUrl>
				<Polygon>
					<tessellate>1</tessellate>
					<outerBoundaryIs>
						<LinearRing>
							<coordinates>
								-71.54415351796246,-16.3660618572368,0 -71.54416433398625,-16.36629790061914,0 -71.54414197387457,-16.36651581721557,0 -71.54412000916687,-16.36672757972642,0 -71.54409586848858,-16.36682106008439,0 -71.54407503796045,-16.36682954476452,0 -71.54404845125367,-16.36672746493118,0 -71.54403069649976,-16.36659309451757,0 -71.54400677366468,-16.36641656431866,0 -71.54397641096757,-16.3661931851169,0 -71.54397635388148,-16.36606874240331,0 -71.54415351796246,-16.3660618572368,0 
							</coordinates>
						</LinearRing>
					</outerBoundaryIs>
				</Polygon>
			</Placemark>
			<Placemark>
				<name>1.3.37-2</name>
				<styleUrl>#msn_ylw-pushpin028</styleUrl>
				<Polygon>
					<tessellate>1</tessellate>
					<outerBoundaryIs>
						<LinearRing>
							<coordinates>
								-71.54418159147581,-16.36604044357604,0 -71.54398528904132,-16.36602832472272,0 -71.54395091452363,-16.36571108976651,0 -71.54392113364555,-16.36545958566943,0 -71.5441647843145,-16.36544273116349,0 -71.54418159147581,-16.36604044357604,0 
							</coordinates>
						</LinearRing>
					</outerBoundaryIs>
				</Polygon>
			</Placemark>
			<Placemark>
				<name>1.3.37-3</name>
				<styleUrl>#msn_ylw-pushpin028</styleUrl>
				<Polygon>
					<tessellate>1</tessellate>
					<outerBoundaryIs>
						<LinearRing>
							<coordinates>
								-71.54415745065556,-16.3654247032067,0 -71.54391885128003,-16.36543639199932,0 -71.54392370433676,-16.36528602842158,0 -71.54388322034644,-16.36512702860676,0 -71.54411797119431,-16.36510149140306,0 -71.54415745065556,-16.3654247032067,0 
							</coordinates>
						</LinearRing>
					</outerBoundaryIs>
				</Polygon>
			</Placemark>
			<Placemark>
				<name>1.3.37-4</name>
				<styleUrl>#msn_ylw-pushpin028</styleUrl>
				<Polygon>
					<tessellate>1</tessellate>
					<outerBoundaryIs>
						<LinearRing>
							<coordinates>
								-71.54364699706019,-16.36451515691423,0 -71.54407781815604,-16.36456140942419,0 -71.5441211899988,-16.36506603462373,0 -71.54385984832292,-16.36508267757131,0 -71.54364699706019,-16.36451515691423,0 
							</coordinates>
						</LinearRing>
					</outerBoundaryIs>
				</Polygon>
			</Placemark>
			<Placemark>
				<name>1.3.37-5</name>
				<styleUrl>#msn_ylw-pushpin028</styleUrl>
				<Polygon>
					<tessellate>1</tessellate>
					<outerBoundaryIs>
						<LinearRing>
							<coordinates>
								-71.54378475938859,-16.36508561848694,0 -71.54384894871119,-16.36529394943852,0 -71.5439190260678,-16.3656431957414,0 -71.54377613034698,-16.36565506809164,0 -71.5437947863949,-16.36537966607716,0 -71.54372487143505,-16.36514055492597,0 -71.5435867234663,-16.36488254847274,0 -71.5434761103088,-16.36453644006125,0 -71.54357254389552,-16.36450359317167,0 -71.54378475938859,-16.36508561848694,0 
							</coordinates>
						</LinearRing>
					</outerBoundaryIs>
				</Polygon>
			</Placemark>
			<Placemark>
				<name>1.3.37-6</name>
				<styleUrl>#msn_ylw-pushpin028</styleUrl>
				<Polygon>
					<tessellate>1</tessellate>
					<outerBoundaryIs>
						<LinearRing>
							<coordinates>
							</coordinates>
						</LinearRing>
					</outerBoundaryIs>
				</Polygon>
			</Placemark>
			<Placemark>
				<name>1.3.37-7</name>
				<styleUrl>#msn_ylw-pushpin028</styleUrl>
				<Polygon>
					<tessellate>1</tessellate>
					<outerBoundaryIs>
						<LinearRing>
							<coordinates>
								-71.54463509945069,-16.36655124820069,0 -71.54420994055732,-16.3667610885875,0 -71.5441565542183,-16.36674439001412,0 -71.54421428764242,-16.36648044736152,0 -71.54424571226846,-16.36609127906142,0 -71.54456793078346,-16.36607556990799,0 -71.54463509945069,-16.36655124820069,0 
							</coordinates>
						</LinearRing>
					</outerBoundaryIs>
				</Polygon>
			</Placemark>
			<Placemark>
				<name>1.3.37-8</name>
				<styleUrl>#msn_ylw-pushpin028</styleUrl>
				<Polygon>
					<tessellate>1</tessellate>
					<outerBoundaryIs>
						<LinearRing>
							<coordinates>
								-71.54540595534488,-16.36579646339082,0 -71.54543227483079,-16.36584931579311,0 -71.54526649277315,-16.36615970223694,0 -71.54500665644157,-16.3663539584886,0 -71.54467881019569,-16.36652601907267,0 -71.54462298654923,-16.36607228326928,0 -71.5448424611908,-16.3660398328004,0 -71.54505329436451,-16.36597624907332,0 -71.54540595534488,-16.36579646339082,0 
							</coordinates>
						</LinearRing>
					</outerBoundaryIs>
				</Polygon>
			</Placemark>
			<Placemark>
				<name>1.3.37-9</name>
				<styleUrl>#msn_ylw-pushpin028</styleUrl>
				<Polygon>
					<tessellate>1</tessellate>
					<outerBoundaryIs>
						<LinearRing>
							<coordinates>
								-71.54523533621089,-16.36627632311064,0 -71.54529355130774,-16.36637738050551,0 -71.54517215017663,-16.36695672014835,0 -71.54499692853412,-16.36698159795779,0 -71.54479863673829,-16.36652939966402,0 -71.54523533621089,-16.36627632311064,0 
							</coordinates>
						</LinearRing>
					</outerBoundaryIs>
				</Polygon>
			</Placemark>
			<Placemark>
				<name>1.3.37-11</name>
				<styleUrl>#msn_ylw-pushpin028</styleUrl>
				<Polygon>
					<tessellate>1</tessellate>
					<outerBoundaryIs>
						<LinearRing>
							<coordinates>
								-71.54624525057875,-16.36573774090656,0 -71.54648847724378,-16.36614679775667,0 -71.54624527377726,-16.36619093119291,0 -71.54626371435884,-16.36637951462203,0 -71.5461079378818,-16.36637118365692,0 -71.54596789578481,-16.36621321994835,0 -71.54583645755207,-16.36606711729104,0 -71.54572618010847,-16.36602612270556,0 -71.54561945236192,-16.36638327286342,0 -71.5455716664908,-16.36693625564342,0 -71.54524972060335,-16.36696842723943,0 -71.54532452284197,-16.36637574560242,0 -71.5453160041729,-16.36622534987688,0 -71.54550059313829,-16.36577823463598,0 -71.54605870194634,-16.36549903712873,0 -71.54624525057875,-16.36573774090656,0 
							</coordinates>
						</LinearRing>
					</outerBoundaryIs>
				</Polygon>
			</Placemark>
			<Placemark>
				<name>1.3.37-12</name>
				<styleUrl>#msn_ylw-pushpin028</styleUrl>
				<Polygon>
					<tessellate>1</tessellate>
					<outerBoundaryIs>
						<LinearRing>
							<coordinates>
								-71.54712348482123,-16.36735816036176,0 -71.54789901678772,-16.36700126969799,0 -71.54794523933344,-16.36723628953734,0 -71.54795086479453,-16.36741917698128,0 -71.54797508578629,-16.36784319029896,0 -71.5478572571985,-16.36766177389577,0 -71.54781811328485,-16.36731858062609,0 -71.54775930147051,-16.36722406400743,0 -71.54735234412404,-16.36733829529733,0 -71.54737439668767,-16.36758588596087,0 -71.54738331235366,-16.36771595477251,0 -71.54730352569689,-16.36774385213006,0 -71.54712348482123,-16.36735816036176,0 
							</coordinates>
						</LinearRing>
					</outerBoundaryIs>
				</Polygon>
			</Placemark>
			<Placemark>
				<name>1.3.37-13</name>
				<styleUrl>#msn_ylw-pushpin028</styleUrl>
				<Polygon>
					<tessellate>1</tessellate>
					<outerBoundaryIs>
						<LinearRing>
							<coordinates>
								-71.54888620986468,-16.3656383012408,0 -71.54879043488108,-16.36572774486495,0 -71.54863348466856,-16.36610876730554,0 -71.54847845798736,-16.36610508100886,0 -71.54844286538201,-16.36604312023671,0 -71.54851913178773,-16.36597792217148,0 -71.54853720168124,-16.36588759057455,0 -71.54855158268373,-16.36580327196432,0 -71.54838867446939,-16.36565735748815,0 -71.54820373242937,-16.36558597779351,0 -71.54811656027037,-16.36560015469962,0 -71.54800443031617,-16.36565893854501,0 -71.54789954429631,-16.36574433502419,0 -71.54789718777991,-16.36591211383948,0 -71.54771031816814,-16.3657655024796,0 -71.54733968236911,-16.36539422395631,0 -71.548591375413,-16.36533278069782,0 -71.54896229078744,-16.36538034081688,0 -71.54888620986468,-16.3656383012408,0 
							</coordinates>
						</LinearRing>
					</outerBoundaryIs>
				</Polygon>
			</Placemark>
			<Placemark>
				<name>1.3.37-14</name>
				<styleUrl>#msn_ylw-pushpin028</styleUrl>
				<Polygon>
					<tessellate>1</tessellate>
					<outerBoundaryIs>
						<LinearRing>
							<coordinates>
								-71.54836360562118,-16.36461055084449,0 -71.54867512484395,-16.36483107356831,0 -71.54881988836915,-16.36493779795219,0 -71.54890187628342,-16.36511933552127,0 -71.54895260216168,-16.36526835296891,0 -71.54873339153475,-16.36524393385505,0 -71.54801248476738,-16.36528827075221,0 -71.54781106200753,-16.36483307199678,0 -71.54836360562118,-16.36461055084449,0 
							</coordinates>
						</LinearRing>
					</outerBoundaryIs>
				</Polygon>
			</Placemark>
			<Placemark>
				<name>1.3.37-15</name>
				<styleUrl>#msn_ylw-pushpin028</styleUrl>
				<Polygon>
					<tessellate>1</tessellate>
					<outerBoundaryIs>
						<LinearRing>
							<coordinates>
								-71.54771235359865,-16.36384999520034,0 -71.54751437994105,-16.36362286286798,0 -71.5472890691247,-16.36346563395693,0 -71.5473477140871,-16.36338437280396,0 -71.5474469365569,-16.36324753096104,0 -71.54766210194714,-16.36333897906533,0 -71.54753501629447,-16.36349931741375,0 -71.5477614040755,-16.36366922189704,0 -71.54801654344301,-16.36384367880682,0 -71.54823422484824,-16.36421205854064,0 -71.54836672913102,-16.36448840134159,0 -71.54814732855212,-16.36460904826869,0 -71.54771235359865,-16.36384999520034,0 
							</coordinates>
						</LinearRing>
					</outerBoundaryIs>
				</Polygon>
			</Placemark>
			<Placemark>
				<name>1.3.37-16</name>
				<styleUrl>#msn_ylw-pushpin028</styleUrl>
				<Polygon>
					<tessellate>1</tessellate>
					<outerBoundaryIs>
						<LinearRing>
							<coordinates>
								-71.54701946187757,-16.36331339117625,0 -71.54700096023859,-16.36316304077072,0 -71.547055185633,-16.36316410636869,0 -71.54709670810809,-16.36322906757152,0 -71.54715507599204,-16.36329879083244,0 -71.54714517646204,-16.3633340346585,0 -71.54725570328591,-16.36348274532465,0 -71.54742010476998,-16.3636303541889,0 -71.54754108434298,-16.3637204132229,0 -71.54725278579411,-16.36385657525341,0 -71.54701946187757,-16.36331339117625,0 
							</coordinates>
						</LinearRing>
					</outerBoundaryIs>
				</Polygon>
			</Placemark>
			<Placemark>
				<name>1.3.37-17</name>
				<styleUrl>#msn_ylw-pushpin028</styleUrl>
				<Polygon>
					<tessellate>1</tessellate>
					<outerBoundaryIs>
						<LinearRing>
							<coordinates>
								-71.54806598435945,-16.36465555467234,0 -71.54750518760564,-16.36486956790593,0 -71.54726572737738,-16.36395798550449,0 -71.54760246469755,-16.36379335511528,0 -71.54806598435945,-16.36465555467234,0 
							</coordinates>
						</LinearRing>
					</outerBoundaryIs>
				</Polygon>
			</Placemark>
			<Placemark>
				<name>1.3.37-18</name>
				<styleUrl>#msn_ylw-pushpin028</styleUrl>
				<Polygon>
					<tessellate>1</tessellate>
					<outerBoundaryIs>
						<LinearRing>
							<coordinates>
								-71.54793351963963,-16.36529300869325,0 -71.54728044159192,-16.36532921966858,0 -71.54702324261147,-16.36510343523329,0 -71.54774325951745,-16.36486432841552,0 -71.54793351963963,-16.36529300869325,0 
							</coordinates>
						</LinearRing>
					</outerBoundaryIs>
				</Polygon>
			</Placemark>
			<Placemark>
				<name>1.3.37-19</name>
				<styleUrl>#msn_ylw-pushpin028</styleUrl>
				<Polygon>
					<tessellate>1</tessellate>
					<outerBoundaryIs>
						<LinearRing>
							<coordinates>
								-71.54743152795386,-16.36490651039238,0 -71.54702425036552,-16.36506225964818,0 -71.54688857665319,-16.36500745037556,0 -71.5464973471597,-16.36428601238948,0 -71.54717957150334,-16.36397148157666,0 -71.54743152795386,-16.36490651039238,0 
							</coordinates>
						</LinearRing>
					</outerBoundaryIs>
				</Polygon>
			</Placemark>
			<Placemark>
				<name>1.3.37-20</name>
				<styleUrl>#msn_ylw-pushpin028</styleUrl>
				<Polygon>
					<tessellate>1</tessellate>
					<outerBoundaryIs>
						<LinearRing>
							<coordinates>
								-71.54620926209928,-16.36376539986178,0 -71.54678425142338,-16.36349818165412,0 -71.54693500348118,-16.36337664567778,0 -71.54705257748127,-16.36354589895311,0 -71.54713789271278,-16.3637133846716,0 -71.54716356421119,-16.36387964507218,0 -71.54646504035394,-16.36421777183151,0 -71.54620926209928,-16.36376539986178,0 
							</coordinates>
						</LinearRing>
					</outerBoundaryIs>
				</Polygon>
			</Placemark>
			<Placemark>
				<name>1.3.37-21</name>
				<styleUrl>#msn_ylw-pushpin028</styleUrl>
				<Polygon>
					<tessellate>1</tessellate>
					<outerBoundaryIs>
						<LinearRing>
							<coordinates>
								-71.54637634709923,-16.36426959048642,0 -71.54566236120326,-16.36464854723901,0 -71.54538057247622,-16.36413936549388,0 -71.54612433178218,-16.36379685707542,0 -71.54637634709923,-16.36426959048642,0 
							</coordinates>
						</LinearRing>
					</outerBoundaryIs>
				</Polygon>
			</Placemark>
			<Placemark>
				<name>1.3.37-22</name>
				<styleUrl>#msn_ylw-pushpin028</styleUrl>
				<Polygon>
					<tessellate>1</tessellate>
					<outerBoundaryIs>
						<LinearRing>
							<coordinates>
								-71.54681252950577,-16.36504034827325,0 -71.54608873984196,-16.36540606565499,0 -71.5456886984059,-16.36471160582871,0 -71.54640091506613,-16.36433423459721,0 -71.54681252950577,-16.36504034827325,0 
							</coordinates>
						</LinearRing>
					</outerBoundaryIs>
				</Polygon>
			</Placemark>
			<Placemark>
				<name>1.3.37-23</name>
				<styleUrl>#msn_ylw-pushpin028</styleUrl>
				<Polygon>
					<tessellate>1</tessellate>
					<outerBoundaryIs>
						<LinearRing>
							<coordinates>
								-71.54564917572702,-16.36562082685329,0 -71.54518703584125,-16.36493844737693,0 -71.54563807448349,-16.36473691571317,0 -71.54601364645245,-16.36542724334928,0 -71.54564917572702,-16.36562082685329,0 
							</coordinates>
						</LinearRing>
					</outerBoundaryIs>
				</Polygon>
			</Placemark>
			<Placemark>
				<name>1.3.37-24</name>
				<styleUrl>#msn_ylw-pushpin028</styleUrl>
				<Polygon>
					<tessellate>1</tessellate>
					<outerBoundaryIs>
						<LinearRing>
							<coordinates>
								-71.5455848803763,-16.3646600862635,0 -71.54514864688419,-16.36490183745578,0 -71.54483942281632,-16.36441214544974,0 -71.54481715513545,-16.36406263249502,0 -71.54526048984297,-16.36406289230282,0 -71.5455848803763,-16.3646600862635,0 
							</coordinates>
						</LinearRing>
					</outerBoundaryIs>
				</Polygon>
			</Placemark>
			<Placemark>
				<name>1.3.37-25</name>
				<styleUrl>#msn_ylw-pushpin028</styleUrl>
				<Polygon>
					<tessellate>1</tessellate>
					<outerBoundaryIs>
						<LinearRing>
							<coordinates>
								-71.54476756062259,-16.36451563226851,0 -71.54415272145634,-16.36449892630496,0 -71.54416320206401,-16.36406224041167,0 -71.54472260743962,-16.36407714335194,0 -71.54476756062259,-16.36451563226851,0 
							</coordinates>
						</LinearRing>
					</outerBoundaryIs>
				</Polygon>
			</Placemark>
			<Placemark>
				<name>1.3.37-26</name>
				<styleUrl>#msn_ylw-pushpin028</styleUrl>
				<Polygon>
					<tessellate>1</tessellate>
					<outerBoundaryIs>
						<LinearRing>
							<coordinates>
								-71.54450911952118,-16.36458340784582,0 -71.54484140442747,-16.36457956405699,0 -71.54507929599717,-16.36491560055497,0 -71.54465288410823,-16.36510184741475,0 -71.54450911952118,-16.36458340784582,0 
							</coordinates>
						</LinearRing>
					</outerBoundaryIs>
				</Polygon>
			</Placemark>
			<Placemark>
				<name>1.3.37-27</name>
				<styleUrl>#msn_ylw-pushpin028</styleUrl>
				<Polygon>
					<tessellate>1</tessellate>
					<outerBoundaryIs>
						<LinearRing>
							<coordinates>
								-71.54536653493967,-16.36530208798565,0 -71.54476634668775,-16.365494108255,0 -71.54466727753815,-16.36517264083659,0 -71.54511562441039,-16.36496858302837,0 -71.54536653493967,-16.36530208798565,0 
							</coordinates>
						</LinearRing>
					</outerBoundaryIs>
				</Polygon>
			</Placemark>
			<Placemark>
				<name>1.3.37-28</name>
				<styleUrl>#msn_ylw-pushpin028</styleUrl>
				<Polygon>
					<tessellate>1</tessellate>
					<outerBoundaryIs>
						<LinearRing>
							<coordinates>
								-71.54538355314303,-16.36534925523865,0 -71.5455967707091,-16.36563278636375,0 -71.54516549329344,-16.36585446625567,0 -71.54483232788114,-16.36600746336804,0 -71.54476602163831,-16.36555361232164,0 -71.5450591247221,-16.36546392614334,0 -71.54538355314303,-16.36534925523865,0 
							</coordinates>
						</LinearRing>
					</outerBoundaryIs>
				</Polygon>
			</Placemark>
			<Placemark>
				<name>1.3.37-29</name>
				<styleUrl>#msn_ylw-pushpin028</styleUrl>
				<Polygon>
					<tessellate>1</tessellate>
					<outerBoundaryIs>
						<LinearRing>
							<coordinates>
								-71.54456895161803,-16.3660101907241,0 -71.54426925823989,-16.36603116934368,0 -71.54424231260852,-16.36557267405941,0 -71.54452585483014,-16.36555043193743,0 -71.54456895161803,-16.3660101907241,0 
							</coordinates>
						</LinearRing>
					</outerBoundaryIs>
				</Polygon>
			</Placemark>
			<Placemark>
				<name>1.3.37-30</name>
				<styleUrl>#msn_ylw-pushpin028</styleUrl>
				<Polygon>
					<tessellate>1</tessellate>
					<outerBoundaryIs>
						<LinearRing>
							<coordinates>
								-71.54466643023197,-16.36545118505212,0 -71.54424247768804,-16.36551688556431,0 -71.54417487602481,-16.3645545625948,0 -71.54445742999646,-16.36457805735904,0 -71.54466643023197,-16.36545118505212,0 
							</coordinates>
						</LinearRing>
					</outerBoundaryIs>
				</Polygon>
			</Placemark>
			<Placemark>
				<name>1.3.37-31</name>
				<styleUrl>#msn_ylw-pushpin028</styleUrl>
				<Polygon>
					<tessellate>1</tessellate>
					<outerBoundaryIs>
						<LinearRing>
							<coordinates>
							</coordinates>
						</LinearRing>
					</outerBoundaryIs>
				</Polygon>
			</Placemark>
			<Placemark>
				<name>1.3.37-32</name>
				<styleUrl>#msn_ylw-pushpin028</styleUrl>
				<Polygon>
					<tessellate>1</tessellate>
					<outerBoundaryIs>
						<LinearRing>
							<coordinates>
								-71.54390661462239,-16.36568202509151,0 -71.54394515565606,-16.36614155599646,0 -71.54394973328745,-16.36636294185254,0 -71.54397822223348,-16.36655697230568,0 -71.54400823047382,-16.36681964540663,0 -71.54391248631471,-16.36676775394501,0 -71.54382209111908,-16.36664941923151,0 -71.54379000359589,-16.36648398239832,0 -71.54351002963526,-16.36651556156002,0 -71.54349308307474,-16.36641611130062,0 -71.54350652327162,-16.3662917315895,0 -71.54373145393318,-16.36627172162622,0 -71.54385762641239,-16.36600180088558,0 -71.54385019034495,-16.36593768497232,0 -71.54378356172062,-16.36583305443612,0 -71.54376878968462,-16.36574547985746,0 -71.54378295102127,-16.36568120034926,0 -71.54390661462239,-16.36568202509151,0 
							</coordinates>
						</LinearRing>
					</outerBoundaryIs>
				</Polygon>
			</Placemark>
			<Placemark>
				<name>1.3.37-33</name>
				<styleUrl>#msn_ylw-pushpin028</styleUrl>
				<Polygon>
					<tessellate>1</tessellate>
					<outerBoundaryIs>
						<LinearRing>
							<coordinates>
								-71.54402582486894,-16.36744033149526,0 -71.54417754072875,-16.36788002230043,0 -71.54394926499725,-16.36795710624895,0 -71.54384787425053,-16.36749840709428,0 -71.54402582486894,-16.36744033149526,0 
							</coordinates>
						</LinearRing>
					</outerBoundaryIs>
				</Polygon>
			</Placemark>
			<Placemark>
				<name>1.3.37-34</name>
				<styleUrl>#msn_ylw-pushpin028</styleUrl>
				<Polygon>
					<tessellate>1</tessellate>
					<outerBoundaryIs>
						<LinearRing>
							<coordinates>
								-71.54495445706432,-16.366991409848,0 -71.54492649961827,-16.36702517967137,0 -71.54491015768781,-16.36724449199859,0 -71.54430087570604,-16.36700203333497,0 -71.5441411187028,-16.3669892972161,0 -71.54415598232859,-16.36684313323982,0 -71.54475478304549,-16.36653418459867,0 -71.54495445706432,-16.366991409848,0 
							</coordinates>
						</LinearRing>
					</outerBoundaryIs>
				</Polygon>
			</Placemark>
			<Placemark>
				<name>1.3.37-35</name>
				<styleUrl>#msn_ylw-pushpin028</styleUrl>
				<Polygon>
					<tessellate>1</tessellate>
					<outerBoundaryIs>
						<LinearRing>
							<coordinates>
								-71.54438307443426,-16.36707502572976,0 -71.54522700537972,-16.36741230451044,0 -71.54568560241201,-16.36780764702815,0 -71.54611128076347,-16.36810056926113,0 -71.54617796421081,-16.36834775032475,0 -71.54625967692053,-16.36885686884765,0 -71.54469178105367,-16.36921864373134,0 -71.54410106082497,-16.3672806197957,0 -71.54413187393479,-16.36700697502958,0 -71.54438307443426,-16.36707502572976,0 
							</coordinates>
						</LinearRing>
					</outerBoundaryIs>
				</Polygon>
			</Placemark>
			<Placemark>
				<name>1.3.37-36</name>
				<styleUrl>#msn_ylw-pushpin028</styleUrl>
				<Polygon>
					<tessellate>1</tessellate>
					<outerBoundaryIs>
						<LinearRing>
							<coordinates>
								-71.54702965628033,-16.36527004274259,0 -71.54669396089521,-16.36553634364579,0 -71.54665896490413,-16.36584420043144,0 -71.54668844810061,-16.3659988845634,0 -71.54649561160298,-16.36606921869165,0 -71.54611842655861,-16.36546506962546,0 -71.54687681423644,-16.36511277177909,0 -71.54702965628033,-16.36527004274259,0 
							</coordinates>
						</LinearRing>
					</outerBoundaryIs>
				</Polygon>
			</Placemark>
			<Placemark>
				<name>1.3.37-37</name>
				<styleUrl>#msn_ylw-pushpin028</styleUrl>
				<Polygon>
					<tessellate>1</tessellate>
					<outerBoundaryIs>
						<LinearRing>
							<coordinates>
								-71.54782708365084,-16.36599837918656,0 -71.54771746691743,-16.36608492143653,0 -71.54755360377497,-16.36607657094023,0 -71.54732580889767,-16.36599585209706,0 -71.54721364454731,-16.36586390859953,0 -71.54743943074288,-16.36565620818848,0 -71.54782708365084,-16.36599837918656,0 
							</coordinates>
						</LinearRing>
					</outerBoundaryIs>
				</Polygon>
			</Placemark>
			<Placemark>
				<name>1.3.37-38</name>
				<styleUrl>#msn_ylw-pushpin028</styleUrl>
				<Polygon>
					<tessellate>1</tessellate>
					<outerBoundaryIs>
						<LinearRing>
							<coordinates>
								-71.54791143721613,-16.36599821464327,0 -71.54819000071873,-16.36620204394787,0 -71.54800038156969,-16.36626856831796,0 -71.54791762881332,-16.36621621726712,0 -71.54775098305504,-16.36614217038464,0 -71.54791143721613,-16.36599821464327,0 
							</coordinates>
						</LinearRing>
					</outerBoundaryIs>
				</Polygon>
			</Placemark>
			<Placemark>
				<name>1.3.37-39</name>
				<styleUrl>#msn_ylw-pushpin028</styleUrl>
				<Polygon>
					<tessellate>1</tessellate>
					<outerBoundaryIs>
						<LinearRing>
							<coordinates>
								-71.54773837879451,-16.36617879704996,0 -71.54789654037572,-16.36624454750676,0 -71.54770927397215,-16.36652596889185,0 -71.54687791400603,-16.36692924534583,0 -71.54652704370176,-16.36610994124909,0 -71.5468670899661,-16.36598849258034,0 -71.54700934258929,-16.36635349174265,0 -71.54720202251251,-16.36632355201412,0 -71.54747239545289,-16.36633948855304,0 -71.54758086374986,-16.36640749424002,0 -71.54773837879451,-16.36617879704996,0 
							</coordinates>
						</LinearRing>
					</outerBoundaryIs>
				</Polygon>
			</Placemark>
			<Placemark>
				<name>1.3.37-40</name>
				<styleUrl>#msn_ylw-pushpin028</styleUrl>
				<Polygon>
					<tessellate>1</tessellate>
					<outerBoundaryIs>
						<LinearRing>
							<coordinates>
								-71.54779231432447,-16.3676622230599,0 -71.54744270577156,-16.36768959525581,0 -71.54740212254286,-16.36738262844419,0 -71.54775165656345,-16.36728807173333,0 -71.54779231432447,-16.3676622230599,0 
							</coordinates>
						</LinearRing>
					</outerBoundaryIs>
				</Polygon>
			</Placemark>
			<Placemark>
				<name>1.3.37-41</name>
				<styleUrl>#msn_ylw-pushpin028</styleUrl>
				<Polygon>
					<tessellate>1</tessellate>
					<outerBoundaryIs>
						<LinearRing>
							<coordinates>
								-71.54689959596054,-16.36863904470408,0 -71.54745034966093,-16.36820664255569,0 -71.54734734727623,-16.36776522766719,0 -71.54781493286256,-16.3677353583804,0 -71.54789778249632,-16.36784471728684,0 -71.54798465901203,-16.36804864351965,0 -71.5480032875092,-16.36841373101571,0 -71.5479370213511,-16.36852634656223,0 -71.54790386995519,-16.36855033666032,0 -71.54794596664914,-16.36860595305283,0 -71.5480790156757,-16.36864860849052,0 -71.54777135150394,-16.36887171648578,0 -71.5474242315948,-16.36899847545014,0 -71.54734685944638,-16.36902501273528,0 -71.54689959596054,-16.36863904470408,0 
							</coordinates>
						</LinearRing>
					</outerBoundaryIs>
				</Polygon>
			</Placemark>
			<Placemark>
				<name>1.3.37-42</name>
				<styleUrl>#msn_ylw-pushpin028</styleUrl>
				<Polygon>
					<tessellate>1</tessellate>
					<outerBoundaryIs>
						<LinearRing>
							<coordinates>
								-71.54820959249972,-16.36835947406729,0 -71.54818770996791,-16.3685289470198,0 -71.54808311595967,-16.36852586493667,0 -71.54800974975325,-16.36791406282057,0 -71.54815177463713,-16.36787015357327,0 -71.54820959249972,-16.36835947406729,0 
							</coordinates>
						</LinearRing>
					</outerBoundaryIs>
				</Polygon>
			</Placemark>
			<Placemark>
				<name>1.3.37-43</name>
				<styleUrl>#msn_ylw-pushpin028</styleUrl>
				<Polygon>
					<tessellate>1</tessellate>
					<outerBoundaryIs>
						<LinearRing>
							<coordinates>
								-71.54897751269424,-16.36891768681192,0 -71.54864073595638,-16.36905393742555,0 -71.54846621575476,-16.3685368185934,0 -71.54884029414964,-16.36843881215382,0 -71.54897751269424,-16.36891768681192,0 
							</coordinates>
						</LinearRing>
					</outerBoundaryIs>
				</Polygon>
			</Placemark>
			<Placemark>
				<name>1.3.37-44</name>
				<styleUrl>#msn_ylw-pushpin028</styleUrl>
				<Polygon>
					<tessellate>1</tessellate>
					<outerBoundaryIs>
						<LinearRing>
							<coordinates>
								-71.55072732872888,-16.36866356476644,0 -71.55025516402604,-16.36885858179901,0 -71.54949440786612,-16.36812262690536,0 -71.54908045976153,-16.36754351528859,0 -71.54962797057642,-16.36784001668359,0 -71.55039018958604,-16.36828420461239,0 -71.55072732872888,-16.36866356476644,0 
							</coordinates>
						</LinearRing>
					</outerBoundaryIs>
				</Polygon>
			</Placemark>
			<Placemark>
				<name>1.3.36-17</name>
				<styleUrl>#msn_ylw-pushpin028</styleUrl>
				<Polygon>
					<tessellate>1</tessellate>
					<outerBoundaryIs>
						<LinearRing>
							<coordinates>
								-71.54337627154105,-16.36239340711358,0 -71.54324312292609,-16.36241302965369,0 -71.54310047719943,-16.36244770706956,0 -71.54285122526838,-16.3625050495634,0 -71.54284155795342,-16.36232580541289,0 -71.54282377492204,-16.3621765754493,0 -71.54280654602746,-16.36194418780285,0 -71.54289501030726,-16.36194064504333,0 -71.54304686510041,-16.36192106240376,0 -71.54332075759217,-16.36189832705507,0 -71.54337627154105,-16.36239340711358,0 
							</coordinates>
						</LinearRing>
					</outerBoundaryIs>
				</Polygon>
			</Placemark>
			<Placemark>
				<name>1.3.36-26</name>
				<styleUrl>#msn_ylw-pushpin028</styleUrl>
				<Polygon>
					<tessellate>1</tessellate>
					<outerBoundaryIs>
						<LinearRing>
							<coordinates>
								-71.54325464627419,-16.36100485706754,0 -71.54328663388441,-16.36146406535031,0 -71.54329507221495,-16.36160022213375,0 -71.54329436594287,-16.36171142529875,0 -71.54329326885072,-16.36179762094169,0 -71.5428195433965,-16.36185913740415,0 -71.54279331976694,-16.36162201337889,0 -71.54277379143667,-16.36141843359652,0 -71.54275263394054,-16.36120645146972,0 -71.54274049618526,-16.36096640257868,0 -71.54272208772403,-16.36070268995616,0 -71.54269864531615,-16.36050347538046,0 -71.54268462062163,-16.36029805484158,0 -71.54266249144831,-16.36004064989636,0 -71.54291977744546,-16.36003872285177,0 -71.54318422509415,-16.36005215857061,0 -71.54325464627419,-16.36100485706754,0 
							</coordinates>
						</LinearRing>
					</outerBoundaryIs>
				</Polygon>
			</Placemark>
			<Placemark>
				<name>1.3.36-27</name>
				<styleUrl>#msn_ylw-pushpin028</styleUrl>
				<Polygon>
					<tessellate>1</tessellate>
					<outerBoundaryIs>
						<LinearRing>
							<coordinates>
								-71.54309736865642,-16.35874419797294,0 -71.54311987624716,-16.35899149153388,0 -71.54313638104206,-16.35917216010834,0 -71.54314319942509,-16.35941354745237,0 -71.54316624851471,-16.35962179282815,0 -71.54318535390449,-16.35979089166169,0 -71.54319349667853,-16.35994643503704,0 -71.54297646480252,-16.35993343969425,0 -71.54278429682269,-16.35993455595207,0 -71.5426458144797,-16.35994547502897,0 -71.54263514072716,-16.35955930182885,0 -71.54261905296192,-16.35923230996911,0 -71.54260394310162,-16.35893783852912,0 -71.54259969284909,-16.35876276600831,0 -71.54309736865642,-16.35874419797294,0 
							</coordinates>
						</LinearRing>
					</outerBoundaryIs>
				</Polygon>
			</Placemark>
			<Placemark>
				<name>1.3.36-33</name>
				<styleUrl>#msn_ylw-pushpin028</styleUrl>
				<Polygon>
					<tessellate>1</tessellate>
					<outerBoundaryIs>
						<LinearRing>
							<coordinates>
								-71.54300125470419,-16.35770233827551,0 -71.54301949774759,-16.35796640182846,0 -71.54303373776855,-16.35808646873062,0 -71.5430399915363,-16.35819322560894,0 -71.54304356999167,-16.35828734468716,0 -71.5430568019852,-16.35841723487925,0 -71.54307690726787,-16.35852489242667,0 -71.54308409771701,-16.35863786073381,0 -71.54286296009857,-16.35864654152266,0 -71.54269512258101,-16.35866008914608,0 -71.54258245154105,-16.35867065182992,0 -71.54257015432981,-16.35841763502575,0 -71.5425559368705,-16.35816205622104,0 -71.54254306568191,-16.35797064126522,0 -71.54252464686054,-16.35774922514568,0 -71.54300125470419,-16.35770233827551,0 
							</coordinates>
						</LinearRing>
					</outerBoundaryIs>
				</Polygon>
			</Placemark>
			<Placemark>
				<name>1.3.39-1</name>
				<styleUrl>#msn_ylw-pushpin028</styleUrl>
				<Polygon>
					<tessellate>1</tessellate>
					<outerBoundaryIs>
						<LinearRing>
							<coordinates>
								-71.5440814510123,-16.36447908739821,0 -71.54360497008096,-16.36443883056173,0 -71.54345644658757,-16.36245019846682,0 -71.54394127730973,-16.36233523379101,0 -71.5440814510123,-16.36447908739821,0 
							</coordinates>
						</LinearRing>
					</outerBoundaryIs>
				</Polygon>
			</Placemark>
			<Placemark>
				<name>1.3.39-2</name>
				<styleUrl>#msn_ylw-pushpin028</styleUrl>
				<Polygon>
					<tessellate>1</tessellate>
					<outerBoundaryIs>
						<LinearRing>
							<coordinates>
								-71.54393709687582,-16.36226497925161,0 -71.54345683087114,-16.36235581210111,0 -71.54338841594156,-16.36189386325751,0 -71.54390799013737,-16.36185932669283,0 -71.54393709687582,-16.36226497925161,0 
							</coordinates>
						</LinearRing>
					</outerBoundaryIs>
				</Polygon>
			</Placemark>
			<Placemark>
				<name>1.3.39-3</name>
				<styleUrl>#msn_ylw-pushpin028</styleUrl>
				<Polygon>
					<tessellate>1</tessellate>
					<outerBoundaryIs>
						<LinearRing>
							<coordinates>
								-71.54532926684435,-16.3639930567326,0 -71.54419603433951,-16.36401214377654,0 -71.54406065634909,-16.36185539209717,0 -71.54514190993633,-16.36182388365013,0 -71.54532926684435,-16.3639930567326,0 
							</coordinates>
						</LinearRing>
					</outerBoundaryIs>
				</Polygon>
			</Placemark>
			<Placemark>
				<name>1.3.39-4</name>
				<styleUrl>#msn_ylw-pushpin028</styleUrl>
				<Polygon>
					<tessellate>1</tessellate>
					<outerBoundaryIs>
						<LinearRing>
							<coordinates>
								-71.54583601562524,-16.36271073712981,0 -71.54533864805136,-16.36275425511234,0 -71.545239465568,-16.36181851011053,0 -71.54574554422393,-16.36176948018794,0 -71.54583601562524,-16.36271073712981,0 
							</coordinates>
						</LinearRing>
					</outerBoundaryIs>
				</Polygon>
			</Placemark>
			<Placemark>
				<name>1.3.39-5</name>
				<styleUrl>#msn_ylw-pushpin028</styleUrl>
				<Polygon>
					<tessellate>1</tessellate>
					<outerBoundaryIs>
						<LinearRing>
							<coordinates>
								-71.54590820206037,-16.36378444958626,0 -71.54548251062623,-16.3639811622349,0 -71.54541870236652,-16.36395869341219,0 -71.54533555724996,-16.36283373173227,0 -71.54585304549347,-16.36279022215254,0 -71.54590820206037,-16.36378444958626,0 
							</coordinates>
						</LinearRing>
					</outerBoundaryIs>
				</Polygon>
			</Placemark>
			<Placemark>
				<name>1.3.39-6</name>
				<styleUrl>#msn_ylw-pushpin028</styleUrl>
				<Polygon>
					<tessellate>1</tessellate>
					<outerBoundaryIs>
						<LinearRing>
							<coordinates>
								-71.54654425961841,-16.36349840236685,0 -71.54613669785616,-16.36366770756873,0 -71.54600479595398,-16.36341075203961,0 -71.54597134005527,-16.36325032277326,0 -71.54598201911865,-16.36288136082149,0 -71.54648117327039,-16.36286047977604,0 -71.54654425961841,-16.36349840236685,0 
							</coordinates>
						</LinearRing>
					</outerBoundaryIs>
				</Polygon>
			</Placemark>
			<Placemark>
				<name>1.3.39-7</name>
				<styleUrl>#msn_ylw-pushpin028</styleUrl>
				<Polygon>
					<tessellate>1</tessellate>
					<outerBoundaryIs>
						<LinearRing>
							<coordinates>
								-71.54646610600329,-16.36273461525496,0 -71.54596642173624,-16.36278736265086,0 -71.54587214006547,-16.36175901536032,0 -71.5463503075876,-16.3617260692565,0 -71.54646610600329,-16.36273461525496,0 
							</coordinates>
						</LinearRing>
					</outerBoundaryIs>
				</Polygon>
			</Placemark>
			<Placemark>
				<name>1.3.39-8</name>
				<styleUrl>#msn_ylw-pushpin028</styleUrl>
				<Polygon>
					<tessellate>1</tessellate>
					<outerBoundaryIs>
						<LinearRing>
							<coordinates>
								-71.54642368880111,-16.36189028514329,0 -71.54662129933411,-16.36217557404636,0 -71.54681328127849,-16.36246243276961,0 -71.54685717968179,-16.36282568875512,0 -71.54687246132298,-16.36296739924574,0 -71.54681393861189,-16.36326150287986,0 -71.54672353801297,-16.36342682388994,0 -71.5465887963139,-16.36343691630815,0 -71.54642368880111,-16.36189028514329,0 
							</coordinates>
						</LinearRing>
					</outerBoundaryIs>
				</Polygon>
			</Placemark>
			<Placemark>
				<name>1.3.39-9</name>
				<styleUrl>#msn_ylw-pushpin028</styleUrl>
				<Polygon>
					<tessellate>1</tessellate>
					<outerBoundaryIs>
						<LinearRing>
							<coordinates>
								-71.54720442578927,-16.36202526372553,0 -71.5467667479965,-16.36228310735572,0 -71.54650251333311,-16.36189447123396,0 -71.54692538245646,-16.36163616584874,0 -71.54720442578927,-16.36202526372553,0 
							</coordinates>
						</LinearRing>
					</outerBoundaryIs>
				</Polygon>
			</Placemark>
			<Placemark>
				<name>1.3.39-10</name>
				<styleUrl>#msn_ylw-pushpin028</styleUrl>
				<Polygon>
					<tessellate>1</tessellate>
					<outerBoundaryIs>
						<LinearRing>
							<coordinates>
								-71.54721730451693,-16.36205032924317,0 -71.54728493006404,-16.36214225486304,0 -71.54690071153816,-16.36242493659248,0 -71.5468022490883,-16.36229835826821,0 -71.54721730451693,-16.36205032924317,0 
							</coordinates>
						</LinearRing>
					</outerBoundaryIs>
				</Polygon>
			</Placemark>
			<Placemark>
				<name>1.3.39-11</name>
				<styleUrl>#msn_ylw-pushpin028</styleUrl>
				<Polygon>
					<tessellate>1</tessellate>
					<outerBoundaryIs>
						<LinearRing>
							<coordinates>
								-71.54735124582257,-16.3619831784939,0 -71.5472695395019,-16.3620192746753,0 -71.54698348343248,-16.36161537630304,0 -71.54725359104062,-16.36150986201975,0 -71.54744879090144,-16.36148928650961,0 -71.54736790793578,-16.36179576185774,0 -71.54735124582257,-16.3619831784939,0 
							</coordinates>
						</LinearRing>
					</outerBoundaryIs>
				</Polygon>
			</Placemark>
			<Placemark>
				<name>1.3.39-12</name>
				<styleUrl>#msn_ylw-pushpin028</styleUrl>
				<Polygon>
					<tessellate>1</tessellate>
					<outerBoundaryIs>
						<LinearRing>
							<coordinates>
								-71.54737885251414,-16.36216737921657,0 -71.54739105428891,-16.36210738589785,0 -71.54739607453392,-16.36200624994704,0 -71.54742024710767,-16.36187236965602,0 -71.54745104817846,-16.36174788826297,0 -71.54749544976403,-16.36153771355868,0 -71.54755541053156,-16.36154619299658,0 -71.54758981163671,-16.36186251479291,0 -71.54762212510141,-16.36214368017892,0 -71.54755819934009,-16.36230347495738,0 -71.54742853011753,-16.36241449785009,0 -71.54730634142818,-16.36239668884985,0 -71.54721819220863,-16.36230349631924,0 -71.54737885251414,-16.36216737921657,0 
							</coordinates>
						</LinearRing>
					</outerBoundaryIs>
				</Polygon>
			</Placemark>
			<Placemark>
				<name>1.3.39-13</name>
				<styleUrl>#msn_ylw-pushpin028</styleUrl>
				<Polygon>
					<tessellate>1</tessellate>
					<outerBoundaryIs>
						<LinearRing>
							<coordinates>
								-71.54695328054831,-16.36270023670669,0 -71.54697063301067,-16.36257680933051,0 -71.54702237176056,-16.36253772765841,0 -71.54713249342289,-16.36252096902012,0 -71.54751998850934,-16.36254455172454,0 -71.54789706310335,-16.3624862908721,0 -71.54786984918816,-16.36264266256951,0 -71.54775996050402,-16.36280836356873,0 -71.54769282574136,-16.36286269899559,0 -71.54760019773386,-16.36297412365163,0 -71.54751143851469,-16.3630064328119,0 -71.54737792431443,-16.363001582595,0 -71.54695328054831,-16.36270023670669,0 
							</coordinates>
						</LinearRing>
					</outerBoundaryIs>
				</Polygon>
			</Placemark>
			<Placemark>
				<name>1.3.39-14</name>
				<styleUrl>#msn_ylw-pushpin028</styleUrl>
				<Polygon>
					<tessellate>1</tessellate>
					<outerBoundaryIs>
						<LinearRing>
							<coordinates>
								-71.5475151302705,-16.3613898492937,0 -71.5472851279555,-16.36145157717963,0 -71.54712218404154,-16.36078489006534,0 -71.54731634954739,-16.36075116390676,0 -71.5475151302705,-16.3613898492937,0 
							</coordinates>
						</LinearRing>
					</outerBoundaryIs>
				</Polygon>
			</Placemark>
			<Placemark>
				<name>1.3.39-15</name>
				<styleUrl>#msn_ylw-pushpin028</styleUrl>
				<Polygon>
					<tessellate>1</tessellate>
					<outerBoundaryIs>
						<LinearRing>
							<coordinates>
								-71.54725387692027,-16.36146522402355,0 -71.54682964442833,-16.36154743766079,0 -71.54677564121474,-16.36080318085431,0 -71.54710685820643,-16.36079374675899,0 -71.54725387692027,-16.36146522402355,0 
							</coordinates>
						</LinearRing>
					</outerBoundaryIs>
				</Polygon>
			</Placemark>
			<Placemark>
				<name>1.3.39-16</name>
				<styleUrl>#msn_ylw-pushpin028</styleUrl>
				<Polygon>
					<tessellate>1</tessellate>
					<outerBoundaryIs>
						<LinearRing>
							<coordinates>
								-71.54672842623238,-16.36119121058622,0 -71.5461065831433,-16.36121710368357,0 -71.54607848704312,-16.3608346944818,0 -71.54668424872042,-16.36080126682748,0 -71.54672842623238,-16.36119121058622,0 
							</coordinates>
						</LinearRing>
					</outerBoundaryIs>
				</Polygon>
			</Placemark>
			<Placemark>
				<name>1.3.39-17</name>
				<styleUrl>#msn_ylw-pushpin028</styleUrl>
				<Polygon>
					<tessellate>1</tessellate>
					<outerBoundaryIs>
						<LinearRing>
							<coordinates>
								-71.54677506673758,-16.3616232691327,0 -71.54610330034782,-16.36165951438725,0 -71.54609229119066,-16.36131208827234,0 -71.54672185748892,-16.36125570290326,0 -71.54677506673758,-16.3616232691327,0 
							</coordinates>
						</LinearRing>
					</outerBoundaryIs>
				</Polygon>
			</Placemark>
			<Placemark>
				<name>1.3.39-18</name>
				<styleUrl>#msn_ylw-pushpin028</styleUrl>
				<Polygon>
					<tessellate>1</tessellate>
					<outerBoundaryIs>
						<LinearRing>
							<coordinates>
								-71.54607195948708,-16.36164610786858,0 -71.54585487201099,-16.36165992272371,0 -71.54580377411848,-16.36082309809495,0 -71.5460187798701,-16.36083473680403,0 -71.54607195948708,-16.36164610786858,0 
							</coordinates>
						</LinearRing>
					</outerBoundaryIs>
				</Polygon>
			</Placemark>
			<Placemark>
				<name>1.3.39-19</name>
				<styleUrl>#msn_ylw-pushpin028</styleUrl>
				<Polygon>
					<tessellate>1</tessellate>
					<outerBoundaryIs>
						<LinearRing>
							<coordinates>
								-71.54573251091567,-16.36167970157158,0 -71.54523539492635,-16.36170056761572,0 -71.54517563860814,-16.36079449858063,0 -71.54569913265912,-16.36077112189648,0 -71.54573251091567,-16.36167970157158,0 
							</coordinates>
						</LinearRing>
					</outerBoundaryIs>
				</Polygon>
			</Placemark>
			<Placemark>
				<name>1.3.39-20</name>
				<styleUrl>#msn_ylw-pushpin028</styleUrl>
				<Polygon>
					<tessellate>1</tessellate>
					<outerBoundaryIs>
						<LinearRing>
							<coordinates>
								-71.54515125059284,-16.36171408831828,0 -71.54465482026558,-16.36174208552823,0 -71.54458559027969,-16.36081964748695,0 -71.5451069213202,-16.36080539393199,0 -71.54515125059284,-16.36171408831828,0 
							</coordinates>
						</LinearRing>
					</outerBoundaryIs>
				</Polygon>
			</Placemark>
			<Placemark>
				<name>1.3.39-21</name>
				<styleUrl>#msn_ylw-pushpin028</styleUrl>
				<Polygon>
					<tessellate>1</tessellate>
					<outerBoundaryIs>
						<LinearRing>
							<coordinates>
								-71.54456343341742,-16.36173860774134,0 -71.5440602026935,-16.36177744464462,0 -71.54402292275176,-16.36086333346157,0 -71.54450106517979,-16.36083719889461,0 -71.54456343341742,-16.36173860774134,0 
							</coordinates>
						</LinearRing>
					</outerBoundaryIs>
				</Polygon>
			</Placemark>
			<Placemark>
				<name>1.3.39-22</name>
				<styleUrl>#msn_ylw-pushpin028</styleUrl>
				<Polygon>
					<tessellate>1</tessellate>
					<outerBoundaryIs>
						<LinearRing>
							<coordinates>
								-71.5437759862194,-16.36005876211972,0 -71.54389364724651,-16.36176285340524,0 -71.54342096278411,-16.36179942346001,0 -71.54327538298266,-16.36006688780965,0 -71.5437759862194,-16.36005876211972,0 
							</coordinates>
						</LinearRing>
					</outerBoundaryIs>
				</Polygon>
			</Placemark>
			<Placemark>
				<name>1.3.39-23</name>
				<styleUrl>#msn_ylw-pushpin028</styleUrl>
				<Polygon>
					<tessellate>1</tessellate>
					<outerBoundaryIs>
						<LinearRing>
							<coordinates>
								-71.54449171012463,-16.36067494702243,0 -71.54398456775988,-16.36070731188529,0 -71.54393651439439,-16.35981378323869,0 -71.54443644227874,-16.3597740360942,0 -71.54449171012463,-16.36067494702243,0 
							</coordinates>
						</LinearRing>
					</outerBoundaryIs>
				</Polygon>
			</Placemark>
			<Placemark>
				<name>1.3.39-24</name>
				<styleUrl>#msn_ylw-pushpin028</styleUrl>
				<Polygon>
					<tessellate>1</tessellate>
					<outerBoundaryIs>
						<LinearRing>
							<coordinates>
								-71.54503102362065,-16.35973040111867,0 -71.54508019208478,-16.3607169332414,0 -71.54459935865138,-16.3607344918569,0 -71.54454439839664,-16.35975992205876,0 -71.54503102362065,-16.35973040111867,0 
							</coordinates>
						</LinearRing>
					</outerBoundaryIs>
				</Polygon>
			</Placemark>
			<Placemark>
				<name>1.3.39-25</name>
				<styleUrl>#msn_ylw-pushpin028</styleUrl>
				<Polygon>
					<tessellate>1</tessellate>
					<outerBoundaryIs>
						<LinearRing>
							<coordinates>
								-71.54563891646893,-16.36015291018064,0 -71.54517162219757,-16.36018431296644,0 -71.545138783157,-16.35971936594634,0 -71.54561579854918,-16.35969995905535,0 -71.54563891646893,-16.36015291018064,0 
							</coordinates>
						</LinearRing>
					</outerBoundaryIs>
				</Polygon>
			</Placemark>
			<Placemark>
				<name>1.3.39-26</name>
				<styleUrl>#msn_ylw-pushpin028</styleUrl>
				<Polygon>
					<tessellate>1</tessellate>
					<outerBoundaryIs>
						<LinearRing>
							<coordinates>
								-71.54569452694783,-16.360686557916,0 -71.54517518255322,-16.3607080386396,0 -71.54514559708583,-16.36024392137419,0 -71.54563143426174,-16.36022402711681,0 -71.54569452694783,-16.360686557916,0 
							</coordinates>
						</LinearRing>
					</outerBoundaryIs>
				</Polygon>
			</Placemark>
			<Placemark>
				<name>1.3.39-27</name>
				<styleUrl>#msn_ylw-pushpin028</styleUrl>
				<Polygon>
					<tessellate>1</tessellate>
					<outerBoundaryIs>
						<LinearRing>
							<coordinates>
								-71.54600263542108,-16.36040264098746,0 -71.54601533230276,-16.36077313030352,0 -71.54579669548949,-16.36078898319004,0 -71.54578065291405,-16.36041475824404,0 -71.54600263542108,-16.36040264098746,0 
							</coordinates>
						</LinearRing>
					</outerBoundaryIs>
				</Polygon>
			</Placemark>
			<Placemark>
				<name>1.3.39-28</name>
				<styleUrl>#msn_ylw-pushpin028</styleUrl>
				<Polygon>
					<tessellate>1</tessellate>
					<outerBoundaryIs>
						<LinearRing>
							<coordinates>
								-71.5466927487419,-16.36072619464632,0 -71.54607513109278,-16.36077324282653,0 -71.54604364355657,-16.36039528059809,0 -71.54666546012224,-16.36034396351831,0 -71.5466927487419,-16.36072619464632,0 
							</coordinates>
						</LinearRing>
					</outerBoundaryIs>
				</Polygon>
			</Placemark>
			<Placemark>
				<name>1.3.39-29</name>
				<styleUrl>#msn_ylw-pushpin028</styleUrl>
				<Polygon>
					<tessellate>1</tessellate>
					<outerBoundaryIs>
						<LinearRing>
							<coordinates>
								-71.54725856457372,-16.36047131713678,0 -71.54730330263632,-16.36068545371561,0 -71.54674706873868,-16.36071162295909,0 -71.54673899953484,-16.36033887985974,0 -71.54723719791475,-16.36029554360375,0 -71.54725856457372,-16.36047131713678,0 
							</coordinates>
						</LinearRing>
					</outerBoundaryIs>
				</Polygon>
			</Placemark>
			<Placemark>
				<name>1.3.39-30</name>
				<styleUrl>#msn_ylw-pushpin028</styleUrl>
				<Polygon>
					<tessellate>1</tessellate>
					<outerBoundaryIs>
						<LinearRing>
							<coordinates>
								-71.5471398733083,-16.36012921877191,0 -71.54718317166683,-16.36025607769636,0 -71.545762821037,-16.36034245122387,0 -71.54574489889796,-16.35995507401054,0 -71.54689128094304,-16.35986317966921,0 -71.5471398733083,-16.36012921877191,0 
							</coordinates>
						</LinearRing>
					</outerBoundaryIs>
				</Polygon>
			</Placemark>
			<Placemark>
				<name>1.3.39-31</name>
				<styleUrl>#msn_ylw-pushpin028</styleUrl>
				<Polygon>
					<tessellate>1</tessellate>
					<outerBoundaryIs>
						<LinearRing>
							<coordinates>
								-71.54674911246723,-16.35958477553704,0 -71.54681189212734,-16.35980675330795,0 -71.54574281988353,-16.35987579724105,0 -71.54572692062062,-16.35950782657208,0 -71.54673098531552,-16.35942306947278,0 -71.54674911246723,-16.35958477553704,0 
							</coordinates>
						</LinearRing>
					</outerBoundaryIs>
				</Polygon>
			</Placemark>
			<Placemark>
				<name>1.3.39-32</name>
				<styleUrl>#msn_ylw-pushpin028</styleUrl>
				<Polygon>
					<tessellate>1</tessellate>
					<outerBoundaryIs>
						<LinearRing>
							<coordinates>
								-71.54571996617346,-16.35944022739423,0 -71.54569543184255,-16.35901717833565,0 -71.54661120854367,-16.35894874024658,0 -71.54670587383185,-16.35935023804223,0 -71.54571996617346,-16.35944022739423,0 
							</coordinates>
						</LinearRing>
					</outerBoundaryIs>
				</Polygon>
			</Placemark>
			<Placemark>
				<name>1.3.39-33</name>
				<styleUrl>#msn_ylw-pushpin028</styleUrl>
				<Polygon>
					<tessellate>1</tessellate>
					<outerBoundaryIs>
						<LinearRing>
							<coordinates>
								-71.5465826627259,-16.35889046190701,0 -71.54601468572774,-16.3589271398896,0 -71.54569346078469,-16.35894140204405,0 -71.54566534063595,-16.3585779840084,0 -71.54645168639873,-16.35851445850984,0 -71.5465826627259,-16.35889046190701,0 
							</coordinates>
						</LinearRing>
					</outerBoundaryIs>
				</Polygon>
			</Placemark>
			<Placemark>
				<name>1.3.39-34</name>
				<styleUrl>#msn_ylw-pushpin028</styleUrl>
				<Polygon>
					<tessellate>1</tessellate>
					<outerBoundaryIs>
						<LinearRing>
							<coordinates>
								-71.54512405426289,-16.35962732097532,0 -71.54506955534602,-16.3586051430776,0 -71.54555270683596,-16.3585769253525,0 -71.54561444869506,-16.35960378418545,0 -71.54512405426289,-16.35962732097532,0 
							</coordinates>
						</LinearRing>
					</outerBoundaryIs>
				</Polygon>
			</Placemark>
			<Placemark>
				<name>1.3.39-35</name>
				<styleUrl>#msn_ylw-pushpin028</styleUrl>
				<Polygon>
					<tessellate>1</tessellate>
					<outerBoundaryIs>
						<LinearRing>
							<coordinates>
								-71.54503517386468,-16.35962327368985,0 -71.54453684732219,-16.35965487545075,0 -71.54448258230931,-16.35867056884861,0 -71.54497789685387,-16.35863617170126,0 -71.54503517386468,-16.35962327368985,0 
							</coordinates>
						</LinearRing>
					</outerBoundaryIs>
				</Polygon>
			</Placemark>
			<Placemark>
				<name>1.3.39-36</name>
				<styleUrl>#msn_ylw-pushpin028</styleUrl>
				<Polygon>
					<tessellate>1</tessellate>
					<outerBoundaryIs>
						<LinearRing>
							<coordinates>
								-71.54392171129987,-16.35970205829093,0 -71.5438551824616,-16.35872418080931,0 -71.54436785043275,-16.35869769763838,0 -71.54442627834767,-16.3596686468476,0 -71.54392171129987,-16.35970205829093,0 
							</coordinates>
						</LinearRing>
					</outerBoundaryIs>
				</Polygon>
			</Placemark>
			<Placemark>
				<name>1.3.39-37</name>
				<styleUrl>#msn_ylw-pushpin028</styleUrl>
				<Polygon>
					<tessellate>1</tessellate>
					<outerBoundaryIs>
						<LinearRing>
							<coordinates>
								-71.54327760846992,-16.35993687073722,0 -71.54320326882124,-16.35874322244611,0 -71.54370188511848,-16.35872959659545,0 -71.54378528222068,-16.3599438874393,0 -71.54327760846992,-16.35993687073722,0 
							</coordinates>
						</LinearRing>
					</outerBoundaryIs>
				</Polygon>
			</Placemark>
			<Placemark>
				<name>1.3.39-38</name>
				<styleUrl>#msn_ylw-pushpin028</styleUrl>
				<Polygon>
					<tessellate>1</tessellate>
					<outerBoundaryIs>
						<LinearRing>
							<coordinates>
								-71.54369363699047,-16.35861319867983,0 -71.543188429683,-16.35862513878554,0 -71.54310536025774,-16.35771587686184,0 -71.54364084060423,-16.35765528934901,0 -71.54369363699047,-16.35861319867983,0 
							</coordinates>
						</LinearRing>
					</outerBoundaryIs>
				</Polygon>
			</Placemark>
			<Placemark>
				<name>1.3.39-39</name>
				<styleUrl>#msn_ylw-pushpin028</styleUrl>
				<Polygon>
					<tessellate>1</tessellate>
					<outerBoundaryIs>
						<LinearRing>
							<coordinates>
								-71.54498318808648,-16.35852528758775,0 -71.54446648030826,-16.35855373365259,0 -71.54441684621675,-16.35763168028123,0 -71.54486969462695,-16.35761294014901,0 -71.54498318808648,-16.35852528758775,0 
							</coordinates>
						</LinearRing>
					</outerBoundaryIs>
				</Polygon>
			</Placemark>
			<Placemark>
				<name>1.3.39-40</name>
				<styleUrl>#msn_ylw-pushpin028</styleUrl>
				<Polygon>
					<tessellate>1</tessellate>
					<outerBoundaryIs>
						<LinearRing>
							<coordinates>
								-71.54555573603591,-16.35847313483221,0 -71.54505547353611,-16.3585201829102,0 -71.54498304377361,-16.35761683568972,0 -71.54548049880964,-16.35757600565259,0 -71.54555573603591,-16.35847313483221,0 
							</coordinates>
						</LinearRing>
					</outerBoundaryIs>
				</Polygon>
			</Placemark>
			<Placemark>
				<name>1.3.39-41</name>
				<styleUrl>#msn_ylw-pushpin028</styleUrl>
				<Polygon>
					<tessellate>1</tessellate>
					<outerBoundaryIs>
						<LinearRing>
							<coordinates>
								-71.5460580613783,-16.35845865973251,0 -71.54565709330294,-16.35850035788026,0 -71.54557777807763,-16.35756036718398,0 -71.54572895803916,-16.35753772930477,0 -71.54598410260645,-16.35749915706668,0 -71.5460580613783,-16.35845865973251,0 
							</coordinates>
						</LinearRing>
					</outerBoundaryIs>
				</Polygon>
			</Placemark>
			<Placemark>
				<name>1.3.39-42</name>
				<styleUrl>#msn_ylw-pushpin028</styleUrl>
				<Polygon>
					<tessellate>1</tessellate>
					<outerBoundaryIs>
						<LinearRing>
							<coordinates>
								-71.54644728318289,-16.35841573533539,0 -71.54612134823005,-16.35844612452084,0 -71.54601944955208,-16.35751017779775,0 -71.5460877540729,-16.35750390146826,0 -71.5462148377957,-16.35768257508812,0 -71.54644728318289,-16.35841573533539,0 
							</coordinates>
						</LinearRing>
					</outerBoundaryIs>
				</Polygon>
			</Placemark>
			<Placemark>
				<name>1.3.39-43</name>
				<styleUrl>#msn_ylw-pushpin028</styleUrl>
				<Polygon>
					<tessellate>1</tessellate>
					<outerBoundaryIs>
						<LinearRing>
							<coordinates>
								-71.54602155139816,-16.35740359640717,0 -71.54557083395899,-16.35743797095874,0 -71.54553352030622,-16.3570673231534,0 -71.54595896530041,-16.35703933618727,0 -71.54602155139816,-16.35740359640717,0 
							</coordinates>
						</LinearRing>
					</outerBoundaryIs>
				</Polygon>
			</Placemark>
			<Placemark>
				<name>1.3.39-44</name>
				<styleUrl>#msn_ylw-pushpin028</styleUrl>
				<Polygon>
					<tessellate>1</tessellate>
					<outerBoundaryIs>
						<LinearRing>
							<coordinates>
								-71.54551936223156,-16.35700719091948,0 -71.54550370817414,-16.35662773673058,0 -71.54589971687919,-16.35660760294599,0 -71.54595689562417,-16.35697074125857,0 -71.54551936223156,-16.35700719091948,0 
							</coordinates>
						</LinearRing>
					</outerBoundaryIs>
				</Polygon>
			</Placemark>
			<Placemark>
				<name>1.3.39-45</name>
				<styleUrl>#msn_ylw-pushpin028</styleUrl>
				<Polygon>
					<tessellate>1</tessellate>
					<outerBoundaryIs>
						<LinearRing>
							<coordinates>
								-71.54591039769079,-16.35655502193621,0 -71.54550766179561,-16.35658145929828,0 -71.54548423928195,-16.35619589086421,0 -71.54584761714274,-16.35617453717428,0 -71.54591039769079,-16.35655502193621,0 
							</coordinates>
						</LinearRing>
					</outerBoundaryIs>
				</Polygon>
			</Placemark>
			<Placemark>
				<name>1.3.39-48</name>
				<styleUrl>#msn_ylw-pushpin028</styleUrl>
				<Polygon>
					<tessellate>1</tessellate>
					<outerBoundaryIs>
						<LinearRing>
							<coordinates>
								-71.54539620919802,-16.35609427906659,0 -71.5454264218268,-16.35667137361454,0 -71.54544870973267,-16.35702985172857,0 -71.54547463209506,-16.35745474990108,0 -71.54497989132115,-16.3574737590222,0 -71.54495853599315,-16.35680803160206,0 -71.54493257185132,-16.35639965790502,0 -71.54491283625192,-16.35611524515343,0 -71.54539620919802,-16.35609427906659,0 
							</coordinates>
						</LinearRing>
					</outerBoundaryIs>
				</Polygon>
			</Placemark>
			<Placemark>
				<name>1.3.39-49</name>
				<styleUrl>#msn_ylw-pushpin028</styleUrl>
				<Polygon>
					<tessellate>1</tessellate>
					<outerBoundaryIs>
						<LinearRing>
							<coordinates>
								-71.5448870805894,-16.3574691177854,0 -71.54464264595957,-16.35747492670244,0 -71.54440300075001,-16.35750216778132,0 -71.54429392972432,-16.35622106215097,0 -71.54480140536801,-16.35611670145103,0 -71.5448870805894,-16.3574691177854,0 
							</coordinates>
						</LinearRing>
					</outerBoundaryIs>
				</Polygon>
			</Placemark>
			<Placemark>
				<name>1.3.39-50</name>
				<styleUrl>#msn_ylw-pushpin028</styleUrl>
				<Polygon>
					<tessellate>1</tessellate>
					<outerBoundaryIs>
						<LinearRing>
							<coordinates>
								-71.54428468914135,-16.3574963870399,0 -71.54377257294954,-16.35753901282105,0 -71.54368103606878,-16.356305173724,0 -71.54419987716967,-16.35623137413062,0 -71.54428468914135,-16.3574963870399,0 
							</coordinates>
						</LinearRing>
					</outerBoundaryIs>
				</Polygon>
			</Placemark>
			<Placemark>
				<name>1.3.39-51</name>
				<styleUrl>#msn_ylw-pushpin028</styleUrl>
				<Polygon>
					<tessellate>1</tessellate>
					<outerBoundaryIs>
						<LinearRing>
							<coordinates>
								-71.5436518286474,-16.35756699606263,0 -71.5431260896097,-16.35761371868461,0 -71.54299989565821,-16.35645676655499,0 -71.54352253298356,-16.35634671110762,0 -71.5436518286474,-16.35756699606263,0 
							</coordinates>
						</LinearRing>
					</outerBoundaryIs>
				</Polygon>
			</Placemark>
			<Placemark>
				<name>1.3.39-84</name>
				<styleUrl>#msn_ylw-pushpin028</styleUrl>
				<Polygon>
					<tessellate>1</tessellate>
					<outerBoundaryIs>
						<LinearRing>
							<coordinates>
								-71.54786248968404,-16.36016088149763,0 -71.54760117903803,-16.36091452112547,0 -71.54750810915024,-16.36093318235533,0 -71.54732338775054,-16.36012980872091,0 -71.54758265669929,-16.36011008259841,0 -71.54755808997979,-16.35990522058403,0 -71.5478507314684,-16.35987777415805,0 -71.54786248968404,-16.36016088149763,0 
							</coordinates>
						</LinearRing>
					</outerBoundaryIs>
				</Polygon>
			</Placemark>
			<Placemark>
				<name>1.3.39-85</name>
				<styleUrl>#msn_ylw-pushpin028</styleUrl>
				<Polygon>
					<tessellate>1</tessellate>
					<outerBoundaryIs>
						<LinearRing>
							<coordinates>
								-71.54785175043963,-16.36067352127241,0 -71.54835380037923,-16.3608714845359,0 -71.5481933440806,-16.36106912653533,0 -71.5480891641986,-16.36106799127703,0 -71.54776286127546,-16.36092395257995,0 -71.54785175043963,-16.36067352127241,0 
							</coordinates>
						</LinearRing>
					</outerBoundaryIs>
				</Polygon>
			</Placemark>
			<Placemark>
				<name>1.3.39-86</name>
				<styleUrl>#msn_ylw-pushpin028</styleUrl>
				<Polygon>
					<tessellate>1</tessellate>
					<outerBoundaryIs>
						<LinearRing>
							<coordinates>
								-71.5483603217222,-16.36013728594507,0 -71.54863914531231,-16.36019868662117,0 -71.54837268214278,-16.36082016991302,0 -71.54805450656666,-16.36070368347103,0 -71.54824348474423,-16.36044352076443,0 -71.5483603217222,-16.36013728594507,0 
							</coordinates>
						</LinearRing>
					</outerBoundaryIs>
				</Polygon>
			</Placemark>
			<Placemark>
				<name>1.3.39-95</name>
				<styleUrl>#msn_ylw-pushpin028</styleUrl>
				<Polygon>
					<tessellate>1</tessellate>
					<outerBoundaryIs>
						<LinearRing>
							<coordinates>
								-71.54767452816995,-16.36231848623113,0 -71.54768403451122,-16.36206366193256,0 -71.54764039502822,-16.36162810672857,0 -71.54772723205375,-16.36162003782966,0 -71.54779948878959,-16.36175889637888,0 -71.54786680682334,-16.36198473121008,0 -71.54791812426478,-16.3622097153241,0 -71.54790279451763,-16.36245192959277,0 -71.54759402668627,-16.36249426245573,0 -71.54767452816995,-16.36231848623113,0 
							</coordinates>
						</LinearRing>
					</outerBoundaryIs>
				</Polygon>
			</Placemark>
			<Placemark>
				<name>1.3.36-34</name>
				<styleUrl>#msn_ylw-pushpin028</styleUrl>
				<Polygon>
					<tessellate>1</tessellate>
					<outerBoundaryIs>
						<LinearRing>
							<coordinates>
								-71.54291850405372,-16.35674308133515,0 -71.54296553669472,-16.3572520820264,0 -71.54299139478442,-16.35759057697356,0 -71.54277317763403,-16.35761017443343,0 -71.54250630587467,-16.3576198017577,0 -71.54247998922854,-16.35735073391778,0 -71.54246854295496,-16.35713743708372,0 -71.54245905663242,-16.35685780275569,0 -71.54243550984216,-16.3564588326277,0 -71.54288151569726,-16.35643958102588,0 -71.54291850405372,-16.35674308133515,0 
							</coordinates>
						</LinearRing>
					</outerBoundaryIs>
				</Polygon>
			</Placemark>
			<Placemark>
				<name>1.3.36-35</name>
				<styleUrl>#msn_ylw-pushpin028</styleUrl>
				<Polygon>
					<tessellate>1</tessellate>
					<outerBoundaryIs>
						<LinearRing>
							<coordinates>
								-71.5423058782949,-16.35646228837694,0 -71.54233685741619,-16.35680354088101,0 -71.54236216728731,-16.35705015149049,0 -71.54237757733436,-16.35729626342112,0 -71.54240186403392,-16.35764233560134,0 -71.54215574641458,-16.35766671920952,0 -71.54198914297564,-16.35767826666487,0 -71.54189976691201,-16.35730625579063,0 -71.5418431031394,-16.35706701568009,0 -71.5417781823931,-16.35678959127308,0 -71.54170786164143,-16.35651371983453,0 -71.54202052184758,-16.35648576085189,0 -71.5423058782949,-16.35646228837694,0 
							</coordinates>
						</LinearRing>
					</outerBoundaryIs>
				</Polygon>
			</Placemark>
			<Placemark>
				<name>1.3.36-36</name>
				<styleUrl>#msn_ylw-pushpin028</styleUrl>
				<Polygon>
					<tessellate>1</tessellate>
					<outerBoundaryIs>
						<LinearRing>
							<coordinates>
								-71.54157569372589,-16.35651175388638,0 -71.54170243302656,-16.35700707493438,0 -71.54178219203295,-16.35725698220017,0 -71.54185272025919,-16.35749457607581,0 -71.54189864651389,-16.35767218899698,0 -71.5416326248439,-16.35766383464192,0 -71.54140404101558,-16.35766010915686,0 -71.54113412672486,-16.35765850319188,0 -71.54116277307723,-16.35739192922253,0 -71.54119546710061,-16.35713379684334,0 -71.54120571446508,-16.3569071059036,0 -71.54122880984204,-16.3567372863935,0 -71.54123326220646,-16.3566273743815,0 -71.54124704769011,-16.35652728368804,0 -71.54157569372589,-16.35651175388638,0 
							</coordinates>
						</LinearRing>
					</outerBoundaryIs>
				</Polygon>
			</Placemark>
			<Placemark>
				<name>1.3.36-37</name>
				<styleUrl>#msn_ylw-pushpin028</styleUrl>
				<Polygon>
					<tessellate>1</tessellate>
					<outerBoundaryIs>
						<LinearRing>
							<coordinates>
								-71.54264392201571,-16.35587853909772,0 -71.54268352438005,-16.35591780078106,0 -71.54272527192819,-16.35598259169311,0 -71.54277527599618,-16.3560591493053,0 -71.54281568739816,-16.35618266032039,0 -71.54284884564517,-16.35628000677322,0 -71.5428558161281,-16.35630530600639,0 -71.54284011747751,-16.35632010127019,0 -71.54272588222159,-16.35632632417991,0 -71.54247483365128,-16.3563482950691,0 -71.54198509216761,-16.35637930067189,0 -71.54144556906911,-16.35642551364318,0 -71.54127345095891,-16.35644223137356,0 -71.54129852148047,-16.35595954655417,0 -71.54158128382558,-16.35593937683367,0 -71.54221104168143,-16.35590028527734,0 -71.54264392201571,-16.35587853909772,0 
							</coordinates>
						</LinearRing>
					</outerBoundaryIs>
				</Polygon>
			</Placemark>
			<Placemark>
				<name>1.3.36-38</name>
				<styleUrl>#msn_ylw-pushpin028</styleUrl>
				<Polygon>
					<tessellate>1</tessellate>
					<outerBoundaryIs>
						<LinearRing>
							<coordinates>
								-71.5425552610272,-16.35576064549271,0 -71.5423991365472,-16.35577242802424,0 -71.5420729054577,-16.35578923563428,0 -71.54205906220139,-16.3555691631187,0 -71.54202123233399,-16.35528698954011,0 -71.54196921317242,-16.35489029163535,0 -71.54244687710371,-16.35484053401837,0 -71.5425552610272,-16.35576064549271,0 
							</coordinates>
						</LinearRing>
					</outerBoundaryIs>
				</Polygon>
			</Placemark>
			<Placemark>
				<name>1.3.36-39</name>
				<styleUrl>#msn_ylw-pushpin028</styleUrl>
				<Polygon>
					<tessellate>1</tessellate>
					<outerBoundaryIs>
						<LinearRing>
							<coordinates>
								-71.54193328320461,-16.35558283213356,0 -71.54196502632277,-16.35578593766018,0 -71.54194131944466,-16.35578241403084,0 -71.54169629597907,-16.35580978080659,0 -71.54129874909258,-16.35585935180103,0 -71.54130086020913,-16.35570349360632,0 -71.54131124800166,-16.35552357343276,0 -71.54131935569924,-16.35534624536624,0 -71.5413366361871,-16.35520753757416,0 -71.54134811568018,-16.35494785563395,0 -71.54149161404835,-16.35493792857351,0 -71.54186596882508,-16.35489606869874,0 -71.54193328320461,-16.35558283213356,0 
							</coordinates>
						</LinearRing>
					</outerBoundaryIs>
				</Polygon>
			</Placemark>
			<Placemark>
				<name>1.3.36-41</name>
				<open>1</open>
				<styleUrl>#msn_ylw-pushpin028</styleUrl>
				<Polygon>
					<tessellate>1</tessellate>
					<outerBoundaryIs>
						<LinearRing>
							<coordinates>
								-71.54095282151994,-16.35765882791218,0 -71.54060162277105,-16.35765799209429,0 -71.54059664941322,-16.35760448437696,0 -71.54058304149889,-16.35737587282821,0 -71.54054733789576,-16.35709011649249,0 -71.54052676859406,-16.35683305124699,0 -71.5409009607344,-16.35686388303905,0 -71.54104903250027,-16.35688317869453,0 -71.54095282151994,-16.35765882791218,0 
							</coordinates>
						</LinearRing>
					</outerBoundaryIs>
				</Polygon>
			</Placemark>
			<Placemark>
				<name>1.3.36-40</name>
				<open>1</open>
				<styleUrl>#msn_ylw-pushpin028</styleUrl>
				<Polygon>
					<tessellate>1</tessellate>
					<outerBoundaryIs>
						<LinearRing>
							<coordinates>
								-71.54109716541245,-16.35605372177081,0 -71.54109216610584,-16.35652293454682,0 -71.54104323099313,-16.3568700783675,0 -71.54054369099538,-16.35682764262631,0 -71.54051489851679,-16.35651129180601,0 -71.54058579937501,-16.35619636339892,0 -71.5406842395988,-16.3562034693008,0 -71.54069583454083,-16.35593056633854,0 -71.54071453502675,-16.35519007867672,0 -71.54107825477713,-16.35516604743388,0 -71.54109716541245,-16.35605372177081,0 
							</coordinates>
						</LinearRing>
					</outerBoundaryIs>
				</Polygon>
			</Placemark>
			<Placemark>
				<name>1.3.44-1</name>
				<styleUrl>#msn_ylw-pushpin028</styleUrl>
				<Polygon>
					<tessellate>1</tessellate>
					<outerBoundaryIs>
						<LinearRing>
							<coordinates>
								-71.54078956337457,-16.35446192791191,0 -71.54078543684919,-16.35388725775496,0 -71.54096059920592,-16.35389601136243,0 -71.54105968308465,-16.35388992149255,0 -71.54109907083722,-16.35419260553783,0 -71.54110534073632,-16.3545736779453,0 -71.54108420927227,-16.35485288698793,0 -71.54107349923214,-16.35493051927574,0 -71.54108378872131,-16.35516274625449,0 -71.54077569257237,-16.3551884670302,0 -71.54078956337457,-16.35446192791191,0 
							</coordinates>
						</LinearRing>
					</outerBoundaryIs>
				</Polygon>
			</Placemark>
			<Placemark>
				<name>1.3.44-2</name>
				<styleUrl>#msn_ylw-pushpin028</styleUrl>
				<Polygon>
					<tessellate>1</tessellate>
					<outerBoundaryIs>
						<LinearRing>
							<coordinates>
								-71.54077286574275,-16.35288873926878,0 -71.5409754950653,-16.35287979318755,0 -71.54098346830146,-16.35301204928743,0 -71.54100160966729,-16.35324779801503,0 -71.54082960173689,-16.35329111869045,0 -71.54077286574275,-16.35288873926878,0 
							</coordinates>
						</LinearRing>
					</outerBoundaryIs>
				</Polygon>
			</Placemark>
			<Placemark>
				<name>1.3.44-3</name>
				<styleUrl>#msn_ylw-pushpin028</styleUrl>
				<Polygon>
					<tessellate>1</tessellate>
					<outerBoundaryIs>
						<LinearRing>
							<coordinates>
								-71.54080237676746,-16.35131611218795,0 -71.5409699216077,-16.35283926756566,0 -71.54076149453604,-16.35285579058084,0 -71.54057147407772,-16.35273199716707,0 -71.54056334703024,-16.35232127400945,0 -71.54069736485894,-16.35229547348653,0 -71.54063011050744,-16.35186638085898,0 -71.54051549306762,-16.35162518638266,0 -71.54049113476211,-16.35134376055214,0 -71.54080237676746,-16.35131611218795,0 
							</coordinates>
						</LinearRing>
					</outerBoundaryIs>
				</Polygon>
			</Placemark>
			<Placemark>
				<name>1.3.44-4</name>
				<styleUrl>#msn_ylw-pushpin028</styleUrl>
				<Polygon>
					<tessellate>1</tessellate>
					<outerBoundaryIs>
						<LinearRing>
							<coordinates>
								-71.54046682462779,-16.34800594940756,0 -71.54049531683894,-16.348288619045,0 -71.54056097572511,-16.34882970122958,0 -71.54058583493666,-16.34916981567801,0 -71.54062975958124,-16.34958989607531,0 -71.54066830709289,-16.34992406633885,0 -71.54069846418139,-16.35026305719761,0 -71.54081264103156,-16.35126407745642,0 -71.54064260427553,-16.35128658312882,0 -71.54043101984239,-16.3511022992763,0 -71.54037223149356,-16.35086607458933,0 -71.54033818802758,-16.35052902679252,0 -71.54045081477743,-16.35050005232121,0 -71.54043569057326,-16.3501554679144,0 -71.54017819196004,-16.35000264559629,0 -71.54014634753081,-16.34988004381574,0 -71.54031581789565,-16.34973310872797,0 -71.54016764899141,-16.3492203261887,0 -71.54016247824119,-16.34912910684756,0 -71.54006525552234,-16.34884736102245,0 -71.53996156610729,-16.34865838676929,0 -71.53988464407306,-16.34837906332315,0 -71.54011132954822,-16.34827511550991,0 -71.54004711042147,-16.34801880053909,0 -71.54002668301095,-16.34784327526671,0 -71.53998326189129,-16.34771159220354,0 -71.53993038381874,-16.34758562310272,0 -71.53986513273952,-16.34746142987512,0 -71.53984221618414,-16.34736383083989,0 -71.53999358010469,-16.3472424092167,0 -71.5402401158787,-16.34718465007688,0 -71.54046682462779,-16.34800594940756,0 
							</coordinates>
						</LinearRing>
					</outerBoundaryIs>
				</Polygon>
			</Placemark>
			<Placemark>
				<name>1.3.44-5</name>
				<styleUrl>#msn_ylw-pushpin028</styleUrl>
				<Polygon>
					<tessellate>1</tessellate>
					<outerBoundaryIs>
						<LinearRing>
							<coordinates>
								-71.54038205797056,-16.34685661244399,0 -71.54022615276239,-16.34690268395469,0 -71.54014652787644,-16.34667257807645,0 -71.54008031457627,-16.34631544388332,0 -71.54005300478651,-16.34612436444422,0 -71.54001422756713,-16.34578234937991,0 -71.53996732525296,-16.34499798122236,0 -71.54021937469039,-16.3449859649542,0 -71.54038205797056,-16.34685661244399,0 
							</coordinates>
						</LinearRing>
					</outerBoundaryIs>
				</Polygon>
			</Placemark>
			<Placemark>
				<name>1.3.43-1</name>
				<styleUrl>#msn_ylw-pushpin028</styleUrl>
				<Polygon>
					<tessellate>1</tessellate>
					<outerBoundaryIs>
						<LinearRing>
							<coordinates>
								-71.54183607863845,-16.35480141981596,0 -71.54133551206394,-16.35485489051775,0 -71.54125863201327,-16.35395412801374,0 -71.54175446253399,-16.35390686992861,0 -71.54183607863845,-16.35480141981596,0 
							</coordinates>
						</LinearRing>
					</outerBoundaryIs>
				</Polygon>
			</Placemark>
			<Placemark>
				<name>1.3.43-2</name>
				<styleUrl>#msn_ylw-pushpin028</styleUrl>
				<Polygon>
					<tessellate>1</tessellate>
					<outerBoundaryIs>
						<LinearRing>
							<coordinates>
								-71.54245257113767,-16.35474707677231,0 -71.54194043741049,-16.35480425671932,0 -71.54185872206492,-16.35389481673077,0 -71.54234222542968,-16.35385064879232,0 -71.54245257113767,-16.35474707677231,0 
							</coordinates>
						</LinearRing>
					</outerBoundaryIs>
				</Polygon>
			</Placemark>
			<Placemark>
				<name>1.3.43-3</name>
				<styleUrl>#msn_ylw-pushpin028</styleUrl>
				<Polygon>
					<tessellate>1</tessellate>
					<outerBoundaryIs>
						<LinearRing>
							<coordinates>
								-71.54305292560849,-16.35468098881793,0 -71.54255519804322,-16.35473593344881,0 -71.54246797434514,-16.35383693524361,0 -71.54295180635725,-16.3537857301704,0 -71.54305292560849,-16.35468098881793,0 
							</coordinates>
						</LinearRing>
					</outerBoundaryIs>
				</Polygon>
			</Placemark>
			<Placemark>
				<name>1.3.43-4</name>
				<styleUrl>#msn_ylw-pushpin028</styleUrl>
				<Polygon>
					<tessellate>1</tessellate>
					<outerBoundaryIs>
						<LinearRing>
							<coordinates>
								-71.54371091584984,-16.35458379837102,0 -71.54319107508671,-16.35467519247516,0 -71.54311471210748,-16.35376735463427,0 -71.54361700239841,-16.35372143539357,0 -71.54371091584984,-16.35458379837102,0 
							</coordinates>
						</LinearRing>
					</outerBoundaryIs>
				</Polygon>
			</Placemark>
			<Placemark>
				<name>1.3.43-6</name>
				<styleUrl>#msn_ylw-pushpin028</styleUrl>
				<Polygon>
					<tessellate>1</tessellate>
					<outerBoundaryIs>
						<LinearRing>
							<coordinates>
								-71.54295715300825,-16.35370062949428,0 -71.54244802353388,-16.35374402241509,0 -71.54238611114468,-16.3528396248699,0 -71.54286527474,-16.35279274298887,0 -71.54295715300825,-16.35370062949428,0 
							</coordinates>
						</LinearRing>
					</outerBoundaryIs>
				</Polygon>
			</Placemark>
			<Placemark>
				<name>1.3.43-7</name>
				<styleUrl>#msn_ylw-pushpin028</styleUrl>
				<Polygon>
					<tessellate>1</tessellate>
					<outerBoundaryIs>
						<LinearRing>
							<coordinates>
								-71.54234450531131,-16.35376134210987,0 -71.54184931658692,-16.3538017603892,0 -71.54175860066904,-16.35289643378252,0 -71.5422556068018,-16.35284089142404,0 -71.54234450531131,-16.35376134210987,0 
							</coordinates>
						</LinearRing>
					</outerBoundaryIs>
				</Polygon>
			</Placemark>
			<Placemark>
				<name>1.3.43-8</name>
				<styleUrl>#msn_ylw-pushpin028</styleUrl>
				<Polygon>
					<tessellate>1</tessellate>
					<outerBoundaryIs>
						<LinearRing>
							<coordinates>
								-71.54175378519595,-16.3538065893428,0 -71.54125053552413,-16.35386108467137,0 -71.54113146720799,-16.35293755933634,0 -71.54164287258381,-16.35288517936466,0 -71.54175378519595,-16.3538065893428,0 
							</coordinates>
						</LinearRing>
					</outerBoundaryIs>
				</Polygon>
			</Placemark>
			<Placemark>
				<name>1.3.43-9</name>
				<styleUrl>#msn_ylw-pushpin028</styleUrl>
				<Polygon>
					<tessellate>1</tessellate>
					<outerBoundaryIs>
						<LinearRing>
							<coordinates>
								-71.54163509064108,-16.35277366126336,0 -71.5411276244257,-16.35282703312437,0 -71.54102343842004,-16.35188612494751,0 -71.54155663268932,-16.35184772488272,0 -71.54163509064108,-16.35277366126336,0 
							</coordinates>
						</LinearRing>
					</outerBoundaryIs>
				</Polygon>
			</Placemark>
			<Placemark>
				<name>1.3.43-10</name>
				<styleUrl>#msn_ylw-pushpin028</styleUrl>
				<Polygon>
					<tessellate>1</tessellate>
					<outerBoundaryIs>
						<LinearRing>
							<coordinates>
								-71.54285435936336,-16.35264413886047,0 -71.54236130721814,-16.3526957971221,0 -71.54228026394367,-16.35180248714864,0 -71.54275962786903,-16.35175615459826,0 -71.54285435936336,-16.35264413886047,0 
							</coordinates>
						</LinearRing>
					</outerBoundaryIs>
				</Polygon>
			</Placemark>
			<Placemark>
				<name>1.3.43-12</name>
				<styleUrl>#msn_ylw-pushpin028</styleUrl>
				<Polygon>
					<tessellate>1</tessellate>
					<outerBoundaryIs>
						<LinearRing>
							<coordinates>
								-71.54380728450413,-16.35035279140604,0 -71.54377397474049,-16.35038381069922,0 -71.54387051790668,-16.35148241173901,0 -71.54292908908765,-16.35156359680834,0 -71.54287258526658,-16.3511537101143,0 -71.54278636805567,-16.35047229879244,0 -71.54267072225237,-16.34957712953218,0 -71.54297539271798,-16.34954696814719,0 -71.54373552692621,-16.34946963262839,0 -71.54380728450413,-16.35035279140604,0 
							</coordinates>
						</LinearRing>
					</outerBoundaryIs>
				</Polygon>
			</Placemark>
			<Placemark>
				<name>1.3.43-13</name>
				<styleUrl>#msn_ylw-pushpin028</styleUrl>
				<Polygon>
					<tessellate>1</tessellate>
					<outerBoundaryIs>
						<LinearRing>
							<coordinates>
								-71.54275067920376,-16.35157520753873,0 -71.54225536529265,-16.35161947439846,0 -71.54214665614511,-16.35069996054284,0 -71.54265447207567,-16.3506282622012,0 -71.54275067920376,-16.35157520753873,0 
							</coordinates>
						</LinearRing>
					</outerBoundaryIs>
				</Polygon>
			</Placemark>
			<Placemark>
				<name>1.3.43-14</name>
				<styleUrl>#msn_ylw-pushpin028</styleUrl>
				<Polygon>
					<tessellate>1</tessellate>
					<outerBoundaryIs>
						<LinearRing>
							<coordinates>
								-71.54214513361921,-16.35163250163025,0 -71.54162711347614,-16.35168950725305,0 -71.54154612171661,-16.35076881265921,0 -71.54204158973673,-16.35071546174082,0 -71.54214513361921,-16.35163250163025,0 
							</coordinates>
						</LinearRing>
					</outerBoundaryIs>
				</Polygon>
			</Placemark>
			<Placemark>
				<name>1.3.43-15</name>
				<styleUrl>#msn_ylw-pushpin028</styleUrl>
				<Polygon>
					<tessellate>1</tessellate>
					<outerBoundaryIs>
						<LinearRing>
							<coordinates>
								-71.54152414529179,-16.3516840942075,0 -71.54102831245767,-16.35175416995515,0 -71.54093679740055,-16.35084447401793,0 -71.54142619331635,-16.35079106681005,0 -71.54152414529179,-16.3516840942075,0 
							</coordinates>
						</LinearRing>
					</outerBoundaryIs>
				</Polygon>
			</Placemark>
			<Placemark>
				<name>1.3.43-16</name>
				<styleUrl>#msn_ylw-pushpin028</styleUrl>
				<Polygon>
					<tessellate>1</tessellate>
					<outerBoundaryIs>
						<LinearRing>
							<coordinates>
								-71.54142851892014,-16.35070223981469,0 -71.54090363696214,-16.35077798316396,0 -71.54082110747184,-16.34985079759637,0 -71.54132510928063,-16.3497817794809,0 -71.54142851892014,-16.35070223981469,0 
							</coordinates>
						</LinearRing>
					</outerBoundaryIs>
				</Polygon>
			</Placemark>
			<Placemark>
				<name>1.3.43-17</name>
				<styleUrl>#msn_ylw-pushpin028</styleUrl>
				<Polygon>
					<tessellate>1</tessellate>
					<outerBoundaryIs>
						<LinearRing>
							<coordinates>
								-71.5420355522387,-16.35062671545615,0 -71.54155463827762,-16.35068590538569,0 -71.54143375874928,-16.34976253065799,0 -71.5419192132524,-16.34969445570586,0 -71.5420355522387,-16.35062671545615,0 
							</coordinates>
						</LinearRing>
					</outerBoundaryIs>
				</Polygon>
			</Placemark>
			<Placemark>
				<name>1.3.43-18</name>
				<styleUrl>#msn_ylw-pushpin028</styleUrl>
				<Polygon>
					<tessellate>1</tessellate>
					<outerBoundaryIs>
						<LinearRing>
							<coordinates>
								-71.54252469779451,-16.34962298036588,0 -71.54262776929616,-16.35057174896743,0 -71.54213737398359,-16.35061365871967,0 -71.54204481426274,-16.34967868914367,0 -71.54252469779451,-16.34962298036588,0 
							</coordinates>
						</LinearRing>
					</outerBoundaryIs>
				</Polygon>
			</Placemark>
			<Placemark>
				<name>1.3.43-19</name>
				<styleUrl>#msn_ylw-pushpin028</styleUrl>
				<Polygon>
					<tessellate>1</tessellate>
					<outerBoundaryIs>
						<LinearRing>
							<coordinates>
								-71.54316671090862,-16.34944083733627,0 -71.54267093726962,-16.34950540087765,0 -71.54259066811193,-16.34865073308036,0 -71.54306226341393,-16.3485924024703,0 -71.54316671090862,-16.34944083733627,0 
							</coordinates>
						</LinearRing>
					</outerBoundaryIs>
				</Polygon>
			</Placemark>
			<Placemark>
				<name>1.3.43-20</name>
				<styleUrl>#msn_ylw-pushpin028</styleUrl>
				<Polygon>
					<tessellate>1</tessellate>
					<outerBoundaryIs>
						<LinearRing>
							<coordinates>
								-71.54202410026818,-16.3495962358578,0 -71.54192734457904,-16.34875209815237,0 -71.54242903254068,-16.34868448854099,0 -71.54251639486584,-16.34953152630322,0 -71.54202410026818,-16.3495962358578,0 
							</coordinates>
						</LinearRing>
					</outerBoundaryIs>
				</Polygon>
			</Placemark>
			<Placemark>
				<name>1.3.43-21</name>
				<styleUrl>#msn_ylw-pushpin028</styleUrl>
				<Polygon>
					<tessellate>1</tessellate>
					<outerBoundaryIs>
						<LinearRing>
							<coordinates>
								-71.54189871193023,-16.34960559655112,0 -71.5414313709351,-16.3496754494099,0 -71.54136186802572,-16.34880360015701,0 -71.54182929480628,-16.34874890749402,0 -71.54189871193023,-16.34960559655112,0 
							</coordinates>
						</LinearRing>
					</outerBoundaryIs>
				</Polygon>
			</Placemark>
			<Placemark>
				<name>1.3.43-22</name>
				<styleUrl>#msn_ylw-pushpin028</styleUrl>
				<Polygon>
					<tessellate>1</tessellate>
					<outerBoundaryIs>
						<LinearRing>
							<coordinates>
								-71.54131660972185,-16.34969191236234,0 -71.54081273150413,-16.34976914707396,0 -71.54072884875173,-16.34888026199777,0 -71.54124354145914,-16.34882904185907,0 -71.54131660972185,-16.34969191236234,0 
							</coordinates>
						</LinearRing>
					</outerBoundaryIs>
				</Polygon>
			</Placemark>
			<Placemark>
				<name>1.3.43-23</name>
				<styleUrl>#msn_ylw-pushpin028</styleUrl>
				<Polygon>
					<tessellate>1</tessellate>
					<outerBoundaryIs>
						<LinearRing>
							<coordinates>
								-71.54122174565026,-16.34873754371528,0 -71.54073217865688,-16.34879655262379,0 -71.54062443371261,-16.34779438690787,0 -71.54111757992594,-16.34774229828038,0 -71.54122174565026,-16.34873754371528,0 
							</coordinates>
						</LinearRing>
					</outerBoundaryIs>
				</Polygon>
			</Placemark>
			<Placemark>
				<name>1.3.43-24</name>
				<styleUrl>#msn_ylw-pushpin028</styleUrl>
				<Polygon>
					<tessellate>1</tessellate>
					<outerBoundaryIs>
						<LinearRing>
							<coordinates>
								-71.54182089235353,-16.34866405697726,0 -71.54134885773639,-16.34872666630872,0 -71.54124064672781,-16.34773244224914,0 -71.54171722557295,-16.34765985233101,0 -71.54182089235353,-16.34866405697726,0 
							</coordinates>
						</LinearRing>
					</outerBoundaryIs>
				</Polygon>
			</Placemark>
			<Placemark>
				<name>1.3.43-25</name>
				<styleUrl>#msn_ylw-pushpin028</styleUrl>
				<Polygon>
					<tessellate>1</tessellate>
					<outerBoundaryIs>
						<LinearRing>
							<coordinates>
								-71.54243679890993,-16.34857091182561,0 -71.5419088779817,-16.34866409312684,0 -71.54180563968576,-16.34764655635626,0 -71.54231281301276,-16.34758562598823,0 -71.54243679890993,-16.34857091182561,0 
							</coordinates>
						</LinearRing>
					</outerBoundaryIs>
				</Polygon>
			</Placemark>
			<Placemark>
				<name>1.3.43-28</name>
				<styleUrl>#msn_ylw-pushpin028</styleUrl>
				<Polygon>
					<tessellate>1</tessellate>
					<outerBoundaryIs>
						<LinearRing>
							<coordinates>
								-71.5423016871583,-16.34752379616757,0 -71.54179533194983,-16.34757920842215,0 -71.5417391308944,-16.34679615459719,0 -71.54223415629524,-16.34674210034948,0 -71.5423016871583,-16.34752379616757,0 
							</coordinates>
						</LinearRing>
					</outerBoundaryIs>
				</Polygon>
			</Placemark>
			<Placemark>
				<name>1.3.43-29</name>
				<styleUrl>#msn_ylw-pushpin028</styleUrl>
				<Polygon>
					<tessellate>1</tessellate>
					<outerBoundaryIs>
						<LinearRing>
							<coordinates>
								-71.54171052657061,-16.34758973341757,0 -71.54122131489255,-16.34765128267849,0 -71.54114750228894,-16.34686622775336,0 -71.54162920470193,-16.34683222856726,0 -71.54171052657061,-16.34758973341757,0 
							</coordinates>
						</LinearRing>
					</outerBoundaryIs>
				</Polygon>
			</Placemark>
			<Placemark>
				<name>1.3.43-30</name>
				<styleUrl>#msn_ylw-pushpin028</styleUrl>
				<Polygon>
					<tessellate>1</tessellate>
					<outerBoundaryIs>
						<LinearRing>
							<coordinates>
								-71.541096574241,-16.34765892322997,0 -71.54061652154768,-16.3477094327415,0 -71.54054989475773,-16.34692683664433,0 -71.54102443227758,-16.34688017063733,0 -71.541096574241,-16.34765892322997,0 
							</coordinates>
						</LinearRing>
					</outerBoundaryIs>
				</Polygon>
			</Placemark>
			<Placemark>
				<name>1.3.43-31</name>
				<styleUrl>#msn_ylw-pushpin028</styleUrl>
				<Polygon>
					<tessellate>1</tessellate>
					<outerBoundaryIs>
						<LinearRing>
							<coordinates>
								-71.54093641935647,-16.34590356313646,0 -71.54100226160996,-16.34643451156308,0 -71.54103726079308,-16.34677448526764,0 -71.54055041343199,-16.34684934873177,0 -71.54049655878953,-16.34630400767969,0 -71.54047092864408,-16.34609872221901,0 -71.54045739849106,-16.34595045991847,0 -71.54093641935647,-16.34590356313646,0 
							</coordinates>
						</LinearRing>
					</outerBoundaryIs>
				</Polygon>
			</Placemark>
			<Placemark>
				<name>1.3.43-32</name>
				<styleUrl>#msn_ylw-pushpin028</styleUrl>
				<Polygon>
					<tessellate>1</tessellate>
					<outerBoundaryIs>
						<LinearRing>
							<coordinates>
								-71.54093083189417,-16.34584020796007,0 -71.54044329833066,-16.34587147600929,0 -71.54036354072814,-16.34498990934259,0 -71.54083906058059,-16.34494924020847,0 -71.54093083189417,-16.34584020796007,0 
							</coordinates>
						</LinearRing>
					</outerBoundaryIs>
				</Polygon>
			</Placemark>
			<Placemark>
				<name>1.3.43-33</name>
				<styleUrl>#msn_ylw-pushpin028</styleUrl>
				<Polygon>
					<tessellate>1</tessellate>
					<outerBoundaryIs>
						<LinearRing>
							<coordinates>
								-71.54151430098551,-16.34574898326273,0 -71.5410417778743,-16.34580330046564,0 -71.54094615912153,-16.34492950436088,0 -71.54143183828045,-16.34488260794257,0 -71.54151430098551,-16.34574898326273,0 
							</coordinates>
						</LinearRing>
					</outerBoundaryIs>
				</Polygon>
			</Placemark>
			<Placemark>
				<name>1.3.43-34</name>
				<styleUrl>#msn_ylw-pushpin028</styleUrl>
				<Polygon>
					<tessellate>1</tessellate>
					<outerBoundaryIs>
						<LinearRing>
							<coordinates>
								-71.54162288478079,-16.34672312847959,0 -71.54113569882568,-16.34677533223335,0 -71.5410447621035,-16.34590562783772,0 -71.54153916120981,-16.34585337791811,0 -71.54162288478079,-16.34672312847959,0 
							</coordinates>
						</LinearRing>
					</outerBoundaryIs>
				</Polygon>
			</Placemark>
			<Placemark>
				<name>1.3.43-35</name>
				<styleUrl>#msn_ylw-pushpin028</styleUrl>
				<Polygon>
					<tessellate>1</tessellate>
					<outerBoundaryIs>
						<LinearRing>
							<coordinates>
								-71.5417231160324,-16.34672315738726,0 -71.54163680068433,-16.34581820468453,0 -71.54214749299898,-16.34575585415686,0 -71.54222846318703,-16.34665659796098,0 -71.5417231160324,-16.34672315738726,0 
							</coordinates>
						</LinearRing>
					</outerBoundaryIs>
				</Polygon>
			</Placemark>
			<Placemark>
				<name>1.3.43-36</name>
				<styleUrl>#msn_ylw-pushpin028</styleUrl>
				<Polygon>
					<tessellate>1</tessellate>
					<outerBoundaryIs>
						<LinearRing>
							<coordinates>
								-71.54290828709621,-16.34658431786731,0 -71.54239788477983,-16.34662017940848,0 -71.54228701286243,-16.34575309985716,0 -71.54277313351757,-16.3456889687556,0 -71.54290828709621,-16.34658431786731,0 
							</coordinates>
						</LinearRing>
					</outerBoundaryIs>
				</Polygon>
			</Placemark>
			<Placemark>
				<name>1.3.43-37</name>
				<styleUrl>#msn_ylw-pushpin028</styleUrl>
				<Polygon>
					<tessellate>1</tessellate>
					<outerBoundaryIs>
						<LinearRing>
							<coordinates>
								-71.54267401640533,-16.34471698658793,0 -71.54276875428575,-16.34547424136764,0 -71.54276717132279,-16.34552492356015,0 -71.54274337114668,-16.34555477394392,0 -71.54272409676663,-16.34556387456478,0 -71.5426830561117,-16.34557511633066,0 -71.54173665736826,-16.34569951384011,0 -71.54169197647222,-16.34569247514045,0 -71.5416710642999,-16.34567856492194,0 -71.54164805531161,-16.34564865400249,0 -71.54163715937483,-16.34560507853801,0 -71.54155815408944,-16.34483558356491,0 -71.54267401640533,-16.34471698658793,0 
							</coordinates>
						</LinearRing>
					</outerBoundaryIs>
				</Polygon>
			</Placemark>
			<Placemark>
				<name>1.3.43-39</name>
				<styleUrl>#msn_ylw-pushpin028</styleUrl>
				<Polygon>
					<tessellate>1</tessellate>
					<outerBoundaryIs>
						<LinearRing>
							<coordinates>
								-71.54267261762288,-16.3446210535544,0 -71.54218507885405,-16.3446916519267,0 -71.54200720428435,-16.34325706216689,0 -71.5424678708065,-16.34320068970691,0 -71.54267261762288,-16.3446210535544,0 
							</coordinates>
						</LinearRing>
					</outerBoundaryIs>
				</Polygon>
			</Placemark>
			<Placemark>
				<name>1.3.43-40</name>
				<styleUrl>#msn_ylw-pushpin028</styleUrl>
				<Polygon>
					<tessellate>1</tessellate>
					<outerBoundaryIs>
						<LinearRing>
							<coordinates>
								-71.54203077582987,-16.34470329547997,0 -71.54152860966397,-16.34477359510958,0 -71.54137371433518,-16.34334348181127,0 -71.5418451288905,-16.34328176400851,0 -71.54203077582987,-16.34470329547997,0 
							</coordinates>
						</LinearRing>
					</outerBoundaryIs>
				</Polygon>
			</Placemark>
			<Placemark>
				<name>1.3.43-41</name>
				<styleUrl>#msn_ylw-pushpin028</styleUrl>
				<Polygon>
					<tessellate>1</tessellate>
					<outerBoundaryIs>
						<LinearRing>
							<coordinates>
								-71.54142148246396,-16.34478710877478,0 -71.54091504548809,-16.34484366324827,0 -71.54076327102686,-16.34340608029696,0 -71.54125375878459,-16.34335530318197,0 -71.54142148246396,-16.34478710877478,0 
							</coordinates>
						</LinearRing>
					</outerBoundaryIs>
				</Polygon>
			</Placemark>
			<Placemark>
				<name>1.3.43-42</name>
				<styleUrl>#msn_ylw-pushpin028</styleUrl>
				<Polygon>
					<tessellate>1</tessellate>
					<outerBoundaryIs>
						<LinearRing>
							<coordinates>
								-71.54083744238568,-16.3448410267651,0 -71.54071265380469,-16.34486052016773,0 -71.54035419993221,-16.34489654637854,0 -71.54032594524328,-16.34455522669686,0 -71.54028550137349,-16.3441805030854,0 -71.54023898072118,-16.34381977601913,0 -71.5402037452793,-16.34346976791299,0 -71.54067277984224,-16.34342354951355,0 -71.54083744238568,-16.3448410267651,0 
							</coordinates>
						</LinearRing>
					</outerBoundaryIs>
				</Polygon>
			</Placemark>
			<Placemark>
				<name>1.3.46-1</name>
				<styleUrl>#msn_ylw-pushpin028</styleUrl>
				<Polygon>
					<tessellate>1</tessellate>
					<outerBoundaryIs>
						<LinearRing>
							<coordinates>
								-71.54000515332136,-16.34490483028039,0 -71.53997942263139,-16.34475208760407,0 -71.5401140145225,-16.34476582819062,0 -71.54002829074652,-16.34452705106936,0 -71.53990194587143,-16.3438074468595,0 -71.53980853116592,-16.3438243171293,0 -71.53976150377687,-16.34336910191707,0 -71.54010534635051,-16.34333360205122,0 -71.54013277974026,-16.34380418144157,0 -71.54025610011769,-16.34491312254528,0 -71.54000515332136,-16.34490483028039,0 
							</coordinates>
						</LinearRing>
					</outerBoundaryIs>
				</Polygon>
			</Placemark>
			<Placemark>
				<name>1.3.46-2</name>
				<styleUrl>#msn_ylw-pushpin028</styleUrl>
				<Polygon>
					<tessellate>1</tessellate>
					<outerBoundaryIs>
						<LinearRing>
							<coordinates>
								-71.54062689108375,-16.34335344449418,0 -71.54019634988848,-16.34340027006665,0 -71.54011025856506,-16.34277677604955,0 -71.54052245424495,-16.34272388095502,0 -71.54062689108375,-16.34335344449418,0 
							</coordinates>
						</LinearRing>
					</outerBoundaryIs>
				</Polygon>
			</Placemark>
			<Placemark>
				<name>1.3.46-3</name>
				<styleUrl>#msn_ylw-pushpin028</styleUrl>
				<Polygon>
					<tessellate>1</tessellate>
					<outerBoundaryIs>
						<LinearRing>
							<coordinates>
								-71.5400552960642,-16.34277247213472,0 -71.54011274353475,-16.34328774995813,0 -71.53983667528786,-16.34330589127401,0 -71.53981211252005,-16.34302196803306,0 -71.53945287560224,-16.3430536786703,0 -71.53941750094681,-16.34283902804405,0 -71.5400552960642,-16.34277247213472,0 
							</coordinates>
						</LinearRing>
					</outerBoundaryIs>
				</Polygon>
			</Placemark>
			<Placemark>
				<name>1.3.46-4</name>
				<styleUrl>#msn_ylw-pushpin028</styleUrl>
				<Polygon>
					<tessellate>1</tessellate>
					<outerBoundaryIs>
						<LinearRing>
							<coordinates>
								-71.53940882812647,-16.34154252378023,0 -71.53942114834625,-16.34172477175882,0 -71.53947590470395,-16.34222505475592,0 -71.53956319228632,-16.34246617963873,0 -71.53958384482731,-16.34262148595689,0 -71.53959955817423,-16.34276136676306,0 -71.53948086551598,-16.34279233017207,0 -71.53936507271436,-16.34270041672948,0 -71.5392844526789,-16.34240841637268,0 -71.53907358397359,-16.34133656854047,0 -71.53922313291763,-16.3413127467102,0 -71.53923753962063,-16.34125613715301,0 -71.53934310721762,-16.34123541705967,0 -71.53940882812647,-16.34154252378023,0 
							</coordinates>
						</LinearRing>
					</outerBoundaryIs>
				</Polygon>
			</Placemark>
			<Placemark>
				<name>1.3.46-5</name>
				<styleUrl>#msn_ylw-pushpin028</styleUrl>
				<Polygon>
					<tessellate>1</tessellate>
					<outerBoundaryIs>
						<LinearRing>
							<coordinates>
								-71.53959800964728,-16.34234219618609,0 -71.53954419450875,-16.34234717375254,0 -71.53943206197958,-16.34148185781949,0 -71.54034106259876,-16.34135841086792,0 -71.54052434393442,-16.34263316038511,0 -71.54012304582189,-16.34269013403875,0 -71.54006184847904,-16.34228831785908,0 -71.53997755150186,-16.34229839816948,0 -71.54004749933836,-16.34270182621135,0 -71.53965588548991,-16.34274501469948,0 -71.53959800964728,-16.34234219618609,0 
							</coordinates>
						</LinearRing>
					</outerBoundaryIs>
				</Polygon>
			</Placemark>
			<Placemark>
				<name>1.3.54-1</name>
				<styleUrl>#msn_ylw-pushpin028</styleUrl>
				<Polygon>
					<tessellate>1</tessellate>
					<outerBoundaryIs>
						<LinearRing>
							<coordinates>
								-71.54081248465572,-16.34011275141894,0 -71.54084926758799,-16.34081297879997,0 -71.54048183121917,-16.34083094537767,0 -71.54040823332987,-16.34016941955694,0 -71.54081248465572,-16.34011275141894,0 
							</coordinates>
						</LinearRing>
					</outerBoundaryIs>
				</Polygon>
			</Placemark>
			<Placemark>
				<name>1.3.54-2</name>
				<styleUrl>#msn_ylw-pushpin028</styleUrl>
				<Polygon>
					<tessellate>1</tessellate>
					<outerBoundaryIs>
						<LinearRing>
							<coordinates>
								-71.5412956636395,-16.34052580042221,0 -71.54132663090193,-16.34084444735178,0 -71.54092691347437,-16.34082995654766,0 -71.54089230050518,-16.34057569856731,0 -71.5412956636395,-16.34052580042221,0 
							</coordinates>
						</LinearRing>
					</outerBoundaryIs>
				</Polygon>
			</Placemark>
			<Placemark>
				<name>1.3.54-3</name>
				<styleUrl>#msn_ylw-pushpin028</styleUrl>
				<Polygon>
					<tessellate>1</tessellate>
					<outerBoundaryIs>
						<LinearRing>
							<coordinates>
								-71.54128547059526,-16.34046258773775,0 -71.54089227484957,-16.34051604077577,0 -71.5408572508795,-16.34011255777124,0 -71.54124186573777,-16.34007417235873,0 -71.54128547059526,-16.34046258773775,0 
							</coordinates>
						</LinearRing>
					</outerBoundaryIs>
				</Polygon>
			</Placemark>
			<Placemark>
				<name>1.3.54-4</name>
				<styleUrl>#msn_ylw-pushpin028</styleUrl>
				<Polygon>
					<tessellate>1</tessellate>
					<outerBoundaryIs>
						<LinearRing>
							<coordinates>
								-71.54209077235018,-16.33997394648126,0 -71.54212605680387,-16.34036872336877,0 -71.54167427780689,-16.3404150729611,0 -71.54134428959432,-16.34044614678635,0 -71.54130105208408,-16.34008057724046,0 -71.54209077235018,-16.33997394648126,0 
							</coordinates>
						</LinearRing>
					</outerBoundaryIs>
				</Polygon>
			</Placemark>
			<Placemark>
				<name>1.3.54-5</name>
				<styleUrl>#msn_ylw-pushpin028</styleUrl>
				<Polygon>
					<tessellate>1</tessellate>
					<outerBoundaryIs>
						<LinearRing>
							<coordinates>
								-71.54213174225031,-16.34041577922493,0 -71.54219565534434,-16.34090790722582,0 -71.5413818901179,-16.34084762685762,0 -71.54136191822764,-16.34052910876808,0 -71.54213174225031,-16.34041577922493,0 
							</coordinates>
						</LinearRing>
					</outerBoundaryIs>
				</Polygon>
			</Placemark>
			<Placemark>
				<name>1.3.54-6</name>
				<styleUrl>#msn_ylw-pushpin028</styleUrl>
				<Polygon>
					<tessellate>1</tessellate>
					<outerBoundaryIs>
						<LinearRing>
							<coordinates>
								-71.54261428576014,-16.33992744998249,0 -71.54265864012446,-16.34032404939364,0 -71.54224508980909,-16.34035607256916,0 -71.54219361891739,-16.33997809394109,0 -71.54261428576014,-16.33992744998249,0 
							</coordinates>
						</LinearRing>
					</outerBoundaryIs>
				</Polygon>
			</Placemark>
			<Placemark>
				<name>1.3.54-7</name>
				<styleUrl>#msn_ylw-pushpin028</styleUrl>
				<Polygon>
					<tessellate>1</tessellate>
					<outerBoundaryIs>
						<LinearRing>
							<coordinates>
								-71.54269247649458,-16.34073590638461,0 -71.54280559144802,-16.34072952105937,0 -71.54281539400321,-16.34094826090938,0 -71.54254549269072,-16.34092408273122,0 -71.54233238853124,-16.34091338380708,0 -71.54225849534681,-16.34041612254312,0 -71.54264668512565,-16.34037137551582,0 -71.54269247649458,-16.34073590638461,0 
							</coordinates>
						</LinearRing>
					</outerBoundaryIs>
				</Polygon>
			</Placemark>
			<Placemark>
				<name>1.3.54-8</name>
				<styleUrl>#msn_ylw-pushpin028</styleUrl>
				<Polygon>
					<tessellate>1</tessellate>
					<outerBoundaryIs>
						<LinearRing>
							<coordinates>
								-71.54422201072185,-16.34101514848436,0 -71.54417312869091,-16.34104549184799,0 -71.5435698064133,-16.34099786732399,0 -71.54399004060767,-16.34069374052151,0 -71.54422201072185,-16.34101514848436,0 
							</coordinates>
						</LinearRing>
					</outerBoundaryIs>
				</Polygon>
			</Placemark>
			<Placemark>
				<name>1.3.54-9</name>
				<styleUrl>#msn_ylw-pushpin028</styleUrl>
				<Polygon>
					<tessellate>1</tessellate>
					<outerBoundaryIs>
						<LinearRing>
							<coordinates>
								-71.5435303271754,-16.34093893422569,0 -71.54347820234582,-16.34085804616056,0 -71.54331139473099,-16.34062524016415,0 -71.54345570381723,-16.34053220773933,0 -71.54372809823579,-16.34034021212558,0 -71.54395623203376,-16.3406699086693,0 -71.5435303271754,-16.34093893422569,0 
							</coordinates>
						</LinearRing>
					</outerBoundaryIs>
				</Polygon>
			</Placemark>
			<Placemark>
				<name>1.3.54-10</name>
				<styleUrl>#msn_ylw-pushpin028</styleUrl>
				<Polygon>
					<tessellate>1</tessellate>
					<outerBoundaryIs>
						<LinearRing>
							<coordinates>
								-71.54328102774598,-16.3405846714376,0 -71.54305344191908,-16.34026088622554,0 -71.5432208050882,-16.34015217975096,0 -71.54346397749849,-16.33999183240031,0 -71.54367926831556,-16.34031539063246,0 -71.54328102774598,-16.3405846714376,0 
							</coordinates>
						</LinearRing>
					</outerBoundaryIs>
				</Polygon>
			</Placemark>
			<Placemark>
				<name>1.3.54-11</name>
				<styleUrl>#msn_ylw-pushpin028</styleUrl>
				<Polygon>
					<tessellate>1</tessellate>
					<outerBoundaryIs>
						<LinearRing>
							<coordinates>
								-71.54319387604023,-16.33963045516921,0 -71.54342842267755,-16.33994876900335,0 -71.54313117818776,-16.34014408813458,0 -71.54301129050708,-16.34022923258281,0 -71.54277713203663,-16.3399135625448,0 -71.54319387604023,-16.33963045516921,0 
							</coordinates>
						</LinearRing>
					</outerBoundaryIs>
				</Polygon>
			</Placemark>
			<Placemark>
				<name>1.3.54-12</name>
				<styleUrl>#msn_ylw-pushpin028</styleUrl>
				<Polygon>
					<tessellate>1</tessellate>
					<outerBoundaryIs>
						<LinearRing>
							<coordinates>
								-71.54289984205268,-16.33924032508003,0 -71.54316387872733,-16.33955922213239,0 -71.54275962521798,-16.33980290870018,0 -71.54218774531523,-16.33987639525978,0 -71.54215099586064,-16.33947847946574,0 -71.54263361011336,-16.33943772261192,0 -71.54289984205268,-16.33924032508003,0 
							</coordinates>
						</LinearRing>
					</outerBoundaryIs>
				</Polygon>
			</Placemark>
			<Placemark>
				<name>1.3.54-13</name>
				<styleUrl>#msn_ylw-pushpin028</styleUrl>
				<Polygon>
					<tessellate>1</tessellate>
					<outerBoundaryIs>
						<LinearRing>
							<coordinates>
								-71.5426585356188,-16.33890702650475,0 -71.54287755877877,-16.33921807422393,0 -71.54260940103036,-16.33936748475878,0 -71.54227520937131,-16.33940545399137,0 -71.5421486108921,-16.33942307167026,0 -71.54208192244381,-16.3390422597693,0 -71.54240099800546,-16.33904184999711,0 -71.5426585356188,-16.33890702650475,0 
							</coordinates>
						</LinearRing>
					</outerBoundaryIs>
				</Polygon>
			</Placemark>
			<Placemark>
				<name>1.3.54-14</name>
				<styleUrl>#msn_ylw-pushpin028</styleUrl>
				<Polygon>
					<tessellate>1</tessellate>
					<outerBoundaryIs>
						<LinearRing>
							<coordinates>
								-71.54241545475102,-16.33896778504898,0 -71.54208797550586,-16.33899751905843,0 -71.54201007142248,-16.33849732690144,0 -71.54224921508009,-16.33838857215686,0 -71.54262252099899,-16.33885870549966,0 -71.54241545475102,-16.33896778504898,0 
							</coordinates>
						</LinearRing>
					</outerBoundaryIs>
				</Polygon>
			</Placemark>
			<Placemark>
				<name>1.3.54-15</name>
				<styleUrl>#msn_ylw-pushpin028</styleUrl>
				<Polygon>
					<tessellate>1</tessellate>
					<outerBoundaryIs>
						<LinearRing>
							<coordinates>
								-71.54201010831949,-16.33945403342782,0 -71.54206841898173,-16.33987318789586,0 -71.54175299506305,-16.33990742056277,0 -71.54171027378233,-16.33950274282633,0 -71.54201010831949,-16.33945403342782,0 
							</coordinates>
						</LinearRing>
					</outerBoundaryIs>
				</Polygon>
			</Placemark>
			<Placemark>
				<name>1.3.54-16</name>
				<styleUrl>#msn_ylw-pushpin028</styleUrl>
				<Polygon>
					<tessellate>1</tessellate>
					<outerBoundaryIs>
						<LinearRing>
							<coordinates>
								-71.54160651423041,-16.33928454976796,0 -71.54166147868243,-16.33964252710242,0 -71.54169007837822,-16.33991173466087,0 -71.541443144022,-16.33995647796418,0 -71.5412807618435,-16.33996961523915,0 -71.54124746552971,-16.3396489257355,0 -71.54120679068257,-16.33934819663359,0 -71.54160651423041,-16.33928454976796,0 
							</coordinates>
						</LinearRing>
					</outerBoundaryIs>
				</Polygon>
			</Placemark>
			<Placemark>
				<name>1.3.54-17</name>
				<styleUrl>#msn_ylw-pushpin028</styleUrl>
				<Polygon>
					<tessellate>1</tessellate>
					<outerBoundaryIs>
						<LinearRing>
							<coordinates>
								-71.54121775448898,-16.33997829593067,0 -71.54083533402611,-16.34001860690805,0 -71.54078715736507,-16.33955684261382,0 -71.54117461226684,-16.33951654836352,0 -71.54121775448898,-16.33997829593067,0 
							</coordinates>
						</LinearRing>
					</outerBoundaryIs>
				</Polygon>
			</Placemark>
			<Placemark>
				<name>1.3.54-18</name>
				<styleUrl>#msn_ylw-pushpin028</styleUrl>
				<Polygon>
					<tessellate>1</tessellate>
					<outerBoundaryIs>
						<LinearRing>
							<coordinates>
								-71.54158545089521,-16.33909517762365,0 -71.54077296322504,-16.33945701292935,0 -71.54071081809863,-16.33906362433685,0 -71.54153991202331,-16.33869675300552,0 -71.54158545089521,-16.33909517762365,0 
							</coordinates>
						</LinearRing>
					</outerBoundaryIs>
				</Polygon>
			</Placemark>
			<Placemark>
				<name>1.3.54-19</name>
				<styleUrl>#msn_ylw-pushpin028</styleUrl>
				<Polygon>
					<tessellate>1</tessellate>
					<outerBoundaryIs>
						<LinearRing>
							<coordinates>
								-71.54080079513734,-16.34000941702794,0 -71.54037533304148,-16.34007534393059,0 -71.54034736353455,-16.33980832426859,0 -71.54027041064606,-16.33922609895671,0 -71.54041597882643,-16.33917974660153,0 -71.54067870478492,-16.33907658123423,0 -71.54080079513734,-16.34000941702794,0 
							</coordinates>
						</LinearRing>
					</outerBoundaryIs>
				</Polygon>
			</Placemark>
			<Placemark>
				<name>1.3.54-20</name>
				<styleUrl>#msn_ylw-pushpin028</styleUrl>
				<Polygon>
					<tessellate>1</tessellate>
					<outerBoundaryIs>
						<LinearRing>
							<coordinates>
								-71.54217224446839,-16.33829216152863,0 -71.54066194737598,-16.33895419610595,0 -71.54034698487418,-16.33905429938299,0 -71.54018369997296,-16.33779595276705,0 -71.54149847532139,-16.33732380567225,0 -71.54217224446839,-16.33829216152863,0 
							</coordinates>
						</LinearRing>
					</outerBoundaryIs>
				</Polygon>
			</Placemark>
			<Placemark>
				<name>1.3.56-1</name>
				<styleUrl>#msn_ylw-pushpin028</styleUrl>
				<Polygon>
					<tessellate>1</tessellate>
					<outerBoundaryIs>
						<LinearRing>
							<coordinates>
								-71.5385649198528,-16.33371751199249,0 -71.53861184491458,-16.33369638058068,0 -71.53869601488222,-16.33388426509553,0 -71.53851956618847,-16.3339357286339,0 -71.5383369388575,-16.33378273684418,0 -71.5385649198528,-16.33371751199249,0 
							</coordinates>
						</LinearRing>
					</outerBoundaryIs>
				</Polygon>
			</Placemark>
			<Placemark>
				<name>1.3.56-2</name>
				<styleUrl>#msn_ylw-pushpin028</styleUrl>
				<Polygon>
					<tessellate>1</tessellate>
					<outerBoundaryIs>
						<LinearRing>
							<coordinates>
								-71.53812130833997,-16.33262870371111,0 -71.53860171243406,-16.33367030625995,0 -71.5384430268869,-16.33372394305155,0 -71.53831011688369,-16.33363568154318,0 -71.53823005582689,-16.33354745017775,0 -71.53816447048571,-16.33345374867363,0 -71.53806002622707,-16.33331185075771,0 -71.53790784064167,-16.33299354806101,0 -71.53780748549842,-16.33276479604577,0 -71.53812130833997,-16.33262870371111,0 
							</coordinates>
						</LinearRing>
					</outerBoundaryIs>
				</Polygon>
			</Placemark>
			<Placemark>
				<name>1.3.56-3</name>
				<styleUrl>#msn_ylw-pushpin028</styleUrl>
				<Polygon>
					<tessellate>1</tessellate>
					<outerBoundaryIs>
						<LinearRing>
							<coordinates>
								-71.53773601424156,-16.33273212247858,0 -71.53801347611446,-16.33330637314237,0 -71.53793772772322,-16.33334054817665,0 -71.53773953361076,-16.33318360940165,0 -71.53765765777827,-16.33310412424804,0 -71.53753096553899,-16.33282309560948,0 -71.53773601424156,-16.33273212247858,0 
							</coordinates>
						</LinearRing>
					</outerBoundaryIs>
				</Polygon>
			</Placemark>
			<Placemark>
				<name>1.3.57-1</name>
				<styleUrl>#msn_ylw-pushpin028</styleUrl>
				<Polygon>
					<tessellate>1</tessellate>
					<outerBoundaryIs>
						<LinearRing>
							<coordinates>
								-71.54183257423627,-16.33670809376258,0 -71.54201084312292,-16.3370405497947,0 -71.541478684856,-16.33724970119636,0 -71.54103638591367,-16.33739546604232,0 -71.54051066065044,-16.33758144668067,0 -71.54013276998067,-16.33772489033827,0 -71.54005972306082,-16.33732217063197,0 -71.54183257423627,-16.33670809376258,0 
							</coordinates>
						</LinearRing>
					</outerBoundaryIs>
				</Polygon>
			</Placemark>
			<Placemark>
				<name>1.3.57-2</name>
				<styleUrl>#msn_ylw-pushpin028</styleUrl>
				<Polygon>
					<tessellate>1</tessellate>
					<outerBoundaryIs>
						<LinearRing>
							<coordinates>
								-71.54163496178781,-16.33629739372221,0 -71.541783238162,-16.33664156580268,0 -71.5411239385991,-16.3368777383494,0 -71.54006616646265,-16.33724350302312,0 -71.53998281056653,-16.33687344552415,0 -71.54163496178781,-16.33629739372221,0 
							</coordinates>
						</LinearRing>
					</outerBoundaryIs>
				</Polygon>
			</Placemark>
			<Placemark>
				<name>1.3.57-3</name>
				<styleUrl>#msn_ylw-pushpin028</styleUrl>
				<Polygon>
					<tessellate>1</tessellate>
					<outerBoundaryIs>
						<LinearRing>
							<coordinates>
								-71.54140029817717,-16.33591827779694,0 -71.54158108616345,-16.33623588589553,0 -71.54112605309798,-16.33640469237454,0 -71.54060032243021,-16.3365815539029,0 -71.53996176330899,-16.33681947349298,0 -71.53989948478919,-16.33642989427465,0 -71.5404406100316,-16.33623672353162,0 -71.54088595865511,-16.33608318677932,0 -71.54140029817717,-16.33591827779694,0 
							</coordinates>
						</LinearRing>
					</outerBoundaryIs>
				</Polygon>
			</Placemark>
			<Placemark>
				<name>1.3.57-4</name>
				<styleUrl>#msn_ylw-pushpin028</styleUrl>
				<Polygon>
					<tessellate>1</tessellate>
					<outerBoundaryIs>
						<LinearRing>
							<coordinates>
								-71.54077871200376,-16.33564089025268,0 -71.54084451116459,-16.33581575225697,0 -71.5408897303849,-16.33601684290604,0 -71.54029732991805,-16.33621187425896,0 -71.53987584554129,-16.33636019116604,0 -71.53981704741037,-16.33615830395014,0 -71.53977607462825,-16.33599541975097,0 -71.54077871200376,-16.33564089025268,0 
							</coordinates>
						</LinearRing>
					</outerBoundaryIs>
				</Polygon>
			</Placemark>
			<Placemark>
				<name>1.3.57-5</name>
				<styleUrl>#msn_ylw-pushpin028</styleUrl>
				<Polygon>
					<tessellate>1</tessellate>
					<outerBoundaryIs>
						<LinearRing>
							<coordinates>
								-71.54052166013501,-16.33526178211448,0 -71.5406158562954,-16.33542551275155,0 -71.54066919950833,-16.33561878905313,0 -71.54026552116139,-16.3357487714077,0 -71.53974689863749,-16.33593923237468,0 -71.53969847656305,-16.33574840713606,0 -71.53961761746203,-16.33556375480669,0 -71.54052166013501,-16.33526178211448,0 
							</coordinates>
						</LinearRing>
					</outerBoundaryIs>
				</Polygon>
			</Placemark>
			<Placemark>
				<name>1.3.57-6</name>
				<styleUrl>#msn_ylw-pushpin028</styleUrl>
				<Polygon>
					<tessellate>1</tessellate>
					<outerBoundaryIs>
						<LinearRing>
							<coordinates>
								-71.54042089479722,-16.33520755413009,0 -71.5395960708973,-16.33550899529175,0 -71.53943035035627,-16.33511902770089,0 -71.53985430929328,-16.33488340605941,0 -71.53937592248487,-16.33392949253834,0 -71.53976834125852,-16.33375167174789,0 -71.54042089479722,-16.33520755413009,0 
							</coordinates>
						</LinearRing>
					</outerBoundaryIs>
				</Polygon>
			</Placemark>
			<Placemark>
				<name>1.3.57-7</name>
				<styleUrl>#msn_ylw-pushpin028</styleUrl>
				<Polygon>
					<tessellate>1</tessellate>
					<outerBoundaryIs>
						<LinearRing>
							<coordinates>
								-71.53933568615332,-16.33393173422119,0 -71.53956833092327,-16.33442328604691,0 -71.53978003811352,-16.334873111123,0 -71.53938494538809,-16.33504420559014,0 -71.5391407932474,-16.33452219867935,0 -71.53893898555232,-16.33411036138436,0 -71.53933568615332,-16.33393173422119,0 
							</coordinates>
						</LinearRing>
					</outerBoundaryIs>
				</Polygon>
			</Placemark>
			<Placemark>
				<name>1.3.57-8</name>
				<styleUrl>#msn_ylw-pushpin028</styleUrl>
				<Polygon>
					<tessellate>1</tessellate>
					<outerBoundaryIs>
						<LinearRing>
							<coordinates>
								-71.53955127547501,-16.33337490912576,0 -71.5396937254722,-16.33371698674151,0 -71.53928382863879,-16.33387977546079,0 -71.53894862650102,-16.33405009318224,0 -71.53878087013879,-16.3337087237941,0 -71.53955127547501,-16.33337490912576,0 
							</coordinates>
						</LinearRing>
					</outerBoundaryIs>
				</Polygon>
			</Placemark>
			<Placemark>
				<name>1.3.57-9</name>
				<styleUrl>#msn_ylw-pushpin028</styleUrl>
				<Polygon>
					<tessellate>1</tessellate>
					<outerBoundaryIs>
						<LinearRing>
							<coordinates>
								-71.5392234397829,-16.33300481635808,0 -71.53939703288466,-16.33334501181272,0 -71.53889910825862,-16.33356391755865,0 -71.53873601302155,-16.33363691753252,0 -71.53856981765368,-16.33328377518553,0 -71.5392234397829,-16.33300481635808,0 
							</coordinates>
						</LinearRing>
					</outerBoundaryIs>
				</Polygon>
			</Placemark>
			<Placemark>
				<name>1.3.57-10</name>
				<styleUrl>#msn_ylw-pushpin028</styleUrl>
				<Polygon>
					<tessellate>1</tessellate>
					<outerBoundaryIs>
						<LinearRing>
							<coordinates>
								-71.53852876853374,-16.33321514649857,0 -71.53843246439311,-16.33298674224083,0 -71.53821667200309,-16.33250193607292,0 -71.53804012847907,-16.33213208962014,0 -71.53824266638283,-16.33203842700196,0 -71.53849090283983,-16.33263162330034,0 -71.5386829715102,-16.33255847305658,0 -71.53890604040448,-16.33306729800102,0 -71.53852876853374,-16.33321514649857,0 
							</coordinates>
						</LinearRing>
					</outerBoundaryIs>
				</Polygon>
			</Placemark>
			<Placemark>
				<name>1.3.57-11</name>
				<styleUrl>#msn_ylw-pushpin028</styleUrl>
				<Polygon>
					<tessellate>1</tessellate>
					<outerBoundaryIs>
						<LinearRing>
							<coordinates>
								-71.53956282014681,-16.3313319464199,0 -71.53971535071439,-16.33170552990238,0 -71.53924132399919,-16.33193890788279,0 -71.53874259612556,-16.3321725598214,0 -71.53862299895975,-16.33178926859074,0 -71.53956282014681,-16.3313319464199,0 
							</coordinates>
						</LinearRing>
					</outerBoundaryIs>
				</Polygon>
			</Placemark>
			<Placemark>
				<name>1.3.57-12</name>
				<styleUrl>#msn_ylw-pushpin028</styleUrl>
				<Polygon>
					<tessellate>1</tessellate>
					<outerBoundaryIs>
						<LinearRing>
							<coordinates>
								-71.54094442708195,-16.33112397256305,0 -71.54081084916606,-16.33115268429705,0 -71.54025075580006,-16.33144821225493,0 -71.53977795944364,-16.33168198777408,0 -71.53964379107813,-16.33132681003424,0 -71.53996826883615,-16.33115869519851,0 -71.54046158188221,-16.33092560986556,0 -71.54094442708195,-16.33112397256305,0 
							</coordinates>
						</LinearRing>
					</outerBoundaryIs>
				</Polygon>
			</Placemark>
			<Placemark>
				<name>1.3.57-13</name>
				<styleUrl>#msn_ylw-pushpin028</styleUrl>
				<Polygon>
					<tessellate>1</tessellate>
					<outerBoundaryIs>
						<LinearRing>
							<coordinates>
								-71.53998565971516,-16.33210505160585,0 -71.53981090853952,-16.33173659085025,0 -71.54067136381809,-16.33130218575961,0 -71.54104979399501,-16.33113365739786,0 -71.54144239505459,-16.33134213086295,0 -71.53998565971516,-16.33210505160585,0 
							</coordinates>
						</LinearRing>
					</outerBoundaryIs>
				</Polygon>
			</Placemark>
			<Placemark>
				<name>1.3.57-14</name>
				<styleUrl>#msn_ylw-pushpin028</styleUrl>
				<Polygon>
					<tessellate>1</tessellate>
					<outerBoundaryIs>
						<LinearRing>
							<coordinates>
								-71.53974500335626,-16.33177023552785,0 -71.53982701177213,-16.33194638372838,0 -71.53992797133243,-16.33213164961493,0 -71.53967096382185,-16.3322383543092,0 -71.53936336389388,-16.33236564399003,0 -71.53914574599347,-16.33245715220267,0 -71.53890485889728,-16.3325344816359,0 -71.53877479168152,-16.33224903124346,0 -71.53974500335626,-16.33177023552785,0 
							</coordinates>
						</LinearRing>
					</outerBoundaryIs>
				</Polygon>
			</Placemark>
			<Placemark>
				<name>1.3.57-15</name>
				<styleUrl>#msn_ylw-pushpin028</styleUrl>
				<Polygon>
					<tessellate>1</tessellate>
					<outerBoundaryIs>
						<LinearRing>
							<coordinates>
								-71.53994232371146,-16.33217392086892,0 -71.54013211725477,-16.33252543621495,0 -71.53969077363816,-16.3327182588582,0 -71.53927965502899,-16.33289341749611,0 -71.53895393169198,-16.33303924860132,0 -71.5388167331362,-16.3326199049619,0 -71.53903643291115,-16.33254398729016,0 -71.53922560075942,-16.33249128035074,0 -71.53994232371146,-16.33217392086892,0 
							</coordinates>
						</LinearRing>
					</outerBoundaryIs>
				</Polygon>
			</Placemark>
			<Placemark>
				<name>1.3.57-16</name>
				<styleUrl>#msn_ylw-pushpin028</styleUrl>
				<Polygon>
					<tessellate>1</tessellate>
					<outerBoundaryIs>
						<LinearRing>
							<coordinates>
								-71.54019166303178,-16.33250449374888,0 -71.54010449480573,-16.332334841005,0 -71.54000809880685,-16.33215193458364,0 -71.54034964222903,-16.33197807565041,0 -71.54069972741517,-16.33180327164351,0 -71.54107874586128,-16.33160398417619,0 -71.54159996787224,-16.33134718573513,0 -71.54168075278888,-16.33143675248031,0 -71.54172917321318,-16.33142388973392,0 -71.54183782511028,-16.33165776311844,0 -71.54019166303178,-16.33250449374888,0 
							</coordinates>
						</LinearRing>
					</outerBoundaryIs>
				</Polygon>
			</Placemark>
			<Placemark>
				<name>1.3.57-17</name>
				<styleUrl>#msn_ylw-pushpin028</styleUrl>
				<Polygon>
					<tessellate>1</tessellate>
					<outerBoundaryIs>
						<LinearRing>
							<coordinates>
								-71.54045472181852,-16.3328851623593,0 -71.54035386815217,-16.33272438475365,0 -71.54025023901112,-16.3325344523866,0 -71.54046579724177,-16.3324185585952,0 -71.54083746280489,-16.33223382972649,0 -71.54133577220998,-16.33199648249499,0 -71.54188205626097,-16.33172954922818,0 -71.54208692125903,-16.33206655330603,0 -71.54045472181852,-16.3328851623593,0 
							</coordinates>
						</LinearRing>
					</outerBoundaryIs>
				</Polygon>
			</Placemark>
			<Placemark>
				<name>1.3.57-18</name>
				<styleUrl>#msn_ylw-pushpin028</styleUrl>
				<Polygon>
					<tessellate>1</tessellate>
					<outerBoundaryIs>
						<LinearRing>
							<coordinates>
								-71.54015494112515,-16.33301026315553,0 -71.5399317650874,-16.33313784383951,0 -71.53982576544081,-16.33296035188217,0 -71.53973212507162,-16.33278103692413,0 -71.5399091773691,-16.33270186791266,0 -71.54018897324438,-16.33257333990323,0 -71.54027103350298,-16.3327006138667,0 -71.54039981326518,-16.33288434448164,0 -71.54015494112515,-16.33301026315553,0 
							</coordinates>
						</LinearRing>
					</outerBoundaryIs>
				</Polygon>
			</Placemark>
			<Placemark>
				<name>1.3.57-19</name>
				<styleUrl>#msn_ylw-pushpin028</styleUrl>
				<Polygon>
					<tessellate>1</tessellate>
					<outerBoundaryIs>
						<LinearRing>
							<coordinates>
								-71.54042322557564,-16.33294559113249,0 -71.54067086124275,-16.33324095749329,0 -71.54019669421533,-16.33352032549911,0 -71.5399837055628,-16.33318588325372,0 -71.54042322557564,-16.33294559113249,0 
							</coordinates>
						</LinearRing>
					</outerBoundaryIs>
				</Polygon>
			</Placemark>
			<Placemark>
				<name>1.3.57-20</name>
				<styleUrl>#msn_ylw-pushpin028</styleUrl>
				<Polygon>
					<tessellate>1</tessellate>
					<outerBoundaryIs>
						<LinearRing>
							<coordinates>
								-71.5423547374681,-16.33243740997459,0 -71.54155653834785,-16.33283733231708,0 -71.54074454512623,-16.33323074395877,0 -71.54047302995278,-16.33291330547789,0 -71.54213177164418,-16.33208970772333,0 -71.5423547374681,-16.33243740997459,0 
							</coordinates>
						</LinearRing>
					</outerBoundaryIs>
				</Polygon>
			</Placemark>
			<Placemark>
				<name>1.3.57-21</name>
				<styleUrl>#msn_ylw-pushpin028</styleUrl>
				<Polygon>
					<tessellate>1</tessellate>
					<outerBoundaryIs>
						<LinearRing>
							<coordinates>
								-71.54243971264111,-16.33247536466505,0 -71.54258485909871,-16.33282268460821,0 -71.54206683865841,-16.3330740020223,0 -71.54159128010937,-16.33330247153211,0 -71.54104871690356,-16.33358664125902,0 -71.54079368524047,-16.33327055331192,0 -71.54180208207174,-16.33276865775548,0 -71.54243971264111,-16.33247536466505,0 
							</coordinates>
						</LinearRing>
					</outerBoundaryIs>
				</Polygon>
			</Placemark>
			<Placemark>
				<name>1.3.57-22</name>
				<styleUrl>#msn_ylw-pushpin028</styleUrl>
				<Polygon>
					<tessellate>1</tessellate>
					<outerBoundaryIs>
						<LinearRing>
							<coordinates>
								-71.54074722284064,-16.33328592340158,0 -71.54100441908297,-16.33359905152214,0 -71.54062227480411,-16.33377955790802,0 -71.54044277945977,-16.33387344310105,0 -71.5402092283249,-16.33355702581225,0 -71.54074722284064,-16.33328592340158,0 
							</coordinates>
						</LinearRing>
					</outerBoundaryIs>
				</Polygon>
			</Placemark>
			<Placemark>
				<name>1.3.57-23</name>
				<styleUrl>#msn_ylw-pushpin028</styleUrl>
				<Polygon>
					<tessellate>1</tessellate>
					<outerBoundaryIs>
						<LinearRing>
							<coordinates>
								-71.5413092892353,-16.33403783064397,0 -71.5415297645458,-16.33433438091255,0 -71.54104207469138,-16.33463622459158,0 -71.54057232837062,-16.33482663531043,0 -71.54049742058601,-16.33466465146011,0 -71.54041756366742,-16.33451782322357,0 -71.5413092892353,-16.33403783064397,0 
							</coordinates>
						</LinearRing>
					</outerBoundaryIs>
				</Polygon>
			</Placemark>
			<Placemark>
				<name>1.3.57-24</name>
				<styleUrl>#msn_ylw-pushpin028</styleUrl>
				<Polygon>
					<tessellate>1</tessellate>
					<outerBoundaryIs>
						<LinearRing>
							<coordinates>
								-71.54130661500915,-16.33394967320872,0 -71.54108004459758,-16.33364020083961,0 -71.54168961957772,-16.33332541632754,0 -71.54210282305384,-16.33313657029646,0 -71.54221564023993,-16.33307059746693,0 -71.54224847876854,-16.3330786801939,0 -71.5422587362775,-16.33310245880424,0 -71.54224959798536,-16.33314186635078,0 -71.54205581127414,-16.3333767485868,0 -71.54193090896851,-16.33363947872518,0 -71.54130661500915,-16.33394967320872,0 
							</coordinates>
						</LinearRing>
					</outerBoundaryIs>
				</Polygon>
			</Placemark>
			<Placemark>
				<name>1.3.57-25</name>
				<styleUrl>#msn_ylw-pushpin028</styleUrl>
				<Polygon>
					<tessellate>1</tessellate>
					<outerBoundaryIs>
						<LinearRing>
							<coordinates>
								-71.54198426321055,-16.3336882417641,0 -71.54210671661022,-16.33385460105536,0 -71.54224708305216,-16.33400067595786,0 -71.54191282631493,-16.33416479157746,0 -71.54161020006056,-16.33431987841888,0 -71.54136272775499,-16.33399874939678,0 -71.54167916922925,-16.33383911406396,0 -71.54198426321055,-16.3336882417641,0 
							</coordinates>
						</LinearRing>
					</outerBoundaryIs>
				</Polygon>
			</Placemark>
			<Placemark>
				<name>1.3.57-26</name>
				<styleUrl>#msn_ylw-pushpin028</styleUrl>
				<Polygon>
					<tessellate>1</tessellate>
					<outerBoundaryIs>
						<LinearRing>
							<coordinates>
								-71.54192634286736,-16.33468045044239,0 -71.5417961544192,-16.3345468356498,0 -71.54165372083459,-16.33437292752089,0 -71.54200331708245,-16.3341824917518,0 -71.54228864654762,-16.33405054785173,0 -71.54236898986798,-16.33412053746794,0 -71.54254053781992,-16.33423286987998,0 -71.54260608052765,-16.33431309645705,0 -71.54192634286736,-16.33468045044239,0 
							</coordinates>
						</LinearRing>
					</outerBoundaryIs>
				</Polygon>
			</Placemark>
			<Placemark>
				<name>1.3.57-27</name>
				<styleUrl>#msn_ylw-pushpin028</styleUrl>
				<Polygon>
					<tessellate>1</tessellate>
					<outerBoundaryIs>
						<LinearRing>
							<coordinates>
								-71.54157364298962,-16.33439749165824,0 -71.54182668693937,-16.33471942309593,0 -71.54129489595788,-16.33501307217881,0 -71.54102180374359,-16.33469282286018,0 -71.54157364298962,-16.33439749165824,0 
							</coordinates>
						</LinearRing>
					</outerBoundaryIs>
				</Polygon>
			</Placemark>
			<Placemark>
				<name>1.3.57-28</name>
				<styleUrl>#msn_ylw-pushpin028</styleUrl>
				<Polygon>
					<tessellate>1</tessellate>
					<outerBoundaryIs>
						<LinearRing>
							<coordinates>
								-71.54189195047219,-16.33475396062279,0 -71.54213614592857,-16.33505345909046,0 -71.54182314693774,-16.33522634094905,0 -71.54157246670455,-16.33532671801887,0 -71.54134550226537,-16.33504291598194,0 -71.54189195047219,-16.33475396062279,0 
							</coordinates>
						</LinearRing>
					</outerBoundaryIs>
				</Polygon>
			</Placemark>
			<Placemark>
				<name>1.3.57-29</name>
				<styleUrl>#msn_ylw-pushpin028</styleUrl>
				<Polygon>
					<tessellate>1</tessellate>
					<outerBoundaryIs>
						<LinearRing>
							<coordinates>
								-71.5426456565892,-16.33436933183759,0 -71.54301701350896,-16.33465292354486,0 -71.54258278676156,-16.33484912814729,0 -71.54220703566243,-16.33503942305839,0 -71.54197798316046,-16.33472975861895,0 -71.5426456565892,-16.33436933183759,0 
							</coordinates>
						</LinearRing>
					</outerBoundaryIs>
				</Polygon>
			</Placemark>
			<Placemark>
				<name>1.3.57-30</name>
				<styleUrl>#msn_ylw-pushpin028</styleUrl>
				<Polygon>
					<tessellate>1</tessellate>
					<outerBoundaryIs>
						<LinearRing>
							<coordinates>
								-71.54307394330937,-16.33469275047699,0 -71.5431898744756,-16.33483401421405,0 -71.54327655495658,-16.33500674018731,0 -71.54294885244241,-16.33517031714734,0 -71.54261753832024,-16.33532402626324,0 -71.54244198337987,-16.33541676879342,0 -71.54225089780715,-16.33508508106157,0 -71.54307394330937,-16.33469275047699,0 
							</coordinates>
						</LinearRing>
					</outerBoundaryIs>
				</Polygon>
			</Placemark>
			<Placemark>
				<name>1.3.57-31</name>
				<styleUrl>#msn_ylw-pushpin028</styleUrl>
				<Polygon>
					<tessellate>1</tessellate>
					<outerBoundaryIs>
						<LinearRing>
							<coordinates>
								-71.54216994333555,-16.33511698267239,0 -71.54237089059268,-16.33544791074565,0 -71.54210770905109,-16.33558911286039,0 -71.54191146500503,-16.33567055875253,0 -71.54168757729434,-16.33579916156292,0 -71.54149203331326,-16.3354571596066,0 -71.54170672173088,-16.33533215288556,0 -71.54216994333555,-16.33511698267239,0 
							</coordinates>
						</LinearRing>
					</outerBoundaryIs>
				</Polygon>
			</Placemark>
			<Placemark>
				<name>1.3.57-32</name>
				<styleUrl>#msn_ylw-pushpin028</styleUrl>
				<Polygon>
					<tessellate>1</tessellate>
					<outerBoundaryIs>
						<LinearRing>
							<coordinates>
								-71.54241898759267,-16.33552470589662,0 -71.54258565149185,-16.3358664721814,0 -71.54230182216762,-16.33599857489309,0 -71.54205295874407,-16.33611517507505,0 -71.54170074452368,-16.33628273466429,0 -71.54151633989227,-16.33596083007589,0 -71.54197614942821,-16.33572640169282,0 -71.54241898759267,-16.33552470589662,0 
							</coordinates>
						</LinearRing>
					</outerBoundaryIs>
				</Polygon>
			</Placemark>
			<Placemark>
				<name>1.3.57-33</name>
				<styleUrl>#msn_ylw-pushpin028</styleUrl>
				<Polygon>
					<tessellate>1</tessellate>
					<outerBoundaryIs>
						<LinearRing>
							<coordinates>
								-71.54330240831527,-16.33506710071544,0 -71.5433966287179,-16.33525812166703,0 -71.54346450652611,-16.33543966127416,0 -71.54314266302654,-16.33559518019396,0 -71.54290083179899,-16.33571067372632,0 -71.54265302059014,-16.33583338675169,0 -71.542473892663,-16.33549638690171,0 -71.54288731512389,-16.33526669281002,0 -71.54330240831527,-16.33506710071544,0 
							</coordinates>
						</LinearRing>
					</outerBoundaryIs>
				</Polygon>
			</Placemark>
			<Placemark>
				<name>1.3.57-34</name>
				<styleUrl>#msn_ylw-pushpin028</styleUrl>
				<Polygon>
					<tessellate>1</tessellate>
					<outerBoundaryIs>
						<LinearRing>
							<coordinates>
								-71.54350210746284,-16.33549989662705,0 -71.54366762904149,-16.3358471269787,0 -71.54337528194829,-16.33597980094632,0 -71.54308645085777,-16.33610891148058,0 -71.5428507436967,-16.33622872489013,0 -71.54267684658015,-16.33589112235409,0 -71.54350210746284,-16.33549989662705,0 
							</coordinates>
						</LinearRing>
					</outerBoundaryIs>
				</Polygon>
			</Placemark>
			<Placemark>
				<name>1.3.57-35</name>
				<styleUrl>#msn_ylw-pushpin028</styleUrl>
				<Polygon>
					<tessellate>1</tessellate>
					<outerBoundaryIs>
						<LinearRing>
							<coordinates>
								-71.54261264172574,-16.33592832140669,0 -71.5427935255034,-16.33626855297784,0 -71.54245840133177,-16.33641572392483,0 -71.54234653100548,-16.33648870501826,0 -71.54216918839316,-16.33656347866789,0 -71.54191116657832,-16.33669397105993,0 -71.54173961652766,-16.33633821701558,0 -71.54198781762788,-16.3362194625936,0 -71.54231382980235,-16.33606014765982,0 -71.54261264172574,-16.33592832140669,0 
							</coordinates>
						</LinearRing>
					</outerBoundaryIs>
				</Polygon>
			</Placemark>
			<Placemark>
				<name>1.3.57-36</name>
				<styleUrl>#msn_ylw-pushpin028</styleUrl>
				<Polygon>
					<tessellate>1</tessellate>
					<outerBoundaryIs>
						<LinearRing>
							<coordinates>
								-71.54282599073612,-16.33634058937132,0 -71.54299254919195,-16.33667481308778,0 -71.54260704320211,-16.33686579725152,0 -71.54229849831981,-16.3370233356307,0 -71.54221602579025,-16.33706159300817,0 -71.54212629693163,-16.33705704676415,0 -71.54193597488323,-16.33674141627413,0 -71.54240011393229,-16.33653227024859,0 -71.54282599073612,-16.33634058937132,0 
							</coordinates>
						</LinearRing>
					</outerBoundaryIs>
				</Polygon>
			</Placemark>
			<Placemark>
				<name>1.3.57-37</name>
				<styleUrl>#msn_ylw-pushpin028</styleUrl>
				<Polygon>
					<tessellate>1</tessellate>
					<outerBoundaryIs>
						<LinearRing>
							<coordinates>
								-71.54369620524331,-16.33591181455251,0 -71.54386178878467,-16.33623140425191,0 -71.54367254552434,-16.33632821410226,0 -71.543365891497,-16.33649054985115,0 -71.54306793978016,-16.33664579130645,0 -71.54289123499782,-16.33629991739175,0 -71.54329520594079,-16.33609162430137,0 -71.54369620524331,-16.33591181455251,0 
							</coordinates>
						</LinearRing>
					</outerBoundaryIs>
				</Polygon>
			</Placemark>
			<Placemark>
				<name>1.3.57-38</name>
				<styleUrl>#msn_ylw-pushpin028</styleUrl>
				<Polygon>
					<tessellate>1</tessellate>
					<outerBoundaryIs>
						<LinearRing>
							<coordinates>
								-71.54398953237558,-16.33653165008855,0 -71.54405125247703,-16.33666694609778,0 -71.54398789400472,-16.33669672137359,0 -71.54362527197604,-16.33686747024867,0 -71.54327112062597,-16.33704311033334,0 -71.54310266398612,-16.33669678294802,0 -71.54346398547808,-16.33651023372359,0 -71.54387607707278,-16.33630794404019,0 -71.54398953237558,-16.33653165008855,0 
							</coordinates>
						</LinearRing>
					</outerBoundaryIs>
				</Polygon>
			</Placemark>
			<Placemark>
				<name>1.3.57-39</name>
				<styleUrl>#msn_ylw-pushpin028</styleUrl>
				<Polygon>
					<tessellate>1</tessellate>
					<outerBoundaryIs>
						<LinearRing>
							<coordinates>
								-71.54313812958863,-16.33688952852802,0 -71.54319846623883,-16.3370763938794,0 -71.5429329194683,-16.33722580395076,0 -71.54252916626221,-16.33740941796766,0 -71.54247621536911,-16.3373502633304,0 -71.5424473351986,-16.33730556028687,0 -71.54239914073031,-16.33722466637359,0 -71.54228427944393,-16.33709871257217,0 -71.54247967517922,-16.3369987291532,0 -71.54276396537492,-16.33686171675508,0 -71.5430305651746,-16.33672451780146,0 -71.54313812958863,-16.33688952852802,0 
							</coordinates>
						</LinearRing>
					</outerBoundaryIs>
				</Polygon>
			</Placemark>
			<Placemark>
				<name>1.3.57-40</name>
				<styleUrl>#msn_ylw-pushpin028</styleUrl>
				<Polygon>
					<tessellate>1</tessellate>
					<outerBoundaryIs>
						<LinearRing>
							<coordinates>
								-71.54318809072883,-16.3371671579722,0 -71.54330474296646,-16.33752852430233,0 -71.54313047409411,-16.33761687528041,0 -71.54280589817614,-16.33777176966933,0 -71.54271767587939,-16.33762812817714,0 -71.54263167075355,-16.33755708033385,0 -71.54258476959247,-16.33743804208622,0 -71.54297144471964,-16.33726002422461,0 -71.54318809072883,-16.3371671579722,0 
							</coordinates>
						</LinearRing>
					</outerBoundaryIs>
				</Polygon>
			</Placemark>
			<Placemark>
				<name>1.3.57-41</name>
				<styleUrl>#msn_ylw-pushpin028</styleUrl>
				<Polygon>
					<tessellate>1</tessellate>
					<outerBoundaryIs>
						<LinearRing>
							<coordinates>
								-71.54421959029708,-16.33708712702052,0 -71.54361868910368,-16.33737232149461,0 -71.54334796010534,-16.33751864759794,0 -71.5432908107109,-16.33725872659422,0 -71.54327165500651,-16.33710363034794,0 -71.54374018618461,-16.33688613951922,0 -71.54407618464148,-16.33672794365745,0 -71.54421959029708,-16.33708712702052,0 
							</coordinates>
						</LinearRing>
					</outerBoundaryIs>
				</Polygon>
			</Placemark>
			<Placemark>
				<name>1.3.57-42</name>
				<styleUrl>#msn_ylw-pushpin028</styleUrl>
				<Polygon>
					<tessellate>1</tessellate>
					<outerBoundaryIs>
						<LinearRing>
							<coordinates>
								-71.54438515066288,-16.3373810019207,0 -71.54441880726733,-16.33749793512329,0 -71.54417232285616,-16.33761761534633,0 -71.54398430330183,-16.33770754452287,0 -71.54384706642915,-16.3377761029342,0 -71.54352790269475,-16.33792927354841,0 -71.54346399346032,-16.33780505766232,0 -71.54342640983907,-16.33770888203905,0 -71.54339646587562,-16.33755259119755,0 -71.54360271553765,-16.33745564263399,0 -71.54389640423889,-16.33731709807309,0 -71.54426098617699,-16.33714668307477,0 -71.54438515066288,-16.3373810019207,0 
							</coordinates>
						</LinearRing>
					</outerBoundaryIs>
				</Polygon>
			</Placemark>
			<Placemark>
				<name>1.3.57-43</name>
				<styleUrl>#msn_ylw-pushpin028</styleUrl>
				<Polygon>
					<tessellate>1</tessellate>
					<outerBoundaryIs>
						<LinearRing>
							<coordinates>
								-71.54330684081455,-16.33760540104985,0 -71.54335724781373,-16.3377840488992,0 -71.54342062172117,-16.33800256895785,0 -71.54321934949722,-16.33807414136599,0 -71.54315948156017,-16.33811972105596,0 -71.5430051687228,-16.33795993931545,0 -71.54292198646654,-16.33790653226432,0 -71.54288682647139,-16.33779249113363,0 -71.54309910967086,-16.33769439944477,0 -71.54330684081455,-16.33760540104985,0 
							</coordinates>
						</LinearRing>
					</outerBoundaryIs>
				</Polygon>
			</Placemark>
			<Placemark>
				<name>1.3.57-44</name>
				<styleUrl>#msn_ylw-pushpin028</styleUrl>
				<Polygon>
					<tessellate>1</tessellate>
					<outerBoundaryIs>
						<LinearRing>
							<coordinates>
								-71.54445624448844,-16.33756081850097,0 -71.54455038905009,-16.3378156142415,0 -71.5441546475836,-16.33795804383471,0 -71.54387446649039,-16.33802965168349,0 -71.54371203028653,-16.33807508032364,0 -71.54376607787211,-16.33823853910094,0 -71.54364577695628,-16.33827972820101,0 -71.54355053003044,-16.33830307459369,0 -71.54350019748868,-16.33812163868065,0 -71.54356156021241,-16.33809207226226,0 -71.54353493538486,-16.3380017548353,0 -71.54445624448844,-16.33756081850097,0 
							</coordinates>
						</LinearRing>
					</outerBoundaryIs>
				</Polygon>
			</Placemark>
			<Placemark>
				<name>1.3.57-45</name>
				<styleUrl>#msn_ylw-pushpin028</styleUrl>
				<Polygon>
					<tessellate>1</tessellate>
					<outerBoundaryIs>
						<LinearRing>
							<coordinates>
								-71.54100366037805,-16.33365822207437,0 -71.54123976432096,-16.3339779007323,0 -71.54075646906158,-16.33424758391621,0 -71.54039078756593,-16.33438107504106,0 -71.54024607950826,-16.33406074649631,0 -71.54100366037805,-16.33365822207437,0 
							</coordinates>
						</LinearRing>
					</outerBoundaryIs>
				</Polygon>
			</Placemark>
		</Folder>
		<Folder>
			<name>D</name>
			<Placemark>
				<name>1.3.39-46</name>
				<styleUrl>#msn_ylw-pushpin0340</styleUrl>
				<Polygon>
					<tessellate>1</tessellate>
					<outerBoundaryIs>
						<LinearRing>
							<coordinates>
								-71.54575944827809,-16.35575215286164,0 -71.54582293009771,-16.35611356774056,0 -71.5454801813917,-16.35614248931513,0 -71.54544308147966,-16.35576715576532,0 -71.54575944827809,-16.35575215286164,0 
							</coordinates>
						</LinearRing>
					</outerBoundaryIs>
				</Polygon>
			</Placemark>
			<Placemark>
				<name>1.3.39-47</name>
				<styleUrl>#msn_ylw-pushpin0340</styleUrl>
				<Polygon>
					<tessellate>1</tessellate>
					<outerBoundaryIs>
						<LinearRing>
							<coordinates>
								-71.5453927524198,-16.35601713012151,0 -71.54488841361071,-16.35601585436378,0 -71.54487819570853,-16.35556532757249,0 -71.54534079974152,-16.35555373779081,0 -71.5453927524198,-16.35601713012151,0 
							</coordinates>
						</LinearRing>
					</outerBoundaryIs>
				</Polygon>
			</Placemark>
			<Placemark>
				<name>1.3.39-87</name>
				<styleUrl>#msn_ylw-pushpin0340</styleUrl>
				<Polygon>
					<tessellate>1</tessellate>
					<outerBoundaryIs>
						<LinearRing>
							<coordinates>
								-71.54869039532451,-16.35993107439797,0 -71.54867496662115,-16.3601620448125,0 -71.54837987759896,-16.36007688417816,0 -71.54835959523955,-16.35956456252031,0 -71.54860989739815,-16.35955353008875,0 -71.54869039532451,-16.35993107439797,0 
							</coordinates>
						</LinearRing>
					</outerBoundaryIs>
				</Polygon>
			</Placemark>
			<Placemark>
				<name>1.3.39-88</name>
				<styleUrl>#msn_ylw-pushpin0340</styleUrl>
				<Polygon>
					<tessellate>1</tessellate>
					<outerBoundaryIs>
						<LinearRing>
							<coordinates>
								-71.54830012514674,-16.35955119102941,0 -71.54831259895833,-16.36000857752105,0 -71.54827191460552,-16.36018666871351,0 -71.54803503590783,-16.3606414681121,0 -71.54791418325124,-16.3606036136321,0 -71.5480391000501,-16.36008811488935,0 -71.54797707940358,-16.35956713161644,0 -71.54830012514674,-16.35955119102941,0 
							</coordinates>
						</LinearRing>
					</outerBoundaryIs>
				</Polygon>
			</Placemark>
			<Placemark>
				<name>1.3.39-89</name>
				<styleUrl>#msn_ylw-pushpin0340</styleUrl>
				<Polygon>
					<tessellate>1</tessellate>
					<outerBoundaryIs>
						<LinearRing>
							<coordinates>
								-71.54828728676178,-16.35878631303104,0 -71.54845024665227,-16.35879907215679,0 -71.54855397528651,-16.35894976166361,0 -71.54864896828676,-16.35919239712855,0 -71.54861854599827,-16.35947953099469,0 -71.54835080474832,-16.35950181039011,0 -71.54828728676178,-16.35878631303104,0 
							</coordinates>
						</LinearRing>
					</outerBoundaryIs>
				</Polygon>
			</Placemark>
			<Placemark>
				<name>1.3.39-90</name>
				<styleUrl>#msn_ylw-pushpin0340</styleUrl>
				<Polygon>
					<tessellate>1</tessellate>
					<outerBoundaryIs>
						<LinearRing>
							<coordinates>
								-71.54820184516888,-16.35876603311831,0 -71.54825358560352,-16.35907295328156,0 -71.54827514545508,-16.35947440788693,0 -71.54797300134834,-16.35948851713117,0 -71.5479498632419,-16.35923308037549,0 -71.54791593910696,-16.35880399599562,0 -71.54788226608535,-16.35836167126893,0 -71.54811418037085,-16.35834497084629,0 -71.54820184516888,-16.35876603311831,0 
							</coordinates>
						</LinearRing>
					</outerBoundaryIs>
				</Polygon>
			</Placemark>
			<Placemark>
				<name>1.3.39-91</name>
				<styleUrl>#msn_ylw-pushpin0340</styleUrl>
				<Polygon>
					<tessellate>1</tessellate>
					<outerBoundaryIs>
						<LinearRing>
							<coordinates>
								-71.54811803208069,-16.35829871918657,0 -71.54787262704234,-16.35831021376082,0 -71.54785060527861,-16.35791828478664,0 -71.54808433318728,-16.3578838316497,0 -71.54811803208069,-16.35829871918657,0 
							</coordinates>
						</LinearRing>
					</outerBoundaryIs>
				</Polygon>
			</Placemark>
			<Placemark>
				<name>1.3.39-92</name>
				<styleUrl>#msn_ylw-pushpin0340</styleUrl>
				<Polygon>
					<tessellate>1</tessellate>
					<outerBoundaryIs>
						<LinearRing>
							<coordinates>
								-71.54807748810923,-16.35782718715311,0 -71.54784492837966,-16.35785158166771,0 -71.54777821754872,-16.35731782545293,0 -71.54798094595557,-16.35728489652188,0 -71.54807748810923,-16.35782718715311,0 
							</coordinates>
						</LinearRing>
					</outerBoundaryIs>
				</Polygon>
			</Placemark>
			<Placemark>
				<name>1.3.39-93</name>
				<styleUrl>#msn_ylw-pushpin0340</styleUrl>
				<Polygon>
					<tessellate>1</tessellate>
					<outerBoundaryIs>
						<LinearRing>
							<coordinates>
								-71.54798144421719,-16.35723983883031,0 -71.54776635252991,-16.35726871645971,0 -71.54770730716734,-16.35675297198777,0 -71.54791363435488,-16.3567385265928,0 -71.54798144421719,-16.35723983883031,0 
							</coordinates>
						</LinearRing>
					</outerBoundaryIs>
				</Polygon>
			</Placemark>
			<Placemark>
				<name>1.3.39-94</name>
				<styleUrl>#msn_ylw-pushpin0340</styleUrl>
				<Polygon>
					<tessellate>1</tessellate>
					<outerBoundaryIs>
						<LinearRing>
							<coordinates>
								-71.54772108080687,-16.35672416960681,0 -71.54754257885355,-16.35617730250854,0 -71.54752670627862,-16.35603431954123,0 -71.54777598922544,-16.35603381957199,0 -71.54775593371623,-16.35624840559044,0 -71.54791084387389,-16.35671455276686,0 -71.54772108080687,-16.35672416960681,0 
							</coordinates>
						</LinearRing>
					</outerBoundaryIs>
				</Polygon>
			</Placemark>
			<Placemark>
				<name>1.3.39-96</name>
				<styleUrl>#msn_ylw-pushpin0340</styleUrl>
				<Polygon>
					<tessellate>1</tessellate>
					<outerBoundaryIs>
						<LinearRing>
							<coordinates>
								-71.54808782875996,-16.35745008316299,0 -71.54821797963625,-16.35742766647104,0 -71.5482439165859,-16.35770592033177,0 -71.54832809603182,-16.35827634308732,0 -71.54840094471815,-16.35865877883175,0 -71.54846192196582,-16.3587744332157,0 -71.54824228155898,-16.35872337152803,0 -71.54808782875996,-16.35745008316299,0 
							</coordinates>
						</LinearRing>
					</outerBoundaryIs>
				</Polygon>
			</Placemark>
			<Placemark>
				<name>1.3.39-97</name>
				<styleUrl>#msn_ylw-pushpin0340</styleUrl>
				<Polygon>
					<tessellate>1</tessellate>
					<outerBoundaryIs>
						<LinearRing>
							<coordinates>
								-71.5483179494953,-16.35739679901127,0 -71.5486080285243,-16.35735632283558,0 -71.54856118405267,-16.35750236657108,0 -71.54857210752148,-16.35788141170786,0 -71.54864630555359,-16.3582836639261,0 -71.54870095341464,-16.35859927741351,0 -71.54872401688789,-16.35876782680393,0 -71.54871499682409,-16.35886535707657,0 -71.54861886756113,-16.35882664750248,0 -71.54846449115556,-16.35859229177063,0 -71.5483179494953,-16.35739679901127,0 
							</coordinates>
						</LinearRing>
					</outerBoundaryIs>
				</Polygon>
			</Placemark>
			<Placemark>
				<name>1.3.39-98</name>
				<styleUrl>#msn_ylw-pushpin0340</styleUrl>
				<Polygon>
					<tessellate>1</tessellate>
					<outerBoundaryIs>
						<LinearRing>
							<coordinates>
								-71.547977527448,-16.35674934056673,0 -71.54785290873544,-16.35629933521052,0 -71.54793745001382,-16.35616984379547,0 -71.54823773439217,-16.35617359516319,0 -71.54851335229385,-16.35611959482205,0 -71.54857953635776,-16.35619385169357,0 -71.54853058715972,-16.35643421018091,0 -71.54842347550624,-16.35669134968145,0 -71.54842749838113,-16.35682199304428,0 -71.54846874171781,-16.35691293218543,0 -71.54858485426229,-16.35696438906863,0 -71.54868467961305,-16.35705172932976,0 -71.54869294683299,-16.3571945652915,0 -71.5486103621448,-16.35731372301834,0 -71.54807460084321,-16.35743437778614,0 -71.547977527448,-16.35674934056673,0 
							</coordinates>
						</LinearRing>
					</outerBoundaryIs>
				</Polygon>
			</Placemark>
			<Placemark>
				<name>1.3.39-52</name>
				<styleUrl>#msn_ylw-pushpin0340</styleUrl>
				<Polygon>
					<tessellate>1</tessellate>
					<outerBoundaryIs>
						<LinearRing>
							<coordinates>
								-71.54350554221084,-16.35575300321022,0 -71.54354110309106,-16.35624501120659,0 -71.54297851126883,-16.35633541272163,0 -71.54285927565584,-16.35582386377375,0 -71.54350554221084,-16.35575300321022,0 
							</coordinates>
						</LinearRing>
					</outerBoundaryIs>
				</Polygon>
			</Placemark>
			<Placemark>
				<name>1.3.39-53</name>
				<styleUrl>#msn_ylw-pushpin0340</styleUrl>
				<Polygon>
					<tessellate>1</tessellate>
					<outerBoundaryIs>
						<LinearRing>
							<coordinates>
								-71.54302101593208,-16.35479730660211,0 -71.54315208361567,-16.35569459409344,0 -71.54266981829318,-16.35574894006463,0 -71.54256483207853,-16.35485246903106,0 -71.54302101593208,-16.35479730660211,0 
							</coordinates>
						</LinearRing>
					</outerBoundaryIs>
				</Polygon>
			</Placemark>
			<Placemark>
				<name>1.3.39-99</name>
				<styleUrl>#msn_ylw-pushpin0340</styleUrl>
				<Polygon>
					<tessellate>1</tessellate>
					<outerBoundaryIs>
						<LinearRing>
							<coordinates>
								-71.54344042819716,-16.35475220330144,0 -71.54351826959778,-16.35565134297632,0 -71.54328127186191,-16.35568966347117,0 -71.54319511904491,-16.35477555528367,0 -71.54344042819716,-16.35475220330144,0 
							</coordinates>
						</LinearRing>
					</outerBoundaryIs>
				</Polygon>
			</Placemark>
			<Placemark>
				<name>1.3.39-54</name>
				<styleUrl>#msn_ylw-pushpin0340</styleUrl>
				<Polygon>
					<tessellate>1</tessellate>
					<outerBoundaryIs>
						<LinearRing>
							<coordinates>
								-71.54407459324344,-16.35467408643101,0 -71.54415912621197,-16.35558738336345,0 -71.54365231430801,-16.35562761583901,0 -71.5436000346071,-16.35472645582939,0 -71.54407459324344,-16.35467408643101,0 
							</coordinates>
						</LinearRing>
					</outerBoundaryIs>
				</Polygon>
			</Placemark>
			<Placemark>
				<name>1.3.39-55</name>
				<styleUrl>#msn_ylw-pushpin0340</styleUrl>
				<Polygon>
					<tessellate>1</tessellate>
					<outerBoundaryIs>
						<LinearRing>
							<coordinates>
								-71.54416163084797,-16.35570273810649,0 -71.5441948071901,-16.35612984201913,0 -71.54369613381546,-16.35619860904931,0 -71.54366896072648,-16.35575979410906,0 -71.54416163084797,-16.35570273810649,0 
							</coordinates>
						</LinearRing>
					</outerBoundaryIs>
				</Polygon>
			</Placemark>
			<Placemark>
				<name>1.3.39-56</name>
				<LookAt>
					<longitude>-71.54419097998034</longitude>
					<latitude>-16.35617767126113</latitude>
					<altitude>0</altitude>
					<heading>0.009697776978987726</heading>
					<tilt>0</tilt>
					<range>311.2892372166984</range>
					<gx:altitudeMode>relativeToSeaFloor</gx:altitudeMode>
				</LookAt>
				<styleUrl>#msn_ylw-pushpin0340</styleUrl>
				<Polygon>
					<tessellate>1</tessellate>
					<outerBoundaryIs>
						<LinearRing>
							<coordinates>
								-71.54477549131465,-16.3556437508022,0 -71.54480924264776,-16.35602832755043,0 -71.54431493329311,-16.35611511260497,0 -71.54427366601307,-16.35569991496581,0 -71.54477549131465,-16.3556437508022,0 
							</coordinates>
						</LinearRing>
					</outerBoundaryIs>
				</Polygon>
			</Placemark>
			<Placemark>
				<name>1.3.39-57</name>
				<styleUrl>#msn_ylw-pushpin0340</styleUrl>
				<Polygon>
					<tessellate>1</tessellate>
					<outerBoundaryIs>
						<LinearRing>
							<coordinates>
								-71.54466267871592,-16.3546179717616,0 -71.54476153813496,-16.35551538921617,0 -71.54426853149357,-16.35557558013443,0 -71.54417597542978,-16.35466903129596,0 -71.54466267871592,-16.3546179717616,0 
							</coordinates>
						</LinearRing>
					</outerBoundaryIs>
				</Polygon>
			</Placemark>
			<Placemark>
				<name>1.3.39-58</name>
				<styleUrl>#msn_ylw-pushpin0340</styleUrl>
				<Polygon>
					<tessellate>1</tessellate>
					<outerBoundaryIs>
						<LinearRing>
							<coordinates>
								-71.54528235319192,-16.35504073906073,0 -71.54480330817303,-16.35508951948226,0 -71.54476954550447,-16.35461729949191,0 -71.54521406773083,-16.35455953162277,0 -71.54528235319192,-16.35504073906073,0 
							</coordinates>
						</LinearRing>
					</outerBoundaryIs>
				</Polygon>
			</Placemark>
			<Placemark>
				<name>1.3.39-59</name>
				<styleUrl>#msn_ylw-pushpin0340</styleUrl>
				<Polygon>
					<tessellate>1</tessellate>
					<outerBoundaryIs>
						<LinearRing>
							<coordinates>
								-71.54533278746578,-16.35546141352086,0 -71.54485451501627,-16.3554972728386,0 -71.54481653408027,-16.35513928227652,0 -71.54527183061768,-16.35509120156281,0 -71.54533278746578,-16.35546141352086,0 
							</coordinates>
						</LinearRing>
					</outerBoundaryIs>
				</Polygon>
			</Placemark>
			<Placemark>
				<name>1.3.39-60</name>
				<styleUrl>#msn_ylw-pushpin0340</styleUrl>
				<Polygon>
					<tessellate>1</tessellate>
					<outerBoundaryIs>
						<LinearRing>
							<coordinates>
								-71.54579438234219,-16.35541995087267,0 -71.54538573594701,-16.35547437832608,0 -71.54526087064427,-16.35454728239527,0 -71.54567001745974,-16.35451556966958,0 -71.54579438234219,-16.35541995087267,0 
							</coordinates>
						</LinearRing>
					</outerBoundaryIs>
				</Polygon>
			</Placemark>
			<Placemark>
				<name>1.3.39-61</name>
				<styleUrl>#msn_ylw-pushpin0340</styleUrl>
				<Polygon>
					<tessellate>1</tessellate>
					<outerBoundaryIs>
						<LinearRing>
							<coordinates>
								-71.54642074156513,-16.354413469237,0 -71.54648424348196,-16.35487736814839,0 -71.54583033547773,-16.35495518776748,0 -71.54577965700962,-16.35450811215838,0 -71.54642074156513,-16.354413469237,0 
							</coordinates>
						</LinearRing>
					</outerBoundaryIs>
				</Polygon>
			</Placemark>
			<Placemark>
				<name>1.3.39-62</name>
				<styleUrl>#msn_ylw-pushpin0340</styleUrl>
				<Polygon>
					<tessellate>1</tessellate>
					<outerBoundaryIs>
						<LinearRing>
							<coordinates>
								-71.54667626709561,-16.35530387256611,0 -71.54660466657724,-16.35492303997408,0 -71.5468932681836,-16.35486942512938,0 -71.54698830619901,-16.35497256926538,0 -71.54706447564864,-16.35525275492254,0 -71.54667626709561,-16.35530387256611,0 
							</coordinates>
						</LinearRing>
					</outerBoundaryIs>
				</Polygon>
			</Placemark>
			<Placemark>
				<name>1.3.39-63</name>
				<styleUrl>#msn_ylw-pushpin0340</styleUrl>
				<Polygon>
					<tessellate>1</tessellate>
					<outerBoundaryIs>
						<LinearRing>
							<coordinates>
								-71.54587450563881,-16.35541356274249,0 -71.54584305285495,-16.35504479087368,0 -71.54650301273813,-16.35494739154161,0 -71.54654520648819,-16.35532588601181,0 -71.54587450563881,-16.35541356274249,0 
							</coordinates>
						</LinearRing>
					</outerBoundaryIs>
				</Polygon>
			</Placemark>
			<Placemark>
				<name>1.3.39-64</name>
				<styleUrl>#msn_ylw-pushpin0340</styleUrl>
				<Polygon>
					<tessellate>1</tessellate>
					<outerBoundaryIs>
						<LinearRing>
							<coordinates>
								-71.54662748437313,-16.35582601590878,0 -71.54596433164356,-16.35591002464556,0 -71.54592696161897,-16.35566772493151,0 -71.5458793567911,-16.35552186360369,0 -71.5465674867303,-16.3554475408004,0 -71.54662748437313,-16.35582601590878,0 
							</coordinates>
						</LinearRing>
					</outerBoundaryIs>
				</Polygon>
			</Placemark>
			<Placemark>
				<name>1.3.39-65</name>
				<styleUrl>#msn_ylw-pushpin0340</styleUrl>
				<Polygon>
					<tessellate>1</tessellate>
					<outerBoundaryIs>
						<LinearRing>
							<coordinates>
								-71.54738272402173,-16.35573679979628,0 -71.5467367860806,-16.35579947329783,0 -71.54668728949852,-16.35541235568172,0 -71.54733952665289,-16.35532813470071,0 -71.54738272402173,-16.35573679979628,0 
							</coordinates>
						</LinearRing>
					</outerBoundaryIs>
				</Polygon>
			</Placemark>
			<Placemark>
				<name>1.3.39-66</name>
				<styleUrl>#msn_ylw-pushpin0340</styleUrl>
				<Polygon>
					<tessellate>1</tessellate>
					<outerBoundaryIs>
						<LinearRing>
							<coordinates>
								-71.54739110695319,-16.35577477163077,0 -71.54741205330147,-16.35616229601293,0 -71.54679369018419,-16.35624885047432,0 -71.54674033126598,-16.35584319784573,0 -71.54739110695319,-16.35577477163077,0 
							</coordinates>
						</LinearRing>
					</outerBoundaryIs>
				</Polygon>
			</Placemark>
			<Placemark>
				<name>1.3.39-67</name>
				<styleUrl>#msn_ylw-pushpin0340</styleUrl>
				<Polygon>
					<tessellate>1</tessellate>
					<outerBoundaryIs>
						<LinearRing>
							<coordinates>
								-71.54668306097912,-16.35627049964137,0 -71.54600759966165,-16.35634831951886,0 -71.5459747877545,-16.35597449613467,0 -71.5466250305479,-16.35589308720786,0 -71.54668306097912,-16.35627049964137,0 
							</coordinates>
						</LinearRing>
					</outerBoundaryIs>
				</Polygon>
			</Placemark>
			<Placemark>
				<name>1.3.39-68</name>
				<styleUrl>#msn_ylw-pushpin0340</styleUrl>
				<Polygon>
					<tessellate>1</tessellate>
					<outerBoundaryIs>
						<LinearRing>
							<coordinates>
								-71.54674064814662,-16.35671737453153,0 -71.54604307590343,-16.3568231780854,0 -71.54599685019713,-16.35643173309104,0 -71.54668998352281,-16.35632678601917,0 -71.54674064814662,-16.35671737453153,0 
							</coordinates>
						</LinearRing>
					</outerBoundaryIs>
				</Polygon>
			</Placemark>
			<Placemark>
				<name>1.3.39-69</name>
				<styleUrl>#msn_ylw-pushpin0340</styleUrl>
				<Polygon>
					<tessellate>1</tessellate>
					<outerBoundaryIs>
						<LinearRing>
							<coordinates>
								-71.54750776287966,-16.35662036185224,0 -71.5468543343122,-16.35670033093472,0 -71.54680212153163,-16.35633242362288,0 -71.5474333610882,-16.35623731367849,0 -71.54750776287966,-16.35662036185224,0 
							</coordinates>
						</LinearRing>
					</outerBoundaryIs>
				</Polygon>
			</Placemark>
			<Placemark>
				<name>1.3.39-70</name>
				<styleUrl>#msn_ylw-pushpin0340</styleUrl>
				<Polygon>
					<tessellate>1</tessellate>
					<outerBoundaryIs>
						<LinearRing>
							<coordinates>
								-71.54759274498704,-16.35706994451379,0 -71.54690636603601,-16.35714124502163,0 -71.54686073533296,-16.35676824268612,0 -71.54751142737695,-16.35667360166468,0 -71.54759274498704,-16.35706994451379,0 
							</coordinates>
						</LinearRing>
					</outerBoundaryIs>
				</Polygon>
			</Placemark>
			<Placemark>
				<name>1.3.39-71</name>
				<styleUrl>#msn_ylw-pushpin0340</styleUrl>
				<Polygon>
					<tessellate>1</tessellate>
					<outerBoundaryIs>
						<LinearRing>
							<coordinates>
								-71.54678419958069,-16.35716665383183,0 -71.54611468646014,-16.35724688787268,0 -71.54607810156412,-16.35686348665457,0 -71.54674028373847,-16.3567787416718,0 -71.54678419958069,-16.35716665383183,0 
							</coordinates>
						</LinearRing>
					</outerBoundaryIs>
				</Polygon>
			</Placemark>
			<Placemark>
				<name>1.3.39-72</name>
				<styleUrl>#msn_ylw-pushpin0340</styleUrl>
				<Polygon>
					<tessellate>1</tessellate>
					<outerBoundaryIs>
						<LinearRing>
							<coordinates>
								-71.54687763639575,-16.35764473398396,0 -71.54634577409686,-16.35772020242998,0 -71.54614917049705,-16.35733731858627,0 -71.54680973683863,-16.35725376296694,0 -71.54687763639575,-16.35764473398396,0 
							</coordinates>
						</LinearRing>
					</outerBoundaryIs>
				</Polygon>
			</Placemark>
			<Placemark>
				<name>1.3.39-73</name>
				<styleUrl>#msn_ylw-pushpin0340</styleUrl>
				<Polygon>
					<tessellate>1</tessellate>
					<outerBoundaryIs>
						<LinearRing>
							<coordinates>
								-71.54757766475274,-16.35714959976117,0 -71.54763627029799,-16.35753394901093,0 -71.54696539937626,-16.35763104866493,0 -71.5469213199494,-16.35724455639405,0 -71.54757766475274,-16.35714959976117,0 
							</coordinates>
						</LinearRing>
					</outerBoundaryIs>
				</Polygon>
			</Placemark>
			<Placemark>
				<name>1.3.39-74</name>
				<styleUrl>#msn_ylw-pushpin0340</styleUrl>
				<Polygon>
					<tessellate>1</tessellate>
					<outerBoundaryIs>
						<LinearRing>
							<coordinates>
								-71.54771592551735,-16.35798699930019,0 -71.54704319098714,-16.35808693531201,0 -71.54698441421787,-16.3577198670631,0 -71.54766550587411,-16.35758612571016,0 -71.54771592551735,-16.35798699930019,0 
							</coordinates>
						</LinearRing>
					</outerBoundaryIs>
				</Polygon>
			</Placemark>
			<Placemark>
				<name>1.3.39-75</name>
				<styleUrl>#msn_ylw-pushpin0340</styleUrl>
				<Polygon>
					<tessellate>1</tessellate>
					<outerBoundaryIs>
						<LinearRing>
							<coordinates>
								-71.54688259340708,-16.35771450361997,0 -71.54694041539072,-16.3580893189135,0 -71.54642340516774,-16.35816770510726,0 -71.5463669805127,-16.35778386178869,0 -71.54688259340708,-16.35771450361997,0 
							</coordinates>
						</LinearRing>
					</outerBoundaryIs>
				</Polygon>
			</Placemark>
			<Placemark>
				<name>1.3.39-76</name>
				<styleUrl>#msn_ylw-pushpin0340</styleUrl>
				<Polygon>
					<tessellate>1</tessellate>
					<outerBoundaryIs>
						<LinearRing>
							<coordinates>
								-71.54692513705666,-16.35816417673103,0 -71.54698623558026,-16.35853357884042,0 -71.54663179667533,-16.35856944231116,0 -71.54653044915726,-16.35821484525076,0 -71.54692513705666,-16.35816417673103,0 
							</coordinates>
						</LinearRing>
					</outerBoundaryIs>
				</Polygon>
			</Placemark>
			<Placemark>
				<name>1.3.39-77</name>
				<styleUrl>#msn_ylw-pushpin0340</styleUrl>
				<Polygon>
					<tessellate>1</tessellate>
					<outerBoundaryIs>
						<LinearRing>
							<coordinates>
								-71.54711261428704,-16.35853479353035,0 -71.54704909430764,-16.35815979446192,0 -71.54769481416595,-16.35807588189973,0 -71.5477172679885,-16.35844332741352,0 -71.54711261428704,-16.35853479353035,0 
							</coordinates>
						</LinearRing>
					</outerBoundaryIs>
				</Polygon>
			</Placemark>
			<Placemark>
				<name>1.3.39-78</name>
				<styleUrl>#msn_ylw-pushpin0340</styleUrl>
				<Polygon>
					<tessellate>1</tessellate>
					<outerBoundaryIs>
						<LinearRing>
							<coordinates>
								-71.54774779831784,-16.35850998638165,0 -71.54776625019579,-16.35891580170332,0 -71.54718977191234,-16.35898550296826,0 -71.54712035893994,-16.35860168795661,0 -71.54774779831784,-16.35850998638165,0 
							</coordinates>
						</LinearRing>
					</outerBoundaryIs>
				</Polygon>
			</Placemark>
			<Placemark>
				<name>1.3.39-79</name>
				<styleUrl>#msn_ylw-pushpin0340</styleUrl>
				<Polygon>
					<tessellate>1</tessellate>
					<outerBoundaryIs>
						<LinearRing>
							<coordinates>
								-71.54699565165608,-16.35858862868021,0 -71.54704865148261,-16.35881066085128,0 -71.5466587513762,-16.35887094233537,0 -71.5466075437419,-16.35864810196587,0 -71.54699565165608,-16.35858862868021,0 
							</coordinates>
						</LinearRing>
					</outerBoundaryIs>
				</Polygon>
			</Placemark>
			<Placemark>
				<name>1.3.39-80</name>
				<styleUrl>#msn_ylw-pushpin0340</styleUrl>
				<Polygon>
					<tessellate>1</tessellate>
					<outerBoundaryIs>
						<LinearRing>
							<coordinates>
								-71.54704799040293,-16.35884542936219,0 -71.54710402689251,-16.35929626381853,0 -71.54677800987515,-16.35934695363067,0 -71.54669182187099,-16.35889960491998,0 -71.54704799040293,-16.35884542936219,0 
							</coordinates>
						</LinearRing>
					</outerBoundaryIs>
				</Polygon>
			</Placemark>
			<Placemark>
				<name>1.3.39-81</name>
				<styleUrl>#msn_ylw-pushpin0340</styleUrl>
				<Polygon>
					<tessellate>1</tessellate>
					<outerBoundaryIs>
						<LinearRing>
							<coordinates>
								-71.54720910763594,-16.359975180901,0 -71.54715969966408,-16.36003347535257,0 -71.54692546764608,-16.35976426959612,0 -71.54681798672101,-16.35953225814945,0 -71.54680134046336,-16.35940437739776,0 -71.54713136108764,-16.35935582045535,0 -71.54720910763594,-16.359975180901,0 
							</coordinates>
						</LinearRing>
					</outerBoundaryIs>
				</Polygon>
			</Placemark>
			<Placemark>
				<name>1.3.39-82</name>
				<styleUrl>#msn_ylw-pushpin0340</styleUrl>
				<Polygon>
					<tessellate>1</tessellate>
					<outerBoundaryIs>
						<LinearRing>
							<coordinates>
								-71.54778301616301,-16.3593643216752,0 -71.54723564593658,-16.35942475809432,0 -71.54719271808689,-16.35906289278876,0 -71.54776043360619,-16.35900149139579,0 -71.54778301616301,-16.3593643216752,0 
							</coordinates>
						</LinearRing>
					</outerBoundaryIs>
				</Polygon>
			</Placemark>
			<Placemark>
				<name>1.3.39-83</name>
				<styleUrl>#msn_ylw-pushpin0340</styleUrl>
				<Polygon>
					<tessellate>1</tessellate>
					<outerBoundaryIs>
						<LinearRing>
							<coordinates>
								-71.54780908256032,-16.35941913345341,0 -71.54785041493419,-16.35981043648084,0 -71.54747316298182,-16.35985044784039,0 -71.54745896963384,-16.35968567177038,0 -71.54727531322558,-16.35968511777609,0 -71.54725770474174,-16.35949290535378,0 -71.54780908256032,-16.35941913345341,0 
							</coordinates>
						</LinearRing>
					</outerBoundaryIs>
				</Polygon>
			</Placemark>
			<Placemark>
				<name>1.3.40-1</name>
				<styleUrl>#msn_ylw-pushpin0340</styleUrl>
				<Polygon>
					<tessellate>1</tessellate>
					<outerBoundaryIs>
						<LinearRing>
							<coordinates>
								-71.54423238707669,-16.35454628584278,0 -71.5438043768263,-16.35459003328651,0 -71.54360824454488,-16.3527528023978,0 -71.54403127265211,-16.3527072489983,0 -71.54423238707669,-16.35454628584278,0 
							</coordinates>
						</LinearRing>
					</outerBoundaryIs>
				</Polygon>
			</Placemark>
			<Placemark>
				<name>1.3.40-2</name>
				<styleUrl>#msn_ylw-pushpin0340</styleUrl>
				<Polygon>
					<tessellate>1</tessellate>
					<outerBoundaryIs>
						<LinearRing>
							<coordinates>
								-71.54464871685154,-16.35411313890788,0 -71.54465849028836,-16.35429805277458,0 -71.54468654592063,-16.35451801261193,0 -71.54450580618899,-16.35453358459183,0 -71.54430965235254,-16.35454508045434,0 -71.54427020021555,-16.35415053668939,0 -71.54464871685154,-16.35411313890788,0 
							</coordinates>
						</LinearRing>
					</outerBoundaryIs>
				</Polygon>
			</Placemark>
			<Placemark>
				<name>1.3.40-3</name>
				<styleUrl>#msn_ylw-pushpin0340</styleUrl>
				<Polygon>
					<tessellate>1</tessellate>
					<outerBoundaryIs>
						<LinearRing>
							<coordinates>
								-71.54513576375146,-16.3540044784298,0 -71.54530621426009,-16.35415974733513,0 -71.54549610353514,-16.35444592270755,0 -71.54471380694895,-16.35450631870441,0 -71.54468934959802,-16.35413274179989,0 -71.54502115757973,-16.35410995634059,0 -71.54513576375146,-16.3540044784298,0 
							</coordinates>
						</LinearRing>
					</outerBoundaryIs>
				</Polygon>
			</Placemark>
			<Placemark>
				<name>1.3.40-4</name>
				<styleUrl>#msn_ylw-pushpin0340</styleUrl>
				<Polygon>
					<tessellate>1</tessellate>
					<outerBoundaryIs>
						<LinearRing>
							<coordinates>
								-71.54457495957151,-16.3533651354111,0 -71.54510852865138,-16.35394245715304,0 -71.54501904394714,-16.35403215990913,0 -71.54493322536747,-16.35405449599832,0 -71.54442533692171,-16.35352437304665,0 -71.54418895570416,-16.35349849057153,0 -71.54416883357018,-16.35309477822407,0 -71.54436058521758,-16.35301710416484,0 -71.54457495957151,-16.3533651354111,0 
							</coordinates>
						</LinearRing>
					</outerBoundaryIs>
				</Polygon>
			</Placemark>
			<Placemark>
				<name>1.3.40-5</name>
				<styleUrl>#msn_ylw-pushpin0340</styleUrl>
				<Polygon>
					<tessellate>1</tessellate>
					<outerBoundaryIs>
						<LinearRing>
							<coordinates>
								-71.54428521804043,-16.35267078597391,0 -71.54436660501233,-16.35295638955789,0 -71.54414579029685,-16.35300315906912,0 -71.5441319301146,-16.35269603534649,0 -71.54428521804043,-16.35267078597391,0 
							</coordinates>
						</LinearRing>
					</outerBoundaryIs>
				</Polygon>
			</Placemark>
			<Placemark>
				<name>1.3.40-6</name>
				<styleUrl>#msn_ylw-pushpin0340</styleUrl>
				<Polygon>
					<tessellate>1</tessellate>
					<outerBoundaryIs>
						<LinearRing>
							<coordinates>
								-71.54415967976836,-16.35230983589633,0 -71.54421027139168,-16.35253150820636,0 -71.54357493014824,-16.35259394600685,0 -71.54353714287441,-16.35222425727759,0 -71.54409043315459,-16.35215905721416,0 -71.54415967976836,-16.35230983589633,0 
							</coordinates>
						</LinearRing>
					</outerBoundaryIs>
				</Polygon>
			</Placemark>
			<Placemark>
				<name>1.3.40-7</name>
				<styleUrl>#msn_ylw-pushpin0340</styleUrl>
				<Polygon>
					<tessellate>1</tessellate>
					<outerBoundaryIs>
						<LinearRing>
							<coordinates>
								-71.5440491529009,-16.35211728013032,0 -71.54353470706458,-16.35215330981793,0 -71.54351348322326,-16.35169619932743,0 -71.54396436448556,-16.35166921744678,0 -71.5440491529009,-16.35211728013032,0 
							</coordinates>
						</LinearRing>
					</outerBoundaryIs>
				</Polygon>
			</Placemark>
			<Placemark>
				<name>1.3.40-8</name>
				<styleUrl>#msn_ylw-pushpin0340</styleUrl>
				<Polygon>
					<tessellate>1</tessellate>
					<outerBoundaryIs>
						<LinearRing>
							<coordinates>
								-71.5445378972619,-16.35205305922346,0 -71.54472097596737,-16.35252226218934,0 -71.54436302371089,-16.35262266768069,0 -71.54403656083184,-16.35166166516298,0 -71.54414439743768,-16.35164140739841,0 -71.54442016566423,-16.35159627696455,0 -71.5445378972619,-16.35205305922346,0 
							</coordinates>
						</LinearRing>
					</outerBoundaryIs>
				</Polygon>
			</Placemark>
			<Placemark>
				<name>1.3.40-9</name>
				<styleUrl>#msn_ylw-pushpin0340</styleUrl>
				<Polygon>
					<tessellate>1</tessellate>
					<outerBoundaryIs>
						<LinearRing>
							<coordinates>
								-71.54479698610183,-16.35283312645129,0 -71.54487763148309,-16.35297937821244,0 -71.54510546653412,-16.35322594160578,0 -71.54483641540116,-16.35347964524216,0 -71.54449933982902,-16.3530566494164,0 -71.54436334675627,-16.35265997149888,0 -71.54472818237397,-16.35255166366134,0 -71.54479698610183,-16.35283312645129,0 
							</coordinates>
						</LinearRing>
					</outerBoundaryIs>
				</Polygon>
			</Placemark>
			<Placemark>
				<name>1.3.40-10</name>
				<styleUrl>#msn_ylw-pushpin0340</styleUrl>
				<Polygon>
					<tessellate>1</tessellate>
					<outerBoundaryIs>
						<LinearRing>
							<coordinates>
								-71.54566660456844,-16.35386127304385,0 -71.54578571738189,-16.35401837329368,0 -71.54583999739594,-16.35412998151761,0 -71.54589705345572,-16.35424709305648,0 -71.54593116166434,-16.35439069555972,0 -71.54586496619353,-16.35439545057947,0 -71.5457372822413,-16.35441703743502,0 -71.54554750361362,-16.35444112089826,0 -71.54550949407776,-16.35435246820948,0 -71.54545535514521,-16.35425128210219,0 -71.54537531422835,-16.35413430343947,0 -71.54522324562346,-16.35396718487954,0 -71.54510968586033,-16.3538367625843,0 -71.54495660844397,-16.3536590545417,0 -71.54484164024647,-16.35351719724903,0 -71.54495459782737,-16.35343358555407,0 -71.54504967585311,-16.35335525941873,0 -71.54515659052763,-16.35325313761331,0 -71.54566660456844,-16.35386127304385,0 
							</coordinates>
						</LinearRing>
					</outerBoundaryIs>
				</Polygon>
			</Placemark>
			<Placemark>
				<name>1.3.40-11</name>
				<styleUrl>#msn_ylw-pushpin0340</styleUrl>
				<Polygon>
					<tessellate>1</tessellate>
					<outerBoundaryIs>
						<LinearRing>
							<coordinates>
								-71.54631156796303,-16.35432496919028,0 -71.54603270522438,-16.35439084135686,0 -71.54597071145673,-16.35420387138037,0 -71.54588923783197,-16.3540295667662,0 -71.54608600075743,-16.35393981674616,0 -71.54632397720142,-16.35382035258653,0 -71.54637746311221,-16.35391035437609,0 -71.54644453449208,-16.35403902225549,0 -71.54650663808826,-16.35426597728514,0 -71.54631156796303,-16.35432496919028,0 
							</coordinates>
						</LinearRing>
					</outerBoundaryIs>
				</Polygon>
			</Placemark>
			<Placemark>
				<name>1.3.40-12</name>
				<styleUrl>#msn_ylw-pushpin0340</styleUrl>
				<Polygon>
					<tessellate>1</tessellate>
					<outerBoundaryIs>
						<LinearRing>
							<coordinates>
								-71.54586212018647,-16.35398658367446,0 -71.54579588681074,-16.35388826370224,0 -71.54573922910893,-16.35381453699647,0 -71.54563093273478,-16.35366431286319,0 -71.54590875602301,-16.35347244964074,0 -71.54625600634905,-16.35367082754559,0 -71.54628956345834,-16.35378133804422,0 -71.54586212018647,-16.35398658367446,0 
							</coordinates>
						</LinearRing>
					</outerBoundaryIs>
				</Polygon>
			</Placemark>
			<Placemark>
				<name>1.3.40-13</name>
				<styleUrl>#msn_ylw-pushpin0340</styleUrl>
				<Polygon>
					<tessellate>1</tessellate>
					<outerBoundaryIs>
						<LinearRing>
							<coordinates>
								-71.54481026178175,-16.35254263448194,0 -71.54530190009311,-16.3524156313666,0 -71.54533737911341,-16.35259894196216,0 -71.54538871762723,-16.35279273533368,0 -71.5449605989518,-16.35290448515047,0 -71.54481026178175,-16.35254263448194,0 
							</coordinates>
						</LinearRing>
					</outerBoundaryIs>
				</Polygon>
			</Placemark>
			<Placemark>
				<name>1.3.40-14</name>
				<styleUrl>#msn_ylw-pushpin0340</styleUrl>
				<Polygon>
					<tessellate>1</tessellate>
					<outerBoundaryIs>
						<LinearRing>
							<coordinates>
								-71.54464640135141,-16.35211738935525,0 -71.54506746037535,-16.35199477583987,0 -71.54521059775924,-16.35209744194542,0 -71.54530659248005,-16.35237947633712,0 -71.54478520488418,-16.35250950197772,0 -71.54464640135141,-16.35211738935525,0 
							</coordinates>
						</LinearRing>
					</outerBoundaryIs>
				</Polygon>
			</Placemark>
			<Placemark>
				<name>1.3.40-15</name>
				<styleUrl>#msn_ylw-pushpin0340</styleUrl>
				<Polygon>
					<tessellate>1</tessellate>
					<outerBoundaryIs>
						<LinearRing>
							<coordinates>
								-71.54450334697458,-16.35161340578701,0 -71.5448379642726,-16.3515434654382,0 -71.54512078278107,-16.35192114557428,0 -71.54461995505393,-16.35204272635867,0 -71.54450334697458,-16.35161340578701,0 
							</coordinates>
						</LinearRing>
					</outerBoundaryIs>
				</Polygon>
			</Placemark>
			<Placemark>
				<name>1.3.40-16</name>
				<styleUrl>#msn_ylw-pushpin0340</styleUrl>
				<Polygon>
					<tessellate>1</tessellate>
					<outerBoundaryIs>
						<LinearRing>
							<coordinates>
								-71.54439980455547,-16.3515348794876,0 -71.5440359619021,-16.35159575825538,0 -71.54398590778131,-16.35125631879841,0 -71.54432312453756,-16.35119833359823,0 -71.54439980455547,-16.3515348794876,0 
							</coordinates>
						</LinearRing>
					</outerBoundaryIs>
				</Polygon>
			</Placemark>
			<Placemark>
				<name>1.3.40-17</name>
				<styleUrl>#msn_ylw-pushpin0340</styleUrl>
				<Polygon>
					<tessellate>1</tessellate>
					<outerBoundaryIs>
						<LinearRing>
							<coordinates>
								-71.54432339284841,-16.35117586647693,0 -71.54398008007873,-16.35119624230085,0 -71.54394374756772,-16.35087622133016,0 -71.54431755436852,-16.35083986629732,0 -71.54432339284841,-16.35117586647693,0 
							</coordinates>
						</LinearRing>
					</outerBoundaryIs>
				</Polygon>
			</Placemark>
			<Placemark>
				<name>1.3.40-18</name>
				<styleUrl>#msn_ylw-pushpin0340</styleUrl>
				<Polygon>
					<tessellate>1</tessellate>
					<outerBoundaryIs>
						<LinearRing>
							<coordinates>
								-71.54430737717892,-16.35078067634934,0 -71.54394087218817,-16.35081420601275,0 -71.54389864508215,-16.35042916514701,0 -71.54438702901142,-16.35040404565544,0 -71.54430737717892,-16.35078067634934,0 
							</coordinates>
						</LinearRing>
					</outerBoundaryIs>
				</Polygon>
			</Placemark>
			<Placemark>
				<name>1.3.40-19</name>
				<styleUrl>#msn_ylw-pushpin0340</styleUrl>
				<Polygon>
					<tessellate>1</tessellate>
					<outerBoundaryIs>
						<LinearRing>
							<coordinates>
								-71.5438436056837,-16.34996661779629,0 -71.54447705640348,-16.34994768549691,0 -71.54439261134019,-16.35032342392678,0 -71.54388532563918,-16.35036237157524,0 -71.5438436056837,-16.34996661779629,0 
							</coordinates>
						</LinearRing>
					</outerBoundaryIs>
				</Polygon>
			</Placemark>
			<Placemark>
				<name>1.3.40-21</name>
				<styleUrl>#msn_ylw-pushpin0340</styleUrl>
				<Polygon>
					<tessellate>1</tessellate>
					<outerBoundaryIs>
						<LinearRing>
							<coordinates>
								-71.54374864405729,-16.34942003978755,0 -71.54323485792588,-16.34947324958102,0 -71.54311474479428,-16.34831331968052,0 -71.54360451543718,-16.34823774107903,0 -71.54374864405729,-16.34942003978755,0 
							</coordinates>
						</LinearRing>
					</outerBoundaryIs>
				</Polygon>
			</Placemark>
			<Placemark>
				<name>1.3.40-22</name>
				<styleUrl>#msn_ylw-pushpin0340</styleUrl>
				<Polygon>
					<tessellate>1</tessellate>
					<outerBoundaryIs>
						<LinearRing>
							<coordinates>
								-71.54411413347185,-16.34861210796218,0 -71.54373692980042,-16.34863313566366,0 -71.54368830246361,-16.34819757183102,0 -71.54401526309645,-16.34818072358243,0 -71.54411413347185,-16.34861210796218,0 
							</coordinates>
						</LinearRing>
					</outerBoundaryIs>
				</Polygon>
			</Placemark>
			<Placemark>
				<name>1.3.40-23</name>
				<styleUrl>#msn_ylw-pushpin0340</styleUrl>
				<Polygon>
					<tessellate>1</tessellate>
					<outerBoundaryIs>
						<LinearRing>
							<coordinates>
								-71.54410853668563,-16.34868502795638,0 -71.54413311279927,-16.3488353522883,0 -71.54378100200611,-16.34886075267995,0 -71.54374865044383,-16.34869897922587,0 -71.54410853668563,-16.34868502795638,0 
							</coordinates>
						</LinearRing>
					</outerBoundaryIs>
				</Polygon>
			</Placemark>
			<Placemark>
				<name>1.3.40-24</name>
				<styleUrl>#msn_ylw-pushpin0340</styleUrl>
				<Polygon>
					<tessellate>1</tessellate>
					<outerBoundaryIs>
						<LinearRing>
							<coordinates>
								-71.54464201028797,-16.34865844452616,0 -71.54462897069776,-16.34882664491177,0 -71.54422965897818,-16.34883065118299,0 -71.54421036554984,-16.34866765277349,0 -71.54464201028797,-16.34865844452616,0 
							</coordinates>
						</LinearRing>
					</outerBoundaryIs>
				</Polygon>
			</Placemark>
			<Placemark>
				<name>1.3.40-25</name>
				<styleUrl>#msn_ylw-pushpin0340</styleUrl>
				<Polygon>
					<tessellate>1</tessellate>
					<outerBoundaryIs>
						<LinearRing>
							<coordinates>
								-71.54452646221847,-16.34859581756196,0 -71.54424382982097,-16.34860407400814,0 -71.54406799899553,-16.34818054381287,0 -71.54442883196877,-16.34808302070263,0 -71.54452646221847,-16.34859581756196,0 
							</coordinates>
						</LinearRing>
					</outerBoundaryIs>
				</Polygon>
			</Placemark>
			<Placemark>
				<name>1.3.40-26</name>
				<styleUrl>#msn_ylw-pushpin0340</styleUrl>
				<Polygon>
					<tessellate>1</tessellate>
					<outerBoundaryIs>
						<LinearRing>
							<coordinates>
								-71.54485319778166,-16.34827965683356,0 -71.5447175755216,-16.34844241394692,0 -71.54464186641358,-16.34859873284576,0 -71.54457543421071,-16.34860089860149,0 -71.54447162830759,-16.34806020595351,0 -71.54479268033464,-16.3479820782894,0 -71.54485319778166,-16.34827965683356,0 
							</coordinates>
						</LinearRing>
					</outerBoundaryIs>
				</Polygon>
			</Placemark>
			<Placemark>
				<name>1.3.40-27</name>
				<styleUrl>#msn_ylw-pushpin0340</styleUrl>
				<Polygon>
					<tessellate>1</tessellate>
					<outerBoundaryIs>
						<LinearRing>
							<coordinates>
								-71.5446140033817,-16.35106559824762,0 -71.54505005708204,-16.35121046750917,0 -71.54511589006006,-16.35144251438137,0 -71.54557091744776,-16.35188097401789,0 -71.54572124873079,-16.35227611518453,0 -71.54543999212086,-16.35233793038891,0 -71.54536770678425,-16.3520474362509,0 -71.54528688952163,-16.3520667672321,0 -71.5446140033817,-16.35106559824762,0 
							</coordinates>
						</LinearRing>
					</outerBoundaryIs>
				</Polygon>
			</Placemark>
			<Placemark>
				<name>1.3.41-1</name>
				<styleUrl>#msn_ylw-pushpin0340</styleUrl>
				<Polygon>
					<tessellate>1</tessellate>
					<outerBoundaryIs>
						<LinearRing>
							<coordinates>
								-71.54416328470666,-16.34775832575999,0 -71.54422929173568,-16.34799912234817,0 -71.54396160714062,-16.34807979415172,0 -71.54389191648113,-16.34782914399,0 -71.54416328470666,-16.34775832575999,0 
							</coordinates>
						</LinearRing>
					</outerBoundaryIs>
				</Polygon>
			</Placemark>
			<Placemark>
				<name>1.3.41-2</name>
				<styleUrl>#msn_ylw-pushpin0340</styleUrl>
				<Polygon>
					<tessellate>1</tessellate>
					<outerBoundaryIs>
						<LinearRing>
							<coordinates>
								-71.54445811766416,-16.34769352329519,0 -71.54452136554191,-16.34788639125406,0 -71.54426380151392,-16.34795920883304,0 -71.54420103214319,-16.34776174019826,0 -71.54445811766416,-16.34769352329519,0 
							</coordinates>
						</LinearRing>
					</outerBoundaryIs>
				</Polygon>
			</Placemark>
			<Placemark>
				<name>1.3.41-3</name>
				<styleUrl>#msn_ylw-pushpin0340</styleUrl>
				<Polygon>
					<tessellate>1</tessellate>
					<outerBoundaryIs>
						<LinearRing>
							<coordinates>
								-71.54468217696937,-16.34765296747706,0 -71.54474636366059,-16.34789957855148,0 -71.54458937322498,-16.34793623570576,0 -71.54452460154081,-16.34768620751536,0 -71.54468217696937,-16.34765296747706,0 
							</coordinates>
						</LinearRing>
					</outerBoundaryIs>
				</Polygon>
			</Placemark>
			<Placemark>
				<name>1.3.41-4</name>
				<styleUrl>#msn_ylw-pushpin0340</styleUrl>
				<Polygon>
					<tessellate>1</tessellate>
					<outerBoundaryIs>
						<LinearRing>
							<coordinates>
								-71.54462081364301,-16.34725775036358,0 -71.5446920924301,-16.3475806245607,0 -71.54442714891763,-16.34765633959506,0 -71.54414656782981,-16.34772432380343,0 -71.54388025312164,-16.34777235685949,0 -71.54384530327923,-16.34763559221823,0 -71.54386998710491,-16.34754710422229,0 -71.54387195799451,-16.34744490979447,0 -71.54462081364301,-16.34725775036358,0 
							</coordinates>
						</LinearRing>
					</outerBoundaryIs>
				</Polygon>
			</Placemark>
			<Placemark>
				<name>1.1.42-1</name>
				<open>1</open>
				<styleUrl>#msn_ylw-pushpin0340</styleUrl>
				<Polygon>
					<tessellate>1</tessellate>
					<outerBoundaryIs>
						<LinearRing>
							<coordinates>
								-71.54301159607631,-16.34748343321237,0 -71.54347307214645,-16.34741790939577,0 -71.54348826645428,-16.34744631413838,0 -71.54362172704926,-16.3474350012761,0 -71.54375164567381,-16.34744250285265,0 -71.54372400317067,-16.34760699046174,0 -71.54379273820817,-16.34784956608262,0 -71.54382185496459,-16.34805264628846,0 -71.54358485300203,-16.34815955514573,0 -71.5431172064372,-16.34824442282822,0 -71.54301159607631,-16.34748343321237,0 
							</coordinates>
						</LinearRing>
					</outerBoundaryIs>
				</Polygon>
			</Placemark>
			<Placemark>
				<name>1.3.49-1</name>
				<styleUrl>#msn_ylw-pushpin0340</styleUrl>
				<Polygon>
					<tessellate>1</tessellate>
					<outerBoundaryIs>
						<LinearRing>
							<coordinates>
								-71.54352756399481,-16.34454611526129,0 -71.54360506386666,-16.34488318293169,0 -71.54375572422391,-16.34535167479985,0 -71.54375958564691,-16.34542367321696,0 -71.54345077961533,-16.34550785204043,0 -71.54337696601313,-16.34521415899547,0 -71.54331702471556,-16.34504349699057,0 -71.54328767368533,-16.34492869868152,0 -71.54322337324433,-16.3446328655856,0 -71.54352756399481,-16.34454611526129,0 
							</coordinates>
						</LinearRing>
					</outerBoundaryIs>
				</Polygon>
			</Placemark>
			<Placemark>
				<name>1.3.49-2</name>
				<styleUrl>#msn_ylw-pushpin0340</styleUrl>
				<Polygon>
					<tessellate>1</tessellate>
					<outerBoundaryIs>
						<LinearRing>
							<coordinates>
								-71.54377698546516,-16.34546507743407,0 -71.54404792023604,-16.34641706121445,0 -71.54413256823112,-16.34669127877666,0 -71.54426379656624,-16.34709951555428,0 -71.54384297073746,-16.34720384844879,0 -71.54369424800595,-16.34648023495757,0 -71.54361784701835,-16.34609660996795,0 -71.54353369575183,-16.34580182929337,0 -71.54347135674496,-16.34555218808173,0 -71.54377698546516,-16.34546507743407,0 
							</coordinates>
						</LinearRing>
					</outerBoundaryIs>
				</Polygon>
			</Placemark>
			<Placemark>
				<name>1.3.49-4</name>
				<styleUrl>#msn_ylw-pushpin0340</styleUrl>
				<Polygon>
					<tessellate>1</tessellate>
					<outerBoundaryIs>
						<LinearRing>
							<coordinates>
								-71.54405060061072,-16.34442104872773,0 -71.54417536420503,-16.34483236036602,0 -71.54427924240341,-16.34522367696722,0 -71.54442555792942,-16.34576626138307,0 -71.54424014452523,-16.34582014728002,0 -71.54405858756155,-16.34526056770463,0 -71.54394439179771,-16.34527590684041,0 -71.5439916247194,-16.34549340489831,0 -71.54408477827828,-16.34547826996068,0 -71.54417761460429,-16.3458362621525,0 -71.54394316492723,-16.34589550976025,0 -71.54366016652916,-16.34485558508772,0 -71.54357103443651,-16.34455770808407,0 -71.54405060061072,-16.34442104872773,0 
							</coordinates>
						</LinearRing>
					</outerBoundaryIs>
				</Polygon>
			</Placemark>
			<Placemark>
				<name>1.3.49-6</name>
				<styleUrl>#msn_ylw-pushpin0340</styleUrl>
				<Polygon>
					<tessellate>1</tessellate>
					<outerBoundaryIs>
						<LinearRing>
							<coordinates>
								-71.54437377756018,-16.34627508280412,0 -71.54430418831195,-16.34608881524829,0 -71.54427435950323,-16.34587814596357,0 -71.54446253973238,-16.34582291365223,0 -71.54461963031412,-16.34616714632732,0 -71.54437377756018,-16.34627508280412,0 
							</coordinates>
						</LinearRing>
					</outerBoundaryIs>
				</Polygon>
			</Placemark>
			<Placemark>
				<name>1.3.49-7</name>
				<styleUrl>#msn_ylw-pushpin0340</styleUrl>
				<Polygon>
					<tessellate>1</tessellate>
					<outerBoundaryIs>
						<LinearRing>
							<coordinates>
								-71.54448863627154,-16.34668265332345,0 -71.5443815962378,-16.34630964587529,0 -71.54463085759114,-16.34620451049381,0 -71.54479831267112,-16.34655838406558,0 -71.54448863627154,-16.34668265332345,0 
							</coordinates>
						</LinearRing>
					</outerBoundaryIs>
				</Polygon>
			</Placemark>
			<Placemark>
				<name>1.3.49-8</name>
				<styleUrl>#msn_ylw-pushpin0340</styleUrl>
				<Polygon>
					<tessellate>1</tessellate>
					<outerBoundaryIs>
						<LinearRing>
							<coordinates>
								-71.54455997312351,-16.34710970630437,0 -71.54446555182558,-16.34674028069113,0 -71.54480749874634,-16.34658282417018,0 -71.54495676817446,-16.34693308673786,0 -71.54455997312351,-16.34710970630437,0 
							</coordinates>
						</LinearRing>
					</outerBoundaryIs>
				</Polygon>
			</Placemark>
			<Placemark>
				<name>1.3.49-26</name>
				<styleUrl>#msn_ylw-pushpin0340</styleUrl>
				<Polygon>
					<tessellate>1</tessellate>
					<outerBoundaryIs>
						<LinearRing>
							<coordinates>
								-71.54449349389967,-16.35029595854853,0 -71.54453930506304,-16.3500064933828,0 -71.54459553878017,-16.34963666186669,0 -71.54467524526979,-16.34929694389485,0 -71.544710585662,-16.34917212570763,0 -71.54474538896788,-16.34915266150073,0 -71.54476980479421,-16.34917796373453,0 -71.54477993930203,-16.34920133641127,0 -71.54480212794549,-16.34929498410825,0 -71.54483040672517,-16.34943200305647,0 -71.54486909979144,-16.34963461251946,0 -71.54487902042891,-16.34982621825527,0 -71.54488037467884,-16.35006139844754,0 -71.54485931762841,-16.35018172639332,0 -71.54481561693265,-16.35042630599765,0 -71.54449349389967,-16.35029595854853,0 
							</coordinates>
						</LinearRing>
					</outerBoundaryIs>
				</Polygon>
			</Placemark>
			<Placemark>
				<name>1.3.49-27</name>
				<styleUrl>#msn_ylw-pushpin0340</styleUrl>
				<Polygon>
					<tessellate>1</tessellate>
					<outerBoundaryIs>
						<LinearRing>
							<coordinates>
								-71.54435545318965,-16.34630452969938,0 -71.54423280698931,-16.34636022297404,0 -71.54408543950765,-16.34638740771333,0 -71.54408563452914,-16.34637800612339,0 -71.54396642851584,-16.34594295913252,0 -71.544218862964,-16.34588041203756,0 -71.54435545318965,-16.34630452969938,0 
							</coordinates>
						</LinearRing>
					</outerBoundaryIs>
				</Polygon>
			</Placemark>
			<Placemark>
				<name>1.3.49-28</name>
				<styleUrl>#msn_ylw-pushpin0340</styleUrl>
				<Polygon>
					<tessellate>1</tessellate>
					<outerBoundaryIs>
						<LinearRing>
							<coordinates>
								-71.54449161649397,-16.34703330879978,0 -71.54432810741551,-16.34706175557253,0 -71.54426242991208,-16.34683597111322,0 -71.54416437261126,-16.34664235316074,0 -71.54410090519806,-16.34642940295853,0 -71.5443612462314,-16.34637408289831,0 -71.54449161649397,-16.34703330879978,0 
							</coordinates>
						</LinearRing>
					</outerBoundaryIs>
				</Polygon>
			</Placemark>
			<Placemark>
				<name>1.3.49-29</name>
				<styleUrl>#msn_ylw-pushpin0340</styleUrl>
				<Polygon>
					<tessellate>1</tessellate>
					<outerBoundaryIs>
						<LinearRing>
							<coordinates>
								-71.54449694472218,-16.34707660317853,0 -71.54455635723846,-16.34722242147956,0 -71.54385968505552,-16.34738618869902,0 -71.54384859058663,-16.34723210664188,0 -71.54449694472218,-16.34707660317853,0 
							</coordinates>
						</LinearRing>
					</outerBoundaryIs>
				</Polygon>
			</Placemark>
			<Placemark>
				<name>1.3.43-5</name>
				<styleUrl>#msn_ylw-pushpin0340</styleUrl>
				<Polygon>
					<tessellate>1</tessellate>
					<outerBoundaryIs>
						<LinearRing>
							<coordinates>
								-71.54362839948821,-16.35363849226266,0 -71.54306768050628,-16.35368704136225,0 -71.54301788009656,-16.35280403061403,0 -71.5435179666424,-16.35276264485991,0 -71.54362839948821,-16.35363849226266,0 
							</coordinates>
						</LinearRing>
					</outerBoundaryIs>
				</Polygon>
			</Placemark>
			<Placemark>
				<name>1.3.43-11</name>
				<styleUrl>#msn_ylw-pushpin0340</styleUrl>
				<Polygon>
					<tessellate>1</tessellate>
					<outerBoundaryIs>
						<LinearRing>
							<coordinates>
								-71.54350307532401,-16.3525939134845,0 -71.54301371929321,-16.35265240743185,0 -71.54291435720749,-16.3517309420411,0 -71.54340155454095,-16.3516803580107,0 -71.54350307532401,-16.3525939134845,0 
							</coordinates>
						</LinearRing>
					</outerBoundaryIs>
				</Polygon>
			</Placemark>
			<Placemark>
				<name>1.3.43-38</name>
				<open>1</open>
				<styleUrl>#msn_ylw-pushpin0340</styleUrl>
				<Polygon>
					<tessellate>1</tessellate>
					<outerBoundaryIs>
						<LinearRing>
							<coordinates>
								-71.5434459873243,-16.3471323707246,0 -71.54343497367465,-16.34739962429773,0 -71.54303513587182,-16.34742989453052,0 -71.54296229371606,-16.34684266919134,0 -71.54292721120106,-16.34630651407343,0 -71.54286215504895,-16.34560274831567,0 -71.54280724715207,-16.34511736756579,0 -71.54276277857319,-16.34475856795109,0 -71.5431345573494,-16.34466928704584,0 -71.54322056550576,-16.34504262413644,0 -71.54331607795885,-16.34546586938854,0 -71.54343299187896,-16.34588282098209,0 -71.54353436177104,-16.3462414503735,0 -71.54360986912558,-16.34656950072681,0 -71.54364961841858,-16.34687251930533,0 -71.54371319686651,-16.34713524080075,0 -71.54374060389254,-16.34726994180988,0 -71.54375579596318,-16.34740643479403,0 -71.54375572674022,-16.3474279056557,0 -71.54362703752034,-16.34742799924649,0 -71.54358918705891,-16.34723035301336,0 -71.54355115975279,-16.34709718248668,0 -71.54349641115419,-16.34680415129915,0 -71.54342989954623,-16.34657538637893,0 -71.54338467470392,-16.34640231640222,0 -71.54334197320844,-16.34615911245838,0 -71.54327555640904,-16.34595433772036,0 -71.5432579850965,-16.34583250276972,0 -71.54321954908288,-16.34584100255551,0 -71.54333466720406,-16.34637798485972,0 -71.54341172225409,-16.34665171005019,0 -71.5434459873243,-16.3471323707246,0 
							</coordinates>
						</LinearRing>
					</outerBoundaryIs>
				</Polygon>
			</Placemark>
			<Placemark>
				<name>1.3.43-26</name>
				<styleUrl>#msn_ylw-pushpin0340</styleUrl>
				<Polygon>
					<tessellate>1</tessellate>
					<outerBoundaryIs>
						<LinearRing>
							<coordinates>
								-71.54303817171112,-16.34852566581212,0 -71.54256504310905,-16.34857511808113,0 -71.54251761906211,-16.34811501558404,0 -71.5429852056815,-16.34804646402845,0 -71.54303817171112,-16.34852566581212,0 
							</coordinates>
						</LinearRing>
					</outerBoundaryIs>
				</Polygon>
			</Placemark>
			<Placemark>
				<name>1.3.43-27</name>
				<styleUrl>#msn_ylw-pushpin0340</styleUrl>
				<Polygon>
					<tessellate>1</tessellate>
					<outerBoundaryIs>
						<LinearRing>
							<coordinates>
								-71.54296644750724,-16.3480152138583,0 -71.54253188126779,-16.34808295047352,0 -71.54245108978201,-16.34753758004058,0 -71.54287409578993,-16.34749847254813,0 -71.54296644750724,-16.3480152138583,0 
							</coordinates>
						</LinearRing>
					</outerBoundaryIs>
				</Polygon>
			</Placemark>
			<Placemark>
				<name>1.3.48-1</name>
				<styleUrl>#msn_ylw-pushpin0340</styleUrl>
				<Polygon>
					<tessellate>1</tessellate>
					<outerBoundaryIs>
						<LinearRing>
							<coordinates>
								-71.54346072745054,-16.34308395767511,0 -71.5435059914917,-16.34347076750792,0 -71.54281952826008,-16.34355404366119,0 -71.5427569679391,-16.34317698621244,0 -71.54346072745054,-16.34308395767511,0 
							</coordinates>
						</LinearRing>
					</outerBoundaryIs>
				</Polygon>
			</Placemark>
			<Placemark>
				<name>1.3.48-2</name>
				<styleUrl>#msn_ylw-pushpin0340</styleUrl>
				<Polygon>
					<tessellate>1</tessellate>
					<outerBoundaryIs>
						<LinearRing>
							<coordinates>
								-71.54351490430786,-16.34352099478619,0 -71.54357769975346,-16.34402275384775,0 -71.54360934887447,-16.34422385306286,0 -71.54362401416259,-16.34436505600279,0 -71.54333427745973,-16.3444347573899,0 -71.54323723495881,-16.34447059147816,0 -71.54319390484065,-16.3441646183621,0 -71.54316514611001,-16.34384598140034,0 -71.54312437546668,-16.3435700839914,0 -71.54351490430786,-16.34352099478619,0 
							</coordinates>
						</LinearRing>
					</outerBoundaryIs>
				</Polygon>
			</Placemark>
			<Placemark>
				<name>1.3.48-3</name>
				<styleUrl>#msn_ylw-pushpin0340</styleUrl>
				<Polygon>
					<tessellate>1</tessellate>
					<outerBoundaryIs>
						<LinearRing>
							<coordinates>
								-71.54396225405829,-16.34345692464264,0 -71.54403986843106,-16.34402261847825,0 -71.54406832458199,-16.34423208418957,0 -71.54381558239075,-16.34429087608987,0 -71.5436660758411,-16.3443299653694,0 -71.54362599748141,-16.34388037403466,0 -71.54358510483441,-16.34358300477817,0 -71.54357497814551,-16.34350763077104,0 -71.54396225405829,-16.34345692464264,0 
							</coordinates>
						</LinearRing>
					</outerBoundaryIs>
				</Polygon>
			</Placemark>
			<Placemark>
				<name>1.3.48-4</name>
				<styleUrl>#msn_ylw-pushpin0340</styleUrl>
				<Polygon>
					<tessellate>1</tessellate>
					<outerBoundaryIs>
						<LinearRing>
							<coordinates>
								-71.54390395705536,-16.34302110070476,0 -71.54394960249049,-16.34340765720212,0 -71.54356796140162,-16.34345978863344,0 -71.5435141329523,-16.34307562850228,0 -71.54390395705536,-16.34302110070476,0 
							</coordinates>
						</LinearRing>
					</outerBoundaryIs>
				</Polygon>
			</Placemark>
			<Placemark>
				<name>1.3.48-5</name>
				<styleUrl>#msn_ylw-pushpin0340</styleUrl>
				<Polygon>
					<tessellate>1</tessellate>
					<outerBoundaryIs>
						<LinearRing>
							<coordinates>
								-71.54518022338661,-16.34286612954093,0 -71.54519890784061,-16.3430625548275,0 -71.54523065397629,-16.34324138473507,0 -71.54486381443024,-16.34329345501674,0 -71.54451044738302,-16.34333872897068,0 -71.5443590100442,-16.34335312998869,0 -71.54431792318518,-16.34307168786091,0 -71.54430459428713,-16.34296421839613,0 -71.54518022338661,-16.34286612954093,0 
							</coordinates>
						</LinearRing>
					</outerBoundaryIs>
				</Polygon>
			</Placemark>
			<Placemark>
				<name>1.3.48-6</name>
				<styleUrl>#msn_ylw-pushpin0340</styleUrl>
				<Polygon>
					<tessellate>1</tessellate>
					<outerBoundaryIs>
						<LinearRing>
							<coordinates>
								-71.54473247077867,-16.34336328037079,0 -71.54478043203842,-16.34364955558596,0 -71.54481372671638,-16.34388709334868,0 -71.54482690828731,-16.3440445521727,0 -71.54473390079534,-16.34407394213886,0 -71.54445098656078,-16.34414297322214,0 -71.54442471903045,-16.34386806624144,0 -71.5443984725575,-16.34364691150948,0 -71.54436788995521,-16.34340944478702,0 -71.54473247077867,-16.34336328037079,0 
							</coordinates>
						</LinearRing>
					</outerBoundaryIs>
				</Polygon>
			</Placemark>
			<Placemark>
				<name>1.3.48-7</name>
				<styleUrl>#msn_ylw-pushpin0340</styleUrl>
				<Polygon>
					<tessellate>1</tessellate>
					<outerBoundaryIs>
						<LinearRing>
							<coordinates>
								-71.54519883113477,-16.34329700323298,0 -71.54524369941457,-16.34364199276454,0 -71.54528159032064,-16.34393336468868,0 -71.54489438162132,-16.34403963252799,0 -71.54484996627451,-16.3436802296436,0 -71.5448280291743,-16.34351353761612,0 -71.54480388500052,-16.34335791850822,0 -71.54519883113477,-16.34329700323298,0 
							</coordinates>
						</LinearRing>
					</outerBoundaryIs>
				</Polygon>
			</Placemark>
			<Placemark>
				<name>1.3.48-8</name>
				<styleUrl>#msn_ylw-pushpin0340</styleUrl>
				<Polygon>
					<tessellate>1</tessellate>
					<outerBoundaryIs>
						<LinearRing>
							<coordinates>
								-71.54558679746532,-16.34282101963387,0 -71.54578847925092,-16.34321627729657,0 -71.54605032509627,-16.34371131864997,0 -71.54589001936384,-16.34379394561726,0 -71.54570428419868,-16.34386409074624,0 -71.54559560642718,-16.34367315639814,0 -71.54548846355249,-16.34344921442944,0 -71.54539487257277,-16.34326625477898,0 -71.54532394905245,-16.34314364398392,0 -71.54528554784275,-16.34285298863861,0 -71.54558679746532,-16.34282101963387,0 
							</coordinates>
						</LinearRing>
					</outerBoundaryIs>
				</Polygon>
			</Placemark>
			<Placemark>
				<name>1.3.48-9</name>
				<styleUrl>#msn_ylw-pushpin0340</styleUrl>
				<Polygon>
					<tessellate>1</tessellate>
					<outerBoundaryIs>
						<LinearRing>
							<coordinates>
								-71.54633483603641,-16.34306496113804,0 -71.54662138112619,-16.34360052674603,0 -71.54655915008092,-16.34361924433052,0 -71.54641303680262,-16.34366862456059,0 -71.54614521938501,-16.34372521597679,0 -71.54599131426862,-16.34342763691597,0 -71.54583262259678,-16.34310953231302,0 -71.54568211013029,-16.34280695265345,0 -71.5458625718353,-16.34278950607281,0 -71.54616601047267,-16.34275282160144,0 -71.54633483603641,-16.34306496113804,0 
							</coordinates>
						</LinearRing>
					</outerBoundaryIs>
				</Polygon>
			</Placemark>
			<Placemark>
				<name>1.3.48-10</name>
				<styleUrl>#msn_ylw-pushpin0340</styleUrl>
				<Polygon>
					<tessellate>1</tessellate>
					<outerBoundaryIs>
						<LinearRing>
							<coordinates>
								-71.54395785159311,-16.34303584801165,0 -71.54418921905302,-16.34301273312645,0 -71.54435499440227,-16.34416966393487,0 -71.54411730774007,-16.34422756012231,0 -71.54395785159311,-16.34303584801165,0 
							</coordinates>
						</LinearRing>
					</outerBoundaryIs>
				</Polygon>
			</Placemark>
			<Placemark>
				<name>1.3.48-11</name>
				<styleUrl>#msn_ylw-pushpin0340</styleUrl>
				<Polygon>
					<tessellate>1</tessellate>
					<outerBoundaryIs>
						<LinearRing>
							<coordinates>
								-71.54276789931718,-16.34362240760568,0 -71.54303119497243,-16.34358886079216,0 -71.54315142079565,-16.34448356340578,0 -71.54273492197568,-16.34461817110334,0 -71.5425564067136,-16.3432118512994,0 -71.54270474635823,-16.34319183207954,0 -71.54276789931718,-16.34362240760568,0 
							</coordinates>
						</LinearRing>
					</outerBoundaryIs>
				</Polygon>
			</Placemark>
			<Placemark>
				<name>1.3.47-1</name>
				<styleUrl>#msn_ylw-pushpin0340</styleUrl>
				<Polygon>
					<tessellate>1</tessellate>
					<outerBoundaryIs>
						<LinearRing>
							<coordinates>
								-71.54120420093031,-16.34284940512706,0 -71.54125218928731,-16.34324057539569,0 -71.54076240571285,-16.34330193495568,0 -71.54072630490535,-16.34289924156956,0 -71.54120420093031,-16.34284940512706,0 
							</coordinates>
						</LinearRing>
					</outerBoundaryIs>
				</Polygon>
			</Placemark>
			<Placemark>
				<name>1.3.47-2</name>
				<styleUrl>#msn_ylw-pushpin0340</styleUrl>
				<Polygon>
					<tessellate>1</tessellate>
					<outerBoundaryIs>
						<LinearRing>
							<coordinates>
								-71.54113950095599,-16.34239882202757,0 -71.54118112333734,-16.34277425120695,0 -71.54076823649228,-16.34282856575577,0 -71.54074108395542,-16.34263414735343,0 -71.54072111659461,-16.34244834476525,0 -71.54113950095599,-16.34239882202757,0 
							</coordinates>
						</LinearRing>
					</outerBoundaryIs>
				</Polygon>
			</Placemark>
			<Placemark>
				<name>1.3.47-3</name>
				<styleUrl>#msn_ylw-pushpin0340</styleUrl>
				<Polygon>
					<tessellate>1</tessellate>
					<outerBoundaryIs>
						<LinearRing>
							<coordinates>
								-71.54243390461919,-16.34268832216941,0 -71.54248976442337,-16.34307957583554,0 -71.54172573153278,-16.34317696976568,0 -71.54133147822817,-16.34322606761943,0 -71.541300530418,-16.34298241574141,0 -71.54128302026407,-16.34284334485701,0 -71.54184068506514,-16.34276745979906,0 -71.54243390461919,-16.34268832216941,0 
							</coordinates>
						</LinearRing>
					</outerBoundaryIs>
				</Polygon>
			</Placemark>
			<Placemark>
				<name>1.3.47-4</name>
				<styleUrl>#msn_ylw-pushpin0340</styleUrl>
				<Polygon>
					<tessellate>1</tessellate>
					<outerBoundaryIs>
						<LinearRing>
							<coordinates>
								-71.54149017111457,-16.3423729063883,0 -71.54153368104367,-16.34273133020468,0 -71.54120555557836,-16.34277028397602,0 -71.54116128940676,-16.34240706213693,0 -71.54149017111457,-16.3423729063883,0 
							</coordinates>
						</LinearRing>
					</outerBoundaryIs>
				</Polygon>
			</Placemark>
			<Placemark>
				<name>1.3.47-5</name>
				<styleUrl>#msn_ylw-pushpin0340</styleUrl>
				<Polygon>
					<tessellate>1</tessellate>
					<outerBoundaryIs>
						<LinearRing>
							<coordinates>
								-71.5423746388136,-16.34223853513284,0 -71.54243131964388,-16.34262636801426,0 -71.5420781782027,-16.3426633124784,0 -71.54175361178197,-16.34270685779787,0 -71.54155192512879,-16.34273876082867,0 -71.54150477112707,-16.34235442852707,0 -71.5423746388136,-16.34223853513284,0 
							</coordinates>
						</LinearRing>
					</outerBoundaryIs>
				</Polygon>
			</Placemark>
			<Placemark>
				<name>1.3.47-6</name>
				<styleUrl>#msn_ylw-pushpin0340</styleUrl>
				<Polygon>
					<tessellate>1</tessellate>
					<outerBoundaryIs>
						<LinearRing>
							<coordinates>
								-71.5428292940163,-16.34219191897736,0 -71.54288331470758,-16.34261000441603,0 -71.54294294690747,-16.34302577878827,0 -71.54256312396176,-16.34307312479499,0 -71.54250628952876,-16.34263387767875,0 -71.54246519144438,-16.34233355753135,0 -71.5424484717569,-16.34222372568282,0 -71.5428292940163,-16.34219191897736,0 
							</coordinates>
						</LinearRing>
					</outerBoundaryIs>
				</Polygon>
			</Placemark>
			<Placemark>
				<name>1.3.47-7</name>
				<styleUrl>#msn_ylw-pushpin0340</styleUrl>
				<Polygon>
					<tessellate>1</tessellate>
					<outerBoundaryIs>
						<LinearRing>
							<coordinates>
								-71.54331722619939,-16.34212699383838,0 -71.54336605540264,-16.34251102057471,0 -71.54296816379161,-16.34256692422069,0 -71.54293262501318,-16.34230790536151,0 -71.5429198443438,-16.34217670054219,0 -71.54331722619939,-16.34212699383838,0 
							</coordinates>
						</LinearRing>
					</outerBoundaryIs>
				</Polygon>
			</Placemark>
			<Placemark>
				<name>1.3.47-8</name>
				<styleUrl>#msn_ylw-pushpin0340</styleUrl>
				<Polygon>
					<tessellate>1</tessellate>
					<outerBoundaryIs>
						<LinearRing>
							<coordinates>
								-71.54336949255445,-16.34258997770484,0 -71.54341466795242,-16.34297174866998,0 -71.54302912864053,-16.34301809334953,0 -71.54297172312485,-16.34264871303179,0 -71.54336949255445,-16.34258997770484,0 
							</coordinates>
						</LinearRing>
					</outerBoundaryIs>
				</Polygon>
			</Placemark>
			<Placemark>
				<name>1.3.47-9</name>
				<styleUrl>#msn_ylw-pushpin0340</styleUrl>
				<Polygon>
					<tessellate>1</tessellate>
					<outerBoundaryIs>
						<LinearRing>
							<coordinates>
								-71.54385107600736,-16.3425310573046,0 -71.54389824302385,-16.34291293971943,0 -71.54360278364642,-16.34294835123533,0 -71.54351408494726,-16.3429576515455,0 -71.54347891653487,-16.34257326699501,0 -71.54385107600736,-16.3425310573046,0 
							</coordinates>
						</LinearRing>
					</outerBoundaryIs>
				</Polygon>
			</Placemark>
			<Placemark>
				<name>1.3.47-10</name>
				<styleUrl>#msn_ylw-pushpin0340</styleUrl>
				<Polygon>
					<tessellate>1</tessellate>
					<outerBoundaryIs>
						<LinearRing>
							<coordinates>
								-71.54431974410637,-16.34246606466121,0 -71.54435607154053,-16.34271599920234,0 -71.54437196484484,-16.34284574035021,0 -71.544209984174,-16.34287181871449,0 -71.54406741172519,-16.34288843932123,0 -71.54398376110935,-16.34290269920297,0 -71.54394975095931,-16.34266437751087,0 -71.54393059454391,-16.34251058154758,0 -71.54431974410637,-16.34246606466121,0 
							</coordinates>
						</LinearRing>
					</outerBoundaryIs>
				</Polygon>
			</Placemark>
			<Placemark>
				<name>1.3.47-11</name>
				<styleUrl>#msn_ylw-pushpin0340</styleUrl>
				<Polygon>
					<tessellate>1</tessellate>
					<outerBoundaryIs>
						<LinearRing>
							<coordinates>
								-71.54425835295417,-16.34199942405488,0 -71.54431388138697,-16.34238394693304,0 -71.54392320584039,-16.34243961360567,0 -71.54387669941885,-16.34205043516305,0 -71.54425835295417,-16.34199942405488,0 
							</coordinates>
						</LinearRing>
					</outerBoundaryIs>
				</Polygon>
			</Placemark>
			<Placemark>
				<name>1.3.47-12</name>
				<styleUrl>#msn_ylw-pushpin0340</styleUrl>
				<Polygon>
					<tessellate>1</tessellate>
					<outerBoundaryIs>
						<LinearRing>
							<coordinates>
								-71.54417986063507,-16.3414396201807,0 -71.54424079602222,-16.34181592520656,0 -71.54397213293647,-16.34185537194105,0 -71.54382607320551,-16.34186704168456,0 -71.54377619880904,-16.34148294646905,0 -71.54417986063507,-16.3414396201807,0 
							</coordinates>
						</LinearRing>
					</outerBoundaryIs>
				</Polygon>
			</Placemark>
			<Placemark>
				<name>1.3.47-13</name>
				<styleUrl>#msn_ylw-pushpin0340</styleUrl>
				<Polygon>
					<tessellate>1</tessellate>
					<outerBoundaryIs>
						<LinearRing>
							<coordinates>
								-71.54413745908263,-16.34110249094601,0 -71.54417164641006,-16.34135821925521,0 -71.54379590173606,-16.34139417887062,0 -71.54374076500251,-16.34107335234127,0 -71.54413745908263,-16.34110249094601,0 
							</coordinates>
						</LinearRing>
					</outerBoundaryIs>
				</Polygon>
			</Placemark>
			<Placemark>
				<name>1.3.47-14</name>
				<styleUrl>#msn_ylw-pushpin0340</styleUrl>
				<Polygon>
					<tessellate>1</tessellate>
					<outerBoundaryIs>
						<LinearRing>
							<coordinates>
								-71.54366302749212,-16.34107991468181,0 -71.54371265670909,-16.34140517792012,0 -71.54332174852617,-16.34145850888902,0 -71.54325963312867,-16.34104341519584,0 -71.54366302749212,-16.34107991468181,0 
							</coordinates>
						</LinearRing>
					</outerBoundaryIs>
				</Polygon>
			</Placemark>
			<Placemark>
				<name>1.3.47-15</name>
				<styleUrl>#msn_ylw-pushpin0340</styleUrl>
				<Polygon>
					<tessellate>1</tessellate>
					<outerBoundaryIs>
						<LinearRing>
							<coordinates>
								-71.54316179505041,-16.34105968170238,0 -71.54322242473,-16.34146185867865,0 -71.54300150295367,-16.34149089312567,0 -71.54283862578788,-16.34151769772899,0 -71.5427849468615,-16.34116305499291,0 -71.54276859918208,-16.34102503798004,0 -71.54316179505041,-16.34105968170238,0 
							</coordinates>
						</LinearRing>
					</outerBoundaryIs>
				</Polygon>
			</Placemark>
			<Placemark>
				<name>1.3.47-16</name>
				<styleUrl>#msn_ylw-pushpin0340</styleUrl>
				<Polygon>
					<tessellate>1</tessellate>
					<outerBoundaryIs>
						<LinearRing>
							<coordinates>
								-71.54371727477368,-16.34147778276151,0 -71.54377097773231,-16.34187835479555,0 -71.54289292731052,-16.34198905621546,0 -71.54284404398416,-16.34159633513147,0 -71.54371727477368,-16.34147778276151,0 
							</coordinates>
						</LinearRing>
					</outerBoundaryIs>
				</Polygon>
			</Placemark>
			<Placemark>
				<name>1.3.47-17</name>
				<styleUrl>#msn_ylw-pushpin0340</styleUrl>
				<Polygon>
					<tessellate>1</tessellate>
					<outerBoundaryIs>
						<LinearRing>
							<coordinates>
								-71.54267142974261,-16.34102398980881,0 -71.54280787732218,-16.34197889504487,0 -71.54241158384738,-16.34203614521998,0 -71.54236032372307,-16.34148981651445,0 -71.54231619571584,-16.34114300398699,0 -71.54229758466016,-16.34099843472859,0 -71.54267142974261,-16.34102398980881,0 
							</coordinates>
						</LinearRing>
					</outerBoundaryIs>
				</Polygon>
			</Placemark>
			<Placemark>
				<name>1.3.47-18</name>
				<styleUrl>#msn_ylw-pushpin0340</styleUrl>
				<Polygon>
					<tessellate>1</tessellate>
					<outerBoundaryIs>
						<LinearRing>
							<coordinates>
								-71.54224745597095,-16.34131428686949,0 -71.54230069368965,-16.34172942167668,0 -71.54233927995529,-16.34205158546454,0 -71.54194932774739,-16.34208902696954,0 -71.54189491051172,-16.34166191711636,0 -71.5418482914874,-16.34133489157793,0 -71.54224745597095,-16.34131428686949,0 
							</coordinates>
						</LinearRing>
					</outerBoundaryIs>
				</Polygon>
			</Placemark>
			<Placemark>
				<name>1.3.47-19</name>
				<styleUrl>#msn_ylw-pushpin0340</styleUrl>
				<Polygon>
					<tessellate>1</tessellate>
					<outerBoundaryIs>
						<LinearRing>
							<coordinates>
								-71.54177036462998,-16.3413654654739,0 -71.54180255017182,-16.34161282467697,0 -71.54182585407308,-16.3417986037032,0 -71.5418636611238,-16.34210948310697,0 -71.54146043447719,-16.34216182078142,0 -71.54110382064539,-16.34221641745133,0 -71.54099505785558,-16.3414697085518,0 -71.54177036462998,-16.3413654654739,0 
							</coordinates>
						</LinearRing>
					</outerBoundaryIs>
				</Polygon>
			</Placemark>
			<Placemark>
				<name>1.3.47-20</name>
				<styleUrl>#msn_ylw-pushpin0340</styleUrl>
				<Polygon>
					<tessellate>1</tessellate>
					<outerBoundaryIs>
						<LinearRing>
							<coordinates>
								-71.54221203270669,-16.34098499616108,0 -71.54223431907965,-16.34124194217712,0 -71.5419742651525,-16.3412619540775,0 -71.54177024155658,-16.341279591791,0 -71.54137635629758,-16.34132739747391,0 -71.5413154935023,-16.34094547834708,0 -71.54182245565299,-16.3409611155521,0 -71.54221203270669,-16.34098499616108,0 
							</coordinates>
						</LinearRing>
					</outerBoundaryIs>
				</Polygon>
			</Placemark>
			<Placemark>
				<name>1.3.47-21</name>
				<styleUrl>#msn_ylw-pushpin0340</styleUrl>
				<Polygon>
					<tessellate>1</tessellate>
					<outerBoundaryIs>
						<LinearRing>
							<coordinates>
								-71.54128779905081,-16.34093206928304,0 -71.54135576965615,-16.34133118658906,0 -71.54120101275406,-16.34135631421012,0 -71.54092858660125,-16.34138309670732,0 -71.54089361165822,-16.3411222191478,0 -71.54086940756549,-16.34091646429124,0 -71.54128779905081,-16.34093206928304,0 
							</coordinates>
						</LinearRing>
					</outerBoundaryIs>
				</Polygon>
			</Placemark>
			<Placemark>
				<name>1.3.47-22</name>
				<styleUrl>#msn_ylw-pushpin0340</styleUrl>
				<Polygon>
					<tessellate>1</tessellate>
					<outerBoundaryIs>
						<LinearRing>
							<coordinates>
								-71.54072406013617,-16.34093429588031,0 -71.54078284145263,-16.34131104351734,0 -71.54055890877066,-16.34134356001022,0 -71.54051889025152,-16.34095774533812,0 -71.54072406013617,-16.34093429588031,0 
							</coordinates>
						</LinearRing>
					</outerBoundaryIs>
				</Polygon>
			</Placemark>
			<Placemark>
				<name>1.3.47-23</name>
				<styleUrl>#msn_ylw-pushpin0340</styleUrl>
				<Polygon>
					<tessellate>1</tessellate>
					<outerBoundaryIs>
						<LinearRing>
							<coordinates>
								-71.54088194049702,-16.34137497851254,0 -71.54093223801408,-16.34175709092625,0 -71.54061885536933,-16.34179232822525,0 -71.54058482647685,-16.34140669536149,0 -71.54088194049702,-16.34137497851254,0 
							</coordinates>
						</LinearRing>
					</outerBoundaryIs>
				</Polygon>
			</Placemark>
			<Placemark>
				<name>1.3.47-24</name>
				<styleUrl>#msn_ylw-pushpin0340</styleUrl>
				<Polygon>
					<tessellate>1</tessellate>
					<outerBoundaryIs>
						<LinearRing>
							<coordinates>
								-71.5410207925129,-16.34181728836752,0 -71.54108404467843,-16.34220843286206,0 -71.54067676896565,-16.34225974044106,0 -71.54062622886822,-16.34185704610688,0 -71.5410207925129,-16.34181728836752,0 
							</coordinates>
						</LinearRing>
					</outerBoundaryIs>
				</Polygon>
			</Placemark>
			<Placemark>
				<name>1.3.51-1</name>
				<styleUrl>#msn_ylw-pushpin0340</styleUrl>
				<Polygon>
					<tessellate>1</tessellate>
					<outerBoundaryIs>
						<LinearRing>
							<coordinates>
								-71.54603546470533,-16.34266101708641,0 -71.54531803623355,-16.34273785393561,0 -71.54446074634448,-16.34283350913768,0 -71.54444042046119,-16.34268355980048,0 -71.54442153582625,-16.34245096262874,0 -71.54473302363118,-16.34241706744226,0 -71.54516958393681,-16.34236780468629,0 -71.54580371127328,-16.34228605384171,0 -71.54607038681031,-16.34262026253774,0 -71.54603546470533,-16.34266101708641,0 
							</coordinates>
						</LinearRing>
					</outerBoundaryIs>
				</Polygon>
			</Placemark>
			<Placemark>
				<name>1.3.51-2</name>
				<styleUrl>#msn_ylw-pushpin0340</styleUrl>
				<Polygon>
					<tessellate>1</tessellate>
					<outerBoundaryIs>
						<LinearRing>
							<coordinates>
								-71.5454634346369,-16.34187020112072,0 -71.54572236740067,-16.34219006201681,0 -71.54568506469292,-16.34223714792613,0 -71.54488065629029,-16.34232393631572,0 -71.54439987594873,-16.34237608304159,0 -71.54435047466274,-16.34200144904044,0 -71.54494852993929,-16.3419240619353,0 -71.5454634346369,-16.34187020112072,0 
							</coordinates>
						</LinearRing>
					</outerBoundaryIs>
				</Polygon>
			</Placemark>
			<Placemark>
				<name>1.3.51-3</name>
				<styleUrl>#msn_ylw-pushpin0340</styleUrl>
				<Polygon>
					<tessellate>1</tessellate>
					<outerBoundaryIs>
						<LinearRing>
							<coordinates>
								-71.54500789731472,-16.34132998534927,0 -71.54524381646645,-16.34162432453151,0 -71.54522682791733,-16.34169244677321,0 -71.54431668781366,-16.34180739275794,0 -71.54427125465277,-16.34140859784038,0 -71.54500789731472,-16.34132998534927,0 
							</coordinates>
						</LinearRing>
					</outerBoundaryIs>
				</Polygon>
			</Placemark>
			<Placemark>
				<name>1.3.55-1</name>
				<styleUrl>#msn_ylw-pushpin0340</styleUrl>
				<Polygon>
					<tessellate>1</tessellate>
					<outerBoundaryIs>
						<LinearRing>
							<coordinates>
								-71.53935887716372,-16.34122415833176,0 -71.53912898933952,-16.34126225601916,0 -71.53905486043412,-16.34128505094604,0 -71.53894880661741,-16.34126803629578,0 -71.53906846888859,-16.34091633963928,0 -71.53897024000575,-16.33989024103252,0 -71.53882576075375,-16.33875957827105,0 -71.53873741597261,-16.33796800509598,0 -71.53871236981125,-16.33768360478593,0 -71.53875166005517,-16.33681903384673,0 -71.53887375643289,-16.33659083924367,0 -71.53904739363598,-16.33619965454905,0 -71.5391002440692,-16.33589539686948,0 -71.53916819265413,-16.33557665000151,0 -71.53911535391208,-16.3353955409162,0 -71.53902477211426,-16.33512749813916,0 -71.53908453618789,-16.33502684479592,0 -71.5392127714004,-16.33500113369199,0 -71.53929653639277,-16.33511301644292,0 -71.53938174583067,-16.33530687151657,0 -71.53947443035437,-16.33561064277956,0 -71.53955128910656,-16.33586407168434,0 -71.53962472852515,-16.33605255761703,0 -71.53970348485224,-16.33632969749557,0 -71.53976911346611,-16.33663832931228,0 -71.53982742411415,-16.33696865009047,0 -71.5398594384467,-16.3374898436595,0 -71.53996703289664,-16.33840416405977,0 -71.54001542910436,-16.33872930127561,0 -71.54005414511229,-16.33903585735581,0 -71.54008572961314,-16.33944954346467,0 -71.54012530359672,-16.33978878147266,0 -71.54016842884371,-16.34013763887755,0 -71.54020539361007,-16.34041554111755,0 -71.54025468106633,-16.34072300666128,0 -71.54029820797734,-16.34098714794537,0 -71.54033477147271,-16.34130837183904,0 -71.54015608222953,-16.34133793234031,0 -71.53997739317676,-16.34134975441277,0 -71.53986032096974,-16.34135566483285,0 -71.53970011664471,-16.34136748705222,0 -71.53954607365405,-16.34138522206136,0 -71.5394228389889,-16.34140295766277,0 -71.53940435597158,-16.34131426567508,0 -71.53937971136581,-16.34121966075168,0 -71.53935887716372,-16.34122415833176,0 
							</coordinates>
						</LinearRing>
					</outerBoundaryIs>
				</Polygon>
			</Placemark>
			<Placemark>
				<name>1.3.56-4</name>
				<styleUrl>#msn_ylw-pushpin0340</styleUrl>
				<Polygon>
					<tessellate>1</tessellate>
					<outerBoundaryIs>
						<LinearRing>
							<coordinates>
								-71.53723865417885,-16.33170135057959,0 -71.53737426674489,-16.33197072879698,0 -71.53750925999239,-16.33223624463473,0 -71.537619681157,-16.33246965902328,0 -71.53738002187372,-16.33261120971244,0 -71.53723102987097,-16.33227233177627,0 -71.53712072268503,-16.33204868084087,0 -71.53701102356693,-16.3317892858666,0 -71.53723865417885,-16.33170135057959,0 
							</coordinates>
						</LinearRing>
					</outerBoundaryIs>
				</Polygon>
			</Placemark>
			<Placemark>
				<name>1.3.56-5</name>
				<styleUrl>#msn_ylw-pushpin0340</styleUrl>
				<Polygon>
					<tessellate>1</tessellate>
					<outerBoundaryIs>
						<LinearRing>
							<coordinates>
								-71.53759879475976,-16.33159566273263,0 -71.53779243139205,-16.33200155230614,0 -71.53792151538278,-16.3322793081047,0 -71.53806849469171,-16.33259048026474,0 -71.53779353470311,-16.33272393619782,0 -71.53758474395427,-16.33225429751827,0 -71.53743545087855,-16.3319463543243,0 -71.53732226667789,-16.33171579092436,0 -71.53759879475976,-16.33159566273263,0 
							</coordinates>
						</LinearRing>
					</outerBoundaryIs>
				</Polygon>
			</Placemark>
			<Placemark>
				<name>1.3.56-6</name>
				<open>1</open>
				<styleUrl>#msn_ylw-pushpin0340</styleUrl>
				<Polygon>
					<tessellate>1</tessellate>
					<outerBoundaryIs>
						<LinearRing>
							<coordinates>
								-71.53720076437848,-16.33070994325749,0 -71.53748216289218,-16.33132844157215,0 -71.53759137125041,-16.33155489991314,0 -71.53726053075012,-16.33170081833668,0 -71.53724127932345,-16.33167331658204,0 -71.53704568627938,-16.33175001601122,0 -71.53696653197024,-16.33161846067042,0 -71.53666937118994,-16.33076076847099,0 -71.53643931107248,-16.33041309565278,0 -71.53619392674773,-16.32985509018154,0 -71.53606384631907,-16.32989778126949,0 -71.5359521225265,-16.32961723280488,0 -71.53597947068118,-16.32937075216573,0 -71.53597698781083,-16.32923439956508,0 -71.53541838598866,-16.32859006968606,0 -71.53520245733952,-16.32826302066669,0 -71.53511284173335,-16.32805029968058,0 -71.53469468414386,-16.32734489655628,0 -71.53440054207083,-16.32687589616386,0 -71.53409197628572,-16.32643073154874,0 -71.53377778006138,-16.32594324995405,0 -71.53347976918315,-16.32551444640012,0 -71.53387948697402,-16.32525148324918,0 -71.53458476897285,-16.32619182989366,0 -71.53496306846166,-16.32669449016272,0 -71.5352391258613,-16.32707608130573,0 -71.53657652113239,-16.329400504722,0 -71.53677017088491,-16.32975658406667,0 -71.53708032799348,-16.3304213788863,0 -71.53720076437848,-16.33070994325749,0 
							</coordinates>
						</LinearRing>
					</outerBoundaryIs>
				</Polygon>
			</Placemark>
			<Placemark>
				<name>1.3.60-1</name>
				<styleUrl>#msn_ylw-pushpin0340</styleUrl>
				<Polygon>
					<tessellate>1</tessellate>
					<outerBoundaryIs>
						<LinearRing>
							<coordinates>
								-71.53856977096862,-16.33167754532308,0 -71.53851656323728,-16.33144139005007,0 -71.53849299200466,-16.33100821408535,0 -71.53890955173354,-16.3310753808881,0 -71.5393196523772,-16.33112636307211,0 -71.54000799109029,-16.33083246771956,0 -71.54006572763529,-16.33096896706709,0 -71.53856977096862,-16.33167754532308,0 
							</coordinates>
						</LinearRing>
					</outerBoundaryIs>
				</Polygon>
			</Placemark>
			<Placemark>
				<name>1.3.60-2</name>
				<styleUrl>#msn_ylw-pushpin0340</styleUrl>
				<Polygon>
					<tessellate>1</tessellate>
					<outerBoundaryIs>
						<LinearRing>
							<coordinates>
								-71.53990935915375,-16.33063519919354,0 -71.53997183545553,-16.33077010090886,0 -71.53929186473501,-16.33104370467207,0 -71.53869580487451,-16.33096618705147,0 -71.53840944667127,-16.3309176940311,0 -71.53818840292149,-16.33046563080854,0 -71.53830069386468,-16.33042512749849,0 -71.53911257805768,-16.33052393220737,0 -71.53990935915375,-16.33063519919354,0 
							</coordinates>
						</LinearRing>
					</outerBoundaryIs>
				</Polygon>
			</Placemark>
			<Placemark>
				<name>1.3.60-3</name>
				<styleUrl>#msn_ylw-pushpin0340</styleUrl>
				<Polygon>
					<tessellate>1</tessellate>
					<outerBoundaryIs>
						<LinearRing>
							<coordinates>
								-71.53985102557067,-16.33045780403585,0 -71.53982996867738,-16.33053881291934,0 -71.53903554010306,-16.33041892753269,0 -71.53821345998082,-16.33032770584141,0 -71.53819719973251,-16.33036295493594,0 -71.53813227820037,-16.33036882084058,0 -71.53787975615609,-16.32987164537801,0 -71.53819229308834,-16.32981335362496,0 -71.53966449851262,-16.33001361246286,0 -71.53985102557067,-16.33045780403585,0 
							</coordinates>
						</LinearRing>
					</outerBoundaryIs>
				</Polygon>
			</Placemark>
			<Placemark>
				<name>1.3.60-4</name>
				<styleUrl>#msn_ylw-pushpin0340</styleUrl>
				<Polygon>
					<tessellate>1</tessellate>
					<outerBoundaryIs>
						<LinearRing>
							<coordinates>
								-71.53940743676014,-16.32939156038349,0 -71.53962584835648,-16.32995663350322,0 -71.53921051604685,-16.32988421481893,0 -71.53839920718436,-16.32977064658247,0 -71.53805782921921,-16.32971135636314,0 -71.53783277772374,-16.32981663171677,0 -71.53760314517346,-16.32938492233118,0 -71.53797735408976,-16.32920798392503,0 -71.53839086998812,-16.32923773199127,0 -71.53905116621628,-16.32934161573773,0 -71.53932169369068,-16.32937466879141,0 -71.53940743676014,-16.32939156038349,0 
							</coordinates>
						</LinearRing>
					</outerBoundaryIs>
				</Polygon>
			</Placemark>
			<Placemark>
				<name>1.3.60-5</name>
				<styleUrl>#msn_ylw-pushpin0340</styleUrl>
				<Polygon>
					<tessellate>1</tessellate>
					<outerBoundaryIs>
						<LinearRing>
							<coordinates>
								-71.53882115771184,-16.32867699344598,0 -71.53909431280196,-16.32888682253722,0 -71.5392221784076,-16.32908806613945,0 -71.53920833432164,-16.32920343324245,0 -71.53845872244084,-16.32908030486438,0 -71.5381009200359,-16.32902715261155,0 -71.53794744533242,-16.32905251574012,0 -71.53754623928022,-16.32923417544195,0 -71.53735638332256,-16.3288107066041,0 -71.53792256012898,-16.32855735895091,0 -71.53824021656271,-16.32856127454583,0 -71.53882115771184,-16.32867699344598,0 
							</coordinates>
						</LinearRing>
					</outerBoundaryIs>
				</Polygon>
			</Placemark>
			<Placemark>
				<name>1.3.60-6</name>
				<styleUrl>#msn_ylw-pushpin0340</styleUrl>
				<Polygon>
					<tessellate>1</tessellate>
					<outerBoundaryIs>
						<LinearRing>
							<coordinates>
								-71.53784066615847,-16.32752824618609,0 -71.53806191751781,-16.32795871778825,0 -71.53754763517655,-16.32817346949433,0 -71.53715441727475,-16.32836682073818,0 -71.53699097218386,-16.32792471178862,0 -71.53744211319562,-16.32771111914058,0 -71.53784066615847,-16.32752824618609,0 
							</coordinates>
						</LinearRing>
					</outerBoundaryIs>
				</Polygon>
			</Placemark>
			<Placemark>
				<name>1.3.60-7</name>
				<styleUrl>#msn_ylw-pushpin0340</styleUrl>
				<Polygon>
					<tessellate>1</tessellate>
					<outerBoundaryIs>
						<LinearRing>
							<coordinates>
								-71.53755717504163,-16.32704587433157,0 -71.53778755472835,-16.32744702283314,0 -71.53739145144178,-16.32763085558172,0 -71.53696740377887,-16.32782993736889,0 -71.53698389868148,-16.32770987307534,0 -71.53701818633012,-16.32756343077097,0 -71.5370315678522,-16.32746380548941,0 -71.53709298446422,-16.32726047033997,0 -71.53755717504163,-16.32704587433157,0 
							</coordinates>
						</LinearRing>
					</outerBoundaryIs>
				</Polygon>
			</Placemark>
			<Placemark>
				<name>1.3.60-8</name>
				<styleUrl>#msn_ylw-pushpin0340</styleUrl>
				<Polygon>
					<tessellate>1</tessellate>
					<outerBoundaryIs>
						<LinearRing>
							<coordinates>
								-71.53713504246807,-16.32633262782227,0 -71.53720982760123,-16.32649049900519,0 -71.5371737539575,-16.32651208920587,0 -71.53746851942866,-16.32699638666248,0 -71.53715730233749,-16.32715041175206,0 -71.53705768320977,-16.32677746259592,0 -71.53687029611538,-16.32647273099827,0 -71.53713504246807,-16.32633262782227,0 
							</coordinates>
						</LinearRing>
					</outerBoundaryIs>
				</Polygon>
			</Placemark>
			<Placemark>
				<name>1.3.60-9</name>
				<styleUrl>#msn_ylw-pushpin0340</styleUrl>
				<Polygon>
					<tessellate>1</tessellate>
					<outerBoundaryIs>
						<LinearRing>
							<coordinates>
								-71.53708889426139,-16.32624327977581,0 -71.53684112948009,-16.32639440875771,0 -71.53656107775427,-16.3260559552427,0 -71.53626207793329,-16.32563787405066,0 -71.53666657884855,-16.32539490011591,0 -71.53685300220168,-16.32566790113298,0 -71.5371543620701,-16.32610070342975,0 -71.53708889426139,-16.32624327977581,0 
							</coordinates>
						</LinearRing>
					</outerBoundaryIs>
				</Polygon>
			</Placemark>
			<Placemark>
				<name>1.3.60-15</name>
				<styleUrl>#msn_ylw-pushpin0340</styleUrl>
				<Polygon>
					<tessellate>1</tessellate>
					<outerBoundaryIs>
						<LinearRing>
							<coordinates>
								-71.53645905855723,-16.32660882901466,0 -71.53606629700435,-16.32686224280909,0 -71.53581003894301,-16.32647190579645,0 -71.5355345543969,-16.32609047465749,0 -71.5359604239007,-16.32583749006183,0 -71.53645905855723,-16.32660882901466,0 
							</coordinates>
						</LinearRing>
					</outerBoundaryIs>
				</Polygon>
			</Placemark>
			<Placemark>
				<name>1.3.60-16</name>
				<styleUrl>#msn_ylw-pushpin0340</styleUrl>
				<Polygon>
					<tessellate>1</tessellate>
					<outerBoundaryIs>
						<LinearRing>
							<coordinates>
								-71.53557375077831,-16.32717735076272,0 -71.53546667489837,-16.32701021655187,0 -71.53524949263647,-16.32668717457083,0 -71.53505005366179,-16.32638369969304,0 -71.5354588365262,-16.32613723942531,0 -71.53560799447014,-16.32635957641477,0 -71.53597685987198,-16.32691419459886,0 -71.53557375077831,-16.32717735076272,0 
							</coordinates>
						</LinearRing>
					</outerBoundaryIs>
				</Polygon>
			</Placemark>
			<Placemark>
				<name>1.3.60-17</name>
				<styleUrl>#msn_ylw-pushpin0340</styleUrl>
				<Polygon>
					<tessellate>1</tessellate>
					<outerBoundaryIs>
						<LinearRing>
							<coordinates>
								-71.53603477078968,-16.3270053838546,0 -71.53633685124525,-16.32743665141555,0 -71.53658525705711,-16.32784597491975,0 -71.53613496879129,-16.32804608070176,0 -71.5358406627805,-16.3275607147222,0 -71.53562159180927,-16.32723474763508,0 -71.53603477078968,-16.3270053838546,0 
							</coordinates>
						</LinearRing>
					</outerBoundaryIs>
				</Polygon>
			</Placemark>
			<Placemark>
				<name>1.3.60-18</name>
				<styleUrl>#msn_ylw-pushpin0340</styleUrl>
				<Polygon>
					<tessellate>1</tessellate>
					<outerBoundaryIs>
						<LinearRing>
							<coordinates>
								-71.53663539087886,-16.32791021617896,0 -71.53694043500121,-16.32850539176081,0 -71.53666605769561,-16.32860675014673,0 -71.53645909073836,-16.32872612344762,0 -71.53633939141775,-16.32849474622697,0 -71.53616613550415,-16.32812878546669,0 -71.53663539087886,-16.32791021617896,0 
							</coordinates>
						</LinearRing>
					</outerBoundaryIs>
				</Polygon>
			</Placemark>
			<Placemark>
				<name>1.3.60-19</name>
				<styleUrl>#msn_ylw-pushpin0340</styleUrl>
				<Polygon>
					<tessellate>1</tessellate>
					<outerBoundaryIs>
						<LinearRing>
							<coordinates>
								-71.53727380038299,-16.32883975208881,0 -71.53748180869196,-16.32926690022909,0 -71.53721158268495,-16.32939452644048,0 -71.53688755340195,-16.32956138502427,0 -71.5366553827743,-16.32912259961554,0 -71.53727380038299,-16.32883975208881,0 
							</coordinates>
						</LinearRing>
					</outerBoundaryIs>
				</Polygon>
			</Placemark>
			<Placemark>
				<name>1.3.60-20</name>
				<styleUrl>#msn_ylw-pushpin0340</styleUrl>
				<Polygon>
					<tessellate>1</tessellate>
					<outerBoundaryIs>
						<LinearRing>
							<coordinates>
								-71.53799779760496,-16.33042086687618,0 -71.53742762638929,-16.33072473272276,0 -71.5371409411599,-16.33013488089883,0 -71.53694051824415,-16.32969876323872,0 -71.5374946693012,-16.3294572992973,0 -71.53799779760496,-16.33042086687618,0 
							</coordinates>
						</LinearRing>
					</outerBoundaryIs>
				</Polygon>
			</Placemark>
			<Placemark>
				<name>1.3.60-21</name>
				<styleUrl>#msn_ylw-pushpin0340</styleUrl>
				<Polygon>
					<tessellate>1</tessellate>
					<outerBoundaryIs>
						<LinearRing>
							<coordinates>
								-71.53773130205784,-16.33066525725811,0 -71.53787591085069,-16.33099791295026,0 -71.5382805884019,-16.33081574872341,0 -71.53847415064985,-16.33126656317013,0 -71.53807804446019,-16.33142522537256,0 -71.53820534770047,-16.33189448167217,0 -71.53797593226773,-16.33201010853609,0 -71.53772055145691,-16.33137748803544,0 -71.53745849694347,-16.33079429422452,0 -71.53773130205784,-16.33066525725811,0 
							</coordinates>
						</LinearRing>
					</outerBoundaryIs>
				</Polygon>
			</Placemark>
			<Placemark>
				<name>1.3.61-1</name>
				<styleUrl>#msn_ylw-pushpin0340</styleUrl>
				<Polygon>
					<tessellate>1</tessellate>
					<outerBoundaryIs>
						<LinearRing>
							<coordinates>
								-71.53269406432878,-16.32112381721504,0 -71.53175587490942,-16.32181434888648,0 -71.53134083767421,-16.3211297789699,0 -71.53269406432878,-16.32112381721504,0 
							</coordinates>
						</LinearRing>
					</outerBoundaryIs>
				</Polygon>
			</Placemark>
			<Placemark>
				<name>1.3.61-2</name>
				<styleUrl>#msn_ylw-pushpin0340</styleUrl>
				<Polygon>
					<tessellate>1</tessellate>
					<outerBoundaryIs>
						<LinearRing>
							<coordinates>
								-71.53271705561785,-16.32124639322455,0 -71.53329574655119,-16.32219426047748,0 -71.53236172242629,-16.32282633518356,0 -71.53179763774534,-16.32189432734456,0 -71.53271705561785,-16.32124639322455,0 
							</coordinates>
						</LinearRing>
					</outerBoundaryIs>
				</Polygon>
			</Placemark>
			<Placemark>
				<name>1.3.61-3</name>
				<styleUrl>#msn_ylw-pushpin0340</styleUrl>
				<Polygon>
					<tessellate>1</tessellate>
					<outerBoundaryIs>
						<LinearRing>
							<coordinates>
								-71.53280328960454,-16.32116035658684,0 -71.53367715478512,-16.32115555476005,0 -71.53405021838439,-16.32162046581446,0 -71.53334752092678,-16.32214445874672,0 -71.53280328960454,-16.32116035658684,0 
							</coordinates>
						</LinearRing>
					</outerBoundaryIs>
				</Polygon>
			</Placemark>
			<Placemark>
				<name>1.3.61-4</name>
				<styleUrl>#msn_ylw-pushpin0340</styleUrl>
				<Polygon>
					<tessellate>1</tessellate>
					<outerBoundaryIs>
						<LinearRing>
							<coordinates>
								-71.53465525510693,-16.3211800990173,0 -71.53413254920983,-16.32156531760639,0 -71.53378486245252,-16.32117809973392,0 -71.53465525510693,-16.3211800990173,0 
							</coordinates>
						</LinearRing>
					</outerBoundaryIs>
				</Polygon>
			</Placemark>
			<Placemark>
				<name>1.3.62-1</name>
				<styleUrl>#msn_ylw-pushpin0340</styleUrl>
				<Polygon>
					<tessellate>1</tessellate>
					<outerBoundaryIs>
						<LinearRing>
							<coordinates>
								-71.52999166133053,-16.31868111544873,0 -71.53021293280148,-16.31886988805594,0 -71.53127416922693,-16.31981335938477,0 -71.53288730153446,-16.31818031385777,0 -71.53335020788793,-16.31866405625615,0 -71.5316078873566,-16.31995357485249,0 -71.53098439900121,-16.32039323674766,0 -71.53059379386497,-16.31976035690253,0 -71.53025508828669,-16.31927644107911,0 -71.52995121564598,-16.31887740759622,0 -71.52981778510643,-16.31856161033274,0 -71.52999166133053,-16.31868111544873,0 
							</coordinates>
						</LinearRing>
					</outerBoundaryIs>
				</Polygon>
			</Placemark>
			<Placemark>
				<name>1.3.62-2</name>
				<styleUrl>#msn_ylw-pushpin0340</styleUrl>
				<Polygon>
					<tessellate>1</tessellate>
					<outerBoundaryIs>
						<LinearRing>
							<coordinates>
								-71.53329522603964,-16.31888499413493,0 -71.53381417347029,-16.31954294419829,0 -71.53233100381216,-16.3205848024484,0 -71.53113175396396,-16.32057559905971,0 -71.5310835464241,-16.32049999887525,0 -71.53329522603964,-16.31888499413493,0 
							</coordinates>
						</LinearRing>
					</outerBoundaryIs>
				</Polygon>
			</Placemark>
			<Placemark>
				<name>1.3.62-3</name>
				<styleUrl>#msn_ylw-pushpin0340</styleUrl>
				<Polygon>
					<tessellate>1</tessellate>
					<outerBoundaryIs>
						<LinearRing>
							<coordinates>
								-71.53388059230613,-16.31961919736402,0 -71.53467000865611,-16.32063018287892,0 -71.53244631729127,-16.32061284338264,0 -71.53388059230613,-16.31961919736402,0 
							</coordinates>
						</LinearRing>
					</outerBoundaryIs>
				</Polygon>
			</Placemark>
			<Placemark>
				<name>1.3.62-4</name>
				<styleUrl>#msn_ylw-pushpin0340</styleUrl>
				<Polygon>
					<tessellate>1</tessellate>
					<outerBoundaryIs>
						<LinearRing>
							<coordinates>
								-71.53375676041328,-16.31907452791988,0 -71.53385963856923,-16.31919064375323,0 -71.53401129390377,-16.31940621118003,0 -71.53389700902282,-16.31948557102806,0 -71.5336118320777,-16.31915296536169,0 -71.53351350351191,-16.3189065845124,0 -71.53375676041328,-16.31907452791988,0 
							</coordinates>
						</LinearRing>
					</outerBoundaryIs>
				</Polygon>
			</Placemark>
			<Placemark>
				<name>1.3.62-5</name>
				<styleUrl>#msn_ylw-pushpin0340</styleUrl>
				<Polygon>
					<tessellate>1</tessellate>
					<outerBoundaryIs>
						<LinearRing>
							<coordinates>
								-71.53406541983604,-16.31950493335422,0 -71.53416331798476,-16.31959566371885,0 -71.53422154904736,-16.31968609536047,0 -71.53436919678013,-16.31957835139982,0 -71.53455744145437,-16.31959826885771,0 -71.53495628189948,-16.32001456689935,0 -71.53495415413894,-16.32024877858042,0 -71.53495882946329,-16.32035037718328,0 -71.5349484962408,-16.32045222193631,0 -71.53496929632477,-16.32058325185574,0 -71.53491452967224,-16.32063809786272,0 -71.53482901121845,-16.32064392194182,0 -71.53398797377375,-16.31954967760069,0 -71.53406541983604,-16.31950493335422,0 
							</coordinates>
						</LinearRing>
					</outerBoundaryIs>
				</Polygon>
			</Placemark>
			<Placemark>
				<name>1.3.66J-2</name>
				<styleUrl>#msn_ylw-pushpin0340</styleUrl>
				<Polygon>
					<tessellate>1</tessellate>
					<outerBoundaryIs>
						<LinearRing>
							<coordinates>
								-71.5201827352296,-16.28982068573583,0 -71.51975461664775,-16.28893608656352,0 -71.52013314755412,-16.28875423825278,0 -71.52054785589625,-16.28967898706769,0 -71.5201827352296,-16.28982068573583,0 
							</coordinates>
						</LinearRing>
					</outerBoundaryIs>
				</Polygon>
			</Placemark>
			<Placemark>
				<name>1.3.66J-3</name>
				<styleUrl>#msn_ylw-pushpin0340</styleUrl>
				<Polygon>
					<tessellate>1</tessellate>
					<outerBoundaryIs>
						<LinearRing>
							<coordinates>
								-71.52009331443534,-16.28984760253547,0 -71.51972721268061,-16.29003735104595,0 -71.51926753755961,-16.28913739122559,0 -71.51967737255231,-16.28897556817764,0 -71.52009331443534,-16.28984760253547,0 
							</coordinates>
						</LinearRing>
					</outerBoundaryIs>
				</Polygon>
			</Placemark>
			<Placemark>
				<name>1.3.66J-6</name>
				<styleUrl>#msn_ylw-pushpin0340</styleUrl>
				<Polygon>
					<tessellate>1</tessellate>
					<outerBoundaryIs>
						<LinearRing>
							<coordinates>
								-71.51971357382693,-16.28777186156597,0 -71.51915089241486,-16.28669073908888,0 -71.51952971871027,-16.28648442644376,0 -71.52008583162964,-16.28761525160081,0 -71.51971357382693,-16.28777186156597,0 
							</coordinates>
						</LinearRing>
					</outerBoundaryIs>
				</Polygon>
			</Placemark>
			<Placemark>
				<name>1.3.66D-1</name>
				<styleUrl>#msn_ylw-pushpin0340</styleUrl>
				<Polygon>
					<tessellate>1</tessellate>
					<outerBoundaryIs>
						<LinearRing>
							<coordinates>
								-71.52298026794544,-16.29341766958394,0 -71.52297726378679,-16.29362588700436,0 -71.52202048210978,-16.29355106339069,0 -71.52193005727901,-16.29330091471773,0 -71.52298026794544,-16.29341766958394,0 
							</coordinates>
						</LinearRing>
					</outerBoundaryIs>
				</Polygon>
			</Placemark>
			<Placemark>
				<name>1.3.66D-2</name>
				<styleUrl>#msn_ylw-pushpin0340</styleUrl>
				<Polygon>
					<tessellate>1</tessellate>
					<outerBoundaryIs>
						<LinearRing>
							<coordinates>
								-71.52296747345517,-16.29370786287392,0 -71.52304408491084,-16.29369860437968,0 -71.52310569489092,-16.29375593247107,0 -71.52317121749134,-16.29383334214667,0 -71.52239479978678,-16.29447421183081,0 -71.52227392023784,-16.29430890710341,0 -71.52296747345517,-16.29370786287392,0 
							</coordinates>
						</LinearRing>
					</outerBoundaryIs>
				</Polygon>
			</Placemark>
			<Placemark>
				<name>1.3.66D-3</name>
				<styleUrl>#msn_ylw-pushpin0340</styleUrl>
				<Polygon>
					<tessellate>1</tessellate>
					<outerBoundaryIs>
						<LinearRing>
							<coordinates>
								-71.52229489992646,-16.29452887245174,0 -71.52196180022629,-16.29483007158203,0 -71.52172804917311,-16.2941166441541,0 -71.52209190850412,-16.29399926238636,0 -71.52229489992646,-16.29452887245174,0 
							</coordinates>
						</LinearRing>
					</outerBoundaryIs>
				</Polygon>
			</Placemark>
			<Placemark>
				<name>1.3.66D-4</name>
				<styleUrl>#msn_ylw-pushpin0340</styleUrl>
				<Polygon>
					<tessellate>1</tessellate>
					<outerBoundaryIs>
						<LinearRing>
							<coordinates>
								-71.52188247961493,-16.29492544438623,0 -71.52171481229965,-16.29506608769653,0 -71.52162359059355,-16.29514230725275,0 -71.52156354774421,-16.29516053913499,0 -71.52125455734638,-16.29428381985296,0 -71.52161705691164,-16.29416076017449,0 -71.52188247961493,-16.29492544438623,0 
							</coordinates>
						</LinearRing>
					</outerBoundaryIs>
				</Polygon>
			</Placemark>
			<Placemark>
				<name>1.3.66D-5</name>
				<styleUrl>#msn_ylw-pushpin0340</styleUrl>
				<Polygon>
					<tessellate>1</tessellate>
					<outerBoundaryIs>
						<LinearRing>
							<coordinates>
								-71.52148412763192,-16.29526183340376,0 -71.52115188843615,-16.29553491106432,0 -71.52102544584096,-16.29513730056086,0 -71.52089857432796,-16.29475362824946,0 -71.52079163048114,-16.29445847363318,0 -71.52118808048262,-16.29431118681337,0 -71.52148412763192,-16.29526183340376,0 
							</coordinates>
						</LinearRing>
					</outerBoundaryIs>
				</Polygon>
			</Placemark>
			<Placemark>
				<name>1.3.66D-6</name>
				<styleUrl>#msn_ylw-pushpin0340</styleUrl>
				<Polygon>
					<tessellate>1</tessellate>
					<outerBoundaryIs>
						<LinearRing>
							<coordinates>
								-71.52141351694202,-16.29326003662232,0 -71.52186432406315,-16.29327730850959,0 -71.52205484064677,-16.29390029484205,0 -71.52168358192033,-16.29401605940496,0 -71.52141351694202,-16.29326003662232,0 
							</coordinates>
						</LinearRing>
					</outerBoundaryIs>
				</Polygon>
			</Placemark>
			<Placemark>
				<name>1.3.66D-7</name>
				<styleUrl>#msn_ylw-pushpin0340</styleUrl>
				<Polygon>
					<tessellate>1</tessellate>
					<outerBoundaryIs>
						<LinearRing>
							<coordinates>
								-71.52157914275894,-16.2940625540043,0 -71.52122078179998,-16.29418848479066,0 -71.52089736212197,-16.29319625775674,0 -71.52131333466076,-16.29324188905223,0 -71.52157914275894,-16.2940625540043,0 
							</coordinates>
						</LinearRing>
					</outerBoundaryIs>
				</Polygon>
			</Placemark>
			<Placemark>
				<name>1.3.66D-8</name>
				<styleUrl>#msn_ylw-pushpin0340</styleUrl>
				<Polygon>
					<tessellate>1</tessellate>
					<outerBoundaryIs>
						<LinearRing>
							<coordinates>
								-71.52076606958047,-16.29432986118088,0 -71.52074172062198,-16.294016719266,0 -71.52068912818042,-16.29380825593266,0 -71.52049357916039,-16.29322472770431,0 -71.52064020048591,-16.29321132164078,0 -71.52071440175635,-16.29321404903814,0 -71.52082038505051,-16.2931989538689,0 -71.52114015458631,-16.29420282215726,0 -71.52076606958047,-16.29432986118088,0 
							</coordinates>
						</LinearRing>
					</outerBoundaryIs>
				</Polygon>
			</Placemark>
			<Placemark>
				<name>1.3.66D-9</name>
				<styleUrl>#msn_ylw-pushpin0340</styleUrl>
				<Polygon>
					<tessellate>1</tessellate>
					<outerBoundaryIs>
						<LinearRing>
							<coordinates>
								-71.5204722638245,-16.29226053892176,0 -71.52072517074461,-16.29301752668102,0 -71.5205363021264,-16.29293293662655,0 -71.52036423949122,-16.29279879288557,0 -71.52008260606742,-16.29248509088475,0 -71.5200628382656,-16.29239777652859,0 -71.5204722638245,-16.29226053892176,0 
							</coordinates>
						</LinearRing>
					</outerBoundaryIs>
				</Polygon>
			</Placemark>
			<Placemark>
				<name>1.3.66D-10</name>
				<styleUrl>#msn_ylw-pushpin0340</styleUrl>
				<Polygon>
					<tessellate>1</tessellate>
					<outerBoundaryIs>
						<LinearRing>
							<coordinates>
								-71.52128018781801,-16.29306201858955,0 -71.52083137114926,-16.29300454597221,0 -71.52057451067381,-16.2922377693007,0 -71.52094748418153,-16.29213387839717,0 -71.52128018781801,-16.29306201858955,0 
							</coordinates>
						</LinearRing>
					</outerBoundaryIs>
				</Polygon>
			</Placemark>
			<Placemark>
				<name>1.3.66D-11</name>
				<styleUrl>#msn_ylw-pushpin0340</styleUrl>
				<Polygon>
					<tessellate>1</tessellate>
					<outerBoundaryIs>
						<LinearRing>
							<coordinates>
								-71.52102162781861,-16.29208019294488,0 -71.52131222136374,-16.2919854224898,0 -71.52168748776039,-16.29309213924424,0 -71.52137100581994,-16.29305990709817,0 -71.52102162781861,-16.29208019294488,0 
							</coordinates>
						</LinearRing>
					</outerBoundaryIs>
				</Polygon>
			</Placemark>
			<Placemark>
				<name>1.3.66D-12</name>
				<styleUrl>#msn_ylw-pushpin0340</styleUrl>
				<Polygon>
					<tessellate>1</tessellate>
					<outerBoundaryIs>
						<LinearRing>
							<coordinates>
								-71.52043687468431,-16.2921749536276,0 -71.52006298827875,-16.2922908354168,0 -71.51980572533461,-16.29150400084076,0 -71.52018035278083,-16.29139916345436,0 -71.52043687468431,-16.2921749536276,0 
							</coordinates>
						</LinearRing>
					</outerBoundaryIs>
				</Polygon>
			</Placemark>
			<Placemark>
				<name>1.3.66D-13</name>
				<styleUrl>#msn_ylw-pushpin0340</styleUrl>
				<Polygon>
					<tessellate>1</tessellate>
					<outerBoundaryIs>
						<LinearRing>
							<coordinates>
								-71.52088770771897,-16.29202496208176,0 -71.52053560600469,-16.29214280757601,0 -71.52027670682266,-16.29137011334144,0 -71.5206338602604,-16.29124732084964,0 -71.52088770771897,-16.29202496208176,0 
							</coordinates>
						</LinearRing>
					</outerBoundaryIs>
				</Polygon>
			</Placemark>
			<Placemark>
				<name>1.3.66D-14</name>
				<styleUrl>#msn_ylw-pushpin0340</styleUrl>
				<Polygon>
					<tessellate>1</tessellate>
					<outerBoundaryIs>
						<LinearRing>
							<coordinates>
								-71.52074474002303,-16.29122536963855,0 -71.52100165477226,-16.29113869136536,0 -71.52106620630504,-16.29130848469366,0 -71.52079805064866,-16.29140075863877,0 -71.52074474002303,-16.29122536963855,0 
							</coordinates>
						</LinearRing>
					</outerBoundaryIs>
				</Polygon>
			</Placemark>
			<Placemark>
				<name>1.3.66D-15</name>
				<styleUrl>#msn_ylw-pushpin0340</styleUrl>
				<Polygon>
					<tessellate>1</tessellate>
					<outerBoundaryIs>
						<LinearRing>
							<coordinates>
								-71.52047983207414,-16.29043806217716,0 -71.52075796696123,-16.29035030392076,0 -71.52097467534615,-16.29103398804131,0 -71.52069130964358,-16.29112089921375,0 -71.52047983207414,-16.29043806217716,0 
							</coordinates>
						</LinearRing>
					</outerBoundaryIs>
				</Polygon>
			</Placemark>
			<Placemark>
				<name>1.3.66D-16</name>
				<styleUrl>#msn_ylw-pushpin0340</styleUrl>
				<Polygon>
					<tessellate>1</tessellate>
					<outerBoundaryIs>
						<LinearRing>
							<coordinates>
								-71.52060915818284,-16.29116981915944,0 -71.52025196389582,-16.29127920790391,0 -71.5201369116468,-16.29091286947544,0 -71.52049472318166,-16.29080641184604,0 -71.52060915818284,-16.29116981915944,0 
							</coordinates>
						</LinearRing>
					</outerBoundaryIs>
				</Polygon>
			</Placemark>
			<Placemark>
				<name>1.3.66C-1</name>
				<styleUrl>#msn_ylw-pushpin0340</styleUrl>
				<Polygon>
					<tessellate>1</tessellate>
					<outerBoundaryIs>
						<LinearRing>
							<coordinates>
								-71.52160693270312,-16.29542131582114,0 -71.5216772711499,-16.29596912748046,0 -71.52127497952245,-16.29593448316807,0 -71.52124252826823,-16.29574757466151,0 -71.52160693270312,-16.29542131582114,0 
							</coordinates>
						</LinearRing>
					</outerBoundaryIs>
				</Polygon>
			</Placemark>
			<Placemark>
				<name>1.3.66C-2</name>
				<styleUrl>#msn_ylw-pushpin0340</styleUrl>
				<Polygon>
					<tessellate>1</tessellate>
					<outerBoundaryIs>
						<LinearRing>
							<coordinates>
								-71.52214122817045,-16.29571706786207,0 -71.52216376301672,-16.29593476097843,0 -71.52177845738993,-16.2959643201977,0 -71.52176588563238,-16.29576959822615,0 -71.52214122817045,-16.29571706786207,0 
							</coordinates>
						</LinearRing>
					</outerBoundaryIs>
				</Polygon>
			</Placemark>
			<Placemark>
				<name>1.3.66C-3</name>
				<styleUrl>#msn_ylw-pushpin0340</styleUrl>
				<Polygon>
					<tessellate>1</tessellate>
					<outerBoundaryIs>
						<LinearRing>
							<coordinates>
								-71.52237074845422,-16.2955939845605,0 -71.52231110752648,-16.29535251464355,0 -71.5224153713458,-16.29529907248232,0 -71.52239122737289,-16.29514484462655,0 -71.52245234278683,-16.29511224586908,0 -71.52251377226366,-16.29531022284124,0 -71.52259057034625,-16.29554372617774,0 -71.52264459796228,-16.29577839853018,0 -71.5226629197475,-16.29585619271284,0 -71.52225307884757,-16.29590153244248,0 -71.52222097997689,-16.29562578099363,0 -71.52237074845422,-16.2955939845605,0 
							</coordinates>
						</LinearRing>
					</outerBoundaryIs>
				</Polygon>
			</Placemark>
			<Placemark>
				<name>1.3.66C-4</name>
				<styleUrl>#msn_ylw-pushpin0340</styleUrl>
				<Polygon>
					<tessellate>1</tessellate>
					<outerBoundaryIs>
						<LinearRing>
							<coordinates>
								-71.52171252737627,-16.29536534089794,0 -71.52179212950139,-16.29530068193646,0 -71.52193557745994,-16.29556483230505,0 -71.52184940370805,-16.29561165196169,0 -71.52171252737627,-16.29536534089794,0 
							</coordinates>
						</LinearRing>
					</outerBoundaryIs>
				</Polygon>
			</Placemark>
			<Placemark>
				<name>1.3.66C-5</name>
				<styleUrl>#msn_ylw-pushpin0340</styleUrl>
				<Polygon>
					<tessellate>1</tessellate>
					<outerBoundaryIs>
						<LinearRing>
							<coordinates>
								-71.52334368666655,-16.29400415964204,0 -71.52342848748808,-16.29428348647167,0 -71.52316611301552,-16.29451990762186,0 -71.52290120365892,-16.29472326640695,0 -71.52250463868825,-16.29493483900679,0 -71.52241025827855,-16.29465245443681,0 -71.52334368666655,-16.29400415964204,0 
							</coordinates>
						</LinearRing>
					</outerBoundaryIs>
				</Polygon>
			</Placemark>
			<Placemark>
				<name>1.3.66C-6</name>
				<styleUrl>#msn_ylw-pushpin0340</styleUrl>
				<Polygon>
					<tessellate>1</tessellate>
					<outerBoundaryIs>
						<LinearRing>
							<coordinates>
								-71.52348696960685,-16.29417276202221,0 -71.52384726971918,-16.29410350122079,0 -71.52394134307562,-16.29466623035417,0 -71.52355629668014,-16.29471804608774,0 -71.52348696960685,-16.29417276202221,0 
							</coordinates>
						</LinearRing>
					</outerBoundaryIs>
				</Polygon>
			</Placemark>
			<Placemark>
				<name>1.3.66C-7</name>
				<styleUrl>#msn_ylw-pushpin0340</styleUrl>
				<Polygon>
					<tessellate>1</tessellate>
					<outerBoundaryIs>
						<LinearRing>
							<coordinates>
								-71.52347827077617,-16.2938124838367,0 -71.52365732391409,-16.29375666700065,0 -71.52378645093016,-16.29404795062555,0 -71.52348505399023,-16.29410108074684,0 -71.52347827077617,-16.2938124838367,0 
							</coordinates>
						</LinearRing>
					</outerBoundaryIs>
				</Polygon>
			</Placemark>
			<Placemark>
				<name>1.3.66C-8</name>
				<styleUrl>#msn_ylw-pushpin0340</styleUrl>
				<Polygon>
					<tessellate>1</tessellate>
					<outerBoundaryIs>
						<LinearRing>
							<coordinates>
								-71.52357636678094,-16.29480391197875,0 -71.52395233751392,-16.29475714554168,0 -71.52409036986822,-16.29564092825597,0 -71.52371218755364,-16.29571045309013,0 -71.52357636678094,-16.29480391197875,0 
							</coordinates>
						</LinearRing>
					</outerBoundaryIs>
				</Polygon>
			</Placemark>
			<Placemark>
				<name>1.3.66C-9</name>
				<styleUrl>#msn_ylw-pushpin0340</styleUrl>
				<Polygon>
					<tessellate>1</tessellate>
					<outerBoundaryIs>
						<LinearRing>
							<coordinates>
								-71.52408781260922,-16.29490891722993,0 -71.52417735532069,-16.29488957087985,0 -71.52461928228628,-16.29586132771155,0 -71.52473955172265,-16.29676980631634,0 -71.52435714875133,-16.29682593268434,0 -71.52408781260922,-16.29490891722993,0 
							</coordinates>
						</LinearRing>
					</outerBoundaryIs>
				</Polygon>
			</Placemark>
			<Placemark>
				<name>1.3.66C-10</name>
				<styleUrl>#msn_ylw-pushpin0340</styleUrl>
				<Polygon>
					<tessellate>1</tessellate>
					<outerBoundaryIs>
						<LinearRing>
							<coordinates>
								-71.52372328973078,-16.29581548310715,0 -71.52409520817562,-16.29575323577799,0 -71.52426381394064,-16.29682888979075,0 -71.5238818208971,-16.29686609082466,0 -71.52372328973078,-16.29581548310715,0 
							</coordinates>
						</LinearRing>
					</outerBoundaryIs>
				</Polygon>
			</Placemark>
			<Placemark>
				<name>1.3.66C-14</name>
				<styleUrl>#msn_ylw-pushpin0340</styleUrl>
				<Polygon>
					<tessellate>1</tessellate>
					<outerBoundaryIs>
						<LinearRing>
							<coordinates>
								-71.5232461634512,-16.29586773097137,0 -71.52362543370182,-16.29581955430866,0 -71.52376467955598,-16.29680498491119,0 -71.52337878900978,-16.29687626496113,0 -71.5232461634512,-16.29586773097137,0 
							</coordinates>
						</LinearRing>
					</outerBoundaryIs>
				</Polygon>
			</Placemark>
			<Placemark>
				<name>1.3.66C-15</name>
				<styleUrl>#msn_ylw-pushpin0340</styleUrl>
				<Polygon>
					<tessellate>1</tessellate>
					<outerBoundaryIs>
						<LinearRing>
							<coordinates>
								-71.52276073437562,-16.29593160934367,0 -71.52312588313274,-16.29587536492467,0 -71.52327780456508,-16.29687455036062,0 -71.52291964678841,-16.29691824646157,0 -71.52276073437562,-16.29593160934367,0 
							</coordinates>
						</LinearRing>
					</outerBoundaryIs>
				</Polygon>
			</Placemark>
			<Placemark>
				<name>1.3.66C-16</name>
				<styleUrl>#msn_ylw-pushpin0340</styleUrl>
				<Polygon>
					<tessellate>1</tessellate>
					<outerBoundaryIs>
						<LinearRing>
							<coordinates>
								-71.52227957857778,-16.29600839826044,0 -71.52265150231133,-16.29594680669624,0 -71.52281141846267,-16.2969379774335,0 -71.52241868539562,-16.29698644791729,0 -71.52227957857778,-16.29600839826044,0 
							</coordinates>
						</LinearRing>
					</outerBoundaryIs>
				</Polygon>
			</Placemark>
			<Placemark>
				<name>1.3.66C-17</name>
				<styleUrl>#msn_ylw-pushpin0340</styleUrl>
				<Polygon>
					<tessellate>1</tessellate>
					<outerBoundaryIs>
						<LinearRing>
							<coordinates>
								-71.52179704059924,-16.29606748884123,0 -71.52216617707737,-16.29601214361422,0 -71.52217199128235,-16.29602140276599,0 -71.52231907188587,-16.2969199548523,0 -71.52192345610638,-16.29695870826939,0 -71.52179704059924,-16.29606748884123,0 
							</coordinates>
						</LinearRing>
					</outerBoundaryIs>
				</Polygon>
			</Placemark>
			<Placemark>
				<name>1.3.66C-18</name>
				<styleUrl>#msn_ylw-pushpin0340</styleUrl>
				<Polygon>
					<tessellate>1</tessellate>
					<outerBoundaryIs>
						<LinearRing>
							<coordinates>
								-71.52183138964179,-16.29697828723524,0 -71.52144897672083,-16.2970345092143,0 -71.52132094180917,-16.29612227324534,0 -71.52170664129453,-16.29606792033189,0 -71.52183138964179,-16.29697828723524,0 
							</coordinates>
						</LinearRing>
					</outerBoundaryIs>
				</Polygon>
			</Placemark>
			<Placemark>
				<name>1.3.66E-26</name>
				<styleUrl>#msn_ylw-pushpin0340</styleUrl>
				<Polygon>
					<tessellate>1</tessellate>
					<outerBoundaryIs>
						<LinearRing>
							<coordinates>
								-71.51783432469287,-16.29163311508477,0 -71.51823232682742,-16.29184401354022,0 -71.51792969835564,-16.29248765783356,0 -71.5175201329151,-16.29226633174444,0 -71.51783432469287,-16.29163311508477,0 
							</coordinates>
						</LinearRing>
					</outerBoundaryIs>
				</Polygon>
			</Placemark>
			<Placemark>
				<name>1.3.66E-27</name>
				<styleUrl>#msn_ylw-pushpin0340</styleUrl>
				<Polygon>
					<tessellate>1</tessellate>
					<outerBoundaryIs>
						<LinearRing>
							<coordinates>
								-71.51744962319981,-16.29141704339676,0 -71.51775290548238,-16.29157715191146,0 -71.51742055678618,-16.29222079637868,0 -71.51712482710965,-16.29207715895358,0 -71.51744962319981,-16.29141704339676,0 
							</coordinates>
						</LinearRing>
					</outerBoundaryIs>
				</Polygon>
			</Placemark>
			<Placemark>
				<name>1.3.66E-28</name>
				<styleUrl>#msn_ylw-pushpin0340</styleUrl>
				<Polygon>
					<tessellate>1</tessellate>
					<outerBoundaryIs>
						<LinearRing>
							<coordinates>
								-71.51707706496792,-16.29123625784213,0 -71.51674305848834,-16.29187220247539,0 -71.51643821644629,-16.29172426439514,0 -71.51668530199892,-16.29126660932963,0 -71.51707706496792,-16.29123625784213,0 
							</coordinates>
						</LinearRing>
					</outerBoundaryIs>
				</Polygon>
			</Placemark>
			<Placemark>
				<name>1.3.66F-32</name>
				<styleUrl>#msn_ylw-pushpin0340</styleUrl>
				<Polygon>
					<tessellate>1</tessellate>
					<outerBoundaryIs>
						<LinearRing>
							<coordinates>
								-71.51518188426793,-16.29460666409397,0 -71.51564440854914,-16.29440277240781,0 -71.51611450521685,-16.29538225568428,0 -71.51567058715437,-16.29559552840711,0 -71.51518188426793,-16.29460666409397,0 
							</coordinates>
						</LinearRing>
					</outerBoundaryIs>
				</Polygon>
			</Placemark>
			<Placemark>
				<name>1.3.66F-34</name>
				<styleUrl>#msn_ylw-pushpin0340</styleUrl>
				<Polygon>
					<tessellate>1</tessellate>
					<outerBoundaryIs>
						<LinearRing>
							<coordinates>
								-71.51721385207519,-16.29819498644625,0 -71.51737104940936,-16.29861422137436,0 -71.51750267130198,-16.29873672119144,0 -71.51773043908811,-16.29881992106949,0 -71.51778927778444,-16.29905711891533,0 -71.51781463090204,-16.2992567813515,0 -71.51746731860813,-16.29944431747455,0 -71.51738572924965,-16.29937626398444,0 -71.51734308965348,-16.29924279202573,0 -71.51733908488011,-16.29923815260811,0 -71.51730297625433,-16.29902872761432,0 -71.51726194695345,-16.29878637020106,0 -71.51712667586652,-16.2985492291275,0 -71.51697530474753,-16.29822059526908,0 -71.51679179200626,-16.29792210791497,0 -71.51666272167419,-16.29766904498691,0 -71.51656947152904,-16.29751093029481,0 -71.51676208891524,-16.29743312239044,0 -71.51721385207519,-16.29819498644625,0 
							</coordinates>
						</LinearRing>
					</outerBoundaryIs>
				</Polygon>
			</Placemark>
			<Placemark>
				<name>1.3.66F-23</name>
				<styleUrl>#msn_ylw-pushpin0340</styleUrl>
				<Polygon>
					<tessellate>1</tessellate>
					<outerBoundaryIs>
						<LinearRing>
							<coordinates>
								-71.51476589286963,-16.29614992050958,0 -71.51522021897655,-16.29594137933921,0 -71.51571174805525,-16.29695601660188,0 -71.51520431047476,-16.29717728516921,0 -71.51476589286963,-16.29614992050958,0 
							</coordinates>
						</LinearRing>
					</outerBoundaryIs>
				</Polygon>
			</Placemark>
			<Placemark>
				<name>1.3.66F-28</name>
				<styleUrl>#msn_ylw-pushpin0340</styleUrl>
				<Polygon>
					<tessellate>1</tessellate>
					<outerBoundaryIs>
						<LinearRing>
							<coordinates>
								-71.51420518736835,-16.29776497326766,0 -71.51464985700044,-16.29753109442256,0 -71.51511946394525,-16.29854469577263,0 -71.51466495407854,-16.29871296902545,0 -71.51420518736835,-16.29776497326766,0 
							</coordinates>
						</LinearRing>
					</outerBoundaryIs>
				</Polygon>
			</Placemark>
			<Placemark>
				<name>1.3.66F-35</name>
				<styleUrl>#msn_ylw-pushpin0340</styleUrl>
				<Polygon>
					<tessellate>1</tessellate>
					<outerBoundaryIs>
						<LinearRing>
							<coordinates>
								-71.51581858834621,-16.29834520241452,0 -71.51624909620426,-16.29816124727869,0 -71.51674274292655,-16.29913726554062,0 -71.5163031280683,-16.29932690456037,0 -71.51581858834621,-16.29834520241452,0 
							</coordinates>
						</LinearRing>
					</outerBoundaryIs>
				</Polygon>
			</Placemark>
			<Placemark>
				<name>1.3.66F-37</name>
				<styleUrl>#msn_ylw-pushpin0340</styleUrl>
				<Polygon>
					<tessellate>1</tessellate>
					<outerBoundaryIs>
						<LinearRing>
							<coordinates>
								-71.51567827062804,-16.29966358494413,0 -71.51523020644038,-16.29983125733227,0 -71.51470481308807,-16.29888620947092,0 -71.51515422408831,-16.29868428254559,0 -71.51567827062804,-16.29966358494413,0 
							</coordinates>
						</LinearRing>
					</outerBoundaryIs>
				</Polygon>
			</Placemark>
			<Placemark>
				<name>1.3.66F-26</name>
				<styleUrl>#msn_ylw-pushpin0340</styleUrl>
				<Polygon>
					<tessellate>1</tessellate>
					<outerBoundaryIs>
						<LinearRing>
							<coordinates>
								-71.51314047040022,-16.29824391888428,0 -71.51355242188805,-16.29805719230363,0 -71.51403943641212,-16.29909519371664,0 -71.51361489851126,-16.29928447644897,0 -71.51314047040022,-16.29824391888428,0 
							</coordinates>
						</LinearRing>
					</outerBoundaryIs>
				</Polygon>
			</Placemark>
			<Placemark>
				<name>1.3.66F-40</name>
				<styleUrl>#msn_ylw-pushpin0340</styleUrl>
				<Polygon>
					<tessellate>1</tessellate>
					<outerBoundaryIs>
						<LinearRing>
							<coordinates>
								-71.51406522399812,-16.30039534485049,0 -71.51383099668472,-16.30048619938696,0 -71.51358062499818,-16.30060575145865,0 -71.51313598532285,-16.29965656184908,0 -71.51357917032783,-16.29944366162454,0 -71.51406522399812,-16.30039534485049,0 
							</coordinates>
						</LinearRing>
					</outerBoundaryIs>
				</Polygon>
			</Placemark>
			<Placemark>
				<name>1.3.63-7</name>
				<styleUrl>#msn_ylw-pushpin0340</styleUrl>
				<Polygon>
					<tessellate>1</tessellate>
					<outerBoundaryIs>
						<LinearRing>
							<coordinates>
								-71.52638398744232,-16.31686287640123,0 -71.52596180064025,-16.31696457226054,0 -71.52591878722721,-16.31677523981788,0 -71.52632425583711,-16.31666583724246,0 -71.52638398744232,-16.31686287640123,0 
							</coordinates>
						</LinearRing>
					</outerBoundaryIs>
				</Polygon>
			</Placemark>
			<Placemark>
				<name>1.3.63-8</name>
				<styleUrl>#msn_ylw-pushpin0340</styleUrl>
				<Polygon>
					<tessellate>1</tessellate>
					<outerBoundaryIs>
						<LinearRing>
							<coordinates>
								-71.52645669398842,-16.31708717253708,0 -71.52648493199911,-16.31721012452253,0 -71.52655738474921,-16.31738969226268,0 -71.52643098283912,-16.31743863738081,0 -71.52620699323968,-16.31692910552831,0 -71.52638635260601,-16.31688390558652,0 -71.52645669398842,-16.31708717253708,0 
							</coordinates>
						</LinearRing>
					</outerBoundaryIs>
				</Polygon>
			</Placemark>
			<Placemark>
				<name>1.3.63-9</name>
				<styleUrl>#msn_ylw-pushpin0340</styleUrl>
				<Polygon>
					<tessellate>1</tessellate>
					<outerBoundaryIs>
						<LinearRing>
							<coordinates>
								-71.52742554747203,-16.31666130604885,0 -71.52696466340413,-16.3167536019546,0 -71.52692422978923,-16.3165309619589,0 -71.52736593645449,-16.31642468315906,0 -71.52742554747203,-16.31666130604885,0 
							</coordinates>
						</LinearRing>
					</outerBoundaryIs>
				</Polygon>
			</Placemark>
			<Placemark>
				<name>1.3.63-13</name>
				<styleUrl>#msn_ylw-pushpin0340</styleUrl>
				<Polygon>
					<tessellate>1</tessellate>
					<outerBoundaryIs>
						<LinearRing>
							<coordinates>
								-71.52771049609346,-16.31763922774055,0 -71.52742707226815,-16.31768140149107,0 -71.52738965328001,-16.31745256522462,0 -71.52767418229361,-16.31741840988414,0 -71.52771049609346,-16.31763922774055,0 
							</coordinates>
						</LinearRing>
					</outerBoundaryIs>
				</Polygon>
			</Placemark>
			<Placemark>
				<name>1.3.63-15</name>
				<styleUrl>#msn_ylw-pushpin0340</styleUrl>
				<Polygon>
					<tessellate>1</tessellate>
					<outerBoundaryIs>
						<LinearRing>
							<coordinates>
								-71.52841263491612,-16.31631380396751,0 -71.52859767973118,-16.31671984647663,0 -71.52908694510037,-16.31782889020451,0 -71.52967570045227,-16.31894414218459,0 -71.53020012136129,-16.31974266803898,0 -71.53060990174528,-16.32034168756704,0 -71.53032545778129,-16.32053017202884,0 -71.52824507685929,-16.31683864765364,0 -71.52820231999868,-16.31646586431757,0 -71.52796246609314,-16.31652901125364,0 -71.52790761255693,-16.31629069001487,0 -71.52838883384739,-16.31616831698848,0 -71.52841263491612,-16.31631380396751,0 
							</coordinates>
						</LinearRing>
					</outerBoundaryIs>
				</Polygon>
			</Placemark>
		</Folder>
		<Folder>
			<name>E</name>
			<Placemark>
				<name>1.3.45-1</name>
				<styleUrl>#msn_ylw-pushpin0402</styleUrl>
				<Polygon>
					<tessellate>1</tessellate>
					<outerBoundaryIs>
						<LinearRing>
							<coordinates>
								-71.53946630865399,-16.34436074115984,0 -71.53947645883487,-16.34468179984539,0 -71.53939976685956,-16.344708800907,0 -71.53938285191576,-16.34465395675273,0 -71.53933233165297,-16.34452647018647,0 -71.53929155543729,-16.34433939767793,0 -71.53923939990253,-16.34425218617249,0 -71.53914216437545,-16.34409636338656,0 -71.53936685674337,-16.34404397920069,0 -71.53946630865399,-16.34436074115984,0 
							</coordinates>
						</LinearRing>
					</outerBoundaryIs>
				</Polygon>
			</Placemark>
			<Placemark>
				<name>1.3.45-2</name>
				<styleUrl>#msn_ylw-pushpin0402</styleUrl>
				<Polygon>
					<tessellate>1</tessellate>
					<outerBoundaryIs>
						<LinearRing>
							<coordinates>
								-71.53864321125212,-16.34418805923639,0 -71.53856840160771,-16.3440202424949,0 -71.53863746996305,-16.34393162615833,0 -71.53876918532072,-16.34388909582761,0 -71.53892838644158,-16.34395864097401,0 -71.53900560184975,-16.34407285745169,0 -71.53864321125212,-16.34418805923639,0 
							</coordinates>
						</LinearRing>
					</outerBoundaryIs>
				</Polygon>
			</Placemark>
			<Placemark>
				<name>1.3.45-3</name>
				<styleUrl>#msn_ylw-pushpin0402</styleUrl>
				<Polygon>
					<tessellate>1</tessellate>
					<outerBoundaryIs>
						<LinearRing>
							<coordinates>
								-71.53907423305611,-16.34409493628888,0 -71.53918233650217,-16.34428805881829,0 -71.53924365360236,-16.34445774008736,0 -71.53873882697529,-16.34456799729124,0 -71.5386532553065,-16.34422228294854,0 -71.53907423305611,-16.34409493628888,0 
							</coordinates>
						</LinearRing>
					</outerBoundaryIs>
				</Polygon>
			</Placemark>
			<Placemark>
				<name>1.3.45-4</name>
				<styleUrl>#msn_ylw-pushpin0402</styleUrl>
				<Polygon>
					<tessellate>1</tessellate>
					<outerBoundaryIs>
						<LinearRing>
							<coordinates>
								-71.53926118507887,-16.34449937359167,0 -71.53936275310531,-16.34486309405031,0 -71.53883238834214,-16.34499674165242,0 -71.5387574800139,-16.34462071175137,0 -71.53926118507887,-16.34449937359167,0 
							</coordinates>
						</LinearRing>
					</outerBoundaryIs>
				</Polygon>
			</Placemark>
			<Placemark>
				<name>1.3.45-5</name>
				<styleUrl>#msn_ylw-pushpin0402</styleUrl>
				<Polygon>
					<tessellate>1</tessellate>
					<outerBoundaryIs>
						<LinearRing>
							<coordinates>
								-71.53937376242466,-16.34512528039331,0 -71.53890604354359,-16.3454892431563,0 -71.53884319487136,-16.34503169326078,0 -71.53935980917295,-16.34490444448176,0 -71.53937376242466,-16.34512528039331,0 
							</coordinates>
						</LinearRing>
					</outerBoundaryIs>
				</Polygon>
			</Placemark>
			<Placemark>
				<name>1.3.45-6</name>
				<styleUrl>#msn_ylw-pushpin0402</styleUrl>
				<Polygon>
					<tessellate>1</tessellate>
					<outerBoundaryIs>
						<LinearRing>
							<coordinates>
								-71.53910067960602,-16.34649604625412,0 -71.53893618190763,-16.34652508921364,0 -71.53884396298301,-16.34597368891629,0 -71.53896402824219,-16.34595134775747,0 -71.53910067960602,-16.34649604625412,0 
							</coordinates>
						</LinearRing>
					</outerBoundaryIs>
				</Polygon>
			</Placemark>
			<Placemark>
				<name>1.3.45-7</name>
				<styleUrl>#msn_ylw-pushpin0402</styleUrl>
				<Polygon>
					<tessellate>1</tessellate>
					<outerBoundaryIs>
						<LinearRing>
							<coordinates>
								-71.53861234599161,-16.34508418979613,0 -71.53846973105205,-16.34469843114772,0 -71.53868199503658,-16.34464931018056,0 -71.53874211636126,-16.34492200274453,0 -71.5388444143441,-16.34537377375393,0 -71.53887028190741,-16.34549265708329,0 -71.53872354425351,-16.34553165722251,0 -71.53861234599161,-16.34508418979613,0 
							</coordinates>
						</LinearRing>
					</outerBoundaryIs>
				</Polygon>
			</Placemark>
			<Placemark>
				<name>1.3.45-8</name>
				<styleUrl>#msn_ylw-pushpin0402</styleUrl>
				<Polygon>
					<tessellate>1</tessellate>
					<outerBoundaryIs>
						<LinearRing>
							<coordinates>
								-71.53857262063821,-16.3442468339993,0 -71.53866068600784,-16.34457703621818,0 -71.53841251913869,-16.34464442437855,0 -71.53815789442774,-16.3443565632476,0 -71.53857262063821,-16.3442468339993,0 
							</coordinates>
						</LinearRing>
					</outerBoundaryIs>
				</Polygon>
			</Placemark>
			<Placemark>
				<name>1.3.45-9</name>
				<styleUrl>#msn_ylw-pushpin0402</styleUrl>
				<Polygon>
					<tessellate>1</tessellate>
					<outerBoundaryIs>
						<LinearRing>
							<coordinates>
								-71.53797790834111,-16.34369709693259,0 -71.53792014124515,-16.3431417131686,0 -71.53811174057779,-16.34314664805956,0 -71.53841173860592,-16.34335791030074,0 -71.53846269598904,-16.34360858734663,0 -71.53853455206523,-16.34382757930252,0 -71.53853299879036,-16.34401282401218,0 -71.53840945589111,-16.34423985245392,0 -71.53819292838726,-16.34430916029687,0 -71.53797790834111,-16.34369709693259,0 
							</coordinates>
						</LinearRing>
					</outerBoundaryIs>
				</Polygon>
			</Placemark>
			<Placemark>
				<name>1.3.45-10</name>
				<styleUrl>#msn_ylw-pushpin0402</styleUrl>
				<Polygon>
					<tessellate>1</tessellate>
					<outerBoundaryIs>
						<LinearRing>
							<coordinates>
								-71.5380628594156,-16.34269335637147,0 -71.5381348708201,-16.34308012553214,0 -71.53813225177691,-16.34308005235549,0 -71.53789762961473,-16.34307308540024,0 -71.53784169017115,-16.34273512018382,0 -71.5380628594156,-16.34269335637147,0 
							</coordinates>
						</LinearRing>
					</outerBoundaryIs>
				</Polygon>
			</Placemark>
			<Placemark>
				<name>1.3.45-11</name>
				<styleUrl>#msn_ylw-pushpin0402</styleUrl>
				<Polygon>
					<tessellate>1</tessellate>
					<outerBoundaryIs>
						<LinearRing>
							<coordinates>
								-71.53805179771196,-16.34258060801541,0 -71.53792963308122,-16.34260731726009,0 -71.53790556236942,-16.34249249667834,0 -71.53803162470115,-16.34246113068518,0 -71.53805179771196,-16.34258060801541,0 
							</coordinates>
						</LinearRing>
					</outerBoundaryIs>
				</Polygon>
			</Placemark>
			<Placemark>
				<name>1.3.45-12</name>
				<styleUrl>#msn_ylw-pushpin0402</styleUrl>
				<Polygon>
					<tessellate>1</tessellate>
					<outerBoundaryIs>
						<LinearRing>
							<coordinates>
								-71.53768401250312,-16.34215374644704,0 -71.53769270309571,-16.34166963465277,0 -71.53779502842808,-16.34166842798498,0 -71.53783121777523,-16.34187695197211,0 -71.53784569366367,-16.34215472009346,0 -71.53768401250312,-16.34215374644704,0 
							</coordinates>
						</LinearRing>
					</outerBoundaryIs>
				</Polygon>
			</Placemark>
			<Placemark>
				<name>1.3.45-53</name>
				<styleUrl>#msn_ylw-pushpin0402</styleUrl>
				<Polygon>
					<tessellate>1</tessellate>
					<outerBoundaryIs>
						<LinearRing>
							<coordinates>
								-71.53847269127954,-16.34594314669524,0 -71.53836393817977,-16.34584799506245,0 -71.53821573115935,-16.34562514147075,0 -71.53800755889658,-16.34542983562901,0 -71.53786378959305,-16.34516817567131,0 -71.5378662246948,-16.34494328446544,0 -71.53771853431149,-16.34465948060427,0 -71.53764990697714,-16.34442800754524,0 -71.53758632777651,-16.34423462937043,0 -71.53739358257712,-16.34372137027162,0 -71.53748817403756,-16.34344770113032,0 -71.53748289931632,-16.34322997869793,0 -71.53753165071886,-16.34302258906139,0 -71.53771247834572,-16.34312741388386,0 -71.53776696632832,-16.34337627853679,0 -71.53786493547003,-16.34391352875029,0 -71.53786955259604,-16.343936767261,0 -71.53799333553542,-16.34449467038931,0 -71.53813926295562,-16.34490250139651,0 -71.53855126559876,-16.34589484590085,0 -71.53847269127954,-16.34594314669524,0 
							</coordinates>
						</LinearRing>
					</outerBoundaryIs>
				</Polygon>
			</Placemark>
			<Placemark>
				<name>1.3.45-13</name>
				<styleUrl>#msn_ylw-pushpin0402</styleUrl>
				<Polygon>
					<tessellate>1</tessellate>
					<outerBoundaryIs>
						<LinearRing>
							<coordinates>
								-71.53768587964539,-16.34158826352998,0 -71.53749123032318,-16.34129528476681,0 -71.53741331702663,-16.34111722090622,0 -71.53740780678632,-16.34094400739011,0 -71.53739697018122,-16.34071834923401,0 -71.53764539605265,-16.34063035856681,0 -71.53763484709192,-16.34076764855279,0 -71.5376924832575,-16.3409243897902,0 -71.53770802719069,-16.34102637844688,0 -71.53771384712002,-16.34110441516512,0 -71.53776428565578,-16.34126276615411,0 -71.5377958099097,-16.34151739498636,0 -71.53768587964539,-16.34158826352998,0 
							</coordinates>
						</LinearRing>
					</outerBoundaryIs>
				</Polygon>
			</Placemark>
			<Placemark>
				<name>1.3.45-14</name>
				<styleUrl>#msn_ylw-pushpin0402</styleUrl>
				<Polygon>
					<tessellate>1</tessellate>
					<outerBoundaryIs>
						<LinearRing>
							<coordinates>
								-71.53738669181651,-16.34069727820427,0 -71.53730404186628,-16.34041109768494,0 -71.53729368509767,-16.34031983264582,0 -71.53728543601875,-16.3401178938436,0 -71.53726437313472,-16.33994971032881,0 -71.53741610250106,-16.33993206404977,0 -71.53742401177438,-16.34012284481442,0 -71.53749066511635,-16.34031072952459,0 -71.53754215971465,-16.34045427370056,0 -71.53759532554632,-16.34062783965702,0 -71.53738669181651,-16.34069727820427,0 
							</coordinates>
						</LinearRing>
					</outerBoundaryIs>
				</Polygon>
			</Placemark>
			<Placemark>
				<name>1.3.52-1</name>
				<styleUrl>#msn_ylw-pushpin047</styleUrl>
				<Polygon>
					<tessellate>1</tessellate>
					<outerBoundaryIs>
						<LinearRing>
							<coordinates>
								-71.54379227854091,-16.34031612930857,0 -71.54412955959162,-16.34000977496426,0 -71.54484615455405,-16.3405850577146,0 -71.54480124288298,-16.34104000184245,0 -71.54476031025912,-16.34105189840386,0 -71.54459392152391,-16.34081281976052,0 -71.54431251274775,-16.34100803347121,0 -71.54379227854091,-16.34031612930857,0 
							</coordinates>
						</LinearRing>
					</outerBoundaryIs>
				</Polygon>
			</Placemark>
			<Placemark>
				<name>1.3.52-2</name>
				<styleUrl>#msn_ylw-pushpin047</styleUrl>
				<Polygon>
					<tessellate>1</tessellate>
					<outerBoundaryIs>
						<LinearRing>
							<coordinates>
								-71.54391399382244,-16.34014128920742,0 -71.54384635009004,-16.34023376117903,0 -71.54377368157867,-16.34027330965289,0 -71.54366535690011,-16.34009998910574,0 -71.54352973265144,-16.33993041915058,0 -71.54370193380633,-16.3398128707393,0 -71.54386503180368,-16.33968424394896,0 -71.5441118176512,-16.33999472309245,0 -71.54391399382244,-16.34014128920742,0 
							</coordinates>
						</LinearRing>
					</outerBoundaryIs>
				</Polygon>
			</Placemark>
			<Placemark>
				<name>1.3.52-3</name>
				<styleUrl>#msn_ylw-pushpin047</styleUrl>
				<Polygon>
					<tessellate>1</tessellate>
					<outerBoundaryIs>
						<LinearRing>
							<coordinates>
								-71.54350693755123,-16.33988932309206,0 -71.54345300494207,-16.33981627752429,0 -71.54336386060859,-16.33970760052397,0 -71.54327274325362,-16.33958467800451,0 -71.54346095241014,-16.33945177769928,0 -71.54359272880315,-16.3393360478637,0 -71.54383766840272,-16.33966274846686,0 -71.54350693755123,-16.33988932309206,0 
							</coordinates>
						</LinearRing>
					</outerBoundaryIs>
				</Polygon>
			</Placemark>
			<Placemark>
				<name>1.3.52-4</name>
				<styleUrl>#msn_ylw-pushpin047</styleUrl>
				<Polygon>
					<tessellate>1</tessellate>
					<outerBoundaryIs>
						<LinearRing>
							<coordinates>
								-71.54351944116858,-16.33927064664513,0 -71.54323667709401,-16.33945748456005,0 -71.5432112363688,-16.33948012482349,0 -71.54306289164586,-16.33930094664211,0 -71.54298424439443,-16.3391907484792,0 -71.54310695125159,-16.3391076615661,0 -71.54327547209529,-16.3389739880929,0 -71.54351944116858,-16.33927064664513,0 
							</coordinates>
						</LinearRing>
					</outerBoundaryIs>
				</Polygon>
			</Placemark>
			<Placemark>
				<name>1.3.52-5</name>
				<styleUrl>#msn_ylw-pushpin047</styleUrl>
				<Polygon>
					<tessellate>1</tessellate>
					<outerBoundaryIs>
						<LinearRing>
							<coordinates>
								-71.54295856358171,-16.33913830096234,0 -71.54285254710017,-16.33900827613297,0 -71.5427271009803,-16.33882882499167,0 -71.5427923348803,-16.33878881375908,0 -71.54293987828559,-16.33870660699926,0 -71.54303278891206,-16.33864368280298,0 -71.54324479586617,-16.33895421237155,0 -71.54295856358171,-16.33913830096234,0 
							</coordinates>
						</LinearRing>
					</outerBoundaryIs>
				</Polygon>
			</Placemark>
			<Placemark>
				<name>1.3.52-6</name>
				<styleUrl>#msn_ylw-pushpin047</styleUrl>
				<Polygon>
					<tessellate>1</tessellate>
					<outerBoundaryIs>
						<LinearRing>
							<coordinates>
								-71.54299834263337,-16.33857958049341,0 -71.54269503296972,-16.33880426321171,0 -71.5424335414841,-16.33846605446527,0 -71.54227327655882,-16.33832758845935,0 -71.54265697212034,-16.33810921859823,0 -71.54299834263337,-16.33857958049341,0 
							</coordinates>
						</LinearRing>
					</outerBoundaryIs>
				</Polygon>
			</Placemark>
			<Placemark>
				<name>1.3.52-7</name>
				<styleUrl>#msn_ylw-pushpin047</styleUrl>
				<Polygon>
					<tessellate>1</tessellate>
					<outerBoundaryIs>
						<LinearRing>
							<coordinates>
								-71.54343366628348,-16.33816429119649,0 -71.54349324433922,-16.33833894681009,0 -71.54329342136633,-16.33841564485596,0 -71.54309620376989,-16.33850775568582,0 -71.54293787301488,-16.33829852533233,0 -71.54278846078994,-16.33811531031046,0 -71.54274380399382,-16.33805692690295,0 -71.54288795122532,-16.33797096827702,0 -71.54295909514526,-16.33801457033891,0 -71.54303560978035,-16.33807577206974,0 -71.54308423954831,-16.33813096109056,0 -71.54315697235766,-16.33822505014334,0 -71.54343366628348,-16.33816429119649,0 
							</coordinates>
						</LinearRing>
					</outerBoundaryIs>
				</Polygon>
			</Placemark>
			<Placemark>
				<name>1.3.52-8</name>
				<styleUrl>#msn_ylw-pushpin047</styleUrl>
				<Polygon>
					<tessellate>1</tessellate>
					<outerBoundaryIs>
						<LinearRing>
							<coordinates>
								-71.54374518431037,-16.33830711819112,0 -71.54383200631614,-16.33856925482472,0 -71.54366124808874,-16.33863431659463,0 -71.54339514966392,-16.33885574872986,0 -71.54314436234951,-16.33855750029214,0 -71.54330990724536,-16.33843695414487,0 -71.54374518431037,-16.33830711819112,0 
							</coordinates>
						</LinearRing>
					</outerBoundaryIs>
				</Polygon>
			</Placemark>
			<Placemark>
				<name>1.3.52-9</name>
				<styleUrl>#msn_ylw-pushpin047</styleUrl>
				<Polygon>
					<tessellate>1</tessellate>
					<outerBoundaryIs>
						<LinearRing>
							<coordinates>
								-71.54365347533718,-16.33916224162052,0 -71.54341338736761,-16.33890700563126,0 -71.54366757321174,-16.33867038187578,0 -71.54386457746583,-16.33862674374918,0 -71.54398257499295,-16.33898668864537,0 -71.54380011583466,-16.33906488328973,0 -71.54365347533718,-16.33916224162052,0 
							</coordinates>
						</LinearRing>
					</outerBoundaryIs>
				</Polygon>
			</Placemark>
			<Placemark>
				<name>1.3.52-10</name>
				<styleUrl>#msn_ylw-pushpin047</styleUrl>
				<Polygon>
					<tessellate>1</tessellate>
					<outerBoundaryIs>
						<LinearRing>
							<coordinates>
								-71.54386400381135,-16.33949140488254,0 -71.54366780456822,-16.33927755090352,0 -71.54401424663094,-16.33908859693,0 -71.54413276338553,-16.33951369014399,0 -71.54390915685796,-16.3395923130845,0 -71.54386400381135,-16.33949140488254,0 
							</coordinates>
						</LinearRing>
					</outerBoundaryIs>
				</Polygon>
			</Placemark>
			<Placemark>
				<name>1.3.52-11</name>
				<styleUrl>#msn_ylw-pushpin047</styleUrl>
				<Polygon>
					<tessellate>1</tessellate>
					<outerBoundaryIs>
						<LinearRing>
							<coordinates>
								-71.5445748712399,-16.339397023467,0 -71.54476155293597,-16.33992868153586,0 -71.54477618328475,-16.34004952326442,0 -71.54492749327328,-16.34019789618153,0 -71.5449979449258,-16.34025075241892,0 -71.54480472226899,-16.34025431410096,0 -71.54470723438664,-16.34027559718074,0 -71.54463804975796,-16.34033808376894,0 -71.5444187667471,-16.34019440116911,0 -71.54424546852634,-16.33963751038221,0 -71.54436846014154,-16.33960539999057,0 -71.5443300713047,-16.33948104537382,0 -71.5445748712399,-16.339397023467,0 
							</coordinates>
						</LinearRing>
					</outerBoundaryIs>
				</Polygon>
			</Placemark>
			<Placemark>
				<name>1.3.52-12</name>
				<styleUrl>#msn_ylw-pushpin047</styleUrl>
				<Polygon>
					<tessellate>1</tessellate>
					<outerBoundaryIs>
						<LinearRing>
							<coordinates>
								-71.54455167857516,-16.33936574467564,0 -71.54423350172534,-16.33945241633869,0 -71.54410331500128,-16.33907600295727,0 -71.54443287151012,-16.33896996357997,0 -71.54455167857516,-16.33936574467564,0 
							</coordinates>
						</LinearRing>
					</outerBoundaryIs>
				</Polygon>
			</Placemark>
			<Placemark>
				<name>1.3.52-13</name>
				<styleUrl>#msn_ylw-pushpin047</styleUrl>
				<Polygon>
					<tessellate>1</tessellate>
					<outerBoundaryIs>
						<LinearRing>
							<coordinates>
								-71.54411356276722,-16.33802054647528,0 -71.54441155119808,-16.33886373869422,0 -71.54403296828912,-16.33898250515839,0 -71.54375642582042,-16.33812307578879,0 -71.54411356276722,-16.33802054647528,0 
							</coordinates>
						</LinearRing>
					</outerBoundaryIs>
				</Polygon>
			</Placemark>
			<Placemark>
				<name>1.3.52-14</name>
				<styleUrl>#msn_ylw-pushpin047</styleUrl>
				<Polygon>
					<tessellate>1</tessellate>
					<outerBoundaryIs>
						<LinearRing>
							<coordinates>
								-71.5445494535907,-16.33788028790103,0 -71.54482915866093,-16.3387451452348,0 -71.54446006246742,-16.33884379790246,0 -71.54416870906029,-16.33799772664167,0 -71.5445494535907,-16.33788028790103,0 
							</coordinates>
						</LinearRing>
					</outerBoundaryIs>
				</Polygon>
			</Placemark>
			<Placemark>
				<name>1.3.52-15</name>
				<styleUrl>#msn_ylw-pushpin047</styleUrl>
				<Polygon>
					<tessellate>1</tessellate>
					<outerBoundaryIs>
						<LinearRing>
							<coordinates>
								-71.54485874351252,-16.33884996807269,0 -71.54500560080395,-16.33929021939127,0 -71.54507975538803,-16.33951350357255,0 -71.54516843475292,-16.33978223091627,0 -71.54522632891467,-16.3399572404165,0 -71.54486968885112,-16.34004863924558,0 -71.54476758225744,-16.33977941596032,0 -71.54464557200926,-16.3394380530724,0 -71.54456978836228,-16.33919807177309,0 -71.54449183616421,-16.33896165343026,0 -71.54485874351252,-16.33884996807269,0 
							</coordinates>
						</LinearRing>
					</outerBoundaryIs>
				</Polygon>
			</Placemark>
			<Placemark>
				<name>1.3.52-16</name>
				<styleUrl>#msn_ylw-pushpin047</styleUrl>
				<Polygon>
					<tessellate>1</tessellate>
					<outerBoundaryIs>
						<LinearRing>
							<coordinates>
								-71.54586733215457,-16.34049916107307,0 -71.54580530264546,-16.34051817243211,0 -71.54552408320284,-16.34059803235759,0 -71.54548157315332,-16.34052014329793,0 -71.54542371463333,-16.34026897483043,0 -71.54531556683614,-16.33996537210995,0 -71.54523566942541,-16.33973922251746,0 -71.5455990664647,-16.33962954535845,0 -71.54586733215457,-16.34049916107307,0 
							</coordinates>
						</LinearRing>
					</outerBoundaryIs>
				</Polygon>
			</Placemark>
			<Placemark>
				<name>1.3.52-17</name>
				<styleUrl>#msn_ylw-pushpin047</styleUrl>
				<Polygon>
					<tessellate>1</tessellate>
					<outerBoundaryIs>
						<LinearRing>
							<coordinates>
								-71.54558475754327,-16.33958879375687,0 -71.54521844806487,-16.33969742818465,0 -71.54510256292293,-16.33933432757842,0 -71.54494687021936,-16.33883578627388,0 -71.54509090875435,-16.33878482188491,0 -71.54530193670645,-16.3387220798251,0 -71.54558475754327,-16.33958879375687,0 
							</coordinates>
						</LinearRing>
					</outerBoundaryIs>
				</Polygon>
			</Placemark>
			<Placemark>
				<name>1.3.52-18</name>
				<styleUrl>#msn_ylw-pushpin047</styleUrl>
				<Polygon>
					<tessellate>1</tessellate>
					<outerBoundaryIs>
						<LinearRing>
							<coordinates>
								-71.54499115506169,-16.33773893443659,0 -71.5452701395627,-16.33860688285065,0 -71.54490509084202,-16.33872859249599,0 -71.54461148191108,-16.33784380980806,0 -71.54499115506169,-16.33773893443659,0 
							</coordinates>
						</LinearRing>
					</outerBoundaryIs>
				</Polygon>
			</Placemark>
			<Placemark>
				<name>1.3.52-19</name>
				<styleUrl>#msn_ylw-pushpin047</styleUrl>
				<Polygon>
					<tessellate>1</tessellate>
					<outerBoundaryIs>
						<LinearRing>
							<coordinates>
								-71.5454903060543,-16.33767025880396,0 -71.54554102253188,-16.33793245848711,0 -71.54557184875742,-16.33803165925561,0 -71.54515913617601,-16.33815859969148,0 -71.54510189886062,-16.33795146233296,0 -71.54506019354845,-16.33776910580821,0 -71.5453005607562,-16.33770673712194,0 -71.5454903060543,-16.33767025880396,0 
							</coordinates>
						</LinearRing>
					</outerBoundaryIs>
				</Polygon>
			</Placemark>
			<Placemark>
				<name>1.3.52-20</name>
				<styleUrl>#msn_ylw-pushpin047</styleUrl>
				<Polygon>
					<tessellate>1</tessellate>
					<outerBoundaryIs>
						<LinearRing>
							<coordinates>
								-71.54560733185455,-16.33808361793478,0 -71.54554434906207,-16.33851364280311,0 -71.54531262776356,-16.33859451718197,0 -71.54517478940924,-16.33821589165355,0 -71.54560733185455,-16.33808361793478,0 
							</coordinates>
						</LinearRing>
					</outerBoundaryIs>
				</Polygon>
			</Placemark>
			<Placemark>
				<name>1.3.52-21</name>
				<styleUrl>#msn_ylw-pushpin047</styleUrl>
				<Polygon>
					<tessellate>1</tessellate>
					<outerBoundaryIs>
						<LinearRing>
							<coordinates>
								-71.54555529948232,-16.33889808954631,0 -71.54571932753096,-16.3390695446347,0 -71.54583615765875,-16.33932424007742,0 -71.54585596689479,-16.33949937607908,0 -71.54565583060035,-16.3395611085976,0 -71.54557150374821,-16.33933354160533,0 -71.54542568863531,-16.33892649068437,0 -71.54555529948232,-16.33889808954631,0 
							</coordinates>
						</LinearRing>
					</outerBoundaryIs>
				</Polygon>
			</Placemark>
			<Placemark>
				<name>1.3.52-22</name>
				<styleUrl>#msn_ylw-pushpin047</styleUrl>
				<Polygon>
					<tessellate>1</tessellate>
					<outerBoundaryIs>
						<LinearRing>
							<coordinates>
								-71.5458531458148,-16.33955283551826,0 -71.54585703693215,-16.33970379147149,0 -71.54588930224037,-16.33989162249422,0 -71.54577692484678,-16.33991540951314,0 -71.54570215000066,-16.33969376752494,0 -71.5456674029885,-16.33960522707622,0 -71.5458531458148,-16.33955283551826,0 
							</coordinates>
						</LinearRing>
					</outerBoundaryIs>
				</Polygon>
			</Placemark>
			<Placemark>
				<name>1.3.52-23</name>
				<styleUrl>#msn_ylw-pushpin047</styleUrl>
				<Polygon>
					<tessellate>1</tessellate>
					<outerBoundaryIs>
						<LinearRing>
							<coordinates>
								-71.54626472131501,-16.3401947145926,0 -71.54598661753643,-16.34022035793608,0 -71.5459662188556,-16.33984112997999,0 -71.54625963099156,-16.33982774981809,0 -71.54626472131501,-16.3401947145926,0 
							</coordinates>
						</LinearRing>
					</outerBoundaryIs>
				</Polygon>
			</Placemark>
			<Placemark>
				<name>1.3.52-24</name>
				<styleUrl>#msn_ylw-pushpin047</styleUrl>
				<Polygon>
					<tessellate>1</tessellate>
					<outerBoundaryIs>
						<LinearRing>
							<coordinates>
								-71.54629698709478,-16.34060785440893,0 -71.54600407405735,-16.34062231000779,0 -71.54598521412996,-16.34026702502319,0 -71.54626314275505,-16.3402439750197,0 -71.54629698709478,-16.34060785440893,0 
							</coordinates>
						</LinearRing>
					</outerBoundaryIs>
				</Polygon>
			</Placemark>
			<Placemark>
				<name>1.3.53-1</name>
				<styleUrl>#msn_ylw-pushpin048</styleUrl>
				<Polygon>
					<tessellate>1</tessellate>
					<outerBoundaryIs>
						<LinearRing>
							<coordinates>
								-71.54248677948168,-16.33773512890719,0 -71.54258421761537,-16.33788983169674,0 -71.54257965483987,-16.33798040398724,0 -71.54258163881458,-16.33803517302357,0 -71.54258191323106,-16.33810662056538,0 -71.54235274717588,-16.33821009866159,0 -71.542269245841,-16.33825038594324,0 -71.54208907001261,-16.33797363110494,0 -71.54248677948168,-16.33773512890719,0 
							</coordinates>
						</LinearRing>
					</outerBoundaryIs>
				</Polygon>
			</Placemark>
			<Placemark>
				<name>1.3.53-2</name>
				<styleUrl>#msn_ylw-pushpin048</styleUrl>
				<Polygon>
					<tessellate>1</tessellate>
					<outerBoundaryIs>
						<LinearRing>
							<coordinates>
								-71.54226002500501,-16.33739211597832,0 -71.54241431945913,-16.33755672169565,0 -71.54249072838537,-16.33768989601877,0 -71.54228355284323,-16.33781680452955,0 -71.54206824458691,-16.33794786797155,0 -71.54185148021253,-16.33764733591787,0 -71.54226002500501,-16.33739211597832,0 
							</coordinates>
						</LinearRing>
					</outerBoundaryIs>
				</Polygon>
			</Placemark>
			<Placemark>
				<name>1.3.53-3</name>
				<styleUrl>#msn_ylw-pushpin048</styleUrl>
				<Polygon>
					<tessellate>1</tessellate>
					<outerBoundaryIs>
						<LinearRing>
							<coordinates>
								-71.54213963154822,-16.33725700375534,0 -71.54223651644837,-16.33736933442032,0 -71.54206891326233,-16.33747837069835,0 -71.54184663973032,-16.33761998783789,0 -71.54167267857314,-16.33739322090585,0 -71.54158865165456,-16.33728609839263,0 -71.54185332296611,-16.33718272266585,0 -71.54197375666126,-16.33734383178067,0 -71.54213963154822,-16.33725700375534,0 
							</coordinates>
						</LinearRing>
					</outerBoundaryIs>
				</Polygon>
			</Placemark>
			<Placemark>
				<name>1.3.58-1</name>
				<styleUrl>#msn_ylw-pushpin0530</styleUrl>
				<Polygon>
					<tessellate>1</tessellate>
					<outerBoundaryIs>
						<LinearRing>
							<coordinates>
								-71.54450229285887,-16.33699803778321,0 -71.54428936099671,-16.33707372424877,0 -71.54413885966277,-16.33672341291095,0 -71.54436561290649,-16.33662289648376,0 -71.54450229285887,-16.33699803778321,0 
							</coordinates>
						</LinearRing>
					</outerBoundaryIs>
				</Polygon>
			</Placemark>
			<Placemark>
				<name>1.3.58-2</name>
				<styleUrl>#msn_ylw-pushpin0530</styleUrl>
				<Polygon>
					<tessellate>1</tessellate>
					<outerBoundaryIs>
						<LinearRing>
							<coordinates>
								-71.54433482496917,-16.33655914814748,0 -71.54411129993824,-16.33666870999221,0 -71.54393263250512,-16.33630887157879,0 -71.54417871100112,-16.33620664335162,0 -71.54433482496917,-16.33655914814748,0 
							</coordinates>
						</LinearRing>
					</outerBoundaryIs>
				</Polygon>
			</Placemark>
			<Placemark>
				<name>1.3.58-3</name>
				<styleUrl>#msn_ylw-pushpin0530</styleUrl>
				<Polygon>
					<tessellate>1</tessellate>
					<outerBoundaryIs>
						<LinearRing>
							<coordinates>
								-71.54420230007199,-16.3361485564727,0 -71.54390092149686,-16.33627130176606,0 -71.543739014935,-16.33591707298644,0 -71.54385507589383,-16.33586467848137,0 -71.5439800566262,-16.33601811347923,0 -71.54415733385872,-16.33606313675572,0 -71.54420230007199,-16.3361485564727,0 
							</coordinates>
						</LinearRing>
					</outerBoundaryIs>
				</Polygon>
			</Placemark>
			<Placemark>
				<name>1.3.58-6</name>
				<styleUrl>#msn_ylw-pushpin0530</styleUrl>
				<Polygon>
					<tessellate>1</tessellate>
					<outerBoundaryIs>
						<LinearRing>
							<coordinates>
								-71.54395032196939,-16.33518285483918,0 -71.54384828540348,-16.33522804101765,0 -71.54380058791828,-16.33501258378116,0 -71.54372908733352,-16.33485555061726,0 -71.54347143070869,-16.33451976438684,0 -71.54354364112753,-16.33446984278786,0 -71.54376404546403,-16.33467817574652,0 -71.54386777049777,-16.33482838879333,0 -71.54392974607568,-16.33494420887184,0 -71.54395032196939,-16.33518285483918,0 
							</coordinates>
						</LinearRing>
					</outerBoundaryIs>
				</Polygon>
			</Placemark>
			<Placemark>
				<name>1.3.58-7</name>
				<styleUrl>#msn_ylw-pushpin0530</styleUrl>
				<Polygon>
					<tessellate>1</tessellate>
					<outerBoundaryIs>
						<LinearRing>
							<coordinates>
								-71.54356507683725,-16.33471571897357,0 -71.54367965910164,-16.33491188694384,0 -71.54376933268775,-16.33516304569569,0 -71.54385912412732,-16.33539519684551,0 -71.54386710244334,-16.33551510733894,0 -71.5438460787402,-16.33580779922843,0 -71.54371098661001,-16.33585049115633,0 -71.54362017305314,-16.3356380560765,0 -71.54357467654449,-16.33544330857988,0 -71.54349208613341,-16.33526157151741,0 -71.54337440257642,-16.33496692582101,0 -71.54331061137127,-16.33480420765036,0 -71.54320446928702,-16.33469539382316,0 -71.54342130219378,-16.33455841698518,0 -71.54356507683725,-16.33471571897357,0 
							</coordinates>
						</LinearRing>
					</outerBoundaryIs>
				</Polygon>
			</Placemark>
			<Placemark>
				<name>1.3.60-10</name>
				<styleUrl>#msn_ylw-pushpin0551</styleUrl>
				<Polygon>
					<tessellate>1</tessellate>
					<outerBoundaryIs>
						<LinearRing>
							<coordinates>
								-71.53672100999648,-16.32512228212863,0 -71.53643782473597,-16.32530686036007,0 -71.53591992659096,-16.32564035342898,0 -71.53569487731235,-16.32533687347489,0 -71.53601201113803,-16.32512673037721,0 -71.53638463187784,-16.32486600751794,0 -71.53675545015973,-16.32461264201747,0 -71.53699456683037,-16.32493559785663,0 -71.53672100999648,-16.32512228212863,0 
							</coordinates>
						</LinearRing>
					</outerBoundaryIs>
				</Polygon>
			</Placemark>
			<Placemark>
				<name>1.3.60-11</name>
				<styleUrl>#msn_ylw-pushpin0551</styleUrl>
				<Polygon>
					<tessellate>1</tessellate>
					<outerBoundaryIs>
						<LinearRing>
							<coordinates>
								-71.53647922697711,-16.32425699469041,0 -71.53658466854078,-16.32438301946909,0 -71.53669381784523,-16.3245334969546,0 -71.53620693542757,-16.32488294134269,0 -71.53578635908683,-16.32518550032552,0 -71.53566710786164,-16.32526349384535,0 -71.53543438348893,-16.32495384493309,0 -71.53647922697711,-16.32425699469041,0 
							</coordinates>
						</LinearRing>
					</outerBoundaryIs>
				</Polygon>
			</Placemark>
			<Placemark>
				<name>1.3.60-12</name>
				<styleUrl>#msn_ylw-pushpin0551</styleUrl>
				<Polygon>
					<tessellate>1</tessellate>
					<outerBoundaryIs>
						<LinearRing>
							<coordinates>
								-71.53518768226147,-16.32478069365021,0 -71.53550747602826,-16.32519452855,0 -71.53461046560874,-16.32585538584324,0 -71.53428442131361,-16.32541185583389,0 -71.53518768226147,-16.32478069365021,0 
							</coordinates>
						</LinearRing>
					</outerBoundaryIs>
				</Polygon>
			</Placemark>
			<Placemark>
				<name>1.3.60-13</name>
				<styleUrl>#msn_ylw-pushpin0551</styleUrl>
				<Polygon>
					<tessellate>1</tessellate>
					<outerBoundaryIs>
						<LinearRing>
							<coordinates>
								-71.5355419350838,-16.32529222462941,0 -71.53584297129227,-16.32568294383133,0 -71.53543013879397,-16.32592324287834,0 -71.53514643314377,-16.32557516351634,0 -71.5355419350838,-16.32529222462941,0 
							</coordinates>
						</LinearRing>
					</outerBoundaryIs>
				</Polygon>
			</Placemark>
			<Placemark>
				<name>1.3.60-14</name>
				<styleUrl>#msn_ylw-pushpin0551</styleUrl>
				<Polygon>
					<tessellate>1</tessellate>
					<outerBoundaryIs>
						<LinearRing>
							<coordinates>
								-71.53494125192948,-16.32623141439734,0 -71.53468185123843,-16.32589981329558,0 -71.53506213199222,-16.32560719201528,0 -71.53533984372022,-16.32598152544406,0 -71.53494125192948,-16.32623141439734,0 
							</coordinates>
						</LinearRing>
					</outerBoundaryIs>
				</Polygon>
			</Placemark>
			<Placemark>
				<name>1.3.60-22</name>
				<styleUrl>#msn_ylw-pushpin0551</styleUrl>
				<Polygon>
					<tessellate>1</tessellate>
					<outerBoundaryIs>
						<LinearRing>
							<coordinates>
								-71.53617208021159,-16.32388853252072,0 -71.53641476567002,-16.32417969345631,0 -71.53537408222293,-16.32491754742995,0 -71.53514208568669,-16.32461773104444,0 -71.53617208021159,-16.32388853252072,0 
							</coordinates>
						</LinearRing>
					</outerBoundaryIs>
				</Polygon>
			</Placemark>
			<Placemark>
				<name>1.3.60-23</name>
				<styleUrl>#msn_ylw-pushpin0551</styleUrl>
				<Polygon>
					<tessellate>1</tessellate>
					<outerBoundaryIs>
						<LinearRing>
							<coordinates>
								-71.53544669209147,-16.32375233632683,0 -71.53573044255376,-16.32410562365869,0 -71.53539457481527,-16.32432534346201,0 -71.5351186523293,-16.32393302267628,0 -71.53544669209147,-16.32375233632683,0 
							</coordinates>
						</LinearRing>
					</outerBoundaryIs>
				</Polygon>
			</Placemark>
			<Placemark>
				<name>1.3.60-24</name>
				<styleUrl>#msn_ylw-pushpin0551</styleUrl>
				<Polygon>
					<tessellate>1</tessellate>
					<outerBoundaryIs>
						<LinearRing>
							<coordinates>
								-71.53584391516911,-16.32350659037328,0 -71.53610932916814,-16.32382861259862,0 -71.53577837966635,-16.32406222020598,0 -71.53548912528737,-16.32369753909274,0 -71.53584391516911,-16.32350659037328,0 
							</coordinates>
						</LinearRing>
					</outerBoundaryIs>
				</Polygon>
			</Placemark>
			<Placemark>
				<name>1.3.60-25</name>
				<styleUrl>#msn_ylw-pushpin0551</styleUrl>
				<Polygon>
					<tessellate>1</tessellate>
					<outerBoundaryIs>
						<LinearRing>
							<coordinates>
								-71.53534622882587,-16.32436121196758,0 -71.53510064806501,-16.3245429381774,0 -71.53475251036262,-16.32412262515281,0 -71.53505568127716,-16.32395924269292,0 -71.53534622882587,-16.32436121196758,0 
							</coordinates>
						</LinearRing>
					</outerBoundaryIs>
				</Polygon>
			</Placemark>
			<Placemark>
				<name>1.3.60-26</name>
				<styleUrl>#msn_ylw-pushpin0551</styleUrl>
				<Polygon>
					<tessellate>1</tessellate>
					<outerBoundaryIs>
						<LinearRing>
							<coordinates>
								-71.53511181301948,-16.32475496911067,0 -71.53478646601168,-16.32497868503023,0 -71.53431747431804,-16.32435588728563,0 -71.53464434234385,-16.32417143409641,0 -71.53511181301948,-16.32475496911067,0 
							</coordinates>
						</LinearRing>
					</outerBoundaryIs>
				</Polygon>
			</Placemark>
			<Placemark>
				<name>1.3.60-27</name>
				<styleUrl>#msn_ylw-pushpin0551</styleUrl>
				<Polygon>
					<tessellate>1</tessellate>
					<outerBoundaryIs>
						<LinearRing>
							<coordinates>
								-71.53442459979279,-16.32465468007205,0 -71.533922238842,-16.32500386098262,0 -71.5336840260783,-16.32467536575012,0 -71.5342417090061,-16.32439987683382,0 -71.53442459979279,-16.32465468007205,0 
							</coordinates>
						</LinearRing>
					</outerBoundaryIs>
				</Polygon>
			</Placemark>
			<Placemark>
				<name>1.3.60-28</name>
				<styleUrl>#msn_ylw-pushpin0551</styleUrl>
				<Polygon>
					<tessellate>1</tessellate>
					<outerBoundaryIs>
						<LinearRing>
							<coordinates>
								-71.53444610182653,-16.32469446704098,0 -71.53452663706258,-16.32478419672329,0 -71.53437010588071,-16.32489887465746,0 -71.53455333386847,-16.32513187285286,0 -71.53423610419233,-16.32538474373552,0 -71.53397450811029,-16.32503389360917,0 -71.53444610182653,-16.32469446704098,0 
							</coordinates>
						</LinearRing>
					</outerBoundaryIs>
				</Polygon>
			</Placemark>
			<Placemark>
				<name>1.3.61-5</name>
				<styleUrl>#msn_ylw-pushpin0060</styleUrl>
				<Polygon>
					<tessellate>1</tessellate>
					<outerBoundaryIs>
						<LinearRing>
							<coordinates>
								-71.53243848925732,-16.32293166771962,0 -71.53333235730184,-16.32228891150307,0 -71.5339073623352,-16.32319415940744,0 -71.53303477380838,-16.32384146294341,0 -71.53243848925732,-16.32293166771962,0 
							</coordinates>
						</LinearRing>
					</outerBoundaryIs>
				</Polygon>
			</Placemark>
			<Placemark>
				<name>1.3.61-6</name>
				<styleUrl>#msn_ylw-pushpin0060</styleUrl>
				<Polygon>
					<tessellate>1</tessellate>
					<outerBoundaryIs>
						<LinearRing>
							<coordinates>
								-71.53341663694165,-16.322208525069,0 -71.5340895757991,-16.32169459088687,0 -71.53442742257192,-16.32211574718302,0 -71.53367557053286,-16.32264003598639,0 -71.53341663694165,-16.322208525069,0 
							</coordinates>
						</LinearRing>
					</outerBoundaryIs>
				</Polygon>
			</Placemark>
			<Placemark>
				<name>1.3.61-7</name>
				<styleUrl>#msn_ylw-pushpin0060</styleUrl>
				<Polygon>
					<tessellate>1</tessellate>
					<outerBoundaryIs>
						<LinearRing>
							<coordinates>
								-71.53447207376604,-16.32216599140993,0 -71.53478446245546,-16.32256791226875,0 -71.53399767785557,-16.32314677337492,0 -71.53372697922944,-16.32271422237937,0 -71.53447207376604,-16.32216599140993,0 
							</coordinates>
						</LinearRing>
					</outerBoundaryIs>
				</Polygon>
			</Placemark>
			<Placemark>
				<name>1.3.61-8</name>
				<styleUrl>#msn_ylw-pushpin0060</styleUrl>
				<Polygon>
					<tessellate>1</tessellate>
					<outerBoundaryIs>
						<LinearRing>
							<coordinates>
								-71.53415646958932,-16.32166709354928,0 -71.5348324003829,-16.32115428538889,0 -71.53517799835869,-16.32114565560046,0 -71.53538503243639,-16.32140210079302,0 -71.53448949126022,-16.32207887770678,0 -71.53415646958932,-16.32166709354928,0 
							</coordinates>
						</LinearRing>
					</outerBoundaryIs>
				</Polygon>
			</Placemark>
			<Placemark>
				<name>1.3.61-9</name>
				<styleUrl>#msn_ylw-pushpin0060</styleUrl>
				<Polygon>
					<tessellate>1</tessellate>
					<outerBoundaryIs>
						<LinearRing>
							<coordinates>
								-71.53561252634691,-16.32132004692375,0 -71.53590119225437,-16.32173649953262,0 -71.53483336502202,-16.32250355052096,0 -71.53454096962567,-16.3221264387363,0 -71.53561252634691,-16.32132004692375,0 
							</coordinates>
						</LinearRing>
					</outerBoundaryIs>
				</Polygon>
			</Placemark>
			<Placemark>
				<name>1.3.56-7</name>
				<styleUrl>#msn_ylw-pushpin0550</styleUrl>
				<Polygon>
					<tessellate>1</tessellate>
					<outerBoundaryIs>
						<LinearRing>
							<coordinates>
								-71.53370949578169,-16.32505485373509,0 -71.53337124082385,-16.32528066329062,0 -71.53269184768891,-16.32437727710263,0 -71.53301714559133,-16.32411899641367,0 -71.53370949578169,-16.32505485373509,0 
							</coordinates>
						</LinearRing>
					</outerBoundaryIs>
				</Polygon>
			</Placemark>
			<Placemark>
				<name>1.3.56-8</name>
				<styleUrl>#msn_ylw-pushpin0550</styleUrl>
				<Polygon>
					<tessellate>1</tessellate>
					<outerBoundaryIs>
						<LinearRing>
							<coordinates>
								-71.53275711082654,-16.32425011235515,0 -71.53264129455042,-16.32409763426483,0 -71.5324670036463,-16.32423020745858,0 -71.53217088081873,-16.32373684129685,0 -71.53239947583469,-16.32359428797137,0 -71.53208483225751,-16.32301420574793,0 -71.53220332013331,-16.32293792020228,0 -71.53297448598308,-16.32409031391653,0 -71.53275711082654,-16.32425011235515,0 
							</coordinates>
						</LinearRing>
					</outerBoundaryIs>
				</Polygon>
			</Placemark>
			<Placemark>
				<name>1.3.56-9</name>
				<styleUrl>#msn_ylw-pushpin0550</styleUrl>
				<Polygon>
					<tessellate>1</tessellate>
					<outerBoundaryIs>
						<LinearRing>
							<coordinates>
								-71.53278471629871,-16.32458489211822,0 -71.53266672165338,-16.32466143180659,0 -71.5324635876183,-16.32443568978815,0 -71.53259553951142,-16.32433850803508,0 -71.53278471629871,-16.32458489211822,0 
							</coordinates>
						</LinearRing>
					</outerBoundaryIs>
				</Polygon>
			</Placemark>
			<Placemark>
				<name>1.3.66C-11</name>
				<styleUrl>#msn_ylw-pushpin0060</styleUrl>
				<Polygon>
					<tessellate>1</tessellate>
					<outerBoundaryIs>
						<LinearRing>
							<coordinates>
								-71.52439227574155,-16.29692106707526,0 -71.52475104665541,-16.29684716325537,0 -71.52487160600403,-16.29766220192426,0 -71.52449480061296,-16.29773535529032,0 -71.52439227574155,-16.29692106707526,0 
							</coordinates>
						</LinearRing>
					</outerBoundaryIs>
				</Polygon>
			</Placemark>
			<Placemark>
				<name>1.3.66C-13</name>
				<styleUrl>#msn_ylw-pushpin0060</styleUrl>
				<Polygon>
					<tessellate>1</tessellate>
					<outerBoundaryIs>
						<LinearRing>
							<coordinates>
								-71.5250557618309,-16.29677704958258,0 -71.52512685003755,-16.29717682421906,0 -71.52531070255722,-16.29718008685851,0 -71.52536885937491,-16.297593102089,0 -71.52499655958681,-16.29765366959746,0 -71.5248635070856,-16.29681955399365,0 -71.5250557618309,-16.29677704958258,0 
							</coordinates>
						</LinearRing>
					</outerBoundaryIs>
				</Polygon>
			</Placemark>
			<Placemark>
				<name>1.3.66C-20</name>
				<styleUrl>#msn_ylw-pushpin0060</styleUrl>
				<Polygon>
					<tessellate>1</tessellate>
					<outerBoundaryIs>
						<LinearRing>
							<coordinates>
								-71.52341060628744,-16.29696036951431,0 -71.52378728237193,-16.29691558977232,0 -71.52389126363666,-16.29780730848538,0 -71.52351792922767,-16.29784476440794,0 -71.52341060628744,-16.29696036951431,0 
							</coordinates>
						</LinearRing>
					</outerBoundaryIs>
				</Polygon>
			</Placemark>
			<Placemark>
				<name>1.3.66C-21</name>
				<styleUrl>#msn_ylw-pushpin0060</styleUrl>
				<Polygon>
					<tessellate>1</tessellate>
					<outerBoundaryIs>
						<LinearRing>
							<coordinates>
								-71.52293500704479,-16.29703003393711,0 -71.52331762511729,-16.29696506797952,0 -71.52341489926945,-16.29785962991137,0 -71.52306222730667,-16.29791531207665,0 -71.52293500704479,-16.29703003393711,0 
							</coordinates>
						</LinearRing>
					</outerBoundaryIs>
				</Polygon>
			</Placemark>
			<Placemark>
				<name>1.3.66C-22</name>
				<styleUrl>#msn_ylw-pushpin0060</styleUrl>
				<Polygon>
					<tessellate>1</tessellate>
					<outerBoundaryIs>
						<LinearRing>
							<coordinates>
								-71.52244601024674,-16.29709417508864,0 -71.52282415162099,-16.29704879002252,0 -71.52290171856943,-16.29757497229053,0 -71.52252625213667,-16.29762454503377,0 -71.52244601024674,-16.29709417508864,0 
							</coordinates>
						</LinearRing>
					</outerBoundaryIs>
				</Polygon>
			</Placemark>
			<Placemark>
				<name>1.3.66C-23</name>
				<styleUrl>#msn_ylw-pushpin0060</styleUrl>
				<Polygon>
					<tessellate>1</tessellate>
					<outerBoundaryIs>
						<LinearRing>
							<coordinates>
								-71.52194866695757,-16.29707321928811,0 -71.52232418728369,-16.29700454871111,0 -71.52244918723244,-16.29783072841018,0 -71.5220637523782,-16.29788931041179,0 -71.52194866695757,-16.29707321928811,0 
							</coordinates>
						</LinearRing>
					</outerBoundaryIs>
				</Polygon>
			</Placemark>
			<Placemark>
				<name>1.3.66C-24</name>
				<styleUrl>#msn_ylw-pushpin0060</styleUrl>
				<Polygon>
					<tessellate>1</tessellate>
					<outerBoundaryIs>
						<LinearRing>
							<coordinates>
								-71.52147878670696,-16.2971330636957,0 -71.52184162381072,-16.29707634567502,0 -71.52196688110338,-16.29788620554066,0 -71.52159508839971,-16.29795422346566,0 -71.52147878670696,-16.2971330636957,0 
							</coordinates>
						</LinearRing>
					</outerBoundaryIs>
				</Polygon>
			</Placemark>
			<Placemark>
				<name>1.3.66C-12</name>
				<styleUrl>#msn_ylw-pushpin0060</styleUrl>
				<Polygon>
					<tessellate>1</tessellate>
					<outerBoundaryIs>
						<LinearRing>
							<coordinates>
								-71.52389676286639,-16.29697579072359,0 -71.52428382347712,-16.29692347206413,0 -71.52438818682452,-16.29773817459595,0 -71.5239903656398,-16.29778587871533,0 -71.52389676286639,-16.29697579072359,0 
							</coordinates>
						</LinearRing>
					</outerBoundaryIs>
				</Polygon>
			</Placemark>
			<Placemark>
				<name>1.3.66C-19</name>
				<styleUrl>#msn_ylw-pushpin0060</styleUrl>
				<Polygon>
					<tessellate>1</tessellate>
					<outerBoundaryIs>
						<LinearRing>
							<coordinates>
								-71.52134677108214,-16.29705266964192,0 -71.52097921867995,-16.29711509393122,0 -71.5209538936053,-16.29696709222524,0 -71.52098215097443,-16.29684181469504,0 -71.52101427072351,-16.29672603764135,0 -71.52106209076716,-16.29655878519478,0 -71.52112375027161,-16.29635928378493,0 -71.52123306337427,-16.296371936292,0 -71.52134677108214,-16.29705266964192,0 
							</coordinates>
						</LinearRing>
					</outerBoundaryIs>
				</Polygon>
			</Placemark>
			<Placemark>
				<name>1.3.66C-25</name>
				<styleUrl>#msn_ylw-pushpin0060</styleUrl>
				<Polygon>
					<tessellate>1</tessellate>
					<outerBoundaryIs>
						<LinearRing>
							<coordinates>
								-71.52098897140702,-16.29721168994818,0 -71.52136612081544,-16.29715220675201,0 -71.52148247013265,-16.29796328126741,0 -71.52110601040748,-16.29801909223586,0 -71.52098897140702,-16.29721168994818,0 
							</coordinates>
						</LinearRing>
					</outerBoundaryIs>
				</Polygon>
			</Placemark>
			<Placemark>
				<name>1.3.66C-26</name>
				<styleUrl>#msn_ylw-pushpin0060</styleUrl>
				<Polygon>
					<tessellate>1</tessellate>
					<outerBoundaryIs>
						<LinearRing>
							<coordinates>
								-71.52073875697749,-16.2974243950967,0 -71.52093406540466,-16.29739076004612,0 -71.52099414885491,-16.29804551339063,0 -71.52073497807736,-16.29807612989222,0 -71.52073875697749,-16.2974243950967,0 
							</coordinates>
						</LinearRing>
					</outerBoundaryIs>
				</Polygon>
			</Placemark>
			<Placemark>
				<name>1.3.66C-27</name>
				<styleUrl>#msn_ylw-pushpin0060</styleUrl>
				<Polygon>
					<tessellate>1</tessellate>
					<outerBoundaryIs>
						<LinearRing>
							<coordinates>
								-71.52163685613594,-16.29894492934675,0 -71.52126088587626,-16.29900447814698,0 -71.5212288738955,-16.29882885936179,0 -71.52124670521931,-16.29874522036116,0 -71.52124810690597,-16.29858114933207,0 -71.52118832757409,-16.29845731361515,0 -71.52112314980869,-16.29810501124391,0 -71.52150376774708,-16.298053942117,0 -71.52163685613594,-16.29894492934675,0 
							</coordinates>
						</LinearRing>
					</outerBoundaryIs>
				</Polygon>
			</Placemark>
			<Placemark>
				<name>1.3.66C-28</name>
				<styleUrl>#msn_ylw-pushpin0060</styleUrl>
				<Polygon>
					<tessellate>1</tessellate>
					<outerBoundaryIs>
						<LinearRing>
							<coordinates>
								-71.52161331487088,-16.29805210915878,0 -71.52197725109474,-16.29799371078038,0 -71.52211010791777,-16.29890027993128,0 -71.52173537281132,-16.29893608259517,0 -71.52161331487088,-16.29805210915878,0 
							</coordinates>
						</LinearRing>
					</outerBoundaryIs>
				</Polygon>
			</Placemark>
			<Placemark>
				<name>1.3.66C-29</name>
				<styleUrl>#msn_ylw-pushpin0060</styleUrl>
				<Polygon>
					<tessellate>1</tessellate>
					<outerBoundaryIs>
						<LinearRing>
							<coordinates>
								-71.52208892003641,-16.29797759280853,0 -71.52248005354075,-16.29793242326998,0 -71.5226073932206,-16.29892419628511,0 -71.52224058831526,-16.29893121737752,0 -71.52208892003641,-16.29797759280853,0 
							</coordinates>
						</LinearRing>
					</outerBoundaryIs>
				</Polygon>
			</Placemark>
			<Placemark>
				<name>1.3.66C-30</name>
				<styleUrl>#msn_ylw-pushpin0060</styleUrl>
				<Polygon>
					<tessellate>1</tessellate>
					<outerBoundaryIs>
						<LinearRing>
							<coordinates>
								-71.52259085367444,-16.29801060200417,0 -71.52297376304274,-16.2979689396526,0 -71.52311484433616,-16.29893641943879,0 -71.52272325995023,-16.29892853167532,0 -71.52259085367444,-16.29801060200417,0 
							</coordinates>
						</LinearRing>
					</outerBoundaryIs>
				</Polygon>
			</Placemark>
			<Placemark>
				<name>1.3.66C-31</name>
				<styleUrl>#msn_ylw-pushpin0060</styleUrl>
				<Polygon>
					<tessellate>1</tessellate>
					<outerBoundaryIs>
						<LinearRing>
							<coordinates>
								-71.52307361513779,-16.29801038197865,0 -71.52344957103593,-16.29795626314763,0 -71.52358533687735,-16.29891214496781,0 -71.52320678464372,-16.2989427893343,0 -71.52307361513779,-16.29801038197865,0 
							</coordinates>
						</LinearRing>
					</outerBoundaryIs>
				</Polygon>
			</Placemark>
			<Placemark>
				<name>1.3.66C-32</name>
				<styleUrl>#msn_ylw-pushpin0060</styleUrl>
				<Polygon>
					<tessellate>1</tessellate>
					<outerBoundaryIs>
						<LinearRing>
							<coordinates>
								-71.52355274694192,-16.297952718974,0 -71.52392443555767,-16.29791207972402,0 -71.52407627215409,-16.29886935959656,0 -71.52368786632698,-16.29889135214199,0 -71.52355274694192,-16.297952718974,0 
							</coordinates>
						</LinearRing>
					</outerBoundaryIs>
				</Polygon>
			</Placemark>
			<Placemark>
				<name>1.3.66C-33</name>
				<styleUrl>#msn_ylw-pushpin0060</styleUrl>
				<Polygon>
					<tessellate>1</tessellate>
					<outerBoundaryIs>
						<LinearRing>
							<coordinates>
								-71.52455703990435,-16.29881750683305,0 -71.52414764603698,-16.29885642489912,0 -71.52399109764859,-16.29788809807458,0 -71.52440913816497,-16.29781864337236,0 -71.52455703990435,-16.29881750683305,0 
							</coordinates>
						</LinearRing>
					</outerBoundaryIs>
				</Polygon>
			</Placemark>
			<Placemark>
				<name>1.3.66C-34</name>
				<styleUrl>#msn_ylw-pushpin0060</styleUrl>
				<Polygon>
					<tessellate>1</tessellate>
					<outerBoundaryIs>
						<LinearRing>
							<coordinates>
								-71.52453041155188,-16.29781378528912,0 -71.52489456387038,-16.29775232673659,0 -71.52505585425821,-16.29881344449486,0 -71.52467769088881,-16.29884767390417,0 -71.52453041155188,-16.29781378528912,0 
							</coordinates>
						</LinearRing>
					</outerBoundaryIs>
				</Polygon>
			</Placemark>
			<Placemark>
				<name>1.3.66C-35</name>
				<styleUrl>#msn_ylw-pushpin0060</styleUrl>
				<Polygon>
					<tessellate>1</tessellate>
					<outerBoundaryIs>
						<LinearRing>
							<coordinates>
								-71.52500451708437,-16.29775245290508,0 -71.52537067407653,-16.29769750010794,0 -71.52543768699954,-16.29815995971018,0 -71.52536563107718,-16.2983380893135,0 -71.52531439001523,-16.29848031487873,0 -71.52530032954367,-16.29868772495343,0 -71.52514651014471,-16.29869381680945,0 -71.52500451708437,-16.29775245290508,0 
							</coordinates>
						</LinearRing>
					</outerBoundaryIs>
				</Polygon>
			</Placemark>
			<Placemark>
				<name>1.3.66C-36</name>
				<styleUrl>#msn_ylw-pushpin0060</styleUrl>
				<Polygon>
					<tessellate>1</tessellate>
					<outerBoundaryIs>
						<LinearRing>
							<coordinates>
								-71.5254117465571,-16.29725970243054,0 -71.52562012370026,-16.29721973758742,0 -71.52575005215309,-16.29794900443868,0 -71.52551427438266,-16.29798673327975,0 -71.5254117465571,-16.29725970243054,0 
							</coordinates>
						</LinearRing>
					</outerBoundaryIs>
				</Polygon>
			</Placemark>
			<Placemark>
				<name>1.3.66B-1</name>
				<styleUrl>#msn_ylw-pushpin0060</styleUrl>
				<Polygon>
					<tessellate>1</tessellate>
					<outerBoundaryIs>
						<LinearRing>
							<coordinates>
								-71.52502548346284,-16.29889194493477,0 -71.52531740162966,-16.29887322986717,0 -71.52535913467673,-16.29922497981921,0 -71.52516327477805,-16.29927747307894,0 -71.52502548346284,-16.29889194493477,0 
							</coordinates>
						</LinearRing>
					</outerBoundaryIs>
				</Polygon>
			</Placemark>
			<Placemark>
				<name>1.3.66B-2</name>
				<styleUrl>#msn_ylw-pushpin0060</styleUrl>
				<Polygon>
					<tessellate>1</tessellate>
					<outerBoundaryIs>
						<LinearRing>
							<coordinates>
								-71.52535983593809,-16.29932101626708,0 -71.52540989770468,-16.29950905815317,0 -71.52558154426428,-16.29994658773585,0 -71.52540323586469,-16.29998232788878,0 -71.52535348679611,-16.29975162338319,0 -71.52525196540842,-16.29953015474559,0 -71.52518927773626,-16.29936191822342,0 -71.52535983593809,-16.29932101626708,0 
							</coordinates>
						</LinearRing>
					</outerBoundaryIs>
				</Polygon>
			</Placemark>
			<Placemark>
				<name>1.3.66B-3</name>
				<styleUrl>#msn_ylw-pushpin0060</styleUrl>
				<Polygon>
					<tessellate>1</tessellate>
					<outerBoundaryIs>
						<LinearRing>
							<coordinates>
								-71.52457388687044,-16.29892057205798,0 -71.52462735028206,-16.29925622399542,0 -71.52397018872983,-16.29939315851003,0 -71.52331486015382,-16.29947104686881,0 -71.52322935861862,-16.29901246483603,0 -71.52457388687044,-16.29892057205798,0 
							</coordinates>
						</LinearRing>
					</outerBoundaryIs>
				</Polygon>
			</Placemark>
			<Placemark>
				<name>1.3.66B-4</name>
				<styleUrl>#msn_ylw-pushpin0060</styleUrl>
				<Polygon>
					<tessellate>1</tessellate>
					<outerBoundaryIs>
						<LinearRing>
							<coordinates>
								-71.52505944419096,-16.29923803274457,0 -71.52474320009667,-16.29925603285277,0 -71.52469249903808,-16.29893975353085,0 -71.52496438007624,-16.29891739478366,0 -71.52505944419096,-16.29923803274457,0 
							</coordinates>
						</LinearRing>
					</outerBoundaryIs>
				</Polygon>
			</Placemark>
			<Placemark>
				<name>1.3.66B-5</name>
				<styleUrl>#msn_ylw-pushpin0060</styleUrl>
				<Polygon>
					<tessellate>1</tessellate>
					<outerBoundaryIs>
						<LinearRing>
							<coordinates>
								-71.52335474646763,-16.29961362344243,0 -71.52373802704524,-16.29956024298698,0 -71.52397144009866,-16.30098996251907,0 -71.52358050395394,-16.30105395137967,0 -71.52335474646763,-16.29961362344243,0 
							</coordinates>
						</LinearRing>
					</outerBoundaryIs>
				</Polygon>
			</Placemark>
			<Placemark>
				<name>1.3.66B-6</name>
				<styleUrl>#msn_ylw-pushpin0060</styleUrl>
				<Polygon>
					<tessellate>1</tessellate>
					<outerBoundaryIs>
						<LinearRing>
							<coordinates>
								-71.52380538855166,-16.29954550320269,0 -71.52418599276491,-16.2994830340689,0 -71.52443392460823,-16.30090063980653,0 -71.52405944686558,-16.30097798238655,0 -71.52380538855166,-16.29954550320269,0 
							</coordinates>
						</LinearRing>
					</outerBoundaryIs>
				</Polygon>
			</Placemark>
			<Placemark>
				<name>1.3.66B-7</name>
				<styleUrl>#msn_ylw-pushpin0060</styleUrl>
				<Polygon>
					<tessellate>1</tessellate>
					<outerBoundaryIs>
						<LinearRing>
							<coordinates>
								-71.52425992199967,-16.29947472536821,0 -71.52467120116825,-16.29937165192316,0 -71.52490878216167,-16.30084935078519,0 -71.52451879719922,-16.30089986285192,0 -71.52425992199967,-16.29947472536821,0 
							</coordinates>
						</LinearRing>
					</outerBoundaryIs>
				</Polygon>
			</Placemark>
			<Placemark>
				<name>1.3.66B-8</name>
				<styleUrl>#msn_ylw-pushpin0060</styleUrl>
				<Polygon>
					<tessellate>1</tessellate>
					<outerBoundaryIs>
						<LinearRing>
							<coordinates>
								-71.52524912006,-16.29968540887104,0 -71.52531640512805,-16.29998276399669,0 -71.52531544075461,-16.30018688863837,0 -71.52530915179591,-16.30041778325251,0 -71.52533637832134,-16.30076101507257,0 -71.52506083561018,-16.30078376472351,0 -71.52477800677173,-16.29934132224704,0 -71.52509224938277,-16.29930206969065,0 -71.52524912006,-16.29968540887104,0 
							</coordinates>
						</LinearRing>
					</outerBoundaryIs>
				</Polygon>
			</Placemark>
			<Placemark>
				<name>1.3.66B-9</name>
				<styleUrl>#msn_ylw-pushpin0060</styleUrl>
				<Polygon>
					<tessellate>1</tessellate>
					<outerBoundaryIs>
						<LinearRing>
							<coordinates>
								-71.52540384215821,-16.30010383795679,0 -71.52560644833756,-16.30006444654564,0 -71.52564919902098,-16.30032649404192,0 -71.52555098233604,-16.30072868550296,0 -71.52539051367209,-16.30075557766882,0 -71.52540384215821,-16.30010383795679,0 
							</coordinates>
						</LinearRing>
					</outerBoundaryIs>
				</Polygon>
			</Placemark>
			<Placemark>
				<name>1.3.66B-10</name>
				<styleUrl>#msn_ylw-pushpin0060</styleUrl>
				<Polygon>
					<tessellate>1</tessellate>
					<outerBoundaryIs>
						<LinearRing>
							<coordinates>
								-71.52157477327353,-16.29954680448078,0 -71.52146311539947,-16.29901829281318,0 -71.52181529491466,-16.29897629022658,0 -71.52217250538153,-16.29899530829975,0 -71.5226296242067,-16.29899687666165,0 -71.52269498961644,-16.29933970782085,0 -71.52231709414933,-16.29942168783395,0 -71.52157477327353,-16.29954680448078,0 
							</coordinates>
						</LinearRing>
					</outerBoundaryIs>
				</Polygon>
			</Placemark>
			<Placemark>
				<name>1.3.66B-11</name>
				<styleUrl>#msn_ylw-pushpin0060</styleUrl>
				<Polygon>
					<tessellate>1</tessellate>
					<outerBoundaryIs>
						<LinearRing>
							<coordinates>
								-71.52221314994368,-16.29955244153049,0 -71.52227973389506,-16.29992616915234,0 -71.52152677930594,-16.30005986663719,0 -71.52142026076676,-16.29968929978021,0 -71.52221314994368,-16.29955244153049,0 
							</coordinates>
						</LinearRing>
					</outerBoundaryIs>
				</Polygon>
			</Placemark>
			<Placemark>
				<name>1.3.66B-12</name>
				<styleUrl>#msn_ylw-pushpin0060</styleUrl>
				<Polygon>
					<tessellate>1</tessellate>
					<outerBoundaryIs>
						<LinearRing>
							<coordinates>
								-71.5222869522394,-16.2999965357762,0 -71.52234818807,-16.30037409742988,0 -71.52159294108213,-16.30049510564334,0 -71.52152062817052,-16.30013931976353,0 -71.5222869522394,-16.2999965357762,0 
							</coordinates>
						</LinearRing>
					</outerBoundaryIs>
				</Polygon>
			</Placemark>
			<Placemark>
				<name>1.3.66B-13</name>
				<styleUrl>#msn_ylw-pushpin0060</styleUrl>
				<Polygon>
					<tessellate>1</tessellate>
					<outerBoundaryIs>
						<LinearRing>
							<coordinates>
								-71.52236619427347,-16.30045315651229,0 -71.52242581523939,-16.30082384854424,0 -71.52168635913335,-16.30094687227854,0 -71.52162325819533,-16.30059021713259,0 -71.52236619427347,-16.30045315651229,0 
							</coordinates>
						</LinearRing>
					</outerBoundaryIs>
				</Polygon>
			</Placemark>
			<Placemark>
				<name>1.3.66B-14</name>
				<styleUrl>#msn_ylw-pushpin0060</styleUrl>
				<Polygon>
					<tessellate>1</tessellate>
					<outerBoundaryIs>
						<LinearRing>
							<coordinates>
								-71.52231962294148,-16.29951756583227,0 -71.52270457814018,-16.29944659514508,0 -71.52294006530096,-16.30073760479896,0 -71.52255530848751,-16.3007916103501,0 -71.52231962294148,-16.29951756583227,0 
							</coordinates>
						</LinearRing>
					</outerBoundaryIs>
				</Polygon>
			</Placemark>
			<Placemark>
				<name>1.3.66B-15</name>
				<styleUrl>#msn_ylw-pushpin0060</styleUrl>
				<Polygon>
					<tessellate>1</tessellate>
					<outerBoundaryIs>
						<LinearRing>
							<coordinates>
								-71.52294164525085,-16.30001700730744,0 -71.52328243842439,-16.29997223162036,0 -71.523408749263,-16.30065548615048,0 -71.52307046863322,-16.30071623914466,0 -71.52294164525085,-16.30001700730744,0 
							</coordinates>
						</LinearRing>
					</outerBoundaryIs>
				</Polygon>
			</Placemark>
			<Placemark>
				<name>1.3.66B-16</name>
				<styleUrl>#msn_ylw-pushpin0060</styleUrl>
				<Polygon>
					<tessellate>1</tessellate>
					<outerBoundaryIs>
						<LinearRing>
							<coordinates>
								-71.521676331932,-16.3010735996791,0 -71.52199927268641,-16.30101760263556,0 -71.52218322085989,-16.30192688421611,0 -71.52202989087432,-16.30183374399118,0 -71.52187611485142,-16.30170759785374,0 -71.52179460104915,-16.30158380765828,0 -71.521676331932,-16.3010735996791,0 
							</coordinates>
						</LinearRing>
					</outerBoundaryIs>
				</Polygon>
			</Placemark>
			<Placemark>
				<name>1.3.66B-17</name>
				<styleUrl>#msn_ylw-pushpin0060</styleUrl>
				<Polygon>
					<tessellate>1</tessellate>
					<outerBoundaryIs>
						<LinearRing>
							<coordinates>
								-71.52207674647101,-16.30100344339853,0 -71.52245452635511,-16.30094126016473,0 -71.52264274723157,-16.30192745108381,0 -71.52242980845674,-16.30195076723969,0 -71.52222546354847,-16.30188580062706,0 -71.52207674647101,-16.30100344339853,0 
							</coordinates>
						</LinearRing>
					</outerBoundaryIs>
				</Polygon>
			</Placemark>
			<Placemark>
				<name>1.3.66B-18</name>
				<styleUrl>#msn_ylw-pushpin0060</styleUrl>
				<Polygon>
					<tessellate>1</tessellate>
					<outerBoundaryIs>
						<LinearRing>
							<coordinates>
								-71.52257073050704,-16.30093876755086,0 -71.52297207474562,-16.30084206549368,0 -71.52318406831361,-16.30211246728451,0 -71.5228137169009,-16.30217772834864,0 -71.52257073050704,-16.30093876755086,0 
							</coordinates>
						</LinearRing>
					</outerBoundaryIs>
				</Polygon>
			</Placemark>
			<Placemark>
				<name>1.3.66B-19</name>
				<styleUrl>#msn_ylw-pushpin0060</styleUrl>
				<Polygon>
					<tessellate>1</tessellate>
					<outerBoundaryIs>
						<LinearRing>
							<coordinates>
								-71.52314167000304,-16.3012551596137,0 -71.52353566855788,-16.30119326286789,0 -71.52370753959173,-16.30234595998204,0 -71.52337614335907,-16.30239933226775,0 -71.52314167000304,-16.3012551596137,0 
							</coordinates>
						</LinearRing>
					</outerBoundaryIs>
				</Polygon>
			</Placemark>
			<Placemark>
				<name>1.3.66B-20</name>
				<styleUrl>#msn_ylw-pushpin0060</styleUrl>
				<Polygon>
					<tessellate>1</tessellate>
					<outerBoundaryIs>
						<LinearRing>
							<coordinates>
								-71.52463309797567,-16.30148713494945,0 -71.52458367489706,-16.30141722957794,0 -71.52458478266897,-16.30130435805285,0 -71.52456184935851,-16.30101902546805,0 -71.52491059220286,-16.30096076839937,0 -71.52491102720305,-16.30115797241426,0 -71.52495770162967,-16.30123240777855,0 -71.52500479231453,-16.30143055505882,0 -71.52463309797567,-16.30148713494945,0 
							</coordinates>
						</LinearRing>
					</outerBoundaryIs>
				</Polygon>
			</Placemark>
			<Placemark>
				<name>1.3.66B-21</name>
				<styleUrl>#msn_ylw-pushpin0060</styleUrl>
				<Polygon>
					<tessellate>1</tessellate>
					<outerBoundaryIs>
						<LinearRing>
							<coordinates>
								-71.52425370647009,-16.30103792657867,0 -71.52445907846615,-16.30099735090677,0 -71.52455061596409,-16.30151090226594,0 -71.52435190953206,-16.30154587202692,0 -71.52425370647009,-16.30103792657867,0 
							</coordinates>
						</LinearRing>
					</outerBoundaryIs>
				</Polygon>
			</Placemark>
			<Placemark>
				<name>1.3.66E-1</name>
				<styleUrl>#msn_ylw-pushpin0060</styleUrl>
				<Polygon>
					<tessellate>1</tessellate>
					<outerBoundaryIs>
						<LinearRing>
							<coordinates>
								-71.51898573000854,-16.29423948548272,0 -71.51851253680104,-16.29291786022117,0 -71.51889744278154,-16.29279634193799,0 -71.51938104121466,-16.29412055048538,0 -71.51898573000854,-16.29423948548272,0 
							</coordinates>
						</LinearRing>
					</outerBoundaryIs>
				</Polygon>
			</Placemark>
			<Placemark>
				<name>1.3.66E-2</name>
				<styleUrl>#msn_ylw-pushpin0060</styleUrl>
				<Polygon>
					<tessellate>1</tessellate>
					<outerBoundaryIs>
						<LinearRing>
							<coordinates>
								-71.51841874554773,-16.2929777337204,0 -71.51891103221307,-16.29427069127711,0 -71.51850956447946,-16.29439471185763,0 -71.51833894587494,-16.29385692811097,0 -71.51814870879898,-16.29335526515824,0 -71.51813238971204,-16.2932838795582,0 -71.51819203519577,-16.29313420363933,0 -71.51824648980471,-16.29304947704576,0 -71.51831540433928,-16.29300883515322,0 -71.51841874554773,-16.2929777337204,0 
							</coordinates>
						</LinearRing>
					</outerBoundaryIs>
				</Polygon>
			</Placemark>
			<Placemark>
				<name>1.3.66E-3</name>
				<styleUrl>#msn_ylw-pushpin0060</styleUrl>
				<Polygon>
					<tessellate>1</tessellate>
					<outerBoundaryIs>
						<LinearRing>
							<coordinates>
								-71.51769921546102,-16.29350292240279,0 -71.51805584736846,-16.29337466718935,0 -71.51843198244364,-16.29440808453015,0 -71.51805391685009,-16.29454067318839,0 -71.51769921546102,-16.29350292240279,0 
							</coordinates>
						</LinearRing>
					</outerBoundaryIs>
				</Polygon>
			</Placemark>
			<Placemark>
				<name>1.3.66E-7</name>
				<styleUrl>#msn_ylw-pushpin0060</styleUrl>
				<Polygon>
					<tessellate>1</tessellate>
					<outerBoundaryIs>
						<LinearRing>
							<coordinates>
								-71.51717168055329,-16.29492065037492,0 -71.51755926536512,-16.29480136338792,0 -71.51789482514246,-16.29575300001852,0 -71.51751798932686,-16.29586755035254,0 -71.51717168055329,-16.29492065037492,0 
							</coordinates>
						</LinearRing>
					</outerBoundaryIs>
				</Polygon>
			</Placemark>
			<Placemark>
				<name>1.3.66E-8</name>
				<styleUrl>#msn_ylw-pushpin0060</styleUrl>
				<Polygon>
					<tessellate>1</tessellate>
					<outerBoundaryIs>
						<LinearRing>
							<coordinates>
								-71.51763443661451,-16.29477927442993,0 -71.51800233410037,-16.29464593511975,0 -71.51836000050176,-16.29559793950504,0 -71.5179920678851,-16.29571893841669,0 -71.51763443661451,-16.29477927442993,0 
							</coordinates>
						</LinearRing>
					</outerBoundaryIs>
				</Polygon>
			</Placemark>
			<Placemark>
				<name>1.3.66E-9</name>
				<styleUrl>#msn_ylw-pushpin0060</styleUrl>
				<Polygon>
					<tessellate>1</tessellate>
					<outerBoundaryIs>
						<LinearRing>
							<coordinates>
								-71.51808745571634,-16.29462070267252,0 -71.51847681285088,-16.29448504457403,0 -71.51880650036584,-16.29543156308974,0 -71.51844514773069,-16.29555648209793,0 -71.51808745571634,-16.29462070267252,0 
							</coordinates>
						</LinearRing>
					</outerBoundaryIs>
				</Polygon>
			</Placemark>
			<Placemark>
				<name>1.3.66E-10</name>
				<styleUrl>#msn_ylw-pushpin0060</styleUrl>
				<Polygon>
					<tessellate>1</tessellate>
					<outerBoundaryIs>
						<LinearRing>
							<coordinates>
								-71.51853514908493,-16.29446790686316,0 -71.51893240357171,-16.29433926230638,0 -71.51925748259917,-16.29529029040656,0 -71.51889615134247,-16.29539492139983,0 -71.51853514908493,-16.29446790686316,0 
							</coordinates>
						</LinearRing>
					</outerBoundaryIs>
				</Polygon>
			</Placemark>
			<Placemark>
				<name>1.3.66E-11</name>
				<styleUrl>#msn_ylw-pushpin0060</styleUrl>
				<Polygon>
					<tessellate>1</tessellate>
					<outerBoundaryIs>
						<LinearRing>
							<coordinates>
								-71.51899752178325,-16.29428919493003,0 -71.51939451099021,-16.29416827130412,0 -71.51966207225966,-16.29514200223013,0 -71.51934809100483,-16.29523546327135,0 -71.51899752178325,-16.29428919493003,0 
							</coordinates>
						</LinearRing>
					</outerBoundaryIs>
				</Polygon>
			</Placemark>
			<Placemark>
				<name>1.3.66E-12</name>
				<styleUrl>#msn_ylw-pushpin0060</styleUrl>
				<Polygon>
					<tessellate>1</tessellate>
					<outerBoundaryIs>
						<LinearRing>
							<coordinates>
								-71.51972343609241,-16.29621378284133,0 -71.5193808986201,-16.29530928279025,0 -71.51968492651558,-16.29524471427621,0 -71.51999027612813,-16.29612014684337,0 -71.51972343609241,-16.29621378284133,0 
							</coordinates>
						</LinearRing>
					</outerBoundaryIs>
				</Polygon>
			</Placemark>
			<Placemark>
				<name>1.3.66E-13</name>
				<styleUrl>#msn_ylw-pushpin0060</styleUrl>
				<Polygon>
					<tessellate>1</tessellate>
					<outerBoundaryIs>
						<LinearRing>
							<coordinates>
								-71.5189352065107,-16.29547606425676,0 -71.51929228248338,-16.2953626603368,0 -71.51966845228856,-16.29630133828197,0 -71.51929158968174,-16.29640978732785,0 -71.5189352065107,-16.29547606425676,0 
							</coordinates>
						</LinearRing>
					</outerBoundaryIs>
				</Polygon>
			</Placemark>
			<Placemark>
				<name>1.3.66E-14</name>
				<styleUrl>#msn_ylw-pushpin0060</styleUrl>
				<Polygon>
					<tessellate>1</tessellate>
					<outerBoundaryIs>
						<LinearRing>
							<coordinates>
								-71.51848018755869,-16.29561975852744,0 -71.51885043089219,-16.29551946065982,0 -71.51914558125684,-16.29643954312418,0 -71.51878063440812,-16.2965568831096,0 -71.51848018755869,-16.29561975852744,0 
							</coordinates>
						</LinearRing>
					</outerBoundaryIs>
				</Polygon>
			</Placemark>
			<Placemark>
				<name>1.3.66E-15</name>
				<styleUrl>#msn_ylw-pushpin0060</styleUrl>
				<Polygon>
					<tessellate>1</tessellate>
					<outerBoundaryIs>
						<LinearRing>
							<coordinates>
								-71.5180170052797,-16.29578805071627,0 -71.51837758792965,-16.29567188750498,0 -71.51869544111396,-16.29660580356779,0 -71.51834405364686,-16.29674951667501,0 -71.5180170052797,-16.29578805071627,0 
							</coordinates>
						</LinearRing>
					</outerBoundaryIs>
				</Polygon>
			</Placemark>
			<Placemark>
				<name>1.3.66E-18</name>
				<styleUrl>#msn_ylw-pushpin0060</styleUrl>
				<Polygon>
					<tessellate>1</tessellate>
					<outerBoundaryIs>
						<LinearRing>
							<coordinates>
								-71.5197535311365,-16.2962740719959,0 -71.52000535209946,-16.29616475113331,0 -71.52014411840898,-16.29628515537186,0 -71.52021601091401,-16.2964051788634,0 -71.52023835120634,-16.29655325038251,0 -71.52018639473593,-16.29663777149731,0 -71.52015314348992,-16.29673252972939,0 -71.52009052112849,-16.29683171280652,0 -71.52006487958238,-16.29695294941102,0 -71.519995377839,-16.29704651169327,0 -71.5197535311365,-16.2962740719959,0 
							</coordinates>
						</LinearRing>
					</outerBoundaryIs>
				</Polygon>
			</Placemark>
			<Placemark>
				<name>1.3.66E-19</name>
				<styleUrl>#msn_ylw-pushpin0060</styleUrl>
				<Polygon>
					<tessellate>1</tessellate>
					<outerBoundaryIs>
						<LinearRing>
							<coordinates>
								-71.51931754193122,-16.29649543937619,0 -71.51968570501099,-16.29638157959785,0 -71.51994858160309,-16.29712223590879,0 -71.51962468382101,-16.29740613298032,0 -71.51931754193122,-16.29649543937619,0 
							</coordinates>
						</LinearRing>
					</outerBoundaryIs>
				</Polygon>
			</Placemark>
			<Placemark>
				<name>1.3.66E-20</name>
				<styleUrl>#msn_ylw-pushpin0060</styleUrl>
				<Polygon>
					<tessellate>1</tessellate>
					<outerBoundaryIs>
						<LinearRing>
							<coordinates>
								-71.5195478470131,-16.29746093829775,0 -71.51925087659407,-16.29778126415161,0 -71.5188158104783,-16.29667279105753,0 -71.51921483161213,-16.29652051270839,0 -71.5195478470131,-16.29746093829775,0 
							</coordinates>
						</LinearRing>
					</outerBoundaryIs>
				</Polygon>
			</Placemark>
			<Placemark>
				<name>1.3.66E-21</name>
				<styleUrl>#msn_ylw-pushpin0060</styleUrl>
				<Polygon>
					<tessellate>1</tessellate>
					<outerBoundaryIs>
						<LinearRing>
							<coordinates>
								-71.51837827504056,-16.29681872357073,0 -71.51873331065758,-16.29669676288122,0 -71.51916209149076,-16.29784587537689,0 -71.51911346395472,-16.29798020209943,0 -71.51901110509796,-16.29814472860921,0 -71.51892150924913,-16.29824780562686,0 -71.51837827504056,-16.29681872357073,0 
							</coordinates>
						</LinearRing>
					</outerBoundaryIs>
				</Polygon>
			</Placemark>
			<Placemark>
				<name>1.3.66E-22</name>
				<styleUrl>#msn_ylw-pushpin0060</styleUrl>
				<Polygon>
					<tessellate>1</tessellate>
					<outerBoundaryIs>
						<LinearRing>
							<coordinates>
								-71.51793999460841,-16.29699409018657,0 -71.51828291869204,-16.29684070946399,0 -71.51889338877551,-16.29850928438862,0 -71.51886577814945,-16.29868796707106,0 -71.51884463569046,-16.29875711456998,0 -71.51851676939449,-16.29860566191544,0 -71.51793999460841,-16.29699409018657,0 
							</coordinates>
						</LinearRing>
					</outerBoundaryIs>
				</Polygon>
			</Placemark>
			<Placemark>
				<name>1.3.66E-23</name>
				<styleUrl>#msn_ylw-pushpin0060</styleUrl>
				<Polygon>
					<tessellate>1</tessellate>
					<outerBoundaryIs>
						<LinearRing>
							<coordinates>
								-71.5183099251678,-16.29817360593769,0 -71.51814625920011,-16.29824749723149,0 -71.51802377812437,-16.29815552111109,0 -71.51781750536168,-16.29765741249908,0 -71.51803500121612,-16.29753151379997,0 -71.5183099251678,-16.29817360593769,0 
							</coordinates>
						</LinearRing>
					</outerBoundaryIs>
				</Polygon>
			</Placemark>
			<Placemark>
				<name>1.3.66G-1</name>
				<styleUrl>#msn_ylw-pushpin0060</styleUrl>
				<Polygon>
					<tessellate>1</tessellate>
					<outerBoundaryIs>
						<LinearRing>
							<coordinates>
								-71.51997280956321,-16.29885232890869,0 -71.52002404929431,-16.29893662630668,0 -71.52006921125232,-16.29907308097545,0 -71.52008993389255,-16.29922204871069,0 -71.52014968493962,-16.29944303117582,0 -71.5203410840025,-16.29977838598684,0 -71.52025644100415,-16.29982530690103,0 -71.52011623368057,-16.29959482014999,0 -71.5200866629603,-16.29951099567381,0 -71.52004908188074,-16.2994220394969,0 -71.52000415087984,-16.29921047867837,0 -71.51994917336219,-16.29902053636264,0 -71.51989385918984,-16.298868047575,0 -71.51997280956321,-16.29885232890869,0 
							</coordinates>
						</LinearRing>
					</outerBoundaryIs>
				</Polygon>
			</Placemark>
			<Placemark>
				<name>1.3.66H-4</name>
				<styleUrl>#msn_ylw-pushpin0060</styleUrl>
				<Polygon>
					<tessellate>1</tessellate>
					<outerBoundaryIs>
						<LinearRing>
							<coordinates>
								-71.51867213260039,-16.30132107102544,0 -71.51899185110692,-16.30117906033219,0 -71.51927032696366,-16.30151659320372,0 -71.51933837675857,-16.30166347099556,0 -71.51956600265723,-16.30234774534379,0 -71.51924293622986,-16.30246999522236,0 -71.51867213260039,-16.30132107102544,0 
							</coordinates>
						</LinearRing>
					</outerBoundaryIs>
				</Polygon>
			</Placemark>
			<Placemark>
				<name>1.3.66H-8</name>
				<styleUrl>#msn_ylw-pushpin0060</styleUrl>
				<Polygon>
					<tessellate>1</tessellate>
					<outerBoundaryIs>
						<LinearRing>
							<coordinates>
								-71.51958016208528,-16.30238553126078,0 -71.51964286026413,-16.30255108608447,0 -71.51969092809931,-16.3027919890313,0 -71.51899894265672,-16.30303046330947,0 -71.51884846428413,-16.30269686673691,0 -71.51958016208528,-16.30238553126078,0 
							</coordinates>
						</LinearRing>
					</outerBoundaryIs>
				</Polygon>
			</Placemark>
			<Placemark>
				<name>1.3.66H-10</name>
				<styleUrl>#msn_ylw-pushpin0060</styleUrl>
				<Polygon>
					<tessellate>1</tessellate>
					<outerBoundaryIs>
						<LinearRing>
							<coordinates>
								-71.51898747908936,-16.30311437850829,0 -71.51922048844546,-16.30344665401219,0 -71.51832470305777,-16.30381845986477,0 -71.51816420896945,-16.30345352994518,0 -71.51898747908936,-16.30311437850829,0 
							</coordinates>
						</LinearRing>
					</outerBoundaryIs>
				</Polygon>
			</Placemark>
			<Placemark>
				<name>1.3.66A-1</name>
				<styleUrl>#msn_ylw-pushpin0060</styleUrl>
				<Polygon>
					<tessellate>1</tessellate>
					<outerBoundaryIs>
						<LinearRing>
							<coordinates>
								-71.52117980019025,-16.30233278537141,0 -71.5211671506775,-16.30193718553052,0 -71.52181215601699,-16.30182202242156,0 -71.52204945498062,-16.3019796344952,0 -71.52205134187696,-16.30216715170196,0 -71.52117980019025,-16.30233278537141,0 
							</coordinates>
						</LinearRing>
					</outerBoundaryIs>
				</Polygon>
			</Placemark>
			<Placemark>
				<name>1.3.66A-2</name>
				<styleUrl>#msn_ylw-pushpin0060</styleUrl>
				<Polygon>
					<tessellate>1</tessellate>
					<outerBoundaryIs>
						<LinearRing>
							<coordinates>
								-71.52179356644328,-16.30228030959728,0 -71.52224864858222,-16.30221325489042,0 -71.52232898267656,-16.30257117390416,0 -71.52186196181741,-16.30267361479673,0 -71.52179356644328,-16.30228030959728,0 
							</coordinates>
						</LinearRing>
					</outerBoundaryIs>
				</Polygon>
			</Placemark>
			<Placemark>
				<name>1.3.66A-3</name>
				<styleUrl>#msn_ylw-pushpin0060</styleUrl>
				<Polygon>
					<tessellate>1</tessellate>
					<outerBoundaryIs>
						<LinearRing>
							<coordinates>
								-71.52117131440021,-16.3028002921664,0 -71.52110578564141,-16.30243085169344,0 -71.52169830724038,-16.3023090492455,0 -71.5217671678088,-16.30267960094122,0 -71.52117131440021,-16.3028002921664,0 
							</coordinates>
						</LinearRing>
					</outerBoundaryIs>
				</Polygon>
			</Placemark>
			<Placemark>
				<name>1.3.66A-4</name>
				<styleUrl>#msn_ylw-pushpin0060</styleUrl>
				<Polygon>
					<tessellate>1</tessellate>
					<outerBoundaryIs>
						<LinearRing>
							<coordinates>
								-71.52180215523335,-16.30277563080806,0 -71.52186199064593,-16.30314514131956,0 -71.52109939152515,-16.30330468599501,0 -71.52104568008022,-16.30293242587887,0 -71.52180215523335,-16.30277563080806,0 
							</coordinates>
						</LinearRing>
					</outerBoundaryIs>
				</Polygon>
			</Placemark>
			<Placemark>
				<name>1.3.66A-5</name>
				<styleUrl>#msn_ylw-pushpin0060</styleUrl>
				<Polygon>
					<tessellate>1</tessellate>
					<outerBoundaryIs>
						<LinearRing>
							<coordinates>
								-71.52278756754077,-16.30258484272675,0 -71.52284835210642,-16.30295197440289,0 -71.52192228789488,-16.3031126047543,0 -71.5218756025353,-16.30275006962823,0 -71.52278756754077,-16.30258484272675,0 
							</coordinates>
						</LinearRing>
					</outerBoundaryIs>
				</Polygon>
			</Placemark>
			<Placemark>
				<name>1.3.66A-6</name>
				<styleUrl>#msn_ylw-pushpin0060</styleUrl>
				<Polygon>
					<tessellate>1</tessellate>
					<outerBoundaryIs>
						<LinearRing>
							<coordinates>
								-71.52135607475687,-16.30369618207023,0 -71.52121596557001,-16.3035697180341,0 -71.5211589650598,-16.30336071620608,0 -71.52185137785986,-16.30322780947828,0 -71.52192383014484,-16.30357736306363,0 -71.52135607475687,-16.30369618207023,0 
							</coordinates>
						</LinearRing>
					</outerBoundaryIs>
				</Polygon>
			</Placemark>
			<Placemark>
				<name>1.3.66A-7</name>
				<styleUrl>#msn_ylw-pushpin0060</styleUrl>
				<Polygon>
					<tessellate>1</tessellate>
					<outerBoundaryIs>
						<LinearRing>
							<coordinates>
								-71.52285526085855,-16.30301960632771,0 -71.5229089873072,-16.3033991044159,0 -71.52200536887456,-16.30356415720986,0 -71.52196219342078,-16.30320115907715,0 -71.52285526085855,-16.30301960632771,0 
							</coordinates>
						</LinearRing>
					</outerBoundaryIs>
				</Polygon>
			</Placemark>
			<Placemark>
				<name>1.3.66A-8</name>
				<styleUrl>#msn_ylw-pushpin0060</styleUrl>
				<Polygon>
					<tessellate>1</tessellate>
					<outerBoundaryIs>
						<LinearRing>
							<coordinates>
								-71.52192758843165,-16.30366395156625,0 -71.52200996688111,-16.30402725476362,0 -71.52150025880502,-16.30412545483397,0 -71.52144102784084,-16.30376428318619,0 -71.52192758843165,-16.30366395156625,0 
							</coordinates>
						</LinearRing>
					</outerBoundaryIs>
				</Polygon>
			</Placemark>
			<Placemark>
				<name>1.3.66A-9</name>
				<styleUrl>#msn_ylw-pushpin0060</styleUrl>
				<Polygon>
					<tessellate>1</tessellate>
					<outerBoundaryIs>
						<LinearRing>
							<coordinates>
								-71.52237779293702,-16.30357977624729,0 -71.52244464200105,-16.30394130702997,0 -71.52206289516441,-16.30401137512907,0 -71.52201319034207,-16.30364558032523,0 -71.52237779293702,-16.30357977624729,0 
							</coordinates>
						</LinearRing>
					</outerBoundaryIs>
				</Polygon>
			</Placemark>
			<Placemark>
				<name>1.3.66A-10</name>
				<styleUrl>#msn_ylw-pushpin0060</styleUrl>
				<Polygon>
					<tessellate>1</tessellate>
					<outerBoundaryIs>
						<LinearRing>
							<coordinates>
								-71.52328000769897,-16.30251877364649,0 -71.52332622131729,-16.3028735536891,0 -71.52294050262613,-16.3029338590844,0 -71.52288452039221,-16.30256717122259,0 -71.52328000769897,-16.30251877364649,0 
							</coordinates>
						</LinearRing>
					</outerBoundaryIs>
				</Polygon>
			</Placemark>
			<Placemark>
				<name>1.3.66A-11</name>
				<styleUrl>#msn_ylw-pushpin0060</styleUrl>
				<Polygon>
					<tessellate>1</tessellate>
					<outerBoundaryIs>
						<LinearRing>
							<coordinates>
								-71.52334404281896,-16.30295499584001,0 -71.52338663368104,-16.30331747107813,0 -71.52301365256874,-16.30337374168018,0 -71.52296829367549,-16.30301667733673,0 -71.52334404281896,-16.30295499584001,0 
							</coordinates>
						</LinearRing>
					</outerBoundaryIs>
				</Polygon>
			</Placemark>
			<Placemark>
				<name>1.3.66A-12</name>
				<styleUrl>#msn_ylw-pushpin0060</styleUrl>
				<Polygon>
					<tessellate>1</tessellate>
					<outerBoundaryIs>
						<LinearRing>
							<coordinates>
								-71.52303570969711,-16.3034586313181,0 -71.52340474048631,-16.30340146518444,0 -71.52353788854334,-16.3042056428249,0 -71.52316734508696,-16.30426901615643,0 -71.52303570969711,-16.3034586313181,0 
							</coordinates>
						</LinearRing>
					</outerBoundaryIs>
				</Polygon>
			</Placemark>
			<Placemark>
				<name>1.3.66A-13</name>
				<styleUrl>#msn_ylw-pushpin0060</styleUrl>
				<Polygon>
					<tessellate>1</tessellate>
					<outerBoundaryIs>
						<LinearRing>
							<coordinates>
								-71.52246523481591,-16.30401269024533,0 -71.52252139436438,-16.30438669765273,0 -71.52213728511076,-16.30445413232417,0 -71.52208057769924,-16.30408884913101,0 -71.52246523481591,-16.30401269024533,0 
							</coordinates>
						</LinearRing>
					</outerBoundaryIs>
				</Polygon>
			</Placemark>
			<Placemark>
				<name>1.3.66A-14</name>
				<styleUrl>#msn_ylw-pushpin0060</styleUrl>
				<Polygon>
					<tessellate>1</tessellate>
					<outerBoundaryIs>
						<LinearRing>
							<coordinates>
								-71.5215285031278,-16.30420376017582,0 -71.52199930183531,-16.30412122246242,0 -71.52205167648121,-16.30447402518918,0 -71.52166757313373,-16.30453317211578,0 -71.52155833514458,-16.30456364048637,0 -71.5215285031278,-16.30420376017582,0 
							</coordinates>
						</LinearRing>
					</outerBoundaryIs>
				</Polygon>
			</Placemark>
			<Placemark>
				<name>1.3.66A-15</name>
				<styleUrl>#msn_ylw-pushpin0060</styleUrl>
				<Polygon>
					<tessellate>1</tessellate>
					<outerBoundaryIs>
						<LinearRing>
							<coordinates>
								-71.52206717492172,-16.30455975465885,0 -71.52213929018407,-16.30492530582844,0 -71.521601497284,-16.30503740895361,0 -71.52153443117189,-16.30468056677703,0 -71.52206717492172,-16.30455975465885,0 
							</coordinates>
						</LinearRing>
					</outerBoundaryIs>
				</Polygon>
			</Placemark>
			<Placemark>
				<name>1.3.66A-16</name>
				<styleUrl>#msn_ylw-pushpin0060</styleUrl>
				<Polygon>
					<tessellate>1</tessellate>
					<outerBoundaryIs>
						<LinearRing>
							<coordinates>
								-71.52252783188291,-16.30448978928678,0 -71.52260573779658,-16.30484684066637,0 -71.52221021209411,-16.30491466054563,0 -71.5221531629341,-16.30456758330492,0 -71.52252783188291,-16.30448978928678,0 
							</coordinates>
						</LinearRing>
					</outerBoundaryIs>
				</Polygon>
			</Placemark>
			<Placemark>
				<name>1.3.66A-17</name>
				<styleUrl>#msn_ylw-pushpin0060</styleUrl>
				<Polygon>
					<tessellate>1</tessellate>
					<outerBoundaryIs>
						<LinearRing>
							<coordinates>
								-71.52215063265552,-16.30501938789966,0 -71.52222055256152,-16.30546890711429,0 -71.5217625409192,-16.3055387457485,0 -71.52168033937735,-16.30509853130293,0 -71.52215063265552,-16.30501938789966,0 
							</coordinates>
						</LinearRing>
					</outerBoundaryIs>
				</Polygon>
			</Placemark>
			<Placemark>
				<name>1.3.66A-18</name>
				<styleUrl>#msn_ylw-pushpin0060</styleUrl>
				<Polygon>
					<tessellate>1</tessellate>
					<outerBoundaryIs>
						<LinearRing>
							<coordinates>
								-71.52230318843924,-16.30544566075324,0 -71.52222155187968,-16.30498828702926,0 -71.52260688287996,-16.30493447175787,0 -71.52267881668604,-16.30538013660627,0 -71.52230318843924,-16.30544566075324,0 
							</coordinates>
						</LinearRing>
					</outerBoundaryIs>
				</Polygon>
			</Placemark>
			<Placemark>
				<name>1.3.66A-19</name>
				<styleUrl>#msn_ylw-pushpin0060</styleUrl>
				<Polygon>
					<tessellate>1</tessellate>
					<outerBoundaryIs>
						<LinearRing>
							<coordinates>
								-71.52270244309004,-16.3054637181546,0 -71.52276221144159,-16.30582777307158,0 -71.52237242426281,-16.30588130177683,0 -71.52230990967209,-16.30552921852357,0 -71.52270244309004,-16.3054637181546,0 
							</coordinates>
						</LinearRing>
					</outerBoundaryIs>
				</Polygon>
			</Placemark>
			<Placemark>
				<name>1.3.66A-20</name>
				<styleUrl>#msn_ylw-pushpin0060</styleUrl>
				<Polygon>
					<tessellate>1</tessellate>
					<outerBoundaryIs>
						<LinearRing>
							<coordinates>
								-71.52325072496421,-16.30536976672916,0 -71.52329151312256,-16.30574487451571,0 -71.52283856888191,-16.30580245230395,0 -71.52278793044043,-16.30545033773961,0 -71.52325072496421,-16.30536976672916,0 
							</coordinates>
						</LinearRing>
					</outerBoundaryIs>
				</Polygon>
			</Placemark>
			<Placemark>
				<name>1.3.66A-21</name>
				<styleUrl>#msn_ylw-pushpin0060</styleUrl>
				<Polygon>
					<tessellate>1</tessellate>
					<outerBoundaryIs>
						<LinearRing>
							<coordinates>
								-71.52317641047708,-16.30436052201826,0 -71.52357147163897,-16.30431479702466,0 -71.52371828607926,-16.30520789457444,0 -71.52333434166917,-16.3052759793516,0 -71.52317641047708,-16.30436052201826,0 
							</coordinates>
						</LinearRing>
					</outerBoundaryIs>
				</Polygon>
			</Placemark>
			<Placemark>
				<name>1.3.66A-22</name>
				<styleUrl>#msn_ylw-pushpin0060</styleUrl>
				<Polygon>
					<tessellate>1</tessellate>
					<outerBoundaryIs>
						<LinearRing>
							<coordinates>
								-71.52334332173422,-16.3053504784196,0 -71.52372329127753,-16.3052905945699,0 -71.52384708791604,-16.30610249522396,0 -71.52346446607915,-16.30616478006964,0 -71.52334332173422,-16.3053504784196,0 
							</coordinates>
						</LinearRing>
					</outerBoundaryIs>
				</Polygon>
			</Placemark>
			<Placemark>
				<name>1.3.66A-23</name>
				<styleUrl>#msn_ylw-pushpin0060</styleUrl>
				<Polygon>
					<tessellate>1</tessellate>
					<outerBoundaryIs>
						<LinearRing>
							<coordinates>
								-71.5233126215313,-16.30581605616549,0 -71.52336931386914,-16.30617255800644,0 -71.5229000112365,-16.30625663641271,0 -71.52286114009431,-16.30589829384817,0 -71.5233126215313,-16.30581605616549,0 
							</coordinates>
						</LinearRing>
					</outerBoundaryIs>
				</Polygon>
			</Placemark>
			<Placemark>
				<name>1.3.66A-24</name>
				<styleUrl>#msn_ylw-pushpin0060</styleUrl>
				<Polygon>
					<tessellate>1</tessellate>
					<outerBoundaryIs>
						<LinearRing>
							<coordinates>
								-71.52291801375378,-16.30635483614597,0 -71.5233782912578,-16.30625176175338,0 -71.52345379837978,-16.30665884575989,0 -71.5229704029171,-16.30672570405961,0 -71.52291801375378,-16.30635483614597,0 
							</coordinates>
						</LinearRing>
					</outerBoundaryIs>
				</Polygon>
			</Placemark>
			<Placemark>
				<name>1.3.66A-25</name>
				<styleUrl>#msn_ylw-pushpin0060</styleUrl>
				<Polygon>
					<tessellate>1</tessellate>
					<outerBoundaryIs>
						<LinearRing>
							<coordinates>
								-71.52386983635625,-16.30620505183327,0 -71.52393102548287,-16.30657729964513,0 -71.52354543277436,-16.30662438528952,0 -71.52348475624336,-16.30626444621419,0 -71.52386983635625,-16.30620505183327,0 
							</coordinates>
						</LinearRing>
					</outerBoundaryIs>
				</Polygon>
			</Placemark>
			<Placemark>
				<name>1.3.66A-26</name>
				<styleUrl>#msn_ylw-pushpin0060</styleUrl>
				<Polygon>
					<tessellate>1</tessellate>
					<outerBoundaryIs>
						<LinearRing>
							<coordinates>
								-71.52275977806987,-16.30590162432553,0 -71.52281888579044,-16.30625808227708,0 -71.52244400896369,-16.30635016877693,0 -71.52240258148963,-16.30597344661437,0 -71.52275977806987,-16.30590162432553,0 
							</coordinates>
						</LinearRing>
					</outerBoundaryIs>
				</Polygon>
			</Placemark>
			<Placemark>
				<name>1.3.66A-27</name>
				<styleUrl>#msn_ylw-pushpin0060</styleUrl>
				<Polygon>
					<tessellate>1</tessellate>
					<outerBoundaryIs>
						<LinearRing>
							<coordinates>
								-71.52245469872905,-16.30643689009846,0 -71.52281228856756,-16.30637281749476,0 -71.52289040683914,-16.30673949351,0 -71.52251707949404,-16.30680327250251,0 -71.52245469872905,-16.30643689009846,0 
							</coordinates>
						</LinearRing>
					</outerBoundaryIs>
				</Polygon>
			</Placemark>
			<Placemark>
				<name>1.3.66A-28</name>
				<styleUrl>#msn_ylw-pushpin0060</styleUrl>
				<Polygon>
					<tessellate>1</tessellate>
					<outerBoundaryIs>
						<LinearRing>
							<coordinates>
								-71.52291859694527,-16.30684454356014,0 -71.52297882612469,-16.30720180209801,0 -71.52259941374153,-16.30727913333332,0 -71.52253738911706,-16.30690180469229,0 -71.52291859694527,-16.30684454356014,0 
							</coordinates>
						</LinearRing>
					</outerBoundaryIs>
				</Polygon>
			</Placemark>
			<Placemark>
				<name>1.3.66A-29</name>
				<styleUrl>#msn_ylw-pushpin0060</styleUrl>
				<Polygon>
					<tessellate>1</tessellate>
					<outerBoundaryIs>
						<LinearRing>
							<coordinates>
								-71.5230042005054,-16.30682289637944,0 -71.52346330679003,-16.30675048585674,0 -71.5235224313039,-16.30710791347518,0 -71.52306596246976,-16.30718387865988,0 -71.5230042005054,-16.30682289637944,0 
							</coordinates>
						</LinearRing>
					</outerBoundaryIs>
				</Polygon>
			</Placemark>
			<Placemark>
				<name>1.3.66A-30</name>
				<styleUrl>#msn_ylw-pushpin0060</styleUrl>
				<Polygon>
					<tessellate>1</tessellate>
					<outerBoundaryIs>
						<LinearRing>
							<coordinates>
								-71.52395348263809,-16.30667868216107,0 -71.52400120634374,-16.3070344075764,0 -71.52362920328896,-16.30709163934486,0 -71.52357594370187,-16.30673067836403,0 -71.52395348263809,-16.30667868216107,0 
							</coordinates>
						</LinearRing>
					</outerBoundaryIs>
				</Polygon>
			</Placemark>
			<Placemark>
				<name>1.3.63-1</name>
				<styleUrl>#msn_ylw-pushpin0060</styleUrl>
				<Polygon>
					<tessellate>1</tessellate>
					<outerBoundaryIs>
						<LinearRing>
							<coordinates>
								-71.52840697542206,-16.31607596993615,0 -71.52792088335248,-16.31619438793989,0 -71.52771100701764,-16.31531940600353,0 -71.52816848003292,-16.31520293882638,0 -71.52815941241174,-16.3151933799999,0 -71.52840697542206,-16.31607596993615,0 
							</coordinates>
						</LinearRing>
					</outerBoundaryIs>
				</Polygon>
			</Placemark>
			<Placemark>
				<name>1.3.63-2</name>
				<styleUrl>#msn_ylw-pushpin0060</styleUrl>
				<Polygon>
					<tessellate>1</tessellate>
					<outerBoundaryIs>
						<LinearRing>
							<coordinates>
								-71.52782208221178,-16.31618288119878,0 -71.52742327128934,-16.31631765467841,0 -71.52719746956494,-16.31542769866345,0 -71.52761637832592,-16.31533745177478,0 -71.52782208221178,-16.31618288119878,0 
							</coordinates>
						</LinearRing>
					</outerBoundaryIs>
				</Polygon>
			</Placemark>
			<Placemark>
				<name>1.3.63-3</name>
				<styleUrl>#msn_ylw-pushpin0060</styleUrl>
				<Polygon>
					<tessellate>1</tessellate>
					<outerBoundaryIs>
						<LinearRing>
							<coordinates>
								-71.52733413466099,-16.31631995389161,0 -71.52691432217514,-16.31642318138745,0 -71.52670035305214,-16.31556632058838,0 -71.52708903975382,-16.31546657118736,0 -71.52733413466099,-16.31631995389161,0 
							</coordinates>
						</LinearRing>
					</outerBoundaryIs>
				</Polygon>
			</Placemark>
			<Placemark>
				<name>1.3.63-4</name>
				<styleUrl>#msn_ylw-pushpin0060</styleUrl>
				<Polygon>
					<tessellate>1</tessellate>
					<outerBoundaryIs>
						<LinearRing>
							<coordinates>
								-71.52682192654852,-16.31643738442008,0 -71.52639694060913,-16.31654412386212,0 -71.5261866335061,-16.31568238846231,0 -71.52660226628815,-16.31558710732287,0 -71.52682192654852,-16.31643738442008,0 
							</coordinates>
						</LinearRing>
					</outerBoundaryIs>
				</Polygon>
			</Placemark>
			<Placemark>
				<name>1.3.63-5</name>
				<styleUrl>#msn_ylw-pushpin0060</styleUrl>
				<Polygon>
					<tessellate>1</tessellate>
					<outerBoundaryIs>
						<LinearRing>
							<coordinates>
								-71.52632497173386,-16.31655381097072,0 -71.52588410670519,-16.31666348189131,0 -71.52567431018652,-16.31579328602476,0 -71.52607140486839,-16.31570198757856,0 -71.52632497173386,-16.31655381097072,0 
							</coordinates>
						</LinearRing>
					</outerBoundaryIs>
				</Polygon>
			</Placemark>
			<Placemark>
				<name>1.3.63-6</name>
				<styleUrl>#msn_ylw-pushpin0060</styleUrl>
				<Polygon>
					<tessellate>1</tessellate>
					<outerBoundaryIs>
						<LinearRing>
							<coordinates>
								-71.52580262479347,-16.3166685342401,0 -71.52561176738672,-16.31672235641286,0 -71.52545264102919,-16.31667328141465,0 -71.52533379852066,-16.31662031730238,0 -71.52515550129519,-16.31590450226719,0 -71.52557891974327,-16.31581436056041,0 -71.52580262479347,-16.3166685342401,0 
							</coordinates>
						</LinearRing>
					</outerBoundaryIs>
				</Polygon>
			</Placemark>
			<Placemark>
				<name>1.3.63-10</name>
				<styleUrl>#msn_ylw-pushpin0060</styleUrl>
				<Polygon>
					<tessellate>1</tessellate>
					<outerBoundaryIs>
						<LinearRing>
							<coordinates>
								-71.52500805467162,-16.31570266639379,0 -71.5246365032157,-16.31579315812136,0 -71.52450259818774,-16.31489550948736,0 -71.52480930123519,-16.3148274148436,0 -71.52493628267423,-16.31542676448206,0 -71.52500805467162,-16.31570266639379,0 
							</coordinates>
						</LinearRing>
					</outerBoundaryIs>
				</Polygon>
			</Placemark>
			<Placemark>
				<name>1.3.63-11</name>
				<styleUrl>#msn_ylw-pushpin0060</styleUrl>
				<Polygon>
					<tessellate>1</tessellate>
					<outerBoundaryIs>
						<LinearRing>
							<coordinates>
								-71.5252279022601,-16.31653626546362,0 -71.52478910230323,-16.31668234657491,0 -71.52464627760611,-16.31587484178514,0 -71.52502707714518,-16.31578112859759,0 -71.5252279022601,-16.31653626546362,0 
							</coordinates>
						</LinearRing>
					</outerBoundaryIs>
				</Polygon>
			</Placemark>
			<Placemark>
				<name>1.3.63-12</name>
				<styleUrl>#msn_ylw-pushpin0060</styleUrl>
				<Polygon>
					<tessellate>1</tessellate>
					<outerBoundaryIs>
						<LinearRing>
							<coordinates>
								-71.52657095577409,-16.31549451321878,0 -71.52616153623886,-16.3156096446986,0 -71.52590017373257,-16.31457463289849,0 -71.52631961868296,-16.31446403641811,0 -71.52657095577409,-16.31549451321878,0 
							</coordinates>
						</LinearRing>
					</outerBoundaryIs>
				</Polygon>
			</Placemark>
			<Placemark>
				<name>1.3.63-14</name>
				<styleUrl>#msn_ylw-pushpin0060</styleUrl>
				<Polygon>
					<tessellate>1</tessellate>
					<outerBoundaryIs>
						<LinearRing>
							<coordinates>
								-71.52607330802981,-16.31561571661137,0 -71.52566454734566,-16.31571629395986,0 -71.52541598599997,-16.31469634154337,0 -71.5258066979502,-16.31457955426905,0 -71.52607330802981,-16.31561571661137,0 
							</coordinates>
						</LinearRing>
					</outerBoundaryIs>
				</Polygon>
			</Placemark>
			<Placemark>
				<name>1.3.63-16</name>
				<styleUrl>#msn_ylw-pushpin0060</styleUrl>
				<Polygon>
					<tessellate>1</tessellate>
					<outerBoundaryIs>
						<LinearRing>
							<coordinates>
								-71.52556305985441,-16.31574555131191,0 -71.52514753765389,-16.31583324022337,0 -71.52490746997934,-16.3148046150672,0 -71.52529671635931,-16.31471070135728,0 -71.52556305985441,-16.31574555131191,0 
							</coordinates>
						</LinearRing>
					</outerBoundaryIs>
				</Polygon>
			</Placemark>
			<Placemark>
				<name>1.3.63-17</name>
				<styleUrl>#msn_ylw-pushpin0060</styleUrl>
				<Polygon>
					<tessellate>1</tessellate>
					<outerBoundaryIs>
						<LinearRing>
							<coordinates>
								-71.52708733941495,-16.31537838623844,0 -71.5266696128282,-16.31547008642399,0 -71.52641118314807,-16.31446485039949,0 -71.52681672792448,-16.31435487989675,0 -71.52708733941495,-16.31537838623844,0 
							</coordinates>
						</LinearRing>
					</outerBoundaryIs>
				</Polygon>
			</Placemark>
			<Placemark>
				<name>1.3.63-18</name>
				<styleUrl>#msn_ylw-pushpin0060</styleUrl>
				<Polygon>
					<tessellate>1</tessellate>
					<outerBoundaryIs>
						<LinearRing>
							<coordinates>
								-71.52813439964294,-16.31511114582591,0 -71.52768310950017,-16.31523635016519,0 -71.52743423041284,-16.31418642271785,0 -71.52787200890101,-16.31408011347295,0 -71.52813439964294,-16.31511114582591,0 
							</coordinates>
						</LinearRing>
					</outerBoundaryIs>
				</Polygon>
			</Placemark>
			<Placemark>
				<name>1.3.64-1</name>
				<styleUrl>#msn_ylw-pushpin0060</styleUrl>
				<Polygon>
					<tessellate>1</tessellate>
					<outerBoundaryIs>
						<LinearRing>
							<coordinates>
								-71.5290723399204,-16.31192457797615,0 -71.52911452091237,-16.31232892616219,0 -71.52876147707114,-16.312416158939,0 -71.52861928507816,-16.31164934189019,0 -71.52899137704661,-16.31157735372418,0 -71.5290723399204,-16.31192457797615,0 
							</coordinates>
						</LinearRing>
					</outerBoundaryIs>
				</Polygon>
			</Placemark>
			<Placemark>
				<name>1.3.64-2</name>
				<styleUrl>#msn_ylw-pushpin0060</styleUrl>
				<Polygon>
					<tessellate>1</tessellate>
					<outerBoundaryIs>
						<LinearRing>
							<coordinates>
								-71.52773213448641,-16.31263013696705,0 -71.52740725433992,-16.31269186461068,0 -71.52719052795814,-16.31187514209607,0 -71.52759323590929,-16.3118003037111,0 -71.52773213448641,-16.31263013696705,0 
							</coordinates>
						</LinearRing>
					</outerBoundaryIs>
				</Polygon>
			</Placemark>
			<Placemark>
				<name>1.3.64-3</name>
				<styleUrl>#msn_ylw-pushpin0060</styleUrl>
				<Polygon>
					<tessellate>1</tessellate>
					<outerBoundaryIs>
						<LinearRing>
							<coordinates>
								-71.528682035683,-16.31244863804153,0 -71.52829019207533,-16.31253016465566,0 -71.52816129204533,-16.31171390955622,0 -71.5285289708868,-16.31166104910671,0 -71.528682035683,-16.31244863804153,0 
							</coordinates>
						</LinearRing>
					</outerBoundaryIs>
				</Polygon>
			</Placemark>
			<Placemark>
				<name>1.3.64-4</name>
				<styleUrl>#msn_ylw-pushpin0060</styleUrl>
				<Polygon>
					<tessellate>1</tessellate>
					<outerBoundaryIs>
						<LinearRing>
							<coordinates>
								-71.5282329430478,-16.31253666057149,0 -71.52783397970163,-16.31260360683015,0 -71.52769781740045,-16.31181378393189,0 -71.52807969585976,-16.3117325404782,0 -71.5282329430478,-16.31253666057149,0 
							</coordinates>
						</LinearRing>
					</outerBoundaryIs>
				</Polygon>
			</Placemark>
			<Placemark>
				<name>1.3.64-5</name>
				<styleUrl>#msn_ylw-pushpin0060</styleUrl>
				<Polygon>
					<tessellate>1</tessellate>
					<outerBoundaryIs>
						<LinearRing>
							<coordinates>
								-71.52942011759365,-16.31144937319788,0 -71.52984256558234,-16.31208482447951,0 -71.5296767123242,-16.31218279319062,0 -71.52963006085055,-16.3121091832745,0 -71.52946338582515,-16.31217876608804,0 -71.5290644980938,-16.31152856187679,0 -71.52942011759365,-16.31144937319788,0 
							</coordinates>
						</LinearRing>
					</outerBoundaryIs>
				</Polygon>
			</Placemark>
			<Placemark>
				<name>1.3.64-6</name>
				<styleUrl>#msn_ylw-pushpin0060</styleUrl>
				<Polygon>
					<tessellate>1</tessellate>
					<outerBoundaryIs>
						<LinearRing>
							<coordinates>
								-71.52875358996576,-16.31104381189599,0 -71.52880763465608,-16.31098668334479,0 -71.5293833726351,-16.31141443232679,0 -71.5290463067192,-16.31150509267321,0 -71.52875358996576,-16.31104381189599,0 
							</coordinates>
						</LinearRing>
					</outerBoundaryIs>
				</Polygon>
			</Placemark>
			<Placemark>
				<name>1.3.64-7</name>
				<styleUrl>#msn_ylw-pushpin0060</styleUrl>
				<Polygon>
					<tessellate>1</tessellate>
					<outerBoundaryIs>
						<LinearRing>
							<coordinates>
								-71.52791595242819,-16.31067437825163,0 -71.52750820843066,-16.31073954264448,0 -71.52735507865637,-16.30983368691142,0 -71.52775614467475,-16.30976128944613,0 -71.52791595242819,-16.31067437825163,0 
							</coordinates>
						</LinearRing>
					</outerBoundaryIs>
				</Polygon>
			</Placemark>
			<Placemark>
				<name>1.3.64-8</name>
				<styleUrl>#msn_ylw-pushpin0060</styleUrl>
				<Polygon>
					<tessellate>1</tessellate>
					<outerBoundaryIs>
						<LinearRing>
							<coordinates>
								-71.52758930231546,-16.31171970288841,0 -71.52714932640635,-16.31180878472219,0 -71.52700366246212,-16.31091023666776,0 -71.52740723153616,-16.31083998579643,0 -71.52758930231546,-16.31171970288841,0 
							</coordinates>
						</LinearRing>
					</outerBoundaryIs>
				</Polygon>
			</Placemark>
			<Placemark>
				<name>1.3.64-9</name>
				<styleUrl>#msn_ylw-pushpin0060</styleUrl>
				<Polygon>
					<tessellate>1</tessellate>
					<outerBoundaryIs>
						<LinearRing>
							<coordinates>
								-71.5274077476063,-16.31075430810426,0 -71.52698125679723,-16.31082580139604,0 -71.52684643316478,-16.30991854682037,0 -71.52725146129255,-16.30985183301275,0 -71.5274077476063,-16.31075430810426,0 
							</coordinates>
						</LinearRing>
					</outerBoundaryIs>
				</Polygon>
			</Placemark>
			<Placemark>
				<name>1.3.64-10</name>
				<styleUrl>#msn_ylw-pushpin0060</styleUrl>
				<Polygon>
					<tessellate>1</tessellate>
					<outerBoundaryIs>
						<LinearRing>
							<coordinates>
								-71.52854446441057,-16.31156869184713,0 -71.52814279386101,-16.31164655792949,0 -71.52798482361162,-16.31073805423847,0 -71.52836944252078,-16.31066688166519,0 -71.52854446441057,-16.31156869184713,0 
							</coordinates>
						</LinearRing>
					</outerBoundaryIs>
				</Polygon>
			</Placemark>
			<Placemark>
				<name>1.3.64-11</name>
				<styleUrl>#msn_ylw-pushpin0060</styleUrl>
				<Polygon>
					<tessellate>1</tessellate>
					<outerBoundaryIs>
						<LinearRing>
							<coordinates>
								-71.52805012969083,-16.31163945605588,0 -71.52768436843864,-16.31171575464226,0 -71.52751611892862,-16.31081732610192,0 -71.52789041179926,-16.31076447027175,0 -71.52805012969083,-16.31163945605588,0 
							</coordinates>
						</LinearRing>
					</outerBoundaryIs>
				</Polygon>
			</Placemark>
			<Placemark>
				<name>1.3.64-12</name>
				<styleUrl>#msn_ylw-pushpin0060</styleUrl>
				<Polygon>
					<tessellate>1</tessellate>
					<outerBoundaryIs>
						<LinearRing>
							<coordinates>
								-71.52818162485723,-16.31025154317593,0 -71.52806226357816,-16.31007527916506,0 -71.52799330748917,-16.30993177042987,0 -71.52788634676031,-16.30977183993252,0 -71.52796466566177,-16.30972195383531,0 -71.52808984365554,-16.30989360327353,0 -71.52815801038879,-16.30985485240912,0 -71.52838060102262,-16.31017744288044,0 -71.52818162485723,-16.31025154317593,0 
							</coordinates>
						</LinearRing>
					</outerBoundaryIs>
				</Polygon>
			</Placemark>
			<Placemark>
				<name>1.3.64-13</name>
				<styleUrl>#msn_ylw-pushpin0060</styleUrl>
				<Polygon>
					<tessellate>1</tessellate>
					<outerBoundaryIs>
						<LinearRing>
							<coordinates>
								-71.52819707376062,-16.31027724420787,0 -71.52840325681251,-16.31020216386231,0 -71.52857725363292,-16.3105827743714,0 -71.52838462398097,-16.31063142548053,0 -71.52819707376062,-16.31027724420787,0 
							</coordinates>
						</LinearRing>
					</outerBoundaryIs>
				</Polygon>
			</Placemark>
			<Placemark>
				<name>1.3.64-14</name>
				<styleUrl>#msn_ylw-pushpin0060</styleUrl>
				<Polygon>
					<tessellate>1</tessellate>
					<outerBoundaryIs>
						<LinearRing>
							<coordinates>
								-71.52724697892852,-16.30975490971453,0 -71.52681971070844,-16.30984858622682,0 -71.52664294199937,-16.30885032683202,0 -71.52704742708845,-16.30877356413039,0 -71.52724697892852,-16.30975490971453,0 
							</coordinates>
						</LinearRing>
					</outerBoundaryIs>
				</Polygon>
			</Placemark>
			<Placemark>
				<name>1.3.64-15</name>
				<styleUrl>#msn_ylw-pushpin0060</styleUrl>
				<Polygon>
					<tessellate>1</tessellate>
					<outerBoundaryIs>
						<LinearRing>
							<coordinates>
								-71.52741203814738,-16.30901964278407,0 -71.52720817480511,-16.30904875741034,0 -71.52715360543809,-16.30877366359974,0 -71.52735775386448,-16.3087355628305,0 -71.52741203814738,-16.30901964278407,0 
							</coordinates>
						</LinearRing>
					</outerBoundaryIs>
				</Polygon>
			</Placemark>
			<Placemark>
				<name>1.3.64-16</name>
				<styleUrl>#msn_ylw-pushpin0060</styleUrl>
				<Polygon>
					<tessellate>1</tessellate>
					<outerBoundaryIs>
						<LinearRing>
							<coordinates>
								-71.52687909097379,-16.30759811939942,0 -71.5264549466313,-16.30768375647414,0 -71.52630051110681,-16.30678457595736,0 -71.5267139027214,-16.30670256194184,0 -71.52687909097379,-16.30759811939942,0 
							</coordinates>
						</LinearRing>
					</outerBoundaryIs>
				</Polygon>
			</Placemark>
			<Placemark>
				<name>1.3.64-17</name>
				<styleUrl>#msn_ylw-pushpin0060</styleUrl>
				<Polygon>
					<tessellate>1</tessellate>
					<outerBoundaryIs>
						<LinearRing>
							<coordinates>
								-71.52839982773187,-16.31066224267406,0 -71.52858201062574,-16.31060747563874,0 -71.52861544430837,-16.31072663213395,0 -71.52843209218825,-16.3107867368347,0 -71.52839982773187,-16.31066224267406,0 
							</coordinates>
						</LinearRing>
					</outerBoundaryIs>
				</Polygon>
			</Placemark>
			<Placemark>
				<name>1.3.64-18</name>
				<styleUrl>#msn_ylw-pushpin0060</styleUrl>
				<Polygon>
					<tessellate>1</tessellate>
					<outerBoundaryIs>
						<LinearRing>
							<coordinates>
								-71.52784968805024,-16.30971310053882,0 -71.52767107977428,-16.3093213344158,0 -71.52777495048001,-16.30929751621721,0 -71.52792583014154,-16.30968001814669,0 -71.52784968805024,-16.30971310053882,0 
							</coordinates>
						</LinearRing>
					</outerBoundaryIs>
				</Polygon>
			</Placemark>
			<Placemark>
				<name>1.3.64-19</name>
				<styleUrl>#msn_ylw-pushpin0060</styleUrl>
				<Polygon>
					<tessellate>1</tessellate>
					<outerBoundaryIs>
						<LinearRing>
							<coordinates>
								-71.52763104521844,-16.30926411878874,0 -71.52755370948601,-16.30900200709805,0 -71.52750502445672,-16.30892686615105,0 -71.52741075244622,-16.30872943292468,0 -71.52783367193616,-16.30865229563758,0 -71.52787667375515,-16.30880852855269,0 -71.52782988543753,-16.30881988756607,0 -71.52785010685193,-16.308878415993,0 -71.52779579296795,-16.30889380172856,0 -71.52781228117429,-16.3089535398347,0 -71.52773210356989,-16.30897131379646,0 -71.52775433059429,-16.30913237130774,0 -71.52771358833174,-16.30914654074259,0 -71.52772848865897,-16.30923714256904,0 -71.52763104521844,-16.30926411878874,0 
							</coordinates>
						</LinearRing>
					</outerBoundaryIs>
				</Polygon>
			</Placemark>
			<Placemark>
				<name>1.3.64-20</name>
				<styleUrl>#msn_ylw-pushpin0060</styleUrl>
				<Polygon>
					<tessellate>1</tessellate>
					<outerBoundaryIs>
						<LinearRing>
							<coordinates>
								-71.52678880892118,-16.30670638309815,0 -71.52718558905613,-16.30663649303612,0 -71.52723672767161,-16.30756404191035,0 -71.52693597151755,-16.30760665782543,0 -71.52678880892118,-16.30670638309815,0 
							</coordinates>
						</LinearRing>
					</outerBoundaryIs>
				</Polygon>
			</Placemark>
			<Placemark>
				<name>1.3.64-21</name>
				<styleUrl>#msn_ylw-pushpin0060</styleUrl>
				<Polygon>
					<tessellate>1</tessellate>
					<outerBoundaryIs>
						<LinearRing>
							<coordinates>
								-71.52778590771636,-16.30859488024266,0 -71.52739857011454,-16.30868896798216,0 -71.52736013578088,-16.30859391516477,0 -71.52734448174448,-16.30848970095592,0 -71.52735826080507,-16.30839289762733,0 -71.52739590666042,-16.30827632050513,0 -71.52742957464218,-16.30814458391142,0 -71.52747809823366,-16.30799947638387,0 -71.52752863891037,-16.30787751716539,0 -71.52760689772734,-16.30787193112428,0 -71.52760282900944,-16.30798451183468,0 -71.52760124212939,-16.30811645983599,0 -71.52761409564495,-16.30822975949619,0 -71.52765368791481,-16.30833127402848,0 -71.52765582111766,-16.30833840141204,0 -71.52770662573189,-16.30845852579762,0 -71.52773230958802,-16.30850725895626,0 -71.52778676626222,-16.30859544604036,0 -71.52778590771636,-16.30859488024266,0 
							</coordinates>
						</LinearRing>
					</outerBoundaryIs>
				</Polygon>
			</Placemark>
			<Placemark>
				<name>1.3.64-22</name>
				<styleUrl>#msn_ylw-pushpin0060</styleUrl>
				<Polygon>
					<tessellate>1</tessellate>
					<outerBoundaryIs>
						<LinearRing>
							<coordinates>
								-71.52706341454939,-16.30868015850229,0 -71.52663615664252,-16.30876113265917,0 -71.52647011864963,-16.30777139545086,0 -71.52689563275803,-16.30768867164296,0 -71.52706341454939,-16.30868015850229,0 
							</coordinates>
						</LinearRing>
					</outerBoundaryIs>
				</Polygon>
			</Placemark>
			<Placemark>
				<name>1.3.64-23</name>
				<styleUrl>#msn_ylw-pushpin0060</styleUrl>
				<Polygon>
					<tessellate>1</tessellate>
					<outerBoundaryIs>
						<LinearRing>
							<coordinates>
								-71.52755173587843,-16.30663282992449,0 -71.52759809877135,-16.30753720088522,0 -71.52730691419511,-16.30758003332899,0 -71.52726101249061,-16.30664162413672,0 -71.52755173587843,-16.30663282992449,0 
							</coordinates>
						</LinearRing>
					</outerBoundaryIs>
				</Polygon>
			</Placemark>
			<Placemark>
				<name>1.3.64-24</name>
				<styleUrl>#msn_ylw-pushpin0060</styleUrl>
				<Polygon>
					<tessellate>1</tessellate>
					<outerBoundaryIs>
						<LinearRing>
							<coordinates>
								-71.52759048897364,-16.30757790656266,0 -71.52736489750056,-16.30813423993622,0 -71.52733536867211,-16.30814568343269,0 -71.52732005109947,-16.30762704580815,0 -71.52759048897364,-16.30757790656266,0 
							</coordinates>
						</LinearRing>
					</outerBoundaryIs>
				</Polygon>
			</Placemark>
			<Placemark>
				<name>1.3.65-1</name>
				<styleUrl>#msn_ylw-pushpin0060</styleUrl>
				<Polygon>
					<tessellate>1</tessellate>
					<outerBoundaryIs>
						<LinearRing>
							<coordinates>
								-71.52465132457186,-16.31419628370407,0 -71.52458449214373,-16.31423642618487,0 -71.52444711907194,-16.31409981462116,0 -71.52439680478643,-16.31400940997998,0 -71.5242299423217,-16.31377019173867,0 -71.52414174395132,-16.31378046314546,0 -71.52401072188005,-16.3134966556676,0 -71.52446241902086,-16.31336865747401,0 -71.52465132457186,-16.31419628370407,0 
							</coordinates>
						</LinearRing>
					</outerBoundaryIs>
				</Polygon>
			</Placemark>
			<Placemark>
				<name>1.3.65-2</name>
				<styleUrl>#msn_ylw-pushpin0060</styleUrl>
				<Polygon>
					<tessellate>1</tessellate>
					<outerBoundaryIs>
						<LinearRing>
							<coordinates>
								-71.52530059263341,-16.31460756900057,0 -71.52486732670789,-16.31471795333795,0 -71.5245593690741,-16.31336732634667,0 -71.52494673583102,-16.31328343334665,0 -71.52530059263341,-16.31460756900057,0 
							</coordinates>
						</LinearRing>
					</outerBoundaryIs>
				</Polygon>
			</Placemark>
			<Placemark>
				<name>1.3.65-3</name>
				<styleUrl>#msn_ylw-pushpin0060</styleUrl>
				<Polygon>
					<tessellate>1</tessellate>
					<outerBoundaryIs>
						<LinearRing>
							<coordinates>
								-71.52580145049926,-16.31445641131351,0 -71.52537245974315,-16.31458188506845,0 -71.52504549867631,-16.3132700209436,0 -71.52545062207766,-16.31318310696817,0 -71.52580145049926,-16.31445641131351,0 
							</coordinates>
						</LinearRing>
					</outerBoundaryIs>
				</Polygon>
			</Placemark>
			<Placemark>
				<name>1.3.65-4</name>
				<styleUrl>#msn_ylw-pushpin0060</styleUrl>
				<Polygon>
					<tessellate>1</tessellate>
					<outerBoundaryIs>
						<LinearRing>
							<coordinates>
								-71.52630264407443,-16.31435666166611,0 -71.52588170209866,-16.31446590179279,0 -71.52557660857246,-16.31315097909818,0 -71.52597097147503,-16.31306576654661,0 -71.52630264407443,-16.31435666166611,0 
							</coordinates>
						</LinearRing>
					</outerBoundaryIs>
				</Polygon>
			</Placemark>
			<Placemark>
				<name>1.3.65-5</name>
				<styleUrl>#msn_ylw-pushpin0060</styleUrl>
				<Polygon>
					<tessellate>1</tessellate>
					<outerBoundaryIs>
						<LinearRing>
							<coordinates>
								-71.52680583136137,-16.31424961182696,0 -71.52639167466747,-16.31435150631298,0 -71.52606821838572,-16.31304218633814,0 -71.52646905938298,-16.3129460079541,0 -71.52680583136137,-16.31424961182696,0 
							</coordinates>
						</LinearRing>
					</outerBoundaryIs>
				</Polygon>
			</Placemark>
			<Placemark>
				<name>1.3.65-6</name>
				<styleUrl>#msn_ylw-pushpin0060</styleUrl>
				<Polygon>
					<tessellate>1</tessellate>
					<outerBoundaryIs>
						<LinearRing>
							<coordinates>
								-71.52783048554288,-16.3140193114241,0 -71.52743315606898,-16.31410877586643,0 -71.52690387085352,-16.31286266844784,0 -71.52737057707404,-16.31276340598543,0 -71.52783048554288,-16.3140193114241,0 
							</coordinates>
						</LinearRing>
					</outerBoundaryIs>
				</Polygon>
			</Placemark>
			<Placemark>
				<name>1.3.65-7</name>
				<styleUrl>#msn_ylw-pushpin0060</styleUrl>
				<Polygon>
					<tessellate>1</tessellate>
					<outerBoundaryIs>
						<LinearRing>
							<coordinates>
								-71.52709638936379,-16.31190699487772,0 -71.5273053305326,-16.31270469566525,0 -71.52688338208985,-16.31278851584764,0 -71.52662183892193,-16.31197394197073,0 -71.52709638936379,-16.31190699487772,0 
							</coordinates>
						</LinearRing>
					</outerBoundaryIs>
				</Polygon>
			</Placemark>
			<Placemark>
				<name>1.3.65-8</name>
				<styleUrl>#msn_ylw-pushpin0060</styleUrl>
				<Polygon>
					<tessellate>1</tessellate>
					<outerBoundaryIs>
						<LinearRing>
							<coordinates>
								-71.52664901794351,-16.31236242674975,0 -71.52681053590332,-16.31279564506771,0 -71.52651642399491,-16.31284842542903,0 -71.5263087535195,-16.31203389972926,0 -71.52656376790418,-16.31199267934483,0 -71.52664901794351,-16.31236242674975,0 
							</coordinates>
						</LinearRing>
					</outerBoundaryIs>
				</Polygon>
			</Placemark>
			<Placemark>
				<name>1.3.65-9</name>
				<styleUrl>#msn_ylw-pushpin0060</styleUrl>
				<Polygon>
					<tessellate>1</tessellate>
					<outerBoundaryIs>
						<LinearRing>
							<coordinates>
								-71.52643750402346,-16.31286372665509,0 -71.52603292278596,-16.31295994176525,0 -71.52586024697385,-16.31215072526356,0 -71.52623252087103,-16.31206350509145,0 -71.52643750402346,-16.31286372665509,0 
							</coordinates>
						</LinearRing>
					</outerBoundaryIs>
				</Polygon>
			</Placemark>
			<Placemark>
				<name>1.3.65-10</name>
				<styleUrl>#msn_ylw-pushpin0060</styleUrl>
				<Polygon>
					<tessellate>1</tessellate>
					<outerBoundaryIs>
						<LinearRing>
							<coordinates>
								-71.52593786299181,-16.31296825871756,0 -71.52553239785065,-16.31307337236955,0 -71.5253391326864,-16.31225958927754,0 -71.52574219738557,-16.31216396954441,0 -71.52593786299181,-16.31296825871756,0 
							</coordinates>
						</LinearRing>
					</outerBoundaryIs>
				</Polygon>
			</Placemark>
			<Placemark>
				<name>1.3.65-11</name>
				<styleUrl>#msn_ylw-pushpin0060</styleUrl>
				<Polygon>
					<tessellate>1</tessellate>
					<outerBoundaryIs>
						<LinearRing>
							<coordinates>
								-71.52490819106995,-16.31319693460525,0 -71.52452358082331,-16.31331106350471,0 -71.52432736983873,-16.31251070639695,0 -71.52471658541653,-16.31241125278553,0 -71.52490819106995,-16.31319693460525,0 
							</coordinates>
						</LinearRing>
					</outerBoundaryIs>
				</Polygon>
			</Placemark>
			<Placemark>
				<name>1.3.65-12</name>
				<styleUrl>#msn_ylw-pushpin0060</styleUrl>
				<Polygon>
					<tessellate>1</tessellate>
					<outerBoundaryIs>
						<LinearRing>
							<coordinates>
								-71.5244382747556,-16.31331744652015,0 -71.52402033619171,-16.31342405500432,0 -71.52381677040759,-16.31262703315826,0 -71.52422033764356,-16.31252422940395,0 -71.5244382747556,-16.31331744652015,0 
							</coordinates>
						</LinearRing>
					</outerBoundaryIs>
				</Polygon>
			</Placemark>
			<Placemark>
				<name>1.3.65-13</name>
				<styleUrl>#msn_ylw-pushpin0060</styleUrl>
				<Polygon>
					<tessellate>1</tessellate>
					<outerBoundaryIs>
						<LinearRing>
							<coordinates>
								-71.52423244945923,-16.31242298089319,0 -71.52378809597838,-16.31254708027058,0 -71.52356648717877,-16.31165070679887,0 -71.5239816037449,-16.31156919502449,0 -71.52423244945923,-16.31242298089319,0 
							</coordinates>
						</LinearRing>
					</outerBoundaryIs>
				</Polygon>
			</Placemark>
			<Placemark>
				<name>1.3.65-14</name>
				<styleUrl>#msn_ylw-pushpin0060</styleUrl>
				<Polygon>
					<tessellate>1</tessellate>
					<outerBoundaryIs>
						<LinearRing>
							<coordinates>
								-71.52471702237652,-16.31231913503806,0 -71.5242917935921,-16.31241920617803,0 -71.52406637185211,-16.31154829797193,0 -71.52449394055371,-16.31143242352795,0 -71.52471702237652,-16.31231913503806,0 
							</coordinates>
						</LinearRing>
					</outerBoundaryIs>
				</Polygon>
			</Placemark>
			<Placemark>
				<name>1.3.65-15</name>
				<styleUrl>#msn_ylw-pushpin0060</styleUrl>
				<Polygon>
					<tessellate>1</tessellate>
					<outerBoundaryIs>
						<LinearRing>
							<coordinates>
								-71.52522855014732,-16.3121880143267,0 -71.52480096705224,-16.31231526198328,0 -71.52457524103089,-16.31143321466943,0 -71.5249931708117,-16.31131501729241,0 -71.52522855014732,-16.3121880143267,0 
							</coordinates>
						</LinearRing>
					</outerBoundaryIs>
				</Polygon>
			</Placemark>
			<Placemark>
				<name>1.3.65-16</name>
				<styleUrl>#msn_ylw-pushpin0060</styleUrl>
				<Polygon>
					<tessellate>1</tessellate>
					<outerBoundaryIs>
						<LinearRing>
							<coordinates>
								-71.52573040323058,-16.31209095054661,0 -71.52533138201365,-16.3122086003441,0 -71.52522000018232,-16.31180225289697,0 -71.52561432984481,-16.31169498948709,0 -71.52573040323058,-16.31209095054661,0 
							</coordinates>
						</LinearRing>
					</outerBoundaryIs>
				</Polygon>
			</Placemark>
			<Placemark>
				<name>1.3.65-17</name>
				<styleUrl>#msn_ylw-pushpin0060</styleUrl>
				<Polygon>
					<tessellate>1</tessellate>
					<outerBoundaryIs>
						<LinearRing>
							<coordinates>
								-71.52599396045105,-16.31109982039375,0 -71.52620808203939,-16.31198858882349,0 -71.52581439182572,-16.31206794366656,0 -71.52559823923299,-16.31118797353336,0 -71.52599396045105,-16.31109982039375,0 
							</coordinates>
						</LinearRing>
					</outerBoundaryIs>
				</Polygon>
			</Placemark>
			<Placemark>
				<name>1.3.65-18</name>
				<styleUrl>#msn_ylw-pushpin0060</styleUrl>
				<Polygon>
					<tessellate>1</tessellate>
					<outerBoundaryIs>
						<LinearRing>
							<coordinates>
								-71.52658141227262,-16.31188901792788,0 -71.52627946355457,-16.31196342521488,0 -71.52604642683687,-16.3110778702778,0 -71.52638738475027,-16.31101527814644,0 -71.52658141227262,-16.31188901792788,0 
							</coordinates>
						</LinearRing>
					</outerBoundaryIs>
				</Polygon>
			</Placemark>
			<Placemark>
				<name>1.3.65-19</name>
				<styleUrl>#msn_ylw-pushpin0060</styleUrl>
				<Polygon>
					<tessellate>1</tessellate>
					<outerBoundaryIs>
						<LinearRing>
							<coordinates>
								-71.52690194505827,-16.3109186966179,0 -71.5269676589988,-16.31128960479009,0 -71.52707812584683,-16.3118247944935,0 -71.52663195009561,-16.31189849836148,0 -71.52646503561398,-16.31099246430339,0 -71.52690194505827,-16.3109186966179,0 
							</coordinates>
						</LinearRing>
					</outerBoundaryIs>
				</Polygon>
			</Placemark>
			<Placemark>
				<name>1.3.65-20</name>
				<styleUrl>#msn_ylw-pushpin0060</styleUrl>
				<Polygon>
					<tessellate>1</tessellate>
					<outerBoundaryIs>
						<LinearRing>
							<coordinates>
								-71.52680073282252,-16.31049199970375,0 -71.52685767951253,-16.3108028592758,0 -71.52661462428834,-16.31085450245408,0 -71.52653091512526,-16.31055347761608,0 -71.52680073282252,-16.31049199970375,0 
							</coordinates>
						</LinearRing>
					</outerBoundaryIs>
				</Polygon>
			</Placemark>
			<Placemark>
				<name>1.3.65-21</name>
				<styleUrl>#msn_ylw-pushpin0060</styleUrl>
				<Polygon>
					<tessellate>1</tessellate>
					<outerBoundaryIs>
						<LinearRing>
							<coordinates>
								-71.52597890119829,-16.3109696148233,0 -71.52556527654505,-16.31108071144756,0 -71.52535877714415,-16.31020393219688,0 -71.52576519653452,-16.31010805594356,0 -71.52597890119829,-16.3109696148233,0 
							</coordinates>
						</LinearRing>
					</outerBoundaryIs>
				</Polygon>
			</Placemark>
			<Placemark>
				<name>1.3.65-22</name>
				<styleUrl>#msn_ylw-pushpin0060</styleUrl>
				<Polygon>
					<tessellate>1</tessellate>
					<outerBoundaryIs>
						<LinearRing>
							<coordinates>
								-71.52539476528554,-16.31077624272146,0 -71.52497010404755,-16.31087012172204,0 -71.5248514328099,-16.31033206359153,0 -71.52526154052957,-16.31023427664336,0 -71.52539476528554,-16.31077624272146,0 
							</coordinates>
						</LinearRing>
					</outerBoundaryIs>
				</Polygon>
			</Placemark>
			<Placemark>
				<name>1.3.65-23</name>
				<styleUrl>#msn_ylw-pushpin0060</styleUrl>
				<Polygon>
					<tessellate>1</tessellate>
					<outerBoundaryIs>
						<LinearRing>
							<coordinates>
								-71.52499257643456,-16.31123424803971,0 -71.52456854341915,-16.31134113270804,0 -71.5243394945351,-16.31045718930265,0 -71.52475706923991,-16.31036054784645,0 -71.52499257643456,-16.31123424803971,0 
							</coordinates>
						</LinearRing>
					</outerBoundaryIs>
				</Polygon>
			</Placemark>
			<Placemark>
				<name>1.3.65-24</name>
				<styleUrl>#msn_ylw-pushpin0060</styleUrl>
				<Polygon>
					<tessellate>1</tessellate>
					<outerBoundaryIs>
						<LinearRing>
							<coordinates>
								-71.52447643324609,-16.31134402668894,0 -71.52404627197977,-16.3114633779038,0 -71.52382080086018,-16.3105825100752,0 -71.52424124340925,-16.31048662210667,0 -71.52447643324609,-16.31134402668894,0 
							</coordinates>
						</LinearRing>
					</outerBoundaryIs>
				</Polygon>
			</Placemark>
			<Placemark>
				<name>1.3.65-25</name>
				<styleUrl>#msn_ylw-pushpin0060</styleUrl>
				<Polygon>
					<tessellate>1</tessellate>
					<outerBoundaryIs>
						<LinearRing>
							<coordinates>
								-71.52398483325098,-16.31147846372559,0 -71.5235482979237,-16.31157950075093,0 -71.52333611161717,-16.31070300237377,0 -71.52372530512355,-16.31060739659839,0 -71.52398483325098,-16.31147846372559,0 
							</coordinates>
						</LinearRing>
					</outerBoundaryIs>
				</Polygon>
			</Placemark>
			<Placemark>
				<name>1.3.65-26</name>
				<styleUrl>#msn_ylw-pushpin0060</styleUrl>
				<Polygon>
					<tessellate>1</tessellate>
					<outerBoundaryIs>
						<LinearRing>
							<coordinates>
								-71.52347338873078,-16.31159218735577,0 -71.52307644582693,-16.31169294111113,0 -71.52286773999064,-16.31078720240739,0 -71.52322025177524,-16.3107326284041,0 -71.52347338873078,-16.31159218735577,0 
							</coordinates>
						</LinearRing>
					</outerBoundaryIs>
				</Polygon>
			</Placemark>
			<Placemark>
				<name>1.3.65-27</name>
				<styleUrl>#msn_ylw-pushpin0060</styleUrl>
				<Polygon>
					<tessellate>1</tessellate>
					<outerBoundaryIs>
						<LinearRing>
							<coordinates>
								-71.52300210056276,-16.31169719652743,0 -71.52278984264061,-16.31173710688252,0 -71.52275309848424,-16.31166682705108,0 -71.52269604918276,-16.31140750197189,0 -71.52268784012708,-16.31132498554274,0 -71.52265903197699,-16.31111797574944,0 -71.52286137786177,-16.31109355513594,0 -71.52300210056276,-16.31169719652743,0 
							</coordinates>
						</LinearRing>
					</outerBoundaryIs>
				</Polygon>
			</Placemark>
			<Placemark>
				<name>1.3.65-28</name>
				<styleUrl>#msn_ylw-pushpin0060</styleUrl>
				<Polygon>
					<tessellate>1</tessellate>
					<outerBoundaryIs>
						<LinearRing>
							<coordinates>
								-71.52322510775601,-16.31063154607386,0 -71.52284511074198,-16.31072820418034,0 -71.52261806585392,-16.30978074217007,0 -71.52298331070438,-16.30968948024462,0 -71.52322510775601,-16.31063154607386,0 
							</coordinates>
						</LinearRing>
					</outerBoundaryIs>
				</Polygon>
			</Placemark>
			<Placemark>
				<name>1.3.65-29</name>
				<styleUrl>#msn_ylw-pushpin0060</styleUrl>
				<Polygon>
					<tessellate>1</tessellate>
					<outerBoundaryIs>
						<LinearRing>
							<coordinates>
								-71.52370394154121,-16.31050978033522,0 -71.52329500355152,-16.31061894078594,0 -71.52305845737278,-16.30966649967277,0 -71.52345995878107,-16.30955930138918,0 -71.52370394154121,-16.31050978033522,0 
							</coordinates>
						</LinearRing>
					</outerBoundaryIs>
				</Polygon>
			</Placemark>
			<Placemark>
				<name>1.3.65-30</name>
				<styleUrl>#msn_ylw-pushpin0060</styleUrl>
				<Polygon>
					<tessellate>1</tessellate>
					<outerBoundaryIs>
						<LinearRing>
							<coordinates>
								-71.52423204157039,-16.31039433338793,0 -71.523804326103,-16.3105039200704,0 -71.52356515945297,-16.30955454982822,0 -71.52399459302414,-16.30945925390735,0 -71.52423204157039,-16.31039433338793,0 
							</coordinates>
						</LinearRing>
					</outerBoundaryIs>
				</Polygon>
			</Placemark>
			<Placemark>
				<name>1.3.65-31</name>
				<styleUrl>#msn_ylw-pushpin0060</styleUrl>
				<Polygon>
					<tessellate>1</tessellate>
					<outerBoundaryIs>
						<LinearRing>
							<coordinates>
								-71.52450527223431,-16.30935907248406,0 -71.5247455356173,-16.31027923457652,0 -71.52431582295878,-16.3103729291251,0 -71.524090855437,-16.30945230379453,0 -71.52450527223431,-16.30935907248406,0 
							</coordinates>
						</LinearRing>
					</outerBoundaryIs>
				</Polygon>
			</Placemark>
			<Placemark>
				<name>1.3.65-32</name>
				<styleUrl>#msn_ylw-pushpin0060</styleUrl>
				<Polygon>
					<tessellate>1</tessellate>
					<outerBoundaryIs>
						<LinearRing>
							<coordinates>
								-71.52499868402458,-16.30922972711683,0 -71.52524583213288,-16.31015179543156,0 -71.52484184640427,-16.31025520217899,0 -71.52460295066447,-16.30931818763409,0 -71.52499868402458,-16.30922972711683,0 
							</coordinates>
						</LinearRing>
					</outerBoundaryIs>
				</Polygon>
			</Placemark>
			<Placemark>
				<name>1.3.65-33</name>
				<styleUrl>#msn_ylw-pushpin0060</styleUrl>
				<Polygon>
					<tessellate>1</tessellate>
					<outerBoundaryIs>
						<LinearRing>
							<coordinates>
								-71.52624829682608,-16.30995597478985,0 -71.52586900746881,-16.31004292232166,0 -71.52568180403975,-16.30903961901448,0 -71.52606914083667,-16.30896250820274,0 -71.52624829682608,-16.30995597478985,0 
							</coordinates>
						</LinearRing>
					</outerBoundaryIs>
				</Polygon>
			</Placemark>
			<Placemark>
				<name>1.3.65-34</name>
				<styleUrl>#msn_ylw-pushpin0060</styleUrl>
				<Polygon>
					<tessellate>1</tessellate>
					<outerBoundaryIs>
						<LinearRing>
							<coordinates>
								-71.52656363706529,-16.30888041794483,0 -71.52666008838264,-16.30938692924087,0 -71.5267378911786,-16.30985344443808,0 -71.52631955351134,-16.3099509742853,0 -71.52613637155288,-16.30896491527472,0 -71.52656363706529,-16.30888041794483,0 
							</coordinates>
						</LinearRing>
					</outerBoundaryIs>
				</Polygon>
			</Placemark>
			<Placemark>
				<name>1.3.65-35</name>
				<styleUrl>#msn_ylw-pushpin0060</styleUrl>
				<Polygon>
					<tessellate>1</tessellate>
					<outerBoundaryIs>
						<LinearRing>
							<coordinates>
								-71.52638663697333,-16.3077981120389,0 -71.52652904108811,-16.30877976996358,0 -71.52611602178578,-16.30885715155119,0 -71.52596620754655,-16.30787694946533,0 -71.52638663697333,-16.3077981120389,0 
							</coordinates>
						</LinearRing>
					</outerBoundaryIs>
				</Polygon>
			</Placemark>
			<Placemark>
				<name>1.3.65-36</name>
				<styleUrl>#msn_ylw-pushpin0060</styleUrl>
				<Polygon>
					<tessellate>1</tessellate>
					<outerBoundaryIs>
						<LinearRing>
							<coordinates>
								-71.52606113878223,-16.30887003318492,0 -71.52567463298436,-16.30895277774573,0 -71.52549833019073,-16.30795486782187,0 -71.5258824421179,-16.30789077968505,0 -71.52606113878223,-16.30887003318492,0 
							</coordinates>
						</LinearRing>
					</outerBoundaryIs>
				</Polygon>
			</Placemark>
			<Placemark>
				<name>1.3.65-37</name>
				<styleUrl>#msn_ylw-pushpin0060</styleUrl>
				<Polygon>
					<tessellate>1</tessellate>
					<outerBoundaryIs>
						<LinearRing>
							<coordinates>
								-71.52544648514434,-16.30900762962613,0 -71.52506697510834,-16.309106486921,0 -71.52481415422338,-16.30813190752004,0 -71.52519786491582,-16.30802968125328,0 -71.52544648514434,-16.30900762962613,0 
							</coordinates>
						</LinearRing>
					</outerBoundaryIs>
				</Polygon>
			</Placemark>
			<Placemark>
				<name>1.3.65-38</name>
				<styleUrl>#msn_ylw-pushpin0060</styleUrl>
				<Polygon>
					<tessellate>1</tessellate>
					<outerBoundaryIs>
						<LinearRing>
							<coordinates>
								-71.5249960816808,-16.30912032538368,0 -71.52456008742024,-16.30922750946058,0 -71.524323299096,-16.30825976037229,0 -71.52471734999193,-16.30816686783125,0 -71.5249960816808,-16.30912032538368,0 
							</coordinates>
						</LinearRing>
					</outerBoundaryIs>
				</Polygon>
			</Placemark>
			<Placemark>
				<name>1.3.65-39</name>
				<styleUrl>#msn_ylw-pushpin0060</styleUrl>
				<Polygon>
					<tessellate>1</tessellate>
					<outerBoundaryIs>
						<LinearRing>
							<coordinates>
								-71.52448272910517,-16.30924219766127,0 -71.52405232309428,-16.30934404766951,0 -71.52380044518613,-16.30837277608672,0 -71.52421764548477,-16.30828053892625,0 -71.52448272910517,-16.30924219766127,0 
							</coordinates>
						</LinearRing>
					</outerBoundaryIs>
				</Polygon>
			</Placemark>
			<Placemark>
				<name>1.3.65-40</name>
				<styleUrl>#msn_ylw-pushpin0060</styleUrl>
				<Polygon>
					<tessellate>1</tessellate>
					<outerBoundaryIs>
						<LinearRing>
							<coordinates>
								-71.52397909742923,-16.30935402433699,0 -71.52352960539218,-16.30946075653925,0 -71.52329736083054,-16.30848982009809,0 -71.52370259527902,-16.30840181200804,0 -71.52397909742923,-16.30935402433699,0 
							</coordinates>
						</LinearRing>
					</outerBoundaryIs>
				</Polygon>
			</Placemark>
			<Placemark>
				<name>1.3.65-41</name>
				<styleUrl>#msn_ylw-pushpin0060</styleUrl>
				<Polygon>
					<tessellate>1</tessellate>
					<outerBoundaryIs>
						<LinearRing>
							<coordinates>
								-71.5226519310952,-16.30966909260189,0 -71.5224111416692,-16.30974128940571,0 -71.52217908264947,-16.30901949532293,0 -71.52237990934415,-16.30896785955645,0 -71.52247878976959,-16.30927274206089,0 -71.52249411255379,-16.30941766047057,0 -71.52251928379589,-16.30949681988546,0 -71.52257898562618,-16.30947182803673,0 -71.5226519310952,-16.30966909260189,0 
							</coordinates>
						</LinearRing>
					</outerBoundaryIs>
				</Polygon>
			</Placemark>
			<Placemark>
				<name>1.3.65-42</name>
				<styleUrl>#msn_ylw-pushpin0060</styleUrl>
				<Polygon>
					<tessellate>1</tessellate>
					<outerBoundaryIs>
						<LinearRing>
							<coordinates>
								-71.52236040700566,-16.30738319631403,0 -71.5224856846001,-16.30779226626987,0 -71.52173557813775,-16.30791326433635,0 -71.52164918448658,-16.30751401556779,0 -71.52236040700566,-16.30738319631403,0 
							</coordinates>
						</LinearRing>
					</outerBoundaryIs>
				</Polygon>
			</Placemark>
			<Placemark>
				<name>1.3.65-43</name>
				<styleUrl>#msn_ylw-pushpin0060</styleUrl>
				<Polygon>
					<tessellate>1</tessellate>
					<outerBoundaryIs>
						<LinearRing>
							<coordinates>
								-71.52313815525082,-16.30815411660539,0 -71.52270778753621,-16.3082548989895,0 -71.52248014464674,-16.30738569207082,0 -71.52289437465406,-16.30732256280152,0 -71.52313815525082,-16.30815411660539,0 
							</coordinates>
						</LinearRing>
					</outerBoundaryIs>
				</Polygon>
			</Placemark>
			<Placemark>
				<name>1.3.65-44</name>
				<styleUrl>#msn_ylw-pushpin0060</styleUrl>
				<Polygon>
					<tessellate>1</tessellate>
					<outerBoundaryIs>
						<LinearRing>
							<coordinates>
								-71.52371430276577,-16.30830830679639,0 -71.52326897209456,-16.30840067292511,0 -71.52299234216244,-16.3073074735514,0 -71.52342632559531,-16.30724037553108,0 -71.52371430276577,-16.30830830679639,0 
							</coordinates>
						</LinearRing>
					</outerBoundaryIs>
				</Polygon>
			</Placemark>
			<Placemark>
				<name>1.3.65-45</name>
				<styleUrl>#msn_ylw-pushpin0060</styleUrl>
				<Polygon>
					<tessellate>1</tessellate>
					<outerBoundaryIs>
						<LinearRing>
							<coordinates>
								-71.52420665486929,-16.30818317085588,0 -71.52378500927895,-16.30829379537148,0 -71.52350433188862,-16.30720625775458,0 -71.52393290652904,-16.30715317120291,0 -71.52420665486929,-16.30818317085588,0 
							</coordinates>
						</LinearRing>
					</outerBoundaryIs>
				</Polygon>
			</Placemark>
			<Placemark>
				<name>1.3.65-46</name>
				<styleUrl>#msn_ylw-pushpin0060</styleUrl>
				<Polygon>
					<tessellate>1</tessellate>
					<outerBoundaryIs>
						<LinearRing>
							<coordinates>
								-71.52403807665125,-16.30711961729521,0 -71.52446361466016,-16.30705679656995,0 -71.52470230263204,-16.30806062884276,0 -71.52429083349369,-16.30817660664412,0 -71.52403807665125,-16.30711961729521,0 
							</coordinates>
						</LinearRing>
					</outerBoundaryIs>
				</Polygon>
			</Placemark>
			<Placemark>
				<name>1.3.65-47</name>
				<styleUrl>#msn_ylw-pushpin0060</styleUrl>
				<Polygon>
					<tessellate>1</tessellate>
					<outerBoundaryIs>
						<LinearRing>
							<coordinates>
								-71.52519225292495,-16.30793817107087,0 -71.52480414876024,-16.30806770278966,0 -71.52456734148348,-16.30705798546022,0 -71.52495329004978,-16.307003591122,0 -71.52519225292495,-16.30793817107087,0 
							</coordinates>
						</LinearRing>
					</outerBoundaryIs>
				</Polygon>
			</Placemark>
			<Placemark>
				<name>1.3.65-48</name>
				<styleUrl>#msn_ylw-pushpin0060</styleUrl>
				<Polygon>
					<tessellate>1</tessellate>
					<outerBoundaryIs>
						<LinearRing>
							<coordinates>
								-71.52536442241939,-16.30745676647359,0 -71.52548033280392,-16.3078701016497,0 -71.52526115264777,-16.3079286094178,0 -71.52517371492515,-16.30750000217774,0 -71.52536442241939,-16.30745676647359,0 
							</coordinates>
						</LinearRing>
					</outerBoundaryIs>
				</Polygon>
			</Placemark>
			<Placemark>
				<name>1.3.65-49</name>
				<styleUrl>#msn_ylw-pushpin0060</styleUrl>
				<Polygon>
					<tessellate>1</tessellate>
					<outerBoundaryIs>
						<LinearRing>
							<coordinates>
								-71.52575548862872,-16.3072782593941,0 -71.52514228135851,-16.3074176741191,0 -71.52503672835667,-16.30699495498307,0 -71.52569010471552,-16.30686521799108,0 -71.52575548862872,-16.3072782593941,0 
							</coordinates>
						</LinearRing>
					</outerBoundaryIs>
				</Polygon>
			</Placemark>
			<Placemark>
				<name>1.3.65-50</name>
				<styleUrl>#msn_ylw-pushpin0060</styleUrl>
				<Polygon>
					<tessellate>1</tessellate>
					<outerBoundaryIs>
						<LinearRing>
							<coordinates>
								-71.52636367331002,-16.30769827071496,0 -71.52594736709194,-16.30778643178174,0 -71.52579791834974,-16.30685017668919,0 -71.52618917185102,-16.30681725110936,0 -71.52636367331002,-16.30769827071496,0 
							</coordinates>
						</LinearRing>
					</outerBoundaryIs>
				</Polygon>
			</Placemark>
			<Placemark>
				<name>1.3.66-1</name>
				<styleUrl>#msn_ylw-pushpin0060</styleUrl>
				<Polygon>
					<tessellate>1</tessellate>
					<outerBoundaryIs>
						<LinearRing>
							<coordinates>
								-71.52353212491012,-16.30330060866459,0 -71.52345748927367,-16.30293623618109,0 -71.52383942927365,-16.30287717477298,0 -71.52390336656971,-16.30324511621767,0 -71.52353212491012,-16.30330060866459,0 
							</coordinates>
						</LinearRing>
					</outerBoundaryIs>
				</Polygon>
			</Placemark>
			<Placemark>
				<name>1.3.66-2</name>
				<styleUrl>#msn_ylw-pushpin0060</styleUrl>
				<Polygon>
					<tessellate>1</tessellate>
					<outerBoundaryIs>
						<LinearRing>
							<coordinates>
								-71.52470351478334,-16.30274808298831,0 -71.52474935532301,-16.3031198527055,0 -71.52400598006029,-16.3032271735486,0 -71.52394823367111,-16.30286963446271,0 -71.52470351478334,-16.30274808298831,0 
							</coordinates>
						</LinearRing>
					</outerBoundaryIs>
				</Polygon>
			</Placemark>
			<Placemark>
				<name>1.3.66-3</name>
				<styleUrl>#msn_ylw-pushpin0060</styleUrl>
				<Polygon>
					<tessellate>1</tessellate>
					<outerBoundaryIs>
						<LinearRing>
							<coordinates>
								-71.52372249491938,-16.30262536907983,0 -71.52381930003193,-16.30259557408013,0 -71.52401395687527,-16.30256839356808,0 -71.52427555419646,-16.30254265598349,0 -71.52475058103091,-16.30246764023619,0 -71.52477613576005,-16.30266176308008,0 -71.52374528973024,-16.30280656717611,0 -71.52372249491938,-16.30262536907983,0 
							</coordinates>
						</LinearRing>
					</outerBoundaryIs>
				</Polygon>
			</Placemark>
			<Placemark>
				<name>1.3.66-4</name>
				<styleUrl>#msn_ylw-pushpin0060</styleUrl>
				<Polygon>
					<tessellate>1</tessellate>
					<outerBoundaryIs>
						<LinearRing>
							<coordinates>
								-71.52541478828648,-16.30274283865877,0 -71.52558161787488,-16.30287825130021,0 -71.52562698073072,-16.30298511612656,0 -71.52567030003698,-16.30307713860254,0 -71.52565988182027,-16.30316709666339,0 -71.52550288178234,-16.30329406531896,0 -71.52531049425021,-16.30338724877467,0 -71.5252201375134,-16.30321838812558,0 -71.52510642749129,-16.30296462102933,0 -71.52501569448886,-16.30272659525338,0 -71.52526637034359,-16.3026759243054,0 -71.52541478828648,-16.30274283865877,0 
							</coordinates>
						</LinearRing>
					</outerBoundaryIs>
				</Polygon>
			</Placemark>
			<Placemark>
				<name>1.3.66-5</name>
				<styleUrl>#msn_ylw-pushpin0060</styleUrl>
				<Polygon>
					<tessellate>1</tessellate>
					<outerBoundaryIs>
						<LinearRing>
							<coordinates>
								-71.52537057418459,-16.30357155941349,0 -71.52530444906603,-16.30343195567568,0 -71.52544701022101,-16.30337093810789,0 -71.52552407378502,-16.30351292016685,0 -71.52537057418459,-16.30357155941349,0 
							</coordinates>
						</LinearRing>
					</outerBoundaryIs>
				</Polygon>
			</Placemark>
			<Placemark>
				<name>1.3.66-6</name>
				<styleUrl>#msn_ylw-pushpin0060</styleUrl>
				<Polygon>
					<tessellate>1</tessellate>
					<outerBoundaryIs>
						<LinearRing>
							<coordinates>
								-71.52485467926303,-16.3031784691816,0 -71.52499280992879,-16.30314475185319,0 -71.52516267763048,-16.30348059110852,0 -71.52493104483524,-16.30353598046776,0 -71.52485467926303,-16.3031784691816,0 
							</coordinates>
						</LinearRing>
					</outerBoundaryIs>
				</Polygon>
			</Placemark>
			<Placemark>
				<name>1.3.66-7</name>
				<styleUrl>#msn_ylw-pushpin0060</styleUrl>
				<Polygon>
					<tessellate>1</tessellate>
					<outerBoundaryIs>
						<LinearRing>
							<coordinates>
								-71.52493342394435,-16.30363505734781,0 -71.52516827456287,-16.30359446189156,0 -71.52533664149085,-16.30393373782501,0 -71.52501518039898,-16.30399458726523,0 -71.52493342394435,-16.30363505734781,0 
							</coordinates>
						</LinearRing>
					</outerBoundaryIs>
				</Polygon>
			</Placemark>
			<Placemark>
				<name>1.3.66-8</name>
				<styleUrl>#msn_ylw-pushpin0060</styleUrl>
				<Polygon>
					<tessellate>1</tessellate>
					<outerBoundaryIs>
						<LinearRing>
							<coordinates>
								-71.52476598511632,-16.30319805120282,0 -71.52482338038821,-16.3035694267921,0 -71.52405884353618,-16.30367323196927,0 -71.52400607739104,-16.30332142368482,0 -71.52476598511632,-16.30319805120282,0 
							</coordinates>
						</LinearRing>
					</outerBoundaryIs>
				</Polygon>
			</Placemark>
			<Placemark>
				<name>1.3.66-9</name>
				<styleUrl>#msn_ylw-pushpin0060</styleUrl>
				<Polygon>
					<tessellate>1</tessellate>
					<outerBoundaryIs>
						<LinearRing>
							<coordinates>
								-71.52484277352923,-16.30365565850872,0 -71.52490237217619,-16.30401082035559,0 -71.52414681848239,-16.30411937147478,0 -71.52409975210517,-16.30375000985213,0 -71.52484277352923,-16.30365565850872,0 
							</coordinates>
						</LinearRing>
					</outerBoundaryIs>
				</Polygon>
			</Placemark>
			<Placemark>
				<name>1.3.66-10</name>
				<styleUrl>#msn_ylw-pushpin0060</styleUrl>
				<Polygon>
					<tessellate>1</tessellate>
					<outerBoundaryIs>
						<LinearRing>
							<coordinates>
								-71.52353906063557,-16.30338744442112,0 -71.52391722755536,-16.3033162110185,0 -71.52405526253467,-16.30413299994099,0 -71.52366434616536,-16.30419078547177,0 -71.52353906063557,-16.30338744442112,0 
							</coordinates>
						</LinearRing>
					</outerBoundaryIs>
				</Polygon>
			</Placemark>
			<Placemark>
				<name>1.3.66-11</name>
				<styleUrl>#msn_ylw-pushpin0060</styleUrl>
				<Polygon>
					<tessellate>1</tessellate>
					<outerBoundaryIs>
						<LinearRing>
							<coordinates>
								-71.52369637195423,-16.30428698968566,0 -71.52407138418852,-16.30422584069437,0 -71.52421006305408,-16.30513223392749,0 -71.52384740127061,-16.30517936353096,0 -71.52369637195423,-16.30428698968566,0 
							</coordinates>
						</LinearRing>
					</outerBoundaryIs>
				</Polygon>
			</Placemark>
			<Placemark>
				<name>1.3.66-12</name>
				<styleUrl>#msn_ylw-pushpin0060</styleUrl>
				<Polygon>
					<tessellate>1</tessellate>
					<outerBoundaryIs>
						<LinearRing>
							<coordinates>
								-71.52492333465794,-16.30412136888093,0 -71.52498743092859,-16.30451722463096,0 -71.5242392317797,-16.3046087586741,0 -71.52416818576144,-16.30421792148309,0 -71.52492333465794,-16.30412136888093,0 
							</coordinates>
						</LinearRing>
					</outerBoundaryIs>
				</Polygon>
			</Placemark>
			<Placemark>
				<name>1.3.66-13</name>
				<styleUrl>#msn_ylw-pushpin0060</styleUrl>
				<Polygon>
					<tessellate>1</tessellate>
					<outerBoundaryIs>
						<LinearRing>
							<coordinates>
								-71.52509974668041,-16.30459210251063,0 -71.52517220822573,-16.30474811954138,0 -71.52526781575258,-16.30496814407203,0 -71.52431220713031,-16.30511571138741,0 -71.52425077752507,-16.30470172897359,0 -71.52509974668041,-16.30459210251063,0 
							</coordinates>
						</LinearRing>
					</outerBoundaryIs>
				</Polygon>
			</Placemark>
			<Placemark>
				<name>1.3.66-14</name>
				<styleUrl>#msn_ylw-pushpin0060</styleUrl>
				<Polygon>
					<tessellate>1</tessellate>
					<outerBoundaryIs>
						<LinearRing>
							<coordinates>
								-71.5252792357343,-16.30506027288741,0 -71.52532962350423,-16.30515481481121,0 -71.52538880638888,-16.30525610557829,0 -71.5254190228592,-16.30540600662414,0 -71.52438284309234,-16.30555472680206,0 -71.5243382661595,-16.30519820534649,0 -71.5252792357343,-16.30506027288741,0 
							</coordinates>
						</LinearRing>
					</outerBoundaryIs>
				</Polygon>
			</Placemark>
			<Placemark>
				<name>1.3.66-15</name>
				<styleUrl>#msn_ylw-pushpin0060</styleUrl>
				<Polygon>
					<tessellate>1</tessellate>
					<outerBoundaryIs>
						<LinearRing>
							<coordinates>
								-71.5238456137831,-16.30526660465568,0 -71.52423678860718,-16.30520424335097,0 -71.52435990174625,-16.30602977979295,0 -71.52398165575282,-16.30608159553983,0 -71.5238456137831,-16.30526660465568,0 
							</coordinates>
						</LinearRing>
					</outerBoundaryIs>
				</Polygon>
			</Placemark>
			<Placemark>
				<name>1.3.66-16</name>
				<styleUrl>#msn_ylw-pushpin0060</styleUrl>
				<Polygon>
					<tessellate>1</tessellate>
					<outerBoundaryIs>
						<LinearRing>
							<coordinates>
								-71.52616091625407,-16.30670162790054,0 -71.52574236923063,-16.30676457834008,0 -71.5256025171453,-16.30591341551763,0 -71.52603990754217,-16.3058645937547,0 -71.52616091625407,-16.30670162790054,0 
							</coordinates>
						</LinearRing>
					</outerBoundaryIs>
				</Polygon>
			</Placemark>
			<Placemark>
				<name>1.3.66-17</name>
				<styleUrl>#msn_ylw-pushpin0060</styleUrl>
				<Polygon>
					<tessellate>1</tessellate>
					<outerBoundaryIs>
						<LinearRing>
							<coordinates>
								-71.52442019674359,-16.30648400071352,0 -71.52401996540738,-16.30654337442171,0 -71.52397851455338,-16.3061881221408,0 -71.52438403973611,-16.30612267760528,0 -71.52442019674359,-16.30648400071352,0 
							</coordinates>
						</LinearRing>
					</outerBoundaryIs>
				</Polygon>
			</Placemark>
			<Placemark>
				<name>1.3.66-18</name>
				<styleUrl>#msn_ylw-pushpin0060</styleUrl>
				<Polygon>
					<tessellate>1</tessellate>
					<outerBoundaryIs>
						<LinearRing>
							<coordinates>
								-71.5267096545052,-16.30660935724192,0 -71.52624666428591,-16.30669265527336,0 -71.52610753326479,-16.30570555121641,0 -71.52655038977805,-16.30562795856368,0 -71.5267096545052,-16.30660935724192,0 
							</coordinates>
						</LinearRing>
					</outerBoundaryIs>
				</Polygon>
			</Placemark>
			<Placemark>
				<name>1.3.66-19</name>
				<styleUrl>#msn_ylw-pushpin0060</styleUrl>
				<Polygon>
					<tessellate>1</tessellate>
					<outerBoundaryIs>
						<LinearRing>
							<coordinates>
								-71.52685183198992,-16.30560059633775,0 -71.52700824380561,-16.30655622309515,0 -71.52677778188668,-16.30660081802226,0 -71.52663191351672,-16.30562903685301,0 -71.52685183198992,-16.30560059633775,0 
							</coordinates>
						</LinearRing>
					</outerBoundaryIs>
				</Polygon>
			</Placemark>
			<Placemark>
				<name>1.3.66-20</name>
				<styleUrl>#msn_ylw-pushpin0060</styleUrl>
				<Polygon>
					<tessellate>1</tessellate>
					<outerBoundaryIs>
						<LinearRing>
							<coordinates>
								-71.52656010798057,-16.30527818157405,0 -71.52662534205511,-16.30554623647723,0 -71.52623049162294,-16.30560232249977,0 -71.52618676752716,-16.30533558233713,0 -71.52656010798057,-16.30527818157405,0 
							</coordinates>
						</LinearRing>
					</outerBoundaryIs>
				</Polygon>
			</Placemark>
			<Placemark>
				<name>1.3.66-21</name>
				<styleUrl>#msn_ylw-pushpin0060</styleUrl>
				<Polygon>
					<tessellate>1</tessellate>
					<outerBoundaryIs>
						<LinearRing>
							<coordinates>
								-71.5255714050984,-16.30641261749083,0 -71.52566301160522,-16.30679112458089,0 -71.52460643481221,-16.306956370432,0 -71.52455189082571,-16.3065606947182,0 -71.5255714050984,-16.30641261749083,0 
							</coordinates>
						</LinearRing>
					</outerBoundaryIs>
				</Polygon>
			</Placemark>
			<Placemark>
				<name>1.3.66-22</name>
				<styleUrl>#msn_ylw-pushpin0060</styleUrl>
				<Polygon>
					<tessellate>1</tessellate>
					<outerBoundaryIs>
						<LinearRing>
							<coordinates>
								-71.52453670132435,-16.30647512990588,0 -71.52448698791726,-16.30610009193177,0 -71.52549877663428,-16.30594344855199,0 -71.52556871619232,-16.30630399200423,0 -71.52453670132435,-16.30647512990588,0 
							</coordinates>
						</LinearRing>
					</outerBoundaryIs>
				</Polygon>
			</Placemark>
			<Placemark>
				<name>1.3.66-23</name>
				<styleUrl>#msn_ylw-pushpin0060</styleUrl>
				<Polygon>
					<tessellate>1</tessellate>
					<outerBoundaryIs>
						<LinearRing>
							<coordinates>
								-71.52451873000547,-16.30697217442726,0 -71.52411242090274,-16.30702050568319,0 -71.52404961995617,-16.30665383386608,0 -71.52445467940788,-16.30660541308455,0 -71.52451873000547,-16.30697217442726,0 
							</coordinates>
						</LinearRing>
					</outerBoundaryIs>
				</Polygon>
			</Placemark>
			<Placemark>
				<name>1.3.66-24</name>
				<styleUrl>#msn_ylw-pushpin0060</styleUrl>
				<Polygon>
					<tessellate>1</tessellate>
					<outerBoundaryIs>
						<LinearRing>
							<coordinates>
								-71.52648269402003,-16.30525725489264,0 -71.52609510034907,-16.30532101487151,0 -71.52599880812987,-16.30487472542039,0 -71.52574492228763,-16.3043654137289,0 -71.5259008606965,-16.30424145335292,0 -71.52625984629762,-16.30470097921783,0 -71.52638448564899,-16.30471233890774,0 -71.52648269402003,-16.30525725489264,0 
							</coordinates>
						</LinearRing>
					</outerBoundaryIs>
				</Polygon>
			</Placemark>
			<Placemark>
				<name>1.3.66-25</name>
				<styleUrl>#msn_ylw-pushpin0060</styleUrl>
				<Polygon>
					<tessellate>1</tessellate>
					<outerBoundaryIs>
						<LinearRing>
							<coordinates>
								-71.52648323533374,-16.30484857226744,0 -71.52676602565829,-16.30480985815926,0 -71.52681416970262,-16.30516466090788,0 -71.52669873713994,-16.3051855623481,0 -71.52672895881307,-16.30535668924015,0 -71.52685134103793,-16.30533294644214,0 -71.5268757278188,-16.30552450274322,0 -71.52667175225677,-16.30556089221127,0 -71.52648323533374,-16.30484857226744,0 
							</coordinates>
						</LinearRing>
					</outerBoundaryIs>
				</Polygon>
			</Placemark>
			<Placemark>
				<name>1.3.66-26</name>
				<styleUrl>#msn_ylw-pushpin0060</styleUrl>
				<Polygon>
					<tessellate>1</tessellate>
					<outerBoundaryIs>
						<LinearRing>
							<coordinates>
								-71.52549983855458,-16.30534411735994,0 -71.52590549938569,-16.30526144439303,0 -71.52599228815475,-16.30576829329031,0 -71.5255891827983,-16.30583439697548,0 -71.52549983855458,-16.30534411735994,0 
							</coordinates>
						</LinearRing>
					</outerBoundaryIs>
				</Polygon>
			</Placemark>
			<Placemark>
				<name>1.3.66-27</name>
				<styleUrl>#msn_ylw-pushpin0060</styleUrl>
				<Polygon>
					<tessellate>1</tessellate>
					<outerBoundaryIs>
						<LinearRing>
							<coordinates>
								-71.52549210644439,-16.30531484271594,0 -71.52531223976587,-16.30489052079115,0 -71.52520808694324,-16.30460611036057,0 -71.5250907036576,-16.30432299263437,0 -71.5250066981166,-16.30409564126983,0 -71.52540356272375,-16.30397842631736,0 -71.52557456670165,-16.30433206196216,0 -71.52568932833405,-16.30460727528235,0 -71.52578980279527,-16.30488186644813,0 -71.5259030079833,-16.3052329674765,0 -71.52549210644439,-16.30531484271594,0 
							</coordinates>
						</LinearRing>
					</outerBoundaryIs>
				</Polygon>
			</Placemark>
		</Folder>
		<Folder>
			<name>NA</name>
			<Placemark>
				<name>1.3.44-6</name>
				<styleUrl>#msn_ylw-pushpin039</styleUrl>
				<Polygon>
					<tessellate>1</tessellate>
					<outerBoundaryIs>
						<LinearRing>
							<coordinates>
								-71.53952874567219,-16.35094891832098,0 -71.53968360877697,-16.35147803819891,0 -71.53937662456826,-16.3515116057891,0 -71.53926679007152,-16.35085185211371,0 -71.53906056491101,-16.3504348195769,0 -71.5392030420571,-16.3504253488978,0 -71.53937671769464,-16.35042942250724,0 -71.53952874567219,-16.35094891832098,0 
							</coordinates>
						</LinearRing>
					</outerBoundaryIs>
				</Polygon>
			</Placemark>
			<Placemark>
				<name>1.3.44-7</name>
				<styleUrl>#msn_ylw-pushpin039</styleUrl>
				<Polygon>
					<tessellate>1</tessellate>
					<outerBoundaryIs>
						<LinearRing>
							<coordinates>
								-71.53923255340545,-16.34798707992559,0 -71.53932942550479,-16.34813314350264,0 -71.53933928321011,-16.34825284040267,0 -71.53920982019832,-16.34824592949204,0 -71.5391324702222,-16.34806120778993,0 -71.53910842065805,-16.34789465550148,0 -71.53923708015698,-16.34788314439968,0 -71.53923255340545,-16.34798707992559,0 
							</coordinates>
						</LinearRing>
					</outerBoundaryIs>
				</Polygon>
			</Placemark>
			<Placemark>
				<name>1.3.45-15</name>
				<styleUrl>#msn_ylw-pushpin039</styleUrl>
				<Polygon>
					<tessellate>1</tessellate>
					<outerBoundaryIs>
						<LinearRing>
							<coordinates>
								-71.53684086739963,-16.33898783324142,0 -71.53683282159022,-16.33867071480224,0 -71.53690657312499,-16.33865609687217,0 -71.53699207848628,-16.33897042552845,0 -71.53684086739963,-16.33898783324142,0 
							</coordinates>
						</LinearRing>
					</outerBoundaryIs>
				</Polygon>
			</Placemark>
			<Placemark>
				<name>1.3.45-16</name>
				<styleUrl>#msn_ylw-pushpin039</styleUrl>
				<Polygon>
					<tessellate>1</tessellate>
					<outerBoundaryIs>
						<LinearRing>
							<coordinates>
								-71.53701265712083,-16.33897171978242,0 -71.5369343839768,-16.33866202528903,0 -71.53687319738521,-16.33843658831934,0 -71.53683964665754,-16.33833633669121,0 -71.53679385759233,-16.33824253814936,0 -71.53684816349593,-16.33817557262543,0 -71.53693220511994,-16.33823022663573,0 -71.53705101960814,-16.3382796361841,0 -71.53707835472215,-16.3385015423663,0 -71.53708541823194,-16.33864296266347,0 -71.53714158562103,-16.33862352757365,0 -71.53711781281244,-16.33851719412458,0 -71.53719901320927,-16.33851368583919,0 -71.53730975696907,-16.33873094722063,0 -71.53727826860491,-16.33873813095088,0 -71.53731797371154,-16.33894230472513,0 -71.53701265712083,-16.33897171978242,0 
							</coordinates>
						</LinearRing>
					</outerBoundaryIs>
				</Polygon>
			</Placemark>
			<Placemark>
				<name>1.3.45-17</name>
				<styleUrl>#msn_ylw-pushpin039</styleUrl>
				<Polygon>
					<tessellate>1</tessellate>
					<outerBoundaryIs>
						<LinearRing>
							<coordinates>
								-71.53709970678553,-16.33838847994164,0 -71.53712119233896,-16.3383636805467,0 -71.53718471113875,-16.33848580361886,0 -71.53710883480038,-16.33849867364985,0 -71.53709970678553,-16.33838847994164,0 
							</coordinates>
						</LinearRing>
					</outerBoundaryIs>
				</Polygon>
			</Placemark>
			<Placemark>
				<name>1.3.45-18</name>
				<styleUrl>#msn_ylw-pushpin039</styleUrl>
				<Polygon>
					<tessellate>1</tessellate>
					<outerBoundaryIs>
						<LinearRing>
							<coordinates>
								-71.53694394370872,-16.33811124842842,0 -71.53694047291069,-16.33802458454121,0 -71.53713266204061,-16.3380097392561,0 -71.53713839629971,-16.33810278523264,0 -71.53694394370872,-16.33811124842842,0 
							</coordinates>
						</LinearRing>
					</outerBoundaryIs>
				</Polygon>
			</Placemark>
			<Placemark>
				<name>1.3.45-19</name>
				<styleUrl>#msn_ylw-pushpin039</styleUrl>
				<Polygon>
					<tessellate>1</tessellate>
					<outerBoundaryIs>
						<LinearRing>
							<coordinates>
								-71.53682954550651,-16.33722335496696,0 -71.53675038490597,-16.33725326333256,0 -71.53672401067423,-16.33719129402994,0 -71.53681277904528,-16.33715773457052,0 -71.53682954550651,-16.33722335496696,0 
							</coordinates>
						</LinearRing>
					</outerBoundaryIs>
				</Polygon>
			</Placemark>
			<Placemark>
				<name>1.3.45-20</name>
				<styleUrl>#msn_ylw-pushpin039</styleUrl>
				<Polygon>
					<tessellate>1</tessellate>
					<outerBoundaryIs>
						<LinearRing>
							<coordinates>
								-71.53669057906497,-16.33645552655317,0 -71.53654464219127,-16.33625919993285,0 -71.53640962973331,-16.3360460343682,0 -71.5363038637023,-16.33587097477851,0 -71.53621299886035,-16.33568492891991,0 -71.5361586071227,-16.33558047382547,0 -71.5365180564996,-16.33549554910484,0 -71.5366108453953,-16.33552253095033,0 -71.53661586166076,-16.33561107973148,0 -71.53662139454634,-16.33587916039266,0 -71.53695312991452,-16.3363092677833,0 -71.53669057906497,-16.33645552655317,0 
							</coordinates>
						</LinearRing>
					</outerBoundaryIs>
				</Polygon>
			</Placemark>
			<Placemark>
				<name>1.3.45-21</name>
				<styleUrl>#msn_ylw-pushpin039</styleUrl>
				<Polygon>
					<tessellate>1</tessellate>
					<outerBoundaryIs>
						<LinearRing>
							<coordinates>
								-71.53569357041147,-16.33529866576929,0 -71.53595664453805,-16.33518937445322,0 -71.53612620182004,-16.33571259818154,0 -71.53598718426235,-16.3358162788486,0 -71.53589609854322,-16.33567937764864,0 -71.53582709980941,-16.33567905748434,0 -71.53576863548551,-16.33563809943718,0 -71.53573080846036,-16.33555754903266,0 -71.53569357041147,-16.33529866576929,0 
							</coordinates>
						</LinearRing>
					</outerBoundaryIs>
				</Polygon>
			</Placemark>
			<Placemark>
				<name>1.3.45-22</name>
				<styleUrl>#msn_ylw-pushpin039</styleUrl>
				<Polygon>
					<tessellate>1</tessellate>
					<outerBoundaryIs>
						<LinearRing>
							<coordinates>
								-71.53574862063628,-16.33513223427708,0 -71.5355385277627,-16.33515917803702,0 -71.53560146014917,-16.33442518411858,0 -71.53574862063628,-16.33513223427708,0 
							</coordinates>
						</LinearRing>
					</outerBoundaryIs>
				</Polygon>
			</Placemark>
			<Placemark>
				<name>1.3.45-23</name>
				<styleUrl>#msn_ylw-pushpin039</styleUrl>
				<Polygon>
					<tessellate>1</tessellate>
					<outerBoundaryIs>
						<LinearRing>
							<coordinates>
								-71.53589999069027,-16.33485127973748,0 -71.53580920661517,-16.33487891952426,0 -71.53573964905901,-16.33457348154412,0 -71.53582561910453,-16.33454372073222,0 -71.53589999069027,-16.33485127973748,0 
							</coordinates>
						</LinearRing>
					</outerBoundaryIs>
				</Polygon>
			</Placemark>
			<Placemark>
				<name>1.3.45-24</name>
				<styleUrl>#msn_ylw-pushpin039</styleUrl>
				<Polygon>
					<tessellate>1</tessellate>
					<outerBoundaryIs>
						<LinearRing>
							<coordinates>
								-71.53581123309459,-16.3329709850572,0 -71.53585269383352,-16.3331480803435,0 -71.535867284221,-16.33328666669232,0 -71.53580044004059,-16.33331150595515,0 -71.53570073662991,-16.33319909694362,0 -71.53566937362044,-16.33310702759181,0 -71.53566668448504,-16.33301747730486,0 -71.53566307791819,-16.33296388418428,0 -71.53566821359685,-16.33289512099912,0 -71.53578028126827,-16.33287926685772,0 -71.53581123309459,-16.3329709850572,0 
							</coordinates>
						</LinearRing>
					</outerBoundaryIs>
				</Polygon>
			</Placemark>
			<Placemark>
				<name>1.3.45-25</name>
				<styleUrl>#msn_ylw-pushpin039</styleUrl>
				<Polygon>
					<tessellate>1</tessellate>
					<outerBoundaryIs>
						<LinearRing>
							<coordinates>
								-71.53515316581637,-16.33184230991358,0 -71.53519926755681,-16.33185559989112,0 -71.5352304066718,-16.33192879242787,0 -71.53527812101964,-16.3320099972632,0 -71.53533673178327,-16.33211257106854,0 -71.5352812145821,-16.33216789520436,0 -71.53521037483597,-16.33205229455661,0 -71.53512951102475,-16.33193608397502,0 -71.53508854616416,-16.33188516061682,0 -71.53515316581637,-16.33184230991358,0 
							</coordinates>
						</LinearRing>
					</outerBoundaryIs>
				</Polygon>
			</Placemark>
			<Placemark>
				<name>1.3.45-26</name>
				<styleUrl>#msn_ylw-pushpin039</styleUrl>
				<Polygon>
					<tessellate>1</tessellate>
					<outerBoundaryIs>
						<LinearRing>
							<coordinates>
								-71.5349327715746,-16.33179418585294,0 -71.53484581231461,-16.33175736355778,0 -71.53476167198357,-16.33167827837527,0 -71.53472676440497,-16.33160193870548,0 -71.53478049617686,-16.33156102205751,0 -71.53479901531367,-16.33157596243147,0 -71.53482225937537,-16.33163360312414,0 -71.53487976945533,-16.33166642606262,0 -71.53499725544638,-16.33171381107929,0 -71.53508707394933,-16.33177381578648,0 -71.5350066565486,-16.33184104754745,0 -71.5349327715746,-16.33179418585294,0 
							</coordinates>
						</LinearRing>
					</outerBoundaryIs>
				</Polygon>
			</Placemark>
			<Placemark>
				<name>1.3.45-27</name>
				<styleUrl>#msn_ylw-pushpin039</styleUrl>
				<Polygon>
					<tessellate>1</tessellate>
					<outerBoundaryIs>
						<LinearRing>
							<coordinates>
								-71.5341833550805,-16.33020856737159,0 -71.53436508358656,-16.33016035741371,0 -71.53445218064296,-16.33033734815304,0 -71.53428436132025,-16.3304603667522,0 -71.53437044186674,-16.33059795492528,0 -71.53433473930536,-16.3306491710304,0 -71.53424017397779,-16.33079229734954,0 -71.53405691394101,-16.33067410498705,0 -71.5339380479636,-16.33060843807949,0 -71.53380736288148,-16.3306217671752,0 -71.53366580924816,-16.33056419094724,0 -71.5341833550805,-16.33020856737159,0 
							</coordinates>
						</LinearRing>
					</outerBoundaryIs>
				</Polygon>
			</Placemark>
			<Placemark>
				<name>1.3.45-28</name>
				<styleUrl>#msn_ylw-pushpin039</styleUrl>
				<Polygon>
					<tessellate>1</tessellate>
					<outerBoundaryIs>
						<LinearRing>
							<coordinates>
								-71.5336381200578,-16.33054809839336,0 -71.53341309688594,-16.33033844861578,0 -71.53327649939047,-16.33014309778851,0 -71.53317245086305,-16.32995602377418,0 -71.53312486097279,-16.3298577878653,0 -71.53290989320679,-16.32971272027983,0 -71.53358989934615,-16.32924661681444,0 -71.53374076516785,-16.32939502352678,0 -71.53351363016687,-16.32959182569151,0 -71.53357278389781,-16.32968816432745,0 -71.53373239648921,-16.32982689901495,0 -71.53400404970235,-16.32995110625735,0 -71.53413948276581,-16.33000745495053,0 -71.53423196656505,-16.33012549571701,0 -71.5336381200578,-16.33054809839336,0 
							</coordinates>
						</LinearRing>
					</outerBoundaryIs>
				</Polygon>
			</Placemark>
			<Placemark>
				<name>1.3.45-29</name>
				<styleUrl>#msn_ylw-pushpin039</styleUrl>
				<Polygon>
					<tessellate>1</tessellate>
					<outerBoundaryIs>
						<LinearRing>
							<coordinates>
								-71.53288741969889,-16.32969057731191,0 -71.53271124880463,-16.32955209643368,0 -71.53259643003679,-16.3294417352517,0 -71.53245035471126,-16.32920808040264,0 -71.5322422241664,-16.32883069221293,0 -71.53213516375924,-16.3286325625182,0 -71.53218595706447,-16.32861091534101,0 -71.5324969290038,-16.32861300959713,0 -71.53264416073038,-16.32860958330951,0 -71.53290908858165,-16.32842359374284,0 -71.53310883671953,-16.32858957490584,0 -71.53301151537676,-16.32880244570076,0 -71.53325216152747,-16.32914966789891,0 -71.53341277396449,-16.32932727565643,0 -71.53288741969889,-16.32969057731191,0 
							</coordinates>
						</LinearRing>
					</outerBoundaryIs>
				</Polygon>
			</Placemark>
			<Placemark>
				<name>1.3.45-30</name>
				<styleUrl>#msn_ylw-pushpin039</styleUrl>
				<Polygon>
					<tessellate>1</tessellate>
					<outerBoundaryIs>
						<LinearRing>
							<coordinates>
								-71.53236270090858,-16.32815654889374,0 -71.5326292771079,-16.32834373984925,0 -71.53278633719148,-16.32841023479916,0 -71.53267554496392,-16.32856734247339,0 -71.53259745519858,-16.32855444309525,0 -71.53245180085648,-16.32849235120961,0 -71.53228484914531,-16.32838126175322,0 -71.53219638212668,-16.32824489779499,0 -71.53210582569218,-16.32807346341951,0 -71.53213626594959,-16.32803180500527,0 -71.53236270090858,-16.32815654889374,0 
							</coordinates>
						</LinearRing>
					</outerBoundaryIs>
				</Polygon>
			</Placemark>
			<Placemark>
				<name>1.3.45-31</name>
				<styleUrl>#msn_ylw-pushpin039</styleUrl>
				<Polygon>
					<tessellate>1</tessellate>
					<outerBoundaryIs>
						<LinearRing>
							<coordinates>
								-71.53144590750607,-16.32687261185166,0 -71.53140127571091,-16.32690691046001,0 -71.53135205844222,-16.32684839027532,0 -71.53138945181365,-16.32681527761115,0 -71.53144590750607,-16.32687261185166,0 
							</coordinates>
						</LinearRing>
					</outerBoundaryIs>
				</Polygon>
			</Placemark>
			<Placemark>
				<name>1.3.45-32</name>
				<styleUrl>#msn_ylw-pushpin039</styleUrl>
				<Polygon>
					<tessellate>1</tessellate>
					<outerBoundaryIs>
						<LinearRing>
							<coordinates>
								-71.53083591055679,-16.32638452039851,0 -71.53075205495058,-16.32632975886635,0 -71.53055961959606,-16.3261878870763,0 -71.5307446273362,-16.32596083943466,0 -71.53083193466571,-16.32597860302253,0 -71.53095148057325,-16.32602156561697,0 -71.53102268458923,-16.32604199130159,0 -71.5310455066147,-16.32608225710421,0 -71.53103689300286,-16.32611812770643,0 -71.53100470877776,-16.32610187312477,0 -71.53083591055679,-16.32638452039851,0 
							</coordinates>
						</LinearRing>
					</outerBoundaryIs>
				</Polygon>
			</Placemark>
			<Placemark>
				<name>1.3.45-33</name>
				<styleUrl>#msn_ylw-pushpin039</styleUrl>
				<Polygon>
					<tessellate>1</tessellate>
					<outerBoundaryIs>
						<LinearRing>
							<coordinates>
								-71.53109740234964,-16.32615678729095,0 -71.53118448197928,-16.3262454657983,0 -71.53122980423717,-16.32630772998099,0 -71.53124135604192,-16.32640762873397,0 -71.53119149073922,-16.3264740184924,0 -71.53117235763723,-16.32652465941233,0 -71.53112391545179,-16.32655901476668,0 -71.53107861724887,-16.32658881087577,0 -71.53107114604373,-16.32656710957882,0 -71.5310666351042,-16.32652818649173,0 -71.53105026971426,-16.32642809501436,0 -71.53101179554429,-16.32634581626395,0 -71.53099850656359,-16.32628756494915,0 -71.53099706919092,-16.32622659651787,0 -71.53103981078226,-16.32613052706455,0 -71.53109740234964,-16.32615678729095,0 
							</coordinates>
						</LinearRing>
					</outerBoundaryIs>
				</Polygon>
			</Placemark>
			<Placemark>
				<name>1.3.45-34</name>
				<styleUrl>#msn_ylw-pushpin039</styleUrl>
				<Polygon>
					<tessellate>1</tessellate>
					<outerBoundaryIs>
						<LinearRing>
							<coordinates>
								-71.52781449798397,-16.32500137717315,0 -71.52769953020888,-16.32513770715511,0 -71.52752875595857,-16.32500089953948,0 -71.52763422748995,-16.32489144886981,0 -71.52781449798397,-16.32500137717315,0 
							</coordinates>
						</LinearRing>
					</outerBoundaryIs>
				</Polygon>
			</Placemark>
			<Placemark>
				<name>1.3.45-35</name>
				<styleUrl>#msn_ylw-pushpin039</styleUrl>
				<Polygon>
					<tessellate>1</tessellate>
					<outerBoundaryIs>
						<LinearRing>
							<coordinates>
								-71.53048274223723,-16.32371882434252,0 -71.53054773851919,-16.32390437800725,0 -71.53030488367357,-16.32397840409202,0 -71.53022057494219,-16.32379306284308,0 -71.53048274223723,-16.32371882434252,0 
							</coordinates>
						</LinearRing>
					</outerBoundaryIs>
				</Polygon>
			</Placemark>
			<Placemark>
				<name>1.3.45-36</name>
				<styleUrl>#msn_ylw-pushpin039</styleUrl>
				<Polygon>
					<tessellate>1</tessellate>
					<outerBoundaryIs>
						<LinearRing>
							<coordinates>
								-71.5278813971719,-16.32243671790054,0 -71.52783538420812,-16.32253837745748,0 -71.52758826551772,-16.32244355465343,0 -71.52763106684041,-16.32236146070313,0 -71.5278813971719,-16.32243671790054,0 
							</coordinates>
						</LinearRing>
					</outerBoundaryIs>
				</Polygon>
			</Placemark>
			<Placemark>
				<name>1.3.45-37</name>
				<styleUrl>#msn_ylw-pushpin039</styleUrl>
				<Polygon>
					<tessellate>1</tessellate>
					<outerBoundaryIs>
						<LinearRing>
							<coordinates>
								-71.52757729399849,-16.32354961773248,0 -71.52765492220922,-16.32361536573613,0 -71.527762533508,-16.32366696769711,0 -71.52773700732969,-16.32370670125275,0 -71.52766305604862,-16.32371300544942,0 -71.52756413503052,-16.32368527640905,0 -71.52744447824826,-16.3236303153432,0 -71.52741524598022,-16.32355494523606,0 -71.52740249235093,-16.32346205442062,0 -71.52737891282381,-16.3233390304361,0 -71.52749376574957,-16.323261561964,0 -71.52757729399849,-16.32354961773248,0 
							</coordinates>
						</LinearRing>
					</outerBoundaryIs>
				</Polygon>
			</Placemark>
			<Placemark>
				<name>1.3.45-38</name>
				<styleUrl>#msn_ylw-pushpin039</styleUrl>
				<Polygon>
					<tessellate>1</tessellate>
					<outerBoundaryIs>
						<LinearRing>
							<coordinates>
								-71.52706159270849,-16.32225275950707,0 -71.52709440529267,-16.32232033384389,0 -71.52711261524932,-16.3224022477101,0 -71.52705346211934,-16.32242495923284,0 -71.52693200194201,-16.32232889063534,0 -71.52698780748941,-16.32220483921283,0 -71.52706159270849,-16.32225275950707,0 
							</coordinates>
						</LinearRing>
					</outerBoundaryIs>
				</Polygon>
			</Placemark>
			<Placemark>
				<name>1.3.45-39</name>
				<styleUrl>#msn_ylw-pushpin039</styleUrl>
				<Polygon>
					<tessellate>1</tessellate>
					<outerBoundaryIs>
						<LinearRing>
							<coordinates>
								-71.52418800321924,-16.32340627540765,0 -71.52414871949306,-16.32352312168222,0 -71.52399650198164,-16.32346532002285,0 -71.52403133968923,-16.32336975060344,0 -71.52418800321924,-16.32340627540765,0 
							</coordinates>
						</LinearRing>
					</outerBoundaryIs>
				</Polygon>
			</Placemark>
			<Placemark>
				<name>1.3.45-40</name>
				<styleUrl>#msn_ylw-pushpin039</styleUrl>
				<Polygon>
					<tessellate>1</tessellate>
					<outerBoundaryIs>
						<LinearRing>
							<coordinates>
								-71.52448805812793,-16.32375886697922,0 -71.52447001755009,-16.32395225274557,0 -71.52409350651865,-16.3239412850665,0 -71.52411735897279,-16.3237526994303,0 -71.52448805812793,-16.32375886697922,0 
							</coordinates>
						</LinearRing>
					</outerBoundaryIs>
				</Polygon>
			</Placemark>
			<Placemark>
				<name>1.3.45-41</name>
				<styleUrl>#msn_ylw-pushpin039</styleUrl>
				<Polygon>
					<tessellate>1</tessellate>
					<outerBoundaryIs>
						<LinearRing>
							<coordinates>
								-71.52185220000612,-16.32354959473267,0 -71.52184527626902,-16.32363069223026,0 -71.5217242631943,-16.32359942737332,0 -71.52175353337852,-16.32348731651475,0 -71.52185220000612,-16.32354959473267,0 
							</coordinates>
						</LinearRing>
					</outerBoundaryIs>
				</Polygon>
			</Placemark>
			<Placemark>
				<name>1.3.45-42</name>
				<styleUrl>#msn_ylw-pushpin039</styleUrl>
				<Polygon>
					<tessellate>1</tessellate>
					<outerBoundaryIs>
						<LinearRing>
							<coordinates>
								-71.51835696981817,-16.3211567157899,0 -71.51831790628876,-16.32084322648142,0 -71.51823201035653,-16.32057681217996,0 -71.51825687617342,-16.32043162411145,0 -71.51844868531411,-16.32029249363049,0 -71.518650745678,-16.32052779624834,0 -71.51886185908178,-16.32070382293824,0 -71.51898696835441,-16.32087649727242,0 -71.51929218493949,-16.32101007592283,0 -71.51958121719247,-16.32117391311674,0 -71.51973246999741,-16.32098996025467,0 -71.51985838554965,-16.32106638491777,0 -71.51999071018174,-16.32113316321213,0 -71.52017788938667,-16.32127885585289,0 -71.5201198358929,-16.32165967776323,0 -71.51835696981817,-16.3211567157899,0 
							</coordinates>
						</LinearRing>
					</outerBoundaryIs>
				</Polygon>
			</Placemark>
			<Placemark>
				<name>1.3.45-43</name>
				<styleUrl>#msn_ylw-pushpin039</styleUrl>
				<Polygon>
					<tessellate>1</tessellate>
					<outerBoundaryIs>
						<LinearRing>
							<coordinates>
								-71.51244495765857,-16.31757864239849,0 -71.51254117440662,-16.31773197133428,0 -71.51210558970178,-16.31795188736556,0 -71.51202280594548,-16.3177746387286,0 -71.51244495765857,-16.31757864239849,0 
							</coordinates>
						</LinearRing>
					</outerBoundaryIs>
				</Polygon>
			</Placemark>
			<Placemark>
				<name>1.3.45-44</name>
				<styleUrl>#msn_ylw-pushpin039</styleUrl>
				<Polygon>
					<tessellate>1</tessellate>
					<outerBoundaryIs>
						<LinearRing>
							<coordinates>
								-71.50116760053719,-16.31106074570837,0 -71.50115371319269,-16.31129445761684,0 -71.50081691624264,-16.31132884020869,0 -71.50042534127111,-16.31137873446171,0 -71.5001199492289,-16.31138883293143,0 -71.4998119869075,-16.31137895184305,0 -71.49965695574063,-16.31132878537927,0 -71.4993982523571,-16.31121851220912,0 -71.49912583980375,-16.31101853882657,0 -71.49910616310873,-16.31089274578412,0 -71.49909354390468,-16.31085376242746,0 -71.49936866641168,-16.31094490386241,0 -71.49964796962183,-16.31092693300629,0 -71.49983313068502,-16.31090706017275,0 -71.50021267126017,-16.31093095501589,0 -71.50064239619857,-16.31095193277926,0 -71.50116760053719,-16.31106074570837,0 
							</coordinates>
						</LinearRing>
					</outerBoundaryIs>
				</Polygon>
			</Placemark>
			<Placemark>
				<name>1.3.45-45</name>
				<styleUrl>#msn_ylw-pushpin039</styleUrl>
				<Polygon>
					<tessellate>1</tessellate>
					<outerBoundaryIs>
						<LinearRing>
							<coordinates>
								-71.49566127125181,-16.31068366236045,0 -71.49570236614218,-16.31081411695006,0 -71.49545671346138,-16.31085368971866,0 -71.49516470342493,-16.31086818916718,0 -71.49493018789768,-16.31084403007085,0 -71.49487302285071,-16.310782179819,0 -71.49566127125181,-16.31068366236045,0 
							</coordinates>
						</LinearRing>
					</outerBoundaryIs>
				</Polygon>
			</Placemark>
			<Placemark>
				<name>1.3.45-46</name>
				<styleUrl>#msn_ylw-pushpin039</styleUrl>
				<Polygon>
					<tessellate>1</tessellate>
					<outerBoundaryIs>
						<LinearRing>
							<coordinates>
								-71.49293600765186,-16.30884239771514,0 -71.49299411594633,-16.30897078057943,0 -71.49305206663482,-16.30914877869012,0 -71.49317790829669,-16.30944101977829,0 -71.49311287870431,-16.30944227001765,0 -71.49299397008991,-16.30927639385087,0 -71.49291297441044,-16.30909257991754,0 -71.49288338198465,-16.30899575267575,0 -71.4928295311089,-16.30885250633255,0 -71.49286801356723,-16.30876835571998,0 -71.49293600765186,-16.30884239771514,0 
							</coordinates>
						</LinearRing>
					</outerBoundaryIs>
				</Polygon>
			</Placemark>
			<Placemark>
				<name>1.3.45-47</name>
				<styleUrl>#msn_ylw-pushpin039</styleUrl>
				<Polygon>
					<tessellate>1</tessellate>
					<outerBoundaryIs>
						<LinearRing>
							<coordinates>
								-71.49320029875112,-16.31004568631322,0 -71.49312388995247,-16.31012644543426,0 -71.49302077238376,-16.31004948916389,0 -71.4930826983052,-16.30995088377574,0 -71.49320029875112,-16.31004568631322,0 
							</coordinates>
						</LinearRing>
					</outerBoundaryIs>
				</Polygon>
			</Placemark>
			<Placemark>
				<name>1.3.45-48</name>
				<styleUrl>#msn_ylw-pushpin039</styleUrl>
				<Polygon>
					<tessellate>1</tessellate>
					<outerBoundaryIs>
						<LinearRing>
							<coordinates>
								-71.48906666576359,-16.30375687410162,0 -71.48895383245254,-16.3040297510271,0 -71.48850257189673,-16.30387320535475,0 -71.48864251708318,-16.30354353079107,0 -71.48906666576359,-16.30375687410162,0 
							</coordinates>
						</LinearRing>
					</outerBoundaryIs>
				</Polygon>
			</Placemark>
			<Placemark>
				<name>1.3.45-49</name>
				<styleUrl>#msn_ylw-pushpin039</styleUrl>
				<Polygon>
					<tessellate>1</tessellate>
					<outerBoundaryIs>
						<LinearRing>
							<coordinates>
								-71.48225046529207,-16.29940618348855,0 -71.48240954480536,-16.29964408079365,0 -71.48230254510774,-16.29971463213224,0 -71.48221071184452,-16.29963810632894,0 -71.4820878895158,-16.29946412894258,0 -71.48201733213655,-16.29932901412878,0 -71.48209693838881,-16.2992305252914,0 -71.48225046529207,-16.29940618348855,0 
							</coordinates>
						</LinearRing>
					</outerBoundaryIs>
				</Polygon>
			</Placemark>
			<Placemark>
				<name>1.3.45-50</name>
				<styleUrl>#msn_ylw-pushpin039</styleUrl>
				<Polygon>
					<tessellate>1</tessellate>
					<outerBoundaryIs>
						<LinearRing>
							<coordinates>
								-71.47518163818073,-16.29349407664275,0 -71.47500661565856,-16.29361317936015,0 -71.47473264116279,-16.29314368649674,0 -71.47486665348467,-16.29302247283738,0 -71.47518163818073,-16.29349407664275,0 
							</coordinates>
						</LinearRing>
					</outerBoundaryIs>
				</Polygon>
			</Placemark>
			<Placemark>
				<name>1.3.45-51</name>
				<styleUrl>#msn_ylw-pushpin039</styleUrl>
				<Polygon>
					<tessellate>1</tessellate>
					<outerBoundaryIs>
						<LinearRing>
							<coordinates>
								-71.47496193313584,-16.29301623641346,0 -71.4751038280088,-16.29298802916223,0 -71.47534545404467,-16.29338865504103,0 -71.47521597013613,-16.29344679829882,0 -71.47496193313584,-16.29301623641346,0 
							</coordinates>
						</LinearRing>
					</outerBoundaryIs>
				</Polygon>
			</Placemark>
			<Placemark>
				<name>1.3.45-52</name>
				<styleUrl>#msn_ylw-pushpin039</styleUrl>
				<Polygon>
					<tessellate>1</tessellate>
					<outerBoundaryIs>
						<LinearRing>
							<coordinates>
								-71.47380414521319,-16.29133017920561,0 -71.4740901652232,-16.29103912624066,0 -71.47458192980105,-16.29146273904692,0 -71.47425473870049,-16.29174312314085,0 -71.47380414521319,-16.29133017920561,0 
							</coordinates>
						</LinearRing>
					</outerBoundaryIs>
				</Polygon>
			</Placemark>
			<Placemark>
				<name>1.3.45-54</name>
				<styleUrl>#msn_ylw-pushpin039</styleUrl>
				<Polygon>
					<tessellate>1</tessellate>
					<outerBoundaryIs>
						<LinearRing>
							<coordinates>
								-71.53603740854777,-16.34244043569624,0 -71.53600233805173,-16.34267265164663,0 -71.53533747153483,-16.34289689035131,0 -71.53533027859406,-16.34252349661665,0 -71.53603740854777,-16.34244043569624,0 
							</coordinates>
						</LinearRing>
					</outerBoundaryIs>
				</Polygon>
			</Placemark>
			<Placemark>
				<name>1.3.45-55</name>
				<styleUrl>#msn_ylw-pushpin039</styleUrl>
				<Polygon>
					<tessellate>1</tessellate>
					<outerBoundaryIs>
						<LinearRing>
							<coordinates>
								-71.53094337716591,-16.32665464122587,0 -71.53117410069632,-16.32688314121156,0 -71.53110378124418,-16.32694534799367,0 -71.53063902397945,-16.32664974691067,0 -71.5303436956129,-16.32647533831016,0 -71.53047533092887,-16.32629125352179,0 -71.53094337716591,-16.32665464122587,0 
							</coordinates>
						</LinearRing>
					</outerBoundaryIs>
				</Polygon>
			</Placemark>
			<Placemark>
				<name>1.3.45-56</name>
				<styleUrl>#msn_ylw-pushpin039</styleUrl>
				<Polygon>
					<tessellate>1</tessellate>
					<outerBoundaryIs>
						<LinearRing>
							<coordinates>
								-71.53071279342335,-16.32676201570128,0 -71.53072380492735,-16.32681199695412,0 -71.53026136790574,-16.32678350713804,0 -71.53011689928286,-16.32671298100112,0 -71.53033130648787,-16.32650767838965,0 -71.53071279342335,-16.32676201570128,0 
							</coordinates>
						</LinearRing>
					</outerBoundaryIs>
				</Polygon>
			</Placemark>
			<Placemark>
				<name>1.3.45-57</name>
				<styleUrl>#msn_ylw-pushpin039</styleUrl>
				<Polygon>
					<tessellate>1</tessellate>
					<outerBoundaryIs>
						<LinearRing>
							<coordinates>
								-71.53028251519351,-16.32684276317289,0 -71.53021820320389,-16.32691400463727,0 -71.5292580294698,-16.32651081017441,0 -71.52930276488969,-16.32646545161034,0 -71.52941500510478,-16.3265152328232,0 -71.52956817104236,-16.32650884991537,0 -71.53028251519351,-16.32684276317289,0 
							</coordinates>
						</LinearRing>
					</outerBoundaryIs>
				</Polygon>
			</Placemark>
			<Placemark>
				<name>1.3.45-58</name>
				<styleUrl>#msn_ylw-pushpin039</styleUrl>
				<Polygon>
					<tessellate>1</tessellate>
					<outerBoundaryIs>
						<LinearRing>
							<coordinates>
								-71.52925443647521,-16.32637481954912,0 -71.52923468811746,-16.32650912949943,0 -71.52910979460296,-16.32647367363421,0 -71.5289040921261,-16.32644014159994,0 -71.52857645537715,-16.32600198791805,0 -71.52888756531307,-16.32595370773645,0 -71.52902557645182,-16.32604319355448,0 -71.5291681516604,-16.32624904818446,0 -71.52925443647521,-16.32637481954912,0 
							</coordinates>
						</LinearRing>
					</outerBoundaryIs>
				</Polygon>
			</Placemark>
			<Placemark>
				<name>1.3.45-59</name>
				<styleUrl>#msn_ylw-pushpin039</styleUrl>
				<Polygon>
					<tessellate>1</tessellate>
					<outerBoundaryIs>
						<LinearRing>
							<coordinates>
								-71.52937660100777,-16.32628489398379,0 -71.52959244088345,-16.32612348578333,0 -71.52976158581279,-16.32620743886825,0 -71.52955483030486,-16.32639876460411,0 -71.52937660100777,-16.32628489398379,0 
							</coordinates>
						</LinearRing>
					</outerBoundaryIs>
				</Polygon>
			</Placemark>
			<Placemark>
				<name>1.3.45-60</name>
				<styleUrl>#msn_ylw-pushpin039</styleUrl>
				<Polygon>
					<tessellate>1</tessellate>
					<outerBoundaryIs>
						<LinearRing>
							<coordinates>
								-71.49945491736314,-16.31078875529741,0 -71.49932127440302,-16.31071214274452,0 -71.49959426965286,-16.31060479289116,0 -71.49974963395097,-16.31074779644049,0 -71.49945491736314,-16.31078875529741,0 
							</coordinates>
						</LinearRing>
					</outerBoundaryIs>
				</Polygon>
			</Placemark>
			<Placemark>
				<name>1.3.66J-1</name>
				<styleUrl>#msn_ylw-pushpin039</styleUrl>
				<Polygon>
					<tessellate>1</tessellate>
					<outerBoundaryIs>
						<LinearRing>
							<coordinates>
								-71.52019891255063,-16.28875918071304,0 -71.52054828119847,-16.28859586533242,0 -71.52091120318636,-16.28935626916351,0 -71.52065378244052,-16.28962541963329,0 -71.52059601085776,-16.28964475639326,0 -71.52019891255063,-16.28875918071304,0 
							</coordinates>
						</LinearRing>
					</outerBoundaryIs>
				</Polygon>
			</Placemark>
			<Placemark>
				<name>1.3.66J-4</name>
				<styleUrl>#msn_ylw-pushpin039</styleUrl>
				<Polygon>
					<tessellate>1</tessellate>
					<outerBoundaryIs>
						<LinearRing>
							<coordinates>
								-71.5201364307385,-16.28869947833469,0 -71.51973967152497,-16.28783514861065,0 -71.52012524831125,-16.28768023486502,0 -71.52050699666607,-16.2885387850853,0 -71.5201364307385,-16.28869947833469,0 
							</coordinates>
						</LinearRing>
					</outerBoundaryIs>
				</Polygon>
			</Placemark>
			<Placemark>
				<name>1.3.66J-5</name>
				<styleUrl>#msn_ylw-pushpin039</styleUrl>
				<Polygon>
					<tessellate>1</tessellate>
					<outerBoundaryIs>
						<LinearRing>
							<coordinates>
								-71.51971061560766,-16.28889331911353,0 -71.51931554630778,-16.2880697535675,0 -71.51968370064399,-16.28792652735025,0 -71.52006419513231,-16.28871721474939,0 -71.51971061560766,-16.28889331911353,0 
							</coordinates>
						</LinearRing>
					</outerBoundaryIs>
				</Polygon>
			</Placemark>
			<Placemark>
				<name>1.3.66J-7</name>
				<styleUrl>#msn_ylw-pushpin039</styleUrl>
				<Polygon>
					<tessellate>1</tessellate>
					<outerBoundaryIs>
						<LinearRing>
							<coordinates>
								-71.5191295788856,-16.28660168721604,0 -71.51870316534138,-16.28570938101874,0 -71.51908639321576,-16.28555534294546,0 -71.51947712531243,-16.28642195206059,0 -71.5191295788856,-16.28660168721604,0 
							</coordinates>
						</LinearRing>
					</outerBoundaryIs>
				</Polygon>
			</Placemark>
			<Placemark>
				<name>1.3.66J-8</name>
				<styleUrl>#msn_ylw-pushpin039</styleUrl>
				<Polygon>
					<tessellate>1</tessellate>
					<outerBoundaryIs>
						<LinearRing>
							<coordinates>
								-71.51865877175725,-16.28566226035165,0 -71.51824283251801,-16.28486165082045,0 -71.51867955076868,-16.28466170663341,0 -71.5190664460485,-16.28549341847776,0 -71.51865877175725,-16.28566226035165,0 
							</coordinates>
						</LinearRing>
					</outerBoundaryIs>
				</Polygon>
			</Placemark>
			<Placemark>
				<name>1.3.66J-9</name>
				<styleUrl>#msn_ylw-pushpin039</styleUrl>
				<Polygon>
					<tessellate>1</tessellate>
					<outerBoundaryIs>
						<LinearRing>
							<coordinates>
								-71.51794658731835,-16.28604649438421,0 -71.51652432436663,-16.2867165905474,0 -71.51623427746674,-16.28583566105485,0 -71.51744474329649,-16.28523976797148,0 -71.51794658731835,-16.28604649438421,0 
							</coordinates>
						</LinearRing>
					</outerBoundaryIs>
				</Polygon>
			</Placemark>
			<Placemark>
				<name>1.3.66J-10</name>
				<styleUrl>#msn_ylw-pushpin039</styleUrl>
				<Polygon>
					<tessellate>1</tessellate>
					<outerBoundaryIs>
						<LinearRing>
							<coordinates>
								-71.51837139750165,-16.28702483098527,0 -71.51675704300193,-16.28768493962982,0 -71.51644353730946,-16.28707946706146,0 -71.51652127173375,-16.28676635744406,0 -71.51797259745874,-16.28612472186807,0 -71.51837139750165,-16.28702483098527,0 
							</coordinates>
						</LinearRing>
					</outerBoundaryIs>
				</Polygon>
			</Placemark>
			<Placemark>
				<name>1.3.66D-17</name>
				<styleUrl>#msn_ylw-pushpin039</styleUrl>
				<Polygon>
					<tessellate>1</tessellate>
					<outerBoundaryIs>
						<LinearRing>
							<coordinates>
								-71.52018023109164,-16.29129385883707,0 -71.52001974253203,-16.29133621358587,0 -71.519916625577,-16.29098969043938,0 -71.52007178512781,-16.2909403670706,0 -71.52018023109164,-16.29129385883707,0 
							</coordinates>
						</LinearRing>
					</outerBoundaryIs>
				</Polygon>
			</Placemark>
			<Placemark>
				<name>1.3.66D-18</name>
				<styleUrl>#msn_ylw-pushpin039</styleUrl>
				<Polygon>
					<tessellate>1</tessellate>
					<outerBoundaryIs>
						<LinearRing>
							<coordinates>
								-71.52044754587791,-16.29063128065943,0 -71.52027737098949,-16.29067696701266,0 -71.52019729402969,-16.29041001890475,0 -71.52036515198895,-16.2903613347533,0 -71.52044754587791,-16.29063128065943,0 
							</coordinates>
						</LinearRing>
					</outerBoundaryIs>
				</Polygon>
			</Placemark>
			<Placemark>
				<name>1.3.66D-19</name>
				<styleUrl>#msn_ylw-pushpin039</styleUrl>
				<Polygon>
					<tessellate>1</tessellate>
					<outerBoundaryIs>
						<LinearRing>
							<coordinates>
								-71.52029028285375,-16.28983726736566,0 -71.52053721163252,-16.28972441971267,0 -71.52075351012533,-16.29032936252147,0 -71.52047475668596,-16.29041718943454,0 -71.52029028285375,-16.28983726736566,0 
							</coordinates>
						</LinearRing>
					</outerBoundaryIs>
				</Polygon>
			</Placemark>
			<Placemark>
				<name>1.3.66E-4</name>
				<styleUrl>#msn_ylw-pushpin039</styleUrl>
				<Polygon>
					<tessellate>1</tessellate>
					<outerBoundaryIs>
						<LinearRing>
							<coordinates>
								-71.51724482904753,-16.29367372085827,0 -71.51756976087002,-16.29354838106024,0 -71.51762113674509,-16.29357468360866,0 -71.51796439148185,-16.29457867019846,0 -71.51760153326919,-16.29472902361222,0 -71.51724482904753,-16.29367372085827,0 
							</coordinates>
						</LinearRing>
					</outerBoundaryIs>
				</Polygon>
			</Placemark>
			<Placemark>
				<name>1.3.66E-5</name>
				<styleUrl>#msn_ylw-pushpin039</styleUrl>
				<Polygon>
					<tessellate>1</tessellate>
					<outerBoundaryIs>
						<LinearRing>
							<coordinates>
								-71.51675555853299,-16.29384234720238,0 -71.51713838743215,-16.29369480902202,0 -71.51753143864839,-16.29473830421437,0 -71.51715801428055,-16.29485556645836,0 -71.51675555853299,-16.29384234720238,0 
							</coordinates>
						</LinearRing>
					</outerBoundaryIs>
				</Polygon>
			</Placemark>
			<Placemark>
				<name>1.3.66E-6</name>
				<styleUrl>#msn_ylw-pushpin039</styleUrl>
				<Polygon>
					<tessellate>1</tessellate>
					<outerBoundaryIs>
						<LinearRing>
							<coordinates>
								-71.51672781215495,-16.29446112546814,0 -71.51686180785511,-16.29437216628122,0 -71.5170929195051,-16.29490410543787,0 -71.51745029199974,-16.29584965234207,0 -71.51723816884684,-16.29591728252043,0 -71.51672781215495,-16.29446112546814,0 
							</coordinates>
						</LinearRing>
					</outerBoundaryIs>
				</Polygon>
			</Placemark>
			<Placemark>
				<name>1.3.66E-16</name>
				<styleUrl>#msn_ylw-pushpin039</styleUrl>
				<Polygon>
					<tessellate>1</tessellate>
					<outerBoundaryIs>
						<LinearRing>
							<coordinates>
								-71.51825902106552,-16.29675682543339,0 -71.51790017946063,-16.29689703258082,0 -71.51755045857649,-16.2959338348924,0 -71.51791838709416,-16.29582026805782,0 -71.51825902106552,-16.29675682543339,0 
							</coordinates>
						</LinearRing>
					</outerBoundaryIs>
				</Polygon>
			</Placemark>
			<Placemark>
				<name>1.3.66E-17</name>
				<styleUrl>#msn_ylw-pushpin039</styleUrl>
				<Polygon>
					<tessellate>1</tessellate>
					<outerBoundaryIs>
						<LinearRing>
							<coordinates>
								-71.51727483971405,-16.29600494787286,0 -71.51748016386082,-16.2959308824104,0 -71.5178276470931,-16.29693050890549,0 -71.51757920922758,-16.29698785672757,0 -71.51727483971405,-16.29600494787286,0 
							</coordinates>
						</LinearRing>
					</outerBoundaryIs>
				</Polygon>
			</Placemark>
			<Placemark>
				<name>1.3.66E-24</name>
				<styleUrl>#msn_ylw-pushpin039</styleUrl>
				<Polygon>
					<tessellate>1</tessellate>
					<outerBoundaryIs>
						<LinearRing>
							<coordinates>
								-71.51979837749239,-16.29756428088012,0 -71.51980669711497,-16.29763845856928,0 -71.51977684690341,-16.29775007697691,0 -71.51968895472636,-16.2978634077346,0 -71.51961739655896,-16.29813778179551,0 -71.5194817083953,-16.29860429469333,0 -71.51935036647694,-16.29895609365673,0 -71.51906625929838,-16.2988897911947,0 -71.51906997113475,-16.29863017269151,0 -71.51920156149907,-16.29825960013947,0 -71.51929404279521,-16.29804237798748,0 -71.51945325207897,-16.2978399182305,0 -71.51956194931766,-16.29769459699153,0 -71.51973461671263,-16.29755536190817,0 -71.51979837749239,-16.29756428088012,0 
							</coordinates>
						</LinearRing>
					</outerBoundaryIs>
				</Polygon>
			</Placemark>
			<Placemark>
				<name>1.3.66E-25</name>
				<styleUrl>#msn_ylw-pushpin039</styleUrl>
				<Polygon>
					<tessellate>1</tessellate>
					<outerBoundaryIs>
						<LinearRing>
							<coordinates>
								-71.51882534256082,-16.29890763686571,0 -71.51875589963404,-16.29900182774136,0 -71.51858970936492,-16.29882178055975,0 -71.51864950149694,-16.29877374670919,0 -71.51882534256082,-16.29890763686571,0 
							</coordinates>
						</LinearRing>
					</outerBoundaryIs>
				</Polygon>
			</Placemark>
			<Placemark>
				<name>1.3.66E-29</name>
				<styleUrl>#msn_ylw-pushpin039</styleUrl>
				<Polygon>
					<tessellate>1</tessellate>
					<outerBoundaryIs>
						<LinearRing>
							<coordinates>
								-71.51791792483471,-16.29122923901982,0 -71.51779900213718,-16.29150609444679,0 -71.51699770925764,-16.29113744449776,0 -71.5171355962261,-16.29105266831937,0 -71.51725557262077,-16.29088597383363,0 -71.51791792483471,-16.29122923901982,0 
							</coordinates>
						</LinearRing>
					</outerBoundaryIs>
				</Polygon>
			</Placemark>
			<Placemark>
				<name>1.3.66G-2</name>
				<styleUrl>#msn_ylw-pushpin039</styleUrl>
				<Polygon>
					<tessellate>1</tessellate>
					<outerBoundaryIs>
						<LinearRing>
							<coordinates>
								-71.51977276989717,-16.29915384121567,0 -71.51989017573793,-16.29907842309112,0 -71.51994050749538,-16.2991886710226,0 -71.51998537404172,-16.29940751808405,0 -71.51977276989717,-16.29915384121567,0 
							</coordinates>
						</LinearRing>
					</outerBoundaryIs>
				</Polygon>
			</Placemark>
			<Placemark>
				<name>1.3.66G-3</name>
				<styleUrl>#msn_ylw-pushpin039</styleUrl>
				<Polygon>
					<tessellate>1</tessellate>
					<outerBoundaryIs>
						<LinearRing>
							<coordinates>
								-71.51940165542636,-16.29938204054183,0 -71.51973326581228,-16.29916736457473,0 -71.52020387734167,-16.29988288897991,0 -71.51987946983117,-16.30007946203045,0 -71.51940165542636,-16.29938204054183,0 
							</coordinates>
						</LinearRing>
					</outerBoundaryIs>
				</Polygon>
			</Placemark>
			<Placemark>
				<name>1.3.66G-4</name>
				<styleUrl>#msn_ylw-pushpin039</styleUrl>
				<Polygon>
					<tessellate>1</tessellate>
					<outerBoundaryIs>
						<LinearRing>
							<coordinates>
								-71.51901082834364,-16.29958727836981,0 -71.51884128593144,-16.29936464453153,0 -71.51903305489628,-16.2992864286519,0 -71.51924814403401,-16.29929145319404,0 -71.5194198089896,-16.29928836816913,0 -71.51938684265045,-16.29933684322824,0 -71.51925148106795,-16.2994312927317,0 -71.51915401367097,-16.29950246274336,0 -71.51901082834364,-16.29958727836981,0 
							</coordinates>
						</LinearRing>
					</outerBoundaryIs>
				</Polygon>
			</Placemark>
			<Placemark>
				<name>1.3.66G-5</name>
				<styleUrl>#msn_ylw-pushpin039</styleUrl>
				<Polygon>
					<tessellate>1</tessellate>
					<outerBoundaryIs>
						<LinearRing>
							<coordinates>
								-71.51936339501674,-16.29941785120138,0 -71.51984176330004,-16.30011002911116,0 -71.51952422715793,-16.30030726360998,0 -71.51904257652593,-16.29962730729268,0 -71.51936339501674,-16.29941785120138,0 
							</coordinates>
						</LinearRing>
					</outerBoundaryIs>
				</Polygon>
			</Placemark>
			<Placemark>
				<name>1.3.66G-6</name>
				<styleUrl>#msn_ylw-pushpin039</styleUrl>
				<Polygon>
					<tessellate>1</tessellate>
					<outerBoundaryIs>
						<LinearRing>
							<coordinates>
								-71.51955995356478,-16.30035958918352,0 -71.5198831867814,-16.30016956015993,0 -71.52033584733798,-16.30085883021517,0 -71.52008111314757,-16.30101443313787,0 -71.51955995356478,-16.30035958918352,0 
							</coordinates>
						</LinearRing>
					</outerBoundaryIs>
				</Polygon>
			</Placemark>
			<Placemark>
				<name>1.3.66G-7</name>
				<styleUrl>#msn_ylw-pushpin039</styleUrl>
				<Polygon>
					<tessellate>1</tessellate>
					<outerBoundaryIs>
						<LinearRing>
							<coordinates>
								-71.52001504557238,-16.30027508127773,0 -71.52020020606069,-16.30015991131672,0 -71.52039825935142,-16.30048176435979,0 -71.52022091570811,-16.30058593108384,0 -71.52001504557238,-16.30027508127773,0 
							</coordinates>
						</LinearRing>
					</outerBoundaryIs>
				</Polygon>
			</Placemark>
			<Placemark>
				<name>1.3.66G-8</name>
				<styleUrl>#msn_ylw-pushpin039</styleUrl>
				<Polygon>
					<tessellate>1</tessellate>
					<outerBoundaryIs>
						<LinearRing>
							<coordinates>
								-71.52014127133847,-16.299985018251,0 -71.52045591721435,-16.29981082407753,0 -71.52054947533642,-16.3000210849467,0 -71.52039665585735,-16.3001480696499,0 -71.52069399280522,-16.30066986140558,0 -71.52060395574499,-16.3007502453975,0 -71.52014127133847,-16.299985018251,0 
							</coordinates>
						</LinearRing>
					</outerBoundaryIs>
				</Polygon>
			</Placemark>
			<Placemark>
				<name>1.3.66F-1</name>
				<styleUrl>#msn_ylw-pushpin039</styleUrl>
				<Polygon>
					<tessellate>1</tessellate>
					<outerBoundaryIs>
						<LinearRing>
							<coordinates>
								-71.51041548679886,-16.29533000019547,0 -71.51006525875903,-16.29454373015043,0 -71.51051318762798,-16.29446600585852,0 -71.51081618447816,-16.29514586064914,0 -71.51041548679886,-16.29533000019547,0 
							</coordinates>
						</LinearRing>
					</outerBoundaryIs>
				</Polygon>
			</Placemark>
			<Placemark>
				<name>1.3.66F-2</name>
				<styleUrl>#msn_ylw-pushpin039</styleUrl>
				<Polygon>
					<tessellate>1</tessellate>
					<outerBoundaryIs>
						<LinearRing>
							<coordinates>
								-71.51118389390641,-16.29437303435194,0 -71.51139669084424,-16.29488665064571,0 -71.51087051686054,-16.29510388141086,0 -71.51061828102357,-16.29447666348034,0 -71.51118389390641,-16.29437303435194,0 
							</coordinates>
						</LinearRing>
					</outerBoundaryIs>
				</Polygon>
			</Placemark>
			<Placemark>
				<name>1.3.66F-3</name>
				<styleUrl>#msn_ylw-pushpin039</styleUrl>
				<Polygon>
					<tessellate>1</tessellate>
					<outerBoundaryIs>
						<LinearRing>
							<coordinates>
								-71.51178874354183,-16.29426786664346,0 -71.51193415169519,-16.29465191968174,0 -71.51147672211847,-16.29484976171851,0 -71.51126230768648,-16.29436583272595,0 -71.51178874354183,-16.29426786664346,0 
							</coordinates>
						</LinearRing>
					</outerBoundaryIs>
				</Polygon>
			</Placemark>
			<Placemark>
				<name>1.3.66F-4</name>
				<styleUrl>#msn_ylw-pushpin039</styleUrl>
				<Polygon>
					<tessellate>1</tessellate>
					<outerBoundaryIs>
						<LinearRing>
							<coordinates>
								-71.51226725570153,-16.29416853436604,0 -71.51245494490117,-16.29442330536545,0 -71.51198234122076,-16.29463112699274,0 -71.51183439162888,-16.29424957418671,0 -71.51226725570153,-16.29416853436604,0 
							</coordinates>
						</LinearRing>
					</outerBoundaryIs>
				</Polygon>
			</Placemark>
			<Placemark>
				<name>1.3.66F-5</name>
				<styleUrl>#msn_ylw-pushpin039</styleUrl>
				<Polygon>
					<tessellate>1</tessellate>
					<outerBoundaryIs>
						<LinearRing>
							<coordinates>
								-71.51042502235784,-16.29538276345206,0 -71.51085156857299,-16.29521385042699,0 -71.51135483059291,-16.29628215392834,0 -71.51093112112667,-16.29648432661075,0 -71.51042502235784,-16.29538276345206,0 
							</coordinates>
						</LinearRing>
					</outerBoundaryIs>
				</Polygon>
			</Placemark>
			<Placemark>
				<name>1.3.66F-6</name>
				<styleUrl>#msn_ylw-pushpin039</styleUrl>
				<Polygon>
					<tessellate>1</tessellate>
					<outerBoundaryIs>
						<LinearRing>
							<coordinates>
								-71.5109427567881,-16.29518144650977,0 -71.51144058877286,-16.29495986561373,0 -71.51191750310574,-16.29600374375827,0 -71.51144131366982,-16.29624817637277,0 -71.5109427567881,-16.29518144650977,0 
							</coordinates>
						</LinearRing>
					</outerBoundaryIs>
				</Polygon>
			</Placemark>
			<Placemark>
				<name>1.3.66F-7</name>
				<styleUrl>#msn_ylw-pushpin039</styleUrl>
				<Polygon>
					<tessellate>1</tessellate>
					<outerBoundaryIs>
						<LinearRing>
							<coordinates>
								-71.51153644799923,-16.29491883231108,0 -71.51199896400048,-16.2947351748879,0 -71.51248983987786,-16.29570137489761,0 -71.51198418018043,-16.29593743657724,0 -71.51153644799923,-16.29491883231108,0 
							</coordinates>
						</LinearRing>
					</outerBoundaryIs>
				</Polygon>
			</Placemark>
			<Placemark>
				<name>1.3.66F-8</name>
				<styleUrl>#msn_ylw-pushpin039</styleUrl>
				<Polygon>
					<tessellate>1</tessellate>
					<outerBoundaryIs>
						<LinearRing>
							<coordinates>
								-71.51206303746838,-16.29469148913833,0 -71.51251327046231,-16.29446511231241,0 -71.51299625207641,-16.29544618634579,0 -71.51256165740321,-16.29567371761335,0 -71.51206303746838,-16.29469148913833,0 
							</coordinates>
						</LinearRing>
					</outerBoundaryIs>
				</Polygon>
			</Placemark>
			<Placemark>
				<name>1.3.66F-9</name>
				<styleUrl>#msn_ylw-pushpin039</styleUrl>
				<Polygon>
					<tessellate>1</tessellate>
					<outerBoundaryIs>
						<LinearRing>
							<coordinates>
								-71.51257154310888,-16.29444632979384,0 -71.51307381567369,-16.29420287386939,0 -71.51352773228975,-16.29520967882703,0 -71.51305114545265,-16.29537627462722,0 -71.51257154310888,-16.29444632979384,0 
							</coordinates>
						</LinearRing>
					</outerBoundaryIs>
				</Polygon>
			</Placemark>
			<Placemark>
				<name>1.3.66F-10</name>
				<styleUrl>#msn_ylw-pushpin039</styleUrl>
				<Polygon>
					<tessellate>1</tessellate>
					<outerBoundaryIs>
						<LinearRing>
							<coordinates>
								-71.51316047488399,-16.29419329669034,0 -71.5136247280075,-16.29393992653524,0 -71.51405456124931,-16.29498831721518,0 -71.51359241028356,-16.295180677881,0 -71.51316047488399,-16.29419329669034,0 
							</coordinates>
						</LinearRing>
					</outerBoundaryIs>
				</Polygon>
			</Placemark>
			<Placemark>
				<name>1.3.66F-11</name>
				<styleUrl>#msn_ylw-pushpin039</styleUrl>
				<Polygon>
					<tessellate>1</tessellate>
					<outerBoundaryIs>
						<LinearRing>
							<coordinates>
								-71.51418782991962,-16.29386481951025,0 -71.5146095898068,-16.29473466450818,0 -71.5141479344308,-16.29494196530609,0 -71.51369588648757,-16.29393884917956,0 -71.51418782991962,-16.29386481951025,0 
							</coordinates>
						</LinearRing>
					</outerBoundaryIs>
				</Polygon>
			</Placemark>
			<Placemark>
				<name>1.3.66F-12</name>
				<styleUrl>#msn_ylw-pushpin039</styleUrl>
				<Polygon>
					<tessellate>1</tessellate>
					<outerBoundaryIs>
						<LinearRing>
							<coordinates>
								-71.51097941818534,-16.29656659610695,0 -71.51140018630218,-16.29634570437107,0 -71.51189655749418,-16.29730479644659,0 -71.51143032958257,-16.29753130876494,0 -71.51097941818534,-16.29656659610695,0 
							</coordinates>
						</LinearRing>
					</outerBoundaryIs>
				</Polygon>
			</Placemark>
			<Placemark>
				<name>1.3.66F-13</name>
				<styleUrl>#msn_ylw-pushpin039</styleUrl>
				<Polygon>
					<tessellate>1</tessellate>
					<outerBoundaryIs>
						<LinearRing>
							<coordinates>
								-71.51149633768189,-16.2963065423338,0 -71.51197258726238,-16.2960724072269,0 -71.5124484969832,-16.2970786019159,0 -71.51196706158045,-16.2972925347866,0 -71.51149633768189,-16.2963065423338,0 
							</coordinates>
						</LinearRing>
					</outerBoundaryIs>
				</Polygon>
			</Placemark>
			<Placemark>
				<name>1.3.66F-14</name>
				<styleUrl>#msn_ylw-pushpin039</styleUrl>
				<Polygon>
					<tessellate>1</tessellate>
					<outerBoundaryIs>
						<LinearRing>
							<coordinates>
								-71.51203833162783,-16.29604771539485,0 -71.51253610914188,-16.29578548475518,0 -71.51302761828757,-16.29682515776268,0 -71.51251988061534,-16.29706576590193,0 -71.51203833162783,-16.29604771539485,0 
							</coordinates>
						</LinearRing>
					</outerBoundaryIs>
				</Polygon>
			</Placemark>
			<Placemark>
				<name>1.3.66F-15</name>
				<styleUrl>#msn_ylw-pushpin039</styleUrl>
				<Polygon>
					<tessellate>1</tessellate>
					<outerBoundaryIs>
						<LinearRing>
							<coordinates>
								-71.51303004988549,-16.29553460288894,0 -71.51355415936125,-16.29656711638624,0 -71.51309782526852,-16.29677851632694,0 -71.51259639249506,-16.29574577484545,0 -71.51303004988549,-16.29553460288894,0 
							</coordinates>
						</LinearRing>
					</outerBoundaryIs>
				</Polygon>
			</Placemark>
			<Placemark>
				<name>1.3.66F-16</name>
				<styleUrl>#msn_ylw-pushpin039</styleUrl>
				<Polygon>
					<tessellate>1</tessellate>
					<outerBoundaryIs>
						<LinearRing>
							<coordinates>
								-71.51410124089071,-16.29630554696057,0 -71.51362877694422,-16.2964987880581,0 -71.51313192334835,-16.29548076357245,0 -71.51359143332525,-16.29528539086422,0 -71.51410124089071,-16.29630554696057,0 
							</coordinates>
						</LinearRing>
					</outerBoundaryIs>
				</Polygon>
			</Placemark>
			<Placemark>
				<name>1.3.66F-17</name>
				<styleUrl>#msn_ylw-pushpin039</styleUrl>
				<Polygon>
					<tessellate>1</tessellate>
					<outerBoundaryIs>
						<LinearRing>
							<coordinates>
								-71.51366286070063,-16.29526488756258,0 -71.51410781118226,-16.29507236477895,0 -71.51461285396741,-16.29608513854657,0 -71.5141482419325,-16.29628990036187,0 -71.51366286070063,-16.29526488756258,0 
							</coordinates>
						</LinearRing>
					</outerBoundaryIs>
				</Polygon>
			</Placemark>
			<Placemark>
				<name>1.3.66F-18</name>
				<styleUrl>#msn_ylw-pushpin039</styleUrl>
				<Polygon>
					<tessellate>1</tessellate>
					<outerBoundaryIs>
						<LinearRing>
							<coordinates>
								-71.51420458815548,-16.29503121530342,0 -71.51466886466011,-16.29481681053477,0 -71.51519889964129,-16.29583764941902,0 -71.51467737478147,-16.29605530515007,0 -71.51420458815548,-16.29503121530342,0 
							</coordinates>
						</LinearRing>
					</outerBoundaryIs>
				</Polygon>
			</Placemark>
			<Placemark>
				<name>1.3.66F-19</name>
				<styleUrl>#msn_ylw-pushpin039</styleUrl>
				<Polygon>
					<tessellate>1</tessellate>
					<outerBoundaryIs>
						<LinearRing>
							<coordinates>
								-71.51147407092274,-16.29761992929684,0 -71.51192516703141,-16.29738442206206,0 -71.5124998231941,-16.29850341588668,0 -71.51200252482417,-16.29874345112529,0 -71.51147407092274,-16.29761992929684,0 
							</coordinates>
						</LinearRing>
					</outerBoundaryIs>
				</Polygon>
			</Placemark>
			<Placemark>
				<name>1.3.66F-20</name>
				<styleUrl>#msn_ylw-pushpin039</styleUrl>
				<Polygon>
					<tessellate>1</tessellate>
					<outerBoundaryIs>
						<LinearRing>
							<coordinates>
								-71.51203333891416,-16.29736271061567,0 -71.51246926134155,-16.29715978599023,0 -71.51299989564032,-16.2982484543789,0 -71.5125737210335,-16.29845090669321,0 -71.51203333891416,-16.29736271061567,0 
							</coordinates>
						</LinearRing>
					</outerBoundaryIs>
				</Polygon>
			</Placemark>
			<Placemark>
				<name>1.3.66F-21</name>
				<styleUrl>#msn_ylw-pushpin039</styleUrl>
				<Polygon>
					<tessellate>1</tessellate>
					<outerBoundaryIs>
						<LinearRing>
							<coordinates>
								-71.51370319227917,-16.29660190629411,0 -71.51413285375308,-16.29640335626074,0 -71.51460342868808,-16.29744272075889,0 -71.51420411438056,-16.29763617065479,0 -71.51370319227917,-16.29660190629411,0 
							</coordinates>
						</LinearRing>
					</outerBoundaryIs>
				</Polygon>
			</Placemark>
			<Placemark>
				<name>1.3.66F-22</name>
				<styleUrl>#msn_ylw-pushpin039</styleUrl>
				<Polygon>
					<tessellate>1</tessellate>
					<outerBoundaryIs>
						<LinearRing>
							<coordinates>
								-71.5141889784302,-16.29638059959998,0 -71.51464151743399,-16.29619763762155,0 -71.51512160617277,-16.29720607139728,0 -71.51468460467945,-16.29738493081101,0 -71.5141889784302,-16.29638059959998,0 
							</coordinates>
						</LinearRing>
					</outerBoundaryIs>
				</Polygon>
			</Placemark>
			<Placemark>
				<name>1.3.66F-24</name>
				<styleUrl>#msn_ylw-pushpin039</styleUrl>
				<Polygon>
					<tessellate>1</tessellate>
					<outerBoundaryIs>
						<LinearRing>
							<coordinates>
								-71.51203768646735,-16.29880559113992,0 -71.51253841721515,-16.2985746704753,0 -71.51304107819753,-16.29960797625449,0 -71.51254748062686,-16.29982209193765,0 -71.51203768646735,-16.29880559113992,0 
							</coordinates>
						</LinearRing>
					</outerBoundaryIs>
				</Polygon>
			</Placemark>
			<Placemark>
				<name>1.3.66F-25</name>
				<styleUrl>#msn_ylw-pushpin039</styleUrl>
				<Polygon>
					<tessellate>1</tessellate>
					<outerBoundaryIs>
						<LinearRing>
							<coordinates>
								-71.51260037612418,-16.29852638748106,0 -71.51305872019931,-16.29830945450672,0 -71.51354920866343,-16.29933575965318,0 -71.51309578644877,-16.29957994606963,0 -71.51260037612418,-16.29852638748106,0 
							</coordinates>
						</LinearRing>
					</outerBoundaryIs>
				</Polygon>
			</Placemark>
			<Placemark>
				<name>1.3.66F-27</name>
				<styleUrl>#msn_ylw-pushpin039</styleUrl>
				<Polygon>
					<tessellate>1</tessellate>
					<outerBoundaryIs>
						<LinearRing>
							<coordinates>
								-71.51461119256547,-16.29873329699138,0 -71.51411836925493,-16.29901186958229,0 -71.51367449569689,-16.29801112908233,0 -71.51411489337686,-16.29777673748259,0 -71.51461119256547,-16.29873329699138,0 
							</coordinates>
						</LinearRing>
					</outerBoundaryIs>
				</Polygon>
			</Placemark>
			<Placemark>
				<name>1.3.66F-29</name>
				<styleUrl>#msn_ylw-pushpin039</styleUrl>
				<Polygon>
					<tessellate>1</tessellate>
					<outerBoundaryIs>
						<LinearRing>
							<coordinates>
								-71.51472843057124,-16.29749828488494,0 -71.51517207659202,-16.29730119099935,0 -71.51565130563476,-16.29828153979913,0 -71.51521323341035,-16.29849033206354,0 -71.51472843057124,-16.29749828488494,0 
							</coordinates>
						</LinearRing>
					</outerBoundaryIs>
				</Polygon>
			</Placemark>
			<Placemark>
				<name>1.3.66F-30</name>
				<styleUrl>#msn_ylw-pushpin039</styleUrl>
				<Polygon>
					<tessellate>1</tessellate>
					<outerBoundaryIs>
						<LinearRing>
							<coordinates>
								-71.51525102695747,-16.29726804599323,0 -71.5157257955251,-16.29706209441666,0 -71.51621675448838,-16.29806399734707,0 -71.5157515582512,-16.29822861695856,0 -71.51525102695747,-16.29726804599323,0 
							</coordinates>
						</LinearRing>
					</outerBoundaryIs>
				</Polygon>
			</Placemark>
			<Placemark>
				<name>1.3.66F-31</name>
				<styleUrl>#msn_ylw-pushpin039</styleUrl>
				<Polygon>
					<tessellate>1</tessellate>
					<outerBoundaryIs>
						<LinearRing>
							<coordinates>
								-71.51514522374347,-16.29452257639466,0 -71.51491600828118,-16.29409249924323,0 -71.51486888454704,-16.29383337878263,0 -71.5153544472913,-16.29368917423553,0 -71.51546700106798,-16.29405746525187,0 -71.51556520900549,-16.29432410996454,0 -71.51514522374347,-16.29452257639466,0 
							</coordinates>
						</LinearRing>
					</outerBoundaryIs>
				</Polygon>
			</Placemark>
			<Placemark>
				<name>1.3.66F-33</name>
				<styleUrl>#msn_ylw-pushpin039</styleUrl>
				<Polygon>
					<tessellate>1</tessellate>
					<outerBoundaryIs>
						<LinearRing>
							<coordinates>
								-71.5157064738865,-16.29571384866566,0 -71.51616675498012,-16.29549898631561,0 -71.51628621751972,-16.29586638504263,0 -71.5164708104767,-16.29618101335145,0 -71.51654575808851,-16.2965732712012,0 -71.51659319205713,-16.2968944413933,0 -71.51668326704865,-16.2971942914156,0 -71.51671454907742,-16.29723891538792,0 -71.516506962544,-16.2973424569879,0 -71.5157064738865,-16.29571384866566,0 
							</coordinates>
						</LinearRing>
					</outerBoundaryIs>
				</Polygon>
			</Placemark>
			<Placemark>
				<name>1.3.66F-36</name>
				<styleUrl>#msn_ylw-pushpin039</styleUrl>
				<Polygon>
					<tessellate>1</tessellate>
					<outerBoundaryIs>
						<LinearRing>
							<coordinates>
								-71.51525858852793,-16.29859387053081,0 -71.51568945321686,-16.29837879527168,0 -71.51617904078395,-16.29938450192277,0 -71.51573358835634,-16.29956792471591,0 -71.51525858852793,-16.29859387053081,0 
							</coordinates>
						</LinearRing>
					</outerBoundaryIs>
				</Polygon>
			</Placemark>
			<Placemark>
				<name>1.3.66F-38</name>
				<styleUrl>#msn_ylw-pushpin039</styleUrl>
				<Polygon>
					<tessellate>1</tessellate>
					<outerBoundaryIs>
						<LinearRing>
							<coordinates>
								-71.51514841730703,-16.29983452821509,0 -71.51491352762048,-16.30001722074962,0 -71.51467842878682,-16.30016293154588,0 -71.51418445652001,-16.29913655270906,0 -71.51465523772539,-16.29890943768837,0 -71.51514841730703,-16.29983452821509,0 
							</coordinates>
						</LinearRing>
					</outerBoundaryIs>
				</Polygon>
			</Placemark>
			<Placemark>
				<name>1.3.66F-39</name>
				<styleUrl>#msn_ylw-pushpin039</styleUrl>
				<Polygon>
					<tessellate>1</tessellate>
					<outerBoundaryIs>
						<LinearRing>
							<coordinates>
								-71.51461510084357,-16.30018225689711,0 -71.51412517055043,-16.30034635268821,0 -71.51367420113873,-16.29940117872636,0 -71.5140863775558,-16.29917102190132,0 -71.51461510084357,-16.30018225689711,0 
							</coordinates>
						</LinearRing>
					</outerBoundaryIs>
				</Polygon>
			</Placemark>
			<Placemark>
				<name>1.3.66F-41</name>
				<styleUrl>#msn_ylw-pushpin039</styleUrl>
				<Polygon>
					<tessellate>1</tessellate>
					<outerBoundaryIs>
						<LinearRing>
							<coordinates>
								-71.5135316939152,-16.30065900560198,0 -71.51303800002583,-16.30090941926481,0 -71.51258264262717,-16.29989666029935,0 -71.51304608495954,-16.29965195329358,0 -71.5135316939152,-16.30065900560198,0 
							</coordinates>
						</LinearRing>
					</outerBoundaryIs>
				</Polygon>
			</Placemark>
			<Placemark>
				<name>1.3.66F-42</name>
				<styleUrl>#msn_ylw-pushpin039</styleUrl>
				<Polygon>
					<tessellate>1</tessellate>
					<outerBoundaryIs>
						<LinearRing>
							<coordinates>
								-71.51298270637882,-16.30094116891251,0 -71.512551323959,-16.30116254667956,0 -71.51250862660933,-16.30074908136431,0 -71.51256544194499,-16.30045566978248,0 -71.51264790034386,-16.30022251042385,0 -71.51298270637882,-16.30094116891251,0 
							</coordinates>
						</LinearRing>
					</outerBoundaryIs>
				</Polygon>
			</Placemark>
			<Placemark>
				<name>1.3.66F-43</name>
				<styleUrl>#msn_ylw-pushpin039</styleUrl>
				<Polygon>
					<tessellate>1</tessellate>
					<outerBoundaryIs>
						<LinearRing>
							<coordinates>
								-71.51357235255502,-16.30072251448268,0 -71.5141139945984,-16.30051858532614,0 -71.51429914638673,-16.30088037455189,0 -71.5133110090666,-16.30139379159798,0 -71.51311632930903,-16.30096543972177,0 -71.51357235255502,-16.30072251448268,0 
							</coordinates>
						</LinearRing>
					</outerBoundaryIs>
				</Polygon>
			</Placemark>
			<Placemark>
				<name>1.3.66F-44</name>
				<styleUrl>#msn_ylw-pushpin039</styleUrl>
				<Polygon>
					<tessellate>1</tessellate>
					<outerBoundaryIs>
						<LinearRing>
							<coordinates>
								-71.51437437027052,-16.30085424862114,0 -71.51418404004629,-16.30049189434808,0 -71.51467884252719,-16.30027134641727,0 -71.51485607874903,-16.30062813511832,0 -71.51437437027052,-16.30085424862114,0 
							</coordinates>
						</LinearRing>
					</outerBoundaryIs>
				</Polygon>
			</Placemark>
			<Placemark>
				<name>1.3.66F-45</name>
				<styleUrl>#msn_ylw-pushpin039</styleUrl>
				<Polygon>
					<tessellate>1</tessellate>
					<outerBoundaryIs>
						<LinearRing>
							<coordinates>
								-71.51516733360801,-16.29993756325358,0 -71.51540545824304,-16.30035817247217,0 -71.51491208392878,-16.30057069533527,0 -71.51474179109971,-16.30024117281587,0 -71.51516733360801,-16.29993756325358,0 
							</coordinates>
						</LinearRing>
					</outerBoundaryIs>
				</Polygon>
			</Placemark>
			<Placemark>
				<name>1.3.66F-46</name>
				<styleUrl>#msn_ylw-pushpin039</styleUrl>
				<Polygon>
					<tessellate>1</tessellate>
					<outerBoundaryIs>
						<LinearRing>
							<coordinates>
								-71.51571604691698,-16.29971315349539,0 -71.51590663684522,-16.30013020352935,0 -71.51547173163782,-16.30031026336862,0 -71.51526271863952,-16.29989182128686,0 -71.51571604691698,-16.29971315349539,0 
							</coordinates>
						</LinearRing>
					</outerBoundaryIs>
				</Polygon>
			</Placemark>
			<Placemark>
				<name>1.3.66F-47</name>
				<styleUrl>#msn_ylw-pushpin039</styleUrl>
				<Polygon>
					<tessellate>1</tessellate>
					<outerBoundaryIs>
						<LinearRing>
							<coordinates>
								-71.5162431034808,-16.29947873912337,0 -71.51642393132774,-16.29982725685647,0 -71.51611806255895,-16.29997724929657,0 -71.51597130582893,-16.30006467879336,0 -71.5158020015444,-16.29966729451189,0 -71.5162431034808,-16.29947873912337,0 
							</coordinates>
						</LinearRing>
					</outerBoundaryIs>
				</Polygon>
			</Placemark>
			<Placemark>
				<name>1.3.66F-48</name>
				<styleUrl>#msn_ylw-pushpin039</styleUrl>
				<Polygon>
					<tessellate>1</tessellate>
					<outerBoundaryIs>
						<LinearRing>
							<coordinates>
								-71.51680206721073,-16.29921463961525,0 -71.51695828585424,-16.29949106767585,0 -71.51651116543087,-16.29976734276736,0 -71.51634026119775,-16.29944495241852,0 -71.51680206721073,-16.29921463961525,0 
							</coordinates>
						</LinearRing>
					</outerBoundaryIs>
				</Polygon>
			</Placemark>
			<Placemark>
				<name>1.3.66M-1</name>
				<styleUrl>#msn_ylw-pushpin039</styleUrl>
				<Polygon>
					<tessellate>1</tessellate>
					<outerBoundaryIs>
						<LinearRing>
							<coordinates>
								-71.51404568750738,-16.28907111627821,0 -71.51402958907957,-16.28986547881551,0 -71.51365049432059,-16.2898961975481,0 -71.51361854502476,-16.2890454590094,0 -71.51404568750738,-16.28907111627821,0 
							</coordinates>
						</LinearRing>
					</outerBoundaryIs>
				</Polygon>
			</Placemark>
			<Placemark>
				<name>1.3.66M-2</name>
				<styleUrl>#msn_ylw-pushpin039</styleUrl>
				<Polygon>
					<tessellate>1</tessellate>
					<outerBoundaryIs>
						<LinearRing>
							<coordinates>
								-71.51454225973036,-16.28895840277786,0 -71.51455818919426,-16.28983989538526,0 -71.51412035761381,-16.28987061091929,0 -71.51409374237532,-16.28906086996434,0 -71.51454225973036,-16.28895840277786,0 
							</coordinates>
						</LinearRing>
					</outerBoundaryIs>
				</Polygon>
			</Placemark>
			<Placemark>
				<name>1.3.66M-3</name>
				<styleUrl>#msn_ylw-pushpin039</styleUrl>
				<Polygon>
					<tessellate>1</tessellate>
					<outerBoundaryIs>
						<LinearRing>
							<coordinates>
								-71.51400288337959,-16.28995772506355,0 -71.51404551353825,-16.29085458603714,0 -71.51364506012435,-16.29088017571153,0 -71.51363980806536,-16.2899730701029,0 -71.51400288337959,-16.28995772506355,0 
							</coordinates>
						</LinearRing>
					</outerBoundaryIs>
				</Polygon>
			</Placemark>
			<Placemark>
				<name>1.3.66M-4</name>
				<styleUrl>#msn_ylw-pushpin039</styleUrl>
				<Polygon>
					<tessellate>1</tessellate>
					<outerBoundaryIs>
						<LinearRing>
							<coordinates>
								-71.51413490935549,-16.2899499892861,0 -71.51455965514212,-16.28992085687697,0 -71.51459269877364,-16.29085939752327,0 -71.51411675726042,-16.29086496296976,0 -71.51413490935549,-16.2899499892861,0 
							</coordinates>
						</LinearRing>
					</outerBoundaryIs>
				</Polygon>
			</Placemark>
			<Placemark>
				<name>1.3.66M-5</name>
				<styleUrl>#msn_ylw-pushpin039</styleUrl>
				<Polygon>
					<tessellate>1</tessellate>
					<outerBoundaryIs>
						<LinearRing>
							<coordinates>
								-71.51405618965664,-16.29191857111217,0 -71.51360669997823,-16.29191183833645,0 -71.51363105981781,-16.29096235600273,0 -71.51403419718538,-16.29095652823905,0 -71.51405618965664,-16.29191857111217,0 
							</coordinates>
						</LinearRing>
					</outerBoundaryIs>
				</Polygon>
			</Placemark>
			<Placemark>
				<name>1.3.66M-6</name>
				<styleUrl>#msn_ylw-pushpin039</styleUrl>
				<Polygon>
					<tessellate>1</tessellate>
					<outerBoundaryIs>
						<LinearRing>
							<coordinates>
								-71.51452068630594,-16.29094686636726,0 -71.51455263406798,-16.29187959915727,0 -71.51414684572168,-16.29189494068514,0 -71.51415227497309,-16.29095196243874,0 -71.51452068630594,-16.29094686636726,0 
							</coordinates>
						</LinearRing>
					</outerBoundaryIs>
				</Polygon>
			</Placemark>
			<Placemark>
				<name>1.3.66M-7</name>
				<styleUrl>#msn_ylw-pushpin039</styleUrl>
				<Polygon>
					<tessellate>1</tessellate>
					<outerBoundaryIs>
						<LinearRing>
							<coordinates>
								-71.51460540796108,-16.29093854577731,0 -71.51502136668759,-16.29093405332605,0 -71.51503404103512,-16.29188761814165,0 -71.51461528291512,-16.29191040710233,0 -71.51460540796108,-16.29093854577731,0 
							</coordinates>
						</LinearRing>
					</outerBoundaryIs>
				</Polygon>
			</Placemark>
			<Placemark>
				<name>1.3.66M-8</name>
				<styleUrl>#msn_ylw-pushpin039</styleUrl>
				<Polygon>
					<tessellate>1</tessellate>
					<outerBoundaryIs>
						<LinearRing>
							<coordinates>
								-71.5150927436308,-16.29092654110632,0 -71.51546996174588,-16.29092237799401,0 -71.51549788985095,-16.29186750288622,0 -71.51508588526009,-16.29189095291965,0 -71.5150927436308,-16.29092654110632,0 
							</coordinates>
						</LinearRing>
					</outerBoundaryIs>
				</Polygon>
			</Placemark>
			<Placemark>
				<name>1.3.66M-9</name>
				<styleUrl>#msn_ylw-pushpin039</styleUrl>
				<Polygon>
					<tessellate>1</tessellate>
					<outerBoundaryIs>
						<LinearRing>
							<coordinates>
								-71.51509869628123,-16.29197632347716,0 -71.51551298878721,-16.29197113522607,0 -71.51553163708473,-16.29287184982485,0 -71.5151346490225,-16.29287790042497,0 -71.51509869628123,-16.29197632347716,0 
							</coordinates>
						</LinearRing>
					</outerBoundaryIs>
				</Polygon>
			</Placemark>
			<Placemark>
				<name>1.3.66M-10</name>
				<styleUrl>#msn_ylw-pushpin039</styleUrl>
				<Polygon>
					<tessellate>1</tessellate>
					<outerBoundaryIs>
						<LinearRing>
							<coordinates>
								-71.51461211010127,-16.29197968171999,0 -71.51504218708673,-16.29198986096765,0 -71.51503651778074,-16.29288310978491,0 -71.51468391498592,-16.29290399261761,0 -71.51461211010127,-16.29197968171999,0 
							</coordinates>
						</LinearRing>
					</outerBoundaryIs>
				</Polygon>
			</Placemark>
			<Placemark>
				<name>1.3.66M-11</name>
				<styleUrl>#msn_ylw-pushpin039</styleUrl>
				<Polygon>
					<tessellate>1</tessellate>
					<outerBoundaryIs>
						<LinearRing>
							<coordinates>
								-71.51456330653728,-16.29198209091606,0 -71.51462195600187,-16.29286357746331,0 -71.51420014910401,-16.29286354337243,0 -71.51414150190509,-16.29197180821171,0 -71.51456330653728,-16.29198209091606,0 
							</coordinates>
						</LinearRing>
					</outerBoundaryIs>
				</Polygon>
			</Placemark>
			<Placemark>
				<name>1.3.66M-12</name>
				<styleUrl>#msn_ylw-pushpin039</styleUrl>
				<Polygon>
					<tessellate>1</tessellate>
					<outerBoundaryIs>
						<LinearRing>
							<coordinates>
								-71.51556702074409,-16.2929200237641,0 -71.51559365860508,-16.29360676223941,0 -71.51517717676811,-16.29368872741275,0 -71.51513452749236,-16.29294049075027,0 -71.51556702074409,-16.2929200237641,0 
							</coordinates>
						</LinearRing>
					</outerBoundaryIs>
				</Polygon>
			</Placemark>
			<Placemark>
				<name>1.3.66M-13</name>
				<styleUrl>#msn_ylw-pushpin039</styleUrl>
				<Polygon>
					<tessellate>1</tessellate>
					<outerBoundaryIs>
						<LinearRing>
							<coordinates>
								-71.51465601339387,-16.29299158810625,0 -71.51505465069056,-16.29292847267133,0 -71.51509067661632,-16.29373584561329,0 -71.51468635885567,-16.2937770864138,0 -71.51465601339387,-16.29299158810625,0 
							</coordinates>
						</LinearRing>
					</outerBoundaryIs>
				</Polygon>
			</Placemark>
			<Placemark>
				<name>1.3.66M-14</name>
				<styleUrl>#msn_ylw-pushpin039</styleUrl>
				<Polygon>
					<tessellate>1</tessellate>
					<outerBoundaryIs>
						<LinearRing>
							<coordinates>
								-71.51404944095549,-16.29298760958944,0 -71.51415466621755,-16.29382383277858,0 -71.51375252778662,-16.29384161275386,0 -71.51366666681369,-16.29300540648849,0 -71.51404944095549,-16.29298760958944,0 
							</coordinates>
						</LinearRing>
					</outerBoundaryIs>
				</Polygon>
			</Placemark>
			<Placemark>
				<name>1.3.66M-15</name>
				<styleUrl>#msn_ylw-pushpin039</styleUrl>
				<Polygon>
					<tessellate>1</tessellate>
					<outerBoundaryIs>
						<LinearRing>
							<coordinates>
								-71.51317890699862,-16.2929979999213,0 -71.51358822686298,-16.2929933163343,0 -71.51358462906836,-16.29385757934354,0 -71.51320493297432,-16.29392582460647,0 -71.51317890699862,-16.2929979999213,0 
							</coordinates>
						</LinearRing>
					</outerBoundaryIs>
				</Polygon>
			</Placemark>
			<Placemark>
				<name>1.3.66M-16</name>
				<styleUrl>#msn_ylw-pushpin039</styleUrl>
				<Polygon>
					<tessellate>1</tessellate>
					<outerBoundaryIs>
						<LinearRing>
							<coordinates>
								-71.51311623494,-16.29301719811415,0 -71.51315352738654,-16.29388330533867,0 -71.51265162722599,-16.29388838358486,0 -71.51268374801018,-16.29302740911941,0 -71.51311623494,-16.29301719811415,0 
							</coordinates>
						</LinearRing>
					</outerBoundaryIs>
				</Polygon>
			</Placemark>
			<Placemark>
				<name>1.3.66M-17</name>
				<styleUrl>#msn_ylw-pushpin039</styleUrl>
				<Polygon>
					<tessellate>1</tessellate>
					<outerBoundaryIs>
						<LinearRing>
							<coordinates>
								-71.51260061344234,-16.29302565506646,0 -71.51257492802004,-16.29391108312891,0 -71.51227012077449,-16.29388326430409,0 -71.51219559274459,-16.29301766433333,0 -71.51260061344234,-16.29302565506646,0 
							</coordinates>
						</LinearRing>
					</outerBoundaryIs>
				</Polygon>
			</Placemark>
			<Placemark>
				<name>1.3.66M-18</name>
				<styleUrl>#msn_ylw-pushpin039</styleUrl>
				<Polygon>
					<tessellate>1</tessellate>
					<outerBoundaryIs>
						<LinearRing>
							<coordinates>
								-71.51170665531163,-16.29303756793567,0 -71.51175462318528,-16.29386267394457,0 -71.51137019264981,-16.29386776149818,0 -71.51131154576561,-16.29306315396497,0 -71.51170665531163,-16.29303756793567,0 
							</coordinates>
						</LinearRing>
					</outerBoundaryIs>
				</Polygon>
			</Placemark>
			<Placemark>
				<name>1.3.66M-19</name>
				<styleUrl>#msn_ylw-pushpin039</styleUrl>
				<Polygon>
					<tessellate>1</tessellate>
					<outerBoundaryIs>
						<LinearRing>
							<coordinates>
								-71.51122611836176,-16.29305289588448,0 -71.51124204989776,-16.29386262410663,0 -71.51088431477858,-16.29387796335258,0 -71.51083635020836,-16.29305798200388,0 -71.51122611836176,-16.29305289588448,0 
							</coordinates>
						</LinearRing>
					</outerBoundaryIs>
				</Polygon>
			</Placemark>
			<Placemark>
				<name>1.3.66M-20</name>
				<styleUrl>#msn_ylw-pushpin039</styleUrl>
				<Polygon>
					<tessellate>1</tessellate>
					<outerBoundaryIs>
						<LinearRing>
							<coordinates>
								-71.51078829775882,-16.29304772746818,0 -71.51080956503813,-16.29387283106749,0 -71.51045716924752,-16.29388304543625,0 -71.5104252277763,-16.29303231598901,0 -71.51078829775882,-16.29304772746818,0 
							</coordinates>
						</LinearRing>
					</outerBoundaryIs>
				</Polygon>
			</Placemark>
			<Placemark>
				<name>1.3.66M-21</name>
				<styleUrl>#msn_ylw-pushpin039</styleUrl>
				<Polygon>
					<tessellate>1</tessellate>
					<outerBoundaryIs>
						<LinearRing>
							<coordinates>
								-71.51075102902499,-16.29206374944855,0 -71.51077762808313,-16.29296572870359,0 -71.51043057385058,-16.29297081826359,0 -71.51040397681251,-16.29205858861189,0 -71.51075102902499,-16.29206374944855,0 
							</coordinates>
						</LinearRing>
					</outerBoundaryIs>
				</Polygon>
			</Placemark>
			<Placemark>
				<name>1.3.66M-22</name>
				<styleUrl>#msn_ylw-pushpin039</styleUrl>
				<Polygon>
					<tessellate>1</tessellate>
					<outerBoundaryIs>
						<LinearRing>
							<coordinates>
								-71.51080794586761,-16.2920624878364,0 -71.51124164395976,-16.29203463423784,0 -71.51124229736789,-16.29296220334661,0 -71.51083373790685,-16.2929654418926,0 -71.51080794586761,-16.2920624878364,0 
							</coordinates>
						</LinearRing>
					</outerBoundaryIs>
				</Polygon>
			</Placemark>
			<Placemark>
				<name>1.3.66M-23</name>
				<styleUrl>#msn_ylw-pushpin039</styleUrl>
				<Polygon>
					<tessellate>1</tessellate>
					<outerBoundaryIs>
						<LinearRing>
							<coordinates>
								-71.5117087295867,-16.29204385522365,0 -71.511723977602,-16.29292890379747,0 -71.51131363126107,-16.29297784201702,0 -71.51130122318773,-16.29203215462762,0 -71.5117087295867,-16.29204385522365,0 
							</coordinates>
						</LinearRing>
					</outerBoundaryIs>
				</Polygon>
			</Placemark>
			<Placemark>
				<name>1.3.66M-24</name>
				<styleUrl>#msn_ylw-pushpin039</styleUrl>
				<Polygon>
					<tessellate>1</tessellate>
					<outerBoundaryIs>
						<LinearRing>
							<coordinates>
								-71.51217661619326,-16.29203826296686,0 -71.51217652694551,-16.2928992410102,0 -71.51180277464258,-16.29291970526782,0 -71.51176015451725,-16.29202284975486,0 -71.51217661619326,-16.29203826296686,0 
							</coordinates>
						</LinearRing>
					</outerBoundaryIs>
				</Polygon>
			</Placemark>
			<Placemark>
				<name>1.3.66M-25</name>
				<styleUrl>#msn_ylw-pushpin039</styleUrl>
				<Polygon>
					<tessellate>1</tessellate>
					<outerBoundaryIs>
						<LinearRing>
							<coordinates>
								-71.51264784843627,-16.29201943564182,0 -71.51308998196913,-16.2919929406735,0 -71.51311397840061,-16.29294237283554,0 -71.51271264507268,-16.29293696041729,0 -71.51264784843627,-16.29201943564182,0 
							</coordinates>
						</LinearRing>
					</outerBoundaryIs>
				</Polygon>
			</Placemark>
			<Placemark>
				<name>1.3.66M-26</name>
				<styleUrl>#msn_ylw-pushpin039</styleUrl>
				<Polygon>
					<tessellate>1</tessellate>
					<outerBoundaryIs>
						<LinearRing>
							<coordinates>
								-71.51351755586867,-16.29198522599584,0 -71.51354113783336,-16.29292762059074,0 -71.51319282400858,-16.29293102989845,0 -71.5131498861269,-16.29198952085679,0 -71.51351755586867,-16.29198522599584,0 
							</coordinates>
						</LinearRing>
					</outerBoundaryIs>
				</Polygon>
			</Placemark>
			<Placemark>
				<name>1.3.66M-27</name>
				<styleUrl>#msn_ylw-pushpin039</styleUrl>
				<Polygon>
					<tessellate>1</tessellate>
					<outerBoundaryIs>
						<LinearRing>
							<coordinates>
								-71.51072981427083,-16.29101827318793,0 -71.51075106722625,-16.29198687538481,0 -71.51036663780283,-16.29200221072853,0 -71.51028665630116,-16.29101310184776,0 -71.51072981427083,-16.29101827318793,0 
							</coordinates>
						</LinearRing>
					</outerBoundaryIs>
				</Polygon>
			</Placemark>
			<Placemark>
				<name>1.3.66M-28</name>
				<styleUrl>#msn_ylw-pushpin039</styleUrl>
				<Polygon>
					<tessellate>1</tessellate>
					<outerBoundaryIs>
						<LinearRing>
							<coordinates>
								-71.51120500530891,-16.29103369597608,0 -71.51124228290034,-16.29195105039813,0 -71.51083115786871,-16.29197150888528,0 -71.51082058256355,-16.29100803270092,0 -71.51120500530891,-16.29103369597608,0 
							</coordinates>
						</LinearRing>
					</outerBoundaryIs>
				</Polygon>
			</Placemark>
			<Placemark>
				<name>1.3.66M-29</name>
				<styleUrl>#msn_ylw-pushpin039</styleUrl>
				<Polygon>
					<tessellate>1</tessellate>
					<outerBoundaryIs>
						<LinearRing>
							<coordinates>
								-71.51172291172441,-16.29102862168054,0 -71.51172815425954,-16.29195622244348,0 -71.5112956754476,-16.29195105564738,0 -71.51128509226386,-16.29104907860827,0 -71.51172291172441,-16.29102862168054,0 
							</coordinates>
						</LinearRing>
					</outerBoundaryIs>
				</Polygon>
			</Placemark>
			<Placemark>
				<name>1.3.66M-30</name>
				<styleUrl>#msn_ylw-pushpin039</styleUrl>
				<Polygon>
					<tessellate>1</tessellate>
					<outerBoundaryIs>
						<LinearRing>
							<coordinates>
								-71.51215538990395,-16.29102866237273,0 -71.51214995681214,-16.29194088782733,0 -71.51177620965461,-16.29193572763774,0 -71.51177630568404,-16.29101325217291,0 -71.51215538990395,-16.29102866237273,0 
							</coordinates>
						</LinearRing>
					</outerBoundaryIs>
				</Polygon>
			</Placemark>
			<Placemark>
				<name>1.3.66M-31</name>
				<styleUrl>#msn_ylw-pushpin039</styleUrl>
				<Polygon>
					<tessellate>1</tessellate>
					<outerBoundaryIs>
						<LinearRing>
							<coordinates>
								-71.51264660156464,-16.29101845714187,0 -71.51264116984106,-16.29193068342265,0 -71.51223538437664,-16.29194602066342,0 -71.51221946239285,-16.29101329366933,0 -71.51264660156464,-16.29101845714187,0 
							</coordinates>
						</LinearRing>
					</outerBoundaryIs>
				</Polygon>
			</Placemark>
			<Placemark>
				<name>1.3.66M-32</name>
				<styleUrl>#msn_ylw-pushpin039</styleUrl>
				<Polygon>
					<tessellate>1</tessellate>
					<outerBoundaryIs>
						<LinearRing>
							<coordinates>
								-71.51073526175794,-16.29002405116772,0 -71.51071380834775,-16.29091064892852,0 -71.510313364829,-16.29092085807942,0 -71.51028143161358,-16.28999838015904,0 -71.51073526175794,-16.29002405116772,0 
							</coordinates>
						</LinearRing>
					</outerBoundaryIs>
				</Polygon>
			</Placemark>
			<Placemark>
				<name>1.3.66M-33</name>
				<styleUrl>#msn_ylw-pushpin039</styleUrl>
				<Polygon>
					<tessellate>1</tessellate>
					<outerBoundaryIs>
						<LinearRing>
							<coordinates>
								-71.51122112809566,-16.29003434938148,0 -71.5112050164082,-16.29091582259022,0 -71.51077253928133,-16.29091577966213,0 -71.51080467364031,-16.29000355871171,0 -71.51122112809566,-16.29003434938148,0 
							</coordinates>
						</LinearRing>
					</outerBoundaryIs>
				</Polygon>
			</Placemark>
			<Placemark>
				<name>1.3.66M-34</name>
				<styleUrl>#msn_ylw-pushpin039</styleUrl>
				<Polygon>
					<tessellate>1</tessellate>
					<outerBoundaryIs>
						<LinearRing>
							<coordinates>
								-71.51164292395983,-16.29004463999624,0 -71.51165885358809,-16.29088511767726,0 -71.51129578318616,-16.29091583149898,0 -71.51127986149092,-16.29001385574741,0 -71.51164292395983,-16.29004463999624,0 
							</coordinates>
						</LinearRing>
					</outerBoundaryIs>
				</Polygon>
			</Placemark>
			<Placemark>
				<name>1.3.66M-35</name>
				<styleUrl>#msn_ylw-pushpin039</styleUrl>
				<Polygon>
					<tessellate>1</tessellate>
					<outerBoundaryIs>
						<LinearRing>
							<coordinates>
								-71.51209675886743,-16.29002418336568,0 -71.51212336391177,-16.29091078626673,0 -71.5117442806493,-16.2908902507378,0 -71.51171233523708,-16.29002927207164,0 -71.51209675886743,-16.29002418336568,0 
							</coordinates>
						</LinearRing>
					</outerBoundaryIs>
				</Polygon>
			</Placemark>
			<Placemark>
				<name>1.3.66M-36</name>
				<styleUrl>#msn_ylw-pushpin039</styleUrl>
				<Polygon>
					<tessellate>1</tessellate>
					<outerBoundaryIs>
						<LinearRing>
							<coordinates>
								-71.51259864742889,-16.29000885449968,0 -71.51265195545012,-16.29084933722915,0 -71.51221947277865,-16.29088517103482,0 -71.51218752763027,-16.29000369227013,0 -71.51259864742889,-16.29000885449968,0 
							</coordinates>
						</LinearRing>
					</outerBoundaryIs>
				</Polygon>
			</Placemark>
			<Placemark>
				<name>1.3.66M-37</name>
				<styleUrl>#msn_ylw-pushpin039</styleUrl>
				<Polygon>
					<tessellate>1</tessellate>
					<outerBoundaryIs>
						<LinearRing>
							<coordinates>
								-71.51072469038832,-16.28902982304017,0 -71.51072459111147,-16.2899523020078,0 -71.51030813221509,-16.28995738401967,0 -71.51026017995153,-16.28902977443967,0 -71.51072469038832,-16.28902982304017,0 
							</coordinates>
						</LinearRing>
					</outerBoundaryIs>
				</Polygon>
			</Placemark>
			<Placemark>
				<name>1.3.66M-38</name>
				<styleUrl>#msn_ylw-pushpin039</styleUrl>
				<Polygon>
					<tessellate>1</tessellate>
					<outerBoundaryIs>
						<LinearRing>
							<coordinates>
								-71.51123725111094,-16.28904524927841,0 -71.51124249363845,-16.28995235372658,0 -71.51081535979588,-16.28993181171148,0 -71.51079409826677,-16.28904520490419,0 -71.51123725111094,-16.28904524927841,0 
							</coordinates>
						</LinearRing>
					</outerBoundaryIs>
				</Polygon>
			</Placemark>
			<Placemark>
				<name>1.3.66M-39</name>
				<styleUrl>#msn_ylw-pushpin039</styleUrl>
				<Polygon>
					<tessellate>1</tessellate>
					<outerBoundaryIs>
						<LinearRing>
							<coordinates>
								-71.51162701310398,-16.28903503713028,0 -71.51164827288771,-16.28995239303837,0 -71.51130656730497,-16.2899216108185,0 -71.51129598329028,-16.28903500524511,0 -71.51162701310398,-16.28903503713028,0 
							</coordinates>
						</LinearRing>
					</outerBoundaryIs>
				</Polygon>
			</Placemark>
			<Placemark>
				<name>1.3.66M-40</name>
				<styleUrl>#msn_ylw-pushpin039</styleUrl>
				<Polygon>
					<tessellate>1</tessellate>
					<outerBoundaryIs>
						<LinearRing>
							<coordinates>
								-71.51208618510513,-16.28902483000682,0 -71.51211278766488,-16.28991656266566,0 -71.51172836147968,-16.28994727581872,0 -71.51168574313519,-16.28904529247995,0 -71.51208618510513,-16.28902483000682,0 
							</coordinates>
						</LinearRing>
					</outerBoundaryIs>
				</Polygon>
			</Placemark>
			<Placemark>
				<name>1.3.66M-41</name>
				<styleUrl>#msn_ylw-pushpin039</styleUrl>
				<Polygon>
					<tessellate>1</tessellate>
					<outerBoundaryIs>
						<LinearRing>
							<coordinates>
								-71.51258273553405,-16.28898899968847,0 -71.51258264225905,-16.28988585614902,0 -71.51220355428543,-16.28991657103452,0 -71.51216093502934,-16.28901458698058,0 -71.51258273553405,-16.28898899968847,0 
							</coordinates>
						</LinearRing>
					</outerBoundaryIs>
				</Polygon>
			</Placemark>
			<Placemark>
				<name>1.3.66H-1</name>
				<styleUrl>#msn_ylw-pushpin039</styleUrl>
				<Polygon>
					<tessellate>1</tessellate>
					<outerBoundaryIs>
						<LinearRing>
							<coordinates>
								-71.5171308003011,-16.29999230606727,0 -71.51741218194731,-16.29961074797359,0 -71.51783178207263,-16.30031121248423,0 -71.51713266833573,-16.30069151262089,0 -71.5171308003011,-16.29999230606727,0 
							</coordinates>
						</LinearRing>
					</outerBoundaryIs>
				</Polygon>
			</Placemark>
			<Placemark>
				<name>1.3.66H-2</name>
				<styleUrl>#msn_ylw-pushpin039</styleUrl>
				<Polygon>
					<tessellate>1</tessellate>
					<outerBoundaryIs>
						<LinearRing>
							<coordinates>
								-71.51749276528005,-16.30174418707866,0 -71.51708899944332,-16.30082212090156,0 -71.51735481266104,-16.30067441254162,0 -71.51780828330382,-16.30159012143049,0 -71.51749276528005,-16.30174418707866,0 
							</coordinates>
						</LinearRing>
					</outerBoundaryIs>
				</Polygon>
			</Placemark>
			<Placemark>
				<name>1.3.66H-3</name>
				<styleUrl>#msn_ylw-pushpin039</styleUrl>
				<Polygon>
					<tessellate>1</tessellate>
					<outerBoundaryIs>
						<LinearRing>
							<coordinates>
								-71.51863818508585,-16.30128343942414,0 -71.51791037497235,-16.30042560128201,0 -71.51817017754999,-16.30029113170588,0 -71.51890342717788,-16.30116218784321,0 -71.51863818508585,-16.30128343942414,0 
							</coordinates>
						</LinearRing>
					</outerBoundaryIs>
				</Polygon>
			</Placemark>
			<Placemark>
				<name>1.3.66H-5</name>
				<styleUrl>#msn_ylw-pushpin039</styleUrl>
				<Polygon>
					<tessellate>1</tessellate>
					<outerBoundaryIs>
						<LinearRing>
							<coordinates>
								-71.51920717412222,-16.30248286109905,0 -71.51882491602873,-16.30265095969175,0 -71.51826648939894,-16.30150046227029,0 -71.51861199384238,-16.30135919937295,0 -71.51920717412222,-16.30248286109905,0 
							</coordinates>
						</LinearRing>
					</outerBoundaryIs>
				</Polygon>
			</Placemark>
			<Placemark>
				<name>1.3.66H-6</name>
				<styleUrl>#msn_ylw-pushpin039</styleUrl>
				<Polygon>
					<tessellate>1</tessellate>
					<outerBoundaryIs>
						<LinearRing>
							<coordinates>
								-71.51876113210638,-16.30265856465968,0 -71.51838917354826,-16.30281861166516,0 -71.51809857616611,-16.30219575757382,0 -71.51792345177061,-16.30185771980049,0 -71.51783124497828,-16.30165586155584,0 -71.51819979862917,-16.30152586193489,0 -71.51876113210638,-16.30265856465968,0 
							</coordinates>
						</LinearRing>
					</outerBoundaryIs>
				</Polygon>
			</Placemark>
			<Placemark>
				<name>1.3.66H-7</name>
				<styleUrl>#msn_ylw-pushpin039</styleUrl>
				<Polygon>
					<tessellate>1</tessellate>
					<outerBoundaryIs>
						<LinearRing>
							<coordinates>
								-71.51834614645378,-16.30282980741521,0 -71.51792061682924,-16.30300002300289,0 -71.51778758448283,-16.30264825558414,0 -71.51768913005685,-16.30233049482843,0 -71.51753284359866,-16.30177985863047,0 -71.51778444208874,-16.30167833404915,0 -71.51834614645378,-16.30282980741521,0 
							</coordinates>
						</LinearRing>
					</outerBoundaryIs>
				</Polygon>
			</Placemark>
			<Placemark>
				<name>1.3.66H-9</name>
				<styleUrl>#msn_ylw-pushpin039</styleUrl>
				<Polygon>
					<tessellate>1</tessellate>
					<outerBoundaryIs>
						<LinearRing>
							<coordinates>
								-71.51878130059566,-16.30272214031207,0 -71.51894337492588,-16.30304969012417,0 -71.51813798385845,-16.30339529664832,0 -71.51795036532532,-16.30305639384256,0 -71.51878130059566,-16.30272214031207,0 
							</coordinates>
						</LinearRing>
					</outerBoundaryIs>
				</Polygon>
			</Placemark>
			<Placemark>
				<name>1.3.66H-11</name>
				<styleUrl>#msn_ylw-pushpin039</styleUrl>
				<Polygon>
					<tessellate>1</tessellate>
					<outerBoundaryIs>
						<LinearRing>
							<coordinates>
								-71.51973226878793,-16.30286772242596,0 -71.51979410426625,-16.30320759371879,0 -71.51934255496458,-16.30342834140829,0 -71.51902398955767,-16.30313086392303,0 -71.51973226878793,-16.30286772242596,0 
							</coordinates>
						</LinearRing>
					</outerBoundaryIs>
				</Polygon>
			</Placemark>
			<Placemark>
				<name>1.3.66H-12</name>
				<styleUrl>#msn_ylw-pushpin039</styleUrl>
				<Polygon>
					<tessellate>1</tessellate>
					<outerBoundaryIs>
						<LinearRing>
							<coordinates>
								-71.5199079711176,-16.30368656069775,0 -71.51961775834019,-16.30377929205224,0 -71.5193709814711,-16.30345427734505,0 -71.51982159154261,-16.30326632492121,0 -71.5199079711176,-16.30368656069775,0 
							</coordinates>
						</LinearRing>
					</outerBoundaryIs>
				</Polygon>
			</Placemark>
			<Placemark>
				<name>1.3.66H-13</name>
				<styleUrl>#msn_ylw-pushpin039</styleUrl>
				<Polygon>
					<tessellate>1</tessellate>
					<outerBoundaryIs>
						<LinearRing>
							<coordinates>
								-71.51952401545873,-16.30381569042912,0 -71.51855656866516,-16.30421499120742,0 -71.51834956270712,-16.30386011670419,0 -71.51926473519269,-16.30347924105546,0 -71.51952401545873,-16.30381569042912,0 
							</coordinates>
						</LinearRing>
					</outerBoundaryIs>
				</Polygon>
			</Placemark>
			<Placemark>
				<name>1.3.66H-14</name>
				<styleUrl>#msn_ylw-pushpin039</styleUrl>
				<Polygon>
					<tessellate>1</tessellate>
					<outerBoundaryIs>
						<LinearRing>
							<coordinates>
								-71.51856242581471,-16.30426111449589,0 -71.51954938006787,-16.30385229443478,0 -71.51979889590102,-16.30419256168328,0 -71.51877756219699,-16.3046128104903,0 -71.51856242581471,-16.30426111449589,0 
							</coordinates>
						</LinearRing>
					</outerBoundaryIs>
				</Polygon>
			</Placemark>
			<Placemark>
				<name>1.3.66H-15</name>
				<styleUrl>#msn_ylw-pushpin039</styleUrl>
				<Polygon>
					<tessellate>1</tessellate>
					<outerBoundaryIs>
						<LinearRing>
							<coordinates>
								-71.51995623391426,-16.30394309825904,0 -71.51990523428647,-16.3041776128687,0 -71.51963809864912,-16.30383793256321,0 -71.51991558350765,-16.30374763966847,0 -71.51995623391426,-16.30394309825904,0 
							</coordinates>
						</LinearRing>
					</outerBoundaryIs>
				</Polygon>
			</Placemark>
			<Placemark>
				<name>1.3.66H-16</name>
				<styleUrl>#msn_ylw-pushpin039</styleUrl>
				<Polygon>
					<tessellate>1</tessellate>
					<outerBoundaryIs>
						<LinearRing>
							<coordinates>
								-71.51955157539201,-16.30436534784347,0 -71.51982801838226,-16.3042499765448,0 -71.51989628284034,-16.30443145873061,0 -71.51995964371994,-16.3047445977945,0 -71.52003697514013,-16.30497925544569,0 -71.5200989109089,-16.30517315363195,0 -71.5200787662353,-16.3052555204122,0 -71.52001979080845,-16.30537103327139,0 -71.5198998562927,-16.30539866602651,0 -71.51955157539201,-16.30436534784347,0 
							</coordinates>
						</LinearRing>
					</outerBoundaryIs>
				</Polygon>
			</Placemark>
			<Placemark>
				<name>1.3.66H-17</name>
				<styleUrl>#msn_ylw-pushpin039</styleUrl>
				<Polygon>
					<tessellate>1</tessellate>
					<outerBoundaryIs>
						<LinearRing>
							<coordinates>
								-71.51985996324996,-16.30541478516141,0 -71.51953562439461,-16.30550412801629,0 -71.51916361183102,-16.30450973184288,0 -71.51949292360035,-16.30437405680942,0 -71.51985996324996,-16.30541478516141,0 
							</coordinates>
						</LinearRing>
					</outerBoundaryIs>
				</Polygon>
			</Placemark>
			<Placemark>
				<name>1.3.66H-18</name>
				<styleUrl>#msn_ylw-pushpin039</styleUrl>
				<Polygon>
					<tessellate>1</tessellate>
					<outerBoundaryIs>
						<LinearRing>
							<coordinates>
								-71.51949213728486,-16.30550591063179,0 -71.51911144858879,-16.30563583129125,0 -71.51880310353749,-16.30466373012221,0 -71.51911827059689,-16.30453186672028,0 -71.51949213728486,-16.30550591063179,0 
							</coordinates>
						</LinearRing>
					</outerBoundaryIs>
				</Polygon>
			</Placemark>
			<Placemark>
				<name>1.3.66H-19</name>
				<styleUrl>#msn_ylw-pushpin039</styleUrl>
				<Polygon>
					<tessellate>1</tessellate>
					<outerBoundaryIs>
						<LinearRing>
							<coordinates>
								-71.51949417281426,-16.30557121427212,0 -71.51980190197408,-16.30644676504893,0 -71.51975425384347,-16.30648628676833,0 -71.51950556384415,-16.30635949454403,0 -71.51905887371032,-16.3057066403479,0 -71.51949417281426,-16.30557121427212,0 
							</coordinates>
						</LinearRing>
					</outerBoundaryIs>
				</Polygon>
			</Placemark>
			<Placemark>
				<name>1.3.66H-20</name>
				<styleUrl>#msn_ylw-pushpin039</styleUrl>
				<Polygon>
					<tessellate>1</tessellate>
					<outerBoundaryIs>
						<LinearRing>
							<coordinates>
								-71.52041854728262,-16.30721952362518,0 -71.52031241166775,-16.3072449069488,0 -71.52015700164418,-16.30682838438545,0 -71.5199840874198,-16.30669852778287,0 -71.51993698758184,-16.30655738189498,0 -71.52021351840247,-16.30644179756855,0 -71.52041854728262,-16.30721952362518,0 
							</coordinates>
						</LinearRing>
					</outerBoundaryIs>
				</Polygon>
			</Placemark>
			<Placemark>
				<name>1.3.66H-21</name>
				<styleUrl>#msn_ylw-pushpin039</styleUrl>
				<Polygon>
					<tessellate>1</tessellate>
					<outerBoundaryIs>
						<LinearRing>
							<coordinates>
								-71.51781356063115,-16.3049849192881,0 -71.51777490808709,-16.30458769725601,0 -71.51830666216749,-16.30577700573872,0 -71.51800074195589,-16.30586786843939,0 -71.51781356063115,-16.3049849192881,0 
							</coordinates>
						</LinearRing>
					</outerBoundaryIs>
				</Polygon>
			</Placemark>
			<Placemark>
				<name>1.3.66H-22</name>
				<styleUrl>#msn_ylw-pushpin039</styleUrl>
				<Polygon>
					<tessellate>1</tessellate>
					<outerBoundaryIs>
						<LinearRing>
							<coordinates>
								-71.51727736284899,-16.30467046927452,0 -71.51769097454775,-16.30458938387513,0 -71.51774815094454,-16.30494488389903,0 -71.51781974598109,-16.30539275153036,0 -71.51791559960915,-16.30589520106139,0 -71.51752351052147,-16.30596126850497,0 -71.51727736284899,-16.30467046927452,0 
							</coordinates>
						</LinearRing>
					</outerBoundaryIs>
				</Polygon>
			</Placemark>
			<Placemark>
				<name>1.3.66H-23</name>
				<styleUrl>#msn_ylw-pushpin039</styleUrl>
				<Polygon>
					<tessellate>1</tessellate>
					<outerBoundaryIs>
						<LinearRing>
							<coordinates>
								-71.51735483025911,-16.30537515713513,0 -71.51745556601522,-16.30597916653181,0 -71.51712287612122,-16.30606854720869,0 -71.51687586131287,-16.30474118421117,0 -71.51720682002642,-16.30466630521788,0 -71.51735483025911,-16.30537515713513,0 
							</coordinates>
						</LinearRing>
					</outerBoundaryIs>
				</Polygon>
			</Placemark>
			<Placemark>
				<name>1.3.66H-24</name>
				<styleUrl>#msn_ylw-pushpin039</styleUrl>
				<Polygon>
					<tessellate>1</tessellate>
					<outerBoundaryIs>
						<LinearRing>
							<coordinates>
								-71.51706923942687,-16.30607989828922,0 -71.51682651549794,-16.30613535709198,0 -71.51661606071366,-16.30542261655255,0 -71.51648894971041,-16.30514635785097,0 -71.51644397381109,-16.30483441370105,0 -71.51676668249155,-16.30474527844449,0 -71.51706923942687,-16.30607989828922,0 
							</coordinates>
						</LinearRing>
					</outerBoundaryIs>
				</Polygon>
			</Placemark>
			<Placemark>
				<name>1.3.66H-25</name>
				<styleUrl>#msn_ylw-pushpin039</styleUrl>
				<Polygon>
					<tessellate>1</tessellate>
					<outerBoundaryIs>
						<LinearRing>
							<coordinates>
								-71.51675511868881,-16.30467766625412,0 -71.51644165821729,-16.30474967273377,0 -71.51643715956158,-16.30443022278251,0 -71.51649166184069,-16.3041229504301,0 -71.51651458968257,-16.30405276118941,0 -71.51657915068969,-16.30393018565236,0 -71.51675511868881,-16.30467766625412,0 
							</coordinates>
						</LinearRing>
					</outerBoundaryIs>
				</Polygon>
			</Placemark>
			<Placemark>
				<name>1.3.66H-26</name>
				<styleUrl>#msn_ylw-pushpin039</styleUrl>
				<Polygon>
					<tessellate>1</tessellate>
					<outerBoundaryIs>
						<LinearRing>
							<coordinates>
								-71.51687259186899,-16.3046736156729,0 -71.51675976838992,-16.30419349408027,0 -71.51667967053906,-16.30393919842432,0 -71.51657763428877,-16.30359660312138,0 -71.51682677358068,-16.30348318862521,0 -71.51683881768304,-16.30350688171237,0 -71.51696390454062,-16.30384024063124,0 -71.51711117317527,-16.30419167074605,0 -71.51717806528897,-16.30440888093781,0 -71.51720292077631,-16.30461124718981,0 -71.51687259186899,-16.3046736156729,0 
							</coordinates>
						</LinearRing>
					</outerBoundaryIs>
				</Polygon>
			</Placemark>
			<Placemark>
				<name>1.3.66H-27</name>
				<styleUrl>#msn_ylw-pushpin039</styleUrl>
				<Polygon>
					<tessellate>1</tessellate>
					<outerBoundaryIs>
						<LinearRing>
							<coordinates>
								-71.51751615840206,-16.30390537295908,0 -71.51759389517483,-16.30417083669653,0 -71.51769426499499,-16.30453958205556,0 -71.51725968121569,-16.30461402944101,0 -71.51722650330764,-16.30430101891917,0 -71.51710466143325,-16.30397549148566,0 -71.51701002420339,-16.30374212661165,0 -71.51691297081402,-16.30348427503317,0 -71.51727492594506,-16.30331714715561,0 -71.51751615840206,-16.30390537295908,0 
							</coordinates>
						</LinearRing>
					</outerBoundaryIs>
				</Polygon>
			</Placemark>
			<Placemark>
				<name>1.3.66H-28</name>
				<styleUrl>#msn_ylw-pushpin039</styleUrl>
				<Polygon>
					<tessellate>1</tessellate>
					<outerBoundaryIs>
						<LinearRing>
							<coordinates>
								-71.51749943004256,-16.3031890290646,0 -71.51799329416809,-16.30435910864489,0 -71.51781274258795,-16.30443346827041,0 -71.51734246744803,-16.30330994851963,0 -71.51749943004256,-16.3031890290646,0 
							</coordinates>
						</LinearRing>
					</outerBoundaryIs>
				</Polygon>
			</Placemark>
			<Placemark>
				<name>1.3.66H-29</name>
				<styleUrl>#msn_ylw-pushpin039</styleUrl>
				<Polygon>
					<tessellate>1</tessellate>
					<outerBoundaryIs>
						<LinearRing>
							<coordinates>
								-71.51670710268691,-16.30204102538885,0 -71.51681386043792,-16.30226049012635,0 -71.51726217265357,-16.30327784258607,0 -71.51689651236315,-16.30344921370416,0 -71.51656318073367,-16.30268222918852,0 -71.51634588236266,-16.30218905415243,0 -71.516341819232,-16.30218515136983,0 -71.51670710268691,-16.30204102538885,0 
							</coordinates>
						</LinearRing>
					</outerBoundaryIs>
				</Polygon>
			</Placemark>
			<Placemark>
				<name>1.3.66H-30</name>
				<styleUrl>#msn_ylw-pushpin039</styleUrl>
				<Polygon>
					<tessellate>1</tessellate>
					<outerBoundaryIs>
						<LinearRing>
							<coordinates>
								-71.51682854067448,-16.30342827666079,0 -71.51655840827453,-16.30355262376872,0 -71.51632793502728,-16.3032033507089,0 -71.51607745026118,-16.3027423780566,0 -71.51577165872712,-16.30236865445449,0 -71.51628400004101,-16.3021967837633,0 -71.51682854067448,-16.30342827666079,0 
							</coordinates>
						</LinearRing>
					</outerBoundaryIs>
				</Polygon>
			</Placemark>
			<Placemark>
				<name>1.3.66H-31</name>
				<styleUrl>#msn_ylw-pushpin039</styleUrl>
				<Polygon>
					<tessellate>1</tessellate>
					<outerBoundaryIs>
						<LinearRing>
							<coordinates>
								-71.51663440547685,-16.30186409130472,0 -71.51574904952516,-16.30224609771716,0 -71.51560754477191,-16.30192319177603,0 -71.51641322138435,-16.30156664529803,0 -71.51663440547685,-16.30186409130472,0 
							</coordinates>
						</LinearRing>
					</outerBoundaryIs>
				</Polygon>
			</Placemark>
			<Placemark>
				<name>1.3.66H-32</name>
				<styleUrl>#msn_ylw-pushpin039</styleUrl>
				<Polygon>
					<tessellate>1</tessellate>
					<outerBoundaryIs>
						<LinearRing>
							<coordinates>
								-71.516377846777,-16.30148167069532,0 -71.51559871969448,-16.30185521914211,0 -71.51546608075672,-16.30149833095612,0 -71.51624520379542,-16.3011332785063,0 -71.516377846777,-16.30148167069532,0 
							</coordinates>
						</LinearRing>
					</outerBoundaryIs>
				</Polygon>
			</Placemark>
			<Placemark>
				<name>1.3.66H-33</name>
				<styleUrl>#msn_ylw-pushpin039</styleUrl>
				<Polygon>
					<tessellate>1</tessellate>
					<outerBoundaryIs>
						<LinearRing>
							<coordinates>
								-71.51621868127678,-16.30104830669373,0 -71.51541301243145,-16.30138786094109,0 -71.51528036359326,-16.30105645999745,0 -71.51611260481063,-16.30067443411348,0 -71.51621868127678,-16.30104830669373,0 
							</coordinates>
						</LinearRing>
					</outerBoundaryIs>
				</Polygon>
			</Placemark>
			<Placemark>
				<name>1.3.66H-34</name>
				<styleUrl>#msn_ylw-pushpin039</styleUrl>
				<Polygon>
					<tessellate>1</tessellate>
					<outerBoundaryIs>
						<LinearRing>
							<coordinates>
								-71.51606837834375,-16.30058945549618,0 -71.51534239184784,-16.30089505470742,0 -71.51542224539318,-16.30042779029638,0 -71.51590919007899,-16.30021556171629,0 -71.51606837834375,-16.30058945549618,0 
							</coordinates>
						</LinearRing>
					</outerBoundaryIs>
				</Polygon>
			</Placemark>
			<Placemark>
				<name>1.3.66I-1</name>
				<styleUrl>#msn_ylw-pushpin039</styleUrl>
				<Polygon>
					<tessellate>1</tessellate>
					<outerBoundaryIs>
						<LinearRing>
							<coordinates>
								-71.51793797965139,-16.30598456249122,0 -71.51848074638849,-16.30584495156978,0 -71.51884319096654,-16.30662158214499,0 -71.51894923206753,-16.30712739440394,0 -71.51861630270311,-16.3071579921331,0 -71.5184995367628,-16.30662922548101,0 -71.51838359940717,-16.30666027696157,0 -71.51848609605892,-16.3071954424027,0 -71.51816045496028,-16.30723299961079,0 -71.51793797965139,-16.30598456249122,0 
							</coordinates>
						</LinearRing>
					</outerBoundaryIs>
				</Polygon>
			</Placemark>
			<Placemark>
				<name>1.3.66I-2</name>
				<styleUrl>#msn_ylw-pushpin039</styleUrl>
				<Polygon>
					<tessellate>1</tessellate>
					<outerBoundaryIs>
						<LinearRing>
							<coordinates>
								-71.51784010850544,-16.30602885507204,0 -71.51808791319435,-16.30725429987324,0 -71.51781696499711,-16.30732044264029,0 -71.51755526160861,-16.30607404976414,0 -71.51784010850544,-16.30602885507204,0 
							</coordinates>
						</LinearRing>
					</outerBoundaryIs>
				</Polygon>
			</Placemark>
			<Placemark>
				<name>1.3.66I-3</name>
				<styleUrl>#msn_ylw-pushpin039</styleUrl>
				<Polygon>
					<tessellate>1</tessellate>
					<outerBoundaryIs>
						<LinearRing>
							<coordinates>
								-71.51745333738231,-16.30608532101781,0 -71.51768963068861,-16.30733565059721,0 -71.51744108945439,-16.30740132695552,0 -71.51717594363483,-16.30615833978575,0 -71.51745333738231,-16.30608532101781,0 
							</coordinates>
						</LinearRing>
					</outerBoundaryIs>
				</Polygon>
			</Placemark>
			<Placemark>
				<name>1.3.66I-4</name>
				<styleUrl>#msn_ylw-pushpin039</styleUrl>
				<Polygon>
					<tessellate>1</tessellate>
					<outerBoundaryIs>
						<LinearRing>
							<coordinates>
								-71.51710634240054,-16.30615833743085,0 -71.51732378315377,-16.30737610524101,0 -71.5171674222736,-16.30742145334895,0 -71.51701961185844,-16.30724916566399,0 -71.51683104885534,-16.30623648113079,0 -71.51710634240054,-16.30615833743085,0 
							</coordinates>
						</LinearRing>
					</outerBoundaryIs>
				</Polygon>
			</Placemark>
			<Placemark>
				<name>1.3.66I-5</name>
				<styleUrl>#msn_ylw-pushpin039</styleUrl>
				<Polygon>
					<tessellate>1</tessellate>
					<outerBoundaryIs>
						<LinearRing>
							<coordinates>
								-71.51778642830786,-16.30779253902658,0 -71.51756657542803,-16.3077681706116,0 -71.51734566949426,-16.30771438028399,0 -71.51733054442668,-16.30770947764442,0 -71.51719539915348,-16.30752159810672,0 -71.51771539964574,-16.30743152324949,0 -71.51778642830786,-16.30779253902658,0 
							</coordinates>
						</LinearRing>
					</outerBoundaryIs>
				</Polygon>
			</Placemark>
			<Placemark>
				<name>1.3.66I-6</name>
				<styleUrl>#msn_ylw-pushpin039</styleUrl>
				<Polygon>
					<tessellate>1</tessellate>
					<outerBoundaryIs>
						<LinearRing>
							<coordinates>
								-71.51830420513515,-16.3084541494189,0 -71.51800792874735,-16.30846677409133,0 -71.51781913620246,-16.30741513409837,0 -71.51809958395253,-16.30736531299082,0 -71.51830420513515,-16.3084541494189,0 
							</coordinates>
						</LinearRing>
					</outerBoundaryIs>
				</Polygon>
			</Placemark>
			<Placemark>
				<name>1.3.66I-7</name>
				<styleUrl>#msn_ylw-pushpin039</styleUrl>
				<Polygon>
					<tessellate>1</tessellate>
					<outerBoundaryIs>
						<LinearRing>
							<coordinates>
								-71.51874061869079,-16.30843311795084,0 -71.51838955217258,-16.30845794043174,0 -71.51819213889982,-16.30733331456508,0 -71.51851873202864,-16.30728984164477,0 -71.51874061869079,-16.30843311795084,0 
							</coordinates>
						</LinearRing>
					</outerBoundaryIs>
				</Polygon>
			</Placemark>
			<Placemark>
				<name>1.3.66I-8</name>
				<styleUrl>#msn_ylw-pushpin039</styleUrl>
				<Polygon>
					<tessellate>1</tessellate>
					<outerBoundaryIs>
						<LinearRing>
							<coordinates>
								-71.51894810403863,-16.30721980765354,0 -71.51918653447409,-16.30841920334635,0 -71.51886643046726,-16.30841445525169,0 -71.51864667901833,-16.30724611020906,0 -71.51894810403863,-16.30721980765354,0 
							</coordinates>
						</LinearRing>
					</outerBoundaryIs>
				</Polygon>
			</Placemark>
			<Placemark>
				<name>1.3.66I-9</name>
				<styleUrl>#msn_ylw-pushpin039</styleUrl>
				<Polygon>
					<tessellate>1</tessellate>
					<outerBoundaryIs>
						<LinearRing>
							<coordinates>
								-71.51943147713727,-16.30712279826044,0 -71.51964768505118,-16.30827951169409,0 -71.51943448324216,-16.30843293197857,0 -71.51927475735832,-16.30845175378328,0 -71.51904730730314,-16.30719441541877,0 -71.51943147713727,-16.30712279826044,0 
							</coordinates>
						</LinearRing>
					</outerBoundaryIs>
				</Polygon>
			</Placemark>
			<Placemark>
				<name>1.3.66I-10</name>
				<styleUrl>#msn_ylw-pushpin039</styleUrl>
				<Polygon>
					<tessellate>1</tessellate>
					<outerBoundaryIs>
						<LinearRing>
							<coordinates>
								-71.51991730295566,-16.30876685044955,0 -71.52050700021601,-16.30980837328534,0 -71.51874401379672,-16.30967970572826,0 -71.51883757735943,-16.30869391571132,0 -71.51991730295566,-16.30876685044955,0 
							</coordinates>
						</LinearRing>
					</outerBoundaryIs>
				</Polygon>
			</Placemark>
			<Placemark>
				<name>1.3.66I-11</name>
				<styleUrl>#msn_ylw-pushpin039</styleUrl>
				<Polygon>
					<tessellate>1</tessellate>
					<outerBoundaryIs>
						<LinearRing>
							<coordinates>
								-71.51871382077601,-16.30868345868324,0 -71.51869906856642,-16.3088134746742,0 -71.51838522775748,-16.30881346864178,0 -71.5183678899042,-16.30864678570175,0 -71.51871382077601,-16.30868345868324,0 
							</coordinates>
						</LinearRing>
					</outerBoundaryIs>
				</Polygon>
			</Placemark>
			<Placemark>
				<name>1.3.66I-12</name>
				<styleUrl>#msn_ylw-pushpin039</styleUrl>
				<Polygon>
					<tessellate>1</tessellate>
					<outerBoundaryIs>
						<LinearRing>
							<coordinates>
								-71.51869011324695,-16.30892669465114,0 -71.5185852401534,-16.30968928301234,0 -71.51832330139788,-16.3096653109993,0 -71.5183581153519,-16.30888564544808,0 -71.51869011324695,-16.30892669465114,0 
							</coordinates>
						</LinearRing>
					</outerBoundaryIs>
				</Polygon>
			</Placemark>
			<Placemark>
				<name>1.3.66I-13</name>
				<styleUrl>#msn_ylw-pushpin039</styleUrl>
				<Polygon>
					<tessellate>1</tessellate>
					<outerBoundaryIs>
						<LinearRing>
							<coordinates>
								-71.51829058437016,-16.3086205230989,0 -71.51820688010378,-16.30947170616193,0 -71.51795705151571,-16.30941296305174,0 -71.51799490068692,-16.30861525699702,0 -71.51829058437016,-16.3086205230989,0 
							</coordinates>
						</LinearRing>
					</outerBoundaryIs>
				</Polygon>
			</Placemark>
			<Placemark>
				<name>1.3.66I-14</name>
				<styleUrl>#msn_ylw-pushpin039</styleUrl>
				<Polygon>
					<tessellate>1</tessellate>
					<outerBoundaryIs>
						<LinearRing>
							<coordinates>
								-71.51790667939852,-16.30858364928456,0 -71.51781686704021,-16.3094472600081,0 -71.51760474353993,-16.3093044692811,0 -71.51757467533348,-16.30897266781184,0 -71.51756319456803,-16.30854665860955,0 -71.51790667939852,-16.30858364928456,0 
							</coordinates>
						</LinearRing>
					</outerBoundaryIs>
				</Polygon>
			</Placemark>
			<Placemark>
				<name>1.3.66I-15</name>
				<styleUrl>#msn_ylw-pushpin039</styleUrl>
				<Polygon>
					<tessellate>1</tessellate>
					<outerBoundaryIs>
						<LinearRing>
							<coordinates>
								-71.51818651210608,-16.30976672623548,0 -71.5180942709281,-16.31074698920428,0 -71.51786867783927,-16.31028218397062,0 -71.51783573389932,-16.30990916366471,0 -71.51796266350696,-16.3097102751261,0 -71.51818651210608,-16.30976672623548,0 
							</coordinates>
						</LinearRing>
					</outerBoundaryIs>
				</Polygon>
			</Placemark>
			<Placemark>
				<name>1.3.66I-16</name>
				<styleUrl>#msn_ylw-pushpin039</styleUrl>
				<Polygon>
					<tessellate>1</tessellate>
					<outerBoundaryIs>
						<LinearRing>
							<coordinates>
								-71.51859169940846,-16.30979782432644,0 -71.51849426478418,-16.31096140757763,0 -71.51818270638086,-16.31093655696435,0 -71.51829722631287,-16.30974284053087,0 -71.51859169940846,-16.30979782432644,0 
							</coordinates>
						</LinearRing>
					</outerBoundaryIs>
				</Polygon>
			</Placemark>
			<Placemark>
				<name>1.3.66I-17</name>
				<styleUrl>#msn_ylw-pushpin039</styleUrl>
				<Polygon>
					<tessellate>1</tessellate>
					<outerBoundaryIs>
						<LinearRing>
							<coordinates>
								-71.51905403275728,-16.30982803598389,0 -71.51899709225259,-16.31060415305968,0 -71.51867669784916,-16.31059892930693,0 -71.51874426002354,-16.30981130952955,0 -71.51905403275728,-16.30982803598389,0 
							</coordinates>
						</LinearRing>
					</outerBoundaryIs>
				</Polygon>
			</Placemark>
			<Placemark>
				<name>1.3.66I-18</name>
				<styleUrl>#msn_ylw-pushpin039</styleUrl>
				<Polygon>
					<tessellate>1</tessellate>
					<outerBoundaryIs>
						<LinearRing>
							<coordinates>
								-71.51942169686743,-16.30986141242985,0 -71.51937867591053,-16.31064061304566,0 -71.51910005446338,-16.31064580650524,0 -71.51914479840627,-16.30982803764967,0 -71.51942169686743,-16.30986141242985,0 
							</coordinates>
						</LinearRing>
					</outerBoundaryIs>
				</Polygon>
			</Placemark>
			<Placemark>
				<name>1.3.66I-19</name>
				<styleUrl>#msn_ylw-pushpin039</styleUrl>
				<Polygon>
					<tessellate>1</tessellate>
					<outerBoundaryIs>
						<LinearRing>
							<coordinates>
								-71.5198107024479,-16.30986696999947,0 -71.51971767614518,-16.31068213912215,0 -71.519455173702,-16.31067695342858,0 -71.51951248044878,-16.30985585841811,0 -71.5198107024479,-16.30986696999947,0 
							</coordinates>
						</LinearRing>
					</outerBoundaryIs>
				</Polygon>
			</Placemark>
			<Placemark>
				<name>1.3.66I-20</name>
				<styleUrl>#msn_ylw-pushpin039</styleUrl>
				<Polygon>
					<tessellate>1</tessellate>
					<outerBoundaryIs>
						<LinearRing>
							<coordinates>
								-71.52019091844126,-16.30991010617114,0 -71.52010404359071,-16.31073400032685,0 -71.51982021267857,-16.3107212144784,0 -71.51990369292542,-16.30989041242049,0 -71.52019091844126,-16.30991010617114,0 
							</coordinates>
						</LinearRing>
					</outerBoundaryIs>
				</Polygon>
			</Placemark>
			<Placemark>
				<name>1.3.66I-21</name>
				<styleUrl>#msn_ylw-pushpin039</styleUrl>
				<Polygon>
					<tessellate>1</tessellate>
					<outerBoundaryIs>
						<LinearRing>
							<coordinates>
								-71.52051440996348,-16.30994444373414,0 -71.52044746290181,-16.31078016672848,0 -71.5201834019602,-16.31073383737132,0 -71.52024029216035,-16.30990577057034,0 -71.52051440996348,-16.30994444373414,0 
							</coordinates>
						</LinearRing>
					</outerBoundaryIs>
				</Polygon>
			</Placemark>
			<Placemark>
				<name>1.3.66I-22</name>
				<styleUrl>#msn_ylw-pushpin039</styleUrl>
				<Polygon>
					<tessellate>1</tessellate>
					<outerBoundaryIs>
						<LinearRing>
							<coordinates>
								-71.52110234287996,-16.31015345099699,0 -71.52135821965948,-16.31074048448286,0 -71.52052109501753,-16.31079982867115,0 -71.52059694820572,-16.30994082718853,0 -71.52110234287996,-16.31015345099699,0 
							</coordinates>
						</LinearRing>
					</outerBoundaryIs>
				</Polygon>
			</Placemark>
			<Placemark>
				<name>1.3.66I-23</name>
				<styleUrl>#msn_ylw-pushpin039</styleUrl>
				<Polygon>
					<tessellate>1</tessellate>
					<outerBoundaryIs>
						<LinearRing>
							<coordinates>
								-71.52127236234814,-16.31124229167169,0 -71.52101909867426,-16.31170757546475,0 -71.52058890663189,-16.31093987776482,0 -71.52137906856376,-16.31080113516999,0 -71.52127236234814,-16.31124229167169,0 
							</coordinates>
						</LinearRing>
					</outerBoundaryIs>
				</Polygon>
			</Placemark>
			<Placemark>
				<name>1.3.66I-24</name>
				<styleUrl>#msn_ylw-pushpin039</styleUrl>
				<Polygon>
					<tessellate>1</tessellate>
					<outerBoundaryIs>
						<LinearRing>
							<coordinates>
								-71.52051727418504,-16.31102414798686,0 -71.52051584387225,-16.3110442472568,0 -71.52076759895324,-16.31166452087333,0 -71.51993120057185,-16.31151623751275,0 -71.52051727418504,-16.31102414798686,0 
							</coordinates>
						</LinearRing>
					</outerBoundaryIs>
				</Polygon>
			</Placemark>
			<Placemark>
				<name>1.3.66I-25</name>
				<styleUrl>#msn_ylw-pushpin039</styleUrl>
				<Polygon>
					<tessellate>1</tessellate>
					<outerBoundaryIs>
						<LinearRing>
							<coordinates>
								-71.52044263123348,-16.31085186421325,0 -71.52030995426463,-16.31109433962247,0 -71.5201733853341,-16.31109433841008,0 -71.52016288504325,-16.31082630703182,0 -71.52044263123348,-16.31085186421325,0 
							</coordinates>
						</LinearRing>
					</outerBoundaryIs>
				</Polygon>
			</Placemark>
			<Placemark>
				<name>1.3.66I-26</name>
				<styleUrl>#msn_ylw-pushpin039</styleUrl>
				<Polygon>
					<tessellate>1</tessellate>
					<outerBoundaryIs>
						<LinearRing>
							<coordinates>
								-71.52009123867694,-16.31082630638088,0 -71.52007884514671,-16.31106430759121,0 -71.51978956138191,-16.31107932908763,0 -71.51982062548099,-16.31081094320929,0 -71.52009123867694,-16.31082630638088,0 
							</coordinates>
						</LinearRing>
					</outerBoundaryIs>
				</Polygon>
			</Placemark>
			<Placemark>
				<name>1.3.66I-27</name>
				<styleUrl>#msn_ylw-pushpin039</styleUrl>
				<Polygon>
					<tessellate>1</tessellate>
					<outerBoundaryIs>
						<LinearRing>
							<coordinates>
								-71.5197193097286,-16.31078015990964,0 -71.51969934331559,-16.31105427553529,0 -71.51943622016894,-16.31103921380764,0 -71.51944302156312,-16.31075444148421,0 -71.5197193097286,-16.31078015990964,0 
							</coordinates>
						</LinearRing>
					</outerBoundaryIs>
				</Polygon>
			</Placemark>
			<Placemark>
				<name>1.3.66I-28</name>
				<styleUrl>#msn_ylw-pushpin039</styleUrl>
				<Polygon>
					<tessellate>1</tessellate>
					<outerBoundaryIs>
						<LinearRing>
							<coordinates>
								-71.52008321221361,-16.31117403205756,0 -71.52006619395658,-16.31130725957446,0 -71.51977290807368,-16.31150178106988,0 -71.51977652193048,-16.31115415710567,0 -71.52008321221361,-16.31117403205756,0 
							</coordinates>
						</LinearRing>
					</outerBoundaryIs>
				</Polygon>
			</Placemark>
			<Placemark>
				<name>1.3.66I-29</name>
				<styleUrl>#msn_ylw-pushpin039</styleUrl>
				<Polygon>
					<tessellate>1</tessellate>
					<outerBoundaryIs>
						<LinearRing>
							<coordinates>
								-71.51969615742958,-16.31114420734921,0 -71.51965997789343,-16.31146314315199,0 -71.51941693795398,-16.3114292229923,0 -71.51942901911799,-16.31112926398065,0 -71.51969615742958,-16.31114420734921,0 
							</coordinates>
						</LinearRing>
					</outerBoundaryIs>
				</Polygon>
			</Placemark>
			<Placemark>
				<name>1.3.66I-30</name>
				<styleUrl>#msn_ylw-pushpin039</styleUrl>
				<Polygon>
					<tessellate>1</tessellate>
					<outerBoundaryIs>
						<LinearRing>
							<coordinates>
								-71.51935595880541,-16.31074413825956,0 -71.51929330150737,-16.31137571592235,0 -71.51904889319403,-16.31132195074347,0 -71.51900412089341,-16.31126300817132,0 -71.51905826854224,-16.3107183381833,0 -71.51935595880541,-16.31074413825956,0 
							</coordinates>
						</LinearRing>
					</outerBoundaryIs>
				</Polygon>
			</Placemark>
			<Placemark>
				<name>1.3.66I-31</name>
				<styleUrl>#msn_ylw-pushpin039</styleUrl>
				<Polygon>
					<tessellate>1</tessellate>
					<outerBoundaryIs>
						<LinearRing>
							<coordinates>
								-71.51899136124635,-16.31073382067019,0 -71.51891876398058,-16.31126793002021,0 -71.51862514538692,-16.31105425589584,0 -71.51864169332607,-16.31070799534712,0 -71.51899136124635,-16.31073382067019,0 
							</coordinates>
						</LinearRing>
					</outerBoundaryIs>
				</Polygon>
			</Placemark>
			<Placemark>
				<name>1.3.66I-32</name>
				<styleUrl>#msn_ylw-pushpin039</styleUrl>
				<Polygon>
					<tessellate>1</tessellate>
					<outerBoundaryIs>
						<LinearRing>
							<coordinates>
								-71.51306340330164,-16.30831140050471,0 -71.51357785148143,-16.3094651054041,0 -71.51318967572179,-16.30964319810248,0 -71.51306834275395,-16.30959324955883,0 -71.51252557698614,-16.30849362552669,0 -71.51306340330164,-16.30831140050471,0 
							</coordinates>
						</LinearRing>
					</outerBoundaryIs>
				</Polygon>
			</Placemark>
			<Placemark>
				<name>1.3.66I-33</name>
				<styleUrl>#msn_ylw-pushpin039</styleUrl>
				<Polygon>
					<tessellate>1</tessellate>
					<outerBoundaryIs>
						<LinearRing>
							<coordinates>
								-71.51346707634629,-16.30760941385268,0 -71.51340026179751,-16.30798436243835,0 -71.51322299552355,-16.3081385680242,0 -71.51301237933312,-16.30781813507364,0 -71.51346707634629,-16.30760941385268,0 
							</coordinates>
						</LinearRing>
					</outerBoundaryIs>
				</Polygon>
			</Placemark>
			<Placemark>
				<name>1.3.66I-34</name>
				<styleUrl>#msn_ylw-pushpin039</styleUrl>
				<Polygon>
					<tessellate>1</tessellate>
					<outerBoundaryIs>
						<LinearRing>
							<coordinates>
								-71.51476239167991,-16.30705404275151,0 -71.51440469062841,-16.30804147417638,0 -71.51411123310629,-16.30727915546209,0 -71.51476239167991,-16.30705404275151,0 
							</coordinates>
						</LinearRing>
					</outerBoundaryIs>
				</Polygon>
			</Placemark>
			<Placemark>
				<name>1.3.66I-35</name>
				<styleUrl>#msn_ylw-pushpin039</styleUrl>
				<Polygon>
					<tessellate>1</tessellate>
					<outerBoundaryIs>
						<LinearRing>
							<coordinates>
								-71.51338371152048,-16.30754905878679,0 -71.51288267828426,-16.30679372989604,0 -71.513171961716,-16.30657653180926,0 -71.51359945790469,-16.30727349326051,0 -71.51338371152048,-16.30754905878679,0 
							</coordinates>
						</LinearRing>
					</outerBoundaryIs>
				</Polygon>
			</Placemark>
			<Placemark>
				<name>1.3.66I-36</name>
				<styleUrl>#msn_ylw-pushpin039</styleUrl>
				<Polygon>
					<tessellate>1</tessellate>
					<outerBoundaryIs>
						<LinearRing>
							<coordinates>
								-71.51298506642912,-16.307778667614,0 -71.51248579448641,-16.30702811899604,0 -71.5128056069361,-16.30682059941135,0 -71.51332013641343,-16.30760940649185,0 -71.51298506642912,-16.307778667614,0 
							</coordinates>
						</LinearRing>
					</outerBoundaryIs>
				</Polygon>
			</Placemark>
			<Placemark>
				<name>1.3.66I-37</name>
				<styleUrl>#msn_ylw-pushpin039</styleUrl>
				<Polygon>
					<tessellate>1</tessellate>
					<outerBoundaryIs>
						<LinearRing>
							<coordinates>
								-71.5124331520191,-16.30708599434629,0 -71.51289307052278,-16.30783781019368,0 -71.51242078833033,-16.30813373822889,0 -71.51214064827683,-16.30723201988019,0 -71.5124331520191,-16.30708599434629,0 
							</coordinates>
						</LinearRing>
					</outerBoundaryIs>
				</Polygon>
			</Placemark>
			<Placemark>
				<name>1.3.66I-38</name>
				<styleUrl>#msn_ylw-pushpin039</styleUrl>
				<Polygon>
					<tessellate>1</tessellate>
					<outerBoundaryIs>
						<LinearRing>
							<coordinates>
								-71.51246177990615,-16.30698584345121,0 -71.51199699076864,-16.30618656921176,0 -71.5122778197653,-16.30599832856667,0 -71.51276586830281,-16.30677217982443,0 -71.51246177990615,-16.30698584345121,0 
							</coordinates>
						</LinearRing>
					</outerBoundaryIs>
				</Polygon>
			</Placemark>
			<Placemark>
				<name>1.3.66I-39</name>
				<styleUrl>#msn_ylw-pushpin039</styleUrl>
				<Polygon>
					<tessellate>1</tessellate>
					<outerBoundaryIs>
						<LinearRing>
							<coordinates>
								-71.51281775967298,-16.30667475014769,0 -71.51237369235224,-16.30597531683611,0 -71.51262826032915,-16.30580130428588,0 -71.51311664914488,-16.30652710416771,0 -71.51281775967298,-16.30667475014769,0 
							</coordinates>
						</LinearRing>
					</outerBoundaryIs>
				</Polygon>
			</Placemark>
			<Placemark>
				<name>1.3.66I-40</name>
				<styleUrl>#msn_ylw-pushpin039</styleUrl>
				<Polygon>
					<tessellate>1</tessellate>
					<outerBoundaryIs>
						<LinearRing>
							<coordinates>
								-71.51209165976275,-16.30495525295709,0 -71.51255377029601,-16.30567209569263,0 -71.51228795489359,-16.30585375005875,0 -71.51182937944837,-16.30511054402438,0 -71.51209165976275,-16.30495525295709,0 
							</coordinates>
						</LinearRing>
					</outerBoundaryIs>
				</Polygon>
			</Placemark>
			<Placemark>
				<name>1.3.66I-41</name>
				<styleUrl>#msn_ylw-pushpin039</styleUrl>
				<Polygon>
					<tessellate>1</tessellate>
					<outerBoundaryIs>
						<LinearRing>
							<coordinates>
								-71.51224644640342,-16.30594647429243,0 -71.51194962475196,-16.30614119383841,0 -71.51140471806634,-16.30528222506542,0 -71.51171260841633,-16.30506723865254,0 -71.51224644640342,-16.30594647429243,0 
							</coordinates>
						</LinearRing>
					</outerBoundaryIs>
				</Polygon>
			</Placemark>
			<Placemark>
				<name>1.3.66I-42</name>
				<styleUrl>#msn_ylw-pushpin039</styleUrl>
				<Polygon>
					<tessellate>1</tessellate>
					<outerBoundaryIs>
						<LinearRing>
							<coordinates>
								-71.5110768046455,-16.30510351489652,0 -71.51226894604648,-16.30457261593346,0 -71.51394138502367,-16.30405512167063,0 -71.51464239403214,-16.30383108152096,0 -71.51467498286708,-16.30406862268769,0 -71.51231234770044,-16.30480159428569,0 -71.5116625955653,-16.30503611167079,0 -71.51120771088861,-16.30529629063908,0 -71.5110768046455,-16.30510351489652,0 
							</coordinates>
						</LinearRing>
					</outerBoundaryIs>
				</Polygon>
			</Placemark>
		</Folder>
	</Folder>
</Document>
</kml>
