type;ident;lat;long;y_proj;x_proj;ingreso_economico;new_seg;display;color;altitude;depth;temp;time;model;filename;ltime
TRACK;1.11.69-2; ; ;-1.516416327;20763369.87;A; ; ; ; ; ; ; ; ; ; 
TRACK;1.11.69-2;-16.4012594;-71.53059191;-1941420.85;2838941.203;A;False; ; ;0; ; ; ; ; ; 
TRACK;1.11.69-2;-16.40242084;-71.52946022;-1941571.543;2839054.356;A;False; ; ;0; ; ; ; ; ; 
TRACK;1.11.69-2;-16.40173021;-71.52855537;-1941501.821;2839165.971;A;False; ; ;0; ; ; ; ; ; 
TRACK;1.11.69-2;-16.40168199;-71.52859624;-1941495.642;2839161.966;A;False; ; ;0; ; ; ; ; ; 
TRACK;1.11.69-2;-16.40163677;-71.52861197;-1941490.132;2839160.774;A;False; ; ;0; ; ; ; ; ; 
TRACK;1.11.69-2;-16.40163075;-71.52861511;-1941489.384;2839160.496;A;False; ; ;0; ; ; ; ; ; 
TRACK;1.11.69-2;-16.40158553;-71.52863398;-1941483.835;2839158.947;A;False; ; ;0; ; ; ; ; ; 
TRACK;1.11.69-2;-16.40153729;-71.52861514;-1941478.406;2839161.713;A;False; ; ;0; ; ; ; ; ; 
TRACK;1.11.69-2;-16.40149207;-71.5285963;-1941473.331;2839164.44;A;False; ; ;0; ; ; ; ; ; 
TRACK;1.11.69-2;-16.40049944;-71.52967766;-1941343.101;2839054.788;A;False; ; ;0; ; ; ; ; ; 
TRACK;1.11.69-4; ; ;-1.516416327;20763369.87;A; ; ; ; ; ; ; ; ; ; 
TRACK;1.11.69-4;-16.40040707;-71.52953893;-1941333.998;2839071.724;A;False; ; ;0; ; ; ; ; ; 
TRACK;1.11.69-4;-16.40137527;-71.52846885;-1941461.217;2839180.416;A;False; ; ;0; ; ; ; ; ; 
TRACK;1.11.69-4;-16.40137525;-71.52840772;-1941461.985;2839187.348;A;False; ; ;0; ; ; ; ; ; 
TRACK;1.11.69-4;-16.4013451;-71.52839171;-1941458.645;2839189.557;A;False; ; ;0; ; ; ; ; ; 
TRACK;1.11.69-4;-16.40134206;-71.52835482;-1941458.753;2839193.779;A;False; ; ;0; ; ; ; ; ; 
TRACK;1.11.69-4;-16.40134204;-71.5282996;-1941459.447;2839200.04;A;False; ; ;0; ; ; ; ; ; 
TRACK;1.11.69-4;-16.40136919;-71.52826383;-1941463.087;2839203.742;A;False; ; ;0; ; ; ; ; ; 
TRACK;1.11.69-4;-16.40139319;-71.52821594;-1941466.509;2839208.859;A;False; ; ;0; ; ; ; ; ; 
TRACK;1.11.69-4;-16.40142003;-71.5281867;-1941470.031;2839211.823;A;False; ; ;0; ; ; ; ; ; 
TRACK;1.11.69-4;-16.40096021;-71.52760246;-1941423.381;2839284.074;A;False; ; ;0; ; ; ; ; ; 
TRACK;1.11.69-4;-16.40065853;-71.52800241;-1941382.902;2839242.664;A;False; ; ;0; ; ; ; ; ; 
TRACK;1.11.69-4;-16.40035188;-71.52837792;-1941342.147;2839204.089;A;False; ; ;0; ; ; ; ; ; 
TRACK;1.11.69-4;-16.39988595;-71.52889645;-1941280.88;2839151.377;A;False; ; ;0; ; ; ; ; ; 
TRACK;1.11.69-6; ; ;-1.516416327;20763369.87;A; ; ; ; ; ; ; ; ; ; 
TRACK;1.11.69-6;-16.40261018;-71.52629186;-1941633.722;2839411.133;A;False; ; ;0; ; ; ; ; ; 
TRACK;1.11.69-6;-16.40264131;-71.52612118;-1941639.531;2839430.079;A;False; ; ;0; ; ; ; ; ; 
TRACK;1.11.69-6;-16.40265898;-71.52596001;-1941643.638;2839448.124;A;False; ; ;0; ; ; ; ; ; 
TRACK;1.11.69-6;-16.40285221;-71.52573703;-1941669.148;2839470.884;A;False; ; ;0; ; ; ; ; ; 
TRACK;1.11.69-6;-16.40242566;-71.52519914;-1941625.821;2839537.444;A;False; ; ;0; ; ; ; ; ; 
TRACK;1.11.69-6;-16.40185377;-71.52570697;-1941552.239;2839487.332;A;False; ; ;0; ; ; ; ; ; 
TRACK;1.11.69-6;-16.40249716;-71.52637317;-1941619.42;2839403.39;A;False; ; ;0; ; ; ; ; ; 
TRACK;1.11.69-7; ; ;-1.516416327;20763369.87;A; ; ; ; ; ; ; ; ; ; 
TRACK;1.11.69-7;-16.40195624;-71.52699398;-1941548.053;2839340.061;A;False; ; ;0; ; ; ; ; ; 
TRACK;1.11.69-7;-16.40216848;-71.52672099;-1941576.426;2839368.243;A;False; ; ;0; ; ; ; ; ; 
TRACK;1.11.69-7;-16.40245479;-71.52642704;-1941613.764;2839397.835;A;False; ; ;0; ; ; ; ; ; 
TRACK;1.11.69-7;-16.40232202;-71.52628783;-1941599.922;2839415.353;A;False; ; ;0; ; ; ; ; ; 
TRACK;1.11.69-7;-16.40169647;-71.52680798;-1941519.882;2839364.544;A;False; ; ;0; ; ; ; ; ; 
TRACK;1.11.69-7;-16.40163445;-71.52681948;-1941512.452;2839364.05;A;False; ; ;0; ; ; ; ; ; 
TRACK;1.11.69-7;-16.40158026;-71.52680587;-1941506.258;2839366.301;A;False; ; ;0; ; ; ; ; ; 
TRACK;1.11.69-7;-16.40152099;-71.52680048;-1941499.363;2839367.686;A;False; ; ;0; ; ; ; ; ; 
TRACK;1.11.69-7;-16.40146091;-71.52678416;-1941492.512;2839370.321;A;False; ; ;0; ; ; ; ; ; 
TRACK;1.11.69-7;-16.40141136;-71.52675516;-1941487.056;2839374.256;A;False; ; ;0; ; ; ; ; ; 
TRACK;1.11.69-7;-16.40098248;-71.52619164;-1941443.779;2839443.754;A;False; ; ;0; ; ; ; ; ; 
TRACK;1.11.69-7;-16.40094696;-71.52619494;-1941439.565;2839443.843;A;False; ; ;0; ; ; ; ; ; 
TRACK;1.11.69-7;-16.40067609;-71.52645652;-1941404.449;2839417.72;A;False; ; ;0; ; ; ; ; ; 
TRACK;1.11.69-7;-16.40054804;-71.52631017;-1941391.251;2839435.986;A;False; ; ;0; ; ; ; ; ; 
TRACK;1.11.69-7;-16.40068506;-71.5261662;-1941409.162;2839450.522;A;False; ; ;0; ; ; ; ; ; 
TRACK;1.11.69-7;-16.40077942;-71.52626714;-1941418.975;2839437.844;A;False; ; ;0; ; ; ; ; ; 
TRACK;1.11.69-7;-16.40123801;-71.52585944;-1941477.984;2839478.084;A;False; ; ;0; ; ; ; ; ; 
TRACK;1.11.69-7;-16.40092265;-71.52545153;-1941446.08;2839528.455;A;False; ; ;0; ; ; ; ; ; 
TRACK;1.11.69-7;-16.40004611;-71.52626856;-1941332.814;2839447.259;A;False; ; ;0; ; ; ; ; ; 
TRACK;1.11.69-7;-16.40104065;-71.52750139;-1941434.104;2839294.483;A;False; ; ;0; ; ; ; ; ; 
TRACK;1.11.69-7;-16.40135793;-71.52733288;-1941473.498;2839309.447;A;False; ; ;0; ; ; ; ; ; 
TRACK;1.11.69-8; ; ;-1.516416327;20763369.87;A; ; ; ; ; ; ; ; ; ; 
TRACK;1.11.69-8;-16.40226394;-71.52626783;-1941593.352;2839418.38;A;False; ; ;0; ; ; ; ; ; 
TRACK;1.11.69-8;-16.40225449;-71.52621821;-1941592.867;2839424.13;A;False; ; ;0; ; ; ; ; ; 
TRACK;1.11.69-8;-16.4017995;-71.52577247;-1941545.039;2839480.613;A;False; ; ;0; ; ; ; ; ; 
TRACK;1.11.69-8;-16.40150122;-71.52607071;-1941506.24;2839450.692;A;False; ; ;0; ; ; ; ; ; 
TRACK;1.11.69-8;-16.40189064;-71.52656322;-1941545.777;2839389.761;A;False; ; ;0; ; ; ; ; ; 
TRACK;1.11.69-9; ; ;-1.516416327;20763369.87;A; ; ; ; ; ; ; ; ; ; 
TRACK;1.11.69-9;-16.40138764;-71.52660912;-1941486.111;2839391.125;A;False; ; ;0; ; ; ; ; ; 
TRACK;1.11.69-9;-16.40164141;-71.52637026;-1941518.932;2839414.895;A;False; ; ;0; ; ; ; ; ; 
TRACK;1.11.69-9;-16.4012918;-71.52591724;-1941483.574;2839470.828;A;False; ; ;0; ; ; ; ; ; 
TRACK;1.11.69-9;-16.40126673;-71.52590256;-1941480.814;2839472.819;A;False; ; ;0; ; ; ; ; ; 
TRACK;1.11.69-9;-16.40101556;-71.52613194;-1941448.418;2839450.09;A;False; ; ;0; ; ; ; ; ; 
TRACK;1.11.69-10; ; ;-1.516416327;20763369.87;A; ; ; ; ; ; ; ; ; ; 
TRACK;1.11.69-10;-16.40162371;-71.52548762;-1941527.979;2839515.208;A;False; ; ;0; ; ; ; ; ; 
TRACK;1.11.69-10;-16.40178748;-71.52565823;-1941545.067;2839493.724;A;False; ; ;0; ; ; ; ; ; 
TRACK;1.11.69-10;-16.40236425;-71.52516229;-1941619.072;2839542.425;A;False; ; ;0; ; ; ; ; ; 
TRACK;1.11.69-10;-16.40191579;-71.52460168;-1941573.459;2839611.849;A;False; ; ;0; ; ; ; ; ; 
TRACK;1.11.69-10;-16.4009649;-71.5254147;-1941451.508;2839532.08;A;False; ; ;0; ; ; ; ; ; 
TRACK;1.11.69-10;-16.40129636;-71.52579655;-1941485.631;2839484.453;A;False; ; ;0; ; ; ; ; ; 
TRACK;1.11.69-11; ; ;-1.516416327;20763369.87;A; ; ; ; ; ; ; ; ; ; 
TRACK;1.11.69-11;-16.40080432;-71.52318926;-1941460.7;2839786.521;A;False; ; ;0; ; ; ; ; ; 
TRACK;1.11.69-11;-16.40032428;-71.52363312;-1941398.712;2839742.46;A;False; ; ;0; ; ; ; ; ; 
TRACK;1.11.69-11;-16.3991568;-71.52464323;-1941248.833;2839643.169;A;False; ; ;0; ; ; ; ; ; 
TRACK;1.11.69-11;-16.39887397;-71.52483905;-1941213.14;2839624.658;A;False; ; ;0; ; ; ; ; ; 
TRACK;1.11.69-11;-16.3999588;-71.52616354;-1941323.882;2839460.307;A;False; ; ;0; ; ; ; ; ; 
TRACK;1.11.69-11;-16.40184008;-71.52449489;-1941565.911;2839624.947;A;False; ; ;0; ; ; ; ; ; 
TRACK;1.11.69-12; ; ;-1.516416327;20763369.87;A; ; ; ; ; ; ; ; ; ; 
TRACK;1.11.69-12;-16.39969048;-71.52188077;-1941346.35;2839949.44;A;False; ; ;0; ; ; ; ; ; 
TRACK;1.11.69-12;-16.39959405;-71.52179912;-1941336.051;2839959.958;A;False; ; ;0; ; ; ; ; ; 
TRACK;1.11.69-12;-16.39949394;-71.52172381;-1941325.241;2839969.805;A;False; ; ;0; ; ; ; ; ; 
TRACK;1.11.69-12;-16.39813766;-71.52393947;-1941137.984;2839736.278;A;False; ; ;0; ; ; ; ; ; 
TRACK;1.11.69-12;-16.39885877;-71.52480872;-1941211.737;2839628.295;A;False; ; ;0; ; ; ; ; ; 
TRACK;1.11.69-12;-16.39919968;-71.52451494;-1941255.488;2839657.155;A;False; ; ;0; ; ; ; ; ; 
TRACK;1.11.69-12;-16.40022967;-71.52357856;-1941388.286;2839749.882;A;False; ; ;0; ; ; ; ; ; 
TRACK;1.11.69-12;-16.39995731;-71.52327319;-1941360.14;2839788.066;A;False; ; ;0; ; ; ; ; ; 
TRACK;1.11.69-12;-16.39986786;-71.52334106;-1941348.777;2839781.538;A;False; ; ;0; ; ; ; ; ; 
TRACK;1.11.69-12;-16.3998593;-71.52334513;-1941347.721;2839781.188;A;False; ; ;0; ; ; ; ; ; 
TRACK;1.11.69-12;-16.39978096;-71.52336063;-1941338.323;2839780.454;A;False; ; ;0; ; ; ; ; ; 
TRACK;1.11.69-12;-16.39968485;-71.52333853;-1941327.311;2839784.215;A;False; ; ;0; ; ; ; ; ; 
TRACK;1.11.69-12;-16.39957546;-71.52326894;-1941315.337;2839793.534;A;False; ; ;0; ; ; ; ; ; 
TRACK;1.11.69-12;-16.39956587;-71.52326462;-1941314.265;2839794.15;A;False; ; ;0; ; ; ; ; ; 
TRACK;1.11.69-12;-16.39947792;-71.5231703;-1941305.123;2839805.993;A;False; ; ;0; ; ; ; ; ; 
TRACK;1.11.69-12;-16.39947792;-71.52316742;-1941305.159;2839806.319;A;False; ; ;0; ; ; ; ; ; 
TRACK;1.11.69-12;-16.39942777;-71.52306294;-1941300.585;2839818.823;A;False; ; ;0; ; ; ; ; ; 
TRACK;1.11.69-12;-16.39939037;-71.5229242;-1941297.941;2839835.042;A;False; ; ;0; ; ; ; ; ; 
TRACK;1.11.69-12;-16.39939376;-71.52280515;-1941299.839;2839848.498;A;False; ; ;0; ; ; ; ; ; 
TRACK;1.11.69-12;-16.39944781;-71.52267924;-1941307.776;2839862.069;A;False; ; ;0; ; ; ; ; ; 
TRACK;1.11.69-12;-16.3995008;-71.5225644;-1941315.449;2839874.399;A;False; ; ;0; ; ; ; ; ; 
TRACK;1.11.69-12;-16.39956561;-71.52247638;-1941324.172;2839883.534;A;False; ; ;0; ; ; ; ; ; 
TRACK;1.11.69-12;-16.39968758;-71.52234752;-1941340.125;2839896.551;A;False; ; ;0; ; ; ; ; ; 
TRACK;1.11.69-12;-16.39992098;-71.52216628;-1941369.828;2839914.055;A;False; ; ;0; ; ; ; ; ; 
TRACK;1.11.69-12;-16.39979226;-71.52196462;-1941357.249;2839938.602;A;False; ; ;0; ; ; ; ; ; 
TRACK;1.11.69-14; ; ;-1.516416327;20763369.87;A; ; ; ; ; ; ; ; ; ; 
TRACK;1.11.69-14;-16.39988131;-71.52716937;-1941302.102;2839347.269;A;False; ; ;0; ; ; ; ; ; 
TRACK;1.11.69-14;-16.40033622;-71.52682716;-1941359.853;2839380.132;A;False; ; ;0; ; ; ; ; ; 
TRACK;1.11.69-14;-16.39951782;-71.525804;-1941276.611;2839506.834;A;False; ; ;0; ; ; ; ; ; 
TRACK;1.11.69-14;-16.39908615;-71.52617771;-1941221.193;2839470.096;A;False; ; ;0; ; ; ; ; ; 
TRACK;1.11.69-17; ; ;-1.516416327;20763369.87;A; ; ; ; ; ; ; ; ; ; 
TRACK;1.11.69-17;-16.40046143;-71.52815356;-1941357.844;2839228.099;A;False; ; ;0; ; ; ; ; ; 
TRACK;1.11.69-17;-16.40070486;-71.52784152;-1941390.372;2839260.302;A;False; ; ;0; ; ; ; ; ; 
TRACK;1.11.69-17;-16.40093947;-71.52754455;-1941421.674;2839290.91;A;False; ; ;0; ; ; ; ; ; 
TRACK;1.11.69-17;-16.40036734;-71.52686865;-1941362.985;2839375.021;A;False; ; ;0; ; ; ; ; ; 
TRACK;1.11.69-17;-16.39962194;-71.52745979;-1941267.973;2839317.725;A;False; ; ;0; ; ; ; ; ; 
TRACK;1.11.69-17;-16.40032295;-71.52833826;-1941339.249;2839208.964;A;False; ; ;0; ; ; ; ; ; 
TRACK;1.11.69-18; ; ;-1.516416327;20763369.87;A; ; ; ; ; ; ; ; ; ; 
TRACK;1.11.69-18;-16.39996267;-71.52802296;-1941300.9;2839249.419;A;False; ; ;0; ; ; ; ; ; 
TRACK;1.11.69-18;-16.39957298;-71.52752138;-1941261.445;2839311.38;A;False; ; ;0; ; ; ; ; ; 
TRACK;1.11.69-18;-16.39912277;-71.52789152;-1941203.895;2839275.289;A;False; ; ;0; ; ; ; ; ; 
TRACK;1.11.69-18;-16.39952703;-71.52840928;-1941244.858;2839211.303;A;False; ; ;0; ; ; ; ; ; 
TRACK;1.11.69-19; ; ;-1.516416327;20763369.87;A; ; ; ; ; ; ; ; ; ; 
TRACK;1.11.69-19;-16.40026983;-71.52839807;-1941332.254;2839202.876;A;False; ; ;0; ; ; ; ; ; 
TRACK;1.11.69-19;-16.40000705;-71.52806845;-1941305.54;2839243.681;A;False; ; ;0; ; ; ; ; ; 
TRACK;1.11.69-19;-16.39956019;-71.52845827;-1941248.136;2839205.314;A;False; ; ;0; ; ; ; ; ; 
TRACK;1.11.69-19;-16.39984207;-71.52883484;-1941276.502;2839158.936;A;False; ; ;0; ; ; ; ; ; 
TRACK;1.11.1-2; ; ;-1.516416327;20763369.87;B; ; ; ; ; ; ; ; ; ; 
TRACK;1.11.1-2;-16.39324359;-71.52713499;-1940522.801;2839437.821;B;False; ; ;0; ; ; ; ; ; 
TRACK;1.11.1-2;-16.39321346;-71.5267713;-1940523.844;2839479.455;B;False; ; ;0; ; ; ; ; ; 
TRACK;1.11.1-2;-16.39270513;-71.52698786;-1940461.401;2839461.533;B;False; ; ;0; ; ; ; ; ; 
TRACK;1.11.1-2;-16.39212171;-71.52719938;-1940390.202;2839445.162;B;False; ; ;0; ; ; ; ; ; 
TRACK;1.11.1-2;-16.39200916;-71.52725564;-1940376.271;2839440.251;B;False; ; ;0; ; ; ; ; ; 
TRACK;1.11.1-2;-16.39209858;-71.52741968;-1940384.71;2839420.483;B;False; ; ;0; ; ; ; ; ; 
TRACK;1.11.1-2;-16.3926606;-71.52741484;-1940450.791;2839413.696;B;False; ; ;0; ; ; ; ; ; 
TRACK;1.11.1-2;-16.39324928;-71.52744372;-1940519.58;2839402.738;B;False; ; ;0; ; ; ; ; ; 
TRACK;1.11.1-3; ; ;-1.516416327;20763369.87;B; ; ; ; ; ; ; ; ; ; 
TRACK;1.11.1-3;-16.3932001;-71.52675516;-1940522.478;2839481.459;B;False; ; ;0; ; ; ; ; ; 
TRACK;1.11.1-3;-16.39317761;-71.52652665;-1940522.716;2839507.664;B;False; ; ;0; ; ; ; ; ; 
TRACK;1.11.1-3;-16.39297623;-71.52587505;-1940507.269;2839584.181;B;False; ; ;0; ; ; ; ; ; 
TRACK;1.11.1-3;-16.39278136;-71.52554113;-1940488.584;2839624.589;B;False; ; ;0; ; ; ; ; ; 
TRACK;1.11.1-3;-16.39271438;-71.52545163;-1940481.845;2839635.613;B;False; ; ;0; ; ; ; ; ; 
TRACK;1.11.1-3;-16.39234903;-71.52577817;-1940434.811;2839603.353;B;False; ; ;0; ; ; ; ; ; 
TRACK;1.11.1-3;-16.39294603;-71.52683738;-1940491.596;2839475.453;B;False; ; ;0; ; ; ; ; ; 
TRACK;1.11.1-4; ; ;-1.516416327;20763369.87;B; ; ; ; ; ; ; ; ; ; 
TRACK;1.11.1-4;-16.39270258;-71.52538345;-1940481.317;2839643.499;B;False; ; ;0; ; ; ; ; ; 
TRACK;1.11.1-4;-16.39245878;-71.52508036;-1940456.496;2839681.05;B;False; ; ;0; ; ; ; ; ; 
TRACK;1.11.1-4;-16.39217487;-71.52474796;-1940427.333;2839722.448;B;False; ; ;0; ; ; ; ; ; 
TRACK;1.11.1-4;-16.39197402;-71.52455141;-1940406.215;2839747.358;B;False; ; ;0; ; ; ; ; ; 
TRACK;1.11.1-4;-16.39161738;-71.52499572;-1940358.722;2839701.631;B;False; ; ;0; ; ; ; ; ; 
TRACK;1.11.1-4;-16.3920432;-71.5253564;-1940404.199;2839655.173;B;False; ; ;0; ; ; ; ; ; 
TRACK;1.11.1-4;-16.39231035;-71.52570703;-1940431.164;2839611.925;B;False; ; ;0; ; ; ; ; ; 
TRACK;1.11.1-5; ; ;-1.516416327;20763369.87;B; ; ; ; ; ; ; ; ; ; 
TRACK;1.11.1-5;-16.39248007;-71.52618739;-1940445.049;2839555.239;B;False; ; ;0; ; ; ; ; ; 
TRACK;1.11.1-5;-16.39219122;-71.52573207;-1940416.853;2839610.641;B;False; ; ;0; ; ; ; ; ; 
TRACK;1.11.1-5;-16.39203453;-71.5254947;-1940401.439;2839639.603;B;False; ; ;0; ; ; ; ; ; 
TRACK;1.11.1-5;-16.39156116;-71.52507369;-1940351.134;2839693.523;B;False; ; ;0; ; ; ; ; ; 
TRACK;1.11.1-5;-16.39123789;-71.52547758;-1940308.071;2839651.942;B;False; ; ;0; ; ; ; ; ; 
TRACK;1.11.1-5;-16.39164769;-71.52589777;-1940350.917;2839598.946;B;False; ; ;0; ; ; ; ; ; 
TRACK;1.11.1-5;-16.39224212;-71.52645557;-1940413.718;2839527.935;B;False; ; ;0; ; ; ; ; ; 
TRACK;1.11.1-6; ; ;-1.516416327;20763369.87;B; ; ; ; ; ; ; ; ; ; 
TRACK;1.11.1-6;-16.39286107;-71.52688227;-1940481.05;2839471.47;B;False; ; ;0; ; ; ; ; ; 
TRACK;1.11.1-6;-16.39272645;-71.52658435;-1940468.99;2839507.011;B;False; ; ;0; ; ; ; ; ; 
TRACK;1.11.1-6;-16.39259816;-71.52632486;-1940457.189;2839538.109;B;False; ; ;0; ; ; ; ; ; 
TRACK;1.11.1-6;-16.39252617;-71.52621639;-1940450.099;2839551.35;B;False; ; ;0; ; ; ; ; ; 
TRACK;1.11.1-6;-16.3922775;-71.52650417;-1940417.261;2839521.963;B;False; ; ;0; ; ; ; ; ; 
TRACK;1.11.1-6;-16.39255037;-71.52675836;-1940446.114;2839489.577;B;False; ; ;0; ; ; ; ; ; 
TRACK;1.11.1-6;-16.39270443;-71.52693945;-1940461.929;2839467.032;B;False; ; ;0; ; ; ; ; ; 
TRACK;1.11.1-7; ; ;-1.516416327;20763369.87;B; ; ; ; ; ; ; ; ; ; 
TRACK;1.11.1-7;-16.39263565;-71.52697104;-1940453.452;2839464.347;B;False; ; ;0; ; ; ; ; ; 
TRACK;1.11.1-7;-16.39255757;-71.52683976;-1940445.933;2839480.252;B;False; ; ;0; ; ; ; ; ; 
TRACK;1.11.1-7;-16.39239718;-71.52667521;-1940429.165;2839501.005;B;False; ; ;0; ; ; ; ; ; 
TRACK;1.11.1-7;-16.39224765;-71.52654968;-1940413.182;2839517.191;B;False; ; ;0; ; ; ; ; ; 
TRACK;1.11.1-7;-16.39181842;-71.52702568;-1940356.763;2839468.817;B;False; ; ;0; ; ; ; ; ; 
TRACK;1.11.1-7;-16.39195386;-71.52721447;-1940370.294;2839445.641;B;False; ; ;0; ; ; ; ; ; 
TRACK;1.11.1-8; ; ;-1.516416327;20763369.87;B; ; ; ; ; ; ; ; ; ; 
TRACK;1.11.1-8;-16.39182307;-71.52649054;-1940364.051;2839529.439;B;False; ; ;0; ; ; ; ; ; 
TRACK;1.11.1-8;-16.39205584;-71.52665638;-1940389.305;2839507.595;B;False; ; ;0; ; ; ; ; ; 
TRACK;1.11.1-8;-16.39220852;-71.52649261;-1940409.304;2839524.174;B;False; ; ;0; ; ; ; ; ; 
TRACK;1.11.1-8;-16.3916263;-71.52596488;-1940347.559;2839591.614;B;False; ; ;0; ; ; ; ; ; 
TRACK;1.11.1-8;-16.39117704;-71.52555473;-1940299.951;2839643.988;B;False; ; ;0; ; ; ; ; ; 
TRACK;1.11.1-8;-16.39102569;-71.52575107;-1940279.697;2839623.699;B;False; ; ;0; ; ; ; ; ; 
TRACK;1.11.1-8;-16.39123788;-71.52607835;-1940300.501;2839583.817;B;False; ; ;0; ; ; ; ; ; 
TRACK;1.11.1-8;-16.39148283;-71.52646332;-1940324.425;2839536.966;B;False; ; ;0; ; ; ; ; ; 
TRACK;1.11.1-8;-16.39178367;-71.52695686;-1940353.547;2839477.074;B;False; ; ;0; ; ; ; ; ; 
TRACK;1.11.1-8;-16.39203234;-71.52668159;-1940386.227;2839505.044;B;False; ; ;0; ; ; ; ; ; 
TRACK;1.11.1-8;-16.39180989;-71.52651274;-1940362.223;2839527.093;B;False; ; ;0; ; ; ; ; ; 
TRACK;1.11.1-9; ; ;-1.516416327;20763369.87;B; ; ; ; ; ; ; ; ; ; 
TRACK;1.11.1-9;-16.39177287;-71.52757709;-1940344.465;2839406.884;B;False; ; ;0; ; ; ; ; ; 
TRACK;1.11.1-9;-16.39202159;-71.52746078;-1940375.148;2839416.827;B;False; ; ;0; ; ; ; ; ; 
TRACK;1.11.1-9;-16.39155884;-71.52671679;-1940330.161;2839507.232;B;False; ; ;0; ; ; ; ; ; 
TRACK;1.11.1-9;-16.39112693;-71.52599658;-1940288.497;2839594.537;B;False; ; ;0; ; ; ; ; ; 
TRACK;1.11.1-9;-16.39108916;-71.52602544;-1940283.697;2839591.758;B;False; ; ;0; ; ; ; ; ; 
TRACK;1.11.1-9;-16.39116845;-71.52631181;-1940289.403;2839558.25;B;False; ; ;0; ; ; ; ; ; 
TRACK;1.11.1-9;-16.3913886;-71.52702775;-1940306.245;2839474.192;B;False; ; ;0; ; ; ; ; ; 
TRACK;1.11.1-9;-16.39157169;-71.5276394;-1940320.048;2839402.444;B;False; ; ;0; ; ; ; ; ; 
TRACK;1.11.1-10; ; ;-1.516416327;20763369.87;B; ; ; ; ; ; ; ; ; ; 
TRACK;1.11.1-10;-16.39150712;-71.52766212;-1940312.176;2839400.71;B;False; ; ;0; ; ; ; ; ; 
TRACK;1.11.1-10;-16.39129576;-71.52683159;-1940297.811;2839497.648;B;False; ; ;0; ; ; ; ; ; 
TRACK;1.11.1-10;-16.39112243;-71.52625633;-1940284.696;2839565.142;B;False; ; ;0; ; ; ; ; ; 
TRACK;1.11.1-10;-16.39106832;-71.52605334;-1940280.897;2839588.866;B;False; ; ;0; ; ; ; ; ; 
TRACK;1.11.1-10;-16.3910564;-71.52589828;-1940281.451;2839606.605;B;False; ; ;0; ; ; ; ; ; 
TRACK;1.11.1-10;-16.39099952;-71.52576367;-1940276.465;2839622.612;B;False; ; ;0; ; ; ; ; ; 
TRACK;1.11.1-10;-16.39054364;-71.52633479;-1940215.717;2839563.798;B;False; ; ;0; ; ; ; ; ; 
TRACK;1.11.1-10;-16.39122229;-71.52777549;-1940277.288;2839391.572;B;False; ; ;0; ; ; ; ; ; 
TRACK;1.11.1-11; ; ;-1.516416327;20763369.87;B; ; ; ; ; ; ; ; ; ; 
TRACK;1.11.1-11;-16.39099753;-71.52788607;-1940249.493;2839381.967;B;False; ; ;0; ; ; ; ; ; 
TRACK;1.11.1-11;-16.39117243;-71.52777501;-1940271.437;2839392.277;B;False; ; ;0; ; ; ; ; ; 
TRACK;1.11.1-11;-16.3909134;-71.52727972;-1940247.248;2839451.821;B;False; ; ;0; ; ; ; ; ; 
TRACK;1.11.1-11;-16.39061713;-71.5266265;-1940220.674;2839529.76;B;False; ; ;0; ; ; ; ; ; 
TRACK;1.11.1-11;-16.39050972;-71.5263593;-1940211.423;2839561.462;B;False; ; ;0; ; ; ; ; ; 
TRACK;1.11.1-11;-16.39024956;-71.52650087;-1940179.078;2839548.803;B;False; ; ;0; ; ; ; ; ; 
TRACK;1.11.1-11;-16.39065841;-71.52738681;-1940215.945;2839443.005;B;False; ; ;0; ; ; ; ; ; 
TRACK;1.11.2-1; ; ;-1.516416327;20763369.87;B; ; ; ; ; ; ; ; ; ; 
TRACK;1.11.2-1;-16.39362922;-71.52862991;-1940549.267;2839263.274;B;False; ; ;0; ; ; ; ; ; 
TRACK;1.11.2-1;-16.39382655;-71.5284431;-1940574.801;2839281.882;B;False; ; ;0; ; ; ; ; ; 
TRACK;1.11.2-1;-16.39354712;-71.52816802;-1940545.442;2839316.72;B;False; ; ;0; ; ; ; ; ; 
TRACK;1.11.2-1;-16.39331593;-71.52792504;-1940521.345;2839347.291;B;False; ; ;0; ; ; ; ; ; 
TRACK;1.11.2-1;-16.39342078;-71.52881215;-1940522.485;2839245.329;B;False; ; ;0; ; ; ; ; ; 
TRACK;1.11.2-2; ; ;-1.516416327;20763369.87;B; ; ; ; ; ; ; ; ; ; 
TRACK;1.11.2-2;-16.39521665;-71.52712182;-1940754.744;2839413.56;B;False; ; ;0; ; ; ; ; ; 
TRACK;1.11.2-2;-16.39459397;-71.52640232;-1940690.662;2839503.275;B;False; ; ;0; ; ; ; ; ; 
TRACK;1.11.2-2;-16.39330176;-71.52779571;-1940521.31;2839362.14;B;False; ; ;0; ; ; ; ; ; 
TRACK;1.11.2-2;-16.39347133;-71.52803329;-1940538.236;2839332.987;B;False; ; ;0; ; ; ; ; ; 
TRACK;1.11.2-2;-16.39385074;-71.52840756;-1940578.09;2839285.595;B;False; ; ;0; ; ; ; ; ; 
TRACK;1.11.2-3; ; ;-1.516416327;20763369.87;B; ; ; ; ; ; ; ; ; ; 
TRACK;1.11.2-3;-16.39557253;-71.52677719;-1940800.892;2839447.993;B;False; ; ;0; ; ; ; ; ; 
TRACK;1.11.2-3;-16.3947609;-71.52590264;-1940716.568;2839557.756;B;False; ; ;0; ; ; ; ; ; 
TRACK;1.11.2-3;-16.39451884;-71.52619315;-1940684.473;2839527.974;B;False; ; ;0; ; ; ; ; ; 
TRACK;1.11.2-3;-16.39525229;-71.52707567;-1940759.512;2839418.328;B;False; ; ;0; ; ; ; ; ; 
TRACK;1.11.2-4; ; ;-1.516416327;20763369.87;B; ; ; ; ; ; ; ; ; ; 
TRACK;1.11.2-4;-16.39524527;-71.52637982;-1940767.455;2839497.324;B;False; ; ;0; ; ; ; ; ; 
TRACK;1.11.2-4;-16.39559731;-71.52674971;-1940804.148;2839450.786;B;False; ; ;0; ; ; ; ; ; 
TRACK;1.11.2-4;-16.3959373;-71.52641609;-1940848.292;2839484.177;B;False; ; ;0; ; ; ; ; ; 
TRACK;1.11.2-4;-16.3957834;-71.52630465;-1940831.617;2839498.822;B;False; ; ;0; ; ; ; ; ; 
TRACK;1.11.2-4;-16.39559246;-71.52618728;-1940810.667;2839514.624;B;False; ; ;0; ; ; ; ; ; 
TRACK;1.11.2-4;-16.39504814;-71.52563955;-1940753.627;2839583.839;B;False; ; ;0; ; ; ; ; ; 
TRACK;1.11.2-4;-16.39480174;-71.52587388;-1940721.729;2839560.484;B;False; ; ;0; ; ; ; ; ; 
TRACK;1.11.2-5; ; ;-1.516416327;20763369.87;B; ; ; ; ; ; ; ; ; ; 
TRACK;1.11.2-5;-16.39617817;-71.52659987;-1940874.27;2839460.193;B;False; ; ;0; ; ; ; ; ; 
TRACK;1.11.2-5;-16.39599616;-71.5264052;-1940855.343;2839484.643;B;False; ; ;0; ; ; ; ; ; 
TRACK;1.11.2-5;-16.39530509;-71.5271032;-1940765.367;2839414.517;B;False; ; ;0; ; ; ; ; ; 
TRACK;1.11.2-5;-16.39548949;-71.52729945;-1940784.555;2839389.856;B;False; ; ;0; ; ; ; ; ; 
TRACK;1.11.2-6; ; ;-1.516416327;20763369.87;B; ; ; ; ; ; ; ; ; ; 
TRACK;1.11.2-6;-16.39619741;-71.52658886;-1940876.669;2839461.191;B;False; ; ;0; ; ; ; ; ; 
TRACK;1.11.2-6;-16.39649763;-71.52623977;-1940916.336;2839496.855;B;False; ; ;0; ; ; ; ; ; 
TRACK;1.11.2-6;-16.39673169;-71.52591826;-1940947.883;2839530.256;B;False; ; ;0; ; ; ; ; ; 
TRACK;1.11.2-6;-16.39719117;-71.52521929;-1941010.667;2839603.515;B;False; ; ;0; ; ; ; ; ; 
TRACK;1.11.2-6;-16.39688588;-71.5250363;-1940977.11;2839628.251;B;False; ; ;0; ; ; ; ; ; 
TRACK;1.11.2-6;-16.39655613;-71.52552782;-1940932.18;2839576.821;B;False; ; ;0; ; ; ; ; ; 
TRACK;1.11.2-6;-16.3962773;-71.52583462;-1940895.559;2839545.673;B;False; ; ;0; ; ; ; ; ; 
TRACK;1.11.2-6;-16.39604377;-71.52609542;-1940864.839;2839519.148;B;False; ; ;0; ; ; ; ; ; 
TRACK;1.11.2-6;-16.3959206;-71.52627349;-1940848.126;2839500.565;B;False; ; ;0; ; ; ; ; ; 
TRACK;1.11.2-7; ; ;-1.516416327;20763369.87;B; ; ; ; ; ; ; ; ; ; 
TRACK;1.11.2-7;-16.39661323;-71.52538682;-1940940.665;2839592.064;B;False; ; ;0; ; ; ; ; ; 
TRACK;1.11.2-7;-16.39685224;-71.52499619;-1940973.665;2839633.238;B;False; ; ;0; ; ; ; ; ; 
TRACK;1.11.2-7;-16.39660389;-71.52485001;-1940946.333;2839653.056;B;False; ; ;0; ; ; ; ; ; 
TRACK;1.11.2-7;-16.39642412;-71.52514875;-1940921.45;2839621.528;B;False; ; ;0; ; ; ; ; ; 
TRACK;1.11.2-7;-16.39609434;-71.52548524;-1940878.47;2839587.679;B;False; ; ;0; ; ; ; ; ; 
TRACK;1.11.2-7;-16.39549492;-71.52605863;-1940800.829;2839530.486;B;False; ; ;0; ; ; ; ; ; 
TRACK;1.11.2-7;-16.39562401;-71.52616587;-1940814.642;2839516.64;B;False; ; ;0; ; ; ; ; ; 
TRACK;1.11.2-7;-16.39584438;-71.52631462;-1940838.654;2839496.896;B;False; ; ;0; ; ; ; ; ; 
TRACK;1.11.2-7;-16.39622317;-71.52582783;-1940889.286;2839547.15;B;False; ; ;0; ; ; ; ; ; 
TRACK;1.11.2-8; ; ;-1.516416327;20763369.87;B; ; ; ; ; ; ; ; ; ; 
TRACK;1.11.2-8;-16.39567609;-71.52583015;-1940824.991;2839554.029;B;False; ; ;0; ; ; ; ; ; 
TRACK;1.11.2-8;-16.39577039;-71.52573761;-1940837.234;2839563.29;B;False; ; ;0; ; ; ; ; ; 
TRACK;1.11.2-8;-16.39611294;-71.52538982;-1940881.857;2839598.256;B;False; ; ;0; ; ; ; ; ; 
TRACK;1.11.2-8;-16.39640649;-71.52511668;-1940919.783;2839625.395;B;False; ; ;0; ; ; ; ; ; 
TRACK;1.11.2-8;-16.39658057;-71.52482551;-1940943.902;2839656.139;B;False; ; ;0; ; ; ; ; ; 
TRACK;1.11.2-8;-16.39614708;-71.52454223;-1940896.55;2839693.921;B;False; ; ;0; ; ; ; ; ; 
TRACK;1.11.2-8;-16.39588845;-71.52484987;-1940862.291;2839662.413;B;False; ; ;0; ; ; ; ; ; 
TRACK;1.11.2-8;-16.39579262;-71.52494485;-1940849.836;2839652.895;B;False; ; ;0; ; ; ; ; ; 
TRACK;1.11.2-8;-16.39557659;-71.52513676;-1940822.041;2839633.954;B;False; ; ;0; ; ; ; ; ; 
TRACK;1.11.2-8;-16.39542633;-71.52527065;-1940802.702;2839620.732;B;False; ; ;0; ; ; ; ; ; 
TRACK;1.11.2-8;-16.39507919;-71.52561389;-1940757.597;2839586.343;B;False; ; ;0; ; ; ; ; ; 
TRACK;1.11.2-8;-16.39548712;-71.52601855;-1940800.418;2839535.132;B;False; ; ;0; ; ; ; ; ; 
TRACK;1.11.2-9; ; ;-1.516416327;20763369.87;B; ; ; ; ; ; ; ; ; ; 
TRACK;1.11.2-9;-16.39503057;-71.52560007;-1940752.061;2839588.545;B;False; ; ;0; ; ; ; ; ; 
TRACK;1.11.2-9;-16.39530234;-71.52533553;-1940787.318;2839614.994;B;False; ; ;0; ; ; ; ; ; 
TRACK;1.11.2-9;-16.39582434;-71.5248444;-1940854.829;2839663.871;B;False; ; ;0; ; ; ; ; ; 
TRACK;1.11.2-9;-16.39610412;-71.52451839;-1940891.804;2839697.185;B;False; ; ;0; ; ; ; ; ; 
TRACK;1.11.2-9;-16.39578955;-71.52429408;-1940857.677;2839726.728;B;False; ; ;0; ; ; ; ; ; 
TRACK;1.11.2-9;-16.39542749;-71.52407474;-1940817.909;2839756.327;B;False; ; ;0; ; ; ; ; ; 
TRACK;1.11.2-9;-16.39520716;-71.52445975;-1940787.175;2839715.546;B;False; ; ;0; ; ; ; ; ; 
TRACK;1.11.2-9;-16.39510366;-71.52468019;-1940772.239;2839691.899;B;False; ; ;0; ; ; ; ; ; 
TRACK;1.11.2-9;-16.39498914;-71.52496928;-1940755.143;2839660.614;B;False; ; ;0; ; ; ; ; ; 
TRACK;1.11.2-9;-16.39482419;-71.52529877;-1940731.613;2839625.405;B;False; ; ;0; ; ; ; ; ; 
TRACK;1.11.2-9;-16.39467059;-71.52559501;-1940709.837;2839593.818;B;False; ; ;0; ; ; ; ; ; 
TRACK;1.11.2-9;-16.39483369;-71.52575221;-1940727.015;2839573.864;B;False; ; ;0; ; ; ; ; ; 
TRACK;1.11.2-10; ; ;-1.516416327;20763369.87;B; ; ; ; ; ; ; ; ; ; 
TRACK;1.11.2-10;-16.39454711;-71.52563671;-1940694.806;2839590.702;B;False; ; ;0; ; ; ; ; ; 
TRACK;1.11.2-10;-16.39464441;-71.52553357;-1940707.535;2839601.128;B;False; ; ;0; ; ; ; ; ; 
TRACK;1.11.2-10;-16.39478923;-71.52528027;-1940727.74;2839627.959;B;False; ; ;0; ; ; ; ; ; 
TRACK;1.11.2-10;-16.39488947;-71.52506203;-1940742.264;2839651.397;B;False; ; ;0; ; ; ; ; ; 
TRACK;1.11.2-10;-16.39499556;-71.52487793;-1940757.048;2839670.889;B;False; ; ;0; ; ; ; ; ; 
TRACK;1.11.2-10;-16.39493002;-71.52481612;-1940750.127;2839678.754;B;False; ; ;0; ; ; ; ; ; 
TRACK;1.11.2-10;-16.39479295;-71.52491401;-1940732.792;2839669.442;B;False; ; ;0; ; ; ; ; ; 
TRACK;1.11.2-10;-16.39453044;-71.52523965;-1940697.85;2839635.943;B;False; ; ;0; ; ; ; ; ; 
TRACK;1.11.2-10;-16.39438076;-71.5254317;-1940677.847;2839616.12;B;False; ; ;0; ; ; ; ; ; 
TRACK;1.11.2-11; ; ;-1.516416327;20763369.87;B; ; ; ; ; ; ; ; ; ; 
TRACK;1.11.2-11;-16.39436297;-71.52583193;-1940670.715;2839570.968;B;False; ; ;0; ; ; ; ; ; 
TRACK;1.11.2-11;-16.39452517;-71.52565937;-1940691.942;2839588.418;B;False; ; ;0; ; ; ; ; ; 
TRACK;1.11.2-11;-16.39435449;-71.52546032;-1940674.402;2839613.218;B;False; ; ;0; ; ; ; ; ; 
TRACK;1.11.2-11;-16.39419521;-71.52567125;-1940653.033;2839591.379;B;False; ; ;0; ; ; ; ; ; 
TRACK;1.11.2-12; ; ;-1.516416327;20763369.87;B; ; ; ; ; ; ; ; ; ; 
TRACK;1.11.2-12;-16.3945739;-71.52635507;-1940688.9;2839508.895;B;False; ; ;0; ; ; ; ; ; 
TRACK;1.11.2-12;-16.39418643;-71.52599828;-1940647.88;2839554.411;B;False; ; ;0; ; ; ; ; ; 
TRACK;1.11.2-12;-16.39432183;-71.5258489;-1940665.668;2839569.582;B;False; ; ;0; ; ; ; ; ; 
TRACK;1.11.2-12;-16.39417044;-71.52570808;-1940649.658;2839587.526;B;False; ; ;0; ; ; ; ; ; 
TRACK;1.11.2-12;-16.3932627;-71.52683195;-1940528.864;2839471.934;B;False; ; ;0; ; ; ; ; ; 
TRACK;1.11.2-12;-16.39330379;-71.52771864;-1940522.519;2839370.853;B;False; ; ;0; ; ; ; ; ; 
TRACK;1.11.2-12;-16.39383354;-71.52711554;-1940592.348;2839432.327;B;False; ; ;0; ; ; ; ; ; 
TRACK;1.11.2-13; ; ;-1.516416327;20763369.87;B; ; ; ; ; ; ; ; ; ; 
TRACK;1.11.2-13;-16.39413146;-71.52564443;-1940645.882;2839595.253;B;False; ; ;0; ; ; ; ; ; 
TRACK;1.11.2-13;-16.39315819;-71.52493493;-1940540.489;2839688.411;B;False; ; ;0; ; ; ; ; ; 
TRACK;1.11.2-13;-16.39276887;-71.52540252;-1940488.864;2839640.47;B;False; ; ;0; ; ; ; ; ; 
TRACK;1.11.2-13;-16.3927872;-71.52538034;-1940491.297;2839642.746;B;False; ; ;0; ; ; ; ; ; 
TRACK;1.11.2-13;-16.39301641;-71.52574958;-1940513.57;2839597.884;B;False; ; ;0; ; ; ; ; ; 
TRACK;1.11.2-13;-16.39311746;-71.52594285;-1940523.005;2839574.65;B;False; ; ;0; ; ; ; ; ; 
TRACK;1.11.2-13;-16.39316979;-71.5261431;-1940526.63;2839551.259;B;False; ; ;0; ; ; ; ; ; 
TRACK;1.11.2-13;-16.39321414;-71.52632322;-1940529.569;2839530.256;B;False; ; ;0; ; ; ; ; ; 
TRACK;1.11.2-13;-16.39326614;-71.52671467;-1940530.745;2839485.188;B;False; ; ;0; ; ; ; ; ; 
TRACK;1.11.2-14; ; ;-1.516416327;20763369.87;B; ; ; ; ; ; ; ; ; ; 
TRACK;1.11.2-14;-16.3943311;-71.5254041;-1940672.362;2839619.898;B;False; ; ;0; ; ; ; ; ; 
TRACK;1.11.2-14;-16.39381698;-71.52478432;-1940619.778;2839696.89;B;False; ; ;0; ; ; ; ; ; 
TRACK;1.11.2-14;-16.39326026;-71.5241787;-1940562.01;2839772.832;B;False; ; ;0; ; ; ; ; ; 
TRACK;1.11.2-14;-16.39283397;-71.52460291;-1940506.587;2839730.293;B;False; ; ;0; ; ; ; ; ; 
TRACK;1.11.2-14;-16.39349156;-71.52510468;-1940577.513;2839664.811;B;False; ; ;0; ; ; ; ; ; 
TRACK;1.11.2-14;-16.39416225;-71.52564368;-1940649.507;2839594.935;B;False; ; ;0; ; ; ; ; ; 
TRACK;1.11.2-15; ; ;-1.516416327;20763369.87;B; ; ; ; ; ; ; ; ; ; 
TRACK;1.11.2-15;-16.39493194;-71.52477276;-1940750.899;2839683.645;B;False; ; ;0; ; ; ; ; ; 
TRACK;1.11.2-15;-16.39500097;-71.52472607;-1940759.597;2839688.038;B;False; ; ;0; ; ; ; ; ; 
TRACK;1.11.2-15;-16.39520536;-71.52434794;-1940788.373;2839728.247;B;False; ; ;0; ; ; ; ; ; 
TRACK;1.11.2-15;-16.39445865;-71.52385047;-1940706.924;2839794.406;B;False; ; ;0; ; ; ; ; ; 
TRACK;1.11.2-15;-16.39420794;-71.5240915;-1940674.435;2839770.348;B;False; ; ;0; ; ; ; ; ; 
TRACK;1.11.2-15;-16.39370875;-71.52458696;-1940609.55;2839720.682;B;False; ; ;0; ; ; ; ; ; 
TRACK;1.11.2-15;-16.3940553;-71.52498257;-1940645.275;2839671.298;B;False; ; ;0; ; ; ; ; ; 
TRACK;1.11.2-15;-16.39436198;-71.52537667;-1940676.335;2839622.606;B;False; ; ;0; ; ; ; ; ; 
TRACK;1.11.2-15;-16.39488465;-71.52473321;-1940745.843;2839688.747;B;False; ; ;0; ; ; ; ; ; 
TRACK;1.11.2-16; ; ;-1.516416327;20763369.87;B; ; ; ; ; ; ; ; ; ; 
TRACK;1.11.2-16;-16.39395362;-71.52345661;-1940652.561;2839845.662;B;False; ; ;0; ; ; ; ; ; 
TRACK;1.11.2-16;-16.3933576;-71.52422292;-1940572.887;2839766.547;B;False; ; ;0; ; ; ; ; ; 
TRACK;1.11.2-16;-16.39363525;-71.52454559;-1940601.437;2839726.333;B;False; ; ;0; ; ; ; ; ; 
TRACK;1.11.2-16;-16.39438649;-71.52379415;-1940699.157;2839801.736;B;False; ; ;0; ; ; ; ; ; 
TRACK;1.11.2-17; ; ;-1.516416327;20763369.87;B; ; ; ; ; ; ; ; ; ; 
TRACK;1.11.2-17;-16.39475636;-71.52398461;-1940740.206;2839775.309;B;False; ; ;0; ; ; ; ; ; 
TRACK;1.11.2-17;-16.39522059;-71.52431371;-1940790.593;2839731.93;B;False; ; ;0; ; ; ; ; ; 
TRACK;1.11.2-17;-16.39531383;-71.52417058;-1940803.35;2839746.943;B;False; ; ;0; ; ; ; ; ; 
TRACK;1.11.2-17;-16.3953755;-71.52405174;-1940812.092;2839759.613;B;False; ; ;0; ; ; ; ; ; 
TRACK;1.11.2-17;-16.39469753;-71.52359097;-1940738.256;2839820.715;B;False; ; ;0; ; ; ; ; ; 
TRACK;1.11.2-17;-16.39413646;-71.52321321;-1940677.106;2839870.875;B;False; ; ;0; ; ; ; ; ; 
TRACK;1.11.2-17;-16.3940138;-71.52339715;-1940660.379;2839851.619;B;False; ; ;0; ; ; ; ; ; 
TRACK;1.11.2-18; ; ;-1.516416327;20763369.87;B; ; ; ; ; ; ; ; ; ; 
TRACK;1.11.2-18;-16.39338602;-71.52274793;-1940594.814;2839933.434;B;False; ; ;0; ; ; ; ; ; 
TRACK;1.11.2-18;-16.3928111;-71.52351657;-1940517.589;2839853.779;B;False; ; ;0; ; ; ; ; ; 
TRACK;1.11.2-18;-16.39326688;-71.52409272;-1940563.871;2839782.495;B;False; ; ;0; ; ; ; ; ; 
TRACK;1.11.2-18;-16.39399665;-71.52312407;-1940661.806;2839882.809;B;False; ; ;0; ; ; ; ; ; 
TRACK;1.11.2-19; ; ;-1.516416327;20763369.87;B; ; ; ; ; ; ; ; ; ; 
TRACK;1.11.2-19;-16.39324228;-71.52411235;-1940560.734;2839780.59;B;False; ; ;0; ; ; ; ; ; 
TRACK;1.11.2-19;-16.39275637;-71.52352645;-1940511.036;2839853.373;B;False; ; ;0; ; ; ; ; ; 
TRACK;1.11.2-19;-16.39224583;-71.52416257;-1940443.045;2839787.904;B;False; ; ;0; ; ; ; ; ; 
TRACK;1.11.2-19;-16.39278628;-71.52457097;-1940501.388;2839734.538;B;False; ; ;0; ; ; ; ; ; 
TRACK;1.11.2-20; ; ;-1.516416327;20763369.87;B; ; ; ; ; ; ; ; ; ; 
TRACK;1.11.2-20;-16.39312056;-71.52489342;-1940536.592;2839693.609;B;False; ; ;0; ; ; ; ; ; 
TRACK;1.11.2-20;-16.39221054;-71.52419014;-1940438.552;2839785.238;B;False; ; ;0; ; ; ; ; ; 
TRACK;1.11.2-20;-16.39199634;-71.52446362;-1940409.943;2839757.022;B;False; ; ;0; ; ; ; ; ; 
TRACK;1.11.2-20;-16.39276821;-71.52531778;-1940489.854;2839650.088;B;False; ; ;0; ; ; ; ; ; 
TRACK;1.11.3-1; ; ;-1.516416327;20763369.87;B; ; ; ; ; ; ; ; ; ; 
TRACK;1.11.3-1;-16.40154262;-71.51815599;-1941610.895;2840347.61;B;False; ; ;0; ; ; ; ; ; 
TRACK;1.11.3-1;-16.40202825;-71.51746196;-1941676.697;2840419.963;B;False; ; ;0; ; ; ; ; ; 
TRACK;1.11.3-1;-16.40120375;-71.51685113;-1941587.543;2840500.001;B;False; ; ;0; ; ; ; ; ; 
TRACK;1.11.3-1;-16.40069842;-71.51756798;-1941519.138;2840425.316;B;False; ; ;0; ; ; ; ; ; 
TRACK;1.11.3-2; ; ;-1.516416327;20763369.87;B; ; ; ; ; ; ; ; ; ; 
TRACK;1.11.3-2;-16.39959463;-71.51561478;-1941414.101;2840661.222;B;False; ; ;0; ; ; ; ; ; 
TRACK;1.11.3-2;-16.39958088;-71.51609589;-1941406.418;2840606.846;B;False; ; ;0; ; ; ; ; ; 
TRACK;1.11.3-2;-16.39975898;-71.51612251;-1941427.005;2840601.5;B;False; ; ;0; ; ; ; ; ; 
TRACK;1.11.3-2;-16.39993573;-71.51616348;-1941447.252;2840594.545;B;False; ; ;0; ; ; ; ; ; 
TRACK;1.11.3-2;-16.3999221;-71.51622552;-1941444.869;2840587.688;B;False; ; ;0; ; ; ; ; ; 
TRACK;1.11.3-2;-16.39959929;-71.51613491;-1941408.088;2840602.18;B;False; ; ;0; ; ; ; ; ; 
TRACK;1.11.3-2;-16.3995514;-71.51670752;-1941395.241;2840537.874;B;False; ; ;0; ; ; ; ; ; 
TRACK;1.11.3-2;-16.40058174;-71.51744861;-1941506.936;2840440.377;B;False; ; ;0; ; ; ; ; ; 
TRACK;1.11.3-2;-16.40109922;-71.51675832;-1941576.434;2840511.891;B;False; ; ;0; ; ; ; ; ; 
TRACK;1.11.3-3; ; ;-1.516416327;20763369.87;B; ; ; ; ; ; ; ; ; ; 
TRACK;1.11.3-3;-16.40048889;-71.51759516;-1941494.18;2840424.972;B;False; ; ;0; ; ; ; ; ; 
TRACK;1.11.3-3;-16.39955109;-71.51691192;-1941392.628;2840514.7;B;False; ; ;0; ; ; ; ; ; 
TRACK;1.11.3-3;-16.39948791;-71.51772014;-1941375.013;2840423.877;B;False; ; ;0; ; ; ; ; ; 
TRACK;1.11.3-3;-16.39959627;-71.5177642;-1941387.187;2840417.465;B;False; ; ;0; ; ; ; ; ; 
TRACK;1.11.3-3;-16.39959603;-71.51785991;-1941385.953;2840406.616;B;False; ; ;0; ; ; ; ; ; 
TRACK;1.11.3-3;-16.39948606;-71.51783139;-1941373.394;2840411.286;B;False; ; ;0; ; ; ; ; ; 
TRACK;1.11.3-3;-16.39940219;-71.5184356;-1941355.921;2840343.867;B;False; ; ;0; ; ; ; ; ; 
TRACK;1.11.3-3;-16.3998266;-71.51863824;-1941403.224;2840315.344;B;False; ; ;0; ; ; ; ; ; 
TRACK;1.11.3-4; ; ;-1.516416327;20763369.87;B; ; ; ; ; ; ; ; ; ; 
TRACK;1.11.3-4;-16.40090102;-71.51915085;-1941522.978;2840243.182;B;False; ; ;0; ; ; ; ; ; 
TRACK;1.11.3-4;-16.40147204;-71.51829816;-1941600.811;2840332.411;B;False; ; ;0; ; ; ; ; ; 
TRACK;1.11.3-4;-16.40061728;-71.51767395;-1941508.27;2840414.36;B;False; ; ;0; ; ; ; ; ; 
TRACK;1.11.3-4;-16.39994376;-71.5186891;-1941416.346;2840308.047;B;False; ; ;0; ; ; ; ; ; 
TRACK;1.11.3-5; ; ;-1.516416327;20763369.87;B; ; ; ; ; ; ; ; ; ; 
TRACK;1.11.3-5;-16.40018606;-71.52028076;-1941424.74;2840124.397;B;False; ; ;0; ; ; ; ; ; 
TRACK;1.11.3-5;-16.4004806;-71.51982765;-1941465.054;2840171.929;B;False; ; ;0; ; ; ; ; ; 
TRACK;1.11.3-5;-16.40033138;-71.51970686;-1941449.048;2840187.575;B;False; ; ;0; ; ; ; ; ; 
TRACK;1.11.3-5;-16.40027814;-71.5197593;-1941442.133;2840182.324;B;False; ; ;0; ; ; ; ; ; 
TRACK;1.11.3-5;-16.40022482;-71.51970935;-1941436.499;2840188.684;B;False; ; ;0; ; ; ; ; ; 
TRACK;1.11.3-5;-16.40025;-71.51966853;-1941439.971;2840192.985;B;False; ; ;0; ; ; ; ; ; 
TRACK;1.11.3-5;-16.40020234;-71.51962454;-1941434.927;2840198.595;B;False; ; ;0; ; ; ; ; ; 
TRACK;1.11.3-5;-16.40022473;-71.51961001;-1941437.74;2840199.95;B;False; ; ;0; ; ; ; ; ; 
TRACK;1.11.3-5;-16.40050588;-71.51980138;-1941468.355;2840174.578;B;False; ; ;0; ; ; ; ; ; 
TRACK;1.11.3-5;-16.40083816;-71.51925762;-1941514.246;2840231.895;B;False; ; ;0; ; ; ; ; ; 
TRACK;1.11.3-5;-16.40023283;-71.51893721;-1941447.176;2840276.136;B;False; ; ;0; ; ; ; ; ; 
TRACK;1.11.3-5;-16.40001791;-71.5192776;-1941417.636;2840240.345;B;False; ; ;0; ; ; ; ; ; 
TRACK;1.11.3-5;-16.40012947;-71.51934164;-1941429.934;2840231.626;B;False; ; ;0; ; ; ; ; ; 
TRACK;1.11.3-5;-16.40010994;-71.51936781;-1941427.309;2840228.914;B;False; ; ;0; ; ; ; ; ; 
TRACK;1.11.3-5;-16.39998449;-71.5192863;-1941413.6;2840239.795;B;False; ; ;0; ; ; ; ; ; 
TRACK;1.11.3-5;-16.40020763;-71.51892862;-1941444.324;2840277.439;B;False; ; ;0; ; ; ; ; ; 
TRACK;1.11.3-5;-16.39936405;-71.51854923;-1941350.008;2840331.481;B;False; ; ;0; ; ; ; ; ; 
TRACK;1.11.3-5;-16.39926221;-71.51917629;-1941330.138;2840261.705;B;False; ; ;0; ; ; ; ; ; 
TRACK;1.11.3-5;-16.39949636;-71.51931211;-1941355.931;2840243.245;B;False; ; ;0; ; ; ; ; ; 
TRACK;1.11.3-5;-16.39952142;-71.51927161;-1941359.387;2840247.51;B;False; ; ;0; ; ; ; ; ; 
TRACK;1.11.3-5;-16.3996098;-71.51930349;-1941369.367;2840242.741;B;False; ; ;0; ; ; ; ; ; 
TRACK;1.11.3-5;-16.39963202;-71.51926586;-1941372.451;2840246.717;B;False; ; ;0; ; ; ; ; ; 
TRACK;1.11.3-5;-16.39966244;-71.51928035;-1941375.842;2840244.677;B;False; ; ;0; ; ; ; ; ; 
TRACK;1.11.3-5;-16.39968464;-71.5192514;-1941378.816;2840247.67;B;False; ; ;0; ; ; ; ; ; 
TRACK;1.11.3-5;-16.39974;-71.51928908;-1941384.844;2840242.674;B;False; ; ;0; ; ; ; ; ; 
TRACK;1.11.3-5;-16.39952377;-71.51936426;-1941358.495;2840236.973;B;False; ; ;0; ; ; ; ; ; 
TRACK;1.11.3-5;-16.39925374;-71.51919937;-1941328.851;2840259.199;B;False; ; ;0; ; ; ; ; ; 
TRACK;1.11.3-5;-16.39915738;-71.5197653;-1941310.396;2840196.284;B;False; ; ;0; ; ; ; ; ; 
TRACK;1.11.3-6; ; ;-1.516416327;20763369.87;B; ; ; ; ; ; ; ; ; ; 
TRACK;1.11.3-6;-16.39938841;-71.52155207;-1941315.008;2839990.657;B;False; ; ;0; ; ; ; ; ; 
TRACK;1.11.3-6;-16.39993651;-71.52067326;-1941390.476;2840083.15;B;False; ; ;0; ; ; ; ; ; 
TRACK;1.11.3-6;-16.39973163;-71.52052763;-1941368.244;2840102.339;B;False; ; ;0; ; ; ; ; ; 
TRACK;1.11.3-6;-16.39975119;-71.52050434;-1941370.835;2840104.724;B;False; ; ;0; ; ; ; ; ; 
TRACK;1.11.3-6;-16.39996465;-71.52065568;-1941394.004;2840084.775;B;False; ; ;0; ; ; ; ; ; 
TRACK;1.11.3-6;-16.4001356;-71.52038683;-1941417.476;2840113.028;B;False; ; ;0; ; ; ; ; ; 
TRACK;1.11.3-6;-16.39949693;-71.52005176;-1941346.673;2840159.366;B;False; ; ;0; ; ; ; ; ; 
TRACK;1.11.3-6;-16.39912971;-71.51984717;-1941306.113;2840187.361;B;False; ; ;0; ; ; ; ; ; 
TRACK;1.11.3-6;-16.39889047;-71.52121537;-1941260.759;2840035.34;B;False; ; ;0; ; ; ; ; ; 
TRACK;1.11.3-7; ; ;-1.516416327;20763369.87;B; ; ; ; ; ; ; ; ; ; 
TRACK;1.11.3-7;-16.39883551;-71.52246317;-1941238.572;2839894.566;B;False; ; ;0; ; ; ; ; ; 
TRACK;1.11.3-7;-16.39933945;-71.52161344;-1941308.484;2839984.338;B;False; ; ;0; ; ; ; ; ; 
TRACK;1.11.3-7;-16.39909921;-71.52145155;-1941282.302;2840005.833;B;False; ; ;0; ; ; ; ; ; 
TRACK;1.11.3-7;-16.39887759;-71.52132193;-1941257.902;2840023.425;B;False; ; ;0; ; ; ; ; ; 
TRACK;1.11.3-7;-16.39881026;-71.52169548;-1941245.283;2839981.947;B;False; ; ;0; ; ; ; ; ; 
TRACK;1.11.3-7;-16.39871009;-71.52199093;-1941229.792;2839949.754;B;False; ; ;0; ; ; ; ; ; 
TRACK;1.11.3-7;-16.3985643;-71.52228798;-1941208.92;2839917.973;B;False; ; ;0; ; ; ; ; ; 
TRACK;1.11.3-8; ; ;-1.516416327;20763369.87;B; ; ; ; ; ; ; ; ; ; 
TRACK;1.11.3-8;-16.39867351;-71.52182254;-1941227.617;2839969.325;B;False; ; ;0; ; ; ; ; ; 
TRACK;1.11.3-8;-16.39882343;-71.52137593;-1941250.859;2840018.01;B;False; ; ;0; ; ; ; ; ; 
TRACK;1.11.3-8;-16.39867699;-71.52131566;-1941234.416;2840026.757;B;False; ; ;0; ; ; ; ; ; 
TRACK;1.11.3-8;-16.39847478;-71.52164667;-1941206.488;2839991.863;B;False; ; ;0; ; ; ; ; ; 
TRACK;1.11.3-8;-16.39828231;-71.52190062;-1941180.678;2839965.581;B;False; ; ;0; ; ; ; ; ; 
TRACK;1.11.3-8;-16.39799846;-71.5222947;-1941142.365;2839924.602;B;False; ; ;0; ; ; ; ; ; 
TRACK;1.11.3-8;-16.39778384;-71.52262264;-1941113.019;2839890.218;B;False; ; ;0; ; ; ; ; ; 
TRACK;1.11.3-8;-16.39742743;-71.52309002;-1941065.259;2839841.874;B;False; ; ;0; ; ; ; ; ; 
TRACK;1.11.3-8;-16.39765522;-71.52337105;-1941088.476;2839807.033;B;False; ; ;0; ; ; ; ; ; 
TRACK;1.11.3-8;-16.39826327;-71.52262003;-1941169.372;2839884.252;B;False; ; ;0; ; ; ; ; ; 
TRACK;1.11.3-9; ; ;-1.516416327;20763369.87;B; ; ; ; ; ; ; ; ; ; 
TRACK;1.11.3-9;-16.39863202;-71.52298185;-1941208.128;2839838.409;B;False; ; ;0; ; ; ; ; ; 
TRACK;1.11.3-9;-16.3988527;-71.52255323;-1941239.455;2839884.13;B;False; ; ;0; ; ; ; ; ; 
TRACK;1.11.3-9;-16.39851622;-71.52233838;-1941202.637;2839912.887;B;False; ; ;0; ; ; ; ; ; 
TRACK;1.11.3-9;-16.39837631;-71.52258298;-1941183.118;2839886.978;B;False; ; ;0; ; ; ; ; ; 
TRACK;1.11.3-9;-16.39822794;-71.52277574;-1941163.259;2839867.058;B;False; ; ;0; ; ; ; ; ; 
TRACK;1.11.3-9;-16.39796776;-71.52308513;-1941128.795;2839835.373;B;False; ; ;0; ; ; ; ; ; 
TRACK;1.11.3-9;-16.39773057;-71.52341812;-1941096.734;2839800.712;B;False; ; ;0; ; ; ; ; ; 
TRACK;1.11.3-9;-16.39805939;-71.52385896;-1941129.804;2839746.429;B;False; ; ;0; ; ; ; ; ; 
TRACK;1.11.3-9;-16.39840173;-71.52337161;-1941176.163;2839797.221;B;False; ; ;0; ; ; ; ; ; 
TRACK;1.11.3-10; ; ;-1.516416327;20763369.87;B; ; ; ; ; ; ; ; ; ; 
TRACK;1.11.3-10;-16.39723973;-71.52512878;-1941017.512;2839613.145;B;False; ; ;0; ; ; ; ; ; 
TRACK;1.11.3-10;-16.39765428;-71.52445268;-1941074.732;2839684.396;B;False; ; ;0; ; ; ; ; ; 
TRACK;1.11.3-10;-16.39798837;-71.52399817;-1941119.707;2839731.572;B;False; ; ;0; ; ; ; ; ; 
TRACK;1.11.3-10;-16.39765108;-71.52353186;-1941085.962;2839788.852;B;False; ; ;0; ; ; ; ; ; 
TRACK;1.11.3-10;-16.39736202;-71.52398824;-1941046.253;2839740.877;B;False; ; ;0; ; ; ; ; ; 
TRACK;1.11.3-10;-16.39730015;-71.52409042;-1941037.697;2839730.098;B;False; ; ;0; ; ; ; ; ; 
TRACK;1.11.3-10;-16.39726628;-71.52416923;-1941032.725;2839721.603;B;False; ; ;0; ; ; ; ; ; 
TRACK;1.11.3-10;-16.39724345;-71.52428316;-1941028.608;2839708.982;B;False; ; ;0; ; ; ; ; ; 
TRACK;1.11.3-10;-16.39722619;-71.52439731;-1941025.142;2839696.263;B;False; ; ;0; ; ; ; ; ; 
TRACK;1.11.3-10;-16.39719505;-71.52450292;-1941020.152;2839684.695;B;False; ; ;0; ; ; ; ; ; 
TRACK;1.11.3-10;-16.39695208;-71.52494785;-1940986.002;2839637.416;B;False; ; ;0; ; ; ; ; ; 
TRACK;1.11.3-11; ; ;-1.516416327;20763369.87;B; ; ; ; ; ; ; ; ; ; 
TRACK;1.11.3-11;-16.39690448;-71.52492494;-1940980.7;2839640.635;B;False; ; ;0; ; ; ; ; ; 
TRACK;1.11.3-11;-16.39715741;-71.52447909;-1941016.031;2839687.889;B;False; ; ;0; ; ; ; ; ; 
TRACK;1.11.3-11;-16.3969942;-71.524341;-1940998.598;2839705.679;B;False; ; ;0; ; ; ; ; ; 
TRACK;1.11.3-11;-16.39692971;-71.52435256;-1940990.877;2839705.21;B;False; ; ;0; ; ; ; ; ; 
TRACK;1.11.3-11;-16.39687651;-71.52439919;-1940984.039;2839700.617;B;False; ; ;0; ; ; ; ; ; 
TRACK;1.11.3-11;-16.39680106;-71.52436104;-1940975.657;2839705.928;B;False; ; ;0; ; ; ; ; ; 
TRACK;1.11.3-11;-16.39683179;-71.52434068;-1940979.524;2839707.835;B;False; ; ;0; ; ; ; ; ; 
TRACK;1.11.3-11;-16.39686533;-71.52436119;-1940983.205;2839705.072;B;False; ; ;0; ; ; ; ; ; 
TRACK;1.11.3-11;-16.39696052;-71.52427663;-1940995.454;2839713.417;B;False; ; ;0; ; ; ; ; ; 
TRACK;1.11.3-11;-16.39716302;-71.52446149;-1941016.912;2839689.811;B;False; ; ;0; ; ; ; ; ; 
TRACK;1.11.3-11;-16.3971935;-71.52426215;-1941023.004;2839712.017;B;False; ; ;0; ; ; ; ; ; 
TRACK;1.11.3-11;-16.39725197;-71.52408096;-1941032.157;2839731.799;B;False; ; ;0; ; ; ; ; ; 
TRACK;1.11.3-11;-16.39736104;-71.52388249;-1941047.471;2839752.88;B;False; ; ;0; ; ; ; ; ; 
TRACK;1.11.3-11;-16.39761009;-71.52349442;-1941081.619;2839793.632;B;False; ; ;0; ; ; ; ; ; 
TRACK;1.11.3-11;-16.39731875;-71.52317812;-1941051.382;2839833.303;B;False; ; ;0; ; ; ; ; ; 
TRACK;1.11.3-11;-16.39619622;-71.52445555;-1940903.414;2839703.108;B;False; ; ;0; ; ; ; ; ; 
TRACK;1.11.3-12; ; ;-1.516416327;20763369.87;B; ; ; ; ; ; ; ; ; ; 
TRACK;1.11.3-12;-16.39730057;-71.52314406;-1941049.676;2839837.403;B;False; ; ;0; ; ; ; ; ; 
TRACK;1.11.3-12;-16.39708591;-71.52283729;-1941028.325;2839874.992;B;False; ; ;0; ; ; ; ; ; 
TRACK;1.11.3-12;-16.39687878;-71.52310525;-1941000.616;2839847.311;B;False; ; ;0; ; ; ; ; ; 
TRACK;1.11.3-12;-16.39685174;-71.52308536;-1940997.69;2839849.92;B;False; ; ;0; ; ; ; ; ; 
TRACK;1.11.3-12;-16.39706256;-71.52280162;-1941026.031;2839879.341;B;False; ; ;0; ; ; ; ; ; 
TRACK;1.11.3-12;-16.39660811;-71.52224927;-1940979.609;2839947.91;B;False; ; ;0; ; ; ; ; ; 
TRACK;1.11.3-12;-16.39548935;-71.52395626;-1940826.669;2839768.954;B;False; ; ;0; ; ; ; ; ; 
TRACK;1.11.3-12;-16.3961704;-71.52441045;-1940900.95;2839708.559;B;False; ; ;0; ; ; ; ; ; 
TRACK;1.11.3-13; ; ;-1.516416327;20763369.87;B; ; ; ; ; ; ; ; ; ; 
TRACK;1.11.3-13;-16.3960576;-71.52296;-1940905.98;2839874.504;B;False; ; ;0; ; ; ; ; ; 
TRACK;1.11.3-13;-16.39654723;-71.52219341;-1940973.161;2839955.039;B;False; ; ;0; ; ; ; ; ; 
TRACK;1.11.3-13;-16.39607188;-71.52152909;-1940925.694;2840036.576;B;False; ; ;0; ; ; ; ; ; 
TRACK;1.11.3-13;-16.39547672;-71.52247292;-1940843.881;2839937.322;B;False; ; ;0; ; ; ; ; ; 
TRACK;1.11.3-14; ; ;-1.516416327;20763369.87;B; ; ; ; ; ; ; ; ; ; 
TRACK;1.11.3-14;-16.39543804;-71.52391688;-1940821.139;2839774.09;B;False; ; ;0; ; ; ; ; ; 
TRACK;1.11.3-14;-16.39597866;-71.52308248;-1940895.163;2839861.647;B;False; ; ;0; ; ; ; ; ; 
TRACK;1.11.3-14;-16.3953915;-71.52259661;-1940832.311;2839924.409;B;False; ; ;0; ; ; ; ; ; 
TRACK;1.11.3-14;-16.39482206;-71.52350224;-1940754.003;2839829.149;B;False; ; ;0; ; ; ; ; ; 
TRACK;1.11.3-15; ; ;-1.516416327;20763369.87;B; ; ; ; ; ; ; ; ; ; 
TRACK;1.11.3-15;-16.39475495;-71.52346005;-1940746.651;2839834.81;B;False; ; ;0; ; ; ; ; ; 
TRACK;1.11.3-15;-16.39533539;-71.52252618;-1940826.607;2839933.128;B;False; ; ;0; ; ; ; ; ; 
TRACK;1.11.3-15;-16.39491105;-71.52218286;-1940781.086;2839977.6;B;False; ; ;0; ; ; ; ; ; 
TRACK;1.11.3-15;-16.39422341;-71.52309005;-1940688.873;2839883.706;B;False; ; ;0; ; ; ; ; ; 
TRACK;1.11.3-16; ; ;-1.516416327;20763369.87;B; ; ; ; ; ; ; ; ; ; 
TRACK;1.11.3-16;-16.39571166;-71.52111556;-1940888.59;2840088.173;B;False; ; ;0; ; ; ; ; ; 
TRACK;1.11.3-16;-16.39500482;-71.52205328;-1940793.735;2839991.07;B;False; ; ;0; ; ; ; ; ; 
TRACK;1.11.3-16;-16.39540287;-71.52239656;-1940836.168;2839946.945;B;False; ; ;0; ; ; ; ; ; 
TRACK;1.11.3-16;-16.39601102;-71.52148912;-1940919.048;2840041.904;B;False; ; ;0; ; ; ; ; ; 
TRACK;1.11.3-17; ; ;-1.516416327;20763369.87;B; ; ; ; ; ; ; ; ; ; 
TRACK;1.11.3-17;-16.39490579;-71.52191916;-1940783.792;2840007.572;B;False; ; ;0; ; ; ; ; ; 
TRACK;1.11.3-17;-16.39560881;-71.52099612;-1940878.013;2840103.06;B;False; ; ;0; ; ; ; ; ; 
TRACK;1.11.3-17;-16.39518247;-71.52044913;-1940834.823;2840170.654;B;False; ; ;0; ; ; ; ; ; 
TRACK;1.11.3-17;-16.39439577;-71.52147812;-1940729.436;2840064.243;B;False; ; ;0; ; ; ; ; ; 
TRACK;1.11.3-18; ; ;-1.516416327;20763369.87;B; ; ; ; ; ; ; ; ; ; 
TRACK;1.11.3-18;-16.39569382;-71.52087882;-1940889.479;2840115.252;B;False; ; ;0; ; ; ; ; ; 
TRACK;1.11.3-18;-16.39632218;-71.52006295;-1940973.579;2840199.563;B;False; ; ;0; ; ; ; ; ; 
TRACK;1.11.3-18;-16.39578565;-71.51970081;-1940915.115;2840247.635;B;False; ; ;0; ; ; ; ; ; 
TRACK;1.11.3-18;-16.39526758;-71.52036617;-1940845.868;2840178.951;B;False; ; ;0; ; ; ; ; ; 
TRACK;1.11.3-19; ; ;-1.516416327;20763369.87;B; ; ; ; ; ; ; ; ; ; 
TRACK;1.11.3-19;-16.39725729;-71.52106525;-1941070.795;2840073.693;B;False; ; ;0; ; ; ; ; ; 
TRACK;1.11.3-19;-16.39693377;-71.52083113;-1941035.742;2840104.466;B;False; ; ;0; ; ; ; ; ; 
TRACK;1.11.3-19;-16.39696414;-71.52077362;-1941040.034;2840110.591;B;False; ; ;0; ; ; ; ; ; 
TRACK;1.11.3-19;-16.3970866;-71.52086735;-1941053.239;2840098.364;B;False; ; ;0; ; ; ; ; ; 
TRACK;1.11.3-19;-16.39706442;-71.52089908;-1941050.233;2840095.055;B;False; ; ;0; ; ; ; ; ; 
TRACK;1.11.3-19;-16.39727112;-71.52104793;-1941072.638;2840075.477;B;False; ; ;0; ; ; ; ; ; 
TRACK;1.11.3-19;-16.39744306;-71.5207908;-1941096.078;2840102.389;B;False; ; ;0; ; ; ; ; ; 
TRACK;1.11.3-19;-16.3964425;-71.52015064;-1940986.608;2840188.047;B;False; ; ;0; ; ; ; ; ; 
TRACK;1.11.3-19;-16.39618475;-71.52049784;-1940951.953;2840152.042;B;False; ; ;0; ; ; ; ; ; 
TRACK;1.11.3-19;-16.39638445;-71.52068934;-1940972.997;2840127.719;B;False; ; ;0; ; ; ; ; ; 
TRACK;1.11.3-19;-16.39637354;-71.52069797;-1940971.608;2840126.883;B;False; ; ;0; ; ; ; ; ; 
TRACK;1.11.3-19;-16.39617394;-71.52050925;-1940950.538;2840150.89;B;False; ; ;0; ; ; ; ; ; 
TRACK;1.11.3-19;-16.3958041;-71.52102225;-1940900.625;2840097.547;B;False; ; ;0; ; ; ; ; ; 
TRACK;1.11.3-19;-16.39626118;-71.52157272;-1940947.382;2840029.157;B;False; ; ;0; ; ; ; ; ; 
TRACK;1.11.3-19;-16.39641659;-71.52136483;-1940968.259;2840050.701;B;False; ; ;0; ; ; ; ; ; 
TRACK;1.11.3-19;-16.39615827;-71.52114822;-1940940.643;2840078.638;B;False; ; ;0; ; ; ; ; ; 
TRACK;1.11.3-19;-16.39617991;-71.521114;-1940943.617;2840082.235;B;False; ; ;0; ; ; ; ; ; 
TRACK;1.11.3-19;-16.39643575;-71.52133338;-1940970.906;2840054.017;B;False; ; ;0; ; ; ; ; ; 
TRACK;1.11.3-19;-16.39650154;-71.52124179;-1940979.789;2840063.545;B;False; ; ;0; ; ; ; ; ; 
TRACK;1.11.3-19;-16.39619616;-71.52101146;-1940946.818;2840093.65;B;False; ; ;0; ; ; ; ; ; 
TRACK;1.11.3-19;-16.39622332;-71.52098002;-1940950.405;2840096.861;B;False; ; ;0; ; ; ; ; ; 
TRACK;1.11.3-19;-16.39630203;-71.52104507;-1940958.831;2840088.456;B;False; ; ;0; ; ; ; ; ; 
TRACK;1.11.3-19;-16.3963429;-71.52098493;-1940964.391;2840094.743;B;False; ; ;0; ; ; ; ; ; 
TRACK;1.11.3-19;-16.39636469;-71.52099618;-1940966.809;2840093.183;B;False; ; ;0; ; ; ; ; ; 
TRACK;1.11.3-19;-16.3963238;-71.52104782;-1940961.355;2840087.861;B;False; ; ;0; ; ; ; ; ; 
TRACK;1.11.3-19;-16.39664733;-71.52130772;-1940996.084;2840054.165;B;False; ; ;0; ; ; ; ; ; 
TRACK;1.11.3-19;-16.39662803;-71.52133641;-1940993.456;2840051.163;B;False; ; ;0; ; ; ; ; ; 
TRACK;1.11.3-19;-16.39653724;-71.52125896;-1940983.766;2840061.132;B;False; ; ;0; ; ; ; ; ; 
TRACK;1.11.3-19;-16.39627748;-71.5215928;-1940949.043;2840026.668;B;False; ; ;0; ; ; ; ; ; 
TRACK;1.11.3-19;-16.39662277;-71.52204389;-1940983.919;2839971.007;B;False; ; ;0; ; ; ; ; ; 
TRACK;1.11.3-19;-16.39688823;-71.52170278;-1941019.403;2840006.22;B;False; ; ;0; ; ; ; ; ; 
TRACK;1.11.3-20; ; ;-1.516416327;20763369.87;B; ; ; ; ; ; ; ; ; ; 
TRACK;1.11.3-20;-16.39737802;-71.52304869;-1941059.976;2839847.206;B;False; ; ;0; ; ; ; ; ; 
TRACK;1.11.3-20;-16.39759617;-71.5227888;-1941088.878;2839873.827;B;False; ; ;0; ; ; ; ; ; 
TRACK;1.11.3-20;-16.39713014;-71.52239636;-1941039.079;2839924.414;B;False; ; ;0; ; ; ; ; ; 
TRACK;1.11.3-20;-16.39725644;-71.52224134;-1941055.87;2839940.342;B;False; ; ;0; ; ; ; ; ; 
TRACK;1.11.3-20;-16.39686005;-71.52191389;-1941013.433;2839982.65;B;False; ; ;0; ; ; ; ; ; 
TRACK;1.11.3-20;-16.39667627;-71.52217092;-1940988.603;2839955.904;B;False; ; ;0; ; ; ; ; ; 
TRACK;1.11.3-21; ; ;-1.516416327;20763369.87;B; ; ; ; ; ; ; ; ; ; 
TRACK;1.11.3-21;-16.39832763;-71.52176014;-1941187.772;2839980.918;B;False; ; ;0; ; ; ; ; ; 
TRACK;1.11.3-21;-16.39865666;-71.52119554;-1941233.543;2840040.643;B;False; ; ;0; ; ; ; ; ; 
TRACK;1.11.3-21;-16.39765628;-71.52067484;-1941122.588;2840112.753;B;False; ; ;0; ; ; ; ; ; 
TRACK;1.11.3-21;-16.39687851;-71.5218937;-1941015.856;2839984.699;B;False; ; ;0; ; ; ; ; ; 
TRACK;1.11.3-21;-16.39732748;-71.52225064;-1941064.098;2839938.36;B;False; ; ;0; ; ; ; ; ; 
TRACK;1.11.3-21;-16.3972102;-71.52242171;-1941048.164;2839920.493;B;False; ; ;0; ; ; ; ; ; 
TRACK;1.11.3-21;-16.3976118;-71.52274751;-1941091.235;2839878.305;B;False; ; ;0; ; ; ; ; ; 
TRACK;1.11.3-21;-16.39803605;-71.52212906;-1941148.869;2839942.893;B;False; ; ;0; ; ; ; ; ; 
TRACK;1.11.3-22; ; ;-1.516416327;20763369.87;B; ; ; ; ; ; ; ; ; ; 
TRACK;1.11.3-22;-16.39834412;-71.52094951;-1941199.929;2840072.624;B;False; ; ;0; ; ; ; ; ; 
TRACK;1.11.3-22;-16.39871749;-71.52110207;-1941241.867;2840050.448;B;False; ; ;0; ; ; ; ; ; 
TRACK;1.11.3-22;-16.39889462;-71.52033566;-1941272.337;2840135.041;B;False; ; ;0; ; ; ; ; ; 
TRACK;1.11.3-22;-16.39898016;-71.5198166;-1941288.93;2840192.782;B;False; ; ;0; ; ; ; ; ; 
TRACK;1.11.3-22;-16.39831703;-71.51951798;-1941214.795;2840235.305;B;False; ; ;0; ; ; ; ; ; 
TRACK;1.11.3-22;-16.39771301;-71.5206012;-1941130.181;2840120.362;B;False; ; ;0; ; ; ; ; ; 
TRACK;1.11.3-23; ; ;-1.516416327;20763369.87;B; ; ; ; ; ; ; ; ; ; 
TRACK;1.11.3-23;-16.39750969;-71.52072225;-1941104.77;2840109.291;B;False; ; ;0; ; ; ; ; ; 
TRACK;1.11.3-23;-16.39766059;-71.52046426;-1941125.749;2840136.576;B;False; ; ;0; ; ; ; ; ; 
TRACK;1.11.3-23;-16.39783058;-71.52012959;-1941149.938;2840172.306;B;False; ; ;0; ; ; ; ; ; 
TRACK;1.11.3-23;-16.39807043;-71.51967;-1941183.909;2840221.288;B;False; ; ;0; ; ; ; ; ; 
TRACK;1.11.3-23;-16.39817848;-71.51946865;-1941199.14;2840242.708;B;False; ; ;0; ; ; ; ; ; 
TRACK;1.11.3-23;-16.39775366;-71.51925536;-1941151.924;2840272.444;B;False; ; ;0; ; ; ; ; ; 
TRACK;1.11.3-23;-16.39763536;-71.51950573;-1941134.87;2840245.598;B;False; ; ;0; ; ; ; ; ; 
TRACK;1.11.3-23;-16.39737427;-71.51990594;-1941099.153;2840203.626;B;False; ; ;0; ; ; ; ; ; 
TRACK;1.11.3-23;-16.3970548;-71.52040677;-1941055.31;2840151.007;B;False; ; ;0; ; ; ; ; ; 
TRACK;1.11.3-24; ; ;-1.516416327;20763369.87;B; ; ; ; ; ; ; ; ; ; 
TRACK;1.11.3-24;-16.39702558;-71.52039242;-1941052.058;2840153.015;B;False; ; ;0; ; ; ; ; ; 
TRACK;1.11.3-24;-16.39736497;-71.51984085;-1941098.881;2840211.128;B;False; ; ;0; ; ; ; ; ; 
TRACK;1.11.3-24;-16.39753978;-71.51956607;-1941122.881;2840240.004;B;False; ; ;0; ; ; ; ; ; 
TRACK;1.11.3-24;-16.39763631;-71.51940373;-1941136.268;2840257.152;B;False; ; ;0; ; ; ; ; ; 
TRACK;1.11.3-24;-16.39771597;-71.51924788;-1941147.591;2840273.784;B;False; ; ;0; ; ; ; ; ; 
TRACK;1.11.3-24;-16.39749426;-71.51911991;-1941123.158;2840291.192;B;False; ; ;0; ; ; ; ; ; 
TRACK;1.11.3-24;-16.39727465;-71.51903135;-1941098.477;2840304.102;B;False; ; ;0; ; ; ; ; ; 
TRACK;1.11.3-24;-16.39651185;-71.52004425;-1940996.097;2840199.206;B;False; ; ;0; ; ; ; ; ; 
TRACK;1.11.3-25; ; ;-1.516416327;20763369.87;B; ; ; ; ; ; ; ; ; ; 
TRACK;1.11.3-25;-16.39639888;-71.51997993;-1940983.637;2840207.975;B;False; ; ;0; ; ; ; ; ; 
TRACK;1.11.3-25;-16.39673368;-71.51950291;-1941028.981;2840257.695;B;False; ; ;0; ; ; ; ; ; 
TRACK;1.11.3-25;-16.39714492;-71.51896345;-1941084.092;2840313.496;B;False; ; ;0; ; ; ; ; ; 
TRACK;1.11.3-25;-16.39661478;-71.51862045;-1941026.138;2840359.315;B;False; ; ;0; ; ; ; ; ; 
TRACK;1.11.3-25;-16.3958582;-71.51960764;-1940924.812;2840257.253;B;False; ; ;0; ; ; ; ; ; 
TRACK;1.11.3-26; ; ;-1.516416327;20763369.87;B; ; ; ; ; ; ; ; ; ; 
TRACK;1.11.3-26;-16.39721805;-71.51886702;-1941093.898;2840323.476;B;False; ; ;0; ; ; ; ; ; 
TRACK;1.11.3-26;-16.39792951;-71.51793486;-1941189.231;2840419.886;B;False; ; ;0; ; ; ; ; ; 
TRACK;1.11.3-26;-16.39729071;-71.51766413;-1941117.601;2840458.931;B;False; ; ;0; ; ; ; ; ; 
TRACK;1.11.3-26;-16.39670773;-71.51850795;-1941038.476;2840370.858;B;False; ; ;0; ; ; ; ; ; 
TRACK;1.11.3-27; ; ;-1.516416327;20763369.87;B; ; ; ; ; ; ; ; ; ; 
TRACK;1.11.3-27;-16.39799317;-71.51784477;-1941197.846;2840429.271;B;False; ; ;0; ; ; ; ; ; 
TRACK;1.11.3-27;-16.39855727;-71.51709914;-1941273.516;2840506.454;B;False; ; ;0; ; ; ; ; ; 
TRACK;1.11.3-27;-16.39870758;-71.51679552;-1941295.003;2840538.919;B;False; ; ;0; ; ; ; ; ; 
TRACK;1.11.3-27;-16.39883637;-71.51644976;-1941314.492;2840576.445;B;False; ; ;0; ; ; ; ; ; 
TRACK;1.11.3-27;-16.39835295;-71.51612573;-1941261.788;2840619.504;B;False; ; ;0; ; ; ; ; ; 
TRACK;1.11.3-27;-16.39735029;-71.51756145;-1941125.895;2840469.795;B;False; ; ;0; ; ; ; ; ; 
TRACK;1.11.3-28; ; ;-1.516416327;20763369.87;B; ; ; ; ; ; ; ; ; ; 
TRACK;1.11.3-28;-16.39882547;-71.5169256;-1941307.211;2840522.629;B;False; ; ;0; ; ; ; ; ; 
TRACK;1.11.3-28;-16.3987767;-71.51690697;-1941301.718;2840525.378;B;False; ; ;0; ; ; ; ; ; 
TRACK;1.11.3-28;-16.39866905;-71.51714491;-1941286.071;2840499.803;B;False; ; ;0; ; ; ; ; ; 
TRACK;1.11.3-28;-16.39810366;-71.5179067;-1941210.044;2840420.805;B;False; ; ;0; ; ; ; ; ; 
TRACK;1.11.3-28;-16.39854525;-71.51809231;-1941259.581;2840393.989;B;False; ; ;0; ; ; ; ; ; 
TRACK;1.11.3-29; ; ;-1.516416327;20763369.87;B; ; ; ; ; ; ; ; ; ; 
TRACK;1.11.3-29;-16.39821893;-71.51937758;-1941205.04;2840252.508;B;False; ; ;0; ; ; ; ; ; 
TRACK;1.11.3-29;-16.39838901;-71.51872307;-1941233.273;2840324.504;B;False; ; ;0; ; ; ; ; ; 
TRACK;1.11.3-29;-16.39851641;-71.51819772;-1941254.863;2840382.413;B;False; ; ;0; ; ; ; ; ; 
TRACK;1.11.3-29;-16.39804243;-71.51799757;-1941201.706;2840411.301;B;False; ; ;0; ; ; ; ; ; 
TRACK;1.11.3-29;-16.39733522;-71.51894099;-1941106.73;2840313.558;B;False; ; ;0; ; ; ; ; ; 
TRACK;1.11.3-29;-16.39756702;-71.51905637;-1941132.507;2840297.447;B;False; ; ;0; ; ; ; ; ; 
TRACK;1.11.3-29;-16.39771723;-71.5188222;-1941153.106;2840322.038;B;False; ; ;0; ; ; ; ; ; 
TRACK;1.11.3-29;-16.39773044;-71.51883616;-1941154.481;2840320.282;B;False; ; ;0; ; ; ; ; ; 
TRACK;1.11.3-29;-16.39759081;-71.51907329;-1941135.088;2840295.216;B;False; ; ;0; ; ; ; ; ; 
TRACK;1.11.3-30; ; ;-1.516416327;20763369.87;B; ; ; ; ; ; ; ; ; ; 
TRACK;1.11.3-30;-16.39920987;-71.51849449;-1941332.585;2840339.701;B;False; ; ;0; ; ; ; ; ; 
TRACK;1.11.3-30;-16.39865657;-71.51825807;-1941270.568;2840373.738;B;False; ; ;0; ; ; ; ; ; 
TRACK;1.11.3-30;-16.39836362;-71.51945579;-1941221.052;2840241.749;B;False; ; ;0; ; ; ; ; ; 
TRACK;1.11.3-30;-16.39899033;-71.51971437;-1941291.414;2840204.241;B;False; ; ;0; ; ; ; ; ; 
TRACK;1.11.3-31; ; ;-1.516416327;20763369.87;B; ; ; ; ; ; ; ; ; ; 
TRACK;1.11.3-31;-16.39922356;-71.51836569;-1941335.818;2840354.128;B;False; ; ;0; ; ; ; ; ; 
TRACK;1.11.3-31;-16.39931406;-71.51780895;-1941353.47;2840416.077;B;False; ; ;0; ; ; ; ; ; 
TRACK;1.11.3-31;-16.39935703;-71.5171917;-1941366.302;2840485.509;B;False; ; ;0; ; ; ; ; ; 
TRACK;1.11.3-31;-16.39938093;-71.51681911;-1941373.808;2840527.447;B;False; ; ;0; ; ; ; ; ; 
TRACK;1.11.3-31;-16.3989825;-71.51654649;-1941330.44;2840563.568;B;False; ; ;0; ; ; ; ; ; 
TRACK;1.11.3-31;-16.39868526;-71.5181507;-1941275.292;2840385.538;B;False; ; ;0; ; ; ; ; ; 
TRACK;1.11.3-32; ; ;-1.516416327;20763369.87;B; ; ; ; ; ; ; ; ; ; 
TRACK;1.11.3-32;-16.39938509;-71.51660282;-1941377.024;2840551.919;B;False; ; ;0; ; ; ; ; ; 
TRACK;1.11.3-32;-16.39939876;-71.51552952;-1941392.166;2840673.45;B;False; ; ;0; ; ; ; ; ; 
TRACK;1.11.3-32;-16.39942013;-71.51502338;-1941401.06;2840730.565;B;False; ; ;0; ; ; ; ; ; 
TRACK;1.11.3-32;-16.39945123;-71.51444232;-1941412.042;2840796.049;B;False; ; ;0; ; ; ; ; ; 
TRACK;1.11.3-32;-16.39922879;-71.51441208;-1941386.292;2840802.385;B;False; ; ;0; ; ; ; ; ; 
TRACK;1.11.3-32;-16.39914084;-71.51503157;-1941368.147;2840733.286;B;False; ; ;0; ; ; ; ; ; 
TRACK;1.11.3-32;-16.39895912;-71.51630191;-1941330.778;2840591.607;B;False; ; ;0; ; ; ; ; ; 
TRACK;1.11.5-2; ; ;-1.516416327;20763369.87;B; ; ; ; ; ; ; ; ; ; 
TRACK;1.11.5-2;-16.40099384;-71.51376879;-1941601.76;2840852.268;B;False; ; ;0; ; ; ; ; ; 
TRACK;1.11.5-2;-16.40077173;-71.51352965;-1941578.683;2840882.289;B;False; ; ;0; ; ; ; ; ; 
TRACK;1.11.5-2;-16.40042198;-71.51312286;-1941542.727;2840932.988;B;False; ; ;0; ; ; ; ; ; 
TRACK;1.11.5-2;-16.40011498;-71.51274804;-1941511.388;2840979.505;B;False; ; ;0; ; ; ; ; ; 
TRACK;1.11.5-2;-16.39974858;-71.51231197;-1941473.846;2841033.742;B;False; ; ;0; ; ; ; ; ; 
TRACK;1.11.5-2;-16.39968178;-71.51354766;-1941450.411;2840894.49;B;False; ; ;0; ; ; ; ; ; 
TRACK;1.11.5-3; ; ;-1.516416327;20763369.87;B; ; ; ; ; ; ; ; ; ; 
TRACK;1.11.5-3;-16.40082364;-71.51444887;-1941573.187;2840777.374;B;False; ; ;0; ; ; ; ; ; 
TRACK;1.11.5-3;-16.4011572;-71.51458653;-1941610.637;2840757.405;B;False; ; ;0; ; ; ; ; ; 
TRACK;1.11.5-3;-16.40142574;-71.51422838;-1941646.702;2840794.509;B;False; ; ;0; ; ; ; ; ; 
TRACK;1.11.5-3;-16.40115456;-71.51388355;-1941619.194;2840837.155;B;False; ; ;0; ; ; ; ; ; 
TRACK;1.11.5-3;-16.39968515;-71.51362363;-1941449.849;2840885.831;B;False; ; ;0; ; ; ; ; ; 
TRACK;1.11.5-3;-16.39966087;-71.51422355;-1941439.43;2840818.119;B;False; ; ;0; ; ; ; ; ; 
TRACK;1.11.5-4; ; ;-1.516416327;20763369.87;B; ; ; ; ; ; ; ; ; ; 
TRACK;1.11.5-4;-16.39994501;-71.51552349;-1941456.413;2840666.996;B;False; ; ;0; ; ; ; ; ; 
TRACK;1.11.5-4;-16.40031343;-71.51584012;-1941495.701;2840626.278;B;False; ; ;0; ; ; ; ; ; 
TRACK;1.11.5-4;-16.400647;-71.51532949;-1941541.329;2840679.823;B;False; ; ;0; ; ; ; ; ; 
TRACK;1.11.5-4;-16.40001547;-71.51500552;-1941471.225;2840724.812;B;False; ; ;0; ; ; ; ; ; 
TRACK;1.11.5-4;-16.40004313;-71.51493725;-1941475.335;2840732.192;B;False; ; ;0; ; ; ; ; ; 
TRACK;1.11.5-4;-16.40039823;-71.5151163;-1941514.793;2840707.248;B;False; ; ;0; ; ; ; ; ; 
TRACK;1.11.5-4;-16.40068439;-71.51527384;-1941546.424;2840685.645;B;False; ; ;0; ; ; ; ; ; 
TRACK;1.11.5-4;-16.4011042;-71.51467889;-1941603.246;2840747.624;B;False; ; ;0; ; ; ; ; ; 
TRACK;1.11.5-4;-16.4007709;-71.51454957;-1941565.721;2840766.644;B;False; ; ;0; ; ; ; ; ; 
TRACK;1.11.5-4;-16.39966255;-71.51428449;-1941438.859;2840811.186;B;False; ; ;0; ; ; ; ; ; 
TRACK;1.11.5-4;-16.39961887;-71.51523966;-1941421.68;2840703.443;B;False; ; ;0; ; ; ; ; ; 
TRACK;1.11.5-5; ; ;-1.516416327;20763369.87;B; ; ; ; ; ; ; ; ; ; 
TRACK;1.11.5-5;-16.40187664;-71.51475869;-1941692.983;2840728.481;B;False; ; ;0; ; ; ; ; ; 
TRACK;1.11.5-5;-16.40153483;-71.51434915;-1941657.994;2840779.388;B;False; ; ;0; ; ; ; ; ; 
TRACK;1.11.5-5;-16.40146635;-71.51433493;-1941650.128;2840781.895;B;False; ; ;0; ; ; ; ; ; 
TRACK;1.11.5-5;-16.40038291;-71.51587283;-1941503.451;2840621.661;B;False; ; ;0; ; ; ; ; ; 
TRACK;1.11.5-5;-16.40125879;-71.51655327;-1941597.765;2840533.058;B;False; ; ;0; ; ; ; ; ; 
TRACK;1.11.5-5;-16.40220346;-71.51524205;-1941725.28;2840669.4;B;False; ; ;0; ; ; ; ; ; 
TRACK;1.11.5-7; ; ;-1.516416327;20763369.87;B; ; ; ; ; ; ; ; ; ; 
TRACK;1.11.5-7;-16.40211758;-71.51556234;-1941711.152;2840634.202;B;False; ; ;0; ; ; ; ; ; 
TRACK;1.11.5-7;-16.40135264;-71.51667088;-1941607.307;2840518.495;B;False; ; ;0; ; ; ; ; ; 
TRACK;1.11.5-7;-16.40213238;-71.51726936;-1941691.359;2840440.443;B;False; ; ;0; ; ; ; ; ; 
TRACK;1.11.5-7;-16.40276117;-71.51634634;-1941776.87;2840536.891;B;False; ; ;0; ; ; ; ; ; 
TRACK;1.11.6-5; ; ;-1.516416327;20763369.87;B; ; ; ; ; ; ; ; ; ; 
TRACK;1.11.6-5;-16.39743728;-71.51208768;-1941205.143;2841089.379;B;False; ; ;0; ; ; ; ; ; 
TRACK;1.11.6-5;-16.39746344;-71.51191297;-1941210.42;2841108.85;B;False; ; ;0; ; ; ; ; ; 
TRACK;1.11.6-5;-16.39738219;-71.51189391;-1941201.115;2841112.073;B;False; ; ;0; ; ; ; ; ; 
TRACK;1.11.6-5;-16.39738658;-71.51185021;-1941202.183;2841116.971;B;False; ; ;0; ; ; ; ; ; 
TRACK;1.11.6-5;-16.39625227;-71.51171603;-1941070.615;2841147.008;B;False; ; ;0; ; ; ; ; ; 
TRACK;1.11.6-5;-16.39624487;-71.51192841;-1941067.068;2841123.021;B;False; ; ;0; ; ; ; ; ; 
TRACK;1.11.6-5;-16.39593447;-71.51189065;-1941031.077;2841131.358;B;False; ; ;0; ; ; ; ; ; 
TRACK;1.11.6-5;-16.39595837;-71.51167356;-1941036.624;2841155.664;B;False; ; ;0; ; ; ; ; ; 
TRACK;1.11.6-5;-16.39554779;-71.51163208;-1940988.912;2841165.733;B;False; ; ;0; ; ; ; ; ; 
TRACK;1.11.6-5;-16.39552843;-71.5118655;-1940983.694;2841139.516;B;False; ; ;0; ; ; ; ; ; 
TRACK;1.11.7-1; ; ;-1.516416327;20763369.87;B; ; ; ; ; ; ; ; ; ; 
TRACK;1.11.7-1;-16.3994743;-71.51433737;-1941416.076;2840807.649;B;False; ; ;0; ; ; ; ; ; 
TRACK;1.11.7-1;-16.39953187;-71.51346351;-1941433.861;2840905.991;B;False; ; ;0; ; ; ; ; ; 
TRACK;1.11.7-1;-16.39954304;-71.51292286;-1941441.993;2840967.154;B;False; ; ;0; ; ; ; ; ; 
TRACK;1.11.7-1;-16.39955456;-71.51263169;-1941447.019;2841000.022;B;False; ; ;0; ; ; ; ; ; 
TRACK;1.11.7-1;-16.3995949;-71.51227124;-1941456.305;2841040.369;B;False; ; ;0; ; ; ; ; ; 
TRACK;1.11.7-1;-16.39959476;-71.51208037;-1941458.696;2841062.015;B;False; ; ;0; ; ; ; ; ; 
TRACK;1.11.7-1;-16.39947388;-71.512079;-1941444.513;2841063.75;B;False; ; ;0; ; ; ; ; ; 
TRACK;1.11.7-1;-16.39937347;-71.5126915;-1941424.99;2840995.606;B;False; ; ;0; ; ; ; ; ; 
TRACK;1.11.7-1;-16.39926977;-71.51330116;-1941405.117;2840927.826;B;False; ; ;0; ; ; ; ; ; 
TRACK;1.11.7-1;-16.39918664;-71.51392702;-1941387.457;2840857.941;B;False; ; ;0; ; ; ; ; ; 
TRACK;1.11.7-1;-16.39914752;-71.51429438;-1941378.228;2840816.794;B;False; ; ;0; ; ; ; ; ; 
TRACK;1.11.7-2; ; ;-1.516416327;20763369.87;B; ; ; ; ; ; ; ; ; ; 
TRACK;1.11.7-2;-16.39889728;-71.51625404;-1941324.116;2840597.843;B;False; ; ;0; ; ; ; ; ; 
TRACK;1.11.7-2;-16.39901688;-71.51541644;-1941348.73;2840691.262;B;False; ; ;0; ; ; ; ; ; 
TRACK;1.11.7-2;-16.3990462;-71.51517289;-1941355.246;2840718.497;B;False; ; ;0; ; ; ; ; ; 
TRACK;1.11.7-2;-16.39849474;-71.51595328;-1941280.62;2840637.208;B;False; ; ;0; ; ; ; ; ; 
TRACK;1.11.7-3; ; ;-1.516416327;20763369.87;B; ; ; ; ; ; ; ; ; ; 
TRACK;1.11.7-3;-16.39885054;-71.51516758;-1941332.327;2840721.655;B;False; ; ;0; ; ; ; ; ; 
TRACK;1.11.7-3;-16.39897598;-71.51499983;-1941349.179;2840739.039;B;False; ; ;0; ; ; ; ; ; 
TRACK;1.11.7-3;-16.39866484;-71.51476013;-1941315.65;2840770.286;B;False; ; ;0; ; ; ; ; ; 
TRACK;1.11.7-3;-16.3985492;-71.51493928;-1941299.805;2840751.481;B;False; ; ;0; ; ; ; ; ; 
TRACK;1.11.7-4; ; ;-1.516416327;20763369.87;B; ; ; ; ; ; ; ; ; ; 
TRACK;1.11.7-4;-16.39835214;-71.51472395;-1941279.371;2840778.474;B;False; ; ;0; ; ; ; ; ; 
TRACK;1.11.7-4;-16.39540692;-71.51256217;-1940960.632;2841062.099;B;False; ; ;0; ; ; ; ; ; 
TRACK;1.11.7-4;-16.3943635;-71.51414182;-1940818.132;2840896.596;B;False; ; ;0; ; ; ; ; ; 
TRACK;1.11.7-4;-16.397272;-71.51629693;-1941132.642;2840614.212;B;False; ; ;0; ; ; ; ; ; 
TRACK;1.11.8-1; ; ;-1.516416327;20763369.87;B; ; ; ; ; ; ; ; ; ; 
TRACK;1.11.8-1;-16.3972292;-71.51749469;-1941112.512;2840478.948;B;False; ; ;0; ; ; ; ; ; 
TRACK;1.11.8-1;-16.39768012;-71.51682118;-1941173.977;2840549.432;B;False; ; ;0; ; ; ; ; ; 
TRACK;1.11.8-1;-16.39731655;-71.51656872;-1941134.448;2840582.81;B;False; ; ;0; ; ; ; ; ; 
TRACK;1.11.8-1;-16.39685549;-71.51723045;-1941071.941;2840513.793;B;False; ; ;0; ; ; ; ; ; 
TRACK;1.11.8-2; ; ;-1.516416327;20763369.87;B; ; ; ; ; ; ; ; ; ; 
TRACK;1.11.8-2;-16.39665172;-71.51708811;-1941049.798;2840532.597;B;False; ; ;0; ; ; ; ; ; 
TRACK;1.11.8-2;-16.39700114;-71.51658253;-1941097.221;2840585.364;B;False; ; ;0; ; ; ; ; ; 
TRACK;1.11.8-2;-16.39683644;-71.51646391;-1941079.368;2840600.967;B;False; ; ;0; ; ; ; ; ; 
TRACK;1.11.8-2;-16.39648965;-71.51697734;-1941032.155;2840547.274;B;False; ; ;0; ; ; ; ; ; 
TRACK;1.11.8-3; ; ;-1.516416327;20763369.87;B; ; ; ; ; ; ; ; ; ; 
TRACK;1.11.8-3;-16.3970644;-71.51653904;-1941105.201;2840589.469;B;False; ; ;0; ; ; ; ; ; 
TRACK;1.11.8-3;-16.39718712;-71.51634669;-1941122.044;2840609.679;B;False; ; ;0; ; ; ; ; ; 
TRACK;1.11.8-3;-16.39669807;-71.5159846;-1941069.158;2840657.127;B;False; ; ;0; ; ; ; ; ; 
TRACK;1.11.8-3;-16.3965731;-71.51617844;-1941052.032;2840636.779;B;False; ; ;0; ; ; ; ; ; 
TRACK;1.11.8-4; ; ;-1.516416327;20763369.87;B; ; ; ; ; ; ; ; ; ; 
TRACK;1.11.8-4;-16.396557;-71.51675239;-1941042.904;2840571.904;B;False; ; ;0; ; ; ; ; ; 
TRACK;1.11.8-4;-16.39629381;-71.51657507;-1941014.22;2840595.45;B;False; ; ;0; ; ; ; ; ; 
TRACK;1.11.8-4;-16.39617436;-71.51675964;-1940997.86;2840576.08;B;False; ; ;0; ; ; ; ; ; 
TRACK;1.11.8-4;-16.39642923;-71.51693796;-1941025.553;2840552.53;B;False; ; ;0; ; ; ; ; ; 
TRACK;1.11.8-5; ; ;-1.516416327;20763369.87;B; ; ; ; ; ; ; ; ; ; 
TRACK;1.11.8-5;-16.39609332;-71.5166963;-1940989.139;2840584.321;B;False; ; ;0; ; ; ; ; ; 
TRACK;1.11.8-5;-16.39661988;-71.51593683;-1941060.573;2840663.566;B;False; ; ;0; ; ; ; ; ; 
TRACK;1.11.8-5;-16.39643418;-71.51580019;-1941040.481;2840681.487;B;False; ; ;0; ; ; ; ; ; 
TRACK;1.11.8-5;-16.39591291;-71.51656684;-1940969.577;2840601.358;B;False; ; ;0; ; ; ; ; ; 
TRACK;1.11.8-9; ; ;-1.516416327;20763369.87;B; ; ; ; ; ; ; ; ; ; 
TRACK;1.11.8-9;-16.39495242;-71.51587912;-1940865.412;2840691.892;B;False; ; ;0; ; ; ; ; ; 
TRACK;1.11.8-9;-16.3954839;-71.51510688;-1940937.586;2840772.521;B;False; ; ;0; ; ; ; ; ; 
TRACK;1.11.8-9;-16.39520871;-71.51490599;-1940907.79;2840798.896;B;False; ; ;0; ; ; ; ; ; 
TRACK;1.11.8-9;-16.39468379;-71.51567957;-1940836.37;2840718.029;B;False; ; ;0; ; ; ; ; ; 
TRACK;1.11.8-10; ; ;-1.516416327;20763369.87;B; ; ; ; ; ; ; ; ; ; 
TRACK;1.11.8-10;-16.39479113;-71.51529958;-1940853.772;2840759.718;B;False; ; ;0; ; ; ; ; ; 
TRACK;1.11.8-10;-16.39441725;-71.51502754;-1940813.278;2840795.451;B;False; ; ;0; ; ; ; ; ; 
TRACK;1.11.8-10;-16.39421116;-71.51535951;-1940784.882;2840760.497;B;False; ; ;0; ; ; ; ; ; 
TRACK;1.11.8-10;-16.39458379;-71.51561856;-1940825.391;2840726.253;B;False; ; ;0; ; ; ; ; ; 
TRACK;1.11.8-11; ; ;-1.516416327;20763369.87;B; ; ; ; ; ; ; ; ; ; 
TRACK;1.11.8-11;-16.39413254;-71.51530298;-1940776.359;2840767.935;B;False; ; ;0; ; ; ; ; ; 
TRACK;1.11.8-11;-16.39465236;-71.51450935;-1940847.433;2840851.143;B;False; ; ;0; ; ; ; ; ; 
TRACK;1.11.8-11;-16.39436666;-71.51429172;-1940816.614;2840879.555;B;False; ; ;0; ; ; ; ; ; 
TRACK;1.11.8-11;-16.39381483;-71.51508558;-1940741.776;2840796.739;B;False; ; ;0; ; ; ; ; ; 
TRACK;1.11.9-1; ; ;-1.516416327;20763369.87;B; ; ; ; ; ; ; ; ; ; 
TRACK;1.11.9-1;-16.39660121;-71.51844264;-1941026.786;2840379.656;B;False; ; ;0; ; ; ; ; ; 
TRACK;1.11.9-1;-16.39699781;-71.51787412;-1941080.545;2840438.944;B;False; ; ;0; ; ; ; ; ; 
TRACK;1.11.9-1;-16.39717958;-71.51760418;-1941105.302;2840467.18;B;False; ; ;0; ; ; ; ; ; 
TRACK;1.11.9-1;-16.3967605;-71.51730707;-1941059.816;2840506.347;B;False; ; ;0; ; ; ; ; ; 
TRACK;1.11.9-1;-16.39616534;-71.51806811;-1940980.303;2840427.82;B;False; ; ;0; ; ; ; ; ; 
TRACK;1.11.9-2; ; ;-1.516416327;20763369.87;B; ; ; ; ; ; ; ; ; ; 
TRACK;1.11.9-2;-16.3960823;-71.5179967;-1940971.449;2840437.002;B;False; ; ;0; ; ; ; ; ; 
TRACK;1.11.9-2;-16.39667835;-71.51725905;-1941050.771;2840512.865;B;False; ; ;0; ; ; ; ; ; 
TRACK;1.11.9-2;-16.3962003;-71.51692629;-1940998.806;2840556.843;B;False; ; ;0; ; ; ; ; ; 
TRACK;1.11.9-2;-16.39563383;-71.51762546;-1940923.444;2840484.957;B;False; ; ;0; ; ; ; ; ; 
TRACK;1.11.9-3; ; ;-1.516416327;20763369.87;B; ; ; ; ; ; ; ; ; ; 
TRACK;1.11.9-3;-16.39556616;-71.51756645;-1940916.239;2840492.533;B;False; ; ;0; ; ; ; ; ; 
TRACK;1.11.9-3;-16.39609782;-71.51686591;-1940987.529;2840565.029;B;False; ; ;0; ; ; ; ; ; 
TRACK;1.11.9-3;-16.39563795;-71.51652974;-1940937.743;2840609.157;B;False; ; ;0; ; ; ; ; ; 
TRACK;1.11.9-3;-16.39512858;-71.51719538;-1940869.512;2840540.327;B;False; ; ;0; ; ; ; ; ; 
TRACK;1.11.9-4; ; ;-1.516416327;20763369.87;B; ; ; ; ; ; ; ; ; ; 
TRACK;1.11.9-4;-16.39504881;-71.51712716;-1940861.001;2840549.105;B;False; ; ;0; ; ; ; ; ; 
TRACK;1.11.9-4;-16.3955573;-71.51648155;-1940928.876;2840615.675;B;False; ; ;0; ; ; ; ; ; 
TRACK;1.11.9-4;-16.39508599;-71.51613931;-1940877.823;2840660.641;B;False; ; ;0; ; ; ; ; ; 
TRACK;1.11.9-4;-16.3946012;-71.51676078;-1940813.036;2840596.499;B;False; ; ;0; ; ; ; ; ; 
TRACK;1.11.9-5; ; ;-1.516416327;20763369.87;B; ; ; ; ; ; ; ; ; ; 
TRACK;1.11.9-5;-16.39443972;-71.51568641;-1940807.61;2840720.441;B;False; ; ;0; ; ; ; ; ; 
TRACK;1.11.9-5;-16.39402489;-71.51626365;-1940751.599;2840660.4;B;False; ; ;0; ; ; ; ; ; 
TRACK;1.11.9-5;-16.39452319;-71.51668392;-1940804.841;2840606.233;B;False; ; ;0; ; ; ; ; ; 
TRACK;1.11.9-5;-16.39500319;-71.51607113;-1940868.956;2840669.454;B;False; ; ;0; ; ; ; ; ; 
TRACK;1.11.9-6; ; ;-1.516416327;20763369.87;B; ; ; ; ; ; ; ; ; ; 
TRACK;1.11.9-6;-16.39394685;-71.51619921;-1940743.244;2840668.727;B;False; ; ;0; ; ; ; ; ; 
TRACK;1.11.9-6;-16.39419329;-71.51584169;-1940776.704;2840706.052;B;False; ; ;0; ; ; ; ; ; 
TRACK;1.11.9-6;-16.39435068;-71.51562511;-1940797.923;2840728.556;B;False; ; ;0; ; ; ; ; ; 
TRACK;1.11.9-6;-16.39409685;-71.51545913;-1940770.197;2840750.693;B;False; ; ;0; ; ; ; ; ; 
TRACK;1.11.9-6;-16.39402492;-71.51556099;-1940760.462;2840740.082;B;False; ; ;0; ; ; ; ; ; 
TRACK;1.11.9-6;-16.39401333;-71.51554914;-1940759.25;2840741.577;B;False; ; ;0; ; ; ; ; ; 
TRACK;1.11.9-6;-16.39408289;-71.5154473;-1940768.706;2840752.217;B;False; ; ;0; ; ; ; ; ; 
TRACK;1.11.9-6;-16.3937721;-71.51520659;-1940735.23;2840783.574;B;False; ; ;0; ; ; ; ; ; 
TRACK;1.11.9-6;-16.3934448;-71.51576494;-1940689.739;2840724.531;B;False; ; ;0; ; ; ; ; ; 
TRACK;1.11.9-6;-16.39370973;-71.51599334;-1940717.984;2840695.17;B;False; ; ;0; ; ; ; ; ; 
TRACK;1.11.9-6;-16.39378773;-71.51588086;-1940728.565;2840706.907;B;False; ; ;0; ; ; ; ; ; 
TRACK;1.11.9-6;-16.39379919;-71.51589282;-1940729.76;2840705.401;B;False; ; ;0; ; ; ; ; ; 
TRACK;1.11.9-6;-16.39371886;-71.51600534;-1940718.904;2840693.69;B;False; ; ;0; ; ; ; ; ; 
TRACK;1.11.9-7; ; ;-1.516416327;20763369.87;B; ; ; ; ; ; ; ; ; ; 
TRACK;1.11.9-7;-16.39334639;-71.51570044;-1940678.991;2840733.131;B;False; ; ;0; ; ; ; ; ; 
TRACK;1.11.9-7;-16.39368027;-71.51514963;-1940725.159;2840791.233;B;False; ; ;0; ; ; ; ; ; 
TRACK;1.11.9-7;-16.39324255;-71.51483565;-1940677.695;2840832.555;B;False; ; ;0; ; ; ; ; ; 
TRACK;1.11.9-7;-16.39292183;-71.51533507;-1940633.722;2840780.11;B;False; ; ;0; ; ; ; ; ; 
TRACK;1.11.9-8; ; ;-1.516416327;20763369.87;B; ; ; ; ; ; ; ; ; ; 
TRACK;1.11.9-8;-16.39262389;-71.51686948;-1940579.376;2840609.996;B;False; ; ;0; ; ; ; ; ; 
TRACK;1.11.9-8;-16.39329644;-71.51577563;-1940672.176;2840725.256;B;False; ; ;0; ; ; ; ; ; 
TRACK;1.11.9-8;-16.39285521;-71.51543549;-1940624.629;2840769.592;B;False; ; ;0; ; ; ; ; ; 
TRACK;1.11.9-8;-16.39215745;-71.51646516;-1940529.677;2840661.938;B;False; ; ;0; ; ; ; ; ; 
TRACK;1.11.9-9; ; ;-1.516416327;20763369.87;B; ; ; ; ; ; ; ; ; ; 
TRACK;1.11.9-9;-16.39314487;-71.51730441;-1940635.096;2840553.871;B;False; ; ;0; ; ; ; ; ; 
TRACK;1.11.9-9;-16.39386337;-71.51628247;-1940732.388;2840660.376;B;False; ; ;0; ; ; ; ; ; 
TRACK;1.11.9-9;-16.39336889;-71.51585849;-1940679.642;2840714.913;B;False; ; ;0; ; ; ; ; ; 
TRACK;1.11.9-9;-16.39271478;-71.51693561;-1940589.22;2840601.31;B;False; ; ;0; ; ; ; ; ; 
TRACK;1.11.9-10; ; ;-1.516416327;20763369.87;B; ; ; ; ; ; ; ; ; ; 
TRACK;1.11.9-10;-16.39367659;-71.51777738;-1940691.599;2840493.292;B;False; ; ;0; ; ; ; ; ; 
TRACK;1.11.9-10;-16.39445666;-71.5167621;-1940796.038;2840598.237;B;False; ; ;0; ; ; ; ; ; 
TRACK;1.11.9-10;-16.39395709;-71.51635003;-1940742.546;2840651.491;B;False; ; ;0; ; ; ; ; ; 
TRACK;1.11.9-10;-16.39320443;-71.51736563;-1940641.321;2840546.151;B;False; ; ;0; ; ; ; ; ; 
TRACK;1.11.9-11; ; ;-1.516416327;20763369.87;B; ; ; ; ; ; ; ; ; ; 
TRACK;1.11.9-11;-16.39418078;-71.51820942;-1940745.383;2840437.714;B;False; ; ;0; ; ; ; ; ; 
TRACK;1.11.9-11;-16.39497779;-71.5171984;-1940851.759;2840541.955;B;False; ; ;0; ; ; ; ; ; 
TRACK;1.11.9-11;-16.39454129;-71.51683955;-1940805.005;2840588.349;B;False; ; ;0; ; ; ; ; ; 
TRACK;1.11.9-11;-16.39375426;-71.51781697;-1940700.225;2840487.788;B;False; ; ;0; ; ; ; ; ; 
TRACK;1.11.9-12; ; ;-1.516416327;20763369.87;B; ; ; ; ; ; ; ; ; ; 
TRACK;1.11.9-12;-16.39506164;-71.51726808;-1940860.731;2840532.958;B;False; ; ;0; ; ; ; ; ; 
TRACK;1.11.9-12;-16.39426805;-71.51827617;-1940754.794;2840429.005;B;False; ; ;0; ; ; ; ; ; 
TRACK;1.11.9-12;-16.39469287;-71.51867067;-1940799.727;2840378.722;B;False; ; ;0; ; ; ; ; ; 
TRACK;1.11.9-12;-16.39549116;-71.51765318;-1940906.335;2840483.678;B;False; ; ;0; ; ; ; ; ; 
TRACK;1.11.9-13; ; ;-1.516416327;20763369.87;B; ; ; ; ; ; ; ; ; ; 
TRACK;1.11.9-13;-16.39522039;-71.51910101;-1940856.273;2840323.033;B;False; ; ;0; ; ; ; ; ; 
TRACK;1.11.9-13;-16.39600668;-71.51808819;-1940961.412;2840427.615;B;False; ; ;0; ; ; ; ; ; 
TRACK;1.11.9-13;-16.39557145;-71.51771337;-1940915.008;2840475.804;B;False; ; ;0; ; ; ; ; ; 
TRACK;1.11.9-13;-16.39478382;-71.51870863;-1940809.933;2840373.23;B;False; ; ;0; ; ; ; ; ; 
TRACK;1.11.9-14; ; ;-1.516416327;20763369.87;B; ; ; ; ; ; ; ; ; ; 
TRACK;1.11.9-14;-16.39572639;-71.51951826;-1940910.455;2840269.11;B;False; ; ;0; ; ; ; ; ; 
TRACK;1.11.9-14;-16.39651805;-71.51851717;-1941016.077;2840372.291;B;False; ; ;0; ; ; ; ; ; 
TRACK;1.11.9-14;-16.39608571;-71.51815477;-1940969.856;2840419.033;B;False; ; ;0; ; ; ; ; ; 
TRACK;1.11.9-14;-16.39529469;-71.51914368;-1940864.463;2840317.223;B;False; ; ;0; ; ; ; ; ; 
TRACK;1.11.9-15; ; ;-1.516416327;20763369.87;B; ; ; ; ; ; ; ; ; ; 
TRACK;1.11.9-15;-16.39517963;-71.52022158;-1940837.359;2840196.496;B;False; ; ;0; ; ; ; ; ; 
TRACK;1.11.9-15;-16.39565543;-71.51961365;-1940900.917;2840259.219;B;False; ; ;0; ; ; ; ; ; 
TRACK;1.11.9-15;-16.39522047;-71.51924688;-1940854.444;2840306.49;B;False; ; ;0; ; ; ; ; ; 
TRACK;1.11.9-15;-16.39475455;-71.51985851;-1940791.999;2840243.217;B;False; ; ;0; ; ; ; ; ; 
TRACK;1.11.9-16; ; ;-1.516416327;20763369.87;B; ; ; ; ; ; ; ; ; ; 
TRACK;1.11.9-16;-16.39466828;-71.51978518;-1940782.789;2840252.659;B;False; ; ;0; ; ; ; ; ; 
TRACK;1.11.9-16;-16.39514128;-71.51918062;-1940845.975;2840315.038;B;False; ; ;0; ; ; ; ; ; 
TRACK;1.11.9-16;-16.3947163;-71.5188127;-1940800.689;2840362.31;B;False; ; ;0; ; ; ; ; ; 
TRACK;1.11.9-16;-16.39423782;-71.51940556;-1940737.006;2840301.329;B;False; ; ;0; ; ; ; ; ; 
TRACK;1.11.9-17; ; ;-1.516416327;20763369.87;B; ; ; ; ; ; ; ; ; ; 
TRACK;1.11.9-17;-16.39415721;-71.51934499;-1940728.299;2840309.25;B;False; ; ;0; ; ; ; ; ; 
TRACK;1.11.9-17;-16.39462491;-71.51874946;-1940790.75;2840370.675;B;False; ; ;0; ; ; ; ; ; 
TRACK;1.11.9-17;-16.39419606;-71.51838047;-1940745.022;2840418.118;B;False; ; ;0; ; ; ; ; ; 
TRACK;1.11.9-17;-16.39370802;-71.51897395;-1940680.208;2840357.191;B;False; ; ;0; ; ; ; ; ; 
TRACK;1.11.9-18; ; ;-1.516416327;20763369.87;B; ; ; ; ; ; ; ; ; ; 
TRACK;1.11.9-18;-16.39363844;-71.51890285;-1940672.929;2840366.163;B;False; ; ;0; ; ; ; ; ; 
TRACK;1.11.9-18;-16.39412396;-71.51829523;-1940737.627;2840428.725;B;False; ; ;0; ; ; ; ; ; 
TRACK;1.11.9-18;-16.3936748;-71.51792472;-1940689.532;2840476.607;B;False; ; ;0; ; ; ; ; ; 
TRACK;1.11.9-18;-16.39319232;-71.51853191;-1940625.197;2840414.053;B;False; ; ;0; ; ; ; ; ; 
TRACK;1.11.9-19; ; ;-1.516416327;20763369.87;B; ; ; ; ; ; ; ; ; ; 
TRACK;1.11.9-19;-16.39311384;-71.5184722;-1940616.73;2840421.848;B;False; ; ;0; ; ; ; ; ; 
TRACK;1.11.9-19;-16.39360914;-71.517844;-1940682.835;2840486.619;B;False; ; ;0; ; ; ; ; ; 
TRACK;1.11.9-19;-16.39313189;-71.51745693;-1940631.649;2840536.745;B;False; ; ;0; ; ; ; ; ; 
TRACK;1.11.9-19;-16.39265734;-71.51807285;-1940568.136;2840473.096;B;False; ; ;0; ; ; ; ; ; 
TRACK;1.11.9-20; ; ;-1.516416327;20763369.87;B; ; ; ; ; ; ; ; ; ; 
TRACK;1.11.9-20;-16.392583;-71.5180081;-1940560.219;2840481.41;B;False; ; ;0; ; ; ; ; ; 
TRACK;1.11.9-20;-16.39305859;-71.5173908;-1940623.871;2840545.201;B;False; ; ;0; ; ; ; ; ; 
TRACK;1.11.9-20;-16.39264646;-71.5170338;-1940579.956;2840591.067;B;False; ; ;0; ; ; ; ; ; 
TRACK;1.11.9-20;-16.39223166;-71.51771339;-1940522.659;2840519.418;B;False; ; ;0; ; ; ; ; ; 
TRACK;1.11.9-21; ; ;-1.516416327;20763369.87;B; ; ; ; ; ; ; ; ; ; 
TRACK;1.11.9-21;-16.39215364;-71.51764002;-1940514.419;2840528.757;B;False; ; ;0; ; ; ; ; ; 
TRACK;1.11.9-21;-16.39256964;-71.51695944;-1940571.869;2840600.503;B;False; ; ;0; ; ; ; ; ; 
TRACK;1.11.9-21;-16.39208981;-71.51656576;-1940520.462;2840651.413;B;False; ; ;0; ; ; ; ; ; 
TRACK;1.11.9-21;-16.39166793;-71.5172314;-1940462.51;2840581.438;B;False; ; ;0; ; ; ; ; ; 
TRACK;1.11.9-22; ; ;-1.516416327;20763369.87;B; ; ; ; ; ; ; ; ; ; 
TRACK;1.11.9-22;-16.39106397;-71.51865907;-1940373.563;2840427.425;B;False; ; ;0; ; ; ; ; ; 
TRACK;1.11.9-22;-16.39186947;-71.51759961;-1940481.545;2840537.051;B;False; ; ;0; ; ; ; ; ; 
TRACK;1.11.9-22;-16.39139309;-71.5171948;-1940430.684;2840589.177;B;False; ; ;0; ; ; ; ; ; 
TRACK;1.11.9-22;-16.3906298;-71.51829008;-1940327.209;2840474.937;B;False; ; ;0; ; ; ; ; ; 
TRACK;1.11.9-23; ; ;-1.516416327;20763369.87;B; ; ; ; ; ; ; ; ; ; 
TRACK;1.11.9-23;-16.39167726;-71.51916844;-1940439.19;2840361.653;B;False; ; ;0; ; ; ; ; ; 
TRACK;1.11.9-23;-16.39248738;-71.51812508;-1940547.511;2840469.392;B;False; ; ;0; ; ; ; ; ; 
TRACK;1.11.9-23;-16.39195016;-71.5176838;-1940489.963;2840526.449;B;False; ; ;0; ; ; ; ; ; 
TRACK;1.11.9-23;-16.39115164;-71.51870705;-1940383.258;2840420.839;B;False; ; ;0; ; ; ; ; ; 
TRACK;1.11.9-24; ; ;-1.516416327;20763369.87;B; ; ; ; ; ; ; ; ; ; 
TRACK;1.11.9-24;-16.39220399;-71.51960976;-1940495.506;2840304.731;B;False; ; ;0; ; ; ; ; ; 
TRACK;1.11.9-24;-16.39303245;-71.51858021;-1940605.808;2840410.663;B;False; ; ;0; ; ; ; ; ; 
TRACK;1.11.9-24;-16.39256342;-71.51819667;-1940555.542;2840460.282;B;False; ; ;0; ; ; ; ; ; 
TRACK;1.11.9-24;-16.39174849;-71.51922321;-1940446.868;2840354.512;B;False; ; ;0; ; ; ; ; ; 
TRACK;1.11.9-25; ; ;-1.516416327;20763369.87;B; ; ; ; ; ; ; ; ; ; 
TRACK;1.11.9-25;-16.39273276;-71.52004953;-1940552.081;2840247.956;B;False; ; ;0; ; ; ; ; ; 
TRACK;1.11.9-25;-16.39354265;-71.51901719;-1940660.236;2840354.448;B;False; ; ;0; ; ; ; ; ; 
TRACK;1.11.9-25;-16.39309595;-71.51865223;-1940612.359;2840401.667;B;False; ; ;0; ; ; ; ; ; 
TRACK;1.11.9-25;-16.39229161;-71.51967226;-1940505.011;2840296.498;B;False; ; ;0; ; ; ; ; ; 
TRACK;1.11.9-26; ; ;-1.516416327;20763369.87;B; ; ; ; ; ; ; ; ; ; 
TRACK;1.11.9-26;-16.39326127;-71.52048596;-1940608.666;2840191.565;B;False; ; ;0; ; ; ; ; ; 
TRACK;1.11.9-26;-16.39407381;-71.519477;-1940716.837;2840295.369;B;False; ; ;0; ; ; ; ; ; 
TRACK;1.11.9-26;-16.3936172;-71.51909217;-1940668.049;2840344.971;B;False; ; ;0; ; ; ; ; ; 
TRACK;1.11.9-26;-16.39280795;-71.52009743;-1940560.31;2840241.543;B;False; ; ;0; ; ; ; ; ; 
TRACK;1.11.9-27; ; ;-1.516416327;20763369.87;B; ; ; ; ; ; ; ; ; ; 
TRACK;1.11.9-27;-16.39377426;-71.52092735;-1940663.367;2840134.814;B;False; ; ;0; ; ; ; ; ; 
TRACK;1.11.9-27;-16.39457172;-71.5199175;-1940769.778;2840238.915;B;False; ; ;0; ; ; ; ; ; 
TRACK;1.11.9-27;-16.39413385;-71.51954116;-1940723.082;2840287.31;B;False; ; ;0; ; ; ; ; ; 
TRACK;1.11.9-27;-16.39333564;-71.52053402;-1940616.797;2840185.144;B;False; ; ;0; ; ; ; ; ; 
TRACK;1.11.9-28; ; ;-1.516416327;20763369.87;B; ; ; ; ; ; ; ; ; ; 
TRACK;1.11.9-28;-16.39426154;-71.52134581;-1940715.335;2840080.999;B;False; ; ;0; ; ; ; ; ; 
TRACK;1.11.9-28;-16.39507313;-71.52032075;-1940823.598;2840186.64;B;False; ; ;0; ; ; ; ; ; 
TRACK;1.11.9-28;-16.39465082;-71.51998224;-1940778.254;2840230.541;B;False; ; ;0; ; ; ; ; ; 
TRACK;1.11.9-28;-16.39386295;-71.52098078;-1940673.112;2840127.597;B;False; ; ;0; ; ; ; ; ; 
TRACK;1.11.9-29; ; ;-1.516416327;20763369.87;B; ; ; ; ; ; ; ; ; ; 
TRACK;1.11.9-29;-16.39337026;-71.52250484;-1940596.026;2839961.206;B;False; ; ;0; ; ; ; ; ; 
TRACK;1.11.9-29;-16.39418358;-71.5214859;-1940704.411;2840066.132;B;False; ; ;0; ; ; ; ; ; 
TRACK;1.11.9-29;-16.39373705;-71.52112183;-1940656.544;2840113.246;B;False; ; ;0; ; ; ; ; ; 
TRACK;1.11.9-29;-16.39294044;-71.52213119;-1940550.243;2840009.188;B;False; ; ;0; ; ; ; ; ; 
TRACK;1.11.9-30; ; ;-1.516416327;20763369.87;B; ; ; ; ; ; ; ; ; ; 
TRACK;1.11.9-30;-16.39286118;-71.52206622;-1940541.75;2840017.59;B;False; ; ;0; ; ; ; ; ; 
TRACK;1.11.9-30;-16.39366497;-71.52105475;-1940648.922;2840121.794;B;False; ; ;0; ; ; ; ; ; 
TRACK;1.11.9-30;-16.3932196;-71.52068439;-1940601.271;2840169.608;B;False; ; ;0; ; ; ; ; ; 
TRACK;1.11.9-30;-16.39242383;-71.52168548;-1940495.171;2840066.476;B;False; ; ;0; ; ; ; ; ; 
TRACK;1.11.9-31; ; ;-1.516416327;20763369.87;B; ; ; ; ; ; ; ; ; ; 
TRACK;1.11.9-31;-16.39235533;-71.52160535;-1940488.134;2840076.456;B;False; ; ;0; ; ; ; ; ; 
TRACK;1.11.9-31;-16.39315912;-71.52061467;-1940595.044;2840178.303;B;False; ; ;0; ; ; ; ; ; 
TRACK;1.11.9-31;-16.3927003;-71.52023219;-1940545.966;2840227.667;B;False; ; ;0; ; ; ; ; ; 
TRACK;1.11.9-31;-16.391922;-71.52124742;-1940441.739;2840122.702;B;False; ; ;0; ; ; ; ; ; 
TRACK;1.11.9-32; ; ;-1.516416327;20763369.87;B; ; ; ; ; ; ; ; ; ; 
TRACK;1.11.9-32;-16.39183932;-71.52117186;-1940432.978;2840132.35;B;False; ; ;0; ; ; ; ; ; 
TRACK;1.11.9-32;-16.39263317;-71.52015753;-1940539.021;2840237.01;B;False; ; ;0; ; ; ; ; ; 
TRACK;1.11.9-32;-16.39218532;-71.51979062;-1940491.033;2840284.465;B;False; ; ;0; ; ; ; ; ; 
TRACK;1.11.9-32;-16.39140601;-71.52078525;-1940386.948;2840181.849;B;False; ; ;0; ; ; ; ; ; 
TRACK;1.11.9-33; ; ;-1.516416327;20763369.87;B; ; ; ; ; ; ; ; ; ; 
TRACK;1.11.9-33;-16.3913098;-71.52071812;-1940376.492;2840190.717;B;False; ; ;0; ; ; ; ; ; 
TRACK;1.11.9-33;-16.39211373;-71.51971609;-1940483.563;2840293.851;B;False; ; ;0; ; ; ; ; ; 
TRACK;1.11.9-33;-16.39165911;-71.51935286;-1940434.734;2840340.977;B;False; ; ;0; ; ; ; ; ; 
TRACK;1.11.9-33;-16.39088098;-71.52034385;-1940330.833;2840238.758;B;False; ; ;0; ; ; ; ; ; 
TRACK;1.11.9-34; ; ;-1.516416327;20763369.87;B; ; ; ; ; ; ; ; ; ; 
TRACK;1.11.9-34;-16.3907966;-71.52029274;-1940321.564;2840245.655;B;False; ; ;0; ; ; ; ; ; 
TRACK;1.11.9-34;-16.39159072;-71.51927808;-1940427.642;2840350.351;B;False; ; ;0; ; ; ; ; ; 
TRACK;1.11.9-34;-16.39107613;-71.51883803;-1940372.737;2840406.971;B;False; ; ;0; ; ; ; ; ; 
TRACK;1.11.9-34;-16.39033279;-71.51987562;-1940272.335;2840299.013;B;False; ; ;0; ; ; ; ; ; 
TRACK;1.11.9-35; ; ;-1.516416327;20763369.87;B; ; ; ; ; ; ; ; ; ; 
TRACK;1.11.9-35;-16.39084799;-71.51897063;-1940344.264;2840394.913;B;False; ; ;0; ; ; ; ; ; 
TRACK;1.11.9-35;-16.39099031;-71.51876508;-1940363.573;2840416.364;B;False; ; ;0; ; ; ; ; ; 
TRACK;1.11.9-35;-16.39055168;-71.5183984;-1940316.666;2840463.673;B;False; ; ;0; ; ; ; ; ; 
TRACK;1.11.9-35;-16.39039389;-71.51861829;-1940295.358;2840440.798;B;False; ; ;0; ; ; ; ; ; 
TRACK;1.11.9-36; ; ;-1.516416327;20763369.87;B; ; ; ; ; ; ; ; ; ; 
TRACK;1.11.9-36;-16.39023687;-71.51981055;-1940261.886;2840307.644;B;False; ; ;0; ; ; ; ; ; 
TRACK;1.11.9-36;-16.390809;-71.519016;-1940339.111;2840390.277;B;False; ; ;0; ; ; ; ; ; 
TRACK;1.11.9-36;-16.39035519;-71.51867131;-1940290.143;2840435.291;B;False; ; ;0; ; ; ; ; ; 
TRACK;1.11.9-36;-16.38981441;-71.51945258;-1940216.769;2840353.753;B;False; ; ;0; ; ; ; ; ; 
TRACK;1.11.9-37; ; ;-1.516416327;20763369.87;B; ; ; ; ; ; ; ; ; ; 
TRACK;1.11.9-37;-16.38957258;-71.52074527;-1940172.069;2840210.318;B;False; ; ;0; ; ; ; ; ; 
TRACK;1.11.9-37;-16.39013416;-71.51995653;-1940247.981;2840292.43;B;False; ; ;0; ; ; ; ; ; 
TRACK;1.11.9-37;-16.38972117;-71.51960165;-1940203.936;2840338.066;B;False; ; ;0; ; ; ; ; ; 
TRACK;1.11.9-37;-16.38918078;-71.520403;-1940130.355;2840254.246;B;False; ; ;0; ; ; ; ; ; 
TRACK;1.11.9-38; ; ;-1.516416327;20763369.87;B; ; ; ; ; ; ; ; ; ; 
TRACK;1.11.9-38;-16.39010103;-71.52118242;-1940228.64;2840153.847;B;False; ; ;0; ; ; ; ; ; 
TRACK;1.11.9-38;-16.39043804;-71.52075186;-1940273.656;2840198.273;B;False; ; ;0; ; ; ; ; ; 
TRACK;1.11.9-38;-16.39069947;-71.52040835;-1940308.697;2840233.814;B;False; ; ;0; ; ; ; ; ; 
TRACK;1.11.9-38;-16.39022813;-71.52002602;-1940258.144;2840283.324;B;False; ; ;0; ; ; ; ; ; 
TRACK;1.11.9-38;-16.38967184;-71.52080368;-1940182.994;2840202.398;B;False; ; ;0; ; ; ; ; ; 
TRACK;1.11.9-39; ; ;-1.516416327;20763369.87;B; ; ; ; ; ; ; ; ; ; 
TRACK;1.11.9-39;-16.39061281;-71.52162521;-1940283.182;2840096.953;B;False; ; ;0; ; ; ; ; ; 
TRACK;1.11.9-39;-16.39122201;-71.52084478;-1940364.583;2840177.5;B;False; ; ;0; ; ; ; ; ; 
TRACK;1.11.9-39;-16.39077749;-71.52048076;-1940316.949;2840224.583;B;False; ; ;0; ; ; ; ; ; 
TRACK;1.11.9-39;-16.39018174;-71.52125678;-1940237.184;2840144.36;B;False; ; ;0; ; ; ; ; ; 
TRACK;1.11.9-40; ; ;-1.516416327;20763369.87;B; ; ; ; ; ; ; ; ; ; 
TRACK;1.11.9-40;-16.39111712;-71.52209572;-1940336.496;2840037.014;B;False; ; ;0; ; ; ; ; ; 
TRACK;1.11.9-40;-16.3917287;-71.52129309;-1940418.456;2840120.047;B;False; ; ;0; ; ; ; ; ; 
TRACK;1.11.9-40;-16.39129522;-71.52091709;-1940372.271;2840168.345;B;False; ; ;0; ; ; ; ; ; 
TRACK;1.11.9-40;-16.39067577;-71.52169639;-1940289.681;2840088.059;B;False; ; ;0; ; ; ; ; ; 
TRACK;1.11.9-41; ; ;-1.516416327;20763369.87;B; ; ; ; ; ; ; ; ; ; 
TRACK;1.11.9-41;-16.39163076;-71.52254058;-1940391.23;2839979.862;B;False; ; ;0; ; ; ; ; ; 
TRACK;1.11.9-41;-16.39225708;-71.52173949;-1940474.901;2840062.528;B;False; ; ;0; ; ; ; ; ; 
TRACK;1.11.9-41;-16.39181832;-71.52136892;-1940428.028;2840110.278;B;False; ; ;0; ; ; ; ; ; 
TRACK;1.11.9-41;-16.39119362;-71.52214152;-1940344.906;2840030.822;B;False; ; ;0; ; ; ; ; ; 
TRACK;1.11.9-42; ; ;-1.516416327;20763369.87;B; ; ; ; ; ; ; ; ; ; 
TRACK;1.11.9-42;-16.39214606;-71.52297711;-1940446.263;2839923.633;B;False; ; ;0; ; ; ; ; ; 
TRACK;1.11.9-42;-16.392751;-71.52219462;-1940527.188;2840004.469;B;False; ; ;0; ; ; ; ; ; 
TRACK;1.11.9-42;-16.39232695;-71.52182012;-1940482.093;2840052.473;B;False; ; ;0; ; ; ; ; ; 
TRACK;1.11.9-42;-16.39170267;-71.52261215;-1940398.775;2839970.808;B;False; ; ;0; ; ; ; ; ; 
TRACK;1.11.9-43; ; ;-1.516416327;20763369.87;B; ; ; ; ; ; ; ; ; ; 
TRACK;1.11.9-43;-16.39266162;-71.52341395;-1940501.323;2839867.367;B;False; ; ;0; ; ; ; ; ; 
TRACK;1.11.9-43;-16.3932651;-71.52263284;-1940582.059;2839948.064;B;False; ; ;0; ; ; ; ; ; 
TRACK;1.11.9-43;-16.39283375;-71.52226752;-1940535.99;2839995.121;B;False; ; ;0; ; ; ; ; ; 
TRACK;1.11.9-43;-16.39222427;-71.52303278;-1940454.749;2839916.3;B;False; ; ;0; ; ; ; ; ; 
TRACK;1.11.9-44; ; ;-1.516416327;20763369.87;B; ; ; ; ; ; ; ; ; ; 
TRACK;1.11.9-44;-16.39215343;-71.52406776;-1940433.385;2839799.86;B;False; ; ;0; ; ; ; ; ; 
TRACK;1.11.9-44;-16.39227797;-71.52394366;-1940449.579;2839812.308;B;False; ; ;0; ; ; ; ; ; 
TRACK;1.11.9-44;-16.39261987;-71.52347228;-1940495.683;2839861.297;B;False; ; ;0; ; ; ; ; ; 
TRACK;1.11.9-44;-16.3921573;-71.52308864;-1940446.178;2839910.84;B;False; ; ;0; ; ; ; ; ; 
TRACK;1.11.9-44;-16.39171432;-71.52369291;-1940386.525;2839848.1;B;False; ; ;0; ; ; ; ; ; 
TRACK;1.11.9-45; ; ;-1.516416327;20763369.87;B; ; ; ; ; ; ; ; ; ; 
TRACK;1.11.9-45;-16.3916048;-71.52364207;-1940374.3;2839855.294;B;False; ; ;0; ; ; ; ; ; 
TRACK;1.11.9-45;-16.39209459;-71.52303385;-1940439.501;2839917.871;B;False; ; ;0; ; ; ; ; ; 
TRACK;1.11.9-45;-16.39165139;-71.5226769;-1940391.935;2839964.134;B;False; ; ;0; ; ; ; ; ; 
TRACK;1.11.9-45;-16.39117296;-71.5232685;-1940328.278;2839903.293;B;False; ; ;0; ; ; ; ; ; 
TRACK;1.11.9-46; ; ;-1.516416327;20763369.87;B; ; ; ; ; ; ; ; ; ; 
TRACK;1.11.9-46;-16.39125758;-71.52302199;-1940341.324;2839930.143;B;False; ; ;0; ; ; ; ; ; 
TRACK;1.11.9-46;-16.39160172;-71.5225612;-1940387.559;2839977.903;B;False; ; ;0; ; ; ; ; ; 
TRACK;1.11.9-46;-16.39114911;-71.52219772;-1940338.968;2840025.029;B;False; ; ;0; ; ; ; ; ; 
TRACK;1.11.9-46;-16.39080618;-71.52263513;-1940293.171;2839979.905;B;False; ; ;0; ; ; ; ; ; 
TRACK;1.11.9-47; ; ;-1.516416327;20763369.87;B; ; ; ; ; ; ; ; ; ; 
TRACK;1.11.9-47;-16.39112816;-71.52319643;-1940323.922;2839912.052;B;False; ; ;0; ; ; ; ; ; 
TRACK;1.11.9-47;-16.3912319;-71.52304267;-1940338.047;2839928.133;B;False; ; ;0; ; ; ; ; ; 
TRACK;1.11.9-47;-16.39078768;-71.52265675;-1940290.726;2839977.695;B;False; ; ;0; ; ; ; ; ; 
TRACK;1.11.9-47;-16.39064503;-71.52282798;-1940271.81;2839960.139;B;False; ; ;0; ; ; ; ; ; 
TRACK;1.11.9-49; ; ;-1.516416327;20763369.87;B; ; ; ; ; ; ; ; ; ; 
TRACK;1.11.9-49;-16.39071292;-71.52258603;-1940282.834;2839986.69;B;False; ; ;0; ; ; ; ; ; 
TRACK;1.11.9-49;-16.39105704;-71.52214667;-1940328.796;2840032.021;B;False; ; ;0; ; ; ; ; ; 
TRACK;1.11.9-49;-16.3906257;-71.52176571;-1940282.926;2840080.853;B;False; ; ;0; ; ; ; ; ; 
TRACK;1.11.9-49;-16.39028048;-71.52222255;-1940236.614;2840033.553;B;False; ; ;0; ; ; ; ; ; 
TRACK;1.11.9-50; ; ;-1.516416327;20763369.87;B; ; ; ; ; ; ; ; ; ; 
TRACK;1.11.9-50;-16.39005111;-71.52233185;-1940208.292;2840024.153;B;False; ; ;0; ; ; ; ; ; 
TRACK;1.11.9-50;-16.39055411;-71.52168907;-1940275.481;2840090.477;B;False; ; ;0; ; ; ; ; ; 
TRACK;1.11.9-50;-16.39011587;-71.52131237;-1940228.745;2840138.916;B;False; ; ;0; ; ; ; ; ; 
TRACK;1.11.9-50;-16.38961483;-71.5219301;-1940162.102;2840075.406;B;False; ; ;0; ; ; ; ; ; 
TRACK;1.11.9-51; ; ;-1.516416327;20763369.87;B; ; ; ; ; ; ; ; ; ; 
TRACK;1.11.9-51;-16.38955575;-71.52186061;-1940156.037;2840084.057;B;False; ; ;0; ; ; ; ; ; 
TRACK;1.11.9-51;-16.39004234;-71.52124911;-1940220.905;2840147.05;B;False; ; ;0; ; ; ; ; ; 
TRACK;1.11.9-51;-16.3896099;-71.52089133;-1940174.613;2840193.268;B;False; ; ;0; ; ; ; ; ; 
TRACK;1.11.9-51;-16.38914562;-71.52148455;-1940112.596;2840132.056;B;False; ; ;0; ; ; ; ; ; 
TRACK;1.11.9-52; ; ;-1.516416327;20763369.87;B; ; ; ; ; ; ; ; ; ; 
TRACK;1.11.9-52;-16.38906048;-71.52142051;-1940103.401;2840140.43;B;False; ; ;0; ; ; ; ; ; 
TRACK;1.11.9-52;-16.38953317;-71.52079156;-1940166.856;2840205.583;B;False; ; ;0; ; ; ; ; ; 
TRACK;1.11.9-52;-16.3891392;-71.52047966;-1940124.504;2840246.096;B;False; ; ;0; ; ; ; ; ; 
TRACK;1.11.9-52;-16.38869884;-71.52110517;-1940064.891;2840180.911;B;False; ; ;0; ; ; ; ; ; 
TRACK;1.11.10-1; ; ;-1.516416327;20763369.87;B; ; ; ; ; ; ; ; ; ; 
TRACK;1.11.10-1;-16.3914816;-71.52488434;-1940344.175;2839716.033;B;False; ; ;0; ; ; ; ; ; 
TRACK;1.11.10-1;-16.39208985;-71.52410829;-1940425.406;2839796.094;B;False; ; ;0; ; ; ; ; ; 
TRACK;1.11.10-1;-16.39164883;-71.52374415;-1940378.186;2839843.144;B;False; ; ;0; ; ; ; ; ; 
TRACK;1.11.10-1;-16.39106587;-71.52452788;-1940299.828;2839761.881;B;False; ; ;0; ; ; ; ; ; 
TRACK;1.11.10-2; ; ;-1.516416327;20763369.87;B; ; ; ; ; ; ; ; ; ; 
TRACK;1.11.10-2;-16.39097985;-71.52445617;-1940290.627;2839771.135;B;False; ; ;0; ; ; ; ; ; 
TRACK;1.11.10-2;-16.39155661;-71.52371807;-1940367.681;2839847.305;B;False; ; ;0; ; ; ; ; ; 
TRACK;1.11.10-2;-16.39111189;-71.52335984;-1940319.953;2839893.733;B;False; ; ;0; ; ; ; ; ; 
TRACK;1.11.10-2;-16.39053416;-71.52407549;-1940243.068;2839820.121;B;False; ; ;0; ; ; ; ; ; 
TRACK;1.11.10-3; ; ;-1.516416327;20763369.87;B; ; ; ; ; ; ; ; ; ; 
TRACK;1.11.10-3;-16.39085767;-71.52474921;-1940272.582;2839739.499;B;False; ; ;0; ; ; ; ; ; 
TRACK;1.11.10-3;-16.39099453;-71.52456128;-1940291.028;2839759.024;B;False; ; ;0; ; ; ; ; ; 
TRACK;1.11.10-3;-16.39067011;-71.52429103;-1940256.322;2839793.905;B;False; ; ;0; ; ; ; ; ; 
TRACK;1.11.10-3;-16.39053206;-71.52448435;-1940237.67;2839773.785;B;False; ; ;0; ; ; ; ; ; 
TRACK;1.11.10-4; ; ;-1.516416327;20763369.87;B; ; ; ; ; ; ; ; ; ; 
TRACK;1.11.10-4;-16.39131366;-71.52514749;-1940321.13;2839688.385;B;False; ; ;0; ; ; ; ; ; 
TRACK;1.11.10-4;-16.39146168;-71.52495427;-1940340.953;2839708.363;B;False; ; ;0; ; ; ; ; ; 
TRACK;1.11.10-4;-16.39105476;-71.52462082;-1940297.353;2839751.487;B;False; ; ;0; ; ; ; ; ; 
TRACK;1.11.10-4;-16.39091713;-71.52479282;-1940279.018;2839733.778;B;False; ; ;0; ; ; ; ; ; 
TRACK;1.11.10-5; ; ;-1.516416327;20763369.87;B; ; ; ; ; ; ; ; ; ; 
TRACK;1.11.10-5;-16.39090883;-71.52566892;-1940267.005;2839634.54;B;False; ; ;0; ; ; ; ; ; 
TRACK;1.11.10-5;-16.3912883;-71.52517865;-1940317.758;2839685.182;B;False; ; ;0; ; ; ; ; ; 
TRACK;1.11.10-5;-16.39050453;-71.52451191;-1940234.088;2839771.018;B;False; ; ;0; ; ; ; ; ; 
TRACK;1.11.10-5;-16.39019727;-71.52500478;-1940191.784;2839719.138;B;False; ; ;0; ; ; ; ; ; 
TRACK;1.11.10-6; ; ;-1.516416327;20763369.87;B; ; ; ; ; ; ; ; ; ; 
TRACK;1.11.10-6;-16.39034245;-71.52630926;-1940192.403;2839569.319;B;False; ; ;0; ; ; ; ; ; 
TRACK;1.11.10-6;-16.39041681;-71.52625432;-1940201.831;2839574.578;B;False; ; ;0; ; ; ; ; ; 
TRACK;1.11.10-6;-16.39063534;-71.52599404;-1940230.781;2839601.242;B;False; ; ;0; ; ; ; ; ; 
TRACK;1.11.10-6;-16.39085856;-71.52570387;-1940260.659;2839631.233;B;False; ; ;0; ; ; ; ; ; 
TRACK;1.11.10-6;-16.39056532;-71.52541591;-1940229.84;2839667.714;B;False; ; ;0; ; ; ; ; ; 
TRACK;1.11.10-6;-16.39015319;-71.52502361;-1940186.368;2839717.578;B;False; ; ;0; ; ; ; ; ; 
TRACK;1.11.10-6;-16.39006155;-71.52497497;-1940176.216;2839724.29;B;False; ; ;0; ; ; ; ; ; 
TRACK;1.11.10-6;-16.38999656;-71.52488956;-1940169.658;2839734.823;B;False; ; ;0; ; ; ; ; ; 
TRACK;1.11.10-6;-16.39001863;-71.52546512;-1940164.999;2839669.268;B;False; ; ;0; ; ; ; ; ; 
TRACK;1.11.10-6;-16.39003692;-71.52582075;-1940162.667;2839628.703;B;False; ; ;0; ; ; ; ; ; 
TRACK;1.11.10-6;-16.39005876;-71.52608702;-1940161.878;2839598.222;B;False; ; ;0; ; ; ; ; ; 
TRACK;1.11.10-6;-16.39009848;-71.52626882;-1940164.254;2839577.088;B;False; ; ;0; ; ; ; ; ; 
TRACK;1.11.10-6;-16.39013067;-71.52634115;-1940167.124;2839568.466;B;False; ; ;0; ; ; ; ; ; 
TRACK;1.11.10-6;-16.39017039;-71.52638583;-1940171.228;2839562.881;B;False; ; ;0; ; ; ; ; ; 
TRACK;1.11.10-6;-16.39021059;-71.52637049;-1940176.142;2839564.096;B;False; ; ;0; ; ; ; ; ; 
TRACK;1.11.10-7; ; ;-1.516416327;20763369.87;B; ; ; ; ; ; ; ; ; ; 
TRACK;1.11.10-7;-16.39032835;-71.52470573;-1940210.949;2839751.339;B;False; ; ;0; ; ; ; ; ; 
TRACK;1.11.10-7;-16.39062639;-71.52424057;-1940251.822;2839800.197;B;False; ; ;0; ; ; ; ; ; 
TRACK;1.11.10-7;-16.38996099;-71.52371412;-1940180.289;2839868.581;B;False; ; ;0; ; ; ; ; ; 
TRACK;1.11.10-7;-16.38944983;-71.52325634;-1940126.008;2839927.165;B;False; ; ;0; ; ; ; ; ; 
TRACK;1.11.10-7;-16.38934756;-71.52333866;-1940112.957;2839919.164;B;False; ; ;0; ; ; ; ; ; 
TRACK;1.11.10-7;-16.38958875;-71.52374667;-1940136.15;2839869.748;B;False; ; ;0; ; ; ; ; ; 
TRACK;1.11.10-7;-16.38982499;-71.52412377;-1940159.151;2839823.902;B;False; ; ;0; ; ; ; ; ; 
TRACK;1.11.10-7;-16.390109;-71.52458346;-1940186.722;2839768.067;B;False; ; ;0; ; ; ; ; ; 
TRACK;1.11.10-7;-16.39001759;-71.52472514;-1940174.199;2839753.194;B;False; ; ;0; ; ; ; ; ; 
TRACK;1.11.10-7;-16.39017063;-71.52496546;-1940189.15;2839723.945;B;False; ; ;0; ; ; ; ; ; 
TRACK;1.11.10-8; ; ;-1.516416327;20763369.87;B; ; ; ; ; ; ; ; ; ; 
TRACK;1.11.10-8;-16.39044771;-71.52402301;-1940233.573;2839827.201;B;False; ; ;0; ; ; ; ; ; 
TRACK;1.11.10-8;-16.39102949;-71.52329501;-1940311.089;2839902.161;B;False; ; ;0; ; ; ; ; ; 
TRACK;1.11.10-8;-16.39057933;-71.52293023;-1940262.804;2839949.402;B;False; ; ;0; ; ; ; ; ; 
TRACK;1.11.10-8;-16.39002814;-71.52363958;-1940189.116;2839876.157;B;False; ; ;0; ; ; ; ; ; 
TRACK;1.11.10-9; ; ;-1.516416327;20763369.87;B; ; ; ; ; ; ; ; ; ; 
TRACK;1.11.10-9;-16.38994307;-71.52358119;-1940179.858;2839883.889;B;False; ; ;0; ; ; ; ; ; 
TRACK;1.11.10-9;-16.39050456;-71.52286576;-1940254.833;2839957.688;B;False; ; ;0; ; ; ; ; ; 
TRACK;1.11.10-9;-16.39005451;-71.52248281;-1940206.789;2840006.99;B;False; ; ;0; ; ; ; ; ; 
TRACK;1.11.10-9;-16.38951486;-71.52319497;-1940134.42;2839933.275;B;False; ; ;0; ; ; ; ; ; 
TRACK;1.11.10-10; ; ;-1.516416327;20763369.87;B; ; ; ; ; ; ; ; ; ; 
TRACK;1.11.10-10;-16.38942531;-71.52313948;-1940124.6;2839940.736;B;False; ; ;0; ; ; ; ; ; 
TRACK;1.11.10-10;-16.38998483;-71.52241147;-1940199.503;2840015.988;B;False; ; ;0; ; ; ; ; ; 
TRACK;1.11.10-10;-16.38953693;-71.52203544;-1940151.624;2840064.477;B;False; ; ;0; ; ; ; ; ; 
TRACK;1.11.10-10;-16.38895999;-71.52276095;-1940074.706;2839989.735;B;False; ; ;0; ; ; ; ; ; 
TRACK;1.11.10-11; ; ;-1.516416327;20763369.87;B; ; ; ; ; ; ; ; ; ; 
TRACK;1.11.10-11;-16.38829901;-71.52240792;-1940001.506;2840038.396;B;False; ; ;0; ; ; ; ; ; 
TRACK;1.11.10-11;-16.38862555;-71.52306405;-1940031.6;2839959.729;B;False; ; ;0; ; ; ; ; ; 
TRACK;1.11.10-11;-16.38887609;-71.52322128;-1940059.05;2839938.628;B;False; ; ;0; ; ; ; ; ; 
TRACK;1.11.10-11;-16.3892605;-71.52331065;-1940103.083;2839923.477;B;False; ; ;0; ; ; ; ; ; 
TRACK;1.11.10-11;-16.38940188;-71.52316456;-1940121.532;2839938.198;B;False; ; ;0; ; ; ; ; ; 
TRACK;1.11.10-11;-16.38846745;-71.52251026;-1940020.004;2840024.592;B;False; ; ;0; ; ; ; ; ; 
TRACK;1.11.10-12; ; ;-1.516416327;20763369.87;B; ; ; ; ; ; ; ; ; ; 
TRACK;1.11.10-12;-16.38845828;-71.52248462;-1940019.25;2840027.62;B;False; ; ;0; ; ; ; ; ; 
TRACK;1.11.10-12;-16.38855722;-71.52252382;-1940030.379;2840021.882;B;False; ; ;0; ; ; ; ; ; 
TRACK;1.11.10-12;-16.38885382;-71.522738;-1940062.524;2839993.723;B;False; ; ;0; ; ; ; ; ; 
TRACK;1.11.10-12;-16.38948126;-71.52194578;-1940146.213;2840075.372;B;False; ; ;0; ; ; ; ; ; 
TRACK;1.11.10-12;-16.3890744;-71.52157702;-1940103.064;2840122.5;B;False; ; ;0; ; ; ; ; ; 
TRACK;1.11.10-12;-16.3887203;-71.52200642;-1940056.056;2840078.427;B;False; ; ;0; ; ; ; ; ; 
TRACK;1.11.10-12;-16.38837764;-71.52241799;-1940010.617;2840036.228;B;False; ; ;0; ; ; ; ; ; 
TRACK;1.11.10-13; ; ;-1.516416327;20763369.87;B; ; ; ; ; ; ; ; ; ; 
TRACK;1.11.10-13;-16.38899418;-71.5215259;-1940094.284;2840129.344;B;False; ; ;0; ; ; ; ; ; 
TRACK;1.11.10-13;-16.38860742;-71.52116376;-1940053.413;2840175.46;B;False; ; ;0; ; ; ; ; ; 
TRACK;1.11.10-13;-16.38827326;-71.52158196;-1940008.888;2840132.397;B;False; ; ;0; ; ; ; ; ; 
TRACK;1.11.10-13;-16.38831728;-71.52185547;-1940010.613;2840100.806;B;False; ; ;0; ; ; ; ; ; 
TRACK;1.11.10-13;-16.38823172;-71.52194064;-1939999.488;2840092.264;B;False; ; ;0; ; ; ; ; ; 
TRACK;1.11.10-13;-16.38839064;-71.52232731;-1940013.286;2840046.341;B;False; ; ;0; ; ; ; ; ; 
TRACK;1.11.10-14; ; ;-1.516416327;20763369.87;B; ; ; ; ; ; ; ; ; ; 
TRACK;1.11.10-14;-16.38825121;-71.52152424;-1940007.025;2840139.23;B;False; ; ;0; ; ; ; ; ; 
TRACK;1.11.10-14;-16.38856413;-71.52114851;-1940048.52;2840177.754;B;False; ; ;0; ; ; ; ; ; 
TRACK;1.11.10-14;-16.38826819;-71.52084463;-1940017.583;2840216.078;B;False; ; ;0; ; ; ; ; ; 
TRACK;1.11.10-14;-16.38792248;-71.52050921;-1939981.197;2840258.627;B;False; ; ;0; ; ; ; ; ; 
TRACK;1.11.10-14;-16.38739954;-71.52007819;-1939925.195;2840314.333;B;False; ; ;0; ; ; ; ; ; 
TRACK;1.11.10-14;-16.38732471;-71.52001118;-1939917.248;2840322.908;B;False; ; ;0; ; ; ; ; ; 
TRACK;1.11.10-14;-16.38703672;-71.51976732;-1939886.49;2840354.322;B;False; ; ;0; ; ; ; ; ; 
TRACK;1.11.10-14;-16.38684566;-71.51960315;-1939866.113;2840375.433;B;False; ; ;0; ; ; ; ; ; 
TRACK;1.11.10-14;-16.38675657;-71.51952526;-1939856.628;2840385.429;B;False; ; ;0; ; ; ; ; ; 
TRACK;1.11.10-14;-16.3866822;-71.51952111;-1939847.944;2840386.87;B;False; ; ;0; ; ; ; ; ; 
TRACK;1.11.10-14;-16.38659811;-71.51953413;-1939837.901;2840386.491;B;False; ; ;0; ; ; ; ; ; 
TRACK;1.11.10-14;-16.38654793;-71.51955654;-1939831.723;2840384.606;B;False; ; ;0; ; ; ; ; ; 
TRACK;1.11.10-14;-16.386344;-71.51970748;-1939805.865;2840370.15;B;False; ; ;0; ; ; ; ; ; 
TRACK;1.11.10-14;-16.38625313;-71.51978811;-1939794.174;2840362.192;B;False; ; ;0; ; ; ; ; ; 
TRACK;1.11.10-14;-16.38636862;-71.51981132;-1939807.449;2840358.053;B;False; ; ;0; ; ; ; ; ; 
TRACK;1.11.10-14;-16.38667183;-71.52025089;-1939837.531;2840304.246;B;False; ; ;0; ; ; ; ; ; 
TRACK;1.11.10-14;-16.38684279;-71.52039207;-1939855.835;2840286.005;B;False; ; ;0; ; ; ; ; ; 
TRACK;1.11.10-14;-16.38704428;-71.52048364;-1939878.351;2840272.99;B;False; ; ;0; ; ; ; ; ; 
TRACK;1.11.10-14;-16.38728689;-71.52056241;-1939905.86;2840260.89;B;False; ; ;0; ; ; ; ; ; 
TRACK;1.11.10-14;-16.38770438;-71.52070164;-1939953.151;2840239.652;B;False; ; ;0; ; ; ; ; ; 
TRACK;1.11.10-14;-16.38778385;-71.52072842;-1939962.149;2840235.578;B;False; ; ;0; ; ; ; ; ; 
TRACK;1.11.10-14;-16.3878212;-71.52069272;-1939966.986;2840239.139;B;False; ; ;0; ; ; ; ; ; 
TRACK;1.11.10-14;-16.38788041;-71.52076716;-1939973.005;2840229.924;B;False; ; ;0; ; ; ; ; ; 
TRACK;1.11.10-14;-16.38786864;-71.52081493;-1939971.019;2840224.661;B;False; ; ;0; ; ; ; ; ; 
TRACK;1.11.10-14;-16.38798232;-71.52090175;-1939983.281;2840213.331;B;False; ; ;0; ; ; ; ; ; 
TRACK;1.11.10-14;-16.38803693;-71.52084181;-1939990.451;2840219.416;B;False; ; ;0; ; ; ; ; ; 
TRACK;1.11.10-14;-16.38812514;-71.52096181;-1939999.301;2840204.656;B;False; ; ;0; ; ; ; ; ; 
TRACK;1.11.10-14;-16.38805888;-71.52107031;-1939990.151;2840193.217;B;False; ; ;0; ; ; ; ; ; 
TRACK;1.11.10-14;-16.38818198;-71.52130397;-1940001.667;2840165.112;B;False; ; ;0; ; ; ; ; ; 
TRACK;1.11.12-1; ; ;-1.516416327;20763369.87;B; ; ; ; ; ; ; ; ; ; 
TRACK;1.11.12-1;-16.38762308;-71.51900558;-1939964.972;2840433.052;B;False; ; ;0; ; ; ; ; ; 
TRACK;1.11.12-1;-16.38732162;-71.51875904;-1939932.663;2840464.945;B;False; ; ;0; ; ; ; ; ; 
TRACK;1.11.12-1;-16.38679504;-71.51942494;-1939862.412;2840396.304;B;False; ; ;0; ; ; ; ; ; 
TRACK;1.11.12-1;-16.3870966;-71.51967388;-1939894.702;2840364.137;B;False; ; ;0; ; ; ; ; ; 
TRACK;1.11.12-2; ; ;-1.516416327;20763369.87;B; ; ; ; ; ; ; ; ; ; 
TRACK;1.11.12-2;-16.38790708;-71.51860612;-1940003.369;2840474.645;B;False; ; ;0; ; ; ; ; ; 
TRACK;1.11.12-2;-16.38762252;-71.51837097;-1939972.903;2840505.026;B;False; ; ;0; ; ; ; ; ; 
TRACK;1.11.12-2;-16.38737239;-71.51870293;-1939939.335;2840470.646;B;False; ; ;0; ; ; ; ; ; 
TRACK;1.11.12-2;-16.38766377;-71.51894903;-1939970.465;2840438.933;B;False; ; ;0; ; ; ; ; ; 
TRACK;1.11.13-1; ; ;-1.516416327;20763369.87;B; ; ; ; ; ; ; ; ; ; 
TRACK;1.11.13-1;-16.38863554;-71.52104224;-1940058.247;2840188.874;B;False; ; ;0; ; ; ; ; ; 
TRACK;1.11.13-1;-16.38908244;-71.52040184;-1940118.817;2840255.661;B;False; ; ;0; ; ; ; ; ; 
TRACK;1.11.13-1;-16.38839674;-71.51992683;-1940044.249;2840318.479;B;False; ; ;0; ; ; ; ; ; 
TRACK;1.11.13-1;-16.3879853;-71.5204586;-1939989.215;2840263.547;B;False; ; ;0; ; ; ; ; ; 
TRACK;1.11.13-2; ; ;-1.516416327;20763369.87;B; ; ; ; ; ; ; ; ; ; 
TRACK;1.11.13-2;-16.38912655;-71.52032629;-1940124.951;2840263.653;B;False; ; ;0; ; ; ; ; ; 
TRACK;1.11.13-2;-16.38938334;-71.5199187;-1940160.254;2840306.522;B;False; ; ;0; ; ; ; ; ; 
TRACK;1.11.13-2;-16.38906685;-71.51969356;-1940125.911;2840336.185;B;False; ; ;0; ; ; ; ; ; 
TRACK;1.11.13-2;-16.3888029;-71.52010352;-1940089.737;2840293.141;B;False; ; ;0; ; ; ; ; ; 
TRACK;1.11.13-3; ; ;-1.516416327;20763369.87;B; ; ; ; ; ; ; ; ; ; 
TRACK;1.11.13-3;-16.38874621;-71.52006037;-1940083.622;2840298.774;B;False; ; ;0; ; ; ; ; ; 
TRACK;1.11.13-3;-16.38899746;-71.51964385;-1940118.386;2840342.728;B;False; ; ;0; ; ; ; ; ; 
TRACK;1.11.13-3;-16.38868956;-71.51942765;-1940084.94;2840371.265;B;False; ; ;0; ; ; ; ; ; 
TRACK;1.11.13-3;-16.38843447;-71.51983413;-1940049.85;2840328.499;B;False; ; ;0; ; ; ; ; ; 
TRACK;1.11.13-4; ; ;-1.516416327;20763369.87;B; ; ; ; ; ; ; ; ; ; 
TRACK;1.11.13-4;-16.38904646;-71.51959053;-1940124.815;2840348.135;B;False; ; ;0; ; ; ; ; ; 
TRACK;1.11.13-4;-16.38931337;-71.51918148;-1940161.325;2840391.038;B;False; ; ;0; ; ; ; ; ; 
TRACK;1.11.13-4;-16.38957943;-71.51877699;-1940197.678;2840433.434;B;False; ; ;0; ; ; ; ; ; 
TRACK;1.11.13-4;-16.38926192;-71.5185602;-1940163.11;2840462.165;B;False; ; ;0; ; ; ; ; ; 
TRACK;1.11.13-4;-16.38873165;-71.51936469;-1940090.678;2840377.855;B;False; ; ;0; ; ; ; ; ; 
TRACK;1.11.13-5; ; ;-1.516416327;20763369.87;B; ; ; ; ; ; ; ; ; ; 
TRACK;1.11.13-5;-16.38941334;-71.51985595;-1940164.569;2840313.247;B;False; ; ;0; ; ; ; ; ; 
TRACK;1.11.13-5;-16.38999208;-71.51897077;-1940243.712;2840406.072;B;False; ; ;0; ; ; ; ; ; 
TRACK;1.11.13-5;-16.38967767;-71.51875027;-1940209.556;2840435.181;B;False; ; ;0; ; ; ; ; ; 
TRACK;1.11.13-5;-16.3891156;-71.51962924;-1940132.449;2840342.843;B;False; ; ;0; ; ; ; ; ; 
TRACK;1.11.13-6; ; ;-1.516416327;20763369.87;B; ; ; ; ; ; ; ; ; ; 
TRACK;1.11.13-6;-16.38865123;-71.51850446;-1940092.071;2840476.458;B;False; ; ;0; ; ; ; ; ; 
TRACK;1.11.13-6;-16.38879218;-71.51832265;-1940110.92;2840495.236;B;False; ; ;0; ; ; ; ; ; 
TRACK;1.11.13-6;-16.38927353;-71.51849487;-1940165.297;2840469.422;B;False; ; ;0; ; ; ; ; ; 
TRACK;1.11.13-6;-16.38960371;-71.51871289;-1940201.338;2840440.386;B;False; ; ;0; ; ; ; ; ; 
TRACK;1.11.13-6;-16.38969415;-71.51867756;-1940212.408;2840443.212;B;False; ; ;0; ; ; ; ; ; 
TRACK;1.11.13-6;-16.39003387;-71.51890242;-1940249.483;2840413.277;B;False; ; ;0; ; ; ; ; ; 
TRACK;1.11.13-6;-16.39011668;-71.51878378;-1940260.707;2840425.65;B;False; ; ;0; ; ; ; ; ; 
TRACK;1.11.13-6;-16.38979575;-71.51859518;-1940225.382;2840451.228;B;False; ; ;0; ; ; ; ; ; 
TRACK;1.11.13-6;-16.38950166;-71.51844779;-1940192.691;2840471.782;B;False; ; ;0; ; ; ; ; ; 
TRACK;1.11.13-6;-16.38908814;-71.51829435;-1940146.046;2840494.581;B;False; ; ;0; ; ; ; ; ; 
TRACK;1.11.13-6;-16.38889973;-71.5182259;-1940124.775;2840504.803;B;False; ; ;0; ; ; ; ; ; 
TRACK;1.11.13-6;-16.38844147;-71.51810821;-1940072.423;2840524.133;B;False; ; ;0; ; ; ; ; ; 
TRACK;1.11.13-6;-16.38832633;-71.5182571;-1940057.02;2840508.751;B;False; ; ;0; ; ; ; ; ; 
TRACK;1.11.13-7; ; ;-1.516416327;20763369.87;B; ; ; ; ; ; ; ; ; ; 
TRACK;1.11.13-7;-16.38836287;-71.51890123;-1940053.195;2840435.228;B;False; ; ;0; ; ; ; ; ; 
TRACK;1.11.13-7;-16.3886117;-71.51857226;-1940086.573;2840469.286;B;False; ; ;0; ; ; ; ; ; 
TRACK;1.11.13-7;-16.3882993;-71.51831427;-1940053.124;2840502.621;B;False; ; ;0; ; ; ; ; ; 
TRACK;1.11.13-7;-16.38804449;-71.51863473;-1940019.151;2840469.606;B;False; ; ;0; ; ; ; ; ; 
TRACK;1.11.13-8; ; ;-1.516416327;20763369.87;B; ; ; ; ; ; ; ; ; ; 
TRACK;1.11.13-8;-16.38869169;-71.51928675;-1940086.965;2840387.216;B;False; ; ;0; ; ; ; ; ; 
TRACK;1.11.13-8;-16.3891874;-71.51852234;-1940154.833;2840467.431;B;False; ; ;0; ; ; ; ; ; 
TRACK;1.11.13-8;-16.38883947;-71.51840268;-1940115.468;2840485.543;B;False; ; ;0; ; ; ; ; ; 
TRACK;1.11.13-8;-16.38836851;-71.5190039;-1940052.564;2840423.511;B;False; ; ;0; ; ; ; ; ; 
TRACK;1.11.13-9; ; ;-1.516416327;20763369.87;B; ; ; ; ; ; ; ; ; ; 
TRACK;1.11.13-9;-16.38819732;-71.52000902;-1940019.786;2840311.762;B;False; ; ;0; ; ; ; ; ; 
TRACK;1.11.13-9;-16.38842687;-71.51970417;-1940050.595;2840343.337;B;False; ; ;0; ; ; ; ; ; 
TRACK;1.11.13-9;-16.38770573;-71.51908545;-1939973.675;2840422.915;B;False; ; ;0; ; ; ; ; ; 
TRACK;1.11.13-9;-16.38746866;-71.51938764;-1939942.016;2840391.74;B;False; ; ;0; ; ; ; ; ; 
TRACK;1.11.13-10; ; ;-1.516416327;20763369.87;B; ; ; ; ; ; ; ; ; ; 
TRACK;1.11.13-10;-16.38815127;-71.52006417;-1940013.682;2840306.11;B;False; ; ;0; ; ; ; ; ; 
TRACK;1.11.13-10;-16.38743071;-71.51944471;-1939936.84;2840385.764;B;False; ; ;0; ; ; ; ; ; 
TRACK;1.11.13-10;-16.38718843;-71.51975235;-1939904.501;2840354.039;B;False; ; ;0; ; ; ; ; ; 
TRACK;1.11.13-10;-16.38790845;-71.52037248;-1939981.272;2840274.316;B;False; ; ;0; ; ; ; ; ; 
TRACK;1.11.14-1; ; ;-1.516416327;20763369.87;B; ; ; ; ; ; ; ; ; ; 
TRACK;1.11.14-1;-16.39283449;-71.5152626;-1940624.375;2840789.468;B;False; ; ;0; ; ; ; ; ; 
TRACK;1.11.14-1;-16.39317957;-71.51478083;-1940670.988;2840839.595;B;False; ; ;0; ; ; ; ; ; 
TRACK;1.11.14-1;-16.39272016;-71.51446515;-1940620.997;2840881.395;B;False; ; ;0; ; ; ; ; ; 
TRACK;1.11.14-1;-16.39241694;-71.51490749;-1940579.799;2840835.192;B;False; ; ;0; ; ; ; ; ; 
TRACK;1.11.14-2; ; ;-1.516416327;20763369.87;B; ; ; ; ; ; ; ; ; ; 
TRACK;1.11.14-2;-16.39231315;-71.51482593;-1940568.633;2840845.797;B;False; ; ;0; ; ; ; ; ; 
TRACK;1.11.14-2;-16.39262204;-71.51439904;-1940610.304;2840890.173;B;False; ; ;0; ; ; ; ; ; 
TRACK;1.11.14-2;-16.39208516;-71.51402451;-1940551.953;2840939.658;B;False; ; ;0; ; ; ; ; ; 
TRACK;1.11.14-2;-16.39182914;-71.51442469;-1940516.831;2840897.62;B;False; ; ;0; ; ; ; ; ; 
TRACK;1.11.14-3; ; ;-1.516416327;20763369.87;B; ; ; ; ; ; ; ; ; ; 
TRACK;1.11.14-3;-16.39095474;-71.51544448;-1940401.251;2840793.392;B;False; ; ;0; ; ; ; ; ; 
TRACK;1.11.14-3;-16.39166867;-71.51442581;-1940497.965;2840899.589;B;False; ; ;0; ; ; ; ; ; 
TRACK;1.11.14-3;-16.39114115;-71.51399724;-1940441.395;2840955.081;B;False; ; ;0; ; ; ; ; ; 
TRACK;1.11.14-3;-16.39046666;-71.51501862;-1940349.28;2840848.061;B;False; ; ;0; ; ; ; ; ; 
TRACK;1.11.14-4; ; ;-1.516416327;20763369.87;B; ; ; ; ; ; ; ; ; ; 
TRACK;1.11.14-4;-16.39153313;-71.51593743;-1940462.986;2840729.937;B;False; ; ;0; ; ; ; ; ; 
TRACK;1.11.14-4;-16.3922585;-71.51490808;-1940561.177;2840837.195;B;False; ; ;0; ; ; ; ; ; 
TRACK;1.11.14-4;-16.39176077;-71.51452058;-1940507.59;2840887.639;B;False; ; ;0; ; ; ; ; ; 
TRACK;1.11.14-4;-16.3910572;-71.51553681;-1940412.124;2840781.584;B;False; ; ;0; ; ; ; ; ; 
TRACK;1.11.14-5; ; ;-1.516416327;20763369.87;B; ; ; ; ; ; ; ; ; ; 
TRACK;1.11.14-5;-16.39206656;-71.51638163;-1940520.053;2840672.597;B;False; ; ;0; ; ; ; ; ; 
TRACK;1.11.14-5;-16.39276837;-71.51534212;-1940615.604;2840781.314;B;False; ; ;0; ; ; ; ; ; 
TRACK;1.11.14-5;-16.39235164;-71.51500245;-1940570.929;2840825.277;B;False; ; ;0; ; ; ; ; ; 
TRACK;1.11.14-5;-16.39162487;-71.51600838;-1940472.868;2840720.693;B;False; ; ;0; ; ; ; ; ; 
TRACK;1.11.14-6; ; ;-1.516416327;20763369.87;B; ; ; ; ; ; ; ; ; ; 
TRACK;1.11.14-6;-16.39156784;-71.51714797;-1940451.804;2840592.205;B;False; ; ;0; ; ; ; ; ; 
TRACK;1.11.14-6;-16.39201496;-71.5164872;-1940512.659;2840661.3;B;False; ; ;0; ; ; ; ; ; 
TRACK;1.11.14-6;-16.39155779;-71.51610681;-1940463.747;2840710.406;B;False; ; ;0; ; ; ; ; ; 
TRACK;1.11.14-6;-16.39108463;-71.51675785;-1940399.955;2840642.756;B;False; ; ;0; ; ; ; ; ; 
TRACK;1.11.14-7; ; ;-1.516416327;20763369.87;B; ; ; ; ; ; ; ; ; ; 
TRACK;1.11.14-7;-16.39100655;-71.51669151;-1940391.618;2840651.298;B;False; ; ;0; ; ; ; ; ; 
TRACK;1.11.14-7;-16.39146318;-71.51602596;-1940453.652;2840720.81;B;False; ; ;0; ; ; ; ; ; 
TRACK;1.11.14-7;-16.39099091;-71.5156452;-1940402.97;2840770.157;B;False; ; ;0; ; ; ; ; ; 
TRACK;1.11.14-7;-16.39053732;-71.51627901;-1940341.693;2840704.204;B;False; ; ;0; ; ; ; ; ; 
TRACK;1.11.14-8; ; ;-1.516416327;20763369.87;B; ; ; ; ; ; ; ; ; ; 
TRACK;1.11.14-8;-16.39044641;-71.51620381;-1940331.962;2840713.92;B;False; ; ;0; ; ; ; ; ; 
TRACK;1.11.14-8;-16.39089136;-71.5155366;-1940392.644;2840783.773;B;False; ; ;0; ; ; ; ; ; 
TRACK;1.11.14-8;-16.39040872;-71.5151252;-1940341.131;2840836.731;B;False; ; ;0; ; ; ; ; ; 
TRACK;1.11.14-8;-16.38996262;-71.51580744;-1940280.122;2840765.187;B;False; ; ;0; ; ; ; ; ; 
TRACK;1.11.14-9; ; ;-1.516416327;20763369.87;B; ; ; ; ; ; ; ; ; ; 
TRACK;1.11.14-9;-16.38987351;-71.51572887;-1940270.645;2840775.261;B;False; ; ;0; ; ; ; ; ; 
TRACK;1.11.14-9;-16.39033654;-71.51505293;-1940333.562;2840845.868;B;False; ; ;0; ; ; ; ; ; 
TRACK;1.11.14-9;-16.38988946;-71.51469058;-1940285.606;2840892.799;B;False; ; ;0; ; ; ; ; ; 
TRACK;1.11.14-9;-16.38943252;-71.51536466;-1940223.429;2840822.323;B;False; ; ;0; ; ; ; ; ; 
TRACK;1.11.14-11; ; ;-1.516416327;20763369.87;B; ; ; ; ; ; ; ; ; ; 
TRACK;1.11.14-11;-16.38905482;-71.51698289;-1940158.66;2840643.74;B;False; ; ;0; ; ; ; ; ; 
TRACK;1.11.14-11;-16.38979473;-71.51586376;-1940259.689;2840760.992;B;False; ; ;0; ; ; ; ; ; 
TRACK;1.11.14-11;-16.38933867;-71.51548375;-1940210.902;2840810.042;B;False; ; ;0; ; ; ; ; ; 
TRACK;1.11.14-11;-16.38861806;-71.51662313;-1940111.884;2840690.241;B;False; ; ;0; ; ; ; ; ; 
TRACK;1.11.14-12; ; ;-1.516416327;20763369.87;B; ; ; ; ; ; ; ; ; ; 
TRACK;1.11.14-12;-16.38959512;-71.51743898;-1940216.384;2840584.964;B;False; ; ;0; ; ; ; ; ; 
TRACK;1.11.14-12;-16.39036409;-71.51632317;-1940320.786;2840701.459;B;False; ; ;0; ; ; ; ; ; 
TRACK;1.11.14-12;-16.38987049;-71.51593286;-1940267.719;2840752.167;B;False; ; ;0; ; ; ; ; ; 
TRACK;1.11.14-12;-16.3891432;-71.5170664;-1940167.99;2840633.116;B;False; ; ;0; ; ; ; ; ; 
TRACK;1.11.14-13; ; ;-1.516416327;20763369.87;B; ; ; ; ; ; ; ; ; ; 
TRACK;1.11.14-13;-16.39015945;-71.51790123;-1940276.855;2840525.175;B;False; ; ;0; ; ; ; ; ; 
TRACK;1.11.14-13;-16.3909215;-71.51679289;-1940380.349;2840640.913;B;False; ; ;0; ; ; ; ; ; 
TRACK;1.11.14-13;-16.39045108;-71.51641417;-1940329.858;2840690.003;B;False; ; ;0; ; ; ; ; ; 
TRACK;1.11.14-13;-16.3896895;-71.51752043;-1940226.446;2840574.495;B;False; ; ;0; ; ; ; ; ; 
TRACK;1.11.14-14; ; ;-1.516416327;20763369.87;B; ; ; ; ; ; ; ; ; ; 
TRACK;1.11.14-14;-16.39051645;-71.51819795;-1940315.054;2840486.865;B;False; ; ;0; ; ; ; ; ; 
TRACK;1.11.14-14;-16.39128632;-71.51708695;-1940419.5;2840602.801;B;False; ; ;0; ; ; ; ; ; 
TRACK;1.11.14-14;-16.39101828;-71.51687781;-1940390.648;2840630.019;B;False; ; ;0; ; ; ; ; ; 
TRACK;1.11.14-14;-16.39024032;-71.51796683;-1940285.528;2840516.68;B;False; ; ;0; ; ; ; ; ; 
TRACK;1.11.14-15; ; ;-1.516416327;20763369.87;B; ; ; ; ; ; ; ; ; ; 
TRACK;1.11.14-15;-16.39016692;-71.51871868;-1940267.429;2840432.376;B;False; ; ;0; ; ; ; ; ; 
TRACK;1.11.14-15;-16.39044155;-71.5183012;-1940304.954;2840476.134;B;False; ; ;0; ; ; ; ; ; 
TRACK;1.11.14-15;-16.39015966;-71.51807583;-1940274.679;2840505.372;B;False; ; ;0; ; ; ; ; ; 
TRACK;1.11.14-15;-16.38984486;-71.51850641;-1940232.27;2840460.654;B;False; ; ;0; ; ; ; ; ; 
TRACK;1.11.14-16; ; ;-1.516416327;20763369.87;B; ; ; ; ; ; ; ; ; ; 
TRACK;1.11.14-16;-16.38976224;-71.51847215;-1940222.996;2840465.617;B;False; ; ;0; ; ; ; ; ; 
TRACK;1.11.14-16;-16.39008116;-71.51801158;-1940266.266;2840513.683;B;False; ; ;0; ; ; ; ; ; 
TRACK;1.11.14-16;-16.389619;-71.5176146;-1940216.976;2840564.735;B;False; ; ;0; ; ; ; ; ; 
TRACK;1.11.14-16;-16.38918376;-71.51822778;-1940158.118;2840500.882;B;False; ; ;0; ; ; ; ; ; 
TRACK;1.11.14-17; ; ;-1.516416327;20763369.87;B; ; ; ; ; ; ; ; ; ; 
TRACK;1.11.14-17;-16.38909121;-71.51818737;-1940147.754;2840506.673;B;False; ; ;0; ; ; ; ; ; 
TRACK;1.11.14-17;-16.38953353;-71.51752879;-1940208.017;2840575.583;B;False; ; ;0; ; ; ; ; ; 
TRACK;1.11.14-17;-16.38905759;-71.51716799;-1940156.652;2840622.713;B;False; ; ;0; ; ; ; ; ; 
TRACK;1.11.14-17;-16.38849163;-71.51802544;-1940079.358;2840532.864;B;False; ; ;0; ; ; ; ; ; 
TRACK;1.11.14-17;-16.3888021;-71.51810969;-1940114.77;2840519.256;B;False; ; ;0; ; ; ; ; ; 
TRACK;1.11.16-1; ; ;-1.516416327;20763369.87;B; ; ; ; ; ; ; ; ; ; 
TRACK;1.11.16-1;-16.39172307;-71.51433686;-1940505.477;2840908.966;B;False; ; ;0; ; ; ; ; ; 
TRACK;1.11.16-1;-16.39199087;-71.51394661;-1940541.859;2840949.724;B;False; ; ;0; ; ; ; ; ; 
TRACK;1.11.16-1;-16.39086507;-71.5131655;-1940419.447;2841053.009;B;False; ; ;0; ; ; ; ; ; 
TRACK;1.11.16-1;-16.3906774;-71.51346511;-1940393.623;2841021.483;B;False; ; ;0; ; ; ; ; ; 
TRACK;1.11.16-2; ; ;-1.516416327;20763369.87;B; ; ; ; ; ; ; ; ; ; 
TRACK;1.11.16-2;-16.3903882;-71.5149582;-1940340.825;2840855.937;B;False; ; ;0; ; ; ; ; ; 
TRACK;1.11.16-2;-16.39106713;-71.51393193;-1940433.522;2840963.453;B;False; ; ;0; ; ; ; ; ; 
TRACK;1.11.16-2;-16.39061897;-71.51355694;-1940385.6;2841011.832;B;False; ; ;0; ; ; ; ; ; 
TRACK;1.11.16-2;-16.38994706;-71.51457371;-1940293.846;2840905.3;B;False; ; ;0; ; ; ; ; ; 
TRACK;1.11.16-3; ; ;-1.516416327;20763369.87;B; ; ; ; ; ; ; ; ; ; 
TRACK;1.11.16-3;-16.38986789;-71.51449167;-1940285.58;2840915.638;B;False; ; ;0; ; ; ; ; ; 
TRACK;1.11.16-3;-16.3905382;-71.51349619;-1940376.877;2841019.776;B;False; ; ;0; ; ; ; ; ; 
TRACK;1.11.16-3;-16.39008277;-71.51310897;-1940328.256;2841069.637;B;False; ; ;0; ; ; ; ; ; 
TRACK;1.11.16-3;-16.38942643;-71.51413322;-1940238.237;2840962.053;B;False; ; ;0; ; ; ; ; ; 
TRACK;1.11.16-4; ; ;-1.516416327;20763369.87;B; ; ; ; ; ; ; ; ; ; 
TRACK;1.11.16-4;-16.38934815;-71.51528156;-1940214.564;2840832.848;B;False; ; ;0; ; ; ; ; ; 
TRACK;1.11.16-4;-16.3898065;-71.51459806;-1940277.027;2840904.375;B;False; ; ;0; ; ; ; ; ; 
TRACK;1.11.16-4;-16.38936669;-71.51423894;-1940229.885;2840950.844;B;False; ; ;0; ; ; ; ; ; 
TRACK;1.11.16-4;-16.38891244;-71.514911;-1940168.049;2840880.561;B;False; ; ;0; ; ; ; ; ; 
TRACK;1.11.16-6; ; ;-1.516416327;20763369.87;B; ; ; ; ; ; ; ; ; ; 
TRACK;1.11.16-6;-16.38935212;-71.51406707;-1940230.34;2840970.525;B;False; ; ;0; ; ; ; ; ; 
TRACK;1.11.16-6;-16.39002134;-71.51305458;-1940321.725;2841076.608;B;False; ; ;0; ; ; ; ; ; 
TRACK;1.11.16-6;-16.38976424;-71.51282859;-1940294.369;2841105.594;B;False; ; ;0; ; ; ; ; ; 
TRACK;1.11.16-6;-16.38903572;-71.51377628;-1940196.835;2841007.635;B;False; ; ;0; ; ; ; ; ; 
TRACK;1.11.16-13; ; ;-1.516416327;20763369.87;B; ; ; ; ; ; ; ; ; ; 
TRACK;1.11.16-13;-16.38741937;-71.51243682;-1940023.83;2841180.645;B;False; ; ;0; ; ; ; ; ; 
TRACK;1.11.16-13;-16.3881958;-71.51144274;-1940127.578;2841283.243;B;False; ; ;0; ; ; ; ; ; 
TRACK;1.11.16-13;-16.3867259;-71.51004023;-1939972.573;2841461.497;B;False; ; ;0; ; ; ; ; ; 
TRACK;1.11.16-13;-16.38572347;-71.51094082;-1939843.451;2841372.452;B;False; ; ;0; ; ; ; ; ; 
TRACK;1.11.30-4; ; ;-1.516416327;20763369.87;B; ; ; ; ; ; ; ; ; ; 
TRACK;1.11.30-4;-16.38287685;-71.50918109;-1939531.203;2841609.197;B;False; ; ;0; ; ; ; ; ; 
TRACK;1.11.30-4;-16.38294199;-71.50912704;-1939539.537;2841614.477;B;False; ; ;0; ; ; ; ; ; 
TRACK;1.11.30-4;-16.38300324;-71.50900259;-1939548.302;2841627.791;B;False; ; ;0; ; ; ; ; ; 
TRACK;1.11.30-4;-16.38248721;-71.50856777;-1939493.157;2841683.845;B;False; ; ;0; ; ; ; ; ; 
TRACK;1.11.30-4;-16.38245165;-71.5086109;-1939488.436;2841679.418;B;False; ; ;0; ; ; ; ; ; 
TRACK;1.11.30-4;-16.38197265;-71.50818274;-1939437.558;2841734.232;B;False; ; ;0; ; ; ; ; ; 
TRACK;1.11.30-4;-16.38194531;-71.50820232;-1939434.099;2841732.368;B;False; ; ;0; ; ; ; ; ; 
TRACK;1.11.30-4;-16.3818615;-71.50830049;-1939423.015;2841722.328;B;False; ; ;0; ; ; ; ; ; 
TRACK;1.11.30-4;-16.38183295;-71.50842657;-1939418.071;2841708.401;B;False; ; ;0; ; ; ; ; ; 
TRACK;1.11.30-4;-16.38276088;-71.50916164;-1939517.824;2841612.918;B;False; ; ;0; ; ; ; ; ; 
TRACK;1.11.61-1; ; ;-1.516416327;20763369.87;B; ; ; ; ; ; ; ; ; ; 
TRACK;1.11.61-1;-16.39400077;-71.51398281;-1940777.524;2840919.366;B;False; ; ;0; ; ; ; ; ; 
TRACK;1.11.61-1;-16.39343944;-71.5147941;-1940701.35;2840834.696;B;False; ; ;0; ; ; ; ; ; 
TRACK;1.11.61-1;-16.39375298;-71.51504104;-1940735.071;2840802.597;B;False; ; ;0; ; ; ; ; ; 
TRACK;1.11.61-1;-16.39431495;-71.51421466;-1940811.51;2840888.969;B;False; ; ;0; ; ; ; ; ; 
TRACK;1.11.61-2; ; ;-1.516416327;20763369.87;B; ; ; ; ; ; ; ; ; ; 
TRACK;1.11.61-2;-16.39392005;-71.51393914;-1940768.592;2840925.372;B;False; ; ;0; ; ; ; ; ; 
TRACK;1.11.61-2;-16.39367545;-71.51376934;-1940741.997;2840947.823;B;False; ; ;0; ; ; ; ; ; 
TRACK;1.11.61-2;-16.39337809;-71.51420584;-1940701.56;2840902.207;B;False; ; ;0; ; ; ; ; ; 
TRACK;1.11.61-2;-16.39361974;-71.5143798;-1940727.755;2840879.323;B;False; ; ;0; ; ; ; ; ; 
TRACK;1.11.61-3; ; ;-1.516416327;20763369.87;B; ; ; ; ; ; ; ; ; ; 
TRACK;1.11.61-3;-16.39301249;-71.51404055;-1940660.694;2840925.727;B;False; ; ;0; ; ; ; ; ; 
TRACK;1.11.61-3;-16.39281464;-71.51433288;-1940633.764;2840895.16;B;False; ; ;0; ; ; ; ; ; 
TRACK;1.11.61-3;-16.39336319;-71.51473848;-1940693.094;2840841.999;B;False; ; ;0; ; ; ; ; ; 
TRACK;1.11.61-3;-16.39357849;-71.51444646;-1940722.069;2840872.303;B;False; ; ;0; ; ; ; ; ; 
TRACK;1.11.61-4; ; ;-1.516416327;20763369.87;B; ; ; ; ; ; ; ; ; ; 
TRACK;1.11.61-4;-16.39335676;-71.51353092;-1940707.564;2840979.023;B;False; ; ;0; ; ; ; ; ; 
TRACK;1.11.61-4;-16.39306474;-71.51395283;-1940667.938;2840934.992;B;False; ; ;0; ; ; ; ; ; 
TRACK;1.11.61-4;-16.39330164;-71.5141431;-1940693.37;2840910.32;B;False; ; ;0; ; ; ; ; ; 
TRACK;1.11.61-4;-16.39360779;-71.51371129;-1940734.781;2840955.289;B;False; ; ;0; ; ; ; ; ; 
TRACK;1.11.61-5; ; ;-1.516416327;20763369.87;B; ; ; ; ; ; ; ; ; ; 
TRACK;1.11.61-5;-16.39328113;-71.51348122;-1940699.306;2840985.647;B;False; ; ;0; ; ; ; ; ; 
TRACK;1.11.61-5;-16.39274005;-71.51307258;-1940640.892;2841039.056;B;False; ; ;0; ; ; ; ; ; 
TRACK;1.11.61-5;-16.39263624;-71.51324028;-1940626.582;2841021.394;B;False; ; ;0; ; ; ; ; ; 
TRACK;1.11.61-5;-16.39284877;-71.51342192;-1940649.26;2840998.02;B;False; ; ;0; ; ; ; ; ; 
TRACK;1.11.61-5;-16.39269278;-71.51366418;-1940627.88;2840972.584;B;False; ; ;0; ; ; ; ; ; 
TRACK;1.11.61-5;-16.39286202;-71.51382688;-1940645.711;2840951.923;B;False; ; ;0; ; ; ; ; ; 
TRACK;1.11.61-5;-16.3929907;-71.51390991;-1940659.781;2840940.827;B;False; ; ;0; ; ; ; ; ; 
TRACK;1.11.61-6; ; ;-1.516416327;20763369.87;B; ; ; ; ; ; ; ; ; ; 
TRACK;1.11.61-6;-16.39279078;-71.51389012;-1940636.544;2840945.682;B;False; ; ;0; ; ; ; ; ; 
TRACK;1.11.61-6;-16.39275526;-71.51388159;-1940632.479;2840947.113;B;False; ; ;0; ; ; ; ; ; 
TRACK;1.11.61-6;-16.39264063;-71.51386744;-1940619.19;2840950.215;B;False; ; ;0; ; ; ; ; ; 
TRACK;1.11.61-6;-16.39255064;-71.51385612;-1940608.761;2840952.674;B;False; ; ;0; ; ; ; ; ; 
TRACK;1.11.61-6;-16.39248528;-71.51382771;-1940601.441;2840956.75;B;False; ; ;0; ; ; ; ; ; 
TRACK;1.11.61-6;-16.39241447;-71.51378791;-1940593.623;2840962.188;B;False; ; ;0; ; ; ; ; ; 
TRACK;1.11.61-6;-16.39229477;-71.51372546;-1940580.349;2840970.834;B;False; ; ;0; ; ; ; ; ; 
TRACK;1.11.61-6;-16.392169;-71.51389894;-1940563.386;2840952.804;B;False; ; ;0; ; ; ; ; ; 
TRACK;1.11.61-6;-16.39274127;-71.51428695;-1940625.723;2840901.327;B;False; ; ;0; ; ; ; ; ; 
TRACK;1.11.61-6;-16.39293846;-71.51399277;-1940652.599;2840932.112;B;False; ; ;0; ; ; ; ; ; 
TRACK;1.11.61-7; ; ;-1.516416327;20763369.87;B; ; ; ; ; ; ; ; ; ; 
TRACK;1.11.61-7;-16.39264428;-71.51300998;-1940630.43;2841047.406;B;False; ; ;0; ; ; ; ; ; 
TRACK;1.11.61-7;-16.39225867;-71.51272766;-1940588.688;2841084.46;B;False; ; ;0; ; ; ; ; ; 
TRACK;1.11.61-7;-16.39195681;-71.51317066;-1940547.641;2841038.165;B;False; ; ;0; ; ; ; ; ; 
TRACK;1.11.61-7;-16.39198904;-71.51324367;-1940550.506;2841029.463;B;False; ; ;0; ; ; ; ; ; 
TRACK;1.11.61-7;-16.3920751;-71.51338702;-1940558.81;2841012.083;B;False; ; ;0; ; ; ; ; ; 
TRACK;1.11.61-7;-16.3921586;-71.51347988;-1940567.448;2841000.462;B;False; ; ;0; ; ; ; ; ; 
TRACK;1.11.61-7;-16.39224489;-71.51356441;-1940576.519;2840989.748;B;False; ; ;0; ; ; ; ; ; 
TRACK;1.11.61-8; ; ;-1.516416327;20763369.87;B; ; ; ; ; ; ; ; ; ; 
TRACK;1.11.61-8;-16.39209013;-71.51354842;-1940558.54;2840993.584;B;False; ; ;0; ; ; ; ; ; 
TRACK;1.11.61-8;-16.39200966;-71.51345045;-1940550.322;2841005.745;B;False; ; ;0; ; ; ; ; ; 
TRACK;1.11.61-8;-16.39194535;-71.5133554;-1940543.965;2841017.364;B;False; ; ;0; ; ; ; ; ; 
TRACK;1.11.61-8;-16.39188376;-71.51322134;-1940538.419;2841033.371;B;False; ; ;0; ; ; ; ; ; 
TRACK;1.11.61-8;-16.39121798;-71.51272966;-1940466.403;2841097.826;B;False; ; ;0; ; ; ; ; ; 
TRACK;1.11.61-8;-16.39101576;-71.51304075;-1940438.723;2841065.188;B;False; ; ;0; ; ; ; ; ; 
TRACK;1.11.61-8;-16.39208508;-71.5138204;-1940554.517;2840962.805;B;False; ; ;0; ; ; ; ; ; 
TRACK;1.11.61-8;-16.39219766;-71.51366067;-1940569.757;2840979.449;B;False; ; ;0; ; ; ; ; ; 
TRACK;1.11.61-9; ; ;-1.516416327;20763369.87;B; ; ; ; ; ; ; ; ; ; 
TRACK;1.11.61-9;-16.39189527;-71.51245943;-1940549.378;2841119.624;B;False; ; ;0; ; ; ; ; ; 
TRACK;1.11.61-9;-16.39161414;-71.51291407;-1940510.619;2841071.739;B;False; ; ;0; ; ; ; ; ; 
TRACK;1.11.61-9;-16.39188648;-71.51311106;-1940540.13;2841045.841;B;False; ; ;0; ; ; ; ; ; 
TRACK;1.11.61-9;-16.3921922;-71.51266862;-1940581.624;2841092.023;B;False; ; ;0; ; ; ; ; ; 
TRACK;1.11.61-10; ; ;-1.516416327;20763369.87;B; ; ; ; ; ; ; ; ; ; 
TRACK;1.11.61-10;-16.39155182;-71.51222392;-1940511.999;2841150.819;B;False; ; ;0; ; ; ; ; ; 
TRACK;1.11.61-10;-16.39126867;-71.51266268;-1940473.202;2841104.759;B;False; ; ;0; ; ; ; ; ; 
TRACK;1.11.61-10;-16.39153475;-71.51285218;-1940502.073;2841079.795;B;False; ; ;0; ; ; ; ; ; 
TRACK;1.11.61-10;-16.39183369;-71.51241255;-1940542.735;2841125.745;B;False; ; ;0; ; ; ; ; ; 
TRACK;1.11.62-1; ; ;-1.516416327;20763369.87;B; ; ; ; ; ; ; ; ; ; 
TRACK;1.11.62-1;-16.39109639;-71.51211685;-1940459.845;2841168.91;B;False; ; ;0; ; ; ; ; ; 
TRACK;1.11.62-1;-16.391391;-71.51231823;-1940491.917;2841142.224;B;False; ; ;0; ; ; ; ; ; 
TRACK;1.11.62-1;-16.39149867;-71.51217248;-1940506.403;2841157.346;B;False; ; ;0; ; ; ; ; ; 
TRACK;1.11.62-1;-16.39118836;-71.51195021;-1940472.751;2841186.607;B;False; ; ;0; ; ; ; ; ; 
TRACK;1.11.62-1;-16.39123316;-71.51181584;-1940479.708;2841201.259;B;False; ; ;0; ; ; ; ; ; 
TRACK;1.11.62-1;-16.39114904;-71.5116505;-1940471.91;2841221.109;B;False; ; ;0; ; ; ; ; ; 
TRACK;1.11.62-1;-16.39084387;-71.51153645;-1940437.496;2841238.028;B;False; ; ;0; ; ; ; ; ; 
TRACK;1.11.62-1;-16.39065954;-71.51199845;-1940410.016;2841188.043;B;False; ; ;0; ; ; ; ; ; 
TRACK;1.11.62-1;-16.39101504;-71.51217704;-1940449.529;2841163.147;B;False; ; ;0; ; ; ; ; ; 
TRACK;1.11.62-2; ; ;-1.516416327;20763369.87;B; ; ; ; ; ; ; ; ; ; 
TRACK;1.11.62-2;-16.39100132;-71.51219964;-1940447.632;2841160.763;B;False; ; ;0; ; ; ; ; ; 
TRACK;1.11.62-2;-16.39054715;-71.51197297;-1940397.133;2841192.401;B;False; ; ;0; ; ; ; ; ; 
TRACK;1.11.62-2;-16.3904702;-71.51216929;-1940385.618;2841171.141;B;False; ; ;0; ; ; ; ; ; 
TRACK;1.11.62-2;-16.39090404;-71.51237813;-1940433.954;2841141.792;B;False; ; ;0; ; ; ; ; ; 
TRACK;1.11.62-3; ; ;-1.516416327;20763369.87;B; ; ; ; ; ; ; ; ; ; 
TRACK;1.11.62-3;-16.39085741;-71.51239637;-1940428.245;2841140.332;B;False; ; ;0; ; ; ; ; ; 
TRACK;1.11.62-3;-16.39046074;-71.512206;-1940384.044;2841167.103;B;False; ; ;0; ; ; ; ; ; 
TRACK;1.11.62-3;-16.39037745;-71.51239671;-1940371.855;2841146.563;B;False; ; ;0; ; ; ; ; ; 
TRACK;1.11.62-3;-16.39074742;-71.51259051;-1940412.875;2841119.752;B;False; ; ;0; ; ; ; ; ; 
TRACK;1.11.62-4; ; ;-1.516416327;20763369.87;B; ; ; ; ; ; ; ; ; ; 
TRACK;1.11.62-4;-16.39072378;-71.51260403;-1940409.928;2841118.527;B;False; ; ;0; ; ; ; ; ; 
TRACK;1.11.62-4;-16.39035392;-71.51242475;-1940368.737;2841143.69;B;False; ; ;0; ; ; ; ; ; 
TRACK;1.11.62-4;-16.39030172;-71.51256348;-1940360.856;2841128.639;B;False; ; ;0; ; ; ; ; ; 
TRACK;1.11.62-4;-16.39034845;-71.51264508;-1940365.316;2841118.775;B;False; ; ;0; ; ; ; ; ; 
TRACK;1.11.62-4;-16.39064795;-71.51279236;-1940398.645;2841098.16;B;False; ; ;0; ; ; ; ; ; 
TRACK;1.11.62-5; ; ;-1.516416327;20763369.87;B; ; ; ; ; ; ; ; ; ; 
TRACK;1.11.62-5;-16.39059314;-71.51279795;-1940392.135;2841098.242;B;False; ; ;0; ; ; ; ; ; 
TRACK;1.11.62-5;-16.39019292;-71.51262911;-1940347.245;2841122.617;B;False; ; ;0; ; ; ; ; ; 
TRACK;1.11.62-5;-16.39015145;-71.51265083;-1940342.101;2841120.696;B;False; ; ;0; ; ; ; ; ; 
TRACK;1.11.62-5;-16.39004224;-71.51290591;-1940326.054;2841093.195;B;False; ; ;0; ; ; ; ; ; 
TRACK;1.11.62-5;-16.3905928;-71.51339573;-1940384.558;2841030.456;B;False; ; ;0; ; ; ; ; ; 
TRACK;1.11.62-5;-16.39087541;-71.5129894;-1940422.883;2841072.845;B;False; ; ;0; ; ; ; ; ; 
TRACK;1.11.62-6; ; ;-1.516416327;20763369.87;B; ; ; ; ; ; ; ; ; ; 
TRACK;1.11.62-6;-16.39014828;-71.51259636;-1940342.415;2841126.915;B;False; ; ;0; ; ; ; ; ; 
TRACK;1.11.62-6;-16.39026194;-71.51255065;-1940356.344;2841130.613;B;False; ; ;0; ; ; ; ; ; 
TRACK;1.11.62-6;-16.39050979;-71.51188847;-1940393.81;2841202.472;B;False; ; ;0; ; ; ; ; ; 
TRACK;1.11.62-6;-16.39064958;-71.51194423;-1940409.53;2841194.321;B;False; ; ;0; ; ; ; ; ; 
TRACK;1.11.62-6;-16.39085429;-71.51146857;-1940439.576;2841245.59;B;False; ; ;0; ; ; ; ; ; 
TRACK;1.11.62-6;-16.39050127;-71.51145676;-1940398.252;2841251.541;B;False; ; ;0; ; ; ; ; ; 
TRACK;1.11.62-6;-16.38969078;-71.51259026;-1940288.743;2841133.581;B;False; ; ;0; ; ; ; ; ; 
TRACK;1.11.62-6;-16.39001398;-71.51287383;-1940323.138;2841097.201;B;False; ; ;0; ; ; ; ; ; 
TRACK;1.11.62-7; ; ;-1.516416327;20763369.87;B; ; ; ; ; ; ; ; ; ; 
TRACK;1.11.62-7;-16.38920573;-71.51116844;-1940249.686;2841301.161;B;False; ; ;0; ; ; ; ; ; 
TRACK;1.11.62-7;-16.38914265;-71.51007368;-1940256.077;2841426.139;B;False; ; ;0; ; ; ; ; ; 
TRACK;1.11.62-7;-16.38904422;-71.50980682;-1940247.878;2841457.688;B;False; ; ;0; ; ; ; ; ; 
TRACK;1.11.62-7;-16.38847558;-71.50998062;-1940178.882;2841445.405;B;False; ; ;0; ; ; ; ; ; 
TRACK;1.11.62-7;-16.38792194;-71.51050015;-1940107.288;2841393.717;B;False; ; ;0; ; ; ; ; ; 
TRACK;1.11.62-7;-16.38771368;-71.51088257;-1940078.001;2841353.067;B;False; ; ;0; ; ; ; ; ; 
TRACK;1.11.62-7;-16.38878391;-71.51184837;-1940191.557;2841229.561;B;False; ; ;0; ; ; ; ; ; 
TRACK;1.11.62-7;-16.38967438;-71.51257288;-1940287.036;2841135.766;B;False; ; ;0; ; ; ; ; ; 
TRACK;1.11.62-7;-16.39041817;-71.51152141;-1940387.674;2841245.295;B;False; ; ;0; ; ; ; ; ; 
TRACK;1.11.62-8; ; ;-1.516416327;20763369.87;B; ; ; ; ; ; ; ; ; ; 
TRACK;1.11.62-8;-16.38669177;-71.51003498;-1939968.63;2841462.538;B;False; ; ;0; ; ; ; ; ; 
TRACK;1.11.62-8;-16.38686905;-71.51019137;-1939987.485;2841442.487;B;False; ; ;0; ; ; ; ; ; 
TRACK;1.11.62-8;-16.38692378;-71.51010993;-1939994.941;2841451.009;B;False; ; ;0; ; ; ; ; ; 
TRACK;1.11.62-8;-16.38671456;-71.50983367;-1939973.844;2841485.071;B;False; ; ;0; ; ; ; ; ; 
TRACK;1.11.62-8;-16.38676091;-71.50948408;-1939983.697;2841524.113;B;False; ; ;0; ; ; ; ; ; 
TRACK;1.11.62-8;-16.38644062;-71.50905793;-1939951.442;2841576.625;B;False; ; ;0; ; ; ; ; ; 
TRACK;1.11.62-8;-16.38625696;-71.50921086;-1939927.936;2841561.681;B;False; ; ;0; ; ; ; ; ; 
TRACK;1.11.62-8;-16.38611842;-71.50959086;-1939906.869;2841520.394;B;False; ; ;0; ; ; ; ; ; 
TRACK;1.11.62-8;-16.38603179;-71.50993584;-1939892.343;2841482.4;B;False; ; ;0; ; ; ; ; ; 
TRACK;1.11.62-8;-16.38605438;-71.51010989;-1939892.802;2841462.367;B;False; ; ;0; ; ; ; ; ; 
TRACK;1.11.62-8;-16.38606046;-71.51010356;-1939893.597;2841463.005;B;False; ; ;0; ; ; ; ; ; 
TRACK;1.11.62-8;-16.38581696;-71.51071203;-1939857.318;2841397.179;B;False; ; ;0; ; ; ; ; ; 
TRACK;1.11.62-8;-16.3858484;-71.51079321;-1939859.988;2841387.561;B;False; ; ;0; ; ; ; ; ; 
TRACK;1.11.63-1; ; ;-1.516416327;20763369.87;B; ; ; ; ; ; ; ; ; ; 
TRACK;1.11.63-1;-16.39259456;-71.51155541;-1940642.93;2841213.01;B;False; ; ;0; ; ; ; ; ; 
TRACK;1.11.63-1;-16.39312934;-71.51078304;-1940715.497;2841293.614;B;False; ; ;0; ; ; ; ; ; 
TRACK;1.11.63-1;-16.39302124;-71.51070882;-1940703.733;2841303.444;B;False; ; ;0; ; ; ; ; ; 
TRACK;1.11.63-1;-16.39302386;-71.51071464;-1940703.967;2841302.749;B;False; ; ;0; ; ; ; ; ; 
TRACK;1.11.63-1;-16.39294092;-71.51066108;-1940694.9;2841309.906;B;False; ; ;0; ; ; ; ; ; 
TRACK;1.11.63-1;-16.39288452;-71.51058523;-1940689.23;2841319.245;B;False; ; ;0; ; ; ; ; ; 
TRACK;1.11.63-1;-16.39285199;-71.51052772;-1940686.134;2841326.192;B;False; ; ;0; ; ; ; ; ; 
TRACK;1.11.63-1;-16.39280596;-71.51046656;-1940681.497;2841333.729;B;False; ; ;0; ; ; ; ; ; 
TRACK;1.11.63-1;-16.3927327;-71.51034677;-1940674.401;2841348.271;B;False; ; ;0; ; ; ; ; ; 
TRACK;1.11.63-1;-16.39265056;-71.51035225;-1940664.683;2841348.723;B;False; ; ;0; ; ; ; ; ; 
TRACK;1.11.63-1;-16.39168326;-71.51107521;-1940541.925;2841279.372;B;False; ; ;0; ; ; ; ; ; 
TRACK;1.11.63-1;-16.39136273;-71.5112944;-1940501.505;2841258.701;B;False; ; ;0; ; ; ; ; ; 
TRACK;1.11.63-1;-16.39112327;-71.51140808;-1940471.939;2841248.938;B;False; ; ;0; ; ; ; ; ; 
TRACK;1.11.63-1;-16.39144188;-71.51199203;-1940502.008;2841178.553;B;False; ; ;0; ; ; ; ; ; 
TRACK;1.11.63-1;-16.39164122;-71.51214204;-1940523.534;2841158.937;B;False; ; ;0; ; ; ; ; ; 
TRACK;1.11.63-1;-16.39221894;-71.511293;-1940602.111;2841247.675;B;False; ; ;0; ; ; ; ; ; 
TRACK;1.11.64-2; ; ;-1.516416327;20763369.87;B; ; ; ; ; ; ; ; ; ; 
TRACK;1.11.64-2;-16.39500817;-71.51271663;-1940911.839;2841049.792;B;False; ; ;0; ; ; ; ; ; 
TRACK;1.11.64-2;-16.39476241;-71.51254173;-1940885.174;2841072.837;B;False; ; ;0; ; ; ; ; ; 
TRACK;1.11.64-2;-16.39389231;-71.51381768;-1940766.865;2840939.508;B;False; ; ;0; ; ; ; ; ; 
TRACK;1.11.64-2;-16.39413594;-71.51399439;-1940793.258;2840916.287;B;False; ; ;0; ; ; ; ; ; 
TRACK;1.11.64-3; ; ;-1.516416327;20763369.87;B; ; ; ; ; ; ; ; ; ; 
TRACK;1.11.64-3;-16.39439317;-71.51226107;-1940845.334;2841109.488;B;False; ; ;0; ; ; ; ; ; 
TRACK;1.11.64-3;-16.39352282;-71.51354426;-1940726.904;2840975.341;B;False; ; ;0; ; ; ; ; ; 
TRACK;1.11.64-3;-16.39382836;-71.51377188;-1940759.929;2840945.538;B;False; ; ;0; ; ; ; ; ; 
TRACK;1.11.64-3;-16.39471517;-71.51249382;-1940880.228;2841078.888;B;False; ; ;0; ; ; ; ; ; 
TRACK;1.11.64-4; ; ;-1.516416327;20763369.87;B; ; ; ; ; ; ; ; ; ; 
TRACK;1.11.64-4;-16.39401343;-71.51200526;-1940803.948;2841143.459;B;False; ; ;0; ; ; ; ; ; 
TRACK;1.11.64-4;-16.39315765;-71.51325635;-1940687.634;2841012.761;B;False; ; ;0; ; ; ; ; ; 
TRACK;1.11.64-4;-16.39345552;-71.51348534;-1940719.741;2840982.902;B;False; ; ;0; ; ; ; ; ; 
TRACK;1.11.64-4;-16.39434256;-71.51222881;-1940839.796;2841113.809;B;False; ; ;0; ; ; ; ; ; 
TRACK;1.11.64-5; ; ;-1.516416327;20763369.87;B; ; ; ; ; ; ; ; ; ; 
TRACK;1.11.64-5;-16.39397487;-71.51195409;-1940800.064;2841149.766;B;False; ; ;0; ; ; ; ; ; 
TRACK;1.11.64-5;-16.39365434;-71.51171882;-1940765.374;2841180.634;B;False; ; ;0; ; ; ; ; ; 
TRACK;1.11.64-5;-16.392783;-71.51300467;-1940646.795;2841046.196;B;False; ; ;0; ; ; ; ; ; 
TRACK;1.11.64-5;-16.3931144;-71.5132375;-1940682.791;2841015.464;B;False; ; ;0; ; ; ; ; ; 
TRACK;1.11.64-6; ; ;-1.516416327;20763369.87;B; ; ; ; ; ; ; ; ; ; 
TRACK;1.11.64-6;-16.39298607;-71.511922;-1940684.302;2841166.323;B;False; ; ;0; ; ; ; ; ; 
TRACK;1.11.64-6;-16.39242609;-71.51273137;-1940608.311;2841081.852;B;False; ; ;0; ; ; ; ; ; 
TRACK;1.11.64-6;-16.39269735;-71.51293256;-1940637.641;2841055.492;B;False; ; ;0; ; ; ; ; ; 
TRACK;1.11.64-6;-16.39325074;-71.51213006;-1940712.773;2841139.27;B;False; ; ;0; ; ; ; ; ; 
TRACK;1.11.64-7; ; ;-1.516416327;20763369.87;B; ; ; ; ; ; ; ; ; ; 
TRACK;1.11.64-7;-16.39260958;-71.51163539;-1940643.687;2841203.743;B;False; ; ;0; ; ; ; ; ; 
TRACK;1.11.64-7;-16.39206415;-71.51245572;-1940569.265;2841117.839;B;False; ; ;0; ; ; ; ; ; 
TRACK;1.11.64-7;-16.3923684;-71.51267955;-1940602.187;2841088.482;B;False; ; ;0; ; ; ; ; ; 
TRACK;1.11.64-7;-16.39292917;-71.51187441;-1940678.218;2841172.463;B;False; ; ;0; ; ; ; ; ; 
TRACK;1.11.64-8; ; ;-1.516416327;20763369.87;B; ; ; ; ; ; ; ; ; ; 
TRACK;1.11.64-8;-16.39223171;-71.51138764;-1940602.419;2841236.776;B;False; ; ;0; ; ; ; ; ; 
TRACK;1.11.64-8;-16.39167524;-71.51218447;-1940526.996;2841153.681;B;False; ; ;0; ; ; ; ; ; 
TRACK;1.11.64-8;-16.39200911;-71.51242284;-1940563.213;2841122.287;B;False; ; ;0; ; ; ; ; ; 
TRACK;1.11.64-8;-16.39256248;-71.51161307;-1940638.435;2841206.89;B;False; ; ;0; ; ; ; ; ; 
TRACK;1.11.64-9; ; ;-1.516416327;20763369.87;B; ; ; ; ; ; ; ; ; ; 
TRACK;1.11.64-9;-16.39319779;-71.51081474;-1940723.139;2841289.125;B;False; ; ;0; ; ; ; ; ; 
TRACK;1.11.64-9;-16.39263909;-71.51160008;-1940647.599;2841207.363;B;False; ; ;0; ; ; ; ; ; 
TRACK;1.11.64-9;-16.39294382;-71.51182865;-1940680.517;2841177.461;B;False; ; ;0; ; ; ; ; ; 
TRACK;1.11.64-9;-16.39349472;-71.51104065;-1940755.174;2841259.626;B;False; ; ;0; ; ; ; ; ; 
TRACK;1.11.64-14; ; ;-1.516416327;20763369.87;B; ; ; ; ; ; ; ; ; ; 
TRACK;1.11.64-14;-16.39530223;-71.5113659;-1940963.421;2841199.126;B;False; ; ;0; ; ; ; ; ; 
TRACK;1.11.64-14;-16.39437933;-71.51068946;-1940863.528;2841287.895;B;False; ; ;0; ; ; ; ; ; 
TRACK;1.11.64-14;-16.39420544;-71.51096118;-1940839.673;2841259.354;B;False; ; ;0; ; ; ; ; ; 
TRACK;1.11.64-14;-16.39497622;-71.51150391;-1940923.379;2841187.736;B;False; ; ;0; ; ; ; ; ; 
TRACK;1.11.64-14;-16.39523116;-71.51153107;-1940952.988;2841181.325;B;False; ; ;0; ; ; ; ; ; 
TRACK;1.11.64-15; ; ;-1.516416327;20763369.87;B; ; ; ; ; ; ; ; ; ; 
TRACK;1.11.64-15;-16.39454376;-71.51038763;-1940886.652;2841319.976;B;False; ; ;0; ; ; ; ; ; 
TRACK;1.11.64-15;-16.39439186;-71.51063436;-1940865.695;2841293.98;B;False; ; ;0; ; ; ; ; ; 
TRACK;1.11.64-15;-16.39541617;-71.51138367;-1940976.582;2841195.623;B;False; ; ;0; ; ; ; ; ; 
TRACK;1.11.64-15;-16.39551631;-71.51109981;-1940991.927;2841226.506;B;False; ; ;0; ; ; ; ; ; 
TRACK;1.11.64-16; ; ;-1.516416327;20763369.87;B; ; ; ; ; ; ; ; ; ; 
TRACK;1.11.64-16;-16.39476457;-71.51009917;-1940916.232;2841349.803;B;False; ; ;0; ; ; ; ; ; 
TRACK;1.11.64-16;-16.39459194;-71.510334;-1940892.989;2841325.428;B;False; ; ;0; ; ; ; ; ; 
TRACK;1.11.64-16;-16.39553082;-71.51102282;-1940994.603;2841235.046;B;False; ; ;0; ; ; ; ; ; 
TRACK;1.11.64-16;-16.39564097;-71.51072893;-1941011.25;2841266.935;B;False; ; ;0; ; ; ; ; ; 
TRACK;1.11.64-17; ; ;-1.516416327;20763369.87;B; ; ; ; ; ; ; ; ; ; 
TRACK;1.11.64-17;-16.39519987;-71.50973612;-1940971.95;2841385.287;B;False; ; ;0; ; ; ; ; ; 
TRACK;1.11.64-17;-16.39494954;-71.50993656;-1940940.013;2841365.827;B;False; ; ;0; ; ; ; ; ; 
TRACK;1.11.64-17;-16.39570387;-71.51048153;-1941021.759;2841294.169;B;False; ; ;0; ; ; ; ; ; 
TRACK;1.11.64-17;-16.39581881;-71.51018162;-1941039.046;2841326.678;B;False; ; ;0; ; ; ; ; ; 
TRACK;1.11.64-18; ; ;-1.516416327;20763369.87;B; ; ; ; ; ; ; ; ; ; 
TRACK;1.11.64-18;-16.39550058;-71.50950832;-1941010.152;2841407.19;B;False; ; ;0; ; ; ; ; ; 
TRACK;1.11.64-18;-16.39524376;-71.5097097;-1940977.439;2841387.71;B;False; ; ;0; ; ; ; ; ; 
TRACK;1.11.64-18;-16.39584253;-71.51013331;-1941042.442;2841331.846;B;False; ; ;0; ; ; ; ; ; 
TRACK;1.11.64-18;-16.39593057;-71.50982693;-1941056.649;2841365.441;B;False; ; ;0; ; ; ; ; ; 
TRACK;1.11.64-21; ; ;-1.516416327;20763369.87;B; ; ; ; ; ; ; ; ; ; 
TRACK;1.11.64-21;-16.39409598;-71.50922344;-1940848.729;2841457.851;B;False; ; ;0; ; ; ; ; ; 
TRACK;1.11.64-21;-16.3939046;-71.50949087;-1940822.873;2841430.023;B;False; ; ;0; ; ; ; ; ; 
TRACK;1.11.64-21;-16.39449547;-71.5099328;-1940886.715;2841372.186;B;False; ; ;0; ; ; ; ; ; 
TRACK;1.11.64-21;-16.39476605;-71.50972431;-1940921.133;2841392.295;B;False; ; ;0; ; ; ; ; ; 
TRACK;1.11.64-22; ; ;-1.516416327;20763369.87;B; ; ; ; ; ; ; ; ; ; 
TRACK;1.11.64-22;-16.39429046;-71.50893403;-1940875.228;2841488.131;B;False; ; ;0; ; ; ; ; ; 
TRACK;1.11.64-22;-16.39412665;-71.50918594;-1940852.805;2841461.703;B;False; ; ;0; ; ; ; ; ; 
TRACK;1.11.64-22;-16.39482044;-71.50970827;-1940927.725;2841393.403;B;False; ; ;0; ; ; ; ; ; 
TRACK;1.11.64-22;-16.39507617;-71.50950357;-1940960.352;2841413.275;B;False; ; ;0; ; ; ; ; ; 
TRACK;1.11.64-23; ; ;-1.516416327;20763369.87;B; ; ; ; ; ; ; ; ; ; 
TRACK;1.11.64-23;-16.39449752;-71.50862658;-1940903.432;2841520.291;B;False; ; ;0; ; ; ; ; ; 
TRACK;1.11.64-23;-16.39431446;-71.50889192;-1940878.578;2841492.592;B;False; ; ;0; ; ; ; ; ; 
TRACK;1.11.64-23;-16.39510749;-71.50947278;-1940964.419;2841416.358;B;False; ; ;0; ; ; ; ; ; 
TRACK;1.11.64-23;-16.39535994;-71.50928029;-1940996.506;2841434.888;B;False; ; ;0; ; ; ; ; ; 
TRACK;1.11.64-24; ; ;-1.516416327;20763369.87;B; ; ; ; ; ; ; ; ; ; 
TRACK;1.11.64-24;-16.39469219;-71.50834869;-1940929.808;2841549.261;B;False; ; ;0; ; ; ; ; ; 
TRACK;1.11.64-24;-16.39451537;-71.50858584;-1940906.043;2841524.678;B;False; ; ;0; ; ; ; ; ; 
TRACK;1.11.64-24;-16.39506324;-71.50899205;-1940965.284;2841471.453;B;False; ; ;0; ; ; ; ; ; 
TRACK;1.11.64-24;-16.39492661;-71.50853824;-1940954.956;2841524.703;B;False; ; ;0; ; ; ; ; ; 
TRACK;1.11.64-25; ; ;-1.516416327;20763369.87;B; ; ; ; ; ; ; ; ; ; 
TRACK;1.11.64-25;-16.39452875;-71.50778102;-1940917.767;2841615.773;B;False; ; ;0; ; ; ; ; ; 
TRACK;1.11.64-25;-16.39416393;-71.50752034;-1940878.195;2841650.104;B;False; ; ;0; ; ; ; ; ; 
TRACK;1.11.64-25;-16.39409269;-71.50762712;-1940868.478;2841638.925;B;False; ; ;0; ; ; ; ; ; 
TRACK;1.11.64-25;-16.39361331;-71.5072968;-1940816.325;2841682.65;B;False; ; ;0; ; ; ; ; ; 
TRACK;1.11.64-25;-16.39351839;-71.50742693;-1940803.532;2841669.133;B;False; ; ;0; ; ; ; ; ; 
TRACK;1.11.64-25;-16.39465648;-71.50824432;-1940926.928;2841561.564;B;False; ; ;0; ; ; ; ; ; 
TRACK;1.11.64-25;-16.39474338;-71.50812189;-1940938.682;2841574.313;B;False; ; ;0; ; ; ; ; ; 
TRACK;1.11.64-26; ; ;-1.516416327;20763369.87;B; ; ; ; ; ; ; ; ; ; 
TRACK;1.11.64-26;-16.39395012;-71.50779742;-1940849.58;2841621.475;B;False; ; ;0; ; ; ; ; ; 
TRACK;1.11.64-26;-16.39378736;-71.50805202;-1940827.247;2841594.729;B;False; ; ;0; ; ; ; ; ; 
TRACK;1.11.64-26;-16.39444661;-71.50853902;-1940898.555;2841530.886;B;False; ; ;0; ; ; ; ; ; 
TRACK;1.11.64-26;-16.3946303;-71.5082946;-1940923.219;2841556.204;B;False; ; ;0; ; ; ; ; ; 
TRACK;1.11.64-27; ; ;-1.516416327;20763369.87;B; ; ; ; ; ; ; ; ; ; 
TRACK;1.11.64-27;-16.39343173;-71.50740795;-1940793.59;2841672.417;B;False; ; ;0; ; ; ; ; ; 
TRACK;1.11.64-27;-16.39326638;-71.50746075;-1940773.499;2841668.59;B;False; ; ;0; ; ; ; ; ; 
TRACK;1.11.64-27;-16.39317346;-71.50759871;-1940760.841;2841654.159;B;False; ; ;0; ; ; ; ; ; 
TRACK;1.11.64-27;-16.39376167;-71.50802367;-1940824.587;2841598.28;B;False; ; ;0; ; ; ; ; ; 
TRACK;1.11.64-27;-16.39393614;-71.50778104;-1940848.144;2841623.516;B;False; ; ;0; ; ; ; ; ; 
TRACK;1.11.64-28; ; ;-1.516416327;20763369.87;B; ; ; ; ; ; ; ; ; ; 
TRACK;1.11.64-28;-16.39371918;-71.50806839;-1940819.031;2841593.763;B;False; ; ;0; ; ; ; ; ; 
TRACK;1.11.64-28;-16.39310798;-71.50761753;-1940752.912;2841652.88;B;False; ; ;0; ; ; ; ; ; 
TRACK;1.11.64-28;-16.39296061;-71.50786217;-1940732.512;2841627.062;B;False; ; ;0; ; ; ; ; ; 
TRACK;1.11.64-28;-16.39356275;-71.50831575;-1940797.532;2841567.756;B;False; ; ;0; ; ; ; ; ; 
TRACK;1.11.64-29; ; ;-1.516416327;20763369.87;B; ; ; ; ; ; ; ; ; ; 
TRACK;1.11.64-29;-16.39441858;-71.50858366;-1940894.699;2841526.189;B;False; ; ;0; ; ; ; ; ; 
TRACK;1.11.64-29;-16.39373432;-71.50808945;-1940820.544;2841591.177;B;False; ; ;0; ; ; ; ; ; 
TRACK;1.11.64-29;-16.39357788;-71.50832627;-1940799.177;2841566.364;B;False; ; ;0; ; ; ; ; ; 
TRACK;1.11.64-29;-16.39424268;-71.50882805;-1940870.951;2841500.773;B;False; ; ;0; ; ; ; ; ; 
TRACK;1.11.64-30; ; ;-1.516416327;20763369.87;B; ; ; ; ; ; ; ; ; ; 
TRACK;1.11.64-30;-16.39312652;-71.50808453;-1940749.2;2841599.677;B;False; ; ;0; ; ; ; ; ; 
TRACK;1.11.64-30;-16.3931708;-71.50847598;-1940749.464;2841554.705;B;False; ; ;0; ; ; ; ; ; 
TRACK;1.11.64-30;-16.39404051;-71.50911742;-1940843.549;2841470.599;B;False; ; ;0; ; ; ; ; ; 
TRACK;1.11.64-30;-16.39422073;-71.5088745;-1940867.787;2841495.792;B;False; ; ;0; ; ; ; ; ; 
TRACK;1.11.64-31; ; ;-1.516416327;20763369.87;B; ; ; ; ; ; ; ; ; ; 
TRACK;1.11.64-31;-16.39322456;-71.50859304;-1940754.303;2841540.727;B;False; ; ;0; ; ; ; ; ; 
TRACK;1.11.64-31;-16.39328263;-71.50903247;-1940755.584;2841490.135;B;False; ; ;0; ; ; ; ; ; 
TRACK;1.11.64-31;-16.39383246;-71.50941956;-1940815.297;2841439.053;B;False; ; ;0; ; ; ; ; ; 
TRACK;1.11.64-31;-16.39401462;-71.50915612;-1940840.02;2841466.548;B;False; ; ;0; ; ; ; ; ; 
TRACK;1.11.64-32; ; ;-1.516416327;20763369.87;B; ; ; ; ; ; ; ; ; ; 
TRACK;1.11.64-32;-16.39322193;-71.50905416;-1940748.178;2841488.468;B;False; ; ;0; ; ; ; ; ; 
TRACK;1.11.64-32;-16.39316749;-71.50856174;-1940747.994;2841545.023;B;False; ; ;0; ; ; ; ; ; 
TRACK;1.11.64-32;-16.39260407;-71.50938745;-1940671.388;2841458.743;B;False; ; ;0; ; ; ; ; ; 
TRACK;1.11.64-32;-16.39286435;-71.50959078;-1940699.402;2841432.285;B;False; ; ;0; ; ; ; ; ; 
TRACK;1.11.64-33; ; ;-1.516416327;20763369.87;B; ; ; ; ; ; ; ; ; ; 
TRACK;1.11.64-33;-16.39308385;-71.50807969;-1940744.247;2841600.783;B;False; ; ;0; ; ; ; ; ; 
TRACK;1.11.64-33;-16.39232582;-71.50916785;-1940641.468;2841487.283;B;False; ; ;0; ; ; ; ; ; 
TRACK;1.11.64-33;-16.39256205;-71.50934608;-1940666.973;2841463.985;B;False; ; ;0; ; ; ; ; ; 
TRACK;1.11.64-33;-16.39314775;-71.5084786;-1940746.723;2841554.709;B;False; ; ;0; ; ; ; ; ; 
TRACK;1.11.64-34; ; ;-1.516416327;20763369.87;B; ; ; ; ; ; ; ; ; ; 
TRACK;1.11.64-34;-16.39307851;-71.50798132;-1940744.86;2841612.009;B;False; ; ;0; ; ; ; ; ; 
TRACK;1.11.64-34;-16.39293296;-71.50787638;-1940729.084;2841625.811;B;False; ; ;0; ; ; ; ; ; 
TRACK;1.11.64-34;-16.39212687;-71.50900943;-1940620.093;2841507.848;B;False; ; ;0; ; ; ; ; ; 
TRACK;1.11.64-34;-16.39227929;-71.50912993;-1940636.479;2841492.192;B;False; ; ;0; ; ; ; ; ; 
TRACK;1.11.64-35; ; ;-1.516416327;20763369.87;B; ; ; ; ; ; ; ; ; ; 
TRACK;1.11.64-35;-16.39241939;-71.50853942;-1940660.386;2841557.329;B;False; ; ;0; ; ; ; ; ; 
TRACK;1.11.64-35;-16.39228408;-71.50845183;-1940645.594;2841569.03;B;False; ; ;0; ; ; ; ; ; 
TRACK;1.11.64-35;-16.39200472;-71.50886853;-1940607.519;2841525.423;B;False; ; ;0; ; ; ; ; ; 
TRACK;1.11.64-35;-16.39212971;-71.50897342;-1940620.88;2841511.895;B;False; ; ;0; ; ; ; ; ; 
TRACK;1.11.64-36; ; ;-1.516416327;20763369.87;B; ; ; ; ; ; ; ; ; ; 
TRACK;1.11.64-36;-16.39224956;-71.50843949;-1940641.695;2841570.88;B;False; ; ;0; ; ; ; ; ; 
TRACK;1.11.64-36;-16.39218601;-71.5083883;-1940634.873;2841577.516;B;False; ; ;0; ; ; ; ; ; 
TRACK;1.11.64-36;-16.39200499;-71.50866892;-1940610.068;2841548.057;B;False; ; ;0; ; ; ; ; ; 
TRACK;1.11.64-36;-16.39207585;-71.50872008;-1940617.748;2841541.329;B;False; ; ;0; ; ; ; ; ; 
TRACK;1.11.64-37; ; ;-1.516416327;20763369.87;B; ; ; ; ; ; ; ; ; ; 
TRACK;1.11.64-37;-16.39214204;-71.50841885;-1940629.323;2841574.625;B;False; ; ;0; ; ; ; ; ; 
TRACK;1.11.64-37;-16.39202047;-71.50832198;-1940616.262;2841587.2;B;False; ; ;0; ; ; ; ; ; 
TRACK;1.11.64-37;-16.39164731;-71.50886613;-1940565.56;2841530.365;B;False; ; ;0; ; ; ; ; ; 
TRACK;1.11.64-37;-16.39166827;-71.50915604;-1940564.365;2841497.213;B;False; ; ;0; ; ; ; ; ; 
TRACK;1.11.64-38; ; ;-1.516416327;20763369.87;B; ; ; ; ; ; ; ; ; ; 
TRACK;1.11.64-38;-16.39203163;-71.5090696;-1940608.144;2841502.269;B;False; ; ;0; ; ; ; ; ; 
TRACK;1.11.64-38;-16.39191647;-71.50898532;-1940595.678;2841513.331;B;False; ; ;0; ; ; ; ; ; 
TRACK;1.11.64-38;-16.39173972;-71.50926396;-1940571.399;2841484.04;B;False; ; ;0; ; ; ; ; ; 
TRACK;1.11.64-38;-16.39186094;-71.50935495;-1940584.493;2841472.139;B;False; ; ;0; ; ; ; ; ; 
TRACK;1.11.64-39; ; ;-1.516416327;20763369.87;B; ; ; ; ; ; ; ; ; ; 
TRACK;1.11.64-39;-16.39218265;-71.50917842;-1940624.514;2841487.955;B;False; ; ;0; ; ; ; ; ; 
TRACK;1.11.64-39;-16.39206729;-71.50909139;-1940612.06;2841499.332;B;False; ; ;0; ; ; ; ; ; 
TRACK;1.11.64-39;-16.39179048;-71.50947606;-1940574.688;2841459.324;B;False; ; ;0; ; ; ; ; ; 
TRACK;1.11.64-39;-16.39191324;-71.50959521;-1940587.607;2841444.208;B;False; ; ;0; ; ; ; ; ; 
TRACK;1.11.64-40; ; ;-1.516416327;20763369.87;B; ; ; ; ; ; ; ; ; ; 
TRACK;1.11.64-40;-16.39227329;-71.50923641;-1940634.431;2841480.194;B;False; ; ;0; ; ; ; ; ; 
TRACK;1.11.64-40;-16.39186442;-71.50981687;-1940579.076;2841419.708;B;False; ; ;0; ; ; ; ; ; 
TRACK;1.11.64-40;-16.39191092;-71.51003408;-1940581.8;2841394.468;B;False; ; ;0; ; ; ; ; ; 
TRACK;1.11.64-40;-16.39202551;-71.51010962;-1940594.31;2841384.403;B;False; ; ;0; ; ; ; ; ; 
TRACK;1.11.64-40;-16.39251892;-71.50941023;-1940661.097;2841457.273;B;False; ; ;0; ; ; ; ; ; 
TRACK;1.11.64-41; ; ;-1.516416327;20763369.87;B; ; ; ; ; ; ; ; ; ; 
TRACK;1.11.64-41;-16.39256413;-71.50999271;-1940659.063;2841390.625;B;False; ; ;0; ; ; ; ; ; 
TRACK;1.11.64-41;-16.39282105;-71.5096408;-1940693.683;2841427.177;B;False; ; ;0; ; ; ; ; ; 
TRACK;1.11.64-41;-16.39255397;-71.50944935;-1940664.722;2841452.379;B;False; ; ;0; ; ; ; ; ; 
TRACK;1.11.64-41;-16.39211026;-71.51011402;-1940604.21;2841382.798;B;False; ; ;0; ; ; ; ; ; 
TRACK;1.11.64-41;-16.39223704;-71.51020678;-1940617.936;2841370.622;B;False; ; ;0; ; ; ; ; ; 
TRACK;1.11.69-1; ; ;-1.516416327;20763369.87;B; ; ; ; ; ; ; ; ; ; 
TRACK;1.11.69-1;-16.40027211;-71.53130737;-1941295.859;2838872.968;B;False; ; ;0; ; ; ; ; ; 
TRACK;1.11.69-1;-16.40116708;-71.53072449;-1941408.334;2838927.375;B;False; ; ;0; ; ; ; ; ; 
TRACK;1.11.69-1;-16.40038884;-71.52980745;-1941328.473;2839041.516;B;False; ; ;0; ; ; ; ; ; 
TRACK;1.11.69-1;-16.39920653;-71.53107652;-1941173.599;2838913.054;B;False; ; ;0; ; ; ; ; ; 
TRACK;1.11.69-1;-16.39906104;-71.53147001;-1941151.549;2838870.337;B;False; ; ;0; ; ; ; ; ; 
TRACK;1.11.69-1;-16.39977622;-71.53176373;-1941231.859;2838827.697;B;False; ; ;0; ; ; ; ; ; 
TRACK;1.11.69-5; ; ;-1.516416327;20763369.87;B; ; ; ; ; ; ; ; ; ; 
TRACK;1.11.69-5;-16.39887974;-71.53105078;-1941135.536;2838920.239;B;False; ; ;0; ; ; ; ; ; 
TRACK;1.11.69-5;-16.39911391;-71.53098636;-1941163.855;2838924.486;B;False; ; ;0; ; ; ; ; ; 
TRACK;1.11.69-5;-16.40030165;-71.52961957;-1941320.598;2839063.957;B;False; ; ;0; ; ; ; ; ; 
TRACK;1.11.69-5;-16.39981126;-71.52905643;-1941270.09;2839134.212;B;False; ; ;0; ; ; ; ; ; 
TRACK;1.11.69-5;-16.3981373;-71.53039386;-1941056.601;2839004.417;B;False; ; ;0; ; ; ; ; ; 
TRACK;1.11.69-5;-16.39846709;-71.53068645;-1941091.653;2838966.936;B;False; ; ;0; ; ; ; ; ; 
TRACK;1.11.69-13; ; ;-1.516416327;20763369.87;B; ; ; ; ; ; ; ; ; ; 
TRACK;1.11.69-13;-16.39805655;-71.52408519;-1941126.619;2839720.813;B;False; ; ;0; ; ; ; ; ; 
TRACK;1.11.69-13;-16.39766934;-71.52455508;-1941075.21;2839672.588;B;False; ; ;0; ; ; ; ; ; 
TRACK;1.11.69-13;-16.39737448;-71.52505327;-1941034.294;2839619.947;B;False; ; ;0; ; ; ; ; ; 
TRACK;1.11.69-13;-16.39730567;-71.52515636;-1941024.911;2839609.155;B;False; ; ;0; ; ; ; ; ; 
TRACK;1.11.69-13;-16.39760468;-71.52564342;-1941053.898;2839550.023;B;False; ; ;0; ; ; ; ; ; 
TRACK;1.11.69-13;-16.39834248;-71.52672537;-1941126.931;2839417.706;B;False; ; ;0; ; ; ; ; ; 
TRACK;1.11.69-13;-16.39905874;-71.52610144;-1941218.934;2839479.102;B;False; ; ;0; ; ; ; ; ; 
TRACK;1.11.69-13;-16.39946142;-71.52576886;-1941270.429;2839511.555;B;False; ; ;0; ; ; ; ; ; 
TRACK;1.11.69-13;-16.39811258;-71.52407901;-1941133.279;2839720.782;B;False; ; ;0; ; ; ; ; ; 
TRACK;1.11.69-15; ; ;-1.516416327;20763369.87;B; ; ; ; ; ; ; ; ; ; 
TRACK;1.11.69-15;-16.3998503;-71.52719992;-1941298.074;2839344.21;B;False; ; ;0; ; ; ; ; ; 
TRACK;1.11.69-15;-16.3990462;-71.52621841;-1941215.987;2839466.002;B;False; ; ;0; ; ; ; ; ; 
TRACK;1.11.69-15;-16.39879519;-71.52643408;-1941183.782;2839444.825;B;False; ; ;0; ; ; ; ; ; 
TRACK;1.11.69-15;-16.39956394;-71.52741463;-1941261.729;2839323.603;B;False; ; ;0; ; ; ; ; ; 
TRACK;1.11.69-16; ; ;-1.516416327;20763369.87;B; ; ; ; ; ; ; ; ; ; 
TRACK;1.11.69-16;-16.39954322;-71.52746095;-1941258.712;2839318.621;B;False; ; ;0; ; ; ; ; ; 
TRACK;1.11.69-16;-16.39876446;-71.52646436;-1941179.791;2839441.792;B;False; ; ;0; ; ; ; ; ; 
TRACK;1.11.69-16;-16.39840541;-71.52678496;-1941133.573;2839410.128;B;False; ; ;0; ; ; ; ; ; 
TRACK;1.11.69-16;-16.39907001;-71.52781301;-1941198.687;2839284.88;B;False; ; ;0; ; ; ; ; ; 
TRACK;1.11.69-20; ; ;-1.516416327;20763369.87;B; ; ; ; ; ; ; ; ; ; 
TRACK;1.11.69-20;-16.39809174;-71.53032922;-1941052.063;2839012.34;B;False; ; ;0; ; ; ; ; ; 
TRACK;1.11.69-20;-16.39883827;-71.52972873;-1941147.323;2839070.684;B;False; ; ;0; ; ; ; ; ; 
TRACK;1.11.69-20;-16.39835486;-71.52903898;-1941099.23;2839155.205;B;False; ; ;0; ; ; ; ; ; 
TRACK;1.11.69-20;-16.39917237;-71.52840234;-1941203.284;2839216.72;B;False; ; ;0; ; ; ; ; ; 
TRACK;1.11.69-20;-16.39922545;-71.5284745;-1941208.61;2839207.845;B;False; ; ;0; ; ; ; ; ; 
TRACK;1.11.69-20;-16.39907896;-71.52859107;-1941189.932;2839196.539;B;False; ; ;0; ; ; ; ; ; 
TRACK;1.11.69-20;-16.39932222;-71.52891039;-1941214.484;2839157.156;B;False; ; ;0; ; ; ; ; ; 
TRACK;1.11.69-20;-16.39939372;-71.52900506;-1941221.69;2839145.488;B;False; ; ;0; ; ; ; ; ; 
TRACK;1.11.69-20;-16.39952766;-71.52918347;-1941235.175;2839123.51;B;False; ; ;0; ; ; ; ; ; 
TRACK;1.11.69-20;-16.39977457;-71.52899641;-1941266.537;2839141.498;B;False; ; ;0; ; ; ; ; ; 
TRACK;1.11.69-20;-16.39898091;-71.52802061;-1941185.604;2839262.504;B;False; ; ;0; ; ; ; ; ; 
TRACK;1.11.69-20;-16.39745644;-71.52922576;-1940991.34;2839145.754;B;False; ; ;0; ; ; ; ; ; 
TRACK;1.11.69-20;-16.3973787;-71.52937492;-1940980.328;2839129.855;B;False; ; ;0; ; ; ; ; ; 
TRACK;1.11.69-21; ; ;-1.516416327;20763369.87;B; ; ; ; ; ; ; ; ; ; 
TRACK;1.11.69-21;-16.39927054;-71.52897101;-1941207.65;2839150.958;B;False; ; ;0; ; ; ; ; ; 
TRACK;1.11.69-21;-16.3987101;-71.52938858;-1941136.554;2839110.927;B;False; ; ;0; ; ; ; ; ; 
TRACK;1.11.69-21;-16.39890931;-71.52965686;-1941156.574;2839077.906;B;False; ; ;0; ; ; ; ; ; 
TRACK;1.11.69-21;-16.39946007;-71.52923347;-1941226.605;2839118.723;B;False; ; ;0; ; ; ; ; ; 
TRACK;1.11.69-22; ; ;-1.516416327;20763369.87;B; ; ; ; ; ; ; ; ; ; 
TRACK;1.11.69-22;-16.39923202;-71.52888953;-1941204.151;2839160.699;B;False; ; ;0; ; ; ; ; ; 
TRACK;1.11.69-22;-16.39904579;-71.52861646;-1941185.716;2839194.094;B;False; ; ;0; ; ; ; ; ; 
TRACK;1.11.69-22;-16.39846276;-71.52906474;-1941111.579;2839150.875;B;False; ; ;0; ; ; ; ; ; 
TRACK;1.11.69-22;-16.39866372;-71.52933596;-1941131.769;2839117.499;B;False; ; ;0; ; ; ; ; ; 
TRACK;1.11.69-23; ; ;-1.516416327;20763369.87;B; ; ; ; ; ; ; ; ; ; 
TRACK;1.11.69-23;-16.3981314;-71.52854997;-1941079.142;2839213.57;B;False; ; ;0; ; ; ; ; ; 
TRACK;1.11.69-23;-16.39895285;-71.52793379;-1941183.402;2839272.714;B;False; ; ;0; ; ; ; ; ; 
TRACK;1.11.69-23;-16.39825365;-71.52690537;-1941114.227;2839398.455;B;False; ; ;0; ; ; ; ; ; 
TRACK;1.11.69-23;-16.3970754;-71.52778599;-1940964.721;2839313.985;B;False; ; ;0; ; ; ; ; ; 
TRACK;1.11.69-23;-16.39647822;-71.52831411;-1940887.917;2839261.895;B;False; ; ;0; ; ; ; ; ; 
TRACK;1.11.69-23;-16.39729232;-71.52926653;-1940971.546;2839143.274;B;False; ; ;0; ; ; ; ; ; 
TRACK;1.11.69-24; ; ;-1.516416327;20763369.87;B; ; ; ; ; ; ; ; ; ; 
TRACK;1.11.69-24;-16.39821547;-71.52683905;-1941110.579;2839406.474;B;False; ; ;0; ; ; ; ; ; 
TRACK;1.11.69-24;-16.39822355;-71.52677113;-1941112.383;2839414.07;B;False; ; ;0; ; ; ; ; ; 
TRACK;1.11.69-24;-16.39724058;-71.52527398;-1941015.782;2839596.669;B;False; ; ;0; ; ; ; ; ; 
TRACK;1.11.69-24;-16.39713599;-71.52540103;-1941001.895;2839583.628;B;False; ; ;0; ; ; ; ; ; 
TRACK;1.11.69-24;-16.39703213;-71.5255686;-1940987.582;2839565.982;B;False; ; ;0; ; ; ; ; ; 
TRACK;1.11.69-24;-16.39685854;-71.52585198;-1940963.62;2839536.115;B;False; ; ;0; ; ; ; ; ; 
TRACK;1.11.69-24;-16.3965507;-71.52626795;-1940922.214;2839492.967;B;False; ; ;0; ; ; ; ; ; 
TRACK;1.11.69-24;-16.39593353;-71.52693704;-1940841.284;2839425.154;B;False; ; ;0; ; ; ; ; ; 
TRACK;1.11.69-24;-16.39577989;-71.52708225;-1940821.406;2839410.694;B;False; ; ;0; ; ; ; ; ; 
TRACK;1.11.69-24;-16.3956639;-71.52719318;-1940806.383;2839399.63;B;False; ; ;0; ; ; ; ; ; 
TRACK;1.11.69-24;-16.39553393;-71.52733156;-1940789.372;2839385.635;B;False; ; ;0; ; ; ; ; ; 
TRACK;1.11.69-24;-16.39641457;-71.52824735;-1940881.281;2839270.297;B;False; ; ;0; ; ; ; ; ; 
TRACK;1.11.69-24;-16.39704694;-71.5277157;-1940962.265;2839322.326;B;False; ; ;0; ; ; ; ; ; 
TRACK;1.11.69-25; ; ;-1.516416327;20763369.87;B; ; ; ; ; ; ; ; ; ; 
TRACK;1.11.69-25;-16.39508761;-71.52864166;-1940720.435;2839242.906;B;False; ; ;0; ; ; ; ; ; 
TRACK;1.11.69-25;-16.39495238;-71.52871383;-1940703.64;2839236.488;B;False; ; ;0; ; ; ; ; ; 
TRACK;1.11.69-25;-16.3947857;-71.52879584;-1940683.028;2839229.364;B;False; ; ;0; ; ; ; ; ; 
TRACK;1.11.69-25;-16.39453886;-71.5290418;-1940650.933;2839204.696;B;False; ; ;0; ; ; ; ; ; 
TRACK;1.11.69-25;-16.39441623;-71.52915003;-1940635.163;2839194.024;B;False; ; ;0; ; ; ; ; ; 
TRACK;1.11.69-25;-16.39392399;-71.5293692;-1940574.58;2839175.597;B;False; ; ;0; ; ; ; ; ; 
TRACK;1.11.69-25;-16.39345907;-71.52938963;-1940519.709;2839179.348;B;False; ; ;0; ; ; ; ; ; 
TRACK;1.11.69-25;-16.39354115;-71.53058912;-1940514.24;2839042.264;B;False; ; ;0; ; ; ; ; ; 
TRACK;1.11.69-25;-16.39534905;-71.53121082;-1940718.778;2838948.175;B;False; ; ;0; ; ; ; ; ; 
TRACK;1.11.69-25;-16.39560767;-71.53041406;-1940759.195;2839035.144;B;False; ; ;0; ; ; ; ; ; 
TRACK;1.11.69-25;-16.39624154;-71.52968932;-1940842.787;2839109.049;B;False; ; ;0; ; ; ; ; ; 
TRACK;1.11.69-25;-16.39628869;-71.52957456;-1940849.771;2839121.447;B;False; ; ;0; ; ; ; ; ; 
TRACK;1.11.69-25;-16.39630754;-71.52946964;-1940853.307;2839133.098;B;False; ; ;0; ; ; ; ; ; 
TRACK;1.11.69-25;-16.39630907;-71.52835524;-1940867.528;2839259.44;B;False; ; ;0; ; ; ; ; ; 
TRACK;1.11.69-25;-16.39633513;-71.52827981;-1940871.54;2839267.653;B;False; ; ;0; ; ; ; ; ; 
TRACK;1.11.69-25;-16.39525277;-71.52711351;-1940759.091;2839414.03;B;False; ; ;0; ; ; ; ; ; 
TRACK;1.11.69-25;-16.39390142;-71.5284455;-1940583.566;2839280.632;B;False; ; ;0; ; ; ; ; ; 
TRACK;1.11.69-25;-16.3942412;-71.52878309;-1940619.225;2839237.917;B;False; ; ;0; ; ; ; ; ; 
TRACK;1.11.69-25;-16.39443312;-71.52903877;-1940638.55;2839206.42;B;False; ; ;0; ; ; ; ; ; 
TRACK;1.11.69-25;-16.39468782;-71.52879608;-1940671.527;2839230.614;B;False; ; ;0; ; ; ; ; ; 
TRACK;1.11.69-25;-16.39496772;-71.52866158;-1940706.1;2839242.212;B;False; ; ;0; ; ; ; ; ; 
TRACK;1.11.69-25;-16.39532944;-71.52829512;-1940753.209;2839279.045;B;False; ; ;0; ; ; ; ; ; 
TRACK;1.11.69-25;-16.39537059;-71.52831701;-1940757.768;2839276.026;B;False; ; ;0; ; ; ; ; ; 
TRACK;1.11.69-26; ; ;-1.516416327;20763369.87;B; ; ; ; ; ; ; ; ; ; 
TRACK;1.11.69-26;-16.39346694;-71.52934369;-1940521.211;2839184.454;B;False; ; ;0; ; ; ; ; ; 
TRACK;1.11.69-26;-16.39386081;-71.52932085;-1940567.767;2839181.903;B;False; ; ;0; ; ; ; ; ; 
TRACK;1.11.69-26;-16.39422322;-71.5291882;-1940612.011;2839192.215;B;False; ; ;0; ; ; ; ; ; 
TRACK;1.11.69-26;-16.39440861;-71.52907629;-1940635.198;2839202.485;B;False; ; ;0; ; ; ; ; ; 
TRACK;1.11.69-26;-16.39424448;-71.52881496;-1940619.21;2839234.26;B;False; ; ;0; ; ; ; ; ; 
TRACK;1.11.69-26;-16.39387389;-71.52845984;-1940580.151;2839279.365;B;False; ; ;0; ; ; ; ; ; 
TRACK;1.11.69-26;-16.39344102;-71.52881214;-1940524.863;2839245.066;B;False; ; ;0; ; ; ; ; ; 
TRACK;1.11.69-27; ; ;-1.516416327;20763369.87;B; ; ; ; ; ; ; ; ; ; 
TRACK;1.11.69-27;-16.39337271;-71.52941371;-1940509.26;2839177.745;B;False; ; ;0; ; ; ; ; ; 
TRACK;1.11.69-27;-16.39250965;-71.5294414;-1940407.529;2839185.867;B;False; ; ;0; ; ; ; ; ; 
TRACK;1.11.69-27;-16.39247629;-71.53061252;-1940388.858;2839053.506;B;False; ; ;0; ; ; ; ; ; 
TRACK;1.11.69-27;-16.39345807;-71.53056748;-1940504.753;2839045.802;B;False; ; ;0; ; ; ; ; ; 
TRACK;1.11.69-28; ; ;-1.516416327;20763369.87;B; ; ; ; ; ; ; ; ; ; 
TRACK;1.11.69-28;-16.39173062;-71.53065551;-1940300.723;2839058.361;B;False; ; ;0; ; ; ; ; ; 
TRACK;1.11.69-28;-16.39240419;-71.53062069;-1940380.285;2839053.52;B;False; ; ;0; ; ; ; ; ; 
TRACK;1.11.69-28;-16.39243622;-71.52938915;-1940399.561;2839192.75;B;False; ; ;0; ; ; ; ; ; 
TRACK;1.11.69-28;-16.39335516;-71.52935864;-1940507.892;2839184.217;B;False; ; ;0; ; ; ; ; ; 
TRACK;1.11.69-28;-16.39328864;-71.52840924;-1940512.039;2839292.741;B;False; ; ;0; ; ; ; ; ; 
TRACK;1.11.69-28;-16.39268634;-71.52842828;-1940441.048;2839298.442;B;False; ; ;0; ; ; ; ; ; 
TRACK;1.11.69-28;-16.39253274;-71.52829122;-1940424.73;2839315.989;B;False; ; ;0; ; ; ; ; ; 
TRACK;1.11.69-28;-16.39245482;-71.52824789;-1940416.123;2839321.919;B;False; ; ;0; ; ; ; ; ; 
TRACK;1.11.69-28;-16.3924485;-71.52824748;-1940415.386;2839322.048;B;False; ; ;0; ; ; ; ; ; 
TRACK;1.11.69-28;-16.39197476;-71.52821003;-1940360.208;2839332.477;B;False; ; ;0; ; ; ; ; ; 
TRACK;1.11.69-28;-16.39114069;-71.52821836;-1940262.124;2839342.417;B;False; ; ;0; ; ; ; ; ; 
TRACK;1.11.69-28;-16.39117849;-71.52846769;-1940263.424;2839313.652;B;False; ; ;0; ; ; ; ; ; 
TRACK;1.11.69-28;-16.39126;-71.52846148;-1940273.077;2839313.292;B;False; ; ;0; ; ; ; ; ; 
TRACK;1.11.69-28;-16.39130371;-71.52852208;-1940277.448;2839305.85;B;False; ; ;0; ; ; ; ; ; 
TRACK;1.11.69-28;-16.39126664;-71.52969553;-1940258.312;2839173.271;B;False; ; ;0; ; ; ; ; ; 
TRACK;1.11.69-28;-16.3914249;-71.53017411;-1940270.875;2839116.938;B;False; ; ;0; ; ; ; ; ; 
TRACK;1.11.6-1; ; ;-1.516416327;20763369.87;C; ; ; ; ; ; ; ; ; ; 
TRACK;1.11.6-1;-16.39859904;-71.51198152;-1941342.966;2841086.237;C;False; ; ;0; ; ; ; ; ; 
TRACK;1.11.6-1;-16.39868857;-71.51150385;-1941359.509;2841139.235;C;False; ; ;0; ; ; ; ; ; 
TRACK;1.11.6-1;-16.39758927;-71.51130421;-1941232.882;2841176.239;C;False; ; ;0; ; ; ; ; ; 
TRACK;1.11.6-1;-16.39750965;-71.51176959;-1941217.658;2841124.505;C;False; ; ;0; ; ; ; ; ; 
TRACK;1.11.6-2; ; ;-1.516416327;20763369.87;C; ; ; ; ; ; ; ; ; ; 
TRACK;1.11.6-2;-16.39854659;-71.51141066;-1941344.005;2841151.657;C;False; ; ;0; ; ; ; ; ; 
TRACK;1.11.6-2;-16.39859287;-71.51116701;-1941352.515;2841178.683;C;False; ; ;0; ; ; ; ; ; 
TRACK;1.11.6-2;-16.39752852;-71.51095713;-1941230.122;2841216.392;C;False; ; ;0; ; ; ; ; ; 
TRACK;1.11.6-2;-16.39751012;-71.51100804;-1941227.319;2841210.86;C;False; ; ;0; ; ; ; ; ; 
TRACK;1.11.6-2;-16.39747052;-71.51100489;-1941222.706;2841211.734;C;False; ; ;0; ; ; ; ; ; 
TRACK;1.11.6-2;-16.39745854;-71.51119907;-1941218.849;2841189.871;C;False; ; ;0; ; ; ; ; ; 
TRACK;1.11.6-3; ; ;-1.516416327;20763369.87;C; ; ; ; ; ; ; ; ; ; 
TRACK;1.11.6-3;-16.3973887;-71.51174878;-1941203.71;2841128.445;C;False; ; ;0; ; ; ; ; ; 
TRACK;1.11.6-3;-16.39741303;-71.51151032;-1941209.577;2841155.169;C;False; ; ;0; ; ; ; ; ; 
TRACK;1.11.6-3;-16.39629871;-71.51137436;-1941080.38;2841185.147;C;False; ; ;0; ; ; ; ; ; 
TRACK;1.11.6-3;-16.39626849;-71.51161107;-1941073.845;2841158.699;C;False; ; ;0; ; ; ; ; ; 
TRACK;1.11.6-4; ; ;-1.516416327;20763369.87;C; ; ; ; ; ; ; ; ; ; 
TRACK;1.11.6-4;-16.39623214;-71.511601;-1941069.701;2841160.315;C;False; ; ;0; ; ; ; ; ; 
TRACK;1.11.6-4;-16.39628406;-71.51126106;-1941080.089;2841198.188;C;False; ; ;0; ; ; ; ; ; 
TRACK;1.11.6-4;-16.39605759;-71.51123414;-1941053.823;2841204.199;C;False; ; ;0; ; ; ; ; ; 
TRACK;1.11.6-4;-16.396025;-71.51134426;-1941048.604;2841192.138;C;False; ; ;0; ; ; ; ; ; 
TRACK;1.11.6-4;-16.39567011;-71.51130993;-1941007.345;2841200.667;C;False; ; ;0; ; ; ; ; ; 
TRACK;1.11.6-4;-16.39565611;-71.51152564;-1941002.98;2841176.389;C;False; ; ;0; ; ; ; ; ; 
TRACK;1.11.6-6; ; ;-1.516416327;20763369.87;C; ; ; ; ; ; ; ; ; ; 
TRACK;1.11.6-6;-16.39715032;-71.51249739;-1941166.264;2841046.667;C;False; ; ;0; ; ; ; ; ; 
TRACK;1.11.6-6;-16.39755233;-71.51262784;-1941211.847;2841026.621;C;False; ; ;0; ; ; ; ; ; 
TRACK;1.11.6-6;-16.39759332;-71.51237117;-1941219.899;2841055.192;C;False; ; ;0; ; ; ; ; ; 
TRACK;1.11.6-6;-16.39745794;-71.51234343;-1941204.344;2841060.107;C;False; ; ;0; ; ; ; ; ; 
TRACK;1.11.6-6;-16.39747576;-71.51225808;-1941207.514;2841069.552;C;False; ; ;0; ; ; ; ; ; 
TRACK;1.11.6-6;-16.39826896;-71.51242049;-1941298.652;2841040.771;C;False; ; ;0; ; ; ; ; ; 
TRACK;1.11.6-6;-16.39855922;-71.51215454;-1941336.105;2841067.136;C;False; ; ;0; ; ; ; ; ; 
TRACK;1.11.6-6;-16.39836522;-71.51212484;-1941313.689;2841073.04;C;False; ; ;0; ; ; ; ; ; 
TRACK;1.11.6-6;-16.39838336;-71.51204403;-1941316.839;2841081.966;C;False; ; ;0; ; ; ; ; ; 
TRACK;1.11.6-6;-16.39750083;-71.51188013;-1941215.227;2841112.085;C;False; ; ;0; ; ; ; ; ; 
TRACK;1.11.6-6;-16.39744851;-71.51210988;-1941206.183;2841086.715;C;False; ; ;0; ; ; ; ; ; 
TRACK;1.11.6-6;-16.39741786;-71.51224963;-1941200.819;2841071.267;C;False; ; ;0; ; ; ; ; ; 
TRACK;1.11.6-6;-16.39750399;-71.51225176;-1941210.911;2841069.9;C;False; ; ;0; ; ; ; ; ; 
TRACK;1.11.6-6;-16.39744719;-71.51225578;-1941204.188;2841070.187;C;False; ; ;0; ; ; ; ; ; 
TRACK;1.11.6-6;-16.39742202;-71.51232949;-1941200.3;2841062.157;C;False; ; ;0; ; ; ; ; ; 
TRACK;1.11.6-6;-16.39718534;-71.51229918;-1941172.878;2841068.687;C;False; ; ;0; ; ; ; ; ; 
TRACK;1.11.11-1; ; ;-1.516416327;20763369.87;C; ; ; ; ; ; ; ; ; ; 
TRACK;1.11.11-1;-16.38664105;-71.51939635;-1939844.682;2840401.555;C;False; ; ;0; ; ; ; ; ; 
TRACK;1.11.11-1;-16.38643407;-71.51882251;-1939827.597;2840469.334;C;False; ; ;0; ; ; ; ; ; 
TRACK;1.11.11-1;-16.38618939;-71.5181263;-1939807.625;2840551.48;C;False; ; ;0; ; ; ; ; ; 
TRACK;1.11.11-1;-16.38603696;-71.51771187;-1939794.94;2840600.47;C;False; ; ;0; ; ; ; ; ; 
TRACK;1.11.11-1;-16.38578402;-71.51782615;-1939763.785;2840590.811;C;False; ; ;0; ; ; ; ; ; 
TRACK;1.11.11-1;-16.38595572;-71.51852812;-1939775.111;2840508.963;C;False; ; ;0; ; ; ; ; ; 
TRACK;1.11.11-1;-16.38607285;-71.51907421;-1939781.991;2840445.504;C;False; ; ;0; ; ; ; ; ; 
TRACK;1.11.11-1;-16.38612592;-71.51929559;-1939785.435;2840419.706;C;False; ; ;0; ; ; ; ; ; 
TRACK;1.11.11-1;-16.38625444;-71.51966349;-1939795.898;2840376.307;C;False; ; ;0; ; ; ; ; ; 
TRACK;1.11.11-2; ; ;-1.516416327;20763369.87;C; ; ; ; ; ; ; ; ; ; 
TRACK;1.11.11-2;-16.38602014;-71.51768028;-1939793.362;2840604.271;C;False; ; ;0; ; ; ; ; ; 
TRACK;1.11.11-2;-16.3860242;-71.51759585;-1939794.904;2840613.793;C;False; ; ;0; ; ; ; ; ; 
TRACK;1.11.11-2;-16.38603899;-71.51755817;-1939797.115;2840617.873;C;False; ; ;0; ; ; ; ; ; 
TRACK;1.11.11-2;-16.38608122;-71.51750509;-1939802.746;2840623.342;C;False; ; ;0; ; ; ; ; ; 
TRACK;1.11.11-2;-16.38626074;-71.5172707;-1939826.789;2840647.579;C;False; ; ;0; ; ; ; ; ; 
TRACK;1.11.11-2;-16.38634949;-71.51716032;-1939838.606;2840658.939;C;False; ; ;0; ; ; ; ; ; 
TRACK;1.11.11-2;-16.38600712;-71.51690816;-1939801.563;2840692.004;C;False; ; ;0; ; ; ; ; ; 
TRACK;1.11.11-2;-16.38575361;-71.5173362;-1939766.387;2840646.771;C;False; ; ;0; ; ; ; ; ; 
TRACK;1.11.11-2;-16.38593073;-71.5177158;-1939782.412;2840601.41;C;False; ; ;0; ; ; ; ; ; 
TRACK;1.11.11-3; ; ;-1.516416327;20763369.87;C; ; ; ; ; ; ; ; ; ; 
TRACK;1.11.11-3;-16.38565312;-71.51744348;-1939753.23;2840635.916;C;False; ; ;0; ; ; ; ; ; 
TRACK;1.11.11-3;-16.38574654;-71.51734938;-1939765.391;2840645.369;C;False; ; ;0; ; ; ; ; ; 
TRACK;1.11.11-3;-16.38571495;-71.51729968;-1939762.306;2840651.418;C;False; ; ;0; ; ; ; ; ; 
TRACK;1.11.11-3;-16.38596467;-71.51688731;-1939796.839;2840694.922;C;False; ; ;0; ; ; ; ; ; 
TRACK;1.11.11-3;-16.38560715;-71.51662054;-1939758.199;2840729.844;C;False; ; ;0; ; ; ; ; ; 
TRACK;1.11.11-3;-16.38516656;-71.51627364;-1939710.812;2840774.935;C;False; ; ;0; ; ; ; ; ; 
TRACK;1.11.11-3;-16.38472103;-71.5159628;-1939662.388;2840816.003;C;False; ; ;0; ; ; ; ; ; 
TRACK;1.11.11-3;-16.38442456;-71.51636331;-1939622.511;2840774.452;C;False; ; ;0; ; ; ; ; ; 
TRACK;1.11.11-3;-16.38456903;-71.51643761;-1939638.547;2840764.141;C;False; ; ;0; ; ; ; ; ; 
TRACK;1.11.11-3;-16.38463198;-71.51636345;-1939646.878;2840771.729;C;False; ; ;0; ; ; ; ; ; 
TRACK;1.11.11-3;-16.38467609;-71.51639331;-1939651.683;2840767.767;C;False; ; ;0; ; ; ; ; ; 
TRACK;1.11.11-3;-16.38469785;-71.51637739;-1939654.44;2840769.289;C;False; ; ;0; ; ; ; ; ; 
TRACK;1.11.11-3;-16.38478197;-71.51642694;-1939663.698;2840762.57;C;False; ; ;0; ; ; ; ; ; 
TRACK;1.11.11-3;-16.38482281;-71.5163991;-1939668.847;2840765.195;C;False; ; ;0; ; ; ; ; ; 
TRACK;1.11.11-3;-16.3849136;-71.5164701;-1939678.618;2840755.958;C;False; ; ;0; ; ; ; ; ; 
TRACK;1.11.11-3;-16.38502696;-71.51652287;-1939691.27;2840748.494;C;False; ; ;0; ; ; ; ; ; 
TRACK;1.11.11-3;-16.38516775;-71.51658909;-1939706.976;2840739.145;C;False; ; ;0; ; ; ; ; ; 
TRACK;1.11.11-3;-16.38508054;-71.51669832;-1939695.354;2840727.897;C;False; ; ;0; ; ; ; ; ; 
TRACK;1.11.11-3;-16.38519464;-71.51681097;-1939707.339;2840713.633;C;False; ; ;0; ; ; ; ; ; 
TRACK;1.11.11-3;-16.38530732;-71.51697363;-1939718.526;2840693.714;C;False; ; ;0; ; ; ; ; ; 
TRACK;1.11.11-3;-16.38541194;-71.51716664;-1939728.385;2840670.46;C;False; ; ;0; ; ; ; ; ; 
TRACK;1.11.11-3;-16.38544966;-71.51731676;-1939730.925;2840652.943;C;False; ; ;0; ; ; ; ; ; 
TRACK;1.11.11-3;-16.3854083;-71.51734519;-1939725.707;2840650.259;C;False; ; ;0; ; ; ; ; ; 
TRACK;1.11.11-3;-16.3855085;-71.51755078;-1939734.888;2840625.636;C;False; ; ;0; ; ; ; ; ; 
TRACK;1.11.12-3; ; ;-1.516416327;20763369.87;C; ; ; ; ; ; ; ; ; ; 
TRACK;1.11.12-3;-16.38713009;-71.51828216;-1939916.173;2840521.526;C;False; ; ;0; ; ; ; ; ; 
TRACK;1.11.12-3;-16.38658739;-71.51898176;-1939843.602;2840449.273;C;False; ; ;0; ; ; ; ; ; 
TRACK;1.11.12-3;-16.38669789;-71.51934311;-1939852.03;2840406.851;C;False; ; ;0; ; ; ; ; ; 
TRACK;1.11.12-3;-16.38675892;-71.51938435;-1939858.679;2840401.378;C;False; ; ;0; ; ; ; ; ; 
TRACK;1.11.12-3;-16.38742436;-71.5185485;-1939947.386;2840487.481;C;False; ; ;0; ; ; ; ; ; 
TRACK;1.11.12-4; ; ;-1.516416327;20763369.87;C; ; ; ; ; ; ; ; ; ; 
TRACK;1.11.12-4;-16.38694182;-71.51845696;-1939891.852;2840504.161;C;False; ; ;0; ; ; ; ; ; 
TRACK;1.11.12-4;-16.38669791;-71.51823655;-1939865.976;2840532.34;C;False; ; ;0; ; ; ; ; ; 
TRACK;1.11.12-4;-16.38677034;-71.51814009;-1939875.7;2840542.334;C;False; ; ;0; ; ; ; ; ; 
TRACK;1.11.12-4;-16.38660734;-71.51798656;-1939858.487;2840561.872;C;False; ; ;0; ; ; ; ; ; 
TRACK;1.11.12-4;-16.38665322;-71.51791479;-1939864.78;2840569.413;C;False; ; ;0; ; ; ; ; ; 
TRACK;1.11.12-4;-16.38654387;-71.51782149;-1939853.11;2840581.42;C;False; ; ;0; ; ; ; ; ; 
TRACK;1.11.12-4;-16.38661891;-71.51772592;-1939863.129;2840591.279;C;False; ; ;0; ; ; ; ; ; 
TRACK;1.11.12-4;-16.38646472;-71.51757668;-1939846.897;2840610.216;C;False; ; ;0; ; ; ; ; ; 
TRACK;1.11.12-4;-16.38651715;-71.51751161;-1939853.876;2840616.912;C;False; ; ;0; ; ; ; ; ; 
TRACK;1.11.12-4;-16.38633663;-71.51735186;-1939834.682;2840637.385;C;False; ; ;0; ; ; ; ; ; 
TRACK;1.11.12-4;-16.38613272;-71.51765667;-1939806.885;2840605.479;C;False; ; ;0; ; ; ; ; ; 
TRACK;1.11.12-4;-16.38657807;-71.51892161;-1939843.265;2840456.215;C;False; ; ;0; ; ; ; ; ; 
TRACK;1.11.12-5; ; ;-1.516416327;20763369.87;C; ; ; ; ; ; ; ; ; ; 
TRACK;1.11.12-5;-16.3870682;-71.51824242;-1939909.402;2840526.841;C;False; ; ;0; ; ; ; ; ; 
TRACK;1.11.12-5;-16.38695694;-71.51814542;-1939897.554;2840539.293;C;False; ; ;0; ; ; ; ; ; 
TRACK;1.11.12-5;-16.38713635;-71.51791458;-1939921.54;2840563.129;C;False; ; ;0; ; ; ; ; ; 
TRACK;1.11.12-5;-16.38677725;-71.51761414;-1939883.14;2840601.888;C;False; ; ;0; ; ; ; ; ; 
TRACK;1.11.12-5;-16.38661936;-71.51783337;-1939861.828;2840579.088;C;False; ; ;0; ; ; ; ; ; 
TRACK;1.11.12-5;-16.38688683;-71.51805919;-1939890.404;2840549.987;C;False; ; ;0; ; ; ; ; ; 
TRACK;1.11.12-5;-16.38675057;-71.51823598;-1939872.169;2840531.717;C;False; ; ;0; ; ; ; ; ; 
TRACK;1.11.12-5;-16.3869526;-71.51839903;-1939893.849;2840510.589;C;False; ; ;0; ; ; ; ; ; 
TRACK;1.11.12-6; ; ;-1.516416327;20763369.87;C; ; ; ; ; ; ; ; ; ; 
TRACK;1.11.12-6;-16.38657631;-71.51737184;-1939862.587;2840631.99;C;False; ; ;0; ; ; ; ; ; 
TRACK;1.11.12-6;-16.38719884;-71.51789793;-1939929.091;2840564.201;C;False; ; ;0; ; ; ; ; ; 
TRACK;1.11.12-6;-16.38744485;-71.51758967;-1939961.877;2840595.948;C;False; ; ;0; ; ; ; ; ; 
TRACK;1.11.12-6;-16.38665857;-71.51693348;-1939877.775;2840680.628;C;False; ; ;0; ; ; ; ; ; 
TRACK;1.11.12-6;-16.38637294;-71.5173133;-1939839.434;2840641.284;C;False; ; ;0; ; ; ; ; ; 
TRACK;1.11.12-6;-16.38652448;-71.51744705;-1939855.551;2840624.137;C;False; ; ;0; ; ; ; ; ; 
TRACK;1.11.12-7; ; ;-1.516416327;20763369.87;C; ; ; ; ; ; ; ; ; ; 
TRACK;1.11.12-7;-16.38794802;-71.51855999;-1940008.76;2840479.341;C;False; ; ;0; ; ; ; ; ; 
TRACK;1.11.12-7;-16.38821341;-71.51824846;-1940043.863;2840511.206;C;False; ; ;0; ; ; ; ; ; 
TRACK;1.11.12-7;-16.38752542;-71.51764452;-1939970.651;2840588.676;C;False; ; ;0; ; ; ; ; ; 
TRACK;1.11.12-7;-16.3872798;-71.51797506;-1939937.63;2840554.398;C;False; ; ;0; ; ; ; ; ; 
TRACK;1.11.12-8; ; ;-1.516416327;20763369.87;C; ; ; ; ; ; ; ; ; ; 
TRACK;1.11.12-8;-16.38836214;-71.51806307;-1940063.672;2840530.287;C;False; ; ;0; ; ; ; ; ; 
TRACK;1.11.12-8;-16.38780771;-71.51779545;-1940001.911;2840567.874;C;False; ; ;0; ; ; ; ; ; 
TRACK;1.11.12-8;-16.38826326;-71.51819548;-1940050.387;2840516.562;C;False; ; ;0; ; ; ; ; ; 
TRACK;1.11.14-10; ; ;-1.516416327;20763369.87;C; ; ; ; ; ; ; ; ; ; 
TRACK;1.11.14-10;-16.38852525;-71.5165345;-1940102.098;2840701.503;C;False; ; ;0; ; ; ; ; ; 
TRACK;1.11.14-10;-16.38927421;-71.51541367;-1940204.213;2840818.831;C;False; ; ;0; ; ; ; ; ; 
TRACK;1.11.14-10;-16.38882981;-71.51503954;-1940156.721;2840867.063;C;False; ; ;0; ; ; ; ; ; 
TRACK;1.11.14-10;-16.38809235;-71.51615972;-1940055.965;2840749.657;C;False; ; ;0; ; ; ; ; ; 
TRACK;1.11.14-18; ; ;-1.516416327;20763369.87;C; ; ; ; ; ; ; ; ; ; 
TRACK;1.11.14-18;-16.38839703;-71.51799659;-1940068.608;2840537.371;C;False; ; ;0; ; ; ; ; ; 
TRACK;1.11.14-18;-16.38899253;-71.51708546;-1940150.05;2840632.922;C;False; ; ;0; ; ; ; ; ; 
TRACK;1.11.14-18;-16.3885291;-71.51674537;-1940099.893;2840677.54;C;False; ; ;0; ; ; ; ; ; 
TRACK;1.11.14-18;-16.38785449;-71.51776333;-1940007.812;2840570.906;C;False; ; ;0; ; ; ; ; ; 
TRACK;1.11.14-19; ; ;-1.516416327;20763369.87;C; ; ; ; ; ; ; ; ; ; 
TRACK;1.11.14-19;-16.38776722;-71.51770922;-1939998.242;2840578.183;C;False; ; ;0; ; ; ; ; ; 
TRACK;1.11.14-19;-16.38845718;-71.51665877;-1940092.535;2840688.3;C;False; ; ;0; ; ; ; ; ; 
TRACK;1.11.14-19;-16.38801464;-71.51629897;-1940045.081;2840734.881;C;False; ; ;0; ; ; ; ; ; 
TRACK;1.11.14-19;-16.38731029;-71.51733465;-1939949.283;2840626.625;C;False; ; ;0; ; ; ; ; ; 
TRACK;1.11.14-20; ; ;-1.516416327;20763369.87;C; ; ; ; ; ; ; ; ; ; 
TRACK;1.11.14-20;-16.38723024;-71.51726464;-1939940.761;2840635.61;C;False; ; ;0; ; ; ; ; ; 
TRACK;1.11.14-20;-16.38793359;-71.51620308;-1940036.768;2840746.813;C;False; ; ;0; ; ; ; ; ; 
TRACK;1.11.14-20;-16.38743515;-71.51579325;-1939983.377;2840799.798;C;False; ; ;0; ; ; ; ; ; 
TRACK;1.11.14-20;-16.38667606;-71.51678094;-1939881.752;2840697.698;C;False; ; ;0; ; ; ; ; ; 
TRACK;1.11.14-21; ; ;-1.516416327;20763369.87;C; ; ; ; ; ; ; ; ; ; 
TRACK;1.11.14-21;-16.38691523;-71.5163205;-1939915.652;2840746.793;C;False; ; ;0; ; ; ; ; ; 
TRACK;1.11.14-21;-16.38736041;-71.51573143;-1939975.376;2840807.785;C;False; ; ;0; ; ; ; ; ; 
TRACK;1.11.14-21;-16.38692838;-71.51536956;-1939929.182;2840854.463;C;False; ; ;0; ; ; ; ; ; 
TRACK;1.11.14-21;-16.38644696;-71.51596706;-1939865.095;2840792.988;C;False; ; ;0; ; ; ; ; ; 
TRACK;1.11.14-22; ; ;-1.516416327;20763369.87;C; ; ; ; ; ; ; ; ; ; 
TRACK;1.11.14-22;-16.38636667;-71.5159129;-1939856.345;2840800.178;C;False; ; ;0; ; ; ; ; ; 
TRACK;1.11.14-22;-16.38684842;-71.51529678;-1939920.706;2840863.761;C;False; ; ;0; ; ; ; ; ; 
TRACK;1.11.14-22;-16.38640351;-71.5149244;-1939873.132;2840911.801;C;False; ; ;0; ; ; ; ; ; 
TRACK;1.11.14-22;-16.38591249;-71.51556463;-1939807.378;2840845.605;C;False; ; ;0; ; ; ; ; ; 
TRACK;1.11.14-23; ; ;-1.516416327;20763369.87;C; ; ; ; ; ; ; ; ; ; 
TRACK;1.11.14-23;-16.38583173;-71.51550377;-1939798.657;2840853.56;C;False; ; ;0; ; ; ; ; ; 
TRACK;1.11.14-23;-16.38634138;-71.51487693;-1939866.43;2840917.995;C;False; ; ;0; ; ; ; ; ; 
TRACK;1.11.14-23;-16.38589622;-71.51448754;-1939819.041;2840967.967;C;False; ; ;0; ; ; ; ; ; 
TRACK;1.11.14-23;-16.38538603;-71.51515931;-1939750.638;2840898.444;C;False; ; ;0; ; ; ; ; ; 
TRACK;1.11.14-24; ; ;-1.516416327;20763369.87;C; ; ; ; ; ; ; ; ; ; 
TRACK;1.11.14-24;-16.3863981;-71.51708231;-1939845.3;2840667.151;C;False; ; ;0; ; ; ; ; ; 
TRACK;1.11.14-24;-16.38657936;-71.51686722;-1939869.305;2840689.176;C;False; ; ;0; ; ; ; ; ; 
TRACK;1.11.14-24;-16.38661595;-71.51669248;-1939875.805;2840708.515;C;False; ; ;0; ; ; ; ; ; 
TRACK;1.11.14-24;-16.38683643;-71.51639251;-1939905.488;2840739.655;C;False; ; ;0; ; ; ; ; ; 
TRACK;1.11.14-24;-16.38532197;-71.51524498;-1939742.032;2840889.564;C;False; ; ;0; ; ; ; ; ; 
TRACK;1.11.14-24;-16.38481125;-71.51589684;-1939673.818;2840822.306;C;False; ; ;0; ; ; ; ; ; 
TRACK;1.11.14-25; ; ;-1.516416327;20763369.87;C; ; ; ; ; ; ; ; ; ; 
TRACK;1.11.14-25;-16.38504799;-71.51541426;-1939707.712;2840873.943;C;False; ; ;0; ; ; ; ; ; 
TRACK;1.11.14-25;-16.38582641;-71.51443158;-1939811.544;2840975.225;C;False; ; ;0; ; ; ; ; ; 
TRACK;1.11.14-25;-16.38540928;-71.51408351;-1939766.927;2841020.144;C;False; ; ;0; ; ; ; ; ; 
TRACK;1.11.14-25;-16.3847071;-71.51511699;-1939671.409;2840912.106;C;False; ; ;0; ; ; ; ; ; 
TRACK;1.11.14-26; ; ;-1.516416327;20763369.87;C; ; ; ; ; ; ; ; ; ; 
TRACK;1.11.14-26;-16.38447582;-71.51615957;-1939631.101;2840796.889;C;False; ; ;0; ; ; ; ; ; 
TRACK;1.11.14-26;-16.38495353;-71.51553704;-1939695.067;2840861.252;C;False; ; ;0; ; ; ; ; ; 
TRACK;1.11.14-26;-16.38461027;-71.51524162;-1939658.463;2840899.237;C;False; ; ;0; ; ; ; ; ; 
TRACK;1.11.14-26;-16.38415021;-71.51595275;-1939595.455;2840824.595;C;False; ; ;0; ; ; ; ; ; 
TRACK;1.11.14-27; ; ;-1.516416327;20763369.87;C; ; ; ; ; ; ; ; ; ; 
TRACK;1.11.14-27;-16.38457088;-71.51518316;-1939654.574;2840906.381;C;False; ; ;0; ; ; ; ; ; 
TRACK;1.11.14-27;-16.38414706;-71.51483118;-1939609.218;2840951.832;C;False; ; ;0; ; ; ; ; ; 
TRACK;1.11.14-27;-16.38363993;-71.51558227;-1939540.176;2840873.271;C;False; ; ;0; ; ; ; ; ; 
TRACK;1.11.14-27;-16.38407438;-71.51592054;-1939586.952;2840829.237;C;False; ; ;0; ; ; ; ; ; 
TRACK;1.11.14-28; ; ;-1.516416327;20763369.87;C; ; ; ; ; ; ; ; ; ; 
TRACK;1.11.14-28;-16.38464577;-71.51506784;-1939664.824;2840918.481;C;False; ; ;0; ; ; ; ; ; 
TRACK;1.11.14-28;-16.38536294;-71.51403299;-1939762.119;2841026.479;C;False; ; ;0; ; ; ; ; ; 
TRACK;1.11.14-28;-16.38493253;-71.5136814;-1939715.986;2841071.972;C;False; ; ;0; ; ; ; ; ; 
TRACK;1.11.14-28;-16.3842358;-71.51470657;-1939621.214;2840964.804;C;False; ; ;0; ; ; ; ; ; 
TRACK;1.11.14-29; ; ;-1.516416327;20763369.87;C; ; ; ; ; ; ; ; ; ; 
TRACK;1.11.14-29;-16.3854237;-71.51388594;-1939771.111;2841042.362;C;False; ; ;0; ; ; ; ; ; 
TRACK;1.11.14-29;-16.38622665;-71.51279951;-1939879.136;2841155.088;C;False; ; ;0; ; ; ; ; ; 
TRACK;1.11.14-29;-16.38578113;-71.51240543;-1939831.763;2841205.598;C;False; ; ;0; ; ; ; ; ; 
TRACK;1.11.14-29;-16.38502249;-71.51353246;-1939728.431;2841087.688;C;False; ; ;0; ; ; ; ; ; 
TRACK;1.11.16-7; ; ;-1.516416327;20763369.87;C; ; ; ; ; ; ; ; ; ; 
TRACK;1.11.16-7;-16.38894857;-71.51372198;-1940187.281;2841014.931;C;False; ; ;0; ; ; ; ; ; 
TRACK;1.11.16-7;-16.38967989;-71.51277194;-1940285.174;2841113.12;C;False; ; ;0; ; ; ; ; ; 
TRACK;1.11.16-7;-16.38924762;-71.51241536;-1940238.885;2841159.204;C;False; ; ;0; ; ; ; ; ; 
TRACK;1.11.16-7;-16.38852091;-71.51335359;-1940141.683;2841062.293;C;False; ; ;0; ; ; ; ; ; 
TRACK;1.11.16-8; ; ;-1.516416327;20763369.87;C; ; ; ; ; ; ; ; ; ; 
TRACK;1.11.16-8;-16.38836908;-71.51445513;-1940109.961;2840939.354;C;False; ; ;0; ; ; ; ; ; 
TRACK;1.11.16-8;-16.38888185;-71.51380762;-1940178.363;2841006.089;C;False; ; ;0; ; ; ; ; ; 
TRACK;1.11.16-8;-16.38843737;-71.51345394;-1940130.604;2841052.004;C;False; ; ;0; ; ; ; ; ; 
TRACK;1.11.16-8;-16.38793569;-71.51408749;-1940063.68;2840986.706;C;False; ; ;0; ; ; ; ; ; 
TRACK;1.11.16-9; ; ;-1.516416327;20763369.87;C; ; ; ; ; ; ; ; ; ; 
TRACK;1.11.16-9;-16.38785114;-71.51401753;-1940054.629;2840995.744;C;False; ; ;0; ; ; ; ; ; 
TRACK;1.11.16-9;-16.3883619;-71.51338364;-1940122.624;2841060.962;C;False; ; ;0; ; ; ; ; ; 
TRACK;1.11.16-9;-16.3879308;-71.51299804;-1940076.839;2841110.321;C;False; ; ;0; ; ; ; ; ; 
TRACK;1.11.16-9;-16.3874151;-71.51364033;-1940008.158;2841044.215;C;False; ; ;0; ; ; ; ; ; 
TRACK;1.11.16-10; ; ;-1.516416327;20763369.87;C; ; ; ; ; ; ; ; ; ; 
TRACK;1.11.16-10;-16.38843157;-71.51327612;-1940132.164;2841072.245;C;False; ; ;0; ; ; ; ; ; 
TRACK;1.11.16-10;-16.38918698;-71.51233838;-1940232.732;2841168.725;C;False; ; ;0; ; ; ; ; ; 
TRACK;1.11.16-10;-16.38874358;-71.51196912;-1940185.297;2841216.393;C;False; ; ;0; ; ; ; ; ; 
TRACK;1.11.16-10;-16.388006;-71.51291549;-1940086.714;2841118.701;C;False; ; ;0; ; ; ; ; ; 
TRACK;1.11.16-11; ; ;-1.516416327;20763369.87;C; ; ; ; ; ; ; ; ; ; 
TRACK;1.11.16-11;-16.3879285;-71.51285107;-1940078.422;2841127.019;C;False; ; ;0; ; ; ; ; ; 
TRACK;1.11.16-11;-16.38867021;-71.51188936;-1940177.683;2841226.397;C;False; ; ;0; ; ; ; ; ; 
TRACK;1.11.16-11;-16.38822029;-71.51152838;-1940129.376;2841273.211;C;False; ; ;0; ; ; ; ; ; 
TRACK;1.11.16-11;-16.38748415;-71.51247005;-1940031.021;2841176.032;C;False; ; ;0; ; ; ; ; ; 
TRACK;1.11.16-12; ; ;-1.516416327;20763369.87;C; ; ; ; ; ; ; ; ; ; 
TRACK;1.11.16-12;-16.38734448;-71.5135911;-1940000.482;2841050.72;C;False; ; ;0; ; ; ; ; ; 
TRACK;1.11.16-12;-16.38786272;-71.51294115;-1940069.558;2841117.662;C;False; ; ;0; ; ; ; ; ; 
TRACK;1.11.16-12;-16.38740601;-71.51258266;-1940020.422;2841164.281;C;False; ; ;0; ; ; ; ; ; 
TRACK;1.11.16-12;-16.38691859;-71.51321525;-1939955.185;2841098.905;C;False; ; ;0; ; ; ; ; ; 
TRACK;1.11.16-14; ; ;-1.516416327;20763369.87;C; ; ; ; ; ; ; ; ; ; 
TRACK;1.11.16-14;-16.38682417;-71.5131523;-1939944.886;2841107.277;C;False; ; ;0; ; ; ; ; ; 
TRACK;1.11.16-14;-16.3873408;-71.51250023;-1940013.8;2841174.481;C;False; ; ;0; ; ; ; ; ; 
TRACK;1.11.16-14;-16.38690193;-71.51212313;-1939966.995;2841222.978;C;False; ; ;0; ; ; ; ; ; 
TRACK;1.11.16-14;-16.38638678;-71.51277567;-1939898.249;2841155.702;C;False; ; ;0; ; ; ; ; ; 
TRACK;1.11.16-15; ; ;-1.516416327;20763369.87;C; ; ; ; ; ; ; ; ; ; 
TRACK;1.11.16-15;-16.38659329;-71.51234547;-1939927.933;2841201.794;C;False; ; ;0; ; ; ; ; ; 
TRACK;1.11.16-15;-16.38682478;-71.5120576;-1939958.757;2841231.417;C;False; ; ;0; ; ; ; ; ; 
TRACK;1.11.16-15;-16.38631622;-71.51162491;-1939904.465;2841287.129;C;False; ; ;0; ; ; ; ; ; 
TRACK;1.11.16-15;-16.38610672;-71.5119341;-1939875.955;2841254.8;C;False; ; ;0; ; ; ; ; ; 
TRACK;1.11.16-16; ; ;-1.516416327;20763369.87;C; ; ; ; ; ; ; ; ; ; 
TRACK;1.11.16-16;-16.3863196;-71.51270713;-1939891.221;2841164.352;C;False; ; ;0; ; ; ; ; ; 
TRACK;1.11.16-16;-16.38655294;-71.51239883;-1939922.52;2841196.269;C;False; ; ;0; ; ; ; ; ; 
TRACK;1.11.16-16;-16.38607933;-71.51199146;-1939872.014;2841248.652;C;False; ; ;0; ; ; ; ; ; 
TRACK;1.11.16-16;-16.38585462;-71.51229391;-1939841.802;2841217.286;C;False; ; ;0; ; ; ; ; ; 
TRACK;1.11.16-17; ; ;-1.516416327;20763369.87;C; ; ; ; ; ; ; ; ; ; 
TRACK;1.11.16-17;-16.38591786;-71.51430057;-1939823.94;2840988.888;C;False; ; ;0; ; ; ; ; ; 
TRACK;1.11.16-17;-16.38674334;-71.5132616;-1939934.013;2841095.937;C;False; ; ;0; ; ; ; ; ; 
TRACK;1.11.16-17;-16.38629389;-71.51288438;-1939885.966;2841144.585;C;False; ; ;0; ; ; ; ; ; 
TRACK;1.11.16-17;-16.3854856;-71.51394869;-1939777.592;2841034.438;C;False; ; ;0; ; ; ; ; ; 
TRACK;1.11.16-18; ; ;-1.516416327;20763369.87;C; ; ; ; ; ; ; ; ; ; 
TRACK;1.11.16-18;-16.38642937;-71.51474711;-1939878.404;2840931.568;C;False; ; ;0; ; ; ; ; ; 
TRACK;1.11.16-18;-16.38726375;-71.51369684;-1939989.665;2841039.783;C;False; ; ;0; ; ; ; ; ; 
TRACK;1.11.16-18;-16.38682346;-71.51332701;-1939942.601;2841087.472;C;False; ; ;0; ; ; ; ; ; 
TRACK;1.11.16-18;-16.38598892;-71.51435645;-1939831.584;2840981.624;C;False; ; ;0; ; ; ; ; ; 
TRACK;1.11.16-19; ; ;-1.516416327;20763369.87;C; ; ; ; ; ; ; ; ; ; 
TRACK;1.11.16-19;-16.38694054;-71.51518349;-1939932.955;2840875.407;C;False; ; ;0; ; ; ; ; ; 
TRACK;1.11.16-19;-16.38760197;-71.51436086;-1940021.03;2840960.062;C;False; ; ;0; ; ; ; ; ; 
TRACK;1.11.16-19;-16.38778749;-71.51412801;-1940045.759;2840984.046;C;False; ; ;0; ; ; ; ; ; 
TRACK;1.11.16-19;-16.38733557;-71.5137603;-1939997.302;2841031.647;C;False; ; ;0; ; ; ; ; ; 
TRACK;1.11.16-19;-16.38651127;-71.51481217;-1939887.206;2840923.121;C;False; ; ;0; ; ; ; ; ; 
TRACK;1.11.16-20; ; ;-1.516416327;20763369.87;C; ; ; ; ; ; ; ; ; ; 
TRACK;1.11.16-20;-16.3874501;-71.51562611;-1939987.24;2840818.557;C;False; ; ;0; ; ; ; ; ; 
TRACK;1.11.16-20;-16.38828976;-71.5145589;-1940099.334;2840928.622;C;False; ; ;0; ; ; ; ; ; 
TRACK;1.11.16-20;-16.38784053;-71.51419957;-1940051.088;2840975.238;C;False; ; ;0; ; ; ; ; ; 
TRACK;1.11.16-20;-16.38700889;-71.51525141;-1939940.13;2840866.811;C;False; ; ;0; ; ; ; ; ; 
TRACK;1.11.16-21; ; ;-1.516416327;20763369.87;C; ; ; ; ; ; ; ; ; ; 
TRACK;1.11.16-21;-16.38799947;-71.51609926;-1940045.817;2840757.727;C;False; ; ;0; ; ; ; ; ; 
TRACK;1.11.16-21;-16.38876806;-71.51495988;-1940150.471;2840876.903;C;False; ; ;0; ; ; ; ; ; 
TRACK;1.11.16-21;-16.38836806;-71.51463219;-1940107.609;2840919.288;C;False; ; ;0; ; ; ; ; ; 
TRACK;1.11.16-21;-16.38751681;-71.51569356;-1939994.227;2840810.037;C;False; ; ;0; ; ; ; ; ; 
TRACK;1.11.17-1; ; ;-1.516416327;20763369.87;C; ; ; ; ; ; ; ; ; ; 
TRACK;1.11.17-1;-16.38622449;-71.51155283;-1939894.597;2841296.502;C;False; ; ;0; ; ; ; ; ; 
TRACK;1.11.17-1;-16.38590828;-71.51129987;-1939860.637;2841329.318;C;False; ; ;0; ; ; ; ; ; 
TRACK;1.11.17-1;-16.38588385;-71.51134895;-1939857.148;2841324.071;C;False; ; ;0; ; ; ; ; ; 
TRACK;1.11.17-1;-16.38580709;-71.51145282;-1939846.821;2841313.294;C;False; ; ;0; ; ; ; ; ; 
TRACK;1.11.17-1;-16.38576003;-71.51152026;-1939840.442;2841306.261;C;False; ; ;0; ; ; ; ; ; 
TRACK;1.11.17-1;-16.38571648;-71.51156034;-1939834.82;2841302.283;C;False; ; ;0; ; ; ; ; ; 
TRACK;1.11.17-1;-16.38566424;-71.51160588;-1939828.109;2841297.802;C;False; ; ;0; ; ; ; ; ; 
TRACK;1.11.17-1;-16.3856084;-71.51162953;-1939821.251;2841295.849;C;False; ; ;0; ; ; ; ; ; 
TRACK;1.11.17-1;-16.38551924;-71.51167139;-1939810.249;2841292.265;C;False; ; ;0; ; ; ; ; ; 
TRACK;1.11.17-1;-16.38537326;-71.51187764;-1939790.498;2841270.78;C;False; ; ;0; ; ; ; ; ; 
TRACK;1.11.17-1;-16.38577121;-71.51222325;-1939832.894;2841226.388;C;False; ; ;0; ; ; ; ; ; 
TRACK;1.11.17-2; ; ;-1.516416327;20763369.87;C; ; ; ; ; ; ; ; ; ; 
TRACK;1.11.17-2;-16.38522105;-71.51101602;-1939783.477;2841370.485;C;False; ; ;0; ; ; ; ; ; 
TRACK;1.11.17-2;-16.38529292;-71.51103422;-1939791.691;2841367.482;C;False; ; ;0; ; ; ; ; ; 
TRACK;1.11.17-2;-16.38529816;-71.51103422;-1939792.307;2841367.413;C;False; ; ;0; ; ; ; ; ; 
TRACK;1.11.17-2;-16.38536251;-71.51104328;-1939799.753;2841365.545;C;False; ; ;0; ; ; ; ; ; 
TRACK;1.11.17-2;-16.38541953;-71.51103794;-1939806.52;2841365.407;C;False; ; ;0; ; ; ; ; ; 
TRACK;1.11.17-2;-16.38546245;-71.51102188;-1939811.763;2841366.668;C;False; ; ;0; ; ; ; ; ; 
TRACK;1.11.17-2;-16.38550005;-71.51099874;-1939816.473;2841368.801;C;False; ; ;0; ; ; ; ; ; 
TRACK;1.11.17-2;-16.38553412;-71.51096323;-1939820.923;2841372.384;C;False; ; ;0; ; ; ; ; ; 
TRACK;1.11.17-2;-16.38544379;-71.51089136;-1939811.217;2841381.714;C;False; ; ;0; ; ; ; ; ; 
TRACK;1.11.17-2;-16.38540778;-71.51086423;-1939807.328;2841385.261;C;False; ; ;0; ; ; ; ; ; 
TRACK;1.11.17-2;-16.38534559;-71.51085458;-1939800.144;2841387.167;C;False; ; ;0; ; ; ; ; ; 
TRACK;1.11.17-2;-16.38528818;-71.51085572;-1939793.384;2841387.787;C;False; ; ;0; ; ; ; ; ; 
TRACK;1.11.17-2;-16.38523038;-71.51085507;-1939786.603;2841388.616;C;False; ; ;0; ; ; ; ; ; 
TRACK;1.11.17-2;-16.38518456;-71.51085998;-1939781.157;2841388.657;C;False; ; ;0; ; ; ; ; ; 
TRACK;1.11.17-2;-16.38515092;-71.51086324;-1939777.164;2841388.727;C;False; ; ;0; ; ; ; ; ; 
TRACK;1.11.17-2;-16.38511887;-71.51088107;-1939773.174;2841387.123;C;False; ; ;0; ; ; ; ; ; 
TRACK;1.11.17-2;-16.38509736;-71.51090818;-1939770.305;2841384.33;C;False; ; ;0; ; ; ; ; ; 
TRACK;1.11.17-2;-16.38510612;-71.51094468;-1939770.874;2841380.076;C;False; ; ;0; ; ; ; ; ; 
TRACK;1.11.17-3; ; ;-1.516416327;20763369.87;C; ; ; ; ; ; ; ; ; ; 
TRACK;1.11.17-3;-16.38543769;-71.51171961;-1939800.06;2841287.861;C;False; ; ;0; ; ; ; ; ; 
TRACK;1.11.17-3;-16.38546474;-71.51165709;-1939804.026;2841294.599;C;False; ; ;0; ; ; ; ; ; 
TRACK;1.11.17-3;-16.38549415;-71.51160759;-1939808.105;2841299.828;C;False; ; ;0; ; ; ; ; ; 
TRACK;1.11.17-3;-16.38553811;-71.51158891;-1939813.504;2841301.373;C;False; ; ;0; ; ; ; ; ; 
TRACK;1.11.17-3;-16.38556975;-71.51157817;-1939817.357;2841302.178;C;False; ; ;0; ; ; ; ; ; 
TRACK;1.11.17-3;-16.38562312;-71.51154417;-1939824.056;2841305.337;C;False; ; ;0; ; ; ; ; ; 
TRACK;1.11.17-3;-16.38572449;-71.51148189;-1939836.751;2841311.076;C;False; ; ;0; ; ; ; ; ; 
TRACK;1.11.17-3;-16.38577971;-71.51142798;-1939843.917;2841316.469;C;False; ; ;0; ; ; ; ; ; 
TRACK;1.11.17-3;-16.38587259;-71.51125742;-1939856.979;2841334.6;C;False; ; ;0; ; ; ; ; ; 
TRACK;1.11.17-3;-16.38580095;-71.51119908;-1939849.298;2841342.151;C;False; ; ;0; ; ; ; ; ; 
TRACK;1.11.17-3;-16.38577218;-71.51115079;-1939846.526;2841348.004;C;False; ; ;0; ; ; ; ; ; 
TRACK;1.11.17-3;-16.38564467;-71.51104593;-1939832.868;2841361.56;C;False; ; ;0; ; ; ; ; ; 
TRACK;1.11.17-3;-16.38559146;-71.51101243;-1939827.039;2841366.055;C;False; ; ;0; ; ; ; ; ; 
TRACK;1.11.17-3;-16.38552592;-71.51112966;-1939817.861;2841353.615;C;False; ; ;0; ; ; ; ; ; 
TRACK;1.11.17-3;-16.38547469;-71.51115771;-1939811.49;2841351.103;C;False; ; ;0; ; ; ; ; ; 
TRACK;1.11.17-3;-16.38542328;-71.51116788;-1939805.321;2841350.621;C;False; ; ;0; ; ; ; ; ; 
TRACK;1.11.17-3;-16.38534699;-71.51115223;-1939796.556;2841353.392;C;False; ; ;0; ; ; ; ; ; 
TRACK;1.11.17-3;-16.38524792;-71.51110794;-1939785.475;2841359.709;C;False; ; ;0; ; ; ; ; ; 
TRACK;1.11.17-3;-16.38513563;-71.51103467;-1939773.207;2841369.484;C;False; ; ;0; ; ; ; ; ; 
TRACK;1.11.17-3;-16.38505784;-71.51095077;-1939765.126;2841380.015;C;False; ; ;0; ; ; ; ; ; 
TRACK;1.11.17-3;-16.38502263;-71.51089568;-1939761.684;2841386.723;C;False; ; ;0; ; ; ; ; ; 
TRACK;1.11.17-3;-16.38498737;-71.51083266;-1939758.336;2841394.331;C;False; ; ;0; ; ; ; ; ; 
TRACK;1.11.17-3;-16.38492663;-71.51075861;-1939752.133;2841403.522;C;False; ; ;0; ; ; ; ; ; 
TRACK;1.11.17-3;-16.38485334;-71.51068176;-1939744.491;2841413.194;C;False; ; ;0; ; ; ; ; ; 
TRACK;1.11.17-3;-16.3847869;-71.51061165;-1939737.57;2841422.013;C;False; ; ;0; ; ; ; ; ; 
TRACK;1.11.17-3;-16.38472415;-71.51050864;-1939731.496;2841434.516;C;False; ; ;0; ; ; ; ; ; 
TRACK;1.11.17-3;-16.3846486;-71.51045326;-1939723.319;2841441.783;C;False; ; ;0; ; ; ; ; ; 
TRACK;1.11.17-3;-16.38464603;-71.51045056;-1939723.05;2841442.122;C;False; ; ;0; ; ; ; ; ; 
TRACK;1.11.17-3;-16.38443127;-71.51074864;-1939694.063;2841411.121;C;False; ; ;0; ; ; ; ; ; 
TRACK;1.11.17-3;-16.38427099;-71.51098704;-1939672.227;2841386.177;C;False; ; ;0; ; ; ; ; ; 
TRACK;1.11.17-3;-16.38534128;-71.51184106;-1939787.202;2841275.346;C;False; ; ;0; ; ; ; ; ; 
TRACK;1.11.17-4; ; ;-1.516416327;20763369.87;C; ; ; ; ; ; ; ; ; ; 
TRACK;1.11.17-4;-16.38423201;-71.51094193;-1939668.216;2841391.802;C;False; ; ;0; ; ; ; ; ; 
TRACK;1.11.17-4;-16.38453318;-71.51051183;-1939709.02;2841436.647;C;False; ; ;0; ; ; ; ; ; 
TRACK;1.11.17-4;-16.38452329;-71.51040346;-1939709.225;2841449.067;C;False; ; ;0; ; ; ; ; ; 
TRACK;1.11.17-4;-16.38437562;-71.51034029;-1939692.671;2841458.16;C;False; ; ;0; ; ; ; ; ; 
TRACK;1.11.17-4;-16.38411919;-71.51033338;-1939662.633;2841462.291;C;False; ; ;0; ; ; ; ; ; 
TRACK;1.11.17-4;-16.38401444;-71.51033515;-1939650.304;2841463.458;C;False; ; ;0; ; ; ; ; ; 
TRACK;1.11.17-4;-16.38394096;-71.510322;-1939641.836;2841465.909;C;False; ; ;0; ; ; ; ; ; 
TRACK;1.11.17-4;-16.38383;-71.51027795;-1939629.356;2841472.354;C;False; ; ;0; ; ; ; ; ; 
TRACK;1.11.17-4;-16.38372071;-71.5105304;-1939613.334;2841445.15;C;False; ; ;0; ; ; ; ; ; 
TRACK;1.11.18-1; ; ;-1.516416327;20763369.87;C; ; ; ; ; ; ; ; ; ; 
TRACK;1.11.18-1;-16.38355676;-71.51552012;-1939531.188;2840881.405;C;False; ; ;0; ; ; ; ; ; 
TRACK;1.11.18-1;-16.38406094;-71.51475508;-1939600.06;2840961.585;C;False; ; ;0; ; ; ; ; ; 
TRACK;1.11.18-1;-16.3836339;-71.51436598;-1939554.794;2841011.288;C;False; ; ;0; ; ; ; ; ; 
TRACK;1.11.18-1;-16.3831126;-71.51513659;-1939483.841;2840930.698;C;False; ; ;0; ; ; ; ; ; 
TRACK;1.11.18-2; ; ;-1.516416327;20763369.87;C; ; ; ; ; ; ; ; ; ; 
TRACK;1.11.18-2;-16.38331936;-71.5146252;-1939514.575;2840985.996;C;False; ; ;0; ; ; ; ; ; 
TRACK;1.11.18-2;-16.38354692;-71.51430606;-1939545.331;2841019.219;C;False; ; ;0; ; ; ; ; ; 
TRACK;1.11.18-2;-16.38311343;-71.51392309;-1939499.231;2841068.31;C;False; ; ;0; ; ; ; ; ; 
TRACK;1.11.18-2;-16.38260704;-71.51465111;-1939430.565;2840992.356;C;False; ; ;0; ; ; ; ; ; 
TRACK;1.11.18-2;-16.38303864;-71.51504546;-1939476.301;2840941.999;C;False; ; ;0; ; ; ; ; ; 
TRACK;1.11.18-3; ; ;-1.516416327;20763369.87;C; ; ; ; ; ; ; ; ; ; 
TRACK;1.11.18-3;-16.38301419;-71.51385238;-1939488.463;2841077.625;C;False; ; ;0; ; ; ; ; ; 
TRACK;1.11.18-3;-16.38257806;-71.51346205;-1939442.144;2841127.586;C;False; ; ;0; ; ; ; ; ; 
TRACK;1.11.18-3;-16.38215902;-71.51407228;-1939385.225;2841063.85;C;False; ; ;0; ; ; ; ; ; 
TRACK;1.11.18-3;-16.38256501;-71.51451981;-1939427.282;2841007.795;C;False; ; ;0; ; ; ; ; ; 
TRACK;1.11.18-4; ; ;-1.516416327;20763369.87;C; ; ; ; ; ; ; ; ; ; 
TRACK;1.11.18-4;-16.38249768;-71.51341907;-1939433.243;2841133.51;C;False; ; ;0; ; ; ; ; ; 
TRACK;1.11.18-4;-16.38204773;-71.51303335;-1939385.243;2841183.128;C;False; ; ;0; ; ; ; ; ; 
TRACK;1.11.18-4;-16.38165992;-71.51354371;-1939333.25;2841130.31;C;False; ; ;0; ; ; ; ; ; 
TRACK;1.11.18-4;-16.38211468;-71.51397414;-1939381.252;2841075.559;C;False; ; ;0; ; ; ; ; ; 
TRACK;1.11.18-5; ; ;-1.516416327;20763369.87;C; ; ; ; ; ; ; ; ; ; 
TRACK;1.11.18-5;-16.38195399;-71.51297094;-1939375.016;2841191.43;C;False; ; ;0; ; ; ; ; ; 
TRACK;1.11.18-5;-16.38151077;-71.51258333;-1939327.831;2841241.176;C;False; ; ;0; ; ; ; ; ; 
TRACK;1.11.18-5;-16.380954;-71.51337425;-1939252.454;2841158.743;C;False; ; ;0; ; ; ; ; ; 
TRACK;1.11.18-5;-16.38101922;-71.5134136;-1939259.62;2841153.43;C;False; ; ;0; ; ; ; ; ; 
TRACK;1.11.18-5;-16.38116431;-71.51341342;-1939276.668;2841151.556;C;False; ; ;0; ; ; ; ; ; 
TRACK;1.11.18-5;-16.38133138;-71.51345303;-1939295.797;2841144.883;C;False; ; ;0; ; ; ; ; ; 
TRACK;1.11.18-5;-16.38157686;-71.51348206;-1939324.269;2841138.386;C;False; ; ;0; ; ; ; ; ; 
TRACK;1.11.18-6; ; ;-1.516416327;20763369.87;C; ; ; ; ; ; ; ; ; ; 
TRACK;1.11.18-6;-16.38142464;-71.51251436;-1939318.581;2841250.123;C;False; ; ;0; ; ; ; ; ; 
TRACK;1.11.18-6;-16.38100074;-71.51215086;-1939273.362;2841296.881;C;False; ; ;0; ; ; ; ; ; 
TRACK;1.11.18-6;-16.38038478;-71.51310965;-1939188.914;2841196.183;C;False; ; ;0; ; ; ; ; ; 
TRACK;1.11.18-6;-16.38083505;-71.51337927;-1939238.416;2841159.728;C;False; ; ;0; ; ; ; ; ; 
TRACK;1.11.18-7; ; ;-1.516416327;20763369.87;C; ; ; ; ; ; ; ; ; ; 
TRACK;1.11.18-7;-16.38152392;-71.51239658;-1939331.729;2841262.184;C;False; ; ;0; ; ; ; ; ; 
TRACK;1.11.18-7;-16.38222939;-71.51135067;-1939427.79;2841371.593;C;False; ; ;0; ; ; ; ; ; 
TRACK;1.11.18-7;-16.38179727;-71.51098829;-1939381.591;2841418.333;C;False; ; ;0; ; ; ; ; ; 
TRACK;1.11.18-7;-16.38107074;-71.51201593;-1939283.286;2841311.271;C;False; ; ;0; ; ; ; ; ; 
TRACK;1.11.18-8; ; ;-1.516416327;20763369.87;C; ; ; ; ; ; ; ; ; ; 
TRACK;1.11.18-8;-16.38203994;-71.51282635;-1939386.937;2841206.707;C;False; ; ;0; ; ; ; ; ; 
TRACK;1.11.18-8;-16.3827602;-71.51180415;-1939484.437;2841313.233;C;False; ; ;0; ; ; ; ; ; 
TRACK;1.11.18-8;-16.38230894;-71.51143109;-1939436.123;2841361.434;C;False; ; ;0; ; ; ; ; ; 
TRACK;1.11.18-8;-16.38160572;-71.51245636;-1939340.586;2841254.336;C;False; ; ;0; ; ; ; ; ; 
TRACK;1.11.18-9; ; ;-1.516416327;20763369.87;C; ; ; ; ; ; ; ; ; ; 
TRACK;1.11.18-9;-16.38257719;-71.51327808;-1939444.361;2841148.462;C;False; ; ;0; ; ; ; ; ; 
TRACK;1.11.18-9;-16.38328166;-71.51225222;-1939540.052;2841255.609;C;False; ; ;0; ; ; ; ; ; 
TRACK;1.11.18-9;-16.38282633;-71.511875;-1939491.313;2841304.335;C;False; ; ;0; ; ; ; ; ; 
TRACK;1.11.18-9;-16.38212895;-71.5128847;-1939396.658;2841198.927;C;False; ; ;0; ; ; ; ; ; 
TRACK;1.11.18-10; ; ;-1.516416327;20763369.87;C; ; ; ; ; ; ; ; ; ; 
TRACK;1.11.18-10;-16.38310883;-71.5137219;-1939501.226;2841091.187;C;False; ; ;0; ; ; ; ; ; 
TRACK;1.11.18-10;-16.38380773;-71.51268938;-1939596.346;2841199.162;C;False; ; ;0; ; ; ; ; ; 
TRACK;1.11.18-10;-16.38336433;-71.51232725;-1939548.819;2841246.02;C;False; ; ;0; ; ; ; ; ; 
TRACK;1.11.18-10;-16.38265392;-71.51334436;-1939452.54;2841139.943;C;False; ; ;0; ; ; ; ; ; 
TRACK;1.11.18-11; ; ;-1.516416327;20763369.87;C; ; ; ; ; ; ; ; ; ; 
TRACK;1.11.18-11;-16.38363746;-71.51417426;-1939557.628;2841032.984;C;False; ; ;0; ; ; ; ; ; 
TRACK;1.11.18-11;-16.38432604;-71.51314763;-1939651.462;2841140.424;C;False; ; ;0; ; ; ; ; ; 
TRACK;1.11.18-11;-16.38388612;-71.512778;-1939604.438;2841188.087;C;False; ; ;0; ; ; ; ; ; 
TRACK;1.11.18-11;-16.38319198;-71.51378972;-1939510.14;2841082.411;C;False; ; ;0; ; ; ; ; ; 
TRACK;1.11.18-12; ; ;-1.516416327;20763369.87;C; ; ; ; ; ; ; ; ; ; 
TRACK;1.11.18-12;-16.3841448;-71.51463083;-1939611.477;2840974.582;C;False; ; ;0; ; ; ; ; ; 
TRACK;1.11.18-12;-16.38454964;-71.51403126;-1939666.594;2841037.294;C;False; ; ;0; ; ; ; ; ; 
TRACK;1.11.18-12;-16.38485128;-71.51359041;-1939707.587;2841083.351;C;False; ; ;0; ; ; ; ; ; 
TRACK;1.11.18-12;-16.38440919;-71.5132266;-1939660.236;2841130.383;C;False; ; ;0; ; ; ; ; ; 
TRACK;1.11.18-12;-16.38370513;-71.5142435;-1939564.706;2841024.248;C;False; ; ;0; ; ; ; ; ; 
TRACK;1.11.18-13; ; ;-1.516416327;20763369.87;C; ; ; ; ; ; ; ; ; ; 
TRACK;1.11.18-13;-16.3849285;-71.51346436;-1939718.248;2841096.638;C;False; ; ;0; ; ; ; ; ; 
TRACK;1.11.18-13;-16.38542949;-71.51272966;-1939786.365;2841173.419;C;False; ; ;0; ; ; ; ; ; 
TRACK;1.11.18-13;-16.38569274;-71.51233747;-1939822.236;2841214.46;C;False; ; ;0; ; ; ; ; ; 
TRACK;1.11.18-13;-16.385251;-71.51196829;-1939774.993;2841262.096;C;False; ; ;0; ; ; ; ; ; 
TRACK;1.11.18-13;-16.38447263;-71.51308509;-1939669.472;2841145.603;C;False; ; ;0; ; ; ; ; ; 
TRACK;1.11.18-14; ; ;-1.516416327;20763369.87;C; ; ; ; ; ; ; ; ; ; 
TRACK;1.11.18-14;-16.38440853;-71.51302199;-1939662.737;2841153.597;C;False; ; ;0; ; ; ; ; ; 
TRACK;1.11.18-14;-16.38485412;-71.51236857;-1939723.322;2841221.882;C;False; ; ;0; ; ; ; ; ; 
TRACK;1.11.18-14;-16.38516767;-71.51190671;-1939765.979;2841270.168;C;False; ; ;0; ; ; ; ; ; 
TRACK;1.11.18-14;-16.38473159;-71.51153115;-1939719.481;2841318.454;C;False; ; ;0; ; ; ; ; ; 
TRACK;1.11.18-14;-16.38396901;-71.51265381;-1939615.742;2841201.09;C;False; ; ;0; ; ; ; ; ; 
TRACK;1.11.18-15; ; ;-1.516416327;20763369.87;C; ; ; ; ; ; ; ; ; ; 
TRACK;1.11.18-15;-16.38464682;-71.51145064;-1939710.537;2841328.692;C;False; ; ;0; ; ; ; ; ; 
TRACK;1.11.18-15;-16.38420353;-71.51108585;-1939663.056;2841375.852;C;False; ; ;0; ; ; ; ; ; 
TRACK;1.11.18-15;-16.38392343;-71.5114876;-1939625.086;2841333.945;C;False; ; ;0; ; ; ; ; ; 
TRACK;1.11.18-15;-16.3834437;-71.51220171;-1939559.725;2841259.221;C;False; ; ;0; ; ; ; ; ; 
TRACK;1.11.18-15;-16.38388001;-71.51257277;-1939606.307;2841211.443;C;False; ; ;0; ; ; ; ; ; 
TRACK;1.11.18-16; ; ;-1.516416327;20763369.87;C; ; ; ; ; ; ; ; ; ; 
TRACK;1.11.18-16;-16.38336258;-71.51213426;-1939551.045;2841267.93;C;False; ; ;0; ; ; ; ; ; 
TRACK;1.11.18-16;-16.38369878;-71.51163233;-1939596.869;2841320.465;C;False; ; ;0; ; ; ; ; ; 
TRACK;1.11.18-16;-16.38411844;-71.5110155;-1939653.946;2841384.941;C;False; ; ;0; ; ; ; ; ; 
TRACK;1.11.18-16;-16.38368572;-71.51063386;-1939607.919;2841433.873;C;False; ; ;0; ; ; ; ; ; 
TRACK;1.11.18-16;-16.3829202;-71.51174941;-1939503.923;2841317.352;C;False; ; ;0; ; ; ; ; ; 
TRACK;1.11.18-17; ; ;-1.516416327;20763369.87;C; ; ; ; ; ; ; ; ; ; 
TRACK;1.11.18-17;-16.38283276;-71.51168361;-1939494.48;2841325.957;C;False; ; ;0; ; ; ; ; ; 
TRACK;1.11.18-17;-16.38332146;-71.51096293;-1939560.978;2841401.309;C;False; ; ;0; ; ; ; ; ; 
TRACK;1.11.18-17;-16.38359716;-71.51057249;-1939598.289;2841441.99;C;False; ; ;0; ; ; ; ; ; 
TRACK;1.11.18-17;-16.38315123;-71.51017648;-1939550.891;2841492.725;C;False; ; ;0; ; ; ; ; ; 
TRACK;1.11.18-17;-16.38238881;-71.51128957;-1939447.29;2841376.441;C;False; ; ;0; ; ; ; ; ; 
TRACK;1.11.18-18; ; ;-1.516416327;20763369.87;C; ; ; ; ; ; ; ; ; ; 
TRACK;1.11.18-18;-16.38230992;-71.51123426;-1939438.719;2841383.744;C;False; ; ;0; ; ; ; ; ; 
TRACK;1.11.18-18;-16.38284956;-71.51043318;-1939512.214;2841467.551;C;False; ; ;0; ; ; ; ; ; 
TRACK;1.11.18-18;-16.38306513;-71.51012136;-1939541.471;2841500.1;C;False; ; ;0; ; ; ; ; ; 
TRACK;1.11.18-18;-16.38261188;-71.50974217;-1939493;2841549.024;C;False; ; ;0; ; ; ; ; ; 
TRACK;1.11.18-18;-16.38187226;-71.51086619;-1939391.94;2841431.202;C;False; ; ;0; ; ; ; ; ; 
TRACK;1.11.18-19; ; ;-1.516416327;20763369.87;C; ; ; ; ; ; ; ; ; ; 
TRACK;1.11.18-19;-16.38177754;-71.5107903;-1939381.769;2841441.046;C;False; ; ;0; ; ; ; ; ; 
TRACK;1.11.18-19;-16.38226942;-71.51009001;-1939448.382;2841514.046;C;False; ; ;0; ; ; ; ; ; 
TRACK;1.11.18-19;-16.38253507;-71.50966428;-1939484.959;2841558.86;C;False; ; ;0; ; ; ; ; ; 
TRACK;1.11.18-19;-16.38209086;-71.50931036;-1939437.232;2841604.799;C;False; ; ;0; ; ; ; ; ; 
TRACK;1.11.18-19;-16.38133562;-71.51042347;-1939334.474;2841488.418;C;False; ; ;0; ; ; ; ; ; 
TRACK;1.11.18-20; ; ;-1.516416327;20763369.87;C; ; ; ; ; ; ; ; ; ; 
TRACK;1.11.18-20;-16.38099071;-71.51194264;-1939274.807;2841320.628;C;False; ; ;0; ; ; ; ; ; 
TRACK;1.11.18-20;-16.38171512;-71.51091648;-1939372.845;2841427.55;C;False; ; ;0; ; ; ; ; ; 
TRACK;1.11.18-20;-16.38127244;-71.51055352;-1939325.412;2841474.494;C;False; ; ;0; ; ; ; ; ; 
TRACK;1.11.18-20;-16.38051099;-71.51154804;-1939223.421;2841371.642;C;False; ; ;0; ; ; ; ; ; 
TRACK;1.11.18-21; ; ;-1.516416327;20763369.87;C; ; ; ; ; ; ; ; ; ; 
TRACK;1.11.18-21;-16.38041918;-71.51148191;-1939213.468;2841380.341;C;False; ; ;0; ; ; ; ; ; 
TRACK;1.11.18-21;-16.38090122;-71.51086469;-1939277.878;2841444.049;C;False; ; ;0; ; ; ; ; ; 
TRACK;1.11.18-21;-16.38118515;-71.51047972;-1939316.088;2841484.003;C;False; ; ;0; ; ; ; ; ; 
TRACK;1.11.18-21;-16.38071487;-71.51008664;-1939265.791;2841534.724;C;False; ; ;0; ; ; ; ; ; 
TRACK;1.11.18-21;-16.379945;-71.51105935;-1939163.085;2841434.455;C;False; ; ;0; ; ; ; ; ; 
TRACK;1.11.18-22; ; ;-1.516416327;20763369.87;C; ; ; ; ; ; ; ; ; ; 
TRACK;1.11.18-22;-16.38125546;-71.51035054;-1939325.975;2841497.736;C;False; ; ;0; ; ; ; ; ; 
TRACK;1.11.18-22;-16.38167217;-71.50974748;-1939382.532;2841560.691;C;False; ; ;0; ; ; ; ; ; 
TRACK;1.11.18-22;-16.38201668;-71.50923928;-1939429.413;2841613.83;C;False; ; ;0; ; ; ; ; ; 
TRACK;1.11.18-22;-16.38192528;-71.50918228;-1939419.393;2841621.488;C;False; ; ;0; ; ; ; ; ; 
TRACK;1.11.18-22;-16.38153656;-71.50893948;-1939376.785;2841654.1;C;False; ; ;0; ; ; ; ; ; 
TRACK;1.11.18-22;-16.38080974;-71.50996848;-1939278.425;2841546.886;C;False; ; ;0; ; ; ; ; ; 
TRACK;1.11.18-23; ; ;-1.516416327;20763369.87;C; ; ; ; ; ; ; ; ; ; 
TRACK;1.11.18-23;-16.38072028;-71.50989439;-1939268.849;2841556.458;C;False; ; ;0; ; ; ; ; ; 
TRACK;1.11.18-23;-16.38111432;-71.50935906;-1939321.89;2841612.027;C;False; ; ;0; ; ; ; ; ; 
TRACK;1.11.18-23;-16.38138202;-71.50898013;-1939358.116;2841651.507;C;False; ; ;0; ; ; ; ; ; 
TRACK;1.11.18-23;-16.3809234;-71.50861427;-1939308.847;2841698.989;C;False; ; ;0; ; ; ; ; ; 
TRACK;1.11.18-23;-16.38027772;-71.50953193;-1939221.423;2841603.343;C;False; ; ;0; ; ; ; ; ; 
TRACK;1.11.18-24; ; ;-1.516416327;20763369.87;C; ; ; ; ; ; ; ; ; ; 
TRACK;1.11.18-24;-16.37987144;-71.51097996;-1939155.443;2841444.419;C;False; ; ;0; ; ; ; ; ; 
TRACK;1.11.18-24;-16.38033417;-71.51039878;-1939217.131;2841504.292;C;False; ; ;0; ; ; ; ; ; 
TRACK;1.11.18-24;-16.38062738;-71.51002083;-1939256.341;2841543.329;C;False; ; ;0; ; ; ; ; ; 
TRACK;1.11.18-24;-16.38018458;-71.50963753;-1939209.15;2841592.583;C;False; ; ;0; ; ; ; ; ; 
TRACK;1.11.18-24;-16.37944166;-71.51057915;-1939110.002;2841495.487;C;False; ; ;0; ; ; ; ; ; 
TRACK;1.11.18-25; ; ;-1.516416327;20763369.87;C; ; ; ; ; ; ; ; ; ; 
TRACK;1.11.18-25;-16.37908819;-71.51197283;-1939050.913;2841342.038;C;False; ; ;0; ; ; ; ; ; 
TRACK;1.11.18-25;-16.37946372;-71.51151024;-1939100.861;2841389.601;C;False; ; ;0; ; ; ; ; ; 
TRACK;1.11.18-25;-16.37978984;-71.51112311;-1939144.053;2841429.249;C;False; ; ;0; ; ; ; ; ; 
TRACK;1.11.18-25;-16.37935368;-71.51069028;-1939098.266;2841484.032;C;False; ; ;0; ; ; ; ; ; 
TRACK;1.11.18-25;-16.37864773;-71.51158541;-1939004.048;2841391.726;C;False; ; ;0; ; ; ; ; ; 
TRACK;1.11.18-26; ; ;-1.516416327;20763369.87;C; ; ; ; ; ; ; ; ; ; 
TRACK;1.11.18-26;-16.37856978;-71.51151599;-1938995.766;2841400.617;C;False; ; ;0; ; ; ; ; ; 
TRACK;1.11.18-26;-16.3792964;-71.51062815;-1939092.319;2841491.826;C;False; ; ;0; ; ; ; ; ; 
TRACK;1.11.18-26;-16.37884855;-71.51021846;-1939044.867;2841544.138;C;False; ; ;0; ; ; ; ; ; 
TRACK;1.11.18-26;-16.37815085;-71.51113501;-1938951.348;2841449.294;C;False; ; ;0; ; ; ; ; ; 
TRACK;1.11.18-27; ; ;-1.516416327;20763369.87;C; ; ; ; ; ; ; ; ; ; 
TRACK;1.11.18-27;-16.37808059;-71.51107927;-1938943.797;2841456.533;C;False; ; ;0; ; ; ; ; ; 
TRACK;1.11.18-27;-16.37879911;-71.51015982;-1939039.797;2841551.434;C;False; ; ;0; ; ; ; ; ; 
TRACK;1.11.18-27;-16.37850018;-71.50989281;-1939008.042;2841585.619;C;False; ; ;0; ; ; ; ; ; 
TRACK;1.11.18-27;-16.37779321;-71.51082872;-1938913.19;2841488.7;C;False; ; ;0; ; ; ; ; ; 
TRACK;1.11.18-28; ; ;-1.516416327;20763369.87;C; ; ; ; ; ; ; ; ; ; 
TRACK;1.11.18-28;-16.37772151;-71.51078878;-1938905.271;2841494.166;C;False; ; ;0; ; ; ; ; ; 
TRACK;1.11.18-28;-16.37806159;-71.5103606;-1938950.621;2841538.29;C;False; ; ;0; ; ; ; ; ; 
TRACK;1.11.18-28;-16.37844942;-71.50985551;-1939002.549;2841590.512;C;False; ; ;0; ; ; ; ; ; 
TRACK;1.11.18-28;-16.37815573;-71.50961087;-1938971.128;2841622.092;C;False; ; ;0; ; ; ; ; ; 
TRACK;1.11.18-28;-16.3774368;-71.51054342;-1938874.914;2841525.71;C;False; ; ;0; ; ; ; ; ; 
TRACK;1.11.19-1; ; ;-1.516416327;20763369.87;C; ; ; ; ; ; ; ; ; ; 
TRACK;1.11.19-1;-16.38433633;-71.51639794;-1939611.71;2840771.676;C;False; ; ;0; ; ; ; ; ; 
TRACK;1.11.19-1;-16.38446754;-71.51621257;-1939629.46;2840790.986;C;False; ; ;0; ; ; ; ; ; 
TRACK;1.11.19-1;-16.3840781;-71.51599093;-1939586.502;2840821.205;C;False; ; ;0; ; ; ; ; ; 
TRACK;1.11.19-1;-16.38382321;-71.51581172;-1939558.816;2840844.857;C;False; ; ;0; ; ; ; ; ; 
TRACK;1.11.19-1;-16.38356434;-71.51562408;-1939530.769;2840869.517;C;False; ; ;0; ; ; ; ; ; 
TRACK;1.11.19-1;-16.38342014;-71.51580876;-1939511.501;2840850.454;C;False; ; ;0; ; ; ; ; ; 
TRACK;1.11.19-2; ; ;-1.516416327;20763369.87;C; ; ; ; ; ; ; ; ; ; 
TRACK;1.11.19-2;-16.38350087;-71.5156914;-1939522.463;2840862.71;C;False; ; ;0; ; ; ; ; ; 
TRACK;1.11.19-2;-16.38356195;-71.51560389;-1939530.743;2840871.837;C;False; ; ;0; ; ; ; ; ; 
TRACK;1.11.19-2;-16.38321176;-71.51532344;-1939493.135;2840908.214;C;False; ; ;0; ; ; ; ; ; 
TRACK;1.11.19-2;-16.38303304;-71.51516944;-1939474.081;2840928.011;C;False; ; ;0; ; ; ; ; ; 
TRACK;1.11.19-2;-16.38292316;-71.51506608;-1939462.474;2840941.168;C;False; ; ;0; ; ; ; ; ; 
TRACK;1.11.19-2;-16.38274352;-71.51486609;-1939443.89;2840966.194;C;False; ; ;0; ; ; ; ; ; 
TRACK;1.11.19-2;-16.38259449;-71.51468212;-1939428.7;2840989.003;C;False; ; ;0; ; ; ; ; ; 
TRACK;1.11.19-2;-16.38249045;-71.51483968;-1939414.492;2840972.492;C;False; ; ;0; ; ; ; ; ; 
TRACK;1.11.19-2;-16.38282728;-71.51528498;-1939448.452;2840917.594;C;False; ; ;0; ; ; ; ; ; 
TRACK;1.11.19-2;-16.38313486;-71.51560869;-1939480.507;2840876.867;C;False; ; ;0; ; ; ; ; ; 
TRACK;1.11.19-2;-16.38340242;-71.51580293;-1939509.493;2840851.347;C;False; ; ;0; ; ; ; ; ; 
TRACK;1.11.19-3; ; ;-1.516416327;20763369.87;C; ; ; ; ; ; ; ; ; ; 
TRACK;1.11.19-3;-16.38190194;-71.51381604;-1939358.252;2841096.266;C;False; ; ;0; ; ; ; ; ; 
TRACK;1.11.19-3;-16.38169413;-71.51363962;-1939336.061;2841118.986;C;False; ; ;0; ; ; ; ; ; 
TRACK;1.11.19-3;-16.38157971;-71.51356312;-1939323.583;2841129.156;C;False; ; ;0; ; ; ; ; ; 
TRACK;1.11.19-3;-16.38145439;-71.51352671;-1939309.319;2841134.921;C;False; ; ;0; ; ; ; ; ; 
TRACK;1.11.19-3;-16.38125223;-71.51346959;-1939286.289;2841144.038;C;False; ; ;0; ; ; ; ; ; 
TRACK;1.11.19-3;-16.38089623;-71.51347074;-1939244.451;2841148.555;C;False; ; ;0; ; ; ; ; ; 
TRACK;1.11.19-3;-16.3808006;-71.5136297;-1939231.214;2841131.775;C;False; ; ;0; ; ; ; ; ; 
TRACK;1.11.19-3;-16.38088149;-71.51369305;-1939239.918;2841123.534;C;False; ; ;0; ; ; ; ; ; 
TRACK;1.11.19-3;-16.38111558;-71.51365724;-1939267.871;2841124.54;C;False; ; ;0; ; ; ; ; ; 
TRACK;1.11.19-3;-16.38125079;-71.51364833;-1939283.867;2841123.785;C;False; ; ;0; ; ; ; ; ; 
TRACK;1.11.19-3;-16.3813083;-71.51368803;-1939290.124;2841118.533;C;False; ; ;0; ; ; ; ; ; 
TRACK;1.11.19-3;-16.38138079;-71.51371261;-1939298.33;2841114.799;C;False; ; ;0; ; ; ; ; ; 
TRACK;1.11.19-3;-16.38157648;-71.51377147;-1939320.578;2841105.569;C;False; ; ;0; ; ; ; ; ; 
TRACK;1.11.19-3;-16.38179234;-71.51394592;-1939343.74;2841082.966;C;False; ; ;0; ; ; ; ; ; 
TRACK;1.11.19-3;-16.38193336;-71.5140972;-1939358.4;2841063.97;C;False; ; ;0; ; ; ; ; ; 
TRACK;1.11.19-3;-16.38204496;-71.51418923;-1939370.351;2841052.076;C;False; ; ;0; ; ; ; ; ; 
TRACK;1.11.19-3;-16.3821686;-71.51423096;-1939384.351;2841045.728;C;False; ; ;0; ; ; ; ; ; 
TRACK;1.11.19-3;-16.38220139;-71.51418703;-1939388.757;2841050.283;C;False; ; ;0; ; ; ; ; ; 
TRACK;1.11.19-3;-16.38208887;-71.51404169;-1939377.37;2841068.235;C;False; ; ;0; ; ; ; ; ; 
TRACK;1.11.19-4; ; ;-1.516416327;20763369.87;C; ; ; ; ; ; ; ; ; ; 
TRACK;1.11.19-4;-16.3800234;-71.51395255;-1939135.838;2841105.304;C;False; ; ;0; ; ; ; ; ; 
TRACK;1.11.19-4;-16.38011023;-71.51395148;-1939146.053;2841104.292;C;False; ; ;0; ; ; ; ; ; 
TRACK;1.11.19-4;-16.38022817;-71.5139183;-1939160.326;2841106.516;C;False; ; ;0; ; ; ; ; ; 
TRACK;1.11.19-4;-16.38033845;-71.51384604;-1939174.193;2841113.272;C;False; ; ;0; ; ; ; ; ; 
TRACK;1.11.19-4;-16.38042435;-71.51379352;-1939184.947;2841118.107;C;False; ; ;0; ; ; ; ; ; 
TRACK;1.11.19-4;-16.38058693;-71.51367257;-1939205.571;2841129.702;C;False; ; ;0; ; ; ; ; ; 
TRACK;1.11.19-4;-16.38078798;-71.51351406;-1939231.188;2841145.054;C;False; ; ;0; ; ; ; ; ; 
TRACK;1.11.19-4;-16.38082713;-71.51346242;-1939236.438;2841150.4;C;False; ; ;0; ; ; ; ; ; 
TRACK;1.11.19-4;-16.38073665;-71.51340472;-1939226.535;2841158.125;C;False; ; ;0; ; ; ; ; ; 
TRACK;1.11.19-4;-16.38014637;-71.51376281;-1939152.676;2841125.219;C;False; ; ;0; ; ; ; ; ; 
TRACK;1.11.19-4;-16.38000673;-71.51384923;-1939135.182;2841117.24;C;False; ; ;0; ; ; ; ; ; 
TRACK;1.11.19-4;-16.37982343;-71.51377378;-1939114.598;2841128.189;C;False; ; ;0; ; ; ; ; ; 
TRACK;1.11.19-4;-16.379765;-71.51386741;-1939106.554;2841118.333;C;False; ; ;0; ; ; ; ; ; 
TRACK;1.11.19-4;-16.37989095;-71.51392763;-1939120.592;2841109.859;C;False; ; ;0; ; ; ; ; ; 
TRACK;1.11.19-5; ; ;-1.516416327;20763369.87;C; ; ; ; ; ; ; ; ; ; 
TRACK;1.11.19-5;-16.3799757;-71.51382561;-1939131.835;2841120.324;C;False; ; ;0; ; ; ; ; ; 
TRACK;1.11.19-5;-16.38007293;-71.51373269;-1939144.428;2841129.592;C;False; ; ;0; ; ; ; ; ; 
TRACK;1.11.19-5;-16.38017784;-71.51368236;-1939157.387;2841133.931;C;False; ; ;0; ; ; ; ; ; 
TRACK;1.11.19-5;-16.38036218;-71.51356677;-1939180.5;2841144.634;C;False; ; ;0; ; ; ; ; ; 
TRACK;1.11.19-5;-16.38067358;-71.51336037;-1939219.684;2841163.979;C;False; ; ;0; ; ; ; ; ; 
TRACK;1.11.19-5;-16.38043939;-71.51321917;-1939193.95;2841183.049;C;False; ; ;0; ; ; ; ; ; 
TRACK;1.11.19-5;-16.38030307;-71.51312642;-1939179.104;2841195.348;C;False; ; ;0; ; ; ; ; ; 
TRACK;1.11.19-5;-16.38025391;-71.51308939;-1939173.795;2841200.189;C;False; ; ;0; ; ; ; ; ; 
TRACK;1.11.19-5;-16.37985691;-71.51371481;-1939119.275;2841134.44;C;False; ; ;0; ; ; ; ; ; 
TRACK;1.11.20-1; ; ;-1.516416327;20763369.87;C; ; ; ; ; ; ; ; ; ; 
TRACK;1.11.20-1;-16.38068395;-71.51243978;-1939232.503;2841268.249;C;False; ; ;0; ; ; ; ; ; 
TRACK;1.11.20-1;-16.38071331;-71.51246417;-1939235.645;2841265.1;C;False; ; ;0; ; ; ; ; ; 
TRACK;1.11.20-1;-16.38077346;-71.5123915;-1939243.628;2841272.556;C;False; ; ;0; ; ; ; ; ; 
TRACK;1.11.20-1;-16.38067487;-71.51231233;-1939233.043;2841282.823;C;False; ; ;0; ; ; ; ; ; 
TRACK;1.11.20-1;-16.38063521;-71.5122539;-1939229.119;2841289.967;C;False; ; ;0; ; ; ; ; ; 
TRACK;1.11.20-1;-16.38057906;-71.51219541;-1939223.26;2841297.334;C;False; ; ;0; ; ; ; ; ; 
TRACK;1.11.20-1;-16.38055838;-71.51217809;-1939221.049;2841299.567;C;False; ; ;0; ; ; ; ; ; 
TRACK;1.11.20-1;-16.38051121;-71.51216264;-1939215.702;2841301.936;C;False; ; ;0; ; ; ; ; ; 
TRACK;1.11.20-1;-16.38047865;-71.51215379;-1939211.988;2841303.364;C;False; ; ;0; ; ; ; ; ; 
TRACK;1.11.20-1;-16.38043417;-71.51211343;-1939207.271;2841308.522;C;False; ; ;0; ; ; ; ; ; 
TRACK;1.11.20-1;-16.38045834;-71.51209895;-1939210.292;2841309.849;C;False; ; ;0; ; ; ; ; ; 
TRACK;1.11.20-1;-16.38052342;-71.51214587;-1939217.348;2841303.678;C;False; ; ;0; ; ; ; ; ; 
TRACK;1.11.20-1;-16.3805624;-71.51214843;-1939221.894;2841302.879;C;False; ; ;0; ; ; ; ; ; 
TRACK;1.11.20-1;-16.38061425;-71.51218741;-1939227.495;2841297.781;C;False; ; ;0; ; ; ; ; ; 
TRACK;1.11.20-1;-16.38068917;-71.51227379;-1939235.208;2841287.007;C;False; ; ;0; ; ; ; ; ; 
TRACK;1.11.20-1;-16.38080905;-71.51237905;-1939247.965;2841273.504;C;False; ; ;0; ; ; ; ; ; 
TRACK;1.11.20-1;-16.38086504;-71.51228874;-1939255.682;2841283.016;C;False; ; ;0; ; ; ; ; ; 
TRACK;1.11.20-1;-16.38096672;-71.51211862;-1939269.771;2841300.982;C;False; ; ;0; ; ; ; ; ; 
TRACK;1.11.20-1;-16.38051061;-71.51172822;-1939221.106;2841351.213;C;False; ; ;0; ; ; ; ; ; 
TRACK;1.11.20-1;-16.3802605;-71.51151711;-1939194.383;2841378.421;C;False; ; ;0; ; ; ; ; ; 
TRACK;1.11.20-1;-16.37989899;-71.51195947;-1939146.336;2841332.97;C;False; ; ;0; ; ; ; ; ; 
TRACK;1.11.20-1;-16.38020912;-71.51219997;-1939179.741;2841301.645;C;False; ; ;0; ; ; ; ; ; 
TRACK;1.11.20-1;-16.38050188;-71.51256078;-1939209.589;2841256.903;C;False; ; ;0; ; ; ; ; ; 
TRACK;1.11.20-2; ; ;-1.516416327;20763369.87;C; ; ; ; ; ; ; ; ; ; 
TRACK;1.11.20-2;-16.37977852;-71.51185375;-1939133.516;2841346.532;C;False; ; ;0; ; ; ; ; ; 
TRACK;1.11.20-2;-16.37986051;-71.51190569;-1939142.493;2841339.571;C;False; ; ;0; ; ; ; ; ; 
TRACK;1.11.20-2;-16.38002366;-71.51168581;-1939164.431;2841362.379;C;False; ; ;0; ; ; ; ; ; 
TRACK;1.11.20-2;-16.3801946;-71.51146074;-1939187.35;2841385.673;C;False; ; ;0; ; ; ; ; ; 
TRACK;1.11.20-2;-16.37984531;-71.51116287;-1939150.068;2841424.016;C;False; ; ;0; ; ; ; ; ; 
TRACK;1.11.20-2;-16.37949413;-71.51161156;-1939103.156;2841377.712;C;False; ; ;0; ; ; ; ; ; 
TRACK;1.11.20-3; ; ;-1.516416327;20763369.87;C; ; ; ; ; ; ; ; ; ; 
TRACK;1.11.20-3;-16.37910398;-71.51242091;-1939047.122;2841291.013;C;False; ; ;0; ; ; ; ; ; 
TRACK;1.11.20-3;-16.37935745;-71.51206785;-1939081.349;2841327.747;C;False; ; ;0; ; ; ; ; ; 
TRACK;1.11.20-3;-16.37957169;-71.51220019;-1939104.851;2841309.941;C;False; ; ;0; ; ; ; ; ; 
TRACK;1.11.20-3;-16.37977563;-71.51233592;-1939127.1;2841291.885;C;False; ; ;0; ; ; ; ; ; 
TRACK;1.11.20-3;-16.37984195;-71.51238224;-1939134.307;2841285.766;C;False; ; ;0; ; ; ; ; ; 
TRACK;1.11.20-3;-16.38002122;-71.51212906;-1939158.559;2841312.14;C;False; ; ;0; ; ; ; ; ; 
TRACK;1.11.20-3;-16.37971707;-71.51187011;-1939126.09;2841345.478;C;False; ; ;0; ; ; ; ; ; 
TRACK;1.11.20-3;-16.37946042;-71.51166246;-1939098.554;2841372.38;C;False; ; ;0; ; ; ; ; ; 
TRACK;1.11.20-3;-16.37893857;-71.512281;-1939029.452;2841309.04;C;False; ; ;0; ; ; ; ; ; 
TRACK;1.11.20-5; ; ;-1.516416327;20763369.87;C; ; ; ; ; ; ; ; ; ; 
TRACK;1.11.20-5;-16.38012896;-71.51323138;-1939157.327;2841185.717;C;False; ; ;0; ; ; ; ; ; 
TRACK;1.11.20-5;-16.38024522;-71.51300402;-1939173.851;2841209.984;C;False; ; ;0; ; ; ; ; ; 
TRACK;1.11.20-5;-16.38035864;-71.51308255;-1939186.185;2841199.598;C;False; ; ;0; ; ; ; ; ; 
TRACK;1.11.20-5;-16.38050081;-71.51286333;-1939205.65;2841222.604;C;False; ; ;0; ; ; ; ; ; 
TRACK;1.11.20-5;-16.38067788;-71.51260464;-1939229.713;2841249.632;C;False; ; ;0; ; ; ; ; ; 
TRACK;1.11.20-5;-16.38074586;-71.51250552;-1939238.948;2841259.986;C;False; ; ;0; ; ; ; ; ; 
TRACK;1.11.20-5;-16.38069315;-71.51246798;-1939233.229;2841264.932;C;False; ; ;0; ; ; ; ; ; 
TRACK;1.11.20-5;-16.38060832;-71.51252764;-1939222.511;2841259.273;C;False; ; ;0; ; ; ; ; ; 
TRACK;1.11.20-5;-16.38058697;-71.51256371;-1939219.548;2841255.461;C;False; ; ;0; ; ; ; ; ; 
TRACK;1.11.20-5;-16.38048162;-71.51263611;-1939206.259;2841248.624;C;False; ; ;0; ; ; ; ; ; 
TRACK;1.11.20-5;-16.38031133;-71.51285717;-1939183.467;2841225.776;C;False; ; ;0; ; ; ; ; ; 
TRACK;1.11.20-5;-16.38026741;-71.512826;-1939178.7;2841229.884;C;False; ; ;0; ; ; ; ; ; 
TRACK;1.11.20-5;-16.38027728;-71.51280201;-1939180.162;2841232.476;C;False; ; ;0; ; ; ; ; ; 
TRACK;1.11.20-5;-16.38005302;-71.51268981;-1939155.229;2841248.128;C;False; ; ;0; ; ; ; ; ; 
TRACK;1.11.20-5;-16.37985226;-71.51305327;-1939127.064;2841209.528;C;False; ; ;0; ; ; ; ; ; 
TRACK;1.11.20-6; ; ;-1.516416327;20763369.87;C; ; ; ; ; ; ; ; ; ; 
TRACK;1.11.20-6;-16.37980595;-71.51302189;-1939122.018;2841213.691;C;False; ; ;0; ; ; ; ; ; 
TRACK;1.11.20-6;-16.38002272;-71.51265601;-1939152.096;2841252.357;C;False; ; ;0; ; ; ; ; ; 
TRACK;1.11.20-6;-16.3797145;-71.51245958;-1939118.36;2841278.659;C;False; ; ;0; ; ; ; ; ; 
TRACK;1.11.20-6;-16.37949499;-71.51282578;-1939087.957;2841239.992;C;False; ; ;0; ; ; ; ; ; 
TRACK;1.11.20-7; ; ;-1.516416327;20763369.87;C; ; ; ; ; ; ; ; ; ; 
TRACK;1.11.20-7;-16.37928461;-71.51272805;-1939064.473;2841253.822;C;False; ; ;0; ; ; ; ; ; 
TRACK;1.11.20-7;-16.37946173;-71.51281266;-1939084.215;2841241.913;C;False; ; ;0; ; ; ; ; ; 
TRACK;1.11.20-7;-16.37973479;-71.51235202;-1939122.099;2841290.592;C;False; ; ;0; ; ; ; ; ; 
TRACK;1.11.20-7;-16.37936594;-71.51211819;-1939081.712;2841321.927;C;False; ; ;0; ; ; ; ; ; 
TRACK;1.11.20-7;-16.37912063;-71.51263218;-1939046.416;2841266.835;C;False; ; ;0; ; ; ; ; ; 
TRACK;1.11.20-8; ; ;-1.516416327;20763369.87;C; ; ; ; ; ; ; ; ; ; 
TRACK;1.11.20-8;-16.37912399;-71.51249905;-1939048.488;2841281.89;C;False; ; ;0; ; ; ; ; ; 
TRACK;1.11.20-8;-16.37891092;-71.51231419;-1939025.786;2841305.637;C;False; ; ;0; ; ; ; ; ; 
TRACK;1.11.20-8;-16.37880703;-71.51244447;-1939011.939;2841292.217;C;False; ; ;0; ; ; ; ; ; 
TRACK;1.11.20-8;-16.37891701;-71.51255623;-1939023.452;2841278.106;C;False; ; ;0; ; ; ; ; ; 
TRACK;1.11.20-8;-16.37897967;-71.51263939;-1939029.765;2841267.857;C;False; ; ;0; ; ; ; ; ; 
TRACK;1.11.20-8;-16.37904879;-71.51261171;-1939038.235;2841270.094;C;False; ; ;0; ; ; ; ; ; 
TRACK;1.11.20-10; ; ;-1.516416327;20763369.87;C; ; ; ; ; ; ; ; ; ; 
TRACK;1.11.20-10;-16.37942319;-71.5136251;-1939069.451;2841150.275;C;False; ; ;0; ; ; ; ; ; 
TRACK;1.11.20-10;-16.37948514;-71.51353861;-1939077.818;2841159.275;C;False; ; ;0; ; ; ; ; ; 
TRACK;1.11.20-10;-16.37954959;-71.51345677;-1939086.421;2841167.716;C;False; ; ;0; ; ; ; ; ; 
TRACK;1.11.20-10;-16.37964466;-71.51331528;-1939099.374;2841182.522;C;False; ; ;0; ; ; ; ; ; 
TRACK;1.11.20-10;-16.37978685;-71.5130592;-1939119.304;2841209.71;C;False; ; ;0; ; ; ; ; ; 
TRACK;1.11.20-10;-16.37948685;-71.51287732;-1939086.351;2841234.253;C;False; ; ;0; ; ; ; ; ; 
TRACK;1.11.20-10;-16.37939889;-71.51303587;-1939074.02;2841217.419;C;False; ; ;0; ; ; ; ; ; 
TRACK;1.11.20-10;-16.37935097;-71.51311161;-1939067.436;2841209.455;C;False; ; ;0; ; ; ; ; ; 
TRACK;1.11.20-10;-16.3792605;-71.51324023;-1939055.187;2841196.048;C;False; ; ;0; ; ; ; ; ; 
TRACK;1.11.20-10;-16.37917121;-71.51338446;-1939042.88;2841180.855;C;False; ; ;0; ; ; ; ; ; 
TRACK;1.11.20-10;-16.37929063;-71.51351578;-1939055.254;2841164.404;C;False; ; ;0; ; ; ; ; ; 
TRACK;1.11.20-11; ; ;-1.516416327;20763369.87;C; ; ; ; ; ; ; ; ; ; 
TRACK;1.11.20-11;-16.37982187;-71.51370774;-1939115.247;2841135.699;C;False; ; ;0; ; ; ; ; ; 
TRACK;1.11.20-11;-16.37983095;-71.51366263;-1939116.882;2841140.696;C;False; ; ;0; ; ; ; ; ; 
TRACK;1.11.20-11;-16.37996496;-71.51348769;-1939134.83;2841158.788;C;False; ; ;0; ; ; ; ; ; 
TRACK;1.11.20-11;-16.38009707;-71.51327455;-1939153.036;2841181.237;C;False; ; ;0; ; ; ; ; ; 
TRACK;1.11.20-11;-16.37981992;-71.51308225;-1939122.899;2841206.663;C;False; ; ;0; ; ; ; ; ; 
TRACK;1.11.20-11;-16.37968511;-71.51331514;-1939104.127;2841182.01;C;False; ; ;0; ; ; ; ; ; 
TRACK;1.11.20-11;-16.3795388;-71.51354421;-1939084.052;2841157.94;C;False; ; ;0; ; ; ; ; ; 
TRACK;1.11.20-11;-16.3794707;-71.51365172;-1939074.697;2841146.636;C;False; ; ;0; ; ; ; ; ; 
TRACK;1.11.20-11;-16.3797296;-71.51385843;-1939102.508;2841119.813;C;False; ; ;0; ; ; ; ; ; 
TRACK;1.11.21-1; ; ;-1.516416327;20763369.87;C; ; ; ; ; ; ; ; ; ; 
TRACK;1.11.21-1;-16.37903662;-71.51204671;-1939043.924;2841334.331;C;False; ; ;0; ; ; ; ; ; 
TRACK;1.11.21-1;-16.37805218;-71.51117563;-1938939.245;2841445.975;C;False; ; ;0; ; ; ; ; ; 
TRACK;1.11.21-1;-16.3777812;-71.51153259;-1938902.911;2841409.027;C;False; ; ;0; ; ; ; ; ; 
TRACK;1.11.21-1;-16.3782577;-71.51193054;-1938953.877;2841357.674;C;False; ; ;0; ; ; ; ; ; 
TRACK;1.11.21-1;-16.37874607;-71.51237185;-1939005.692;2841301.248;C;False; ; ;0; ; ; ; ; ; 
TRACK;1.11.21-2; ; ;-1.516416327;20763369.87;C; ; ; ; ; ; ; ; ; ; 
TRACK;1.11.21-2;-16.37755796;-71.51174494;-1938874.008;2841387.857;C;False; ; ;0; ; ; ; ; ; 
TRACK;1.11.21-2;-16.37764716;-71.5116445;-1938885.753;2841398.084;C;False; ; ;0; ; ; ; ; ; 
TRACK;1.11.21-2;-16.3777886;-71.51146323;-1938904.655;2841416.796;C;False; ; ;0; ; ; ; ; ; 
TRACK;1.11.21-2;-16.37801917;-71.51116243;-1938935.533;2841447.903;C;False; ; ;0; ; ; ; ; ; 
TRACK;1.11.21-2;-16.37772033;-71.51089996;-1938903.731;2841481.571;C;False; ; ;0; ; ; ; ; ; 
TRACK;1.11.21-2;-16.37750642;-71.51120367;-1938874.773;2841449.918;C;False; ; ;0; ; ; ; ; ; 
TRACK;1.11.21-2;-16.37734934;-71.51139261;-1938853.938;2841430.54;C;False; ; ;0; ; ; ; ; ; 
TRACK;1.11.21-2;-16.3772258;-71.511546;-1938837.492;2841414.755;C;False; ; ;0; ; ; ; ; ; 
TRACK;1.11.21-2;-16.37747395;-71.511738;-1938864.226;2841389.74;C;False; ; ;0; ; ; ; ; ; 
TRACK;1.11.21-3; ; ;-1.516416327;20763369.87;C; ; ; ; ; ; ; ; ; ; 
TRACK;1.11.21-3;-16.37702411;-71.51140115;-1938815.622;2841433.816;C;False; ; ;0; ; ; ; ; ; 
TRACK;1.11.21-3;-16.37718653;-71.51149159;-1938833.563;2841421.439;C;False; ; ;0; ; ; ; ; ; 
TRACK;1.11.21-3;-16.37747163;-71.51112601;-1938871.665;2841459.18;C;False; ; ;0; ; ; ; ; ; 
TRACK;1.11.21-3;-16.37767601;-71.51085212;-1938899.127;2841487.576;C;False; ; ;0; ; ; ; ; ; 
TRACK;1.11.21-3;-16.37737727;-71.51060241;-1938867.177;2841519.797;C;False; ; ;0; ; ; ; ; ; 
TRACK;1.11.21-3;-16.37689732;-71.51123969;-1938802.76;2841453.782;C;False; ; ;0; ; ; ; ; ; 
TRACK;1.11.23-1; ; ;-1.516416327;20763369.87;C; ; ; ; ; ; ; ; ; ; 
TRACK;1.11.23-1;-16.37853275;-71.50614076;-1939059.157;2842010.742;C;False; ; ;0; ; ; ; ; ; 
TRACK;1.11.23-1;-16.3786695;-71.50602229;-1939076.717;2842022.393;C;False; ; ;0; ; ; ; ; ; 
TRACK;1.11.23-1;-16.37859903;-71.50594227;-1939069.445;2842032.389;C;False; ; ;0; ; ; ; ; ; 
TRACK;1.11.23-1;-16.37845562;-71.50534772;-1939060.091;2842101.695;C;False; ; ;0; ; ; ; ; ; 
TRACK;1.11.23-1;-16.37829611;-71.50539632;-1939040.738;2842098.265;C;False; ; ;0; ; ; ; ; ; 
TRACK;1.11.23-1;-16.37827994;-71.50537077;-1939039.16;2842101.373;C;False; ; ;0; ; ; ; ; ; 
TRACK;1.11.23-1;-16.37838501;-71.5053393;-1939051.902;2842103.571;C;False; ; ;0; ; ; ; ; ; 
TRACK;1.11.23-1;-16.37834979;-71.5052293;-1939049.15;2842116.507;C;False; ; ;0; ; ; ; ; ; 
TRACK;1.11.23-1;-16.3782151;-71.50527312;-1939032.774;2842113.296;C;False; ; ;0; ; ; ; ; ; 
TRACK;1.11.23-1;-16.37823549;-71.50535647;-1939034.119;2842103.575;C;False; ; ;0; ; ; ; ; ; 
TRACK;1.11.23-1;-16.37827994;-71.5054676;-1939037.94;2842090.391;C;False; ; ;0; ; ; ; ; ; 
TRACK;1.11.23-1;-16.37842973;-71.50602966;-1939048.453;2842024.688;C;False; ; ;0; ; ; ; ; ; 
TRACK;1.11.24-1; ; ;-1.516416327;20763369.87;C; ; ; ; ; ; ; ; ; ; 
TRACK;1.11.24-1;-16.37890984;-71.50638238;-1939100.414;2841978.414;C;False; ; ;0; ; ; ; ; ; 
TRACK;1.11.24-1;-16.37848456;-71.50622784;-1939052.398;2842001.494;C;False; ; ;0; ; ; ; ; ; 
TRACK;1.11.24-1;-16.37828234;-71.50588276;-1939032.988;2842043.273;C;False; ; ;0; ; ; ; ; ; 
TRACK;1.11.24-1;-16.37833078;-71.50583474;-1939039.285;2842048.087;C;False; ; ;0; ; ; ; ; ; 
TRACK;1.11.24-1;-16.3782946;-71.50569317;-1939036.819;2842064.615;C;False; ; ;0; ; ; ; ; ; 
TRACK;1.11.24-1;-16.37824775;-71.50558987;-1939032.616;2842076.944;C;False; ; ;0; ; ; ; ; ; 
TRACK;1.11.24-1;-16.37815649;-71.50554857;-1939022.415;2842082.82;C;False; ; ;0; ; ; ; ; ; 
TRACK;1.11.24-1;-16.37808901;-71.50557296;-1939014.18;2842080.935;C;False; ; ;0; ; ; ; ; ; 
TRACK;1.11.24-1;-16.3778371;-71.50577897;-1938981.987;2842060.858;C;False; ; ;0; ; ; ; ; ; 
TRACK;1.11.24-1;-16.37851093;-71.5067141;-1939049.367;2841945.999;C;False; ; ;0; ; ; ; ; ; 
TRACK;1.11.24-2; ; ;-1.516416327;20763369.87;C; ; ; ; ; ; ; ; ; ; 
TRACK;1.11.24-2;-16.37883971;-71.50649526;-1939090.753;2841966.527;C;False; ; ;0; ; ; ; ; ; 
TRACK;1.11.24-2;-16.37860213;-71.50670639;-1939060.178;2841945.682;C;False; ; ;0; ; ; ; ; ; 
TRACK;1.11.24-2;-16.3787379;-71.50690561;-1939073.618;2841921.315;C;False; ; ;0; ; ; ; ; ; 
TRACK;1.11.24-2;-16.37898635;-71.50670026;-1939105.396;2841941.362;C;False; ; ;0; ; ; ; ; ; 
TRACK;1.11.24-3; ; ;-1.516416327;20763369.87;C; ; ; ; ; ; ; ; ; ; 
TRACK;1.11.24-3;-16.37866246;-71.50695379;-1939064.148;2841916.835;C;False; ; ;0; ; ; ; ; ; 
TRACK;1.11.24-3;-16.3785344;-71.50678525;-1939051.228;2841937.623;C;False; ; ;0; ; ; ; ; ; 
TRACK;1.11.24-3;-16.37842806;-71.50687146;-1939037.647;2841929.233;C;False; ; ;0; ; ; ; ; ; 
TRACK;1.11.24-3;-16.37855995;-71.50703558;-1939051.074;2841908.898;C;False; ; ;0; ; ; ; ; ; 
TRACK;1.11.24-4; ; ;-1.516416327;20763369.87;C; ; ; ; ; ; ; ; ; ; 
TRACK;1.11.24-4;-16.37904152;-71.50739507;-1939103.121;2841861.837;C;False; ; ;0; ; ; ; ; ; 
TRACK;1.11.24-4;-16.37871973;-71.50696358;-1939070.753;2841914.978;C;False; ; ;0; ; ; ; ; ; 
TRACK;1.11.24-4;-16.37858784;-71.50706109;-1939054.028;2841905.64;C;False; ; ;0; ; ; ; ; ; 
TRACK;1.11.24-4;-16.37891706;-71.50748835;-1939087.322;2841852.883;C;False; ; ;0; ; ; ; ; ; 
TRACK;1.11.24-5; ; ;-1.516416327;20763369.87;C; ; ; ; ; ; ; ; ; ; 
TRACK;1.11.24-5;-16.37906508;-71.5073081;-1939106.984;2841871.394;C;False; ; ;0; ; ; ; ; ; 
TRACK;1.11.24-5;-16.37917805;-71.50715678;-1939122.164;2841887.081;C;False; ; ;0; ; ; ; ; ; 
TRACK;1.11.24-5;-16.37917808;-71.5071188;-1939122.647;2841891.389;C;False; ; ;0; ; ; ; ; ; 
TRACK;1.11.24-5;-16.37924858;-71.50705438;-1939131.742;2841897.775;C;False; ; ;0; ; ; ; ; ; 
TRACK;1.11.24-5;-16.37901133;-71.50674152;-1939107.811;2841936.355;C;False; ; ;0; ; ; ; ; ; 
TRACK;1.11.24-5;-16.37877034;-71.506933;-1939077.085;2841917.785;C;False; ; ;0; ; ; ; ; ; 
TRACK;1.11.24-5;-16.37898308;-71.50722849;-1939098.354;2841881.494;C;False; ; ;0; ; ; ; ; ; 
TRACK;1.11.24-6; ; ;-1.516416327;20763369.87;C; ; ; ; ; ; ; ; ; ; 
TRACK;1.11.24-6;-16.37940828;-71.506933;-1939152.034;2841909.456;C;False; ; ;0; ; ; ; ; ; 
TRACK;1.11.24-6;-16.37934541;-71.5068153;-1939146.131;2841923.626;C;False; ; ;0; ; ; ; ; ; 
TRACK;1.11.24-6;-16.37946684;-71.50670374;-1939161.803;2841934.694;C;False; ; ;0; ; ; ; ; ; 
TRACK;1.11.24-6;-16.37924772;-71.50627924;-1939141.411;2841985.7;C;False; ; ;0; ; ; ; ; ; 
TRACK;1.11.24-6;-16.3790201;-71.50638085;-1939113.388;2841977.148;C;False; ; ;0; ; ; ; ; ; 
TRACK;1.11.24-6;-16.37888879;-71.50648415;-1939096.658;2841967.146;C;False; ; ;0; ; ; ; ; ; 
TRACK;1.11.24-6;-16.37928348;-71.50702286;-1939136.239;2841900.893;C;False; ; ;0; ; ; ; ; ; 
TRACK;1.11.25-1; ; ;-1.516416327;20763369.87;C; ; ; ; ; ; ; ; ; ; 
TRACK;1.11.25-1;-16.37861421;-71.50835932;-1939040.765;2841758.054;C;False; ; ;0; ; ; ; ; ; 
TRACK;1.11.25-1;-16.37785693;-71.5074351;-1938963.443;2841872.763;C;False; ; ;0; ; ; ; ; ; 
TRACK;1.11.25-1;-16.37767356;-71.50760039;-1938939.817;2841856.411;C;False; ; ;0; ; ; ; ; ; 
TRACK;1.11.25-1;-16.3784451;-71.50851573;-1939018.926;2841742.521;C;False; ; ;0; ; ; ; ; ; 
TRACK;1.11.25-2; ; ;-1.516416327;20763369.87;C; ; ; ; ; ; ; ; ; ; 
TRACK;1.11.25-2;-16.37886134;-71.5076338;-1939078.943;2841837.114;C;False; ; ;0; ; ; ; ; ; 
TRACK;1.11.25-2;-16.37839552;-71.50803144;-1939019.205;2841798.097;C;False; ; ;0; ; ; ; ; ; 
TRACK;1.11.25-2;-16.37864114;-71.50834049;-1939044.166;2841759.837;C;False; ; ;0; ; ; ; ; ; 
TRACK;1.11.25-2;-16.37901291;-71.50800157;-1939092.115;2841793.424;C;False; ; ;0; ; ; ; ; ; 
TRACK;1.11.25-5; ; ;-1.516416327;20763369.87;C; ; ; ; ; ; ; ; ; ; 
TRACK;1.11.25-5;-16.37750929;-71.5068024;-1938930.575;2841949.061;C;False; ; ;0; ; ; ; ; ; 
TRACK;1.11.25-5;-16.3773649;-71.50661609;-1938915.959;2841972.077;C;False; ; ;0; ; ; ; ; ; 
TRACK;1.11.25-5;-16.3777238;-71.50633613;-1938961.654;2841999.145;C;False; ; ;0; ; ; ; ; ; 
TRACK;1.11.25-5;-16.37822924;-71.50699037;-1939012.79;2841918.342;C;False; ; ;0; ; ; ; ; ; 
TRACK;1.11.25-5;-16.37845905;-71.50678435;-1939042.386;2841938.709;C;False; ; ;0; ; ; ; ; ; 
TRACK;1.11.25-5;-16.37792778;-71.50603498;-1938989.414;2842030.637;C;False; ; ;0; ; ; ; ; ; 
TRACK;1.11.25-5;-16.37778238;-71.5058291;-1938974.927;2842055.887;C;False; ; ;0; ; ; ; ; ; 
TRACK;1.11.25-5;-16.37700441;-71.50641882;-1938876.091;2841999.158;C;False; ; ;0; ; ; ; ; ; 
TRACK;1.11.25-5;-16.37737043;-71.50693094;-1938912.64;2841936.295;C;False; ; ;0; ; ; ; ; ; 
TRACK;1.11.26-1; ; ;-1.516416327;20763369.87;C; ; ; ; ; ; ; ; ; ; 
TRACK;1.11.26-1;-16.38073092;-71.50823409;-1939291.026;2841744.622;C;False; ; ;0; ; ; ; ; ; 
TRACK;1.11.26-1;-16.38064124;-71.50747798;-1939290.02;2841831.547;C;False; ; ;0; ; ; ; ; ; 
TRACK;1.11.26-1;-16.37957522;-71.50750059;-1939164.493;2841842.901;C;False; ; ;0; ; ; ; ; ; 
TRACK;1.11.26-1;-16.37957528;-71.50832261;-1939154.139;2841749.67;C;False; ; ;0; ; ; ; ; ; 
TRACK;1.11.26-1;-16.37987985;-71.50895344;-1939181.971;2841674.147;C;False; ; ;0; ; ; ; ; ; 
TRACK;1.11.26-1;-16.37983454;-71.50930429;-1939172.226;2841634.947;C;False; ; ;0; ; ; ; ; ; 
TRACK;1.11.26-1;-16.37985396;-71.50940772;-1939173.204;2841622.963;C;False; ; ;0; ; ; ; ; ; 
TRACK;1.11.26-1;-16.37970179;-71.50973481;-1939151.204;2841587.852;C;False; ; ;0; ; ; ; ; ; 
TRACK;1.11.26-1;-16.37986022;-71.50988303;-1939167.949;2841568.974;C;False; ; ;0; ; ; ; ; ; 
TRACK;1.11.26-1;-16.38081371;-71.50861614;-1939295.936;2841700.21;C;False; ; ;0; ; ; ; ; ; 
TRACK;1.11.26-2; ; ;-1.516416327;20763369.87;C; ; ; ; ; ; ; ; ; ; 
TRACK;1.11.26-2;-16.37973305;-71.50983323;-1939153.636;2841576.282;C;False; ; ;0; ; ; ; ; ; 
TRACK;1.11.26-2;-16.3796114;-71.50972114;-1939140.757;2841590.583;C;False; ; ;0; ; ; ; ; ; 
TRACK;1.11.26-2;-16.37947625;-71.50959302;-1939126.494;2841606.878;C;False; ; ;0; ; ; ; ; ; 
TRACK;1.11.26-2;-16.37922628;-71.50989696;-1939093.295;2841575.67;C;False; ; ;0; ; ; ; ; ; 
TRACK;1.11.26-2;-16.37893021;-71.50995064;-1939057.835;2841573.446;C;False; ; ;0; ; ; ; ; ; 
TRACK;1.11.26-2;-16.37897945;-71.51006952;-1939062.122;2841559.321;C;False; ; ;0; ; ; ; ; ; 
TRACK;1.11.26-2;-16.37911335;-71.51027062;-1939075.319;2841534.765;C;False; ; ;0; ; ; ; ; ; 
TRACK;1.11.26-2;-16.37937473;-71.51051616;-1939102.933;2841503.505;C;False; ; ;0; ; ; ; ; ; 
TRACK;1.11.26-2;-16.37984419;-71.5099125;-1939165.694;2841565.841;C;False; ; ;0; ; ; ; ; ; 
TRACK;1.11.26-4; ; ;-1.516416327;20763369.87;C; ; ; ; ; ; ; ; ; ; 
TRACK;1.11.26-4;-16.37975882;-71.50954618;-1939160.281;2841608.502;C;False; ; ;0; ; ; ; ; ; 
TRACK;1.11.26-4;-16.37958112;-71.50920889;-1939143.656;2841649.075;C;False; ; ;0; ; ; ; ; ; 
TRACK;1.11.26-4;-16.37940272;-71.5090362;-1939124.873;2841670.99;C;False; ; ;0; ; ; ; ; ; 
TRACK;1.11.26-4;-16.37915668;-71.50927824;-1939092.916;2841646.751;C;False; ; ;0; ; ; ; ; ; 
TRACK;1.11.26-4;-16.37964039;-71.50967546;-1939144.738;2841595.386;C;False; ; ;0; ; ; ; ; ; 
TRACK;1.11.26-5; ; ;-1.516416327;20763369.87;C; ; ; ; ; ; ; ; ; ; 
TRACK;1.11.26-5;-16.37922073;-71.50858762;-1939109.145;2841724.242;C;False; ; ;0; ; ; ; ; ; 
TRACK;1.11.26-5;-16.37885295;-71.50899831;-1939060.76;2841682.465;C;False; ; ;0; ; ; ; ; ; 
TRACK;1.11.26-5;-16.37913578;-71.50923672;-1939090.984;2841651.733;C;False; ; ;0; ; ; ; ; ; 
TRACK;1.11.26-5;-16.37938982;-71.50899397;-1939123.889;2841675.948;C;False; ; ;0; ; ; ; ; ; 
TRACK;1.11.27-1; ; ;-1.516416327;20763369.87;C; ; ; ; ; ; ; ; ; ; 
TRACK;1.11.27-1;-16.38114677;-71.50702535;-1939355.119;2841876.281;C;False; ; ;0; ; ; ; ; ; 
TRACK;1.11.27-1;-16.38113654;-71.50595372;-1939367.425;2841997.955;C;False; ; ;0; ; ; ; ; ; 
TRACK;1.11.27-1;-16.3809309;-71.50577472;-1939345.522;2842020.942;C;False; ; ;0; ; ; ; ; ; 
TRACK;1.11.27-1;-16.3806928;-71.50576689;-1939317.647;2842024.94;C;False; ; ;0; ; ; ; ; ; 
TRACK;1.11.27-1;-16.38069429;-71.50695962;-1939302.786;2841889.645;C;False; ; ;0; ; ; ; ; ; 
TRACK;1.11.27-4; ; ;-1.516416327;20763369.87;C; ; ; ; ; ; ; ; ; ; 
TRACK;1.11.27-4;-16.38028681;-71.50627051;-1939263.6;2841973.122;C;False; ; ;0; ; ; ; ; ; 
TRACK;1.11.27-4;-16.38010088;-71.50595986;-1939245.672;2842010.783;C;False; ; ;0; ; ; ; ; ; 
TRACK;1.11.27-4;-16.37988289;-71.5060352;-1939219.111;2842005.085;C;False; ; ;0; ; ; ; ; ; 
TRACK;1.11.27-4;-16.38006585;-71.50635874;-1939236.528;2841966;C;False; ; ;0; ; ; ; ; ; 
TRACK;1.11.27-5; ; ;-1.516416327;20763369.87;C; ; ; ; ; ; ; ; ; ; 
TRACK;1.11.27-5;-16.38051334;-71.50584035;-1939295.637;2842018.952;C;False; ; ;0; ; ; ; ; ; 
TRACK;1.11.27-5;-16.38012248;-71.50594997;-1939248.334;2842011.622;C;False; ; ;0; ; ; ; ; ; 
TRACK;1.11.27-5;-16.38030417;-71.50626034;-1939265.767;2841974.049;C;False; ; ;0; ; ; ; ; ; 
TRACK;1.11.27-5;-16.38057307;-71.50604467;-1939300.079;2841994.998;C;False; ; ;0; ; ; ; ; ; 
TRACK;1.11.27-6; ; ;-1.516416327;20763369.87;C; ; ; ; ; ; ; ; ; ; 
TRACK;1.11.27-6;-16.38028343;-71.50644606;-1939260.99;2841953.256;C;False; ; ;0; ; ; ; ; ; 
TRACK;1.11.27-6;-16.38062484;-71.50643093;-1939301.292;2841950.514;C;False; ; ;0; ; ; ; ; ; 
TRACK;1.11.27-6;-16.38060928;-71.50607912;-1939303.899;2841990.618;C;False; ; ;0; ; ; ; ; ; 
TRACK;1.11.27-6;-16.38056284;-71.50608419;-1939298.378;2841990.65;C;False; ; ;0; ; ; ; ; ; 
TRACK;1.11.27-6;-16.38033801;-71.50626608;-1939269.672;2841972.956;C;False; ; ;0; ; ; ; ; ; 
TRACK;1.11.27-6;-16.38010219;-71.50635817;-1939240.805;2841965.591;C;False; ; ;0; ; ; ; ; ; 
TRACK;1.11.27-6;-16.3799429;-71.50643064;-1939221.176;2841959.452;C;False; ; ;0; ; ; ; ; ; 
TRACK;1.11.27-6;-16.37995367;-71.50648283;-1939221.785;2841953.391;C;False; ; ;0; ; ; ; ; ; 
TRACK;1.11.27-7; ; ;-1.516416327;20763369.87;C; ; ; ; ; ; ; ; ; ; 
TRACK;1.11.27-7;-16.38062074;-71.50686323;-1939295.36;2841901.537;C;False; ; ;0; ; ; ; ; ; 
TRACK;1.11.27-7;-16.38062181;-71.50647711;-1939300.354;2841945.316;C;False; ; ;0; ; ; ; ; ; 
TRACK;1.11.27-7;-16.37994691;-71.50650221;-1939220.745;2841951.282;C;False; ; ;0; ; ; ; ; ; 
TRACK;1.11.27-7;-16.37994941;-71.50688025;-1939216.274;2841908.373;C;False; ; ;0; ; ; ; ; ; 
TRACK;1.11.27-8; ; ;-1.516416327;20763369.87;C; ; ; ; ; ; ; ; ; ; 
TRACK;1.11.27-8;-16.37993981;-71.5064985;-1939219.958;2841951.795;C;False; ; ;0; ; ; ; ; ; 
TRACK;1.11.27-8;-16.37992266;-71.5064289;-1939218.821;2841959.913;C;False; ; ;0; ; ; ; ; ; 
TRACK;1.11.27-8;-16.37965058;-71.50653537;-1939185.513;2841951.391;C;False; ; ;0; ; ; ; ; ; 
TRACK;1.11.27-8;-16.37943106;-71.50677013;-1939156.763;2841927.631;C;False; ; ;0; ; ; ; ; ; 
TRACK;1.11.27-8;-16.37955147;-71.50688992;-1939169.4;2841912.472;C;False; ; ;0; ; ; ; ; ; 
TRACK;1.11.27-8;-16.3797127;-71.50668357;-1939190.943;2841933.771;C;False; ; ;0; ; ; ; ; ; 
TRACK;1.11.27-8;-16.37993672;-71.50664449;-1939217.755;2841935.278;C;False; ; ;0; ; ; ; ; ; 
TRACK;1.11.27-9; ; ;-1.516416327;20763369.87;C; ; ; ; ; ; ; ; ; ; 
TRACK;1.11.27-9;-16.37956713;-71.50744766;-1939164.209;2841849.011;C;False; ; ;0; ; ; ; ; ; 
TRACK;1.11.27-9;-16.37956709;-71.50698536;-1939170.032;2841901.444;C;False; ; ;0; ; ; ; ; ; 
TRACK;1.11.27-9;-16.37940238;-71.50697469;-1939150.816;2841904.804;C;False; ; ;0; ; ; ; ; ; 
TRACK;1.11.27-9;-16.3792692;-71.50705441;-1939134.164;2841897.502;C;False; ; ;0; ; ; ; ; ; 
TRACK;1.11.27-9;-16.37931998;-71.50717863;-1939138.564;2841882.749;C;False; ; ;0; ; ; ; ; ; 
TRACK;1.11.27-9;-16.37936385;-71.50742706;-1939140.586;2841854;C;False; ; ;0; ; ; ; ; ; 
TRACK;1.11.27-10; ; ;-1.516416327;20763369.87;C; ; ; ; ; ; ; ; ; ; 
TRACK;1.11.27-10;-16.38064351;-71.50731439;-1939292.349;2841850.071;C;False; ; ;0; ; ; ; ; ; 
TRACK;1.11.27-10;-16.38063458;-71.50692812;-1939296.168;2841893.997;C;False; ; ;0; ; ; ; ; ; 
TRACK;1.11.27-10;-16.37959048;-71.50695519;-1939173.161;2841904.56;C;False; ; ;0; ; ; ; ; ; 
TRACK;1.11.27-10;-16.37959455;-71.5073375;-1939168.819;2841861.147;C;False; ; ;0; ; ; ; ; ; 
TRACK;1.11.27-11; ; ;-1.516416327;20763369.87;C; ; ; ; ; ; ; ; ; ; 
TRACK;1.11.27-11;-16.38005078;-71.50637316;-1939234.576;2841964.562;C;False; ; ;0; ; ; ; ; ; 
TRACK;1.11.27-11;-16.37985843;-71.50604402;-1939216.125;2842004.403;C;False; ; ;0; ; ; ; ; ; 
TRACK;1.11.27-11;-16.37929561;-71.50627973;-1939147.031;2841985.019;C;False; ; ;0; ; ; ; ; ; 
TRACK;1.11.27-11;-16.37952504;-71.50663178;-1939169.548;2841942.095;C;False; ; ;0; ; ; ; ; ; 
TRACK;1.11.27-11;-16.3796357;-71.50653468;-1939183.774;2841951.662;C;False; ; ;0; ; ; ; ; ; 
TRACK;1.11.29-1; ; ;-1.516416327;20763369.87;C; ; ; ; ; ; ; ; ; ; 
TRACK;1.11.29-1;-16.38370575;-71.5104443;-1939612.663;2841455.11;C;False; ; ;0; ; ; ; ; ; 
TRACK;1.11.29-1;-16.38373287;-71.51021209;-1939618.775;2841481.092;C;False; ; ;0; ; ; ; ; ; 
TRACK;1.11.29-1;-16.38335907;-71.50985642;-1939579.344;2841526.31;C;False; ; ;0; ; ; ; ; ; 
TRACK;1.11.29-1;-16.38320217;-71.50973685;-1939562.417;2841541.92;C;False; ; ;0; ; ; ; ; ; 
TRACK;1.11.29-1;-16.38315269;-71.50974083;-1939556.553;2841542.115;C;False; ; ;0; ; ; ; ; ; 
TRACK;1.11.29-1;-16.38269996;-71.50936435;-1939508.111;2841590.723;C;False; ; ;0; ; ; ; ; ; 
TRACK;1.11.29-1;-16.38231555;-71.50901494;-1939467.353;2841635.37;C;False; ; ;0; ; ; ; ; ; 
TRACK;1.11.29-1;-16.38213315;-71.50924787;-1939442.987;2841611.334;C;False; ; ;0; ; ; ; ; ; 
TRACK;1.11.29-1;-16.38275305;-71.50973951;-1939509.619;2841547.482;C;False; ; ;0; ; ; ; ; ; 
TRACK;1.11.29-1;-16.38367024;-71.51050334;-1939607.746;2841448.878;C;False; ; ;0; ; ; ; ; ; 
TRACK;1.11.29-2; ; ;-1.516416327;20763369.87;C; ; ; ; ; ; ; ; ; ; 
TRACK;1.11.29-2;-16.38228718;-71.50897901;-1939464.473;2841639.815;C;False; ; ;0; ; ; ; ; ; 
TRACK;1.11.29-2;-16.38176192;-71.50856404;-1939407.993;2841693.738;C;False; ; ;0; ; ; ; ; ; 
TRACK;1.11.29-2;-16.38158239;-71.50885274;-1939383.263;2841663.34;C;False; ; ;0; ; ; ; ; ; 
TRACK;1.11.29-2;-16.38211523;-71.50923357;-1939441.063;2841613.191;C;False; ; ;0; ; ; ; ; ; 
TRACK;1.11.29-3; ; ;-1.516416327;20763369.87;C; ; ; ; ; ; ; ; ; ; 
TRACK;1.11.29-3;-16.38174289;-71.50851908;-1939406.324;2841699.086;C;False; ; ;0; ; ; ; ; ; 
TRACK;1.11.29-3;-16.38149187;-71.50824335;-1939380.31;2841733.635;C;False; ; ;0; ; ; ; ; ; 
TRACK;1.11.29-3;-16.38142743;-71.50815384;-1939373.867;2841744.629;C;False; ; ;0; ; ; ; ; ; 
TRACK;1.11.29-3;-16.38139526;-71.50808126;-1939371.002;2841753.279;C;False; ; ;0; ; ; ; ; ; 
TRACK;1.11.29-3;-16.38138184;-71.50799212;-1939370.549;2841763.565;C;False; ; ;0; ; ; ; ; ; 
TRACK;1.11.29-3;-16.38120841;-71.50706679;-1939361.838;2841870.777;C;False; ; ;0; ; ; ; ; ; 
TRACK;1.11.29-3;-16.38073407;-71.50699988;-1939306.953;2841884.559;C;False; ; ;0; ; ; ; ; ; 
TRACK;1.11.29-3;-16.38072538;-71.50737253;-1939301.234;2841842.408;C;False; ; ;0; ; ; ; ; ; 
TRACK;1.11.29-3;-16.38072954;-71.50753423;-1939299.685;2841824.014;C;False; ; ;0; ; ; ; ; ; 
TRACK;1.11.29-3;-16.38077558;-71.50777646;-1939302.041;2841795.941;C;False; ; ;0; ; ; ; ; ; 
TRACK;1.11.29-3;-16.38082452;-71.50809792;-1939303.739;2841758.843;C;False; ; ;0; ; ; ; ; ; 
TRACK;1.11.29-3;-16.38085115;-71.50822021;-1939305.326;2841744.626;C;False; ; ;0; ; ; ; ; ; 
TRACK;1.11.29-3;-16.38091524;-71.50833965;-1939311.349;2841730.242;C;False; ; ;0; ; ; ; ; ; 
TRACK;1.11.29-3;-16.38151895;-71.50880334;-1939376.432;2841669.77;C;False; ; ;0; ; ; ; ; ; 
TRACK;1.11.30-1; ; ;-1.516416327;20763369.87;C; ; ; ; ; ; ; ; ; ; 
TRACK;1.11.30-1;-16.38183846;-71.50825366;-1939420.898;2841727.941;C;False; ; ;0; ; ; ; ; ; 
TRACK;1.11.30-1;-16.38201112;-71.50797746;-1939444.665;2841757.011;C;False; ; ;0; ; ; ; ; ; 
TRACK;1.11.30-1;-16.38212587;-71.50764897;-1939462.288;2841792.768;C;False; ; ;0; ; ; ; ; ; 
TRACK;1.11.30-1;-16.38210195;-71.50759655;-1939460.138;2841799.025;C;False; ; ;0; ; ; ; ; ; 
TRACK;1.11.30-1;-16.38181971;-71.5077407;-1939425.161;2841786.362;C;False; ; ;0; ; ; ; ; ; 
TRACK;1.11.30-1;-16.3816307;-71.50793825;-1939400.466;2841766.425;C;False; ; ;0; ; ; ; ; ; 
TRACK;1.11.30-1;-16.38169211;-71.50810849;-1939405.534;2841746.316;C;False; ; ;0; ; ; ; ; ; 
TRACK;1.11.30-2; ; ;-1.516416327;20763369.87;C; ; ; ; ; ; ; ; ; ; 
TRACK;1.11.30-2;-16.38178769;-71.50770018;-1939421.911;2841791.376;C;False; ; ;0; ; ; ; ; ; 
TRACK;1.11.30-2;-16.38190598;-71.50764528;-1939436.5;2841796.057;C;False; ; ;0; ; ; ; ; ; 
TRACK;1.11.30-2;-16.38178381;-71.50744262;-1939424.702;2841820.638;C;False; ; ;0; ; ; ; ; ; 
TRACK;1.11.30-2;-16.38170707;-71.50728913;-1939417.62;2841839.049;C;False; ; ;0; ; ; ; ; ; 
TRACK;1.11.30-2;-16.3817554;-71.50727929;-1939423.423;2841839.533;C;False; ; ;0; ; ; ; ; ; 
TRACK;1.11.30-2;-16.3818262;-71.50742623;-1939429.888;2841821.943;C;False; ; ;0; ; ; ; ; ; 
TRACK;1.11.30-2;-16.38195897;-71.50761449;-1939443.113;2841798.858;C;False; ; ;0; ; ; ; ; ; 
TRACK;1.11.30-2;-16.38218057;-71.50751287;-1939470.429;2841807.489;C;False; ; ;0; ; ; ; ; ; 
TRACK;1.11.30-2;-16.38184882;-71.50719284;-1939435.487;2841848.118;C;False; ; ;0; ; ; ; ; ; 
TRACK;1.11.30-2;-16.38167208;-71.507244;-1939414.078;2841844.624;C;False; ; ;0; ; ; ; ; ; 
TRACK;1.11.30-2;-16.38158787;-71.50696798;-1939407.665;2841877.028;C;False; ; ;0; ; ; ; ; ; 
TRACK;1.11.30-2;-16.38160775;-71.50661055;-1939414.505;2841917.306;C;False; ; ;0; ; ; ; ; ; 
TRACK;1.11.30-2;-16.38144747;-71.5066159;-1939395.607;2841918.793;C;False; ; ;0; ; ; ; ; ; 
TRACK;1.11.30-2;-16.38142245;-71.5069425;-1939388.551;2841882.078;C;False; ; ;0; ; ; ; ; ; 
TRACK;1.11.30-2;-16.38141286;-71.50724928;-1939383.557;2841847.41;C;False; ; ;0; ; ; ; ; ; 
TRACK;1.11.30-2;-16.38150285;-71.50760331;-1939389.667;2841806.082;C;False; ; ;0; ; ; ; ; ; 
TRACK;1.11.30-2;-16.38158303;-71.50788189;-1939395.575;2841773.44;C;False; ; ;0; ; ; ; ; ; 
TRACK;1.11.30-3; ; ;-1.516416327;20763369.87;C; ; ; ; ; ; ; ; ; ; 
TRACK;1.11.30-3;-16.38165091;-71.50654232;-1939420.437;2841924.482;C;False; ; ;0; ; ; ; ; ; 
TRACK;1.11.30-3;-16.38157281;-71.5059471;-1939418.764;2841993.009;C;False; ; ;0; ; ; ; ; ; 
TRACK;1.11.30-3;-16.3815365;-71.50574225;-1939417.081;2842016.717;C;False; ; ;0; ; ; ; ; ; 
TRACK;1.11.30-3;-16.3814986;-71.5055946;-1939414.49;2842033.957;C;False; ; ;0; ; ; ; ; ; 
TRACK;1.11.30-3;-16.3812984;-71.5056138;-1939390.727;2842034.395;C;False; ; ;0; ; ; ; ; ; 
TRACK;1.11.30-3;-16.38135393;-71.50598173;-1939392.613;2841991.939;C;False; ; ;0; ; ; ; ; ; 
TRACK;1.11.30-3;-16.38144485;-71.50658229;-1939395.724;2841922.64;C;False; ; ;0; ; ; ; ; ; 
TRACK;1.11.30-5; ; ;-1.516416327;20763369.87;C; ; ; ; ; ; ; ; ; ; 
TRACK;1.11.30-5;-16.3824491;-71.50808463;-1939494.77;2841739.137;C;False; ; ;0; ; ; ; ; ; 
TRACK;1.11.30-5;-16.38225654;-71.50833356;-1939469.009;2841713.419;C;False; ; ;0; ; ; ; ; ; 
TRACK;1.11.30-5;-16.38234546;-71.5084281;-1939478.264;2841701.536;C;False; ; ;0; ; ; ; ; ; 
TRACK;1.11.30-5;-16.38243384;-71.50831831;-1939490.032;2841712.833;C;False; ; ;0; ; ; ; ; ; 
TRACK;1.11.30-5;-16.38307487;-71.50890831;-1939557.905;2841637.549;C;False; ; ;0; ; ; ; ; ; 
TRACK;1.11.30-5;-16.38318189;-71.50875019;-1939572.472;2841654.084;C;False; ; ;0; ; ; ; ; ; 
TRACK;1.11.32-1; ; ;-1.516416327;20763369.87;C; ; ; ; ; ; ; ; ; ; 
TRACK;1.11.32-1;-16.38313241;-71.50925473;-1939560.299;2841597.509;C;False; ; ;0; ; ; ; ; ; 
TRACK;1.11.32-1;-16.38323427;-71.50914321;-1939573.671;2841608.827;C;False; ; ;0; ; ; ; ; ; 
TRACK;1.11.32-1;-16.38335345;-71.50888829;-1939590.887;2841636.181;C;False; ; ;0; ; ; ; ; ; 
TRACK;1.11.32-1;-16.38326574;-71.50881204;-1939581.543;2841645.975;C;False; ; ;0; ; ; ; ; ; 
TRACK;1.11.32-1;-16.38305467;-71.5091676;-1939552.264;2841608.405;C;False; ; ;0; ; ; ; ; ; 
TRACK;1.11.32-2; ; ;-1.516416327;20763369.87;C; ; ; ; ; ; ; ; ; ; 
TRACK;1.11.32-2;-16.38329959;-71.50837156;-1939591.073;2841695.489;C;False; ; ;0; ; ; ; ; ; 
TRACK;1.11.32-2;-16.38311012;-71.50812607;-1939571.907;2841725.805;C;False; ; ;0; ; ; ; ; ; 
TRACK;1.11.32-2;-16.38305659;-71.50816524;-1939565.125;2841722.062;C;False; ; ;0; ; ; ; ; ; 
TRACK;1.11.32-2;-16.38315107;-71.50840132;-1939573.248;2841694.053;C;False; ; ;0; ; ; ; ; ; 
TRACK;1.11.32-2;-16.38322964;-71.50852661;-1939580.9;2841678.818;C;False; ; ;0; ; ; ; ; ; 
TRACK;1.11.32-2;-16.38311608;-71.5086646;-1939565.819;2841664.651;C;False; ; ;0; ; ; ; ; ; 
TRACK;1.11.32-2;-16.38325589;-71.50880715;-1939580.448;2841646.658;C;False; ; ;0; ; ; ; ; ; 
TRACK;1.11.32-2;-16.38347427;-71.50854218;-1939609.444;2841673.858;C;False; ; ;0; ; ; ; ; ; 
TRACK;1.11.32-3; ; ;-1.516416327;20763369.87;C; ; ; ; ; ; ; ; ; ; 
TRACK;1.11.32-3;-16.3831151;-71.50865422;-1939565.835;2841665.84;C;False; ; ;0; ; ; ; ; ; 
TRACK;1.11.32-3;-16.38322136;-71.50852786;-1939579.912;2841678.784;C;False; ; ;0; ; ; ; ; ; 
TRACK;1.11.32-3;-16.38311634;-71.50838525;-1939569.372;2841696.329;C;False; ; ;0; ; ; ; ; ; 
TRACK;1.11.32-3;-16.38300568;-71.50813634;-1939559.508;2841726.004;C;False; ; ;0; ; ; ; ; ; 
TRACK;1.11.32-3;-16.38293587;-71.50801276;-1939552.865;2841740.931;C;False; ; ;0; ; ; ; ; ; 
TRACK;1.11.32-3;-16.38256811;-71.50765863;-1939514.122;2841785.898;C;False; ; ;0; ; ; ; ; ; 
TRACK;1.11.32-3;-16.38234367;-71.5079356;-1939484.263;2841757.416;C;False; ; ;0; ; ; ; ; ; 
TRACK;1.11.32-3;-16.38307893;-71.50860857;-1939562.161;2841671.49;C;False; ; ;0; ; ; ; ; ; 
TRACK;1.11.32-4; ; ;-1.516416327;20763369.87;C; ; ; ; ; ; ; ; ; ; 
TRACK;1.11.32-4;-16.38244365;-71.50807448;-1939494.258;2841740.36;C;False; ; ;0; ; ; ; ; ; 
TRACK;1.11.32-4;-16.3823226;-71.50796562;-1939481.409;2841754.287;C;False; ; ;0; ; ; ; ; ; 
TRACK;1.11.32-4;-16.38214623;-71.50818716;-1939457.895;2841731.463;C;False; ; ;0; ; ; ; ; ; 
TRACK;1.11.32-4;-16.38222926;-71.50834716;-1939465.633;2841712.234;C;False; ; ;0; ; ; ; ; ; 
TRACK;1.11.32-5; ; ;-1.516416327;20763369.87;C; ; ; ; ; ; ; ; ; ; 
TRACK;1.11.32-5;-16.38225781;-71.50802406;-1939473.06;2841748.504;C;False; ; ;0; ; ; ; ; ; 
TRACK;1.11.32-5;-16.38210878;-71.50788137;-1939457.35;2841766.633;C;False; ; ;0; ; ; ; ; ; 
TRACK;1.11.32-5;-16.38204561;-71.50800009;-1939448.431;2841753.993;C;False; ; ;0; ; ; ; ; ; 
TRACK;1.11.32-5;-16.38214075;-71.50816391;-1939457.545;2841734.172;C;False; ; ;0; ; ; ; ; ; 
TRACK;1.11.32-6; ; ;-1.516416327;20763369.87;C; ; ; ; ; ; ; ; ; ; 
TRACK;1.11.32-6;-16.38225783;-71.50797048;-1939473.738;2841754.581;C;False; ; ;0; ; ; ; ; ; 
TRACK;1.11.32-6;-16.38242179;-71.50778173;-1939495.38;2841773.847;C;False; ; ;0; ; ; ; ; ; 
TRACK;1.11.32-6;-16.38254595;-71.50763762;-1939511.783;2841788.569;C;False; ; ;0; ; ; ; ; ; 
TRACK;1.11.32-6;-16.38239527;-71.50751103;-1939495.676;2841804.894;C;False; ; ;0; ; ; ; ; ; 
TRACK;1.11.32-6;-16.38222355;-71.50760119;-1939474.365;2841796.912;C;False; ; ;0; ; ; ; ; ; 
TRACK;1.11.32-6;-16.38219464;-71.50763411;-1939470.554;2841793.555;C;False; ; ;0; ; ; ; ; ; 
TRACK;1.11.32-6;-16.38212078;-71.50785101;-1939459.142;2841769.92;C;False; ; ;0; ; ; ; ; ; 
TRACK;1.11.32-7; ; ;-1.516416327;20763369.87;C; ; ; ; ; ; ; ; ; ; 
TRACK;1.11.32-7;-16.38261118;-71.50766311;-1939519.126;2841784.827;C;False; ; ;0; ; ; ; ; ; 
TRACK;1.11.32-7;-16.38281124;-71.50782808;-1939540.55;2841763.504;C;False; ; ;0; ; ; ; ; ; 
TRACK;1.11.32-7;-16.38287773;-71.50774708;-1939549.383;2841771.823;C;False; ; ;0; ; ; ; ; ; 
TRACK;1.11.32-7;-16.38280649;-71.5075649;-1939543.31;2841793.415;C;False; ; ;0; ; ; ; ; ; 
TRACK;1.11.32-7;-16.38259147;-71.50745985;-1939519.372;2841808.137;C;False; ; ;0; ; ; ; ; ; 
TRACK;1.11.32-7;-16.38249749;-71.50746721;-1939508.238;2841808.53;C;False; ; ;0; ; ; ; ; ; 
TRACK;1.11.32-7;-16.38242793;-71.50749942;-1939499.66;2841805.785;C;False; ; ;0; ; ; ; ; ; 
TRACK;1.11.33-3; ; ;-1.516416327;20763369.87;C; ; ; ; ; ; ; ; ; ; 
TRACK;1.11.33-3;-16.3842154;-71.5094961;-1939684.49;2841555.992;C;False; ; ;0; ; ; ; ; ; 
TRACK;1.11.33-3;-16.38426798;-71.50941571;-1939691.68;2841564.423;C;False; ; ;0; ; ; ; ; ; 
TRACK;1.11.33-3;-16.38409555;-71.50921339;-1939673.974;2841589.62;C;False; ; ;0; ; ; ; ; ; 
TRACK;1.11.33-3;-16.38373545;-71.50956329;-1939627.257;2841554.64;C;False; ; ;0; ; ; ; ; ; 
TRACK;1.11.33-3;-16.38389788;-71.50980295;-1939643.318;2841525.338;C;False; ; ;0; ; ; ; ; ; 
TRACK;1.11.33-4; ; ;-1.516416327;20763369.87;C; ; ; ; ; ; ; ; ; ; 
TRACK;1.11.33-4;-16.38407884;-71.50919077;-1939672.296;2841592.404;C;False; ; ;0; ; ; ; ; ; 
TRACK;1.11.33-4;-16.38384056;-71.50893201;-1939647.563;2841624.862;C;False; ; ;0; ; ; ; ; ; 
TRACK;1.11.33-4;-16.38350914;-71.5092294;-1939604.878;2841595.462;C;False; ; ;0; ; ; ; ; ; 
TRACK;1.11.33-4;-16.3837125;-71.50952591;-1939625.032;2841559.179;C;False; ; ;0; ; ; ; ; ; 
TRACK;1.11.64-20; ; ;-1.516416327;20763369.87;C; ; ; ; ; ; ; ; ; ; 
TRACK;1.11.64-20;-16.3961428;-71.50994637;-1941080.076;2841349.123;C;False; ; ;0; ; ; ; ; ; 
TRACK;1.11.64-20;-16.39599237;-71.50989333;-1941063.072;2841357.103;C;False; ; ;0; ; ; ; ; ; 
TRACK;1.11.64-20;-16.39543907;-71.51151282;-1940977.644;2841180.678;C;False; ; ;0; ; ; ; ; ; 
TRACK;1.11.64-20;-16.39560938;-71.5115431;-1940997.27;2841175.019;C;False; ; ;0; ; ; ; ; ; 
TRACK;1.11.17-5; ; ;-1.516416327;20763369.87;D; ; ; ; ; ; ; ; ; ; 
TRACK;1.11.17-5;-16.38399999;-71.51025163;-1939649.659;2841473.119;D;False; ; ;0; ; ; ; ; ; 
TRACK;1.11.17-5;-16.38410719;-71.51026535;-1939662.08;2841470.163;D;False; ; ;0; ; ; ; ; ; 
TRACK;1.11.17-5;-16.38420864;-71.51027646;-1939673.86;2841467.579;D;False; ; ;0; ; ; ; ; ; 
TRACK;1.11.17-5;-16.38428531;-71.51027475;-1939682.888;2841466.772;D;False; ; ;0; ; ; ; ; ; 
TRACK;1.11.17-5;-16.3843592;-71.51026129;-1939691.739;2841467.333;D;False; ; ;0; ; ; ; ; ; 
TRACK;1.11.17-5;-16.38439463;-71.51023771;-1939696.198;2841469.545;D;False; ; ;0; ; ; ; ; ; 
TRACK;1.11.17-5;-16.38433103;-71.51018484;-1939689.393;2841476.371;D;False; ; ;0; ; ; ; ; ; 
TRACK;1.11.17-5;-16.38388759;-71.51006543;-1939638.801;2841495.705;D;False; ; ;0; ; ; ; ; ; 
TRACK;1.11.17-5;-16.38384012;-71.51021954;-1939631.282;2841478.846;D;False; ; ;0; ; ; ; ; ; 
TRACK;1.11.18-29; ; ;-1.516416327;20763369.87;D; ; ; ; ; ; ; ; ; ; 
TRACK;1.11.18-29;-16.37738087;-71.51050255;-1938868.857;2841531.076;D;False; ; ;0; ; ; ; ; ; 
TRACK;1.11.18-29;-16.37788046;-71.50984096;-1938935.888;2841599.59;D;False; ; ;0; ; ; ; ; ; 
TRACK;1.11.18-29;-16.37813209;-71.50950233;-1938969.719;2841634.711;D;False; ; ;0; ; ; ; ; ; 
TRACK;1.11.18-29;-16.37786369;-71.50924348;-1938941.447;2841667.572;D;False; ; ;0; ; ; ; ; ; 
TRACK;1.11.18-29;-16.37706181;-71.51022261;-1938834.9;2841566.99;D;False; ; ;0; ; ; ; ; ; 
TRACK;1.11.18-30; ; ;-1.516416327;20763369.87;D; ; ; ; ; ; ; ; ; ; 
TRACK;1.11.18-30;-16.37843582;-71.50961371;-1939003.999;2841618.113;D;False; ; ;0; ; ; ; ; ; 
TRACK;1.11.18-30;-16.3786915;-71.50932244;-1939037.708;2841647.811;D;False; ; ;0; ; ; ; ; ; 
TRACK;1.11.18-30;-16.37819605;-71.50883018;-1938985.703;2841710.109;D;False; ; ;0; ; ; ; ; ; 
TRACK;1.11.18-30;-16.37794801;-71.50912259;-1938952.877;2841680.183;D;False; ; ;0; ; ; ; ; ; 
TRACK;1.11.21-4; ; ;-1.516416327;20763369.87;D; ; ; ; ; ; ; ; ; ; 
TRACK;1.11.21-4;-16.37707261;-71.51089347;-1938827.716;2841490.762;D;False; ; ;0; ; ; ; ; ; 
TRACK;1.11.21-4;-16.37732186;-71.51056557;-1938861.13;2841524.698;D;False; ; ;0; ; ; ; ; ; 
TRACK;1.11.21-4;-16.37701762;-71.5102767;-1938829.028;2841561.432;D;False; ; ;0; ; ; ; ; ; 
TRACK;1.11.21-4;-16.37679374;-71.51055014;-1938799.279;2841533.341;D;False; ; ;0; ; ; ; ; ; 
TRACK;1.11.21-4;-16.37658423;-71.51079006;-1938771.642;2841508.865;D;False; ; ;0; ; ; ; ; ; 
TRACK;1.11.21-4;-16.37675107;-71.51106517;-1938787.777;2841475.485;D;False; ; ;0; ; ; ; ; ; 
TRACK;1.11.21-4;-16.37683257;-71.5111719;-1938796.006;2841462.317;D;False; ; ;0; ; ; ; ; ; 
TRACK;1.11.21-5; ; ;-1.516416327;20763369.87;D; ; ; ; ; ; ; ; ; ; 
TRACK;1.11.21-5;-16.37696986;-71.51021438;-1938824.201;2841569.124;D;False; ; ;0; ; ; ; ; ; 
TRACK;1.11.21-5;-16.37652952;-71.5097792;-1938777.952;2841624.228;D;False; ; ;0; ; ; ; ; ; 
TRACK;1.11.21-5;-16.37617781;-71.50940684;-1938741.324;2841671.051;D;False; ; ;0; ; ; ; ; ; 
TRACK;1.11.21-5;-16.37595451;-71.50916021;-1938718.196;2841701.938;D;False; ; ;0; ; ; ; ; ; 
TRACK;1.11.21-5;-16.37576687;-71.50932314;-1938694.099;2841685.907;D;False; ; ;0; ; ; ; ; ; 
TRACK;1.11.21-5;-16.37618723;-71.51001383;-1938734.781;2841602.084;D;False; ; ;0; ; ; ; ; ; 
TRACK;1.11.21-5;-16.37641323;-71.51045442;-1938755.781;2841549.164;D;False; ; ;0; ; ; ; ; ; 
TRACK;1.11.21-5;-16.37658867;-71.51065436;-1938773.873;2841524.198;D;False; ; ;0; ; ; ; ; ; 
TRACK;1.11.21-6; ; ;-1.516416327;20763369.87;D; ; ; ; ; ; ; ; ; ; 
TRACK;1.11.21-6;-16.37594366;-71.50912817;-1938717.325;2841705.713;D;False; ; ;0; ; ; ; ; ; 
TRACK;1.11.21-6;-16.37572794;-71.50878772;-1938696.271;2841747.143;D;False; ; ;0; ; ; ; ; ; 
TRACK;1.11.21-6;-16.37536029;-71.50824105;-1938659.966;2841813.944;D;False; ; ;0; ; ; ; ; ; 
TRACK;1.11.21-6;-16.3751412;-71.50790853;-1938638.416;2841854.518;D;False; ; ;0; ; ; ; ; ; 
TRACK;1.11.21-6;-16.37488773;-71.50755459;-1938613.097;2841897.97;D;False; ; ;0; ; ; ; ; ; 
TRACK;1.11.21-6;-16.37482578;-71.5074661;-1938606.934;2841908.816;D;False; ; ;0; ; ; ; ; ; 
TRACK;1.11.21-6;-16.37461592;-71.50765032;-1938579.957;2841890.661;D;False; ; ;0; ; ; ; ; ; 
TRACK;1.11.21-6;-16.37480083;-71.50781936;-1938599.551;2841869.075;D;False; ; ;0; ; ; ; ; ; 
TRACK;1.11.21-6;-16.37498484;-71.50812512;-1938617.316;2841831.993;D;False; ; ;0; ; ; ; ; ; 
TRACK;1.11.21-6;-16.375733;-71.50927804;-1938690.688;2841691.465;D;False; ; ;0; ; ; ; ; ; 
TRACK;1.11.21-7; ; ;-1.516416327;20763369.87;D; ; ; ; ; ; ; ; ; ; 
TRACK;1.11.21-7;-16.37531092;-71.50789305;-1938658.551;2841854.058;D;False; ; ;0; ; ; ; ; ; 
TRACK;1.11.21-7;-16.37517113;-71.50769363;-1938644.641;2841878.501;D;False; ; ;0; ; ; ; ; ; 
TRACK;1.11.21-7;-16.37503847;-71.50751789;-1938631.269;2841900.166;D;False; ; ;0; ; ; ; ; ; 
TRACK;1.11.21-7;-16.37496485;-71.50742649;-1938623.772;2841911.493;D;False; ; ;0; ; ; ; ; ; 
TRACK;1.11.21-7;-16.37489142;-71.50749803;-1938614.242;2841904.338;D;False; ; ;0; ; ; ; ; ; 
TRACK;1.11.21-7;-16.37523306;-71.50795809;-1938648.584;2841847.698;D;False; ; ;0; ; ; ; ; ; 
TRACK;1.11.21-8; ; ;-1.516416327;20763369.87;D; ; ; ; ; ; ; ; ; ; 
TRACK;1.11.21-8;-16.37480914;-71.50744473;-1938605.248;2841911.457;D;False; ; ;0; ; ; ; ; ; 
TRACK;1.11.21-8;-16.37456958;-71.5071302;-1938581.066;2841950.258;D;False; ; ;0; ; ; ; ; ; 
TRACK;1.11.21-8;-16.37435056;-71.50686413;-1938558.686;2841983.295;D;False; ; ;0; ; ; ; ; ; 
TRACK;1.11.21-8;-16.37407412;-71.5065042;-1938530.745;2842027.727;D;False; ; ;0; ; ; ; ; ; 
TRACK;1.11.21-8;-16.37390136;-71.50625684;-1938513.564;2842058.038;D;False; ; ;0; ; ; ; ; ; 
TRACK;1.11.21-8;-16.37365062;-71.50587831;-1938488.875;2842104.245;D;False; ; ;0; ; ; ; ; ; 
TRACK;1.11.21-8;-16.37341022;-71.50604854;-1938458.486;2842088.075;D;False; ; ;0; ; ; ; ; ; 
TRACK;1.11.21-8;-16.37361952;-71.50645806;-1938477.917;2842038.894;D;False; ; ;0; ; ; ; ; ; 
TRACK;1.11.21-8;-16.37371658;-71.50661191;-1938487.381;2842020.177;D;False; ; ;0; ; ; ; ; ; 
TRACK;1.11.21-8;-16.37406316;-71.50702249;-1938522.925;2841969.085;D;False; ; ;0; ; ; ; ; ; 
TRACK;1.11.21-8;-16.37431123;-71.50728025;-1938548.823;2841936.611;D;False; ; ;0; ; ; ; ; ; 
TRACK;1.11.21-8;-16.37441964;-71.50741754;-1938559.829;2841919.625;D;False; ; ;0; ; ; ; ; ; 
TRACK;1.11.21-8;-16.37460788;-71.50761745;-1938579.426;2841894.494;D;False; ; ;0; ; ; ; ; ; 
TRACK;1.11.21-9; ; ;-1.516416327;20763369.87;D; ; ; ; ; ; ; ; ; ; 
TRACK;1.11.21-9;-16.37362744;-71.50581623;-1938486.934;2842111.588;D;False; ; ;0; ; ; ; ; ; 
TRACK;1.11.21-9;-16.37336569;-71.50543201;-1938461.023;2842158.585;D;False; ; ;0; ; ; ; ; ; 
TRACK;1.11.21-9;-16.37296681;-71.50484774;-1938421.523;2842230.061;D;False; ; ;0; ; ; ; ; ; 
TRACK;1.11.21-9;-16.37284298;-71.50463676;-1938409.633;2842255.607;D;False; ; ;0; ; ; ; ; ; 
TRACK;1.11.21-9;-16.37261466;-71.50430896;-1938386.939;2842295.768;D;False; ; ;0; ; ; ; ; ; 
TRACK;1.11.21-9;-16.37253394;-71.50419598;-1938378.878;2842309.637;D;False; ; ;0; ; ; ; ; ; 
TRACK;1.11.21-9;-16.37232007;-71.50437277;-1938351.523;2842292.376;D;False; ; ;0; ; ; ; ; ; 
TRACK;1.11.21-9;-16.37257878;-71.50477995;-1938376.788;2842242.815;D;False; ; ;0; ; ; ; ; ; 
TRACK;1.11.21-9;-16.37290184;-71.50528309;-1938408.403;2842181.53;D;False; ; ;0; ; ; ; ; ; 
TRACK;1.11.21-9;-16.37338764;-71.50600378;-1938456.398;2842093.446;D;False; ; ;0; ; ; ; ; ; 
TRACK;1.11.21-10; ; ;-1.516416327;20763369.87;D; ; ; ; ; ; ; ; ; ; 
TRACK;1.11.21-10;-16.37249054;-71.50412538;-1938374.669;2842318.211;D;False; ; ;0; ; ; ; ; ; 
TRACK;1.11.21-10;-16.37229459;-71.5038519;-1938355.093;2842351.789;D;False; ; ;0; ; ; ; ; ; 
TRACK;1.11.21-10;-16.3721164;-71.50357262;-1938337.677;2842385.791;D;False; ; ;0; ; ; ; ; ; 
TRACK;1.11.21-10;-16.37160367;-71.5027849;-1938287.364;2842481.832;D;False; ; ;0; ; ; ; ; ; 
TRACK;1.11.21-10;-16.37140969;-71.50293247;-1938262.714;2842467.625;D;False; ; ;0; ; ; ; ; ; 
TRACK;1.11.21-10;-16.37225492;-71.50426047;-1938345.284;2842305.963;D;False; ; ;0; ; ; ; ; ; 
TRACK;1.11.21-10;-16.37231218;-71.50428572;-1938351.693;2842302.353;D;False; ; ;0; ; ; ; ; ; 
TRACK;1.11.21-11; ; ;-1.516416327;20763369.87;D; ; ; ; ; ; ; ; ; ; 
TRACK;1.11.21-11;-16.372445;-71.50328447;-1938379.917;2842414.185;D;False; ; ;0; ; ; ; ; ; 
TRACK;1.11.21-11;-16.37208591;-71.50278264;-1938344.05;2842475.793;D;False; ; ;0; ; ; ; ; ; 
TRACK;1.11.21-11;-16.37174367;-71.50229962;-1938309.928;2842535.047;D;False; ; ;0; ; ; ; ; ; 
TRACK;1.11.21-11;-16.37124216;-71.50160391;-1938259.773;2842620.506;D;False; ; ;0; ; ; ; ; ; 
TRACK;1.11.21-11;-16.37095165;-71.50182075;-1938222.908;2842599.703;D;False; ; ;0; ; ; ; ; ; 
TRACK;1.11.21-11;-16.37140429;-71.50243272;-1938268.377;2842524.381;D;False; ; ;0; ; ; ; ; ; 
TRACK;1.11.21-11;-16.37150655;-71.50235843;-1938281.328;2842531.473;D;False; ; ;0; ; ; ; ; ; 
TRACK;1.11.21-11;-16.37155185;-71.50242256;-1938285.842;2842523.607;D;False; ; ;0; ; ; ; ; ; 
TRACK;1.11.21-11;-16.37144363;-71.50250073;-1938272.142;2842516.153;D;False; ; ;0; ; ; ; ; ; 
TRACK;1.11.21-11;-16.37215877;-71.50353038;-1938343.188;2842390.029;D;False; ; ;0; ; ; ; ; ; 
TRACK;1.11.22-1; ; ;-1.516416327;20763369.87;D; ; ; ; ; ; ; ; ; ; 
TRACK;1.11.22-1;-16.37837328;-71.50856713;-1939009.84;2841737.63;D;False; ; ;0; ; ; ; ; ; 
TRACK;1.11.22-1;-16.37824933;-71.50841572;-1938997.186;2841756.421;D;False; ; ;0; ; ; ; ; ; 
TRACK;1.11.22-1;-16.37801838;-71.50813315;-1938973.614;2841791.483;D;False; ; ;0; ; ; ; ; ; 
TRACK;1.11.22-1;-16.37749598;-71.50871113;-1938904.956;2841732.75;D;False; ; ;0; ; ; ; ; ; 
TRACK;1.11.22-1;-16.37791447;-71.50910176;-1938949.199;2841682.983;D;False; ; ;0; ; ; ; ; ; 
TRACK;1.11.22-2; ; ;-1.516416327;20763369.87;D; ; ; ; ; ; ; ; ; ; 
TRACK;1.11.22-2;-16.37797325;-71.50809443;-1938968.8;2841796.465;D;False; ; ;0; ; ; ; ; ; 
TRACK;1.11.22-2;-16.3776249;-71.50766766;-1938933.252;2841849.415;D;False; ; ;0; ; ; ; ; ; 
TRACK;1.11.22-2;-16.37704396;-71.50822213;-1938858.012;2841794.112;D;False; ; ;0; ; ; ; ; ; 
TRACK;1.11.22-2;-16.37743374;-71.50863856;-1938898.558;2841741.793;D;False; ; ;0; ; ; ; ; ; 
TRACK;1.11.22-3; ; ;-1.516416327;20763369.87;D; ; ; ; ; ; ; ; ; ; 
TRACK;1.11.22-3;-16.37719388;-71.50715215;-1938889.109;2841913.511;D;False; ; ;0; ; ; ; ; ; 
TRACK;1.11.22-3;-16.37662631;-71.50769978;-1938815.527;2841858.809;D;False; ; ;0; ; ; ; ; ; 
TRACK;1.11.22-3;-16.37697582;-71.50813947;-1938851.048;2841804.377;D;False; ; ;0; ; ; ; ; ; 
TRACK;1.11.22-3;-16.37757002;-71.50759954;-1938927.663;2841857.858;D;False; ; ;0; ; ; ; ; ; 
TRACK;1.11.22-4; ; ;-1.516416327;20763369.87;D; ; ; ; ; ; ; ; ; ; 
TRACK;1.11.22-4;-16.37726611;-71.50698077;-1938899.755;2841932.005;D;False; ; ;0; ; ; ; ; ; 
TRACK;1.11.22-4;-16.3769369;-71.50652082;-1938866.874;2841988.47;D;False; ; ;0; ; ; ; ; ; 
TRACK;1.11.22-4;-16.37624177;-71.50713167;-1938777.508;2841928.263;D;False; ; ;0; ; ; ; ; ; 
TRACK;1.11.22-4;-16.37658091;-71.50760909;-1938811.335;2841869.687;D;False; ; ;0; ; ; ; ; ; 
TRACK;1.11.22-5; ; ;-1.516416327;20763369.87;D; ; ; ; ; ; ; ; ; ; 
TRACK;1.11.22-5;-16.37657057;-71.50673771;-1938821.103;2841968.653;D;False; ; ;0; ; ; ; ; ; 
TRACK;1.11.22-5;-16.37690553;-71.50644704;-1938864.119;2841997.248;D;False; ; ;0; ; ; ; ; ; 
TRACK;1.11.22-5;-16.37654863;-71.50594393;-1938828.528;2842058.971;D;False; ; ;0; ; ; ; ; ; 
TRACK;1.11.22-5;-16.37583921;-71.50658269;-1938737.13;2841995.784;D;False; ; ;0; ; ; ; ; ; 
TRACK;1.11.22-5;-16.37619218;-71.5070634;-1938772.542;2841936.653;D;False; ; ;0; ; ; ; ; ; 
TRACK;1.11.22-6; ; ;-1.516416327;20763369.87;D; ; ; ; ; ; ; ; ; ; 
TRACK;1.11.22-6;-16.3773859;-71.50531124;-1938934.872;2842119.799;D;False; ; ;0; ; ; ; ; ; 
TRACK;1.11.22-6;-16.3771336;-71.50549305;-1938902.939;2842102.472;D;False; ; ;0; ; ; ; ; ; 
TRACK;1.11.22-6;-16.37662517;-71.50586527;-1938838.513;2842066.893;D;False; ; ;0; ; ; ; ; ; 
TRACK;1.11.22-6;-16.37695924;-71.50633948;-1938871.785;2842008.747;D;False; ; ;0; ; ; ; ; ; 
TRACK;1.11.22-6;-16.37773929;-71.50577035;-1938970.605;2842063.113;D;False; ; ;0; ; ; ; ; ; 
TRACK;1.11.22-7; ; ;-1.516416327;20763369.87;D; ; ; ; ; ; ; ; ; ; 
TRACK;1.11.22-7;-16.37818435;-71.505416;-1939027.359;2842097.491;D;False; ; ;0; ; ; ; ; ; 
TRACK;1.11.22-7;-16.37796268;-71.50484301;-1939008.538;2842165.374;D;False; ; ;0; ; ; ; ; ; 
TRACK;1.11.22-7;-16.37746709;-71.50522235;-1938945.531;2842128.82;D;False; ; ;0; ; ; ; ; ; 
TRACK;1.11.22-7;-16.37782368;-71.50569322;-1938981.49;2842070.759;D;False; ; ;0; ; ; ; ; ; 
TRACK;1.11.22-8; ; ;-1.516416327;20763369.87;D; ; ; ; ; ; ; ; ; ; 
TRACK;1.11.22-8;-16.37743133;-71.50514022;-1938942.365;2842138.603;D;False; ; ;0; ; ; ; ; ; 
TRACK;1.11.22-8;-16.37793493;-71.50475726;-1939006.359;2842175.463;D;False; ; ;0; ; ; ; ; ; 
TRACK;1.11.22-8;-16.37770445;-71.50418277;-1938986.522;2842243.631;D;False; ; ;0; ; ; ; ; ; 
TRACK;1.11.22-8;-16.37708522;-71.50466845;-1938907.647;2842196.63;D;False; ; ;0; ; ; ; ; ; 
TRACK;1.11.22-9; ; ;-1.516416327;20763369.87;D; ; ; ; ; ; ; ; ; ; 
TRACK;1.11.22-9;-16.37733554;-71.50521814;-1938930.129;2842131.016;D;False; ; ;0; ; ; ; ; ; 
TRACK;1.11.22-9;-16.37701421;-71.50472988;-1938898.531;2842190.59;D;False; ; ;0; ; ; ; ; ; 
TRACK;1.11.22-9;-16.37623617;-71.50530699;-1938799.846;2842135.292;D;False; ; ;0; ; ; ; ; ; 
TRACK;1.11.22-9;-16.37656907;-71.50578805;-1938832.895;2842076.384;D;False; ; ;0; ; ; ; ; ; 
TRACK;1.11.22-10; ; ;-1.516416327;20763369.87;D; ; ; ; ; ; ; ; ; ; 
TRACK;1.11.22-10;-16.37649384;-71.50588318;-1938822.857;2842066.576;D;False; ; ;0; ; ; ; ; ; 
TRACK;1.11.22-10;-16.37615712;-71.50539291;-1938789.475;2842126.578;D;False; ; ;0; ; ; ; ; ; 
TRACK;1.11.22-10;-16.37544556;-71.50603248;-1938697.816;2842063.328;D;False; ; ;0; ; ; ; ; ; 
TRACK;1.11.22-10;-16.37579823;-71.50650373;-1938733.311;2842005.274;D;False; ; ;0; ; ; ; ; ; 
TRACK;1.11.22-11; ; ;-1.516416327;20763369.87;D; ; ; ; ; ; ; ; ; ; 
TRACK;1.11.22-11;-16.37586658;-71.50553235;-1938753.584;2842114.556;D;False; ; ;0; ; ; ; ; ; 
TRACK;1.11.22-11;-16.37611671;-71.50532393;-1938785.598;2842134.93;D;False; ; ;0; ; ; ; ; ; 
TRACK;1.11.22-11;-16.37576959;-71.50482596;-1938751.092;2842195.942;D;False; ; ;0; ; ; ; ; ; 
TRACK;1.11.22-11;-16.37505248;-71.50548901;-1938658.483;2842130.1;D;False; ; ;0; ; ; ; ; ; 
TRACK;1.11.22-11;-16.37540693;-71.50596519;-1938694.125;2842071.465;D;False; ; ;0; ; ; ; ; ; 
TRACK;1.11.22-12; ; ;-1.516416327;20763369.87;D; ; ; ; ; ; ; ; ; ; 
TRACK;1.11.22-12;-16.37659324;-71.50416632;-1938856.174;2842260.006;D;False; ; ;0; ; ; ; ; ; 
TRACK;1.11.22-12;-16.37623786;-71.50442591;-1938811.15;2842235.203;D;False; ; ;0; ; ; ; ; ; 
TRACK;1.11.22-12;-16.37585506;-71.50475867;-1938761.981;2842202.458;D;False; ; ;0; ; ; ; ; ; 
TRACK;1.11.22-12;-16.3761822;-71.50521728;-1938794.636;2842146.171;D;False; ; ;0; ; ; ; ; ; 
TRACK;1.11.22-12;-16.37695074;-71.50465485;-1938892.019;2842199.928;D;False; ; ;0; ; ; ; ; ; 
TRACK;1.11.22-13; ; ;-1.516416327;20763369.87;D; ; ; ; ; ; ; ; ; ; 
TRACK;1.11.22-13;-16.37758574;-71.50378847;-1938977.545;2842289.903;D;False; ; ;0; ; ; ; ; ; 
TRACK;1.11.22-13;-16.37727399;-71.50366619;-1938942.459;2842307.843;D;False; ; ;0; ; ; ; ; ; 
TRACK;1.11.22-13;-16.3767061;-71.50410522;-1938870.205;2842265.463;D;False; ; ;0; ; ; ; ; ; 
TRACK;1.11.22-13;-16.37703167;-71.50456955;-1938902.603;2842208.547;D;False; ; ;0; ; ; ; ; ; 
TRACK;1.11.22-13;-16.37767988;-71.50408135;-1938984.914;2842255.455;D;False; ; ;0; ; ; ; ; ; 
TRACK;1.11.22-14; ; ;-1.516416327;20763369.87;D; ; ; ; ; ; ; ; ; ; 
TRACK;1.11.22-14;-16.37700359;-71.50354491;-1938912.219;2842325.129;D;False; ; ;0; ; ; ; ; ; 
TRACK;1.11.22-14;-16.37641483;-71.50350668;-1938843.528;2842337.153;D;False; ; ;0; ; ; ; ; ; 
TRACK;1.11.22-14;-16.37632758;-71.50357414;-1938832.427;2842330.64;D;False; ; ;0; ; ; ; ; ; 
TRACK;1.11.22-14;-16.37664964;-71.50402951;-1938864.525;2842274.786;D;False; ; ;0; ; ; ; ; ; 
TRACK;1.11.22-14;-16.37720834;-71.50362638;-1938935.249;2842313.215;D;False; ; ;0; ; ; ; ; ; 
TRACK;1.11.22-15; ; ;-1.516416327;20763369.87;D; ; ; ; ; ; ; ; ; ; 
TRACK;1.11.22-15;-16.37656521;-71.5040962;-1938853.766;2842268.325;D;False; ; ;0; ; ; ; ; ; 
TRACK;1.11.22-15;-16.37625001;-71.50363202;-1938822.584;2842325.089;D;False; ; ;0; ; ; ; ; ; 
TRACK;1.11.22-15;-16.37611199;-71.50364209;-1938806.242;2842325.748;D;False; ; ;0; ; ; ; ; ; 
TRACK;1.11.22-15;-16.37546714;-71.50420024;-1938723.443;2842270.862;D;False; ; ;0; ; ; ; ; ; 
TRACK;1.11.22-15;-16.37580137;-71.50467226;-1938756.763;2842212.96;D;False; ; ;0; ; ; ; ; ; 
TRACK;1.11.22-16; ; ;-1.516416327;20763369.87;D; ; ; ; ; ; ; ; ; ; 
TRACK;1.11.22-16;-16.37538765;-71.50427836;-1938713.119;2842263.039;D;False; ; ;0; ; ; ; ; ; 
TRACK;1.11.22-16;-16.37467777;-71.50494479;-1938621.318;2842196.718;D;False; ; ;0; ; ; ; ; ; 
TRACK;1.11.22-16;-16.37501397;-71.50541886;-1938654.842;2842138.56;D;False; ; ;0; ; ; ; ; ; 
TRACK;1.11.22-16;-16.37571814;-71.50476392;-1938745.829;2842203.651;D;False; ; ;0; ; ; ; ; ; 
TRACK;1.11.22-17; ; ;-1.516416327;20763369.87;D; ; ; ; ; ; ; ; ; ; 
TRACK;1.11.22-17;-16.37532319;-71.50422129;-1938706.266;2842270.353;D;False; ; ;0; ; ; ; ; ; 
TRACK;1.11.22-17;-16.37500332;-71.50374342;-1938674.707;2842328.73;D;False; ; ;0; ; ; ; ; ; 
TRACK;1.11.22-17;-16.37428911;-71.50439587;-1938582.572;2842264.052;D;False; ; ;0; ; ; ; ; ; 
TRACK;1.11.22-17;-16.37461242;-71.50484289;-1938614.924;2842209.129;D;False; ; ;0; ; ; ; ; ; 
TRACK;1.11.22-18; ; ;-1.516416327;20763369.87;D; ; ; ; ; ; ; ; ; ; 
TRACK;1.11.22-18;-16.37605868;-71.50359119;-1938800.62;2842332.218;D;False; ; ;0; ; ; ; ; ; 
TRACK;1.11.22-18;-16.37620074;-71.50357604;-1938817.501;2842332.081;D;False; ; ;0; ; ; ; ; ; 
TRACK;1.11.22-18;-16.37623299;-71.50348333;-1938822.459;2842342.175;D;False; ; ;0; ; ; ; ; ; 
TRACK;1.11.22-18;-16.37588694;-71.50341279;-1938782.691;2842354.694;D;False; ; ;0; ; ; ; ; ; 
TRACK;1.11.22-18;-16.37543333;-71.50332751;-1938730.471;2842370.29;D;False; ; ;0; ; ; ; ; ; 
TRACK;1.11.22-18;-16.3750897;-71.50366773;-1938685.81;2842336.187;D;False; ; ;0; ; ; ; ; ; 
TRACK;1.11.22-18;-16.37542899;-71.50410383;-1938720.177;2842282.295;D;False; ; ;0; ; ; ; ; ; 
TRACK;1.11.22-19; ; ;-1.516416327;20763369.87;D; ; ; ; ; ; ; ; ; ; 
TRACK;1.11.22-19;-16.37565925;-71.50304595;-1938760.563;2842399.276;D;False; ; ;0; ; ; ; ; ; 
TRACK;1.11.22-19;-16.37551901;-71.50283896;-1938746.695;2842424.583;D;False; ; ;0; ; ; ; ; ; 
TRACK;1.11.22-19;-16.37540712;-71.50274436;-1938734.742;2842436.775;D;False; ; ;0; ; ; ; ; ; 
TRACK;1.11.22-19;-16.3753009;-71.50255374;-1938724.665;2842459.782;D;False; ; ;0; ; ; ; ; ; 
TRACK;1.11.22-19;-16.37507303;-71.50275533;-1938695.352;2842439.892;D;False; ; ;0; ; ; ; ; ; 
TRACK;1.11.22-19;-16.37544249;-71.50322181;-1938732.88;2842382.159;D;False; ; ;0; ; ; ; ; ; 
TRACK;1.11.22-20; ; ;-1.516416327;20763369.87;D; ; ; ; ; ; ; ; ; ; 
TRACK;1.11.22-20;-16.37538906;-71.5032808;-1938725.859;2842376.166;D;False; ; ;0; ; ; ; ; ; 
TRACK;1.11.22-20;-16.37503566;-71.50279961;-1938690.403;2842435.358;D;False; ; ;0; ; ; ; ; ; 
TRACK;1.11.22-20;-16.37468105;-71.503106;-1938644.878;2842405.236;D;False; ; ;0; ; ; ; ; ; 
TRACK;1.11.22-20;-16.37504694;-71.50357502;-1938681.955;2842347.261;D;False; ; ;0; ; ; ; ; ; 
TRACK;1.11.22-21; ; ;-1.516416327;20763369.87;D; ; ; ; ; ; ; ; ; ; 
TRACK;1.11.22-21;-16.37462169;-71.50318833;-1938636.866;2842396.673;D;False; ; ;0; ; ; ; ; ; 
TRACK;1.11.22-21;-16.37431608;-71.50345492;-1938597.6;2842370.425;D;False; ; ;0; ; ; ; ; ; 
TRACK;1.11.22-21;-16.37388942;-71.50384997;-1938542.493;2842331.188;D;False; ; ;0; ; ; ; ; ; 
TRACK;1.11.22-21;-16.37423811;-71.50432008;-1938577.536;2842273.314;D;False; ; ;0; ; ; ; ; ; 
TRACK;1.11.22-21;-16.37496489;-71.50365677;-1938671.284;2842339.06;D;False; ; ;0; ; ; ; ; ; 
TRACK;1.11.22-22; ; ;-1.516416327;20763369.87;D; ; ; ; ; ; ; ; ; ; 
TRACK;1.11.22-22;-16.37425866;-71.50339582;-1938591.599;2842377.878;D;False; ; ;0; ; ; ; ; ; 
TRACK;1.11.22-22;-16.37456973;-71.50311035;-1938631.744;2842406.196;D;False; ; ;0; ; ; ; ; ; 
TRACK;1.11.22-22;-16.37420974;-71.50266112;-1938595.112;2842461.85;D;False; ; ;0; ; ; ; ; ; 
TRACK;1.11.22-22;-16.37350778;-71.5033173;-1938504.369;2842396.588;D;False; ; ;0; ; ; ; ; ; 
TRACK;1.11.22-22;-16.37384491;-71.50377208;-1938538.245;2842340.603;D;False; ; ;0; ; ; ; ; ; 
TRACK;1.11.22-23; ; ;-1.516416327;20763369.87;D; ; ; ; ; ; ; ; ; ; 
TRACK;1.11.22-23;-16.3749866;-71.50276624;-1938685.059;2842439.784;D;False; ; ;0; ; ; ; ; ; 
TRACK;1.11.22-23;-16.3746448;-71.5022854;-1938650.962;2842498.785;D;False; ; ;0; ; ; ; ; ; 
TRACK;1.11.22-23;-16.37431321;-71.5025644;-1938608.487;2842471.469;D;False; ; ;0; ; ; ; ; ; 
TRACK;1.11.22-23;-16.37465697;-71.50304494;-1938642.818;2842412.476;D;False; ; ;0; ; ; ; ; ; 
TRACK;1.11.22-24; ; ;-1.516416327;20763369.87;D; ; ; ; ; ; ; ; ; ; 
TRACK;1.11.22-24;-16.37525505;-71.50253549;-1938719.508;2842462.451;D;False; ; ;0; ; ; ; ; ; 
TRACK;1.11.22-24;-16.3750498;-71.50205537;-1938701.446;2842519.587;D;False; ; ;0; ; ; ; ; ; 
TRACK;1.11.22-24;-16.37484962;-71.50214357;-1938676.814;2842512.197;D;False; ; ;0; ; ; ; ; ; 
TRACK;1.11.22-24;-16.37469307;-71.50222281;-1938657.422;2842505.254;D;False; ; ;0; ; ; ; ; ; 
TRACK;1.11.22-24;-16.37504346;-71.50271835;-1938692.343;2842444.472;D;False; ; ;0; ; ; ; ; ; 
TRACK;1.11.22-25; ; ;-1.516416327;20763369.87;D; ; ; ; ; ; ; ; ; ; 
TRACK;1.11.22-25;-16.3748786;-71.50203916;-1938681.535;2842523.662;D;False; ; ;0; ; ; ; ; ; 
TRACK;1.11.22-25;-16.37499982;-71.50193027;-1938697.151;2842534.429;D;False; ; ;0; ; ; ; ; ; 
TRACK;1.11.22-25;-16.37483042;-71.50164858;-1938680.799;2842568.592;D;False; ; ;0; ; ; ; ; ; 
TRACK;1.11.22-25;-16.37456445;-71.50130242;-1938653.913;2842611.327;D;False; ; ;0; ; ; ; ; ; 
TRACK;1.11.22-25;-16.37442671;-71.5011531;-1938639.612;2842630.062;D;False; ; ;0; ; ; ; ; ; 
TRACK;1.11.22-25;-16.37429072;-71.50115384;-1938623.625;2842631.754;D;False; ; ;0; ; ; ; ; ; 
TRACK;1.11.22-25;-16.37408477;-71.50139989;-1938596.326;2842606.535;D;False; ; ;0; ; ; ; ; ; 
TRACK;1.11.22-25;-16.37427479;-71.50165501;-1938615.436;2842575.117;D;False; ; ;0; ; ; ; ; ; 
TRACK;1.11.22-25;-16.37466567;-71.50220068;-1938654.483;2842508.121;D;False; ; ;0; ; ; ; ; ; 
TRACK;1.11.22-26; ; ;-1.516416327;20763369.87;D; ; ; ; ; ; ; ; ; ; 
TRACK;1.11.22-26;-16.37459421;-71.50222739;-1938645.749;2842506.025;D;False; ; ;0; ; ; ; ; ; 
TRACK;1.11.22-26;-16.37428544;-71.50181478;-1938614.674;2842556.856;D;False; ; ;0; ; ; ; ; ; 
TRACK;1.11.22-26;-16.37394089;-71.50207041;-1938570.97;2842532.36;D;False; ; ;0; ; ; ; ; ; 
TRACK;1.11.22-26;-16.37426379;-71.50251318;-1938603.327;2842477.924;D;False; ; ;0; ; ; ; ; ; 
TRACK;1.11.22-27; ; ;-1.516416327;20763369.87;D; ; ; ; ; ; ; ; ; ; 
TRACK;1.11.22-27;-16.3741859;-71.50256591;-1938593.51;2842472.96;D;False; ; ;0; ; ; ; ; ; 
TRACK;1.11.22-27;-16.37397783;-71.50226039;-1938572.915;2842510.329;D;False; ; ;0; ; ; ; ; ; 
TRACK;1.11.22-27;-16.37385981;-71.50210562;-1938561;2842529.426;D;False; ; ;0; ; ; ; ; ; 
TRACK;1.11.22-27;-16.37347928;-71.50243695;-1938512.115;2842496.813;D;False; ; ;0; ; ; ; ; ; 
TRACK;1.11.22-27;-16.37312154;-71.50276271;-1938465.979;2842464.533;D;False; ; ;0; ; ; ; ; ; 
TRACK;1.11.22-27;-16.37345469;-71.50323239;-1938499.2;2842406.911;D;False; ; ;0; ; ; ; ; ; 
TRACK;1.11.22-29; ; ;-1.516416327;20763369.87;D; ; ; ; ; ; ; ; ; ; 
TRACK;1.11.22-29;-16.3742244;-71.50172894;-1938608.583;2842567.39;D;False; ; ;0; ; ; ; ; ; 
TRACK;1.11.22-29;-16.37406866;-71.50151246;-1938593.015;2842593.977;D;False; ; ;0; ; ; ; ; ; 
TRACK;1.11.22-29;-16.3737911;-71.50138992;-1938561.949;2842611.5;D;False; ; ;0; ; ; ; ; ; 
TRACK;1.11.22-29;-16.37323221;-71.5011292;-1938499.57;2842648.37;D;False; ; ;0; ; ; ; ; ; 
TRACK;1.11.22-29;-16.37331952;-71.50123653;-1938508.475;2842635.056;D;False; ; ;0; ; ; ; ; ; 
TRACK;1.11.22-29;-16.37358546;-71.50160861;-1938535.031;2842589.381;D;False; ; ;0; ; ; ; ; ; 
TRACK;1.11.22-29;-16.37388957;-71.50202113;-1938565.561;2842538.62;D;False; ; ;0; ; ; ; ; ; 
TRACK;1.11.22-30; ; ;-1.516416327;20763369.87;D; ; ; ; ; ; ; ; ; ; 
TRACK;1.11.22-30;-16.37425789;-71.50111196;-1938620.295;2842636.934;D;False; ; ;0; ; ; ; ; ; 
TRACK;1.11.22-30;-16.37410477;-71.50099819;-1938603.739;2842651.837;D;False; ; ;0; ; ; ; ; ; 
TRACK;1.11.22-30;-16.37381306;-71.50074893;-1938572.607;2842683.919;D;False; ; ;0; ; ; ; ; ; 
TRACK;1.11.22-30;-16.37348005;-71.50052441;-1938536.312;2842713.733;D;False; ; ;0; ; ; ; ; ; 
TRACK;1.11.22-30;-16.37336545;-71.50060968;-1938521.772;2842705.558;D;False; ; ;0; ; ; ; ; ; 
TRACK;1.11.22-30;-16.37352724;-71.50090471;-1938537.062;2842669.981;D;False; ; ;0; ; ; ; ; ; 
TRACK;1.11.22-30;-16.37371663;-71.50126976;-1938554.713;2842626.102;D;False; ; ;0; ; ; ; ; ; 
TRACK;1.11.22-30;-16.37401642;-71.50141201;-1938588.143;2842606.053;D;False; ; ;0; ; ; ; ; ; 
TRACK;1.11.22-31; ; ;-1.516416327;20763369.87;D; ; ; ; ; ; ; ; ; ; 
TRACK;1.11.22-31;-16.37345527;-71.50118237;-1938525.107;2842639.426;D;False; ; ;0; ; ; ; ; ; 
TRACK;1.11.22-31;-16.37352173;-71.50105491;-1938534.522;2842653.016;D;False; ; ;0; ; ; ; ; ; 
TRACK;1.11.22-31;-16.37329135;-71.50062076;-1938512.927;2842705.267;D;False; ; ;0; ; ; ; ; ; 
TRACK;1.11.22-31;-16.37308258;-71.50033461;-1938492.005;2842740.45;D;False; ; ;0; ; ; ; ; ; 
TRACK;1.11.22-31;-16.37259944;-71.50017191;-1938437.291;2842765.213;D;False; ; ;0; ; ; ; ; ; 
TRACK;1.11.22-31;-16.37242758;-71.50041795;-1938413.997;2842739.55;D;False; ; ;0; ; ; ; ; ; 
TRACK;1.11.22-31;-16.37284477;-71.50088692;-1938457.103;2842680.909;D;False; ; ;0; ; ; ; ; ; 
TRACK;1.11.22-32; ; ;-1.516416327;20763369.87;D; ; ; ; ; ; ; ; ; ; 
TRACK;1.11.22-32;-16.37245528;-71.50094274;-1938410.638;2842679.663;D;False; ; ;0; ; ; ; ; ; 
TRACK;1.11.22-32;-16.37252084;-71.50094527;-1938418.309;2842678.52;D;False; ; ;0; ; ; ; ; ; 
TRACK;1.11.22-32;-16.3725936;-71.50099087;-1938426.282;2842672.398;D;False; ; ;0; ; ; ; ; ; 
TRACK;1.11.22-32;-16.37268833;-71.50113069;-1938435.65;2842655.302;D;False; ; ;0; ; ; ; ; ; 
TRACK;1.11.22-32;-16.37293626;-71.50147776;-1938460.405;2842612.699;D;False; ; ;0; ; ; ; ; ; 
TRACK;1.11.22-32;-16.37325941;-71.50124306;-1938501.33;2842635.1;D;False; ; ;0; ; ; ; ; ; 
TRACK;1.11.22-32;-16.37304306;-71.50106438;-1938478.163;2842658.192;D;False; ; ;0; ; ; ; ; ; 
TRACK;1.11.22-32;-16.37287277;-71.50098071;-1938459.21;2842669.905;D;False; ; ;0; ; ; ; ; ; 
TRACK;1.11.22-32;-16.37275131;-71.50086191;-1938446.437;2842684.967;D;False; ; ;0; ; ; ; ; ; 
TRACK;1.11.22-32;-16.37234703;-71.50039378;-1938404.838;2842743.343;D;False; ; ;0; ; ; ; ; ; 
TRACK;1.11.22-32;-16.37227205;-71.50044335;-1938395.404;2842738.7;D;False; ; ;0; ; ; ; ; ; 
TRACK;1.11.22-32;-16.37215773;-71.50034431;-1938383.221;2842751.426;D;False; ; ;0; ; ; ; ; ; 
TRACK;1.11.22-32;-16.37208602;-71.5003221;-1938375.075;2842754.881;D;False; ; ;0; ; ; ; ; ; 
TRACK;1.11.22-32;-16.37186606;-71.50050515;-1938346.925;2842736.991;D;False; ; ;0; ; ; ; ; ; 
TRACK;1.11.22-32;-16.37225963;-71.50103416;-1938386.498;2842671.848;D;False; ; ;0; ; ; ; ; ; 
TRACK;1.11.22-32;-16.37238486;-71.50093767;-1938402.428;2842681.157;D;False; ; ;0; ; ; ; ; ; 
TRACK;1.11.22-33; ; ;-1.516416327;20763369.87;D; ; ; ; ; ; ; ; ; ; 
TRACK;1.11.22-33;-16.37289217;-71.5015023;-1938454.915;2842610.491;D;False; ; ;0; ; ; ; ; ; 
TRACK;1.11.22-33;-16.37250929;-71.50098373;-1938416.466;2842674.309;D;False; ; ;0; ; ; ; ; ; 
TRACK;1.11.22-33;-16.37244327;-71.50099222;-1938408.603;2842674.208;D;False; ; ;0; ; ; ; ; ; 
TRACK;1.11.22-33;-16.37241225;-71.50100929;-1938404.743;2842672.677;D;False; ; ;0; ; ; ; ; ; 
TRACK;1.11.22-33;-16.37219315;-71.50119309;-1938376.684;2842654.689;D;False; ; ;0; ; ; ; ; ; 
TRACK;1.11.22-33;-16.37258687;-71.50173916;-1938416.061;2842587.611;D;False; ; ;0; ; ; ; ; ; 
TRACK;1.11.22-34; ; ;-1.516416327;20763369.87;D; ; ; ; ; ; ; ; ; ; 
TRACK;1.11.22-34;-16.37253033;-71.5017768;-1938408.943;2842584.079;D;False; ; ;0; ; ; ; ; ; 
TRACK;1.11.22-34;-16.37215159;-71.50123915;-1938371.221;2842650.007;D;False; ; ;0; ; ; ; ; ; 
TRACK;1.11.22-34;-16.37184169;-71.50147951;-1938331.781;2842626.79;D;False; ; ;0; ; ; ; ; ; 
TRACK;1.11.22-34;-16.37222658;-71.50201706;-1938370.227;2842560.793;D;False; ; ;0; ; ; ; ; ; 
TRACK;1.11.22-35; ; ;-1.516416327;20763369.87;D; ; ; ; ; ; ; ; ; ; 
TRACK;1.11.22-35;-16.37216703;-71.50205927;-1938362.699;2842556.783;D;False; ; ;0; ; ; ; ; ; 
TRACK;1.11.22-35;-16.37178109;-71.50151884;-1938324.165;2842623.12;D;False; ; ;0; ; ; ; ; ; 
TRACK;1.11.22-35;-16.37147697;-71.50175299;-1938285.482;2842600.531;D;False; ; ;0; ; ; ; ; ; 
TRACK;1.11.22-35;-16.37186885;-71.50230181;-1938324.609;2842533.166;D;False; ; ;0; ; ; ; ; ; 
TRACK;1.11.22-36; ; ;-1.516416327;20763369.87;D; ; ; ; ; ; ; ; ; ; 
TRACK;1.11.22-36;-16.37259945;-71.50266163;-1938405.912;2842482.814;D;False; ; ;0; ; ; ; ; ; 
TRACK;1.11.22-36;-16.37222361;-71.50212105;-1938368.567;2842549.037;D;False; ; ;0; ; ; ; ; ; 
TRACK;1.11.22-36;-16.37190775;-71.50236394;-1938328.396;2842525.61;D;False; ; ;0; ; ; ; ; ; 
TRACK;1.11.22-36;-16.37229835;-71.50289913;-1938367.543;2842459.807;D;False; ; ;0; ; ; ; ; ; 
TRACK;1.11.22-37; ; ;-1.516416327;20763369.87;D; ; ; ; ; ; ; ; ; ; 
TRACK;1.11.22-37;-16.37296773;-71.50237305;-1938452.818;2842510.738;D;False; ; ;0; ; ; ; ; ; 
TRACK;1.11.22-37;-16.37258103;-71.50184809;-1938414.001;2842575.331;D;False; ; ;0; ; ; ; ; ; 
TRACK;1.11.22-37;-16.3722651;-71.5020876;-1938373.864;2842552.289;D;False; ; ;0; ; ; ; ; ; 
TRACK;1.11.22-37;-16.37266908;-71.50261536;-1938414.676;2842487.154;D;False; ; ;0; ; ; ; ; ; 
TRACK;1.11.22-39; ; ;-1.516416327;20763369.87;D; ; ; ; ; ; ; ; ; ; 
TRACK;1.11.22-39;-16.37334884;-71.50334169;-1938485.387;2842395.896;D;False; ; ;0; ; ; ; ; ; 
TRACK;1.11.22-39;-16.37301364;-71.50287714;-1938451.859;2842452.964;D;False; ; ;0; ; ; ; ; ; 
TRACK;1.11.22-39;-16.37255426;-71.50326967;-1938392.939;2842414.437;D;False; ; ;0; ; ; ; ; ; 
TRACK;1.11.22-39;-16.37291113;-71.50375465;-1938428.756;2842354.77;D;False; ; ;0; ; ; ; ; ; 
TRACK;1.11.22-40; ; ;-1.516416327;20763369.87;D; ; ; ; ; ; ; ; ; ; 
TRACK;1.11.22-40;-16.37282146;-71.50382759;-1938417.302;2842347.667;D;False; ; ;0; ; ; ; ; ; 
TRACK;1.11.22-40;-16.37249106;-71.50335983;-1938384.377;2842405.036;D;False; ; ;0; ; ; ; ; ; 
TRACK;1.11.22-40;-16.37220305;-71.503608;-1938347.413;2842380.648;D;False; ; ;0; ; ; ; ; ; 
TRACK;1.11.22-40;-16.37253263;-71.50408238;-1938380.156;2842322.539;D;False; ; ;0; ; ; ; ; ; 
TRACK;1.11.22-41; ; ;-1.516416327;20763369.87;D; ; ; ; ; ; ; ; ; ; 
TRACK;1.11.22-41;-16.3732165;-71.50438449;-1938456.696;2842279.345;D;False; ; ;0; ; ; ; ; ; 
TRACK;1.11.22-41;-16.37286155;-71.50388763;-1938421.255;2842340.334;D;False; ; ;0; ; ; ; ; ; 
TRACK;1.11.22-41;-16.37256415;-71.50414428;-1938383.079;2842315.107;D;False; ; ;0; ; ; ; ; ; 
TRACK;1.11.22-41;-16.37290772;-71.50465541;-1938417.004;2842252.647;D;False; ; ;0; ; ; ; ; ; 
TRACK;1.11.22-42; ; ;-1.516416327;20763369.87;D; ; ; ; ; ; ; ; ; ; 
TRACK;1.11.22-42;-16.37374669;-71.50388332;-1938525.304;2842329.268;D;False; ; ;0; ; ; ; ; ; 
TRACK;1.11.22-42;-16.37340179;-71.50340026;-1938490.87;2842388.562;D;False; ; ;0; ; ; ; ; ; 
TRACK;1.11.22-42;-16.37294922;-71.50381966;-1938432.412;2842346.9;D;False; ; ;0; ; ; ; ; ; 
TRACK;1.11.22-42;-16.37329482;-71.50428932;-1938467.097;2842289.117;D;False; ; ;0; ; ; ; ; ; 
TRACK;1.11.22-43; ; ;-1.516416327;20763369.87;D; ; ; ; ; ; ; ; ; ; 
TRACK;1.11.22-43;-16.37413875;-71.50442192;-1938564.579;2842263.06;D;False; ; ;0; ; ; ; ; ; 
TRACK;1.11.22-43;-16.3737964;-71.50396366;-1938530.132;2842319.507;D;False; ; ;0; ; ; ; ; ; 
TRACK;1.11.22-43;-16.37334529;-71.50436646;-1938472.055;2842279.709;D;False; ; ;0; ; ; ; ; ; 
TRACK;1.11.22-43;-16.37368196;-71.50484384;-1938505.594;2842221.168;D;False; ; ;0; ; ; ; ; ; 
TRACK;1.11.22-44; ; ;-1.516416327;20763369.87;D; ; ; ; ; ; ; ; ; ; 
TRACK;1.11.22-44;-16.37361692;-71.50491908;-1938497.004;2842213.483;D;False; ; ;0; ; ; ; ; ; 
TRACK;1.11.22-44;-16.37326963;-71.50444737;-1938462.146;2842271.52;D;False; ; ;0; ; ; ; ; ; 
TRACK;1.11.22-44;-16.37295245;-71.5047308;-1938421.31;2842243.512;D;False; ; ;0; ; ; ; ; ; 
TRACK;1.11.22-44;-16.37328142;-71.50521219;-1938453.893;2842184.617;D;False; ; ;0; ; ; ; ; ; 
TRACK;1.11.22-45; ; ;-1.516416327;20763369.87;D; ; ; ; ; ; ; ; ; ; 
TRACK;1.11.22-45;-16.37401725;-71.50547077;-1938537.085;2842145.683;D;False; ; ;0; ; ; ; ; ; 
TRACK;1.11.22-45;-16.37367525;-71.50499597;-1938502.889;2842204;D;False; ; ;0; ; ; ; ; ; 
TRACK;1.11.22-45;-16.3733325;-71.50531022;-1938458.658;2842172.832;D;False; ; ;0; ; ; ; ; ; 
TRACK;1.11.22-45;-16.37367424;-71.50580057;-1938492.63;2842112.753;D;False; ; ;0; ; ; ; ; ; 
TRACK;1.11.22-46; ; ;-1.516416327;20763369.87;D; ; ; ; ; ; ; ; ; ; 
TRACK;1.11.22-46;-16.37452937;-71.50498872;-1938603.329;2842193.673;D;False; ; ;0; ; ; ; ; ; 
TRACK;1.11.22-46;-16.37418914;-71.50451312;-1938569.35;2842252.058;D;False; ; ;0; ; ; ; ; ; 
TRACK;1.11.22-46;-16.37374364;-71.50493316;-1938511.715;2842210.231;D;False; ; ;0; ; ; ; ; ; 
TRACK;1.11.22-46;-16.37408833;-71.50540605;-1938546.253;2842152.095;D;False; ; ;0; ; ; ; ; ; 
TRACK;1.11.22-47; ; ;-1.516416327;20763369.87;D; ; ; ; ; ; ; ; ; ; 
TRACK;1.11.22-47;-16.37491028;-71.50551504;-1938641.448;2842129.004;D;False; ; ;0; ; ; ; ; ; 
TRACK;1.11.22-47;-16.37456669;-71.50505353;-1938606.896;2842185.835;D;False; ; ;0; ; ; ; ; ; 
TRACK;1.11.22-47;-16.37414097;-71.50546748;-1938551.663;2842144.441;D;False; ; ;0; ; ; ; ; ; 
TRACK;1.11.22-47;-16.37448644;-71.50594122;-1938586.281;2842086.199;D;False; ; ;0; ; ; ; ; ; 
TRACK;1.11.22-48; ; ;-1.516416327;20763369.87;D; ; ; ; ; ; ; ; ; ; 
TRACK;1.11.22-48;-16.3744144;-71.50600612;-1938577;2842079.778;D;False; ; ;0; ; ; ; ; ; 
TRACK;1.11.22-48;-16.37406676;-71.50554712;-1938541.941;2842136.376;D;False; ; ;0; ; ; ; ; ; 
TRACK;1.11.22-48;-16.37371467;-71.50586467;-1938496.573;2842104.955;D;False; ; ;0; ; ; ; ; ; 
TRACK;1.11.22-48;-16.37404523;-71.50633252;-1938529.514;2842047.577;D;False; ; ;0; ; ; ; ; ; 
TRACK;1.11.22-49; ; ;-1.516416327;20763369.87;D; ; ; ; ; ; ; ; ; ; 
TRACK;1.11.22-49;-16.37480153;-71.50657173;-1938615.355;2842010.572;D;False; ; ;0; ; ; ; ; ; 
TRACK;1.11.22-49;-16.37447702;-71.50607815;-1938583.449;2842070.791;D;False; ; ;0; ; ; ; ; ; 
TRACK;1.11.22-49;-16.37409958;-71.50640661;-1938534.965;2842038.464;D;False; ; ;0; ; ; ; ; ; 
TRACK;1.11.22-49;-16.37443857;-71.50688375;-1938568.78;2841979.92;D;False; ; ;0; ; ; ; ; ; 
TRACK;1.11.22-51; ; ;-1.516416327;20763369.87;D; ; ; ; ; ; ; ; ; ; 
TRACK;1.11.22-51;-16.37569073;-71.50660784;-1938719.369;2841994.87;D;False; ; ;0; ; ; ; ; ; 
TRACK;1.11.22-51;-16.3753536;-71.50614527;-1938685.591;2842051.736;D;False; ; ;0; ; ; ; ; ; 
TRACK;1.11.22-51;-16.37493107;-71.50655365;-1938630.802;2842010.932;D;False; ; ;0; ; ; ; ; ; 
TRACK;1.11.22-51;-16.37527145;-71.50702128;-1938664.899;2841953.45;D;False; ; ;0; ; ; ; ; ; 
TRACK;1.11.22-52; ; ;-1.516416327;20763369.87;D; ; ; ; ; ; ; ; ; ; 
TRACK;1.11.22-52;-16.3751893;-71.50709528;-1938654.315;2841946.129;D;False; ; ;0; ; ; ; ; ; 
TRACK;1.11.22-52;-16.37485539;-71.50663649;-1938620.866;2842002.524;D;False; ; ;0; ; ; ; ; ; 
TRACK;1.11.22-52;-16.37450472;-71.50693235;-1938575.939;2841973.545;D;False; ; ;0; ; ; ; ; ; 
TRACK;1.11.22-52;-16.37486776;-71.50737155;-1938613.057;2841918.992;D;False; ; ;0; ; ; ; ; ; 
TRACK;1.11.22-53; ; ;-1.516416327;20763369.87;D; ; ; ; ; ; ; ; ; ; 
TRACK;1.11.22-53;-16.37558935;-71.50765207;-1938694.299;2841877.756;D;False; ; ;0; ; ; ; ; ; 
TRACK;1.11.22-53;-16.37525687;-71.50714837;-1938661.585;2841939.226;D;False; ; ;0; ; ; ; ; ; 
TRACK;1.11.22-53;-16.37498684;-71.50739221;-1938626.787;2841915.094;D;False; ; ;0; ; ; ; ; ; 
TRACK;1.11.22-53;-16.37533998;-71.50786897;-1938662.268;2841856.41;D;False; ; ;0; ; ; ; ; ; 
TRACK;1.11.22-54; ; ;-1.516416327;20763369.87;D; ; ; ; ; ; ; ; ; ; 
TRACK;1.11.22-54;-16.3760577;-71.50715681;-1938755.565;2841927.815;D;False; ; ;0; ; ; ; ; ; 
TRACK;1.11.22-54;-16.37574244;-71.50668636;-1938724.455;2841985.289;D;False; ; ;0; ; ; ; ; ; 
TRACK;1.11.22-54;-16.37532984;-71.50708212;-1938670.992;2841945.787;D;False; ; ;0; ; ; ; ; ; 
TRACK;1.11.22-54;-16.37566169;-71.50753294;-1938704.3;2841890.323;D;False; ; ;0; ; ; ; ; ; 
TRACK;1.11.22-55; ; ;-1.516416327;20763369.87;D; ; ; ; ; ; ; ; ; ; 
TRACK;1.11.22-55;-16.37649408;-71.50771896;-1938799.75;2841858.36;D;False; ; ;0; ; ; ; ; ; 
TRACK;1.11.22-55;-16.37614738;-71.5072386;-1938765.071;2841917.367;D;False; ; ;0; ; ; ; ; ; 
TRACK;1.11.22-55;-16.37571896;-71.50765673;-1938709.468;2841875.536;D;False; ; ;0; ; ; ; ; ; 
TRACK;1.11.22-55;-16.37605986;-71.50811368;-1938743.761;2841819.259;D;False; ; ;0; ; ; ; ; ; 
TRACK;1.11.22-56; ; ;-1.516416327;20763369.87;D; ; ; ; ; ; ; ; ; ; 
TRACK;1.11.22-56;-16.37599154;-71.50817556;-1938734.954;2841813.132;D;False; ; ;0; ; ; ; ; ; 
TRACK;1.11.22-56;-16.37564426;-71.5077111;-1938700.006;2841870.344;D;False; ; ;0; ; ; ; ; ; 
TRACK;1.11.22-56;-16.37530294;-71.50804085;-1938655.75;2841837.399;D;False; ; ;0; ; ; ; ; ; 
TRACK;1.11.22-56;-16.37561682;-71.50851914;-1938686.6;2841779.055;D;False; ; ;0; ; ; ; ; ; 
TRACK;1.11.22-57; ; ;-1.516416327;20763369.87;D; ; ; ; ; ; ; ; ; ; 
TRACK;1.11.22-57;-16.37637938;-71.50872844;-1938773.553;2841745.363;D;False; ; ;0; ; ; ; ; ; 
TRACK;1.11.22-57;-16.37604932;-71.50824844;-1938740.825;2841804.112;D;False; ; ;0; ; ; ; ; ; 
TRACK;1.11.22-57;-16.37566217;-71.50858782;-1938691.064;2841770.674;D;False; ; ;0; ; ; ; ; ; 
TRACK;1.11.22-57;-16.37600281;-71.50908935;-1938724.763;2841709.344;D;False; ; ;0; ; ; ; ; ; 
TRACK;1.11.22-58; ; ;-1.516416327;20763369.87;D; ; ; ; ; ; ; ; ; ; 
TRACK;1.11.22-58;-16.37687208;-71.50825409;-1938837.415;2841792.731;D;False; ; ;0; ; ; ; ; ; 
TRACK;1.11.22-58;-16.37654835;-71.50778621;-1938805.279;2841850.024;D;False; ; ;0; ; ; ; ; ; 
TRACK;1.11.22-58;-16.37611746;-71.50820393;-1938749.39;2841808.271;D;False; ; ;0; ; ; ; ; ; 
TRACK;1.11.22-58;-16.37646083;-71.50866726;-1938783.893;2841751.239;D;False; ; ;0; ; ; ; ; ; 
TRACK;1.11.22-59; ; ;-1.516416327;20763369.87;D; ; ; ; ; ; ; ; ; ; 
TRACK;1.11.22-59;-16.37736767;-71.50874048;-1938889.511;2841731.097;D;False; ; ;0; ; ; ; ; ; 
TRACK;1.11.22-59;-16.37692031;-71.50834949;-1938841.879;2841781.282;D;False; ; ;0; ; ; ; ; ; 
TRACK;1.11.22-59;-16.37655145;-71.50876566;-1938793.3;2841738.896;D;False; ; ;0; ; ; ; ; ; 
TRACK;1.11.22-59;-16.3769872;-71.50918521;-1938839.207;2841685.623;D;False; ; ;0; ; ; ; ; ; 
TRACK;1.11.22-60; ; ;-1.516416327;20763369.87;D; ; ; ; ; ; ; ; ; ; 
TRACK;1.11.22-60;-16.37691841;-71.50924212;-1938830.408;2841680.066;D;False; ; ;0; ; ; ; ; ; 
TRACK;1.11.22-60;-16.37644256;-71.50879881;-1938780.089;2841736.557;D;False; ; ;0; ; ; ; ; ; 
TRACK;1.11.22-60;-16.37603765;-71.50918546;-1938727.646;2841697.989;D;False; ; ;0; ; ; ; ; ; 
TRACK;1.11.22-60;-16.37655699;-71.50967904;-1938782.441;2841635.23;D;False; ; ;0; ; ; ; ; ; 
TRACK;1.11.22-61; ; ;-1.516416327;20763369.87;D; ; ; ; ; ; ; ; ; ; 
TRACK;1.11.22-61;-16.37739145;-71.50971085;-1938880.077;2841620.73;D;False; ; ;0; ; ; ; ; ; 
TRACK;1.11.22-61;-16.37696588;-71.50929291;-1938835.346;2841673.686;D;False; ; ;0; ; ; ; ; ; 
TRACK;1.11.22-61;-16.37660649;-71.50972521;-1938787.675;2841629.347;D;False; ; ;0; ; ; ; ; ; 
TRACK;1.11.22-61;-16.37702926;-71.51015797;-1938831.891;2841574.745;D;False; ; ;0; ; ; ; ; ; 
TRACK;1.11.22-62; ; ;-1.516416327;20763369.87;D; ; ; ; ; ; ; ; ; ; 
TRACK;1.11.22-62;-16.37782692;-71.50920478;-1938937.615;2841672.442;D;False; ; ;0; ; ; ; ; ; 
TRACK;1.11.22-62;-16.37740309;-71.5088076;-1938892.827;2841723.022;D;False; ; ;0; ; ; ; ; ; 
TRACK;1.11.22-62;-16.37703183;-71.5092314;-1938843.868;2841679.801;D;False; ; ;0; ; ; ; ; ; 
TRACK;1.11.22-62;-16.37745168;-71.50965162;-1938887.899;2841626.661;D;False; ; ;0; ; ; ; ; ; 
TRACK;1.11.23-2; ; ;-1.516416327;20763369.87;D; ; ; ; ; ; ; ; ; ; 
TRACK;1.11.23-2;-16.3783464;-71.50516657;-1939049.543;2842123.666;D;False; ; ;0; ; ; ; ; ; 
TRACK;1.11.23-2;-16.37844045;-71.50499424;-1939062.764;2842141.983;D;False; ; ;0; ; ; ; ; ; 
TRACK;1.11.23-2;-16.37849474;-71.50481524;-1939071.399;2842161.576;D;False; ; ;0; ; ; ; ; ; 
TRACK;1.11.23-2;-16.37844167;-71.5045867;-1939068.045;2842188.191;D;False; ; ;0; ; ; ; ; ; 
TRACK;1.11.23-2;-16.37802676;-71.5047769;-1939016.9;2842172.036;D;False; ; ;0; ; ; ; ; ; 
TRACK;1.11.23-2;-16.3781933;-71.50523103;-1939030.743;2842118.354;D;False; ; ;0; ; ; ; ; ; 
TRACK;1.11.23-3; ; ;-1.516416327;20763369.87;D; ; ; ; ; ; ; ; ; ; 
TRACK;1.11.23-3;-16.37839671;-71.50456376;-1939063.052;2842191.379;D;False; ; ;0; ; ; ; ; ; 
TRACK;1.11.23-3;-16.37812243;-71.50391169;-1939039.047;2842268.918;D;False; ; ;0; ; ; ; ; ; 
TRACK;1.11.23-3;-16.37777013;-71.50407501;-1938995.597;2842254.995;D;False; ; ;0; ; ; ; ; ; 
TRACK;1.11.23-3;-16.37800306;-71.50471645;-1939014.878;2842179.202;D;False; ; ;0; ; ; ; ; ; 
TRACK;1.11.23-4; ; ;-1.516416327;20763369.87;D; ; ; ; ; ; ; ; ; ; 
TRACK;1.11.23-4;-16.37805063;-71.50391035;-1939030.629;2842270.008;D;False; ; ;0; ; ; ; ; ; 
TRACK;1.11.23-4;-16.37783344;-71.50352205;-1939010.006;2842316.886;D;False; ; ;0; ; ; ; ; ; 
TRACK;1.11.23-4;-16.37763527;-71.50331464;-1938989.338;2842342.998;D;False; ; ;0; ; ; ; ; ; 
TRACK;1.11.23-4;-16.37742765;-71.50334315;-1938964.585;2842342.475;D;False; ; ;0; ; ; ; ; ; 
TRACK;1.11.23-4;-16.37733089;-71.50363276;-1938949.566;2842310.891;D;False; ; ;0; ; ; ; ; ; 
TRACK;1.11.23-4;-16.37760802;-71.50373124;-1938980.885;2842296.103;D;False; ; ;0; ; ; ; ; ; 
TRACK;1.11.23-4;-16.37775277;-71.50406413;-1938993.694;2842256.456;D;False; ; ;0; ; ; ; ; ; 
TRACK;1.11.23-5; ; ;-1.516416327;20763369.87;D; ; ; ; ; ; ; ; ; ; 
TRACK;1.11.23-5;-16.37740269;-71.50334352;-1938961.648;2842342.76;D;False; ; ;0; ; ; ; ; ; 
TRACK;1.11.23-5;-16.37718694;-71.50319559;-1938938.164;2842362.355;D;False; ; ;0; ; ; ; ; ; 
TRACK;1.11.23-5;-16.37688069;-71.50326961;-1938901.251;2842357.959;D;False; ; ;0; ; ; ; ; ; 
TRACK;1.11.23-5;-16.37698956;-71.50348578;-1938911.317;2842332.019;D;False; ; ;0; ; ; ; ; ; 
TRACK;1.11.23-5;-16.37730399;-71.50362841;-1938946.46;2842311.735;D;False; ; ;0; ; ; ; ; ; 
TRACK;1.11.23-6; ; ;-1.516416327;20763369.87;D; ; ; ; ; ; ; ; ; ; 
TRACK;1.11.23-6;-16.37619356;-71.50337478;-1938819.194;2842355.002;D;False; ; ;0; ; ; ; ; ; 
TRACK;1.11.23-6;-16.37614562;-71.50313143;-1938816.629;2842383.229;D;False; ; ;0; ; ; ; ; ; 
TRACK;1.11.23-6;-16.37579839;-71.50310515;-1938776.165;2842390.744;D;False; ; ;0; ; ; ; ; ; 
TRACK;1.11.23-6;-16.37586047;-71.50334308;-1938780.459;2842362.947;D;False; ; ;0; ; ; ; ; ; 
TRACK;1.11.25-3; ; ;-1.516416327;20763369.87;D; ; ; ; ; ; ; ; ; ; 
TRACK;1.11.25-3;-16.3785915;-71.50776612;-1939045.573;2841825.629;D;False; ; ;0; ; ; ; ; ; 
TRACK;1.11.25-3;-16.37812034;-71.50720285;-1938997.317;2841895.665;D;False; ; ;0; ; ; ; ; ; 
TRACK;1.11.25-3;-16.37790654;-71.50739306;-1938969.802;2841876.883;D;False; ; ;0; ; ; ; ; ; 
TRACK;1.11.25-3;-16.37837299;-71.50794641;-1939017.628;2841808.034;D;False; ; ;0; ; ; ; ; ; 
TRACK;1.11.25-4; ; ;-1.516416327;20763369.87;D; ; ; ; ; ; ; ; ; ; 
TRACK;1.11.25-4;-16.37888843;-71.50754016;-1939083.306;2841847.381;D;False; ; ;0; ; ; ; ; ; 
TRACK;1.11.25-4;-16.37836902;-71.50693795;-1939029.873;2841922.463;D;False; ; ;0; ; ; ; ; ; 
TRACK;1.11.25-4;-16.37816248;-71.50714944;-1939002.942;2841901.173;D;False; ; ;0; ; ; ; ; ; 
TRACK;1.11.25-4;-16.37865957;-71.50772548;-1939054.083;2841829.35;D;False; ; ;0; ; ; ; ; ; 
TRACK;1.11.25-6; ; ;-1.516416327;20763369.87;D; ; ; ; ; ; ; ; ; ; 
TRACK;1.11.25-6;-16.37769895;-71.50643942;-1938957.432;2841987.754;D;False; ; ;0; ; ; ; ; ; 
TRACK;1.11.25-6;-16.37746548;-71.50662743;-1938927.633;2841969.479;D;False; ; ;0; ; ; ; ; ; 
TRACK;1.11.25-6;-16.37794032;-71.50723545;-1938975.757;2841894.319;D;False; ; ;0; ; ; ; ; ; 
TRACK;1.11.25-6;-16.37816102;-71.50703102;-1939004.262;2841914.623;D;False; ; ;0; ; ; ; ; ; 
TRACK;1.11.25-7; ; ;-1.516416327;20763369.87;D; ; ; ; ; ; ; ; ; ; 
TRACK;1.11.25-7;-16.37789257;-71.50729851;-1938969.352;2841887.79;D;False; ; ;0; ; ; ; ; ; 
TRACK;1.11.25-7;-16.37754039;-71.50685796;-1938933.528;2841942.354;D;False; ; ;0; ; ; ; ; ; 
TRACK;1.11.25-7;-16.37734579;-71.50702285;-1938908.587;2841926.193;D;False; ; ;0; ; ; ; ; ; 
TRACK;1.11.25-7;-16.37732286;-71.50706863;-1938905.316;2841921.3;D;False; ; ;0; ; ; ; ; ; 
TRACK;1.11.25-7;-16.37732035;-71.50710569;-1938904.554;2841917.129;D;False; ; ;0; ; ; ; ; ; 
TRACK;1.11.25-7;-16.37731975;-71.50713915;-1938904.062;2841913.342;D;False; ; ;0; ; ; ; ; ; 
TRACK;1.11.25-7;-16.37733759;-71.50717842;-1938905.662;2841908.655;D;False; ; ;0; ; ; ; ; ; 
TRACK;1.11.25-7;-16.37763489;-71.50753012;-1938936.159;2841864.885;D;False; ; ;0; ; ; ; ; ; 
TRACK;1.11.26-3; ; ;-1.516416327;20763369.87;D; ; ; ; ; ; ; ; ; ; 
TRACK;1.11.26-3;-16.37921803;-71.50984917;-1939092.928;2841581.198;D;False; ; ;0; ; ; ; ; ; 
TRACK;1.11.26-3;-16.37915191;-71.5093323;-1939091.675;2841640.683;D;False; ; ;0; ; ; ; ; ; 
TRACK;1.11.26-3;-16.378903;-71.50910121;-1939065.344;2841670.141;D;False; ; ;0; ; ; ; ; ; 
TRACK;1.11.26-3;-16.3787879;-71.5091313;-1939051.442;2841668.231;D;False; ; ;0; ; ; ; ; ; 
TRACK;1.11.26-3;-16.37884871;-71.50952905;-1939053.573;2841622.326;D;False; ; ;0; ; ; ; ; ; 
TRACK;1.11.26-3;-16.37890952;-71.50990235;-1939056.013;2841579.194;D;False; ; ;0; ; ; ; ; ; 
TRACK;1.11.26-6; ; ;-1.516416327;20763369.87;D; ; ; ; ; ; ; ; ; ; 
TRACK;1.11.26-6;-16.3789956;-71.50877943;-1939080.278;2841705.427;D;False; ; ;0; ; ; ; ; ; 
TRACK;1.11.26-6;-16.3791709;-71.50856637;-1939103.558;2841727.303;D;False; ; ;0; ; ; ; ; ; 
TRACK;1.11.26-6;-16.37911337;-71.50841929;-1939098.653;2841744.735;D;False; ; ;0; ; ; ; ; ; 
TRACK;1.11.26-6;-16.37907989;-71.50828658;-1939096.392;2841760.224;D;False; ; ;0; ; ; ; ; ; 
TRACK;1.11.26-6;-16.37903466;-71.50811959;-1939093.183;2841779.754;D;False; ; ;0; ; ; ; ; ; 
TRACK;1.11.26-6;-16.37902092;-71.50806052;-1939092.314;2841786.633;D;False; ; ;0; ; ; ; ; ; 
TRACK;1.11.26-6;-16.37859319;-71.50846062;-1939037.018;2841746.839;D;False; ; ;0; ; ; ; ; ; 
TRACK;1.11.27-3; ; ;-1.516416327;20763369.87;D; ; ; ; ; ; ; ; ; ; 
TRACK;1.11.27-3;-16.3800771;-71.5059067;-1939243.548;2842017.123;D;False; ; ;0; ; ; ; ; ; 
TRACK;1.11.27-3;-16.3800076;-71.50570127;-1939237.973;2842041.33;D;False; ; ;0; ; ; ; ; ; 
TRACK;1.11.27-3;-16.37959703;-71.50588042;-1939187.478;2842026.372;D;False; ; ;0; ; ; ; ; ; 
TRACK;1.11.27-3;-16.37965171;-71.50604867;-1939191.781;2842006.575;D;False; ; ;0; ; ; ; ; ; 
TRACK;1.11.28-1; ; ;-1.516416327;20763369.87;D; ; ; ; ; ; ; ; ; ; 
TRACK;1.11.28-1;-16.37912532;-71.50488204;-1939144.642;2842145.766;D;False; ; ;0; ; ; ; ; ; 
TRACK;1.11.28-1;-16.37875932;-71.50502741;-1939099.809;2842134.058;D;False; ; ;0; ; ; ; ; ; 
TRACK;1.11.28-1;-16.37901662;-71.50575406;-1939120.88;2842048.282;D;False; ; ;0; ; ; ; ; ; 
TRACK;1.11.28-1;-16.37942161;-71.50558899;-1939170.541;2842061.717;D;False; ; ;0; ; ; ; ; ; 
TRACK;1.11.33-1; ; ;-1.516416327;20763369.87;D; ; ; ; ; ; ; ; ; ; 
TRACK;1.11.33-1;-16.38461013;-71.51013578;-1939722.8;2841478.291;D;False; ; ;0; ; ; ; ; ; 
TRACK;1.11.33-1;-16.38473621;-71.51020455;-1939736.746;2841468.845;D;False; ; ;0; ; ; ; ; ; 
TRACK;1.11.33-1;-16.38486067;-71.51001319;-1939753.781;2841488.922;D;False; ; ;0; ; ; ; ; ; 
TRACK;1.11.33-1;-16.38454266;-71.5096823;-1939720.591;2841530.601;D;False; ; ;0; ; ; ; ; ; 
TRACK;1.11.33-1;-16.38423886;-71.51002384;-1939680.593;2841495.835;D;False; ; ;0; ; ; ; ; ; 
TRACK;1.11.33-2; ; ;-1.516416327;20763369.87;D; ; ; ; ; ; ; ; ; ; 
TRACK;1.11.33-2;-16.38417829;-71.51002073;-1939673.517;2841496.978;D;False; ; ;0; ; ; ; ; ; 
TRACK;1.11.33-2;-16.38452984;-71.50966983;-1939719.241;2841532.183;D;False; ; ;0; ; ; ; ; ; 
TRACK;1.11.33-2;-16.38430346;-71.50943602;-1939695.593;2841561.656;D;False; ; ;0; ; ; ; ; ; 
TRACK;1.11.33-2;-16.38413774;-71.50962364;-1939673.759;2841542.543;D;False; ; ;0; ; ; ; ; ; 
TRACK;1.11.33-2;-16.38402794;-71.5097321;-1939659.492;2841531.675;D;False; ; ;0; ; ; ; ; ; 
TRACK;1.11.33-2;-16.38391484;-71.50984181;-1939644.821;2841520.71;D;False; ; ;0; ; ; ; ; ; 
TRACK;1.11.33-2;-16.38401512;-71.50997115;-1939654.972;2841504.732;D;False; ; ;0; ; ; ; ; ; 
TRACK;1.11.33-5; ; ;-1.516416327;20763369.87;D; ; ; ; ; ; ; ; ; ; 
TRACK;1.11.33-5;-16.38377471;-71.50886185;-1939640.712;2841633.679;D;False; ; ;0; ; ; ; ; ; 
TRACK;1.11.33-5;-16.38351096;-71.50857393;-1939613.355;2841669.778;D;False; ; ;0; ; ; ; ; ; 
TRACK;1.11.33-5;-16.38330477;-71.50877489;-1939586.597;2841649.678;D;False; ; ;0; ; ; ; ; ; 
TRACK;1.11.33-5;-16.38343314;-71.50890909;-1939599.987;2841632.782;D;False; ; ;0; ; ; ; ; ; 
TRACK;1.11.33-5;-16.38331054;-71.50903926;-1939583.942;2841619.62;D;False; ; ;0; ; ; ; ; ; 
TRACK;1.11.33-5;-16.38343929;-71.50917417;-1939597.368;2841602.638;D;False; ; ;0; ; ; ; ; ; 
TRACK;1.11.33-6; ; ;-1.516416327;20763369.87;D; ; ; ; ; ; ; ; ; ; 
TRACK;1.11.33-6;-16.38330364;-71.50907747;-1939582.65;2841615.376;D;False; ; ;0; ; ; ; ; ; 
TRACK;1.11.33-6;-16.38316023;-71.50923961;-1939563.757;2841598.86;D;False; ; ;0; ; ; ; ; ; 
TRACK;1.11.33-6;-16.3833002;-71.50941299;-1939578.017;2841577.369;D;False; ; ;0; ; ; ; ; ; 
TRACK;1.11.33-6;-16.38340141;-71.50954542;-1939588.238;2841561.029;D;False; ; ;0; ; ; ; ; ; 
TRACK;1.11.33-6;-16.38367184;-71.50997212;-1939614.63;2841509.104;D;False; ; ;0; ; ; ; ; ; 
TRACK;1.11.33-6;-16.38384699;-71.50984662;-1939636.79;2841521.05;D;False; ; ;0; ; ; ; ; ; 
TRACK;1.11.33-6;-16.38340713;-71.50918894;-1939593.403;2841601.383;D;False; ; ;0; ; ; ; ; ; 
TRACK;1.11.34-2; ; ;-1.516416327;20763369.87;D; ; ; ; ; ; ; ; ; ; 
TRACK;1.11.34-2;-16.38523345;-71.51072584;-1939788.592;2841403.231;D;False; ; ;0; ; ; ; ; ; 
TRACK;1.11.34-2;-16.38529987;-71.51070298;-1939796.684;2841404.957;D;False; ; ;0; ; ; ; ; ; 
TRACK;1.11.34-2;-16.38536715;-71.51063632;-1939805.428;2841411.639;D;False; ; ;0; ; ; ; ; ; 
TRACK;1.11.34-2;-16.38564576;-71.51026818;-1939842.8;2841449.751;D;False; ; ;0; ; ; ; ; ; 
TRACK;1.11.34-2;-16.38567537;-71.51006288;-1939848.868;2841472.648;D;False; ; ;0; ; ; ; ; ; 
TRACK;1.11.34-2;-16.38565843;-71.50995503;-1939848.237;2841485.1;D;False; ; ;0; ; ; ; ; ; 
TRACK;1.11.34-2;-16.38557082;-71.50994509;-1939838.07;2841487.372;D;False; ; ;0; ; ; ; ; ; 
TRACK;1.11.34-2;-16.3855638;-71.51001427;-1939836.373;2841479.618;D;False; ; ;0; ; ; ; ; ; 
TRACK;1.11.34-2;-16.3855265;-71.51011194;-1939830.76;2841469.028;D;False; ; ;0; ; ; ; ; ; 
TRACK;1.11.34-2;-16.38551574;-71.51016137;-1939828.872;2841463.563;D;False; ; ;0; ; ; ; ; ; 
TRACK;1.11.34-2;-16.38508885;-71.51051472;-1939774.265;2841429.064;D;False; ; ;0; ; ; ; ; ; 
TRACK;1.11.34-3; ; ;-1.516416327;20763369.87;D; ; ; ; ; ; ; ; ; ; 
TRACK;1.11.34-3;-16.38550593;-71.51011293;-1939828.33;2841469.184;D;False; ; ;0; ; ; ; ; ; 
TRACK;1.11.34-3;-16.38552148;-71.51005425;-1939830.897;2841475.636;D;False; ; ;0; ; ; ; ; ; 
TRACK;1.11.34-3;-16.38554076;-71.51000654;-1939833.764;2841480.795;D;False; ; ;0; ; ; ; ; ; 
TRACK;1.11.34-3;-16.38555283;-71.50995725;-1939835.802;2841486.228;D;False; ; ;0; ; ; ; ; ; 
TRACK;1.11.34-3;-16.38554516;-71.50990501;-1939835.56;2841492.253;D;False; ; ;0; ; ; ; ; ; 
TRACK;1.11.34-3;-16.38552316;-71.50983388;-1939833.872;2841500.606;D;False; ; ;0; ; ; ; ; ; 
TRACK;1.11.34-3;-16.38542078;-71.50969126;-1939823.643;2841518.118;D;False; ; ;0; ; ; ; ; ; 
TRACK;1.11.34-3;-16.38484472;-71.51015392;-1939750.132;2841473.17;D;False; ; ;0; ; ; ; ; ; 
TRACK;1.11.34-3;-16.38506579;-71.5104766;-1939772.037;2841433.688;D;False; ; ;0; ; ; ; ; ; 
TRACK;1.11.34-3;-16.38549203;-71.51014416;-1939826.304;2841465.824;D;False; ; ;0; ; ; ; ; ; 
TRACK;1.11.34-4; ; ;-1.516416327;20763369.87;D; ; ; ; ; ; ; ; ; ; 
TRACK;1.11.34-4;-16.38470865;-71.50969617;-1939739.916;2841526.861;D;False; ; ;0; ; ; ; ; ; 
TRACK;1.11.34-4;-16.38494904;-71.50943932;-1939771.396;2841552.851;D;False; ; ;0; ; ; ; ; ; 
TRACK;1.11.34-4;-16.38482088;-71.50928478;-1939758.288;2841572.052;D;False; ; ;0; ; ; ; ; ; 
TRACK;1.11.34-4;-16.3845576;-71.50955891;-1939723.901;2841544.4;D;False; ; ;0; ; ; ; ; ; 
TRACK;1.11.34-5; ; ;-1.516416327;20763369.87;D; ; ; ; ; ; ; ; ; ; 
TRACK;1.11.34-5;-16.3845371;-71.50953826;-1939721.753;2841547.011;D;False; ; ;0; ; ; ; ; ; 
TRACK;1.11.34-5;-16.38479891;-71.50926287;-1939755.983;2841574.823;D;False; ; ;0; ; ; ; ; ; 
TRACK;1.11.34-5;-16.38459279;-71.50895972;-1939735.589;2841611.896;D;False; ; ;0; ; ; ; ; ; 
TRACK;1.11.34-5;-16.38426835;-71.50924784;-1939693.84;2841583.456;D;False; ; ;0; ; ; ; ; ; 
TRACK;1.11.34-6; ; ;-1.516416327;20763369.87;D; ; ; ; ; ; ; ; ; ; 
TRACK;1.11.34-6;-16.38425047;-71.50922401;-1939692.041;2841586.393;D;False; ; ;0; ; ; ; ; ; 
TRACK;1.11.34-6;-16.38457328;-71.50892383;-1939733.749;2841616.221;D;False; ; ;0; ; ; ; ; ; 
TRACK;1.11.34-6;-16.38434836;-71.5085865;-1939711.578;2841657.417;D;False; ; ;0; ; ; ; ; ; 
TRACK;1.11.34-6;-16.38398286;-71.50894636;-1939664.1;2841621.376;D;False; ; ;0; ; ; ; ; ; 
TRACK;1.11.34-7; ; ;-1.516416327;20763369.87;D; ; ; ; ; ; ; ; ; ; 
TRACK;1.11.34-7;-16.38431672;-71.50856812;-1939708.092;2841659.914;D;False; ; ;0; ; ; ; ; ; 
TRACK;1.11.34-7;-16.38421594;-71.50839802;-1939698.396;2841680.521;D;False; ; ;0; ; ; ; ; ; 
TRACK;1.11.34-7;-16.38417561;-71.50836529;-1939694.07;2841684.761;D;False; ; ;0; ; ; ; ; ; 
TRACK;1.11.34-7;-16.38405879;-71.50830384;-1939681.12;2841693.255;D;False; ; ;0; ; ; ; ; ; 
TRACK;1.11.34-7;-16.38369275;-71.50865161;-1939633.732;2841658.594;D;False; ; ;0; ; ; ; ; ; 
TRACK;1.11.34-7;-16.38395653;-71.50890862;-1939661.483;2841626.001;D;False; ; ;0; ; ; ; ; ; 
TRACK;1.11.34-8; ; ;-1.516416327;20763369.87;D; ; ; ; ; ; ; ; ; ; 
TRACK;1.11.34-8;-16.38401969;-71.50828388;-1939676.779;2841696.029;D;False; ; ;0; ; ; ; ; ; 
TRACK;1.11.34-8;-16.38365043;-71.50810918;-1939635.599;2841720.665;D;False; ; ;0; ; ; ; ; ; 
TRACK;1.11.34-8;-16.38339012;-71.50834782;-1939602.008;2841697;D;False; ; ;0; ; ; ; ; ; 
TRACK;1.11.34-8;-16.38366707;-71.50861028;-1939631.237;2841663.616;D;False; ; ;0; ; ; ; ; ; 
TRACK;1.11.34-9; ; ;-1.516416327;20763369.87;D; ; ; ; ; ; ; ; ; ; 
TRACK;1.11.34-9;-16.38360905;-71.50809234;-1939630.95;2841723.115;D;False; ; ;0; ; ; ; ; ; 
TRACK;1.11.34-9;-16.38339633;-71.50798817;-1939607.272;2841737.708;D;False; ; ;0; ; ; ; ; ; 
TRACK;1.11.34-9;-16.38334022;-71.50792966;-1939601.417;2841745.076;D;False; ; ;0; ; ; ; ; ; 
TRACK;1.11.34-9;-16.38319706;-71.50761669;-1939588.544;2841782.441;D;False; ; ;0; ; ; ; ; ; 
TRACK;1.11.34-9;-16.382968;-71.50772431;-1939560.276;2841773.226;D;False; ; ;0; ; ; ; ; ; 
TRACK;1.11.34-9;-16.38310326;-71.50804305;-1939572.148;2841735.311;D;False; ; ;0; ; ; ; ; ; 
TRACK;1.11.34-9;-16.38336337;-71.50831845;-1939599.236;2841700.68;D;False; ; ;0; ; ; ; ; ; 
TRACK;1.11.34-10; ; ;-1.516416327;20763369.87;D; ; ; ; ; ; ; ; ; ; 
TRACK;1.11.34-10;-16.38319362;-71.50758916;-1939588.486;2841785.608;D;False; ; ;0; ; ; ; ; ; 
TRACK;1.11.34-10;-16.38305588;-71.50725164;-1939576.558;2841825.686;D;False; ; ;0; ; ; ; ; ; 
TRACK;1.11.34-10;-16.38282791;-71.50734577;-1939548.589;2841817.988;D;False; ; ;0; ; ; ; ; ; 
TRACK;1.11.34-10;-16.38295486;-71.50769599;-1939559.088;2841776.609;D;False; ; ;0; ; ; ; ; ; 
TRACK;1.11.34-11; ; ;-1.516416327;20763369.87;D; ; ; ; ; ; ; ; ; ; 
TRACK;1.11.34-11;-16.38304121;-71.5072029;-1939575.449;2841831.405;D;False; ; ;0; ; ; ; ; ; 
TRACK;1.11.34-11;-16.38290057;-71.50682789;-1939563.655;2841875.774;D;False; ; ;0; ; ; ; ; ; 
TRACK;1.11.34-11;-16.38225167;-71.50713466;-1939483.551;2841849.456;D;False; ; ;0; ; ; ; ; ; 
TRACK;1.11.34-11;-16.3824856;-71.50741785;-1939507.464;2841814.283;D;False; ; ;0; ; ; ; ; ; 
TRACK;1.11.34-12; ; ;-1.516416327;20763369.87;D; ; ; ; ; ; ; ; ; ; 
TRACK;1.11.34-12;-16.3828398;-71.50678937;-1939557;2841880.936;D;False; ; ;0; ; ; ; ; ; 
TRACK;1.11.34-12;-16.38263953;-71.50643329;-1939537.961;2841923.936;D;False; ; ;0; ; ; ; ; ; 
TRACK;1.11.34-12;-16.38204225;-71.5067417;-1939463.901;2841896.758;D;False; ; ;0; ; ; ; ; ; 
TRACK;1.11.34-12;-16.38222438;-71.50707793;-1939481.06;2841856.247;D;False; ; ;0; ; ; ; ; ; 
TRACK;1.11.34-13; ; ;-1.516416327;20763369.87;D; ; ; ; ; ; ; ; ; ; 
TRACK;1.11.34-13;-16.38259783;-71.50638774;-1939533.635;2841929.647;D;False; ; ;0; ; ; ; ; ; 
TRACK;1.11.34-13;-16.38231559;-71.50577759;-1939508.169;2842002.534;D;False; ; ;0; ; ; ; ; ; 
TRACK;1.11.34-13;-16.38196816;-71.50595946;-1939465.058;2841986.444;D;False; ; ;0; ; ; ; ; ; 
TRACK;1.11.34-13;-16.38212846;-71.50628203;-1939479.824;2841947.766;D;False; ; ;0; ; ; ; ; ; 
TRACK;1.11.34-13;-16.38228591;-71.50656133;-1939494.801;2841914.033;D;False; ; ;0; ; ; ; ; ; 
TRACK;1.11.34-14; ; ;-1.516416327;20763369.87;D; ; ; ; ; ; ; ; ; ; 
TRACK;1.11.34-14;-16.3820897;-71.50633227;-1939474.637;2841942.574;D;False; ; ;0; ; ; ; ; ; 
TRACK;1.11.34-14;-16.38193456;-71.50597907;-1939460.862;2841984.659;D;False; ; ;0; ; ; ; ; ; 
TRACK;1.11.34-14;-16.38167123;-71.50611332;-1939428.232;2841972.872;D;False; ; ;0; ; ; ; ; ; 
TRACK;1.11.34-14;-16.38174153;-71.50651273;-1939431.457;2841926.654;D;False; ; ;0; ; ; ; ; ; 
TRACK;1.11.35-4; ; ;-1.516416327;20763369.87;D; ; ; ; ; ; ; ; ; ; 
TRACK;1.11.35-4;-16.38502789;-71.50891946;-1939787.214;2841610.78;D;False; ; ;0; ; ; ; ; ; 
TRACK;1.11.35-4;-16.38485665;-71.50867503;-1939770.178;2841640.738;D;False; ; ;0; ; ; ; ; ; 
TRACK;1.11.35-4;-16.38459658;-71.50886876;-1939737.181;2841622.163;D;False; ; ;0; ; ; ; ; ; 
TRACK;1.11.35-4;-16.38476297;-71.50912766;-1939753.465;2841590.628;D;False; ; ;0; ; ; ; ; ; 
TRACK;1.11.35-5; ; ;-1.516416327;20763369.87;D; ; ; ; ; ; ; ; ; ; 
TRACK;1.11.35-5;-16.38526016;-71.50919183;-1939811.068;2841576.857;D;False; ; ;0; ; ; ; ; ; 
TRACK;1.11.35-5;-16.38504562;-71.50894032;-1939789.034;2841608.182;D;False; ; ;0; ; ; ; ; ; 
TRACK;1.11.35-5;-16.38476841;-71.50914873;-1939753.839;2841588.166;D;False; ; ;0; ; ; ; ; ; 
TRACK;1.11.35-5;-16.38484959;-71.50924849;-1939762.119;2841575.792;D;False; ; ;0; ; ; ; ; ; 
TRACK;1.11.35-5;-16.38501907;-71.5093847;-1939780.312;2841558.131;D;False; ; ;0; ; ; ; ; ; 
TRACK;1.11.36-1; ; ;-1.516416327;20763369.87;D; ; ; ; ; ; ; ; ; ; 
TRACK;1.11.36-1;-16.38541157;-71.50960954;-1939823.591;2841527.507;D;False; ; ;0; ; ; ; ; ; 
TRACK;1.11.36-1;-16.38543007;-71.509637;-1939825.418;2841524.151;D;False; ; ;0; ; ; ; ; ; 
TRACK;1.11.36-1;-16.38546293;-71.50963956;-1939829.246;2841523.431;D;False; ; ;0; ; ; ; ; ; 
TRACK;1.11.36-1;-16.38550073;-71.50962355;-1939833.889;2841524.753;D;False; ; ;0; ; ; ; ; ; 
TRACK;1.11.36-1;-16.38553235;-71.50959208;-1939838.001;2841527.909;D;False; ; ;0; ; ; ; ; ; 
TRACK;1.11.36-1;-16.38555938;-71.50947798;-1939842.614;2841540.496;D;False; ; ;0; ; ; ; ; ; 
TRACK;1.11.36-1;-16.38559083;-71.50921507;-1939849.624;2841569.902;D;False; ; ;0; ; ; ; ; ; 
TRACK;1.11.36-1;-16.38562253;-71.50897829;-1939856.332;2841596.342;D;False; ; ;0; ; ; ; ; ; 
TRACK;1.11.36-1;-16.38537034;-71.50920692;-1939823.822;2841573.706;D;False; ; ;0; ; ; ; ; ; 
TRACK;1.11.36-1;-16.38539335;-71.50956211;-1939822.048;2841533.124;D;False; ; ;0; ; ; ; ; ; 
TRACK;1.11.37-4; ; ;-1.516416327;20763369.87;D; ; ; ; ; ; ; ; ; ; 
TRACK;1.11.37-4;-16.38383596;-71.50674124;-1939674.642;2841873.386;D;False; ; ;0; ; ; ; ; ; 
TRACK;1.11.37-4;-16.38368962;-71.50643441;-1939661.317;2841910.095;D;False; ; ;0; ; ; ; ; ; 
TRACK;1.11.37-4;-16.38324274;-71.50667289;-1939605.808;2841888.885;D;False; ; ;0; ; ; ; ; ; 
TRACK;1.11.37-4;-16.38338798;-71.50697739;-1939619.034;2841852.453;D;False; ; ;0; ; ; ; ; ; 
TRACK;1.11.37-5; ; ;-1.516416327;20763369.87;D; ; ; ; ; ; ; ; ; ; 
TRACK;1.11.37-5;-16.38367875;-71.50640422;-1939660.421;2841913.661;D;False; ; ;0; ; ; ; ; ; 
TRACK;1.11.37-5;-16.38355307;-71.50614874;-1939648.876;2841944.278;D;False; ; ;0; ; ; ; ; ; 
TRACK;1.11.37-5;-16.38309712;-71.50638518;-1939592.327;2841923.417;D;False; ; ;0; ; ; ; ; ; 
TRACK;1.11.37-5;-16.38323522;-71.50664205;-1939605.314;2841892.48;D;False; ; ;0; ; ; ; ; ; 
TRACK;1.11.37-6; ; ;-1.516416327;20763369.87;D; ; ; ; ; ; ; ; ; ; 
TRACK;1.11.37-6;-16.38354371;-71.5061237;-1939648.093;2841947.24;D;False; ; ;0; ; ; ; ; ; 
TRACK;1.11.37-6;-16.38343538;-71.50590716;-1939638.095;2841973.214;D;False; ; ;0; ; ; ; ; ; 
TRACK;1.11.37-6;-16.38297492;-71.50613723;-1939581.096;2841953.135;D;False; ; ;0; ; ; ; ; ; 
TRACK;1.11.37-6;-16.38307702;-71.50636284;-1939590.248;2841926.213;D;False; ; ;0; ; ; ; ; ; 
TRACK;1.11.37-7; ; ;-1.516416327;20763369.87;D; ; ; ; ; ; ; ; ; ; 
TRACK;1.11.37-7;-16.38341806;-71.50587781;-1939636.43;2841976.769;D;False; ; ;0; ; ; ; ; ; 
TRACK;1.11.37-7;-16.38330924;-71.50563909;-1939626.655;2842005.264;D;False; ; ;0; ; ; ; ; ; 
TRACK;1.11.37-7;-16.38284998;-71.50587306;-1939569.748;2841984.726;D;False; ; ;0; ; ; ; ; ; 
TRACK;1.11.37-7;-16.3829695;-71.50610752;-1939580.834;2841956.574;D;False; ; ;0; ; ; ; ; ; 
TRACK;1.11.37-8; ; ;-1.516416327;20763369.87;D; ; ; ; ; ; ; ; ; ; 
TRACK;1.11.37-8;-16.38328781;-71.50559984;-1939624.632;2842009.996;D;False; ; ;0; ; ; ; ; ; 
TRACK;1.11.37-8;-16.38310946;-71.50517076;-1939609.089;2842060.989;D;False; ; ;0; ; ; ; ; ; 
TRACK;1.11.37-8;-16.38298887;-71.50496321;-1939597.538;2842086.104;D;False; ; ;0; ; ; ; ; ; 
TRACK;1.11.37-8;-16.3827189;-71.50510374;-1939564.048;2842073.692;D;False; ; ;0; ; ; ; ; ; 
TRACK;1.11.37-8;-16.38300981;-71.50573539;-1939590.262;2841998.254;D;False; ; ;0; ; ; ; ; ; 
TRACK;1.11.37-9; ; ;-1.516416327;20763369.87;D; ; ; ; ; ; ; ; ; ; 
TRACK;1.11.37-9;-16.38298138;-71.50575352;-1939586.694;2841996.569;D;False; ; ;0; ; ; ; ; ; 
TRACK;1.11.37-9;-16.38278365;-71.50531391;-1939569.005;2842049.01;D;False; ; ;0; ; ; ; ; ; 
TRACK;1.11.37-9;-16.38271057;-71.50552443;-1939557.765;2842026.088;D;False; ; ;0; ; ; ; ; ; 
TRACK;1.11.37-9;-16.38270494;-71.50559682;-1939556.191;2842017.951;D;False; ; ;0; ; ; ; ; ; 
TRACK;1.11.37-9;-16.38282554;-71.50582969;-1939567.424;2841989.964;D;False; ; ;0; ; ; ; ; ; 
TRACK;1.11.38-1; ; ;-1.516416327;20763369.87;D; ; ; ; ; ; ; ; ; ; 
TRACK;1.11.38-1;-16.38361725;-71.50760672;-1939638.035;2841778.084;D;False; ; ;0; ; ; ; ; ; 
TRACK;1.11.38-1;-16.38330613;-71.50773598;-1939599.853;2841767.487;D;False; ; ;0; ; ; ; ; ; 
TRACK;1.11.38-1;-16.38337294;-71.50790982;-1939605.511;2841746.899;D;False; ; ;0; ; ; ; ; ; 
TRACK;1.11.38-1;-16.38345839;-71.50795216;-1939615.016;2841740.981;D;False; ; ;0; ; ; ; ; ; 
TRACK;1.11.38-1;-16.38359945;-71.50777638;-1939633.805;2841759.075;D;False; ; ;0; ; ; ; ; ; 
TRACK;1.11.38-1;-16.38396494;-71.50795956;-1939674.435;2841733.526;D;False; ; ;0; ; ; ; ; ; 
TRACK;1.11.38-1;-16.3840269;-71.50783173;-1939683.326;2841747.214;D;False; ; ;0; ; ; ; ; ; 
TRACK;1.11.38-2; ; ;-1.516416327;20763369.87;D; ; ; ; ; ; ; ; ; ; 
TRACK;1.11.38-2;-16.38360317;-71.50758199;-1939636.693;2841781.072;D;False; ; ;0; ; ; ; ; ; 
TRACK;1.11.38-2;-16.3834812;-71.50732906;-1939625.552;2841811.352;D;False; ; ;0; ; ; ; ; ; 
TRACK;1.11.38-2;-16.38319343;-71.50745134;-1939590.201;2841801.241;D;False; ; ;0; ; ; ; ; ; 
TRACK;1.11.38-2;-16.38329814;-71.50771051;-1939599.236;2841770.48;D;False; ; ;0; ; ; ; ; ; 
TRACK;1.11.38-3; ; ;-1.516416327;20763369.87;D; ; ; ; ; ; ; ; ; ; 
TRACK;1.11.38-3;-16.38347283;-71.50730008;-1939624.933;2841814.747;D;False; ; ;0; ; ; ; ; ; 
TRACK;1.11.38-3;-16.38334601;-71.50703677;-1939613.354;2841846.267;D;False; ; ;0; ; ; ; ; ; 
TRACK;1.11.38-3;-16.38307599;-71.50714851;-1939580.222;2841837.12;D;False; ; ;0; ; ; ; ; ; 
TRACK;1.11.38-3;-16.3831856;-71.50741373;-1939589.756;2841805.609;D;False; ; ;0; ; ; ; ; ; 
TRACK;1.11.38-4; ; ;-1.516416327;20763369.87;D; ; ; ; ; ; ; ; ; ; 
TRACK;1.11.38-4;-16.3833309;-71.50701048;-1939611.91;2841849.445;D;False; ; ;0; ; ; ; ; ; 
TRACK;1.11.38-4;-16.38318825;-71.50669435;-1939599.136;2841887.162;D;False; ; ;0; ; ; ; ; ; 
TRACK;1.11.38-4;-16.38294431;-71.50681094;-1939569.007;2841877.125;D;False; ; ;0; ; ; ; ; ; 
TRACK;1.11.38-4;-16.38307705;-71.50711849;-1939580.725;2841840.511;D;False; ; ;0; ; ; ; ; ; 
TRACK;1.11.38-5; ; ;-1.516416327;20763369.87;D; ; ; ; ; ; ; ; ; ; 
TRACK;1.11.38-5;-16.38315256;-71.50664615;-1939595.551;2841893.095;D;False; ; ;0; ; ; ; ; ; 
TRACK;1.11.38-5;-16.38305357;-71.50642436;-1939586.717;2841919.542;D;False; ; ;0; ; ; ; ; ; 
TRACK;1.11.38-5;-16.38281537;-71.50656536;-1939556.954;2841906.662;D;False; ; ;0; ; ; ; ; ; 
TRACK;1.11.38-5;-16.38292761;-71.50675635;-1939567.733;2841883.534;D;False; ; ;0; ; ; ; ; ; 
TRACK;1.11.38-6; ; ;-1.516416327;20763369.87;D; ; ; ; ; ; ; ; ; ; 
TRACK;1.11.38-6;-16.38303669;-71.50640212;-1939585.014;2841922.285;D;False; ; ;0; ; ; ; ; ; 
TRACK;1.11.38-6;-16.38294007;-71.50620467;-1939576.151;2841945.941;D;False; ; ;0; ; ; ; ; ; 
TRACK;1.11.38-6;-16.38270131;-71.50634803;-1939546.294;2841932.8;D;False; ; ;0; ; ; ; ; ; 
TRACK;1.11.38-6;-16.38280432;-71.50654109;-1939555.962;2841909.558;D;False; ; ;0; ; ; ; ; ; 
TRACK;1.11.38-7; ; ;-1.516416327;20763369.87;D; ; ; ; ; ; ; ; ; ; 
TRACK;1.11.38-7;-16.38292918;-71.50618291;-1939575.147;2841948.551;D;False; ; ;0; ; ; ; ; ; 
TRACK;1.11.38-7;-16.38278552;-71.50587611;-1939562.136;2841985.222;D;False; ; ;0; ; ; ; ; ; 
TRACK;1.11.38-7;-16.38251288;-71.50603421;-1939528.112;2841970.853;D;False; ; ;0; ; ; ; ; ; 
TRACK;1.11.38-7;-16.38268884;-71.50632242;-1939545.151;2841935.867;D;False; ; ;0; ; ; ; ; ; 
TRACK;1.11.38-8; ; ;-1.516416327;20763369.87;D; ; ; ; ; ; ; ; ; ; 
TRACK;1.11.38-8;-16.38277711;-71.50585546;-1939561.409;2841987.675;D;False; ; ;0; ; ; ; ; ; 
TRACK;1.11.38-8;-16.38262736;-71.50555228;-1939547.638;2842024.015;D;False; ; ;0; ; ; ; ; ; 
TRACK;1.11.38-8;-16.38235762;-71.50572734;-1939513.739;2842007.684;D;False; ; ;0; ; ; ; ; ; 
TRACK;1.11.38-8;-16.3825132;-71.50600468;-1939528.522;2841974.198;D;False; ; ;0; ; ; ; ; ; 
TRACK;1.11.38-9; ; ;-1.516416327;20763369.87;D; ; ; ; ; ; ; ; ; ; 
TRACK;1.11.38-9;-16.38261465;-71.50552931;-1939546.434;2842026.787;D;False; ; ;0; ; ; ; ; ; 
TRACK;1.11.38-9;-16.38254669;-71.50536914;-1939540.469;2842045.841;D;False; ; ;0; ; ; ; ; ; 
TRACK;1.11.38-9;-16.38262309;-71.50535002;-1939549.686;2842047.012;D;False; ; ;0; ; ; ; ; ; 
TRACK;1.11.38-9;-16.382731;-71.5053297;-1939562.62;2842047.907;D;False; ; ;0; ; ; ; ; ; 
TRACK;1.11.38-9;-16.38269645;-71.50521078;-1939560.061;2842061.845;D;False; ; ;0; ; ; ; ; ; 
TRACK;1.11.38-9;-16.3826232;-71.50514751;-1939552.252;2842069.978;D;False; ; ;0; ; ; ; ; ; 
TRACK;1.11.38-9;-16.38242835;-71.50522753;-1939528.351;2842063.446;D;False; ; ;0; ; ; ; ; ; 
TRACK;1.11.38-9;-16.38216826;-71.50539116;-1939495.731;2842048.285;D;False; ; ;0; ; ; ; ; ; 
TRACK;1.11.38-9;-16.38235067;-71.50570347;-1939513.224;2842010.482;D;False; ; ;0; ; ; ; ; ; 
TRACK;1.11.38-10; ; ;-1.516416327;20763369.87;D; ; ; ; ; ; ; ; ; ; 
TRACK;1.11.38-10;-16.38243383;-71.50519791;-1939529.369;2842066.734;D;False; ; ;0; ; ; ; ; ; 
TRACK;1.11.38-10;-16.3826091;-71.50513137;-1939550.8;2842071.992;D;False; ; ;0; ; ; ; ; ; 
TRACK;1.11.38-10;-16.38226444;-71.50489851;-1939513.242;2842102.904;D;False; ; ;0; ; ; ; ; ; 
TRACK;1.11.38-10;-16.38200308;-71.50513168;-1939479.596;2842079.872;D;False; ; ;0; ; ; ; ; ; 
TRACK;1.11.38-10;-16.38216308;-71.50536737;-1939495.422;2842051.051;D;False; ; ;0; ; ; ; ; ; 
TRACK;1.11.38-11; ; ;-1.516416327;20763369.87;D; ; ; ; ; ; ; ; ; ; 
TRACK;1.11.38-11;-16.38223546;-71.50487803;-1939510.095;2842105.605;D;False; ; ;0; ; ; ; ; ; 
TRACK;1.11.38-11;-16.38217997;-71.50475795;-1939505.09;2842119.949;D;False; ; ;0; ; ; ; ; ; 
TRACK;1.11.38-11;-16.38210329;-71.50465482;-1939497.381;2842132.647;D;False; ; ;0; ; ; ; ; ; 
TRACK;1.11.38-11;-16.38186109;-71.50483732;-1939466.625;2842115.112;D;False; ; ;0; ; ; ; ; ; 
TRACK;1.11.38-11;-16.38192836;-71.50498853;-1939472.622;2842097.084;D;False; ; ;0; ; ; ; ; ; 
TRACK;1.11.38-11;-16.38192825;-71.50501231;-1939472.309;2842094.387;D;False; ; ;0; ; ; ; ; ; 
TRACK;1.11.38-11;-16.38198962;-71.50510326;-1939478.373;2842083.271;D;False; ; ;0; ; ; ; ; ; 
TRACK;1.11.38-12; ; ;-1.516416327;20763369.87;D; ; ; ; ; ; ; ; ; ; 
TRACK;1.11.38-12;-16.38208526;-71.50462107;-1939495.689;2842136.71;D;False; ; ;0; ; ; ; ; ; 
TRACK;1.11.38-12;-16.38187566;-71.50430802;-1939475.011;2842174.953;D;False; ; ;0; ; ; ; ; ; 
TRACK;1.11.38-12;-16.38184078;-71.50451088;-1939468.355;2842152.401;D;False; ; ;0; ; ; ; ; ; 
TRACK;1.11.38-12;-16.38195989;-71.50472299;-1939479.675;2842126.788;D;False; ; ;0; ; ; ; ; ; 
TRACK;1.11.39-1; ; ;-1.516416327;20763369.87;D; ; ; ; ; ; ; ; ; ; 
TRACK;1.11.39-1;-16.38296857;-71.50494755;-1939595.35;2842088.146;D;False; ; ;0; ; ; ; ; ; 
TRACK;1.11.39-1;-16.3826778;-71.5043799;-1939568.346;2842156.324;D;False; ; ;0; ; ; ; ; ; 
TRACK;1.11.39-1;-16.38241527;-71.50452887;-1939535.623;2842142.857;D;False; ; ;0; ; ; ; ; ; 
TRACK;1.11.39-1;-16.38269841;-71.50507658;-1939561.983;2842077.04;D;False; ; ;0; ; ; ; ; ; 
TRACK;1.11.39-2; ; ;-1.516416327;20763369.87;D; ; ; ; ; ; ; ; ; ; 
TRACK;1.11.39-2;-16.38237792;-71.5045438;-1939531.046;2842141.652;D;False; ; ;0; ; ; ; ; ; 
TRACK;1.11.39-2;-16.38217316;-71.50464932;-1939505.659;2842132.358;D;False; ; ;0; ; ; ; ; ; 
TRACK;1.11.39-2;-16.38233661;-71.50489806;-1939521.727;2842102.012;D;False; ; ;0; ; ; ; ; ; 
TRACK;1.11.39-2;-16.38266428;-71.50506853;-1939558.074;2842078.399;D;False; ; ;0; ; ; ; ; ; 
TRACK;1.11.39-3; ; ;-1.516416327;20763369.87;D; ; ; ; ; ; ; ; ; ; 
TRACK;1.11.39-3;-16.38266343;-71.50434156;-1939567.141;2842160.86;D;False; ; ;0; ; ; ; ; ; 
TRACK;1.11.39-3;-16.38252446;-71.5040704;-1939554.232;2842193.429;D;False; ; ;0; ; ; ; ; ; 
TRACK;1.11.39-3;-16.38197967;-71.50436496;-1939486.512;2842167.137;D;False; ; ;0; ; ; ; ; ; 
TRACK;1.11.39-3;-16.3821474;-71.50461392;-1939503.079;2842136.71;D;False; ; ;0; ; ; ; ; ; 
TRACK;1.11.39-4; ; ;-1.516416327;20763369.87;D; ; ; ; ; ; ; ; ; ; 
TRACK;1.11.39-4;-16.38250162;-71.50402639;-1939552.104;2842198.719;D;False; ; ;0; ; ; ; ; ; 
TRACK;1.11.39-4;-16.38240336;-71.50381407;-1939543.236;2842224.083;D;False; ; ;0; ; ; ; ; ; 
TRACK;1.11.39-4;-16.38225696;-71.50388293;-1939525.169;2842218.186;D;False; ; ;0; ; ; ; ; ; 
TRACK;1.11.39-4;-16.38193612;-71.50382481;-1939488.206;2842228.968;D;False; ; ;0; ; ; ; ; ; 
TRACK;1.11.39-4;-16.38189231;-71.50414408;-1939479.033;2842193.329;D;False; ; ;0; ; ; ; ; ; 
TRACK;1.11.39-4;-16.38197032;-71.50430611;-1939486.155;2842173.933;D;False; ; ;0; ; ; ; ; ; 
TRACK;1.11.39-5; ; ;-1.516416327;20763369.87;D; ; ; ; ; ; ; ; ; ; 
TRACK;1.11.39-5;-16.38225224;-71.503843;-1939525.117;2842222.776;D;False; ; ;0; ; ; ; ; ; 
TRACK;1.11.39-5;-16.38239237;-71.50377344;-1939542.457;2842228.835;D;False; ; ;0; ; ; ; ; ; 
TRACK;1.11.39-5;-16.38231292;-71.50362715;-1939534.967;2842246.464;D;False; ; ;0; ; ; ; ; ; 
TRACK;1.11.39-5;-16.38230562;-71.50341888;-1939536.736;2842270.181;D;False; ; ;0; ; ; ; ; ; 
TRACK;1.11.39-5;-16.38199885;-71.50339586;-1939500.984;2842276.798;D;False; ; ;0; ; ; ; ; ; 
TRACK;1.11.39-5;-16.38194376;-71.50378869;-1939489.559;2842232.965;D;False; ; ;0; ; ; ; ; ; 
TRACK;1.11.39-6; ; ;-1.516416327;20763369.87;D; ; ; ; ; ; ; ; ; ; 
TRACK;1.11.39-6;-16.38227357;-71.50337515;-1939533.522;2842275.559;D;False; ; ;0; ; ; ; ; ; 
TRACK;1.11.39-6;-16.38242968;-71.50234503;-1939564.853;2842390.354;D;False; ; ;0; ; ; ; ; ; 
TRACK;1.11.39-6;-16.3821521;-71.50221733;-1939533.849;2842408.464;D;False; ; ;0; ; ; ; ; ; 
TRACK;1.11.39-6;-16.38210259;-71.50244124;-1939525.21;2842383.715;D;False; ; ;0; ; ; ; ; ; 
TRACK;1.11.39-6;-16.38200152;-71.50332135;-1939502.237;2842285.215;D;False; ; ;0; ; ; ; ; ; 
TRACK;1.11.39-7; ; ;-1.516416327;20763369.87;D; ; ; ; ; ; ; ; ; ; 
TRACK;1.11.39-7;-16.38248295;-71.50333393;-1939558.641;2842277.5;D;False; ; ;0; ; ; ; ; ; 
TRACK;1.11.39-7;-16.38274396;-71.50278794;-1939596.192;2842336.015;D;False; ; ;0; ; ; ; ; ; 
TRACK;1.11.39-7;-16.38280351;-71.5027097;-1939604.175;2842344.111;D;False; ; ;0; ; ; ; ; ; 
TRACK;1.11.39-7;-16.38286317;-71.50258839;-1939612.714;2842357.091;D;False; ; ;0; ; ; ; ; ; 
TRACK;1.11.39-7;-16.38247619;-71.5023966;-1939569.667;2842383.897;D;False; ; ;0; ; ; ; ; ; 
TRACK;1.11.39-7;-16.38232204;-71.50334787;-1939539.561;2842278.02;D;False; ; ;0; ; ; ; ; ; 
TRACK;1.11.40-1; ; ;-1.516416327;20763369.87;D; ; ; ; ; ; ; ; ; ; 
TRACK;1.11.40-1;-16.38299784;-71.5022345;-1939632.998;2842395.468;D;False; ; ;0; ; ; ; ; ; 
TRACK;1.11.40-1;-16.38259543;-71.50205253;-1939588.015;2842421.363;D;False; ; ;0; ; ; ; ; ; 
TRACK;1.11.40-1;-16.38247887;-71.50233924;-1939570.705;2842390.368;D;False; ; ;0; ; ; ; ; ; 
TRACK;1.11.40-1;-16.38286138;-71.50252768;-1939613.269;2842363.999;D;False; ; ;0; ; ; ; ; ; 
TRACK;1.11.40-1;-16.382899;-71.50253056;-1939617.652;2842363.181;D;False; ; ;0; ; ; ; ; ; 
TRACK;1.11.40-1;-16.38298403;-71.50255686;-1939627.312;2842359.087;D;False; ; ;0; ; ; ; ; ; 
TRACK;1.11.40-1;-16.38304653;-71.50244234;-1939636.099;2842371.259;D;False; ; ;0; ; ; ; ; ; 
TRACK;1.11.40-1;-16.38296013;-71.50240057;-1939626.474;2842377.126;D;False; ; ;0; ; ; ; ; ; 
TRACK;1.11.40-1;-16.38291356;-71.50250427;-1939619.695;2842365.973;D;False; ; ;0; ; ; ; ; ; 
TRACK;1.11.40-1;-16.38287923;-71.50248852;-1939615.86;2842368.208;D;False; ; ;0; ; ; ; ; ; 
TRACK;1.11.40-1;-16.38290628;-71.50241934;-1939619.91;2842375.7;D;False; ; ;0; ; ; ; ; ; 
TRACK;1.11.40-2; ; ;-1.516416327;20763369.87;D; ; ; ; ; ; ; ; ; ; 
TRACK;1.11.40-2;-16.38301934;-71.50221352;-1939635.79;2842397.568;D;False; ; ;0; ; ; ; ; ; 
TRACK;1.11.40-2;-16.38312775;-71.5019907;-1939651.335;2842421.423;D;False; ; ;0; ; ; ; ; ; 
TRACK;1.11.40-2;-16.3828025;-71.50163021;-1939617.668;2842466.557;D;False; ; ;0; ; ; ; ; ; 
TRACK;1.11.40-2;-16.38262063;-71.50202392;-1939591.336;2842424.28;D;False; ; ;0; ; ; ; ; ; 
TRACK;1.11.40-3; ; ;-1.516416327;20763369.87;D; ; ; ; ; ; ; ; ; ; 
TRACK;1.11.40-3;-16.38242279;-71.50231764;-1939564.389;2842393.551;D;False; ; ;0; ; ; ; ; ; 
TRACK;1.11.40-3;-16.38277147;-71.501564;-1939614.858;2842474.473;D;False; ; ;0; ; ; ; ; ; 
TRACK;1.11.40-3;-16.38266648;-71.5014735;-1939603.664;2842486.108;D;False; ; ;0; ; ; ; ; ; 
TRACK;1.11.40-3;-16.38252782;-71.50139816;-1939588.323;2842496.465;D;False; ; ;0; ; ; ; ; ; 
TRACK;1.11.40-3;-16.38235255;-71.50175739;-1939563.201;2842458.01;D;False; ; ;0; ; ; ; ; ; 
TRACK;1.11.40-3;-16.38216873;-71.50218573;-1939536.202;2842411.83;D;False; ; ;0; ; ; ; ; ; 
TRACK;1.11.40-4; ; ;-1.516416327;20763369.87;D; ; ; ; ; ; ; ; ; ; 
TRACK;1.11.40-4;-16.3827162;-71.50142381;-1939610.132;2842491.094;D;False; ; ;0; ; ; ; ; ; 
TRACK;1.11.40-4;-16.38289128;-71.50107767;-1939635.067;2842528.066;D;False; ; ;0; ; ; ; ; ; 
TRACK;1.11.40-4;-16.3828494;-71.50092747;-1939632.041;2842545.649;D;False; ; ;0; ; ; ; ; ; 
TRACK;1.11.40-4;-16.38279334;-71.50089728;-1939625.835;2842549.805;D;False; ; ;0; ; ; ; ; ; 
TRACK;1.11.40-4;-16.38258512;-71.50135462;-1939595.604;2842500.654;D;False; ; ;0; ; ; ; ; ; 
TRACK;1.11.40-5; ; ;-1.516416327;20763369.87;D; ; ; ; ; ; ; ; ; ; 
TRACK;1.11.40-5;-16.38272039;-71.50091649;-1939617.022;2842548.579;D;False; ; ;0; ; ; ; ; ; 
TRACK;1.11.40-5;-16.38274509;-71.50087343;-1939620.467;2842553.141;D;False; ; ;0; ; ; ; ; ; 
TRACK;1.11.40-5;-16.38271696;-71.50069817;-1939619.372;2842573.385;D;False; ; ;0; ; ; ; ; ; 
TRACK;1.11.40-5;-16.38239625;-71.50049162;-1939584.297;2842601.002;D;False; ; ;0; ; ; ; ; ; 
TRACK;1.11.40-5;-16.38245615;-71.50037197;-1939592.844;2842613.79;D;False; ; ;0; ; ; ; ; ; 
TRACK;1.11.40-5;-16.38232116;-71.50024564;-1939578.577;2842629.882;D;False; ; ;0; ; ; ; ; ; 
TRACK;1.11.40-5;-16.38215549;-71.50050238;-1939555.874;2842602.927;D;False; ; ;0; ; ; ; ; ; 
TRACK;1.11.40-5;-16.38218477;-71.50057147;-1939558.443;2842594.709;D;False; ; ;0; ; ; ; ; ; 
TRACK;1.11.40-6; ; ;-1.516416327;20763369.87;D; ; ; ; ; ; ; ; ; ; 
TRACK;1.11.40-6;-16.38221864;-71.50035163;-1939565.195;2842619.2;D;False; ; ;0; ; ; ; ; ; 
TRACK;1.11.40-6;-16.38203599;-71.500002;-1939548.145;2842661.241;D;False; ; ;0; ; ; ; ; ; 
TRACK;1.11.40-6;-16.38182626;-71.49971772;-1939527.088;2842696.224;D;False; ; ;0; ; ; ; ; ; 
TRACK;1.11.40-6;-16.38155865;-71.49942921;-1939499.286;2842732.443;D;False; ; ;0; ; ; ; ; ; 
TRACK;1.11.40-6;-16.38141735;-71.49955846;-1939481.054;2842719.629;D;False; ; ;0; ; ; ; ; ; 
TRACK;1.11.40-6;-16.38213871;-71.50044331;-1939554.648;2842609.846;D;False; ; ;0; ; ; ; ; ; 
TRACK;1.11.41-1; ; ;-1.516416327;20763369.87;D; ; ; ; ; ; ; ; ; ; 
TRACK;1.11.41-1;-16.38209255;-71.50540718;-1939486.634;2842047.457;D;False; ; ;0; ; ; ; ; ; 
TRACK;1.11.41-1;-16.38190715;-71.50504721;-1939469.391;2842090.705;D;False; ; ;0; ; ; ; ; ; 
TRACK;1.11.41-1;-16.3813144;-71.50509774;-1939399.113;2842092.715;D;False; ; ;0; ; ; ; ; ; 
TRACK;1.11.41-1;-16.38133321;-71.50553303;-1939395.835;2842043.1;D;False; ; ;0; ; ; ; ; ; 
TRACK;1.11.41-2; ; ;-1.516416327;20763369.87;D; ; ; ; ; ; ; ; ; ; 
TRACK;1.11.41-2;-16.38188398;-71.50497876;-1939467.531;2842098.771;D;False; ; ;0; ; ; ; ; ; 
TRACK;1.11.41-2;-16.3818063;-71.50476287;-1939461.126;2842124.271;D;False; ; ;0; ; ; ; ; ; 
TRACK;1.11.41-2;-16.38176392;-71.50459121;-1939458.312;2842144.294;D;False; ; ;0; ; ; ; ; ; 
TRACK;1.11.41-2;-16.38127216;-71.50464532;-1939399.854;2842144.58;D;False; ; ;0; ; ; ; ; ; 
TRACK;1.11.41-2;-16.38131193;-71.50503188;-1939399.653;2842100.217;D;False; ; ;0; ; ; ; ; ; 
TRACK;1.11.41-3; ; ;-1.516416327;20763369.87;D; ; ; ; ; ; ; ; ; ; 
TRACK;1.11.41-3;-16.3817692;-71.50451202;-1939459.931;2842153.206;D;False; ; ;0; ; ; ; ; ; 
TRACK;1.11.41-3;-16.38177265;-71.50438297;-1939461.962;2842167.797;D;False; ; ;0; ; ; ; ; ; 
TRACK;1.11.41-3;-16.38180546;-71.50423077;-1939467.736;2842184.632;D;False; ; ;0; ; ; ; ; ; 
TRACK;1.11.41-3;-16.38182549;-71.50407035;-1939472.112;2842202.564;D;False; ; ;0; ; ; ; ; ; 
TRACK;1.11.41-3;-16.38119434;-71.50417988;-1939396.579;2842198.385;D;False; ; ;0; ; ; ; ; ; 
TRACK;1.11.41-3;-16.38124748;-71.5045756;-1939397.834;2842152.809;D;False; ; ;0; ; ; ; ; ; 
TRACK;1.11.41-4; ; ;-1.516416327;20763369.87;D; ; ; ; ; ; ; ; ; ; 
TRACK;1.11.41-4;-16.38183099;-71.50402661;-1939473.31;2842207.453;D;False; ; ;0; ; ; ; ; ; 
TRACK;1.11.41-4;-16.38187426;-71.50379705;-1939481.289;2842232.924;D;False; ; ;0; ; ; ; ; ; 
TRACK;1.11.41-4;-16.38149494;-71.50373883;-1939437.456;2842244.482;D;False; ; ;0; ; ; ; ; ; 
TRACK;1.11.41-4;-16.38117296;-71.50369915;-1939400.128;2842253.187;D;False; ; ;0; ; ; ; ; ; 
TRACK;1.11.41-4;-16.38120227;-71.50412137;-1939398.249;2842204.917;D;False; ; ;0; ; ; ; ; ; 
TRACK;1.11.41-5; ; ;-1.516416327;20763369.87;D; ; ; ; ; ; ; ; ; ; 
TRACK;1.11.41-5;-16.38187503;-71.50375895;-1939481.86;2842237.235;D;False; ; ;0; ; ; ; ; ; 
TRACK;1.11.41-5;-16.38193548;-71.50337228;-1939493.836;2842280.301;D;False; ; ;0; ; ; ; ; ; 
TRACK;1.11.41-5;-16.38124032;-71.50325814;-1939413.603;2842302.325;D;False; ; ;0; ; ; ; ; ; 
TRACK;1.11.41-5;-16.38116766;-71.50364548;-1939400.182;2842259.344;D;False; ; ;0; ; ; ; ; ; 
TRACK;1.11.41-6; ; ;-1.516416327;20763369.87;D; ; ; ; ; ; ; ; ; ; 
TRACK;1.11.41-6;-16.3817739;-71.50326846;-1939476.162;2842294.187;D;False; ; ;0; ; ; ; ; ; 
TRACK;1.11.41-6;-16.38194272;-71.50329567;-1939495.653;2842288.896;D;False; ; ;0; ; ; ; ; ; 
TRACK;1.11.41-6;-16.38201097;-71.50291347;-1939508.49;2842331.353;D;False; ; ;0; ; ; ; ; ; 
TRACK;1.11.41-6;-16.38131432;-71.50279902;-1939428.085;2842353.432;D;False; ; ;0; ; ; ; ; ; 
TRACK;1.11.41-6;-16.38124871;-71.50320316;-1939415.282;2842308.452;D;False; ; ;0; ; ; ; ; ; 
TRACK;1.11.41-7; ; ;-1.516416327;20763369.87;D; ; ; ; ; ; ; ; ; ; 
TRACK;1.11.41-7;-16.38201578;-71.50283734;-1939510.016;2842339.924;D;False; ; ;0; ; ; ; ; ; 
TRACK;1.11.41-7;-16.38207557;-71.50244777;-1939521.953;2842383.327;D;False; ; ;0; ; ; ; ; ; 
TRACK;1.11.41-7;-16.38140035;-71.50234831;-1939443.877;2842403.428;D;False; ; ;0; ; ; ; ; ; 
TRACK;1.11.41-7;-16.38133857;-71.50273686;-1939431.719;2842360.165;D;False; ; ;0; ; ; ; ; ; 
TRACK;1.11.41-8; ; ;-1.516416327;20763369.87;D; ; ; ; ; ; ; ; ; ; 
TRACK;1.11.41-8;-16.38218743;-71.50208743;-1939539.639;2842422.735;D;False; ; ;0; ; ; ; ; ; 
TRACK;1.11.41-8;-16.38232314;-71.50176281;-1939559.677;2842457.78;D;False; ; ;0; ; ; ; ; ; 
TRACK;1.11.41-8;-16.381764;-71.50149452;-1939497.367;2842495.514;D;False; ; ;0; ; ; ; ; ; 
TRACK;1.11.41-8;-16.38161865;-71.50182381;-1939476.138;2842460.064;D;False; ; ;0; ; ; ; ; ; 
TRACK;1.11.41-9; ; ;-1.516416327;20763369.87;D; ; ; ; ; ; ; ; ; ; 
TRACK;1.11.41-9;-16.38235926;-71.50169521;-1939564.773;2842464.976;D;False; ; ;0; ; ; ; ; ; 
TRACK;1.11.41-9;-16.38250275;-71.50139364;-1939585.434;2842497.305;D;False; ; ;0; ; ; ; ; ; 
TRACK;1.11.41-9;-16.38195352;-71.50110987;-1939524.484;2842536.665;D;False; ; ;0; ; ; ; ; ; 
TRACK;1.11.41-9;-16.38178804;-71.50141719;-1939501.166;2842503.97;D;False; ; ;0; ; ; ; ; ; 
TRACK;1.11.41-10; ; ;-1.516416327;20763369.87;D; ; ; ; ; ; ; ; ; ; 
TRACK;1.11.41-10;-16.38253659;-71.50131917;-1939590.349;2842505.309;D;False; ; ;0; ; ; ; ; ; 
TRACK;1.11.41-10;-16.38270652;-71.50095779;-1939614.872;2842544.076;D;False; ; ;0; ; ; ; ; ; 
TRACK;1.11.41-10;-16.38217762;-71.50063812;-1939556.762;2842587.242;D;False; ; ;0; ; ; ; ; ; 
TRACK;1.11.41-10;-16.38198428;-71.50104634;-1939528.9;2842543.468;D;False; ; ;0; ; ; ; ; ; 
TRACK;1.11.42-1; ; ;-1.516416327;20763369.87;D; ; ; ; ; ; ; ; ; ; 
TRACK;1.11.42-1;-16.38118727;-71.50541264;-1939380.207;2842058.661;D;False; ; ;0; ; ; ; ; ; 
TRACK;1.11.42-1;-16.38115483;-71.50493183;-1939382.456;2842113.616;D;False; ; ;0; ; ; ; ; ; 
TRACK;1.11.42-1;-16.38095356;-71.50494619;-1939358.629;2842114.617;D;False; ; ;0; ; ; ; ; ; 
TRACK;1.11.42-1;-16.38073578;-71.5049711;-1939332.729;2842114.635;D;False; ; ;0; ; ; ; ; ; 
TRACK;1.11.42-1;-16.38057171;-71.50501112;-1939312.948;2842112.239;D;False; ; ;0; ; ; ; ; ; 
TRACK;1.11.42-1;-16.3805665;-71.50537971;-1939307.689;2842070.502;D;False; ; ;0; ; ; ; ; ; 
TRACK;1.11.42-1;-16.38107218;-71.505478;-1939365.862;2842052.75;D;False; ; ;0; ; ; ; ; ; 
TRACK;1.11.42-2; ; ;-1.516416327;20763369.87;D; ; ; ; ; ; ; ; ; ; 
TRACK;1.11.42-2;-16.38079319;-71.50487975;-1939340.625;2842124.246;D;False; ; ;0; ; ; ; ; ; 
TRACK;1.11.42-2;-16.3811436;-71.50486304;-1939382.005;2842121.565;D;False; ; ;0; ; ; ; ; ; 
TRACK;1.11.42-2;-16.38111765;-71.50465476;-1939381.582;2842145.526;D;False; ; ;0; ; ; ; ; ; 
TRACK;1.11.42-2;-16.38076916;-71.5046767;-1939340.362;2842147.59;D;False; ; ;0; ; ; ; ; ; 
TRACK;1.11.42-2;-16.38076832;-71.50477098;-1939339.075;2842136.907;D;False; ; ;0; ; ; ; ; ; 
TRACK;1.11.42-2;-16.3806676;-71.50487576;-1939325.92;2842126.338;D;False; ; ;0; ; ; ; ; ; 
TRACK;1.11.42-2;-16.38067082;-71.50491552;-1939325.797;2842121.786;D;False; ; ;0; ; ; ; ; ; 
TRACK;1.11.42-3; ; ;-1.516416327;20763369.87;D; ; ; ; ; ; ; ; ; ; 
TRACK;1.11.42-3;-16.38111933;-71.50458675;-1939382.637;2842153.218;D;False; ; ;0; ; ; ; ; ; 
TRACK;1.11.42-3;-16.38109423;-71.50418957;-1939384.695;2842198.593;D;False; ; ;0; ; ; ; ; ; 
TRACK;1.11.42-3;-16.38084147;-71.50420443;-1939354.811;2842200.209;D;False; ; ;0; ; ; ; ; ; 
TRACK;1.11.42-3;-16.38083575;-71.50459078;-1939349.269;2842156.464;D;False; ; ;0; ; ; ; ; ; 
TRACK;1.11.42-4; ; ;-1.516416327;20763369.87;D; ; ; ; ; ; ; ; ; ; 
TRACK;1.11.42-4;-16.38105065;-71.50363145;-1939386.612;2842262.463;D;False; ; ;0; ; ; ; ; ; 
TRACK;1.11.42-4;-16.38110699;-71.50325155;-1939398.021;2842304.815;D;False; ; ;0; ; ; ; ; ; 
TRACK;1.11.42-4;-16.38055257;-71.50314653;-1939334.207;2842323.967;D;False; ; ;0; ; ; ; ; ; 
TRACK;1.11.42-4;-16.3805202;-71.50352821;-1939325.591;2842281.1;D;False; ; ;0; ; ; ; ; ; 
TRACK;1.11.42-5; ; ;-1.516416327;20763369.87;D; ; ; ; ; ; ; ; ; ; 
TRACK;1.11.42-5;-16.38111525;-71.50318253;-1939399.861;2842312.535;D;False; ; ;0; ; ; ; ; ; 
TRACK;1.11.42-5;-16.38117506;-71.50279408;-1939411.787;2842355.811;D;False; ; ;0; ; ; ; ; ; 
TRACK;1.11.42-5;-16.3805912;-71.5026839;-1939344.579;2842375.934;D;False; ; ;0; ; ; ; ; ; 
TRACK;1.11.42-5;-16.38052874;-71.50305476;-1939332.564;2842334.687;D;False; ; ;0; ; ; ; ; ; 
TRACK;1.11.42-7; ; ;-1.516416327;20763369.87;D; ; ; ; ; ; ; ; ; ; 
TRACK;1.11.42-7;-16.38148183;-71.50176399;-1939460.817;2842468.636;D;False; ; ;0; ; ; ; ; ; 
TRACK;1.11.42-7;-16.38163011;-71.50143392;-1939482.4;2842504.136;D;False; ; ;0; ; ; ; ; ; 
TRACK;1.11.42-7;-16.38097812;-71.50109123;-1939410.12;2842551.52;D;False; ; ;0; ; ; ; ; ; 
TRACK;1.11.42-7;-16.38085069;-71.50141572;-1939391.056;2842516.381;D;False; ; ;0; ; ; ; ; ; 
TRACK;1.11.42-8; ; ;-1.516416327;20763369.87;D; ; ; ; ; ; ; ; ; ; 
TRACK;1.11.42-8;-16.38166278;-71.50135989;-1939487.172;2842512.105;D;False; ; ;0; ; ; ; ; ; 
TRACK;1.11.42-8;-16.381809;-71.50103958;-1939508.391;2842546.525;D;False; ; ;0; ; ; ; ; ; 
TRACK;1.11.42-8;-16.38133348;-71.50079246;-1939455.639;2842580.764;D;False; ; ;0; ; ; ; ; ; 
TRACK;1.11.42-8;-16.38104487;-71.50066666;-1939423.316;2842598.802;D;False; ; ;0; ; ; ; ; ; 
TRACK;1.11.42-8;-16.38098447;-71.50101466;-1939411.832;2842560.121;D;False; ; ;0; ; ; ; ; ; 
TRACK;1.11.42-9; ; ;-1.516416327;20763369.87;D; ; ; ; ; ; ; ; ; ; 
TRACK;1.11.42-9;-16.38183983;-71.50097454;-1939512.833;2842553.499;D;False; ; ;0; ; ; ; ; ; 
TRACK;1.11.42-9;-16.38205373;-71.50054311;-1939543.404;2842599.637;D;False; ; ;0; ; ; ; ; ; 
TRACK;1.11.42-9;-16.38118432;-71.4999851;-1939448.294;2842674.284;D;False; ; ;0; ; ; ; ; ; 
TRACK;1.11.42-9;-16.38111393;-71.50020263;-1939437.281;2842650.531;D;False; ; ;0; ; ; ; ; ; 
TRACK;1.11.42-9;-16.38105726;-71.50056012;-1939426.115;2842610.725;D;False; ; ;0; ; ; ; ; ; 
TRACK;1.11.43-1; ; ;-1.516416327;20763369.87;D; ; ; ; ; ; ; ; ; ; 
TRACK;1.11.43-1;-16.38187147;-71.50025234;-1939525.658;2842634.996;D;False; ; ;0; ; ; ; ; ; 
TRACK;1.11.43-1;-16.38176146;-71.50010008;-1939514.653;2842653.703;D;False; ; ;0; ; ; ; ; ; 
TRACK;1.11.43-1;-16.38157459;-71.49986803;-1939495.624;2842682.464;D;False; ; ;0; ; ; ; ; ; 
TRACK;1.11.43-1;-16.38144964;-71.4997411;-1939482.544;2842698.493;D;False; ; ;0; ; ; ; ; ; 
TRACK;1.11.43-1;-16.38127716;-71.49962327;-1939463.766;2842714.11;D;False; ; ;0; ; ; ; ; ; 
TRACK;1.11.43-1;-16.3811833;-71.49990822;-1939449.145;2842683.016;D;False; ; ;0; ; ; ; ; ; 
TRACK;1.11.43-1;-16.3818363;-71.50031464;-1939520.741;2842628.39;D;False; ; ;0; ; ; ; ; ; 
TRACK;1.11.51-21; ; ;-1.516416327;20763369.87;D; ; ; ; ; ; ; ; ; ; 
TRACK;1.11.51-21;-16.37489099;-71.49848473;-1938727.799;2842926.661;D;False; ; ;0; ; ; ; ; ; 
TRACK;1.11.51-21;-16.37505184;-71.49836601;-1938748.195;2842938.026;D;False; ; ;0; ; ; ; ; ; 
TRACK;1.11.51-21;-16.37474922;-71.49814292;-1938715.452;2842967.283;D;False; ; ;0; ; ; ; ; ; 
TRACK;1.11.51-21;-16.37463256;-71.49825113;-1938700.381;2842956.533;D;False; ; ;0; ; ; ; ; ; 
TRACK;1.11.51-21;-16.37480294;-71.49853513;-1938716.819;2842922.094;D;False; ; ;0; ; ; ; ; ; 
TRACK;1.11.51-22; ; ;-1.516416327;20763369.87;D; ; ; ; ; ; ; ; ; ; 
TRACK;1.11.51-22;-16.37542788;-71.49857913;-1938789.69;2842908.942;D;False; ; ;0; ; ; ; ; ; 
TRACK;1.11.51-22;-16.3751241;-71.49839751;-1938756.288;2842933.509;D;False; ; ;0; ; ; ; ; ; 
TRACK;1.11.51-22;-16.37482155;-71.49857527;-1938718.5;2842917.298;D;False; ; ;0; ; ; ; ; ; 
TRACK;1.11.51-22;-16.37495743;-71.49883615;-1938731.175;2842885.933;D;False; ; ;0; ; ; ; ; ; 
TRACK;1.11.51-23; ; ;-1.516416327;20763369.87;D; ; ; ; ; ; ; ; ; ; 
TRACK;1.11.51-23;-16.37502543;-71.4989618;-1938737.581;2842870.793;D;False; ; ;0; ; ; ; ; ; 
TRACK;1.11.51-23;-16.37511778;-71.49901764;-1938747.727;2842863.254;D;False; ; ;0; ; ; ; ; ; 
TRACK;1.11.51-23;-16.37561188;-71.49874394;-1938809.23;2842887.845;D;False; ; ;0; ; ; ; ; ; 
TRACK;1.11.51-23;-16.37545934;-71.49861775;-1938792.9;2842904.151;D;False; ; ;0; ; ; ; ; ; 
TRACK;1.11.51-23;-16.37498425;-71.49887279;-1938733.864;2842881.427;D;False; ; ;0; ; ; ; ; ; 
TRACK;1.11.52-1; ; ;-1.516416327;20763369.87;D; ; ; ; ; ; ; ; ; ; 
TRACK;1.11.52-1;-16.37725324;-71.49870096;-1939002.62;2842871.283;D;False; ; ;0; ; ; ; ; ; 
TRACK;1.11.52-1;-16.37708315;-71.49840515;-1938986.365;2842907.056;D;False; ; ;0; ; ; ; ; ; 
TRACK;1.11.52-1;-16.37704616;-71.4983349;-1938982.905;2842915.507;D;False; ; ;0; ; ; ; ; ; 
TRACK;1.11.52-1;-16.37672269;-71.49853105;-1938942.427;2842897.485;D;False; ; ;0; ; ; ; ; ; 
TRACK;1.11.52-1;-16.37691897;-71.49891334;-1938960.667;2842851.56;D;False; ; ;0; ; ; ; ; ; 
TRACK;1.11.52-3; ; ;-1.516416327;20763369.87;D; ; ; ; ; ; ; ; ; ; 
TRACK;1.11.52-3;-16.37650216;-71.49914766;-1938908.741;2842830.426;D;False; ; ;0; ; ; ; ; ; 
TRACK;1.11.52-3;-16.37634689;-71.49885827;-1938894.147;2842865.278;D;False; ; ;0; ; ; ; ; ; 
TRACK;1.11.52-3;-16.3762908;-71.49874479;-1938888.988;2842878.882;D;False; ; ;0; ; ; ; ; ; 
TRACK;1.11.52-3;-16.37597679;-71.49892415;-1938849.833;2842862.639;D;False; ; ;0; ; ; ; ; ; 
TRACK;1.11.52-3;-16.37619607;-71.49933565;-1938870.408;2842813.101;D;False; ; ;0; ; ; ; ; ; 
TRACK;1.11.52-4; ; ;-1.516416327;20763369.87;D; ; ; ; ; ; ; ; ; ; 
TRACK;1.11.52-4;-16.3761395;-71.49936286;-1938863.419;2842810.753;D;False; ; ;0; ; ; ; ; ; 
TRACK;1.11.52-4;-16.37592383;-71.49895777;-1938843.186;2842859.518;D;False; ; ;0; ; ; ; ; ; 
TRACK;1.11.52-4;-16.37562024;-71.49913208;-1938805.319;2842843.711;D;False; ; ;0; ; ; ; ; ; 
TRACK;1.11.52-4;-16.37583462;-71.49953927;-1938825.373;2842794.726;D;False; ; ;0; ; ; ; ; ; 
TRACK;1.11.52-5; ; ;-1.516416327;20763369.87;D; ; ; ; ; ; ; ; ; ; 
TRACK;1.11.52-5;-16.37578125;-71.49957502;-1938818.652;2842791.368;D;False; ; ;0; ; ; ; ; ; 
TRACK;1.11.52-5;-16.37549621;-71.49904856;-1938791.8;2842854.804;D;False; ; ;0; ; ; ; ; ; 
TRACK;1.11.52-5;-16.3752207;-71.49918405;-1938757.721;2842843.034;D;False; ; ;0; ; ; ; ; ; 
TRACK;1.11.52-5;-16.3752725;-71.49932861;-1938761.985;2842825.961;D;False; ; ;0; ; ; ; ; ; 
TRACK;1.11.52-5;-16.37528183;-71.4994;-1938762.18;2842817.742;D;False; ; ;0; ; ; ; ; ; 
TRACK;1.11.52-5;-16.37546936;-71.49974997;-1938779.802;2842775.597;D;False; ; ;0; ; ; ; ; ; 
TRACK;1.11.52-6; ; ;-1.516416327;20763369.87;D; ; ; ; ; ; ; ; ; ; 
TRACK;1.11.52-6;-16.37615467;-71.50025263;-1938853.984;2842709.634;D;False; ; ;0; ; ; ; ; ; 
TRACK;1.11.52-6;-16.375823;-71.49966228;-1938822.457;2842780.925;D;False; ; ;0; ; ; ; ; ; 
TRACK;1.11.52-6;-16.37551636;-71.49984121;-1938784.174;2842764.634;D;False; ; ;0; ; ; ; ; ; 
TRACK;1.11.52-6;-16.37583994;-71.50043704;-1938814.68;2842692.827;D;False; ; ;0; ; ; ; ; ; 
TRACK;1.11.52-7; ; ;-1.516416327;20763369.87;D; ; ; ; ; ; ; ; ; ; 
TRACK;1.11.52-7;-16.37650404;-71.50004373;-1938897.664;2842728.765;D;False; ; ;0; ; ; ; ; ; 
TRACK;1.11.52-7;-16.37617796;-71.49944565;-1938866.894;2842800.86;D;False; ; ;0; ; ; ; ; ; 
TRACK;1.11.52-7;-16.37588571;-71.49962113;-1938830.344;2842784.774;D;False; ; ;0; ; ; ; ; ; 
TRACK;1.11.52-7;-16.37620312;-71.50022608;-1938860.01;2842712.012;D;False; ; ;0; ; ; ; ; ; 
TRACK;1.11.52-8; ; ;-1.516416327;20763369.87;D; ; ; ; ; ; ; ; ; ; 
TRACK;1.11.52-8;-16.37686853;-71.49983452;-1938943.127;2842747.734;D;False; ; ;0; ; ; ; ; ; 
TRACK;1.11.52-8;-16.37655003;-71.49923304;-1938913.29;2842820.116;D;False; ; ;0; ; ; ; ; ; 
TRACK;1.11.52-8;-16.37624009;-71.49941065;-1938874.634;2842804.019;D;False; ; ;0; ; ; ; ; ; 
TRACK;1.11.52-8;-16.37655643;-71.50001061;-1938904.238;2842731.838;D;False; ; ;0; ; ; ; ; ; 
TRACK;1.11.52-9; ; ;-1.516416327;20763369.87;D; ; ; ; ; ; ; ; ; ; 
TRACK;1.11.52-9;-16.37723349;-71.49962433;-1938988.657;2842766.809;D;False; ; ;0; ; ; ; ; ; 
TRACK;1.11.52-9;-16.37690356;-71.49900641;-1938957.684;2842841.205;D;False; ; ;0; ; ; ; ; ; 
TRACK;1.11.52-9;-16.37659701;-71.49919091;-1938919.341;2842824.282;D;False; ; ;0; ; ; ; ; ; 
TRACK;1.11.52-9;-16.37692874;-71.49979804;-1938950.661;2842751.086;D;False; ; ;0; ; ; ; ; ; 
TRACK;1.11.52-10; ; ;-1.516416327;20763369.87;D; ; ; ; ; ; ; ; ; ; 
TRACK;1.11.52-10;-16.37758591;-71.49941584;-1939032.691;2842785.854;D;False; ; ;0; ; ; ; ; ; 
TRACK;1.11.52-10;-16.37742496;-71.49903449;-1939018.59;2842831.21;D;False; ; ;0; ; ; ; ; ; 
TRACK;1.11.52-10;-16.37729823;-71.49878924;-1939006.792;2842860.682;D;False; ; ;0; ; ; ; ; ; 
TRACK;1.11.52-10;-16.37696748;-71.49899403;-1938965.349;2842841.774;D;False; ; ;0; ; ; ; ; ; 
TRACK;1.11.52-10;-16.37729918;-71.49958888;-1938996.822;2842769.971;D;False; ; ;0; ; ; ; ; ; 
TRACK;1.11.52-11; ; ;-1.516416327;20763369.87;D; ; ; ; ; ; ; ; ; ; 
TRACK;1.11.52-11;-16.37650263;-71.5003511;-1938893.624;2842693.92;D;False; ; ;0; ; ; ; ; ; 
TRACK;1.11.52-11;-16.37681538;-71.50014861;-1938932.922;2842712.803;D;False; ; ;0; ; ; ; ; ; 
TRACK;1.11.52-11;-16.37710995;-71.50005449;-1938968.719;2842719.632;D;False; ; ;0; ; ; ; ; ; 
TRACK;1.11.52-11;-16.37742191;-71.50002771;-1939005.708;2842718.595;D;False; ; ;0; ; ; ; ; ; 
TRACK;1.11.52-11;-16.37777783;-71.4998367;-1939049.934;2842735.611;D;False; ; ;0; ; ; ; ; ; 
TRACK;1.11.52-11;-16.37761516;-71.49947566;-1939035.375;2842778.686;D;False; ; ;0; ; ; ; ; ; 
TRACK;1.11.52-11;-16.37707841;-71.49978657;-1938968.391;2842750.432;D;False; ; ;0; ; ; ; ; ; 
TRACK;1.11.52-11;-16.37624246;-71.50029199;-1938863.801;2842704.023;D;False; ; ;0; ; ; ; ; ; 
TRACK;1.11.52-11;-16.37640972;-71.50060727;-1938879.478;2842666.078;D;False; ; ;0; ; ; ; ; ; 
TRACK;1.11.52-11;-16.37653171;-71.5004456;-1938895.85;2842682.823;D;False; ; ;0; ; ; ; ; ; 
TRACK;1.11.52-12; ; ;-1.516416327;20763369.87;D; ; ; ; ; ; ; ; ; ; 
TRACK;1.11.52-12;-16.37630662;-71.50101287;-1938862.251;2842621.42;D;False; ; ;0; ; ; ; ; ; 
TRACK;1.11.52-12;-16.37641152;-71.50071966;-1938878.273;2842653.307;D;False; ; ;0; ; ; ; ; ; 
TRACK;1.11.52-12;-16.37635544;-71.50062881;-1938872.829;2842664.344;D;False; ; ;0; ; ; ; ; ; 
TRACK;1.11.52-12;-16.37606129;-71.50081348;-1938835.941;2842647.239;D;False; ; ;0; ; ; ; ; ; 
TRACK;1.11.52-12;-16.37628088;-71.5012126;-1938856.71;2842599.102;D;False; ; ;0; ; ; ; ; ; 
TRACK;1.11.52-12;-16.37635271;-71.5011594;-1938865.82;2842604.199;D;False; ; ;0; ; ; ; ; ; 
TRACK;1.11.52-13; ; ;-1.516416327;20763369.87;D; ; ; ; ; ; ; ; ; ; 
TRACK;1.11.52-13;-16.37622378;-71.50127564;-1938849.206;2842592.697;D;False; ; ;0; ; ; ; ; ; 
TRACK;1.11.52-13;-16.37581277;-71.50055048;-1938810.058;2842680.315;D;False; ; ;0; ; ; ; ; ; 
TRACK;1.11.52-13;-16.37550613;-71.50073732;-1938771.675;2842663.127;D;False; ; ;0; ; ; ; ; ; 
TRACK;1.11.52-13;-16.37589663;-71.50148018;-1938808.19;2842573.77;D;False; ; ;0; ; ; ; ; ; 
TRACK;1.11.52-14; ; ;-1.516416327;20763369.87;D; ; ; ; ; ; ; ; ; ; 
TRACK;1.11.52-14;-16.37708601;-71.50303531;-1938928.327;2842381.852;D;False; ; ;0; ; ; ; ; ; 
TRACK;1.11.52-14;-16.37709313;-71.50279294;-1938932.218;2842409.25;D;False; ; ;0; ; ; ; ; ; 
TRACK;1.11.52-14;-16.37686695;-71.50254208;-1938908.807;2842440.656;D;False; ; ;0; ; ; ; ; ; 
TRACK;1.11.52-14;-16.37669999;-71.50224331;-1938892.958;2842476.723;D;False; ; ;0; ; ; ; ; ; 
TRACK;1.11.52-14;-16.37633788;-71.50162159;-1938858.25;2842551.969;D;False; ; ;0; ; ; ; ; ; 
TRACK;1.11.52-14;-16.37622885;-71.50138385;-1938848.437;2842580.357;D;False; ; ;0; ; ; ; ; ; 
TRACK;1.11.52-14;-16.375945;-71.50154277;-1938813.085;2842566.039;D;False; ; ;0; ; ; ; ; ; 
TRACK;1.11.52-14;-16.37631823;-71.50220616;-1938848.573;2842485.922;D;False; ; ;0; ; ; ; ; ; 
TRACK;1.11.52-14;-16.3768597;-71.50317293;-1938900.003;2842369.198;D;False; ; ;0; ; ; ; ; ; 
TRACK;1.11.52-15; ; ;-1.516416327;20763369.87;D; ; ; ; ; ; ; ; ; ; 
TRACK;1.11.52-15;-16.37645793;-71.50261559;-1938859.825;2842437.659;D;False; ; ;0; ; ; ; ; ; 
TRACK;1.11.52-15;-16.37590205;-71.50291778;-1938790.705;2842410.642;D;False; ; ;0; ; ; ; ; ; 
TRACK;1.11.52-15;-16.37598125;-71.5029598;-1938799.481;2842404.842;D;False; ; ;0; ; ; ; ; ; 
TRACK;1.11.52-15;-16.37624675;-71.50300238;-1938830.138;2842396.546;D;False; ; ;0; ; ; ; ; ; 
TRACK;1.11.52-15;-16.37664515;-71.50299254;-1938877.069;2842392.46;D;False; ; ;0; ; ; ; ; ; 
TRACK;1.11.52-16; ; ;-1.516416327;20763369.87;D; ; ; ; ; ; ; ; ; ; 
TRACK;1.11.52-16;-16.37641192;-71.50255732;-1938855.154;2842444.869;D;False; ; ;0; ; ; ; ; ; 
TRACK;1.11.52-16;-16.37588434;-71.50155455;-1938805.809;2842565.495;D;False; ; ;0; ; ; ; ; ; 
TRACK;1.11.52-16;-16.37555588;-71.50173627;-1938764.927;2842549.173;D;False; ; ;0; ; ; ; ; ; 
TRACK;1.11.52-16;-16.37581514;-71.50220821;-1938789.438;2842492.258;D;False; ; ;0; ; ; ; ; ; 
TRACK;1.11.52-16;-16.37609139;-71.50273798;-1938815.217;2842428.563;D;False; ; ;0; ; ; ; ; ; 
TRACK;1.11.52-17; ; ;-1.516416327;20763369.87;D; ; ; ; ; ; ; ; ; ; 
TRACK;1.11.52-17;-16.37572787;-71.50256154;-1938774.731;2842453.322;D;False; ; ;0; ; ; ; ; ; 
TRACK;1.11.52-17;-16.37588815;-71.50247712;-1938794.627;2842460.805;D;False; ; ;0; ; ; ; ; ; 
TRACK;1.11.52-17;-16.37551253;-71.50178185;-1938759.259;2842544.569;D;False; ; ;0; ; ; ; ; ; 
TRACK;1.11.52-17;-16.37519201;-71.50196088;-1938719.345;2842528.448;D;False; ; ;0; ; ; ; ; ; 
TRACK;1.11.52-17;-16.37558288;-71.50266182;-1938756.433;2842443.842;D;False; ; ;0; ; ; ; ; ; 
TRACK;1.11.52-19; ; ;-1.516416327;20763369.87;D; ; ; ; ; ; ; ; ; ; 
TRACK;1.11.52-19;-16.37575992;-71.50046623;-1938804.91;2842690.561;D;False; ; ;0; ; ; ; ; ; 
TRACK;1.11.52-19;-16.37544009;-71.49988062;-1938774.716;2842761.16;D;False; ; ;0; ; ; ; ; ; 
TRACK;1.11.52-19;-16.37514583;-71.50005639;-1938737.927;2842745.067;D;False; ; ;0; ; ; ; ; ; 
TRACK;1.11.52-19;-16.37547199;-71.50064784;-1938768.792;2842673.722;D;False; ; ;0; ; ; ; ; ; 
TRACK;1.11.52-21; ; ;-1.516416327;20763369.87;D; ; ; ; ; ; ; ; ; ; 
TRACK;1.11.52-21;-16.37487291;-71.49989656;-1938707.876;2842766.76;D;False; ; ;0; ; ; ; ; ; 
TRACK;1.11.52-21;-16.37496233;-71.49980673;-1938719.515;2842775.781;D;False; ; ;0; ; ; ; ; ; 
TRACK;1.11.52-21;-16.37504826;-71.49966655;-1938731.377;2842790.558;D;False; ; ;0; ; ; ; ; ; 
TRACK;1.11.52-21;-16.37483668;-71.49953801;-1938708.139;2842807.902;D;False; ; ;0; ; ; ; ; ; 
TRACK;1.11.52-21;-16.37473357;-71.49978156;-1938692.954;2842781.623;D;False; ; ;0; ; ; ; ; ; 
TRACK;1.11.52-22; ; ;-1.516416327;20763369.87;D; ; ; ; ; ; ; ; ; ; 
TRACK;1.11.52-22;-16.37506005;-71.49964438;-1938733.043;2842792.919;D;False; ; ;0; ; ; ; ; ; 
TRACK;1.11.52-22;-16.37521103;-71.49940157;-1938753.843;2842818.489;D;False; ; ;0; ; ; ; ; ; 
TRACK;1.11.52-22;-16.37520161;-71.49932807;-1938753.663;2842826.948;D;False; ; ;0; ; ; ; ; ; 
TRACK;1.11.52-22;-16.37515912;-71.49919371;-1938750.364;2842842.743;D;False; ; ;0; ; ; ; ; ; 
TRACK;1.11.52-22;-16.37504009;-71.49931045;-1938734.907;2842831.056;D;False; ; ;0; ; ; ; ; ; 
TRACK;1.11.52-22;-16.37500395;-71.49936458;-1938729.979;2842825.389;D;False; ; ;0; ; ; ; ; ; 
TRACK;1.11.52-22;-16.37489024;-71.49928687;-1938717.598;2842835.687;D;False; ; ;0; ; ; ; ; ; 
TRACK;1.11.52-22;-16.37478323;-71.49946534;-1938702.776;2842816.842;D;False; ; ;0; ; ; ; ; ; 
TRACK;1.11.52-22;-16.37490362;-71.49953314;-1938716.066;2842807.579;D;False; ; ;0; ; ; ; ; ; 
TRACK;1.11.52-23; ; ;-1.516416327;20763369.87;D; ; ; ; ; ; ; ; ; ; 
TRACK;1.11.52-23;-16.37464552;-71.49984207;-1938681.847;2842775.909;D;False; ; ;0; ; ; ; ; ; 
TRACK;1.11.52-23;-16.37466191;-71.49965577;-1938686.121;2842796.826;D;False; ; ;0; ; ; ; ; ; 
TRACK;1.11.52-23;-16.37467648;-71.49950332;-1938689.755;2842813.928;D;False; ; ;0; ; ; ; ; ; 
TRACK;1.11.52-23;-16.37473255;-71.49946295;-1938696.851;2842817.774;D;False; ; ;0; ; ; ; ; ; 
TRACK;1.11.52-23;-16.37470085;-71.49938958;-1938694.052;2842826.51;D;False; ; ;0; ; ; ; ; ; 
TRACK;1.11.52-23;-16.37460726;-71.49936946;-1938683.309;2842830.015;D;False; ; ;0; ; ; ; ; ; 
TRACK;1.11.52-23;-16.37453447;-71.49955301;-1938672.443;2842810.146;D;False; ; ;0; ; ; ; ; ; 
TRACK;1.11.52-23;-16.3744507;-71.49975045;-1938660.112;2842788.845;D;False; ; ;0; ; ; ; ; ; 
TRACK;1.11.52-24; ; ;-1.516416327;20763369.87;D; ; ; ; ; ; ; ; ; ; 
TRACK;1.11.52-24;-16.37460166;-71.50049371;-1938668.479;2842702.569;D;False; ; ;0; ; ; ; ; ; 
TRACK;1.11.52-24;-16.37460946;-71.50040881;-1938670.466;2842712.097;D;False; ; ;0; ; ; ; ; ; 
TRACK;1.11.52-24;-16.37455345;-71.500383;-1938664.21;2842715.756;D;False; ; ;0; ; ; ; ; ; 
TRACK;1.11.52-24;-16.37436692;-71.49996329;-1938647.585;2842765.798;D;False; ; ;0; ; ; ; ; ; 
TRACK;1.11.52-24;-16.37427347;-71.50014998;-1938634.253;2842745.842;D;False; ; ;0; ; ; ; ; ; 
TRACK;1.11.52-24;-16.3741494;-71.50021253;-1938618.887;2842740.368;D;False; ; ;0; ; ; ; ; ; 
TRACK;1.11.52-24;-16.3742926;-71.50060464;-1938630.769;2842694.023;D;False; ; ;0; ; ; ; ; ; 
TRACK;1.11.52-25; ; ;-1.516416327;20763369.87;D; ; ; ; ; ; ; ; ; ; 
TRACK;1.11.52-25;-16.37361682;-71.50023756;-1938555.997;2842744.483;D;False; ; ;0; ; ; ; ; ; 
TRACK;1.11.52-25;-16.37371512;-71.50030953;-1938566.639;2842735.036;D;False; ; ;0; ; ; ; ; ; 
TRACK;1.11.52-25;-16.3737553;-71.50033364;-1938571.056;2842731.777;D;False; ; ;0; ; ; ; ; ; 
TRACK;1.11.52-25;-16.3738893;-71.50036285;-1938586.433;2842726.714;D;False; ; ;0; ; ; ; ; ; 
TRACK;1.11.52-25;-16.37416873;-71.50040916;-1938618.679;2842717.813;D;False; ; ;0; ; ; ; ; ; 
TRACK;1.11.52-25;-16.37412118;-71.50021549;-1938615.534;2842740.4;D;False; ; ;0; ; ; ; ; ; 
TRACK;1.11.52-25;-16.3740174;-71.5002234;-1938603.241;2842740.858;D;False; ; ;0; ; ; ; ; ; 
TRACK;1.11.52-25;-16.37387087;-71.5001935;-1938586.402;2842746.164;D;False; ; ;0; ; ; ; ; ; 
TRACK;1.11.52-25;-16.37371955;-71.50012512;-1938569.485;2842755.895;D;False; ; ;0; ; ; ; ; ; 
TRACK;1.11.52-25;-16.37346952;-71.49996698;-1938542.101;2842777.097;D;False; ; ;0; ; ; ; ; ; 
TRACK;1.11.52-25;-16.3734171;-71.50008535;-1938534.451;2842764.356;D;False; ; ;0; ; ; ; ; ; 
TRACK;1.11.53-1; ; ;-1.516416327;20763369.87;D; ; ; ; ; ; ; ; ; ; 
TRACK;1.11.53-1;-16.37323408;-71.49973903;-1938517.313;2842806.027;D;False; ; ;0; ; ; ; ; ; 
TRACK;1.11.53-1;-16.3732173;-71.49951057;-1938518.221;2842832.16;D;False; ; ;0; ; ; ; ; ; 
TRACK;1.11.53-1;-16.37315862;-71.49919757;-1938515.272;2842868.428;D;False; ; ;0; ; ; ; ; ; 
TRACK;1.11.53-1;-16.37297847;-71.49925036;-1938493.44;2842864.793;D;False; ; ;0; ; ; ; ; ; 
TRACK;1.11.53-1;-16.37295713;-71.49927201;-1938490.661;2842862.616;D;False; ; ;0; ; ; ; ; ; 
TRACK;1.11.53-1;-16.37293261;-71.49932035;-1938487.17;2842857.453;D;False; ; ;0; ; ; ; ; ; 
TRACK;1.11.53-1;-16.37289286;-71.49940325;-1938481.455;2842848.569;D;False; ; ;0; ; ; ; ; ; 
TRACK;1.11.53-1;-16.37296034;-71.49981427;-1938484.202;2842801.068;D;False; ; ;0; ; ; ; ; ; 
TRACK;1.11.53-2; ; ;-1.516416327;20763369.87;D; ; ; ; ; ; ; ; ; ; 
TRACK;1.11.53-2;-16.37383011;-71.49949977;-1938590.358;2842825.383;D;False; ; ;0; ; ; ; ; ; 
TRACK;1.11.53-2;-16.37354042;-71.49924914;-1938559.481;2842857.594;D;False; ; ;0; ; ; ; ; ; 
TRACK;1.11.53-2;-16.37339575;-71.49913033;-1938543.981;2842872.959;D;False; ; ;0; ; ; ; ; ; 
TRACK;1.11.53-2;-16.37319308;-71.4991783;-1938519.564;2842870.164;D;False; ; ;0; ; ; ; ; ; 
TRACK;1.11.53-2;-16.37329333;-71.49971961;-1938524.519;2842807.456;D;False; ; ;0; ; ; ; ; ; 
TRACK;1.11.53-3; ; ;-1.516416327;20763369.87;D; ; ; ; ; ; ; ; ; ; 
TRACK;1.11.53-3;-16.3737045;-71.50003013;-1938568.914;2842766.866;D;False; ; ;0; ; ; ; ; ; 
TRACK;1.11.53-3;-16.3738313;-71.50009591;-1938582.983;2842757.749;D;False; ; ;0; ; ; ; ; ; 
TRACK;1.11.53-3;-16.37398161;-71.50013893;-1938600.1;2842750.908;D;False; ; ;0; ; ; ; ; ; 
TRACK;1.11.53-3;-16.37408559;-71.50012927;-1938612.439;2842750.645;D;False; ; ;0; ; ; ; ; ; 
TRACK;1.11.53-3;-16.37392435;-71.49970377;-1938598.859;2842801.013;D;False; ; ;0; ; ; ; ; ; 
TRACK;1.11.53-3;-16.37351025;-71.49988807;-1938547.882;2842785.516;D;False; ; ;0; ; ; ; ; ; 
TRACK;1.11.53-3;-16.37354575;-71.49992646;-1938551.569;2842780.697;D;False; ; ;0; ; ; ; ; ; 
TRACK;1.11.53-4; ; ;-1.516416327;20763369.87;D; ; ; ; ; ; ; ; ; ; 
TRACK;1.11.53-4;-16.37419695;-71.50006887;-1938626.284;2842756.042;D;False; ; ;0; ; ; ; ; ; 
TRACK;1.11.53-4;-16.37430699;-71.49988598;-1938641.519;2842775.349;D;False; ; ;0; ; ; ; ; ; 
TRACK;1.11.53-4;-16.37439063;-71.49970284;-1938653.654;2842795.03;D;False; ; ;0; ; ; ; ; ; 
TRACK;1.11.53-4;-16.37449395;-71.49942438;-1938669.303;2842825.266;D;False; ; ;0; ; ; ; ; ; 
TRACK;1.11.53-4;-16.37438168;-71.49947368;-1938655.492;2842821.139;D;False; ; ;0; ; ; ; ; ; 
TRACK;1.11.53-4;-16.37426548;-71.49953291;-1938641.092;2842815.938;D;False; ; ;0; ; ; ; ; ; 
TRACK;1.11.53-4;-16.37396009;-71.49968846;-1938603.25;2842802.283;D;False; ; ;0; ; ; ; ; ; 
TRACK;1.11.53-4;-16.37411918;-71.50011525;-1938616.563;2842751.796;D;False; ; ;0; ; ; ; ; ; 
TRACK;1.11.53-5; ; ;-1.516416327;20763369.87;D; ; ; ; ; ; ; ; ; ; 
TRACK;1.11.53-5;-16.37424323;-71.4993481;-1938640.808;2842837.191;D;False; ; ;0; ; ; ; ; ; 
TRACK;1.11.53-5;-16.37406861;-71.49890942;-1938625.822;2842889.229;D;False; ; ;0; ; ; ; ; ; 
TRACK;1.11.53-5;-16.37390325;-71.49897743;-1938605.536;2842883.675;D;False; ; ;0; ; ; ; ; ; 
TRACK;1.11.53-5;-16.37409234;-71.49940792;-1938622.326;2842832.377;D;False; ; ;0; ; ; ; ; ; 
TRACK;1.11.53-6; ; ;-1.516416327;20763369.87;D; ; ; ; ; ; ; ; ; ; 
TRACK;1.11.53-6;-16.3740499;-71.49887588;-1938624.046;2842893.278;D;False; ; ;0; ; ; ; ; ; 
TRACK;1.11.53-6;-16.37383222;-71.49839749;-1938604.502;2842950.383;D;False; ; ;0; ; ; ; ; ; 
TRACK;1.11.53-6;-16.37380567;-71.49845134;-1938600.703;2842944.622;D;False; ; ;0; ; ; ; ; ; 
TRACK;1.11.53-6;-16.37372858;-71.498569;-1938590.162;2842932.283;D;False; ; ;0; ; ; ; ; ; 
TRACK;1.11.53-6;-16.37388778;-71.49894143;-1938604.173;2842887.96;D;False; ; ;0; ; ; ; ; ; 
TRACK;1.11.53-7; ; ;-1.516416327;20763369.87;D; ; ; ; ; ; ; ; ; ; 
TRACK;1.11.53-7;-16.37436721;-71.49875254;-1938662.883;2842903.124;D;False; ; ;0; ; ; ; ; ; 
TRACK;1.11.53-7;-16.37406672;-71.49806128;-1938636.292;2842985.456;D;False; ; ;0; ; ; ; ; ; 
TRACK;1.11.53-7;-16.3738625;-71.49835609;-1938608.581;2842954.683;D;False; ; ;0; ; ; ; ; ; 
TRACK;1.11.53-7;-16.37409126;-71.49887214;-1938628.953;2842893.162;D;False; ; ;0; ; ; ; ; ; 
TRACK;1.11.53-8; ; ;-1.516416327;20763369.87;D; ; ; ; ; ; ; ; ; ; 
TRACK;1.11.53-8;-16.37455693;-71.49922368;-1938679.234;2842847.208;D;False; ; ;0; ; ; ; ; ; 
TRACK;1.11.53-8;-16.37439789;-71.49881224;-1938665.735;2842895.952;D;False; ; ;0; ; ; ; ; ; 
TRACK;1.11.53-8;-16.37411524;-71.49892293;-1938631.131;2842887.088;D;False; ; ;0; ; ; ; ; ; 
TRACK;1.11.53-8;-16.37427756;-71.499329;-1938645.082;2842838.909;D;False; ; ;0; ; ; ; ; ; 
TRACK;1.11.53-9; ; ;-1.516416327;20763369.87;D; ; ; ; ; ; ; ; ; ; 
TRACK;1.11.53-9;-16.37471814;-71.49915626;-1938699.024;2842852.749;D;False; ; ;0; ; ; ; ; ; 
TRACK;1.11.53-9;-16.37482141;-71.4990267;-1938712.792;2842866.096;D;False; ; ;0; ; ; ; ; ; 
TRACK;1.11.53-9;-16.37467026;-71.4986521;-1938699.756;2842910.56;D;False; ; ;0; ; ; ; ; ; 
TRACK;1.11.53-9;-16.37443182;-71.49879274;-1938669.967;2842897.721;D;False; ; ;0; ; ; ; ; ; 
TRACK;1.11.53-9;-16.3745971;-71.49920031;-1938684.248;2842849.334;D;False; ; ;0; ; ; ; ; ; 
TRACK;1.11.53-10; ; ;-1.516416327;20763369.87;D; ; ; ; ; ; ; ; ; ; 
TRACK;1.11.53-10;-16.37465653;-71.49862373;-1938698.5;2842913.957;D;False; ; ;0; ; ; ; ; ; 
TRACK;1.11.53-10;-16.37452525;-71.49832001;-1938686.905;2842950.121;D;False; ; ;0; ; ; ; ; ; 
TRACK;1.11.53-10;-16.37428415;-71.49844245;-1938657.033;2842939.381;D;False; ; ;0; ; ; ; ; ; 
TRACK;1.11.53-10;-16.37441983;-71.49874611;-1938669.146;2842903.166;D;False; ; ;0; ; ; ; ; ; 
TRACK;1.11.53-11; ; ;-1.516416327;20763369.87;D; ; ; ; ; ; ; ; ; ; 
TRACK;1.11.53-11;-16.37450437;-71.49828199;-1938684.93;2842954.706;D;False; ; ;0; ; ; ; ; ; 
TRACK;1.11.53-11;-16.3744175;-71.49808695;-1938677.183;2842977.963;D;False; ; ;0; ; ; ; ; ; 
TRACK;1.11.53-11;-16.37410072;-71.49804176;-1938640.533;2842987.227;D;False; ; ;0; ; ; ; ; ; 
TRACK;1.11.53-11;-16.3742742;-71.49839867;-1938656.416;2842944.478;D;False; ; ;0; ; ; ; ; ; 
TRACK;1.11.53-12; ; ;-1.516416327;20763369.87;D; ; ; ; ; ; ; ; ; ; 
TRACK;1.11.53-12;-16.37430118;-71.49800036;-1938664.608;2842989.305;D;False; ; ;0; ; ; ; ; ; 
TRACK;1.11.53-12;-16.37439847;-71.49776244;-1938679.038;2843015.02;D;False; ; ;0; ; ; ; ; ; 
TRACK;1.11.53-12;-16.37422723;-71.49767819;-1938659.981;2843026.813;D;False; ; ;0; ; ; ; ; ; 
TRACK;1.11.53-12;-16.37410628;-71.49795478;-1938642.283;2842997.019;D;False; ; ;0; ; ; ; ; ; 
TRACK;1.11.53-13; ; ;-1.516416327;20763369.87;D; ; ; ; ; ; ; ; ; ; 
TRACK;1.11.53-13;-16.37439622;-71.49771824;-1938679.331;2843020.063;D;False; ; ;0; ; ; ; ; ; 
TRACK;1.11.53-13;-16.37441625;-71.49763406;-1938682.746;2843029.349;D;False; ; ;0; ; ; ; ; ; 
TRACK;1.11.53-13;-16.3743959;-71.49732742;-1938684.221;2843064.397;D;False; ; ;0; ; ; ; ; ; 
TRACK;1.11.53-13;-16.37437237;-71.49730736;-1938681.709;2843066.979;D;False; ; ;0; ; ; ; ; ; 
TRACK;1.11.53-13;-16.3743557;-71.49729872;-1938679.859;2843068.177;D;False; ; ;0; ; ; ; ; ; 
TRACK;1.11.53-13;-16.3743317;-71.49730558;-1938676.954;2843067.712;D;False; ; ;0; ; ; ; ; ; 
TRACK;1.11.53-13;-16.37431042;-71.49731391;-1938674.348;2843067.046;D;False; ; ;0; ; ; ; ; ; 
TRACK;1.11.53-13;-16.37422842;-71.49764666;-1938660.518;2843030.374;D;False; ; ;0; ; ; ; ; ; 
TRACK;1.11.54-1; ; ;-1.516416327;20763369.87;D; ; ; ; ; ; ; ; ; ; 
TRACK;1.11.54-1;-16.37402301;-71.49937949;-1938614.538;2842836.506;D;False; ; ;0; ; ; ; ; ; 
TRACK;1.11.54-1;-16.37375388;-71.49878293;-1938590.438;2842907.687;D;False; ; ;0; ; ; ; ; ; 
TRACK;1.11.54-1;-16.37346942;-71.49908445;-1938553.215;2842877.201;D;False; ; ;0; ; ; ; ; ; 
TRACK;1.11.54-1;-16.373824;-71.49939471;-1938590.965;2842837.379;D;False; ; ;0; ; ; ; ; ; 
TRACK;1.11.54-2; ; ;-1.516416327;20763369.87;D; ; ; ; ; ; ; ; ; ; 
TRACK;1.11.54-2;-16.37343668;-71.49906876;-1938549.566;2842879.408;D;False; ; ;0; ; ; ; ; ; 
TRACK;1.11.54-2;-16.37359296;-71.49890002;-1938570.055;2842896.507;D;False; ; ;0; ; ; ; ; ; 
TRACK;1.11.54-2;-16.37322284;-71.49854029;-1938531.104;2842942.143;D;False; ; ;0; ; ; ; ; ; 
TRACK;1.11.54-2;-16.37298607;-71.49878394;-1938500.213;2842917.598;D;False; ; ;0; ; ; ; ; ; 
TRACK;1.11.54-2;-16.37321025;-71.49903198;-1938523.426;2842886.537;D;False; ; ;0; ; ; ; ; ; 
TRACK;1.11.54-3; ; ;-1.516416327;20763369.87;D; ; ; ; ; ; ; ; ; ; 
TRACK;1.11.54-3;-16.37372358;-71.49875576;-1938587.22;2842911.164;D;False; ; ;0; ; ; ; ; ; 
TRACK;1.11.54-3;-16.37351482;-71.4982374;-1938569.228;2842972.686;D;False; ; ;0; ; ; ; ; ; 
TRACK;1.11.54-3;-16.37327147;-71.49849851;-1938537.344;2842946.247;D;False; ; ;0; ; ; ; ; ; 
TRACK;1.11.54-3;-16.37362842;-71.49885224;-1938574.824;2842901.463;D;False; ; ;0; ; ; ; ; ; 
TRACK;1.11.54-5; ; ;-1.516416327;20763369.87;D; ; ; ; ; ; ; ; ; ; 
TRACK;1.11.54-5;-16.37318026;-71.49848941;-1938526.743;2842948.471;D;False; ; ;0; ; ; ; ; ; 
TRACK;1.11.54-5;-16.37250095;-71.49776329;-1938456.082;2843039.704;D;False; ; ;0; ; ; ; ; ; 
TRACK;1.11.54-5;-16.37225994;-71.49800909;-1938424.666;2843014.97;D;False; ; ;0; ; ; ; ; ; 
TRACK;1.11.54-5;-16.372944;-71.49874108;-1938495.811;2842923.01;D;False; ; ;0; ; ; ; ; ; 
TRACK;1.11.54-6; ; ;-1.516416327;20763369.87;D; ; ; ; ; ; ; ; ; ; 
TRACK;1.11.54-6;-16.37313733;-71.49903761;-1938514.787;2842886.851;D;False; ; ;0; ; ; ; ; ; 
TRACK;1.11.54-6;-16.37221706;-71.49803998;-1938419.239;2843012.027;D;False; ; ;0; ; ; ; ; ; 
TRACK;1.11.54-6;-16.37208508;-71.49817832;-1938401.987;2842998.058;D;False; ; ;0; ; ; ; ; ; 
TRACK;1.11.54-6;-16.37298065;-71.49913722;-1938495.123;2842877.597;D;False; ; ;0; ; ; ; ; ; 
TRACK;1.11.54-7; ; ;-1.516416327;20763369.87;D; ; ; ; ; ; ; ; ; ; 
TRACK;1.11.54-7;-16.37292758;-71.49915799;-1938488.626;2842875.934;D;False; ; ;0; ; ; ; ; ; 
TRACK;1.11.54-7;-16.37204227;-71.49821393;-1938396.508;2842994.578;D;False; ; ;0; ; ; ; ; ; 
TRACK;1.11.54-7;-16.3718269;-71.49846381;-1938368.055;2842969.047;D;False; ; ;0; ; ; ; ; ; 
TRACK;1.11.54-7;-16.37268181;-71.49943269;-1938456.287;2842847.985;D;False; ; ;0; ; ; ; ; ; 
TRACK;1.11.54-8; ; ;-1.516416327;20763369.87;D; ; ; ; ; ; ; ; ; ; 
TRACK;1.11.54-8;-16.37264224;-71.49947637;-1938451.087;2842843.548;D;False; ; ;0; ; ; ; ; ; 
TRACK;1.11.54-8;-16.37218535;-71.49893121;-1938404.278;2842911.35;D;False; ; ;0; ; ; ; ; ; 
TRACK;1.11.54-8;-16.37201419;-71.49913889;-1938381.55;2842890.028;D;False; ; ;0; ; ; ; ; ; 
TRACK;1.11.54-8;-16.37244519;-71.49966434;-1938425.566;2842824.8;D;False; ; ;0; ; ; ; ; ; 
TRACK;1.11.54-9; ; ;-1.516416327;20763369.87;D; ; ; ; ; ; ; ; ; ; 
TRACK;1.11.54-9;-16.37199937;-71.4981803;-1938391.893;2842998.952;D;False; ; ;0; ; ; ; ; ; 
TRACK;1.11.54-9;-16.37188211;-71.49806572;-1938379.56;2843013.48;D;False; ; ;0; ; ; ; ; ; 
TRACK;1.11.54-9;-16.37181212;-71.49819107;-1938369.756;2843000.176;D;False; ; ;0; ; ; ; ; ; 
TRACK;1.11.54-9;-16.37178663;-71.49835309;-1938364.719;2842982.131;D;False; ; ;0; ; ; ; ; ; 
TRACK;1.11.54-9;-16.37180912;-71.4983905;-1938366.89;2842977.594;D;False; ; ;0; ; ; ; ; ; 
TRACK;1.11.54-10; ; ;-1.516416327;20763369.87;D; ; ; ; ; ; ; ; ; ; 
TRACK;1.11.54-10;-16.37218223;-71.49798555;-1938415.832;2843018.655;D;False; ; ;0; ; ; ; ; ; 
TRACK;1.11.54-10;-16.37196247;-71.49772375;-1938393.312;2843051.22;D;False; ; ;0; ; ; ; ; ; 
TRACK;1.11.54-10;-16.37180662;-71.49787716;-1938373.067;2843035.854;D;False; ; ;0; ; ; ; ; ; 
TRACK;1.11.54-10;-16.37202212;-71.49815728;-1938394.855;2843001.267;D;False; ; ;0; ; ; ; ; ; 
TRACK;1.11.54-11; ; ;-1.516416327;20763369.87;D; ; ; ; ; ; ; ; ; ; 
TRACK;1.11.54-11;-16.37245404;-71.4977195;-1938451.122;2843045.284;D;False; ; ;0; ; ; ; ; ; 
TRACK;1.11.54-11;-16.37177163;-71.49692015;-1938381.02;2843144.864;D;False; ; ;0; ; ; ; ; ; 
TRACK;1.11.54-11;-16.37165562;-71.49704786;-1938365.779;2843131.892;D;False; ; ;0; ; ; ; ; ; 
TRACK;1.11.54-11;-16.37170492;-71.49722932;-1938369.284;2843110.666;D;False; ; ;0; ; ; ; ; ; 
TRACK;1.11.54-11;-16.37174663;-71.49734693;-1938372.703;2843096.781;D;False; ; ;0; ; ; ; ; ; 
TRACK;1.11.54-11;-16.37222495;-71.49795275;-1938421.265;2843021.818;D;False; ; ;0; ; ; ; ; ; 
TRACK;1.11.55-1; ; ;-1.516416327;20763369.87;D; ; ; ; ; ; ; ; ; ; 
TRACK;1.11.55-1;-16.37207956;-71.50089521;-1938367.093;2842689.959;D;False; ; ;0; ; ; ; ; ; 
TRACK;1.11.55-1;-16.37176977;-71.5004827;-1938335.894;2842740.794;D;False; ; ;0; ; ; ; ; ; 
TRACK;1.11.55-1;-16.3715083;-71.50069551;-1938302.491;2842720.069;D;False; ; ;0; ; ; ; ; ; 
TRACK;1.11.55-1;-16.3715032;-71.50069819;-1938301.858;2842719.831;D;False; ; ;0; ; ; ; ; ; 
TRACK;1.11.55-1;-16.37180117;-71.50111699;-1938331.589;2842668.438;D;False; ; ;0; ; ; ; ; ; 
TRACK;1.11.55-3; ; ;-1.516416327;20763369.87;D; ; ; ; ; ; ; ; ; ; 
TRACK;1.11.55-3;-16.37157558;-71.50131259;-1938302.619;2842649.197;D;False; ; ;0; ; ; ; ; ; 
TRACK;1.11.55-3;-16.37116167;-71.50076612;-1938260.875;2842716.586;D;False; ; ;0; ; ; ; ; ; 
TRACK;1.11.55-3;-16.37089385;-71.50096647;-1938226.884;2842697.357;D;False; ; ;0; ; ; ; ; ; 
TRACK;1.11.55-3;-16.37130013;-71.50152213;-1938267.615;2842629.025;D;False; ; ;0; ; ; ; ; ; 
TRACK;1.11.55-4; ; ;-1.516416327;20763369.87;D; ; ; ; ; ; ; ; ; ; 
TRACK;1.11.55-4;-16.37125415;-71.50155986;-1938261.737;2842625.346;D;False; ; ;0; ; ; ; ; ; 
TRACK;1.11.55-4;-16.37083767;-71.50099941;-1938219.868;2842694.353;D;False; ; ;0; ; ; ; ; ; 
TRACK;1.11.55-4;-16.37052748;-71.50123135;-1938180.5;2842672.095;D;False; ; ;0; ; ; ; ; ; 
TRACK;1.11.55-4;-16.3709374;-71.50179888;-1938221.51;2842602.37;D;False; ; ;0; ; ; ; ; ; 
TRACK;1.11.55-5; ; ;-1.516416327;20763369.87;D; ; ; ; ; ; ; ; ; ; 
TRACK;1.11.55-5;-16.37045686;-71.50092915;-1938176.012;2842707.294;D;False; ; ;0; ; ; ; ; ; 
TRACK;1.11.55-5;-16.37013085;-71.50044641;-1938143.792;2842766.306;D;False; ; ;0; ; ; ; ; ; 
TRACK;1.11.55-5;-16.37018268;-71.50029295;-1938151.815;2842783.037;D;False; ; ;0; ; ; ; ; ; 
TRACK;1.11.55-5;-16.37028483;-71.50006261;-1938166.72;2842807.83;D;False; ; ;0; ; ; ; ; ; 
TRACK;1.11.55-5;-16.37037509;-71.49978105;-1938180.873;2842838.589;D;False; ; ;0; ; ; ; ; ; 
TRACK;1.11.55-5;-16.37044746;-71.49958147;-1938191.892;2842860.283;D;False; ; ;0; ; ; ; ; ; 
TRACK;1.11.55-5;-16.37017059;-71.49951057;-1938160.255;2842871.939;D;False; ; ;0; ; ; ; ; ; 
TRACK;1.11.55-5;-16.37015028;-71.49960801;-1938156.642;2842861.152;D;False; ; ;0; ; ; ; ; ; 
TRACK;1.11.55-5;-16.37015004;-71.49969319;-1938155.539;2842851.493;D;False; ; ;0; ; ; ; ; ; 
TRACK;1.11.55-5;-16.37015711;-71.49984352;-1938154.475;2842834.349;D;False; ; ;0; ; ; ; ; ; 
TRACK;1.11.55-5;-16.3699959;-71.50021996;-1938130.791;2842793.754;D;False; ; ;0; ; ; ; ; ; 
TRACK;1.11.55-5;-16.37004548;-71.5003238;-1938135.307;2842781.329;D;False; ; ;0; ; ; ; ; ; 
TRACK;1.11.55-5;-16.37002097;-71.50042653;-1938131.132;2842769.997;D;False; ; ;0; ; ; ; ; ; 
TRACK;1.11.55-5;-16.36996282;-71.50051594;-1938123.174;2842760.614;D;False; ; ;0; ; ; ; ; ; 
TRACK;1.11.55-5;-16.37027978;-71.5010527;-1938153.649;2842695.592;D;False; ; ;0; ; ; ; ; ; 
TRACK;1.11.55-6; ; ;-1.516416327;20763369.87;D; ; ; ; ; ; ; ; ; ; 
TRACK;1.11.55-6;-16.37078629;-71.50064876;-1938218.251;2842734.798;D;False; ; ;0; ; ; ; ; ; 
TRACK;1.11.55-6;-16.37035962;-71.50004915;-1938175.678;2842808.38;D;False; ; ;0; ; ; ; ; ; 
TRACK;1.11.55-6;-16.37018268;-71.50042144;-1938150.197;2842768.463;D;False; ; ;0; ; ; ; ; ; 
TRACK;1.11.55-6;-16.37049462;-71.50087148;-1938181.174;2842713.343;D;False; ; ;0; ; ; ; ; ; 
TRACK;1.11.55-7; ; ;-1.516416327;20763369.87;D; ; ; ; ; ; ; ; ; ; 
TRACK;1.11.55-7;-16.37092209;-71.50001077;-1938242.247;2842805.391;D;False; ; ;0; ; ; ; ; ; 
TRACK;1.11.55-7;-16.37065562;-71.49962338;-1938215.822;2842852.811;D;False; ; ;0; ; ; ; ; ; 
TRACK;1.11.55-7;-16.37044809;-71.49978147;-1938189.446;2842837.588;D;False; ; ;0; ; ; ; ; ; 
TRACK;1.11.55-7;-16.3703867;-71.49999525;-1938179.539;2842814.141;D;False; ; ;0; ; ; ; ; ; 
TRACK;1.11.55-7;-16.3705902;-71.50027372;-1938199.938;2842779.898;D;False; ; ;0; ; ; ; ; ; 
TRACK;1.11.55-8; ; ;-1.516416327;20763369.87;D; ; ; ; ; ; ; ; ; ; 
TRACK;1.11.55-8;-16.37117033;-71.50034473;-1938267.204;2842764.269;D;False; ; ;0; ; ; ; ; ; 
TRACK;1.11.55-8;-16.37096915;-71.50006287;-1938247.12;2842798.867;D;False; ; ;0; ; ; ; ; ; 
TRACK;1.11.55-8;-16.3706319;-71.50032459;-1938204.196;2842773.583;D;False; ; ;0; ; ; ; ; ; 
TRACK;1.11.55-8;-16.37083309;-71.50060598;-1938224.288;2842739.039;D;False; ; ;0; ; ; ; ; ; 
TRACK;1.11.55-9; ; ;-1.516416327;20763369.87;D; ; ; ; ; ; ; ; ; ; 
TRACK;1.11.55-9;-16.37163334;-71.50029485;-1938322.233;2842763.883;D;False; ; ;0; ; ; ; ; ; 
TRACK;1.11.55-9;-16.3712804;-71.49981585;-1938286.803;2842822.822;D;False; ; ;0; ; ; ; ; ; 
TRACK;1.11.55-9;-16.37101415;-71.50002649;-1938252.866;2842802.406;D;False; ; ;0; ; ; ; ; ; 
TRACK;1.11.55-9;-16.37137312;-71.50050915;-1938288.958;2842742.972;D;False; ; ;0; ; ; ; ; ; 
TRACK;1.11.55-10; ; ;-1.516416327;20763369.87;D; ; ; ; ; ; ; ; ; ; 
TRACK;1.11.55-10;-16.37124462;-71.4997604;-1938283.298;2842829.58;D;False; ; ;0; ; ; ; ; ; 
TRACK;1.11.55-10;-16.37062257;-71.49890784;-1938220.958;2842934.405;D;False; ; ;0; ; ; ; ; ; 
TRACK;1.11.55-10;-16.37037358;-71.49913223;-1938188.874;2842912.204;D;False; ; ;0; ; ; ; ; ; 
TRACK;1.11.55-10;-16.37096828;-71.49997647;-1938248.106;2842808.679;D;False; ; ;0; ; ; ; ; ; 
TRACK;1.11.55-11; ; ;-1.516416327;20763369.87;D; ; ; ; ; ; ; ; ; ; 
TRACK;1.11.55-11;-16.37210409;-71.50009281;-1938380.088;2842780.653;D;False; ; ;0; ; ; ; ; ; 
TRACK;1.11.55-11;-16.37189417;-71.49975725;-1938359.654;2842821.456;D;False; ; ;0; ; ; ; ; ; 
TRACK;1.11.55-11;-16.37158384;-71.4993233;-1938328.662;2842874.73;D;False; ; ;0; ; ; ; ; ; 
TRACK;1.11.55-11;-16.37138011;-71.49903418;-1938308.37;2842910.184;D;False; ; ;0; ; ; ; ; ; 
TRACK;1.11.55-11;-16.37117691;-71.49918663;-1938282.574;2842895.545;D;False; ; ;0; ; ; ; ; ; 
TRACK;1.11.55-11;-16.37081149;-71.49869083;-1938245.889;2842956.553;D;False; ; ;0; ; ; ; ; ; 
TRACK;1.11.55-11;-16.3706431;-71.49882201;-1938224.451;2842943.872;D;False; ; ;0; ; ; ; ; ; 
TRACK;1.11.55-11;-16.37132257;-71.49976478;-1938292.4;2842828.065;D;False; ; ;0; ; ; ; ; ; 
TRACK;1.11.55-11;-16.37176593;-71.5003582;-1938337.012;2842754.966;D;False; ; ;0; ; ; ; ; ; 
TRACK;1.11.55-12; ; ;-1.516416327;20763369.87;D; ; ; ; ; ; ; ; ; ; 
TRACK;1.11.55-12;-16.37227326;-71.49992504;-1938402.079;2842797.474;D;False; ; ;0; ; ; ; ; ; 
TRACK;1.11.55-12;-16.37174528;-71.49918954;-1938349.317;2842887.794;D;False; ; ;0; ; ; ; ; ; 
TRACK;1.11.55-12;-16.37161087;-71.49880371;-1938338.388;2842933.313;D;False; ; ;0; ; ; ; ; ; 
TRACK;1.11.55-12;-16.37143768;-71.49836313;-1938323.593;2842985.548;D;False; ; ;0; ; ; ; ; ; 
TRACK;1.11.55-12;-16.37131329;-71.49812701;-1938311.955;2843013.956;D;False; ; ;0; ; ; ; ; ; 
TRACK;1.11.55-12;-16.37134016;-71.49802422;-1938316.407;2843025.263;D;False; ; ;0; ; ; ; ; ; 
TRACK;1.11.55-12;-16.37096212;-71.497371;-1938280.223;2843104.294;D;False; ; ;0; ; ; ; ; ; 
TRACK;1.11.55-12;-16.37072114;-71.49718308;-1938254.279;2843128.756;D;False; ; ;0; ; ; ; ; ; 
TRACK;1.11.55-12;-16.37059097;-71.49715622;-1938239.323;2843133.503;D;False; ; ;0; ; ; ; ; ; 
TRACK;1.11.55-12;-16.37051847;-71.49720749;-1938230.159;2843128.635;D;False; ; ;0; ; ; ; ; ; 
TRACK;1.11.55-12;-16.37075614;-71.49763258;-1938252.725;2843077.313;D;False; ; ;0; ; ; ; ; ; 
TRACK;1.11.55-12;-16.37105882;-71.49816564;-1938281.569;2843012.897;D;False; ; ;0; ; ; ; ; ; 
TRACK;1.11.55-12;-16.37119781;-71.49836918;-1938295.334;2842987.994;D;False; ; ;0; ; ; ; ; ; 
TRACK;1.11.55-12;-16.3713577;-71.49870332;-1938309.907;2842948.005;D;False; ; ;0; ; ; ; ; ; 
TRACK;1.11.55-12;-16.37154047;-71.49914073;-1938325.868;2842896.005;D;False; ; ;0; ; ; ; ; ; 
TRACK;1.11.55-12;-16.37215341;-71.50002982;-1938386.677;2842787.154;D;False; ; ;0; ; ; ; ; ; 
TRACK;1.11.55-13; ; ;-1.516416327;20763369.87;D; ; ; ; ; ; ; ; ; ; 
TRACK;1.11.55-13;-16.37139244;-71.49898177;-1938310.479;2842915.968;D;False; ; ;0; ; ; ; ; ; 
TRACK;1.11.55-13;-16.37125428;-71.49861901;-1938298.819;2842958.919;D;False; ; ;0; ; ; ; ; ; 
TRACK;1.11.55-13;-16.3709006;-71.49802372;-1938264.768;2843031.061;D;False; ; ;0; ; ; ; ; ; 
TRACK;1.11.55-13;-16.3705439;-71.49742161;-1938230.448;2843104.014;D;False; ; ;0; ; ; ; ; ; 
TRACK;1.11.55-13;-16.37026285;-71.49760803;-1938195.077;2843086.539;D;False; ; ;0; ; ; ; ; ; 
TRACK;1.11.55-13;-16.37064612;-71.49824367;-1938232.095;2843009.434;D;False; ; ;0; ; ; ; ; ; 
TRACK;1.11.55-13;-16.37078727;-71.49837746;-1938246.994;2842992.415;D;False; ; ;0; ; ; ; ; ; 
TRACK;1.11.55-13;-16.37088246;-71.49853555;-1938256.185;2842973.241;D;False; ; ;0; ; ; ; ; ; 
TRACK;1.11.55-13;-16.37097383;-71.49862171;-1938265.835;2842962.274;D;False; ; ;0; ; ; ; ; ; 
TRACK;1.11.55-13;-16.37121654;-71.49906007;-1938288.825;2842909.382;D;False; ; ;0; ; ; ; ; ; 
TRACK;1.11.55-14; ; ;-1.516416327;20763369.87;D; ; ; ; ; ; ; ; ; ; 
TRACK;1.11.55-14;-16.37051109;-71.49731669;-1938227.915;2843116.344;D;False; ; ;0; ; ; ; ; ; 
TRACK;1.11.55-14;-16.370385;-71.49709378;-1938215.91;2843143.275;D;False; ; ;0; ; ; ; ; ; 
TRACK;1.11.55-14;-16.3703037;-71.49697712;-1938207.829;2843157.569;D;False; ; ;0; ; ; ; ; ; 
TRACK;1.11.55-14;-16.37020114;-71.49688339;-1938196.96;2843169.541;D;False; ; ;0; ; ; ; ; ; 
TRACK;1.11.55-14;-16.37000435;-71.49704633;-1938171.785;2843153.628;D;False; ; ;0; ; ; ; ; ; 
TRACK;1.11.55-14;-16.37020263;-71.49730903;-1938191.77;2843121.241;D;False; ; ;0; ; ; ; ; ; 
TRACK;1.11.55-14;-16.37035303;-71.49743549;-1938207.846;2843104.932;D;False; ; ;0; ; ; ; ; ; 
TRACK;1.11.55-15; ; ;-1.516416327;20763369.87;D; ; ; ; ; ; ; ; ; ; 
TRACK;1.11.55-15;-16.37029946;-71.49746879;-1938201.133;2843101.855;D;False; ; ;0; ; ; ; ; ; 
TRACK;1.11.55-15;-16.37006028;-71.49721559;-1938176.222;2843133.699;D;False; ; ;0; ; ; ; ; ; 
TRACK;1.11.55-15;-16.36974966;-71.49679361;-1938145.046;2843185.619;D;False; ; ;0; ; ; ; ; ; 
TRACK;1.11.55-15;-16.36960461;-71.49692534;-1938126.342;2843172.571;D;False; ; ;0; ; ; ; ; ; 
TRACK;1.11.55-15;-16.37012937;-71.4976066;-1938179.411;2843088.444;D;False; ; ;0; ; ; ; ; ; 
TRACK;1.11.56-1; ; ;-1.516416327;20763369.87;D; ; ; ; ; ; ; ; ; ; 
TRACK;1.11.56-1;-16.36928287;-71.49580952;-1938102.605;2843303.341;D;False; ; ;0; ; ; ; ; ; 
TRACK;1.11.56-1;-16.36897839;-71.49549138;-1938070.84;2843343.404;D;False; ; ;0; ; ; ; ; ; 
TRACK;1.11.56-1;-16.36886938;-71.49529889;-1938060.458;2843366.662;D;False; ; ;0; ; ; ; ; ; 
TRACK;1.11.56-1;-16.36880883;-71.49534261;-1938052.793;2843362.494;D;False; ; ;0; ; ; ; ; ; 
TRACK;1.11.56-1;-16.3686952;-71.49517793;-1938041.518;2843382.657;D;False; ; ;0; ; ; ; ; ; 
TRACK;1.11.56-1;-16.36842247;-71.49533403;-1938007.505;2843368.512;D;False; ; ;0; ; ; ; ; ; 
TRACK;1.11.56-1;-16.36883546;-71.49576717;-1938050.569;2843313.987;D;False; ; ;0; ; ; ; ; ; 
TRACK;1.11.56-1;-16.36912478;-71.49605043;-1938080.993;2843278.079;D;False; ; ;0; ; ; ; ; ; 
TRACK;1.11.56-2; ; ;-1.516416327;20763369.87;D; ; ; ; ; ; ; ; ; ; 
TRACK;1.11.56-2;-16.36875625;-71.49509181;-1938049.776;2843391.629;D;False; ; ;0; ; ; ; ; ; 
TRACK;1.11.56-2;-16.36879717;-71.494764;-1938058.717;2843428.28;D;False; ; ;0; ; ; ; ; ; 
TRACK;1.11.56-2;-16.3685657;-71.49497884;-1938028.811;2843406.932;D;False; ; ;0; ; ; ; ; ; 
TRACK;1.11.56-2;-16.36824614;-71.49510783;-1937989.639;2843396.472;D;False; ; ;0; ; ; ; ; ; 
TRACK;1.11.56-2;-16.36835826;-71.49531203;-1938000.238;2843371.845;D;False; ; ;0; ; ; ; ; ; 
TRACK;1.11.56-3; ; ;-1.516416327;20763369.87;D; ; ; ; ; ; ; ; ; ; 
TRACK;1.11.56-3;-16.36980775;-71.49616732;-1938159.766;2843255.902;D;False; ; ;0; ; ; ; ; ; 
TRACK;1.11.56-3;-16.36947951;-71.49567992;-1938127.343;2843315.474;D;False; ; ;0; ; ; ; ; ; 
TRACK;1.11.56-3;-16.36936121;-71.49572352;-1938112.893;2843312.074;D;False; ; ;0; ; ; ; ; ; 
TRACK;1.11.56-3;-16.36933285;-71.49578214;-1938108.823;2843305.794;D;False; ; ;0; ; ; ; ; ; 
TRACK;1.11.56-3;-16.36969589;-71.49630581;-1938144.877;2843241.654;D;False; ; ;0; ; ; ; ; ; 
TRACK;1.11.57-1; ; ;-1.516416327;20763369.87;D; ; ; ; ; ; ; ; ; ; 
TRACK;1.11.57-1;-16.37199989;-71.49674384;-1938410.062;2843161.881;D;False; ; ;0; ; ; ; ; ; 
TRACK;1.11.57-1;-16.37140632;-71.4957548;-1938352.79;2843281.82;D;False; ; ;0; ; ; ; ; ; 
TRACK;1.11.57-1;-16.37118964;-71.49591554;-1938325.304;2843266.417;D;False; ; ;0; ; ; ; ; ; 
TRACK;1.11.57-1;-16.37118139;-71.49591936;-1938324.286;2843266.091;D;False; ; ;0; ; ; ; ; ; 
TRACK;1.11.57-1;-16.37117714;-71.49592325;-1938323.739;2843265.705;D;False; ; ;0; ; ; ; ; ; 
TRACK;1.11.57-1;-16.37172215;-71.49683045;-1938376.337;2843155.685;D;False; ; ;0; ; ; ; ; ; 
TRACK;1.11.57-2; ; ;-1.516416327;20763369.87;D; ; ; ; ; ; ; ; ; ; 
TRACK;1.11.57-2;-16.3723472;-71.49662701;-1938452.342;2843170.598;D;False; ; ;0; ; ; ; ; ; 
TRACK;1.11.57-2;-16.37170694;-71.49556312;-1938390.528;2843299.636;D;False; ; ;0; ; ; ; ; ; 
TRACK;1.11.57-2;-16.3714582;-71.49572434;-1938359.269;2843284.598;D;False; ; ;0; ; ; ; ; ; 
TRACK;1.11.57-2;-16.37207097;-71.49671256;-1938418.808;2843164.501;D;False; ; ;0; ; ; ; ; ; 
TRACK;1.11.57-4; ; ;-1.516416327;20763369.87;D; ; ; ; ; ; ; ; ; ; 
TRACK;1.11.57-4;-16.3716668;-71.49551156;-1938386.461;2843306.009;D;False; ; ;0; ; ; ; ; ; 
TRACK;1.11.57-4;-16.37143687;-71.49514334;-1938364.088;2843350.779;D;False; ; ;0; ; ; ; ; ; 
TRACK;1.11.57-4;-16.37126693;-71.4951324;-1938344.259;2843354.239;D;False; ; ;0; ; ; ; ; ; 
TRACK;1.11.57-4;-16.37114771;-71.49513404;-1938330.23;2843355.61;D;False; ; ;0; ; ; ; ; ; 
TRACK;1.11.57-4;-16.37110018;-71.49515402;-1938324.394;2843353.965;D;False; ; ;0; ; ; ; ; ; 
TRACK;1.11.57-4;-16.37143384;-71.49567988;-1938356.968;2843289.959;D;False; ; ;0; ; ; ; ; ; 
TRACK;1.11.57-6; ; ;-1.516416327;20763369.87;D; ; ; ; ; ; ; ; ; ; 
TRACK;1.11.57-6;-16.37096904;-71.49568904;-1938302.241;2843294.989;D;False; ; ;0; ; ; ; ; ; 
TRACK;1.11.57-6;-16.37060456;-71.49509385;-1938266.92;2843367.263;D;False; ; ;0; ; ; ; ; ; 
TRACK;1.11.57-6;-16.37029329;-71.49526993;-1938228.127;2843351.354;D;False; ; ;0; ; ; ; ; ; 
TRACK;1.11.57-6;-16.370671;-71.49588703;-1938264.726;2843276.423;D;False; ; ;0; ; ; ; ; ; 
TRACK;1.11.57-7; ; ;-1.516416327;20763369.87;D; ; ; ; ; ; ; ; ; ; 
TRACK;1.11.57-7;-16.37063346;-71.49590727;-1938260.061;2843274.617;D;False; ; ;0; ; ; ; ; ; 
TRACK;1.11.57-7;-16.37026983;-71.49530395;-1938224.941;2843347.801;D;False; ; ;0; ; ; ; ; ; 
TRACK;1.11.57-7;-16.36997215;-71.49550512;-1938187.43;2843328.869;D;False; ; ;0; ; ; ; ; ; 
TRACK;1.11.57-7;-16.37029233;-71.49606219;-1938218.026;2843261.5;D;False; ; ;0; ; ; ; ; ; 
TRACK;1.11.35-1; ; ;-1.516416327;20763369.87;E; ; ; ; ; ; ; ; ; ; 
TRACK;1.11.35-1;-16.3842215;-71.50832621;-1939699.955;2841688.593;E;False; ; ;0; ; ; ; ; ; 
TRACK;1.11.35-1;-16.3844534;-71.50807677;-1939730.344;2841713.854;E;False; ; ;0; ; ; ; ; ; 
TRACK;1.11.35-1;-16.38439335;-71.50801421;-1939724.078;2841721.734;E;False; ; ;0; ; ; ; ; ; 
TRACK;1.11.35-1;-16.38418036;-71.50790239;-1939700.465;2841737.197;E;False; ; ;0; ; ; ; ; ; 
TRACK;1.11.35-1;-16.38400944;-71.50822019;-1939676.378;2841703.386;E;False; ; ;0; ; ; ; ; ; 
TRACK;1.11.35-2; ; ;-1.516416327;20763369.87;E; ; ; ; ; ; ; ; ; ; 
TRACK;1.11.35-2;-16.38462907;-71.50834352;-1939747.619;2841681.307;E;False; ; ;0; ; ; ; ; ; 
TRACK;1.11.35-2;-16.38447415;-71.50811573;-1939732.291;2841709.165;E;False; ; ;0; ; ; ; ; ; 
TRACK;1.11.35-2;-16.38424111;-71.5083427;-1939702.051;2841686.467;E;False; ; ;0; ; ; ; ; ; 
TRACK;1.11.35-2;-16.38437458;-71.50854733;-1939715.152;2841661.516;E;False; ; ;0; ; ; ; ; ; 
TRACK;1.11.35-3; ; ;-1.516416327;20763369.87;E; ; ; ; ; ; ; ; ; ; 
TRACK;1.11.35-3;-16.38483773;-71.50865143;-1939768.252;2841643.661;E;False; ; ;0; ; ; ; ; ; 
TRACK;1.11.35-3;-16.38465201;-71.50837385;-1939749.932;2841677.568;E;False; ; ;0; ; ; ; ; ; 
TRACK;1.11.35-3;-16.38439412;-71.50856199;-1939717.262;2841659.598;E;False; ; ;0; ; ; ; ; ; 
TRACK;1.11.35-3;-16.38457689;-71.50883467;-1939735.298;2841626.286;E;False; ; ;0; ; ; ; ; ; 
TRACK;1.11.36-2; ; ;-1.516416327;20763369.87;E; ; ; ; ; ; ; ; ; ; 
TRACK;1.11.36-2;-16.38562175;-71.50893628;-1939856.771;2841601.116;E;False; ; ;0; ; ; ; ; ; 
TRACK;1.11.36-2;-16.38571857;-71.50878311;-1939870.077;2841617.224;E;False; ; ;0; ; ; ; ; ; 
TRACK;1.11.36-2;-16.38552212;-71.50860102;-1939849.292;2841640.44;E;False; ; ;0; ; ; ; ; ; 
TRACK;1.11.36-2;-16.38531526;-71.50877284;-1939822.824;2841623.656;E;False; ; ;0; ; ; ; ; ; 
TRACK;1.11.36-2;-16.38511328;-71.50892176;-1939797.217;2841609.404;E;False; ; ;0; ; ; ; ; ; 
TRACK;1.11.36-2;-16.38530322;-71.50917613;-1939816.325;2841578.075;E;False; ; ;0; ; ; ; ; ; 
TRACK;1.11.36-3; ; ;-1.516416327;20763369.87;E; ; ; ; ; ; ; ; ; ; 
TRACK;1.11.36-3;-16.38538037;-71.50868371;-1939831.597;2841632.914;E;False; ; ;0; ; ; ; ; ; 
TRACK;1.11.36-3;-16.38550105;-71.50858251;-1939847.05;2841642.815;E;False; ; ;0; ; ; ; ; ; 
TRACK;1.11.36-3;-16.38525597;-71.50836981;-1939820.94;2841670.139;E;False; ; ;0; ; ; ; ; ; 
TRACK;1.11.36-3;-16.38490393;-71.50863346;-1939776.256;2841644.835;E;False; ; ;0; ; ; ; ; ; 
TRACK;1.11.36-3;-16.38509988;-71.5088893;-1939796.052;2841613.261;E;False; ; ;0; ; ; ; ; ; 
TRACK;1.11.36-4; ; ;-1.516416327;20763369.87;E; ; ; ; ; ; ; ; ; ; 
TRACK;1.11.36-4;-16.3852339;-71.50834625;-1939818.644;2841673.098;E;False; ; ;0; ; ; ; ; ; 
TRACK;1.11.36-4;-16.38498801;-71.50811315;-1939792.695;2841702.747;E;False; ; ;0; ; ; ; ; ; 
TRACK;1.11.36-4;-16.38469763;-71.5083291;-1939755.857;2841682.047;E;False; ; ;0; ; ; ; ; ; 
TRACK;1.11.36-4;-16.38488422;-71.50860037;-1939774.358;2841648.845;E;False; ; ;0; ; ; ; ; ; 
TRACK;1.11.36-5; ; ;-1.516416327;20763369.87;E; ; ; ; ; ; ; ; ; ; 
TRACK;1.11.36-5;-16.38495816;-71.50809855;-1939789.372;2841704.792;E;False; ; ;0; ; ; ; ; ; 
TRACK;1.11.36-5;-16.38472316;-71.50787906;-1939764.53;2841732.754;E;False; ; ;0; ; ; ; ; ; 
TRACK;1.11.36-5;-16.38450898;-71.50805239;-1939737.181;2841715.893;E;False; ; ;0; ; ; ; ; ; 
TRACK;1.11.36-5;-16.38468603;-71.50830282;-1939754.825;2841685.18;E;False; ; ;0; ; ; ; ; ; 
TRACK;1.11.36-6; ; ;-1.516416327;20763369.87;E; ; ; ; ; ; ; ; ; ; 
TRACK;1.11.36-6;-16.38470748;-71.50786102;-1939762.915;2841735.004;E;False; ; ;0; ; ; ; ; ; 
TRACK;1.11.36-6;-16.38442917;-71.50760277;-1939733.473;2841767.929;E;False; ; ;0; ; ; ; ; ; 
TRACK;1.11.36-6;-16.38421603;-71.50787186;-1939705.04;2841740.194;E;False; ; ;0; ; ; ; ; ; 
TRACK;1.11.36-6;-16.38449171;-71.50802528;-1939735.495;2841719.193;E;False; ; ;0; ; ; ; ; ; 
TRACK;1.11.37-1; ; ;-1.516416327;20763369.87;E; ; ; ; ; ; ; ; ; ; 
TRACK;1.11.37-1;-16.38441173;-71.50759963;-1939731.464;2841768.512;E;False; ; ;0; ; ; ; ; ; 
TRACK;1.11.37-1;-16.38412786;-71.50733893;-1939701.401;2841801.786;E;False; ; ;0; ; ; ; ; ; 
TRACK;1.11.37-1;-16.38366046;-71.50757837;-1939643.469;2841780.735;E;False; ; ;0; ; ; ; ; ; 
TRACK;1.11.37-1;-16.38420327;-71.50785689;-1939703.729;2841742.058;E;False; ; ;0; ; ; ; ; ; 
TRACK;1.11.37-2; ; ;-1.516416327;20763369.87;E; ; ; ; ; ; ; ; ; ; 
TRACK;1.11.37-2;-16.38411609;-71.50731307;-1939700.344;2841804.873;E;False; ; ;0; ; ; ; ; ; 
TRACK;1.11.37-2;-16.38398701;-71.50705824;-1939688.391;2841835.46;E;False; ; ;0; ; ; ; ; ; 
TRACK;1.11.37-2;-16.38351985;-71.50729953;-1939630.465;2841814.196;E;False; ; ;0; ; ; ; ; ; 
TRACK;1.11.37-2;-16.38364547;-71.50755984;-1939641.941;2841783.032;E;False; ; ;0; ; ; ; ; ; 
TRACK;1.11.37-3; ; ;-1.516416327;20763369.87;E; ; ; ; ; ; ; ; ; ; 
TRACK;1.11.37-3;-16.38397645;-71.50703424;-1939687.454;2841838.32;E;False; ; ;0; ; ; ; ; ; 
TRACK;1.11.37-3;-16.38385086;-71.50677078;-1939676.02;2841869.84;E;False; ; ;0; ; ; ; ; ; 
TRACK;1.11.37-3;-16.3833918;-71.50700487;-1939619.136;2841849.286;E;False; ; ;0; ; ; ; ; ; 
TRACK;1.11.37-3;-16.38350574;-71.50727097;-1939629.167;2841817.619;E;False; ; ;0; ; ; ; ; ; 
TRACK;1.11.40-7; ; ;-1.516416327;20763369.87;E; ; ; ; ; ; ; ; ; ; 
TRACK;1.11.40-7;-16.38081933;-71.499378;-1939413.068;2842747.909;E;False; ; ;0; ; ; ; ; ; 
TRACK;1.11.40-7;-16.38046401;-71.4992387;-1939373.077;2842768.351;E;False; ; ;0; ; ; ; ; ; 
TRACK;1.11.40-7;-16.38025844;-71.49914189;-1939350.145;2842782.017;E;False; ; ;0; ; ; ; ; ; 
TRACK;1.11.40-7;-16.38019563;-71.49909137;-1939343.403;2842788.567;E;False; ; ;0; ; ; ; ; ; 
TRACK;1.11.40-7;-16.38010007;-71.49900548;-1939333.259;2842799.557;E;False; ; ;0; ; ; ; ; ; 
TRACK;1.11.40-7;-16.38003663;-71.49908766;-1939324.769;2842791.066;E;False; ; ;0; ; ; ; ; ; 
TRACK;1.11.40-7;-16.38015752;-71.49922818;-1939337.2;2842773.548;E;False; ; ;0; ; ; ; ; ; 
TRACK;1.11.40-7;-16.38027531;-71.49933177;-1939349.733;2842760.26;E;False; ; ;0; ; ; ; ; ; 
TRACK;1.11.40-7;-16.38033043;-71.49937192;-1939355.703;2842754.985;E;False; ; ;0; ; ; ; ; ; 
TRACK;1.11.40-7;-16.38050645;-71.49940909;-1939375.915;2842748.471;E;False; ; ;0; ; ; ; ; ; 
TRACK;1.11.40-7;-16.38061335;-71.49944444;-1939388.029;2842743.064;E;False; ; ;0; ; ; ; ; ; 
TRACK;1.11.40-7;-16.38076148;-71.49952147;-1939404.462;2842732.392;E;False; ; ;0; ; ; ; ; ; 
TRACK;1.11.40-8; ; ;-1.516416327;20763369.87;E; ; ; ; ; ; ; ; ; ; 
TRACK;1.11.40-8;-16.3796301;-71.49874296;-1939281.352;2842835.472;E;False; ; ;0; ; ; ; ; ; 
TRACK;1.11.40-8;-16.37984373;-71.49889641;-1939304.517;2842815.277;E;False; ; ;0; ; ; ; ; ; 
TRACK;1.11.40-8;-16.38000956;-71.49906163;-1939321.917;2842794.371;E;False; ; ;0; ; ; ; ; ; 
TRACK;1.11.40-8;-16.38007969;-71.49897738;-1939331.219;2842803.011;E;False; ; ;0; ; ; ; ; ; 
TRACK;1.11.40-8;-16.37997165;-71.49882926;-1939320.393;2842821.223;E;False; ; ;0; ; ; ; ; ; 
TRACK;1.11.40-8;-16.37987712;-71.498669;-1939311.307;2842840.634;E;False; ; ;0; ; ; ; ; ; 
TRACK;1.11.40-8;-16.37975422;-71.49855471;-1939298.308;2842855.203;E;False; ; ;0; ; ; ; ; ; 
TRACK;1.11.40-9; ; ;-1.516416327;20763369.87;E; ; ; ; ; ; ; ; ; ; 
TRACK;1.11.40-9;-16.37964642;-71.49866709;-1939284.226;2842843.865;E;False; ; ;0; ; ; ; ; ; 
TRACK;1.11.40-9;-16.37948629;-71.49843763;-1939268.306;2842871.983;E;False; ; ;0; ; ; ; ; ; 
TRACK;1.11.40-9;-16.37918151;-71.49795364;-1939238.6;2842930.859;E;False; ; ;0; ; ; ; ; ; 
TRACK;1.11.40-9;-16.37906844;-71.49767235;-1939228.863;2842964.241;E;False; ; ;0; ; ; ; ; ; 
TRACK;1.11.40-9;-16.3788437;-71.49776321;-1939201.312;2842956.871;E;False; ; ;0; ; ; ; ; ; 
TRACK;1.11.40-9;-16.37933274;-71.49858098;-1939248.457;2842857.729;E;False; ; ;0; ; ; ; ; ; 
TRACK;1.11.42-10; ; ;-1.516416327;20763369.87;E; ; ; ; ; ; ; ; ; ; 
TRACK;1.11.42-10;-16.38099063;-71.50053874;-1939418.556;2842614.02;E;False; ; ;0; ; ; ; ; ; 
TRACK;1.11.42-10;-16.38109054;-71.50003249;-1939436.679;2842670.134;E;False; ; ;0; ; ; ; ; ; 
TRACK;1.11.42-10;-16.38101546;-71.50000663;-1939428.184;2842674.048;E;False; ; ;0; ; ; ; ; ; 
TRACK;1.11.42-10;-16.38031127;-71.50001349;-1939345.362;2842682.469;E;False; ; ;0; ; ; ; ; ; 
TRACK;1.11.42-10;-16.38024718;-71.50038532;-1939333.143;2842641.132;E;False; ; ;0; ; ; ; ; ; 
TRACK;1.11.42-11; ; ;-1.516416327;20763369.87;E; ; ; ; ; ; ; ; ; ; 
TRACK;1.11.42-11;-16.38080551;-71.50105993;-1939390.234;2842557.325;E;False; ; ;0; ; ; ; ; ; 
TRACK;1.11.42-11;-16.38054143;-71.50100725;-1939359.872;2842566.749;E;False; ; ;0; ; ; ; ; ; 
TRACK;1.11.42-11;-16.38032613;-71.50192079;-1939323.057;2842465.947;E;False; ; ;0; ; ; ; ; ; 
TRACK;1.11.42-11;-16.38055696;-71.50198409;-1939349.379;2842455.753;E;False; ; ;0; ; ; ; ; ; 
TRACK;1.11.42-12; ; ;-1.516416327;20763369.87;E; ; ; ; ; ; ; ; ; ; 
TRACK;1.11.42-12;-16.38026562;-71.50191086;-1939316.073;2842467.863;E;False; ; ;0; ; ; ; ; ; 
TRACK;1.11.42-12;-16.38046921;-71.50099085;-1939351.594;2842569.553;E;False; ; ;0; ; ; ; ; ; 
TRACK;1.11.42-12;-16.3801243;-71.50090797;-1939312.115;2842583.458;E;False; ; ;0; ; ; ; ; ; 
TRACK;1.11.42-12;-16.37992466;-71.50183096;-1939277.022;2842481.379;E;False; ; ;0; ; ; ; ; ; 
TRACK;1.11.42-13; ; ;-1.516416327;20763369.87;E; ; ; ; ; ; ; ; ; ; 
TRACK;1.11.42-13;-16.38053451;-71.50246654;-1939340.658;2842401.327;E;False; ; ;0; ; ; ; ; ; 
TRACK;1.11.42-13;-16.38061609;-71.50209003;-1939354.991;2842442.965;E;False; ; ;0; ; ; ; ; ; 
TRACK;1.11.42-13;-16.37991651;-71.50191794;-1939274.967;2842471.621;E;False; ; ;0; ; ; ; ; ; 
TRACK;1.11.42-13;-16.3798356;-71.50228604;-1939260.82;2842430.927;E;False; ; ;0; ; ; ; ; ; 
TRACK;1.11.42-15; ; ;-1.516416327;20763369.87;E; ; ; ; ; ; ; ; ; ; 
TRACK;1.11.42-15;-16.3799485;-71.50399699;-1939252.514;2842235.398;E;False; ; ;0; ; ; ; ; ; 
TRACK;1.11.42-15;-16.38040134;-71.50395087;-1939306.298;2842234.715;E;False; ; ;0; ; ; ; ; ; 
TRACK;1.11.42-15;-16.38038734;-71.50348688;-1939310.504;2842287.523;E;False; ; ;0; ; ; ; ; ; 
TRACK;1.11.42-15;-16.37996123;-71.5034822;-1939260.499;2842293.619;E;False; ; ;0; ; ; ; ; ; 
TRACK;1.11.42-15;-16.37963632;-71.5034653;-1939222.539;2842299.779;E;False; ; ;0; ; ; ; ; ; 
TRACK;1.11.42-15;-16.37963845;-71.50401084;-1939215.911;2842237.876;E;False; ; ;0; ; ; ; ; ; 
TRACK;1.11.42-16; ; ;-1.516416327;20763369.87;E; ; ; ; ; ; ; ; ; ; 
TRACK;1.11.42-16;-16.37971617;-71.50242653;-1939245.017;2842416.553;E;False; ; ;0; ; ; ; ; ; 
TRACK;1.11.42-16;-16.37983651;-71.50189725;-1939265.829;2842475.012;E;False; ; ;0; ; ; ; ; ; 
TRACK;1.11.42-16;-16.37946564;-71.5017933;-1939223.566;2842491.647;E;False; ; ;0; ; ; ; ; ; 
TRACK;1.11.42-16;-16.37926431;-71.50273668;-1939188.018;2842387.278;E;False; ; ;0; ; ; ; ; ; 
TRACK;1.11.42-16;-16.3791713;-71.50329186;-1939170.091;2842325.523;E;False; ; ;0; ; ; ; ; ; 
TRACK;1.11.42-16;-16.37936476;-71.50336904;-1939191.848;2842314.243;E;False; ; ;0; ; ; ; ; ; 
TRACK;1.11.42-16;-16.37953716;-71.5034126;-1939211.553;2842307.051;E;False; ; ;0; ; ; ; ; ; 
TRACK;1.11.42-17; ; ;-1.516416327;20763369.87;E; ; ; ; ; ; ; ; ; ; 
TRACK;1.11.42-17;-16.37984241;-71.50181288;-1939267.585;2842484.504;E;False; ; ;0; ; ; ; ; ; 
TRACK;1.11.42-17;-16.38005439;-71.50088652;-1939304.172;2842586.803;E;False; ; ;0; ; ; ; ; ; 
TRACK;1.11.42-17;-16.37968167;-71.50080038;-1939261.467;2842601.442;E;False; ; ;0; ; ; ; ; ; 
TRACK;1.11.42-17;-16.37948913;-71.50172203;-1939227.224;2842499.422;E;False; ; ;0; ; ; ; ; ; 
TRACK;1.11.42-18; ; ;-1.516416327;20763369.87;E; ; ; ; ; ; ; ; ; ; 
TRACK;1.11.42-18;-16.38007365;-71.50081572;-1939307.328;2842594.583;E;False; ; ;0; ; ; ; ; ; 
TRACK;1.11.42-18;-16.38022382;-71.50004262;-1939334.719;2842680.307;E;False; ; ;0; ; ; ; ; ; 
TRACK;1.11.42-18;-16.37997018;-71.50002681;-1939305.118;2842685.413;E;False; ; ;0; ; ; ; ; ; 
TRACK;1.11.42-18;-16.37984053;-71.50004678;-1939289.634;2842684.841;E;False; ; ;0; ; ; ; ; ; 
TRACK;1.11.42-18;-16.3797014;-71.50072321;-1939264.759;2842609.937;E;False; ; ;0; ; ; ; ; ; 
TRACK;1.11.42-19; ; ;-1.516416327;20763369.87;E; ; ; ; ; ; ; ; ; ; 
TRACK;1.11.42-19;-16.37961497;-71.50070239;-1939254.866;2842613.427;E;False; ; ;0; ; ; ; ; ; 
TRACK;1.11.42-19;-16.37976298;-71.50004416;-1939280.555;2842686.152;E;False; ; ;0; ; ; ; ; ; 
TRACK;1.11.42-19;-16.37937031;-71.50004384;-1939234.425;2842691.317;E;False; ; ;0; ; ; ; ; ; 
TRACK;1.11.42-19;-16.37924087;-71.50061089;-1939212.067;2842628.692;E;False; ; ;0; ; ; ; ; ; 
TRACK;1.11.42-20; ; ;-1.516416327;20763369.87;E; ; ; ; ; ; ; ; ; ; 
TRACK;1.11.42-20;-16.37960448;-71.50078389;-1939252.606;2842604.321;E;False; ; ;0; ; ; ; ; ; 
TRACK;1.11.42-20;-16.37922262;-71.5006828;-1939209.015;2842620.774;E;False; ; ;0; ; ; ; ; ; 
TRACK;1.11.42-20;-16.37901346;-71.50162671;-1939172.54;2842516.447;E;False; ; ;0; ; ; ; ; ; 
TRACK;1.11.42-20;-16.37939241;-71.50170876;-1939216.029;2842502.191;E;False; ; ;0; ; ; ; ; ; 
TRACK;1.11.42-21; ; ;-1.516416327;20763369.87;E; ; ; ; ; ; ; ; ; ; 
TRACK;1.11.42-21;-16.3790605;-71.50111029;-1939184.578;2842574.405;E;False; ; ;0; ; ; ; ; ; 
TRACK;1.11.42-21;-16.37916559;-71.50068151;-1939202.331;2842621.666;E;False; ; ;0; ; ; ; ; ; 
TRACK;1.11.42-21;-16.37860933;-71.50055152;-1939138.615;2842643.675;E;False; ; ;0; ; ; ; ; ; 
TRACK;1.11.42-21;-16.37851912;-71.50096827;-1939122.762;2842597.585;E;False; ; ;0; ; ; ; ; ; 
TRACK;1.11.42-22; ; ;-1.516416327;20763369.87;E; ; ; ; ; ; ; ; ; ; 
TRACK;1.11.42-22;-16.37895346;-71.50161039;-1939165.696;2842519.081;E;False; ; ;0; ; ; ; ; ; 
TRACK;1.11.42-22;-16.37904438;-71.5011905;-1939181.673;2842565.519;E;False; ; ;0; ; ; ; ; ; 
TRACK;1.11.42-22;-16.37852054;-71.50104771;-1939121.927;2842588.555;E;False; ; ;0; ; ; ; ; ; 
TRACK;1.11.42-22;-16.37843815;-71.50147193;-1939106.899;2842541.516;E;False; ; ;0; ; ; ; ; ; 
TRACK;1.11.43-2; ; ;-1.516416327;20763369.87;E; ; ; ; ; ; ; ; ; ; 
TRACK;1.11.43-2;-16.38110366;-71.49990638;-1939439.81;2842684.266;E;False; ; ;0; ; ; ; ; ; 
TRACK;1.11.43-2;-16.38113775;-71.49969107;-1939446.531;2842708.242;E;False; ; ;0; ; ; ; ; ; 
TRACK;1.11.43-2;-16.38098053;-71.49968263;-1939428.166;2842711.252;E;False; ; ;0; ; ; ; ; ; 
TRACK;1.11.43-2;-16.38089464;-71.49966828;-1939418.256;2842714.002;E;False; ; ;0; ; ; ; ; ; 
TRACK;1.11.43-2;-16.38082181;-71.49964397;-1939410.006;2842717.71;E;False; ; ;0; ; ; ; ; ; 
TRACK;1.11.43-2;-16.38071347;-71.49959006;-1939397.956;2842725.24;E;False; ; ;0; ; ; ; ; ; 
TRACK;1.11.43-2;-16.38041666;-71.49947773;-1939364.5;2842741.858;E;False; ; ;0; ; ; ; ; ; 
TRACK;1.11.43-2;-16.38032428;-71.49993409;-1939347.891;2842691.305;E;False; ; ;0; ; ; ; ; ; 
TRACK;1.11.43-3; ; ;-1.516416327;20763369.87;E; ; ; ; ; ; ; ; ; ; 
TRACK;1.11.43-3;-16.3802627;-71.49993954;-1939340.588;2842691.49;E;False; ; ;0; ; ; ; ; ; 
TRACK;1.11.43-3;-16.3803455;-71.49945245;-1939356.458;2842745.655;E;False; ; ;0; ; ; ; ; ; 
TRACK;1.11.43-3;-16.38021799;-71.49938031;-1939342.387;2842755.503;E;False; ; ;0; ; ; ; ; ; 
TRACK;1.11.43-3;-16.38014773;-71.49934102;-1939334.627;2842760.877;E;False; ; ;0; ; ; ; ; ; 
TRACK;1.11.43-3;-16.38010733;-71.49929745;-1939330.429;2842766.347;E;False; ; ;0; ; ; ; ; ; 
TRACK;1.11.43-3;-16.38001621;-71.49918627;-1939321.126;2842780.147;E;False; ; ;0; ; ; ; ; ; 
TRACK;1.11.43-3;-16.37987005;-71.49994376;-1939294.402;2842696.141;E;False; ; ;0; ; ; ; ; ; 
TRACK;1.11.43-4; ; ;-1.516416327;20763369.87;E; ; ; ; ; ; ; ; ; ; 
TRACK;1.11.43-4;-16.37977702;-71.49994476;-1939283.458;2842697.242;E;False; ; ;0; ; ; ; ; ; 
TRACK;1.11.43-4;-16.37994854;-71.49910835;-1939314.157;2842789.869;E;False; ; ;0; ; ; ; ; ; 
TRACK;1.11.43-4;-16.3798387;-71.4989975;-1939302.65;2842803.877;E;False; ; ;0; ; ; ; ; ; 
TRACK;1.11.43-4;-16.37979476;-71.49895959;-1939297.966;2842808.75;E;False; ; ;0; ; ; ; ; ; 
TRACK;1.11.43-4;-16.37961747;-71.49883258;-1939278.738;2842825.473;E;False; ; ;0; ; ; ; ; ; 
TRACK;1.11.43-4;-16.37938893;-71.49995867;-1939237.686;2842700.734;E;False; ; ;0; ; ; ; ; ; 
TRACK;1.11.43-5; ; ;-1.516416327;20763369.87;E; ; ; ; ; ; ; ; ; ; 
TRACK;1.11.43-5;-16.37937799;-71.49968774;-1939239.818;2842731.607;E;False; ; ;0; ; ; ; ; ; 
TRACK;1.11.43-5;-16.37955893;-71.49880589;-1939272.197;2842829.265;E;False; ; ;0; ; ; ; ; ; 
TRACK;1.11.43-5;-16.37938354;-71.49866559;-1939253.359;2842847.469;E;False; ; ;0; ; ; ; ; ; 
TRACK;1.11.43-5;-16.37915137;-71.49877376;-1939224.716;2842838.233;E;False; ; ;0; ; ; ; ; ; 
TRACK;1.11.43-5;-16.37889453;-71.49889418;-1939193.021;2842827.929;E;False; ; ;0; ; ; ; ; ; 
TRACK;1.11.43-5;-16.37905028;-71.49907221;-1939209.076;2842805.702;E;False; ; ;0; ; ; ; ; ; 
TRACK;1.11.43-5;-16.37915977;-71.49920664;-1939220.245;2842789.025;E;False; ; ;0; ; ; ; ; ; 
TRACK;1.11.43-5;-16.37922217;-71.49937454;-1939225.459;2842769.166;E;False; ; ;0; ; ; ; ; ; 
TRACK;1.11.43-5;-16.37927687;-71.4995714;-1939229.403;2842746.123;E;False; ; ;0; ; ; ; ; ; 
TRACK;1.11.43-5;-16.3792827;-71.49967922;-1939228.728;2842733.817;E;False; ; ;0; ; ; ; ; ; 
TRACK;1.11.43-6; ; ;-1.516416327;20763369.87;E; ; ; ; ; ; ; ; ; ; 
TRACK;1.11.43-6;-16.37931448;-71.49998715;-1939228.58;2842698.477;E;False; ; ;0; ; ; ; ; ; 
TRACK;1.11.43-6;-16.37933842;-71.49985285;-1939233.086;2842713.396;E;False; ; ;0; ; ; ; ; ; 
TRACK;1.11.43-6;-16.37925458;-71.49979227;-1939223.999;2842721.362;E;False; ; ;0; ; ; ; ; ; 
TRACK;1.11.43-6;-16.37915693;-71.49945212;-1939216.816;2842761.219;E;False; ; ;0; ; ; ; ; ; 
TRACK;1.11.43-6;-16.37881309;-71.49961025;-1939174.424;2842747.774;E;False; ; ;0; ; ; ; ; ; 
TRACK;1.11.43-6;-16.37885267;-71.50007908;-1939173.162;2842694.081;E;False; ; ;0; ; ; ; ; ; 
TRACK;1.11.43-7; ; ;-1.516416327;20763369.87;E; ; ; ; ; ; ; ; ; ; 
TRACK;1.11.43-7;-16.37913621;-71.49938184;-1939215.268;2842769.46;E;False; ; ;0; ; ; ; ; ; 
TRACK;1.11.43-7;-16.37912409;-71.49927592;-1939215.179;2842781.632;E;False; ; ;0; ; ; ; ; ; 
TRACK;1.11.43-7;-16.37902475;-71.49914791;-1939205.121;2842797.449;E;False; ; ;0; ; ; ; ; ; 
TRACK;1.11.43-7;-16.37884987;-71.4989202;-1939187.446;2842825.561;E;False; ; ;0; ; ; ; ; ; 
TRACK;1.11.43-7;-16.37869664;-71.4989832;-1939168.648;2842820.417;E;False; ; ;0; ; ; ; ; ; 
TRACK;1.11.43-7;-16.3787938;-71.49953494;-1939173.107;2842756.568;E;False; ; ;0; ; ; ; ; ; 
TRACK;1.11.43-8; ; ;-1.516416327;20763369.87;E; ; ; ; ; ; ; ; ; ; 
TRACK;1.11.43-8;-16.37923104;-71.49864142;-1939235.746;2842852.202;E;False; ; ;0; ; ; ; ; ; 
TRACK;1.11.43-8;-16.37909255;-71.49837292;-1939222.86;2842884.466;E;False; ; ;0; ; ; ; ; ; 
TRACK;1.11.43-8;-16.37898768;-71.49818184;-1939212.948;2842907.508;E;False; ; ;0; ; ; ; ; ; 
TRACK;1.11.43-8;-16.37857628;-71.49836135;-1939162.348;2842892.521;E;False; ; ;0; ; ; ; ; ; 
TRACK;1.11.43-8;-16.37880878;-71.49883967;-1939183.634;2842835.232;E;False; ; ;0; ; ; ; ; ; 
TRACK;1.11.43-9; ; ;-1.516416327;20763369.87;E; ; ; ; ; ; ; ; ; ; 
TRACK;1.11.43-9;-16.37895164;-71.49815334;-1939209.074;2842911.211;E;False; ; ;0; ; ; ; ; ; 
TRACK;1.11.43-9;-16.37877726;-71.49780466;-1939192.982;2842953.038;E;False; ; ;0; ; ; ; ; ; 
TRACK;1.11.43-9;-16.37842443;-71.49797147;-1939149.424;2842938.726;E;False; ; ;0; ; ; ; ; ; 
TRACK;1.11.43-9;-16.37856534;-71.49832247;-1939161.554;2842897.075;E;False; ; ;0; ; ; ; ; ; 
TRACK;1.11.43-10; ; ;-1.516416327;20763369.87;E; ; ; ; ; ; ; ; ; ; 
TRACK;1.11.43-10;-16.37875252;-71.49881465;-1939177.339;2842838.804;E;False; ; ;0; ; ; ; ; ; 
TRACK;1.11.43-10;-16.37858014;-71.49848082;-1939161.295;2842878.92;E;False; ; ;0; ; ; ; ; ; 
TRACK;1.11.43-10;-16.37835429;-71.49794153;-1939141.561;2842943.039;E;False; ; ;0; ; ; ; ; ; 
TRACK;1.11.43-10;-16.37818322;-71.49805816;-1939119.991;2842932.045;E;False; ; ;0; ; ; ; ; ; 
TRACK;1.11.43-10;-16.37858305;-71.49890718;-1939156.261;2842830.523;E;False; ; ;0; ; ; ; ; ; 
TRACK;1.11.44-1; ; ;-1.516416327;20763369.87;E; ; ; ; ; ; ; ; ; ; 
TRACK;1.11.44-1;-16.38047886;-71.49542093;-1939422.973;2843201.179;E;False; ; ;0; ; ; ; ; ; 
TRACK;1.11.44-1;-16.38040729;-71.49506068;-1939419.107;2843242.975;E;False; ; ;0; ; ; ; ; ; 
TRACK;1.11.44-1;-16.38023658;-71.49509727;-1939398.589;2843241.055;E;False; ; ;0; ; ; ; ; ; 
TRACK;1.11.44-1;-16.38025095;-71.49526942;-1939398.105;2843221.342;E;False; ; ;0; ; ; ; ; ; 
TRACK;1.11.44-1;-16.3801616;-71.49529512;-1939387.283;2843219.594;E;False; ; ;0; ; ; ; ; ; 
TRACK;1.11.44-1;-16.38020755;-71.4954861;-1939390.273;2843197.332;E;False; ; ;0; ; ; ; ; ; 
TRACK;1.11.44-2; ; ;-1.516416327;20763369.87;E; ; ; ; ; ; ; ; ; ; 
TRACK;1.11.44-2;-16.38056986;-71.49583883;-1939428.393;2843152.59;E;False; ; ;0; ; ; ; ; ; 
TRACK;1.11.44-2;-16.38049301;-71.49549586;-1939423.689;2843192.496;E;False; ; ;0; ; ; ; ; ; 
TRACK;1.11.44-2;-16.38022501;-71.49556862;-1939391.284;2843187.744;E;False; ; ;0; ; ; ; ; ; 
TRACK;1.11.44-2;-16.38031639;-71.49591239;-1939397.684;2843147.558;E;False; ; ;0; ; ; ; ; ; 
TRACK;1.11.44-3; ; ;-1.516416327;20763369.87;E; ; ; ; ; ; ; ; ; ; 
TRACK;1.11.44-3;-16.38065319;-71.4962613;-1939432.856;2843103.583;E;False; ; ;0; ; ; ; ; ; 
TRACK;1.11.44-3;-16.38059558;-71.49591138;-1939430.5;2843144.025;E;False; ; ;0; ; ; ; ; ; 
TRACK;1.11.44-3;-16.38022392;-71.49600424;-1939385.662;2843138.348;E;False; ; ;0; ; ; ; ; ; 
TRACK;1.11.44-3;-16.37993982;-71.4960993;-1939351.083;2843131.279;E;False; ; ;0; ; ; ; ; ; 
TRACK;1.11.44-3;-16.380022;-71.49641808;-1939356.717;2843094.048;E;False; ; ;0; ; ; ; ; ; 
TRACK;1.11.44-4; ; ;-1.516416327;20763369.87;E; ; ; ; ; ; ; ; ; ; 
TRACK;1.11.44-4;-16.3807479;-71.49666747;-1939438.86;2843056.277;E;False; ; ;0; ; ; ; ; ; 
TRACK;1.11.44-4;-16.38075407;-71.49667201;-1939439.527;2843055.681;E;False; ; ;0; ; ; ; ; ; 
TRACK;1.11.44-4;-16.3806725;-71.49633725;-1939434.166;2843094.716;E;False; ; ;0; ; ; ; ; ; 
TRACK;1.11.44-4;-16.38004449;-71.49650079;-1939358.316;2843084.373;E;False; ; ;0; ; ; ; ; ; 
TRACK;1.11.44-4;-16.38011869;-71.4968343;-1939362.828;2843045.575;E;False; ; ;0; ; ; ; ; ; 
TRACK;1.11.44-5; ; ;-1.516416327;20763369.87;E; ; ; ; ; ; ; ; ; ; 
TRACK;1.11.44-5;-16.38105167;-71.49660034;-1939475.398;2843059.922;E;False; ; ;0; ; ; ; ; ; 
TRACK;1.11.44-5;-16.38095074;-71.49626606;-1939467.756;2843099.155;E;False; ; ;0; ; ; ; ; ; 
TRACK;1.11.44-5;-16.38075277;-71.49631461;-1939443.884;2843096.236;E;False; ; ;0; ; ; ; ; ; 
TRACK;1.11.44-5;-16.38085096;-71.49665495;-1939451.127;2843056.35;E;False; ; ;0; ; ; ; ; ; 
TRACK;1.11.44-6; ; ;-1.516416327;20763369.87;E; ; ; ; ; ; ; ; ; ; 
TRACK;1.11.44-6;-16.38107153;-71.496171;-1939483.147;2843108.36;E;False; ; ;0; ; ; ; ; ; 
TRACK;1.11.44-6;-16.38105777;-71.49601747;-1939483.467;2843125.952;E;False; ; ;0; ; ; ; ; ; 
TRACK;1.11.44-6;-16.38101978;-71.49586212;-1939480.963;2843144.069;E;False; ; ;0; ; ; ; ; ; 
TRACK;1.11.44-6;-16.38092966;-71.49584246;-1939470.622;2843147.477;E;False; ; ;0; ; ; ; ; ; 
TRACK;1.11.44-6;-16.38067183;-71.49588783;-1939439.756;2843145.699;E;False; ; ;0; ; ; ; ; ; 
TRACK;1.11.44-6;-16.38075084;-71.49624426;-1939444.543;2843104.24;E;False; ; ;0; ; ; ; ; ; 
TRACK;1.11.44-7; ; ;-1.516416327;20763369.87;E; ; ; ; ; ; ; ; ; ; 
TRACK;1.11.44-7;-16.38091724;-71.49575891;-1939470.216;2843157.116;E;False; ; ;0; ; ; ; ; ; 
TRACK;1.11.44-7;-16.38088788;-71.49549248;-1939470.128;2843187.719;E;False; ; ;0; ; ; ; ; ; 
TRACK;1.11.44-7;-16.38082903;-71.49541727;-1939464.162;2843197.018;E;False; ; ;0; ; ; ; ; ; 
TRACK;1.11.44-7;-16.38058123;-71.49547482;-1939434.321;2843193.729;E;False; ; ;0; ; ; ; ; ; 
TRACK;1.11.44-7;-16.3806534;-71.49581718;-1939438.481;2843153.954;E;False; ; ;0; ; ; ; ; ; 
TRACK;1.11.44-8; ; ;-1.516416327;20763369.87;E; ; ; ; ; ; ; ; ; ; 
TRACK;1.11.44-8;-16.38082821;-71.49534331;-1939464.998;2843205.419;E;False; ; ;0; ; ; ; ; ; 
TRACK;1.11.44-8;-16.38078751;-71.4951403;-1939462.777;2843228.976;E;False; ; ;0; ; ; ; ; ; 
TRACK;1.11.44-8;-16.38070637;-71.49515879;-1939453.01;2843227.939;E;False; ; ;0; ; ; ; ; ; 
TRACK;1.11.44-8;-16.38060105;-71.49480761;-1939445.065;2843269.148;E;False; ; ;0; ; ; ; ; ; 
TRACK;1.11.44-8;-16.38053674;-71.49465555;-1939439.428;2843287.235;E;False; ; ;0; ; ; ; ; ; 
TRACK;1.11.44-8;-16.38039715;-71.49472365;-1939422.167;2843281.335;E;False; ; ;0; ; ; ; ; ; 
TRACK;1.11.44-8;-16.38056639;-71.49540627;-1939433.441;2843201.698;E;False; ; ;0; ; ; ; ; ; 
TRACK;1.11.45-2; ; ;-1.516416327;20763369.87;E; ; ; ; ; ; ; ; ; ; 
TRACK;1.11.45-2;-16.37830406;-71.4962847;-1939156.553;2843131.62;E;False; ; ;0; ; ; ; ; ; 
TRACK;1.11.45-2;-16.37811575;-71.49570009;-1939141.801;2843200.39;E;False; ; ;0; ; ; ; ; ; 
TRACK;1.11.45-2;-16.37794656;-71.49530183;-1939126.945;2843247.773;E;False; ; ;0; ; ; ; ; ; 
TRACK;1.11.45-2;-16.37761727;-71.49545374;-1939086.339;2843234.844;E;False; ; ;0; ; ; ; ; ; 
TRACK;1.11.45-2;-16.37798022;-71.49640117;-1939117.035;2843122.64;E;False; ; ;0; ; ; ; ; ; 
TRACK;1.11.45-3; ; ;-1.516416327;20763369.87;E; ; ; ; ; ; ; ; ; ; 
TRACK;1.11.45-3;-16.37838854;-71.4960896;-1939168.939;2843152.645;E;False; ; ;0; ; ; ; ; ; 
TRACK;1.11.45-3;-16.37840968;-71.4952834;-1939181.591;2843243.813;E;False; ; ;0; ; ; ; ; ; 
TRACK;1.11.45-3;-16.37806507;-71.49527454;-1939141.214;2843249.32;E;False; ; ;0; ; ; ; ; ; 
TRACK;1.11.45-3;-16.37835775;-71.49609714;-1939165.227;2843152.193;E;False; ; ;0; ; ; ; ; ; 
TRACK;1.11.45-4; ; ;-1.516416327;20763369.87;E; ; ; ; ; ; ; ; ; ; 
TRACK;1.11.45-4;-16.37881115;-71.49606171;-1939218.945;2843150.288;E;False; ; ;0; ; ; ; ; ; 
TRACK;1.11.45-4;-16.37883046;-71.49529109;-1939230.933;2843237.443;E;False; ; ;0; ; ; ; ; ; 
TRACK;1.11.45-4;-16.37848086;-71.49528129;-1939189.981;2843243.122;E;False; ; ;0; ; ; ; ; ; 
TRACK;1.11.45-4;-16.37846479;-71.49605427;-1939178.343;2843155.656;E;False; ; ;0; ; ; ; ; ; 
TRACK;1.11.45-5; ; ;-1.516416327;20763369.87;E; ; ; ; ; ; ; ; ; ; 
TRACK;1.11.45-5;-16.37924834;-71.49531005;-1939279.792;2843229.832;E;False; ; ;0; ; ; ; ; ; 
TRACK;1.11.45-5;-16.37889796;-71.49530531;-1939238.685;2843234.949;E;False; ; ;0; ; ; ; ; ; 
TRACK;1.11.45-5;-16.37886069;-71.49667246;-1939217.063;2843080.367;E;False; ; ;0; ; ; ; ; ; 
TRACK;1.11.45-5;-16.37920558;-71.49666569;-1939257.671;2843076.628;E;False; ; ;0; ; ; ; ; ; 
TRACK;1.11.45-6; ; ;-1.516416327;20763369.87;E; ; ; ; ; ; ; ; ; ; 
TRACK;1.11.45-6;-16.37933122;-71.49650702;-1939274.434;2843092.984;E;False; ; ;0; ; ; ; ; ; 
TRACK;1.11.45-6;-16.37963384;-71.49588643;-1939317.816;2843159.42;E;False; ; ;0; ; ; ; ; ; 
TRACK;1.11.45-6;-16.37966974;-71.49530912;-1939329.317;2843224.432;E;False; ; ;0; ; ; ; ; ; 
TRACK;1.11.45-6;-16.37931504;-71.49529734;-1939287.789;2843230.404;E;False; ; ;0; ; ; ; ; ; 
TRACK;1.11.45-6;-16.37928481;-71.49650218;-1939269.042;2843094.139;E;False; ; ;0; ; ; ; ; ; 
TRACK;1.11.45-7; ; ;-1.516416327;20763369.87;E; ; ; ; ; ; ; ; ; ; 
TRACK;1.11.45-7;-16.37984564;-71.495216;-1939351.158;2843232.697;E;False; ; ;0; ; ; ; ; ; 
TRACK;1.11.45-7;-16.3799252;-71.49509841;-1939361.989;2843244.995;E;False; ; ;0; ; ; ; ; ; 
TRACK;1.11.45-7;-16.37998609;-71.49319851;-1939393.109;2843459.696;E;False; ; ;0; ; ; ; ; ; 
TRACK;1.11.45-7;-16.37978775;-71.49318122;-1939370.022;2843464.248;E;False; ; ;0; ; ; ; ; ; 
TRACK;1.11.45-7;-16.37974614;-71.49452913;-1939348.131;2843311.904;E;False; ; ;0; ; ; ; ; ; 
TRACK;1.11.45-7;-16.37973456;-71.49522722;-1939337.965;2843232.876;E;False; ; ;0; ; ; ; ; ; 
TRACK;1.11.45-8; ; ;-1.516416327;20763369.87;E; ; ; ; ; ; ; ; ; ; 
TRACK;1.11.45-8;-16.37965915;-71.49521696;-1939329.235;2843235.024;E;False; ; ;0; ; ; ; ; ; 
TRACK;1.11.45-8;-16.3796922;-71.49394309;-1939349.186;2843379.081;E;False; ; ;0; ; ; ; ; ; 
TRACK;1.11.45-8;-16.37934138;-71.49393107;-1939308.118;2843385.029;E;False; ; ;0; ; ; ; ; ; 
TRACK;1.11.45-8;-16.37931256;-71.49521551;-1939288.531;2843239.717;E;False; ; ;0; ; ; ; ; ; 
TRACK;1.11.45-9; ; ;-1.516416327;20763369.87;E; ; ; ; ; ; ; ; ; ; 
TRACK;1.11.45-9;-16.37924554;-71.49521098;-1939280.713;2843241.106;E;False; ; ;0; ; ; ; ; ; 
TRACK;1.11.45-9;-16.37927175;-71.49393365;-1939299.903;2843385.646;E;False; ; ;0; ; ; ; ; ; 
TRACK;1.11.45-9;-16.37892919;-71.49392513;-1939259.762;2843391.088;E;False; ; ;0; ; ; ; ; ; 
TRACK;1.11.45-9;-16.37889623;-71.49519602;-1939239.86;2843247.367;E;False; ; ;0; ; ; ; ; ; 
TRACK;1.11.45-10; ; ;-1.516416327;20763369.87;E; ; ; ; ; ; ; ; ; ; 
TRACK;1.11.45-10;-16.37882917;-71.49519276;-1939232.022;2843248.613;E;False; ; ;0; ; ; ; ; ; 
TRACK;1.11.45-10;-16.37885242;-71.49441958;-1939244.505;2843336.007;E;False; ; ;0; ; ; ; ; ; 
TRACK;1.11.45-10;-16.37850601;-71.49440726;-1939203.96;2843341.931;E;False; ; ;0; ; ; ; ; ; 
TRACK;1.11.45-10;-16.3784816;-71.49518101;-1939191.332;2843254.487;E;False; ; ;0; ; ; ; ; ; 
TRACK;1.11.45-11; ; ;-1.516416327;20763369.87;E; ; ; ; ; ; ; ; ; ; 
TRACK;1.11.45-11;-16.37841061;-71.49518662;-1939182.921;2843254.778;E;False; ; ;0; ; ; ; ; ; 
TRACK;1.11.45-11;-16.37844005;-71.49440758;-1939196.206;2843342.757;E;False; ; ;0; ; ; ; ; ; 
TRACK;1.11.45-11;-16.37845754;-71.4935617;-1939208.93;2843438.473;E;False; ; ;0; ; ; ; ; ; 
TRACK;1.11.45-11;-16.37810706;-71.49358576;-1939167.446;2843440.324;E;False; ; ;0; ; ; ; ; ; 
TRACK;1.11.45-11;-16.37806585;-71.49518151;-1939142.478;2843259.861;E;False; ; ;0; ; ; ; ; ; 
TRACK;1.11.45-12; ; ;-1.516416327;20763369.87;E; ; ; ; ; ; ; ; ; ; 
TRACK;1.11.45-12;-16.3779565;-71.49452746;-1939137.879;2843335.477;E;False; ; ;0; ; ; ; ; ; 
TRACK;1.11.45-12;-16.3779366;-71.4944694;-1939136.273;2843342.322;E;False; ; ;0; ; ; ; ; ; 
TRACK;1.11.45-12;-16.3775266;-71.49393053;-1939094.897;2843408.801;E;False; ; ;0; ; ; ; ; ; 
TRACK;1.11.45-12;-16.37725223;-71.49413658;-1939060.061;2843389.014;E;False; ; ;0; ; ; ; ; ; 
TRACK;1.11.45-12;-16.37794626;-71.49504333;-1939130.17;2843277.098;E;False; ; ;0; ; ; ; ; ; 
TRACK;1.11.45-12;-16.37797555;-71.49502653;-1939133.823;2843278.62;E;False; ; ;0; ; ; ; ; ; 
TRACK;1.11.45-13; ; ;-1.516416327;20763369.87;E; ; ; ; ; ; ; ; ; ; 
TRACK;1.11.45-13;-16.37751973;-71.49525214;-1939077.421;2843258.985;E;False; ; ;0; ; ; ; ; ; 
TRACK;1.11.45-13;-16.37757445;-71.49531076;-1939083.111;2843251.621;E;False; ; ;0; ; ; ; ; ; 
TRACK;1.11.45-13;-16.37766635;-71.49523759;-1939094.832;2843258.72;E;False; ; ;0; ; ; ; ; ; 
TRACK;1.11.45-13;-16.3778317;-71.49510643;-1939115.913;2843271.437;E;False; ; ;0; ; ; ; ; ; 
TRACK;1.11.45-13;-16.3772687;-71.49436301;-1939059.14;2843363.115;E;False; ; ;0; ; ; ; ; ; 
TRACK;1.11.45-13;-16.37716663;-71.49422906;-1939048.837;2843379.642;E;False; ; ;0; ; ; ; ; ; 
TRACK;1.11.45-13;-16.37709943;-71.4942813;-1939040.283;2843374.596;E;False; ; ;0; ; ; ; ; ; 
TRACK;1.11.45-13;-16.37689192;-71.49445462;-1939013.715;2843357.647;E;False; ; ;0; ; ; ; ; ; 
TRACK;1.11.45-14; ; ;-1.516416327;20763369.87;E; ; ; ; ; ; ; ; ; ; 
TRACK;1.11.45-14;-16.37683343;-71.49449003;-1939006.396;2843354.395;E;False; ; ;0; ; ; ; ; ; 
TRACK;1.11.45-14;-16.37656257;-71.49471156;-1938971.777;2843332.806;E;False; ; ;0; ; ; ; ; ; 
TRACK;1.11.45-14;-16.37728596;-71.49565084;-1939044.927;2843216.816;E;False; ; ;0; ; ; ; ; ; 
TRACK;1.11.45-14;-16.3775592;-71.49544094;-1939079.677;2843237.054;E;False; ; ;0; ; ; ; ; ; 
TRACK;1.11.45-15; ; ;-1.516416327;20763369.87;E; ; ; ; ; ; ; ; ; ; 
TRACK;1.11.45-15;-16.37687489;-71.49386166;-1939019.192;2843425.127;E;False; ; ;0; ; ; ; ; ; 
TRACK;1.11.45-15;-16.37647399;-71.49417705;-1938968.111;2843394.591;E;False; ; ;0; ; ; ; ; ; 
TRACK;1.11.45-15;-16.37656109;-71.49457637;-1938973.309;2843348.16;E;False; ; ;0; ; ; ; ; ; 
TRACK;1.11.45-15;-16.37709277;-71.49412503;-1939041.471;2843392.408;E;False; ; ;0; ; ; ; ; ; 
TRACK;1.11.45-22; ; ;-1.516416327;20763369.87;E; ; ; ; ; ; ; ; ; ; 
TRACK;1.11.45-22;-16.37847167;-71.49315639;-1939215.703;2843484.262;E;False; ; ;0; ; ; ; ; ; 
TRACK;1.11.45-22;-16.37811841;-71.49316647;-1939174.069;2843487.734;E;False; ; ;0; ; ; ; ; ; 
TRACK;1.11.45-22;-16.37813447;-71.4935118;-1939171.6;2843448.355;E;False; ; ;0; ; ; ; ; ; 
TRACK;1.11.45-22;-16.37847206;-71.49350577;-1939211.341;2843444.627;E;False; ; ;0; ; ; ; ; ; 
TRACK;1.11.45-16; ; ;-1.516416327;20763369.87;E; ; ; ; ; ; ; ; ; ; 
TRACK;1.11.45-16;-16.37660452;-71.49398089;-1938985.921;2843415.136;E;False; ; ;0; ; ; ; ; ; 
TRACK;1.11.45-16;-16.3763264;-71.49365772;-1938957.32;2843455.426;E;False; ; ;0; ; ; ; ; ; 
TRACK;1.11.45-16;-16.37611652;-71.49338196;-1938936.137;2843489.446;E;False; ; ;0; ; ; ; ; ; 
TRACK;1.11.45-16;-16.37602145;-71.49347326;-1938923.816;2843480.333;E;False; ; ;0; ; ; ; ; ; 
TRACK;1.11.45-16;-16.37609207;-71.49365874;-1938929.774;2843458.372;E;False; ; ;0; ; ; ; ; ; 
TRACK;1.11.45-16;-16.37646071;-71.49412426;-1938967.216;2843400.753;E;False; ; ;0; ; ; ; ; ; 
TRACK;1.11.45-17; ; ;-1.516416327;20763369.87;E; ; ; ; ; ; ; ; ; ; 
TRACK;1.11.45-17;-16.37680225;-71.49378204;-1939011.661;2843435.108;E;False; ; ;0; ; ; ; ; ; 
TRACK;1.11.45-17;-16.37652606;-71.49347128;-1938983.13;2843473.964;E;False; ; ;0; ; ; ; ; ; 
TRACK;1.11.45-17;-16.37630443;-71.49315256;-1938961.109;2843513.012;E;False; ; ;0; ; ; ; ; ; 
TRACK;1.11.45-17;-16.37618183;-71.49330433;-1938944.79;2843497.399;E;False; ; ;0; ; ; ; ; ; 
TRACK;1.11.45-17;-16.37635167;-71.49357878;-1938961.285;2843464.05;E;False; ; ;0; ; ; ; ; ; 
TRACK;1.11.45-17;-16.37665647;-71.4939362;-1938992.589;2843419.526;E;False; ; ;0; ; ; ; ; ; 
TRACK;1.11.45-18; ; ;-1.516416327;20763369.87;E; ; ; ; ; ; ; ; ; ; 
TRACK;1.11.45-18;-16.37760759;-71.49378369;-1939106.265;2843424.399;E;False; ; ;0; ; ; ; ; ; 
TRACK;1.11.45-18;-16.37805252;-71.49340331;-1939163.34;2843461.73;E;False; ; ;0; ; ; ; ; ; 
TRACK;1.11.45-18;-16.3779872;-71.49318605;-1939158.406;2843487.227;E;False; ; ;0; ; ; ; ; ; 
TRACK;1.11.45-18;-16.37750862;-71.49358636;-1939097.125;2843448.074;E;False; ; ;0; ; ; ; ; ; 
TRACK;1.11.45-18;-16.37704516;-71.4938864;-1939038.886;2843420.096;E;False; ; ;0; ; ; ; ; ; 
TRACK;1.11.45-18;-16.37706229;-71.4940116;-1939039.32;2843405.671;E;False; ; ;0; ; ; ; ; ; 
TRACK;1.11.45-18;-16.3771638;-71.49409612;-1939050.181;2843394.759;E;False; ; ;0; ; ; ; ; ; 
TRACK;1.11.45-19; ; ;-1.516416327;20763369.87;E; ; ; ; ; ; ; ; ; ; 
TRACK;1.11.45-19;-16.37587914;-71.49234633;-1938921.307;2843610.018;E;False; ; ;0; ; ; ; ; ; 
TRACK;1.11.45-19;-16.37578094;-71.49245644;-1938908.381;2843598.812;E;False; ; ;0; ; ; ; ; ; 
TRACK;1.11.45-19;-16.37614988;-71.49317533;-1938942.663;2843512.448;E;False; ; ;0; ; ; ; ; ; 
TRACK;1.11.45-19;-16.37629096;-71.49304203;-1938960.921;2843525.725;E;False; ; ;0; ; ; ; ; ; 
TRACK;1.11.45-19;-16.37601446;-71.49255297;-1938934.601;2843584.812;E;False; ; ;0; ; ; ; ; ; 
TRACK;1.11.45-20; ; ;-1.516416327;20763369.87;E; ; ; ; ; ; ; ; ; ; 
TRACK;1.11.45-20;-16.37573157;-71.49249387;-1938902.108;2843595.211;E;False; ; ;0; ; ; ; ; ; 
TRACK;1.11.45-20;-16.37561893;-71.49261234;-1938887.379;2843583.244;E;False; ; ;0; ; ; ; ; ; 
TRACK;1.11.45-20;-16.37562973;-71.49268815;-1938887.692;2843574.504;E;False; ; ;0; ; ; ; ; ; 
TRACK;1.11.45-20;-16.3758199;-71.49301487;-1938905.915;2843534.96;E;False; ; ;0; ; ; ; ; ; 
TRACK;1.11.45-20;-16.37589129;-71.49318104;-1938912.208;2843515.179;E;False; ; ;0; ; ; ; ; ; 
TRACK;1.11.45-20;-16.37601215;-71.49340353;-1938923.602;2843488.363;E;False; ; ;0; ; ; ; ; ; 
TRACK;1.11.45-20;-16.3761253;-71.49329774;-1938938.231;2843498.885;E;False; ; ;0; ; ; ; ; ; 
TRACK;1.11.45-20;-16.37591882;-71.49285516;-1938919.552;2843551.783;E;False; ; ;0; ; ; ; ; ; 
TRACK;1.11.45-21; ; ;-1.516416327;20763369.87;E; ; ; ; ; ; ; ; ; ; 
TRACK;1.11.45-21;-16.37571956;-71.49188209;-1938908.413;2843664.762;E;False; ; ;0; ; ; ; ; ; 
TRACK;1.11.45-21;-16.37563287;-71.49195418;-1938897.318;2843657.717;E;False; ; ;0; ; ; ; ; ; 
TRACK;1.11.45-21;-16.37566931;-71.49214151;-1938899.237;2843635.993;E;False; ; ;0; ; ; ; ; ; 
TRACK;1.11.45-21;-16.37557734;-71.4922653;-1938886.87;2843623.152;E;False; ; ;0; ; ; ; ; ; 
TRACK;1.11.45-21;-16.37564534;-71.49250994;-1938891.774;2843594.515;E;False; ; ;0; ; ; ; ; ; 
TRACK;1.11.45-21;-16.37591963;-71.49224864;-1938927.298;2843620.57;E;False; ; ;0; ; ; ; ; ; 
TRACK;1.11.46-1; ; ;-1.516416327;20763369.87;E; ; ; ; ; ; ; ; ; ; 
TRACK;1.11.46-1;-16.38131747;-71.4900604;-1939589.132;2843798.24;E;False; ; ;0; ; ; ; ; ; 
TRACK;1.11.46-1;-16.38096401;-71.48990525;-1939549.56;2843820.458;E;False; ; ;0; ; ; ; ; ; 
TRACK;1.11.46-1;-16.38077343;-71.4907399;-1939516.636;2843728.277;E;False; ; ;0; ; ; ; ; ; 
TRACK;1.11.46-1;-16.38115387;-71.49086338;-1939559.778;2843709.299;E;False; ; ;0; ; ; ; ; ; 
TRACK;1.11.46-2; ; ;-1.516416327;20763369.87;E; ; ; ; ; ; ; ; ; ; 
TRACK;1.11.46-2;-16.38113941;-71.49090003;-1939557.617;2843705.33;E;False; ; ;0; ; ; ; ; ; 
TRACK;1.11.46-2;-16.38075565;-71.49081615;-1939513.585;2843719.861;E;False; ; ;0; ; ; ; ; ; 
TRACK;1.11.46-2;-16.38068564;-71.49120198;-1939500.491;2843677.013;E;False; ; ;0; ; ; ; ; ; 
TRACK;1.11.46-2;-16.38105621;-71.49131871;-1939542.559;2843658.929;E;False; ; ;0; ; ; ; ; ; 
TRACK;1.11.46-3; ; ;-1.516416327;20763369.87;E; ; ; ; ; ; ; ; ; ; 
TRACK;1.11.46-3;-16.38105837;-71.49138426;-1939541.985;2843651.466;E;False; ; ;0; ; ; ; ; ; 
TRACK;1.11.46-3;-16.38066613;-71.49126108;-1939497.453;2843670.563;E;False; ; ;0; ; ; ; ; ; 
TRACK;1.11.46-3;-16.38060306;-71.49156589;-1939486.196;2843636.814;E;False; ; ;0; ; ; ; ; ; 
TRACK;1.11.46-3;-16.38079733;-71.49161569;-1939508.394;2843628.627;E;False; ; ;0; ; ; ; ; ; 
TRACK;1.11.46-4; ; ;-1.516416327;20763369.87;E; ; ; ; ; ; ; ; ; ; 
TRACK;1.11.46-4;-16.38047834;-71.49167069;-1939470.221;2843626.557;E;False; ; ;0; ; ; ; ; ; 
TRACK;1.11.46-4;-16.3805873;-71.49125016;-1939488.328;2843672.833;E;False; ; ;0; ; ; ; ; ; 
TRACK;1.11.46-4;-16.38019745;-71.49118896;-1939443.294;2843684.869;E;False; ; ;0; ; ; ; ; ; 
TRACK;1.11.46-4;-16.38012428;-71.49164677;-1939428.922;2843633.898;E;False; ; ;0; ; ; ; ; ; 
TRACK;1.11.46-4;-16.38027445;-71.49168416;-1939446.094;2843627.694;E;False; ; ;0; ; ; ; ; ; 
TRACK;1.11.46-5; ; ;-1.516416327;20763369.87;E; ; ; ; ; ; ; ; ; ; 
TRACK;1.11.46-5;-16.38067135;-71.49079096;-1939503.997;2843723.82;E;False; ; ;0; ; ; ; ; ; 
TRACK;1.11.46-5;-16.3802957;-71.49070636;-1939460.927;2843738.325;E;False; ; ;0; ; ; ; ; ; 
TRACK;1.11.46-5;-16.38023686;-71.49109698;-1939449.085;2843694.787;E;False; ; ;0; ; ; ; ; ; 
TRACK;1.11.46-5;-16.38058989;-71.49118103;-1939489.505;2843680.64;E;False; ; ;0; ; ; ; ; ; 
TRACK;1.11.46-6; ; ;-1.516416327;20763369.87;E; ; ; ; ; ; ; ; ; ; 
TRACK;1.11.46-6;-16.38086812;-71.48990967;-1939538.237;2843821.21;E;False; ; ;0; ; ; ; ; ; 
TRACK;1.11.46-6;-16.38049594;-71.48984228;-1939495.357;2843833.718;E;False; ; ;0; ; ; ; ; ; 
TRACK;1.11.46-6;-16.38031106;-71.49065627;-1939463.364;2843743.806;E;False; ; ;0; ; ; ; ; ; 
TRACK;1.11.46-6;-16.38069077;-71.49073148;-1939507.029;2843730.312;E;False; ; ;0; ; ; ; ; ; 
TRACK;1.11.46-7; ; ;-1.516416327;20763369.87;E; ; ; ; ; ; ; ; ; ; 
TRACK;1.11.46-7;-16.38046679;-71.48966898;-1939494.119;2843853.756;E;False; ; ;0; ; ; ; ; ; 
TRACK;1.11.46-7;-16.38009743;-71.48953376;-1939452.426;2843873.922;E;False; ; ;0; ; ; ; ; ; 
TRACK;1.11.46-7;-16.37999685;-71.4900129;-1939434.563;2843820.888;E;False; ; ;0; ; ; ; ; ; 
TRACK;1.11.46-7;-16.38037607;-71.49007557;-1939478.329;2843808.823;E;False; ; ;0; ; ; ; ; ; 
TRACK;1.11.46-8; ; ;-1.516416327;20763369.87;E; ; ; ; ; ; ; ; ; ; 
TRACK;1.11.46-8;-16.38037112;-71.49012712;-1939477.097;2843803.041;E;False; ; ;0; ; ; ; ; ; 
TRACK;1.11.46-8;-16.37999209;-71.49007354;-1939433.238;2843814.072;E;False; ; ;0; ; ; ; ; ; 
TRACK;1.11.46-8;-16.37987615;-71.49053583;-1939413.783;2843763.151;E;False; ; ;0; ; ; ; ; ; 
TRACK;1.11.46-8;-16.38025299;-71.49062319;-1939456.958;2843748.317;E;False; ; ;0; ; ; ; ; ; 
TRACK;1.11.46-9; ; ;-1.516416327;20763369.87;E; ; ; ; ; ; ; ; ; ; 
TRACK;1.11.46-9;-16.38023517;-71.4906754;-1939454.205;2843742.628;E;False; ; ;0; ; ; ; ; ; 
TRACK;1.11.46-9;-16.37984422;-71.49061478;-1939409.035;2843754.613;E;False; ; ;0; ; ; ; ; ; 
TRACK;1.11.46-9;-16.37976708;-71.491005;-1939395.048;2843711.36;E;False; ; ;0; ; ; ; ; ; 
TRACK;1.11.46-9;-16.38016137;-71.49109388;-1939440.255;2843696.125;E;False; ; ;0; ; ; ; ; ; 
TRACK;1.11.46-10; ; ;-1.516416327;20763369.87;E; ; ; ; ; ; ; ; ; ; 
TRACK;1.11.46-10;-16.37992884;-71.49006831;-1939425.873;2843815.492;E;False; ; ;0; ; ; ; ; ; 
TRACK;1.11.46-10;-16.37954569;-71.48997542;-1939382.025;2843831.036;E;False; ; ;0; ; ; ; ; ; 
TRACK;1.11.46-10;-16.3794365;-71.49044651;-1939363.252;2843779.028;E;False; ; ;0; ; ; ; ; ; 
TRACK;1.11.46-10;-16.37982208;-71.49051844;-1939407.649;2843765.83;E;False; ; ;0; ; ; ; ; ; 
TRACK;1.11.46-11; ; ;-1.516416327;20763369.87;E; ; ; ; ; ; ; ; ; ; 
TRACK;1.11.46-11;-16.38004872;-71.48948544;-1939447.313;2843880.039;E;False; ; ;0; ; ; ; ; ; 
TRACK;1.11.46-11;-16.37971937;-71.48924635;-1939411.631;2843911.464;E;False; ; ;0; ; ; ; ; ; 
TRACK;1.11.46-11;-16.37956542;-71.48987978;-1939385.55;2843841.627;E;False; ; ;0; ; ; ; ; ; 
TRACK;1.11.46-11;-16.37992142;-71.48999309;-1939425.95;2843824.121;E;False; ; ;0; ; ; ; ; ; 
TRACK;1.11.46A-1; ; ;-1.516416327;20763369.87;E; ; ; ; ; ; ; ; ; ; 
TRACK;1.11.46A-1;-16.38006445;-71.49274835;-1939407.995;2843509.731;E;False; ; ;0; ; ; ; ; ; 
TRACK;1.11.46A-1;-16.37983026;-71.49273284;-1939380.674;2843514.55;E;False; ; ;0; ; ; ; ; ; 
TRACK;1.11.46A-1;-16.37981418;-71.49311926;-1939373.909;2843470.931;E;False; ; ;0; ; ; ; ; ; 
TRACK;1.11.46A-1;-16.38001825;-71.49315455;-1939397.442;2843464.262;E;False; ; ;0; ; ; ; ; ; 
TRACK;1.11.46A-2; ; ;-1.516416327;20763369.87;E; ; ; ; ; ; ; ; ; ; 
TRACK;1.11.46A-2;-16.38012002;-71.49230285;-1939420.144;2843559.537;E;False; ; ;0; ; ; ; ; ; 
TRACK;1.11.46A-2;-16.37984967;-71.49229144;-1939388.523;2843564.364;E;False; ; ;0; ; ; ; ; ; 
TRACK;1.11.46A-2;-16.37983833;-71.49267031;-1939382.411;2843521.538;E;False; ; ;0; ; ; ; ; ; 
TRACK;1.11.46A-2;-16.38005223;-71.49269922;-1939407.178;2843515.464;E;False; ; ;0; ; ; ; ; ; 
TRACK;1.11.46A-3; ; ;-1.516416327;20763369.87;E; ; ; ; ; ; ; ; ; ; 
TRACK;1.11.46A-3;-16.37976565;-71.49271565;-1939373.299;2843517.345;E;False; ; ;0; ; ; ; ; ; 
TRACK;1.11.46A-3;-16.37936864;-71.49272126;-1939326.582;2843521.896;E;False; ; ;0; ; ; ; ; ; 
TRACK;1.11.46A-3;-16.37936396;-71.49310536;-1939321.187;2843478.391;E;False; ; ;0; ; ; ; ; ; 
TRACK;1.11.46A-3;-16.37974735;-71.49311109;-1939366.16;2843472.731;E;False; ; ;0; ; ; ; ; ; 
TRACK;1.11.46A-4; ; ;-1.516416327;20763369.87;E; ; ; ; ; ; ; ; ; ; 
TRACK;1.11.46A-4;-16.37978915;-71.49228022;-1939381.553;2843566.427;E;False; ; ;0; ; ; ; ; ; 
TRACK;1.11.46A-4;-16.37939433;-71.4922728;-1939335.257;2843572.428;E;False; ; ;0; ; ; ; ; ; 
TRACK;1.11.46A-4;-16.37936421;-71.49244344;-1939329.566;2843553.467;E;False; ; ;0; ; ; ; ; ; 
TRACK;1.11.46A-4;-16.37936411;-71.49265075;-1939326.939;2843529.954;E;False; ; ;0; ; ; ; ; ; 
TRACK;1.11.46A-4;-16.37976886;-71.49266416;-1939374.326;2843523.143;E;False; ; ;0; ; ; ; ; ; 
TRACK;1.11.46A-5; ; ;-1.516416327;20763369.87;E; ; ; ; ; ; ; ; ; ; 
TRACK;1.11.46A-5;-16.37979613;-71.49183768;-1939387.957;2843616.532;E;False; ; ;0; ; ; ; ; ; 
TRACK;1.11.46A-5;-16.37941593;-71.49182601;-1939343.432;2843622.824;E;False; ; ;0; ; ; ; ; ; 
TRACK;1.11.46A-5;-16.37938951;-71.49220765;-1939335.512;2843579.881;E;False; ; ;0; ; ; ; ; ; 
TRACK;1.11.46A-5;-16.37977928;-71.49222477;-1939381.093;2843572.846;E;False; ; ;0; ; ; ; ; ; 
TRACK;1.11.46A-6; ; ;-1.516416327;20763369.87;E; ; ; ; ; ; ; ; ; ; 
TRACK;1.11.46A-6;-16.37929781;-71.49272744;-1939318.181;2843522.121;E;False; ; ;0; ; ; ; ; ; 
TRACK;1.11.46A-6;-16.37887039;-71.49272019;-1939268.052;2843528.529;E;False; ; ;0; ; ; ; ; ; 
TRACK;1.11.46A-6;-16.37892604;-71.49309315;-1939269.887;2843485.498;E;False; ; ;0; ; ; ; ; ; 
TRACK;1.11.46A-6;-16.37929778;-71.49310407;-1939313.426;2843479.402;E;False; ; ;0; ; ; ; ; ; 
TRACK;1.11.46A-7; ; ;-1.516416327;20763369.87;E; ; ; ; ; ; ; ; ; ; 
TRACK;1.11.46A-7;-16.37928208;-71.49263663;-1939317.479;2843532.627;E;False; ; ;0; ; ; ; ; ; 
TRACK;1.11.46A-7;-16.37931087;-71.49247239;-1939322.933;2843550.88;E;False; ; ;0; ; ; ; ; ; 
TRACK;1.11.46A-7;-16.37932139;-71.49227143;-1939326.705;2843573.537;E;False; ; ;0; ; ; ; ; ; 
TRACK;1.11.46A-7;-16.37872932;-71.4922598;-1939257.285;2843582.593;E;False; ; ;0; ; ; ; ; ; 
TRACK;1.11.46A-7;-16.37885353;-71.49264203;-1939267.057;2843537.615;E;False; ; ;0; ; ; ; ; ; 
TRACK;1.11.46A-8; ; ;-1.516416327;20763369.87;E; ; ; ; ; ; ; ; ; ; 
TRACK;1.11.46A-8;-16.37932848;-71.49181542;-1939333.29;2843625.168;E;False; ; ;0; ; ; ; ; ; 
TRACK;1.11.46A-8;-16.37888106;-71.4918161;-1939280.712;2843630.937;E;False; ; ;0; ; ; ; ; ; 
TRACK;1.11.46A-8;-16.37886953;-71.49218482;-1939274.705;2843589.266;E;False; ; ;0; ; ; ; ; ; 
TRACK;1.11.46A-8;-16.37931918;-71.49221717;-1939327.13;2843579.72;E;False; ; ;0; ; ; ; ; ; 
TRACK;1.11.46A-9; ; ;-1.516416327;20763369.87;E; ; ; ; ; ; ; ; ; ; 
TRACK;1.11.46A-9;-16.37884188;-71.49310294;-1939259.875;2843485.487;E;False; ; ;0; ; ; ; ; ; 
TRACK;1.11.46A-9;-16.37882024;-71.4927864;-1939261.325;2843521.673;E;False; ; ;0; ; ; ; ; ; 
TRACK;1.11.46A-9;-16.37878054;-71.49267198;-1939258.104;2843535.171;E;False; ; ;0; ; ; ; ; ; 
TRACK;1.11.46A-9;-16.37852306;-71.49267801;-1939227.775;2843537.852;E;False; ; ;0; ; ; ; ; ; 
TRACK;1.11.46A-9;-16.37855744;-71.49290522;-1939228.948;2843511.631;E;False; ; ;0; ; ; ; ; ; 
TRACK;1.11.46A-9;-16.3785632;-71.49308116;-1939227.406;2843491.599;E;False; ; ;0; ; ; ; ; ; 
TRACK;1.11.46A-10; ; ;-1.516416327;20763369.87;E; ; ; ; ; ; ; ; ; ; 
TRACK;1.11.46A-10;-16.37868936;-71.49240362;-1939250.775;2843566.802;E;False; ; ;0; ; ; ; ; ; 
TRACK;1.11.46A-10;-16.37844195;-71.49241374;-1939221.578;2843568.886;E;False; ; ;0; ; ; ; ; ; 
TRACK;1.11.46A-10;-16.37838067;-71.49244994;-1939213.922;2843565.581;E;False; ; ;0; ; ; ; ; ; 
TRACK;1.11.46A-10;-16.37851553;-71.49262685;-1939227.536;2843543.752;E;False; ; ;0; ; ; ; ; ; 
TRACK;1.11.46A-10;-16.37878131;-71.49261585;-1939258.902;2843541.527;E;False; ; ;0; ; ; ; ; ; 
TRACK;1.11.46A-11; ; ;-1.516416327;20763369.87;E; ; ; ; ; ; ; ; ; ; 
TRACK;1.11.46A-11;-16.37842615;-71.49264184;-1939216.844;2843543.22;E;False; ; ;0; ; ; ; ; ; 
TRACK;1.11.46A-11;-16.37820209;-71.49265325;-1939190.374;2843544.854;E;False; ; ;0; ; ; ; ; ; 
TRACK;1.11.46A-11;-16.37809152;-71.4926723;-1939177.143;2843544.138;E;False; ; ;0; ; ; ; ; ; 
TRACK;1.11.46A-11;-16.37813676;-71.49287839;-1939179.859;2843520.171;E;False; ; ;0; ; ; ; ; ; 
TRACK;1.11.46A-11;-16.37816081;-71.49307537;-1939180.2;2843497.513;E;False; ; ;0; ; ; ; ; ; 
TRACK;1.11.46A-11;-16.37850012;-71.49309151;-1939219.864;2843491.249;E;False; ; ;0; ; ; ; ; ; 
TRACK;1.11.48-3; ; ;-1.516416327;20763369.87;E; ; ; ; ; ; ; ; ; ; 
TRACK;1.11.48-3;-16.37672424;-71.49209548;-1939023.768;2843627.431;E;False; ; ;0; ; ; ; ; ; 
TRACK;1.11.48-3;-16.3764779;-71.49219905;-1938993.518;2843618.901;E;False; ; ;0; ; ; ; ; ; 
TRACK;1.11.48-3;-16.37665242;-71.49264985;-1939008.337;2843565.488;E;False; ; ;0; ; ; ; ; ; 
TRACK;1.11.48-3;-16.37691189;-71.49308528;-1939033.332;2843512.707;E;False; ; ;0; ; ; ; ; ; 
TRACK;1.11.48-3;-16.37710452;-71.49299553;-1939057.097;2843520.371;E;False; ; ;0; ; ; ; ; ; 
TRACK;1.11.48-4; ; ;-1.516416327;20763369.87;E; ; ; ; ; ; ; ; ; ; 
TRACK;1.11.48-4;-16.37763919;-71.49235059;-1939128.054;2843586.539;E;False; ; ;0; ; ; ; ; ; 
TRACK;1.11.48-4;-16.37757822;-71.49216588;-1939123.22;2843608.287;E;False; ; ;0; ; ; ; ; ; 
TRACK;1.11.48-4;-16.37697328;-71.4924723;-1939048.277;2843581.435;E;False; ; ;0; ; ; ; ; ; 
TRACK;1.11.48-4;-16.37719534;-71.49294066;-1939068.461;2843525.407;E;False; ; ;0; ; ; ; ; ; 
TRACK;1.11.48-4;-16.37745329;-71.49253887;-1939103.837;2843567.612;E;False; ; ;0; ; ; ; ; ; 
TRACK;1.11.48-5; ; ;-1.516416327;20763369.87;E; ; ; ; ; ; ; ; ; ; 
TRACK;1.11.48-5;-16.37729883;-71.49114249;-1939103.302;2843728.019;E;False; ; ;0; ; ; ; ; ; 
TRACK;1.11.48-5;-16.37654132;-71.49150245;-1939009.756;2843697.087;E;False; ; ;0; ; ; ; ; ; 
TRACK;1.11.48-5;-16.37693002;-71.49236309;-1939044.571;2843594.387;E;False; ; ;0; ; ; ; ; ; 
TRACK;1.11.48-5;-16.37766152;-71.4920213;-1939134.831;2843623.598;E;False; ; ;0; ; ; ; ; ; 
TRACK;1.11.48-6; ; ;-1.516416327;20763369.87;E; ; ; ; ; ; ; ; ; ; 
TRACK;1.11.48-6;-16.3785129;-71.49162051;-1939239.921;2843657.934;E;False; ; ;0; ; ; ; ; ; 
TRACK;1.11.48-6;-16.3781382;-71.49074915;-1939206.888;2843761.667;E;False; ; ;0; ; ; ; ; ; 
TRACK;1.11.48-6;-16.37738829;-71.49110572;-1939114.277;2843731.022;E;False; ; ;0; ; ; ; ; ; 
TRACK;1.11.48-6;-16.37776959;-71.49197587;-1939148.102;2843627.339;E;False; ; ;0; ; ; ; ; ; 
TRACK;1.11.48-6;-16.37815192;-71.49178379;-1939195.448;2843644.13;E;False; ; ;0; ; ; ; ; ; 
TRACK;1.11.48-7; ; ;-1.516416327;20763369.87;E; ; ; ; ; ; ; ; ; ; 
TRACK;1.11.48-7;-16.37863172;-71.4905056;-1939267.947;2843782.843;E;False; ; ;0; ; ; ; ; ; 
TRACK;1.11.48-7;-16.3782414;-71.49071196;-1939219.482;2843764.537;E;False; ; ;0; ; ; ; ; ; 
TRACK;1.11.48-7;-16.37857772;-71.49149742;-1939249.09;2843671.049;E;False; ; ;0; ; ; ; ; ; 
TRACK;1.11.48-7;-16.37902008;-71.49126485;-1939304;2843691.648;E;False; ; ;0; ; ; ; ; ; 
TRACK;1.11.48-8; ; ;-1.516416327;20763369.87;E; ; ; ; ; ; ; ; ; ; 
TRACK;1.11.48-8;-16.37805273;-71.48924348;-1939215.84;2843933.571;E;False; ; ;0; ; ; ; ; ; 
TRACK;1.11.48-8;-16.37765473;-71.48941967;-1939166.853;2843918.787;E;False; ; ;0; ; ; ; ; ; 
TRACK;1.11.48-8;-16.37820326;-71.49064419;-1939215.855;2843772.722;E;False; ; ;0; ; ; ; ; ; 
TRACK;1.11.48-8;-16.37858351;-71.49044688;-1939263.023;2843790.134;E;False; ; ;0; ; ; ; ; ; 
TRACK;1.11.48-9; ; ;-1.516416327;20763369.87;E; ; ; ; ; ; ; ; ; ; 
TRACK;1.11.48-9;-16.37757113;-71.48946521;-1939156.456;2843914.714;E;False; ; ;0; ; ; ; ; ; 
TRACK;1.11.48-9;-16.3768235;-71.48983111;-1939063.995;2843882.98;E;False; ; ;0; ; ; ; ; ; 
TRACK;1.11.48-9;-16.37737054;-71.49102812;-1939113.17;2843740.056;E;False; ; ;0; ; ; ; ; ; 
TRACK;1.11.48-9;-16.37811882;-71.49067889;-1939205.497;2843769.89;E;False; ; ;0; ; ; ; ; ; 
TRACK;1.11.48-11; ; ;-1.516416327;20763369.87;E; ; ; ; ; ; ; ; ; ; 
TRACK;1.11.48-11;-16.37614675;-71.48855772;-1939000.542;2844036.265;E;False; ; ;0; ; ; ; ; ; 
TRACK;1.11.48-11;-16.37539968;-71.48892131;-1938908.175;2844004.785;E;False; ; ;0; ; ; ; ; ; 
TRACK;1.11.48-11;-16.37593176;-71.49013252;-1938955.414;2843860.444;E;False; ; ;0; ; ; ; ; ; 
TRACK;1.11.48-11;-16.37668076;-71.48976457;-1939048.062;2843892.393;E;False; ; ;0; ; ; ; ; ; 
TRACK;1.11.48-12; ; ;-1.516416327;20763369.87;E; ; ; ; ; ; ; ; ; ; 
TRACK;1.11.48-12;-16.37700588;-71.48814889;-1939106.647;2844071.412;E;False; ; ;0; ; ; ; ; ; 
TRACK;1.11.48-12;-16.37597472;-71.48791129;-1938988.483;2844111.84;E;False; ; ;0; ; ; ; ; ; 
TRACK;1.11.48-12;-16.37678727;-71.48972521;-1939061.073;2843895.466;E;False; ; ;0; ; ; ; ; ; 
TRACK;1.11.48-12;-16.37753656;-71.4893701;-1939153.593;2843925.954;E;False; ; ;0; ; ; ; ; ; 
TRACK;1.11.48-14; ; ;-1.516416327;20763369.87;E; ; ; ; ; ; ; ; ; ; 
TRACK;1.11.48-14;-16.37583982;-71.48785537;-1938973.339;2844119.945;E;False; ; ;0; ; ; ; ; ; 
TRACK;1.11.48-14;-16.37478895;-71.48753964;-1938853.844;2844169.493;E;False; ; ;0; ; ; ; ; ; 
TRACK;1.11.48-14;-16.37536521;-71.48884493;-1938905.088;2844013.9;E;False; ; ;0; ; ; ; ; ; 
TRACK;1.11.48-14;-16.3761139;-71.48849532;-1938997.468;2844043.772;E;False; ; ;0; ; ; ; ; ; 
TRACK;1.11.49-1; ; ;-1.516416327;20763369.87;E; ; ; ; ; ; ; ; ; ; 
TRACK;1.11.49-1;-16.37511996;-71.49541665;-1938793.386;2843271.673;E;False; ; ;0; ; ; ; ; ; 
TRACK;1.11.49-1;-16.37451882;-71.49559311;-1938720.53;2843259.51;E;False; ; ;0; ; ; ; ; ; 
TRACK;1.11.49-1;-16.37460576;-71.49590697;-1938726.788;2843222.775;E;False; ; ;0; ; ; ; ; ; 
TRACK;1.11.49-1;-16.37518811;-71.49574099;-1938797.304;2843233.994;E;False; ; ;0; ; ; ; ; ; 
TRACK;1.11.49-2; ; ;-1.516416327;20763369.87;E; ; ; ; ; ; ; ; ; ; 
TRACK;1.11.49-2;-16.37500505;-71.49505254;-1938784.477;2843314.475;E;False; ; ;0; ; ; ; ; ; 
TRACK;1.11.49-2;-16.3744101;-71.49523405;-1938712.284;2843301.657;E;False; ; ;0; ; ; ; ; ; 
TRACK;1.11.49-2;-16.37450277;-71.4955325;-1938719.41;2843266.595;E;False; ; ;0; ; ; ; ; ; 
TRACK;1.11.49-2;-16.37509105;-71.49536914;-1938790.59;2843277.441;E;False; ; ;0; ; ; ; ; ; 
TRACK;1.11.49-3; ; ;-1.516416327;20763369.87;E; ; ; ; ; ; ; ; ; ; 
TRACK;1.11.49-3;-16.37524214;-71.49450755;-1938819.206;2843373.195;E;False; ; ;0; ; ; ; ; ; 
TRACK;1.11.49-3;-16.37495077;-71.49458446;-1938784.001;2843368.277;E;False; ; ;0; ; ; ; ; ; 
TRACK;1.11.49-3;-16.37504894;-71.49498317;-1938790.509;2843321.771;E;False; ; ;0; ; ; ; ; ; 
TRACK;1.11.49-3;-16.37533176;-71.49491019;-1938824.659;2843326.354;E;False; ; ;0; ; ; ; ; ; 
TRACK;1.11.49-4; ; ;-1.516416327;20763369.87;E; ; ; ; ; ; ; ; ; ; 
TRACK;1.11.49-4;-16.37490324;-71.49460519;-1938778.156;2843366.548;E;False; ; ;0; ; ; ; ; ; 
TRACK;1.11.49-4;-16.37461505;-71.49469828;-1938743.121;2843359.752;E;False; ; ;0; ; ; ; ; ; 
TRACK;1.11.49-4;-16.37472406;-71.49508763;-1938751.02;2843314.165;E;False; ; ;0; ; ; ; ; ; 
TRACK;1.11.49-4;-16.3750005;-71.49499711;-1938784.641;2843320.821;E;False; ; ;0; ; ; ; ; ; 
TRACK;1.11.49-5; ; ;-1.516416327;20763369.87;E; ; ; ; ; ; ; ; ; ; 
TRACK;1.11.49-5;-16.37456624;-71.4947107;-1938737.229;2843358.981;E;False; ; ;0; ; ; ; ; ; 
TRACK;1.11.49-5;-16.37429353;-71.49480066;-1938704.054;2843352.34;E;False; ; ;0; ; ; ; ; ; 
TRACK;1.11.49-5;-16.37439511;-71.49518808;-1938711.103;2843307.067;E;False; ; ;0; ; ; ; ; ; 
TRACK;1.11.49-5;-16.37468166;-71.49509956;-1938745.888;2843313.366;E;False; ; ;0; ; ; ; ; ; 
TRACK;1.11.49-6; ; ;-1.516416327;20763369.87;E; ; ; ; ; ; ; ; ; ; 
TRACK;1.11.49-6;-16.37439581;-71.49384965;-1938728.063;2843458.875;E;False; ; ;0; ; ; ; ; ; 
TRACK;1.11.49-6;-16.3746079;-71.49463724;-1938743.051;2843366.769;E;False; ; ;0; ; ; ; ; ; 
TRACK;1.11.49-6;-16.37488608;-71.49455129;-1938776.82;2843372.885;E;False; ; ;0; ; ; ; ; ; 
TRACK;1.11.49-6;-16.37468129;-71.4937656;-1938762.666;2843464.68;E;False; ; ;0; ; ; ; ; ; 
TRACK;1.11.49-7; ; ;-1.516416327;20763369.87;E; ; ; ; ; ; ; ; ; ; 
TRACK;1.11.49-7;-16.374048;-71.49394426;-1938686.004;2843452.687;E;False; ; ;0; ; ; ; ; ; 
TRACK;1.11.49-7;-16.37419145;-71.49438675;-1938697.278;2843400.622;E;False; ; ;0; ; ; ; ; ; 
TRACK;1.11.49-7;-16.37429844;-71.49448182;-1938708.651;2843388.441;E;False; ; ;0; ; ; ; ; ; 
TRACK;1.11.49-7;-16.37439895;-71.49470382;-1938717.661;2843361.946;E;False; ; ;0; ; ; ; ; ; 
TRACK;1.11.49-7;-16.37455553;-71.49465536;-1938736.669;2843365.399;E;False; ; ;0; ; ; ; ; ; 
TRACK;1.11.49-7;-16.37434337;-71.49386225;-1938721.743;2843458.131;E;False; ; ;0; ; ; ; ; ; 
TRACK;1.11.49-8; ; ;-1.516416327;20763369.87;E; ; ; ; ; ; ; ; ; ; 
TRACK;1.11.49-8;-16.37479709;-71.493533;-1938779.205;2843489.551;E;False; ; ;0; ; ; ; ; ; 
TRACK;1.11.49-8;-16.37487187;-71.49387868;-1938783.632;2843449.364;E;False; ; ;0; ; ; ; ; ; 
TRACK;1.11.49-8;-16.37476189;-71.49390444;-1938770.385;2843447.879;E;False; ; ;0; ; ; ; ; ; 
TRACK;1.11.49-8;-16.3749392;-71.49453836;-1938783.224;2843373.658;E;False; ; ;0; ; ; ; ; ; 
TRACK;1.11.49-8;-16.37518391;-71.4944608;-1938812.954;2843379.258;E;False; ; ;0; ; ; ; ; ; 
TRACK;1.11.49-8;-16.37488486;-71.49353179;-1938789.532;2843488.542;E;False; ; ;0; ; ; ; ; ; 
TRACK;1.11.50-1; ; ;-1.516416327;20763369.87;E; ; ; ; ; ; ; ; ; ; 
TRACK;1.11.50-1;-16.37312464;-71.49663335;-1938543.607;2843159.726;E;False; ; ;0; ; ; ; ; ; 
TRACK;1.11.50-1;-16.3727422;-71.49677374;-1938496.903;2843148.797;E;False; ; ;0; ; ; ; ; ; 
TRACK;1.11.50-1;-16.37305658;-71.49707409;-1938530.053;2843110.622;E;False; ; ;0; ; ; ; ; ; 
TRACK;1.11.50-1;-16.37331205;-71.49682709;-1938563.183;2843135.303;E;False; ; ;0; ; ; ; ; ; 
TRACK;1.11.50-2; ; ;-1.516416327;20763369.87;E; ; ; ; ; ; ; ; ; ; 
TRACK;1.11.50-2;-16.37320286;-71.49607738;-1938559.807;2843221.767;E;False; ; ;0; ; ; ; ; ; 
TRACK;1.11.50-2;-16.37294747;-71.49631849;-1938526.76;2843197.754;E;False; ; ;0; ; ; ; ; ; 
TRACK;1.11.50-2;-16.37335641;-71.49680779;-1938568.638;2843136.913;E;False; ; ;0; ; ; ; ; ; 
TRACK;1.11.50-2;-16.3736195;-71.49652869;-1938603.069;2843165.135;E;False; ; ;0; ; ; ; ; ; 
TRACK;1.11.50-3; ; ;-1.516416327;20763369.87;E; ; ; ; ; ; ; ; ; ; 
TRACK;1.11.50-3;-16.37271846;-71.49553769;-1938509.697;2843289.311;E;False; ; ;0; ; ; ; ; ; 
TRACK;1.11.50-3;-16.37253719;-71.49583683;-1938484.627;2843257.746;E;False; ; ;0; ; ; ; ; ; 
TRACK;1.11.50-3;-16.37292641;-71.49627683;-1938524.811;2843202.755;E;False; ; ;0; ; ; ; ; ; 
TRACK;1.11.50-3;-16.37317293;-71.4960375;-1938556.793;2843226.682;E;False; ; ;0; ; ; ; ; ; 
TRACK;1.11.50-4; ; ;-1.516416327;20763369.87;E; ; ; ; ; ; ; ; ; ; 
TRACK;1.11.50-4;-16.37297814;-71.49523029;-1938544.083;2843320.787;E;False; ; ;0; ; ; ; ; ; 
TRACK;1.11.50-4;-16.3728526;-71.49531436;-1938528.274;2843312.891;E;False; ; ;0; ; ; ; ; ; 
TRACK;1.11.50-4;-16.3727586;-71.49547865;-1938515.158;2843295.484;E;False; ; ;0; ; ; ; ; ; 
TRACK;1.11.50-4;-16.37344235;-71.49624225;-1938585.867;2843199.939;E;False; ; ;0; ; ; ; ; ; 
TRACK;1.11.50-4;-16.37366159;-71.49601054;-1938614.548;2843223.358;E;False; ; ;0; ; ; ; ; ; 
TRACK;1.11.50-5; ; ;-1.516416327;20763369.87;E; ; ; ; ; ; ; ; ; ; 
TRACK;1.11.50-5;-16.37339955;-71.49515163;-1938594.589;2843324.205;E;False; ; ;0; ; ; ; ; ; 
TRACK;1.11.50-5;-16.37304785;-71.49521483;-1938552.47;2843321.63;E;False; ; ;0; ; ; ; ; ; 
TRACK;1.11.50-5;-16.37370632;-71.49597165;-1938620.294;2843227.185;E;False; ; ;0; ; ; ; ; ; 
TRACK;1.11.50-5;-16.37394382;-71.49574282;-1938651.084;2843250.039;E;False; ; ;0; ; ; ; ; ; 
TRACK;1.11.50-6; ; ;-1.516416327;20763369.87;E; ; ; ; ; ; ; ; ; ; 
TRACK;1.11.50-6;-16.37396547;-71.49578154;-1938653.139;2843245.364;E;False; ; ;0; ; ; ; ; ; 
TRACK;1.11.50-6;-16.37373983;-71.49598239;-1938624.095;2843225.529;E;False; ; ;0; ; ; ; ; ; 
TRACK;1.11.50-6;-16.37385039;-71.49610485;-1938635.542;2843210.195;E;False; ; ;0; ; ; ; ; ; 
TRACK;1.11.50-6;-16.37413445;-71.49601398;-1938670.063;2843216.791;E;False; ; ;0; ; ; ; ; ; 
TRACK;1.11.50-7; ; ;-1.516416327;20763369.87;E; ; ; ; ; ; ; ; ; ; 
TRACK;1.11.50-7;-16.37460311;-71.49604974;-1938724.677;2843206.615;E;False; ; ;0; ; ; ; ; ; 
TRACK;1.11.50-7;-16.37457574;-71.49595647;-1938722.637;2843217.552;E;False; ; ;0; ; ; ; ; ; 
TRACK;1.11.50-7;-16.37391486;-71.49614736;-1938642.581;2843204.531;E;False; ; ;0; ; ; ; ; ; 
TRACK;1.11.50-7;-16.37400397;-71.49641294;-1938649.702;2843173.243;E;False; ; ;0; ; ; ; ; ; 
TRACK;1.11.50-7;-16.37440829;-71.49633574;-1938698.181;2843176.719;E;False; ; ;0; ; ; ; ; ; 
TRACK;1.11.50-8; ; ;-1.516416327;20763369.87;E; ; ; ; ; ; ; ; ; ; 
TRACK;1.11.50-8;-16.37446367;-71.49559871;-1938713.98;2843259.595;E;False; ; ;0; ; ; ; ; ; 
TRACK;1.11.50-8;-16.37400405;-71.49574526;-1938658.13;2843248.975;E;False; ; ;0; ; ; ; ; ; 
TRACK;1.11.50-8;-16.37417883;-71.49599196;-1938675.555;2843218.71;E;False; ; ;0; ; ; ; ; ; 
TRACK;1.11.50-8;-16.37455541;-71.49590786;-1938720.861;2843223.331;E;False; ; ;0; ; ; ; ; ; 
TRACK;1.11.50-9; ; ;-1.516416327;20763369.87;E; ; ; ; ; ; ; ; ; ; 
TRACK;1.11.50-9;-16.37435282;-71.49523254;-1938705.573;2843302.577;E;False; ; ;0; ; ; ; ; ; 
TRACK;1.11.50-9;-16.37371364;-71.49540325;-1938628.321;2843291.562;E;False; ; ;0; ; ; ; ; ; 
TRACK;1.11.50-9;-16.37394788;-71.49565961;-1938652.61;2843259.425;E;False; ; ;0; ; ; ; ; ; 
TRACK;1.11.50-9;-16.37444391;-71.49553965;-1938712.403;2843266.552;E;False; ; ;0; ; ; ; ; ; 
TRACK;1.11.50-10; ; ;-1.516416327;20763369.87;E; ; ; ; ; ; ; ; ; ; 
TRACK;1.11.50-10;-16.37350015;-71.49511216;-1938606.907;2843327.369;E;False; ; ;0; ; ; ; ; ; 
TRACK;1.11.50-10;-16.3736677;-71.49535965;-1938623.473;2843297.108;E;False; ; ;0; ; ; ; ; ; 
TRACK;1.11.50-10;-16.37433715;-71.49518477;-1938704.334;2843308.201;E;False; ; ;0; ; ; ; ; ; 
TRACK;1.11.50-10;-16.37424177;-71.49484351;-1938697.432;2843348.155;E;False; ; ;0; ; ; ; ; ; 
TRACK;1.11.51-1; ; ;-1.516416327;20763369.87;E; ; ; ; ; ; ; ; ; ; 
TRACK;1.11.51-1;-16.37700169;-71.49821626;-1938979.176;2842929.545;E;False; ; ;0; ; ; ; ; ; 
TRACK;1.11.51-1;-16.37696129;-71.49808273;-1938976.113;2842945.218;E;False; ; ;0; ; ; ; ; ; 
TRACK;1.11.51-1;-16.37662132;-71.49817463;-1938935.01;2842939.236;E;False; ; ;0; ; ; ; ; ; 
TRACK;1.11.51-1;-16.37667241;-71.49834035;-1938938.924;2842919.772;E;False; ; ;0; ; ; ; ; ; 
TRACK;1.11.51-2; ; ;-1.516416327;20763369.87;E; ; ; ; ; ; ; ; ; ; 
TRACK;1.11.51-2;-16.37694987;-71.49804239;-1938975.28;2842949.944;E;False; ; ;0; ; ; ; ; ; 
TRACK;1.11.51-2;-16.37687868;-71.49771144;-1938971.088;2842988.411;E;False; ; ;0; ; ; ; ; ; 
TRACK;1.11.51-2;-16.3765365;-71.49781777;-1938929.544;2842980.82;E;False; ; ;0; ; ; ; ; ; 
TRACK;1.11.51-2;-16.3766132;-71.49813506;-1938934.555;2842943.829;E;False; ; ;0; ; ; ; ; ; 
TRACK;1.11.51-3; ; ;-1.516416327;20763369.87;E; ; ; ; ; ; ; ; ; ; 
TRACK;1.11.51-3;-16.37661809;-71.49836732;-1938932.202;2842917.421;E;False; ; ;0; ; ; ; ; ; 
TRACK;1.11.51-3;-16.37648535;-71.49782519;-1938923.441;2842980.647;E;False; ; ;0; ; ; ; ; ; 
TRACK;1.11.51-3;-16.37619184;-71.49790488;-1938887.951;2842975.441;E;False; ; ;0; ; ; ; ; ; 
TRACK;1.11.51-3;-16.37633284;-71.49847584;-1938897.318;2842908.839;E;False; ; ;0; ; ; ; ; ; 
TRACK;1.11.51-4; ; ;-1.516416327;20763369.87;E; ; ; ; ; ; ; ; ; ; 
TRACK;1.11.51-4;-16.37629025;-71.49850012;-1938892.008;2842906.641;E;False; ; ;0; ; ; ; ; ; 
TRACK;1.11.51-4;-16.37614045;-71.4979155;-1938881.779;2842974.908;E;False; ; ;0; ; ; ; ; ; 
TRACK;1.11.51-4;-16.37584957;-71.49798502;-1938846.726;2842970.822;E;False; ; ;0; ; ; ; ; ; 
TRACK;1.11.51-4;-16.37598253;-71.49860736;-1938854.501;2842898.496;E;False; ; ;0; ; ; ; ; ; 
TRACK;1.11.51-5; ; ;-1.516416327;20763369.87;E; ; ; ; ; ; ; ; ; ; 
TRACK;1.11.51-5;-16.37594235;-71.49863072;-1938849.486;2842896.371;E;False; ; ;0; ; ; ; ; ; 
TRACK;1.11.51-5;-16.3758006;-71.49800141;-1938840.765;2842969.603;E;False; ; ;0; ; ; ; ; ; 
TRACK;1.11.51-5;-16.37551214;-71.49807537;-1938805.942;2842964.981;E;False; ; ;0; ; ; ; ; ; 
TRACK;1.11.51-5;-16.37562934;-71.49862049;-1938812.839;2842901.619;E;False; ; ;0; ; ; ; ; ; 
TRACK;1.11.51-5;-16.37572289;-71.49865825;-1938823.353;2842896.114;E;False; ; ;0; ; ; ; ; ; 
TRACK;1.11.51-6; ; ;-1.516416327;20763369.87;E; ; ; ; ; ; ; ; ; ; 
TRACK;1.11.51-6;-16.37552609;-71.49854762;-1938801.627;2842911.233;E;False; ; ;0; ; ; ; ; ; 
TRACK;1.11.51-6;-16.37556257;-71.49852325;-1938806.22;2842913.522;E;False; ; ;0; ; ; ; ; ; 
TRACK;1.11.51-6;-16.37545954;-71.49807173;-1938799.807;2842966.081;E;False; ; ;0; ; ; ; ; ; 
TRACK;1.11.51-6;-16.37504584;-71.49815238;-1938750.183;2842962.336;E;False; ; ;0; ; ; ; ; ; 
TRACK;1.11.51-6;-16.37509048;-71.49826455;-1938754.015;2842949.03;E;False; ; ;0; ; ; ; ; ; 
TRACK;1.11.51-7; ; ;-1.516416327;20763369.87;E; ; ; ; ; ; ; ; ; ; 
TRACK;1.11.51-7;-16.37543725;-71.49802107;-1938797.827;2842972.118;E;False; ; ;0; ; ; ; ; ; 
TRACK;1.11.51-7;-16.3753695;-71.49771753;-1938793.694;2843007.432;E;False; ; ;0; ; ; ; ; ; 
TRACK;1.11.51-7;-16.37499391;-71.49779958;-1938748.53;2843003.031;E;False; ; ;0; ; ; ; ; ; 
TRACK;1.11.51-7;-16.37505211;-71.49810687;-1938751.494;2842967.416;E;False; ; ;0; ; ; ; ; ; 
TRACK;1.11.51-8; ; ;-1.516416327;20763369.87;E; ; ; ; ; ; ; ; ; ; 
TRACK;1.11.51-8;-16.37579021;-71.49794256;-1938840.287;2842976.414;E;False; ; ;0; ; ; ; ; ; 
TRACK;1.11.51-8;-16.37612317;-71.49783619;-1938880.749;2842984.129;E;False; ; ;0; ; ; ; ; ; 
TRACK;1.11.51-8;-16.37603964;-71.4975556;-1938874.473;2843017.047;E;False; ; ;0; ; ; ; ; ; 
TRACK;1.11.51-8;-16.37570392;-71.49763388;-1938834.041;2843012.552;E;False; ; ;0; ; ; ; ; ; 
TRACK;1.11.51-8;-16.37542299;-71.49770414;-1938800.147;2843008.252;E;False; ; ;0; ; ; ; ; ; 
TRACK;1.11.51-8;-16.37549255;-71.49800829;-1938804.485;2842972.845;E;False; ; ;0; ; ; ; ; ; 
TRACK;1.11.51-9; ; ;-1.516416327;20763369.87;E; ; ; ; ; ; ; ; ; ; 
TRACK;1.11.51-9;-16.37686773;-71.49766351;-1938970.407;2842993.991;E;False; ; ;0; ; ; ; ; ; 
TRACK;1.11.51-9;-16.37679541;-71.49733947;-1938965.995;2843031.69;E;False; ; ;0; ; ; ; ; ; 
TRACK;1.11.51-9;-16.3760983;-71.49753196;-1938881.663;2843018.962;E;False; ; ;0; ; ; ; ; ; 
TRACK;1.11.51-9;-16.37618434;-71.49784946;-1938887.768;2842981.826;E;False; ; ;0; ; ; ; ; ; 
TRACK;1.11.51-10; ; ;-1.516416327;20763369.87;E; ; ; ; ; ; ; ; ; ; 
TRACK;1.11.51-10;-16.37675158;-71.49729094;-1938961.458;2843037.767;E;False; ; ;0; ; ; ; ; ; 
TRACK;1.11.51-10;-16.37668049;-71.49702383;-1938956.473;2843068.993;E;False; ; ;0; ; ; ; ; ; 
TRACK;1.11.51-10;-16.37603382;-71.4972118;-1938878.124;2843056.118;E;False; ; ;0; ; ; ; ; ; 
TRACK;1.11.51-10;-16.37608883;-71.49747987;-1938881.207;2843024.994;E;False; ; ;0; ; ; ; ; ; 
TRACK;1.11.51-11; ; ;-1.516416327;20763369.87;E; ; ; ; ; ; ; ; ; ; 
TRACK;1.11.51-11;-16.37656753;-71.49699459;-1938943.57;2843073.784;E;False; ; ;0; ; ; ; ; ; 
TRACK;1.11.51-11;-16.37653185;-71.49684581;-1938941.254;2843091.126;E;False; ; ;0; ; ; ; ; ; 
TRACK;1.11.51-11;-16.37636104;-71.49669435;-1938923.095;2843110.537;E;False; ; ;0; ; ; ; ; ; 
TRACK;1.11.51-11;-16.37595384;-71.49681173;-1938873.771;2843102.542;E;False; ; ;0; ; ; ; ; ; 
TRACK;1.11.51-11;-16.37601736;-71.49715375;-1938876.922;2843062.918;E;False; ; ;0; ; ; ; ; ; 
TRACK;1.11.51-12; ; ;-1.516416327;20763369.87;E; ; ; ; ; ; ; ; ; ; 
TRACK;1.11.51-12;-16.37624826;-71.49667316;-1938910.111;2843114.413;E;False; ; ;0; ; ; ; ; ; 
TRACK;1.11.51-12;-16.37620231;-71.49649111;-1938907.008;2843135.663;E;False; ; ;0; ; ; ; ; ; 
TRACK;1.11.51-12;-16.3758937;-71.49633932;-1938872.662;2843156.912;E;False; ; ;0; ; ; ; ; ; 
TRACK;1.11.51-12;-16.37584058;-71.49635759;-1938866.191;2843155.533;E;False; ; ;0; ; ; ; ; ; 
TRACK;1.11.51-12;-16.37593294;-71.49676066;-1938871.959;2843108.607;E;False; ; ;0; ; ; ; ; ; 
TRACK;1.11.51-14; ; ;-1.516416327;20763369.87;E; ; ; ; ; ; ; ; ; ; 
TRACK;1.11.51-14;-16.37515155;-71.4977037;-1938768.261;2843011.847;E;False; ; ;0; ; ; ; ; ; 
TRACK;1.11.51-14;-16.37505687;-71.49741093;-1938760.828;2843046.292;E;False; ; ;0; ; ; ; ; ; 
TRACK;1.11.51-14;-16.37512724;-71.49705202;-1938773.621;2843086.083;E;False; ; ;0; ; ; ; ; ; 
TRACK;1.11.51-14;-16.37481441;-71.49712995;-1938735.883;2843081.329;E;False; ; ;0; ; ; ; ; ; 
TRACK;1.11.51-14;-16.37496873;-71.49774231;-1938746.294;2843009.856;E;False; ; ;0; ; ; ; ; ; 
TRACK;1.11.51-15; ; ;-1.516416327;20763369.87;E; ; ; ; ; ; ; ; ; ; 
TRACK;1.11.51-15;-16.37513569;-71.49698751;-1938775.428;2843093.29;E;False; ; ;0; ; ; ; ; ; 
TRACK;1.11.51-15;-16.37519596;-71.4966424;-1938786.861;2843131.647;E;False; ; ;0; ; ; ; ; ; 
TRACK;1.11.51-15;-16.37473512;-71.49676116;-1938731.217;2843124.196;E;False; ; ;0; ; ; ; ; ; 
TRACK;1.11.51-15;-16.37480574;-71.49706675;-1938735.661;2843088.611;E;False; ; ;0; ; ; ; ; ; 
TRACK;1.11.51-16; ; ;-1.516416327;20763369.87;E; ; ; ; ; ; ; ; ; ; 
TRACK;1.11.51-16;-16.37521695;-71.49657531;-1938790.173;2843138.983;E;False; ; ;0; ; ; ; ; ; 
TRACK;1.11.51-16;-16.37528193;-71.49627006;-1938801.656;2843172.758;E;False; ; ;0; ; ; ; ; ; 
TRACK;1.11.51-16;-16.37526988;-71.49621674;-1938800.913;2843178.964;E;False; ; ;0; ; ; ; ; ; 
TRACK;1.11.51-16;-16.37463385;-71.49637804;-1938724.149;2843168.974;E;False; ; ;0; ; ; ; ; ; 
TRACK;1.11.51-16;-16.37472414;-71.49670379;-1938730.651;2843130.846;E;False; ; ;0; ; ; ; ; ; 
TRACK;1.11.51-17; ; ;-1.516416327;20763369.87;E; ; ; ; ; ; ; ; ; ; 
TRACK;1.11.51-17;-16.37465733;-71.49672205;-1938722.571;2843129.648;E;False; ; ;0; ; ; ; ; ; 
TRACK;1.11.51-17;-16.37458459;-71.49640475;-1938718.024;2843166.589;E;False; ; ;0; ; ; ; ; ; 
TRACK;1.11.51-17;-16.37437075;-71.49646275;-1938692.168;2843162.803;E;False; ; ;0; ; ; ; ; ; 
TRACK;1.11.51-17;-16.37434599;-71.49659395;-1938687.605;2843148.244;E;False; ; ;0; ; ; ; ; ; 
TRACK;1.11.51-17;-16.37438633;-71.49679229;-1938689.844;2843125.22;E;False; ; ;0; ; ; ; ; ; 
TRACK;1.11.51-18; ; ;-1.516416327;20763369.87;E; ; ; ; ; ; ; ; ; ; 
TRACK;1.11.51-18;-16.37474388;-71.49708748;-1938728.132;2843087.068;E;False; ; ;0; ; ; ; ; ; 
TRACK;1.11.51-18;-16.37467142;-71.49677649;-1938723.539;2843123.288;E;False; ; ;0; ; ; ; ; ; 
TRACK;1.11.51-18;-16.37439016;-71.49684863;-1938689.583;2843118.78;E;False; ; ;0; ; ; ; ; ; 
TRACK;1.11.51-18;-16.37445623;-71.49715967;-1938693.424;2843082.636;E;False; ; ;0; ; ; ; ; ; 
TRACK;1.11.51-19; ; ;-1.516416327;20763369.87;E; ; ; ; ; ; ; ; ; ; 
TRACK;1.11.51-19;-16.37491634;-71.49775598;-1938739.966;2843008.989;E;False; ; ;0; ; ; ; ; ; 
TRACK;1.11.51-19;-16.37476056;-71.49714205;-1938729.404;2843080.66;E;False; ; ;0; ; ; ; ; ; 
TRACK;1.11.51-19;-16.37446695;-71.49721587;-1938693.976;2843076.121;E;False; ; ;0; ; ; ; ; ; 
TRACK;1.11.51-19;-16.37463154;-71.49783263;-1938705.537;2843004.014;E;False; ; ;0; ; ; ; ; ; 
TRACK;1.11.51-20; ; ;-1.516416327;20763369.87;E; ; ; ; ; ; ; ; ; ; 
TRACK;1.11.51-20;-16.37480964;-71.49812202;-1938722.814;2842968.865;E;False; ; ;0; ; ; ; ; ; 
TRACK;1.11.51-20;-16.37505532;-71.49826158;-1938749.921;2842949.826;E;False; ; ;0; ; ; ; ; ; 
TRACK;1.11.51-20;-16.37492769;-71.49781728;-1938740.527;2843001.888;E;False; ; ;0; ; ; ; ; ; 
TRACK;1.11.51-20;-16.37466731;-71.49788212;-1938709.117;2842997.933;E;False; ; ;0; ; ; ; ; ; 
TRACK;1.11.51-20;-16.37474303;-71.49804676;-1938715.937;2842978.27;E;False; ; ;0; ; ; ; ; ; 
TRACK;1.11.54-4; ; ;-1.516416327;20763369.87;E; ; ; ; ; ; ; ; ; ; 
TRACK;1.11.54-4;-16.37323019;-71.49844949;-1938533.111;2842952.347;E;False; ; ;0; ; ; ; ; ; 
TRACK;1.11.54-4;-16.3734736;-71.49819562;-1938564.911;2842977.964;E;False; ; ;0; ; ; ; ; ; 
TRACK;1.11.54-4;-16.37278581;-71.49747279;-1938493.213;2843068.935;E;False; ; ;0; ; ; ; ; ; 
TRACK;1.11.54-4;-16.37254336;-71.49772644;-1938461.529;2843043.33;E;False; ; ;0; ; ; ; ; ; 
TRACK;1.11.54-12; ; ;-1.516416327;20763369.87;E; ; ; ; ; ; ; ; ; ; 
TRACK;1.11.54-12;-16.37302495;-71.49712899;-1938525.645;2843104.808;E;False; ; ;0; ; ; ; ; ; 
TRACK;1.11.54-12;-16.37270757;-71.49682149;-1938492.232;2843143.832;E;False; ; ;0; ; ; ; ; ; 
TRACK;1.11.54-12;-16.37264059;-71.49678164;-1938484.864;2843149.228;E;False; ; ;0; ; ; ; ; ; 
TRACK;1.11.54-12;-16.37237917;-71.49674443;-1938454.618;2843156.862;E;False; ; ;0; ; ; ; ; ; 
TRACK;1.11.54-12;-16.3722497;-71.49675175;-1938439.313;2843157.723;E;False; ; ;0; ; ; ; ; ; 
TRACK;1.11.54-12;-16.37219704;-71.49681111;-1938432.378;2843151.677;E;False; ; ;0; ; ; ; ; ; 
TRACK;1.11.54-12;-16.37279674;-71.49737858;-1938495.685;2843079.478;E;False; ; ;0; ; ; ; ; ; 
TRACK;1.11.54-13; ; ;-1.516416327;20763369.87;E; ; ; ; ; ; ; ; ; ; 
TRACK;1.11.54-13;-16.3738449;-71.49833245;-1938606.811;2842957.595;E;False; ; ;0; ; ; ; ; ; 
TRACK;1.11.54-13;-16.37397322;-71.4980456;-1938625.504;2842988.455;E;False; ; ;0; ; ; ; ; ; 
TRACK;1.11.54-13;-16.3738219;-71.49798085;-1938608.542;2842997.776;E;False; ; ;0; ; ; ; ; ; 
TRACK;1.11.54-13;-16.37307402;-71.49717745;-1938530.799;2843098.67;E;False; ; ;0; ; ; ; ; ; 
TRACK;1.11.54-13;-16.37283081;-71.49742586;-1938499.092;2843073.67;E;False; ; ;0; ; ; ; ; ; 
TRACK;1.11.54-13;-16.37352974;-71.4981589;-1938571.97;2842981.396;E;False; ; ;0; ; ; ; ; ; 
TRACK;1.11.54-13;-16.37371438;-71.4985072;-1938589.273;2842939.478;E;False; ; ;0; ; ; ; ; ; 
TRACK;1.11.54-14; ; ;-1.516416327;20763369.87;E; ; ; ; ; ; ; ; ; ; 
TRACK;1.11.54-14;-16.37384502;-71.49741989;-1938618.331;2843061.102;E;False; ; ;0; ; ; ; ; ; 
TRACK;1.11.54-14;-16.37334983;-71.49689147;-1938566.811;2843127.508;E;False; ; ;0; ; ; ; ; ; 
TRACK;1.11.54-14;-16.37312861;-71.49713847;-1938537.705;2843102.38;E;False; ; ;0; ; ; ; ; ; 
TRACK;1.11.54-14;-16.3738276;-71.49789479;-1938610.296;2843007.463;E;False; ; ;0; ; ; ; ; ; 
TRACK;1.11.54-14;-16.37390629;-71.49795575;-1938618.773;2842999.521;E;False; ; ;0; ; ; ; ; ; 
TRACK;1.11.54-14;-16.37399351;-71.49799367;-1938628.543;2842994.081;E;False; ; ;0; ; ; ; ; ; 
TRACK;1.11.54-14;-16.37413676;-71.49771921;-1938648.835;2843023.341;E;False; ; ;0; ; ; ; ; ; 
TRACK;1.11.54-15; ; ;-1.516416327;20763369.87;E; ; ; ; ; ; ; ; ; ; 
TRACK;1.11.54-15;-16.37417492;-71.49762164;-1938654.548;2843033.91;E;False; ; ;0; ; ; ; ; ; 
TRACK;1.11.54-15;-16.37417274;-71.49718986;-1938659.736;2843082.915;E;False; ; ;0; ; ; ; ; ; 
TRACK;1.11.54-15;-16.37363068;-71.49659942;-1938603.491;2843156.966;E;False; ; ;0; ; ; ; ; ; 
TRACK;1.11.54-15;-16.37338993;-71.49685423;-1938571.992;2843131.208;E;False; ; ;0; ; ; ; ; ; 
TRACK;1.11.54-15;-16.37414575;-71.49764166;-1938650.868;2843032.02;E;False; ; ;0; ; ; ; ; ; 
TRACK;1.11.57-3; ; ;-1.516416327;20763369.87;E; ; ; ; ; ; ; ; ; ; 
TRACK;1.11.57-3;-16.37262364;-71.49671083;-1938483.765;2843157.481;E;False; ; ;0; ; ; ; ; ; 
TRACK;1.11.57-3;-16.37280486;-71.49669413;-1938505.268;2843157.009;E;False; ; ;0; ; ; ; ; ; 
TRACK;1.11.57-3;-16.37295077;-71.49664669;-1938523.01;2843160.484;E;False; ; ;0; ; ; ; ; ; 
TRACK;1.11.57-3;-16.37301194;-71.49659497;-1938530.849;2843165.552;E;False; ; ;0; ; ; ; ; ; 
TRACK;1.11.57-3;-16.37300788;-71.49649841;-1938531.59;2843176.557;E;False; ; ;0; ; ; ; ; ; 
TRACK;1.11.57-3;-16.37294665;-71.49639039;-1938525.757;2843189.609;E;False; ; ;0; ; ; ; ; ; 
TRACK;1.11.57-3;-16.37251689;-71.4959111;-1938481.305;2843249.587;E;False; ; ;0; ; ; ; ; ; 
TRACK;1.11.57-3;-16.37238016;-71.49572141;-1938467.632;2843272.889;E;False; ; ;0; ; ; ; ; ; 
TRACK;1.11.57-3;-16.37212423;-71.49580834;-1938436.466;2843266.371;E;False; ; ;0; ; ; ; ; ; 
TRACK;1.11.57-3;-16.37179069;-71.49528462;-1938403.879;2843330.133;E;False; ; ;0; ; ; ; ; ; 
TRACK;1.11.57-3;-16.37169609;-71.49516519;-1938394.27;2843344.916;E;False; ; ;0; ; ; ; ; ; 
TRACK;1.11.57-3;-16.37154909;-71.49523227;-1938376.152;2843339.226;E;False; ; ;0; ; ; ; ; ; 
TRACK;1.11.57-3;-16.37168004;-71.49543064;-1938389.038;2843315.014;E;False; ; ;0; ; ; ; ; ; 
TRACK;1.11.57-3;-16.3724393;-71.49667993;-1938462.496;2843163.393;E;False; ; ;0; ; ; ; ; ; 
TRACK;1.11.58-1; ; ;-1.516416327;20763369.87;E; ; ; ; ; ; ; ; ; ; 
TRACK;1.11.58-1;-16.37427801;-71.49462513;-1938704.443;2843372.452;E;False; ; ;0; ; ; ; ; ; 
TRACK;1.11.58-1;-16.37402316;-71.49432355;-1938678.302;2843409.989;E;False; ; ;0; ; ; ; ; ; 
TRACK;1.11.58-1;-16.37395126;-71.49436228;-1938669.366;2843406.535;E;False; ; ;0; ; ; ; ; ; 
TRACK;1.11.58-1;-16.37411466;-71.49476424;-1938683.496;2843358.807;E;False; ; ;0; ; ; ; ; ; 
TRACK;1.11.58-1;-16.37423394;-71.49471403;-1938698.144;2843362.944;E;False; ; ;0; ; ; ; ; ; 
TRACK;1.11.58-2; ; ;-1.516416327;20763369.87;E; ; ; ; ; ; ; ; ; ; 
TRACK;1.11.58-2;-16.37360649;-71.49446322;-1938627.584;2843399.589;E;False; ; ;0; ; ; ; ; ; 
TRACK;1.11.58-2;-16.37377129;-71.49489424;-1938641.512;2843348.546;E;False; ; ;0; ; ; ; ; ; 
TRACK;1.11.58-2;-16.37406414;-71.49477849;-1938677.381;2843357.85;E;False; ; ;0; ; ; ; ; ; 
TRACK;1.11.58-2;-16.37392373;-71.49434382;-1938666.364;2843408.989;E;False; ; ;0; ; ; ; ; ; 
TRACK;1.11.58-3; ; ;-1.516416327;20763369.87;E; ; ; ; ; ; ; ; ; ; 
TRACK;1.11.58-3;-16.37326819;-71.49461423;-1938585.932;2843386.879;E;False; ; ;0; ; ; ; ; ; 
TRACK;1.11.58-3;-16.37343652;-71.49505175;-1938600.192;2843335.052;E;False; ; ;0; ; ; ; ; ; 
TRACK;1.11.58-3;-16.37372097;-71.49492226;-1938635.247;2843346.025;E;False; ; ;0; ; ; ; ; ; 
TRACK;1.11.58-3;-16.37356483;-71.4944871;-1938622.389;2843397.424;E;False; ; ;0; ; ; ; ; ; 
TRACK;1.11.58-4; ; ;-1.516416327;20763369.87;E; ; ; ; ; ; ; ; ; ; 
TRACK;1.11.58-4;-16.37304726;-71.49470448;-1938558.835;2843379.527;E;False; ; ;0; ; ; ; ; ; 
TRACK;1.11.58-4;-16.37293329;-71.49473239;-1938545.092;2843377.849;E;False; ; ;0; ; ; ; ; ; 
TRACK;1.11.58-4;-16.37307237;-71.4951056;-1938556.728;2843333.7;E;False; ; ;0; ; ; ; ; ; 
TRACK;1.11.58-4;-16.3733905;-71.49506097;-1938594.669;2843334.607;E;False; ; ;0; ; ; ; ; ; 
TRACK;1.11.58-4;-16.37324023;-71.49462802;-1938582.472;2843385.679;E;False; ; ;0; ; ; ; ; ; 
TRACK;1.11.58-5; ; ;-1.516416327;20763369.87;E; ; ; ; ; ; ; ; ; ; 
TRACK;1.11.58-5;-16.37259539;-71.49488234;-1938503.5;2843365.255;E;False; ; ;0; ; ; ; ; ; 
TRACK;1.11.58-5;-16.37275593;-71.4952799;-1938517.35;2843318.063;E;False; ; ;0; ; ; ; ; ; 
TRACK;1.11.58-5;-16.37288037;-71.49514929;-1938533.618;2843331.252;E;False; ; ;0; ; ; ; ; ; 
TRACK;1.11.58-5;-16.37302074;-71.49510407;-1938550.681;2843334.548;E;False; ; ;0; ; ; ; ; ; 
TRACK;1.11.58-5;-16.37290481;-71.49474713;-1938541.56;2843376.55;E;False; ; ;0; ; ; ; ; ; 
TRACK;1.11.58-6; ; ;-1.516416327;20763369.87;E; ; ; ; ; ; ; ; ; ; 
TRACK;1.11.58-6;-16.37272004;-71.49533192;-1938512.477;2843312.631;E;False; ; ;0; ; ; ; ; ; 
TRACK;1.11.58-6;-16.37255892;-71.4948763;-1938499.291;2843366.416;E;False; ; ;0; ; ; ; ; ; 
TRACK;1.11.58-6;-16.3722523;-71.49502942;-1938461.333;2843353.051;E;False; ; ;0; ; ; ; ; ; 
TRACK;1.11.58-6;-16.3724868;-71.4956419;-1938481.164;2843280.515;E;False; ; ;0; ; ; ; ; ; 
TRACK;1.11.58-6;-16.37257818;-71.49558915;-1938492.566;2843285.305;E;False; ; ;0; ; ; ; ; ; 
TRACK;1.11.58-7; ; ;-1.516416327;20763369.87;E; ; ; ; ; ; ; ; ; ; 
TRACK;1.11.58-7;-16.37205831;-71.4952082;-1938436.287;2843335.306;E;False; ; ;0; ; ; ; ; ; 
TRACK;1.11.58-7;-16.37199546;-71.49537578;-1938426.789;2843317.118;E;False; ; ;0; ; ; ; ; ; 
TRACK;1.11.58-7;-16.3721544;-71.4957557;-1938440.674;2843271.949;E;False; ; ;0; ; ; ; ; ; 
TRACK;1.11.58-7;-16.37240288;-71.49566172;-1938471.054;2843279.363;E;False; ; ;0; ; ; ; ; ; 
TRACK;1.11.58-7;-16.37221619;-71.49515056;-1938455.563;2843339.782;E;False; ; ;0; ; ; ; ; ; 
TRACK;1.11.58-8; ; ;-1.516416327;20763369.87;E; ; ; ; ; ; ; ; ; ; 
TRACK;1.11.58-8;-16.37195945;-71.49487097;-1938428.923;2843374.85;E;False; ; ;0; ; ; ; ; ; 
TRACK;1.11.58-8;-16.37207393;-71.49517207;-1938438.578;2843339.2;E;False; ; ;0; ; ; ; ; ; 
TRACK;1.11.58-8;-16.37219817;-71.49512046;-1938453.825;2843343.432;E;False; ; ;0; ; ; ; ; ; 
TRACK;1.11.58-8;-16.37210319;-71.49481666;-1938446.497;2843379.133;E;False; ; ;0; ; ; ; ; ; 
TRACK;1.11.58-9; ; ;-1.516416327;20763369.87;E; ; ; ; ; ; ; ; ; ; 
TRACK;1.11.58-9;-16.37173389;-71.4947306;-1938404.19;2843393.718;E;False; ; ;0; ; ; ; ; ; 
TRACK;1.11.58-9;-16.37179003;-71.49487822;-1938408.925;2843376.24;E;False; ; ;0; ; ; ; ; ; 
TRACK;1.11.58-9;-16.37209019;-71.49479072;-1938445.296;2843382.245;E;False; ; ;0; ; ; ; ; ; 
TRACK;1.11.58-9;-16.37204331;-71.49461795;-1938441.967;2843402.455;E;False; ; ;0; ; ; ; ; ; 
TRACK;1.11.58-10; ; ;-1.516416327;20763369.87;E; ; ; ; ; ; ; ; ; ; 
TRACK;1.11.58-10;-16.37245967;-71.49460489;-1938491.051;2843398.498;E;False; ; ;0; ; ; ; ; ; 
TRACK;1.11.58-10;-16.37251647;-71.49450239;-1938499.018;2843409.383;E;False; ; ;0; ; ; ; ; ; 
TRACK;1.11.58-10;-16.3724345;-71.49397816;-1938495.996;2843469.917;E;False; ; ;0; ; ; ; ; ; 
TRACK;1.11.58-10;-16.37210877;-71.49404199;-1938456.919;2843466.931;E;False; ; ;0; ; ; ; ; ; 
TRACK;1.11.58-10;-16.3721799;-71.49451185;-1938459.353;2843412.705;E;False; ; ;0; ; ; ; ; ; 
TRACK;1.11.58-10;-16.37212797;-71.49462884;-1938451.776;2843400.114;E;False; ; ;0; ; ; ; ; ; 
TRACK;1.11.58-10;-16.37223777;-71.49496511;-1938460.437;2843360.537;E;False; ; ;0; ; ; ; ; ; 
TRACK;1.11.58-10;-16.3725341;-71.49483045;-1938496.953;2843371.941;E;False; ; ;0; ; ; ; ; ; 
TRACK;1.11.58-10;-16.37246049;-71.49461048;-1938491.078;2843397.853;E;False; ; ;0; ; ; ; ; ; 
TRACK;1.11.58-11; ; ;-1.516416327;20763369.87;E; ; ; ; ; ; ; ; ; ; 
TRACK;1.11.58-11;-16.37293798;-71.49449836;-1938548.595;2843404.335;E;False; ; ;0; ; ; ; ; ; 
TRACK;1.11.58-11;-16.37284712;-71.49391935;-1938545.219;2843471.198;E;False; ; ;0; ; ; ; ; ; 
TRACK;1.11.58-11;-16.37251482;-71.49396975;-1938505.54;2843469.822;E;False; ; ;0; ; ; ; ; ; 
TRACK;1.11.58-11;-16.3726008;-71.49451084;-1938508.819;2843407.323;E;False; ; ;0; ; ; ; ; ; 
TRACK;1.11.58-11;-16.37250997;-71.494613;-1938496.859;2843396.921;E;False; ; ;0; ; ; ; ; ; 
TRACK;1.11.58-11;-16.3725832;-71.4948318;-1938502.705;2843371.147;E;False; ; ;0; ; ; ; ; ; 
TRACK;1.11.58-11;-16.37271247;-71.49476371;-1938518.752;2843377.181;E;False; ; ;0; ; ; ; ; ; 
TRACK;1.11.58-11;-16.37291485;-71.49469863;-1938543.351;2843381.92;E;False; ; ;0; ; ; ; ; ; 
TRACK;1.11.58-11;-16.37320949;-71.49457559;-1938579.521;2843392.028;E;False; ; ;0; ; ; ; ; ; 
TRACK;1.11.58-11;-16.37315554;-71.49441582;-1938575.197;2843410.856;E;False; ; ;0; ; ; ; ; ; 
TRACK;1.11.58-12; ; ;-1.516416327;20763369.87;E; ; ; ; ; ; ; ; ; ; 
TRACK;1.11.58-12;-16.37317344;-71.49436261;-1938577.971;2843416.657;E;False; ; ;0; ; ; ; ; ; 
TRACK;1.11.58-12;-16.37324583;-71.49457446;-1938583.806;2843391.682;E;False; ; ;0; ; ; ; ; ; 
TRACK;1.11.58-12;-16.37354533;-71.4944323;-1938620.788;2843403.895;E;False; ; ;0; ; ; ; ; ; 
TRACK;1.11.58-12;-16.37345389;-71.49421044;-1938612.841;2843430.255;E;False; ; ;0; ; ; ; ; ; 
TRACK;1.11.58-13; ; ;-1.516416327;20763369.87;E; ; ; ; ; ; ; ; ; ; 
TRACK;1.11.58-13;-16.37371117;-71.49416925;-1938643.59;2843431.566;E;False; ; ;0; ; ; ; ; ; 
TRACK;1.11.58-13;-16.37357437;-71.49404368;-1938629.101;2843447.597;E;False; ; ;0; ; ; ; ; ; 
TRACK;1.11.58-13;-16.37346718;-71.49411948;-1938615.55;2843440.399;E;False; ; ;0; ; ; ; ; ; 
TRACK;1.11.58-13;-16.37358796;-71.4944292;-1938625.836;2843403.69;E;False; ; ;0; ; ; ; ; ; 
TRACK;1.11.58-13;-16.37391114;-71.49428756;-1938665.594;2843415.535;E;False; ; ;0; ; ; ; ; ; 
TRACK;1.11.58-13;-16.37385434;-71.49422084;-1938659.762;2843423.844;E;False; ; ;0; ; ; ; ; ; 
TRACK;1.11.58-14; ; ;-1.516416327;20763369.87;E; ; ; ; ; ; ; ; ; ; 
TRACK;1.11.58-14;-16.3729176;-71.49389494;-1938553.808;2843473.047;E;False; ; ;0; ; ; ; ; ; 
TRACK;1.11.58-14;-16.37300147;-71.49436692;-1938557.711;2843418.415;E;False; ; ;0; ; ; ; ; ; 
TRACK;1.11.58-14;-16.37319691;-71.49431811;-1938581.289;2843421.398;E;False; ; ;0; ; ; ; ; ; 
TRACK;1.11.58-14;-16.37337086;-71.49421921;-1938602.975;2843430.344;E;False; ; ;0; ; ; ; ; ; 
TRACK;1.11.58-14;-16.37316892;-71.49384188;-1938584.007;2843475.782;E;False; ; ;0; ; ; ; ; ; 
TRACK;1.11.58-16; ; ;-1.516416327;20763369.87;E; ; ; ; ; ; ; ; ; ; 
TRACK;1.11.58-16;-16.37241398;-71.49332119;-1938501.87;2843544.706;E;False; ; ;0; ; ; ; ; ; 
TRACK;1.11.58-16;-16.37250203;-71.49388974;-1938505.046;2843479.065;E;False; ; ;0; ; ; ; ; ; 
TRACK;1.11.58-16;-16.37282893;-71.49383816;-1938544.106;2843480.646;E;False; ; ;0; ; ; ; ; ; 
TRACK;1.11.58-16;-16.37274559;-71.49328381;-1938541.304;2843544.614;E;False; ; ;0; ; ; ; ; ; 
TRACK;1.11.58-17; ; ;-1.516416327;20763369.87;E; ; ; ; ; ; ; ; ; ; 
TRACK;1.11.58-17;-16.37200392;-71.49339426;-1938452.768;2843541.773;E;False; ; ;0; ; ; ; ; ; 
TRACK;1.11.58-17;-16.37209214;-71.49397001;-1938455.873;2843475.313;E;False; ; ;0; ; ; ; ; ; 
TRACK;1.11.58-17;-16.37242147;-71.49391073;-1938495.316;2843477.736;E;False; ; ;0; ; ; ; ; ; 
TRACK;1.11.58-17;-16.37233657;-71.49333933;-1938492.545;2843543.66;E;False; ; ;0; ; ; ; ; ; 
TRACK;1.11.58-18; ; ;-1.516416327;20763369.87;E; ; ; ; ; ; ; ; ; ; 
TRACK;1.11.58-18;-16.37159683;-71.49346156;-1938404.088;2843539.457;E;False; ; ;0; ; ; ; ; ; 
TRACK;1.11.58-18;-16.3716805;-71.49403075;-1938406.742;2843473.8;E;False; ; ;0; ; ; ; ; ; 
TRACK;1.11.58-18;-16.37200692;-71.49397733;-1938445.768;2843475.596;E;False; ; ;0; ; ; ; ; ; 
TRACK;1.11.58-18;-16.37193155;-71.4934081;-1938444.09;2843541.149;E;False; ; ;0; ; ; ; ; ; 
TRACK;1.11.58-19; ; ;-1.516416327;20763369.87;E; ; ; ; ; ; ; ; ; ; 
TRACK;1.11.58-19;-16.37117784;-71.49352455;-1938354.063;2843537.783;E;False; ; ;0; ; ; ; ; ; 
TRACK;1.11.58-19;-16.37127931;-71.49411537;-1938358.536;2843469.441;E;False; ; ;0; ; ; ; ; ; 
TRACK;1.11.58-19;-16.37127264;-71.49411523;-1938357.754;2843469.543;E;False; ; ;0; ; ; ; ; ; 
TRACK;1.11.58-19;-16.37160065;-71.49403807;-1938397.267;2843474.013;E;False; ; ;0; ; ; ; ; ; 
TRACK;1.11.58-19;-16.37151606;-71.49346869;-1938394.507;2843539.703;E;False; ; ;0; ; ; ; ; ; 
TRACK;1.11.58-20; ; ;-1.516416327;20763369.87;E; ; ; ; ; ; ; ; ; ; 
TRACK;1.11.58-20;-16.37076767;-71.49359863;-1938304.936;2843534.738;E;False; ; ;0; ; ; ; ; ; 
TRACK;1.11.58-20;-16.37085653;-71.49417069;-1938308.163;2843468.687;E;False; ; ;0; ; ; ; ; ; 
TRACK;1.11.58-20;-16.37119873;-71.49411705;-1938349.047;2843470.303;E;False; ; ;0; ; ; ; ; ; 
TRACK;1.11.58-20;-16.37110418;-71.49354365;-1938345.168;2843536.579;E;False; ; ;0; ; ; ; ; ; 
TRACK;1.11.58-21; ; ;-1.516416327;20763369.87;E; ; ; ; ; ; ; ; ; ; 
TRACK;1.11.58-21;-16.37035269;-71.49366514;-1938255.338;2843532.613;E;False; ; ;0; ; ; ; ; ; 
TRACK;1.11.58-21;-16.37044695;-71.49423287;-1938259.255;2843466.983;E;False; ; ;0; ; ; ; ; ; 
TRACK;1.11.58-21;-16.37078115;-71.49417011;-1938299.314;2843469.738;E;False; ; ;0; ; ; ; ; ; 
TRACK;1.11.58-21;-16.37070255;-71.4936045;-1938297.21;2843534.922;E;False; ; ;0; ; ; ; ; ; 
TRACK;1.11.58-22; ; ;-1.516416327;20763369.87;E; ; ; ; ; ; ; ; ; ; 
TRACK;1.11.58-22;-16.37017191;-71.49403004;-1938229.497;2843493.582;E;False; ; ;0; ; ; ; ; ; 
TRACK;1.11.58-22;-16.37010658;-71.49414994;-1938220.309;2843480.835;E;False; ; ;0; ; ; ; ; ; 
TRACK;1.11.58-22;-16.37006986;-71.49430028;-1938214.1;2843464.262;E;False; ; ;0; ; ; ; ; ; 
TRACK;1.11.58-22;-16.37037211;-71.49425365;-1938250.2;2843465.603;E;False; ; ;0; ; ; ; ; ; 
TRACK;1.11.58-22;-16.37027761;-71.49372872;-1938245.716;2843526.382;E;False; ; ;0; ; ; ; ; ; 
TRACK;1.11.58-23; ; ;-1.516416327;20763369.87;E; ; ; ; ; ; ; ; ; ; 
TRACK;1.11.58-23;-16.37017302;-71.49369666;-1938233.83;2843531.384;E;False; ; ;0; ; ; ; ; ; 
TRACK;1.11.58-23;-16.36972858;-71.49377909;-1938180.571;2843527.838;E;False; ; ;0; ; ; ; ; ; 
TRACK;1.11.58-23;-16.36931651;-71.49383956;-1938131.392;2843526.36;E;False; ; ;0; ; ; ; ; ; 
TRACK;1.11.58-23;-16.3694953;-71.49427455;-1938146.914;2843474.683;E;False; ; ;0; ; ; ; ; ; 
TRACK;1.11.58-23;-16.36960482;-71.49424858;-1938160.11;2843476.199;E;False; ; ;0; ; ; ; ; ; 
TRACK;1.11.58-23;-16.36963984;-71.49400269;-1938167.325;2843503.633;E;False; ; ;0; ; ; ; ; ; 
TRACK;1.11.58-23;-16.37013833;-71.49390925;-1938227.074;2843507.722;E;False; ; ;0; ; ; ; ; ; 
TRACK;1.11.58-23;-16.37016224;-71.49386353;-1938230.46;2843512.596;E;False; ; ;0; ; ; ; ; ; 
TRACK;1.11.58-24; ; ;-1.516416327;20763369.87;E; ; ; ; ; ; ; ; ; ; 
TRACK;1.11.58-24;-16.3696001;-71.49437131;-1938158.009;2843462.339;E;False; ; ;0; ; ; ; ; ; 
TRACK;1.11.58-24;-16.36960149;-71.49456222;-1938155.765;2843440.665;E;False; ; ;0; ; ; ; ; ; 
TRACK;1.11.58-24;-16.36984175;-71.494589;-1938183.657;2843434.49;E;False; ; ;0; ; ; ; ; ; 
TRACK;1.11.58-24;-16.36990209;-71.49441992;-1938192.878;2843452.881;E;False; ; ;0; ; ; ; ; ; 
TRACK;1.11.58-25; ; ;-1.516416327;20763369.87;E; ; ; ; ; ; ; ; ; ; 
TRACK;1.11.58-25;-16.36989495;-71.49463725;-1938189.3;2843428.322;E;False; ; ;0; ; ; ; ; ; 
TRACK;1.11.58-25;-16.36982809;-71.4948268;-1938179.054;2843407.694;E;False; ; ;0; ; ; ; ; ; 
TRACK;1.11.58-25;-16.36981335;-71.49500583;-1938175.065;2843387.579;E;False; ; ;0; ; ; ; ; ; 
TRACK;1.11.58-25;-16.36993259;-71.49500551;-1938189.08;2843386.058;E;False; ; ;0; ; ; ; ; ; 
TRACK;1.11.58-25;-16.36993516;-71.49463996;-1938193.99;2843427.49;E;False; ; ;0; ; ; ; ; ; 
TRACK;1.11.58-26; ; ;-1.516416327;20763369.87;E; ; ; ; ; ; ; ; ; ; 
TRACK;1.11.58-26;-16.37042134;-71.49452043;-1938252.621;2843434.699;E;False; ; ;0; ; ; ; ; ; 
TRACK;1.11.58-26;-16.37037062;-71.49433163;-1938249.042;2843456.777;E;False; ; ;0; ; ; ; ; ; 
TRACK;1.11.58-26;-16.37001578;-71.49437665;-1938206.782;2843456.305;E;False; ; ;0; ; ; ; ; ; 
TRACK;1.11.58-26;-16.36998409;-71.49500566;-1938195.129;2843385.369;E;False; ; ;0; ; ; ; ; ; 
TRACK;1.11.58-26;-16.37025071;-71.49502137;-1938226.258;2843380.104;E;False; ; ;0; ; ; ; ; ; 
TRACK;1.11.58-26;-16.37027935;-71.49450637;-1938236.115;2843438.148;E;False; ; ;0; ; ; ; ; ; 
TRACK;1.11.58-27; ; ;-1.516416327;20763369.87;E; ; ; ; ; ; ; ; ; ; 
TRACK;1.11.58-27;-16.37032681;-71.49454593;-1938241.193;2843433.041;E;False; ; ;0; ; ; ; ; ; 
TRACK;1.11.58-27;-16.37031898;-71.49502106;-1938234.283;2843379.248;E;False; ; ;0; ; ; ; ; ; 
TRACK;1.11.58-27;-16.37058392;-71.49503364;-1938265.253;2843374.362;E;False; ; ;0; ; ; ; ; ; 
TRACK;1.11.58-27;-16.37060397;-71.49455157;-1938273.687;2843428.782;E;False; ; ;0; ; ; ; ; ; 
TRACK;1.11.58-29; ; ;-1.516416327;20763369.87;E; ; ; ; ; ; ; ; ; ; 
TRACK;1.11.58-29;-16.3706648;-71.49451125;-1938281.343;2843432.561;E;False; ; ;0; ; ; ; ; ; 
TRACK;1.11.58-29;-16.37064319;-71.49503482;-1938272.202;2843373.454;E;False; ; ;0; ; ; ; ; ; 
TRACK;1.11.58-29;-16.37097692;-71.49505158;-1938311.203;2843367.194;E;False; ; ;0; ; ; ; ; ; 
TRACK;1.11.58-29;-16.37099432;-71.49452025;-1938319.946;2843427.236;E;False; ; ;0; ; ; ; ; ; 
TRACK;1.11.58-30; ; ;-1.516416327;20763369.87;E; ; ; ; ; ; ; ; ; ; 
TRACK;1.11.58-30;-16.37132311;-71.49448262;-1938359.052;2843427.211;E;False; ; ;0; ; ; ; ; ; 
TRACK;1.11.58-30;-16.3712635;-71.49418527;-1938355.797;2843461.719;E;False; ; ;0; ; ; ; ; ; 
TRACK;1.11.58-30;-16.37087339;-71.49423992;-1938309.271;2843460.614;E;False; ; ;0; ; ; ; ; ; 
TRACK;1.11.58-30;-16.37091786;-71.49447926;-1938311.48;2843432.885;E;False; ; ;0; ; ; ; ; ; 
TRACK;1.11.58-30;-16.37105957;-71.4944812;-1938328.106;2843430.814;E;False; ; ;0; ; ; ; ; ; 
TRACK;1.11.58-30;-16.37102814;-71.49505672;-1938317.157;2843365.942;E;False; ; ;0; ; ; ; ; ; 
TRACK;1.11.58-30;-16.37131124;-71.49506143;-1938350.36;2843361.711;E;False; ; ;0; ; ; ; ; ; 
TRACK;1.11.58-30;-16.37134183;-71.49473142;-1938358.114;2843398.745;E;False; ; ;0; ; ; ; ; ; 
TRACK;1.11.58-31; ; ;-1.516416327;20763369.87;E; ; ; ; ; ; ; ; ; ; 
TRACK;1.11.58-31;-16.37158937;-71.49414158;-1938394.637;2843462.418;E;False; ; ;0; ; ; ; ; ; 
TRACK;1.11.58-31;-16.37129226;-71.49417354;-1938359.325;2843462.674;E;False; ; ;0; ; ; ; ; ; 
TRACK;1.11.58-31;-16.37133821;-71.4944616;-1938361.092;2843429.398;E;False; ; ;0; ; ; ; ; ; 
TRACK;1.11.58-31;-16.37138294;-71.4948333;-1938361.66;2843386.652;E;False; ; ;0; ; ; ; ; ; 
TRACK;1.11.58-31;-16.37135703;-71.49506795;-1938355.658;2843360.373;E;False; ; ;0; ; ; ; ; ; 
TRACK;1.11.58-31;-16.37173679;-71.49511813;-1938399.645;2843349.722;E;False; ; ;0; ; ; ; ; ; 
TRACK;1.11.58-31;-16.37167217;-71.49450498;-1938399.783;2843420.117;E;False; ; ;0; ; ; ; ; ; 
TRACK;1.11.59-1; ; ;-1.516416327;20763369.87;E; ; ; ; ; ; ; ; ; ; 
TRACK;1.11.59-1;-16.37190524;-71.49275244;-1938449.266;2843615.866;E;False; ; ;0; ; ; ; ; ; 
TRACK;1.11.59-1;-16.37199039;-71.49332798;-1938452.014;2843549.469;E;False; ; ;0; ; ; ; ; ; 
TRACK;1.11.59-1;-16.37231777;-71.4932625;-1938491.305;2843552.62;E;False; ; ;0; ; ; ; ; ; 
TRACK;1.11.59-1;-16.37224028;-71.49269495;-1938489.357;2843618.011;E;False; ; ;0; ; ; ; ; ; 
TRACK;1.11.59-2; ; ;-1.516416327;20763369.87;E; ; ; ; ; ; ; ; ; ; 
TRACK;1.11.59-2;-16.37148091;-71.49280525;-1938398.743;2843615.418;E;False; ; ;0; ; ; ; ; ; 
TRACK;1.11.59-2;-16.37158733;-71.49338542;-1938403.931;2843548.217;E;False; ; ;0; ; ; ; ; ; 
TRACK;1.11.59-2;-16.37190905;-71.49331532;-1938442.616;2843551.967;E;False; ; ;0; ; ; ; ; ; 
TRACK;1.11.59-2;-16.37182811;-71.49275014;-1938440.232;2843617.133;E;False; ; ;0; ; ; ; ; ; 
TRACK;1.11.59-3; ; ;-1.516416327;20763369.87;E; ; ; ; ; ; ; ; ; ; 
TRACK;1.11.59-3;-16.37213427;-71.49242594;-1938480.294;2843649.909;E;False; ; ;0; ; ; ; ; ; 
TRACK;1.11.59-3;-16.37202855;-71.49245104;-1938467.555;2843648.443;E;False; ; ;0; ; ; ; ; ; 
TRACK;1.11.59-3;-16.3719989;-71.49224115;-1938466.718;2843672.639;E;False; ; ;0; ; ; ; ; ; 
TRACK;1.11.59-3;-16.37188402;-71.49208501;-1938455.189;2843691.851;E;False; ; ;0; ; ; ; ; ; 
TRACK;1.11.59-3;-16.37180692;-71.49210473;-1938445.882;2843690.621;E;False; ; ;0; ; ; ; ; ; 
TRACK;1.11.59-3;-16.37189253;-71.49267009;-1938448.812;2843625.372;E;False; ; ;0; ; ; ; ; ; 
TRACK;1.11.59-3;-16.37221899;-71.49260505;-1938487.989;2843628.486;E;False; ; ;0; ; ; ; ; ; 
TRACK;1.11.59-3;-16.37221141;-71.49250019;-1938488.421;2843640.48;E;False; ; ;0; ; ; ; ; ; 
TRACK;1.11.59-4; ; ;-1.516416327;20763369.87;E; ; ; ; ; ; ; ; ; ; 
TRACK;1.11.59-4;-16.37139387;-71.49217059;-1938396.519;2843688.545;E;False; ; ;0; ; ; ; ; ; 
TRACK;1.11.59-4;-16.37148857;-71.49273595;-1938400.517;2843623.178;E;False; ; ;0; ; ; ; ; ; 
TRACK;1.11.59-4;-16.37181572;-71.49267808;-1938439.686;2843625.469;E;False; ; ;0; ; ; ; ; ; 
TRACK;1.11.59-4;-16.3717286;-71.49211065;-1938436.604;2843690.973;E;False; ; ;0; ; ; ; ; ; 
TRACK;1.11.59-5; ; ;-1.516416327;20763369.87;E; ; ; ; ; ; ; ; ; ; 
TRACK;1.11.59-5;-16.3715026;-71.49177007;-1938414.344;2843732.557;E;False; ; ;0; ; ; ; ; ; 
TRACK;1.11.59-5;-16.37141637;-71.49128359;-1938410.348;2843788.866;E;False; ; ;0; ; ; ; ; ; 
TRACK;1.11.59-5;-16.37137676;-71.49123265;-1938406.336;2843795.163;E;False; ; ;0; ; ; ; ; ; 
TRACK;1.11.59-5;-16.37124869;-71.49124379;-1938391.147;2843795.572;E;False; ; ;0; ; ; ; ; ; 
TRACK;1.11.59-5;-16.37137827;-71.49208922;-1938395.712;2843697.979;E;False; ; ;0; ; ; ; ; ; 
TRACK;1.11.59-5;-16.37171692;-71.49203394;-1938436.199;2843699.827;E;False; ; ;0; ; ; ; ; ; 
TRACK;1.11.59-5;-16.37166237;-71.49173297;-1938433.585;2843734.678;E;False; ; ;0; ; ; ; ; ; 
TRACK;1.11.59-6; ; ;-1.516416327;20763369.87;E; ; ; ; ; ; ; ; ; ; 
TRACK;1.11.59-6;-16.37058867;-71.49134758;-1938312.287;2843792.419;E;False; ; ;0; ; ; ; ; ; 
TRACK;1.11.59-6;-16.3706205;-71.49174439;-1938311.024;2843746.992;E;False; ; ;0; ; ; ; ; ; 
TRACK;1.11.59-6;-16.3712239;-71.49164295;-1938383.2;2843750.617;E;False; ; ;0; ; ; ; ; ; 
TRACK;1.11.59-6;-16.37117707;-71.49125343;-1938382.61;2843795.413;E;False; ; ;0; ; ; ; ; ; 
TRACK;1.11.59-7; ; ;-1.516416327;20763369.87;E; ; ; ; ; ; ; ; ; ; 
TRACK;1.11.59-7;-16.37064673;-71.49182387;-1938313.104;2843737.634;E;False; ; ;0; ; ; ; ; ; 
TRACK;1.11.59-7;-16.37072246;-71.49221166;-1938317.111;2843692.656;E;False; ; ;0; ; ; ; ; ; 
TRACK;1.11.59-7;-16.37130677;-71.49209612;-1938387.223;2843698.13;E;False; ; ;0; ; ; ; ; ; 
TRACK;1.11.59-7;-16.37124511;-71.49171924;-1938384.731;2843741.687;E;False; ; ;0; ; ; ; ; ; 
TRACK;1.11.60-2; ; ;-1.516416327;20763369.87;E; ; ; ; ; ; ; ; ; ; 
TRACK;1.11.60-2;-16.37053055;-71.49176003;-1938300.258;2843746.393;E;False; ; ;0; ; ; ; ; ; 
TRACK;1.11.60-2;-16.37047598;-71.49108633;-1938302.341;2843823.526;E;False; ; ;0; ; ; ; ; ; 
TRACK;1.11.60-2;-16.3700772;-71.49112311;-1938255.021;2843824.563;E;False; ; ;0; ; ; ; ; ; 
TRACK;1.11.60-2;-16.37013041;-71.49179178;-1938252.841;2843748.018;E;False; ; ;0; ; ; ; ; ; 
TRACK;1.11.60-3; ; ;-1.516416327;20763369.87;E; ; ; ; ; ; ; ; ; ; 
TRACK;1.11.60-3;-16.37070084;-71.49351709;-1938298.112;2843544.86;E;False; ; ;0; ; ; ; ; ; 
TRACK;1.11.60-3;-16.37053946;-71.49187442;-1938299.862;2843733.301;E;False; ; ;0; ; ; ; ; ; 
TRACK;1.11.60-3;-16.37011836;-71.49191126;-1938249.919;2843734.622;E;False; ; ;0; ; ; ; ; ; 
TRACK;1.11.60-3;-16.37027239;-71.4935532;-1938247.314;2843546.359;E;False; ; ;0; ; ; ; ; ; 
TRACK;1.11.60-4; ; ;-1.516416327;20763369.87;E; ; ; ; ; ; ; ; ; ; 
TRACK;1.11.60-4;-16.37003718;-71.49191569;-1938240.325;2843735.179;E;False; ; ;0; ; ; ; ; ; 
TRACK;1.11.60-4;-16.36966432;-71.49195095;-1938196.07;2843736.049;E;False; ; ;0; ; ; ; ; ; 
TRACK;1.11.60-4;-16.36954922;-71.49290119;-1938170.565;2843629.764;E;False; ; ;0; ; ; ; ; ; 
TRACK;1.11.60-4;-16.36949153;-71.49303731;-1938162.07;2843615.076;E;False; ; ;0; ; ; ; ; ; 
TRACK;1.11.60-4;-16.36952374;-71.49362367;-1938158.463;2843548.143;E;False; ; ;0; ; ; ; ; ; 
TRACK;1.11.60-4;-16.37016456;-71.49357466;-1938234.374;2843545.333;E;False; ; ;0; ; ; ; ; ; 
TRACK;1.11.60-5; ; ;-1.516416327;20763369.87;E; ; ; ; ; ; ; ; ; ; 
TRACK;1.11.60-5;-16.37002259;-71.49181183;-1938239.92;2843747.152;E;False; ; ;0; ; ; ; ; ; 
TRACK;1.11.60-5;-16.36988891;-71.49011315;-1938245.633;2843941.586;E;False; ; ;0; ; ; ; ; ; 
TRACK;1.11.60-5;-16.36946116;-71.49015659;-1938194.824;2843942.246;E;False; ; ;0; ; ; ; ; ; 
TRACK;1.11.60-5;-16.36962399;-71.49184596;-1938192.655;2843748.486;E;False; ; ;0; ; ; ; ; ; 
TRACK;1.11.60-6; ; ;-1.516416327;20763369.87;E; ; ; ; ; ; ; ; ; ; 
TRACK;1.11.60-6;-16.3693469;-71.49109102;-1938169.617;2843837.741;E;False; ; ;0; ; ; ; ; ; 
TRACK;1.11.60-6;-16.36922885;-71.49049462;-1938163.266;2843906.936;E;False; ; ;0; ; ; ; ; ; 
TRACK;1.11.60-6;-16.36913982;-71.49037713;-1938154.287;2843921.427;E;False; ; ;0; ; ; ; ; ; 
TRACK;1.11.60-6;-16.36902596;-71.49055427;-1938138.675;2843902.819;E;False; ; ;0; ; ; ; ; ; 
TRACK;1.11.60-6;-16.36926081;-71.49113217;-1938158.982;2843834.197;E;False; ; ;0; ; ; ; ; ; 
TRACK;1.11.60-9; ; ;-1.516416327;20763369.87;E; ; ; ; ; ; ; ; ; ; 
TRACK;1.11.60-9;-16.36898925;-71.49058039;-1938134.032;2843900.336;E;False; ; ;0; ; ; ; ; ; 
TRACK;1.11.60-9;-16.36859001;-71.49074771;-1938085.012;2843886.571;E;False; ; ;0; ; ; ; ; ; 
TRACK;1.11.60-9;-16.36895302;-71.49155621;-1938117.471;2843790.116;E;False; ; ;0; ; ; ; ; ; 
TRACK;1.11.60-9;-16.36933904;-71.49140917;-1938164.681;2843801.754;E;False; ; ;0; ; ; ; ; ; 
TRACK;1.11.60-10; ; ;-1.516416327;20763369.87;E; ; ; ; ; ; ; ; ; ; 
TRACK;1.11.60-10;-16.36839805;-71.49182844;-1938048.83;2843766.484;E;False; ; ;0; ; ; ; ; ; 
TRACK;1.11.60-10;-16.36846866;-71.49269801;-1938046.163;2843666.923;E;False; ; ;0; ; ; ; ; ; 
TRACK;1.11.60-10;-16.36894872;-71.49265457;-1938103.118;2843665.58;E;False; ; ;0; ; ; ; ; ; 
TRACK;1.11.60-10;-16.36890371;-71.49166078;-1938110.358;2843778.899;E;False; ; ;0; ; ; ; ; ; 
TRACK;1.11.60-11; ; ;-1.516416327;20763369.87;E; ; ; ; ; ; ; ; ; ; 
TRACK;1.11.60-11;-16.36810883;-71.49089263;-1938026.647;2843876.416;E;False; ; ;0; ; ; ; ; ; 
TRACK;1.11.60-11;-16.36847206;-71.49172417;-1938058.841;2843777.345;E;False; ; ;0; ; ; ; ; ; 
TRACK;1.11.60-11;-16.36885828;-71.49159416;-1938105.861;2843787.049;E;False; ; ;0; ; ; ; ; ; 
TRACK;1.11.60-11;-16.36850356;-71.49073871;-1938074.967;2843888.72;E;False; ; ;0; ; ; ; ; ; 
TRACK;1.11.60-12; ; ;-1.516416327;20763369.87;E; ; ; ; ; ; ; ; ; ; 
TRACK;1.11.60-12;-16.36772259;-71.48997589;-1937992.823;2843985.452;E;False; ; ;0; ; ; ; ; ; 
TRACK;1.11.60-12;-16.36807919;-71.49081251;-1938024.175;2843885.891;E;False; ; ;0; ; ; ; ; ; 
TRACK;1.11.60-12;-16.36846104;-71.49066132;-1938070.948;2843898.054;E;False; ; ;0; ; ; ; ; ; 
TRACK;1.11.60-12;-16.36810363;-71.48982758;-1938039.465;2843997.298;E;False; ; ;0; ; ; ; ; ; 
TRACK;1.11.60-13; ; ;-1.516416327;20763369.87;E; ; ; ; ; ; ; ; ; ; 
TRACK;1.11.60-13;-16.36733306;-71.48904867;-1937958.744;2844095.721;E;False; ; ;0; ; ; ; ; ; 
TRACK;1.11.60-13;-16.36768777;-71.48988334;-1937989.898;2843996.406;E;False; ; ;0; ; ; ; ; ; 
TRACK;1.11.60-13;-16.36806383;-71.48974206;-1938035.866;2844007.52;E;False; ; ;0; ; ; ; ; ; 
TRACK;1.11.60-13;-16.36772196;-71.48889425;-1938006.387;2844108.159;E;False; ; ;0; ; ; ; ; ; 
TRACK;1.11.60-14; ; ;-1.516416327;20763369.87;E; ; ; ; ; ; ; ; ; ; 
TRACK;1.11.60-14;-16.36800893;-71.48880332;-1938041.253;2844114.725;E;False; ; ;0; ; ; ; ; ; 
TRACK;1.11.60-14;-16.36780814;-71.48886644;-1938016.865;2844110.188;E;False; ; ;0; ; ; ; ; ; 
TRACK;1.11.60-14;-16.36816949;-71.48971228;-1938048.657;2844009.518;E;False; ; ;0; ; ; ; ; ; 
TRACK;1.11.60-14;-16.36851529;-71.48956016;-1938091.206;2844022.258;E;False; ; ;0; ; ; ; ; ; 
TRACK;1.11.60-15; ; ;-1.516416327;20763369.87;E; ; ; ; ; ; ; ; ; ; 
TRACK;1.11.60-15;-16.3669987;-71.48826075;-1937929.393;2844189.468;E;False; ; ;0; ; ; ; ; ; 
TRACK;1.11.60-15;-16.36729086;-71.4889637;-1937954.858;2844105.911;E;False; ; ;0; ; ; ; ; ; 
TRACK;1.11.60-15;-16.36767897;-71.48880398;-1938002.475;2844118.959;E;False; ; ;0; ; ; ; ; ; 
TRACK;1.11.60-15;-16.36732439;-71.48794691;-1937971.618;2844220.816;E;False; ; ;0; ; ; ; ; ; 
TRACK;1.11.60-17; ; ;-1.516416327;20763369.87;E; ; ; ; ; ; ; ; ; ; 
TRACK;1.11.60-17;-16.3668466;-71.4892143;-1937899.497;2844083.286;E;False; ; ;0; ; ; ; ; ; 
TRACK;1.11.60-17;-16.36720421;-71.49006447;-1937930.797;2843982.174;E;False; ; ;0; ; ; ; ; ; 
TRACK;1.11.60-17;-16.36760174;-71.48991337;-1937979.411;2843994.123;E;False; ; ;0; ; ; ; ; ; 
TRACK;1.11.60-17;-16.3672482;-71.48907374;-1937948.457;2844093.985;E;False; ; ;0; ; ; ; ; ; 
TRACK;1.11.60-18; ; ;-1.516416327;20763369.87;E; ; ; ; ; ; ; ; ; ; 
TRACK;1.11.60-18;-16.36724083;-71.49013484;-1937934.212;2843973.713;E;False; ; ;0; ; ; ; ; ; 
TRACK;1.11.60-18;-16.36760661;-71.49099217;-1937966.382;2843871.683;E;False; ; ;0; ; ; ; ; ; 
TRACK;1.11.60-18;-16.36798443;-71.49083536;-1938012.752;2843884.537;E;False; ; ;0; ; ; ; ; ; 
TRACK;1.11.60-18;-16.36763823;-71.48999797;-1937982.632;2843984.049;E;False; ; ;0; ; ; ; ; ; 
TRACK;1.11.60-19; ; ;-1.516416327;20763369.87;E; ; ; ; ; ; ; ; ; ; 
TRACK;1.11.60-19;-16.36802502;-71.49093289;-1938016.291;2843872.943;E;False; ; ;0; ; ; ; ; ; 
TRACK;1.11.60-19;-16.36763453;-71.49107142;-1937968.662;2843862.328;E;False; ; ;0; ; ; ; ; ; 
TRACK;1.11.60-19;-16.36798579;-71.49191514;-1937999.297;2843762.033;E;False; ; ;0; ; ; ; ; ; 
TRACK;1.11.60-19;-16.36836208;-71.49175615;-1938045.516;2843775.154;E;False; ; ;0; ; ; ; ; ; 
TRACK;1.11.60-20; ; ;-1.516416327;20763369.87;E; ; ; ; ; ; ; ; ; ; 
TRACK;1.11.60-20;-16.36697355;-71.49026545;-1937901.16;2843962.388;E;False; ; ;0; ; ; ; ; ; 
TRACK;1.11.60-20;-16.36740026;-71.49103037;-1937941.654;2843870.044;E;False; ; ;0; ; ; ; ; ; 
TRACK;1.11.60-20;-16.36750913;-71.49101746;-1937954.609;2843870.087;E;False; ; ;0; ; ; ; ; ; 
TRACK;1.11.60-20;-16.36715673;-71.49017926;-1937923.77;2843969.772;E;False; ; ;0; ; ; ; ; ; 
TRACK;1.11.60-21; ; ;-1.516416327;20763369.87;E; ; ; ; ; ; ; ; ; ; 
TRACK;1.11.60-21;-16.3663293;-71.48941995;-1937836.122;2844066.713;E;False; ; ;0; ; ; ; ; ; 
TRACK;1.11.60-21;-16.36680462;-71.49021189;-1937881.987;2843970.67;E;False; ; ;0; ; ; ; ; ; 
TRACK;1.11.60-21;-16.3671113;-71.49008799;-1937919.583;2843980.719;E;False; ; ;0; ; ; ; ; ; 
TRACK;1.11.60-21;-16.36676841;-71.48924909;-1937889.871;2844080.36;E;False; ; ;0; ; ; ; ; ; 
TRACK;1.11.60-23; ; ;-1.516416327;20763369.87;E; ; ; ; ; ; ; ; ; ; 
TRACK;1.11.60-23;-16.36835625;-71.49185303;-1938043.609;2843764.241;E;False; ; ;0; ; ; ; ; ; 
TRACK;1.11.60-23;-16.3679199;-71.49203236;-1937990.078;2843749.597;E;False; ; ;0; ; ; ; ; ; 
TRACK;1.11.60-23;-16.36817953;-71.49383535;-1937997.853;2843541.684;E;False; ; ;0; ; ; ; ; ; 
TRACK;1.11.60-23;-16.3685113;-71.49370043;-1938038.537;2843552.657;E;False; ; ;0; ; ; ; ; ; 
TRACK;1.11.67-1; ; ;-1.516416327;20763369.87;E; ; ; ; ; ; ; ; ; ; 
TRACK;1.11.67-1;-16.37622291;-71.49530009;-1938924.447;2843270.487;E;False; ; ;0; ; ; ; ; ; 
TRACK;1.11.67-1;-16.37599626;-71.49538378;-1938896.762;2843263.956;E;False; ; ;0; ; ; ; ; ; 
TRACK;1.11.67-1;-16.37617824;-71.49604048;-1938909.862;2843187.091;E;False; ; ;0; ; ; ; ; ; 
TRACK;1.11.67-1;-16.37639456;-71.49598036;-1938936.037;2843191.084;E;False; ; ;0; ; ; ; ; ; 
TRACK;1.11.67-2; ; ;-1.516416327;20763369.87;E; ; ; ; ; ; ; ; ; ; 
TRACK;1.11.67-2;-16.37587151;-71.494979;-1938887.209;2843311.498;E;False; ; ;0; ; ; ; ; ; 
TRACK;1.11.67-2;-16.37598584;-71.49532855;-1938896.234;2843270.356;E;False; ; ;0; ; ; ; ; ; 
TRACK;1.11.67-2;-16.37621385;-71.49524437;-1938924.085;2843276.926;E;False; ; ;0; ; ; ; ; ; 
TRACK;1.11.67-2;-16.3761172;-71.49488968;-1938917.203;2843318.42;E;False; ; ;0; ; ; ; ; ; 
TRACK;1.11.67-3; ; ;-1.516416327;20763369.87;E; ; ; ; ; ; ; ; ; ; 
TRACK;1.11.67-3;-16.37576217;-71.49459285;-1938879.232;2843356.727;E;False; ; ;0; ; ; ; ; ; 
TRACK;1.11.67-3;-16.37586109;-71.49492306;-1938886.691;2843317.98;E;False; ; ;0; ; ; ; ; ; 
TRACK;1.11.67-3;-16.37609053;-71.49485139;-1938914.552;2843323.111;E;False; ; ;0; ; ; ; ; ; 
TRACK;1.11.67-3;-16.3759951;-71.49449679;-1938907.811;2843364.58;E;False; ; ;0; ; ; ; ; ; 
TRACK;1.11.67-4; ; ;-1.516416327;20763369.87;E; ; ; ; ; ; ; ; ; ; 
TRACK;1.11.67-4;-16.37564372;-71.49419919;-1938870.279;2843402.926;E;False; ; ;0; ; ; ; ; ; 
TRACK;1.11.67-4;-16.37573994;-71.4945417;-1938877.265;2843362.818;E;False; ; ;0; ; ; ; ; ; 
TRACK;1.11.67-4;-16.37597377;-71.49444534;-1938905.954;2843370.694;E;False; ; ;0; ; ; ; ; ; 
TRACK;1.11.67-4;-16.37588752;-71.49412012;-1938899.922;2843408.71;E;False; ; ;0; ; ; ; ; ; 
TRACK;1.11.67-5; ; ;-1.516416327;20763369.87;E; ; ; ; ; ; ; ; ; ; 
TRACK;1.11.67-5;-16.37562496;-71.4938055;-1938873.039;2843447.826;E;False; ; ;0; ; ; ; ; ; 
TRACK;1.11.67-5;-16.37553559;-71.49383333;-1938862.188;2843445.838;E;False; ; ;0; ; ; ; ; ; 
TRACK;1.11.67-5;-16.37562975;-71.49416979;-1938869.008;2843406.443;E;False; ; ;0; ; ; ; ; ; 
TRACK;1.11.67-5;-16.37583672;-71.49409748;-1938894.238;2843411.942;E;False; ; ;0; ; ; ; ; ; 
TRACK;1.11.67-5;-16.37569506;-71.49400578;-1938878.751;2843424.193;E;False; ; ;0; ; ; ; ; ; 
TRACK;1.11.67-6; ; ;-1.516416327;20763369.87;E; ; ; ; ; ; ; ; ; ; 
TRACK;1.11.67-6;-16.37496955;-71.49355876;-1938799.144;2843484.376;E;False; ; ;0; ; ; ; ; ; 
TRACK;1.11.67-6;-16.37506037;-71.49388138;-1938805.746;2843446.596;E;False; ; ;0; ; ; ; ; ; 
TRACK;1.11.67-6;-16.37544434;-71.49377192;-1938852.24;2843453.995;E;False; ; ;0; ; ; ; ; ; 
TRACK;1.11.67-6;-16.3753356;-71.49342789;-1938843.803;2843494.439;E;False; ; ;0; ; ; ; ; ; 
TRACK;1.11.67-7; ; ;-1.516416327;20763369.87;E; ; ; ; ; ; ; ; ; ; 
TRACK;1.11.67-7;-16.37506831;-71.49394398;-1938805.889;2843439.391;E;False; ; ;0; ; ; ; ; ; 
TRACK;1.11.67-7;-16.37519415;-71.49429723;-1938816.22;2843397.678;E;False; ; ;0; ; ; ; ; ; 
TRACK;1.11.67-7;-16.37556831;-71.49416538;-1938861.844;2843407.746;E;False; ; ;0; ; ; ; ; ; 
TRACK;1.11.67-7;-16.37546037;-71.4938212;-1938853.503;2843448.197;E;False; ; ;0; ; ; ; ; ; 
TRACK;1.11.67-8; ; ;-1.516416327;20763369.87;E; ; ; ; ; ; ; ; ; ; 
TRACK;1.11.67-8;-16.37532139;-71.49471808;-1938825.863;2843348.28;E;False; ; ;0; ; ; ; ; ; 
TRACK;1.11.67-8;-16.37540052;-71.495054;-1938830.924;2843309.144;E;False; ; ;0; ; ; ; ; ; 
TRACK;1.11.67-8;-16.37580057;-71.49495488;-1938879.179;2843315.161;E;False; ; ;0; ; ; ; ; ; 
TRACK;1.11.67-8;-16.37571535;-71.49459597;-1938873.691;2843356.985;E;False; ; ;0; ; ; ; ; ; 
TRACK;1.11.67-9; ; ;-1.516416327;20763369.87;E; ; ; ; ; ; ; ; ; ; 
TRACK;1.11.67-9;-16.37558719;-71.49508127;-1938852.513;2843303.612;E;False; ; ;0; ; ; ; ; ; 
TRACK;1.11.67-9;-16.37566949;-71.49531904;-1938859.184;2843275.567;E;False; ; ;0; ; ; ; ; ; 
TRACK;1.11.67-9;-16.37577052;-71.49539297;-1938870.123;2843265.862;E;False; ; ;0; ; ; ; ; ; 
TRACK;1.11.67-9;-16.37591779;-71.49533309;-1938888.181;2843270.73;E;False; ; ;0; ; ; ; ; ; 
TRACK;1.11.67-9;-16.37580813;-71.49500217;-1938879.47;2843309.698;E;False; ; ;0; ; ; ; ; ; 
TRACK;1.11.68-1; ; ;-1.516416327;20763369.87;E; ; ; ; ; ; ; ; ; ; 
TRACK;1.11.68-1;-16.38167027;-71.4894522;-1939638.26;2843862.614;E;False; ; ;0; ; ; ; ; ; 
TRACK;1.11.68-1;-16.38101902;-71.48883425;-1939569.538;2843941.22;E;False; ; ;0; ; ; ; ; ; 
TRACK;1.11.68-1;-16.38077075;-71.48911318;-1939536.846;2843912.826;E;False; ; ;0; ; ; ; ; ; 
TRACK;1.11.68-1;-16.38149703;-71.48983594;-1939613.062;2843821.353;E;False; ; ;0; ; ; ; ; ; 
TRACK;1.11.68-1;-16.38163088;-71.48970283;-1939630.469;2843834.702;E;False; ; ;0; ; ; ; ; ; 
TRACK;1.11.68-2; ; ;-1.516416327;20763369.87;E; ; ; ; ; ; ; ; ; ; 
TRACK;1.11.68-2;-16.38070705;-71.48917759;-1939528.549;2843906.353;E;False; ; ;0; ; ; ; ; ; 
TRACK;1.11.68-2;-16.3804737;-71.48943408;-1939497.895;2843880.31;E;False; ; ;0; ; ; ; ; ; 
TRACK;1.11.68-2;-16.3809605;-71.4898549;-1939549.782;2843826.215;E;False; ; ;0; ; ; ; ; ; 
TRACK;1.11.68-2;-16.38134904;-71.49001069;-1939593.47;2843803.466;E;False; ; ;0; ; ; ; ; ; 
TRACK;1.11.68-2;-16.38145758;-71.48988288;-1939607.835;2843816.544;E;False; ; ;0; ; ; ; ; ; 
TRACK;1.11.68-3; ; ;-1.516416327;20763369.87;E; ; ; ; ; ; ; ; ; ; 
TRACK;1.11.68-3;-16.38087931;-71.48825182;-1939560.471;2844009.11;E;False; ; ;0; ; ; ; ; ; 
TRACK;1.11.68-3;-16.38079994;-71.48807118;-1939553.424;2844030.637;E;False; ; ;0; ; ; ; ; ; 
TRACK;1.11.68-3;-16.38064688;-71.48778283;-1939539.079;2844065.345;E;False; ; ;0; ; ; ; ; ; 
TRACK;1.11.68-3;-16.38038674;-71.48807518;-1939504.824;2844035.585;E;False; ; ;0; ; ; ; ; ; 
TRACK;1.11.68-3;-16.38103309;-71.48869938;-1939572.893;2843956.333;E;False; ; ;0; ; ; ; ; ; 
TRACK;1.11.68-3;-16.38111125;-71.48863414;-1939582.9;2843962.712;E;False; ; ;0; ; ; ; ; ; 
TRACK;1.11.68-4; ; ;-1.516416327;20763369.87;E; ; ; ; ; ; ; ; ; ; 
TRACK;1.11.68-4;-16.38032468;-71.48812414;-1939496.914;2844030.843;E;False; ; ;0; ; ; ; ; ; 
TRACK;1.11.68-4;-16.38004896;-71.48841089;-1939460.899;2844001.92;E;False; ; ;0; ; ; ; ; ; 
TRACK;1.11.68-4;-16.38071476;-71.48907043;-1939530.808;2843918.407;E;False; ; ;0; ; ; ; ; ; 
TRACK;1.11.68-4;-16.3810049;-71.48878612;-1939568.485;2843946.863;E;False; ; ;0; ; ; ; ; ; 
TRACK;1.11.68-5; ; ;-1.516416327;20763369.87;E; ; ; ; ; ; ; ; ; ; 
TRACK;1.11.68-5;-16.38000432;-71.48844605;-1939455.21;2843998.516;E;False; ; ;0; ; ; ; ; ; 
TRACK;1.11.68-5;-16.37973824;-71.4887469;-1939420.15;2843967.869;E;False; ; ;0; ; ; ; ; ; 
TRACK;1.11.68-5;-16.38038794;-71.48941021;-1939488.12;2843884.139;E;False; ; ;0; ; ; ; ; ; 
TRACK;1.11.68-5;-16.3806627;-71.48914144;-1939523.794;2843911.033;E;False; ; ;0; ; ; ; ; ; 
TRACK;1.11.68-6; ; ;-1.516416327;20763369.87;E; ; ; ; ; ; ; ; ; ; 
TRACK;1.11.68-6;-16.37957704;-71.48894483;-1939398.712;2843947.525;E;False; ; ;0; ; ; ; ; ; 
TRACK;1.11.68-6;-16.38014211;-71.48945191;-1939458.709;2843882.621;E;False; ; ;0; ; ; ; ; ; 
TRACK;1.11.68-6;-16.38036722;-71.48946123;-1939485.041;2843878.622;E;False; ; ;0; ; ; ; ; ; 
TRACK;1.11.68-6;-16.37971626;-71.4888005;-1939416.891;2843962.076;E;False; ; ;0; ; ; ; ; ; 
TRACK;1.11.68-7; ; ;-1.516416327;20763369.87;E; ; ; ; ; ; ; ; ; ; 
TRACK;1.11.68-7;-16.37966463;-71.48876342;-1939411.292;2843966.957;E;False; ; ;0; ; ; ; ; ; 
TRACK;1.11.68-7;-16.37938547;-71.48844357;-1939382.528;2844006.886;E;False; ; ;0; ; ; ; ; ; 
TRACK;1.11.68-7;-16.37910333;-71.48828009;-1939351.439;2844029.117;E;False; ; ;0; ; ; ; ; ; 
TRACK;1.11.68-7;-16.37900193;-71.48841083;-1939337.875;2844015.613;E;False; ; ;0; ; ; ; ; ; 
TRACK;1.11.68-7;-16.37924178;-71.48863284;-1939363.256;2843987.295;E;False; ; ;0; ; ; ; ; ; 
TRACK;1.11.68-7;-16.37952119;-71.48894261;-1939392.178;2843948.507;E;False; ; ;0; ; ; ; ; ; 
TRACK;1.11.68-8; ; ;-1.516416327;20763369.87;E; ; ; ; ; ; ; ; ; ; 
TRACK;1.11.68-8;-16.37927498;-71.48773719;-1939378.458;2844088.454;E;False; ; ;0; ; ; ; ; ; 
TRACK;1.11.68-8;-16.3790502;-71.48804793;-1939348.126;2844056.146;E;False; ; ;0; ; ; ; ; ; 
TRACK;1.11.68-8;-16.37969727;-71.48866473;-1939416.373;2843977.724;E;False; ; ;0; ; ; ; ; ; 
TRACK;1.11.68-8;-16.37994372;-71.48840938;-1939448.552;2844003.468;E;False; ; ;0; ; ; ; ; ; 
TRACK;1.11.68-9; ; ;-1.516416327;20763369.87;E; ; ; ; ; ; ; ; ; ; 
TRACK;1.11.68-9;-16.37992569;-71.48706618;-1939463.383;2844156.061;E;False; ; ;0; ; ; ; ; ; 
TRACK;1.11.68-9;-16.37965625;-71.48736578;-1939427.944;2844125.6;E;False; ; ;0; ; ; ; ; ; 
TRACK;1.11.68-9;-16.38031987;-71.48802373;-1939497.616;2844042.294;E;False; ; ;0; ; ; ; ; ; 
TRACK;1.11.68-9;-16.3805944;-71.4877214;-1939533.688;2844072.999;E;False; ; ;0; ; ; ; ; ; 
TRACK;1.11.68-10; ; ;-1.516416327;20763369.87;E; ; ; ; ; ; ; ; ; ; 
TRACK;1.11.68-10;-16.38071016;-71.48742535;-1939551.025;2844105.067;E;False; ; ;0; ; ; ; ; ; 
TRACK;1.11.68-10;-16.38068394;-71.48721157;-1939550.642;2844129.657;E;False; ; ;0; ; ; ; ; ; 
TRACK;1.11.68-10;-16.38057204;-71.48720621;-1939537.561;2844131.728;E;False; ; ;0; ; ; ; ; ; 
TRACK;1.11.68-10;-16.38035663;-71.48740256;-1939509.774;2844112.273;E;False; ; ;0; ; ; ; ; ; 
TRACK;1.11.68-10;-16.38062124;-71.48765017;-1939537.741;2844080.728;E;False; ; ;0; ; ; ; ; ; 
TRACK;1.11.68-10;-16.38070034;-71.4875683;-1939548.068;2844088.98;E;False; ; ;0; ; ; ; ; ; 
TRACK;1.11.68-11; ; ;-1.516416327;20763369.87;E; ; ; ; ; ; ; ; ; ; 
TRACK;1.11.68-11;-16.38056031;-71.48695113;-1939539.403;2844160.815;E;False; ; ;0; ; ; ; ; ; 
TRACK;1.11.68-11;-16.38064392;-71.4864709;-1939555.288;2844214.194;E;False; ; ;0; ; ; ; ; ; 
TRACK;1.11.68-11;-16.38054382;-71.48636187;-1939544.902;2844227.87;E;False; ; ;0; ; ; ; ; ; 
TRACK;1.11.68-11;-16.37997405;-71.48701189;-1939469.751;2844161.587;E;False; ; ;0; ; ; ; ; ; 
TRACK;1.11.68-11;-16.38027504;-71.4873159;-1939501.281;2844123.168;E;False; ; ;0; ; ; ; ; ; 
TRACK;1.11.68-13; ; ;-1.516416327;20763369.87;E; ; ; ; ; ; ; ; ; ; 
TRACK;1.11.68-13;-16.3798845;-71.48639643;-1939466.996;2844232.57;E;False; ; ;0; ; ; ; ; ; 
TRACK;1.11.68-13;-16.37937929;-71.48613754;-1939410.9;2844268.539;E;False; ; ;0; ; ; ; ; ; 
TRACK;1.11.68-13;-16.37926383;-71.48631101;-1939395.144;2844250.372;E;False; ; ;0; ; ; ; ; ; 
TRACK;1.11.68-13;-16.37991708;-71.48695081;-1939463.828;2844169.261;E;False; ; ;0; ; ; ; ; ; 
TRACK;1.11.68-13;-16.38017467;-71.4866812;-1939497.496;2844196.475;E;False; ; ;0; ; ; ; ; ; 
TRACK;1.11.68-14; ; ;-1.516416327;20763369.87;E; ; ; ; ; ; ; ; ; ; 
TRACK;1.11.68-14;-16.37920937;-71.48635367;-1939388.207;2844246.245;E;False; ; ;0; ; ; ; ; ; 
TRACK;1.11.68-14;-16.37893199;-71.48662906;-1939352.14;2844218.633;E;False; ; ;0; ; ; ; ; ; 
TRACK;1.11.68-14;-16.37959211;-71.4873027;-1939421.204;2844133.593;E;False; ; ;0; ; ; ; ; ; 
TRACK;1.11.68-14;-16.37987079;-71.4870097;-1939457.645;2844163.185;E;False; ; ;0; ; ; ; ; ; 
TRACK;1.11.68-15; ; ;-1.516416327;20763369.87;E; ; ; ; ; ; ; ; ; ; 
TRACK;1.11.68-15;-16.37889072;-71.48666967;-1939346.778;2844214.566;E;False; ; ;0; ; ; ; ; ; 
TRACK;1.11.68-15;-16.37862023;-71.48694886;-1939311.473;2844186.433;E;False; ; ;0; ; ; ; ; ; 
TRACK;1.11.68-15;-16.37928223;-71.48763343;-1939380.619;2844100.129;E;False; ; ;0; ; ; ; ; ; 
TRACK;1.11.68-15;-16.37954778;-71.48736093;-1939415.26;2844127.567;E;False; ; ;0; ; ; ; ; ; 
TRACK;1.11.68-16; ; ;-1.516416327;20763369.87;E; ; ; ; ; ; ; ; ; ; 
TRACK;1.11.68-16;-16.37856686;-71.48700956;-1939304.436;2844180.246;E;False; ; ;0; ; ; ; ; ; 
TRACK;1.11.68-16;-16.37831318;-71.48725601;-1939271.519;2844155.606;E;False; ; ;0; ; ; ; ; ; 
TRACK;1.11.68-16;-16.3789049;-71.48789897;-1939332.932;2844074.941;E;False; ; ;0; ; ; ; ; ; 
TRACK;1.11.68-16;-16.37901213;-71.48793177;-1939345.119;2844069.819;E;False; ; ;0; ; ; ; ; ; 
TRACK;1.11.68-16;-16.37924023;-71.48769294;-1939374.934;2844093.928;E;False; ; ;0; ; ; ; ; ; 
TRACK;1.11.68-18; ; ;-1.516416327;20763369.87;E; ; ; ; ; ; ; ; ; ; 
TRACK;1.11.68-18;-16.37903279;-71.48806854;-1939345.82;2844054.035;E;False; ; ;0; ; ; ; ; ; 
TRACK;1.11.68-18;-16.37883076;-71.48791808;-1939323.98;2844073.742;E;False; ; ;0; ; ; ; ; ; 
TRACK;1.11.68-18;-16.37863865;-71.48780178;-1939302.875;2844089.445;E;False; ; ;0; ; ; ; ; ; 
TRACK;1.11.68-18;-16.37855027;-71.4877953;-1939292.572;2844091.336;E;False; ; ;0; ; ; ; ; ; 
TRACK;1.11.68-18;-16.37854162;-71.48805302;-1939288.304;2844062.215;E;False; ; ;0; ; ; ; ; ; 
TRACK;1.11.68-18;-16.37899374;-71.48818078;-1939339.815;2844041.815;E;False; ; ;0; ; ; ; ; ; 
TRACK;1.11.68-19; ; ;-1.516416327;20763369.87;E; ; ; ; ; ; ; ; ; ; 
TRACK;1.11.68-19;-16.37845988;-71.48761149;-1939284.271;2844113.366;E;False; ; ;0; ; ; ; ; ; 
TRACK;1.11.68-19;-16.37814593;-71.48758571;-1939247.708;2844120.394;E;False; ; ;0; ; ; ; ; ; 
TRACK;1.11.68-19;-16.37810286;-71.48792044;-1939238.423;2844082.988;E;False; ; ;0; ; ; ; ; ; 
TRACK;1.11.68-19;-16.37810256;-71.48811883;-1939235.885;2844060.489;E;False; ; ;0; ; ; ; ; ; 
TRACK;1.11.68-19;-16.37850834;-71.48804856;-1939284.449;2844063.156;E;False; ; ;0; ; ; ; ; ; 
TRACK;1.11.68-20; ; ;-1.516416327;20763369.87;E; ; ; ; ; ; ; ; ; ; 
TRACK;1.11.68-20;-16.37806021;-71.48808616;-1939231.32;2844064.748;E;False; ; ;0; ; ; ; ; ; 
TRACK;1.11.68-20;-16.37810499;-71.48763913;-1939242.222;2844114.869;E;False; ; ;0; ; ; ; ; ; 
TRACK;1.11.68-20;-16.37774511;-71.48759211;-1939200.531;2844124.907;E;False; ; ;0; ; ; ; ; ; 
TRACK;1.11.68-20;-16.3776988;-71.48809876;-1939188.697;2844068.043;E;False; ; ;0; ; ; ; ; ; 
TRACK;1.11.68-20;-16.37787428;-71.4881391;-1939208.806;2844061.173;E;False; ; ;0; ; ; ; ; ; 
TRACK;1.11.68-23; ; ;-1.516416327;20763369.87;E; ; ; ; ; ; ; ; ; ; 
TRACK;1.11.68-23;-16.37685112;-71.48731074;-1939099.037;2844168.507;E;False; ; ;0; ; ; ; ; ; 
TRACK;1.11.68-23;-16.3766508;-71.4872541;-1939076.214;2844177.551;E;False; ; ;0; ; ; ; ; ; 
TRACK;1.11.68-23;-16.37645956;-71.48733002;-1939052.786;2844171.438;E;False; ; ;0; ; ; ; ; ; 
TRACK;1.11.68-23;-16.3764054;-71.48781671;-1939040.281;2844116.94;E;False; ; ;0; ; ; ; ; ; 
TRACK;1.11.68-23;-16.37675668;-71.48791308;-1939080.341;2844101.417;E;False; ; ;0; ; ; ; ; ; 
TRACK;1.11.68-24; ; ;-1.516416327;20763369.87;E; ; ; ; ; ; ; ; ; ; 
TRACK;1.11.68-24;-16.37637755;-71.48734767;-1939042.926;2844170.508;E;False; ; ;0; ; ; ; ; ; 
TRACK;1.11.68-24;-16.37603453;-71.48728971;-1939003.353;2844181.564;E;False; ; ;0; ; ; ; ; ; 
TRACK;1.11.68-24;-16.37598026;-71.48770381;-1938991.751;2844135.302;E;False; ; ;0; ; ; ; ; ; 
TRACK;1.11.68-24;-16.37604874;-71.48775807;-1938999.114;2844128.252;E;False; ; ;0; ; ; ; ; ; 
TRACK;1.11.68-24;-16.37631913;-71.48780823;-1939030.251;2844119.029;E;False; ; ;0; ; ; ; ; ; 
TRACK;1.11.68-27; ; ;-1.516416327;20763369.87;E; ; ; ; ; ; ; ; ; ; 
TRACK;1.11.68-27;-16.37847788;-71.48565589;-1939311.063;2844334.957;E;False; ; ;0; ; ; ; ; ; 
TRACK;1.11.68-27;-16.37823247;-71.48591669;-1939278.935;2844308.582;E;False; ; ;0; ; ; ; ; ; 
TRACK;1.11.68-27;-16.3788732;-71.48657914;-1939345.862;2844225.064;E;False; ; ;0; ; ; ; ; ; 
TRACK;1.11.68-27;-16.37914142;-71.48629461;-1939380.968;2844253.832;E;False; ; ;0; ; ; ; ; ; 
TRACK;1.11.1-1; ; ;-1.516416327;20763369.87;NA; ; ; ; ; ; ; ; ; ; 
TRACK;1.11.1-1;-16.39270147;-71.52838897;-1940443.319;2839302.703;NA;False; ; ;0; ; ; ; ; ; 
TRACK;1.11.1-1;-16.39327393;-71.52839019;-1940510.551;2839295.093;NA;False; ; ;0; ; ; ; ; ; 
TRACK;1.11.1-1;-16.39324349;-71.5274907;-1940518.308;2839397.486;NA;False; ; ;0; ; ; ; ; ; 
TRACK;1.11.1-1;-16.39245979;-71.52745304;-1940426.72;2839411.986;NA;False; ; ;0; ; ; ; ; ; 
TRACK;1.11.1-1;-16.39219533;-71.52745601;-1940395.617;2839415.101;NA;False; ; ;0; ; ; ; ; ; 
TRACK;1.11.1-1;-16.39207078;-71.52748776;-1940380.586;2839413.126;NA;False; ; ;0; ; ; ; ; ; 
TRACK;1.11.1-1;-16.39174225;-71.52766679;-1940339.738;2839397.113;NA;False; ; ;0; ; ; ; ; ; 
TRACK;1.11.1-1;-16.39116702;-71.5278897;-1940269.357;2839379.342;NA;False; ; ;0; ; ; ; ; ; 
TRACK;1.11.1-1;-16.39125288;-71.52813181;-1940276.393;2839350.767;NA;False; ; ;0; ; ; ; ; ; 
TRACK;1.11.1-1;-16.39173551;-71.52812769;-1940333.14;2839344.936;NA;False; ; ;0; ; ; ; ; ; 
TRACK;1.11.1-1;-16.39224334;-71.52814245;-1940392.609;2839336.636;NA;False; ; ;0; ; ; ; ; ; 
TRACK;1.11.1-1;-16.39257946;-71.52816905;-1940431.757;2839329.233;NA;False; ; ;0; ; ; ; ; ; 
TRACK;1.11.1-1;-16.39258211;-71.52797663;-1940434.494;2839351.017;NA;False; ; ;0; ; ; ; ; ; 
TRACK;1.11.1-1;-16.392629;-71.52800093;-1940439.695;2839347.65;NA;False; ; ;0; ; ; ; ; ; 
TRACK;1.11.1-1;-16.39263754;-71.52826225;-1940437.407;2839317.907;NA;False; ; ;0; ; ; ; ; ; 
TRACK;1.11.6-7; ; ;-1.516416327;20763369.87;NA; ; ; ; ; ; ; ; ; ; 
TRACK;1.11.6-7;-16.39942981;-71.51228232;-1941436.77;2841041.27;NA;False; ; ;0; ; ; ; ; ; 
TRACK;1.11.6-7;-16.39939591;-71.51207708;-1941435.377;2841064.987;NA;False; ; ;0; ; ; ; ; ; 
TRACK;1.11.6-7;-16.39908542;-71.51213202;-1941398.207;2841062.814;NA;False; ; ;0; ; ; ; ; ; 
TRACK;1.11.6-7;-16.39910681;-71.51222845;-1941399.504;2841051.599;NA;False; ; ;0; ; ; ; ; ; 
TRACK;1.11.8-6; ; ;-1.516416327;20763369.87;NA; ; ; ; ; ; ; ; ; ; 
TRACK;1.11.8-6;-16.39637977;-71.51573622;-1941034.896;2840689.451;NA;False; ; ;0; ; ; ; ; ; 
TRACK;1.11.8-6;-16.39582289;-71.51534051;-1940974.464;2840741.599;NA;False; ; ;0; ; ; ; ; ; 
TRACK;1.11.8-6;-16.39570294;-71.51555041;-1940957.726;2840719.363;NA;False; ; ;0; ; ; ; ; ; 
TRACK;1.11.8-6;-16.39588229;-71.51567783;-1940977.189;2840702.571;NA;False; ; ;0; ; ; ; ; ; 
TRACK;1.11.8-6;-16.39593162;-71.51560515;-1940983.901;2840710.169;NA;False; ; ;0; ; ; ; ; ; 
TRACK;1.11.8-6;-16.39598641;-71.51585489;-1940987.188;2840681.133;NA;False; ; ;0; ; ; ; ; ; 
TRACK;1.11.8-6;-16.39619116;-71.51599598;-1941009.463;2840662.459;NA;False; ; ;0; ; ; ; ; ; 
TRACK;1.11.8-7; ; ;-1.516416327;20763369.87;NA; ; ; ; ; ; ; ; ; ; 
TRACK;1.11.8-7;-16.39585807;-71.51608741;-1940969.18;2840656.442;NA;False; ; ;0; ; ; ; ; ; 
TRACK;1.11.8-7;-16.39586287;-71.51614507;-1940969.016;2840649.841;NA;False; ; ;0; ; ; ; ; ; 
TRACK;1.11.8-7;-16.39581542;-71.51613727;-1940963.541;2840651.344;NA;False; ; ;0; ; ; ; ; ; 
TRACK;1.11.8-7;-16.39564875;-71.51637999;-1940940.9;2840625.998;NA;False; ; ;0; ; ; ; ; ; 
TRACK;1.11.8-7;-16.39581398;-71.51649816;-1940958.82;2840610.439;NA;False; ; ;0; ; ; ; ; ; 
TRACK;1.11.8-7;-16.39598008;-71.51622887;-1940981.729;2840638.806;NA;False; ; ;0; ; ; ; ; ; 
TRACK;1.11.8-7;-16.39587285;-71.51614767;-1940970.156;2840649.415;NA;False; ; ;0; ; ; ; ; ; 
TRACK;1.11.8-7;-16.39587055;-71.51609001;-1940970.613;2840655.984;NA;False; ; ;0; ; ; ; ; ; 
TRACK;1.11.8-7;-16.39598069;-71.51592782;-1940985.597;2840672.938;NA;False; ; ;0; ; ; ; ; ; 
TRACK;1.11.8-7;-16.39574723;-71.51576911;-1940960.171;2840693.985;NA;False; ; ;0; ; ; ; ; ; 
TRACK;1.11.8-7;-16.39565616;-71.51591541;-1940947.628;2840678.584;NA;False; ; ;0; ; ; ; ; ; 
TRACK;1.11.8-7;-16.39583822;-71.51605339;-1940967.277;2840660.558;NA;False; ; ;0; ; ; ; ; ; 
TRACK;1.11.8-8; ; ;-1.516416327;20763369.87;NA; ; ; ; ; ; ; ; ; ; 
TRACK;1.11.8-8;-16.39556721;-71.51581205;-1940938.482;2840691.467;NA;False; ; ;0; ; ; ; ; ; 
TRACK;1.11.8-8;-16.39569608;-71.51563293;-1940955.88;2840710.096;NA;False; ; ;0; ; ; ; ; ; 
TRACK;1.11.8-8;-16.39541439;-71.51542508;-1940925.409;2840737.345;NA;False; ; ;0; ; ; ; ; ; 
TRACK;1.11.8-8;-16.39525838;-71.51566885;-1940904.006;2840711.74;NA;False; ; ;0; ; ; ; ; ; 
TRACK;1.11.8-8;-16.39548013;-71.51582839;-1940928.046;2840690.751;NA;False; ; ;0; ; ; ; ; ; 
TRACK;1.11.9-48; ; ;-1.516416327;20763369.87;NA; ; ; ; ; ; ; ; ; ; 
TRACK;1.11.9-48;-16.39053288;-71.52274865;-1940259.636;2839970.6;NA;False; ; ;0; ; ; ; ; ; 
TRACK;1.11.9-48;-16.39064876;-71.5225802;-1940275.371;2839988.188;NA;False; ; ;0; ; ; ; ; ; 
TRACK;1.11.9-48;-16.39025225;-71.52224847;-1940232.971;2840030.982;NA;False; ; ;0; ; ; ; ; ; 
TRACK;1.11.9-48;-16.39013423;-71.52240106;-1940217.184;2840015.22;NA;False; ; ;0; ; ; ; ; ; 
TRACK;1.11.16-5; ; ;-1.516416327;20763369.87;NA; ; ; ; ; ; ; ; ; ; 
TRACK;1.11.16-5;-16.38882143;-71.51483144;-1940158.359;2840890.771;NA;False; ; ;0; ; ; ; ; ; 
TRACK;1.11.16-5;-16.38925038;-71.51417016;-1940217.088;2840960.163;NA;False; ; ;0; ; ; ; ; ; 
TRACK;1.11.16-5;-16.38895228;-71.51391235;-1940185.318;2840993.293;NA;False; ; ;0; ; ; ; ; ; 
TRACK;1.11.16-5;-16.38847258;-71.51454511;-1940120.986;2840927.799;NA;False; ; ;0; ; ; ; ; ; 
TRACK;1.11.20-4; ; ;-1.516416327;20763369.87;NA; ; ; ; ; ; ; ; ; ; 
TRACK;1.11.20-4;-16.38005149;-71.51257804;-1939156.457;2841260.824;NA;False; ; ;0; ; ; ; ; ; 
TRACK;1.11.20-4;-16.38030673;-71.51279442;-1939183.718;2841232.953;NA;False; ; ;0; ; ; ; ; ; 
TRACK;1.11.20-4;-16.38047074;-71.51257379;-1939205.766;2841255.835;NA;False; ; ;0; ; ; ; ; ; 
TRACK;1.11.20-4;-16.38026735;-71.51230581;-1939185.248;2841288.881;NA;False; ; ;0; ; ; ; ; ; 
TRACK;1.11.20-4;-16.38005157;-71.51216185;-1939161.712;2841308.025;NA;False; ; ;0; ; ; ; ; ; 
TRACK;1.11.20-4;-16.37986331;-71.5124179;-1939136.368;2841281.443;NA;False; ; ;0; ; ; ; ; ; 
TRACK;1.11.20-9; ; ;-1.516416327;20763369.87;NA; ; ; ; ; ; ; ; ; ; 
TRACK;1.11.20-9;-16.37932631;-71.51307977;-1939064.94;2841213.387;NA;False; ; ;0; ; ; ; ; ; 
TRACK;1.11.20-9;-16.37945062;-71.51286131;-1939082.297;2841236.541;NA;False; ; ;0; ; ; ; ; ; 
TRACK;1.11.20-9;-16.37932583;-71.5127858;-1939068.588;2841246.733;NA;False; ; ;0; ; ; ; ; ; 
TRACK;1.11.20-9;-16.37922401;-71.51273976;-1939057.206;2841253.285;NA;False; ; ;0; ; ; ; ; ; 
TRACK;1.11.20-9;-16.37913415;-71.5129091;-1939044.515;2841235.251;NA;False; ; ;0; ; ; ; ; ; 
TRACK;1.11.20-9;-16.37920942;-71.51295001;-1939052.843;2841229.63;NA;False; ; ;0; ; ; ; ; ; 
TRACK;1.11.20-9;-16.37911311;-71.51311095;-1939039.5;2841212.633;NA;False; ; ;0; ; ; ; ; ; 
TRACK;1.11.20-9;-16.3791562;-71.51313852;-1939044.214;2841208.944;NA;False; ; ;0; ; ; ; ; ; 
TRACK;1.11.20-9;-16.379135;-71.51318969;-1939041.08;2841203.418;NA;False; ; ;0; ; ; ; ; ; 
TRACK;1.11.20-9;-16.37920762;-71.51326996;-1939048.6;2841193.366;NA;False; ; ;0; ; ; ; ; ; 
TRACK;1.11.22-28; ; ;-1.516416327;20763369.87;NA; ; ; ; ; ; ; ; ; ; 
TRACK;1.11.22-28;-16.37379606;-71.50203925;-1938554.346;2842537.786;NA;False; ; ;0; ; ; ; ; ; 
TRACK;1.11.22-28;-16.373788;-71.50199935;-1938553.903;2842542.416;NA;False; ; ;0; ; ; ; ; ; 
TRACK;1.11.22-28;-16.37352704;-71.50163145;-1938527.88;2842587.552;NA;False; ; ;0; ; ; ; ; ; 
TRACK;1.11.22-28;-16.37316884;-71.50137514;-1938489.024;2842621.301;NA;False; ; ;0; ; ; ; ; ; 
TRACK;1.11.22-28;-16.37264059;-71.50179731;-1938421.638;2842580.313;NA;False; ; ;0; ; ; ; ; ; 
TRACK;1.11.22-28;-16.37320002;-71.50257105;-1938477.615;2842485.248;NA;False; ; ;0; ; ; ; ; ; 
TRACK;1.11.22-38; ; ;-1.516416327;20763369.87;NA; ; ; ; ; ; ; ; ; ; 
TRACK;1.11.22-38;-16.37233089;-71.50294175;-1938370.829;2842454.548;NA;False; ; ;0; ; ; ; ; ; 
TRACK;1.11.22-38;-16.37250457;-71.50319366;-1938388.06;2842423.707;NA;False; ; ;0; ; ; ; ; ; 
TRACK;1.11.22-38;-16.37312991;-71.50261958;-1938468.766;2842480.659;NA;False; ; ;0; ; ; ; ; ; 
TRACK;1.11.22-38;-16.37299958;-71.50242407;-1938455.918;2842504.536;NA;False; ; ;0; ; ; ; ; ; 
TRACK;1.11.22-50; ; ;-1.516416327;20763369.87;NA; ; ; ; ; ; ; ; ; ; 
TRACK;1.11.22-50;-16.37528725;-71.50607528;-1938678.677;2842060.54;NA;False; ; ;0; ; ; ; ; ; 
TRACK;1.11.22-50;-16.37495842;-71.50561023;-1938645.904;2842117.579;NA;False; ; ;0; ; ; ; ; ; 
TRACK;1.11.22-50;-16.37455086;-71.50601404;-1938592.933;2842077.098;NA;False; ; ;0; ; ; ; ; ; 
TRACK;1.11.22-50;-16.37488365;-71.50647271;-1938626.251;2842020.732;NA;False; ; ;0; ; ; ; ; ; 
TRACK;1.11.27-2; ; ;-1.516416327;20763369.87;NA; ; ; ; ; ; ; ; ; ; 
TRACK;1.11.27-2;-16.38002838;-71.50567981;-1939240.684;2842043.492;NA;False; ; ;0; ; ; ; ; ; 
TRACK;1.11.27-2;-16.3800897;-71.50589575;-1939245.166;2842018.2;NA;False; ; ;0; ; ; ; ; ; 
TRACK;1.11.27-2;-16.38047681;-71.50579214;-1939291.953;2842024.896;NA;False; ; ;0; ; ; ; ; ; 
TRACK;1.11.27-2;-16.3803959;-71.5055163;-1939285.924;2842057.238;NA;False; ; ;0; ; ; ; ; ; 
TRACK;1.11.34-1; ; ;-1.516416327;20763369.87;NA; ; ; ; ; ; ; ; ; ; 
TRACK;1.11.34-1;-16.38583945;-71.51057184;-1939861.728;2841412.783;NA;False; ; ;0; ; ; ; ; ; 
TRACK;1.11.34-1;-16.3859617;-71.51027675;-1939879.81;2841444.653;NA;False; ; ;0; ; ; ; ; ; 
TRACK;1.11.34-1;-16.38600343;-71.50995552;-1939888.763;2841480.539;NA;False; ; ;0; ; ; ; ; ; 
TRACK;1.11.34-1;-16.385793;-71.50995693;-1939864.023;2841483.128;NA;False; ; ;0; ; ; ; ; ; 
TRACK;1.11.34-1;-16.38581696;-71.51006976;-1939865.416;2841470.018;NA;False; ; ;0; ; ; ; ; ; 
TRACK;1.11.34-1;-16.38558863;-71.51063681;-1939831.442;2841408.69;NA;False; ; ;0; ; ; ; ; ; 
TRACK;1.11.34-1;-16.38552872;-71.51084744;-1939821.748;2841385.586;NA;False; ; ;0; ; ; ; ; ; 
TRACK;1.11.34-1;-16.38560129;-71.5108933;-1939829.696;2841379.437;NA;False; ; ;0; ; ; ; ; ; 
TRACK;1.11.35-6; ; ;-1.516416327;20763369.87;NA; ; ; ; ; ; ; ; ; ; 
TRACK;1.11.35-6;-16.38516693;-71.50951198;-1939796.079;2841541.766;NA;False; ; ;0; ; ; ; ; ; 
TRACK;1.11.35-6;-16.38521403;-71.50951904;-1939801.524;2841540.35;NA;False; ; ;0; ; ; ; ; ; 
TRACK;1.11.35-6;-16.38524818;-71.50952471;-1939805.464;2841539.26;NA;False; ; ;0; ; ; ; ; ; 
TRACK;1.11.35-6;-16.38528516;-71.50951356;-1939809.949;2841540.043;NA;False; ; ;0; ; ; ; ; ; 
TRACK;1.11.35-6;-16.38530221;-71.50949358;-1939812.205;2841542.086;NA;False; ; ;0; ; ; ; ; ; 
TRACK;1.11.35-6;-16.38532486;-71.50946152;-1939815.269;2841545.426;NA;False; ; ;0; ; ; ; ; ; 
TRACK;1.11.35-6;-16.38533475;-71.50942374;-1939816.908;2841549.581;NA;False; ; ;0; ; ; ; ; ; 
TRACK;1.11.35-6;-16.3853334;-71.50938326;-1939817.26;2841554.19;NA;False; ; ;0; ; ; ; ; ; 
TRACK;1.11.35-6;-16.38531955;-71.50931182;-1939816.532;2841562.473;NA;False; ; ;0; ; ; ; ; ; 
TRACK;1.11.35-6;-16.38526475;-71.50922257;-1939811.22;2841573.31;NA;False; ; ;0; ; ; ; ; ; 
TRACK;1.11.35-6;-16.38503486;-71.50940999;-1939781.849;2841555.057;NA;False; ; ;0; ; ; ; ; ; 
TRACK;1.11.35-6;-16.38513139;-71.50948791;-1939792.208;2841544.96;NA;False; ; ;0; ; ; ; ; ; 
TRACK;1.11.42-6; ; ;-1.516416327;20763369.87;NA; ; ; ; ; ; ; ; ; ; 
TRACK;1.11.42-6;-16.38119419;-71.5027147;-1939415.035;2842364.565;NA;False; ; ;0; ; ; ; ; ; 
TRACK;1.11.42-6;-16.38124821;-71.50231943;-1939426.366;2842408.69;NA;False; ; ;0; ; ; ; ; ; 
TRACK;1.11.42-6;-16.38100792;-71.5022206;-1939399.38;2842423.038;NA;False; ; ;0; ; ; ; ; ; 
TRACK;1.11.42-6;-16.38066594;-71.50220933;-1939359.344;2842428.783;NA;False; ; ;0; ; ; ; ; ; 
TRACK;1.11.42-6;-16.38060696;-71.50259799;-1939347.513;2842385.472;NA;False; ; ;0; ; ; ; ; ; 
TRACK;1.11.42-14; ; ;-1.516416327;20763369.87;NA; ; ; ; ; ; ; ; ; ; 
TRACK;1.11.42-14;-16.37990552;-71.50310576;-1939258.7;2842337.042;NA;False; ; ;0; ; ; ; ; ; 
TRACK;1.11.42-14;-16.37993771;-71.50297829;-1939264.089;2842351.079;NA;False; ; ;0; ; ; ; ; ; 
TRACK;1.11.42-14;-16.37971571;-71.5029223;-1939238.712;2842360.329;NA;False; ; ;0; ; ; ; ; ; 
TRACK;1.11.42-14;-16.37968361;-71.5030553;-1939233.264;2842345.663;NA;False; ; ;0; ; ; ; ; ; 
TRACK;1.11.45-1; ; ;-1.516416327;20763369.87;NA; ; ; ; ; ; ; ; ; ; 
TRACK;1.11.45-1;-16.37868021;-71.49752841;-1939185.064;2842985.639;NA;False; ; ;0; ; ; ; ; ; 
TRACK;1.11.45-1;-16.3785775;-71.49692852;-1939180.561;2843055.022;NA;False; ; ;0; ; ; ; ; ; 
TRACK;1.11.45-1;-16.37831471;-71.49633227;-1939157.205;2843126.086;NA;False; ; ;0; ; ; ; ; ; 
TRACK;1.11.45-1;-16.37799198;-71.49646838;-1939117.569;2843114.863;NA;False; ; ;0; ; ; ; ; ; 
TRACK;1.11.45-1;-16.37826075;-71.49669406;-1939146.302;2843085.754;NA;False; ; ;0; ; ; ; ; ; 
TRACK;1.11.45-1;-16.37846029;-71.4972504;-1939162.731;2843020.045;NA;False; ; ;0; ; ; ; ; ; 
TRACK;1.11.45-1;-16.37846667;-71.49757861;-1939159.34;2842982.734;NA;False; ; ;0; ; ; ; ; ; 
TRACK;1.11.48-1; ; ;-1.516416327;20763369.87;NA; ; ; ; ; ; ; ; ; ; 
TRACK;1.11.48-1;-16.3770758;-71.49381145;-1939043.432;2843428.198;NA;False; ; ;0; ; ; ; ; ; 
TRACK;1.11.48-1;-16.37741292;-71.49355678;-1939086.254;2843452.68;NA;False; ; ;0; ; ; ; ; ; 
TRACK;1.11.48-1;-16.37727615;-71.49337877;-1939072.429;2843474.659;NA;False; ; ;0; ; ; ; ; ; 
TRACK;1.11.48-1;-16.37692319;-71.4936942;-1939026.979;2843443.491;NA;False; ; ;0; ; ; ; ; ; 
TRACK;1.11.48-2; ; ;-1.516416327;20763369.87;NA; ; ; ; ; ; ; ; ; ; 
TRACK;1.11.48-2;-16.37781429;-71.49318749;-1939138.071;2843489.323;NA;False; ; ;0; ; ; ; ; ; 
TRACK;1.11.48-2;-16.3776985;-71.49299823;-1939126.853;2843512.304;NA;False; ; ;0; ; ; ; ; ; 
TRACK;1.11.48-2;-16.37734396;-71.49335506;-1939080.695;2843476.462;NA;False; ; ;0; ; ; ; ; ; 
TRACK;1.11.48-2;-16.37745598;-71.49352226;-1939091.749;2843456.033;NA;False; ; ;0; ; ; ; ; ; 
TRACK;1.11.48-2;-16.37776183;-71.49328507;-1939130.676;2843478.94;NA;False; ; ;0; ; ; ; ; ; 
TRACK;1.11.48-10; ; ;-1.516416327;20763369.87;NA; ; ; ; ; ; ; ; ; ; 
TRACK;1.11.48-10;-16.37673121;-71.48986729;-1939052.694;2843880.082;NA;False; ; ;0; ; ; ; ; ; 
TRACK;1.11.48-10;-16.37597181;-71.49024307;-1938958.726;2843847.38;NA;False; ; ;0; ; ; ; ; ; 
TRACK;1.11.48-10;-16.37650888;-71.49144196;-1939006.707;2843704.373;NA;False; ; ;0; ; ; ; ; ; 
TRACK;1.11.48-10;-16.37725792;-71.4910819;-1939099.259;2843735.426;NA;False; ; ;0; ; ; ; ; ; 
TRACK;1.11.48-13; ; ;-1.516416327;20763369.87;NA; ; ; ; ; ; ; ; ; ; 
TRACK;1.11.48-13;-16.3776749;-71.48841644;-1939181.88;2844032.32;NA;False; ; ;0; ; ; ; ; ; 
TRACK;1.11.48-13;-16.37760644;-71.48819813;-1939176.591;2844057.978;NA;False; ; ;0; ; ; ; ; ; 
TRACK;1.11.48-13;-16.37710816;-71.48817987;-1939118.273;2844066.562;NA;False; ; ;0; ; ; ; ; ; 
TRACK;1.11.48-13;-16.37762036;-71.48932367;-1939164.025;2843930.126;NA;False; ; ;0; ; ; ; ; ; 
TRACK;1.11.48-13;-16.37800649;-71.48913282;-1939211.803;2843946.728;NA;False; ; ;0; ; ; ; ; ; 
TRACK;1.11.48-15; ; ;-1.516416327;20763369.87;NA; ; ; ; ; ; ; ; ; ; 
TRACK;1.11.48-15;-16.37562965;-71.48561433;-1938976.918;2844376.9;NA;False; ; ;0; ; ; ; ; ; 
TRACK;1.11.48-15;-16.37523329;-71.48559903;-1938930.538;2844383.816;NA;False; ; ;0; ; ; ; ; ; 
TRACK;1.11.48-15;-16.37517808;-71.48731076;-1938902.454;2844190.37;NA;False; ; ;0; ; ; ; ; ; 
TRACK;1.11.48-15;-16.37556236;-71.48741126;-1938946.339;2844173.948;NA;False; ; ;0; ; ; ; ; ; 
TRACK;1.11.48-16; ; ;-1.516416327;20763369.87;NA; ; ; ; ; ; ; ; ; ; 
TRACK;1.11.48-16;-16.37516746;-71.48561152;-1938922.644;2844383.259;NA;False; ; ;0; ; ; ; ; ; 
TRACK;1.11.48-16;-16.37472781;-71.48584785;-1938868.004;2844362.197;NA;False; ; ;0; ; ; ; ; ; 
TRACK;1.11.48-16;-16.37478607;-71.48607922;-1938871.93;2844335.191;NA;False; ; ;0; ; ; ; ; ; 
TRACK;1.11.48-16;-16.37473086;-71.48715769;-1938851.837;2844213.577;NA;False; ; ;0; ; ; ; ; ; 
TRACK;1.11.48-16;-16.37510293;-71.48727541;-1938894.07;2844195.362;NA;False; ; ;0; ; ; ; ; ; 
TRACK;1.11.48-17; ; ;-1.516416327;20763369.87;NA; ; ; ; ; ; ; ; ; ; 
TRACK;1.11.48-17;-16.37561223;-71.4849165;-1938983.676;2844456.286;NA;False; ; ;0; ; ; ; ; ; 
TRACK;1.11.48-17;-16.37454639;-71.48540784;-1938852.239;2844414.48;NA;False; ; ;0; ; ; ; ; ; 
TRACK;1.11.48-17;-16.37469298;-71.48574958;-1938865.152;2844373.8;NA;False; ; ;0; ; ; ; ; ; 
TRACK;1.11.48-17;-16.37565026;-71.4852901;-1938983.43;2844413.41;NA;False; ; ;0; ; ; ; ; ; 
TRACK;1.11.48-18; ; ;-1.516416327;20763369.87;NA; ; ; ; ; ; ; ; ; ; 
TRACK;1.11.48-18;-16.37540531;-71.48451639;-1938964.41;2844504.376;NA;False; ; ;0; ; ; ; ; ; 
TRACK;1.11.48-18;-16.37436442;-71.48499863;-1938836.019;2844463.278;NA;False; ; ;0; ; ; ; ; ; 
TRACK;1.11.48-18;-16.37452036;-71.48535182;-1938849.887;2844421.176;NA;False; ; ;0; ; ; ; ; ; 
TRACK;1.11.48-18;-16.37558849;-71.48487083;-1938981.462;2844461.776;NA;False; ; ;0; ; ; ; ; ; 
TRACK;1.11.48-19; ; ;-1.516416327;20763369.87;NA; ; ; ; ; ; ; ; ; ; 
TRACK;1.11.48-19;-16.374499;-71.48540768;-1938846.672;2844415.118;NA;False; ; ;0; ; ; ; ; ; 
TRACK;1.11.48-19;-16.3741361;-71.4856131;-1938801.439;2844396.56;NA;False; ; ;0; ; ; ; ; ; 
TRACK;1.11.48-19;-16.37435422;-71.48603027;-1938821.805;2844346.387;NA;False; ; ;0; ; ; ; ; ; 
TRACK;1.11.48-19;-16.37436172;-71.48643816;-1938817.541;2844300.021;NA;False; ; ;0; ; ; ; ; ; 
TRACK;1.11.48-19;-16.37464231;-71.48700204;-1938843.396;2844232.391;NA;False; ; ;0; ; ; ; ; ; 
TRACK;1.11.48-19;-16.37472664;-71.48610109;-1938864.672;2844333.487;NA;False; ; ;0; ; ; ; ; ; 
TRACK;1.11.48-20; ; ;-1.516416327;20763369.87;NA; ; ; ; ; ; ; ; ; ; 
TRACK;1.11.48-20;-16.37464549;-71.48804333;-1938830.634;2844114.232;NA;False; ; ;0; ; ; ; ; ; 
TRACK;1.11.48-20;-16.37390418;-71.48730356;-1938752.861;2844207.834;NA;False; ; ;0; ; ; ; ; ; 
TRACK;1.11.48-20;-16.37350171;-71.48778087;-1938699.55;2844158.949;NA;False; ; ;0; ; ; ; ; ; 
TRACK;1.11.48-20;-16.37434943;-71.48870862;-1938787.454;2844042.634;NA;False; ; ;0; ; ; ; ; ; 
TRACK;1.11.48-21; ; ;-1.516416327;20763369.87;NA; ; ; ; ; ; ; ; ; ; 
TRACK;1.11.48-21;-16.37337517;-71.48789546;-1938683.237;2844147.604;NA;False; ; ;0; ; ; ; ; ; 
TRACK;1.11.48-21;-16.37297386;-71.48835688;-1938630.262;2844100.507;NA;False; ; ;0; ; ; ; ; ; 
TRACK;1.11.48-21;-16.37391948;-71.48927234;-1938729.824;2843984.308;NA;False; ; ;0; ; ; ; ; ; 
TRACK;1.11.48-21;-16.3742978;-71.48886943;-1938779.359;2844025.068;NA;False; ; ;0; ; ; ; ; ; 
TRACK;1.11.48-22; ; ;-1.516416327;20763369.87;NA; ; ; ; ; ; ; ; ; ; 
TRACK;1.11.48-22;-16.37388989;-71.48941245;-1938724.581;2843968.802;NA;False; ; ;0; ; ; ; ; ; 
TRACK;1.11.48-22;-16.37289642;-71.48844194;-1938620.09;2844091.87;NA;False; ; ;0; ; ; ; ; ; 
TRACK;1.11.48-22;-16.37253824;-71.48886338;-1938572.689;2844048.744;NA;False; ; ;0; ; ; ; ; ; 
TRACK;1.11.48-22;-16.37364156;-71.48971505;-1938691.586;2843937.721;NA;False; ; ;0; ; ; ; ; ; 
TRACK;1.11.48-23; ; ;-1.516416327;20763369.87;NA; ; ; ; ; ; ; ; ; ; 
TRACK;1.11.48-23;-16.37284665;-71.48636654;-1938640.422;2844327.943;NA;False; ; ;0; ; ; ; ; ; 
TRACK;1.11.48-23;-16.37250196;-71.48677801;-1938594.73;2844285.772;NA;False; ; ;0; ; ; ; ; ; 
TRACK;1.11.48-23;-16.37339535;-71.48767217;-1938688.425;2844172.67;NA;False; ; ;0; ; ; ; ; ; 
TRACK;1.11.48-23;-16.37381218;-71.48722338;-1938743.063;2844218.13;NA;False; ; ;0; ; ; ; ; ; 
TRACK;1.11.48-24; ; ;-1.516416327;20763369.87;NA; ; ; ; ; ; ; ; ; ; 
TRACK;1.11.48-24;-16.37232367;-71.48675594;-1938574.059;2844290.604;NA;False; ; ;0; ; ; ; ; ; 
TRACK;1.11.48-24;-16.3718653;-71.48723916;-1938514.104;2844241.78;NA;False; ; ;0; ; ; ; ; ; 
TRACK;1.11.48-24;-16.37289318;-71.48824889;-1938622.145;2844113.811;NA;False; ; ;0; ; ; ; ; ; 
TRACK;1.11.48-24;-16.37331503;-71.48778736;-1938677.534;2844160.652;NA;False; ; ;0; ; ; ; ; ; 
TRACK;1.11.48-25; ; ;-1.516416327;20763369.87;NA; ; ; ; ; ; ; ; ; ; 
TRACK;1.11.48-25;-16.37280286;-71.48832421;-1938610.582;2844106.447;NA;False; ; ;0; ; ; ; ; ; 
TRACK;1.11.48-25;-16.37133842;-71.48686331;-1938456.937;2844291.298;NA;False; ; ;0; ; ; ; ; ; 
TRACK;1.11.48-25;-16.37106524;-71.48720491;-1938420.529;2844256.118;NA;False; ; ;0; ; ; ; ; ; 
TRACK;1.11.48-25;-16.37237285;-71.48876142;-1938554.541;2844062.47;NA;False; ; ;0; ; ; ; ; ; 
TRACK;1.11.48-26; ; ;-1.516416327;20763369.87;NA; ; ; ; ; ; ; ; ; ; 
TRACK;1.11.48-26;-16.3718411;-71.48633212;-1938522.703;2844344.987;NA;False; ; ;0; ; ; ; ; ; 
TRACK;1.11.48-26;-16.37145427;-71.48676945;-1938471.733;2844300.432;NA;False; ; ;0; ; ; ; ; ; 
TRACK;1.11.48-26;-16.37182199;-71.4871496;-1938510.146;2844252.505;NA;False; ; ;0; ; ; ; ; ; 
TRACK;1.11.48-26;-16.37224566;-71.48670545;-1938565.53;2844297.352;NA;False; ; ;0; ; ; ; ; ; 
TRACK;1.11.48-27; ; ;-1.516416327;20763369.87;NA; ; ; ; ; ; ; ; ; ; 
TRACK;1.11.48-27;-16.37155516;-71.48606529;-1938492.471;2844378.991;NA;False; ; ;0; ; ; ; ; ; 
TRACK;1.11.48-27;-16.37128938;-71.48598795;-1938462.217;2844391.237;NA;False; ; ;0; ; ; ; ; ; 
TRACK;1.11.48-27;-16.37079153;-71.48602468;-1938403.255;2844393.575;NA;False; ; ;0; ; ; ; ; ; 
TRACK;1.11.48-27;-16.37098574;-71.48632913;-1938422.235;2844356.502;NA;False; ; ;0; ; ; ; ; ; 
TRACK;1.11.48-27;-16.37138697;-71.48669868;-1938464.718;2844309.339;NA;False; ; ;0; ; ; ; ; ; 
TRACK;1.11.48-27;-16.37176229;-71.48627622;-1938514.148;2844352.358;NA;False; ; ;0; ; ; ; ; ; 
TRACK;1.11.48-28; ; ;-1.516416327;20763369.87;NA; ; ; ; ; ; ; ; ; ; 
TRACK;1.11.48-28;-16.37093434;-71.48645326;-1938414.63;2844343.093;NA;False; ; ;0; ; ; ; ; ; 
TRACK;1.11.48-28;-16.37081537;-71.48623588;-1938403.392;2844369.306;NA;False; ; ;0; ; ; ; ; ; 
TRACK;1.11.48-28;-16.37064851;-71.48608271;-1938385.718;2844388.861;NA;False; ; ;0; ; ; ; ; ; 
TRACK;1.11.48-28;-16.37022992;-71.48653202;-1938330.865;2844343.361;NA;False; ; ;0; ; ; ; ; ; 
TRACK;1.11.48-28;-16.3703687;-71.48677587;-1938344.097;2844313.886;NA;False; ; ;0; ; ; ; ; ; 
TRACK;1.11.48-28;-16.37058243;-71.48689424;-1938367.717;2844297.667;NA;False; ; ;0; ; ; ; ; ; 
TRACK;1.11.48-28;-16.3708708;-71.48719084;-1938397.86;2844260.254;NA;False; ; ;0; ; ; ; ; ; 
TRACK;1.11.48-28;-16.37126215;-71.4867888;-1938448.915;2844300.747;NA;False; ; ;0; ; ; ; ; ; 
TRACK;1.11.51-13; ; ;-1.516416327;20763369.87;NA; ; ; ; ; ; ; ; ; ; 
TRACK;1.11.51-13;-16.37569282;-71.49757651;-1938833.46;2843019.205;NA;False; ; ;0; ; ; ; ; ; 
TRACK;1.11.51-13;-16.37572339;-71.49757548;-1938837.064;2843018.922;NA;False; ; ;0; ; ; ; ; ; 
TRACK;1.11.51-13;-16.37603853;-71.49749474;-1938875.109;2843023.965;NA;False; ; ;0; ; ; ; ; ; 
TRACK;1.11.51-13;-16.3757709;-71.49623564;-1938859.541;2843170.275;NA;False; ; ;0; ; ; ; ; ; 
TRACK;1.11.51-13;-16.37549567;-71.49630792;-1938826.292;2843165.672;NA;False; ; ;0; ; ; ; ; ; 
TRACK;1.11.51-13;-16.37530854;-71.49631114;-1938804.265;2843167.75;NA;False; ; ;0; ; ; ; ; ; 
TRACK;1.11.51-13;-16.37513634;-71.49735804;-1938770.832;2843051.253;NA;False; ; ;0; ; ; ; ; ; 
TRACK;1.11.51-13;-16.37518856;-71.49770218;-1938772.629;2843011.537;NA;False; ; ;0; ; ; ; ; ; 
TRACK;1.11.52-2; ; ;-1.516416327;20763369.87;NA; ; ; ; ; ; ; ; ; ; 
TRACK;1.11.52-2;-16.37683915;-71.49893234;-1938951.049;2842850.447;NA;False; ; ;0; ; ; ; ; ; 
TRACK;1.11.52-2;-16.37663115;-71.49857537;-1938931.113;2842893.654;NA;False; ; ;0; ; ; ; ; ; 
TRACK;1.11.52-2;-16.3763719;-71.49872139;-1938898.811;2842880.477;NA;False; ; ;0; ; ; ; ; ; 
TRACK;1.11.52-2;-16.37657022;-71.49910218;-1938917.312;2842834.695;NA;False; ; ;0; ; ; ; ; ; 
TRACK;1.11.52-18; ; ;-1.516416327;20763369.87;NA; ; ; ; ; ; ; ; ; ; 
TRACK;1.11.52-18;-16.37551045;-71.50166419;-1938760.498;2842557.942;NA;False; ; ;0; ; ; ; ; ; 
TRACK;1.11.52-18;-16.37584467;-71.50147666;-1938802.129;2842574.848;NA;False; ; ;0; ; ; ; ; ; 
TRACK;1.11.52-18;-16.3750617;-71.50006888;-1938727.886;2842744.749;NA;False; ; ;0; ; ; ; ; ; 
TRACK;1.11.52-18;-16.37490979;-71.50022473;-1938708.072;2842729.055;NA;False; ; ;0; ; ; ; ; ; 
TRACK;1.11.52-18;-16.37490736;-71.50048095;-1938704.557;2842700.025;NA;False; ; ;0; ; ; ; ; ; 
TRACK;1.11.52-18;-16.3751297;-71.50094697;-1938724.805;2842644.263;NA;False; ; ;0; ; ; ; ; ; 
TRACK;1.11.52-20; ; ;-1.516416327;20763369.87;NA; ; ; ; ; ; ; ; ; ; 
TRACK;1.11.52-20;-16.37511928;-71.49999146;-1938735.626;2842752.778;NA;False; ; ;0; ; ; ; ; ; 
TRACK;1.11.52-20;-16.37541259;-71.49982029;-1938772.245;2842768.363;NA;False; ; ;0; ; ; ; ; ; 
TRACK;1.11.52-20;-16.37520772;-71.49946092;-1938752.706;2842811.799;NA;False; ; ;0; ; ; ; ; ; 
TRACK;1.11.52-20;-16.37498391;-71.49980129;-1938722.119;2842776.116;NA;False; ; ;0; ; ; ; ; ; 
TRACK;1.11.52-20;-16.37495267;-71.499835;-1938718.023;2842772.7;NA;False; ; ;0; ; ; ; ; ; 
TRACK;1.11.52-20;-16.37494472;-71.4998581;-1938716.798;2842770.184;NA;False; ; ;0; ; ; ; ; ; 
TRACK;1.11.52-20;-16.37487881;-71.49997201;-1938707.619;2842758.124;NA;False; ; ;0; ; ; ; ; ; 
TRACK;1.11.52-20;-16.37498193;-71.50011979;-1938717.871;2842740.016;NA;False; ; ;0; ; ; ; ; ; 
TRACK;1.11.55-2; ; ;-1.516416327;20763369.87;NA; ; ; ; ; ; ; ; ; ; 
TRACK;1.11.55-2;-16.37167377;-71.50104483;-1938317.53;2842678.286;NA;False; ; ;0; ; ; ; ; ; 
TRACK;1.11.55-2;-16.37135298;-71.50060278;-1938285.411;2842732.615;NA;False; ; ;0; ; ; ; ; ; 
TRACK;1.11.55-2;-16.3711892;-71.5007388;-1938264.454;2842719.325;NA;False; ; ;0; ; ; ; ; ; 
TRACK;1.11.55-2;-16.37151679;-71.50117365;-1938297.463;2842665.724;NA;False; ; ;0; ; ; ; ; ; 
TRACK;1.11.57-5; ; ;-1.516416327;20763369.87;NA; ; ; ; ; ; ; ; ; ; 
TRACK;1.11.57-5;-16.37137415;-71.49570677;-1938349.616;2843287.688;NA;False; ; ;0; ; ; ; ; ; 
TRACK;1.11.57-5;-16.3710324;-71.4951436;-1938316.562;2843356.032;NA;False; ; ;0; ; ; ; ; ; 
TRACK;1.11.57-5;-16.37099872;-71.49513815;-1938312.673;2843357.09;NA;False; ; ;0; ; ; ; ; ; 
TRACK;1.11.57-5;-16.370773;-71.49529025;-1938284.234;2843342.785;NA;False; ; ;0; ; ; ; ; ; 
TRACK;1.11.57-5;-16.37113287;-71.49587443;-1938319.152;2843271.821;NA;False; ; ;0; ; ; ; ; ; 
TRACK;1.11.58-15; ; ;-1.516416327;20763369.87;NA; ; ; ; ; ; ; ; ; ; 
TRACK;1.11.58-15;-16.37301858;-71.49378006;-1938567.122;2843484.759;NA;False; ; ;0; ; ; ; ; ; 
TRACK;1.11.58-15;-16.37305491;-71.49368541;-1938572.583;2843495.021;NA;False; ; ;0; ; ; ; ; ; 
TRACK;1.11.58-15;-16.37289299;-71.49353666;-1938555.435;2843514.008;NA;False; ; ;0; ; ; ; ; ; 
TRACK;1.11.58-15;-16.37291205;-71.49382279;-1938554.066;2843481.303;NA;False; ; ;0; ; ; ; ; ; 
TRACK;1.11.58-28; ; ;-1.516416327;20763369.87;NA; ; ; ; ; ; ; ; ; ; 
TRACK;1.11.58-28;-16.3704606;-71.49431986;-1938259.763;2843456.937;NA;False; ; ;0; ; ; ; ; ; 
TRACK;1.11.58-28;-16.37050891;-71.49452145;-1938262.898;2843433.44;NA;False; ; ;0; ; ; ; ; ; 
TRACK;1.11.58-28;-16.37066155;-71.4944911;-1938281.215;2843434.889;NA;False; ; ;0; ; ; ; ; ; 
TRACK;1.11.58-28;-16.37082634;-71.49448002;-1938300.716;2843433.993;NA;False; ; ;0; ; ; ; ; ; 
TRACK;1.11.58-28;-16.37078486;-71.49424933;-1938298.751;2843460.703;NA;False; ; ;0; ; ; ; ; ; 
TRACK;1.11.60-1; ; ;-1.516416327;20763369.87;NA; ; ; ; ; ; ; ; ; ; 
TRACK;1.11.60-1;-16.37047205;-71.49089831;-1938304.249;2843844.905;NA;False; ; ;0; ; ; ; ; ; 
TRACK;1.11.60-1;-16.37043884;-71.49043185;-1938306.231;2843898.252;NA;False; ; ;0; ; ; ; ; ; 
TRACK;1.11.60-1;-16.3704102;-71.49011732;-1938306.832;2843934.305;NA;False; ; ;0; ; ; ; ; ; 
TRACK;1.11.60-1;-16.36997899;-71.49011844;-1938256.15;2843939.81;NA;False; ; ;0; ; ; ; ; ; 
TRACK;1.11.60-1;-16.37001616;-71.49046729;-1938256.119;2843899.753;NA;False; ; ;0; ; ; ; ; ; 
TRACK;1.11.60-7; ; ;-1.516416327;20763369.87;NA; ; ; ; ; ; ; ; ; ; 
TRACK;1.11.60-7;-16.3693103;-71.49327465;-1938137.784;2843590.521;NA;False; ; ;0; ; ; ; ; ; 
TRACK;1.11.60-7;-16.36922521;-71.49356981;-1938124.065;2843558.151;NA;False; ; ;0; ; ; ; ; ; 
TRACK;1.11.60-7;-16.36927079;-71.49362621;-1938128.709;2843551.158;NA;False; ; ;0; ; ; ; ; ; 
TRACK;1.11.60-7;-16.36947725;-71.49361618;-1938153.094;2843549.6;NA;False; ; ;0; ; ; ; ; ; 
TRACK;1.11.60-7;-16.36945108;-71.49326732;-1938154.417;2843589.514;NA;False; ; ;0; ; ; ; ; ; 
TRACK;1.11.60-8; ; ;-1.516416327;20763369.87;NA; ; ; ; ; ; ; ; ; ; 
TRACK;1.11.60-8;-16.36935385;-71.49253715;-1938152.199;2843673.609;NA;False; ; ;0; ; ; ; ; ; 
TRACK;1.11.60-8;-16.36933439;-71.49154521;-1938162.42;2843786.383;NA;False; ; ;0; ; ; ; ; ; 
TRACK;1.11.60-8;-16.368992;-71.49163257;-1938121.088;2843780.945;NA;False; ; ;0; ; ; ; ; ; 
TRACK;1.11.60-8;-16.36902288;-71.4923618;-1938115.522;2843697.823;NA;False; ; ;0; ; ; ; ; ; 
TRACK;1.11.60-8;-16.36900483;-71.49269821;-1938109.159;2843659.898;NA;False; ; ;0; ; ; ; ; ; 
TRACK;1.11.60-8;-16.36893923;-71.49355005;-1938090.713;2843564.127;NA;False; ; ;0; ; ; ; ; ; 
TRACK;1.11.60-8;-16.36914662;-71.49356418;-1938114.902;2843559.816;NA;False; ; ;0; ; ; ; ; ; 
TRACK;1.11.60-8;-16.36930801;-71.49301159;-1938140.831;2843620.39;NA;False; ; ;0; ; ; ; ; ; 
TRACK;1.11.60-16; ; ;-1.516416327;20763369.87;NA; ; ; ; ; ; ; ; ; ; 
TRACK;1.11.60-16;-16.36783816;-71.48853348;-1938024.59;2844147.565;NA;False; ; ;0; ; ; ; ; ; 
TRACK;1.11.60-16;-16.36768568;-71.48856583;-1938006.266;2844145.887;NA;False; ; ;0; ; ; ; ; ; 
TRACK;1.11.60-16;-16.36777634;-71.48879097;-1938014.08;2844119.164;NA;False; ; ;0; ; ; ; ; ; 
TRACK;1.11.60-16;-16.36797577;-71.48871172;-1938038.511;2844125.549;NA;False; ; ;0; ; ; ; ; ; 
TRACK;1.11.60-22; ; ;-1.516416327;20763369.87;NA; ; ; ; ; ; ; ; ; ; 
TRACK;1.11.60-22;-16.36653236;-71.48871675;-1937868.847;2844143.831;NA;False; ; ;0; ; ; ; ; ; 
TRACK;1.11.60-22;-16.36612569;-71.48907623;-1937816.531;2844108.364;NA;False; ; ;0; ; ; ; ; ; 
TRACK;1.11.60-22;-16.36628501;-71.48932849;-1937832.07;2844077.666;NA;False; ; ;0; ; ; ; ; ; 
TRACK;1.11.60-22;-16.36674262;-71.48916816;-1937887.861;2844089.878;NA;False; ; ;0; ; ; ; ; ; 
TRACK;1.11-60-24; ; ;-1.516416327;20763369.87;NA; ; ; ; ; ; ; ; ; ; 
TRACK;1.11-60-24;-16.36888033;-71.49355663;-1938083.709;2843564.15;NA;False; ; ;0; ; ; ; ; ; 
TRACK;1.11-60-24;-16.36886915;-71.49325207;-1938086.235;2843598.844;NA;False; ; ;0; ; ; ; ; ; 
TRACK;1.11-60-24;-16.36858782;-71.49331719;-1938052.358;2843595.13;NA;False; ; ;0; ; ; ; ; ; 
TRACK;1.11-60-24;-16.36869519;-71.49359604;-1938061.458;2843562.097;NA;False; ; ;0; ; ; ; ; ; 
TRACK;1.11.60-25; ; ;-1.516416327;20763369.87;NA; ; ; ; ; ; ; ; ; ; 
TRACK;1.11.60-25;-16.36892165;-71.49269832;-1938099.385;2843660.971;NA;False; ; ;0; ; ; ; ; ; 
TRACK;1.11.60-25;-16.36864304;-71.49272996;-1938066.251;2843661.021;NA;False; ; ;0; ; ; ; ; ; 
TRACK;1.11.60-25;-16.3688696;-71.49304945;-1938088.843;2843621.821;NA;False; ; ;0; ; ; ; ; ; 
TRACK;1.11.63-2; ; ;-1.516416327;20763369.87;NA; ; ; ; ; ; ; ; ; ; 
TRACK;1.11.63-2;-16.39108563;-71.51105158;-1940472.012;2841289.858;NA;False; ; ;0; ; ; ; ; ; 
TRACK;1.11.63-2;-16.39156612;-71.51072099;-1940532.63;2841321.072;NA;False; ; ;0; ; ; ; ; ; 
TRACK;1.11.63-2;-16.39119866;-71.51008622;-1940497.464;2841397.859;NA;False; ; ;0; ; ; ; ; ; 
TRACK;1.11.63-2;-16.39087738;-71.51027429;-1940457.349;2841380.728;NA;False; ; ;0; ; ; ; ; ; 
TRACK;1.11.63-2;-16.39087736;-71.51027745;-1940457.306;2841380.37;NA;False; ; ;0; ; ; ; ; ; 
TRACK;1.11.63-2;-16.39071149;-71.51065538;-1940433.054;2841339.677;NA;False; ; ;0; ; ; ; ; ; 
TRACK;1.11.63-2;-16.39048106;-71.51084107;-1940403.642;2841321.628;NA;False; ; ;0; ; ; ; ; ; 
TRACK;1.11.63-2;-16.39050991;-71.51122497;-1940402.19;2841277.714;NA;False; ; ;0; ; ; ; ; ; 
TRACK;1.11.63-2;-16.39088195;-71.51114902;-1940446.855;2841281.468;NA;False; ; ;0; ; ; ; ; ; 
TRACK;1.11.64-1; ; ;-1.516416327;20763369.87;NA; ; ; ; ; ; ; ; ; ; 
TRACK;1.11.64-1;-16.3953734;-71.5125605;-1940956.715;2841062.726;NA;False; ; ;0; ; ; ; ; ; 
TRACK;1.11.64-1;-16.39526515;-71.51246625;-1940945.186;2841074.829;NA;False; ; ;0; ; ; ; ; ; 
TRACK;1.11.64-1;-16.39418757;-71.51402776;-1940798.902;2840911.828;NA;False; ; ;0; ; ; ; ; ; 
TRACK;1.11.64-1;-16.39432832;-71.51413007;-1940814.148;2840898.387;NA;False; ; ;0; ; ; ; ; ; 
TRACK;1.11.64-10; ; ;-1.516416327;20763369.87;NA; ; ; ; ; ; ; ; ; ; 
TRACK;1.11.64-10;-16.39368996;-71.511378;-1940773.857;2841218.818;NA;False; ; ;0; ; ; ; ; ; 
TRACK;1.11.64-10;-16.3936734;-71.51133491;-1940772.455;2841223.922;NA;False; ; ;0; ; ; ; ; ; 
TRACK;1.11.64-10;-16.39366788;-71.51128312;-1940772.46;2841229.867;NA;False; ; ;0; ; ; ; ; ; 
TRACK;1.11.64-10;-16.39367066;-71.51122839;-1940773.476;2841236.038;NA;False; ; ;0; ; ; ; ; ; 
TRACK;1.11.64-10;-16.3936762;-71.5111736;-1940774.818;2841242.178;NA;False; ; ;0; ; ; ; ; ; 
TRACK;1.11.64-10;-16.39355201;-71.51108515;-1940761.343;2841253.831;NA;False; ; ;0; ; ; ; ; ; 
TRACK;1.11.64-10;-16.39301101;-71.5118686;-1940687.906;2841172.053;NA;False; ; ;0; ; ; ; ; ; 
TRACK;1.11.64-10;-16.3932822;-71.51206891;-1940717.24;2841145.794;NA;False; ; ;0; ; ; ; ; ; 
TRACK;1.11.64-10;-16.39372864;-71.51143252;-1940777.713;2841212.13;NA;False; ; ;0; ; ; ; ; ; 
TRACK;1.11.64-11; ; ;-1.516416327;20763369.87;NA; ; ; ; ; ; ; ; ; ; 
TRACK;1.11.64-11;-16.39392616;-71.51149456;-1940800.136;2841202.515;NA;False; ; ;0; ; ; ; ; ; 
TRACK;1.11.64-11;-16.39388719;-71.51150052;-1940795.482;2841202.347;NA;False; ; ;0; ; ; ; ; ; 
TRACK;1.11.64-11;-16.39381762;-71.51148624;-1940787.49;2841204.877;NA;False; ; ;0; ; ; ; ; ; 
TRACK;1.11.64-11;-16.39369229;-71.51164617;-1940770.748;2841188.377;NA;False; ; ;0; ; ; ; ; ; 
TRACK;1.11.64-11;-16.39439797;-71.51215452;-1940847.241;2841121.509;NA;False; ; ;0; ; ; ; ; ; 
TRACK;1.11.64-11;-16.39455439;-71.511933;-1940868.412;2841144.586;NA;False; ; ;0; ; ; ; ; ; 
TRACK;1.11.64-11;-16.39394566;-71.51148867;-1940802.501;2841202.928;NA;False; ; ;0; ; ; ; ; ; 
TRACK;1.11.64-12; ; ;-1.516416327;20763369.87;NA; ; ; ; ; ; ; ; ; ; 
TRACK;1.11.64-12;-16.39520647;-71.5124068;-1940939.043;2841082.337;NA;False; ; ;0; ; ; ; ; ; 
TRACK;1.11.64-12;-16.39458813;-71.51197228;-1940871.88;2841139.691;NA;False; ; ;0; ; ; ; ; ; 
TRACK;1.11.64-12;-16.39444606;-71.51217927;-1940852.579;2841118.074;NA;False; ; ;0; ; ; ; ; ; 
TRACK;1.11.64-12;-16.39506131;-71.51262652;-1940919.219;2841059.317;NA;False; ; ;0; ; ; ; ; ; 
TRACK;1.11.64-13; ; ;-1.516416327;20763369.87;NA; ; ; ; ; ; ; ; ; ; 
TRACK;1.11.64-13;-16.3952225;-71.51209167;-1940944.901;2841117.865;NA;False; ; ;0; ; ; ; ; ; 
TRACK;1.11.64-13;-16.3953103;-71.51159565;-1940961.47;2841172.967;NA;False; ; ;0; ; ; ; ; ; 
TRACK;1.11.64-13;-16.39485734;-71.51156548;-1940908.638;2841182.306;NA;False; ; ;0; ; ; ; ; ; 
TRACK;1.11.64-13;-16.39415524;-71.51103251;-1940832.875;2841251.92;NA;False; ; ;0; ; ; ; ; ; 
TRACK;1.11.64-13;-16.39407688;-71.5111532;-1940822.147;2841239.258;NA;False; ; ;0; ; ; ; ; ; 
TRACK;1.11.64-13;-16.39411626;-71.51120903;-1940826.069;2841232.411;NA;False; ; ;0; ; ; ; ; ; 
TRACK;1.11.64-13;-16.39413036;-71.51125606;-1940827.133;2841226.894;NA;False; ; ;0; ; ; ; ; ; 
TRACK;1.11.64-13;-16.39413042;-71.51130308;-1940826.547;2841221.56;NA;False; ; ;0; ; ; ; ; ; 
TRACK;1.11.64-13;-16.39516295;-71.51209729;-1940937.833;2841118.005;NA;False; ; ;0; ; ; ; ; ; 
TRACK;1.11.64-19; ; ;-1.516416327;20763369.87;NA; ; ; ; ; ; ; ; ; ; 
TRACK;1.11.64-19;-16.3955788;-71.51161018;-1940992.831;2841167.812;NA;False; ; ;0; ; ; ; ; ; 
TRACK;1.11.64-19;-16.3954274;-71.51160725;-1940975.081;2841170.121;NA;False; ; ;0; ; ; ; ; ; 
TRACK;1.11.64-19;-16.39529594;-71.51220906;-1940952.048;2841103.593;NA;False; ; ;0; ; ; ; ; ; 
TRACK;1.11.64-19;-16.39543877;-71.51231687;-1940967.468;2841089.501;NA;False; ; ;0; ; ; ; ; ; 
TRACK;1.11.67-10; ; ;-1.516416327;20763369.87;NA; ; ; ; ; ; ; ; ; ; 
TRACK;1.11.67-10;-16.37593554;-71.49538996;-1938889.549;2843264.048;NA;False; ; ;0; ; ; ; ; ; 
TRACK;1.11.67-10;-16.3757903;-71.49544805;-1938871.752;2843259.355;NA;False; ; ;0; ; ; ; ; ; 
TRACK;1.11.67-10;-16.37596357;-71.4957222;-1938888.654;2843225.996;NA;False; ; ;0; ; ; ; ; ; 
TRACK;1.11.67-10;-16.37604499;-71.49578439;-1938897.435;2843217.879;NA;False; ; ;0; ; ; ; ; ; 
TRACK;1.11.67-11; ; ;-1.516416327;20763369.87;NA; ; ; ; ; ; ; ; ; ; 
TRACK;1.11.67-11;-16.37498982;-71.49234968;-1938816.774;2843621.257;NA;False; ; ;0; ; ; ; ; ; 
TRACK;1.11.67-11;-16.37493068;-71.4926704;-1938805.78;2843585.651;NA;False; ; ;0; ; ; ; ; ; 
TRACK;1.11.67-11;-16.37517246;-71.49273248;-1938833.406;2843575.45;NA;False; ; ;0; ; ; ; ; ; 
TRACK;1.11.67-11;-16.37526558;-71.49238065;-1938848.784;2843614.141;NA;False; ; ;0; ; ; ; ; ; 
TRACK;1.11.67-12; ; ;-1.516416327;20763369.87;NA; ; ; ; ; ; ; ; ; ; 
TRACK;1.11.67-12;-16.37517125;-71.49195699;-1938843.044;2843663.43;NA;False; ; ;0; ; ; ; ; ; 
TRACK;1.11.67-12;-16.37498426;-71.49200802;-1938820.429;2843660.084;NA;False; ; ;0; ; ; ; ; ; 
TRACK;1.11.67-12;-16.37500805;-71.49214753;-1938821.465;2843643.948;NA;False; ; ;0; ; ; ; ; ; 
TRACK;1.11.67-12;-16.37500774;-71.49232117;-1938819.239;2843624.257;NA;False; ; ;0; ; ; ; ; ; 
TRACK;1.11.67-12;-16.37528279;-71.49231323;-1938851.656;2843621.564;NA;False; ; ;0; ; ; ; ; ; 
TRACK;1.11.67-12;-16.37530056;-71.49214422;-1938855.876;2843640.503;NA;False; ; ;0; ; ; ; ; ; 
TRACK;1.11.67-13; ; ;-1.516416327;20763369.87;NA; ; ; ; ; ; ; ; ; ; 
TRACK;1.11.67-13;-16.37457783;-71.49232239;-1938768.71;2843629.734;NA;False; ; ;0; ; ; ; ; ; 
TRACK;1.11.67-13;-16.37466817;-71.49222761;-1938780.52;2843639.306;NA;False; ; ;0; ; ; ; ; ; 
TRACK;1.11.67-13;-16.37436032;-71.49154789;-1938752.921;2843720.429;NA;False; ; ;0; ; ; ; ; ; 
TRACK;1.11.67-13;-16.37413279;-71.49167489;-1938724.585;2843708.995;NA;False; ; ;0; ; ; ; ; ; 
TRACK;1.11.67-13;-16.3746144;-71.49270064;-1938768.236;2843586.352;NA;False; ; ;0; ; ; ; ; ; 
TRACK;1.11.67-13;-16.37471467;-71.49268405;-1938780.228;2843586.924;NA;False; ; ;0; ; ; ; ; ; 
TRACK;1.11.68-12; ; ;-1.516416327;20763369.87;NA; ; ; ; ; ; ; ; ; ; 
TRACK;1.11.68-12;-16.38020557;-71.48634796;-1939505.333;2844233.87;NA;False; ; ;0; ; ; ; ; ; 
TRACK;1.11.68-12;-16.38006334;-71.48624108;-1939489.969;2844247.852;NA;False; ; ;0; ; ; ; ; ; 
TRACK;1.11.68-12;-16.37992624;-71.48589693;-1939478.204;2844288.683;NA;False; ; ;0; ; ; ; ; ; 
TRACK;1.11.68-12;-16.37987352;-71.4859187;-1939471.735;2844286.902;NA;False; ; ;0; ; ; ; ; ; 
TRACK;1.11.68-12;-16.37998979;-71.48632024;-1939480.328;2844239.835;NA;False; ; ;0; ; ; ; ; ; 
TRACK;1.11.68-12;-16.38008075;-71.48650591;-1939488.673;2844217.585;NA;False; ; ;0; ; ; ; ; ; 
TRACK;1.11.68-12;-16.38021845;-71.48662612;-1939503.336;2844202.15;NA;False; ; ;0; ; ; ; ; ; 
TRACK;1.11.68-12;-16.38038744;-71.48644243;-1939525.51;2844220.777;NA;False; ; ;0; ; ; ; ; ; 
TRACK;1.11.68-17; ; ;-1.516416327;20763369.87;NA; ; ; ; ; ; ; ; ; ; 
TRACK;1.11.68-17;-16.37898725;-71.48825118;-1939338.164;2844033.913;NA;False; ; ;0; ; ; ; ; ; 
TRACK;1.11.68-17;-16.37852307;-71.48811882;-1939285.294;2844054.994;NA;False; ; ;0; ; ; ; ; ; 
TRACK;1.11.68-17;-16.37806043;-71.48818374;-1939230.115;2844053.676;NA;False; ; ;0; ; ; ; ; ; 
TRACK;1.11.68-17;-16.37806819;-71.48826134;-1939230.048;2844044.773;NA;False; ; ;0; ; ; ; ; ; 
TRACK;1.11.68-17;-16.37848365;-71.48820764;-1939279.542;2844045.435;NA;False; ; ;0; ; ; ; ; ; 
TRACK;1.11.68-17;-16.37895643;-71.48837843;-1939332.938;2844019.883;NA;False; ; ;0; ; ; ; ; ; 
TRACK;1.11.68-21; ; ;-1.516416327;20763369.87;NA; ; ; ; ; ; ; ; ; ; 
TRACK;1.11.68-21;-16.37769524;-71.48756705;-1939194.987;2844128.402;NA;False; ; ;0; ; ; ; ; ; 
TRACK;1.11.68-21;-16.37737549;-71.48751961;-1939158.014;2844137.962;NA;False; ; ;0; ; ; ; ; ; 
TRACK;1.11.68-21;-16.37732875;-71.48799959;-1939146.467;2844084.127;NA;False; ; ;0; ; ; ; ; ; 
TRACK;1.11.68-21;-16.3776465;-71.48807958;-1939182.793;2844070.902;NA;False; ; ;0; ; ; ; ; ; 
TRACK;1.11.68-22; ; ;-1.516416327;20763369.87;NA; ; ; ; ; ; ; ; ; ; 
TRACK;1.11.68-22;-16.37726769;-71.48745291;-1939146.189;2844146.936;NA;False; ; ;0; ; ; ; ; ; 
TRACK;1.11.68-22;-16.37689252;-71.48739905;-1939102.787;2844157.949;NA;False; ; ;0; ; ; ; ; ; 
TRACK;1.11.68-22;-16.37681867;-71.48790682;-1939087.703;2844101.317;NA;False; ; ;0; ; ; ; ; ; 
TRACK;1.11.68-22;-16.37718808;-71.48796963;-1939130.316;2844089.365;NA;False; ; ;0; ; ; ; ; ; 
TRACK;1.11.68-25; ; ;-1.516416327;20763369.87;NA; ; ; ; ; ; ; ; ; ; 
TRACK;1.11.68-25;-16.37784994;-71.48634981;-1939228.523;2844264.453;NA;False; ; ;0; ; ; ; ; ; 
TRACK;1.11.68-25;-16.37755194;-71.48662369;-1939190.051;2844237.281;NA;False; ; ;0; ; ; ; ; ; 
TRACK;1.11.68-25;-16.37822002;-71.48724625;-1939260.695;2844157.931;NA;False; ; ;0; ; ; ; ; ; 
TRACK;1.11.68-25;-16.3784824;-71.48698208;-1939294.859;2844184.467;NA;False; ; ;0; ; ; ; ; ; 
TRACK;1.11.68-26; ; ;-1.516416327;20763369.87;NA; ; ; ; ; ; ; ; ; ; 
TRACK;1.11.68-26;-16.37856938;-71.48693259;-1939305.704;2844188.943;NA;False; ; ;0; ; ; ; ; ; 
TRACK;1.11.68-26;-16.37883951;-71.48662598;-1939341.312;2844220.192;NA;False; ; ;0; ; ; ; ; ; 
TRACK;1.11.68-26;-16.378197;-71.48596962;-1939274.1;2844303.042;NA;False; ; ;0; ; ; ; ; ; 
TRACK;1.11.68-26;-16.37788233;-71.48630932;-1939232.84;2844268.622;NA;False; ; ;0; ; ; ; ; ; 
TRACK;1.11.68-28; ; ;-1.516416327;20763369.87;NA; ; ; ; ; ; ; ; ; ; 
TRACK;1.11.68-28;-16.37944739;-71.48583885;-1939422.671;2844301.53;NA;False; ; ;0; ; ; ; ; ; 
TRACK;1.11.68-28;-16.37942737;-71.48569359;-1939422.153;2844318.269;NA;False; ; ;0; ; ; ; ; ; 
TRACK;1.11.68-28;-16.37938701;-71.48556411;-1939419.044;2844333.483;NA;False; ; ;0; ; ; ; ; ; 
TRACK;1.11.68-28;-16.37928406;-71.4854429;-1939408.477;2844348.579;NA;False; ; ;0; ; ; ; ; ; 
TRACK;1.11.68-28;-16.37884404;-71.48592177;-1939350.732;2844300.012;NA;False; ; ;0; ; ; ; ; ; 
TRACK;1.11.68-28;-16.37917094;-71.48621851;-1939385.397;2844262.079;NA;False; ; ;0; ; ; ; ; ; 
TRACK;1.11.68-28;-16.37942071;-71.48594128;-1939418.244;2844290.261;NA;False; ; ;0; ; ; ; ; ; 
TRACK;1.11.68-29; ; ;-1.516416327;20763369.87;NA; ; ; ; ; ; ; ; ; ; 
TRACK;1.11.68-29;-16.37899408;-71.48512799;-1939378.378;2844388.09;NA;False; ; ;0; ; ; ; ; ; 
TRACK;1.11.68-29;-16.37851185;-71.48560739;-1939315.665;2844340.014;NA;False; ; ;0; ; ; ; ; ; 
TRACK;1.11.68-29;-16.37881644;-71.4858704;-1939348.137;2844306.2;NA;False; ; ;0; ; ; ; ; ; 
TRACK;1.11.68-29;-16.37923497;-71.48541942;-1939403.005;2844351.883;NA;False; ; ;0; ; ; ; ; ; 
TRACK;1.11.69-3; ; ;-1.516416327;20763369.87;NA; ; ; ; ; ; ; ; ; ; 
TRACK;1.11.69-3;-16.40252238;-71.52930138;-1941585.473;2839071.039;NA;False; ; ;0; ; ; ; ; ; 
TRACK;1.11.69-3;-16.40348145;-71.52847341;-1941708.569;2839152.396;NA;False; ; ;0; ; ; ; ; ; 
TRACK;1.11.69-3;-16.40385778;-71.52805278;-1941758.078;2839195.175;NA;False; ; ;0; ; ; ; ; ; 
TRACK;1.11.69-3;-16.40393158;-71.5279042;-1941768.62;2839211.058;NA;False; ; ;0; ; ; ; ; ; 
TRACK;1.11.69-3;-16.4038673;-71.52785289;-1941761.716;2839217.716;NA;False; ; ;0; ; ; ; ; ; 
TRACK;1.11.69-3;-16.40423278;-71.52745259;-1941809.695;2839258.33;NA;False; ; ;0; ; ; ; ; ; 
TRACK;1.11.69-3;-16.40290824;-71.52580669;-1941674.851;2839462.253;NA;False; ; ;0; ; ; ; ; ; 
TRACK;1.11.69-3;-16.40273267;-71.52598224;-1941652.014;2839444.64;NA;False; ; ;0; ; ; ; ; ; 
TRACK;1.11.69-3;-16.40271516;-71.52616388;-1941647.667;2839424.273;NA;False; ; ;0; ; ; ; ; ; 
TRACK;1.11.69-3;-16.40265334;-71.52633846;-1941638.204;2839405.286;NA;False; ; ;0; ; ; ; ; ; 
TRACK;1.11.69-3;-16.40253235;-71.52648146;-1941622.189;2839390.651;NA;False; ; ;0; ; ; ; ; ; 
TRACK;1.11.69-3;-16.40246869;-71.52647308;-1941614.817;2839392.432;NA;False; ; ;0; ; ; ; ; ; 
TRACK;1.11.69-3;-16.402184;-71.52676286;-1941577.721;2839363.293;NA;False; ; ;0; ; ; ; ; ; 
TRACK;1.11.69-3;-16.40210245;-71.52689924;-1941566.423;2839348.895;NA;False; ; ;0; ; ; ; ; ; 
TRACK;1.11.69-3;-16.40198068;-71.52703646;-1941550.389;2839334.926;NA;False; ; ;0; ; ; ; ; ; 
TRACK;1.11.69-3;-16.40107823;-71.52753342;-1941438.114;2839290.36;NA;False; ; ;0; ; ; ; ; ; 
