type;ident;lat;long;y_proj;x_proj;ingreso_economico;new_seg;display;color;altitude;depth;temp;time;model;filename;ltime
TRACK;1.12.5-3; ; ;-1.516416327;20763369.87;C; ; ; ; ; ; ; ; ; ; 
TRACK;1.12.5-3;-16.48616679;-71.48234617;-1952005.649;2843298.027;C;False; ; ;0; ; ; ; ; ; 
TRACK;1.12.5-3;-16.48597323;-71.48233296;-1951983.077;2843302.072;C;False; ; ;0; ; ; ; ; ; 
TRACK;1.12.5-3;-16.48597622;-71.48281931;-1951977.254;2843246.903;C;False; ; ;0; ; ; ; ; ; 
TRACK;1.12.5-3;-16.4863677;-71.48281945;-1952023.246;2843241.736;C;False; ; ;0; ; ; ; ; ; 
TRACK;1.12.5-3;-16.48636693;-71.48246706;-1952027.628;2843281.691;C;False; ; ;0; ; ; ; ; ; 
TRACK;1.12.5-4; ; ;-1.516416327;20763369.87;C; ; ; ; ; ; ; ; ; ; 
TRACK;1.12.5-4;-16.48672122;-71.48283042;-1952064.64;2843235.842;C;False; ; ;0; ; ; ; ; ; 
TRACK;1.12.5-4;-16.48673688;-71.48246636;-1952071.101;2843276.903;C;False; ; ;0; ; ; ; ; ; 
TRACK;1.12.5-4;-16.48642476;-71.48246852;-1952034.404;2843280.765;C;False; ; ;0; ; ; ; ; ; 
TRACK;1.12.5-4;-16.48640404;-71.48281221;-1952027.607;2843242.079;C;False; ; ;0; ; ; ; ; ; 
TRACK;1.12.5-6; ; ;-1.516416327;20763369.87;C; ; ; ; ; ; ; ; ; ; 
TRACK;1.12.5-6;-16.48635899;-71.48392323;-1952008.213;2843116.734;C;False; ; ;0; ; ; ; ; ; 
TRACK;1.12.5-6;-16.48635918;-71.4828712;-1952021.588;2843235.982;C;False; ; ;0; ; ; ; ; ; 
TRACK;1.12.5-6;-16.48597807;-71.48289257;-1951976.542;2843238.573;C;False; ; ;0; ; ; ; ; ; 
TRACK;1.12.5-6;-16.48597503;-71.48393134;-1951963;2843120.866;C;False; ; ;0; ; ; ; ; ; 
TRACK;1.12.5-7; ; ;-1.516416327;20763369.87;C; ; ; ; ; ; ; ; ; ; 
TRACK;1.12.5-7;-16.48682134;-71.48347546;-1952068.215;2843161.408;C;False; ; ;0; ; ; ; ; ; 
TRACK;1.12.5-7;-16.48682535;-71.48329915;-1952070.924;2843181.34;C;False; ; ;0; ; ; ; ; ; 
TRACK;1.12.5-7;-16.48684523;-71.48314183;-1952075.257;2843198.912;C;False; ; ;0; ; ; ; ; ; 
TRACK;1.12.5-7;-16.48691052;-71.48289773;-1952086.025;2843225.721;C;False; ; ;0; ; ; ; ; ; 
TRACK;1.12.5-7;-16.48641928;-71.48288729;-1952028.445;2843233.368;C;False; ; ;0; ; ; ; ; ; 
TRACK;1.12.5-7;-16.48641497;-71.48391803;-1952014.855;2843116.587;C;False; ; ;0; ; ; ; ; ; 
TRACK;1.12.5-7;-16.48680131;-71.48392752;-1952060.124;2843110.43;C;False; ; ;0; ; ; ; ; ; 
TRACK;1.12.5-9; ; ;-1.516416327;20763369.87;C; ; ; ; ; ; ; ; ; ; 
TRACK;1.12.5-9;-16.48592863;-71.48463651;-1951948.6;2843041.543;C;False; ; ;0; ; ; ; ; ; 
TRACK;1.12.5-9;-16.48593061;-71.48399707;-1951956.948;2843114;C;False; ; ;0; ; ; ; ; ; 
TRACK;1.12.5-9;-16.48554914;-71.48399073;-1951912.212;2843119.737;C;False; ; ;0; ; ; ; ; ; 
TRACK;1.12.5-9;-16.48553554;-71.48464131;-1951902.357;2843046.17;C;False; ; ;0; ; ; ; ; ; 
TRACK;1.12.5-11; ; ;-1.516416327;20763369.87;C; ; ; ; ; ; ; ; ; ; 
TRACK;1.12.5-11;-16.48758848;-71.48400819;-1952151.58;2843090.93;C;False; ; ;0; ; ; ; ; ; 
TRACK;1.12.5-11;-16.48642329;-71.48399639;-1952014.839;2843107.596;C;False; ; ;0; ; ; ; ; ; 
TRACK;1.12.5-11;-16.48642861;-71.48460803;-1952007.7;2843038.195;C;False; ; ;0; ; ; ; ; ; 
TRACK;1.12.5-11;-16.48758373;-71.48461707;-1952143.294;2843021.974;C;False; ; ;0; ; ; ; ; ; 
TRACK;1.12.5-12; ; ;-1.516416327;20763369.87;C; ; ; ; ; ; ; ; ; ; 
TRACK;1.12.5-12;-16.48593356;-71.48532705;-1951940.415;2842963.205;C;False; ; ;0; ; ; ; ; ; 
TRACK;1.12.5-12;-16.4859293;-71.48471416;-1951947.692;2843032.734;C;False; ; ;0; ; ; ; ; ; 
TRACK;1.12.5-12;-16.48554451;-71.48471659;-1951902.455;2843037.519;C;False; ; ;0; ; ; ; ; ; 
TRACK;1.12.5-12;-16.485537;-71.48533295;-1951893.751;2842967.752;C;False; ; ;0; ; ; ; ; ; 
TRACK;1.12.5-13; ; ;-1.516416327;20763369.87;C; ; ; ; ; ; ; ; ; ; 
TRACK;1.12.5-13;-16.48635742;-71.48533844;-1951990.067;2842956.339;C;False; ; ;0; ; ; ; ; ; 
TRACK;1.12.5-13;-16.48636161;-71.48471012;-1951998.533;2843027.504;C;False; ; ;0; ; ; ; ; ; 
TRACK;1.12.5-13;-16.48597214;-71.48471558;-1951952.707;2843032.008;C;False; ; ;0; ; ; ; ; ; 
TRACK;1.12.5-13;-16.48598193;-71.48532969;-1951946.064;2842962.27;C;False; ; ;0; ; ; ; ; ; 
TRACK;1.12.5-14; ; ;-1.516416327;20763369.87;C; ; ; ; ; ; ; ; ; ; 
TRACK;1.12.5-14;-16.48737106;-71.4853198;-1952109.389;2842945.117;C;False; ; ;0; ; ; ; ; ; 
TRACK;1.12.5-14;-16.4875919;-71.48512609;-1952137.792;2842964.17;C;False; ; ;0; ; ; ; ; ; 
TRACK;1.12.5-14;-16.48758837;-71.48470219;-1952142.759;2843012.265;C;False; ; ;0; ; ; ; ; ; 
TRACK;1.12.5-14;-16.48641714;-71.48470979;-1952005.061;2843026.811;C;False; ; ;0; ; ; ; ; ; 
TRACK;1.12.5-14;-16.48642257;-71.48533205;-1951997.802;2842956.206;C;False; ; ;0; ; ; ; ; ; 
TRACK;1.12.5-15; ; ;-1.516416327;20763369.87;C; ; ; ; ; ; ; ; ; ; 
TRACK;1.12.5-15;-16.48592258;-71.48607143;-1951929.678;2842878.972;C;False; ; ;0; ; ; ; ; ; 
TRACK;1.12.5-15;-16.48593249;-71.48538973;-1951939.494;2842956.114;C;False; ; ;0; ; ; ; ; ; 
TRACK;1.12.5-15;-16.48555993;-71.48539822;-1951895.616;2842960.052;C;False; ; ;0; ; ; ; ; ; 
TRACK;1.12.5-15;-16.48556014;-71.48607042;-1951887.111;2842883.854;C;False; ; ;0; ; ; ; ; ; 
TRACK;1.12.5-16; ; ;-1.516416327;20763369.87;C; ; ; ; ; ; ; ; ; ; 
TRACK;1.12.5-16;-16.48598018;-71.48539069;-1951945.085;2842955.377;C;False; ; ;0; ; ; ; ; ; 
TRACK;1.12.5-16;-16.48599338;-71.48608697;-1951937.799;2842876.28;C;False; ; ;0; ; ; ; ; ; 
TRACK;1.12.5-16;-16.48635708;-71.48607685;-1951980.656;2842872.643;C;False; ; ;0; ; ; ; ; ; 
TRACK;1.12.5-16;-16.48636022;-71.48538892;-1951989.755;2842950.579;C;False; ; ;0; ; ; ; ; ; 
TRACK;1.12.5-18; ; ;-1.516416327;20763369.87;C; ; ; ; ; ; ; ; ; ; 
TRACK;1.12.5-18;-16.48685429;-71.48538455;-1952047.856;2842944.575;C;False; ; ;0; ; ; ; ; ; 
TRACK;1.12.5-18;-16.48685676;-71.48578387;-1952043.078;2842899.28;C;False; ; ;0; ; ; ; ; ; 
TRACK;1.12.5-18;-16.48729979;-71.48538555;-1952100.182;2842938.603;C;False; ; ;0; ; ; ; ; ; 
TRACK;1.12.5-19; ; ;-1.516416327;20763369.87;C; ; ; ; ; ; ; ; ; ; 
TRACK;1.12.5-19;-16.48592692;-71.48614106;-1951929.305;2842871.023;C;False; ; ;0; ; ; ; ; ; 
TRACK;1.12.5-19;-16.48546688;-71.48614142;-1951875.252;2842877.032;C;False; ; ;0; ; ; ; ; ; 
TRACK;1.12.5-19;-16.48546424;-71.48652803;-1951870.037;2842833.245;C;False; ; ;0; ; ; ; ; ; 
TRACK;1.12.5-19;-16.48593303;-71.4865164;-1951925.259;2842828.397;C;False; ; ;0; ; ; ; ; ; 
TRACK;1.12.5-21; ; ;-1.516416327;20763369.87;C; ; ; ; ; ; ; ; ; ; 
TRACK;1.12.5-21;-16.48617409;-71.4868927;-1951948.804;2842782.572;C;False; ; ;0; ; ; ; ; ; 
TRACK;1.12.5-21;-16.48597052;-71.4866531;-1951927.928;2842812.409;C;False; ; ;0; ; ; ; ; ; 
TRACK;1.12.5-21;-16.48532831;-71.4872293;-1951845.168;2842755.543;C;False; ; ;0; ; ; ; ; ; 
TRACK;1.12.5-21;-16.48536091;-71.48731282;-1951847.939;2842745.647;C;False; ; ;0; ; ; ; ; ; 
TRACK;1.12.5-21;-16.48620354;-71.48728099;-1951947.337;2842738.173;C;False; ; ;0; ; ; ; ; ; 
TRACK;1.12.5-22; ; ;-1.516416327;20763369.87;C; ; ; ; ; ; ; ; ; ; 
TRACK;1.12.5-22;-16.48542664;-71.4877763;-1951849.78;2842692.247;C;False; ; ;0; ; ; ; ; ; 
TRACK;1.12.5-22;-16.48654391;-71.48778747;-1951980.897;2842676.286;C;False; ; ;0; ; ; ; ; ; 
TRACK;1.12.5-22;-16.48622874;-71.48735291;-1951949.384;2842729.689;C;False; ; ;0; ; ; ; ; ; 
TRACK;1.12.5-22;-16.4853645;-71.48739381;-1951847.332;2842736.419;C;False; ; ;0; ; ; ; ; ; 
TRACK;1.12.5-23; ; ;-1.516416327;20763369.87;C; ; ; ; ; ; ; ; ; ; 
TRACK;1.12.5-23;-16.48558013;-71.48826075;-1951861.665;2842635.315;C;False; ; ;0; ; ; ; ; ; 
TRACK;1.12.5-23;-16.48670106;-71.48823379;-1951993.696;2842623.629;C;False; ; ;0; ; ; ; ; ; 
TRACK;1.12.5-23;-16.48669913;-71.48783142;-1951998.575;2842669.263;C;False; ; ;0; ; ; ; ; ; 
TRACK;1.12.5-23;-16.48541427;-71.48785566;-1951847.319;2842683.414;C;False; ; ;0; ; ; ; ; ; 
TRACK;1.12.5-25; ; ;-1.516416327;20763369.87;C; ; ; ; ; ; ; ; ; ; 
TRACK;1.12.5-25;-16.48673563;-71.48618186;-1952023.796;2842855.76;C;False; ; ;0; ; ; ; ; ; 
TRACK;1.12.5-25;-16.48674572;-71.48677967;-1952017.395;2842787.866;C;False; ; ;0; ; ; ; ; ; 
TRACK;1.12.5-25;-16.48714045;-71.48676605;-1952063.942;2842784.217;C;False; ; ;0; ; ; ; ; ; 
TRACK;1.12.5-25;-16.48713164;-71.48583987;-1952074.661;2842889.316;C;False; ; ;0; ; ; ; ; ; 
TRACK;1.12.5-26; ; ;-1.516416327;20763369.87;C; ; ; ; ; ; ; ; ; ; 
TRACK;1.12.5-26;-16.48714322;-71.48822857;-1952045.707;2842618.406;C;False; ; ;0; ; ; ; ; ; 
TRACK;1.12.5-26;-16.48714075;-71.48684089;-1952063.027;2842775.731;C;False; ; ;0; ; ; ; ; ; 
TRACK;1.12.5-26;-16.48676754;-71.48686109;-1952018.926;2842778.35;C;False; ; ;0; ; ; ; ; ; 
TRACK;1.12.5-26;-16.48676353;-71.48822761;-1952001.114;2842623.508;C;False; ; ;0; ; ; ; ; ; 
TRACK;1.12.5-27; ; ;-1.516416327;20763369.87;C; ; ; ; ; ; ; ; ; ; 
TRACK;1.12.5-27;-16.48760816;-71.48672729;-1952119.381;2842782.46;C;False; ; ;0; ; ; ; ; ; 
TRACK;1.12.5-27;-16.48760178;-71.48546112;-1952134.702;2842926.064;C;False; ; ;0; ; ; ; ; ; 
TRACK;1.12.5-27;-16.48720631;-71.48578696;-1952084.104;2842894.332;C;False; ; ;0; ; ; ; ; ; 
TRACK;1.12.5-27;-16.48721058;-71.48673317;-1952072.598;2842787.022;C;False; ; ;0; ; ; ; ; ; 
TRACK;1.12.5-28; ; ;-1.516416327;20763369.87;C; ; ; ; ; ; ; ; ; ; 
TRACK;1.12.5-28;-16.48760592;-71.48822381;-1952100.126;2842612.86;C;False; ; ;0; ; ; ; ; ; 
TRACK;1.12.5-28;-16.48760005;-71.48684111;-1952116.984;2842769.665;C;False; ; ;0; ; ; ; ; ; 
TRACK;1.12.5-28;-16.48721681;-71.48685362;-1952071.802;2842773.288;C;False; ; ;0; ; ; ; ; ; 
TRACK;1.12.5-28;-16.48721153;-71.48821702;-1952053.879;2842618.816;C;False; ; ;0; ; ; ; ; ; 
TRACK;1.12.5-29; ; ;-1.516416327;20763369.87;C; ; ; ; ; ; ; ; ; ; 
TRACK;1.12.5-29;-16.48758039;-71.48829006;-1952096.287;2842605.687;C;False; ; ;0; ; ; ; ; ; 
TRACK;1.12.5-29;-16.48620892;-71.48831531;-1951934.844;2842620.862;C;False; ; ;0; ; ; ; ; ; 
TRACK;1.12.5-29;-16.48622021;-71.48869892;-1951931.303;2842577.231;C;False; ; ;0; ; ; ; ; ; 
TRACK;1.12.5-29;-16.48758403;-71.48870525;-1952091.446;2842558.577;C;False; ; ;0; ; ; ; ; ; 
TRACK;1.12.5-31; ; ;-1.516416327;20763369.87;C; ; ; ; ; ; ; ; ; ; 
TRACK;1.12.5-31;-16.48758958;-71.48877754;-1952091.18;2842550.31;C;False; ; ;0; ; ; ; ; ; 
TRACK;1.12.5-31;-16.4862031;-71.48878045;-1951928.259;2842568.215;C;False; ; ;0; ; ; ; ; ; 
TRACK;1.12.5-31;-16.486203;-71.48919105;-1951923.037;2842521.675;C;False; ; ;0; ; ; ; ; ; 
TRACK;1.12.5-31;-16.48757838;-71.48916905;-1952084.896;2842506.08;C;False; ; ;0; ; ; ; ; ; 
TRACK;1.12.5-32; ; ;-1.516416327;20763369.87;C; ; ; ; ; ; ; ; ; ; 
TRACK;1.12.5-32;-16.48566219;-71.48966471;-1951853.492;2842475.098;C;False; ; ;0; ; ; ; ; ; 
TRACK;1.12.5-32;-16.48615167;-71.48965463;-1951911.124;2842469.803;C;False; ; ;0; ; ; ; ; ; 
TRACK;1.12.5-32;-16.48613218;-71.48924657;-1951914.012;2842516.314;C;False; ; ;0; ; ; ; ; ; 
TRACK;1.12.5-32;-16.48564849;-71.48925667;-1951857.059;2842521.529;C;False; ; ;0; ; ; ; ; ; 
TRACK;1.12.5-33; ; ;-1.516416327;20763369.87;C; ; ; ; ; ; ; ; ; ; 
TRACK;1.12.5-33;-16.4875931;-71.48964822;-1952080.546;2842451.574;C;False; ; ;0; ; ; ; ; ; 
TRACK;1.12.5-33;-16.48758208;-71.48924125;-1952084.415;2842497.848;C;False; ; ;0; ; ; ; ; ; 
TRACK;1.12.5-33;-16.48621159;-71.4892426;-1951923.391;2842515.719;C;False; ; ;0; ; ; ; ; ; 
TRACK;1.12.5-33;-16.48622286;-71.48966402;-1951919.369;2842467.803;C;False; ; ;0; ; ; ; ; ; 
TRACK;1.12.5-34; ; ;-1.516416327;20763369.87;C; ; ; ; ; ; ; ; ; ; 
TRACK;1.12.5-34;-16.48759493;-71.4897646;-1952079.284;2842438.359;C;False; ; ;0; ; ; ; ; ; 
TRACK;1.12.5-34;-16.48622;-71.48976596;-1951917.739;2842456.286;C;False; ; ;0; ; ; ; ; ; 
TRACK;1.12.5-34;-16.48622841;-71.49017458;-1951913.542;2842409.859;C;False; ; ;0; ; ; ; ; ; 
TRACK;1.12.5-34;-16.48758375;-71.49015763;-1952072.983;2842393.956;C;False; ; ;0; ; ; ; ; ; 
TRACK;1.12.5-35; ; ;-1.516416327;20763369.87;C; ; ; ; ; ; ; ; ; ; 
TRACK;1.12.5-35;-16.48759064;-71.4902336;-1952072.828;2842385.255;C;False; ; ;0; ; ; ; ; ; 
TRACK;1.12.5-35;-16.48623054;-71.49023841;-1951912.983;2842402.596;C;False; ; ;0; ; ; ; ; ; 
TRACK;1.12.5-35;-16.48622454;-71.49064082;-1951907.173;2842357.062;C;False; ; ;0; ; ; ; ; ; 
TRACK;1.12.5-35;-16.48760219;-71.49062507;-1952069.218;2842340.73;C;False; ; ;0; ; ; ; ; ; 
TRACK;1.12.5-36; ; ;-1.516416327;20763369.87;C; ; ; ; ; ; ; ; ; ; 
TRACK;1.12.5-36;-16.48622443;-71.49110151;-1951901.314;2842304.845;C;False; ; ;0; ; ; ; ; ; 
TRACK;1.12.5-36;-16.48759436;-71.49109235;-1952062.369;2842287.869;C;False; ; ;0; ; ; ; ; ; 
TRACK;1.12.5-36;-16.48759637;-71.49069929;-1952067.593;2842332.395;C;False; ; ;0; ; ; ; ; ; 
TRACK;1.12.5-36;-16.48623337;-71.4906987;-1951907.475;2842350.385;C;False; ; ;0; ; ; ; ; ; 
TRACK;1.12.5-37; ; ;-1.516416327;20763369.87;C; ; ; ; ; ; ; ; ; ; 
TRACK;1.12.5-37;-16.48874396;-71.48598799;-1952262.201;2842851.317;C;False; ; ;0; ; ; ; ; ; 
TRACK;1.12.5-37;-16.48874407;-71.48536813;-1952270.081;2842921.577;C;False; ; ;0; ; ; ; ; ; 
TRACK;1.12.5-37;-16.4876983;-71.48536992;-1952147.198;2842935.131;C;False; ; ;0; ; ; ; ; ; 
TRACK;1.12.5-37;-16.48770555;-71.48600448;-1952139.996;2842863.108;C;False; ; ;0; ; ; ; ; ; 
TRACK;1.12.5-38; ; ;-1.516416327;20763369.87;C; ; ; ; ; ; ; ; ; ; 
TRACK;1.12.5-38;-16.48999485;-71.48599338;-1952409.09;2842834.251;C;False; ; ;0; ; ; ; ; ; 
TRACK;1.12.5-38;-16.48996741;-71.48313761;-1952442.118;2843158.311;C;False; ; ;0; ; ; ; ; ; 
TRACK;1.12.5-38;-16.48861802;-71.48304691;-1952284.737;2843186.347;C;False; ; ;0; ; ; ; ; ; 
TRACK;1.12.5-38;-16.4888078;-71.48601264;-1952269.388;2842847.683;C;False; ; ;0; ; ; ; ; ; 
TRACK;1.12.5-39; ; ;-1.516416327;20763369.87;C; ; ; ; ; ; ; ; ; ; 
TRACK;1.12.5-39;-16.49056701;-71.48597907;-1952476.49;2842828.345;C;False; ; ;0; ; ; ; ; ; 
TRACK;1.12.5-39;-16.49052804;-71.48319599;-1952507.243;2843144.317;C;False; ; ;0; ; ; ; ; ; 
TRACK;1.12.5-39;-16.49001473;-71.48316632;-1952447.312;2843154.434;C;False; ; ;0; ; ; ; ; ; 
TRACK;1.12.5-39;-16.49010976;-71.48598107;-1952422.746;2842834.134;C;False; ; ;0; ; ; ; ; ; 
TRACK;1.12.5-40; ; ;-1.516416327;20763369.87;C; ; ; ; ; ; ; ; ; ; 
TRACK;1.12.5-40;-16.48875023;-71.48672041;-1952253.642;2842768.216;C;False; ; ;0; ; ; ; ; ; 
TRACK;1.12.5-40;-16.48876956;-71.48609551;-1952263.844;2842838.794;C;False; ; ;0; ; ; ; ; ; 
TRACK;1.12.5-40;-16.48769077;-71.48610692;-1952136.96;2842851.692;C;False; ; ;0; ; ; ; ; ; 
TRACK;1.12.5-40;-16.48768326;-71.48672368;-1952128.25;2842781.881;C;False; ; ;0; ; ; ; ; ; 
TRACK;1.12.5-41; ; ;-1.516416327;20763369.87;C; ; ; ; ; ; ; ; ; ; 
TRACK;1.12.5-41;-16.48927401;-71.48671409;-1952315.257;2842762.042;C;False; ; ;0; ; ; ; ; ; 
TRACK;1.12.5-41;-16.48927376;-71.48611194;-1952322.87;2842830.298;C;False; ; ;0; ; ; ; ; ; 
TRACK;1.12.5-41;-16.48882506;-71.48610618;-1952270.228;2842836.854;C;False; ; ;0; ; ; ; ; ; 
TRACK;1.12.5-41;-16.48883346;-71.48672522;-1952263.358;2842766.576;C;False; ; ;0; ; ; ; ; ; 
TRACK;1.12.5-42; ; ;-1.516416327;20763369.87;C; ; ; ; ; ; ; ; ; ; 
TRACK;1.12.5-42;-16.49056209;-71.48608241;-1952474.6;2842816.696;C;False; ; ;0; ; ; ; ; ; 
TRACK;1.12.5-42;-16.48937148;-71.48610259;-1952334.469;2842830.073;C;False; ; ;0; ; ; ; ; ; 
TRACK;1.12.5-42;-16.48937604;-71.48671831;-1952327.19;2842760.222;C;False; ; ;0; ; ; ; ; ; 
TRACK;1.12.5-42;-16.49055395;-71.48670748;-1952465.71;2842745.953;C;False; ; ;0; ; ; ; ; ; 
TRACK;1.12.5-43; ; ;-1.516416327;20763369.87;C; ; ; ; ; ; ; ; ; ; 
TRACK;1.12.5-43;-16.4880571;-71.488251;-1952152.786;2842603.844;C;False; ; ;0; ; ; ; ; ; 
TRACK;1.12.5-43;-16.48805312;-71.48683522;-1952170.286;2842764.372;C;False; ; ;0; ; ; ; ; ; 
TRACK;1.12.5-43;-16.48767593;-71.48684779;-1952125.814;2842767.909;C;False; ; ;0; ; ; ; ; ; 
TRACK;1.12.5-43;-16.487684;-71.4882425;-1952109.063;2842609.714;C;False; ; ;0; ; ; ; ; ; 
TRACK;1.12.5-44; ; ;-1.516416327;20763369.87;C; ; ; ; ; ; ; ; ; ; 
TRACK;1.12.5-44;-16.48850746;-71.48822885;-1952205.976;2842600.431;C;False; ; ;0; ; ; ; ; ; 
TRACK;1.12.5-44;-16.48850465;-71.48754591;-1952214.314;2842677.877;C;False; ; ;0; ; ; ; ; ; 
TRACK;1.12.5-44;-16.4881159;-71.48756193;-1952168.44;2842681.175;C;False; ; ;0; ; ; ; ; ; 
TRACK;1.12.5-44;-16.48812068;-71.48823255;-1952160.49;2842605.099;C;False; ; ;0; ; ; ; ; ; 
TRACK;1.12.5-45; ; ;-1.516416327;20763369.87;C; ; ; ; ; ; ; ; ; ; 
TRACK;1.12.5-45;-16.48850761;-71.48746478;-1952215.69;2842687.035;C;False; ; ;0; ; ; ; ; ; 
TRACK;1.12.5-45;-16.48850147;-71.48681704;-1952223.191;2842760.536;C;False; ; ;0; ; ; ; ; ; 
TRACK;1.12.5-45;-16.48811824;-71.48682842;-1952178.023;2842764.286;C;False; ; ;0; ; ; ; ; ; 
TRACK;1.12.5-45;-16.48811745;-71.48746882;-1952169.803;2842691.708;C;False; ; ;0; ; ; ; ; ; 
TRACK;1.12.5-46; ; ;-1.516416327;20763369.87;C; ; ; ; ; ; ; ; ; ; 
TRACK;1.12.5-46;-16.4888583;-71.48820093;-1952247.548;2842598.98;C;False; ; ;0; ; ; ; ; ; 
TRACK;1.12.5-46;-16.48880856;-71.48754056;-1952250.085;2842674.486;C;False; ; ;0; ; ; ; ; ; 
TRACK;1.12.5-46;-16.48856266;-71.48754727;-1952221.111;2842676.96;C;False; ; ;0; ; ; ; ; ; 
TRACK;1.12.5-46;-16.48857888;-71.48820876;-1952214.622;2842601.768;C;False; ; ;0; ; ; ; ; ; 
TRACK;1.12.5-47; ; ;-1.516416327;20763369.87;C; ; ; ; ; ; ; ; ; ; 
TRACK;1.12.5-47;-16.48879757;-71.48746456;-1952249.759;2842683.245;C;False; ; ;0; ; ; ; ; ; 
TRACK;1.12.5-47;-16.48875063;-71.48681246;-1952252.521;2842757.777;C;False; ; ;0; ; ; ; ; ; 
TRACK;1.12.5-47;-16.48856026;-71.48682014;-1952230.057;2842759.411;C;False; ; ;0; ; ; ; ; ; 
TRACK;1.12.5-47;-16.48855433;-71.48746283;-1952221.205;2842686.641;C;False; ; ;0; ; ; ; ; ; 
TRACK;1.12.5-48; ; ;-1.516416327;20763369.87;C; ; ; ; ; ; ; ; ; ; 
TRACK;1.12.5-48;-16.48927841;-71.4881716;-1952297.275;2842596.779;C;False; ; ;0; ; ; ; ; ; 
TRACK;1.12.5-48;-16.48927622;-71.48755915;-1952304.79;2842666.227;C;False; ; ;0; ; ; ; ; ; 
TRACK;1.12.5-48;-16.48887632;-71.48755978;-1952257.802;2842671.417;C;False; ; ;0; ; ; ; ; ; 
TRACK;1.12.5-48;-16.48891395;-71.48818958;-1952254.23;2842599.534;C;False; ; ;0; ; ; ; ; ; 
TRACK;1.12.5-49; ; ;-1.516416327;20763369.87;C; ; ; ; ; ; ; ; ; ; 
TRACK;1.12.5-49;-16.48927983;-71.48743908;-1952306.739;2842679.789;C;False; ; ;0; ; ; ; ; ; 
TRACK;1.12.5-49;-16.48928215;-71.48683138;-1952314.724;2842748.64;C;False; ; ;0; ; ; ; ; ; 
TRACK;1.12.5-49;-16.48883913;-71.48683796;-1952262.593;2842753.723;C;False; ; ;0; ; ; ; ; ; 
TRACK;1.12.5-49;-16.48885134;-71.4874486;-1952256.278;2842684.347;C;False; ; ;0; ; ; ; ; ; 
TRACK;1.12.5-50; ; ;-1.516416327;20763369.87;C; ; ; ; ; ; ; ; ; ; 
TRACK;1.12.5-50;-16.49055358;-71.48816317;-1952447.19;2842580.961;C;False; ; ;0; ; ; ; ; ; 
TRACK;1.12.5-50;-16.49056586;-71.48755237;-1952456.385;2842650.03;C;False; ; ;0; ; ; ; ; ; 
TRACK;1.12.5-50;-16.48938109;-71.48755412;-1952317.175;2842665.418;C;False; ; ;0; ; ; ; ; ; 
TRACK;1.12.5-50;-16.489385;-71.48818147;-1952309.672;2842594.258;C;False; ; ;0; ; ; ; ; ; 
TRACK;1.12.5-52; ; ;-1.516416327;20763369.87;C; ; ; ; ; ; ; ; ; ; 
TRACK;1.12.5-52;-16.48887044;-71.4883;-1952247.716;2842587.591;C;False; ; ;0; ; ; ; ; ; 
TRACK;1.12.5-52;-16.48826976;-71.48829321;-1952177.235;2842596.262;C;False; ; ;0; ; ; ; ; ; 
TRACK;1.12.5-52;-16.48768444;-71.48830501;-1952108.32;2842602.623;C;False; ; ;0; ; ; ; ; ; 
TRACK;1.12.5-52;-16.48767416;-71.48868888;-1952102.242;2842559.247;C;False; ; ;0; ; ; ; ; ; 
TRACK;1.12.5-52;-16.48887727;-71.48868135;-1952243.68;2842544.276;C;False; ; ;0; ; ; ; ; ; 
TRACK;1.12.5-53; ; ;-1.516416327;20763369.87;C; ; ; ; ; ; ; ; ; ; 
TRACK;1.12.5-53;-16.48852975;-71.48923936;-1952195.772;2842485.598;C;False; ; ;0; ; ; ; ; ; 
TRACK;1.12.5-53;-16.48768765;-71.48926618;-1952096.501;2842493.634;C;False; ; ;0; ; ; ; ; ; 
TRACK;1.12.5-53;-16.48766955;-71.48965135;-1952089.488;2842450.213;C;False; ; ;0; ; ; ; ; ; 
TRACK;1.12.5-53;-16.48889654;-71.48962517;-1952233.966;2842437.044;C;False; ; ;0; ; ; ; ; ; 
TRACK;1.12.5-53;-16.48888455;-71.48876473;-1952243.477;2842534.729;C;False; ; ;0; ; ; ; ; ; 
TRACK;1.12.5-53;-16.48768263;-71.48876906;-1952102.219;2842550.047;C;False; ; ;0; ; ; ; ; ; 
TRACK;1.12.5-53;-16.48767482;-71.48917495;-1952096.151;2842504.144;C;False; ; ;0; ; ; ; ; ; 
TRACK;1.12.5-53;-16.48852976;-71.48915665;-1952196.823;2842494.973;C;False; ; ;0; ; ; ; ; ; 
TRACK;1.12.5-54; ; ;-1.516416327;20763369.87;C; ; ; ; ; ; ; ; ; ; 
TRACK;1.12.5-54;-16.4892968;-71.4889109;-1952290.053;2842512.74;C;False; ; ;0; ; ; ; ; ; 
TRACK;1.12.5-54;-16.48929088;-71.48829762;-1952297.141;2842582.331;C;False; ; ;0; ; ; ; ; ; 
TRACK;1.12.5-54;-16.4889977;-71.48829774;-1952262.696;2842586.173;C;False; ; ;0; ; ; ; ; ; 
TRACK;1.12.5-54;-16.489002;-71.4889119;-1952255.407;2842516.503;C;False; ; ;0; ; ; ; ; ; 
TRACK;1.12.5-56; ; ;-1.516416327;20763369.87;C; ; ; ; ; ; ; ; ; ; 
TRACK;1.12.5-56;-16.49057384;-71.48828392;-1952448.038;2842567.007;C;False; ; ;0; ; ; ; ; ; 
TRACK;1.12.5-56;-16.48939256;-71.48829074;-1952309.173;2842581.774;C;False; ; ;0; ; ; ; ; ; 
TRACK;1.12.5-56;-16.48939377;-71.48891143;-1952301.439;2842511.403;C;False; ; ;0; ; ; ; ; ; 
TRACK;1.12.5-56;-16.49057345;-71.48890461;-1952440.114;2842496.659;C;False; ; ;0; ; ; ; ; ; 
TRACK;1.12.5-57; ; ;-1.516416327;20763369.87;C; ; ; ; ; ; ; ; ; ; 
TRACK;1.12.5-57;-16.49058843;-71.48962562;-1952432.724;2842414.739;C;False; ; ;0; ; ; ; ; ; 
TRACK;1.12.5-57;-16.49057615;-71.48901335;-1952439.052;2842484.299;C;False; ; ;0; ; ; ; ; ; 
TRACK;1.12.5-57;-16.48940465;-71.48902427;-1952301.285;2842498.471;C;False; ; ;0; ; ; ; ; ; 
TRACK;1.12.5-57;-16.48941415;-71.48964515;-1952294.522;2842427.971;C;False; ; ;0; ; ; ; ; ; 
TRACK;1.12.5-58; ; ;-1.516416327;20763369.87;C; ; ; ; ; ; ; ; ; ; 
TRACK;1.12.5-58;-16.48888406;-71.48974809;-1952230.94;2842423.275;C;False; ; ;0; ; ; ; ; ; 
TRACK;1.12.5-58;-16.4876763;-71.4897534;-1952088.986;2842438.557;C;False; ; ;0; ; ; ; ; ; 
TRACK;1.12.5-58;-16.48767621;-71.4901584;-1952083.836;2842392.653;C;False; ; ;0; ; ; ; ; ; 
TRACK;1.12.5-58;-16.48888906;-71.49014525;-1952226.488;2842378.193;C;False; ; ;0; ; ; ; ; ; 
TRACK;1.12.5-59; ; ;-1.516416327;20763369.87;C; ; ; ; ; ; ; ; ; ; 
TRACK;1.12.5-59;-16.48854452;-71.49042744;-1952182.431;2842350.739;C;False; ; ;0; ; ; ; ; ; 
TRACK;1.12.5-59;-16.48896704;-71.49041587;-1952232.215;2842346.493;C;False; ; ;0; ; ; ; ; ; 
TRACK;1.12.5-59;-16.4889638;-71.49021145;-1952234.428;2842369.706;C;False; ; ;0; ; ; ; ; ; 
TRACK;1.12.5-59;-16.4876828;-71.49023727;-1952083.609;2842383.627;C;False; ; ;0; ; ; ; ; ; 
TRACK;1.12.5-59;-16.48768726;-71.49062561;-1952079.205;2842339.55;C;False; ; ;0; ; ; ; ; ; 
TRACK;1.12.5-59;-16.48852783;-71.49061072;-1952178.145;2842330.184;C;False; ; ;0; ; ; ; ; ; 
TRACK;1.12.5-60; ; ;-1.516416327;20763369.87;C; ; ; ; ; ; ; ; ; ; 
TRACK;1.12.5-60;-16.48930735;-71.49047805;-1952271.406;2842334.97;C;False; ; ;0; ; ; ; ; ; 
TRACK;1.12.5-60;-16.48856637;-71.49048218;-1952184.303;2842344.246;C;False; ; ;0; ; ; ; ; ; 
TRACK;1.12.5-60;-16.48857825;-71.490681;-1952183.176;2842321.555;C;False; ; ;0; ; ; ; ; ; 
TRACK;1.12.5-60;-16.4876947;-71.49068834;-1952079.284;2842332.343;C;False; ; ;0; ; ; ; ; ; 
TRACK;1.12.5-60;-16.48770691;-71.49109987;-1952075.496;2842285.537;C;False; ; ;0; ; ; ; ; ; 
TRACK;1.12.5-60;-16.48930175;-71.49108905;-1952262.995;2842265.788;C;False; ; ;0; ; ; ; ; ; 
TRACK;1.12.5-61; ; ;-1.516416327;20763369.87;C; ; ; ; ; ; ; ; ; ; 
TRACK;1.12.5-61;-16.4893187;-71.49036498;-1952274.174;2842347.636;C;False; ; ;0; ; ; ; ; ; 
TRACK;1.12.5-61;-16.48930788;-71.48975123;-1952280.691;2842417.344;C;False; ; ;0; ; ; ; ; ; 
TRACK;1.12.5-61;-16.48900439;-71.48975241;-1952245.022;2842421.203;C;False; ; ;0; ; ; ; ; ; 
TRACK;1.12.5-61;-16.4890187;-71.49036769;-1952238.895;2842351.275;C;False; ; ;0; ; ; ; ; ; 
TRACK;1.12.5-62; ; ;-1.516416327;20763369.87;C; ; ; ; ; ; ; ; ; ; 
TRACK;1.12.5-62;-16.49059324;-71.49035727;-1952424.004;2842331.746;C;False; ; ;0; ; ; ; ; ; 
TRACK;1.12.5-62;-16.49058593;-71.48974636;-1952430.898;2842401.086;C;False; ; ;0; ; ; ; ; ; 
TRACK;1.12.5-62;-16.48942054;-71.48975335;-1952293.9;2842415.623;C;False; ; ;0; ; ; ; ; ; 
TRACK;1.12.5-62;-16.48942681;-71.49036981;-1952286.813;2842345.667;C;False; ; ;0; ; ; ; ; ; 
TRACK;1.12.5-63; ; ;-1.516416327;20763369.87;C; ; ; ; ; ; ; ; ; ; 
TRACK;1.12.5-63;-16.49060051;-71.49109796;-1952415.458;2842247.697;C;False; ; ;0; ; ; ; ; ; 
TRACK;1.12.5-63;-16.49059816;-71.49047233;-1952423.121;2842318.64;C;False; ; ;0; ; ; ; ; ; 
TRACK;1.12.5-63;-16.48942678;-71.49047792;-1952285.438;2842333.413;C;False; ; ;0; ; ; ; ; ; 
TRACK;1.12.5-63;-16.48942664;-71.49110324;-1952277.487;2842262.538;C;False; ; ;0; ; ; ; ; ; 
TRACK;1.12.5-64; ; ;-1.516416327;20763369.87;C; ; ; ; ; ; ; ; ; ; 
TRACK;1.12.5-64;-16.48769719;-71.49135699;-1952071.092;2842256.521;C;False; ; ;0; ; ; ; ; ; 
TRACK;1.12.5-64;-16.48791059;-71.491832;-1952090.136;2842199.874;C;False; ; ;0; ; ; ; ; ; 
TRACK;1.12.5-64;-16.4893273;-71.49183358;-1952256.549;2842181.064;C;False; ; ;0; ; ; ; ; ; 
TRACK;1.12.5-64;-16.48933247;-71.49119476;-1952265.262;2842253.404;C;False; ; ;0; ; ; ; ; ; 
TRACK;1.12.5-64;-16.48769722;-71.49121011;-1952072.959;2842273.169;C;False; ; ;0; ; ; ; ; ; 
TRACK;1.12.5-66; ; ;-1.516416327;20763369.87;C; ; ; ; ; ; ; ; ; ; 
TRACK;1.12.5-66;-16.48933736;-71.49192701;-1952256.546;2842170.342;C;False; ; ;0; ; ; ; ; ; 
TRACK;1.12.5-66;-16.48792862;-71.49193946;-1952090.89;2842187.456;C;False; ; ;0; ; ; ; ; ; 
TRACK;1.12.5-66;-16.48792847;-71.49255116;-1952083.112;2842118.124;C;False; ; ;0; ; ; ; ; ; 
TRACK;1.12.5-66;-16.48933723;-71.49256076;-1952248.489;2842098.511;C;False; ; ;0; ; ; ; ; ; 
TRACK;1.12.5-68; ; ;-1.516416327;20763369.87;C; ; ; ; ; ; ; ; ; ; 
TRACK;1.12.5-68;-16.48933241;-71.49266416;-1952246.61;2842086.854;C;False; ; ;0; ; ; ; ; ; 
TRACK;1.12.5-68;-16.48796443;-71.49268912;-1952085.586;2842102.015;C;False; ; ;0; ; ; ; ; ; 
TRACK;1.12.5-68;-16.48815361;-71.49330024;-1952100.057;2842030.259;C;False; ; ;0; ; ; ; ; ; 
TRACK;1.12.5-68;-16.48931827;-71.49328451;-1952237.079;2842016.728;C;False; ; ;0; ; ; ; ; ; 
TRACK;1.12.5-69; ; ;-1.516416327;20763369.87;C; ; ; ; ; ; ; ; ; ; 
TRACK;1.12.5-69;-16.49061364;-71.4932743;-1952389.385;2842000.85;C;False; ; ;0; ; ; ; ; ; 
TRACK;1.12.5-69;-16.49061376;-71.4926463;-1952397.367;2842072.027;C;False; ; ;0; ; ; ; ; ; 
TRACK;1.12.5-69;-16.48943814;-71.49266462;-1952259.026;2842085.413;C;False; ; ;0; ; ; ; ; ; 
TRACK;1.12.5-69;-16.48944965;-71.49329454;-1952252.386;2842013.863;C;False; ; ;0; ; ; ; ; ; 
TRACK;1.12.5-70; ; ;-1.516416327;20763369.87;C; ; ; ; ; ; ; ; ; ; 
TRACK;1.12.5-70;-16.48933705;-71.4934058;-1952237.746;2842002.733;C;False; ; ;0; ; ; ; ; ; 
TRACK;1.12.5-70;-16.48828099;-71.49339382;-1952113.834;2842017.978;C;False; ; ;0; ; ; ; ; ; 
TRACK;1.12.5-70;-16.48830332;-71.4936854;-1952112.759;2841984.635;C;False; ; ;0; ; ; ; ; ; 
TRACK;1.12.5-70;-16.4882188;-71.4938624;-1952100.584;2841965.684;C;False; ; ;0; ; ; ; ; ; 
TRACK;1.12.5-70;-16.48820859;-71.49403041;-1952097.254;2841946.775;C;False; ; ;0; ; ; ; ; ; 
TRACK;1.12.5-70;-16.48933691;-71.49401995;-1952229.938;2841933.125;C;False; ; ;0; ; ; ; ; ; 
TRACK;1.12.5-71; ; ;-1.516416327;20763369.87;C; ; ; ; ; ; ; ; ; ; 
TRACK;1.12.5-71;-16.49061166;-71.49338575;-1952387.738;2841988.243;C;False; ; ;0; ; ; ; ; ; 
TRACK;1.12.5-71;-16.48943793;-71.49340692;-1952249.583;2842001.28;C;False; ; ;0; ; ; ; ; ; 
TRACK;1.12.5-71;-16.48946215;-71.49400971;-1952244.78;2841932.638;C;False; ; ;0; ; ; ; ; ; 
TRACK;1.12.5-71;-16.49062097;-71.49399632;-1952381.085;2841918.918;C;False; ; ;0; ; ; ; ; ; 
TRACK;1.12.5-72; ; ;-1.516416327;20763369.87;C; ; ; ; ; ; ; ; ; ; 
TRACK;1.12.5-72;-16.48902716;-71.49473669;-1952184.456;2841855.96;C;False; ; ;0; ; ; ; ; ; 
TRACK;1.12.5-72;-16.48933893;-71.49473234;-1952221.137;2841852.354;C;False; ; ;0; ; ; ; ; ; 
TRACK;1.12.5-72;-16.48933606;-71.49411307;-1952228.656;2841922.581;C;False; ; ;0; ; ; ; ; ; 
TRACK;1.12.5-72;-16.48822351;-71.49412411;-1952097.817;2841935.959;C;False; ; ;0; ; ; ; ; ; 
TRACK;1.12.5-72;-16.48815292;-71.49453827;-1952084.271;2841889.945;C;False; ; ;0; ; ; ; ; ; 
TRACK;1.12.5-72;-16.48903275;-71.49452501;-1952187.799;2841879.879;C;False; ; ;0; ; ; ; ; ; 
TRACK;1.12.5-73; ; ;-1.516416327;20763369.87;C; ; ; ; ; ; ; ; ; ; 
TRACK;1.12.5-73;-16.49061466;-71.49412022;-1952378.772;2841904.958;C;False; ; ;0; ; ; ; ; ; 
TRACK;1.12.5-73;-16.48946212;-71.49412223;-1952243.349;2841919.886;C;False; ; ;0; ; ; ; ; ; 
TRACK;1.12.5-73;-16.48946197;-71.49473405;-1952235.57;2841850.542;C;False; ; ;0; ; ; ; ; ; 
TRACK;1.12.5-73;-16.49062396;-71.49472978;-1952372.13;2841835.747;C;False; ; ;0; ; ; ; ; ; 
TRACK;1.12.5-74; ; ;-1.516416327;20763369.87;C; ; ; ; ; ; ; ; ; ; 
TRACK;1.12.5-74;-16.48893888;-71.49460594;-1952175.744;2841871.94;C;False; ; ;0; ; ; ; ; ; 
TRACK;1.12.5-74;-16.4881226;-71.49461389;-1952079.749;2841881.772;C;False; ; ;0; ; ; ; ; ; 
TRACK;1.12.5-74;-16.48807091;-71.49484579;-1952070.736;2841856.168;C;False; ; ;0; ; ; ; ; ; 
TRACK;1.12.5-74;-16.48810123;-71.49502404;-1952072.036;2841835.565;C;False; ; ;0; ; ; ; ; ; 
TRACK;1.12.5-74;-16.48893841;-71.49500051;-1952170.683;2841827.225;C;False; ; ;0; ; ; ; ; ; 
TRACK;1.12.5-75; ; ;-1.516416327;20763369.87;C; ; ; ; ; ; ; ; ; ; 
TRACK;1.12.5-75;-16.48819652;-71.49549331;-1952077.278;2841781.123;C;False; ; ;0; ; ; ; ; ; 
TRACK;1.12.5-75;-16.48885592;-71.49547426;-1952154.983;2841774.613;C;False; ; ;0; ; ; ; ; ; 
TRACK;1.12.5-75;-16.48893213;-71.49526559;-1952166.583;2841797.262;C;False; ; ;0; ; ; ; ; ; 
TRACK;1.12.5-75;-16.48892432;-71.49507649;-1952168.064;2841818.798;C;False; ; ;0; ; ; ; ; ; 
TRACK;1.12.5-75;-16.48811134;-71.49508966;-1952072.391;2841827.994;C;False; ; ;0; ; ; ; ; ; 
TRACK;1.12.5-76; ; ;-1.516416327;20763369.87;C; ; ; ; ; ; ; ; ; ; 
TRACK;1.12.5-76;-16.48819762;-71.49577873;-1952073.787;2841748.759;C;False; ; ;0; ; ; ; ; ; 
TRACK;1.12.5-76;-16.48848148;-71.49572626;-1952107.798;2841750.974;C;False; ; ;0; ; ; ; ; ; 
TRACK;1.12.5-76;-16.48862481;-71.49554516;-1952126.933;2841769.616;C;False; ; ;0; ; ; ; ; ; 
TRACK;1.12.5-76;-16.48819993;-71.4955624;-1952076.802;2841773.248;C;False; ; ;0; ; ; ; ; ; 
TRACK;1.12.5-77; ; ;-1.516416327;20763369.87;C; ; ; ; ; ; ; ; ; ; 
TRACK;1.12.5-77;-16.4890458;-71.49524729;-1952180.168;2841797.842;C;False; ; ;0; ; ; ; ; ; 
TRACK;1.12.5-77;-16.48886783;-71.49555028;-1952155.418;2841765.84;C;False; ; ;0; ; ; ; ; ; 
TRACK;1.12.5-77;-16.48934292;-71.49554638;-1952211.279;2841760.035;C;False; ; ;0; ; ; ; ; ; 
TRACK;1.12.5-77;-16.48933894;-71.49485553;-1952219.575;2841838.391;C;False; ; ;0; ; ; ; ; ; 
TRACK;1.12.5-77;-16.48913032;-71.49485127;-1952195.122;2841841.616;C;False; ; ;0; ; ; ; ; ; 
TRACK;1.12.5-77;-16.4891244;-71.49523569;-1952189.549;2841798.124;C;False; ; ;0; ; ; ; ; ; 
TRACK;1.12.5-78; ; ;-1.516416327;20763369.87;C; ; ; ; ; ; ; ; ; ; 
TRACK;1.12.5-78;-16.49062066;-71.4954607;-1952362.47;2841752.946;C;False; ; ;0; ; ; ; ; ; 
TRACK;1.12.5-78;-16.49062079;-71.49484768;-1952370.263;2841822.425;C;False; ; ;0; ; ; ; ; ; 
TRACK;1.12.5-78;-16.48945788;-71.49486098;-1952233.48;2841836.209;C;False; ; ;0; ; ; ; ; ; 
TRACK;1.12.5-78;-16.48945773;-71.49546958;-1952225.74;2841767.231;C;False; ; ;0; ; ; ; ; ; 
TRACK;1.12.5-79; ; ;-1.516416327;20763369.87;C; ; ; ; ; ; ; ; ; ; 
TRACK;1.12.5-79;-16.48879486;-71.49574985;-1952144.314;2841744.179;C;False; ; ;0; ; ; ; ; ; 
TRACK;1.12.5-79;-16.48902202;-71.49575299;-1952170.96;2841740.837;C;False; ; ;0; ; ; ; ; ; 
TRACK;1.12.5-79;-16.48902963;-71.49620216;-1952166.156;2841689.827;C;False; ; ;0; ; ; ; ; ; 
TRACK;1.12.5-79;-16.48935245;-71.49619958;-1952204.113;2841685.875;C;False; ; ;0; ; ; ; ; ; 
TRACK;1.12.5-79;-16.48934291;-71.49558909;-1952210.736;2841755.195;C;False; ; ;0; ; ; ; ; ; 
TRACK;1.12.5-79;-16.48885169;-71.49558851;-1952153.037;2841761.719;C;False; ; ;0; ; ; ; ; ; 
TRACK;1.12.5-80; ; ;-1.516416327;20763369.87;C; ; ; ; ; ; ; ; ; ; 
TRACK;1.12.5-80;-16.49063032;-71.49556336;-1952362.302;2841741.182;C;False; ; ;0; ; ; ; ; ; 
TRACK;1.12.5-80;-16.48946584;-71.49557019;-1952225.418;2841755.721;C;False; ; ;0; ; ; ; ; ; 
TRACK;1.12.5-80;-16.48946569;-71.49619931;-1952217.418;2841684.416;C;False; ; ;0; ; ; ; ; ; 
TRACK;1.12.5-80;-16.4906317;-71.4961836;-1952354.596;2841670.866;C;False; ; ;0; ; ; ; ; ; 
TRACK;1.12.5-81; ; ;-1.516416327;20763369.87;C; ; ; ; ; ; ; ; ; ; 
TRACK;1.12.5-81;-16.4890394;-71.49630361;-1952166.016;2841678.2;C;False; ; ;0; ; ; ; ; ; 
TRACK;1.12.5-81;-16.48903694;-71.4972287;-1952153.993;2841573.38;C;False; ; ;0; ; ; ; ; ; 
TRACK;1.12.5-81;-16.48924086;-71.49722698;-1952177.971;2841570.895;C;False; ; ;0; ; ; ; ; ; 
TRACK;1.12.5-81;-16.48936275;-71.4969306;-1952196.049;2841602.885;C;False; ; ;0; ; ; ; ; ; 
TRACK;1.12.5-81;-16.48934872;-71.49631272;-1952202.239;2841673.101;C;False; ; ;0; ; ; ; ; ; 
TRACK;1.12.5-82; ; ;-1.516416327;20763369.87;C; ; ; ; ; ; ; ; ; ; 
TRACK;1.12.5-82;-16.49063299;-71.49631064;-1952353.136;2841656.45;C;False; ; ;0; ; ; ; ; ; 
TRACK;1.12.5-82;-16.48946161;-71.49630498;-1952215.599;2841672.493;C;False; ; ;0; ; ; ; ; ; 
TRACK;1.12.5-82;-16.48947358;-71.49692591;-1952209.129;2841601.958;C;False; ; ;0; ; ; ; ; ; 
TRACK;1.12.5-82;-16.49063599;-71.4969285;-1952345.649;2841586.382;C;False; ; ;0; ; ; ; ; ; 
TRACK;1.12.5-83; ; ;-1.516416327;20763369.87;C; ; ; ; ; ; ; ; ; ; 
TRACK;1.12.5-83;-16.48939966;-71.49724552;-1952196.391;2841566.705;C;False; ; ;0; ; ; ; ; ; 
TRACK;1.12.5-83;-16.48947904;-71.4974852;-1952202.676;2841538.496;C;False; ; ;0; ; ; ; ; ; 
TRACK;1.12.5-83;-16.49068436;-71.49746259;-1952344.557;2841525.212;C;False; ; ;0; ; ; ; ; ; 
TRACK;1.12.5-83;-16.49070743;-71.49702593;-1952352.806;2841574.4;C;False; ; ;0; ; ; ; ; ; 
TRACK;1.12.5-83;-16.48939701;-71.49702242;-1952198.909;2841592.026;C;False; ; ;0; ; ; ; ; ; 
TRACK;1.12.5-84; ; ;-1.516416327;20763369.87;C; ; ; ; ; ; ; ; ; ; 
TRACK;1.12.5-84;-16.48929713;-71.49855464;-1952167.741;2841419.675;C;False; ; ;0; ; ; ; ; ; 
TRACK;1.12.5-84;-16.4906841;-71.49852371;-1952331.067;2841404.947;C;False; ; ;0; ; ; ; ; ; 
TRACK;1.12.5-84;-16.49070187;-71.49759416;-1952344.945;2841510.069;C;False; ; ;0; ; ; ; ; ; 
TRACK;1.12.5-84;-16.4888087;-71.49762775;-1952122.12;2841531.152;C;False; ; ;0; ; ; ; ; ; 
TRACK;1.12.5-85; ; ;-1.516416327;20763369.87;C; ; ; ; ; ; ; ; ; ; 
TRACK;1.12.5-85;-16.48931782;-71.49863346;-1952169.172;2841410.471;C;False; ; ;0; ; ; ; ; ; 
TRACK;1.12.5-85;-16.48935906;-71.4990273;-1952169.021;2841365.291;C;False; ; ;0; ; ; ; ; ; 
TRACK;1.12.5-85;-16.49070189;-71.49898849;-1952327.26;2841352.036;C;False; ; ;0; ; ; ; ; ; 
TRACK;1.12.5-85;-16.49068855;-71.49861508;-1952330.43;2841394.533;C;False; ; ;0; ; ; ; ; ; 
TRACK;1.12.5-86; ; ;-1.516416327;20763369.87;C; ; ; ; ; ; ; ; ; ; 
TRACK;1.12.5-86;-16.48936934;-71.4990905;-1952169.427;2841357.992;C;False; ; ;0; ; ; ; ; ; 
TRACK;1.12.5-86;-16.48945628;-71.50029036;-1952164.422;2841220.857;C;False; ; ;0; ; ; ; ; ; 
TRACK;1.12.5-86;-16.49081661;-71.50016232;-1952325.849;2841217.486;C;False; ; ;0; ; ; ; ; ; 
TRACK;1.12.5-86;-16.4907152;-71.49904297;-1952328.133;2841345.686;C;False; ; ;0; ; ; ; ; ; 
TRACK;1.12.5-87; ; ;-1.516416327;20763369.87;C; ; ; ; ; ; ; ; ; ; 
TRACK;1.12.5-87;-16.48927422;-71.50105493;-1952133.339;2841136.594;C;False; ; ;0; ; ; ; ; ; 
TRACK;1.12.5-87;-16.48965565;-71.50162881;-1952170.869;2841066.538;C;False; ; ;0; ; ; ; ; ; 
TRACK;1.12.5-87;-16.48986005;-71.50203093;-1952189.78;2841018.276;C;False; ; ;0; ; ; ; ; ; 
TRACK;1.12.5-87;-16.48974764;-71.50215007;-1952175.064;2841006.249;C;False; ; ;0; ; ; ; ; ; 
TRACK;1.12.5-87;-16.48984512;-71.50229658;-1952184.658;2840988.363;C;False; ; ;0; ; ; ; ; ; 
TRACK;1.12.5-87;-16.49006702;-71.50258342;-1952207.088;2840952.937;C;False; ; ;0; ; ; ; ; ; 
TRACK;1.12.5-87;-16.49023233;-71.50258658;-1952226.466;2840950.406;C;False; ; ;0; ; ; ; ; ; 
TRACK;1.12.5-87;-16.49042679;-71.5026377;-1952248.662;2840942.056;C;False; ; ;0; ; ; ; ; ; 
TRACK;1.12.5-87;-16.49065738;-71.50262183;-1952275.951;2840940.824;C;False; ; ;0; ; ; ; ; ; 
TRACK;1.12.5-87;-16.49083413;-71.50259185;-1952297.094;2840941.898;C;False; ; ;0; ; ; ; ; ; 
TRACK;1.12.5-87;-16.4909988;-71.50251451;-1952317.418;2840948.5;C;False; ; ;0; ; ; ; ; ; 
TRACK;1.12.5-87;-16.49104162;-71.50240614;-1952323.822;2840960.219;C;False; ; ;0; ; ; ; ; ; 
TRACK;1.12.5-87;-16.49104162;-71.50230492;-1952325.106;2840971.692;C;False; ; ;0; ; ; ; ; ; 
TRACK;1.12.5-87;-16.49100736;-71.50205716;-1952324.224;2841000.222;C;False; ; ;0; ; ; ; ; ; 
TRACK;1.12.5-87;-16.49095142;-71.50174484;-1952321.614;2841036.355;C;False; ; ;0; ; ; ; ; ; 
TRACK;1.12.5-87;-16.49081457;-71.50017678;-1952325.426;2841215.875;C;False; ; ;0; ; ; ; ; ; 
TRACK;1.12.5-87;-16.48920217;-71.50032068;-1952134.186;2841220.761;C;False; ; ;0; ; ; ; ; ; 
TRACK;1.12.5-99; ; ;-1.516416327;20763369.87;C; ; ; ; ; ; ; ; ; ; 
TRACK;1.12.5-99;-16.49140799;-71.48643129;-1952569.551;2842766.023;C;False; ; ;0; ; ; ; ; ; 
TRACK;1.12.5-99;-16.49125866;-71.48611266;-1952556.052;2842804.103;C;False; ; ;0; ; ; ; ; ; 
TRACK;1.12.5-99;-16.49129027;-71.4859716;-1952561.556;2842819.676;C;False; ; ;0; ; ; ; ; ; 
TRACK;1.12.5-99;-16.49147608;-71.48588364;-1952584.502;2842827.201;C;False; ; ;0; ; ; ; ; ; 
TRACK;1.12.5-99;-16.49183548;-71.48536732;-1952633.28;2842880.995;C;False; ; ;0; ; ; ; ; ; 
TRACK;1.12.5-99;-16.49193273;-71.48504005;-1952648.859;2842916.811;C;False; ; ;0; ; ; ; ; ; 
TRACK;1.12.5-99;-16.49076224;-71.48487527;-1952513.438;2842950.89;C;False; ; ;0; ; ; ; ; ; 
TRACK;1.12.5-99;-16.49075675;-71.48569105;-1952502.437;2842858.495;C;False; ; ;0; ; ; ; ; ; 
TRACK;1.12.5-99;-16.49077162;-71.48670009;-1952491.376;2842743.927;C;False; ; ;0; ; ; ; ; ; 
TRACK;1.12.5-99;-16.49160958;-71.4867051;-1952589.758;2842732.335;C;False; ; ;0; ; ; ; ; ; 
TRACK;1.12.5-100; ; ;-1.516416327;20763369.87;C; ; ; ; ; ; ; ; ; ; 
TRACK;1.12.5-100;-16.49172296;-71.48681215;-1952601.719;2842718.709;C;False; ; ;0; ; ; ; ; ; 
TRACK;1.12.5-100;-16.49080254;-71.48681836;-1952493.508;2842730.115;C;False; ; ;0; ; ; ; ; ; 
TRACK;1.12.5-100;-16.49080209;-71.48743341;-1952485.648;2842660.406;C;False; ; ;0; ; ; ; ; ; 
TRACK;1.12.5-100;-16.49173541;-71.48742375;-1952595.418;2842649.223;C;False; ; ;0; ; ; ; ; ; 
TRACK;1.12.5-101; ; ;-1.516416327;20763369.87;C; ; ; ; ; ; ; ; ; ; 
TRACK;1.12.5-101;-16.4916279;-71.48754368;-1952581.265;2842637.043;C;False; ; ;0; ; ; ; ; ; 
TRACK;1.12.5-101;-16.49080601;-71.48754871;-1952484.645;2842647.287;C;False; ; ;0; ; ; ; ; ; 
TRACK;1.12.5-101;-16.49081256;-71.48817342;-1952477.485;2842576.392;C;False; ; ;0; ; ; ; ; ; 
TRACK;1.12.5-101;-16.49173222;-71.48815763;-1952585.729;2842566.083;C;False; ; ;0; ; ; ; ; ; 
TRACK;1.12.5-103; ; ;-1.516416327;20763369.87;C; ; ; ; ; ; ; ; ; ; 
TRACK;1.12.5-103;-16.49178931;-71.48825917;-1952591.147;2842553.822;C;False; ; ;0; ; ; ; ; ; 
TRACK;1.12.5-103;-16.49078237;-71.48827683;-1952472.626;2842565.068;C;False; ; ;0; ; ; ; ; ; 
TRACK;1.12.5-103;-16.49077803;-71.48880515;-1952465.412;2842505.242;C;False; ; ;0; ; ; ; ; ; 
TRACK;1.12.5-103;-16.49178968;-71.48877754;-1952584.611;2842495.063;C;False; ; ;0; ; ; ; ; ; 
TRACK;1.12.5-104; ; ;-1.516416327;20763369.87;C; ; ; ; ; ; ; ; ; ; 
TRACK;1.12.5-104;-16.49244602;-71.48930243;-1952655.055;2842426.934;C;False; ; ;0; ; ; ; ; ; 
TRACK;1.12.5-104;-16.49254354;-71.48923975;-1952667.307;2842432.756;C;False; ; ;0; ; ; ; ; ; 
TRACK;1.12.5-104;-16.49254237;-71.48884048;-1952672.238;2842478.026;C;False; ; ;0; ; ; ; ; ; 
TRACK;1.12.5-104;-16.49077385;-71.48884415;-1952464.425;2842500.875;C;False; ; ;0; ; ; ; ; ; 
TRACK;1.12.5-104;-16.49076905;-71.48942566;-1952456.48;2842435.028;C;False; ; ;0; ; ; ; ; ; 
TRACK;1.12.5-104;-16.49228796;-71.48940935;-1952635.129;2842416.896;C;False; ; ;0; ; ; ; ; ; 
TRACK;1.12.5-105; ; ;-1.516416327;20763369.87;C; ; ; ; ; ; ; ; ; ; 
TRACK;1.12.5-105;-16.49080069;-71.49037999;-1952448.086;2842326.443;C;False; ; ;0; ; ; ; ; ; 
TRACK;1.12.5-105;-16.49216369;-71.49031592;-1952609.025;2842315.775;C;False; ; ;0; ; ; ; ; ; 
TRACK;1.12.5-105;-16.49216438;-71.48942319;-1952620.435;2842416.952;C;False; ; ;0; ; ; ; ; ; 
TRACK;1.12.5-105;-16.49077396;-71.48943383;-1952456.954;2842434.037;C;False; ; ;0; ; ; ; ; ; 
TRACK;1.12.5-107; ; ;-1.516416327;20763369.87;C; ; ; ; ; ; ; ; ; ; 
TRACK;1.12.5-107;-16.49082306;-71.49149785;-1952436.529;2842199.445;C;False; ; ;0; ; ; ; ; ; 
TRACK;1.12.5-107;-16.49114128;-71.49180797;-1952469.977;2842160.109;C;False; ; ;0; ; ; ; ; ; 
TRACK;1.12.5-107;-16.49202659;-71.49180157;-1952574.063;2842149.191;C;False; ; ;0; ; ; ; ; ; 
TRACK;1.12.5-107;-16.49200219;-71.4911786;-1952579.103;2842220.121;C;False; ; ;0; ; ; ; ; ; 
TRACK;1.12.5-107;-16.49083467;-71.49120056;-1952441.666;2842232.988;C;False; ; ;0; ; ; ; ; ; 
TRACK;1.12.5-108; ; ;-1.516416327;20763369.87;C; ; ; ; ; ; ; ; ; ; 
TRACK;1.12.5-108;-16.49201544;-71.49190956;-1952571.384;2842137.096;C;False; ; ;0; ; ; ; ; ; 
TRACK;1.12.5-108;-16.49114857;-71.49191006;-1952469.538;2842148.442;C;False; ; ;0; ; ; ; ; ; 
TRACK;1.12.5-108;-16.49083303;-71.49223198;-1952428.385;2842116.104;C;False; ; ;0; ; ; ; ; ; 
TRACK;1.12.5-108;-16.49084004;-71.49254857;-1952425.191;2842080.129;C;False; ; ;0; ; ; ; ; ; 
TRACK;1.12.5-108;-16.49203076;-71.49253604;-1952565.233;2842065.888;C;False; ; ;0; ; ; ; ; ; 
TRACK;1.12.5-109; ; ;-1.516416327;20763369.87;C; ; ; ; ; ; ; ; ; ; 
TRACK;1.12.5-109;-16.49308098;-71.49181277;-1952697.789;2842134.052;C;False; ; ;0; ; ; ; ; ; 
TRACK;1.12.5-109;-16.4929448;-71.49180823;-1952681.849;2842136.357;C;False; ; ;0; ; ; ; ; ; 
TRACK;1.12.5-109;-16.49294478;-71.49195788;-1952679.947;2842119.395;C;False; ; ;0; ; ; ; ; ; 
TRACK;1.12.5-109;-16.49220043;-71.49192668;-1952592.899;2842132.723;C;False; ; ;0; ; ; ; ; ; 
TRACK;1.12.5-109;-16.49222313;-71.4925239;-1952587.986;2842064.735;C;False; ; ;0; ; ; ; ; ; 
TRACK;1.12.5-109;-16.49308764;-71.492548;-1952689.241;2842050.631;C;False; ; ;0; ; ; ; ; ; 
TRACK;1.12.5-110; ; ;-1.516416327;20763369.87;C; ; ; ; ; ; ; ; ; ; 
TRACK;1.12.5-110;-16.49226971;-71.49263048;-1952592.106;2842052.042;C;False; ; ;0; ; ; ; ; ; 
TRACK;1.12.5-110;-16.49086177;-71.49265935;-1952426.338;2842067.287;C;False; ; ;0; ; ; ; ; ; 
TRACK;1.12.5-110;-16.49087516;-71.49327508;-1952420.098;2841997.322;C;False; ; ;0; ; ; ; ; ; 
TRACK;1.12.5-110;-16.49228012;-71.4932643;-1952585.286;2841980.066;C;False; ; ;0; ; ; ; ; ; 
TRACK;1.12.5-111; ; ;-1.516416327;20763369.87;C; ; ; ; ; ; ; ; ; ; 
TRACK;1.12.5-111;-16.49265965;-71.49260304;-1952638.264;2842050.022;C;False; ; ;0; ; ; ; ; ; 
TRACK;1.12.5-111;-16.49233496;-71.49261127;-1952600.015;2842053.36;C;False; ; ;0; ; ; ; ; ; 
TRACK;1.12.5-111;-16.49232968;-71.49326572;-1952591.09;2841979.253;C;False; ; ;0; ; ; ; ; ; 
TRACK;1.12.5-111;-16.49263787;-71.49326883;-1952627.256;2841974.847;C;False; ; ;0; ; ; ; ; ; 
TRACK;1.12.5-112; ; ;-1.516416327;20763369.87;C; ; ; ; ; ; ; ; ; ; 
TRACK;1.12.5-112;-16.49273357;-71.49259521;-1952647.047;2842049.938;C;False; ; ;0; ; ; ; ; ; 
TRACK;1.12.5-112;-16.4927213;-71.49326688;-1952637.081;2841973.971;C;False; ; ;0; ; ; ; ; ; 
TRACK;1.12.5-112;-16.49304949;-71.4932664;-1952675.642;2841969.709;C;False; ; ;0; ; ; ; ; ; 
TRACK;1.12.5-112;-16.49306585;-71.49260014;-1952686.019;2842045.009;C;False; ; ;0; ; ; ; ; ; 
TRACK;1.12.5-113; ; ;-1.516416327;20763369.87;C; ; ; ; ; ; ; ; ; ; 
TRACK;1.12.5-113;-16.49227085;-71.49335236;-1952583.08;2841970.207;C;False; ; ;0; ; ; ; ; ; 
TRACK;1.12.5-113;-16.49085887;-71.49336926;-1952416.989;2841986.861;C;False; ; ;0; ; ; ; ; ; 
TRACK;1.12.5-113;-16.49086563;-71.4940172;-1952409.563;2841913.333;C;False; ; ;0; ; ; ; ; ; 
TRACK;1.12.5-113;-16.49225821;-71.49397428;-1952573.703;2841899.884;C;False; ; ;0; ; ; ; ; ; 
TRACK;1.12.5-116; ; ;-1.516416327;20763369.87;C; ; ; ; ; ; ; ; ; ; 
TRACK;1.12.5-116;-16.49226084;-71.49406344;-1952572.88;2841889.743;C;False; ; ;0; ; ; ; ; ; 
TRACK;1.12.5-116;-16.49087565;-71.49411631;-1952409.482;2841901.968;C;False; ; ;0; ; ; ; ; ; 
TRACK;1.12.5-116;-16.49088175;-71.49473716;-1952402.322;2841831.519;C;False; ; ;0; ; ; ; ; ; 
TRACK;1.12.5-116;-16.49227341;-71.49469839;-1952566.3;2841817.612;C;False; ; ;0; ; ; ; ; ; 
TRACK;1.12.5-117; ; ;-1.516416327;20763369.87;C; ; ; ; ; ; ; ; ; ; 
TRACK;1.12.5-117;-16.49205383;-71.49509355;-1952535.491;2841775.712;C;False; ; ;0; ; ; ; ; ; 
TRACK;1.12.5-117;-16.49218011;-71.49509314;-1952550.331;2841774.098;C;False; ; ;0; ; ; ; ; ; 
TRACK;1.12.5-117;-16.49217228;-71.49479453;-1952553.2;2841808.046;C;False; ; ;0; ; ; ; ; ; 
TRACK;1.12.5-117;-16.49087944;-71.49483625;-1952400.793;2841820.319;C;False; ; ;0; ; ; ; ; ; 
TRACK;1.12.5-117;-16.49087926;-71.49547014;-1952392.729;2841748.475;C;False; ; ;0; ; ; ; ; ; 
TRACK;1.12.5-117;-16.49206963;-71.49543999;-1952532.952;2841736.238;C;False; ; ;0; ; ; ; ; ; 
TRACK;1.12.5-120; ; ;-1.516416327;20763369.87;C; ; ; ; ; ; ; ; ; ; 
TRACK;1.12.5-120;-16.49206226;-71.4955621;-1952530.537;2841722.496;C;False; ; ;0; ; ; ; ; ; 
TRACK;1.12.5-120;-16.49087164;-71.4955644;-1952390.639;2841737.892;C;False; ; ;0; ; ; ; ; ; 
TRACK;1.12.5-120;-16.49089074;-71.49619107;-1952384.931;2841666.613;C;False; ; ;0; ; ; ; ; ; 
TRACK;1.12.5-120;-16.49206219;-71.49619325;-1952522.521;2841650.961;C;False; ; ;0; ; ; ; ; ; 
TRACK;1.12.5-121; ; ;-1.516416327;20763369.87;C; ; ; ; ; ; ; ; ; ; 
TRACK;1.12.5-121;-16.49289331;-71.49595412;-1952623.191;2841667.135;C;False; ; ;0; ; ; ; ; ; 
TRACK;1.12.5-121;-16.49215158;-71.49549375;-1952541.897;2841729.068;C;False; ; ;0; ; ; ; ; ; 
TRACK;1.12.5-121;-16.49210049;-71.49550209;-1952535.789;2841728.794;C;False; ; ;0; ; ; ; ; ; 
TRACK;1.12.5-121;-16.49208723;-71.49628186;-1952524.338;2841640.589;C;False; ; ;0; ; ; ; ; ; 
TRACK;1.12.5-121;-16.49271422;-71.49644444;-1952595.931;2841613.918;C;False; ; ;0; ; ; ; ; ; 
TRACK;1.12.5-122; ; ;-1.516416327;20763369.87;C; ; ; ; ; ; ; ; ; ; 
TRACK;1.12.5-122;-16.49205145;-71.49689361;-1952512.373;2841571.724;C;False; ; ;0; ; ; ; ; ; 
TRACK;1.12.5-122;-16.49203771;-71.49628825;-1952518.44;2841640.516;C;False; ; ;0; ; ; ; ; ; 
TRACK;1.12.5-122;-16.49090046;-71.49630061;-1952384.684;2841654.069;C;False; ; ;0; ; ; ; ; ; 
TRACK;1.12.5-122;-16.49090555;-71.49689242;-1952377.774;2841586.927;C;False; ; ;0; ; ; ; ; ; 
TRACK;1.12.5-123; ; ;-1.516416327;20763369.87;C; ; ; ; ; ; ; ; ; ; 
TRACK;1.12.5-123;-16.4927132;-71.49646315;-1952595.574;2841611.811;C;False; ; ;0; ; ; ; ; ; 
TRACK;1.12.5-123;-16.49207966;-71.49629236;-1952523.316;2841639.499;C;False; ; ;0; ; ; ; ; ; 
TRACK;1.12.5-123;-16.49208203;-71.49646593;-1952521.392;2841619.796;C;False; ; ;0; ; ; ; ; ; 
TRACK;1.12.5-123;-16.49265121;-71.49663097;-1952586.162;2841593.605;C;False; ; ;0; ; ; ; ; ; 
TRACK;1.12.5-124; ; ;-1.516416327;20763369.87;C; ; ; ; ; ; ; ; ; ; 
TRACK;1.12.5-124;-16.49257131;-71.49664509;-1952576.597;2841593.055;C;False; ; ;0; ; ; ; ; ; 
TRACK;1.12.5-124;-16.49210904;-71.4965198;-1952523.882;2841613.335;C;False; ; ;0; ; ; ; ; ; 
TRACK;1.12.5-124;-16.49210662;-71.4968122;-1952519.888;2841580.225;C;False; ; ;0; ; ; ; ; ; 
TRACK;1.12.5-124;-16.49251511;-71.4969177;-1952566.537;2841562.897;C;False; ; ;0; ; ; ; ; ; 
TRACK;1.12.5-125; ; ;-1.516416327;20763369.87;C; ; ; ; ; ; ; ; ; ; 
TRACK;1.12.5-125;-16.49232995;-71.49723223;-1952540.794;2841529.683;C;False; ; ;0; ; ; ; ; ; 
TRACK;1.12.5-125;-16.49243591;-71.49716783;-1952554.059;2841535.589;C;False; ; ;0; ; ; ; ; ; 
TRACK;1.12.5-125;-16.49249494;-71.49713852;-1952561.366;2841538.134;C;False; ; ;0; ; ; ; ; ; 
TRACK;1.12.5-125;-16.49250944;-71.49696514;-1952565.268;2841557.595;C;False; ; ;0; ; ; ; ; ; 
TRACK;1.12.5-125;-16.49240572;-71.49694078;-1952553.393;2841561.719;C;False; ; ;0; ; ; ; ; ; 
TRACK;1.12.5-125;-16.49221329;-71.49689738;-1952531.338;2841569.168;C;False; ; ;0; ; ; ; ; ; 
TRACK;1.12.5-125;-16.49211986;-71.49694276;-1952519.786;2841565.253;C;False; ; ;0; ; ; ; ; ; 
TRACK;1.12.5-125;-16.49211631;-71.49699822;-1952518.666;2841559.015;C;False; ; ;0; ; ; ; ; ; 
TRACK;1.12.5-125;-16.4922408;-71.49722662;-1952530.393;2841531.491;C;False; ; ;0; ; ; ; ; ; 
TRACK;1.12.5-126; ; ;-1.516416327;20763369.87;C; ; ; ; ; ; ; ; ; ; 
TRACK;1.12.5-126;-16.49248095;-71.49718161;-1952559.175;2841533.435;C;False; ; ;0; ; ; ; ; ; 
TRACK;1.12.5-126;-16.49226417;-71.49728895;-1952532.347;2841524.119;C;False; ; ;0; ; ; ; ; ; 
TRACK;1.12.5-126;-16.49232862;-71.49744059;-1952537.995;2841506.085;C;False; ; ;0; ; ; ; ; ; 
TRACK;1.12.5-126;-16.49271105;-71.49746702;-1952582.586;2841498.061;C;False; ; ;0; ; ; ; ; ; 
TRACK;1.12.5-126;-16.49267589;-71.49735881;-1952579.828;2841510.788;C;False; ; ;0; ; ; ; ; ; 
TRACK;1.12.5-127; ; ;-1.516416327;20763369.87;C; ; ; ; ; ; ; ; ; ; 
TRACK;1.12.5-127;-16.49223407;-71.49731032;-1952528.54;2841522.093;C;False; ; ;0; ; ; ; ; ; 
TRACK;1.12.5-127;-16.49217844;-71.49720655;-1952523.322;2841534.585;C;False; ; ;0; ; ; ; ; ; 
TRACK;1.12.5-127;-16.49203984;-71.49696751;-1952510.072;2841563.501;C;False; ; ;0; ; ; ; ; ; 
TRACK;1.12.5-127;-16.4908754;-71.49696768;-1952373.278;2841578.793;C;False; ; ;0; ; ; ; ; ; 
TRACK;1.12.5-127;-16.49084001;-71.49762023;-1952360.842;2841505.298;C;False; ; ;0; ; ; ; ; ; 
TRACK;1.12.5-127;-16.49229059;-71.49747655;-1952533.071;2841502.51;C;False; ; ;0; ; ; ; ; ; 
TRACK;1.12.5-128; ; ;-1.516416327;20763369.87;C; ; ; ; ; ; ; ; ; ; 
TRACK;1.12.5-128;-16.49257923;-71.49838579;-1952555.445;2841395.661;C;False; ; ;0; ; ; ; ; ; 
TRACK;1.12.5-128;-16.49288391;-71.49753571;-1952602.02;2841488.002;C;False; ; ;0; ; ; ; ; ; 
TRACK;1.12.5-128;-16.49229494;-71.49749772;-1952533.314;2841500.052;C;False; ; ;0; ; ; ; ; ; 
TRACK;1.12.5-128;-16.49083519;-71.49764247;-1952359.994;2841502.841;C;False; ; ;0; ; ; ; ; ; 
TRACK;1.12.5-128;-16.49084276;-71.49841538;-1952351.079;2841415.139;C;False; ; ;0; ; ; ; ; ; 
TRACK;1.12.5-128;-16.49090594;-71.4994035;-1952345.967;2841302.317;C;False; ; ;0; ; ; ; ; ; 
TRACK;1.12.5-128;-16.49204353;-71.49944267;-1952479.107;2841282.92;C;False; ; ;0; ; ; ; ; ; 
TRACK;1.12.5-128;-16.49235348;-71.4994404;-1952515.546;2841279.103;C;False; ; ;0; ; ; ; ; ; 
TRACK;1.12.5-128;-16.49284944;-71.49850399;-1952585.687;2841378.713;C;False; ; ;0; ; ; ; ; ; 
TRACK;1.12.5-129; ; ;-1.516416327;20763369.87;C; ; ; ; ; ; ; ; ; ; 
TRACK;1.12.5-129;-16.4930845;-71.49737447;-1952627.63;2841503.639;C;False; ; ;0; ; ; ; ; ; 
TRACK;1.12.5-129;-16.49303899;-71.49752664;-1952620.353;2841486.991;C;False; ; ;0; ; ; ; ; ; 
TRACK;1.12.5-129;-16.49352425;-71.4977085;-1952675.051;2841459.999;C;False; ; ;0; ; ; ; ; ; 
TRACK;1.12.5-129;-16.49357649;-71.49755098;-1952683.187;2841477.165;C;False; ; ;0; ; ; ; ; ; 
TRACK;1.12.5-130; ; ;-1.516416327;20763369.87;C; ; ; ; ; ; ; ; ; ; 
TRACK;1.12.5-130;-16.49288887;-71.49753613;-1952602.598;2841487.889;C;False; ; ;0; ; ; ; ; ; 
TRACK;1.12.5-130;-16.49258792;-71.49838019;-1952556.536;2841396.182;C;False; ; ;0; ; ; ; ; ; 
TRACK;1.12.5-130;-16.49272562;-71.49843937;-1952571.962;2841387.664;C;False; ; ;0; ; ; ; ; ; 
TRACK;1.12.5-130;-16.49301832;-71.49757609;-1952617.298;2841481.659;C;False; ; ;0; ; ; ; ; ; 
TRACK;1.12.5-131; ; ;-1.516416327;20763369.87;C; ; ; ; ; ; ; ; ; ; 
TRACK;1.12.5-131;-16.49306856;-71.49758599;-1952623.074;2841479.876;C;False; ; ;0; ; ; ; ; ; 
TRACK;1.12.5-131;-16.49280227;-71.4983748;-1952581.785;2841393.975;C;False; ; ;0; ; ; ; ; ; 
TRACK;1.12.5-131;-16.49293816;-71.49843811;-1952596.945;2841385.013;C;False; ; ;0; ; ; ; ; ; 
TRACK;1.12.5-131;-16.49321222;-71.49763674;-1952639.306;2841472.234;C;False; ; ;0; ; ; ; ; ; 
TRACK;1.12.5-133; ; ;-1.516416327;20763369.87;C; ; ; ; ; ; ; ; ; ; 
TRACK;1.12.5-133;-16.49198983;-71.49957793;-1952471.083;2841268.297;C;False; ; ;0; ; ; ; ; ; 
TRACK;1.12.5-133;-16.49245935;-71.49955848;-1952526.485;2841264.328;C;False; ; ;0; ; ; ; ; ; 
TRACK;1.12.5-133;-16.49293793;-71.49867935;-1952593.858;2841357.674;C;False; ; ;0; ; ; ; ; ; 
TRACK;1.12.5-133;-16.49293353;-71.49853257;-1952595.202;2841374.367;C;False; ; ;0; ; ; ; ; ; 
TRACK;1.12.5-133;-16.49285876;-71.49850218;-1952586.804;2841378.795;C;False; ; ;0; ; ; ; ; ; 
TRACK;1.12.5-133;-16.49235952;-71.49944471;-1952516.201;2841278.535;C;False; ; ;0; ; ; ; ; ; 
TRACK;1.12.5-133;-16.49169263;-71.4994398;-1952437.921;2841287.859;C;False; ; ;0; ; ; ; ; ; 
TRACK;1.12.5-133;-16.49169104;-71.49948296;-1952437.187;2841282.988;C;False; ; ;0; ; ; ; ; ; 
TRACK;1.12.5-133;-16.49188323;-71.49950721;-1952459.457;2841277.713;C;False; ; ;0; ; ; ; ; ; 
TRACK;1.12.5-140; ; ;-1.516416327;20763369.87;C; ; ; ; ; ; ; ; ; ; 
TRACK;1.12.5-140;-16.49178897;-71.5036592;-1952395.723;2840808.379;C;False; ; ;0; ; ; ; ; ; 
TRACK;1.12.5-140;-16.49104921;-71.50267021;-1952321.365;2840930.19;C;False; ; ;0; ; ; ; ; ; 
TRACK;1.12.5-140;-16.49064326;-71.50282917;-1952271.662;2840917.511;C;False; ; ;0; ; ; ; ; ; 
TRACK;1.12.5-140;-16.4915047;-71.50384314;-1952359.998;2840791.268;C;False; ; ;0; ; ; ; ; ; 
TRACK;1.12.6-1; ; ;-1.516416327;20763369.87;C; ; ; ; ; ; ; ; ; ; 
TRACK;1.12.6-1;-16.48685524;-71.47171822;-1952221.48;2844493.716;C;False; ; ;0; ; ; ; ; ; 
TRACK;1.12.6-1;-16.48692478;-71.47185273;-1952227.943;2844477.553;C;False; ; ;0; ; ; ; ; ; 
TRACK;1.12.6-1;-16.48696718;-71.47173056;-1952234.477;2844490.843;C;False; ; ;0; ; ; ; ; ; 
TRACK;1.12.6-1;-16.48700404;-71.47153117;-1952241.34;2844512.961;C;False; ; ;0; ; ; ; ; ; 
TRACK;1.12.6-1;-16.48703024;-71.47136291;-1952246.555;2844531.69;C;False; ; ;0; ; ; ; ; ; 
TRACK;1.12.6-1;-16.48711331;-71.47115254;-1952258.988;2844554.444;C;False; ; ;0; ; ; ; ; ; 
TRACK;1.12.6-1;-16.48714417;-71.47110548;-1952263.211;2844559.373;C;False; ; ;0; ; ; ; ; ; 
TRACK;1.12.6-1;-16.48691944;-71.47115964;-1952236.119;2844556.192;C;False; ; ;0; ; ; ; ; ; 
TRACK;1.12.6-1;-16.48682826;-71.47117128;-1952225.259;2844556.072;C;False; ; ;0; ; ; ; ; ; 
TRACK;1.12.6-1;-16.48670274;-71.47115558;-1952210.71;2844559.505;C;False; ; ;0; ; ; ; ; ; 
TRACK;1.12.6-1;-16.48677401;-71.47154177;-1952214.178;2844514.787;C;False; ; ;0; ; ; ; ; ; 
TRACK;1.12.6-3; ; ;-1.516416327;20763369.87;C; ; ; ; ; ; ; ; ; ; 
TRACK;1.12.6-3;-16.48740482;-71.47267606;-1952273.887;2844377.902;C;False; ; ;0; ; ; ; ; ; 
TRACK;1.12.6-3;-16.48749076;-71.47284498;-1952281.839;2844357.621;C;False; ; ;0; ; ; ; ; ; 
TRACK;1.12.6-3;-16.48753865;-71.47301474;-1952285.309;2844337.748;C;False; ; ;0; ; ; ; ; ; 
TRACK;1.12.6-3;-16.48777077;-71.47309542;-1952311.556;2844325.546;C;False; ; ;0; ; ; ; ; ; 
TRACK;1.12.6-3;-16.4880572;-71.47323477;-1952343.439;2844305.978;C;False; ; ;0; ; ; ; ; ; 
TRACK;1.12.6-3;-16.48815077;-71.47304708;-1952356.816;2844326.023;C;False; ; ;0; ; ; ; ; ; 
TRACK;1.12.6-3;-16.48787738;-71.47286138;-1952327.054;2844350.673;C;False; ; ;0; ; ; ; ; ; 
TRACK;1.12.6-3;-16.48770765;-71.4728258;-1952307.565;2844356.941;C;False; ; ;0; ; ; ; ; ; 
TRACK;1.12.6-3;-16.48797812;-71.47207665;-1952348.858;2844438.302;C;False; ; ;0; ; ; ; ; ; 
TRACK;1.12.6-3;-16.48756414;-71.47180727;-1952303.64;2844474.289;C;False; ; ;0; ; ; ; ; ; 
TRACK;1.12.6-3;-16.48751654;-71.47194434;-1952296.307;2844459.378;C;False; ; ;0; ; ; ; ; ; 
TRACK;1.12.6-3;-16.48746101;-71.4720895;-1952287.938;2844443.654;C;False; ; ;0; ; ; ; ; ; 
TRACK;1.12.6-3;-16.48741233;-71.47220963;-1952280.693;2844430.677;C;False; ; ;0; ; ; ; ; ; 
TRACK;1.12.6-3;-16.48735552;-71.47234466;-1952272.304;2844416.117;C;False; ; ;0; ; ; ; ; ; 
TRACK;1.12.6-3;-16.48727094;-71.4724759;-1952260.699;2844402.353;C;False; ; ;0; ; ; ; ; ; 
TRACK;1.12.6-3;-16.48735935;-71.47258551;-1952269.694;2844388.765;C;False; ; ;0; ; ; ; ; ; 
TRACK;1.12.6-4; ; ;-1.516416327;20763369.87;C; ; ; ; ; ; ; ; ; ; 
TRACK;1.12.6-4;-16.48721;-71.47488012;-1952223.005;2844130.617;C;False; ; ;0; ; ; ; ; ; 
TRACK;1.12.6-4;-16.487342;-71.47472661;-1952240.463;2844146.281;C;False; ; ;0; ; ; ; ; ; 
TRACK;1.12.6-4;-16.48750767;-71.47451748;-1952262.583;2844167.807;C;False; ; ;0; ; ; ; ; ; 
TRACK;1.12.6-4;-16.48766081;-71.47424802;-1952283.998;2844196.336;C;False; ; ;0; ; ; ; ; ; 
TRACK;1.12.6-4;-16.48765425;-71.47409;-1952285.234;2844214.336;C;False; ; ;0; ; ; ; ; ; 
TRACK;1.12.6-4;-16.48765752;-71.47397817;-1952287.038;2844226.97;C;False; ; ;0; ; ; ; ; ; 
TRACK;1.12.6-4;-16.4876575;-71.47382299;-1952289.008;2844244.56;C;False; ; ;0; ; ; ; ; ; 
TRACK;1.12.6-4;-16.48765422;-71.47371743;-1952289.963;2844256.57;C;False; ; ;0; ; ; ; ; ; 
TRACK;1.12.6-4;-16.48762792;-71.473605;-1952288.301;2844269.662;C;False; ; ;0; ; ; ; ; ; 
TRACK;1.12.6-4;-16.48758152;-71.47351303;-1952284.017;2844280.698;C;False; ; ;0; ; ; ; ; ; 
TRACK;1.12.6-4;-16.48755477;-71.4734053;-1952282.243;2844293.261;C;False; ; ;0; ; ; ; ; ; 
TRACK;1.12.6-4;-16.48751435;-71.47327088;-1952279.201;2844309.032;C;False; ; ;0; ; ; ; ; ; 
TRACK;1.12.6-4;-16.487494;-71.4732032;-1952277.67;2844316.972;C;False; ; ;0; ; ; ; ; ; 
TRACK;1.12.6-4;-16.48747356;-71.47307499;-1952276.896;2844331.774;C;False; ; ;0; ; ; ; ; ; 
TRACK;1.12.6-4;-16.48743583;-71.47297314;-1952273.757;2844343.816;C;False; ; ;0; ; ; ; ; ; 
TRACK;1.12.6-4;-16.48742894;-71.4729693;-1952272.996;2844344.343;C;False; ; ;0; ; ; ; ; ; 
TRACK;1.12.6-4;-16.48740473;-71.4728999;-1952271.033;2844352.528;C;False; ; ;0; ; ; ; ; ; 
TRACK;1.12.6-4;-16.48739083;-71.47283129;-1952270.272;2844360.488;C;False; ; ;0; ; ; ; ; ; 
TRACK;1.12.6-4;-16.48734538;-71.4727523;-1952265.935;2844370.041;C;False; ; ;0; ; ; ; ; ; 
TRACK;1.12.6-4;-16.48730656;-71.47267341;-1952262.376;2844379.495;C;False; ; ;0; ; ; ; ; ; 
TRACK;1.12.6-4;-16.48726383;-71.47260633;-1952258.207;2844387.662;C;False; ; ;0; ; ; ; ; ; 
TRACK;1.12.6-4;-16.48716984;-71.47242984;-1952249.406;2844408.906;C;False; ; ;0; ; ; ; ; ; 
TRACK;1.12.6-4;-16.48709992;-71.47226729;-1952243.255;2844428.253;C;False; ; ;0; ; ; ; ; ; 
TRACK;1.12.6-4;-16.48698893;-71.47208813;-1952232.49;2844450.024;C;False; ; ;0; ; ; ; ; ; 
TRACK;1.12.6-4;-16.48691774;-71.47196396;-1952225.703;2844465.037;C;False; ; ;0; ; ; ; ; ; 
TRACK;1.12.6-4;-16.48689031;-71.47190658;-1952223.21;2844471.902;C;False; ; ;0; ; ; ; ; ; 
TRACK;1.12.6-4;-16.4867965;-71.47172678;-1952214.471;2844493.52;C;False; ; ;0; ; ; ; ; ; 
TRACK;1.12.6-4;-16.48676124;-71.47160712;-1952211.848;2844507.548;C;False; ; ;0; ; ; ; ; ; 
TRACK;1.12.6-4;-16.48667911;-71.47164283;-1952201.745;2844504.581;C;False; ; ;0; ; ; ; ; ; 
TRACK;1.12.6-4;-16.48668994;-71.4720521;-1952197.819;2844458.044;C;False; ; ;0; ; ; ; ; ; 
TRACK;1.12.6-4;-16.48667196;-71.47230233;-1952192.528;2844429.914;C;False; ; ;0; ; ; ; ; ; 
TRACK;1.12.6-4;-16.48679305;-71.47266589;-1952202.138;2844387.108;C;False; ; ;0; ; ; ; ; ; 
TRACK;1.12.6-4;-16.48698562;-71.47289618;-1952221.838;2844358.466;C;False; ; ;0; ; ; ; ; ; 
TRACK;1.12.6-4;-16.48724686;-71.47322562;-1952248.347;2844317.683;C;False; ; ;0; ; ; ; ; ; 
TRACK;1.12.6-4;-16.48706238;-71.47339249;-1952224.553;2844301.195;C;False; ; ;0; ; ; ; ; ; 
TRACK;1.12.6-4;-16.48691102;-71.4736291;-1952203.765;2844276.366;C;False; ; ;0; ; ; ; ; ; 
TRACK;1.12.6-4;-16.48692128;-71.47373096;-1952203.677;2844264.684;C;False; ; ;0; ; ; ; ; ; 
TRACK;1.12.6-4;-16.48694932;-71.47389988;-1952204.826;2844245.167;C;False; ; ;0; ; ; ; ; ; 
TRACK;1.12.6-4;-16.4868799;-71.47412695;-1952193.786;2844220.34;C;False; ; ;0; ; ; ; ; ; 
TRACK;1.12.6-4;-16.48677778;-71.47437626;-1952178.622;2844193.423;C;False; ; ;0; ; ; ; ; ; 
TRACK;1.12.6-4;-16.48661767;-71.47463552;-1952156.519;2844166.142;C;False; ; ;0; ; ; ; ; ; 
TRACK;1.12.6-4;-16.48662497;-71.47468743;-1952156.717;2844160.161;C;False; ; ;0; ; ; ; ; ; 
TRACK;1.12.6-4;-16.48652919;-71.47477381;-1952144.367;2844151.629;C;False; ; ;0; ; ; ; ; ; 
TRACK;1.12.6-4;-16.48652547;-71.4748635;-1952142.791;2844141.511;C;False; ; ;0; ; ; ; ; ; 
TRACK;1.12.6-4;-16.48645793;-71.47489632;-1952134.438;2844138.68;C;False; ; ;0; ; ; ; ; ; 
TRACK;1.12.6-4;-16.48656629;-71.47527838;-1952142.318;2844093.944;C;False; ; ;0; ; ; ; ; ; 
TRACK;1.12.6-4;-16.48691142;-71.47521693;-1952183.648;2844096.367;C;False; ; ;0; ; ; ; ; ; 
TRACK;1.12.6-4;-16.48699582;-71.47521541;-1952193.582;2844095.429;C;False; ; ;0; ; ; ; ; ; 
TRACK;1.12.6-4;-16.48707546;-71.47522422;-1952202.829;2844093.382;C;False; ; ;0; ; ; ; ; ; 
TRACK;1.12.6-4;-16.48713583;-71.47523549;-1952209.778;2844091.309;C;False; ; ;0; ; ; ; ; ; 
TRACK;1.12.6-4;-16.48717366;-71.47503502;-1952216.769;2844113.537;C;False; ; ;0; ; ; ; ; ; 
TRACK;1.12.6-5; ; ;-1.516416327;20763369.87;C; ; ; ; ; ; ; ; ; ; 
TRACK;1.12.6-5;-16.48763971;-71.47443651;-1952279.126;2844175.248;C;False; ; ;0; ; ; ; ; ; 
TRACK;1.12.6-5;-16.48756071;-71.47456687;-1952268.188;2844161.511;C;False; ; ;0; ; ; ; ; ; 
TRACK;1.12.6-5;-16.48775161;-71.47469362;-1952289.007;2844144.63;C;False; ; ;0; ; ; ; ; ; 
TRACK;1.12.6-5;-16.48777942;-71.47465928;-1952292.711;2844148.156;C;False; ; ;0; ; ; ; ; ; 
TRACK;1.12.6-5;-16.4877955;-71.47459994;-1952295.354;2844154.671;C;False; ; ;0; ; ; ; ; ; 
TRACK;1.12.6-5;-16.48783189;-71.47447786;-1952301.179;2844168.03;C;False; ; ;0; ; ; ; ; ; 
TRACK;1.12.6-5;-16.48785436;-71.47435908;-1952305.329;2844181.199;C;False; ; ;0; ; ; ; ; ; 
TRACK;1.12.6-5;-16.48772113;-71.47424615;-1952291.109;2844195.754;C;False; ; ;0; ; ; ; ; ; 
TRACK;1.12.6-5;-16.48767834;-71.47436379;-1952284.588;2844182.983;C;False; ; ;0; ; ; ; ; ; 
TRACK;1.12.6-6; ; ;-1.516416327;20763369.87;C; ; ; ; ; ; ; ; ; ; 
TRACK;1.12.6-6;-16.48839625;-71.47564105;-1952352.715;2844028.746;C;False; ; ;0; ; ; ; ; ; 
TRACK;1.12.6-6;-16.48840021;-71.4755807;-1952353.945;2844035.536;C;False; ; ;0; ; ; ; ; ; 
TRACK;1.12.6-6;-16.48838832;-71.47546991;-1952353.956;2844048.251;C;False; ; ;0; ; ; ; ; ; 
TRACK;1.12.6-6;-16.48836639;-71.47541058;-1952352.133;2844055.265;C;False; ; ;0; ; ; ; ; ; 
TRACK;1.12.6-6;-16.48835434;-71.47521999;-1952353.137;2844077.029;C;False; ; ;0; ; ; ; ; ; 
TRACK;1.12.6-6;-16.48835031;-71.47519282;-1952353.009;2844080.161;C;False; ; ;0; ; ; ; ; ; 
TRACK;1.12.6-6;-16.48833615;-71.47517903;-1952351.521;2844081.911;C;False; ; ;0; ; ; ; ; ; 
TRACK;1.12.6-6;-16.48828905;-71.47511512;-1952346.798;2844089.776;C;False; ; ;0; ; ; ; ; ; 
TRACK;1.12.6-6;-16.48818339;-71.47506123;-1952335.069;2844097.275;C;False; ; ;0; ; ; ; ; ; 
TRACK;1.12.6-6;-16.48750061;-71.47460609;-1952260.629;2844157.856;C;False; ; ;0; ; ; ; ; ; 
TRACK;1.12.6-6;-16.48728902;-71.4748566;-1952232.587;2844132.244;C;False; ; ;0; ; ; ; ; ; 
TRACK;1.12.6-6;-16.48721594;-71.47505288;-1952221.51;2844110.956;C;False; ; ;0; ; ; ; ; ; 
TRACK;1.12.6-6;-16.48718496;-71.47529014;-1952214.856;2844084.469;C;False; ; ;0; ; ; ; ; ; 
TRACK;1.12.6-6;-16.48817042;-71.47556455;-1952327.153;2844040.392;C;False; ; ;0; ; ; ; ; ; 
TRACK;1.12.6-7; ; ;-1.516416327;20763369.87;C; ; ; ; ; ; ; ; ; ; 
TRACK;1.12.6-7;-16.48884881;-71.47629017;-1952397.641;2843949.208;C;False; ; ;0; ; ; ; ; ; 
TRACK;1.12.6-7;-16.48887614;-71.47621326;-1952401.829;2843957.567;C;False; ; ;0; ; ; ; ; ; 
TRACK;1.12.6-7;-16.48887772;-71.47616655;-1952402.608;2843962.841;C;False; ; ;0; ; ; ; ; ; 
TRACK;1.12.6-7;-16.48884821;-71.47613675;-1952399.519;2843966.607;C;False; ; ;0; ; ; ; ; ; 
TRACK;1.12.6-7;-16.48881515;-71.47611283;-1952395.939;2843969.754;C;False; ; ;0; ; ; ; ; ; 
TRACK;1.12.6-7;-16.48889487;-71.4758003;-1952409.275;2844004.131;C;False; ; ;0; ; ; ; ; ; 
TRACK;1.12.6-7;-16.48895154;-71.47556177;-1952418.962;2844030.425;C;False; ; ;0; ; ; ; ; ; 
TRACK;1.12.6-7;-16.48881214;-71.47551394;-1952403.191;2844037.681;C;False; ; ;0; ; ; ; ; ; 
TRACK;1.12.6-7;-16.48871173;-71.47548701;-1952391.735;2844042.055;C;False; ; ;0; ; ; ; ; ; 
TRACK;1.12.6-7;-16.48862337;-71.47549557;-1952381.246;2844042.249;C;False; ; ;0; ; ; ; ; ; 
TRACK;1.12.6-7;-16.48854336;-71.47554821;-1952371.177;2844037.334;C;False; ; ;0; ; ; ; ; ; 
TRACK;1.12.6-7;-16.48852315;-71.47560967;-1952368.022;2844030.633;C;False; ; ;0; ; ; ; ; ; 
TRACK;1.12.6-7;-16.48845364;-71.4756317;-1952359.575;2844029.052;C;False; ; ;0; ; ; ; ; ; 
TRACK;1.12.6-7;-16.48841911;-71.47565557;-1952355.215;2844026.8;C;False; ; ;0; ; ; ; ; ; 
TRACK;1.12.6-7;-16.48840426;-71.47572004;-1952352.653;2844019.688;C;False; ; ;0; ; ; ; ; ; 
TRACK;1.12.6-7;-16.48841045;-71.47579665;-1952352.406;2844010.922;C;False; ; ;0; ; ; ; ; ; 
TRACK;1.12.6-7;-16.4884524;-71.47584692;-1952356.697;2844004.671;C;False; ; ;0; ; ; ; ; ; 
TRACK;1.12.6-7;-16.48850075;-71.47586436;-1952362.156;2844002.057;C;False; ; ;0; ; ; ; ; ; 
TRACK;1.12.6-7;-16.48852045;-71.47587895;-1952364.285;2844000.144;C;False; ; ;0; ; ; ; ; ; 
TRACK;1.12.6-7;-16.48854665;-71.47596144;-1952366.315;2843990.449;C;False; ; ;0; ; ; ; ; ; 
TRACK;1.12.6-7;-16.48853926;-71.47620126;-1952362.401;2843963.361;C;False; ; ;0; ; ; ; ; ; 
TRACK;1.12.6-8; ; ;-1.516416327;20763369.87;C; ; ; ; ; ; ; ; ; ; 
TRACK;1.12.6-8;-16.48752526;-71.47620994;-1952243.157;2843975.724;C;False; ; ;0; ; ; ; ; ; 
TRACK;1.12.6-8;-16.48754713;-71.4762436;-1952245.3;2843971.621;C;False; ; ;0; ; ; ; ; ; 
TRACK;1.12.6-8;-16.48760107;-71.47626976;-1952251.305;2843967.945;C;False; ; ;0; ; ; ; ; ; 
TRACK;1.12.6-8;-16.487693;-71.47629829;-1952261.743;2843963.501;C;False; ; ;0; ; ; ; ; ; 
TRACK;1.12.6-8;-16.4877894;-71.47633374;-1952272.619;2843958.214;C;False; ; ;0; ; ; ; ; ; 
TRACK;1.12.6-8;-16.48782406;-71.47635456;-1952276.426;2843955.397;C;False; ; ;0; ; ; ; ; ; 
TRACK;1.12.6-8;-16.48788724;-71.47635574;-1952283.835;2843954.431;C;False; ; ;0; ; ; ; ; ; 
TRACK;1.12.6-8;-16.4879653;-71.47635221;-1952293.05;2843953.805;C;False; ; ;0; ; ; ; ; ; 
TRACK;1.12.6-8;-16.488077;-71.47633946;-1952306.336;2843953.78;C;False; ; ;0; ; ; ; ; ; 
TRACK;1.12.6-8;-16.48811243;-71.47632645;-1952310.664;2843954.788;C;False; ; ;0; ; ; ; ; ; 
TRACK;1.12.6-8;-16.48818182;-71.47632923;-1952318.782;2843953.56;C;False; ; ;0; ; ; ; ; ; 
TRACK;1.12.6-8;-16.48826797;-71.47631815;-1952329.044;2843953.682;C;False; ; ;0; ; ; ; ; ; 
TRACK;1.12.6-8;-16.48830688;-71.47631655;-1952333.636;2843953.351;C;False; ; ;0; ; ; ; ; ; 
TRACK;1.12.6-8;-16.48834917;-71.47630572;-1952338.742;2843954.022;C;False; ; ;0; ; ; ; ; ; 
TRACK;1.12.6-8;-16.48840051;-71.47629291;-1952344.936;2843954.799;C;False; ; ;0; ; ; ; ; ; 
TRACK;1.12.6-8;-16.48844501;-71.47628235;-1952350.299;2843955.41;C;False; ; ;0; ; ; ; ; ; 
TRACK;1.12.6-8;-16.4884679;-71.47626735;-1952353.178;2843956.809;C;False; ; ;0; ; ; ; ; ; 
TRACK;1.12.6-8;-16.4884868;-71.47623494;-1952355.811;2843960.234;C;False; ; ;0; ; ; ; ; ; 
TRACK;1.12.6-8;-16.48849994;-71.47619407;-1952357.873;2843964.694;C;False; ; ;0; ; ; ; ; ; 
TRACK;1.12.6-8;-16.48850181;-71.47613767;-1952358.809;2843971.063;C;False; ; ;0; ; ; ; ; ; 
TRACK;1.12.6-8;-16.48850181;-71.47609187;-1952359.391;2843976.255;C;False; ; ;0; ; ; ; ; ; 
TRACK;1.12.6-8;-16.4885018;-71.47603902;-1952360.061;2843982.245;C;False; ; ;0; ; ; ; ; ; 
TRACK;1.12.6-8;-16.48849993;-71.47598259;-1952360.558;2843988.667;C;False; ; ;0; ; ; ; ; ; 
TRACK;1.12.6-8;-16.48848977;-71.4759446;-1952359.847;2843993.107;C;False; ; ;0; ; ; ; ; ; 
TRACK;1.12.6-8;-16.488445;-71.47591499;-1952354.962;2843997.053;C;False; ; ;0; ; ; ; ; ; 
TRACK;1.12.6-8;-16.48840049;-71.47586444;-1952350.375;2844003.368;C;False; ; ;0; ; ; ; ; ; 
TRACK;1.12.6-8;-16.48838088;-71.47582723;-1952348.543;2844007.844;C;False; ; ;0; ; ; ; ; ; 
TRACK;1.12.6-8;-16.4883789;-71.47578371;-1952348.864;2844012.804;C;False; ; ;0; ; ; ; ; ; 
TRACK;1.12.6-8;-16.48837496;-71.47573094;-1952349.071;2844018.838;C;False; ; ;0; ; ; ; ; ; 
TRACK;1.12.6-8;-16.48836902;-71.47569602;-1952348.817;2844022.874;C;False; ; ;0; ; ; ; ; ; 
TRACK;1.12.6-8;-16.48722574;-71.47534436;-1952218.959;2844077.785;C;False; ; ;0; ; ; ; ; ; 
TRACK;1.12.6-8;-16.48719603;-71.47540856;-1952214.653;2844070.899;C;False; ; ;0; ; ; ; ; ; 
TRACK;1.12.6-8;-16.48736624;-71.47560935;-1952232.101;2844045.898;C;False; ; ;0; ; ; ; ; ; 
TRACK;1.12.6-8;-16.48748359;-71.47598496;-1952241.119;2844001.775;C;False; ; ;0; ; ; ; ; ; 
TRACK;1.12.6-9; ; ;-1.516416327;20763369.87;C; ; ; ; ; ; ; ; ; ; 
TRACK;1.12.6-9;-16.48712838;-71.47538161;-1952207.047;2844074.844;C;False; ; ;0; ; ; ; ; ; 
TRACK;1.12.6-9;-16.48713584;-71.47531906;-1952208.718;2844081.837;C;False; ; ;0; ; ; ; ; ; 
TRACK;1.12.6-9;-16.48714513;-71.47526991;-1952210.434;2844087.285;C;False; ; ;0; ; ; ; ; ; 
TRACK;1.12.6-9;-16.48709639;-71.4752583;-1952204.855;2844089.243;C;False; ; ;0; ; ; ; ; ; 
TRACK;1.12.6-9;-16.48705435;-71.47525273;-1952199.986;2844090.427;C;False; ; ;0; ; ; ; ; ; 
TRACK;1.12.6-9;-16.48699976;-71.47525129;-1952193.591;2844091.31;C;False; ; ;0; ; ; ; ; ; 
TRACK;1.12.6-9;-16.48693178;-71.47525758;-1952185.524;2844091.491;C;False; ; ;0; ; ; ; ; ; 
TRACK;1.12.6-9;-16.48692163;-71.47532641;-1952183.457;2844083.823;C;False; ; ;0; ; ; ; ; ; 
TRACK;1.12.6-9;-16.4869257;-71.47540115;-1952182.986;2844075.297;C;False; ; ;0; ; ; ; ; ; 
TRACK;1.12.6-9;-16.48692164;-71.47548017;-1952181.505;2844066.393;C;False; ; ;0; ; ; ; ; ; 
TRACK;1.12.6-9;-16.48696402;-71.47549619;-1952186.282;2844064.019;C;False; ; ;0; ; ; ; ; ; 
TRACK;1.12.6-9;-16.48697002;-71.47549722;-1952186.973;2844063.823;C;False; ; ;0; ; ; ; ; ; 
TRACK;1.12.6-9;-16.48700175;-71.47553648;-1952190.203;2844058.955;C;False; ; ;0; ; ; ; ; ; 
TRACK;1.12.6-9;-16.48705437;-71.47557407;-1952195.908;2844054.002;C;False; ; ;0; ; ; ; ; ; 
TRACK;1.12.6-9;-16.48715625;-71.4754821;-1952209.045;2844063.086;C;False; ; ;0; ; ; ; ; ; 
TRACK;1.12.6-9;-16.48713771;-71.47545088;-1952207.263;2844066.869;C;False; ; ;0; ; ; ; ; ; 
TRACK;1.12.6-10; ; ;-1.516416327;20763369.87;C; ; ; ; ; ; ; ; ; ; 
TRACK;1.12.6-10;-16.48706838;-71.47560321;-1952197.184;2844050.514;C;False; ; ;0; ; ; ; ; ; 
TRACK;1.12.6-10;-16.4870909;-71.47564615;-1952199.284;2844045.35;C;False; ; ;0; ; ; ; ; ; 
TRACK;1.12.6-10;-16.48711524;-71.47570947;-1952201.339;2844037.851;C;False; ; ;0; ; ; ; ; ; 
TRACK;1.12.6-10;-16.48711726;-71.47592147;-1952198.885;2844013.793;C;False; ; ;0; ; ; ; ; ; 
TRACK;1.12.6-10;-16.48742167;-71.47601042;-1952233.521;2843999.704;C;False; ; ;0; ; ; ; ; ; 
TRACK;1.12.6-10;-16.48739491;-71.47587106;-1952232.146;2844015.853;C;False; ; ;0; ; ; ; ; ; 
TRACK;1.12.6-10;-16.48734778;-71.47572471;-1952228.467;2844033.063;C;False; ; ;0; ; ; ; ; ; 
TRACK;1.12.6-10;-16.48717501;-71.47549826;-1952211.044;2844061.007;C;False; ; ;0; ; ; ; ; ; 
TRACK;1.12.6-11; ; ;-1.516416327;20763369.87;C; ; ; ; ; ; ; ; ; ; 
TRACK;1.12.6-11;-16.48739223;-71.47666811;-1952221.71;2843925.538;C;False; ; ;0; ; ; ; ; ; 
TRACK;1.12.6-11;-16.48743106;-71.47638518;-1952229.865;2843957.099;C;False; ; ;0; ; ; ; ; ; 
TRACK;1.12.6-11;-16.48735286;-71.47637178;-1952220.848;2843959.647;C;False; ; ;0; ; ; ; ; ; 
TRACK;1.12.6-11;-16.48728774;-71.47633174;-1952213.705;2843965.043;C;False; ; ;0; ; ; ; ; ; 
TRACK;1.12.6-11;-16.4872702;-71.47635102;-1952211.399;2843963.088;C;False; ; ;0; ; ; ; ; ; 
TRACK;1.12.6-11;-16.48724662;-71.47639761;-1952208.037;2843958.118;C;False; ; ;0; ; ; ; ; ; 
TRACK;1.12.6-11;-16.4872088;-71.47645785;-1952202.829;2843951.786;C;False; ; ;0; ; ; ; ; ; 
TRACK;1.12.6-11;-16.48716836;-71.47649275;-1952197.634;2843948.363;C;False; ; ;0; ; ; ; ; ; 
TRACK;1.12.6-11;-16.48711268;-71.47652425;-1952190.692;2843945.525;C;False; ; ;0; ; ; ; ; ; 
TRACK;1.12.6-11;-16.48705786;-71.47653864;-1952184.068;2843944.615;C;False; ; ;0; ; ; ; ; ; 
TRACK;1.12.6-11;-16.48704416;-71.4769682;-1952177.005;2843896.102;C;False; ; ;0; ; ; ; ; ; 
TRACK;1.12.6-11;-16.48712933;-71.47694953;-1952187.248;2843897.098;C;False; ; ;0; ; ; ; ; ; 
TRACK;1.12.6-11;-16.48718261;-71.47694313;-1952193.59;2843897.121;C;False; ; ;0; ; ; ; ; ; 
TRACK;1.12.6-11;-16.48726828;-71.47692824;-1952203.843;2843897.682;C;False; ; ;0; ; ; ; ; ; 
TRACK;1.12.6-11;-16.48734911;-71.47691396;-1952213.522;2843898.237;C;False; ; ;0; ; ; ; ; ; 
TRACK;1.12.6-11;-16.48736983;-71.4767972;-1952217.439;2843911.199;C;False; ; ;0; ; ; ; ; ; 
TRACK;1.12.6-12; ; ;-1.516416327;20763369.87;C; ; ; ; ; ; ; ; ; ; 
TRACK;1.12.6-12;-16.48754998;-71.47642188;-1952243.371;2843951.373;C;False; ; ;0; ; ; ; ; ; 
TRACK;1.12.6-12;-16.48764551;-71.47646363;-1952254.064;2843945.384;C;False; ; ;0; ; ; ; ; ; 
TRACK;1.12.6-12;-16.48767877;-71.47635813;-1952259.311;2843956.904;C;False; ; ;0; ; ; ; ; ; 
TRACK;1.12.6-12;-16.48751967;-71.47630386;-1952241.308;2843965.15;C;False; ; ;0; ; ; ; ; ; 
TRACK;1.12.6-12;-16.48750793;-71.47640378;-1952238.659;2843953.978;C;False; ; ;0; ; ; ; ; ; 
TRACK;1.12.6-13; ; ;-1.516416327;20763369.87;C; ; ; ; ; ; ; ; ; ; 
TRACK;1.12.6-13;-16.48781204;-71.47645507;-1952273.738;2843944.163;C;False; ; ;0; ; ; ; ; ; 
TRACK;1.12.6-13;-16.48782327;-71.47650112;-1952274.473;2843938.794;C;False; ; ;0; ; ; ; ; ; 
TRACK;1.12.6-13;-16.48782536;-71.47655209;-1952274.071;2843932.989;C;False; ; ;0; ; ; ; ; ; 
TRACK;1.12.6-13;-16.48785022;-71.47662005;-1952276.129;2843924.958;C;False; ; ;0; ; ; ; ; ; 
TRACK;1.12.6-13;-16.488201;-71.47655733;-1952318.138;2843927.451;C;False; ; ;0; ; ; ; ; ; 
TRACK;1.12.6-13;-16.48826798;-71.47654581;-1952326.154;2843927.876;C;False; ; ;0; ; ; ; ; ; 
TRACK;1.12.6-13;-16.48837459;-71.47678882;-1952335.594;2843898.925;C;False; ; ;0; ; ; ; ; ; 
TRACK;1.12.6-13;-16.48862721;-71.47669963;-1952366.407;2843905.711;C;False; ; ;0; ; ; ; ; ; 
TRACK;1.12.6-13;-16.48857836;-71.47652227;-1952362.919;2843926.458;C;False; ; ;0; ; ; ; ; ; 
TRACK;1.12.6-13;-16.48855546;-71.47647622;-1952360.814;2843931.98;C;False; ; ;0; ; ; ; ; ; 
TRACK;1.12.6-13;-16.48853389;-71.47643366;-1952358.819;2843937.088;C;False; ; ;0; ; ; ; ; ; 
TRACK;1.12.6-13;-16.48851046;-71.47638654;-1952356.665;2843942.738;C;False; ; ;0; ; ; ; ; ; 
TRACK;1.12.6-13;-16.48849995;-71.47635092;-1952355.882;2843946.914;C;False; ; ;0; ; ; ; ; ; 
TRACK;1.12.6-13;-16.48848738;-71.47631269;-1952354.891;2843951.413;C;False; ; ;0; ; ; ; ; ; 
TRACK;1.12.6-13;-16.4882514;-71.47635598;-1952326.617;2843949.612;C;False; ; ;0; ; ; ; ; ; 
TRACK;1.12.6-13;-16.4881323;-71.47637271;-1952312.411;2843949.283;C;False; ; ;0; ; ; ; ; ; 
TRACK;1.12.6-13;-16.48799413;-71.47639135;-1952295.941;2843948.989;C;False; ; ;0; ; ; ; ; ; 
TRACK;1.12.6-13;-16.48781164;-71.47640696;-1952274.302;2843949.62;C;False; ; ;0; ; ; ; ; ; 
TRACK;1.12.6-14; ; ;-1.516416327;20763369.87;C; ; ; ; ; ; ; ; ; ; 
TRACK;1.12.6-14;-16.4873476;-71.47727447;-1952208.767;2843857.39;C;False; ; ;0; ; ; ; ; ; 
TRACK;1.12.6-14;-16.48737151;-71.47729483;-1952211.317;2843854.768;C;False; ; ;0; ; ; ; ; ; 
TRACK;1.12.6-14;-16.48741631;-71.47730772;-1952216.418;2843852.718;C;False; ; ;0; ; ; ; ; ; 
TRACK;1.12.6-14;-16.48747196;-71.47732158;-1952222.779;2843850.414;C;False; ; ;0; ; ; ; ; ; 
TRACK;1.12.6-14;-16.48751883;-71.47731528;-1952228.367;2843850.512;C;False; ; ;0; ; ; ; ; ; 
TRACK;1.12.6-14;-16.48755296;-71.47723611;-1952233.381;2843859.036;C;False; ; ;0; ; ; ; ; ; 
TRACK;1.12.6-14;-16.48757098;-71.47719702;-1952235.994;2843863.23;C;False; ; ;0; ; ; ; ; ; 
TRACK;1.12.6-14;-16.48755296;-71.47716446;-1952234.291;2843867.158;C;False; ; ;0; ; ; ; ; ; 
TRACK;1.12.6-14;-16.48747959;-71.47710849;-1952226.382;2843874.469;C;False; ; ;0; ; ; ; ; ; 
TRACK;1.12.6-14;-16.48750274;-71.47705612;-1952229.767;2843880.1;C;False; ; ;0; ; ; ; ; ; 
TRACK;1.12.6-14;-16.48751653;-71.47700113;-1952232.085;2843886.152;C;False; ; ;0; ; ; ; ; ; 
TRACK;1.12.6-14;-16.4875234;-71.47696693;-1952233.327;2843889.939;C;False; ; ;0; ; ; ; ; ; 
TRACK;1.12.6-14;-16.48754389;-71.47690949;-1952236.464;2843896.18;C;False; ; ;0; ; ; ; ; ; 
TRACK;1.12.6-14;-16.48757321;-71.47685969;-1952240.54;2843901.439;C;False; ; ;0; ; ; ; ; ; 
TRACK;1.12.6-14;-16.4876044;-71.47678783;-1952245.117;2843909.174;C;False; ; ;0; ; ; ; ; ; 
TRACK;1.12.6-14;-16.4874468;-71.47673377;-1952227.287;2843917.377;C;False; ; ;0; ; ; ; ; ; 
TRACK;1.12.6-14;-16.48741047;-71.47694697;-1952220.312;2843893.688;C;False; ; ;0; ; ; ; ; ; 
TRACK;1.12.6-15; ; ;-1.516416327;20763369.87;C; ; ; ; ; ; ; ; ; ; 
TRACK;1.12.6-15;-16.48734115;-71.47828634;-1952195.161;2843742.775;C;False; ; ;0; ; ; ; ; ; 
TRACK;1.12.6-15;-16.48743454;-71.47828243;-1952206.183;2843741.989;C;False; ; ;0; ; ; ; ; ; 
TRACK;1.12.6-15;-16.48745155;-71.47821564;-1952209.029;2843749.336;C;False; ; ;0; ; ; ; ; ; 
TRACK;1.12.6-15;-16.48745859;-71.47816554;-1952210.493;2843754.922;C;False; ; ;0; ; ; ; ; ; 
TRACK;1.12.6-15;-16.48748194;-71.47802964;-1952214.961;2843770.02;C;False; ; ;0; ; ; ; ; ; 
TRACK;1.12.6-15;-16.48750046;-71.47785997;-1952219.291;2843789.009;C;False; ; ;0; ; ; ; ; ; 
TRACK;1.12.6-15;-16.48751655;-71.47768765;-1952223.37;2843808.331;C;False; ; ;0; ; ; ; ; ; 
TRACK;1.12.6-15;-16.48745643;-71.47768811;-1952216.301;2843809.07;C;False; ; ;0; ; ; ; ; ; 
TRACK;1.12.6-15;-16.48735087;-71.47769525;-1952203.808;2843809.65;C;False; ; ;0; ; ; ; ; ; 
TRACK;1.12.6-15;-16.48728263;-71.47772003;-1952195.476;2843807.739;C;False; ; ;0; ; ; ; ; ; 
TRACK;1.12.6-15;-16.48730495;-71.47808109;-1952193.514;2843766.517;C;False; ; ;0; ; ; ; ; ; 
TRACK;1.12.6-16; ; ;-1.516416327;20763369.87;C; ; ; ; ; ; ; ; ; ; 
TRACK;1.12.6-16;-16.4872111;-71.47751162;-1952189.718;2843832.305;C;False; ; ;0; ; ; ; ; ; 
TRACK;1.12.6-16;-16.48725062;-71.47735617;-1952196.335;2843849.406;C;False; ; ;0; ; ; ; ; ; 
TRACK;1.12.6-16;-16.48731213;-71.47715023;-1952206.177;2843871.94;C;False; ; ;0; ; ; ; ; ; 
TRACK;1.12.6-16;-16.4873294;-71.47703411;-1952209.68;2843884.876;C;False; ; ;0; ; ; ; ; ; 
TRACK;1.12.6-16;-16.48733727;-71.47694336;-1952211.757;2843895.06;C;False; ; ;0; ; ; ; ; ; 
TRACK;1.12.6-16;-16.48706529;-71.476997;-1952179.121;2843892.559;C;False; ; ;0; ; ; ; ; ; 
TRACK;1.12.6-16;-16.48702962;-71.47710506;-1952173.558;2843880.779;C;False; ; ;0; ; ; ; ; ; 
TRACK;1.12.6-16;-16.48700394;-71.47719489;-1952169.402;2843870.934;C;False; ; ;0; ; ; ; ; ; 
TRACK;1.12.6-16;-16.48698245;-71.47725859;-1952166.068;2843863.996;C;False; ; ;0; ; ; ; ; ; 
TRACK;1.12.6-16;-16.48698895;-71.47732471;-1952165.992;2843856.416;C;False; ; ;0; ; ; ; ; ; 
TRACK;1.12.6-16;-16.48701466;-71.47744302;-1952167.51;2843842.667;C;False; ; ;0; ; ; ; ; ; 
TRACK;1.12.6-16;-16.48702794;-71.47771473;-1952165.62;2843811.691;C;False; ; ;0; ; ; ; ; ; 
TRACK;1.12.6-16;-16.4868968;-71.47776397;-1952149.588;2843807.836;C;False; ; ;0; ; ; ; ; ; 
TRACK;1.12.6-16;-16.48702259;-71.47803986;-1952160.864;2843774.907;C;False; ; ;0; ; ; ; ; ; 
TRACK;1.12.6-16;-16.48724324;-71.47804093;-1952186.773;2843771.881;C;False; ; ;0; ; ; ; ; ; 
TRACK;1.12.6-16;-16.48724212;-71.47782996;-1952189.321;2843795.811;C;False; ; ;0; ; ; ; ; ; 
TRACK;1.12.6-16;-16.4871991;-71.47765766;-1952186.454;2843815.909;C;False; ; ;0; ; ; ; ; ; 
TRACK;1.12.6-16;-16.48719838;-71.47758005;-1952187.356;2843824.716;C;False; ; ;0; ; ; ; ; ; 
TRACK;1.12.7-2; ; ;-1.516416327;20763369.87;C; ; ; ; ; ; ; ; ; ; 
TRACK;1.12.7-2;-16.4857473;-71.46834367;-1952134.169;2844890.846;C;False; ; ;0; ; ; ; ; ; 
TRACK;1.12.7-2;-16.48574093;-71.46860555;-1952130.094;2844861.243;C;False; ; ;0; ; ; ; ; ; 
TRACK;1.12.7-2;-16.48568317;-71.46896544;-1952118.736;2844821.205;C;False; ; ;0; ; ; ; ; ; 
TRACK;1.12.7-2;-16.48576648;-71.46917571;-1952125.854;2844796.271;C;False; ; ;0; ; ; ; ; ; 
TRACK;1.12.7-2;-16.48590515;-71.46935112;-1952139.918;2844774.56;C;False; ; ;0; ; ; ; ; ; 
TRACK;1.12.7-2;-16.48601649;-71.46953409;-1952150.677;2844752.353;C;False; ; ;0; ; ; ; ; ; 
TRACK;1.12.7-2;-16.48615609;-71.46963754;-1952165.764;2844738.788;C;False; ; ;0; ; ; ; ; ; 
TRACK;1.12.7-2;-16.48625738;-71.46962727;-1952177.795;2844738.618;C;False; ; ;0; ; ; ; ; ; 
TRACK;1.12.7-2;-16.48647249;-71.46956744;-1952203.83;2844742.569;C;False; ; ;0; ; ; ; ; ; 
TRACK;1.12.7-2;-16.48661943;-71.46954111;-1952221.429;2844743.619;C;False; ; ;0; ; ; ; ; ; 
TRACK;1.12.7-2;-16.48678482;-71.46948594;-1952241.562;2844747.696;C;False; ; ;0; ; ; ; ; ; 
TRACK;1.12.7-2;-16.48688733;-71.46942039;-1952254.439;2844753.777;C;False; ; ;0; ; ; ; ; ; 
TRACK;1.12.7-2;-16.48695121;-71.46936649;-1952262.63;2844759.046;C;False; ; ;0; ; ; ; ; ; 
TRACK;1.12.7-2;-16.48697235;-71.46921163;-1952267.08;2844776.323;C;False; ; ;0; ; ; ; ; ; 
TRACK;1.12.7-2;-16.48703011;-71.46891752;-1952277.603;2844808.903;C;False; ; ;0; ; ; ; ; ; 
TRACK;1.12.7-2;-16.48702487;-71.46874077;-1952279.233;2844829.008;C;False; ; ;0; ; ; ; ; ; 
TRACK;1.12.7-2;-16.48703009;-71.46863394;-1952281.204;2844841.05;C;False; ; ;0; ; ; ; ; ; 
TRACK;1.12.7-2;-16.48701438;-71.46852182;-1952280.782;2844853.968;C;False; ; ;0; ; ; ; ; ; 
TRACK;1.12.7-2;-16.48697757;-71.46842248;-1952277.719;2844865.714;C;False; ; ;0; ; ; ; ; ; 
TRACK;1.12.7-2;-16.48696172;-71.46830959;-1952277.291;2844878.719;C;False; ; ;0; ; ; ; ; ; 
TRACK;1.12.7-2;-16.48693522;-71.46820514;-1952275.504;2844890.909;C;False; ; ;0; ; ; ; ; ; 
TRACK;1.12.7-2;-16.48691925;-71.46795554;-1952276.799;2844919.414;C;False; ; ;0; ; ; ; ; ; 
TRACK;1.12.7-2;-16.48687649;-71.46765552;-1952275.586;2844953.988;C;False; ; ;0; ; ; ; ; ; 
TRACK;1.12.7-2;-16.48684962;-71.46756307;-1952273.604;2844964.823;C;False; ; ;0; ; ; ; ; ; 
TRACK;1.12.7-2;-16.48568955;-71.46801083;-1952131.613;2844929.338;C;False; ; ;0; ; ; ; ; ; 
TRACK;1.12.7-2;-16.48576005;-71.46814405;-1952138.203;2844913.307;C;False; ; ;0; ; ; ; ; ; 
TRACK;1.12.7-4; ; ;-1.516416327;20763369.87;C; ; ; ; ; ; ; ; ; ; 
TRACK;1.12.7-4;-16.48514338;-71.46673161;-1952083.691;2845081.547;C;False; ; ;0; ; ; ; ; ; 
TRACK;1.12.7-4;-16.48493456;-71.46670114;-1952059.542;2845087.75;C;False; ; ;0; ; ; ; ; ; 
TRACK;1.12.7-4;-16.48485944;-71.46669354;-1952050.813;2845089.601;C;False; ; ;0; ; ; ; ; ; 
TRACK;1.12.7-4;-16.48484609;-71.46673647;-1952048.699;2845084.909;C;False; ; ;0; ; ; ; ; ; 
TRACK;1.12.7-4;-16.48496105;-71.46680388;-1952061.349;2845075.754;C;False; ; ;0; ; ; ; ; ; 
TRACK;1.12.7-4;-16.4850553;-71.46688782;-1952071.357;2845064.998;C;False; ; ;0; ; ; ; ; ; 
TRACK;1.12.7-4;-16.48510541;-71.46699107;-1952075.933;2845052.632;C;False; ; ;0; ; ; ; ; ; 
TRACK;1.12.7-4;-16.48512049;-71.46716298;-1952075.521;2845032.946;C;False; ; ;0; ; ; ; ; ; 
TRACK;1.12.7-4;-16.48511933;-71.46733815;-1952073.16;2845013.102;C;False; ; ;0; ; ; ; ; ; 
TRACK;1.12.7-4;-16.48510114;-71.46747506;-1952069.283;2844997.822;C;False; ; ;0; ; ; ; ; ; 
TRACK;1.12.7-4;-16.48503909;-71.46767577;-1952059.443;2844975.885;C;False; ; ;0; ; ; ; ; ; 
TRACK;1.12.7-4;-16.48498764;-71.46781156;-1952051.673;2844961.169;C;False; ; ;0; ; ; ; ; ; 
TRACK;1.12.7-4;-16.48496272;-71.46799657;-1952046.394;2844940.524;C;False; ; ;0; ; ; ; ; ; 
TRACK;1.12.7-4;-16.48503613;-71.46832373;-1952050.864;2844902.47;C;False; ; ;0; ; ; ; ; ; 
TRACK;1.12.7-4;-16.48560955;-71.46796934;-1952122.74;2844935.095;C;False; ; ;0; ; ; ; ; ; 
TRACK;1.12.7-4;-16.4853671;-71.46674976;-1952109.746;2845076.543;C;False; ; ;0; ; ; ; ; ; 
TRACK;1.12.7-5; ; ;-1.516416327;20763369.87;C; ; ; ; ; ; ; ; ; ; 
TRACK;1.12.7-5;-16.48440992;-71.46606242;-1952006.013;2845167.067;C;False; ; ;0; ; ; ; ; ; 
TRACK;1.12.7-5;-16.48366095;-71.46609582;-1951917.587;2845173.141;C;False; ; ;0; ; ; ; ; ; 
TRACK;1.12.7-5;-16.48345381;-71.46607981;-1951893.452;2845177.683;C;False; ; ;0; ; ; ; ; ; 
TRACK;1.12.7-5;-16.48312472;-71.46604446;-1951855.234;2845186.023;C;False; ; ;0; ; ; ; ; ; 
TRACK;1.12.7-5;-16.48286395;-71.46607225;-1951824.241;2845186.306;C;False; ; ;0; ; ; ; ; ; 
TRACK;1.12.7-5;-16.48284456;-71.46686217;-1951811.93;2845097.011;C;False; ; ;0; ; ; ; ; ; 
TRACK;1.12.7-5;-16.48303087;-71.46693442;-1951832.902;2845086.368;C;False; ; ;0; ; ; ; ; ; 
TRACK;1.12.7-5;-16.48310307;-71.4667621;-1951843.575;2845104.953;C;False; ; ;0; ; ; ; ; ; 
TRACK;1.12.7-5;-16.4834275;-71.46670986;-1951882.357;2845106.603;C;False; ; ;0; ; ; ; ; ; 
TRACK;1.12.7-5;-16.48380041;-71.4666703;-1951926.675;2845106.178;C;False; ; ;0; ; ; ; ; ; 
TRACK;1.12.7-5;-16.4841284;-71.46664928;-1951965.479;2845104.243;C;False; ; ;0; ; ; ; ; ; 
TRACK;1.12.7-5;-16.48436088;-71.46662541;-1951993.098;2845103.889;C;False; ; ;0; ; ; ; ; ; 
TRACK;1.12.7-5;-16.48454997;-71.46660544;-1952015.57;2845103.663;C;False; ; ;0; ; ; ; ; ; 
TRACK;1.12.7-5;-16.4845427;-71.46602543;-1952022.084;2845169.511;C;False; ; ;0; ; ; ; ; ; 
TRACK;1.12.7-5;-16.48444891;-71.46601847;-1952011.152;2845171.536;C;False; ; ;0; ; ; ; ; ; 
TRACK;1.12.7-6; ; ;-1.516416327;20763369.87;C; ; ; ; ; ; ; ; ; ; 
TRACK;1.12.7-6;-16.48277477;-71.46590789;-1951815.851;2845206.114;C;False; ; ;0; ; ; ; ; ; 
TRACK;1.12.7-6;-16.48292862;-71.46596373;-1951833.219;2845197.758;C;False; ; ;0; ; ; ; ; ; 
TRACK;1.12.7-6;-16.48305275;-71.46599253;-1951847.438;2845192.858;C;False; ; ;0; ; ; ; ; ; 
TRACK;1.12.7-6;-16.48325971;-71.46600606;-1951871.583;2845188.6;C;False; ; ;0; ; ; ; ; ; 
TRACK;1.12.7-6;-16.48346398;-71.46604511;-1951895.088;2845181.484;C;False; ; ;0; ; ; ; ; ; 
TRACK;1.12.7-6;-16.48366101;-71.46605159;-1951918.155;2845178.154;C;False; ; ;0; ; ; ; ; ; 
TRACK;1.12.7-6;-16.48380596;-71.46602314;-1951935.548;2845179.472;C;False; ; ;0; ; ; ; ; ; 
TRACK;1.12.7-6;-16.48358625;-71.46592266;-1951911.01;2845193.755;C;False; ; ;0; ; ; ; ; ; 
TRACK;1.12.7-6;-16.48316801;-71.46574042;-1951864.183;2845219.921;C;False; ; ;0; ; ; ; ; ; 
TRACK;1.12.7-6;-16.48293497;-71.46559657;-1951838.629;2845239.298;C;False; ; ;0; ; ; ; ; ; 
TRACK;1.12.7-7; ; ;-1.516416327;20763369.87;C; ; ; ; ; ; ; ; ; ; 
TRACK;1.12.7-7;-16.48457063;-71.46601845;-1952025.454;2845169.935;C;False; ; ;0; ; ; ; ; ; 
TRACK;1.12.7-7;-16.48459107;-71.46661154;-1952020.321;2845102.43;C;False; ; ;0; ; ; ; ; ; 
TRACK;1.12.7-7;-16.48475153;-71.46662422;-1952039.014;2845098.88;C;False; ; ;0; ; ; ; ; ; 
TRACK;1.12.7-7;-16.48488559;-71.46663054;-1952054.685;2845096.398;C;False; ; ;0; ; ; ; ; ; 
TRACK;1.12.7-7;-16.48508667;-71.46664108;-1952078.178;2845092.555;C;False; ; ;0; ; ; ; ; ; 
TRACK;1.12.7-7;-16.48517605;-71.46666225;-1952088.41;2845088.98;C;False; ; ;0; ; ; ; ; ; 
TRACK;1.12.7-7;-16.48526949;-71.46668129;-1952099.147;2845085.591;C;False; ; ;0; ; ; ; ; ; 
TRACK;1.12.7-7;-16.48534667;-71.46667492;-1952108.296;2845085.297;C;False; ; ;0; ; ; ; ; ; 
TRACK;1.12.7-7;-16.48530193;-71.46642921;-1952106.161;2845113.74;C;False; ; ;0; ; ; ; ; ; 
TRACK;1.12.7-7;-16.48520231;-71.46600983;-1952099.784;2845162.595;C;False; ; ;0; ; ; ; ; ; 
TRACK;1.12.7-8; ; ;-1.516416327;20763369.87;C; ; ; ; ; ; ; ; ; ; 
TRACK;1.12.7-8;-16.48553968;-71.46620859;-1952136.898;2845135.62;C;False; ; ;0; ; ; ; ; ; 
TRACK;1.12.7-8;-16.48569776;-71.46622122;-1952155.312;2845132.107;C;False; ; ;0; ; ; ; ; ; 
TRACK;1.12.7-8;-16.48576842;-71.46623928;-1952163.385;2845129.129;C;False; ; ;0; ; ; ; ; ; 
TRACK;1.12.7-8;-16.48587769;-71.46621808;-1952176.493;2845130.093;C;False; ; ;0; ; ; ; ; ; 
TRACK;1.12.7-8;-16.48598171;-71.4661542;-1952189.526;2845135.965;C;False; ; ;0; ; ; ; ; ; 
TRACK;1.12.7-8;-16.48605437;-71.46608797;-1952198.905;2845142.517;C;False; ; ;0; ; ; ; ; ; 
TRACK;1.12.7-8;-16.48618358;-71.4659757;-1952215.513;2845153.543;C;False; ; ;0; ; ; ; ; ; 
TRACK;1.12.7-8;-16.48643261;-71.46576378;-1952247.466;2845174.287;C;False; ; ;0; ; ; ; ; ; 
TRACK;1.12.7-8;-16.48626048;-71.46553564;-1952230.14;2845202.417;C;False; ; ;0; ; ; ; ; ; 
TRACK;1.12.7-8;-16.48619422;-71.46553225;-1952222.398;2845203.673;C;False; ; ;0; ; ; ; ; ; 
TRACK;1.12.7-8;-16.48613031;-71.46557403;-1952214.358;2845199.779;C;False; ; ;0; ; ; ; ; ; 
TRACK;1.12.7-8;-16.48600032;-71.46567385;-1952197.816;2845190.175;C;False; ; ;0; ; ; ; ; ; 
TRACK;1.12.7-8;-16.48579161;-71.46580839;-1952171.584;2845177.671;C;False; ; ;0; ; ; ; ; ; 
TRACK;1.12.7-8;-16.48554066;-71.46597226;-1952140.016;2845162.399;C;False; ; ;0; ; ; ; ; ; 
TRACK;1.12.7-8;-16.48524143;-71.46600812;-1952104.402;2845162.273;C;False; ; ;0; ; ; ; ; ; 
TRACK;1.12.7-8;-16.48529049;-71.46622753;-1952107.379;2845136.754;C;False; ; ;0; ; ; ; ; ; 
TRACK;1.12.7-8;-16.48536857;-71.46621607;-1952116.699;2845137.025;C;False; ; ;0; ; ; ; ; ; 
TRACK;1.12.7-9; ; ;-1.516416327;20763369.87;C; ; ; ; ; ; ; ; ; ; 
TRACK;1.12.7-9;-16.48619488;-71.46656981;-1952209.293;2845086.043;C;False; ; ;0; ; ; ; ; ; 
TRACK;1.12.7-9;-16.48663401;-71.4663786;-1952263.318;2845101.937;C;False; ; ;0; ; ; ; ; ; 
TRACK;1.12.7-9;-16.48672246;-71.46633575;-1952274.256;2845105.63;C;False; ; ;0; ; ; ; ; ; 
TRACK;1.12.7-9;-16.48675087;-71.46618417;-1952279.519;2845122.439;C;False; ; ;0; ; ; ; ; ; 
TRACK;1.12.7-9;-16.48645607;-71.46580762;-1952249.666;2845169.009;C;False; ; ;0; ; ; ; ; ; 
TRACK;1.12.7-9;-16.48631027;-71.46590352;-1952231.316;2845160.056;C;False; ; ;0; ; ; ; ; ; 
TRACK;1.12.7-9;-16.48617796;-71.46602319;-1952214.25;2845148.233;C;False; ; ;0; ; ; ; ; ; 
TRACK;1.12.7-9;-16.4860661;-71.46614042;-1952199.617;2845136.416;C;False; ; ;0; ; ; ; ; ; 
TRACK;1.12.7-9;-16.48595725;-71.46622203;-1952185.79;2845128.598;C;False; ; ;0; ; ; ; ; ; 
TRACK;1.12.7-9;-16.48584205;-71.46626145;-1952171.755;2845125.645;C;False; ; ;0; ; ; ; ; ; 
TRACK;1.12.7-9;-16.48567892;-71.46626844;-1952152.498;2845127.002;C;False; ; ;0; ; ; ; ; ; 
TRACK;1.12.7-9;-16.48555219;-71.46623607;-1952138.019;2845132.34;C;False; ; ;0; ; ; ; ; ; 
TRACK;1.12.7-9;-16.48530802;-71.46627691;-1952108.811;2845130.925;C;False; ; ;0; ; ; ; ; ; 
TRACK;1.12.7-9;-16.48538291;-71.46665237;-1952112.841;2845087.375;C;False; ; ;0; ; ; ; ; ; 
TRACK;1.12.7-10; ; ;-1.516416327;20763369.87;C; ; ; ; ; ; ; ; ; ; 
TRACK;1.12.7-10;-16.48662128;-71.46680042;-1952256.463;2845054.286;C;False; ; ;0; ; ; ; ; ; 
TRACK;1.12.7-10;-16.48680644;-71.46673811;-1952279.011;2845058.911;C;False; ; ;0; ; ; ; ; ; 
TRACK;1.12.7-10;-16.48692999;-71.46689672;-1952291.512;2845039.304;C;False; ; ;0; ; ; ; ; ; 
TRACK;1.12.7-10;-16.48713883;-71.46672585;-1952318.221;2845055.924;C;False; ; ;0; ; ; ; ; ; 
TRACK;1.12.7-10;-16.48713883;-71.46670008;-1952318.548;2845058.846;C;False; ; ;0; ; ; ; ; ; 
TRACK;1.12.7-10;-16.48685523;-71.46635057;-1952289.667;2845102.201;C;False; ; ;0; ; ; ; ; ; 
TRACK;1.12.7-10;-16.48652577;-71.46652322;-1952248.763;2845086.968;C;False; ; ;0; ; ; ; ; ; 
TRACK;1.12.7-10;-16.48622133;-71.46664902;-1952211.394;2845076.715;C;False; ; ;0; ; ; ; ; ; 
TRACK;1.12.7-10;-16.48628808;-71.4668248;-1952217.003;2845055.909;C;False; ; ;0; ; ; ; ; ; 
TRACK;1.12.7-11; ; ;-1.516416327;20763369.87;C; ; ; ; ; ; ; ; ; ; 
TRACK;1.12.7-11;-16.48594783;-71.46668985;-1952178.741;2845075.688;C;False; ; ;0; ; ; ; ; ; 
TRACK;1.12.7-11;-16.48575589;-71.46669744;-1952156.092;2845077.355;C;False; ; ;0; ; ; ; ; ; 
TRACK;1.12.7-11;-16.48577615;-71.46681802;-1952156.941;2845063.418;C;False; ; ;0; ; ; ; ; ; 
TRACK;1.12.7-11;-16.48587437;-71.46686094;-1952167.936;2845057.259;C;False; ; ;0; ; ; ; ; ; 
TRACK;1.12.7-11;-16.48591901;-71.4669321;-1952172.277;2845048.605;C;False; ; ;0; ; ; ; ; ; 
TRACK;1.12.7-11;-16.48594528;-71.46704296;-1952173.955;2845035.692;C;False; ; ;0; ; ; ; ; ; 
TRACK;1.12.7-11;-16.48596499;-71.46713876;-1952175.053;2845024.572;C;False; ; ;0; ; ; ; ; ; 
TRACK;1.12.7-11;-16.48597419;-71.46722908;-1952174.987;2845014.211;C;False; ; ;0; ; ; ; ; ; 
TRACK;1.12.7-11;-16.48597106;-71.46729762;-1952173.748;2845006.483;C;False; ; ;0; ; ; ; ; ; 
TRACK;1.12.7-11;-16.4859264;-71.46734959;-1952167.841;2845001.18;C;False; ; ;0; ; ; ; ; ; 
TRACK;1.12.7-11;-16.48601007;-71.46734654;-1952177.71;2845000.424;C;False; ; ;0; ; ; ; ; ; 
TRACK;1.12.7-11;-16.48606501;-71.46735974;-1952183.999;2844998.204;C;False; ; ;0; ; ; ; ; ; 
TRACK;1.12.7-11;-16.48615664;-71.46737959;-1952194.513;2844994.747;C;False; ; ;0; ; ; ; ; ; 
TRACK;1.12.7-11;-16.48621701;-71.46739053;-1952201.467;2844992.712;C;False; ; ;0; ; ; ; ; ; 
TRACK;1.12.7-11;-16.48626557;-71.46737957;-1952207.311;2844993.315;C;False; ; ;0; ; ; ; ; ; 
TRACK;1.12.7-11;-16.48628525;-71.46735767;-1952209.902;2844995.539;C;False; ; ;0; ; ; ; ; ; 
TRACK;1.12.7-11;-16.48628393;-71.46730976;-1952210.355;2845000.987;C;False; ; ;0; ; ; ; ; ; 
TRACK;1.12.7-11;-16.48628391;-71.46723586;-1952211.292;2845009.365;C;False; ; ;0; ; ; ; ; ; 
TRACK;1.12.7-11;-16.48628127;-71.46715784;-1952211.973;2845018.244;C;False; ; ;0; ; ; ; ; ; 
TRACK;1.12.7-11;-16.486276;-71.46706067;-1952212.588;2845029.329;C;False; ; ;0; ; ; ; ; ; 
TRACK;1.12.7-11;-16.48627204;-71.46695666;-1952213.445;2845041.173;C;False; ; ;0; ; ; ; ; ; 
TRACK;1.12.7-11;-16.48626151;-71.4668198;-1952213.946;2845056.826;C;False; ; ;0; ; ; ; ; ; 
TRACK;1.12.7-11;-16.4862103;-71.46667747;-1952209.737;2845073.635;C;False; ; ;0; ; ; ; ; ; 
TRACK;1.12.7-12; ; ;-1.516416327;20763369.87;C; ; ; ; ; ; ; ; ; ; 
TRACK;1.12.7-12;-16.48655586;-71.46757033;-1952238.995;2844967.868;C;False; ; ;0; ; ; ; ; ; 
TRACK;1.12.7-12;-16.48649396;-71.46756154;-1952231.834;2844969.679;C;False; ; ;0; ; ; ; ; ; 
TRACK;1.12.7-12;-16.48643884;-71.4675465;-1952225.549;2844972.11;C;False; ; ;0; ; ; ; ; ; 
TRACK;1.12.7-12;-16.48637715;-71.46750272;-1952218.857;2844977.885;C;False; ; ;0; ; ; ; ; ; 
TRACK;1.12.7-12;-16.48630233;-71.46745347;-1952210.692;2844984.454;C;False; ; ;0; ; ; ; ; ; 
TRACK;1.12.7-12;-16.48620783;-71.46742201;-1952199.988;2844989.264;C;False; ; ;0; ; ; ; ; ; 
TRACK;1.12.7-12;-16.4861094;-71.46739603;-1952188.753;2844993.506;C;False; ; ;0; ; ; ; ; ; 
TRACK;1.12.7-12;-16.48599916;-71.46740153;-1952175.731;2844994.334;C;False; ; ;0; ; ; ; ; ; 
TRACK;1.12.7-12;-16.48590337;-71.46743303;-1952164.075;2844992.024;C;False; ; ;0; ; ; ; ; ; 
TRACK;1.12.7-12;-16.48580364;-71.46748916;-1952151.644;2844986.973;C;False; ; ;0; ; ; ; ; ; 
TRACK;1.12.7-12;-16.48571704;-71.46756172;-1952140.547;2844979.888;C;False; ; ;0; ; ; ; ; ; 
TRACK;1.12.7-12;-16.48565537;-71.46761238;-1952132.658;2844974.958;C;False; ; ;0; ; ; ; ; ; 
TRACK;1.12.7-12;-16.48559872;-71.46762876;-1952125.794;2844973.847;C;False; ; ;0; ; ; ; ; ; 
TRACK;1.12.7-12;-16.48566104;-71.46794646;-1952129.08;2844937.01;C;False; ; ;0; ; ; ; ; ; 
TRACK;1.12.7-12;-16.48655675;-71.46762139;-1952238.451;2844962.068;C;False; ; ;0; ; ; ; ; ; 
TRACK;1.12.7-13; ; ;-1.516416327;20763369.87;C; ; ; ; ; ; ; ; ; ; 
TRACK;1.12.7-13;-16.48677106;-71.4675005;-1952265.168;2844972.95;C;False; ; ;0; ; ; ; ; ; 
TRACK;1.12.7-13;-16.48688226;-71.46748472;-1952278.434;2844973.274;C;False; ; ;0; ; ; ; ; ; 
TRACK;1.12.7-13;-16.48688775;-71.46745036;-1952279.515;2844977.097;C;False; ; ;0; ; ; ; ; ; 
TRACK;1.12.7-13;-16.48686715;-71.46700936;-1952282.697;2845027.362;C;False; ; ;0; ; ; ; ; ; 
TRACK;1.12.7-13;-16.48690364;-71.46690038;-1952288.369;2845039.236;C;False; ; ;0; ; ; ; ; ; 
TRACK;1.12.7-13;-16.48680777;-71.46676466;-1952278.83;2845055.884;C;False; ; ;0; ; ; ; ; ; 
TRACK;1.12.7-13;-16.48670228;-71.46680469;-1952265.926;2845052.735;C;False; ; ;0; ; ; ; ; ; 
TRACK;1.12.7-13;-16.48629713;-71.4668476;-1952217.778;2845053.206;C;False; ; ;0; ; ; ; ; ; 
TRACK;1.12.7-13;-16.48632929;-71.46743885;-1952214.044;2844985.756;C;False; ; ;0; ; ; ; ; ; 
TRACK;1.12.7-13;-16.48638028;-71.46748511;-1952219.449;2844979.841;C;False; ; ;0; ; ; ; ; ; 
TRACK;1.12.7-13;-16.48643511;-71.46751367;-1952225.527;2844975.881;C;False; ; ;0; ; ; ; ; ; 
TRACK;1.12.7-13;-16.48648052;-71.46753642;-1952230.574;2844972.704;C;False; ; ;0; ; ; ; ; ; 
TRACK;1.12.7-13;-16.48653274;-71.46754781;-1952236.565;2844970.726;C;False; ; ;0; ; ; ; ; ; 
TRACK;1.12.7-13;-16.48659523;-71.46754832;-1952243.901;2844969.845;C;False; ; ;0; ; ; ; ; ; 
TRACK;1.12.7-13;-16.48666289;-71.46753721;-1952251.991;2844970.213;C;False; ; ;0; ; ; ; ; ; 
TRACK;1.12.7-13;-16.48671398;-71.46752126;-1952258.197;2844971.348;C;False; ; ;0; ; ; ; ; ; 
TRACK;1.12.7-14; ; ;-1.516416327;20763369.87;C; ; ; ; ; ; ; ; ; ; 
TRACK;1.12.7-14;-16.48748777;-71.46715154;-1952353.812;2845003.072;C;False; ; ;0; ; ; ; ; ; 
TRACK;1.12.7-14;-16.48737631;-71.46699643;-1952342.686;2845022.123;C;False; ; ;0; ; ; ; ; ; 
TRACK;1.12.7-14;-16.48717166;-71.46677575;-1952321.444;2845049.835;C;False; ; ;0; ; ; ; ; ; 
TRACK;1.12.7-14;-16.48710599;-71.46683598;-1952312.963;2845043.871;C;False; ; ;0; ; ; ; ; ; 
TRACK;1.12.7-14;-16.48700197;-71.46691826;-1952299.695;2845035.914;C;False; ; ;0; ; ; ; ; ; 
TRACK;1.12.7-14;-16.48692146;-71.46700442;-1952289.141;2845027.207;C;False; ; ;0; ; ; ; ; ; 
TRACK;1.12.7-14;-16.48693873;-71.46746397;-1952285.333;2844974.884;C;False; ; ;0; ; ; ; ; ; 
TRACK;1.12.7-14;-16.48753637;-71.46724598;-1952358.321;2844991.725;C;False; ; ;0; ; ; ; ; ; 
TRACK;1.12.7-15; ; ;-1.516416327;20763369.87;C; ; ; ; ; ; ; ; ; ; 
TRACK;1.12.7-15;-16.48740376;-71.46818812;-1952330.771;2844886.669;C;False; ; ;0; ; ; ; ; ; 
TRACK;1.12.7-15;-16.48744686;-71.46788859;-1952339.64;2844920.057;C;False; ; ;0; ; ; ; ; ; 
TRACK;1.12.7-15;-16.48712192;-71.4678661;-1952301.748;2844926.885;C;False; ; ;0; ; ; ; ; ; 
TRACK;1.12.7-15;-16.48710289;-71.4674634;-1952304.627;2844972.786;C;False; ; ;0; ; ; ; ; ; 
TRACK;1.12.7-15;-16.48693012;-71.46752679;-1952283.523;2844967.876;C;False; ; ;0; ; ; ; ; ; 
TRACK;1.12.7-15;-16.48695782;-71.46787937;-1952282.298;2844927.542;C;False; ; ;0; ; ; ; ; ; 
TRACK;1.12.7-15;-16.48701012;-71.46819285;-1952284.461;2844891.316;C;False; ; ;0; ; ; ; ; ; 
TRACK;1.12.7-16; ; ;-1.516416327;20763369.87;C; ; ; ; ; ; ; ; ; ; 
TRACK;1.12.7-16;-16.48757395;-71.46847434;-1952347.131;2844851.982;C;False; ; ;0; ; ; ; ; ; 
TRACK;1.12.7-16;-16.48767996;-71.46829629;-1952361.849;2844870.769;C;False; ; ;0; ; ; ; ; ; 
TRACK;1.12.7-16;-16.48769353;-71.46826643;-1952363.823;2844873.976;C;False; ; ;0; ; ; ; ; ; 
TRACK;1.12.7-16;-16.48770705;-71.46824736;-1952365.653;2844875.96;C;False; ; ;0; ; ; ; ; ; 
TRACK;1.12.7-16;-16.48770705;-71.46824736;-1952365.653;2844875.96;C;False; ; ;0; ; ; ; ; ; 
TRACK;1.12.7-16;-16.48751485;-71.46823193;-1952343.267;2844880.24;C;False; ; ;0; ; ; ; ; ; 
TRACK;1.12.7-16;-16.48734608;-71.46824087;-1952323.323;2844881.448;C;False; ; ;0; ; ; ; ; ; 
TRACK;1.12.7-16;-16.48713127;-71.46822666;-1952298.266;2844885.888;C;False; ; ;0; ; ; ; ; ; 
TRACK;1.12.7-16;-16.4869924;-71.46824608;-1952281.702;2844885.515;C;False; ; ;0; ; ; ; ; ; 
TRACK;1.12.7-16;-16.48700626;-71.46830063;-1952282.637;2844879.148;C;False; ; ;0; ; ; ; ; ; 
TRACK;1.12.7-16;-16.48702006;-71.46840219;-1952282.969;2844867.454;C;False; ; ;0; ; ; ; ; ; 
TRACK;1.12.7-16;-16.48704478;-71.46847013;-1952285.01;2844859.427;C;False; ; ;0; ; ; ; ; ; 
TRACK;1.12.7-16;-16.48744496;-71.46872147;-1952328.836;2844825.665;C;False; ; ;0; ; ; ; ; ; 
TRACK;1.12.7-17; ; ;-1.516416327;20763369.87;C; ; ; ; ; ; ; ; ; ; 
TRACK;1.12.7-17;-16.48744891;-71.47053094;-1952306.314;2844620.491;C;False; ; ;0; ; ; ; ; ; 
TRACK;1.12.7-17;-16.48763346;-71.4706438;-1952326.564;2844605.267;C;False; ; ;0; ; ; ; ; ; 
TRACK;1.12.7-17;-16.48766823;-71.47053386;-1952332.045;2844617.271;C;False; ; ;0; ; ; ; ; ; 
TRACK;1.12.7-17;-16.4876335;-71.47046674;-1952328.818;2844625.338;C;False; ; ;0; ; ; ; ; ; 
TRACK;1.12.7-17;-16.48785414;-71.47011777;-1952359.175;2844661.992;C;False; ; ;0; ; ; ; ; ; 
TRACK;1.12.7-17;-16.48801283;-71.46969161;-1952383.233;2844708.213;C;False; ; ;0; ; ; ; ; ; 
TRACK;1.12.7-17;-16.48777152;-71.46959844;-1952356.064;2844721.951;C;False; ; ;0; ; ; ; ; ; 
TRACK;1.12.7-17;-16.48789533;-71.46911072;-1952376.806;2844775.61;C;False; ; ;0; ; ; ; ; ; 
TRACK;1.12.7-17;-16.48711827;-71.46858521;-1952292.183;2844845.413;C;False; ; ;0; ; ; ; ; ; 
TRACK;1.12.7-17;-16.48701665;-71.46937798;-1952270.172;2844756.882;C;False; ; ;0; ; ; ; ; ; 
TRACK;1.12.7-17;-16.487421;-71.47034115;-1952305.446;2844642.373;C;False; ; ;0; ; ; ; ; ; 
TRACK;1.12.7-18; ; ;-1.516416327;20763369.87;C; ; ; ; ; ; ; ; ; ; 
TRACK;1.12.7-18;-16.48325104;-71.46550549;-1951876.923;2845245.462;C;False; ; ;0; ; ; ; ; ; 
TRACK;1.12.7-18;-16.48317981;-71.46537278;-1951870.24;2845261.445;C;False; ; ;0; ; ; ; ; ; 
TRACK;1.12.7-18;-16.48312673;-71.46525185;-1951865.539;2845275.852;C;False; ; ;0; ; ; ; ; ; 
TRACK;1.12.7-18;-16.48307205;-71.46504856;-1951861.697;2845299.619;C;False; ; ;0; ; ; ; ; ; 
TRACK;1.12.7-18;-16.48304878;-71.46490787;-1951860.751;2845315.875;C;False; ; ;0; ; ; ; ; ; 
TRACK;1.12.7-18;-16.48289857;-71.4649111;-1951843.06;2845317.487;C;False; ; ;0; ; ; ; ; ; 
TRACK;1.12.7-18;-16.48291126;-71.46506314;-1951842.62;2845300.083;C;False; ; ;0; ; ; ; ; ; 
TRACK;1.12.7-18;-16.48292848;-71.46519458;-1951842.973;2845284.955;C;False; ; ;0; ; ; ; ; ; 
TRACK;1.12.7-18;-16.48296356;-71.46530974;-1951845.632;2845271.438;C;False; ; ;0; ; ; ; ; ; 
TRACK;1.12.7-18;-16.48300908;-71.46540994;-1951849.708;2845259.48;C;False; ; ;0; ; ; ; ; ; 
TRACK;1.12.7-18;-16.48309352;-71.46554699;-1951857.888;2845242.831;C;False; ; ;0; ; ; ; ; ; 
TRACK;1.12.7-18;-16.48315494;-71.46559587;-1951864.484;2845236.48;C;False; ; ;0; ; ; ; ; ; 
TRACK;1.12.7-19; ; ;-1.516416327;20763369.87;C; ; ; ; ; ; ; ; ; ; 
TRACK;1.12.7-19;-16.48604833;-71.46452038;-1952218.113;2845320.305;C;False; ; ;0; ; ; ; ; ; 
TRACK;1.12.7-19;-16.48569779;-71.46474383;-1952174.086;2845299.59;C;False; ; ;0; ; ; ; ; ; 
TRACK;1.12.7-19;-16.48560178;-71.46487475;-1952161.142;2845286.013;C;False; ; ;0; ; ; ; ; ; 
TRACK;1.12.7-19;-16.48565682;-71.46496107;-1952166.512;2845275.502;C;False; ; ;0; ; ; ; ; ; 
TRACK;1.12.7-19;-16.48518849;-71.46550989;-1952104.512;2845219.452;C;False; ; ;0; ; ; ; ; ; 
TRACK;1.12.7-19;-16.48492635;-71.46558981;-1952072.695;2845213.843;C;False; ; ;0; ; ; ; ; ; 
TRACK;1.12.7-19;-16.48457745;-71.465477;-1952033.134;2845231.227;C;False; ; ;0; ; ; ; ; ; 
TRACK;1.12.7-19;-16.48426209;-71.46559783;-1951994.546;2845221.681;C;False; ; ;0; ; ; ; ; ; 
TRACK;1.12.7-19;-16.48384352;-71.46574657;-1951943.475;2845210.33;C;False; ; ;0; ; ; ; ; ; 
TRACK;1.12.7-19;-16.48332189;-71.46555656;-1951884.599;2845238.74;C;False; ; ;0; ; ; ; ; ; 
TRACK;1.12.7-19;-16.48325211;-71.46564827;-1951875.235;2845229.261;C;False; ; ;0; ; ; ; ; ; 
TRACK;1.12.7-19;-16.48340211;-71.46571536;-1951892.007;2845219.68;C;False; ; ;0; ; ; ; ; ; 
TRACK;1.12.7-19;-16.48369766;-71.46585441;-1951924.967;2845200.025;C;False; ; ;0; ; ; ; ; ; 
TRACK;1.12.7-19;-16.48395915;-71.46591088;-1951954.974;2845190.181;C;False; ; ;0; ; ; ; ; ; 
TRACK;1.12.7-19;-16.48491116;-71.46594413;-1952066.41;2845173.876;C;False; ; ;0; ; ; ; ; ; 
TRACK;1.12.7-19;-16.4851338;-71.46580028;-1952094.397;2845187.252;C;False; ; ;0; ; ; ; ; ; 
TRACK;1.12.7-19;-16.4853336;-71.46562453;-1952120.105;2845204.545;C;False; ; ;0; ; ; ; ; ; 
TRACK;1.12.7-19;-16.48545384;-71.46545227;-1952136.421;2845222.49;C;False; ; ;0; ; ; ; ; ; 
TRACK;1.12.7-19;-16.48566038;-71.46520215;-1952163.867;2845248.125;C;False; ; ;0; ; ; ; ; ; 
TRACK;1.12.7-19;-16.48582805;-71.46502848;-1952185.775;2845265.606;C;False; ; ;0; ; ; ; ; ; 
TRACK;1.12.7-19;-16.48593226;-71.46488281;-1952199.87;2845280.747;C;False; ; ;0; ; ; ; ; ; 
TRACK;1.12.7-19;-16.48612978;-71.46472568;-1952225.074;2845295.959;C;False; ; ;0; ; ; ; ; ; 
TRACK;1.12.7-19;-16.48632692;-71.46458289;-1952250.052;2845309.549;C;False; ; ;0; ; ; ; ; ; 
TRACK;1.12.7-19;-16.48656178;-71.46437617;-1952280.274;2845329.892;C;False; ; ;0; ; ; ; ; ; 
TRACK;1.12.7-19;-16.4866924;-71.46395019;-1952301.034;2845376.462;C;False; ; ;0; ; ; ; ; ; 
TRACK;1.12.7-19;-16.48664504;-71.46388515;-1952296.296;2845384.46;C;False; ; ;0; ; ; ; ; ; 
TRACK;1.12.7-19;-16.48631253;-71.46430378;-1952251.908;2845341.381;C;False; ; ;0; ; ; ; ; ; 
TRACK;1.12.7-20; ; ;-1.516416327;20763369.87;C; ; ; ; ; ; ; ; ; ; 
TRACK;1.12.7-20;-16.48547216;-71.46589353;-1952132.968;2845172.225;C;False; ; ;0; ; ; ; ; ; 
TRACK;1.12.7-20;-16.48561518;-71.46582581;-1952150.632;2845178.019;C;False; ; ;0; ; ; ; ; ; 
TRACK;1.12.7-20;-16.48589861;-71.46563349;-1952186.378;2845196.09;C;False; ; ;0; ; ; ; ; ; 
TRACK;1.12.7-20;-16.48604735;-71.46553909;-1952205.054;2845204.832;C;False; ; ;0; ; ; ; ; ; 
TRACK;1.12.7-20;-16.48616725;-71.46546764;-1952220.05;2845211.353;C;False; ; ;0; ; ; ; ; ; 
TRACK;1.12.7-20;-16.48627053;-71.46544774;-1952232.438;2845212.249;C;False; ; ;0; ; ; ; ; ; 
TRACK;1.12.7-20;-16.48633253;-71.46548842;-1952239.206;2845206.821;C;False; ; ;0; ; ; ; ; ; 
TRACK;1.12.7-20;-16.48640312;-71.46558779;-1952246.237;2845194.626;C;False; ; ;0; ; ; ; ; ; 
TRACK;1.12.7-20;-16.48650045;-71.46572712;-1952255.903;2845177.55;C;False; ; ;0; ; ; ; ; ; 
TRACK;1.12.7-20;-16.48688533;-71.46553839;-1952303.523;2845193.877;C;False; ; ;0; ; ; ; ; ; 
TRACK;1.12.7-20;-16.48651235;-71.46460932;-1952271.503;2845304.112;C;False; ; ;0; ; ; ; ; ; 
TRACK;1.12.7-20;-16.48619415;-71.4647677;-1952232.103;2845290.347;C;False; ; ;0; ; ; ; ; ; 
TRACK;1.12.7-20;-16.48608291;-71.46484427;-1952218.06;2845283.131;C;False; ; ;0; ; ; ; ; ; 
TRACK;1.12.7-20;-16.48578914;-71.4651446;-1952179.727;2845252.954;C;False; ; ;0; ; ; ; ; ; 
TRACK;1.12.7-20;-16.48555927;-71.46539308;-1952149.562;2845227.812;C;False; ; ;0; ; ; ; ; ; 
TRACK;1.12.7-20;-16.48538686;-71.46563821;-1952126.189;2845202.293;C;False; ; ;0; ; ; ; ; ; 
TRACK;1.12.7-20;-16.4850255;-71.46594001;-1952079.897;2845172.837;C;False; ; ;0; ; ; ; ; ; 
TRACK;1.12.7-20;-16.48524744;-71.46593184;-1952106.078;2845170.842;C;False; ; ;0; ; ; ; ; ; 
TRACK;1.12.7-21; ; ;-1.516416327;20763369.87;C; ; ; ; ; ; ; ; ; ; 
TRACK;1.12.7-21;-16.48679431;-71.46374876;-1952315.568;2845397.956;C;False; ; ;0; ; ; ; ; ; 
TRACK;1.12.7-21;-16.48678089;-71.4639771;-1952311.09;2845372.247;C;False; ; ;0; ; ; ; ; ; 
TRACK;1.12.7-21;-16.48685757;-71.46401715;-1952319.59;2845366.696;C;False; ; ;0; ; ; ; ; ; 
TRACK;1.12.7-21;-16.48677765;-71.46416268;-1952308.351;2845351.251;C;False; ; ;0; ; ; ; ; ; 
TRACK;1.12.7-21;-16.48681352;-71.46426664;-1952311.245;2845338.993;C;False; ; ;0; ; ; ; ; ; 
TRACK;1.12.7-21;-16.48678344;-71.46430622;-1952307.208;2845334.902;C;False; ; ;0; ; ; ; ; ; 
TRACK;1.12.7-21;-16.48682155;-71.46437809;-1952310.771;2845326.253;C;False; ; ;0; ; ; ; ; ; 
TRACK;1.12.7-21;-16.48712261;-71.46419562;-1952348.464;2845342.973;C;False; ; ;0; ; ; ; ; ; 
TRACK;1.12.7-21;-16.48720973;-71.46410239;-1952359.885;2845352.395;C;False; ; ;0; ; ; ; ; ; 
TRACK;1.12.7-21;-16.48720288;-71.46379983;-1952362.925;2845386.785;C;False; ; ;0; ; ; ; ; ; 
TRACK;1.12.7-21;-16.48720615;-71.46355449;-1952366.427;2845414.555;C;False; ; ;0; ; ; ; ; ; 
TRACK;1.12.7-21;-16.48690776;-71.4634682;-1952332.464;2845428.267;C;False; ; ;0; ; ; ; ; ; 
TRACK;1.12.7-21;-16.48687395;-71.46358127;-1952327.054;2845415.894;C;False; ; ;0; ; ; ; ; ; 
TRACK;1.12.7-22; ; ;-1.516416327;20763369.87;C; ; ; ; ; ; ; ; ; ; 
TRACK;1.12.7-22;-16.48691215;-71.46551714;-1952306.943;2845195.932;C;False; ; ;0; ; ; ; ; ; 
TRACK;1.12.7-22;-16.48719158;-71.46538396;-1952341.468;2845207.35;C;False; ; ;0; ; ; ; ; ; 
TRACK;1.12.7-22;-16.48739087;-71.46527169;-1952366.311;2845217.453;C;False; ; ;0; ; ; ; ; ; 
TRACK;1.12.7-22;-16.48758573;-71.46512439;-1952391.078;2845231.585;C;False; ; ;0; ; ; ; ; ; 
TRACK;1.12.7-22;-16.48770296;-71.46501841;-1952406.198;2845242.056;C;False; ; ;0; ; ; ; ; ; 
TRACK;1.12.7-22;-16.48777807;-71.46492336;-1952416.232;2845251.841;C;False; ; ;0; ; ; ; ; ; 
TRACK;1.12.7-22;-16.48718626;-71.46420809;-1952355.784;2845340.722;C;False; ; ;0; ; ; ; ; ; 
TRACK;1.12.7-22;-16.4870359;-71.46432549;-1952336.626;2845329.393;C;False; ; ;0; ; ; ; ; ; 
TRACK;1.12.7-22;-16.48654279;-71.46460489;-1952275.137;2845304.212;C;False; ; ;0; ; ; ; ; ; 
TRACK;1.12.7-23; ; ;-1.516416327;20763369.87;C; ; ; ; ; ; ; ; ; ; 
TRACK;1.12.7-23;-16.48931234;-71.46448686;-1952602.051;2845281.116;C;False; ; ;0; ; ; ; ; ; 
TRACK;1.12.7-23;-16.48919338;-71.46449658;-1952587.95;2845281.581;C;False; ; ;0; ; ; ; ; ; 
TRACK;1.12.7-23;-16.48904909;-71.46461495;-1952569.491;2845270.063;C;False; ; ;0; ; ; ; ; ; 
TRACK;1.12.7-23;-16.48888512;-71.46465401;-1952549.73;2845267.795;C;False; ; ;0; ; ; ; ; ; 
TRACK;1.12.7-23;-16.48876361;-71.46459035;-1952536.261;2845276.612;C;False; ; ;0; ; ; ; ; ; 
TRACK;1.12.7-23;-16.48826082;-71.46430646;-1952480.792;2845315.418;C;False; ; ;0; ; ; ; ; ; 
TRACK;1.12.7-23;-16.48808838;-71.46476589;-1952454.693;2845265.606;C;False; ; ;0; ; ; ; ; ; 
TRACK;1.12.7-23;-16.48797037;-71.46470643;-1952441.582;2845273.9;C;False; ; ;0; ; ; ; ; ; 
TRACK;1.12.7-23;-16.48771236;-71.46504441;-1952406.972;2845238.984;C;False; ; ;0; ; ; ; ; ; 
TRACK;1.12.7-23;-16.48783109;-71.46516411;-1952419.402;2845223.85;C;False; ; ;0; ; ; ; ; ; 
TRACK;1.12.7-23;-16.48814205;-71.46536716;-1952453.358;2845196.737;C;False; ; ;0; ; ; ; ; ; 
TRACK;1.12.7-23;-16.48859443;-71.46562367;-1952503.252;2845161.7;C;False; ; ;0; ; ; ; ; ; 
TRACK;1.12.7-23;-16.48870787;-71.46586945;-1952513.457;2845132.345;C;False; ; ;0; ; ; ; ; ; 
TRACK;1.12.7-23;-16.48945975;-71.46456661;-1952618.357;2845270.134;C;False; ; ;0; ; ; ; ; ; 
TRACK;1.12.7-24; ; ;-1.516416327;20763369.87;C; ; ; ; ; ; ; ; ; ; 
TRACK;1.12.7-24;-16.48788307;-71.46734233;-1952397.833;2844976.238;C;False; ; ;0; ; ; ; ; ; 
TRACK;1.12.7-24;-16.48812258;-71.46694324;-1952431.046;2845018.325;C;False; ; ;0; ; ; ; ; ; 
TRACK;1.12.7-24;-16.4883949;-71.46656288;-1952467.874;2845057.858;C;False; ; ;0; ; ; ; ; ; 
TRACK;1.12.7-24;-16.48850821;-71.46628776;-1952484.683;2845087.553;C;False; ; ;0; ; ; ; ; ; 
TRACK;1.12.7-24;-16.48866876;-71.46588385;-1952508.68;2845131.227;C;False; ; ;0; ; ; ; ; ; 
TRACK;1.12.7-24;-16.48857684;-71.46569239;-1952500.313;2845154.142;C;False; ; ;0; ; ; ; ; ; 
TRACK;1.12.7-24;-16.48849744;-71.46560834;-1952492.051;2845164.716;C;False; ; ;0; ; ; ; ; ; 
TRACK;1.12.7-24;-16.48829954;-71.46550704;-1952470.086;2845178.806;C;False; ; ;0; ; ; ; ; ; 
TRACK;1.12.7-24;-16.48809005;-71.46541431;-1952446.649;2845192.077;C;False; ; ;0; ; ; ; ; ; 
TRACK;1.12.7-24;-16.48783759;-71.46521601;-1952419.506;2845217.882;C;False; ; ;0; ; ; ; ; ; 
TRACK;1.12.7-24;-16.487691;-71.46509134;-1952403.867;2845233.945;C;False; ; ;0; ; ; ; ; ; 
TRACK;1.12.7-24;-16.48754601;-71.4651998;-1952385.453;2845223.56;C;False; ; ;0; ; ; ; ; ; 
TRACK;1.12.7-24;-16.48722188;-71.46545393;-1952344.139;2845199.019;C;False; ; ;0; ; ; ; ; ; 
TRACK;1.12.7-24;-16.48704851;-71.46554365;-1952322.629;2845191.132;C;False; ; ;0; ; ; ; ; ; 
TRACK;1.12.7-24;-16.48698214;-71.46555221;-1952314.722;2845191.034;C;False; ; ;0; ; ; ; ; ; 
TRACK;1.12.7-24;-16.48655182;-71.46577234;-1952261.364;2845171.747;C;False; ; ;0; ; ; ; ; ; 
TRACK;1.12.7-24;-16.48712819;-71.46656004;-1952319.077;2845074.861;C;False; ; ;0; ; ; ; ; ; 
TRACK;1.12.7-24;-16.48756248;-71.4662389;-1952374.185;2845105.547;C;False; ; ;0; ; ; ; ; ; 
TRACK;1.12.7-24;-16.48785926;-71.46661108;-1952404.327;2845059.448;C;False; ; ;0; ; ; ; ; ; 
TRACK;1.12.7-24;-16.48748331;-71.46691145;-1952356.337;2845030.348;C;False; ; ;0; ; ; ; ; ; 
TRACK;1.12.7-24;-16.48746376;-71.46694926;-1952353.561;2845026.319;C;False; ; ;0; ; ; ; ; ; 
TRACK;1.12.7-24;-16.48746376;-71.46699464;-1952352.984;2845021.174;C;False; ; ;0; ; ; ; ; ; 
TRACK;1.12.7-24;-16.48749789;-71.46706629;-1952356.083;2845012.603;C;False; ; ;0; ; ; ; ; ; 
TRACK;1.12.7-24;-16.48761552;-71.46727148;-1952367.298;2844987.792;C;False; ; ;0; ; ; ; ; ; 
TRACK;1.12.7-26; ; ;-1.516416327;20763369.87;C; ; ; ; ; ; ; ; ; ; 
TRACK;1.12.7-26;-16.48825394;-71.46746386;-1952439.864;2844957.577;C;False; ; ;0; ; ; ; ; ; 
TRACK;1.12.7-26;-16.48851797;-71.467609;-1952469.042;2844937.647;C;False; ; ;0; ; ; ; ; ; 
TRACK;1.12.7-26;-16.48868719;-71.46770407;-1952487.717;2844924.641;C;False; ; ;0; ; ; ; ; ; 
TRACK;1.12.7-26;-16.48871034;-71.46779111;-1952489.331;2844914.47;C;False; ; ;0; ; ; ; ; ; 
TRACK;1.12.7-26;-16.48877389;-71.46784932;-1952496.058;2844907.033;C;False; ; ;0; ; ; ; ; ; 
TRACK;1.12.7-26;-16.4889288;-71.46760359;-1952517.381;2844932.85;C;False; ; ;0; ; ; ; ; ; 
TRACK;1.12.7-26;-16.48862675;-71.46719181;-1952487.125;2844983.507;C;False; ; ;0; ; ; ; ; ; 
TRACK;1.12.7-26;-16.4881953;-71.46692478;-1952439.823;2845019.46;C;False; ; ;0; ; ; ; ; ; 
TRACK;1.12.7-26;-16.48806425;-71.46709122;-1952422.312;2845002.318;C;False; ; ;0; ; ; ; ; ; 
TRACK;1.12.7-26;-16.48791265;-71.46734063;-1952401.33;2844976.041;C;False; ; ;0; ; ; ; ; ; 
TRACK;1.12.7-26;-16.48801331;-71.46737294;-1952412.747;2844971.053;C;False; ; ;0; ; ; ; ; ; 
TRACK;1.12.7-27; ; ;-1.516416327;20763369.87;C; ; ; ; ; ; ; ; ; ; 
TRACK;1.12.7-27;-16.48771171;-71.46818424;-1952367.002;2844883.053;C;False; ; ;0; ; ; ; ; ; 
TRACK;1.12.7-27;-16.48803147;-71.46813693;-1952405.174;2844884.206;C;False; ; ;0; ; ; ; ; ; 
TRACK;1.12.7-27;-16.48824645;-71.46825786;-1952428.897;2844867.667;C;False; ; ;0; ; ; ; ; ; 
TRACK;1.12.7-27;-16.48834322;-71.46799591;-1952443.594;2844896.087;C;False; ; ;0; ; ; ; ; ; 
TRACK;1.12.7-27;-16.48869055;-71.46812779;-1952482.728;2844876.563;C;False; ; ;0; ; ; ; ; ; 
TRACK;1.12.7-27;-16.48878681;-71.46794065;-1952496.416;2844896.51;C;False; ; ;0; ; ; ; ; ; 
TRACK;1.12.7-27;-16.48859516;-71.46769011;-1952477.082;2844927.436;C;False; ; ;0; ; ; ; ; ; 
TRACK;1.12.7-27;-16.48833637;-71.46755852;-1952448.347;2844945.761;C;False; ; ;0; ; ; ; ; ; 
TRACK;1.12.7-27;-16.4879723;-71.46740187;-1952407.561;2844968.313;C;False; ; ;0; ; ; ; ; ; 
TRACK;1.12.7-27;-16.48758368;-71.46730439;-1952363.138;2844984.482;C;False; ; ;0; ; ; ; ; ; 
TRACK;1.12.7-27;-16.48744783;-71.46818571;-1952335.98;2844886.362;C;False; ; ;0; ; ; ; ; ; 
TRACK;1.12.7-28; ; ;-1.516416327;20763369.87;C; ; ; ; ; ; ; ; ; ; 
TRACK;1.12.7-28;-16.4890717;-71.46981487;-1952506.077;2844680.297;C;False; ; ;0; ; ; ; ; ; 
TRACK;1.12.7-28;-16.4894238;-71.46936793;-1952553.124;2844726.326;C;False; ; ;0; ; ; ; ; ; 
TRACK;1.12.7-28;-16.489616;-71.46912956;-1952578.735;2844750.816;C;False; ; ;0; ; ; ; ; ; 
TRACK;1.12.7-28;-16.48968848;-71.4689342;-1952589.733;2844772.008;C;False; ; ;0; ; ; ; ; ; 
TRACK;1.12.7-28;-16.48987589;-71.46901248;-1952610.759;2844760.665;C;False; ; ;0; ; ; ; ; ; 
TRACK;1.12.7-28;-16.49039726;-71.46928341;-1952668.574;2844723.088;C;False; ; ;0; ; ; ; ; ; 
TRACK;1.12.7-28;-16.49049095;-71.4689569;-1952683.731;2844758.866;C;False; ; ;0; ; ; ; ; ; 
TRACK;1.12.7-28;-16.49056594;-71.46876329;-1952695.001;2844779.827;C;False; ; ;0; ; ; ; ; ; 
TRACK;1.12.7-28;-16.49018305;-71.46866087;-1952651.316;2844796.479;C;False; ; ;0; ; ; ; ; ; 
TRACK;1.12.7-28;-16.49000098;-71.46856532;-1952631.138;2844809.708;C;False; ; ;0; ; ; ; ; ; 
TRACK;1.12.7-28;-16.4898947;-71.46841783;-1952620.524;2844827.827;C;False; ; ;0; ; ; ; ; ; 
TRACK;1.12.7-28;-16.48979164;-71.46837589;-1952608.947;2844833.938;C;False; ; ;0; ; ; ; ; ; 
TRACK;1.12.7-28;-16.48959985;-71.46832803;-1952587.022;2844841.89;C;False; ; ;0; ; ; ; ; ; 
TRACK;1.12.7-28;-16.48943569;-71.46832878;-1952567.724;2844843.967;C;False; ; ;0; ; ; ; ; ; 
TRACK;1.12.7-28;-16.48936817;-71.46831315;-1952559.99;2844846.628;C;False; ; ;0; ; ; ; ; ; 
TRACK;1.12.7-28;-16.48925436;-71.4682382;-1952547.57;2844856.623;C;False; ; ;0; ; ; ; ; ; 
TRACK;1.12.7-28;-16.48919452;-71.46812497;-1952541.978;2844870.246;C;False; ; ;0; ; ; ; ; ; 
TRACK;1.12.7-28;-16.48883257;-71.46796166;-1952501.526;2844893.526;C;False; ; ;0; ; ; ; ; ; 
TRACK;1.12.7-28;-16.48872809;-71.46815493;-1952486.794;2844872.993;C;False; ; ;0; ; ; ; ; ; 
TRACK;1.12.7-28;-16.48872809;-71.46828907;-1952485.09;2844857.787;C;False; ; ;0; ; ; ; ; ; 
TRACK;1.12.7-28;-16.48844255;-71.46835333;-1952450.724;2844854.262;C;False; ; ;0; ; ; ; ; ; 
TRACK;1.12.7-28;-16.48845981;-71.46850672;-1952450.804;2844836.646;C;False; ; ;0; ; ; ; ; ; 
TRACK;1.12.7-28;-16.48850436;-71.46869596;-1952453.633;2844814.608;C;False; ; ;0; ; ; ; ; ; 
TRACK;1.12.7-28;-16.48848386;-71.46880292;-1952449.866;2844802.752;C;False; ; ;0; ; ; ; ; ; 
TRACK;1.12.7-28;-16.48818971;-71.4692641;-1952409.447;2844754.346;C;False; ; ;0; ; ; ; ; ; 
TRACK;1.12.7-28;-16.48875798;-71.46960959;-1952471.825;2844707.699;C;False; ; ;0; ; ; ; ; ; 
TRACK;1.12.1-1; ; ;-1.516416327;20763369.87;D; ; ; ; ; ; ; ; ; ; 
TRACK;1.12.1-1;-16.49816839;-71.49884622;-1953206.178;2841269.976;D;False; ; ;0; ; ; ; ; ; 
TRACK;1.12.1-1;-16.49912347;-71.49841199;-1953323.885;2841306.627;D;False; ; ;0; ; ; ; ; ; 
TRACK;1.12.1-1;-16.49897086;-71.497989;-1953311.325;2841356.573;D;False; ; ;0; ; ; ; ; ; 
TRACK;1.12.1-1;-16.49878017;-71.49783033;-1953290.937;2841377.065;D;False; ; ;0; ; ; ; ; ; 
TRACK;1.12.1-1;-16.49849717;-71.49783939;-1953257.577;2841379.76;D;False; ; ;0; ; ; ; ; ; 
TRACK;1.12.1-1;-16.49773288;-71.49765671;-1953170.113;2841410.518;D;False; ; ;0; ; ; ; ; ; 
TRACK;1.12.1-1;-16.49775187;-71.49898544;-1953155.483;2841259.677;D;False; ; ;0; ; ; ; ; ; 
TRACK;1.12.1-2; ; ;-1.516416327;20763369.87;D; ; ; ; ; ; ; ; ; ; 
TRACK;1.12.1-2;-16.49869926;-71.49878912;-1953269.265;2841269.466;D;False; ; ;0; ; ; ; ; ; 
TRACK;1.12.1-2;-16.49820853;-71.4990093;-1953208.825;2841250.967;D;False; ; ;0; ; ; ; ; ; 
TRACK;1.12.1-2;-16.49778027;-71.49908941;-1953157.499;2841247.52;D;False; ; ;0; ; ; ; ; ; 
TRACK;1.12.1-2;-16.49779317;-71.49942203;-1953154.794;2841209.653;D;False; ; ;0; ; ; ; ; ; 
TRACK;1.12.1-2;-16.4988163;-71.49949522;-1953274.055;2841187.901;D;False; ; ;0; ; ; ; ; ; 
TRACK;1.12.1-2;-16.50052315;-71.49954429;-1953473.939;2841159.889;D;False; ; ;0; ; ; ; ; ; 
TRACK;1.12.1-2;-16.50054118;-71.49954512;-1953476.046;2841159.558;D;False; ; ;0; ; ; ; ; ; 
TRACK;1.12.1-2;-16.50014276;-71.49817194;-1953446.67;2841320.424;D;False; ; ;0; ; ; ; ; ; 
TRACK;1.12.1-3; ; ;-1.516416327;20763369.87;D; ; ; ; ; ; ; ; ; ; 
TRACK;1.12.1-3;-16.49950682;-71.50074859;-1953339.267;2841036.771;D;False; ; ;0; ; ; ; ; ; 
TRACK;1.12.1-3;-16.4990883;-71.49954838;-1953305.332;2841178.299;D;False; ; ;0; ; ; ; ; ; 
TRACK;1.12.1-3;-16.49780139;-71.49944646;-1953155.45;2841206.776;D;False; ; ;0; ; ; ; ; ; 
TRACK;1.12.1-3;-16.49776548;-71.50100666;-1953131.435;2841030.426;D;False; ; ;0; ; ; ; ; ; 
TRACK;1.12.1-3;-16.49851388;-71.50100879;-1953219.324;2841020.342;D;False; ; ;0; ; ; ; ; ; 
TRACK;1.12.1-3;-16.49918279;-71.50087535;-1953299.594;2841026.667;D;False; ; ;0; ; ; ; ; ; 
TRACK;1.12.1-4; ; ;-1.516416327;20763369.87;D; ; ; ; ; ; ; ; ; ; 
TRACK;1.12.1-4;-16.50055666;-71.49964054;-1953476.654;2841148.54;D;False; ; ;0; ; ; ; ; ; 
TRACK;1.12.1-4;-16.49915322;-71.49956498;-1953312.748;2841175.564;D;False; ; ;0; ; ; ; ; ; 
TRACK;1.12.1-4;-16.49955421;-71.50074046;-1953344.938;2841037.07;D;False; ; ;0; ; ; ; ; ; 
TRACK;1.12.1-4;-16.50035225;-71.50051005;-1953441.607;2841052.686;D;False; ; ;0; ; ; ; ; ; 
TRACK;1.12.1-5; ; ;-1.516416327;20763369.87;D; ; ; ; ; ; ; ; ; ; 
TRACK;1.12.1-5;-16.49943638;-71.50448665;-1953283.566;2840614.061;D;False; ; ;0; ; ; ; ; ; 
TRACK;1.12.1-5;-16.49911019;-71.50347657;-1953258.063;2840732.824;D;False; ; ;0; ; ; ; ; ; 
TRACK;1.12.1-5;-16.49876823;-71.50221817;-1953233.858;2840879.936;D;False; ; ;0; ; ; ; ; ; 
TRACK;1.12.1-5;-16.49789804;-71.50258861;-1953126.937;2840849.396;D;False; ; ;0; ; ; ; ; ; 
TRACK;1.12.1-5;-16.49803095;-71.50318815;-1953134.945;2840779.702;D;False; ; ;0; ; ; ; ; ; 
TRACK;1.12.1-5;-16.49816465;-71.50372704;-1953143.814;2840716.87;D;False; ; ;0; ; ; ; ; ; 
TRACK;1.12.1-5;-16.49828233;-71.50403775;-1953153.695;2840680.11;D;False; ; ;0; ; ; ; ; ; 
TRACK;1.12.1-5;-16.49829313;-71.50420757;-1953152.81;2840660.723;D;False; ; ;0; ; ; ; ; ; 
TRACK;1.12.1-5;-16.49767277;-71.5048512;-1953071.773;2840595.937;D;False; ; ;0; ; ; ; ; ; 
TRACK;1.12.1-5;-16.49798912;-71.50550665;-1953100.62;2840517.495;D;False; ; ;0; ; ; ; ; ; 
TRACK;1.12.1-5;-16.49812171;-71.50558411;-1953115.213;2840506.973;D;False; ; ;0; ; ; ; ; ; 
TRACK;1.12.1-5;-16.49919896;-71.5058493;-1953238.391;2840462.756;D;False; ; ;0; ; ; ; ; ; 
TRACK;1.12.1-5;-16.50002583;-71.50561195;-1953338.533;2840478.782;D;False; ; ;0; ; ; ; ; ; 
TRACK;1.12.1-6; ; ;-1.516416327;20763369.87;D; ; ; ; ; ; ; ; ; ; 
TRACK;1.12.1-6;-16.49878272;-71.50215754;-1953236.329;2840886.616;D;False; ; ;0; ; ; ; ; ; 
TRACK;1.12.1-6;-16.49929696;-71.50389955;-1953274.637;2840682.431;D;False; ; ;0; ; ; ; ; ; 
TRACK;1.12.1-6;-16.49965947;-71.50486133;-1953305.019;2840568.667;D;False; ; ;0; ; ; ; ; ; 
TRACK;1.12.1-6;-16.50022725;-71.50562592;-1953362.016;2840474.55;D;False; ; ;0; ; ; ; ; ; 
TRACK;1.12.1-6;-16.50204835;-71.50493835;-1953584.659;2840528.523;D;False; ; ;0; ; ; ; ; ; 
TRACK;1.12.1-6;-16.50111673;-71.50148174;-1953519.081;2840932.508;D;False; ; ;0; ; ; ; ; ; 
TRACK;1.12.3-1; ; ;-1.516416327;20763369.87;D; ; ; ; ; ; ; ; ; ; 
TRACK;1.12.3-1;-16.49670676;-71.50084597;-1953009.105;2841062.56;D;False; ; ;0; ; ; ; ; ; 
TRACK;1.12.3-1;-16.49631656;-71.49961144;-1952978.93;2841207.605;D;False; ; ;0; ; ; ; ; ; 
TRACK;1.12.3-1;-16.49586745;-71.49976204;-1952924.262;2841196.443;D;False; ; ;0; ; ; ; ; ; 
TRACK;1.12.3-1;-16.49620096;-71.50104092;-1952947.214;2841047.116;D;False; ; ;0; ; ; ; ; ; 
TRACK;1.12.3-2; ; ;-1.516416327;20763369.87;D; ; ; ; ; ; ; ; ; ; 
TRACK;1.12.3-2;-16.49614179;-71.50106964;-1952939.899;2841044.639;D;False; ; ;0; ; ; ; ; ; 
TRACK;1.12.3-2;-16.49579772;-71.4998199;-1952915.337;2841190.803;D;False; ; ;0; ; ; ; ; ; 
TRACK;1.12.3-2;-16.49523127;-71.50002347;-1952846.212;2841175.179;D;False; ; ;0; ; ; ; ; ; 
TRACK;1.12.3-2;-16.49554694;-71.50130002;-1952867.099;2841026.351;D;False; ; ;0; ; ; ; ; ; 
TRACK;1.12.3-4; ; ;-1.516416327;20763369.87;D; ; ; ; ; ; ; ; ; ; 
TRACK;1.12.3-4;-16.49630152;-71.50315081;-1952932.262;2840806.674;D;False; ; ;0; ; ; ; ; ; 
TRACK;1.12.3-4;-16.49616219;-71.50196042;-1952930.995;2840943.416;D;False; ; ;0; ; ; ; ; ; 
TRACK;1.12.3-4;-16.49570536;-71.50197267;-1952877.175;2840948.035;D;False; ; ;0; ; ; ; ; ; 
TRACK;1.12.3-4;-16.49579178;-71.50323742;-1952871.284;2840803.56;D;False; ; ;0; ; ; ; ; ; 
TRACK;1.12.3-5; ; ;-1.516416327;20763369.87;D; ; ; ; ; ; ; ; ; ; 
TRACK;1.12.3-5;-16.49618987;-71.50196283;-1952934.217;2840942.779;D;False; ; ;0; ; ; ; ; ; 
TRACK;1.12.3-5;-16.49624797;-71.50243285;-1952935.079;2840888.746;D;False; ; ;0; ; ; ; ; ; 
TRACK;1.12.3-5;-16.49634552;-71.50313447;-1952937.638;2840807.947;D;False; ; ;0; ; ; ; ; ; 
TRACK;1.12.3-5;-16.49712088;-71.50305278;-1953029.756;2840807.01;D;False; ; ;0; ; ; ; ; ; 
TRACK;1.12.3-5;-16.49785711;-71.50288363;-1953118.386;2840816.499;D;False; ; ;0; ; ; ; ; ; 
TRACK;1.12.3-5;-16.49781194;-71.50184644;-1953126.238;2840934.64;D;False; ; ;0; ; ; ; ; ; 
TRACK;1.12.3-6; ; ;-1.516416327;20763369.87;D; ; ; ; ; ; ; ; ; ; 
TRACK;1.12.3-6;-16.4969077;-71.5043641;-1952988.08;2840661.198;D;False; ; ;0; ; ; ; ; ; 
TRACK;1.12.3-6;-16.49688865;-71.50317761;-1953000.892;2840795.916;D;False; ; ;0; ; ; ; ; ; 
TRACK;1.12.3-6;-16.49622672;-71.50325275;-1952922.182;2840796.104;D;False; ; ;0; ; ; ; ; ; 
TRACK;1.12.3-6;-16.49580234;-71.50331218;-1952871.576;2840794.948;D;False; ; ;0; ; ; ; ; ; 
TRACK;1.12.3-6;-16.49585261;-71.50437187;-1952864.041;2840674.19;D;False; ; ;0; ; ; ; ; ; 
TRACK;1.12.3-7; ; ;-1.516416327;20763369.87;D; ; ; ; ; ; ; ; ; ; 
TRACK;1.12.3-7;-16.49691327;-71.50502274;-1952980.379;2840586.481;D;False; ; ;0; ; ; ; ; ; 
TRACK;1.12.3-7;-16.49691094;-71.50442153;-1952987.732;2840654.648;D;False; ; ;0; ; ; ; ; ; 
TRACK;1.12.3-7;-16.49584454;-71.50441962;-1952862.487;2840668.885;D;False; ; ;0; ; ; ; ; ; 
TRACK;1.12.3-7;-16.49586419;-71.50501835;-1952857.201;2840600.771;D;False; ; ;0; ; ; ; ; ; 
TRACK;1.12.3-8; ; ;-1.516416327;20763369.87;D; ; ; ; ; ; ; ; ; ; 
TRACK;1.12.3-8;-16.49732734;-71.5050518;-1953028.651;2840577.744;D;False; ; ;0; ; ; ; ; ; 
TRACK;1.12.3-8;-16.49734267;-71.50456553;-1953036.62;2840632.652;D;False; ; ;0; ; ; ; ; ; 
TRACK;1.12.3-8;-16.49745928;-71.50443525;-1953051.97;2840645.883;D;False; ; ;0; ; ; ; ; ; 
TRACK;1.12.3-8;-16.49761569;-71.50423451;-1953072.891;2840666.577;D;False; ; ;0; ; ; ; ; ; 
TRACK;1.12.3-8;-16.49791582;-71.50403291;-1953110.703;2840685.478;D;False; ; ;0; ; ; ; ; ; 
TRACK;1.12.3-8;-16.4981429;-71.50387654;-1953139.362;2840700.214;D;False; ; ;0; ; ; ; ; ; 
TRACK;1.12.3-8;-16.49795688;-71.50301117;-1953128.488;2840800.733;D;False; ; ;0; ; ; ; ; ; 
TRACK;1.12.3-8;-16.49783939;-71.50295413;-1953115.411;2840808.743;D;False; ; ;0; ; ; ; ; ; 
TRACK;1.12.3-8;-16.49693049;-71.50314711;-1953006.195;2840798.823;D;False; ; ;0; ; ; ; ; ; 
TRACK;1.12.3-8;-16.49696262;-71.50503561;-1952986.014;2840584.374;D;False; ; ;0; ; ; ; ; ; 
TRACK;1.12.3-9; ; ;-1.516416327;20763369.87;D; ; ; ; ; ; ; ; ; ; 
TRACK;1.12.3-9;-16.49824836;-71.50412097;-1953148.65;2840671.126;D;False; ; ;0; ; ; ; ; ; 
TRACK;1.12.3-9;-16.49816873;-71.50393266;-1953141.684;2840693.514;D;False; ; ;0; ; ; ; ; ; 
TRACK;1.12.3-9;-16.4980902;-71.50399514;-1953131.667;2840687.466;D;False; ; ;0; ; ; ; ; ; 
TRACK;1.12.3-9;-16.49797486;-71.50405257;-1953117.39;2840682.474;D;False; ; ;0; ; ; ; ; ; 
TRACK;1.12.3-9;-16.49765277;-71.50429256;-1953076.51;2840659.51;D;False; ; ;0; ; ; ; ; ; 
TRACK;1.12.3-9;-16.49739616;-71.50469175;-1953041.303;2840617.644;D;False; ; ;0; ; ; ; ; ; 
TRACK;1.12.3-9;-16.49755664;-71.50481629;-1953058.574;2840601.42;D;False; ; ;0; ; ; ; ; ; 
TRACK;1.12.3-10; ; ;-1.516416327;20763369.87;D; ; ; ; ; ; ; ; ; ; 
TRACK;1.12.3-10;-16.49692163;-71.50596575;-1952969.4;2840479.499;D;False; ; ;0; ; ; ; ; ; 
TRACK;1.12.3-10;-16.49689679;-71.50512078;-1952977.2;2840575.586;D;False; ; ;0; ; ; ; ; ; 
TRACK;1.12.3-10;-16.49585852;-71.50512993;-1952855.12;2840588.2;D;False; ; ;0; ; ; ; ; ; 
TRACK;1.12.3-10;-16.49587868;-71.50599765;-1952846.482;2840489.595;D;False; ; ;0; ; ; ; ; ; 
TRACK;1.12.3-11; ; ;-1.516416327;20763369.87;D; ; ; ; ; ; ; ; ; ; 
TRACK;1.12.3-11;-16.49700221;-71.5069863;-1952965.922;2840362.781;D;False; ; ;0; ; ; ; ; ; 
TRACK;1.12.3-11;-16.49692601;-71.50605354;-1952968.801;2840469.493;D;False; ; ;0; ; ; ; ; ; 
TRACK;1.12.3-11;-16.49587029;-71.50606476;-1952844.646;2840482.099;D;False; ; ;0; ; ; ; ; ; 
TRACK;1.12.3-11;-16.49590694;-71.50731921;-1952833.042;2840339.451;D;False; ; ;0; ; ; ; ; ; 
TRACK;1.12.3-12; ; ;-1.516416327;20763369.87;D; ; ; ; ; ; ; ; ; ; 
TRACK;1.12.3-12;-16.49807802;-71.50662083;-1953096.931;2840390.056;D;False; ; ;0; ; ; ; ; ; 
TRACK;1.12.3-12;-16.49823537;-71.50643702;-1953117.745;2840408.819;D;False; ; ;0; ; ; ; ; ; 
TRACK;1.12.3-12;-16.49795531;-71.5061328;-1953088.707;2840446.978;D;False; ; ;0; ; ; ; ; ; 
TRACK;1.12.3-12;-16.49758241;-71.50571763;-1953050.168;2840498.931;D;False; ; ;0; ; ; ; ; ; 
TRACK;1.12.3-12;-16.49735553;-71.50539414;-1953027.62;2840538.575;D;False; ; ;0; ; ; ; ; ; 
TRACK;1.12.3-12;-16.49731747;-71.50512392;-1953026.577;2840569.701;D;False; ; ;0; ; ; ; ; ; 
TRACK;1.12.3-12;-16.49697206;-71.50511557;-1952986.108;2840575.188;D;False; ; ;0; ; ; ; ; ; 
TRACK;1.12.3-12;-16.49699084;-71.50595315;-1952977.69;2840480.018;D;False; ; ;0; ; ; ; ; ; 
TRACK;1.12.3-12;-16.4970513;-71.50698358;-1952971.724;2840362.445;D;False; ; ;0; ; ; ; ; ; 
TRACK;1.12.3-14; ; ;-1.516416327;20763369.87;D; ; ; ; ; ; ; ; ; ; 
TRACK;1.12.3-14;-16.49758454;-71.50890659;-1953009.974;2840137.502;D;False; ; ;0; ; ; ; ; ; 
TRACK;1.12.3-14;-16.49725656;-71.50805272;-1952982.276;2840238.582;D;False; ; ;0; ; ; ; ; ; 
TRACK;1.12.3-14;-16.49701127;-71.50720838;-1952964.17;2840337.493;D;False; ; ;0; ; ; ; ; ; 
TRACK;1.12.3-14;-16.49587965;-71.50755939;-1952826.79;2840312.59;D;False; ; ;0; ; ; ; ; ; 
TRACK;1.12.3-14;-16.49579671;-71.50881222;-1952801.161;2840171.697;D;False; ; ;0; ; ; ; ; ; 
TRACK;1.12.3-15; ; ;-1.516416327;20763369.87;D; ; ; ; ; ; ; ; ; ; 
TRACK;1.12.3-15;-16.49856816;-71.5078517;-1953138.894;2840244.12;D;False; ; ;0; ; ; ; ; ; 
TRACK;1.12.3-15;-16.49857848;-71.50736875;-1953146.232;2840298.717;D;False; ; ;0; ; ; ; ; ; 
TRACK;1.12.3-15;-16.49829593;-71.50675868;-1953120.78;2840371.57;D;False; ; ;0; ; ; ; ; ; 
TRACK;1.12.3-15;-16.49706545;-71.50717106;-1952971.008;2840341.011;D;False; ; ;0; ; ; ; ; ; 
TRACK;1.12.3-15;-16.49735144;-71.50811864;-1952992.585;2840229.863;D;False; ; ;0; ; ; ; ; ; 
TRACK;1.12.3-15;-16.49834969;-71.50810081;-1953110.071;2840218.761;D;False; ; ;0; ; ; ; ; ; 
TRACK;1.12.3-16; ; ;-1.516416327;20763369.87;D; ; ; ; ; ; ; ; ; ; 
TRACK;1.12.3-16;-16.49810543;-71.51166743;-1953036.151;2839817.778;D;False; ; ;0; ; ; ; ; ; 
TRACK;1.12.3-16;-16.49815139;-71.51145284;-1953044.269;2839841.492;D;False; ; ;0; ; ; ; ; ; 
TRACK;1.12.3-16;-16.49814721;-71.51112442;-1953047.944;2839878.767;D;False; ; ;0; ; ; ; ; ; 
TRACK;1.12.3-16;-16.49805781;-71.51078265;-1953041.776;2839918.673;D;False; ; ;0; ; ; ; ; ; 
TRACK;1.12.3-16;-16.49795982;-71.51052349;-1953033.551;2839949.33;D;False; ; ;0; ; ; ; ; ; 
TRACK;1.12.3-16;-16.49788373;-71.51019518;-1953028.777;2839987.537;D;False; ; ;0; ; ; ; ; ; 
TRACK;1.12.3-16;-16.49772619;-71.50943381;-1953019.927;2840075.891;D;False; ; ;0; ; ; ; ; ; 
TRACK;1.12.3-16;-16.49759046;-71.50895585;-1953010.044;2840131.842;D;False; ; ;0; ; ; ; ; ; 
TRACK;1.12.3-16;-16.49745097;-71.50902454;-1952992.788;2840125.891;D;False; ; ;0; ; ; ; ; ; 
TRACK;1.12.3-16;-16.49578747;-71.50887067;-1952799.334;2840165.193;D;False; ; ;0; ; ; ; ; ; 
TRACK;1.12.3-16;-16.4956325;-71.51148433;-1952747.99;2839871.028;D;False; ; ;0; ; ; ; ; ; 
TRACK;1.12.3-16;-16.4978766;-71.51166169;-1953009.343;2839821.436;D;False; ; ;0; ; ; ; ; ; 
TRACK;1.12.3-18; ; ;-1.516416327;20763369.87;D; ; ; ; ; ; ; ; ; ; 
TRACK;1.12.3-18;-16.4965015;-71.51417903;-1952815.904;2839554.228;D;False; ; ;0; ; ; ; ; ; 
TRACK;1.12.3-18;-16.49656592;-71.51332283;-1952834.325;2839650.411;D;False; ; ;0; ; ; ; ; ; 
TRACK;1.12.3-18;-16.49669845;-71.5116633;-1952870.933;2839836.738;D;False; ; ;0; ; ; ; ; ; 
TRACK;1.12.3-18;-16.49559952;-71.51156181;-1952743.135;2839862.681;D;False; ; ;0; ; ; ; ; ; 
TRACK;1.12.3-18;-16.49539604;-71.51413121;-1952686.659;2839574.173;D;False; ; ;0; ; ; ; ; ; 
TRACK;1.12.3-19; ; ;-1.516416327;20763369.87;D; ; ; ; ; ; ; ; ; ; 
TRACK;1.12.3-19;-16.49727867;-71.51299047;-1952922.261;2839678.71;D;False; ; ;0; ; ; ; ; ; 
TRACK;1.12.3-19;-16.49748173;-71.51334764;-1952941.584;2839635.564;D;False; ; ;0; ; ; ; ; ; 
TRACK;1.12.3-19;-16.49774858;-71.51326708;-1952973.95;2839641.187;D;False; ; ;0; ; ; ; ; ; 
TRACK;1.12.3-19;-16.49784312;-71.5129928;-1952988.533;2839671.027;D;False; ; ;0; ; ; ; ; ; 
TRACK;1.12.3-19;-16.4979514;-71.51250699;-1953007.411;2839724.659;D;False; ; ;0; ; ; ; ; ; 
TRACK;1.12.3-19;-16.49820301;-71.51174634;-1953046.612;2839807.554;D;False; ; ;0; ; ; ; ; ; 
TRACK;1.12.3-19;-16.49681415;-71.51166999;-1952884.438;2839834.459;D;False; ; ;0; ; ; ; ; ; 
TRACK;1.12.3-19;-16.49669353;-71.51284884;-1952855.323;2839702.449;D;False; ; ;0; ; ; ; ; ; 
TRACK;1.12.3-20; ; ;-1.516416327;20763369.87;D; ; ; ; ; ; ; ; ; ; 
TRACK;1.12.3-20;-16.49825635;-71.5117886;-1953052.341;2839802.063;D;False; ; ;0; ; ; ; ; ; 
TRACK;1.12.3-20;-16.49796837;-71.51269197;-1953007.059;2839703.473;D;False; ; ;0; ; ; ; ; ; 
TRACK;1.12.3-20;-16.49775959;-71.51335575;-1952974.12;2839630.994;D;False; ; ;0; ; ; ; ; ; 
TRACK;1.12.3-20;-16.49764182;-71.51389633;-1952953.433;2839571.281;D;False; ; ;0; ; ; ; ; ; 
TRACK;1.12.3-20;-16.4981756;-71.5137355;-1953018.171;2839582.492;D;False; ; ;0; ; ; ; ; ; 
TRACK;1.12.3-20;-16.49863537;-71.51247027;-1953088.219;2839719.831;D;False; ; ;0; ; ; ; ; ; 
TRACK;1.12.3-20;-16.49903244;-71.51184647;-1953142.77;2839785.304;D;False; ; ;0; ; ; ; ; ; 
TRACK;1.12.3-20;-16.49901137;-71.51180686;-1953140.797;2839790.07;D;False; ; ;0; ; ; ; ; ; 
TRACK;1.12.3-21; ; ;-1.516416327;20763369.87;D; ; ; ; ; ; ; ; ; ; 
TRACK;1.12.3-21;-16.49766435;-71.51559987;-1952934.483;2839377.932;D;False; ; ;0; ; ; ; ; ; 
TRACK;1.12.3-21;-16.49774032;-71.51500883;-1952950.898;2839443.913;D;False; ; ;0; ; ; ; ; ; 
TRACK;1.12.3-21;-16.49747006;-71.51470218;-1952923.041;2839482.215;D;False; ; ;0; ; ; ; ; ; 
TRACK;1.12.3-21;-16.49736721;-71.5145116;-1952913.376;2839505.163;D;False; ; ;0; ; ; ; ; ; 
TRACK;1.12.3-21;-16.49687947;-71.51418292;-1952860.252;2839548.82;D;False; ; ;0; ; ; ; ; ; 
TRACK;1.12.3-21;-16.49680316;-71.51416646;-1952851.497;2839551.689;D;False; ; ;0; ; ; ; ; ; 
TRACK;1.12.3-21;-16.49656149;-71.51424497;-1952822.114;2839545.967;D;False; ; ;0; ; ; ; ; ; 
TRACK;1.12.3-21;-16.49538693;-71.5142136;-1952684.544;2839564.955;D;False; ; ;0; ; ; ; ; ; 
TRACK;1.12.3-21;-16.49529028;-71.51543009;-1952657.772;2839428.366;D;False; ; ;0; ; ; ; ; ; 
TRACK;1.12.3-22; ; ;-1.516416327;20763369.87;D; ; ; ; ; ; ; ; ; ; 
TRACK;1.12.3-22;-16.49523289;-71.51689178;-1952632.504;2839263.474;D;False; ; ;0; ; ; ; ; ; 
TRACK;1.12.3-22;-16.49663564;-71.51682663;-1952798.098;2839252.427;D;False; ; ;0; ; ; ; ; ; 
TRACK;1.12.3-22;-16.49693485;-71.51652337;-1952837.088;2839282.863;D;False; ; ;0; ; ; ; ; ; 
TRACK;1.12.3-22;-16.49718052;-71.51570994;-1952876.255;2839371.815;D;False; ; ;0; ; ; ; ; ; 
TRACK;1.12.3-22;-16.49531255;-71.51554376;-1952658.947;2839415.191;D;False; ; ;0; ; ; ; ; ; 
TRACK;1.12.3-23; ; ;-1.516416327;20763369.87;D; ; ; ; ; ; ; ; ; ; 
TRACK;1.12.3-23;-16.49662511;-71.51713007;-1952793.015;2839218.179;D;False; ; ;0; ; ; ; ; ; 
TRACK;1.12.3-23;-16.49530941;-71.51714898;-1952638.232;2839233.32;D;False; ; ;0; ; ; ; ; ; 
TRACK;1.12.3-23;-16.49527664;-71.5181078;-1952622.231;2839125.094;D;False; ; ;0; ; ; ; ; ; 
TRACK;1.12.3-23;-16.49676327;-71.5180563;-1952797.503;2839111.401;D;False; ; ;0; ; ; ; ; ; 
TRACK;1.12.3-40; ; ;-1.516416327;20763369.87;D; ; ; ; ; ; ; ; ; ; 
TRACK;1.12.3-40;-16.49330838;-71.51977726;-1952369.884;2838961.757;D;False; ; ;0; ; ; ; ; ; 
TRACK;1.12.3-40;-16.49299441;-71.52049558;-1952323.904;2838884.478;D;False; ; ;0; ; ; ; ; ; 
TRACK;1.12.3-40;-16.49311882;-71.52061887;-1952336.955;2838868.871;D;False; ; ;0; ; ; ; ; ; 
TRACK;1.12.3-40;-16.49383642;-71.52031744;-1952425.063;2838893.606;D;False; ; ;0; ; ; ; ; ; 
TRACK;1.12.3-41; ; ;-1.516416327;20763369.87;D; ; ; ; ; ; ; ; ; ; 
TRACK;1.12.3-41;-16.49212025;-71.51986249;-1952229.247;2838967.702;D;False; ; ;0; ; ; ; ; ; 
TRACK;1.12.3-41;-16.49177444;-71.52065629;-1952178.571;2838882.286;D;False; ; ;0; ; ; ; ; ; 
TRACK;1.12.3-41;-16.49174879;-71.52117485;-1952168.989;2838823.857;D;False; ; ;0; ; ; ; ; ; 
TRACK;1.12.3-41;-16.49177425;-71.52120801;-1952171.559;2838819.765;D;False; ; ;0; ; ; ; ; ; 
TRACK;1.12.3-41;-16.49226603;-71.52100257;-1952231.926;2838836.588;D;False; ; ;0; ; ; ; ; ; 
TRACK;1.12.3-41;-16.49267312;-71.52089433;-1952281.113;2838843.508;D;False; ; ;0; ; ; ; ; ; 
TRACK;1.12.3-41;-16.49295177;-71.52022897;-1952322.273;2838915.25;D;False; ; ;0; ; ; ; ; ; 
TRACK;1.12.3-42; ; ;-1.516416327;20763369.87;D; ; ; ; ; ; ; ; ; ; 
TRACK;1.12.3-42;-16.49250293;-71.5189365;-1952285.929;2839067.614;D;False; ; ;0; ; ; ; ; ; 
TRACK;1.12.3-42;-16.49216095;-71.51979375;-1952234.898;2838974.957;D;False; ; ;0; ; ; ; ; ; 
TRACK;1.12.3-42;-16.49296875;-71.52017256;-1952324.982;2838921.42;D;False; ; ;0; ; ; ; ; ; 
TRACK;1.12.3-42;-16.49318623;-71.5196587;-1952357.038;2838976.796;D;False; ; ;0; ; ; ; ; ; 
TRACK;1.12.3-43; ; ;-1.516416327;20763369.87;D; ; ; ; ; ; ; ; ; ; 
TRACK;1.12.3-43;-16.49205477;-71.51985241;-1952221.683;2838969.704;D;False; ; ;0; ; ; ; ; ; 
TRACK;1.12.3-43;-16.49246578;-71.51885825;-1952282.557;2839076.97;D;False; ; ;0; ; ; ; ; ; 
TRACK;1.12.3-43;-16.49222166;-71.5187076;-1952255.792;2839097.248;D;False; ; ;0; ; ; ; ; ; 
TRACK;1.12.3-43;-16.49193054;-71.51911426;-1952216.444;2839054.986;D;False; ; ;0; ; ; ; ; ; 
TRACK;1.12.3-43;-16.49188281;-71.51940203;-1952207.191;2839023.002;D;False; ; ;0; ; ; ; ; ; 
TRACK;1.12.3-43;-16.49157209;-71.51989268;-1952164.478;2838971.479;D;False; ; ;0; ; ; ; ; ; 
TRACK;1.12.3-44; ; ;-1.516416327;20763369.87;D; ; ; ; ; ; ; ; ; ; 
TRACK;1.12.3-44;-16.49437729;-71.51718897;-1952528.238;2839241.034;D;False; ; ;0; ; ; ; ; ; 
TRACK;1.12.3-44;-16.49346968;-71.51932075;-1952394.615;2839011.372;D;False; ; ;0; ; ; ; ; ; 
TRACK;1.12.3-44;-16.49417985;-71.52004084;-1952468.906;2838920.441;D;False; ; ;0; ; ; ; ; ; 
TRACK;1.12.3-44;-16.49502398;-71.51811084;-1952592.516;2839128.069;D;False; ; ;0; ; ; ; ; ; 
TRACK;1.12.3-44;-16.49508989;-71.5171567;-1952612.349;2839235.329;D;False; ; ;0; ; ; ; ; ; 
TRACK;1.12.3-45; ; ;-1.516416327;20763369.87;D; ; ; ; ; ; ; ; ; ; 
TRACK;1.12.3-45;-16.49377888;-71.51721438;-1952457.625;2839246.014;D;False; ; ;0; ; ; ; ; ; 
TRACK;1.12.3-45;-16.49368902;-71.51720977;-1952447.129;2839247.717;D;False; ; ;0; ; ; ; ; ; 
TRACK;1.12.3-45;-16.49320137;-71.51723669;-1952389.509;2839251.072;D;False; ; ;0; ; ; ; ; ; 
TRACK;1.12.3-45;-16.49267457;-71.51849007;-1952311.747;2839115.952;D;False; ; ;0; ; ; ; ; ; 
TRACK;1.12.3-45;-16.49337566;-71.51920509;-1952385.036;2839025.714;D;False; ; ;0; ; ; ; ; ; 
TRACK;1.12.3-45;-16.49420929;-71.51719784;-1952508.391;2839242.236;D;False; ; ;0; ; ; ; ; ; 
TRACK;1.12.3-46; ; ;-1.516416327;20763369.87;D; ; ; ; ; ; ; ; ; ; 
TRACK;1.12.3-46;-16.49258934;-71.51744096;-1952315.03;2839235.962;D;False; ; ;0; ; ; ; ; ; 
TRACK;1.12.3-46;-16.49255055;-71.51772419;-1952306.884;2839204.375;D;False; ; ;0; ; ; ; ; ; 
TRACK;1.12.3-46;-16.49264082;-71.51787256;-1952315.608;2839186.374;D;False; ; ;0; ; ; ; ; ; 
TRACK;1.12.3-46;-16.49262797;-71.51803484;-1952312.042;2839168.153;D;False; ; ;0; ; ; ; ; ; 
TRACK;1.12.3-46;-16.49246719;-71.51834684;-1952289.203;2839134.907;D;False; ; ;0; ; ; ; ; ; 
TRACK;1.12.3-46;-16.49263912;-71.51845442;-1952308.035;2839120.457;D;False; ; ;0; ; ; ; ; ; 
TRACK;1.12.3-46;-16.49287188;-71.51782428;-1952343.36;2839188.81;D;False; ; ;0; ; ; ; ; ; 
TRACK;1.12.3-46;-16.49297126;-71.51738927;-1952360.546;2839236.804;D;False; ; ;0; ; ; ; ; ; 
TRACK;1.12.3-46;-16.49269983;-71.51734174;-1952329.266;2839245.755;D;False; ; ;0; ; ; ; ; ; 
TRACK;1.12.3-47; ; ;-1.516416327;20763369.87;D; ; ; ; ; ; ; ; ; ; 
TRACK;1.12.3-47;-16.4939099;-71.51691143;-1952476.855;2839278.626;D;False; ; ;0; ; ; ; ; ; 
TRACK;1.12.3-47;-16.49375768;-71.51642662;-1952465.119;2839335.566;D;False; ; ;0; ; ; ; ; ; 
TRACK;1.12.3-47;-16.49357414;-71.51591985;-1952449.983;2839395.408;D;False; ; ;0; ; ; ; ; ; 
TRACK;1.12.3-47;-16.49355951;-71.51610721;-1952445.89;2839374.367;D;False; ; ;0; ; ; ; ; ; 
TRACK;1.12.3-47;-16.49351792;-71.51691717;-1952430.74;2839283.124;D;False; ; ;0; ; ; ; ; ; 
TRACK;1.12.3-48; ; ;-1.516416327;20763369.87;D; ; ; ; ; ; ; ; ; ; 
TRACK;1.12.3-48;-16.49338833;-71.51542965;-1952434.37;2839453.402;D;False; ; ;0; ; ; ; ; ; 
TRACK;1.12.3-48;-16.49412652;-71.51688977;-1952502.574;2839278.235;D;False; ; ;0; ; ; ; ; ; 
TRACK;1.12.3-48;-16.49497367;-71.51686932;-1952602.34;2839269.424;D;False; ; ;0; ; ; ; ; ; 
TRACK;1.12.3-48;-16.49512514;-71.51554399;-1952636.931;2839417.627;D;False; ; ;0; ; ; ; ; ; 
TRACK;1.12.3-49; ; ;-1.516416327;20763369.87;D; ; ; ; ; ; ; ; ; ; 
TRACK;1.12.3-49;-16.49313916;-71.51405731;-1952422.496;2839612.199;D;False; ; ;0; ; ; ; ; ; 
TRACK;1.12.3-49;-16.49363424;-71.51537082;-1952464.001;2839456.838;D;False; ; ;0; ; ; ; ; ; 
TRACK;1.12.3-49;-16.4951292;-71.51544568;-1952638.653;2839428.715;D;False; ; ;0; ; ; ; ; ; 
TRACK;1.12.3-49;-16.49521562;-71.5142134;-1952664.425;2839567.229;D;False; ; ;0; ; ; ; ; ; 
TRACK;1.12.3-50; ; ;-1.516416327;20763369.87;D; ; ; ; ; ; ; ; ; ; 
TRACK;1.12.3-50;-16.49537072;-71.51157961;-1952716.033;2839863.671;D;False; ; ;0; ; ; ; ; ; 
TRACK;1.12.3-50;-16.4933441;-71.5114351;-1952479.808;2839906.678;D;False; ; ;0; ; ; ; ; ; 
TRACK;1.12.3-50;-16.49317386;-71.51394544;-1952427.99;2839624.421;D;False; ; ;0; ; ; ; ; ; 
TRACK;1.12.3-50;-16.49318211;-71.51397406;-1952428.596;2839621.069;D;False; ; ;0; ; ; ; ; ; 
TRACK;1.12.3-50;-16.49520385;-71.51410281;-1952664.445;2839579.916;D;False; ; ;0; ; ; ; ; ; 
TRACK;1.12.3-51; ; ;-1.516416327;20763369.87;D; ; ; ; ; ; ; ; ; ; 
TRACK;1.12.3-51;-16.49304972;-71.51394441;-1952413.421;2839626.168;D;False; ; ;0; ; ; ; ; ; 
TRACK;1.12.3-51;-16.49326897;-71.51142453;-1952471.117;2839908.863;D;False; ; ;0; ; ; ; ; ; 
TRACK;1.12.3-51;-16.49207253;-71.51124899;-1952332.803;2839944.478;D;False; ; ;0; ; ; ; ; ; 
TRACK;1.12.3-51;-16.49183262;-71.51192291;-1952296.078;2839871.254;D;False; ; ;0; ; ; ; ; ; 
TRACK;1.12.3-51;-16.49206137;-71.51274382;-1952312.544;2839775.215;D;False; ; ;0; ; ; ; ; ; 
TRACK;1.12.3-51;-16.49233172;-71.51353848;-1952334.228;2839681.605;D;False; ; ;0; ; ; ; ; ; 
TRACK;1.12.3-51;-16.49259372;-71.51391761;-1952360.197;2839635.196;D;False; ; ;0; ; ; ; ; ; 
TRACK;1.12.3-52; ; ;-1.516416327;20763369.87;D; ; ; ; ; ; ; ; ; ; 
TRACK;1.12.3-52;-16.49244723;-71.51395232;-1952342.55;2839633.188;D;False; ; ;0; ; ; ; ; ; 
TRACK;1.12.3-52;-16.49201918;-71.51392173;-1952292.657;2839642.277;D;False; ; ;0; ; ; ; ; ; 
TRACK;1.12.3-52;-16.49233778;-71.51451349;-1952322.582;2839571.029;D;False; ; ;0; ; ; ; ; ; 
TRACK;1.12.3-52;-16.49292937;-71.51504911;-1952385.283;2839502.557;D;False; ; ;0; ; ; ; ; ; 
TRACK;1.12.3-52;-16.49302141;-71.51499397;-1952396.792;2839507.596;D;False; ; ;0; ; ; ; ; ; 
TRACK;1.12.3-53; ; ;-1.516416327;20763369.87;D; ; ; ; ; ; ; ; ; ; 
TRACK;1.12.3-53;-16.49219143;-71.51348239;-1952318.459;2839689.804;D;False; ; ;0; ; ; ; ; ; 
TRACK;1.12.3-53;-16.49207349;-71.51317434;-1952308.51;2839726.265;D;False; ; ;0; ; ; ; ; ; 
TRACK;1.12.3-53;-16.49186965;-71.51314646;-1952284.92;2839732.103;D;False; ; ;0; ; ; ; ; ; 
TRACK;1.12.3-53;-16.4919487;-71.51340463;-1952290.933;2839701.806;D;False; ; ;0; ; ; ; ; ; 
TRACK;1.12.3-53;-16.49204098;-71.51371856;-1952297.794;2839665.016;D;False; ; ;0; ; ; ; ; ; 
TRACK;1.12.3-53;-16.49223363;-71.51390511;-1952318.058;2839641.343;D;False; ; ;0; ; ; ; ; ; 
TRACK;1.12.3-53;-16.49239438;-71.51390392;-1952336.956;2839639.366;D;False; ; ;0; ; ; ; ; ; 
TRACK;1.12.3-54; ; ;-1.516416327;20763369.87;D; ; ; ; ; ; ; ; ; ; 
TRACK;1.12.3-54;-16.49204408;-71.51311746;-1952305.776;2839733.098;D;False; ; ;0; ; ; ; ; ; 
TRACK;1.12.3-54;-16.49183952;-71.5124867;-1952289.743;2839807.269;D;False; ; ;0; ; ; ; ; ; 
TRACK;1.12.3-54;-16.49158294;-71.51236482;-1952261.148;2839824.452;D;False; ; ;0; ; ; ; ; ; 
TRACK;1.12.3-54;-16.49183425;-71.51307521;-1952281.665;2839740.642;D;False; ; ;0; ; ; ; ; ; 
TRACK;1.12.3-55; ; ;-1.516416327;20763369.87;D; ; ; ; ; ; ; ; ; ; 
TRACK;1.12.3-55;-16.49143993;-71.51194605;-1952249.659;2839873.79;D;False; ; ;0; ; ; ; ; ; 
TRACK;1.12.3-55;-16.4914689;-71.51216932;-1952250.232;2839848.107;D;False; ; ;0; ; ; ; ; ; 
TRACK;1.12.3-55;-16.49173822;-71.5123544;-1952279.521;2839823.593;D;False; ; ;0; ; ; ; ; ; 
TRACK;1.12.3-55;-16.49178863;-71.51230953;-1952286.011;2839828.016;D;False; ; ;0; ; ; ; ; ; 
TRACK;1.12.3-55;-16.49176011;-71.51198259;-1952286.804;2839865.442;D;False; ; ;0; ; ; ; ; ; 
TRACK;1.12.3-56; ; ;-1.516416327;20763369.87;D; ; ; ; ; ; ; ; ; ; 
TRACK;1.12.3-56;-16.49227277;-71.51020649;-1952369.539;2840059.994;D;False; ; ;0; ; ; ; ; ; 
TRACK;1.12.3-56;-16.49175622;-71.51129603;-1952295.05;2839943.303;D;False; ; ;0; ; ; ; ; ; 
TRACK;1.12.3-56;-16.49190076;-71.51139372;-1952310.791;2839930.331;D;False; ; ;0; ; ; ; ; ; 
TRACK;1.12.3-56;-16.49246172;-71.51028528;-1952390.735;2840048.582;D;False; ; ;0; ; ; ; ; ; 
TRACK;1.12.3-57; ; ;-1.516416327;20763369.87;D; ; ; ; ; ; ; ; ; ; 
TRACK;1.12.3-57;-16.49222098;-71.51011818;-1952364.575;2840070.682;D;False; ; ;0; ; ; ; ; ; 
TRACK;1.12.3-57;-16.49221566;-71.50983048;-1952367.598;2840103.358;D;False; ; ;0; ; ; ; ; ; 
TRACK;1.12.3-57;-16.49216579;-71.50958608;-1952364.837;2840131.711;D;False; ; ;0; ; ; ; ; ; 
TRACK;1.12.3-57;-16.49207532;-71.50958634;-1952354.208;2840132.871;D;False; ; ;0; ; ; ; ; ; 
TRACK;1.12.3-57;-16.49160088;-71.51035965;-1952288.673;2840051.464;D;False; ; ;0; ; ; ; ; ; 
TRACK;1.12.3-57;-16.4917417;-71.51099712;-1952297.133;2839977.369;D;False; ; ;0; ; ; ; ; ; 
TRACK;1.12.3-57;-16.49185855;-71.51096314;-1952311.291;2839979.685;D;False; ; ;0; ; ; ; ; ; 
TRACK;1.12.3-58; ; ;-1.516416327;20763369.87;D; ; ; ; ; ; ; ; ; ; 
TRACK;1.12.3-58;-16.49273653;-71.50868608;-1952443.291;2840226.21;D;False; ; ;0; ; ; ; ; ; 
TRACK;1.12.3-58;-16.49229161;-71.50962716;-1952379.097;2840125.402;D;False; ; ;0; ; ; ; ; ; 
TRACK;1.12.3-58;-16.49233386;-71.50987693;-1952380.893;2840096.541;D;False; ; ;0; ; ; ; ; ; 
TRACK;1.12.3-58;-16.49243435;-71.50994127;-1952391.882;2840087.929;D;False; ; ;0; ; ; ; ; ; 
TRACK;1.12.3-58;-16.49303147;-71.50855754;-1952479.567;2840236.902;D;False; ; ;0; ; ; ; ; ; 
TRACK;1.12.3-59; ; ;-1.516416327;20763369.87;D; ; ; ; ; ; ; ; ; ; 
TRACK;1.12.3-59;-16.49328164;-71.50870446;-1952507.09;2840216.963;D;False; ; ;0; ; ; ; ; ; 
TRACK;1.12.3-59;-16.49309512;-71.50861271;-1952486.344;2840229.813;D;False; ; ;0; ; ; ; ; ; 
TRACK;1.12.3-59;-16.49260184;-71.50973434;-1952414.18;2840109.179;D;False; ; ;0; ; ; ; ; ; 
TRACK;1.12.3-59;-16.49248061;-71.51011188;-1952395.153;2840067.985;D;False; ; ;0; ; ; ; ; ; 
TRACK;1.12.3-59;-16.4925095;-71.51030405;-1952396.11;2840045.826;D;False; ; ;0; ; ; ; ; ; 
TRACK;1.12.3-59;-16.49234372;-71.51065413;-1952372.199;2840008.33;D;False; ; ;0; ; ; ; ; ; 
TRACK;1.12.3-59;-16.49210361;-71.51117545;-1952337.385;2839952.403;D;False; ; ;0; ; ; ; ; ; 
TRACK;1.12.3-59;-16.49325278;-71.51133627;-1952470.334;2839919.078;D;False; ; ;0; ; ; ; ; ; 
TRACK;1.12.3-59;-16.4934427;-71.5092194;-1952519.481;2840156.488;D;False; ; ;0; ; ; ; ; ; 
TRACK;1.12.3-60; ; ;-1.516416327;20763369.87;D; ; ; ; ; ; ; ; ; ; 
TRACK;1.12.3-60;-16.4953579;-71.51146887;-1952715.931;2839876.389;D;False; ; ;0; ; ; ; ; ; 
TRACK;1.12.3-60;-16.49555282;-71.50890579;-1952771.326;2840164.297;D;False; ; ;0; ; ; ; ; ; 
TRACK;1.12.3-60;-16.49354498;-71.5087482;-1952537.469;2840208.546;D;False; ; ;0; ; ; ; ; ; 
TRACK;1.12.3-60;-16.49348375;-71.50975386;-1952517.527;2840095.378;D;False; ; ;0; ; ; ; ; ; 
TRACK;1.12.3-60;-16.49332447;-71.51133642;-1952478.753;2839918.12;D;False; ; ;0; ; ; ; ; ; 
TRACK;1.12.3-60;-16.49421642;-71.51140342;-1952582.676;2839898.807;D;False; ; ;0; ; ; ; ; ; 
TRACK;1.12.3-64; ; ;-1.516416327;20763369.87;D; ; ; ; ; ; ; ; ; ; 
TRACK;1.12.3-64;-16.49370403;-71.50727065;-1952574.887;2840373.908;D;False; ; ;0; ; ; ; ; ; 
TRACK;1.12.3-64;-16.49393302;-71.50675612;-1952608.311;2840429.211;D;False; ; ;0; ; ; ; ; ; 
TRACK;1.12.3-64;-16.49359949;-71.50657949;-1952571.372;2840453.613;D;False; ; ;0; ; ; ; ; ; 
TRACK;1.12.3-64;-16.49295501;-71.50798843;-1952477.8;2840302.405;D;False; ; ;0; ; ; ; ; ; 
TRACK;1.12.3-64;-16.49329546;-71.50813356;-1952515.952;2840281.483;D;False; ; ;0; ; ; ; ; ; 
TRACK;1.12.3-65; ; ;-1.516416327;20763369.87;D; ; ; ; ; ; ; ; ; ; 
TRACK;1.12.3-65;-16.49313101;-71.50710172;-1952509.718;2840400.584;D;False; ; ;0; ; ; ; ; ; 
TRACK;1.12.3-65;-16.49327624;-71.50716704;-1952525.949;2840391.273;D;False; ; ;0; ; ; ; ; ; 
TRACK;1.12.3-65;-16.49356556;-71.50654403;-1952567.835;2840458.078;D;False; ; ;0; ; ; ; ; ; 
TRACK;1.12.3-65;-16.49342799;-71.50648375;-1952552.44;2840466.717;D;False; ; ;0; ; ; ; ; ; 
TRACK;1.12.3-66; ; ;-1.516416327;20763369.87;D; ; ; ; ; ; ; ; ; ; 
TRACK;1.12.3-66;-16.49366839;-71.50540524;-1952594.357;2840585.788;D;False; ; ;0; ; ; ; ; ; 
TRACK;1.12.3-66;-16.49348087;-71.50550453;-1952571.069;2840577.001;D;False; ; ;0; ; ; ; ; ; 
TRACK;1.12.3-66;-16.49347495;-71.50631506;-1952560.096;2840485.219;D;False; ; ;0; ; ; ; ; ; 
TRACK;1.12.3-66;-16.49367446;-71.50630906;-1952583.607;2840483.276;D;False; ; ;0; ; ; ; ; ; 
TRACK;1.12.3-67; ; ;-1.516416327;20763369.87;D; ; ; ; ; ; ; ; ; ; 
TRACK;1.12.3-67;-16.49399573;-71.50671425;-1952616.208;2840433.132;D;False; ; ;0; ; ; ; ; ; 
TRACK;1.12.3-67;-16.49409617;-71.50647286;-1952631.068;2840459.169;D;False; ; ;0; ; ; ; ; ; 
TRACK;1.12.3-67;-16.49412729;-71.50607201;-1952639.806;2840504.189;D;False; ; ;0; ; ; ; ; ; 
TRACK;1.12.3-67;-16.49410802;-71.50540406;-1952646.014;2840580.143;D;False; ; ;0; ; ; ; ; ; 
TRACK;1.12.3-67;-16.49371081;-71.50538081;-1952599.649;2840587.999;D;False; ; ;0; ; ; ; ; ; 
TRACK;1.12.3-67;-16.49372414;-71.50625058;-1952590.185;2840489.25;D;False; ; ;0; ; ; ; ; ; 
TRACK;1.12.3-67;-16.49372941;-71.50633567;-1952589.725;2840479.537;D;False; ; ;0; ; ; ; ; ; 
TRACK;1.12.3-67;-16.49364361;-71.50653255;-1952577.149;2840458.352;D;False; ; ;0; ; ; ; ; ; 
TRACK;1.12.3-68; ; ;-1.516416327;20763369.87;D; ; ; ; ; ; ; ; ; ; 
TRACK;1.12.3-68;-16.49417956;-71.50608828;-1952645.741;2840501.659;D;False; ; ;0; ; ; ; ; ; 
TRACK;1.12.3-68;-16.49419056;-71.50645287;-1952642.409;2840460.194;D;False; ; ;0; ; ; ; ; ; 
TRACK;1.12.3-68;-16.49357004;-71.50776746;-1952552.848;2840319.364;D;False; ; ;0; ; ; ; ; ; 
TRACK;1.12.3-68;-16.49373786;-71.50779738;-1952572.183;2840313.768;D;False; ; ;0; ; ; ; ; ; 
TRACK;1.12.3-68;-16.49465908;-71.50771941;-1952681.384;2840310.497;D;False; ; ;0; ; ; ; ; ; 
TRACK;1.12.3-68;-16.49506188;-71.50764138;-1952729.69;2840314.046;D;False; ; ;0; ; ; ; ; ; 
TRACK;1.12.3-68;-16.49520521;-71.507599;-1952747.064;2840316.965;D;False; ; ;0; ; ; ; ; ; 
TRACK;1.12.3-68;-16.49546533;-71.50752105;-1952778.608;2840322.38;D;False; ; ;0; ; ; ; ; ; 
TRACK;1.12.3-68;-16.49566034;-71.50741007;-1952802.923;2840332.395;D;False; ; ;0; ; ; ; ; ; 
TRACK;1.12.3-68;-16.4956326;-71.50603934;-1952817.048;2840488.105;D;False; ; ;0; ; ; ; ; ; 
TRACK;1.12.3-71; ; ;-1.516416327;20763369.87;D; ; ; ; ; ; ; ; ; ; 
TRACK;1.12.3-71;-16.49426293;-71.50452378;-1952675.375;2840677.871;D;False; ; ;0; ; ; ; ; ; 
TRACK;1.12.3-71;-16.49408224;-71.5044734;-1952654.789;2840685.957;D;False; ; ;0; ; ; ; ; ; 
TRACK;1.12.3-71;-16.49373859;-71.50533339;-1952603.513;2840593.009;D;False; ; ;0; ; ; ; ; ; 
TRACK;1.12.3-71;-16.4940298;-71.5053461;-1952637.56;2840587.74;D;False; ; ;0; ; ; ; ; ; 
TRACK;1.12.3-71;-16.49404415;-71.50516197;-1952641.581;2840608.419;D;False; ; ;0; ; ; ; ; ; 
TRACK;1.12.3-72; ; ;-1.516416327;20763369.87;D; ; ; ; ; ; ; ; ; ; 
TRACK;1.12.3-72;-16.49428288;-71.50445288;-1952678.617;2840685.645;D;False; ; ;0; ; ; ; ; ; 
TRACK;1.12.3-72;-16.49446958;-71.5038651;-1952708.004;2840749.805;D;False; ; ;0; ; ; ; ; ; 
TRACK;1.12.3-72;-16.49442916;-71.50343831;-1952708.669;2840798.706;D;False; ; ;0; ; ; ; ; ; 
TRACK;1.12.3-72;-16.49402994;-71.50348778;-1952661.145;2840798.348;D;False; ; ;0; ; ; ; ; ; 
TRACK;1.12.3-72;-16.49406216;-71.50439071;-1952653.478;2840695.592;D;False; ; ;0; ; ; ; ; ; 
TRACK;1.12.3-75; ; ;-1.516416327;20763369.87;D; ; ; ; ; ; ; ; ; ; 
TRACK;1.12.3-75;-16.49442498;-71.50336491;-1952709.109;2840807.08;D;False; ; ;0; ; ; ; ; ; 
TRACK;1.12.3-75;-16.49427688;-71.50292076;-1952697.345;2840859.365;D;False; ; ;0; ; ; ; ; ; 
TRACK;1.12.3-75;-16.49412923;-71.50244299;-1952686.06;2840915.453;D;False; ; ;0; ; ; ; ; ; 
TRACK;1.12.3-75;-16.49384434;-71.50255057;-1952651.23;2840907.006;D;False; ; ;0; ; ; ; ; ; 
TRACK;1.12.3-75;-16.49392602;-71.50306739;-1952654.27;2840847.359;D;False; ; ;0; ; ; ; ; ; 
TRACK;1.12.3-75;-16.49404852;-71.50342311;-1952664.148;2840805.434;D;False; ; ;0; ; ; ; ; ; 
TRACK;1.12.3-76; ; ;-1.516416327;20763369.87;D; ; ; ; ; ; ; ; ; ; 
TRACK;1.12.3-76;-16.49337931;-71.5017796;-1952606.381;2841000.498;D;False; ; ;0; ; ; ; ; ; 
TRACK;1.12.3-76;-16.49380919;-71.50251009;-1952647.614;2840912.056;D;False; ; ;0; ; ; ; ; ; 
TRACK;1.12.3-76;-16.49410299;-71.50240288;-1952683.487;2840920.344;D;False; ; ;0; ; ; ; ; ; 
TRACK;1.12.3-76;-16.49366885;-71.50166176;-1952641.888;2841010.046;D;False; ; ;0; ; ; ; ; ; 
TRACK;1.12.3-77; ; ;-1.516416327;20763369.87;D; ; ; ; ; ; ; ; ; ; 
TRACK;1.12.3-77;-16.49377768;-71.50253402;-1952643.609;2840909.758;D;False; ; ;0; ; ; ; ; ; 
TRACK;1.12.3-77;-16.4933274;-71.50179813;-1952600.048;2840999.081;D;False; ; ;0; ; ; ; ; ; 
TRACK;1.12.3-77;-16.4931191;-71.50190528;-1952574.22;2840989.675;D;False; ; ;0; ; ; ; ; ; 
TRACK;1.12.3-77;-16.49365459;-71.50261388;-1952628.136;2840902.326;D;False; ; ;0; ; ; ; ; ; 
TRACK;1.12.3-78; ; ;-1.516416327;20763369.87;D; ; ; ; ; ; ; ; ; ; 
TRACK;1.12.3-78;-16.49315744;-71.50158709;-1952582.76;2841025.233;D;False; ; ;0; ; ; ; ; ; 
TRACK;1.12.3-78;-16.49298249;-71.50142749;-1952564.233;2841045.622;D;False; ; ;0; ; ; ; ; ; 
TRACK;1.12.3-78;-16.4928939;-71.5016345;-1952551.199;2841023.324;D;False; ; ;0; ; ; ; ; ; 
TRACK;1.12.3-78;-16.4928796;-71.50173215;-1952548.281;2841012.446;D;False; ; ;0; ; ; ; ; ; 
TRACK;1.12.3-78;-16.49297735;-71.50181985;-1952558.652;2841001.22;D;False; ; ;0; ; ; ; ; ; 
TRACK;1.12.3-78;-16.49304251;-71.5018714;-1952565.652;2840994.522;D;False; ; ;0; ; ; ; ; ; 
TRACK;1.12.3-78;-16.49318408;-71.50182434;-1952582.88;2840997.994;D;False; ; ;0; ; ; ; ; ; 
TRACK;1.12.3-78;-16.49332207;-71.50176494;-1952599.843;2841002.913;D;False; ; ;0; ; ; ; ; ; 
TRACK;1.12.3-79; ; ;-1.516416327;20763369.87;D; ; ; ; ; ; ; ; ; ; 
TRACK;1.12.3-79;-16.49362737;-71.50162657;-1952637.462;2841014.58;D;False; ; ;0; ; ; ; ; ; 
TRACK;1.12.3-79;-16.49322572;-71.50119885;-1952595.705;2841068.337;D;False; ; ;0; ; ; ; ; ; 
TRACK;1.12.3-79;-16.49313659;-71.50128647;-1952584.124;2841059.579;D;False; ; ;0; ; ; ; ; ; 
TRACK;1.12.3-79;-16.49300206;-71.50138962;-1952567.011;2841049.656;D;False; ; ;0; ; ; ; ; ; 
TRACK;1.12.3-79;-16.4933651;-71.50174097;-1952605.201;2841005.063;D;False; ; ;0; ; ; ; ; ; 
TRACK;1.12.3-80; ; ;-1.516416327;20763369.87;D; ; ; ; ; ; ; ; ; ; 
TRACK;1.12.3-80;-16.49561241;-71.5031559;-1952851.247;2840815.157;D;False; ; ;0; ; ; ; ; ; 
TRACK;1.12.3-80;-16.49563468;-71.50293356;-1952856.684;2840840.062;D;False; ; ;0; ; ; ; ; ; 
TRACK;1.12.3-80;-16.49561443;-71.50235695;-1952861.62;2840905.679;D;False; ; ;0; ; ; ; ; ; 
TRACK;1.12.3-80;-16.49427826;-71.50268018;-1952700.559;2840886.612;D;False; ; ;0; ; ; ; ; ; 
TRACK;1.12.3-80;-16.49451406;-71.5033369;-1952719.929;2840809.083;D;False; ; ;0; ; ; ; ; ; 
TRACK;1.12.4-1; ; ;-1.516416327;20763369.87;D; ; ; ; ; ; ; ; ; ; 
TRACK;1.12.4-1;-16.49730288;-71.49981388;-1953092.227;2841171.691;D;False; ; ;0; ; ; ; ; ; 
TRACK;1.12.4-1;-16.4974874;-71.50063143;-1953103.53;2841076.608;D;False; ; ;0; ; ; ; ; ; 
TRACK;1.12.4-1;-16.49773856;-71.50054433;-1953134.14;2841083.177;D;False; ; ;0; ; ; ; ; ; 
TRACK;1.12.4-1;-16.49773061;-71.49965855;-1953144.445;2841183.67;D;False; ; ;0; ; ; ; ; ; 
TRACK;1.12.4-2; ; ;-1.516416327;20763369.87;D; ; ; ; ; ; ; ; ; ; 
TRACK;1.12.4-2;-16.49723012;-71.49982579;-1953083.528;2841171.298;D;False; ; ;0; ; ; ; ; ; 
TRACK;1.12.4-2;-16.49688086;-71.49991929;-1953041.314;2841165.294;D;False; ; ;0; ; ; ; ; ; 
TRACK;1.12.4-2;-16.49698049;-71.50031971;-1953047.938;2841118.603;D;False; ; ;0; ; ; ; ; ; 
TRACK;1.12.4-2;-16.49715738;-71.50041951;-1953067.451;2841104.966;D;False; ; ;0; ; ; ; ; ; 
TRACK;1.12.4-2;-16.49726095;-71.50053922;-1953078.098;2841090.037;D;False; ; ;0; ; ; ; ; ; 
TRACK;1.12.4-2;-16.49736685;-71.50068028;-1953088.749;2841072.658;D;False; ; ;0; ; ; ; ; ; 
TRACK;1.12.4-2;-16.49743485;-71.50064928;-1953097.131;2841075.276;D;False; ; ;0; ; ; ; ; ; 
TRACK;1.12.4-3; ; ;-1.516416327;20763369.87;D; ; ; ; ; ; ; ; ; ; 
TRACK;1.12.4-3;-16.49724195;-71.50065019;-1953074.458;2841077.711;D;False; ; ;0; ; ; ; ; ; 
TRACK;1.12.4-3;-16.49717759;-71.50052981;-1953068.425;2841092.2;D;False; ; ;0; ; ; ; ; ; 
TRACK;1.12.4-3;-16.49709999;-71.50043778;-1953060.478;2841103.65;D;False; ; ;0; ; ; ; ; ; 
TRACK;1.12.4-3;-16.49682421;-71.50032025;-1953029.572;2841120.597;D;False; ; ;0; ; ; ; ; ; 
TRACK;1.12.4-3;-16.49663325;-71.50038575;-1953006.308;2841115.685;D;False; ; ;0; ; ; ; ; ; 
TRACK;1.12.4-3;-16.49675954;-71.50081933;-1953015.643;2841064.885;D;False; ; ;0; ; ; ; ; ; 
TRACK;1.12.4-5; ; ;-1.516416327;20763369.87;D; ; ; ; ; ; ; ; ; ; 
TRACK;1.12.4-5;-16.49710177;-71.49936924;-1953074.243;2841224.729;D;False; ; ;0; ; ; ; ; ; 
TRACK;1.12.4-5;-16.49637602;-71.4995804;-1952986.309;2841210.342;D;False; ; ;0; ; ; ; ; ; 
TRACK;1.12.4-5;-16.49649795;-71.49997555;-1952995.618;2841163.954;D;False; ; ;0; ; ; ; ; ; 
TRACK;1.12.4-5;-16.49720641;-71.49974484;-1953081.771;2841180.785;D;False; ; ;0; ; ; ; ; ; 
TRACK;1.12.4-6; ; ;-1.516416327;20763369.87;D; ; ; ; ; ; ; ; ; ; 
TRACK;1.12.4-6;-16.49767352;-71.49918239;-1953143.779;2841238.386;D;False; ; ;0; ; ; ; ; ; 
TRACK;1.12.4-6;-16.49716865;-71.49936151;-1953082.198;2841224.726;D;False; ; ;0; ; ; ; ; ; 
TRACK;1.12.4-6;-16.49729049;-71.49972225;-1953091.934;2841182.239;D;False; ; ;0; ; ; ; ; ; 
TRACK;1.12.4-6;-16.49778766;-71.49955744;-1953152.429;2841194.378;D;False; ; ;0; ; ; ; ; ; 
TRACK;1.12.4-7; ; ;-1.516416327;20763369.87;D; ; ; ; ; ; ; ; ; ; 
TRACK;1.12.4-7;-16.49768696;-71.49884814;-1953149.599;2841276.091;D;False; ; ;0; ; ; ; ; ; 
TRACK;1.12.4-7;-16.49769904;-71.49871828;-1953152.666;2841290.649;D;False; ; ;0; ; ; ; ; ; 
TRACK;1.12.4-7;-16.49767495;-71.49853944;-1953152.105;2841311.235;D;False; ; ;0; ; ; ; ; ; 
TRACK;1.12.4-7;-16.49670926;-71.49888155;-1953034.323;2841285.163;D;False; ; ;0; ; ; ; ; ; 
TRACK;1.12.4-7;-16.49685079;-71.49930039;-1953045.634;2841235.832;D;False; ; ;0; ; ; ; ; ; 
TRACK;1.12.4-7;-16.49769898;-71.4989868;-1953149.252;2841260.218;D;False; ; ;0; ; ; ; ; ; 
TRACK;1.12.4-8; ; ;-1.516416327;20763369.87;D; ; ; ; ; ; ; ; ; ; 
TRACK;1.12.4-8;-16.49678067;-71.4993239;-1953037.098;2841234.09;D;False; ; ;0; ; ; ; ; ; 
TRACK;1.12.4-8;-16.49665421;-71.49891205;-1953027.469;2841282.431;D;False; ; ;0; ; ; ; ; ; 
TRACK;1.12.4-8;-16.49601711;-71.49914833;-1952949.628;2841264.031;D;False; ; ;0; ; ; ; ; ; 
TRACK;1.12.4-8;-16.49615935;-71.4995437;-1952961.322;2841217.35;D;False; ; ;0; ; ; ; ; ; 
TRACK;1.12.4-9; ; ;-1.516416327;20763369.87;D; ; ; ; ; ; ; ; ; ; 
TRACK;1.12.4-9;-16.49731048;-71.49809231;-1953114.964;2841366.705;D;False; ; ;0; ; ; ; ; ; 
TRACK;1.12.4-9;-16.49745628;-71.49854546;-1953126.342;2841313.429;D;False; ; ;0; ; ; ; ; ; 
TRACK;1.12.4-9;-16.49769199;-71.49846264;-1953155.082;2841319.715;D;False; ; ;0; ; ; ; ; ; 
TRACK;1.12.4-9;-16.49762613;-71.497952;-1953153.825;2841378.454;D;False; ; ;0; ; ; ; ; ; 
TRACK;1.12.4-10; ; ;-1.516416327;20763369.87;D; ; ; ; ; ; ; ; ; ; 
TRACK;1.12.4-10;-16.49739245;-71.49854547;-1953118.843;2841314.267;D;False; ; ;0; ; ; ; ; ; 
TRACK;1.12.4-10;-16.4972455;-71.49810256;-1953107.201;2841366.397;D;False; ; ;0; ; ; ; ; ; 
TRACK;1.12.4-10;-16.49692356;-71.49822109;-1953067.877;2841357.198;D;False; ; ;0; ; ; ; ; ; 
TRACK;1.12.4-10;-16.4970636;-71.49867936;-1953078.513;2841303.418;D;False; ; ;0; ; ; ; ; ; 
TRACK;1.12.4-11; ; ;-1.516416327;20763369.87;D; ; ; ; ; ; ; ; ; ; 
TRACK;1.12.4-11;-16.49702011;-71.49868047;-1953073.39;2841303.864;D;False; ; ;0; ; ; ; ; ; 
TRACK;1.12.4-11;-16.49687686;-71.49823028;-1953062.274;2841356.771;D;False; ; ;0; ; ; ; ; ; 
TRACK;1.12.4-11;-16.49651909;-71.49835076;-1953018.718;2841347.821;D;False; ; ;0; ; ; ; ; ; 
TRACK;1.12.4-11;-16.49667643;-71.4988027;-1953031.466;2841294.532;D;False; ; ;0; ; ; ; ; ; 
TRACK;1.12.4-12; ; ;-1.516416327;20763369.87;D; ; ; ; ; ; ; ; ; ; 
TRACK;1.12.4-12;-16.49661992;-71.49882389;-1953024.559;2841292.873;D;False; ; ;0; ; ; ; ; ; 
TRACK;1.12.4-12;-16.49646739;-71.49841602;-1953011.816;2841341.105;D;False; ; ;0; ; ; ; ; ; 
TRACK;1.12.4-12;-16.49608521;-71.49841345;-1952966.953;2841346.423;D;False; ; ;0; ; ; ; ; ; 
TRACK;1.12.4-12;-16.49625675;-71.49894798;-1952980.322;2841283.585;D;False; ; ;0; ; ; ; ; ; 
TRACK;1.12.4-14; ; ;-1.516416327;20763369.87;D; ; ; ; ; ; ; ; ; ; 
TRACK;1.12.4-14;-16.49561091;-71.49869494;-1952907.664;2841320.758;D;False; ; ;0; ; ; ; ; ; 
TRACK;1.12.4-14;-16.49472936;-71.49902643;-1952799.9;2841294.781;D;False; ; ;0; ; ; ; ; ; 
TRACK;1.12.4-14;-16.49526925;-71.49982115;-1952853.24;2841197.61;D;False; ; ;0; ; ; ; ; ; 
TRACK;1.12.4-14;-16.49606047;-71.49951699;-1952950.045;2841221.678;D;False; ; ;0; ; ; ; ; ; 
TRACK;1.12.4-14;-16.49591795;-71.49916694;-1952937.744;2841263.225;D;False; ; ;0; ; ; ; ; ; 
TRACK;1.12.4-16; ; ;-1.516416327;20763369.87;D; ; ; ; ; ; ; ; ; ; 
TRACK;1.12.4-16;-16.49468626;-71.49853704;-1952801.045;2841350.813;D;False; ; ;0; ; ; ; ; ; 
TRACK;1.12.4-16;-16.49451565;-71.4986783;-1952779.211;2841337.047;D;False; ; ;0; ; ; ; ; ; 
TRACK;1.12.4-16;-16.49473478;-71.49898026;-1952801.123;2841299.942;D;False; ; ;0; ; ; ; ; ; 
TRACK;1.12.4-16;-16.49507334;-71.4988524;-1952842.516;2841309.981;D;False; ; ;0; ; ; ; ; ; 
TRACK;1.12.4-17; ; ;-1.516416327;20763369.87;D; ; ; ; ; ; ; ; ; ; 
TRACK;1.12.4-17;-16.49486355;-71.49812831;-1952827.058;2841394.806;D;False; ; ;0; ; ; ; ; ; 
TRACK;1.12.4-17;-16.49468783;-71.49838272;-1952803.188;2841368.283;D;False; ; ;0; ; ; ; ; ; 
TRACK;1.12.4-17;-16.49468457;-71.49846017;-1952801.822;2841359.548;D;False; ; ;0; ; ; ; ; ; 
TRACK;1.12.4-17;-16.49516081;-71.49882602;-1952853.126;2841311.82;D;False; ; ;0; ; ; ; ; ; 
TRACK;1.12.4-17;-16.49558339;-71.49866456;-1952904.816;2841324.563;D;False; ; ;0; ; ; ; ; ; 
TRACK;1.12.4-18; ; ;-1.516416327;20763369.87;D; ; ; ; ; ; ; ; ; ; 
TRACK;1.12.4-18;-16.49430041;-71.49770252;-1952766.306;2841450.469;D;False; ; ;0; ; ; ; ; ; 
TRACK;1.12.4-18;-16.49407883;-71.49801292;-1952736.338;2841418.203;D;False; ; ;0; ; ; ; ; ; 
TRACK;1.12.4-18;-16.49445267;-71.49831124;-1952776.47;2841379.476;D;False; ; ;0; ; ; ; ; ; 
TRACK;1.12.4-18;-16.49469276;-71.49827196;-1952805.172;2841380.771;D;False; ; ;0; ; ; ; ; ; 
TRACK;1.12.4-18;-16.49482593;-71.49809495;-1952823.062;2841399.081;D;False; ; ;0; ; ; ; ; ; 
TRACK;1.12.4-19; ; ;-1.516416327;20763369.87;D; ; ; ; ; ; ; ; ; ; 
TRACK;1.12.4-19;-16.49501963;-71.49795584;-1952847.582;2841412.3;D;False; ; ;0; ; ; ; ; ; 
TRACK;1.12.4-19;-16.49495794;-71.49804855;-1952839.158;2841402.604;D;False; ; ;0; ; ; ; ; ; 
TRACK;1.12.4-19;-16.4952908;-71.49834789;-1952874.462;2841364.301;D;False; ; ;0; ; ; ; ; ; 
TRACK;1.12.4-19;-16.49557585;-71.49837042;-1952907.662;2841357.998;D;False; ; ;0; ; ; ; ; ; 
TRACK;1.12.4-19;-16.49558375;-71.49797065;-1952913.662;2841403.203;D;False; ; ;0; ; ; ; ; ; 
TRACK;1.12.4-20; ; ;-1.516416327;20763369.87;D; ; ; ; ; ; ; ; ; ; 
TRACK;1.12.4-20;-16.49602015;-71.49836198;-1952959.963;2841353.112;D;False; ; ;0; ; ; ; ; ; 
TRACK;1.12.4-20;-16.49602441;-71.49798274;-1952965.276;2841396.037;D;False; ; ;0; ; ; ; ; ; 
TRACK;1.12.4-20;-16.49565824;-71.49796648;-1952922.467;2841402.696;D;False; ; ;0; ; ; ; ; ; 
TRACK;1.12.4-20;-16.4956299;-71.49836249;-1952914.112;2841358.186;D;False; ; ;0; ; ; ; ; ; 
TRACK;1.12.4-21; ; ;-1.516416327;20763369.87;D; ; ; ; ; ; ; ; ; ; 
TRACK;1.12.4-21;-16.49646037;-71.49835733;-1953011.736;2841347.85;D;False; ; ;0; ; ; ; ; ; 
TRACK;1.12.4-21;-16.49646361;-71.49797983;-1953016.907;2841390.591;D;False; ; ;0; ; ; ; ; ; 
TRACK;1.12.4-21;-16.49609297;-71.49797805;-1952973.388;2841395.667;D;False; ; ;0; ; ; ; ; ; 
TRACK;1.12.4-21;-16.49608934;-71.49836405;-1952968.065;2841351.967;D;False; ; ;0; ; ; ; ; ; 
TRACK;1.12.4-25; ; ;-1.516416327;20763369.87;D; ; ; ; ; ; ; ; ; ; 
TRACK;1.12.4-25;-16.49719806;-71.49790715;-1953104.107;2841389.168;D;False; ; ;0; ; ; ; ; ; 
TRACK;1.12.4-25;-16.49732168;-71.4978116;-1953119.842;2841398.372;D;False; ; ;0; ; ; ; ; ; 
TRACK;1.12.4-25;-16.49731282;-71.49748091;-1953122.998;2841435.967;D;False; ; ;0; ; ; ; ; ; 
TRACK;1.12.4-25;-16.49715629;-71.49752811;-1953104.011;2841432.676;D;False; ; ;0; ; ; ; ; ; 
TRACK;1.12.4-25;-16.49697071;-71.49754083;-1953082.048;2841433.676;D;False; ; ;0; ; ; ; ; ; 
TRACK;1.12.4-25;-16.49697085;-71.49791411;-1953077.328;2841391.368;D;False; ; ;0; ; ; ; ; ; 
TRACK;1.12.4-26; ; ;-1.516416327;20763369.87;D; ; ; ; ; ; ; ; ; ; 
TRACK;1.12.4-26;-16.49689414;-71.49790927;-1953068.377;2841392.925;D;False; ; ;0; ; ; ; ; ; 
TRACK;1.12.4-26;-16.49690105;-71.4975401;-1953073.874;2841434.675;D;False; ; ;0; ; ; ; ; ; 
TRACK;1.12.4-26;-16.49654578;-71.49753963;-1953032.145;2841439.401;D;False; ; ;0; ; ; ; ; ; 
TRACK;1.12.4-26;-16.4965337;-71.4978928;-1953026.244;2841399.533;D;False; ; ;0; ; ; ; ; ; 
TRACK;1.12.4-27; ; ;-1.516416327;20763369.87;D; ; ; ; ; ; ; ; ; ; 
TRACK;1.12.4-27;-16.49646216;-71.49788388;-1953017.953;2841401.485;D;False; ; ;0; ; ; ; ; ; 
TRACK;1.12.4-27;-16.49647144;-71.49753957;-1953023.413;2841440.385;D;False; ; ;0; ; ; ; ; ; 
TRACK;1.12.4-27;-16.49611697;-71.49753686;-1952981.807;2841445.354;D;False; ; ;0; ; ; ; ; ; 
TRACK;1.12.4-27;-16.49611362;-71.49786513;-1952977.248;2841408.193;D;False; ; ;0; ; ; ; ; ; 
TRACK;1.12.4-28; ; ;-1.516416327;20763369.87;D; ; ; ; ; ; ; ; ; ; 
TRACK;1.12.4-28;-16.49603202;-71.49790448;-1952967.162;2841404.807;D;False; ; ;0; ; ; ; ; ; 
TRACK;1.12.4-28;-16.49603195;-71.49752599;-1952971.957;2841447.704;D;False; ; ;0; ; ; ; ; ; 
TRACK;1.12.4-28;-16.49567123;-71.49752386;-1952929.609;2841452.69;D;False; ; ;0; ; ; ; ; ; 
TRACK;1.12.4-28;-16.4956713;-71.49789799;-1952924.87;2841410.287;D;False; ; ;0; ; ; ; ; ; 
TRACK;1.12.4-29; ; ;-1.516416327;20763369.87;D; ; ; ; ; ; ; ; ; ; 
TRACK;1.12.4-29;-16.49558113;-71.49788586;-1952914.431;2841412.848;D;False; ; ;0; ; ; ; ; ; 
TRACK;1.12.4-29;-16.49558315;-71.497514;-1952919.386;2841454.966;D;False; ; ;0; ; ; ; ; ; 
TRACK;1.12.4-29;-16.49526505;-71.49750518;-1952882.13;2841460.149;D;False; ; ;0; ; ; ; ; ; 
TRACK;1.12.4-29;-16.49526992;-71.49788627;-1952877.867;2841416.894;D;False; ; ;0; ; ; ; ; ; 
TRACK;1.12.4-30; ; ;-1.516416327;20763369.87;D; ; ; ; ; ; ; ; ; ; 
TRACK;1.12.4-30;-16.4952272;-71.49789759;-1952872.705;2841416.173;D;False; ; ;0; ; ; ; ; ; 
TRACK;1.12.4-30;-16.49521489;-71.49748027;-1952876.554;2841463.632;D;False; ; ;0; ; ; ; ; ; 
TRACK;1.12.4-30;-16.49488074;-71.49761446;-1952835.597;2841452.818;D;False; ; ;0; ; ; ; ; ; 
TRACK;1.12.4-30;-16.49494313;-71.49790033;-1952839.3;2841419.598;D;False; ; ;0; ; ; ; ; ; 
TRACK;1.12.4-31; ; ;-1.516416327;20763369.87;D; ; ; ; ; ; ; ; ; ; 
TRACK;1.12.4-31;-16.49486708;-71.49793773;-1952829.891;2841416.359;D;False; ; ;0; ; ; ; ; ; 
TRACK;1.12.4-31;-16.49479182;-71.49764575;-1952824.755;2841450.441;D;False; ; ;0; ; ; ; ; ; 
TRACK;1.12.4-31;-16.49453059;-71.49777639;-1952792.409;2841439.07;D;False; ; ;0; ; ; ; ; ; 
TRACK;1.12.4-31;-16.49478476;-71.49797553;-1952819.741;2841413.158;D;False; ; ;0; ; ; ; ; ; 
TRACK;1.12.4-32; ; ;-1.516416327;20763369.87;D; ; ; ; ; ; ; ; ; ; 
TRACK;1.12.4-32;-16.49463618;-71.49723758;-1952811.65;2841498.749;D;False; ; ;0; ; ; ; ; ; 
TRACK;1.12.4-32;-16.49429991;-71.49739736;-1952770.119;2841485.062;D;False; ; ;0; ; ; ; ; ; 
TRACK;1.12.4-32;-16.49440591;-71.49765437;-1952779.311;2841454.539;D;False; ; ;0; ; ; ; ; ; 
TRACK;1.12.4-32;-16.49449002;-71.49772506;-1952788.294;2841445.421;D;False; ; ;0; ; ; ; ; ; 
TRACK;1.12.4-32;-16.4947798;-71.49758496;-1952824.113;2841457.488;D;False; ; ;0; ; ; ; ; ; 
TRACK;1.12.4-33; ; ;-1.516416327;20763369.87;D; ; ; ; ; ; ; ; ; ; 
TRACK;1.12.4-33;-16.49505104;-71.4970395;-1952862.899;2841515.742;D;False; ; ;0; ; ; ; ; ; 
TRACK;1.12.4-33;-16.49474353;-71.49720209;-1952824.71;2841501.359;D;False; ; ;0; ; ; ; ; ; 
TRACK;1.12.4-33;-16.49486975;-71.49756004;-1952834.997;2841459.131;D;False; ; ;0; ; ; ; ; ; 
TRACK;1.12.4-33;-16.49520259;-71.49740031;-1952876.124;2841472.857;D;False; ; ;0; ; ; ; ; ; 
TRACK;1.12.4-34; ; ;-1.516416327;20763369.87;D; ; ; ; ; ; ; ; ; ; 
TRACK;1.12.4-34;-16.49562345;-71.49720614;-1952928.027;2841489.327;D;False; ; ;0; ; ; ; ; ; 
TRACK;1.12.4-34;-16.49557437;-71.49678465;-1952927.61;2841537.743;D;False; ; ;0; ; ; ; ; ; 
TRACK;1.12.4-34;-16.49512743;-71.49700616;-1952872.295;2841518.516;D;False; ; ;0; ; ; ; ; ; 
TRACK;1.12.4-34;-16.49527603;-71.4973709;-1952885.124;2841475.224;D;False; ; ;0; ; ; ; ; ; 
TRACK;1.12.4-35; ; ;-1.516416327;20763369.87;D; ; ; ; ; ; ; ; ; ; 
TRACK;1.12.4-35;-16.4954444;-71.49676582;-1952912.58;2841541.587;D;False; ; ;0; ; ; ; ; ; 
TRACK;1.12.4-35;-16.49528788;-71.49643586;-1952898.381;2841581.042;D;False; ; ;0; ; ; ; ; ; 
TRACK;1.12.4-35;-16.49494432;-71.49659802;-1952855.963;2841567.182;D;False; ; ;0; ; ; ; ; ; 
TRACK;1.12.4-35;-16.49510181;-71.49694802;-1952870.023;2841525.443;D;False; ; ;0; ; ; ; ; ; 
TRACK;1.12.4-36; ; ;-1.516416327;20763369.87;D; ; ; ; ; ; ; ; ; ; 
TRACK;1.12.4-36;-16.49502495;-71.49697011;-1952860.713;2841523.951;D;False; ; ;0; ; ; ; ; ; 
TRACK;1.12.4-36;-16.49487792;-71.49663648;-1952847.675;2841563.697;D;False; ; ;0; ; ; ; ; ; 
TRACK;1.12.4-36;-16.4945595;-71.49678345;-1952808.404;2841551.227;D;False; ; ;0; ; ; ; ; ; 
TRACK;1.12.4-36;-16.49471611;-71.49713637;-1952822.324;2841509.169;D;False; ; ;0; ; ; ; ; ; 
TRACK;1.12.4-37; ; ;-1.516416327;20763369.87;D; ; ; ; ; ; ; ; ; ; 
TRACK;1.12.4-37;-16.49460653;-71.49717048;-1952809.018;2841506.743;D;False; ; ;0; ; ; ; ; ; 
TRACK;1.12.4-37;-16.49444979;-71.4968194;-1952795.059;2841548.595;D;False; ; ;0; ; ; ; ; ; 
TRACK;1.12.4-37;-16.49409853;-71.49697462;-1952751.826;2841535.622;D;False; ; ;0; ; ; ; ; ; 
TRACK;1.12.4-37;-16.49425257;-71.49734284;-1952765.25;2841491.864;D;False; ; ;0; ; ; ; ; ; 
TRACK;1.12.4-38; ; ;-1.516416327;20763369.87;D; ; ; ; ; ; ; ; ; ; 
TRACK;1.12.4-38;-16.49441497;-71.49677328;-1952791.554;2841554.281;D;False; ; ;0; ; ; ; ; ; 
TRACK;1.12.4-38;-16.49426112;-71.49641333;-1952778.048;2841597.1;D;False; ; ;0; ; ; ; ; ; 
TRACK;1.12.4-38;-16.49392513;-71.49657989;-1952736.464;2841582.642;D;False; ; ;0; ; ; ; ; ; 
TRACK;1.12.4-38;-16.49408512;-71.4969177;-1952750.973;2841542.25;D;False; ; ;0; ; ; ; ; ; 
TRACK;1.12.4-39; ; ;-1.516416327;20763369.87;D; ; ; ; ; ; ; ; ; ; 
TRACK;1.12.4-39;-16.49486266;-71.49656165;-1952846.831;2841572.379;D;False; ; ;0; ; ; ; ; ; 
TRACK;1.12.4-39;-16.49471125;-71.49622578;-1952833.307;2841612.436;D;False; ; ;0; ; ; ; ; ; 
TRACK;1.12.4-39;-16.49437591;-71.49635954;-1952792.216;2841601.687;D;False; ; ;0; ; ; ; ; ; 
TRACK;1.12.4-39;-16.49453194;-71.49671489;-1952806.037;2841559.361;D;False; ; ;0; ; ; ; ; ; 
TRACK;1.12.4-40; ; ;-1.516416327;20763369.87;D; ; ; ; ; ; ; ; ; ; 
TRACK;1.12.4-40;-16.49426512;-71.49633734;-1952779.482;2841605.66;D;False; ; ;0; ; ; ; ; ; 
TRACK;1.12.4-40;-16.49421211;-71.49603784;-1952777.055;2841640.302;D;False; ; ;0; ; ; ; ; ; 
TRACK;1.12.4-40;-16.49378648;-71.49623725;-1952724.524;2841623.299;D;False; ; ;0; ; ; ; ; ; 
TRACK;1.12.4-40;-16.49390791;-71.49652166;-1952735.18;2841589.468;D;False; ; ;0; ; ; ; ; ; 
TRACK;1.12.4-41; ; ;-1.516416327;20763369.87;D; ; ; ; ; ; ; ; ; ; 
TRACK;1.12.4-41;-16.49373854;-71.49633053;-1952717.709;2841613.357;D;False; ; ;0; ; ; ; ; ; 
TRACK;1.12.4-41;-16.49368887;-71.49627339;-1952712.598;2841620.486;D;False; ; ;0; ; ; ; ; ; 
TRACK;1.12.4-41;-16.49335847;-71.49647932;-1952671.172;2841601.492;D;False; ; ;0; ; ; ; ; ; 
TRACK;1.12.4-41;-16.49356239;-71.49672905;-1952691.959;2841570.506;D;False; ; ;0; ; ; ; ; ; 
TRACK;1.12.4-41;-16.4938197;-71.4965337;-1952724.664;2841589.263;D;False; ; ;0; ; ; ; ; ; 
TRACK;1.12.4-42; ; ;-1.516416327;20763369.87;D; ; ; ; ; ; ; ; ; ; 
TRACK;1.12.4-42;-16.49329115;-71.49649978;-1952663.004;2841600.058;D;False; ; ;0; ; ; ; ; ; 
TRACK;1.12.4-42;-16.49298852;-71.49670342;-1952624.869;2841580.957;D;False; ; ;0; ; ; ; ; ; 
TRACK;1.12.4-42;-16.4932424;-71.497003;-1952650.892;2841543.665;D;False; ; ;0; ; ; ; ; ; 
TRACK;1.12.4-42;-16.49352167;-71.49677082;-1952686.645;2841566.307;D;False; ; ;0; ; ; ; ; ; 
TRACK;1.12.4-43; ; ;-1.516416327;20763369.87;D; ; ; ; ; ; ; ; ; ; 
TRACK;1.12.4-43;-16.4931055;-71.49693616;-1952635.658;2841553.041;D;False; ; ;0; ; ; ; ; ; 
TRACK;1.12.4-43;-16.49295954;-71.49676249;-1952620.714;2841574.644;D;False; ; ;0; ; ; ; ; ; 
TRACK;1.12.4-43;-16.49286449;-71.4968811;-1952608.045;2841562.451;D;False; ; ;0; ; ; ; ; ; 
TRACK;1.12.4-43;-16.49284543;-71.49696637;-1952604.723;2841553.037;D;False; ; ;0; ; ; ; ; ; 
TRACK;1.12.4-43;-16.49286296;-71.49705195;-1952605.697;2841543.107;D;False; ; ;0; ; ; ; ; ; 
TRACK;1.12.4-43;-16.49308489;-71.49708368;-1952631.366;2841536.592;D;False; ; ;0; ; ; ; ; ; 
TRACK;1.12.4-46; ; ;-1.516416327;20763369.87;D; ; ; ; ; ; ; ; ; ; 
TRACK;1.12.4-46;-16.49460874;-71.49583252;-1952826.254;2841658.356;D;False; ; ;0; ; ; ; ; ; 
TRACK;1.12.4-46;-16.49459425;-71.49511621;-1952833.641;2841739.732;D;False; ; ;0; ; ; ; ; ; 
TRACK;1.12.4-46;-16.4943461;-71.49511198;-1952804.543;2841743.476;D;False; ; ;0; ; ; ; ; ; 
TRACK;1.12.4-46;-16.49431812;-71.49592965;-1952790.882;2841651.17;D;False; ; ;0; ; ; ; ; ; 
TRACK;1.12.4-47; ; ;-1.516416327;20763369.87;D; ; ; ; ; ; ; ; ; ; 
TRACK;1.12.4-47;-16.49460488;-71.49505292;-1952835.694;2841746.766;D;False; ; ;0; ; ; ; ; ; 
TRACK;1.12.4-47;-16.49460881;-71.4947513;-1952839.983;2841780.9;D;False; ; ;0; ; ; ; ; ; 
TRACK;1.12.4-47;-16.49437041;-71.49474639;-1952812.039;2841784.592;D;False; ; ;0; ; ; ; ; ; 
TRACK;1.12.4-47;-16.49435486;-71.49505891;-1952806.246;2841749.376;D;False; ; ;0; ; ; ; ; ; 
TRACK;1.12.4-48; ; ;-1.516416327;20763369.87;D; ; ; ; ; ; ; ; ; ; 
TRACK;1.12.4-48;-16.49457062;-71.49439864;-1952839.972;2841821.372;D;False; ; ;0; ; ; ; ; ; 
TRACK;1.12.4-48;-16.49438243;-71.49440907;-1952817.732;2841822.666;D;False; ; ;0; ; ; ; ; ; 
TRACK;1.12.4-48;-16.4943622;-71.49468498;-1952811.853;2841791.66;D;False; ; ;0; ; ; ; ; ; 
TRACK;1.12.4-48;-16.49458119;-71.49468914;-1952837.527;2841788.308;D;False; ; ;0; ; ; ; ; ; 
TRACK;1.12.4-49; ; ;-1.516416327;20763369.87;D; ; ; ; ; ; ; ; ; ; 
TRACK;1.12.4-49;-16.49456223;-71.49433893;-1952839.744;2841828.25;D;False; ; ;0; ; ; ; ; ; 
TRACK;1.12.4-49;-16.49455994;-71.49407007;-1952842.887;2841858.753;D;False; ; ;0; ; ; ; ; ; 
TRACK;1.12.4-49;-16.4945452;-71.49403769;-1952841.566;2841862.617;D;False; ; ;0; ; ; ; ; ; 
TRACK;1.12.4-49;-16.4943859;-71.49404286;-1952822.787;2841864.127;D;False; ; ;0; ; ; ; ; ; 
TRACK;1.12.4-49;-16.4943599;-71.49435271;-1952815.799;2841829.349;D;False; ; ;0; ; ; ; ; ; 
TRACK;1.12.4-50; ; ;-1.516416327;20763369.87;D; ; ; ; ; ; ; ; ; ; 
TRACK;1.12.4-50;-16.49439756;-71.49369051;-1952828.627;2841903.908;D;False; ; ;0; ; ; ; ; ; 
TRACK;1.12.4-50;-16.49439179;-71.49397917;-1952824.287;2841871.268;D;False; ; ;0; ; ; ; ; ; 
TRACK;1.12.4-50;-16.49454516;-71.49397986;-1952842.295;2841869.171;D;False; ; ;0; ; ; ; ; ; 
TRACK;1.12.4-50;-16.49458279;-71.49393278;-1952847.314;2841874.013;D;False; ; ;0; ; ; ; ; ; 
TRACK;1.12.4-50;-16.49458458;-71.49367814;-1952850.755;2841902.85;D;False; ; ;0; ; ; ; ; ; 
TRACK;1.12.4-56; ; ;-1.516416327;20763369.87;D; ; ; ; ; ; ; ; ; ; 
TRACK;1.12.4-56;-16.4948567;-71.49315747;-1952889.33;2841958.284;D;False; ; ;0; ; ; ; ; ; 
TRACK;1.12.4-56;-16.49454185;-71.49320425;-1952851.749;2841957.123;D;False; ; ;0; ; ; ; ; ; 
TRACK;1.12.4-56;-16.49462004;-71.49360959;-1952855.79;2841910.153;D;False; ; ;0; ; ; ; ; ; 
TRACK;1.12.4-56;-16.49504326;-71.49359075;-1952905.748;2841906.722;D;False; ; ;0; ; ; ; ; ; 
TRACK;1.12.4-56;-16.49497851;-71.49332856;-1952901.469;2841937.29;D;False; ; ;0; ; ; ; ; ; 
TRACK;1.12.4-57; ; ;-1.516416327;20763369.87;D; ; ; ; ; ; ; ; ; ; 
TRACK;1.12.4-57;-16.49463126;-71.49367261;-1952856.308;2841902.863;D;False; ; ;0; ; ; ; ; ; 
TRACK;1.12.4-57;-16.49463822;-71.49397619;-1952853.274;2841868.363;D;False; ; ;0; ; ; ; ; ; 
TRACK;1.12.4-57;-16.49512023;-71.49397329;-1952909.936;2841862.351;D;False; ; ;0; ; ; ; ; ; 
TRACK;1.12.4-57;-16.49509402;-71.49378947;-1952909.189;2841883.531;D;False; ; ;0; ; ; ; ; ; 
TRACK;1.12.4-57;-16.49505787;-71.49366999;-1952906.459;2841897.548;D;False; ; ;0; ; ; ; ; ; 
TRACK;1.12.4-58; ; ;-1.516416327;20763369.87;D; ; ; ; ; ; ; ; ; ; 
TRACK;1.12.4-58;-16.49465044;-71.49404397;-1952853.85;2841860.521;D;False; ; ;0; ; ; ; ; ; 
TRACK;1.12.4-58;-16.49468375;-71.49434406;-1952853.954;2841826.071;D;False; ; ;0; ; ; ; ; ; 
TRACK;1.12.4-58;-16.49518506;-71.49430818;-1952913.302;2841823.543;D;False; ; ;0; ; ; ; ; ; 
TRACK;1.12.4-58;-16.49513724;-71.49402608;-1952911.264;2841856.145;D;False; ; ;0; ; ; ; ; ; 
TRACK;1.12.4-59; ; ;-1.516416327;20763369.87;D; ; ; ; ; ; ; ; ; ; 
TRACK;1.12.4-59;-16.4951587;-71.49504235;-1952900.888;2841740.679;D;False; ; ;0; ; ; ; ; ; 
TRACK;1.12.4-59;-16.49520141;-71.49473964;-1952909.747;2841774.427;D;False; ; ;0; ; ; ; ; ; 
TRACK;1.12.4-59;-16.4947461;-71.49474853;-1952856.146;2841779.408;D;False; ; ;0; ; ; ; ; ; 
TRACK;1.12.4-59;-16.49474005;-71.49504893;-1952851.623;2841745.441;D;False; ; ;0; ; ; ; ; ; 
TRACK;1.12.4-60; ; ;-1.516416327;20763369.87;D; ; ; ; ; ; ; ; ; ; 
TRACK;1.12.4-60;-16.49502106;-71.49569898;-1952876.386;2841668.069;D;False; ; ;0; ; ; ; ; ; 
TRACK;1.12.4-60;-16.49507068;-71.49543652;-1952885.546;2841697.162;D;False; ; ;0; ; ; ; ; ; 
TRACK;1.12.4-60;-16.49512004;-71.49510619;-1952895.536;2841733.952;D;False; ; ;0; ; ; ; ; ; 
TRACK;1.12.4-60;-16.49472274;-71.49511496;-1952848.751;2841738.184;D;False; ; ;0; ; ; ; ; ; 
TRACK;1.12.4-60;-16.49467809;-71.49579754;-1952834.845;2841661.409;D;False; ; ;0; ; ; ; ; ; 
TRACK;1.12.4-61; ; ;-1.516416327;20763369.87;D; ; ; ; ; ; ; ; ; ; 
TRACK;1.12.4-61;-16.49506571;-71.49578053;-1952880.597;2841658.239;D;False; ; ;0; ; ; ; ; ; 
TRACK;1.12.4-61;-16.49485741;-71.49582883;-1952855.514;2841655.504;D;False; ; ;0; ; ; ; ; ; 
TRACK;1.12.4-61;-16.49465729;-71.49589464;-1952831.169;2841650.677;D;False; ; ;0; ; ; ; ; ; 
TRACK;1.12.4-61;-16.49473987;-71.49612074;-1952838.001;2841623.965;D;False; ; ;0; ; ; ; ; ; 
TRACK;1.12.4-61;-16.49511874;-71.49595745;-1952884.582;2841637.489;D;False; ; ;0; ; ; ; ; ; 
TRACK;1.12.4-62; ; ;-1.516416327;20763369.87;D; ; ; ; ; ; ; ; ; ; 
TRACK;1.12.4-62;-16.49526591;-71.49637947;-1952896.515;2841587.722;D;False; ; ;0; ; ; ; ; ; 
TRACK;1.12.4-62;-16.49515174;-71.49600887;-1952887.805;2841631.227;D;False; ; ;0; ; ; ; ; ; 
TRACK;1.12.4-62;-16.49477701;-71.49618603;-1952841.536;2841616.077;D;False; ; ;0; ; ; ; ; ; 
TRACK;1.12.4-62;-16.49492321;-71.49655475;-1952854.032;2841572.364;D;False; ; ;0; ; ; ; ; ; 
TRACK;1.12.4-63; ; ;-1.516416327;20763369.87;D; ; ; ; ; ; ; ; ; ; 
TRACK;1.12.4-63;-16.49553141;-71.49578026;-1952935.308;2841652.144;D;False; ; ;0; ; ; ; ; ; 
TRACK;1.12.4-63;-16.49519183;-71.49591925;-1952893.653;2841640.858;D;False; ; ;0; ; ; ; ; ; 
TRACK;1.12.4-63;-16.49521682;-71.49607955;-1952894.554;2841622.361;D;False; ; ;0; ; ; ; ; ; 
TRACK;1.12.4-63;-16.49533176;-71.4963345;-1952904.821;2841591.953;D;False; ; ;0; ; ; ; ; ; 
TRACK;1.12.4-63;-16.49569829;-71.4961728;-1952949.932;2841605.459;D;False; ; ;0; ; ; ; ; ; 
TRACK;1.12.4-66; ; ;-1.516416327;20763369.87;D; ; ; ; ; ; ; ; ; ; 
TRACK;1.12.4-66;-16.49648634;-71.49656639;-1953037.512;2841550.486;D;False; ; ;0; ; ; ; ; ; 
TRACK;1.12.4-66;-16.49612131;-71.49652078;-1952995.21;2841560.456;D;False; ; ;0; ; ; ; ; ; 
TRACK;1.12.4-66;-16.49610803;-71.49689753;-1952988.869;2841517.931;D;False; ; ;0; ; ; ; ; ; 
TRACK;1.12.4-66;-16.49649501;-71.49692673;-1953033.958;2841509.532;D;False; ; ;0; ; ; ; ; ; 
TRACK;1.12.4-68; ; ;-1.516416327;20763369.87;D; ; ; ; ; ; ; ; ; ; 
TRACK;1.12.4-68;-16.49658003;-71.49690471;-1953044.226;2841510.91;D;False; ; ;0; ; ; ; ; ; 
TRACK;1.12.4-68;-16.49667379;-71.496971;-1953054.398;2841502.163;D;False; ; ;0; ; ; ; ; ; 
TRACK;1.12.4-68;-16.49677146;-71.49699364;-1953065.584;2841498.312;D;False; ; ;0; ; ; ; ; ; 
TRACK;1.12.4-68;-16.49691983;-71.49694513;-1953083.63;2841501.859;D;False; ; ;0; ; ; ; ; ; 
TRACK;1.12.4-68;-16.4969096;-71.49658009;-1953087.061;2841543.366;D;False; ; ;0; ; ; ; ; ; 
TRACK;1.12.4-68;-16.496549;-71.49656938;-1953044.836;2841549.323;D;False; ; ;0; ; ; ; ; ; 
TRACK;1.12.4-68;-16.49654534;-71.49683939;-1953040.979;2841518.769;D;False; ; ;0; ; ; ; ; ; 
TRACK;1.12.4-69; ; ;-1.516416327;20763369.87;D; ; ; ; ; ; ; ; ; ; 
TRACK;1.12.4-69;-16.49690743;-71.49744855;-1953075.786;2841444.966;D;False; ; ;0; ; ; ; ; ; 
TRACK;1.12.4-69;-16.4969166;-71.4970399;-1953082.048;2841491.16;D;False; ; ;0; ; ; ; ; ; 
TRACK;1.12.4-69;-16.49676072;-71.49704926;-1953063.617;2841492.15;D;False; ; ;0; ; ; ; ; ; 
TRACK;1.12.4-69;-16.49653954;-71.49703419;-1953037.826;2841496.768;D;False; ; ;0; ; ; ; ; ; 
TRACK;1.12.4-69;-16.49653339;-71.49742198;-1953032.183;2841452.898;D;False; ; ;0; ; ; ; ; ; 
TRACK;1.12.4-70; ; ;-1.516416327;20763369.87;D; ; ; ; ; ; ; ; ; ; 
TRACK;1.12.4-70;-16.49697506;-71.49696712;-1953089.839;2841498.641;D;False; ; ;0; ; ; ; ; ; 
TRACK;1.12.4-70;-16.49696077;-71.49744992;-1953082.035;2841444.11;D;False; ; ;0; ; ; ; ; ; 
TRACK;1.12.4-70;-16.49704689;-71.49744856;-1953092.169;2841443.131;D;False; ; ;0; ; ; ; ; ; 
TRACK;1.12.4-70;-16.49709266;-71.49742918;-1953097.791;2841444.726;D;False; ; ;0; ; ; ; ; ; 
TRACK;1.12.4-70;-16.49712322;-71.49738609;-1953101.928;2841449.208;D;False; ; ;0; ; ; ; ; ; 
TRACK;1.12.4-70;-16.49714421;-71.49730448;-1953105.429;2841458.181;D;False; ; ;0; ; ; ; ; ; 
TRACK;1.12.4-70;-16.49717611;-71.49708796;-1953111.924;2841482.3;D;False; ; ;0; ; ; ; ; ; 
TRACK;1.12.4-70;-16.49718593;-71.49694329;-1953114.914;2841498.567;D;False; ; ;0; ; ; ; ; ; 
TRACK;1.12.4-70;-16.49719866;-71.496898;-1953116.984;2841503.533;D;False; ; ;0; ; ; ; ; ; 
TRACK;1.12.4-71; ; ;-1.516416327;20763369.87;D; ; ; ; ; ; ; ; ; ; 
TRACK;1.12.4-71;-16.49735578;-71.4969103;-1953135.286;2841500.072;D;False; ; ;0; ; ; ; ; ; 
TRACK;1.12.4-71;-16.4972719;-71.49694715;-1953124.963;2841496.999;D;False; ; ;0; ; ; ; ; ; 
TRACK;1.12.4-71;-16.49724547;-71.49703094;-1953120.795;2841487.85;D;False; ; ;0; ; ; ; ; ; 
TRACK;1.12.4-71;-16.4972033;-71.49729927;-1953112.437;2841457.994;D;False; ; ;0; ; ; ; ; ; 
TRACK;1.12.4-71;-16.49718562;-71.49745046;-1953108.441;2841441.091;D;False; ; ;0; ; ; ; ; ; 
TRACK;1.12.4-71;-16.49749285;-71.49741084;-1953145.036;2841441.541;D;False; ; ;0; ; ; ; ; ; 
TRACK;1.12.4-72; ; ;-1.516416327;20763369.87;D; ; ; ; ; ; ; ; ; ; 
TRACK;1.12.4-72;-16.49772163;-71.49702696;-1953176.782;2841482.039;D;False; ; ;0; ; ; ; ; ; 
TRACK;1.12.4-72;-16.49756574;-71.49657476;-1953164.207;2841535.339;D;False; ; ;0; ; ; ; ; ; 
TRACK;1.12.4-72;-16.49733226;-71.49675538;-1953134.488;2841517.94;D;False; ; ;0; ; ; ; ; ; 
TRACK;1.12.4-72;-16.49751158;-71.49728763;-1953148.8;2841455.258;D;False; ; ;0; ; ; ; ; ; 
TRACK;1.12.4-73; ; ;-1.516416327;20763369.87;D; ; ; ; ; ; ; ; ; ; 
TRACK;1.12.4-73;-16.49727671;-71.49662064;-1953129.673;2841533.941;D;False; ; ;0; ; ; ; ; ; 
TRACK;1.12.4-73;-16.49715929;-71.49622503;-1953120.899;2841580.323;D;False; ; ;0; ; ; ; ; ; 
TRACK;1.12.4-73;-16.49696619;-71.49642986;-1953095.615;2841559.648;D;False; ; ;0; ; ; ; ; ; 
TRACK;1.12.4-73;-16.49697715;-71.4968935;-1953091.019;2841506.956;D;False; ; ;0; ; ; ; ; ; 
TRACK;1.12.4-74; ; ;-1.516416327;20763369.87;D; ; ; ; ; ; ; ; ; ; 
TRACK;1.12.4-74;-16.49750075;-71.49601133;-1953163.723;2841600.051;D;False; ; ;0; ; ; ; ; ; 
TRACK;1.12.4-74;-16.49719041;-71.49620251;-1953124.841;2841582.466;D;False; ; ;0; ; ; ; ; ; 
TRACK;1.12.4-74;-16.49732003;-71.49659714;-1953135.059;2841536.034;D;False; ; ;0; ; ; ; ; ; 
TRACK;1.12.4-74;-16.49761951;-71.49636966;-1953173.127;2841557.877;D;False; ; ;0; ; ; ; ; ; 
TRACK;1.12.4-75; ; ;-1.516416327;20763369.87;D; ; ; ; ; ; ; ; ; ; 
TRACK;1.12.4-75;-16.49820463;-71.49623673;-1953243.551;2841565.246;D;False; ; ;0; ; ; ; ; ; 
TRACK;1.12.4-75;-16.49835776;-71.49590102;-1953265.801;2841601.279;D;False; ; ;0; ; ; ; ; ; 
TRACK;1.12.4-75;-16.49819638;-71.49583309;-1953247.704;2841611.101;D;False; ; ;0; ; ; ; ; ; 
TRACK;1.12.4-75;-16.49800583;-71.4958234;-1953225.443;2841614.706;D;False; ; ;0; ; ; ; ; ; 
TRACK;1.12.4-75;-16.49780118;-71.49626663;-1953195.777;2841567.164;D;False; ; ;0; ; ; ; ; ; 
TRACK;1.12.4-75;-16.49797562;-71.49629155;-1953215.952;2841562.045;D;False; ; ;0; ; ; ; ; ; 
TRACK;1.12.4-75;-16.49814118;-71.49636251;-1953234.5;2841551.826;D;False; ; ;0; ; ; ; ; ; 
TRACK;1.12.4-76; ; ;-1.516416327;20763369.87;D; ; ; ; ; ; ; ; ; ; 
TRACK;1.12.4-76;-16.49701739;-71.49630726;-1953103.186;2841572.87;D;False; ; ;0; ; ; ; ; ; 
TRACK;1.12.4-76;-16.4971435;-71.49617943;-1953119.622;2841585.698;D;False; ; ;0; ; ; ; ; ; 
TRACK;1.12.4-76;-16.49702853;-71.49583361;-1953110.505;2841626.405;D;False; ; ;0; ; ; ; ; ; 
TRACK;1.12.4-76;-16.49678103;-71.49613748;-1953077.574;2841595.221;D;False; ; ;0; ; ; ; ; ; 
TRACK;1.12.4-76;-16.4968734;-71.4964402;-1953084.583;2841559.697;D;False; ; ;0; ; ; ; ; ; 
TRACK;1.12.4-77; ; ;-1.516416327;20763369.87;D; ; ; ; ; ; ; ; ; ; 
TRACK;1.12.4-77;-16.49737315;-71.49554581;-1953154.642;2841654.489;D;False; ; ;0; ; ; ; ; ; 
TRACK;1.12.4-77;-16.49707202;-71.49575248;-1953116.644;2841635.027;D;False; ; ;0; ; ; ; ; ; 
TRACK;1.12.4-77;-16.49718225;-71.49615309;-1953124.509;2841588.175;D;False; ; ;0; ; ; ; ; ; 
TRACK;1.12.4-77;-16.49749721;-71.49596127;-1953163.943;2841605.771;D;False; ; ;0; ; ; ; ; ; 
TRACK;1.12.4-78; ; ;-1.516416327;20763369.87;D; ; ; ; ; ; ; ; ; ; 
TRACK;1.12.4-78;-16.49778038;-71.49537376;-1953204.665;2841668.632;D;False; ; ;0; ; ; ; ; ; 
TRACK;1.12.4-78;-16.49743087;-71.49549651;-1953162.049;2841659.318;D;False; ; ;0; ; ; ; ; ; 
TRACK;1.12.4-78;-16.4975429;-71.49592647;-1953169.753;2841609.114;D;False; ; ;0; ; ; ; ; ; 
TRACK;1.12.4-78;-16.49789689;-71.49579622;-1953212.99;2841619.22;D;False; ; ;0; ; ; ; ; ; 
TRACK;1.12.4-82; ; ;-1.516416327;20763369.87;D; ; ; ; ; ; ; ; ; ; 
TRACK;1.12.4-82;-16.4992963;-71.49493309;-1953388.34;2841698.633;D;False; ; ;0; ; ; ; ; ; 
TRACK;1.12.4-82;-16.49903155;-71.4951985;-1953353.87;2841672.036;D;False; ; ;0; ; ; ; ; ; 
TRACK;1.12.4-82;-16.49936968;-71.49537208;-1953391.388;2841647.914;D;False; ; ;0; ; ; ; ; ; 
TRACK;1.12.4-82;-16.49959945;-71.49508468;-1953422.028;2841677.464;D;False; ; ;0; ; ; ; ; ; 
TRACK;1.12.4-83; ; ;-1.516416327;20763369.87;D; ; ; ; ; ; ; ; ; ; 
TRACK;1.12.4-83;-16.49985322;-71.4956237;-1953444.999;2841613.036;D;False; ; ;0; ; ; ; ; ; 
TRACK;1.12.4-83;-16.50004682;-71.49534752;-1953471.247;2841641.789;D;False; ; ;0; ; ; ; ; ; 
TRACK;1.12.4-83;-16.49965711;-71.49509088;-1953428.724;2841676.003;D;False; ; ;0; ; ; ; ; ; 
TRACK;1.12.4-83;-16.49942085;-71.49542926;-1953396.674;2841640.761;D;False; ; ;0; ; ; ; ; ; 
TRACK;1.12.4-84; ; ;-1.516416327;20763369.87;D; ; ; ; ; ; ; ; ; ; 
TRACK;1.12.4-84;-16.49915969;-71.49581902;-1953361.047;2841600.024;D;False; ; ;0; ; ; ; ; ; 
TRACK;1.12.4-84;-16.49925736;-71.49560196;-1953375.277;2841623.339;D;False; ; ;0; ; ; ; ; ; 
TRACK;1.12.4-84;-16.49931644;-71.49543724;-1953384.307;2841641.231;D;False; ; ;0; ; ; ; ; ; 
TRACK;1.12.4-84;-16.49899333;-71.49527044;-1953348.468;2841664.385;D;False; ; ;0; ; ; ; ; ; 
TRACK;1.12.4-84;-16.49890343;-71.4953314;-1953337.132;2841658.659;D;False; ; ;0; ; ; ; ; ; 
TRACK;1.12.4-84;-16.49857066;-71.49542651;-1953296.833;2841652.257;D;False; ; ;0; ; ; ; ; ; 
TRACK;1.12.4-84;-16.4984618;-71.49545755;-1953283.651;2841650.171;D;False; ; ;0; ; ; ; ; ; 
TRACK;1.12.4-84;-16.49854389;-71.49553578;-1953292.301;2841640.225;D;False; ; ;0; ; ; ; ; ; 
TRACK;1.12.4-85; ; ;-1.516416327;20763369.87;D; ; ; ; ; ; ; ; ; ; 
TRACK;1.12.4-85;-16.49966108;-71.49600236;-1953417.621;2841572.648;D;False; ; ;0; ; ; ; ; ; 
TRACK;1.12.4-85;-16.49981815;-71.49567534;-1953440.224;2841607.645;D;False; ; ;0; ; ; ; ; ; 
TRACK;1.12.4-85;-16.49939623;-71.49547965;-1953393.142;2841635.374;D;False; ; ;0; ; ; ; ; ; 
TRACK;1.12.4-85;-16.49922107;-71.49585163;-1953367.844;2841595.519;D;False; ; ;0; ; ; ; ; ; 
TRACK;1.12.4-87; ; ;-1.516416327;20763369.87;D; ; ; ; ; ; ; ; ; ; 
TRACK;1.12.4-87;-16.49920947;-71.49589206;-1953365.969;2841591.09;D;False; ; ;0; ; ; ; ; ; 
TRACK;1.12.4-87;-16.49914988;-71.49609569;-1953356.383;2841568.796;D;False; ; ;0; ; ; ; ; ; 
TRACK;1.12.4-87;-16.49917661;-71.4963459;-1953356.348;2841540.087;D;False; ; ;0; ; ; ; ; ; 
TRACK;1.12.4-87;-16.49948964;-71.49642875;-1953392.07;2841526.579;D;False; ; ;0; ; ; ; ; ; 
TRACK;1.12.4-87;-16.49957885;-71.49627332;-1953404.521;2841543.021;D;False; ; ;0; ; ; ; ; ; 
TRACK;1.12.4-87;-16.49964927;-71.4960495;-1953415.635;2841567.46;D;False; ; ;0; ; ; ; ; ; 
TRACK;1.12.4-88; ; ;-1.516416327;20763369.87;D; ; ; ; ; ; ; ; ; ; 
TRACK;1.12.4-88;-16.49838658;-71.49593076;-1953268.808;2841597.53;D;False; ; ;0; ; ; ; ; ; 
TRACK;1.12.4-88;-16.49816485;-71.49641005;-1953236.678;2841546.126;D;False; ; ;0; ; ; ; ; ; 
TRACK;1.12.4-88;-16.49834897;-71.49660611;-1953255.819;2841521.483;D;False; ; ;0; ; ; ; ; ; 
TRACK;1.12.4-88;-16.49847561;-71.49670485;-1953269.443;2841508.627;D;False; ; ;0; ; ; ; ; ; 
TRACK;1.12.4-88;-16.49869715;-71.49619298;-1953301.965;2841563.725;D;False; ; ;0; ; ; ; ; ; 
TRACK;1.12.4-89; ; ;-1.516416327;20763369.87;D; ; ; ; ; ; ; ; ; ; 
TRACK;1.12.4-89;-16.49867001;-71.49681394;-1953290.895;2841493.705;D;False; ; ;0; ; ; ; ; ; 
TRACK;1.12.4-89;-16.49881966;-71.49677801;-1953308.932;2841495.809;D;False; ; ;0; ; ; ; ; ; 
TRACK;1.12.4-89;-16.49890514;-71.49672754;-1953319.614;2841500.404;D;False; ; ;0; ; ; ; ; ; 
TRACK;1.12.4-89;-16.49906166;-71.49638585;-1953342.337;2841537.072;D;False; ; ;0; ; ; ; ; ; 
TRACK;1.12.4-89;-16.49874535;-71.49621509;-1953307.347;2841560.586;D;False; ; ;0; ; ; ; ; ; 
TRACK;1.12.4-89;-16.49849898;-71.496719;-1953272.009;2841506.716;D;False; ; ;0; ; ; ; ; ; 
TRACK;1.12.4-91; ; ;-1.516416327;20763369.87;D; ; ; ; ; ; ; ; ; ; 
TRACK;1.12.4-91;-16.49879556;-71.49699194;-1953303.386;2841471.88;D;False; ; ;0; ; ; ; ; ; 
TRACK;1.12.4-91;-16.49847528;-71.49683701;-1953267.727;2841493.653;D;False; ; ;0; ; ; ; ; ; 
TRACK;1.12.4-91;-16.49821783;-71.4973542;-1953230.92;2841438.424;D;False; ; ;0; ; ; ; ; ; 
TRACK;1.12.4-91;-16.49857249;-71.49746944;-1953271.121;2841420.698;D;False; ; ;0; ; ; ; ; ; 
TRACK;1.12.4-93; ; ;-1.516416327;20763369.87;D; ; ; ; ; ; ; ; ; ; 
TRACK;1.12.4-93;-16.49869376;-71.49780219;-1953281.143;2841381.391;D;False; ; ;0; ; ; ; ; ; 
TRACK;1.12.4-93;-16.49900122;-71.49769971;-1953318.563;2841388.96;D;False; ; ;0; ; ; ; ; ; 
TRACK;1.12.4-93;-16.49894552;-71.49743599;-1953315.366;2841419.582;D;False; ; ;0; ; ; ; ; ; 
TRACK;1.12.4-93;-16.49879432;-71.49751613;-1953296.588;2841412.488;D;False; ; ;0; ; ; ; ; ; 
TRACK;1.12.4-93;-16.49850623;-71.49751773;-1953262.724;2841416.097;D;False; ; ;0; ; ; ; ; ; 
TRACK;1.12.4-93;-16.49815389;-71.4974128;-1953222.665;2841432.623;D;False; ; ;0; ; ; ; ; ; 
TRACK;1.12.4-93;-16.49809626;-71.4976673;-1953212.665;2841404.538;D;False; ; ;0; ; ; ; ; ; 
TRACK;1.12.4-93;-16.49840585;-71.49776667;-1953247.773;2841389.203;D;False; ; ;0; ; ; ; ; ; 
TRACK;1.12.1-7; ; ;-1.516416327;20763369.87;NA; ; ; ; ; ; ; ; ; ; 
TRACK;1.12.1-7;-16.50246483;-71.50492472;-1953633.755;2840524.59;NA;False; ; ;0; ; ; ; ; ; 
TRACK;1.12.1-7;-16.50530248;-71.50399238;-1953978.919;2840592.925;NA;False; ; ;0; ; ; ; ; ; 
TRACK;1.12.1-7;-16.50427642;-71.50057428;-1953901.768;2840993.786;NA;False; ; ;0; ; ; ; ; ; 
TRACK;1.12.1-7;-16.50126899;-71.50147472;-1953537.057;2840931.301;NA;False; ; ;0; ; ; ; ; ; 
TRACK;1.12.1-7;-16.50222204;-71.50496196;-1953604.763;2840523.563;NA;False; ; ;0; ; ; ; ; ; 
TRACK;1.12.1-8; ; ;-1.516416327;20763369.87;NA; ; ; ; ; ; ; ; ; ; 
TRACK;1.12.1-8;-16.50028059;-71.49806858;-1953464.173;2841330.326;NA;False; ; ;0; ; ; ; ; ; 
TRACK;1.12.1-8;-16.50120662;-71.50135857;-1953531.204;2840945.286;NA;False; ; ;0; ; ; ; ; ; 
TRACK;1.12.1-8;-16.50423333;-71.50044224;-1953898.382;2841009.317;NA;False; ; ;0; ; ; ; ; ; 
TRACK;1.12.1-8;-16.50312299;-71.49678543;-1953814.364;2841438.352;NA;False; ; ;0; ; ; ; ; ; 
TRACK;1.12.1-9; ; ;-1.516416327;20763369.87;NA; ; ; ; ; ; ; ; ; ; 
TRACK;1.12.1-9;-16.5063454;-71.49624887;-1954199.723;2841456.756;NA;False; ; ;0; ; ; ; ; ; 
TRACK;1.12.1-9;-16.50367653;-71.49663177;-1953881.341;2841448.483;NA;False; ; ;0; ; ; ; ; ; 
TRACK;1.12.1-9;-16.50325198;-71.49676063;-1953829.832;2841439.466;NA;False; ; ;0; ; ; ; ; ; 
TRACK;1.12.1-9;-16.50436554;-71.50041773;-1953914.224;2841010.356;NA;False; ; ;0; ; ; ; ; ; 
TRACK;1.12.1-9;-16.50724534;-71.49939787;-1954265.462;2841088.042;NA;False; ; ;0; ; ; ; ; ; 
TRACK;1.12.1-10; ; ;-1.516416327;20763369.87;NA; ; ; ; ; ; ; ; ; ; 
TRACK;1.12.1-10;-16.50729705;-71.49954978;-1954269.607;2841070.145;NA;False; ; ;0; ; ; ; ; ; 
TRACK;1.12.1-10;-16.50439888;-71.50054707;-1953916.499;2840995.258;NA;False; ; ;0; ; ; ; ; ; 
TRACK;1.12.1-10;-16.50544603;-71.50398861;-1953995.829;2840591.464;NA;False; ; ;0; ; ; ; ; ; 
TRACK;1.12.1-10;-16.50835233;-71.50313427;-1954348.069;2840650.048;NA;False; ; ;0; ; ; ; ; ; 
TRACK;1.12.1-11; ; ;-1.516416327;20763369.87;NA; ; ; ; ; ; ; ; ; ; 
TRACK;1.12.1-11;-16.51134485;-71.50199787;-1954714.021;2840739.449;NA;False; ; ;0; ; ; ; ; ; 
TRACK;1.12.1-11;-16.51014932;-71.49859295;-1954616.813;2841141.043;NA;False; ; ;0; ; ; ; ; ; 
TRACK;1.12.1-11;-16.5074234;-71.49952463;-1954284.769;2841071.333;NA;False; ; ;0; ; ; ; ; ; 
TRACK;1.12.1-11;-16.5085065;-71.50304626;-1954367.297;2840657.993;NA;False; ; ;0; ; ; ; ; ; 
TRACK;1.12.1-12; ; ;-1.516416327;20763369.87;NA; ; ; ; ; ; ; ; ; ; 
TRACK;1.12.1-12;-16.508414;-71.49624163;-1954442.819;2841430.35;NA;False; ; ;0; ; ; ; ; ; 
TRACK;1.12.1-12;-16.50809771;-71.49578153;-1954411.506;2841486.656;NA;False; ; ;0; ; ; ; ; ; 
TRACK;1.12.1-12;-16.50736882;-71.49609084;-1954321.954;2841461.195;NA;False; ; ;0; ; ; ; ; ; 
TRACK;1.12.1-12;-16.50649695;-71.49622251;-1954217.86;2841457.748;NA;False; ; ;0; ; ; ; ; ; 
TRACK;1.12.1-12;-16.50741121;-71.49937863;-1954285.19;2841088.039;NA;False; ; ;0; ; ; ; ; ; 
TRACK;1.12.1-12;-16.51006683;-71.49849619;-1954608.352;2841153.094;NA;False; ; ;0; ; ; ; ; ; 
TRACK;1.12.1-13; ; ;-1.516416327;20763369.87;NA; ; ; ; ; ; ; ; ; ; 
TRACK;1.12.1-13;-16.51230329;-71.49674792;-1954893.273;2841321.776;NA;False; ; ;0; ; ; ; ; ; 
TRACK;1.12.1-13;-16.51025778;-71.49400407;-1954687.83;2841659.656;NA;False; ; ;0; ; ; ; ; ; 
TRACK;1.12.1-13;-16.50928142;-71.4947651;-1954563.468;2841586.264;NA;False; ; ;0; ; ; ; ; ; 
TRACK;1.12.1-13;-16.50817155;-71.49568542;-1954421.401;2841496.576;NA;False; ; ;0; ; ; ; ; ; 
TRACK;1.12.1-13;-16.50934471;-71.49727264;-1954539.06;2841301.258;NA;False; ; ;0; ; ; ; ; ; 
TRACK;1.12.1-13;-16.51020753;-71.49842232;-1954625.818;2841159.613;NA;False; ; ;0; ; ; ; ; ; 
TRACK;1.12.1-13;-16.51140668;-71.49748791;-1954778.549;2841249.72;NA;False; ; ;0; ; ; ; ; ; 
TRACK;1.12.1-14; ; ;-1.516416327;20763369.87;NA; ; ; ; ; ; ; ; ; ; 
TRACK;1.12.1-14;-16.51235693;-71.49685074;-1954898.269;2841309.418;NA;False; ; ;0; ; ; ; ; ; 
TRACK;1.12.1-14;-16.51028908;-71.49854182;-1954633.88;2841144.997;NA;False; ; ;0; ; ; ; ; ; 
TRACK;1.12.1-14;-16.5108967;-71.50048927;-1954680.531;2840916.306;NA;False; ; ;0; ; ; ; ; ; 
TRACK;1.12.1-14;-16.51347696;-71.49845972;-1955009.405;2841112.337;NA;False; ; ;0; ; ; ; ; ; 
TRACK;1.12.1-15; ; ;-1.516416327;20763369.87;NA; ; ; ; ; ; ; ; ; ; 
TRACK;1.12.1-15;-16.51358002;-71.49856204;-1955020.212;2841099.385;NA;False; ; ;0; ; ; ; ; ; 
TRACK;1.12.1-15;-16.51098024;-71.50061805;-1954688.709;2840900.613;NA;False; ; ;0; ; ; ; ; ; 
TRACK;1.12.1-15;-16.51144937;-71.50201224;-1954726.117;2840736.446;NA;False; ; ;0; ; ; ; ; ; 
TRACK;1.12.1-15;-16.51260851;-71.50145299;-1954869.38;2840784.565;NA;False; ; ;0; ; ; ; ; ; 
TRACK;1.12.1-15;-16.51455993;-71.4998957;-1955118.386;2840935.353;NA;False; ; ;0; ; ; ; ; ; 
TRACK;1.12.1-16; ; ;-1.516416327;20763369.87;NA; ; ; ; ; ; ; ; ; ; 
TRACK;1.12.1-16;-16.51479639;-71.50014555;-1955142.989;2840903.926;NA;False; ; ;0; ; ; ; ; ; 
TRACK;1.12.1-16;-16.51462752;-71.49992018;-1955126.014;2840931.688;NA;False; ; ;0; ; ; ; ; ; 
TRACK;1.12.1-16;-16.51279364;-71.5014103;-1954891.668;2840786.966;NA;False; ; ;0; ; ; ; ; ; 
TRACK;1.12.1-16;-16.51286559;-71.50153036;-1954898.596;2840772.414;NA;False; ; ;0; ; ; ; ; ; 
TRACK;1.12.1-16;-16.51419578;-71.50109798;-1955060.341;2840803.903;NA;False; ; ;0; ; ; ; ; ; 
TRACK;1.12.1-17; ; ;-1.516416327;20763369.87;NA; ; ; ; ; ; ; ; ; ; 
TRACK;1.12.1-17;-16.5145779;-71.49966733;-1955123.397;2840960.995;NA;False; ; ;0; ; ; ; ; ; 
TRACK;1.12.1-17;-16.51473011;-71.49987359;-1955138.657;2840935.619;NA;False; ; ;0; ; ; ; ; ; 
TRACK;1.12.1-17;-16.51489692;-71.4996636;-1955160.919;2840957.218;NA;False; ; ;0; ; ; ; ; ; 
TRACK;1.12.1-17;-16.51560459;-71.49915539;-1955250.503;2841005.492;NA;False; ; ;0; ; ; ; ; ; 
TRACK;1.12.1-17;-16.51639395;-71.49853223;-1955351.144;2841065.716;NA;False; ; ;0; ; ; ; ; ; 
TRACK;1.12.1-17;-16.51625979;-71.4983233;-1955338.037;2841091.159;NA;False; ; ;0; ; ; ; ; ; 
TRACK;1.12.1-18; ; ;-1.516416327;20763369.87;NA; ; ; ; ; ; ; ; ; ; 
TRACK;1.12.1-18;-16.51332512;-71.49615285;-1955020.867;2841375.759;NA;False; ; ;0; ; ; ; ; ; 
TRACK;1.12.1-18;-16.51248368;-71.49681395;-1954913.625;2841311.919;NA;False; ; ;0; ; ; ; ; ; 
TRACK;1.12.1-18;-16.51313482;-71.49773122;-1954978.466;2841199.397;NA;False; ; ;0; ; ; ; ; ; 
TRACK;1.12.1-18;-16.51397181;-71.49706082;-1955085.302;2841264.35;NA;False; ; ;0; ; ; ; ; ; 
TRACK;1.12.1-19; ; ;-1.516416327;20763369.87;NA; ; ; ; ; ; ; ; ; ; 
TRACK;1.12.1-19;-16.51414873;-71.49550051;-1955125.904;2841438.841;NA;False; ; ;0; ; ; ; ; ; 
TRACK;1.12.1-19;-16.51337896;-71.49611819;-1955027.631;2841378.978;NA;False; ; ;0; ; ; ; ; ; 
TRACK;1.12.1-19;-16.51361149;-71.49642502;-1955051.051;2841341.146;NA;False; ; ;0; ; ; ; ; ; 
TRACK;1.12.1-19;-16.51437485;-71.49582004;-1955148.407;2841399.653;NA;False; ; ;0; ; ; ; ; ; 
TRACK;1.12.1-20; ; ;-1.516416327;20763369.87;NA; ; ; ; ; ; ; ; ; ; 
TRACK;1.12.1-20;-16.51394529;-71.49624345;-1955092.569;2841357.327;NA;False; ; ;0; ; ; ; ; ; 
TRACK;1.12.1-20;-16.51363439;-71.49647996;-1955053.043;2841334.618;NA;False; ; ;0; ; ; ; ; ; 
TRACK;1.12.1-20;-16.51380196;-71.4967149;-1955069.743;2841305.787;NA;False; ; ;0; ; ; ; ; ; 
TRACK;1.12.1-20;-16.51410905;-71.4964567;-1955109.097;2841331.004;NA;False; ; ;0; ; ; ; ; ; 
TRACK;1.12.1-22; ; ;-1.516416327;20763369.87;NA; ; ; ; ; ; ; ; ; ; 
TRACK;1.12.1-22;-16.514607;-71.49614269;-1955171.581;2841360.032;NA;False; ; ;0; ; ; ; ; ; 
TRACK;1.12.1-22;-16.51381741;-71.49676525;-1955070.918;2841299.878;NA;False; ; ;0; ; ; ; ; ; 
TRACK;1.12.1-22;-16.51401986;-71.49703689;-1955091.25;2841266.429;NA;False; ; ;0; ; ; ; ; ; 
TRACK;1.12.1-22;-16.51480833;-71.4963985;-1955191.982;2841328.392;NA;False; ; ;0; ; ; ; ; ; 
TRACK;1.12.1-23; ; ;-1.516416327;20763369.87;NA; ; ; ; ; ; ; ; ; ; 
TRACK;1.12.1-23;-16.51226635;-71.49245359;-1954943.479;2841808.922;NA;False; ; ;0; ; ; ; ; ; 
TRACK;1.12.1-23;-16.51155945;-71.49303547;-1954853.045;2841752.287;NA;False; ; ;0; ; ; ; ; ; 
TRACK;1.12.1-23;-16.51037977;-71.49397829;-1954702.487;2841660.972;NA;False; ; ;0; ; ; ; ; ; 
TRACK;1.12.1-23;-16.51241297;-71.49669373;-1954906.845;2841326.474;NA;False; ; ;0; ; ; ; ; ; 
TRACK;1.12.1-23;-16.51426759;-71.4952076;-1955143.588;2841470.47;NA;False; ; ;0; ; ; ; ; ; 
TRACK;1.12.1-25; ; ;-1.516416327;20763369.87;NA; ; ; ; ; ; ; ; ; ; 
TRACK;1.12.1-25;-16.51684229;-71.49649826;-1955429.646;2841290.304;NA;False; ; ;0; ; ; ; ; ; 
TRACK;1.12.1-25;-16.51711633;-71.49635395;-1955463.672;2841303.049;NA;False; ; ;0; ; ; ; ; ; 
TRACK;1.12.1-25;-16.51701267;-71.49614169;-1955454.191;2841328.468;NA;False; ; ;0; ; ; ; ; ; 
TRACK;1.12.1-25;-16.51606917;-71.49656803;-1955337.941;2841292.579;NA;False; ; ;0; ; ; ; ; ; 
TRACK;1.12.1-25;-16.51613214;-71.49679785;-1955342.418;2841265.706;NA;False; ; ;0; ; ; ; ; ; 
TRACK;1.12.1-26; ; ;-1.516416327;20763369.87;NA; ; ; ; ; ; ; ; ; ; 
TRACK;1.12.1-26;-16.51681258;-71.49595106;-1955433.109;2841352.705;NA;False; ; ;0; ; ; ; ; ; 
TRACK;1.12.1-26;-16.51680505;-71.49578481;-1955434.336;2841371.645;NA;False; ; ;0; ; ; ; ; ; 
TRACK;1.12.1-26;-16.5165009;-71.49591722;-1955396.925;2841360.644;NA;False; ; ;0; ; ; ; ; ; 
TRACK;1.12.1-26;-16.51659926;-71.49622175;-1955404.611;2841324.84;NA;False; ; ;0; ; ; ; ; ; 
TRACK;1.12.1-26;-16.51688301;-71.49610105;-1955439.477;2841334.781;NA;False; ; ;0; ; ; ; ; ; 
TRACK;1.12.1-27; ; ;-1.516416327;20763369.87;NA; ; ; ; ; ; ; ; ; ; 
TRACK;1.12.1-27;-16.51622995;-71.49604663;-1955363.451;2841349.548;NA;False; ; ;0; ; ; ; ; ; 
TRACK;1.12.1-27;-16.51593698;-71.49617268;-1955327.434;2841339.121;NA;False; ; ;0; ; ; ; ; ; 
TRACK;1.12.1-27;-16.51604302;-71.49648887;-1955335.875;2841301.894;NA;False; ; ;0; ; ; ; ; ; 
TRACK;1.12.1-27;-16.5163343;-71.49635434;-1955371.801;2841313.303;NA;False; ; ;0; ; ; ; ; ; 
TRACK;1.12.1-28; ; ;-1.516416327;20763369.87;NA; ; ; ; ; ; ; ; ; ; 
TRACK;1.12.1-28;-16.51539014;-71.49650363;-1955258.993;2841308.818;NA;False; ; ;0; ; ; ; ; ; 
TRACK;1.12.1-28;-16.51555828;-71.49672952;-1955275.875;2841281.006;NA;False; ; ;0; ; ; ; ; ; 
TRACK;1.12.1-28;-16.51591086;-71.49644854;-1955320.863;2841308.204;NA;False; ; ;0; ; ; ; ; ; 
TRACK;1.12.1-28;-16.51581624;-71.49616445;-1955313.355;2841341.643;NA;False; ; ;0; ; ; ; ; ; 
TRACK;1.12.1-29; ; ;-1.516416327;20763369.87;NA; ; ; ; ; ; ; ; ; ; 
TRACK;1.12.1-29;-16.51518971;-71.4962205;-1955239.045;2841343.542;NA;False; ; ;0; ; ; ; ; ; 
TRACK;1.12.1-29;-16.51535849;-71.49645715;-1955255.865;2841314.501;NA;False; ; ;0; ; ; ; ; ; 
TRACK;1.12.1-29;-16.51579312;-71.49609638;-1955311.504;2841349.662;NA;False; ; ;0; ; ; ; ; ; 
TRACK;1.12.1-29;-16.51569876;-71.49585075;-1955303.541;2841378.74;NA;False; ; ;0; ; ; ; ; ; 
TRACK;1.12.1-30; ; ;-1.516416327;20763369.87;NA; ; ; ; ; ; ; ; ; ; 
TRACK;1.12.1-30;-16.51608004;-71.495604;-1955351.464;2841401.682;NA;False; ; ;0; ; ; ; ; ; 
TRACK;1.12.1-30;-16.51581499;-71.49580343;-1955317.795;2841382.572;NA;False; ; ;0; ; ; ; ; ; 
TRACK;1.12.1-30;-16.51590928;-71.49608765;-1955325.261;2841349.122;NA;False; ; ;0; ; ; ; ; ; 
TRACK;1.12.1-30;-16.51620115;-71.49595761;-1955361.199;2841360.014;NA;False; ; ;0; ; ; ; ; ; 
TRACK;1.12.1-31; ; ;-1.516416327;20763369.87;NA; ; ; ; ; ; ; ; ; ; 
TRACK;1.12.1-31;-16.51661259;-71.4952178;-1955418.931;2841438.433;NA;False; ; ;0; ; ; ; ; ; 
TRACK;1.12.1-31;-16.51613212;-71.49557114;-1955358;2841404.72;NA;False; ; ;0; ; ; ; ; ; 
TRACK;1.12.1-31;-16.51624382;-71.49592292;-1955366.652;2841363.384;NA;False; ; ;0; ; ; ; ; ; 
TRACK;1.12.1-31;-16.51680668;-71.49567684;-1955435.899;2841383.858;NA;False; ; ;0; ; ; ; ; ; 
TRACK;1.12.1-31;-16.51681329;-71.49548953;-1955439.055;2841404.997;NA;False; ; ;0; ; ; ; ; ; 
TRACK;1.12.1-32; ; ;-1.516416327;20763369.87;NA; ; ; ; ; ; ; ; ; ; 
TRACK;1.12.1-32;-16.51669557;-71.49504535;-1955430.869;2841456.884;NA;False; ; ;0; ; ; ; ; ; 
TRACK;1.12.1-32;-16.51676957;-71.49487975;-1955441.666;2841474.674;NA;False; ; ;0; ; ; ; ; ; 
TRACK;1.12.1-32;-16.51670037;-71.49479129;-1955434.66;2841485.611;NA;False; ; ;0; ; ; ; ; ; 
TRACK;1.12.1-32;-16.51660449;-71.4947312;-1955424.161;2841493.683;NA;False; ; ;0; ; ; ; ; ; 
TRACK;1.12.1-32;-16.51647136;-71.49468279;-1955409.136;2841500.923;NA;False; ; ;0; ; ; ; ; ; 
TRACK;1.12.1-32;-16.51606181;-71.49501757;-1955356.772;2841468.378;NA;False; ; ;0; ; ; ; ; ; 
TRACK;1.12.1-32;-16.51591497;-71.49480633;-1955342.207;2841494.249;NA;False; ; ;0; ; ; ; ; ; 
TRACK;1.12.1-32;-16.51558321;-71.49438217;-1955308.622;2841546.686;NA;False; ; ;0; ; ; ; ; ; 
TRACK;1.12.1-32;-16.51499564;-71.49482439;-1955233.981;2841504.309;NA;False; ; ;0; ; ; ; ; ; 
TRACK;1.12.1-32;-16.51420255;-71.49545694;-1955132.78;2841443.069;NA;False; ; ;0; ; ; ; ; ; 
TRACK;1.12.1-32;-16.51484966;-71.49638627;-1955196.992;2841329.234;NA;False; ; ;0; ; ; ; ; ; 
TRACK;1.12.1-32;-16.51519922;-71.49614728;-1955241.091;2841351.715;NA;False; ; ;0; ; ; ; ; ; 
TRACK;1.12.1-33; ; ;-1.516416327;20763369.87;NA; ; ; ; ; ; ; ; ; ; 
TRACK;1.12.1-33;-16.5163279;-71.49474059;-1955391.55;2841496.262;NA;False; ; ;0; ; ; ; ; ; 
TRACK;1.12.1-33;-16.51588182;-71.49446477;-1955342.651;2841533.393;NA;False; ; ;0; ; ; ; ; ; 
TRACK;1.12.1-33;-16.51567961;-71.49444088;-1955319.2;2841538.763;NA;False; ; ;0; ; ; ; ; ; 
TRACK;1.12.1-33;-16.51608294;-71.49493526;-1955360.3;2841477.427;NA;False; ; ;0; ; ; ; ; ; 
TRACK;1.12.1-34; ; ;-1.516416327;20763369.87;NA; ; ; ; ; ; ; ; ; ; 
TRACK;1.12.1-34;-16.51540652;-71.49375604;-1955295.82;2841619.969;NA;False; ; ;0; ; ; ; ; ; 
TRACK;1.12.1-34;-16.51542781;-71.49256307;-1955313.479;2841754.881;NA;False; ; ;0; ; ; ; ; ; 
TRACK;1.12.1-34;-16.51544469;-71.49190887;-1955323.774;2841828.796;NA;False; ; ;0; ; ; ; ; ; 
TRACK;1.12.1-34;-16.51565787;-71.49041518;-1955367.795;2841995.262;NA;False; ; ;0; ; ; ; ; ; 
TRACK;1.12.1-34;-16.51449579;-71.49073853;-1955227.171;2841973.924;NA;False; ; ;0; ; ; ; ; ; 
TRACK;1.12.1-34;-16.51389277;-71.49114773;-1955151.132;2841935.493;NA;False; ; ;0; ; ; ; ; ; 
TRACK;1.12.1-34;-16.51237827;-71.49241665;-1954957.096;2841811.635;NA;False; ; ;0; ; ; ; ; ; 
TRACK;1.12.1-34;-16.51436547;-71.49513369;-1955156.025;2841477.557;NA;False; ; ;0; ; ; ; ; ; 
TRACK;1.12.1-34;-16.5154068;-71.49433187;-1955288.539;2841554.709;NA;False; ; ;0; ; ; ; ; ; 
TRACK;1.12.1-35; ; ;-1.516416327;20763369.87;NA; ; ; ; ; ; ; ; ; ; 
TRACK;1.12.1-35;-16.51546867;-71.49423198;-1955297.075;2841565.215;NA;False; ; ;0; ; ; ; ; ; 
TRACK;1.12.1-35;-16.51572149;-71.49423295;-1955326.763;2841561.774;NA;False; ; ;0; ; ; ; ; ; 
TRACK;1.12.1-35;-16.51576537;-71.49254158;-1955353.406;2841752.871;NA;False; ; ;0; ; ; ; ; ; 
TRACK;1.12.1-35;-16.51576372;-71.49224644;-1955356.962;2841786.339;NA;False; ; ;0; ; ; ; ; ; 
TRACK;1.12.1-35;-16.5158931;-71.49212322;-1955373.727;2841798.599;NA;False; ; ;0; ; ; ; ; ; 
TRACK;1.12.1-35;-16.51601518;-71.49191633;-1955390.696;2841820.436;NA;False; ; ;0; ; ; ; ; ; 
TRACK;1.12.1-35;-16.51606385;-71.4910422;-1955407.521;2841918.857;NA;False; ; ;0; ; ; ; ; ; 
TRACK;1.12.1-35;-16.51612938;-71.4902926;-1955424.745;2842002.943;NA;False; ; ;0; ; ; ; ; ; 
TRACK;1.12.1-35;-16.51578093;-71.49039252;-1955382.54;2841996.209;NA;False; ; ;0; ; ; ; ; ; 
TRACK;1.12.1-35;-16.51552775;-71.49182933;-1955334.541;2841836.716;NA;False; ; ;0; ; ; ; ; ; 
TRACK;1.12.1-35;-16.51551446;-71.49263745;-1955322.713;2841745.311;NA;False; ; ;0; ; ; ; ; ; 
TRACK;1.12.1-36; ; ;-1.516416327;20763369.87;NA; ; ; ; ; ; ; ; ; ; 
TRACK;1.12.1-36;-16.51593215;-71.48896202;-1955418.484;2842156.331;NA;False; ; ;0; ; ; ; ; ; 
TRACK;1.12.1-36;-16.51543054;-71.48864054;-1955363.641;2842199.371;NA;False; ; ;0; ; ; ; ; ; 
TRACK;1.12.1-36;-16.51396886;-71.48984257;-1955176.654;2842082.401;NA;False; ; ;0; ; ; ; ; ; 
TRACK;1.12.1-36;-16.5144814;-71.49059663;-1955227.284;2841990.195;NA;False; ; ;0; ; ; ; ; ; 
TRACK;1.12.1-36;-16.51571174;-71.49019091;-1955376.974;2842019.968;NA;False; ; ;0; ; ; ; ; ; 
TRACK;1.12.1-37; ; ;-1.516416327;20763369.87;NA; ; ; ; ; ; ; ; ; ; 
TRACK;1.12.1-37;-16.51332241;-71.48922811;-1955108.519;2842160.552;NA;False; ; ;0; ; ; ; ; ; 
TRACK;1.12.1-37;-16.5114036;-71.48975889;-1954876.36;2842125.671;NA;False; ; ;0; ; ; ; ; ; 
TRACK;1.12.1-37;-16.51097397;-71.48998725;-1954822.988;2842105.448;NA;False; ; ;0; ; ; ; ; ; 
TRACK;1.12.1-37;-16.51246167;-71.49200314;-1954972.146;2841857.399;NA;False; ; ;0; ; ; ; ; ; 
TRACK;1.12.1-37;-16.51430557;-71.49060015;-1955206.584;2841992.111;NA;False; ; ;0; ; ; ; ; ; 
TRACK;1.12.1-38; ; ;-1.516416327;20763369.87;NA; ; ; ; ; ; ; ; ; ; 
TRACK;1.12.1-38;-16.51093983;-71.48998289;-1954819.033;2842106.392;NA;False; ; ;0; ; ; ; ; ; 
TRACK;1.12.1-38;-16.51056343;-71.48998224;-1954774.823;2842111.423;NA;False; ; ;0; ; ; ; ; ; 
TRACK;1.12.1-38;-16.50978322;-71.48965293;-1954687.35;2842159.018;NA;False; ; ;0; ; ; ; ; ; 
TRACK;1.12.1-38;-16.50875923;-71.49049239;-1954556.392;2842077.364;NA;False; ; ;0; ; ; ; ; ; 
TRACK;1.12.1-38;-16.51130944;-71.492894;-1954825.472;2841771.612;NA;False; ; ;0; ; ; ; ; ; 
TRACK;1.12.1-38;-16.5124274;-71.49201229;-1954968.004;2841856.813;NA;False; ; ;0; ; ; ; ; ; 
TRACK;1.12.1-39; ; ;-1.516416327;20763369.87;NA; ; ; ; ; ; ; ; ; ; 
TRACK;1.12.1-39;-16.51082404;-71.49249306;-1954773.543;2841823.441;NA;False; ; ;0; ; ; ; ; ; 
TRACK;1.12.1-39;-16.51061815;-71.49267643;-1954747.026;2841805.371;NA;False; ; ;0; ; ; ; ; ; 
TRACK;1.12.1-39;-16.51100318;-71.49317077;-1954785.979;2841744.279;NA;False; ; ;0; ; ; ; ; ; 
TRACK;1.12.1-39;-16.51128942;-71.49293228;-1954822.634;2841767.538;NA;False; ; ;0; ; ; ; ; ; 
TRACK;1.12.1-40; ; ;-1.516416327;20763369.87;NA; ; ; ; ; ; ; ; ; ; 
TRACK;1.12.1-40;-16.51096888;-71.49319425;-1954781.651;2841742.069;NA;False; ; ;0; ; ; ; ; ; 
TRACK;1.12.1-40;-16.51057372;-71.49269619;-1954741.556;2841803.717;NA;False; ; ;0; ; ; ; ; ; 
TRACK;1.12.1-40;-16.51027621;-71.49296462;-1954703.197;2841777.212;NA;False; ; ;0; ; ; ; ; ; 
TRACK;1.12.1-40;-16.51066528;-71.4934559;-1954742.662;2841716.414;NA;False; ; ;0; ; ; ; ; ; 
TRACK;1.12.1-41; ; ;-1.516416327;20763369.87;NA; ; ; ; ; ; ; ; ; ; 
TRACK;1.12.1-41;-16.51019549;-71.49300516;-1954693.2;2841773.681;NA;False; ; ;0; ; ; ; ; ; 
TRACK;1.12.1-41;-16.50982058;-71.4933079;-1954645.311;2841744.308;NA;False; ; ;0; ; ; ; ; ; 
TRACK;1.12.1-41;-16.51020942;-71.49381017;-1954684.611;2841682.268;NA;False; ; ;0; ; ; ; ; ; 
TRACK;1.12.1-41;-16.51060926;-71.49352351;-1954735.222;2841709.49;NA;False; ; ;0; ; ; ; ; ; 
TRACK;1.12.1-42; ; ;-1.516416327;20763369.87;NA; ; ; ; ; ; ; ; ; ; 
TRACK;1.12.1-42;-16.50987619;-71.49259461;-1954660.904;2841824.413;NA;False; ; ;0; ; ; ; ; ; 
TRACK;1.12.1-42;-16.50951555;-71.49288756;-1954614.817;2841795.961;NA;False; ; ;0; ; ; ; ; ; 
TRACK;1.12.1-42;-16.50980837;-71.49323557;-1954644.796;2841752.666;NA;False; ; ;0; ; ; ; ; ; 
TRACK;1.12.1-42;-16.51015582;-71.49294954;-1954689.246;2841780.507;NA;False; ; ;0; ; ; ; ; ; 
TRACK;1.12.1-43; ; ;-1.516416327;20763369.87;NA; ; ; ; ; ; ; ; ; ; 
TRACK;1.12.1-43;-16.51043997;-71.49213299;-1954732.998;2841869.305;NA;False; ; ;0; ; ; ; ; ; 
TRACK;1.12.1-43;-16.50995679;-71.49252314;-1954671.281;2841831.451;NA;False; ; ;0; ; ; ; ; ; 
TRACK;1.12.1-43;-16.51023344;-71.49289707;-1954699.031;2841785.432;NA;False; ; ;0; ; ; ; ; ; 
TRACK;1.12.1-43;-16.5107546;-71.49244353;-1954766.014;2841829.968;NA;False; ; ;0; ; ; ; ; ; 
TRACK;1.12.1-44; ; ;-1.516416327;20763369.87;NA; ; ; ; ; ; ; ; ; ; 
TRACK;1.12.1-44;-16.51036547;-71.49206734;-1954725.08;2841877.726;NA;False; ; ;0; ; ; ; ; ; 
TRACK;1.12.1-44;-16.51004355;-71.49175973;-1954691.17;2841916.826;NA;False; ; ;0; ; ; ; ; ; 
TRACK;1.12.1-44;-16.50962868;-71.49211352;-1954637.939;2841882.193;NA;False; ; ;0; ; ; ; ; ; 
TRACK;1.12.1-44;-16.50990424;-71.49246793;-1954665.809;2841838.4;NA;False; ; ;0; ; ; ; ; ; 
TRACK;1.12.1-45; ; ;-1.516416327;20763369.87;NA; ; ; ; ; ; ; ; ; ; 
TRACK;1.12.1-45;-16.50969376;-71.4914335;-1954654.222;2841958.403;NA;False; ; ;0; ; ; ; ; ; 
TRACK;1.12.1-45;-16.50932698;-71.49173037;-1954607.363;2841929.588;NA;False; ; ;0; ; ; ; ; ; 
TRACK;1.12.1-45;-16.50957162;-71.49204137;-1954632.152;2841891.121;NA;False; ; ;0; ; ; ; ; ; 
TRACK;1.12.1-45;-16.50997493;-71.49170053;-1954683.86;2841924.438;NA;False; ; ;0; ; ; ; ; ; 
TRACK;1.12.1-46; ; ;-1.516416327;20763369.87;NA; ; ; ; ; ; ; ; ; ; 
TRACK;1.12.1-46;-16.50983012;-71.49252544;-1954656.371;2841832.858;NA;False; ; ;0; ; ; ; ; ; 
TRACK;1.12.1-46;-16.50924951;-71.49179759;-1954597.409;2841922.99;NA;False; ; ;0; ; ; ; ; ; 
TRACK;1.12.1-46;-16.50890064;-71.49207703;-1954552.876;2841895.914;NA;False; ; ;0; ; ; ; ; ; 
TRACK;1.12.1-46;-16.50946901;-71.49282565;-1954610.136;2841803.59;NA;False; ; ;0; ; ; ; ; ; 
TRACK;1.12.1-47; ; ;-1.516416327;20763369.87;NA; ; ; ; ; ; ; ; ; ; 
TRACK;1.12.1-47;-16.50841413;-71.49072431;-1954512.904;2842055.624;NA;False; ; ;0; ; ; ; ; ; 
TRACK;1.12.1-47;-16.50807211;-71.49102969;-1954468.847;2842025.518;NA;False; ; ;0; ; ; ; ; ; 
TRACK;1.12.1-47;-16.508852;-71.49201108;-1954547.999;2841904.028;NA;False; ; ;0; ; ; ; ; ; 
TRACK;1.12.1-47;-16.50920911;-71.49170676;-1954593.817;2841933.815;NA;False; ; ;0; ; ; ; ; ; 
TRACK;1.12.1-48; ; ;-1.516416327;20763369.87;NA; ; ; ; ; ; ; ; ; ; 
TRACK;1.12.1-48;-16.50888898;-71.49066372;-1954569.457;2842056.239;NA;False; ; ;0; ; ; ; ; ; 
TRACK;1.12.1-48;-16.50864492;-71.49086519;-1954538.227;2842036.619;NA;False; ; ;0; ; ; ; ; ; 
TRACK;1.12.1-48;-16.50926128;-71.49167718;-1954600.321;2841936.481;NA;False; ; ;0; ; ; ; ; ; 
TRACK;1.12.1-48;-16.5096299;-71.4913662;-1954647.575;2841966.871;NA;False; ; ;0; ; ; ; ; ; 
TRACK;1.12.1-49; ; ;-1.516416327;20763369.87;NA; ; ; ; ; ; ; ; ; ; 
TRACK;1.12.1-49;-16.50927106;-71.49278309;-1954587.423;2841811.02;NA;False; ; ;0; ; ; ; ; ; 
TRACK;1.12.1-49;-16.50827305;-71.49353323;-1954460.655;2841739.145;NA;False; ; ;0; ; ; ; ; ; 
TRACK;1.12.1-49;-16.50860628;-71.49398233;-1954494.097;2841683.862;NA;False; ; ;0; ; ; ; ; ; 
TRACK;1.12.1-49;-16.50914806;-71.49467055;-1954549.002;2841598.735;NA;False; ; ;0; ; ; ; ; ; 
TRACK;1.12.1-49;-16.51012927;-71.49388824;-1954674.204;2841674.476;NA;False; ; ;0; ; ; ; ; ; 
TRACK;1.12.1-50; ; ;-1.516416327;20763369.87;NA; ; ; ; ; ; ; ; ; ; 
TRACK;1.12.1-50;-16.50825091;-71.49355385;-1954457.792;2841737.099;NA;False; ; ;0; ; ; ; ; ; 
TRACK;1.12.1-50;-16.50765628;-71.49469213;-1954373.483;2841615.926;NA;False; ; ;0; ; ; ; ; ; 
TRACK;1.12.1-50;-16.50831175;-71.49540057;-1954441.487;2841527.011;NA;False; ; ;0; ; ; ; ; ; 
TRACK;1.12.1-50;-16.50911401;-71.49465808;-1954545.16;2841600.596;NA;False; ; ;0; ; ; ; ; ; 
TRACK;1.12.1-51; ; ;-1.516416327;20763369.87;NA; ; ; ; ; ; ; ; ; ; 
TRACK;1.12.1-51;-16.5082808;-71.49544707;-1954437.261;2841522.15;NA;False; ; ;0; ; ; ; ; ; 
TRACK;1.12.1-51;-16.50760902;-71.4947145;-1954367.647;2841614.013;NA;False; ; ;0; ; ; ; ; ; 
TRACK;1.12.1-51;-16.50704215;-71.49502805;-1954297.073;2841585.94;NA;False; ; ;0; ; ; ; ; ; 
TRACK;1.12.1-51;-16.50711649;-71.49592291;-1954294.444;2841483.547;NA;False; ; ;0; ; ; ; ; ; 
TRACK;1.12.1-51;-16.50740086;-71.4959088;-1954328.029;2841481.404;NA;False; ; ;0; ; ; ; ; ; 
TRACK;1.12.1-51;-16.50763806;-71.49584488;-1954356.705;2841485.526;NA;False; ; ;0; ; ; ; ; ; 
TRACK;1.12.1-51;-16.50781213;-71.49576595;-1954378.155;2841492.18;NA;False; ; ;0; ; ; ; ; ; 
TRACK;1.12.1-51;-16.50788508;-71.4957277;-1954387.211;2841495.554;NA;False; ; ;0; ; ; ; ; ; 
TRACK;1.12.1-53; ; ;-1.516416327;20763369.87;NA; ; ; ; ; ; ; ; ; ; 
TRACK;1.12.1-53;-16.50504932;-71.49315504;-1954086.751;2841824.44;NA;False; ; ;0; ; ; ; ; ; 
TRACK;1.12.1-53;-16.50495811;-71.4934245;-1954072.614;2841795.102;NA;False; ; ;0; ; ; ; ; ; 
TRACK;1.12.1-53;-16.50492875;-71.49391192;-1954062.976;2841740.249;NA;False; ; ;0; ; ; ; ; ; 
TRACK;1.12.1-53;-16.50499172;-71.49417938;-1954066.977;2841709.108;NA;False; ; ;0; ; ; ; ; ; 
TRACK;1.12.1-53;-16.50500004;-71.49420148;-1954067.674;2841706.494;NA;False; ; ;0; ; ; ; ; ; 
TRACK;1.12.1-53;-16.50501668;-71.49446228;-1954066.317;2841676.718;NA;False; ; ;0; ; ; ; ; ; 
TRACK;1.12.1-53;-16.50481247;-71.49482414;-1954037.733;2841638.395;NA;False; ; ;0; ; ; ; ; ; 
TRACK;1.12.1-53;-16.50448015;-71.49514489;-1953994.622;2841606.418;NA;False; ; ;0; ; ; ; ; ; 
TRACK;1.12.1-53;-16.50425078;-71.49553615;-1953962.71;2841565.095;NA;False; ; ;0; ; ; ; ; ; 
TRACK;1.12.1-53;-16.50387221;-71.49638699;-1953907.436;2841473.65;NA;False; ; ;0; ; ; ; ; ; 
TRACK;1.12.1-53;-16.50626465;-71.4960152;-1954193.203;2841484.3;NA;False; ; ;0; ; ; ; ; ; 
TRACK;1.12.1-53;-16.50554595;-71.49302276;-1954146.772;2841832.895;NA;False; ; ;0; ; ; ; ; ; 
TRACK;1.12.1-54; ; ;-1.516416327;20763369.87;NA; ; ; ; ; ; ; ; ; ; 
TRACK;1.12.1-54;-16.50337451;-71.49646973;-1953847.919;2841470.821;NA;False; ; ;0; ; ; ; ; ; 
TRACK;1.12.1-54;-16.50380602;-71.49639686;-1953899.534;2841473.401;NA;False; ; ;0; ; ; ; ; ; 
TRACK;1.12.1-54;-16.50407239;-71.49555033;-1953941.574;2841565.835;NA;False; ; ;0; ; ; ; ; ; 
TRACK;1.12.1-54;-16.50432868;-71.49511383;-1953977.222;2841611.931;NA;False; ; ;0; ; ; ; ; ; 
TRACK;1.12.1-54;-16.50475287;-71.49471444;-1954032.125;2841651.613;NA;False; ; ;0; ; ; ; ; ; 
TRACK;1.12.1-54;-16.50487226;-71.49448129;-1954049.111;2841676.464;NA;False; ; ;0; ; ; ; ; ; 
TRACK;1.12.1-54;-16.50481777;-71.49395362;-1954049.409;2841736.983;NA;False; ; ;0; ; ; ; ; ; 
TRACK;1.12.1-54;-16.50480889;-71.49374111;-1954051.064;2841761.185;NA;False; ; ;0; ; ; ; ; ; 
TRACK;1.12.1-54;-16.50498164;-71.49314809;-1954078.888;2841826.119;NA;False; ; ;0; ; ; ; ; ; 
TRACK;1.12.1-54;-16.50249172;-71.49356816;-1953781.05;2841811.281;NA;False; ; ;0; ; ; ; ; ; 
TRACK;1.12.1-54;-16.50225907;-71.49361391;-1953753.139;2841809.158;NA;False; ; ;0; ; ; ; ; ; 
TRACK;1.12.1-54;-16.50216283;-71.4937173;-1953740.52;2841798.707;NA;False; ; ;0; ; ; ; ; ; 
TRACK;1.12.1-54;-16.50189948;-71.49470878;-1953696.996;2841689.803;NA;False; ; ;0; ; ; ; ; ; 
TRACK;1.12.1-54;-16.5027651;-71.4966707;-1953773.778;2841456.064;NA;False; ; ;0; ; ; ; ; ; 
TRACK;1.12.1-55; ; ;-1.516416327;20763369.87;NA; ; ; ; ; ; ; ; ; ; 
TRACK;1.12.1-55;-16.50208131;-71.49623101;-1953699.032;2841514.892;NA;False; ; ;0; ; ; ; ; ; 
TRACK;1.12.1-55;-16.50202602;-71.49631427;-1953691.481;2841506.183;NA;False; ; ;0; ; ; ; ; ; 
TRACK;1.12.1-55;-16.50173087;-71.49642138;-1953655.448;2841497.927;NA;False; ; ;0; ; ; ; ; ; 
TRACK;1.12.1-55;-16.5014623;-71.49582527;-1953631.465;2841569.021;NA;False; ; ;0; ; ; ; ; ; 
TRACK;1.12.1-55;-16.50118157;-71.49598761;-1953596.427;2841554.315;NA;False; ; ;0; ; ; ; ; ; 
TRACK;1.12.1-55;-16.5016929;-71.49714967;-1953641.744;2841415.888;NA;False; ; ;0; ; ; ; ; ; 
TRACK;1.12.1-55;-16.50264007;-71.49674145;-1953758.192;2841449.691;NA;False; ; ;0; ; ; ; ; ; 
TRACK;1.12.1-55;-16.50236058;-71.49610421;-1953733.449;2841525.588;NA;False; ; ;0; ; ; ; ; ; 
TRACK;1.12.1-56; ; ;-1.516416327;20763369.87;NA; ; ; ; ; ; ; ; ; ; 
TRACK;1.12.1-56;-16.50155963;-71.49503742;-1953652.9;2841657.029;NA;False; ; ;0; ; ; ; ; ; 
TRACK;1.12.1-56;-16.50206394;-71.49618071;-1953697.631;2841520.821;NA;False; ; ;0; ; ; ; ; ; 
TRACK;1.12.1-56;-16.50233859;-71.49606009;-1953731.426;2841530.877;NA;False; ; ;0; ; ; ; ; ; 
TRACK;1.12.1-56;-16.50182613;-71.49488841;-1953686.099;2841670.41;NA;False; ; ;0; ; ; ; ; ; 
TRACK;1.12.1-57; ; ;-1.516416327;20763369.87;NA; ; ; ; ; ; ; ; ; ; 
TRACK;1.12.1-57;-16.50199234;-71.49625886;-1953688.227;2841512.906;NA;False; ; ;0; ; ; ; ; ; 
TRACK;1.12.1-57;-16.50200795;-71.49620597;-1953690.732;2841518.694;NA;False; ; ;0; ; ; ; ; ; 
TRACK;1.12.1-57;-16.50167893;-71.49546116;-1953661.536;2841607.436;NA;False; ; ;0; ; ; ; ; ; 
TRACK;1.12.1-57;-16.50142113;-71.49557616;-1953629.791;2841597.794;NA;False; ; ;0; ; ; ; ; ; 
TRACK;1.12.1-57;-16.50176445;-71.49636072;-1953660.164;2841504.36;NA;False; ; ;0; ; ; ; ; ; 
TRACK;1.12.1-58; ; ;-1.516416327;20763369.87;NA; ; ; ; ; ; ; ; ; ; 
TRACK;1.12.1-58;-16.50119107;-71.4961435;-1953595.563;2841536.523;NA;False; ; ;0; ; ; ; ; ; 
TRACK;1.12.1-58;-16.50066654;-71.49658652;-1953528.322;2841493.215;NA;False; ; ;0; ; ; ; ; ; 
TRACK;1.12.1-58;-16.50104795;-71.49745387;-1953562.119;2841389.898;NA;False; ; ;0; ; ; ; ; ; 
TRACK;1.12.1-58;-16.50164566;-71.49717314;-1953635.897;2841413.849;NA;False; ; ;0; ; ; ; ; ; 
TRACK;1.12.1-59; ; ;-1.516416327;20763369.87;NA; ; ; ; ; ; ; ; ; ; 
TRACK;1.12.1-59;-16.50015473;-71.4970153;-1953462.755;2841451.353;NA;False; ; ;0; ; ; ; ; ; 
TRACK;1.12.1-59;-16.49982217;-71.49738282;-1953419.024;2841414.076;NA;False; ; ;0; ; ; ; ; ; 
TRACK;1.12.1-59;-16.49893411;-71.49780706;-1953309.317;2841377.676;NA;False; ; ;0; ; ; ; ; ; 
TRACK;1.12.1-59;-16.499172;-71.49836546;-1953330.177;2841311.263;NA;False; ; ;0; ; ; ; ; ; 
TRACK;1.12.1-59;-16.50097681;-71.49747986;-1953553.432;2841387.888;NA;False; ; ;0; ; ; ; ; ; 
TRACK;1.12.1-59;-16.50054081;-71.49651123;-1953514.507;2841503.402;NA;False; ; ;0; ; ; ; ; ; 
TRACK;1.12.1-60; ; ;-1.516416327;20763369.87;NA; ; ; ; ; ; ; ; ; ; 
TRACK;1.12.1-60;-16.50064169;-71.49582058;-1953535.125;2841580.349;NA;False; ; ;0; ; ; ; ; ; 
TRACK;1.12.1-60;-16.50051308;-71.49594464;-1953518.442;2841567.981;NA;False; ; ;0; ; ; ; ; ; 
TRACK;1.12.1-60;-16.50040122;-71.49614092;-1953502.809;2841547.207;NA;False; ; ;0; ; ; ; ; ; 
TRACK;1.12.1-60;-16.50056441;-71.49640999;-1953518.565;2841514.566;NA;False; ; ;0; ; ; ; ; ; 
TRACK;1.12.1-60;-16.50082348;-71.49622388;-1953551.361;2841532.25;NA;False; ; ;0; ; ; ; ; ; 
TRACK;1.12.1-62; ; ;-1.516416327;20763369.87;NA; ; ; ; ; ; ; ; ; ; 
TRACK;1.12.1-62;-16.50497431;-71.49304056;-1954079.392;2841838.402;NA;False; ; ;0; ; ; ; ; ; 
TRACK;1.12.1-62;-16.50493632;-71.49237125;-1954083.428;2841914.757;NA;False; ; ;0; ; ; ; ; ; 
TRACK;1.12.1-62;-16.50512278;-71.4918166;-1954112.376;2841975.163;NA;False; ; ;0; ; ; ; ; ; 
TRACK;1.12.1-62;-16.50512705;-71.4915306;-1954116.51;2842007.52;NA;False; ; ;0; ; ; ; ; ; 
TRACK;1.12.1-62;-16.50405794;-71.49056924;-1954003.123;2842130.548;NA;False; ; ;0; ; ; ; ; ; 
TRACK;1.12.1-62;-16.50343208;-71.49154764;-1953917.174;2842027.899;NA;False; ; ;0; ; ; ; ; ; 
TRACK;1.12.1-62;-16.50211116;-71.49309791;-1953742.313;2841869.585;NA;False; ; ;0; ; ; ; ; ; 
TRACK;1.12.1-62;-16.50209086;-71.49349424;-1953734.897;2841824.934;NA;False; ; ;0; ; ; ; ; ; 
TRACK;1.12.1-64; ; ;-1.516416327;20763369.87;NA; ; ; ; ; ; ; ; ; ; 
TRACK;1.12.1-64;-16.50695154;-71.48978927;-1954352.96;2842180.852;NA;False; ; ;0; ; ; ; ; ; 
TRACK;1.12.1-64;-16.50573071;-71.48813428;-1954230.562;2842384.493;NA;False; ; ;0; ; ; ; ; ; 
TRACK;1.12.1-64;-16.50451895;-71.4887344;-1954080.583;2842332.431;NA;False; ; ;0; ; ; ; ; ; 
TRACK;1.12.1-64;-16.50492869;-71.490566;-1954105.457;2842119.453;NA;False; ; ;0; ; ; ; ; ; 
TRACK;1.12.1-65; ; ;-1.516416327;20763369.87;NA; ; ; ; ; ; ; ; ; ; 
TRACK;1.12.1-65;-16.50521882;-71.48824745;-1954168.988;2842378.406;NA;False; ; ;0; ; ; ; ; ; 
TRACK;1.12.1-65;-16.50446342;-71.4866048;-1954101.11;2842574.524;NA;False; ; ;0; ; ; ; ; ; 
TRACK;1.12.1-65;-16.50434604;-71.48698351;-1954082.509;2842533.147;NA;False; ; ;0; ; ; ; ; ; 
TRACK;1.12.1-65;-16.5043061;-71.48752922;-1954070.885;2842471.824;NA;False; ; ;0; ; ; ; ; ; 
TRACK;1.12.1-65;-16.50449542;-71.48863764;-1954079.049;2842343.708;NA;False; ; ;0; ; ; ; ; ; 
TRACK;1.12.1-66; ; ;-1.516416327;20763369.87;NA; ; ; ; ; ; ; ; ; ; 
TRACK;1.12.1-66;-16.50758351;-71.48865257;-1954441.641;2842301.356;NA;False; ; ;0; ; ; ; ; ; 
TRACK;1.12.1-66;-16.50721313;-71.48832846;-1954402.247;2842342.967;NA;False; ; ;0; ; ; ; ; ; 
TRACK;1.12.1-66;-16.50707343;-71.48811655;-1954388.527;2842368.822;NA;False; ; ;0; ; ; ; ; ; 
TRACK;1.12.1-66;-16.50702459;-71.48775605;-1954387.369;2842410.322;NA;False; ; ;0; ; ; ; ; ; 
TRACK;1.12.1-66;-16.50692153;-71.48725129;-1954381.674;2842468.886;NA;False; ; ;0; ; ; ; ; ; 
TRACK;1.12.1-66;-16.50584347;-71.48807696;-1954244.537;2842389.504;NA;False; ; ;0; ; ; ; ; ; 
TRACK;1.12.1-66;-16.50796124;-71.49093574;-1954457.015;2842037.625;NA;False; ; ;0; ; ; ; ; ; 
TRACK;1.12.1-66;-16.50966803;-71.48959693;-1954674.528;2842166.881;NA;False; ; ;0; ; ; ; ; ; 
TRACK;1.12.1-66;-16.50887893;-71.48911025;-1954588.011;2842232.429;NA;False; ; ;0; ; ; ; ; ; 
TRACK;1.12.1-66;-16.50824343;-71.48881179;-1954517.145;2842274.622;NA;False; ; ;0; ; ; ; ; ; 
TRACK;1.12.1-67; ; ;-1.516416327;20763369.87;NA; ; ; ; ; ; ; ; ; ; 
TRACK;1.12.1-67;-16.51111757;-71.48932639;-1954848.253;2842178.453;NA;False; ; ;0; ; ; ; ; ; 
TRACK;1.12.1-67;-16.51082865;-71.48938717;-1954813.54;2842175.37;NA;False; ; ;0; ; ; ; ; ; 
TRACK;1.12.1-67;-16.51094047;-71.489897;-1954820.198;2842116.117;NA;False; ; ;0; ; ; ; ; ; 
TRACK;1.12.1-67;-16.5112061;-71.48977875;-1954852.906;2842126.021;NA;False; ; ;0; ; ; ; ; ; 
TRACK;1.12.1-68; ; ;-1.516416327;20763369.87;NA; ; ; ; ; ; ; ; ; ; 
TRACK;1.12.1-68;-16.51101192;-71.48876976;-1954842.914;2842242.927;NA;False; ; ;0; ; ; ; ; ; 
TRACK;1.12.1-68;-16.51071568;-71.48882422;-1954807.421;2842240.657;NA;False; ; ;0; ; ; ; ; ; 
TRACK;1.12.1-68;-16.51082201;-71.48932217;-1954813.585;2842182.824;NA;False; ; ;0; ; ; ; ; ; 
TRACK;1.12.1-68;-16.51110193;-71.48925089;-1954847.375;2842187.216;NA;False; ; ;0; ; ; ; ; ; 
TRACK;1.12.1-69; ; ;-1.516416327;20763369.87;NA; ; ; ; ; ; ; ; ; ; 
TRACK;1.12.1-69;-16.51086729;-71.48989162;-1954811.67;2842117.691;NA;False; ; ;0; ; ; ; ; ; 
TRACK;1.12.1-69;-16.51064966;-71.48884205;-1954799.438;2842239.505;NA;False; ; ;0; ; ; ; ; ; 
TRACK;1.12.1-69;-16.51040271;-71.48891417;-1954769.511;2842234.584;NA;False; ; ;0; ; ; ; ; ; 
TRACK;1.12.1-69;-16.5105763;-71.48991779;-1954777.153;2842118.558;NA;False; ; ;0; ; ; ; ; ; 
TRACK;1.12.1-69;-16.51072191;-71.48993733;-1954794.011;2842114.425;NA;False; ; ;0; ; ; ; ; ; 
TRACK;1.12.1-70; ; ;-1.516416327;20763369.87;NA; ; ; ; ; ; ; ; ; ; 
TRACK;1.12.1-70;-16.51038452;-71.48920121;-1954763.727;2842202.293;NA;False; ; ;0; ; ; ; ; ; 
TRACK;1.12.1-70;-16.51011541;-71.48926398;-1954731.316;2842198.724;NA;False; ; ;0; ; ; ; ; ; 
TRACK;1.12.1-70;-16.51019192;-71.48967469;-1954735.086;2842151.17;NA;False; ; ;0; ; ; ; ; ; 
TRACK;1.12.1-70;-16.51017578;-71.48974408;-1954732.309;2842143.518;NA;False; ; ;0; ; ; ; ; ; 
TRACK;1.12.1-70;-16.51051747;-71.48988858;-1954770.613;2842122.642;NA;False; ; ;0; ; ; ; ; ; 
TRACK;1.12.1-71; ; ;-1.516416327;20763369.87;NA; ; ; ; ; ; ; ; ; ; 
TRACK;1.12.1-71;-16.51030227;-71.48867544;-1954760.745;2842262.962;NA;False; ; ;0; ; ; ; ; ; 
TRACK;1.12.1-71;-16.510086;-71.4886286;-1954735.932;2842271.119;NA;False; ; ;0; ; ; ; ; ; 
TRACK;1.12.1-71;-16.51002363;-71.48883782;-1954725.948;2842248.229;NA;False; ; ;0; ; ; ; ; ; 
TRACK;1.12.1-71;-16.51010403;-71.48921584;-1954730.59;2842204.329;NA;False; ; ;0; ; ; ; ; ; 
TRACK;1.12.1-71;-16.51037891;-71.48915429;-1954763.665;2842207.685;NA;False; ; ;0; ; ; ; ; ; 
TRACK;1.12.1-72; ; ;-1.516416327;20763369.87;NA; ; ; ; ; ; ; ; ; ; 
TRACK;1.12.1-72;-16.51014211;-71.48966358;-1954729.376;2842153.085;NA;False; ; ;0; ; ; ; ; ; 
TRACK;1.12.1-72;-16.51007351;-71.48928793;-1954726.089;2842196.561;NA;False; ; ;0; ; ; ; ; ; 
TRACK;1.12.1-72;-16.50967493;-71.48914248;-1954681.113;2842218.294;NA;False; ; ;0; ; ; ; ; ; 
TRACK;1.12.1-72;-16.50955983;-71.48945142;-1954663.666;2842184.797;NA;False; ; ;0; ; ; ; ; ; 
TRACK;1.12.1-72;-16.50978562;-71.4895982;-1954688.326;2842165.189;NA;False; ; ;0; ; ; ; ; ; 
TRACK;1.12.1-72;-16.50997416;-71.48966253;-1954709.659;2842155.416;NA;False; ; ;0; ; ; ; ; ; 
TRACK;1.12.1-72;-16.51013079;-71.48971737;-1954727.362;2842147.138;NA;False; ; ;0; ; ; ; ; ; 
TRACK;1.12.1-73; ; ;-1.516416327;20763369.87;NA; ; ; ; ; ; ; ; ; ; 
TRACK;1.12.1-73;-16.51006414;-71.48923029;-1954725.72;2842203.217;NA;False; ; ;0; ; ; ; ; ; 
TRACK;1.12.1-73;-16.50997686;-71.48881112;-1954720.792;2842251.871;NA;False; ; ;0; ; ; ; ; ; 
TRACK;1.12.1-73;-16.51010037;-71.48841653;-1954740.315;2842294.965;NA;False; ; ;0; ; ; ; ; ; 
TRACK;1.12.1-73;-16.50995362;-71.48839108;-1954723.398;2842299.781;NA;False; ; ;0; ; ; ; ; ; 
TRACK;1.12.1-73;-16.50968406;-71.48910103;-1954682.712;2842222.871;NA;False; ; ;0; ; ; ; ; ; 
TRACK;1.12.1-74; ; ;-1.516416327;20763369.87;NA; ; ; ; ; ; ; ; ; ; 
TRACK;1.12.1-74;-16.50993481;-71.48839074;-1954721.193;2842300.067;NA;False; ; ;0; ; ; ; ; ; 
TRACK;1.12.1-74;-16.5091599;-71.48820163;-1954632.561;2842331.704;NA;False; ; ;0; ; ; ; ; ; 
TRACK;1.12.1-74;-16.50818329;-71.48789187;-1954521.766;2842379.671;NA;False; ; ;0; ; ; ; ; ; 
TRACK;1.12.1-74;-16.50788207;-71.487636;-1954489.63;2842412.636;NA;False; ; ;0; ; ; ; ; ; 
TRACK;1.12.1-74;-16.50782837;-71.48743216;-1954485.91;2842436.446;NA;False; ; ;0; ; ; ; ; ; 
TRACK;1.12.1-74;-16.50791786;-71.48716311;-1954499.842;2842465.76;NA;False; ; ;0; ; ; ; ; ; 
TRACK;1.12.1-74;-16.50707595;-71.48712437;-1954401.428;2842481.237;NA;False; ; ;0; ; ; ; ; ; 
TRACK;1.12.1-74;-16.50705229;-71.48743535;-1954394.698;2842446.304;NA;False; ; ;0; ; ; ; ; ; 
TRACK;1.12.1-74;-16.50715964;-71.48787863;-1954401.677;2842394.651;NA;False; ; ;0; ; ; ; ; ; 
TRACK;1.12.1-74;-16.50723131;-71.48815369;-1954406.603;2842362.534;NA;False; ; ;0; ; ; ; ; ; 
TRACK;1.12.1-74;-16.50734212;-71.48836341;-1954416.957;2842337.307;NA;False; ; ;0; ; ; ; ; ; 
TRACK;1.12.1-74;-16.50758693;-71.48854916;-1954443.357;2842313.031;NA;False; ; ;0; ; ; ; ; ; 
TRACK;1.12.1-74;-16.50785618;-71.48864136;-1954473.817;2842299.037;NA;False; ; ;0; ; ; ; ; ; 
TRACK;1.12.1-74;-16.50833368;-71.48876419;-1954528.352;2842278.829;NA;False; ; ;0; ; ; ; ; ; 
TRACK;1.12.1-74;-16.5087569;-71.48896477;-1954575.523;2842250.523;NA;False; ; ;0; ; ; ; ; ; 
TRACK;1.12.1-74;-16.50952533;-71.48943494;-1954659.822;2842187.119;NA;False; ; ;0; ; ; ; ; ; 
TRACK;1.12.1-75; ; ;-1.516416327;20763369.87;NA; ; ; ; ; ; ; ; ; ; 
TRACK;1.12.1-75;-16.50808257;-71.48619998;-1954531.428;2842572.746;NA;False; ; ;0; ; ; ; ; ; 
TRACK;1.12.1-75;-16.50725582;-71.48608256;-1954435.794;2842596.942;NA;False; ; ;0; ; ; ; ; ; 
TRACK;1.12.1-75;-16.50708346;-71.48707214;-1954402.973;2842487.057;NA;False; ; ;0; ; ; ; ; ; 
TRACK;1.12.1-75;-16.50792039;-71.48711555;-1954500.743;2842471.117;NA;False; ; ;0; ; ; ; ; ; 
TRACK;1.12.1-76; ; ;-1.516416327;20763369.87;NA; ; ; ; ; ; ; ; ; ; 
TRACK;1.12.1-76;-16.50833492;-71.48511021;-1954574.921;2842692.932;NA;False; ; ;0; ; ; ; ; ; 
TRACK;1.12.1-76;-16.50746181;-71.48500872;-1954473.637;2842715.933;NA;False; ; ;0; ; ; ; ; ; 
TRACK;1.12.1-76;-16.50727868;-71.48599165;-1954439.634;2842606.944;NA;False; ; ;0; ; ; ; ; ; 
TRACK;1.12.1-76;-16.5080906;-71.4861261;-1954533.31;2842581.014;NA;False; ; ;0; ; ; ; ; ; 
TRACK;1.12.1-77; ; ;-1.516416327;20763369.87;NA; ; ; ; ; ; ; ; ; ; 
TRACK;1.12.1-77;-16.50810397;-71.48404168;-1954561.365;2842817.077;NA;False; ; ;0; ; ; ; ; ; 
TRACK;1.12.1-77;-16.50764968;-71.48397845;-1954508.798;2842830.226;NA;False; ; ;0; ; ; ; ; ; 
TRACK;1.12.1-77;-16.50755571;-71.48424055;-1954494.428;2842801.759;NA;False; ; ;0; ; ; ; ; ; 
TRACK;1.12.1-77;-16.50746335;-71.48493444;-1954474.762;2842724.332;NA;False; ; ;0; ; ; ; ; ; 
TRACK;1.12.1-77;-16.50792147;-71.4849799;-1954528.003;2842713.146;NA;False; ; ;0; ; ; ; ; ; 
TRACK;1.12.1-78; ; ;-1.516416327;20763369.87;NA; ; ; ; ; ; ; ; ; ; 
TRACK;1.12.1-78;-16.50812023;-71.48395614;-1954564.362;2842826.557;NA;False; ; ;0; ; ; ; ; ; 
TRACK;1.12.1-78;-16.5083084;-71.4834475;-1954592.932;2842881.726;NA;False; ; ;0; ; ; ; ; ; 
TRACK;1.12.1-78;-16.50847776;-71.4831879;-1954616.127;2842908.917;NA;False; ; ;0; ; ; ; ; ; 
TRACK;1.12.1-78;-16.50861195;-71.48298772;-1954634.436;2842929.837;NA;False; ; ;0; ; ; ; ; ; 
TRACK;1.12.1-78;-16.50870936;-71.48284299;-1954647.719;2842944.957;NA;False; ; ;0; ; ; ; ; ; 
TRACK;1.12.1-78;-16.50868789;-71.48264365;-1954647.73;2842967.833;NA;False; ; ;0; ; ; ; ; ; 
TRACK;1.12.1-78;-16.50841702;-71.48250175;-1954617.711;2842987.483;NA;False; ; ;0; ; ; ; ; ; 
TRACK;1.12.1-78;-16.50819269;-71.48277314;-1954587.907;2842959.68;NA;False; ; ;0; ; ; ; ; ; 
TRACK;1.12.1-78;-16.507971;-71.48309576;-1954557.763;2842926.035;NA;False; ; ;0; ; ; ; ; ; 
TRACK;1.12.1-78;-16.50785034;-71.4833047;-1954540.933;2842903.944;NA;False; ; ;0; ; ; ; ; ; 
TRACK;1.12.1-78;-16.50768719;-71.48388174;-1954514.434;2842840.693;NA;False; ; ;0; ; ; ; ; ; 
TRACK;1.12.1-80; ; ;-1.516416327;20763369.87;NA; ; ; ; ; ; ; ; ; ; 
TRACK;1.12.1-80;-16.50706128;-71.48353367;-1954445.324;2842888.386;NA;False; ; ;0; ; ; ; ; ; 
TRACK;1.12.1-80;-16.50756251;-71.48198881;-1954523.84;2843056.875;NA;False; ; ;0; ; ; ; ; ; 
TRACK;1.12.1-80;-16.50716394;-71.48192793;-1954477.789;2843069.025;NA;False; ; ;0; ; ; ; ; ; 
TRACK;1.12.1-80;-16.50648617;-71.48364325;-1954376.367;2842883.541;NA;False; ; ;0; ; ; ; ; ; 
TRACK;1.12.1-80;-16.50667439;-71.48368529;-1954397.945;2842876.297;NA;False; ; ;0; ; ; ; ; ; 
TRACK;1.12.1-81; ; ;-1.516416327;20763369.87;NA; ; ; ; ; ; ; ; ; ; 
TRACK;1.12.1-81;-16.50673763;-71.48183489;-1954428.887;2843085.185;NA;False; ; ;0; ; ; ; ; ; 
TRACK;1.12.1-81;-16.50606691;-71.48346475;-1954329.379;2842909.294;NA;False; ; ;0; ; ; ; ; ; 
TRACK;1.12.1-81;-16.50635321;-71.48366703;-1954360.444;2842882.597;NA;False; ; ;0; ; ; ; ; ; 
TRACK;1.12.1-81;-16.50708956;-71.48195297;-1954468.732;2843067.166;NA;False; ; ;0; ; ; ; ; ; 
TRACK;1.12.2-1; ; ;-1.516416327;20763369.87;NA; ; ; ; ; ; ; ; ; ; 
TRACK;1.12.2-1;-16.50048626;-71.50726333;-1953371.67;2840285.581;NA;False; ; ;0; ; ; ; ; ; 
TRACK;1.12.2-1;-16.50054145;-71.50652828;-1953387.476;2840368.156;NA;False; ; ;0; ; ; ; ; ; 
TRACK;1.12.2-1;-16.50059039;-71.50605763;-1953399.196;2840420.85;NA;False; ; ;0; ; ; ; ; ; 
TRACK;1.12.2-1;-16.50036246;-71.5058482;-1953375.078;2840447.582;NA;False; ; ;0; ; ; ; ; ; 
TRACK;1.12.2-1;-16.49987764;-71.50610636;-1953314.852;2840424.7;NA;False; ; ;0; ; ; ; ; ; 
TRACK;1.12.2-1;-16.49908916;-71.5070777;-1953209.912;2840324.987;NA;False; ; ;0; ; ; ; ; ; 
TRACK;1.12.2-1;-16.49888832;-71.5078936;-1953175.971;2840235.163;NA;False; ; ;0; ; ; ; ; ; 
TRACK;1.12.2-1;-16.50039518;-71.50864265;-1953343.476;2840130.466;NA;False; ; ;0; ; ; ; ; ; 
TRACK;1.12.2-1;-16.5008064;-71.50768315;-1953403.95;2840233.795;NA;False; ; ;0; ; ; ; ; ; 
TRACK;1.12.2-2; ; ;-1.516416327;20763369.87;NA; ; ; ; ; ; ; ; ; ; 
TRACK;1.12.2-2;-16.49895559;-71.50805855;-1953181.78;2840215.585;NA;False; ; ;0; ; ; ; ; ; 
TRACK;1.12.2-2;-16.49877748;-71.5079839;-1953161.806;2840226.387;NA;False; ; ;0; ; ; ; ; ; 
TRACK;1.12.2-2;-16.49836114;-71.50840624;-1953107.543;2840183.998;NA;False; ; ;0; ; ; ; ; ; 
TRACK;1.12.2-2;-16.49841157;-71.50901669;-1953105.725;2840114.154;NA;False; ; ;0; ; ; ; ; ; 
TRACK;1.12.2-2;-16.49860209;-71.50915643;-1953126.333;2840095.812;NA;False; ; ;0; ; ; ; ; ; 
TRACK;1.12.2-2;-16.49926079;-71.50941902;-1953200.377;2840057.395;NA;False; ; ;0; ; ; ; ; ; 
TRACK;1.12.2-2;-16.49960804;-71.50843891;-1953253.597;2840163.903;NA;False; ; ;0; ; ; ; ; ; 
TRACK;1.12.2-3; ; ;-1.516416327;20763369.87;NA; ; ; ; ; ; ; ; ; ; 
TRACK;1.12.2-3;-16.49911056;-71.51003941;-1953174.862;2839989.064;NA;False; ; ;0; ; ; ; ; ; 
TRACK;1.12.2-3;-16.49923098;-71.50948021;-1953196.099;2840050.852;NA;False; ; ;0; ; ; ; ; ; 
TRACK;1.12.2-3;-16.49881652;-71.5093165;-1953149.491;2840074.854;NA;False; ; ;0; ; ; ; ; ; 
TRACK;1.12.2-3;-16.49895064;-71.50989281;-1953157.936;2840007.779;NA;False; ; ;0; ; ; ; ; ; 
TRACK;1.12.2-3;-16.49884607;-71.51012016;-1953142.77;2839983.389;NA;False; ; ;0; ; ; ; ; ; 
TRACK;1.12.2-3;-16.49874838;-71.51034189;-1953128.483;2839959.546;NA;False; ; ;0; ; ; ; ; ; 
TRACK;1.12.2-3;-16.49886829;-71.51071526;-1953137.833;2839915.657;NA;False; ; ;0; ; ; ; ; ; 
TRACK;1.12.2-3;-16.49886829;-71.51071815;-1953137.796;2839915.329;NA;False; ; ;0; ; ; ; ; ; 
TRACK;1.12.2-3;-16.49911363;-71.51081124;-1953165.435;2839901.555;NA;False; ; ;0; ; ; ; ; ; 
TRACK;1.12.2-3;-16.49907394;-71.51040178;-1953165.965;2839948.48;NA;False; ; ;0; ; ; ; ; ; 
TRACK;1.12.2-5; ; ;-1.516416327;20763369.87;NA; ; ; ; ; ; ; ; ; ; 
TRACK;1.12.2-5;-16.50187942;-71.50873162;-1953516.694;2840100.869;NA;False; ; ;0; ; ; ; ; ; 
TRACK;1.12.2-5;-16.50164692;-71.50796254;-1953499.138;2840191.082;NA;False; ; ;0; ; ; ; ; ; 
TRACK;1.12.2-5;-16.50154143;-71.5075977;-1953491.376;2840233.814;NA;False; ; ;0; ; ; ; ; ; 
TRACK;1.12.2-5;-16.50096305;-71.5075733;-1953423.745;2840244.184;NA;False; ; ;0; ; ; ; ; ; 
TRACK;1.12.2-5;-16.50063353;-71.50873212;-1953370.338;2840117.192;NA;False; ; ;0; ; ; ; ; ; 
TRACK;1.12.2-7; ; ;-1.516416327;20763369.87;NA; ; ; ; ; ; ; ; ; ; 
TRACK;1.12.2-7;-16.50354769;-71.50810173;-1953720.649;2840150.314;NA;False; ; ;0; ; ; ; ; ; 
TRACK;1.12.2-7;-16.50390099;-71.50684399;-1953778.106;2840288.2;NA;False; ; ;0; ; ; ; ; ; 
TRACK;1.12.2-7;-16.50161155;-71.50763689;-1953499.115;2840228.451;NA;False; ; ;0; ; ; ; ; ; 
TRACK;1.12.2-7;-16.50194626;-71.50870967;-1953524.823;2840102.477;NA;False; ; ;0; ; ; ; ; ; 
TRACK;1.12.2-7;-16.50343284;-71.50824158;-1953705.383;2840135.977;NA;False; ; ;0; ; ; ; ; ; 
TRACK;1.12.2-8; ; ;-1.516416327;20763369.87;NA; ; ; ; ; ; ; ; ; ; 
TRACK;1.12.2-8;-16.50537183;-71.50653421;-1953954.81;2840303.962;NA;False; ; ;0; ; ; ; ; ; 
TRACK;1.12.2-8;-16.50536236;-71.506109;-1953959.093;2840352.273;NA;False; ; ;0; ; ; ; ; ; 
TRACK;1.12.2-8;-16.50568004;-71.50547968;-1954004.396;2840419.412;NA;False; ; ;0; ; ; ; ; ; 
TRACK;1.12.2-8;-16.50582817;-71.50510641;-1954026.532;2840459.764;NA;False; ; ;0; ; ; ; ; ; 
TRACK;1.12.2-8;-16.50587691;-71.50467853;-1954037.687;2840507.612;NA;False; ; ;0; ; ; ; ; ; 
TRACK;1.12.2-8;-16.50591531;-71.50439171;-1954045.839;2840539.61;NA;False; ; ;0; ; ; ; ; ; 
TRACK;1.12.2-8;-16.50478709;-71.50475948;-1953908.642;2840512.773;NA;False; ; ;0; ; ; ; ; ; 
TRACK;1.12.2-8;-16.50431333;-71.5062056;-1953834.641;2840355.123;NA;False; ; ;0; ; ; ; ; ; 
TRACK;1.12.2-9; ; ;-1.516416327;20763369.87;NA; ; ; ; ; ; ; ; ; ; 
TRACK;1.12.2-9;-16.50519262;-71.50759522;-1953920.297;2840186.082;NA;False; ; ;0; ; ; ; ; ; 
TRACK;1.12.2-9;-16.50539298;-71.50714139;-1953949.591;2840234.876;NA;False; ; ;0; ; ; ; ; ; 
TRACK;1.12.2-9;-16.50541356;-71.50662745;-1953958.529;2840292.847;NA;False; ; ;0; ; ; ; ; ; 
TRACK;1.12.2-9;-16.50426737;-71.50628814;-1953828.196;2840346.374;NA;False; ; ;0; ; ; ; ; ; 
TRACK;1.12.2-9;-16.50362937;-71.50816368;-1953729.458;2840142.22;NA;False; ; ;0; ; ; ; ; ; 
TRACK;1.12.2-10; ; ;-1.516416327;20763369.87;NA; ; ; ; ; ; ; ; ; ; 
TRACK;1.12.2-10;-16.50640279;-71.50719838;-1954067.485;2840215.137;NA;False; ; ;0; ; ; ; ; ; 
TRACK;1.12.2-10;-16.50599325;-71.50548942;-1954041.064;2840414.189;NA;False; ; ;0; ; ; ; ; ; 
TRACK;1.12.2-10;-16.50582084;-71.50548615;-1954020.853;2840416.826;NA;False; ; ;0; ; ; ; ; ; 
TRACK;1.12.2-10;-16.50550224;-71.505999;-1953976.92;2840362.899;NA;False; ; ;0; ; ; ; ; ; 
TRACK;1.12.2-10;-16.50548001;-71.50665512;-1953965.984;2840288.837;NA;False; ; ;0; ; ; ; ; ; 
TRACK;1.12.2-10;-16.50557255;-71.50751714;-1953965.916;2840189.934;NA;False; ; ;0; ; ; ; ; ; 
TRACK;1.12.2-11; ; ;-1.516416327;20763369.87;NA; ; ; ; ; ; ; ; ; ; 
TRACK;1.12.2-11;-16.5083337;-71.50661599;-1954301.692;2840255.735;NA;False; ; ;0; ; ; ; ; ; 
TRACK;1.12.2-11;-16.50737112;-71.50367665;-1954225.924;2840601.492;NA;False; ; ;0; ; ; ; ; ; 
TRACK;1.12.2-11;-16.50629069;-71.50407619;-1954093.938;2840570.428;NA;False; ; ;0; ; ; ; ; ; 
TRACK;1.12.2-11;-16.50602101;-71.5043896;-1954058.281;2840538.459;NA;False; ; ;0; ; ; ; ; ; 
TRACK;1.12.2-11;-16.50607542;-71.50530357;-1954053.075;2840434.169;NA;False; ; ;0; ; ; ; ; ; 
TRACK;1.12.2-11;-16.50649799;-71.50717146;-1954079.01;2840216.935;NA;False; ; ;0; ; ; ; ; ; 
TRACK;1.12.2-12; ; ;-1.516416327;20763369.87;NA; ; ; ; ; ; ; ; ; ; 
TRACK;1.12.2-12;-16.50990076;-71.50480701;-1954508.727;2840440.116;NA;False; ; ;0; ; ; ; ; ; 
TRACK;1.12.2-12;-16.50948759;-71.50338663;-1954478.223;2840606.513;NA;False; ; ;0; ; ; ; ; ; 
TRACK;1.12.2-12;-16.50898141;-71.50345478;-1954417.897;2840605.45;NA;False; ; ;0; ; ; ; ; ; 
TRACK;1.12.2-12;-16.50876676;-71.50329178;-1954394.752;2840626.746;NA;False; ; ;0; ; ; ; ; ; 
TRACK;1.12.2-12;-16.50859925;-71.50324734;-1954375.64;2840633.986;NA;False; ; ;0; ; ; ; ; ; 
TRACK;1.12.2-12;-16.50755575;-71.50356159;-1954249.073;2840612.102;NA;False; ; ;0; ; ; ; ; ; 
TRACK;1.12.2-12;-16.50752789;-71.50370129;-1954244.027;2840596.637;NA;False; ; ;0; ; ; ; ; ; 
TRACK;1.12.2-12;-16.50841481;-71.50652481;-1954312.377;2840265.001;NA;False; ; ;0; ; ; ; ; ; 
TRACK;1.12.2-12;-16.51020199;-71.50594795;-1954529.63;2840306.86;NA;False; ; ;0; ; ; ; ; ; 
TRACK;1.12.2-13; ; ;-1.516416327;20763369.87;NA; ; ; ; ; ; ; ; ; ; 
TRACK;1.12.2-13;-16.51302215;-71.50249179;-1954904.779;2840661.403;NA;False; ; ;0; ; ; ; ; ; 
TRACK;1.12.2-13;-16.51273028;-71.50165082;-1954881.172;2840760.544;NA;False; ; ;0; ; ; ; ; ; 
TRACK;1.12.2-13;-16.5113851;-71.50218602;-1954716.361;2840717.599;NA;False; ; ;0; ; ; ; ; ; 
TRACK;1.12.2-13;-16.51012849;-71.50268707;-1954562.388;2840677.355;NA;False; ; ;0; ; ; ; ; ; 
TRACK;1.12.2-13;-16.51089733;-71.50562033;-1954615.468;2840334.838;NA;False; ; ;0; ; ; ; ; ; 
TRACK;1.12.2-13;-16.51286052;-71.50501036;-1954853.818;2840378.127;NA;False; ; ;0; ; ; ; ; ; 
TRACK;1.12.2-13;-16.51295279;-71.50405324;-1954876.807;2840485.373;NA;False; ; ;0; ; ; ; ; ; 
TRACK;1.12.2-13;-16.51293936;-71.50372111;-1954879.447;2840523.186;NA;False; ; ;0; ; ; ; ; ; 
TRACK;1.12.2-13;-16.5129058;-71.50330842;-1954880.744;2840570.394;NA;False; ; ;0; ; ; ; ; ; 
TRACK;1.12.2-14; ; ;-1.516416327;20763369.87;NA; ; ; ; ; ; ; ; ; ; 
TRACK;1.12.2-14;-16.51334232;-71.50224909;-1954945.471;2840684.692;NA;False; ; ;0; ; ; ; ; ; 
TRACK;1.12.2-14;-16.5135208;-71.50218579;-1954967.24;2840689.516;NA;False; ; ;0; ; ; ; ; ; 
TRACK;1.12.2-14;-16.51340146;-71.50182641;-1954957.785;2840731.813;NA;False; ; ;0; ; ; ; ; ; 
TRACK;1.12.2-14;-16.51322393;-71.50189254;-1954936.09;2840726.655;NA;False; ; ;0; ; ; ; ; ; 
TRACK;1.12.2-14;-16.51333743;-71.50225371;-1954944.837;2840684.233;NA;False; ; ;0; ; ; ; ; ; 
TRACK;1.12.2-15; ; ;-1.516416327;20763369.87;NA; ; ; ; ; ; ; ; ; ; 
TRACK;1.12.2-15;-16.51443988;-71.50188361;-1955079.039;2840711.663;NA;False; ; ;0; ; ; ; ; ; 
TRACK;1.12.2-15;-16.51431772;-71.50152343;-1955069.263;2840754.086;NA;False; ; ;0; ; ; ; ; ; 
TRACK;1.12.2-15;-16.51345664;-71.50180249;-1954964.57;2840733.797;NA;False; ; ;0; ; ; ; ; ; 
TRACK;1.12.2-15;-16.51358256;-71.50215904;-1954974.834;2840691.735;NA;False; ; ;0; ; ; ; ; ; 
TRACK;1.12.2-16; ; ;-1.516416327;20763369.87;NA; ; ; ; ; ; ; ; ; ; 
TRACK;1.12.2-16;-16.51354549;-71.50223337;-1954969.536;2840683.8;NA;False; ; ;0; ; ; ; ; ; 
TRACK;1.12.2-16;-16.51334274;-71.50229387;-1954944.951;2840679.612;NA;False; ; ;0; ; ; ; ; ; 
TRACK;1.12.2-16;-16.51356365;-71.5031263;-1954960.332;2840582.374;NA;False; ; ;0; ; ; ; ; ; 
TRACK;1.12.2-16;-16.5137894;-71.50304257;-1954987.913;2840588.891;NA;False; ; ;0; ; ; ; ; ; 
TRACK;1.12.2-17; ; ;-1.516416327;20763369.87;NA; ; ; ; ; ; ; ; ; ; 
TRACK;1.12.2-17;-16.5139414;-71.50212072;-1955017.473;2840691.354;NA;False; ; ;0; ; ; ; ; ; 
TRACK;1.12.2-17;-16.51360146;-71.50222002;-1954976.28;2840684.576;NA;False; ; ;0; ; ; ; ; ; 
TRACK;1.12.2-17;-16.51385023;-71.50302299;-1954995.307;2840590.31;NA;False; ; ;0; ; ; ; ; ; 
TRACK;1.12.2-17;-16.51419127;-71.50290453;-1955036.873;2840599.244;NA;False; ; ;0; ; ; ; ; ; 
TRACK;1.12.2-18; ; ;-1.516416327;20763369.87;NA; ; ; ; ; ; ; ; ; ; 
TRACK;1.12.2-18;-16.51461626;-71.50280737;-1955088.028;2840604.661;NA;False; ; ;0; ; ; ; ; ; 
TRACK;1.12.2-18;-16.51434846;-71.50199206;-1955066.924;2840700.576;NA;False; ; ;0; ; ; ; ; ; 
TRACK;1.12.2-18;-16.51400705;-71.50209191;-1955025.551;2840693.755;NA;False; ; ;0; ; ; ; ; ; 
TRACK;1.12.2-18;-16.51425347;-71.50291675;-1955044.024;2840597.041;NA;False; ; ;0; ; ; ; ; ; 
TRACK;1.12.2-19; ; ;-1.516416327;20763369.87;NA; ; ; ; ; ; ; ; ; ; 
TRACK;1.12.2-19;-16.51514358;-71.50267831;-1955151.611;2840612.345;NA;False; ; ;0; ; ; ; ; ; 
TRACK;1.12.2-19;-16.51497896;-71.50217533;-1955138.659;2840671.509;NA;False; ; ;0; ; ; ; ; ; 
TRACK;1.12.2-19;-16.51473072;-71.50223148;-1955108.786;2840668.413;NA;False; ; ;0; ; ; ; ; ; 
TRACK;1.12.2-19;-16.51454246;-71.50193647;-1955090.418;2840704.322;NA;False; ; ;0; ; ; ; ; ; 
TRACK;1.12.2-19;-16.51439731;-71.50196607;-1955072.992;2840702.878;NA;False; ; ;0; ; ; ; ; ; 
TRACK;1.12.2-19;-16.51468723;-71.50285986;-1955095.698;2840597.779;NA;False; ; ;0; ; ; ; ; ; 
TRACK;1.12.2-20; ; ;-1.516416327;20763369.87;NA; ; ; ; ; ; ; ; ; ; 
TRACK;1.12.2-20;-16.51476589;-71.50326591;-1955099.783;2840550.731;NA;False; ; ;0; ; ; ; ; ; 
TRACK;1.12.2-20;-16.51463168;-71.50288266;-1955088.883;2840595.926;NA;False; ; ;0; ; ; ; ; ; 
TRACK;1.12.2-20;-16.51428214;-71.50295496;-1955046.906;2840592.333;NA;False; ; ;0; ; ; ; ; ; 
TRACK;1.12.2-20;-16.51446986;-71.50351237;-1955061.88;2840526.698;NA;False; ; ;0; ; ; ; ; ; 
TRACK;1.12.2-21; ; ;-1.516416327;20763369.87;NA; ; ; ; ; ; ; ; ; ; 
TRACK;1.12.2-21;-16.51446093;-71.50366815;-1955058.854;2840509.162;NA;False; ; ;0; ; ; ; ; ; 
TRACK;1.12.2-21;-16.5142146;-71.50297444;-1955038.725;2840591.015;NA;False; ; ;0; ; ; ; ; ; 
TRACK;1.12.2-21;-16.51386279;-71.50309361;-1954995.886;2840582.141;NA;False; ; ;0; ; ; ; ; ; 
TRACK;1.12.2-21;-16.51409177;-71.50382582;-1955013.487;2840496.154;NA;False; ; ;0; ; ; ; ; ; 
TRACK;1.12.2-22; ; ;-1.516416327;20763369.87;NA; ; ; ; ; ; ; ; ; ; 
TRACK;1.12.2-22;-16.51351865;-71.50380915;-1954946.376;2840505.586;NA;False; ; ;0; ; ; ; ; ; 
TRACK;1.12.2-22;-16.51357993;-71.50406175;-1954950.367;2840476.155;NA;False; ; ;0; ; ; ; ; ; 
TRACK;1.12.2-22;-16.51403966;-71.5038432;-1955007.145;2840494.871;NA;False; ; ;0; ; ; ; ; ; 
TRACK;1.12.2-22;-16.51380087;-71.50309719;-1954988.567;2840582.55;NA;False; ; ;0; ; ; ; ; ; 
TRACK;1.12.2-22;-16.51361642;-71.50317351;-1954965.931;2840576.33;NA;False; ; ;0; ; ; ; ; ; 
TRACK;1.12.2-25; ; ;-1.516416327;20763369.87;NA; ; ; ; ; ; ; ; ; ; 
TRACK;1.12.2-25;-16.51096701;-71.50856576;-1954586.269;2840000.147;NA;False; ; ;0; ; ; ; ; ; 
TRACK;1.12.2-25;-16.51021894;-71.50612766;-1954529.34;2840286.272;NA;False; ; ;0; ; ; ; ; ; 
TRACK;1.12.2-25;-16.50846954;-71.50670548;-1954316.512;2840243.807;NA;False; ; ;0; ; ; ; ; ; 
TRACK;1.12.2-25;-16.50924203;-71.50910129;-1954376.85;2839962.153;NA;False; ; ;0; ; ; ; ; ; 
TRACK;1.12.2-26; ; ;-1.516416327;20763369.87;NA; ; ; ; ; ; ; ; ; ; 
TRACK;1.12.2-26;-16.50837588;-71.50675889;-1954304.834;2840238.987;NA;False; ; ;0; ; ; ; ; ; 
TRACK;1.12.2-26;-16.506625;-71.50736486;-1954091.476;2840193.348;NA;False; ; ;0; ; ; ; ; ; 
TRACK;1.12.2-26;-16.50715711;-71.50917047;-1954131.069;2839981.735;NA;False; ; ;0; ; ; ; ; ; 
TRACK;1.12.2-26;-16.50805904;-71.5088882;-1954240.595;2840001.86;NA;False; ; ;0; ; ; ; ; ; 
TRACK;1.12.2-26;-16.50824039;-71.50955206;-1954253.475;2839924.246;NA;False; ; ;0; ; ; ; ; ; 
TRACK;1.12.2-26;-16.50912486;-71.50920214;-1954361.808;2839952.265;NA;False; ; ;0; ; ; ; ; ; 
TRACK;1.12.2-28; ; ;-1.516416327;20763369.87;NA; ; ; ; ; ; ; ; ; ; 
TRACK;1.12.2-28;-16.5048855;-71.51087219;-1953842.649;2839818.767;NA;False; ; ;0; ; ; ; ; ; 
TRACK;1.12.2-28;-16.50545258;-71.51036453;-1953915.699;2839868.839;NA;False; ; ;0; ; ; ; ; ; 
TRACK;1.12.2-28;-16.50561699;-71.5098841;-1953941.107;2839921.12;NA;False; ; ;0; ; ; ; ; ; 
TRACK;1.12.2-28;-16.50502557;-71.50788879;-1953896.949;2840155.011;NA;False; ; ;0; ; ; ; ; ; 
TRACK;1.12.2-28;-16.50351726;-71.50838563;-1953713.472;2840118.542;NA;False; ; ;0; ; ; ; ; ; 
TRACK;1.12.2-28;-16.50437902;-71.51112287;-1953779.976;2839797.02;NA;False; ; ;0; ; ; ; ; ; 
TRACK;1.12.2-29; ; ;-1.516416327;20763369.87;NA; ; ; ; ; ; ; ; ; ; 
TRACK;1.12.2-29;-16.50420068;-71.51110027;-1953759.314;2839801.925;NA;False; ; ;0; ; ; ; ; ; 
TRACK;1.12.2-29;-16.50338892;-71.50839961;-1953698.219;2840118.645;NA;False; ; ;0; ; ; ; ; ; 
TRACK;1.12.2-29;-16.50181504;-71.50891335;-1953506.826;2840081.12;NA;False; ; ;0; ; ; ; ; ; 
TRACK;1.12.2-29;-16.50176824;-71.50895521;-1953500.798;2840076.992;NA;False; ; ;0; ; ; ; ; ; 
TRACK;1.12.2-29;-16.50172572;-71.50901008;-1953495.107;2840071.333;NA;False; ; ;0; ; ; ; ; ; 
TRACK;1.12.2-29;-16.50170194;-71.50907876;-1953491.443;2840063.863;NA;False; ; ;0; ; ; ; ; ; 
TRACK;1.12.2-29;-16.50167324;-71.50915584;-1953487.094;2840055.505;NA;False; ; ;0; ; ; ; ; ; 
TRACK;1.12.2-29;-16.50165883;-71.5092173;-1953484.622;2840048.729;NA;False; ; ;0; ; ; ; ; ; 
TRACK;1.12.2-29;-16.50244906;-71.51179051;-1953544.808;2839746.734;NA;False; ; ;0; ; ; ; ; ; 
TRACK;1.12.2-31; ; ;-1.516416327;20763369.87;NA; ; ; ; ; ; ; ; ; ; 
TRACK;1.12.2-31;-16.5024406;-71.51379206;-1953518.43;2839520.027;NA;False; ; ;0; ; ; ; ; ; 
TRACK;1.12.2-31;-16.50262334;-71.51427755;-1953533.739;2839462.608;NA;False; ; ;0; ; ; ; ; ; 
TRACK;1.12.2-31;-16.50410591;-71.51377551;-1953714.251;2839500.011;NA;False; ; ;0; ; ; ; ; ; 
TRACK;1.12.2-31;-16.50457113;-71.51334634;-1953774.339;2839542.529;NA;False; ; ;0; ; ; ; ; ; 
TRACK;1.12.2-31;-16.50460038;-71.51249484;-1953788.575;2839638.636;NA;False; ; ;0; ; ; ; ; ; 
TRACK;1.12.2-31;-16.50421571;-71.51150978;-1953755.885;2839755.322;NA;False; ; ;0; ; ; ; ; ; 
TRACK;1.12.2-31;-16.50086111;-71.51263875;-1953347.525;2839671.484;NA;False; ; ;0; ; ; ; ; ; 
TRACK;1.12.2-31;-16.5013263;-71.51417778;-1953382.652;2839490.962;NA;False; ; ;0; ; ; ; ; ; 
TRACK;1.12.2-32; ; ;-1.516416327;20763369.87;NA; ; ; ; ; ; ; ; ; ; 
TRACK;1.12.2-32;-16.50237804;-71.51388077;-1953509.957;2839510.796;NA;False; ; ;0; ; ; ; ; ; 
TRACK;1.12.2-32;-16.50134908;-71.51425104;-1953384.398;2839482.362;NA;False; ; ;0; ; ; ; ; ; 
TRACK;1.12.2-32;-16.50147353;-71.5146448;-1953394.023;2839436.104;NA;False; ; ;0; ; ; ; ; ; 
TRACK;1.12.2-32;-16.50251154;-71.51428413;-1953520.523;2839463.332;NA;False; ; ;0; ; ; ; ; ; 
TRACK;1.12.2-34; ; ;-1.516416327;20763369.87;NA; ; ; ; ; ; ; ; ; ; 
TRACK;1.12.2-34;-16.49981534;-71.51418764;-1953205.046;2839509.704;NA;False; ; ;0; ; ; ; ; ; 
TRACK;1.12.2-34;-16.49987481;-71.5142962;-1953210.655;2839496.62;NA;False; ; ;0; ; ; ; ; ; 
TRACK;1.12.2-34;-16.49995427;-71.51437682;-1953218.967;2839486.44;NA;False; ; ;0; ; ; ; ; ; 
TRACK;1.12.2-34;-16.50004015;-71.51442051;-1953228.5;2839480.36;NA;False; ; ;0; ; ; ; ; ; 
TRACK;1.12.2-34;-16.50014094;-71.51445453;-1953239.908;2839475.18;NA;False; ; ;0; ; ; ; ; ; 
TRACK;1.12.2-34;-16.50024522;-71.51446754;-1953251.992;2839472.336;NA;False; ; ;0; ; ; ; ; ; 
TRACK;1.12.2-34;-16.501219;-71.5141582;-1953370.296;2839494.592;NA;False; ; ;0; ; ; ; ; ; 
TRACK;1.12.2-34;-16.50107381;-71.51375983;-1953358.293;2839541.644;NA;False; ; ;0; ; ; ; ; ; 
TRACK;1.12.2-35; ; ;-1.516416327;20763369.87;NA; ; ; ; ; ; ; ; ; ; 
TRACK;1.12.2-35;-16.50036943;-71.51455963;-1953265.414;2839460.267;NA;False; ; ;0; ; ; ; ; ; 
TRACK;1.12.2-35;-16.50031612;-71.51457722;-1953258.929;2839458.974;NA;False; ; ;0; ; ; ; ; ; 
TRACK;1.12.2-35;-16.50023778;-71.51458714;-1953249.601;2839458.88;NA;False; ; ;0; ; ; ; ; ; 
TRACK;1.12.2-35;-16.50018175;-71.51458275;-1953243.075;2839460.114;NA;False; ; ;0; ; ; ; ; ; 
TRACK;1.12.2-35;-16.50010686;-71.51457021;-1953234.437;2839462.519;NA;False; ; ;0; ; ; ; ; ; 
TRACK;1.12.2-35;-16.49999661;-71.51453235;-1953221.968;2839468.259;NA;False; ; ;0; ; ; ; ; ; 
TRACK;1.12.2-35;-16.4999341;-71.51449299;-1953215.124;2839473.54;NA;False; ; ;0; ; ; ; ; ; 
TRACK;1.12.2-35;-16.49986428;-71.51444729;-1953207.502;2839479.637;NA;False; ; ;0; ; ; ; ; ; 
TRACK;1.12.2-35;-16.49982248;-71.51441252;-1953203.033;2839484.127;NA;False; ; ;0; ; ; ; ; ; 
TRACK;1.12.2-35;-16.49974424;-71.51434495;-1953194.7;2839492.812;NA;False; ; ;0; ; ; ; ; ; 
TRACK;1.12.2-35;-16.49968463;-71.51424687;-1953188.941;2839504.71;NA;False; ; ;0; ; ; ; ; ; 
TRACK;1.12.2-35;-16.49930389;-71.51435645;-1953142.829;2839497.295;NA;False; ; ;0; ; ; ; ; ; 
TRACK;1.12.2-35;-16.49931237;-71.51445604;-1953142.563;2839485.898;NA;False; ; ;0; ; ; ; ; ; 
TRACK;1.12.2-35;-16.49934891;-71.5145093;-1953146.179;2839479.383;NA;False; ; ;0; ; ; ; ; ; 
TRACK;1.12.2-35;-16.49940178;-71.51458714;-1953151.403;2839469.866;NA;False; ; ;0; ; ; ; ; ; 
TRACK;1.12.2-35;-16.49944855;-71.5146416;-1953156.207;2839463.081;NA;False; ; ;0; ; ; ; ; ; 
TRACK;1.12.2-35;-16.49949755;-71.5146829;-1953161.438;2839457.756;NA;False; ; ;0; ; ; ; ; ; 
TRACK;1.12.2-35;-16.49953528;-71.51472411;-1953165.347;2839452.59;NA;False; ; ;0; ; ; ; ; ; 
TRACK;1.12.2-35;-16.49959392;-71.51477157;-1953171.634;2839446.442;NA;False; ; ;0; ; ; ; ; ; 
TRACK;1.12.2-35;-16.499657;-71.51481325;-1953178.515;2839440.889;NA;False; ; ;0; ; ; ; ; ; 
TRACK;1.12.2-35;-16.49970888;-71.51485484;-1953184.081;2839435.494;NA;False; ; ;0; ; ; ; ; ; 
TRACK;1.12.2-35;-16.49977285;-71.51488555;-1953191.206;2839431.173;NA;False; ; ;0; ; ; ; ; ; 
TRACK;1.12.2-35;-16.49984087;-71.51492033;-1953198.755;2839426.339;NA;False; ; ;0; ; ; ; ; ; 
TRACK;1.12.2-35;-16.49990441;-71.51493988;-1953205.971;2839423.287;NA;False; ; ;0; ; ; ; ; ; 
TRACK;1.12.2-35;-16.49997377;-71.51496195;-1953213.838;2839419.875;NA;False; ; ;0; ; ; ; ; ; 
TRACK;1.12.2-35;-16.5000538;-71.51497315;-1953223.097;2839417.554;NA;False; ; ;0; ; ; ; ; ; 
TRACK;1.12.2-35;-16.5001239;-71.5149922;-1953231.089;2839414.475;NA;False; ; ;0; ; ; ; ; ; 
TRACK;1.12.2-35;-16.50019243;-71.51499567;-1953239.095;2839413.18;NA;False; ; ;0; ; ; ; ; ; 
TRACK;1.12.2-35;-16.50026512;-71.51500433;-1953247.522;2839411.244;NA;False; ; ;0; ; ; ; ; ; 
TRACK;1.12.2-35;-16.50034657;-71.51500671;-1953257.06;2839409.904;NA;False; ; ;0; ; ; ; ; ; 
TRACK;1.12.2-35;-16.5004218;-71.51498958;-1953266.114;2839410.856;NA;False; ; ;0; ; ; ; ; ; 
TRACK;1.12.2-35;-16.5014072;-71.51466421;-1953385.986;2839434.776;NA;False; ; ;0; ; ; ; ; ; 
TRACK;1.12.2-35;-16.50128357;-71.51426483;-1953376.529;2839481.66;NA;False; ; ;0; ; ; ; ; ; 
TRACK;1.12.2-38; ; ;-1.516416327;20763369.87;NA; ; ; ; ; ; ; ; ; ; 
TRACK;1.12.2-38;-16.49940991;-71.51557919;-1953139.781;2839357.338;NA;False; ; ;0; ; ; ; ; ; 
TRACK;1.12.2-38;-16.49944854;-71.51546136;-1953145.812;2839370.183;NA;False; ; ;0; ; ; ; ; ; 
TRACK;1.12.2-38;-16.49948467;-71.51532833;-1953151.743;2839384.784;NA;False; ; ;0; ; ; ; ; ; 
TRACK;1.12.2-38;-16.49922262;-71.51444036;-1953132.219;2839488.855;NA;False; ; ;0; ; ; ; ; ; 
TRACK;1.12.2-38;-16.49884647;-71.51459086;-1953086.128;2839476.743;NA;False; ; ;0; ; ; ; ; ; 
TRACK;1.12.2-38;-16.49920772;-71.51567543;-1953114.811;2839349.089;NA;False; ; ;0; ; ; ; ; ; 
TRACK;1.12.2-38;-16.49937856;-71.51562105;-1953135.567;2839353.006;NA;False; ; ;0; ; ; ; ; ; 
TRACK;1.12.2-39; ; ;-1.516416327;20763369.87;NA; ; ; ; ; ; ; ; ; ; 
TRACK;1.12.2-39;-16.49878699;-71.51584592;-1953063.23;2839335.297;NA;False; ; ;0; ; ; ; ; ; 
TRACK;1.12.2-39;-16.49882991;-71.51624791;-1953063.175;2839289.178;NA;False; ; ;0; ; ; ; ; ; 
TRACK;1.12.2-39;-16.49905962;-71.51704055;-1953080.109;2839196.336;NA;False; ; ;0; ; ; ; ; ; 
TRACK;1.12.2-39;-16.49948183;-71.51706481;-1953129.394;2839188.04;NA;False; ; ;0; ; ; ; ; ; 
TRACK;1.12.2-39;-16.49904331;-71.51571913;-1953094.945;2839346.297;NA;False; ; ;0; ; ; ; ; ; 
TRACK;1.12.2-40; ; ;-1.516416327;20763369.87;NA; ; ; ; ; ; ; ; ; ; 
TRACK;1.12.2-40;-16.49984808;-71.51763436;-1953165.194;2839118.685;NA;False; ; ;0; ; ; ; ; ; 
TRACK;1.12.2-40;-16.49996866;-71.51760926;-1953179.675;2839119.946;NA;False; ; ;0; ; ; ; ; ; 
TRACK;1.12.2-40;-16.50025186;-71.51761814;-1953212.827;2839115.218;NA;False; ; ;0; ; ; ; ; ; 
TRACK;1.12.2-40;-16.50012777;-71.51725235;-1953202.889;2839158.3;NA;False; ; ;0; ; ; ; ; ; 
TRACK;1.12.2-40;-16.49868785;-71.51712057;-1953035.426;2839192.153;NA;False; ; ;0; ; ; ; ; ; 
TRACK;1.12.2-40;-16.49867668;-71.51712147;-1953034.102;2839192.198;NA;False; ; ;0; ; ; ; ; ; 
TRACK;1.12.2-40;-16.49876032;-71.51752881;-1953038.763;2839144.939;NA;False; ; ;0; ; ; ; ; ; 
TRACK;1.12.2-41; ; ;-1.516416327;20763369.87;NA; ; ; ; ; ; ; ; ; ; 
TRACK;1.12.2-41;-16.50068665;-71.51644455;-1953278.776;2839242.496;NA;False; ; ;0; ; ; ; ; ; 
TRACK;1.12.2-41;-16.50072669;-71.51541319;-1953296.556;2839358.844;NA;False; ; ;0; ; ; ; ; ; 
TRACK;1.12.2-41;-16.50065772;-71.51517481;-1953291.477;2839386.765;NA;False; ; ;0; ; ; ; ; ; 
TRACK;1.12.2-41;-16.50016543;-71.51532462;-1953231.752;2839376.258;NA;False; ; ;0; ; ; ; ; ; 
TRACK;1.12.2-41;-16.50053463;-71.51648525;-1953260.403;2839239.881;NA;False; ; ;0; ; ; ; ; ; 
TRACK;1.12.2-43; ; ;-1.516416327;20763369.87;NA; ; ; ; ; ; ; ; ; ; 
TRACK;1.12.2-43;-16.50285193;-71.51570417;-1953542.499;2839297.938;NA;False; ; ;0; ; ; ; ; ; 
TRACK;1.12.2-43;-16.5031063;-71.51570713;-1953572.34;2839294.26;NA;False; ; ;0; ; ; ; ; ; 
TRACK;1.12.2-43;-16.50335726;-71.51481656;-1953613.111;2839391.881;NA;False; ; ;0; ; ; ; ; ; 
TRACK;1.12.2-43;-16.50276829;-71.51463362;-1953546.249;2839420.353;NA;False; ; ;0; ; ; ; ; ; 
TRACK;1.12.2-43;-16.50255759;-71.51553482;-1953510.073;2839320.998;NA;False; ; ;0; ; ; ; ; ; 
TRACK;1.12.2-44; ; ;-1.516416327;20763369.87;NA; ; ; ; ; ; ; ; ; ; 
TRACK;1.12.2-44;-16.50296267;-71.51430174;-1953573.291;2839455.406;NA;False; ; ;0; ; ; ; ; ; 
TRACK;1.12.2-44;-16.50272499;-71.51438798;-1953544.278;2839448.758;NA;False; ; ;0; ; ; ; ; ; 
TRACK;1.12.2-44;-16.50275335;-71.51452702;-1953545.847;2839432.629;NA;False; ; ;0; ; ; ; ; ; 
TRACK;1.12.2-44;-16.50306208;-71.51463963;-1953580.683;2839415.811;NA;False; ; ;0; ; ; ; ; ; 
TRACK;1.12.2-45; ; ;-1.516416327;20763369.87;NA; ; ; ; ; ; ; ; ; ; 
TRACK;1.12.2-45;-16.50412665;-71.51462362;-1953705.931;2839403.631;NA;False; ; ;0; ; ; ; ; ; 
TRACK;1.12.2-45;-16.50319234;-71.51432363;-1953599.99;2839449.907;NA;False; ; ;0; ; ; ; ; ; 
TRACK;1.12.2-45;-16.50311038;-71.51462463;-1953586.546;2839416.875;NA;False; ; ;0; ; ; ; ; ; 
TRACK;1.12.2-45;-16.50404409;-71.51491995;-1953692.476;2839371.135;NA;False; ; ;0; ; ; ; ; ; 
TRACK;1.12.2-46; ; ;-1.516416327;20763369.87;NA; ; ; ; ; ; ; ; ; ; 
TRACK;1.12.2-46;-16.50372283;-71.51588461;-1953642.507;2839266.045;NA;False; ; ;0; ; ; ; ; ; 
TRACK;1.12.2-46;-16.50399007;-71.51505433;-1953684.427;2839356.618;NA;False; ; ;0; ; ; ; ; ; 
TRACK;1.12.2-46;-16.50346253;-71.51487706;-1953624.709;2839383.641;NA;False; ; ;0; ; ; ; ; ; 
TRACK;1.12.2-46;-16.50320389;-71.5157469;-1953583.298;2839288.47;NA;False; ; ;0; ; ; ; ; ; 
TRACK;1.12.2-47; ; ;-1.516416327;20763369.87;NA; ; ; ; ; ; ; ; ; ; 
TRACK;1.12.2-47;-16.50409838;-71.51593236;-1953686.014;2839255.697;NA;False; ; ;0; ; ; ; ; ; 
TRACK;1.12.2-47;-16.50421367;-71.51587226;-1953700.318;2839260.992;NA;False; ; ;0; ; ; ; ; ; 
TRACK;1.12.2-47;-16.50433199;-71.51572856;-1953716.037;2839275.72;NA;False; ; ;0; ; ; ; ; ; 
TRACK;1.12.2-47;-16.50446633;-71.51539639;-1953736.03;2839311.596;NA;False; ; ;0; ; ; ; ; ; 
TRACK;1.12.2-47;-16.50440199;-71.51470401;-1953737.253;2839390.901;NA;False; ; ;0; ; ; ; ; ; 
TRACK;1.12.2-47;-16.5042175;-71.51462606;-1953716.571;2839402.16;NA;False; ; ;0; ; ; ; ; ; 
TRACK;1.12.2-47;-16.50378708;-71.51589238;-1953649.956;2839264.32;NA;False; ; ;0; ; ; ; ; ; 
TRACK;1.12.2-48; ; ;-1.516416327;20763369.87;NA; ; ; ; ; ; ; ; ; ; 
TRACK;1.12.2-48;-16.50471574;-71.51354389;-1953788.82;2839518.241;NA;False; ; ;0; ; ; ; ; ; 
TRACK;1.12.2-48;-16.50444736;-71.51365839;-1953755.843;2839508.794;NA;False; ; ;0; ; ; ; ; ; 
TRACK;1.12.2-48;-16.50448813;-71.51441528;-1953751.033;2839422.488;NA;False; ; ;0; ; ; ; ; ; 
TRACK;1.12.2-48;-16.50480841;-71.51441687;-1953788.633;2839418.097;NA;False; ; ;0; ; ; ; ; ; 
TRACK;1.12.3-3; ; ;-1.516416327;20763369.87;NA; ; ; ; ; ; ; ; ; ; 
TRACK;1.12.3-3;-16.49761252;-71.50178655;-1953103.572;2840944.05;NA;False; ; ;0; ; ; ; ; ; 
TRACK;1.12.3-3;-16.49779665;-71.50177861;-1953125.303;2840942.528;NA;False; ; ;0; ; ; ; ; ; 
TRACK;1.12.3-3;-16.49781346;-71.50119957;-1953134.624;2841007.932;NA;False; ; ;0; ; ; ; ; ; 
TRACK;1.12.3-3;-16.49722145;-71.50068831;-1953071.567;2841073.659;NA;False; ; ;0; ; ; ; ; ; 
TRACK;1.12.3-3;-16.49555603;-71.50131538;-1952867.972;2841024.491;NA;False; ; ;0; ; ; ; ; ; 
TRACK;1.12.3-3;-16.49570206;-71.50193179;-1952877.307;2840952.711;NA;False; ; ;0; ; ; ; ; ; 
TRACK;1.12.3-3;-16.49627348;-71.50191757;-1952944.613;2840946.809;NA;False; ; ;0; ; ; ; ; ; 
TRACK;1.12.3-3;-16.49678464;-71.50188014;-1953005.134;2840944.329;NA;False; ; ;0; ; ; ; ; ; 
TRACK;1.12.3-17; ; ;-1.516416327;20763369.87;NA; ; ; ; ; ; ; ; ; ; 
TRACK;1.12.3-17;-16.4980944;-71.51001883;-1953055.759;2840004.753;NA;False; ; ;0; ; ; ; ; ; 
TRACK;1.12.3-17;-16.49817738;-71.50996023;-1953066.25;2840010.304;NA;False; ; ;0; ; ; ; ; ; 
TRACK;1.12.3-17;-16.49791923;-71.50900569;-1953048.031;2840121.872;NA;False; ; ;0; ; ; ; ; ; 
TRACK;1.12.3-17;-16.49767193;-71.50895806;-1953019.586;2840130.52;NA;False; ; ;0; ; ; ; ; ; 
TRACK;1.12.3-17;-16.49794015;-71.51005198;-1953037.22;2840003.023;NA;False; ; ;0; ; ; ; ; ; 
TRACK;1.12.3-24; ; ;-1.516416327;20763369.87;NA; ; ; ; ; ; ; ; ; ; 
TRACK;1.12.3-24;-16.49704324;-71.51801387;-1952830.926;2839112.53;NA;False; ; ;0; ; ; ; ; ; 
TRACK;1.12.3-24;-16.49689643;-71.51746636;-1952820.622;2839176.505;NA;False; ; ;0; ; ; ; ; ; 
TRACK;1.12.3-24;-16.49689432;-71.51689973;-1952827.557;2839240.745;NA;False; ; ;0; ; ; ; ; ; 
TRACK;1.12.3-24;-16.49681857;-71.51688084;-1952818.898;2839243.88;NA;False; ; ;0; ; ; ; ; ; 
TRACK;1.12.3-24;-16.49674648;-71.51712766;-1952807.302;2839216.857;NA;False; ; ;0; ; ; ; ; ; 
TRACK;1.12.3-24;-16.49677577;-71.51748351;-1952806.231;2839176.146;NA;False; ; ;0; ; ; ; ; ; 
TRACK;1.12.3-24;-16.49684965;-71.51798884;-1952808.505;2839117.911;NA;False; ; ;0; ; ; ; ; ; 
TRACK;1.12.3-25; ; ;-1.516416327;20763369.87;NA; ; ; ; ; ; ; ; ; ; 
TRACK;1.12.3-25;-16.49680649;-71.51817842;-1952801.033;2839096.994;NA;False; ; ;0; ; ; ; ; ; 
TRACK;1.12.3-25;-16.49518466;-71.518244;-1952609.701;2839110.867;NA;False; ; ;0; ; ; ; ; ; 
TRACK;1.12.3-25;-16.49521516;-71.51846059;-1952610.539;2839085.921;NA;False; ; ;0; ; ; ; ; ; 
TRACK;1.12.3-25;-16.49548324;-71.51877041;-1952638.101;2839047.29;NA;False; ; ;0; ; ; ; ; ; 
TRACK;1.12.3-25;-16.4955086;-71.51903536;-1952637.722;2839016.933;NA;False; ; ;0; ; ; ; ; ; 
TRACK;1.12.3-25;-16.49563153;-71.51931762;-1952648.584;2838983.331;NA;False; ; ;0; ; ; ; ; ; 
TRACK;1.12.3-25;-16.49680832;-71.5185943;-1952795.977;2839049.841;NA;False; ; ;0; ; ; ; ; ; 
TRACK;1.12.3-25;-16.49699143;-71.51843075;-1952819.557;2839065.97;NA;False; ; ;0; ; ; ; ; ; 
TRACK;1.12.3-26; ; ;-1.516416327;20763369.87;NA; ; ; ; ; ; ; ; ; ; 
TRACK;1.12.3-26;-16.4970428;-71.51850302;-1952824.675;2839057.105;NA;False; ; ;0; ; ; ; ; ; 
TRACK;1.12.3-26;-16.49567688;-71.51935608;-1952653.424;2838978.377;NA;False; ; ;0; ; ; ; ; ; 
TRACK;1.12.3-26;-16.4956816;-71.51959791;-1952650.913;2838950.911;NA;False; ; ;0; ; ; ; ; ; 
TRACK;1.12.3-26;-16.49614005;-71.51938071;-1952707.515;2838969.502;NA;False; ; ;0; ; ; ; ; ; 
TRACK;1.12.3-26;-16.49655753;-71.51923468;-1952758.403;2838980.566;NA;False; ; ;0; ; ; ; ; ; 
TRACK;1.12.3-26;-16.49696715;-71.51905025;-1952808.853;2838996.086;NA;False; ; ;0; ; ; ; ; ; 
TRACK;1.12.3-26;-16.49723187;-71.5188158;-1952842.919;2839019.176;NA;False; ; ;0; ; ; ; ; ; 
TRACK;1.12.3-27; ; ;-1.516416327;20763369.87;NA; ; ; ; ; ; ; ; ; ; 
TRACK;1.12.3-27;-16.49747577;-71.51836835;-1952877.238;2839066.678;NA;False; ; ;0; ; ; ; ; ; 
TRACK;1.12.3-27;-16.49760546;-71.51817358;-1952894.941;2839087.046;NA;False; ; ;0; ; ; ; ; ; 
TRACK;1.12.3-27;-16.49760691;-71.51810591;-1952895.969;2839094.695;NA;False; ; ;0; ; ; ; ; ; 
TRACK;1.12.3-27;-16.49758805;-71.51805747;-1952894.368;2839100.432;NA;False; ; ;0; ; ; ; ; ; 
TRACK;1.12.3-27;-16.49720617;-71.51864592;-1952842.053;2839038.765;NA;False; ; ;0; ; ; ; ; ; 
TRACK;1.12.3-27;-16.49728466;-71.51877012;-1952849.699;2839023.66;NA;False; ; ;0; ; ; ; ; ; 
TRACK;1.12.3-27;-16.49745413;-71.51851366;-1952872.855;2839050.495;NA;False; ; ;0; ; ; ; ; ; 
TRACK;1.12.3-28; ; ;-1.516416327;20763369.87;NA; ; ; ; ; ; ; ; ; ; 
TRACK;1.12.3-28;-16.49772477;-71.51810328;-1952909.846;2839093.445;NA;False; ; ;0; ; ; ; ; ; 
TRACK;1.12.3-28;-16.49749132;-71.51854186;-1952876.866;2839046.811;NA;False; ; ;0; ; ; ; ; ; 
TRACK;1.12.3-28;-16.49768584;-71.51866922;-1952898.1;2839029.823;NA;False; ; ;0; ; ; ; ; ; 
TRACK;1.12.3-28;-16.49790354;-71.51822109;-1952929.352;2839077.746;NA;False; ; ;0; ; ; ; ; ; 
TRACK;1.12.3-29; ; ;-1.516416327;20763369.87;NA; ; ; ; ; ; ; ; ; ; 
TRACK;1.12.3-29;-16.49757833;-71.51909556;-1952880.069;2838982.921;NA;False; ; ;0; ; ; ; ; ; 
TRACK;1.12.3-29;-16.49761266;-71.51902169;-1952885.037;2838990.842;NA;False; ; ;0; ; ; ; ; ; 
TRACK;1.12.3-29;-16.49764082;-71.5187254;-1952892.1;2839024.048;NA;False; ; ;0; ; ; ; ; ; 
TRACK;1.12.3-29;-16.49748377;-71.51860424;-1952875.188;2839039.842;NA;False; ; ;0; ; ; ; ; ; 
TRACK;1.12.3-29;-16.49728204;-71.51889155;-1952847.852;2839009.933;NA;False; ; ;0; ; ; ; ; ; 
TRACK;1.12.3-30; ; ;-1.516416327;20763369.87;NA; ; ; ; ; ; ; ; ; ; 
TRACK;1.12.3-30;-16.49728033;-71.51897701;-1952846.569;2839000.271;NA;False; ; ;0; ; ; ; ; ; 
TRACK;1.12.3-30;-16.49712778;-71.51902687;-1952828.018;2838996.624;NA;False; ; ;0; ; ; ; ; ; 
TRACK;1.12.3-30;-16.49729125;-71.51961564;-1952839.757;2838927.757;NA;False; ; ;0; ; ; ; ; ; 
TRACK;1.12.3-30;-16.49754752;-71.51917982;-1952875.382;2838973.778;NA;False; ; ;0; ; ; ; ; ; 
TRACK;1.12.3-31; ; ;-1.516416327;20763369.87;NA; ; ; ; ; ; ; ; ; ; 
TRACK;1.12.3-31;-16.49724391;-71.51957565;-1952834.703;2838932.91;NA;False; ; ;0; ; ; ; ; ; 
TRACK;1.12.3-31;-16.49707269;-71.51907147;-1952820.982;2838992.294;NA;False; ; ;0; ; ; ; ; ; 
TRACK;1.12.3-31;-16.49673771;-71.51923106;-1952779.612;2838978.61;NA;False; ; ;0; ; ; ; ; ; 
TRACK;1.12.3-31;-16.4969652;-71.51985507;-1952798.425;2838904.907;NA;False; ; ;0; ; ; ; ; ; 
TRACK;1.12.3-31;-16.49716889;-71.51975058;-1952823.674;2838914.072;NA;False; ; ;0; ; ; ; ; ; 
TRACK;1.12.3-32; ; ;-1.516416327;20763369.87;NA; ; ; ; ; ; ; ; ; ; 
TRACK;1.12.3-32;-16.49691029;-71.51987892;-1952791.673;2838902.926;NA;False; ; ;0; ; ; ; ; ; 
TRACK;1.12.3-32;-16.49666731;-71.51926658;-1952770.893;2838975.509;NA;False; ; ;0; ; ; ; ; ; 
TRACK;1.12.3-32;-16.49631825;-71.51940003;-1952728.202;2838964.972;NA;False; ; ;0; ; ; ; ; ; 
TRACK;1.12.3-32;-16.49657044;-71.52001789;-1952749.993;2838891.642;NA;False; ; ;0; ; ; ; ; ; 
TRACK;1.12.3-33; ; ;-1.516416327;20763369.87;NA; ; ; ; ; ; ; ; ; ; 
TRACK;1.12.3-33;-16.49625541;-71.51941763;-1952720.597;2838963.803;NA;False; ; ;0; ; ; ; ; ; 
TRACK;1.12.3-33;-16.49591549;-71.51956635;-1952678.786;2838951.414;NA;False; ; ;0; ; ; ; ; ; 
TRACK;1.12.3-33;-16.49617399;-71.52018528;-1952701.305;2838877.88;NA;False; ; ;0; ; ; ; ; ; 
TRACK;1.12.3-33;-16.4965233;-71.52003705;-1952744.214;2838890.09;NA;False; ; ;0; ; ; ; ; ; 
TRACK;1.12.3-34; ; ;-1.516416327;20763369.87;NA; ; ; ; ; ; ; ; ; ; 
TRACK;1.12.3-34;-16.49585476;-71.51961079;-1952671.089;2838947.176;NA;False; ; ;0; ; ; ; ; ; 
TRACK;1.12.3-34;-16.49562151;-71.51970338;-1952642.519;2838939.748;NA;False; ; ;0; ; ; ; ; ; 
TRACK;1.12.3-34;-16.49556296;-71.51981942;-1952634.17;2838927.366;NA;False; ; ;0; ; ; ; ; ; 
TRACK;1.12.3-34;-16.49554142;-71.52002959;-1952628.978;2838903.832;NA;False; ; ;0; ; ; ; ; ; 
TRACK;1.12.3-34;-16.4955704;-71.52022206;-1952629.942;2838881.641;NA;False; ; ;0; ; ; ; ; ; 
TRACK;1.12.3-34;-16.49564343;-71.52038397;-1952636.469;2838862.333;NA;False; ; ;0; ; ; ; ; ; 
TRACK;1.12.3-34;-16.49610205;-71.5202062;-1952692.59;2838876.455;NA;False; ; ;0; ; ; ; ; ; 
TRACK;1.12.3-36; ; ;-1.516416327;20763369.87;NA; ; ; ; ; ; ; ; ; ; 
TRACK;1.12.3-36;-16.49714804;-71.52045157;-1952812.342;2838834.91;NA;False; ; ;0; ; ; ; ; ; 
TRACK;1.12.3-36;-16.49695843;-71.51994111;-1952796.539;2838895.246;NA;False; ; ;0; ; ; ; ; ; 
TRACK;1.12.3-36;-16.49659896;-71.52007541;-1952752.614;2838884.749;NA;False; ; ;0; ; ; ; ; ; 
TRACK;1.12.3-36;-16.49680959;-71.52065679;-1952769.986;2838816.1;NA;False; ; ;0; ; ; ; ; ; 
TRACK;1.12.3-36;-16.49707494;-71.5205605;-1952802.375;2838823.526;NA;False; ; ;0; ; ; ; ; ; 
TRACK;1.12.3-37; ; ;-1.516416327;20763369.87;NA; ; ; ; ; ; ; ; ; ; 
TRACK;1.12.3-37;-16.49654266;-71.52012575;-1952745.364;2838879.784;NA;False; ; ;0; ; ; ; ; ; 
TRACK;1.12.3-37;-16.49619688;-71.52026484;-1952702.986;2838868.565;NA;False; ; ;0; ; ; ; ; ; 
TRACK;1.12.3-37;-16.49635695;-71.52071518;-1952716.08;2838815.429;NA;False; ; ;0; ; ; ; ; ; 
TRACK;1.12.3-37;-16.49673693;-71.52066693;-1952761.324;2838815.905;NA;False; ; ;0; ; ; ; ; ; 
TRACK;1.12.3-38; ; ;-1.516416327;20763369.87;NA; ; ; ; ; ; ; ; ; ; 
TRACK;1.12.3-38;-16.49612274;-71.52029183;-1952693.935;2838866.479;NA;False; ; ;0; ; ; ; ; ; 
TRACK;1.12.3-38;-16.49576319;-71.52042295;-1952650.041;2838856.343;NA;False; ; ;0; ; ; ; ; ; 
TRACK;1.12.3-38;-16.4955452;-71.52047764;-1952623.744;2838853.009;NA;False; ; ;0; ; ; ; ; ; 
TRACK;1.12.3-38;-16.49556823;-71.5206501;-1952624.263;2838833.163;NA;False; ; ;0; ; ; ; ; ; 
TRACK;1.12.3-38;-16.49562196;-71.52081046;-1952628.542;2838814.285;NA;False; ; ;0; ; ; ; ; ; 
TRACK;1.12.3-38;-16.49573937;-71.52084872;-1952641.849;2838808.407;NA;False; ; ;0; ; ; ; ; ; 
TRACK;1.12.3-38;-16.49591127;-71.52077292;-1952663;2838814.739;NA;False; ; ;0; ; ; ; ; ; 
TRACK;1.12.3-38;-16.496283;-71.52073846;-1952707.099;2838813.762;NA;False; ; ;0; ; ; ; ; ; 
TRACK;1.12.3-39; ; ;-1.516416327;20763369.87;NA; ; ; ; ; ; ; ; ; ; 
TRACK;1.12.3-39;-16.49461319;-71.51994111;-1952521.07;2838926.051;NA;False; ; ;0; ; ; ; ; ; 
TRACK;1.12.3-39;-16.4952646;-71.51964562;-1952601.328;2838950.982;NA;False; ; ;0; ; ; ; ; ; 
TRACK;1.12.3-39;-16.49544329;-71.51939641;-1952625.475;2838976.875;NA;False; ; ;0; ; ; ; ; ; 
TRACK;1.12.3-39;-16.49528907;-71.51891633;-1952613.444;2839033.305;NA;False; ; ;0; ; ; ; ; ; 
TRACK;1.12.3-39;-16.49499443;-71.51845864;-1952584.636;2839089.042;NA;False; ; ;0; ; ; ; ; ; 
TRACK;1.12.3-39;-16.49435885;-71.51996477;-1952490.896;2838926.71;NA;False; ; ;0; ; ; ; ; ; 
TRACK;1.12.3-61; ; ;-1.516416327;20763369.87;NA; ; ; ; ; ; ; ; ; ; 
TRACK;1.12.3-61;-16.49479895;-71.50792101;-1952695.258;2840285.812;NA;False; ; ;0; ; ; ; ; ; 
TRACK;1.12.3-61;-16.49479611;-71.50798629;-1952694.096;2840278.45;NA;False; ; ;0; ; ; ; ; ; 
TRACK;1.12.3-61;-16.49480475;-71.50846029;-1952689.101;2840224.619;NA;False; ; ;0; ; ; ; ; ; 
TRACK;1.12.3-61;-16.49479678;-71.50870567;-1952685.054;2840196.914;NA;False; ; ;0; ; ; ; ; ; 
TRACK;1.12.3-61;-16.49560184;-71.50874563;-1952779.114;2840181.804;NA;False; ; ;0; ; ; ; ; ; 
TRACK;1.12.3-61;-16.49564303;-71.50762547;-1952798.158;2840308.21;NA;False; ; ;0; ; ; ; ; ; 
TRACK;1.12.3-62; ; ;-1.516416327;20763369.87;NA; ; ; ; ; ; ; ; ; ; 
TRACK;1.12.3-62;-16.49422791;-71.50799904;-1952627.19;2840284.473;NA;False; ; ;0; ; ; ; ; ; 
TRACK;1.12.3-62;-16.49404114;-71.5086775;-1952596.648;2840210.037;NA;False; ; ;0; ; ; ; ; ; 
TRACK;1.12.3-62;-16.49469894;-71.50869853;-1952673.651;2840199.009;NA;False; ; ;0; ; ; ; ; ; 
TRACK;1.12.3-62;-16.49470279;-71.50793047;-1952683.842;2840286.003;NA;False; ; ;0; ; ; ; ; ; 
TRACK;1.12.3-69; ; ;-1.516416327;20763369.87;NA; ; ; ; ; ; ; ; ; ; 
TRACK;1.12.3-69;-16.49504608;-71.50542512;-1952755.94;2840565.426;NA;False; ; ;0; ; ; ; ; ; 
TRACK;1.12.3-69;-16.49416087;-71.5054421;-1952651.74;2840575.137;NA;False; ; ;0; ; ; ; ; ; 
TRACK;1.12.3-69;-16.49418504;-71.50606496;-1952646.68;2840504.229;NA;False; ; ;0; ; ; ; ; ; 
TRACK;1.12.3-69;-16.49562795;-71.50601657;-1952816.79;2840490.747;NA;False; ; ;0; ; ; ; ; ; 
TRACK;1.12.3-69;-16.49565392;-71.505406;-1952827.584;2840559.602;NA;False; ; ;0; ; ; ; ; ; 
TRACK;1.12.3-70; ; ;-1.516416327;20763369.87;NA; ; ; ; ; ; ; ; ; ; 
TRACK;1.12.3-70;-16.49450205;-71.5034188;-1952717.479;2840799.96;NA;False; ; ;0; ; ; ; ; ; 
TRACK;1.12.3-70;-16.49454251;-71.5038757;-1952716.436;2840747.646;NA;False; ; ;0; ; ; ; ; ; 
TRACK;1.12.3-70;-16.49438977;-71.50433181;-1952692.71;2840697.961;NA;False; ; ;0; ; ; ; ; ; 
TRACK;1.12.3-70;-16.49416976;-71.50502866;-1952658.028;2840621.876;NA;False; ; ;0; ; ; ; ; ; 
TRACK;1.12.3-70;-16.49408581;-71.50525757;-1952645.263;2840597.037;NA;False; ; ;0; ; ; ; ; ; 
TRACK;1.12.3-70;-16.49412646;-71.50537139;-1952648.594;2840583.604;NA;False; ; ;0; ; ; ; ; ; 
TRACK;1.12.3-70;-16.49565687;-71.5053404;-1952828.763;2840566.998;NA;False; ; ;0; ; ; ; ; ; 
TRACK;1.12.3-70;-16.49558748;-71.50333704;-1952846.021;2840794.955;NA;False; ; ;0; ; ; ; ; ; 
TRACK;1.12.3-73; ; ;-1.516416327;20763369.87;NA; ; ; ; ; ; ; ; ; ; 
TRACK;1.12.3-73;-16.49399823;-71.50402505;-1952650.606;2840737.875;NA;False; ; ;0; ; ; ; ; ; 
TRACK;1.12.3-73;-16.49382726;-71.50405166;-1952630.184;2840737.106;NA;False; ; ;0; ; ; ; ; ; 
TRACK;1.12.3-73;-16.4938106;-71.50425011;-1952625.711;2840714.834;NA;False; ; ;0; ; ; ; ; ; 
TRACK;1.12.3-73;-16.49381598;-71.50472145;-1952620.365;2840661.345;NA;False; ; ;0; ; ; ; ; ; 
TRACK;1.12.3-73;-16.49392637;-71.50472954;-1952633.23;2840658.976;NA;False; ; ;0; ; ; ; ; ; 
TRACK;1.12.3-73;-16.49399711;-71.50452534;-1952644.129;2840681.189;NA;False; ; ;0; ; ; ; ; ; 
TRACK;1.12.3-74; ; ;-1.516416327;20763369.87;NA; ; ; ; ; ; ; ; ; ; 
TRACK;1.12.3-74;-16.4936701;-71.50354842;-1952618.106;2840796.206;NA;False; ; ;0; ; ; ; ; ; 
TRACK;1.12.3-74;-16.49339635;-71.50363654;-1952584.831;2840789.818;NA;False; ; ;0; ; ; ; ; ; 
TRACK;1.12.3-74;-16.49331793;-71.50377764;-1952573.829;2840774.857;NA;False; ; ;0; ; ; ; ; ; 
TRACK;1.12.3-74;-16.49329332;-71.5038911;-1952569.5;2840762.322;NA;False; ; ;0; ; ; ; ; ; 
TRACK;1.12.3-74;-16.49333618;-71.50402416;-1952572.847;2840746.678;NA;False; ; ;0; ; ; ; ; ; 
TRACK;1.12.3-74;-16.49356097;-71.50428667;-1952595.924;2840713.972;NA;False; ; ;0; ; ; ; ; ; 
TRACK;1.12.3-74;-16.4937753;-71.5043498;-1952620.3;2840704;NA;False; ; ;0; ; ; ; ; ; 
TRACK;1.12.3-74;-16.49378995;-71.5041481;-1952624.579;2840726.666;NA;False; ; ;0; ; ; ; ; ; 
TRACK;1.12.3-74;-16.49378917;-71.50400683;-1952626.278;2840742.688;NA;False; ; ;0; ; ; ; ; ; 
TRACK;1.12.3-74;-16.49399908;-71.50397265;-1952651.37;2840743.802;NA;False; ; ;0; ; ; ; ; ; 
TRACK;1.12.3-74;-16.49397314;-71.50348031;-1952654.567;2840799.942;NA;False; ; ;0; ; ; ; ; ; 
TRACK;1.12.3-81; ; ;-1.516416327;20763369.87;NA; ; ; ; ; ; ; ; ; ; 
TRACK;1.12.3-81;-16.4952701;-71.50238515;-1952820.813;2840907.009;NA;False; ; ;0; ; ; ; ; ; 
TRACK;1.12.3-81;-16.49560026;-71.50232371;-1952860.377;2840909.631;NA;False; ; ;0; ; ; ; ; ; 
TRACK;1.12.3-81;-16.49557887;-71.50186963;-1952863.624;2840961.375;NA;False; ; ;0; ; ; ; ; ; 
TRACK;1.12.3-81;-16.49553208;-71.50159623;-1952861.596;2840992.976;NA;False; ; ;0; ; ; ; ; ; 
TRACK;1.12.3-81;-16.49529519;-71.50063116;-1952846.011;2841105.467;NA;False; ; ;0; ; ; ; ; ; 
TRACK;1.12.3-81;-16.49512437;-71.50003452;-1952833.514;2841175.333;NA;False; ; ;0; ; ; ; ; ; 
TRACK;1.12.3-81;-16.49453905;-71.50043915;-1952759.621;2841137.171;NA;False; ; ;0; ; ; ; ; ; 
TRACK;1.12.3-81;-16.49431755;-71.50054699;-1952732.234;2841127.861;NA;False; ; ;0; ; ; ; ; ; 
TRACK;1.12.3-81;-16.49419384;-71.5005878;-1952717.183;2841124.863;NA;False; ; ;0; ; ; ; ; ; 
TRACK;1.12.3-81;-16.4942339;-71.5008068;-1952719.111;2841099.515;NA;False; ; ;0; ; ; ; ; ; 
TRACK;1.12.3-81;-16.49363833;-71.50139171;-1952641.729;2841041.054;NA;False; ; ;0; ; ; ; ; ; 
TRACK;1.12.3-81;-16.49429843;-71.50262263;-1952703.658;2840892.87;NA;False; ; ;0; ; ; ; ; ; 
TRACK;1.12.3-82; ; ;-1.516416327;20763369.87;NA; ; ; ; ; ; ; ; ; ; 
TRACK;1.12.3-82;-16.49388475;-71.50072106;-1952679.183;2841113.824;NA;False; ; ;0; ; ; ; ; ; 
TRACK;1.12.3-82;-16.4937816;-71.50076436;-1952666.516;2841110.272;NA;False; ; ;0; ; ; ; ; ; 
TRACK;1.12.3-82;-16.49362116;-71.50088881;-1952646.09;2841098.277;NA;False; ; ;0; ; ; ; ; ; 
TRACK;1.12.3-82;-16.49362477;-71.50095983;-1952645.614;2841090.18;NA;False; ; ;0; ; ; ; ; ; 
TRACK;1.12.3-82;-16.49379434;-71.50111714;-1952663.539;2841070.122;NA;False; ; ;0; ; ; ; ; ; 
TRACK;1.12.3-82;-16.49405346;-71.50086209;-1952697.213;2841095.621;NA;False; ; ;0; ; ; ; ; ; 
TRACK;1.12.3-82;-16.49394533;-71.50072891;-1952686.2;2841112.137;NA;False; ; ;0; ; ; ; ; ; 
TRACK;1.12.3-83; ; ;-1.516416327;20763369.87;NA; ; ; ; ; ; ; ; ; ; 
TRACK;1.12.3-83;-16.49377296;-71.50114115;-1952660.723;2841067.682;NA;False; ; ;0; ; ; ; ; ; 
TRACK;1.12.3-83;-16.49358115;-71.50096118;-1952640.472;2841090.601;NA;False; ; ;0; ; ; ; ; ; 
TRACK;1.12.3-83;-16.49346727;-71.50084078;-1952628.622;2841105.743;NA;False; ; ;0; ; ; ; ; ; 
TRACK;1.12.3-83;-16.49332502;-71.50092334;-1952610.864;2841098.257;NA;False; ; ;0; ; ; ; ; ; 
TRACK;1.12.3-83;-16.49330073;-71.50104589;-1952606.457;2841084.687;NA;False; ; ;0; ; ; ; ; ; 
TRACK;1.12.3-83;-16.49330091;-71.50115174;-1952605.136;2841072.688;NA;False; ; ;0; ; ; ; ; ; 
TRACK;1.12.3-83;-16.49353675;-71.50138336;-1952629.901;2841043.337;NA;False; ; ;0; ; ; ; ; ; 
TRACK;1.12.4-4; ; ;-1.516416327;20763369.87;NA; ; ; ; ; ; ; ; ; ; 
TRACK;1.12.4-4;-16.49689861;-71.50024745;-1953039.235;2841127.87;NA;False; ; ;0; ; ; ; ; ; 
TRACK;1.12.4-4;-16.49680915;-71.49995581;-1953032.427;2841162.098;NA;False; ; ;0; ; ; ; ; ; 
TRACK;1.12.4-4;-16.49654043;-71.50004927;-1952999.673;2841155.041;NA;False; ; ;0; ; ; ; ; ; 
TRACK;1.12.4-4;-16.49662076;-71.50033229;-1953005.519;2841121.908;NA;False; ; ;0; ; ; ; ; ; 
TRACK;1.12.4-13; ; ;-1.516416327;20763369.87;NA; ; ; ; ; ; ; ; ; ; 
TRACK;1.12.4-13;-16.49565979;-71.49840954;-1952917.027;2841352.461;NA;False; ; ;0; ; ; ; ; ; 
TRACK;1.12.4-13;-16.49564589;-71.49857147;-1952913.339;2841334.291;NA;False; ; ;0; ; ; ; ; ; 
TRACK;1.12.4-13;-16.49567559;-71.49864323;-1952915.918;2841325.768;NA;False; ; ;0; ; ; ; ; ; 
TRACK;1.12.4-13;-16.49594507;-71.49904385;-1952942.492;2841276.819;NA;False; ; ;0; ; ; ; ; ; 
TRACK;1.12.4-13;-16.49623917;-71.49895074;-1952978.221;2841283.504;NA;False; ; ;0; ; ; ; ; ; 
TRACK;1.12.4-13;-16.49605925;-71.49841237;-1952963.916;2841346.886;NA;False; ; ;0; ; ; ; ; ; 
TRACK;1.12.4-15; ; ;-1.516416327;20763369.87;NA; ; ; ; ; ; ; ; ; ; 
TRACK;1.12.4-15;-16.4945185;-71.49873896;-1952778.777;2841330.135;NA;False; ; ;0; ; ; ; ; ; 
TRACK;1.12.4-15;-16.4943121;-71.49889519;-1952752.548;2841315.142;NA;False; ; ;0; ; ; ; ; ; 
TRACK;1.12.4-15;-16.49431891;-71.49899503;-1952752.081;2841303.736;NA;False; ; ;0; ; ; ; ; ; 
TRACK;1.12.4-15;-16.49441204;-71.49912907;-1952761.321;2841287.32;NA;False; ; ;0; ; ; ; ; ; 
TRACK;1.12.4-15;-16.49466565;-71.49894514;-1952793.447;2841304.831;NA;False; ; ;0; ; ; ; ; ; 
TRACK;1.12.4-22; ; ;-1.516416327;20763369.87;NA; ; ; ; ; ; ; ; ; ; 
TRACK;1.12.4-22;-16.4973644;-71.49800219;-1953122.442;2841376.208;NA;False; ; ;0; ; ; ; ; ; 
TRACK;1.12.4-22;-16.49733972;-71.49795154;-1953120.186;2841382.275;NA;False; ; ;0; ; ; ; ; ; 
TRACK;1.12.4-22;-16.49696427;-71.49800279;-1953075.43;2841381.404;NA;False; ; ;0; ; ; ; ; ; 
TRACK;1.12.4-22;-16.49653711;-71.49799491;-1953025.35;2841387.914;NA;False; ; ;0; ; ; ; ; ; 
TRACK;1.12.4-22;-16.49652948;-71.49828556;-1953020.765;2841355.074;NA;False; ; ;0; ; ; ; ; ; 
TRACK;1.12.4-23; ; ;-1.516416327;20763369.87;NA; ; ; ; ; ; ; ; ; ; 
TRACK;1.12.4-23;-16.49768402;-71.49755733;-1953165.634;2841422.423;NA;False; ; ;0; ; ; ; ; ; 
TRACK;1.12.4-23;-16.49767104;-71.49721756;-1953168.42;2841461.102;NA;False; ; ;0; ; ; ; ; ; 
TRACK;1.12.4-23;-16.4975697;-71.49739837;-1953154.221;2841441.942;NA;False; ; ;0; ; ; ; ; ; 
TRACK;1.12.4-23;-16.49755597;-71.49748271;-1953151.539;2841432.564;NA;False; ; ;0; ; ; ; ; ; 
TRACK;1.12.4-23;-16.49765829;-71.49781766;-1953159.308;2841393.257;NA;False; ; ;0; ; ; ; ; ; 
TRACK;1.12.4-23;-16.49767607;-71.49777766;-1953161.904;2841397.557;NA;False; ; ;0; ; ; ; ; ; 
TRACK;1.12.4-24; ; ;-1.516416327;20763369.87;NA; ; ; ; ; ; ; ; ; ; 
TRACK;1.12.4-24;-16.49763216;-71.49787806;-1953155.471;2841386.755;NA;False; ; ;0; ; ; ; ; ; 
TRACK;1.12.4-24;-16.49752077;-71.49750688;-1953147.096;2841430.288;NA;False; ; ;0; ; ; ; ; ; 
TRACK;1.12.4-24;-16.49735466;-71.49790489;-1953122.532;2841387.365;NA;False; ; ;0; ; ; ; ; ; 
TRACK;1.12.4-44; ; ;-1.516416327;20763369.87;NA; ; ; ; ; ; ; ; ; ; 
TRACK;1.12.4-44;-16.49335957;-71.4964163;-1952672.1;2841608.62;NA;False; ; ;0; ; ; ; ; ; 
TRACK;1.12.4-44;-16.49348157;-71.49634458;-1952687.342;2841615.144;NA;False; ; ;0; ; ; ; ; ; 
TRACK;1.12.4-44;-16.49338761;-71.49618962;-1952678.271;2841633.944;NA;False; ; ;0; ; ; ; ; ; 
TRACK;1.12.4-44;-16.49319316;-71.49635054;-1952653.386;2841618.262;NA;False; ; ;0; ; ; ; ; ; 
TRACK;1.12.4-44;-16.49301211;-71.49651334;-1952630.052;2841602.191;NA;False; ; ;0; ; ; ; ; ; 
TRACK;1.12.4-44;-16.49295886;-71.49665707;-1952621.973;2841586.601;NA;False; ; ;0; ; ; ; ; ; 
TRACK;1.12.4-45; ; ;-1.516416327;20763369.87;NA; ; ; ; ; ; ; ; ; ; 
TRACK;1.12.4-45;-16.49344756;-71.49614321;-1952685.903;2841638.414;NA;False; ; ;0; ; ; ; ; ; 
TRACK;1.12.4-45;-16.49354249;-71.49631011;-1952694.936;2841618.25;NA;False; ; ;0; ; ; ; ; ; 
TRACK;1.12.4-45;-16.49404964;-71.49607523;-1952757.494;2841638.201;NA;False; ; ;0; ; ; ; ; ; 
TRACK;1.12.4-45;-16.49390338;-71.49597047;-1952741.642;2841651.998;NA;False; ; ;0; ; ; ; ; ; 
TRACK;1.12.4-51; ; ;-1.516416327;20763369.87;NA; ; ; ; ; ; ; ; ; ; 
TRACK;1.12.4-51;-16.49395398;-71.49402606;-1952772.259;2841871.712;NA;False; ; ;0; ; ; ; ; ; 
TRACK;1.12.4-51;-16.49394128;-71.49435728;-1952766.564;2841834.338;NA;False; ; ;0; ; ; ; ; ; 
TRACK;1.12.4-51;-16.49430166;-71.49437329;-1952808.697;2841827.783;NA;False; ; ;0; ; ; ; ; ; 
TRACK;1.12.4-51;-16.49431362;-71.49403922;-1952814.341;2841865.489;NA;False; ; ;0; ; ; ; ; ; 
TRACK;1.12.4-52; ; ;-1.516416327;20763369.87;NA; ; ; ; ; ; ; ; ; ; 
TRACK;1.12.4-52;-16.49432008;-71.49397113;-1952815.964;2841873.122;NA;False; ; ;0; ; ; ; ; ; 
TRACK;1.12.4-52;-16.4943236;-71.49368598;-1952819.996;2841905.395;NA;False; ; ;0; ; ; ; ; ; 
TRACK;1.12.4-52;-16.49384622;-71.49367238;-1952764.089;2841913.215;NA;False; ; ;0; ; ; ; ; ; 
TRACK;1.12.4-52;-16.49388649;-71.49395905;-1952765.18;2841880.194;NA;False; ; ;0; ; ; ; ; ; 
TRACK;1.12.4-53; ; ;-1.516416327;20763369.87;NA; ; ; ; ; ; ; ; ; ; 
TRACK;1.12.4-53;-16.49435637;-71.49342128;-1952827.205;2841934.965;NA;False; ; ;0; ; ; ; ; ; 
TRACK;1.12.4-53;-16.49437245;-71.49284649;-1952836.388;2841999.9;NA;False; ; ;0; ; ; ; ; ; 
TRACK;1.12.4-53;-16.49408874;-71.49283007;-1952803.268;2842005.492;NA;False; ; ;0; ; ; ; ; ; 
TRACK;1.12.4-53;-16.49403811;-71.49359673;-1952787.591;2841919.265;NA;False; ; ;0; ; ; ; ; ; 
TRACK;1.12.4-53;-16.49433739;-71.49361714;-1952822.49;2841913.015;NA;False; ; ;0; ; ; ; ; ; 
TRACK;1.12.4-54; ; ;-1.516416327;20763369.87;NA; ; ; ; ; ; ; ; ; ; 
TRACK;1.12.4-54;-16.49402914;-71.49283062;-1952796.259;2842006.215;NA;False; ; ;0; ; ; ; ; ; 
TRACK;1.12.4-54;-16.49371752;-71.49282485;-1952759.724;2842010.968;NA;False; ; ;0; ; ; ; ; ; 
TRACK;1.12.4-54;-16.49366316;-71.49357277;-1952743.847;2841926.913;NA;False; ; ;0; ; ; ; ; ; 
TRACK;1.12.4-54;-16.49399091;-71.49358797;-1952782.157;2841920.879;NA;False; ; ;0; ; ; ; ; ; 
TRACK;1.12.4-55; ; ;-1.516416327;20763369.87;NA; ; ; ; ; ; ; ; ; ; 
TRACK;1.12.4-55;-16.49390915;-71.49413736;-1952765.58;2841859.687;NA;False; ; ;0; ; ; ; ; ; 
TRACK;1.12.4-55;-16.49354962;-71.49357727;-1952730.451;2841927.897;NA;False; ; ;0; ; ; ; ; ; 
TRACK;1.12.4-55;-16.49318555;-71.49412023;-1952680.792;2841871.145;NA;False; ; ;0; ; ; ; ; ; 
TRACK;1.12.4-55;-16.49336835;-71.49424957;-1952700.625;2841854.081;NA;False; ; ;0; ; ; ; ; ; 
TRACK;1.12.4-55;-16.49390028;-71.49433856;-1952761.985;2841836.998;NA;False; ; ;0; ; ; ; ; ; 
TRACK;1.12.4-64; ; ;-1.516416327;20763369.87;NA; ; ; ; ; ; ; ; ; ; 
TRACK;1.12.4-64;-16.49584611;-71.49634112;-1952965.16;2841584.438;NA;False; ; ;0; ; ; ; ; ; 
TRACK;1.12.4-64;-16.4957658;-71.49622867;-1952957.153;2841598.24;NA;False; ; ;0; ; ; ; ; ; 
TRACK;1.12.4-64;-16.49536993;-71.4964117;-1952908.326;2841582.702;NA;False; ; ;0; ; ; ; ; ; 
TRACK;1.12.4-64;-16.49543452;-71.4965654;-1952913.964;2841564.432;NA;False; ; ;0; ; ; ; ; ; 
TRACK;1.12.4-64;-16.49550747;-71.49664605;-1952921.509;2841554.332;NA;False; ; ;0; ; ; ; ; ; 
TRACK;1.12.4-64;-16.49560545;-71.49673115;-1952931.94;2841543.399;NA;False; ; ;0; ; ; ; ; ; 
TRACK;1.12.4-64;-16.49605884;-71.49648888;-1952988.276;2841564.894;NA;False; ; ;0; ; ; ; ; ; 
TRACK;1.12.4-65; ; ;-1.516416327;20763369.87;NA; ; ; ; ; ; ; ; ; ; 
TRACK;1.12.4-65;-16.49591027;-71.49685522;-1952966.174;2841525.328;NA;False; ; ;0; ; ; ; ; ; 
TRACK;1.12.4-65;-16.49608425;-71.49689595;-1952986.095;2841518.423;NA;False; ; ;0; ; ; ; ; ; 
TRACK;1.12.4-65;-16.4961027;-71.49651627;-1952993.081;2841561.212;NA;False; ; ;0; ; ; ; ; ; 
TRACK;1.12.4-65;-16.49566284;-71.49675809;-1952938.34;2841539.59;NA;False; ; ;0; ; ; ; ; ; 
TRACK;1.12.4-65;-16.49575579;-71.49681309;-1952948.561;2841532.134;NA;False; ; ;0; ; ; ; ; ; 
TRACK;1.12.4-67; ; ;-1.516416327;20763369.87;NA; ; ; ; ; ; ; ; ; ; 
TRACK;1.12.4-67;-16.49617671;-71.49624846;-1953005.174;2841590.592;NA;False; ; ;0; ; ; ; ; ; 
TRACK;1.12.4-67;-16.49615062;-71.49638301;-1953000.401;2841575.686;NA;False; ; ;0; ; ; ; ; ; 
TRACK;1.12.4-67;-16.49637572;-71.49647998;-1953025.614;2841561.734;NA;False; ; ;0; ; ; ; ; ; 
TRACK;1.12.4-67;-16.49650351;-71.49650143;-1953040.353;2841557.622;NA;False; ; ;0; ; ; ; ; ; 
TRACK;1.12.4-67;-16.49653719;-71.49626828;-1953047.269;2841583.603;NA;False; ; ;0; ; ; ; ; ; 
TRACK;1.12.4-79; ; ;-1.516416327;20763369.87;NA; ; ; ; ; ; ; ; ; ; 
TRACK;1.12.4-79;-16.49690414;-71.49537145;-1953101.757;2841680.421;NA;False; ; ;0; ; ; ; ; ; 
TRACK;1.12.4-79;-16.49683732;-71.49537664;-1953093.842;2841680.712;NA;False; ; ;0; ; ; ; ; ; 
TRACK;1.12.4-79;-16.49677025;-71.49538719;-1953085.829;2841680.398;NA;False; ; ;0; ; ; ; ; ; 
TRACK;1.12.4-79;-16.49671784;-71.49549873;-1953078.257;2841668.446;NA;False; ; ;0; ; ; ; ; ; 
TRACK;1.12.4-79;-16.49658093;-71.49621746;-1953053.052;2841588.789;NA;False; ; ;0; ; ; ; ; ; 
TRACK;1.12.4-79;-16.49672377;-71.49612269;-1953071.035;2841597.65;NA;False; ; ;0; ; ; ; ; ; 
TRACK;1.12.4-79;-16.49688865;-71.49592034;-1953092.972;2841618.415;NA;False; ; ;0; ; ; ; ; ; 
TRACK;1.12.4-79;-16.49703383;-71.49572784;-1953112.47;2841638.322;NA;False; ; ;0; ; ; ; ; ; 
TRACK;1.12.4-80; ; ;-1.516416327;20763369.87;NA; ; ; ; ; ; ; ; ; ; 
TRACK;1.12.4-80;-16.49750587;-71.49541822;-1953171.852;2841667.204;NA;False; ; ;0; ; ; ; ; ; 
TRACK;1.12.4-80;-16.49747481;-71.49525666;-1953170.255;2841685.924;NA;False; ; ;0; ; ; ; ; ; 
TRACK;1.12.4-80;-16.49709632;-71.49523752;-1953126.034;2841693.072;NA;False; ; ;0; ; ; ; ; ; 
TRACK;1.12.4-80;-16.49699344;-71.49526118;-1953113.648;2841691.744;NA;False; ; ;0; ; ; ; ; ; 
TRACK;1.12.4-80;-16.49693687;-71.49530672;-1953106.424;2841687.327;NA;False; ; ;0; ; ; ; ; ; 
TRACK;1.12.4-80;-16.49708479;-71.49569406;-1953118.886;2841641.48;NA;False; ; ;0; ; ; ; ; ; 
TRACK;1.12.4-80;-16.49731142;-71.49550951;-1953147.851;2841659.416;NA;False; ; ;0; ; ; ; ; ; 
TRACK;1.12.4-81; ; ;-1.516416327;20763369.87;NA; ; ; ; ; ; ; ; ; ; 
TRACK;1.12.4-81;-16.49846268;-71.49530111;-1953285.74;2841667.891;NA;False; ; ;0; ; ; ; ; ; 
TRACK;1.12.4-81;-16.49828872;-71.49530332;-1953265.275;2841669.928;NA;False; ; ;0; ; ; ; ; ; 
TRACK;1.12.4-81;-16.49817235;-71.49532457;-1953251.335;2841669.051;NA;False; ; ;0; ; ; ; ; ; 
TRACK;1.12.4-81;-16.4983226;-71.49539358;-1953268.11;2841659.253;NA;False; ; ;0; ; ; ; ; ; 
TRACK;1.12.4-81;-16.49846042;-71.49538821;-1953284.369;2841658.049;NA;False; ; ;0; ; ; ; ; ; 
TRACK;1.12.4-86; ; ;-1.516416327;20763369.87;NA; ; ; ; ; ; ; ; ; ; 
TRACK;1.12.4-86;-16.49904003;-71.49606027;-1953343.929;2841574.256;NA;False; ; ;0; ; ; ; ; ; 
TRACK;1.12.4-86;-16.49906216;-71.49589242;-1953348.659;2841592.987;NA;False; ; ;0; ; ; ; ; ; 
TRACK;1.12.4-86;-16.49905576;-71.49584728;-1953348.48;2841598.188;NA;False; ; ;0; ; ; ; ; ; 
TRACK;1.12.4-86;-16.49857827;-71.49560804;-1953295.423;2841631.584;NA;False; ; ;0; ; ; ; ; ; 
TRACK;1.12.4-86;-16.49875831;-71.49613778;-1953309.849;2841569.177;NA;False; ; ;0; ; ; ; ; ; 
TRACK;1.12.4-86;-16.49904999;-71.49629888;-1953342.071;2841547.082;NA;False; ; ;0; ; ; ; ; ; 
TRACK;1.12.4-86;-16.49906632;-71.49617279;-1953345.589;2841561.157;NA;False; ; ;0; ; ; ; ; ; 
TRACK;1.12.4-90; ; ;-1.516416327;20763369.87;NA; ; ; ; ; ; ; ; ; ; 
TRACK;1.12.4-90;-16.49815484;-71.49733171;-1953223.805;2841441.801;NA;False; ; ;0; ; ; ; ; ; 
TRACK;1.12.4-90;-16.49842816;-71.49680734;-1953262.568;2841497.635;NA;False; ; ;0; ; ; ; ; ; 
TRACK;1.12.4-90;-16.49824839;-71.49658707;-1953244.246;2841524.964;NA;False; ; ;0; ; ; ; ; ; 
TRACK;1.12.4-90;-16.49813149;-71.49650877;-1953231.507;2841535.376;NA;False; ; ;0; ; ; ; ; ; 
TRACK;1.12.4-90;-16.49783214;-71.49718152;-1953187.803;2841463.067;NA;False; ; ;0; ; ; ; ; ; 
TRACK;1.12.4-92; ; ;-1.516416327;20763369.87;NA; ; ; ; ; ; ; ; ; ; 
TRACK;1.12.4-92;-16.49810484;-71.49739123;-1953217.176;2841435.713;NA;False; ; ;0; ; ; ; ; ; 
TRACK;1.12.4-92;-16.49794119;-71.49733424;-1953198.675;2841444.325;NA;False; ; ;0; ; ; ; ; ; 
TRACK;1.12.4-92;-16.49780971;-71.49727257;-1953184.012;2841453.044;NA;False; ; ;0; ; ; ; ; ; 
TRACK;1.12.4-92;-16.49775262;-71.49757698;-1953173.443;2841419.294;NA;False; ; ;0; ; ; ; ; ; 
TRACK;1.12.4-92;-16.49804192;-71.49767367;-1953206.201;2841404.53;NA;False; ; ;0; ; ; ; ; ; 
TRACK;1.12.4-94; ; ;-1.516416327;20763369.87;NA; ; ; ; ; ; ; ; ; ; 
TRACK;1.12.4-94;-16.50023045;-71.49594718;-1953485.208;2841571.411;NA;False; ; ;0; ; ; ; ; ; 
TRACK;1.12.4-94;-16.50004275;-71.4961792;-1953460.213;2841547.585;NA;False; ; ;0; ; ; ; ; ; 
TRACK;1.12.4-94;-16.50014747;-71.49634452;-1953470.417;2841527.47;NA;False; ; ;0; ; ; ; ; ; 
TRACK;1.12.4-94;-16.50015181;-71.49634927;-1953470.866;2841526.875;NA;False; ; ;0; ; ; ; ; ; 
TRACK;1.12.4-94;-16.50031566;-71.49610188;-1953493.254;2841552.757;NA;False; ; ;0; ; ; ; ; ; 
TRACK;1.12.4-95; ; ;-1.516416327;20763369.87;NA; ; ; ; ; ; ; ; ; ; 
TRACK;1.12.4-95;-16.50039901;-71.49532396;-1953512.92;2841639.826;NA;False; ; ;0; ; ; ; ; ; 
TRACK;1.12.4-95;-16.50012513;-71.49567687;-1953476.266;2841603.432;NA;False; ; ;0; ; ; ; ; ; 
TRACK;1.12.4-95;-16.50033467;-71.49604174;-1953496.251;2841559.323;NA;False; ; ;0; ; ; ; ; ; 
TRACK;1.12.4-95;-16.50065603;-71.49572718;-1953537.995;2841590.746;NA;False; ; ;0; ; ; ; ; ; 
TRACK;1.12.4-96; ; ;-1.516416327;20763369.87;NA; ; ; ; ; ; ; ; ; ; 
TRACK;1.12.4-96;-16.50101407;-71.49532599;-1953585.148;2841631.503;NA;False; ; ;0; ; ; ; ; ; 
TRACK;1.12.4-96;-16.50051224;-71.49447668;-1953536.976;2841734.363;NA;False; ; ;0; ; ; ; ; ; 
TRACK;1.12.4-96;-16.50044071;-71.49484814;-1953523.858;2841693.204;NA;False; ; ;0; ; ; ; ; ; 
TRACK;1.12.4-96;-16.50035471;-71.49514645;-1953509.968;2841660.526;NA;False; ; ;0; ; ; ; ; ; 
TRACK;1.12.4-96;-16.50067248;-71.49569651;-1953540.316;2841594.005;NA;False; ; ;0; ; ; ; ; ; 
TRACK;1.12.4-96;-16.50085274;-71.49554996;-1953563.353;2841608.242;NA;False; ; ;0; ; ; ; ; ; 
TRACK;1.12.5-1; ; ;-1.516416327;20763369.87;NA; ; ; ; ; ; ; ; ; ; 
TRACK;1.12.5-1;-16.48646928;-71.48224915;-1952042.419;2843305.045;NA;False; ; ;0; ; ; ; ; ; 
TRACK;1.12.5-1;-16.48671285;-71.48188126;-1952075.705;2843343.542;NA;False; ; ;0; ; ; ; ; ; 
TRACK;1.12.5-1;-16.48649046;-71.48175214;-1952051.216;2843361.105;NA;False; ; ;0; ; ; ; ; ; 
TRACK;1.12.5-1;-16.48616168;-71.48226562;-1952006.072;2843307.225;NA;False; ; ;0; ; ; ; ; ; 
TRACK;1.12.5-1;-16.48635278;-71.48240558;-1952026.746;2843288.846;NA;False; ; ;0; ; ; ; ; ; 
TRACK;1.12.5-1;-16.48645023;-71.48243472;-1952037.825;2843284.261;NA;False; ; ;0; ; ; ; ; ; 
TRACK;1.12.5-1;-16.48666343;-71.48242348;-1952063.015;2843282.73;NA;False; ; ;0; ; ; ; ; ; 
TRACK;1.12.5-1;-16.48666327;-71.48239457;-1952063.364;2843286.01;NA;False; ; ;0; ; ; ; ; ; 
TRACK;1.12.5-2; ; ;-1.516416327;20763369.87;NA; ; ; ; ; ; ; ; ; ; 
TRACK;1.12.5-2;-16.48592135;-71.4828128;-1951970.891;2843248.362;NA;False; ; ;0; ; ; ; ; ; 
TRACK;1.12.5-2;-16.4859189;-71.48239635;-1951975.888;2843295.6;NA;False; ; ;0; ; ; ; ; ; 
TRACK;1.12.5-2;-16.48581724;-71.48231752;-1951964.946;2843305.874;NA;False; ; ;0; ; ; ; ; ; 
TRACK;1.12.5-2;-16.4858051;-71.48241553;-1951962.275;2843294.924;NA;False; ; ;0; ; ; ; ; ; 
TRACK;1.12.5-2;-16.48568379;-71.48281328;-1951942.975;2843251.433;NA;False; ; ;0; ; ; ; ; ; 
TRACK;1.12.5-5; ; ;-1.516416327;20763369.87;NA; ; ; ; ; ; ; ; ; ; 
TRACK;1.12.5-5;-16.48571867;-71.48287846;-1951946.246;2843243.586;NA;False; ; ;0; ; ; ; ; ; 
TRACK;1.12.5-5;-16.48557653;-71.48317388;-1951925.797;2843211.968;NA;False; ; ;0; ; ; ; ; ; 
TRACK;1.12.5-5;-16.48552498;-71.48372324;-1951912.768;2843150.375;NA;False; ; ;0; ; ; ; ; ; 
TRACK;1.12.5-5;-16.48554536;-71.48392319;-1951912.625;2843127.442;NA;False; ; ;0; ; ; ; ; ; 
TRACK;1.12.5-5;-16.48592458;-71.48392575;-1951957.144;2843122.164;NA;False; ; ;0; ; ; ; ; ; 
TRACK;1.12.5-5;-16.48593317;-71.4828745;-1951971.497;2843241.212;NA;False; ; ;0; ; ; ; ; ; 
TRACK;1.12.5-10; ; ;-1.516416327;20763369.87;NA; ; ; ; ; ; ; ; ; ; 
TRACK;1.12.5-10;-16.48636655;-71.4846379;-1952000.03;2843035.626;NA;False; ; ;0; ; ; ; ; ; 
TRACK;1.12.5-10;-16.48636505;-71.48400032;-1952007.946;2843107.916;NA;False; ; ;0; ; ; ; ; ; 
TRACK;1.12.5-10;-16.48598593;-71.48399463;-1951963.478;2843113.548;NA;False; ; ;0; ; ; ; ; ; 
TRACK;1.12.5-10;-16.48596947;-71.48462905;-1951953.492;2843041.852;NA;False; ; ;0; ; ; ; ; ; 
TRACK;1.12.5-17; ; ;-1.516416327;20763369.87;NA; ; ; ; ; ; ; ; ; ; 
TRACK;1.12.5-17;-16.48679873;-71.48584735;-1952035.455;2842892.848;NA;False; ; ;0; ; ; ; ; ; 
TRACK;1.12.5-17;-16.48680887;-71.48538315;-1952042.537;2842945.332;NA;False; ; ;0; ; ; ; ; ; 
TRACK;1.12.5-17;-16.48641753;-71.48539127;-1951996.459;2842949.56;NA;False; ; ;0; ; ; ; ; ; 
TRACK;1.12.5-17;-16.48642822;-71.48618962;-1951987.582;2842858.924;NA;False; ; ;0; ; ; ; ; ; 
TRACK;1.12.5-20; ; ;-1.516416327;20763369.87;NA; ; ; ; ; ; ; ; ; ; 
TRACK;1.12.5-20;-16.48637627;-71.48614748;-1951982.013;2842864.385;NA;False; ; ;0; ; ; ; ; ; 
TRACK;1.12.5-20;-16.4859794;-71.48614614;-1951935.405;2842869.756;NA;False; ; ;0; ; ; ; ; ; 
TRACK;1.12.5-20;-16.48598528;-71.48657794;-1951930.617;2842820.734;NA;False; ; ;0; ; ; ; ; ; 
TRACK;1.12.5-20;-16.48636754;-71.48624652;-1951979.731;2842853.274;NA;False; ; ;0; ; ; ; ; ; 
TRACK;1.12.5-24; ; ;-1.516416327;20763369.87;NA; ; ; ; ; ; ; ; ; ; 
TRACK;1.12.5-24;-16.48628786;-71.4865995;-1951965.891;2842814.311;NA;False; ; ;0; ; ; ; ; ; 
TRACK;1.12.5-24;-16.48630835;-71.48739854;-1951958.158;2842723.47;NA;False; ; ;0; ; ; ; ; ; 
TRACK;1.12.5-24;-16.4865961;-71.4877727;-1951987.215;2842677.274;NA;False; ; ;0; ; ; ; ; ; 
TRACK;1.12.5-24;-16.48668483;-71.48776153;-1951997.781;2842677.374;NA;False; ; ;0; ; ; ; ; ; 
TRACK;1.12.5-24;-16.48667083;-71.48628671;-1952014.853;2842844.728;NA;False; ; ;0; ; ; ; ; ; 
TRACK;1.12.5-30; ; ;-1.516416327;20763369.87;NA; ; ; ; ; ; ; ; ; ; 
TRACK;1.12.5-30;-16.48610368;-71.48877932;-1951916.592;2842569.65;NA;False; ; ;0; ; ; ; ; ; 
TRACK;1.12.5-30;-16.48567496;-71.48878816;-1951866.114;2842574.287;NA;False; ; ;0; ; ; ; ; ; 
TRACK;1.12.5-30;-16.48570052;-71.4891821;-1951864.118;2842529.298;NA;False; ; ;0; ; ; ; ; ; 
TRACK;1.12.5-30;-16.48610866;-71.48917858;-1951912.112;2842524.329;NA;False; ; ;0; ; ; ; ; ; 
TRACK;1.12.5-55; ; ;-1.516416327;20763369.87;NA; ; ; ; ; ; ; ; ; ; 
TRACK;1.12.5-55;-16.48929666;-71.48963318;-1952280.871;2842430.873;NA;False; ; ;0; ; ; ; ; ; 
TRACK;1.12.5-55;-16.48929677;-71.4890263;-1952288.586;2842499.659;NA;False; ; ;0; ; ; ; ; ; 
TRACK;1.12.5-55;-16.48899976;-71.48903728;-1952253.553;2842502.322;NA;False; ; ;0; ; ; ; ; ; 
TRACK;1.12.5-55;-16.48900406;-71.48963196;-1952246.512;2842434.86;NA;False; ; ;0; ; ; ; ; ; 
TRACK;1.12.5-88; ; ;-1.516416327;20763369.87;NA; ; ; ; ; ; ; ; ; ; 
TRACK;1.12.5-88;-16.48868244;-71.50124646;-1952061.392;2841122.665;NA;False; ; ;0; ; ; ; ; ; 
TRACK;1.12.5-88;-16.48863847;-71.50145755;-1952053.55;2841099.318;NA;False; ; ;0; ; ; ; ; ; 
TRACK;1.12.5-88;-16.48864955;-71.5016078;-1952052.946;2841082.143;NA;False; ; ;0; ; ; ; ; ; 
TRACK;1.12.5-88;-16.48866613;-71.50173276;-1952053.31;2841067.762;NA;False; ; ;0; ; ; ; ; ; 
TRACK;1.12.5-88;-16.48870473;-71.50183203;-1952056.585;2841056.004;NA;False; ; ;0; ; ; ; ; ; 
TRACK;1.12.5-88;-16.48954129;-71.5016035;-1952157.755;2841070.91;NA;False; ; ;0; ; ; ; ; ; 
TRACK;1.12.5-88;-16.48942324;-71.50143708;-1952145.998;2841091.323;NA;False; ; ;0; ; ; ; ; ; 
TRACK;1.12.5-88;-16.48922442;-71.50113986;-1952126.412;2841127.623;NA;False; ; ;0; ; ; ; ; ; 
TRACK;1.12.5-88;-16.48915112;-71.50090451;-1952120.785;2841155.261;NA;False; ; ;0; ; ; ; ; ; 
TRACK;1.12.5-88;-16.48909203;-71.50083157;-1952114.77;2841164.305;NA;False; ; ;0; ; ; ; ; ; 
TRACK;1.12.5-88;-16.48896407;-71.50086575;-1952099.304;2841162.113;NA;False; ; ;0; ; ; ; ; ; 
TRACK;1.12.5-88;-16.48886304;-71.50100602;-1952085.657;2841147.542;NA;False; ; ;0; ; ; ; ; ; 
TRACK;1.12.5-89; ; ;-1.516416327;20763369.87;NA; ; ; ; ; ; ; ; ; ; 
TRACK;1.12.5-89;-16.48906134;-71.50253056;-1952089.618;2840972.146;NA;False; ; ;0; ; ; ; ; ; 
TRACK;1.12.5-89;-16.48920875;-71.50254142;-1952106.797;2840968.977;NA;False; ; ;0; ; ; ; ; ; 
TRACK;1.12.5-89;-16.48941546;-71.50256766;-1952130.747;2840963.287;NA;False; ; ;0; ; ; ; ; ; 
TRACK;1.12.5-89;-16.48961776;-71.50257905;-1952154.367;2840959.337;NA;False; ; ;0; ; ; ; ; ; 
TRACK;1.12.5-89;-16.48996361;-71.50257511;-1952195.045;2840955.238;NA;False; ; ;0; ; ; ; ; ; 
TRACK;1.12.5-89;-16.48967655;-71.50220599;-1952166.004;2841000.846;NA;False; ; ;0; ; ; ; ; ; 
TRACK;1.12.5-89;-16.48983745;-71.50202572;-1952187.191;2841019.163;NA;False; ; ;0; ; ; ; ; ; 
TRACK;1.12.5-89;-16.48964782;-71.50164625;-1952169.727;2841064.664;NA;False; ; ;0; ; ; ; ; ; 
TRACK;1.12.5-89;-16.48871431;-71.50189262;-1952056.942;2841049.011;NA;False; ; ;0; ; ; ; ; ; 
TRACK;1.12.5-89;-16.48878146;-71.50246729;-1952057.544;2840982.996;NA;False; ; ;0; ; ; ; ; ; 
TRACK;1.12.5-90; ; ;-1.516416327;20763369.87;NA; ; ; ; ; ; ; ; ; ; 
TRACK;1.12.5-90;-16.48932179;-71.50327553;-1952110.768;2840884.29;NA;False; ; ;0; ; ; ; ; ; 
TRACK;1.12.5-90;-16.49009121;-71.5032761;-1952201.145;2840874.112;NA;False; ; ;0; ; ; ; ; ; 
TRACK;1.12.5-90;-16.49011844;-71.50268711;-1952211.812;2840940.51;NA;False; ; ;0; ; ; ; ; ; 
TRACK;1.12.5-90;-16.48904612;-71.50264904;-1952086.329;2840958.918;NA;False; ; ;0; ; ; ; ; ; 
TRACK;1.12.5-90;-16.48856703;-71.50254128;-1952031.415;2840977.428;NA;False; ; ;0; ; ; ; ; ; 
TRACK;1.12.5-90;-16.48864072;-71.50269919;-1952038.069;2840958.562;NA;False; ; ;0; ; ; ; ; ; 
TRACK;1.12.5-91; ; ;-1.516416327;20763369.87;NA; ; ; ; ; ; ; ; ; ; 
TRACK;1.12.5-91;-16.49115703;-71.48360276;-1952575.974;2843089.933;NA;False; ; ;0; ; ; ; ; ; 
TRACK;1.12.5-91;-16.49075732;-71.48355774;-1952529.586;2843100.295;NA;False; ; ;0; ; ; ; ; ; 
TRACK;1.12.5-91;-16.49075124;-71.48420157;-1952520.698;2843027.397;NA;False; ; ;0; ; ; ; ; ; 
TRACK;1.12.5-91;-16.4911674;-71.48424372;-1952569.055;2843017.144;NA;False; ; ;0; ; ; ; ; ; 
TRACK;1.12.5-92; ; ;-1.516416327;20763369.87;NA; ; ; ; ; ; ; ; ; ; 
TRACK;1.12.5-92;-16.4916526;-71.48432101;-1952625.076;2843001.999;NA;False; ; ;0; ; ; ; ; ; 
TRACK;1.12.5-92;-16.49171637;-71.48368358;-1952640.661;2843073.411;NA;False; ; ;0; ; ; ; ; ; 
TRACK;1.12.5-92;-16.49132454;-71.48362939;-1952595.315;2843084.71;NA;False; ; ;0; ; ; ; ; ; 
TRACK;1.12.5-92;-16.49127348;-71.48425976;-1952581.315;2843013.93;NA;False; ; ;0; ; ; ; ; ; 
TRACK;1.12.5-93; ; ;-1.516416327;20763369.87;NA; ; ; ; ; ; ; ; ; ; 
TRACK;1.12.5-93;-16.49206971;-71.48435227;-1952673.683;2842992.967;NA;False; ; ;0; ; ; ; ; ; 
TRACK;1.12.5-93;-16.4921364;-71.48372456;-1952689.487;2843063.239;NA;False; ; ;0; ; ; ; ; ; 
TRACK;1.12.5-93;-16.49176277;-71.4836948;-1952645.971;2843071.529;NA;False; ; ;0; ; ; ; ; ; 
TRACK;1.12.5-93;-16.49171078;-71.48432768;-1952631.827;2843000.477;NA;False; ; ;0; ; ; ; ; ; 
TRACK;1.12.5-94; ; ;-1.516416327;20763369.87;NA; ; ; ; ; ; ; ; ; ; 
TRACK;1.12.5-94;-16.4925017;-71.48439736;-1952723.862;2842982.171;NA;False; ; ;0; ; ; ; ; ; 
TRACK;1.12.5-94;-16.4925658;-71.48377297;-1952739.321;2843052.101;NA;False; ; ;0; ; ; ; ; ; 
TRACK;1.12.5-94;-16.49219151;-71.48373089;-1952695.882;2843061.796;NA;False; ; ;0; ; ; ; ; ; 
TRACK;1.12.5-94;-16.4921214;-71.4843523;-1952679.756;2842992.284;NA;False; ; ;0; ; ; ; ; ; 
TRACK;1.12.5-95; ; ;-1.516416327;20763369.87;NA; ; ; ; ; ; ; ; ; ; 
TRACK;1.12.5-95;-16.49302168;-71.48384318;-1952791.988;2843038.144;NA;False; ; ;0; ; ; ; ; ; 
TRACK;1.12.5-95;-16.49263004;-71.48378627;-1952746.699;2843049.748;NA;False; ; ;0; ; ; ; ; ; 
TRACK;1.12.5-95;-16.49256848;-71.4844062;-1952731.596;2842980.291;NA;False; ; ;0; ; ; ; ; ; 
TRACK;1.12.5-95;-16.49295967;-71.484447;-1952777.037;2842970.519;NA;False; ; ;0; ; ; ; ; ; 
TRACK;1.12.5-96; ; ;-1.516416327;20763369.87;NA; ; ; ; ; ; ; ; ; ; 
TRACK;1.12.5-96;-16.49162343;-71.484395;-1952620.71;2842993.996;NA;False; ; ;0; ; ; ; ; ; 
TRACK;1.12.5-96;-16.49075605;-71.48428158;-1952520.248;2843018.266;NA;False; ; ;0; ; ; ; ; ; 
TRACK;1.12.5-96;-16.4907568;-71.48458845;-1952516.44;2842983.472;NA;False; ; ;0; ; ; ; ; ; 
TRACK;1.12.5-96;-16.49158277;-71.48469332;-1952612.147;2842960.717;NA;False; ; ;0; ; ; ; ; ; 
TRACK;1.12.5-97; ; ;-1.516416327;20763369.87;NA; ; ; ; ; ; ; ; ; ; 
TRACK;1.12.5-97;-16.49267316;-71.48452282;-1952742.414;2842965.694;NA;False; ; ;0; ; ; ; ; ; 
TRACK;1.12.5-97;-16.49171499;-71.48440317;-1952631.363;2842991.865;NA;False; ; ;0; ; ; ; ; ; 
TRACK;1.12.5-97;-16.49167141;-71.48470652;-1952622.392;2842958.054;NA;False; ; ;0; ; ; ; ; ; 
TRACK;1.12.5-97;-16.49261298;-71.48484179;-1952731.293;2842930.332;NA;False; ; ;0; ; ; ; ; ; 
TRACK;1.12.5-98; ; ;-1.516416327;20763369.87;NA; ; ; ; ; ; ; ; ; ; 
TRACK;1.12.5-98;-16.49076454;-71.48463382;-1952516.774;2842978.228;NA;False; ; ;0; ; ; ; ; ; 
TRACK;1.12.5-98;-16.49076416;-71.48484679;-1952514.025;2842954.093;NA;False; ; ;0; ; ; ; ; ; 
TRACK;1.12.5-98;-16.49241209;-71.48508601;-1952704.592;2842905.294;NA;False; ; ;0; ; ; ; ; ; 
TRACK;1.12.5-98;-16.49247612;-71.48489458;-1952714.545;2842926.15;NA;False; ; ;0; ; ; ; ; ; 
TRACK;1.12.5-114; ; ;-1.516416327;20763369.87;NA; ; ; ; ; ; ; ; ; ; 
TRACK;1.12.5-114;-16.49252437;-71.49399689;-1952604.683;2841893.82;NA;False; ; ;0; ; ; ; ; ; 
TRACK;1.12.5-114;-16.49264353;-71.49388455;-1952620.107;2841904.986;NA;False; ; ;0; ; ; ; ; ; 
TRACK;1.12.5-114;-16.49266547;-71.4933344;-1952629.666;2841967.052;NA;False; ; ;0; ; ; ; ; ; 
TRACK;1.12.5-114;-16.49233266;-71.49333809;-1952590.522;2841971.012;NA;False; ; ;0; ; ; ; ; ; 
TRACK;1.12.5-114;-16.49230849;-71.49400118;-1952579.268;2841896.174;NA;False; ; ;0; ; ; ; ; ; 
TRACK;1.12.5-115; ; ;-1.516416327;20763369.87;NA; ; ; ; ; ; ; ; ; ; 
TRACK;1.12.5-115;-16.49287201;-71.49366518;-1952649.732;2841926.845;NA;False; ; ;0; ; ; ; ; ; 
TRACK;1.12.5-115;-16.49290617;-71.49333262;-1952657.965;2841964.089;NA;False; ; ;0; ; ; ; ; ; 
TRACK;1.12.5-115;-16.49270873;-71.49333939;-1952634.685;2841965.918;NA;False; ; ;0; ; ; ; ; ; 
TRACK;1.12.5-115;-16.49268572;-71.49384061;-1952625.622;2841909.412;NA;False; ; ;0; ; ; ; ; ; 
TRACK;1.12.5-115;-16.49279937;-71.493771;-1952639.856;2841915.807;NA;False; ; ;0; ; ; ; ; ; 
TRACK;1.12.5-118; ; ;-1.516416327;20763369.87;NA; ; ; ; ; ; ; ; ; ; 
TRACK;1.12.5-118;-16.49222143;-71.49511313;-1952554.932;2841771.289;NA;False; ; ;0; ; ; ; ; ; 
TRACK;1.12.5-118;-16.49295916;-71.49553712;-1952636.218;2841713.531;NA;False; ; ;0; ; ; ; ; ; 
TRACK;1.12.5-118;-16.49311528;-71.49529198;-1952657.669;2841739.263;NA;False; ; ;0; ; ; ; ; ; 
TRACK;1.12.5-118;-16.4924338;-71.49487236;-1952582.935;2841795.785;NA;False; ; ;0; ; ; ; ; ; 
TRACK;1.12.5-119; ; ;-1.516416327;20763369.87;NA; ; ; ; ; ; ; ; ; ; 
TRACK;1.12.5-119;-16.49314306;-71.49570852;-1952655.647;2841691.687;NA;False; ; ;0; ; ; ; ; ; 
TRACK;1.12.5-119;-16.49222958;-71.49519392;-1952554.864;2841762.024;NA;False; ; ;0; ; ; ; ; ; 
TRACK;1.12.5-119;-16.49216445;-71.49546534;-1952543.769;2841732.118;NA;False; ; ;0; ; ; ; ; ; 
TRACK;1.12.5-119;-16.49297573;-71.49596528;-1952632.732;2841664.786;NA;False; ; ;0; ; ; ; ; ; 
TRACK;1.12.5-132; ; ;-1.516416327;20763369.87;NA; ; ; ; ; ; ; ; ; ; 
TRACK;1.12.5-132;-16.4932;-71.49801569;-1952633.063;2841429.446;NA;False; ; ;0; ; ; ; ; ; 
TRACK;1.12.5-132;-16.4933116;-71.49767452;-1952650.502;2841466.646;NA;False; ; ;0; ; ; ; ; ; 
TRACK;1.12.5-132;-16.49323153;-71.49765025;-1952641.404;2841470.449;NA;False; ; ;0; ; ; ; ; ; 
TRACK;1.12.5-132;-16.49312165;-71.49798504;-1952624.248;2841433.95;NA;False; ; ;0; ; ; ; ; ; 
TRACK;1.12.5-137; ; ;-1.516416327;20763369.87;NA; ; ; ; ; ; ; ; ; ; 
TRACK;1.12.5-137;-16.49399892;-71.50047667;-1952695.695;2841140.021;NA;False; ; ;0; ; ; ; ; ; 
TRACK;1.12.5-137;-16.49373589;-71.50013717;-1952669.103;2841181.957;NA;False; ; ;0; ; ; ; ; ; 
TRACK;1.12.5-137;-16.49325646;-71.49953847;-1952620.378;2841256.115;NA;False; ; ;0; ; ; ; ; ; 
TRACK;1.12.5-137;-16.49308778;-71.499727;-1952598.171;2841236.966;NA;False; ; ;0; ; ; ; ; ; 
TRACK;1.12.5-137;-16.4932407;-71.50072878;-1952603.427;2841121.416;NA;False; ; ;0; ; ; ; ; ; 
TRACK;1.12.5-138; ; ;-1.516416327;20763369.87;NA; ; ; ; ; ; ; ; ; ; 
TRACK;1.12.5-138;-16.49332759;-71.49951271;-1952629.06;2841258.099;NA;False; ; ;0; ; ; ; ; ; 
TRACK;1.12.5-138;-16.49409636;-71.50043542;-1952707.665;2841143.414;NA;False; ; ;0; ; ; ; ; ; 
TRACK;1.12.5-138;-16.49455904;-71.50023515;-1952764.558;2841160.028;NA;False; ; ;0; ; ; ; ; ; 
TRACK;1.12.5-138;-16.49360794;-71.49907236;-1952667.58;2841304.321;NA;False; ; ;0; ; ; ; ; ; 
TRACK;1.12.5-141; ; ;-1.516416327;20763369.87;NA; ; ; ; ; ; ; ; ; ; 
TRACK;1.12.5-141;-16.49113854;-71.50263577;-1952332.296;2840932.92;NA;False; ; ;0; ; ; ; ; ; 
TRACK;1.12.5-141;-16.49151211;-71.50314105;-1952369.772;2840870.743;NA;False; ; ;0; ; ; ; ; ; 
TRACK;1.12.5-141;-16.49197033;-71.50232795;-1952433.911;2840956.873;NA;False; ; ;0; ; ; ; ; ; 
TRACK;1.12.5-141;-16.49211083;-71.50213184;-1952452.904;2840977.252;NA;False; ; ;0; ; ; ; ; ; 
TRACK;1.12.5-141;-16.49211519;-71.50190008;-1952456.354;2841003.462;NA;False; ; ;0; ; ; ; ; ; 
TRACK;1.12.5-141;-16.49196148;-71.50174225;-1952440.3;2841023.371;NA;False; ; ;0; ; ; ; ; ; 
TRACK;1.12.5-141;-16.49134083;-71.50247811;-1952358.059;2840948.129;NA;False; ; ;0; ; ; ; ; ; 
TRACK;1.12.5-142; ; ;-1.516416327;20763369.87;NA; ; ; ; ; ; ; ; ; ; 
TRACK;1.12.5-142;-16.4927215;-71.5041776;-1952498.693;2840737.368;NA;False; ; ;0; ; ; ; ; ; 
TRACK;1.12.5-142;-16.49270461;-71.50402666;-1952498.624;2840754.696;NA;False; ; ;0; ; ; ; ; ; 
TRACK;1.12.5-142;-16.49270707;-71.50397481;-1952499.571;2840760.541;NA;False; ; ;0; ; ; ; ; ; 
TRACK;1.12.5-142;-16.49267992;-71.50375886;-1952499.119;2840785.372;NA;False; ; ;0; ; ; ; ; ; 
TRACK;1.12.5-142;-16.49270713;-71.50359057;-1952504.451;2840804.087;NA;False; ; ;0; ; ; ; ; ; 
TRACK;1.12.5-142;-16.49276307;-71.50338232;-1952513.663;2840826.955;NA;False; ; ;0; ; ; ; ; ; 
TRACK;1.12.5-142;-16.4932483;-71.50261721;-1952580.367;2840907.29;NA;False; ; ;0; ; ; ; ; ; 
TRACK;1.12.5-142;-16.49313011;-71.50249979;-1952567.972;2840922.152;NA;False; ; ;0; ; ; ; ; ; 
TRACK;1.12.5-142;-16.49252289;-71.50278748;-1952492.993;2840897.528;NA;False; ; ;0; ; ; ; ; ; 
TRACK;1.12.5-142;-16.49192927;-71.50252032;-1952426.649;2840935.61;NA;False; ; ;0; ; ; ; ; ; 
TRACK;1.12.5-142;-16.49153311;-71.50318216;-1952371.718;2840865.807;NA;False; ; ;0; ; ; ; ; ; 
TRACK;1.12.5-142;-16.4922954;-71.50424936;-1952447.731;2840734.836;NA;False; ; ;0; ; ; ; ; ; 
TRACK;1.12.5-142;-16.49234743;-71.50429204;-1952453.301;2840729.315;NA;False; ; ;0; ; ; ; ; ; 
TRACK;1.12.5-142;-16.4924085;-71.50434628;-1952459.787;2840722.365;NA;False; ; ;0; ; ; ; ; ; 
TRACK;1.12.5-142;-16.49247794;-71.50435112;-1952467.882;2840720.903;NA;False; ; ;0; ; ; ; ; ; 
TRACK;1.12.5-142;-16.49257902;-71.50432741;-1952480.057;2840722.262;NA;False; ; ;0; ; ; ; ; ; 
TRACK;1.12.5-142;-16.49266324;-71.50428893;-1952490.438;2840725.517;NA;False; ; ;0; ; ; ; ; ; 
TRACK;1.12.5-142;-16.49269252;-71.50424678;-1952494.412;2840729.908;NA;False; ; ;0; ; ; ; ; ; 
TRACK;1.12.5-143; ; ;-1.516416327;20763369.87;NA; ; ; ; ; ; ; ; ; ; 
TRACK;1.12.5-143;-16.49237906;-71.50438273;-1952455.866;2840718.621;NA;False; ; ;0; ; ; ; ; ; 
TRACK;1.12.5-143;-16.49231624;-71.50449485;-1952447.065;2840706.739;NA;False; ; ;0; ; ; ; ; ; 
TRACK;1.12.5-143;-16.4923463;-71.50458027;-1952449.513;2840696.663;NA;False; ; ;0; ; ; ; ; ; 
TRACK;1.12.5-143;-16.49249783;-71.50467828;-1952466.07;2840683.564;NA;False; ; ;0; ; ; ; ; ; 
TRACK;1.12.5-143;-16.49257898;-71.50458122;-1952476.834;2840693.497;NA;False; ; ;0; ; ; ; ; ; 
TRACK;1.12.5-143;-16.49262822;-71.50437558;-1952485.226;2840716.155;NA;False; ; ;0; ; ; ; ; ; 
TRACK;1.12.5-143;-16.49257073;-71.50437493;-1952478.48;2840716.986;NA;False; ; ;0; ; ; ; ; ; 
TRACK;1.12.6-2; ; ;-1.516416327;20763369.87;NA; ; ; ; ; ; ; ; ; ; 
TRACK;1.12.6-2;-16.48738967;-71.4716967;-1952284.546;2844489.12;NA;False; ; ;0; ; ; ; ; ; 
TRACK;1.12.6-2;-16.48765897;-71.47127681;-1952321.52;2844533.173;NA;False; ; ;0; ; ; ; ; ; 
TRACK;1.12.6-2;-16.48755476;-71.47123648;-1952309.789;2844539.116;NA;False; ; ;0; ; ; ; ; ; 
TRACK;1.12.6-2;-16.48744874;-71.47117195;-1952298.152;2844547.828;NA;False; ; ;0; ; ; ; ; ; 
TRACK;1.12.6-2;-16.48744339;-71.47110614;-1952298.359;2844555.359;NA;False; ; ;0; ; ; ; ; ; 
TRACK;1.12.6-2;-16.48744339;-71.47102148;-1952299.434;2844564.956;NA;False; ; ;0; ; ; ; ; ; 
TRACK;1.12.6-2;-16.48745408;-71.47094165;-1952301.704;2844573.864;NA;False; ; ;0; ; ; ; ; ; 
TRACK;1.12.6-2;-16.48737883;-71.47087929;-1952293.655;2844581.924;NA;False; ; ;0; ; ; ; ; ; 
TRACK;1.12.6-2;-16.48704569;-71.47159221;-1952245.458;2844505.493;NA;False; ; ;0; ; ; ; ; ; 
TRACK;1.12.6-2;-16.48719224;-71.47160561;-1952262.507;2844502.045;NA;False; ; ;0; ; ; ; ; ; 
TRACK;1.12.6-19; ; ;-1.516416327;20763369.87;NA; ; ; ; ; ; ; ; ; ; 
TRACK;1.12.6-19;-16.49377029;-71.47736586;-1952962.195;2843762.489;NA;False; ; ;0; ; ; ; ; ; 
TRACK;1.12.6-19;-16.49387142;-71.47740707;-1952973.554;2843756.487;NA;False; ; ;0; ; ; ; ; ; 
TRACK;1.12.6-19;-16.49384362;-71.47734813;-1952971.037;2843763.533;NA;False; ; ;0; ; ; ; ; ; 
TRACK;1.12.6-19;-16.49311785;-71.47628165;-1952899.314;2843893.976;NA;False; ; ;0; ; ; ; ; ; 
TRACK;1.12.6-19;-16.49299343;-71.47631602;-1952884.26;2843891.717;NA;False; ; ;0; ; ; ; ; ; 
TRACK;1.12.6-19;-16.49286361;-71.47649342;-1952866.754;2843873.319;NA;False; ; ;0; ; ; ; ; ; 
TRACK;1.12.6-19;-16.49355404;-71.47722606;-1952938.564;2843781.183;NA;False; ; ;0; ; ; ; ; ; 
TRACK;1.12.6-20; ; ;-1.516416327;20763369.87;NA; ; ; ; ; ; ; ; ; ; 
TRACK;1.12.6-20;-16.49421033;-71.47770032;-1953009.647;2843718.784;NA;False; ; ;0; ; ; ; ; ; 
TRACK;1.12.6-20;-16.49367996;-71.47739248;-1952951.245;2843760.661;NA;False; ; ;0; ; ; ; ; ; 
TRACK;1.12.6-20;-16.49375015;-71.47765382;-1952956.172;2843730.114;NA;False; ; ;0; ; ; ; ; ; 
TRACK;1.12.6-20;-16.49338779;-71.47793565;-1952910.019;2843702.938;NA;False; ; ;0; ; ; ; ; ; 
TRACK;1.12.6-20;-16.49349059;-71.47811003;-1952919.883;2843681.819;NA;False; ; ;0; ; ; ; ; ; 
TRACK;1.12.6-20;-16.49346756;-71.47839223;-1952913.592;2843650.135;NA;False; ; ;0; ; ; ; ; ; 
TRACK;1.12.6-20;-16.49364937;-71.47857324;-1952932.654;2843627.224;NA;False; ; ;0; ; ; ; ; ; 
TRACK;1.12.6-20;-16.49380233;-71.47862445;-1952949.974;2843619.405;NA;False; ; ;0; ; ; ; ; ; 
TRACK;1.12.6-20;-16.49395407;-71.47867747;-1952967.128;2843611.398;NA;False; ; ;0; ; ; ; ; ; 
TRACK;1.12.6-20;-16.49397064;-71.47881517;-1952967.326;2843595.571;NA;False; ; ;0; ; ; ; ; ; 
TRACK;1.12.6-20;-16.49404019;-71.47901437;-1952972.968;2843572.076;NA;False; ; ;0; ; ; ; ; ; 
TRACK;1.12.6-20;-16.4944921;-71.4793372;-1953021.96;2843529.535;NA;False; ; ;0; ; ; ; ; ; 
TRACK;1.12.6-20;-16.49507687;-71.47858147;-1953100.261;2843607.498;NA;False; ; ;0; ; ; ; ; ; 
TRACK;1.12.6-21; ; ;-1.516416327;20763369.87;NA; ; ; ; ; ; ; ; ; ; 
TRACK;1.12.6-21;-16.49378744;-71.47955139;-1952936.452;2843514.533;NA;False; ; ;0; ; ; ; ; ; 
TRACK;1.12.6-21;-16.49356901;-71.47943678;-1952912.245;2843530.399;NA;False; ; ;0; ; ; ; ; ; 
TRACK;1.12.6-21;-16.49335334;-71.47944109;-1952886.852;2843532.75;NA;False; ; ;0; ; ; ; ; ; 
TRACK;1.12.6-21;-16.49312728;-71.47970715;-1952856.914;2843505.568;NA;False; ; ;0; ; ; ; ; ; 
TRACK;1.12.6-21;-16.49309704;-71.47990197;-1952850.888;2843483.882;NA;False; ; ;0; ; ; ; ; ; 
TRACK;1.12.6-21;-16.49311089;-71.47999352;-1952851.351;2843473.323;NA;False; ; ;0; ; ; ; ; ; 
TRACK;1.12.6-21;-16.49314651;-71.48004423;-1952854.892;2843467.106;NA;False; ; ;0; ; ; ; ; ; 
TRACK;1.12.6-22; ; ;-1.516416327;20763369.87;NA; ; ; ; ; ; ; ; ; ; 
TRACK;1.12.6-22;-16.49383794;-71.47956191;-1952942.251;2843512.676;NA;False; ; ;0; ; ; ; ; ; 
TRACK;1.12.6-22;-16.4931701;-71.48009945;-1952856.963;2843460.536;NA;False; ; ;0; ; ; ; ; ; 
TRACK;1.12.6-22;-16.4933869;-71.48036751;-1952879.03;2843427.299;NA;False; ; ;0; ; ; ; ; ; 
TRACK;1.12.6-22;-16.49407634;-71.47973361;-1952968.08;2843490.075;NA;False; ; ;0; ; ; ; ; ; 
TRACK;1.12.6-23; ; ;-1.516416327;20763369.87;NA; ; ; ; ; ; ; ; ; ; 
TRACK;1.12.6-23;-16.49310665;-71.48011281;-1952849.339;2843459.857;NA;False; ; ;0; ; ; ; ; ; 
TRACK;1.12.6-23;-16.49304824;-71.48015386;-1952841.955;2843455.974;NA;False; ; ;0; ; ; ; ; ; 
TRACK;1.12.6-23;-16.49293924;-71.48033222;-1952826.884;2843437.191;NA;False; ; ;0; ; ; ; ; ; 
TRACK;1.12.6-23;-16.49292477;-71.48048064;-1952823.299;2843420.559;NA;False; ; ;0; ; ; ; ; ; 
TRACK;1.12.6-23;-16.49303216;-71.48062034;-1952834.142;2843403.31;NA;False; ; ;0; ; ; ; ; ; 
TRACK;1.12.6-23;-16.49329115;-71.48039302;-1952867.457;2843425.667;NA;False; ; ;0; ; ; ; ; ; 
TRACK;1.12.6-24; ; ;-1.516416327;20763369.87;NA; ; ; ; ; ; ; ; ; ; 
TRACK;1.12.6-24;-16.4926579;-71.47931531;-1952806.745;2843556.161;NA;False; ; ;0; ; ; ; ; ; 
TRACK;1.12.6-24;-16.49232697;-71.47922648;-1952768.994;2843570.586;NA;False; ; ;0; ; ; ; ; ; 
TRACK;1.12.6-24;-16.49186443;-71.4792929;-1952713.807;2843569.145;NA;False; ; ;0; ; ; ; ; ; 
TRACK;1.12.6-24;-16.4921171;-71.47986355;-1952736.246;2843501.136;NA;False; ; ;0; ; ; ; ; ; 
TRACK;1.12.6-24;-16.49230058;-71.47979742;-1952758.643;2843506.217;NA;False; ; ;0; ; ; ; ; ; 
TRACK;1.12.6-24;-16.49252358;-71.47978732;-1952784.969;2843504.427;NA;False; ; ;0; ; ; ; ; ; 
TRACK;1.12.6-24;-16.49276894;-71.47995516;-1952811.664;2843482.172;NA;False; ; ;0; ; ; ; ; ; 
TRACK;1.12.6-24;-16.49298509;-71.47994654;-1952837.169;2843480.304;NA;False; ; ;0; ; ; ; ; ; 
TRACK;1.12.6-24;-16.49307223;-71.4795956;-1952851.864;2843518.936;NA;False; ; ;0; ; ; ; ; ; 
TRACK;1.12.6-25; ; ;-1.516416327;20763369.87;NA; ; ; ; ; ; ; ; ; ; 
TRACK;1.12.6-25;-16.49338721;-71.48162062;-1952863.153;2843285.256;NA;False; ; ;0; ; ; ; ; ; 
TRACK;1.12.6-25;-16.49495007;-71.48054249;-1953060.457;2843386.888;NA;False; ; ;0; ; ; ; ; ; 
TRACK;1.12.6-25;-16.49498812;-71.48033492;-1953067.563;2843409.915;NA;False; ; ;0; ; ; ; ; ; 
TRACK;1.12.6-25;-16.49445448;-71.47955309;-1953014.798;2843505.559;NA;False; ; ;0; ; ; ; ; ; 
TRACK;1.12.6-25;-16.49279855;-71.48091982;-1952802.893;2843372.439;NA;False; ; ;0; ; ; ; ; ; 
TRACK;1.12.6-27; ; ;-1.516416327;20763369.87;NA; ; ; ; ; ; ; ; ; ; 
TRACK;1.12.6-27;-16.49110266;-71.4834956;-1952570.947;2843102.795;NA;False; ; ;0; ; ; ; ; ; 
TRACK;1.12.6-27;-16.49176364;-71.48361222;-1952647.121;2843080.878;NA;False; ; ;0; ; ; ; ; ; 
TRACK;1.12.6-27;-16.49256658;-71.48368659;-1952740.509;2843061.882;NA;False; ; ;0; ; ; ; ; ; 
TRACK;1.12.6-27;-16.49275299;-71.48281884;-1952773.427;2843157.786;NA;False; ; ;0; ; ; ; ; ; 
TRACK;1.12.6-27;-16.49236057;-71.48263895;-1952729.607;2843183.342;NA;False; ; ;0; ; ; ; ; ; 
TRACK;1.12.6-27;-16.49241117;-71.48213163;-1952741.994;2843240.179;NA;False; ; ;0; ; ; ; ; ; 
TRACK;1.12.6-27;-16.49262848;-71.48174248;-1952772.466;2843281.429;NA;False; ; ;0; ; ; ; ; ; 
TRACK;1.12.6-27;-16.49220943;-71.48134893;-1952728.231;2843331.553;NA;False; ; ;0; ; ; ; ; ; 
TRACK;1.12.6-27;-16.49125752;-71.48214483;-1952606.291;2843253.866;NA;False; ; ;0; ; ; ; ; ; 
TRACK;1.12.6-27;-16.49091158;-71.48254491;-1952560.568;2843213.069;NA;False; ; ;0; ; ; ; ; ; 
TRACK;1.12.6-27;-16.4907701;-71.48296233;-1952538.646;2843167.617;NA;False; ; ;0; ; ; ; ; ; 
TRACK;1.12.6-27;-16.49077192;-71.48330051;-1952534.567;2843129.26;NA;False; ; ;0; ; ; ; ; ; 
TRACK;1.12.7-3; ; ;-1.516416327;20763369.87;NA; ; ; ; ; ; ; ; ; ; 
TRACK;1.12.7-3;-16.48490548;-71.46856298;-1952032.474;2844877.067;NA;False; ; ;0; ; ; ; ; ; 
TRACK;1.12.7-3;-16.48492793;-71.46877005;-1952032.481;2844853.298;NA;False; ; ;0; ; ; ; ; ; 
TRACK;1.12.7-3;-16.48518926;-71.46901852;-1952060.03;2844821.69;NA;False; ; ;0; ; ; ; ; ; 
TRACK;1.12.7-3;-16.48525495;-71.46894752;-1952068.651;2844828.874;NA;False; ; ;0; ; ; ; ; ; 
TRACK;1.12.7-3;-16.4853061;-71.46887199;-1952075.62;2844836.763;NA;False; ; ;0; ; ; ; ; ; 
TRACK;1.12.7-3;-16.48536257;-71.46875286;-1952083.769;2844849.524;NA;False; ; ;0; ; ; ; ; ; 
TRACK;1.12.7-3;-16.4854194;-71.46864605;-1952091.802;2844860.885;NA;False; ; ;0; ; ; ; ; ; 
TRACK;1.12.7-3;-16.48551181;-71.4685523;-1952103.85;2844870.295;NA;False; ; ;0; ; ; ; ; ; 
TRACK;1.12.7-3;-16.48567094;-71.46841742;-1952124.261;2844883.491;NA;False; ; ;0; ; ; ; ; ; 
TRACK;1.12.7-3;-16.48568386;-71.46838941;-1952126.135;2844886.496;NA;False; ; ;0; ; ; ; ; ; 
TRACK;1.12.7-3;-16.48570944;-71.4683024;-1952130.246;2844896.023;NA;False; ; ;0; ; ; ; ; ; 
TRACK;1.12.7-3;-16.48571736;-71.46817942;-1952132.738;2844909.86;NA;False; ; ;0; ; ; ; ; ; 
TRACK;1.12.7-3;-16.48568476;-71.46811298;-1952129.752;2844917.821;NA;False; ; ;0; ; ; ; ; ; 
TRACK;1.12.7-3;-16.48565237;-71.46802175;-1952127.105;2844928.59;NA;False; ; ;0; ; ; ; ; ; 
TRACK;1.12.7-3;-16.4856047;-71.46801604;-1952121.577;2844929.864;NA;False; ; ;0; ; ; ; ; ; 
TRACK;1.12.7-3;-16.4850628;-71.46834025;-1952053.787;2844900.246;NA;False; ; ;0; ; ; ; ; ; 
TRACK;1.12.12-1; ; ;-1.516416327;20763369.87;NA; ; ; ; ; ; ; ; ; ; 
TRACK;1.12.12-1;-16.5164239;-71.48917133;-1955473.593;2842126.131;NA;False; ; ;0; ; ; ; ; ; 
TRACK;1.12.12-1;-16.51663177;-71.48858108;-1955505.514;2842190.284;NA;False; ; ;0; ; ; ; ; ; 
TRACK;1.12.12-1;-16.51618465;-71.48833175;-1955456.156;2842224.431;NA;False; ; ;0; ; ; ; ; ; 
TRACK;1.12.12-1;-16.51595931;-71.48906037;-1955420.424;2842144.827;NA;False; ; ;0; ; ; ; ; ; 
TRACK;1.12.12-1;-16.51580154;-71.49019329;-1955387.493;2842018.515;NA;False; ; ;0; ; ; ; ; ; 
TRACK;1.12.12-1;-16.5160873;-71.48986094;-1955425.286;2842052.415;NA;False; ; ;0; ; ; ; ; ; 
TRACK;1.12.12-2; ; ;-1.516416327;20763369.87;NA; ; ; ; ; ; ; ; ; ; 
TRACK;1.12.12-2;-16.51679843;-71.48804615;-1955531.891;2842248.71;NA;False; ; ;0; ; ; ; ; ; 
TRACK;1.12.12-2;-16.51694552;-71.48770128;-1955553.553;2842285.856;NA;False; ; ;0; ; ; ; ; ; 
TRACK;1.12.12-2;-16.51609458;-71.48765272;-1955454.205;2842302.57;NA;False; ; ;0; ; ; ; ; ; 
TRACK;1.12.12-2;-16.51620638;-71.48821663;-1955460.172;2842237.191;NA;False; ; ;0; ; ; ; ; ; 
TRACK;1.12.12-2;-16.51670595;-71.4883877;-1955516.685;2842211.223;NA;False; ; ;0; ; ; ; ; ; 
TRACK;1.12.12-3; ; ;-1.516416327;20763369.87;NA; ; ; ; ; ; ; ; ; ; 
TRACK;1.12.12-3;-16.5168198;-71.48704228;-1955547.16;2842362.195;NA;False; ; ;0; ; ; ; ; ; 
TRACK;1.12.12-3;-16.51679967;-71.48677513;-1955548.191;2842392.735;NA;False; ; ;0; ; ; ; ; ; 
TRACK;1.12.12-3;-16.51600334;-71.48662494;-1955456.549;2842420.248;NA;False; ; ;0; ; ; ; ; ; 
TRACK;1.12.12-3;-16.51599945;-71.48707996;-1955450.308;2842368.733;NA;False; ; ;0; ; ; ; ; ; 
TRACK;1.12.12-3;-16.51608652;-71.48758048;-1955454.177;2842310.863;NA;False; ; ;0; ; ; ; ; ; 
TRACK;1.12.12-3;-16.51693164;-71.48758939;-1955553.344;2842298.719;NA;False; ; ;0; ; ; ; ; ; 
TRACK;1.12.12-3;-16.51691053;-71.48730102;-1955554.53;2842331.677;NA;False; ; ;0; ; ; ; ; ; 
TRACK;1.12.12-4; ; ;-1.516416327;20763369.87;NA; ; ; ; ; ; ; ; ; ; 
TRACK;1.12.12-4;-16.51538172;-71.48780814;-1955368.485;2842294.348;NA;False; ; ;0; ; ; ; ; ; 
TRACK;1.12.12-4;-16.51511369;-71.48833243;-1955330.335;2842238.462;NA;False; ; ;0; ; ; ; ; ; 
TRACK;1.12.12-4;-16.5159439;-71.48887929;-1955420.915;2842165.551;NA;False; ; ;0; ; ; ; ; ; 
TRACK;1.12.12-4;-16.51611275;-71.48832077;-1955447.849;2842226.622;NA;False; ; ;0; ; ; ; ; ; 
TRACK;1.12.12-5; ; ;-1.516416327;20763369.87;NA; ; ; ; ; ; ; ; ; ; 
TRACK;1.12.12-5;-16.51542957;-71.48764478;-1955376.182;2842312.231;NA;False; ; ;0; ; ; ; ; ; 
TRACK;1.12.12-5;-16.51541207;-71.48774932;-1955372.797;2842300.614;NA;False; ; ;0; ; ; ; ; ; 
TRACK;1.12.12-5;-16.51612086;-71.48825743;-1955449.607;2842233.694;NA;False; ; ;0; ; ; ; ; ; 
TRACK;1.12.12-5;-16.51602487;-71.48765843;-1955445.943;2842302.842;NA;False; ; ;0; ; ; ; ; ; 
TRACK;1.12.12-6; ; ;-1.516416327;20763369.87;NA; ; ; ; ; ; ; ; ; ; 
TRACK;1.12.12-6;-16.51542026;-71.48713915;-1955381.515;2842369.656;NA;False; ; ;0; ; ; ; ; ; 
TRACK;1.12.12-6;-16.51542068;-71.48759034;-1955375.829;2842318.517;NA;False; ; ;0; ; ; ; ; ; 
TRACK;1.12.12-6;-16.51602698;-71.48761117;-1955446.791;2842308.169;NA;False; ; ;0; ; ; ; ; ; 
TRACK;1.12.12-6;-16.51595365;-71.48714605;-1955444.088;2842361.846;NA;False; ; ;0; ; ; ; ; ; 
TRACK;1.12.12-7; ; ;-1.516416327;20763369.87;NA; ; ; ; ; ; ; ; ; ; 
TRACK;1.12.12-7;-16.5159591;-71.48649851;-1955452.959;2842435.159;NA;False; ; ;0; ; ; ; ; ; 
TRACK;1.12.12-7;-16.51544218;-71.48649567;-1955392.268;2842442.292;NA;False; ; ;0; ; ; ; ; ; 
TRACK;1.12.12-7;-16.51543014;-71.48706773;-1955383.583;2842377.62;NA;False; ; ;0; ; ; ; ; ; 
TRACK;1.12.12-7;-16.51595184;-71.48705769;-1955444.999;2842371.884;NA;False; ; ;0; ; ; ; ; ; 
TRACK;1.12.12-8; ; ;-1.516416327;20763369.87;NA; ; ; ; ; ; ; ; ; ; 
TRACK;1.12.12-8;-16.5159947;-71.48585564;-1955465.312;2842507.546;NA;False; ; ;0; ; ; ; ; ; 
TRACK;1.12.12-8;-16.51544881;-71.48584476;-1955401.32;2842515.971;NA;False; ; ;0; ; ; ; ; ; 
TRACK;1.12.12-8;-16.51544143;-71.48641969;-1955393.146;2842450.913;NA;False; ; ;0; ; ; ; ; ; 
TRACK;1.12.12-8;-16.51595427;-71.48643328;-1955453.22;2842442.616;NA;False; ; ;0; ; ; ; ; ; 
TRACK;1.12.12-9; ; ;-1.516416327;20763369.87;NA; ; ; ; ; ; ; ; ; ; 
TRACK;1.12.12-9;-16.51591185;-71.48578513;-1955456.475;2842516.629;NA;False; ; ;0; ; ; ; ; ; 
TRACK;1.12.12-9;-16.51591176;-71.48522498;-1955463.585;2842580.111;NA;False; ; ;0; ; ; ; ; ; 
TRACK;1.12.12-9;-16.51553295;-71.48523403;-1955418.968;2842584.077;NA;False; ; ;0; ; ; ; ; ; 
TRACK;1.12.12-9;-16.51553666;-71.4857974;-1955412.242;2842520.182;NA;False; ; ;0; ; ; ; ; ; 
TRACK;1.12.12-9;-16.5159152;-71.48578814;-1955456.83;2842516.243;NA;False; ; ;0; ; ; ; ; ; 
TRACK;1.12.12-10; ; ;-1.516416327;20763369.87;NA; ; ; ; ; ; ; ; ; ; 
TRACK;1.12.12-10;-16.51472014;-71.48839453;-1955283.312;2842236.609;NA;False; ; ;0; ; ; ; ; ; 
TRACK;1.12.12-10;-16.51471223;-71.48875655;-1955277.783;2842195.686;NA;False; ; ;0; ; ; ; ; ; 
TRACK;1.12.12-10;-16.5151044;-71.48839371;-1955328.465;2842231.639;NA;False; ; ;0; ; ; ; ; ; 
TRACK;1.12.12-11; ; ;-1.516416327;20763369.87;NA; ; ; ; ; ; ; ; ; ; 
TRACK;1.12.12-11;-16.51533656;-71.48776085;-1955363.781;2842300.302;NA;False; ; ;0; ; ; ; ; ; 
TRACK;1.12.12-11;-16.51476802;-71.48775381;-1955297.08;2842308.59;NA;False; ; ;0; ; ; ; ; ; 
TRACK;1.12.12-11;-16.51475589;-71.48831412;-1955288.533;2842245.251;NA;False; ; ;0; ; ; ; ; ; 
TRACK;1.12.12-11;-16.51506566;-71.48832738;-1955324.757;2842239.667;NA;False; ; ;0; ; ; ; ; ; 
TRACK;1.12.12-12; ; ;-1.516416327;20763369.87;NA; ; ; ; ; ; ; ; ; ; 
TRACK;1.12.12-12;-16.51538186;-71.48712942;-1955377.127;2842371.265;NA;False; ; ;0; ; ; ; ; ; 
TRACK;1.12.12-12;-16.51478237;-71.48711061;-1955306.94;2842381.294;NA;False; ; ;0; ; ; ; ; ; 
TRACK;1.12.12-12;-16.51477005;-71.48768626;-1955298.176;2842316.218;NA;False; ; ;0; ; ; ; ; ; 
TRACK;1.12.12-12;-16.51537082;-71.48769552;-1955368.636;2842307.255;NA;False; ; ;0; ; ; ; ; ; 
TRACK;1.12.12-13; ; ;-1.516416327;20763369.87;NA; ; ; ; ; ; ; ; ; ; 
TRACK;1.12.12-13;-16.51539925;-71.48649381;-1955387.248;2842443.068;NA;False; ; ;0; ; ; ; ; ; 
TRACK;1.12.12-13;-16.51471684;-71.48646829;-1955307.404;2842454.951;NA;False; ; ;0; ; ; ; ; ; 
TRACK;1.12.12-13;-16.51477316;-71.48667031;-1955311.453;2842431.315;NA;False; ; ;0; ; ; ; ; ; 
TRACK;1.12.12-13;-16.51478123;-71.48705274;-1955307.54;2842387.868;NA;False; ; ;0; ; ; ; ; ; 
TRACK;1.12.12-13;-16.51537081;-71.48706119;-1955376.696;2842379.142;NA;False; ; ;0; ; ; ; ; ; 
TRACK;1.12.12-14; ; ;-1.516416327;20763369.87;NA; ; ; ; ; ; ; ; ; ; 
TRACK;1.12.12-14;-16.51539058;-71.48611666;-1955391.023;2842485.925;NA;False; ; ;0; ; ; ; ; ; 
TRACK;1.12.12-14;-16.5147546;-71.48611939;-1955316.275;2842493.994;NA;False; ; ;0; ; ; ; ; ; 
TRACK;1.12.12-14;-16.51474552;-71.48640321;-1955311.601;2842461.949;NA;False; ; ;0; ; ; ; ; ; 
TRACK;1.12.12-14;-16.51538881;-71.48641926;-1955386.969;2842451.655;NA;False; ; ;0; ; ; ; ; ; 
TRACK;1.12.12-15; ; ;-1.516416327;20763369.87;NA; ; ; ; ; ; ; ; ; ; 
TRACK;1.12.12-15;-16.51546216;-71.4851431;-1955411.806;2842595.315;NA;False; ; ;0; ; ; ; ; ; 
TRACK;1.12.12-15;-16.51537811;-71.48513696;-1955402.01;2842597.117;NA;False; ; ;0; ; ; ; ; ; 
TRACK;1.12.12-15;-16.51507166;-71.48553127;-1955360.997;2842556.468;NA;False; ; ;0; ; ; ; ; ; 
TRACK;1.12.12-15;-16.51490907;-71.48575779;-1955339.017;2842532.94;NA;False; ; ;0; ; ; ; ; ; 
TRACK;1.12.12-15;-16.51475533;-71.48592804;-1955318.792;2842515.67;NA;False; ; ;0; ; ; ; ; ; 
TRACK;1.12.12-15;-16.51475536;-71.48607974;-1955316.868;2842498.478;NA;False; ; ;0; ; ; ; ; ; 
TRACK;1.12.12-15;-16.51539491;-71.48608038;-1955391.993;2842489.979;NA;False; ; ;0; ; ; ; ; ; 
TRACK;1.12.12-16; ; ;-1.516416327;20763369.87;NA; ; ; ; ; ; ; ; ; ; 
TRACK;1.12.12-16;-16.51548802;-71.48443784;-1955423.809;2842674.901;NA;False; ; ;0; ; ; ; ; ; 
TRACK;1.12.12-16;-16.51535857;-71.48450396;-1955407.761;2842669.113;NA;False; ; ;0; ; ; ; ; ; 
TRACK;1.12.12-16;-16.51525264;-71.48491445;-1955390.098;2842623.989;NA;False; ; ;0; ; ; ; ; ; 
TRACK;1.12.12-16;-16.51555346;-71.48515023;-1955422.442;2842593.304;NA;False; ; ;0; ; ; ; ; ; 
TRACK;1.12.12-16;-16.51586605;-71.48479605;-1955463.666;2842629.324;NA;False; ; ;0; ; ; ; ; ; 
TRACK;1.12.12-17; ; ;-1.516416327;20763369.87;NA; ; ; ; ; ; ; ; ; ; 
TRACK;1.12.12-17;-16.51526126;-71.48431314;-1955398.754;2842692.022;NA;False; ; ;0; ; ; ; ; ; 
TRACK;1.12.12-17;-16.51486282;-71.48452478;-1955349.256;2842673.286;NA;False; ; ;0; ; ; ; ; ; 
TRACK;1.12.12-17;-16.51519794;-71.48482836;-1955384.767;2842634.465;NA;False; ; ;0; ; ; ; ; ; 
TRACK;1.12.12-17;-16.51533573;-71.48435362;-1955406.989;2842686.452;NA;False; ; ;0; ; ; ; ; ; 
TRACK;1.12.12-18; ; ;-1.516416327;20763369.87;NA; ; ; ; ; ; ; ; ; ; 
TRACK;1.12.12-18;-16.51519504;-71.48488953;-1955383.648;2842627.571;NA;False; ; ;0; ; ; ; ; ; 
TRACK;1.12.12-18;-16.51482467;-71.48456186;-1955344.303;2842669.586;NA;False; ; ;0; ; ; ; ; ; 
TRACK;1.12.12-18;-16.51451423;-71.48492296;-1955303.243;2842632.753;NA;False; ; ;0; ; ; ; ; ; 
TRACK;1.12.12-18;-16.51505726;-71.4854076;-1955360.877;2842570.673;NA;False; ; ;0; ; ; ; ; ; 
TRACK;1.12.12-19; ; ;-1.516416327;20763369.87;NA; ; ; ; ; ; ; ; ; ; 
TRACK;1.12.12-19;-16.5144657;-71.48495086;-1955297.187;2842630.231;NA;False; ; ;0; ; ; ; ; ; 
TRACK;1.12.12-19;-16.51411934;-71.48530466;-1955252;2842594.698;NA;False; ; ;0; ; ; ; ; ; 
TRACK;1.12.12-19;-16.51472338;-71.48585019;-1955316.028;2842524.914;NA;False; ; ;0; ; ; ; ; ; 
TRACK;1.12.12-19;-16.51504682;-71.4854879;-1955358.631;2842561.711;NA;False; ; ;0; ; ; ; ; ; 
TRACK;1.12.12-20; ; ;-1.516416327;20763369.87;NA; ; ; ; ; ; ; ; ; ; 
TRACK;1.12.12-20;-16.51408171;-71.48533627;-1955247.177;2842591.611;NA;False; ; ;0; ; ; ; ; ; 
TRACK;1.12.12-20;-16.51393845;-71.48550358;-1955228.221;2842574.537;NA;False; ; ;0; ; ; ; ; ; 
TRACK;1.12.12-20;-16.51375818;-71.48561414;-1955205.638;2842564.382;NA;False; ; ;0; ; ; ; ; ; 
TRACK;1.12.12-20;-16.5139843;-71.48611605;-1955225.823;2842504.521;NA;False; ; ;0; ; ; ; ; ; 
TRACK;1.12.12-20;-16.51464712;-71.48583602;-1955307.25;2842527.524;NA;False; ; ;0; ; ; ; ; ; 
TRACK;1.12.12-21; ; ;-1.516416327;20763369.87;NA; ; ; ; ; ; ; ; ; ; 
TRACK;1.12.12-21;-16.51465802;-71.48590354;-1955307.672;2842519.729;NA;False; ; ;0; ; ; ; ; ; 
TRACK;1.12.12-21;-16.51400914;-71.48617341;-1955228.013;2842497.693;NA;False; ; ;0; ; ; ; ; ; 
TRACK;1.12.12-21;-16.51430622;-71.48687525;-1955253.994;2842414.24;NA;False; ; ;0; ; ; ; ; ; 
TRACK;1.12.12-21;-16.51465037;-71.48672279;-1955296.361;2842426.985;NA;False; ; ;0; ; ; ; ; ; 
TRACK;1.12.12-22; ; ;-1.516416327;20763369.87;NA; ; ; ; ; ; ; ; ; ; 
TRACK;1.12.12-22;-16.51395948;-71.48620908;-1955221.725;2842494.305;NA;False; ; ;0; ; ; ; ; ; 
TRACK;1.12.12-22;-16.51345082;-71.48644483;-1955158.972;2842474.288;NA;False; ; ;0; ; ; ; ; ; 
TRACK;1.12.12-22;-16.51374472;-71.48713929;-1955184.674;2842391.714;NA;False; ; ;0; ; ; ; ; ; 
TRACK;1.12.12-22;-16.51426231;-71.48690301;-1955248.483;2842411.672;NA;False; ; ;0; ; ; ; ; ; 
TRACK;1.12.12-23; ; ;-1.516416327;20763369.87;NA; ; ; ; ; ; ; ; ; ; 
TRACK;1.12.12-23;-16.51340116;-71.48646125;-1955152.931;2842473.082;NA;False; ; ;0; ; ; ; ; ; 
TRACK;1.12.12-23;-16.51287947;-71.48667634;-1955088.909;2842455.577;NA;False; ; ;0; ; ; ; ; ; 
TRACK;1.12.12-23;-16.51312839;-71.48723329;-1955111.074;2842389.18;NA;False; ; ;0; ; ; ; ; ; 
TRACK;1.12.12-23;-16.51313085;-71.48723915;-1955111.289;2842388.483;NA;False; ; ;0; ; ; ; ; ; 
TRACK;1.12.12-23;-16.51369359;-71.4871521;-1955178.504;2842390.936;NA;False; ; ;0; ; ; ; ; ; 
TRACK;1.12.12-24; ; ;-1.516416327;20763369.87;NA; ; ; ; ; ; ; ; ; ; 
TRACK;1.12.12-24;-16.5131473;-71.48591242;-1955130.082;2842538.625;NA;False; ; ;0; ; ; ; ; ; 
TRACK;1.12.12-24;-16.51262085;-71.48611058;-1955065.717;2842523.103;NA;False; ; ;0; ; ; ; ; ; 
TRACK;1.12.12-24;-16.5128545;-71.48662182;-1955086.669;2842462.085;NA;False; ; ;0; ; ; ; ; ; 
TRACK;1.12.12-24;-16.51336804;-71.48641285;-1955149.654;2842479.003;NA;False; ; ;0; ; ; ; ; ; 
TRACK;1.12.12-25; ; ;-1.516416327;20763369.87;NA; ; ; ; ; ; ; ; ; ; 
TRACK;1.12.12-25;-16.51259345;-71.48612892;-1955062.265;2842521.385;NA;False; ; ;0; ; ; ; ; ; 
TRACK;1.12.12-25;-16.51208452;-71.48631707;-1955000.085;2842506.766;NA;False; ; ;0; ; ; ; ; ; 
TRACK;1.12.12-25;-16.51229287;-71.48682648;-1955018.088;2842446.289;NA;False; ; ;0; ; ; ; ; ; 
TRACK;1.12.12-25;-16.51279926;-71.4866379;-1955079.975;2842460.991;NA;False; ; ;0; ; ; ; ; ; 
TRACK;1.12.12-26; ; ;-1.516416327;20763369.87;NA; ; ; ; ; ; ; ; ; ; 
TRACK;1.12.12-26;-16.51307561;-71.4872501;-1955104.661;2842387.969;NA;False; ; ;0; ; ; ; ; ; 
TRACK;1.12.12-26;-16.51285127;-71.48670505;-1955085.231;2842452.696;NA;False; ; ;0; ; ; ; ; ; 
TRACK;1.12.12-26;-16.51232532;-71.4869007;-1955020.957;2842437.451;NA;False; ; ;0; ; ; ; ; ; 
TRACK;1.12.12-26;-16.51249065;-71.48735633;-1955034.59;2842383.635;NA;False; ; ;0; ; ; ; ; ; 
TRACK;1.12.12-28; ; ;-1.516416327;20763369.87;NA; ; ; ; ; ; ; ; ; ; 
TRACK;1.12.12-28;-16.51230052;-71.48746511;-1955010.872;2842373.812;NA;False; ; ;0; ; ; ; ; ; 
TRACK;1.12.12-28;-16.5119481;-71.48759216;-1954967.856;2842364.056;NA;False; ; ;0; ; ; ; ; ; 
TRACK;1.12.12-28;-16.51216025;-71.48806887;-1954986.722;2842307.235;NA;False; ; ;0; ; ; ; ; ; 
TRACK;1.12.12-28;-16.51250418;-71.48791347;-1955029.1;2842320.316;NA;False; ; ;0; ; ; ; ; ; 
TRACK;1.12.12-29; ; ;-1.516416327;20763369.87;NA; ; ; ; ; ; ; ; ; ; 
TRACK;1.12.12-29;-16.51209631;-71.48701232;-1954992.635;2842427.817;NA;False; ; ;0; ; ; ; ; ; 
TRACK;1.12.12-29;-16.51181858;-71.48725975;-1954956.865;2842403.433;NA;False; ; ;0; ; ; ; ; ; 
TRACK;1.12.12-29;-16.51194418;-71.48756083;-1954967.793;2842367.657;NA;False; ; ;0; ; ; ; ; ; 
TRACK;1.12.12-29;-16.5122823;-71.48742624;-1955009.226;2842378.457;NA;False; ; ;0; ; ; ; ; ; 
TRACK;1.12.12-30; ; ;-1.516416327;20763369.87;NA; ; ; ; ; ; ; ; ; ; 
TRACK;1.12.12-30;-16.51206131;-71.48696822;-1954989.084;2842433.276;NA;False; ; ;0; ; ; ; ; ; 
TRACK;1.12.12-30;-16.5118527;-71.4864434;-1954971.246;2842495.502;NA;False; ; ;0; ; ; ; ; ; 
TRACK;1.12.12-30;-16.51151364;-71.48660703;-1954929.334;2842481.424;NA;False; ; ;0; ; ; ; ; ; 
TRACK;1.12.12-30;-16.51163335;-71.48693393;-1954939.244;2842442.8;NA;False; ; ;0; ; ; ; ; ; 
TRACK;1.12.12-30;-16.51177943;-71.48721411;-1954952.845;2842409.122;NA;False; ; ;0; ; ; ; ; ; 
TRACK;1.12.12-30;-16.51190089;-71.48707862;-1954968.836;2842422.877;NA;False; ; ;0; ; ; ; ; ; 
TRACK;1.12.12-31; ; ;-1.516416327;20763369.87;NA; ; ; ; ; ; ; ; ; ; 
TRACK;1.12.12-31;-16.51189072;-71.4876461;-1954960.43;2842358.698;NA;False; ; ;0; ; ; ; ; ; 
TRACK;1.12.12-31;-16.51157869;-71.48787645;-1954920.846;2842336.702;NA;False; ; ;0; ; ; ; ; ; 
TRACK;1.12.12-31;-16.51176376;-71.48827899;-1954937.473;2842288.645;NA;False; ; ;0; ; ; ; ; ; 
TRACK;1.12.12-31;-16.51210604;-71.48809863;-1954979.976;2842304.577;NA;False; ; ;0; ; ; ; ; ; 
TRACK;1.12.12-32; ; ;-1.516416327;20763369.87;NA; ; ; ; ; ; ; ; ; ; 
TRACK;1.12.12-32;-16.5114832;-71.48791541;-1954909.134;2842333.545;NA;False; ; ;0; ; ; ; ; ; 
TRACK;1.12.12-32;-16.5111668;-71.48801277;-1954870.726;2842326.678;NA;False; ; ;0; ; ; ; ; ; 
TRACK;1.12.12-32;-16.51134896;-71.48849554;-1954885.992;2842269.566;NA;False; ; ;0; ; ; ; ; ; 
TRACK;1.12.12-32;-16.51168472;-71.48832112;-1954927.652;2842284.911;NA;False; ; ;0; ; ; ; ; ; 
TRACK;1.12.12-33; ; ;-1.516416327;20763369.87;NA; ; ; ; ; ; ; ; ; ; 
TRACK;1.12.12-33;-16.51109005;-71.48804117;-1954861.349;2842324.47;NA;False; ; ;0; ; ; ; ; ; 
TRACK;1.12.12-33;-16.51072175;-71.48796583;-1954819.04;2842337.859;NA;False; ; ;0; ; ; ; ; ; 
TRACK;1.12.12-33;-16.51060159;-71.48844581;-1954798.825;2842285.045;NA;False; ; ;0; ; ; ; ; ; 
TRACK;1.12.12-33;-16.51098074;-71.48852586;-1954842.35;2842270.979;NA;False; ; ;0; ; ; ; ; ; 
TRACK;1.12.12-34; ; ;-1.516416327;20763369.87;NA; ; ; ; ; ; ; ; ; ; 
TRACK;1.12.12-34;-16.51138011;-71.48666114;-1954912.96;2842477.051;NA;False; ; ;0; ; ; ; ; ; 
TRACK;1.12.12-34;-16.51100848;-71.48659233;-1954870.176;2842489.744;NA;False; ; ;0; ; ; ; ; ; 
TRACK;1.12.12-34;-16.51092961;-71.48698509;-1954855.919;2842446.271;NA;False; ; ;0; ; ; ; ; ; 
TRACK;1.12.12-34;-16.51127862;-71.48706024;-1954895.966;2842433.156;NA;False; ; ;0; ; ; ; ; ; 
TRACK;1.12.12-35; ; ;-1.516416327;20763369.87;NA; ; ; ; ; ; ; ; ; ; 
TRACK;1.12.12-35;-16.51093641;-71.48658373;-1954861.819;2842491.668;NA;False; ; ;0; ; ; ; ; ; 
TRACK;1.12.12-35;-16.51056759;-71.48649143;-1954819.663;2842506.987;NA;False; ; ;0; ; ; ; ; ; 
TRACK;1.12.12-35;-16.51048496;-71.48687983;-1954805.02;2842464.056;NA;False; ; ;0; ; ; ; ; ; 
TRACK;1.12.12-35;-16.51084842;-71.48696353;-1954846.656;2842449.783;NA;False; ; ;0; ; ; ; ; ; 
TRACK;1.12.12-36; ; ;-1.516416327;20763369.87;NA; ; ; ; ; ; ; ; ; ; 
TRACK;1.12.12-36;-16.51084158;-71.48702151;-1954845.116;2842443.302;NA;False; ; ;0; ; ; ; ; ; 
TRACK;1.12.12-36;-16.5104819;-71.48693981;-1954803.899;2842457.299;NA;False; ; ;0; ; ; ; ; ; 
TRACK;1.12.12-36;-16.51040086;-71.4873348;-1954789.36;2842413.601;NA;False; ; ;0; ; ; ; ; ; 
TRACK;1.12.12-36;-16.51075072;-71.48741507;-1954829.441;2842399.896;NA;False; ; ;0; ; ; ; ; ; 
TRACK;1.12.12-37; ; ;-1.516416327;20763369.87;NA; ; ; ; ; ; ; ; ; ; 
TRACK;1.12.12-37;-16.51072925;-71.48749107;-1954825.953;2842391.566;NA;False; ; ;0; ; ; ; ; ; 
TRACK;1.12.12-37;-16.51038468;-71.48739186;-1954786.734;2842407.348;NA;False; ; ;0; ; ; ; ; ; 
TRACK;1.12.12-37;-16.51030079;-71.48779881;-1954771.708;2842362.332;NA;False; ; ;0; ; ; ; ; ; 
TRACK;1.12.12-37;-16.51065647;-71.48787238;-1954812.558;2842349.31;NA;False; ; ;0; ; ; ; ; ; 
TRACK;1.12.12-38; ; ;-1.516416327;20763369.87;NA; ; ; ; ; ; ; ; ; ; 
TRACK;1.12.12-38;-16.51063253;-71.48792846;-1954809.033;2842343.27;NA;False; ; ;0; ; ; ; ; ; 
TRACK;1.12.12-38;-16.51028414;-71.48787767;-1954768.75;2842353.614;NA;False; ; ;0; ; ; ; ; ; 
TRACK;1.12.12-38;-16.51017027;-71.48833458;-1954749.567;2842303.331;NA;False; ; ;0; ; ; ; ; ; 
TRACK;1.12.12-38;-16.51053431;-71.48842094;-1954791.238;2842288.749;NA;False; ; ;0; ; ; ; ; ; 
TRACK;1.12.12-39; ; ;-1.516416327;20763369.87;NA; ; ; ; ; ; ; ; ; ; 
TRACK;1.12.12-39;-16.51020726;-71.48783822;-1954760.22;2842359.098;NA;False; ; ;0; ; ; ; ; ; 
TRACK;1.12.12-39;-16.50983943;-71.48775471;-1954718.069;2842373.406;NA;False; ; ;0; ; ; ; ; ; 
TRACK;1.12.12-39;-16.50973524;-71.48824115;-1954699.649;2842319.65;NA;False; ; ;0; ; ; ; ; ; 
TRACK;1.12.12-39;-16.51011199;-71.48831668;-1954742.949;2842306.127;NA;False; ; ;0; ; ; ; ; ; 
TRACK;1.12.12-40; ; ;-1.516416327;20763369.87;NA; ; ; ; ; ; ; ; ; ; 
TRACK;1.12.12-40;-16.51029376;-71.48738931;-1954776.085;2842408.834;NA;False; ; ;0; ; ; ; ; ; 
TRACK;1.12.12-40;-16.50993846;-71.48729328;-1954735.565;2842424.397;NA;False; ; ;0; ; ; ; ; ; 
TRACK;1.12.12-40;-16.50985363;-71.48769113;-1954720.544;2842380.424;NA;False; ; ;0; ; ; ; ; ; 
TRACK;1.12.12-40;-16.51022021;-71.48777972;-1954762.485;2842365.557;NA;False; ; ;0; ; ; ; ; ; 
TRACK;1.12.12-41; ; ;-1.516416327;20763369.87;NA; ; ; ; ; ; ; ; ; ; 
TRACK;1.12.12-41;-16.51041112;-71.4869178;-1954795.863;2842460.726;NA;False; ; ;0; ; ; ; ; ; 
TRACK;1.12.12-41;-16.51003148;-71.48682128;-1954752.49;2842476.665;NA;False; ; ;0; ; ; ; ; ; 
TRACK;1.12.12-41;-16.50994157;-71.48722763;-1954736.765;2842431.797;NA;False; ; ;0; ; ; ; ; ; 
TRACK;1.12.12-41;-16.51031764;-71.48731921;-1954779.781;2842416.464;NA;False; ; ;0; ; ; ; ; ; 
TRACK;1.12.12-42; ; ;-1.516416327;20763369.87;NA; ; ; ; ; ; ; ; ; ; 
TRACK;1.12.12-42;-16.51049064;-71.48649107;-1954810.627;2842508.04;NA;False; ; ;0; ; ; ; ; ; 
TRACK;1.12.12-42;-16.51013148;-71.48637923;-1954769.855;2842525.446;NA;False; ; ;0; ; ; ; ; ; 
TRACK;1.12.12-42;-16.51004994;-71.48677056;-1954755.303;2842482.17;NA;False; ; ;0; ; ; ; ; ; 
TRACK;1.12.12-42;-16.51041814;-71.48686349;-1954797.378;2842466.788;NA;False; ; ;0; ; ; ; ; ; 
TRACK;1.12.12-43; ; ;-1.516416327;20763369.87;NA; ; ; ; ; ; ; ; ; ; 
TRACK;1.12.12-43;-16.50968477;-71.48625983;-1954718.893;2842544.863;NA;False; ; ;0; ; ; ; ; ; 
TRACK;1.12.12-43;-16.50961333;-71.48661684;-1954705.965;2842505.342;NA;False; ; ;0; ; ; ; ; ; 
TRACK;1.12.12-43;-16.50964036;-71.486684;-1954708.286;2842497.374;NA;False; ; ;0; ; ; ; ; ; 
TRACK;1.12.12-43;-16.5099669;-71.48675374;-1954745.761;2842485.17;NA;False; ; ;0; ; ; ; ; ; 
TRACK;1.12.12-43;-16.51006245;-71.48636164;-1954761.968;2842528.35;NA;False; ; ;0; ; ; ; ; ; 
TRACK;1.12.12-44; ; ;-1.516416327;20763369.87;NA; ; ; ; ; ; ; ; ; ; 
TRACK;1.12.12-44;-16.50995637;-71.48681737;-1954743.716;2842478.097;NA;False; ; ;0; ; ; ; ; ; 
TRACK;1.12.12-44;-16.50958739;-71.48675178;-1954701.202;2842490.39;NA;False; ; ;0; ; ; ; ; ; 
TRACK;1.12.12-44;-16.50951154;-71.48713825;-1954687.381;2842447.59;NA;False; ; ;0; ; ; ; ; ; 
TRACK;1.12.12-44;-16.50986703;-71.48721651;-1954728.149;2842434.038;NA;False; ; ;0; ; ; ; ; ; 
TRACK;1.12.12-45; ; ;-1.516416327;20763369.87;NA; ; ; ; ; ; ; ; ; ; 
TRACK;1.12.12-45;-16.50985967;-71.48727304;-1954726.567;2842427.728;NA;False; ; ;0; ; ; ; ; ; 
TRACK;1.12.12-45;-16.50949194;-71.4872004;-1954684.289;2842440.804;NA;False; ; ;0; ; ; ; ; ; 
TRACK;1.12.12-45;-16.5094027;-71.48760534;-1954668.66;2842396.086;NA;False; ; ;0; ; ; ; ; ; 
TRACK;1.12.12-45;-16.50977603;-71.48767215;-1954711.669;2842383.598;NA;False; ; ;0; ; ; ; ; ; 
TRACK;1.12.12-46; ; ;-1.516416327;20763369.87;NA; ; ; ; ; ; ; ; ; ; 
TRACK;1.12.12-46;-16.5097752;-71.48773646;-1954710.755;2842376.321;NA;False; ; ;0; ; ; ; ; ; 
TRACK;1.12.12-46;-16.50940181;-71.4876636;-1954667.815;2842389.496;NA;False; ; ;0; ; ; ; ; ; 
TRACK;1.12.12-46;-16.50930413;-71.48813264;-1954650.381;2842337.624;NA;False; ; ;0; ; ; ; ; ; 
TRACK;1.12.12-46;-16.50966233;-71.48823352;-1954691.18;2842321.474;NA;False; ; ;0; ; ; ; ; ; 
TRACK;1.12.12-47; ; ;-1.516416327;20763369.87;NA; ; ; ; ; ; ; ; ; ; 
TRACK;1.12.12-47;-16.50934534;-71.48767019;-1954661.098;2842389.492;NA;False; ; ;0; ; ; ; ; ; 
TRACK;1.12.12-47;-16.50888173;-71.487564;-1954607.983;2842407.633;NA;False; ; ;0; ; ; ; ; ; 
TRACK;1.12.12-47;-16.50879863;-71.48785628;-1954594.508;2842375.602;NA;False; ; ;0; ; ; ; ; ; 
TRACK;1.12.12-47;-16.50924277;-71.4881107;-1954643.452;2842340.919;NA;False; ; ;0; ; ; ; ; ; 
TRACK;1.12.12-48; ; ;-1.516416327;20763369.87;NA; ; ; ; ; ; ; ; ; ; 
TRACK;1.12.12-48;-16.50942679;-71.48716971;-1954677.025;2842445.141;NA;False; ; ;0; ; ; ; ; ; 
TRACK;1.12.12-48;-16.50906962;-71.48708641;-1954636.124;2842459.284;NA;False; ; ;0; ; ; ; ; ; 
TRACK;1.12.12-48;-16.50896803;-71.48752479;-1954618.62;2842410.939;NA;False; ; ;0; ; ; ; ; ; 
TRACK;1.12.12-48;-16.50932229;-71.48760087;-1954659.271;2842397.652;NA;False; ; ;0; ; ; ; ; ; 
TRACK;1.12.12-49; ; ;-1.516416327;20763369.87;NA; ; ; ; ; ; ; ; ; ; 
TRACK;1.12.12-49;-16.50926613;-71.48664731;-1954664.788;2842506.462;NA;False; ; ;0; ; ; ; ; ; 
TRACK;1.12.12-49;-16.50919932;-71.48698758;-1954652.616;2842468.778;NA;False; ; ;0; ; ; ; ; ; 
TRACK;1.12.12-49;-16.50923665;-71.48705393;-1954656.159;2842460.766;NA;False; ; ;0; ; ; ; ; ; 
TRACK;1.12.12-49;-16.50944265;-71.48711189;-1954679.622;2842451.484;NA;False; ; ;0; ; ; ; ; ; 
TRACK;1.12.12-49;-16.50952722;-71.48673086;-1954694.399;2842493.554;NA;False; ; ;0; ; ; ; ; ; 
TRACK;1.12.12-50; ; ;-1.516416327;20763369.87;NA; ; ; ; ; ; ; ; ; ; 
TRACK;1.12.12-50;-16.5096314;-71.48622724;-1954713.037;2842549.258;NA;False; ; ;0; ; ; ; ; ; 
TRACK;1.12.12-50;-16.5094326;-71.48616214;-1954690.509;2842559.255;NA;False; ; ;0; ; ; ; ; ; 
TRACK;1.12.12-50;-16.50931325;-71.48645776;-1954672.733;2842527.323;NA;False; ; ;0; ; ; ; ; ; 
TRACK;1.12.12-50;-16.50936357;-71.4866069;-1954676.749;2842509.758;NA;False; ; ;0; ; ; ; ; ; 
TRACK;1.12.12-50;-16.50952655;-71.48666267;-1954695.186;2842501.291;NA;False; ; ;0; ; ; ; ; ; 
TRACK;1.12.12-51; ; ;-1.516416327;20763369.87;NA; ; ; ; ; ; ; ; ; ; 
TRACK;1.12.12-51;-16.50951643;-71.48576796;-1954705.366;2842602.825;NA;False; ; ;0; ; ; ; ; ; 
TRACK;1.12.12-51;-16.50943199;-71.48611429;-1954691.045;2842564.686;NA;False; ; ;0; ; ; ; ; ; 
TRACK;1.12.12-51;-16.50963215;-71.48617088;-1954713.841;2842555.636;NA;False; ; ;0; ; ; ; ; ; 
TRACK;1.12.12-51;-16.50972303;-71.48582533;-1954728.908;2842593.601;NA;False; ; ;0; ; ; ; ; ; 
TRACK;1.12.12-52; ; ;-1.516416327;20763369.87;NA; ; ; ; ; ; ; ; ; ; 
TRACK;1.12.12-52;-16.50981697;-71.48536974;-1954745.733;2842643.998;NA;False; ; ;0; ; ; ; ; ; 
TRACK;1.12.12-52;-16.50959401;-71.4853329;-1954720.009;2842651.11;NA;False; ; ;0; ; ; ; ; ; 
TRACK;1.12.12-52;-16.50952287;-71.48571545;-1954706.79;2842608.691;NA;False; ; ;0; ; ; ; ; ; 
TRACK;1.12.12-52;-16.50972922;-71.48575693;-1954730.505;2842601.272;NA;False; ; ;0; ; ; ; ; ; 
TRACK;1.12.12-53; ; ;-1.516416327;20763369.87;NA; ; ; ; ; ; ; ; ; ; 
TRACK;1.12.12-53;-16.50990996;-71.48492473;-1954762.312;2842693.208;NA;False; ; ;0; ; ; ; ; ; 
TRACK;1.12.12-53;-16.50970591;-71.48489163;-1954738.761;2842699.647;NA;False; ; ;0; ; ; ; ; ; 
TRACK;1.12.12-53;-16.50962529;-71.48525211;-1954724.71;2842659.854;NA;False; ; ;0; ; ; ; ; ; 
TRACK;1.12.12-53;-16.50983452;-71.4852993;-1954748.69;2842651.75;NA;False; ; ;0; ; ; ; ; ; 
TRACK;1.12.12-54; ; ;-1.516416327;20763369.87;NA; ; ; ; ; ; ; ; ; ; 
TRACK;1.12.12-54;-16.50991638;-71.48459502;-1954767.257;2842730.49;NA;False; ; ;0; ; ; ; ; ; 
TRACK;1.12.12-54;-16.50959766;-71.48424142;-1954734.307;2842774.764;NA;False; ; ;0; ; ; ; ; ; 
TRACK;1.12.12-54;-16.50937182;-71.4844199;-1954705.507;2842757.511;NA;False; ; ;0; ; ; ; ; ; 
TRACK;1.12.12-54;-16.50956262;-71.48464324;-1954725.084;2842729.686;NA;False; ; ;0; ; ; ; ; ; 
TRACK;1.12.12-54;-16.50965342;-71.48483934;-1954733.259;2842706.265;NA;False; ; ;0; ; ; ; ; ; 
TRACK;1.12.12-54;-16.50995945;-71.48470218;-1954770.954;2842717.778;NA;False; ; ;0; ; ; ; ; ; 
TRACK;1.12.12-55; ; ;-1.516416327;20763369.87;NA; ; ; ; ; ; ; ; ; ; 
TRACK;1.12.12-55;-16.50916702;-71.48421356;-1954684.068;2842783.594;NA;False; ; ;0; ; ; ; ; ; 
TRACK;1.12.12-55;-16.50872348;-71.48443947;-1954629.091;2842763.833;NA;False; ; ;0; ; ; ; ; ; 
TRACK;1.12.12-55;-16.50893225;-71.48468329;-1954650.519;2842733.45;NA;False; ; ;0; ; ; ; ; ; 
TRACK;1.12.12-55;-16.50930317;-71.48441406;-1954697.515;2842759.077;NA;False; ; ;0; ; ; ; ; ; 
TRACK;1.12.12-56; ; ;-1.516416327;20763369.87;NA; ; ; ; ; ; ; ; ; ; 
TRACK;1.12.12-56;-16.50934315;-71.48445881;-1954701.644;2842753.478;NA;False; ; ;0; ; ; ; ; ; 
TRACK;1.12.12-56;-16.50897368;-71.48474103;-1954654.653;2842726.359;NA;False; ; ;0; ; ; ; ; ; 
TRACK;1.12.12-56;-16.50911991;-71.48507929;-1954667.533;2842686.097;NA;False; ; ;0; ; ; ; ; ; 
TRACK;1.12.12-56;-16.50956574;-71.48475484;-1954724.033;2842716.997;NA;False; ; ;0; ; ; ; ; ; 
TRACK;1.12.12-57; ; ;-1.516416327;20763369.87;NA; ; ; ; ; ; ; ; ; ; 
TRACK;1.12.12-57;-16.50954897;-71.4853185;-1954714.9;2842653.335;NA;False; ; ;0; ; ; ; ; ; 
TRACK;1.12.12-57;-16.50912934;-71.48521308;-1954666.942;2842670.81;NA;False; ; ;0; ; ; ; ; ; 
TRACK;1.12.12-57;-16.50903486;-71.48559701;-1954650.963;2842628.542;NA;False; ; ;0; ; ; ; ; ; 
TRACK;1.12.12-57;-16.50947928;-71.4857097;-1954701.742;2842609.917;NA;False; ; ;0; ; ; ; ; ; 
TRACK;1.12.12-58; ; ;-1.516416327;20763369.87;NA; ; ; ; ; ; ; ; ; ; 
TRACK;1.12.12-58;-16.50946852;-71.48577219;-1954699.684;2842602.976;NA;False; ; ;0; ; ; ; ; ; 
TRACK;1.12.12-58;-16.50901081;-71.48565754;-1954647.369;2842621.998;NA;False; ; ;0; ; ; ; ; ; 
TRACK;1.12.12-58;-16.5089376;-71.48585116;-1954636.309;2842601.019;NA;False; ; ;0; ; ; ; ; ; 
TRACK;1.12.12-58;-16.50888235;-71.48601687;-1954627.712;2842582.966;NA;False; ; ;0; ; ; ; ; ; 
TRACK;1.12.12-58;-16.50937635;-71.48613558;-1954684.238;2842563.006;NA;False; ; ;0; ; ; ; ; ; 
TRACK;1.12.12-59; ; ;-1.516416327;20763369.87;NA; ; ; ; ; ; ; ; ; ; 
TRACK;1.12.12-59;-16.50895942;-71.48657615;-1954629.66;2842518.565;NA;False; ; ;0; ; ; ; ; ; 
TRACK;1.12.12-59;-16.50883732;-71.48612635;-1954621.032;2842571.152;NA;False; ; ;0; ; ; ; ; ; 
TRACK;1.12.12-59;-16.50870799;-71.48650318;-1954601.049;2842530.147;NA;False; ; ;0; ; ; ; ; ; 
TRACK;1.12.12-60; ; ;-1.516416327;20763369.87;NA; ; ; ; ; ; ; ; ; ; 
TRACK;1.12.12-60;-16.50900424;-71.48663901;-1954634.127;2842510.851;NA;False; ; ;0; ; ; ; ; ; 
TRACK;1.12.12-60;-16.50868841;-71.48655556;-1954598.084;2842524.469;NA;False; ; ;0; ; ; ; ; ; 
TRACK;1.12.12-60;-16.5086033;-71.48691944;-1954583.462;2842484.349;NA;False; ; ;0; ; ; ; ; ; 
TRACK;1.12.12-60;-16.50909249;-71.48703824;-1954639.422;2842464.443;NA;False; ; ;0; ; ; ; ; ; 
TRACK;1.12.12-61; ; ;-1.516416327;20763369.87;NA; ; ; ; ; ; ; ; ; ; 
TRACK;1.12.12-61;-16.50820464;-71.48636588;-1954543.661;2842552.337;NA;False; ; ;0; ; ; ; ; ; 
TRACK;1.12.12-61;-16.5086435;-71.48645791;-1954594.049;2842536.126;NA;False; ; ;0; ; ; ; ; ; 
TRACK;1.12.12-61;-16.50878958;-71.48604838;-1954616.413;2842580.617;NA;False; ; ;0; ; ; ; ; ; 
TRACK;1.12.12-61;-16.50830584;-71.48598568;-1954560.381;2842594.094;NA;False; ; ;0; ; ; ; ; ; 
TRACK;1.12.12-61;-16.50821826;-71.48618152;-1954547.604;2842573.051;NA;False; ; ;0; ; ; ; ; ; 
TRACK;1.12.12-62; ; ;-1.516416327;20763369.87;NA; ; ; ; ; ; ; ; ; ; 
TRACK;1.12.12-62;-16.50840766;-71.48556347;-1954577.707;2842640.604;NA;False; ; ;0; ; ; ; ; ; 
TRACK;1.12.12-62;-16.50832577;-71.48592592;-1954563.481;2842600.604;NA;False; ; ;0; ; ; ; ; ; 
TRACK;1.12.12-62;-16.50883315;-71.48600341;-1954622.103;2842585.139;NA;False; ; ;0; ; ; ; ; ; 
TRACK;1.12.12-62;-16.50893553;-71.48565198;-1954638.596;2842623.62;NA;False; ; ;0; ; ; ; ; ; 
TRACK;1.12.12-63; ; ;-1.516416327;20763369.87;NA; ; ; ; ; ; ; ; ; ; 
TRACK;1.12.12-63;-16.51307653;-71.48572181;-1955124.19;2842561.159;NA;False; ; ;0; ; ; ; ; ; 
TRACK;1.12.12-63;-16.51256682;-71.48592797;-1955061.69;2842544.51;NA;False; ; ;0; ; ; ; ; ; 
TRACK;1.12.12-63;-16.51259661;-71.48605376;-1955063.591;2842529.862;NA;False; ; ;0; ; ; ; ; ; 
TRACK;1.12.12-63;-16.51311565;-71.48585852;-1955127.048;2842545.151;NA;False; ; ;0; ; ; ; ; ; 
TRACK;1.12.12-64; ; ;-1.516416327;20763369.87;NA; ; ; ; ; ; ; ; ; ; 
TRACK;1.12.12-64;-16.51312406;-71.48569361;-1955130.133;2842563.73;NA;False; ; ;0; ; ; ; ; ; 
TRACK;1.12.12-64;-16.51317862;-71.48581427;-1955135.009;2842549.336;NA;False; ; ;0; ; ; ; ; ; 
TRACK;1.12.12-64;-16.51366275;-71.48557895;-1955194.874;2842569.627;NA;False; ; ;0; ; ; ; ; ; 
TRACK;1.12.12-64;-16.51361687;-71.48545133;-1955191.106;2842584.695;NA;False; ; ;0; ; ; ; ; ; 
TRACK;1.12.12-65; ; ;-1.516416327;20763369.87;NA; ; ; ; ; ; ; ; ; ; 
TRACK;1.12.12-65;-16.51404194;-71.48531631;-1955242.759;2842594.396;NA;False; ; ;0; ; ; ; ; ; 
TRACK;1.12.12-65;-16.51391555;-71.48514409;-1955230.1;2842615.579;NA;False; ; ;0; ; ; ; ; ; 
TRACK;1.12.12-65;-16.51381609;-71.48524741;-1955217.102;2842605.181;NA;False; ; ;0; ; ; ; ; ; 
TRACK;1.12.12-65;-16.5136351;-71.48539844;-1955193.92;2842590.448;NA;False; ; ;0; ; ; ; ; ; 
TRACK;1.12.12-65;-16.51372423;-71.48556052;-1955202.331;2842570.906;NA;False; ; ;0; ; ; ; ; ; 
TRACK;1.12.12-65;-16.51388366;-71.48547738;-1955222.117;2842578.228;NA;False; ; ;0; ; ; ; ; ; 
TRACK;1.12.12-66; ; ;-1.516416327;20763369.87;NA; ; ; ; ; ; ; ; ; ; 
TRACK;1.12.12-66;-16.51425744;-71.48476011;-1955275.145;2842654.592;NA;False; ; ;0; ; ; ; ; ; 
TRACK;1.12.12-66;-16.51396672;-71.48512251;-1955236.385;2842617.352;NA;False; ; ;0; ; ; ; ; ; 
TRACK;1.12.12-66;-16.51408995;-71.48526046;-1955249.109;2842600.093;NA;False; ; ;0; ; ; ; ; ; 
TRACK;1.12.12-66;-16.51440848;-71.48490765;-1955291.014;2842635.881;NA;False; ; ;0; ; ; ; ; ; 
TRACK;1.12.12-67; ; ;-1.516416327;20763369.87;NA; ; ; ; ; ; ; ; ; ; 
TRACK;1.12.12-67;-16.51462959;-71.48432559;-1955324.388;2842698.933;NA;False; ; ;0; ; ; ; ; ; 
TRACK;1.12.12-67;-16.51429753;-71.48472605;-1955280.288;2842657.924;NA;False; ; ;0; ; ; ; ; ; 
TRACK;1.12.12-67;-16.51445458;-71.48487675;-1955296.823;2842638.776;NA;False; ; ;0; ; ; ; ; ; 
TRACK;1.12.12-67;-16.51481028;-71.48445989;-1955343.908;2842681.333;NA;False; ; ;0; ; ; ; ; ; 
TRACK;1.12.13-1; ; ;-1.516416327;20763369.87;NA; ; ; ; ; ; ; ; ; ; 
TRACK;1.12.13-1;-16.5075457;-71.47900181;-1954559.827;2843395.638;NA;False; ; ;0; ; ; ; ; ; 
TRACK;1.12.13-1;-16.50762879;-71.47885381;-1954571.469;2843411.318;NA;False; ; ;0; ; ; ; ; ; 
TRACK;1.12.13-1;-16.50757245;-71.47871276;-1954566.642;2843428.047;NA;False; ; ;0; ; ; ; ; ; 
TRACK;1.12.13-1;-16.50684179;-71.47811687;-1954488.375;2843505.212;NA;False; ; ;0; ; ; ; ; ; 
TRACK;1.12.13-1;-16.5065798;-71.47842456;-1954453.684;2843473.789;NA;False; ; ;0; ; ; ; ; ; 
TRACK;1.12.13-1;-16.50721111;-71.47897673;-1954520.836;2843402.889;NA;False; ; ;0; ; ; ; ; ; 
TRACK;1.12.13-1;-16.50731135;-71.47918103;-1954530.016;2843378.413;NA;False; ; ;0; ; ; ; ; ; 
TRACK;1.12.13-1;-16.50731135;-71.47918426;-1954529.975;2843378.047;NA;False; ; ;0; ; ; ; ; ; 
TRACK;1.12.13-1;-16.50748488;-71.47906679;-1954551.855;2843389.075;NA;False; ; ;0; ; ; ; ; ; 
TRACK;1.12.13-2; ; ;-1.516416327;20763369.87;NA; ; ; ; ; ; ; ; ; ; 
TRACK;1.12.13-2;-16.50767272;-71.47831111;-1954583.528;2843472.248;NA;False; ; ;0; ; ; ; ; ; 
TRACK;1.12.13-2;-16.5069694;-71.47773933;-1954508.166;2843546.321;NA;False; ; ;0; ; ; ; ; ; 
TRACK;1.12.13-2;-16.50687068;-71.47803906;-1954492.758;2843513.65;NA;False; ; ;0; ; ; ; ; ; 
TRACK;1.12.13-2;-16.50763385;-71.4786859;-1954574.198;2843430.282;NA;False; ; ;0; ; ; ; ; ; 
TRACK;1.12.13-2;-16.50767728;-71.47850063;-1954581.654;2843450.708;NA;False; ; ;0; ; ; ; ; ; 
TRACK;1.12.13-3; ; ;-1.516416327;20763369.87;NA; ; ; ; ; ; ; ; ; ; 
TRACK;1.12.13-3;-16.50758828;-71.47781461;-1954579.918;2843529.634;NA;False; ; ;0; ; ; ; ; ; 
TRACK;1.12.13-3;-16.50722256;-71.47750915;-1954540.834;2843569.074;NA;False; ; ;0; ; ; ; ; ; 
TRACK;1.12.13-3;-16.50702358;-71.47751309;-1954517.407;2843571.249;NA;False; ; ;0; ; ; ; ; ; 
TRACK;1.12.13-3;-16.5068371;-71.47747975;-1954495.922;2843577.484;NA;False; ; ;0; ; ; ; ; ; 
TRACK;1.12.13-3;-16.50680263;-71.47753629;-1954491.154;2843571.531;NA;False; ; ;0; ; ; ; ; ; 
TRACK;1.12.13-3;-16.50694888;-71.47763289;-1954507.108;2843558.655;NA;False; ; ;0; ; ; ; ; ; 
TRACK;1.12.13-3;-16.50765343;-71.47822678;-1954582.333;2843482.061;NA;False; ; ;0; ; ; ; ; ; 
TRACK;1.12.13-3;-16.50762214;-71.47801375;-1954581.365;2843506.618;NA;False; ; ;0; ; ; ; ; ; 
TRACK;1.12.13-4; ; ;-1.516416327;20763369.87;NA; ; ; ; ; ; ; ; ; ; 
TRACK;1.12.13-4;-16.50644971;-71.47728906;-1954452.833;2843604.202;NA;False; ; ;0; ; ; ; ; ; 
TRACK;1.12.13-4;-16.50621528;-71.47748361;-1954422.818;2843585.241;NA;False; ; ;0; ; ; ; ; ; 
TRACK;1.12.13-4;-16.50679942;-71.47797129;-1954485.248;2843522.27;NA;False; ; ;0; ; ; ; ; ; 
TRACK;1.12.13-4;-16.50690648;-71.47768544;-1954501.458;2843553.258;NA;False; ; ;0; ; ; ; ; ; 
TRACK;1.12.13-5; ; ;-1.516416327;20763369.87;NA; ; ; ; ; ; ; ; ; ; 
TRACK;1.12.13-5;-16.50676905;-71.4780562;-1954480.601;2843513.047;NA;False; ; ;0; ; ; ; ; ; 
TRACK;1.12.13-5;-16.50641813;-71.47771941;-1954443.653;2843555.842;NA;False; ; ;0; ; ; ; ; ; 
TRACK;1.12.13-5;-16.50615971;-71.47754731;-1954415.48;2843578.752;NA;False; ; ;0; ; ; ; ; ; 
TRACK;1.12.13-5;-16.50598739;-71.47780652;-1954391.94;2843551.644;NA;False; ; ;0; ; ; ; ; ; 
TRACK;1.12.13-5;-16.50621186;-71.47800477;-1954415.792;2843526.217;NA;False; ; ;0; ; ; ; ; ; 
TRACK;1.12.13-5;-16.50636845;-71.47815869;-1954432.234;2843506.708;NA;False; ; ;0; ; ; ; ; ; 
TRACK;1.12.13-5;-16.50653462;-71.47835013;-1954449.323;2843482.821;NA;False; ; ;0; ; ; ; ; ; 
TRACK;1.12.13-6; ; ;-1.516416327;20763369.87;NA; ; ; ; ; ; ; ; ; ; 
TRACK;1.12.13-6;-16.5055815;-71.47724935;-1954351.336;2843620.141;NA;False; ; ;0; ; ; ; ; ; 
TRACK;1.12.13-6;-16.50511464;-71.47707421;-1954298.712;2843646.143;NA;False; ; ;0; ; ; ; ; ; 
TRACK;1.12.13-6;-16.50500424;-71.47736988;-1954281.983;2843614.086;NA;False; ; ;0; ; ; ; ; ; 
TRACK;1.12.13-6;-16.5059269;-71.47773786;-1954385.706;2843560.222;NA;False; ; ;0; ; ; ; ; ; 
TRACK;1.12.13-6;-16.50611259;-71.47750309;-1954410.506;2843584.385;NA;False; ; ;0; ; ; ; ; ; 
TRACK;1.12.13-7; ; ;-1.516416327;20763369.87;NA; ; ; ; ; ; ; ; ; ; 
TRACK;1.12.13-7;-16.50532085;-71.47669936;-1954327.703;2843685.912;NA;False; ; ;0; ; ; ; ; ; 
TRACK;1.12.13-7;-16.50517498;-71.47697837;-1954307.019;2843656.21;NA;False; ; ;0; ; ; ; ; ; 
TRACK;1.12.13-7;-16.50614799;-71.47744662;-1954415.383;2843590.319;NA;False; ; ;0; ; ; ; ; ; 
TRACK;1.12.13-7;-16.50640541;-71.47722566;-1954448.434;2843611.971;NA;False; ; ;0; ; ; ; ; ; 
TRACK;1.12.13-8; ; ;-1.516416327;20763369.87;NA; ; ; ; ; ; ; ; ; ; 
TRACK;1.12.13-8;-16.50671862;-71.47693457;-1954488.932;2843640.838;NA;False; ; ;0; ; ; ; ; ; 
TRACK;1.12.13-8;-16.50643038;-71.47689223;-1954455.606;2843649.434;NA;False; ; ;0; ; ; ; ; ; 
TRACK;1.12.13-8;-16.50542147;-71.47640953;-1954343.209;2843717.437;NA;False; ; ;0; ; ; ; ; ; 
TRACK;1.12.13-8;-16.50532084;-71.47664486;-1954328.395;2843692.09;NA;False; ; ;0; ; ; ; ; ; 
TRACK;1.12.13-8;-16.50647161;-71.47719384;-1954456.616;2843614.706;NA;False; ; ;0; ; ; ; ; ; 
TRACK;1.12.13-9; ; ;-1.516416327;20763369.87;NA; ; ; ; ; ; ; ; ; ; 
TRACK;1.12.13-9;-16.50438611;-71.47592877;-1954227.678;2843785.569;NA;False; ; ;0; ; ; ; ; ; 
TRACK;1.12.13-9;-16.5042917;-71.47614185;-1954213.878;2843762.661;NA;False; ; ;0; ; ; ; ; ; 
TRACK;1.12.13-9;-16.5052601;-71.47660489;-1954321.767;2843697.421;NA;False; ; ;0; ; ; ; ; ; 
TRACK;1.12.13-9;-16.50537303;-71.47638596;-1954337.817;2843720.747;NA;False; ; ;0; ; ; ; ; ; 
TRACK;1.12.13-10; ; ;-1.516416327;20763369.87;NA; ; ; ; ; ; ; ; ; ; 
TRACK;1.12.13-10;-16.50512167;-71.47695356;-1954301.071;2843659.724;NA;False; ; ;0; ; ; ; ; ; 
TRACK;1.12.13-10;-16.50526997;-71.47667481;-1954322.038;2843689.366;NA;False; ; ;0; ; ; ; ; ; 
TRACK;1.12.13-10;-16.50478887;-71.47645704;-1954268.282;2843720.386;NA;False; ; ;0; ; ; ; ; ; 
TRACK;1.12.13-10;-16.50425594;-71.47620066;-1954208.93;2843756.467;NA;False; ; ;0; ; ; ; ; ; 
TRACK;1.12.13-10;-16.50411417;-71.47646577;-1954188.904;2843728.286;NA;False; ; ;0; ; ; ; ; ; 
TRACK;1.12.13-10;-16.50512167;-71.47695626;-1954301.037;2843659.419;NA;False; ; ;0; ; ; ; ; ; 
TRACK;1.12.13-11; ; ;-1.516416327;20763369.87;NA; ; ; ; ; ; ; ; ; ; 
TRACK;1.12.13-11;-16.5040895;-71.47653376;-1954185.141;2843720.905;NA;False; ; ;0; ; ; ; ; ; 
TRACK;1.12.13-11;-16.50395307;-71.47684623;-1954165.142;2843687.286;NA;False; ; ;0; ; ; ; ; ; 
TRACK;1.12.13-11;-16.50493873;-71.47734937;-1954274.548;2843617.272;NA;False; ; ;0; ; ; ; ; ; 
TRACK;1.12.13-11;-16.50507743;-71.47700936;-1954295.164;2843653.983;NA;False; ; ;0; ; ; ; ; ; 
TRACK;1.12.13-12; ; ;-1.516416327;20763369.87;NA; ; ; ; ; ; ; ; ; ; 
TRACK;1.12.13-12;-16.50315653;-71.47609227;-1954081.14;2843783.236;NA;False; ; ;0; ; ; ; ; ; 
TRACK;1.12.13-12;-16.50302169;-71.47635898;-1954061.909;2843754.782;NA;False; ; ;0; ; ; ; ; ; 
TRACK;1.12.13-12;-16.50372172;-71.47672147;-1954139.547;2843704.473;NA;False; ; ;0; ; ; ; ; ; 
TRACK;1.12.13-12;-16.5038511;-71.4764381;-1954158.348;2843734.888;NA;False; ; ;0; ; ; ; ; ; 
TRACK;1.12.13-13; ; ;-1.516416327;20763369.87;NA; ; ; ; ; ; ; ; ; ; 
TRACK;1.12.13-13;-16.50330846;-71.47574019;-1954103.465;2843821.14;NA;False; ; ;0; ; ; ; ; ; 
TRACK;1.12.13-13;-16.50319113;-71.47602184;-1954086.101;2843790.763;NA;False; ; ;0; ; ; ; ; ; 
TRACK;1.12.13-13;-16.50386168;-71.47635522;-1954160.644;2843744.142;NA;False; ; ;0; ; ; ; ; ; 
TRACK;1.12.13-13;-16.50403216;-71.47605001;-1954184.552;2843776.49;NA;False; ; ;0; ; ; ; ; ; 
TRACK;1.12.13-14; ; ;-1.516416327;20763369.87;NA; ; ; ; ; ; ; ; ; ; 
TRACK;1.12.13-14;-16.50280083;-71.47516944;-1954051.079;2843892.519;NA;False; ; ;0; ; ; ; ; ; 
TRACK;1.12.13-14;-16.50271488;-71.47538263;-1954038.271;2843869.488;NA;False; ; ;0; ; ; ; ; ; 
TRACK;1.12.13-14;-16.50328295;-71.4756532;-1954101.573;2843831.337;NA;False; ; ;0; ; ; ; ; ; 
TRACK;1.12.13-14;-16.50338475;-71.47542669;-1954116.412;2843855.669;NA;False; ; ;0; ; ; ; ; ; 
TRACK;1.12.13-15; ; ;-1.516416327;20763369.87;NA; ; ; ; ; ; ; ; ; ; 
TRACK;1.12.13-15;-16.50268907;-71.47542786;-1954034.664;2843864.702;NA;False; ; ;0; ; ; ; ; ; 
TRACK;1.12.13-15;-16.50255996;-71.47571367;-1954015.863;2843834.007;NA;False; ; ;0; ; ; ; ; ; 
TRACK;1.12.13-15;-16.50313385;-71.47598329;-1954079.861;2843795.887;NA;False; ; ;0; ; ; ; ; ; 
TRACK;1.12.13-15;-16.50326611;-71.47570877;-1954098.889;2843825.26;NA;False; ; ;0; ; ; ; ; ; 
TRACK;1.12.13-16; ; ;-1.516416327;20763369.87;NA; ; ; ; ; ; ; ; ; ; 
TRACK;1.12.13-16;-16.50252622;-71.47579029;-1954010.925;2843825.767;NA;False; ; ;0; ; ; ; ; ; 
TRACK;1.12.13-16;-16.50241989;-71.47607264;-1953994.845;2843795.165;NA;False; ; ;0; ; ; ; ; ; 
TRACK;1.12.13-16;-16.50297276;-71.47633269;-1954056.494;2843758.406;NA;False; ; ;0; ; ; ; ; ; 
TRACK;1.12.13-16;-16.50310745;-71.4760638;-1954075.736;2843787.109;NA;False; ; ;0; ; ; ; ; ; 
TRACK;1.12.13-18; ; ;-1.516416327;20763369.87;NA; ; ; ; ; ; ; ; ; ; 
TRACK;1.12.13-18;-16.5043948;-71.47786636;-1954204.073;2843565.842;NA;False; ; ;0; ; ; ; ; ; 
TRACK;1.12.13-18;-16.50409552;-71.47791008;-1954168.356;2843564.828;NA;False; ; ;0; ; ; ; ; ; 
TRACK;1.12.13-18;-16.50421173;-71.47871865;-1954171.734;2843471.652;NA;False; ; ;0; ; ; ; ; ; 
TRACK;1.12.13-18;-16.5044977;-71.47866072;-1954206.068;2843474.451;NA;False; ; ;0; ; ; ; ; ; 
TRACK;1.12.13-19; ; ;-1.516416327;20763369.87;NA; ; ; ; ; ; ; ; ; ; 
TRACK;1.12.13-19;-16.5044965;-71.47881924;-1954203.912;2843456.5;NA;False; ; ;0; ; ; ; ; ; 
TRACK;1.12.13-19;-16.5042114;-71.47886456;-1954169.842;2843455.119;NA;False; ; ;0; ; ; ; ; ; 
TRACK;1.12.13-19;-16.50433426;-71.47975428;-1954172.97;2843352.657;NA;False; ; ;0; ; ; ; ; ; 
TRACK;1.12.13-19;-16.50462537;-71.47969111;-1954207.974;2843355.983;NA;False; ; ;0; ; ; ; ; ; 
TRACK;1.12.13-20; ; ;-1.516416327;20763369.87;NA; ; ; ; ; ; ; ; ; ; 
TRACK;1.12.13-20;-16.50422906;-71.47956654;-1954162.996;2843375.322;NA;False; ; ;0; ; ; ; ; ; 
TRACK;1.12.13-20;-16.50415924;-71.47892906;-1954162.894;2843448.496;NA;False; ; ;0; ; ; ; ; ; 
TRACK;1.12.13-20;-16.50384638;-71.47898793;-1954125.39;2843445.944;NA;False; ; ;0; ; ; ; ; ; 
TRACK;1.12.13-20;-16.50396446;-71.47962382;-1954131.181;2843372.315;NA;False; ; ;0; ; ; ; ; ; 
TRACK;1.12.13-21; ; ;-1.516416327;20763369.87;NA; ; ; ; ; ; ; ; ; ; 
TRACK;1.12.13-21;-16.50402055;-71.47792817;-1954159.32;2843563.766;NA;False; ; ;0; ; ; ; ; ; 
TRACK;1.12.13-21;-16.50371096;-71.47795349;-1954122.626;2843564.974;NA;False; ; ;0; ; ; ; ; ; 
TRACK;1.12.13-21;-16.50382756;-71.47887761;-1954124.581;2843458.696;NA;False; ; ;0; ; ; ; ; ; 
TRACK;1.12.13-21;-16.50382756;-71.47888687;-1954124.463;2843457.646;NA;False; ; ;0; ; ; ; ; ; 
TRACK;1.12.13-21;-16.50414486;-71.4788318;-1954162.441;2843459.708;NA;False; ; ;0; ; ; ; ; ; 
TRACK;1.12.13-22; ; ;-1.516416327;20763369.87;NA; ; ; ; ; ; ; ; ; ; 
TRACK;1.12.13-22;-16.50391529;-71.47692056;-1954159.758;2843679.359;NA;False; ; ;0; ; ; ; ; ; 
TRACK;1.12.13-22;-16.50360859;-71.47693374;-1954123.557;2843681.905;NA;False; ; ;0; ; ; ; ; ; 
TRACK;1.12.13-22;-16.50370421;-71.47787556;-1954122.822;2843573.895;NA;False; ; ;0; ; ; ; ; ; 
TRACK;1.12.13-22;-16.50370421;-71.4778912;-1954122.624;2843572.122;NA;False; ; ;0; ; ; ; ; ; 
TRACK;1.12.13-22;-16.50401109;-71.47785899;-1954159.087;2843571.731;NA;False; ; ;0; ; ; ; ; ; 
TRACK;1.12.13-23; ; ;-1.516416327;20763369.87;NA; ; ; ; ; ; ; ; ; ; 
TRACK;1.12.13-23;-16.50365541;-71.47789047;-1954116.9;2843572.849;NA;False; ; ;0; ; ; ; ; ; 
TRACK;1.12.13-23;-16.50355835;-71.47714616;-1954114.956;2843658.49;NA;False; ; ;0; ; ; ; ; ; 
TRACK;1.12.13-23;-16.5035679;-71.47686059;-1954119.707;2843690.732;NA;False; ; ;0; ; ; ; ; ; 
TRACK;1.12.13-23;-16.50323563;-71.47688742;-1954080.328;2843692.068;NA;False; ; ;0; ; ; ; ; ; 
TRACK;1.12.13-23;-16.50336973;-71.47794541;-1954082.638;2843570.384;NA;False; ; ;0; ; ; ; ; ; 
TRACK;1.12.13-24; ; ;-1.516416327;20763369.87;NA; ; ; ; ; ; ; ; ; ; 
TRACK;1.12.13-24;-16.50366013;-71.47795915;-1954116.581;2843565.002;NA;False; ; ;0; ; ; ; ; ; 
TRACK;1.12.13-24;-16.50338255;-71.47801133;-1954083.307;2843562.745;NA;False; ; ;0; ; ; ; ; ; 
TRACK;1.12.13-24;-16.50348266;-71.47899697;-1954082.543;2843449.71;NA;False; ; ;0; ; ; ; ; ; 
TRACK;1.12.13-24;-16.50378866;-71.47894628;-1954119.138;2843451.425;NA;False; ; ;0; ; ; ; ; ; 
TRACK;1.12.13-25; ; ;-1.516416327;20763369.87;NA; ; ; ; ; ; ; ; ; ; 
TRACK;1.12.13-25;-16.50396461;-71.48049169;-1954120.171;2843273.948;NA;False; ; ;0; ; ; ; ; ; 
TRACK;1.12.13-25;-16.50392839;-71.4798;-1954124.705;2843352.822;NA;False; ; ;0; ; ; ; ; ; 
TRACK;1.12.13-25;-16.50379892;-71.47899414;-1954119.735;2843445.865;NA;False; ; ;0; ; ; ; ; ; 
TRACK;1.12.13-25;-16.50349122;-71.47903975;-1954083.005;2843444.749;NA;False; ; ;0; ; ; ; ; ; 
TRACK;1.12.13-25;-16.50370187;-71.48055125;-1954088.548;2843270.658;NA;False; ; ;0; ; ; ; ; ; 
TRACK;1.12.13-26; ; ;-1.516416327;20763369.87;NA; ; ; ; ; ; ; ; ; ; 
TRACK;1.12.13-26;-16.50352725;-71.48093545;-1954063.15;2843229.412;NA;False; ; ;0; ; ; ; ; ; 
TRACK;1.12.13-26;-16.50368101;-71.48065937;-1954084.723;2843258.678;NA;False; ; ;0; ; ; ; ; ; 
TRACK;1.12.13-26;-16.50357684;-71.48019819;-1954078.344;2843312.321;NA;False; ; ;0; ; ; ; ; ; 
TRACK;1.12.13-26;-16.50354378;-71.47994996;-1954077.614;2843340.891;NA;False; ; ;0; ; ; ; ; ; 
TRACK;1.12.13-26;-16.50352047;-71.47949136;-1954080.703;2843393.177;NA;False; ; ;0; ; ; ; ; ; 
TRACK;1.12.13-26;-16.50346005;-71.47903518;-1954079.401;2843445.677;NA;False; ; ;0; ; ; ; ; ; 
TRACK;1.12.13-26;-16.50311325;-71.4790897;-1954037.964;2843444.065;NA;False; ; ;0; ; ; ; ; ; 
TRACK;1.12.13-26;-16.50324589;-71.47944288;-1954049.061;2843402.288;NA;False; ; ;0; ; ; ; ; ; 
TRACK;1.12.13-26;-16.50330564;-71.47976704;-1954051.96;2843364.76;NA;False; ; ;0; ; ; ; ; ; 
TRACK;1.12.13-26;-16.5032847;-71.48029063;-1954042.847;2843305.691;NA;False; ; ;0; ; ; ; ; ; 
TRACK;1.12.13-26;-16.50322121;-71.48074588;-1954029.604;2843254.928;NA;False; ; ;0; ; ; ; ; ; 
TRACK;1.12.13-26;-16.50336814;-71.48102204;-1954043.358;2843221.692;NA;False; ; ;0; ; ; ; ; ; 
TRACK;1.12.13-27; ; ;-1.516416327;20763369.87;NA; ; ; ; ; ; ; ; ; ; 
TRACK;1.12.13-27;-16.50342111;-71.47896728;-1954075.69;2843453.886;NA;False; ; ;0; ; ; ; ; ; 
TRACK;1.12.13-27;-16.5033225;-71.47803144;-1954075.996;2843561.256;NA;False; ; ;0; ; ; ; ; ; 
TRACK;1.12.13-27;-16.50302487;-71.4780521;-1954040.767;2843562.835;NA;False; ; ;0; ; ; ; ; ; 
TRACK;1.12.13-27;-16.50312984;-71.4790333;-1954040.631;2843450.24;NA;False; ; ;0; ; ; ; ; ; 
TRACK;1.12.13-28; ; ;-1.516416327;20763369.87;NA; ; ; ; ; ; ; ; ; ; 
TRACK;1.12.13-28;-16.50326067;-71.47764292;-1954073.67;2843606.107;NA;False; ; ;0; ; ; ; ; ; 
TRACK;1.12.13-28;-16.50248062;-71.47777136;-1953980.393;2843601.824;NA;False; ; ;0; ; ; ; ; ; 
TRACK;1.12.13-28;-16.50253396;-71.47804078;-1953983.235;2843570.584;NA;False; ; ;0; ; ; ; ; ; 
TRACK;1.12.13-28;-16.50329402;-71.47796116;-1954073.544;2843569.596;NA;False; ; ;0; ; ; ; ; ; 
TRACK;1.12.13-29; ; ;-1.516416327;20763369.87;NA; ; ; ; ; ; ; ; ; ; 
TRACK;1.12.13-29;-16.50325659;-71.47758308;-1954073.95;2843612.942;NA;False; ; ;0; ; ; ; ; ; 
TRACK;1.12.13-29;-16.50322263;-71.47727152;-1954073.92;2843648.704;NA;False; ; ;0; ; ; ; ; ; 
TRACK;1.12.13-29;-16.5024383;-71.47740353;-1953980.095;2843644.073;NA;False; ; ;0; ; ; ; ; ; 
TRACK;1.12.13-29;-16.50244498;-71.47772014;-1953976.856;2843608.099;NA;False; ; ;0; ; ; ; ; ; 
TRACK;1.12.13-29;-16.50325659;-71.47758308;-1954073.95;2843612.942;NA;False; ; ;0; ; ; ; ; ; 
TRACK;1.12.13-30; ; ;-1.516416327;20763369.87;NA; ; ; ; ; ; ; ; ; ; 
TRACK;1.12.13-30;-16.50319828;-71.47695061;-1954075.138;2843685.397;NA;False; ; ;0; ; ; ; ; ; 
TRACK;1.12.13-30;-16.50237575;-71.47705858;-1953977.13;2843683.995;NA;False; ; ;0; ; ; ; ; ; 
TRACK;1.12.13-30;-16.5024326;-71.47735809;-1953980.003;2843649.297;NA;False; ; ;0; ; ; ; ; ; 
TRACK;1.12.13-30;-16.50322442;-71.47723412;-1954074.606;2843652.919;NA;False; ; ;0; ; ; ; ; ; 
TRACK;1.12.13-31; ; ;-1.516416327;20763369.87;NA; ; ; ; ; ; ; ; ; ; 
TRACK;1.12.13-31;-16.50144397;-71.47694735;-1953869.071;2843708.876;NA;False; ; ;0; ; ; ; ; ; 
TRACK;1.12.13-31;-16.50143162;-71.47710071;-1953865.671;2843691.655;NA;False; ; ;0; ; ; ; ; ; 
TRACK;1.12.13-31;-16.501697;-71.4771425;-1953896.319;2843683.423;NA;False; ; ;0; ; ; ; ; ; 
TRACK;1.12.13-31;-16.50192535;-71.47717942;-1953922.678;2843676.231;NA;False; ; ;0; ; ; ; ; ; 
TRACK;1.12.13-31;-16.50211674;-71.47721054;-1953944.767;2843670.183;NA;False; ; ;0; ; ; ; ; ; 
TRACK;1.12.13-31;-16.50227846;-71.47726604;-1953963.063;2843661.762;NA;False; ; ;0; ; ; ; ; ; 
TRACK;1.12.13-31;-16.50228741;-71.47703427;-1953967.06;2843687.913;NA;False; ; ;0; ; ; ; ; ; 
TRACK;1.12.13-31;-16.50198705;-71.4770191;-1953931.965;2843693.59;NA;False; ; ;0; ; ; ; ; ; 
TRACK;1.12.13-32; ; ;-1.516416327;20763369.87;NA; ; ; ; ; ; ; ; ; ; 
TRACK;1.12.13-32;-16.5017107;-71.47737109;-1953895.024;2843657.332;NA;False; ; ;0; ; ; ; ; ; 
TRACK;1.12.13-32;-16.50172558;-71.4777048;-1953892.531;2843619.313;NA;False; ; ;0; ; ; ; ; ; 
TRACK;1.12.13-32;-16.50179922;-71.47770222;-1953901.216;2843618.635;NA;False; ; ;0; ; ; ; ; ; 
TRACK;1.12.13-32;-16.50194306;-71.47770383;-1953918.094;2843616.558;NA;False; ; ;0; ; ; ; ; ; 
TRACK;1.12.13-32;-16.50208591;-71.47770854;-1953934.817;2843614.142;NA;False; ; ;0; ; ; ; ; ; 
TRACK;1.12.13-32;-16.50221768;-71.47773593;-1953949.95;2843609.302;NA;False; ; ;0; ; ; ; ; ; 
TRACK;1.12.13-32;-16.50223097;-71.47776759;-1953951.11;2843605.539;NA;False; ; ;0; ; ; ; ; ; 
TRACK;1.12.13-32;-16.50229358;-71.47787032;-1953957.16;2843593.07;NA;False; ; ;0; ; ; ; ; ; 
TRACK;1.12.13-32;-16.5024066;-71.47792392;-1953969.758;2843585.507;NA;False; ; ;0; ; ; ; ; ; 
TRACK;1.12.13-32;-16.50235852;-71.47742244;-1953970.481;2843642.98;NA;False; ; ;0; ; ; ; ; ; 
TRACK;1.12.13-32;-16.5020411;-71.47740099;-1953933.461;2843649.592;NA;False; ; ;0; ; ; ; ; ; 
TRACK;1.12.13-36; ; ;-1.516416327;20763369.87;NA; ; ; ; ; ; ; ; ; ; 
TRACK;1.12.13-36;-16.50026654;-71.47765052;-1953721.805;2843644.681;NA;False; ; ;0; ; ; ; ; ; 
TRACK;1.12.13-36;-16.50035321;-71.47750342;-1953733.856;2843660.214;NA;False; ; ;0; ; ; ; ; ; 
TRACK;1.12.13-36;-16.50048771;-71.47737244;-1953751.322;2843673.289;NA;False; ; ;0; ; ; ; ; ; 
TRACK;1.12.13-36;-16.50022256;-71.47719516;-1953722.423;2843696.874;NA;False; ; ;0; ; ; ; ; ; 
TRACK;1.12.13-36;-16.5000756;-71.47735159;-1953703.17;2843681.079;NA;False; ; ;0; ; ; ; ; ; 
TRACK;1.12.13-36;-16.49994516;-71.47753395;-1953685.528;2843662.127;NA;False; ; ;0; ; ; ; ; ; 
TRACK;1.12.13-38; ; ;-1.516416327;20763369.87;NA; ; ; ; ; ; ; ; ; ; 
TRACK;1.12.13-38;-16.49993479;-71.47740369;-1953685.964;2843677.028;NA;False; ; ;0; ; ; ; ; ; 
TRACK;1.12.13-38;-16.50000129;-71.47731104;-1953694.954;2843686.654;NA;False; ; ;0; ; ; ; ; ; 
TRACK;1.12.13-38;-16.50015049;-71.47714529;-1953714.589;2843703.476;NA;False; ; ;0; ; ; ; ; ; 
TRACK;1.12.13-38;-16.49987015;-71.47690617;-1953684.691;2843734.271;NA;False; ; ;0; ; ; ; ; ; 
TRACK;1.12.13-38;-16.49975304;-71.47701998;-1953669.486;2843722.915;NA;False; ; ;0; ; ; ; ; ; 
TRACK;1.12.13-38;-16.49967;-71.4771866;-1953657.614;2843705.122;NA;False; ; ;0; ; ; ; ; ; 
TRACK;1.12.13-38;-16.49957579;-71.47740435;-1953643.778;2843681.682;NA;False; ; ;0; ; ; ; ; ; 
TRACK;1.12.13-38;-16.49986127;-71.47751233;-1953675.946;2843665.683;NA;False; ; ;0; ; ; ; ; ; 
TRACK;1.12.13-39; ; ;-1.516416327;20763369.87;NA; ; ; ; ; ; ; ; ; ; 
TRACK;1.12.13-39;-16.49940413;-71.4780777;-1953615.055;2843607.62;NA;False; ; ;0; ; ; ; ; ; 
TRACK;1.12.13-39;-16.49943377;-71.47810965;-1953618.131;2843603.608;NA;False; ; ;0; ; ; ; ; ; 
TRACK;1.12.13-39;-16.49947622;-71.47807676;-1953623.537;2843606.778;NA;False; ; ;0; ; ; ; ; ; 
TRACK;1.12.13-39;-16.49956945;-71.47800243;-1953635.434;2843613.975;NA;False; ; ;0; ; ; ; ; ; 
TRACK;1.12.13-39;-16.49978038;-71.4778106;-1953662.652;2843632.94;NA;False; ; ;0; ; ; ; ; ; 
TRACK;1.12.13-39;-16.49985236;-71.47772735;-1953672.168;2843641.428;NA;False; ; ;0; ; ; ; ; ; 
TRACK;1.12.13-39;-16.49987608;-71.47763422;-1953676.138;2843651.672;NA;False; ; ;0; ; ; ; ; ; 
TRACK;1.12.13-39;-16.49988199;-71.47755888;-1953677.789;2843660.133;NA;False; ; ;0; ; ; ; ; ; 
TRACK;1.12.13-39;-16.49955031;-71.47744897;-1953640.218;2843676.959;NA;False; ; ;0; ; ; ; ; ; 
TRACK;1.12.13-39;-16.49950859;-71.4777056;-1953632.056;2843648.421;NA;False; ; ;0; ; ; ; ; ; 
TRACK;1.12.13-42; ; ;-1.516416327;20763369.87;NA; ; ; ; ; ; ; ; ; ; 
TRACK;1.12.13-42;-16.49929913;-71.47821491;-1953600.975;2843593.451;NA;False; ; ;0; ; ; ; ; ; 
TRACK;1.12.13-42;-16.49898487;-71.47814874;-1953564.896;2843605.089;NA;False; ; ;0; ; ; ; ; ; 
TRACK;1.12.13-42;-16.49890394;-71.47854051;-1953550.41;2843561.749;NA;False; ; ;0; ; ; ; ; ; 
TRACK;1.12.13-42;-16.49921282;-71.47862032;-1953585.685;2843548.636;NA;False; ; ;0; ; ; ; ; ; 
TRACK;1.12.13-43; ; ;-1.516416327;20763369.87;NA; ; ; ; ; ; ; ; ; ; 
TRACK;1.12.13-43;-16.49900317;-71.47768692;-1953572.913;2843657.195;NA;False; ; ;0; ; ; ; ; ; 
TRACK;1.12.13-43;-16.49848302;-71.47756757;-1953513.319;2843677.572;NA;False; ; ;0; ; ; ; ; ; 
TRACK;1.12.13-43;-16.49846673;-71.4779724;-1953506.261;2843631.9;NA;False; ; ;0; ; ; ; ; ; 
TRACK;1.12.13-43;-16.49893912;-71.47807948;-1953560.4;2843613.542;NA;False; ; ;0; ; ; ; ; ; 
TRACK;1.12.13-44; ; ;-1.516416327;20763369.87;NA; ; ; ; ; ; ; ; ; ; 
TRACK;1.12.13-44;-16.49842272;-71.4784442;-1953495.097;2843579.003;NA;False; ; ;0; ; ; ; ; ; 
TRACK;1.12.13-44;-16.49885105;-71.47852761;-1953544.36;2843563.908;NA;False; ; ;0; ; ; ; ; ; 
TRACK;1.12.13-44;-16.49891829;-71.47813418;-1953557.258;2843607.616;NA;False; ; ;0; ; ; ; ; ; 
TRACK;1.12.13-44;-16.49847391;-71.47801953;-1953506.506;2843626.464;NA;False; ; ;0; ; ; ; ; ; 
TRACK;1.12.13-45; ; ;-1.516416327;20763369.87;NA; ; ; ; ; ; ; ; ; ; 
TRACK;1.12.13-45;-16.49882509;-71.47857159;-1953540.751;2843559.265;NA;False; ; ;0; ; ; ; ; ; 
TRACK;1.12.13-45;-16.49841012;-71.47849772;-1953492.936;2843573.103;NA;False; ; ;0; ; ; ; ; ; 
TRACK;1.12.13-45;-16.49830882;-71.47880524;-1953477.129;2843539.579;NA;False; ; ;0; ; ; ; ; ; 
TRACK;1.12.13-45;-16.49873945;-71.47888631;-1953526.692;2843524.72;NA;False; ; ;0; ; ; ; ; ; 
TRACK;1.12.13-46; ; ;-1.516416327;20763369.87;NA; ; ; ; ; ; ; ; ; ; 
TRACK;1.12.13-46;-16.49874401;-71.47895907;-1953526.303;2843516.413;NA;False; ; ;0; ; ; ; ; ; 
TRACK;1.12.13-46;-16.49827211;-71.4788711;-1953471.979;2843532.598;NA;False; ; ;0; ; ; ; ; ; 
TRACK;1.12.13-46;-16.49817698;-71.4792455;-1953456.046;2843491.413;NA;False; ; ;0; ; ; ; ; ; 
TRACK;1.12.13-46;-16.49862029;-71.47937527;-1953506.48;2843470.867;NA;False; ; ;0; ; ; ; ; ; 
TRACK;1.12.13-47; ; ;-1.516416327;20763369.87;NA; ; ; ; ; ; ; ; ; ; 
TRACK;1.12.13-47;-16.49853487;-71.47961646;-1953493.381;2843444.655;NA;False; ; ;0; ; ; ; ; ; 
TRACK;1.12.13-47;-16.49861529;-71.47942231;-1953505.296;2843465.601;NA;False; ; ;0; ; ; ; ; ; 
TRACK;1.12.13-47;-16.49816633;-71.47932328;-1953453.806;2843482.737;NA;False; ; ;0; ; ; ; ; ; 
TRACK;1.12.13-47;-16.49812357;-71.47946644;-1953446.964;2843467.075;NA;False; ; ;0; ; ; ; ; ; 
TRACK;1.12.13-47;-16.49808055;-71.47956198;-1953440.696;2843456.811;NA;False; ; ;0; ; ; ; ; ; 
TRACK;1.12.13-47;-16.49827736;-71.47954492;-1953464.036;2843456.154;NA;False; ; ;0; ; ; ; ; ; 
TRACK;1.12.14-1; ; ;-1.516416327;20763369.87;NA; ; ; ; ; ; ; ; ; ; 
TRACK;1.12.14-1;-16.49547935;-71.47927557;-1953138.731;2843523.523;NA;False; ; ;0; ; ; ; ; ; 
TRACK;1.12.14-1;-16.49585829;-71.48005594;-1953173.339;2843430.082;NA;False; ; ;0; ; ; ; ; ; 
TRACK;1.12.14-1;-16.49632808;-71.48075475;-1953219.657;2843344.688;NA;False; ; ;0; ; ; ; ; ; 
TRACK;1.12.14-1;-16.49733507;-71.48035376;-1953343.056;2843376.881;NA;False; ; ;0; ; ; ; ; ; 
TRACK;1.12.14-1;-16.49759653;-71.48017453;-1953376.05;2843393.754;NA;False; ; ;0; ; ; ; ; ; 
TRACK;1.12.14-1;-16.49787099;-71.4796213;-1953415.324;2843452.848;NA;False; ; ;0; ; ; ; ; ; 
TRACK;1.12.14-1;-16.49798841;-71.47944202;-1953431.395;2843471.621;NA;False; ; ;0; ; ; ; ; ; 
TRACK;1.12.14-1;-16.49797945;-71.47923478;-1953432.975;2843495.23;NA;False; ; ;0; ; ; ; ; ; 
TRACK;1.12.14-1;-16.49805519;-71.47886783;-1953446.535;2843535.825;NA;False; ; ;0; ; ; ; ; ; 
TRACK;1.12.14-1;-16.49816498;-71.47821419;-1953467.738;2843608.467;NA;False; ; ;0; ; ; ; ; ; 
TRACK;1.12.14-1;-16.49822996;-71.47764097;-1953482.655;2843672.585;NA;False; ; ;0; ; ; ; ; ; 
TRACK;1.12.14-1;-16.49824717;-71.47734396;-1953488.45;2843706.023;NA;False; ; ;0; ; ; ; ; ; 
TRACK;1.12.14-1;-16.49823856;-71.47708746;-1953490.697;2843735.21;NA;False; ; ;0; ; ; ; ; ; 
TRACK;1.12.14-1;-16.49809488;-71.47685327;-1953476.792;2843763.648;NA;False; ; ;0; ; ; ; ; ; 
TRACK;1.12.14-1;-16.49787092;-71.47685908;-1953450.406;2843765.939;NA;False; ; ;0; ; ; ; ; ; 
TRACK;1.12.14-1;-16.49735472;-71.47712889;-1953386.332;2843742.154;NA;False; ; ;0; ; ; ; ; ; 
TRACK;1.12.14-1;-16.49710411;-71.47716839;-1953356.386;2843740.977;NA;False; ; ;0; ; ; ; ; ; 
TRACK;1.12.14-1;-16.49680161;-71.47713705;-1953321.244;2843748.513;NA;False; ; ;0; ; ; ; ; ; 
TRACK;1.12.14-1;-16.49649677;-71.47697276;-1953287.517;2843771.148;NA;False; ; ;0; ; ; ; ; ; 
TRACK;1.12.14-1;-16.49624216;-71.47668978;-1953261.198;2843806.576;NA;False; ; ;0; ; ; ; ; ; 
TRACK;1.12.14-1;-16.49623641;-71.47680417;-1953259.069;2843793.686;NA;False; ; ;0; ; ; ; ; ; 
TRACK;1.12.14-1;-16.49620755;-71.4770813;-1953252.159;2843762.654;NA;False; ; ;0; ; ; ; ; ; 
TRACK;1.12.14-1;-16.49606154;-71.47737324;-1953231.295;2843731.485;NA;False; ; ;0; ; ; ; ; ; 
TRACK;1.12.14-1;-16.49516093;-71.47859679;-1953109.943;2843604.655;NA;False; ; ;0; ; ; ; ; ; 
TRACK;1.12.14-4; ; ;-1.516416327;20763369.87;NA; ; ; ; ; ; ; ; ; ; 
TRACK;1.12.14-4;-16.49672942;-71.47417094;-1953350.448;2844085.67;NA;False; ; ;0; ; ; ; ; ; 
TRACK;1.12.14-4;-16.49695364;-71.47378277;-1953381.723;2844126.718;NA;False; ; ;0; ; ; ; ; ; 
TRACK;1.12.14-4;-16.49708147;-71.47329907;-1953402.889;2844179.862;NA;False; ; ;0; ; ; ; ; ; 
TRACK;1.12.14-4;-16.4972482;-71.47280694;-1953428.731;2844233.449;NA;False; ; ;0; ; ; ; ; ; 
TRACK;1.12.14-4;-16.49667904;-71.47264601;-1953363.905;2844259.187;NA;False; ; ;0; ; ; ; ; ; 
TRACK;1.12.14-4;-16.49638742;-71.4741045;-1953311.11;2844097.706;NA;False; ; ;0; ; ; ; ; ; 
TRACK;1.12.14-8; ; ;-1.516416327;20763369.87;NA; ; ; ; ; ; ; ; ; ; 
TRACK;1.12.14-8;-16.4961115;-71.47087612;-1953319.716;2844467.285;NA;False; ; ;0; ; ; ; ; ; 
TRACK;1.12.14-8;-16.49630459;-71.47126752;-1953337.428;2844420.374;NA;False; ; ;0; ; ; ; ; ; 
TRACK;1.12.14-8;-16.49632508;-71.47159344;-1953335.694;2844383.161;NA;False; ; ;0; ; ; ; ; ; 
TRACK;1.12.14-8;-16.49655168;-71.47170273;-1953360.929;2844367.788;NA;False; ; ;0; ; ; ; ; ; 
TRACK;1.12.14-8;-16.49676649;-71.47160769;-1953387.375;2844375.731;NA;False; ; ;0; ; ; ; ; ; 
TRACK;1.12.14-8;-16.49683976;-71.47138001;-1953398.877;2844400.574;NA;False; ; ;0; ; ; ; ; ; 
TRACK;1.12.14-8;-16.49688945;-71.47065517;-1953413.926;2844482.082;NA;False; ; ;0; ; ; ; ; ; 
TRACK;1.12.14-8;-16.49685952;-71.47016325;-1953416.662;2844538.237;NA;False; ; ;0; ; ; ; ; ; 
TRACK;1.12.14-8;-16.49675199;-71.47003465;-1953405.662;2844554.232;NA;False; ; ;0; ; ; ; ; ; 
TRACK;1.12.14-8;-16.49596856;-71.47064949;-1953305.801;2844494.856;NA;False; ; ;0; ; ; ; ; ; 
TRACK;1.12.14-10; ; ;-1.516416327;20763369.87;NA; ; ; ; ; ; ; ; ; ; 
TRACK;1.12.14-10;-16.49627947;-71.47403572;-1953299.301;2844106.924;NA;False; ; ;0; ; ; ; ; ; 
TRACK;1.12.14-10;-16.49631359;-71.47379181;-1953306.409;2844134.122;NA;False; ; ;0; ; ; ; ; ; 
TRACK;1.12.14-10;-16.49636136;-71.47344934;-1953316.374;2844172.313;NA;False; ; ;0; ; ; ; ; ; 
TRACK;1.12.14-10;-16.496403;-71.47323199;-1953324.027;2844196.401;NA;False; ; ;0; ; ; ; ; ; 
TRACK;1.12.14-10;-16.49642774;-71.47306549;-1953329.049;2844214.948;NA;False; ; ;0; ; ; ; ; ; 
TRACK;1.12.14-10;-16.49646318;-71.47293461;-1953334.876;2844229.318;NA;False; ; ;0; ; ; ; ; ; 
TRACK;1.12.14-10;-16.4965063;-71.47278668;-1953341.823;2844245.518;NA;False; ; ;0; ; ; ; ; ; 
TRACK;1.12.14-10;-16.49613604;-71.47255991;-1953301.202;2844276.099;NA;False; ; ;0; ; ; ; ; ; 
TRACK;1.12.14-10;-16.49590966;-71.47400701;-1953256.218;2844115.048;NA;False; ; ;0; ; ; ; ; ; 
TRACK;1.12.14-11; ; ;-1.516416327;20763369.87;NA; ; ; ; ; ; ; ; ; ; 
TRACK;1.12.14-11;-16.49588514;-71.4745052;-1953247.007;2844058.901;NA;False; ; ;0; ; ; ; ; ; 
TRACK;1.12.14-11;-16.49622588;-71.47455636;-1953286.39;2844048.615;NA;False; ; ;0; ; ; ; ; ; 
TRACK;1.12.14-11;-16.49628;-71.47409063;-1953298.666;2844100.693;NA;False; ; ;0; ; ; ; ; ; 
TRACK;1.12.14-11;-16.49593283;-71.47406599;-1953258.191;2844108.058;NA;False; ; ;0; ; ; ; ; ; 
TRACK;1.12.14-12; ; ;-1.516416327;20763369.87;NA; ; ; ; ; ; ; ; ; ; 
TRACK;1.12.14-12;-16.49541574;-71.47482034;-1953187.853;2844029.361;NA;False; ; ;0; ; ; ; ; ; 
TRACK;1.12.14-12;-16.49564714;-71.47487464;-1953214.351;2844020.159;NA;False; ; ;0; ; ; ; ; ; 
TRACK;1.12.14-12;-16.49619309;-71.47494692;-1953277.575;2844004.776;NA;False; ; ;0; ; ; ; ; ; 
TRACK;1.12.14-12;-16.49623168;-71.47460885;-1953286.405;2844042.589;NA;False; ; ;0; ; ; ; ; ; 
TRACK;1.12.14-12;-16.495318;-71.47448922;-1953180.578;2844068.182;NA;False; ; ;0; ; ; ; ; ; 
TRACK;1.12.14-12;-16.49529654;-71.47467725;-1953175.667;2844047.151;NA;False; ; ;0; ; ; ; ; ; 
TRACK;1.12.14-13; ; ;-1.516416327;20763369.87;NA; ; ; ; ; ; ; ; ; ; 
TRACK;1.12.14-13;-16.49596217;-71.47580449;-1953239.55;2843910.611;NA;False; ; ;0; ; ; ; ; ; 
TRACK;1.12.14-13;-16.49613383;-71.47582166;-1953259.5;2843906.404;NA;False; ; ;0; ; ; ; ; ; 
TRACK;1.12.14-13;-16.49620047;-71.47500145;-1953277.75;2843998.498;NA;False; ; ;0; ; ; ; ; ; 
TRACK;1.12.14-13;-16.49585157;-71.4749837;-1953236.984;2844005.105;NA;False; ; ;0; ; ; ; ; ; 
TRACK;1.12.14-13;-16.49580092;-71.47568046;-1953222.18;2843926.793;NA;False; ; ;0; ; ; ; ; ; 
TRACK;1.12.14-14; ; ;-1.516416327;20763369.87;NA; ; ; ; ; ; ; ; ; ; 
TRACK;1.12.14-14;-16.49554864;-71.47521036;-1953198.513;2843983.402;NA;False; ; ;0; ; ; ; ; ; 
TRACK;1.12.14-14;-16.49575206;-71.47534236;-1953220.735;2843965.761;NA;False; ; ;0; ; ; ; ; ; 
TRACK;1.12.14-14;-16.49578912;-71.47494901;-1953230.087;2844009.859;NA;False; ; ;0; ; ; ; ; ; 
TRACK;1.12.14-14;-16.49554045;-71.47489781;-1953201.521;2844018.937;NA;False; ; ;0; ; ; ; ; ; 
TRACK;1.12.14-15; ; ;-1.516416327;20763369.87;NA; ; ; ; ; ; ; ; ; ; 
TRACK;1.12.14-15;-16.49583192;-71.47450084;-1953240.81;2844060.096;NA;False; ; ;0; ; ; ; ; ; 
TRACK;1.12.14-15;-16.49588982;-71.47401909;-1953253.733;2844113.941;NA;False; ; ;0; ; ; ; ; ; 
TRACK;1.12.14-15;-16.49553787;-71.47397732;-1953212.913;2844123.31;NA;False; ; ;0; ; ; ; ; ; 
TRACK;1.12.14-15;-16.49549108;-71.4744615;-1953201.264;2844069.044;NA;False; ; ;0; ; ; ; ; ; 
TRACK;1.12.14-16; ; ;-1.516416327;20763369.87;NA; ; ; ; ; ; ; ; ; ; 
TRACK;1.12.14-16;-16.49586792;-71.4739699;-1953251.785;2844119.805;NA;False; ; ;0; ; ; ; ; ; 
TRACK;1.12.14-16;-16.49590602;-71.47358887;-1953261.102;2844162.494;NA;False; ; ;0; ; ; ; ; ; 
TRACK;1.12.14-16;-16.49578458;-71.4735862;-1953246.869;2844164.396;NA;False; ; ;0; ; ; ; ; ; 
TRACK;1.12.14-16;-16.4955808;-71.47380008;-1953220.209;2844142.835;NA;False; ; ;0; ; ; ; ; ; 
TRACK;1.12.14-16;-16.49555684;-71.47393421;-1953215.69;2844127.947;NA;False; ; ;0; ; ; ; ; ; 
TRACK;1.12.14-17; ; ;-1.516416327;20763369.87;NA; ; ; ; ; ; ; ; ; ; 
TRACK;1.12.14-17;-16.49513736;-71.47391004;-1953166.712;2844136.211;NA;False; ; ;0; ; ; ; ; ; 
TRACK;1.12.14-17;-16.49509265;-71.47441771;-1953155.009;2844079.254;NA;False; ; ;0; ; ; ; ; ; 
TRACK;1.12.14-17;-16.49529027;-71.4744304;-1953178.066;2844075.214;NA;False; ; ;0; ; ; ; ; ; 
TRACK;1.12.14-17;-16.49533285;-71.47392881;-1953189.442;2844131.509;NA;False; ; ;0; ; ; ; ; ; 
