<?xml version="1.0" encoding="UTF-8"?>
<kml xmlns="http://www.opengis.net/kml/2.2" xmlns:gx="http://www.google.com/kml/ext/2.2" xmlns:kml="http://www.opengis.net/kml/2.2" xmlns:atom="http://www.w3.org/2005/Atom">
<Document>
	<name>Cluster_12_ingreso_economico_20feb2023.kml</name>
	<StyleMap id="msn_ylw-pushpin13">
		<Pair>
			<key>normal</key>
			<styleUrl>#sn_ylw-pushpin13</styleUrl>
		</Pair>
		<Pair>
			<key>highlight</key>
			<styleUrl>#sh_ylw-pushpin13</styleUrl>
		</Pair>
	</StyleMap>
	<StyleMap id="msn_ylw-pushpin30031">
		<Pair>
			<key>normal</key>
			<styleUrl>#sn_ylw-pushpin7041</styleUrl>
		</Pair>
		<Pair>
			<key>highlight</key>
			<styleUrl>#sh_ylw-pushpin0041</styleUrl>
		</Pair>
	</StyleMap>
	<StyleMap id="msn_ylw-pushpin31020">
		<Pair>
			<key>normal</key>
			<styleUrl>#sn_ylw-pushpin31030</styleUrl>
		</Pair>
		<Pair>
			<key>highlight</key>
			<styleUrl>#sh_ylw-pushpin11810</styleUrl>
		</Pair>
	</StyleMap>
	<StyleMap id="msn_ylw-pushpin310200">
		<Pair>
			<key>normal</key>
			<styleUrl>#sn_ylw-pushpin3103</styleUrl>
		</Pair>
		<Pair>
			<key>highlight</key>
			<styleUrl>#sh_ylw-pushpin1181</styleUrl>
		</Pair>
	</StyleMap>
	<StyleMap id="msn_ylw-pushpin6016">
		<Pair>
			<key>normal</key>
			<styleUrl>#sn_ylw-pushpin5018</styleUrl>
		</Pair>
		<Pair>
			<key>highlight</key>
			<styleUrl>#sh_ylw-pushpin6015</styleUrl>
		</Pair>
	</StyleMap>
	<Style id="sh_ylw-pushpin0041">
		<IconStyle>
			<scale>1.3</scale>
			<Icon>
				<href>http://maps.google.com/mapfiles/kml/pushpin/ylw-pushpin.png</href>
			</Icon>
			<hotSpot x="20" y="2" xunits="pixels" yunits="pixels"/>
		</IconStyle>
		<LineStyle>
			<color>ff0055aa</color>
			<width>3</width>
		</LineStyle>
		<PolyStyle>
			<color>00ffffff</color>
		</PolyStyle>
	</Style>
	<Style id="sh_ylw-pushpin1181">
		<IconStyle>
			<scale>1.3</scale>
			<Icon>
				<href>http://maps.google.com/mapfiles/kml/pushpin/ylw-pushpin.png</href>
			</Icon>
			<hotSpot x="20" y="2" xunits="pixels" yunits="pixels"/>
		</IconStyle>
		<LineStyle>
			<width>3</width>
		</LineStyle>
		<PolyStyle>
			<color>00ffffff</color>
		</PolyStyle>
	</Style>
	<Style id="sh_ylw-pushpin11810">
		<IconStyle>
			<scale>1.3</scale>
			<Icon>
				<href>http://maps.google.com/mapfiles/kml/pushpin/ylw-pushpin.png</href>
			</Icon>
			<hotSpot x="20" y="2" xunits="pixels" yunits="pixels"/>
		</IconStyle>
		<LineStyle>
			<color>ff0000ff</color>
			<width>3</width>
		</LineStyle>
		<PolyStyle>
			<color>00ffffff</color>
		</PolyStyle>
	</Style>
	<Style id="sh_ylw-pushpin13">
		<IconStyle>
			<scale>1.3</scale>
			<Icon>
				<href>http://maps.google.com/mapfiles/kml/pushpin/ylw-pushpin.png</href>
			</Icon>
			<hotSpot x="20" y="2" xunits="pixels" yunits="pixels"/>
		</IconStyle>
		<LineStyle>
			<color>ff00aaff</color>
			<width>3</width>
		</LineStyle>
		<PolyStyle>
			<color>00ffffff</color>
		</PolyStyle>
	</Style>
	<Style id="sh_ylw-pushpin6015">
		<IconStyle>
			<scale>1.3</scale>
			<Icon>
				<href>http://maps.google.com/mapfiles/kml/pushpin/ylw-pushpin.png</href>
			</Icon>
			<hotSpot x="20" y="2" xunits="pixels" yunits="pixels"/>
		</IconStyle>
		<LineStyle>
			<color>ff00ffff</color>
			<width>3</width>
		</LineStyle>
		<PolyStyle>
			<color>00ffffff</color>
		</PolyStyle>
	</Style>
	<Style id="sn_ylw-pushpin13">
		<IconStyle>
			<scale>1.1</scale>
			<Icon>
				<href>http://maps.google.com/mapfiles/kml/pushpin/ylw-pushpin.png</href>
			</Icon>
			<hotSpot x="20" y="2" xunits="pixels" yunits="pixels"/>
		</IconStyle>
		<LineStyle>
			<color>ff00aaff</color>
			<width>3</width>
		</LineStyle>
		<PolyStyle>
			<color>00ffffff</color>
		</PolyStyle>
	</Style>
	<Style id="sn_ylw-pushpin3103">
		<IconStyle>
			<scale>1.1</scale>
			<Icon>
				<href>http://maps.google.com/mapfiles/kml/pushpin/ylw-pushpin.png</href>
			</Icon>
			<hotSpot x="20" y="2" xunits="pixels" yunits="pixels"/>
		</IconStyle>
		<LineStyle>
			<width>3</width>
		</LineStyle>
		<PolyStyle>
			<color>00ffffff</color>
		</PolyStyle>
	</Style>
	<Style id="sn_ylw-pushpin31030">
		<IconStyle>
			<scale>1.1</scale>
			<Icon>
				<href>http://maps.google.com/mapfiles/kml/pushpin/ylw-pushpin.png</href>
			</Icon>
			<hotSpot x="20" y="2" xunits="pixels" yunits="pixels"/>
		</IconStyle>
		<LineStyle>
			<color>ff0000ff</color>
			<width>3</width>
		</LineStyle>
		<PolyStyle>
			<color>00ffffff</color>
		</PolyStyle>
	</Style>
	<Style id="sn_ylw-pushpin5018">
		<IconStyle>
			<scale>1.1</scale>
			<Icon>
				<href>http://maps.google.com/mapfiles/kml/pushpin/ylw-pushpin.png</href>
			</Icon>
			<hotSpot x="20" y="2" xunits="pixels" yunits="pixels"/>
		</IconStyle>
		<LineStyle>
			<color>ff00ffff</color>
			<width>3</width>
		</LineStyle>
		<PolyStyle>
			<color>00ffffff</color>
		</PolyStyle>
	</Style>
	<Style id="sn_ylw-pushpin7041">
		<IconStyle>
			<scale>1.1</scale>
			<Icon>
				<href>http://maps.google.com/mapfiles/kml/pushpin/ylw-pushpin.png</href>
			</Icon>
			<hotSpot x="20" y="2" xunits="pixels" yunits="pixels"/>
		</IconStyle>
		<LineStyle>
			<color>ff0055aa</color>
			<width>3</width>
		</LineStyle>
		<PolyStyle>
			<color>00ffffff</color>
		</PolyStyle>
	</Style>
	<Folder>
		<name>Cluster_12_ingreso_economico_20feb2023</name>
		<Folder>
			<name>A</name>
		</Folder>
		<Folder>
			<name>B</name>
			<Placemark>
				<name>1.11.30-4</name>
				<styleUrl>#msn_ylw-pushpin6016</styleUrl>
				<Polygon>
					<tessellate>1</tessellate>
					<outerBoundaryIs>
						<LinearRing>
							<coordinates>
								-71.50916163757626,-16.38276088242191,0 -71.50918109214881,-16.38287685314848,0 -71.50912704352305,-16.38294199406964,0 -71.50900259075922,-16.38300324057373,0 -71.50856776648521,-16.38248721159873,0 -71.50861089696961,-16.38245165169045,0 -71.50818273510423,-16.38197264869109,0 -71.50820232091935,-16.38194531354037,0 -71.50830049306707,-16.38186149968957,0 -71.50842657137277,-16.38183294823025,0 -71.50916163757626,-16.38276088242191,0 
							</coordinates>
						</LinearRing>
					</outerBoundaryIs>
				</Polygon>
			</Placemark>
		</Folder>
		<Folder>
			<name>C</name>
			<Placemark>
				<name>1.11.18-5</name>
				<styleUrl>#msn_ylw-pushpin13</styleUrl>
				<Polygon>
					<tessellate>1</tessellate>
					<outerBoundaryIs>
						<LinearRing>
							<coordinates>
								-71.51348206431305,-16.38157685531985,0 -71.51297093986291,-16.38195398583781,0 -71.51258332891915,-16.38151076759874,0 -71.51337425417267,-16.38095399944883,0 -71.5134135988818,-16.38101921528481,0 -71.51341342218018,-16.38116430925747,0 -71.51345302986525,-16.38133138392771,0 -71.51348206431305,-16.38157685531985,0 
							</coordinates>
						</LinearRing>
					</outerBoundaryIs>
				</Polygon>
			</Placemark>
			<Placemark>
				<name>1.11.18-6</name>
				<styleUrl>#msn_ylw-pushpin13</styleUrl>
				<Polygon>
					<tessellate>1</tessellate>
					<outerBoundaryIs>
						<LinearRing>
							<coordinates>
								-71.51337926541565,-16.3808350520131,0 -71.51251435513844,-16.38142463555182,0 -71.51215085844547,-16.3810007436527,0 -71.51310965193457,-16.38038477629054,0 -71.51337926541565,-16.3808350520131,0 
							</coordinates>
						</LinearRing>
					</outerBoundaryIs>
				</Polygon>
			</Placemark>
			<Placemark>
				<name>1.11.18-7</name>
				<styleUrl>#msn_ylw-pushpin13</styleUrl>
				<Polygon>
					<tessellate>1</tessellate>
					<outerBoundaryIs>
						<LinearRing>
							<coordinates>
								-71.51201592660024,-16.38107074401077,0 -71.51239658030634,-16.38152392147252,0 -71.51135067024246,-16.38222938525807,0 -71.51098829176631,-16.38179726818264,0 -71.51201592660024,-16.38107074401077,0 
							</coordinates>
						</LinearRing>
					</outerBoundaryIs>
				</Polygon>
			</Placemark>
			<Placemark>
				<name>1.11.18-8</name>
				<styleUrl>#msn_ylw-pushpin13</styleUrl>
				<Polygon>
					<tessellate>1</tessellate>
					<outerBoundaryIs>
						<LinearRing>
							<coordinates>
								-71.51245636408574,-16.38160571758311,0 -71.51282634915525,-16.38203994420915,0 -71.51180414591803,-16.38276020178026,0 -71.51143109243836,-16.38230893572498,0 -71.51245636408574,-16.38160571758311,0 
							</coordinates>
						</LinearRing>
					</outerBoundaryIs>
				</Polygon>
			</Placemark>
			<Placemark>
				<name>1.11.18-17</name>
				<styleUrl>#msn_ylw-pushpin13</styleUrl>
				<Polygon>
					<tessellate>1</tessellate>
					<outerBoundaryIs>
						<LinearRing>
							<coordinates>
								-71.51128956747853,-16.38238880936377,0 -71.51168360713839,-16.38283275524406,0 -71.51096292699962,-16.38332146322195,0 -71.51057248860522,-16.38359715873746,0 -71.51017647728057,-16.38315122537449,0 -71.51128956747853,-16.38238880936377,0 
							</coordinates>
						</LinearRing>
					</outerBoundaryIs>
				</Polygon>
			</Placemark>
			<Placemark>
				<name>1.11.18-18</name>
				<styleUrl>#msn_ylw-pushpin13</styleUrl>
				<Polygon>
					<tessellate>1</tessellate>
					<outerBoundaryIs>
						<LinearRing>
							<coordinates>
								-71.51086618729116,-16.38187226143457,0 -71.51123426145921,-16.38230992448399,0 -71.51043318019069,-16.38284955719078,0 -71.51012136150126,-16.38306513336471,0 -71.50974216991064,-16.38261187807125,0 -71.51086618729116,-16.38187226143457,0 
							</coordinates>
						</LinearRing>
					</outerBoundaryIs>
				</Polygon>
			</Placemark>
			<Placemark>
				<name>1.11.18-19</name>
				<styleUrl>#msn_ylw-pushpin13</styleUrl>
				<Polygon>
					<tessellate>1</tessellate>
					<outerBoundaryIs>
						<LinearRing>
							<coordinates>
								-71.51042347211583,-16.38133561898789,0 -71.51079029787712,-16.38177754355507,0 -71.51009000613004,-16.38226941514829,0 -71.50966427848181,-16.38253507170231,0 -71.50931036298759,-16.38209086397711,0 -71.51042347211583,-16.38133561898789,0 
							</coordinates>
						</LinearRing>
					</outerBoundaryIs>
				</Polygon>
			</Placemark>
			<Placemark>
				<name>1.11.18-20</name>
				<styleUrl>#msn_ylw-pushpin13</styleUrl>
				<Polygon>
					<tessellate>1</tessellate>
					<outerBoundaryIs>
						<LinearRing>
							<coordinates>
								-71.5115480406705,-16.38051098963799,0 -71.51194263508971,-16.38099071151441,0 -71.51091647787192,-16.38171511713399,0 -71.51055352128424,-16.3812724390317,0 -71.5115480406705,-16.38051098963799,0 
							</coordinates>
						</LinearRing>
					</outerBoundaryIs>
				</Polygon>
			</Placemark>
			<Placemark>
				<name>1.11.18-21</name>
				<styleUrl>#msn_ylw-pushpin13</styleUrl>
				<Polygon>
					<tessellate>1</tessellate>
					<outerBoundaryIs>
						<LinearRing>
							<coordinates>
								-71.5110593466221,-16.37994499945039,0 -71.51148190890149,-16.38041917758694,0 -71.51086469344102,-16.38090121777592,0 -71.51047971961795,-16.38118515446967,0 -71.5100866374414,-16.38071486811883,0 -71.5110593466221,-16.37994499945039,0 
							</coordinates>
						</LinearRing>
					</outerBoundaryIs>
				</Polygon>
			</Placemark>
			<Placemark>
				<name>1.11.18-22</name>
				<styleUrl>#msn_ylw-pushpin13</styleUrl>
				<Polygon>
					<tessellate>1</tessellate>
					<outerBoundaryIs>
						<LinearRing>
							<coordinates>
								-71.50996848098279,-16.38080973731647,0 -71.51035053861015,-16.38125545777559,0 -71.50974747652336,-16.38167216650551,0 -71.50923927593705,-16.38201668240202,0 -71.50918228096913,-16.38192528136384,0 -71.50893948355186,-16.38153656083068,0 -71.50996848098279,-16.38080973731647,0 
							</coordinates>
						</LinearRing>
					</outerBoundaryIs>
				</Polygon>
			</Placemark>
			<Placemark>
				<name>1.11.18-23</name>
				<styleUrl>#msn_ylw-pushpin13</styleUrl>
				<Polygon>
					<tessellate>1</tessellate>
					<outerBoundaryIs>
						<LinearRing>
							<coordinates>
								-71.5095319292376,-16.38027771709011,0 -71.50989438523213,-16.3807202776084,0 -71.50935905570418,-16.38111431762957,0 -71.50898013252464,-16.38138201744233,0 -71.50861427343811,-16.38092339705139,0 -71.5095319292376,-16.38027771709011,0 
							</coordinates>
						</LinearRing>
					</outerBoundaryIs>
				</Polygon>
			</Placemark>
			<Placemark>
				<name>1.11.18-24</name>
				<styleUrl>#msn_ylw-pushpin13</styleUrl>
				<Polygon>
					<tessellate>1</tessellate>
					<outerBoundaryIs>
						<LinearRing>
							<coordinates>
								-71.5105791522024,-16.37944165707483,0 -71.51097996342888,-16.3798714361734,0 -71.51039878346604,-16.38033417444208,0 -71.51002083391646,-16.38062737586018,0 -71.50963752871289,-16.38018457587295,0 -71.5105791522024,-16.37944165707483,0 
							</coordinates>
						</LinearRing>
					</outerBoundaryIs>
				</Polygon>
			</Placemark>
			<Placemark>
				<name>1.11.18-25</name>
				<styleUrl>#msn_ylw-pushpin13</styleUrl>
				<Polygon>
					<tessellate>1</tessellate>
					<outerBoundaryIs>
						<LinearRing>
							<coordinates>
								-71.51158540988571,-16.37864772759392,0 -71.5119728307323,-16.3790881913305,0 -71.5115102351066,-16.37946372027164,0 -71.51112310801098,-16.37978983979676,0 -71.51069028097427,-16.37935368033978,0 -71.51158540988571,-16.37864772759392,0 
							</coordinates>
						</LinearRing>
					</outerBoundaryIs>
				</Polygon>
			</Placemark>
			<Placemark>
				<name>1.11.18-26</name>
				<styleUrl>#msn_ylw-pushpin13</styleUrl>
				<Polygon>
					<tessellate>1</tessellate>
					<outerBoundaryIs>
						<LinearRing>
							<coordinates>
								-71.51113501087337,-16.37815085002777,0 -71.51151598559566,-16.37856978455851,0 -71.51062815180056,-16.37929640470001,0 -71.51021845543561,-16.37884855202942,0 -71.51113501087337,-16.37815085002777,0 
							</coordinates>
						</LinearRing>
					</outerBoundaryIs>
				</Polygon>
			</Placemark>
			<Placemark>
				<name>1.11.18-27</name>
				<styleUrl>#msn_ylw-pushpin13</styleUrl>
				<Polygon>
					<tessellate>1</tessellate>
					<outerBoundaryIs>
						<LinearRing>
							<coordinates>
								-71.51082872286679,-16.37779320501506,0 -71.51107926917393,-16.37808059402077,0 -71.51015981760602,-16.37879911273289,0 -71.50989281461223,-16.37850017551996,0 -71.51082872286679,-16.37779320501506,0 
							</coordinates>
						</LinearRing>
					</outerBoundaryIs>
				</Polygon>
			</Placemark>
			<Placemark>
				<name>1.11.18-28</name>
				<styleUrl>#msn_ylw-pushpin13</styleUrl>
				<Polygon>
					<tessellate>1</tessellate>
					<outerBoundaryIs>
						<LinearRing>
							<coordinates>
								-71.51054341865107,-16.37743680383738,0 -71.51078878298746,-16.37772151018182,0 -71.51036059613618,-16.37806159405907,0 -71.50985551000227,-16.378449417111,0 -71.50961087228426,-16.37815572999437,0 -71.51054341865107,-16.37743680383738,0 
							</coordinates>
						</LinearRing>
					</outerBoundaryIs>
				</Polygon>
			</Placemark>
			<Placemark>
				<name>1.11.19-4</name>
				<styleUrl>#msn_ylw-pushpin13</styleUrl>
				<Polygon>
					<tessellate>1</tessellate>
					<outerBoundaryIs>
						<LinearRing>
							<coordinates>
								-71.51392763013334,-16.37989094718044,0 -71.51395254815831,-16.38002339552886,0 -71.51395147869879,-16.38011022912467,0 -71.5139182979029,-16.38022816756168,0 -71.51384603847288,-16.3803384530395,0 -71.51379351816709,-16.3804243504287,0 -71.51367257077661,-16.38058693486491,0 -71.51351406489727,-16.38078798116357,0 -71.51346241903848,-16.38082712792114,0 -71.51340472473188,-16.38073665305723,0 -71.51376280529763,-16.38014636882808,0 -71.5138492250119,-16.38000673110408,0 -71.51377378236241,-16.37982342592486,0 -71.51386740889285,-16.37976500238727,0 -71.51392763013334,-16.37989094718044,0 
							</coordinates>
						</LinearRing>
					</outerBoundaryIs>
				</Polygon>
			</Placemark>
			<Placemark>
				<name>1.11.19-5</name>
				<styleUrl>#msn_ylw-pushpin13</styleUrl>
				<Polygon>
					<tessellate>1</tessellate>
					<outerBoundaryIs>
						<LinearRing>
							<coordinates>
								-71.51371481033027,-16.37985691456274,0 -71.51382560687989,-16.3799757047435,0 -71.51373269464831,-16.38007293120978,0 -71.51368236131751,-16.38017783841797,0 -71.5135667736529,-16.38036217872474,0 -71.51336036782379,-16.38067357881196,0 -71.51321917343581,-16.38043938715135,0 -71.51312641846781,-16.38030306523118,0 -71.51308938961336,-16.38025391015251,0 -71.51371481033027,-16.37985691456274,0 
							</coordinates>
						</LinearRing>
					</outerBoundaryIs>
				</Polygon>
			</Placemark>
			<Placemark>
				<name>1.11.20-1</name>
				<styleUrl>#msn_ylw-pushpin13</styleUrl>
				<Polygon>
					<tessellate>1</tessellate>
					<outerBoundaryIs>
						<LinearRing>
							<coordinates>
								-71.51256078314846,-16.38050188223313,0 -71.51243978173407,-16.38068395275472,0 -71.51246416745026,-16.38071331046186,0 -71.51239150161103,-16.38077346321992,0 -71.51231232535358,-16.38067487095791,0 -71.51225389852615,-16.38063520942941,0 -71.51219540689829,-16.38057906488278,0 -71.51217809413069,-16.38055838387904,0 -71.51216263595907,-16.38051121390015,0 -71.51215379457788,-16.38047864919146,0 -71.51211343277578,-16.3804341748322,0 -71.51209895025279,-16.38045833618338,0 -71.51214587462616,-16.38052342356087,0 -71.51214843410014,-16.38056239652103,0 -71.51218741361359,-16.3806142547395,0 -71.51227378793631,-16.38068916761558,0 -71.51237905144966,-16.38080904890235,0 -71.51228873720973,-16.38086504226588,0 -71.51211861729996,-16.38096671829502,0 -71.51172821614848,-16.38051061468151,0 -71.51151710569417,-16.3802605034695,0 -71.51195946809052,-16.37989898620166,0 -71.5121999723174,-16.38020912445018,0 -71.51256078314846,-16.38050188223313,0 
							</coordinates>
						</LinearRing>
					</outerBoundaryIs>
				</Polygon>
			</Placemark>
			<Placemark>
				<name>1.11.20-2</name>
				<styleUrl>#msn_ylw-pushpin13</styleUrl>
				<Polygon>
					<tessellate>1</tessellate>
					<outerBoundaryIs>
						<LinearRing>
							<coordinates>
								-71.51161155764824,-16.37949412647341,0 -71.51185375254209,-16.37977851984875,0 -71.5119056926401,-16.37986050777732,0 -71.51168581001275,-16.38002365521035,0 -71.51146074282727,-16.38019459877565,0 -71.51116286686727,-16.37984530716004,0 -71.51161155764824,-16.37949412647341,0 
							</coordinates>
						</LinearRing>
					</outerBoundaryIs>
				</Polygon>
			</Placemark>
			<Placemark>
				<name>1.11.20-3</name>
				<styleUrl>#msn_ylw-pushpin13</styleUrl>
				<Polygon>
					<tessellate>1</tessellate>
					<outerBoundaryIs>
						<LinearRing>
							<coordinates>
								-71.51228099945153,-16.37893856841892,0 -71.51242091149444,-16.37910398403523,0 -71.51206784770851,-16.37935744593586,0 -71.51220019106661,-16.37957168532828,0 -71.5123359169711,-16.37977563224039,0 -71.51238224321717,-16.37984194530498,0 -71.51212906387853,-16.3800212171287,0 -71.51187011412188,-16.37971706896511,0 -71.51166245548518,-16.379460416378,0 -71.51228099945153,-16.37893856841892,0 
							</coordinates>
						</LinearRing>
					</outerBoundaryIs>
				</Polygon>
			</Placemark>
			<Placemark>
				<name>1.11.20-5</name>
				<styleUrl>#msn_ylw-pushpin13</styleUrl>
				<Polygon>
					<tessellate>1</tessellate>
					<outerBoundaryIs>
						<LinearRing>
							<coordinates>
								-71.51305327148465,-16.37985225836089,0 -71.51323137520707,-16.38012896488193,0 -71.51300401829327,-16.38024522425448,0 -71.51308254680551,-16.38035863739515,0 -71.51286332546485,-16.38050081132139,0 -71.51260463781357,-16.38067787985668,0 -71.51250551958397,-16.38074586039908,0 -71.5124679750779,-16.38069315340384,0 -71.51252763606365,-16.38060832495122,0 -71.51256370539031,-16.38058697344962,0 -71.51263610815235,-16.3804816232542,0 -71.5128571671855,-16.38031132532244,0 -71.51282599963554,-16.38026740682641,0 -71.51280201492872,-16.38027728195948,0 -71.51268981439053,-16.38005301840878,0 -71.51305327148465,-16.37985225836089,0 
							</coordinates>
						</LinearRing>
					</outerBoundaryIs>
				</Polygon>
			</Placemark>
			<Placemark>
				<name>1.11.20-6</name>
				<styleUrl>#msn_ylw-pushpin13</styleUrl>
				<Polygon>
					<tessellate>1</tessellate>
					<outerBoundaryIs>
						<LinearRing>
							<coordinates>
								-71.51282577806165,-16.37949498897934,0 -71.51302189439892,-16.37980594683196,0 -71.51265601365893,-16.38002272229219,0 -71.51245957672076,-16.37971449644475,0 -71.51282577806165,-16.37949498897934,0 
							</coordinates>
						</LinearRing>
					</outerBoundaryIs>
				</Polygon>
			</Placemark>
			<Placemark>
				<name>1.11.20-7</name>
				<styleUrl>#msn_ylw-pushpin13</styleUrl>
				<Polygon>
					<tessellate>1</tessellate>
					<outerBoundaryIs>
						<LinearRing>
							<coordinates>
								-71.51263217980687,-16.37912063099648,0 -71.51272804728848,-16.37928460854685,0 -71.51281266336608,-16.3794617267132,0 -71.51235202068852,-16.3797347902979,0 -71.5121181891104,-16.37936593826798,0 -71.51263217980687,-16.37912063099648,0 
							</coordinates>
						</LinearRing>
					</outerBoundaryIs>
				</Polygon>
			</Placemark>
			<Placemark>
				<name>1.11.20-8</name>
				<styleUrl>#msn_ylw-pushpin13</styleUrl>
				<Polygon>
					<tessellate>1</tessellate>
					<outerBoundaryIs>
						<LinearRing>
							<coordinates>
								-71.51261170882199,-16.379048794515,0 -71.5124990505539,-16.37912398516864,0 -71.51231418870297,-16.37891092010033,0 -71.51244446519839,-16.37880702966698,0 -71.51255623422338,-16.37891701365488,0 -71.51263939114421,-16.37897967306634,0 -71.51261170882199,-16.379048794515,0 
							</coordinates>
						</LinearRing>
					</outerBoundaryIs>
				</Polygon>
			</Placemark>
			<Placemark>
				<name>1.11.20-10</name>
				<styleUrl>#msn_ylw-pushpin13</styleUrl>
				<Polygon>
					<tessellate>1</tessellate>
					<outerBoundaryIs>
						<LinearRing>
							<coordinates>
								-71.51351577886686,-16.37929062740972,0 -71.5136250966665,-16.37942319375378,0 -71.51353861317058,-16.37948513615524,0 -71.51345677399334,-16.37954959024922,0 -71.51331527833689,-16.37964466452732,0 -71.51305919505984,-16.37978684733292,0 -71.51287731709762,-16.37948684779884,0 -71.51303586671918,-16.3793988924665,0 -71.51311160785529,-16.3793509721409,0 -71.51324023075126,-16.37926050257899,0 -71.51338446250277,-16.37917121418351,0 -71.51351577886686,-16.37929062740972,0 
							</coordinates>
						</LinearRing>
					</outerBoundaryIs>
				</Polygon>
			</Placemark>
			<Placemark>
				<name>1.11.20-11</name>
				<styleUrl>#msn_ylw-pushpin13</styleUrl>
				<Polygon>
					<tessellate>1</tessellate>
					<outerBoundaryIs>
						<LinearRing>
							<coordinates>
								-71.51385842943371,-16.37972959850693,0 -71.51370774135387,-16.37982186759599,0 -71.51366263244171,-16.37983094682791,0 -71.51348769409958,-16.37996495740019,0 -71.51327454721164,-16.38009706857022,0 -71.51308225472489,-16.37981992124769,0 -71.51331514161683,-16.37968510714343,0 -71.51354421214826,-16.37953880019034,0 -71.51365172328227,-16.37947070358856,0 -71.51385842943371,-16.37972959850693,0 
							</coordinates>
						</LinearRing>
					</outerBoundaryIs>
				</Polygon>
			</Placemark>
			<Placemark>
				<name>1.11.21-1</name>
				<styleUrl>#msn_ylw-pushpin13</styleUrl>
				<Polygon>
					<tessellate>1</tessellate>
					<outerBoundaryIs>
						<LinearRing>
							<coordinates>
								-71.51237185226829,-16.37874607143515,0 -71.51204671482306,-16.37903662236535,0 -71.5111756260449,-16.37805218050718,0 -71.51153258971979,-16.3777812030725,0 -71.51193053935101,-16.37825769880076,0 -71.51237185226829,-16.37874607143515,0 
							</coordinates>
						</LinearRing>
					</outerBoundaryIs>
				</Polygon>
			</Placemark>
			<Placemark>
				<name>1.11.21-2</name>
				<styleUrl>#msn_ylw-pushpin13</styleUrl>
				<Polygon>
					<tessellate>1</tessellate>
					<outerBoundaryIs>
						<LinearRing>
							<coordinates>
								-71.5117380025075,-16.37747395273254,0 -71.51174494055753,-16.37755795958377,0 -71.51164450327659,-16.37764715545257,0 -71.511463233409,-16.37778860406794,0 -71.5111624325575,-16.3780191702512,0 -71.51089996397928,-16.37772032891761,0 -71.51120367301874,-16.37750641709755,0 -71.51139260823049,-16.3773493359606,0 -71.51154600100729,-16.37722580227547,0 -71.5117380025075,-16.37747395273254,0 
							</coordinates>
						</LinearRing>
					</outerBoundaryIs>
				</Polygon>
			</Placemark>
			<Placemark>
				<name>1.11.21-3</name>
				<styleUrl>#msn_ylw-pushpin13</styleUrl>
				<Polygon>
					<tessellate>1</tessellate>
					<outerBoundaryIs>
						<LinearRing>
							<coordinates>
								-71.51123969498802,-16.37689732121593,0 -71.51140115179817,-16.37702411378508,0 -71.51149158664848,-16.3771865280472,0 -71.5111260065983,-16.37747163380334,0 -71.5108521200323,-16.37767601114994,0 -71.51060240841028,-16.37737727497144,0 -71.51123969498802,-16.37689732121593,0 
							</coordinates>
						</LinearRing>
					</outerBoundaryIs>
				</Polygon>
			</Placemark>
			<Placemark>
				<name>1.11.23-1</name>
				<styleUrl>#msn_ylw-pushpin13</styleUrl>
				<Polygon>
					<tessellate>1</tessellate>
					<outerBoundaryIs>
						<LinearRing>
							<coordinates>
								-71.50602965538475,-16.37842972624397,0 -71.50614075594514,-16.37853275312625,0 -71.50602228965256,-16.37866950264397,0 -71.50594226528611,-16.3785990256873,0 -71.505347715206,-16.3784556230874,0 -71.50539632053155,-16.37829611278585,0 -71.50537077350158,-16.37827993616845,0 -71.50533930055371,-16.3783850132473,0 -71.50522930384719,-16.37834978742428,0 -71.505273117737,-16.37821510296018,0 -71.50535647475229,-16.37823549428049,0 -71.5054676040717,-16.37827994422427,0 -71.50602965538475,-16.37842972624397,0 
							</coordinates>
						</LinearRing>
					</outerBoundaryIs>
				</Polygon>
			</Placemark>
			<Placemark>
				<name>1.11.24-1</name>
				<styleUrl>#msn_ylw-pushpin13</styleUrl>
				<Polygon>
					<tessellate>1</tessellate>
					<outerBoundaryIs>
						<LinearRing>
							<coordinates>
								-71.50671410333054,-16.37851093425556,0 -71.50638238060868,-16.37890984149682,0 -71.5062278445649,-16.37848456458443,0 -71.50588276033336,-16.37828233526289,0 -71.50583474061322,-16.37833077605559,0 -71.50569317494181,-16.37829460341561,0 -71.5055898734234,-16.37824774629559,0 -71.50554856984682,-16.37815648502841,0 -71.505572955293,-16.37808900943099,0 -71.50577897063047,-16.3778371007468,0 -71.50671410333054,-16.37851093425556,0 
							</coordinates>
						</LinearRing>
					</outerBoundaryIs>
				</Polygon>
			</Placemark>
			<Placemark>
				<name>1.11.24-2</name>
				<styleUrl>#msn_ylw-pushpin13</styleUrl>
				<Polygon>
					<tessellate>1</tessellate>
					<outerBoundaryIs>
						<LinearRing>
							<coordinates>
								-71.50670025792324,-16.37898634799413,0 -71.50649525586952,-16.37883971367445,0 -71.50670639294485,-16.37860212961671,0 -71.50690561344904,-16.37873789801601,0 -71.50670025792324,-16.37898634799413,0 
							</coordinates>
						</LinearRing>
					</outerBoundaryIs>
				</Polygon>
			</Placemark>
			<Placemark>
				<name>1.11.24-3</name>
				<styleUrl>#msn_ylw-pushpin13</styleUrl>
				<Polygon>
					<tessellate>1</tessellate>
					<outerBoundaryIs>
						<LinearRing>
							<coordinates>
								-71.507035577525,-16.37855995229604,0 -71.50695379215152,-16.378662456906,0 -71.50678525009602,-16.3785344043803,0 -71.50687146098122,-16.37842805591362,0 -71.507035577525,-16.37855995229604,0 
							</coordinates>
						</LinearRing>
					</outerBoundaryIs>
				</Polygon>
			</Placemark>
			<Placemark>
				<name>1.11.24-4</name>
				<styleUrl>#msn_ylw-pushpin13</styleUrl>
				<Polygon>
					<tessellate>1</tessellate>
					<outerBoundaryIs>
						<LinearRing>
							<coordinates>
								-71.50748835113757,-16.37891705799723,0 -71.50739507246594,-16.37904152423084,0 -71.5069635766461,-16.37871972905643,0 -71.50706108719591,-16.37858783583437,0 -71.50748835113757,-16.37891705799723,0 
							</coordinates>
						</LinearRing>
					</outerBoundaryIs>
				</Polygon>
			</Placemark>
			<Placemark>
				<name>1.11.24-5</name>
				<styleUrl>#msn_ylw-pushpin13</styleUrl>
				<Polygon>
					<tessellate>1</tessellate>
					<outerBoundaryIs>
						<LinearRing>
							<coordinates>
								-71.50722848504238,-16.37898307712493,0 -71.50730810012961,-16.37906507539696,0 -71.50715678418065,-16.37917804522939,0 -71.50711879527144,-16.37917808497093,0 -71.50705437502771,-16.37924858147556,0 -71.50674152304262,-16.37901132716421,0 -71.5069329959864,-16.37877034153813,0 -71.50722848504238,-16.37898307712493,0 
							</coordinates>
						</LinearRing>
					</outerBoundaryIs>
				</Polygon>
			</Placemark>
			<Placemark>
				<name>1.11.24-6</name>
				<styleUrl>#msn_ylw-pushpin13</styleUrl>
				<Polygon>
					<tessellate>1</tessellate>
					<outerBoundaryIs>
						<LinearRing>
							<coordinates>
								-71.50702286402543,-16.37928347669094,0 -71.50693299798147,-16.37940828378831,0 -71.50681529988668,-16.37934541248042,0 -71.5067037363886,-16.37946683748939,0 -71.50627924018445,-16.37924772121712,0 -71.50638084659479,-16.37902010395012,0 -71.50648415046287,-16.3788887889416,0 -71.50702286402543,-16.37928347669094,0 
							</coordinates>
						</LinearRing>
					</outerBoundaryIs>
				</Polygon>
			</Placemark>
			<Placemark>
				<name>1.11.25-1</name>
				<styleUrl>#msn_ylw-pushpin13</styleUrl>
				<Polygon>
					<tessellate>1</tessellate>
					<outerBoundaryIs>
						<LinearRing>
							<coordinates>
								-71.50851573350792,-16.37844510425364,0 -71.50835931784593,-16.37861421420316,0 -71.50743509718393,-16.37785693163577,0 -71.50760038537699,-16.37767355899415,0 -71.50851573350792,-16.37844510425364,0 
							</coordinates>
						</LinearRing>
					</outerBoundaryIs>
				</Polygon>
			</Placemark>
			<Placemark>
				<name>1.11.25-2</name>
				<styleUrl>#msn_ylw-pushpin13</styleUrl>
				<Polygon>
					<tessellate>1</tessellate>
					<outerBoundaryIs>
						<LinearRing>
							<coordinates>
								-71.50800157018959,-16.37901290593479,0 -71.50763379523686,-16.37886133934504,0 -71.50803143515607,-16.37839552497535,0 -71.50834049390193,-16.37864114149391,0 -71.50800157018959,-16.37901290593479,0 
							</coordinates>
						</LinearRing>
					</outerBoundaryIs>
				</Polygon>
			</Placemark>
			<Placemark>
				<name>1.11.25-5</name>
				<styleUrl>#msn_ylw-pushpin13</styleUrl>
				<Polygon>
					<tessellate>1</tessellate>
					<outerBoundaryIs>
						<LinearRing>
							<coordinates>
								-71.50693094105775,-16.37737043095671,0 -71.50680240157467,-16.37750929201858,0 -71.50661609353982,-16.37736490163826,0 -71.50633612590178,-16.37772380327933,0 -71.50699037307012,-16.37822924004714,0 -71.50678435084146,-16.37845904784773,0 -71.50603498441015,-16.37792778425063,0 -71.50582910082746,-16.37778238439403,0 -71.50641882022792,-16.3770044062625,0 -71.50693094105775,-16.37737043095671,0 
							</coordinates>
						</LinearRing>
					</outerBoundaryIs>
				</Polygon>
			</Placemark>
			<Placemark>
				<name>1.11.26-1</name>
				<styleUrl>#msn_ylw-pushpin13</styleUrl>
				<Polygon>
					<tessellate>1</tessellate>
					<outerBoundaryIs>
						<LinearRing>
							<coordinates>
								-71.50861614300564,-16.38081370550527,0 -71.50823408524114,-16.38073092176028,0 -71.50747798015311,-16.38064124330662,0 -71.50750059490079,-16.37957521953884,0 -71.50832261220671,-16.37957527820027,0 -71.50895344356836,-16.37987985228014,0 -71.50930429242285,-16.37983454101445,0 -71.50940772231571,-16.37985395968814,0 -71.50973481380322,-16.3797017903677,0 -71.50988302848916,-16.37986022305483,0 -71.50861614300564,-16.38081370550527,0 
							</coordinates>
						</LinearRing>
					</outerBoundaryIs>
				</Polygon>
			</Placemark>
			<Placemark>
				<name>1.11.26-2</name>
				<styleUrl>#msn_ylw-pushpin13</styleUrl>
				<Polygon>
					<tessellate>1</tessellate>
					<outerBoundaryIs>
						<LinearRing>
							<coordinates>
								-71.50991250197222,-16.37984419037303,0 -71.50983323466573,-16.37973304577028,0 -71.50972113923341,-16.37961139840592,0 -71.50959302110391,-16.37947625212366,0 -71.50989695779646,-16.37922627772187,0 -71.50995064409175,-16.37893020744112,0 -71.51006952027203,-16.37897944956199,0 -71.51027061844871,-16.37911335337973,0 -71.51051616366253,-16.37937473054867,0 -71.50991250197222,-16.37984419037303,0 
							</coordinates>
						</LinearRing>
					</outerBoundaryIs>
				</Polygon>
			</Placemark>
			<Placemark>
				<name>1.11.26-4</name>
				<styleUrl>#msn_ylw-pushpin13</styleUrl>
				<Polygon>
					<tessellate>1</tessellate>
					<outerBoundaryIs>
						<LinearRing>
							<coordinates>
								-71.50967545810668,-16.37964039016186,0 -71.50954617660763,-16.37975881773072,0 -71.50920888983256,-16.3795811234994,0 -71.50903620113192,-16.37940272401367,0 -71.50927823811547,-16.37915667782044,0 -71.50967545810668,-16.37964039016186,0 
							</coordinates>
						</LinearRing>
					</outerBoundaryIs>
				</Polygon>
			</Placemark>
			<Placemark>
				<name>1.11.26-5</name>
				<styleUrl>#msn_ylw-pushpin13</styleUrl>
				<Polygon>
					<tessellate>1</tessellate>
					<outerBoundaryIs>
						<LinearRing>
							<coordinates>
								-71.50899397185094,-16.37938981731458,0 -71.50858762311418,-16.37922073460895,0 -71.50899831035836,-16.37885294669524,0 -71.50923671948662,-16.37913578302065,0 -71.50899397185094,-16.37938981731458,0 
							</coordinates>
						</LinearRing>
					</outerBoundaryIs>
				</Polygon>
			</Placemark>
			<Placemark>
				<name>1.11.27-1</name>
				<styleUrl>#msn_ylw-pushpin13</styleUrl>
				<Polygon>
					<tessellate>1</tessellate>
					<outerBoundaryIs>
						<LinearRing>
							<coordinates>
								-71.50695962077728,-16.38069428709398,0 -71.50702534991683,-16.38114677247124,0 -71.50595372339583,-16.38113653922647,0 -71.50577472333939,-16.38093089756933,0 -71.50576688901157,-16.38069280045696,0 -71.50695962077728,-16.38069428709398,0 
							</coordinates>
						</LinearRing>
					</outerBoundaryIs>
				</Polygon>
			</Placemark>
			<Placemark>
				<name>1.11.27-4</name>
				<styleUrl>#msn_ylw-pushpin13</styleUrl>
				<Polygon>
					<tessellate>1</tessellate>
					<outerBoundaryIs>
						<LinearRing>
							<coordinates>
								-71.50635874317717,-16.38006585300749,0 -71.50627051245662,-16.38028680700501,0 -71.50595985600162,-16.38010088251397,0 -71.50603519632604,-16.37988289295874,0 -71.50635874317717,-16.38006585300749,0 
							</coordinates>
						</LinearRing>
					</outerBoundaryIs>
				</Polygon>
			</Placemark>
			<Placemark>
				<name>1.11.27-5</name>
				<styleUrl>#msn_ylw-pushpin13</styleUrl>
				<Polygon>
					<tessellate>1</tessellate>
					<outerBoundaryIs>
						<LinearRing>
							<coordinates>
								-71.50604466795407,-16.38057307145763,0 -71.50584034675794,-16.38051334166958,0 -71.50594997267999,-16.38012247801911,0 -71.5062603355971,-16.38030416617629,0 -71.50604466795407,-16.38057307145763,0 
							</coordinates>
						</LinearRing>
					</outerBoundaryIs>
				</Polygon>
			</Placemark>
			<Placemark>
				<name>1.11.27-6</name>
				<styleUrl>#msn_ylw-pushpin13</styleUrl>
				<Polygon>
					<tessellate>1</tessellate>
					<outerBoundaryIs>
						<LinearRing>
							<coordinates>
								-71.50648283006086,-16.37995367401195,0 -71.50644605828599,-16.38028343251526,0 -71.50643092953455,-16.3806248395369,0 -71.50607912331429,-16.38060928187714,0 -71.50608418974387,-16.38056283578864,0 -71.50626607985565,-16.38033801425653,0 -71.50635816906839,-16.38010219426454,0 -71.50643063866303,-16.37994289707099,0 -71.50648283006086,-16.37995367401195,0 
							</coordinates>
						</LinearRing>
					</outerBoundaryIs>
				</Polygon>
			</Placemark>
			<Placemark>
				<name>1.11.27-7</name>
				<styleUrl>#msn_ylw-pushpin13</styleUrl>
				<Polygon>
					<tessellate>1</tessellate>
					<outerBoundaryIs>
						<LinearRing>
							<coordinates>
								-71.50688025198815,-16.3799494119682,0 -71.5068632340087,-16.38062073623708,0 -71.50647710842965,-16.38062180904041,0 -71.50650220760795,-16.37994690665444,0 -71.50688025198815,-16.3799494119682,0 
							</coordinates>
						</LinearRing>
					</outerBoundaryIs>
				</Polygon>
			</Placemark>
			<Placemark>
				<name>1.11.27-8</name>
				<styleUrl>#msn_ylw-pushpin13</styleUrl>
				<Polygon>
					<tessellate>1</tessellate>
					<outerBoundaryIs>
						<LinearRing>
							<coordinates>
								-71.50664448870351,-16.37993672186851,0 -71.50649850339597,-16.37993980977663,0 -71.50642890007796,-16.37992266431231,0 -71.50653536652851,-16.37965057658261,0 -71.50677012784996,-16.37943106012132,0 -71.50688992003039,-16.37955146931924,0 -71.50668356728963,-16.3797127026169,0 -71.50664448870351,-16.37993672186851,0 
							</coordinates>
						</LinearRing>
					</outerBoundaryIs>
				</Polygon>
			</Placemark>
			<Placemark>
				<name>1.11.27-9</name>
				<styleUrl>#msn_ylw-pushpin13</styleUrl>
				<Polygon>
					<tessellate>1</tessellate>
					<outerBoundaryIs>
						<LinearRing>
							<coordinates>
								-71.50742706458884,-16.37936384522376,0 -71.50744765801727,-16.37956712690717,0 -71.5069853555076,-16.37956708809137,0 -71.50697469341395,-16.37940238376209,0 -71.50705440615489,-16.37926920232844,0 -71.50717863495035,-16.37931997879593,0 -71.50742706458884,-16.37936384522376,0 
							</coordinates>
						</LinearRing>
					</outerBoundaryIs>
				</Polygon>
			</Placemark>
			<Placemark>
				<name>1.11.27-10</name>
				<styleUrl>#msn_ylw-pushpin13</styleUrl>
				<Polygon>
					<tessellate>1</tessellate>
					<outerBoundaryIs>
						<LinearRing>
							<coordinates>
								-71.50733749506958,-16.37959454778281,0 -71.50731438945074,-16.38064350813589,0 -71.50692812093808,-16.38063457827277,0 -71.50695518852835,-16.37959048280894,0 -71.50733749506958,-16.37959454778281,0 
							</coordinates>
						</LinearRing>
					</outerBoundaryIs>
				</Polygon>
			</Placemark>
			<Placemark>
				<name>1.11.27-11</name>
				<styleUrl>#msn_ylw-pushpin13</styleUrl>
				<Polygon>
					<tessellate>1</tessellate>
					<outerBoundaryIs>
						<LinearRing>
							<coordinates>
								-71.50653468395417,-16.37963570339256,0 -71.50637315682266,-16.38005078129586,0 -71.50604402408493,-16.37985842538236,0 -71.50627972727375,-16.37929561237979,0 -71.50663177738335,-16.37952503545821,0 -71.50653468395417,-16.37963570339256,0 
							</coordinates>
						</LinearRing>
					</outerBoundaryIs>
				</Polygon>
			</Placemark>
			<Placemark>
				<name>1.11.29-1</name>
				<styleUrl>#msn_ylw-pushpin13</styleUrl>
				<Polygon>
					<tessellate>1</tessellate>
					<outerBoundaryIs>
						<LinearRing>
							<coordinates>
								-71.51050334265548,-16.38367024239112,0 -71.51044430227219,-16.38370575463969,0 -71.51021208906798,-16.38373286891421,0 -71.50985641840792,-16.3833590725292,0 -71.50973684603899,-16.38320216855165,0 -71.50974082625326,-16.3831526851423,0 -71.50936435321555,-16.38269996243319,0 -71.5090149437824,-16.38231554526332,0 -71.50924787451829,-16.38213314655065,0 -71.50973951264362,-16.38275304793649,0 -71.51050334265548,-16.38367024239112,0 
							</coordinates>
						</LinearRing>
					</outerBoundaryIs>
				</Polygon>
			</Placemark>
			<Placemark>
				<name>1.11.29-2</name>
				<styleUrl>#msn_ylw-pushpin13</styleUrl>
				<Polygon>
					<tessellate>1</tessellate>
					<outerBoundaryIs>
						<LinearRing>
							<coordinates>
								-71.50923356546535,-16.38211522936522,0 -71.50897901465916,-16.38228717961935,0 -71.50856404190608,-16.38176191786099,0 -71.5088527356378,-16.38158239016264,0 -71.50923356546535,-16.38211522936522,0 
							</coordinates>
						</LinearRing>
					</outerBoundaryIs>
				</Polygon>
			</Placemark>
			<Placemark>
				<name>1.11.29-3</name>
				<styleUrl>#msn_ylw-pushpin13</styleUrl>
				<Polygon>
					<tessellate>1</tessellate>
					<outerBoundaryIs>
						<LinearRing>
							<coordinates>
								-71.5088033412344,-16.38151894881126,0 -71.50851908046363,-16.3817428872613,0 -71.50824334858849,-16.38149187262187,0 -71.50815383526852,-16.38142743204219,0 -71.50808126467184,-16.38139526193112,0 -71.50799212461715,-16.38138183767424,0 -71.50706678961456,-16.38120841236289,0 -71.50699988385736,-16.38073406979985,0 -71.50737253156949,-16.38072537577839,0 -71.50753423430184,-16.38072954275675,0 -71.50777645825683,-16.38077557811118,0 -71.50809792087719,-16.38082452168822,0 -71.5082202051789,-16.38085115369872,0 -71.50833965379405,-16.38091523645641,0 -71.5088033412344,-16.38151894881126,0 
							</coordinates>
						</LinearRing>
					</outerBoundaryIs>
				</Polygon>
			</Placemark>
			<Placemark>
				<name>1.11.30-1</name>
				<styleUrl>#msn_ylw-pushpin13</styleUrl>
				<Polygon>
					<tessellate>1</tessellate>
					<outerBoundaryIs>
						<LinearRing>
							<coordinates>
								-71.50810848883094,-16.38169210509555,0 -71.50825365721049,-16.38183846030971,0 -71.50797745823334,-16.38201111723124,0 -71.50764897401606,-16.38212587345115,0 -71.50759655249202,-16.38210195457086,0 -71.50774070482331,-16.38181970644716,0 -71.50793824980995,-16.38163070239144,0 -71.50810848883094,-16.38169210509555,0 
							</coordinates>
						</LinearRing>
					</outerBoundaryIs>
				</Polygon>
			</Placemark>
			<Placemark>
				<name>1.11.30-2</name>
				<styleUrl>#msn_ylw-pushpin13</styleUrl>
				<Polygon>
					<tessellate>1</tessellate>
					<outerBoundaryIs>
						<LinearRing>
							<coordinates>
								-71.50788189135875,-16.3815830265705,0 -71.50770017851298,-16.38178769447703,0 -71.50764528387107,-16.38190597836139,0 -71.50744261643629,-16.38178381468389,0 -71.50728912660598,-16.3817070699059,0 -71.50727929409911,-16.38175540290228,0 -71.50742623011143,-16.38182619551857,0 -71.50761449372418,-16.38195896737059,0 -71.50751287015868,-16.38218056766897,0 -71.50719283560882,-16.38184881591806,0 -71.50724399856499,-16.38167207667739,0 -71.50696797758296,-16.3815878722381,0 -71.50661055460202,-16.38160774679779,0 -71.50661590334984,-16.38144746740455,0 -71.50694249636499,-16.3814224471362,0 -71.5072492752537,-16.38141286086389,0 -71.5076033093507,-16.38150284860849,0 -71.50788189135875,-16.3815830265705,0 
							</coordinates>
						</LinearRing>
					</outerBoundaryIs>
				</Polygon>
			</Placemark>
			<Placemark>
				<name>1.11.30-3</name>
				<styleUrl>#msn_ylw-pushpin13</styleUrl>
				<Polygon>
					<tessellate>1</tessellate>
					<outerBoundaryIs>
						<LinearRing>
							<coordinates>
								-71.5065822853657,-16.38144485398979,0 -71.5065423153749,-16.38165090919822,0 -71.50594709944683,-16.38157280763359,0 -71.50574224642624,-16.38153649953488,0 -71.505594603273,-16.38149859992061,0 -71.50561379516506,-16.38129840059051,0 -71.50598173214766,-16.38135393336668,0 -71.5065822853657,-16.38144485398979,0 
							</coordinates>
						</LinearRing>
					</outerBoundaryIs>
				</Polygon>
			</Placemark>
			<Placemark>
				<name>1.11.30-5</name>
				<styleUrl>#msn_ylw-pushpin13</styleUrl>
				<Polygon>
					<tessellate>1</tessellate>
					<outerBoundaryIs>
						<LinearRing>
							<coordinates>
								-71.50875019078096,-16.38318188890368,0 -71.50808462891288,-16.38244909668823,0 -71.50833356492365,-16.38225653867958,0 -71.50842810169341,-16.38234545878505,0 -71.50831831198589,-16.38243384306075,0 -71.5089083109345,-16.38307486811791,0 -71.50875019078096,-16.38318188890368,0 
							</coordinates>
						</LinearRing>
					</outerBoundaryIs>
				</Polygon>
			</Placemark>
			<Placemark>
				<name>1.11.32-1</name>
				<styleUrl>#msn_ylw-pushpin13</styleUrl>
				<Polygon>
					<tessellate>1</tessellate>
					<outerBoundaryIs>
						<LinearRing>
							<coordinates>
								-71.5091676023436,-16.38305467120657,0 -71.50925473192225,-16.38313240965419,0 -71.50914320707439,-16.38323426565427,0 -71.50888829249938,-16.38335344965149,0 -71.50881203842179,-16.38326574062489,0 -71.5091676023436,-16.38305467120657,0 
							</coordinates>
						</LinearRing>
					</outerBoundaryIs>
				</Polygon>
			</Placemark>
			<Placemark>
				<name>1.11.32-2</name>
				<styleUrl>#msn_ylw-pushpin13</styleUrl>
				<Polygon>
					<tessellate>1</tessellate>
					<outerBoundaryIs>
						<LinearRing>
							<coordinates>
								-71.50854217721127,-16.3834742682443,0 -71.50837155953455,-16.38329959032131,0 -71.50812606950554,-16.38311011764088,0 -71.50816523549284,-16.38305659000537,0 -71.50840131869816,-16.38315106647857,0 -71.50852661020691,-16.38322963930506,0 -71.50866460092602,-16.38311607602797,0 -71.50880714885209,-16.38325589241444,0 -71.50854217721127,-16.3834742682443,0 
							</coordinates>
						</LinearRing>
					</outerBoundaryIs>
				</Polygon>
			</Placemark>
			<Placemark>
				<name>1.11.32-3</name>
				<styleUrl>#msn_ylw-pushpin13</styleUrl>
				<Polygon>
					<tessellate>1</tessellate>
					<outerBoundaryIs>
						<LinearRing>
							<coordinates>
								-71.50860856943802,-16.38307892732596,0 -71.50865422392957,-16.38311510354542,0 -71.50852785950838,-16.38322136317229,0 -71.50838525489485,-16.38311634418931,0 -71.50813634296537,-16.38300568190376,0 -71.50801276168569,-16.38293587343555,0 -71.5076586290127,-16.38256811157662,0 -71.50793559509538,-16.3823436742057,0 -71.50860856943802,-16.38307892732596,0 
							</coordinates>
						</LinearRing>
					</outerBoundaryIs>
				</Polygon>
			</Placemark>
			<Placemark>
				<name>1.11.32-4</name>
				<styleUrl>#msn_ylw-pushpin13</styleUrl>
				<Polygon>
					<tessellate>1</tessellate>
					<outerBoundaryIs>
						<LinearRing>
							<coordinates>
								-71.50834715530399,-16.3822292578827,0 -71.50807447703257,-16.38244365380084,0 -71.50796561629828,-16.38232260110065,0 -71.50818716292845,-16.38214623148041,0 -71.50834715530399,-16.3822292578827,0 
							</coordinates>
						</LinearRing>
					</outerBoundaryIs>
				</Polygon>
			</Placemark>
			<Placemark>
				<name>1.11.32-5</name>
				<styleUrl>#msn_ylw-pushpin13</styleUrl>
				<Polygon>
					<tessellate>1</tessellate>
					<outerBoundaryIs>
						<LinearRing>
							<coordinates>
								-71.50816390811734,-16.38214075485021,0 -71.50802406443628,-16.38225780765107,0 -71.50788137338016,-16.38210878055999,0 -71.50800009359617,-16.38204560764686,0 -71.50816390811734,-16.38214075485021,0 
							</coordinates>
						</LinearRing>
					</outerBoundaryIs>
				</Polygon>
			</Placemark>
			<Placemark>
				<name>1.11.32-6</name>
				<styleUrl>#msn_ylw-pushpin13</styleUrl>
				<Polygon>
					<tessellate>1</tessellate>
					<outerBoundaryIs>
						<LinearRing>
							<coordinates>
								-71.5078510146234,-16.38212077545847,0 -71.50797047733425,-16.38225782828566,0 -71.50778172672406,-16.38242179361465,0 -71.50763762299478,-16.38254594664151,0 -71.50751103475524,-16.38239526842809,0 -71.50760118503872,-16.38222354705422,0 -71.50763411232818,-16.38219463835157,0 -71.5078510146234,-16.38212077545847,0 
							</coordinates>
						</LinearRing>
					</outerBoundaryIs>
				</Polygon>
			</Placemark>
			<Placemark>
				<name>1.11.32-7</name>
				<styleUrl>#msn_ylw-pushpin13</styleUrl>
				<Polygon>
					<tessellate>1</tessellate>
					<outerBoundaryIs>
						<LinearRing>
							<coordinates>
								-71.50749942173235,-16.38242792519502,0 -71.50766310604661,-16.38261118293018,0 -71.50782808294252,-16.38281123638007,0 -71.5077470814155,-16.38287773033385,0 -71.50756489919635,-16.38280649136601,0 -71.50745984703838,-16.3825914691599,0 -71.50746720903199,-16.38249748718914,0 -71.50749942173235,-16.38242792519502,0 
							</coordinates>
						</LinearRing>
					</outerBoundaryIs>
				</Polygon>
			</Placemark>
			<Placemark>
				<name>1.11.33-3</name>
				<styleUrl>#msn_ylw-pushpin13</styleUrl>
				<Polygon>
					<tessellate>1</tessellate>
					<outerBoundaryIs>
						<LinearRing>
							<coordinates>
								-71.50980295053195,-16.38389787639983,0 -71.50949610136922,-16.38421540278242,0 -71.50941571092255,-16.38426797560985,0 -71.50921339354666,-16.38409555345373,0 -71.50956328857664,-16.38373544985565,0 -71.50980295053195,-16.38389787639983,0 
							</coordinates>
						</LinearRing>
					</outerBoundaryIs>
				</Polygon>
			</Placemark>
			<Placemark>
				<name>1.11.33-4</name>
				<styleUrl>#msn_ylw-pushpin13</styleUrl>
				<Polygon>
					<tessellate>1</tessellate>
					<outerBoundaryIs>
						<LinearRing>
							<coordinates>
								-71.50952590510499,-16.38371249932549,0 -71.50919077370733,-16.38407884186359,0 -71.50893201029628,-16.38384055527898,0 -71.50922940249845,-16.38350914055208,0 -71.50952590510499,-16.38371249932549,0 
							</coordinates>
						</LinearRing>
					</outerBoundaryIs>
				</Polygon>
			</Placemark>
		</Folder>
		<Folder>
			<name>D</name>
			<Placemark>
				<name>1.11.17-5</name>
				<styleUrl>#msn_ylw-pushpin30031</styleUrl>
				<Polygon>
					<tessellate>1</tessellate>
					<outerBoundaryIs>
						<LinearRing>
							<coordinates>
								-71.5102195387599,-16.3838401197621,0 -71.51025163108645,-16.38399998504195,0 -71.51026535103667,-16.3841071856544,0 -71.51027645532638,-16.38420864421211,0 -71.51027474908145,-16.38428531187478,0 -71.51026128976883,-16.38435920097707,0 -71.510237706453,-16.38439463053378,0 -71.5101848422857,-16.38433102871421,0 -71.51006542689184,-16.38388758776202,0 -71.5102195387599,-16.3838401197621,0 
							</coordinates>
						</LinearRing>
					</outerBoundaryIs>
				</Polygon>
			</Placemark>
			<Placemark>
				<name>1.11.18-29</name>
				<styleUrl>#msn_ylw-pushpin30031</styleUrl>
				<Polygon>
					<tessellate>1</tessellate>
					<outerBoundaryIs>
						<LinearRing>
							<coordinates>
								-71.51022260556761,-16.37706180931853,0 -71.51050254651059,-16.37738086986866,0 -71.50984095532877,-16.37788045872087,0 -71.50950232712763,-16.37813209230436,0 -71.50924348145213,-16.37786368903772,0 -71.51022260556761,-16.37706180931853,0 
							</coordinates>
						</LinearRing>
					</outerBoundaryIs>
				</Polygon>
			</Placemark>
			<Placemark>
				<name>1.11.18-30</name>
				<styleUrl>#msn_ylw-pushpin30031</styleUrl>
				<Polygon>
					<tessellate>1</tessellate>
					<outerBoundaryIs>
						<LinearRing>
							<coordinates>
								-71.50912258991337,-16.37794801267853,0 -71.50961371341036,-16.37843582425282,0 -71.50932243540261,-16.37869150342988,0 -71.50883018373602,-16.37819605325348,0 -71.50912258991337,-16.37794801267853,0 
							</coordinates>
						</LinearRing>
					</outerBoundaryIs>
				</Polygon>
			</Placemark>
			<Placemark>
				<name>1.11.21-4</name>
				<styleUrl>#msn_ylw-pushpin30031</styleUrl>
				<Polygon>
					<tessellate>1</tessellate>
					<outerBoundaryIs>
						<LinearRing>
							<coordinates>
								-71.51117189914011,-16.37683256542965,0 -71.51089346907177,-16.3770726102267,0 -71.51056557235633,-16.37732185705403,0 -71.51027669591933,-16.37701762305242,0 -71.51055014479999,-16.37679374131896,0 -71.51079005668691,-16.37658422775436,0 -71.5110651679479,-16.37675106847512,0 -71.51117189914011,-16.37683256542965,0 
							</coordinates>
						</LinearRing>
					</outerBoundaryIs>
				</Polygon>
			</Placemark>
			<Placemark>
				<name>1.11.21-5</name>
				<styleUrl>#msn_ylw-pushpin30031</styleUrl>
				<Polygon>
					<tessellate>1</tessellate>
					<outerBoundaryIs>
						<LinearRing>
							<coordinates>
								-71.51065435802042,-16.37658866651547,0 -71.51021437798396,-16.37696985536145,0 -71.50977919664706,-16.37652952020213,0 -71.50940684186821,-16.37617781480921,0 -71.50916021338368,-16.37595450546697,0 -71.50932314264715,-16.37576687374323,0 -71.51001383487953,-16.3761872292691,0 -71.51045442019819,-16.3764132257045,0 -71.51065435802042,-16.37658866651547,0 
							</coordinates>
						</LinearRing>
					</outerBoundaryIs>
				</Polygon>
			</Placemark>
			<Placemark>
				<name>1.11.21-6</name>
				<styleUrl>#msn_ylw-pushpin30031</styleUrl>
				<Polygon>
					<tessellate>1</tessellate>
					<outerBoundaryIs>
						<LinearRing>
							<coordinates>
								-71.50927804230258,-16.3757330022398,0 -71.50912817085269,-16.37594365999484,0 -71.50878771842173,-16.37572793820606,0 -71.50824104966352,-16.37536028750864,0 -71.50790853207303,-16.37514119972489,0 -71.50755459200747,-16.37488773066896,0 -71.50746610327539,-16.37482578243341,0 -71.50765031748404,-16.37461592105192,0 -71.50781935865096,-16.37480083118424,0 -71.50812512454287,-16.374984838289,0 -71.50927804230258,-16.3757330022398,0 
							</coordinates>
						</LinearRing>
					</outerBoundaryIs>
				</Polygon>
			</Placemark>
			<Placemark>
				<name>1.11.21-7</name>
				<styleUrl>#msn_ylw-pushpin30031</styleUrl>
				<Polygon>
					<tessellate>1</tessellate>
					<outerBoundaryIs>
						<LinearRing>
							<coordinates>
								-71.50795809135379,-16.37523305950304,0 -71.5078930542203,-16.37531092055893,0 -71.50769363152601,-16.37517113421875,0 -71.50751788521929,-16.37503846502611,0 -71.50742649255021,-16.37496485164282,0 -71.50749803055996,-16.37489141552237,0 -71.50795809135379,-16.37523305950304,0 
							</coordinates>
						</LinearRing>
					</outerBoundaryIs>
				</Polygon>
			</Placemark>
			<Placemark>
				<name>1.11.21-8</name>
				<styleUrl>#msn_ylw-pushpin30031</styleUrl>
				<Polygon>
					<tessellate>1</tessellate>
					<outerBoundaryIs>
						<LinearRing>
							<coordinates>
								-71.50761744819478,-16.37460788166737,0 -71.507444729857,-16.3748091441278,0 -71.50713020374209,-16.3745695832868,0 -71.50686413163527,-16.37435055641184,0 -71.50650419677437,-16.37407412465991,0 -71.50625684274496,-16.37390135831932,0 -71.50587830932939,-16.37365061881985,0 -71.50604854212119,-16.37341021727635,0 -71.50645805642358,-16.37361952471303,0 -71.50661191160503,-16.37371658469444,0 -71.50702249068382,-16.37406315633513,0 -71.50728025200856,-16.37431123487541,0 -71.50741753776529,-16.37441963868333,0 -71.50761744819478,-16.37460788166737,0 
							</coordinates>
						</LinearRing>
					</outerBoundaryIs>
				</Polygon>
			</Placemark>
			<Placemark>
				<name>1.11.21-9</name>
				<styleUrl>#msn_ylw-pushpin30031</styleUrl>
				<Polygon>
					<tessellate>1</tessellate>
					<outerBoundaryIs>
						<LinearRing>
							<coordinates>
								-71.50600377765144,-16.37338764310593,0 -71.50581623440495,-16.37362743537416,0 -71.50543200504191,-16.37336568741514,0 -71.5048477361178,-16.37296681464947,0 -71.50463676360435,-16.37284298025077,0 -71.5043089640309,-16.37261466165916,0 -71.50419597935199,-16.37253393868382,0 -71.50437277134748,-16.37232006613523,0 -71.50477995285553,-16.37257878128712,0 -71.50528309279593,-16.3729018391033,0 -71.50600377765144,-16.37338764310593,0 
							</coordinates>
						</LinearRing>
					</outerBoundaryIs>
				</Polygon>
			</Placemark>
			<Placemark>
				<name>1.11.21-10</name>
				<styleUrl>#msn_ylw-pushpin30031</styleUrl>
				<Polygon>
					<tessellate>1</tessellate>
					<outerBoundaryIs>
						<LinearRing>
							<coordinates>
								-71.50428572023409,-16.37231217531024,0 -71.50412537635006,-16.37249054229121,0 -71.50385189563308,-16.37229458873361,0 -71.50357262077044,-16.37211639598321,0 -71.50278490307741,-16.37160366937347,0 -71.50293247425589,-16.3714096908378,0 -71.50426047449382,-16.37225491957042,0 -71.50428572023409,-16.37231217531024,0 
							</coordinates>
						</LinearRing>
					</outerBoundaryIs>
				</Polygon>
			</Placemark>
			<Placemark>
				<name>1.11.21-11</name>
				<styleUrl>#msn_ylw-pushpin30031</styleUrl>
				<Polygon>
					<tessellate>1</tessellate>
					<outerBoundaryIs>
						<LinearRing>
							<coordinates>
								-71.50353038072683,-16.37215876748434,0 -71.50328446804427,-16.37244500420419,0 -71.50278264472753,-16.37208590508456,0 -71.50229962379122,-16.37174367049934,0 -71.50160391236932,-16.37124216038983,0 -71.50182075048187,-16.37095164537945,0 -71.50243271837475,-16.37140429378738,0 -71.50235842822725,-16.3715065514129,0 -71.50242256405078,-16.37155184742844,0 -71.50250073401774,-16.37144362681815,0 -71.50353038072683,-16.37215876748434,0 
							</coordinates>
						</LinearRing>
					</outerBoundaryIs>
				</Polygon>
			</Placemark>
			<Placemark>
				<name>1.11.22-1</name>
				<styleUrl>#msn_ylw-pushpin30031</styleUrl>
				<Polygon>
					<tessellate>1</tessellate>
					<outerBoundaryIs>
						<LinearRing>
							<coordinates>
								-71.50910176115991,-16.37791446669913,0 -71.50856713133795,-16.37837327544964,0 -71.50841571583382,-16.37824932627435,0 -71.50813315491024,-16.37801838458704,0 -71.50871113429433,-16.37749598248058,0 -71.50910176115991,-16.37791446669913,0 
							</coordinates>
						</LinearRing>
					</outerBoundaryIs>
				</Polygon>
			</Placemark>
			<Placemark>
				<name>1.11.22-2</name>
				<styleUrl>#msn_ylw-pushpin30031</styleUrl>
				<Polygon>
					<tessellate>1</tessellate>
					<outerBoundaryIs>
						<LinearRing>
							<coordinates>
								-71.50863856156388,-16.37743374070233,0 -71.5080944298745,-16.37797325189679,0 -71.50766766219381,-16.37762490363297,0 -71.5082221306198,-16.37704396367053,0 -71.50863856156388,-16.37743374070233,0 
							</coordinates>
						</LinearRing>
					</outerBoundaryIs>
				</Polygon>
			</Placemark>
			<Placemark>
				<name>1.11.22-3</name>
				<styleUrl>#msn_ylw-pushpin30031</styleUrl>
				<Polygon>
					<tessellate>1</tessellate>
					<outerBoundaryIs>
						<LinearRing>
							<coordinates>
								-71.50759954408974,-16.37757002108926,0 -71.50715215272031,-16.37719387635717,0 -71.50769977865352,-16.37662631039735,0 -71.50813947099832,-16.37697581756213,0 -71.50759954408974,-16.37757002108926,0 
							</coordinates>
						</LinearRing>
					</outerBoundaryIs>
				</Polygon>
			</Placemark>
			<Placemark>
				<name>1.11.22-4</name>
				<styleUrl>#msn_ylw-pushpin30031</styleUrl>
				<Polygon>
					<tessellate>1</tessellate>
					<outerBoundaryIs>
						<LinearRing>
							<coordinates>
								-71.50760909041593,-16.37658090819545,0 -71.5069807733618,-16.37726610511291,0 -71.50652082477858,-16.37693689651644,0 -71.50713167476189,-16.37624177384146,0 -71.50760909041593,-16.37658090819545,0 
							</coordinates>
						</LinearRing>
					</outerBoundaryIs>
				</Polygon>
			</Placemark>
			<Placemark>
				<name>1.11.22-5</name>
				<styleUrl>#msn_ylw-pushpin30031</styleUrl>
				<Polygon>
					<tessellate>1</tessellate>
					<outerBoundaryIs>
						<LinearRing>
							<coordinates>
								-71.50706340430119,-16.37619218070059,0 -71.50673771392596,-16.37657057484098,0 -71.50644704245605,-16.37690552743326,0 -71.50594392887778,-16.3765486252745,0 -71.50658269110114,-16.37583920646761,0 -71.50706340430119,-16.37619218070059,0 
							</coordinates>
						</LinearRing>
					</outerBoundaryIs>
				</Polygon>
			</Placemark>
			<Placemark>
				<name>1.11.22-6</name>
				<styleUrl>#msn_ylw-pushpin30031</styleUrl>
				<Polygon>
					<tessellate>1</tessellate>
					<outerBoundaryIs>
						<LinearRing>
							<coordinates>
								-71.50577034728872,-16.37773929337187,0 -71.50531123649469,-16.37738590013075,0 -71.50549305029632,-16.37713360353184,0 -71.50586526866651,-16.37662517330162,0 -71.50633947517834,-16.3769592430455,0 -71.50577034728872,-16.37773929337187,0 
							</coordinates>
						</LinearRing>
					</outerBoundaryIs>
				</Polygon>
			</Placemark>
			<Placemark>
				<name>1.11.22-7</name>
				<styleUrl>#msn_ylw-pushpin30031</styleUrl>
				<Polygon>
					<tessellate>1</tessellate>
					<outerBoundaryIs>
						<LinearRing>
							<coordinates>
								-71.50569322137059,-16.37782367509043,0 -71.50541600381237,-16.37818434824539,0 -71.50484301114517,-16.37796267902857,0 -71.50522235449417,-16.37746708768945,0 -71.50569322137059,-16.37782367509043,0 
							</coordinates>
						</LinearRing>
					</outerBoundaryIs>
				</Polygon>
			</Placemark>
			<Placemark>
				<name>1.11.22-8</name>
				<styleUrl>#msn_ylw-pushpin30031</styleUrl>
				<Polygon>
					<tessellate>1</tessellate>
					<outerBoundaryIs>
						<LinearRing>
							<coordinates>
								-71.50466844878336,-16.37708521702514,0 -71.50514022256412,-16.37743133005092,0 -71.50475725732967,-16.37793493030181,0 -71.50418276849177,-16.37770445301507,0 -71.50466844878336,-16.37708521702514,0 
							</coordinates>
						</LinearRing>
					</outerBoundaryIs>
				</Polygon>
			</Placemark>
			<Placemark>
				<name>1.11.22-9</name>
				<styleUrl>#msn_ylw-pushpin30031</styleUrl>
				<Polygon>
					<tessellate>1</tessellate>
					<outerBoundaryIs>
						<LinearRing>
							<coordinates>
								-71.50578804696964,-16.37656906809023,0 -71.5052181388951,-16.37733553961219,0 -71.50472988101471,-16.37701420928712,0 -71.50530699174222,-16.37623617169905,0 -71.50578804696964,-16.37656906809023,0 
							</coordinates>
						</LinearRing>
					</outerBoundaryIs>
				</Polygon>
			</Placemark>
			<Placemark>
				<name>1.11.22-10</name>
				<styleUrl>#msn_ylw-pushpin30031</styleUrl>
				<Polygon>
					<tessellate>1</tessellate>
					<outerBoundaryIs>
						<LinearRing>
							<coordinates>
								-71.50650372931025,-16.3757982278232,0 -71.5058831780614,-16.37649384013006,0 -71.50539291409268,-16.37615711607365,0 -71.50603247903462,-16.37544555722856,0 -71.50650372931025,-16.3757982278232,0 
							</coordinates>
						</LinearRing>
					</outerBoundaryIs>
				</Polygon>
			</Placemark>
			<Placemark>
				<name>1.11.22-11</name>
				<styleUrl>#msn_ylw-pushpin30031</styleUrl>
				<Polygon>
					<tessellate>1</tessellate>
					<outerBoundaryIs>
						<LinearRing>
							<coordinates>
								-71.50596518528722,-16.37540692967166,0 -71.50553235136267,-16.3758665825108,0 -71.50532392651623,-16.37611671216758,0 -71.50482595960159,-16.37576959331305,0 -71.50548901051565,-16.37505248147648,0 -71.50596518528722,-16.37540692967166,0 
							</coordinates>
						</LinearRing>
					</outerBoundaryIs>
				</Polygon>
			</Placemark>
			<Placemark>
				<name>1.11.22-12</name>
				<styleUrl>#msn_ylw-pushpin30031</styleUrl>
				<Polygon>
					<tessellate>1</tessellate>
					<outerBoundaryIs>
						<LinearRing>
							<coordinates>
								-71.5046548549723,-16.37695073655664,0 -71.50416631888525,-16.37659323573251,0 -71.50442591115856,-16.37623786092778,0 -71.50475867419037,-16.37585505690491,0 -71.50521728054285,-16.37618220207267,0 -71.5046548549723,-16.37695073655664,0 
							</coordinates>
						</LinearRing>
					</outerBoundaryIs>
				</Polygon>
			</Placemark>
			<Placemark>
				<name>1.11.22-13</name>
				<styleUrl>#msn_ylw-pushpin30031</styleUrl>
				<Polygon>
					<tessellate>1</tessellate>
					<outerBoundaryIs>
						<LinearRing>
							<coordinates>
								-71.50408134504914,-16.3776798842896,0 -71.50378846981535,-16.37758573743624,0 -71.50366618622041,-16.37727398761413,0 -71.50410521567514,-16.37670610006839,0 -71.50456954917469,-16.37703167455701,0 -71.50408134504914,-16.3776798842896,0 
							</coordinates>
						</LinearRing>
					</outerBoundaryIs>
				</Polygon>
			</Placemark>
			<Placemark>
				<name>1.11.22-14</name>
				<styleUrl>#msn_ylw-pushpin30031</styleUrl>
				<Polygon>
					<tessellate>1</tessellate>
					<outerBoundaryIs>
						<LinearRing>
							<coordinates>
								-71.50362638348314,-16.37720834371531,0 -71.5035449138125,-16.37700358648576,0 -71.50350667736303,-16.37641482613489,0 -71.50357414242883,-16.37632758061346,0 -71.5040295144077,-16.37664963537796,0 -71.50362638348314,-16.37720834371531,0 
							</coordinates>
						</LinearRing>
					</outerBoundaryIs>
				</Polygon>
			</Placemark>
			<Placemark>
				<name>1.11.22-15</name>
				<styleUrl>#msn_ylw-pushpin30031</styleUrl>
				<Polygon>
					<tessellate>1</tessellate>
					<outerBoundaryIs>
						<LinearRing>
							<coordinates>
								-71.50467226455508,-16.37580137278488,0 -71.50409619608062,-16.37656521281086,0 -71.50363201794181,-16.37625001336961,0 -71.50364209177516,-16.37611199440899,0 -71.50420023624173,-16.37546713643347,0 -71.50467226455508,-16.37580137278488,0 
							</coordinates>
						</LinearRing>
					</outerBoundaryIs>
				</Polygon>
			</Placemark>
			<Placemark>
				<name>1.11.22-16</name>
				<styleUrl>#msn_ylw-pushpin30031</styleUrl>
				<Polygon>
					<tessellate>1</tessellate>
					<outerBoundaryIs>
						<LinearRing>
							<coordinates>
								-71.50476392076914,-16.37571814281287,0 -71.50427835537654,-16.37538764642255,0 -71.50494479180156,-16.37467776965402,0 -71.50541885768142,-16.3750139667284,0 -71.50476392076914,-16.37571814281287,0 
							</coordinates>
						</LinearRing>
					</outerBoundaryIs>
				</Polygon>
			</Placemark>
			<Placemark>
				<name>1.11.22-17</name>
				<styleUrl>#msn_ylw-pushpin30031</styleUrl>
				<Polygon>
					<tessellate>1</tessellate>
					<outerBoundaryIs>
						<LinearRing>
							<coordinates>
								-71.50484288864746,-16.37461242331603,0 -71.50422129336697,-16.37532319468332,0 -71.50374342094354,-16.37500332023626,0 -71.50439586945156,-16.37428910587398,0 -71.50484288864746,-16.37461242331603,0 
							</coordinates>
						</LinearRing>
					</outerBoundaryIs>
				</Polygon>
			</Placemark>
			<Placemark>
				<name>1.11.22-18</name>
				<styleUrl>#msn_ylw-pushpin30031</styleUrl>
				<Polygon>
					<tessellate>1</tessellate>
					<outerBoundaryIs>
						<LinearRing>
							<coordinates>
								-71.50410382802373,-16.37542899200102,0 -71.50359118857497,-16.37605868014043,0 -71.5035760434854,-16.37620073671511,0 -71.503483328653,-16.3762329895355,0 -71.50341279285936,-16.37588694152185,0 -71.50332750598541,-16.37543332717121,0 -71.50366773254241,-16.37508969740697,0 -71.50410382802373,-16.37542899200102,0 
							</coordinates>
						</LinearRing>
					</outerBoundaryIs>
				</Polygon>
			</Placemark>
			<Placemark>
				<name>1.11.22-19</name>
				<styleUrl>#msn_ylw-pushpin30031</styleUrl>
				<Polygon>
					<tessellate>1</tessellate>
					<outerBoundaryIs>
						<LinearRing>
							<coordinates>
								-71.5032218100355,-16.37544249269298,0 -71.50304594672367,-16.37565924633772,0 -71.50283896400221,-16.3755190058075,0 -71.50274435888458,-16.37540711851817,0 -71.50255373770777,-16.37530089651461,0 -71.50275533451617,-16.37507303441397,0 -71.5032218100355,-16.37544249269298,0 
							</coordinates>
						</LinearRing>
					</outerBoundaryIs>
				</Polygon>
			</Placemark>
			<Placemark>
				<name>1.11.22-20</name>
				<styleUrl>#msn_ylw-pushpin30031</styleUrl>
				<Polygon>
					<tessellate>1</tessellate>
					<outerBoundaryIs>
						<LinearRing>
							<coordinates>
								-71.50357502446259,-16.37504694172096,0 -71.50328079645503,-16.37538905792248,0 -71.50279960525772,-16.3750356572898,0 -71.503105996969,-16.37468104809409,0 -71.50357502446259,-16.37504694172096,0 
							</coordinates>
						</LinearRing>
					</outerBoundaryIs>
				</Polygon>
			</Placemark>
			<Placemark>
				<name>1.11.22-21</name>
				<styleUrl>#msn_ylw-pushpin30031</styleUrl>
				<Polygon>
					<tessellate>1</tessellate>
					<outerBoundaryIs>
						<LinearRing>
							<coordinates>
								-71.50365677141095,-16.37496488948,0 -71.5031883294605,-16.37462168522353,0 -71.50345492204094,-16.37431608147008,0 -71.50384996866714,-16.37388941885641,0 -71.50432007911481,-16.37423810840988,0 -71.50365677141095,-16.37496488948,0 
							</coordinates>
						</LinearRing>
					</outerBoundaryIs>
				</Polygon>
			</Placemark>
			<Placemark>
				<name>1.11.22-22</name>
				<styleUrl>#msn_ylw-pushpin30031</styleUrl>
				<Polygon>
					<tessellate>1</tessellate>
					<outerBoundaryIs>
						<LinearRing>
							<coordinates>
								-71.50377207920756,-16.37384490624896,0 -71.5033958185723,-16.37425866176302,0 -71.50311035259035,-16.37456972542373,0 -71.50266111830051,-16.37420974355365,0 -71.50331729576519,-16.37350778464469,0 -71.50377207920756,-16.37384490624896,0 
							</coordinates>
						</LinearRing>
					</outerBoundaryIs>
				</Polygon>
			</Placemark>
			<Placemark>
				<name>1.11.22-23</name>
				<styleUrl>#msn_ylw-pushpin30031</styleUrl>
				<Polygon>
					<tessellate>1</tessellate>
					<outerBoundaryIs>
						<LinearRing>
							<coordinates>
								-71.50304493974805,-16.3746569665496,0 -71.50276623652547,-16.37498659563104,0 -71.50228539778307,-16.37464479502037,0 -71.50256439716006,-16.37431320673807,0 -71.50304493974805,-16.3746569665496,0 
							</coordinates>
						</LinearRing>
					</outerBoundaryIs>
				</Polygon>
			</Placemark>
			<Placemark>
				<name>1.11.22-24</name>
				<styleUrl>#msn_ylw-pushpin30031</styleUrl>
				<Polygon>
					<tessellate>1</tessellate>
					<outerBoundaryIs>
						<LinearRing>
							<coordinates>
								-71.50271835393815,-16.37504345553359,0 -71.50253548777123,-16.37525505035841,0 -71.50205537270185,-16.37504980272668,0 -71.50214357122329,-16.3748496170431,0 -71.5022228090411,-16.3746930662304,0 -71.50271835393815,-16.37504345553359,0 
							</coordinates>
						</LinearRing>
					</outerBoundaryIs>
				</Polygon>
			</Placemark>
			<Placemark>
				<name>1.11.22-25</name>
				<styleUrl>#msn_ylw-pushpin30031</styleUrl>
				<Polygon>
					<tessellate>1</tessellate>
					<outerBoundaryIs>
						<LinearRing>
							<coordinates>
								-71.50220068423253,-16.37466567487782,0 -71.50203915858452,-16.37487859921907,0 -71.50193027068863,-16.37499982421389,0 -71.501648580652,-16.37483042365297,0 -71.50130242395873,-16.37456445296245,0 -71.50115310186436,-16.37442671018143,0 -71.50115384122239,-16.37429072222571,0 -71.50139989222447,-16.37408477043561,0 -71.50165501023049,-16.37427479236128,0 -71.50220068423253,-16.37466567487782,0 
							</coordinates>
						</LinearRing>
					</outerBoundaryIs>
				</Polygon>
			</Placemark>
			<Placemark>
				<name>1.11.22-26</name>
				<styleUrl>#msn_ylw-pushpin30031</styleUrl>
				<Polygon>
					<tessellate>1</tessellate>
					<outerBoundaryIs>
						<LinearRing>
							<coordinates>
								-71.50251317595308,-16.37426379347431,0 -71.50222738864892,-16.37459420646337,0 -71.50181478250998,-16.37428544441444,0 -71.5020704115546,-16.37394089177695,0 -71.50251317595308,-16.37426379347431,0 
							</coordinates>
						</LinearRing>
					</outerBoundaryIs>
				</Polygon>
			</Placemark>
			<Placemark>
				<name>1.11.22-27</name>
				<styleUrl>#msn_ylw-pushpin30031</styleUrl>
				<Polygon>
					<tessellate>1</tessellate>
					<outerBoundaryIs>
						<LinearRing>
							<coordinates>
								-71.50323239118164,-16.37345468519928,0 -71.50256591120484,-16.37418589520013,0 -71.50226039398382,-16.37397783252964,0 -71.50210561512479,-16.37385981460963,0 -71.50243694805657,-16.37347927754947,0 -71.50276271254171,-16.37312154415282,0 -71.50323239118164,-16.37345468519928,0 
							</coordinates>
						</LinearRing>
					</outerBoundaryIs>
				</Polygon>
			</Placemark>
			<Placemark>
				<name>1.11.22-29</name>
				<styleUrl>#msn_ylw-pushpin30031</styleUrl>
				<Polygon>
					<tessellate>1</tessellate>
					<outerBoundaryIs>
						<LinearRing>
							<coordinates>
								-71.50202113237238,-16.37388956917059,0 -71.5017289387569,-16.37422439678341,0 -71.50151246074785,-16.37406866357347,0 -71.50138992201239,-16.37379110437044,0 -71.50112920143144,-16.37323220964554,0 -71.50123653402768,-16.37331951745681,0 -71.50160860704435,-16.37358546048971,0 -71.50202113237238,-16.37388956917059,0 
							</coordinates>
						</LinearRing>
					</outerBoundaryIs>
				</Polygon>
			</Placemark>
			<Placemark>
				<name>1.11.22-30</name>
				<styleUrl>#msn_ylw-pushpin30031</styleUrl>
				<Polygon>
					<tessellate>1</tessellate>
					<outerBoundaryIs>
						<LinearRing>
							<coordinates>
								-71.50141200682631,-16.37401642442506,0 -71.5011119575038,-16.37425788787269,0 -71.50099819170302,-16.37410476557219,0 -71.50074892617823,-16.37381305610271,0 -71.50052441076035,-16.37348004634112,0 -71.50060967570859,-16.37336544611734,0 -71.50090470927229,-16.37352723548471,0 -71.50126975592671,-16.37371663183924,0 -71.50141200682631,-16.37401642442506,0 
							</coordinates>
						</LinearRing>
					</outerBoundaryIs>
				</Polygon>
			</Placemark>
			<Placemark>
				<name>1.11.22-31</name>
				<styleUrl>#msn_ylw-pushpin30031</styleUrl>
				<Polygon>
					<tessellate>1</tessellate>
					<outerBoundaryIs>
						<LinearRing>
							<coordinates>
								-71.50088692231614,-16.3728447711126,0 -71.50118237317652,-16.373455270864,0 -71.50105490875555,-16.37352172914127,0 -71.50062076462419,-16.3732913519849,0 -71.50033461338006,-16.37308258109498,0 -71.50017191313849,-16.37259943881671,0 -71.5004179469872,-16.37242757566357,0 -71.50088692231614,-16.3728447711126,0 
							</coordinates>
						</LinearRing>
					</outerBoundaryIs>
				</Polygon>
			</Placemark>
			<Placemark>
				<name>1.11.22-32</name>
				<styleUrl>#msn_ylw-pushpin30031</styleUrl>
				<Polygon>
					<tessellate>1</tessellate>
					<outerBoundaryIs>
						<LinearRing>
							<coordinates>
								-71.50093767177904,-16.37238486010516,0 -71.50094273726782,-16.37245528167208,0 -71.500945270218,-16.37252084402101,0 -71.50099087083065,-16.37259360014708,0 -71.50113068913771,-16.37268832965265,0 -71.50147775588009,-16.37293625711563,0 -71.50124306387634,-16.37325940718692,0 -71.50106437960631,-16.3730430579406,0 -71.50098071237329,-16.37287277052393,0 -71.50086190549344,-16.37275130513175,0 -71.5003937839959,-16.37234702791573,0 -71.5004433453273,-16.37227204636323,0 -71.5003443100597,-16.37215773016101,0 -71.50032210158727,-16.37208601737984,0 -71.50050514760802,-16.37186606218188,0 -71.50103416081333,-16.37225963126246,0 -71.50093767177904,-16.37238486010516,0 
							</coordinates>
						</LinearRing>
					</outerBoundaryIs>
				</Polygon>
			</Placemark>
			<Placemark>
				<name>1.11.22-33</name>
				<styleUrl>#msn_ylw-pushpin30031</styleUrl>
				<Polygon>
					<tessellate>1</tessellate>
					<outerBoundaryIs>
						<LinearRing>
							<coordinates>
								-71.50173915723985,-16.3725868749067,0 -71.50150229669099,-16.37289216802519,0 -71.50098373142777,-16.37250928626472,0 -71.50099221634468,-16.37244326774985,0 -71.50100928757186,-16.37241224735051,0 -71.50119308770292,-16.37219314647604,0 -71.50173915723985,-16.3725868749067,0 
							</coordinates>
						</LinearRing>
					</outerBoundaryIs>
				</Polygon>
			</Placemark>
			<Placemark>
				<name>1.11.22-34</name>
				<styleUrl>#msn_ylw-pushpin30031</styleUrl>
				<Polygon>
					<tessellate>1</tessellate>
					<outerBoundaryIs>
						<LinearRing>
							<coordinates>
								-71.50201705864934,-16.37222658048923,0 -71.50177679708192,-16.37253033102604,0 -71.50123914914757,-16.37215159311058,0 -71.50147950749299,-16.37184169052022,0 -71.50201705864934,-16.37222658048923,0 
							</coordinates>
						</LinearRing>
					</outerBoundaryIs>
				</Polygon>
			</Placemark>
			<Placemark>
				<name>1.11.22-35</name>
				<styleUrl>#msn_ylw-pushpin30031</styleUrl>
				<Polygon>
					<tessellate>1</tessellate>
					<outerBoundaryIs>
						<LinearRing>
							<coordinates>
								-71.50230180505541,-16.37186885184589,0 -71.50205926929242,-16.37216703458929,0 -71.5015188410934,-16.37178108937129,0 -71.50175299200352,-16.37147696864773,0 -71.50230180505541,-16.37186885184589,0 
							</coordinates>
						</LinearRing>
					</outerBoundaryIs>
				</Polygon>
			</Placemark>
			<Placemark>
				<name>1.11.22-36</name>
				<styleUrl>#msn_ylw-pushpin30031</styleUrl>
				<Polygon>
					<tessellate>1</tessellate>
					<outerBoundaryIs>
						<LinearRing>
							<coordinates>
								-71.50289912604107,-16.3722983522426,0 -71.50266163220775,-16.37259944718483,0 -71.50212104882606,-16.37222361037225,0 -71.50236393825229,-16.3719077524724,0 -71.50289912604107,-16.3722983522426,0 
							</coordinates>
						</LinearRing>
					</outerBoundaryIs>
				</Polygon>
			</Placemark>
			<Placemark>
				<name>1.11.22-37</name>
				<styleUrl>#msn_ylw-pushpin30031</styleUrl>
				<Polygon>
					<tessellate>1</tessellate>
					<outerBoundaryIs>
						<LinearRing>
							<coordinates>
								-71.50261535681557,-16.37266908401777,0 -71.50237305455143,-16.37296773209491,0 -71.50184808960158,-16.37258103181658,0 -71.50208759779206,-16.37226510020818,0 -71.50261535681557,-16.37266908401777,0 
							</coordinates>
						</LinearRing>
					</outerBoundaryIs>
				</Polygon>
			</Placemark>
			<Placemark>
				<name>1.11.22-39</name>
				<styleUrl>#msn_ylw-pushpin30031</styleUrl>
				<Polygon>
					<tessellate>1</tessellate>
					<outerBoundaryIs>
						<LinearRing>
							<coordinates>
								-71.50375464774655,-16.37291113159342,0 -71.50334168547523,-16.37334883812008,0 -71.50287713580173,-16.37301364086343,0 -71.5032696723672,-16.37255425567195,0 -71.50375464774655,-16.37291113159342,0 
							</coordinates>
						</LinearRing>
					</outerBoundaryIs>
				</Polygon>
			</Placemark>
			<Placemark>
				<name>1.11.22-40</name>
				<styleUrl>#msn_ylw-pushpin30031</styleUrl>
				<Polygon>
					<tessellate>1</tessellate>
					<outerBoundaryIs>
						<LinearRing>
							<coordinates>
								-71.50408237957622,-16.37253263117898,0 -71.50382759121122,-16.37282146397429,0 -71.50335983161519,-16.37249105666851,0 -71.50360799522457,-16.37220305383666,0 -71.50408237957622,-16.37253263117898,0 
							</coordinates>
						</LinearRing>
					</outerBoundaryIs>
				</Polygon>
			</Placemark>
			<Placemark>
				<name>1.11.22-41</name>
				<styleUrl>#msn_ylw-pushpin30031</styleUrl>
				<Polygon>
					<tessellate>1</tessellate>
					<outerBoundaryIs>
						<LinearRing>
							<coordinates>
								-71.50465540878372,-16.37290772028161,0 -71.50438449114378,-16.37321650191376,0 -71.50388763205758,-16.3728615478853,0 -71.50414427665517,-16.37256414721613,0 -71.50465540878372,-16.37290772028161,0 
							</coordinates>
						</LinearRing>
					</outerBoundaryIs>
				</Polygon>
			</Placemark>
			<Placemark>
				<name>1.11.22-42</name>
				<styleUrl>#msn_ylw-pushpin30031</styleUrl>
				<Polygon>
					<tessellate>1</tessellate>
					<outerBoundaryIs>
						<LinearRing>
							<coordinates>
								-71.50428931955052,-16.37329481708954,0 -71.50388332276553,-16.37374669026901,0 -71.50340025568539,-16.37340179214177,0 -71.50381965715214,-16.37294922074372,0 -71.50428931955052,-16.37329481708954,0 
							</coordinates>
						</LinearRing>
					</outerBoundaryIs>
				</Polygon>
			</Placemark>
			<Placemark>
				<name>1.11.22-43</name>
				<styleUrl>#msn_ylw-pushpin30031</styleUrl>
				<Polygon>
					<tessellate>1</tessellate>
					<outerBoundaryIs>
						<LinearRing>
							<coordinates>
								-71.50484383645984,-16.37368195854901,0 -71.50442192264804,-16.37413875152426,0 -71.50396365851007,-16.37379640361243,0 -71.5043664557392,-16.37334528983199,0 -71.50484383645984,-16.37368195854901,0 
							</coordinates>
						</LinearRing>
					</outerBoundaryIs>
				</Polygon>
			</Placemark>
			<Placemark>
				<name>1.11.22-44</name>
				<styleUrl>#msn_ylw-pushpin30031</styleUrl>
				<Polygon>
					<tessellate>1</tessellate>
					<outerBoundaryIs>
						<LinearRing>
							<coordinates>
								-71.50521218985938,-16.37328142306383,0 -71.50491908344196,-16.37361691704358,0 -71.50444736716123,-16.37326963186817,0 -71.50473080317154,-16.37295245450548,0 -71.50521218985938,-16.37328142306383,0 
							</coordinates>
						</LinearRing>
					</outerBoundaryIs>
				</Polygon>
			</Placemark>
			<Placemark>
				<name>1.11.22-45</name>
				<styleUrl>#msn_ylw-pushpin30031</styleUrl>
				<Polygon>
					<tessellate>1</tessellate>
					<outerBoundaryIs>
						<LinearRing>
							<coordinates>
								-71.50580057400786,-16.37367424106511,0 -71.50547077169341,-16.37401724797637,0 -71.50499597341854,-16.37367525362405,0 -71.5053102182483,-16.37333249646253,0 -71.50580057400786,-16.37367424106511,0 
							</coordinates>
						</LinearRing>
					</outerBoundaryIs>
				</Polygon>
			</Placemark>
			<Placemark>
				<name>1.11.22-46</name>
				<styleUrl>#msn_ylw-pushpin30031</styleUrl>
				<Polygon>
					<tessellate>1</tessellate>
					<outerBoundaryIs>
						<LinearRing>
							<coordinates>
								-71.50540605426954,-16.3740883348216,0 -71.50498871747271,-16.37452936822366,0 -71.5045131228334,-16.37418914439262,0 -71.50493316298993,-16.37374364032386,0 -71.50540605426954,-16.3740883348216,0 
							</coordinates>
						</LinearRing>
					</outerBoundaryIs>
				</Polygon>
			</Placemark>
			<Placemark>
				<name>1.11.22-47</name>
				<styleUrl>#msn_ylw-pushpin30031</styleUrl>
				<Polygon>
					<tessellate>1</tessellate>
					<outerBoundaryIs>
						<LinearRing>
							<coordinates>
								-71.50594121856497,-16.37448643599285,0 -71.50551504133276,-16.37491027940229,0 -71.50505353083516,-16.37456668634971,0 -71.50546748478831,-16.37414097437195,0 -71.50594121856497,-16.37448643599285,0 
							</coordinates>
						</LinearRing>
					</outerBoundaryIs>
				</Polygon>
			</Placemark>
			<Placemark>
				<name>1.11.22-48</name>
				<styleUrl>#msn_ylw-pushpin30031</styleUrl>
				<Polygon>
					<tessellate>1</tessellate>
					<outerBoundaryIs>
						<LinearRing>
							<coordinates>
								-71.50633251648983,-16.37404523304235,0 -71.50600612366861,-16.37441440216941,0 -71.50554712456062,-16.37406676212494,0 -71.50586467425731,-16.37371467163414,0 -71.50633251648983,-16.37404523304235,0 
							</coordinates>
						</LinearRing>
					</outerBoundaryIs>
				</Polygon>
			</Placemark>
			<Placemark>
				<name>1.11.22-49</name>
				<styleUrl>#msn_ylw-pushpin30031</styleUrl>
				<Polygon>
					<tessellate>1</tessellate>
					<outerBoundaryIs>
						<LinearRing>
							<coordinates>
								-71.50688375158086,-16.37443857459708,0 -71.5065717310838,-16.37480153439525,0 -71.50607815022694,-16.3744770193485,0 -71.50640660794429,-16.37409957771376,0 -71.50688375158086,-16.37443857459708,0 
							</coordinates>
						</LinearRing>
					</outerBoundaryIs>
				</Polygon>
			</Placemark>
			<Placemark>
				<name>1.11.22-51</name>
				<styleUrl>#msn_ylw-pushpin30031</styleUrl>
				<Polygon>
					<tessellate>1</tessellate>
					<outerBoundaryIs>
						<LinearRing>
							<coordinates>
								-71.50702127927629,-16.37527145178679,0 -71.50660783712189,-16.37569072793658,0 -71.50614526668896,-16.37535360398382,0 -71.50655365085605,-16.37493107417484,0 -71.50702127927629,-16.37527145178679,0 
							</coordinates>
						</LinearRing>
					</outerBoundaryIs>
				</Polygon>
			</Placemark>
			<Placemark>
				<name>1.11.22-52</name>
				<styleUrl>#msn_ylw-pushpin30031</styleUrl>
				<Polygon>
					<tessellate>1</tessellate>
					<outerBoundaryIs>
						<LinearRing>
							<coordinates>
								-71.50737154906554,-16.37486776170731,0 -71.50709528471019,-16.37518929743451,0 -71.50663649344051,-16.37485538775555,0 -71.50693235456426,-16.37450471712556,0 -71.50737154906554,-16.37486776170731,0 
							</coordinates>
						</LinearRing>
					</outerBoundaryIs>
				</Polygon>
			</Placemark>
			<Placemark>
				<name>1.11.22-53</name>
				<styleUrl>#msn_ylw-pushpin30031</styleUrl>
				<Polygon>
					<tessellate>1</tessellate>
					<outerBoundaryIs>
						<LinearRing>
							<coordinates>
								-71.50786897042518,-16.37533997804372,0 -71.5076520695617,-16.37558935067959,0 -71.50714836605268,-16.37525687254311,0 -71.50739221182126,-16.37498683609858,0 -71.50786897042518,-16.37533997804372,0 
							</coordinates>
						</LinearRing>
					</outerBoundaryIs>
				</Polygon>
			</Placemark>
			<Placemark>
				<name>1.11.22-54</name>
				<styleUrl>#msn_ylw-pushpin30031</styleUrl>
				<Polygon>
					<tessellate>1</tessellate>
					<outerBoundaryIs>
						<LinearRing>
							<coordinates>
								-71.50753294248945,-16.37566169388609,0 -71.50715680910415,-16.37605769810504,0 -71.5066863564473,-16.37574243777382,0 -71.50708212131786,-16.37532983604265,0 -71.50753294248945,-16.37566169388609,0 
							</coordinates>
						</LinearRing>
					</outerBoundaryIs>
				</Polygon>
			</Placemark>
			<Placemark>
				<name>1.11.22-55</name>
				<styleUrl>#msn_ylw-pushpin30031</styleUrl>
				<Polygon>
					<tessellate>1</tessellate>
					<outerBoundaryIs>
						<LinearRing>
							<coordinates>
								-71.50811367689654,-16.37605986274774,0 -71.50771895528099,-16.37649408013068,0 -71.50723860259139,-16.37614737839852,0 -71.50765673071488,-16.37571895768427,0 -71.50811367689654,-16.37605986274774,0 
							</coordinates>
						</LinearRing>
					</outerBoundaryIs>
				</Polygon>
			</Placemark>
			<Placemark>
				<name>1.11.22-56</name>
				<styleUrl>#msn_ylw-pushpin30031</styleUrl>
				<Polygon>
					<tessellate>1</tessellate>
					<outerBoundaryIs>
						<LinearRing>
							<coordinates>
								-71.50851913663212,-16.37561681558964,0 -71.50817556365888,-16.37599154052849,0 -71.50771110031641,-16.3756442565479,0 -71.50804085467013,-16.37530293558383,0 -71.50851913663212,-16.37561681558964,0 
							</coordinates>
						</LinearRing>
					</outerBoundaryIs>
				</Polygon>
			</Placemark>
			<Placemark>
				<name>1.11.22-57</name>
				<styleUrl>#msn_ylw-pushpin30031</styleUrl>
				<Polygon>
					<tessellate>1</tessellate>
					<outerBoundaryIs>
						<LinearRing>
							<coordinates>
								-71.50908935168761,-16.37600280750693,0 -71.50872843806955,-16.376379377736,0 -71.50824844447462,-16.3760493246579,0 -71.50858781560038,-16.37566217448238,0 -71.50908935168761,-16.37600280750693,0 
							</coordinates>
						</LinearRing>
					</outerBoundaryIs>
				</Polygon>
			</Placemark>
			<Placemark>
				<name>1.11.22-58</name>
				<styleUrl>#msn_ylw-pushpin30031</styleUrl>
				<Polygon>
					<tessellate>1</tessellate>
					<outerBoundaryIs>
						<LinearRing>
							<coordinates>
								-71.50866725767678,-16.37646082859291,0 -71.50825409259008,-16.3768720759342,0 -71.50778620996589,-16.37654835272851,0 -71.50820392728509,-16.37611745635587,0 -71.50866725767678,-16.37646082859291,0 
							</coordinates>
						</LinearRing>
					</outerBoundaryIs>
				</Polygon>
			</Placemark>
			<Placemark>
				<name>1.11.22-59</name>
				<styleUrl>#msn_ylw-pushpin30031</styleUrl>
				<Polygon>
					<tessellate>1</tessellate>
					<outerBoundaryIs>
						<LinearRing>
							<coordinates>
								-71.50918520992073,-16.37698719904581,0 -71.50874047995545,-16.37736766718479,0 -71.5083494881262,-16.37692030590638,0 -71.50876565607064,-16.37655145254369,0 -71.50918520992073,-16.37698719904581,0 
							</coordinates>
						</LinearRing>
					</outerBoundaryIs>
				</Polygon>
			</Placemark>
			<Placemark>
				<name>1.11.22-60</name>
				<styleUrl>#msn_ylw-pushpin30031</styleUrl>
				<Polygon>
					<tessellate>1</tessellate>
					<outerBoundaryIs>
						<LinearRing>
							<coordinates>
								-71.50967903615611,-16.3765569875123,0 -71.50924211970521,-16.37691840727154,0 -71.50879880693843,-16.37644256235386,0 -71.50918546140848,-16.37603765280841,0 -71.50967903615611,-16.3765569875123,0 
							</coordinates>
						</LinearRing>
					</outerBoundaryIs>
				</Polygon>
			</Placemark>
			<Placemark>
				<name>1.11.22-61</name>
				<styleUrl>#msn_ylw-pushpin30031</styleUrl>
				<Polygon>
					<tessellate>1</tessellate>
					<outerBoundaryIs>
						<LinearRing>
							<coordinates>
								-71.51015797388348,-16.37702926254245,0 -71.50971084768246,-16.37739145217132,0 -71.50929290897838,-16.37696588444692,0 -71.50972520766155,-16.37660648952612,0 -71.51015797388348,-16.37702926254245,0 
							</coordinates>
						</LinearRing>
					</outerBoundaryIs>
				</Polygon>
			</Placemark>
			<Placemark>
				<name>1.11.22-62</name>
				<styleUrl>#msn_ylw-pushpin30031</styleUrl>
				<Polygon>
					<tessellate>1</tessellate>
					<outerBoundaryIs>
						<LinearRing>
							<coordinates>
								-71.50965161906493,-16.37745168053251,0 -71.50920477959725,-16.37782691954875,0 -71.5088075957197,-16.37740309325422,0 -71.50923140225528,-16.37703183058028,0 -71.50965161906493,-16.37745168053251,0 
							</coordinates>
						</LinearRing>
					</outerBoundaryIs>
				</Polygon>
			</Placemark>
			<Placemark>
				<name>1.11.23-2</name>
				<styleUrl>#msn_ylw-pushpin30031</styleUrl>
				<Polygon>
					<tessellate>1</tessellate>
					<outerBoundaryIs>
						<LinearRing>
							<coordinates>
								-71.50523103272197,-16.3781933046402,0 -71.50516657354987,-16.37834640259379,0 -71.50499424313784,-16.37844044599282,0 -71.50481524486285,-16.37849473702672,0 -71.50458669577343,-16.3784416718721,0 -71.50477689592113,-16.37802675689769,0 -71.50523103272197,-16.3781933046402,0 
							</coordinates>
						</LinearRing>
					</outerBoundaryIs>
				</Polygon>
			</Placemark>
			<Placemark>
				<name>1.11.23-3</name>
				<styleUrl>#msn_ylw-pushpin30031</styleUrl>
				<Polygon>
					<tessellate>1</tessellate>
					<outerBoundaryIs>
						<LinearRing>
							<coordinates>
								-71.50471644549451,-16.37800305604762,0 -71.50456376170031,-16.37839670790085,0 -71.50391169492096,-16.37812242922909,0 -71.50407501356082,-16.37777013374482,0 -71.50471644549451,-16.37800305604762,0 
							</coordinates>
						</LinearRing>
					</outerBoundaryIs>
				</Polygon>
			</Placemark>
			<Placemark>
				<name>1.11.23-4</name>
				<styleUrl>#msn_ylw-pushpin30031</styleUrl>
				<Polygon>
					<tessellate>1</tessellate>
					<outerBoundaryIs>
						<LinearRing>
							<coordinates>
								-71.50406413173694,-16.37775276768088,0 -71.50391034908191,-16.37805063374987,0 -71.50352204845481,-16.37783343943073,0 -71.50331463818426,-16.37763527481192,0 -71.50334315435249,-16.37742764899451,0 -71.50363276248947,-16.37733088731291,0 -71.50373123634562,-16.37760802414123,0 -71.50406413173694,-16.37775276768088,0 
							</coordinates>
						</LinearRing>
					</outerBoundaryIs>
				</Polygon>
			</Placemark>
			<Placemark>
				<name>1.11.23-5</name>
				<styleUrl>#msn_ylw-pushpin30031</styleUrl>
				<Polygon>
					<tessellate>1</tessellate>
					<outerBoundaryIs>
						<LinearRing>
							<coordinates>
								-71.50362841287831,-16.37730398559641,0 -71.50334351826085,-16.37740269129804,0 -71.50319558961138,-16.3771869393517,0 -71.50326960818585,-16.37688069255013,0 -71.50348577625887,-16.37698956076406,0 -71.50362841287831,-16.37730398559641,0 
							</coordinates>
						</LinearRing>
					</outerBoundaryIs>
				</Polygon>
			</Placemark>
			<Placemark>
				<name>1.11.23-6</name>
				<styleUrl>#msn_ylw-pushpin30031</styleUrl>
				<Polygon>
					<tessellate>1</tessellate>
					<outerBoundaryIs>
						<LinearRing>
							<coordinates>
								-71.50334307803915,-16.37586046737243,0 -71.5033747845218,-16.37619355812724,0 -71.50313143478643,-16.37614561520408,0 -71.50310514839086,-16.37579839001153,0 -71.50334307803915,-16.37586046737243,0 
							</coordinates>
						</LinearRing>
					</outerBoundaryIs>
				</Polygon>
			</Placemark>
			<Placemark>
				<name>1.11.25-3</name>
				<styleUrl>#msn_ylw-pushpin30031</styleUrl>
				<Polygon>
					<tessellate>1</tessellate>
					<outerBoundaryIs>
						<LinearRing>
							<coordinates>
								-71.50794641209852,-16.37837298565905,0 -71.50776611838917,-16.37859150359105,0 -71.50720285311759,-16.3781203383163,0 -71.50739305961238,-16.3779065427996,0 -71.50794641209852,-16.37837298565905,0 
							</coordinates>
						</LinearRing>
					</outerBoundaryIs>
				</Polygon>
			</Placemark>
			<Placemark>
				<name>1.11.25-4</name>
				<styleUrl>#msn_ylw-pushpin30031</styleUrl>
				<Polygon>
					<tessellate>1</tessellate>
					<outerBoundaryIs>
						<LinearRing>
							<coordinates>
								-71.50772548202194,-16.37865957392709,0 -71.50754015526958,-16.37888843379988,0 -71.50693795294391,-16.37836902197243,0 -71.50714943748508,-16.37816248318679,0 -71.50772548202194,-16.37865957392709,0 
							</coordinates>
						</LinearRing>
					</outerBoundaryIs>
				</Polygon>
			</Placemark>
			<Placemark>
				<name>1.11.25-6</name>
				<styleUrl>#msn_ylw-pushpin30031</styleUrl>
				<Polygon>
					<tessellate>1</tessellate>
					<outerBoundaryIs>
						<LinearRing>
							<coordinates>
								-71.50703101728385,-16.37816101678455,0 -71.50643941800284,-16.3776989520814,0 -71.50662742615354,-16.37746548478356,0 -71.50723544668173,-16.37794032031898,0 -71.50703101728385,-16.37816101678455,0 
							</coordinates>
						</LinearRing>
					</outerBoundaryIs>
				</Polygon>
			</Placemark>
			<Placemark>
				<name>1.11.25-7</name>
				<styleUrl>#msn_ylw-pushpin30031</styleUrl>
				<Polygon>
					<tessellate>1</tessellate>
					<outerBoundaryIs>
						<LinearRing>
							<coordinates>
								-71.5075301185075,-16.37763488556768,0 -71.50729850963097,-16.37789256895738,0 -71.50685796338557,-16.37754038753128,0 -71.50702284889785,-16.37734579389862,0 -71.50706862892012,-16.37732286130231,0 -71.50710568909955,-16.37732034825955,0 -71.50713915186621,-16.37731974930602,0 -71.50717842353957,-16.37733758733015,0 -71.5075301185075,-16.37763488556768,0 
							</coordinates>
						</LinearRing>
					</outerBoundaryIs>
				</Polygon>
			</Placemark>
			<Placemark>
				<name>1.11.26-3</name>
				<styleUrl>#msn_ylw-pushpin30031</styleUrl>
				<Polygon>
					<tessellate>1</tessellate>
					<outerBoundaryIs>
						<LinearRing>
							<coordinates>
								-71.50990234670925,-16.37890951614911,0 -71.50984916697557,-16.37921802900162,0 -71.50933229574679,-16.37915191161641,0 -71.50910120852016,-16.37890300045383,0 -71.50913130226047,-16.37878790157773,0 -71.50952904955699,-16.3788487087085,0 -71.50990234670925,-16.37890951614911,0 
							</coordinates>
						</LinearRing>
					</outerBoundaryIs>
				</Polygon>
			</Placemark>
			<Placemark>
				<name>1.11.26-6</name>
				<styleUrl>#msn_ylw-pushpin30031</styleUrl>
				<Polygon>
					<tessellate>1</tessellate>
					<outerBoundaryIs>
						<LinearRing>
							<coordinates>
								-71.50846062397139,-16.3785931856405,0 -71.50877943343693,-16.37899560330391,0 -71.50856637091597,-16.37917089551549,0 -71.5084192897252,-16.37911337157325,0 -71.50828658066419,-16.37907989093916,0 -71.50811959206258,-16.37903465806775,0 -71.50806052153716,-16.37902092372617,0 -71.50846062397139,-16.3785931856405,0 
							</coordinates>
						</LinearRing>
					</outerBoundaryIs>
				</Polygon>
			</Placemark>
			<Placemark>
				<name>1.11.27-3</name>
				<styleUrl>#msn_ylw-pushpin30031</styleUrl>
				<Polygon>
					<tessellate>1</tessellate>
					<outerBoundaryIs>
						<LinearRing>
							<coordinates>
								-71.506048674786,-16.37965171237832,0 -71.50590670303069,-16.38007710196198,0 -71.50570127071848,-16.38000760350012,0 -71.50588041852983,-16.37959703474913,0 -71.506048674786,-16.37965171237832,0 
							</coordinates>
						</LinearRing>
					</outerBoundaryIs>
				</Polygon>
			</Placemark>
			<Placemark>
				<name>1.11.28-1</name>
				<styleUrl>#msn_ylw-pushpin30031</styleUrl>
				<Polygon>
					<tessellate>1</tessellate>
					<outerBoundaryIs>
						<LinearRing>
							<coordinates>
								-71.50558898585309,-16.37942161126793,0 -71.5048820421885,-16.37912531994345,0 -71.50502740558238,-16.37875931899301,0 -71.50575406178979,-16.37901662463855,0 -71.50558898585309,-16.37942161126793,0 
							</coordinates>
						</LinearRing>
					</outerBoundaryIs>
				</Polygon>
			</Placemark>
			<Placemark>
				<name>1.11.33-1</name>
				<styleUrl>#msn_ylw-pushpin30031</styleUrl>
				<Polygon>
					<tessellate>1</tessellate>
					<outerBoundaryIs>
						<LinearRing>
							<coordinates>
								-71.51002383615598,-16.38423885579193,0 -71.51013577632638,-16.38461012597931,0 -71.51020455171705,-16.38473620957976,0 -71.51001318915026,-16.38486067202087,0 -71.50968230158482,-16.38454266132823,0 -71.51002383615598,-16.38423885579193,0 
							</coordinates>
						</LinearRing>
					</outerBoundaryIs>
				</Polygon>
			</Placemark>
			<Placemark>
				<name>1.11.33-2</name>
				<styleUrl>#msn_ylw-pushpin30031</styleUrl>
				<Polygon>
					<tessellate>1</tessellate>
					<outerBoundaryIs>
						<LinearRing>
							<coordinates>
								-71.50997114630412,-16.38401511531202,0 -71.51002072706702,-16.38417828657404,0 -71.50966983067713,-16.38452983647765,0 -71.50943602172001,-16.38430345763403,0 -71.5096236354558,-16.38413774411952,0 -71.50973209772783,-16.38402793918695,0 -71.50984180929727,-16.3839148363126,0 -71.50997114630412,-16.38401511531202,0 
							</coordinates>
						</LinearRing>
					</outerBoundaryIs>
				</Polygon>
			</Placemark>
			<Placemark>
				<name>1.11.33-5</name>
				<styleUrl>#msn_ylw-pushpin30031</styleUrl>
				<Polygon>
					<tessellate>1</tessellate>
					<outerBoundaryIs>
						<LinearRing>
							<coordinates>
								-71.50917416804579,-16.38343928821709,0 -71.5088618470289,-16.38377471482222,0 -71.50857392736023,-16.38351096328671,0 -71.50877488957288,-16.38330476783669,0 -71.50890908678439,-16.38343314263078,0 -71.50903926001078,-16.38331053707884,0 -71.50917416804579,-16.38343928821709,0 
							</coordinates>
						</LinearRing>
					</outerBoundaryIs>
				</Polygon>
			</Placemark>
			<Placemark>
				<name>1.11.33-6</name>
				<styleUrl>#msn_ylw-pushpin30031</styleUrl>
				<Polygon>
					<tessellate>1</tessellate>
					<outerBoundaryIs>
						<LinearRing>
							<coordinates>
								-71.50918894129221,-16.38340713131032,0 -71.50907747190037,-16.3833036364222,0 -71.50923961425265,-16.38316022753905,0 -71.50941298769408,-16.38330020147867,0 -71.50954541802381,-16.38340140801054,0 -71.50997212217909,-16.38367183897375,0 -71.50984661913337,-16.3838469932501,0 -71.50918894129221,-16.38340713131032,0 
							</coordinates>
						</LinearRing>
					</outerBoundaryIs>
				</Polygon>
			</Placemark>
			<Placemark>
				<name>1.11.34-2</name>
				<styleUrl>#msn_ylw-pushpin30031</styleUrl>
				<Polygon>
					<tessellate>1</tessellate>
					<outerBoundaryIs>
						<LinearRing>
							<coordinates>
								-71.51051471752668,-16.38508884943751,0 -71.51072584368508,-16.38523345185311,0 -71.51070298341573,-16.38529987470312,0 -71.51063631501339,-16.38536715046203,0 -71.51026818019321,-16.38564575635389,0 -71.51006288054457,-16.38567537317188,0 -71.5099550332661,-16.38565843027948,0 -71.50994508727565,-16.3855708214081,0 -71.51001426711898,-16.38556380325847,0 -71.51011193900634,-16.38552650099458,0 -71.51016136900765,-16.38551573855294,0 -71.51051471752668,-16.38508884943751,0 
							</coordinates>
						</LinearRing>
					</outerBoundaryIs>
				</Polygon>
			</Placemark>
			<Placemark>
				<name>1.11.34-3</name>
				<styleUrl>#msn_ylw-pushpin30031</styleUrl>
				<Polygon>
					<tessellate>1</tessellate>
					<outerBoundaryIs>
						<LinearRing>
							<coordinates>
								-71.51014415928313,-16.38549202967463,0 -71.51011293247497,-16.38550593051891,0 -71.51005425178042,-16.38552148297939,0 -71.5100065396667,-16.38554076456792,0 -71.50995724763439,-16.38555282681663,0 -71.50990500760533,-16.38554515535019,0 -71.50983388031503,-16.38552316133748,0 -71.50969126340165,-16.38542078467038,0 -71.51015391849012,-16.38484471657632,0 -71.51047659752373,-16.38506579295524,0 -71.51014415928313,-16.38549202967463,0 
							</coordinates>
						</LinearRing>
					</outerBoundaryIs>
				</Polygon>
			</Placemark>
			<Placemark>
				<name>1.11.34-4</name>
				<styleUrl>#msn_ylw-pushpin30031</styleUrl>
				<Polygon>
					<tessellate>1</tessellate>
					<outerBoundaryIs>
						<LinearRing>
							<coordinates>
								-71.50955891256082,-16.38455759695882,0 -71.50969617106952,-16.38470864672485,0 -71.50943932126194,-16.38494903643539,0 -71.50928477605922,-16.38482088205196,0 -71.50955891256082,-16.38455759695882,0 
							</coordinates>
						</LinearRing>
					</outerBoundaryIs>
				</Polygon>
			</Placemark>
			<Placemark>
				<name>1.11.34-5</name>
				<styleUrl>#msn_ylw-pushpin30031</styleUrl>
				<Polygon>
					<tessellate>1</tessellate>
					<outerBoundaryIs>
						<LinearRing>
							<coordinates>
								-71.50924784353536,-16.38426834713532,0 -71.50953825522603,-16.3845370954541,0 -71.50926287342159,-16.38479890985916,0 -71.50895972041707,-16.38459278654371,0 -71.50924784353536,-16.38426834713532,0 
							</coordinates>
						</LinearRing>
					</outerBoundaryIs>
				</Polygon>
			</Placemark>
			<Placemark>
				<name>1.11.34-6</name>
				<styleUrl>#msn_ylw-pushpin30031</styleUrl>
				<Polygon>
					<tessellate>1</tessellate>
					<outerBoundaryIs>
						<LinearRing>
							<coordinates>
								-71.50894636384936,-16.38398286082984,0 -71.50922401006389,-16.38425047287034,0 -71.50892383109952,-16.38457327633815,0 -71.50858649533001,-16.38434836307803,0 -71.50894636384936,-16.38398286082984,0 
							</coordinates>
						</LinearRing>
					</outerBoundaryIs>
				</Polygon>
			</Placemark>
			<Placemark>
				<name>1.11.34-7</name>
				<styleUrl>#msn_ylw-pushpin30031</styleUrl>
				<Polygon>
					<tessellate>1</tessellate>
					<outerBoundaryIs>
						<LinearRing>
							<coordinates>
								-71.50890861683585,-16.38395652977088,0 -71.508568121727,-16.38431671867262,0 -71.5083980249257,-16.38421593639267,0 -71.50836528723923,-16.38417560713954,0 -71.50830384119263,-16.38405878610833,0 -71.50865160565588,-16.38369274550952,0 -71.50890861683585,-16.38395652977088,0 
							</coordinates>
						</LinearRing>
					</outerBoundaryIs>
				</Polygon>
			</Placemark>
			<Placemark>
				<name>1.11.34-8</name>
				<styleUrl>#msn_ylw-pushpin30031</styleUrl>
				<Polygon>
					<tessellate>1</tessellate>
					<outerBoundaryIs>
						<LinearRing>
							<coordinates>
								-71.50861027761536,-16.38366707487096,0 -71.5082838847044,-16.38401969165115,0 -71.50810918179099,-16.38365043456843,0 -71.50834781700286,-16.38339011588187,0 -71.50861027761536,-16.38366707487096,0 
							</coordinates>
						</LinearRing>
					</outerBoundaryIs>
				</Polygon>
			</Placemark>
			<Placemark>
				<name>1.11.34-9</name>
				<styleUrl>#msn_ylw-pushpin30031</styleUrl>
				<Polygon>
					<tessellate>1</tessellate>
					<outerBoundaryIs>
						<LinearRing>
							<coordinates>
								-71.50831844581387,-16.38336337323153,0 -71.50809233797183,-16.38360905112755,0 -71.50798816605472,-16.38339633352652,0 -71.50792965570973,-16.38334022068383,0 -71.50761668538006,-16.38319706418525,0 -71.50772431260286,-16.38296800139159,0 -71.50804304752944,-16.38310325754768,0 -71.50831844581387,-16.38336337323153,0 
							</coordinates>
						</LinearRing>
					</outerBoundaryIs>
				</Polygon>
			</Placemark>
			<Placemark>
				<name>1.11.34-10</name>
				<styleUrl>#msn_ylw-pushpin30031</styleUrl>
				<Polygon>
					<tessellate>1</tessellate>
					<outerBoundaryIs>
						<LinearRing>
							<coordinates>
								-71.50769599493226,-16.38295485652467,0 -71.50758916304606,-16.3831936166169,0 -71.50725164294697,-16.38305587669071,0 -71.50734576794314,-16.3828279064815,0 -71.50769599493226,-16.38295485652467,0 
							</coordinates>
						</LinearRing>
					</outerBoundaryIs>
				</Polygon>
			</Placemark>
			<Placemark>
				<name>1.11.34-11</name>
				<styleUrl>#msn_ylw-pushpin30031</styleUrl>
				<Polygon>
					<tessellate>1</tessellate>
					<outerBoundaryIs>
						<LinearRing>
							<coordinates>
								-71.50741785021661,-16.38248560373402,0 -71.5072029046749,-16.38304120638306,0 -71.50682789117423,-16.38290057466638,0 -71.50713465780308,-16.38225167420676,0 -71.50741785021661,-16.38248560373402,0 
							</coordinates>
						</LinearRing>
					</outerBoundaryIs>
				</Polygon>
			</Placemark>
			<Placemark>
				<name>1.11.34-12</name>
				<styleUrl>#msn_ylw-pushpin30031</styleUrl>
				<Polygon>
					<tessellate>1</tessellate>
					<outerBoundaryIs>
						<LinearRing>
							<coordinates>
								-71.50707792518465,-16.38222438452767,0 -71.50678937117199,-16.38283979795528,0 -71.50643329144216,-16.38263953266532,0 -71.50674170207949,-16.38204225351094,0 -71.50707792518465,-16.38222438452767,0 
							</coordinates>
						</LinearRing>
					</outerBoundaryIs>
				</Polygon>
			</Placemark>
			<Placemark>
				<name>1.11.34-13</name>
				<styleUrl>#msn_ylw-pushpin30031</styleUrl>
				<Polygon>
					<tessellate>1</tessellate>
					<outerBoundaryIs>
						<LinearRing>
							<coordinates>
								-71.50656133271086,-16.38228591041569,0 -71.50638774136817,-16.38259782983225,0 -71.5057775870296,-16.38231559487952,0 -71.50595946334516,-16.38196816490132,0 -71.50628203159366,-16.38212846476781,0 -71.50656133271086,-16.38228591041569,0 
							</coordinates>
						</LinearRing>
					</outerBoundaryIs>
				</Polygon>
			</Placemark>
			<Placemark>
				<name>1.11.34-14</name>
				<styleUrl>#msn_ylw-pushpin30031</styleUrl>
				<Polygon>
					<tessellate>1</tessellate>
					<outerBoundaryIs>
						<LinearRing>
							<coordinates>
								-71.50651272665948,-16.38174153212349,0 -71.50633227338113,-16.38208970380504,0 -71.50597906825261,-16.38193455905043,0 -71.50611331918327,-16.38167123029655,0 -71.50651272665948,-16.38174153212349,0 
							</coordinates>
						</LinearRing>
					</outerBoundaryIs>
				</Polygon>
			</Placemark>
			<Placemark>
				<name>1.11.35-4</name>
				<styleUrl>#msn_ylw-pushpin30031</styleUrl>
				<Polygon>
					<tessellate>1</tessellate>
					<outerBoundaryIs>
						<LinearRing>
							<coordinates>
								-71.50912765521555,-16.38476296691459,0 -71.50891946038961,-16.38502788697841,0 -71.50867503040166,-16.38485665245753,0 -71.50886875934437,-16.38459657796856,0 -71.50912765521555,-16.38476296691459,0 
							</coordinates>
						</LinearRing>
					</outerBoundaryIs>
				</Polygon>
			</Placemark>
			<Placemark>
				<name>1.11.35-5</name>
				<styleUrl>#msn_ylw-pushpin30031</styleUrl>
				<Polygon>
					<tessellate>1</tessellate>
					<outerBoundaryIs>
						<LinearRing>
							<coordinates>
								-71.50938470147135,-16.38501906861655,0 -71.50919183151146,-16.38526015997148,0 -71.50894032490436,-16.385045616214,0 -71.50914873354806,-16.38476840842125,0 -71.50924849381435,-16.38484959183825,0 -71.50938470147135,-16.38501906861655,0 
							</coordinates>
						</LinearRing>
					</outerBoundaryIs>
				</Polygon>
			</Placemark>
			<Placemark>
				<name>1.11.36-1</name>
				<styleUrl>#msn_ylw-pushpin30031</styleUrl>
				<Polygon>
					<tessellate>1</tessellate>
					<outerBoundaryIs>
						<LinearRing>
							<coordinates>
								-71.50956210604809,-16.38539335451656,0 -71.50960953739832,-16.38541157494803,0 -71.50963699512208,-16.38543007261524,0 -71.50963955890379,-16.38546293377799,0 -71.50962355040343,-16.38550073342667,0 -71.50959207854885,-16.38553235364291,0 -71.50947798049539,-16.38555938038987,0 -71.50921507393785,-16.38559083129172,0 -71.50897829252666,-16.38562252504188,0 -71.50920692249142,-16.38537033906868,0 -71.50956210604809,-16.38539335451656,0 
							</coordinates>
						</LinearRing>
					</outerBoundaryIs>
				</Polygon>
			</Placemark>
			<Placemark>
				<name>1.11.37-4</name>
				<styleUrl>#msn_ylw-pushpin30031</styleUrl>
				<Polygon>
					<tessellate>1</tessellate>
					<outerBoundaryIs>
						<LinearRing>
							<coordinates>
								-71.50697738563777,-16.38338798430125,0 -71.50674123682305,-16.38383596211746,0 -71.50643441469846,-16.3836896232647,0 -71.50667288876691,-16.38324274034059,0 -71.50697738563777,-16.38338798430125,0 
							</coordinates>
						</LinearRing>
					</outerBoundaryIs>
				</Polygon>
			</Placemark>
			<Placemark>
				<name>1.11.37-5</name>
				<styleUrl>#msn_ylw-pushpin30031</styleUrl>
				<Polygon>
					<tessellate>1</tessellate>
					<outerBoundaryIs>
						<LinearRing>
							<coordinates>
								-71.5066420520391,-16.38323522365047,0 -71.50640422030099,-16.38367875314038,0 -71.50614874261566,-16.38355306660871,0 -71.50638518239404,-16.38309711926669,0 -71.5066420520391,-16.38323522365047,0 
							</coordinates>
						</LinearRing>
					</outerBoundaryIs>
				</Polygon>
			</Placemark>
			<Placemark>
				<name>1.11.37-6</name>
				<styleUrl>#msn_ylw-pushpin30031</styleUrl>
				<Polygon>
					<tessellate>1</tessellate>
					<outerBoundaryIs>
						<LinearRing>
							<coordinates>
								-71.50636283873195,-16.38307702461558,0 -71.50612370430019,-16.38354371345861,0 -71.5059071577484,-16.38343537593345,0 -71.50613722538453,-16.38297491677467,0 -71.50636283873195,-16.38307702461558,0 
							</coordinates>
						</LinearRing>
					</outerBoundaryIs>
				</Polygon>
			</Placemark>
			<Placemark>
				<name>1.11.37-7</name>
				<styleUrl>#msn_ylw-pushpin30031</styleUrl>
				<Polygon>
					<tessellate>1</tessellate>
					<outerBoundaryIs>
						<LinearRing>
							<coordinates>
								-71.50610752470678,-16.38296949561095,0 -71.50587781114115,-16.38341806017992,0 -71.50563909320344,-16.38330924170608,0 -71.50587306318488,-16.38284998098297,0 -71.50610752470678,-16.38296949561095,0 
							</coordinates>
						</LinearRing>
					</outerBoundaryIs>
				</Polygon>
			</Placemark>
			<Placemark>
				<name>1.11.37-8</name>
				<styleUrl>#msn_ylw-pushpin30031</styleUrl>
				<Polygon>
					<tessellate>1</tessellate>
					<outerBoundaryIs>
						<LinearRing>
							<coordinates>
								-71.50573538732024,-16.38300980746146,0 -71.50559983896713,-16.38328780652043,0 -71.50517076181245,-16.38310946209617,0 -71.5049632101324,-16.38298887120653,0 -71.5051037414251,-16.38271890059516,0 -71.50573538732024,-16.38300980746146,0 
							</coordinates>
						</LinearRing>
					</outerBoundaryIs>
				</Polygon>
			</Placemark>
			<Placemark>
				<name>1.11.37-9</name>
				<styleUrl>#msn_ylw-pushpin30031</styleUrl>
				<Polygon>
					<tessellate>1</tessellate>
					<outerBoundaryIs>
						<LinearRing>
							<coordinates>
								-71.50582969457399,-16.38282554483991,0 -71.50575351769804,-16.38298138461038,0 -71.50531390625213,-16.38278365083944,0 -71.50552442621357,-16.38271057032475,0 -71.50559682167589,-16.38270494093703,0 -71.50582969457399,-16.38282554483991,0 
							</coordinates>
						</LinearRing>
					</outerBoundaryIs>
				</Polygon>
			</Placemark>
			<Placemark>
				<name>1.11.38-1</name>
				<styleUrl>#msn_ylw-pushpin30031</styleUrl>
				<Polygon>
					<tessellate>1</tessellate>
					<outerBoundaryIs>
						<LinearRing>
							<coordinates>
								-71.50783173426574,-16.38402689733776,0 -71.5076067212579,-16.38361725130977,0 -71.5077359830549,-16.38330612712016,0 -71.50790982003153,-16.38337293676795,0 -71.50795215736788,-16.38345838858793,0 -71.50777637984,-16.3835994465639,0 -71.50795956389011,-16.38396493645709,0 -71.50783173426574,-16.38402689733776,0 
							</coordinates>
						</LinearRing>
					</outerBoundaryIs>
				</Polygon>
			</Placemark>
			<Placemark>
				<name>1.11.38-2</name>
				<styleUrl>#msn_ylw-pushpin30031</styleUrl>
				<Polygon>
					<tessellate>1</tessellate>
					<outerBoundaryIs>
						<LinearRing>
							<coordinates>
								-71.50771050861469,-16.38329814378456,0 -71.50758199214191,-16.38360317333002,0 -71.50732905718309,-16.38348120328739,0 -71.50745134462797,-16.38319342839065,0 -71.50771050861469,-16.38329814378456,0 
							</coordinates>
						</LinearRing>
					</outerBoundaryIs>
				</Polygon>
			</Placemark>
			<Placemark>
				<name>1.11.38-3</name>
				<styleUrl>#msn_ylw-pushpin30031</styleUrl>
				<Polygon>
					<tessellate>1</tessellate>
					<outerBoundaryIs>
						<LinearRing>
							<coordinates>
								-71.50741373003352,-16.38318560366311,0 -71.50730008088591,-16.38347282507193,0 -71.50703676641812,-16.38334601045311,0 -71.50714851216843,-16.38307599155341,0 -71.50741373003352,-16.38318560366311,0 
							</coordinates>
						</LinearRing>
					</outerBoundaryIs>
				</Polygon>
			</Placemark>
			<Placemark>
				<name>1.11.38-4</name>
				<styleUrl>#msn_ylw-pushpin30031</styleUrl>
				<Polygon>
					<tessellate>1</tessellate>
					<outerBoundaryIs>
						<LinearRing>
							<coordinates>
								-71.50711848693497,-16.38307705313308,0 -71.50701048390994,-16.38333090357994,0 -71.50669435326959,-16.38318825163434,0 -71.50681093883261,-16.38294430838678,0 -71.50711848693497,-16.38307705313308,0 
							</coordinates>
						</LinearRing>
					</outerBoundaryIs>
				</Polygon>
			</Placemark>
			<Placemark>
				<name>1.11.38-5</name>
				<styleUrl>#msn_ylw-pushpin30031</styleUrl>
				<Polygon>
					<tessellate>1</tessellate>
					<outerBoundaryIs>
						<LinearRing>
							<coordinates>
								-71.50675635329581,-16.38292760816251,0 -71.50664615248374,-16.38315256236194,0 -71.50642435831779,-16.38305357391333,0 -71.50656535809894,-16.38281536878991,0 -71.50675635329581,-16.38292760816251,0 
							</coordinates>
						</LinearRing>
					</outerBoundaryIs>
				</Polygon>
			</Placemark>
			<Placemark>
				<name>1.11.38-6</name>
				<styleUrl>#msn_ylw-pushpin30031</styleUrl>
				<Polygon>
					<tessellate>1</tessellate>
					<outerBoundaryIs>
						<LinearRing>
							<coordinates>
								-71.50654109169965,-16.38280431765165,0 -71.50640212121986,-16.3830366880321,0 -71.50620466537529,-16.38294006538481,0 -71.50634802629655,-16.38270130989025,0 -71.50654109169965,-16.38280431765165,0 
							</coordinates>
						</LinearRing>
					</outerBoundaryIs>
				</Polygon>
			</Placemark>
			<Placemark>
				<name>1.11.38-7</name>
				<styleUrl>#msn_ylw-pushpin30031</styleUrl>
				<Polygon>
					<tessellate>1</tessellate>
					<outerBoundaryIs>
						<LinearRing>
							<coordinates>
								-71.50632242245592,-16.38268883969667,0 -71.50618290600376,-16.38292917766554,0 -71.50587611406299,-16.38278551545142,0 -71.5060342089717,-16.38251287568731,0 -71.50632242245592,-16.38268883969667,0 
							</coordinates>
						</LinearRing>
					</outerBoundaryIs>
				</Polygon>
			</Placemark>
			<Placemark>
				<name>1.11.38-8</name>
				<styleUrl>#msn_ylw-pushpin30031</styleUrl>
				<Polygon>
					<tessellate>1</tessellate>
					<outerBoundaryIs>
						<LinearRing>
							<coordinates>
								-71.50600467588447,-16.38251319893538,0 -71.50585545680288,-16.3827771114064,0 -71.50555228291323,-16.38262736105706,0 -71.50572734299131,-16.38235761655525,0 -71.50600467588447,-16.38251319893538,0 
							</coordinates>
						</LinearRing>
					</outerBoundaryIs>
				</Polygon>
			</Placemark>
			<Placemark>
				<name>1.11.38-9</name>
				<styleUrl>#msn_ylw-pushpin30031</styleUrl>
				<Polygon>
					<tessellate>1</tessellate>
					<outerBoundaryIs>
						<LinearRing>
							<coordinates>
								-71.50570346824902,-16.38235066914599,0 -71.5055293065663,-16.38261464969104,0 -71.50536913512462,-16.38254668549027,0 -71.50535001530275,-16.38262308772467,0 -71.50532969594225,-16.38273099862423,0 -71.5052107805393,-16.38269644986395,0 -71.50514750732214,-16.3826232008508,0 -71.50522753331994,-16.38242835110782,0 -71.50539116368864,-16.38216825930898,0 -71.50570346824902,-16.38235066914599,0 
							</coordinates>
						</LinearRing>
					</outerBoundaryIs>
				</Polygon>
			</Placemark>
			<Placemark>
				<name>1.11.38-10</name>
				<styleUrl>#msn_ylw-pushpin30031</styleUrl>
				<Polygon>
					<tessellate>1</tessellate>
					<outerBoundaryIs>
						<LinearRing>
							<coordinates>
								-71.50536737437692,-16.38216308184396,0 -71.50519791073376,-16.38243383327973,0 -71.50513137147328,-16.38260910338297,0 -71.50489850844076,-16.38226443926481,0 -71.50513168226401,-16.38200308298308,0 -71.50536737437692,-16.38216308184396,0 
							</coordinates>
						</LinearRing>
					</outerBoundaryIs>
				</Polygon>
			</Placemark>
			<Placemark>
				<name>1.11.38-11</name>
				<styleUrl>#msn_ylw-pushpin30031</styleUrl>
				<Polygon>
					<tessellate>1</tessellate>
					<outerBoundaryIs>
						<LinearRing>
							<coordinates>
								-71.50510326269499,-16.38198961903871,0 -71.50487803052445,-16.38223545707888,0 -71.50475795201029,-16.38217997253305,0 -71.50465481845517,-16.38210328851907,0 -71.50483731608004,-16.38186109149447,0 -71.5049885251195,-16.38192836363476,0 -71.50501231265397,-16.38192825189663,0 -71.50510326269499,-16.38198961903871,0 
							</coordinates>
						</LinearRing>
					</outerBoundaryIs>
				</Polygon>
			</Placemark>
			<Placemark>
				<name>1.11.38-12</name>
				<styleUrl>#msn_ylw-pushpin30031</styleUrl>
				<Polygon>
					<tessellate>1</tessellate>
					<outerBoundaryIs>
						<LinearRing>
							<coordinates>
								-71.50472299013062,-16.38195989440075,0 -71.50462106917618,-16.38208526094325,0 -71.50430802139793,-16.381875664196,0 -71.50451087611353,-16.38184078168255,0 -71.50472299013062,-16.38195989440075,0 
							</coordinates>
						</LinearRing>
					</outerBoundaryIs>
				</Polygon>
			</Placemark>
			<Placemark>
				<name>1.11.39-1</name>
				<styleUrl>#msn_ylw-pushpin30031</styleUrl>
				<Polygon>
					<tessellate>1</tessellate>
					<outerBoundaryIs>
						<LinearRing>
							<coordinates>
								-71.50507658177453,-16.38269841036264,0 -71.50494754568111,-16.38296856984647,0 -71.50437989611953,-16.38267780444856,0 -71.50452887153672,-16.38241527227052,0 -71.50507658177453,-16.38269841036264,0 
							</coordinates>
						</LinearRing>
					</outerBoundaryIs>
				</Polygon>
			</Placemark>
			<Placemark>
				<name>1.11.39-2</name>
				<styleUrl>#msn_ylw-pushpin30031</styleUrl>
				<Polygon>
					<tessellate>1</tessellate>
					<outerBoundaryIs>
						<LinearRing>
							<coordinates>
								-71.50506852677499,-16.38266427908382,0 -71.50454379653503,-16.38237791635229,0 -71.50464932076945,-16.38217315815961,0 -71.50489805790743,-16.38233661181973,0 -71.50506852677499,-16.38266427908382,0 
							</coordinates>
						</LinearRing>
					</outerBoundaryIs>
				</Polygon>
			</Placemark>
			<Placemark>
				<name>1.11.39-3</name>
				<styleUrl>#msn_ylw-pushpin30031</styleUrl>
				<Polygon>
					<tessellate>1</tessellate>
					<outerBoundaryIs>
						<LinearRing>
							<coordinates>
								-71.50461391888582,-16.38214739857875,0 -71.50434155987102,-16.38266343305784,0 -71.50407040359838,-16.38252446161242,0 -71.50436495920275,-16.38197966600234,0 -71.50461391888582,-16.38214739857875,0 
							</coordinates>
						</LinearRing>
					</outerBoundaryIs>
				</Polygon>
			</Placemark>
			<Placemark>
				<name>1.11.39-4</name>
				<styleUrl>#msn_ylw-pushpin30031</styleUrl>
				<Polygon>
					<tessellate>1</tessellate>
					<outerBoundaryIs>
						<LinearRing>
							<coordinates>
								-71.50430611006055,-16.38197031848041,0 -71.50402638668665,-16.38250161859778,0 -71.50381406674268,-16.38240335534862,0 -71.50388292557732,-16.38225696499818,0 -71.50382480579638,-16.38193611876425,0 -71.50414408134985,-16.38189230657828,0 -71.50430611006055,-16.38197031848041,0 
							</coordinates>
						</LinearRing>
					</outerBoundaryIs>
				</Polygon>
			</Placemark>
			<Placemark>
				<name>1.11.39-5</name>
				<styleUrl>#msn_ylw-pushpin30031</styleUrl>
				<Polygon>
					<tessellate>1</tessellate>
					<outerBoundaryIs>
						<LinearRing>
							<coordinates>
								-71.50378868554201,-16.38194376212555,0 -71.50384300131097,-16.38225224396965,0 -71.50377344231835,-16.3823923680149,0 -71.50362715327314,-16.38231291819233,0 -71.50341887740801,-16.3823056182392,0 -71.50339586397499,-16.38199884687011,0 -71.50378868554201,-16.38194376212555,0 
							</coordinates>
						</LinearRing>
					</outerBoundaryIs>
				</Polygon>
			</Placemark>
			<Placemark>
				<name>1.11.39-6</name>
				<styleUrl>#msn_ylw-pushpin30031</styleUrl>
				<Polygon>
					<tessellate>1</tessellate>
					<outerBoundaryIs>
						<LinearRing>
							<coordinates>
								-71.50332135030095,-16.38200151544858,0 -71.50337514972091,-16.38227357047373,0 -71.50234502953336,-16.38242968468813,0 -71.50221733015796,-16.38215209507141,0 -71.50244123515741,-16.38210259255423,0 -71.50332135030095,-16.38200151544858,0 
							</coordinates>
						</LinearRing>
					</outerBoundaryIs>
				</Polygon>
			</Placemark>
			<Placemark>
				<name>1.11.39-7</name>
				<styleUrl>#msn_ylw-pushpin30031</styleUrl>
				<Polygon>
					<tessellate>1</tessellate>
					<outerBoundaryIs>
						<LinearRing>
							<coordinates>
								-71.50334787199326,-16.38232203983589,0 -71.50333392619453,-16.38248294889756,0 -71.5027879370373,-16.38274395880025,0 -71.50270970303156,-16.38280350932635,0 -71.50258838515532,-16.38286317403083,0 -71.50239660465031,-16.38247619356247,0 -71.50334787199326,-16.38232203983589,0 
							</coordinates>
						</LinearRing>
					</outerBoundaryIs>
				</Polygon>
			</Placemark>
			<Placemark>
				<name>1.11.40-1</name>
				<styleUrl>#msn_ylw-pushpin30031</styleUrl>
				<Polygon>
					<tessellate>1</tessellate>
					<outerBoundaryIs>
						<LinearRing>
							<coordinates>
								-71.50241934082321,-16.38290627666108,0 -71.50223450230668,-16.38299783513892,0 -71.50205253448429,-16.38259543057856,0 -71.50233924423632,-16.38247887444829,0 -71.50252768340725,-16.38286137905856,0 -71.5025305646131,-16.3828989966688,0 -71.50255686264687,-16.38298403476842,0 -71.50244234319634,-16.38304653388105,0 -71.50240057296793,-16.38296013281187,0 -71.50250427100558,-16.38291356127945,0 -71.50248851733286,-16.38287923360185,0 -71.50241934082321,-16.38290627666108,0 
							</coordinates>
						</LinearRing>
					</outerBoundaryIs>
				</Polygon>
			</Placemark>
			<Placemark>
				<name>1.11.40-2</name>
				<styleUrl>#msn_ylw-pushpin30031</styleUrl>
				<Polygon>
					<tessellate>1</tessellate>
					<outerBoundaryIs>
						<LinearRing>
							<coordinates>
								-71.50202391781411,-16.38262062990982,0 -71.50221351706098,-16.3830193435641,0 -71.50199069856347,-16.38312774516957,0 -71.50163021375914,-16.38280249635979,0 -71.50202391781411,-16.38262062990982,0 
							</coordinates>
						</LinearRing>
					</outerBoundaryIs>
				</Polygon>
			</Placemark>
			<Placemark>
				<name>1.11.40-3</name>
				<styleUrl>#msn_ylw-pushpin30031</styleUrl>
				<Polygon>
					<tessellate>1</tessellate>
					<outerBoundaryIs>
						<LinearRing>
							<coordinates>
								-71.50218573220799,-16.38216873108155,0 -71.50231763982258,-16.3824227947153,0 -71.50156399937987,-16.38277146991721,0 -71.50147350375808,-16.38266648187872,0 -71.50139815582396,-16.38252781976141,0 -71.50175739389982,-16.3823525500267,0 -71.50218573220799,-16.38216873108155,0 
							</coordinates>
						</LinearRing>
					</outerBoundaryIs>
				</Polygon>
			</Placemark>
			<Placemark>
				<name>1.11.40-4</name>
				<styleUrl>#msn_ylw-pushpin30031</styleUrl>
				<Polygon>
					<tessellate>1</tessellate>
					<outerBoundaryIs>
						<LinearRing>
							<coordinates>
								-71.5013546223197,-16.38258511909894,0 -71.50142381444967,-16.38271619571207,0 -71.50107767418909,-16.38289127844213,0 -71.50092746514596,-16.38284940189029,0 -71.50089727982663,-16.38279333749178,0 -71.5013546223197,-16.38258511909894,0 
							</coordinates>
						</LinearRing>
					</outerBoundaryIs>
				</Polygon>
			</Placemark>
			<Placemark>
				<name>1.11.40-5</name>
				<styleUrl>#msn_ylw-pushpin30031</styleUrl>
				<Polygon>
					<tessellate>1</tessellate>
					<outerBoundaryIs>
						<LinearRing>
							<coordinates>
								-71.50057146547589,-16.38218476987009,0 -71.50091649371403,-16.38272039169713,0 -71.50087342708382,-16.38274508701056,0 -71.50069817396171,-16.38271695936982,0 -71.50049162266906,-16.38239625127086,0 -71.5003719732571,-16.38245615472941,0 -71.50024564320896,-16.38232115927161,0 -71.50050237812054,-16.38215548794568,0 -71.50057146547589,-16.38218476987009,0 
							</coordinates>
						</LinearRing>
					</outerBoundaryIs>
				</Polygon>
			</Placemark>
			<Placemark>
				<name>1.11.40-6</name>
				<styleUrl>#msn_ylw-pushpin30031</styleUrl>
				<Polygon>
					<tessellate>1</tessellate>
					<outerBoundaryIs>
						<LinearRing>
							<coordinates>
								-71.50044331295989,-16.38213871302485,0 -71.50035162717715,-16.3822186395446,0 -71.50000200359291,-16.38203598935267,0 -71.49971771766418,-16.38182625839583,0 -71.49942921389832,-16.38155865372122,0 -71.49955845945034,-16.38141735075846,0 -71.50044331295989,-16.38213871302485,0 
							</coordinates>
						</LinearRing>
					</outerBoundaryIs>
				</Polygon>
			</Placemark>
			<Placemark>
				<name>1.11.41-1</name>
				<styleUrl>#msn_ylw-pushpin30031</styleUrl>
				<Polygon>
					<tessellate>1</tessellate>
					<outerBoundaryIs>
						<LinearRing>
							<coordinates>
								-71.50553303475759,-16.38133320990253,0 -71.50540718266394,-16.38209254663878,0 -71.50504720789313,-16.38190715408835,0 -71.50509774379317,-16.38131440078219,0 -71.50553303475759,-16.38133320990253,0 
							</coordinates>
						</LinearRing>
					</outerBoundaryIs>
				</Polygon>
			</Placemark>
			<Placemark>
				<name>1.11.41-2</name>
				<styleUrl>#msn_ylw-pushpin30031</styleUrl>
				<Polygon>
					<tessellate>1</tessellate>
					<outerBoundaryIs>
						<LinearRing>
							<coordinates>
								-71.50503187993597,-16.38131193060409,0 -71.50497876328733,-16.38188397566208,0 -71.5047628694808,-16.38180629613338,0 -71.50459121113323,-16.38176391979159,0 -71.50464531686687,-16.38127215815855,0 -71.50503187993597,-16.38131193060409,0 
							</coordinates>
						</LinearRing>
					</outerBoundaryIs>
				</Polygon>
			</Placemark>
			<Placemark>
				<name>1.11.41-3</name>
				<styleUrl>#msn_ylw-pushpin30031</styleUrl>
				<Polygon>
					<tessellate>1</tessellate>
					<outerBoundaryIs>
						<LinearRing>
							<coordinates>
								-71.50457560110372,-16.38124748283041,0 -71.50451201919695,-16.38176920314566,0 -71.50438297497035,-16.38177264675619,0 -71.50423076784746,-16.3818054552198,0 -71.50407034910859,-16.38182549054665,0 -71.50417987941431,-16.38119433776551,0 -71.50457560110372,-16.38124748283041,0 
							</coordinates>
						</LinearRing>
					</outerBoundaryIs>
				</Polygon>
			</Placemark>
			<Placemark>
				<name>1.11.41-4</name>
				<styleUrl>#msn_ylw-pushpin30031</styleUrl>
				<Polygon>
					<tessellate>1</tessellate>
					<outerBoundaryIs>
						<LinearRing>
							<coordinates>
								-71.50412137436805,-16.38120227201471,0 -71.50402661054011,-16.38183099127742,0 -71.50379705262584,-16.38187426495145,0 -71.50373882961688,-16.38149493726147,0 -71.50369915253584,-16.38117295539964,0 -71.50412137436805,-16.38120227201471,0 
							</coordinates>
						</LinearRing>
					</outerBoundaryIs>
				</Polygon>
			</Placemark>
			<Placemark>
				<name>1.11.41-5</name>
				<styleUrl>#msn_ylw-pushpin30031</styleUrl>
				<Polygon>
					<tessellate>1</tessellate>
					<outerBoundaryIs>
						<LinearRing>
							<coordinates>
								-71.50364547950447,-16.38116765597138,0 -71.50375894767355,-16.38187503411946,0 -71.50337228094368,-16.381935475608,0 -71.50325814450643,-16.38124032286331,0 -71.50364547950447,-16.38116765597138,0 
							</coordinates>
						</LinearRing>
					</outerBoundaryIs>
				</Polygon>
			</Placemark>
			<Placemark>
				<name>1.11.41-6</name>
				<styleUrl>#msn_ylw-pushpin30031</styleUrl>
				<Polygon>
					<tessellate>1</tessellate>
					<outerBoundaryIs>
						<LinearRing>
							<coordinates>
								-71.50320315763651,-16.38124871035409,0 -71.50326845845947,-16.38177389757299,0 -71.50329566695518,-16.38194271799783,0 -71.50291346698771,-16.3820109652244,0 -71.50279902262645,-16.38131431979441,0 -71.50320315763651,-16.38124871035409,0 
							</coordinates>
						</LinearRing>
					</outerBoundaryIs>
				</Polygon>
			</Placemark>
			<Placemark>
				<name>1.11.41-7</name>
				<styleUrl>#msn_ylw-pushpin30031</styleUrl>
				<Polygon>
					<tessellate>1</tessellate>
					<outerBoundaryIs>
						<LinearRing>
							<coordinates>
								-71.50273686499519,-16.38133857343092,0 -71.50283734302266,-16.38201577767566,0 -71.50244776836871,-16.38207557039902,0 -71.50234830901385,-16.38140035386558,0 -71.50273686499519,-16.38133857343092,0 
							</coordinates>
						</LinearRing>
					</outerBoundaryIs>
				</Polygon>
			</Placemark>
			<Placemark>
				<name>1.11.41-8</name>
				<styleUrl>#msn_ylw-pushpin30031</styleUrl>
				<Polygon>
					<tessellate>1</tessellate>
					<outerBoundaryIs>
						<LinearRing>
							<coordinates>
								-71.501823811028,-16.38161865049181,0 -71.50208742926908,-16.38218743223809,0 -71.50176280838477,-16.38232314387974,0 -71.50149451704189,-16.38176400088883,0 -71.501823811028,-16.38161865049181,0 
							</coordinates>
						</LinearRing>
					</outerBoundaryIs>
				</Polygon>
			</Placemark>
			<Placemark>
				<name>1.11.41-9</name>
				<styleUrl>#msn_ylw-pushpin30031</styleUrl>
				<Polygon>
					<tessellate>1</tessellate>
					<outerBoundaryIs>
						<LinearRing>
							<coordinates>
								-71.50141718706975,-16.38178803527784,0 -71.50169520641415,-16.38235926228164,0 -71.50139363791922,-16.38250274901533,0 -71.50110986854989,-16.38195352138058,0 -71.50141718706975,-16.38178803527784,0 
							</coordinates>
						</LinearRing>
					</outerBoundaryIs>
				</Polygon>
			</Placemark>
			<Placemark>
				<name>1.11.41-10</name>
				<styleUrl>#msn_ylw-pushpin30031</styleUrl>
				<Polygon>
					<tessellate>1</tessellate>
					<outerBoundaryIs>
						<LinearRing>
							<coordinates>
								-71.50104633846517,-16.38198428239232,0 -71.50131916879556,-16.38253658849553,0 -71.50095779217111,-16.38270651903119,0 -71.50063812312888,-16.38217761513258,0 -71.50104633846517,-16.38198428239232,0 
							</coordinates>
						</LinearRing>
					</outerBoundaryIs>
				</Polygon>
			</Placemark>
			<Placemark>
				<name>1.11.42-1</name>
				<styleUrl>#msn_ylw-pushpin30031</styleUrl>
				<Polygon>
					<tessellate>1</tessellate>
					<outerBoundaryIs>
						<LinearRing>
							<coordinates>
								-71.50547800115298,-16.38107218462869,0 -71.50541263839342,-16.38118727371946,0 -71.50493183230252,-16.38115482650655,0 -71.50494618534721,-16.38095355586626,0 -71.50497110330896,-16.38073577866797,0 -71.50501111516812,-16.38057171032899,0 -71.50537971122839,-16.38056649627526,0 -71.50547800115298,-16.38107218462869,0 
							</coordinates>
						</LinearRing>
					</outerBoundaryIs>
				</Polygon>
			</Placemark>
			<Placemark>
				<name>1.11.42-2</name>
				<styleUrl>#msn_ylw-pushpin30031</styleUrl>
				<Polygon>
					<tessellate>1</tessellate>
					<outerBoundaryIs>
						<LinearRing>
							<coordinates>
								-71.50491552444677,-16.38067082033803,0 -71.50487975279505,-16.38079319109887,0 -71.5048630399894,-16.38114360247192,0 -71.50465475915789,-16.38111765260027,0 -71.50467669594588,-16.38076916004956,0 -71.50477098437577,-16.38076832072095,0 -71.50487576258469,-16.38066759631853,0 -71.50491552444677,-16.38067082033803,0 
							</coordinates>
						</LinearRing>
					</outerBoundaryIs>
				</Polygon>
			</Placemark>
			<Placemark>
				<name>1.11.42-3</name>
				<styleUrl>#msn_ylw-pushpin30031</styleUrl>
				<Polygon>
					<tessellate>1</tessellate>
					<outerBoundaryIs>
						<LinearRing>
							<coordinates>
								-71.50459077914421,-16.38083575488564,0 -71.50458675116352,-16.38111933240572,0 -71.50418957142567,-16.38109422886409,0 -71.50420442631415,-16.38084146521442,0 -71.50459077914421,-16.38083575488564,0 
							</coordinates>
						</LinearRing>
					</outerBoundaryIs>
				</Polygon>
			</Placemark>
			<Placemark>
				<name>1.11.42-4</name>
				<styleUrl>#msn_ylw-pushpin30031</styleUrl>
				<Polygon>
					<tessellate>1</tessellate>
					<outerBoundaryIs>
						<LinearRing>
							<coordinates>
								-71.50352821086791,-16.38052019643464,0 -71.50363144670413,-16.38105065175055,0 -71.50325154745124,-16.38110698812023,0 -71.50314653121136,-16.38055256626607,0 -71.50352821086791,-16.38052019643464,0 
							</coordinates>
						</LinearRing>
					</outerBoundaryIs>
				</Polygon>
			</Placemark>
			<Placemark>
				<name>1.11.42-5</name>
				<styleUrl>#msn_ylw-pushpin30031</styleUrl>
				<Polygon>
					<tessellate>1</tessellate>
					<outerBoundaryIs>
						<LinearRing>
							<coordinates>
								-71.50305475555548,-16.38052874011074,0 -71.50318252937035,-16.38111524582843,0 -71.50279408320958,-16.38117506475177,0 -71.50268390062622,-16.38059120040783,0 -71.50305475555548,-16.38052874011074,0 
							</coordinates>
						</LinearRing>
					</outerBoundaryIs>
				</Polygon>
			</Placemark>
			<Placemark>
				<name>1.11.42-7</name>
				<styleUrl>#msn_ylw-pushpin30031</styleUrl>
				<Polygon>
					<tessellate>1</tessellate>
					<outerBoundaryIs>
						<LinearRing>
							<coordinates>
								-71.50141571511998,-16.38085069141225,0 -71.50176398902524,-16.38148183112724,0 -71.50143391633183,-16.38163010864738,0 -71.50109123146761,-16.38097812100867,0 -71.50141571511998,-16.38085069141225,0 
							</coordinates>
						</LinearRing>
					</outerBoundaryIs>
				</Polygon>
			</Placemark>
			<Placemark>
				<name>1.11.42-8</name>
				<styleUrl>#msn_ylw-pushpin30031</styleUrl>
				<Polygon>
					<tessellate>1</tessellate>
					<outerBoundaryIs>
						<LinearRing>
							<coordinates>
								-71.50101465971413,-16.38098447367501,0 -71.50135988921511,-16.38166277739202,0 -71.50103957588476,-16.38180900293549,0 -71.50079246197302,-16.38133348185118,0 -71.50066666299317,-16.3810448732227,0 -71.50101465971413,-16.38098447367501,0 
							</coordinates>
						</LinearRing>
					</outerBoundaryIs>
				</Polygon>
			</Placemark>
			<Placemark>
				<name>1.11.42-9</name>
				<styleUrl>#msn_ylw-pushpin30031</styleUrl>
				<Polygon>
					<tessellate>1</tessellate>
					<outerBoundaryIs>
						<LinearRing>
							<coordinates>
								-71.50056011965665,-16.38105726018225,0 -71.5009745377242,-16.38183982907276,0 -71.50054311210562,-16.38205372547193,0 -71.49998509948995,-16.38118431726568,0 -71.50020263415125,-16.38111392847492,0 -71.50056011965665,-16.38105726018225,0 
							</coordinates>
						</LinearRing>
					</outerBoundaryIs>
				</Polygon>
			</Placemark>
			<Placemark>
				<name>1.11.43-1</name>
				<styleUrl>#msn_ylw-pushpin30031</styleUrl>
				<Polygon>
					<tessellate>1</tessellate>
					<outerBoundaryIs>
						<LinearRing>
							<coordinates>
								-71.5003146409054,-16.38183630277608,0 -71.50025234484403,-16.38187146773371,0 -71.50010008423055,-16.38176146105448,0 -71.49986802744966,-16.38157458800773,0 -71.49974109777315,-16.38144963843736,0 -71.49962327226216,-16.38127716465794,0 -71.49990822487952,-16.38118330396892,0 -71.5003146409054,-16.38183630277608,0 
							</coordinates>
						</LinearRing>
					</outerBoundaryIs>
				</Polygon>
			</Placemark>
			<Placemark>
				<name>1.11.51-21</name>
				<styleUrl>#msn_ylw-pushpin30031</styleUrl>
				<Polygon>
					<tessellate>1</tessellate>
					<outerBoundaryIs>
						<LinearRing>
							<coordinates>
								-71.49853513262653,-16.37480294080804,0 -71.498484725854,-16.37489098746453,0 -71.49836601471519,-16.37505184086461,0 -71.49814291997859,-16.37474921662641,0 -71.49825112724373,-16.37463255973996,0 -71.49853513262653,-16.37480294080804,0 
							</coordinates>
						</LinearRing>
					</outerBoundaryIs>
				</Polygon>
			</Placemark>
			<Placemark>
				<name>1.11.51-22</name>
				<styleUrl>#msn_ylw-pushpin30031</styleUrl>
				<Polygon>
					<tessellate>1</tessellate>
					<outerBoundaryIs>
						<LinearRing>
							<coordinates>
								-71.49883614803666,-16.37495742523676,0 -71.49857912518652,-16.37542787620673,0 -71.49839751347007,-16.37512409955016,0 -71.49857527367494,-16.37482155186632,0 -71.49883614803666,-16.37495742523676,0 
							</coordinates>
						</LinearRing>
					</outerBoundaryIs>
				</Polygon>
			</Placemark>
			<Placemark>
				<name>1.11.51-23</name>
				<styleUrl>#msn_ylw-pushpin30031</styleUrl>
				<Polygon>
					<tessellate>1</tessellate>
					<outerBoundaryIs>
						<LinearRing>
							<coordinates>
								-71.49887279366786,-16.37498424894331,0 -71.49896180021653,-16.37502543096046,0 -71.49901763845882,-16.37511777599028,0 -71.49874394021886,-16.37561187693449,0 -71.49861774616632,-16.37545934315677,0 -71.49887279366786,-16.37498424894331,0 
							</coordinates>
						</LinearRing>
					</outerBoundaryIs>
				</Polygon>
			</Placemark>
			<Placemark>
				<name>1.11.52-1</name>
				<styleUrl>#msn_ylw-pushpin30031</styleUrl>
				<Polygon>
					<tessellate>1</tessellate>
					<outerBoundaryIs>
						<LinearRing>
							<coordinates>
								-71.49891333847992,-16.3769189681178,0 -71.49870095740857,-16.37725324499355,0 -71.4984051542944,-16.37708315090642,0 -71.49833490335625,-16.37704616492868,0 -71.49853104773715,-16.37672269292714,0 -71.49891333847992,-16.3769189681178,0 
							</coordinates>
						</LinearRing>
					</outerBoundaryIs>
				</Polygon>
			</Placemark>
			<Placemark>
				<name>1.11.52-3</name>
				<styleUrl>#msn_ylw-pushpin30031</styleUrl>
				<Polygon>
					<tessellate>1</tessellate>
					<outerBoundaryIs>
						<LinearRing>
							<coordinates>
								-71.49933564915972,-16.37619606596416,0 -71.49914766032646,-16.37650215907833,0 -71.49885827061355,-16.37634688761782,0 -71.49874478550286,-16.37629080491373,0 -71.49892414920075,-16.37597678994785,0 -71.49933564915972,-16.37619606596416,0 
							</coordinates>
						</LinearRing>
					</outerBoundaryIs>
				</Polygon>
			</Placemark>
			<Placemark>
				<name>1.11.52-4</name>
				<styleUrl>#msn_ylw-pushpin30031</styleUrl>
				<Polygon>
					<tessellate>1</tessellate>
					<outerBoundaryIs>
						<LinearRing>
							<coordinates>
								-71.49953926894787,-16.3758346154533,0 -71.49936286160937,-16.37613950115855,0 -71.49895776795573,-16.37592383042687,0 -71.49913208374696,-16.37562023774133,0 -71.49953926894787,-16.3758346154533,0 
							</coordinates>
						</LinearRing>
					</outerBoundaryIs>
				</Polygon>
			</Placemark>
			<Placemark>
				<name>1.11.52-5</name>
				<styleUrl>#msn_ylw-pushpin30031</styleUrl>
				<Polygon>
					<tessellate>1</tessellate>
					<outerBoundaryIs>
						<LinearRing>
							<coordinates>
								-71.49974996952433,-16.37546935779011,0 -71.49957502182302,-16.37578124677894,0 -71.49904856001449,-16.3754962089002,0 -71.49918405389343,-16.37522069861608,0 -71.49932860895686,-16.37527250480888,0 -71.49940000187864,-16.37528182513601,0 -71.49974996952433,-16.37546935779011,0 
							</coordinates>
						</LinearRing>
					</outerBoundaryIs>
				</Polygon>
			</Placemark>
			<Placemark>
				<name>1.11.52-6</name>
				<styleUrl>#msn_ylw-pushpin30031</styleUrl>
				<Polygon>
					<tessellate>1</tessellate>
					<outerBoundaryIs>
						<LinearRing>
							<coordinates>
								-71.50043704147971,-16.37583993522568,0 -71.50025262752318,-16.37615467396917,0 -71.49966227811211,-16.37582299835014,0 -71.49984121338605,-16.37551636074079,0 -71.50043704147971,-16.37583993522568,0 
							</coordinates>
						</LinearRing>
					</outerBoundaryIs>
				</Polygon>
			</Placemark>
			<Placemark>
				<name>1.11.52-7</name>
				<styleUrl>#msn_ylw-pushpin30031</styleUrl>
				<Polygon>
					<tessellate>1</tessellate>
					<outerBoundaryIs>
						<LinearRing>
							<coordinates>
								-71.50022608365389,-16.37620312063388,0 -71.50004372963245,-16.37650403730087,0 -71.49944565402332,-16.3761779611999,0 -71.49962113138874,-16.37588571056442,0 -71.50022608365389,-16.37620312063388,0 
							</coordinates>
						</LinearRing>
					</outerBoundaryIs>
				</Polygon>
			</Placemark>
			<Placemark>
				<name>1.11.52-8</name>
				<styleUrl>#msn_ylw-pushpin30031</styleUrl>
				<Polygon>
					<tessellate>1</tessellate>
					<outerBoundaryIs>
						<LinearRing>
							<coordinates>
								-71.50001061076952,-16.37655643214935,0 -71.49983452287368,-16.37686853464262,0 -71.49923304440105,-16.37655003298495,0 -71.49941065204986,-16.37624008873551,0 -71.50001061076952,-16.37655643214935,0 
							</coordinates>
						</LinearRing>
					</outerBoundaryIs>
				</Polygon>
			</Placemark>
			<Placemark>
				<name>1.11.52-9</name>
				<styleUrl>#msn_ylw-pushpin30031</styleUrl>
				<Polygon>
					<tessellate>1</tessellate>
					<outerBoundaryIs>
						<LinearRing>
							<coordinates>
								-71.49979803638995,-16.37692874211295,0 -71.49962432626756,-16.37723349074727,0 -71.49900640665673,-16.37690356385587,0 -71.49919090764199,-16.37659701339495,0 -71.49979803638995,-16.37692874211295,0 
							</coordinates>
						</LinearRing>
					</outerBoundaryIs>
				</Polygon>
			</Placemark>
			<Placemark>
				<name>1.11.52-10</name>
				<styleUrl>#msn_ylw-pushpin30031</styleUrl>
				<Polygon>
					<tessellate>1</tessellate>
					<outerBoundaryIs>
						<LinearRing>
							<coordinates>
								-71.49958888021391,-16.37729918288399,0 -71.49941583565386,-16.37758590692515,0 -71.499034488869,-16.37742495805076,0 -71.49878924320571,-16.37729822655122,0 -71.49899403461201,-16.37696747727092,0 -71.49958888021391,-16.37729918288399,0 
							</coordinates>
						</LinearRing>
					</outerBoundaryIs>
				</Polygon>
			</Placemark>
			<Placemark>
				<name>1.11.52-11</name>
				<styleUrl>#msn_ylw-pushpin30031</styleUrl>
				<Polygon>
					<tessellate>1</tessellate>
					<outerBoundaryIs>
						<LinearRing>
							<coordinates>
								-71.50044559847854,-16.3765317128318,0 -71.5003511041479,-16.37650263147679,0 -71.50014861499005,-16.37681537948259,0 -71.5000544867523,-16.37710995275653,0 -71.5000277098939,-16.37742191052507,0 -71.49983670019002,-16.37777782577752,0 -71.49947566406274,-16.37761516380703,0 -71.49978656850463,-16.3770784141262,0 -71.50029198731751,-16.37624245995173,0 -71.50060727306067,-16.37640972012228,0 -71.50044559847854,-16.3765317128318,0 
							</coordinates>
						</LinearRing>
					</outerBoundaryIs>
				</Polygon>
			</Placemark>
			<Placemark>
				<name>1.11.52-12</name>
				<styleUrl>#msn_ylw-pushpin30031</styleUrl>
				<Polygon>
					<tessellate>1</tessellate>
					<outerBoundaryIs>
						<LinearRing>
							<coordinates>
								-71.50115939780808,-16.37635271113859,0 -71.50101287486052,-16.37630661651593,0 -71.50071966394816,-16.37641151933597,0 -71.50062881347179,-16.37635543822964,0 -71.5008134819947,-16.37606129109585,0 -71.50121259796323,-16.37628088380368,0 -71.50115939780808,-16.37635271113859,0 
							</coordinates>
						</LinearRing>
					</outerBoundaryIs>
				</Polygon>
			</Placemark>
			<Placemark>
				<name>1.11.52-13</name>
				<styleUrl>#msn_ylw-pushpin30031</styleUrl>
				<Polygon>
					<tessellate>1</tessellate>
					<outerBoundaryIs>
						<LinearRing>
							<coordinates>
								-71.50148018400861,-16.37589662574463,0 -71.50127564459507,-16.37622377707906,0 -71.500550484901,-16.37581277477515,0 -71.50073732000997,-16.37550612669268,0 -71.50148018400861,-16.37589662574463,0 
							</coordinates>
						</LinearRing>
					</outerBoundaryIs>
				</Polygon>
			</Placemark>
			<Placemark>
				<name>1.11.52-14</name>
				<styleUrl>#msn_ylw-pushpin30031</styleUrl>
				<Polygon>
					<tessellate>1</tessellate>
					<outerBoundaryIs>
						<LinearRing>
							<coordinates>
								-71.50317292787084,-16.37685970479286,0 -71.50303531123137,-16.3770860108286,0 -71.50279293887399,-16.37709312545029,0 -71.50254207670278,-16.37686695235082,0 -71.50224331407672,-16.37669999391224,0 -71.50162158730018,-16.37633787535056,0 -71.50138385421197,-16.37622884762197,0 -71.50154277038439,-16.37594500066879,0 -71.50220616243358,-16.37631823179322,0 -71.50317292787084,-16.37685970479286,0 
							</coordinates>
						</LinearRing>
					</outerBoundaryIs>
				</Polygon>
			</Placemark>
			<Placemark>
				<name>1.11.52-15</name>
				<styleUrl>#msn_ylw-pushpin30031</styleUrl>
				<Polygon>
					<tessellate>1</tessellate>
					<outerBoundaryIs>
						<LinearRing>
							<coordinates>
								-71.50299253716122,-16.37664514501598,0 -71.50261559418307,-16.37645793039925,0 -71.50291778411292,-16.3759020488963,0 -71.50295979852896,-16.37598124828826,0 -71.503002379329,-16.37624675244698,0 -71.50299253716122,-16.37664514501598,0 
							</coordinates>
						</LinearRing>
					</outerBoundaryIs>
				</Polygon>
			</Placemark>
			<Placemark>
				<name>1.11.52-16</name>
				<styleUrl>#msn_ylw-pushpin30031</styleUrl>
				<Polygon>
					<tessellate>1</tessellate>
					<outerBoundaryIs>
						<LinearRing>
							<coordinates>
								-71.5027379849688,-16.37609138835359,0 -71.50255732434822,-16.37641192145957,0 -71.5015545537639,-16.37588434265685,0 -71.50173626832262,-16.37555587528324,0 -71.50220821418468,-16.37581513604831,0 -71.5027379849688,-16.37609138835359,0 
							</coordinates>
						</LinearRing>
					</outerBoundaryIs>
				</Polygon>
			</Placemark>
			<Placemark>
				<name>1.11.52-17</name>
				<styleUrl>#msn_ylw-pushpin30031</styleUrl>
				<Polygon>
					<tessellate>1</tessellate>
					<outerBoundaryIs>
						<LinearRing>
							<coordinates>
								-71.50266181822636,-16.37558288248329,0 -71.50256154377696,-16.37572786820526,0 -71.50247711849696,-16.37588815217369,0 -71.50178185470293,-16.37551252599375,0 -71.50196088121717,-16.37519200747274,0 -71.50266181822636,-16.37558288248329,0 
							</coordinates>
						</LinearRing>
					</outerBoundaryIs>
				</Polygon>
			</Placemark>
			<Placemark>
				<name>1.11.52-19</name>
				<styleUrl>#msn_ylw-pushpin30031</styleUrl>
				<Polygon>
					<tessellate>1</tessellate>
					<outerBoundaryIs>
						<LinearRing>
							<coordinates>
								-71.50064784439866,-16.37547198756726,0 -71.50046623230996,-16.37575991719039,0 -71.49988062234971,-16.37544008847685,0 -71.50005638564976,-16.37514582504768,0 -71.50064784439866,-16.37547198756726,0 
							</coordinates>
						</LinearRing>
					</outerBoundaryIs>
				</Polygon>
			</Placemark>
			<Placemark>
				<name>1.11.52-21</name>
				<styleUrl>#msn_ylw-pushpin30031</styleUrl>
				<Polygon>
					<tessellate>1</tessellate>
					<outerBoundaryIs>
						<LinearRing>
							<coordinates>
								-71.49978156059895,-16.37473356828171,0 -71.49989655589074,-16.37487290683363,0 -71.49980672808178,-16.37496232938953,0 -71.49966655314503,-16.37504825571898,0 -71.49953800577545,-16.37483667774475,0 -71.49978156059895,-16.37473356828171,0 
							</coordinates>
						</LinearRing>
					</outerBoundaryIs>
				</Polygon>
			</Placemark>
			<Placemark>
				<name>1.11.52-22</name>
				<styleUrl>#msn_ylw-pushpin30031</styleUrl>
				<Polygon>
					<tessellate>1</tessellate>
					<outerBoundaryIs>
						<LinearRing>
							<coordinates>
								-71.49953313871953,-16.37490361851402,0 -71.49964438033867,-16.37506005425959,0 -71.49940156556455,-16.37521103376438,0 -71.4993280680533,-16.37520161215153,0 -71.49919370644881,-16.37515911864544,0 -71.49931045106042,-16.37504008857142,0 -71.49936457594666,-16.37500394639659,0 -71.49928687112869,-16.37489023922888,0 -71.49946533692584,-16.3747832284391,0 -71.49953313871953,-16.37490361851402,0 
							</coordinates>
						</LinearRing>
					</outerBoundaryIs>
				</Polygon>
			</Placemark>
			<Placemark>
				<name>1.11.52-23</name>
				<styleUrl>#msn_ylw-pushpin30031</styleUrl>
				<Polygon>
					<tessellate>1</tessellate>
					<outerBoundaryIs>
						<LinearRing>
							<coordinates>
								-71.49975044902592,-16.37445069752041,0 -71.49984207227141,-16.37464552382553,0 -71.49965577460171,-16.37466191005043,0 -71.4995033157122,-16.37467647850668,0 -71.49946295345782,-16.37473254608984,0 -71.49938958455364,-16.37470084800406,0 -71.49936946113876,-16.37460725794827,0 -71.49955301204076,-16.3745344696133,0 -71.49975044902592,-16.37445069752041,0 
							</coordinates>
						</LinearRing>
					</outerBoundaryIs>
				</Polygon>
			</Placemark>
			<Placemark>
				<name>1.11.52-24</name>
				<styleUrl>#msn_ylw-pushpin30031</styleUrl>
				<Polygon>
					<tessellate>1</tessellate>
					<outerBoundaryIs>
						<LinearRing>
							<coordinates>
								-71.50060464081973,-16.37429260114368,0 -71.50049371182492,-16.37460165924649,0 -71.50040881265105,-16.37460946215151,0 -71.50038300401306,-16.3745534536639,0 -71.49996329066153,-16.37436691957286,0 -71.5001499824838,-16.37427347464362,0 -71.5002125335309,-16.37414940110841,0 -71.50060464081973,-16.37429260114368,0 
							</coordinates>
						</LinearRing>
					</outerBoundaryIs>
				</Polygon>
			</Placemark>
			<Placemark>
				<name>1.11.52-25</name>
				<styleUrl>#msn_ylw-pushpin30031</styleUrl>
				<Polygon>
					<tessellate>1</tessellate>
					<outerBoundaryIs>
						<LinearRing>
							<coordinates>
								-71.50008534561992,-16.373417101896,0 -71.50023756044253,-16.3736168202105,0 -71.50030953005717,-16.37371511790666,0 -71.50033364261334,-16.37375529927349,0 -71.50036285021095,-16.3738893040249,0 -71.50040915861129,-16.37416872673793,0 -71.50021549437547,-16.374121179581,0 -71.50022340315618,-16.37401740332816,0 -71.50019349822502,-16.37387087111259,0 -71.50012512289781,-16.37371955184115,0 -71.49996698156448,-16.3734695150631,0 -71.50008534561992,-16.373417101896,0 
							</coordinates>
						</LinearRing>
					</outerBoundaryIs>
				</Polygon>
			</Placemark>
			<Placemark>
				<name>1.11.53-1</name>
				<styleUrl>#msn_ylw-pushpin30031</styleUrl>
				<Polygon>
					<tessellate>1</tessellate>
					<outerBoundaryIs>
						<LinearRing>
							<coordinates>
								-71.49981426673216,-16.37296033905792,0 -71.4997390291652,-16.37323407888415,0 -71.49951057171714,-16.3732172968847,0 -71.4991975735978,-16.37315862105436,0 -71.49925036478794,-16.372978468664,0 -71.49927201291861,-16.3729571344438,0 -71.49932034785952,-16.37293260774486,0 -71.49940325460197,-16.37289286263138,0 -71.49981426673216,-16.37296033905792,0 
							</coordinates>
						</LinearRing>
					</outerBoundaryIs>
				</Polygon>
			</Placemark>
			<Placemark>
				<name>1.11.53-2</name>
				<styleUrl>#msn_ylw-pushpin30031</styleUrl>
				<Polygon>
					<tessellate>1</tessellate>
					<outerBoundaryIs>
						<LinearRing>
							<coordinates>
								-71.4997196112367,-16.37329333180892,0 -71.49949977129583,-16.3738301143166,0 -71.49924913596304,-16.37354041973097,0 -71.49913032613482,-16.37339574695999,0 -71.49917830294235,-16.37319308411514,0 -71.4997196112367,-16.37329333180892,0 
							</coordinates>
						</LinearRing>
					</outerBoundaryIs>
				</Polygon>
			</Placemark>
			<Placemark>
				<name>1.11.53-3</name>
				<styleUrl>#msn_ylw-pushpin30031</styleUrl>
				<Polygon>
					<tessellate>1</tessellate>
					<outerBoundaryIs>
						<LinearRing>
							<coordinates>
								-71.4999264643219,-16.37354575272125,0 -71.50003013374578,-16.37370450245157,0 -71.50009590937674,-16.37383130075924,0 -71.50013892644034,-16.37398160613419,0 -71.50012927352853,-16.37408559388969,0 -71.49970377250598,-16.37392435155701,0 -71.49988806559573,-16.37351025405851,0 -71.4999264643219,-16.37354575272125,0 
							</coordinates>
						</LinearRing>
					</outerBoundaryIs>
				</Polygon>
			</Placemark>
			<Placemark>
				<name>1.11.53-4</name>
				<styleUrl>#msn_ylw-pushpin30031</styleUrl>
				<Polygon>
					<tessellate>1</tessellate>
					<outerBoundaryIs>
						<LinearRing>
							<coordinates>
								-71.50011525201816,-16.37411918224142,0 -71.50006886835456,-16.37419694650834,0 -71.49988598269569,-16.37430699328516,0 -71.4997028433497,-16.37439063025668,0 -71.49942437807712,-16.374493945166,0 -71.49947368045706,-16.37438168348301,0 -71.49953291194613,-16.37426548053599,0 -71.49968845773498,-16.37396008741652,0 -71.50011525201816,-16.37411918224142,0 
							</coordinates>
						</LinearRing>
					</outerBoundaryIs>
				</Polygon>
			</Placemark>
			<Placemark>
				<name>1.11.53-5</name>
				<styleUrl>#msn_ylw-pushpin30031</styleUrl>
				<Polygon>
					<tessellate>1</tessellate>
					<outerBoundaryIs>
						<LinearRing>
							<coordinates>
								-71.49940791609815,-16.37409234307347,0 -71.4993481031796,-16.37424323385611,0 -71.49890942135862,-16.37406861397164,0 -71.4989774292462,-16.3739032505773,0 -71.49940791609815,-16.37409234307347,0 
							</coordinates>
						</LinearRing>
					</outerBoundaryIs>
				</Polygon>
			</Placemark>
			<Placemark>
				<name>1.11.53-6</name>
				<styleUrl>#msn_ylw-pushpin30031</styleUrl>
				<Polygon>
					<tessellate>1</tessellate>
					<outerBoundaryIs>
						<LinearRing>
							<coordinates>
								-71.49894142854295,-16.37388778383901,0 -71.49887588268008,-16.3740498967726,0 -71.49839749174738,-16.37383222407751,0 -71.49845133551084,-16.37380566934259,0 -71.49856900083353,-16.37372857582184,0 -71.49894142854295,-16.37388778383901,0 
							</coordinates>
						</LinearRing>
					</outerBoundaryIs>
				</Polygon>
			</Placemark>
			<Placemark>
				<name>1.11.53-7</name>
				<styleUrl>#msn_ylw-pushpin30031</styleUrl>
				<Polygon>
					<tessellate>1</tessellate>
					<outerBoundaryIs>
						<LinearRing>
							<coordinates>
								-71.49887214208482,-16.37409126208663,0 -71.49875254225637,-16.37436721298989,0 -71.49806128453152,-16.37406671791891,0 -71.49835609166918,-16.37386249795501,0 -71.49887214208482,-16.37409126208663,0 
							</coordinates>
						</LinearRing>
					</outerBoundaryIs>
				</Polygon>
			</Placemark>
			<Placemark>
				<name>1.11.53-8</name>
				<styleUrl>#msn_ylw-pushpin30031</styleUrl>
				<Polygon>
					<tessellate>1</tessellate>
					<outerBoundaryIs>
						<LinearRing>
							<coordinates>
								-71.49932900434689,-16.37427756020164,0 -71.49922367542132,-16.37455692668186,0 -71.49881224446575,-16.37439789081471,0 -71.49892293383625,-16.37411524368318,0 -71.49932900434689,-16.37427756020164,0 
							</coordinates>
						</LinearRing>
					</outerBoundaryIs>
				</Polygon>
			</Placemark>
			<Placemark>
				<name>1.11.53-9</name>
				<styleUrl>#msn_ylw-pushpin30031</styleUrl>
				<Polygon>
					<tessellate>1</tessellate>
					<outerBoundaryIs>
						<LinearRing>
							<coordinates>
								-71.49920030811735,-16.37459710006543,0 -71.49915626080106,-16.37471813785168,0 -71.49902670495717,-16.37482141124387,0 -71.49865209556269,-16.37467026279522,0 -71.49879273829191,-16.37443181863118,0 -71.49920030811735,-16.37459710006543,0 
							</coordinates>
						</LinearRing>
					</outerBoundaryIs>
				</Polygon>
			</Placemark>
			<Placemark>
				<name>1.11.53-10</name>
				<styleUrl>#msn_ylw-pushpin30031</styleUrl>
				<Polygon>
					<tessellate>1</tessellate>
					<outerBoundaryIs>
						<LinearRing>
							<coordinates>
								-71.49874611415429,-16.37441982848985,0 -71.49862372680896,-16.37465652946078,0 -71.49832001125692,-16.37452525190455,0 -71.49844245229671,-16.37428414839925,0 -71.49874611415429,-16.37441982848985,0 
							</coordinates>
						</LinearRing>
					</outerBoundaryIs>
				</Polygon>
			</Placemark>
			<Placemark>
				<name>1.11.53-11</name>
				<styleUrl>#msn_ylw-pushpin30031</styleUrl>
				<Polygon>
					<tessellate>1</tessellate>
					<outerBoundaryIs>
						<LinearRing>
							<coordinates>
								-71.49839866888857,-16.37427419663692,0 -71.49828198998286,-16.37450436632055,0 -71.49808695381707,-16.37441750488296,0 -71.49804175536882,-16.37410071704478,0 -71.49839866888857,-16.37427419663692,0 
							</coordinates>
						</LinearRing>
					</outerBoundaryIs>
				</Polygon>
			</Placemark>
			<Placemark>
				<name>1.11.53-12</name>
				<styleUrl>#msn_ylw-pushpin30031</styleUrl>
				<Polygon>
					<tessellate>1</tessellate>
					<outerBoundaryIs>
						<LinearRing>
							<coordinates>
								-71.49795478343592,-16.37410627987951,0 -71.4980003551552,-16.37430118407274,0 -71.49776244226845,-16.37439846857077,0 -71.49767819027464,-16.37422723035529,0 -71.49795478343592,-16.37410627987951,0 
							</coordinates>
						</LinearRing>
					</outerBoundaryIs>
				</Polygon>
			</Placemark>
			<Placemark>
				<name>1.11.53-13</name>
				<styleUrl>#msn_ylw-pushpin30031</styleUrl>
				<Polygon>
					<tessellate>1</tessellate>
					<outerBoundaryIs>
						<LinearRing>
							<coordinates>
								-71.49764665955408,-16.3742284178816,0 -71.49771823814393,-16.37439621662254,0 -71.49763406486976,-16.37441624763307,0 -71.49732741978598,-16.37439590297343,0 -71.4973073592935,-16.37437236890742,0 -71.49729871839371,-16.37435569607506,0 -71.49730557906371,-16.37433170184117,0 -71.49731390505525,-16.37431041901218,0 -71.49764665955408,-16.3742284178816,0 
							</coordinates>
						</LinearRing>
					</outerBoundaryIs>
				</Polygon>
			</Placemark>
			<Placemark>
				<name>1.11.54-1</name>
				<styleUrl>#msn_ylw-pushpin30031</styleUrl>
				<Polygon>
					<tessellate>1</tessellate>
					<outerBoundaryIs>
						<LinearRing>
							<coordinates>
								-71.49939471397427,-16.37382400384735,0 -71.49937949241902,-16.3740230098153,0 -71.49878292996856,-16.37375387586587,0 -71.49908444645558,-16.37346942254542,0 -71.49939471397427,-16.37382400384735,0 
							</coordinates>
						</LinearRing>
					</outerBoundaryIs>
				</Polygon>
			</Placemark>
			<Placemark>
				<name>1.11.54-2</name>
				<styleUrl>#msn_ylw-pushpin30031</styleUrl>
				<Polygon>
					<tessellate>1</tessellate>
					<outerBoundaryIs>
						<LinearRing>
							<coordinates>
								-71.49903197582441,-16.37321025431603,0 -71.499068761217,-16.37343668110278,0 -71.49890001720172,-16.3735929607647,0 -71.49854029402111,-16.373222844274,0 -71.49878394254122,-16.37298606889312,0 -71.49903197582441,-16.37321025431603,0 
							</coordinates>
						</LinearRing>
					</outerBoundaryIs>
				</Polygon>
			</Placemark>
			<Placemark>
				<name>1.11.54-3</name>
				<styleUrl>#msn_ylw-pushpin30031</styleUrl>
				<Polygon>
					<tessellate>1</tessellate>
					<outerBoundaryIs>
						<LinearRing>
							<coordinates>
								-71.4988522429565,-16.37362842000811,0 -71.49875576142466,-16.3737235791089,0 -71.4982374022396,-16.37351482272334,0 -71.49849850789647,-16.37327147457194,0 -71.4988522429565,-16.37362842000811,0 
							</coordinates>
						</LinearRing>
					</outerBoundaryIs>
				</Polygon>
			</Placemark>
			<Placemark>
				<name>1.11.54-5</name>
				<styleUrl>#msn_ylw-pushpin30031</styleUrl>
				<Polygon>
					<tessellate>1</tessellate>
					<outerBoundaryIs>
						<LinearRing>
							<coordinates>
								-71.49874107510655,-16.37294399958633,0 -71.49848941000411,-16.37318026347571,0 -71.49776328686283,-16.37250095429759,0 -71.49800909013653,-16.3722599392042,0 -71.49874107510655,-16.37294399958633,0 
							</coordinates>
						</LinearRing>
					</outerBoundaryIs>
				</Polygon>
			</Placemark>
			<Placemark>
				<name>1.11.54-6</name>
				<styleUrl>#msn_ylw-pushpin30031</styleUrl>
				<Polygon>
					<tessellate>1</tessellate>
					<outerBoundaryIs>
						<LinearRing>
							<coordinates>
								-71.49913722332133,-16.37298064989445,0 -71.49903760590588,-16.37313732594469,0 -71.49803997573382,-16.37221706362348,0 -71.49817831566104,-16.37208507733233,0 -71.49913722332133,-16.37298064989445,0 
							</coordinates>
						</LinearRing>
					</outerBoundaryIs>
				</Polygon>
			</Placemark>
			<Placemark>
				<name>1.11.54-7</name>
				<styleUrl>#msn_ylw-pushpin30031</styleUrl>
				<Polygon>
					<tessellate>1</tessellate>
					<outerBoundaryIs>
						<LinearRing>
							<coordinates>
								-71.49943269477583,-16.37268181250105,0 -71.49915799362667,-16.37292758267763,0 -71.49821392748802,-16.372042266009,0 -71.49846380706849,-16.37182690152703,0 -71.49943269477583,-16.37268181250105,0 
							</coordinates>
						</LinearRing>
					</outerBoundaryIs>
				</Polygon>
			</Placemark>
			<Placemark>
				<name>1.11.54-8</name>
				<styleUrl>#msn_ylw-pushpin30031</styleUrl>
				<Polygon>
					<tessellate>1</tessellate>
					<outerBoundaryIs>
						<LinearRing>
							<coordinates>
								-71.4996643373471,-16.37244518690691,0 -71.4994763711649,-16.37264223519168,0 -71.49893120746106,-16.37218535181374,0 -71.49913888816651,-16.37201418647092,0 -71.4996643373471,-16.37244518690691,0 
							</coordinates>
						</LinearRing>
					</outerBoundaryIs>
				</Polygon>
			</Placemark>
			<Placemark>
				<name>1.11.54-9</name>
				<styleUrl>#msn_ylw-pushpin30031</styleUrl>
				<Polygon>
					<tessellate>1</tessellate>
					<outerBoundaryIs>
						<LinearRing>
							<coordinates>
								-71.49839049696565,-16.37180912076929,0 -71.49818030151161,-16.37199937193479,0 -71.49806572153319,-16.37188211178522,0 -71.4981910681275,-16.37181211751751,0 -71.49835309284701,-16.37178663112161,0 -71.49839049696565,-16.37180912076929,0 
							</coordinates>
						</LinearRing>
					</outerBoundaryIs>
				</Polygon>
			</Placemark>
			<Placemark>
				<name>1.11.54-10</name>
				<styleUrl>#msn_ylw-pushpin30031</styleUrl>
				<Polygon>
					<tessellate>1</tessellate>
					<outerBoundaryIs>
						<LinearRing>
							<coordinates>
								-71.49815727585113,-16.37202211921589,0 -71.49798555059884,-16.37218222993491,0 -71.49772375210567,-16.37196247051502,0 -71.49787716186214,-16.37180662024605,0 -71.49815727585113,-16.37202211921589,0 
							</coordinates>
						</LinearRing>
					</outerBoundaryIs>
				</Polygon>
			</Placemark>
			<Placemark>
				<name>1.11.54-11</name>
				<styleUrl>#msn_ylw-pushpin30031</styleUrl>
				<Polygon>
					<tessellate>1</tessellate>
					<outerBoundaryIs>
						<LinearRing>
							<coordinates>
								-71.49795274504706,-16.37222494962593,0 -71.49771949650597,-16.3724540371691,0 -71.49692014593404,-16.37177163087466,0 -71.49704786224633,-16.37165561733727,0 -71.49722931966504,-16.3717049152872,0 -71.49734692877811,-16.37174663167897,0 -71.49795274504706,-16.37222494962593,0 
							</coordinates>
						</LinearRing>
					</outerBoundaryIs>
				</Polygon>
			</Placemark>
			<Placemark>
				<name>1.11.55-1</name>
				<styleUrl>#msn_ylw-pushpin30031</styleUrl>
				<Polygon>
					<tessellate>1</tessellate>
					<outerBoundaryIs>
						<LinearRing>
							<coordinates>
								-71.50111699461017,-16.37180117027343,0 -71.50089521219584,-16.37207956251148,0 -71.50048270175242,-16.37176977150577,0 -71.50069551331376,-16.37150829969362,0 -71.50069819355102,-16.37150319662789,0 -71.50111699461017,-16.37180117027343,0 
							</coordinates>
						</LinearRing>
					</outerBoundaryIs>
				</Polygon>
			</Placemark>
			<Placemark>
				<name>1.11.55-3</name>
				<styleUrl>#msn_ylw-pushpin30031</styleUrl>
				<Polygon>
					<tessellate>1</tessellate>
					<outerBoundaryIs>
						<LinearRing>
							<coordinates>
								-71.50152213391178,-16.37130012554397,0 -71.5013125909602,-16.37157557762207,0 -71.50076611915135,-16.37116166673963,0 -71.50096646615212,-16.37089385293208,0 -71.50152213391178,-16.37130012554397,0 
							</coordinates>
						</LinearRing>
					</outerBoundaryIs>
				</Polygon>
			</Placemark>
			<Placemark>
				<name>1.11.55-4</name>
				<styleUrl>#msn_ylw-pushpin30031</styleUrl>
				<Polygon>
					<tessellate>1</tessellate>
					<outerBoundaryIs>
						<LinearRing>
							<coordinates>
								-71.50179887951141,-16.37093740268344,0 -71.50155986156174,-16.37125414903396,0 -71.50099941265147,-16.37083767460999,0 -71.50123134865242,-16.37052747662976,0 -71.50179887951141,-16.37093740268344,0 
							</coordinates>
						</LinearRing>
					</outerBoundaryIs>
				</Polygon>
			</Placemark>
			<Placemark>
				<name>1.11.55-5</name>
				<styleUrl>#msn_ylw-pushpin30031</styleUrl>
				<Polygon>
					<tessellate>1</tessellate>
					<outerBoundaryIs>
						<LinearRing>
							<coordinates>
								-71.50105270231357,-16.37027977833343,0 -71.50092914934358,-16.37045686318026,0 -71.50044641258006,-16.37013085221588,0 -71.50029295208316,-16.37018267742724,0 -71.50006261090708,-16.37028483014504,0 -71.49978104801181,-16.37037508629689,0 -71.49958146628721,-16.37044745859025,0 -71.49951056664116,-16.37017058634516,0 -71.49960800736241,-16.37015028472506,0 -71.49969319124264,-16.37015003508196,0 -71.49984351698129,-16.37015710835818,0 -71.50021996420237,-16.36999590313314,0 -71.50032379825471,-16.3700454842479,0 -71.5004265262024,-16.37002096799139,0 -71.50051593925988,-16.36996282377539,0 -71.50105270231357,-16.37027977833343,0 
							</coordinates>
						</LinearRing>
					</outerBoundaryIs>
				</Polygon>
			</Placemark>
			<Placemark>
				<name>1.11.55-6</name>
				<styleUrl>#msn_ylw-pushpin30031</styleUrl>
				<Polygon>
					<tessellate>1</tessellate>
					<outerBoundaryIs>
						<LinearRing>
							<coordinates>
								-71.50087147597095,-16.37049461751067,0 -71.50064875989779,-16.37078629273788,0 -71.50004915342492,-16.37035962344471,0 -71.50042143533756,-16.37018268345767,0 -71.50087147597095,-16.37049461751067,0 
							</coordinates>
						</LinearRing>
					</outerBoundaryIs>
				</Polygon>
			</Placemark>
			<Placemark>
				<name>1.11.55-7</name>
				<styleUrl>#msn_ylw-pushpin30031</styleUrl>
				<Polygon>
					<tessellate>1</tessellate>
					<outerBoundaryIs>
						<LinearRing>
							<coordinates>
								-71.50027371741659,-16.37059019674998,0 -71.50001077319031,-16.37092209003313,0 -71.49962337595534,-16.37065562196152,0 -71.49978146783934,-16.37044809090748,0 -71.4999952497152,-16.3703867019505,0 -71.50027371741659,-16.37059019674998,0 
							</coordinates>
						</LinearRing>
					</outerBoundaryIs>
				</Polygon>
			</Placemark>
			<Placemark>
				<name>1.11.55-8</name>
				<styleUrl>#msn_ylw-pushpin30031</styleUrl>
				<Polygon>
					<tessellate>1</tessellate>
					<outerBoundaryIs>
						<LinearRing>
							<coordinates>
								-71.50060598235825,-16.37083308608048,0 -71.5003447319381,-16.37117032874925,0 -71.50006287187779,-16.37096915217695,0 -71.50032459465621,-16.37063189918532,0 -71.50060598235825,-16.37083308608048,0 
							</coordinates>
						</LinearRing>
					</outerBoundaryIs>
				</Polygon>
			</Placemark>
			<Placemark>
				<name>1.11.55-9</name>
				<styleUrl>#msn_ylw-pushpin30031</styleUrl>
				<Polygon>
					<tessellate>1</tessellate>
					<outerBoundaryIs>
						<LinearRing>
							<coordinates>
								-71.50050915131806,-16.37137311931489,0 -71.5002948462685,-16.37163334292663,0 -71.4998158547499,-16.37128040478917,0 -71.50002649122209,-16.37101415417703,0 -71.50050915131806,-16.37137311931489,0 
							</coordinates>
						</LinearRing>
					</outerBoundaryIs>
				</Polygon>
			</Placemark>
			<Placemark>
				<name>1.11.55-10</name>
				<styleUrl>#msn_ylw-pushpin30031</styleUrl>
				<Polygon>
					<tessellate>1</tessellate>
					<outerBoundaryIs>
						<LinearRing>
							<coordinates>
								-71.49997646839599,-16.37096827897108,0 -71.4997603952237,-16.37124462203507,0 -71.49890784055808,-16.37062257470846,0 -71.49913222954264,-16.3703735757833,0 -71.49997646839599,-16.37096827897108,0 
							</coordinates>
						</LinearRing>
					</outerBoundaryIs>
				</Polygon>
			</Placemark>
			<Placemark>
				<name>1.11.55-11</name>
				<styleUrl>#msn_ylw-pushpin30031</styleUrl>
				<Polygon>
					<tessellate>1</tessellate>
					<outerBoundaryIs>
						<LinearRing>
							<coordinates>
								-71.50035820160079,-16.37176592640357,0 -71.50009281339881,-16.37210408915163,0 -71.49975725026727,-16.37189416814522,0 -71.4993232958646,-16.37158383683738,0 -71.49903417772143,-16.37138010986774,0 -71.49918662511313,-16.37117690903801,0 -71.49869083279553,-16.37081149256344,0 -71.4988220140266,-16.37064309908778,0 -71.49976477741087,-16.37132256656835,0 -71.50035820160079,-16.37176592640357,0 
							</coordinates>
						</LinearRing>
					</outerBoundaryIs>
				</Polygon>
			</Placemark>
			<Placemark>
				<name>1.11.55-12</name>
				<styleUrl>#msn_ylw-pushpin30031</styleUrl>
				<Polygon>
					<tessellate>1</tessellate>
					<outerBoundaryIs>
						<LinearRing>
							<coordinates>
								-71.50002982017786,-16.37215341127785,0 -71.49992503727769,-16.37227325851768,0 -71.49918953521458,-16.37174528399152,0 -71.49880370676344,-16.37161086957299,0 -71.49836313367943,-16.37143767978972,0 -71.49812700795003,-16.37131329357278,0 -71.49802422401783,-16.37134016307996,0 -71.49737100299507,-16.37096211614198,0 -71.49718308408758,-16.37072113565044,0 -71.49715622256251,-16.37059096818394,0 -71.4972074850691,-16.37051847080226,0 -71.49763258126195,-16.37075613657889,0 -71.49816563766174,-16.37105882234497,0 -71.49836918245504,-16.37119781319556,0 -71.49870331945289,-16.3713576975573,0 -71.49914072752071,-16.37154046666082,0 -71.50002982017786,-16.37215341127785,0 
							</coordinates>
						</LinearRing>
					</outerBoundaryIs>
				</Polygon>
			</Placemark>
			<Placemark>
				<name>1.11.55-13</name>
				<styleUrl>#msn_ylw-pushpin30031</styleUrl>
				<Polygon>
					<tessellate>1</tessellate>
					<outerBoundaryIs>
						<LinearRing>
							<coordinates>
								-71.49906007384536,-16.37121653607903,0 -71.49898176694161,-16.37139243570595,0 -71.49861901254963,-16.37125427846889,0 -71.49802371562924,-16.37090060128387,0 -71.49742161485288,-16.37054390008065,0 -71.49760802675279,-16.37026285440941,0 -71.49824366758318,-16.37064611741782,0 -71.49837746112367,-16.37078727446414,0 -71.49853554824648,-16.37088246459825,0 -71.49862170991564,-16.37097383359597,0 -71.49906007384536,-16.37121653607903,0 
							</coordinates>
						</LinearRing>
					</outerBoundaryIs>
				</Polygon>
			</Placemark>
			<Placemark>
				<name>1.11.55-14</name>
				<styleUrl>#msn_ylw-pushpin30031</styleUrl>
				<Polygon>
					<tessellate>1</tessellate>
					<outerBoundaryIs>
						<LinearRing>
							<coordinates>
								-71.49743549438683,-16.370353028893,0 -71.49731669287502,-16.37051109224917,0 -71.49709378370363,-16.3703849975576,0 -71.49697712482939,-16.3703037037225,0 -71.4968833902381,-16.37020114298067,0 -71.49704633154703,-16.37000435482587,0 -71.49730903003336,-16.37020263486406,0 -71.49743549438683,-16.370353028893,0 
							</coordinates>
						</LinearRing>
					</outerBoundaryIs>
				</Polygon>
			</Placemark>
			<Placemark>
				<name>1.11.55-15</name>
				<styleUrl>#msn_ylw-pushpin30031</styleUrl>
				<Polygon>
					<tessellate>1</tessellate>
					<outerBoundaryIs>
						<LinearRing>
							<coordinates>
								-71.49760660001071,-16.37012936933715,0 -71.49746878978975,-16.37029946188502,0 -71.49721558713243,-16.37006027896671,0 -71.49679361125014,-16.36974966390117,0 -71.49692533773033,-16.36960461136794,0 -71.49760660001071,-16.37012936933715,0 
							</coordinates>
						</LinearRing>
					</outerBoundaryIs>
				</Polygon>
			</Placemark>
			<Placemark>
				<name>1.11.56-1</name>
				<styleUrl>#msn_ylw-pushpin30031</styleUrl>
				<Polygon>
					<tessellate>1</tessellate>
					<outerBoundaryIs>
						<LinearRing>
							<coordinates>
								-71.49605042715001,-16.36912477663369,0 -71.49580952007457,-16.36928287457843,0 -71.49549138050017,-16.36897838666718,0 -71.49529889146007,-16.36886937924818,0 -71.49534260934425,-16.36880882628166,0 -71.4951779332463,-16.36869519807748,0 -71.49533402664356,-16.36842246911974,0 -71.49576717393174,-16.36883545535351,0 -71.49605042715001,-16.36912477663369,0 
							</coordinates>
						</LinearRing>
					</outerBoundaryIs>
				</Polygon>
			</Placemark>
			<Placemark>
				<name>1.11.56-2</name>
				<styleUrl>#msn_ylw-pushpin30031</styleUrl>
				<Polygon>
					<tessellate>1</tessellate>
					<outerBoundaryIs>
						<LinearRing>
							<coordinates>
								-71.49531203320954,-16.36835825573744,0 -71.49509181352245,-16.36875624837825,0 -71.49476399843982,-16.36879717068754,0 -71.49497883603649,-16.36856569633495,0 -71.49510783321868,-16.36824614265684,0 -71.49531203320954,-16.36835825573744,0 
							</coordinates>
						</LinearRing>
					</outerBoundaryIs>
				</Polygon>
			</Placemark>
			<Placemark>
				<name>1.11.56-3</name>
				<styleUrl>#msn_ylw-pushpin30031</styleUrl>
				<Polygon>
					<tessellate>1</tessellate>
					<outerBoundaryIs>
						<LinearRing>
							<coordinates>
								-71.49630580648265,-16.3696958900084,0 -71.49616732312283,-16.36980775291014,0 -71.49567992161674,-16.36947950942703,0 -71.4957235194488,-16.3693612096648,0 -71.49578214110394,-16.36933285498224,0 -71.49630580648265,-16.3696958900084,0 
							</coordinates>
						</LinearRing>
					</outerBoundaryIs>
				</Polygon>
			</Placemark>
			<Placemark>
				<name>1.11.57-1</name>
				<styleUrl>#msn_ylw-pushpin30031</styleUrl>
				<Polygon>
					<tessellate>1</tessellate>
					<outerBoundaryIs>
						<LinearRing>
							<coordinates>
								-71.49683044865638,-16.37172214652837,0 -71.49674384390255,-16.3719998865095,0 -71.49575480080458,-16.37140632398274,0 -71.49591554018674,-16.37118963550815,0 -71.49591936332752,-16.37118138550549,0 -71.49592325170096,-16.37117714113542,0 -71.49683044865638,-16.37172214652837,0 
							</coordinates>
						</LinearRing>
					</outerBoundaryIs>
				</Polygon>
			</Placemark>
			<Placemark>
				<name>1.11.57-2</name>
				<styleUrl>#msn_ylw-pushpin30031</styleUrl>
				<Polygon>
					<tessellate>1</tessellate>
					<outerBoundaryIs>
						<LinearRing>
							<coordinates>
								-71.49671256217039,-16.37207097384782,0 -71.49662700769206,-16.37234719941733,0 -71.49556312250337,-16.37170694001396,0 -71.49572433653384,-16.37145820010686,0 -71.49671256217039,-16.37207097384782,0 
							</coordinates>
						</LinearRing>
					</outerBoundaryIs>
				</Polygon>
			</Placemark>
			<Placemark>
				<name>1.11.57-4</name>
				<styleUrl>#msn_ylw-pushpin30031</styleUrl>
				<Polygon>
					<tessellate>1</tessellate>
					<outerBoundaryIs>
						<LinearRing>
							<coordinates>
								-71.49567988124136,-16.37143384001229,0 -71.4955115639447,-16.37166679561287,0 -71.49514334017704,-16.37143686675919,0 -71.49513240017687,-16.37126692783859,0 -71.4951340413155,-16.37114770755264,0 -71.4951540201255,-16.37110018406421,0 -71.49567988124136,-16.37143384001229,0 
							</coordinates>
						</LinearRing>
					</outerBoundaryIs>
				</Polygon>
			</Placemark>
			<Placemark>
				<name>1.11.57-6</name>
				<styleUrl>#msn_ylw-pushpin30031</styleUrl>
				<Polygon>
					<tessellate>1</tessellate>
					<outerBoundaryIs>
						<LinearRing>
							<coordinates>
								-71.49588703242144,-16.37067099981633,0 -71.49568904397539,-16.37096904309088,0 -71.49509384522204,-16.37060456193684,0 -71.49526993234221,-16.37029329370207,0 -71.49588703242144,-16.37067099981633,0 
							</coordinates>
						</LinearRing>
					</outerBoundaryIs>
				</Polygon>
			</Placemark>
			<Placemark>
				<name>1.11.57-7</name>
				<styleUrl>#msn_ylw-pushpin30031</styleUrl>
				<Polygon>
					<tessellate>1</tessellate>
					<outerBoundaryIs>
						<LinearRing>
							<coordinates>
								-71.49606218856535,-16.37029232633978,0 -71.49590727216673,-16.37063346222472,0 -71.49530395432873,-16.37026982714327,0 -71.49550512169829,-16.36997215437805,0 -71.49606218856535,-16.37029232633978,0 
							</coordinates>
						</LinearRing>
					</outerBoundaryIs>
				</Polygon>
			</Placemark>
		</Folder>
		<Folder>
			<name>E</name>
			<Placemark>
				<name>1.11.35-1</name>
				<styleUrl>#msn_ylw-pushpin31020</styleUrl>
				<Polygon>
					<tessellate>1</tessellate>
					<outerBoundaryIs>
						<LinearRing>
							<coordinates>
								-71.50822019193416,-16.38400944353696,0 -71.50832621483113,-16.38422149960853,0 -71.50807676917536,-16.38445340258846,0 -71.50801420980579,-16.38439335045614,0 -71.50790239351275,-16.38418036274886,0 -71.50822019193416,-16.38400944353696,0 
							</coordinates>
						</LinearRing>
					</outerBoundaryIs>
				</Polygon>
			</Placemark>
			<Placemark>
				<name>1.11.35-2</name>
				<styleUrl>#msn_ylw-pushpin31020</styleUrl>
				<Polygon>
					<tessellate>1</tessellate>
					<outerBoundaryIs>
						<LinearRing>
							<coordinates>
								-71.50854732963943,-16.38437458209167,0 -71.50834351848337,-16.38462906536137,0 -71.50811572971038,-16.38447415455365,0 -71.50834269698709,-16.38424111452219,0 -71.50854732963943,-16.38437458209167,0 
							</coordinates>
						</LinearRing>
					</outerBoundaryIs>
				</Polygon>
			</Placemark>
			<Placemark>
				<name>1.11.35-3</name>
				<styleUrl>#msn_ylw-pushpin31020</styleUrl>
				<Polygon>
					<tessellate>1</tessellate>
					<outerBoundaryIs>
						<LinearRing>
							<coordinates>
								-71.50883467389248,-16.3845768931716,0 -71.50865143391897,-16.38483773073269,0 -71.50837385274438,-16.38465200541898,0 -71.50856198844428,-16.38439411917837,0 -71.50883467389248,-16.3845768931716,0 
							</coordinates>
						</LinearRing>
					</outerBoundaryIs>
				</Polygon>
			</Placemark>
			<Placemark>
				<name>1.11.36-2</name>
				<styleUrl>#msn_ylw-pushpin31020</styleUrl>
				<Polygon>
					<tessellate>1</tessellate>
					<outerBoundaryIs>
						<LinearRing>
							<coordinates>
								-71.50917613001626,-16.38530321557333,0 -71.50893628453404,-16.38562174872153,0 -71.50878310584552,-16.38571857084541,0 -71.50860102285003,-16.38552211573414,0 -71.50877283646375,-16.38531526425973,0 -71.50892176081022,-16.38511328327213,0 -71.50917613001626,-16.38530321557333,0 
							</coordinates>
						</LinearRing>
					</outerBoundaryIs>
				</Polygon>
			</Placemark>
			<Placemark>
				<name>1.11.36-3</name>
				<styleUrl>#msn_ylw-pushpin31020</styleUrl>
				<Polygon>
					<tessellate>1</tessellate>
					<outerBoundaryIs>
						<LinearRing>
							<coordinates>
								-71.50888929831981,-16.3850998846925,0 -71.5086837090662,-16.38538037425229,0 -71.50858251278403,-16.38550104736176,0 -71.50836980612925,-16.3852559726276,0 -71.5086334588138,-16.38490392501157,0 -71.50888929831981,-16.3850998846925,0 
							</coordinates>
						</LinearRing>
					</outerBoundaryIs>
				</Polygon>
			</Placemark>
			<Placemark>
				<name>1.11.36-4</name>
				<styleUrl>#msn_ylw-pushpin31020</styleUrl>
				<Polygon>
					<tessellate>1</tessellate>
					<outerBoundaryIs>
						<LinearRing>
							<coordinates>
								-71.50860036822473,-16.38488421732898,0 -71.50834625243107,-16.38523390318928,0 -71.50811314765558,-16.38498801470798,0 -71.50832910069525,-16.38469763303376,0 -71.50860036822473,-16.38488421732898,0 
							</coordinates>
						</LinearRing>
					</outerBoundaryIs>
				</Polygon>
			</Placemark>
			<Placemark>
				<name>1.11.36-5</name>
				<styleUrl>#msn_ylw-pushpin31020</styleUrl>
				<Polygon>
					<tessellate>1</tessellate>
					<outerBoundaryIs>
						<LinearRing>
							<coordinates>
								-71.50830281670694,-16.38468603125684,0 -71.50809855054551,-16.38495816436173,0 -71.50787905575716,-16.38472316197852,0 -71.50805238898003,-16.38450897959306,0 -71.50830281670694,-16.38468603125684,0 
							</coordinates>
						</LinearRing>
					</outerBoundaryIs>
				</Polygon>
			</Placemark>
			<Placemark>
				<name>1.11.36-6</name>
				<styleUrl>#msn_ylw-pushpin31020</styleUrl>
				<Polygon>
					<tessellate>1</tessellate>
					<outerBoundaryIs>
						<LinearRing>
							<coordinates>
								-71.5080252809899,-16.38449171399774,0 -71.50786102247491,-16.38470748230758,0 -71.5076027660471,-16.38442916999927,0 -71.50787186120166,-16.38421602579397,0 -71.5080252809899,-16.38449171399774,0 
							</coordinates>
						</LinearRing>
					</outerBoundaryIs>
				</Polygon>
			</Placemark>
			<Placemark>
				<name>1.11.37-1</name>
				<styleUrl>#msn_ylw-pushpin31020</styleUrl>
				<Polygon>
					<tessellate>1</tessellate>
					<outerBoundaryIs>
						<LinearRing>
							<coordinates>
								-71.50785689457037,-16.38420326734206,0 -71.50759963217067,-16.3844117302388,0 -71.50733893025134,-16.38412786397097,0 -71.50757836941841,-16.38366045617404,0 -71.50785689457037,-16.38420326734206,0 
							</coordinates>
						</LinearRing>
					</outerBoundaryIs>
				</Polygon>
			</Placemark>
			<Placemark>
				<name>1.11.37-2</name>
				<styleUrl>#msn_ylw-pushpin31020</styleUrl>
				<Polygon>
					<tessellate>1</tessellate>
					<outerBoundaryIs>
						<LinearRing>
							<coordinates>
								-71.50755984376146,-16.38364546794528,0 -71.50731307210805,-16.38411609385985,0 -71.5070582445929,-16.38398700595579,0 -71.50729952896948,-16.3835198505089,0 -71.50755984376146,-16.38364546794528,0 
							</coordinates>
						</LinearRing>
					</outerBoundaryIs>
				</Polygon>
			</Placemark>
			<Placemark>
				<name>1.11.37-3</name>
				<styleUrl>#msn_ylw-pushpin31020</styleUrl>
				<Polygon>
					<tessellate>1</tessellate>
					<outerBoundaryIs>
						<LinearRing>
							<coordinates>
								-71.50727097332641,-16.38350573913222,0 -71.50703424171189,-16.38397645424441,0 -71.50677077854156,-16.38385086077478,0 -71.50700487284354,-16.38339180273803,0 -71.50727097332641,-16.38350573913222,0 
							</coordinates>
						</LinearRing>
					</outerBoundaryIs>
				</Polygon>
			</Placemark>
			<Placemark>
				<name>1.11.40-7</name>
				<styleUrl>#msn_ylw-pushpin31020</styleUrl>
				<Polygon>
					<tessellate>1</tessellate>
					<outerBoundaryIs>
						<LinearRing>
							<coordinates>
								-71.49952147483249,-16.38076148064791,0 -71.49937800383734,-16.38081932977384,0 -71.49923869812979,-16.38046400621213,0 -71.4991418871453,-16.38025843806439,0 -71.49909136814357,-16.38019563161028,0 -71.4990054836983,-16.38010006942685,0 -71.49908765605772,-16.38003662879474,0 -71.49922817600788,-16.38015751556311,0 -71.49933177184182,-16.38027531217769,0 -71.49937192417002,-16.38033042990899,0 -71.49940908710724,-16.3805064455575,0 -71.49944444479483,-16.38061335323366,0 -71.49952147483249,-16.38076148064791,0 
							</coordinates>
						</LinearRing>
					</outerBoundaryIs>
				</Polygon>
			</Placemark>
			<Placemark>
				<name>1.11.40-8</name>
				<styleUrl>#msn_ylw-pushpin31020</styleUrl>
				<Polygon>
					<tessellate>1</tessellate>
					<outerBoundaryIs>
						<LinearRing>
							<coordinates>
								-71.49855470846454,-16.37975421535647,0 -71.49874296451922,-16.37963010314418,0 -71.49889641181318,-16.37984373148959,0 -71.49906163020465,-16.38000956232534,0 -71.49897738090596,-16.3800796890605,0 -71.49882925620859,-16.37997164903502,0 -71.498668997642,-16.37987711831353,0 -71.49855470846454,-16.37975421535647,0 
							</coordinates>
						</LinearRing>
					</outerBoundaryIs>
				</Polygon>
			</Placemark>
			<Placemark>
				<name>1.11.40-9</name>
				<styleUrl>#msn_ylw-pushpin31020</styleUrl>
				<Polygon>
					<tessellate>1</tessellate>
					<outerBoundaryIs>
						<LinearRing>
							<coordinates>
								-71.49858098117352,-16.37933273893048,0 -71.49866708663167,-16.37964642000665,0 -71.49843762619456,-16.37948629384569,0 -71.49795364233853,-16.37918151020731,0 -71.49767235277886,-16.37906844430065,0 -71.49776320861008,-16.3788437021335,0 -71.49858098117352,-16.37933273893048,0 
							</coordinates>
						</LinearRing>
					</outerBoundaryIs>
				</Polygon>
			</Placemark>
			<Placemark>
				<name>1.11.42-10</name>
				<styleUrl>#msn_ylw-pushpin31020</styleUrl>
				<Polygon>
					<tessellate>1</tessellate>
					<outerBoundaryIs>
						<LinearRing>
							<coordinates>
								-71.5003853237223,-16.38024718330027,0 -71.50053873987474,-16.3809906277399,0 -71.50003249307115,-16.38109054361489,0 -71.50000662955338,-16.38101546269313,0 -71.50001348787555,-16.3803112730813,0 -71.5003853237223,-16.38024718330027,0 
							</coordinates>
						</LinearRing>
					</outerBoundaryIs>
				</Polygon>
			</Placemark>
			<Placemark>
				<name>1.11.42-11</name>
				<styleUrl>#msn_ylw-pushpin31020</styleUrl>
				<Polygon>
					<tessellate>1</tessellate>
					<outerBoundaryIs>
						<LinearRing>
							<coordinates>
								-71.50198409300246,-16.38055695760922,0 -71.50105992920338,-16.3808055104179,0 -71.50100725198075,-16.38054143413854,0 -71.5019207925537,-16.38032612670706,0 -71.50198409300246,-16.38055695760922,0 
							</coordinates>
						</LinearRing>
					</outerBoundaryIs>
				</Polygon>
			</Placemark>
			<Placemark>
				<name>1.11.42-12</name>
				<styleUrl>#msn_ylw-pushpin31020</styleUrl>
				<Polygon>
					<tessellate>1</tessellate>
					<outerBoundaryIs>
						<LinearRing>
							<coordinates>
								-71.50183096120934,-16.3799246629547,0 -71.50191086441765,-16.38026561892686,0 -71.50099084500673,-16.38046921203004,0 -71.50090796766023,-16.38012429847959,0 -71.50183096120934,-16.3799246629547,0 
							</coordinates>
						</LinearRing>
					</outerBoundaryIs>
				</Polygon>
			</Placemark>
			<Placemark>
				<name>1.11.42-13</name>
				<styleUrl>#msn_ylw-pushpin31020</styleUrl>
				<Polygon>
					<tessellate>1</tessellate>
					<outerBoundaryIs>
						<LinearRing>
							<coordinates>
								-71.5022860420314,-16.37983560188861,0 -71.50246653924212,-16.38053450580684,0 -71.50209003236814,-16.38061609223875,0 -71.50191793794433,-16.37991650769153,0 -71.5022860420314,-16.37983560188861,0 
							</coordinates>
						</LinearRing>
					</outerBoundaryIs>
				</Polygon>
			</Placemark>
			<Placemark>
				<name>1.11.42-15</name>
				<styleUrl>#msn_ylw-pushpin31020</styleUrl>
				<Polygon>
					<tessellate>1</tessellate>
					<outerBoundaryIs>
						<LinearRing>
							<coordinates>
								-71.50401084258111,-16.37963844656803,0 -71.50399699133564,-16.37994850428443,0 -71.50395087069538,-16.38040133567803,0 -71.5034868757764,-16.38038734315483,0 -71.50348219685117,-16.37996122856907,0 -71.50346529846993,-16.37963632038006,0 -71.50401084258111,-16.37963844656803,0 
							</coordinates>
						</LinearRing>
					</outerBoundaryIs>
				</Polygon>
			</Placemark>
			<Placemark>
				<name>1.11.42-16</name>
				<styleUrl>#msn_ylw-pushpin31020</styleUrl>
				<Polygon>
					<tessellate>1</tessellate>
					<outerBoundaryIs>
						<LinearRing>
							<coordinates>
								-71.50341259573479,-16.37953716042411,0 -71.50242653142183,-16.37971617065964,0 -71.50189724902592,-16.37983651215022,0 -71.50179329656909,-16.37946564197864,0 -71.50273667575284,-16.37926430531526,0 -71.50329186449956,-16.37917129642797,0 -71.50336903688314,-16.37936476041016,0 -71.50341259573479,-16.37953716042411,0 
							</coordinates>
						</LinearRing>
					</outerBoundaryIs>
				</Polygon>
			</Placemark>
			<Placemark>
				<name>1.11.42-17</name>
				<styleUrl>#msn_ylw-pushpin31020</styleUrl>
				<Polygon>
					<tessellate>1</tessellate>
					<outerBoundaryIs>
						<LinearRing>
							<coordinates>
								-71.50172203451203,-16.37948912605359,0 -71.50181288433737,-16.37984240659436,0 -71.50088652485617,-16.3800543897864,0 -71.50080037949054,-16.3796816739801,0 -71.50172203451203,-16.37948912605359,0 
							</coordinates>
						</LinearRing>
					</outerBoundaryIs>
				</Polygon>
			</Placemark>
			<Placemark>
				<name>1.11.42-18</name>
				<styleUrl>#msn_ylw-pushpin31020</styleUrl>
				<Polygon>
					<tessellate>1</tessellate>
					<outerBoundaryIs>
						<LinearRing>
							<coordinates>
								-71.50072320932045,-16.37970140444762,0 -71.50081571571107,-16.38007365217657,0 -71.50004262006357,-16.38022381680312,0 -71.50002681008476,-16.37997017899792,0 -71.50004678185273,-16.37984053055896,0 -71.50072320932045,-16.37970140444762,0 
							</coordinates>
						</LinearRing>
					</outerBoundaryIs>
				</Polygon>
			</Placemark>
			<Placemark>
				<name>1.11.42-19</name>
				<styleUrl>#msn_ylw-pushpin31020</styleUrl>
				<Polygon>
					<tessellate>1</tessellate>
					<outerBoundaryIs>
						<LinearRing>
							<coordinates>
								-71.50061088819601,-16.37924087329672,0 -71.50070239365368,-16.37961496850236,0 -71.50004415877072,-16.37976297835722,0 -71.50004383906159,-16.37937031323305,0 -71.50061088819601,-16.37924087329672,0 
							</coordinates>
						</LinearRing>
					</outerBoundaryIs>
				</Polygon>
			</Placemark>
			<Placemark>
				<name>1.11.42-20</name>
				<styleUrl>#msn_ylw-pushpin31020</styleUrl>
				<Polygon>
					<tessellate>1</tessellate>
					<outerBoundaryIs>
						<LinearRing>
							<coordinates>
								-71.50170876431822,-16.37939241405154,0 -71.50078388782923,-16.3796044778648,0 -71.5006828028242,-16.3792226159493,0 -71.50162671067366,-16.37901345816124,0 -71.50170876431822,-16.37939241405154,0 
							</coordinates>
						</LinearRing>
					</outerBoundaryIs>
				</Polygon>
			</Placemark>
			<Placemark>
				<name>1.11.42-21</name>
				<styleUrl>#msn_ylw-pushpin31020</styleUrl>
				<Polygon>
					<tessellate>1</tessellate>
					<outerBoundaryIs>
						<LinearRing>
							<coordinates>
								-71.50096826569496,-16.37851912049679,0 -71.50111029043829,-16.37906049724432,0 -71.50068150606383,-16.37916558849162,0 -71.50055152058371,-16.37860932872871,0 -71.50096826569496,-16.37851912049679,0 
							</coordinates>
						</LinearRing>
					</outerBoundaryIs>
				</Polygon>
			</Placemark>
			<Placemark>
				<name>1.11.42-22</name>
				<styleUrl>#msn_ylw-pushpin31020</styleUrl>
				<Polygon>
					<tessellate>1</tessellate>
					<outerBoundaryIs>
						<LinearRing>
							<coordinates>
								-71.50147192557652,-16.37843815098692,0 -71.50161039293826,-16.3789534576713,0 -71.50119049576963,-16.37904438258367,0 -71.50104770973454,-16.37852053695758,0 -71.50147192557652,-16.37843815098692,0 
							</coordinates>
						</LinearRing>
					</outerBoundaryIs>
				</Polygon>
			</Placemark>
			<Placemark>
				<name>1.11.43-2</name>
				<styleUrl>#msn_ylw-pushpin31020</styleUrl>
				<Polygon>
					<tessellate>1</tessellate>
					<outerBoundaryIs>
						<LinearRing>
							<coordinates>
								-71.49993408646523,-16.38032427842865,0 -71.49990638349307,-16.38110365707147,0 -71.49969106742557,-16.38113774551029,0 -71.49968263195618,-16.38098053255957,0 -71.49966827851503,-16.38089464455431,0 -71.49964397295845,-16.38082181471428,0 -71.49959006031003,-16.38071346954381,0 -71.49947773458646,-16.38041665836289,0 -71.49993408646523,-16.38032427842865,0 
							</coordinates>
						</LinearRing>
					</outerBoundaryIs>
				</Polygon>
			</Placemark>
			<Placemark>
				<name>1.11.43-3</name>
				<styleUrl>#msn_ylw-pushpin31020</styleUrl>
				<Polygon>
					<tessellate>1</tessellate>
					<outerBoundaryIs>
						<LinearRing>
							<coordinates>
								-71.49994375963908,-16.37987005220357,0 -71.49993954446768,-16.38026270111855,0 -71.49945245179579,-16.38034549955656,0 -71.49938031466101,-16.38021799248075,0 -71.49934102072871,-16.38014773156186,0 -71.49929745170382,-16.38010732558792,0 -71.49918627173723,-16.38001620739834,0 -71.49994375963908,-16.37987005220357,0 
							</coordinates>
						</LinearRing>
					</outerBoundaryIs>
				</Polygon>
			</Placemark>
			<Placemark>
				<name>1.11.43-4</name>
				<styleUrl>#msn_ylw-pushpin31020</styleUrl>
				<Polygon>
					<tessellate>1</tessellate>
					<outerBoundaryIs>
						<LinearRing>
							<coordinates>
								-71.49995867088906,-16.37938893114056,0 -71.49994476217978,-16.37977701512028,0 -71.4991083549711,-16.37994853570372,0 -71.49899749820302,-16.37983869589176,0 -71.49895959161478,-16.37979475938346,0 -71.49883257527388,-16.37961746816331,0 -71.49995867088906,-16.37938893114056,0 
							</coordinates>
						</LinearRing>
					</outerBoundaryIs>
				</Polygon>
			</Placemark>
			<Placemark>
				<name>1.11.43-5</name>
				<styleUrl>#msn_ylw-pushpin31020</styleUrl>
				<Polygon>
					<tessellate>1</tessellate>
					<outerBoundaryIs>
						<LinearRing>
							<coordinates>
								-71.49967922221848,-16.37928269647144,0 -71.49968773699337,-16.37937799375759,0 -71.49880588658641,-16.37955893311237,0 -71.49866558929172,-16.37938354358166,0 -71.49877375757166,-16.37915136597622,0 -71.49889418167213,-16.3788945271061,0 -71.49907220970128,-16.3790502828256,0 -71.49920663628315,-16.37915977241774,0 -71.49937453517448,-16.37922216765306,0 -71.49957140009236,-16.37927686913996,0 -71.49967922221848,-16.37928269647144,0 
							</coordinates>
						</LinearRing>
					</outerBoundaryIs>
				</Polygon>
			</Placemark>
			<Placemark>
				<name>1.11.43-6</name>
				<styleUrl>#msn_ylw-pushpin31020</styleUrl>
				<Polygon>
					<tessellate>1</tessellate>
					<outerBoundaryIs>
						<LinearRing>
							<coordinates>
								-71.50007908490601,-16.37885267049157,0 -71.49998714769754,-16.37931447758021,0 -71.49985284757551,-16.37933842191094,0 -71.49979227001407,-16.3792545785059,0 -71.49945211742883,-16.37915693208452,0 -71.49961025165054,-16.37881309302081,0 -71.50007908490601,-16.37885267049157,0 
							</coordinates>
						</LinearRing>
					</outerBoundaryIs>
				</Polygon>
			</Placemark>
			<Placemark>
				<name>1.11.43-7</name>
				<styleUrl>#msn_ylw-pushpin31020</styleUrl>
				<Polygon>
					<tessellate>1</tessellate>
					<outerBoundaryIs>
						<LinearRing>
							<coordinates>
								-71.4995349442477,-16.37879379858673,0 -71.4993818409785,-16.37913621354716,0 -71.49927592446956,-16.37912408865422,0 -71.49914791191661,-16.37902474581687,0 -71.49892019971595,-16.37884987037281,0 -71.49898319952612,-16.37869663631852,0 -71.4995349442477,-16.37879379858673,0 
							</coordinates>
						</LinearRing>
					</outerBoundaryIs>
				</Polygon>
			</Placemark>
			<Placemark>
				<name>1.11.43-8</name>
				<styleUrl>#msn_ylw-pushpin31020</styleUrl>
				<Polygon>
					<tessellate>1</tessellate>
					<outerBoundaryIs>
						<LinearRing>
							<coordinates>
								-71.49883966828365,-16.37880878234505,0 -71.49864141775767,-16.3792310393662,0 -71.49837291702288,-16.3790925474242,0 -71.49818184221522,-16.37898767697019,0 -71.49836135197519,-16.37857627719902,0 -71.49883966828365,-16.37880878234505,0 
							</coordinates>
						</LinearRing>
					</outerBoundaryIs>
				</Polygon>
			</Placemark>
			<Placemark>
				<name>1.11.43-9</name>
				<styleUrl>#msn_ylw-pushpin31020</styleUrl>
				<Polygon>
					<tessellate>1</tessellate>
					<outerBoundaryIs>
						<LinearRing>
							<coordinates>
								-71.4983224667474,-16.37856534260796,0 -71.49815334131412,-16.37895164284413,0 -71.49780466020673,-16.37877725956179,0 -71.49797147124181,-16.37842442674718,0 -71.4983224667474,-16.37856534260796,0 
							</coordinates>
						</LinearRing>
					</outerBoundaryIs>
				</Polygon>
			</Placemark>
			<Placemark>
				<name>1.11.43-10</name>
				<styleUrl>#msn_ylw-pushpin31020</styleUrl>
				<Polygon>
					<tessellate>1</tessellate>
					<outerBoundaryIs>
						<LinearRing>
							<coordinates>
								-71.49890718146496,-16.37858304968294,0 -71.49881465088409,-16.37875252089865,0 -71.49848081952497,-16.37858013609427,0 -71.49794152746144,-16.37835428984792,0 -71.49805816051988,-16.37818322076405,0 -71.49890718146496,-16.37858304968294,0 
							</coordinates>
						</LinearRing>
					</outerBoundaryIs>
				</Polygon>
			</Placemark>
			<Placemark>
				<name>1.11.44-1</name>
				<styleUrl>#msn_ylw-pushpin31020</styleUrl>
				<Polygon>
					<tessellate>1</tessellate>
					<outerBoundaryIs>
						<LinearRing>
							<coordinates>
								-71.49548609520647,-16.38020755056108,0 -71.49542093077665,-16.38047886487377,0 -71.49506068428164,-16.38040728685721,0 -71.49509726949464,-16.38023658342285,0 -71.49526941761164,-16.38025094512076,0 -71.49529512326097,-16.38016160151966,0 -71.49548609520647,-16.38020755056108,0 
							</coordinates>
						</LinearRing>
					</outerBoundaryIs>
				</Polygon>
			</Placemark>
			<Placemark>
				<name>1.11.44-2</name>
				<styleUrl>#msn_ylw-pushpin31020</styleUrl>
				<Polygon>
					<tessellate>1</tessellate>
					<outerBoundaryIs>
						<LinearRing>
							<coordinates>
								-71.49591239089948,-16.38031638892101,0 -71.49583883040667,-16.3805698600574,0 -71.49549585644881,-16.38049300531758,0 -71.49556862008177,-16.38022501470426,0 -71.49591239089948,-16.38031638892101,0 
							</coordinates>
						</LinearRing>
					</outerBoundaryIs>
				</Polygon>
			</Placemark>
			<Placemark>
				<name>1.11.44-3</name>
				<styleUrl>#msn_ylw-pushpin31020</styleUrl>
				<Polygon>
					<tessellate>1</tessellate>
					<outerBoundaryIs>
						<LinearRing>
							<coordinates>
								-71.49641807668858,-16.38002199568469,0 -71.49626130467999,-16.38065319415717,0 -71.49591137637609,-16.38059557924043,0 -71.49600424146857,-16.38022392450283,0 -71.49609929526855,-16.37993982438556,0 -71.49641807668858,-16.38002199568469,0 
							</coordinates>
						</LinearRing>
					</outerBoundaryIs>
				</Polygon>
			</Placemark>
			<Placemark>
				<name>1.11.44-4</name>
				<styleUrl>#msn_ylw-pushpin31020</styleUrl>
				<Polygon>
					<tessellate>1</tessellate>
					<outerBoundaryIs>
						<LinearRing>
							<coordinates>
								-71.49683429682332,-16.38011868633987,0 -71.49666746664367,-16.3807478971526,0 -71.49667201443866,-16.38075406650606,0 -71.49633724957891,-16.38067250173244,0 -71.4965007867013,-16.3800444877933,0 -71.49683429682332,-16.38011868633987,0 
							</coordinates>
						</LinearRing>
					</outerBoundaryIs>
				</Polygon>
			</Placemark>
			<Placemark>
				<name>1.11.44-5</name>
				<styleUrl>#msn_ylw-pushpin31020</styleUrl>
				<Polygon>
					<tessellate>1</tessellate>
					<outerBoundaryIs>
						<LinearRing>
							<coordinates>
								-71.49665495353661,-16.38085096220275,0 -71.49660033962898,-16.38105166947731,0 -71.49626606163045,-16.38095074214353,0 -71.49631460603872,-16.38075277494862,0 -71.49665495353661,-16.38085096220275,0 
							</coordinates>
						</LinearRing>
					</outerBoundaryIs>
				</Polygon>
			</Placemark>
			<Placemark>
				<name>1.11.44-6</name>
				<styleUrl>#msn_ylw-pushpin31020</styleUrl>
				<Polygon>
					<tessellate>1</tessellate>
					<outerBoundaryIs>
						<LinearRing>
							<coordinates>
								-71.49624426092481,-16.38075083946456,0 -71.49617099689451,-16.38107153216394,0 -71.49601747427681,-16.3810577737994,0 -71.49586212226399,-16.3810197846356,0 -71.49584245678605,-16.38092966053267,0 -71.49588783375954,-16.38067183165662,0 -71.49624426092481,-16.38075083946456,0 
							</coordinates>
						</LinearRing>
					</outerBoundaryIs>
				</Polygon>
			</Placemark>
			<Placemark>
				<name>1.11.44-7</name>
				<styleUrl>#msn_ylw-pushpin31020</styleUrl>
				<Polygon>
					<tessellate>1</tessellate>
					<outerBoundaryIs>
						<LinearRing>
							<coordinates>
								-71.49581717764133,-16.38065339577552,0 -71.49575890870334,-16.38091724149652,0 -71.49549247522715,-16.38088788120226,0 -71.49541727146168,-16.38082903407612,0 -71.49547481710614,-16.38058123225959,0 -71.49581717764133,-16.38065339577552,0 
							</coordinates>
						</LinearRing>
					</outerBoundaryIs>
				</Polygon>
			</Placemark>
			<Placemark>
				<name>1.11.44-8</name>
				<styleUrl>#msn_ylw-pushpin31020</styleUrl>
				<Polygon>
					<tessellate>1</tessellate>
					<outerBoundaryIs>
						<LinearRing>
							<coordinates>
								-71.49540626776944,-16.38056638718102,0 -71.49534330570167,-16.38082820655155,0 -71.49514030295003,-16.38078751218228,0 -71.49515879414245,-16.38070637351021,0 -71.49480760828907,-16.38060104843378,0 -71.49465554922445,-16.38053674097611,0 -71.49472364581332,-16.38039714531124,0 -71.49540626776944,-16.38056638718102,0 
							</coordinates>
						</LinearRing>
					</outerBoundaryIs>
				</Polygon>
			</Placemark>
			<Placemark>
				<name>1.11.45-2</name>
				<styleUrl>#msn_ylw-pushpin31020</styleUrl>
				<Polygon>
					<tessellate>1</tessellate>
					<outerBoundaryIs>
						<LinearRing>
							<coordinates>
								-71.49640116770227,-16.37798021992453,0 -71.49628469943094,-16.37830406142371,0 -71.4957000902147,-16.37811574916455,0 -71.49530182760662,-16.37794656263169,0 -71.49545374487323,-16.37761726716207,0 -71.49640116770227,-16.37798021992453,0 
							</coordinates>
						</LinearRing>
					</outerBoundaryIs>
				</Polygon>
			</Placemark>
			<Placemark>
				<name>1.11.45-3</name>
				<styleUrl>#msn_ylw-pushpin31020</styleUrl>
				<Polygon>
					<tessellate>1</tessellate>
					<outerBoundaryIs>
						<LinearRing>
							<coordinates>
								-71.49609713613567,-16.37835775498342,0 -71.49608960240344,-16.37838853639157,0 -71.49528339540765,-16.37840967976943,0 -71.49527454117175,-16.37806507412671,0 -71.49609713613567,-16.37835775498342,0 
							</coordinates>
						</LinearRing>
					</outerBoundaryIs>
				</Polygon>
			</Placemark>
			<Placemark>
				<name>1.11.45-4</name>
				<styleUrl>#msn_ylw-pushpin31020</styleUrl>
				<Polygon>
					<tessellate>1</tessellate>
					<outerBoundaryIs>
						<LinearRing>
							<coordinates>
								-71.49605427230371,-16.37846478615309,0 -71.49606171129422,-16.37881114973081,0 -71.49529109268563,-16.37883045667156,0 -71.49528128817416,-16.37848086076103,0 -71.49605427230371,-16.37846478615309,0 
							</coordinates>
						</LinearRing>
					</outerBoundaryIs>
				</Polygon>
			</Placemark>
			<Placemark>
				<name>1.11.45-5</name>
				<styleUrl>#msn_ylw-pushpin31020</styleUrl>
				<Polygon>
					<tessellate>1</tessellate>
					<outerBoundaryIs>
						<LinearRing>
							<coordinates>
								-71.49666569449954,-16.37920558419399,0 -71.49531005478782,-16.37924833546057,0 -71.49530530764538,-16.37889796364918,0 -71.49667245973087,-16.37886068961068,0 -71.49666569449954,-16.37920558419399,0 
							</coordinates>
						</LinearRing>
					</outerBoundaryIs>
				</Polygon>
			</Placemark>
			<Placemark>
				<name>1.11.45-6</name>
				<styleUrl>#msn_ylw-pushpin31020</styleUrl>
				<Polygon>
					<tessellate>1</tessellate>
					<outerBoundaryIs>
						<LinearRing>
							<coordinates>
								-71.49650218466616,-16.37928480932599,0 -71.49650701921937,-16.37933122105538,0 -71.49588643495483,-16.37963383864783,0 -71.49530912354244,-16.37966974414438,0 -71.49529733610393,-16.37931503556485,0 -71.49650218466616,-16.37928480932599,0 
							</coordinates>
						</LinearRing>
					</outerBoundaryIs>
				</Polygon>
			</Placemark>
			<Placemark>
				<name>1.11.45-7</name>
				<styleUrl>#msn_ylw-pushpin31020</styleUrl>
				<Polygon>
					<tessellate>1</tessellate>
					<outerBoundaryIs>
						<LinearRing>
							<coordinates>
								-71.49522721535322,-16.37973455706152,0 -71.49521599904787,-16.37984564326613,0 -71.49509841017229,-16.37992520281825,0 -71.49319850668505,-16.37998608848238,0 -71.49318122396275,-16.37978774781438,0 -71.49452913422526,-16.37974613936156,0 -71.49522721535322,-16.37973455706152,0 
							</coordinates>
						</LinearRing>
					</outerBoundaryIs>
				</Polygon>
			</Placemark>
			<Placemark>
				<name>1.11.45-8</name>
				<styleUrl>#msn_ylw-pushpin31020</styleUrl>
				<Polygon>
					<tessellate>1</tessellate>
					<outerBoundaryIs>
						<LinearRing>
							<coordinates>
								-71.49521551141902,-16.37931256131473,0 -71.49521696170022,-16.37965915149544,0 -71.49394308826831,-16.37969220025025,0 -71.49393106939156,-16.37934138497411,0 -71.49521551141902,-16.37931256131473,0 
							</coordinates>
						</LinearRing>
					</outerBoundaryIs>
				</Polygon>
			</Placemark>
			<Placemark>
				<name>1.11.45-9</name>
				<styleUrl>#msn_ylw-pushpin31020</styleUrl>
				<Polygon>
					<tessellate>1</tessellate>
					<outerBoundaryIs>
						<LinearRing>
							<coordinates>
								-71.49519601919299,-16.37889622718095,0 -71.49521098328221,-16.37924553974098,0 -71.49393365254468,-16.37927174501205,0 -71.49392512959255,-16.37892918845989,0 -71.49519601919299,-16.37889622718095,0 
							</coordinates>
						</LinearRing>
					</outerBoundaryIs>
				</Polygon>
			</Placemark>
			<Placemark>
				<name>1.11.45-10</name>
				<styleUrl>#msn_ylw-pushpin31020</styleUrl>
				<Polygon>
					<tessellate>1</tessellate>
					<outerBoundaryIs>
						<LinearRing>
							<coordinates>
								-71.49518100631761,-16.37848159610524,0 -71.49519276354164,-16.3788291689722,0 -71.49441958369906,-16.37885241714957,0 -71.49440725807223,-16.37850601279536,0 -71.49518100631761,-16.37848159610524,0 
							</coordinates>
						</LinearRing>
					</outerBoundaryIs>
				</Polygon>
			</Placemark>
			<Placemark>
				<name>1.11.45-11</name>
				<styleUrl>#msn_ylw-pushpin31020</styleUrl>
				<Polygon>
					<tessellate>1</tessellate>
					<outerBoundaryIs>
						<LinearRing>
							<coordinates>
								-71.49518151474742,-16.37806584959194,0 -71.49518661723772,-16.37841061051738,0 -71.49440758054639,-16.37844005474575,0 -71.49356170369549,-16.37845754092237,0 -71.49358575808654,-16.37810705829844,0 -71.49518151474742,-16.37806584959194,0 
							</coordinates>
						</LinearRing>
					</outerBoundaryIs>
				</Polygon>
			</Placemark>
			<Placemark>
				<name>1.11.45-12</name>
				<styleUrl>#msn_ylw-pushpin31020</styleUrl>
				<Polygon>
					<tessellate>1</tessellate>
					<outerBoundaryIs>
						<LinearRing>
							<coordinates>
								-71.49502653302045,-16.37797554909988,0 -71.494527455008,-16.37795649767683,0 -71.49446940406777,-16.37793659717156,0 -71.49393053210301,-16.37752660083108,0 -71.49413658098726,-16.37725223448848,0 -71.49504332623363,-16.3779462647374,0 -71.49502653302045,-16.37797554909988,0 
							</coordinates>
						</LinearRing>
					</outerBoundaryIs>
				</Polygon>
			</Placemark>
			<Placemark>
				<name>1.11.45-13</name>
				<styleUrl>#msn_ylw-pushpin31020</styleUrl>
				<Polygon>
					<tessellate>1</tessellate>
					<outerBoundaryIs>
						<LinearRing>
							<coordinates>
								-71.49445462076581,-16.37689192282441,0 -71.49525213864489,-16.37751972709559,0 -71.49531076444575,-16.37757445104781,0 -71.49523759330864,-16.37766635315626,0 -71.49510642707047,-16.37783169709173,0 -71.49436301490763,-16.37726870154848,0 -71.49422906436136,-16.37716663215683,0 -71.4942812966972,-16.37709943193839,0 -71.49445462076581,-16.37689192282441,0 
							</coordinates>
						</LinearRing>
					</outerBoundaryIs>
				</Polygon>
			</Placemark>
			<Placemark>
				<name>1.11.45-14</name>
				<styleUrl>#msn_ylw-pushpin31020</styleUrl>
				<Polygon>
					<tessellate>1</tessellate>
					<outerBoundaryIs>
						<LinearRing>
							<coordinates>
								-71.49544094333412,-16.37755919777722,0 -71.49449002911332,-16.37683343120551,0 -71.49471156137211,-16.37656256902048,0 -71.49565084035454,-16.37728596265796,0 -71.49544094333412,-16.37755919777722,0 
							</coordinates>
						</LinearRing>
					</outerBoundaryIs>
				</Polygon>
			</Placemark>
			<Placemark>
				<name>1.11.45-15</name>
				<styleUrl>#msn_ylw-pushpin31020</styleUrl>
				<Polygon>
					<tessellate>1</tessellate>
					<outerBoundaryIs>
						<LinearRing>
							<coordinates>
								-71.49412502670853,-16.37709277330557,0 -71.49386166205953,-16.37687488786154,0 -71.49417704736746,-16.37647399315116,0 -71.49457636527988,-16.37656108879202,0 -71.49412502670853,-16.37709277330557,0 
							</coordinates>
						</LinearRing>
					</outerBoundaryIs>
				</Polygon>
			</Placemark>
			<Placemark>
				<name>1.11.45-16</name>
				<styleUrl>#msn_ylw-pushpin31020</styleUrl>
				<Polygon>
					<tessellate>1</tessellate>
					<outerBoundaryIs>
						<LinearRing>
							<coordinates>
								-71.49412425887752,-16.37646070501652,0 -71.49398089047865,-16.37660451775395,0 -71.49365771648905,-16.37632640481176,0 -71.49338196291869,-16.37611651615111,0 -71.4934732574856,-16.37602145205722,0 -71.49365873739492,-16.37609207096193,0 -71.49412425887752,-16.37646070501652,0 
							</coordinates>
						</LinearRing>
					</outerBoundaryIs>
				</Polygon>
			</Placemark>
			<Placemark>
				<name>1.11.45-17</name>
				<styleUrl>#msn_ylw-pushpin31020</styleUrl>
				<Polygon>
					<tessellate>1</tessellate>
					<outerBoundaryIs>
						<LinearRing>
							<coordinates>
								-71.49393619839863,-16.37665646611789,0 -71.49378204093087,-16.37680224638397,0 -71.49347128418773,-16.37652606321426,0 -71.49315256122038,-16.3763044297425,0 -71.49330433108901,-16.37618183313062,0 -71.4935787780904,-16.37635167421883,0 -71.49393619839863,-16.37665646611789,0 
							</coordinates>
						</LinearRing>
					</outerBoundaryIs>
				</Polygon>
			</Placemark>
			<Placemark>
				<name>1.11.45-18</name>
				<styleUrl>#msn_ylw-pushpin31020</styleUrl>
				<Polygon>
					<tessellate>1</tessellate>
					<outerBoundaryIs>
						<LinearRing>
							<coordinates>
								-71.49409611757522,-16.37716379576224,0 -71.49378368656335,-16.37760759126183,0 -71.49340331468306,-16.37805252354732,0 -71.49318605302309,-16.37798720279553,0 -71.49358636226074,-16.37750861591617,0 -71.49388640342272,-16.37704516056171,0 -71.49401160463852,-16.37706228620473,0 -71.49409611757522,-16.37716379576224,0 
							</coordinates>
						</LinearRing>
					</outerBoundaryIs>
				</Polygon>
			</Placemark>
			<Placemark>
				<name>1.11.45-19</name>
				<styleUrl>#msn_ylw-pushpin31020</styleUrl>
				<Polygon>
					<tessellate>1</tessellate>
					<outerBoundaryIs>
						<LinearRing>
							<coordinates>
								-71.49255296753672,-16.3760144581361,0 -71.49234633239253,-16.3758791361483,0 -71.49245643813045,-16.37578093729675,0 -71.49317533310725,-16.37614988281243,0 -71.49304202964393,-16.37629096449436,0 -71.49255296753672,-16.3760144581361,0 
							</coordinates>
						</LinearRing>
					</outerBoundaryIs>
				</Polygon>
			</Placemark>
			<Placemark>
				<name>1.11.45-20</name>
				<styleUrl>#msn_ylw-pushpin31020</styleUrl>
				<Polygon>
					<tessellate>1</tessellate>
					<outerBoundaryIs>
						<LinearRing>
							<coordinates>
								-71.49285516312834,-16.3759188192186,0 -71.4924938732653,-16.37573156958705,0 -71.49261234466681,-16.37561893319893,0 -71.49268815340726,-16.37562973322701,0 -71.49301487234887,-16.37581989740817,0 -71.49318104122774,-16.37589129293249,0 -71.49340353411684,-16.37601215154033,0 -71.49329774280434,-16.37612530144294,0 -71.49285516312834,-16.3759188192186,0 
							</coordinates>
						</LinearRing>
					</outerBoundaryIs>
				</Polygon>
			</Placemark>
			<Placemark>
				<name>1.11.45-21</name>
				<styleUrl>#msn_ylw-pushpin31020</styleUrl>
				<Polygon>
					<tessellate>1</tessellate>
					<outerBoundaryIs>
						<LinearRing>
							<coordinates>
								-71.49224864221806,-16.37591963240845,0 -71.49188209218632,-16.37571955706102,0 -71.49195417833403,-16.37563287259254,0 -71.49214150861437,-16.37566931369689,0 -71.49226530334626,-16.37557734311095,0 -71.49250993979302,-16.37564534457464,0 -71.49224864221806,-16.37591963240845,0 
							</coordinates>
						</LinearRing>
					</outerBoundaryIs>
				</Polygon>
			</Placemark>
			<Placemark>
				<name>1.11.45-22</name>
				<styleUrl>#msn_ylw-pushpin31020</styleUrl>
				<Polygon>
					<tessellate>1</tessellate>
					<outerBoundaryIs>
						<LinearRing>
							<coordinates>
								-71.49350577398592,-16.37847205997646,0 -71.49315638610275,-16.37847167083254,0 -71.49316646915034,-16.37811841229789,0 -71.49351180001281,-16.37813446557739,0 -71.49350577398592,-16.37847205997646,0 
							</coordinates>
						</LinearRing>
					</outerBoundaryIs>
				</Polygon>
			</Placemark>
			<Placemark>
				<name>1.11.46-1</name>
				<styleUrl>#msn_ylw-pushpin31020</styleUrl>
				<Polygon>
					<tessellate>1</tessellate>
					<outerBoundaryIs>
						<LinearRing>
							<coordinates>
								-71.49086337891201,-16.38115386704448,0 -71.49006039967325,-16.38131746572976,0 -71.48990524695513,-16.38096401027743,0 -71.49073990079162,-16.38077342951405,0 -71.49086337891201,-16.38115386704448,0 
							</coordinates>
						</LinearRing>
					</outerBoundaryIs>
				</Polygon>
			</Placemark>
			<Placemark>
				<name>1.11.46-2</name>
				<styleUrl>#msn_ylw-pushpin31020</styleUrl>
				<Polygon>
					<tessellate>1</tessellate>
					<outerBoundaryIs>
						<LinearRing>
							<coordinates>
								-71.49131870984849,-16.38105621081444,0 -71.49090003282714,-16.38113941237267,0 -71.49081614540022,-16.38075565448784,0 -71.49120197520675,-16.38068564398061,0 -71.49131870984849,-16.38105621081444,0 
							</coordinates>
						</LinearRing>
					</outerBoundaryIs>
				</Polygon>
			</Placemark>
			<Placemark>
				<name>1.11.46-3</name>
				<styleUrl>#msn_ylw-pushpin31020</styleUrl>
				<Polygon>
					<tessellate>1</tessellate>
					<outerBoundaryIs>
						<LinearRing>
							<coordinates>
								-71.49161568655219,-16.38079732743752,0 -71.49138425758505,-16.38105836914902,0 -71.49126108237938,-16.38066612881966,0 -71.49156589400573,-16.38060305551054,0 -71.49161568655219,-16.38079732743752,0 
							</coordinates>
						</LinearRing>
					</outerBoundaryIs>
				</Polygon>
			</Placemark>
			<Placemark>
				<name>1.11.46-4</name>
				<styleUrl>#msn_ylw-pushpin31020</styleUrl>
				<Polygon>
					<tessellate>1</tessellate>
					<outerBoundaryIs>
						<LinearRing>
							<coordinates>
								-71.49168416287615,-16.38027445365075,0 -71.49167069076232,-16.38047834357812,0 -71.49125015799848,-16.38058729645552,0 -71.4911889625421,-16.38019744614162,0 -71.49164676906243,-16.38012428263601,0 -71.49168416287615,-16.38027445365075,0 
							</coordinates>
						</LinearRing>
					</outerBoundaryIs>
				</Polygon>
			</Placemark>
			<Placemark>
				<name>1.11.46-5</name>
				<styleUrl>#msn_ylw-pushpin31020</styleUrl>
				<Polygon>
					<tessellate>1</tessellate>
					<outerBoundaryIs>
						<LinearRing>
							<coordinates>
								-71.49118102785481,-16.38058988954077,0 -71.49079095747649,-16.38067134857864,0 -71.49070636190014,-16.38029569859789,0 -71.4910969828634,-16.38023685887919,0 -71.49118102785481,-16.38058988954077,0 
							</coordinates>
						</LinearRing>
					</outerBoundaryIs>
				</Polygon>
			</Placemark>
			<Placemark>
				<name>1.11.46-6</name>
				<styleUrl>#msn_ylw-pushpin31020</styleUrl>
				<Polygon>
					<tessellate>1</tessellate>
					<outerBoundaryIs>
						<LinearRing>
							<coordinates>
								-71.49073148239164,-16.38069076537714,0 -71.48990967041009,-16.38086812209862,0 -71.48984228269431,-16.3804959402739,0 -71.4906562704376,-16.38031106004527,0 -71.49073148239164,-16.38069076537714,0 
							</coordinates>
						</LinearRing>
					</outerBoundaryIs>
				</Polygon>
			</Placemark>
			<Placemark>
				<name>1.11.46-7</name>
				<styleUrl>#msn_ylw-pushpin31020</styleUrl>
				<Polygon>
					<tessellate>1</tessellate>
					<outerBoundaryIs>
						<LinearRing>
							<coordinates>
								-71.49007556951834,-16.38037607037517,0 -71.48966897851699,-16.38046679325182,0 -71.48953375514634,-16.38009742786198,0 -71.49001290136648,-16.37999685282963,0 -71.49007556951834,-16.38037607037517,0 
							</coordinates>
						</LinearRing>
					</outerBoundaryIs>
				</Polygon>
			</Placemark>
			<Placemark>
				<name>1.11.46-8</name>
				<styleUrl>#msn_ylw-pushpin31020</styleUrl>
				<Polygon>
					<tessellate>1</tessellate>
					<outerBoundaryIs>
						<LinearRing>
							<coordinates>
								-71.49062318816043,-16.38025299218557,0 -71.49012711643458,-16.38037112047903,0 -71.49007353810794,-16.37999209187229,0 -71.49053583129428,-16.37987615235276,0 -71.49062318816043,-16.38025299218557,0 
							</coordinates>
						</LinearRing>
					</outerBoundaryIs>
				</Polygon>
			</Placemark>
			<Placemark>
				<name>1.11.46-9</name>
				<styleUrl>#msn_ylw-pushpin31020</styleUrl>
				<Polygon>
					<tessellate>1</tessellate>
					<outerBoundaryIs>
						<LinearRing>
							<coordinates>
								-71.49109388155308,-16.38016137444829,0 -71.49067539782959,-16.38023516596991,0 -71.49061477837695,-16.37984422221128,0 -71.49100500070432,-16.37976708066071,0 -71.49109388155308,-16.38016137444829,0 
							</coordinates>
						</LinearRing>
					</outerBoundaryIs>
				</Polygon>
			</Placemark>
			<Placemark>
				<name>1.11.46-10</name>
				<styleUrl>#msn_ylw-pushpin31020</styleUrl>
				<Polygon>
					<tessellate>1</tessellate>
					<outerBoundaryIs>
						<LinearRing>
							<coordinates>
								-71.490518440812,-16.37982207863126,0 -71.49006830750703,-16.37992884151826,0 -71.48997541663141,-16.37954568669187,0 -71.49044650947586,-16.37943649661091,0 -71.490518440812,-16.37982207863126,0 
							</coordinates>
						</LinearRing>
					</outerBoundaryIs>
				</Polygon>
			</Placemark>
			<Placemark>
				<name>1.11.46-11</name>
				<styleUrl>#msn_ylw-pushpin31020</styleUrl>
				<Polygon>
					<tessellate>1</tessellate>
					<outerBoundaryIs>
						<LinearRing>
							<coordinates>
								-71.48999309459575,-16.37992142263505,0 -71.48948544167142,-16.38004872464515,0 -71.48924634582897,-16.37971936696091,0 -71.48987977539684,-16.37956542289139,0 -71.48999309459575,-16.37992142263505,0 
							</coordinates>
						</LinearRing>
					</outerBoundaryIs>
				</Polygon>
			</Placemark>
			<Placemark>
				<name>1.11.46A-1</name>
				<styleUrl>#msn_ylw-pushpin31020</styleUrl>
				<Polygon>
					<tessellate>1</tessellate>
					<outerBoundaryIs>
						<LinearRing>
							<coordinates>
								-71.49315454762484,-16.38001825421802,0 -71.49274835210531,-16.3800644548676,0 -71.49273284494279,-16.3798302589294,0 -71.49311926068438,-16.37981417577238,0 -71.49315454762484,-16.38001825421802,0 
							</coordinates>
						</LinearRing>
					</outerBoundaryIs>
				</Polygon>
			</Placemark>
			<Placemark>
				<name>1.11.46A-2</name>
				<styleUrl>#msn_ylw-pushpin31020</styleUrl>
				<Polygon>
					<tessellate>1</tessellate>
					<outerBoundaryIs>
						<LinearRing>
							<coordinates>
								-71.49269921945202,-16.38005222850072,0 -71.49230284547909,-16.38012001999445,0 -71.49229143504773,-16.37984967450516,0 -71.49267030670103,-16.37983833341487,0 -71.49269921945202,-16.38005222850072,0 
							</coordinates>
						</LinearRing>
					</outerBoundaryIs>
				</Polygon>
			</Placemark>
			<Placemark>
				<name>1.11.46A-3</name>
				<styleUrl>#msn_ylw-pushpin31020</styleUrl>
				<Polygon>
					<tessellate>1</tessellate>
					<outerBoundaryIs>
						<LinearRing>
							<coordinates>
								-71.49311109017836,-16.37974734854945,0 -71.49271564583836,-16.37976565125027,0 -71.49272126105694,-16.37936864056197,0 -71.49310535915528,-16.37936396371141,0 -71.49311109017836,-16.37974734854945,0 
							</coordinates>
						</LinearRing>
					</outerBoundaryIs>
				</Polygon>
			</Placemark>
			<Placemark>
				<name>1.11.46A-4</name>
				<styleUrl>#msn_ylw-pushpin31020</styleUrl>
				<Polygon>
					<tessellate>1</tessellate>
					<outerBoundaryIs>
						<LinearRing>
							<coordinates>
								-71.49266416223324,-16.37976886354802,0 -71.49228021858453,-16.37978914808779,0 -71.49227280061056,-16.37939433102347,0 -71.49244343908434,-16.37936421374273,0 -71.49265074761455,-16.3793641094264,0 -71.49266416223324,-16.37976886354802,0 
							</coordinates>
						</LinearRing>
					</outerBoundaryIs>
				</Polygon>
			</Placemark>
			<Placemark>
				<name>1.11.46A-5</name>
				<styleUrl>#msn_ylw-pushpin31020</styleUrl>
				<Polygon>
					<tessellate>1</tessellate>
					<outerBoundaryIs>
						<LinearRing>
							<coordinates>
								-71.49222476966214,-16.37977927593778,0 -71.49183767717206,-16.37979613090961,0 -71.49182600724308,-16.37941592960926,0 -71.49220764731911,-16.37938950683389,0 -71.49222476966214,-16.37977927593778,0 
							</coordinates>
						</LinearRing>
					</outerBoundaryIs>
				</Polygon>
			</Placemark>
			<Placemark>
				<name>1.11.46A-6</name>
				<styleUrl>#msn_ylw-pushpin31020</styleUrl>
				<Polygon>
					<tessellate>1</tessellate>
					<outerBoundaryIs>
						<LinearRing>
							<coordinates>
								-71.49310406647743,-16.37929777561323,0 -71.49272744383474,-16.37929781143153,0 -71.49272018630559,-16.37887038611459,0 -71.49309315086118,-16.37892603878005,0 -71.49310406647743,-16.37929777561323,0 
							</coordinates>
						</LinearRing>
					</outerBoundaryIs>
				</Polygon>
			</Placemark>
			<Placemark>
				<name>1.11.46A-7</name>
				<styleUrl>#msn_ylw-pushpin31020</styleUrl>
				<Polygon>
					<tessellate>1</tessellate>
					<outerBoundaryIs>
						<LinearRing>
							<coordinates>
								-71.49264202859861,-16.37885352554041,0 -71.49263662507737,-16.37928208063974,0 -71.49247238844028,-16.37931086801132,0 -71.49227142865894,-16.37932139355341,0 -71.49225980019951,-16.37872931711633,0 -71.49264202859861,-16.37885352554041,0 
							</coordinates>
						</LinearRing>
					</outerBoundaryIs>
				</Polygon>
			</Placemark>
			<Placemark>
				<name>1.11.46A-8</name>
				<styleUrl>#msn_ylw-pushpin31020</styleUrl>
				<Polygon>
					<tessellate>1</tessellate>
					<outerBoundaryIs>
						<LinearRing>
							<coordinates>
								-71.49221716941921,-16.37931918266178,0 -71.49181542294299,-16.37932847839844,0 -71.49181610393187,-16.3788810645259,0 -71.49218481691184,-16.37886952691012,0 -71.49221716941921,-16.37931918266178,0 
							</coordinates>
						</LinearRing>
					</outerBoundaryIs>
				</Polygon>
			</Placemark>
			<Placemark>
				<name>1.11.46A-9</name>
				<styleUrl>#msn_ylw-pushpin31020</styleUrl>
				<Polygon>
					<tessellate>1</tessellate>
					<outerBoundaryIs>
						<LinearRing>
							<coordinates>
								-71.49308115842838,-16.3785632004973,0 -71.49310293651851,-16.37884188441095,0 -71.4927864039976,-16.37882024355886,0 -71.49267198207431,-16.37878053919754,0 -71.49267800672692,-16.37852305844571,0 -71.49290521774358,-16.37855744061779,0 -71.49308115842838,-16.3785632004973,0 
							</coordinates>
						</LinearRing>
					</outerBoundaryIs>
				</Polygon>
			</Placemark>
			<Placemark>
				<name>1.11.46A-10</name>
				<styleUrl>#msn_ylw-pushpin31020</styleUrl>
				<Polygon>
					<tessellate>1</tessellate>
					<outerBoundaryIs>
						<LinearRing>
							<coordinates>
								-71.49261585325245,-16.3787813069144,0 -71.4924036160677,-16.37868935541626,0 -71.4924137448315,-16.37844194985296,0 -71.49244994307946,-16.3783806707626,0 -71.4926268545089,-16.37851553198321,0 -71.49261585325245,-16.3787813069144,0 
							</coordinates>
						</LinearRing>
					</outerBoundaryIs>
				</Polygon>
			</Placemark>
			<Placemark>
				<name>1.11.46A-11</name>
				<styleUrl>#msn_ylw-pushpin31020</styleUrl>
				<Polygon>
					<tessellate>1</tessellate>
					<outerBoundaryIs>
						<LinearRing>
							<coordinates>
								-71.49309151234588,-16.3785001189494,0 -71.49264184473721,-16.37842614580114,0 -71.49265325260282,-16.37820208894812,0 -71.49267230045307,-16.37809152111074,0 -71.49287838827331,-16.37813676357518,0 -71.49307536897732,-16.37816080923664,0 -71.49309151234588,-16.3785001189494,0 
							</coordinates>
						</LinearRing>
					</outerBoundaryIs>
				</Polygon>
			</Placemark>
			<Placemark>
				<name>1.11.48-3</name>
				<styleUrl>#msn_ylw-pushpin31020</styleUrl>
				<Polygon>
					<tessellate>1</tessellate>
					<outerBoundaryIs>
						<LinearRing>
							<coordinates>
								-71.49299552846009,-16.37710451844921,0 -71.49209547601373,-16.37672423821496,0 -71.49219904946357,-16.37647789762475,0 -71.49264984557951,-16.37665241826731,0 -71.49308528146409,-16.37691188779083,0 -71.49299552846009,-16.37710451844921,0 
							</coordinates>
						</LinearRing>
					</outerBoundaryIs>
				</Polygon>
			</Placemark>
			<Placemark>
				<name>1.11.48-4</name>
				<styleUrl>#msn_ylw-pushpin31020</styleUrl>
				<Polygon>
					<tessellate>1</tessellate>
					<outerBoundaryIs>
						<LinearRing>
							<coordinates>
								-71.49253886610944,-16.37745329477522,0 -71.49235059405186,-16.37763919110505,0 -71.49216588158677,-16.37757821993564,0 -71.4924722980479,-16.37697327948514,0 -71.49294066438583,-16.37719534441514,0 -71.49253886610944,-16.37745329477522,0 
							</coordinates>
						</LinearRing>
					</outerBoundaryIs>
				</Polygon>
			</Placemark>
			<Placemark>
				<name>1.11.48-5</name>
				<styleUrl>#msn_ylw-pushpin31020</styleUrl>
				<Polygon>
					<tessellate>1</tessellate>
					<outerBoundaryIs>
						<LinearRing>
							<coordinates>
								-71.49202129756412,-16.37766151855407,0 -71.49114248932588,-16.37729882931864,0 -71.49150245151378,-16.37654132207108,0 -71.49236309115329,-16.37693001747451,0 -71.49202129756412,-16.37766151855407,0 
							</coordinates>
						</LinearRing>
					</outerBoundaryIs>
				</Polygon>
			</Placemark>
			<Placemark>
				<name>1.11.48-6</name>
				<styleUrl>#msn_ylw-pushpin31020</styleUrl>
				<Polygon>
					<tessellate>1</tessellate>
					<outerBoundaryIs>
						<LinearRing>
							<coordinates>
								-71.49178379032271,-16.37815192436027,0 -71.49162051034764,-16.37851289785996,0 -71.49074915218446,-16.37813820468995,0 -71.49110571621932,-16.37738829126592,0 -71.49197586730892,-16.37776959235738,0 -71.49178379032271,-16.37815192436027,0 
							</coordinates>
						</LinearRing>
					</outerBoundaryIs>
				</Polygon>
			</Placemark>
			<Placemark>
				<name>1.11.48-7</name>
				<styleUrl>#msn_ylw-pushpin31020</styleUrl>
				<Polygon>
					<tessellate>1</tessellate>
					<outerBoundaryIs>
						<LinearRing>
							<coordinates>
								-71.49126484886992,-16.37902007744522,0 -71.4905055987811,-16.37863172001807,0 -71.49071195780834,-16.37824140070326,0 -71.4914974176063,-16.37857771665929,0 -71.49126484886992,-16.37902007744522,0 
							</coordinates>
						</LinearRing>
					</outerBoundaryIs>
				</Polygon>
			</Placemark>
			<Placemark>
				<name>1.11.48-8</name>
				<styleUrl>#msn_ylw-pushpin31020</styleUrl>
				<Polygon>
					<tessellate>1</tessellate>
					<outerBoundaryIs>
						<LinearRing>
							<coordinates>
								-71.49044687983546,-16.3785835101436,0 -71.48924347686018,-16.37805272543589,0 -71.48941966930464,-16.37765472715343,0 -71.49064419221487,-16.37820325612605,0 -71.49044687983546,-16.3785835101436,0 
							</coordinates>
						</LinearRing>
					</outerBoundaryIs>
				</Polygon>
			</Placemark>
			<Placemark>
				<name>1.11.48-9</name>
				<styleUrl>#msn_ylw-pushpin31020</styleUrl>
				<Polygon>
					<tessellate>1</tessellate>
					<outerBoundaryIs>
						<LinearRing>
							<coordinates>
								-71.49067888705422,-16.37811882016482,0 -71.48946521052854,-16.37757113305042,0 -71.48983111264243,-16.37682350345457,0 -71.49102811733209,-16.37737053690764,0 -71.49067888705422,-16.37811882016482,0 
							</coordinates>
						</LinearRing>
					</outerBoundaryIs>
				</Polygon>
			</Placemark>
			<Placemark>
				<name>1.11.48-11</name>
				<styleUrl>#msn_ylw-pushpin31020</styleUrl>
				<Polygon>
					<tessellate>1</tessellate>
					<outerBoundaryIs>
						<LinearRing>
							<coordinates>
								-71.48976456581671,-16.37668076108799,0 -71.48855772147483,-16.37614675148933,0 -71.48892131270449,-16.37539968169173,0 -71.49013251848575,-16.37593175734883,0 -71.48976456581671,-16.37668076108799,0 
							</coordinates>
						</LinearRing>
					</outerBoundaryIs>
				</Polygon>
			</Placemark>
			<Placemark>
				<name>1.11.48-12</name>
				<styleUrl>#msn_ylw-pushpin31020</styleUrl>
				<Polygon>
					<tessellate>1</tessellate>
					<outerBoundaryIs>
						<LinearRing>
							<coordinates>
								-71.48937010420124,-16.37753655682982,0 -71.48814889293688,-16.37700588355001,0 -71.48791128693995,-16.37597472048551,0 -71.48972520670955,-16.37678726579755,0 -71.48937010420124,-16.37753655682982,0 
							</coordinates>
						</LinearRing>
					</outerBoundaryIs>
				</Polygon>
			</Placemark>
			<Placemark>
				<name>1.11.48-14</name>
				<styleUrl>#msn_ylw-pushpin31020</styleUrl>
				<Polygon>
					<tessellate>1</tessellate>
					<outerBoundaryIs>
						<LinearRing>
							<coordinates>
								-71.48849532457884,-16.37611389739285,0 -71.48785537270497,-16.37583982422947,0 -71.48753963599931,-16.37478894574271,0 -71.48884492514473,-16.37536520986593,0 -71.48849532457884,-16.37611389739285,0 
							</coordinates>
						</LinearRing>
					</outerBoundaryIs>
				</Polygon>
			</Placemark>
			<Placemark>
				<name>1.11.49-1</name>
				<styleUrl>#msn_ylw-pushpin31020</styleUrl>
				<Polygon>
					<tessellate>1</tessellate>
					<outerBoundaryIs>
						<LinearRing>
							<coordinates>
								-71.49574099067404,-16.37518811186725,0 -71.49541665228898,-16.37511995615256,0 -71.49559311312142,-16.37451881505047,0 -71.49590696574887,-16.37460575703018,0 -71.49574099067404,-16.37518811186725,0 
							</coordinates>
						</LinearRing>
					</outerBoundaryIs>
				</Polygon>
			</Placemark>
			<Placemark>
				<name>1.11.49-2</name>
				<styleUrl>#msn_ylw-pushpin31020</styleUrl>
				<Polygon>
					<tessellate>1</tessellate>
					<outerBoundaryIs>
						<LinearRing>
							<coordinates>
								-71.4953691367615,-16.3750910535242,0 -71.49505253541226,-16.37500505333425,0 -71.49523405476867,-16.37441010001558,0 -71.49553250068033,-16.37450277185507,0 -71.4953691367615,-16.3750910535242,0 
							</coordinates>
						</LinearRing>
					</outerBoundaryIs>
				</Polygon>
			</Placemark>
			<Placemark>
				<name>1.11.49-3</name>
				<styleUrl>#msn_ylw-pushpin31020</styleUrl>
				<Polygon>
					<tessellate>1</tessellate>
					<outerBoundaryIs>
						<LinearRing>
							<coordinates>
								-71.49491019137935,-16.37533176139195,0 -71.49450755354762,-16.3752421408651,0 -71.49458446467452,-16.37495076686729,0 -71.49498316593413,-16.3750489415764,0 -71.49491019137935,-16.37533176139195,0 
							</coordinates>
						</LinearRing>
					</outerBoundaryIs>
				</Polygon>
			</Placemark>
			<Placemark>
				<name>1.11.49-4</name>
				<styleUrl>#msn_ylw-pushpin31020</styleUrl>
				<Polygon>
					<tessellate>1</tessellate>
					<outerBoundaryIs>
						<LinearRing>
							<coordinates>
								-71.49499711271358,-16.3750004962749,0 -71.49460518526958,-16.37490324358382,0 -71.49469828172435,-16.37461505171357,0 -71.49508762852874,-16.37472405981843,0 -71.49499711271358,-16.3750004962749,0 
							</coordinates>
						</LinearRing>
					</outerBoundaryIs>
				</Polygon>
			</Placemark>
			<Placemark>
				<name>1.11.49-5</name>
				<styleUrl>#msn_ylw-pushpin31020</styleUrl>
				<Polygon>
					<tessellate>1</tessellate>
					<outerBoundaryIs>
						<LinearRing>
							<coordinates>
								-71.49509955954717,-16.37468166160458,0 -71.49471070147773,-16.37456623506035,0 -71.49480065523652,-16.37429353453004,0 -71.49518808458134,-16.37439510930202,0 -71.49509955954717,-16.37468166160458,0 
							</coordinates>
						</LinearRing>
					</outerBoundaryIs>
				</Polygon>
			</Placemark>
			<Placemark>
				<name>1.11.49-6</name>
				<styleUrl>#msn_ylw-pushpin31020</styleUrl>
				<Polygon>
					<tessellate>1</tessellate>
					<outerBoundaryIs>
						<LinearRing>
							<coordinates>
								-71.49376559816841,-16.37468129346271,0 -71.49384965198433,-16.37439580981782,0 -71.49463724291411,-16.37460790035419,0 -71.49455128872088,-16.37488608291029,0 -71.49376559816841,-16.37468129346271,0 
							</coordinates>
						</LinearRing>
					</outerBoundaryIs>
				</Polygon>
			</Placemark>
			<Placemark>
				<name>1.11.49-7</name>
				<styleUrl>#msn_ylw-pushpin31020</styleUrl>
				<Polygon>
					<tessellate>1</tessellate>
					<outerBoundaryIs>
						<LinearRing>
							<coordinates>
								-71.49386225039214,-16.37434337125842,0 -71.49394426266642,-16.37404799947096,0 -71.4943867516631,-16.3741914485837,0 -71.49448182097287,-16.3742984448634,0 -71.49470382349755,-16.37439895118347,0 -71.49465535732998,-16.37455552677523,0 -71.49386225039214,-16.37434337125842,0 
							</coordinates>
						</LinearRing>
					</outerBoundaryIs>
				</Polygon>
			</Placemark>
			<Placemark>
				<name>1.11.49-8</name>
				<styleUrl>#msn_ylw-pushpin31020</styleUrl>
				<Polygon>
					<tessellate>1</tessellate>
					<outerBoundaryIs>
						<LinearRing>
							<coordinates>
								-71.49353178501678,-16.37488485567145,0 -71.49353300369241,-16.37479708776582,0 -71.49387868286253,-16.3748718712153,0 -71.49390443870955,-16.3747618909311,0 -71.49453836148069,-16.37493919902424,0 -71.49446080494583,-16.37518390940397,0 -71.49353178501678,-16.37488485567145,0 
							</coordinates>
						</LinearRing>
					</outerBoundaryIs>
				</Polygon>
			</Placemark>
			<Placemark>
				<name>1.11.50-1</name>
				<styleUrl>#msn_ylw-pushpin31020</styleUrl>
				<Polygon>
					<tessellate>1</tessellate>
					<outerBoundaryIs>
						<LinearRing>
							<coordinates>
								-71.49682709280881,-16.37331204846821,0 -71.49663335463732,-16.37312464389941,0 -71.49677373766815,-16.37274220464291,0 -71.49707409473729,-16.37305658101635,0 -71.49682709280881,-16.37331204846821,0 
							</coordinates>
						</LinearRing>
					</outerBoundaryIs>
				</Polygon>
			</Placemark>
			<Placemark>
				<name>1.11.50-2</name>
				<styleUrl>#msn_ylw-pushpin31020</styleUrl>
				<Polygon>
					<tessellate>1</tessellate>
					<outerBoundaryIs>
						<LinearRing>
							<coordinates>
								-71.4965286885225,-16.37361949511415,0 -71.49607738352292,-16.37320285968917,0 -71.49631848900181,-16.3729474679306,0 -71.49680779249086,-16.37335640624788,0 -71.4965286885225,-16.37361949511415,0 
							</coordinates>
						</LinearRing>
					</outerBoundaryIs>
				</Polygon>
			</Placemark>
			<Placemark>
				<name>1.11.50-3</name>
				<styleUrl>#msn_ylw-pushpin31020</styleUrl>
				<Polygon>
					<tessellate>1</tessellate>
					<outerBoundaryIs>
						<LinearRing>
							<coordinates>
								-71.49603750462765,-16.37317292687582,0 -71.49553768795046,-16.37271846336656,0 -71.49583683442265,-16.37253718726288,0 -71.49627682634484,-16.37292640941106,0 -71.49603750462765,-16.37317292687582,0 
							</coordinates>
						</LinearRing>
					</outerBoundaryIs>
				</Polygon>
			</Placemark>
			<Placemark>
				<name>1.11.50-4</name>
				<styleUrl>#msn_ylw-pushpin31020</styleUrl>
				<Polygon>
					<tessellate>1</tessellate>
					<outerBoundaryIs>
						<LinearRing>
							<coordinates>
								-71.49601054201226,-16.37366159183883,0 -71.49523029417556,-16.37297813621374,0 -71.49531435659449,-16.3728526046813,0 -71.49547864669663,-16.37275860318329,0 -71.49624224961229,-16.37344235353905,0 -71.49601054201226,-16.37366159183883,0 
							</coordinates>
						</LinearRing>
					</outerBoundaryIs>
				</Polygon>
			</Placemark>
			<Placemark>
				<name>1.11.50-5</name>
				<styleUrl>#msn_ylw-pushpin31020</styleUrl>
				<Polygon>
					<tessellate>1</tessellate>
					<outerBoundaryIs>
						<LinearRing>
							<coordinates>
								-71.49574281554352,-16.37394382276335,0 -71.49515163493544,-16.37339955088068,0 -71.4952148349571,-16.37304785294215,0 -71.49597164896572,-16.37370632134906,0 -71.49574281554352,-16.37394382276335,0 
							</coordinates>
						</LinearRing>
					</outerBoundaryIs>
				</Polygon>
			</Placemark>
			<Placemark>
				<name>1.11.50-6</name>
				<styleUrl>#msn_ylw-pushpin31020</styleUrl>
				<Polygon>
					<tessellate>1</tessellate>
					<outerBoundaryIs>
						<LinearRing>
							<coordinates>
								-71.49601398310502,-16.37413445472568,0 -71.49578154494492,-16.37396546895139,0 -71.49598238811328,-16.37373982546188,0 -71.49610484504512,-16.3738503934761,0 -71.49601398310502,-16.37413445472568,0 
							</coordinates>
						</LinearRing>
					</outerBoundaryIs>
				</Polygon>
			</Placemark>
			<Placemark>
				<name>1.11.50-7</name>
				<styleUrl>#msn_ylw-pushpin31020</styleUrl>
				<Polygon>
					<tessellate>1</tessellate>
					<outerBoundaryIs>
						<LinearRing>
							<coordinates>
								-71.49633573584441,-16.37440829129633,0 -71.49604974023448,-16.37460310822123,0 -71.49595646799462,-16.37457573994722,0 -71.49614735578741,-16.37391486099279,0 -71.49641293787496,-16.37400396793586,0 -71.49633573584441,-16.37440829129633,0 
							</coordinates>
						</LinearRing>
					</outerBoundaryIs>
				</Polygon>
			</Placemark>
			<Placemark>
				<name>1.11.50-8</name>
				<styleUrl>#msn_ylw-pushpin31020</styleUrl>
				<Polygon>
					<tessellate>1</tessellate>
					<outerBoundaryIs>
						<LinearRing>
							<coordinates>
								-71.49590785518029,-16.37455540712286,0 -71.49559871420962,-16.37446366826929,0 -71.49574526301518,-16.3740040544415,0 -71.49599196071249,-16.37417883267988,0 -71.49590785518029,-16.37455540712286,0 
							</coordinates>
						</LinearRing>
					</outerBoundaryIs>
				</Polygon>
			</Placemark>
			<Placemark>
				<name>1.11.50-9</name>
				<styleUrl>#msn_ylw-pushpin31020</styleUrl>
				<Polygon>
					<tessellate>1</tessellate>
					<outerBoundaryIs>
						<LinearRing>
							<coordinates>
								-71.49553965201463,-16.37444390705219,0 -71.4952325389427,-16.3743528156297,0 -71.49540325115156,-16.3737136426202,0 -71.49565960540494,-16.37394787870006,0 -71.49553965201463,-16.37444390705219,0 
							</coordinates>
						</LinearRing>
					</outerBoundaryIs>
				</Polygon>
			</Placemark>
			<Placemark>
				<name>1.11.50-10</name>
				<styleUrl>#msn_ylw-pushpin31020</styleUrl>
				<Polygon>
					<tessellate>1</tessellate>
					<outerBoundaryIs>
						<LinearRing>
							<coordinates>
								-71.49484351134896,-16.37424177328519,0 -71.49511215603326,-16.37350015216774,0 -71.49535965092447,-16.37366770132094,0 -71.49518476937206,-16.37433714817929,0 -71.49484351134896,-16.37424177328519,0 
							</coordinates>
						</LinearRing>
					</outerBoundaryIs>
				</Polygon>
			</Placemark>
			<Placemark>
				<name>1.11.51-1</name>
				<styleUrl>#msn_ylw-pushpin31020</styleUrl>
				<Polygon>
					<tessellate>1</tessellate>
					<outerBoundaryIs>
						<LinearRing>
							<coordinates>
								-71.49834034513515,-16.37667241110268,0 -71.49821626329344,-16.37700168681324,0 -71.49808273386243,-16.37696128653973,0 -71.49817462649574,-16.37662131796574,0 -71.49834034513515,-16.37667241110268,0 
							</coordinates>
						</LinearRing>
					</outerBoundaryIs>
				</Polygon>
			</Placemark>
			<Placemark>
				<name>1.11.51-2</name>
				<styleUrl>#msn_ylw-pushpin31020</styleUrl>
				<Polygon>
					<tessellate>1</tessellate>
					<outerBoundaryIs>
						<LinearRing>
							<coordinates>
								-71.4981350641708,-16.37661319703472,0 -71.49804238669122,-16.37694986713333,0 -71.49771143870731,-16.37687867612262,0 -71.49781777452336,-16.37653649726738,0 -71.4981350641708,-16.37661319703472,0 
							</coordinates>
						</LinearRing>
					</outerBoundaryIs>
				</Polygon>
			</Placemark>
			<Placemark>
				<name>1.11.51-3</name>
				<styleUrl>#msn_ylw-pushpin31020</styleUrl>
				<Polygon>
					<tessellate>1</tessellate>
					<outerBoundaryIs>
						<LinearRing>
							<coordinates>
								-71.49847583790184,-16.37633283500756,0 -71.49836732328868,-16.37661809359502,0 -71.49782519004219,-16.37648534955336,0 -71.49790488377042,-16.37619183922129,0 -71.49847583790184,-16.37633283500756,0 
							</coordinates>
						</LinearRing>
					</outerBoundaryIs>
				</Polygon>
			</Placemark>
			<Placemark>
				<name>1.11.51-4</name>
				<styleUrl>#msn_ylw-pushpin31020</styleUrl>
				<Polygon>
					<tessellate>1</tessellate>
					<outerBoundaryIs>
						<LinearRing>
							<coordinates>
								-71.49860735896047,-16.37598252907135,0 -71.49850011779208,-16.37629024761742,0 -71.49791549728292,-16.37614045126736,0 -71.49798502060376,-16.37584956799696,0 -71.49860735896047,-16.37598252907135,0 
							</coordinates>
						</LinearRing>
					</outerBoundaryIs>
				</Polygon>
			</Placemark>
			<Placemark>
				<name>1.11.51-5</name>
				<styleUrl>#msn_ylw-pushpin31020</styleUrl>
				<Polygon>
					<tessellate>1</tessellate>
					<outerBoundaryIs>
						<LinearRing>
							<coordinates>
								-71.49865825329206,-16.37572288637144,0 -71.49863072035436,-16.3759423489217,0 -71.49800140905522,-16.37580059529374,0 -71.49807537108944,-16.37551214475366,0 -71.49862049256049,-16.37562934382196,0 -71.49865825329206,-16.37572288637144,0 
							</coordinates>
						</LinearRing>
					</outerBoundaryIs>
				</Polygon>
			</Placemark>
			<Placemark>
				<name>1.11.51-6</name>
				<styleUrl>#msn_ylw-pushpin31020</styleUrl>
				<Polygon>
					<tessellate>1</tessellate>
					<outerBoundaryIs>
						<LinearRing>
							<coordinates>
								-71.49826455207646,-16.3750904839495,0 -71.49854762237366,-16.37552609368496,0 -71.49852324556458,-16.37556257301562,0 -71.49807172574664,-16.37545954180047,0 -71.49815237675902,-16.3750458394684,0 -71.49826455207646,-16.3750904839495,0 
							</coordinates>
						</LinearRing>
					</outerBoundaryIs>
				</Polygon>
			</Placemark>
			<Placemark>
				<name>1.11.51-7</name>
				<styleUrl>#msn_ylw-pushpin31020</styleUrl>
				<Polygon>
					<tessellate>1</tessellate>
					<outerBoundaryIs>
						<LinearRing>
							<coordinates>
								-71.49810687165804,-16.37505211323884,0 -71.49802107281879,-16.37543725374284,0 -71.49771753424216,-16.37536950415894,0 -71.49779957764471,-16.37499391256538,0 -71.49810687165804,-16.37505211323884,0 
							</coordinates>
						</LinearRing>
					</outerBoundaryIs>
				</Polygon>
			</Placemark>
			<Placemark>
				<name>1.11.51-8</name>
				<styleUrl>#msn_ylw-pushpin31020</styleUrl>
				<Polygon>
					<tessellate>1</tessellate>
					<outerBoundaryIs>
						<LinearRing>
							<coordinates>
								-71.49800829153426,-16.37549254641028,0 -71.49794255612471,-16.37579020603936,0 -71.49783619355574,-16.37612317348077,0 -71.49755559510558,-16.37603964436185,0 -71.49763388206226,-16.37570392435116,0 -71.49770414055885,-16.37542298743978,0 -71.49800829153426,-16.37549254641028,0 
							</coordinates>
						</LinearRing>
					</outerBoundaryIs>
				</Polygon>
			</Placemark>
			<Placemark>
				<name>1.11.51-9</name>
				<styleUrl>#msn_ylw-pushpin31020</styleUrl>
				<Polygon>
					<tessellate>1</tessellate>
					<outerBoundaryIs>
						<LinearRing>
							<coordinates>
								-71.49784945603798,-16.37618433586377,0 -71.49766350631064,-16.37686773191362,0 -71.49733946992792,-16.37679540788423,0 -71.49753195991936,-16.37609830461281,0 -71.49784945603798,-16.37618433586377,0 
							</coordinates>
						</LinearRing>
					</outerBoundaryIs>
				</Polygon>
			</Placemark>
			<Placemark>
				<name>1.11.51-10</name>
				<styleUrl>#msn_ylw-pushpin31020</styleUrl>
				<Polygon>
					<tessellate>1</tessellate>
					<outerBoundaryIs>
						<LinearRing>
							<coordinates>
								-71.49747987331656,-16.3760888282166,0 -71.49729093508235,-16.37675158108549,0 -71.49702382940151,-16.37668048645711,0 -71.49721180212279,-16.37603382143122,0 -71.49747987331656,-16.3760888282166,0 
							</coordinates>
						</LinearRing>
					</outerBoundaryIs>
				</Polygon>
			</Placemark>
			<Placemark>
				<name>1.11.51-11</name>
				<styleUrl>#msn_ylw-pushpin31020</styleUrl>
				<Polygon>
					<tessellate>1</tessellate>
					<outerBoundaryIs>
						<LinearRing>
							<coordinates>
								-71.49715374848466,-16.37601736060645,0 -71.49699459316682,-16.37656752899757,0 -71.49684580943818,-16.37653185153418,0 -71.49669435083284,-16.37636104154706,0 -71.49681172691928,-16.37595383606829,0 -71.49715374848466,-16.37601736060645,0 
							</coordinates>
						</LinearRing>
					</outerBoundaryIs>
				</Polygon>
			</Placemark>
			<Placemark>
				<name>1.11.51-12</name>
				<styleUrl>#msn_ylw-pushpin31020</styleUrl>
				<Polygon>
					<tessellate>1</tessellate>
					<outerBoundaryIs>
						<LinearRing>
							<coordinates>
								-71.49676065990225,-16.37593293805333,0 -71.49667315947993,-16.37624826318399,0 -71.4964911062503,-16.37620230895647,0 -71.49633931589774,-16.37589369675031,0 -71.49635758935838,-16.37584058241198,0 -71.49676065990225,-16.37593293805333,0 
							</coordinates>
						</LinearRing>
					</outerBoundaryIs>
				</Polygon>
			</Placemark>
			<Placemark>
				<name>1.11.51-14</name>
				<styleUrl>#msn_ylw-pushpin31020</styleUrl>
				<Polygon>
					<tessellate>1</tessellate>
					<outerBoundaryIs>
						<LinearRing>
							<coordinates>
								-71.49774230599547,-16.37496873059572,0 -71.49770370262459,-16.37515155074154,0 -71.497410929765,-16.37505687185019,0 -71.49705202064918,-16.37512723637786,0 -71.4971299511117,-16.37481440651712,0 -71.49774230599547,-16.37496873059572,0 
							</coordinates>
						</LinearRing>
					</outerBoundaryIs>
				</Polygon>
			</Placemark>
			<Placemark>
				<name>1.11.51-15</name>
				<styleUrl>#msn_ylw-pushpin31020</styleUrl>
				<Polygon>
					<tessellate>1</tessellate>
					<outerBoundaryIs>
						<LinearRing>
							<coordinates>
								-71.49706675148589,-16.37480573788549,0 -71.49698750676907,-16.37513569244813,0 -71.49664239985309,-16.37519596435084,0 -71.49676115734296,-16.37473511819362,0 -71.49706675148589,-16.37480573788549,0 
							</coordinates>
						</LinearRing>
					</outerBoundaryIs>
				</Polygon>
			</Placemark>
			<Placemark>
				<name>1.11.51-16</name>
				<styleUrl>#msn_ylw-pushpin31020</styleUrl>
				<Polygon>
					<tessellate>1</tessellate>
					<outerBoundaryIs>
						<LinearRing>
							<coordinates>
								-71.49670379441172,-16.37472414497727,0 -71.49657530902932,-16.37521695416393,0 -71.49627005732299,-16.37528193023164,0 -71.49621673554307,-16.37526987921615,0 -71.49637804192795,-16.37463385246215,0 -71.49670379441172,-16.37472414497727,0 
							</coordinates>
						</LinearRing>
					</outerBoundaryIs>
				</Polygon>
			</Placemark>
			<Placemark>
				<name>1.11.51-17</name>
				<styleUrl>#msn_ylw-pushpin31020</styleUrl>
				<Polygon>
					<tessellate>1</tessellate>
					<outerBoundaryIs>
						<LinearRing>
							<coordinates>
								-71.49679229372221,-16.3743863313751,0 -71.49672205155477,-16.37465733287325,0 -71.49640474538744,-16.37458458769214,0 -71.49646274567336,-16.37437074745142,0 -71.49659395142397,-16.37434599463831,0 -71.49679229372221,-16.3743863313751,0 
							</coordinates>
						</LinearRing>
					</outerBoundaryIs>
				</Polygon>
			</Placemark>
			<Placemark>
				<name>1.11.51-18</name>
				<styleUrl>#msn_ylw-pushpin31020</styleUrl>
				<Polygon>
					<tessellate>1</tessellate>
					<outerBoundaryIs>
						<LinearRing>
							<coordinates>
								-71.49715967451689,-16.37445622591428,0 -71.49708747584515,-16.37474388026524,0 -71.49677649445631,-16.37467141990652,0 -71.49684862540863,-16.37439015510011,0 -71.49715967451689,-16.37445622591428,0 
							</coordinates>
						</LinearRing>
					</outerBoundaryIs>
				</Polygon>
			</Placemark>
			<Placemark>
				<name>1.11.51-19</name>
				<styleUrl>#msn_ylw-pushpin31020</styleUrl>
				<Polygon>
					<tessellate>1</tessellate>
					<outerBoundaryIs>
						<LinearRing>
							<coordinates>
								-71.49783263369973,-16.37463153966453,0 -71.49775598191509,-16.37491634352239,0 -71.49714204562162,-16.37476056492553,0 -71.49721587415382,-16.37446695329576,0 -71.49783263369973,-16.37463153966453,0 
							</coordinates>
						</LinearRing>
					</outerBoundaryIs>
				</Polygon>
			</Placemark>
			<Placemark>
				<name>1.11.51-20</name>
				<styleUrl>#msn_ylw-pushpin31020</styleUrl>
				<Polygon>
					<tessellate>1</tessellate>
					<outerBoundaryIs>
						<LinearRing>
							<coordinates>
								-71.49804676424601,-16.37474302850513,0 -71.49812201784877,-16.37480963761876,0 -71.49826157749837,-16.37505532112211,0 -71.49781728221208,-16.3749276925691,0 -71.49788212498993,-16.37466731312998,0 -71.49804676424601,-16.37474302850513,0 
							</coordinates>
						</LinearRing>
					</outerBoundaryIs>
				</Polygon>
			</Placemark>
			<Placemark>
				<name>1.11.54-4</name>
				<styleUrl>#msn_ylw-pushpin31020</styleUrl>
				<Polygon>
					<tessellate>1</tessellate>
					<outerBoundaryIs>
						<LinearRing>
							<coordinates>
								-71.49772643513806,-16.37254336169293,0 -71.49844949000128,-16.37323018611384,0 -71.49819562085838,-16.3734735999965,0 -71.49747278713764,-16.37278580633802,0 -71.49772643513806,-16.37254336169293,0 
							</coordinates>
						</LinearRing>
					</outerBoundaryIs>
				</Polygon>
			</Placemark>
			<Placemark>
				<name>1.11.54-12</name>
				<styleUrl>#msn_ylw-pushpin31020</styleUrl>
				<Polygon>
					<tessellate>1</tessellate>
					<outerBoundaryIs>
						<LinearRing>
							<coordinates>
								-71.49737858092547,-16.37279673671917,0 -71.49712898841905,-16.37302495397541,0 -71.49682149371586,-16.3727075737373,0 -71.49678163596059,-16.37264059138041,0 -71.49674443179276,-16.37237916823838,0 -71.49675174563416,-16.37224969574011,0 -71.49681110928833,-16.37219703607726,0 -71.49737858092547,-16.37279673671917,0 
							</coordinates>
						</LinearRing>
					</outerBoundaryIs>
				</Polygon>
			</Placemark>
			<Placemark>
				<name>1.11.54-13</name>
				<styleUrl>#msn_ylw-pushpin31020</styleUrl>
				<Polygon>
					<tessellate>1</tessellate>
					<outerBoundaryIs>
						<LinearRing>
							<coordinates>
								-71.49850719819263,-16.37371438111575,0 -71.49833245138645,-16.37384489633742,0 -71.49804560248222,-16.37397321878863,0 -71.49798085345283,-16.37382189897797,0 -71.49717745388679,-16.37307402114003,0 -71.49742585723806,-16.37283080921366,0 -71.49815889778684,-16.37352974102352,0 -71.49850719819263,-16.37371438111575,0 
							</coordinates>
						</LinearRing>
					</outerBoundaryIs>
				</Polygon>
			</Placemark>
			<Placemark>
				<name>1.11.54-14</name>
				<styleUrl>#msn_ylw-pushpin31020</styleUrl>
				<Polygon>
					<tessellate>1</tessellate>
					<outerBoundaryIs>
						<LinearRing>
							<coordinates>
								-71.49771921028324,-16.37413676448591,0 -71.49741989119337,-16.37384502410168,0 -71.49689146537111,-16.37334982958905,0 -71.4971384679949,-16.3731286091428,0 -71.49789478991015,-16.37382759863458,0 -71.49795575150654,-16.37390628866571,0 -71.49799366934164,-16.37399350939655,0 -71.49771921028324,-16.37413676448591,0 
							</coordinates>
						</LinearRing>
					</outerBoundaryIs>
				</Polygon>
			</Placemark>
			<Placemark>
				<name>1.11.54-15</name>
				<styleUrl>#msn_ylw-pushpin31020</styleUrl>
				<Polygon>
					<tessellate>1</tessellate>
					<outerBoundaryIs>
						<LinearRing>
							<coordinates>
								-71.49764166426894,-16.37414575254482,0 -71.49762164456828,-16.37417492001449,0 -71.49718985697029,-16.37417273901955,0 -71.49659942274081,-16.37363068114765,0 -71.49685422726787,-16.37338993227904,0 -71.49764166426894,-16.37414575254482,0 
							</coordinates>
						</LinearRing>
					</outerBoundaryIs>
				</Polygon>
			</Placemark>
			<Placemark>
				<name>1.11.57-3</name>
				<styleUrl>#msn_ylw-pushpin31020</styleUrl>
				<Polygon>
					<tessellate>1</tessellate>
					<outerBoundaryIs>
						<LinearRing>
							<coordinates>
								-71.49667992660709,-16.37243930051369,0 -71.49671082860766,-16.3726236377437,0 -71.4966941252242,-16.3728048554803,0 -71.49664668945378,-16.37295077128034,0 -71.49659496762455,-16.37301194297008,0 -71.49649840880218,-16.37300788302942,0 -71.4963903926843,-16.37294664694324,0 -71.49591110165738,-16.37251689030963,0 -71.49572141143132,-16.37238016478095,0 -71.49580834080872,-16.37212423365472,0 -71.49528461824933,-16.37179068876009,0 -71.49516518662799,-16.37169608813395,0 -71.49523227154214,-16.37154908818516,0 -71.49543064443863,-16.37168004273174,0 -71.49667992660709,-16.37243930051369,0 
							</coordinates>
						</LinearRing>
					</outerBoundaryIs>
				</Polygon>
			</Placemark>
			<Placemark>
				<name>1.11.58-1</name>
				<styleUrl>#msn_ylw-pushpin31020</styleUrl>
				<Polygon>
					<tessellate>1</tessellate>
					<outerBoundaryIs>
						<LinearRing>
							<coordinates>
								-71.49471403128574,-16.37423393737295,0 -71.49462513014852,-16.37427801335393,0 -71.49432355092634,-16.37402316145079,0 -71.49436228391504,-16.37395125996936,0 -71.49476423985611,-16.37411465853359,0 -71.49471403128574,-16.37423393737295,0 
							</coordinates>
						</LinearRing>
					</outerBoundaryIs>
				</Polygon>
			</Placemark>
			<Placemark>
				<name>1.11.58-2</name>
				<styleUrl>#msn_ylw-pushpin31020</styleUrl>
				<Polygon>
					<tessellate>1</tessellate>
					<outerBoundaryIs>
						<LinearRing>
							<coordinates>
								-71.49434381545834,-16.37392373074415,0 -71.49446322139086,-16.37360648543086,0 -71.49489423875823,-16.37377129045271,0 -71.49477849410125,-16.37406414292922,0 -71.49434381545834,-16.37392373074415,0 
							</coordinates>
						</LinearRing>
					</outerBoundaryIs>
				</Polygon>
			</Placemark>
			<Placemark>
				<name>1.11.58-3</name>
				<styleUrl>#msn_ylw-pushpin31020</styleUrl>
				<Polygon>
					<tessellate>1</tessellate>
					<outerBoundaryIs>
						<LinearRing>
							<coordinates>
								-71.49448709845672,-16.37356483410806,0 -71.49461423010526,-16.37326819340566,0 -71.49505174902903,-16.37343651559417,0 -71.49492225717586,-16.3737209712156,0 -71.49448709845672,-16.37356483410806,0 
							</coordinates>
						</LinearRing>
					</outerBoundaryIs>
				</Polygon>
			</Placemark>
			<Placemark>
				<name>1.11.58-4</name>
				<styleUrl>#msn_ylw-pushpin31020</styleUrl>
				<Polygon>
					<tessellate>1</tessellate>
					<outerBoundaryIs>
						<LinearRing>
							<coordinates>
								-71.49462802099147,-16.37324023208678,0 -71.49470448307011,-16.37304725941514,0 -71.49473239398218,-16.37293329233778,0 -71.49510559909012,-16.37307237054241,0 -71.49506097482944,-16.37339050394331,0 -71.49462802099147,-16.37324023208678,0 
							</coordinates>
						</LinearRing>
					</outerBoundaryIs>
				</Polygon>
			</Placemark>
			<Placemark>
				<name>1.11.58-5</name>
				<styleUrl>#msn_ylw-pushpin31020</styleUrl>
				<Polygon>
					<tessellate>1</tessellate>
					<outerBoundaryIs>
						<LinearRing>
							<coordinates>
								-71.4947471268402,-16.37290481336528,0 -71.49488233647074,-16.37259539037694,0 -71.49527989691163,-16.37275593244917,0 -71.49514928705177,-16.37288037141171,0 -71.49510407294144,-16.3730207409232,0 -71.4947471268402,-16.37290481336528,0 
							</coordinates>
						</LinearRing>
					</outerBoundaryIs>
				</Polygon>
			</Placemark>
			<Placemark>
				<name>1.11.58-6</name>
				<styleUrl>#msn_ylw-pushpin31020</styleUrl>
				<Polygon>
					<tessellate>1</tessellate>
					<outerBoundaryIs>
						<LinearRing>
							<coordinates>
								-71.49558915391542,-16.37257818387494,0 -71.49533191710755,-16.37272004210791,0 -71.49487629506127,-16.37255892137737,0 -71.49502942475448,-16.37225229815529,0 -71.4956419038154,-16.37248680087996,0 -71.49558915391542,-16.37257818387494,0 
							</coordinates>
						</LinearRing>
					</outerBoundaryIs>
				</Polygon>
			</Placemark>
			<Placemark>
				<name>1.11.58-7</name>
				<styleUrl>#msn_ylw-pushpin31020</styleUrl>
				<Polygon>
					<tessellate>1</tessellate>
					<outerBoundaryIs>
						<LinearRing>
							<coordinates>
								-71.49515056462901,-16.37221618657916,0 -71.49520820346453,-16.3720583090466,0 -71.49537578084112,-16.37199545735854,0 -71.4957556984364,-16.37215439653333,0 -71.49566172294963,-16.37240288151068,0 -71.49515056462901,-16.37221618657916,0 
							</coordinates>
						</LinearRing>
					</outerBoundaryIs>
				</Polygon>
			</Placemark>
			<Placemark>
				<name>1.11.58-8</name>
				<styleUrl>#msn_ylw-pushpin31020</styleUrl>
				<Polygon>
					<tessellate>1</tessellate>
					<outerBoundaryIs>
						<LinearRing>
							<coordinates>
								-71.49481666101546,-16.37210319002223,0 -71.49487096788957,-16.37195944842539,0 -71.49517207144305,-16.37207393432129,0 -71.49512045798778,-16.37219816508743,0 -71.49481666101546,-16.37210319002223,0 
							</coordinates>
						</LinearRing>
					</outerBoundaryIs>
				</Polygon>
			</Placemark>
			<Placemark>
				<name>1.11.58-9</name>
				<styleUrl>#msn_ylw-pushpin31020</styleUrl>
				<Polygon>
					<tessellate>1</tessellate>
					<outerBoundaryIs>
						<LinearRing>
							<coordinates>
								-71.49461794783473,-16.3720433138805,0 -71.4947305991484,-16.37173388902945,0 -71.49487821573022,-16.37179002757097,0 -71.49479071630678,-16.37209018731591,0 -71.49461794783473,-16.3720433138805,0 
							</coordinates>
						</LinearRing>
					</outerBoundaryIs>
				</Polygon>
			</Placemark>
			<Placemark>
				<name>1.11.58-10</name>
				<styleUrl>#msn_ylw-pushpin31020</styleUrl>
				<Polygon>
					<tessellate>1</tessellate>
					<outerBoundaryIs>
						<LinearRing>
							<coordinates>
								-71.49461048123875,-16.37246049169733,0 -71.49460488664818,-16.37245966665196,0 -71.49450238967997,-16.37251647310213,0 -71.49397815830527,-16.37243449796268,0 -71.49404199448732,-16.37210876650367,0 -71.49451185140455,-16.37217990233948,0 -71.49462883944483,-16.37212797248784,0 -71.49496510774739,-16.37223776742512,0 -71.49483044674146,-16.37253410469038,0 -71.49461048123875,-16.37246049169733,0 
							</coordinates>
						</LinearRing>
					</outerBoundaryIs>
				</Polygon>
			</Placemark>
			<Placemark>
				<name>1.11.58-11</name>
				<styleUrl>#msn_ylw-pushpin31020</styleUrl>
				<Polygon>
					<tessellate>1</tessellate>
					<outerBoundaryIs>
						<LinearRing>
							<coordinates>
								-71.49441581637338,-16.37315553915961,0 -71.49449835805335,-16.37293798418212,0 -71.4939193521452,-16.37284712132312,0 -71.49396975232293,-16.37251482056877,0 -71.49451083820976,-16.37260079748241,0 -71.49461300177677,-16.37250996550989,0 -71.49483179522446,-16.37258320044647,0 -71.49476371207525,-16.37271246955197,0 -71.49469863057925,-16.37291485263775,0 -71.49457559421583,-16.37320948938174,0 -71.49441581637338,-16.37315553915961,0 
							</coordinates>
						</LinearRing>
					</outerBoundaryIs>
				</Polygon>
			</Placemark>
			<Placemark>
				<name>1.11.58-12</name>
				<styleUrl>#msn_ylw-pushpin31020</styleUrl>
				<Polygon>
					<tessellate>1</tessellate>
					<outerBoundaryIs>
						<LinearRing>
							<coordinates>
								-71.49421043940856,-16.37345388551795,0 -71.49436260998122,-16.37317344180231,0 -71.49457445780828,-16.37324583050167,0 -71.49443229804599,-16.37354533031167,0 -71.49421043940856,-16.37345388551795,0 
							</coordinates>
						</LinearRing>
					</outerBoundaryIs>
				</Polygon>
			</Placemark>
			<Placemark>
				<name>1.11.58-13</name>
				<styleUrl>#msn_ylw-pushpin31020</styleUrl>
				<Polygon>
					<tessellate>1</tessellate>
					<outerBoundaryIs>
						<LinearRing>
							<coordinates>
								-71.4942208430992,-16.37385434059141,0 -71.49416925079983,-16.37371116806559,0 -71.49404368136122,-16.37357437348653,0 -71.49411948274124,-16.37346717914087,0 -71.49442919588991,-16.37358796404877,0 -71.49428756004184,-16.37391113991316,0 -71.4942208430992,-16.37385434059141,0 
							</coordinates>
						</LinearRing>
					</outerBoundaryIs>
				</Polygon>
			</Placemark>
			<Placemark>
				<name>1.11.58-14</name>
				<styleUrl>#msn_ylw-pushpin31020</styleUrl>
				<Polygon>
					<tessellate>1</tessellate>
					<outerBoundaryIs>
						<LinearRing>
							<coordinates>
								-71.49384188356284,-16.37316892462814,0 -71.49389493682405,-16.37291759651441,0 -71.49436692115839,-16.37300147024795,0 -71.49431811045434,-16.37319690513828,0 -71.49421921232522,-16.37337085783846,0 -71.49384188356284,-16.37316892462814,0 
							</coordinates>
						</LinearRing>
					</outerBoundaryIs>
				</Polygon>
			</Placemark>
			<Placemark>
				<name>1.11.58-16</name>
				<styleUrl>#msn_ylw-pushpin31020</styleUrl>
				<Polygon>
					<tessellate>1</tessellate>
					<outerBoundaryIs>
						<LinearRing>
							<coordinates>
								-71.49328381206709,-16.37274559243001,0 -71.49332118785095,-16.37241397972449,0 -71.49388974076435,-16.37250203283698,0 -71.4938381582777,-16.3728289323476,0 -71.49328381206709,-16.37274559243001,0 
							</coordinates>
						</LinearRing>
					</outerBoundaryIs>
				</Polygon>
			</Placemark>
			<Placemark>
				<name>1.11.58-17</name>
				<LookAt>
					<longitude>-71.49379418267586</longitude>
					<latitude>-16.37526367523115</latitude>
					<altitude>0</altitude>
					<heading>2.464929878134225e-14</heading>
					<tilt>44.99999999999999</tilt>
					<range>999.9999999987219</range>
					<gx:altitudeMode>relativeToSeaFloor</gx:altitudeMode>
				</LookAt>
				<styleUrl>#msn_ylw-pushpin31020</styleUrl>
				<Polygon>
					<tessellate>1</tessellate>
					<outerBoundaryIs>
						<LinearRing>
							<coordinates>
								-71.49333932710222,-16.3723365691506,0 -71.4933942622588,-16.37200392399139,0 -71.49397000817962,-16.37209213769534,0 -71.49391072677133,-16.37242147478845,0 -71.49333932710222,-16.3723365691506,0 
							</coordinates>
						</LinearRing>
					</outerBoundaryIs>
				</Polygon>
			</Placemark>
			<Placemark>
				<name>1.11.58-18</name>
				<styleUrl>#msn_ylw-pushpin31020</styleUrl>
				<Polygon>
					<tessellate>1</tessellate>
					<outerBoundaryIs>
						<LinearRing>
							<coordinates>
								-71.49340810229194,-16.37193155412579,0 -71.49346156034817,-16.37159683210338,0 -71.49403074899988,-16.37168050317968,0 -71.49397733062509,-16.37200691812188,0 -71.49340810229194,-16.37193155412579,0 
							</coordinates>
						</LinearRing>
					</outerBoundaryIs>
				</Polygon>
			</Placemark>
			<Placemark>
				<name>1.11.58-19</name>
				<styleUrl>#msn_ylw-pushpin31020</styleUrl>
				<Polygon>
					<tessellate>1</tessellate>
					<outerBoundaryIs>
						<LinearRing>
							<coordinates>
								-71.49346868952529,-16.37151605591118,0 -71.49352455472629,-16.37117784114283,0 -71.49411536975765,-16.37127930957173,0 -71.49411523469261,-16.37127263600948,0 -71.49403806759894,-16.37160064741682,0 -71.49346868952529,-16.37151605591118,0 
							</coordinates>
						</LinearRing>
					</outerBoundaryIs>
				</Polygon>
			</Placemark>
			<Placemark>
				<name>1.11.58-20</name>
				<styleUrl>#msn_ylw-pushpin31020</styleUrl>
				<Polygon>
					<tessellate>1</tessellate>
					<outerBoundaryIs>
						<LinearRing>
							<coordinates>
								-71.49354365479023,-16.37110418144478,0 -71.49359862890678,-16.3707676741113,0 -71.49417069239219,-16.3708565277176,0 -71.49411704982124,-16.37119872815856,0 -71.49354365479023,-16.37110418144478,0 
							</coordinates>
						</LinearRing>
					</outerBoundaryIs>
				</Polygon>
			</Placemark>
			<Placemark>
				<name>1.11.58-21</name>
				<styleUrl>#msn_ylw-pushpin31020</styleUrl>
				<Polygon>
					<tessellate>1</tessellate>
					<outerBoundaryIs>
						<LinearRing>
							<coordinates>
								-71.49360450063969,-16.37070255063111,0 -71.49366513646986,-16.37035268866832,0 -71.49423287349576,-16.37044694850273,0 -71.49417011031261,-16.37078114689784,0 -71.49360450063969,-16.37070255063111,0 
							</coordinates>
						</LinearRing>
					</outerBoundaryIs>
				</Polygon>
			</Placemark>
			<Placemark>
				<name>1.11.58-22</name>
				<styleUrl>#msn_ylw-pushpin31020</styleUrl>
				<Polygon>
					<tessellate>1</tessellate>
					<outerBoundaryIs>
						<LinearRing>
							<coordinates>
								-71.49372871858941,-16.37027761473491,0 -71.4940300434928,-16.37017191200718,0 -71.49414993590666,-16.37010658018871,0 -71.49430027586976,-16.37006986383503,0 -71.49425365072729,-16.37037211135636,0 -71.49372871858941,-16.37027761473491,0 
							</coordinates>
						</LinearRing>
					</outerBoundaryIs>
				</Polygon>
			</Placemark>
			<Placemark>
				<name>1.11.58-23</name>
				<styleUrl>#msn_ylw-pushpin31020</styleUrl>
				<Polygon>
					<tessellate>1</tessellate>
					<outerBoundaryIs>
						<LinearRing>
							<coordinates>
								-71.49386353101933,-16.37016223884554,0 -71.49369665754631,-16.37017301884708,0 -71.49377908632984,-16.36972857907796,0 -71.49383955912161,-16.36931651360037,0 -71.49427455108695,-16.36949529607935,0 -71.49424857902022,-16.36960481635463,0 -71.49400269194281,-16.36963983777202,0 -71.4939092544584,-16.37013832807703,0 -71.49386353101933,-16.37016223884554,0 
							</coordinates>
						</LinearRing>
					</outerBoundaryIs>
				</Polygon>
			</Placemark>
			<Placemark>
				<name>1.11.58-24</name>
				<styleUrl>#msn_ylw-pushpin31020</styleUrl>
				<Polygon>
					<tessellate>1</tessellate>
					<outerBoundaryIs>
						<LinearRing>
							<coordinates>
								-71.49441992213276,-16.36990208948401,0 -71.49437130975546,-16.36960010386547,0 -71.49456222411169,-16.36960148715321,0 -71.49458900217125,-16.36984174746408,0 -71.49441992213276,-16.36990208948401,0 
							</coordinates>
						</LinearRing>
					</outerBoundaryIs>
				</Polygon>
			</Placemark>
			<Placemark>
				<name>1.11.58-25</name>
				<styleUrl>#msn_ylw-pushpin31020</styleUrl>
				<Polygon>
					<tessellate>1</tessellate>
					<outerBoundaryIs>
						<LinearRing>
							<coordinates>
								-71.49463995612707,-16.36993515612874,0 -71.49463725139741,-16.36989495020862,0 -71.49482679905404,-16.36982808929395,0 -71.49500583044065,-16.36981334723029,0 -71.49500550910541,-16.3699325897599,0 -71.49463995612707,-16.36993515612874,0 
							</coordinates>
						</LinearRing>
					</outerBoundaryIs>
				</Polygon>
			</Placemark>
			<Placemark>
				<name>1.11.58-26</name>
				<styleUrl>#msn_ylw-pushpin31020</styleUrl>
				<Polygon>
					<tessellate>1</tessellate>
					<outerBoundaryIs>
						<LinearRing>
							<coordinates>
								-71.49450636966772,-16.37027934599555,0 -71.49452042738008,-16.37042133631418,0 -71.49433163036329,-16.37037062368256,0 -71.49437664635229,-16.37001577865459,0 -71.49500565592126,-16.36998409497556,0 -71.49502137360535,-16.37025071325071,0 -71.49450636966772,-16.37027934599555,0 
							</coordinates>
						</LinearRing>
					</outerBoundaryIs>
				</Polygon>
			</Placemark>
			<Placemark>
				<name>1.11.58-27</name>
				<styleUrl>#msn_ylw-pushpin31020</styleUrl>
				<Polygon>
					<tessellate>1</tessellate>
					<outerBoundaryIs>
						<LinearRing>
							<coordinates>
								-71.49455156749379,-16.37060397286575,0 -71.49454592605623,-16.3703268083922,0 -71.49502106455526,-16.37031898203406,0 -71.49503363877892,-16.3705839197349,0 -71.49455156749379,-16.37060397286575,0 
							</coordinates>
						</LinearRing>
					</outerBoundaryIs>
				</Polygon>
			</Placemark>
			<Placemark>
				<name>1.11.58-29</name>
				<styleUrl>#msn_ylw-pushpin31020</styleUrl>
				<Polygon>
					<tessellate>1</tessellate>
					<outerBoundaryIs>
						<LinearRing>
							<coordinates>
								-71.49452025188386,-16.37099432092563,0 -71.49451125051726,-16.37066480066085,0 -71.49503481898475,-16.37064318701398,0 -71.49505157971433,-16.3709769210446,0 -71.49452025188386,-16.37099432092563,0 
							</coordinates>
						</LinearRing>
					</outerBoundaryIs>
				</Polygon>
			</Placemark>
			<Placemark>
				<name>1.11.58-30</name>
				<styleUrl>#msn_ylw-pushpin31020</styleUrl>
				<Polygon>
					<tessellate>1</tessellate>
					<outerBoundaryIs>
						<LinearRing>
							<coordinates>
								-71.49473141933726,-16.37134182507069,0 -71.49448262482883,-16.37132310685273,0 -71.49418526903689,-16.37126349755114,0 -71.49423991820687,-16.3708733858967,0 -71.49447925655519,-16.37091786351655,0 -71.49448119551369,-16.37105957495938,0 -71.49505671945455,-16.37102814384965,0 -71.4950614329401,-16.37131124399432,0 -71.49473141933726,-16.37134182507069,0 
							</coordinates>
						</LinearRing>
					</outerBoundaryIs>
				</Polygon>
			</Placemark>
			<Placemark>
				<name>1.11.58-31</name>
				<styleUrl>#msn_ylw-pushpin31020</styleUrl>
				<Polygon>
					<tessellate>1</tessellate>
					<outerBoundaryIs>
						<LinearRing>
							<coordinates>
								-71.49450497581904,-16.37167216768313,0 -71.49414158133865,-16.37158937276277,0 -71.49417353722041,-16.37129226133935,0 -71.4944616042675,-16.37133821430013,0 -71.49483330067025,-16.37138293688692,0 -71.4950679489816,-16.37135703465987,0 -71.4951181327598,-16.37173679003458,0 -71.49450497581904,-16.37167216768313,0 
							</coordinates>
						</LinearRing>
					</outerBoundaryIs>
				</Polygon>
			</Placemark>
			<Placemark>
				<name>1.11.59-1</name>
				<styleUrl>#msn_ylw-pushpin31020</styleUrl>
				<Polygon>
					<tessellate>1</tessellate>
					<outerBoundaryIs>
						<LinearRing>
							<coordinates>
								-71.49269494550408,-16.37224027790638,0 -71.49275243542773,-16.37190523763172,0 -71.49332797655401,-16.37199039332596,0 -71.49326249930543,-16.37231776889243,0 -71.49269494550408,-16.37224027790638,0 
							</coordinates>
						</LinearRing>
					</outerBoundaryIs>
				</Polygon>
			</Placemark>
			<Placemark>
				<name>1.11.59-2</name>
				<styleUrl>#msn_ylw-pushpin31020</styleUrl>
				<Polygon>
					<tessellate>1</tessellate>
					<outerBoundaryIs>
						<LinearRing>
							<coordinates>
								-71.49275014451007,-16.37182810613322,0 -71.49280524647102,-16.37148091103676,0 -71.49338542137315,-16.3715873305389,0 -71.49331531787769,-16.37190904575245,0 -71.49275014451007,-16.37182810613322,0 
							</coordinates>
						</LinearRing>
					</outerBoundaryIs>
				</Polygon>
			</Placemark>
			<Placemark>
				<name>1.11.59-3</name>
				<styleUrl>#msn_ylw-pushpin31020</styleUrl>
				<Polygon>
					<tessellate>1</tessellate>
					<outerBoundaryIs>
						<LinearRing>
							<coordinates>
								-71.49250018577095,-16.37221141012401,0 -71.49242594353902,-16.37213427057177,0 -71.49245103731809,-16.37202854707645,0 -71.49224114550356,-16.37199889674467,0 -71.49208500565922,-16.37188401688883,0 -71.49210472892545,-16.3718069242799,0 -71.49267009321008,-16.37189253495355,0 -71.49260504989213,-16.37221898840037,0 -71.49250018577095,-16.37221141012401,0 
							</coordinates>
						</LinearRing>
					</outerBoundaryIs>
				</Polygon>
			</Placemark>
			<Placemark>
				<name>1.11.59-4</name>
				<styleUrl>#msn_ylw-pushpin31020</styleUrl>
				<Polygon>
					<tessellate>1</tessellate>
					<outerBoundaryIs>
						<LinearRing>
							<coordinates>
								-71.49211064742258,-16.37172859738227,0 -71.49217059263209,-16.37139387336003,0 -71.49273594778462,-16.37148857305376,0 -71.49267807955195,-16.37181572194512,0 -71.49211064742258,-16.37172859738227,0 
							</coordinates>
						</LinearRing>
					</outerBoundaryIs>
				</Polygon>
			</Placemark>
			<Placemark>
				<name>1.11.59-5</name>
				<styleUrl>#msn_ylw-pushpin31020</styleUrl>
				<Polygon>
					<tessellate>1</tessellate>
					<outerBoundaryIs>
						<LinearRing>
							<coordinates>
								-71.49173297142032,-16.3716623733832,0 -71.49177007018351,-16.37150259618337,0 -71.49128359215172,-16.3714163749406,0 -71.49123264615929,-16.37137675870199,0 -71.49124378513837,-16.37124868602261,0 -71.49208922357802,-16.37137827264293,0 -71.49203393779338,-16.37171691576928,0 -71.49173297142032,-16.3716623733832,0 
							</coordinates>
						</LinearRing>
					</outerBoundaryIs>
				</Polygon>
			</Placemark>
			<Placemark>
				<name>1.11.59-6</name>
				<styleUrl>#msn_ylw-pushpin31020</styleUrl>
				<Polygon>
					<tessellate>1</tessellate>
					<outerBoundaryIs>
						<LinearRing>
							<coordinates>
								-71.49125343121334,-16.37117706934139,0 -71.49134757952305,-16.37058866773912,0 -71.49174439241571,-16.37062050048801,0 -71.49164295140052,-16.37122389502015,0 -71.49125343121334,-16.37117706934139,0 
							</coordinates>
						</LinearRing>
					</outerBoundaryIs>
				</Polygon>
			</Placemark>
			<Placemark>
				<name>1.11.59-7</name>
				<styleUrl>#msn_ylw-pushpin31020</styleUrl>
				<Polygon>
					<tessellate>1</tessellate>
					<outerBoundaryIs>
						<LinearRing>
							<coordinates>
								-71.49171923571882,-16.37124511329411,0 -71.49182386805586,-16.37064673273241,0 -71.4922116601702,-16.37072245653459,0 -71.49209612340913,-16.37130676877577,0 -71.49171923571882,-16.37124511329411,0 
							</coordinates>
						</LinearRing>
					</outerBoundaryIs>
				</Polygon>
			</Placemark>
			<Placemark>
				<name>1.11.60-2</name>
				<styleUrl>#msn_ylw-pushpin31020</styleUrl>
				<Polygon>
					<tessellate>1</tessellate>
					<outerBoundaryIs>
						<LinearRing>
							<coordinates>
								-71.49179178006609,-16.37013040509268,0 -71.49176002870537,-16.37053055063563,0 -71.49108632813547,-16.37047598109428,0 -71.49112311026182,-16.37007720109745,0 -71.49179178006609,-16.37013040509268,0 
							</coordinates>
						</LinearRing>
					</outerBoundaryIs>
				</Polygon>
			</Placemark>
			<Placemark>
				<name>1.11.60-3</name>
				<styleUrl>#msn_ylw-pushpin31020</styleUrl>
				<Polygon>
					<tessellate>1</tessellate>
					<outerBoundaryIs>
						<LinearRing>
							<coordinates>
								-71.49355319955448,-16.37027238518798,0 -71.49351708564819,-16.37070084486157,0 -71.49187441939823,-16.37053946385915,0 -71.49191126039409,-16.37011835971591,0 -71.49355319955448,-16.37027238518798,0 
							</coordinates>
						</LinearRing>
					</outerBoundaryIs>
				</Polygon>
			</Placemark>
			<Placemark>
				<name>1.11.60-4</name>
				<styleUrl>#msn_ylw-pushpin31020</styleUrl>
				<Polygon>
					<tessellate>1</tessellate>
					<outerBoundaryIs>
						<LinearRing>
							<coordinates>
								-71.49357466228,-16.37016455650021,0 -71.49191569304161,-16.37003717820556,0 -71.49195095221197,-16.36966431741088,0 -71.49290118695843,-16.36954922179392,0 -71.49303731251659,-16.36949152869813,0 -71.49362366954247,-16.36952374314395,0 -71.49357466228,-16.37016455650021,0 
							</coordinates>
						</LinearRing>
					</outerBoundaryIs>
				</Polygon>
			</Placemark>
			<Placemark>
				<name>1.11.60-5</name>
				<styleUrl>#msn_ylw-pushpin31020</styleUrl>
				<Polygon>
					<tessellate>1</tessellate>
					<outerBoundaryIs>
						<LinearRing>
							<coordinates>
								-71.49184595563433,-16.36962398572404,0 -71.49181182672248,-16.37002258966382,0 -71.49011315452861,-16.36988891180987,0 -71.49015659221983,-16.3694611553624,0 -71.49184595563433,-16.36962398572404,0 
							</coordinates>
						</LinearRing>
					</outerBoundaryIs>
				</Polygon>
			</Placemark>
			<Placemark>
				<name>1.11.60-6</name>
				<styleUrl>#msn_ylw-pushpin31020</styleUrl>
				<Polygon>
					<tessellate>1</tessellate>
					<outerBoundaryIs>
						<LinearRing>
							<coordinates>
								-71.49113217404465,-16.36926081024851,0 -71.49109102181458,-16.36934690183002,0 -71.49049462241358,-16.36922884952522,0 -71.49037712667675,-16.36913982486033,0 -71.49055427037595,-16.36902596225491,0 -71.49113217404465,-16.36926081024851,0 
							</coordinates>
						</LinearRing>
					</outerBoundaryIs>
				</Polygon>
			</Placemark>
			<Placemark>
				<name>1.11.60-9</name>
				<styleUrl>#msn_ylw-pushpin31020</styleUrl>
				<Polygon>
					<tessellate>1</tessellate>
					<outerBoundaryIs>
						<LinearRing>
							<coordinates>
								-71.49140917216822,-16.36933903727587,0 -71.4905803909012,-16.36898924957066,0 -71.49074770837937,-16.36859001041573,0 -71.49155621286931,-16.36895302461889,0 -71.49140917216822,-16.36933903727587,0 
							</coordinates>
						</LinearRing>
					</outerBoundaryIs>
				</Polygon>
			</Placemark>
			<Placemark>
				<name>1.11.60-10</name>
				<styleUrl>#msn_ylw-pushpin31020</styleUrl>
				<Polygon>
					<tessellate>1</tessellate>
					<outerBoundaryIs>
						<LinearRing>
							<coordinates>
								-71.49166078203494,-16.36890370501937,0 -71.49182843961486,-16.36839804907483,0 -71.49269800617384,-16.3684686577048,0 -71.49265457496398,-16.36894872290891,0 -71.49166078203494,-16.36890370501937,0 
							</coordinates>
						</LinearRing>
					</outerBoundaryIs>
				</Polygon>
			</Placemark>
			<Placemark>
				<name>1.11.60-11</name>
				<styleUrl>#msn_ylw-pushpin31020</styleUrl>
				<Polygon>
					<tessellate>1</tessellate>
					<outerBoundaryIs>
						<LinearRing>
							<coordinates>
								-71.49073871018923,-16.36850355813056,0 -71.4908926297941,-16.36810882921491,0 -71.49172417438876,-16.36847205948871,0 -71.49159415956913,-16.36885828471229,0 -71.49073871018923,-16.36850355813056,0 
							</coordinates>
						</LinearRing>
					</outerBoundaryIs>
				</Polygon>
			</Placemark>
			<Placemark>
				<name>1.11.60-12</name>
				<styleUrl>#msn_ylw-pushpin31020</styleUrl>
				<Polygon>
					<tessellate>1</tessellate>
					<outerBoundaryIs>
						<LinearRing>
							<coordinates>
								-71.4898275846397,-16.36810363015832,0 -71.48997589265014,-16.36772259176124,0 -71.49081251096757,-16.36807919480529,0 -71.4906613224659,-16.36846104168881,0 -71.4898275846397,-16.36810363015832,0 
							</coordinates>
						</LinearRing>
					</outerBoundaryIs>
				</Polygon>
			</Placemark>
			<Placemark>
				<name>1.11.60-13</name>
				<styleUrl>#msn_ylw-pushpin31020</styleUrl>
				<Polygon>
					<tessellate>1</tessellate>
					<outerBoundaryIs>
						<LinearRing>
							<coordinates>
								-71.48889424642179,-16.36772195627907,0 -71.48904866678333,-16.36733305954202,0 -71.48988333558987,-16.36768776944562,0 -71.48974206304722,-16.3680638260305,0 -71.48889424642179,-16.36772195627907,0 
							</coordinates>
						</LinearRing>
					</outerBoundaryIs>
				</Polygon>
			</Placemark>
			<Placemark>
				<name>1.11.60-14</name>
				<styleUrl>#msn_ylw-pushpin31020</styleUrl>
				<Polygon>
					<tessellate>1</tessellate>
					<outerBoundaryIs>
						<LinearRing>
							<coordinates>
								-71.48956015981165,-16.36851528622899,0 -71.48880332052478,-16.36800892860531,0 -71.48886643676329,-16.36780814465357,0 -71.48971228193699,-16.36816949084557,0 -71.48956015981165,-16.36851528622899,0 
							</coordinates>
						</LinearRing>
					</outerBoundaryIs>
				</Polygon>
			</Placemark>
			<Placemark>
				<name>1.11.60-15</name>
				<styleUrl>#msn_ylw-pushpin31020</styleUrl>
				<Polygon>
					<tessellate>1</tessellate>
					<outerBoundaryIs>
						<LinearRing>
							<coordinates>
								-71.48794691213652,-16.36732438702998,0 -71.48826075194182,-16.36699870373088,0 -71.48896370189701,-16.36729086471057,0 -71.48880398470205,-16.36767897372479,0 -71.48794691213652,-16.36732438702998,0 
							</coordinates>
						</LinearRing>
					</outerBoundaryIs>
				</Polygon>
			</Placemark>
			<Placemark>
				<name>1.11.60-17</name>
				<styleUrl>#msn_ylw-pushpin31020</styleUrl>
				<Polygon>
					<tessellate>1</tessellate>
					<outerBoundaryIs>
						<LinearRing>
							<coordinates>
								-71.48907374412033,-16.36724819901974,0 -71.48921429564665,-16.36684660439173,0 -71.4900644671507,-16.36720421052993,0 -71.48991336516885,-16.36760174231162,0 -71.48907374412033,-16.36724819901974,0 
							</coordinates>
						</LinearRing>
					</outerBoundaryIs>
				</Polygon>
			</Placemark>
			<Placemark>
				<name>1.11.60-18</name>
				<styleUrl>#msn_ylw-pushpin31020</styleUrl>
				<Polygon>
					<tessellate>1</tessellate>
					<outerBoundaryIs>
						<LinearRing>
							<coordinates>
								-71.48999797130956,-16.36763823012572,0 -71.49013483668315,-16.36724082605724,0 -71.49099217478835,-16.36760661425195,0 -71.49083535632238,-16.36798443111258,0 -71.48999797130956,-16.36763823012572,0 
							</coordinates>
						</LinearRing>
					</outerBoundaryIs>
				</Polygon>
			</Placemark>
			<Placemark>
				<name>1.11.60-19</name>
				<styleUrl>#msn_ylw-pushpin31020</styleUrl>
				<Polygon>
					<tessellate>1</tessellate>
					<outerBoundaryIs>
						<LinearRing>
							<coordinates>
								-71.49175615368567,-16.36836208136437,0 -71.49093289426564,-16.36802501609599,0 -71.49107142369796,-16.36763452599813,0 -71.49191514181913,-16.36798578603371,0 -71.49175615368567,-16.36836208136437,0 
							</coordinates>
						</LinearRing>
					</outerBoundaryIs>
				</Polygon>
			</Placemark>
			<Placemark>
				<name>1.11.60-20</name>
				<styleUrl>#msn_ylw-pushpin31020</styleUrl>
				<Polygon>
					<tessellate>1</tessellate>
					<outerBoundaryIs>
						<LinearRing>
							<coordinates>
								-71.4901792626256,-16.36715672891633,0 -71.49026544996708,-16.36697354943069,0 -71.49103037464917,-16.36740026038366,0 -71.49101746124104,-16.36750912891738,0 -71.4901792626256,-16.36715672891633,0 
							</coordinates>
						</LinearRing>
					</outerBoundaryIs>
				</Polygon>
			</Placemark>
			<Placemark>
				<name>1.11.60-21</name>
				<styleUrl>#msn_ylw-pushpin31020</styleUrl>
				<Polygon>
					<tessellate>1</tessellate>
					<outerBoundaryIs>
						<LinearRing>
							<coordinates>
								-71.4892490919416,-16.36676841416869,0 -71.48941995088366,-16.36632930488419,0 -71.49021188623189,-16.36680462451242,0 -71.49008799494354,-16.36711130261178,0 -71.4892490919416,-16.36676841416869,0 
							</coordinates>
						</LinearRing>
					</outerBoundaryIs>
				</Polygon>
			</Placemark>
			<Placemark>
				<name>1.11.60-23</name>
				<styleUrl>#msn_ylw-pushpin31020</styleUrl>
				<Polygon>
					<tessellate>1</tessellate>
					<outerBoundaryIs>
						<LinearRing>
							<coordinates>
								-71.4937004300434,-16.36851130400707,0 -71.49185302646696,-16.36835625216639,0 -71.49203235692769,-16.36791990351001,0 -71.49383535156184,-16.3681795280106,0 -71.4937004300434,-16.36851130400707,0 
							</coordinates>
						</LinearRing>
					</outerBoundaryIs>
				</Polygon>
			</Placemark>
			<Placemark>
				<name>1.11.67-1</name>
				<styleUrl>#msn_ylw-pushpin31020</styleUrl>
				<Polygon>
					<tessellate>1</tessellate>
					<outerBoundaryIs>
						<LinearRing>
							<coordinates>
								-71.4959803607918,-16.3763945638163,0 -71.49530009194498,-16.37622291116746,0 -71.49538377910653,-16.37599626114084,0 -71.49604047623538,-16.37617823712283,0 -71.4959803607918,-16.3763945638163,0 
							</coordinates>
						</LinearRing>
					</outerBoundaryIs>
				</Polygon>
			</Placemark>
			<Placemark>
				<name>1.11.67-2</name>
				<styleUrl>#msn_ylw-pushpin31020</styleUrl>
				<Polygon>
					<tessellate>1</tessellate>
					<outerBoundaryIs>
						<LinearRing>
							<coordinates>
								-71.49488968337069,-16.37611720338755,0 -71.49497900139158,-16.37587150907687,0 -71.49532854721059,-16.37598584165526,0 -71.49524437042709,-16.37621384854218,0 -71.49488968337069,-16.37611720338755,0 
							</coordinates>
						</LinearRing>
					</outerBoundaryIs>
				</Polygon>
			</Placemark>
			<Placemark>
				<name>1.11.67-3</name>
				<styleUrl>#msn_ylw-pushpin31020</styleUrl>
				<Polygon>
					<tessellate>1</tessellate>
					<outerBoundaryIs>
						<LinearRing>
							<coordinates>
								-71.49449679014717,-16.37599509720751,0 -71.49459284922162,-16.37576217383403,0 -71.4949230552895,-16.37586109367373,0 -71.49485139170012,-16.3760905280175,0 -71.49449679014717,-16.37599509720751,0 
							</coordinates>
						</LinearRing>
					</outerBoundaryIs>
				</Polygon>
			</Placemark>
			<Placemark>
				<name>1.11.67-4</name>
				<styleUrl>#msn_ylw-pushpin31020</styleUrl>
				<Polygon>
					<tessellate>1</tessellate>
					<outerBoundaryIs>
						<LinearRing>
							<coordinates>
								-71.49412011996162,-16.37588752220008,0 -71.49419919096843,-16.37564372431576,0 -71.49454170435925,-16.37573993828953,0 -71.49444534113299,-16.37597376941726,0 -71.49412011996162,-16.37588752220008,0 
							</coordinates>
						</LinearRing>
					</outerBoundaryIs>
				</Polygon>
			</Placemark>
			<Placemark>
				<name>1.11.67-5</name>
				<styleUrl>#msn_ylw-pushpin31020</styleUrl>
				<Polygon>
					<tessellate>1</tessellate>
					<outerBoundaryIs>
						<LinearRing>
							<coordinates>
								-71.49400578162638,-16.37569506394578,0 -71.49380550465413,-16.37562495832556,0 -71.49383332635966,-16.37553558960506,0 -71.49416979234896,-16.37562974889292,0 -71.49409747640952,-16.37583671514076,0 -71.49400578162638,-16.37569506394578,0 
							</coordinates>
						</LinearRing>
					</outerBoundaryIs>
				</Polygon>
			</Placemark>
			<Placemark>
				<name>1.11.67-6</name>
				<styleUrl>#msn_ylw-pushpin31020</styleUrl>
				<Polygon>
					<tessellate>1</tessellate>
					<outerBoundaryIs>
						<LinearRing>
							<coordinates>
								-71.49342789300643,-16.37533560072709,0 -71.49355875972404,-16.37496955180745,0 -71.4938813761019,-16.37506037140383,0 -71.49377192227892,-16.37544433504574,0 -71.49342789300643,-16.37533560072709,0 
							</coordinates>
						</LinearRing>
					</outerBoundaryIs>
				</Polygon>
			</Placemark>
			<Placemark>
				<name>1.11.67-7</name>
				<styleUrl>#msn_ylw-pushpin31020</styleUrl>
				<Polygon>
					<tessellate>1</tessellate>
					<outerBoundaryIs>
						<LinearRing>
							<coordinates>
								-71.49382119607645,-16.37546036794053,0 -71.49394397833215,-16.37506830608503,0 -71.49429723010041,-16.37519415290172,0 -71.49416538137787,-16.37556830563532,0 -71.49382119607645,-16.37546036794053,0 
							</coordinates>
						</LinearRing>
					</outerBoundaryIs>
				</Polygon>
			</Placemark>
			<Placemark>
				<name>1.11.67-8</name>
				<styleUrl>#msn_ylw-pushpin31020</styleUrl>
				<Polygon>
					<tessellate>1</tessellate>
					<outerBoundaryIs>
						<LinearRing>
							<coordinates>
								-71.49459596767171,-16.37571534563025,0 -71.49471807663963,-16.37532139022978,0 -71.49505399815604,-16.37540051566921,0 -71.49495487937338,-16.37580057444642,0 -71.49459596767171,-16.37571534563025,0 
							</coordinates>
						</LinearRing>
					</outerBoundaryIs>
				</Polygon>
			</Placemark>
			<Placemark>
				<name>1.11.67-9</name>
				<styleUrl>#msn_ylw-pushpin31020</styleUrl>
				<Polygon>
					<tessellate>1</tessellate>
					<outerBoundaryIs>
						<LinearRing>
							<coordinates>
								-71.49500216755389,-16.37580813296409,0 -71.4950812664926,-16.37558719057015,0 -71.49531904474905,-16.37566948519708,0 -71.4953929717436,-16.37577052167628,0 -71.49533308772483,-16.37591778672626,0 -71.49500216755389,-16.37580813296409,0 
							</coordinates>
						</LinearRing>
					</outerBoundaryIs>
				</Polygon>
			</Placemark>
			<Placemark>
				<name>1.11.68-1</name>
				<styleUrl>#msn_ylw-pushpin31020</styleUrl>
				<Polygon>
					<tessellate>1</tessellate>
					<outerBoundaryIs>
						<LinearRing>
							<coordinates>
								-71.48970282502098,-16.38163087590308,0 -71.48945220146238,-16.38167026671605,0 -71.48883424850709,-16.38101902344742,0 -71.48911318133761,-16.38077074640008,0 -71.48983593504533,-16.38149702710653,0 -71.48970282502098,-16.38163087590308,0 
							</coordinates>
						</LinearRing>
					</outerBoundaryIs>
				</Polygon>
			</Placemark>
			<Placemark>
				<name>1.11.68-2</name>
				<styleUrl>#msn_ylw-pushpin31020</styleUrl>
				<Polygon>
					<tessellate>1</tessellate>
					<outerBoundaryIs>
						<LinearRing>
							<coordinates>
								-71.48988287773925,-16.38145757577408,0 -71.48917759250928,-16.38070705450167,0 -71.48943407649398,-16.3804737003382,0 -71.48985489768452,-16.38096049611431,0 -71.49001068677016,-16.38134904452053,0 -71.48988287773925,-16.38145757577408,0 
							</coordinates>
						</LinearRing>
					</outerBoundaryIs>
				</Polygon>
			</Placemark>
			<Placemark>
				<name>1.11.68-3</name>
				<styleUrl>#msn_ylw-pushpin31020</styleUrl>
				<Polygon>
					<tessellate>1</tessellate>
					<outerBoundaryIs>
						<LinearRing>
							<coordinates>
								-71.48863413847462,-16.38111125422713,0 -71.48825181574912,-16.38087930600859,0 -71.48807117978787,-16.3807999361292,0 -71.48778283197356,-16.38064688067944,0 -71.48807517706535,-16.3803867445317,0 -71.48869938087806,-16.38103309199631,0 -71.48863413847462,-16.38111125422713,0 
							</coordinates>
						</LinearRing>
					</outerBoundaryIs>
				</Polygon>
			</Placemark>
			<Placemark>
				<name>1.11.68-4</name>
				<styleUrl>#msn_ylw-pushpin31020</styleUrl>
				<Polygon>
					<tessellate>1</tessellate>
					<outerBoundaryIs>
						<LinearRing>
							<coordinates>
								-71.48878612393426,-16.38100489901835,0 -71.48812413571056,-16.38032467752571,0 -71.48841089229073,-16.38004895671106,0 -71.48907043499963,-16.38071476498489,0 -71.48878612393426,-16.38100489901835,0 
							</coordinates>
						</LinearRing>
					</outerBoundaryIs>
				</Polygon>
			</Placemark>
			<Placemark>
				<name>1.11.68-5</name>
				<styleUrl>#msn_ylw-pushpin31020</styleUrl>
				<Polygon>
					<tessellate>1</tessellate>
					<outerBoundaryIs>
						<LinearRing>
							<coordinates>
								-71.48914143808669,-16.38066269828753,0 -71.48844604632822,-16.38000431581907,0 -71.48874689923518,-16.37973823624308,0 -71.48941020862034,-16.38038794390134,0 -71.48914143808669,-16.38066269828753,0 
							</coordinates>
						</LinearRing>
					</outerBoundaryIs>
				</Polygon>
			</Placemark>
			<Placemark>
				<name>1.11.68-6</name>
				<styleUrl>#msn_ylw-pushpin31020</styleUrl>
				<Polygon>
					<tessellate>1</tessellate>
					<outerBoundaryIs>
						<LinearRing>
							<coordinates>
								-71.48880049695842,-16.37971625799966,0 -71.48894482505743,-16.37957704023547,0 -71.48945191417246,-16.3801421148938,0 -71.48946123221444,-16.38036721873618,0 -71.48880049695842,-16.37971625799966,0 
							</coordinates>
						</LinearRing>
					</outerBoundaryIs>
				</Polygon>
			</Placemark>
			<Placemark>
				<name>1.11.68-7</name>
				<styleUrl>#msn_ylw-pushpin31020</styleUrl>
				<Polygon>
					<tessellate>1</tessellate>
					<outerBoundaryIs>
						<LinearRing>
							<coordinates>
								-71.48894260753843,-16.37952118994672,0 -71.4887634220681,-16.37966462717991,0 -71.48844356723964,-16.37938547342619,0 -71.48828008747218,-16.37910333167296,0 -71.48841082562841,-16.37900193085967,0 -71.48863284440479,-16.3792417844633,0 -71.48894260753843,-16.37952118994672,0 
							</coordinates>
						</LinearRing>
					</outerBoundaryIs>
				</Polygon>
			</Placemark>
			<Placemark>
				<name>1.11.68-8</name>
				<styleUrl>#msn_ylw-pushpin31020</styleUrl>
				<Polygon>
					<tessellate>1</tessellate>
					<outerBoundaryIs>
						<LinearRing>
							<coordinates>
								-71.48840937812327,-16.37994371827588,0 -71.4877371947066,-16.37927498025395,0 -71.48804792720898,-16.37905020146986,0 -71.48866473229178,-16.37969727006752,0 -71.48840937812327,-16.37994371827588,0 
							</coordinates>
						</LinearRing>
					</outerBoundaryIs>
				</Polygon>
			</Placemark>
			<Placemark>
				<name>1.11.68-9</name>
				<styleUrl>#msn_ylw-pushpin31020</styleUrl>
				<Polygon>
					<tessellate>1</tessellate>
					<outerBoundaryIs>
						<LinearRing>
							<coordinates>
								-71.48772139869435,-16.38059439791194,0 -71.48706618072669,-16.37992568661695,0 -71.48736577859999,-16.37965625378115,0 -71.4880237318938,-16.38031986971079,0 -71.48772139869435,-16.38059439791194,0 
							</coordinates>
						</LinearRing>
					</outerBoundaryIs>
				</Polygon>
			</Placemark>
			<Placemark>
				<name>1.11.68-10</name>
				<styleUrl>#msn_ylw-pushpin31020</styleUrl>
				<Polygon>
					<tessellate>1</tessellate>
					<outerBoundaryIs>
						<LinearRing>
							<coordinates>
								-71.48756829551469,-16.38070033778572,0 -71.4874253454076,-16.3807101572567,0 -71.48721157415902,-16.38068393584302,0 -71.48720621484821,-16.38057203625026,0 -71.48740255954773,-16.38035663084835,0 -71.48765016799256,-16.38062124110555,0 -71.48756829551469,-16.38070033778572,0 
							</coordinates>
						</LinearRing>
					</outerBoundaryIs>
				</Polygon>
			</Placemark>
			<Placemark>
				<name>1.11.68-11</name>
				<styleUrl>#msn_ylw-pushpin31020</styleUrl>
				<Polygon>
					<tessellate>1</tessellate>
					<outerBoundaryIs>
						<LinearRing>
							<coordinates>
								-71.4873159036224,-16.38027504192899,0 -71.48695113071398,-16.38056031103898,0 -71.48647090494931,-16.38064392286433,0 -71.48636186945738,-16.38054382375598,0 -71.48701188947189,-16.37997405352064,0 -71.4873159036224,-16.38027504192899,0 
							</coordinates>
						</LinearRing>
					</outerBoundaryIs>
				</Polygon>
			</Placemark>
			<Placemark>
				<name>1.11.68-13</name>
				<styleUrl>#msn_ylw-pushpin31020</styleUrl>
				<Polygon>
					<tessellate>1</tessellate>
					<outerBoundaryIs>
						<LinearRing>
							<coordinates>
								-71.48668119779657,-16.38017466612987,0 -71.48639642524832,-16.37988450104017,0 -71.48613754229405,-16.37937928550741,0 -71.48631101428739,-16.37926382588983,0 -71.48695080581936,-16.37991708169859,0 -71.48668119779657,-16.38017466612987,0 
							</coordinates>
						</LinearRing>
					</outerBoundaryIs>
				</Polygon>
			</Placemark>
			<Placemark>
				<name>1.11.68-14</name>
				<styleUrl>#msn_ylw-pushpin31020</styleUrl>
				<Polygon>
					<tessellate>1</tessellate>
					<outerBoundaryIs>
						<LinearRing>
							<coordinates>
								-71.4870097007976,-16.37987078594499,0 -71.48635367442346,-16.37920936770782,0 -71.48662906112119,-16.37893199317674,0 -71.48730270148876,-16.37959211330945,0 -71.4870097007976,-16.37987078594499,0 
							</coordinates>
						</LinearRing>
					</outerBoundaryIs>
				</Polygon>
			</Placemark>
			<Placemark>
				<name>1.11.68-15</name>
				<styleUrl>#msn_ylw-pushpin31020</styleUrl>
				<Polygon>
					<tessellate>1</tessellate>
					<outerBoundaryIs>
						<LinearRing>
							<coordinates>
								-71.48736093349561,-16.37954777951242,0 -71.48666966902748,-16.37889071666262,0 -71.48694885816624,-16.37862023494334,0 -71.48763342795272,-16.37928223149672,0 -71.48736093349561,-16.37954777951242,0 
							</coordinates>
						</LinearRing>
					</outerBoundaryIs>
				</Polygon>
			</Placemark>
			<Placemark>
				<name>1.11.68-16</name>
				<styleUrl>#msn_ylw-pushpin31020</styleUrl>
				<Polygon>
					<tessellate>1</tessellate>
					<outerBoundaryIs>
						<LinearRing>
							<coordinates>
								-71.48769293609554,-16.37924023140962,0 -71.4870095557109,-16.37856685719851,0 -71.48725600964747,-16.37831318109548,0 -71.48789897238683,-16.37890489676214,0 -71.48793176601144,-16.37901213172089,0 -71.48769293609554,-16.37924023140962,0 
							</coordinates>
						</LinearRing>
					</outerBoundaryIs>
				</Polygon>
			</Placemark>
			<Placemark>
				<name>1.11.68-18</name>
				<styleUrl>#msn_ylw-pushpin31020</styleUrl>
				<Polygon>
					<tessellate>1</tessellate>
					<outerBoundaryIs>
						<LinearRing>
							<coordinates>
								-71.48818077616518,-16.37899373792841,0 -71.48806854347308,-16.3790327916009,0 -71.4879180846537,-16.37883076150546,0 -71.4878017829503,-16.37863865291769,0 -71.48779529795924,-16.37855026636317,0 -71.48805302079205,-16.37854162272878,0 -71.48818077616518,-16.37899373792841,0 
							</coordinates>
						</LinearRing>
					</outerBoundaryIs>
				</Polygon>
			</Placemark>
			<Placemark>
				<name>1.11.68-19</name>
				<styleUrl>#msn_ylw-pushpin31020</styleUrl>
				<Polygon>
					<tessellate>1</tessellate>
					<outerBoundaryIs>
						<LinearRing>
							<coordinates>
								-71.48804856295378,-16.37850833646533,0 -71.4876114935614,-16.37845988397048,0 -71.48758571083353,-16.37814593440814,0 -71.48792044105696,-16.37810286335946,0 -71.48811882645316,-16.37810256361064,0 -71.48804856295378,-16.37850833646533,0 
							</coordinates>
						</LinearRing>
					</outerBoundaryIs>
				</Polygon>
			</Placemark>
			<Placemark>
				<name>1.11.68-20</name>
				<styleUrl>#msn_ylw-pushpin31020</styleUrl>
				<Polygon>
					<tessellate>1</tessellate>
					<outerBoundaryIs>
						<LinearRing>
							<coordinates>
								-71.48813910164401,-16.37787428125725,0 -71.48808616160649,-16.37806020577218,0 -71.48763913431767,-16.37810498578576,0 -71.48759210558353,-16.37774511404351,0 -71.48809875852184,-16.37769880201188,0 -71.48813910164401,-16.37787428125725,0 
							</coordinates>
						</LinearRing>
					</outerBoundaryIs>
				</Polygon>
			</Placemark>
			<Placemark>
				<name>1.11.68-23</name>
				<styleUrl>#msn_ylw-pushpin31020</styleUrl>
				<Polygon>
					<tessellate>1</tessellate>
					<outerBoundaryIs>
						<LinearRing>
							<coordinates>
								-71.48791308384486,-16.37675668117036,0 -71.48731074410276,-16.37685112470255,0 -71.48725409618376,-16.37665080281239,0 -71.48733001807327,-16.37645956204336,0 -71.48781670930605,-16.3764053977229,0 -71.48791308384486,-16.37675668117036,0 
							</coordinates>
						</LinearRing>
					</outerBoundaryIs>
				</Polygon>
			</Placemark>
			<Placemark>
				<name>1.11.68-24</name>
				<styleUrl>#msn_ylw-pushpin31020</styleUrl>
				<Polygon>
					<tessellate>1</tessellate>
					<outerBoundaryIs>
						<LinearRing>
							<coordinates>
								-71.48780822715885,-16.37631912807839,0 -71.48734766939734,-16.37637754516965,0 -71.48728971408472,-16.37603453407257,0 -71.48770380618012,-16.37598025630787,0 -71.48775807387513,-16.37604873969542,0 -71.48780822715885,-16.37631912807839,0 
							</coordinates>
						</LinearRing>
					</outerBoundaryIs>
				</Polygon>
			</Placemark>
			<Placemark>
				<name>1.11.68-27</name>
				<styleUrl>#msn_ylw-pushpin31020</styleUrl>
				<Polygon>
					<tessellate>1</tessellate>
					<outerBoundaryIs>
						<LinearRing>
							<coordinates>
								-71.48629461257919,-16.37914142066748,0 -71.48565588948179,-16.37847788426635,0 -71.48591668943405,-16.37823246877874,0 -71.48657914485307,-16.37887320117662,0 -71.48629461257919,-16.37914142066748,0 
							</coordinates>
						</LinearRing>
					</outerBoundaryIs>
				</Polygon>
			</Placemark>
		</Folder>
		<Folder>
			<name>NA</name>
			<Placemark>
				<name>1.11.20-4</name>
				<styleUrl>#msn_ylw-pushpin310200</styleUrl>
				<Polygon>
					<tessellate>1</tessellate>
					<outerBoundaryIs>
						<LinearRing>
							<coordinates>
								-71.51241790253685,-16.37986331358197,0 -71.51257804463285,-16.38005148629984,0 -71.51279441916452,-16.38030673037915,0 -71.51257378548861,-16.38047073852177,0 -71.51230581200872,-16.38026734690575,0 -71.51216184672556,-16.38005156975542,0 -71.51241790253685,-16.37986331358197,0 
							</coordinates>
						</LinearRing>
					</outerBoundaryIs>
				</Polygon>
			</Placemark>
			<Placemark>
				<name>1.11.20-9</name>
				<styleUrl>#msn_ylw-pushpin310200</styleUrl>
				<Polygon>
					<tessellate>1</tessellate>
					<outerBoundaryIs>
						<LinearRing>
							<coordinates>
								-71.51326996219936,-16.37920761869541,0 -71.51307976999966,-16.37932631312506,0 -71.51286130928854,-16.37945061621758,0 -71.51278580451255,-16.37932583342284,0 -71.51273975537202,-16.37922401137889,0 -71.5129091025629,-16.37913414558737,0 -71.51295000771181,-16.37920941953534,0 -71.513110952893,-16.37911311314256,0 -71.5131385245587,-16.37915619611024,0 -71.51318968914852,-16.37913500244547,0 -71.51326996219936,-16.37920761869541,0 
							</coordinates>
						</LinearRing>
					</outerBoundaryIs>
				</Polygon>
			</Placemark>
			<Placemark>
				<name>1.11.22-28</name>
				<styleUrl>#msn_ylw-pushpin310200</styleUrl>
				<Polygon>
					<tessellate>1</tessellate>
					<outerBoundaryIs>
						<LinearRing>
							<coordinates>
								-71.50257104871068,-16.37320002229368,0 -71.50203924633499,-16.37379605639213,0 -71.50199935335979,-16.37378800329049,0 -71.50163145302587,-16.37352704435081,0 -71.50137514103899,-16.37316883959037,0 -71.5017973120332,-16.37264058698105,0 -71.50257104871068,-16.37320002229368,0 
							</coordinates>
						</LinearRing>
					</outerBoundaryIs>
				</Polygon>
			</Placemark>
			<Placemark>
				<name>1.11.22-38</name>
				<styleUrl>#msn_ylw-pushpin310200</styleUrl>
				<Polygon>
					<tessellate>1</tessellate>
					<outerBoundaryIs>
						<LinearRing>
							<coordinates>
								-71.50242406934727,-16.37299958155669,0 -71.5029417463209,-16.37233089130938,0 -71.50319366159445,-16.37250457162323,0 -71.5026195783591,-16.37312991013461,0 -71.50242406934727,-16.37299958155669,0 
							</coordinates>
						</LinearRing>
					</outerBoundaryIs>
				</Polygon>
			</Placemark>
			<Placemark>
				<name>1.11.22-50</name>
				<styleUrl>#msn_ylw-pushpin310200</styleUrl>
				<Polygon>
					<tessellate>1</tessellate>
					<outerBoundaryIs>
						<LinearRing>
							<coordinates>
								-71.50647270818477,-16.37488364953484,0 -71.50607527988383,-16.37528724646926,0 -71.50561023363785,-16.37495841771903,0 -71.50601404313943,-16.37455086396942,0 -71.50647270818477,-16.37488364953484,0 
							</coordinates>
						</LinearRing>
					</outerBoundaryIs>
				</Polygon>
			</Placemark>
			<Placemark>
				<name>1.11.27-2</name>
				<styleUrl>#msn_ylw-pushpin310200</styleUrl>
				<Polygon>
					<tessellate>1</tessellate>
					<outerBoundaryIs>
						<LinearRing>
							<coordinates>
								-71.50551629825682,-16.38039590292981,0 -71.50567981390584,-16.38002838149443,0 -71.50589575369682,-16.38008970107592,0 -71.50579213998111,-16.38047681062483,0 -71.50551629825682,-16.38039590292981,0 
							</coordinates>
						</LinearRing>
					</outerBoundaryIs>
				</Polygon>
			</Placemark>
			<Placemark>
				<name>1.11.35-6</name>
				<styleUrl>#msn_ylw-pushpin310200</styleUrl>
				<Polygon>
					<tessellate>1</tessellate>
					<outerBoundaryIs>
						<LinearRing>
							<coordinates>
								-71.5094879093039,-16.38513139207144,0 -71.5095119771855,-16.38516692602165,0 -71.50951903835764,-16.38521402853023,0 -71.50952471435173,-16.38524817988749,0 -71.50951355984459,-16.3852851578549,0 -71.50949357781768,-16.38530221348022,0 -71.50946151651885,-16.38532485818964,0 -71.50942374048705,-16.3853347515702,0 -71.50938325573775,-16.38533340195543,0 -71.50931182126457,-16.38531954612719,0 -71.509222570696,-16.38526475256586,0 -71.50940999284306,-16.38503485927971,0 -71.5094879093039,-16.38513139207144,0 
							</coordinates>
						</LinearRing>
					</outerBoundaryIs>
				</Polygon>
			</Placemark>
			<Placemark>
				<name>1.11.42-6</name>
				<styleUrl>#msn_ylw-pushpin310200</styleUrl>
				<Polygon>
					<tessellate>1</tessellate>
					<outerBoundaryIs>
						<LinearRing>
							<coordinates>
								-71.50259798543489,-16.38060695871146,0 -71.50271470182365,-16.38119418834977,0 -71.50231942921634,-16.38124821203071,0 -71.50222059849025,-16.38100791628927,0 -71.50220933185297,-16.3806659436882,0 -71.50259798543489,-16.38060695871146,0 
							</coordinates>
						</LinearRing>
					</outerBoundaryIs>
				</Polygon>
			</Placemark>
			<Placemark>
				<name>1.11.42-14</name>
				<styleUrl>#msn_ylw-pushpin310200</styleUrl>
				<Polygon>
					<tessellate>1</tessellate>
					<outerBoundaryIs>
						<LinearRing>
							<coordinates>
								-71.50305530063828,-16.37968360642338,0 -71.50310576278682,-16.37990551991395,0 -71.50297828848545,-16.37993771257451,0 -71.5029222984089,-16.37971570635962,0 -71.50305530063828,-16.37968360642338,0 
							</coordinates>
						</LinearRing>
					</outerBoundaryIs>
				</Polygon>
			</Placemark>
			<Placemark>
				<name>1.11.45-1</name>
				<styleUrl>#msn_ylw-pushpin310200</styleUrl>
				<Polygon>
					<tessellate>1</tessellate>
					<outerBoundaryIs>
						<LinearRing>
							<coordinates>
								-71.4975786139689,-16.37846666584019,0 -71.49752840574587,-16.37868021069498,0 -71.49692852264194,-16.37857749812729,0 -71.49633226592732,-16.37831471056242,0 -71.49646838260034,-16.37799197785354,0 -71.49669405640186,-16.37826075383579,0 -71.49725039625628,-16.37846029206898,0 -71.4975786139689,-16.37846666584019,0 
							</coordinates>
						</LinearRing>
					</outerBoundaryIs>
				</Polygon>
			</Placemark>
			<Placemark>
				<name>1.11.48-1</name>
				<styleUrl>#msn_ylw-pushpin310200</styleUrl>
				<Polygon>
					<tessellate>1</tessellate>
					<outerBoundaryIs>
						<LinearRing>
							<coordinates>
								-71.49369419683279,-16.37692318684115,0 -71.4938114482364,-16.37707580299287,0 -71.49355678152692,-16.37741292059903,0 -71.49337876527545,-16.37727614575411,0 -71.49369419683279,-16.37692318684115,0 
							</coordinates>
						</LinearRing>
					</outerBoundaryIs>
				</Polygon>
			</Placemark>
			<Placemark>
				<name>1.11.48-2</name>
				<styleUrl>#msn_ylw-pushpin310200</styleUrl>
				<Polygon>
					<tessellate>1</tessellate>
					<outerBoundaryIs>
						<LinearRing>
							<coordinates>
								-71.49328507341676,-16.37776182996128,0 -71.49318749363086,-16.37781429224459,0 -71.49299822726285,-16.37769849651206,0 -71.49335505897501,-16.37734395759443,0 -71.49352226217435,-16.37745598156501,0 -71.49328507341676,-16.37776182996128,0 
							</coordinates>
						</LinearRing>
					</outerBoundaryIs>
				</Polygon>
			</Placemark>
			<Placemark>
				<name>1.11.48-10</name>
				<styleUrl>#msn_ylw-pushpin310200</styleUrl>
				<Polygon>
					<tessellate>1</tessellate>
					<outerBoundaryIs>
						<LinearRing>
							<coordinates>
								-71.4910819037822,-16.3772579212473,0 -71.48986728761906,-16.37673120817474,0 -71.490243068352,-16.37597181440223,0 -71.49144195861668,-16.37650887508064,0 -71.4910819037822,-16.3772579212473,0 
							</coordinates>
						</LinearRing>
					</outerBoundaryIs>
				</Polygon>
			</Placemark>
			<Placemark>
				<name>1.11.48-13</name>
				<styleUrl>#msn_ylw-pushpin310200</styleUrl>
				<Polygon>
					<tessellate>1</tessellate>
					<outerBoundaryIs>
						<LinearRing>
							<coordinates>
								-71.48913281576641,-16.37800648870225,0 -71.48841644472981,-16.37767490408977,0 -71.48819812985393,-16.37760644486777,0 -71.48817986787502,-16.37710815728115,0 -71.48932366614667,-16.37762035669562,0 -71.48913281576641,-16.37800648870225,0 
							</coordinates>
						</LinearRing>
					</outerBoundaryIs>
				</Polygon>
			</Placemark>
			<Placemark>
				<name>1.11.48-15</name>
				<styleUrl>#msn_ylw-pushpin310200</styleUrl>
				<Polygon>
					<tessellate>1</tessellate>
					<outerBoundaryIs>
						<LinearRing>
							<coordinates>
								-71.48741125614596,-16.3755623551255,0 -71.48561433146426,-16.3756296525082,0 -71.48559903357894,-16.37523329161563,0 -71.48731075713256,-16.37517807677196,0 -71.48741125614596,-16.3755623551255,0 
							</coordinates>
						</LinearRing>
					</outerBoundaryIs>
				</Polygon>
			</Placemark>
			<Placemark>
				<name>1.11.48-16</name>
				<styleUrl>#msn_ylw-pushpin310200</styleUrl>
				<Polygon>
					<tessellate>1</tessellate>
					<outerBoundaryIs>
						<LinearRing>
							<coordinates>
								-71.48727540889959,-16.37510292645495,0 -71.48561152418469,-16.37516745633142,0 -71.48584785153463,-16.37472781368469,0 -71.48607922061076,-16.37478606586989,0 -71.48715768988924,-16.37473085744523,0 -71.48727540889959,-16.37510292645495,0 
							</coordinates>
						</LinearRing>
					</outerBoundaryIs>
				</Polygon>
			</Placemark>
			<Placemark>
				<name>1.11.48-17</name>
				<styleUrl>#msn_ylw-pushpin310200</styleUrl>
				<Polygon>
					<tessellate>1</tessellate>
					<outerBoundaryIs>
						<LinearRing>
							<coordinates>
								-71.4852900972258,-16.37565025763606,0 -71.48491649888174,-16.37561223432997,0 -71.48540784490199,-16.37454639446672,0 -71.48574958173833,-16.3746929833831,0 -71.4852900972258,-16.37565025763606,0 
							</coordinates>
						</LinearRing>
					</outerBoundaryIs>
				</Polygon>
			</Placemark>
			<Placemark>
				<name>1.11.48-18</name>
				<styleUrl>#msn_ylw-pushpin310200</styleUrl>
				<Polygon>
					<tessellate>1</tessellate>
					<outerBoundaryIs>
						<LinearRing>
							<coordinates>
								-71.48487083138521,-16.37558849040613,0 -71.48451639030098,-16.37540530697741,0 -71.48499862995865,-16.37436441689031,0 -71.48535181989898,-16.37452036316083,0 -71.48487083138521,-16.37558849040613,0 
							</coordinates>
						</LinearRing>
					</outerBoundaryIs>
				</Polygon>
			</Placemark>
			<Placemark>
				<name>1.11.48-19</name>
				<styleUrl>#msn_ylw-pushpin310200</styleUrl>
				<Polygon>
					<tessellate>1</tessellate>
					<outerBoundaryIs>
						<LinearRing>
							<coordinates>
								-71.48610108707076,-16.37472664105815,0 -71.48540768433814,-16.37449899829731,0 -71.48561309528196,-16.37413609666322,0 -71.48603027162291,-16.3743542151089,0 -71.48643815605455,-16.37436172416113,0 -71.48700203505221,-16.37464231024598,0 -71.48610108707076,-16.37472664105815,0 
							</coordinates>
						</LinearRing>
					</outerBoundaryIs>
				</Polygon>
			</Placemark>
			<Placemark>
				<name>1.11.48-20</name>
				<styleUrl>#msn_ylw-pushpin310200</styleUrl>
				<Polygon>
					<tessellate>1</tessellate>
					<outerBoundaryIs>
						<LinearRing>
							<coordinates>
								-71.48870862458398,-16.37434942806361,0 -71.48804333215364,-16.3746454940648,0 -71.48730355650241,-16.37390417548395,0 -71.48778086906714,-16.37350170616645,0 -71.48870862458398,-16.37434942806361,0 
							</coordinates>
						</LinearRing>
					</outerBoundaryIs>
				</Polygon>
			</Placemark>
			<Placemark>
				<name>1.11.48-21</name>
				<styleUrl>#msn_ylw-pushpin310200</styleUrl>
				<Polygon>
					<tessellate>1</tessellate>
					<outerBoundaryIs>
						<LinearRing>
							<coordinates>
								-71.48886943097236,-16.37429780076756,0 -71.48789546142994,-16.37337517016218,0 -71.48835688328387,-16.37297385906016,0 -71.48927234361257,-16.37391947610139,0 -71.48886943097236,-16.37429780076756,0 
							</coordinates>
						</LinearRing>
					</outerBoundaryIs>
				</Polygon>
			</Placemark>
			<Placemark>
				<name>1.11.48-22</name>
				<styleUrl>#msn_ylw-pushpin310200</styleUrl>
				<Polygon>
					<tessellate>1</tessellate>
					<outerBoundaryIs>
						<LinearRing>
							<coordinates>
								-71.48971505262051,-16.37364155994325,0 -71.48941244513865,-16.37388988823701,0 -71.48844194374584,-16.37289641800225,0 -71.48886338201281,-16.37253824435151,0 -71.48971505262051,-16.37364155994325,0 
							</coordinates>
						</LinearRing>
					</outerBoundaryIs>
				</Polygon>
			</Placemark>
			<Placemark>
				<name>1.11.48-23</name>
				<styleUrl>#msn_ylw-pushpin310200</styleUrl>
				<Polygon>
					<tessellate>1</tessellate>
					<outerBoundaryIs>
						<LinearRing>
							<coordinates>
								-71.48722338284848,-16.37381218052582,0 -71.48636654324446,-16.37284665066597,0 -71.48677800941738,-16.37250195666655,0 -71.48767216561984,-16.37339535447042,0 -71.48722338284848,-16.37381218052582,0 
							</coordinates>
						</LinearRing>
					</outerBoundaryIs>
				</Polygon>
			</Placemark>
			<Placemark>
				<name>1.11.48-24</name>
				<styleUrl>#msn_ylw-pushpin310200</styleUrl>
				<Polygon>
					<tessellate>1</tessellate>
					<outerBoundaryIs>
						<LinearRing>
							<coordinates>
								-71.48778735975701,-16.37331502892754,0 -71.48675594495658,-16.37232367041833,0 -71.4872391577303,-16.37186529501594,0 -71.48824888633962,-16.37289318421789,0 -71.48778735975701,-16.37331502892754,0 
							</coordinates>
						</LinearRing>
					</outerBoundaryIs>
				</Polygon>
			</Placemark>
			<Placemark>
				<name>1.11.48-25</name>
				<styleUrl>#msn_ylw-pushpin310200</styleUrl>
				<Polygon>
					<tessellate>1</tessellate>
					<outerBoundaryIs>
						<LinearRing>
							<coordinates>
								-71.4887614247025,-16.37237284858472,0 -71.48832421361061,-16.37280285624761,0 -71.48686331493629,-16.3713384240517,0 -71.48720491154248,-16.37106523605073,0 -71.4887614247025,-16.37237284858472,0 
							</coordinates>
						</LinearRing>
					</outerBoundaryIs>
				</Polygon>
			</Placemark>
			<Placemark>
				<name>1.11.48-26</name>
				<styleUrl>#msn_ylw-pushpin310200</styleUrl>
				<Polygon>
					<tessellate>1</tessellate>
					<outerBoundaryIs>
						<LinearRing>
							<coordinates>
								-71.48670544666044,-16.37224566198192,0 -71.48633211742101,-16.37184109855153,0 -71.48676945045898,-16.37145426567935,0 -71.48714959678938,-16.37182199304072,0 -71.48670544666044,-16.37224566198192,0 
							</coordinates>
						</LinearRing>
					</outerBoundaryIs>
				</Polygon>
			</Placemark>
			<Placemark>
				<name>1.11.48-27</name>
				<styleUrl>#msn_ylw-pushpin310200</styleUrl>
				<Polygon>
					<tessellate>1</tessellate>
					<outerBoundaryIs>
						<LinearRing>
							<coordinates>
								-71.48627621521513,-16.371762294945,0 -71.48606529048634,-16.37155516339343,0 -71.48598794794611,-16.37128938446783,0 -71.48602468160911,-16.37079153389141,0 -71.48632912858285,-16.37098574489689,0 -71.48669867808886,-16.371386970256,0 -71.48627621521513,-16.371762294945,0 
							</coordinates>
						</LinearRing>
					</outerBoundaryIs>
				</Polygon>
			</Placemark>
			<Placemark>
				<name>1.11.48-28</name>
				<styleUrl>#msn_ylw-pushpin310200</styleUrl>
				<Polygon>
					<tessellate>1</tessellate>
					<outerBoundaryIs>
						<LinearRing>
							<coordinates>
								-71.48678880236173,-16.37126214804077,0 -71.4864532603851,-16.37093434269806,0 -71.48623588142533,-16.37081536865073,0 -71.48608271255738,-16.3706485132897,0 -71.48653202489136,-16.37022991871598,0 -71.4867758747701,-16.37036870154624,0 -71.48689424010468,-16.3705824251783,0 -71.48719084050268,-16.37087080266363,0 -71.48678880236173,-16.37126214804077,0 
							</coordinates>
						</LinearRing>
					</outerBoundaryIs>
				</Polygon>
			</Placemark>
			<Placemark>
				<name>1.11.51-13</name>
				<styleUrl>#msn_ylw-pushpin310200</styleUrl>
				<Polygon>
					<tessellate>1</tessellate>
					<outerBoundaryIs>
						<LinearRing>
							<coordinates>
								-71.49770217546221,-16.37518856489236,0 -71.497576505342,-16.37569281685677,0 -71.49757548289763,-16.37572338847645,0 -71.49749473625924,-16.3760385284994,0 -71.49623564192244,-16.37577089642381,0 -71.49630792055062,-16.37549567303568,0 -71.4963111413786,-16.37530854316618,0 -71.49735804418633,-16.37513634474207,0 -71.49770217546221,-16.37518856489236,0 
							</coordinates>
						</LinearRing>
					</outerBoundaryIs>
				</Polygon>
			</Placemark>
			<Placemark>
				<name>1.11.52-2</name>
				<styleUrl>#msn_ylw-pushpin310200</styleUrl>
				<Polygon>
					<tessellate>1</tessellate>
					<outerBoundaryIs>
						<LinearRing>
							<coordinates>
								-71.49910218202126,-16.3765702234959,0 -71.4989323440015,-16.37683914527242,0 -71.49857536540289,-16.37663115312338,0 -71.49872138803643,-16.37637189542611,0 -71.49910218202126,-16.3765702234959,0 
							</coordinates>
						</LinearRing>
					</outerBoundaryIs>
				</Polygon>
			</Placemark>
			<Placemark>
				<name>1.11.52-18</name>
				<styleUrl>#msn_ylw-pushpin310200</styleUrl>
				<Polygon>
					<tessellate>1</tessellate>
					<outerBoundaryIs>
						<LinearRing>
							<coordinates>
								-71.50094697339759,-16.3751296985663,0 -71.50166418789078,-16.37551044574258,0 -71.50147665769893,-16.37584466501339,0 -71.50006887745226,-16.37506170428085,0 -71.50022472526273,-16.3749097906896,0 -71.50048095062736,-16.37490736331642,0 -71.50094697339759,-16.3751296985663,0 
							</coordinates>
						</LinearRing>
					</outerBoundaryIs>
				</Polygon>
			</Placemark>
			<Placemark>
				<name>1.11.52-20</name>
				<styleUrl>#msn_ylw-pushpin310200</styleUrl>
				<Polygon>
					<tessellate>1</tessellate>
					<outerBoundaryIs>
						<LinearRing>
							<coordinates>
								-71.50011978966164,-16.37498192731842,0 -71.4999914587703,-16.37511927956948,0 -71.49982028505831,-16.37541258690451,0 -71.49946092280463,-16.37520771961386,0 -71.49980129008969,-16.37498391419681,0 -71.49983500186019,-16.37495266780804,0 -71.49985810137849,-16.37494472040012,0 -71.49997201123728,-16.37487881340417,0 -71.50011978966164,-16.37498192731842,0 
							</coordinates>
						</LinearRing>
					</outerBoundaryIs>
				</Polygon>
			</Placemark>
			<Placemark>
				<name>1.11.55-2</name>
				<styleUrl>#msn_ylw-pushpin310200</styleUrl>
				<Polygon>
					<tessellate>1</tessellate>
					<outerBoundaryIs>
						<LinearRing>
							<coordinates>
								-71.50117364992622,-16.37151678879688,0 -71.50104483380804,-16.37167377178673,0 -71.50060278051731,-16.37135297897271,0 -71.50073880231365,-16.37118920100859,0 -71.50117364992622,-16.37151678879688,0 
							</coordinates>
						</LinearRing>
					</outerBoundaryIs>
				</Polygon>
			</Placemark>
			<Placemark>
				<name>1.11.57-5</name>
				<styleUrl>#msn_ylw-pushpin310200</styleUrl>
				<Polygon>
					<tessellate>1</tessellate>
					<outerBoundaryIs>
						<LinearRing>
							<coordinates>
								-71.49587443465391,-16.37113286824236,0 -71.49570677186112,-16.37137415288287,0 -71.49514360216357,-16.37103240380543,0 -71.49513814608258,-16.37099872227379,0 -71.49529024720758,-16.37077300108932,0 -71.49587443465391,-16.37113286824236,0 
							</coordinates>
						</LinearRing>
					</outerBoundaryIs>
				</Polygon>
			</Placemark>
			<Placemark>
				<name>1.11.58-15</name>
				<styleUrl>#msn_ylw-pushpin310200</styleUrl>
				<Polygon>
					<tessellate>1</tessellate>
					<outerBoundaryIs>
						<LinearRing>
							<coordinates>
								-71.49382279392024,-16.37291205443814,0 -71.49378005911873,-16.37301858489522,0 -71.49368540981844,-16.37305490623128,0 -71.4935366605233,-16.3728929947407,0 -71.49382279392024,-16.37291205443814,0 
							</coordinates>
						</LinearRing>
					</outerBoundaryIs>
				</Polygon>
			</Placemark>
			<Placemark>
				<name>1.11.58-28</name>
				<styleUrl>#msn_ylw-pushpin310200</styleUrl>
				<Polygon>
					<tessellate>1</tessellate>
					<outerBoundaryIs>
						<LinearRing>
							<coordinates>
								-71.49424933412607,-16.37078485749481,0 -71.49431985929833,-16.37046060194974,0 -71.49452144605738,-16.3705089125516,0 -71.49449110061602,-16.37066154920135,0 -71.49448002228173,-16.37082633700266,0 -71.49424933412607,-16.37078485749481,0 
							</coordinates>
						</LinearRing>
					</outerBoundaryIs>
				</Polygon>
			</Placemark>
			<Placemark>
				<name>1.11.60-1</name>
				<styleUrl>#msn_ylw-pushpin310200</styleUrl>
				<Polygon>
					<tessellate>1</tessellate>
					<outerBoundaryIs>
						<LinearRing>
							<coordinates>
								-71.49046729017931,-16.37001616036323,0 -71.49089831415272,-16.37047204593654,0 -71.49043184961332,-16.37043884495229,0 -71.49011731523238,-16.37041020487412,0 -71.49011844363395,-16.369978987778,0 -71.49046729017931,-16.37001616036323,0 
							</coordinates>
						</LinearRing>
					</outerBoundaryIs>
				</Polygon>
			</Placemark>
			<Placemark>
				<name>1.11.60-7</name>
				<styleUrl>#msn_ylw-pushpin310200</styleUrl>
				<Polygon>
					<tessellate>1</tessellate>
					<outerBoundaryIs>
						<LinearRing>
							<coordinates>
								-71.49326731554055,-16.36945107696364,0 -71.49327465057,-16.36931030110301,0 -71.49356980642847,-16.36922520923001,0 -71.49362621259017,-16.36927078665256,0 -71.4936161775756,-16.36947724941469,0 -71.49326731554055,-16.36945107696364,0 
							</coordinates>
						</LinearRing>
					</outerBoundaryIs>
				</Polygon>
			</Placemark>
			<Placemark>
				<name>1.11.60-8</name>
				<styleUrl>#msn_ylw-pushpin310200</styleUrl>
				<Polygon>
					<tessellate>1</tessellate>
					<outerBoundaryIs>
						<LinearRing>
							<coordinates>
								-71.49301159185569,-16.36930800641631,0 -71.49253715280241,-16.36935385067111,0 -71.49154521305316,-16.36933439259147,0 -71.4916325740661,-16.36899199647946,0 -71.49236179942743,-16.36902288011471,0 -71.49269820647454,-16.36900482695786,0 -71.49355004809404,-16.3689392338521,0 -71.49356418171656,-16.36914662258642,0 -71.49301159185569,-16.36930800641631,0 
							</coordinates>
						</LinearRing>
					</outerBoundaryIs>
				</Polygon>
			</Placemark>
			<Placemark>
				<name>1.11.60-16</name>
				<styleUrl>#msn_ylw-pushpin310200</styleUrl>
				<Polygon>
					<tessellate>1</tessellate>
					<outerBoundaryIs>
						<LinearRing>
							<coordinates>
								-71.48871172406005,-16.36797576606459,0 -71.48853348147921,-16.36783816257728,0 -71.48856583132408,-16.36768568104231,0 -71.48879096987631,-16.36777634130622,0 -71.48871172406005,-16.36797576606459,0 
							</coordinates>
						</LinearRing>
					</outerBoundaryIs>
				</Polygon>
			</Placemark>
			<Placemark>
				<name>1.11.60-22</name>
				<styleUrl>#msn_ylw-pushpin310200</styleUrl>
				<Polygon>
					<tessellate>1</tessellate>
					<outerBoundaryIs>
						<LinearRing>
							<coordinates>
								-71.48916815952616,-16.36674261995077,0 -71.48871674952754,-16.36653236096041,0 -71.48907622682017,-16.36612569038221,0 -71.48932849451454,-16.36628500910844,0 -71.48916815952616,-16.36674261995077,0 
							</coordinates>
						</LinearRing>
					</outerBoundaryIs>
				</Polygon>
			</Placemark>
			<Placemark>
				<name>1.11-60-24</name>
				<styleUrl>#msn_ylw-pushpin310200</styleUrl>
				<Polygon>
					<tessellate>1</tessellate>
					<outerBoundaryIs>
						<LinearRing>
							<coordinates>
								-71.49359603886847,-16.36869518604371,0 -71.49355662798985,-16.36888033351898,0 -71.49325206537856,-16.36886915135173,0 -71.49331719494292,-16.3685878180051,0 -71.49359603886847,-16.36869518604371,0 
							</coordinates>
						</LinearRing>
					</outerBoundaryIs>
				</Polygon>
			</Placemark>
			<Placemark>
				<name>1.11.60-25</name>
				<styleUrl>#msn_ylw-pushpin310200</styleUrl>
				<Polygon>
					<tessellate>1</tessellate>
					<outerBoundaryIs>
						<LinearRing>
							<coordinates>
								-71.4930494536263,-16.36886960274343,0 -71.49269832070492,-16.36892165232341,0 -71.49272995695314,-16.36864304344145,0 -71.4930494536263,-16.36886960274343,0 
							</coordinates>
						</LinearRing>
					</outerBoundaryIs>
				</Polygon>
			</Placemark>
			<Placemark>
				<name>1.11.67-10</name>
				<styleUrl>#msn_ylw-pushpin310200</styleUrl>
				<Polygon>
					<tessellate>1</tessellate>
					<outerBoundaryIs>
						<LinearRing>
							<coordinates>
								-71.49578438928528,-16.37604498638405,0 -71.49538996065134,-16.37593553544545,0 -71.49544805419055,-16.37579030236773,0 -71.49572220300746,-16.37596357388388,0 -71.49578438928528,-16.37604498638405,0 
							</coordinates>
						</LinearRing>
					</outerBoundaryIs>
				</Polygon>
			</Placemark>
			<Placemark>
				<name>1.11.67-11</name>
				<styleUrl>#msn_ylw-pushpin310200</styleUrl>
				<Polygon>
					<tessellate>1</tessellate>
					<outerBoundaryIs>
						<LinearRing>
							<coordinates>
								-71.49238064990602,-16.37526558328685,0 -71.49234967719298,-16.37498982477233,0 -71.49267039579256,-16.37493067689856,0 -71.4927324787095,-16.37517246406739,0 -71.49238064990602,-16.37526558328685,0 
							</coordinates>
						</LinearRing>
					</outerBoundaryIs>
				</Polygon>
			</Placemark>
			<Placemark>
				<name>1.11.67-12</name>
				<styleUrl>#msn_ylw-pushpin310200</styleUrl>
				<Polygon>
					<tessellate>1</tessellate>
					<outerBoundaryIs>
						<LinearRing>
							<coordinates>
								-71.49214421693461,-16.37530056474721,0 -71.49195698559932,-16.37517125464401,0 -71.49200802322468,-16.37498425769726,0 -71.4921475319164,-16.37500805284459,0 -71.49232117180573,-16.37500774282591,0 -71.49231322781964,-16.37528279037483,0 -71.49214421693461,-16.37530056474721,0 
							</coordinates>
						</LinearRing>
					</outerBoundaryIs>
				</Polygon>
			</Placemark>
			<Placemark>
				<name>1.11.67-13</name>
				<styleUrl>#msn_ylw-pushpin310200</styleUrl>
				<Polygon>
					<tessellate>1</tessellate>
					<outerBoundaryIs>
						<LinearRing>
							<coordinates>
								-71.49268405161865,-16.37471467357988,0 -71.49232239362819,-16.37457782574485,0 -71.49222760759608,-16.37466817012306,0 -71.49154788911648,-16.3743603188019,0 -71.4916748900899,-16.37413278664596,0 -71.49270064220211,-16.37461439727509,0 -71.49268405161865,-16.37471467357988,0 
							</coordinates>
						</LinearRing>
					</outerBoundaryIs>
				</Polygon>
			</Placemark>
			<Placemark>
				<name>1.11.68-12</name>
				<styleUrl>#msn_ylw-pushpin310200</styleUrl>
				<Polygon>
					<tessellate>1</tessellate>
					<outerBoundaryIs>
						<LinearRing>
							<coordinates>
								-71.4864424299037,-16.38038744060366,0 -71.48634796248662,-16.38020557470035,0 -71.48624108452843,-16.38006333595962,0 -71.48589692543293,-16.37992624273614,0 -71.48591869985739,-16.37987352364704,0 -71.48632024493594,-16.37998978906473,0 -71.48650591251709,-16.38008074560089,0 -71.4866261241779,-16.38021845246583,0 -71.4864424299037,-16.38038744060366,0 
							</coordinates>
						</LinearRing>
					</outerBoundaryIs>
				</Polygon>
			</Placemark>
			<Placemark>
				<name>1.11.68-17</name>
				<styleUrl>#msn_ylw-pushpin310200</styleUrl>
				<Polygon>
					<tessellate>1</tessellate>
					<outerBoundaryIs>
						<LinearRing>
							<coordinates>
								-71.48837842503043,-16.37895642850344,0 -71.48825118433464,-16.37898724655333,0 -71.48811882136955,-16.37852306900731,0 -71.4881837429092,-16.37806043099519,0 -71.48826133934165,-16.37806818881746,0 -71.48820763722388,-16.37848365315635,0 -71.48837842503043,-16.37895642850344,0 
							</coordinates>
						</LinearRing>
					</outerBoundaryIs>
				</Polygon>
			</Placemark>
			<Placemark>
				<name>1.11.68-21</name>
				<styleUrl>#msn_ylw-pushpin310200</styleUrl>
				<Polygon>
					<tessellate>1</tessellate>
					<outerBoundaryIs>
						<LinearRing>
							<coordinates>
								-71.48807957880157,-16.37764650035895,0 -71.48756704559277,-16.37769523902875,0 -71.48751960726271,-16.37737548758645,0 -71.48799959304901,-16.37732874914968,0 -71.48807957880157,-16.37764650035895,0 
							</coordinates>
						</LinearRing>
					</outerBoundaryIs>
				</Polygon>
			</Placemark>
			<Placemark>
				<name>1.11.68-22</name>
				<styleUrl>#msn_ylw-pushpin310200</styleUrl>
				<Polygon>
					<tessellate>1</tessellate>
					<outerBoundaryIs>
						<LinearRing>
							<coordinates>
								-71.4879696276184,-16.37718807753487,0 -71.48745291127641,-16.37726768720365,0 -71.48739905191256,-16.37689252237958,0 -71.48790682213928,-16.37681866577775,0 -71.4879696276184,-16.37718807753487,0 
							</coordinates>
						</LinearRing>
					</outerBoundaryIs>
				</Polygon>
			</Placemark>
			<Placemark>
				<name>1.11.68-25</name>
				<styleUrl>#msn_ylw-pushpin310200</styleUrl>
				<Polygon>
					<tessellate>1</tessellate>
					<outerBoundaryIs>
						<LinearRing>
							<coordinates>
								-71.48698207863133,-16.3784824005004,0 -71.48634980626495,-16.37784993980835,0 -71.48662369136369,-16.37755193587025,0 -71.48724624806198,-16.37822001722486,0 -71.48698207863133,-16.3784824005004,0 
							</coordinates>
						</LinearRing>
					</outerBoundaryIs>
				</Polygon>
			</Placemark>
			<Placemark>
				<name>1.11.68-26</name>
				<styleUrl>#msn_ylw-pushpin310200</styleUrl>
				<Polygon>
					<tessellate>1</tessellate>
					<outerBoundaryIs>
						<LinearRing>
							<coordinates>
								-71.48630932059869,-16.37788233169571,0 -71.48693259379664,-16.37856938259226,0 -71.48662597941508,-16.3788395072159,0 -71.48596962079294,-16.37819700260194,0 -71.48630932059869,-16.37788233169571,0 
							</coordinates>
						</LinearRing>
					</outerBoundaryIs>
				</Polygon>
			</Placemark>
			<Placemark>
				<name>1.11.68-28</name>
				<styleUrl>#msn_ylw-pushpin310200</styleUrl>
				<Polygon>
					<tessellate>1</tessellate>
					<outerBoundaryIs>
						<LinearRing>
							<coordinates>
								-71.48594127539168,-16.37942070726661,0 -71.48583885486168,-16.37944738635368,0 -71.48569358699991,-16.37942737253627,0 -71.4855641094569,-16.37938701362992,0 -71.48544289800724,-16.37928405816355,0 -71.48592176505446,-16.37884404257824,0 -71.4862185081859,-16.37917093925635,0 -71.48594127539168,-16.37942070726661,0 
							</coordinates>
						</LinearRing>
					</outerBoundaryIs>
				</Polygon>
			</Placemark>
			<Placemark>
				<name>1.11.68-29</name>
				<styleUrl>#msn_ylw-pushpin310200</styleUrl>
				<Polygon>
					<tessellate>1</tessellate>
					<outerBoundaryIs>
						<LinearRing>
							<coordinates>
								-71.48541942300795,-16.37923497083013,0 -71.48512798954587,-16.37899407665036,0 -71.48560739428962,-16.37851184623126,0 -71.4858703964502,-16.37881644365759,0 -71.48541942300795,-16.37923497083013,0 
							</coordinates>
						</LinearRing>
					</outerBoundaryIs>
				</Polygon>
			</Placemark>
		</Folder>
	</Folder>
</Document>
</kml>
