<?xml version="1.0" encoding="UTF-8"?>
<kml xmlns="http://www.opengis.net/kml/2.2" xmlns:gx="http://www.google.com/kml/ext/2.2" xmlns:kml="http://www.opengis.net/kml/2.2" xmlns:atom="http://www.w3.org/2005/Atom">
<Document>
	<name>Cluster_07_ingreso_economico_20feb2023.kml</name>
	<StyleMap id="msn_ylw-pushpin29001140">
		<Pair>
			<key>normal</key>
			<styleUrl>#sn_ylw-pushpin350002200</styleUrl>
		</Pair>
		<Pair>
			<key>highlight</key>
			<styleUrl>#sh_ylw-pushpin330002300</styleUrl>
		</Pair>
	</StyleMap>
	<StyleMap id="msn_ylw-pushpin290011400">
		<Pair>
			<key>normal</key>
			<styleUrl>#sn_ylw-pushpin35000220</styleUrl>
		</Pair>
		<Pair>
			<key>highlight</key>
			<styleUrl>#sh_ylw-pushpin33000230</styleUrl>
		</Pair>
	</StyleMap>
	<StyleMap id="msn_ylw-pushpin4600">
		<Pair>
			<key>normal</key>
			<styleUrl>#sn_ylw-pushpin1101</styleUrl>
		</Pair>
		<Pair>
			<key>highlight</key>
			<styleUrl>#sh_ylw-pushpin450</styleUrl>
		</Pair>
	</StyleMap>
	<StyleMap id="msn_ylw-pushpin4601">
		<Pair>
			<key>normal</key>
			<styleUrl>#sn_ylw-pushpin110</styleUrl>
		</Pair>
		<Pair>
			<key>highlight</key>
			<styleUrl>#sh_ylw-pushpin4501</styleUrl>
		</Pair>
	</StyleMap>
	<Style id="sh_ylw-pushpin33000230">
		<IconStyle>
			<scale>1.3</scale>
			<Icon>
				<href>http://maps.google.com/mapfiles/kml/pushpin/ylw-pushpin.png</href>
			</Icon>
			<hotSpot x="20" y="2" xunits="pixels" yunits="pixels"/>
		</IconStyle>
		<LineStyle>
			<color>ff0000ff</color>
			<width>3</width>
		</LineStyle>
		<PolyStyle>
			<color>00ffffff</color>
		</PolyStyle>
	</Style>
	<Style id="sh_ylw-pushpin330002300">
		<IconStyle>
			<scale>1.3</scale>
			<Icon>
				<href>http://maps.google.com/mapfiles/kml/pushpin/ylw-pushpin.png</href>
			</Icon>
			<hotSpot x="20" y="2" xunits="pixels" yunits="pixels"/>
		</IconStyle>
		<LineStyle>
			<color>ff004e9c</color>
			<width>3</width>
		</LineStyle>
		<PolyStyle>
			<color>00ffffff</color>
		</PolyStyle>
	</Style>
	<Style id="sh_ylw-pushpin450">
		<IconStyle>
			<scale>1.3</scale>
			<Icon>
				<href>http://maps.google.com/mapfiles/kml/pushpin/ylw-pushpin.png</href>
			</Icon>
			<hotSpot x="20" y="2" xunits="pixels" yunits="pixels"/>
		</IconStyle>
		<LineStyle>
			<width>3</width>
		</LineStyle>
		<PolyStyle>
			<color>00ffffff</color>
		</PolyStyle>
	</Style>
	<Style id="sh_ylw-pushpin4501">
		<IconStyle>
			<scale>1.3</scale>
			<Icon>
				<href>http://maps.google.com/mapfiles/kml/pushpin/ylw-pushpin.png</href>
			</Icon>
			<hotSpot x="20" y="2" xunits="pixels" yunits="pixels"/>
		</IconStyle>
		<LineStyle>
			<color>ff00aaff</color>
			<width>3</width>
		</LineStyle>
		<PolyStyle>
			<color>00ffffff</color>
		</PolyStyle>
	</Style>
	<Style id="sn_ylw-pushpin110">
		<IconStyle>
			<scale>1.1</scale>
			<Icon>
				<href>http://maps.google.com/mapfiles/kml/pushpin/ylw-pushpin.png</href>
			</Icon>
			<hotSpot x="20" y="2" xunits="pixels" yunits="pixels"/>
		</IconStyle>
		<LineStyle>
			<color>ff00aaff</color>
			<width>3</width>
		</LineStyle>
		<PolyStyle>
			<color>00ffffff</color>
		</PolyStyle>
	</Style>
	<Style id="sn_ylw-pushpin1101">
		<IconStyle>
			<scale>1.1</scale>
			<Icon>
				<href>http://maps.google.com/mapfiles/kml/pushpin/ylw-pushpin.png</href>
			</Icon>
			<hotSpot x="20" y="2" xunits="pixels" yunits="pixels"/>
		</IconStyle>
		<LineStyle>
			<width>3</width>
		</LineStyle>
		<PolyStyle>
			<color>00ffffff</color>
		</PolyStyle>
	</Style>
	<Style id="sn_ylw-pushpin35000220">
		<IconStyle>
			<scale>1.1</scale>
			<Icon>
				<href>http://maps.google.com/mapfiles/kml/pushpin/ylw-pushpin.png</href>
			</Icon>
			<hotSpot x="20" y="2" xunits="pixels" yunits="pixels"/>
		</IconStyle>
		<LineStyle>
			<color>ff0000ff</color>
			<width>3</width>
		</LineStyle>
		<PolyStyle>
			<color>00ffffff</color>
		</PolyStyle>
	</Style>
	<Style id="sn_ylw-pushpin350002200">
		<IconStyle>
			<scale>1.1</scale>
			<Icon>
				<href>http://maps.google.com/mapfiles/kml/pushpin/ylw-pushpin.png</href>
			</Icon>
			<hotSpot x="20" y="2" xunits="pixels" yunits="pixels"/>
		</IconStyle>
		<LineStyle>
			<color>ff004e9c</color>
			<width>3</width>
		</LineStyle>
		<PolyStyle>
			<color>00ffffff</color>
		</PolyStyle>
	</Style>
	<Folder>
		<name>Cluster_07_ingreso_economico_20feb2023</name>
		<Folder>
			<name>A</name>
		</Folder>
		<Folder>
			<name>B</name>
		</Folder>
		<Folder>
			<name>C</name>
			<Placemark>
				<name>1.1.70-1</name>
				<styleUrl>#msn_ylw-pushpin4601</styleUrl>
				<Polygon>
					<tessellate>1</tessellate>
					<outerBoundaryIs>
						<LinearRing>
							<coordinates>
								-71.51990275485848,-16.36230712795246,0 -71.51923372313112,-16.36218365490061,0 -71.51927285646715,-16.36205812856889,0 -71.51932145668675,-16.36180773250574,0 -71.51949587082957,-16.36183719337619,0 -71.51970646025676,-16.36188062160155,0 -71.51998099562179,-16.36192734475129,0 -71.51990275485848,-16.36230712795246,0 
							</coordinates>
						</LinearRing>
					</outerBoundaryIs>
				</Polygon>
			</Placemark>
			<Placemark>
				<name>1.1.70-2</name>
				<styleUrl>#msn_ylw-pushpin4601</styleUrl>
				<Polygon>
					<tessellate>1</tessellate>
					<outerBoundaryIs>
						<LinearRing>
							<coordinates>
								-71.52025210775825,-16.36161588225698,0 -71.52018648925882,-16.36189649919652,0 -71.52003981247017,-16.36187278043596,0 -71.51985956826405,-16.36183545896553,0 -71.5196394929221,-16.3618065252921,0 -71.51943523798731,-16.36176658072207,0 -71.51931346510966,-16.36174531731307,0 -71.51935021229102,-16.36159184729754,0 -71.51937985652472,-16.36144743676203,0 -71.52025210775825,-16.36161588225698,0 
							</coordinates>
						</LinearRing>
					</outerBoundaryIs>
				</Polygon>
			</Placemark>
			<Placemark>
				<name>1.1.70-3</name>
				<styleUrl>#msn_ylw-pushpin4601</styleUrl>
				<Polygon>
					<tessellate>1</tessellate>
					<outerBoundaryIs>
						<LinearRing>
							<coordinates>
								-71.51833060876004,-16.36154156475643,0 -71.51834169019183,-16.36144762829713,0 -71.51837174334851,-16.36128130671404,0 -71.51851896569357,-16.36123685694579,0 -71.51867670714533,-16.36130144927277,0 -71.51898879209112,-16.36133497512631,0 -71.5193305972255,-16.36143149463088,0 -71.51926199683469,-16.36172265642606,0 -71.51833060876004,-16.36154156475643,0 
							</coordinates>
						</LinearRing>
					</outerBoundaryIs>
				</Polygon>
			</Placemark>
			<Placemark>
				<name>1.1.70-4</name>
				<styleUrl>#msn_ylw-pushpin4601</styleUrl>
				<Polygon>
					<tessellate>1</tessellate>
					<outerBoundaryIs>
						<LinearRing>
							<coordinates>
								-71.51924164461536,-16.36179879830501,0 -71.51916622023586,-16.36216310518626,0 -71.51887932280327,-16.36210042777787,0 -71.51868237783754,-16.36206743706122,0 -71.51845300851394,-16.36201957755758,0 -71.51823634677679,-16.3619772062034,0 -71.5182829329819,-16.36175148785814,0 -71.51831657866545,-16.36162285887118,0 -71.51924164461536,-16.36179879830501,0 
							</coordinates>
						</LinearRing>
					</outerBoundaryIs>
				</Polygon>
			</Placemark>
			<Placemark>
				<name>1.1.70-6</name>
				<styleUrl>#msn_ylw-pushpin4601</styleUrl>
				<Polygon>
					<tessellate>1</tessellate>
					<outerBoundaryIs>
						<LinearRing>
							<coordinates>
								-71.51828759215056,-16.36131796957292,0 -71.51823945754469,-16.3615382007381,0 -71.51796338421406,-16.3614828373957,0 -71.51772924864694,-16.36142866791577,0 -71.51759019642843,-16.36141353756153,0 -71.51742190146292,-16.36138564038566,0 -71.51732363295707,-16.36136105565543,0 -71.51736555319658,-16.36114933541912,0 -71.51739612205358,-16.36104672223808,0 -71.5174043859387,-16.36100250303911,0 -71.51767647349644,-16.36104578947326,0 -71.51789134125639,-16.36108410614455,0 -71.51804723523631,-16.36111333131185,0 -71.51828759215056,-16.36131796957292,0 
							</coordinates>
						</LinearRing>
					</outerBoundaryIs>
				</Polygon>
			</Placemark>
			<Placemark>
				<name>1.1.70-7</name>
				<styleUrl>#msn_ylw-pushpin4601</styleUrl>
				<Polygon>
					<tessellate>1</tessellate>
					<outerBoundaryIs>
						<LinearRing>
							<coordinates>
								-71.51837796000827,-16.36116716286446,0 -71.51833025185924,-16.36122928730239,0 -71.51808018062457,-16.36105777101335,0 -71.51775258540827,-16.36099826767303,0 -71.51752097643789,-16.36094589277661,0 -71.5173755442418,-16.36090814743597,0 -71.51739505463622,-16.36076297444295,0 -71.51744612043387,-16.36053343700366,0 -71.51787478407698,-16.36059583900102,0 -71.51837796000827,-16.36116716286446,0 
							</coordinates>
						</LinearRing>
					</outerBoundaryIs>
				</Polygon>
			</Placemark>
			<Placemark>
				<name>1.1.70-8</name>
				<styleUrl>#msn_ylw-pushpin4601</styleUrl>
				<Polygon>
					<tessellate>1</tessellate>
					<outerBoundaryIs>
						<LinearRing>
							<coordinates>
								-71.51733085448417,-16.3605027150952,0 -71.51732260651384,-16.36052922512016,0 -71.51707554720339,-16.360366518408,0 -71.51677196746255,-16.36034522771126,0 -71.51655761246715,-16.3603332288208,0 -71.51647650231615,-16.36032384084771,0 -71.51650667826001,-16.36013580866744,0 -71.51652476647622,-16.3600035427624,0 -71.51653687343989,-16.35994950012012,0 -71.51676078079859,-16.35996475513502,0 -71.51676976357817,-16.35992917069752,0 -71.51698662531736,-16.35993668540624,0 -71.5171415849468,-16.36017218816481,0 -71.51733085448417,-16.3605027150952,0 
							</coordinates>
						</LinearRing>
					</outerBoundaryIs>
				</Polygon>
			</Placemark>
			<Placemark>
				<name>1.1.70-9</name>
				<styleUrl>#msn_ylw-pushpin4601</styleUrl>
				<Polygon>
					<tessellate>1</tessellate>
					<outerBoundaryIs>
						<LinearRing>
							<coordinates>
								-71.51737340296619,-16.36064564211774,0 -71.5173114423485,-16.36089398171166,0 -71.51695366649635,-16.36083391339939,0 -71.51668085336416,-16.3607816877578,0 -71.51639168915418,-16.36073121256935,0 -71.51643525005311,-16.36052168732087,0 -71.51646508309462,-16.3603941538856,0 -71.5168062424615,-16.36040981484743,0 -71.51707256188396,-16.36042485258211,0 -71.51737340296619,-16.36064564211774,0 
							</coordinates>
						</LinearRing>
					</outerBoundaryIs>
				</Polygon>
			</Placemark>
			<Placemark>
				<name>1.1.71-1</name>
				<styleUrl>#msn_ylw-pushpin4601</styleUrl>
				<Polygon>
					<tessellate>1</tessellate>
					<outerBoundaryIs>
						<LinearRing>
							<coordinates>
								-71.51601686759807,-16.36648319177007,0 -71.51587083409302,-16.36636026746805,0 -71.51569994073132,-16.36623534198408,0 -71.51608669981015,-16.36571780953462,0 -71.51639513633228,-16.365270821791,0 -71.51675309027003,-16.36551730915116,0 -71.51601686759807,-16.36648319177007,0 
							</coordinates>
						</LinearRing>
					</outerBoundaryIs>
				</Polygon>
			</Placemark>
			<Placemark>
				<name>1.1.71-2</name>
				<styleUrl>#msn_ylw-pushpin4601</styleUrl>
				<Polygon>
					<tessellate>1</tessellate>
					<outerBoundaryIs>
						<LinearRing>
							<coordinates>
								-71.51633257186886,-16.365232574744,0 -71.51613940832407,-16.36549616737703,0 -71.51596351093875,-16.36572421276888,0 -71.51578922962962,-16.36596840947119,0 -71.5156217051137,-16.36618663481573,0 -71.51544456589971,-16.36606487197649,0 -71.51531209123797,-16.36596508100886,0 -71.51548134937174,-16.36572824950267,0 -71.51563130072745,-16.3655173984074,0 -71.51574744797671,-16.36537235217498,0 -71.5158936446786,-16.36516955925854,0 -71.51601243100076,-16.36500366552242,0 -71.51633257186886,-16.365232574744,0 
							</coordinates>
						</LinearRing>
					</outerBoundaryIs>
				</Polygon>
			</Placemark>
			<Placemark>
				<name>1.1.71-3</name>
				<styleUrl>#msn_ylw-pushpin4601</styleUrl>
				<Polygon>
					<tessellate>1</tessellate>
					<outerBoundaryIs>
						<LinearRing>
							<coordinates>
								-71.51593816020771,-16.36496174482122,0 -71.51568877180809,-16.36529512596364,0 -71.51549769788231,-16.36555345388519,0 -71.51533835541687,-16.36576011288465,0 -71.51522635080794,-16.36591180311472,0 -71.5148945776145,-16.36567979019423,0 -71.51509802402988,-16.36541049949615,0 -71.5153277028373,-16.36510866478616,0 -71.51549361887474,-16.36487617902634,0 -71.51560500917084,-16.36471893716583,0 -71.51593816020771,-16.36496174482122,0 
							</coordinates>
						</LinearRing>
					</outerBoundaryIs>
				</Polygon>
			</Placemark>
			<Placemark>
				<name>1.1.71-4</name>
				<styleUrl>#msn_ylw-pushpin4601</styleUrl>
				<Polygon>
					<tessellate>1</tessellate>
					<outerBoundaryIs>
						<LinearRing>
							<coordinates>
								-71.51548953257262,-16.36464196116728,0 -71.51522117044928,-16.36499392528635,0 -71.51500888048838,-16.36527350849852,0 -71.51477245391064,-16.36559946665386,0 -71.51458856218676,-16.36547727529089,0 -71.51444585802376,-16.36537539450857,0 -71.51467260399602,-16.36507575019726,0 -71.51478409116564,-16.36492636868303,0 -71.51487570319398,-16.36467203171746,0 -71.51492019381818,-16.36447252922055,0 -71.51523798178084,-16.36452702338871,0 -71.51539010637511,-16.36457790194197,0 -71.51548953257262,-16.36464196116728,0 
							</coordinates>
						</LinearRing>
					</outerBoundaryIs>
				</Polygon>
			</Placemark>
			<Placemark>
				<name>1.1.71-5</name>
				<styleUrl>#msn_ylw-pushpin4601</styleUrl>
				<Polygon>
					<tessellate>1</tessellate>
					<outerBoundaryIs>
						<LinearRing>
							<coordinates>
								-71.5154475977354,-16.36448294606656,0 -71.51493098805095,-16.3643948838405,0 -71.5150277018225,-16.36390833870072,0 -71.5151649870789,-16.36331456039924,0 -71.51567569531517,-16.36340790109436,0 -71.5154475977354,-16.36448294606656,0 
							</coordinates>
						</LinearRing>
					</outerBoundaryIs>
				</Polygon>
			</Placemark>
			<Placemark>
				<name>1.1.71-11</name>
				<styleUrl>#msn_ylw-pushpin4601</styleUrl>
				<Polygon>
					<tessellate>1</tessellate>
					<outerBoundaryIs>
						<LinearRing>
							<coordinates>
								-71.5145213717645,-16.36346438633334,0 -71.51406708707317,-16.36341714146138,0 -71.51403665024286,-16.36298220222255,0 -71.51506280535024,-16.3633176381439,0 -71.51500746954196,-16.36356367820266,0 -71.5145213717645,-16.36346438633334,0 
							</coordinates>
						</LinearRing>
					</outerBoundaryIs>
				</Polygon>
			</Placemark>
			<Placemark>
				<name>1.1.71-12</name>
				<styleUrl>#msn_ylw-pushpin4601</styleUrl>
				<Polygon>
					<tessellate>1</tessellate>
					<outerBoundaryIs>
						<LinearRing>
							<coordinates>
								-71.51500843068786,-16.36362657128658,0 -71.5149323816281,-16.36394727964126,0 -71.51469072579808,-16.36391441002581,0 -71.51443309393241,-16.36385068224524,0 -71.51425830386232,-16.36382197427617,0 -71.51407392142687,-16.36382905568763,0 -71.51407731985772,-16.3636179422103,0 -71.51407748190584,-16.36348324180474,0 -71.51427585560121,-16.36348093610634,0 -71.5143555350143,-16.36348987642817,0 -71.51462988374787,-16.36353678876404,0 -71.51500843068786,-16.36362657128658,0 
							</coordinates>
						</LinearRing>
					</outerBoundaryIs>
				</Polygon>
			</Placemark>
			<Placemark>
				<name>1.1.71-13</name>
				<styleUrl>#msn_ylw-pushpin4601</styleUrl>
				<Polygon>
					<tessellate>1</tessellate>
					<outerBoundaryIs>
						<LinearRing>
							<coordinates>
								-71.51490933350277,-16.36401218956268,0 -71.51483475267997,-16.36437267516501,0 -71.51439708986912,-16.36428573384423,0 -71.51409189111931,-16.36422729883747,0 -71.51408739015139,-16.36401862480711,0 -71.51408066816222,-16.36387499485478,0 -71.51428337214759,-16.36387716880902,0 -71.51490933350277,-16.36401218956268,0 
							</coordinates>
						</LinearRing>
					</outerBoundaryIs>
				</Polygon>
			</Placemark>
			<Placemark>
				<name>1.1.72-1</name>
				<styleUrl>#msn_ylw-pushpin4601</styleUrl>
				<Polygon>
					<tessellate>1</tessellate>
					<outerBoundaryIs>
						<LinearRing>
							<coordinates>
								-71.514004800023,-16.36595834136087,0 -71.51358621820701,-16.36599603852428,0 -71.51392515044606,-16.36682797873538,0 -71.51419730989299,-16.36727192777814,0 -71.51425471680403,-16.36757383793922,0 -71.51490082220255,-16.36890135772822,0 -71.51455432444456,-16.36909674889547,0 -71.51374033635497,-16.36794409358127,0 -71.51355709173511,-16.36726600698496,0 -71.51311196770865,-16.36571318883369,0 -71.5139502714415,-16.36549672423371,0 -71.514004800023,-16.36595834136087,0 
							</coordinates>
						</LinearRing>
					</outerBoundaryIs>
				</Polygon>
			</Placemark>
			<Placemark>
				<name>1.1.72-2</name>
				<styleUrl>#msn_ylw-pushpin4601</styleUrl>
				<Polygon>
					<tessellate>1</tessellate>
					<outerBoundaryIs>
						<LinearRing>
							<coordinates>
								-71.5135406386555,-16.36760792637518,0 -71.51247698321677,-16.36774328617683,0 -71.51225813692388,-16.36581189257992,0 -71.51261217196493,-16.36580515667837,0 -71.5130310063423,-16.36572439652751,0 -71.5135406386555,-16.36760792637518,0 
							</coordinates>
						</LinearRing>
					</outerBoundaryIs>
				</Polygon>
			</Placemark>
			<Placemark>
				<name>1.1.72-3</name>
				<styleUrl>#msn_ylw-pushpin4601</styleUrl>
				<Polygon>
					<tessellate>1</tessellate>
					<outerBoundaryIs>
						<LinearRing>
							<coordinates>
								-71.51216988625163,-16.3658071963858,0 -71.51222817128017,-16.36641805155462,0 -71.51174712251165,-16.36647055322963,0 -71.5117302968667,-16.36582336383671,0 -71.51216988625163,-16.3658071963858,0 
							</coordinates>
						</LinearRing>
					</outerBoundaryIs>
				</Polygon>
			</Placemark>
			<Placemark>
				<name>1.1.72-4</name>
				<styleUrl>#msn_ylw-pushpin4601</styleUrl>
				<Polygon>
					<tessellate>1</tessellate>
					<outerBoundaryIs>
						<LinearRing>
							<coordinates>
								-71.51177715018962,-16.36657874436652,0 -71.51185113476087,-16.36737024056885,0 -71.51163551987065,-16.3673160564114,0 -71.51170484948375,-16.36658521620054,0 -71.51177715018962,-16.36657874436652,0 
							</coordinates>
						</LinearRing>
					</outerBoundaryIs>
				</Polygon>
			</Placemark>
			<Placemark>
				<name>1.1.72-5</name>
				<styleUrl>#msn_ylw-pushpin4601</styleUrl>
				<Polygon>
					<tessellate>1</tessellate>
					<outerBoundaryIs>
						<LinearRing>
							<coordinates>
								-71.51223507959993,-16.36651187310376,0 -71.51235978814405,-16.36774324835242,0 -71.51198054524652,-16.36778539420129,0 -71.51184214219444,-16.36656290375241,0 -71.51223507959993,-16.36651187310376,0 
							</coordinates>
						</LinearRing>
					</outerBoundaryIs>
				</Polygon>
			</Placemark>
			<Placemark>
				<name>1.1.72-6</name>
				<styleUrl>#msn_ylw-pushpin4601</styleUrl>
				<Polygon>
					<tessellate>1</tessellate>
					<outerBoundaryIs>
						<LinearRing>
							<coordinates>
								-71.51237453976415,-16.36785449926274,0 -71.51245628816737,-16.36840115874646,0 -71.51215386906921,-16.36848350569754,0 -71.51204171125238,-16.36836432804753,0 -71.51199067953928,-16.36788750072207,0 -71.51237453976415,-16.36785449926274,0 
							</coordinates>
						</LinearRing>
					</outerBoundaryIs>
				</Polygon>
			</Placemark>
			<Placemark>
				<name>1.1.72-7</name>
				<styleUrl>#msn_ylw-pushpin4601</styleUrl>
				<Polygon>
					<tessellate>1</tessellate>
					<outerBoundaryIs>
						<LinearRing>
							<coordinates>
								-71.51172679762857,-16.36789115440541,0 -71.51179389329494,-16.36750862369395,0 -71.51190212632496,-16.36748810036372,0 -71.51194268577643,-16.36824496643763,0 -71.51189685963926,-16.36830739828058,0 -71.51163237941171,-16.36814015768943,0 -71.51162686000032,-16.3679494594976,0 -71.51172679762857,-16.36789115440541,0 
							</coordinates>
						</LinearRing>
					</outerBoundaryIs>
				</Polygon>
			</Placemark>
			<Placemark>
				<name>1.1.72-8</name>
				<styleUrl>#msn_ylw-pushpin4601</styleUrl>
				<Polygon>
					<tessellate>1</tessellate>
					<outerBoundaryIs>
						<LinearRing>
							<coordinates>
								-71.51156701141507,-16.36817010349221,0 -71.51188110073662,-16.36836741539456,0 -71.51179956415287,-16.36848398541467,0 -71.51149752611951,-16.36830145423277,0 -71.51156701141507,-16.36817010349221,0 
							</coordinates>
						</LinearRing>
					</outerBoundaryIs>
				</Polygon>
			</Placemark>
			<Placemark>
				<name>1.1.72-9</name>
				<styleUrl>#msn_ylw-pushpin4601</styleUrl>
				<Polygon>
					<tessellate>1</tessellate>
					<outerBoundaryIs>
						<LinearRing>
							<coordinates>
								-71.51214055340066,-16.36852555691669,0 -71.51243804770839,-16.3684634802484,0 -71.51249162373951,-16.36865165508503,0 -71.51215697889849,-16.3687120907063,0 -71.51188527358929,-16.3685349107265,0 -71.51195448322569,-16.36840677236712,0 -71.51214055340066,-16.36852555691669,0 
							</coordinates>
						</LinearRing>
					</outerBoundaryIs>
				</Polygon>
			</Placemark>
			<Placemark>
				<name>1.1.72-10</name>
				<styleUrl>#msn_ylw-pushpin4601</styleUrl>
				<Polygon>
					<tessellate>1</tessellate>
					<outerBoundaryIs>
						<LinearRing>
							<coordinates>
								-71.51284290526864,-16.36838833586808,0 -71.51349263124079,-16.36841739013797,0 -71.51349687993796,-16.36850105739781,0 -71.51275212450938,-16.36856110616083,0 -71.51276312174298,-16.3686757096377,0 -71.51259381001677,-16.36869755985132,0 -71.51251882296698,-16.36830954621659,0 -71.51284290526864,-16.36838833586808,0 
							</coordinates>
						</LinearRing>
					</outerBoundaryIs>
				</Polygon>
			</Placemark>
			<Placemark>
				<name>1.1.72-11</name>
				<styleUrl>#msn_ylw-pushpin4601</styleUrl>
				<Polygon>
					<tessellate>1</tessellate>
					<outerBoundaryIs>
						<LinearRing>
							<coordinates>
								-71.51383356499781,-16.36831762647009,0 -71.51389116954859,-16.36839933743743,0 -71.51384081738529,-16.36841959421466,0 -71.51418634751404,-16.36877960146203,0 -71.5137878704975,-16.36901116045367,0 -71.51379443456723,-16.3690033371627,0 -71.5137128288185,-16.368675023584,0 -71.51355481683845,-16.36847780967256,0 -71.51383356499781,-16.36831762647009,0 
							</coordinates>
						</LinearRing>
					</outerBoundaryIs>
				</Polygon>
			</Placemark>
			<Placemark>
				<name>1.1.73-1</name>
				<styleUrl>#msn_ylw-pushpin4601</styleUrl>
				<Polygon>
					<tessellate>1</tessellate>
					<outerBoundaryIs>
						<LinearRing>
							<coordinates>
								-71.51816319739424,-16.36652206372387,0 -71.51786905295327,-16.36687529146566,0 -71.51762297654793,-16.36717417522962,0 -71.51745218048666,-16.36737870833164,0 -71.51718415047664,-16.3672290673963,0 -71.51705489451014,-16.36714777092527,0 -71.51722465523153,-16.36694632656077,0 -71.51740840108559,-16.3667317659208,0 -71.51756703451798,-16.36653854101417,0 -71.51769567612165,-16.36638573227059,0 -71.51779999148329,-16.36626503607571,0 -71.51816319739424,-16.36652206372387,0 
							</coordinates>
						</LinearRing>
					</outerBoundaryIs>
				</Polygon>
			</Placemark>
			<Placemark>
				<name>1.1.73-2</name>
				<styleUrl>#msn_ylw-pushpin4601</styleUrl>
				<Polygon>
					<tessellate>1</tessellate>
					<outerBoundaryIs>
						<LinearRing>
							<coordinates>
								-71.5168996603598,-16.36805277104537,0 -71.51680774671598,-16.3679217988226,0 -71.51660360034286,-16.36768396721931,0 -71.51668631396495,-16.36758980316229,0 -71.51699184022226,-16.36724073663291,0 -71.51710677152816,-16.36730875169803,0 -71.51736141995238,-16.36747034697337,0 -71.5168996603598,-16.36805277104537,0 
							</coordinates>
						</LinearRing>
					</outerBoundaryIs>
				</Polygon>
			</Placemark>
			<Placemark>
				<name>1.1.73-3</name>
				<styleUrl>#msn_ylw-pushpin4601</styleUrl>
				<Polygon>
					<tessellate>1</tessellate>
					<outerBoundaryIs>
						<LinearRing>
							<coordinates>
								-71.5162873636217,-16.36784330077437,0 -71.51611116414659,-16.3677135603251,0 -71.51592325418201,-16.3675890699854,0 -71.5161494663723,-16.36732929194481,0 -71.51632203482798,-16.36747268458579,0 -71.51650184547739,-16.36766211283965,0 -71.5162873636217,-16.36784330077437,0 
							</coordinates>
						</LinearRing>
					</outerBoundaryIs>
				</Polygon>
			</Placemark>
			<Placemark>
				<name>1.1.73-4</name>
				<styleUrl>#msn_ylw-pushpin4601</styleUrl>
				<Polygon>
					<tessellate>1</tessellate>
					<outerBoundaryIs>
						<LinearRing>
							<coordinates>
								-71.51655784596682,-16.36761053856904,0 -71.51638860346921,-16.36743284100776,0 -71.51624722048669,-16.36730304001866,0 -71.51636850921949,-16.36716377923069,0 -71.51654268250513,-16.36694915833127,0 -71.51665202121487,-16.36701730557331,0 -71.51691569036306,-16.36718409489405,0 -71.51655784596682,-16.36761053856904,0 
							</coordinates>
						</LinearRing>
					</outerBoundaryIs>
				</Polygon>
			</Placemark>
			<Placemark>
				<name>1.1.73-5</name>
				<styleUrl>#msn_ylw-pushpin4601</styleUrl>
				<Polygon>
					<tessellate>1</tessellate>
					<outerBoundaryIs>
						<LinearRing>
							<coordinates>
								-71.51772415193149,-16.36620962839842,0 -71.51743497613384,-16.36656264935443,0 -71.51721818034085,-16.36680813733392,0 -71.51697966329419,-16.36708895014313,0 -71.51680467742304,-16.36697350695374,0 -71.51661846902448,-16.36685552611568,0 -71.51693635251056,-16.36648740195906,0 -71.51713294954079,-16.36624220241591,0 -71.51725013443087,-16.36610540227887,0 -71.517375882086,-16.36595617326105,0 -71.51772415193149,-16.36620962839842,0 
							</coordinates>
						</LinearRing>
					</outerBoundaryIs>
				</Polygon>
			</Placemark>
			<Placemark>
				<name>1.1.73-6</name>
				<styleUrl>#msn_ylw-pushpin4601</styleUrl>
				<Polygon>
					<tessellate>1</tessellate>
					<outerBoundaryIs>
						<LinearRing>
							<coordinates>
								-71.51698965085889,-16.36626367158651,0 -71.51653297986036,-16.36680298125653,0 -71.51634312960503,-16.36668565418086,0 -71.51608893622061,-16.36651691425337,0 -71.51632782895331,-16.36621169630433,0 -71.51655002301807,-16.36593163713129,0 -71.51684842100629,-16.36556702256579,0 -71.51702410207575,-16.36570170578487,0 -71.51729273032973,-16.3659068662186,0 -71.51698965085889,-16.36626367158651,0 
							</coordinates>
						</LinearRing>
					</outerBoundaryIs>
				</Polygon>
			</Placemark>
			<Placemark>
				<name>1.1.73-8</name>
				<styleUrl>#msn_ylw-pushpin4601</styleUrl>
				<Polygon>
					<tessellate>1</tessellate>
					<outerBoundaryIs>
						<LinearRing>
							<coordinates>
								-71.51611030029949,-16.36730702897262,0 -71.51589556223146,-16.36756271648815,0 -71.51549088285773,-16.3672847189795,0 -71.51574352143244,-16.36698777510512,0 -71.51611030029949,-16.36730702897262,0 
							</coordinates>
						</LinearRing>
					</outerBoundaryIs>
				</Polygon>
			</Placemark>
			<Placemark>
				<name>1.1.73-9</name>
				<styleUrl>#msn_ylw-pushpin4601</styleUrl>
				<Polygon>
					<tessellate>1</tessellate>
					<outerBoundaryIs>
						<LinearRing>
							<coordinates>
								-71.51564395384773,-16.366932004918,0 -71.5154263340185,-16.36720486086797,0 -71.51523738012681,-16.3671089749735,0 -71.51502132906046,-16.36695830418259,0 -71.51492880367542,-16.36687807948248,0 -71.51470320633916,-16.36645214347836,0 -71.51453544709841,-16.36618727366997,0 -71.5145605595893,-16.36616873181045,0 -71.51504634985855,-16.36650507111322,0 -71.51536764531009,-16.3667244614802,0 -71.51552309018466,-16.36682729281092,0 -71.51564395384773,-16.366932004918,0 
							</coordinates>
						</LinearRing>
					</outerBoundaryIs>
				</Polygon>
			</Placemark>
			<Placemark>
				<name>1.1.73-10</name>
				<styleUrl>#msn_ylw-pushpin4601</styleUrl>
				<Polygon>
					<tessellate>1</tessellate>
					<outerBoundaryIs>
						<LinearRing>
							<coordinates>
								-71.51594028191812,-16.36656127358796,0 -71.51571711282776,-16.36685766098019,0 -71.51545970236754,-16.36669049976918,0 -71.51507659001658,-16.36642771099798,0 -71.51476442893593,-16.36621519628686,0 -71.51459733209596,-16.36610765593117,0 -71.51484081534495,-16.36579749038429,0 -71.51523137523178,-16.36607233194282,0 -71.51594028191812,-16.36656127358796,0 
							</coordinates>
						</LinearRing>
					</outerBoundaryIs>
				</Polygon>
			</Placemark>
			<Placemark>
				<name>1.1.74-1</name>
				<styleUrl>#msn_ylw-pushpin4601</styleUrl>
				<Polygon>
					<tessellate>1</tessellate>
					<outerBoundaryIs>
						<LinearRing>
							<coordinates>
								-71.52168898043641,-16.36855906440721,0 -71.52156564433605,-16.36878662840748,0 -71.52122683007636,-16.36861948127027,0 -71.52128568566931,-16.368406933889,0 -71.52132812525883,-16.36827421552984,0 -71.52155254015746,-16.36844027196072,0 -71.52168898043641,-16.36855906440721,0 
							</coordinates>
						</LinearRing>
					</outerBoundaryIs>
				</Polygon>
			</Placemark>
			<Placemark>
				<name>1.1.74-2</name>
				<styleUrl>#msn_ylw-pushpin4601</styleUrl>
				<Polygon>
					<tessellate>1</tessellate>
					<outerBoundaryIs>
						<LinearRing>
							<coordinates>
								-71.52192838269713,-16.36818738130379,0 -71.52178181060455,-16.36839534553045,0 -71.52171193425811,-16.3684946399964,0 -71.52146769687154,-16.36829820710702,0 -71.52133107838371,-16.36819198605279,0 -71.52138629643574,-16.36800957831163,0 -71.52143838450289,-16.36784022620314,0 -71.52192838269713,-16.36818738130379,0 
							</coordinates>
						</LinearRing>
					</outerBoundaryIs>
				</Polygon>
			</Placemark>
			<Placemark>
				<name>1.1.74-3</name>
				<styleUrl>#msn_ylw-pushpin4601</styleUrl>
				<Polygon>
					<tessellate>1</tessellate>
					<outerBoundaryIs>
						<LinearRing>
							<coordinates>
								-71.52237721808845,-16.36740401859693,0 -71.52226338848151,-16.36761881338774,0 -71.52217610282125,-16.36777232480901,0 -71.52200550703699,-16.36804356474738,0 -71.52195882080498,-16.36811060962672,0 -71.5217622501273,-16.36797900186952,0 -71.52162725388888,-16.36788751525746,0 -71.52176886072419,-16.36768246939413,0 -71.52186787744809,-16.36753707189463,0 -71.52193382946548,-16.36741989478558,0 -71.52200312776013,-16.36731858658057,0 -71.52208234680182,-16.36717926451552,0 -71.52237721808845,-16.36740401859693,0 
							</coordinates>
						</LinearRing>
					</outerBoundaryIs>
				</Polygon>
			</Placemark>
			<Placemark>
				<name>1.1.74-4</name>
				<styleUrl>#msn_ylw-pushpin4601</styleUrl>
				<Polygon>
					<tessellate>1</tessellate>
					<outerBoundaryIs>
						<LinearRing>
							<coordinates>
								-71.52259438385472,-16.36706447499227,0 -71.52250532757782,-16.36721518592917,0 -71.52241372137327,-16.367345488084,0 -71.52215368384614,-16.36712292164437,0 -71.52200162119226,-16.36701863491989,0 -71.52183001804603,-16.36689686983835,0 -71.52172980600521,-16.36682830796862,0 -71.52177647293838,-16.36665932602121,0 -71.52181440729582,-16.36656342733409,0 -71.5218726962982,-16.36646015030765,0 -71.52219464684678,-16.36673209280173,0 -71.52235822282094,-16.36686571937709,0 -71.52259438385472,-16.36706447499227,0 
							</coordinates>
						</LinearRing>
					</outerBoundaryIs>
				</Polygon>
			</Placemark>
			<Placemark>
				<name>1.1.74-5</name>
				<styleUrl>#msn_ylw-pushpin4601</styleUrl>
				<Polygon>
					<tessellate>1</tessellate>
					<outerBoundaryIs>
						<LinearRing>
							<coordinates>
								-71.52172494632269,-16.36649693206064,0 -71.52170877697351,-16.36660662447093,0 -71.52165077804391,-16.36678345591018,0 -71.52147407289849,-16.36664908116851,0 -71.52129331382702,-16.36649935522051,0 -71.52110257082995,-16.36633721239532,0 -71.52089816328908,-16.36616348782954,0 -71.52111095023244,-16.36589123164005,0 -71.52128481484169,-16.36603133265495,0 -71.52150583656319,-16.36620854601496,0 -71.52176200294919,-16.36641097457726,0 -71.52172494632269,-16.36649693206064,0 
							</coordinates>
						</LinearRing>
					</outerBoundaryIs>
				</Polygon>
			</Placemark>
			<Placemark>
				<name>1.1.74-6</name>
				<styleUrl>#msn_ylw-pushpin4601</styleUrl>
				<Polygon>
					<tessellate>1</tessellate>
					<outerBoundaryIs>
						<LinearRing>
							<coordinates>
								-71.5214890316205,-16.36677081500587,0 -71.52136949121454,-16.36690945729378,0 -71.52128284125764,-16.36702043872922,0 -71.52100893587421,-16.36681829802099,0 -71.52076480321374,-16.36663102433465,0 -71.52061157165349,-16.36651261644445,0 -71.52074256629906,-16.36635677357945,0 -71.5208473354585,-16.36624235566269,0 -71.5214890316205,-16.36677081500587,0 
							</coordinates>
						</LinearRing>
					</outerBoundaryIs>
				</Polygon>
			</Placemark>
			<Placemark>
				<name>1.1.74-7</name>
				<styleUrl>#msn_ylw-pushpin4601</styleUrl>
				<Polygon>
					<tessellate>1</tessellate>
					<outerBoundaryIs>
						<LinearRing>
							<coordinates>
								-71.52118619226066,-16.36709966845911,0 -71.52108749383784,-16.36723801969206,0 -71.52098220988763,-16.36736551342942,0 -71.520786462744,-16.36721641124772,0 -71.52058550793751,-16.36705707615722,0 -71.52045409135964,-16.36695005838165,0 -71.52034741924739,-16.36686671793241,0 -71.52046995191004,-16.36671802156215,0 -71.52057627631608,-16.36659884265441,0 -71.52079772188971,-16.36678211810453,0 -71.52096419653645,-16.3669132007775,0 -71.52118619226066,-16.36709966845911,0 
							</coordinates>
						</LinearRing>
					</outerBoundaryIs>
				</Polygon>
			</Placemark>
			<Placemark>
				<name>1.1.74-8</name>
				<styleUrl>#msn_ylw-pushpin4601</styleUrl>
				<Polygon>
					<tessellate>1</tessellate>
					<outerBoundaryIs>
						<LinearRing>
							<coordinates>
								-71.52139651052704,-16.36780323097083,0 -71.52136251887619,-16.36788779449377,0 -71.52133588952518,-16.36797709704702,0 -71.52128957853947,-16.36813907681444,0 -71.52113133869908,-16.3680359618269,0 -71.52094699851439,-16.36788083610334,0 -71.52072152589909,-16.36769792359662,0 -71.52050679449114,-16.36753682341643,0 -71.52027162142004,-16.36734811183404,0 -71.5200855019943,-16.36719918068051,0 -71.52023178753426,-16.36702588039914,0 -71.5203221361657,-16.36693238917603,0 -71.52085186486545,-16.36735357176589,0 -71.52139651052704,-16.36780323097083,0 
							</coordinates>
						</LinearRing>
					</outerBoundaryIs>
				</Polygon>
			</Placemark>
			<Placemark>
				<name>1.1.74-9</name>
				<styleUrl>#msn_ylw-pushpin4601</styleUrl>
				<Polygon>
					<tessellate>1</tessellate>
					<outerBoundaryIs>
						<LinearRing>
							<coordinates>
								-71.52125504359417,-16.36822600898109,0 -71.52121070404739,-16.36839799973302,0 -71.52116330256496,-16.36859125669261,0 -71.52111086574345,-16.36857813376824,0 -71.52097887197424,-16.36846675176007,0 -71.52078893040765,-16.36832530363589,0 -71.52058702372663,-16.36815396608419,0 -71.52037139176001,-16.36799118843478,0 -71.52009133682812,-16.3677510431167,0 -71.51992555327391,-16.36760561278297,0 -71.51980902617234,-16.36749706906229,0 -71.51996023038649,-16.3673557628239,0 -71.52005550135229,-16.36726904980425,0 -71.5203168011726,-16.3674700616916,0 -71.52062937717174,-16.36772429608982,0 -71.52082950321204,-16.36787290748731,0 -71.52125504359417,-16.36822600898109,0 
							</coordinates>
						</LinearRing>
					</outerBoundaryIs>
				</Polygon>
			</Placemark>
			<Placemark>
				<name>1.1.74-10</name>
				<styleUrl>#msn_ylw-pushpin4601</styleUrl>
				<Polygon>
					<tessellate>1</tessellate>
					<outerBoundaryIs>
						<LinearRing>
							<coordinates>
								-71.51994615237044,-16.3671829412133,0 -71.5198399632482,-16.36732650241974,0 -71.51972461630866,-16.36746834567964,0 -71.5194275227594,-16.36724220098382,0 -71.51919642422638,-16.36706130985702,0 -71.51903730991843,-16.36695760458531,0 -71.51918107955527,-16.36677446797266,0 -71.51927936151883,-16.36667794668695,0 -71.51979914475174,-16.36706912120794,0 -71.51994615237044,-16.3671829412133,0 
							</coordinates>
						</LinearRing>
					</outerBoundaryIs>
				</Polygon>
			</Placemark>
			<Placemark>
				<name>1.1.74-11</name>
				<styleUrl>#msn_ylw-pushpin4601</styleUrl>
				<Polygon>
					<tessellate>1</tessellate>
					<outerBoundaryIs>
						<LinearRing>
							<coordinates>
								-71.52021789036174,-16.36684847744833,0 -71.52010175290042,-16.36699793089606,0 -71.51999627777163,-16.36713463946283,0 -71.5197554705005,-16.36695682433242,0 -71.51958101456137,-16.36682425452515,0 -71.5194298957155,-16.36671940409622,0 -71.51929896959795,-16.36662331961191,0 -71.51942476544066,-16.36645706364019,0 -71.51952004165636,-16.36634815671796,0 -71.52003135378712,-16.36671328390244,0 -71.52021789036174,-16.36684847744833,0 
							</coordinates>
						</LinearRing>
					</outerBoundaryIs>
				</Polygon>
			</Placemark>
			<Placemark>
				<name>1.1.74-12</name>
				<styleUrl>#msn_ylw-pushpin4601</styleUrl>
				<Polygon>
					<tessellate>1</tessellate>
					<outerBoundaryIs>
						<LinearRing>
							<coordinates>
								-71.5204692618077,-16.36653313198482,0 -71.52032728013455,-16.36670071668549,0 -71.52025793369803,-16.36679647493258,0 -71.51996896561394,-16.36659861467493,0 -71.51977674613724,-16.36645396623027,0 -71.51956037893821,-16.36630094353441,0 -71.51968226393731,-16.36614759003117,0 -71.51978422798416,-16.36601650031578,0 -71.52017497897045,-16.36630096149195,0 -71.5204692618077,-16.36653313198482,0 
							</coordinates>
						</LinearRing>
					</outerBoundaryIs>
				</Polygon>
			</Placemark>
			<Placemark>
				<name>1.1.74-13</name>
				<styleUrl>#msn_ylw-pushpin4601</styleUrl>
				<Polygon>
					<tessellate>1</tessellate>
					<outerBoundaryIs>
						<LinearRing>
							<coordinates>
								-71.52074754988919,-16.36616135473424,0 -71.52053093089397,-16.36644400223761,0 -71.52031675460461,-16.36628243999367,0 -71.52005441226423,-16.36609258195022,0 -71.51996225317522,-16.36603512014237,0 -71.52002184042904,-16.36595639834014,0 -71.51987586943025,-16.36587345074186,0 -71.52005944671475,-16.36566710442616,0 -71.52074754988919,-16.36616135473424,0 
							</coordinates>
						</LinearRing>
					</outerBoundaryIs>
				</Polygon>
			</Placemark>
			<Placemark>
				<name>1.1.74-14</name>
				<styleUrl>#msn_ylw-pushpin4601</styleUrl>
				<Polygon>
					<tessellate>1</tessellate>
					<outerBoundaryIs>
						<LinearRing>
							<coordinates>
								-71.52101419589921,-16.36581497436704,0 -71.52087921399469,-16.36598127026445,0 -71.5207955478684,-16.36608747630083,0 -71.52057503488268,-16.3659427709955,0 -71.52037728609896,-16.36580835273161,0 -71.52010833106409,-16.36561794130968,0 -71.51990476452113,-16.36546633279681,0 -71.51968928020906,-16.36530297654168,0 -71.51980083862745,-16.36516765702507,0 -71.51991866010982,-16.36502796153463,0 -71.52033862492499,-16.36533561532384,0 -71.52072897242452,-16.36561402789323,0 -71.52101419589921,-16.36581497436704,0 
							</coordinates>
						</LinearRing>
					</outerBoundaryIs>
				</Polygon>
			</Placemark>
			<Placemark>
				<name>1.1.74-16</name>
				<styleUrl>#msn_ylw-pushpin4601</styleUrl>
				<Polygon>
					<tessellate>1</tessellate>
					<outerBoundaryIs>
						<LinearRing>
							<coordinates>
								-71.51950256349863,-16.36623913958119,0 -71.51937591112778,-16.3664129819211,0 -71.51924336119126,-16.36658482062823,0 -71.51915654882497,-16.36671284716234,0 -71.51898500246193,-16.36692264708968,0 -71.51876080520674,-16.36677186211091,0 -71.51862982383781,-16.36667402294262,0 -71.51876088031433,-16.36650717268717,0 -71.51895934620285,-16.36665925860452,0 -71.51907035984476,-16.36650337742804,0 -71.51914326609823,-16.36639715715225,0 -71.51895071388408,-16.36626320042793,0 -71.5191649436523,-16.36599860149146,0 -71.51950256349863,-16.36623913958119,0 
							</coordinates>
						</LinearRing>
					</outerBoundaryIs>
				</Polygon>
			</Placemark>
			<Placemark>
				<name>1.1.74-17</name>
				<styleUrl>#msn_ylw-pushpin4601</styleUrl>
				<Polygon>
					<tessellate>1</tessellate>
					<outerBoundaryIs>
						<LinearRing>
							<coordinates>
								-71.51859112797933,-16.36662968169026,0 -71.51845741210035,-16.36652595790351,0 -71.51824482691713,-16.36638059063708,0 -71.51838677528816,-16.36619445714158,0 -71.51855226155979,-16.36600207670596,0 -71.51879501778441,-16.36569090101636,0 -71.51892046126481,-16.3657892793362,0 -71.51912218814563,-16.36594264552675,0 -71.51859112797933,-16.36662968169026,0 
							</coordinates>
						</LinearRing>
					</outerBoundaryIs>
				</Polygon>
			</Placemark>
			<Placemark>
				<name>1.1.74-18</name>
				<styleUrl>#msn_ylw-pushpin4601</styleUrl>
				<Polygon>
					<tessellate>1</tessellate>
					<outerBoundaryIs>
						<LinearRing>
							<coordinates>
								-71.5184087460585,-16.36606276209604,0 -71.51827725989499,-16.36622009238043,0 -71.51818836448534,-16.36631507121667,0 -71.5178937895689,-16.36613440534911,0 -71.51768046339126,-16.36596526276139,0 -71.51749098214027,-16.36583144452865,0 -71.51735234028882,-16.36573327490158,0 -71.51759985811489,-16.36544437444957,0 -71.51812768974055,-16.36584390522051,0 -71.5184087460585,-16.36606276209604,0 
							</coordinates>
						</LinearRing>
					</outerBoundaryIs>
				</Polygon>
			</Placemark>
			<Placemark>
				<name>1.1.74-19</name>
				<styleUrl>#msn_ylw-pushpin4601</styleUrl>
				<Polygon>
					<tessellate>1</tessellate>
					<outerBoundaryIs>
						<LinearRing>
							<coordinates>
								-71.51866855090923,-16.36572293562265,0 -71.51854890039169,-16.36587692470069,0 -71.51845624750548,-16.36599757643458,0 -71.51818213345101,-16.36578932020857,0 -71.51792053981453,-16.36559429841561,0 -71.51761700849018,-16.365374265133,0 -71.5177230073368,-16.36522430493386,0 -71.51782762927367,-16.3650971578222,0 -71.51866855090923,-16.36572293562265,0 
							</coordinates>
						</LinearRing>
					</outerBoundaryIs>
				</Polygon>
			</Placemark>
			<Placemark>
				<name>1.1.74-20</name>
				<styleUrl>#msn_ylw-pushpin4601</styleUrl>
				<Polygon>
					<tessellate>1</tessellate>
					<outerBoundaryIs>
						<LinearRing>
							<coordinates>
								-71.51894207109109,-16.36538515354116,0 -71.51882537891805,-16.36551342389803,0 -71.51871886968344,-16.3656645080568,0 -71.51840105130789,-16.36544350700498,0 -71.51813227606728,-16.36524067959311,0 -71.51795761959362,-16.3651080317408,0 -71.51786269370626,-16.3650353020022,0 -71.51796515268951,-16.36491461191202,0 -71.51802308417143,-16.36483038492606,0 -71.51807126690315,-16.3647632681718,0 -71.51839844139943,-16.36499427857813,0 -71.51860635051651,-16.36514624020386,0 -71.51894207109109,-16.36538515354116,0 
							</coordinates>
						</LinearRing>
					</outerBoundaryIs>
				</Polygon>
			</Placemark>
			<Placemark>
				<name>1.1.74-21</name>
				<styleUrl>#msn_ylw-pushpin4601</styleUrl>
				<Polygon>
					<tessellate>1</tessellate>
					<outerBoundaryIs>
						<LinearRing>
							<coordinates>
								-71.51921965997488,-16.3650371910815,0 -71.51907973958639,-16.36519701433763,0 -71.5189937181369,-16.36529870852937,0 -71.51878583224651,-16.36516496727224,0 -71.51851071556369,-16.36497300611421,0 -71.51834718274291,-16.36485428113342,0 -71.51815613754303,-16.3647098350575,0 -71.51811128185891,-16.36467000089453,0 -71.51822671655502,-16.3645318103917,0 -71.51829460102499,-16.36445234947966,0 -71.5183459285505,-16.36439133247071,0 -71.51859419796997,-16.36458464049191,0 -71.51921965997488,-16.3650371910815,0 
							</coordinates>
						</LinearRing>
					</outerBoundaryIs>
				</Polygon>
			</Placemark>
			<Placemark>
				<name>1.1.74-22</name>
				<styleUrl>#msn_ylw-pushpin4601</styleUrl>
				<Polygon>
					<tessellate>1</tessellate>
					<outerBoundaryIs>
						<LinearRing>
							<coordinates>
								-71.51986084043841,-16.36498328315068,0 -71.51964685043436,-16.36526437581519,0 -71.51937217624153,-16.36506787598805,0 -71.51897703388423,-16.36477053706258,0 -71.51870898349448,-16.36457334723291,0 -71.51839502486052,-16.36433064011903,0 -71.51859581222004,-16.36406647971009,0 -71.5190169413937,-16.3643618375526,0 -71.51925609436215,-16.36452922672878,0 -71.51986084043841,-16.36498328315068,0 
							</coordinates>
						</LinearRing>
					</outerBoundaryIs>
				</Polygon>
			</Placemark>
			<Placemark>
				<name>1.1.74-23</name>
				<styleUrl>#msn_ylw-pushpin4601</styleUrl>
				<Polygon>
					<tessellate>1</tessellate>
					<outerBoundaryIs>
						<LinearRing>
							<coordinates>
								-71.51851624533276,-16.36400142615905,0 -71.51841414462739,-16.36413590225178,0 -71.51830441179516,-16.36427391726854,0 -71.51805848272004,-16.36411102847279,0 -71.51786303166783,-16.36396886455344,0 -71.51765882126915,-16.36381642827535,0 -71.51774598453838,-16.36369324805856,0 -71.51779490075789,-16.36361521355016,0 -71.51800546959876,-16.36365612612025,0 -71.51806110479265,-16.36368108678564,0 -71.51819378128009,-16.36377415470667,0 -71.5183827243799,-16.36390966504997,0 -71.51851624533276,-16.36400142615905,0 
							</coordinates>
						</LinearRing>
					</outerBoundaryIs>
				</Polygon>
			</Placemark>
			<Placemark>
				<name>1.1.74-24</name>
				<styleUrl>#msn_ylw-pushpin4601</styleUrl>
				<Polygon>
					<tessellate>1</tessellate>
					<outerBoundaryIs>
						<LinearRing>
							<coordinates>
								-71.5182624090842,-16.36433515689727,0 -71.51810849959863,-16.36453119625835,0 -71.51803836648564,-16.36460856894541,0 -71.51780317140675,-16.36443732573348,0 -71.51757120914294,-16.36427358886553,0 -71.51739689537517,-16.36414772811611,0 -71.51728916824842,-16.36407208976021,0 -71.51736030246376,-16.36399310726728,0 -71.51740806193506,-16.36392396706601,0 -71.51746883800908,-16.3638369313205,0 -71.51751007250286,-16.36380813778436,0 -71.51788099789187,-16.36406704115287,0 -71.51807642398975,-16.36419697799282,0 -71.5182624090842,-16.36433515689727,0 
							</coordinates>
						</LinearRing>
					</outerBoundaryIs>
				</Polygon>
			</Placemark>
			<Placemark>
				<name>1.1.74-25</name>
				<styleUrl>#msn_ylw-pushpin4601</styleUrl>
				<Polygon>
					<tessellate>1</tessellate>
					<outerBoundaryIs>
						<LinearRing>
							<coordinates>
								-71.51797531498556,-16.36468872800446,0 -71.51789112570066,-16.3648173760408,0 -71.51777899498454,-16.36496258916798,0 -71.51749494162088,-16.36478004074037,0 -71.51730359868463,-16.36464619801601,0 -71.51701001769943,-16.36444254241819,0 -71.51711203785231,-16.36429932884698,0 -71.51722555659927,-16.36413182936228,0 -71.51743770793263,-16.3642895780894,0 -71.51797531498556,-16.36468872800446,0 
							</coordinates>
						</LinearRing>
					</outerBoundaryIs>
				</Polygon>
			</Placemark>
			<Placemark>
				<name>1.1.74-26</name>
				<styleUrl>#msn_ylw-pushpin4601</styleUrl>
				<Polygon>
					<tessellate>1</tessellate>
					<outerBoundaryIs>
						<LinearRing>
							<coordinates>
								-71.51773301430963,-16.36502766751054,0 -71.51764500849113,-16.36515305141535,0 -71.51753387866252,-16.36530333363628,0 -71.5172525207509,-16.36512044777492,0 -71.51704235714851,-16.36497143456909,0 -71.51689827754272,-16.36487544218237,0 -71.51676708029423,-16.36477477616971,0 -71.51697082574586,-16.36451480068298,0 -71.51717948660789,-16.36464210845021,0 -71.51750777956599,-16.36487205598001,0 -71.51773301430963,-16.36502766751054,0 
							</coordinates>
						</LinearRing>
					</outerBoundaryIs>
				</Polygon>
			</Placemark>
			<Placemark>
				<name>1.1.74-27</name>
				<styleUrl>#msn_ylw-pushpin4601</styleUrl>
				<Polygon>
					<tessellate>1</tessellate>
					<outerBoundaryIs>
						<LinearRing>
							<coordinates>
								-71.51748367279514,-16.36537451266012,0 -71.51736180295754,-16.36553389171542,0 -71.51726883448738,-16.36565693707997,0 -71.51697959111777,-16.36545746209606,0 -71.51673308944129,-16.36528487086431,0 -71.51657707416194,-16.36517678092726,0 -71.51650631705579,-16.36512711688982,0 -71.51661284095383,-16.3649915461907,0 -71.51672540622735,-16.36484556937441,0 -71.51713485860081,-16.36513251838947,0 -71.51748367279514,-16.36537451266012,0 
							</coordinates>
						</LinearRing>
					</outerBoundaryIs>
				</Polygon>
			</Placemark>
			<Placemark>
				<name>1.1.74-28</name>
				<styleUrl>#msn_ylw-pushpin4601</styleUrl>
				<Polygon>
					<tessellate>1</tessellate>
					<outerBoundaryIs>
						<LinearRing>
							<coordinates>
								-71.51669060992404,-16.364812928777,0 -71.51648228938943,-16.36508746050192,0 -71.51626633988472,-16.36496285663289,0 -71.51604448847553,-16.36480636571141,0 -71.5158333995998,-16.36465944710798,0 -71.51565062115299,-16.36452655032399,0 -71.51572567531834,-16.36415445627753,0 -71.51611525355581,-16.3644112520339,0 -71.51644077105072,-16.36464421870358,0 -71.51669060992404,-16.364812928777,0 
							</coordinates>
						</LinearRing>
					</outerBoundaryIs>
				</Polygon>
			</Placemark>
			<Placemark>
				<name>1.1.74-29</name>
				<styleUrl>#msn_ylw-pushpin4601</styleUrl>
				<Polygon>
					<tessellate>1</tessellate>
					<outerBoundaryIs>
						<LinearRing>
							<coordinates>
								-71.51645570185022,-16.36413097900026,0 -71.51630435264387,-16.36432837556743,0 -71.51624509720502,-16.36441181336932,0 -71.51594180663568,-16.36421793838244,0 -71.51594344996001,-16.36421793159612,0 -71.51573942621565,-16.36407809497425,0 -71.51581979254293,-16.36368833215696,0 -71.51608669519392,-16.36389611829228,0 -71.51629977366385,-16.36403238687879,0 -71.51645570185022,-16.36413097900026,0 
							</coordinates>
						</LinearRing>
					</outerBoundaryIs>
				</Polygon>
			</Placemark>
			<Placemark>
				<name>1.1.74-30</name>
				<styleUrl>#msn_ylw-pushpin4601</styleUrl>
				<Polygon>
					<tessellate>1</tessellate>
					<outerBoundaryIs>
						<LinearRing>
							<coordinates>
								-71.51671313910715,-16.36380154036477,0 -71.51650147215022,-16.36407712948789,0 -71.51632133366269,-16.36395924118991,0 -71.51613883216238,-16.36383249096226,0 -71.51594271654443,-16.36369873122201,0 -71.5158361821492,-16.36362045759091,0 -71.51587604338349,-16.36340200748007,0 -71.51590204674486,-16.36323341968203,0 -71.51635406325707,-16.36355268109532,0 -71.51671313910715,-16.36380154036477,0 
							</coordinates>
						</LinearRing>
					</outerBoundaryIs>
				</Polygon>
			</Placemark>
			<Placemark>
				<name>1.1.74-32</name>
				<styleUrl>#msn_ylw-pushpin4601</styleUrl>
				<Polygon>
					<tessellate>1</tessellate>
					<outerBoundaryIs>
						<LinearRing>
							<coordinates>
								-71.51745438211744,-16.36376695698269,0 -71.51734953704891,-16.3639119921273,0 -71.51724645477279,-16.36404728966129,0 -71.51698839363888,-16.36386633401282,0 -71.51680496157978,-16.36374296948548,0 -71.5166883921749,-16.36366660922971,0 -71.51680097790285,-16.3635220997004,0 -71.51686583215431,-16.36342070590496,0 -71.51707599721577,-16.36356698337812,0 -71.51715383554216,-16.36359893129015,0 -71.51717436971018,-16.36357388641492,0 -71.51745438211744,-16.36376695698269,0 
							</coordinates>
						</LinearRing>
					</outerBoundaryIs>
				</Polygon>
			</Placemark>
			<Placemark>
				<name>1.1.74-33</name>
				<styleUrl>#msn_ylw-pushpin4601</styleUrl>
				<Polygon>
					<tessellate>1</tessellate>
					<outerBoundaryIs>
						<LinearRing>
							<coordinates>
								-71.51681471118432,-16.36331689385064,0 -71.51675455058384,-16.36346892385387,0 -71.51662981998633,-16.36363167122997,0 -71.51641600086477,-16.36348971284702,0 -71.51615956727625,-16.36331529121148,0 -71.51602972961452,-16.36322990881012,0 -71.5159285290557,-16.36316081265773,0 -71.51596884644026,-16.36311028790119,0 -71.5165980346143,-16.36326677066267,0 -71.51681471118432,-16.36331689385064,0 
							</coordinates>
						</LinearRing>
					</outerBoundaryIs>
				</Polygon>
			</Placemark>
			<Placemark>
				<name>1.1.75-1</name>
				<styleUrl>#msn_ylw-pushpin4601</styleUrl>
				<Polygon>
					<tessellate>1</tessellate>
					<outerBoundaryIs>
						<LinearRing>
							<coordinates>
								-71.51874028863386,-16.37035563582171,0 -71.51869737434376,-16.37032294300795,0 -71.51855089712681,-16.37022190261678,0 -71.51845401182527,-16.37014824975869,0 -71.51838181710387,-16.37006357717773,0 -71.51822065605151,-16.36992753222461,0 -71.51809604261652,-16.36976993854399,0 -71.51826727399126,-16.36957456140159,0 -71.51835275178379,-16.36965051408011,0 -71.51849861649943,-16.36978416362601,0 -71.51868557504686,-16.36995699081582,0 -71.51891192024377,-16.37014416664228,0 -71.51874028863386,-16.37035563582171,0 
							</coordinates>
						</LinearRing>
					</outerBoundaryIs>
				</Polygon>
			</Placemark>
			<Placemark>
				<name>1.1.75-2</name>
				<styleUrl>#msn_ylw-pushpin4601</styleUrl>
				<Polygon>
					<tessellate>1</tessellate>
					<outerBoundaryIs>
						<LinearRing>
							<coordinates>
								-71.5181982576683,-16.36951054879431,0 -71.51802483800488,-16.36969242321601,0 -71.51783425040183,-16.36955118742471,0 -71.51770439849921,-16.36945782621366,0 -71.5178422787091,-16.36932814099497,0 -71.51793337762408,-16.36923408832046,0 -71.5181982576683,-16.36951054879431,0 
							</coordinates>
						</LinearRing>
					</outerBoundaryIs>
				</Polygon>
			</Placemark>
			<Placemark>
				<name>1.1.75-3</name>
				<styleUrl>#msn_ylw-pushpin4601</styleUrl>
				<Polygon>
					<tessellate>1</tessellate>
					<outerBoundaryIs>
						<LinearRing>
							<coordinates>
								-71.51782372141324,-16.36969293528182,0 -71.51770227234556,-16.36980289731884,0 -71.51751549197407,-16.36963560473411,0 -71.5176366978708,-16.36951658677078,0 -71.51782372141324,-16.36969293528182,0 
							</coordinates>
						</LinearRing>
					</outerBoundaryIs>
				</Polygon>
			</Placemark>
			<Placemark>
				<name>1.1.75-4</name>
				<styleUrl>#msn_ylw-pushpin4601</styleUrl>
				<Polygon>
					<tessellate>1</tessellate>
					<outerBoundaryIs>
						<LinearRing>
							<coordinates>
								-71.51825376605515,-16.36944552813239,0 -71.51811968986384,-16.36930864321514,0 -71.51797538424609,-16.36916175769455,0 -71.51821873167152,-16.36887946579267,0 -71.5183558827332,-16.36871579616727,0 -71.5186086237952,-16.36841449840932,0 -71.51869069650337,-16.36848050841623,0 -71.5189153783829,-16.36865681684647,0 -71.51825376605515,-16.36944552813239,0 
							</coordinates>
						</LinearRing>
					</outerBoundaryIs>
				</Polygon>
			</Placemark>
			<Placemark>
				<name>1.1.75-5</name>
				<styleUrl>#msn_ylw-pushpin4601</styleUrl>
				<Polygon>
					<tessellate>1</tessellate>
					<outerBoundaryIs>
						<LinearRing>
							<coordinates>
								-71.51859509359168,-16.36978957636491,0 -71.51850872063577,-16.36968442919616,0 -71.51846882844286,-16.36965101242546,0 -71.51831389688174,-16.36951009130257,0 -71.51844494666697,-16.3693620753531,0 -71.51866051112724,-16.3690838571424,0 -71.51898847575735,-16.36869468983065,0 -71.51906647892389,-16.36876302512274,0 -71.51929441013023,-16.36894480766597,0 -71.51859509359168,-16.36978957636491,0 
							</coordinates>
						</LinearRing>
					</outerBoundaryIs>
				</Polygon>
			</Placemark>
			<Placemark>
				<name>1.1.75-6</name>
				<styleUrl>#msn_ylw-pushpin4601</styleUrl>
				<Polygon>
					<tessellate>1</tessellate>
					<outerBoundaryIs>
						<LinearRing>
							<coordinates>
								-71.51934242623062,-16.3696270594859,0 -71.51896124273964,-16.37007069465418,0 -71.51866634785695,-16.36982865173293,0 -71.5188014135347,-16.36966318705618,0 -71.51906568159163,-16.36935168655453,0 -71.51937410799751,-16.36896919702954,0 -71.51950235076239,-16.36906434298683,0 -71.51970855745208,-16.36922339827933,0 -71.51934242623062,-16.3696270594859,0 
							</coordinates>
						</LinearRing>
					</outerBoundaryIs>
				</Polygon>
			</Placemark>
			<Placemark>
				<name>1.1.75-8</name>
				<styleUrl>#msn_ylw-pushpin4601</styleUrl>
				<Polygon>
					<tessellate>1</tessellate>
					<outerBoundaryIs>
						<LinearRing>
							<coordinates>
								-71.52048684651,-16.36831428223462,0 -71.52035736938302,-16.36847734688843,0 -71.52026695868265,-16.36858676750919,0 -71.51995984542523,-16.3683573919188,0 -71.51973601907156,-16.3681832824875,0 -71.51988485392,-16.36801342486461,0 -71.51997132830806,-16.3679184645121,0 -71.52048684651,-16.36831428223462,0 
							</coordinates>
						</LinearRing>
					</outerBoundaryIs>
				</Polygon>
			</Placemark>
			<Placemark>
				<name>1.1.75-9</name>
				<styleUrl>#msn_ylw-pushpin4601</styleUrl>
				<Polygon>
					<tessellate>1</tessellate>
					<outerBoundaryIs>
						<LinearRing>
							<coordinates>
								-71.519933775373,-16.36788409958469,0 -71.51971492651046,-16.36813725946366,0 -71.51945259405787,-16.36794700530321,0 -71.51917623526269,-16.36772258562207,0 -71.51932228693231,-16.36757707519986,0 -71.51941592352271,-16.36747294858423,0 -71.519933775373,-16.36788409958469,0 
							</coordinates>
						</LinearRing>
					</outerBoundaryIs>
				</Polygon>
			</Placemark>
			<Placemark>
				<name>1.1.75-10</name>
				<styleUrl>#msn_ylw-pushpin4601</styleUrl>
				<Polygon>
					<tessellate>1</tessellate>
					<outerBoundaryIs>
						<LinearRing>
							<coordinates>
								-71.51913998693078,-16.36763159420936,0 -71.51896165242242,-16.36785881613335,0 -71.51860845673082,-16.36827586640375,0 -71.51855067664378,-16.36823024497141,0 -71.5183156383799,-16.36803083129903,0 -71.51847580535795,-16.36782135652651,0 -71.51872928950635,-16.3675059350154,0 -71.51901898820492,-16.36717107793164,0 -71.51914403708903,-16.3672627200864,0 -71.51932608557888,-16.36741307087421,0 -71.51913998693078,-16.36763159420936,0 
							</coordinates>
						</LinearRing>
					</outerBoundaryIs>
				</Polygon>
			</Placemark>
			<Placemark>
				<name>1.1.75-11</name>
				<styleUrl>#msn_ylw-pushpin4601</styleUrl>
				<Polygon>
					<tessellate>1</tessellate>
					<outerBoundaryIs>
						<LinearRing>
							<coordinates>
								-71.51820401439274,-16.36876412259427,0 -71.51791972841386,-16.36909781281603,0 -71.51778629323191,-16.36895977085051,0 -71.51764487883335,-16.3688108374385,0 -71.51785262222788,-16.36856588298418,0 -71.51798777755651,-16.36840894436163,0 -71.51822937720357,-16.36811591723702,0 -71.51835821886637,-16.36821664052386,0 -71.51853152806146,-16.36835667969371,0 -71.51820401439274,-16.36876412259427,0 
							</coordinates>
						</LinearRing>
					</outerBoundaryIs>
				</Polygon>
			</Placemark>
			<Placemark>
				<name>1.1.75-12</name>
				<styleUrl>#msn_ylw-pushpin4601</styleUrl>
				<Polygon>
					<tessellate>1</tessellate>
					<outerBoundaryIs>
						<LinearRing>
							<coordinates>
								-71.51778415610183,-16.36851159735363,0 -71.5175811153171,-16.3687490687868,0 -71.51744861488416,-16.36861745040304,0 -71.51730723831299,-16.36846944657686,0 -71.51740348886379,-16.36835015876708,0 -71.51748823474092,-16.36825167638312,0 -71.51764204400199,-16.36808288733809,0 -71.51784455764749,-16.36783491621409,0 -71.51798721230935,-16.36793671936624,0 -71.51815822904754,-16.36806316943151,0 -71.51778415610183,-16.36851159735363,0 
							</coordinates>
						</LinearRing>
					</outerBoundaryIs>
				</Polygon>
			</Placemark>
			<Placemark>
				<name>1.1.75-13</name>
				<styleUrl>#msn_ylw-pushpin4601</styleUrl>
				<Polygon>
					<tessellate>1</tessellate>
					<outerBoundaryIs>
						<LinearRing>
							<coordinates>
								-71.51821851144956,-16.36797661180117,0 -71.51808794085301,-16.36786123252026,0 -71.51792006344284,-16.36772878074842,0 -71.51795593623062,-16.36768480900867,0 -71.51808878799565,-16.36752553954078,0 -71.51826527778788,-16.36732189490602,0 -71.51846180253463,-16.36706469591619,0 -71.51864150887428,-16.36687886870165,0 -71.51879568224417,-16.36699300615918,0 -71.5189439809223,-16.36712033737824,0 -71.51821851144956,-16.36797661180117,0 
							</coordinates>
						</LinearRing>
					</outerBoundaryIs>
				</Polygon>
			</Placemark>
			<Placemark>
				<name>1.1.75-14</name>
				<styleUrl>#msn_ylw-pushpin4601</styleUrl>
				<Polygon>
					<tessellate>1</tessellate>
					<outerBoundaryIs>
						<LinearRing>
							<coordinates>
								-71.5178463663659,-16.36767974483247,0 -71.5175471970682,-16.36743560377098,0 -71.51770156353932,-16.36724651264413,0 -71.51788518443649,-16.3670204860772,0 -71.51825669618414,-16.36658410340711,0 -71.51855904116128,-16.36683130905898,0 -71.5178463663659,-16.36767974483247,0 
							</coordinates>
						</LinearRing>
					</outerBoundaryIs>
				</Polygon>
			</Placemark>
			<Placemark>
				<name>1.1.75-15</name>
				<styleUrl>#msn_ylw-pushpin4601</styleUrl>
				<Polygon>
					<tessellate>1</tessellate>
					<outerBoundaryIs>
						<LinearRing>
							<coordinates>
								-71.51724469596346,-16.36840460058594,0 -71.51695577261816,-16.36813941913703,0 -71.51722186009962,-16.36782218193874,0 -71.51747492524125,-16.36753333826627,0 -71.51759310661684,-16.36762613264449,0 -71.51776958180658,-16.36777357580887,0 -71.51724469596346,-16.36840460058594,0 
							</coordinates>
						</LinearRing>
					</outerBoundaryIs>
				</Polygon>
			</Placemark>
			<Placemark>
				<name>1.1.76-1</name>
				<styleUrl>#msn_ylw-pushpin4601</styleUrl>
				<Polygon>
					<tessellate>1</tessellate>
					<outerBoundaryIs>
						<LinearRing>
							<coordinates>
								-71.52492516825887,-16.37016724165026,0 -71.52465935235041,-16.37042077079642,0 -71.52424884516934,-16.37002906093123,0 -71.52398021663515,-16.36976659198206,0 -71.52425797628645,-16.36950510002134,0 -71.52492516825887,-16.37016724165026,0 
							</coordinates>
						</LinearRing>
					</outerBoundaryIs>
				</Polygon>
			</Placemark>
			<Placemark>
				<name>1.1.76-2</name>
				<styleUrl>#msn_ylw-pushpin4601</styleUrl>
				<Polygon>
					<tessellate>1</tessellate>
					<outerBoundaryIs>
						<LinearRing>
							<coordinates>
								-71.52458148263484,-16.3704825783125,0 -71.52430836534722,-16.37074553281667,0 -71.52393232531809,-16.3703524552649,0 -71.52364883612289,-16.37007768766085,0 -71.52390976761416,-16.36984188797885,0 -71.52458148263484,-16.3704825783125,0 
							</coordinates>
						</LinearRing>
					</outerBoundaryIs>
				</Polygon>
			</Placemark>
			<Placemark>
				<name>1.1.76-3</name>
				<styleUrl>#msn_ylw-pushpin4601</styleUrl>
				<Polygon>
					<tessellate>1</tessellate>
					<outerBoundaryIs>
						<LinearRing>
							<coordinates>
								-71.52400786778156,-16.37105309357238,0 -71.52395757591283,-16.37098937816992,0 -71.52385461036262,-16.37088661076322,0 -71.52371784077771,-16.37072072398497,0 -71.52358598841944,-16.370594531429,0 -71.5234518600012,-16.37049026893595,0 -71.52332248014488,-16.37039051226898,0 -71.52359160270208,-16.37014451539241,0 -71.52377837872477,-16.37032452830096,0 -71.5239885909369,-16.37053135064776,0 -71.52424918414485,-16.37079485096512,0 -71.52400786778156,-16.37105309357238,0 
							</coordinates>
						</LinearRing>
					</outerBoundaryIs>
				</Polygon>
			</Placemark>
			<Placemark>
				<name>1.1.76-4</name>
				<styleUrl>#msn_ylw-pushpin4601</styleUrl>
				<Polygon>
					<tessellate>1</tessellate>
					<outerBoundaryIs>
						<LinearRing>
							<coordinates>
								-71.523514268819,-16.3700987354561,0 -71.52338915341583,-16.37023162676761,0 -71.52326277363142,-16.37033237678614,0 -71.52304752930614,-16.37015531031937,0 -71.52285660654127,-16.36995057869069,0 -71.5226654865286,-16.36972956138754,0 -71.52255028345759,-16.36958940993984,0 -71.52280168383844,-16.36937295920809,0 -71.52311190247988,-16.3696825294871,0 -71.523514268819,-16.3700987354561,0 
							</coordinates>
						</LinearRing>
					</outerBoundaryIs>
				</Polygon>
			</Placemark>
			<Placemark>
				<name>1.1.76-5</name>
				<styleUrl>#msn_ylw-pushpin4601</styleUrl>
				<Polygon>
					<tessellate>1</tessellate>
					<outerBoundaryIs>
						<LinearRing>
							<coordinates>
								-71.5238642996361,-16.36977772740488,0 -71.52372479432877,-16.36990661139915,0 -71.52358744896286,-16.37002895789162,0 -71.52336969032542,-16.36983923947545,0 -71.52310199159317,-16.36956528711031,0 -71.52297098661985,-16.36943406219666,0 -71.52285368640611,-16.36932191965627,0 -71.52300223220503,-16.3691771631125,0 -71.52311995205469,-16.36906756673763,0 -71.5238642996361,-16.36977772740488,0 
							</coordinates>
						</LinearRing>
					</outerBoundaryIs>
				</Polygon>
			</Placemark>
			<Placemark>
				<name>1.1.76-6</name>
				<styleUrl>#msn_ylw-pushpin4601</styleUrl>
				<Polygon>
					<tessellate>1</tessellate>
					<outerBoundaryIs>
						<LinearRing>
							<coordinates>
								-71.52420012926197,-16.36945021591665,0 -71.52406076779873,-16.3695816759339,0 -71.52392792388427,-16.36970111436947,0 -71.52371984334569,-16.36951863023739,0 -71.52351391168912,-16.3693161805675,0 -71.52339001048351,-16.36920598935267,0 -71.52326801028345,-16.36907960266546,0 -71.52319231535206,-16.36900539188041,0 -71.52333197898564,-16.36887014944685,0 -71.52346979105414,-16.36873898441597,0 -71.52377314321205,-16.36902425411699,0 -71.52394402426738,-16.36919141589274,0 -71.52420012926197,-16.36945021591665,0 
							</coordinates>
						</LinearRing>
					</outerBoundaryIs>
				</Polygon>
			</Placemark>
			<Placemark>
				<name>1.1.76-7</name>
				<styleUrl>#msn_ylw-pushpin4601</styleUrl>
				<Polygon>
					<tessellate>1</tessellate>
					<outerBoundaryIs>
						<LinearRing>
							<coordinates>
								-71.52360404534195,-16.36849279857623,0 -71.52356069091425,-16.36854749175395,0 -71.52345003398742,-16.36866515384708,0 -71.52333171701233,-16.36878678829186,0 -71.52300822431008,-16.36860271187821,0 -71.52274542178161,-16.36845258943993,0 -71.522524478422,-16.36831699732439,0 -71.5222971892949,-16.36817859945186,0 -71.52211206563547,-16.36806701430898,0 -71.52233104083078,-16.36774100216987,0 -71.52327062954856,-16.36829471654796,0 -71.52360404534195,-16.36849279857623,0 
							</coordinates>
						</LinearRing>
					</outerBoundaryIs>
				</Polygon>
			</Placemark>
			<Placemark>
				<name>1.1.76-8</name>
				<styleUrl>#msn_ylw-pushpin4601</styleUrl>
				<Polygon>
					<tessellate>1</tessellate>
					<outerBoundaryIs>
						<LinearRing>
							<coordinates>
								-71.52281398965506,-16.36927033002383,0 -71.52256354510469,-16.36901325962217,0 -71.52277591320788,-16.36884488581203,0 -71.52298795864526,-16.3686441222074,0 -71.52327977753913,-16.36881985227742,0 -71.52281398965506,-16.36927033002383,0 
							</coordinates>
						</LinearRing>
					</outerBoundaryIs>
				</Polygon>
			</Placemark>
			<Placemark>
				<name>1.1.76-9</name>
				<styleUrl>#msn_ylw-pushpin4601</styleUrl>
				<Polygon>
					<tessellate>1</tessellate>
					<outerBoundaryIs>
						<LinearRing>
							<coordinates>
								-71.52280451845469,-16.36872744016563,0 -71.52271516737233,-16.36880646649545,0 -71.52253170829279,-16.36898847567961,0 -71.5224679432895,-16.36891417301901,0 -71.52228884471283,-16.36874878326723,0 -71.5223881717248,-16.36866455886123,0 -71.52250269015605,-16.36856134065173,0 -71.52263106980051,-16.36842845396399,0 -71.5229302417218,-16.36860331139331,0 -71.52280451845469,-16.36872744016563,0 
							</coordinates>
						</LinearRing>
					</outerBoundaryIs>
				</Polygon>
			</Placemark>
			<Placemark>
				<name>1.1.76-10</name>
				<styleUrl>#msn_ylw-pushpin4601</styleUrl>
				<Polygon>
					<tessellate>1</tessellate>
					<outerBoundaryIs>
						<LinearRing>
							<coordinates>
								-71.5225721231555,-16.36842144035321,0 -71.52245322225993,-16.36853918980699,0 -71.52226704811358,-16.36872164842945,0 -71.52212784453249,-16.36859413651301,0 -71.5220160794569,-16.36847983927163,0 -71.52215443855467,-16.36834173934339,0 -71.52228585936982,-16.36822043915415,0 -71.5225721231555,-16.36842144035321,0 
							</coordinates>
						</LinearRing>
					</outerBoundaryIs>
				</Polygon>
			</Placemark>
			<Placemark>
				<name>1.1.76-11</name>
				<styleUrl>#msn_ylw-pushpin4601</styleUrl>
				<Polygon>
					<tessellate>1</tessellate>
					<outerBoundaryIs>
						<LinearRing>
							<coordinates>
								-71.52197154114917,-16.36890979836385,0 -71.5217304777171,-16.36864813237652,0 -71.5219037704113,-16.36847849311585,0 -71.52199307177118,-16.36857105108062,0 -71.52215394508146,-16.36875087513624,0 -71.52197154114917,-16.36890979836385,0 
							</coordinates>
						</LinearRing>
					</outerBoundaryIs>
				</Polygon>
			</Placemark>
			<Placemark>
				<name>1.1.76-12</name>
				<styleUrl>#msn_ylw-pushpin4601</styleUrl>
				<Polygon>
					<tessellate>1</tessellate>
					<outerBoundaryIs>
						<LinearRing>
							<coordinates>
								-71.52253235780873,-16.36954968450225,0 -71.52200299830344,-16.36900300459373,0 -71.52223000144403,-16.36880587836597,0 -71.5223230815534,-16.36889826358628,0 -71.52251212355553,-16.36909059472409,0 -71.52274598050002,-16.36932701886215,0 -71.52253235780873,-16.36954968450225,0 
							</coordinates>
						</LinearRing>
					</outerBoundaryIs>
				</Polygon>
			</Placemark>
			<Placemark>
				<name>1.1.76-13</name>
				<styleUrl>#msn_ylw-pushpin4601</styleUrl>
				<Polygon>
					<tessellate>1</tessellate>
					<outerBoundaryIs>
						<LinearRing>
							<coordinates>
								-71.52299028948214,-16.37036002629738,0 -71.52294401637928,-16.37039388259833,0 -71.52285960101612,-16.37040430394437,0 -71.52277733043087,-16.37038927675889,0 -71.52264212968326,-16.37032359985846,0 -71.52252336887693,-16.3702417386386,0 -71.52240787406279,-16.37015022740532,0 -71.52220437833068,-16.36992904444661,0 -71.52234719808375,-16.36979668574931,0 -71.52249338357825,-16.36966793976365,0 -71.52274744274884,-16.36993459269698,0 -71.52305149848439,-16.37028606100085,0 -71.52299028948214,-16.37036002629738,0 
							</coordinates>
						</LinearRing>
					</outerBoundaryIs>
				</Polygon>
			</Placemark>
			<Placemark>
				<name>1.1.76-14</name>
				<styleUrl>#msn_ylw-pushpin4601</styleUrl>
				<Polygon>
					<tessellate>1</tessellate>
					<outerBoundaryIs>
						<LinearRing>
							<coordinates>
								-71.52248234905724,-16.37036874515277,0 -71.52237381977538,-16.37032441389216,0 -71.52226194106315,-16.37022939364673,0 -71.52219616383984,-16.37017945677368,0 -71.52214866706294,-16.37013737644233,0 -71.52189081357542,-16.37037820707605,0 -71.52175653639108,-16.37051668086983,0 -71.52167484789155,-16.37060217444001,0 -71.52160560891498,-16.37066926943392,0 -71.5216560534214,-16.3707197459131,0 -71.52161128206217,-16.37077300531981,0 -71.52181673068617,-16.37102972859743,0 -71.52177158965623,-16.37107734103563,0 -71.52172890500796,-16.37111252796357,0 -71.52146121329974,-16.37098948906283,0 -71.52125790034253,-16.37089028681223,0 -71.52133337577783,-16.37080375632365,0 -71.52139330058731,-16.37073976324871,0 -71.52148666185786,-16.3706393519257,0 -71.52156451337672,-16.370722357983,0 -71.521601557487,-16.37069474658152,0 -71.52152841984487,-16.37062612061133,0 -71.52164367058802,-16.37050899095969,0 -71.52175434771598,-16.37038675961528,0 -71.52188766250752,-16.37021975015516,0 -71.52216615338214,-16.36997548757346,0 -71.52221458348195,-16.37003757655343,0 -71.52226793283151,-16.37010225265805,0 -71.52233074373018,-16.37016330685018,0 -71.52241387577848,-16.3702210346102,0 -71.52247010430143,-16.37026493520639,0 -71.52260128000991,-16.37035330912482,0 -71.52248234905724,-16.37036874515277,0 
							</coordinates>
						</LinearRing>
					</outerBoundaryIs>
				</Polygon>
			</Placemark>
			<Placemark>
				<name>1.1.76-15</name>
				<styleUrl>#msn_ylw-pushpin4601</styleUrl>
				<Polygon>
					<tessellate>1</tessellate>
					<outerBoundaryIs>
						<LinearRing>
							<coordinates>
								-71.52145055273421,-16.37056583904611,0 -71.52130830180629,-16.37071161753856,0 -71.52125578582651,-16.37076726834027,0 -71.52119016595472,-16.37082303494924,0 -71.52104515682832,-16.37068182414779,0 -71.52088272768695,-16.37051863114469,0 -71.52076468645841,-16.37041369007574,0 -71.52071111044638,-16.37027212478607,0 -71.52065760381849,-16.37013610021087,0 -71.52060872457351,-16.3700497375511,0 -71.52054001050394,-16.36995873691154,0 -71.52041005395147,-16.36977511440431,0 -71.52033141349699,-16.36964431640272,0 -71.52050052416114,-16.36970590240352,0 -71.52066634935225,-16.3698642501978,0 -71.52072554026668,-16.36987429883567,0 -71.52082818065152,-16.36991489978167,0 -71.52145055273421,-16.37056583904611,0 
							</coordinates>
						</LinearRing>
					</outerBoundaryIs>
				</Polygon>
			</Placemark>
			<Placemark>
				<name>1.1.76-16</name>
				<styleUrl>#msn_ylw-pushpin4601</styleUrl>
				<Polygon>
					<tessellate>1</tessellate>
					<outerBoundaryIs>
						<LinearRing>
							<coordinates>
								-71.52182616527028,-16.37021158493756,0 -71.52154183833096,-16.37051750474066,0 -71.52148655718726,-16.37046060268768,0 -71.52140847474821,-16.37039393796196,0 -71.52133382985814,-16.37031613311449,0 -71.52143424993774,-16.37020910947325,0 -71.52153801251353,-16.37010645584917,0 -71.52163435521267,-16.3699983975614,0 -71.52174133253426,-16.36988335287555,0 -71.52187844534468,-16.36972994681337,0 -71.52196697677276,-16.36980383545962,0 -71.52211442918542,-16.36993150222775,0 -71.52182616527028,-16.37021158493756,0 
							</coordinates>
						</LinearRing>
					</outerBoundaryIs>
				</Polygon>
			</Placemark>
			<Placemark>
				<name>1.1.76-17</name>
				<styleUrl>#msn_ylw-pushpin4601</styleUrl>
				<Polygon>
					<tessellate>1</tessellate>
					<outerBoundaryIs>
						<LinearRing>
							<coordinates>
								-71.52152260317378,-16.3700235291988,0 -71.52138080197288,-16.3701607606081,0 -71.52128285267659,-16.37025303987824,0 -71.52106612223353,-16.37005184259833,0 -71.52090232367289,-16.3699048484678,0 -71.5209628066598,-16.36972492499249,0 -71.52099274196753,-16.36960046471155,0 -71.52104918366889,-16.3696001706816,0 -71.52110716000539,-16.36961886309109,0 -71.52118170855385,-16.36965705369438,0 -71.52152260317378,-16.3700235291988,0 
							</coordinates>
						</LinearRing>
					</outerBoundaryIs>
				</Polygon>
			</Placemark>
			<Placemark>
				<name>1.1.76-18</name>
				<styleUrl>#msn_ylw-pushpin4601</styleUrl>
				<Polygon>
					<tessellate>1</tessellate>
					<outerBoundaryIs>
						<LinearRing>
							<coordinates>
								-71.5218341287183,-16.36969420707423,0 -71.52170746102543,-16.36981237085017,0 -71.52158485437602,-16.36994074829115,0 -71.52137999237927,-16.36974423253294,0 -71.52128409894794,-16.36963712915908,0 -71.52122529666941,-16.36959567577526,0 -71.52117185565098,-16.36956143772841,0 -71.52114718156919,-16.36954201614178,0 -71.52111370015123,-16.36952893616953,0 -71.52108640703293,-16.36952133884245,0 -71.52106119805748,-16.3695163882228,0 -71.52102136136624,-16.36950998461869,0 -71.52105290252713,-16.36935647558494,0 -71.52108869088279,-16.36921872364158,0 -71.52111120686475,-16.36913780713485,0 -71.52116399653993,-16.36915356169022,0 -71.5212162619658,-16.3691808349203,0 -71.52126135305157,-16.36920742698919,0 -71.52132621421505,-16.36924659260391,0 -71.52137720486554,-16.36927881087026,0 -71.52146203280175,-16.3693413632566,0 -71.5218341287183,-16.36969420707423,0 
							</coordinates>
						</LinearRing>
					</outerBoundaryIs>
				</Polygon>
			</Placemark>
			<Placemark>
				<name>1.1.76-19</name>
				<styleUrl>#msn_ylw-pushpin4601</styleUrl>
				<Polygon>
					<tessellate>1</tessellate>
					<outerBoundaryIs>
						<LinearRing>
							<coordinates>
								-71.5221676566415,-16.36987096368394,0 -71.52213268993592,-16.36983337897024,0 -71.52207030141342,-16.36977331549675,0 -71.52193918640251,-16.36964837261213,0 -71.52176511983659,-16.36949720374501,0 -71.52162628771757,-16.36937531154235,0 -71.52175751589921,-16.36924723222186,0 -71.52192303389491,-16.36907878127257,0 -71.5219966388332,-16.36914990461315,0 -71.52212501907675,-16.36927290335899,0 -71.52229476724411,-16.36944722410581,0 -71.52243851939195,-16.36961739908447,0 -71.5221676566415,-16.36987096368394,0 
							</coordinates>
						</LinearRing>
					</outerBoundaryIs>
				</Polygon>
			</Placemark>
			<Placemark>
				<name>1.1.76-20</name>
				<styleUrl>#msn_ylw-pushpin4601</styleUrl>
				<Polygon>
					<tessellate>1</tessellate>
					<outerBoundaryIs>
						<LinearRing>
							<coordinates>
								-71.52156699840631,-16.36931756567358,0 -71.52152280919235,-16.36927943484698,0 -71.521471416805,-16.36924433330229,0 -71.52142588038483,-16.36920746194309,0 -71.52135621525157,-16.36916332956653,0 -71.52125170108661,-16.36911520208737,0 -71.52113647421035,-16.36906799486125,0 -71.52116959001906,-16.36896131030338,0 -71.52122369260628,-16.36876319436984,0 -71.52129430559425,-16.36878747587026,0 -71.52140276029448,-16.36883063904387,0 -71.52153691319329,-16.36886558613859,0 -71.52166682273783,-16.36890287633503,0 -71.52185839894469,-16.3690413595366,0 -71.52156699840631,-16.36931756567358,0 
							</coordinates>
						</LinearRing>
					</outerBoundaryIs>
				</Polygon>
			</Placemark>
			<Placemark>
				<name>1.1.76-21</name>
				<styleUrl>#msn_ylw-pushpin4601</styleUrl>
				<Polygon>
					<tessellate>1</tessellate>
					<outerBoundaryIs>
						<LinearRing>
							<coordinates>
								-71.52093055692295,-16.36948348624163,0 -71.52086597595148,-16.36946208446407,0 -71.52075054882617,-16.36943101692524,0 -71.5207360594811,-16.36932106534248,0 -71.52071500751427,-16.36921618838022,0 -71.52070049182053,-16.36911733030924,0 -71.52068752908683,-16.36903468624885,0 -71.52067804895879,-16.36898712654041,0 -71.5206757047593,-16.36898249250868,0 -71.52067253333043,-16.36893260903553,0 -71.5206713548162,-16.36893027292471,0 -71.52067272338286,-16.36885947524725,0 -71.52070966658714,-16.36879265189126,0 -71.52075564370934,-16.3687354483462,0 -71.52085873287398,-16.36861315703051,0 -71.52099118505257,-16.36867327800956,0 -71.52113245832244,-16.36872388298126,0 -71.52093055692295,-16.36948348624163,0 
							</coordinates>
						</LinearRing>
					</outerBoundaryIs>
				</Polygon>
			</Placemark>
			<Placemark>
				<name>1.1.76-22</name>
				<styleUrl>#msn_ylw-pushpin4601</styleUrl>
				<Polygon>
					<tessellate>1</tessellate>
					<outerBoundaryIs>
						<LinearRing>
							<coordinates>
								-71.5209092147756,-16.36956187256273,0 -71.52084862676459,-16.36976904781444,0 -71.52081371469369,-16.36987665591296,0 -71.52066188686838,-16.36981709736387,0 -71.52058135041244,-16.36972701666249,0 -71.52060021951205,-16.36970590292624,0 -71.52048562159344,-16.36948635328148,0 -71.52066471328912,-16.36945416040441,0 -71.52069150035554,-16.36948983073263,0 -71.52071964787771,-16.36950468166732,0 -71.5209092147756,-16.36956187256273,0 
							</coordinates>
						</LinearRing>
					</outerBoundaryIs>
				</Polygon>
			</Placemark>
			<Placemark>
				<name>1.1.76-23</name>
				<styleUrl>#msn_ylw-pushpin4601</styleUrl>
				<Polygon>
					<tessellate>1</tessellate>
					<outerBoundaryIs>
						<LinearRing>
							<coordinates>
								-71.52066368947816,-16.36940780694582,0 -71.52049016359682,-16.36942964166117,0 -71.5203215723544,-16.36945411246009,0 -71.52025123403143,-16.36917002333061,0 -71.52021430467944,-16.36901889251603,0 -71.52017353744259,-16.36887466854786,0 -71.52015807906238,-16.36880180006797,0 -71.5201671959494,-16.36877198078601,0 -71.52021365342428,-16.36871820346802,0 -71.52031304860468,-16.36859335176523,0 -71.52038886476562,-16.36849454787263,0 -71.52046535495764,-16.36840510295718,0 -71.52053093773368,-16.368341004736,0 -71.520650211673,-16.36844867497911,0 -71.52072629691989,-16.36850439361424,0 -71.52078646329895,-16.36856421560413,0 -71.52067028201806,-16.36870897612304,0 -71.52060373183893,-16.36879529564232,0 -71.52058051953773,-16.36884653690958,0 -71.52056328955919,-16.36891295522845,0 -71.52066368947816,-16.36940780694582,0 
							</coordinates>
						</LinearRing>
					</outerBoundaryIs>
				</Polygon>
			</Placemark>
			<Placemark>
				<name>1.1.76-24</name>
				<styleUrl>#msn_ylw-pushpin4601</styleUrl>
				<Polygon>
					<tessellate>1</tessellate>
					<outerBoundaryIs>
						<LinearRing>
							<coordinates>
								-71.51989052753615,-16.36940349703592,0 -71.51977001126797,-16.3695294961508,0 -71.51970223900813,-16.36948495201924,0 -71.5195809260111,-16.36960649902401,0 -71.51947078936223,-16.36973587384239,0 -71.5193029163089,-16.36993231831536,0 -71.51911225148437,-16.37015854952968,0 -71.51903340162579,-16.37033652403175,0 -71.51910957866764,-16.37044896110126,0 -71.51927410691458,-16.37068170698855,0 -71.51941877051058,-16.37083537012571,0 -71.519528409759,-16.37097938241364,0 -71.51961507467264,-16.37107773953792,0 -71.51932727504905,-16.37120842797742,0 -71.51901707655261,-16.37083896380504,0 -71.5189040960372,-16.37063035268,0 -71.51896173544897,-16.37054895270828,0 -71.51909463680038,-16.37044410184122,0 -71.51901604049718,-16.37033692596992,0 -71.51910120337973,-16.37015047490575,0 -71.51968085069799,-16.36947244501894,0 -71.51964815532126,-16.36940162023632,0 -71.51974276359002,-16.36929490123698,0 -71.51989052753615,-16.36940349703592,0 
							</coordinates>
						</LinearRing>
					</outerBoundaryIs>
				</Polygon>
			</Placemark>
			<Placemark>
				<name>1.1.77-1</name>
				<styleUrl>#msn_ylw-pushpin4601</styleUrl>
				<Polygon>
					<tessellate>1</tessellate>
					<outerBoundaryIs>
						<LinearRing>
							<coordinates>
								-71.52816748471545,-16.37266385462486,0 -71.52834089011535,-16.37296049936069,0 -71.52838530918972,-16.37309131115101,0 -71.52834329211508,-16.37322144279825,0 -71.52818985117034,-16.37333434157096,0 -71.52808030537219,-16.37340716986299,0 -71.52795749436309,-16.3735184489969,0 -71.52786841368025,-16.37358160653917,0 -71.52776076680439,-16.37365262003516,0 -71.52767413136914,-16.37354320614461,0 -71.52761901408581,-16.37346359058644,0 -71.52759171509628,-16.37342285673482,0 -71.52775972836326,-16.37332101039737,0 -71.52787317379905,-16.3732516377592,0 -71.52793193251317,-16.3733473954161,0 -71.52800966350785,-16.37329758919978,0 -71.5278968116815,-16.37314755413573,0 -71.52776903833222,-16.37296219780474,0 -71.5277422480064,-16.37289497904471,0 -71.52816748471545,-16.37266385462486,0 
							</coordinates>
						</LinearRing>
					</outerBoundaryIs>
				</Polygon>
			</Placemark>
			<Placemark>
				<name>1.1.77-2</name>
				<styleUrl>#msn_ylw-pushpin4601</styleUrl>
				<Polygon>
					<tessellate>1</tessellate>
					<outerBoundaryIs>
						<LinearRing>
							<coordinates>
								-71.52785656974378,-16.37324572025268,0 -71.52778638429847,-16.37328612184552,0 -71.52769354783888,-16.3733345629949,0 -71.52749596945459,-16.373335775207,0 -71.52729723645781,-16.37303114699128,0 -71.52719553166403,-16.37288650137726,0 -71.52707046500323,-16.37272090590458,0 -71.52693464504348,-16.37252777831651,0 -71.52687346505488,-16.37243918689796,0 -71.52678825426844,-16.37231355578066,0 -71.52668524240465,-16.37216671850068,0 -71.5268466458725,-16.37207715327259,0 -71.52699164571362,-16.37198655753367,0 -71.52719224830183,-16.37226913512174,0 -71.52740435293735,-16.37257207584194,0 -71.52785656974378,-16.37324572025268,0 
							</coordinates>
						</LinearRing>
					</outerBoundaryIs>
				</Polygon>
			</Placemark>
			<Placemark>
				<name>1.1.77-3</name>
				<styleUrl>#msn_ylw-pushpin4601</styleUrl>
				<Polygon>
					<tessellate>1</tessellate>
					<outerBoundaryIs>
						<LinearRing>
							<coordinates>
								-71.52739445836391,-16.37328671502173,0 -71.52733655515509,-16.37332276624152,0 -71.52724053303913,-16.37323228853078,0 -71.52717634936288,-16.37316191875179,0 -71.52710319192815,-16.37318102888672,0 -71.52698574949532,-16.37302906842256,0 -71.52688255650578,-16.37286959827818,0 -71.5267401317285,-16.37265670547679,0 -71.52690539798168,-16.3725543262872,0 -71.52739445836391,-16.37328671502173,0 
							</coordinates>
						</LinearRing>
					</outerBoundaryIs>
				</Polygon>
			</Placemark>
			<Placemark>
				<name>1.1.77-4</name>
				<styleUrl>#msn_ylw-pushpin4601</styleUrl>
				<Polygon>
					<tessellate>1</tessellate>
					<outerBoundaryIs>
						<LinearRing>
							<coordinates>
								-71.52687418936915,-16.37252298330333,0 -71.52675270508901,-16.37260309246699,0 -71.52661341404587,-16.37250080903753,0 -71.52640208926344,-16.37234692145981,0 -71.52655611047962,-16.37226352181364,0 -71.52665982009189,-16.37219357539292,0 -71.52687418936915,-16.37252298330333,0 
							</coordinates>
						</LinearRing>
					</outerBoundaryIs>
				</Polygon>
			</Placemark>
			<Placemark>
				<name>1.1.77-5</name>
				<styleUrl>#msn_ylw-pushpin4601</styleUrl>
				<Polygon>
					<tessellate>1</tessellate>
					<outerBoundaryIs>
						<LinearRing>
							<coordinates>
								-71.52652415822595,-16.37222260070886,0 -71.52631927528978,-16.37231896035809,0 -71.52609496492182,-16.37218778122983,0 -71.52586460559061,-16.37203386315501,0 -71.5257205520432,-16.37193206445891,0 -71.5256550187876,-16.37186218672458,0 -71.52583108639185,-16.37173640719118,0 -71.52598674090935,-16.37163046919335,0 -71.52608548892869,-16.37156295560486,0 -71.52633265329995,-16.37194845493303,0 -71.52652415822595,-16.37222260070886,0 
							</coordinates>
						</LinearRing>
					</outerBoundaryIs>
				</Polygon>
			</Placemark>
			<Placemark>
				<name>1.1.77-6</name>
				<styleUrl>#msn_ylw-pushpin4601</styleUrl>
				<Polygon>
					<tessellate>1</tessellate>
					<outerBoundaryIs>
						<LinearRing>
							<coordinates>
								-71.52575135904037,-16.37128691193487,0 -71.52588895151209,-16.37139918717689,0 -71.52601084702424,-16.37151820430869,0 -71.52585208623825,-16.37163615295638,0 -71.52566294368508,-16.37176908376875,0 -71.52561450895764,-16.37180406221757,0 -71.52546105146166,-16.37163630127122,0 -71.52574940676115,-16.37146724648256,0 -71.52565451605571,-16.37137032279024,0 -71.52575135904037,-16.37128691193487,0 
							</coordinates>
						</LinearRing>
					</outerBoundaryIs>
				</Polygon>
			</Placemark>
			<Placemark>
				<name>1.1.77-7</name>
				<styleUrl>#msn_ylw-pushpin4601</styleUrl>
				<Polygon>
					<tessellate>1</tessellate>
					<outerBoundaryIs>
						<LinearRing>
							<coordinates>
								-71.52696462745315,-16.37194350985022,0 -71.52665262120237,-16.37213297570207,0 -71.52657344665263,-16.37217616052112,0 -71.52634009126993,-16.37180928521583,0 -71.52621380284316,-16.3716026239795,0 -71.52613918479088,-16.37150295232206,0 -71.5260667611682,-16.37144014558658,0 -71.52596718518375,-16.37137094696275,0 -71.52587653227457,-16.3713016024506,0 -71.52578822418045,-16.37123890448653,0 -71.52596650733697,-16.37108193253913,0 -71.52612523443,-16.37092897852646,0 -71.52628029686524,-16.3710550178393,0 -71.52638199543473,-16.37114615249902,0 -71.52649503167333,-16.37124826268188,0 -71.5266382409423,-16.37145337711363,0 -71.52677953234259,-16.37166714946978,0 -71.52696462745315,-16.37194350985022,0 
							</coordinates>
						</LinearRing>
					</outerBoundaryIs>
				</Polygon>
			</Placemark>
			<Placemark>
				<name>1.1.77-8</name>
				<styleUrl>#msn_ylw-pushpin4601</styleUrl>
				<Polygon>
					<tessellate>1</tessellate>
					<outerBoundaryIs>
						<LinearRing>
							<coordinates>
								-71.52609567311474,-16.37088629314904,0 -71.52595848974723,-16.37103705169442,0 -71.52584503342368,-16.37112537789279,0 -71.5257528453302,-16.37121481590535,0 -71.52562151113086,-16.37109561741949,0 -71.52544527566162,-16.37094373201488,0 -71.52521880916106,-16.37072736030601,0 -71.525031833912,-16.37055892981817,0 -71.52482637732646,-16.37038097493585,0 -71.52500631013081,-16.37019854145781,0 -71.52522980268071,-16.37027954333194,0 -71.5254173758934,-16.37034693489839,0 -71.5255463325221,-16.37038749038684,0 -71.52609567311474,-16.37088629314904,0 
							</coordinates>
						</LinearRing>
					</outerBoundaryIs>
				</Polygon>
			</Placemark>
			<Placemark>
				<name>1.1.77-9</name>
				<styleUrl>#msn_ylw-pushpin4601</styleUrl>
				<Polygon>
					<tessellate>1</tessellate>
					<outerBoundaryIs>
						<LinearRing>
							<coordinates>
								-71.52564876274255,-16.37122045520566,0 -71.52551839206497,-16.37134622753069,0 -71.52557864822718,-16.37141618255986,0 -71.5253868862347,-16.37160170028697,0 -71.5251041160727,-16.37134626645254,0 -71.52475516357124,-16.37104800916436,0 -71.52465636720699,-16.37096392070391,0 -71.52446289853226,-16.37109492005636,0 -71.52426267154813,-16.37127671361318,0 -71.52405605465897,-16.37109979346093,0 -71.52429504499113,-16.37088187710634,0 -71.52447677468531,-16.37070413826186,0 -71.5246555688134,-16.37054510150349,0 -71.52478479823385,-16.37045057861216,0 -71.52564876274255,-16.37122045520566,0 
							</coordinates>
						</LinearRing>
					</outerBoundaryIs>
				</Polygon>
			</Placemark>
			<Placemark>
				<name>1.1.77-10</name>
				<styleUrl>#msn_ylw-pushpin4601</styleUrl>
				<Polygon>
					<tessellate>1</tessellate>
					<outerBoundaryIs>
						<LinearRing>
							<coordinates>
								-71.5253276083736,-16.37167749371004,0 -71.52519099662072,-16.37180930585252,0 -71.52507295698329,-16.37191630973027,0 -71.52481487628306,-16.371704928257,0 -71.52463953977011,-16.37155693629952,0 -71.52445057447081,-16.37140884589907,0 -71.52433461182274,-16.3713107221799,0 -71.52448337786825,-16.37117037211885,0 -71.52456534729627,-16.3711115231616,0 -71.52461414286233,-16.37107578641012,0 -71.52464294727781,-16.37106107687036,0 -71.52467612901462,-16.37106317840772,0 -71.5253276083736,-16.37167749371004,0 
							</coordinates>
						</LinearRing>
					</outerBoundaryIs>
				</Polygon>
			</Placemark>
			<Placemark>
				<name>1.1.77-11</name>
				<styleUrl>#msn_ylw-pushpin4601</styleUrl>
				<Polygon>
					<tessellate>1</tessellate>
					<outerBoundaryIs>
						<LinearRing>
							<coordinates>
								-71.52552634634696,-16.37216191063464,0 -71.52534878093175,-16.37208057078643,0 -71.52521368728409,-16.37202599866129,0 -71.52510671984878,-16.37194341899959,0 -71.52522089826087,-16.37183700417538,0 -71.5253709436643,-16.37169154389268,0 -71.5255740336613,-16.371863201886,0 -71.52574985574896,-16.37204120308639,0 -71.52552634634696,-16.37216191063464,0 
							</coordinates>
						</LinearRing>
					</outerBoundaryIs>
				</Polygon>
			</Placemark>
			<Placemark>
				<name>1.1.77-12</name>
				<styleUrl>#msn_ylw-pushpin4601</styleUrl>
				<Polygon>
					<tessellate>1</tessellate>
					<outerBoundaryIs>
						<LinearRing>
							<coordinates>
								-71.52486815660511,-16.37212615931186,0 -71.52474497928341,-16.37201735714088,0 -71.5245963567655,-16.37189737996426,0 -71.52441769808998,-16.37175752560604,0 -71.52415063212753,-16.37155486629036,0 -71.52432146032838,-16.37138954368406,0 -71.52437581164911,-16.37143690356309,0 -71.52455323050133,-16.37158863895178,0 -71.52479659803235,-16.37178880474887,0 -71.52502020583032,-16.37198148865629,0 -71.52486815660511,-16.37212615931186,0 
							</coordinates>
						</LinearRing>
					</outerBoundaryIs>
				</Polygon>
			</Placemark>
			<Placemark>
				<name>1.1.78-1</name>
				<styleUrl>#msn_ylw-pushpin4601</styleUrl>
				<Polygon>
					<tessellate>1</tessellate>
					<outerBoundaryIs>
						<LinearRing>
							<coordinates>
								-71.52770431046,-16.3728589627514,0 -71.5275889734677,-16.37266877161753,0 -71.52739738994042,-16.37238127850457,0 -71.52721432196526,-16.37212809759938,0 -71.52706978561166,-16.3719351584465,0 -71.52729887460843,-16.37181999078555,0 -71.52746977690627,-16.37169737528301,0 -71.52759136162368,-16.37188200693385,0 -71.52765989741764,-16.37208606478782,0 -71.52768658470762,-16.37218512190353,0 -71.52770866911131,-16.37231713168842,0 -71.52793106591226,-16.37271889456505,0 -71.52770431046,-16.3728589627514,0 
							</coordinates>
						</LinearRing>
					</outerBoundaryIs>
				</Polygon>
			</Placemark>
			<Placemark>
				<name>1.1.78-2</name>
				<styleUrl>#msn_ylw-pushpin4601</styleUrl>
				<Polygon>
					<tessellate>1</tessellate>
					<outerBoundaryIs>
						<LinearRing>
							<coordinates>
								-71.52743818634261,-16.37165675332529,0 -71.527157635359,-16.37182492363038,0 -71.52704541076078,-16.37188785105032,0 -71.52689974992646,-16.37169319949881,0 -71.52680399001081,-16.37155263366644,0 -71.52673632835936,-16.37145863635875,0 -71.52695210037689,-16.37132377661208,0 -71.52714492943927,-16.37122051412295,0 -71.52743818634261,-16.37165675332529,0 
							</coordinates>
						</LinearRing>
					</outerBoundaryIs>
				</Polygon>
			</Placemark>
			<Placemark>
				<name>1.1.78-3</name>
				<styleUrl>#msn_ylw-pushpin4601</styleUrl>
				<Polygon>
					<tessellate>1</tessellate>
					<outerBoundaryIs>
						<LinearRing>
							<coordinates>
								-71.52709069965094,-16.37118577789816,0 -71.52691357309837,-16.37129656457189,0 -71.5267125727862,-16.3714211764916,0 -71.52661209579951,-16.37126697052007,0 -71.52654965296357,-16.37119024718503,0 -71.52649988101152,-16.3711305236409,0 -71.52642801940796,-16.37106391441161,0 -71.52634670067278,-16.37100007115137,0 -71.52628304471732,-16.3709483737467,0 -71.52619787870189,-16.37088065773611,0 -71.52634013736618,-16.37076465927943,0 -71.52644601685634,-16.37068028188196,0 -71.52652462735379,-16.3706195795476,0 -71.52673483927624,-16.3708126630744,0 -71.52691283007128,-16.37097537664253,0 -71.52699627968946,-16.37106110738527,0 -71.52709069965094,-16.37118577789816,0 
							</coordinates>
						</LinearRing>
					</outerBoundaryIs>
				</Polygon>
			</Placemark>
			<Placemark>
				<name>1.1.78-4</name>
				<styleUrl>#msn_ylw-pushpin4601</styleUrl>
				<Polygon>
					<tessellate>1</tessellate>
					<outerBoundaryIs>
						<LinearRing>
							<coordinates>
								-71.52643622138433,-16.37062188687712,0 -71.52625820656984,-16.37075523064837,0 -71.52615933295615,-16.37084262095787,0 -71.52604457859951,-16.37075581692927,0 -71.5259679914564,-16.37066335397969,0 -71.52588732075816,-16.3705916125196,0 -71.52582550055607,-16.37053370962187,0 -71.52569912720369,-16.37043227731573,0 -71.5256257138889,-16.37036912925244,0 -71.52574958235144,-16.37026059282738,0 -71.52583168525138,-16.37018957757189,0 -71.52590299445419,-16.37012575742007,0 -71.52595586759608,-16.37007956175593,0 -71.52604983499997,-16.37023482751745,0 -71.52614929614477,-16.37037361852805,0 -71.52620993487901,-16.37044459602945,0 -71.52635080842556,-16.37054520348051,0 -71.52643622138433,-16.37062188687712,0 
							</coordinates>
						</LinearRing>
					</outerBoundaryIs>
				</Polygon>
			</Placemark>
			<Placemark>
				<name>1.1.78-5</name>
				<styleUrl>#msn_ylw-pushpin4601</styleUrl>
				<Polygon>
					<tessellate>1</tessellate>
					<outerBoundaryIs>
						<LinearRing>
							<coordinates>
								-71.52558799200857,-16.37033658493698,0 -71.52554235281779,-16.37019837649455,0 -71.52549725154343,-16.37003000131948,0 -71.52541563977823,-16.36982433802247,0 -71.52538463900547,-16.3696982404717,0 -71.52529861632776,-16.36961674237589,0 -71.52541974893657,-16.36949827983887,0 -71.52552054513147,-16.36942272946226,0 -71.52560570313096,-16.36960209709893,0 -71.52570817201976,-16.36974196031888,0 -71.5258120897096,-16.36989955928801,0 -71.52590304842897,-16.37004506872846,0 -71.52558799200857,-16.37033658493698,0 
							</coordinates>
						</LinearRing>
					</outerBoundaryIs>
				</Polygon>
			</Placemark>
			<Placemark>
				<name>1.1.78-6</name>
				<styleUrl>#msn_ylw-pushpin4601</styleUrl>
				<Polygon>
					<tessellate>1</tessellate>
					<outerBoundaryIs>
						<LinearRing>
							<coordinates>
								-71.52549847215271,-16.36939802604575,0 -71.52540364670001,-16.36947188889725,0 -71.52531729140269,-16.36954490808143,0 -71.52526830377924,-16.36960156117161,0 -71.52516977393002,-16.36948926147149,0 -71.52507663779674,-16.36940720439906,0 -71.52499354320484,-16.36931418241029,0 -71.52491073573907,-16.369239634157,0 -71.52484236423157,-16.36917659336651,0 -71.5247929770901,-16.36912715538342,0 -71.52471796845208,-16.36906228546174,0 -71.52484433004908,-16.36899212438989,0 -71.52497942834863,-16.36892555236371,0 -71.5251209393479,-16.36884025203029,0 -71.52520512649694,-16.36893610151894,0 -71.52530252529584,-16.36909571570905,0 -71.52549847215271,-16.36939802604575,0 
							</coordinates>
						</LinearRing>
					</outerBoundaryIs>
				</Polygon>
			</Placemark>
			<Placemark>
				<name>1.1.78-7</name>
				<styleUrl>#msn_ylw-pushpin4601</styleUrl>
				<Polygon>
					<tessellate>1</tessellate>
					<outerBoundaryIs>
						<LinearRing>
							<coordinates>
								-71.52532766142753,-16.36975510207878,0 -71.52544603978578,-16.37013114787698,0 -71.52528853017165,-16.37024935155215,0 -71.5251114039101,-16.37018919954058,0 -71.52490842460453,-16.37001363988715,0 -71.52472215086527,-16.36981860306226,0 -71.5244911876908,-16.3695970390291,0 -71.52430913108556,-16.36944631221529,0 -71.524494782518,-16.36928794895768,0 -71.52459201310221,-16.36918627742279,0 -71.52468138138123,-16.36910883194993,0 -71.52507766975087,-16.36951714640625,0 -71.52532766142753,-16.36975510207878,0 
							</coordinates>
						</LinearRing>
					</outerBoundaryIs>
				</Polygon>
			</Placemark>
			<Placemark>
				<name>1.1.78-8</name>
				<styleUrl>#msn_ylw-pushpin4601</styleUrl>
				<Polygon>
					<tessellate>1</tessellate>
					<outerBoundaryIs>
						<LinearRing>
							<coordinates>
								-71.52460499584859,-16.36906203177335,0 -71.52443441619263,-16.36922451080244,0 -71.52425804403993,-16.36939080214187,0 -71.52398869787444,-16.36911637247175,0 -71.52379771218044,-16.3689144818628,0 -71.52364935713902,-16.36877618626879,0 -71.52353544278229,-16.3686694482794,0 -71.52372063860255,-16.36850958395639,0 -71.5238606816466,-16.36852362915034,0 -71.52399164757686,-16.36856098229152,0 -71.52406580387502,-16.36858756636624,0 -71.52412031611271,-16.36861462466294,0 -71.52422821106758,-16.36868862638732,0 -71.52460499584859,-16.36906203177335,0 
							</coordinates>
						</LinearRing>
					</outerBoundaryIs>
				</Polygon>
			</Placemark>
			<Placemark>
				<name>1.1.78-9</name>
				<styleUrl>#msn_ylw-pushpin4601</styleUrl>
				<Polygon>
					<tessellate>1</tessellate>
					<outerBoundaryIs>
						<LinearRing>
							<coordinates>
								-71.52508551701918,-16.36879893132283,0 -71.52495876892007,-16.36885912068859,0 -71.52485395031569,-16.36890532569068,0 -71.52476186010631,-16.3689555847354,0 -71.52467753096153,-16.36901863655471,0 -71.52455745602811,-16.36889028083483,0 -71.52445632853883,-16.36878673752772,0 -71.52437394265192,-16.36871651961241,0 -71.52428287450519,-16.36866195678413,0 -71.524232950688,-16.36862058872044,0 -71.52436908574234,-16.36852953243427,0 -71.52449098414337,-16.36844403222646,0 -71.52458630903581,-16.36838041150828,0 -71.524672755925,-16.3683148217713,0 -71.52471966457094,-16.36828520990506,0 -71.52487009213945,-16.36848527356023,0 -71.52508551701918,-16.36879893132283,0 
							</coordinates>
						</LinearRing>
					</outerBoundaryIs>
				</Polygon>
			</Placemark>
			<Placemark>
				<name>1.1.78-10</name>
				<styleUrl>#msn_ylw-pushpin4601</styleUrl>
				<Polygon>
					<tessellate>1</tessellate>
					<outerBoundaryIs>
						<LinearRing>
							<coordinates>
								-71.52451753952202,-16.3683605160796,0 -71.52441659108598,-16.36845273243166,0 -71.52429268417683,-16.36852922040883,0 -71.52420737080628,-16.3686046984018,0 -71.52407725829053,-16.36852780891875,0 -71.52399332657937,-16.36849488297822,0 -71.52392481127609,-16.36848066929913,0 -71.5238885108303,-16.36846842335786,0 -71.52381411228681,-16.36845846934586,0 -71.52374419073575,-16.36842795768229,0 -71.52380067511898,-16.36831396472843,0 -71.52383389021099,-16.36822411516432,0 -71.52386310615742,-16.36814215028192,0 -71.52391393360033,-16.36806131943579,0 -71.52408703290598,-16.36813557542363,0 -71.52432841397108,-16.36825853487866,0 -71.52451753952202,-16.3683605160796,0 
							</coordinates>
						</LinearRing>
					</outerBoundaryIs>
				</Polygon>
			</Placemark>
			<Placemark>
				<name>1.1.78-11</name>
				<styleUrl>#msn_ylw-pushpin4601</styleUrl>
				<Polygon>
					<tessellate>1</tessellate>
					<outerBoundaryIs>
						<LinearRing>
							<coordinates>
								-71.52429593206102,-16.36806723950868,0 -71.52396498021633,-16.36790706408752,0 -71.52378398313489,-16.36820982521848,0 -71.52367935224335,-16.36841553416409,0 -71.52353100892579,-16.3683511329335,0 -71.52331631300905,-16.36823545433502,0 -71.52308919828124,-16.36808865720716,0 -71.5228580257326,-16.36796167830041,0 -71.52263342435963,-16.36782962552342,0 -71.52247046272817,-16.36773053928002,0 -71.52237782534905,-16.36766328013714,0 -71.5224743046671,-16.36755375977549,0 -71.52250682194294,-16.36749908450101,0 -71.52252576698137,-16.36747041726168,0 -71.522826543715,-16.3676272606362,0 -71.52295456037406,-16.36772945271267,0 -71.52314185438766,-16.36782726950493,0 -71.52330058286573,-16.36794220556591,0 -71.52342425326775,-16.36800976183562,0 -71.52356598085832,-16.36808877509964,0 -71.52366022362277,-16.36814093680314,0 -71.52376375038719,-16.36819625942916,0 -71.5239513596091,-16.36787934794075,0 -71.52398403224329,-16.36788888069637,0 -71.52416978259276,-16.36762466839805,0 -71.52447945828983,-16.36780985050901,0 -71.52445952782773,-16.36784901560707,0 -71.52445111522775,-16.36786118777994,0 -71.52429593206102,-16.36806723950868,0 
							</coordinates>
						</LinearRing>
					</outerBoundaryIs>
				</Polygon>
			</Placemark>
			<Placemark>
				<name>1.1.78-12</name>
				<styleUrl>#msn_ylw-pushpin4601</styleUrl>
				<Polygon>
					<tessellate>1</tessellate>
					<outerBoundaryIs>
						<LinearRing>
							<coordinates>
								-71.52504571856149,-16.3668156234788,0 -71.52443923319429,-16.3671847214208,0 -71.52412328592514,-16.36664354627946,0 -71.52361120218848,-16.36638176507599,0 -71.52421797922463,-16.365908461921,0 -71.5243576534556,-16.36581824267432,0 -71.524707304437,-16.36633495314936,0 -71.52492177783745,-16.36664880867701,0 -71.52504571856149,-16.3668156234788,0 
							</coordinates>
						</LinearRing>
					</outerBoundaryIs>
				</Polygon>
			</Placemark>
			<Placemark>
				<name>1.1.78-13</name>
				<styleUrl>#msn_ylw-pushpin4601</styleUrl>
				<Polygon>
					<tessellate>1</tessellate>
					<outerBoundaryIs>
						<LinearRing>
							<coordinates>
								-71.52563073694108,-16.36763965486283,0 -71.52548241597007,-16.36773933075013,0 -71.52526389717285,-16.36788321240996,0 -71.52519623835434,-16.36776707571867,0 -71.52514269790269,-16.36765368390428,0 -71.52505270559108,-16.36748651537225,0 -71.5249798369198,-16.36738709322244,0 -71.52485983614218,-16.36720779316223,0 -71.5247791848891,-16.3671199121212,0 -71.52492711537623,-16.36700449031615,0 -71.52503611667876,-16.36692915679465,0 -71.52511446513397,-16.36689663905477,0 -71.52563073694108,-16.36763965486283,0 
							</coordinates>
						</LinearRing>
					</outerBoundaryIs>
				</Polygon>
			</Placemark>
			<Placemark>
				<name>1.1.78-14</name>
				<styleUrl>#msn_ylw-pushpin4601</styleUrl>
				<Polygon>
					<tessellate>1</tessellate>
					<outerBoundaryIs>
						<LinearRing>
							<coordinates>
								-71.52521214304566,-16.36792079191077,0 -71.52511217951979,-16.36798146480386,0 -71.52494865065783,-16.36807949620873,0 -71.52491316082003,-16.36798283769202,0 -71.52497379700635,-16.36785065696909,0 -71.52487184910029,-16.36768499723031,0 -71.52480354185789,-16.36760962539516,0 -71.52473555231296,-16.36747310995092,0 -71.52469031660662,-16.36739223800274,0 -71.52471520926898,-16.36730121155141,0 -71.52465780123121,-16.36718332519927,0 -71.5247422736534,-16.36713132549627,0 -71.52483085191237,-16.3672667896747,0 -71.52504260188917,-16.36763893963554,0 -71.52521214304566,-16.36792079191077,0 
							</coordinates>
						</LinearRing>
					</outerBoundaryIs>
				</Polygon>
			</Placemark>
			<Placemark>
				<name>1.1.78-15</name>
				<styleUrl>#msn_ylw-pushpin4601</styleUrl>
				<Polygon>
					<tessellate>1</tessellate>
					<outerBoundaryIs>
						<LinearRing>
							<coordinates>
								-71.52525856649348,-16.36874496152202,0 -71.52516352375926,-16.36857331561784,0 -71.52509233974645,-16.36849479225182,0 -71.52500196299761,-16.36834226408601,0 -71.52497403427644,-16.36829081482539,0 -71.52494400086252,-16.36819620046197,0 -71.52496326174725,-16.36812598008393,0 -71.52503637360867,-16.36807625014311,0 -71.52518915732125,-16.36797816646917,0 -71.52520419502537,-16.36799263559466,0 -71.52527726267395,-16.36810173850096,0 -71.52535030887597,-16.36820876859651,0 -71.52544332676121,-16.3683484263378,0 -71.52556974299137,-16.36852379093949,0 -71.52525856649348,-16.36874496152202,0 
							</coordinates>
						</LinearRing>
					</outerBoundaryIs>
				</Polygon>
			</Placemark>
			<Placemark>
				<name>1.1.78-16</name>
				<styleUrl>#msn_ylw-pushpin4601</styleUrl>
				<Polygon>
					<tessellate>1</tessellate>
					<outerBoundaryIs>
						<LinearRing>
							<coordinates>
								-71.52565388951324,-16.36848910693182,0 -71.52551526931592,-16.36829691101691,0 -71.52539219117274,-16.36811605918393,0 -71.52526054733802,-16.36793517608976,0 -71.52542851851452,-16.36782501771345,0 -71.52566283338489,-16.36768622317387,0 -71.52579752297819,-16.3678663749016,0 -71.52592851096962,-16.36804180058764,0 -71.52605761225512,-16.36821950473256,0 -71.52565388951324,-16.36848910693182,0 
							</coordinates>
						</LinearRing>
					</outerBoundaryIs>
				</Polygon>
			</Placemark>
			<Placemark>
				<name>1.1.78-17</name>
				<styleUrl>#msn_ylw-pushpin4601</styleUrl>
				<Polygon>
					<tessellate>1</tessellate>
					<outerBoundaryIs>
						<LinearRing>
							<coordinates>
								-71.52686080283016,-16.36936741770371,0 -71.52667570320695,-16.36949148003296,0 -71.52645754113016,-16.36963417221081,0 -71.52635032159714,-16.36950460503443,0 -71.52624022473665,-16.36934524686751,0 -71.52609898834197,-16.36913443950758,0 -71.52601136256006,-16.36899651054716,0 -71.52587911387015,-16.36881346237909,0 -71.5257951607049,-16.36870912459014,0 -71.52569468814166,-16.36855682762036,0 -71.52587846488007,-16.36844478726998,0 -71.52600445555611,-16.36835259407034,0 -71.5261104894452,-16.36828871832949,0 -71.52686080283016,-16.36936741770371,0 
							</coordinates>
						</LinearRing>
					</outerBoundaryIs>
				</Polygon>
			</Placemark>
			<Placemark>
				<name>1.1.78-18</name>
				<styleUrl>#msn_ylw-pushpin4601</styleUrl>
				<Polygon>
					<tessellate>1</tessellate>
					<outerBoundaryIs>
						<LinearRing>
							<coordinates>
								-71.5258666253924,-16.36921296423822,0 -71.52566586517233,-16.36931584097268,0 -71.52564360161337,-16.36925618699327,0 -71.52557120676478,-16.36913447416179,0 -71.52549353338888,-16.36901327414071,0 -71.52539899333333,-16.36890053655447,0 -71.52531484898979,-16.36877957167614,0 -71.52546731436378,-16.36870005844257,0 -71.52562631462106,-16.36859065515091,0 -71.52571572790877,-16.36871920422381,0 -71.52581676211794,-16.36884280475133,0 -71.52593213705033,-16.36900184659694,0 -71.52601133655843,-16.36913442440226,0 -71.5258666253924,-16.36921296423822,0 
							</coordinates>
						</LinearRing>
					</outerBoundaryIs>
				</Polygon>
			</Placemark>
			<Placemark>
				<name>1.1.78-19</name>
				<styleUrl>#msn_ylw-pushpin4601</styleUrl>
				<Polygon>
					<tessellate>1</tessellate>
					<outerBoundaryIs>
						<LinearRing>
							<coordinates>
								-71.52701522985444,-16.37074862709977,0 -71.52688159326125,-16.37074529819529,0 -71.52634537169868,-16.37031491668447,0 -71.52619993360565,-16.3701146332369,0 -71.52613546126037,-16.37001296279757,0 -71.52602035226873,-16.36982256420362,0 -71.52586591738667,-16.36963727288901,0 -71.52578753554437,-16.36950852991802,0 -71.52567423120682,-16.36933028443628,0 -71.52579660296932,-16.36927052247083,0 -71.52589785211157,-16.36922040878795,0 -71.52602128063941,-16.36915205494799,0 -71.52610226668003,-16.36926699952333,0 -71.52615810097963,-16.36935780475468,0 -71.52630046860493,-16.36954486320136,0 -71.52641767572906,-16.36970779031335,0 -71.52660796118919,-16.36999639658042,0 -71.52676526839753,-16.37020282512268,0 -71.52707139716327,-16.37060209134493,0 -71.52710146981735,-16.37065611081131,0 -71.52701522985444,-16.37074862709977,0 
							</coordinates>
						</LinearRing>
					</outerBoundaryIs>
				</Polygon>
			</Placemark>
			<Placemark>
				<name>1.1.78-20</name>
				<styleUrl>#msn_ylw-pushpin4601</styleUrl>
				<Polygon>
					<tessellate>1</tessellate>
					<outerBoundaryIs>
						<LinearRing>
							<coordinates>
								-71.52777996831881,-16.3707200465467,0 -71.52761290281794,-16.37084116588703,0 -71.52749393068501,-16.37091408462959,0 -71.52719485475451,-16.37069517670694,0 -71.52706513442517,-16.37051467319711,0 -71.52690300938798,-16.37031167531033,0 -71.52675010812358,-16.37008078816061,0 -71.52662976922366,-16.36991499812526,0 -71.52650679210814,-16.36971585948719,0 -71.5267088847332,-16.36958514489701,0 -71.526832229259,-16.36951084081646,0 -71.52689402220547,-16.36946514971634,0 -71.52724245840024,-16.36994123519363,0 -71.52777996831881,-16.3707200465467,0 
							</coordinates>
						</LinearRing>
					</outerBoundaryIs>
				</Polygon>
			</Placemark>
			<Placemark>
				<name>1.1.78-21</name>
				<styleUrl>#msn_ylw-pushpin4601</styleUrl>
				<Polygon>
					<tessellate>1</tessellate>
					<outerBoundaryIs>
						<LinearRing>
							<coordinates>
								-71.52885603465933,-16.37223809836089,0 -71.52872787572223,-16.37232016102451,0 -71.52866066123005,-16.37234135148688,0 -71.52858070646292,-16.37233510326628,0 -71.5285423487027,-16.37234415868908,0 -71.52849719030579,-16.37235905902374,0 -71.52841349867859,-16.37240098931677,0 -71.52838756553773,-16.37238849614828,0 -71.5283334035169,-16.37230945731581,0 -71.52822268703559,-16.37212449011221,0 -71.52820099576923,-16.3720152868317,0 -71.52814368262568,-16.3719180430441,0 -71.52806094955284,-16.37178745610009,0 -71.52801960720004,-16.37171157183223,0 -71.52794024281998,-16.37161136712178,0 -71.52789900480286,-16.37154146970607,0 -71.52786093129765,-16.37147154769832,0 -71.5278291762971,-16.37140775545907,0 -71.52773071432313,-16.37127734137656,0 -71.5276450062741,-16.37116824240491,0 -71.52757837660465,-16.37108038253847,0 -71.52751178266985,-16.37100170718622,0 -71.52764497332997,-16.37091237664716,0 -71.52774032421182,-16.37085059756073,0 -71.52786135921595,-16.37078841944252,0 -71.52818627114607,-16.3712753049372,0 -71.52851686842786,-16.37173234836289,0 -71.52871832114575,-16.37202768671718,0 -71.52885603465933,-16.37223809836089,0 
							</coordinates>
						</LinearRing>
					</outerBoundaryIs>
				</Polygon>
			</Placemark>
			<Placemark>
				<name>1.1.78-22</name>
				<styleUrl>#msn_ylw-pushpin4601</styleUrl>
				<Polygon>
					<tessellate>1</tessellate>
					<outerBoundaryIs>
						<LinearRing>
							<coordinates>
								-71.52741806461651,-16.3709758193588,0 -71.52727261928696,-16.37108201329561,0 -71.52714319270585,-16.37094947015196,0 -71.5269696059698,-16.37077790205435,0 -71.52704229336722,-16.37072740873128,0 -71.52708257541305,-16.37068493471511,0 -71.52711130189458,-16.37066571400198,0 -71.52713395809339,-16.3706961931905,0 -71.52741806461651,-16.3709758193588,0 
							</coordinates>
						</LinearRing>
					</outerBoundaryIs>
				</Polygon>
			</Placemark>
			<Placemark>
				<name>1.1.78-23</name>
				<styleUrl>#msn_ylw-pushpin4601</styleUrl>
				<Polygon>
					<tessellate>1</tessellate>
					<outerBoundaryIs>
						<LinearRing>
							<coordinates>
								-71.5277708195278,-16.37142003031325,0 -71.527670869023,-16.3714900772767,0 -71.52758736810166,-16.37154654562709,0 -71.52748843625785,-16.3714126094232,0 -71.52743107260187,-16.37125936371451,0 -71.52732485302774,-16.37111458672456,0 -71.52747100727693,-16.37102579108348,0 -71.52762979403869,-16.37122225696474,0 -71.5277708195278,-16.37142003031325,0 
							</coordinates>
						</LinearRing>
					</outerBoundaryIs>
				</Polygon>
			</Placemark>
			<Placemark>
				<name>1.1.78-24</name>
				<styleUrl>#msn_ylw-pushpin4601</styleUrl>
				<Polygon>
					<tessellate>1</tessellate>
					<outerBoundaryIs>
						<LinearRing>
							<coordinates>
								-71.52788922265968,-16.3716125462249,0 -71.52806595903577,-16.3719143888491,0 -71.52816463148429,-16.37213202544406,0 -71.52802387933768,-16.37223381962099,0 -71.52800957921198,-16.37220988677962,0 -71.52796097179153,-16.37211180383116,0 -71.5279065309519,-16.3720080330011,0 -71.52787366650874,-16.37194338781616,0 -71.52779304440838,-16.37181143149751,0 -71.52771075728511,-16.37169104405987,0 -71.52761656262703,-16.3715736672055,0 -71.52778157970877,-16.37145327603827,0 -71.52788922265968,-16.3716125462249,0 
							</coordinates>
						</LinearRing>
					</outerBoundaryIs>
				</Polygon>
			</Placemark>
			<Placemark>
				<name>1.1.78-25</name>
				<styleUrl>#msn_ylw-pushpin4601</styleUrl>
				<Polygon>
					<tessellate>1</tessellate>
					<outerBoundaryIs>
						<LinearRing>
							<coordinates>
								-71.52834524749927,-16.37244134041527,0 -71.52827518692865,-16.37248569512001,0 -71.5282164386167,-16.37253718207041,0 -71.52812087386681,-16.37242131811585,0 -71.52806184833936,-16.37228582928941,0 -71.52804429465787,-16.37223883243478,0 -71.52816979626267,-16.37215017509922,0 -71.52834524749927,-16.37244134041527,0 
							</coordinates>
						</LinearRing>
					</outerBoundaryIs>
				</Polygon>
			</Placemark>
			<Placemark>
				<name>1.1.78-26</name>
				<styleUrl>#msn_ylw-pushpin4601</styleUrl>
				<Polygon>
					<tessellate>1</tessellate>
					<outerBoundaryIs>
						<LinearRing>
							<coordinates>
								-71.52909734243202,-16.37330195076018,0 -71.52908969357986,-16.3733601063713,0 -71.52905719418808,-16.37339059738669,0 -71.52902536168349,-16.37340990136148,0 -71.52898446619972,-16.37342019216974,0 -71.52895394819171,-16.37340645805785,0 -71.52893075063311,-16.37338394234732,0 -71.52891461977234,-16.37336142481335,0 -71.52889869029387,-16.37332756400488,0 -71.52887536430791,-16.37329328569054,0 -71.52888904625111,-16.37322963673834,0 -71.5289159172905,-16.37313956951662,0 -71.52892648751524,-16.37302590866368,0 -71.52894062465522,-16.37287818235024,0 -71.52893873336357,-16.37276349740295,0 -71.52890339146491,-16.37263855628252,0 -71.5288584217236,-16.37254503788632,0 -71.5288458769092,-16.37251255109876,0 -71.52879383354038,-16.37245765535441,0 -71.52874664942786,-16.37238269553472,0 -71.5289154077216,-16.37226999794816,0 -71.52897953103361,-16.37238151662289,0 -71.52902389400002,-16.37248401057036,0 -71.52905554938765,-16.37261343761545,0 -71.52907821072759,-16.37280309091834,0 -71.52908623557012,-16.37290355633679,0 -71.52909734243202,-16.37330195076018,0 
							</coordinates>
						</LinearRing>
					</outerBoundaryIs>
				</Polygon>
			</Placemark>
			<Placemark>
				<name>1.1.78-27</name>
				<styleUrl>#msn_ylw-pushpin4601</styleUrl>
				<Polygon>
					<tessellate>1</tessellate>
					<outerBoundaryIs>
						<LinearRing>
							<coordinates>
								-71.52815229862567,-16.37100496106999,0 -71.52834931801485,-16.37086664281866,0 -71.5285899570585,-16.3707147096449,0 -71.52873980440357,-16.37094410599962,0 -71.52902687678177,-16.37134814317315,0 -71.52902190289026,-16.37137306234451,0 -71.52900580958982,-16.37141932408484,0 -71.52898744619944,-16.37145286168121,0 -71.52898994203774,-16.37150876676583,0 -71.52901489575437,-16.37156205515162,0 -71.52907604441853,-16.37159809208613,0 -71.52912165497298,-16.37162736243421,0 -71.52917138054691,-16.37164455403908,0 -71.52924262783989,-16.37167175934583,0 -71.52930244534625,-16.3716861494531,0 -71.529336052459,-16.37170567832153,0 -71.52938159591658,-16.37173477126204,0 -71.52939641315285,-16.37178075457706,0 -71.5294171531295,-16.37186270456997,0 -71.52941869303434,-16.37194016472272,0 -71.52939516237106,-16.37201275519925,0 -71.52932878733651,-16.37210557232359,0 -71.52905813439561,-16.3722653325442,0 -71.52815229862567,-16.37100496106999,0 
							</coordinates>
						</LinearRing>
					</outerBoundaryIs>
				</Polygon>
			</Placemark>
			<Placemark>
				<name>1.1.78-28</name>
				<styleUrl>#msn_ylw-pushpin4601</styleUrl>
				<Polygon>
					<tessellate>1</tessellate>
					<outerBoundaryIs>
						<LinearRing>
							<coordinates>
								-71.52949200064309,-16.37124518414775,0 -71.52932426811351,-16.37129705618783,0 -71.52925347502432,-16.3713031610334,0 -71.52912234077817,-16.37132599390429,0 -71.52903432571476,-16.3712103869917,0 -71.5289422843956,-16.37108059230745,0 -71.52883216378103,-16.3709427723959,0 -71.52866279108954,-16.37068581221225,0 -71.52883054113121,-16.37056680117457,0 -71.52902307323635,-16.37044103805289,0 -71.52912995545492,-16.37059380653825,0 -71.52934079722243,-16.37087911816697,0 -71.52946489817819,-16.37102128195064,0 -71.52960051961573,-16.37117771888536,0 -71.52949200064309,-16.37124518414775,0 
							</coordinates>
						</LinearRing>
					</outerBoundaryIs>
				</Polygon>
			</Placemark>
			<Placemark>
				<name>1.1.78-29</name>
				<styleUrl>#msn_ylw-pushpin4601</styleUrl>
				<Polygon>
					<tessellate>1</tessellate>
					<outerBoundaryIs>
						<LinearRing>
							<coordinates>
								-71.52980381907727,-16.37091288492615,0 -71.52965255872552,-16.37111518849026,0 -71.52958850693582,-16.371066726666,0 -71.52952802007985,-16.37099497727667,0 -71.52944605247129,-16.37089053580736,0 -71.52935519497709,-16.37077631599754,0 -71.52925926376045,-16.37064416788656,0 -71.52917993136272,-16.37052438199837,0 -71.52909271347833,-16.37039501272151,0 -71.52930028958602,-16.37026522216104,0 -71.52942531528691,-16.37019089952375,0 -71.52952949761492,-16.37012761155253,0 -71.52964020785389,-16.37006730845609,0 -71.5296700346215,-16.37005133369881,0 -71.52980381907727,-16.37091288492615,0 
							</coordinates>
						</LinearRing>
					</outerBoundaryIs>
				</Polygon>
			</Placemark>
			<Placemark>
				<name>1.1.78-30</name>
				<styleUrl>#msn_ylw-pushpin4601</styleUrl>
				<Polygon>
					<tessellate>1</tessellate>
					<outerBoundaryIs>
						<LinearRing>
							<coordinates>
								-71.52903148792569,-16.37032537474178,0 -71.52892012524913,-16.37017329398456,0 -71.52879621922217,-16.36999888478915,0 -71.52885721737321,-16.36994990926779,0 -71.5291116093169,-16.36978299922524,0 -71.52920140225784,-16.36990600957171,0 -71.52933842199621,-16.37012277465117,0 -71.52903148792569,-16.37032537474178,0 
							</coordinates>
						</LinearRing>
					</outerBoundaryIs>
				</Polygon>
			</Placemark>
			<Placemark>
				<name>1.1.78-31</name>
				<styleUrl>#msn_ylw-pushpin4601</styleUrl>
				<Polygon>
					<tessellate>1</tessellate>
					<outerBoundaryIs>
						<LinearRing>
							<coordinates>
								-71.52861346661729,-16.37060181074836,0 -71.52855348150709,-16.37052904763174,0 -71.5283898688124,-16.37030453558326,0 -71.52853899648015,-16.37018712037515,0 -71.52875079029852,-16.37004143801494,0 -71.52882700561625,-16.37015337954067,0 -71.52897139144461,-16.37035831179216,0 -71.52861346661729,-16.37060181074836,0 
							</coordinates>
						</LinearRing>
					</outerBoundaryIs>
				</Polygon>
			</Placemark>
			<Placemark>
				<name>1.1.78-33</name>
				<styleUrl>#msn_ylw-pushpin4601</styleUrl>
				<Polygon>
					<tessellate>1</tessellate>
					<outerBoundaryIs>
						<LinearRing>
							<coordinates>
								-71.52852591221956,-16.37067460662095,0 -71.52828056923036,-16.37082376321235,0 -71.52807819659833,-16.37095466692458,0 -71.52791890300841,-16.37068811805549,0 -71.52779372947936,-16.37050125156421,0 -71.52764481592098,-16.37027652604515,0 -71.52752463021847,-16.37011929927858,0 -71.52772233026327,-16.36998326986797,0 -71.52784281366034,-16.36990118017571,0 -71.52794880133118,-16.3698458895316,0 -71.52852591221956,-16.37067460662095,0 
							</coordinates>
						</LinearRing>
					</outerBoundaryIs>
				</Polygon>
			</Placemark>
			<Placemark>
				<name>1.1.78-34</name>
				<styleUrl>#msn_ylw-pushpin4601</styleUrl>
				<Polygon>
					<tessellate>1</tessellate>
					<outerBoundaryIs>
						<LinearRing>
							<coordinates>
								-71.52788690118332,-16.36978877897757,0 -71.52766414851524,-16.36992858397839,0 -71.52747855945536,-16.37005158078187,0 -71.52729563118189,-16.36978444454858,0 -71.52713798382798,-16.36956362474375,0 -71.52702353708594,-16.36942369331853,0 -71.52730055795656,-16.36924714055939,0 -71.52745605187765,-16.36915777594251,0 -71.52788690118332,-16.36978877897757,0 
							</coordinates>
						</LinearRing>
					</outerBoundaryIs>
				</Polygon>
			</Placemark>
			<Placemark>
				<name>1.1.78-35</name>
				<styleUrl>#msn_ylw-pushpin4601</styleUrl>
				<Polygon>
					<tessellate>1</tessellate>
					<outerBoundaryIs>
						<LinearRing>
							<coordinates>
								-71.5273871941629,-16.3690827540648,0 -71.52699760742516,-16.36934573801343,0 -71.52666602506461,-16.36888518543239,0 -71.52644342783768,-16.36856613166697,0 -71.52626627174642,-16.36834042477788,0 -71.52619116913881,-16.36824875057661,0 -71.52643626276844,-16.36809785736597,0 -71.52660685249694,-16.3679672238156,0 -71.52694878411927,-16.3684381791833,0 -71.5273871941629,-16.3690827540648,0 
							</coordinates>
						</LinearRing>
					</outerBoundaryIs>
				</Polygon>
			</Placemark>
			<Placemark>
				<name>1.1.78-36</name>
				<styleUrl>#msn_ylw-pushpin4601</styleUrl>
				<Polygon>
					<tessellate>1</tessellate>
					<outerBoundaryIs>
						<LinearRing>
							<coordinates>
								-71.52657041288995,-16.3679148805905,0 -71.52623901439804,-16.36815090014516,0 -71.52616723485779,-16.36819631019247,0 -71.52567971155482,-16.36750376220693,0 -71.52540326074865,-16.36714233601282,0 -71.52519217578454,-16.36684265212913,0 -71.52539598752058,-16.36670758431681,0 -71.5255262965924,-16.36662902711447,0 -71.52561664918467,-16.36656652530861,0 -71.52657041288995,-16.3679148805905,0 
							</coordinates>
						</LinearRing>
					</outerBoundaryIs>
				</Polygon>
			</Placemark>
			<Placemark>
				<name>1.1.78-37</name>
				<styleUrl>#msn_ylw-pushpin4601</styleUrl>
				<Polygon>
					<tessellate>1</tessellate>
					<outerBoundaryIs>
						<LinearRing>
							<coordinates>
								-71.52557874347447,-16.36648964188953,0 -71.52528091770171,-16.3666965963867,0 -71.5251596011278,-16.36678032820875,0 -71.52488690788168,-16.36639110508222,0 -71.52464119000894,-16.36603331491277,0 -71.52444254705919,-16.36575623670747,0 -71.52466918357665,-16.36560012231053,0 -71.52483806462945,-16.36548594971115,0 -71.52557874347447,-16.36648964188953,0 
							</coordinates>
						</LinearRing>
					</outerBoundaryIs>
				</Polygon>
			</Placemark>
			<Placemark>
				<name>1.1.79-1</name>
				<styleUrl>#msn_ylw-pushpin4601</styleUrl>
				<Polygon>
					<tessellate>1</tessellate>
					<outerBoundaryIs>
						<LinearRing>
							<coordinates>
								-71.52103085246307,-16.36255179366588,0 -71.52079983892467,-16.36286122827038,0 -71.52033050440008,-16.36254129232167,0 -71.52001363972957,-16.36232806681899,0 -71.5202429035011,-16.36200515066678,0 -71.52103085246307,-16.36255179366588,0 
							</coordinates>
						</LinearRing>
					</outerBoundaryIs>
				</Polygon>
			</Placemark>
			<Placemark>
				<name>1.1.79-2</name>
				<styleUrl>#msn_ylw-pushpin4601</styleUrl>
				<Polygon>
					<tessellate>1</tessellate>
					<outerBoundaryIs>
						<LinearRing>
							<coordinates>
								-71.52095507727179,-16.36192011739126,0 -71.52075833461622,-16.36217559147491,0 -71.52070392317782,-16.36225227496031,0 -71.52047321563397,-16.36209566512367,0 -71.52028569994668,-16.36197803926258,0 -71.52035224879489,-16.36190209412191,0 -71.52095507727179,-16.36192011739126,0 
							</coordinates>
						</LinearRing>
					</outerBoundaryIs>
				</Polygon>
			</Placemark>
			<Placemark>
				<name>1.1.79-3</name>
				<styleUrl>#msn_ylw-pushpin4601</styleUrl>
				<Polygon>
					<tessellate>1</tessellate>
					<outerBoundaryIs>
						<LinearRing>
							<coordinates>
								-71.52107208767033,-16.3624978917635,0 -71.52075251444703,-16.36229051588146,0 -71.5208896256393,-16.36210830541014,0 -71.52102151366837,-16.36192139978306,0 -71.52148943348405,-16.36196268718614,0 -71.52107208767033,-16.3624978917635,0 
							</coordinates>
						</LinearRing>
					</outerBoundaryIs>
				</Polygon>
			</Placemark>
			<Placemark>
				<name>1.1.79-4</name>
				<styleUrl>#msn_ylw-pushpin4601</styleUrl>
				<Polygon>
					<tessellate>1</tessellate>
					<outerBoundaryIs>
						<LinearRing>
							<coordinates>
								-71.52328890191515,-16.36250177670913,0 -71.52296483699645,-16.36320319108197,0 -71.52242014836662,-16.36392006372469,0 -71.52135149102494,-16.36322540249308,0 -71.52086086776484,-16.36290726558624,0 -71.52137211802612,-16.36223367351681,0 -71.52167756980572,-16.36182617406027,0 -71.52328890191515,-16.36250177670913,0 
							</coordinates>
						</LinearRing>
					</outerBoundaryIs>
				</Polygon>
			</Placemark>
			<Placemark>
				<name>1.1.79-5</name>
				<styleUrl>#msn_ylw-pushpin4601</styleUrl>
				<Polygon>
					<tessellate>1</tessellate>
					<outerBoundaryIs>
						<LinearRing>
							<coordinates>
								-71.52371384486615,-16.36428753693205,0 -71.52342809168694,-16.3646649184606,0 -71.52282891038044,-16.36424474629989,0 -71.52256725916349,-16.36406232136061,0 -71.52250173548299,-16.36401149225495,0 -71.52271047057705,-16.36374633947334,0 -71.52280097285825,-16.36363274921906,0 -71.52371384486615,-16.36428753693205,0 
							</coordinates>
						</LinearRing>
					</outerBoundaryIs>
				</Polygon>
			</Placemark>
			<Placemark>
				<name>1.1.79-6</name>
				<styleUrl>#msn_ylw-pushpin4601</styleUrl>
				<Polygon>
					<tessellate>1</tessellate>
					<outerBoundaryIs>
						<LinearRing>
							<coordinates>
								-71.52480230613261,-16.36541992264238,0 -71.52457053341749,-16.3655830427093,0 -71.52438911565505,-16.36570425305365,0 -71.52406662443572,-16.36524964954508,0 -71.52396640313439,-16.36511228862468,0 -71.52381323018456,-16.36496064139217,0 -71.52361377440937,-16.36478696419701,0 -71.52351985507978,-16.36472117564324,0 -71.52364795298911,-16.36453530093315,0 -71.52379149300916,-16.36433256533988,0 -71.524074929151,-16.36455497009012,0 -71.52426011384222,-16.36470143730696,0 -71.52436646488023,-16.36476963243061,0 -71.52480230613261,-16.36541992264238,0 
							</coordinates>
						</LinearRing>
					</outerBoundaryIs>
				</Polygon>
			</Placemark>
			<Placemark>
				<name>1.1.79-7</name>
				<styleUrl>#msn_ylw-pushpin4601</styleUrl>
				<Polygon>
					<tessellate>1</tessellate>
					<outerBoundaryIs>
						<LinearRing>
							<coordinates>
								-71.52430370156283,-16.36574615795017,0 -71.52408065970475,-16.36590211087335,0 -71.52391034481802,-16.36600674518601,0 -71.52376300093061,-16.36578798758825,0 -71.52361095380071,-16.36559507988276,0 -71.52350050452397,-16.36547847690453,0 -71.52335422997163,-16.36536593788775,0 -71.5232320772426,-16.36527655143208,0 -71.52314334376796,-16.36521940561321,0 -71.52326378781665,-16.36506409068873,0 -71.52340920128827,-16.36487292582672,0 -71.52344890118664,-16.36481546437921,0 -71.52365790845845,-16.36497209763879,0 -71.52382572928896,-16.36512133130497,0 -71.52391715635345,-16.36522714370338,0 -71.52430370156283,-16.36574615795017,0 
							</coordinates>
						</LinearRing>
					</outerBoundaryIs>
				</Polygon>
			</Placemark>
			<Placemark>
				<name>1.1.79-8</name>
				<styleUrl>#msn_ylw-pushpin4601</styleUrl>
				<Polygon>
					<tessellate>1</tessellate>
					<outerBoundaryIs>
						<LinearRing>
							<coordinates>
								-71.52376541236276,-16.36614919251645,0 -71.52355088132414,-16.36609559107954,0 -71.52337724418771,-16.36602616151598,0 -71.52317859368127,-16.36594788752049,0 -71.52314502146051,-16.36591504763701,0 -71.52307101353651,-16.36584499928366,0 -71.52300199229084,-16.36578698545675,0 -71.52280316266533,-16.36565346603244,0 -71.52293456110831,-16.36547794352046,0 -71.52309066982501,-16.36528143843399,0 -71.52323435923445,-16.36538875342117,0 -71.52336763956542,-16.36550639175813,0 -71.52353882069254,-16.36566684338457,0 -71.52371019726283,-16.36583671277897,0 -71.52388995371155,-16.36602851808307,0 -71.52376541236276,-16.36614919251645,0 
							</coordinates>
						</LinearRing>
					</outerBoundaryIs>
				</Polygon>
			</Placemark>
			<Placemark>
				<name>1.1.79-9</name>
				<styleUrl>#msn_ylw-pushpin4601</styleUrl>
				<Polygon>
					<tessellate>1</tessellate>
					<outerBoundaryIs>
						<LinearRing>
							<coordinates>
								-71.52362694513083,-16.36621563761816,0 -71.52328264199214,-16.36615745467986,0 -71.52267849578345,-16.36600629238648,0 -71.52257445126423,-16.36592974613874,0 -71.52275725831703,-16.36569982392976,0 -71.52293045667828,-16.36583042446592,0 -71.52308147301102,-16.3659298852963,0 -71.52332390748184,-16.36605393308441,0 -71.52369799602596,-16.36617307718761,0 -71.52365636742415,-16.36619908857682,0 -71.52362694513083,-16.36621563761816,0 
							</coordinates>
						</LinearRing>
					</outerBoundaryIs>
				</Polygon>
			</Placemark>
			<Placemark>
				<name>1.1.79-10</name>
				<styleUrl>#msn_ylw-pushpin4601</styleUrl>
				<Polygon>
					<tessellate>1</tessellate>
					<outerBoundaryIs>
						<LinearRing>
							<coordinates>
								-71.522696053212,-16.36565988667051,0 -71.52250631896234,-16.36588531497713,0 -71.52157333973004,-16.36523460147437,0 -71.52175724896036,-16.36499922200498,0 -71.522696053212,-16.36565988667051,0 
							</coordinates>
						</LinearRing>
					</outerBoundaryIs>
				</Polygon>
			</Placemark>
			<Placemark>
				<name>1.1.79-11</name>
				<styleUrl>#msn_ylw-pushpin4601</styleUrl>
				<Polygon>
					<tessellate>1</tessellate>
					<outerBoundaryIs>
						<LinearRing>
							<coordinates>
								-71.52301758646477,-16.36522455173017,0 -71.52283800637998,-16.36545756902959,0 -71.52272757077758,-16.36560114673243,0 -71.52239050008082,-16.36537694798609,0 -71.52211274176678,-16.36516835820645,0 -71.52188299800112,-16.36500541069346,0 -71.52179643377245,-16.36494569100611,0 -71.52202812298808,-16.36467646181594,0 -71.52210816547375,-16.36459135595663,0 -71.52301758646477,-16.36522455173017,0 
							</coordinates>
						</LinearRing>
					</outerBoundaryIs>
				</Polygon>
			</Placemark>
			<Placemark>
				<name>1.1.79-12</name>
				<styleUrl>#msn_ylw-pushpin4601</styleUrl>
				<Polygon>
					<tessellate>1</tessellate>
					<outerBoundaryIs>
						<LinearRing>
							<coordinates>
								-71.52337562664398,-16.36475928705188,0 -71.52320561494881,-16.36497852051627,0 -71.5230741537882,-16.36513935727731,0 -71.5225639626172,-16.36479030492569,0 -71.52215594788733,-16.3645066700039,0 -71.52233456462113,-16.36425782352863,0 -71.52244978912836,-16.36411895073951,0 -71.52337562664398,-16.36475928705188,0 
							</coordinates>
						</LinearRing>
					</outerBoundaryIs>
				</Polygon>
			</Placemark>
			<Placemark>
				<name>1.1.79-14</name>
				<styleUrl>#msn_ylw-pushpin4601</styleUrl>
				<Polygon>
					<tessellate>1</tessellate>
					<outerBoundaryIs>
						<LinearRing>
							<coordinates>
								-71.52143795854946,-16.36479800930704,0 -71.52134223385607,-16.36492826367739,0 -71.52092489426667,-16.3647296620243,0 -71.52065159204324,-16.36465676448373,0 -71.52039827026266,-16.36447773339974,0 -71.5202508641663,-16.36435306771487,0 -71.52017015705236,-16.36422737513731,0 -71.52002529346576,-16.36400659961631,0 -71.52012813833451,-16.3638688996772,0 -71.52143795854946,-16.36479800930704,0 
							</coordinates>
						</LinearRing>
					</outerBoundaryIs>
				</Polygon>
			</Placemark>
			<Placemark>
				<name>1.1.79-15</name>
				<styleUrl>#msn_ylw-pushpin4601</styleUrl>
				<Polygon>
					<tessellate>1</tessellate>
					<outerBoundaryIs>
						<LinearRing>
							<coordinates>
								-71.52123444076157,-16.36398068417643,0 -71.52095058931683,-16.36436448069598,0 -71.52049862794948,-16.36405141137021,0 -71.52018010824672,-16.3638246880092,0 -71.52046985721174,-16.36344911602302,0 -71.52086559025454,-16.36371508576962,0 -71.52123444076157,-16.36398068417643,0 
							</coordinates>
						</LinearRing>
					</outerBoundaryIs>
				</Polygon>
			</Placemark>
			<Placemark>
				<name>1.1.79-16</name>
				<styleUrl>#msn_ylw-pushpin4601</styleUrl>
				<Polygon>
					<tessellate>1</tessellate>
					<outerBoundaryIs>
						<LinearRing>
							<coordinates>
								-71.52156733754755,-16.36353037800806,0 -71.52127397721434,-16.36391512076189,0 -71.52091086107015,-16.36366974631785,0 -71.52065493571517,-16.3634906729641,0 -71.52050257847327,-16.36338291289766,0 -71.52066716682803,-16.36316890631808,0 -71.52078685693778,-16.36300616809455,0 -71.52156733754755,-16.36353037800806,0 
							</coordinates>
						</LinearRing>
					</outerBoundaryIs>
				</Polygon>
			</Placemark>
			<Placemark>
				<name>1.1.79-17</name>
				<styleUrl>#msn_ylw-pushpin4601</styleUrl>
				<Polygon>
					<tessellate>1</tessellate>
					<outerBoundaryIs>
						<LinearRing>
							<coordinates>
								-71.52072729651422,-16.36295822689347,0 -71.52043666825681,-16.36334401351814,0 -71.51966024822578,-16.3628036569838,0 -71.51995086350333,-16.36242723139146,0 -71.52072729651422,-16.36295822689347,0 
							</coordinates>
						</LinearRing>
					</outerBoundaryIs>
				</Polygon>
			</Placemark>
			<Placemark>
				<name>1.1.79-18</name>
				<styleUrl>#msn_ylw-pushpin4601</styleUrl>
				<Polygon>
					<tessellate>1</tessellate>
					<outerBoundaryIs>
						<LinearRing>
							<coordinates>
								-71.52039560085701,-16.36339191334324,0 -71.5202508472854,-16.36359246951279,0 -71.52011824030852,-16.36378030116743,0 -71.51979128951056,-16.36356018969938,0 -71.51956515295488,-16.36340666517852,0 -71.51933397179813,-16.36324519755025,0 -71.51949701733734,-16.36302760410639,0 -71.51962274985742,-16.36286151191252,0 -71.51999849463047,-16.36311941080029,0 -71.52039560085701,-16.36339191334324,0 
							</coordinates>
						</LinearRing>
					</outerBoundaryIs>
				</Polygon>
			</Placemark>
			<Placemark>
				<name>1.1.79-19</name>
				<styleUrl>#msn_ylw-pushpin4601</styleUrl>
				<Polygon>
					<tessellate>1</tessellate>
					<outerBoundaryIs>
						<LinearRing>
							<coordinates>
								-71.51995685507397,-16.36399479371939,0 -71.51908851314384,-16.3635758414152,0 -71.51928515166799,-16.36329418010921,0 -71.51952886756256,-16.36346322215947,0 -71.51979351878703,-16.36363822028041,0 -71.52006948814005,-16.36383523946389,0 -71.51995685507397,-16.36399479371939,0 
							</coordinates>
						</LinearRing>
					</outerBoundaryIs>
				</Polygon>
			</Placemark>
			<Placemark>
				<name>1.1.79-20</name>
				<styleUrl>#msn_ylw-pushpin4601</styleUrl>
				<Polygon>
					<tessellate>1</tessellate>
					<outerBoundaryIs>
						<LinearRing>
							<coordinates>
								-71.5191847335376,-16.36330968330651,0 -71.51903545151059,-16.36352780887544,0 -71.5187682434649,-16.36349819899784,0 -71.51847747626633,-16.36342975837069,0 -71.5182840186871,-16.36337894984692,0 -71.51796452839055,-16.36330473408516,0 -71.51800471228876,-16.36310288777233,0 -71.51837458075202,-16.36318447727174,0 -71.51876387678402,-16.36325830290815,0 -71.5189859619411,-16.36329551647442,0 -71.5191847335376,-16.36330968330651,0 
							</coordinates>
						</LinearRing>
					</outerBoundaryIs>
				</Polygon>
			</Placemark>
			<Placemark>
				<name>1.1.79-21</name>
				<styleUrl>#msn_ylw-pushpin4601</styleUrl>
				<Polygon>
					<tessellate>1</tessellate>
					<outerBoundaryIs>
						<LinearRing>
							<coordinates>
								-71.51792619052812,-16.36309253804075,0 -71.51789374414376,-16.36331078996308,0 -71.51723619071689,-16.36319140048214,0 -71.51715233656739,-16.36317422810054,0 -71.51713774600172,-16.36322230681529,0 -71.51694258547137,-16.36318331875054,0 -71.51699617307384,-16.36291960266309,0 -71.51792619052812,-16.36309253804075,0 
							</coordinates>
						</LinearRing>
					</outerBoundaryIs>
				</Polygon>
			</Placemark>
			<Placemark>
				<name>1.1.79-23</name>
				<styleUrl>#msn_ylw-pushpin4601</styleUrl>
				<Polygon>
					<tessellate>1</tessellate>
					<outerBoundaryIs>
						<LinearRing>
							<coordinates>
								-71.51702975397848,-16.36238049697509,0 -71.5169313057507,-16.36283537616286,0 -71.51648128359655,-16.36274791413185,0 -71.51619385573063,-16.36269810727076,0 -71.51599585479067,-16.36267823278292,0 -71.51609135168155,-16.362196352812,0 -71.51660319701593,-16.36228627647527,0 -71.51702975397848,-16.36238049697509,0 
							</coordinates>
						</LinearRing>
					</outerBoundaryIs>
				</Polygon>
			</Placemark>
			<Placemark>
				<name>1.1.79-24</name>
				<styleUrl>#msn_ylw-pushpin4601</styleUrl>
				<Polygon>
					<tessellate>1</tessellate>
					<outerBoundaryIs>
						<LinearRing>
							<coordinates>
								-71.51803289949231,-16.36257888993599,0 -71.51793821048317,-16.3630278386116,0 -71.5175662335953,-16.36296447136765,0 -71.51719381164243,-16.36288677594538,0 -71.51700092355628,-16.36285757019148,0 -71.51710184188471,-16.36238918915719,0 -71.51762340743994,-16.36249061109597,0 -71.51803289949231,-16.36257888993599,0 
							</coordinates>
						</LinearRing>
					</outerBoundaryIs>
				</Polygon>
			</Placemark>
			<Placemark>
				<name>1.1.79-25</name>
				<styleUrl>#msn_ylw-pushpin4601</styleUrl>
				<Polygon>
					<tessellate>1</tessellate>
					<outerBoundaryIs>
						<LinearRing>
							<coordinates>
								-71.51904848023811,-16.36276296613257,0 -71.51896386461425,-16.36313671573118,0 -71.51894885653972,-16.36322377427289,0 -71.51883762904801,-16.36321332661888,0 -71.51839669809495,-16.36312084854676,0 -71.51816191185294,-16.36307128781975,0 -71.51801513626802,-16.36304304477849,0 -71.51807030106312,-16.3627739652148,0 -71.51810718909805,-16.36258140707278,0 -71.518617829905,-16.36268730412863,0 -71.51904848023811,-16.36276296613257,0 
							</coordinates>
						</LinearRing>
					</outerBoundaryIs>
				</Polygon>
			</Placemark>
			<Placemark>
				<name>1.1.79-26</name>
				<styleUrl>#msn_ylw-pushpin4601</styleUrl>
				<Polygon>
					<tessellate>1</tessellate>
					<outerBoundaryIs>
						<LinearRing>
							<coordinates>
								-71.51952937266533,-16.36283994726287,0 -71.51926845321121,-16.36320373562265,0 -71.51902237615812,-16.36323705086528,0 -71.51912327455972,-16.36278041243807,0 -71.51952937266533,-16.36283994726287,0 
							</coordinates>
						</LinearRing>
					</outerBoundaryIs>
				</Polygon>
			</Placemark>
			<Placemark>
				<name>1.1.79-27</name>
				<styleUrl>#msn_ylw-pushpin4601</styleUrl>
				<Polygon>
					<tessellate>1</tessellate>
					<outerBoundaryIs>
						<LinearRing>
							<coordinates>
								-71.51915136376891,-16.36223845288565,0 -71.51909867563182,-16.36251798149654,0 -71.51906390957457,-16.3626910290032,0 -71.51867822591279,-16.36262758880614,0 -71.51832685069725,-16.36255844599153,0 -71.51811919168985,-16.36251725999328,0 -71.51818036493367,-16.36227156831066,0 -71.51822617821057,-16.36205513586836,0 -71.51867491408409,-16.36213679533108,0 -71.51915136376891,-16.36223845288565,0 
							</coordinates>
						</LinearRing>
					</outerBoundaryIs>
				</Polygon>
			</Placemark>
			<Placemark>
				<name>1.1.79-28</name>
				<styleUrl>#msn_ylw-pushpin4601</styleUrl>
				<Polygon>
					<tessellate>1</tessellate>
					<outerBoundaryIs>
						<LinearRing>
							<coordinates>
								-71.51814633721902,-16.36203622439155,0 -71.51807875695944,-16.36234716536273,0 -71.51804336813848,-16.36249790355275,0 -71.51759642563829,-16.36242004560213,0 -71.517234333822,-16.36234775636264,0 -71.51711951091713,-16.36232834958601,0 -71.51721775930804,-16.36185953045478,0 -71.51776975358091,-16.36196790822069,0 -71.51814633721902,-16.36203622439155,0 
							</coordinates>
						</LinearRing>
					</outerBoundaryIs>
				</Polygon>
			</Placemark>
			<Placemark>
				<name>1.1.79-29</name>
				<styleUrl>#msn_ylw-pushpin4601</styleUrl>
				<Polygon>
					<tessellate>1</tessellate>
					<outerBoundaryIs>
						<LinearRing>
							<coordinates>
								-71.5171389019563,-16.36184608085972,0 -71.51709133179523,-16.36208547460742,0 -71.5170386119607,-16.36231234411117,0 -71.51661345404287,-16.362234949949,0 -71.5162882203452,-16.36216578020804,0 -71.51611029238973,-16.36213028574141,0 -71.51616558286871,-16.36187405434587,0 -71.51620103365225,-16.36167558829817,0 -71.5167997085785,-16.36178420250298,0 -71.5171389019563,-16.36184608085972,0 
							</coordinates>
						</LinearRing>
					</outerBoundaryIs>
				</Polygon>
			</Placemark>
			<Placemark>
				<name>1.1.80-1</name>
				<styleUrl>#msn_ylw-pushpin4601</styleUrl>
				<Polygon>
					<tessellate>1</tessellate>
					<outerBoundaryIs>
						<LinearRing>
							<coordinates>
								-71.52537297246111,-16.36504860270741,0 -71.52499260830929,-16.36529892840439,0 -71.52487093921521,-16.36538327995361,0 -71.52460985179034,-16.36503680183285,0 -71.52442925489139,-16.36478156497827,0 -71.52427328752928,-16.36463360145105,0 -71.52414457137637,-16.36451188731035,0 -71.52398564844336,-16.36439709048443,0 -71.52382636276846,-16.36428388436935,0 -71.5239579654356,-16.36411821649114,0 -71.52407279520946,-16.36399378206689,0 -71.52440104155467,-16.36421210307087,0 -71.52465417878686,-16.3643928679892,0 -71.52476105390677,-16.36450779604872,0 -71.52477860868709,-16.3645847243957,0 -71.52480996193093,-16.36464849502166,0 -71.52484998458478,-16.36468927748653,0 -71.52492818690708,-16.36474302087231,0 -71.52498798299655,-16.36477650472506,0 -71.52510115944426,-16.36491516552949,0 -71.52520177596966,-16.36486067899401,0 -71.52537297246111,-16.36504860270741,0 
							</coordinates>
						</LinearRing>
					</outerBoundaryIs>
				</Polygon>
			</Placemark>
			<Placemark>
				<name>1.1.80-2</name>
				<styleUrl>#msn_ylw-pushpin4601</styleUrl>
				<Polygon>
					<tessellate>1</tessellate>
					<outerBoundaryIs>
						<LinearRing>
							<coordinates>
								-71.52398078788532,-16.36397464878283,0 -71.52384355511106,-16.3641256699338,0 -71.52375601609357,-16.3642365727169,0 -71.52356220495439,-16.36409730331226,0 -71.52333793381754,-16.36394842922665,0 -71.52313355368767,-16.3637917830871,0 -71.52296839520298,-16.36368181854106,0 -71.52282398338694,-16.36358015056331,0 -71.52294757216247,-16.36339866027549,0 -71.52306682278716,-16.36324595964156,0 -71.52316849254399,-16.3633179595128,0 -71.52309292663934,-16.36342978407356,0 -71.52327221883478,-16.3635490687417,0 -71.52337481695021,-16.36339952927018,0 -71.52361620237224,-16.36354924262122,0 -71.52398078788532,-16.36397464878283,0 
							</coordinates>
						</LinearRing>
					</outerBoundaryIs>
				</Polygon>
			</Placemark>
			<Placemark>
				<name>1.1.80-3</name>
				<styleUrl>#msn_ylw-pushpin4601</styleUrl>
				<Polygon>
					<tessellate>1</tessellate>
					<outerBoundaryIs>
						<LinearRing>
							<coordinates>
								-71.52334068467196,-16.36266578417526,0 -71.52354474061298,-16.36279386142729,0 -71.52369329262018,-16.36309630228037,0 -71.52397814793808,-16.3632263638146,0 -71.524275441334,-16.36335860133223,0 -71.52412235664883,-16.36367164036613,0 -71.52380687121156,-16.36356086359891,0 -71.52359145624922,-16.36344211267395,0 -71.52305757181591,-16.36319094058607,0 -71.52334068467196,-16.36266578417526,0 
							</coordinates>
						</LinearRing>
					</outerBoundaryIs>
				</Polygon>
			</Placemark>
			<Placemark>
				<name>1.1.81-3</name>
				<styleUrl>#msn_ylw-pushpin4601</styleUrl>
				<Polygon>
					<tessellate>1</tessellate>
					<outerBoundaryIs>
						<LinearRing>
							<coordinates>
								-71.52848369870266,-16.36833792419278,0 -71.52836995188021,-16.36846692250857,0 -71.52826131916487,-16.36857665582387,0 -71.52795095936936,-16.36873287465043,0 -71.52777810085482,-16.36844311879156,0 -71.52766867239649,-16.36828723035916,0 -71.52755354053571,-16.36816181393727,0 -71.52773447991417,-16.36803549335489,0 -71.52789592271655,-16.36790579627609,0 -71.52806625881135,-16.36812806573099,0 -71.52818722125481,-16.36832008226848,0 -71.52830045987592,-16.36820304944945,0 -71.52848369870266,-16.36833792419278,0 
							</coordinates>
						</LinearRing>
					</outerBoundaryIs>
				</Polygon>
			</Placemark>
			<Placemark>
				<name>1.1.81-4</name>
				<styleUrl>#msn_ylw-pushpin4601</styleUrl>
				<Polygon>
					<tessellate>1</tessellate>
					<outerBoundaryIs>
						<LinearRing>
							<coordinates>
								-71.52875588983966,-16.3679753144733,0 -71.52867992346131,-16.36809288309559,0 -71.52860060070634,-16.36818831603888,0 -71.52853212077136,-16.36829563158254,0 -71.52831367359956,-16.36813949996412,0 -71.52824391062954,-16.36809834533269,0 -71.52810065201345,-16.36798847459563,0 -71.52799186517254,-16.36789605148978,0 -71.52793337578989,-16.36785133676247,0 -71.52802063210532,-16.36775764901339,0 -71.52809220151322,-16.36768109669461,0 -71.52816661327243,-16.36759678529959,0 -71.52826220266986,-16.36766930851139,0 -71.52837584293908,-16.36774998724464,0 -71.52850143218424,-16.36783358220556,0 -71.52875588983966,-16.3679753144733,0 
							</coordinates>
						</LinearRing>
					</outerBoundaryIs>
				</Polygon>
			</Placemark>
			<Placemark>
				<name>1.1.81-5</name>
				<styleUrl>#msn_ylw-pushpin4601</styleUrl>
				<Polygon>
					<tessellate>1</tessellate>
					<outerBoundaryIs>
						<LinearRing>
							<coordinates>
								-71.52814373362851,-16.36753969043879,0 -71.52802641996442,-16.3676710407524,0 -71.52787512568464,-16.36782363599349,0 -71.52766745680439,-16.36765278480122,0 -71.5275160428063,-16.36753118971687,0 -71.52732627263867,-16.36738338695815,0 -71.5274739663802,-16.36723957611061,0 -71.52757022638083,-16.36715595077743,0 -71.52768651387478,-16.36705410024112,0 -71.52814373362851,-16.36753969043879,0 
							</coordinates>
						</LinearRing>
					</outerBoundaryIs>
				</Polygon>
			</Placemark>
			<Placemark>
				<name>1.1.81-6</name>
				<styleUrl>#msn_ylw-pushpin4601</styleUrl>
				<Polygon>
					<tessellate>1</tessellate>
					<outerBoundaryIs>
						<LinearRing>
							<coordinates>
								-71.52706947106506,-16.36748007724617,0 -71.5269807179953,-16.3673513022877,0 -71.52686091803444,-16.36721398444048,0 -71.52695781142081,-16.36712939933501,0 -71.52709202450846,-16.36701384063844,0 -71.52724471340058,-16.36688137738979,0 -71.52744404243057,-16.36672157110893,0 -71.52752015330569,-16.36681965526645,0 -71.52765395804512,-16.36699510418443,0 -71.52706947106506,-16.36748007724617,0 
							</coordinates>
						</LinearRing>
					</outerBoundaryIs>
				</Polygon>
			</Placemark>
			<Placemark>
				<name>1.1.81-7</name>
				<styleUrl>#msn_ylw-pushpin4601</styleUrl>
				<Polygon>
					<tessellate>1</tessellate>
					<outerBoundaryIs>
						<LinearRing>
							<coordinates>
								-71.52697166879223,-16.36706035024958,0 -71.52682185095473,-16.3671706648761,0 -71.52674204546156,-16.36706259025774,0 -71.52661758878797,-16.36689396764428,0 -71.52676256797133,-16.366768754681,0 -71.52687745678217,-16.3666667153347,0 -71.52700747893374,-16.36654080693094,0 -71.52718834959174,-16.3664031613969,0 -71.5272866955542,-16.36651056823898,0 -71.5274117734144,-16.36668612916724,0 -71.52697166879223,-16.36706035024958,0 
							</coordinates>
						</LinearRing>
					</outerBoundaryIs>
				</Polygon>
			</Placemark>
			<Placemark>
				<name>1.1.81-8</name>
				<styleUrl>#msn_ylw-pushpin4601</styleUrl>
				<Polygon>
					<tessellate>1</tessellate>
					<outerBoundaryIs>
						<LinearRing>
							<coordinates>
								-71.52709717539669,-16.36638726495349,0 -71.5268092610539,-16.3666355089877,0 -71.52666557273332,-16.36677631121154,0 -71.52658574372482,-16.36684307440181,0 -71.52643687984771,-16.36662996958013,0 -71.52631624696264,-16.36647010545588,0 -71.52617485204185,-16.36627995372286,0 -71.52648724782337,-16.36642685464669,0 -71.52671420105099,-16.36645315343164,0 -71.52688969752181,-16.3664338243563,0 -71.52703842935318,-16.3664029857109,0 -71.52709717539669,-16.36638726495349,0 
							</coordinates>
						</LinearRing>
					</outerBoundaryIs>
				</Polygon>
			</Placemark>
			<Placemark>
				<name>1.1.81-9</name>
				<styleUrl>#msn_ylw-pushpin4601</styleUrl>
				<Polygon>
					<tessellate>1</tessellate>
					<outerBoundaryIs>
						<LinearRing>
							<coordinates>
								-71.52706467676394,-16.36760661010933,0 -71.52680698476608,-16.36777793380342,0 -71.52665340859541,-16.36787582868093,0 -71.52632239258629,-16.36740775415289,0 -71.52601109469948,-16.36698261558204,0 -71.52579473603294,-16.36668457542133,0 -71.52568260006657,-16.36650528475149,0 -71.5259163872384,-16.36636876254549,0 -71.52613315789766,-16.36628475847417,0 -71.52635459201183,-16.36663927677058,0 -71.52706467676394,-16.36760661010933,0 
							</coordinates>
						</LinearRing>
					</outerBoundaryIs>
				</Polygon>
			</Placemark>
			<Placemark>
				<name>1.1.81-10</name>
				<styleUrl>#msn_ylw-pushpin4601</styleUrl>
				<Polygon>
					<tessellate>1</tessellate>
					<outerBoundaryIs>
						<LinearRing>
							<coordinates>
								-71.52606788750948,-16.36621544149683,0 -71.52577733220993,-16.36635333295455,0 -71.52562795778913,-16.36643706035978,0 -71.52548354323967,-16.36623710303141,0 -71.52534372683408,-16.36606538698829,0 -71.52516563461873,-16.36582447909253,0 -71.52502197558901,-16.36560199170538,0 -71.52490053614468,-16.36544147454087,0 -71.52503914626234,-16.36535016505887,0 -71.52516750224576,-16.36526130554482,0 -71.52529981387306,-16.36518767278258,0 -71.52572637832546,-16.36574854196031,0 -71.52606788750948,-16.36621544149683,0 
							</coordinates>
						</LinearRing>
					</outerBoundaryIs>
				</Polygon>
			</Placemark>
			<Placemark>
				<name>1.1.81-11</name>
				<styleUrl>#msn_ylw-pushpin4601</styleUrl>
				<Polygon>
					<tessellate>1</tessellate>
					<outerBoundaryIs>
						<LinearRing>
							<coordinates>
								-71.52613489649715,-16.36618190491076,0 -71.52592289598755,-16.36590875710429,0 -71.52569351063393,-16.36560621269013,0 -71.52546166332888,-16.36531161242854,0 -71.52533337021663,-16.36515960631965,0 -71.52556888656467,-16.36499182595657,0 -71.52575224701403,-16.36511513968036,0 -71.52596149788263,-16.36523888487322,0 -71.52612008203491,-16.36543775078234,0 -71.52636775688349,-16.36573874709751,0 -71.526452560167,-16.36588555273553,0 -71.52641481757765,-16.36599977966376,0 -71.52613489649715,-16.36618190491076,0 
							</coordinates>
						</LinearRing>
					</outerBoundaryIs>
				</Polygon>
			</Placemark>
			<Placemark>
				<name>1.1.82-1</name>
				<styleUrl>#msn_ylw-pushpin4601</styleUrl>
				<Polygon>
					<tessellate>1</tessellate>
					<outerBoundaryIs>
						<LinearRing>
							<coordinates>
								-71.53050736110133,-16.37021574667948,0 -71.53029475127853,-16.37042823608561,0 -71.53010718924244,-16.37062039535398,0 -71.52989128566078,-16.37083008012333,0 -71.52982400796543,-16.37048650011152,0 -71.52977728561828,-16.37020848479299,0 -71.52973397289348,-16.36993232745339,0 -71.52970450841082,-16.36974415943259,0 -71.52967804973659,-16.36945246004465,0 -71.53050736110133,-16.37021574667948,0 
							</coordinates>
						</LinearRing>
					</outerBoundaryIs>
				</Polygon>
			</Placemark>
			<Placemark>
				<name>1.1.82-2</name>
				<styleUrl>#msn_ylw-pushpin4601</styleUrl>
				<Polygon>
					<tessellate>1</tessellate>
					<outerBoundaryIs>
						<LinearRing>
							<coordinates>
								-71.5308645392619,-16.36985110529254,0 -71.53070072562043,-16.37001585920864,0 -71.53057438423834,-16.37014739628043,0 -71.53020651491376,-16.36985058969547,0 -71.52990998762895,-16.36957493661957,0 -71.52970252797053,-16.36937466521544,0 -71.52960815008075,-16.36929517808811,0 -71.52956827219248,-16.36901047950587,0 -71.5295252172601,-16.36874339931333,0 -71.52949079925044,-16.36863602882276,0 -71.52953717754937,-16.36859264514701,0 -71.5308645392619,-16.36985110529254,0 
							</coordinates>
						</LinearRing>
					</outerBoundaryIs>
				</Polygon>
			</Placemark>
			<Placemark>
				<name>1.1.82-3</name>
				<styleUrl>#msn_ylw-pushpin4601</styleUrl>
				<Polygon>
					<tessellate>1</tessellate>
					<outerBoundaryIs>
						<LinearRing>
							<coordinates>
								-71.5303596278754,-16.36922984449051,0 -71.53032220373603,-16.36926422442304,0 -71.5298001987634,-16.36878162480904,0 -71.52964318312547,-16.36864124674828,0 -71.52942904462634,-16.36843287352136,0 -71.52921318328066,-16.36823061539502,0 -71.52906697341861,-16.36811075430175,0 -71.52883537155336,-16.36795457392441,0 -71.52904045234875,-16.3677062331965,0 -71.52924876947129,-16.36787822466646,0 -71.52940068207953,-16.3679911757163,0 -71.52951998486009,-16.36808646074899,0 -71.52958115893999,-16.36813139871653,0 -71.52968668591228,-16.36824655793092,0 -71.52982302812798,-16.36848910303841,0 -71.52999116114461,-16.36875925978222,0 -71.5303596278754,-16.36922984449051,0 
							</coordinates>
						</LinearRing>
					</outerBoundaryIs>
				</Polygon>
			</Placemark>
			<Placemark>
				<name>1.1.82-4</name>
				<styleUrl>#msn_ylw-pushpin4601</styleUrl>
				<Polygon>
					<tessellate>1</tessellate>
					<outerBoundaryIs>
						<LinearRing>
							<coordinates>
								-71.52936511754008,-16.36844271326867,0 -71.52944558203302,-16.36886060499286,0 -71.52951329022959,-16.36917855249222,0 -71.52937421153146,-16.36904896238343,0 -71.5291862786798,-16.36887711887882,0 -71.52892831667735,-16.36863993884979,0 -71.52870126368632,-16.36843998956266,0 -71.52859188490413,-16.36833147212026,0 -71.52871221786253,-16.36819114651218,0 -71.52886534932074,-16.36803482108848,0 -71.52909614755374,-16.36820895280477,0 -71.52936511754008,-16.36844271326867,0 
							</coordinates>
						</LinearRing>
					</outerBoundaryIs>
				</Polygon>
			</Placemark>
			<Placemark>
				<name>1.1.82-5</name>
				<styleUrl>#msn_ylw-pushpin4601</styleUrl>
				<Polygon>
					<tessellate>1</tessellate>
					<outerBoundaryIs>
						<LinearRing>
							<coordinates>
								-71.52960328662569,-16.36942210049314,0 -71.52944788825586,-16.36954053697838,0 -71.52959482155863,-16.36970740775107,0 -71.52966321093827,-16.36990968589772,0 -71.52966749215848,-16.36995851385474,0 -71.52951481050184,-16.37003907956001,0 -71.52940391235886,-16.36988394478063,0 -71.52930543730773,-16.36978218883132,0 -71.52918230323708,-16.36961262548596,0 -71.5289965946086,-16.36928610324327,0 -71.52881746966906,-16.36907811980849,0 -71.52866135613435,-16.3689323469673,0 -71.52847963689725,-16.36876866219645,0 -71.52832415429428,-16.36861363672765,0 -71.52857565391346,-16.36839800261311,0 -71.52887652043763,-16.36869120886822,0 -71.52916536138821,-16.36894975391595,0 -71.52950782417872,-16.36929158881531,0 -71.52960328662569,-16.36942210049314,0 
							</coordinates>
						</LinearRing>
					</outerBoundaryIs>
				</Polygon>
			</Placemark>
			<Placemark>
				<name>1.1.83-1</name>
				<styleUrl>#msn_ylw-pushpin4601</styleUrl>
				<Polygon>
					<tessellate>1</tessellate>
					<outerBoundaryIs>
						<LinearRing>
							<coordinates>
								-71.53002122665406,-16.37296701203282,0 -71.52998263921394,-16.37317080020681,0 -71.52963614302742,-16.37335174357213,0 -71.52917332163754,-16.37339802391126,0 -71.52916372268778,-16.3727266552718,0 -71.52915981748272,-16.37262149087128,0 -71.52908342622237,-16.37240017906969,0 -71.52938546354424,-16.37216811784176,0 -71.53006525834712,-16.37233134933346,0 -71.53002122665406,-16.37296701203282,0 
							</coordinates>
						</LinearRing>
					</outerBoundaryIs>
				</Polygon>
			</Placemark>
			<Placemark>
				<name>1.1.83-2</name>
				<styleUrl>#msn_ylw-pushpin4601</styleUrl>
				<Polygon>
					<tessellate>1</tessellate>
					<outerBoundaryIs>
						<LinearRing>
							<coordinates>
								-71.52989344606485,-16.37099540505193,0 -71.52994092045039,-16.37129365165479,0 -71.52994200551363,-16.37139626044689,0 -71.52988547089311,-16.37148552054827,0 -71.52994088536992,-16.37161385854686,0 -71.52991486560791,-16.37168392240206,0 -71.52984039118341,-16.3717028279773,0 -71.52979024960626,-16.37168009931403,0 -71.52969597940306,-16.37163096394576,0 -71.52969597453648,-16.37163012813469,0 -71.52959559437393,-16.37158991168554,0 -71.52952648896969,-16.37159008461627,0 -71.52949550605535,-16.37161953006455,0 -71.52949343919443,-16.37165245558274,0 -71.52969038016721,-16.37175720616036,0 -71.52984843918902,-16.37183713161674,0 -71.52996358136888,-16.37188880278342,0 -71.53011709511844,-16.37188763044876,0 -71.53025579135664,-16.37190781320746,0 -71.53032169460347,-16.37195334538239,0 -71.5303862533268,-16.37202963965674,0 -71.53040070293615,-16.37209404198317,0 -71.53039404752386,-16.3721677970822,0 -71.53036471709382,-16.3722331712971,0 -71.53024428564446,-16.37228323040786,0 -71.53012055311217,-16.37228476717867,0 -71.52967365308142,-16.37218865858658,0 -71.52944898821885,-16.37212059649405,0 -71.52948842550248,-16.37185215484102,0 -71.52947188078026,-16.37177948777283,0 -71.52943046080813,-16.37174491324737,0 -71.52923467321934,-16.37163043890535,0 -71.52905941643701,-16.37155555659719,0 -71.5290457046865,-16.37152125584529,0 -71.52904170627849,-16.37149428517649,0 -71.52905310945714,-16.37145963688763,0 -71.52908249403704,-16.37143261884718,0 -71.529287191222,-16.3713911922801,0 -71.52956401538454,-16.37133608831575,0 -71.52989344606485,-16.37099540505193,0 
							</coordinates>
						</LinearRing>
					</outerBoundaryIs>
				</Polygon>
			</Placemark>
			<Placemark>
				<name>1.1.83-3</name>
				<styleUrl>#msn_ylw-pushpin4601</styleUrl>
				<Polygon>
					<tessellate>1</tessellate>
					<outerBoundaryIs>
						<LinearRing>
							<coordinates>
								-71.53102855004778,-16.37147145906892,0 -71.53063970437755,-16.37165314557391,0 -71.53055072425359,-16.37166946268761,0 -71.53050284345416,-16.37179397135853,0 -71.53028979006497,-16.3717116145015,0 -71.53017386410158,-16.37167225164047,0 -71.53010627962226,-16.3715811764698,0 -71.53003932031167,-16.37146588400009,0 -71.53001229540618,-16.37133958372666,0 -71.52995981600598,-16.37119011496313,0 -71.52995694377778,-16.37091823812171,0 -71.53010475608657,-16.37077202966513,0 -71.53048348656759,-16.37074494318985,0 -71.53065895619925,-16.37119196577231,0 -71.53076708880533,-16.37139005999747,0 -71.53099964562151,-16.3713691656074,0 -71.53102855004778,-16.37147145906892,0 
							</coordinates>
						</LinearRing>
					</outerBoundaryIs>
				</Polygon>
			</Placemark>
			<Placemark>
				<name>1.1.83-4</name>
				<styleUrl>#msn_ylw-pushpin4601</styleUrl>
				<Polygon>
					<tessellate>1</tessellate>
					<outerBoundaryIs>
						<LinearRing>
							<coordinates>
								-71.5311754981651,-16.3713258114506,0 -71.53083927035156,-16.37133679315311,0 -71.53071789268394,-16.37124008357902,0 -71.53053495672897,-16.3707290809391,0 -71.53097053914972,-16.37071899022694,0 -71.53119676981835,-16.37072295515958,0 -71.5311754981651,-16.3713258114506,0 
							</coordinates>
						</LinearRing>
					</outerBoundaryIs>
				</Polygon>
			</Placemark>
			<Placemark>
				<name>1.1.83-5</name>
				<styleUrl>#msn_ylw-pushpin4601</styleUrl>
				<Polygon>
					<tessellate>1</tessellate>
					<outerBoundaryIs>
						<LinearRing>
							<coordinates>
								-71.53127469180096,-16.37066954790556,0 -71.53115180521986,-16.37070589979996,0 -71.53098693998933,-16.37066714358374,0 -71.53104053969587,-16.37056947327885,0 -71.5311523994158,-16.37038111189432,0 -71.53119933394778,-16.37029648891046,0 -71.5312681121386,-16.3701662266368,0 -71.53133613986776,-16.37000703068395,0 -71.53136234685682,-16.36990698699808,0 -71.53134062627689,-16.369811741478,0 -71.53129600023358,-16.36981812543268,0 -71.53130544109082,-16.36991651267954,0 -71.53127410973622,-16.37000238805877,0 -71.53105422769568,-16.36988073188673,0 -71.53119776619573,-16.3697316985642,0 -71.53142863775948,-16.36965222516643,0 -71.53149674165186,-16.36970077055769,0 -71.53156945138466,-16.36977888593223,0 -71.53163756653367,-16.36991556610833,0 -71.53163004382698,-16.37002736762155,0 -71.53159691121563,-16.37013699100221,0 -71.5314710744494,-16.37027000560673,0 -71.53138422871463,-16.37046708699503,0 -71.53127469180096,-16.37066954790556,0 
							</coordinates>
						</LinearRing>
					</outerBoundaryIs>
				</Polygon>
			</Placemark>
			<Placemark>
				<name>1.1.83-6</name>
				<styleUrl>#msn_ylw-pushpin4601</styleUrl>
				<Polygon>
					<tessellate>1</tessellate>
					<outerBoundaryIs>
						<LinearRing>
							<coordinates>
								-71.53026466315872,-16.36902146285471,0 -71.53037679189761,-16.36895167687245,0 -71.53049985975146,-16.36907116647848,0 -71.53037874488741,-16.36915690062468,0 -71.53026466315872,-16.36902146285471,0 
							</coordinates>
						</LinearRing>
					</outerBoundaryIs>
				</Polygon>
			</Placemark>
			<Placemark>
				<name>1.1.83-7</name>
				<styleUrl>#msn_ylw-pushpin4601</styleUrl>
				<Polygon>
					<tessellate>1</tessellate>
					<outerBoundaryIs>
						<LinearRing>
							<coordinates>
								-71.53008783148221,-16.36856152951864,0 -71.52995381168179,-16.36864460489122,0 -71.52978061163692,-16.3683963710981,0 -71.52970494368068,-16.3682620140261,0 -71.52959732850913,-16.36814393574646,0 -71.52943859332683,-16.36805341179597,0 -71.52929728913458,-16.36795539846008,0 -71.52915050987234,-16.36782879628479,0 -71.52895158736261,-16.36765648889267,0 -71.5290903082646,-16.36753616328052,0 -71.52921017554341,-16.36755425602919,0 -71.52922062598907,-16.3676816360335,0 -71.52929927681484,-16.36779213200359,0 -71.52941552934773,-16.36792089601981,0 -71.52966557871382,-16.36803305106704,0 -71.52989670298533,-16.36824632731738,0 -71.53008783148221,-16.36856152951864,0 
							</coordinates>
						</LinearRing>
					</outerBoundaryIs>
				</Polygon>
			</Placemark>
			<Placemark>
				<name>1.1.83-8</name>
				<styleUrl>#msn_ylw-pushpin4601</styleUrl>
				<Polygon>
					<tessellate>1</tessellate>
					<outerBoundaryIs>
						<LinearRing>
							<coordinates>
								-71.5312330319943,-16.37005469515529,0 -71.53089649846494,-16.37067150784028,0 -71.53025224674064,-16.37065730782424,0 -71.5302319705339,-16.3706236569009,0 -71.53097274204114,-16.36988247401523,0 -71.5312330319943,-16.37005469515529,0 
							</coordinates>
						</LinearRing>
					</outerBoundaryIs>
				</Polygon>
			</Placemark>
		</Folder>
		<Folder>
			<name>D</name>
			<Placemark>
				<name>1.1.53-37</name>
				<styleUrl>#msn_ylw-pushpin29001140</styleUrl>
				<Polygon>
					<tessellate>1</tessellate>
					<outerBoundaryIs>
						<LinearRing>
							<coordinates>
								-71.50408519968347,-16.35666589719114,0 -71.50389584038967,-16.35694139566811,0 -71.50325033014836,-16.35650913338794,0 -71.50334043772985,-16.35624082048119,0 -71.50408519968347,-16.35666589719114,0 
							</coordinates>
						</LinearRing>
					</outerBoundaryIs>
				</Polygon>
			</Placemark>
			<Placemark>
				<name>1.1.53-38</name>
				<styleUrl>#msn_ylw-pushpin29001140</styleUrl>
				<Polygon>
					<tessellate>1</tessellate>
					<outerBoundaryIs>
						<LinearRing>
							<coordinates>
								-71.50453243088447,-16.35687748749119,0 -71.50444666846862,-16.35701367359867,0 -71.50411406643578,-16.35682728067915,0 -71.50408906128156,-16.35678888038716,0 -71.50408874418856,-16.35678500515555,0 -71.50410243805698,-16.35672476740499,0 -71.50413588556408,-16.35670612292367,0 -71.50421388656886,-16.35671944998041,0 -71.50434743672442,-16.35678757561717,0 -71.50453243088447,-16.35687748749119,0 
							</coordinates>
						</LinearRing>
					</outerBoundaryIs>
				</Polygon>
			</Placemark>
			<Placemark>
				<name>1.1.53-39</name>
				<styleUrl>#msn_ylw-pushpin29001140</styleUrl>
				<Polygon>
					<tessellate>1</tessellate>
					<outerBoundaryIs>
						<LinearRing>
							<coordinates>
								-71.50445122190379,-16.35708853313257,0 -71.50434985358348,-16.35723796750884,0 -71.50394637782682,-16.35696473559537,0 -71.50404802998752,-16.3568384890359,0 -71.50445122190379,-16.35708853313257,0 
							</coordinates>
						</LinearRing>
					</outerBoundaryIs>
				</Polygon>
			</Placemark>
			<Placemark>
				<name>1.1.53-41</name>
				<styleUrl>#msn_ylw-pushpin29001140</styleUrl>
				<Polygon>
					<tessellate>1</tessellate>
					<outerBoundaryIs>
						<LinearRing>
							<coordinates>
								-71.50410928494247,-16.35758750490941,0 -71.50340188706146,-16.35712717912624,0 -71.50340668785262,-16.35694246168567,0 -71.50353899523873,-16.35677750539697,0 -71.50431696420472,-16.35729455564433,0 -71.50410928494247,-16.35758750490941,0 
							</coordinates>
						</LinearRing>
					</outerBoundaryIs>
				</Polygon>
			</Placemark>
			<Placemark>
				<name>1.1.53-42</name>
				<styleUrl>#msn_ylw-pushpin29001140</styleUrl>
				<Polygon>
					<tessellate>1</tessellate>
					<outerBoundaryIs>
						<LinearRing>
							<coordinates>
								-71.50384917822178,-16.35793586788056,0 -71.5032234953687,-16.35751757552482,0 -71.50345117300216,-16.35722455201847,0 -71.50408409225861,-16.35766848709127,0 -71.50384917822178,-16.35793586788056,0 
							</coordinates>
						</LinearRing>
					</outerBoundaryIs>
				</Polygon>
			</Placemark>
			<Placemark>
				<name>1.1.53-45</name>
				<styleUrl>#msn_ylw-pushpin29001140</styleUrl>
				<Polygon>
					<tessellate>1</tessellate>
					<outerBoundaryIs>
						<LinearRing>
							<coordinates>
								-71.5034473443677,-16.35878271919736,0 -71.50335213862054,-16.35900190889339,0 -71.50321756166159,-16.35911498539733,0 -71.50292273620983,-16.35886827512602,0 -71.50312652581968,-16.358584667781,0 -71.5034473443677,-16.35878271919736,0 
							</coordinates>
						</LinearRing>
					</outerBoundaryIs>
				</Polygon>
			</Placemark>
			<Placemark>
				<name>1.1.54-12</name>
				<styleUrl>#msn_ylw-pushpin29001140</styleUrl>
				<Polygon>
					<tessellate>1</tessellate>
					<outerBoundaryIs>
						<LinearRing>
							<coordinates>
								-71.50309941121616,-16.36016613549393,0 -71.50298152703854,-16.35987868109623,0 -71.50316322577754,-16.35960783284093,0 -71.50340224207467,-16.35975000457596,0 -71.50309941121616,-16.36016613549393,0 
							</coordinates>
						</LinearRing>
					</outerBoundaryIs>
				</Polygon>
			</Placemark>
			<Placemark>
				<name>1.1.54-13</name>
				<styleUrl>#msn_ylw-pushpin29001140</styleUrl>
				<Polygon>
					<tessellate>1</tessellate>
					<outerBoundaryIs>
						<LinearRing>
							<coordinates>
								-71.504226330447,-16.35948123378553,0 -71.50445777665159,-16.35962859299551,0 -71.50413764349331,-16.3601433105633,0 -71.50391052286001,-16.35998246046642,0 -71.504226330447,-16.35948123378553,0 
							</coordinates>
						</LinearRing>
					</outerBoundaryIs>
				</Polygon>
			</Placemark>
			<Placemark>
				<name>1.1.54-14</name>
				<styleUrl>#msn_ylw-pushpin29001140</styleUrl>
				<Polygon>
					<tessellate>1</tessellate>
					<outerBoundaryIs>
						<LinearRing>
							<coordinates>
								-71.50411153601476,-16.35877622130429,0 -71.50415371450518,-16.3590920484281,0 -71.50417534427584,-16.35932553967444,0 -71.50412142203584,-16.3594418002105,0 -71.50380561443119,-16.35992953609751,0 -71.50353955934904,-16.35980811955487,0 -71.50411153601476,-16.35877622130429,0 
							</coordinates>
						</LinearRing>
					</outerBoundaryIs>
				</Polygon>
			</Placemark>
			<Placemark>
				<name>1.1.54-15</name>
				<styleUrl>#msn_ylw-pushpin29001140</styleUrl>
				<Polygon>
					<tessellate>1</tessellate>
					<outerBoundaryIs>
						<LinearRing>
							<coordinates>
								-71.50343510390407,-16.35970265370564,0 -71.50319392436791,-16.3595905764166,0 -71.50323225445331,-16.35936669035714,0 -71.50360646507824,-16.3588229176155,0 -71.50389198621568,-16.35898273063706,0 -71.50343510390407,-16.35970265370564,0 
							</coordinates>
						</LinearRing>
					</outerBoundaryIs>
				</Polygon>
			</Placemark>
			<Placemark>
				<name>1.1.54-16</name>
				<styleUrl>#msn_ylw-pushpin29001140</styleUrl>
				<Polygon>
					<tessellate>1</tessellate>
					<outerBoundaryIs>
						<LinearRing>
							<coordinates>
								-71.50368087521412,-16.35846496323465,0 -71.50400037153587,-16.35796655189402,0 -71.50418422914396,-16.35806306204246,0 -71.50416043470806,-16.35846774821568,0 -71.50411609231718,-16.35850510668926,0 -71.50401659231224,-16.35856425744633,0 -71.50390301684634,-16.35893472944458,0 -71.50357596625247,-16.35873685014296,0 -71.50368087521412,-16.35846496323465,0 
							</coordinates>
						</LinearRing>
					</outerBoundaryIs>
				</Polygon>
			</Placemark>
			<Placemark>
				<name>1.1.54-17</name>
				<styleUrl>#msn_ylw-pushpin29001140</styleUrl>
				<Polygon>
					<tessellate>1</tessellate>
					<outerBoundaryIs>
						<LinearRing>
							<coordinates>
								-71.50449474646388,-16.35714791952655,0 -71.50465048419522,-16.3572807500495,0 -71.50446714083652,-16.35756317101865,0 -71.50430707621236,-16.35779043537221,0 -71.50423894036877,-16.35797203948293,0 -71.5040258819661,-16.35784854803358,0 -71.50449474646388,-16.35714791952655,0 
							</coordinates>
						</LinearRing>
					</outerBoundaryIs>
				</Polygon>
			</Placemark>
			<Placemark>
				<name>1.1.54-18</name>
				<styleUrl>#msn_ylw-pushpin29001140</styleUrl>
				<Polygon>
					<tessellate>1</tessellate>
					<outerBoundaryIs>
						<LinearRing>
							<coordinates>
								-71.50549947462206,-16.35778923983868,0 -71.50534590025217,-16.35802792026006,0 -71.50507011270398,-16.35769065597082,0 -71.50515122596632,-16.35754537255523,0 -71.50549947462206,-16.35778923983868,0 
							</coordinates>
						</LinearRing>
					</outerBoundaryIs>
				</Polygon>
			</Placemark>
			<Placemark>
				<name>1.1.54-20</name>
				<styleUrl>#msn_ylw-pushpin29001140</styleUrl>
				<Polygon>
					<tessellate>1</tessellate>
					<outerBoundaryIs>
						<LinearRing>
							<coordinates>
								-71.50558924058225,-16.35777678660227,0 -71.50499007996073,-16.3573440515025,0 -71.50457325366723,-16.35703509342833,0 -71.50463165536755,-16.35694065915676,0 -71.50516084548509,-16.35724575397303,0 -71.50570917445089,-16.35756537530078,0 -71.50558924058225,-16.35777678660227,0 
							</coordinates>
						</LinearRing>
					</outerBoundaryIs>
				</Polygon>
			</Placemark>
			<Placemark>
				<name>1.1.54-27</name>
				<styleUrl>#msn_ylw-pushpin29001140</styleUrl>
				<Polygon>
					<tessellate>1</tessellate>
					<outerBoundaryIs>
						<LinearRing>
							<coordinates>
								-71.50704796250952,-16.35762171712166,0 -71.50690820535388,-16.35770493816558,0 -71.50675336296065,-16.35791203745004,0 -71.50622910686089,-16.35775265480447,0 -71.50643216550276,-16.35742977795652,0 -71.50704796250952,-16.35762171712166,0 
							</coordinates>
						</LinearRing>
					</outerBoundaryIs>
				</Polygon>
			</Placemark>
			<Placemark>
				<name>1.1.54-28</name>
				<styleUrl>#msn_ylw-pushpin29001140</styleUrl>
				<Polygon>
					<tessellate>1</tessellate>
					<outerBoundaryIs>
						<LinearRing>
							<coordinates>
								-71.50656558935253,-16.35807038893236,0 -71.50623773735484,-16.35808292314958,0 -71.50605573899685,-16.35804012259436,0 -71.50615509918765,-16.35781487502054,0 -71.50672734176266,-16.35802487949798,0 -71.50656558935253,-16.35807038893236,0 
							</coordinates>
						</LinearRing>
					</outerBoundaryIs>
				</Polygon>
			</Placemark>
			<Placemark>
				<name>1.1.54-29</name>
				<styleUrl>#msn_ylw-pushpin29001140</styleUrl>
				<Polygon>
					<tessellate>1</tessellate>
					<outerBoundaryIs>
						<LinearRing>
							<coordinates>
								-71.50611383351102,-16.35780599092964,0 -71.50594466472653,-16.35812936126385,0 -71.50555354415867,-16.35789405721906,0 -71.50573585377317,-16.35757700858937,0 -71.50611383351102,-16.35780599092964,0 
							</coordinates>
						</LinearRing>
					</outerBoundaryIs>
				</Polygon>
			</Placemark>
			<Placemark>
				<name>1.1.54-30</name>
				<styleUrl>#msn_ylw-pushpin29001140</styleUrl>
				<Polygon>
					<tessellate>1</tessellate>
					<outerBoundaryIs>
						<LinearRing>
							<coordinates>
								-71.50582196668441,-16.35812929408013,0 -71.50572002393216,-16.35831411909392,0 -71.50540760944092,-16.35812677700332,0 -71.50553623003981,-16.35791893476349,0 -71.50582196668441,-16.35812929408013,0 
							</coordinates>
						</LinearRing>
					</outerBoundaryIs>
				</Polygon>
			</Placemark>
			<Placemark>
				<name>1.1.54-31</name>
				<styleUrl>#msn_ylw-pushpin29001140</styleUrl>
				<Polygon>
					<tessellate>1</tessellate>
					<outerBoundaryIs>
						<LinearRing>
							<coordinates>
								-71.50610461652661,-16.35838312233657,0 -71.50585114531692,-16.35838312357275,0 -71.5057616117829,-16.3583364157301,0 -71.50584344454828,-16.35815166014115,0 -71.50607610027723,-16.3581895140703,0 -71.50610461652661,-16.35838312233657,0 
							</coordinates>
						</LinearRing>
					</outerBoundaryIs>
				</Polygon>
			</Placemark>
			<Placemark>
				<name>1.1.54-32</name>
				<styleUrl>#msn_ylw-pushpin29001140</styleUrl>
				<Polygon>
					<tessellate>1</tessellate>
					<outerBoundaryIs>
						<LinearRing>
							<coordinates>
								-71.5061367526783,-16.35845507616402,0 -71.50624507058157,-16.35879538176571,0 -71.50576643313079,-16.35880187385203,0 -71.50561453815597,-16.35843729593457,0 -71.5061367526783,-16.35845507616402,0 
							</coordinates>
						</LinearRing>
					</outerBoundaryIs>
				</Polygon>
			</Placemark>
			<Placemark>
				<name>1.1.54-33</name>
				<styleUrl>#msn_ylw-pushpin29001140</styleUrl>
				<Polygon>
					<tessellate>1</tessellate>
					<outerBoundaryIs>
						<LinearRing>
							<coordinates>
								-71.5057203882061,-16.35885716094032,0 -71.50552466517651,-16.3594579469582,0 -71.50529092786228,-16.35913413480097,0 -71.5055823349749,-16.35863469128179,0 -71.5057203882061,-16.35885716094032,0 
							</coordinates>
						</LinearRing>
					</outerBoundaryIs>
				</Polygon>
			</Placemark>
			<Placemark>
				<name>1.1.54-34</name>
				<styleUrl>#msn_ylw-pushpin29001140</styleUrl>
				<Polygon>
					<tessellate>1</tessellate>
					<outerBoundaryIs>
						<LinearRing>
							<coordinates>
								-71.50554221976711,-16.35837622308328,0 -71.50557077493033,-16.35852664256409,0 -71.50522471182161,-16.35904726591085,0 -71.5049892894055,-16.35879214335148,0 -71.50536975788971,-16.35817571116614,0 -71.50554221976711,-16.35837622308328,0 
							</coordinates>
						</LinearRing>
					</outerBoundaryIs>
				</Polygon>
			</Placemark>
			<Placemark>
				<name>1.1.54-35</name>
				<styleUrl>#msn_ylw-pushpin29001140</styleUrl>
				<Polygon>
					<tessellate>1</tessellate>
					<outerBoundaryIs>
						<LinearRing>
							<coordinates>
								-71.50482538010465,-16.35873389024812,0 -71.50457784115784,-16.358460289886,0 -71.50502684192037,-16.3577744490437,0 -71.50528920064889,-16.35810508917725,0 -71.50482538010465,-16.35873389024812,0 
							</coordinates>
						</LinearRing>
					</outerBoundaryIs>
				</Polygon>
			</Placemark>
			<Placemark>
				<name>1.1.54-36</name>
				<styleUrl>#msn_ylw-pushpin29001140</styleUrl>
				<Polygon>
					<tessellate>1</tessellate>
					<outerBoundaryIs>
						<LinearRing>
							<coordinates>
								-71.50446310820942,-16.35772045362625,0 -71.50471622695322,-16.35736749641448,0 -71.504954189755,-16.35768238423057,0 -71.50455287876011,-16.35833984338811,0 -71.50427856928383,-16.35808246929503,0 -71.50446310820942,-16.35772045362625,0 
							</coordinates>
						</LinearRing>
					</outerBoundaryIs>
				</Polygon>
			</Placemark>
			<Placemark>
				<name>1.1.54-37</name>
				<styleUrl>#msn_ylw-pushpin29001140</styleUrl>
				<Polygon>
					<tessellate>1</tessellate>
					<outerBoundaryIs>
						<LinearRing>
							<coordinates>
								-71.50419606713761,-16.35866629394955,0 -71.50421215319271,-16.35847057370281,0 -71.50427149518677,-16.35842689468384,0 -71.50422895515489,-16.35826415000493,0 -71.50429303407651,-16.35817126875859,0 -71.50446357507253,-16.35844306137818,0 -71.50487629553169,-16.35894357892758,0 -71.50464875122748,-16.35924791330082,0 -71.50419606713761,-16.35866629394955,0 
							</coordinates>
						</LinearRing>
					</outerBoundaryIs>
				</Polygon>
			</Placemark>
			<Placemark>
				<name>1.1.54-38</name>
				<styleUrl>#msn_ylw-pushpin29001140</styleUrl>
				<Polygon>
					<tessellate>1</tessellate>
					<outerBoundaryIs>
						<LinearRing>
							<coordinates>
								-71.50418102763456,-16.3587631477394,0 -71.50439113465637,-16.35915799801722,0 -71.50422153556138,-16.35932157490658,0 -71.50416785860394,-16.35891078902355,0 -71.50418102763456,-16.3587631477394,0 
							</coordinates>
						</LinearRing>
					</outerBoundaryIs>
				</Polygon>
			</Placemark>
			<Placemark>
				<name>1.1.54-39</name>
				<styleUrl>#msn_ylw-pushpin29001140</styleUrl>
				<Polygon>
					<tessellate>1</tessellate>
					<outerBoundaryIs>
						<LinearRing>
							<coordinates>
								-71.50467816200604,-16.35944515067072,0 -71.50453657708098,-16.35964564971768,0 -71.50426649426747,-16.35945318727342,0 -71.50445906286627,-16.35917636708015,0 -71.50467816200604,-16.35944515067072,0 
							</coordinates>
						</LinearRing>
					</outerBoundaryIs>
				</Polygon>
			</Placemark>
			<Placemark>
				<name>1.1.54-41</name>
				<styleUrl>#msn_ylw-pushpin29001140</styleUrl>
				<Polygon>
					<tessellate>1</tessellate>
					<outerBoundaryIs>
						<LinearRing>
							<coordinates>
								-71.50523420710006,-16.35923508211465,0 -71.50551991940829,-16.35958983103768,0 -71.50533427358501,-16.35984266068689,0 -71.505057349743,-16.35943036835689,0 -71.50523420710006,-16.35923508211465,0 
							</coordinates>
						</LinearRing>
					</outerBoundaryIs>
				</Polygon>
			</Placemark>
			<Placemark>
				<name>1.1.54-42</name>
				<styleUrl>#msn_ylw-pushpin29001140</styleUrl>
				<Polygon>
					<tessellate>1</tessellate>
					<outerBoundaryIs>
						<LinearRing>
							<coordinates>
								-71.50572203187339,-16.35970455919933,0 -71.50569786560494,-16.36044577371529,0 -71.50557076629427,-16.36030760170533,0 -71.50556022734661,-16.35964212062921,0 -71.50572203187339,-16.35970455919933,0 
							</coordinates>
						</LinearRing>
					</outerBoundaryIs>
				</Polygon>
			</Placemark>
			<Placemark>
				<name>1.1.54-43</name>
				<styleUrl>#msn_ylw-pushpin29001140</styleUrl>
				<Polygon>
					<tessellate>1</tessellate>
					<outerBoundaryIs>
						<LinearRing>
							<coordinates>
								-71.50532902403373,-16.36011627333065,0 -71.50560767062449,-16.36044719624108,0 -71.50551603614052,-16.36062536916047,0 -71.5051887925006,-16.36028656339286,0 -71.50532902403373,-16.36011627333065,0 
							</coordinates>
						</LinearRing>
					</outerBoundaryIs>
				</Polygon>
			</Placemark>
			<Placemark>
				<name>1.1.54-44</name>
				<styleUrl>#msn_ylw-pushpin29001140</styleUrl>
				<Polygon>
					<tessellate>1</tessellate>
					<outerBoundaryIs>
						<LinearRing>
							<coordinates>
								-71.50623804546649,-16.36076244617954,0 -71.5066575125614,-16.36117372709019,0 -71.50655523339971,-16.36125895705765,0 -71.50633305856515,-16.36105802944872,0 -71.50610176291762,-16.36081508378512,0 -71.50578089808842,-16.36073310688733,0 -71.50555445377763,-16.3606267461268,0 -71.50563080701292,-16.36048165659041,0 -71.50623804546649,-16.36076244617954,0 
							</coordinates>
						</LinearRing>
					</outerBoundaryIs>
				</Polygon>
			</Placemark>
			<Placemark>
				<name>1.1.59-1</name>
				<styleUrl>#msn_ylw-pushpin29001140</styleUrl>
				<Polygon>
					<tessellate>1</tessellate>
					<outerBoundaryIs>
						<LinearRing>
							<coordinates>
								-71.51391891217405,-16.36351700566173,0 -71.51398477674316,-16.36537102824581,0 -71.51277331932607,-16.36562244973261,0 -71.51349599484638,-16.36350488836469,0 -71.51391891217405,-16.36351700566173,0 
							</coordinates>
						</LinearRing>
					</outerBoundaryIs>
				</Polygon>
			</Placemark>
			<Placemark>
				<name>1.1.59-2</name>
				<styleUrl>#msn_ylw-pushpin29001140</styleUrl>
				<Polygon>
					<tessellate>1</tessellate>
					<outerBoundaryIs>
						<LinearRing>
							<coordinates>
								-71.51190260102737,-16.3656247731492,0 -71.5122410432194,-16.36456972539891,0 -71.51234072720055,-16.36402171490434,0 -71.51198757128265,-16.36352664044139,0 -71.51204834758553,-16.36304790610649,0 -71.51339642709048,-16.36355064438724,0 -71.51264815959151,-16.36565081499056,0 -71.51190260102737,-16.3656247731492,0 
							</coordinates>
						</LinearRing>
					</outerBoundaryIs>
				</Polygon>
			</Placemark>
			<Placemark>
				<name>1.1.59-3</name>
				<styleUrl>#msn_ylw-pushpin29001140</styleUrl>
				<Polygon>
					<tessellate>1</tessellate>
					<outerBoundaryIs>
						<LinearRing>
							<coordinates>
								-71.51152602108368,-16.36328912606955,0 -71.51173883489338,-16.36370143735058,0 -71.51191703886333,-16.36401281094005,0 -71.51153899013231,-16.36437932059903,0 -71.51012688699581,-16.36391342557176,0 -71.51057056773411,-16.3625918224933,0 -71.51156225084578,-16.36291254248296,0 -71.51152602108368,-16.36328912606955,0 
							</coordinates>
						</LinearRing>
					</outerBoundaryIs>
				</Polygon>
			</Placemark>
			<Placemark>
				<name>1.1.59-4</name>
				<styleUrl>#msn_ylw-pushpin29001140</styleUrl>
				<Polygon>
					<tessellate>1</tessellate>
					<outerBoundaryIs>
						<LinearRing>
							<coordinates>
								-71.51210737811408,-16.36464201971492,0 -71.51150546285912,-16.36532514948125,0 -71.51127817646264,-16.36583240563759,0 -71.50965338748199,-16.36529138866953,0 -71.51011238910492,-16.36398196153059,0 -71.51210737811408,-16.36464201971492,0 
							</coordinates>
						</LinearRing>
					</outerBoundaryIs>
				</Polygon>
			</Placemark>
			<Placemark>
				<name>1.1.59-5</name>
				<styleUrl>#msn_ylw-pushpin29001140</styleUrl>
				<Polygon>
					<tessellate>1</tessellate>
					<outerBoundaryIs>
						<LinearRing>
							<coordinates>
								-71.51129304320392,-16.36729055824849,0 -71.51069843888571,-16.36709136207032,0 -71.5097668890885,-16.36622475675311,0 -71.50970571334211,-16.36611705390794,0 -71.50957904000811,-16.3656466767838,0 -71.50960724592916,-16.36537046802328,0 -71.51143215938306,-16.36599619187817,0 -71.51129304320392,-16.36729055824849,0 
							</coordinates>
						</LinearRing>
					</outerBoundaryIs>
				</Polygon>
			</Placemark>
			<Placemark>
				<name>1.1.59-6</name>
				<styleUrl>#msn_ylw-pushpin29001140</styleUrl>
				<Polygon>
					<tessellate>1</tessellate>
					<outerBoundaryIs>
						<LinearRing>
							<coordinates>
								-71.50951392975036,-16.36534905730251,0 -71.50948844374402,-16.3656308248299,0 -71.50950461088074,-16.36591132058792,0 -71.50982179127313,-16.36655673534452,0 -71.50956819249075,-16.36667300409834,0 -71.50917031318377,-16.36668161633503,0 -71.50865760867249,-16.36634603793682,0 -71.50855544476563,-16.36617043283647,0 -71.50854195716074,-16.36565216667865,0 -71.50847604002026,-16.36501538035378,0 -71.50951392975036,-16.36534905730251,0 
							</coordinates>
						</LinearRing>
					</outerBoundaryIs>
				</Polygon>
			</Placemark>
			<Placemark>
				<name>1.1.59-7</name>
				<styleUrl>#msn_ylw-pushpin29001140</styleUrl>
				<Polygon>
					<tessellate>1</tessellate>
					<outerBoundaryIs>
						<LinearRing>
							<coordinates>
								-71.50826790406535,-16.36492137841169,0 -71.50820930736907,-16.36582701123411,0 -71.50756651767672,-16.36560692770478,0 -71.50729538865603,-16.36558435798064,0 -71.50681841963522,-16.36555193159943,0 -71.50593548067501,-16.36538983788583,0 -71.50642366065433,-16.36434105749018,0 -71.50826790406535,-16.36492137841169,0 
							</coordinates>
						</LinearRing>
					</outerBoundaryIs>
				</Polygon>
			</Placemark>
			<Placemark>
				<name>1.1.59-8</name>
				<styleUrl>#msn_ylw-pushpin29001140</styleUrl>
				<Polygon>
					<tessellate>1</tessellate>
					<outerBoundaryIs>
						<LinearRing>
							<coordinates>
								-71.50719768568223,-16.36566681848215,0 -71.50717602043825,-16.36579217371067,0 -71.50655045576516,-16.3661141874138,0 -71.50609586760768,-16.36613784248974,0 -71.50613091364237,-16.3655214212606,0 -71.50719768568223,-16.36566681848215,0 
							</coordinates>
						</LinearRing>
					</outerBoundaryIs>
				</Polygon>
			</Placemark>
			<Placemark>
				<name>1.1.59-9</name>
				<styleUrl>#msn_ylw-pushpin29001140</styleUrl>
				<Polygon>
					<tessellate>1</tessellate>
					<outerBoundaryIs>
						<LinearRing>
							<coordinates>
								-71.50555171627083,-16.36588320931252,0 -71.50532181326342,-16.36570618988933,0 -71.50531001958662,-16.36549769167186,0 -71.50546297116455,-16.36532187210952,0 -71.50576713880859,-16.36550218441111,0 -71.50555171627083,-16.36588320931252,0 
							</coordinates>
						</LinearRing>
					</outerBoundaryIs>
				</Polygon>
			</Placemark>
			<Placemark>
				<name>1.1.59-10</name>
				<styleUrl>#msn_ylw-pushpin29001140</styleUrl>
				<Polygon>
					<tessellate>1</tessellate>
					<outerBoundaryIs>
						<LinearRing>
							<coordinates>
								-71.50522210424406,-16.36557523781785,0 -71.50505615525704,-16.36547799295487,0 -71.5053305958331,-16.36505169539662,0 -71.5059349373262,-16.36524170621357,0 -71.50587934330856,-16.36538829770595,0 -71.50570212326646,-16.36537526156063,0 -71.50544976898374,-16.36528014663471,0 -71.50522210424406,-16.36557523781785,0 
							</coordinates>
						</LinearRing>
					</outerBoundaryIs>
				</Polygon>
			</Placemark>
			<Placemark>
				<name>1.1.59-11</name>
				<styleUrl>#msn_ylw-pushpin29001140</styleUrl>
				<Polygon>
					<tessellate>1</tessellate>
					<outerBoundaryIs>
						<LinearRing>
							<coordinates>
								-71.50832366037336,-16.36338930111008,0 -71.50833094478362,-16.36485653778581,0 -71.50651704531124,-16.3642203228824,0 -71.50755616288538,-16.36315420975223,0 -71.50832366037336,-16.36338930111008,0 
							</coordinates>
						</LinearRing>
					</outerBoundaryIs>
				</Polygon>
			</Placemark>
			<Placemark>
				<name>1.1.59-12</name>
				<styleUrl>#msn_ylw-pushpin29001140</styleUrl>
				<Polygon>
					<tessellate>1</tessellate>
					<outerBoundaryIs>
						<LinearRing>
							<coordinates>
								-71.51001021179886,-16.36395974978647,0 -71.50953830413499,-16.3652467148309,0 -71.50854067490982,-16.36490899804726,0 -71.5084249488725,-16.36342646222208,0 -71.51001021179886,-16.36395974978647,0 
							</coordinates>
						</LinearRing>
					</outerBoundaryIs>
				</Polygon>
			</Placemark>
			<Placemark>
				<name>1.1.59-13</name>
				<styleUrl>#msn_ylw-pushpin29001140</styleUrl>
				<Polygon>
					<tessellate>1</tessellate>
					<outerBoundaryIs>
						<LinearRing>
							<coordinates>
								-71.50855125689648,-16.36191667872518,0 -71.51050115590296,-16.36256751813099,0 -71.51002701408234,-16.36386872621309,0 -71.50796954580663,-16.36313660274907,0 -71.50855125689648,-16.36191667872518,0 
							</coordinates>
						</LinearRing>
					</outerBoundaryIs>
				</Polygon>
			</Placemark>
			<Placemark>
				<name>1.1.59-14</name>
				<styleUrl>#msn_ylw-pushpin29001140</styleUrl>
				<Polygon>
					<tessellate>1</tessellate>
					<outerBoundaryIs>
						<LinearRing>
							<coordinates>
								-71.50856564840487,-16.36138442263318,0 -71.50927080425829,-16.36165736217315,0 -71.50931106918617,-16.36155201946834,0 -71.51004153836313,-16.3617160640458,0 -71.51043579159575,-16.36171811406956,0 -71.51079021529478,-16.36180392478379,0 -71.51113824404662,-16.36193651202993,0 -71.51150945128035,-16.36207526435826,0 -71.51170157765029,-16.36214371227251,0 -71.51178806763131,-16.362179854709,0 -71.51157799057918,-16.36280963457316,0 -71.51106289220135,-16.36264102469671,0 -71.5097352877369,-16.36221493767328,0 -71.50841134214838,-16.36177749011082,0 -71.50856564840487,-16.36138442263318,0 
							</coordinates>
						</LinearRing>
					</outerBoundaryIs>
				</Polygon>
			</Placemark>
			<Placemark>
				<name>1.1.60-1</name>
				<styleUrl>#msn_ylw-pushpin29001140</styleUrl>
				<Polygon>
					<tessellate>1</tessellate>
					<outerBoundaryIs>
						<LinearRing>
							<coordinates>
								-71.50908971361365,-16.35849949012627,0 -71.50906732039908,-16.35865657925739,0 -71.50902485067128,-16.35885550011417,0 -71.50900013607998,-16.35899804460771,0 -71.50861705600298,-16.35891309564194,0 -71.50868447848947,-16.35862030404071,0 -71.50871038141155,-16.35847936464004,0 -71.50908971361365,-16.35849949012627,0 
							</coordinates>
						</LinearRing>
					</outerBoundaryIs>
				</Polygon>
			</Placemark>
			<Placemark>
				<name>1.1.60-2</name>
				<styleUrl>#msn_ylw-pushpin29001140</styleUrl>
				<Polygon>
					<tessellate>1</tessellate>
					<outerBoundaryIs>
						<LinearRing>
							<coordinates>
								-71.50863132539067,-16.35848580920661,0 -71.50860576993792,-16.35862596384762,0 -71.5085684588047,-16.35878421361255,0 -71.50855208644251,-16.35892187439645,0 -71.50817327175386,-16.35884294873213,0 -71.50824883295114,-16.35846673493552,0 -71.50863132539067,-16.35848580920661,0 
							</coordinates>
						</LinearRing>
					</outerBoundaryIs>
				</Polygon>
			</Placemark>
			<Placemark>
				<name>1.1.60-3</name>
				<styleUrl>#msn_ylw-pushpin29001140</styleUrl>
				<Polygon>
					<tessellate>1</tessellate>
					<outerBoundaryIs>
						<LinearRing>
							<coordinates>
								-71.5081723807007,-16.35847792781362,0 -71.50811731935799,-16.35870455788641,0 -71.50809322863576,-16.3587988192523,0 -71.50792262732818,-16.3587652341172,0 -71.50771112090281,-16.35873002852161,0 -71.50765435809166,-16.3587142377518,0 -71.5078094827235,-16.35856183607988,0 -71.50799229444098,-16.35851260082294,0 -71.5081723807007,-16.35847792781362,0 
							</coordinates>
						</LinearRing>
					</outerBoundaryIs>
				</Polygon>
			</Placemark>
			<Placemark>
				<name>1.1.60-4</name>
				<styleUrl>#msn_ylw-pushpin29001140</styleUrl>
				<Polygon>
					<tessellate>1</tessellate>
					<outerBoundaryIs>
						<LinearRing>
							<coordinates>
								-71.50801212697426,-16.3588628388266,0 -71.50786775347927,-16.35897164087534,0 -71.50771023531914,-16.35910694342486,0 -71.50745092247192,-16.35885613306922,0 -71.50756070338437,-16.35877110662736,0 -71.50801212697426,-16.3588628388266,0 
							</coordinates>
						</LinearRing>
					</outerBoundaryIs>
				</Polygon>
			</Placemark>
			<Placemark>
				<name>1.1.60-5</name>
				<styleUrl>#msn_ylw-pushpin29001140</styleUrl>
				<Polygon>
					<tessellate>1</tessellate>
					<outerBoundaryIs>
						<LinearRing>
							<coordinates>
								-71.508002768434,-16.35944706146081,0 -71.5078778827412,-16.35930846040102,0 -71.50775175489446,-16.35916297711464,0 -71.50792293626537,-16.35901664773799,0 -71.50810988134704,-16.35888299310616,0 -71.50829584507683,-16.35893181086646,0 -71.50858323718947,-16.3589806737631,0 -71.508002768434,-16.35944706146081,0 
							</coordinates>
						</LinearRing>
					</outerBoundaryIs>
				</Polygon>
			</Placemark>
			<Placemark>
				<name>1.1.60-6</name>
				<styleUrl>#msn_ylw-pushpin29001140</styleUrl>
				<Polygon>
					<tessellate>1</tessellate>
					<outerBoundaryIs>
						<LinearRing>
							<coordinates>
								-71.50881576746785,-16.35939570563773,0 -71.50829375465698,-16.3598091359842,0 -71.50804638543039,-16.3595136272651,0 -71.50814542630025,-16.35943235245387,0 -71.50828620007695,-16.35932093923795,0 -71.50842409715528,-16.35921179170796,0 -71.50870409365271,-16.35898253755769,0 -71.50879955489833,-16.35910273368071,0 -71.50895201547809,-16.3592841484862,0 -71.50881576746785,-16.35939570563773,0 
							</coordinates>
						</LinearRing>
					</outerBoundaryIs>
				</Polygon>
			</Placemark>
			<Placemark>
				<name>1.1.60-7</name>
				<styleUrl>#msn_ylw-pushpin29001140</styleUrl>
				<Polygon>
					<tessellate>1</tessellate>
					<outerBoundaryIs>
						<LinearRing>
							<coordinates>
								-71.50858509831556,-16.36015827086732,0 -71.50833940394406,-16.35985698953316,0 -71.50840276403274,-16.35981527010267,0 -71.50870014913778,-16.35958285281787,0 -71.50899317811927,-16.35935049284834,0 -71.50909166591855,-16.35946221894881,0 -71.50923612098353,-16.35963758637449,0 -71.50858509831556,-16.36015827086732,0 
							</coordinates>
						</LinearRing>
					</outerBoundaryIs>
				</Polygon>
			</Placemark>
			<Placemark>
				<name>1.1.60-8</name>
				<styleUrl>#msn_ylw-pushpin29001140</styleUrl>
				<Polygon>
					<tessellate>1</tessellate>
					<outerBoundaryIs>
						<LinearRing>
							<coordinates>
								-71.50943855163464,-16.35996314170133,0 -71.5094254892452,-16.3600190635987,0 -71.5093945306615,-16.36008193786779,0 -71.50934300685499,-16.36013244231201,0 -71.50927698167727,-16.36019013422315,0 -71.50919662394551,-16.36022648456232,0 -71.50909530666119,-16.36024905541601,0 -71.50899696572823,-16.3602602378982,0 -71.50886962524723,-16.36024849119356,0 -71.50875312782367,-16.36021624247161,0 -71.50865427920975,-16.36019546298111,0 -71.50880361700433,-16.36008143613392,0 -71.50892322870453,-16.35998828032784,0 -71.50910369970251,-16.35984249587549,0 -71.50928533376258,-16.35969841302047,0 -71.50943563857258,-16.35989568390361,0 -71.50943855163464,-16.35996314170133,0 
							</coordinates>
						</LinearRing>
					</outerBoundaryIs>
				</Polygon>
			</Placemark>
			<Placemark>
				<name>1.1.60-9</name>
				<styleUrl>#msn_ylw-pushpin29001140</styleUrl>
				<Polygon>
					<tessellate>1</tessellate>
					<outerBoundaryIs>
						<LinearRing>
							<coordinates>
								-71.51009873136871,-16.36080734991596,0 -71.51002349697171,-16.36101853919103,0 -71.50996983929288,-16.36125592618538,0 -71.50954598433948,-16.36100251477865,0 -71.50959577306207,-16.36075377768821,0 -71.50961710855948,-16.36060690317827,0 -71.51009873136871,-16.36080734991596,0 
							</coordinates>
						</LinearRing>
					</outerBoundaryIs>
				</Polygon>
			</Placemark>
			<Placemark>
				<name>1.1.60-10</name>
				<styleUrl>#msn_ylw-pushpin29001140</styleUrl>
				<Polygon>
					<tessellate>1</tessellate>
					<outerBoundaryIs>
						<LinearRing>
							<coordinates>
								-71.50959412164177,-16.36015235025884,0 -71.5094873933193,-16.36097052944887,0 -71.5092045696305,-16.36081374844414,0 -71.50889526662228,-16.36076961321968,0 -71.50893374539332,-16.36039286158723,0 -71.5092502539346,-16.36028443304872,0 -71.50959412164177,-16.36015235025884,0 
							</coordinates>
						</LinearRing>
					</outerBoundaryIs>
				</Polygon>
			</Placemark>
			<Placemark>
				<name>1.1.60-11</name>
				<styleUrl>#msn_ylw-pushpin29001140</styleUrl>
				<Polygon>
					<tessellate>1</tessellate>
					<outerBoundaryIs>
						<LinearRing>
							<coordinates>
								-71.50888417816033,-16.36035836469676,0 -71.50880564882566,-16.36071288485474,0 -71.50877080745373,-16.36088240469235,0 -71.5087472940041,-16.36105829557236,0 -71.50849195081567,-16.36101575551043,0 -71.5082515788437,-16.36098423363815,0 -71.50832923390328,-16.36055743377249,0 -71.50835846389269,-16.36038563177321,0 -71.5083832582518,-16.36026263750291,0 -71.50888417816033,-16.36035836469676,0 
							</coordinates>
						</LinearRing>
					</outerBoundaryIs>
				</Polygon>
			</Placemark>
			<Placemark>
				<name>1.1.60-12</name>
				<styleUrl>#msn_ylw-pushpin29001140</styleUrl>
				<Polygon>
					<tessellate>1</tessellate>
					<outerBoundaryIs>
						<LinearRing>
							<coordinates>
								-71.50815829603506,-16.36098188935679,0 -71.50795532591479,-16.36096384030658,0 -71.50766865941938,-16.3609567832819,0 -71.50774117220165,-16.36053651304497,0 -71.50782146774898,-16.36012920279958,0 -71.50806635489973,-16.36019345885064,0 -71.50830926936496,-16.36024555462397,0 -71.50815829603506,-16.36098188935679,0 
							</coordinates>
						</LinearRing>
					</outerBoundaryIs>
				</Polygon>
			</Placemark>
			<Placemark>
				<name>1.1.60-13</name>
				<styleUrl>#msn_ylw-pushpin29001140</styleUrl>
				<Polygon>
					<tessellate>1</tessellate>
					<outerBoundaryIs>
						<LinearRing>
							<coordinates>
								-71.50782821570868,-16.36006659659682,0 -71.5079324480167,-16.35946927080019,0 -71.50816309008763,-16.35975710197966,0 -71.50853561044656,-16.36021617616156,0 -71.50782821570868,-16.36006659659682,0 
							</coordinates>
						</LinearRing>
					</outerBoundaryIs>
				</Polygon>
			</Placemark>
			<Placemark>
				<name>1.1.60-14</name>
				<styleUrl>#msn_ylw-pushpin29001140</styleUrl>
				<Polygon>
					<tessellate>1</tessellate>
					<outerBoundaryIs>
						<LinearRing>
							<coordinates>
								-71.5078622307708,-16.3594059899785,0 -71.50779286689672,-16.35975743193458,0 -71.50774334919839,-16.36004620782068,0 -71.50727843364973,-16.35989624922221,0 -71.50739163592716,-16.35935433802412,0 -71.50745551009878,-16.35893799400045,0 -71.5078622307708,-16.3594059899785,0 
							</coordinates>
						</LinearRing>
					</outerBoundaryIs>
				</Polygon>
			</Placemark>
			<Placemark>
				<name>1.1.60-15</name>
				<styleUrl>#msn_ylw-pushpin29001140</styleUrl>
				<Polygon>
					<tessellate>1</tessellate>
					<outerBoundaryIs>
						<LinearRing>
							<coordinates>
								-71.50759212307523,-16.36096280267639,0 -71.50709965019897,-16.36088907652862,0 -71.50720444369685,-16.36034855778728,0 -71.50726265138563,-16.36000926295395,0 -71.50749619292793,-16.36006064984057,0 -71.50772962979048,-16.36010051088681,0 -71.50759212307523,-16.36096280267639,0 
							</coordinates>
						</LinearRing>
					</outerBoundaryIs>
				</Polygon>
			</Placemark>
			<Placemark>
				<name>1.1.60-16</name>
				<styleUrl>#msn_ylw-pushpin29001140</styleUrl>
				<Polygon>
					<tessellate>1</tessellate>
					<outerBoundaryIs>
						<LinearRing>
							<coordinates>
								-71.50794981219092,-16.36105420991186,0 -71.50789902780967,-16.36147096778512,0 -71.50765751741201,-16.36121080330017,0 -71.5075040067082,-16.36102451749789,0 -71.50794981219092,-16.36105420991186,0 
							</coordinates>
						</LinearRing>
					</outerBoundaryIs>
				</Polygon>
			</Placemark>
			<Placemark>
				<name>1.1.60-17</name>
				<styleUrl>#msn_ylw-pushpin29001140</styleUrl>
				<Polygon>
					<tessellate>1</tessellate>
					<outerBoundaryIs>
						<LinearRing>
							<coordinates>
								-71.50789364671292,-16.36154264677308,0 -71.50773711575738,-16.36173780617093,0 -71.50719706124117,-16.36117978859703,0 -71.50708843326399,-16.36096691871061,0 -71.50738721015902,-16.36098979799705,0 -71.50789364671292,-16.36154264677308,0 
							</coordinates>
						</LinearRing>
					</outerBoundaryIs>
				</Polygon>
			</Placemark>
			<Placemark>
				<name>1.1.60-18</name>
				<styleUrl>#msn_ylw-pushpin29001140</styleUrl>
				<Polygon>
					<tessellate>1</tessellate>
					<outerBoundaryIs>
						<LinearRing>
							<coordinates>
								-71.50701171469267,-16.36089397258023,0 -71.50676334292869,-16.36112110147689,0 -71.50650115762888,-16.36090841818779,0 -71.50660487412206,-16.36032621372371,0 -71.50674204890139,-16.35968470716498,0 -71.50717897904833,-16.3599718148373,0 -71.50701171469267,-16.36089397258023,0 
							</coordinates>
						</LinearRing>
					</outerBoundaryIs>
				</Polygon>
			</Placemark>
			<Placemark>
				<name>1.1.60-19</name>
				<styleUrl>#msn_ylw-pushpin29001140</styleUrl>
				<Polygon>
					<tessellate>1</tessellate>
					<outerBoundaryIs>
						<LinearRing>
							<coordinates>
								-71.50717970300742,-16.35986436511844,0 -71.50674773455084,-16.35960467484224,0 -71.50678447740049,-16.35940563707404,0 -71.50690096847886,-16.35890752154448,0 -71.50739206186209,-16.35892256269615,0 -71.50717970300742,-16.35986436511844,0 
							</coordinates>
						</LinearRing>
					</outerBoundaryIs>
				</Polygon>
			</Placemark>
			<Placemark>
				<name>1.1.60-20</name>
				<styleUrl>#msn_ylw-pushpin29001140</styleUrl>
				<Polygon>
					<tessellate>1</tessellate>
					<outerBoundaryIs>
						<LinearRing>
							<coordinates>
								-71.50681224816601,-16.35889024747813,0 -71.50666735631411,-16.35958499318772,0 -71.50614922623747,-16.359649589609,0 -71.50630919962234,-16.35885733459478,0 -71.50666142554513,-16.35885517718213,0 -71.50681224816601,-16.35889024747813,0 
							</coordinates>
						</LinearRing>
					</outerBoundaryIs>
				</Polygon>
			</Placemark>
			<Placemark>
				<name>1.1.60-21</name>
				<styleUrl>#msn_ylw-pushpin29001140</styleUrl>
				<Polygon>
					<tessellate>1</tessellate>
					<outerBoundaryIs>
						<LinearRing>
							<coordinates>
								-71.50664222485834,-16.35967419478587,0 -71.50643907865415,-16.3608017049955,0 -71.50598331605075,-16.36050437922073,0 -71.506134774797,-16.35972892083467,0 -71.50664222485834,-16.35967419478587,0 
							</coordinates>
						</LinearRing>
					</outerBoundaryIs>
				</Polygon>
			</Placemark>
			<Placemark>
				<name>1.1.60-22</name>
				<styleUrl>#msn_ylw-pushpin29001140</styleUrl>
				<Polygon>
					<tessellate>1</tessellate>
					<outerBoundaryIs>
						<LinearRing>
							<coordinates>
								-71.50591065406897,-16.36049574393845,0 -71.50572409574538,-16.3604469574415,0 -71.50574273468914,-16.35971870861166,0 -71.50602067125233,-16.35972961563077,0 -71.50591065406897,-16.36049574393845,0 
							</coordinates>
						</LinearRing>
					</outerBoundaryIs>
				</Polygon>
			</Placemark>
			<Placemark>
				<name>1.1.60-23</name>
				<styleUrl>#msn_ylw-pushpin29001140</styleUrl>
				<Polygon>
					<tessellate>1</tessellate>
					<outerBoundaryIs>
						<LinearRing>
							<coordinates>
								-71.50609645839899,-16.35957864638885,0 -71.50562366344128,-16.35952369239599,0 -71.50572062670118,-16.35905114407778,0 -71.50589978910011,-16.35904863657589,0 -71.50622730036943,-16.35889498010883,0 -71.50609645839899,-16.35957864638885,0 
							</coordinates>
						</LinearRing>
					</outerBoundaryIs>
				</Polygon>
			</Placemark>
			<Placemark>
				<name>1.1.60-24</name>
				<styleUrl>#msn_ylw-pushpin29001140</styleUrl>
				<Polygon>
					<tessellate>1</tessellate>
					<outerBoundaryIs>
						<LinearRing>
							<coordinates>
								-71.50937640187577,-16.36135222964954,0 -71.50882412266063,-16.36121703712271,0 -71.50889296592003,-16.3608271150065,0 -71.5091931734721,-16.36087956956741,0 -71.50950451989048,-16.36103421932968,0 -71.50937640187577,-16.36135222964954,0 
							</coordinates>
						</LinearRing>
					</outerBoundaryIs>
				</Polygon>
			</Placemark>
			<Placemark>
				<name>1.1.61-1</name>
				<styleUrl>#msn_ylw-pushpin29001140</styleUrl>
				<Polygon>
					<tessellate>1</tessellate>
					<outerBoundaryIs>
						<LinearRing>
							<coordinates>
								-71.50984262845284,-16.35845861897234,0 -71.50968263672347,-16.35851946907232,0 -71.50957876885761,-16.35854988399115,0 -71.50928670044215,-16.35851250994491,0 -71.50915496860496,-16.35839177225962,0 -71.50901628661094,-16.35826915250929,0 -71.50910048337695,-16.35819423975805,0 -71.50920855959538,-16.35826148035635,0 -71.50937548220878,-16.35836104202151,0 -71.50940590447279,-16.35829121365118,0 -71.50954544158665,-16.3582770438263,0 -71.50984262845284,-16.35845861897234,0 
							</coordinates>
						</LinearRing>
					</outerBoundaryIs>
				</Polygon>
			</Placemark>
			<Placemark>
				<name>1.1.61-2</name>
				<styleUrl>#msn_ylw-pushpin29001140</styleUrl>
				<Polygon>
					<tessellate>1</tessellate>
					<outerBoundaryIs>
						<LinearRing>
							<coordinates>
								-71.50867152889244,-16.35843507253076,0 -71.50813724552788,-16.35840695429156,0 -71.50807652152029,-16.3582636094172,0 -71.5079995382018,-16.35809213469722,0 -71.50819645044839,-16.35804730273273,0 -71.50840734865194,-16.35809940275299,0 -71.508644993302,-16.35814190530885,0 -71.5088875648312,-16.35820953034022,0 -71.50919047523249,-16.35848419418245,0 -71.50867152889244,-16.35843507253076,0 
							</coordinates>
						</LinearRing>
					</outerBoundaryIs>
				</Polygon>
			</Placemark>
			<Placemark>
				<name>1.1.61-3</name>
				<styleUrl>#msn_ylw-pushpin29001140</styleUrl>
				<Polygon>
					<tessellate>1</tessellate>
					<outerBoundaryIs>
						<LinearRing>
							<coordinates>
								-71.50908874240815,-16.35808480337389,0 -71.50903437986663,-16.35822577552807,0 -71.50868822015501,-16.35811700697211,0 -71.50843399770022,-16.35806615613453,0 -71.50817663710606,-16.35801241266891,0 -71.50803448149252,-16.35797157010241,0 -71.50773797908714,-16.35791257808297,0 -71.50757443878018,-16.35789471023777,0 -71.50765384755776,-16.35771607050789,0 -71.50763357785843,-16.35750738368936,0 -71.50806044890315,-16.35778280175202,0 -71.5083825024399,-16.35782106206288,0 -71.50908874240815,-16.35808480337389,0 
							</coordinates>
						</LinearRing>
					</outerBoundaryIs>
				</Polygon>
			</Placemark>
			<Placemark>
				<name>1.1.61-4</name>
				<styleUrl>#msn_ylw-pushpin29001140</styleUrl>
				<Polygon>
					<tessellate>1</tessellate>
					<outerBoundaryIs>
						<LinearRing>
							<coordinates>
								-71.50803299497679,-16.35802419638066,0 -71.50786942267894,-16.35807308810198,0 -71.50770858729167,-16.35811697803799,0 -71.50757462163007,-16.35817840340934,0 -71.50750530259756,-16.35807840788923,0 -71.50739427005415,-16.35793615380914,0 -71.50757622887208,-16.35794701694021,0 -71.5077644810186,-16.3579547615476,0 -71.50803299497679,-16.35802419638066,0 
							</coordinates>
						</LinearRing>
					</outerBoundaryIs>
				</Polygon>
			</Placemark>
			<Placemark>
				<name>1.1.61-5</name>
				<styleUrl>#msn_ylw-pushpin29001140</styleUrl>
				<Polygon>
					<tessellate>1</tessellate>
					<outerBoundaryIs>
						<LinearRing>
							<coordinates>
								-71.50810043982604,-16.35840793001525,0 -71.50802348109158,-16.35843179994895,0 -71.50790253790187,-16.35846923497254,0 -71.50773884121885,-16.35853130924025,0 -71.50767882864653,-16.35839522923651,0 -71.5076169954055,-16.35823581008133,0 -71.50777664198762,-16.35816890088413,0 -71.50797963832612,-16.35811398145159,0 -71.50810043982604,-16.35840793001525,0 
							</coordinates>
						</LinearRing>
					</outerBoundaryIs>
				</Polygon>
			</Placemark>
			<Placemark>
				<name>1.1.61-6</name>
				<styleUrl>#msn_ylw-pushpin29001140</styleUrl>
				<Polygon>
					<tessellate>1</tessellate>
					<outerBoundaryIs>
						<LinearRing>
							<coordinates>
								-71.50770997372788,-16.35854394974046,0 -71.50759033490871,-16.35863198020422,0 -71.50739861166754,-16.35877144234124,0 -71.50733127856901,-16.35858943892164,0 -71.5072737524559,-16.35845318809689,0 -71.50740330040341,-16.35835443901256,0 -71.50758287896983,-16.35822692252962,0 -71.50763840658126,-16.35838562011249,0 -71.50770997372788,-16.35854394974046,0 
							</coordinates>
						</LinearRing>
					</outerBoundaryIs>
				</Polygon>
			</Placemark>
			<Placemark>
				<name>1.1.61-7</name>
				<styleUrl>#msn_ylw-pushpin29001140</styleUrl>
				<Polygon>
					<tessellate>1</tessellate>
					<outerBoundaryIs>
						<LinearRing>
							<coordinates>
								-71.5072289129196,-16.3583920646965,0 -71.50713269202318,-16.35825980678897,0 -71.50702764737672,-16.3581443346899,0 -71.5071364358313,-16.35807215324894,0 -71.50734858938578,-16.35793721997441,0 -71.50754227078367,-16.35818669652829,0 -71.5072289129196,-16.3583920646965,0 
							</coordinates>
						</LinearRing>
					</outerBoundaryIs>
				</Polygon>
			</Placemark>
			<Placemark>
				<name>1.1.61-8</name>
				<styleUrl>#msn_ylw-pushpin29001140</styleUrl>
				<Polygon>
					<tessellate>1</tessellate>
					<outerBoundaryIs>
						<LinearRing>
							<coordinates>
								-71.50699198926213,-16.35815393131273,0 -71.50715710299686,-16.35840809886023,0 -71.50700551867432,-16.35841335626645,0 -71.50683814444726,-16.35840293104587,0 -71.50663847976054,-16.35840300282169,0 -71.50653721241579,-16.35840132474887,0 -71.50655373559205,-16.35810772207222,0 -71.50699198926213,-16.35815393131273,0 
							</coordinates>
						</LinearRing>
					</outerBoundaryIs>
				</Polygon>
			</Placemark>
			<Placemark>
				<name>1.1.61-9</name>
				<styleUrl>#msn_ylw-pushpin29001140</styleUrl>
				<Polygon>
					<tessellate>1</tessellate>
					<outerBoundaryIs>
						<LinearRing>
							<coordinates>
								-71.50710062528685,-16.35887724290282,0 -71.50702651498351,-16.35888010949125,0 -71.50683618830404,-16.35882165714514,0 -71.50683790325706,-16.35846782232381,0 -71.50720825931029,-16.3584567391516,0 -71.50724440818057,-16.35853638932769,0 -71.50734979637849,-16.35880346209326,0 -71.50710062528685,-16.35887724290282,0 
							</coordinates>
						</LinearRing>
					</outerBoundaryIs>
				</Polygon>
			</Placemark>
			<Placemark>
				<name>1.1.61-10</name>
				<styleUrl>#msn_ylw-pushpin29001140</styleUrl>
				<Polygon>
					<tessellate>1</tessellate>
					<outerBoundaryIs>
						<LinearRing>
							<coordinates>
								-71.50680245251502,-16.35846825547777,0 -71.50679456134648,-16.35880505738417,0 -71.50654710055677,-16.35878628629935,0 -71.50634863517986,-16.3587951024054,0 -71.50624393657849,-16.35843881490144,0 -71.50651786229329,-16.35845554241053,0 -71.50680245251502,-16.35846825547777,0 
							</coordinates>
						</LinearRing>
					</outerBoundaryIs>
				</Polygon>
			</Placemark>
			<Placemark>
				<name>1.1.62-1</name>
				<styleUrl>#msn_ylw-pushpin29001140</styleUrl>
				<Polygon>
					<tessellate>1</tessellate>
					<outerBoundaryIs>
						<LinearRing>
							<coordinates>
								-71.51357013514739,-16.36192952840094,0 -71.51347251424477,-16.36186666329174,0 -71.51327459317359,-16.36175599384289,0 -71.51312308486533,-16.36163439277784,0 -71.51292761053932,-16.36144875052651,0 -71.51320568843057,-16.36116047533989,0 -71.51335292466059,-16.36128643623642,0 -71.5135307301242,-16.36144251984524,0 -71.51364951234076,-16.36155375997999,0 -71.51365984093074,-16.36173140072551,0 -71.51357013514739,-16.36192952840094,0 
							</coordinates>
						</LinearRing>
					</outerBoundaryIs>
				</Polygon>
			</Placemark>
			<Placemark>
				<name>1.1.62-2</name>
				<styleUrl>#msn_ylw-pushpin29001140</styleUrl>
				<Polygon>
					<tessellate>1</tessellate>
					<outerBoundaryIs>
						<LinearRing>
							<coordinates>
								-71.51366962908004,-16.36140668897233,0 -71.5136355788335,-16.36143872724748,0 -71.51339986340335,-16.36124387666788,0 -71.51324030866488,-16.36109398802759,0 -71.51332205966389,-16.36101866719359,0 -71.51347597377099,-16.36086778557027,0 -71.51356046253103,-16.36093145618343,0 -71.51367043942946,-16.36103651921429,0 -71.51366962908004,-16.36140668897233,0 
							</coordinates>
						</LinearRing>
					</outerBoundaryIs>
				</Polygon>
			</Placemark>
			<Placemark>
				<name>1.1.62-3</name>
				<styleUrl>#msn_ylw-pushpin29001140</styleUrl>
				<Polygon>
					<tessellate>1</tessellate>
					<outerBoundaryIs>
						<LinearRing>
							<coordinates>
								-71.51344193806139,-16.3608164974513,0 -71.51319074302765,-16.3610604996532,0 -71.51283489993635,-16.36075548371885,0 -71.51256938859741,-16.36051815213859,0 -71.51249154204478,-16.36045226034507,0 -71.51269337683907,-16.36026057790718,0 -71.51276244057033,-16.36017429227151,0 -71.51321440526532,-16.36057387976162,0 -71.51342786338741,-16.3607725264977,0 -71.51344193806139,-16.3608164974513,0 
							</coordinates>
						</LinearRing>
					</outerBoundaryIs>
				</Polygon>
			</Placemark>
			<Placemark>
				<name>1.1.62-4</name>
				<styleUrl>#msn_ylw-pushpin29001140</styleUrl>
				<Polygon>
					<tessellate>1</tessellate>
					<outerBoundaryIs>
						<LinearRing>
							<coordinates>
								-71.51313549720005,-16.36112068312269,0 -71.5130181440541,-16.36125518267397,0 -71.51288403921606,-16.36139954839726,0 -71.51268386950096,-16.36123684999087,0 -71.51257560918188,-16.36112260505095,0 -71.51243640657572,-16.36101261338225,0 -71.51235135523575,-16.36096112486635,0 -71.512162033023,-16.36080194407912,0 -71.51231749374485,-16.36064012671309,0 -71.5124490540304,-16.36052131039253,0 -71.51273952874705,-16.36076001942381,0 -71.51313549720005,-16.36112068312269,0 
							</coordinates>
						</LinearRing>
					</outerBoundaryIs>
				</Polygon>
			</Placemark>
			<Placemark>
				<name>1.1.62-5</name>
				<styleUrl>#msn_ylw-pushpin29001140</styleUrl>
				<Polygon>
					<tessellate>1</tessellate>
					<outerBoundaryIs>
						<LinearRing>
							<coordinates>
								-71.51237894731398,-16.36046595567927,0 -71.51223885637999,-16.36061198489128,0 -71.51212603338287,-16.36075313290304,0 -71.51187585147171,-16.36053489955827,0 -71.51168339143565,-16.36036312263076,0 -71.51143671657934,-16.36016219733783,0 -71.51160741151142,-16.35998686682736,0 -71.51171521712025,-16.35987684742737,0 -71.51237894731398,-16.36046595567927,0 
							</coordinates>
						</LinearRing>
					</outerBoundaryIs>
				</Polygon>
			</Placemark>
			<Placemark>
				<name>1.1.62-6</name>
				<styleUrl>#msn_ylw-pushpin29001140</styleUrl>
				<Polygon>
					<tessellate>1</tessellate>
					<outerBoundaryIs>
						<LinearRing>
							<coordinates>
								-71.51242846534471,-16.36041454435062,0 -71.51229410005496,-16.36028536188795,0 -71.51216780232066,-16.36016964650356,0 -71.51195958584847,-16.35999141839024,0 -71.51175512673311,-16.35982791134236,0 -71.51189223274847,-16.3596688799615,0 -71.51201067478102,-16.35953510935335,0 -71.5121610922461,-16.35967645573417,0 -71.5123317002401,-16.35980819338284,0 -71.51252667832686,-16.35997080025611,0 -71.51269682429763,-16.36012962740413,0 -71.51242846534471,-16.36041454435062,0 
							</coordinates>
						</LinearRing>
					</outerBoundaryIs>
				</Polygon>
			</Placemark>
			<Placemark>
				<name>1.1.62-7</name>
				<styleUrl>#msn_ylw-pushpin29001140</styleUrl>
				<Polygon>
					<tessellate>1</tessellate>
					<outerBoundaryIs>
						<LinearRing>
							<coordinates>
								-71.51169274549518,-16.35977125838816,0 -71.51159675976724,-16.35967388510629,0 -71.51134763161522,-16.3594704887483,0 -71.51105940964577,-16.35921448486059,0 -71.51118942045552,-16.35908733624994,0 -71.51133325813184,-16.35895203100712,0 -71.51157352078394,-16.35915084356033,0 -71.51177175008536,-16.35931509367055,0 -71.51195830909091,-16.35949722458576,0 -71.51169274549518,-16.35977125838816,0 
							</coordinates>
						</LinearRing>
					</outerBoundaryIs>
				</Polygon>
			</Placemark>
			<Placemark>
				<name>1.1.62-8</name>
				<styleUrl>#msn_ylw-pushpin29001140</styleUrl>
				<Polygon>
					<tessellate>1</tessellate>
					<outerBoundaryIs>
						<LinearRing>
							<coordinates>
								-71.51164186080921,-16.35982732479184,0 -71.51150317568428,-16.35997280741175,0 -71.51138457745199,-16.36010432160003,0 -71.51116439150496,-16.35991102734262,0 -71.51103223968055,-16.35979474860655,0 -71.51086986071219,-16.35964522577246,0 -71.51072637451608,-16.35956140962987,0 -71.51087996831801,-16.35941337479196,0 -71.511021435188,-16.35927735325985,0 -71.51164186080921,-16.35982732479184,0 
							</coordinates>
						</LinearRing>
					</outerBoundaryIs>
				</Polygon>
			</Placemark>
			<Placemark>
				<name>1.1.62-9</name>
				<styleUrl>#msn_ylw-pushpin29001140</styleUrl>
				<Polygon>
					<tessellate>1</tessellate>
					<outerBoundaryIs>
						<LinearRing>
							<coordinates>
								-71.51068050598666,-16.35951557288746,0 -71.51058779073549,-16.35947849629758,0 -71.51039800688758,-16.35941065785824,0 -71.51047505359973,-16.3592399061614,0 -71.51056526328301,-16.35903634781847,0 -71.51066978256857,-16.35875210805757,0 -71.51092389630905,-16.35882645452545,0 -71.51122215683749,-16.35893008482731,0 -71.51068050598666,-16.35951557288746,0 
							</coordinates>
						</LinearRing>
					</outerBoundaryIs>
				</Polygon>
			</Placemark>
			<Placemark>
				<name>1.1.62-10</name>
				<styleUrl>#msn_ylw-pushpin29001140</styleUrl>
				<Polygon>
					<tessellate>1</tessellate>
					<outerBoundaryIs>
						<LinearRing>
							<coordinates>
								-71.51058571806247,-16.35874819521955,0 -71.51050611114027,-16.35896689928861,0 -71.51043438171295,-16.35914750760953,0 -71.51033243642733,-16.35938570416236,0 -71.51015099330516,-16.3593180571491,0 -71.50997487950546,-16.35924553823604,0 -71.51007331054852,-16.35899244808364,0 -71.51011352750595,-16.35888426201169,0 -71.51016554981855,-16.35879264730491,0 -71.5102091669356,-16.35867842076429,0 -71.5102401954845,-16.35862615742908,0 -71.51058571806247,-16.35874819521955,0 
							</coordinates>
						</LinearRing>
					</outerBoundaryIs>
				</Polygon>
			</Placemark>
			<Placemark>
				<name>1.1.62-11</name>
				<styleUrl>#msn_ylw-pushpin29001140</styleUrl>
				<Polygon>
					<tessellate>1</tessellate>
					<outerBoundaryIs>
						<LinearRing>
							<coordinates>
								-71.50988954443457,-16.35920965660486,0 -71.50981963345596,-16.35917947986004,0 -71.50970694361914,-16.35913049606084,0 -71.50953563059171,-16.35911497196029,0 -71.50958980569285,-16.35890884819247,0 -71.50961248812843,-16.35877031917245,0 -71.50965798461147,-16.35858021168895,0 -71.50991541773949,-16.35853688575147,0 -71.51016563858462,-16.35860563328914,0 -71.50988954443457,-16.35920965660486,0 
							</coordinates>
						</LinearRing>
					</outerBoundaryIs>
				</Polygon>
			</Placemark>
			<Placemark>
				<name>1.1.62-12</name>
				<styleUrl>#msn_ylw-pushpin29001140</styleUrl>
				<Polygon>
					<tessellate>1</tessellate>
					<outerBoundaryIs>
						<LinearRing>
							<coordinates>
								-71.50954924272615,-16.35860330228966,0 -71.50950355838111,-16.35881570145417,0 -71.50947320689718,-16.35898254329139,0 -71.50945668151209,-16.35909619623202,0 -71.50923590276038,-16.35905214891095,0 -71.50907838589727,-16.35901713331516,0 -71.50913143391227,-16.35880274163877,0 -71.50915390551214,-16.35865308588263,0 -71.50916200413252,-16.35853292475014,0 -71.50954924272615,-16.35860330228966,0 
							</coordinates>
						</LinearRing>
					</outerBoundaryIs>
				</Polygon>
			</Placemark>
			<Placemark>
				<name>1.1.62-14</name>
				<styleUrl>#msn_ylw-pushpin29001140</styleUrl>
				<Polygon>
					<tessellate>1</tessellate>
					<outerBoundaryIs>
						<LinearRing>
							<coordinates>
								-71.51132462063408,-16.36018509457669,0 -71.511198150604,-16.36030712561609,0 -71.51105206198756,-16.36046392059548,0 -71.51077727933495,-16.36020764004985,0 -71.5105392733736,-16.36000351989435,0 -71.51036211046733,-16.35984048564089,0 -71.51019872164549,-16.35970384431452,0 -71.51001119984944,-16.35955024548083,0 -71.50983920748466,-16.35945707016768,0 -71.50952411892473,-16.35932199035533,0 -71.50940297912705,-16.35929499016163,0 -71.50944164701031,-16.35916723353367,0 -71.50958289512161,-16.35917102279255,0 -71.50965886991054,-16.35917603128628,0 -71.50981454117526,-16.35924064882087,0 -71.51000240920871,-16.35931200479921,0 -71.51016572475388,-16.35938860786715,0 -71.51030994680612,-16.35943985231305,0 -71.51046929105891,-16.35951108083292,0 -71.51058804186347,-16.35956003295835,0 -71.51067611226661,-16.35960939044986,0 -71.51079373719541,-16.35970583797942,0 -71.51132462063408,-16.36018509457669,0 
							</coordinates>
						</LinearRing>
					</outerBoundaryIs>
				</Polygon>
			</Placemark>
			<Placemark>
				<name>1.1.62-15</name>
				<styleUrl>#msn_ylw-pushpin29001140</styleUrl>
				<Polygon>
					<tessellate>1</tessellate>
					<outerBoundaryIs>
						<LinearRing>
							<coordinates>
								-71.51205266362716,-16.36081955165627,0 -71.51190642203444,-16.36097434761641,0 -71.51179427787734,-16.36109036838991,0 -71.51153259104063,-16.36085785266857,0 -71.51132706591704,-16.36067734944374,0 -71.511184776829,-16.36056598901525,0 -71.51110950152814,-16.36050806048141,0 -71.51123421373246,-16.36037215180357,0 -71.51132379042357,-16.36028823819806,0 -71.511381313271,-16.36023252479934,0 -71.51205266362716,-16.36081955165627,0 
							</coordinates>
						</LinearRing>
					</outerBoundaryIs>
				</Polygon>
			</Placemark>
			<Placemark>
				<name>1.1.62-16</name>
				<styleUrl>#msn_ylw-pushpin29001140</styleUrl>
				<Polygon>
					<tessellate>1</tessellate>
					<outerBoundaryIs>
						<LinearRing>
							<coordinates>
								-71.51280629276503,-16.36148181769299,0 -71.51267181731299,-16.36161713571224,0 -71.51254168104261,-16.36176323690253,0 -71.5122625377773,-16.36151447591368,0 -71.51204534708445,-16.36132297670712,0 -71.51191422941724,-16.36121212183401,0 -71.51184134470604,-16.36114549759977,0 -71.51197087464269,-16.36101476422955,0 -71.51210847366862,-16.36086702798251,0 -71.51245494022015,-16.36116159417253,0 -71.51280629276503,-16.36148181769299,0 
							</coordinates>
						</LinearRing>
					</outerBoundaryIs>
				</Polygon>
			</Placemark>
			<Placemark>
				<name>1.1.62-17</name>
				<styleUrl>#msn_ylw-pushpin29001140</styleUrl>
				<Polygon>
					<tessellate>1</tessellate>
					<outerBoundaryIs>
						<LinearRing>
							<coordinates>
								-71.51363963260157,-16.36208576397587,0 -71.51366176487753,-16.36233000383428,0 -71.5136701451093,-16.36244857269946,0 -71.51364526524225,-16.36252528609276,0 -71.51342644317012,-16.36240223080685,0 -71.51320362689508,-16.36226911857217,0 -71.51303613460865,-16.36215562841372,0 -71.51291279147301,-16.36207537756962,0 -71.51273088207535,-16.36191518512496,0 -71.51259340695511,-16.36181016531522,0 -71.51273507075356,-16.36166528534976,0 -71.51287145388407,-16.36152960610064,0 -71.51308673963666,-16.36172166182476,0 -71.51327132413815,-16.36185344104816,0 -71.51363963260157,-16.36208576397587,0 
							</coordinates>
						</LinearRing>
					</outerBoundaryIs>
				</Polygon>
			</Placemark>
			<Placemark>
				<name>1.1.62-18</name>
				<styleUrl>#msn_ylw-pushpin29001140</styleUrl>
				<Polygon>
					<tessellate>1</tessellate>
					<outerBoundaryIs>
						<LinearRing>
							<coordinates>
								-71.5135294028691,-16.36257203554063,0 -71.51349504398705,-16.36263095954947,0 -71.51327847525296,-16.36255459462386,0 -71.51294981020931,-16.36244479147378,0 -71.51269453224415,-16.36234637348742,0 -71.51253499507945,-16.36229780750577,0 -71.51238940405013,-16.36225793409515,0 -71.51224715542578,-16.36219317164083,0 -71.51229788760941,-16.36212200785791,0 -71.51237261152897,-16.36204256897252,0 -71.51245610943067,-16.36196123735554,0 -71.51251102265624,-16.36190296736477,0 -71.51255259562767,-16.36186757622681,0 -71.51275540429194,-16.36205144791187,0 -71.51289942239465,-16.36217029329879,0 -71.51296341146336,-16.36220599896547,0 -71.5135294028691,-16.36257203554063,0 
							</coordinates>
						</LinearRing>
					</outerBoundaryIs>
				</Polygon>
			</Placemark>
			<Placemark>
				<name>1.1.62-19</name>
				<styleUrl>#msn_ylw-pushpin29001140</styleUrl>
				<Polygon>
					<tessellate>1</tessellate>
					<outerBoundaryIs>
						<LinearRing>
							<coordinates>
								-71.5139316557173,-16.36284746115156,0 -71.51394736994733,-16.36342713545099,0 -71.51347220436593,-16.36341535551953,0 -71.51339913830783,-16.36340544849297,0 -71.51300253772558,-16.36328114527193,0 -71.5126358044192,-16.36318001866725,0 -71.51241112199386,-16.36308947085234,0 -71.51233461048804,-16.36305644174579,0 -71.51206998002773,-16.36298977901442,0 -71.51211360482763,-16.36256051979424,0 -71.51211981928964,-16.36240615290174,0 -71.5120233238185,-16.36237736988948,0 -71.51202790405252,-16.36230785805989,0 -71.51200334220967,-16.36218962779667,0 -71.5126034180207,-16.36238700268997,0 -71.51328151618277,-16.36263548186035,0 -71.5139316557173,-16.36284746115156,0 
							</coordinates>
						</LinearRing>
					</outerBoundaryIs>
				</Polygon>
			</Placemark>
			<Placemark>
				<name>1.1.62-20</name>
				<styleUrl>#msn_ylw-pushpin29001140</styleUrl>
				<Polygon>
					<tessellate>1</tessellate>
					<outerBoundaryIs>
						<LinearRing>
							<coordinates>
								-71.51215300476066,-16.36217336708205,0 -71.51188180569928,-16.3620621343288,0 -71.51177730657623,-16.36194983314435,0 -71.51183619374318,-16.36188974545856,0 -71.51198650201334,-16.36174387823027,0 -71.51217662138224,-16.36153443355348,0 -71.51230725179624,-16.36165273565608,0 -71.51248946804127,-16.36181296382924,0 -71.51215300476066,-16.36217336708205,0 
							</coordinates>
						</LinearRing>
					</outerBoundaryIs>
				</Polygon>
			</Placemark>
			<Placemark>
				<name>1.1.62-21</name>
				<styleUrl>#msn_ylw-pushpin29001140</styleUrl>
				<Polygon>
					<tessellate>1</tessellate>
					<outerBoundaryIs>
						<LinearRing>
							<coordinates>
								-71.51173079643382,-16.36187966878281,0 -71.51165953509805,-16.36167694336498,0 -71.51157630069756,-16.36143762271135,0 -71.51167052234945,-16.36134332746172,0 -71.51179725950045,-16.36120153080621,0 -71.51193023053024,-16.36132672205458,0 -71.51212096632645,-16.36148106420995,0 -71.51173079643382,-16.36187966878281,0 
							</coordinates>
						</LinearRing>
					</outerBoundaryIs>
				</Polygon>
			</Placemark>
			<Placemark>
				<name>1.1.62-22</name>
				<styleUrl>#msn_ylw-pushpin29001140</styleUrl>
				<Polygon>
					<tessellate>1</tessellate>
					<outerBoundaryIs>
						<LinearRing>
							<coordinates>
								-71.51174921379365,-16.36115415765819,0 -71.51159107016704,-16.36131620977272,0 -71.51154931784171,-16.36114097136711,0 -71.51149740198082,-16.36097628430671,0 -71.51152312118091,-16.36094768299459,0 -71.51174921379365,-16.36115415765819,0 
							</coordinates>
						</LinearRing>
					</outerBoundaryIs>
				</Polygon>
			</Placemark>
			<Placemark>
				<name>1.1.62-23</name>
				<styleUrl>#msn_ylw-pushpin29001140</styleUrl>
				<Polygon>
					<tessellate>1</tessellate>
					<outerBoundaryIs>
						<LinearRing>
							<coordinates>
								-71.51111666330013,-16.36162977452582,0 -71.51089401121594,-16.36156344051508,0 -71.51090157989945,-16.36150583763315,0 -71.51099955716452,-16.36146642246071,0 -71.51109567393091,-16.36143508369655,0 -71.5112461861289,-16.36136618181565,0 -71.51126840937036,-16.36125541653536,0 -71.51135493255865,-16.36102620011322,0 -71.51143005939248,-16.36102694465876,0 -71.51146922828778,-16.36138111649326,0 -71.51160044703238,-16.36179162065187,0 -71.51154732443526,-16.361806530859,0 -71.51111666330013,-16.36162977452582,0 
							</coordinates>
						</LinearRing>
					</outerBoundaryIs>
				</Polygon>
			</Placemark>
			<Placemark>
				<name>1.1.62-24</name>
				<styleUrl>#msn_ylw-pushpin29001140</styleUrl>
				<Polygon>
					<tessellate>1</tessellate>
					<outerBoundaryIs>
						<LinearRing>
							<coordinates>
								-71.51168651074735,-16.36196439286643,0 -71.51167672954885,-16.36213444554725,0 -71.51126995817719,-16.36197862411553,0 -71.51085330961821,-16.36182139545272,0 -71.51050787259409,-16.36170407804201,0 -71.51009712059117,-16.36161282992768,0 -71.50979945950861,-16.36150417542293,0 -71.50943001291635,-16.36129238325346,0 -71.50952208624479,-16.36104551635922,0 -71.50969432104374,-16.36115661567263,0 -71.51011335537943,-16.361368094953,0 -71.51027288859773,-16.36140612204461,0 -71.51028852674465,-16.36152549206265,0 -71.51050733484045,-16.36153734368127,0 -71.5107019756333,-16.36156740161224,0 -71.51085669554713,-16.36158855371851,0 -71.51111186606082,-16.36167102408517,0 -71.51127375358263,-16.36173911124658,0 -71.51153452958837,-16.36183590875398,0 -71.51164858481899,-16.36186411954573,0 -71.51168651074735,-16.36196439286643,0 
							</coordinates>
						</LinearRing>
					</outerBoundaryIs>
				</Polygon>
			</Placemark>
			<Placemark>
				<name>1.1.63-1</name>
				<styleUrl>#msn_ylw-pushpin29001140</styleUrl>
				<Polygon>
					<tessellate>1</tessellate>
					<outerBoundaryIs>
						<LinearRing>
							<coordinates>
								-71.51370797425734,-16.36149811604368,0 -71.513713414373,-16.36137620701098,0 -71.51371770747728,-16.36121588918272,0 -71.51371805487847,-16.36108782569618,0 -71.5139636061606,-16.36119481880737,0 -71.51401214944421,-16.3612076882324,0 -71.51400563253247,-16.36126599353061,0 -71.51397764222759,-16.36132645844802,0 -71.51392485892298,-16.36139278444538,0 -71.51387381850984,-16.36144612039417,0 -71.51380729570474,-16.36148833707828,0 -71.51370797425734,-16.36149811604368,0 
							</coordinates>
						</LinearRing>
					</outerBoundaryIs>
				</Polygon>
			</Placemark>
			<Placemark>
				<name>1.1.63-2</name>
				<styleUrl>#msn_ylw-pushpin29001140</styleUrl>
				<Polygon>
					<tessellate>1</tessellate>
					<outerBoundaryIs>
						<LinearRing>
							<coordinates>
								-71.51387448583843,-16.3611284343486,0 -71.51375017018104,-16.36105940218884,0 -71.51374557540619,-16.36104325869379,0 -71.51374055528487,-16.36099492002622,0 -71.51374472247771,-16.36094441526752,0 -71.51378606357247,-16.36084856662095,0 -71.51387604809969,-16.36100749956344,0 -71.51399556136714,-16.36115347143491,0 -71.5139817934387,-16.3611638045023,0 -71.51387448583843,-16.3611284343486,0 
							</coordinates>
						</LinearRing>
					</outerBoundaryIs>
				</Polygon>
			</Placemark>
			<Placemark>
				<name>1.1.63-3</name>
				<styleUrl>#msn_ylw-pushpin29001140</styleUrl>
				<Polygon>
					<tessellate>1</tessellate>
					<outerBoundaryIs>
						<LinearRing>
							<coordinates>
								-71.51427627973577,-16.36026974666254,0 -71.51423096758427,-16.36047660552013,0 -71.51418256558735,-16.36064142175252,0 -71.51414051548743,-16.36080344089017,0 -71.51409342644948,-16.36097725278012,0 -71.51404128130733,-16.36117500126736,0 -71.51394151398459,-16.36106431342652,0 -71.51387373091271,-16.36095924133249,0 -71.51379782369152,-16.3608166099344,0 -71.51388932809029,-16.36049680215193,0 -71.51394713442765,-16.36027926197762,0 -71.51397271010671,-16.36015470083151,0 -71.51400239076297,-16.36004904682524,0 -71.51427627973577,-16.36026974666254,0 
							</coordinates>
						</LinearRing>
					</outerBoundaryIs>
				</Polygon>
			</Placemark>
			<Placemark>
				<name>1.1.63-5</name>
				<styleUrl>#msn_ylw-pushpin29001140</styleUrl>
				<Polygon>
					<tessellate>1</tessellate>
					<outerBoundaryIs>
						<LinearRing>
							<coordinates>
								-71.51374827526909,-16.36078579456571,0 -71.51358298807168,-16.36085638249042,0 -71.51346099521987,-16.36076307652328,0 -71.51344530801337,-16.36070170157533,0 -71.51355122163402,-16.36056835349246,0 -71.51366203605818,-16.36038297053321,0 -71.5138963914211,-16.35996670333465,0 -71.5139694527122,-16.36001744228126,0 -71.51374827526909,-16.36078579456571,0 
							</coordinates>
						</LinearRing>
					</outerBoundaryIs>
				</Polygon>
			</Placemark>
			<Placemark>
				<name>1.1.70-5</name>
				<styleUrl>#msn_ylw-pushpin29001140</styleUrl>
				<Polygon>
					<tessellate>1</tessellate>
					<outerBoundaryIs>
						<LinearRing>
							<coordinates>
								-71.51823293694959,-16.36160728787418,0 -71.51818782796865,-16.36180348420493,0 -71.51815772985604,-16.36196381462725,0 -71.51787487354188,-16.36191346797008,0 -71.51767158783898,-16.3618752616315,0 -71.51743149506727,-16.36182871297073,0 -71.51723264109192,-16.36179216232249,0 -71.51727401844427,-16.36159181520871,0 -71.51730279026897,-16.36142564268707,0 -71.51783838386862,-16.36152843862617,0 -71.51823293694959,-16.36160728787418,0 
							</coordinates>
						</LinearRing>
					</outerBoundaryIs>
				</Polygon>
			</Placemark>
			<Placemark>
				<name>1.1.70-10</name>
				<styleUrl>#msn_ylw-pushpin29001140</styleUrl>
				<Polygon>
					<tessellate>1</tessellate>
					<outerBoundaryIs>
						<LinearRing>
							<coordinates>
								-71.51730698626504,-16.3609806445364,0 -71.51723647031433,-16.36134822793605,0 -71.51702770970802,-16.36130428505411,0 -71.51677733552091,-16.36125494786423,0 -71.51656420587591,-16.36122395241983,0 -71.51631804281088,-16.36117521954231,0 -71.51635600437216,-16.36098335215059,0 -71.51639057136735,-16.36080748589605,0 -71.51667450595995,-16.36083994995997,0 -71.51684263780665,-16.36086826461135,0 -71.51730698626504,-16.3609806445364,0 
							</coordinates>
						</LinearRing>
					</outerBoundaryIs>
				</Polygon>
			</Placemark>
			<Placemark>
				<name>1.1.70-11</name>
				<styleUrl>#msn_ylw-pushpin29001140</styleUrl>
				<Polygon>
					<tessellate>1</tessellate>
					<outerBoundaryIs>
						<LinearRing>
							<coordinates>
								-71.51722581705124,-16.3614238932653,0 -71.51718550677306,-16.36161101128033,0 -71.51715719830135,-16.36178577255152,0 -71.51686996839197,-16.36173106195373,0 -71.51665517686125,-16.36168527912535,0 -71.51650320148141,-16.36165421100812,0 -71.51632846698203,-16.36162667420464,0 -71.51623281560978,-16.36161146927269,0 -71.51627182127623,-16.36138303336515,0 -71.51629526432866,-16.36124298763668,0 -71.51671845229795,-16.36131969061539,0 -71.5169807516247,-16.36136041397285,0 -71.51722581705124,-16.3614238932653,0 
							</coordinates>
						</LinearRing>
					</outerBoundaryIs>
				</Polygon>
			</Placemark>
			<Placemark>
				<name>1.1.70-12</name>
				<styleUrl>#msn_ylw-pushpin29001140</styleUrl>
				<Polygon>
					<tessellate>1</tessellate>
					<outerBoundaryIs>
						<LinearRing>
							<coordinates>
								-71.51605007298363,-16.36164115784593,0 -71.51593882548342,-16.36217938366244,0 -71.5158273222378,-16.36268276414186,0 -71.5157816862765,-16.3629155184734,0 -71.51549909597701,-16.36285819484098,0 -71.51522915592578,-16.36279332496433,0 -71.5149439502927,-16.36274593235754,0 -71.51485825035165,-16.36272663216931,0 -71.51496169817844,-16.36223782413165,0 -71.51504511735945,-16.36183119823958,0 -71.51513049156615,-16.3614694425677,0 -71.51605007298363,-16.36164115784593,0 
							</coordinates>
						</LinearRing>
					</outerBoundaryIs>
				</Polygon>
			</Placemark>
			<Placemark>
				<name>1.1.70-13</name>
				<styleUrl>#msn_ylw-pushpin29001140</styleUrl>
				<Polygon>
					<tessellate>1</tessellate>
					<outerBoundaryIs>
						<LinearRing>
							<coordinates>
								-71.51570300109634,-16.36151600631231,0 -71.51551251634355,-16.36147275092331,0 -71.51513260795538,-16.36141494542477,0 -71.51516091407109,-16.36126496347683,0 -71.51520086518256,-16.36103568897333,0 -71.51538644637846,-16.36106683943857,0 -71.51572915586658,-16.3611320022719,0 -71.51613335918086,-16.36120977656037,0 -71.51605911113856,-16.36156504226505,0 -71.51570300109634,-16.36151600631231,0 
							</coordinates>
						</LinearRing>
					</outerBoundaryIs>
				</Polygon>
			</Placemark>
			<Placemark>
				<name>1.1.70-14</name>
				<styleUrl>#msn_ylw-pushpin29001140</styleUrl>
				<Polygon>
					<tessellate>1</tessellate>
					<outerBoundaryIs>
						<LinearRing>
							<coordinates>
								-71.51622419362158,-16.36075862878811,0 -71.51618506576033,-16.36097623205611,0 -71.5161457752329,-16.36114866870111,0 -71.51587113804796,-16.36108570942909,0 -71.51564392900167,-16.36104087456623,0 -71.51543386554864,-16.36100253187253,0 -71.51531498746741,-16.36098789302544,0 -71.51521896730962,-16.36096904738559,0 -71.51526554369795,-16.36074069940197,0 -71.51529909780285,-16.36059572715536,0 -71.51564035679205,-16.36065415254725,0 -71.51622419362158,-16.36075862878811,0 
							</coordinates>
						</LinearRing>
					</outerBoundaryIs>
				</Polygon>
			</Placemark>
			<Placemark>
				<name>1.1.70-15</name>
				<styleUrl>#msn_ylw-pushpin29001140</styleUrl>
				<Polygon>
					<tessellate>1</tessellate>
					<outerBoundaryIs>
						<LinearRing>
							<coordinates>
								-71.51514925252737,-16.36090966957938,0 -71.51510991627866,-16.36110014741924,0 -71.51503850730182,-16.36137877821965,0 -71.51486238733692,-16.36134819571186,0 -71.51466127588897,-16.3613197474339,0 -71.51469014467402,-16.36117920407314,0 -71.51474487714593,-16.36094365649159,0 -71.51479853511303,-16.36070913626255,0 -71.51484223046378,-16.36050692071569,0 -71.51502034501866,-16.36053673698815,0 -71.51521476279977,-16.36058208399101,0 -71.51514925252737,-16.36090966957938,0 
							</coordinates>
						</LinearRing>
					</outerBoundaryIs>
				</Polygon>
			</Placemark>
			<Placemark>
				<name>1.1.70-16</name>
				<styleUrl>#msn_ylw-pushpin29001140</styleUrl>
				<Polygon>
					<tessellate>1</tessellate>
					<outerBoundaryIs>
						<LinearRing>
							<coordinates>
								-71.51496888670482,-16.36177974654117,0 -71.51491205419494,-16.36202852527404,0 -71.51486057169463,-16.36230226838201,0 -71.51478010434097,-16.36268567720173,0 -71.51459722343874,-16.36258045681426,0 -71.51441715179074,-16.362465127565,0 -71.51444608478199,-16.36230323660404,0 -71.5144787509944,-16.36215371769477,0 -71.514517569039,-16.3619787044511,0 -71.51457288892988,-16.36173320716156,0 -71.51464499251459,-16.36139066306644,0 -71.51476322732087,-16.361410850947,0 -71.51503360466948,-16.36145036739362,0 -71.51496888670482,-16.36177974654117,0 
							</coordinates>
						</LinearRing>
					</outerBoundaryIs>
				</Polygon>
			</Placemark>
			<Placemark>
				<name>1.1.70-17</name>
				<styleUrl>#msn_ylw-pushpin29001140</styleUrl>
				<Polygon>
					<tessellate>1</tessellate>
					<outerBoundaryIs>
						<LinearRing>
							<coordinates>
								-71.51434577219618,-16.36242917297587,0 -71.51421807215884,-16.36235470039595,0 -71.51399361161421,-16.36221486963479,0 -71.51372891959512,-16.36205887934652,0 -71.51367334142459,-16.36198179480682,0 -71.5137344312879,-16.36184979076916,0 -71.51381846930511,-16.36171463016066,0 -71.51394663473219,-16.36174652576887,0 -71.51418782403822,-16.36178053144322,0 -71.51447992115058,-16.36182292091505,0 -71.51434577219618,-16.36242917297587,0 
							</coordinates>
						</LinearRing>
					</outerBoundaryIs>
				</Polygon>
			</Placemark>
			<Placemark>
				<name>1.1.70-18</name>
				<styleUrl>#msn_ylw-pushpin29001140</styleUrl>
				<Polygon>
					<tessellate>1</tessellate>
					<outerBoundaryIs>
						<LinearRing>
							<coordinates>
								-71.51455442810023,-16.36137651461771,0 -71.51453279870807,-16.36154763782123,0 -71.5144932806855,-16.36174214828787,0 -71.51430316213444,-16.36173388093545,0 -71.51412484441741,-16.36170485205365,0 -71.51395447101984,-16.3616823229086,0 -71.51387338626367,-16.36166930287944,0 -71.51386062307617,-16.36163583135025,0 -71.51394014931316,-16.36151281779688,0 -71.51398909915682,-16.36143252533222,0 -71.51402376877201,-16.36135552782099,0 -71.51406336134795,-16.36129281161186,0 -71.51427103032552,-16.36130076719456,0 -71.51455442810023,-16.36137651461771,0 
							</coordinates>
						</LinearRing>
					</outerBoundaryIs>
				</Polygon>
			</Placemark>
			<Placemark>
				<name>1.1.70-19</name>
				<styleUrl>#msn_ylw-pushpin29001140</styleUrl>
				<Polygon>
					<tessellate>1</tessellate>
					<outerBoundaryIs>
						<LinearRing>
							<coordinates>
								-71.51458216349573,-16.36129794998712,0 -71.51441934470917,-16.36126756484152,0 -71.51421765527337,-16.36123084963612,0 -71.51423656477446,-16.36115086618629,0 -71.51427141182972,-16.36097226159607,0 -71.51431404235142,-16.36078763132133,0 -71.51433807602005,-16.36061753504482,0 -71.51438808509403,-16.36041313460871,0 -71.51451010133708,-16.36044116061936,0 -71.51475872253326,-16.36049606658992,0 -71.51458216349573,-16.36129794998712,0 
							</coordinates>
						</LinearRing>
					</outerBoundaryIs>
				</Polygon>
			</Placemark>
			<Placemark>
				<name>1.1.70-20</name>
				<styleUrl>#msn_ylw-pushpin29001140</styleUrl>
				<Polygon>
					<tessellate>1</tessellate>
					<outerBoundaryIs>
						<LinearRing>
							<coordinates>
								-71.51636747885439,-16.36001550627103,0 -71.516300185049,-16.36034453397578,0 -71.51626146694014,-16.36057838413025,0 -71.51623908046727,-16.36069646653408,0 -71.51577475182329,-16.36061432213682,0 -71.51549048977988,-16.36055683412591,0 -71.51516391667445,-16.36049724795172,0 -71.51478125702731,-16.36041893383597,0 -71.51450863737134,-16.36036805830155,0 -71.51436436448633,-16.36033515493584,0 -71.51440782569016,-16.36020113579775,0 -71.51445474483967,-16.36016534680297,0 -71.51498262340874,-16.36018461327799,0 -71.51539805325106,-16.36017913607685,0 -71.51576798016239,-16.36019109114582,0 -71.51587083576206,-16.36022973030351,0 -71.51593934613388,-16.3600627528813,0 -71.51609114541171,-16.36000483122006,0 -71.51618896194832,-16.35997584358117,0 -71.51624095317143,-16.35996008270114,0 -71.51632582788474,-16.35997192603162,0 -71.51635994764814,-16.35997668706645,0 -71.51636747885439,-16.36001550627103,0 
							</coordinates>
						</LinearRing>
					</outerBoundaryIs>
				</Polygon>
			</Placemark>
			<Placemark>
				<name>1.1.71-6</name>
				<styleUrl>#msn_ylw-pushpin29001140</styleUrl>
				<Polygon>
					<tessellate>1</tessellate>
					<outerBoundaryIs>
						<LinearRing>
							<coordinates>
								-71.5157703613761,-16.36297106163958,0 -71.51569296966274,-16.36333158539484,0 -71.51518580145638,-16.36323405085197,0 -71.51525816190789,-16.36286466447756,0 -71.5157703613761,-16.36297106163958,0 
							</coordinates>
						</LinearRing>
					</outerBoundaryIs>
				</Polygon>
			</Placemark>
			<Placemark>
				<name>1.1.71-7</name>
				<styleUrl>#msn_ylw-pushpin29001140</styleUrl>
				<Polygon>
					<tessellate>1</tessellate>
					<outerBoundaryIs>
						<LinearRing>
							<coordinates>
								-71.51515549490503,-16.36284668714984,0 -71.5151159298284,-16.36308355940263,0 -71.51508399165505,-16.36320215255399,0 -71.51490747898818,-16.36317008826504,0 -71.51471301446982,-16.36311713669838,0 -71.51475529501079,-16.36291248766134,0 -71.51477833366113,-16.36280137612668,0 -71.51479009602095,-16.3627708071629,0 -71.51515549490503,-16.36284668714984,0 
							</coordinates>
						</LinearRing>
					</outerBoundaryIs>
				</Polygon>
			</Placemark>
			<Placemark>
				<name>1.1.71-8</name>
				<styleUrl>#msn_ylw-pushpin29001140</styleUrl>
				<Polygon>
					<tessellate>1</tessellate>
					<outerBoundaryIs>
						<LinearRing>
							<coordinates>
								-71.5146719010063,-16.36308935699513,0 -71.51450109848203,-16.36302055065599,0 -71.5143470868915,-16.36293397802849,0 -71.51437147210515,-16.3628289897635,0 -71.51439983384712,-16.36283372468114,0 -71.51445829568073,-16.36258198530414,0 -71.51457413547996,-16.36264853913631,0 -71.51474094376577,-16.3627472188163,0 -71.5146719010063,-16.36308935699513,0 
							</coordinates>
						</LinearRing>
					</outerBoundaryIs>
				</Polygon>
			</Placemark>
			<Placemark>
				<name>1.1.71-9</name>
				<styleUrl>#msn_ylw-pushpin29001140</styleUrl>
				<Polygon>
					<tessellate>1</tessellate>
					<outerBoundaryIs>
						<LinearRing>
							<coordinates>
								-71.5144261930029,-16.36256908633967,0 -71.5143706371272,-16.36280078475366,0 -71.51432576401172,-16.36290957239855,0 -71.51416253664051,-16.36277169045716,0 -71.51409117387935,-16.36266733127775,0 -71.51412970230945,-16.36250354047453,0 -71.51431034689278,-16.3625031696448,0 -71.5144261930029,-16.36256908633967,0 
							</coordinates>
						</LinearRing>
					</outerBoundaryIs>
				</Polygon>
			</Placemark>
			<Placemark>
				<name>1.1.71-10</name>
				<styleUrl>#msn_ylw-pushpin29001140</styleUrl>
				<Polygon>
					<tessellate>1</tessellate>
					<outerBoundaryIs>
						<LinearRing>
							<coordinates>
								-71.5139785433807,-16.36231471382294,0 -71.51389449955013,-16.36262162374971,0 -71.51370431360557,-16.36254720499862,0 -71.51370024516659,-16.36231755592145,0 -71.51372883965686,-16.36218317362321,0 -71.5139785433807,-16.36231471382294,0 
							</coordinates>
						</LinearRing>
					</outerBoundaryIs>
				</Polygon>
			</Placemark>
			<Placemark>
				<name>1.1.71-14</name>
				<styleUrl>#msn_ylw-pushpin29001140</styleUrl>
				<Polygon>
					<tessellate>1</tessellate>
					<outerBoundaryIs>
						<LinearRing>
							<coordinates>
								-71.51482959104452,-16.36446560214759,0 -71.51471051709264,-16.3648754502447,0 -71.51436109229162,-16.36535713567364,0 -71.514246048841,-16.36530838665587,0 -71.51408227593582,-16.36533391673302,0 -71.51402008495694,-16.36533389750106,0 -71.5140078304885,-16.36494653249888,0 -71.51400209981777,-16.36430112719438,0 -71.51482959104452,-16.36446560214759,0 
							</coordinates>
						</LinearRing>
					</outerBoundaryIs>
				</Polygon>
			</Placemark>
		</Folder>
		<Folder>
			<name>E</name>
			<Placemark>
				<name>1.1.53-1</name>
				<styleUrl>#msn_ylw-pushpin290011400</styleUrl>
				<Polygon>
					<tessellate>1</tessellate>
					<outerBoundaryIs>
						<LinearRing>
							<coordinates>
								-71.50354310197122,-16.36146681053628,0 -71.50428861139629,-16.36226067166911,0 -71.50388454811454,-16.36259563478281,0 -71.50312751128035,-16.36186162757482,0 -71.50354310197122,-16.36146681053628,0 
							</coordinates>
						</LinearRing>
					</outerBoundaryIs>
				</Polygon>
			</Placemark>
			<Placemark>
				<name>1.1.53-2</name>
				<styleUrl>#msn_ylw-pushpin290011400</styleUrl>
				<Polygon>
					<tessellate>1</tessellate>
					<outerBoundaryIs>
						<LinearRing>
							<coordinates>
								-71.50314822513818,-16.36282853286549,0 -71.50266397479101,-16.36231426763154,0 -71.50307493362104,-16.36191333303374,0 -71.5035968355328,-16.36242439027687,0 -71.50314822513818,-16.36282853286549,0 
							</coordinates>
						</LinearRing>
					</outerBoundaryIs>
				</Polygon>
			</Placemark>
			<Placemark>
				<name>1.1.53-3</name>
				<styleUrl>#msn_ylw-pushpin290011400</styleUrl>
				<Polygon>
					<tessellate>1</tessellate>
					<outerBoundaryIs>
						<LinearRing>
							<coordinates>
								-71.50259317610275,-16.36239443867442,0 -71.5032924258706,-16.36309147543515,0 -71.50276734471463,-16.36338267319869,0 -71.50216849508664,-16.36279796982137,0 -71.50259317610275,-16.36239443867442,0 
							</coordinates>
						</LinearRing>
					</outerBoundaryIs>
				</Polygon>
			</Placemark>
			<Placemark>
				<name>1.1.53-4</name>
				<styleUrl>#msn_ylw-pushpin290011400</styleUrl>
				<Polygon>
					<tessellate>1</tessellate>
					<outerBoundaryIs>
						<LinearRing>
							<coordinates>
								-71.50211661114064,-16.36284154822313,0 -71.50272204968921,-16.36342847090003,0 -71.50219812791701,-16.36372506600175,0 -71.50168958455751,-16.36323461537159,0 -71.50211661114064,-16.36284154822313,0 
							</coordinates>
						</LinearRing>
					</outerBoundaryIs>
				</Polygon>
			</Placemark>
			<Placemark>
				<name>1.1.53-5</name>
				<styleUrl>#msn_ylw-pushpin290011400</styleUrl>
				<Polygon>
					<tessellate>1</tessellate>
					<outerBoundaryIs>
						<LinearRing>
							<coordinates>
								-71.50163873665913,-16.36327375516948,0 -71.50216537436438,-16.36376556434681,0 -71.50190468977772,-16.36392646134497,0 -71.50135366770165,-16.36356096862298,0 -71.50163873665913,-16.36327375516948,0 
							</coordinates>
						</LinearRing>
					</outerBoundaryIs>
				</Polygon>
			</Placemark>
			<Placemark>
				<name>1.1.53-6</name>
				<styleUrl>#msn_ylw-pushpin290011400</styleUrl>
				<Polygon>
					<tessellate>1</tessellate>
					<outerBoundaryIs>
						<LinearRing>
							<coordinates>
								-71.50102399894737,-16.36269902746557,0 -71.50159398339014,-16.36323261089319,0 -71.5013784223558,-16.36344523744605,0 -71.50081605613998,-16.36284789543769,0 -71.50102399894737,-16.36269902746557,0 
							</coordinates>
						</LinearRing>
					</outerBoundaryIs>
				</Polygon>
			</Placemark>
			<Placemark>
				<name>1.1.53-7</name>
				<styleUrl>#msn_ylw-pushpin290011400</styleUrl>
				<Polygon>
					<tessellate>1</tessellate>
					<outerBoundaryIs>
						<LinearRing>
							<coordinates>
								-71.50137648559146,-16.36215137244467,0 -71.50203573618383,-16.36278827514747,0 -71.50163542324918,-16.36316290497848,0 -71.50099885602407,-16.36251146263571,0 -71.50137648559146,-16.36215137244467,0 
							</coordinates>
						</LinearRing>
					</outerBoundaryIs>
				</Polygon>
			</Placemark>
			<Placemark>
				<name>1.1.53-8</name>
				<styleUrl>#msn_ylw-pushpin290011400</styleUrl>
				<Polygon>
					<tessellate>1</tessellate>
					<outerBoundaryIs>
						<LinearRing>
							<coordinates>
								-71.50184898072091,-16.36167898890557,0 -71.50252127554839,-16.36234471009235,0 -71.50210562688329,-16.36272339169679,0 -71.50143471689664,-16.36209205000674,0 -71.50184898072091,-16.36167898890557,0 
							</coordinates>
						</LinearRing>
					</outerBoundaryIs>
				</Polygon>
			</Placemark>
			<Placemark>
				<name>1.1.53-9</name>
				<styleUrl>#msn_ylw-pushpin290011400</styleUrl>
				<Polygon>
					<tessellate>1</tessellate>
					<outerBoundaryIs>
						<LinearRing>
							<coordinates>
								-71.50234744565965,-16.36122323514479,0 -71.50302744593891,-16.36186967353185,0 -71.50260416541823,-16.36226161767647,0 -71.50193549404267,-16.361612632965,0 -71.50234744565965,-16.36122323514479,0 
							</coordinates>
						</LinearRing>
					</outerBoundaryIs>
				</Polygon>
			</Placemark>
			<Placemark>
				<name>1.1.53-10</name>
				<styleUrl>#msn_ylw-pushpin290011400</styleUrl>
				<Polygon>
					<tessellate>1</tessellate>
					<outerBoundaryIs>
						<LinearRing>
							<coordinates>
								-71.50347675874879,-16.36139647112175,0 -71.50309232674881,-16.36180857565774,0 -71.50238342508101,-16.3611481545892,0 -71.5027959845102,-16.36075502450285,0 -71.50347675874879,-16.36139647112175,0 
							</coordinates>
						</LinearRing>
					</outerBoundaryIs>
				</Polygon>
			</Placemark>
			<Placemark>
				<name>1.1.53-11</name>
				<styleUrl>#msn_ylw-pushpin290011400</styleUrl>
				<Polygon>
					<tessellate>1</tessellate>
					<outerBoundaryIs>
						<LinearRing>
							<coordinates>
								-71.50146946172335,-16.36026520162442,0 -71.50172077461841,-16.35973186734292,0 -71.50223979769424,-16.3602437747037,0 -71.50269309354411,-16.3607033177209,0 -71.50232169877812,-16.3610922306052,0 -71.50146946172335,-16.36026520162442,0 
							</coordinates>
						</LinearRing>
					</outerBoundaryIs>
				</Polygon>
			</Placemark>
			<Placemark>
				<name>1.1.53-12</name>
				<styleUrl>#msn_ylw-pushpin290011400</styleUrl>
				<Polygon>
					<tessellate>1</tessellate>
					<outerBoundaryIs>
						<LinearRing>
							<coordinates>
								-71.50228930144758,-16.36118117890976,0 -71.50186476098085,-16.36154109895851,0 -71.50117724861278,-16.36092243803185,0 -71.50145276122352,-16.36031221684042,0 -71.50228930144758,-16.36118117890976,0 
							</coordinates>
						</LinearRing>
					</outerBoundaryIs>
				</Polygon>
			</Placemark>
			<Placemark>
				<name>1.1.53-13</name>
				<styleUrl>#msn_ylw-pushpin290011400</styleUrl>
				<Polygon>
					<tessellate>1</tessellate>
					<outerBoundaryIs>
						<LinearRing>
							<coordinates>
								-71.50112662549252,-16.36097970027594,0 -71.5017990646875,-16.36163566247809,0 -71.50138510141488,-16.36203568360617,0 -71.50085999237034,-16.36150672360893,0 -71.50112662549252,-16.36097970027594,0 
							</coordinates>
						</LinearRing>
					</outerBoundaryIs>
				</Polygon>
			</Placemark>
			<Placemark>
				<name>1.1.53-14</name>
				<styleUrl>#msn_ylw-pushpin290011400</styleUrl>
				<Polygon>
					<tessellate>1</tessellate>
					<outerBoundaryIs>
						<LinearRing>
							<coordinates>
								-71.50081810144819,-16.36160046615112,0 -71.50132849608524,-16.36209303678991,0 -71.50087412073491,-16.36251260133494,0 -71.50075307048584,-16.36237169901318,0 -71.500610184089,-16.36185946511167,0 -71.50081810144819,-16.36160046615112,0 
							</coordinates>
						</LinearRing>
					</outerBoundaryIs>
				</Polygon>
			</Placemark>
			<Placemark>
				<name>1.1.53-15</name>
				<styleUrl>#msn_ylw-pushpin290011400</styleUrl>
				<Polygon>
					<tessellate>1</tessellate>
					<outerBoundaryIs>
						<LinearRing>
							<coordinates>
								-71.50063849867684,-16.36146758455472,0 -71.50077376187924,-16.36154230572523,0 -71.50067290963861,-16.36167675747276,0 -71.50055141637914,-16.36157012819371,0 -71.50063849867684,-16.36146758455472,0 
							</coordinates>
						</LinearRing>
					</outerBoundaryIs>
				</Polygon>
			</Placemark>
			<Placemark>
				<name>1.1.53-16</name>
				<styleUrl>#msn_ylw-pushpin290011400</styleUrl>
				<Polygon>
					<tessellate>1</tessellate>
					<outerBoundaryIs>
						<LinearRing>
							<coordinates>
								-71.50099984664192,-16.36106477520624,0 -71.50079977931949,-16.36144963355214,0 -71.50039917875611,-16.36129097895469,0 -71.50016753142079,-16.36089515808734,0 -71.50022493115692,-16.36072129242765,0 -71.50099984664192,-16.36106477520624,0 
							</coordinates>
						</LinearRing>
					</outerBoundaryIs>
				</Polygon>
			</Placemark>
			<Placemark>
				<name>1.1.53-17</name>
				<styleUrl>#msn_ylw-pushpin290011400</styleUrl>
				<Polygon>
					<tessellate>1</tessellate>
					<outerBoundaryIs>
						<LinearRing>
							<coordinates>
								-71.50125078954696,-16.36052277796402,0 -71.50102402914884,-16.36099383741458,0 -71.50032018852963,-16.3606880905744,0 -71.50022518659705,-16.3602427986632,0 -71.50026356820257,-16.36005535447577,0 -71.50125078954696,-16.36052277796402,0 
							</coordinates>
						</LinearRing>
					</outerBoundaryIs>
				</Polygon>
			</Placemark>
			<Placemark>
				<name>1.1.53-18</name>
				<styleUrl>#msn_ylw-pushpin290011400</styleUrl>
				<Polygon>
					<tessellate>1</tessellate>
					<outerBoundaryIs>
						<LinearRing>
							<coordinates>
								-71.50027575109816,-16.35997012903641,0 -71.50053351994792,-16.3594530929924,0 -71.50155895229432,-16.35991026387371,0 -71.50130458241104,-16.36045141392201,0 -71.50027575109816,-16.35997012903641,0 
							</coordinates>
						</LinearRing>
					</outerBoundaryIs>
				</Polygon>
			</Placemark>
			<Placemark>
				<name>1.1.53-19</name>
				<styleUrl>#msn_ylw-pushpin290011400</styleUrl>
				<Polygon>
					<tessellate>1</tessellate>
					<outerBoundaryIs>
						<LinearRing>
							<coordinates>
								-71.50169828562541,-16.35926540266293,0 -71.50166569429265,-16.35962018798676,0 -71.50158204556871,-16.35983719186964,0 -71.50057043168852,-16.35937609820226,0 -71.5008371017596,-16.35885229419731,0 -71.50169828562541,-16.35926540266293,0 
							</coordinates>
						</LinearRing>
					</outerBoundaryIs>
				</Polygon>
			</Placemark>
			<Placemark>
				<name>1.1.53-20</name>
				<styleUrl>#msn_ylw-pushpin290011400</styleUrl>
				<Polygon>
					<tessellate>1</tessellate>
					<outerBoundaryIs>
						<LinearRing>
							<coordinates>
								-71.50170058462784,-16.35917496932244,0 -71.50087536245638,-16.35881990515963,0 -71.5010573531585,-16.35844111890694,0 -71.5012787815279,-16.35836198919755,0 -71.50199564539439,-16.35863894567693,0 -71.50170058462784,-16.35917496932244,0 
							</coordinates>
						</LinearRing>
					</outerBoundaryIs>
				</Polygon>
			</Placemark>
			<Placemark>
				<name>1.1.53-21</name>
				<styleUrl>#msn_ylw-pushpin290011400</styleUrl>
				<Polygon>
					<tessellate>1</tessellate>
					<outerBoundaryIs>
						<LinearRing>
							<coordinates>
								-71.50241038673623,-16.35815413444709,0 -71.50202793020759,-16.35859603945907,0 -71.50114405069016,-16.35817903516309,0 -71.50137485159624,-16.35768841295532,0 -71.50241038673623,-16.35815413444709,0 
							</coordinates>
						</LinearRing>
					</outerBoundaryIs>
				</Polygon>
			</Placemark>
			<Placemark>
				<name>1.1.53-22</name>
				<styleUrl>#msn_ylw-pushpin290011400</styleUrl>
				<Polygon>
					<tessellate>1</tessellate>
					<outerBoundaryIs>
						<LinearRing>
							<coordinates>
								-71.50166751464816,-16.35714630571875,0 -71.50263303252839,-16.35756023065788,0 -71.5023893401403,-16.35807683322475,0 -71.50143312017551,-16.35762012053443,0 -71.50166751464816,-16.35714630571875,0 
							</coordinates>
						</LinearRing>
					</outerBoundaryIs>
				</Polygon>
			</Placemark>
			<Placemark>
				<name>1.1.53-28</name>
				<styleUrl>#msn_ylw-pushpin290011400</styleUrl>
				<Polygon>
					<tessellate>1</tessellate>
					<outerBoundaryIs>
						<LinearRing>
							<coordinates>
								-71.50101123859727,-16.35821884472953,0 -71.50090016517321,-16.35857816010966,0 -71.50079915518459,-16.35875132537254,0 -71.50007186534951,-16.35845107931245,0 -71.5002869328364,-16.35797293258875,0 -71.50101123859727,-16.35821884472953,0 
							</coordinates>
						</LinearRing>
					</outerBoundaryIs>
				</Polygon>
			</Placemark>
			<Placemark>
				<name>1.1.53-30</name>
				<styleUrl>#msn_ylw-pushpin290011400</styleUrl>
				<Polygon>
					<tessellate>1</tessellate>
					<outerBoundaryIs>
						<LinearRing>
							<coordinates>
								-71.50023535223447,-16.3599413632728,0 -71.50018622969645,-16.36012560115412,0 -71.50019037174252,-16.36032634505465,0 -71.50011819084168,-16.36035384670289,0 -71.49991317200129,-16.3598861612324,0 -71.49980423081826,-16.35910347377903,0 -71.50047194768108,-16.35944860019685,0 -71.50023535223447,-16.3599413632728,0 
							</coordinates>
						</LinearRing>
					</outerBoundaryIs>
				</Polygon>
			</Placemark>
			<Placemark>
				<name>1.1.53-31</name>
				<styleUrl>#msn_ylw-pushpin290011400</styleUrl>
				<Polygon>
					<tessellate>1</tessellate>
					<outerBoundaryIs>
						<LinearRing>
							<coordinates>
								-71.49973781642336,-16.35894801799092,0 -71.49954415103545,-16.3582596014566,0 -71.49996746312131,-16.35848071166343,0 -71.49973781642336,-16.35894801799092,0 
							</coordinates>
						</LinearRing>
					</outerBoundaryIs>
				</Polygon>
			</Placemark>
			<Placemark>
				<name>1.1.53-32</name>
				<styleUrl>#msn_ylw-pushpin290011400</styleUrl>
				<Polygon>
					<tessellate>1</tessellate>
					<outerBoundaryIs>
						<LinearRing>
							<coordinates>
								-71.49952760054131,-16.35762850324048,0 -71.50022546527843,-16.35797680381187,0 -71.49999458486863,-16.35838897464604,0 -71.49947373786459,-16.35811140903267,0 -71.49952760054131,-16.35762850324048,0 
							</coordinates>
						</LinearRing>
					</outerBoundaryIs>
				</Polygon>
			</Placemark>
			<Placemark>
				<name>1.1.53-33</name>
				<styleUrl>#msn_ylw-pushpin290011400</styleUrl>
				<Polygon>
					<tessellate>1</tessellate>
					<outerBoundaryIs>
						<LinearRing>
							<coordinates>
								-71.49974908462137,-16.35728060621633,0 -71.50010999419625,-16.35743849747003,0 -71.50027670352576,-16.35716912779969,0 -71.50055612455505,-16.35732957783736,0 -71.50023099108925,-16.35790974336316,0 -71.49955931284214,-16.35756084121054,0 -71.49974908462137,-16.35728060621633,0 
							</coordinates>
						</LinearRing>
					</outerBoundaryIs>
				</Polygon>
			</Placemark>
			<Placemark>
				<name>1.1.53-54</name>
				<styleUrl>#msn_ylw-pushpin290011400</styleUrl>
				<Polygon>
					<tessellate>1</tessellate>
					<outerBoundaryIs>
						<LinearRing>
							<coordinates>
								-71.50129816834425,-16.35768063386418,0 -71.50107189251361,-16.35809948465344,0 -71.50083813423564,-16.35807654489896,0 -71.50032684772258,-16.35786698678668,0 -71.50061255352794,-16.35735619688511,0 -71.50129816834425,-16.35768063386418,0 
							</coordinates>
						</LinearRing>
					</outerBoundaryIs>
				</Polygon>
			</Placemark>
			<Placemark>
				<name>1.1.54-1</name>
				<styleUrl>#msn_ylw-pushpin290011400</styleUrl>
				<Polygon>
					<tessellate>1</tessellate>
					<outerBoundaryIs>
						<LinearRing>
							<coordinates>
								-71.50532750629843,-16.36143199861726,0 -71.50502641732848,-16.36165780496281,0 -71.50465864642162,-16.36122914144233,0 -71.50495227239377,-16.36100216654443,0 -71.50532750629843,-16.36143199861726,0 
							</coordinates>
						</LinearRing>
					</outerBoundaryIs>
				</Polygon>
			</Placemark>
			<Placemark>
				<name>1.1.54-2</name>
				<styleUrl>#msn_ylw-pushpin290011400</styleUrl>
				<Polygon>
					<tessellate>1</tessellate>
					<outerBoundaryIs>
						<LinearRing>
							<coordinates>
								-71.50499898099831,-16.36170916690444,0 -71.50470676936914,-16.36194577152557,0 -71.50431417153042,-16.36151718540704,0 -71.50460638294241,-16.36127539254668,0 -71.50499898099831,-16.36170916690444,0 
							</coordinates>
						</LinearRing>
					</outerBoundaryIs>
				</Polygon>
			</Placemark>
			<Placemark>
				<name>1.1.54-3</name>
				<styleUrl>#msn_ylw-pushpin290011400</styleUrl>
				<Polygon>
					<tessellate>1</tessellate>
					<outerBoundaryIs>
						<LinearRing>
							<coordinates>
								-71.50427326962753,-16.36154001548991,0 -71.50464639970046,-16.3619686016593,0 -71.50435222071135,-16.36221246995985,0 -71.50398017213354,-16.36177558126594,0 -71.50427326962753,-16.36154001548991,0 
							</coordinates>
						</LinearRing>
					</outerBoundaryIs>
				</Polygon>
			</Placemark>
			<Placemark>
				<name>1.1.54-4</name>
				<styleUrl>#msn_ylw-pushpin290011400</styleUrl>
				<Polygon>
					<tessellate>1</tessellate>
					<outerBoundaryIs>
						<LinearRing>
							<coordinates>
								-71.50391744310529,-16.36173515231288,0 -71.50340046987019,-16.36121212914591,0 -71.50366652990964,-16.36095613117305,0 -71.50422027411325,-16.36150062444626,0 -71.50391744310529,-16.36173515231288,0 
							</coordinates>
						</LinearRing>
					</outerBoundaryIs>
				</Polygon>
			</Placemark>
			<Placemark>
				<name>1.1.54-5</name>
				<styleUrl>#msn_ylw-pushpin290011400</styleUrl>
				<Polygon>
					<tessellate>1</tessellate>
					<outerBoundaryIs>
						<LinearRing>
							<coordinates>
								-71.50400194949417,-16.36066202750888,0 -71.504562182859,-16.36122655820943,0 -71.50425488379628,-16.36145424784144,0 -71.50370128189761,-16.36090381932494,0 -71.50400194949417,-16.36066202750888,0 
							</coordinates>
						</LinearRing>
					</outerBoundaryIs>
				</Polygon>
			</Placemark>
			<Placemark>
				<name>1.1.54-6</name>
				<styleUrl>#msn_ylw-pushpin290011400</styleUrl>
				<Polygon>
					<tessellate>1</tessellate>
					<outerBoundaryIs>
						<LinearRing>
							<coordinates>
								-71.50487852722898,-16.360953784409,0 -71.50459949159803,-16.36119038868658,0 -71.50435885456274,-16.36094117985023,0 -71.50467195439704,-16.36074623696284,0 -71.50487852722898,-16.360953784409,0 
							</coordinates>
						</LinearRing>
					</outerBoundaryIs>
				</Polygon>
			</Placemark>
			<Placemark>
				<name>1.1.54-7</name>
				<styleUrl>#msn_ylw-pushpin290011400</styleUrl>
				<Polygon>
					<tessellate>1</tessellate>
					<outerBoundaryIs>
						<LinearRing>
							<coordinates>
								-71.50440589782035,-16.36050236846666,0 -71.50430855989765,-16.36060302887653,0 -71.50445672948925,-16.36073689721005,0 -71.50429125483934,-16.3608852934891,0 -71.50402303553757,-16.36060095268662,0 -71.50425880995061,-16.36034878291994,0 -71.50440589782035,-16.36050236846666,0 
							</coordinates>
						</LinearRing>
					</outerBoundaryIs>
				</Polygon>
			</Placemark>
			<Placemark>
				<name>1.1.54-8</name>
				<styleUrl>#msn_ylw-pushpin290011400</styleUrl>
				<Polygon>
					<tessellate>1</tessellate>
					<outerBoundaryIs>
						<LinearRing>
							<coordinates>
								-71.50396896067636,-16.36009453639099,0 -71.50420040718785,-16.36031661288386,0 -71.50394840990826,-16.36054906551997,0 -71.5036964140788,-16.36033529050407,0 -71.50396896067636,-16.36009453639099,0 
							</coordinates>
						</LinearRing>
					</outerBoundaryIs>
				</Polygon>
			</Placemark>
			<Placemark>
				<name>1.1.54-9</name>
				<styleUrl>#msn_ylw-pushpin290011400</styleUrl>
				<Polygon>
					<tessellate>1</tessellate>
					<outerBoundaryIs>
						<LinearRing>
							<coordinates>
								-71.50339034287192,-16.36004472221625,0 -71.50357744824366,-16.35990981734998,0 -71.50387703076746,-16.36006029071581,0 -71.50365531626744,-16.36029585622523,0 -71.50339034287192,-16.36004472221625,0 
							</coordinates>
						</LinearRing>
					</outerBoundaryIs>
				</Polygon>
			</Placemark>
			<Placemark>
				<name>1.1.54-10</name>
				<styleUrl>#msn_ylw-pushpin290011400</styleUrl>
				<Polygon>
					<tessellate>1</tessellate>
					<outerBoundaryIs>
						<LinearRing>
							<coordinates>
								-71.5036390903327,-16.36086661221374,0 -71.50316321902982,-16.36038717422767,0 -71.50335140617854,-16.36031349620105,0 -71.50349416816096,-16.36032802548787,0 -71.50365098966196,-16.36039340383757,0 -71.50389757754884,-16.36063623548926,0 -71.5036390903327,-16.36086661221374,0 
							</coordinates>
						</LinearRing>
					</outerBoundaryIs>
				</Polygon>
			</Placemark>
			<Placemark>
				<name>1.1.54-11</name>
				<styleUrl>#msn_ylw-pushpin290011400</styleUrl>
				<Polygon>
					<tessellate>1</tessellate>
					<outerBoundaryIs>
						<LinearRing>
							<coordinates>
								-71.50307020770558,-16.36040273944822,0 -71.50363043789426,-16.36092161222822,0 -71.50336005278436,-16.3611903850211,0 -71.50281171921452,-16.36065075686882,0 -71.50307020770558,-16.36040273944822,0 
							</coordinates>
						</LinearRing>
					</outerBoundaryIs>
				</Polygon>
			</Placemark>
			<Placemark>
				<name>1.1.57-1</name>
				<styleUrl>#msn_ylw-pushpin290011400</styleUrl>
				<Polygon>
					<tessellate>1</tessellate>
					<outerBoundaryIs>
						<LinearRing>
							<coordinates>
								-71.50512491865932,-16.3631333762382,0 -71.50483835879001,-16.36339330101544,0 -71.50458747472641,-16.36310222666002,0 -71.50445392250622,-16.36296051873669,0 -71.50476236016291,-16.36271888217921,0 -71.50512491865932,-16.3631333762382,0 
							</coordinates>
						</LinearRing>
					</outerBoundaryIs>
				</Polygon>
			</Placemark>
			<Placemark>
				<name>1.1.57-2</name>
				<styleUrl>#msn_ylw-pushpin290011400</styleUrl>
				<Polygon>
					<tessellate>1</tessellate>
					<outerBoundaryIs>
						<LinearRing>
							<coordinates>
								-71.50546486502996,-16.36285700256377,0 -71.50532733215653,-16.36297007867199,0 -71.5051676811796,-16.3630860621372,0 -71.50497271627177,-16.36286980626379,0 -71.50481377218443,-16.36268987893826,0 -71.50497082019145,-16.36257717574773,0 -71.50511941734209,-16.36246627325531,0 -71.50546486502996,-16.36285700256377,0 
							</coordinates>
						</LinearRing>
					</outerBoundaryIs>
				</Polygon>
			</Placemark>
			<Placemark>
				<name>1.1.57-3</name>
				<styleUrl>#msn_ylw-pushpin290011400</styleUrl>
				<Polygon>
					<tessellate>1</tessellate>
					<outerBoundaryIs>
						<LinearRing>
							<coordinates>
								-71.50579194177229,-16.3625834033867,0 -71.5057350323339,-16.36265561529906,0 -71.50564380323641,-16.36272047721903,0 -71.50554727401,-16.36278001664264,0 -71.50549900871786,-16.36281491831237,0 -71.5053471600301,-16.36263173887115,0 -71.50523507202865,-16.3625081869367,0 -71.50515841245316,-16.36242419116895,0 -71.50530773365675,-16.3622945995684,0 -71.50542750828359,-16.36220262851388,0 -71.50579194177229,-16.3625834033867,0 
							</coordinates>
						</LinearRing>
					</outerBoundaryIs>
				</Polygon>
			</Placemark>
			<Placemark>
				<name>1.1.57-4</name>
				<styleUrl>#msn_ylw-pushpin290011400</styleUrl>
				<Polygon>
					<tessellate>1</tessellate>
					<outerBoundaryIs>
						<LinearRing>
							<coordinates>
								-71.50567000572228,-16.36189719200062,0 -71.50543048587302,-16.36209178433387,0 -71.50527184420642,-16.36190848482212,0 -71.50511847618414,-16.36173764841885,0 -71.5052947074719,-16.36155042824557,0 -71.50541035934673,-16.36156955958721,0 -71.50567000572228,-16.36189719200062,0 
							</coordinates>
						</LinearRing>
					</outerBoundaryIs>
				</Polygon>
			</Placemark>
			<Placemark>
				<name>1.1.57-5</name>
				<styleUrl>#msn_ylw-pushpin290011400</styleUrl>
				<Polygon>
					<tessellate>1</tessellate>
					<outerBoundaryIs>
						<LinearRing>
							<coordinates>
								-71.50537890061392,-16.362127054864,0 -71.50522069688525,-16.36224447735748,0 -71.50508772914603,-16.36236849811763,0 -71.50491179475291,-16.36214235181759,0 -71.50477605515395,-16.36200720134341,0 -71.50498531644779,-16.3618271676689,0 -71.50507141260005,-16.36177441852572,0 -71.50537890061392,-16.362127054864,0 
							</coordinates>
						</LinearRing>
					</outerBoundaryIs>
				</Polygon>
			</Placemark>
			<Placemark>
				<name>1.1.57-6</name>
				<styleUrl>#msn_ylw-pushpin290011400</styleUrl>
				<Polygon>
					<tessellate>1</tessellate>
					<outerBoundaryIs>
						<LinearRing>
							<coordinates>
								-71.50504358128951,-16.36240541889762,0 -71.50484184339993,-16.36255629100485,0 -71.50474644030307,-16.36262774903261,0 -71.5046475484294,-16.36248908899782,0 -71.504516211102,-16.36235400352205,0 -71.50444772769018,-16.36228205444855,0 -71.50453828843473,-16.36221172805798,0 -71.50461206814985,-16.36214835791848,0 -71.50473479367371,-16.36204432588047,0 -71.50485776762085,-16.36217273878858,0 -71.50504358128951,-16.36240541889762,0 
							</coordinates>
						</LinearRing>
					</outerBoundaryIs>
				</Polygon>
			</Placemark>
			<Placemark>
				<name>1.1.57-7</name>
				<styleUrl>#msn_ylw-pushpin290011400</styleUrl>
				<Polygon>
					<tessellate>1</tessellate>
					<outerBoundaryIs>
						<LinearRing>
							<coordinates>
								-71.50450580857641,-16.36279601961986,0 -71.50438762096201,-16.36291133920811,0 -71.50426166242943,-16.36274360170769,0 -71.5041017969194,-16.36256097325484,0 -71.50423080675159,-16.36246297780361,0 -71.50440467667741,-16.36232223884913,0 -71.50458878946812,-16.36251148858028,0 -71.50467927613359,-16.36265875957182,0 -71.50450580857641,-16.36279601961986,0 
							</coordinates>
						</LinearRing>
					</outerBoundaryIs>
				</Polygon>
			</Placemark>
			<Placemark>
				<name>1.1.57-8</name>
				<styleUrl>#msn_ylw-pushpin290011400</styleUrl>
				<Polygon>
					<tessellate>1</tessellate>
					<outerBoundaryIs>
						<LinearRing>
							<coordinates>
								-71.50434487187721,-16.36294260375741,0 -71.50416709860542,-16.36309414205289,0 -71.50405831473229,-16.36318797660996,0 -71.50387232561415,-16.36297497957627,0 -71.50375418708504,-16.36283868234421,0 -71.50390810023158,-16.36271315966893,0 -71.50405533313418,-16.36260522322101,0 -71.50434487187721,-16.36294260375741,0 
							</coordinates>
						</LinearRing>
					</outerBoundaryIs>
				</Polygon>
			</Placemark>
			<Placemark>
				<name>1.1.57-9</name>
				<styleUrl>#msn_ylw-pushpin290011400</styleUrl>
				<Polygon>
					<tessellate>1</tessellate>
					<outerBoundaryIs>
						<LinearRing>
							<coordinates>
								-71.50401319851984,-16.36322424976871,0 -71.50394308566824,-16.36329563067761,0 -71.50386427231138,-16.36335866377596,0 -71.50371992986051,-16.36346469771214,0 -71.50354000344056,-16.36325608739055,0 -71.50339855213853,-16.3630964703227,0 -71.50354739757529,-16.36296971351609,0 -71.50370969607869,-16.36283758515822,0 -71.50401319851984,-16.36322424976871,0 
							</coordinates>
						</LinearRing>
					</outerBoundaryIs>
				</Polygon>
			</Placemark>
			<Placemark>
				<name>1.1.57-10</name>
				<styleUrl>#msn_ylw-pushpin290011400</styleUrl>
				<Polygon>
					<tessellate>1</tessellate>
					<outerBoundaryIs>
						<LinearRing>
							<coordinates>
								-71.5036363015448,-16.36350627328728,0 -71.50348709877862,-16.36360435527184,0 -71.50333231142113,-16.36371444717896,0 -71.50312447380244,-16.36346588478971,0 -71.50303361432428,-16.36333989250633,0 -71.50316315183427,-16.36325255648563,0 -71.50333869068075,-16.36312522211528,0 -71.5036363015448,-16.36350627328728,0 
							</coordinates>
						</LinearRing>
					</outerBoundaryIs>
				</Polygon>
			</Placemark>
			<Placemark>
				<name>1.1.57-11</name>
				<styleUrl>#msn_ylw-pushpin290011400</styleUrl>
				<Polygon>
					<tessellate>1</tessellate>
					<outerBoundaryIs>
						<LinearRing>
							<coordinates>
								-71.50326785299237,-16.36375043982416,0 -71.50308173730012,-16.36385889700919,0 -71.5028395483792,-16.36396961034248,0 -71.50264508866553,-16.36359174276353,0 -71.50283422184143,-16.36349482714775,0 -71.50298515211841,-16.36340650551944,0 -71.50326785299237,-16.36375043982416,0 
							</coordinates>
						</LinearRing>
					</outerBoundaryIs>
				</Polygon>
			</Placemark>
			<Placemark>
				<name>1.1.58-1</name>
				<styleUrl>#msn_ylw-pushpin290011400</styleUrl>
				<Polygon>
					<tessellate>1</tessellate>
					<outerBoundaryIs>
						<LinearRing>
							<coordinates>
								-71.50408519116422,-16.36459273593325,0 -71.50411071665209,-16.36476042992848,0 -71.50389655136865,-16.36473882264352,0 -71.50376881263584,-16.36468093222776,0 -71.50379745514952,-16.36454575005478,0 -71.50408519116422,-16.36459273593325,0 
							</coordinates>
						</LinearRing>
					</outerBoundaryIs>
				</Polygon>
			</Placemark>
			<Placemark>
				<name>1.1.58-2</name>
				<styleUrl>#msn_ylw-pushpin290011400</styleUrl>
				<Polygon>
					<tessellate>1</tessellate>
					<outerBoundaryIs>
						<LinearRing>
							<coordinates>
								-71.50493983141011,-16.36498618194863,0 -71.50469554900367,-16.36518949504045,0 -71.50431860916096,-16.36477820719633,0 -71.50417047165564,-16.36472280392815,0 -71.5041974251774,-16.36458602629961,0 -71.50437574360782,-16.36459060434108,0 -71.50444769411162,-16.36465889934971,0 -71.50456731517065,-16.36455789966313,0 -71.50493983141011,-16.36498618194863,0 
							</coordinates>
						</LinearRing>
					</outerBoundaryIs>
				</Polygon>
			</Placemark>
			<Placemark>
				<name>1.1.58-3</name>
				<styleUrl>#msn_ylw-pushpin290011400</styleUrl>
				<Polygon>
					<tessellate>1</tessellate>
					<outerBoundaryIs>
						<LinearRing>
							<coordinates>
								-71.5052853794498,-16.36469729200113,0 -71.505125083314,-16.36482041820722,0 -71.50499546830268,-16.36492564905041,0 -71.5048236081104,-16.36472453651253,0 -71.50462936131322,-16.36451091196612,0 -71.50480797248618,-16.36436505243353,0 -71.50492700599789,-16.36427290166839,0 -71.5052853794498,-16.36469729200113,0 
							</coordinates>
						</LinearRing>
					</outerBoundaryIs>
				</Polygon>
			</Placemark>
			<Placemark>
				<name>1.1.58-4</name>
				<styleUrl>#msn_ylw-pushpin290011400</styleUrl>
				<Polygon>
					<tessellate>1</tessellate>
					<outerBoundaryIs>
						<LinearRing>
							<coordinates>
								-71.50563494341563,-16.36441183186442,0 -71.50549309569386,-16.36452866898518,0 -71.505332951445,-16.36464815952005,0 -71.50515749002111,-16.36443078530981,0 -71.50498835538181,-16.36423165200046,0 -71.50513363109934,-16.36411123670433,0 -71.50526428930742,-16.36400487819968,0 -71.50563494341563,-16.36441183186442,0 
							</coordinates>
						</LinearRing>
					</outerBoundaryIs>
				</Polygon>
			</Placemark>
			<Placemark>
				<name>1.1.58-5</name>
				<styleUrl>#msn_ylw-pushpin290011400</styleUrl>
				<Polygon>
					<tessellate>1</tessellate>
					<outerBoundaryIs>
						<LinearRing>
							<coordinates>
								-71.50588980780476,-16.36423761473326,0 -71.50570110717935,-16.3643781466999,0 -71.50555595308339,-16.36422417493345,0 -71.50545657058532,-16.3641156501757,0 -71.50531985615078,-16.36396533638624,0 -71.50543372572619,-16.36386381553976,0 -71.5055975178125,-16.36370903149397,0 -71.50579539245717,-16.36392731125536,0 -71.50600183778849,-16.3641576344626,0 -71.50588980780476,-16.36423761473326,0 
							</coordinates>
						</LinearRing>
					</outerBoundaryIs>
				</Polygon>
			</Placemark>
			<Placemark>
				<name>1.1.58-6</name>
				<styleUrl>#msn_ylw-pushpin290011400</styleUrl>
				<Polygon>
					<tessellate>1</tessellate>
					<outerBoundaryIs>
						<LinearRing>
							<coordinates>
								-71.50633261740552,-16.36385750065091,0 -71.50617559200248,-16.36397491030155,0 -71.50602560211358,-16.3640883978592,0 -71.50584375588198,-16.36388266066518,0 -71.50573001596362,-16.36375627135645,0 -71.50565583580374,-16.36367445288125,0 -71.50580946108362,-16.36356266021605,0 -71.50596556125447,-16.36344222805769,0 -71.50633261740552,-16.36385750065091,0 
							</coordinates>
						</LinearRing>
					</outerBoundaryIs>
				</Polygon>
			</Placemark>
			<Placemark>
				<name>1.1.58-7</name>
				<styleUrl>#msn_ylw-pushpin290011400</styleUrl>
				<Polygon>
					<tessellate>1</tessellate>
					<outerBoundaryIs>
						<LinearRing>
							<coordinates>
								-71.50638690176284,-16.36380946028543,0 -71.50625109610507,-16.36366467370226,0 -71.5061388273805,-16.3635312937217,0 -71.50600643500795,-16.3633959808911,0 -71.50615615977696,-16.36327965236446,0 -71.50630227805476,-16.36316524874493,0 -71.50635347874844,-16.36322297418418,0 -71.5064841360101,-16.36337226210364,0 -71.50665908872733,-16.36357242452547,0 -71.50638690176284,-16.36380946028543,0 
							</coordinates>
						</LinearRing>
					</outerBoundaryIs>
				</Polygon>
			</Placemark>
			<Placemark>
				<name>1.1.58-8</name>
				<styleUrl>#msn_ylw-pushpin290011400</styleUrl>
				<Polygon>
					<tessellate>1</tessellate>
					<outerBoundaryIs>
						<LinearRing>
							<coordinates>
								-71.50694381496292,-16.36335755167746,0 -71.50686151055034,-16.36340659271799,0 -71.50672791158966,-16.36353683940197,0 -71.50660564593913,-16.36339725359235,0 -71.50648879757149,-16.36325600166361,0 -71.50635699499959,-16.36311546092051,0 -71.5064875642916,-16.36300620921873,0 -71.50664421842237,-16.36288915957039,0 -71.50670444605443,-16.36295458118689,0 -71.50682161137733,-16.36309582115459,0 -71.50699696150922,-16.36329921029768,0 -71.50694381496292,-16.36335755167746,0 
							</coordinates>
						</LinearRing>
					</outerBoundaryIs>
				</Polygon>
			</Placemark>
			<Placemark>
				<name>1.1.58-9</name>
				<styleUrl>#msn_ylw-pushpin290011400</styleUrl>
				<Polygon>
					<tessellate>1</tessellate>
					<outerBoundaryIs>
						<LinearRing>
							<coordinates>
								-71.50630077374841,-16.36303835442181,0 -71.50616495934304,-16.36290472534376,0 -71.5060535852889,-16.36276992254979,0 -71.50592445985748,-16.36262845095876,0 -71.50605766123751,-16.36252545005218,0 -71.50620496035842,-16.36241260244063,0 -71.50639034229492,-16.36261029750609,0 -71.50657397415182,-16.36281358858511,0 -71.50630077374841,-16.36303835442181,0 
							</coordinates>
						</LinearRing>
					</outerBoundaryIs>
				</Polygon>
			</Placemark>
			<Placemark>
				<name>1.1.58-10</name>
				<styleUrl>#msn_ylw-pushpin290011400</styleUrl>
				<Polygon>
					<tessellate>1</tessellate>
					<outerBoundaryIs>
						<LinearRing>
							<coordinates>
								-71.50595245509004,-16.36330519932607,0 -71.5058360445453,-16.36317433144232,0 -71.50571205718005,-16.36304093916339,0 -71.50559112092469,-16.36291360136083,0 -71.50572076507252,-16.3628006982597,0 -71.50586038629895,-16.36266803894609,0 -71.50592366612813,-16.36274558739953,0 -71.50605137743833,-16.36287446809925,0 -71.50623432536945,-16.36308123796953,0 -71.50595245509004,-16.36330519932607,0 
							</coordinates>
						</LinearRing>
					</outerBoundaryIs>
				</Polygon>
			</Placemark>
			<Placemark>
				<name>1.1.58-11</name>
				<styleUrl>#msn_ylw-pushpin290011400</styleUrl>
				<Polygon>
					<tessellate>1</tessellate>
					<outerBoundaryIs>
						<LinearRing>
							<coordinates>
								-71.50589694105956,-16.36335451888899,0 -71.50574642715624,-16.36347699187009,0 -71.50565381951056,-16.36355700199909,0 -71.50559990949702,-16.36360123824256,0 -71.50541707511064,-16.36339230902658,0 -71.50523317455946,-16.36317367871063,0 -71.50537740255534,-16.36305532335514,0 -71.5055363331531,-16.36294085386365,0 -71.50571437749679,-16.36315089499978,0 -71.50589694105956,-16.36335451888899,0 
							</coordinates>
						</LinearRing>
					</outerBoundaryIs>
				</Polygon>
			</Placemark>
			<Placemark>
				<name>1.1.58-12</name>
				<styleUrl>#msn_ylw-pushpin290011400</styleUrl>
				<Polygon>
					<tessellate>1</tessellate>
					<outerBoundaryIs>
						<LinearRing>
							<coordinates>
								-71.50525778997122,-16.36389446336574,0 -71.50510517777725,-16.36369751495833,0 -71.50488891652346,-16.3634545141512,0 -71.50502443863405,-16.36333931098895,0 -71.50517116509039,-16.36320933100192,0 -71.50535136711203,-16.36341795109043,0 -71.50553887128552,-16.36364801942019,0 -71.50525778997122,-16.36389446336574,0 
							</coordinates>
						</LinearRing>
					</outerBoundaryIs>
				</Polygon>
			</Placemark>
			<Placemark>
				<name>1.1.58-13</name>
				<styleUrl>#msn_ylw-pushpin290011400</styleUrl>
				<Polygon>
					<tessellate>1</tessellate>
					<outerBoundaryIs>
						<LinearRing>
							<coordinates>
								-71.50492185361253,-16.36416095565804,0 -71.50470712903567,-16.36391312281302,0 -71.50456100893412,-16.36371213100507,0 -71.50467905253348,-16.36362972201618,0 -71.50482944042172,-16.36349944507391,0 -71.50496404909549,-16.36364294657278,0 -71.50520252328107,-16.36392160316413,0 -71.50492185361253,-16.36416095565804,0 
							</coordinates>
						</LinearRing>
					</outerBoundaryIs>
				</Polygon>
			</Placemark>
			<Placemark>
				<name>1.1.58-14</name>
				<styleUrl>#msn_ylw-pushpin290011400</styleUrl>
				<Polygon>
					<tessellate>1</tessellate>
					<outerBoundaryIs>
						<LinearRing>
							<coordinates>
								-71.50457519229136,-16.36444460326723,0 -71.50439120538201,-16.36421719878273,0 -71.50420637571719,-16.36401652255914,0 -71.50435580327812,-16.36389002215888,0 -71.50450164504319,-16.36377341938523,0 -71.50467692310852,-16.36398615929478,0 -71.50485734747404,-16.3641954421374,0 -71.50457519229136,-16.36444460326723,0 
							</coordinates>
						</LinearRing>
					</outerBoundaryIs>
				</Polygon>
			</Placemark>
			<Placemark>
				<name>1.1.58-15</name>
				<styleUrl>#msn_ylw-pushpin290011400</styleUrl>
				<Polygon>
					<tessellate>1</tessellate>
					<outerBoundaryIs>
						<LinearRing>
							<coordinates>
								-71.50428330171877,-16.36452742332551,0 -71.50418001516695,-16.36453356836627,0 -71.50403520073911,-16.36450301684902,0 -71.50384368670949,-16.36430018359932,0 -71.50400141688077,-16.36417844183236,0 -71.50414979530937,-16.36405512694819,0 -71.5042736328416,-16.36421122241665,0 -71.50453396550758,-16.36451168645767,0 -71.50428330171877,-16.36452742332551,0 
							</coordinates>
						</LinearRing>
					</outerBoundaryIs>
				</Polygon>
			</Placemark>
			<Placemark>
				<name>1.1.58-16</name>
				<styleUrl>#msn_ylw-pushpin290011400</styleUrl>
				<Polygon>
					<tessellate>1</tessellate>
					<outerBoundaryIs>
						<LinearRing>
							<coordinates>
								-71.50378629483195,-16.36422387956933,0 -71.50370998690441,-16.36413479253378,0 -71.50360950147865,-16.36401210228794,0 -71.50350240338368,-16.36389272417792,0 -71.50341367390133,-16.36379924324168,0 -71.50357270895,-16.3636894274874,0 -71.50371634217989,-16.3635759047162,0 -71.50388897502722,-16.36377342150466,0 -71.50408460034805,-16.36399714511234,0 -71.50378629483195,-16.36422387956933,0 
							</coordinates>
						</LinearRing>
					</outerBoundaryIs>
				</Polygon>
			</Placemark>
			<Placemark>
				<name>1.1.58-17</name>
				<styleUrl>#msn_ylw-pushpin290011400</styleUrl>
				<Polygon>
					<tessellate>1</tessellate>
					<outerBoundaryIs>
						<LinearRing>
							<coordinates>
								-71.50443501508633,-16.36369098325818,0 -71.50428650378926,-16.36381753959497,0 -71.50413820252334,-16.36394001444059,0 -71.50395563168335,-16.36372058426362,0 -71.50381050232217,-16.36358134469614,0 -71.50377041351246,-16.36352228354207,0 -71.50387263479331,-16.36345446898346,0 -71.50394665166637,-16.36342109243002,0 -71.50408773489366,-16.36330226421771,0 -71.50443501508633,-16.36369098325818,0 
							</coordinates>
						</LinearRing>
					</outerBoundaryIs>
				</Polygon>
			</Placemark>
			<Placemark>
				<name>1.1.58-18</name>
				<styleUrl>#msn_ylw-pushpin290011400</styleUrl>
				<Polygon>
					<tessellate>1</tessellate>
					<outerBoundaryIs>
						<LinearRing>
							<coordinates>
								-71.50478022665575,-16.363437242813,0 -71.5046325823723,-16.36356279930048,0 -71.50450110187442,-16.36366982490845,0 -71.50427142852281,-16.36341473961331,0 -71.50412565149151,-16.36327140165711,0 -71.50425004263967,-16.3631517574303,0 -71.50439896572462,-16.36300124240862,0 -71.50478022665575,-16.363437242813,0 
							</coordinates>
						</LinearRing>
					</outerBoundaryIs>
				</Polygon>
			</Placemark>
		</Folder>
		<Folder>
			<name>NA</name>
			<Placemark>
				<name>1.1.21-2</name>
				<styleUrl>#msn_ylw-pushpin4600</styleUrl>
				<Polygon>
					<tessellate>1</tessellate>
					<outerBoundaryIs>
						<LinearRing>
							<coordinates>
								-71.52857912911344,-16.37337944421183,0 -71.52849120667463,-16.37345589162721,0 -71.52850315537377,-16.37354183042444,0 -71.52856097748703,-16.37366087510021,0 -71.52837887558579,-16.37370056395859,0 -71.52829651973411,-16.37369659932828,0 -71.52812367634256,-16.37370000350794,0 -71.52801886566191,-16.37375978413899,0 -71.52795498905952,-16.37370523392824,0 -71.52797266658283,-16.37368287539404,0 -71.52802703898639,-16.37363820778774,0 -71.52806557660664,-16.37362144124118,0 -71.52813882735688,-16.37359714702556,0 -71.52821435347384,-16.37356531632708,0 -71.52830963419045,-16.37351470307382,0 -71.52836817370969,-16.37346607836814,0 -71.5285085176284,-16.37330050748879,0 -71.52857912911344,-16.37337944421183,0 
							</coordinates>
						</LinearRing>
					</outerBoundaryIs>
				</Polygon>
			</Placemark>
			<Placemark>
				<name>1.1.53-23</name>
				<styleUrl>#msn_ylw-pushpin4600</styleUrl>
				<Polygon>
					<tessellate>1</tessellate>
					<outerBoundaryIs>
						<LinearRing>
							<coordinates>
								-71.50194186486718,-16.35656553551121,0 -71.50289600897503,-16.35700285882418,0 -71.50267478714666,-16.35750603084594,0 -71.50171495942749,-16.35708238925465,0 -71.50194186486718,-16.35656553551121,0 
							</coordinates>
						</LinearRing>
					</outerBoundaryIs>
				</Polygon>
			</Placemark>
			<Placemark>
				<name>1.1.53-24</name>
				<styleUrl>#msn_ylw-pushpin4600</styleUrl>
				<Polygon>
					<tessellate>1</tessellate>
					<outerBoundaryIs>
						<LinearRing>
							<coordinates>
								-71.50328232102243,-16.35600566929221,0 -71.50280220112542,-16.35686871709234,0 -71.50235972277764,-16.35661843279188,0 -71.50287561978787,-16.35569117069526,0 -71.50328232102243,-16.35600566929221,0 
							</coordinates>
						</LinearRing>
					</outerBoundaryIs>
				</Polygon>
			</Placemark>
			<Placemark>
				<name>1.1.53-25</name>
				<styleUrl>#msn_ylw-pushpin4600</styleUrl>
				<Polygon>
					<tessellate>1</tessellate>
					<outerBoundaryIs>
						<LinearRing>
							<coordinates>
								-71.50242599563077,-16.35544887033757,0 -71.50277601346068,-16.35561248905355,0 -71.50222840400322,-16.35658665633199,0 -71.50187192856363,-16.35639236307962,0 -71.50242599563077,-16.35544887033757,0 
							</coordinates>
						</LinearRing>
					</outerBoundaryIs>
				</Polygon>
			</Placemark>
			<Placemark>
				<name>1.1.53-26</name>
				<styleUrl>#msn_ylw-pushpin4600</styleUrl>
				<Polygon>
					<tessellate>1</tessellate>
					<outerBoundaryIs>
						<LinearRing>
							<coordinates>
								-71.50186738702948,-16.35652124042526,0 -71.50162403526005,-16.3570367691644,0 -71.50132594723537,-16.35691498598943,0 -71.50158537780307,-16.35638967410143,0 -71.50186738702948,-16.35652124042526,0 
							</coordinates>
						</LinearRing>
					</outerBoundaryIs>
				</Polygon>
			</Placemark>
			<Placemark>
				<name>1.1.53-27</name>
				<styleUrl>#msn_ylw-pushpin4600</styleUrl>
				<Polygon>
					<tessellate>1</tessellate>
					<outerBoundaryIs>
						<LinearRing>
							<coordinates>
								-71.50160239612457,-16.35711145932139,0 -71.50135591962682,-16.35760740241727,0 -71.50064543865525,-16.35728371700637,0 -71.50087150463412,-16.35680403395526,0 -71.50160239612457,-16.35711145932139,0 
							</coordinates>
						</LinearRing>
					</outerBoundaryIs>
				</Polygon>
			</Placemark>
			<Placemark>
				<name>1.1.53-29</name>
				<styleUrl>#msn_ylw-pushpin4600</styleUrl>
				<Polygon>
					<tessellate>1</tessellate>
					<outerBoundaryIs>
						<LinearRing>
							<coordinates>
								-71.50074558844663,-16.35883222525433,0 -71.50051545311443,-16.35932095502351,0 -71.49981125458717,-16.35899745894121,0 -71.50005647328852,-16.358499289539,0 -71.50074558844663,-16.35883222525433,0 
							</coordinates>
						</LinearRing>
					</outerBoundaryIs>
				</Polygon>
			</Placemark>
			<Placemark>
				<name>1.1.53-34</name>
				<styleUrl>#msn_ylw-pushpin4600</styleUrl>
				<Polygon>
					<tessellate>1</tessellate>
					<outerBoundaryIs>
						<LinearRing>
							<coordinates>
								-71.50084242225236,-16.35672582201947,0 -71.50058333910636,-16.35724128607247,0 -71.50028119915629,-16.3571142722331,0 -71.50049535266079,-16.35660463915844,0 -71.50084242225236,-16.35672582201947,0 
							</coordinates>
						</LinearRing>
					</outerBoundaryIs>
				</Polygon>
			</Placemark>
			<Placemark>
				<name>1.1.53-35</name>
				<styleUrl>#msn_ylw-pushpin4600</styleUrl>
				<Polygon>
					<tessellate>1</tessellate>
					<outerBoundaryIs>
						<LinearRing>
							<coordinates>
								-71.50171099535665,-16.35608854946044,0 -71.50173300962315,-16.3563116155135,0 -71.50122270272648,-16.3563800534165,0 -71.50031630585332,-16.35635425120692,0 -71.50029297334042,-16.35605816527514,0 -71.50171099535665,-16.35608854946044,0 
							</coordinates>
						</LinearRing>
					</outerBoundaryIs>
				</Polygon>
			</Placemark>
			<Placemark>
				<name>1.1.53-36</name>
				<styleUrl>#msn_ylw-pushpin4600</styleUrl>
				<Polygon>
					<tessellate>1</tessellate>
					<outerBoundaryIs>
						<LinearRing>
							<coordinates>
								-71.50041780542834,-16.35647777787719,0 -71.50009859645382,-16.35730504005445,0 -71.49973019863877,-16.35719371811885,0 -71.50006433012329,-16.35635867358665,0 -71.50041780542834,-16.35647777787719,0 
							</coordinates>
						</LinearRing>
					</outerBoundaryIs>
				</Polygon>
			</Placemark>
			<Placemark>
				<name>1.1.53-40</name>
				<styleUrl>#msn_ylw-pushpin4600</styleUrl>
				<Polygon>
					<tessellate>1</tessellate>
					<outerBoundaryIs>
						<LinearRing>
							<coordinates>
								-71.5033288050661,-16.35687129613314,0 -71.50328503815874,-16.35713794420505,0 -71.50312099802171,-16.35735684732686,0 -71.50301759761506,-16.35733162580909,0 -71.50309867700089,-16.35716310789391,0 -71.50315510805815,-16.35683414899448,0 -71.50323684024991,-16.35657293379805,0 -71.50346141548937,-16.35672995434875,0 -71.5033288050661,-16.35687129613314,0 
							</coordinates>
						</LinearRing>
					</outerBoundaryIs>
				</Polygon>
			</Placemark>
			<Placemark>
				<name>1.1.53-43</name>
				<styleUrl>#msn_ylw-pushpin4600</styleUrl>
				<Polygon>
					<tessellate>1</tessellate>
					<outerBoundaryIs>
						<LinearRing>
							<coordinates>
								-71.50362570845311,-16.35831671345479,0 -71.5029603697642,-16.35788607140838,0 -71.50316354766838,-16.35758423983392,0 -71.5038035934609,-16.35801270088182,0 -71.50362570845311,-16.35831671345479,0 
							</coordinates>
						</LinearRing>
					</outerBoundaryIs>
				</Polygon>
			</Placemark>
			<Placemark>
				<name>1.1.53-44</name>
				<styleUrl>#msn_ylw-pushpin4600</styleUrl>
				<Polygon>
					<tessellate>1</tessellate>
					<outerBoundaryIs>
						<LinearRing>
							<coordinates>
								-71.5035937859235,-16.35837413077316,0 -71.50348008649446,-16.35869739902704,0 -71.50272152381618,-16.35823898377199,0 -71.50291388756159,-16.35795972122151,0 -71.5035937859235,-16.35837413077316,0 
							</coordinates>
						</LinearRing>
					</outerBoundaryIs>
				</Polygon>
			</Placemark>
			<Placemark>
				<name>1.1.53-46</name>
				<styleUrl>#msn_ylw-pushpin4600</styleUrl>
				<Polygon>
					<tessellate>1</tessellate>
					<outerBoundaryIs>
						<LinearRing>
							<coordinates>
								-71.50308109603266,-16.35855143097422,0 -71.50287805743223,-16.35884254583518,0 -71.50250955249679,-16.35858645164123,0 -71.50269587221474,-16.35831845118703,0 -71.50308109603266,-16.35855143097422,0 
							</coordinates>
						</LinearRing>
					</outerBoundaryIs>
				</Polygon>
			</Placemark>
			<Placemark>
				<name>1.1.53-47</name>
				<styleUrl>#msn_ylw-pushpin4600</styleUrl>
				<Polygon>
					<tessellate>1</tessellate>
					<outerBoundaryIs>
						<LinearRing>
							<coordinates>
								-71.50284229296977,-16.35890030321286,0 -71.50267711858451,-16.35911402038819,0 -71.50233737800011,-16.35887444644419,0 -71.50249051237439,-16.35865083320914,0 -71.50284229296977,-16.35890030321286,0 
							</coordinates>
						</LinearRing>
					</outerBoundaryIs>
				</Polygon>
			</Placemark>
			<Placemark>
				<name>1.1.53-48</name>
				<styleUrl>#msn_ylw-pushpin4600</styleUrl>
				<Polygon>
					<tessellate>1</tessellate>
					<outerBoundaryIs>
						<LinearRing>
							<coordinates>
								-71.50252506866811,-16.35945440946098,0 -71.50250945163354,-16.35980074621132,0 -71.50199464678496,-16.35973844990291,0 -71.50204008715465,-16.35935534060742,0 -71.50252506866811,-16.35945440946098,0 
							</coordinates>
						</LinearRing>
					</outerBoundaryIs>
				</Polygon>
			</Placemark>
			<Placemark>
				<name>1.1.53-49</name>
				<styleUrl>#msn_ylw-pushpin4600</styleUrl>
				<Polygon>
					<tessellate>1</tessellate>
					<outerBoundaryIs>
						<LinearRing>
							<coordinates>
								-71.50279998398685,-16.35948106624052,0 -71.50288242642335,-16.3597705974942,0 -71.50262059248497,-16.35980516407078,0 -71.50268333033897,-16.35953115578928,0 -71.50279998398685,-16.35948106624052,0 
							</coordinates>
						</LinearRing>
					</outerBoundaryIs>
				</Polygon>
			</Placemark>
			<Placemark>
				<name>1.1.53-50</name>
				<styleUrl>#msn_ylw-pushpin4600</styleUrl>
				<Polygon>
					<tessellate>1</tessellate>
					<outerBoundaryIs>
						<LinearRing>
							<coordinates>
								-71.50292845583346,-16.35989101648057,0 -71.50302825120399,-16.36025309494396,0 -71.50255111714898,-16.36024738181561,0 -71.50254488240803,-16.35996242356746,0 -71.50292845583346,-16.35989101648057,0 
							</coordinates>
						</LinearRing>
					</outerBoundaryIs>
				</Polygon>
			</Placemark>
			<Placemark>
				<name>1.1.53-51</name>
				<styleUrl>#msn_ylw-pushpin4600</styleUrl>
				<Polygon>
					<tessellate>1</tessellate>
					<outerBoundaryIs>
						<LinearRing>
							<coordinates>
								-71.50247313409926,-16.3598735254983,0 -71.50246055832579,-16.36016190767307,0 -71.50224446275298,-16.36011243653869,0 -71.5019875782649,-16.35981469188462,0 -71.50247313409926,-16.3598735254983,0 
							</coordinates>
						</LinearRing>
					</outerBoundaryIs>
				</Polygon>
			</Placemark>
			<Placemark>
				<name>1.1.53-52</name>
				<styleUrl>#msn_ylw-pushpin4600</styleUrl>
				<Polygon>
					<tessellate>1</tessellate>
					<outerBoundaryIs>
						<LinearRing>
							<coordinates>
								-71.50187215627227,-16.35967350837103,0 -71.5017660507383,-16.35962835832061,0 -71.50176244430547,-16.3594077765296,0 -71.50182648298443,-16.35912885521122,0 -71.50197452579768,-16.35881739355823,0 -71.50207422998812,-16.35887531280623,0 -71.50193859573719,-16.35931782739797,0 -71.50187215627227,-16.35967350837103,0 
							</coordinates>
						</LinearRing>
					</outerBoundaryIs>
				</Polygon>
			</Placemark>
			<Placemark>
				<name>1.1.53-53</name>
				<styleUrl>#msn_ylw-pushpin4600</styleUrl>
				<Polygon>
					<tessellate>1</tessellate>
					<outerBoundaryIs>
						<LinearRing>
							<coordinates>
								-71.50274722149811,-16.35777796407864,0 -71.50283943577209,-16.35782378614199,0 -71.50269008155642,-16.35811614517031,0 -71.50248348504446,-16.35834793143096,0 -71.50235037487927,-16.35852635283488,0 -71.50225680622643,-16.35845577211296,0 -71.50249850679653,-16.35816374531221,0 -71.50274722149811,-16.35777796407864,0 
							</coordinates>
						</LinearRing>
					</outerBoundaryIs>
				</Polygon>
			</Placemark>
			<Placemark>
				<name>1.1.54-19</name>
				<styleUrl>#msn_ylw-pushpin4600</styleUrl>
				<Polygon>
					<tessellate>1</tessellate>
					<outerBoundaryIs>
						<LinearRing>
							<coordinates>
								-71.50503550417082,-16.35766575033483,0 -71.50474998314282,-16.35728905116876,0 -71.50478242859676,-16.35726206996961,0 -71.50512959562361,-16.35752150462351,0 -71.50503550417082,-16.35766575033483,0 
							</coordinates>
						</LinearRing>
					</outerBoundaryIs>
				</Polygon>
			</Placemark>
			<Placemark>
				<name>1.1.54-21</name>
				<styleUrl>#msn_ylw-pushpin4600</styleUrl>
				<Polygon>
					<tessellate>1</tessellate>
					<outerBoundaryIs>
						<LinearRing>
							<coordinates>
								-71.50506783359334,-16.35668226245519,0 -71.50486991767355,-16.35696867836176,0 -71.50465145217683,-16.35685141404509,0 -71.50490993305439,-16.35661065866659,0 -71.50506783359334,-16.35668226245519,0 
							</coordinates>
						</LinearRing>
					</outerBoundaryIs>
				</Polygon>
			</Placemark>
			<Placemark>
				<name>1.1.54-22</name>
				<styleUrl>#msn_ylw-pushpin4600</styleUrl>
				<Polygon>
					<tessellate>1</tessellate>
					<outerBoundaryIs>
						<LinearRing>
							<coordinates>
								-71.50588291911183,-16.35718412921764,0 -71.50572177524973,-16.35745705508666,0 -71.50497157964386,-16.35697179141225,0 -71.50514353930731,-16.35672377165762,0 -71.50588291911183,-16.35718412921764,0 
							</coordinates>
						</LinearRing>
					</outerBoundaryIs>
				</Polygon>
			</Placemark>
			<Placemark>
				<name>1.1.54-23</name>
				<styleUrl>#msn_ylw-pushpin4600</styleUrl>
				<Polygon>
					<tessellate>1</tessellate>
					<outerBoundaryIs>
						<LinearRing>
							<coordinates>
								-71.50615978507174,-16.35690290034922,0 -71.50595970702901,-16.35712393981946,0 -71.50572501808509,-16.35697035593996,0 -71.5059153626942,-16.35675865628432,0 -71.50615978507174,-16.35690290034922,0 
							</coordinates>
						</LinearRing>
					</outerBoundaryIs>
				</Polygon>
			</Placemark>
			<Placemark>
				<name>1.1.54-24</name>
				<styleUrl>#msn_ylw-pushpin4600</styleUrl>
				<Polygon>
					<tessellate>1</tessellate>
					<outerBoundaryIs>
						<LinearRing>
							<coordinates>
								-71.50662386001,-16.3570311091649,0 -71.50639960590355,-16.35737152905858,0 -71.50599640687771,-16.3571350569099,0 -71.5062336819731,-16.35686284161785,0 -71.50662386001,-16.3570311091649,0 
							</coordinates>
						</LinearRing>
					</outerBoundaryIs>
				</Polygon>
			</Placemark>
			<Placemark>
				<name>1.1.54-25</name>
				<styleUrl>#msn_ylw-pushpin4600</styleUrl>
				<Polygon>
					<tessellate>1</tessellate>
					<outerBoundaryIs>
						<LinearRing>
							<coordinates>
								-71.50679316466056,-16.35719757366145,0 -71.50666928048747,-16.35743847186671,0 -71.50645314391575,-16.35737028795287,0 -71.50663397473602,-16.35710095384852,0 -71.50679316466056,-16.35719757366145,0 
							</coordinates>
						</LinearRing>
					</outerBoundaryIs>
				</Polygon>
			</Placemark>
			<Placemark>
				<name>1.1.54-26</name>
				<styleUrl>#msn_ylw-pushpin4600</styleUrl>
				<Polygon>
					<tessellate>1</tessellate>
					<outerBoundaryIs>
						<LinearRing>
							<coordinates>
								-71.50636903192327,-16.35740634814351,0 -71.50619402725476,-16.3577155688208,0 -71.50579305110142,-16.35748961765636,0 -71.50598156679204,-16.3571811400564,0 -71.50636903192327,-16.35740634814351,0 
							</coordinates>
						</LinearRing>
					</outerBoundaryIs>
				</Polygon>
			</Placemark>
			<Placemark>
				<name>1.1.54-40</name>
				<styleUrl>#msn_ylw-pushpin4600</styleUrl>
				<Polygon>
					<tessellate>1</tessellate>
					<outerBoundaryIs>
						<LinearRing>
							<coordinates>
								-71.50529261892061,-16.36005782747196,0 -71.50516359710502,-16.36021980369162,0 -71.50461684432791,-16.35976732292641,0 -71.50482277642493,-16.35943470769979,0 -71.50529261892061,-16.36005782747196,0 
							</coordinates>
						</LinearRing>
					</outerBoundaryIs>
				</Polygon>
			</Placemark>
			<Placemark>
				<name>1.1.59-15</name>
				<styleUrl>#msn_ylw-pushpin4600</styleUrl>
				<Polygon>
					<tessellate>1</tessellate>
					<outerBoundaryIs>
						<LinearRing>
							<coordinates>
								-71.51188727392493,-16.36264396085264,0 -71.51198582744213,-16.36290513065986,0 -71.5119527104403,-16.36296568003096,0 -71.51173875502208,-16.36285418869157,0 -71.51173573419571,-16.36278531062974,0 -71.51181361064063,-16.36261599043012,0 -71.51188727392493,-16.36264396085264,0 
							</coordinates>
						</LinearRing>
					</outerBoundaryIs>
				</Polygon>
			</Placemark>
			<Placemark>
				<name>1.1.62-13</name>
				<styleUrl>#msn_ylw-pushpin4600</styleUrl>
				<Polygon>
					<tessellate>1</tessellate>
					<outerBoundaryIs>
						<LinearRing>
							<coordinates>
								-71.50982975270261,-16.35978206568079,0 -71.50959848460602,-16.35996129669136,0 -71.50924797004087,-16.35954523347522,0 -71.50948138760975,-16.35937906496079,0 -71.50982975270261,-16.35978206568079,0 
							</coordinates>
						</LinearRing>
					</outerBoundaryIs>
				</Polygon>
			</Placemark>
			<Placemark>
				<name>1.1.62-25</name>
				<styleUrl>#msn_ylw-pushpin4600</styleUrl>
				<Polygon>
					<tessellate>1</tessellate>
					<outerBoundaryIs>
						<LinearRing>
							<coordinates>
								-71.51017674388848,-16.36079601336816,0 -71.50963881069561,-16.360522608349,0 -71.50970896677084,-16.36000742837716,0 -71.51033679160349,-16.36054222766918,0 -71.51017674388848,-16.36079601336816,0 
							</coordinates>
						</LinearRing>
					</outerBoundaryIs>
				</Polygon>
			</Placemark>
			<Placemark>
				<name>1.1.63-4</name>
				<styleUrl>#msn_ylw-pushpin4600</styleUrl>
				<Polygon>
					<tessellate>1</tessellate>
					<outerBoundaryIs>
						<LinearRing>
							<coordinates>
								-71.51442665176067,-16.36002277520033,0 -71.51439127951559,-16.3601976241473,0 -71.51434345184856,-16.36028479385453,0 -71.51427101650567,-16.36020169176523,0 -71.51415138404239,-16.36006149068905,0 -71.5139896980577,-16.35990362311294,0 -71.51406807476148,-16.35984453211435,0 -71.51397723197113,-16.35968893398066,0 -71.51393222290056,-16.35961387710725,0 -71.51406862506522,-16.35949746688305,0 -71.51442665176067,-16.36002277520033,0 
							</coordinates>
						</LinearRing>
					</outerBoundaryIs>
				</Polygon>
			</Placemark>
			<Placemark>
				<name>1.1.63-6</name>
				<styleUrl>#msn_ylw-pushpin4600</styleUrl>
				<Polygon>
					<tessellate>1</tessellate>
					<outerBoundaryIs>
						<LinearRing>
							<coordinates>
								-71.51296074467311,-16.35968064824942,0 -71.51250812565117,-16.35954169749477,0 -71.51223858322648,-16.35939641044446,0 -71.51244534616535,-16.35906829024955,0 -71.5128592530972,-16.35926837285557,0 -71.51311937801555,-16.35943680360397,0 -71.51296074467311,-16.35968064824942,0 
							</coordinates>
						</LinearRing>
					</outerBoundaryIs>
				</Polygon>
			</Placemark>
			<Placemark>
				<name>1.1.72-12</name>
				<styleUrl>#msn_ylw-pushpin4600</styleUrl>
				<Polygon>
					<tessellate>1</tessellate>
					<outerBoundaryIs>
						<LinearRing>
							<coordinates>
								-71.51355135692204,-16.36772655503344,0 -71.51369114153269,-16.36828995818562,0 -71.51352418794217,-16.36836535932076,0 -71.51293204562604,-16.36834712217036,0 -71.51253327899917,-16.36825410613633,0 -71.51247690073622,-16.36782864904357,0 -71.51355135692204,-16.36772655503344,0 
							</coordinates>
						</LinearRing>
					</outerBoundaryIs>
				</Polygon>
			</Placemark>
			<Placemark>
				<name>1.1.73-7</name>
				<styleUrl>#msn_ylw-pushpin4600</styleUrl>
				<Polygon>
					<tessellate>1</tessellate>
					<outerBoundaryIs>
						<LinearRing>
							<coordinates>
								-71.51646096391687,-16.36689808382284,0 -71.51617576473592,-16.3672363114155,0 -71.51591404967556,-16.36704355185445,0 -71.51577923254136,-16.36693718534511,0 -71.51602591285442,-16.36661319942976,0 -71.51646096391687,-16.36689808382284,0 
							</coordinates>
						</LinearRing>
					</outerBoundaryIs>
				</Polygon>
			</Placemark>
			<Placemark>
				<name>1.1.74-15</name>
				<styleUrl>#msn_ylw-pushpin4600</styleUrl>
				<Polygon>
					<tessellate>1</tessellate>
					<outerBoundaryIs>
						<LinearRing>
							<coordinates>
								-71.51997308935348,-16.36561515474703,0 -71.5197198504233,-16.3659432887431,0 -71.51954322715969,-16.36616501412996,0 -71.51916526175927,-16.36587529846687,0 -71.51884772752781,-16.36563700238318,0 -71.5190572287807,-16.36539157066206,0 -71.51930888970819,-16.36510001729589,0 -71.51997308935348,-16.36561515474703,0 
							</coordinates>
						</LinearRing>
					</outerBoundaryIs>
				</Polygon>
			</Placemark>
			<Placemark>
				<name>1.1.74-31</name>
				<styleUrl>#msn_ylw-pushpin4600</styleUrl>
				<Polygon>
					<tessellate>1</tessellate>
					<outerBoundaryIs>
						<LinearRing>
							<coordinates>
								-71.51716828108786,-16.36409062325764,0 -71.51669700815677,-16.36472891313794,0 -71.51628418422365,-16.36443896726849,0 -71.51658059284293,-16.36406251640088,0 -71.51677750721345,-16.36381814347006,0 -71.51716828108786,-16.36409062325764,0 
							</coordinates>
						</LinearRing>
					</outerBoundaryIs>
				</Polygon>
			</Placemark>
			<Placemark>
				<name>1.1.75-7</name>
				<styleUrl>#msn_ylw-pushpin4600</styleUrl>
				<Polygon>
					<tessellate>1</tessellate>
					<outerBoundaryIs>
						<LinearRing>
							<coordinates>
								-71.52020068055386,-16.36862088792247,0 -71.51978861937573,-16.3691503966257,0 -71.51907473025496,-16.36861574194012,0 -71.5186789867588,-16.36831910115448,0 -71.51912105546474,-16.36780164969752,0 -71.52020068055386,-16.36862088792247,0 
							</coordinates>
						</LinearRing>
					</outerBoundaryIs>
				</Polygon>
			</Placemark>
			<Placemark>
				<name>1.1.78-32</name>
				<styleUrl>#msn_ylw-pushpin4600</styleUrl>
				<Polygon>
					<tessellate>1</tessellate>
					<outerBoundaryIs>
						<LinearRing>
							<coordinates>
								-71.52903174000485,-16.36979187692035,0 -71.528756382496,-16.36997364135705,0 -71.52834622628312,-16.37024331540337,0 -71.52802789777326,-16.36981093561673,0 -71.52771036852394,-16.36935065349371,0 -71.52756433634097,-16.36914997195827,0 -71.52787669976648,-16.36894345061685,0 -71.52809780434944,-16.36880315527464,0 -71.52828600582464,-16.3686724368378,0 -71.52847371305006,-16.36886767109588,0 -71.52873799923029,-16.36924211282432,0 -71.52891526498611,-16.36948652493604,0 -71.52903174000485,-16.36979187692035,0 
							</coordinates>
						</LinearRing>
					</outerBoundaryIs>
				</Polygon>
			</Placemark>
			<Placemark>
				<name>1.1.79-13</name>
				<styleUrl>#msn_ylw-pushpin4600</styleUrl>
				<Polygon>
					<tessellate>1</tessellate>
					<outerBoundaryIs>
						<LinearRing>
							<coordinates>
								-71.52199173967122,-16.36451181649269,0 -71.5216893188535,-16.36490110932389,0 -71.52127688830683,-16.36458404753467,0 -71.52099780245858,-16.3643877979268,0 -71.52129982054767,-16.36400291003602,0 -71.52199173967122,-16.36451181649269,0 
							</coordinates>
						</LinearRing>
					</outerBoundaryIs>
				</Polygon>
			</Placemark>
			<Placemark>
				<name>1.1.79-22</name>
				<styleUrl>#msn_ylw-pushpin4600</styleUrl>
				<Polygon>
					<tessellate>1</tessellate>
					<outerBoundaryIs>
						<LinearRing>
							<coordinates>
								-71.51690826783958,-16.36290846083099,0 -71.51686404862143,-16.36308779201985,0 -71.51665189601525,-16.36310228143879,0 -71.51654051169665,-16.36308287621505,0 -71.51641692054687,-16.3631017606991,0 -71.51614827218364,-16.36300383439934,0 -71.5159201284977,-16.3630418657545,0 -71.51597866052016,-16.36272833517284,0 -71.51690826783958,-16.36290846083099,0 
							</coordinates>
						</LinearRing>
					</outerBoundaryIs>
				</Polygon>
			</Placemark>
			<Placemark>
				<name>1.1.79-30</name>
				<styleUrl>#msn_ylw-pushpin4600</styleUrl>
				<Polygon>
					<tessellate>1</tessellate>
					<outerBoundaryIs>
						<LinearRing>
							<coordinates>
								-71.52097510657953,-16.36171497707558,0 -71.52094145884539,-16.3618294539495,0 -71.52073441369217,-16.36184673166045,0 -71.52075185726198,-16.36168619362795,0 -71.52097510657953,-16.36171497707558,0 
							</coordinates>
						</LinearRing>
					</outerBoundaryIs>
				</Polygon>
			</Placemark>
			<Placemark>
				<name>1.1.81-1</name>
				<styleUrl>#msn_ylw-pushpin4600</styleUrl>
				<Polygon>
					<tessellate>1</tessellate>
					<outerBoundaryIs>
						<LinearRing>
							<coordinates>
								-71.52789663393351,-16.36876248889636,0 -71.52748797570801,-16.36900766955405,0 -71.52732717835974,-16.36877408359315,0 -71.52712621465842,-16.36847324461638,0 -71.52705217485162,-16.36839638918358,0 -71.52688920755058,-16.36817018372823,0 -71.52670775902062,-16.36792561016641,0 -71.52693606235314,-16.36778590441454,0 -71.52711812474669,-16.36765996733614,0 -71.52734440581337,-16.36801823721633,0 -71.52789663393351,-16.36876248889636,0 
							</coordinates>
						</LinearRing>
					</outerBoundaryIs>
				</Polygon>
			</Placemark>
			<Placemark>
				<name>1.1.81-2</name>
				<styleUrl>#msn_ylw-pushpin4600</styleUrl>
				<Polygon>
					<tessellate>1</tessellate>
					<outerBoundaryIs>
						<LinearRing>
							<coordinates>
								-71.52783547709102,-16.3678771036453,0 -71.52766326869248,-16.36803516537153,0 -71.52747702559402,-16.36817800985334,0 -71.52734583809503,-16.36800135137581,0 -71.52710990389613,-16.36763760331604,0 -71.52729243023816,-16.36744815405261,0 -71.52757479641008,-16.3676476286532,0 -71.52769728073939,-16.36774656702459,0 -71.52783547709102,-16.3678771036453,0 
							</coordinates>
						</LinearRing>
					</outerBoundaryIs>
				</Polygon>
			</Placemark>
		</Folder>
	</Folder>
</Document>
</kml>
