<?xml version="1.0" encoding="UTF-8"?>
<kml xmlns="http://www.opengis.net/kml/2.2" xmlns:gx="http://www.google.com/kml/ext/2.2" xmlns:kml="http://www.opengis.net/kml/2.2" xmlns:atom="http://www.w3.org/2005/Atom">
<Document>
	<name>Cluster_27_ingreso_economico_20feb2023.kml</name>
	<Schema name="yura poligono" id="S_yura_poligono_DSSSSDDDDS00100">
		<SimpleField type="double" name="fid"><displayName>&lt;b&gt;fid&lt;/b&gt;</displayName>
</SimpleField>
		<SimpleField type="long" name="handle"><displayName>&lt;b&gt;handle&lt;/b&gt;</displayName>
</SimpleField>
		<SimpleField type="long" name="block"><displayName>&lt;b&gt;block&lt;/b&gt;</displayName>
</SimpleField>
		<SimpleField type="long" name="etype"><displayName>&lt;b&gt;etype&lt;/b&gt;</displayName>
</SimpleField>
		<SimpleField type="long" name="space"><displayName>&lt;b&gt;space&lt;/b&gt;</displayName>
</SimpleField>
		<SimpleField type="string" name="layer"><displayName>&lt;b&gt;layer&lt;/b&gt;</displayName>
</SimpleField>
		<SimpleField type="string" name="olinetype"><displayName>&lt;b&gt;olinetype&lt;/b&gt;</displayName>
</SimpleField>
		<SimpleField type="string" name="linetype"><displayName>&lt;b&gt;linetype&lt;/b&gt;</displayName>
</SimpleField>
		<SimpleField type="string" name="color"><displayName>&lt;b&gt;color&lt;/b&gt;</displayName>
</SimpleField>
		<SimpleField type="long" name="ocolor"><displayName>&lt;b&gt;ocolor&lt;/b&gt;</displayName>
</SimpleField>
		<SimpleField type="long" name="color24"><displayName>&lt;b&gt;color24&lt;/b&gt;</displayName>
</SimpleField>
		<SimpleField type="long" name="transparen"><displayName>&lt;b&gt;transparen&lt;/b&gt;</displayName>
</SimpleField>
		<SimpleField type="long" name="lweight"><displayName>&lt;b&gt;lweight&lt;/b&gt;</displayName>
</SimpleField>
		<SimpleField type="double" name="linewidth"><displayName>&lt;b&gt;linewidth&lt;/b&gt;</displayName>
</SimpleField>
		<SimpleField type="double" name="ltscale"><displayName>&lt;b&gt;ltscale&lt;/b&gt;</displayName>
</SimpleField>
		<SimpleField type="long" name="visible"><displayName>&lt;b&gt;visible&lt;/b&gt;</displayName>
</SimpleField>
		<SimpleField type="double" name="width"><displayName>&lt;b&gt;width&lt;/b&gt;</displayName>
</SimpleField>
		<SimpleField type="double" name="thickness"><displayName>&lt;b&gt;thickness&lt;/b&gt;</displayName>
</SimpleField>
		<SimpleField type="string" name="ext"><displayName>&lt;b&gt;ext&lt;/b&gt;</displayName>
</SimpleField>
	</Schema>
	<Schema name="yura poligono" id="S_yura_poligono_DSSSSDDDDS001000">
		<SimpleField type="double" name="fid"><displayName>&lt;b&gt;fid&lt;/b&gt;</displayName>
</SimpleField>
		<SimpleField type="long" name="handle"><displayName>&lt;b&gt;handle&lt;/b&gt;</displayName>
</SimpleField>
		<SimpleField type="long" name="block"><displayName>&lt;b&gt;block&lt;/b&gt;</displayName>
</SimpleField>
		<SimpleField type="long" name="etype"><displayName>&lt;b&gt;etype&lt;/b&gt;</displayName>
</SimpleField>
		<SimpleField type="long" name="space"><displayName>&lt;b&gt;space&lt;/b&gt;</displayName>
</SimpleField>
		<SimpleField type="string" name="layer"><displayName>&lt;b&gt;layer&lt;/b&gt;</displayName>
</SimpleField>
		<SimpleField type="string" name="olinetype"><displayName>&lt;b&gt;olinetype&lt;/b&gt;</displayName>
</SimpleField>
		<SimpleField type="string" name="linetype"><displayName>&lt;b&gt;linetype&lt;/b&gt;</displayName>
</SimpleField>
		<SimpleField type="string" name="color"><displayName>&lt;b&gt;color&lt;/b&gt;</displayName>
</SimpleField>
		<SimpleField type="long" name="ocolor"><displayName>&lt;b&gt;ocolor&lt;/b&gt;</displayName>
</SimpleField>
		<SimpleField type="long" name="color24"><displayName>&lt;b&gt;color24&lt;/b&gt;</displayName>
</SimpleField>
		<SimpleField type="long" name="transparen"><displayName>&lt;b&gt;transparen&lt;/b&gt;</displayName>
</SimpleField>
		<SimpleField type="long" name="lweight"><displayName>&lt;b&gt;lweight&lt;/b&gt;</displayName>
</SimpleField>
		<SimpleField type="double" name="linewidth"><displayName>&lt;b&gt;linewidth&lt;/b&gt;</displayName>
</SimpleField>
		<SimpleField type="double" name="ltscale"><displayName>&lt;b&gt;ltscale&lt;/b&gt;</displayName>
</SimpleField>
		<SimpleField type="long" name="visible"><displayName>&lt;b&gt;visible&lt;/b&gt;</displayName>
</SimpleField>
		<SimpleField type="double" name="width"><displayName>&lt;b&gt;width&lt;/b&gt;</displayName>
</SimpleField>
		<SimpleField type="double" name="thickness"><displayName>&lt;b&gt;thickness&lt;/b&gt;</displayName>
</SimpleField>
		<SimpleField type="string" name="ext"><displayName>&lt;b&gt;ext&lt;/b&gt;</displayName>
</SimpleField>
	</Schema>
	<Schema name="yura poligono" id="S_yura_poligono_DSSSSDDDDS02001">
		<SimpleField type="double" name="fid"><displayName>&lt;b&gt;fid&lt;/b&gt;</displayName>
</SimpleField>
		<SimpleField type="long" name="handle"><displayName>&lt;b&gt;handle&lt;/b&gt;</displayName>
</SimpleField>
		<SimpleField type="long" name="block"><displayName>&lt;b&gt;block&lt;/b&gt;</displayName>
</SimpleField>
		<SimpleField type="long" name="etype"><displayName>&lt;b&gt;etype&lt;/b&gt;</displayName>
</SimpleField>
		<SimpleField type="long" name="space"><displayName>&lt;b&gt;space&lt;/b&gt;</displayName>
</SimpleField>
		<SimpleField type="string" name="layer"><displayName>&lt;b&gt;layer&lt;/b&gt;</displayName>
</SimpleField>
		<SimpleField type="string" name="olinetype"><displayName>&lt;b&gt;olinetype&lt;/b&gt;</displayName>
</SimpleField>
		<SimpleField type="string" name="linetype"><displayName>&lt;b&gt;linetype&lt;/b&gt;</displayName>
</SimpleField>
		<SimpleField type="string" name="color"><displayName>&lt;b&gt;color&lt;/b&gt;</displayName>
</SimpleField>
		<SimpleField type="long" name="ocolor"><displayName>&lt;b&gt;ocolor&lt;/b&gt;</displayName>
</SimpleField>
		<SimpleField type="long" name="color24"><displayName>&lt;b&gt;color24&lt;/b&gt;</displayName>
</SimpleField>
		<SimpleField type="long" name="transparen"><displayName>&lt;b&gt;transparen&lt;/b&gt;</displayName>
</SimpleField>
		<SimpleField type="long" name="lweight"><displayName>&lt;b&gt;lweight&lt;/b&gt;</displayName>
</SimpleField>
		<SimpleField type="double" name="linewidth"><displayName>&lt;b&gt;linewidth&lt;/b&gt;</displayName>
</SimpleField>
		<SimpleField type="double" name="ltscale"><displayName>&lt;b&gt;ltscale&lt;/b&gt;</displayName>
</SimpleField>
		<SimpleField type="long" name="visible"><displayName>&lt;b&gt;visible&lt;/b&gt;</displayName>
</SimpleField>
		<SimpleField type="double" name="width"><displayName>&lt;b&gt;width&lt;/b&gt;</displayName>
</SimpleField>
		<SimpleField type="double" name="thickness"><displayName>&lt;b&gt;thickness&lt;/b&gt;</displayName>
</SimpleField>
		<SimpleField type="string" name="ext"><displayName>&lt;b&gt;ext&lt;/b&gt;</displayName>
</SimpleField>
	</Schema>
	<StyleMap id="msn_ylw-pushpin51111002">
		<Pair>
			<key>normal</key>
			<styleUrl>#sn_ylw-pushpin150400002</styleUrl>
		</Pair>
		<Pair>
			<key>highlight</key>
			<styleUrl>#sh_ylw-pushpin62121002</styleUrl>
		</Pair>
	</StyleMap>
	<StyleMap id="msn_ylw-pushpin530011000">
		<Pair>
			<key>normal</key>
			<styleUrl>#sn_ylw-pushpin141301000</styleUrl>
		</Pair>
		<Pair>
			<key>highlight</key>
			<styleUrl>#sh_ylw-pushpin132101000</styleUrl>
		</Pair>
	</StyleMap>
	<StyleMap id="msn_ylw-pushpin8503">
		<Pair>
			<key>normal</key>
			<styleUrl>#sn_ylw-pushpin6303</styleUrl>
		</Pair>
		<Pair>
			<key>highlight</key>
			<styleUrl>#sh_ylw-pushpin6403</styleUrl>
		</Pair>
	</StyleMap>
	<Style id="sh_ylw-pushpin132101000">
		<IconStyle>
			<scale>1.3</scale>
			<Icon>
				<href>http://maps.google.com/mapfiles/kml/pushpin/ylw-pushpin.png</href>
			</Icon>
			<hotSpot x="20" y="2" xunits="pixels" yunits="pixels"/>
		</IconStyle>
		<LineStyle>
			<width>3</width>
		</LineStyle>
		<PolyStyle>
			<color>00005500</color>
		</PolyStyle>
	</Style>
	<Style id="sh_ylw-pushpin62121002">
		<IconStyle>
			<scale>1.3</scale>
			<Icon>
				<href>http://maps.google.com/mapfiles/kml/pushpin/ylw-pushpin.png</href>
			</Icon>
			<hotSpot x="20" y="2" xunits="pixels" yunits="pixels"/>
		</IconStyle>
		<LineStyle>
			<color>ff0000ff</color>
			<width>3</width>
		</LineStyle>
		<PolyStyle>
			<color>007fffff</color>
		</PolyStyle>
	</Style>
	<Style id="sh_ylw-pushpin6403">
		<IconStyle>
			<scale>1.3</scale>
			<Icon>
				<href>http://maps.google.com/mapfiles/kml/pushpin/ylw-pushpin.png</href>
			</Icon>
			<hotSpot x="20" y="2" xunits="pixels" yunits="pixels"/>
		</IconStyle>
		<LineStyle>
			<color>ff0055aa</color>
			<width>3</width>
		</LineStyle>
		<PolyStyle>
			<color>000055aa</color>
		</PolyStyle>
	</Style>
	<Style id="sn_ylw-pushpin141301000">
		<IconStyle>
			<scale>1.1</scale>
			<Icon>
				<href>http://maps.google.com/mapfiles/kml/pushpin/ylw-pushpin.png</href>
			</Icon>
			<hotSpot x="20" y="2" xunits="pixels" yunits="pixels"/>
		</IconStyle>
		<LineStyle>
			<width>3</width>
		</LineStyle>
		<PolyStyle>
			<color>00005500</color>
		</PolyStyle>
	</Style>
	<Style id="sn_ylw-pushpin150400002">
		<IconStyle>
			<scale>1.1</scale>
			<Icon>
				<href>http://maps.google.com/mapfiles/kml/pushpin/ylw-pushpin.png</href>
			</Icon>
			<hotSpot x="20" y="2" xunits="pixels" yunits="pixels"/>
		</IconStyle>
		<LineStyle>
			<color>ff0000ff</color>
			<width>3</width>
		</LineStyle>
		<PolyStyle>
			<color>007fffff</color>
		</PolyStyle>
	</Style>
	<Style id="sn_ylw-pushpin6303">
		<IconStyle>
			<scale>1.1</scale>
			<Icon>
				<href>http://maps.google.com/mapfiles/kml/pushpin/ylw-pushpin.png</href>
			</Icon>
			<hotSpot x="20" y="2" xunits="pixels" yunits="pixels"/>
		</IconStyle>
		<LineStyle>
			<color>ff0055aa</color>
			<width>3</width>
		</LineStyle>
		<PolyStyle>
			<color>000055aa</color>
		</PolyStyle>
	</Style>
	<Folder>
		<name>Cluster_27_ingreso_economico_20feb2023</name>
		<Folder>
			<name>A</name>
		</Folder>
		<Folder>
			<name>B</name>
		</Folder>
		<Folder>
			<name>C</name>
		</Folder>
		<Folder>
			<name>D</name>
			<Placemark>
				<name>1.4.300-9</name>
				<styleUrl>#msn_ylw-pushpin8503</styleUrl>
				<Polygon>
					<tessellate>1</tessellate>
					<outerBoundaryIs>
						<LinearRing>
							<coordinates>
								-71.63133289752908,-16.35451424432168,0 -71.63048733580366,-16.35468272191445,0 -71.63045726496503,-16.3545016230807,0 -71.63123504299128,-16.35410614918481,0 -71.63133289752908,-16.35451424432168,0 
							</coordinates>
						</LinearRing>
					</outerBoundaryIs>
				</Polygon>
			</Placemark>
			<Placemark>
				<name>1.4.300-10</name>
				<styleUrl>#msn_ylw-pushpin8503</styleUrl>
				<Polygon>
					<tessellate>1</tessellate>
					<outerBoundaryIs>
						<LinearRing>
							<coordinates>
								-71.63097547730885,-16.35468785733292,0 -71.63134541627116,-16.35460599932901,0 -71.63154109098537,-16.35547772099607,0 -71.63116107168128,-16.35557888791405,0 -71.63097547730885,-16.35468785733292,0 
							</coordinates>
						</LinearRing>
					</outerBoundaryIs>
				</Polygon>
			</Placemark>
			<Placemark>
				<name>1.4.300-11</name>
				<styleUrl>#msn_ylw-pushpin8503</styleUrl>
				<Polygon>
					<tessellate>1</tessellate>
					<outerBoundaryIs>
						<LinearRing>
							<coordinates>
								-71.63050740444122,-16.35477206727269,0 -71.63087482233182,-16.35469745179739,0 -71.63107048258415,-16.35558607432835,0 -71.63068544719737,-16.35566309383526,0 -71.63050740444122,-16.35477206727269,0 
							</coordinates>
						</LinearRing>
					</outerBoundaryIs>
				</Polygon>
			</Placemark>
			<Placemark>
				<name>1.4.300-12</name>
				<styleUrl>#msn_ylw-pushpin8503</styleUrl>
				<Polygon>
					<tessellate>1</tessellate>
					<outerBoundaryIs>
						<LinearRing>
							<coordinates>
								-71.63036819814616,-16.35453135354761,0 -71.63036806954936,-16.35471773294496,0 -71.63044446633481,-16.35497584439302,0 -71.62994927389418,-16.35535007935315,0 -71.62959657145852,-16.35493229507955,0 -71.63036819814616,-16.35453135354761,0 
							</coordinates>
						</LinearRing>
					</outerBoundaryIs>
				</Polygon>
			</Placemark>
			<Placemark>
				<name>1.4.300-13</name>
				<styleUrl>#msn_ylw-pushpin8503</styleUrl>
				<Polygon>
					<tessellate>1</tessellate>
					<outerBoundaryIs>
						<LinearRing>
							<coordinates>
								-71.62997726301585,-16.35539669002815,0 -71.63046312005379,-16.35501886417985,0 -71.63050402990328,-16.35527874529576,0 -71.63067157379365,-16.35607633699784,0 -71.63060243480204,-16.35612647211,0 -71.62997726301585,-16.35539669002815,0 
							</coordinates>
						</LinearRing>
					</outerBoundaryIs>
				</Polygon>
			</Placemark>
			<Placemark>
				<name>1.4.300-14</name>
				<styleUrl>#msn_ylw-pushpin8503</styleUrl>
				<Polygon>
					<tessellate>1</tessellate>
					<outerBoundaryIs>
						<LinearRing>
							<coordinates>
								-71.63053327966746,-16.35620169649453,0 -71.63023429449757,-16.35642551975475,0 -71.62962219434539,-16.35569932900332,0 -71.62990998316712,-16.35545937052629,0 -71.63053327966746,-16.35620169649453,0 
							</coordinates>
						</LinearRing>
					</outerBoundaryIs>
				</Polygon>
			</Placemark>
			<Placemark>
				<name>1.4.300-15</name>
				<styleUrl>#msn_ylw-pushpin8503</styleUrl>
				<Polygon>
					<tessellate>1</tessellate>
					<outerBoundaryIs>
						<LinearRing>
							<coordinates>
								-71.62987078563818,-16.35541633713805,0 -71.62957366929463,-16.3556401607112,0 -71.62915563449108,-16.35516857077243,0 -71.62950501927158,-16.35498420759901,0 -71.62987078563818,-16.35541633713805,0 
							</coordinates>
						</LinearRing>
					</outerBoundaryIs>
				</Polygon>
			</Placemark>
			<Placemark>
				<name>1.4.300-16</name>
				<styleUrl>#msn_ylw-pushpin8503</styleUrl>
				<Polygon>
					<tessellate>1</tessellate>
					<outerBoundaryIs>
						<LinearRing>
							<coordinates>
								-71.62949517371244,-16.35571537877537,0 -71.62918498687982,-16.35593381690766,0 -71.62872218408697,-16.35538334536007,0 -71.62907343013948,-16.35520794458166,0 -71.62949517371244,-16.35571537877537,0 
							</coordinates>
						</LinearRing>
					</outerBoundaryIs>
				</Polygon>
			</Placemark>
			<Placemark>
				<name>1.4.300-17</name>
				<styleUrl>#msn_ylw-pushpin8503</styleUrl>
				<Polygon>
					<tessellate>1</tessellate>
					<outerBoundaryIs>
						<LinearRing>
							<coordinates>
								-71.6295549056569,-16.35577455438408,0 -71.63016888271899,-16.35648820173227,0 -71.62985868465151,-16.35672097790086,0 -71.62925404971887,-16.35600375124252,0 -71.6295549056569,-16.35577455438408,0 
							</coordinates>
						</LinearRing>
					</outerBoundaryIs>
				</Polygon>
			</Placemark>
			<Placemark>
				<name>1.4.300-18</name>
				<styleUrl>#msn_ylw-pushpin8503</styleUrl>
				<Polygon>
					<tessellate>1</tessellate>
					<outerBoundaryIs>
						<LinearRing>
							<coordinates>
								-71.62912517990856,-16.35599291802997,0 -71.62882431363374,-16.35623465970681,0 -71.62828499454719,-16.35559811654152,0 -71.62863437795617,-16.35541913098211,0 -71.62912517990856,-16.35599291802997,0 
							</coordinates>
						</LinearRing>
					</outerBoundaryIs>
				</Polygon>
			</Placemark>
			<Placemark>
				<name>1.4.300-19</name>
				<styleUrl>#msn_ylw-pushpin8503</styleUrl>
				<Polygon>
					<tessellate>1</tessellate>
					<outerBoundaryIs>
						<LinearRing>
							<coordinates>
								-71.62919237009616,-16.35607000791861,0 -71.62978393707806,-16.3567782654985,0 -71.62948494600289,-16.3570092565621,0 -71.62888777752345,-16.35629921352876,0 -71.62919237009616,-16.35607000791861,0 
							</coordinates>
						</LinearRing>
					</outerBoundaryIs>
				</Polygon>
			</Placemark>
		</Folder>
		<Folder>
			<name>E</name>
			<Placemark>
				<name>1.4.127-24</name>
				<styleUrl>#msn_ylw-pushpin51111002</styleUrl>
				<Polygon>
					<tessellate>1</tessellate>
					<outerBoundaryIs>
						<LinearRing>
							<coordinates>
								-71.6098801257675,-16.34482253808076,0 -71.60957063170561,-16.34506225399162,0 -71.60889079278418,-16.34424587631334,0 -71.60929158635398,-16.34414806857392,0 -71.6098801257675,-16.34482253808076,0 
							</coordinates>
						</LinearRing>
					</outerBoundaryIs>
				</Polygon>
			</Placemark>
			<Placemark>
				<name>1.4.127-25</name>
				<styleUrl>#msn_ylw-pushpin51111002</styleUrl>
				<Polygon>
					<tessellate>1</tessellate>
					<outerBoundaryIs>
						<LinearRing>
							<coordinates>
								-71.61043400791918,-16.34548925227182,0 -71.6101499273023,-16.34571594486884,0 -71.60959369753701,-16.3450903531365,0 -71.60990185087441,-16.34485246699044,0 -71.61043400791918,-16.34548925227182,0 
							</coordinates>
						</LinearRing>
					</outerBoundaryIs>
				</Polygon>
			</Placemark>
			<Placemark>
				<name>1.4.127-26</name>
				<styleUrl>#msn_ylw-pushpin51111002</styleUrl>
				<Polygon>
					<tessellate>1</tessellate>
					<outerBoundaryIs>
						<LinearRing>
							<coordinates>
								-71.60886989530744,-16.34435765781003,0 -71.6092179758701,-16.34477991497052,0 -71.60848518221843,-16.3453621543336,0 -71.60837283404342,-16.34522300992459,0 -71.60880943972835,-16.34483720687282,0 -71.60874609035034,-16.3444769887398,0 -71.60886989530744,-16.34435765781003,0 
							</coordinates>
						</LinearRing>
					</outerBoundaryIs>
				</Polygon>
			</Placemark>
			<Placemark>
				<name>1.4.127-27</name>
				<styleUrl>#msn_ylw-pushpin51111002</styleUrl>
				<Polygon>
					<tessellate>1</tessellate>
					<outerBoundaryIs>
						<LinearRing>
							<coordinates>
								-71.60925727078308,-16.34482060012487,0 -71.60950630658613,-16.34509623650174,0 -71.60864518775129,-16.34578970939913,0 -71.60840609698951,-16.34552540551429,0 -71.60925727078308,-16.34482060012487,0 
							</coordinates>
						</LinearRing>
					</outerBoundaryIs>
				</Polygon>
			</Placemark>
			<Placemark>
				<name>1.4.127-28</name>
				<styleUrl>#msn_ylw-pushpin51111002</styleUrl>
				<Polygon>
					<tessellate>1</tessellate>
					<outerBoundaryIs>
						<LinearRing>
							<coordinates>
								-71.60908643166363,-16.34551320086891,0 -71.60932742827937,-16.34580038877116,0 -71.60882278367563,-16.34620660874071,0 -71.60859014950142,-16.34592795652549,0 -71.60908643166363,-16.34551320086891,0 
							</coordinates>
						</LinearRing>
					</outerBoundaryIs>
				</Polygon>
			</Placemark>
			<Placemark>
				<name>1.4.127-29</name>
				<styleUrl>#msn_ylw-pushpin51111002</styleUrl>
				<Polygon>
					<tessellate>1</tessellate>
					<outerBoundaryIs>
						<LinearRing>
							<coordinates>
								-71.60937888187979,-16.34585606981339,0 -71.60961586192408,-16.34612611053326,0 -71.60917654807443,-16.34650360787202,0 -71.60905079451932,-16.34651586168008,0 -71.60886172329123,-16.34627260191674,0 -71.60937888187979,-16.34585606981339,0 
							</coordinates>
						</LinearRing>
					</outerBoundaryIs>
				</Polygon>
			</Placemark>
			<Placemark>
				<name>1.4.127-30</name>
				<styleUrl>#msn_ylw-pushpin51111002</styleUrl>
				<Polygon>
					<tessellate>1</tessellate>
					<outerBoundaryIs>
						<LinearRing>
							<coordinates>
								-71.61103658219372,-16.3461646261035,0 -71.61074124714399,-16.34640923987093,0 -71.61019232677209,-16.34577282765516,0 -71.61048857203187,-16.34554756170768,0 -71.61103658219372,-16.3461646261035,0 
							</coordinates>
						</LinearRing>
					</outerBoundaryIs>
				</Polygon>
			</Placemark>
			<Placemark>
				<name>1.4.127-31</name>
				<styleUrl>#msn_ylw-pushpin51111002</styleUrl>
				<Polygon>
					<tessellate>1</tessellate>
					<outerBoundaryIs>
						<LinearRing>
							<coordinates>
								-71.61012464202119,-16.34581888980765,0 -71.61037726334226,-16.34610630260996,0 -71.60963797187586,-16.34672408015686,0 -71.60923146592954,-16.34654383189069,0 -71.61012464202119,-16.34581888980765,0 
							</coordinates>
						</LinearRing>
					</outerBoundaryIs>
				</Polygon>
			</Placemark>
			<Placemark>
				<name>1.4.127-32</name>
				<styleUrl>#msn_ylw-pushpin51111002</styleUrl>
				<Polygon>
					<tessellate>1</tessellate>
					<outerBoundaryIs>
						<LinearRing>
							<coordinates>
								-71.6104141337166,-16.34615378901245,0 -71.61067118711622,-16.3464385089392,0 -71.61005629207773,-16.34694209177727,0 -71.60987576617316,-16.34686673590124,0 -71.60967332782344,-16.34675709280448,0 -71.6104141337166,-16.34615378901245,0 
							</coordinates>
						</LinearRing>
					</outerBoundaryIs>
				</Polygon>
			</Placemark>
			<Placemark>
				<name>1.4.127-33</name>
				<styleUrl>#msn_ylw-pushpin51111002</styleUrl>
				<Polygon>
					<tessellate>1</tessellate>
					<outerBoundaryIs>
						<LinearRing>
							<coordinates>
								-71.61073634099644,-16.34737320254676,0 -71.61054875632456,-16.34759835849532,0 -71.61013115251261,-16.34725315691909,0 -71.60999377538425,-16.3471271124195,0 -71.60995446900559,-16.34715769165704,0 -71.60987520868875,-16.34706004125928,0 -71.60979830855348,-16.34694144419262,0 -71.60982759185724,-16.3469065797974,0 -71.61073634099644,-16.34737320254676,0 
							</coordinates>
						</LinearRing>
					</outerBoundaryIs>
				</Polygon>
			</Placemark>
			<Placemark>
				<name>1.4.127-34</name>
				<styleUrl>#msn_ylw-pushpin51111002</styleUrl>
				<Polygon>
					<tessellate>1</tessellate>
					<outerBoundaryIs>
						<LinearRing>
							<coordinates>
								-71.60956285945437,-16.346771792569,0 -71.60945635619485,-16.34685815119239,0 -71.60934984738515,-16.34695905574072,0 -71.60921134360849,-16.34687461532959,0 -71.6090666385153,-16.34669216774703,0 -71.60915419316895,-16.34658493134197,0 -71.60956285945437,-16.346771792569,0 
							</coordinates>
						</LinearRing>
					</outerBoundaryIs>
				</Polygon>
			</Placemark>
			<Placemark>
				<name>1.4.127-35</name>
				<styleUrl>#msn_ylw-pushpin51111002</styleUrl>
				<Polygon>
					<tessellate>1</tessellate>
					<outerBoundaryIs>
						<LinearRing>
							<coordinates>
								-71.61004322404754,-16.34736782851766,0 -71.60986244110988,-16.34749083457678,0 -71.60958254956201,-16.34736771993245,0 -71.60956626319431,-16.34718499000435,0 -71.6093898440315,-16.34700199791831,0 -71.60961580733219,-16.34683050914218,0 -71.61004322404754,-16.34736782851766,0 
							</coordinates>
						</LinearRing>
					</outerBoundaryIs>
				</Polygon>
			</Placemark>
			<Placemark>
				<name>1.4.132-1</name>
				<styleUrl>#msn_ylw-pushpin51111002</styleUrl>
				<Polygon>
					<tessellate>1</tessellate>
					<outerBoundaryIs>
						<LinearRing>
							<coordinates>
								-71.60875561484806,-16.34209051332046,0 -71.60889660138035,-16.34166427376239,0 -71.60919056227786,-16.3415648833939,0 -71.60929940196266,-16.34192329141666,0 -71.60875561484806,-16.34209051332046,0 
							</coordinates>
						</LinearRing>
					</outerBoundaryIs>
				</Polygon>
			</Placemark>
			<Placemark>
				<name>1.4.132-2</name>
				<styleUrl>#msn_ylw-pushpin51111002</styleUrl>
				<Polygon>
					<tessellate>1</tessellate>
					<outerBoundaryIs>
						<LinearRing>
							<coordinates>
								-71.60922834479094,-16.34145088677803,0 -71.60918137862251,-16.34129556881621,0 -71.6093211161691,-16.34104691079344,0 -71.60949186588323,-16.3410068790477,0 -71.60960458663375,-16.34135131692048,0 -71.60922834479094,-16.34145088677803,0 
							</coordinates>
						</LinearRing>
					</outerBoundaryIs>
				</Polygon>
			</Placemark>
			<Placemark>
				<name>1.4.132-3</name>
				<styleUrl>#msn_ylw-pushpin51111002</styleUrl>
				<Polygon>
					<tessellate>1</tessellate>
					<outerBoundaryIs>
						<LinearRing>
							<coordinates>
								-71.60936883330885,-16.3418866016981,0 -71.60925220231874,-16.3415274483223,0 -71.60962484011471,-16.3414313148896,0 -71.60974132017294,-16.34177729336916,0 -71.60936883330885,-16.3418866016981,0 
							</coordinates>
						</LinearRing>
					</outerBoundaryIs>
				</Polygon>
			</Placemark>
			<Placemark>
				<name>1.4.132-4</name>
				<styleUrl>#msn_ylw-pushpin51111002</styleUrl>
				<Polygon>
					<tessellate>1</tessellate>
					<outerBoundaryIs>
						<LinearRing>
							<coordinates>
								-71.60950546157004,-16.34232140343015,0 -71.60939284618748,-16.34196274981847,0 -71.60975462202619,-16.34185415924536,0 -71.6098751738203,-16.34220326889621,0 -71.60950546157004,-16.34232140343015,0 
							</coordinates>
						</LinearRing>
					</outerBoundaryIs>
				</Polygon>
			</Placemark>
			<Placemark>
				<name>1.4.132-5</name>
				<styleUrl>#msn_ylw-pushpin51111002</styleUrl>
				<Polygon>
					<tessellate>1</tessellate>
					<outerBoundaryIs>
						<LinearRing>
							<coordinates>
								-71.60859166037926,-16.34260068697894,0 -71.60849082092946,-16.34225880274879,0 -71.60930811518027,-16.34200266394834,0 -71.6094233808854,-16.34235992181461,0 -71.60859166037926,-16.34260068697894,0 
							</coordinates>
						</LinearRing>
					</outerBoundaryIs>
				</Polygon>
			</Placemark>
			<Placemark>
				<name>1.4.132-8</name>
				<styleUrl>#msn_ylw-pushpin51111002</styleUrl>
				<Polygon>
					<tessellate>1</tessellate>
					<outerBoundaryIs>
						<LinearRing>
							<coordinates>
								-71.60911940604056,-16.34392430845561,0 -71.60889981062246,-16.34358938819198,0 -71.6097187224144,-16.34333730807161,0 -71.60983762109451,-16.3436946642274,0 -71.60911940604056,-16.34392430845561,0 
							</coordinates>
						</LinearRing>
					</outerBoundaryIs>
				</Polygon>
			</Placemark>
			<Placemark>
				<name>1.4.132-9</name>
				<styleUrl>#msn_ylw-pushpin51111002</styleUrl>
				<Polygon>
					<tessellate>1</tessellate>
					<outerBoundaryIs>
						<LinearRing>
							<coordinates>
								-71.61030131864344,-16.34356511106515,0 -71.60992055750015,-16.34366305654966,0 -71.60981187358622,-16.34330496625089,0 -71.61018404692103,-16.34319546724697,0 -71.61030131864344,-16.34356511106515,0 
							</coordinates>
						</LinearRing>
					</outerBoundaryIs>
				</Polygon>
			</Placemark>
			<Placemark>
				<name>1.4.132-10</name>
				<styleUrl>#msn_ylw-pushpin51111002</styleUrl>
				<Polygon>
					<tessellate>1</tessellate>
					<outerBoundaryIs>
						<LinearRing>
							<coordinates>
								-71.61042015135011,-16.34353846904884,0 -71.61030158773379,-16.34316453601539,0 -71.61113159452593,-16.34292603935169,0 -71.6112326870291,-16.34326719127118,0 -71.61042015135011,-16.34353846904884,0 
							</coordinates>
						</LinearRing>
					</outerBoundaryIs>
				</Polygon>
			</Placemark>
			<Placemark>
				<name>1.4.132-11</name>
				<styleUrl>#msn_ylw-pushpin51111002</styleUrl>
				<Polygon>
					<tessellate>1</tessellate>
					<outerBoundaryIs>
						<LinearRing>
							<coordinates>
								-71.61028087158809,-16.34309884243837,0 -71.61014925525352,-16.3427124753247,0 -71.6109965475719,-16.34250679039495,0 -71.61110604204677,-16.34286123171898,0 -71.61028087158809,-16.34309884243837,0 
							</coordinates>
						</LinearRing>
					</outerBoundaryIs>
				</Polygon>
			</Placemark>
			<Placemark>
				<name>1.4.132-12</name>
				<styleUrl>#msn_ylw-pushpin51111002</styleUrl>
				<Polygon>
					<tessellate>1</tessellate>
					<outerBoundaryIs>
						<LinearRing>
							<coordinates>
								-71.61011824826063,-16.34261900986866,0 -71.60999818109622,-16.34224282982571,0 -71.61084845348165,-16.34202645225177,0 -71.61095817671286,-16.34239213758819,0 -71.61011824826063,-16.34261900986866,0 
							</coordinates>
						</LinearRing>
					</outerBoundaryIs>
				</Polygon>
			</Placemark>
			<Placemark>
				<name>1.4.132-13</name>
				<styleUrl>#msn_ylw-pushpin51111002</styleUrl>
				<Polygon>
					<tessellate>1</tessellate>
					<outerBoundaryIs>
						<LinearRing>
							<coordinates>
								-71.60999326858821,-16.3421713077029,0 -71.60987744935484,-16.34181436719091,0 -71.61070915559489,-16.34159300933656,0 -71.61081917147794,-16.34194972180162,0 -71.60999326858821,-16.3421713077029,0 
							</coordinates>
						</LinearRing>
					</outerBoundaryIs>
				</Polygon>
			</Placemark>
			<Placemark>
				<name>1.4.132-14</name>
				<styleUrl>#msn_ylw-pushpin51111002</styleUrl>
				<Polygon>
					<tessellate>1</tessellate>
					<outerBoundaryIs>
						<LinearRing>
							<coordinates>
								-71.60984933788858,-16.34174378247576,0 -71.6097411615617,-16.34138426123958,0 -71.61056426412361,-16.34115702389503,0 -71.6106915364462,-16.34153097052332,0 -71.60984933788858,-16.34174378247576,0 
							</coordinates>
						</LinearRing>
					</outerBoundaryIs>
				</Polygon>
			</Placemark>
			<Placemark>
				<name>1.4.132-15</name>
				<styleUrl>#msn_ylw-pushpin51111002</styleUrl>
				<Polygon>
					<tessellate>1</tessellate>
					<outerBoundaryIs>
						<LinearRing>
							<coordinates>
								-71.61054292613173,-16.34108884889236,0 -71.60972144313331,-16.34131957585687,0 -71.60961379697939,-16.34096887322772,0 -71.6104370828544,-16.34073148898368,0 -71.61054292613173,-16.34108884889236,0 
							</coordinates>
						</LinearRing>
					</outerBoundaryIs>
				</Polygon>
			</Placemark>
			<Placemark>
				<name>1.4.132-16</name>
				<styleUrl>#msn_ylw-pushpin51111002</styleUrl>
				<Polygon>
					<tessellate>1</tessellate>
					<outerBoundaryIs>
						<LinearRing>
							<coordinates>
								-71.61144138568501,-16.34082779050995,0 -71.61061915635995,-16.34107123819062,0 -71.61050756513163,-16.34071070921707,0 -71.61133315226465,-16.3404872061926,0 -71.61144138568501,-16.34082779050995,0 
							</coordinates>
						</LinearRing>
					</outerBoundaryIs>
				</Polygon>
			</Placemark>
			<Placemark>
				<name>1.4.132-17</name>
				<styleUrl>#msn_ylw-pushpin51111002</styleUrl>
				<Polygon>
					<tessellate>1</tessellate>
					<outerBoundaryIs>
						<LinearRing>
							<coordinates>
								-71.61158159608189,-16.3412670523194,0 -71.61075578521341,-16.34149551349725,0 -71.61063084368891,-16.34113697424995,0 -71.61146587810751,-16.34090139991322,0 -71.61158159608189,-16.3412670523194,0 
							</coordinates>
						</LinearRing>
					</outerBoundaryIs>
				</Polygon>
			</Placemark>
			<Placemark>
				<name>1.4.132-18</name>
				<styleUrl>#msn_ylw-pushpin51111002</styleUrl>
				<Polygon>
					<tessellate>1</tessellate>
					<outerBoundaryIs>
						<LinearRing>
							<coordinates>
								-71.61172310608083,-16.34169705188433,0 -71.61090059607341,-16.34193747991421,0 -71.61077353932049,-16.34156005482019,0 -71.61160773336459,-16.34134567248099,0 -71.61172310608083,-16.34169705188433,0 
							</coordinates>
						</LinearRing>
					</outerBoundaryIs>
				</Polygon>
			</Placemark>
			<Placemark>
				<name>1.4.132-19</name>
				<styleUrl>#msn_ylw-pushpin51111002</styleUrl>
				<Polygon>
					<tessellate>1</tessellate>
					<outerBoundaryIs>
						<LinearRing>
							<coordinates>
								-71.61185588425457,-16.34212290250359,0 -71.61103729019013,-16.34237356397951,0 -71.61091690991913,-16.34199728086882,0 -71.61174160090086,-16.34175535026567,0 -71.61185588425457,-16.34212290250359,0 
							</coordinates>
						</LinearRing>
					</outerBoundaryIs>
				</Polygon>
			</Placemark>
			<Placemark>
				<name>1.4.132-20</name>
				<styleUrl>#msn_ylw-pushpin51111002</styleUrl>
				<Polygon>
					<tessellate>1</tessellate>
					<outerBoundaryIs>
						<LinearRing>
							<coordinates>
								-71.61118559482239,-16.34284730684447,0 -71.61107145353603,-16.34247565126969,0 -71.61188444642609,-16.34223589834699,0 -71.61200195152961,-16.3426053244717,0 -71.61118559482239,-16.34284730684447,0 
							</coordinates>
						</LinearRing>
					</outerBoundaryIs>
				</Polygon>
			</Placemark>
			<Placemark>
				<name>1.4.132-21</name>
				<styleUrl>#msn_ylw-pushpin51111002</styleUrl>
				<Polygon>
					<tessellate>1</tessellate>
					<outerBoundaryIs>
						<LinearRing>
							<coordinates>
								-71.61133306008189,-16.34330695847386,0 -71.61120685145376,-16.34291383287337,0 -71.61202412057106,-16.34267268525806,0 -71.61214734315875,-16.34304709459835,0 -71.61133306008189,-16.34330695847386,0 
							</coordinates>
						</LinearRing>
					</outerBoundaryIs>
				</Polygon>
			</Placemark>
			<Placemark>
				<name>1.4.132-22</name>
				<styleUrl>#msn_ylw-pushpin51111002</styleUrl>
				<Polygon>
					<tessellate>1</tessellate>
					<outerBoundaryIs>
						<LinearRing>
							<coordinates>
								-71.61220183398457,-16.34301552606594,0 -71.61208015073346,-16.3426349925021,0 -71.61291694815125,-16.34241107970161,0 -71.61303463028096,-16.34276620972194,0 -71.61220183398457,-16.34301552606594,0 
							</coordinates>
						</LinearRing>
					</outerBoundaryIs>
				</Polygon>
			</Placemark>
			<Placemark>
				<name>1.4.132-23</name>
				<styleUrl>#msn_ylw-pushpin51111002</styleUrl>
				<Polygon>
					<tessellate>1</tessellate>
					<outerBoundaryIs>
						<LinearRing>
							<coordinates>
								-71.61206381017242,-16.34257904626461,0 -71.61196121795281,-16.34222080321757,0 -71.61278445111481,-16.34197784148116,0 -71.61289571353126,-16.34234579946493,0 -71.61206381017242,-16.34257904626461,0 
							</coordinates>
						</LinearRing>
					</outerBoundaryIs>
				</Polygon>
			</Placemark>
			<Placemark>
				<name>1.4.132-24</name>
				<styleUrl>#msn_ylw-pushpin51111002</styleUrl>
				<Polygon>
					<tessellate>1</tessellate>
					<outerBoundaryIs>
						<LinearRing>
							<coordinates>
								-71.61192605216547,-16.34210945279422,0 -71.61180914284267,-16.34173731939976,0 -71.61262623111175,-16.34149822383169,0 -71.6127442787736,-16.34186089655445,0 -71.61192605216547,-16.34210945279422,0 
							</coordinates>
						</LinearRing>
					</outerBoundaryIs>
				</Polygon>
			</Placemark>
			<Placemark>
				<name>1.4.132-25</name>
				<styleUrl>#msn_ylw-pushpin51111002</styleUrl>
				<Polygon>
					<tessellate>1</tessellate>
					<outerBoundaryIs>
						<LinearRing>
							<coordinates>
								-71.61178991346529,-16.34167455347618,0 -71.61167500005109,-16.34132107992408,0 -71.61249509313866,-16.34107137001017,0 -71.61261563990281,-16.34142863595126,0 -71.61178991346529,-16.34167455347618,0 
							</coordinates>
						</LinearRing>
					</outerBoundaryIs>
				</Polygon>
			</Placemark>
			<Placemark>
				<name>1.4.132-26</name>
				<styleUrl>#msn_ylw-pushpin51111002</styleUrl>
				<Polygon>
					<tessellate>1</tessellate>
					<outerBoundaryIs>
						<LinearRing>
							<coordinates>
								-71.61165613202337,-16.34125633252528,0 -71.61154239120167,-16.34087844932186,0 -71.61236350095736,-16.34065151060792,0 -71.61247890698075,-16.34100418819788,0 -71.61165613202337,-16.34125633252528,0 
							</coordinates>
						</LinearRing>
					</outerBoundaryIs>
				</Polygon>
			</Placemark>
			<Placemark>
				<name>1.4.132-28</name>
				<styleUrl>#msn_ylw-pushpin51111002</styleUrl>
				<Polygon>
					<tessellate>1</tessellate>
					<outerBoundaryIs>
						<LinearRing>
							<coordinates>
								-71.61323800993917,-16.34030278717589,0 -71.61242108691906,-16.34055080722849,0 -71.61230991821878,-16.34020727561691,0 -71.61312266279283,-16.33996060036767,0 -71.61323800993917,-16.34030278717589,0 
							</coordinates>
						</LinearRing>
					</outerBoundaryIs>
				</Polygon>
			</Placemark>
			<Placemark>
				<name>1.4.132-29</name>
				<styleUrl>#msn_ylw-pushpin51111002</styleUrl>
				<Polygon>
					<tessellate>1</tessellate>
					<outerBoundaryIs>
						<LinearRing>
							<coordinates>
								-71.61243809949397,-16.34062676581735,0 -71.61324821581198,-16.34037592879282,0 -71.61336338555515,-16.34073572570116,0 -71.61255498141486,-16.3409884118091,0 -71.61243809949397,-16.34062676581735,0 
							</coordinates>
						</LinearRing>
					</outerBoundaryIs>
				</Polygon>
			</Placemark>
			<Placemark>
				<name>1.4.132-30</name>
				<styleUrl>#msn_ylw-pushpin51111002</styleUrl>
				<Polygon>
					<tessellate>1</tessellate>
					<outerBoundaryIs>
						<LinearRing>
							<coordinates>
								-71.6135082704896,-16.34116699983346,0 -71.61268726294597,-16.34141424022663,0 -71.61256576091293,-16.34104544039359,0 -71.6133901996358,-16.34080973899906,0 -71.6135082704896,-16.34116699983346,0 
							</coordinates>
						</LinearRing>
					</outerBoundaryIs>
				</Polygon>
			</Placemark>
			<Placemark>
				<name>1.4.132-31</name>
				<styleUrl>#msn_ylw-pushpin51111002</styleUrl>
				<Polygon>
					<tessellate>1</tessellate>
					<outerBoundaryIs>
						<LinearRing>
							<coordinates>
								-71.61362914646058,-16.34159520287922,0 -71.61281952624169,-16.34185118998654,0 -71.6127004180462,-16.34148134558359,0 -71.61351659435498,-16.34124127226957,0 -71.61362914646058,-16.34159520287922,0 
							</coordinates>
						</LinearRing>
					</outerBoundaryIs>
				</Polygon>
			</Placemark>
			<Placemark>
				<name>1.4.132-32</name>
				<styleUrl>#msn_ylw-pushpin51111002</styleUrl>
				<Polygon>
					<tessellate>1</tessellate>
					<outerBoundaryIs>
						<LinearRing>
							<coordinates>
								-71.61378974118095,-16.34207596365604,0 -71.61297079601135,-16.34232209961519,0 -71.61285187361715,-16.34196097443671,0 -71.61367005800825,-16.34170884861386,0 -71.61378974118095,-16.34207596365604,0 
							</coordinates>
						</LinearRing>
					</outerBoundaryIs>
				</Polygon>
			</Placemark>
			<Placemark>
				<name>1.4.132-33</name>
				<styleUrl>#msn_ylw-pushpin51111002</styleUrl>
				<Polygon>
					<tessellate>1</tessellate>
					<outerBoundaryIs>
						<LinearRing>
							<coordinates>
								-71.61310168588889,-16.34274418311416,0 -71.61299332268248,-16.34239135535841,0 -71.61380713914212,-16.34213714485974,0 -71.61392421957544,-16.34251279988331,0 -71.61310168588889,-16.34274418311416,0 
							</coordinates>
						</LinearRing>
					</outerBoundaryIs>
				</Polygon>
			</Placemark>
			<Placemark>
				<name>1.4.132-34</name>
				<styleUrl>#msn_ylw-pushpin51111002</styleUrl>
				<Polygon>
					<tessellate>1</tessellate>
					<outerBoundaryIs>
						<LinearRing>
							<coordinates>
								-71.61399325875645,-16.34248457824983,0 -71.613883369802,-16.34212261943583,0 -71.61435078002759,-16.34198970977383,0 -71.61446066422533,-16.34234659961129,0 -71.61399325875645,-16.34248457824983,0 
							</coordinates>
						</LinearRing>
					</outerBoundaryIs>
				</Polygon>
			</Placemark>
			<Placemark>
				<name>1.4.132-37</name>
				<styleUrl>#msn_ylw-pushpin51111002</styleUrl>
				<Polygon>
					<tessellate>1</tessellate>
					<outerBoundaryIs>
						<LinearRing>
							<coordinates>
								-71.61357327908655,-16.34114073692118,0 -71.6134473100921,-16.34078351675954,0 -71.61393004922752,-16.34065222884597,0 -71.61404367166161,-16.34100402560615,0 -71.61357327908655,-16.34114073692118,0 
							</coordinates>
						</LinearRing>
					</outerBoundaryIs>
				</Polygon>
			</Placemark>
			<Placemark>
				<name>1.4.132-38</name>
				<styleUrl>#msn_ylw-pushpin51111002</styleUrl>
				<Polygon>
					<tessellate>1</tessellate>
					<outerBoundaryIs>
						<LinearRing>
							<coordinates>
								-71.61343762739548,-16.34070684448841,0 -71.6133187357884,-16.3403463980607,0 -71.6137936991507,-16.34020881896039,0 -71.61390231865605,-16.34056606620213,0 -71.61343762739548,-16.34070684448841,0 
							</coordinates>
						</LinearRing>
					</outerBoundaryIs>
				</Polygon>
			</Placemark>
			<Placemark>
				<name>1.4.132-39</name>
				<styleUrl>#msn_ylw-pushpin51111002</styleUrl>
				<Polygon>
					<tessellate>1</tessellate>
					<outerBoundaryIs>
						<LinearRing>
							<coordinates>
								-71.61330311876084,-16.34028774322934,0 -71.61319382305925,-16.33993734564474,0 -71.61365399498276,-16.33979298757721,0 -71.61377139722995,-16.34014883469137,0 -71.61330311876084,-16.34028774322934,0 
							</coordinates>
						</LinearRing>
					</outerBoundaryIs>
				</Polygon>
			</Placemark>
			<Placemark>
				<name>1.4.132-40</name>
				<styleUrl>#msn_ylw-pushpin51111002</styleUrl>
				<Polygon>
					<tessellate>1</tessellate>
					<outerBoundaryIs>
						<LinearRing>
							<coordinates>
								-71.61384579653127,-16.3401273899454,0 -71.61373076107346,-16.33976620012682,0 -71.61395614474687,-16.33970364940462,0 -71.61423203769016,-16.34002424938137,0 -71.61384579653127,-16.3401273899454,0 
							</coordinates>
						</LinearRing>
					</outerBoundaryIs>
				</Polygon>
			</Placemark>
			<Placemark>
				<name>1.4.132-41</name>
				<styleUrl>#msn_ylw-pushpin51111002</styleUrl>
				<Polygon>
					<tessellate>1</tessellate>
					<outerBoundaryIs>
						<LinearRing>
							<coordinates>
								-71.61398228570364,-16.34055545091548,0 -71.61387259002645,-16.3401960069432,0 -71.61428352434426,-16.34007671107555,0 -71.61453029366093,-16.3404005915509,0 -71.61398228570364,-16.34055545091548,0 
							</coordinates>
						</LinearRing>
					</outerBoundaryIs>
				</Polygon>
			</Placemark>
			<Placemark>
				<name>1.4.132-42</name>
				<styleUrl>#msn_ylw-pushpin51111002</styleUrl>
				<Polygon>
					<tessellate>1</tessellate>
					<outerBoundaryIs>
						<LinearRing>
							<coordinates>
								-71.61460134688426,-16.34081850403609,0 -71.61437411249888,-16.3405202905627,0 -71.61458085059846,-16.34043777482351,0 -71.61480059790809,-16.34071182835152,0 -71.61460134688426,-16.34081850403609,0 
							</coordinates>
						</LinearRing>
					</outerBoundaryIs>
				</Polygon>
			</Placemark>
			<Placemark>
				<name>1.4.132-43</name>
				<styleUrl>#msn_ylw-pushpin51111002</styleUrl>
				<Polygon>
					<tessellate>1</tessellate>
					<outerBoundaryIs>
						<LinearRing>
							<coordinates>
								-71.61453451575503,-16.34233971219024,0 -71.61399031381954,-16.34061457213975,0 -71.61420776929972,-16.34056151671136,0 -71.61466771708918,-16.34218311839393,0 -71.61466966549871,-16.34231129690192,0 -71.61453451575503,-16.34233971219024,0 
							</coordinates>
						</LinearRing>
					</outerBoundaryIs>
				</Polygon>
			</Placemark>
			<Placemark>
				<name>1.4.132-44</name>
				<styleUrl>#msn_ylw-pushpin51111002</styleUrl>
				<Polygon>
					<tessellate>1</tessellate>
					<outerBoundaryIs>
						<LinearRing>
							<coordinates>
								-71.60891983003428,-16.34155185839878,0 -71.60876670853303,-16.34147267427418,0 -71.60880109220487,-16.34114139243299,0 -71.6088483875553,-16.34105207239042,0 -71.60913606998329,-16.34124091487062,0 -71.60891983003428,-16.34155185839878,0 
							</coordinates>
						</LinearRing>
					</outerBoundaryIs>
				</Polygon>
			</Placemark>
			<Placemark>
				<name>1.4.132-45</name>
				<styleUrl>#msn_ylw-pushpin51111002</styleUrl>
				<Polygon>
					<tessellate>1</tessellate>
					<outerBoundaryIs>
						<LinearRing>
							<coordinates>
								-71.60882650417747,-16.34171732733315,0 -71.60844986119208,-16.34156988239019,0 -71.60862527211033,-16.3414242448168,0 -71.60889409622096,-16.34159258570676,0 -71.60882650417747,-16.34171732733315,0 
							</coordinates>
						</LinearRing>
					</outerBoundaryIs>
				</Polygon>
			</Placemark>
			<Placemark>
				<name>1.4.132-46</name>
				<styleUrl>#msn_ylw-pushpin51111002</styleUrl>
				<Polygon>
					<tessellate>1</tessellate>
					<outerBoundaryIs>
						<LinearRing>
							<coordinates>
								-71.60868020868193,-16.34210679700132,0 -71.60810449281119,-16.34194721109936,0 -71.60820083530589,-16.34156732821862,0 -71.60879350743811,-16.34175286682901,0 -71.60868020868193,-16.34210679700132,0 
							</coordinates>
						</LinearRing>
					</outerBoundaryIs>
				</Polygon>
			</Placemark>
			<Placemark>
				<name>1.4.132-47</name>
				<styleUrl>#msn_ylw-pushpin51111002</styleUrl>
				<Polygon>
					<tessellate>1</tessellate>
					<outerBoundaryIs>
						<LinearRing>
							<coordinates>
								-71.60866586273083,-16.34350480321902,0 -71.60848366392075,-16.34326629070239,0 -71.6082249071183,-16.34235885115987,0 -71.60823869480217,-16.34226602535927,0 -71.60838158010176,-16.34223759690618,0 -71.60876754360883,-16.34348731755845,0 -71.60866586273083,-16.34350480321902,0 
							</coordinates>
						</LinearRing>
					</outerBoundaryIs>
				</Polygon>
			</Placemark>
			<Placemark>
				<name>1.4.132-48</name>
				<styleUrl>#msn_ylw-pushpin51111002</styleUrl>
				<Polygon>
					<tessellate>1</tessellate>
					<outerBoundaryIs>
						<LinearRing>
							<coordinates>
								-71.60874458811131,-16.3440512330105,0 -71.60848571660053,-16.34350352846849,0 -71.60856472823227,-16.34347471563145,0 -71.60863825842628,-16.34355513795683,0 -71.60878564927268,-16.34355515234999,0 -71.6089627481328,-16.34396418136913,0 -71.60874458811131,-16.3440512330105,0 
							</coordinates>
						</LinearRing>
					</outerBoundaryIs>
				</Polygon>
			</Placemark>
			<Placemark>
				<name>1.4.134-1</name>
				<styleUrl>#msn_ylw-pushpin51111002</styleUrl>
				<Polygon>
					<tessellate>1</tessellate>
					<outerBoundaryIs>
						<LinearRing>
							<coordinates>
								-71.60279191902197,-16.33034280265991,0 -71.60283161161081,-16.33045027007273,0 -71.60293028549012,-16.33069805271647,0 -71.60241438935552,-16.33111872874757,0 -71.60216411956004,-16.33041639041513,0 -71.60213453340292,-16.33036502456477,0 -71.60253313331052,-16.33003746287487,0 -71.60279191902197,-16.33034280265991,0 
							</coordinates>
						</LinearRing>
					</outerBoundaryIs>
				</Polygon>
			</Placemark>
			<Placemark>
				<name>1.4.134-2</name>
				<styleUrl>#msn_ylw-pushpin51111002</styleUrl>
				<Polygon>
					<tessellate>1</tessellate>
					<outerBoundaryIs>
						<LinearRing>
							<coordinates>
								-71.60311714431964,-16.33020616379208,0 -71.60317765523621,-16.3303606904731,0 -71.60326833894658,-16.33055125031861,0 -71.60358904920096,-16.33126661004691,0 -71.60348165965715,-16.33137849250449,0 -71.60340496930453,-16.33144770852666,0 -71.60331578423697,-16.33148858150501,0 -71.60326308690529,-16.33134336498491,0 -71.60318123822508,-16.33110417657095,0 -71.60306383273618,-16.33084803750357,0 -71.60294659055923,-16.33047167180925,0 -71.60286386550379,-16.33029119151913,0 -71.60281321868946,-16.3302323389048,0 -71.60299147760672,-16.33008750936807,0 -71.60311714431964,-16.33020616379208,0 
							</coordinates>
						</LinearRing>
					</outerBoundaryIs>
				</Polygon>
			</Placemark>
			<Placemark>
				<name>1.4.134-3</name>
				<styleUrl>#msn_ylw-pushpin51111002</styleUrl>
				<Polygon>
					<tessellate>1</tessellate>
					<outerBoundaryIs>
						<LinearRing>
							<coordinates>
								-71.6031061549574,-16.33113002705799,0 -71.60281428194645,-16.3313439836262,0 -71.60240574207381,-16.33168008344658,0 -71.60242243755232,-16.33118236823766,0 -71.60294494191869,-16.33075094518389,0 -71.6031061549574,-16.33113002705799,0 
							</coordinates>
						</LinearRing>
					</outerBoundaryIs>
				</Polygon>
			</Placemark>
			<Placemark>
				<name>1.4.134-4</name>
				<styleUrl>#msn_ylw-pushpin51111002</styleUrl>
				<Polygon>
					<tessellate>1</tessellate>
					<outerBoundaryIs>
						<LinearRing>
							<coordinates>
								-71.60310704550579,-16.33119963528998,0 -71.60318099084259,-16.33141338398203,0 -71.60324655316461,-16.33155313282844,0 -71.60259366924524,-16.33207810045047,0 -71.60245445576184,-16.33192381136679,0 -71.60241377458152,-16.3317450810647,0 -71.60310704550579,-16.33119963528998,0 
							</coordinates>
						</LinearRing>
					</outerBoundaryIs>
				</Polygon>
			</Placemark>
			<Placemark>
				<name>1.4.134-6</name>
				<styleUrl>#msn_ylw-pushpin51111002</styleUrl>
				<Polygon>
					<tessellate>1</tessellate>
					<outerBoundaryIs>
						<LinearRing>
							<coordinates>
								-71.6038895908691,-16.33160512389503,0 -71.60359479384482,-16.33184707835105,0 -71.60334595286936,-16.33155354835928,0 -71.60364104573642,-16.33131945929388,0 -71.6038895908691,-16.33160512389503,0 
							</coordinates>
						</LinearRing>
					</outerBoundaryIs>
				</Polygon>
			</Placemark>
			<Placemark>
				<name>1.4.134-7</name>
				<styleUrl>#msn_ylw-pushpin51111002</styleUrl>
				<Polygon>
					<tessellate>1</tessellate>
					<outerBoundaryIs>
						<LinearRing>
							<coordinates>
								-71.60353646771811,-16.33190331656278,0 -71.60288325019299,-16.33243991492808,0 -71.60264320582267,-16.33213810841413,0 -71.60327380815242,-16.33161878734328,0 -71.60353646771811,-16.33190331656278,0 
							</coordinates>
						</LinearRing>
					</outerBoundaryIs>
				</Polygon>
			</Placemark>
			<Placemark>
				<name>1.4.134-8</name>
				<styleUrl>#msn_ylw-pushpin51111002</styleUrl>
				<Polygon>
					<tessellate>1</tessellate>
					<outerBoundaryIs>
						<LinearRing>
							<coordinates>
								-71.60282998329855,-16.33245816113249,0 -71.6025719032541,-16.3326655448871,0 -71.60235895412532,-16.33283313036453,0 -71.60238739943391,-16.3323383799793,0 -71.60258979252369,-16.33217545111309,0 -71.60282998329855,-16.33245816113249,0 
							</coordinates>
						</LinearRing>
					</outerBoundaryIs>
				</Polygon>
			</Placemark>
			<Placemark>
				<name>1.4.134-9</name>
				<styleUrl>#msn_ylw-pushpin51111002</styleUrl>
				<Polygon>
					<tessellate>1</tessellate>
					<outerBoundaryIs>
						<LinearRing>
							<coordinates>
								-71.60420856749356,-16.33193327291762,0 -71.60390435851104,-16.33216572899972,0 -71.6036536984497,-16.33188111854991,0 -71.60393128885703,-16.33164667128665,0 -71.60420856749356,-16.33193327291762,0 
							</coordinates>
						</LinearRing>
					</outerBoundaryIs>
				</Polygon>
			</Placemark>
			<Placemark>
				<name>1.4.134-10</name>
				<styleUrl>#msn_ylw-pushpin51111002</styleUrl>
				<Polygon>
					<tessellate>1</tessellate>
					<outerBoundaryIs>
						<LinearRing>
							<coordinates>
								-71.60357177968967,-16.33194596425253,0 -71.60383062196425,-16.33223358805173,0 -71.6031648037322,-16.33277015912016,0 -71.60291037389457,-16.33246825515979,0 -71.60357177968967,-16.33194596425253,0 
							</coordinates>
						</LinearRing>
					</outerBoundaryIs>
				</Polygon>
			</Placemark>
			<Placemark>
				<name>1.4.134-11</name>
				<styleUrl>#msn_ylw-pushpin51111002</styleUrl>
				<Polygon>
					<tessellate>1</tessellate>
					<outerBoundaryIs>
						<LinearRing>
							<coordinates>
								-71.60284947559339,-16.33250646381061,0 -71.60312006286566,-16.33279508949393,0 -71.60235065377235,-16.3334102676915,0 -71.60235342455964,-16.3332297345826,0 -71.60236657898805,-16.33291013037882,0 -71.60284947559339,-16.33250646381061,0 
							</coordinates>
						</LinearRing>
					</outerBoundaryIs>
				</Polygon>
			</Placemark>
			<Placemark>
				<name>1.4.134-12</name>
				<styleUrl>#msn_ylw-pushpin51111002</styleUrl>
				<Polygon>
					<tessellate>1</tessellate>
					<outerBoundaryIs>
						<LinearRing>
							<coordinates>
								-71.60394021864919,-16.33220814103783,0 -71.60424242766572,-16.3319698026783,0 -71.6044348341392,-16.33220209903145,0 -71.60413377162384,-16.33242647079397,0 -71.60394021864919,-16.33220814103783,0 
							</coordinates>
						</LinearRing>
					</outerBoundaryIs>
				</Polygon>
			</Placemark>
			<Placemark>
				<name>1.4.134-13</name>
				<styleUrl>#msn_ylw-pushpin51111002</styleUrl>
				<Polygon>
					<tessellate>1</tessellate>
					<outerBoundaryIs>
						<LinearRing>
							<coordinates>
								-71.60490725184123,-16.33253729372509,0 -71.60508200826648,-16.33271127806391,0 -71.6051870036861,-16.33281329627883,0 -71.60473058574662,-16.33316224064158,0 -71.60448797495307,-16.33287987827121,0 -71.60490725184123,-16.33253729372509,0 
							</coordinates>
						</LinearRing>
					</outerBoundaryIs>
				</Polygon>
			</Placemark>
			<Placemark>
				<name>1.4.134-14</name>
				<styleUrl>#msn_ylw-pushpin51111002</styleUrl>
				<Polygon>
					<tessellate>1</tessellate>
					<outerBoundaryIs>
						<LinearRing>
							<coordinates>
								-71.60441958518862,-16.33292261981196,0 -71.60467343910734,-16.33321083691204,0 -71.60401317196789,-16.33373572788351,0 -71.60376588274914,-16.33345477493537,0 -71.60441958518862,-16.33292261981196,0 
							</coordinates>
						</LinearRing>
					</outerBoundaryIs>
				</Polygon>
			</Placemark>
			<Placemark>
				<name>1.4.134-15</name>
				<styleUrl>#msn_ylw-pushpin51111002</styleUrl>
				<Polygon>
					<tessellate>1</tessellate>
					<outerBoundaryIs>
						<LinearRing>
							<coordinates>
								-71.60529192291352,-16.33282948936489,0 -71.60542485853387,-16.3327137745547,0 -71.60548781933262,-16.33272357265427,0 -71.60599526775452,-16.33327256452623,0 -71.60585625666457,-16.33339661797792,0 -71.60542368109562,-16.33294669680144,0 -71.60529192291352,-16.33282948936489,0 
							</coordinates>
						</LinearRing>
					</outerBoundaryIs>
				</Polygon>
			</Placemark>
			<Placemark>
				<name>1.4.134-16</name>
				<styleUrl>#msn_ylw-pushpin51111002</styleUrl>
				<Polygon>
					<tessellate>1</tessellate>
					<outerBoundaryIs>
						<LinearRing>
							<coordinates>
								-71.60523420592197,-16.33285108468921,0 -71.60549806506502,-16.33311541587742,0 -71.60501817715452,-16.33351717013863,0 -71.60477048545886,-16.3332170368208,0 -71.60523420592197,-16.33285108468921,0 
							</coordinates>
						</LinearRing>
					</outerBoundaryIs>
				</Polygon>
			</Placemark>
			<Placemark>
				<name>1.4.134-17</name>
				<styleUrl>#msn_ylw-pushpin51111002</styleUrl>
				<Polygon>
					<tessellate>1</tessellate>
					<outerBoundaryIs>
						<LinearRing>
							<coordinates>
								-71.60471730985275,-16.33326162368506,0 -71.60497733380905,-16.33354675233432,0 -71.60430384595263,-16.33406390916864,0 -71.60404366894025,-16.33377373171396,0 -71.60471730985275,-16.33326162368506,0 
							</coordinates>
						</LinearRing>
					</outerBoundaryIs>
				</Polygon>
			</Placemark>
			<Placemark>
				<name>1.4.134-18</name>
				<styleUrl>#msn_ylw-pushpin51111002</styleUrl>
				<Polygon>
					<tessellate>1</tessellate>
					<outerBoundaryIs>
						<LinearRing>
							<coordinates>
								-71.60399278603492,-16.33381308197151,0 -71.60424091989967,-16.33410508864091,0 -71.60358831742525,-16.33462881860403,0 -71.60334646964212,-16.33434492550434,0 -71.60399278603492,-16.33381308197151,0 
							</coordinates>
						</LinearRing>
					</outerBoundaryIs>
				</Polygon>
			</Placemark>
			<Placemark>
				<name>1.4.134-19</name>
				<styleUrl>#msn_ylw-pushpin51111002</styleUrl>
				<Polygon>
					<tessellate>1</tessellate>
					<outerBoundaryIs>
						<LinearRing>
							<coordinates>
								-71.60330582831133,-16.33437710159004,0 -71.60353464302563,-16.33466122112073,0 -71.60289974720685,-16.33519606747633,0 -71.60263637535924,-16.334896313039,0 -71.60330582831133,-16.33437710159004,0 
							</coordinates>
						</LinearRing>
					</outerBoundaryIs>
				</Polygon>
			</Placemark>
			<Placemark>
				<name>1.4.134-20</name>
				<styleUrl>#msn_ylw-pushpin51111002</styleUrl>
				<Polygon>
					<tessellate>1</tessellate>
					<outerBoundaryIs>
						<LinearRing>
							<coordinates>
								-71.60283708694053,-16.33524061711138,0 -71.60261191146022,-16.33540374385843,0 -71.60246134202741,-16.33504293338252,0 -71.60258798931444,-16.33494828356637,0 -71.60283708694053,-16.33524061711138,0 
							</coordinates>
						</LinearRing>
					</outerBoundaryIs>
				</Polygon>
			</Placemark>
			<Placemark>
				<name>1.4.134-21</name>
				<styleUrl>#msn_ylw-pushpin51111002</styleUrl>
				<Polygon>
					<tessellate>1</tessellate>
					<outerBoundaryIs>
						<LinearRing>
							<coordinates>
								-71.60553783802479,-16.33315042586735,0 -71.60580554688718,-16.33343162444279,0 -71.60529505101918,-16.33383867841412,0 -71.6050553541582,-16.33355126418715,0 -71.60553783802479,-16.33315042586735,0 
							</coordinates>
						</LinearRing>
					</outerBoundaryIs>
				</Polygon>
			</Placemark>
			<Placemark>
				<name>1.4.134-22</name>
				<styleUrl>#msn_ylw-pushpin51111002</styleUrl>
				<Polygon>
					<tessellate>1</tessellate>
					<outerBoundaryIs>
						<LinearRing>
							<coordinates>
								-71.60499856486847,-16.33359003235594,0 -71.60524286734791,-16.33387588038655,0 -71.60460135314993,-16.33441404580581,0 -71.60432668018483,-16.33410471447392,0 -71.60499856486847,-16.33359003235594,0 
							</coordinates>
						</LinearRing>
					</outerBoundaryIs>
				</Polygon>
			</Placemark>
			<Placemark>
				<name>1.4.134-23</name>
				<styleUrl>#msn_ylw-pushpin51111002</styleUrl>
				<Polygon>
					<tessellate>1</tessellate>
					<outerBoundaryIs>
						<LinearRing>
							<coordinates>
								-71.60428124385216,-16.33414652129956,0 -71.60454330782818,-16.33445293595932,0 -71.60388270783226,-16.33497855094009,0 -71.60363405136214,-16.33468156713485,0 -71.60428124385216,-16.33414652129956,0 
							</coordinates>
						</LinearRing>
					</outerBoundaryIs>
				</Polygon>
			</Placemark>
			<Placemark>
				<name>1.4.134-24</name>
				<styleUrl>#msn_ylw-pushpin51111002</styleUrl>
				<Polygon>
					<tessellate>1</tessellate>
					<outerBoundaryIs>
						<LinearRing>
							<coordinates>
								-71.60385192013757,-16.33499549701738,0 -71.60361527286081,-16.33518109542947,0 -71.60317532330549,-16.3355343446079,0 -71.60292765437623,-16.33524003806214,0 -71.60358304629455,-16.33470456560254,0 -71.60385192013757,-16.33499549701738,0 
							</coordinates>
						</LinearRing>
					</outerBoundaryIs>
				</Polygon>
			</Placemark>
			<Placemark>
				<name>1.4.134-25</name>
				<styleUrl>#msn_ylw-pushpin51111002</styleUrl>
				<Polygon>
					<tessellate>1</tessellate>
					<outerBoundaryIs>
						<LinearRing>
							<coordinates>
								-71.60263017719153,-16.33547574780862,0 -71.6028753357065,-16.33528479442641,0 -71.60312398886195,-16.33557119939729,0 -71.60279100578923,-16.33585602483953,0 -71.60263017719153,-16.33547574780862,0 
							</coordinates>
						</LinearRing>
					</outerBoundaryIs>
				</Polygon>
			</Placemark>
			<Placemark>
				<name>1.4.134-26</name>
				<styleUrl>#msn_ylw-pushpin51111002</styleUrl>
				<Polygon>
					<tessellate>1</tessellate>
					<outerBoundaryIs>
						<LinearRing>
							<coordinates>
								-71.60592069615318,-16.3334696766033,0 -71.60600378634838,-16.33340533347815,0 -71.60606706915307,-16.33334640810383,0 -71.60621938943993,-16.33350052124593,0 -71.60619727004394,-16.33359121896182,0 -71.60610267999353,-16.33366854983387,0 -71.60592069615318,-16.3334696766033,0 
							</coordinates>
						</LinearRing>
					</outerBoundaryIs>
				</Polygon>
			</Placemark>
			<Placemark>
				<name>1.4.134-27</name>
				<styleUrl>#msn_ylw-pushpin51111002</styleUrl>
				<Polygon>
					<tessellate>1</tessellate>
					<outerBoundaryIs>
						<LinearRing>
							<coordinates>
								-71.60586891506398,-16.33350713674267,0 -71.60612025526292,-16.33379691580542,0 -71.60592978854781,-16.33396198050819,0 -71.60580580715661,-16.33403891844371,0 -71.60558392280619,-16.33416415675321,0 -71.60535881149023,-16.33391422042518,0 -71.60564261518749,-16.33370001607433,0 -71.60586891506398,-16.33350713674267,0 
							</coordinates>
						</LinearRing>
					</outerBoundaryIs>
				</Polygon>
			</Placemark>
			<Placemark>
				<name>1.4.134-29</name>
				<styleUrl>#msn_ylw-pushpin51111002</styleUrl>
				<Polygon>
					<tessellate>1</tessellate>
					<outerBoundaryIs>
						<LinearRing>
							<coordinates>
								-71.60457807121747,-16.33449259245379,0 -71.60484218457385,-16.33478342849127,0 -71.60417383672439,-16.3353105838397,0 -71.6039079254228,-16.33501710446287,0 -71.60457807121747,-16.33449259245379,0 
							</coordinates>
						</LinearRing>
					</outerBoundaryIs>
				</Polygon>
			</Placemark>
			<Placemark>
				<name>1.4.134-30</name>
				<styleUrl>#msn_ylw-pushpin51111002</styleUrl>
				<Polygon>
					<tessellate>1</tessellate>
					<outerBoundaryIs>
						<LinearRing>
							<coordinates>
								-71.60412775784521,-16.33534797236296,0 -71.60382039478235,-16.33559748907506,0 -71.60346542826865,-16.33587054388183,0 -71.60321792507001,-16.33557147939897,0 -71.60387254289162,-16.33505796989583,0 -71.60412775784521,-16.33534797236296,0 
							</coordinates>
						</LinearRing>
					</outerBoundaryIs>
				</Polygon>
			</Placemark>
			<Placemark>
				<name>1.4.134-31</name>
				<styleUrl>#msn_ylw-pushpin51111002</styleUrl>
				<Polygon>
					<tessellate>1</tessellate>
					<outerBoundaryIs>
						<LinearRing>
							<coordinates>
								-71.60341516974596,-16.33590292253686,0 -71.60295796722234,-16.33629339582975,0 -71.60283246424103,-16.33602344664792,0 -71.60287974139592,-16.3359843238747,0 -71.60281782740569,-16.33588939269229,0 -71.6031582233144,-16.33562113876077,0 -71.60341516974596,-16.33590292253686,0 
							</coordinates>
						</LinearRing>
					</outerBoundaryIs>
				</Polygon>
			</Placemark>
			<Placemark>
				<name>1.4.134-32</name>
				<styleUrl>#msn_ylw-pushpin51111002</styleUrl>
				<Polygon>
					<tessellate>1</tessellate>
					<outerBoundaryIs>
						<LinearRing>
							<coordinates>
								-71.60369554137898,-16.33625285335762,0 -71.60310401093759,-16.33669621955263,0 -71.60296589698447,-16.33633766247531,0 -71.60345274835447,-16.33594128186033,0 -71.60369554137898,-16.33625285335762,0 
							</coordinates>
						</LinearRing>
					</outerBoundaryIs>
				</Polygon>
			</Placemark>
			<Placemark>
				<name>1.4.134-33</name>
				<styleUrl>#msn_ylw-pushpin51111002</styleUrl>
				<Polygon>
					<tessellate>1</tessellate>
					<outerBoundaryIs>
						<LinearRing>
							<coordinates>
								-71.60320459990469,-16.33694983344188,0 -71.60314449146372,-16.33676500885301,0 -71.6032126559352,-16.33670154949936,0 -71.60353523783395,-16.33646892394102,0 -71.60375467882254,-16.33630275791286,0 -71.60399744277721,-16.33657446265644,0 -71.60335136947492,-16.33711229387135,0 -71.60320459990469,-16.33694983344188,0 
							</coordinates>
						</LinearRing>
					</outerBoundaryIs>
				</Polygon>
			</Placemark>
			<Placemark>
				<name>1.4.134-34</name>
				<styleUrl>#msn_ylw-pushpin51111002</styleUrl>
				<Polygon>
					<tessellate>1</tessellate>
					<outerBoundaryIs>
						<LinearRing>
							<coordinates>
								-71.60614071738041,-16.33486413844937,0 -71.60547127727605,-16.33537428143059,0 -71.60521437020917,-16.3350699404381,0 -71.60588911099504,-16.33456398290718,0 -71.60614071738041,-16.33486413844937,0 
							</coordinates>
						</LinearRing>
					</outerBoundaryIs>
				</Polygon>
			</Placemark>
			<Placemark>
				<name>1.4.134-35</name>
				<styleUrl>#msn_ylw-pushpin51111002</styleUrl>
				<Polygon>
					<tessellate>1</tessellate>
					<outerBoundaryIs>
						<LinearRing>
							<coordinates>
								-71.60622306994395,-16.33430371938521,0 -71.60647255284071,-16.33462031658373,0 -71.60620469549086,-16.33481674764674,0 -71.6059419458963,-16.33452203699105,0 -71.60622306994395,-16.33430371938521,0 
							</coordinates>
						</LinearRing>
					</outerBoundaryIs>
				</Polygon>
			</Placemark>
			<Placemark>
				<name>1.4.134-36</name>
				<styleUrl>#msn_ylw-pushpin51111002</styleUrl>
				<Polygon>
					<tessellate>1</tessellate>
					<outerBoundaryIs>
						<LinearRing>
							<coordinates>
								-71.6063999002165,-16.33475261877792,0 -71.60651438361955,-16.3349084458372,0 -71.60646066193981,-16.33495935908686,0 -71.60658907449097,-16.33510520567554,0 -71.60650657773394,-16.33517741408911,0 -71.60625609704528,-16.33486710725291,0 -71.6063999002165,-16.33475261877792,0 
							</coordinates>
						</LinearRing>
					</outerBoundaryIs>
				</Polygon>
			</Placemark>
			<Placemark>
				<name>1.4.134-37</name>
				<styleUrl>#msn_ylw-pushpin51111002</styleUrl>
				<Polygon>
					<tessellate>1</tessellate>
					<outerBoundaryIs>
						<LinearRing>
							<coordinates>
								-71.60551010565901,-16.33542323666205,0 -71.60617512580654,-16.33490013851186,0 -71.60644047824331,-16.33519432754512,0 -71.60576153339797,-16.33571598305994,0 -71.60551010565901,-16.33542323666205,0 
							</coordinates>
						</LinearRing>
					</outerBoundaryIs>
				</Polygon>
			</Placemark>
			<Placemark>
				<name>1.4.134-38</name>
				<styleUrl>#msn_ylw-pushpin51111002</styleUrl>
				<Polygon>
					<tessellate>1</tessellate>
					<outerBoundaryIs>
						<LinearRing>
							<coordinates>
								-71.60543574963964,-16.33547497536906,0 -71.60569992713404,-16.33575686228735,0 -71.60503113413112,-16.3362799564133,0 -71.60479694525631,-16.33599706931303,0 -71.60543574963964,-16.33547497536906,0 
							</coordinates>
						</LinearRing>
					</outerBoundaryIs>
				</Polygon>
			</Placemark>
			<Placemark>
				<name>1.4.134-39</name>
				<styleUrl>#msn_ylw-pushpin51111002</styleUrl>
				<Polygon>
					<tessellate>1</tessellate>
					<outerBoundaryIs>
						<LinearRing>
							<coordinates>
								-71.60474879860213,-16.33603369880281,0 -71.60499123732899,-16.33633614615056,0 -71.60432575379113,-16.33686317388938,0 -71.60408449852386,-16.33656588745181,0 -71.60474879860213,-16.33603369880281,0 
							</coordinates>
						</LinearRing>
					</outerBoundaryIs>
				</Polygon>
			</Placemark>
			<Placemark>
				<name>1.4.134-40</name>
				<styleUrl>#msn_ylw-pushpin51111002</styleUrl>
				<Polygon>
					<tessellate>1</tessellate>
					<outerBoundaryIs>
						<LinearRing>
							<coordinates>
								-71.60402731661097,-16.33661889338534,0 -71.60427142473203,-16.33689235377341,0 -71.6035995066938,-16.33745366989993,0 -71.60348642399155,-16.33730882529289,0 -71.60336990231829,-16.33716473825579,0 -71.60402731661097,-16.33661889338534,0 
							</coordinates>
						</LinearRing>
					</outerBoundaryIs>
				</Polygon>
			</Placemark>
			<Placemark>
				<name>1.4.134-42</name>
				<styleUrl>#msn_ylw-pushpin51111002</styleUrl>
				<Polygon>
					<tessellate>1</tessellate>
					<outerBoundaryIs>
						<LinearRing>
							<coordinates>
								-71.60573673476618,-16.33579708742811,0 -71.60598900292985,-16.33609837409684,0 -71.6053101546177,-16.33663458382162,0 -71.6050874889433,-16.33634176294709,0 -71.60573673476618,-16.33579708742811,0 
							</coordinates>
						</LinearRing>
					</outerBoundaryIs>
				</Polygon>
			</Placemark>
			<Placemark>
				<name>1.4.134-43</name>
				<styleUrl>#msn_ylw-pushpin51111002</styleUrl>
				<Polygon>
					<tessellate>1</tessellate>
					<outerBoundaryIs>
						<LinearRing>
							<coordinates>
								-71.60503068811836,-16.33638572083262,0 -71.60525378380272,-16.33666099186179,0 -71.60461265958688,-16.33718105982356,0 -71.60438248527466,-16.33689750239143,0 -71.60503068811836,-16.33638572083262,0 
							</coordinates>
						</LinearRing>
					</outerBoundaryIs>
				</Polygon>
			</Placemark>
			<Placemark>
				<name>1.4.134-44</name>
				<styleUrl>#msn_ylw-pushpin51111002</styleUrl>
				<Polygon>
					<tessellate>1</tessellate>
					<outerBoundaryIs>
						<LinearRing>
							<coordinates>
								-71.60365335564106,-16.33748197485231,0 -71.60431474305736,-16.33693997188665,0 -71.60457929167397,-16.33722264518534,0 -71.60390231206554,-16.33777328346925,0 -71.60365335564106,-16.33748197485231,0 
							</coordinates>
						</LinearRing>
					</outerBoundaryIs>
				</Polygon>
			</Placemark>
			<Placemark>
				<name>1.4.134-45</name>
				<styleUrl>#msn_ylw-pushpin51111002</styleUrl>
				<Polygon>
					<tessellate>1</tessellate>
					<outerBoundaryIs>
						<LinearRing>
							<coordinates>
								-71.60347970690741,-16.33761153304096,0 -71.60352488378086,-16.33760117424017,0 -71.60356445046153,-16.33754889739404,0 -71.60383401412803,-16.33782918098613,0 -71.6036283473855,-16.33798048464941,0 -71.60347970690741,-16.33761153304096,0 
							</coordinates>
						</LinearRing>
					</outerBoundaryIs>
				</Polygon>
			</Placemark>
			<Placemark>
				<name>1.4.134-46</name>
				<styleUrl>#msn_ylw-pushpin51111002</styleUrl>
				<Polygon>
					<tessellate>1</tessellate>
					<outerBoundaryIs>
						<LinearRing>
							<coordinates>
								-71.60731225367762,-16.33559739606612,0 -71.60701148203718,-16.33581772481994,0 -71.60676351741361,-16.33554231599701,0 -71.6070665843647,-16.33530876762041,0 -71.60731225367762,-16.33559739606612,0 
							</coordinates>
						</LinearRing>
					</outerBoundaryIs>
				</Polygon>
			</Placemark>
			<Placemark>
				<name>1.4.134-47</name>
				<styleUrl>#msn_ylw-pushpin51111002</styleUrl>
				<Polygon>
					<tessellate>1</tessellate>
					<outerBoundaryIs>
						<LinearRing>
							<coordinates>
								-71.60671759823852,-16.33558197499816,0 -71.60697015470905,-16.33586399368612,0 -71.60631810034104,-16.33639057681811,0 -71.60605176859673,-16.33609533743549,0 -71.60671759823852,-16.33558197499816,0 
							</coordinates>
						</LinearRing>
					</outerBoundaryIs>
				</Polygon>
			</Placemark>
			<Placemark>
				<name>1.4.134-48</name>
				<styleUrl>#msn_ylw-pushpin51111002</styleUrl>
				<Polygon>
					<tessellate>1</tessellate>
					<outerBoundaryIs>
						<LinearRing>
							<coordinates>
								-71.6060144111815,-16.3361373748143,0 -71.60626698610581,-16.33642662386727,0 -71.60562108624977,-16.33697278367345,0 -71.60536157950155,-16.33666446346987,0 -71.6060144111815,-16.3361373748143,0 
							</coordinates>
						</LinearRing>
					</outerBoundaryIs>
				</Polygon>
			</Placemark>
			<Placemark>
				<name>1.4.134-49</name>
				<styleUrl>#msn_ylw-pushpin51111002</styleUrl>
				<Polygon>
					<tessellate>1</tessellate>
					<outerBoundaryIs>
						<LinearRing>
							<coordinates>
								-71.60530280617682,-16.33670283177035,0 -71.60555594306625,-16.3369985534341,0 -71.60491795340359,-16.33753635532657,0 -71.60466126314638,-16.33723620312161,0 -71.60530280617682,-16.33670283177035,0 
							</coordinates>
						</LinearRing>
					</outerBoundaryIs>
				</Polygon>
			</Placemark>
			<Placemark>
				<name>1.4.134-50</name>
				<styleUrl>#msn_ylw-pushpin51111002</styleUrl>
				<Polygon>
					<tessellate>1</tessellate>
					<outerBoundaryIs>
						<LinearRing>
							<coordinates>
								-71.60460275140126,-16.33727460913236,0 -71.6048622897558,-16.33756849137145,0 -71.60419463099142,-16.33810293677649,0 -71.60395629043768,-16.33781521328404,0 -71.60460275140126,-16.33727460913236,0 
							</coordinates>
						</LinearRing>
					</outerBoundaryIs>
				</Polygon>
			</Placemark>
			<Placemark>
				<name>1.4.134-51</name>
				<styleUrl>#msn_ylw-pushpin51111002</styleUrl>
				<Polygon>
					<tessellate>1</tessellate>
					<outerBoundaryIs>
						<LinearRing>
							<coordinates>
								-71.60411729018331,-16.33816214586331,0 -71.60380301642469,-16.33841091272694,0 -71.60365320936697,-16.33804900458604,0 -71.60387633762639,-16.33787484715317,0 -71.60411729018331,-16.33816214586331,0 
							</coordinates>
						</LinearRing>
					</outerBoundaryIs>
				</Polygon>
			</Placemark>
			<Placemark>
				<name>1.4.134-52</name>
				<styleUrl>#msn_ylw-pushpin51111002</styleUrl>
				<Polygon>
					<tessellate>1</tessellate>
					<outerBoundaryIs>
						<LinearRing>
							<coordinates>
								-71.60761073265294,-16.33593008905063,0 -71.60731684743207,-16.33615482571301,0 -71.60705510593918,-16.33586619730217,0 -71.60735128632344,-16.33563044404753,0 -71.60761073265294,-16.33593008905063,0 
							</coordinates>
						</LinearRing>
					</outerBoundaryIs>
				</Polygon>
			</Placemark>
			<Placemark>
				<name>1.4.134-53</name>
				<styleUrl>#msn_ylw-pushpin51111002</styleUrl>
				<Polygon>
					<tessellate>1</tessellate>
					<outerBoundaryIs>
						<LinearRing>
							<coordinates>
								-71.60699770676877,-16.33591026317601,0 -71.60725944811702,-16.33619007842596,0 -71.60662116861182,-16.33674530501929,0 -71.60635024406409,-16.33643464340916,0 -71.60699770676877,-16.33591026317601,0 
							</coordinates>
						</LinearRing>
					</outerBoundaryIs>
				</Polygon>
			</Placemark>
			<Placemark>
				<name>1.4.134-55</name>
				<styleUrl>#msn_ylw-pushpin51111002</styleUrl>
				<Polygon>
					<tessellate>1</tessellate>
					<outerBoundaryIs>
						<LinearRing>
							<coordinates>
								-71.60516293292631,-16.33790282900852,0 -71.60449153374,-16.33844875297801,0 -71.60424473412654,-16.33815169936407,0 -71.60489521663207,-16.33761179649727,0 -71.60516293292631,-16.33790282900852,0 
							</coordinates>
						</LinearRing>
					</outerBoundaryIs>
				</Polygon>
			</Placemark>
			<Placemark>
				<name>1.4.134-56</name>
				<styleUrl>#msn_ylw-pushpin51111002</styleUrl>
				<Polygon>
					<tessellate>1</tessellate>
					<outerBoundaryIs>
						<LinearRing>
							<coordinates>
								-71.60439741009318,-16.33848688687261,0 -71.60422380704975,-16.33863942450644,0 -71.60399582328837,-16.3388080176094,0 -71.60383687015299,-16.33847684391605,0 -71.60415897592726,-16.33820990355387,0 -71.60439741009318,-16.33848688687261,0 
							</coordinates>
						</LinearRing>
					</outerBoundaryIs>
				</Polygon>
			</Placemark>
			<Placemark>
				<name>1.4.134-58</name>
				<styleUrl>#msn_ylw-pushpin51111002</styleUrl>
				<Polygon>
					<tessellate>1</tessellate>
					<outerBoundaryIs>
						<LinearRing>
							<coordinates>
								-71.60733751257546,-16.33621651529519,0 -71.60764747091675,-16.33597194677839,0 -71.60775767859461,-16.33610414341111,0 -71.60747297579387,-16.33635311812477,0 -71.60733751257546,-16.33621651529519,0 
							</coordinates>
						</LinearRing>
					</outerBoundaryIs>
				</Polygon>
			</Placemark>
			<Placemark>
				<name>1.4.134-59</name>
				<styleUrl>#msn_ylw-pushpin51111002</styleUrl>
				<Polygon>
					<tessellate>1</tessellate>
					<outerBoundaryIs>
						<LinearRing>
							<coordinates>
								-71.60728470504264,-16.33625837813632,0 -71.60747067989902,-16.33644124955536,0 -71.60682551055342,-16.33697885187607,0 -71.60666479208901,-16.33678496400531,0 -71.60728470504264,-16.33625837813632,0 
							</coordinates>
						</LinearRing>
					</outerBoundaryIs>
				</Polygon>
			</Placemark>
			<Placemark>
				<name>1.4.134-60</name>
				<styleUrl>#msn_ylw-pushpin51111002</styleUrl>
				<Polygon>
					<tessellate>1</tessellate>
					<outerBoundaryIs>
						<LinearRing>
							<coordinates>
								-71.60519221441686,-16.33794297101092,0 -71.6054264671756,-16.33821192468343,0 -71.60476134180043,-16.33874781398191,0 -71.60452499883138,-16.33846882463515,0 -71.60519221441686,-16.33794297101092,0 
							</coordinates>
						</LinearRing>
					</outerBoundaryIs>
				</Polygon>
			</Placemark>
			<Placemark>
				<name>1.4.134-61</name>
				<styleUrl>#msn_ylw-pushpin51111002</styleUrl>
				<Polygon>
					<tessellate>1</tessellate>
					<outerBoundaryIs>
						<LinearRing>
							<coordinates>
								-71.6046965016627,-16.33881404815753,0 -71.60450198230519,-16.33898063567745,0 -71.6042844559294,-16.33914922930172,0 -71.60403765525906,-16.33887023916604,0 -71.6042405401607,-16.33870565957949,0 -71.60444133377551,-16.33854509333925,0 -71.6046965016627,-16.33881404815753,0 
							</coordinates>
						</LinearRing>
					</outerBoundaryIs>
				</Polygon>
			</Placemark>
			<Placemark>
				<name>1.4.134-62</name>
				<styleUrl>#msn_ylw-pushpin51111002</styleUrl>
				<Polygon>
					<tessellate>1</tessellate>
					<outerBoundaryIs>
						<LinearRing>
							<coordinates>
								-71.60379453171207,-16.33970996393402,0 -71.60349338778389,-16.33993827047006,0 -71.60313548371178,-16.33949806437261,0 -71.60327410358218,-16.33938823111956,0 -71.60318998715927,-16.3392781915877,0 -71.60324616786686,-16.33921703997396,0 -71.6031700770701,-16.33910540488807,0 -71.6032711852159,-16.33904192081335,0 -71.60341881152088,-16.33924772515386,0 -71.6035858192637,-16.33948358997975,0 -71.60365160941858,-16.33953888775521,0 -71.60379453171207,-16.33970996393402,0 
							</coordinates>
						</LinearRing>
					</outerBoundaryIs>
				</Polygon>
			</Placemark>
			<Placemark>
				<name>1.4.134-63</name>
				<styleUrl>#msn_ylw-pushpin51111002</styleUrl>
				<Polygon>
					<tessellate>1</tessellate>
					<outerBoundaryIs>
						<LinearRing>
							<coordinates>
								-71.60765219625459,-16.3365184540202,0 -71.60790123133509,-16.33679787619644,0 -71.60715987381435,-16.3373714282751,0 -71.60690317688048,-16.33707913774125,0 -71.60765219625459,-16.3365184540202,0 
							</coordinates>
						</LinearRing>
					</outerBoundaryIs>
				</Polygon>
			</Placemark>
			<Placemark>
				<name>1.4.134-64</name>
				<styleUrl>#msn_ylw-pushpin51111002</styleUrl>
				<Polygon>
					<tessellate>1</tessellate>
					<outerBoundaryIs>
						<LinearRing>
							<coordinates>
								-71.60687252615992,-16.33712877195245,0 -71.60711198223078,-16.3374173861718,0 -71.60646832001741,-16.33795049262832,0 -71.60622886400023,-16.33767842258612,0 -71.60687252615992,-16.33712877195245,0 
							</coordinates>
						</LinearRing>
					</outerBoundaryIs>
				</Polygon>
			</Placemark>
			<Placemark>
				<name>1.4.134-65</name>
				<styleUrl>#msn_ylw-pushpin51111002</styleUrl>
				<Polygon>
					<tessellate>1</tessellate>
					<outerBoundaryIs>
						<LinearRing>
							<coordinates>
								-71.60617905593588,-16.33770783449424,0 -71.60642809104516,-16.33798725856655,0 -71.60576718061355,-16.33851484901925,0 -71.60551814402714,-16.33823174739377,0 -71.60617905593588,-16.33770783449424,0 
							</coordinates>
						</LinearRing>
					</outerBoundaryIs>
				</Polygon>
			</Placemark>
			<Placemark>
				<name>1.4.134-66</name>
				<styleUrl>#msn_ylw-pushpin51111002</styleUrl>
				<Polygon>
					<tessellate>1</tessellate>
					<outerBoundaryIs>
						<LinearRing>
							<coordinates>
								-71.60546769681129,-16.33826811075906,0 -71.60571499254267,-16.33855134792433,0 -71.60505862510735,-16.33908765956491,0 -71.6048224995039,-16.33880260522388,0 -71.60546769681129,-16.33826811075906,0 
							</coordinates>
						</LinearRing>
					</outerBoundaryIs>
				</Polygon>
			</Placemark>
			<Placemark>
				<name>1.4.134-67</name>
				<styleUrl>#msn_ylw-pushpin51111002</styleUrl>
				<Polygon>
					<tessellate>1</tessellate>
					<outerBoundaryIs>
						<LinearRing>
							<coordinates>
								-71.60499347382762,-16.33913464821504,0 -71.6046474963639,-16.33942678862248,0 -71.60433600375849,-16.33918895288244,0 -71.60475258226728,-16.33885830263578,0 -71.60499347382762,-16.33913464821504,0 
							</coordinates>
						</LinearRing>
					</outerBoundaryIs>
				</Polygon>
			</Placemark>
			<Placemark>
				<name>1.4.134-68</name>
				<styleUrl>#msn_ylw-pushpin51111002</styleUrl>
				<Polygon>
					<tessellate>1</tessellate>
					<outerBoundaryIs>
						<LinearRing>
							<coordinates>
								-71.60793571323326,-16.3368401571562,0 -71.60819432847094,-16.33711590215943,0 -71.60745871616518,-16.33770416157284,0 -71.60720584945749,-16.33741922419577,0 -71.60793571323326,-16.3368401571562,0 
							</coordinates>
						</LinearRing>
					</outerBoundaryIs>
				</Polygon>
			</Placemark>
			<Placemark>
				<name>1.4.134-69</name>
				<styleUrl>#msn_ylw-pushpin51111002</styleUrl>
				<Polygon>
					<tessellate>1</tessellate>
					<outerBoundaryIs>
						<LinearRing>
							<coordinates>
								-71.60714071757693,-16.33745966612875,0 -71.60740316258006,-16.33775379542166,0 -71.60676716206659,-16.33828138828011,0 -71.60651429577251,-16.33799645047883,0 -71.60714071757693,-16.33745966612875,0 
							</coordinates>
						</LinearRing>
					</outerBoundaryIs>
				</Polygon>
			</Placemark>
			<Placemark>
				<name>1.4.134-70</name>
				<styleUrl>#msn_ylw-pushpin51111002</styleUrl>
				<Polygon>
					<tessellate>1</tessellate>
					<outerBoundaryIs>
						<LinearRing>
							<coordinates>
								-71.60644916312643,-16.33804056947478,0 -71.60670202943912,-16.33831999246921,0 -71.60606027671373,-16.3388457463439,0 -71.60580740957255,-16.33855896867531,0 -71.60644916312643,-16.33804056947478,0 
							</coordinates>
						</LinearRing>
					</outerBoundaryIs>
				</Polygon>
			</Placemark>
			<Placemark>
				<name>1.4.134-71</name>
				<styleUrl>#msn_ylw-pushpin51111002</styleUrl>
				<Polygon>
					<tessellate>1</tessellate>
					<outerBoundaryIs>
						<LinearRing>
							<coordinates>
								-71.60575508614059,-16.33859640098084,0 -71.60600850527078,-16.33888630320559,0 -71.60534946463784,-16.33940960773138,0 -71.60510676810226,-16.33913370151067,0 -71.60575508614059,-16.33859640098084,0 
							</coordinates>
						</LinearRing>
					</outerBoundaryIs>
				</Polygon>
			</Placemark>
			<Placemark>
				<name>1.4.134-72</name>
				<styleUrl>#msn_ylw-pushpin51111002</styleUrl>
				<Polygon>
					<tessellate>1</tessellate>
					<outerBoundaryIs>
						<LinearRing>
							<coordinates>
								-71.6052728394482,-16.3394601389869,0 -71.60498771438991,-16.33969794949683,0 -71.6047061512548,-16.33946012384778,0 -71.60503156376171,-16.33917850971146,0 -71.6052728394482,-16.3394601389869,0 
							</coordinates>
						</LinearRing>
					</outerBoundaryIs>
				</Polygon>
			</Placemark>
			<Placemark>
				<name>1.4.134-73</name>
				<styleUrl>#msn_ylw-pushpin51111002</styleUrl>
				<Polygon>
					<tessellate>1</tessellate>
					<outerBoundaryIs>
						<LinearRing>
							<coordinates>
								-71.60848550792889,-16.33747620921189,0 -71.60775181303283,-16.33804976290272,0 -71.60749894558546,-16.3377648260529,0 -71.60823455557841,-16.33717656688125,0 -71.60848550792889,-16.33747620921189,0 
							</coordinates>
						</LinearRing>
					</outerBoundaryIs>
				</Polygon>
			</Placemark>
			<Placemark>
				<name>1.4.134-74</name>
				<styleUrl>#msn_ylw-pushpin51111002</styleUrl>
				<Polygon>
					<tessellate>1</tessellate>
					<outerBoundaryIs>
						<LinearRing>
							<coordinates>
								-71.60744722275265,-16.33780526839072,0 -71.60769817456519,-16.33808101443576,0 -71.60705259594677,-16.33861412293347,0 -71.60679589711832,-16.3383273469642,0 -71.60744722275265,-16.33780526839072,0 
							</coordinates>
						</LinearRing>
					</outerBoundaryIs>
				</Polygon>
			</Placemark>
			<Placemark>
				<name>1.4.134-75</name>
				<styleUrl>#msn_ylw-pushpin51111002</styleUrl>
				<Polygon>
					<tessellate>1</tessellate>
					<outerBoundaryIs>
						<LinearRing>
							<coordinates>
								-71.60673076456706,-16.33836595031075,0 -71.60699895719496,-16.33865824204408,0 -71.60635145905732,-16.33918767159776,0 -71.60610242264102,-16.3388861881728,0 -71.60673076456706,-16.33836595031075,0 
							</coordinates>
						</LinearRing>
					</outerBoundaryIs>
				</Polygon>
			</Placemark>
			<Placemark>
				<name>1.4.134-76</name>
				<styleUrl>#msn_ylw-pushpin51111002</styleUrl>
				<Polygon>
					<tessellate>1</tessellate>
					<outerBoundaryIs>
						<LinearRing>
							<coordinates>
								-71.60603468772894,-16.33892448938043,0 -71.60630345405933,-16.33922814763001,0 -71.60565602342049,-16.33975727099385,0 -71.60537919333115,-16.33944871629004,0 -71.60603468772894,-16.33892448938043,0 
							</coordinates>
						</LinearRing>
					</outerBoundaryIs>
				</Polygon>
			</Placemark>
			<Placemark>
				<name>1.4.134-77</name>
				<styleUrl>#msn_ylw-pushpin51111002</styleUrl>
				<Polygon>
					<tessellate>1</tessellate>
					<outerBoundaryIs>
						<LinearRing>
							<coordinates>
								-71.60558170507332,-16.33979637343759,0 -71.60532545380907,-16.33999421793911,0 -71.60503737547059,-16.33974112955774,0 -71.60531434688434,-16.33950297168748,0 -71.60558170507332,-16.33979637343759,0 
							</coordinates>
						</LinearRing>
					</outerBoundaryIs>
				</Polygon>
			</Placemark>
			<Placemark>
				<name>1.4.134-79</name>
				<styleUrl>#msn_ylw-pushpin51111002</styleUrl>
				<Polygon>
					<tessellate>1</tessellate>
					<outerBoundaryIs>
						<LinearRing>
							<coordinates>
								-71.60384864601342,-16.33976631237098,0 -71.60409064138751,-16.34006457829624,0 -71.60453857665166,-16.34061474485321,0 -71.60435012200533,-16.34076591131898,0 -71.60424782081222,-16.34086106062883,0 -71.60410345706882,-16.34071748201245,0 -71.60395162581827,-16.34056659619208,0 -71.60389745100288,-16.34051150804659,0 -71.60406570065665,-16.3403683630746,0 -71.60367972553362,-16.33989093825145,0 -71.60384864601342,-16.33976631237098,0 
							</coordinates>
						</LinearRing>
					</outerBoundaryIs>
				</Polygon>
			</Placemark>
			<Placemark>
				<name>1.4.134-81</name>
				<styleUrl>#msn_ylw-pushpin51111002</styleUrl>
				<Polygon>
					<tessellate>1</tessellate>
					<outerBoundaryIs>
						<LinearRing>
							<coordinates>
								-71.60854019251612,-16.3375184324076,0 -71.60877716635471,-16.33780115619652,0 -71.6080475857944,-16.33839147476152,0 -71.6077857842383,-16.33808506329354,0 -71.60854019251612,-16.3375184324076,0 
							</coordinates>
						</LinearRing>
					</outerBoundaryIs>
				</Polygon>
			</Placemark>
			<Placemark>
				<name>1.4.134-82</name>
				<styleUrl>#msn_ylw-pushpin51111002</styleUrl>
				<Polygon>
					<tessellate>1</tessellate>
					<outerBoundaryIs>
						<LinearRing>
							<coordinates>
								-71.60774749548494,-16.33812004040348,0 -71.60798412480537,-16.33842298908375,0 -71.6073286928159,-16.33893974886827,0 -71.60709026871733,-16.33866044712913,0 -71.60774749548494,-16.33812004040348,0 
							</coordinates>
						</LinearRing>
					</outerBoundaryIs>
				</Polygon>
			</Placemark>
			<Placemark>
				<name>1.4.134-83</name>
				<styleUrl>#msn_ylw-pushpin51111002</styleUrl>
				<Polygon>
					<tessellate>1</tessellate>
					<outerBoundaryIs>
						<LinearRing>
							<coordinates>
								-71.60702507969107,-16.33870011534607,0 -71.60729010199296,-16.33899234516374,0 -71.60663308175225,-16.33951833279643,0 -71.60638524939563,-16.33923307542668,0 -71.60702507969107,-16.33870011534607,0 
							</coordinates>
						</LinearRing>
					</outerBoundaryIs>
				</Polygon>
			</Placemark>
			<Placemark>
				<name>1.4.134-84</name>
				<styleUrl>#msn_ylw-pushpin51111002</styleUrl>
				<Polygon>
					<tessellate>1</tessellate>
					<outerBoundaryIs>
						<LinearRing>
							<coordinates>
								-71.60658169904904,-16.33956308296117,0 -71.60592670612304,-16.34009770617968,0 -71.60569125538528,-16.33979308927312,0 -71.60633380573763,-16.33927147054954,0 -71.60658169904904,-16.33956308296117,0 
							</coordinates>
						</LinearRing>
					</outerBoundaryIs>
				</Polygon>
			</Placemark>
			<Placemark>
				<name>1.4.134-85</name>
				<styleUrl>#msn_ylw-pushpin51111002</styleUrl>
				<Polygon>
					<tessellate>1</tessellate>
					<outerBoundaryIs>
						<LinearRing>
							<coordinates>
								-71.60583700834061,-16.34015031807866,0 -71.60567382083531,-16.34027596898612,0 -71.60538116660759,-16.34002730955812,0 -71.60563095136818,-16.33985370624371,0 -71.60583700834061,-16.34015031807866,0 
							</coordinates>
						</LinearRing>
					</outerBoundaryIs>
				</Polygon>
			</Placemark>
			<Placemark>
				<name>1.4.134-86</name>
				<styleUrl>#msn_ylw-pushpin51111002</styleUrl>
				<Polygon>
					<tessellate>1</tessellate>
					<outerBoundaryIs>
						<LinearRing>
							<coordinates>
								-71.60907595255551,-16.33813494795422,0 -71.60835348968787,-16.33873303032777,0 -71.60808392481216,-16.33842900502108,0 -71.60882369565415,-16.33784363569576,0 -71.60907595255551,-16.33813494795422,0 
							</coordinates>
						</LinearRing>
					</outerBoundaryIs>
				</Polygon>
			</Placemark>
			<Placemark>
				<name>1.4.134-87</name>
				<styleUrl>#msn_ylw-pushpin51111002</styleUrl>
				<Polygon>
					<tessellate>1</tessellate>
					<outerBoundaryIs>
						<LinearRing>
							<coordinates>
								-71.60803091478155,-16.33846451741792,0 -71.60827619462984,-16.33875884251974,0 -71.60763167505931,-16.33928145329119,0 -71.60737326195837,-16.33899102527952,0 -71.60803091478155,-16.33846451741792,0 
							</coordinates>
						</LinearRing>
					</outerBoundaryIs>
				</Polygon>
			</Placemark>
			<Placemark>
				<name>1.4.134-88</name>
				<styleUrl>#msn_ylw-pushpin51111002</styleUrl>
				<Polygon>
					<tessellate>1</tessellate>
					<outerBoundaryIs>
						<LinearRing>
							<coordinates>
								-71.60732486525097,-16.33902266907934,0 -71.60757319431042,-16.33932081924013,0 -71.60692658717812,-16.3398580608025,0 -71.60666956245792,-16.33955818123618,0 -71.60732486525097,-16.33902266907934,0 
							</coordinates>
						</LinearRing>
					</outerBoundaryIs>
				</Polygon>
			</Placemark>
			<Placemark>
				<name>1.4.134-89</name>
				<styleUrl>#msn_ylw-pushpin51111002</styleUrl>
				<Polygon>
					<tessellate>1</tessellate>
					<outerBoundaryIs>
						<LinearRing>
							<coordinates>
								-71.60688206698937,-16.33988546045627,0 -71.60621950994197,-16.34042461321478,0 -71.60597711188673,-16.34014070679673,0 -71.60661505367536,-16.33960429792477,0 -71.60688206698937,-16.33988546045627,0 
							</coordinates>
						</LinearRing>
					</outerBoundaryIs>
				</Polygon>
			</Placemark>
			<Placemark>
				<name>1.4.134-90</name>
				<styleUrl>#msn_ylw-pushpin51111002</styleUrl>
				<Polygon>
					<tessellate>1</tessellate>
					<outerBoundaryIs>
						<LinearRing>
							<coordinates>
								-71.60611794282616,-16.34048158085319,0 -71.60601741415212,-16.34055962349975,0 -71.60573567887315,-16.34032806782884,0 -71.60588641470537,-16.34020216899254,0 -71.60611794282616,-16.34048158085319,0 
							</coordinates>
						</LinearRing>
					</outerBoundaryIs>
				</Polygon>
			</Placemark>
			<Placemark>
				<name>1.4.134-91</name>
				<styleUrl>#msn_ylw-pushpin51111002</styleUrl>
				<Polygon>
					<tessellate>1</tessellate>
					<outerBoundaryIs>
						<LinearRing>
							<coordinates>
								-71.60830746756525,-16.33882180427691,0 -71.60833977541182,-16.33884867699754,0 -71.60825100405508,-16.33933424606831,0 -71.60789695502788,-16.33960158323258,0 -71.60765971909936,-16.33932606787832,0 -71.60830746756525,-16.33882180427691,0 
							</coordinates>
						</LinearRing>
					</outerBoundaryIs>
				</Polygon>
			</Placemark>
			<Placemark>
				<name>1.4.134-92</name>
				<styleUrl>#msn_ylw-pushpin51111002</styleUrl>
				<Polygon>
					<tessellate>1</tessellate>
					<outerBoundaryIs>
						<LinearRing>
							<coordinates>
								-71.60760906381405,-16.33936481662459,0 -71.60786108121349,-16.33964729382341,0 -71.60719855923185,-16.34016960947769,0 -71.60696727624337,-16.33988399008845,0 -71.60760906381405,-16.33936481662459,0 
							</coordinates>
						</LinearRing>
					</outerBoundaryIs>
				</Polygon>
			</Placemark>
			<Placemark>
				<name>1.4.134-93</name>
				<styleUrl>#msn_ylw-pushpin51111002</styleUrl>
				<Polygon>
					<tessellate>1</tessellate>
					<outerBoundaryIs>
						<LinearRing>
							<coordinates>
								-71.60715639212226,-16.34020940114904,0 -71.60648497626217,-16.34075679338064,0 -71.60625031607482,-16.34047091436912,0 -71.60691995742961,-16.33993313203669,0 -71.60715639212226,-16.34020940114904,0 
							</coordinates>
						</LinearRing>
					</outerBoundaryIs>
				</Polygon>
			</Placemark>
			<Placemark>
				<name>1.4.134-95</name>
				<styleUrl>#msn_ylw-pushpin51111002</styleUrl>
				<Polygon>
					<tessellate>1</tessellate>
					<outerBoundaryIs>
						<LinearRing>
							<coordinates>
								-71.60790120691733,-16.33969569051325,0 -71.60813647422148,-16.339979450965,0 -71.6074889155515,-16.34052493649985,0 -71.60723222930007,-16.3402245903492,0 -71.60790120691733,-16.33969569051325,0 
							</coordinates>
						</LinearRing>
					</outerBoundaryIs>
				</Polygon>
			</Placemark>
			<Placemark>
				<name>1.4.134-96</name>
				<styleUrl>#msn_ylw-pushpin51111002</styleUrl>
				<Polygon>
					<tessellate>1</tessellate>
					<outerBoundaryIs>
						<LinearRing>
							<coordinates>
								-71.60744060162736,-16.34054901399376,0 -71.60676733094725,-16.34107613006019,0 -71.6065479794225,-16.34079876699171,0 -71.6071936248958,-16.3402670403507,0 -71.60744060162736,-16.34054901399376,0 
							</coordinates>
						</LinearRing>
					</outerBoundaryIs>
				</Polygon>
			</Placemark>
			<Placemark>
				<name>1.4.134-97</name>
				<styleUrl>#msn_ylw-pushpin51111002</styleUrl>
				<Polygon>
					<tessellate>1</tessellate>
					<outerBoundaryIs>
						<LinearRing>
							<coordinates>
								-71.60816460009468,-16.34005398130978,0 -71.60814214324569,-16.3401845347791,0 -71.6081210583001,-16.34034131525532,0 -71.60810359794151,-16.3404759771284,0 -71.6080974245947,-16.3405711492347,0 -71.6080725201833,-16.34060931528256,0 -71.60778290606808,-16.34085126177284,0 -71.60753306131959,-16.34056196962179,0 -71.60816460009468,-16.34005398130978,0 
							</coordinates>
						</LinearRing>
					</outerBoundaryIs>
				</Polygon>
			</Placemark>
			<Placemark>
				<name>1.4.134-98</name>
				<styleUrl>#msn_ylw-pushpin51111002</styleUrl>
				<Polygon>
					<tessellate>1</tessellate>
					<outerBoundaryIs>
						<LinearRing>
							<coordinates>
								-71.6077414044501,-16.3408893845292,0 -71.60706655244448,-16.34143042815478,0 -71.60681514348268,-16.34113109489911,0 -71.60748444081889,-16.34059853423432,0 -71.6077414044501,-16.3408893845292,0 
							</coordinates>
						</LinearRing>
					</outerBoundaryIs>
				</Polygon>
			</Placemark>
			<Placemark>
				<name>1.4.134-99</name>
				<styleUrl>#msn_ylw-pushpin51111002</styleUrl>
				<Polygon>
					<tessellate>1</tessellate>
					<outerBoundaryIs>
						<LinearRing>
							<coordinates>
								-71.60776394398944,-16.34094256832287,0 -71.60778896119544,-16.34112396373691,0 -71.60779206441802,-16.34124390151125,0 -71.60780234670051,-16.34138400058554,0 -71.6073632149923,-16.34175351933772,0 -71.60711704883835,-16.34146059305484,0 -71.60776394398944,-16.34094256832287,0 
							</coordinates>
						</LinearRing>
					</outerBoundaryIs>
				</Polygon>
			</Placemark>
			<Placemark>
				<name>1.4.134-100</name>
				<styleUrl>#msn_ylw-pushpin51111002</styleUrl>
				<Polygon>
					<tessellate>1</tessellate>
					<outerBoundaryIs>
						<LinearRing>
							<coordinates>
								-71.60761759148868,-16.34220316159973,0 -71.60740717332439,-16.3424109808002,0 -71.60731652731909,-16.3424075361594,0 -71.60652856291331,-16.34174812346813,0 -71.60677823436586,-16.34146740646478,0 -71.60761759148868,-16.34220316159973,0 
							</coordinates>
						</LinearRing>
					</outerBoundaryIs>
				</Polygon>
			</Placemark>
			<Placemark>
				<name>1.4.134-101</name>
				<styleUrl>#msn_ylw-pushpin51111002</styleUrl>
				<Polygon>
					<tessellate>1</tessellate>
					<outerBoundaryIs>
						<LinearRing>
							<coordinates>
								-71.60718233010138,-16.34240409050008,0 -71.60700095700614,-16.34237650716069,0 -71.60692106769064,-16.34236615241461,0 -71.60676111008586,-16.34233851093174,0 -71.60658650808494,-16.3423246733858,0 -71.60639493686277,-16.34216828291573,0 -71.60626521533385,-16.3420702878319,0 -71.60645918626987,-16.34180518028444,0 -71.60718233010138,-16.34240409050008,0 
							</coordinates>
						</LinearRing>
					</outerBoundaryIs>
				</Polygon>
			</Placemark>
			<Placemark>
				<name>1.4.140-1</name>
				<styleUrl>#msn_ylw-pushpin51111002</styleUrl>
				<Polygon>
					<tessellate>1</tessellate>
					<outerBoundaryIs>
						<LinearRing>
							<coordinates>
								-71.61080435059912,-16.33020565557355,0 -71.61050341262752,-16.33028360087866,0 -71.61030959657896,-16.3300663512184,0 -71.61030328333651,-16.33005787396409,0 -71.61050602358023,-16.32986151517601,0 -71.61080435059912,-16.33020565557355,0 
							</coordinates>
						</LinearRing>
					</outerBoundaryIs>
				</Polygon>
			</Placemark>
			<Placemark>
				<name>1.4.140-2</name>
				<styleUrl>#msn_ylw-pushpin51111002</styleUrl>
				<ExtendedData>
					<SchemaData schemaUrl="#S_yura_poligono_DSSSSDDDDS00100">
						<SimpleData name="fid">40423</SimpleData>
						<SimpleData name="handle">268108</SimpleData>
						<SimpleData name="block">-1</SimpleData>
						<SimpleData name="etype">18</SimpleData>
						<SimpleData name="space">0</SimpleData>
						<SimpleData name="layer">MANZANAS</SimpleData>
						<SimpleData name="olinetype">bylayer</SimpleData>
						<SimpleData name="linetype"></SimpleData>
						<SimpleData name="color">127,127,255,255</SimpleData>
						<SimpleData name="ocolor">256</SimpleData>
						<SimpleData name="color24">-1</SimpleData>
						<SimpleData name="transparen">0</SimpleData>
						<SimpleData name="lweight">-1</SimpleData>
						<SimpleData name="linewidth">0.15</SimpleData>
						<SimpleData name="ltscale">1</SimpleData>
						<SimpleData name="visible">1</SimpleData>
						<SimpleData name="width">0</SimpleData>
						<SimpleData name="thickness">0</SimpleData>
						<SimpleData name="ext">(3:0,0,0.1)</SimpleData>
					</SchemaData>
				</ExtendedData>
				<Polygon>
					<outerBoundaryIs>
						<LinearRing>
							<coordinates>
								-71.60878000135239,-16.32583620767254,0 -71.6083835138501,-16.32615998990862,0 -71.60806432303289,-16.32577028277901,0 -71.60822326415868,-16.32563395228565,0 -71.6084654761969,-16.32576697953927,0 -71.60854021979775,-16.32577197724996,0 -71.6086586867882,-16.32570050553935,0 -71.60878000135239,-16.32583620767254,0 
							</coordinates>
						</LinearRing>
					</outerBoundaryIs>
				</Polygon>
			</Placemark>
			<Placemark>
				<name>1.4.140-3</name>
				<styleUrl>#msn_ylw-pushpin51111002</styleUrl>
				<Polygon>
					<tessellate>1</tessellate>
					<outerBoundaryIs>
						<LinearRing>
							<coordinates>
								-71.60836048620108,-16.32617111249326,0 -71.60819866860835,-16.32631994316345,0 -71.607863287154,-16.32592651707908,0 -71.60805471199724,-16.32577812941644,0 -71.60836048620108,-16.32617111249326,0 
							</coordinates>
						</LinearRing>
					</outerBoundaryIs>
				</Polygon>
			</Placemark>
			<Placemark>
				<name>1.4.140-4</name>
				<styleUrl>#msn_ylw-pushpin51111002</styleUrl>
				<ExtendedData>
					<SchemaData schemaUrl="#S_yura_poligono_DSSSSDDDDS00100">
						<SimpleData name="fid">40422</SimpleData>
						<SimpleData name="handle">268107</SimpleData>
						<SimpleData name="block">-1</SimpleData>
						<SimpleData name="etype">18</SimpleData>
						<SimpleData name="space">0</SimpleData>
						<SimpleData name="layer">MANZANAS</SimpleData>
						<SimpleData name="olinetype">bylayer</SimpleData>
						<SimpleData name="linetype"></SimpleData>
						<SimpleData name="color">127,127,255,255</SimpleData>
						<SimpleData name="ocolor">256</SimpleData>
						<SimpleData name="color24">-1</SimpleData>
						<SimpleData name="transparen">0</SimpleData>
						<SimpleData name="lweight">-1</SimpleData>
						<SimpleData name="linewidth">0.15</SimpleData>
						<SimpleData name="ltscale">1</SimpleData>
						<SimpleData name="visible">1</SimpleData>
						<SimpleData name="width">0</SimpleData>
						<SimpleData name="thickness">0</SimpleData>
						<SimpleData name="ext">(3:0,0,0.1)</SimpleData>
					</SchemaData>
				</ExtendedData>
				<Polygon>
					<outerBoundaryIs>
						<LinearRing>
							<coordinates>
								-71.60815783069836,-16.32632779996942,0 -71.60786194460508,-16.3265670467065,0 -71.60752719036844,-16.3261863189374,0 -71.6078348837201,-16.32595173012282,0 -71.60815783069836,-16.32632779996942,0 
							</coordinates>
						</LinearRing>
					</outerBoundaryIs>
				</Polygon>
			</Placemark>
			<Placemark>
				<name>1.4.140-5</name>
				<styleUrl>#msn_ylw-pushpin51111002</styleUrl>
				<ExtendedData>
					<SchemaData schemaUrl="#S_yura_poligono_DSSSSDDDDS00100">
						<SimpleData name="fid">40439</SimpleData>
						<SimpleData name="handle">268124</SimpleData>
						<SimpleData name="block">-1</SimpleData>
						<SimpleData name="etype">18</SimpleData>
						<SimpleData name="space">0</SimpleData>
						<SimpleData name="layer">MANZANAS</SimpleData>
						<SimpleData name="olinetype">bylayer</SimpleData>
						<SimpleData name="linetype"></SimpleData>
						<SimpleData name="color">127,127,255,255</SimpleData>
						<SimpleData name="ocolor">256</SimpleData>
						<SimpleData name="color24">-1</SimpleData>
						<SimpleData name="transparen">0</SimpleData>
						<SimpleData name="lweight">-1</SimpleData>
						<SimpleData name="linewidth">0.15</SimpleData>
						<SimpleData name="ltscale">1</SimpleData>
						<SimpleData name="visible">1</SimpleData>
						<SimpleData name="width">0</SimpleData>
						<SimpleData name="thickness">0</SimpleData>
						<SimpleData name="ext">(3:0,0,0.1)</SimpleData>
					</SchemaData>
				</ExtendedData>
				<Polygon>
					<outerBoundaryIs>
						<LinearRing>
							<coordinates>
								-71.60896709512112,-16.32603623565454,0 -71.60803955427674,-16.32676678311913,0 -71.60792419957923,-16.32663592377043,0 -71.60884460713235,-16.32589286393259,0 -71.60896709512112,-16.32603623565454,0 
							</coordinates>
						</LinearRing>
					</outerBoundaryIs>
				</Polygon>
			</Placemark>
			<Placemark>
				<name>1.4.140-6</name>
				<styleUrl>#msn_ylw-pushpin51111002</styleUrl>
				<ExtendedData>
					<SchemaData schemaUrl="#S_yura_poligono_DSSSSDDDDS00100">
						<SimpleData name="fid">40422</SimpleData>
						<SimpleData name="handle">268107</SimpleData>
						<SimpleData name="block">-1</SimpleData>
						<SimpleData name="etype">18</SimpleData>
						<SimpleData name="space">0</SimpleData>
						<SimpleData name="layer">MANZANAS</SimpleData>
						<SimpleData name="olinetype">bylayer</SimpleData>
						<SimpleData name="linetype"></SimpleData>
						<SimpleData name="color">127,127,255,255</SimpleData>
						<SimpleData name="ocolor">256</SimpleData>
						<SimpleData name="color24">-1</SimpleData>
						<SimpleData name="transparen">0</SimpleData>
						<SimpleData name="lweight">-1</SimpleData>
						<SimpleData name="linewidth">0.15</SimpleData>
						<SimpleData name="ltscale">1</SimpleData>
						<SimpleData name="visible">1</SimpleData>
						<SimpleData name="width">0</SimpleData>
						<SimpleData name="thickness">0</SimpleData>
						<SimpleData name="ext">(3:0,0,0.1)</SimpleData>
					</SchemaData>
				</ExtendedData>
				<Polygon>
					<outerBoundaryIs>
						<LinearRing>
							<coordinates>
								-71.60775277756559,-16.32668167679816,0 -71.6075511378977,-16.32682953676014,0 -71.60719643318797,-16.32644411218863,0 -71.60740422863586,-16.32626997615628,0 -71.60775277756559,-16.32668167679816,0 
							</coordinates>
						</LinearRing>
					</outerBoundaryIs>
				</Polygon>
			</Placemark>
			<Placemark>
				<name>1.4.140-7</name>
				<styleUrl>#msn_ylw-pushpin51111002</styleUrl>
				<ExtendedData>
					<SchemaData schemaUrl="#S_yura_poligono_DSSSSDDDDS00100">
						<SimpleData name="fid">40422</SimpleData>
						<SimpleData name="handle">268107</SimpleData>
						<SimpleData name="block">-1</SimpleData>
						<SimpleData name="etype">18</SimpleData>
						<SimpleData name="space">0</SimpleData>
						<SimpleData name="layer">MANZANAS</SimpleData>
						<SimpleData name="olinetype">bylayer</SimpleData>
						<SimpleData name="linetype"></SimpleData>
						<SimpleData name="color">127,127,255,255</SimpleData>
						<SimpleData name="ocolor">256</SimpleData>
						<SimpleData name="color24">-1</SimpleData>
						<SimpleData name="transparen">0</SimpleData>
						<SimpleData name="lweight">-1</SimpleData>
						<SimpleData name="linewidth">0.15</SimpleData>
						<SimpleData name="ltscale">1</SimpleData>
						<SimpleData name="visible">1</SimpleData>
						<SimpleData name="width">0</SimpleData>
						<SimpleData name="thickness">0</SimpleData>
						<SimpleData name="ext">(3:0,0,0.1)</SimpleData>
					</SchemaData>
				</ExtendedData>
				<Polygon>
					<outerBoundaryIs>
						<LinearRing>
							<coordinates>
								-71.60751392811696,-16.32686623723702,0 -71.6073184588472,-16.32701534756825,0 -71.60698882125116,-16.32661768777784,0 -71.60715995695962,-16.32646798106624,0 -71.60751392811696,-16.32686623723702,0 
							</coordinates>
						</LinearRing>
					</outerBoundaryIs>
				</Polygon>
			</Placemark>
			<Placemark>
				<name>1.4.140-8</name>
				<styleUrl>#msn_ylw-pushpin51111002</styleUrl>
				<ExtendedData>
					<SchemaData schemaUrl="#S_yura_poligono_DSSSSDDDDS00100">
						<SimpleData name="fid">40422</SimpleData>
						<SimpleData name="handle">268107</SimpleData>
						<SimpleData name="block">-1</SimpleData>
						<SimpleData name="etype">18</SimpleData>
						<SimpleData name="space">0</SimpleData>
						<SimpleData name="layer">MANZANAS</SimpleData>
						<SimpleData name="olinetype">bylayer</SimpleData>
						<SimpleData name="linetype"></SimpleData>
						<SimpleData name="color">127,127,255,255</SimpleData>
						<SimpleData name="ocolor">256</SimpleData>
						<SimpleData name="color24">-1</SimpleData>
						<SimpleData name="transparen">0</SimpleData>
						<SimpleData name="lweight">-1</SimpleData>
						<SimpleData name="linewidth">0.15</SimpleData>
						<SimpleData name="ltscale">1</SimpleData>
						<SimpleData name="visible">1</SimpleData>
						<SimpleData name="width">0</SimpleData>
						<SimpleData name="thickness">0</SimpleData>
						<SimpleData name="ext">(3:0,0,0.1)</SimpleData>
					</SchemaData>
				</ExtendedData>
				<Polygon>
					<outerBoundaryIs>
						<LinearRing>
							<coordinates>
								-71.60729335864001,-16.32706884816628,0 -71.60709714172978,-16.3272261165823,0 -71.60676481530851,-16.32681063657245,0 -71.60692818567306,-16.32667041840111,0 -71.60729335864001,-16.32706884816628,0 
							</coordinates>
						</LinearRing>
					</outerBoundaryIs>
				</Polygon>
			</Placemark>
			<Placemark>
				<name>1.4.140-9</name>
				<styleUrl>#msn_ylw-pushpin51111002</styleUrl>
				<ExtendedData>
					<SchemaData schemaUrl="#S_yura_poligono_DSSSSDDDDS00100">
						<SimpleData name="fid">40422</SimpleData>
						<SimpleData name="handle">268107</SimpleData>
						<SimpleData name="block">-1</SimpleData>
						<SimpleData name="etype">18</SimpleData>
						<SimpleData name="space">0</SimpleData>
						<SimpleData name="layer">MANZANAS</SimpleData>
						<SimpleData name="olinetype">bylayer</SimpleData>
						<SimpleData name="linetype"></SimpleData>
						<SimpleData name="color">127,127,255,255</SimpleData>
						<SimpleData name="ocolor">256</SimpleData>
						<SimpleData name="color24">-1</SimpleData>
						<SimpleData name="transparen">0</SimpleData>
						<SimpleData name="lweight">-1</SimpleData>
						<SimpleData name="linewidth">0.15</SimpleData>
						<SimpleData name="ltscale">1</SimpleData>
						<SimpleData name="visible">1</SimpleData>
						<SimpleData name="width">0</SimpleData>
						<SimpleData name="thickness">0</SimpleData>
						<SimpleData name="ext">(3:0,0,0.1)</SimpleData>
					</SchemaData>
				</ExtendedData>
				<Polygon>
					<outerBoundaryIs>
						<LinearRing>
							<coordinates>
								-71.60704660924519,-16.32724289404834,0 -71.60685396325974,-16.32739634134789,0 -71.60653492089783,-16.32700087456303,0 -71.6067101283116,-16.32684733988796,0 -71.60704660924519,-16.32724289404834,0 
							</coordinates>
						</LinearRing>
					</outerBoundaryIs>
				</Polygon>
			</Placemark>
			<Placemark>
				<name>1.4.140-10</name>
				<styleUrl>#msn_ylw-pushpin51111002</styleUrl>
				<ExtendedData>
					<SchemaData schemaUrl="#S_yura_poligono_DSSSSDDDDS00100">
						<SimpleData name="fid">40422</SimpleData>
						<SimpleData name="handle">268107</SimpleData>
						<SimpleData name="block">-1</SimpleData>
						<SimpleData name="etype">18</SimpleData>
						<SimpleData name="space">0</SimpleData>
						<SimpleData name="layer">MANZANAS</SimpleData>
						<SimpleData name="olinetype">bylayer</SimpleData>
						<SimpleData name="linetype"></SimpleData>
						<SimpleData name="color">127,127,255,255</SimpleData>
						<SimpleData name="ocolor">256</SimpleData>
						<SimpleData name="color24">-1</SimpleData>
						<SimpleData name="transparen">0</SimpleData>
						<SimpleData name="lweight">-1</SimpleData>
						<SimpleData name="linewidth">0.15</SimpleData>
						<SimpleData name="ltscale">1</SimpleData>
						<SimpleData name="visible">1</SimpleData>
						<SimpleData name="width">0</SimpleData>
						<SimpleData name="thickness">0</SimpleData>
						<SimpleData name="ext">(3:0,0,0.1)</SimpleData>
					</SchemaData>
				</ExtendedData>
				<Polygon>
					<outerBoundaryIs>
						<LinearRing>
							<coordinates>
								-71.60680409231242,-16.32742749266684,0 -71.60652402900847,-16.32763212433823,0 -71.6062157243245,-16.3272628136908,0 -71.60653241384956,-16.32701998550169,0 -71.60680409231242,-16.32742749266684,0 
							</coordinates>
						</LinearRing>
					</outerBoundaryIs>
				</Polygon>
			</Placemark>
			<Placemark>
				<name>1.4.140-11</name>
				<styleUrl>#msn_ylw-pushpin51111002</styleUrl>
				<ExtendedData>
					<SchemaData schemaUrl="#S_yura_poligono_DSSSSDDDDS00100">
						<SimpleData name="fid">40438</SimpleData>
						<SimpleData name="handle">268123</SimpleData>
						<SimpleData name="block">-1</SimpleData>
						<SimpleData name="etype">18</SimpleData>
						<SimpleData name="space">0</SimpleData>
						<SimpleData name="layer">MANZANAS</SimpleData>
						<SimpleData name="olinetype">bylayer</SimpleData>
						<SimpleData name="linetype"></SimpleData>
						<SimpleData name="color">127,127,255,255</SimpleData>
						<SimpleData name="ocolor">256</SimpleData>
						<SimpleData name="color24">-1</SimpleData>
						<SimpleData name="transparen">0</SimpleData>
						<SimpleData name="lweight">-1</SimpleData>
						<SimpleData name="linewidth">0.15</SimpleData>
						<SimpleData name="ltscale">1</SimpleData>
						<SimpleData name="visible">1</SimpleData>
						<SimpleData name="width">0</SimpleData>
						<SimpleData name="thickness">0</SimpleData>
						<SimpleData name="ext">(3:0,0,0.1)</SimpleData>
					</SchemaData>
				</ExtendedData>
				<Polygon>
					<outerBoundaryIs>
						<LinearRing>
							<coordinates>
								-71.60791357661925,-16.32685294739264,0 -71.6066889362051,-16.32781323723992,0 -71.60659362873919,-16.32768641829799,0 -71.60780651721453,-16.3267222795535,0 -71.60791357661925,-16.32685294739264,0 
							</coordinates>
						</LinearRing>
					</outerBoundaryIs>
				</Polygon>
			</Placemark>
			<Placemark>
				<name>1.4.140-13</name>
				<styleUrl>#msn_ylw-pushpin51111002</styleUrl>
				<ExtendedData>
					<SchemaData schemaUrl="#S_yura_poligono_DSSSSDDDDS00100">
						<SimpleData name="fid">40422</SimpleData>
						<SimpleData name="handle">268107</SimpleData>
						<SimpleData name="block">-1</SimpleData>
						<SimpleData name="etype">18</SimpleData>
						<SimpleData name="space">0</SimpleData>
						<SimpleData name="layer">MANZANAS</SimpleData>
						<SimpleData name="olinetype">bylayer</SimpleData>
						<SimpleData name="linetype"></SimpleData>
						<SimpleData name="color">127,127,255,255</SimpleData>
						<SimpleData name="ocolor">256</SimpleData>
						<SimpleData name="color24">-1</SimpleData>
						<SimpleData name="transparen">0</SimpleData>
						<SimpleData name="lweight">-1</SimpleData>
						<SimpleData name="linewidth">0.15</SimpleData>
						<SimpleData name="ltscale">1</SimpleData>
						<SimpleData name="visible">1</SimpleData>
						<SimpleData name="width">0</SimpleData>
						<SimpleData name="thickness">0</SimpleData>
						<SimpleData name="ext">(3:0,0,0.1)</SimpleData>
					</SchemaData>
				</ExtendedData>
				<Polygon>
					<outerBoundaryIs>
						<LinearRing>
							<coordinates>
								-71.60608915316772,-16.32800625278231,0 -71.60582392301741,-16.32821262284725,0 -71.60566746065788,-16.32808869103912,0 -71.60550276008993,-16.32784812040391,0 -71.60576557497632,-16.32762919418287,0 -71.60608915316772,-16.32800625278231,0 
							</coordinates>
						</LinearRing>
					</outerBoundaryIs>
				</Polygon>
			</Placemark>
			<Placemark>
				<name>1.4.140-14</name>
				<styleUrl>#msn_ylw-pushpin51111002</styleUrl>
				<ExtendedData>
					<SchemaData schemaUrl="#S_yura_poligono_DSSSSDDDDS00100">
						<SimpleData name="fid">40422</SimpleData>
						<SimpleData name="handle">268107</SimpleData>
						<SimpleData name="block">-1</SimpleData>
						<SimpleData name="etype">18</SimpleData>
						<SimpleData name="space">0</SimpleData>
						<SimpleData name="layer">MANZANAS</SimpleData>
						<SimpleData name="olinetype">bylayer</SimpleData>
						<SimpleData name="linetype"></SimpleData>
						<SimpleData name="color">127,127,255,255</SimpleData>
						<SimpleData name="ocolor">256</SimpleData>
						<SimpleData name="color24">-1</SimpleData>
						<SimpleData name="transparen">0</SimpleData>
						<SimpleData name="lweight">-1</SimpleData>
						<SimpleData name="linewidth">0.15</SimpleData>
						<SimpleData name="ltscale">1</SimpleData>
						<SimpleData name="visible">1</SimpleData>
						<SimpleData name="width">0</SimpleData>
						<SimpleData name="thickness">0</SimpleData>
						<SimpleData name="ext">(3:0,0,0.1)</SimpleData>
					</SchemaData>
				</ExtendedData>
				<Polygon>
					<outerBoundaryIs>
						<LinearRing>
							<coordinates>
								-71.60575283331455,-16.32828892063307,0 -71.6054806408665,-16.32841619936297,0 -71.60540264947058,-16.32838197406819,0 -71.60522434115532,-16.32810831936241,0 -71.60545981489565,-16.32787032603811,0 -71.60575283331455,-16.32828892063307,0 
							</coordinates>
						</LinearRing>
					</outerBoundaryIs>
				</Polygon>
			</Placemark>
			<Placemark>
				<name>1.4.140-15</name>
				<LookAt>
					<longitude>-71.60472509629061</longitude>
					<latitude>-16.32843943053917</latitude>
					<altitude>0</altitude>
					<heading>-0.0007234938457634112</heading>
					<tilt>34.04189248577935</tilt>
					<range>469.001730468059</range>
					<gx:altitudeMode>relativeToSeaFloor</gx:altitudeMode>
				</LookAt>
				<styleUrl>#msn_ylw-pushpin51111002</styleUrl>
				<Polygon>
					<tessellate>1</tessellate>
					<outerBoundaryIs>
						<LinearRing>
							<coordinates>
								-71.60529862016332,-16.32857908594328,0 -71.60488200674484,-16.32869916989275,0 -71.60479187012523,-16.32833074935553,0 -71.60517089237975,-16.3282483857401,0 -71.60529862016332,-16.32857908594328,0 
							</coordinates>
						</LinearRing>
					</outerBoundaryIs>
				</Polygon>
			</Placemark>
			<Placemark>
				<name>1.4.140-16</name>
				<styleUrl>#msn_ylw-pushpin51111002</styleUrl>
				<Polygon>
					<tessellate>1</tessellate>
					<outerBoundaryIs>
						<LinearRing>
							<coordinates>
								-71.60658538741725,-16.32790320758883,0 -71.60612571594827,-16.32828579800721,0 -71.60595036655718,-16.32843674651063,0 -71.60583458374421,-16.32828575168022,0 -71.60648149752529,-16.32778413998349,0 -71.60658538741725,-16.32790320758883,0 
							</coordinates>
						</LinearRing>
					</outerBoundaryIs>
				</Polygon>
			</Placemark>
			<Placemark>
				<name>1.4.140-17</name>
				<styleUrl>#msn_ylw-pushpin51111002</styleUrl>
				<ExtendedData>
					<SchemaData schemaUrl="#S_yura_poligono_DSSSSDDDDS00100">
						<SimpleData name="fid">40473</SimpleData>
						<SimpleData name="handle">268158</SimpleData>
						<SimpleData name="block">-1</SimpleData>
						<SimpleData name="etype">18</SimpleData>
						<SimpleData name="space">0</SimpleData>
						<SimpleData name="layer">MANZANAS</SimpleData>
						<SimpleData name="olinetype">bylayer</SimpleData>
						<SimpleData name="linetype"></SimpleData>
						<SimpleData name="color">127,127,255,255</SimpleData>
						<SimpleData name="ocolor">256</SimpleData>
						<SimpleData name="color24">-1</SimpleData>
						<SimpleData name="transparen">0</SimpleData>
						<SimpleData name="lweight">-1</SimpleData>
						<SimpleData name="linewidth">0.15</SimpleData>
						<SimpleData name="ltscale">1</SimpleData>
						<SimpleData name="visible">1</SimpleData>
						<SimpleData name="width">0</SimpleData>
						<SimpleData name="thickness">0</SimpleData>
						<SimpleData name="ext">(3:0,0,0.1)</SimpleData>
					</SchemaData>
				</ExtendedData>
				<Polygon>
					<outerBoundaryIs>
						<LinearRing>
							<coordinates>
								-71.60835732335818,-16.32737630819841,0 -71.60814936559613,-16.32755163109191,0 -71.60779000482087,-16.32711247438865,0 -71.60799682531842,-16.32695793561502,0 -71.60835732335818,-16.32737630819841,0 
							</coordinates>
						</LinearRing>
					</outerBoundaryIs>
				</Polygon>
			</Placemark>
			<Placemark>
				<name>1.4.140-18</name>
				<styleUrl>#msn_ylw-pushpin51111002</styleUrl>
				<ExtendedData>
					<SchemaData schemaUrl="#S_yura_poligono_DSSSSDDDDS00100">
						<SimpleData name="fid">40473</SimpleData>
						<SimpleData name="handle">268158</SimpleData>
						<SimpleData name="block">-1</SimpleData>
						<SimpleData name="etype">18</SimpleData>
						<SimpleData name="space">0</SimpleData>
						<SimpleData name="layer">MANZANAS</SimpleData>
						<SimpleData name="olinetype">bylayer</SimpleData>
						<SimpleData name="linetype"></SimpleData>
						<SimpleData name="color">127,127,255,255</SimpleData>
						<SimpleData name="ocolor">256</SimpleData>
						<SimpleData name="color24">-1</SimpleData>
						<SimpleData name="transparen">0</SimpleData>
						<SimpleData name="lweight">-1</SimpleData>
						<SimpleData name="linewidth">0.15</SimpleData>
						<SimpleData name="ltscale">1</SimpleData>
						<SimpleData name="visible">1</SimpleData>
						<SimpleData name="width">0</SimpleData>
						<SimpleData name="thickness">0</SimpleData>
						<SimpleData name="ext">(3:0,0,0.1)</SimpleData>
					</SchemaData>
				</ExtendedData>
				<Polygon>
					<outerBoundaryIs>
						<LinearRing>
							<coordinates>
								-71.60810462010114,-16.32758480182297,0 -71.60793168904996,-16.32771860014407,0 -71.60756356308954,-16.32731606080215,0 -71.6077633373652,-16.32714610954902,0 -71.60810462010114,-16.32758480182297,0 
							</coordinates>
						</LinearRing>
					</outerBoundaryIs>
				</Polygon>
			</Placemark>
			<Placemark>
				<name>1.4.140-19</name>
				<styleUrl>#msn_ylw-pushpin51111002</styleUrl>
				<ExtendedData>
					<SchemaData schemaUrl="#S_yura_poligono_DSSSSDDDDS00100">
						<SimpleData name="fid">40473</SimpleData>
						<SimpleData name="handle">268158</SimpleData>
						<SimpleData name="block">-1</SimpleData>
						<SimpleData name="etype">18</SimpleData>
						<SimpleData name="space">0</SimpleData>
						<SimpleData name="layer">MANZANAS</SimpleData>
						<SimpleData name="olinetype">bylayer</SimpleData>
						<SimpleData name="linetype"></SimpleData>
						<SimpleData name="color">127,127,255,255</SimpleData>
						<SimpleData name="ocolor">256</SimpleData>
						<SimpleData name="color24">-1</SimpleData>
						<SimpleData name="transparen">0</SimpleData>
						<SimpleData name="lweight">-1</SimpleData>
						<SimpleData name="linewidth">0.15</SimpleData>
						<SimpleData name="ltscale">1</SimpleData>
						<SimpleData name="visible">1</SimpleData>
						<SimpleData name="width">0</SimpleData>
						<SimpleData name="thickness">0</SimpleData>
						<SimpleData name="ext">(3:0,0,0.1)</SimpleData>
					</SchemaData>
				</ExtendedData>
				<Polygon>
					<outerBoundaryIs>
						<LinearRing>
							<coordinates>
								-71.60787188026181,-16.32777007706983,0 -71.60771526396435,-16.32791561212392,0 -71.60733418182896,-16.32750030059917,0 -71.60751764659788,-16.3273474814342,0 -71.60787188026181,-16.32777007706983,0 
							</coordinates>
						</LinearRing>
					</outerBoundaryIs>
				</Polygon>
			</Placemark>
			<Placemark>
				<name>1.4.140-20</name>
				<styleUrl>#msn_ylw-pushpin51111002</styleUrl>
				<ExtendedData>
					<SchemaData schemaUrl="#S_yura_poligono_DSSSSDDDDS00100">
						<SimpleData name="fid">40473</SimpleData>
						<SimpleData name="handle">268158</SimpleData>
						<SimpleData name="block">-1</SimpleData>
						<SimpleData name="etype">18</SimpleData>
						<SimpleData name="space">0</SimpleData>
						<SimpleData name="layer">MANZANAS</SimpleData>
						<SimpleData name="olinetype">bylayer</SimpleData>
						<SimpleData name="linetype"></SimpleData>
						<SimpleData name="color">127,127,255,255</SimpleData>
						<SimpleData name="ocolor">256</SimpleData>
						<SimpleData name="color24">-1</SimpleData>
						<SimpleData name="transparen">0</SimpleData>
						<SimpleData name="lweight">-1</SimpleData>
						<SimpleData name="linewidth">0.15</SimpleData>
						<SimpleData name="ltscale">1</SimpleData>
						<SimpleData name="visible">1</SimpleData>
						<SimpleData name="width">0</SimpleData>
						<SimpleData name="thickness">0</SimpleData>
						<SimpleData name="ext">(3:0,0,0.1)</SimpleData>
					</SchemaData>
				</ExtendedData>
				<Polygon>
					<outerBoundaryIs>
						<LinearRing>
							<coordinates>
								-71.60766823855666,-16.32795761891413,0 -71.60748029067713,-16.32810563145232,0 -71.60710191620704,-16.32766877314688,0 -71.60728840510636,-16.32753490690026,0 -71.60766823855666,-16.32795761891413,0 
							</coordinates>
						</LinearRing>
					</outerBoundaryIs>
				</Polygon>
			</Placemark>
			<Placemark>
				<name>1.4.140-21</name>
				<styleUrl>#msn_ylw-pushpin51111002</styleUrl>
				<Polygon>
					<tessellate>1</tessellate>
					<outerBoundaryIs>
						<LinearRing>
							<coordinates>
								-71.60781437327502,-16.32858908922779,0 -71.60755715591691,-16.32880174140956,0 -71.60716984348014,-16.32836199977489,0 -71.6074358849789,-16.32816573301652,0 -71.60781437327502,-16.32858908922779,0 
							</coordinates>
						</LinearRing>
					</outerBoundaryIs>
				</Polygon>
			</Placemark>
			<Placemark>
				<name>1.4.140-22</name>
				<styleUrl>#msn_ylw-pushpin51111002</styleUrl>
				<ExtendedData>
					<SchemaData schemaUrl="#S_yura_poligono_DSSSSDDDDS00100">
						<SimpleData name="fid">40473</SimpleData>
						<SimpleData name="handle">268158</SimpleData>
						<SimpleData name="block">-1</SimpleData>
						<SimpleData name="etype">18</SimpleData>
						<SimpleData name="space">0</SimpleData>
						<SimpleData name="layer">MANZANAS</SimpleData>
						<SimpleData name="olinetype">bylayer</SimpleData>
						<SimpleData name="linetype"></SimpleData>
						<SimpleData name="color">127,127,255,255</SimpleData>
						<SimpleData name="ocolor">256</SimpleData>
						<SimpleData name="color24">-1</SimpleData>
						<SimpleData name="transparen">0</SimpleData>
						<SimpleData name="lweight">-1</SimpleData>
						<SimpleData name="linewidth">0.15</SimpleData>
						<SimpleData name="ltscale">1</SimpleData>
						<SimpleData name="visible">1</SimpleData>
						<SimpleData name="width">0</SimpleData>
						<SimpleData name="thickness">0</SimpleData>
						<SimpleData name="ext">(3:0,0,0.1)</SimpleData>
					</SchemaData>
				</ExtendedData>
				<Polygon>
					<outerBoundaryIs>
						<LinearRing>
							<coordinates>
								-71.60742288299841,-16.32814995770512,0 -71.60715842183059,-16.32834845740667,0 -71.60679486880721,-16.32792206689833,0 -71.60705797992891,-16.32770789982002,0 -71.60742288299841,-16.32814995770512,0 
							</coordinates>
						</LinearRing>
					</outerBoundaryIs>
				</Polygon>
			</Placemark>
			<Placemark>
				<name>1.4.140-23</name>
				<styleUrl>#msn_ylw-pushpin51111002</styleUrl>
				<ExtendedData>
					<SchemaData schemaUrl="#S_yura_poligono_DSSSSDDDDS00100">
						<SimpleData name="fid">40473</SimpleData>
						<SimpleData name="handle">268158</SimpleData>
						<SimpleData name="block">-1</SimpleData>
						<SimpleData name="etype">18</SimpleData>
						<SimpleData name="space">0</SimpleData>
						<SimpleData name="layer">MANZANAS</SimpleData>
						<SimpleData name="olinetype">bylayer</SimpleData>
						<SimpleData name="linetype"></SimpleData>
						<SimpleData name="color">127,127,255,255</SimpleData>
						<SimpleData name="ocolor">256</SimpleData>
						<SimpleData name="color24">-1</SimpleData>
						<SimpleData name="transparen">0</SimpleData>
						<SimpleData name="lweight">-1</SimpleData>
						<SimpleData name="linewidth">0.15</SimpleData>
						<SimpleData name="ltscale">1</SimpleData>
						<SimpleData name="visible">1</SimpleData>
						<SimpleData name="width">0</SimpleData>
						<SimpleData name="thickness">0</SimpleData>
						<SimpleData name="ext">(3:0,0,0.1)</SimpleData>
					</SchemaData>
				</ExtendedData>
				<Polygon>
					<outerBoundaryIs>
						<LinearRing>
							<coordinates>
								-71.60703713947635,-16.32843002703671,0 -71.60676671717607,-16.32863416242828,0 -71.60642172855121,-16.32822143779127,0 -71.60669380279263,-16.32800805613891,0 -71.60703713947635,-16.32843002703671,0 
							</coordinates>
						</LinearRing>
					</outerBoundaryIs>
				</Polygon>
			</Placemark>
			<Placemark>
				<name>1.4.140-24</name>
				<styleUrl>#msn_ylw-pushpin51111002</styleUrl>
				<Polygon>
					<tessellate>1</tessellate>
					<outerBoundaryIs>
						<LinearRing>
							<coordinates>
								-71.60660948631195,-16.32854201059564,0 -71.60628540369437,-16.32881216336289,0 -71.60605102848913,-16.32855546801877,0 -71.60639966906288,-16.32831412140708,0 -71.60660948631195,-16.32854201059564,0 
							</coordinates>
						</LinearRing>
					</outerBoundaryIs>
				</Polygon>
			</Placemark>
			<Placemark>
				<name>1.4.140-25</name>
				<styleUrl>#msn_ylw-pushpin51111002</styleUrl>
				<Polygon>
					<tessellate>1</tessellate>
					<outerBoundaryIs>
						<LinearRing>
							<coordinates>
								-71.60618357155334,-16.32889359600162,0 -71.60584388407041,-16.32914253450269,0 -71.60561097366437,-16.32886159975574,0 -71.60593131154671,-16.32862023511263,0 -71.60618357155334,-16.32889359600162,0 
							</coordinates>
						</LinearRing>
					</outerBoundaryIs>
				</Polygon>
			</Placemark>
			<Placemark>
				<name>1.4.140-26</name>
				<styleUrl>#msn_ylw-pushpin51111002</styleUrl>
				<Polygon>
					<tessellate>1</tessellate>
					<outerBoundaryIs>
						<LinearRing>
							<coordinates>
								-71.60592612063054,-16.32933854117088,0 -71.60565496391338,-16.32956288500776,0 -71.60526955552527,-16.32911468043376,0 -71.60556364985244,-16.32891627828739,0 -71.60592612063054,-16.32933854117088,0 
							</coordinates>
						</LinearRing>
					</outerBoundaryIs>
				</Polygon>
			</Placemark>
			<Placemark>
				<name>1.4.140-27</name>
				<styleUrl>#msn_ylw-pushpin51111002</styleUrl>
				<Polygon>
					<tessellate>1</tessellate>
					<outerBoundaryIs>
						<LinearRing>
							<coordinates>
								-71.60877024590403,-16.32785213888619,0 -71.60856308086115,-16.32802023771104,0 -71.60817492761088,-16.32756170353552,0 -71.60838020053731,-16.32740128028574,0 -71.60877024590403,-16.32785213888619,0 
							</coordinates>
						</LinearRing>
					</outerBoundaryIs>
				</Polygon>
			</Placemark>
			<Placemark>
				<name>1.4.140-28</name>
				<styleUrl>#msn_ylw-pushpin51111002</styleUrl>
				<Polygon>
					<tessellate>1</tessellate>
					<outerBoundaryIs>
						<LinearRing>
							<coordinates>
								-71.60849996011264,-16.3280421111419,0 -71.6083062464276,-16.32818025686488,0 -71.60794259299388,-16.32774749047698,0 -71.608122155224,-16.32761105449431,0 -71.60849996011264,-16.3280421111419,0 
							</coordinates>
						</LinearRing>
					</outerBoundaryIs>
				</Polygon>
			</Placemark>
			<Placemark>
				<name>1.4.140-29</name>
				<styleUrl>#msn_ylw-pushpin51111002</styleUrl>
				<Polygon>
					<tessellate>1</tessellate>
					<outerBoundaryIs>
						<LinearRing>
							<coordinates>
								-71.60827833194621,-16.32822476621071,0 -71.6080763216966,-16.32838885030955,0 -71.60773328835266,-16.32794086546036,0 -71.60790922539954,-16.32779298651238,0 -71.60827833194621,-16.32822476621071,0 
							</coordinates>
						</LinearRing>
					</outerBoundaryIs>
				</Polygon>
			</Placemark>
			<Placemark>
				<name>1.4.140-30</name>
				<styleUrl>#msn_ylw-pushpin51111002</styleUrl>
				<Polygon>
					<tessellate>1</tessellate>
					<outerBoundaryIs>
						<LinearRing>
							<coordinates>
								-71.60803651116643,-16.32840279125514,0 -71.60784886334828,-16.32854158229822,0 -71.60750347736108,-16.32812892013709,0 -71.60768807360466,-16.32796785284006,0 -71.60803651116643,-16.32840279125514,0 
							</coordinates>
						</LinearRing>
					</outerBoundaryIs>
				</Polygon>
			</Placemark>
			<Placemark>
				<name>1.4.140-31</name>
				<styleUrl>#msn_ylw-pushpin51111002</styleUrl>
				<Polygon>
					<tessellate>1</tessellate>
					<outerBoundaryIs>
						<LinearRing>
							<coordinates>
								-71.60743448192792,-16.32889611339107,0 -71.60715929693238,-16.32910007422974,0 -71.60679198215141,-16.32867971763153,0 -71.60706159719879,-16.32847878695822,0 -71.60743448192792,-16.32889611339107,0 
							</coordinates>
						</LinearRing>
					</outerBoundaryIs>
				</Polygon>
			</Placemark>
			<Placemark>
				<name>1.4.140-32</name>
				<styleUrl>#msn_ylw-pushpin51111002</styleUrl>
				<Polygon>
					<tessellate>1</tessellate>
					<outerBoundaryIs>
						<LinearRing>
							<coordinates>
								-71.60684826072287,-16.3288177841614,0 -71.60653694802237,-16.32910296655358,0 -71.6062986093999,-16.32884729538444,0 -71.60663884249355,-16.32857170956303,0 -71.60684826072287,-16.3288177841614,0 
							</coordinates>
						</LinearRing>
					</outerBoundaryIs>
				</Polygon>
			</Placemark>
			<Placemark>
				<name>1.4.140-33</name>
				<styleUrl>#msn_ylw-pushpin51111002</styleUrl>
				<Polygon>
					<tessellate>1</tessellate>
					<outerBoundaryIs>
						<LinearRing>
							<coordinates>
								-71.60712608599239,-16.32915035736825,0 -71.60679551280413,-16.32941525430772,0 -71.60654795164956,-16.32913381331673,0 -71.6068762856515,-16.32887094562765,0 -71.60712608599239,-16.32915035736825,0 
							</coordinates>
						</LinearRing>
					</outerBoundaryIs>
				</Polygon>
			</Placemark>
			<Placemark>
				<name>1.4.140-34</name>
				<styleUrl>#msn_ylw-pushpin51111002</styleUrl>
				<Polygon>
					<tessellate>1</tessellate>
					<outerBoundaryIs>
						<LinearRing>
							<coordinates>
								-71.60668770948512,-16.32950443733463,0 -71.60637850973063,-16.32975702759629,0 -71.606128046726,-16.32948891126104,0 -71.60643323686789,-16.32921213285332,0 -71.60668770948512,-16.32950443733463,0 
							</coordinates>
						</LinearRing>
					</outerBoundaryIs>
				</Polygon>
			</Placemark>
			<Placemark>
				<name>1.4.140-35</name>
				<styleUrl>#msn_ylw-pushpin51111002</styleUrl>
				<Polygon>
					<tessellate>1</tessellate>
					<outerBoundaryIs>
						<LinearRing>
							<coordinates>
								-71.6064140937722,-16.32917730863797,0 -71.60608432060991,-16.32944864979791,0 -71.60586552988993,-16.32918151723013,0 -71.60619974849587,-16.32892795574529,0 -71.6064140937722,-16.32917730863797,0 
							</coordinates>
						</LinearRing>
					</outerBoundaryIs>
				</Polygon>
			</Placemark>
			<Placemark>
				<name>1.4.140-36</name>
				<LookAt>
					<longitude>-71.60555223965552</longitude>
					<latitude>-16.32925475275045</latitude>
					<altitude>0</altitude>
					<heading>-0.0004909762147586628</heading>
					<tilt>34.04189248577938</tilt>
					<range>469.0017304726245</range>
					<gx:altitudeMode>relativeToSeaFloor</gx:altitudeMode>
				</LookAt>
				<styleUrl>#msn_ylw-pushpin51111002</styleUrl>
				<Polygon>
					<tessellate>1</tessellate>
					<outerBoundaryIs>
						<LinearRing>
							<coordinates>
								-71.60631952934803,-16.32978871382709,0 -71.60605028896745,-16.33000923733206,0 -71.6056807463269,-16.32957619303227,0 -71.60595284038314,-16.32937137996536,0 -71.60631952934803,-16.32978871382709,0 
							</coordinates>
						</LinearRing>
					</outerBoundaryIs>
				</Polygon>
			</Placemark>
			<Placemark>
				<name>1.4.140-37</name>
				<styleUrl>#msn_ylw-pushpin51111002</styleUrl>
				<Polygon>
					<tessellate>1</tessellate>
					<outerBoundaryIs>
						<LinearRing>
							<coordinates>
								-71.60674773684467,-16.33032035339314,0 -71.60649171420596,-16.3305213467779,0 -71.60613151729359,-16.33010983206854,0 -71.60639685379783,-16.32989837311641,0 -71.60674773684467,-16.33032035339314,0 
							</coordinates>
						</LinearRing>
					</outerBoundaryIs>
				</Polygon>
			</Placemark>
			<Placemark>
				<name>1.4.140-38</name>
				<styleUrl>#msn_ylw-pushpin51111002</styleUrl>
				<Polygon>
					<tessellate>1</tessellate>
					<outerBoundaryIs>
						<LinearRing>
							<coordinates>
								-71.60698832841831,-16.33013400979273,0 -71.60679872650014,-16.33027311630898,0 -71.60645642475559,-16.32985332507968,0 -71.60663440629284,-16.32970569218388,0 -71.60698832841831,-16.33013400979273,0 
							</coordinates>
						</LinearRing>
					</outerBoundaryIs>
				</Polygon>
			</Placemark>
			<Placemark>
				<name>1.4.140-39</name>
				<styleUrl>#msn_ylw-pushpin51111002</styleUrl>
				<Polygon>
					<tessellate>1</tessellate>
					<outerBoundaryIs>
						<LinearRing>
							<coordinates>
								-71.60722093257058,-16.32994215312489,0 -71.60704038591334,-16.33008918350394,0 -71.60667694272409,-16.32966449067218,0 -71.60686843631119,-16.3295141534139,0 -71.60722093257058,-16.32994215312489,0 
							</coordinates>
						</LinearRing>
					</outerBoundaryIs>
				</Polygon>
			</Placemark>
			<Placemark>
				<name>1.4.140-40</name>
				<styleUrl>#msn_ylw-pushpin51111002</styleUrl>
				<Polygon>
					<tessellate>1</tessellate>
					<outerBoundaryIs>
						<LinearRing>
							<coordinates>
								-71.60746160383817,-16.32975761881982,0 -71.60728102115461,-16.32991493959105,0 -71.60691994676243,-16.32948093105075,0 -71.60710216777454,-16.32934104803858,0 -71.60746160383817,-16.32975761881982,0 
							</coordinates>
						</LinearRing>
					</outerBoundaryIs>
				</Polygon>
			</Placemark>
			<Placemark>
				<name>1.4.140-41</name>
				<styleUrl>#msn_ylw-pushpin51111002</styleUrl>
				<Polygon>
					<tessellate>1</tessellate>
					<outerBoundaryIs>
						<LinearRing>
							<coordinates>
								-71.60760055556109,-16.32965010822177,0 -71.60749689179237,-16.32972402293434,0 -71.60715116606461,-16.32931179085332,0 -71.6071445684253,-16.32930272387238,0 -71.6072315986594,-16.32922639240625,0 -71.60760055556109,-16.32965010822177,0 
							</coordinates>
						</LinearRing>
					</outerBoundaryIs>
				</Polygon>
			</Placemark>
			<Placemark>
				<name>1.4.140-42</name>
				<styleUrl>#msn_ylw-pushpin51111002</styleUrl>
				<Polygon>
					<tessellate>1</tessellate>
					<outerBoundaryIs>
						<LinearRing>
							<coordinates>
								-71.60787342675255,-16.3294210033824,0 -71.60764567702144,-16.32961499804729,0 -71.60727208214304,-16.3291927305999,0 -71.6075365517072,-16.32897968065702,0 -71.60787342675255,-16.3294210033824,0 
							</coordinates>
						</LinearRing>
					</outerBoundaryIs>
				</Polygon>
			</Placemark>
			<Placemark>
				<name>1.4.140-43</name>
				<styleUrl>#msn_ylw-pushpin51111002</styleUrl>
				<Polygon>
					<tessellate>1</tessellate>
					<outerBoundaryIs>
						<LinearRing>
							<coordinates>
								-71.60716243986363,-16.33076353909999,0 -71.60687907646634,-16.33099146334642,0 -71.60651720899055,-16.33055205927477,0 -71.60677050346277,-16.33032814716728,0 -71.60716243986363,-16.33076353909999,0 
							</coordinates>
						</LinearRing>
					</outerBoundaryIs>
				</Polygon>
			</Placemark>
			<Placemark>
				<name>1.4.140-44</name>
				<styleUrl>#msn_ylw-pushpin51111002</styleUrl>
				<Polygon>
					<tessellate>1</tessellate>
					<outerBoundaryIs>
						<LinearRing>
							<coordinates>
								-71.60740595953054,-16.33059395806425,0 -71.60720460714218,-16.3307387073684,0 -71.60682960151652,-16.33030838119576,0 -71.60700521328788,-16.33014788164224,0 -71.60740595953054,-16.33059395806425,0 
							</coordinates>
						</LinearRing>
					</outerBoundaryIs>
				</Polygon>
			</Placemark>
			<Placemark>
				<name>1.4.140-45</name>
				<styleUrl>#msn_ylw-pushpin51111002</styleUrl>
				<Polygon>
					<tessellate>1</tessellate>
					<outerBoundaryIs>
						<LinearRing>
							<coordinates>
								-71.60761196169224,-16.33040372713097,0 -71.60742358333367,-16.33055459748929,0 -71.60705914952486,-16.33010885628186,0 -71.60724300504801,-16.32996113605536,0 -71.60761196169224,-16.33040372713097,0 
							</coordinates>
						</LinearRing>
					</outerBoundaryIs>
				</Polygon>
			</Placemark>
			<Placemark>
				<name>1.4.140-46</name>
				<styleUrl>#msn_ylw-pushpin51111002</styleUrl>
				<Polygon>
					<tessellate>1</tessellate>
					<outerBoundaryIs>
						<LinearRing>
							<coordinates>
								-71.60785580554942,-16.33022060325483,0 -71.60765091201651,-16.33037352730506,0 -71.6072982273886,-16.32993109361893,0 -71.60746566958223,-16.32978709375792,0 -71.60785580554942,-16.33022060325483,0 
							</coordinates>
						</LinearRing>
					</outerBoundaryIs>
				</Polygon>
			</Placemark>
			<Placemark>
				<name>1.4.140-47</name>
				<styleUrl>#msn_ylw-pushpin51111002</styleUrl>
				<Polygon>
					<tessellate>1</tessellate>
					<outerBoundaryIs>
						<LinearRing>
							<coordinates>
								-71.60773709870753,-16.32980928388442,0 -71.60792525703306,-16.33002114532457,0 -71.60789653556586,-16.33008951953749,0 -71.60788522939342,-16.33018123863125,0 -71.60752471296894,-16.32974170737287,0 -71.60761938777,-16.32966080468226,0 -71.60773709870753,-16.32980928388442,0 
							</coordinates>
						</LinearRing>
					</outerBoundaryIs>
				</Polygon>
			</Placemark>
			<Placemark>
				<name>1.4.140-48</name>
				<styleUrl>#msn_ylw-pushpin51111002</styleUrl>
				<Polygon>
					<tessellate>1</tessellate>
					<outerBoundaryIs>
						<LinearRing>
							<coordinates>
								-71.60826212418087,-16.32981601219745,0 -71.60816804734439,-16.32986726422773,0 -71.60800452749253,-16.32993404132593,0 -71.60789310812933,-16.32991683262091,0 -71.60777112316374,-16.32977684038869,0 -71.60763982480499,-16.32963515286872,0 -71.60789384997901,-16.32943394626077,0 -71.60826212418087,-16.32981601219745,0 
							</coordinates>
						</LinearRing>
					</outerBoundaryIs>
				</Polygon>
			</Placemark>
			<Placemark>
				<name>1.4.140-49</name>
				<styleUrl>#msn_ylw-pushpin51111002</styleUrl>
				<Polygon>
					<tessellate>1</tessellate>
					<outerBoundaryIs>
						<LinearRing>
							<coordinates>
								-71.6086664392983,-16.32955992310936,0 -71.60838285225476,-16.32978084973867,0 -71.60762866951295,-16.3289086685538,0 -71.60788990819675,-16.32868857599051,0 -71.6086664392983,-16.32955992310936,0 
							</coordinates>
						</LinearRing>
					</outerBoundaryIs>
				</Polygon>
			</Placemark>
			<Placemark>
				<name>1.4.140-50</name>
				<styleUrl>#msn_ylw-pushpin51111002</styleUrl>
				<Polygon>
					<tessellate>1</tessellate>
					<outerBoundaryIs>
						<LinearRing>
							<coordinates>
								-71.60889946127564,-16.32938925245347,0 -71.60871109237152,-16.32953856899304,0 -71.60793744716362,-16.32866129764287,0 -71.60813952595409,-16.32849821336758,0 -71.60889946127564,-16.32938925245347,0 
							</coordinates>
						</LinearRing>
					</outerBoundaryIs>
				</Polygon>
			</Placemark>
			<Placemark>
				<name>1.4.140-51</name>
				<styleUrl>#msn_ylw-pushpin51111002</styleUrl>
				<Polygon>
					<tessellate>1</tessellate>
					<outerBoundaryIs>
						<LinearRing>
							<coordinates>
								-71.6091093122245,-16.32920779032098,0 -71.60891835311793,-16.32935026254565,0 -71.60817423336331,-16.32846891421704,0 -71.60836720348236,-16.32832550930441,0 -71.6091093122245,-16.32920779032098,0 
							</coordinates>
						</LinearRing>
					</outerBoundaryIs>
				</Polygon>
			</Placemark>
			<Placemark>
				<name>1.4.140-52</name>
				<styleUrl>#msn_ylw-pushpin51111002</styleUrl>
				<Polygon>
					<tessellate>1</tessellate>
					<outerBoundaryIs>
						<LinearRing>
							<coordinates>
								-71.60932929617661,-16.32900681278011,0 -71.60914287566813,-16.32915689911426,0 -71.60842223975693,-16.32828975418543,0 -71.60859771208798,-16.32813198364848,0 -71.60932929617661,-16.32900681278011,0 
							</coordinates>
						</LinearRing>
					</outerBoundaryIs>
				</Polygon>
			</Placemark>
			<Placemark>
				<name>1.4.140-53</name>
				<styleUrl>#msn_ylw-pushpin51111002</styleUrl>
				<Polygon>
					<tessellate>1</tessellate>
					<outerBoundaryIs>
						<LinearRing>
							<coordinates>
								-71.60961179781079,-16.32880293362101,0 -71.60939286253632,-16.32898635756687,0 -71.6086520196597,-16.32810354843743,0 -71.60884907776743,-16.32793048028946,0 -71.60961179781079,-16.32880293362101,0 
							</coordinates>
						</LinearRing>
					</outerBoundaryIs>
				</Polygon>
			</Placemark>
			<Placemark>
				<name>1.4.140-54</name>
				<styleUrl>#msn_ylw-pushpin51111002</styleUrl>
				<Polygon>
					<tessellate>1</tessellate>
					<outerBoundaryIs>
						<LinearRing>
							<coordinates>
								-71.60994124561725,-16.32852549908325,0 -71.60971200876278,-16.32871791438455,0 -71.60895812709808,-16.32784712720896,0 -71.60920206589287,-16.32762424938588,0 -71.60994124561725,-16.32852549908325,0 
							</coordinates>
						</LinearRing>
					</outerBoundaryIs>
				</Polygon>
			</Placemark>
			<Placemark>
				<name>1.4.140-55</name>
				<styleUrl>#msn_ylw-pushpin51111002</styleUrl>
				<Polygon>
					<tessellate>1</tessellate>
					<outerBoundaryIs>
						<LinearRing>
							<coordinates>
								-71.61026237797616,-16.32824151915628,0 -71.60998640218584,-16.32846902787836,0 -71.60924912732165,-16.32760196751062,0 -71.60954886043079,-16.32737842258065,0 -71.61026237797616,-16.32824151915628,0 
							</coordinates>
						</LinearRing>
					</outerBoundaryIs>
				</Polygon>
			</Placemark>
			<Placemark>
				<name>1.4.140-56</name>
				<styleUrl>#msn_ylw-pushpin51111002</styleUrl>
				<Polygon>
					<tessellate>1</tessellate>
					<outerBoundaryIs>
						<LinearRing>
							<coordinates>
								-71.61008008438559,-16.32740289673127,0 -71.60978719298845,-16.32758663172427,0 -71.60959081648167,-16.32733711485891,0 -71.60985107494452,-16.32712344189159,0 -71.61008008438559,-16.32740289673127,0 
							</coordinates>
						</LinearRing>
					</outerBoundaryIs>
				</Polygon>
			</Placemark>
			<Placemark>
				<name>1.4.140-58</name>
				<styleUrl>#msn_ylw-pushpin51111002</styleUrl>
				<Polygon>
					<tessellate>1</tessellate>
					<outerBoundaryIs>
						<LinearRing>
							<coordinates>
								-71.60946732951659,-16.32907713704232,0 -71.60968542301723,-16.32889505548878,0 -71.61005784312263,-16.32932421457145,0 -71.60983319900738,-16.32949887775056,0 -71.60946732951659,-16.32907713704232,0 
							</coordinates>
						</LinearRing>
					</outerBoundaryIs>
				</Polygon>
			</Placemark>
			<Placemark>
				<name>1.4.140-59</name>
				<styleUrl>#msn_ylw-pushpin51111002</styleUrl>
				<Polygon>
					<tessellate>1</tessellate>
					<outerBoundaryIs>
						<LinearRing>
							<coordinates>
								-71.61043169892869,-16.32977488718134,0 -71.6102353586551,-16.3299559313305,0 -71.6098704909549,-16.32952532142963,0 -71.61006462374885,-16.32933747652353,0 -71.61043169892869,-16.32977488718134,0 
							</coordinates>
						</LinearRing>
					</outerBoundaryIs>
				</Polygon>
			</Placemark>
			<Placemark>
				<name>1.4.140-60</name>
				<styleUrl>#msn_ylw-pushpin51111002</styleUrl>
				<Polygon>
					<tessellate>1</tessellate>
					<outerBoundaryIs>
						<LinearRing>
							<coordinates>
								-71.60979276878264,-16.32954954594999,0 -71.60961038154441,-16.32967608601399,0 -71.60923624421795,-16.32925713292153,0 -71.60944021832888,-16.32910303828794,0 -71.60979276878264,-16.32954954594999,0 
							</coordinates>
						</LinearRing>
					</outerBoundaryIs>
				</Polygon>
			</Placemark>
			<Placemark>
				<name>1.4.140-61</name>
				<styleUrl>#msn_ylw-pushpin51111002</styleUrl>
				<Polygon>
					<tessellate>1</tessellate>
					<outerBoundaryIs>
						<LinearRing>
							<coordinates>
								-71.61016670348123,-16.32997243154973,0 -71.60999381384931,-16.33012696071464,0 -71.60963059026386,-16.3297002501607,0 -71.60980005227874,-16.32955619042374,0 -71.61016670348123,-16.32997243154973,0 
							</coordinates>
						</LinearRing>
					</outerBoundaryIs>
				</Polygon>
			</Placemark>
			<Placemark>
				<name>1.4.140-62</name>
				<styleUrl>#msn_ylw-pushpin51111002</styleUrl>
				<Polygon>
					<tessellate>1</tessellate>
					<outerBoundaryIs>
						<LinearRing>
							<coordinates>
								-71.61042469250273,-16.33031234650735,0 -71.61003433085439,-16.33041722200162,0 -71.6099926479326,-16.33028977332498,0 -71.61025432725071,-16.33009848912556,0 -71.61042469250273,-16.33031234650735,0 
							</coordinates>
						</LinearRing>
					</outerBoundaryIs>
				</Polygon>
			</Placemark>
			<Placemark>
				<name>1.4.140-63</name>
				<styleUrl>#msn_ylw-pushpin51111002</styleUrl>
				<Polygon>
					<tessellate>1</tessellate>
					<outerBoundaryIs>
						<LinearRing>
							<coordinates>
								-71.60956690796905,-16.32972868790598,0 -71.60937486431284,-16.32987075513829,0 -71.60901165590496,-16.32943901463174,0 -71.60919060598799,-16.3292843101571,0 -71.60956690796905,-16.32972868790598,0 
							</coordinates>
						</LinearRing>
					</outerBoundaryIs>
				</Polygon>
			</Placemark>
			<Placemark>
				<name>1.4.140-64</name>
				<styleUrl>#msn_ylw-pushpin51111002</styleUrl>
				<Polygon>
					<tessellate>1</tessellate>
					<outerBoundaryIs>
						<LinearRing>
							<coordinates>
								-71.60994849693883,-16.33016691252615,0 -71.60977510400156,-16.3303079684819,0 -71.60940374844814,-16.32988658565379,0 -71.60956885239501,-16.32974530916572,0 -71.60994849693883,-16.33016691252615,0 
							</coordinates>
						</LinearRing>
					</outerBoundaryIs>
				</Polygon>
			</Placemark>
			<Placemark>
				<name>1.4.140-65</name>
				<styleUrl>#msn_ylw-pushpin51111002</styleUrl>
				<Polygon>
					<tessellate>1</tessellate>
					<outerBoundaryIs>
						<LinearRing>
							<coordinates>
								-71.60932291997162,-16.32990516179647,0 -71.60914920525482,-16.33004847021537,0 -71.60878642748274,-16.32962510691133,0 -71.60897137331034,-16.3294780867078,0 -71.60932291997162,-16.32990516179647,0 
							</coordinates>
						</LinearRing>
					</outerBoundaryIs>
				</Polygon>
			</Placemark>
			<Placemark>
				<name>1.4.140-66</name>
				<styleUrl>#msn_ylw-pushpin51111002</styleUrl>
				<Polygon>
					<tessellate>1</tessellate>
					<outerBoundaryIs>
						<LinearRing>
							<coordinates>
								-71.60971872104822,-16.33035768017825,0 -71.60952807237389,-16.33049533763561,0 -71.60917501540511,-16.33006846775256,0 -71.60934926377692,-16.3299296088156,0 -71.60971872104822,-16.33035768017825,0 
							</coordinates>
						</LinearRing>
					</outerBoundaryIs>
				</Polygon>
			</Placemark>
			<Placemark>
				<name>1.4.140-67</name>
				<styleUrl>#msn_ylw-pushpin51111002</styleUrl>
				<Polygon>
					<tessellate>1</tessellate>
					<outerBoundaryIs>
						<LinearRing>
							<coordinates>
								-71.60892943723816,-16.32988679859274,0 -71.60866953713102,-16.33010343840363,0 -71.60847078738709,-16.32989678334987,0 -71.60872807604768,-16.32966297646446,0 -71.60892943723816,-16.32988679859274,0 
							</coordinates>
						</LinearRing>
					</outerBoundaryIs>
				</Polygon>
			</Placemark>
			<Placemark>
				<name>1.4.140-68</name>
				<styleUrl>#msn_ylw-pushpin51111002</styleUrl>
				<Polygon>
					<tessellate>1</tessellate>
					<outerBoundaryIs>
						<LinearRing>
							<coordinates>
								-71.60917295940243,-16.33018510910531,0 -71.60890881892891,-16.33038002866288,0 -71.60868804563353,-16.33012170302046,0 -71.60895122298005,-16.32990791761862,0 -71.60917295940243,-16.33018510910531,0 
							</coordinates>
						</LinearRing>
					</outerBoundaryIs>
				</Polygon>
			</Placemark>
			<Placemark>
				<name>1.4.140-69</name>
				<styleUrl>#msn_ylw-pushpin51111002</styleUrl>
				<Polygon>
					<tessellate>1</tessellate>
					<outerBoundaryIs>
						<LinearRing>
							<coordinates>
								-71.60949686592524,-16.3305356987573,0 -71.60938378171615,-16.3306262098909,0 -71.60919598243862,-16.33063133493294,0 -71.60913174126703,-16.3306183034672,0 -71.60893965395796,-16.33041674936745,0 -71.60919260151893,-16.33019389211917,0 -71.60949686592524,-16.3305356987573,0 
							</coordinates>
						</LinearRing>
					</outerBoundaryIs>
				</Polygon>
			</Placemark>
			<Placemark>
				<name>1.4.140-70</name>
				<styleUrl>#msn_ylw-pushpin51111002</styleUrl>
				<Polygon>
					<tessellate>1</tessellate>
					<outerBoundaryIs>
						<LinearRing>
							<coordinates>
								-71.60896839665592,-16.33065816443453,0 -71.60876585096291,-16.33074961709202,0 -71.60829728226133,-16.33021065898299,0 -71.6084652194474,-16.33009298987491,0 -71.60896839665592,-16.33065816443453,0 
							</coordinates>
						</LinearRing>
					</outerBoundaryIs>
				</Polygon>
			</Placemark>
			<Placemark>
				<name>1.4.140-71</name>
				<styleUrl>#msn_ylw-pushpin51111002</styleUrl>
				<Polygon>
					<tessellate>1</tessellate>
					<outerBoundaryIs>
						<LinearRing>
							<coordinates>
								-71.6087191172189,-16.33076614933371,0 -71.60846152563948,-16.33083335691416,0 -71.60797006991365,-16.33027377481739,0 -71.60814944227387,-16.33012783954297,0 -71.6087191172189,-16.33076614933371,0 
							</coordinates>
						</LinearRing>
					</outerBoundaryIs>
				</Polygon>
			</Placemark>
			<Placemark>
				<name>1.4.140-72</name>
				<styleUrl>#msn_ylw-pushpin51111002</styleUrl>
				<Polygon>
					<tessellate>1</tessellate>
					<outerBoundaryIs>
						<LinearRing>
							<coordinates>
								-71.60839608655755,-16.33084588815504,0 -71.60812382717947,-16.33091253217307,0 -71.60775190551594,-16.33045942109628,0 -71.60792729521494,-16.33030297137244,0 -71.60839608655755,-16.33084588815504,0 
							</coordinates>
						</LinearRing>
					</outerBoundaryIs>
				</Polygon>
			</Placemark>
			<Placemark>
				<name>1.4.140-73</name>
				<styleUrl>#msn_ylw-pushpin51111002</styleUrl>
				<Polygon>
					<tessellate>1</tessellate>
					<outerBoundaryIs>
						<LinearRing>
							<coordinates>
								-71.60807748836223,-16.33092695673129,0 -71.60781732319063,-16.33100517165536,0 -71.60750490861871,-16.33064675094182,0 -71.60770266866872,-16.33048769450837,0 -71.60807748836223,-16.33092695673129,0 
							</coordinates>
						</LinearRing>
					</outerBoundaryIs>
				</Polygon>
			</Placemark>
			<Placemark>
				<name>1.4.140-74</name>
				<styleUrl>#msn_ylw-pushpin51111002</styleUrl>
				<Polygon>
					<tessellate>1</tessellate>
					<outerBoundaryIs>
						<LinearRing>
							<coordinates>
								-71.60775627297534,-16.3310092232781,0 -71.60750610477682,-16.33107834187238,0 -71.60729369753882,-16.33082833675343,0 -71.60746510348268,-16.33067813452307,0 -71.60775627297534,-16.3310092232781,0 
							</coordinates>
						</LinearRing>
					</outerBoundaryIs>
				</Polygon>
			</Placemark>
			<Placemark>
				<name>1.4.140-75</name>
				<styleUrl>#msn_ylw-pushpin51111002</styleUrl>
				<Polygon>
					<tessellate>1</tessellate>
					<outerBoundaryIs>
						<LinearRing>
							<coordinates>
								-71.60742737222556,-16.33109915320796,0 -71.60707629415924,-16.33121787731621,0 -71.60698072729065,-16.33110006351678,0 -71.60697215782052,-16.33108920682216,0 -71.6072331617862,-16.33085861994508,0 -71.60742737222556,-16.33109915320796,0 
							</coordinates>
						</LinearRing>
					</outerBoundaryIs>
				</Polygon>
			</Placemark>
			<Placemark>
				<name>1.4.155-1</name>
				<styleUrl>#msn_ylw-pushpin51111002</styleUrl>
				<Polygon>
					<tessellate>1</tessellate>
					<outerBoundaryIs>
						<LinearRing>
							<coordinates>
								-71.61113809136071,-16.32828057315085,0 -71.61084535083735,-16.32794838357253,0 -71.61175790478735,-16.32719892829883,0 -71.6120626478472,-16.32750921261286,0 -71.61113809136071,-16.32828057315085,0 
							</coordinates>
						</LinearRing>
					</outerBoundaryIs>
				</Polygon>
			</Placemark>
			<Placemark>
				<name>1.4.155-2</name>
				<styleUrl>#msn_ylw-pushpin51111002</styleUrl>
				<Polygon>
					<tessellate>1</tessellate>
					<outerBoundaryIs>
						<LinearRing>
							<coordinates>
								-71.61144067913126,-16.32862093687742,0 -71.6111624768524,-16.32830892275276,0 -71.61210143462399,-16.32757326100032,0 -71.6123660493038,-16.32786434578494,0 -71.61144067913126,-16.32862093687742,0 
							</coordinates>
						</LinearRing>
					</outerBoundaryIs>
				</Polygon>
			</Placemark>
			<Placemark>
				<name>1.4.155-3</name>
				<styleUrl>#msn_ylw-pushpin51111002</styleUrl>
				<Polygon>
					<tessellate>1</tessellate>
					<outerBoundaryIs>
						<LinearRing>
							<coordinates>
								-71.6126544418552,-16.32822995539965,0 -71.6117432555953,-16.32897315900781,0 -71.6114582165176,-16.32865825174059,0 -71.61240242140479,-16.32791325485924,0 -71.6126544418552,-16.32822995539965,0 
							</coordinates>
						</LinearRing>
					</outerBoundaryIs>
				</Polygon>
			</Placemark>
			<Placemark>
				<name>1.4.155-4</name>
				<styleUrl>#msn_ylw-pushpin51111002</styleUrl>
				<Polygon>
					<tessellate>1</tessellate>
					<outerBoundaryIs>
						<LinearRing>
							<coordinates>
								-71.61303650741117,-16.32867422980954,0 -71.61290003685745,-16.32884195950827,0 -71.61278378730378,-16.32906416257695,0 -71.61269362689562,-16.32931305411507,0 -71.61273401499719,-16.32976744030163,0 -71.61242941653312,-16.3298583252786,0 -71.61176979980482,-16.32902370190276,0 -71.61271331447753,-16.32826572302252,0 -71.61303650741117,-16.32867422980954,0 
							</coordinates>
						</LinearRing>
					</outerBoundaryIs>
				</Polygon>
			</Placemark>
			<Placemark>
				<name>1.4.155-5</name>
				<styleUrl>#msn_ylw-pushpin51111002</styleUrl>
				<Polygon>
					<tessellate>1</tessellate>
					<outerBoundaryIs>
						<LinearRing>
							<coordinates>
								-71.61378693295561,-16.32740642998624,0 -71.61441699544233,-16.32811181889577,0 -71.61426090899316,-16.32816599749944,0 -71.61394664202527,-16.32823366232736,0 -71.61363221364158,-16.32832228863123,0 -71.61331758718138,-16.32845590025771,0 -71.61314838202895,-16.32851805195539,0 -71.61285400702764,-16.32813475872872,0 -71.61378693295561,-16.32740642998624,0 
							</coordinates>
						</LinearRing>
					</outerBoundaryIs>
				</Polygon>
			</Placemark>
			<Placemark>
				<name>1.4.155-6</name>
				<styleUrl>#msn_ylw-pushpin51111002</styleUrl>
				<Polygon>
					<tessellate>1</tessellate>
					<outerBoundaryIs>
						<LinearRing>
							<coordinates>
								-71.61347419331133,-16.32704649889048,0 -71.61374245944765,-16.3273624595067,0 -71.61281878845834,-16.3280862300803,0 -71.61254613438213,-16.32776691165888,0 -71.61347419331133,-16.32704649889048,0 
							</coordinates>
						</LinearRing>
					</outerBoundaryIs>
				</Polygon>
			</Placemark>
			<Placemark>
				<name>1.4.155-7</name>
				<styleUrl>#msn_ylw-pushpin51111002</styleUrl>
				<Polygon>
					<tessellate>1</tessellate>
					<outerBoundaryIs>
						<LinearRing>
							<coordinates>
								-71.6131697551845,-16.32669992373185,0 -71.61344077246473,-16.32702778745238,0 -71.61250498817398,-16.3277356607259,0 -71.61225136476597,-16.32742702948365,0 -71.6131697551845,-16.32669992373185,0 
							</coordinates>
						</LinearRing>
					</outerBoundaryIs>
				</Polygon>
			</Placemark>
			<Placemark>
				<name>1.4.155-8</name>
				<styleUrl>#msn_ylw-pushpin51111002</styleUrl>
				<Polygon>
					<tessellate>1</tessellate>
					<outerBoundaryIs>
						<LinearRing>
							<coordinates>
								-71.6128657214299,-16.32634526703617,0 -71.61313739723541,-16.32665753306567,0 -71.61221365578174,-16.32739166608498,0 -71.61193065295974,-16.32706691041758,0 -71.6128657214299,-16.32634526703617,0 
							</coordinates>
						</LinearRing>
					</outerBoundaryIs>
				</Polygon>
			</Placemark>
			<Placemark>
				<name>1.4.155-9</name>
				<styleUrl>#msn_ylw-pushpin51111002</styleUrl>
				<Polygon>
					<tessellate>1</tessellate>
					<outerBoundaryIs>
						<LinearRing>
							<coordinates>
								-71.61101411209263,-16.3276757052011,0 -71.61079069821089,-16.327860441681,0 -71.61042770381265,-16.32742203686832,0 -71.61062529220004,-16.32724999829847,0 -71.61101411209263,-16.3276757052011,0 
							</coordinates>
						</LinearRing>
					</outerBoundaryIs>
				</Polygon>
			</Placemark>
			<Placemark>
				<name>1.4.155-10</name>
				<styleUrl>#msn_ylw-pushpin51111002</styleUrl>
				<Polygon>
					<tessellate>1</tessellate>
					<outerBoundaryIs>
						<LinearRing>
							<coordinates>
								-71.61124051776818,-16.32750775228778,0 -71.61106983079901,-16.32763891362326,0 -71.61102687471444,-16.3276304620125,0 -71.61066046873528,-16.32722750048124,0 -71.61084783756024,-16.32706594297904,0 -71.61124051776818,-16.32750775228778,0 
							</coordinates>
						</LinearRing>
					</outerBoundaryIs>
				</Polygon>
			</Placemark>
			<Placemark>
				<name>1.4.155-11</name>
				<styleUrl>#msn_ylw-pushpin51111002</styleUrl>
				<Polygon>
					<tessellate>1</tessellate>
					<outerBoundaryIs>
						<LinearRing>
							<coordinates>
								-71.61145811238042,-16.3273144576508,0 -71.61128077992579,-16.32746026311449,0 -71.61090944601446,-16.32702951831083,0 -71.61108731661058,-16.32688196616045,0 -71.61145811238042,-16.3273144576508,0 
							</coordinates>
						</LinearRing>
					</outerBoundaryIs>
				</Polygon>
			</Placemark>
			<Placemark>
				<name>1.4.155-12</name>
				<styleUrl>#msn_ylw-pushpin51111002</styleUrl>
				<Polygon>
					<tessellate>1</tessellate>
					<outerBoundaryIs>
						<LinearRing>
							<coordinates>
								-71.61168747186048,-16.32711797613787,0 -71.61147919892491,-16.32727492040475,0 -71.61113832231769,-16.32684968292767,0 -71.61134400192252,-16.32670980294462,0 -71.61168747186048,-16.32711797613787,0 
							</coordinates>
						</LinearRing>
					</outerBoundaryIs>
				</Polygon>
			</Placemark>
			<Placemark>
				<name>1.4.155-13</name>
				<styleUrl>#msn_ylw-pushpin51111002</styleUrl>
				<Polygon>
					<tessellate>1</tessellate>
					<outerBoundaryIs>
						<LinearRing>
							<coordinates>
								-71.61190968001158,-16.32694548648189,0 -71.61171681042573,-16.32707889850514,0 -71.61138660768982,-16.32667153307357,0 -71.61154998078339,-16.32653509863294,0 -71.61190968001158,-16.32694548648189,0 
							</coordinates>
						</LinearRing>
					</outerBoundaryIs>
				</Polygon>
			</Placemark>
			<Placemark>
				<name>1.4.155-14</name>
				<styleUrl>#msn_ylw-pushpin51111002</styleUrl>
				<Polygon>
					<tessellate>1</tessellate>
					<outerBoundaryIs>
						<LinearRing>
							<coordinates>
								-71.61214691951702,-16.32675605391204,0 -71.61194945878819,-16.32691072459313,0 -71.61159808537926,-16.32648277131292,0 -71.61178574426096,-16.32633615172416,0 -71.61214691951702,-16.32675605391204,0 
							</coordinates>
						</LinearRing>
					</outerBoundaryIs>
				</Polygon>
			</Placemark>
			<Placemark>
				<name>1.4.155-15</name>
				<styleUrl>#msn_ylw-pushpin51111002</styleUrl>
				<Polygon>
					<tessellate>1</tessellate>
					<outerBoundaryIs>
						<LinearRing>
							<coordinates>
								-71.61247699717174,-16.32650123162967,0 -71.61218759354148,-16.32673597657338,0 -71.61181503755434,-16.32631466729683,0 -71.61188005886019,-16.32624548022091,0 -71.61247699717174,-16.32650123162967,0 
							</coordinates>
						</LinearRing>
					</outerBoundaryIs>
				</Polygon>
			</Placemark>
			<Placemark>
				<name>1.4.155-16</name>
				<styleUrl>#msn_ylw-pushpin51111002</styleUrl>
				<Polygon>
					<tessellate>1</tessellate>
					<outerBoundaryIs>
						<LinearRing>
							<coordinates>
								-71.6118601564301,-16.3262353677374,0 -71.61156567527732,-16.32647014274568,0 -71.61140279620197,-16.32627457327518,0 -71.61157538369719,-16.32611205663726,0 -71.6118601564301,-16.3262353677374,0 
							</coordinates>
						</LinearRing>
					</outerBoundaryIs>
				</Polygon>
			</Placemark>
			<Placemark>
				<name>1.4.155-18</name>
				<styleUrl>#msn_ylw-pushpin51111002</styleUrl>
				<Polygon>
					<tessellate>1</tessellate>
					<outerBoundaryIs>
						<LinearRing>
							<coordinates>
								-71.61153005473686,-16.32649911288022,0 -71.61136129618988,-16.32664737780625,0 -71.61099282577842,-16.32621651718006,0 -71.61117009050443,-16.32607185888095,0 -71.61153005473686,-16.32649911288022,0 
							</coordinates>
						</LinearRing>
					</outerBoundaryIs>
				</Polygon>
			</Placemark>
			<Placemark>
				<name>1.4.155-19</name>
				<styleUrl>#msn_ylw-pushpin51111002</styleUrl>
				<Polygon>
					<tessellate>1</tessellate>
					<outerBoundaryIs>
						<LinearRing>
							<coordinates>
								-71.61132895341431,-16.3266815739298,0 -71.61112638057895,-16.32681975767365,0 -71.61076813620362,-16.3264007419657,0 -71.61095735501961,-16.32625620038734,0 -71.61132895341431,-16.3266815739298,0 
							</coordinates>
						</LinearRing>
					</outerBoundaryIs>
				</Polygon>
			</Placemark>
			<Placemark>
				<name>1.4.155-20</name>
				<styleUrl>#msn_ylw-pushpin51111002</styleUrl>
				<Polygon>
					<tessellate>1</tessellate>
					<outerBoundaryIs>
						<LinearRing>
							<coordinates>
								-71.61108383465589,-16.32686819988566,0 -71.61088097056613,-16.32701461531137,0 -71.61052047175247,-16.32657463047649,0 -71.61071037417554,-16.32644149863694,0 -71.61108383465589,-16.32686819988566,0 
							</coordinates>
						</LinearRing>
					</outerBoundaryIs>
				</Polygon>
			</Placemark>
			<Placemark>
				<name>1.4.155-21</name>
				<styleUrl>#msn_ylw-pushpin51111002</styleUrl>
				<Polygon>
					<tessellate>1</tessellate>
					<outerBoundaryIs>
						<LinearRing>
							<coordinates>
								-71.61083497902681,-16.32704661261269,0 -71.61064284864557,-16.32719933837333,0 -71.61027697746805,-16.32676688422648,0 -71.61046719141581,-16.32662919151002,0 -71.61083497902681,-16.32704661261269,0 
							</coordinates>
						</LinearRing>
					</outerBoundaryIs>
				</Polygon>
			</Placemark>
			<Placemark>
				<name>1.4.155-22</name>
				<styleUrl>#msn_ylw-pushpin51111002</styleUrl>
				<Polygon>
					<tessellate>1</tessellate>
					<outerBoundaryIs>
						<LinearRing>
							<coordinates>
								-71.6106085465475,-16.32722271116227,0 -71.61040108508186,-16.32740251879063,0 -71.61003811581799,-16.32695088272652,0 -71.6102383509042,-16.32680039432705,0 -71.6106085465475,-16.32722271116227,0 
							</coordinates>
						</LinearRing>
					</outerBoundaryIs>
				</Polygon>
			</Placemark>
			<Placemark>
				<name>1.4.155-23</name>
				<styleUrl>#msn_ylw-pushpin51111002</styleUrl>
				<Polygon>
					<tessellate>1</tessellate>
					<outerBoundaryIs>
						<LinearRing>
							<coordinates>
								-71.61018177056475,-16.32671458257808,0 -71.60994935836567,-16.32691517058053,0 -71.60919942586229,-16.32600897348609,0 -71.60941970054644,-16.32583814441241,0 -71.61018177056475,-16.32671458257808,0 
							</coordinates>
						</LinearRing>
					</outerBoundaryIs>
				</Polygon>
			</Placemark>
			<Placemark>
				<name>1.4.155-24</name>
				<styleUrl>#msn_ylw-pushpin51111002</styleUrl>
				<ExtendedData>
					<SchemaData schemaUrl="#S_yura_poligono_DSSSSDDDDS00100">
						<SimpleData name="fid">40496</SimpleData>
						<SimpleData name="handle">268181</SimpleData>
						<SimpleData name="block">-1</SimpleData>
						<SimpleData name="etype">18</SimpleData>
						<SimpleData name="space">0</SimpleData>
						<SimpleData name="layer">MANZANAS</SimpleData>
						<SimpleData name="olinetype">bylayer</SimpleData>
						<SimpleData name="linetype"></SimpleData>
						<SimpleData name="color">127,127,255,255</SimpleData>
						<SimpleData name="ocolor">256</SimpleData>
						<SimpleData name="color24">-1</SimpleData>
						<SimpleData name="transparen">0</SimpleData>
						<SimpleData name="lweight">-1</SimpleData>
						<SimpleData name="linewidth">0.15</SimpleData>
						<SimpleData name="ltscale">1</SimpleData>
						<SimpleData name="visible">1</SimpleData>
						<SimpleData name="width">0</SimpleData>
						<SimpleData name="thickness">0</SimpleData>
						<SimpleData name="ext">(3:0,0,0.1)</SimpleData>
					</SchemaData>
				</ExtendedData>
				<Polygon>
					<outerBoundaryIs>
						<LinearRing>
							<coordinates>
								-71.60934581901404,-16.32572652294692,0 -71.60912782229167,-16.32593012661849,0 -71.60876555900039,-16.32549551633765,0 -71.60900330026676,-16.32533919353699,0 -71.60934581901404,-16.32572652294692,0 
							</coordinates>
						</LinearRing>
					</outerBoundaryIs>
				</Polygon>
			</Placemark>
			<Placemark>
				<name>1.4.155-25</name>
				<styleUrl>#msn_ylw-pushpin51111002</styleUrl>
				<Polygon>
					<tessellate>1</tessellate>
					<outerBoundaryIs>
						<LinearRing>
							<coordinates>
								-71.61040085551458,-16.32652488792549,0 -71.61020363860382,-16.32667945520968,0 -71.60983074846615,-16.32624006895055,0 -71.61001808022836,-16.32609386483301,0 -71.61040085551458,-16.32652488792549,0 
							</coordinates>
						</LinearRing>
					</outerBoundaryIs>
				</Polygon>
			</Placemark>
			<Placemark>
				<name>1.4.155-26</name>
				<styleUrl>#msn_ylw-pushpin51111002</styleUrl>
				<Polygon>
					<tessellate>1</tessellate>
					<outerBoundaryIs>
						<LinearRing>
							<coordinates>
								-71.61000468118552,-16.32607452723243,0 -71.60981433321814,-16.32621560307205,0 -71.60946328305175,-16.32580217632667,0 -71.60964294884846,-16.32565355591463,0 -71.61000468118552,-16.32607452723243,0 
							</coordinates>
						</LinearRing>
					</outerBoundaryIs>
				</Polygon>
			</Placemark>
			<Placemark>
				<name>1.4.155-27</name>
				<styleUrl>#msn_ylw-pushpin51111002</styleUrl>
				<ExtendedData>
					<SchemaData schemaUrl="#S_yura_poligono_DSSSSDDDDS00100">
						<SimpleData name="fid">40496</SimpleData>
						<SimpleData name="handle">268181</SimpleData>
						<SimpleData name="block">-1</SimpleData>
						<SimpleData name="etype">18</SimpleData>
						<SimpleData name="space">0</SimpleData>
						<SimpleData name="layer">MANZANAS</SimpleData>
						<SimpleData name="olinetype">bylayer</SimpleData>
						<SimpleData name="linetype"></SimpleData>
						<SimpleData name="color">127,127,255,255</SimpleData>
						<SimpleData name="ocolor">256</SimpleData>
						<SimpleData name="color24">-1</SimpleData>
						<SimpleData name="transparen">0</SimpleData>
						<SimpleData name="lweight">-1</SimpleData>
						<SimpleData name="linewidth">0.15</SimpleData>
						<SimpleData name="ltscale">1</SimpleData>
						<SimpleData name="visible">1</SimpleData>
						<SimpleData name="width">0</SimpleData>
						<SimpleData name="thickness">0</SimpleData>
						<SimpleData name="ext">(3:0,0,0.1)</SimpleData>
					</SchemaData>
				</ExtendedData>
				<Polygon>
					<outerBoundaryIs>
						<LinearRing>
							<coordinates>
								-71.60979990295863,-16.32537368061302,0 -71.60938800834884,-16.32568971110127,0 -71.60895298447407,-16.3252076133753,0 -71.60914392274594,-16.32507505066601,0 -71.60979990295863,-16.32537368061302,0 
							</coordinates>
						</LinearRing>
					</outerBoundaryIs>
				</Polygon>
			</Placemark>
			<Placemark>
				<name>1.4.155-28</name>
				<styleUrl>#msn_ylw-pushpin51111002</styleUrl>
				<Polygon>
					<tessellate>1</tessellate>
					<outerBoundaryIs>
						<LinearRing>
							<coordinates>
								-71.6106290493168,-16.32634013907838,0 -71.61043250584521,-16.32648471047856,0 -71.61007024668305,-16.32605664347987,0 -71.61027020514679,-16.3259142801464,0 -71.6106290493168,-16.32634013907838,0 
							</coordinates>
						</LinearRing>
					</outerBoundaryIs>
				</Polygon>
			</Placemark>
			<Placemark>
				<name>1.4.155-29</name>
				<styleUrl>#msn_ylw-pushpin51111002</styleUrl>
				<Polygon>
					<tessellate>1</tessellate>
					<outerBoundaryIs>
						<LinearRing>
							<coordinates>
								-71.61024122003909,-16.32588662805744,0 -71.61005207512193,-16.32603287754829,0 -71.60968581764679,-16.32560184184676,0 -71.60988034121759,-16.32545890770796,0 -71.61024122003909,-16.32588662805744,0 
							</coordinates>
						</LinearRing>
					</outerBoundaryIs>
				</Polygon>
			</Placemark>
			<Placemark>
				<name>1.4.155-30</name>
				<styleUrl>#msn_ylw-pushpin51111002</styleUrl>
				<Polygon>
					<tessellate>1</tessellate>
					<outerBoundaryIs>
						<LinearRing>
							<coordinates>
								-71.61086544917703,-16.32616338162875,0 -71.61068666036613,-16.32630568371246,0 -71.61031458279213,-16.32587614819797,0 -71.61047680319859,-16.32571922163214,0 -71.61086544917703,-16.32616338162875,0 
							</coordinates>
						</LinearRing>
					</outerBoundaryIs>
				</Polygon>
			</Placemark>
			<Placemark>
				<name>1.4.155-31</name>
				<styleUrl>#msn_ylw-pushpin51111002</styleUrl>
				<Polygon>
					<tessellate>1</tessellate>
					<outerBoundaryIs>
						<LinearRing>
							<coordinates>
								-71.61050139649122,-16.3256684774431,0 -71.61027031786416,-16.3258761261113,0 -71.6098861859433,-16.32543200110866,0 -71.60990844116667,-16.32541808653293,0 -71.61050139649122,-16.3256684774431,0 
							</coordinates>
						</LinearRing>
					</outerBoundaryIs>
				</Polygon>
			</Placemark>
			<Placemark>
				<name>1.4.155-32</name>
				<styleUrl>#msn_ylw-pushpin51111002</styleUrl>
				<Polygon>
					<tessellate>1</tessellate>
					<outerBoundaryIs>
						<LinearRing>
							<coordinates>
								-71.61111782079823,-16.32593752426093,0 -71.61092328858334,-16.32611665352344,0 -71.61084456858843,-16.32610517924313,0 -71.61050736330748,-16.32569887139423,0 -71.61053308414169,-16.32567254821571,0 -71.61111782079823,-16.32593752426093,0 
							</coordinates>
						</LinearRing>
					</outerBoundaryIs>
				</Polygon>
			</Placemark>
			<Placemark>
				<name>1.4.155-33</name>
				<styleUrl>#msn_ylw-pushpin51111002</styleUrl>
				<Polygon>
					<tessellate>1</tessellate>
					<outerBoundaryIs>
						<LinearRing>
							<coordinates>
								-71.60967311793169,-16.32475700226772,0 -71.61002193733799,-16.32517025351641,0 -71.60995615793777,-16.3252272023223,0 -71.60933601704745,-16.32495244532347,0 -71.60967311793169,-16.32475700226772,0 
							</coordinates>
						</LinearRing>
					</outerBoundaryIs>
				</Polygon>
			</Placemark>
			<Placemark>
				<name>1.4.155-34</name>
				<styleUrl>#msn_ylw-pushpin51111002</styleUrl>
				<ExtendedData>
					<SchemaData schemaUrl="#S_yura_poligono_DSSSSDDDDS00100">
						<SimpleData name="fid">40478</SimpleData>
						<SimpleData name="handle">268163</SimpleData>
						<SimpleData name="block">-1</SimpleData>
						<SimpleData name="etype">18</SimpleData>
						<SimpleData name="space">0</SimpleData>
						<SimpleData name="layer">MANZANAS</SimpleData>
						<SimpleData name="olinetype">bylayer</SimpleData>
						<SimpleData name="linetype"></SimpleData>
						<SimpleData name="color">127,127,255,255</SimpleData>
						<SimpleData name="ocolor">256</SimpleData>
						<SimpleData name="color24">-1</SimpleData>
						<SimpleData name="transparen">0</SimpleData>
						<SimpleData name="lweight">-1</SimpleData>
						<SimpleData name="linewidth">0.15</SimpleData>
						<SimpleData name="ltscale">1</SimpleData>
						<SimpleData name="visible">1</SimpleData>
						<SimpleData name="width">0</SimpleData>
						<SimpleData name="thickness">0</SimpleData>
						<SimpleData name="ext">(3:0,0,0.1)</SimpleData>
					</SchemaData>
				</ExtendedData>
				<Polygon>
					<outerBoundaryIs>
						<LinearRing>
							<coordinates>
								-71.61042736701231,-16.32427816660798,0 -71.61046999245627,-16.32434376837606,0 -71.6098507935082,-16.32485412539788,0 -71.60972468810624,-16.32472117265807,0 -71.61042736701231,-16.32427816660798,0 
							</coordinates>
						</LinearRing>
					</outerBoundaryIs>
				</Polygon>
			</Placemark>
			<Placemark>
				<name>1.4.155-35</name>
				<styleUrl>#msn_ylw-pushpin51111002</styleUrl>
				<ExtendedData>
					<SchemaData schemaUrl="#S_yura_poligono_DSSSSDDDDS00100">
						<SimpleData name="fid">40485</SimpleData>
						<SimpleData name="handle">268170</SimpleData>
						<SimpleData name="block">-1</SimpleData>
						<SimpleData name="etype">18</SimpleData>
						<SimpleData name="space">0</SimpleData>
						<SimpleData name="layer">MANZANAS</SimpleData>
						<SimpleData name="olinetype">bylayer</SimpleData>
						<SimpleData name="linetype"></SimpleData>
						<SimpleData name="color">127,127,255,255</SimpleData>
						<SimpleData name="ocolor">256</SimpleData>
						<SimpleData name="color24">-1</SimpleData>
						<SimpleData name="transparen">0</SimpleData>
						<SimpleData name="lweight">-1</SimpleData>
						<SimpleData name="linewidth">0.15</SimpleData>
						<SimpleData name="ltscale">1</SimpleData>
						<SimpleData name="visible">1</SimpleData>
						<SimpleData name="width">0</SimpleData>
						<SimpleData name="thickness">0</SimpleData>
						<SimpleData name="ext">(3:0,0,0.1)</SimpleData>
					</SchemaData>
				</ExtendedData>
				<Polygon>
					<outerBoundaryIs>
						<LinearRing>
							<coordinates>
								-71.61087957551145,-16.32447854392073,0 -71.61005938395763,-16.32512152131201,0 -71.60987555780861,-16.32489104689133,0 -71.61067949922914,-16.32425171669178,0 -71.61087957551145,-16.32447854392073,0 
							</coordinates>
						</LinearRing>
					</outerBoundaryIs>
				</Polygon>
			</Placemark>
			<Placemark>
				<name>1.4.155-36</name>
				<styleUrl>#msn_ylw-pushpin51111002</styleUrl>
				<Polygon>
					<tessellate>1</tessellate>
					<outerBoundaryIs>
						<LinearRing>
							<coordinates>
								-71.61088828342743,-16.32536350475477,0 -71.61067957413368,-16.32553432008242,0 -71.61008740678582,-16.32528156207887,0 -71.61051186559686,-16.32493440099046,0 -71.61088828342743,-16.32536350475477,0 
							</coordinates>
						</LinearRing>
					</outerBoundaryIs>
				</Polygon>
			</Placemark>
			<Placemark>
				<name>1.4.155-37</name>
				<styleUrl>#msn_ylw-pushpin51111002</styleUrl>
				<Polygon>
					<tessellate>1</tessellate>
					<outerBoundaryIs>
						<LinearRing>
							<coordinates>
								-71.61110220778485,-16.32518055867074,0 -71.61092453042818,-16.32531962784654,0 -71.61055906501473,-16.3248886049806,0 -71.6107375971681,-16.32475030371654,0 -71.61110220778485,-16.32518055867074,0 
							</coordinates>
						</LinearRing>
					</outerBoundaryIs>
				</Polygon>
			</Placemark>
			<Placemark>
				<name>1.4.155-38</name>
				<styleUrl>#msn_ylw-pushpin51111002</styleUrl>
				<Polygon>
					<tessellate>1</tessellate>
					<outerBoundaryIs>
						<LinearRing>
							<coordinates>
								-71.61149539560215,-16.3256197068888,0 -71.6113025814394,-16.32578786986569,0 -71.61071193519852,-16.32553862039833,0 -71.6111228308108,-16.32520525839982,0 -71.61149539560215,-16.3256197068888,0 
							</coordinates>
						</LinearRing>
					</outerBoundaryIs>
				</Polygon>
			</Placemark>
			<Placemark>
				<name>1.4.155-39</name>
				<styleUrl>#msn_ylw-pushpin51111002</styleUrl>
				<Polygon>
					<tessellate>1</tessellate>
					<outerBoundaryIs>
						<LinearRing>
							<coordinates>
								-71.61133904805247,-16.32499300671821,0 -71.61115871047792,-16.32513213434248,0 -71.61079287915263,-16.32471191993011,0 -71.61098482178066,-16.32456649704774,0 -71.61133904805247,-16.32499300671821,0 
							</coordinates>
						</LinearRing>
					</outerBoundaryIs>
				</Polygon>
			</Placemark>
			<Placemark>
				<name>1.4.155-40</name>
				<styleUrl>#msn_ylw-pushpin51111002</styleUrl>
				<Polygon>
					<tessellate>1</tessellate>
					<outerBoundaryIs>
						<LinearRing>
							<coordinates>
								-71.61172716846934,-16.32544545063583,0 -71.61154484210087,-16.32558448804122,0 -71.61117405022654,-16.3251556655617,0 -71.61136475410117,-16.32500887245662,0 -71.61172716846934,-16.32544545063583,0 
							</coordinates>
						</LinearRing>
					</outerBoundaryIs>
				</Polygon>
			</Placemark>
			<Placemark>
				<name>1.4.155-41</name>
				<styleUrl>#msn_ylw-pushpin51111002</styleUrl>
				<ExtendedData>
					<SchemaData schemaUrl="#S_yura_poligono_DSSSSDDDDS00100">
						<SimpleData name="fid">40513</SimpleData>
						<SimpleData name="handle">268198</SimpleData>
						<SimpleData name="block">-1</SimpleData>
						<SimpleData name="etype">18</SimpleData>
						<SimpleData name="space">0</SimpleData>
						<SimpleData name="layer">MANZANAS</SimpleData>
						<SimpleData name="olinetype">bylayer</SimpleData>
						<SimpleData name="linetype"></SimpleData>
						<SimpleData name="color">127,127,255,255</SimpleData>
						<SimpleData name="ocolor">256</SimpleData>
						<SimpleData name="color24">-1</SimpleData>
						<SimpleData name="transparen">0</SimpleData>
						<SimpleData name="lweight">-1</SimpleData>
						<SimpleData name="linewidth">0.15</SimpleData>
						<SimpleData name="ltscale">1</SimpleData>
						<SimpleData name="visible">1</SimpleData>
						<SimpleData name="width">0</SimpleData>
						<SimpleData name="thickness">0</SimpleData>
						<SimpleData name="ext">(3:0,0,0.1)</SimpleData>
					</SchemaData>
				</ExtendedData>
				<Polygon>
					<outerBoundaryIs>
						<LinearRing>
							<coordinates>
								-71.61161472079702,-16.32390911689345,0 -71.61094437769862,-16.32443087401353,0 -71.61074251217275,-16.32419877642113,0 -71.6114223780466,-16.32369355525521,0 -71.61161472079702,-16.32390911689345,0 
							</coordinates>
						</LinearRing>
					</outerBoundaryIs>
				</Polygon>
			</Placemark>
			<Placemark>
				<name>1.4.155-42</name>
				<styleUrl>#msn_ylw-pushpin51111002</styleUrl>
				<Polygon>
					<tessellate>1</tessellate>
					<outerBoundaryIs>
						<LinearRing>
							<coordinates>
								-71.61156786114411,-16.32480406122797,0 -71.61137942992713,-16.32495712696882,0 -71.61102572739446,-16.32452756986396,0 -71.61120235238093,-16.32438656610373,0 -71.61156786114411,-16.32480406122797,0 
							</coordinates>
						</LinearRing>
					</outerBoundaryIs>
				</Polygon>
			</Placemark>
			<Placemark>
				<name>1.4.155-43</name>
				<styleUrl>#msn_ylw-pushpin51111002</styleUrl>
				<Polygon>
					<tessellate>1</tessellate>
					<outerBoundaryIs>
						<LinearRing>
							<coordinates>
								-71.61158396796429,-16.32482577983929,0 -71.61196258184857,-16.32527490210246,0 -71.61177136896121,-16.3254283751121,0 -71.61140984685854,-16.32497656402881,0 -71.61158396796429,-16.32482577983929,0 
							</coordinates>
						</LinearRing>
					</outerBoundaryIs>
				</Polygon>
			</Placemark>
			<Placemark>
				<name>1.4.155-44</name>
				<styleUrl>#msn_ylw-pushpin51111002</styleUrl>
				<Polygon>
					<tessellate>1</tessellate>
					<outerBoundaryIs>
						<LinearRing>
							<coordinates>
								-71.61179963641311,-16.32461521424268,0 -71.61160418728474,-16.32477388845939,0 -71.61124717692417,-16.3243506950122,0 -71.61143525303679,-16.32419540473289,0 -71.61179963641311,-16.32461521424268,0 
							</coordinates>
						</LinearRing>
					</outerBoundaryIs>
				</Polygon>
			</Placemark>
			<Placemark>
				<name>1.4.155-45</name>
				<styleUrl>#msn_ylw-pushpin51111002</styleUrl>
				<Polygon>
					<tessellate>1</tessellate>
					<outerBoundaryIs>
						<LinearRing>
							<coordinates>
								-71.6121977305455,-16.32506765972913,0 -71.61200695087963,-16.3252196520158,0 -71.61163655810986,-16.32479109467967,0 -71.6118149171471,-16.32464777185585,0 -71.6121977305455,-16.32506765972913,0 
							</coordinates>
						</LinearRing>
					</outerBoundaryIs>
				</Polygon>
			</Placemark>
			<Placemark>
				<name>1.4.155-46</name>
				<styleUrl>#msn_ylw-pushpin51111002</styleUrl>
				<Polygon>
					<tessellate>1</tessellate>
					<outerBoundaryIs>
						<LinearRing>
							<coordinates>
								-71.61205237435713,-16.32441295716204,0 -71.61183473716655,-16.32458331255312,0 -71.61148046767316,-16.32415541637522,0 -71.61168817296237,-16.32398466982895,0 -71.61205237435713,-16.32441295716204,0 
							</coordinates>
						</LinearRing>
					</outerBoundaryIs>
				</Polygon>
			</Placemark>
			<Placemark>
				<name>1.4.155-47</name>
				<styleUrl>#msn_ylw-pushpin51111002</styleUrl>
				<Polygon>
					<tessellate>1</tessellate>
					<outerBoundaryIs>
						<LinearRing>
							<coordinates>
								-71.61244857349776,-16.32486696533326,0 -71.61223476804692,-16.32504586952503,0 -71.61185779453372,-16.32460944225482,0 -71.61208067207508,-16.32443773681818,0 -71.61244857349776,-16.32486696533326,0 
							</coordinates>
						</LinearRing>
					</outerBoundaryIs>
				</Polygon>
			</Placemark>
			<Placemark>
				<name>1.4.155-48</name>
				<styleUrl>#msn_ylw-pushpin51111002</styleUrl>
				<Polygon>
					<tessellate>1</tessellate>
					<outerBoundaryIs>
						<LinearRing>
							<coordinates>
								-71.61277341338389,-16.32524587618278,0 -71.61241962373371,-16.32551694253206,0 -71.61218137572646,-16.32524723095625,0 -71.61251965635518,-16.32495682193611,0 -71.61277341338389,-16.32524587618278,0 
							</coordinates>
						</LinearRing>
					</outerBoundaryIs>
				</Polygon>
			</Placemark>
			<Placemark>
				<name>1.4.155-49</name>
				<styleUrl>#msn_ylw-pushpin51111002</styleUrl>
				<Polygon>
					<tessellate>1</tessellate>
					<outerBoundaryIs>
						<LinearRing>
							<coordinates>
								-71.61302898484733,-16.32553106005182,0 -71.61266272537742,-16.32580098060154,0 -71.61243851434149,-16.32555397311448,0 -71.61279623369767,-16.32527627114613,0 -71.61302898484733,-16.32553106005182,0 
							</coordinates>
						</LinearRing>
					</outerBoundaryIs>
				</Polygon>
			</Placemark>
			<Placemark>
				<name>1.4.155-50</name>
				<styleUrl>#msn_ylw-pushpin51111002</styleUrl>
				<Polygon>
					<tessellate>1</tessellate>
					<outerBoundaryIs>
						<LinearRing>
							<coordinates>
								-71.61328401788307,-16.32584803598737,0 -71.61292979312361,-16.32610976935197,0 -71.61269528280471,-16.32585144080306,0 -71.61302621770447,-16.32556529913584,0 -71.61328401788307,-16.32584803598737,0 
							</coordinates>
						</LinearRing>
					</outerBoundaryIs>
				</Polygon>
			</Placemark>
			<Placemark>
				<name>1.4.155-51</name>
				<styleUrl>#msn_ylw-pushpin51111002</styleUrl>
				<Polygon>
					<tessellate>1</tessellate>
					<outerBoundaryIs>
						<LinearRing>
							<coordinates>
								-71.61230615797592,-16.32413689705337,0 -71.61243472601234,-16.32410552134728,0 -71.61257957216512,-16.32413430820628,0 -71.6122296976008,-16.32439992655234,0 -71.61202252389715,-16.32416550825494,0 -71.61222158864665,-16.32406004986743,0 -71.61230615797592,-16.32413689705337,0 
							</coordinates>
						</LinearRing>
					</outerBoundaryIs>
				</Polygon>
			</Placemark>
			<Placemark>
				<name>1.4.155-52</name>
				<styleUrl>#msn_ylw-pushpin51111002</styleUrl>
				<Polygon>
					<tessellate>1</tessellate>
					<outerBoundaryIs>
						<LinearRing>
							<coordinates>
								-71.61255035390136,-16.32423876500226,0 -71.61260820559249,-16.32428637788151,0 -71.61267295308768,-16.32423910265506,0 -71.61273350378254,-16.32430835433439,0 -71.61239043093084,-16.32458409848348,0 -71.61226976331443,-16.3244517842735,0 -71.61255035390136,-16.32423876500226,0 
							</coordinates>
						</LinearRing>
					</outerBoundaryIs>
				</Polygon>
			</Placemark>
			<Placemark>
				<name>1.4.155-53</name>
				<styleUrl>#msn_ylw-pushpin51111002</styleUrl>
				<Polygon>
					<tessellate>1</tessellate>
					<outerBoundaryIs>
						<LinearRing>
							<coordinates>
								-71.61297485492921,-16.32457799434507,0 -71.61263127450673,-16.32486167315525,0 -71.61240915933428,-16.32461851900706,0 -71.61276975147129,-16.32433239256145,0 -71.61297485492921,-16.32457799434507,0 
							</coordinates>
						</LinearRing>
					</outerBoundaryIs>
				</Polygon>
			</Placemark>
			<Placemark>
				<name>1.4.155-54</name>
				<styleUrl>#msn_ylw-pushpin51111002</styleUrl>
				<Polygon>
					<tessellate>1</tessellate>
					<outerBoundaryIs>
						<LinearRing>
							<coordinates>
								-71.61323436575395,-16.32487492274077,0 -71.6128671302249,-16.32514611137216,0 -71.61265570260271,-16.324899616179,0 -71.61299765309016,-16.32461183083144,0 -71.61323436575395,-16.32487492274077,0 
							</coordinates>
						</LinearRing>
					</outerBoundaryIs>
				</Polygon>
			</Placemark>
			<Placemark>
				<name>1.4.155-55</name>
				<styleUrl>#msn_ylw-pushpin51111002</styleUrl>
				<Polygon>
					<tessellate>1</tessellate>
					<outerBoundaryIs>
						<LinearRing>
							<coordinates>
								-71.61347740085638,-16.32516148391301,0 -71.61312601707337,-16.32545151046492,0 -71.6129016562048,-16.3251980443224,0 -71.61326060694675,-16.32490120863676,0 -71.61347740085638,-16.32516148391301,0 
							</coordinates>
						</LinearRing>
					</outerBoundaryIs>
				</Polygon>
			</Placemark>
			<Placemark>
				<name>1.4.155-56</name>
				<styleUrl>#msn_ylw-pushpin51111002</styleUrl>
				<Polygon>
					<tessellate>1</tessellate>
					<outerBoundaryIs>
						<LinearRing>
							<coordinates>
								-71.61376729962153,-16.32547599616011,0 -71.6134057806176,-16.32577389282936,0 -71.61316577330119,-16.32547905045511,0 -71.61351193638156,-16.32519901660534,0 -71.61376729962153,-16.32547599616011,0 
							</coordinates>
						</LinearRing>
					</outerBoundaryIs>
				</Polygon>
			</Placemark>
			<Placemark>
				<name>1.4.155-57</name>
				<styleUrl>#msn_ylw-pushpin51111002</styleUrl>
				<Polygon>
					<tessellate>1</tessellate>
					<outerBoundaryIs>
						<LinearRing>
							<coordinates>
								-71.61407095198233,-16.32585447453556,0 -71.61371950836251,-16.32612226585873,0 -71.61350138520606,-16.32584972073787,0 -71.61383139390396,-16.32557178578947,0 -71.61407095198233,-16.32585447453556,0 
							</coordinates>
						</LinearRing>
					</outerBoundaryIs>
				</Polygon>
			</Placemark>
			<Placemark>
				<name>1.4.155-58</name>
				<styleUrl>#msn_ylw-pushpin51111002</styleUrl>
				<Polygon>
					<tessellate>1</tessellate>
					<outerBoundaryIs>
						<LinearRing>
							<coordinates>
								-71.6141003151884,-16.3258869277676,0 -71.61418876927853,-16.32598595812353,0 -71.61383570923596,-16.32627341459519,0 -71.61374561334954,-16.32616420111627,0 -71.6141003151884,-16.3258869277676,0 
							</coordinates>
						</LinearRing>
					</outerBoundaryIs>
				</Polygon>
			</Placemark>
			<Placemark>
				<name>1.4.155-59</name>
				<styleUrl>#msn_ylw-pushpin51111002</styleUrl>
				<Polygon>
					<tessellate>1</tessellate>
					<outerBoundaryIs>
						<LinearRing>
							<coordinates>
								-71.61447346862528,-16.32630208572927,0 -71.61411850982267,-16.3265849217128,0 -71.61386405751379,-16.32631115481595,0 -71.6142221817735,-16.32602229813186,0 -71.61447346862528,-16.32630208572927,0 
							</coordinates>
						</LinearRing>
					</outerBoundaryIs>
				</Polygon>
			</Placemark>
			<Placemark>
				<name>1.4.155-60</name>
				<styleUrl>#msn_ylw-pushpin51111002</styleUrl>
				<Polygon>
					<tessellate>1</tessellate>
					<outerBoundaryIs>
						<LinearRing>
							<coordinates>
								-71.61479196774324,-16.32668825854221,0 -71.61444951621966,-16.3269646897853,0 -71.61419128072873,-16.32668157606657,0 -71.61454915537564,-16.32640257414748,0 -71.61479196774324,-16.32668825854221,0 
							</coordinates>
						</LinearRing>
					</outerBoundaryIs>
				</Polygon>
			</Placemark>
			<Placemark>
				<name>1.4.155-61</name>
				<styleUrl>#msn_ylw-pushpin51111002</styleUrl>
				<Polygon>
					<tessellate>1</tessellate>
					<outerBoundaryIs>
						<LinearRing>
							<coordinates>
								-71.61503667640206,-16.32697730280186,0 -71.61468813398699,-16.32726232649262,0 -71.61447911726212,-16.32700038755029,0 -71.61481169577533,-16.32671587238572,0 -71.61503667640206,-16.32697730280186,0 
							</coordinates>
						</LinearRing>
					</outerBoundaryIs>
				</Polygon>
			</Placemark>
			<Placemark>
				<name>1.4.155-62</name>
				<styleUrl>#msn_ylw-pushpin51111002</styleUrl>
				<Polygon>
					<tessellate>1</tessellate>
					<outerBoundaryIs>
						<LinearRing>
							<coordinates>
								-71.61527567689858,-16.32725691327147,0 -71.61495780258784,-16.32755406595178,0 -71.61471868137802,-16.32729936783954,0 -71.61505799000322,-16.32700403621652,0 -71.61527567689858,-16.32725691327147,0 
							</coordinates>
						</LinearRing>
					</outerBoundaryIs>
				</Polygon>
			</Placemark>
			<Placemark>
				<name>1.4.155-63</name>
				<styleUrl>#msn_ylw-pushpin51111002</styleUrl>
				<Polygon>
					<tessellate>1</tessellate>
					<outerBoundaryIs>
						<LinearRing>
							<coordinates>
								-71.61552920340424,-16.32756375373123,0 -71.61517645000065,-16.32783043814426,0 -71.61498192531565,-16.32758494508007,0 -71.6153056138692,-16.32730217937211,0 -71.61552920340424,-16.32756375373123,0 
							</coordinates>
						</LinearRing>
					</outerBoundaryIs>
				</Polygon>
			</Placemark>
			<Placemark>
				<name>1.4.155-64</name>
				<styleUrl>#msn_ylw-pushpin51111002</styleUrl>
				<Polygon>
					<tessellate>1</tessellate>
					<outerBoundaryIs>
						<LinearRing>
							<coordinates>
								-71.61591466434096,-16.32799422577035,0 -71.61541586573549,-16.32812115971668,0 -71.61531026908527,-16.32796428137326,0 -71.61522248715991,-16.32786544328558,0 -71.61555571454485,-16.32759929359224,0 -71.61591466434096,-16.32799422577035,0 
							</coordinates>
						</LinearRing>
					</outerBoundaryIs>
				</Polygon>
			</Placemark>
			<Placemark>
				<name>1.4.155-65</name>
				<styleUrl>#msn_ylw-pushpin51111002</styleUrl>
				<Polygon>
					<tessellate>1</tessellate>
					<outerBoundaryIs>
						<LinearRing>
							<coordinates>
								-71.6162329085883,-16.32751423852762,0 -71.6164338214946,-16.32773955360138,0 -71.61627640714769,-16.3278844937628,0 -71.61606952185757,-16.32795700604724,0 -71.61592399119539,-16.32777796179652,0 -71.6162329085883,-16.32751423852762,0 
							</coordinates>
						</LinearRing>
					</outerBoundaryIs>
				</Polygon>
			</Placemark>
			<Placemark>
				<name>1.4.155-66</name>
				<styleUrl>#msn_ylw-pushpin51111002</styleUrl>
				<Polygon>
					<tessellate>1</tessellate>
					<outerBoundaryIs>
						<LinearRing>
							<coordinates>
								-71.61605495715362,-16.32718730079208,0 -71.61617181457159,-16.32733695639192,0 -71.6162141524005,-16.32747991668273,0 -71.61588308525126,-16.32773429739088,0 -71.61567103118118,-16.32749182637167,0 -71.61605495715362,-16.32718730079208,0 
							</coordinates>
						</LinearRing>
					</outerBoundaryIs>
				</Polygon>
			</Placemark>
			<Placemark>
				<name>1.4.155-67</name>
				<styleUrl>#msn_ylw-pushpin51111002</styleUrl>
				<Polygon>
					<tessellate>1</tessellate>
					<outerBoundaryIs>
						<LinearRing>
							<coordinates>
								-71.61571736463243,-16.32694067039706,0 -71.61586839502581,-16.3268737685759,0 -71.61606118436497,-16.32710566235005,0 -71.61564952721049,-16.32746450564298,0 -71.61542765433174,-16.32719777367481,0 -71.61571736463243,-16.32694067039706,0 
							</coordinates>
						</LinearRing>
					</outerBoundaryIs>
				</Polygon>
			</Placemark>
			<Placemark>
				<name>1.4.155-68</name>
				<styleUrl>#msn_ylw-pushpin51111002</styleUrl>
				<Polygon>
					<tessellate>1</tessellate>
					<outerBoundaryIs>
						<LinearRing>
							<coordinates>
								-71.61582732640349,-16.32682957836895,0 -71.61538002936177,-16.32715659764344,0 -71.61516288268709,-16.32692049767405,0 -71.61560014045816,-16.32656115818789,0 -71.61582732640349,-16.32682957836895,0 
							</coordinates>
						</LinearRing>
					</outerBoundaryIs>
				</Polygon>
			</Placemark>
			<Placemark>
				<name>1.4.155-69</name>
				<styleUrl>#msn_ylw-pushpin51111002</styleUrl>
				<Polygon>
					<tessellate>1</tessellate>
					<outerBoundaryIs>
						<LinearRing>
							<coordinates>
								-71.61535545879741,-16.3262791101132,0 -71.6153632879136,-16.32628413485122,0 -71.61557063500423,-16.32652209274805,0 -71.61513662781741,-16.32689043544847,0 -71.61493126053986,-16.32662171090548,0 -71.61535545879741,-16.3262791101132,0 
							</coordinates>
						</LinearRing>
					</outerBoundaryIs>
				</Polygon>
			</Placemark>
			<Placemark>
				<name>1.4.155-70</name>
				<styleUrl>#msn_ylw-pushpin51111002</styleUrl>
				<Polygon>
					<tessellate>1</tessellate>
					<outerBoundaryIs>
						<LinearRing>
							<coordinates>
								-71.61507864623414,-16.32597666113858,0 -71.61533682595686,-16.32627879033659,0 -71.61517843817447,-16.32634059071449,0 -71.61488761352958,-16.32658039617648,0 -71.61465778507169,-16.32630744490732,0 -71.61507864623414,-16.32597666113858,0 
							</coordinates>
						</LinearRing>
					</outerBoundaryIs>
				</Polygon>
			</Placemark>
			<Placemark>
				<name>1.4.155-71</name>
				<styleUrl>#msn_ylw-pushpin51111002</styleUrl>
				<Polygon>
					<tessellate>1</tessellate>
					<outerBoundaryIs>
						<LinearRing>
							<coordinates>
								-71.61480527369909,-16.32605649139355,0 -71.61456723292503,-16.3262146717486,0 -71.61394538399205,-16.32548691566647,0 -71.61418270575652,-16.32530517101174,0 -71.61480527369909,-16.32605649139355,0 
							</coordinates>
						</LinearRing>
					</outerBoundaryIs>
				</Polygon>
			</Placemark>
			<Placemark>
				<name>1.4.155-72</name>
				<styleUrl>#msn_ylw-pushpin51111002</styleUrl>
				<Polygon>
					<tessellate>1</tessellate>
					<outerBoundaryIs>
						<LinearRing>
							<coordinates>
								-71.61650965297605,-16.32799485113824,0 -71.61654740025622,-16.32811588773668,0 -71.61685985676725,-16.32802493387432,0 -71.61690759173734,-16.32817883878464,0 -71.61647362198057,-16.32829270905708,0 -71.61639200356025,-16.32802331033613,0 -71.61650965297605,-16.32799485113824,0 
							</coordinates>
						</LinearRing>
					</outerBoundaryIs>
				</Polygon>
			</Placemark>
			<Placemark>
				<name>1.4.155-73</name>
				<styleUrl>#msn_ylw-pushpin51111002</styleUrl>
				<Polygon>
					<tessellate>1</tessellate>
					<outerBoundaryIs>
						<LinearRing>
							<coordinates>
								-71.61641076412153,-16.32824573069558,0 -71.61614814140975,-16.3283214863372,0 -71.61609129960529,-16.32808646913923,0 -71.61634980029756,-16.32801285233434,0 -71.61641076412153,-16.32824573069558,0 
							</coordinates>
						</LinearRing>
					</outerBoundaryIs>
				</Polygon>
			</Placemark>
			<Placemark>
				<name>1.4.155-74</name>
				<styleUrl>#msn_ylw-pushpin51111002</styleUrl>
				<Polygon>
					<tessellate>1</tessellate>
					<outerBoundaryIs>
						<LinearRing>
							<coordinates>
								-71.6160549653888,-16.32839377898668,0 -71.61595884779337,-16.32842394649499,0 -71.6159739497101,-16.32864243018248,0 -71.61583929554681,-16.32867745925758,0 -71.61572074915026,-16.32818204528385,0 -71.61594493205961,-16.32811260832501,0 -71.6160549653888,-16.32839377898668,0 
							</coordinates>
						</LinearRing>
					</outerBoundaryIs>
				</Polygon>
			</Placemark>
			<Placemark>
				<name>1.4.155-75</name>
				<styleUrl>#msn_ylw-pushpin51111002</styleUrl>
				<Polygon>
					<tessellate>1</tessellate>
					<outerBoundaryIs>
						<LinearRing>
							<coordinates>
								-71.61581132876255,-16.32874115436076,0 -71.61556706794049,-16.32878280849397,0 -71.6154372810321,-16.32827244783789,0 -71.61565517983026,-16.32821406256156,0 -71.61581132876255,-16.32874115436076,0 
							</coordinates>
						</LinearRing>
					</outerBoundaryIs>
				</Polygon>
			</Placemark>
			<Placemark>
				<name>1.4.155-76</name>
				<styleUrl>#msn_ylw-pushpin51111002</styleUrl>
				<Polygon>
					<tessellate>1</tessellate>
					<outerBoundaryIs>
						<LinearRing>
							<coordinates>
								-71.61549970663131,-16.32874765270778,0 -71.61526613132854,-16.32880925346838,0 -71.61512211182517,-16.32834481853203,0 -71.61535841637335,-16.32827145243936,0 -71.61549970663131,-16.32874765270778,0 
							</coordinates>
						</LinearRing>
					</outerBoundaryIs>
				</Polygon>
			</Placemark>
			<Placemark>
				<name>1.4.155-77</name>
				<styleUrl>#msn_ylw-pushpin51111002</styleUrl>
				<Polygon>
					<tessellate>1</tessellate>
					<outerBoundaryIs>
						<LinearRing>
							<coordinates>
								-71.61364298226465,-16.32844888022979,0 -71.61389751205054,-16.3283629637851,0 -71.6141152362336,-16.3283932393922,0 -71.61461060723116,-16.32869320855824,0 -71.61413942124672,-16.32874836602758,0 -71.61404366520607,-16.32864217051563,0 -71.61376299452263,-16.32868640868029,0 -71.61350119538206,-16.32879076572363,0 -71.61330948298543,-16.32858878308548,0 -71.61364298226465,-16.32844888022979,0 
							</coordinates>
						</LinearRing>
					</outerBoundaryIs>
				</Polygon>
			</Placemark>
			<Placemark>
				<name>1.4.155-78</name>
				<styleUrl>#msn_ylw-pushpin51111002</styleUrl>
				<Polygon>
					<tessellate>1</tessellate>
					<outerBoundaryIs>
						<LinearRing>
							<coordinates>
								-71.61327360751727,-16.32894929800346,0 -71.61321281888696,-16.32904770929234,0 -71.61314084138871,-16.32919023063509,0 -71.61310491989612,-16.32934240750389,0 -71.61307498312549,-16.32946369370787,0 -71.61310664130004,-16.3296260413909,0 -71.61282674810495,-16.3296796591148,0 -71.61278733714609,-16.32950481484388,0 -71.61280726307966,-16.32930630821941,0 -71.61286163288543,-16.32911808854254,0 -71.61295744362945,-16.32890803889152,0 -71.61309567448748,-16.32873797448338,0 -71.61327360751727,-16.32894929800346,0 
							</coordinates>
						</LinearRing>
					</outerBoundaryIs>
				</Polygon>
			</Placemark>
			<Placemark>
				<name>1.4.155-79</name>
				<styleUrl>#msn_ylw-pushpin51111002</styleUrl>
				<Polygon>
					<tessellate>1</tessellate>
					<outerBoundaryIs>
						<LinearRing>
							<coordinates>
								-71.61473921284384,-16.328009413803,0 -71.61446767463823,-16.32807353064285,0 -71.61356248897749,-16.32699045865865,0 -71.61373099952485,-16.32687928645834,0 -71.61473921284384,-16.328009413803,0 
							</coordinates>
						</LinearRing>
					</outerBoundaryIs>
				</Polygon>
			</Placemark>
			<Placemark>
				<name>1.4.155-80</name>
				<styleUrl>#msn_ylw-pushpin51111002</styleUrl>
				<Polygon>
					<tessellate>1</tessellate>
					<outerBoundaryIs>
						<LinearRing>
							<coordinates>
								-71.61349991710388,-16.32764464975004,0 -71.61379911930047,-16.3274373972725,0 -71.61434867765618,-16.32807266539634,0 -71.61394911813649,-16.32819686834651,0 -71.61320604029005,-16.32848979931392,0 -71.61306637527119,-16.3283054963353,0 -71.61320694845932,-16.32823204080433,0 -71.61362618716966,-16.32809858356132,0 -71.61400304376315,-16.32796165516573,0 -71.613733332823,-16.32770122104285,0 -71.61373683720304,-16.32770512881864,0 -71.61332068833835,-16.3280629931412,0 -71.61304604427723,-16.32828064994611,0 -71.61292764256316,-16.32811033543064,0 -71.61349991710388,-16.32764464975004,0 
							</coordinates>
						</LinearRing>
					</outerBoundaryIs>
				</Polygon>
			</Placemark>
			<Placemark>
				<name>1.4.155-81</name>
				<styleUrl>#msn_ylw-pushpin51111002</styleUrl>
				<Polygon>
					<tessellate>1</tessellate>
					<outerBoundaryIs>
						<LinearRing>
							<coordinates>
								-71.61282012557037,-16.328422654903,0 -71.61243060291339,-16.3287947138536,0 -71.6121297263239,-16.32901492983703,0 -71.61214945068002,-16.32903934254595,0 -71.61243085519055,-16.32937266243688,0 -71.61253463536731,-16.32901236809831,0 -71.6126996319889,-16.32870085278725,0 -71.6128705851991,-16.32849781990174,0 -71.61299915294732,-16.328642805034,0 -71.61292473086715,-16.32871293791843,0 -71.61275825161566,-16.32900551813017,0 -71.61268855021375,-16.32927663439804,0 -71.61265532305319,-16.32970743066147,0 -71.61246146489786,-16.32978185698273,0 -71.61180366957446,-16.32898959602978,0 -71.6127022603268,-16.32829108264871,0 -71.61282012557037,-16.328422654903,0 
							</coordinates>
						</LinearRing>
					</outerBoundaryIs>
				</Polygon>
			</Placemark>
			<Placemark>
				<name>1.4.199-29</name>
				<styleUrl>#msn_ylw-pushpin51111002</styleUrl>
				<Polygon>
					<tessellate>1</tessellate>
					<outerBoundaryIs>
						<LinearRing>
							<coordinates>
							</coordinates>
						</LinearRing>
					</outerBoundaryIs>
				</Polygon>
			</Placemark>
			<Placemark>
				<name>1.4.300-1</name>
				<styleUrl>#msn_ylw-pushpin51111002</styleUrl>
				<Polygon>
					<tessellate>1</tessellate>
					<outerBoundaryIs>
						<LinearRing>
							<coordinates>
								-71.63315991880937,-16.35414356049168,0 -71.63276984195622,-16.35423748123699,0 -71.63259929906008,-16.35340682127412,0 -71.63294324773895,-16.3532331935278,0 -71.63315991880937,-16.35414356049168,0 
							</coordinates>
						</LinearRing>
					</outerBoundaryIs>
				</Polygon>
			</Placemark>
			<Placemark>
				<name>1.4.300-2</name>
				<styleUrl>#msn_ylw-pushpin51111002</styleUrl>
				<Polygon>
					<tessellate>1</tessellate>
					<outerBoundaryIs>
						<LinearRing>
							<coordinates>
								-71.63333961748738,-16.35456162509857,0 -71.63360607808984,-16.3545447439962,0 -71.63363438287961,-16.35471861426485,0 -71.63336791302858,-16.35474913069099,0 -71.6333998024391,-16.35487527866257,0 -71.6331866274418,-16.35489900957793,0 -71.63304495958305,-16.35424782743183,0 -71.63326292655113,-16.35421386905511,0 -71.63333961748738,-16.35456162509857,0 
							</coordinates>
						</LinearRing>
					</outerBoundaryIs>
				</Polygon>
			</Placemark>
			<Placemark>
				<name>1.4.300-3</name>
				<styleUrl>#msn_ylw-pushpin51111002</styleUrl>
				<Polygon>
					<tessellate>1</tessellate>
					<outerBoundaryIs>
						<LinearRing>
							<coordinates>
								-71.63318928579507,-16.35516707625292,0 -71.63297097296099,-16.35520532120768,0 -71.6327837349985,-16.35430218178196,0 -71.63298279272345,-16.35425911121863,0 -71.63318928579507,-16.35516707625292,0 
							</coordinates>
						</LinearRing>
					</outerBoundaryIs>
				</Polygon>
			</Placemark>
			<Placemark>
				<name>1.4.300-4</name>
				<styleUrl>#msn_ylw-pushpin51111002</styleUrl>
				<Polygon>
					<tessellate>1</tessellate>
					<outerBoundaryIs>
						<LinearRing>
							<coordinates>
								-71.63271700314175,-16.35423503414037,0 -71.63251819823292,-16.35427112698657,0 -71.6323173918223,-16.35354426809081,0 -71.63253385177408,-16.35344541137854,0 -71.63271700314175,-16.35423503414037,0 
							</coordinates>
						</LinearRing>
					</outerBoundaryIs>
				</Polygon>
			</Placemark>
			<Placemark>
				<name>1.4.300-5</name>
				<styleUrl>#msn_ylw-pushpin51111002</styleUrl>
				<Polygon>
					<tessellate>1</tessellate>
					<outerBoundaryIs>
						<LinearRing>
							<coordinates>
								-71.63235036541339,-16.35439658811731,0 -71.63272718039194,-16.35431308752974,0 -71.63291296579968,-16.35520503719164,0 -71.63255414868173,-16.35528321368518,0 -71.63235036541339,-16.35439658811731,0 
							</coordinates>
						</LinearRing>
					</outerBoundaryIs>
				</Polygon>
			</Placemark>
			<Placemark>
				<name>1.4.300-6</name>
				<styleUrl>#msn_ylw-pushpin51111002</styleUrl>
				<Polygon>
					<tessellate>1</tessellate>
					<outerBoundaryIs>
						<LinearRing>
							<coordinates>
								-71.63227408963778,-16.35432409261164,0 -71.63188905012132,-16.35441077188507,0 -71.63176614857804,-16.35383123878267,0 -71.63215124950317,-16.35365281113513,0 -71.63227408963778,-16.35432409261164,0 
							</coordinates>
						</LinearRing>
					</outerBoundaryIs>
				</Polygon>
			</Placemark>
			<Placemark>
				<name>1.4.300-7</name>
				<styleUrl>#msn_ylw-pushpin51111002</styleUrl>
				<Polygon>
					<tessellate>1</tessellate>
					<outerBoundaryIs>
						<LinearRing>
							<coordinates>
								-71.63190562754401,-16.35449256107726,0 -71.6322858181279,-16.35440416608686,0 -71.63249126882653,-16.35529741771117,0 -71.63211108319906,-16.35537558526876,0 -71.63190562754401,-16.35449256107726,0 
							</coordinates>
						</LinearRing>
					</outerBoundaryIs>
				</Polygon>
			</Placemark>
			<Placemark>
				<name>1.4.300-8</name>
				<styleUrl>#msn_ylw-pushpin51111002</styleUrl>
				<Polygon>
					<tessellate>1</tessellate>
					<outerBoundaryIs>
						<LinearRing>
							<coordinates>
								-71.63203645881451,-16.35540281221596,0 -71.63161008057368,-16.35549117601345,0 -71.631341055403,-16.35405246435069,0 -71.63167511678786,-16.35388222890121,0 -71.63203645881451,-16.35540281221596,0 
							</coordinates>
						</LinearRing>
					</outerBoundaryIs>
				</Polygon>
			</Placemark>
			<Placemark>
				<name>1.4.300-20</name>
				<styleUrl>#msn_ylw-pushpin51111002</styleUrl>
				<Polygon>
					<tessellate>1</tessellate>
					<outerBoundaryIs>
						<LinearRing>
							<coordinates>
								-71.62955365146112,-16.35708319708674,0 -71.62988005794617,-16.35684101679546,0 -71.63045269896314,-16.35754210298283,0 -71.63012841794773,-16.35780243528449,0 -71.62955365146112,-16.35708319708674,0 
							</coordinates>
						</LinearRing>
					</outerBoundaryIs>
				</Polygon>
			</Placemark>
			<Placemark>
				<name>1.4.300-21</name>
				<styleUrl>#msn_ylw-pushpin51111002</styleUrl>
				<Polygon>
					<tessellate>1</tessellate>
					<outerBoundaryIs>
						<LinearRing>
							<coordinates>
								-71.63022302096189,-16.35655853466022,0 -71.63083043618647,-16.35724763381138,0 -71.6305233775844,-16.35752742689148,0 -71.62992909227475,-16.35680003186062,0 -71.63022302096189,-16.35655853466022,0 
							</coordinates>
						</LinearRing>
					</outerBoundaryIs>
				</Polygon>
			</Placemark>
			<Placemark>
				<name>1.4.300-22</name>
				<styleUrl>#msn_ylw-pushpin51111002</styleUrl>
				<Polygon>
					<tessellate>1</tessellate>
					<outerBoundaryIs>
						<LinearRing>
							<coordinates>
								-71.63089725285484,-16.35720072368739,0 -71.63028548825417,-16.35651237770813,0 -71.63071864927718,-16.35618793568413,0 -71.63089725285484,-16.35720072368739,0 
							</coordinates>
						</LinearRing>
					</outerBoundaryIs>
				</Polygon>
			</Placemark>
			<Placemark>
				<name>1.4.300-23</name>
				<styleUrl>#msn_ylw-pushpin51111002</styleUrl>
				<Polygon>
					<tessellate>1</tessellate>
					<outerBoundaryIs>
						<LinearRing>
							<coordinates>
								-71.63137618604851,-16.35701546232139,0 -71.63100960001941,-16.35714975834618,0 -71.63071723346249,-16.35576080697324,0 -71.63110458174413,-16.35569137301236,0 -71.63137618604851,-16.35701546232139,0 
							</coordinates>
						</LinearRing>
					</outerBoundaryIs>
				</Polygon>
			</Placemark>
			<Placemark>
				<name>1.4.300-24</name>
				<styleUrl>#msn_ylw-pushpin51111002</styleUrl>
				<Polygon>
					<tessellate>1</tessellate>
					<outerBoundaryIs>
						<LinearRing>
							<coordinates>
								-71.63184857621768,-16.35682458967508,0 -71.63146476869358,-16.35696595547145,0 -71.63118525647269,-16.3556677050567,0 -71.63156656063749,-16.35558770127442,0 -71.63184857621768,-16.35682458967508,0 
							</coordinates>
						</LinearRing>
					</outerBoundaryIs>
				</Polygon>
			</Placemark>
			<Placemark>
				<name>1.4.300-25</name>
				<styleUrl>#msn_ylw-pushpin51111002</styleUrl>
				<Polygon>
					<tessellate>1</tessellate>
					<outerBoundaryIs>
						<LinearRing>
							<coordinates>
								-71.63192080416046,-16.35551240158794,0 -71.63197959731072,-16.35586173873951,0 -71.6320262036261,-16.35604821847115,0 -71.63231360276485,-16.35661011031037,0 -71.63192976831392,-16.35679159919241,0 -71.63165757606551,-16.35557595954788,0 -71.63192080416046,-16.35551240158794,0 
							</coordinates>
						</LinearRing>
					</outerBoundaryIs>
				</Polygon>
			</Placemark>
			<Placemark>
				<name>1.4.300-26</name>
				<styleUrl>#msn_ylw-pushpin51111002</styleUrl>
				<Polygon>
					<tessellate>1</tessellate>
					<outerBoundaryIs>
						<LinearRing>
							<coordinates>
								-71.63274392998642,-16.3564689110458,0 -71.63240194645303,-16.35659850399241,0 -71.63212744378534,-16.3554724090155,0 -71.63249890443161,-16.35539947684963,0 -71.63274392998642,-16.3564689110458,0 
							</coordinates>
						</LinearRing>
					</outerBoundaryIs>
				</Polygon>
			</Placemark>
			<Placemark>
				<name>1.4.300-27</name>
				<styleUrl>#msn_ylw-pushpin51111002</styleUrl>
				<Polygon>
					<tessellate>1</tessellate>
					<outerBoundaryIs>
						<LinearRing>
							<coordinates>
								-71.63256756522102,-16.35539257999748,0 -71.63296116489282,-16.35531494135685,0 -71.63301505800314,-16.35563831414978,0 -71.63307389312338,-16.35592864726114,0 -71.63309347127662,-16.35607498760757,0 -71.63313274930363,-16.35618829837932,0 -71.63315975139533,-16.35626855966677,0 -71.63281284585534,-16.35640287045458,0 -71.63271714302958,-16.35607239239829,0 -71.63256756522102,-16.35539257999748,0 
							</coordinates>
						</LinearRing>
					</outerBoundaryIs>
				</Polygon>
			</Placemark>
			<Placemark>
				<name>1.4.300-29</name>
				<styleUrl>#msn_ylw-pushpin51111002</styleUrl>
				<Polygon>
					<tessellate>1</tessellate>
					<outerBoundaryIs>
						<LinearRing>
							<coordinates>
								-71.6332064373929,-16.35633703298023,0 -71.63344467832832,-16.35685169000235,0 -71.63350856492011,-16.35694849520117,0 -71.63360680468536,-16.35716804893131,0 -71.63363626385843,-16.35725303223567,0 -71.63360182811451,-16.35725301077089,0 -71.63352313056562,-16.35723408061316,0 -71.63342965900266,-16.35723874259122,0 -71.63334847480809,-16.35725993316981,0 -71.6332377695653,-16.35728818573643,0 -71.63284968343092,-16.35648549868553,0 -71.6332064373929,-16.35633703298023,0 
							</coordinates>
						</LinearRing>
					</outerBoundaryIs>
				</Polygon>
			</Placemark>
			<Placemark>
				<name>1.4.300-30</name>
				<styleUrl>#msn_ylw-pushpin51111002</styleUrl>
				<Polygon>
					<tessellate>1</tessellate>
					<outerBoundaryIs>
						<LinearRing>
							<coordinates>
								-71.63241173373255,-16.35667167479643,0 -71.63278571609524,-16.3565090595019,0 -71.6332057742151,-16.35731884762658,0 -71.63305813950699,-16.35739663983897,0 -71.63289818887134,-16.35750038570619,0 -71.63288834844887,-16.35750273967501,0 -71.63288588875736,-16.35750273813457,0 -71.63277517045893,-16.35754987150606,0 -71.63241173373255,-16.35667167479643,0 
							</coordinates>
						</LinearRing>
					</outerBoundaryIs>
				</Polygon>
			</Placemark>
			<Placemark>
				<name>1.4.300-31</name>
				<styleUrl>#msn_ylw-pushpin51111002</styleUrl>
				<Polygon>
					<tessellate>1</tessellate>
					<outerBoundaryIs>
						<LinearRing>
							<coordinates>
								-71.63194919618775,-16.35684367378431,0 -71.63233547401036,-16.35668578776732,0 -71.63268417292718,-16.35753329352355,0 -71.63231265964752,-16.35767938897552,0 -71.6321063919132,-16.35717183076772,0 -71.63194919618775,-16.35684367378431,0 
							</coordinates>
						</LinearRing>
					</outerBoundaryIs>
				</Polygon>
			</Placemark>
			<Placemark>
				<name>1.4.300-32</name>
				<styleUrl>#msn_ylw-pushpin51111002</styleUrl>
				<Polygon>
					<tessellate>1</tessellate>
					<outerBoundaryIs>
						<LinearRing>
							<coordinates>
								-71.63184340635387,-16.35687664887612,0 -71.63219207746012,-16.35776191765213,0 -71.63177874230314,-16.35791742623044,0 -71.63142761129352,-16.3570345155264,0 -71.63184340635387,-16.35687664887612,0 
							</coordinates>
						</LinearRing>
					</outerBoundaryIs>
				</Polygon>
			</Placemark>
			<Placemark>
				<name>1.4.300-33</name>
				<styleUrl>#msn_ylw-pushpin51111002</styleUrl>
				<Polygon>
					<tessellate>1</tessellate>
					<outerBoundaryIs>
						<LinearRing>
							<coordinates>
								-71.63150195561028,-16.3580641095596,0 -71.63117106467942,-16.35831155308349,0 -71.63057472044841,-16.35757699137179,0 -71.63086327728736,-16.35734905914158,0 -71.63150195561028,-16.3580641095596,0 
							</coordinates>
						</LinearRing>
					</outerBoundaryIs>
				</Polygon>
			</Placemark>
			<Placemark>
				<name>1.4.300-34</name>
				<styleUrl>#msn_ylw-pushpin51111002</styleUrl>
				<Polygon>
					<tessellate>1</tessellate>
					<outerBoundaryIs>
						<LinearRing>
							<coordinates>
								-71.6305169694501,-16.35761705558676,0 -71.6311058658909,-16.35835364151225,0 -71.63080193090079,-16.35857944803939,0 -71.63021434858534,-16.35786700481338,0 -71.6305169694501,-16.35761705558676,0 
							</coordinates>
						</LinearRing>
					</outerBoundaryIs>
				</Polygon>
			</Placemark>
			<Placemark>
				<name>1.4.300-35</name>
				<styleUrl>#msn_ylw-pushpin51111002</styleUrl>
				<Polygon>
					<tessellate>1</tessellate>
					<outerBoundaryIs>
						<LinearRing>
							<coordinates>
								-71.62852012182107,-16.35649026994998,0 -71.62819528709862,-16.35673973484373,0 -71.62758545711509,-16.35594838905267,0 -71.62791741797962,-16.3557736187941,0 -71.62852012182107,-16.35649026994998,0 
							</coordinates>
						</LinearRing>
					</outerBoundaryIs>
				</Polygon>
			</Placemark>
			<Placemark>
				<name>1.4.300-36</name>
				<styleUrl>#msn_ylw-pushpin51111002</styleUrl>
				<Polygon>
					<tessellate>1</tessellate>
					<outerBoundaryIs>
						<LinearRing>
							<coordinates>
								-71.62755140524432,-16.35609197508246,0 -71.62766945956706,-16.35624027467273,0 -71.62813606922533,-16.35677792036505,0 -71.62782691569012,-16.35701827238655,0 -71.62712687916965,-16.35617014699046,0 -71.62748918256645,-16.35599403116144,0 -71.62755140524432,-16.35609197508246,0 
							</coordinates>
						</LinearRing>
					</outerBoundaryIs>
				</Polygon>
			</Placemark>
			<Placemark>
				<name>1.4.300-37</name>
				<styleUrl>#msn_ylw-pushpin51111002</styleUrl>
				<Polygon>
					<tessellate>1</tessellate>
					<outerBoundaryIs>
						<LinearRing>
							<coordinates>
								-71.62775608152748,-16.35706455899382,0 -71.62743970096234,-16.35729582327137,0 -71.62668702039986,-16.35639571798106,0 -71.62702105970155,-16.35623118804281,0 -71.62775608152748,-16.35706455899382,0 
							</coordinates>
						</LinearRing>
					</outerBoundaryIs>
				</Polygon>
			</Placemark>
			<Placemark>
				<name>1.4.300-38</name>
				<styleUrl>#msn_ylw-pushpin51111002</styleUrl>
				<Polygon>
					<tessellate>1</tessellate>
					<outerBoundaryIs>
						<LinearRing>
							<coordinates>
								-71.62840424814053,-16.35785162461946,0 -71.62809778287077,-16.35808195183148,0 -71.62751193070575,-16.35738518484647,0 -71.62782383958485,-16.35713505728311,0 -71.62840424814053,-16.35785162461946,0 
							</coordinates>
						</LinearRing>
					</outerBoundaryIs>
				</Polygon>
			</Placemark>
			<Placemark>
				<name>1.4.300-39</name>
				<styleUrl>#msn_ylw-pushpin51111002</styleUrl>
				<Polygon>
					<tessellate>1</tessellate>
					<outerBoundaryIs>
						<LinearRing>
							<coordinates>
								-71.6288016655664,-16.35755557872126,0 -71.62847887722995,-16.35779549677532,0 -71.6278779492569,-16.35708477813239,0 -71.62820637543241,-16.35683628992232,0 -71.6288016655664,-16.35755557872126,0 
							</coordinates>
						</LinearRing>
					</outerBoundaryIs>
				</Polygon>
			</Placemark>
			<Placemark>
				<name>1.4.300-40</name>
				<styleUrl>#msn_ylw-pushpin51111002</styleUrl>
				<Polygon>
					<tessellate>1</tessellate>
					<outerBoundaryIs>
						<LinearRing>
							<coordinates>
								-71.62917877050354,-16.35725833397371,0 -71.62886138364357,-16.35750074982596,0 -71.62827041777032,-16.35677994218646,0 -71.6285768545615,-16.35655868061465,0 -71.62917877050354,-16.35725833397371,0 
							</coordinates>
						</LinearRing>
					</outerBoundaryIs>
				</Polygon>
			</Placemark>
			<Placemark>
				<name>1.4.300-41</name>
				<styleUrl>#msn_ylw-pushpin51111002</styleUrl>
				<Polygon>
					<tessellate>1</tessellate>
					<outerBoundaryIs>
						<LinearRing>
							<coordinates>
								-71.62982386046751,-16.35804323643961,0 -71.62952232381456,-16.35828138737876,0 -71.62893276565663,-16.35756609833144,0 -71.62924570698908,-16.35732465215459,0 -71.62982386046751,-16.35804323643961,0 
							</coordinates>
						</LinearRing>
					</outerBoundaryIs>
				</Polygon>
			</Placemark>
			<Placemark>
				<name>1.4.300-42</name>
				<styleUrl>#msn_ylw-pushpin51111002</styleUrl>
				<Polygon>
					<tessellate>1</tessellate>
					<outerBoundaryIs>
						<LinearRing>
							<coordinates>
								-71.6294603708596,-16.35834700737251,0 -71.62914540336511,-16.35858961151246,0 -71.62855487406596,-16.35787015111749,0 -71.62887106845925,-16.35762229984343,0 -71.6294603708596,-16.35834700737251,0 
							</coordinates>
						</LinearRing>
					</outerBoundaryIs>
				</Polygon>
			</Placemark>
			<Placemark>
				<name>1.4.300-43</name>
				<styleUrl>#msn_ylw-pushpin51111002</styleUrl>
				<Polygon>
					<tessellate>1</tessellate>
					<outerBoundaryIs>
						<LinearRing>
							<coordinates>
								-71.62906982631183,-16.35863506086248,0 -71.62876740524943,-16.3588682084681,0 -71.62817358967526,-16.35815488746739,0 -71.62848473640413,-16.35793182419338,0 -71.62906982631183,-16.35863506086248,0 
							</coordinates>
						</LinearRing>
					</outerBoundaryIs>
				</Polygon>
			</Placemark>
			<Placemark>
				<name>1.4.300-44</name>
				<styleUrl>#msn_ylw-pushpin51111002</styleUrl>
				<Polygon>
					<tessellate>1</tessellate>
					<outerBoundaryIs>
						<LinearRing>
							<coordinates>
								-71.6286974674571,-16.35893200111315,0 -71.6283904544113,-16.3591782132367,0 -71.62777593153214,-16.35845765079535,0 -71.62809929112828,-16.35822163143606,0 -71.6286974674571,-16.35893200111315,0 
							</coordinates>
						</LinearRing>
					</outerBoundaryIs>
				</Polygon>
			</Placemark>
			<Placemark>
				<name>1.4.300-45</name>
				<styleUrl>#msn_ylw-pushpin51111002</styleUrl>
				<Polygon>
					<tessellate>1</tessellate>
					<outerBoundaryIs>
						<LinearRing>
							<coordinates>
								-71.62815577935815,-16.35944761002473,0 -71.62834558333765,-16.35927566142568,0 -71.62897251386948,-16.36001661957843,0 -71.62879211450091,-16.36014609120305,0 -71.62815577935815,-16.35944761002473,0 
							</coordinates>
						</LinearRing>
					</outerBoundaryIs>
				</Polygon>
			</Placemark>
			<Placemark>
				<name>1.4.300-46</name>
				<styleUrl>#msn_ylw-pushpin51111002</styleUrl>
				<Polygon>
					<tessellate>1</tessellate>
					<outerBoundaryIs>
						<LinearRing>
							<coordinates>
								-71.62876387362681,-16.35898797734475,0 -71.62933600196274,-16.35972045113881,0 -71.62903938843263,-16.3599449604786,0 -71.62842875603154,-16.3592245400168,0 -71.62876387362681,-16.35898797734475,0 
							</coordinates>
						</LinearRing>
					</outerBoundaryIs>
				</Polygon>
			</Placemark>
			<Placemark>
				<name>1.4.300-47</name>
				<styleUrl>#msn_ylw-pushpin51111002</styleUrl>
				<Polygon>
					<tessellate>1</tessellate>
					<outerBoundaryIs>
						<LinearRing>
							<coordinates>
								-71.62975080187179,-16.35939583023501,0 -71.6293908387814,-16.35967955675231,0 -71.62882334974988,-16.3589440941767,0 -71.62913208837591,-16.35870487810514,0 -71.62975080187179,-16.35939583023501,0 
							</coordinates>
						</LinearRing>
					</outerBoundaryIs>
				</Polygon>
			</Placemark>
			<Placemark>
				<name>1.4.300-48</name>
				<styleUrl>#msn_ylw-pushpin51111002</styleUrl>
				<Polygon>
					<tessellate>1</tessellate>
					<outerBoundaryIs>
						<LinearRing>
							<coordinates>
								-71.63014887154887,-16.35912543218619,0 -71.62980441692211,-16.35937185895222,0 -71.62920057720603,-16.35864197390654,0 -71.62950467119045,-16.35840511156164,0 -71.63014887154887,-16.35912543218619,0 
							</coordinates>
						</LinearRing>
					</outerBoundaryIs>
				</Polygon>
			</Placemark>
			<Placemark>
				<name>1.4.300-49</name>
				<styleUrl>#msn_ylw-pushpin51111002</styleUrl>
				<Polygon>
					<tessellate>1</tessellate>
					<outerBoundaryIs>
						<LinearRing>
							<coordinates>
								-71.63048543082508,-16.35882234750656,0 -71.63019018162414,-16.35905944520569,0 -71.62954705499983,-16.35835208410781,0 -71.62988884617437,-16.3581202793908,0 -71.63048543082508,-16.35882234750656,0 
							</coordinates>
						</LinearRing>
					</outerBoundaryIs>
				</Polygon>
			</Placemark>
			<Placemark>
				<name>1.4.300-50</name>
				<styleUrl>#msn_ylw-pushpin51111002</styleUrl>
				<Polygon>
					<tessellate>1</tessellate>
					<outerBoundaryIs>
						<LinearRing>
							<coordinates>
								-71.62946275721217,-16.36060892442338,0 -71.62929824640779,-16.3607306581949,0 -71.62890517264543,-16.36026392353737,0 -71.62906711523333,-16.36014278547087,0 -71.62946275721217,-16.36060892442338,0 
							</coordinates>
						</LinearRing>
					</outerBoundaryIs>
				</Polygon>
			</Placemark>
			<Placemark>
				<name>1.4.300-51</name>
				<styleUrl>#msn_ylw-pushpin51111002</styleUrl>
				<Polygon>
					<tessellate>1</tessellate>
					<outerBoundaryIs>
						<LinearRing>
							<coordinates>
								-71.62988216486603,-16.36034400341419,0 -71.62959006773222,-16.36057502376122,0 -71.6291693716736,-16.36008766135395,0 -71.62945544935297,-16.35985827996936,0 -71.62988216486603,-16.36034400341419,0 
							</coordinates>
						</LinearRing>
					</outerBoundaryIs>
				</Polygon>
			</Placemark>
			<Placemark>
				<name>1.4.300-52</name>
				<styleUrl>#msn_ylw-pushpin51111002</styleUrl>
				<Polygon>
					<tessellate>1</tessellate>
					<outerBoundaryIs>
						<LinearRing>
							<coordinates>
								-71.63022363308033,-16.36075017532931,0 -71.62993728400022,-16.360975337721,0 -71.62965487888209,-16.36066732471939,0 -71.62993838988899,-16.36043250922002,0 -71.63022363308033,-16.36075017532931,0 
							</coordinates>
						</LinearRing>
					</outerBoundaryIs>
				</Polygon>
			</Placemark>
			<Placemark>
				<name>1.4.300-53</name>
				<styleUrl>#msn_ylw-pushpin51111002</styleUrl>
				<Polygon>
					<tessellate>1</tessellate>
					<outerBoundaryIs>
						<LinearRing>
							<coordinates>
								-71.63026725768701,-16.36005273832109,0 -71.6299430129626,-16.3602801354441,0 -71.62954116449313,-16.3597875290917,0 -71.62982662574275,-16.35955605009502,0 -71.63026725768701,-16.36005273832109,0 
							</coordinates>
						</LinearRing>
					</outerBoundaryIs>
				</Polygon>
			</Placemark>
			<Placemark>
				<name>1.4.300-54</name>
				<styleUrl>#msn_ylw-pushpin51111002</styleUrl>
				<Polygon>
					<tessellate>1</tessellate>
					<outerBoundaryIs>
						<LinearRing>
							<coordinates>
								-71.63077369364352,-16.36066240989257,0 -71.6302213014624,-16.36059809205182,0 -71.63001936022678,-16.3603653111992,0 -71.63032698573512,-16.36013178594365,0 -71.63077369364352,-16.36066240989257,0 
							</coordinates>
						</LinearRing>
					</outerBoundaryIs>
				</Polygon>
			</Placemark>
			<Placemark>
				<name>1.4.300-55</name>
				<styleUrl>#msn_ylw-pushpin51111002</styleUrl>
				<Polygon>
					<tessellate>1</tessellate>
					<outerBoundaryIs>
						<LinearRing>
							<coordinates>
								-71.6306495956634,-16.35976814364851,0 -71.63034733229469,-16.35999204940176,0 -71.62991424720641,-16.35948986801684,0 -71.63022520758827,-16.35926827757523,0 -71.6306495956634,-16.35976814364851,0 
							</coordinates>
						</LinearRing>
					</outerBoundaryIs>
				</Polygon>
			</Placemark>
			<Placemark>
				<name>1.4.300-56</name>
				<styleUrl>#msn_ylw-pushpin51111002</styleUrl>
				<Polygon>
					<tessellate>1</tessellate>
					<outerBoundaryIs>
						<LinearRing>
							<coordinates>
								-71.63130026718868,-16.36055782957416,0 -71.63100578238671,-16.36077962366126,0 -71.63040546137289,-16.36007619518328,0 -71.63070730133418,-16.35984801978841,0 -71.63130026718868,-16.36055782957416,0 
							</coordinates>
						</LinearRing>
					</outerBoundaryIs>
				</Polygon>
			</Placemark>
			<Placemark>
				<name>1.4.300-57</name>
				<styleUrl>#msn_ylw-pushpin51111002</styleUrl>
				<Polygon>
					<tessellate>1</tessellate>
					<outerBoundaryIs>
						<LinearRing>
							<coordinates>
								-71.63102594954144,-16.35947525528949,0 -71.63072598044617,-16.35971922285157,0 -71.63028041269502,-16.35919192343287,0 -71.63060966615433,-16.35896740142623,0 -71.63102594954144,-16.35947525528949,0 
							</coordinates>
						</LinearRing>
					</outerBoundaryIs>
				</Polygon>
			</Placemark>
			<Placemark>
				<name>1.4.300-59</name>
				<styleUrl>#msn_ylw-pushpin51111002</styleUrl>
				<Polygon>
					<tessellate>1</tessellate>
					<outerBoundaryIs>
						<LinearRing>
							<coordinates>
								-71.63197532184705,-16.36133160519432,0 -71.63165242990091,-16.36156416742511,0 -71.63105912398375,-16.36085547853999,0 -71.6313736198879,-16.36062570822011,0 -71.63197532184705,-16.36133160519432,0 
							</coordinates>
						</LinearRing>
					</outerBoundaryIs>
				</Polygon>
			</Placemark>
			<Placemark>
				<name>1.4.300-60</name>
				<styleUrl>#msn_ylw-pushpin51111002</styleUrl>
				<Polygon>
					<tessellate>1</tessellate>
					<outerBoundaryIs>
						<LinearRing>
							<coordinates>
								-71.63141937624658,-16.36056228150778,0 -71.63173358173975,-16.36031939843673,0 -71.63232679791186,-16.36104033301638,0 -71.63203653174092,-16.36127433259493,0 -71.63141937624658,-16.36056228150778,0 
							</coordinates>
						</LinearRing>
					</outerBoundaryIs>
				</Polygon>
			</Placemark>
			<Placemark>
				<name>1.4.300-61</name>
				<styleUrl>#msn_ylw-pushpin51111002</styleUrl>
				<Polygon>
					<tessellate>1</tessellate>
					<outerBoundaryIs>
						<LinearRing>
							<coordinates>
								-71.6316475451213,-16.35898416951606,0 -71.63132837342307,-16.35921842409441,0 -71.63091920191643,-16.35871885867503,0 -71.63120217490027,-16.35848458139671,0 -71.6316475451213,-16.35898416951606,0 
							</coordinates>
						</LinearRing>
					</outerBoundaryIs>
				</Polygon>
			</Placemark>
			<Placemark>
				<name>1.4.300-62</name>
				<styleUrl>#msn_ylw-pushpin51111002</styleUrl>
				<Polygon>
					<tessellate>1</tessellate>
					<outerBoundaryIs>
						<LinearRing>
							<coordinates>
								-71.63185826743069,-16.35806174993603,0 -71.63221109727588,-16.35791376172286,0 -71.63221570359352,-16.35792040089806,0 -71.632473501557,-16.35852003957641,0 -71.63246888770769,-16.35852446086261,0 -71.63213680900168,-16.35866803880642,0 -71.63185826743069,-16.35806174993603,0 
							</coordinates>
						</LinearRing>
					</outerBoundaryIs>
				</Polygon>
			</Placemark>
			<Placemark>
				<name>1.4.300-63</name>
				<styleUrl>#msn_ylw-pushpin51111002</styleUrl>
				<Polygon>
					<tessellate>1</tessellate>
					<outerBoundaryIs>
						<LinearRing>
							<coordinates>
								-71.63230991145564,-16.35977913010244,0 -71.63198622269027,-16.36000252903174,0 -71.63139393086495,-16.35929878839696,0 -71.63170403906325,-16.35908406600127,0 -71.63171309496782,-16.35907538814335,0 -71.63171536189488,-16.35906887690666,0 -71.63230991145564,-16.35977913010244,0 
							</coordinates>
						</LinearRing>
					</outerBoundaryIs>
				</Polygon>
			</Placemark>
			<Placemark>
				<name>1.4.300-64</name>
				<styleUrl>#msn_ylw-pushpin51111002</styleUrl>
				<Polygon>
					<tessellate>1</tessellate>
					<outerBoundaryIs>
						<LinearRing>
							<coordinates>
								-71.63287171795685,-16.35943609739043,0 -71.63251889297672,-16.35957302628993,0 -71.63218285330593,-16.35876097609261,0 -71.63249419210297,-16.35860411293071,0 -71.63287171795685,-16.35943609739043,0 
							</coordinates>
						</LinearRing>
					</outerBoundaryIs>
				</Polygon>
			</Placemark>
			<Placemark>
				<name>1.4.300-65</name>
				<styleUrl>#msn_ylw-pushpin51111002</styleUrl>
				<Polygon>
					<tessellate>1</tessellate>
					<outerBoundaryIs>
						<LinearRing>
							<coordinates>
								-71.63296550271448,-16.36056540239617,0 -71.63265538267764,-16.36079749422108,0 -71.63205404119719,-16.36008723713092,0 -71.6323528486359,-16.35985513970428,0 -71.63296550271448,-16.36056540239617,0 
							</coordinates>
						</LinearRing>
					</outerBoundaryIs>
				</Polygon>
			</Placemark>
			<Placemark>
				<name>1.4.300-66</name>
				<styleUrl>#msn_ylw-pushpin51111002</styleUrl>
				<Polygon>
					<tessellate>1</tessellate>
					<outerBoundaryIs>
						<LinearRing>
							<coordinates>
								-71.63326762356439,-16.36036985148983,0 -71.63312233364242,-16.36043833575071,0 -71.63301163004817,-16.36050020534268,0 -71.63244727537902,-16.35979419233064,0 -71.63256722411903,-16.3596969354819,0 -71.6327263591326,-16.35960855143858,0 -71.6329016276849,-16.35952681358049,0 -71.63326762356439,-16.36036985148983,0 
							</coordinates>
						</LinearRing>
					</outerBoundaryIs>
				</Polygon>
			</Placemark>
			<Placemark>
				<name>1.4.300-67</name>
				<styleUrl>#msn_ylw-pushpin51111002</styleUrl>
				<Polygon>
					<tessellate>1</tessellate>
					<outerBoundaryIs>
						<LinearRing>
							<coordinates>
								-71.63221814444594,-16.36238449425039,0 -71.63192755765739,-16.36262930687971,0 -71.63151499836604,-16.36211497406463,0 -71.63146218882781,-16.36186467949117,0 -71.63150411676743,-16.36181820831968,0 -71.63148767973811,-16.36177373070433,0 -71.63164025716149,-16.3616805436018,0 -71.63221814444594,-16.36238449425039,0 
							</coordinates>
						</LinearRing>
					</outerBoundaryIs>
				</Polygon>
			</Placemark>
			<Placemark>
				<name>1.4.300-68</name>
				<styleUrl>#msn_ylw-pushpin51111002</styleUrl>
				<Polygon>
					<tessellate>1</tessellate>
					<outerBoundaryIs>
						<LinearRing>
							<coordinates>
								-71.63262402651438,-16.36211805984218,0 -71.63229354961825,-16.36233105108568,0 -71.63170154689479,-16.36162071998024,0 -71.63200013666986,-16.36139482910636,0 -71.63262402651438,-16.36211805984218,0 
							</coordinates>
						</LinearRing>
					</outerBoundaryIs>
				</Polygon>
			</Placemark>
			<Placemark>
				<name>1.4.300-69</name>
				<styleUrl>#msn_ylw-pushpin51111002</styleUrl>
				<Polygon>
					<tessellate>1</tessellate>
					<outerBoundaryIs>
						<LinearRing>
							<coordinates>
								-71.63207718351529,-16.3613326806821,0 -71.63237799016038,-16.36110376009498,0 -71.63297603459496,-16.36180041505365,0 -71.63267255668958,-16.36203623008308,0 -71.63207718351529,-16.3613326806821,0 
							</coordinates>
						</LinearRing>
					</outerBoundaryIs>
				</Polygon>
			</Placemark>
			<Placemark>
				<name>1.4.300-70</name>
				<styleUrl>#msn_ylw-pushpin51111002</styleUrl>
				<Polygon>
					<tessellate>1</tessellate>
					<outerBoundaryIs>
						<LinearRing>
							<coordinates>
								-71.63324552692519,-16.36162154609138,0 -71.63302170178315,-16.36178238268883,0 -71.63242845941714,-16.36107900201509,0 -71.63267534990806,-16.36090439596005,0 -71.63324552692519,-16.36162154609138,0 
							</coordinates>
						</LinearRing>
					</outerBoundaryIs>
				</Polygon>
			</Placemark>
			<Placemark>
				<name>1.4.300-71</name>
				<styleUrl>#msn_ylw-pushpin51111002</styleUrl>
				<Polygon>
					<tessellate>1</tessellate>
					<outerBoundaryIs>
						<LinearRing>
							<coordinates>
								-71.63361777462292,-16.36135065009541,0 -71.63331156328459,-16.36159192751132,0 -71.63272567738258,-16.36086151471744,0 -71.63301473890373,-16.36063258482317,0 -71.63361777462292,-16.36135065009541,0 
							</coordinates>
						</LinearRing>
					</outerBoundaryIs>
				</Polygon>
			</Placemark>
			<Placemark>
				<name>1.4.300-72</name>
				<styleUrl>#msn_ylw-pushpin51111002</styleUrl>
				<Polygon>
					<tessellate>1</tessellate>
					<outerBoundaryIs>
						<LinearRing>
							<coordinates>
								-71.6326391529187,-16.36359673043345,0 -71.63233891339368,-16.36383468312493,0 -71.63161678676909,-16.36298993051197,0 -71.63191153244843,-16.36275095540904,0 -71.6326391529187,-16.36359673043345,0 
							</coordinates>
						</LinearRing>
					</outerBoundaryIs>
				</Polygon>
			</Placemark>
			<Placemark>
				<name>1.4.300-73</name>
				<styleUrl>#msn_ylw-pushpin51111002</styleUrl>
				<Polygon>
					<tessellate>1</tessellate>
					<outerBoundaryIs>
						<LinearRing>
							<coordinates>
								-71.63301930225929,-16.36330480985267,0 -71.63272834265588,-16.3635448938474,0 -71.6319941644753,-16.36270078841514,0 -71.63229854011189,-16.36245167504829,0 -71.63301930225929,-16.36330480985267,0 
							</coordinates>
						</LinearRing>
					</outerBoundaryIs>
				</Polygon>
			</Placemark>
			<Placemark>
				<name>1.4.300-74</name>
				<styleUrl>#msn_ylw-pushpin51111002</styleUrl>
				<Polygon>
					<tessellate>1</tessellate>
					<outerBoundaryIs>
						<LinearRing>
							<coordinates>
								-71.63338054435118,-16.36301192457846,0 -71.63308057574409,-16.36324664623673,0 -71.6323616620264,-16.36240321875618,0 -71.63267190759692,-16.36216405041591,0 -71.63338054435118,-16.36301192457846,0 
							</coordinates>
						</LinearRing>
					</outerBoundaryIs>
				</Polygon>
			</Placemark>
			<Placemark>
				<name>1.4.300-75</name>
				<styleUrl>#msn_ylw-pushpin51111002</styleUrl>
				<Polygon>
					<tessellate>1</tessellate>
					<outerBoundaryIs>
						<LinearRing>
							<coordinates>
								-71.6337423495884,-16.36273415363101,0 -71.63344545011533,-16.36297636177486,0 -71.63274922734895,-16.36209427484903,0 -71.63303681698832,-16.3618710481596,0 -71.6337423495884,-16.36273415363101,0 
							</coordinates>
						</LinearRing>
					</outerBoundaryIs>
				</Polygon>
			</Placemark>
			<Placemark>
				<name>1.4.300-76</name>
				<styleUrl>#msn_ylw-pushpin51111002</styleUrl>
				<Polygon>
					<tessellate>1</tessellate>
					<outerBoundaryIs>
						<LinearRing>
							<coordinates>
								-71.63412483314602,-16.36220502641429,0 -71.63396688957003,-16.362294861394,0 -71.63333840214133,-16.3616521515324,0 -71.63371019945325,-16.36136481969814,0 -71.63412483314602,-16.36220502641429,0 
							</coordinates>
						</LinearRing>
					</outerBoundaryIs>
				</Polygon>
			</Placemark>
			<Placemark>
				<name>1.4.300-77</name>
				<styleUrl>#msn_ylw-pushpin51111002</styleUrl>
				<Polygon>
					<tessellate>1</tessellate>
					<outerBoundaryIs>
						<LinearRing>
							<coordinates>
								-71.63237206884149,-16.35784672613651,0 -71.63273293939046,-16.35769779981509,0 -71.63299963939068,-16.35829525058966,0 -71.6326365895621,-16.35844260920124,0 -71.63237206884149,-16.35784672613651,0 
							</coordinates>
						</LinearRing>
					</outerBoundaryIs>
				</Polygon>
			</Placemark>
			<Placemark>
				<name>1.4.300-78</name>
				<styleUrl>#msn_ylw-pushpin51111002</styleUrl>
				<Polygon>
					<tessellate>1</tessellate>
					<outerBoundaryIs>
						<LinearRing>
							<coordinates>
								-71.63284838351971,-16.35767256937604,0 -71.63318731276577,-16.35753009025943,0 -71.6334390669965,-16.35810950296286,0 -71.63309266625186,-16.35826073078896,0 -71.63284838351971,-16.35767256937604,0 
							</coordinates>
						</LinearRing>
					</outerBoundaryIs>
				</Polygon>
			</Placemark>
			<Placemark>
				<name>1.4.300-79</name>
				<styleUrl>#msn_ylw-pushpin51111002</styleUrl>
				<Polygon>
					<tessellate>1</tessellate>
					<outerBoundaryIs>
						<LinearRing>
							<coordinates>
								-71.6332792471228,-16.35750397938267,0 -71.63364439293693,-16.35734922165104,0 -71.63390700420145,-16.35793591079399,0 -71.63353842151633,-16.35809266932596,0 -71.6332792471228,-16.35750397938267,0 
							</coordinates>
						</LinearRing>
					</outerBoundaryIs>
				</Polygon>
			</Placemark>
			<Placemark>
				<name>1.4.300-80</name>
				<styleUrl>#msn_ylw-pushpin51111002</styleUrl>
				<Polygon>
					<tessellate>1</tessellate>
					<outerBoundaryIs>
						<LinearRing>
							<coordinates>
								-71.63339049995811,-16.35923480115622,0 -71.63303206624326,-16.35937089942458,0 -71.6326583711361,-16.35852177420808,0 -71.63301209882941,-16.3583819132304,0 -71.63339049995811,-16.35923480115622,0 
							</coordinates>
						</LinearRing>
					</outerBoundaryIs>
				</Polygon>
			</Placemark>
			<Placemark>
				<name>1.4.300-81</name>
				<styleUrl>#msn_ylw-pushpin51111002</styleUrl>
				<Polygon>
					<tessellate>1</tessellate>
					<outerBoundaryIs>
						<LinearRing>
							<coordinates>
								-71.63383515583176,-16.35906397739333,0 -71.63347815574754,-16.35920272701314,0 -71.63311193417658,-16.35835317759244,0 -71.63346358479257,-16.35819874439575,0 -71.63383515583176,-16.35906397739333,0 
							</coordinates>
						</LinearRing>
					</outerBoundaryIs>
				</Polygon>
			</Placemark>
			<Placemark>
				<name>1.4.300-82</name>
				<styleUrl>#msn_ylw-pushpin51111002</styleUrl>
				<Polygon>
					<tessellate>1</tessellate>
					<outerBoundaryIs>
						<LinearRing>
							<coordinates>
								-71.63356264796307,-16.35817264691629,0 -71.63393442176212,-16.35800894634218,0 -71.63430804300637,-16.35886971451881,0 -71.63392410346525,-16.35901676570019,0 -71.63356264796307,-16.35817264691629,0 
							</coordinates>
						</LinearRing>
					</outerBoundaryIs>
				</Polygon>
			</Placemark>
			<Placemark>
				<name>1.4.300-83</name>
				<styleUrl>#msn_ylw-pushpin51111002</styleUrl>
				<Polygon>
					<tessellate>1</tessellate>
					<outerBoundaryIs>
						<LinearRing>
							<coordinates>
								-71.6339952151107,-16.35798048705592,0 -71.63433650028387,-16.35782739736146,0 -71.63473215511303,-16.35868623342242,0 -71.63439340644049,-16.3588533939492,0 -71.6339952151107,-16.35798048705592,0 
							</coordinates>
						</LinearRing>
					</outerBoundaryIs>
				</Polygon>
			</Placemark>
			<Placemark>
				<name>1.4.300-84</name>
				<styleUrl>#msn_ylw-pushpin51111002</styleUrl>
				<Polygon>
					<tessellate>1</tessellate>
					<outerBoundaryIs>
						<LinearRing>
							<coordinates>
								-71.63441677080985,-16.35780525358925,0 -71.63479731199079,-16.35768524147186,0 -71.63517837769228,-16.35849423050002,0 -71.63480129018615,-16.35866796676764,0 -71.63441677080985,-16.35780525358925,0 
							</coordinates>
						</LinearRing>
					</outerBoundaryIs>
				</Polygon>
			</Placemark>
			<Placemark>
				<name>1.4.300-85</name>
				<styleUrl>#msn_ylw-pushpin51111002</styleUrl>
				<Polygon>
					<tessellate>1</tessellate>
					<outerBoundaryIs>
						<LinearRing>
							<coordinates>
								-71.63520472622712,-16.35858730807,0 -71.63558505070768,-16.35945249234876,0 -71.6352006767152,-16.35957918841314,0 -71.63483381197675,-16.35875924598366,0 -71.63520472622712,-16.35858730807,0 
							</coordinates>
						</LinearRing>
					</outerBoundaryIs>
				</Polygon>
			</Placemark>
			<Placemark>
				<name>1.4.300-86</name>
				<styleUrl>#msn_ylw-pushpin51111002</styleUrl>
				<Polygon>
					<tessellate>1</tessellate>
					<outerBoundaryIs>
						<LinearRing>
							<coordinates>
								-71.63512994577457,-16.3596100037645,0 -71.63478464962201,-16.35976443766188,0 -71.63444616371383,-16.35894193050685,0 -71.63477293397209,-16.35878283707764,0 -71.63512994577457,-16.3596100037645,0 
							</coordinates>
						</LinearRing>
					</outerBoundaryIs>
				</Polygon>
			</Placemark>
			<Placemark>
				<name>1.4.300-87</name>
				<styleUrl>#msn_ylw-pushpin51111002</styleUrl>
				<Polygon>
					<tessellate>1</tessellate>
					<outerBoundaryIs>
						<LinearRing>
							<coordinates>
								-71.63469913157692,-16.35979102196438,0 -71.63449879966308,-16.35990993053778,0 -71.6343460362686,-16.35995910864895,0 -71.63397195591729,-16.35911988697698,0 -71.63435122195227,-16.35899987546922,0 -71.63469913157692,-16.35979102196438,0 
							</coordinates>
						</LinearRing>
					</outerBoundaryIs>
				</Polygon>
			</Placemark>
			<Placemark>
				<name>1.4.300-88</name>
				<styleUrl>#msn_ylw-pushpin51111002</styleUrl>
				<Polygon>
					<tessellate>1</tessellate>
					<outerBoundaryIs>
						<LinearRing>
							<coordinates>
								-71.63427604616162,-16.35998553040777,0 -71.63387916390911,-16.36013250116465,0 -71.633514194654,-16.35926942716758,0 -71.63367468700631,-16.35921164047729,0 -71.63388846236427,-16.35915523552857,0 -71.63427604616162,-16.35998553040777,0 
							</coordinates>
						</LinearRing>
					</outerBoundaryIs>
				</Polygon>
			</Placemark>
			<Placemark>
				<name>1.4.300-89</name>
				<styleUrl>#msn_ylw-pushpin51111002</styleUrl>
				<Polygon>
					<tessellate>1</tessellate>
					<outerBoundaryIs>
						<LinearRing>
							<coordinates>
								-71.63378243658951,-16.36015310582859,0 -71.63342275012403,-16.3603016045509,0 -71.63305719326505,-16.35945857494483,0 -71.63341203918404,-16.35929222897012,0 -71.63378243658951,-16.36015310582859,0 
							</coordinates>
						</LinearRing>
					</outerBoundaryIs>
				</Polygon>
			</Placemark>
			<Placemark>
				<name>1.4.300-90</name>
				<styleUrl>#msn_ylw-pushpin51111002</styleUrl>
				<Polygon>
					<tessellate>1</tessellate>
					<outerBoundaryIs>
						<LinearRing>
							<coordinates>
								-71.6334439378093,-16.36040993482807,0 -71.63384443680062,-16.36025995407935,0 -71.63419383200207,-16.36111040464658,0 -71.6338292810651,-16.36125815994709,0 -71.6334439378093,-16.36040993482807,0 
							</coordinates>
						</LinearRing>
					</outerBoundaryIs>
				</Polygon>
			</Placemark>
			<Placemark>
				<name>1.4.300-91</name>
				<styleUrl>#msn_ylw-pushpin51111002</styleUrl>
				<Polygon>
					<tessellate>1</tessellate>
					<outerBoundaryIs>
						<LinearRing>
							<coordinates>
								-71.63462158767052,-16.36091710299154,0 -71.63425252511563,-16.3610980531223,0 -71.63392603241857,-16.36021780198627,0 -71.63428900231794,-16.36006101880988,0 -71.63462158767052,-16.36091710299154,0 
							</coordinates>
						</LinearRing>
					</outerBoundaryIs>
				</Polygon>
			</Placemark>
			<Placemark>
				<name>1.4.300-92</name>
				<styleUrl>#msn_ylw-pushpin51111002</styleUrl>
				<Polygon>
					<tessellate>1</tessellate>
					<outerBoundaryIs>
						<LinearRing>
							<coordinates>
								-71.63552756629647,-16.36057980084621,0 -71.63511493191211,-16.36073024301218,0 -71.63478871483181,-16.35986074103749,0 -71.63516804359456,-16.35968896349881,0 -71.63552756629647,-16.36057980084621,0 
							</coordinates>
						</LinearRing>
					</outerBoundaryIs>
				</Polygon>
			</Placemark>
			<Placemark>
				<name>1.4.300-93</name>
				<styleUrl>#msn_ylw-pushpin51111002</styleUrl>
				<Polygon>
					<tessellate>1</tessellate>
					<outerBoundaryIs>
						<LinearRing>
							<coordinates>
								-71.6360258819776,-16.3604248475883,0 -71.63562118685118,-16.36056768397784,0 -71.63525472574447,-16.35967057850275,0 -71.63562351636492,-16.35953702675492,0 -71.6360258819776,-16.3604248475883,0 
							</coordinates>
						</LinearRing>
					</outerBoundaryIs>
				</Polygon>
			</Placemark>
			<Placemark>
				<name>1.4.300-94</name>
				<styleUrl>#msn_ylw-pushpin51111002</styleUrl>
				<Polygon>
					<tessellate>1</tessellate>
					<outerBoundaryIs>
						<LinearRing>
							<coordinates>
								-71.63386444879619,-16.36132367461351,0 -71.63421507756564,-16.36117612534744,0 -71.63458817965916,-16.36202238016889,0 -71.63421139358944,-16.36217904033987,0 -71.63386444879619,-16.36132367461351,0 
							</coordinates>
						</LinearRing>
					</outerBoundaryIs>
				</Polygon>
			</Placemark>
			<Placemark>
				<name>1.4.300-95</name>
				<styleUrl>#msn_ylw-pushpin51111002</styleUrl>
				<Polygon>
					<tessellate>1</tessellate>
					<outerBoundaryIs>
						<LinearRing>
							<coordinates>
								-71.63427681484072,-16.36115574122565,0 -71.63464430456492,-16.36100345610179,0 -71.63502734570361,-16.36185920099798,0 -71.63466723971608,-16.36200379260327,0 -71.63427681484072,-16.36115574122565,0 
							</coordinates>
						</LinearRing>
					</outerBoundaryIs>
				</Polygon>
			</Placemark>
			<Placemark>
				<name>1.4.300-96</name>
				<styleUrl>#msn_ylw-pushpin51111002</styleUrl>
				<Polygon>
					<tessellate>1</tessellate>
					<outerBoundaryIs>
						<LinearRing>
							<coordinates>
								-71.63474911515279,-16.36098284891617,0 -71.63513221378452,-16.36082604597406,0 -71.63549716631378,-16.36167134278601,0 -71.63512299851219,-16.36183751545399,0 -71.63474911515279,-16.36098284891617,0 
							</coordinates>
						</LinearRing>
					</outerBoundaryIs>
				</Polygon>
			</Placemark>
			<Placemark>
				<name>1.4.300-97</name>
				<styleUrl>#msn_ylw-pushpin51111002</styleUrl>
				<Polygon>
					<tessellate>1</tessellate>
					<outerBoundaryIs>
						<LinearRing>
							<coordinates>
								-71.63519175285175,-16.36079903495595,0 -71.63557815618643,-16.3606401038362,0 -71.63593745920659,-16.36147846290445,0 -71.63556140350791,-16.36164855448344,0 -71.63519175285175,-16.36079903495595,0 
							</coordinates>
						</LinearRing>
					</outerBoundaryIs>
				</Polygon>
			</Placemark>
			<Placemark>
				<name>1.4.300-98</name>
				<styleUrl>#msn_ylw-pushpin51111002</styleUrl>
				<Polygon>
					<tessellate>1</tessellate>
					<outerBoundaryIs>
						<LinearRing>
							<coordinates>
								-71.63583236560601,-16.3605438845165,0 -71.63623358117538,-16.36139847012127,0 -71.63601957408949,-16.36147482053262,0 -71.63564530957356,-16.36061785524908,0 -71.63583236560601,-16.3605438845165,0 
							</coordinates>
						</LinearRing>
					</outerBoundaryIs>
				</Polygon>
			</Placemark>
			<Placemark>
				<name>1.4.300-99</name>
				<styleUrl>#msn_ylw-pushpin51111002</styleUrl>
				<Polygon>
					<tessellate>1</tessellate>
					<outerBoundaryIs>
						<LinearRing>
							<coordinates>
								-71.63502461021915,-16.36300119360376,0 -71.634628064268,-16.36313785188054,0 -71.63427527788295,-16.36233228810683,0 -71.63461942706597,-16.36218961432235,0 -71.63462154066684,-16.3621853802542,0 -71.63502461021915,-16.36300119360376,0 
							</coordinates>
						</LinearRing>
					</outerBoundaryIs>
				</Polygon>
			</Placemark>
			<Placemark>
				<name>1.4.300-100</name>
				<styleUrl>#msn_ylw-pushpin51111002</styleUrl>
				<Polygon>
					<tessellate>1</tessellate>
					<outerBoundaryIs>
						<LinearRing>
							<coordinates>
								-71.63546463712915,-16.36284078341946,0 -71.63508144798941,-16.36298178214265,0 -71.63470789653219,-16.36214723561196,0 -71.63508844233036,-16.36199747559028,0 -71.63546463712915,-16.36284078341946,0 
							</coordinates>
						</LinearRing>
					</outerBoundaryIs>
				</Polygon>
			</Placemark>
			<Placemark>
				<name>1.4.300-101</name>
				<styleUrl>#msn_ylw-pushpin51111002</styleUrl>
				<Polygon>
					<tessellate>1</tessellate>
					<outerBoundaryIs>
						<LinearRing>
							<coordinates>
								-71.63514981825337,-16.36193649729847,0 -71.63555891259053,-16.36177311919334,0 -71.63593239590378,-16.36263788534675,0 -71.63553901063857,-16.36281038339305,0 -71.63514981825337,-16.36193649729847,0 
							</coordinates>
						</LinearRing>
					</outerBoundaryIs>
				</Polygon>
			</Placemark>
			<Placemark>
				<name>1.4.300-102</name>
				<styleUrl>#msn_ylw-pushpin51111002</styleUrl>
				<Polygon>
					<tessellate>1</tessellate>
					<outerBoundaryIs>
						<LinearRing>
							<coordinates>
								-71.6356238592402,-16.36175656165525,0 -71.63599434510073,-16.36160014329524,0 -71.63637096697639,-16.362495559285,0 -71.63598882102876,-16.36262381452057,0 -71.6356238592402,-16.36175656165525,0 
							</coordinates>
						</LinearRing>
					</outerBoundaryIs>
				</Polygon>
			</Placemark>
			<Placemark>
				<name>1.4.300-103</name>
				<styleUrl>#msn_ylw-pushpin51111002</styleUrl>
				<Polygon>
					<tessellate>1</tessellate>
					<outerBoundaryIs>
						<LinearRing>
							<coordinates>
								-71.63605104937236,-16.36157964510045,0 -71.63634643534192,-16.36146283258815,0 -71.63675714953325,-16.36235387053203,0 -71.63644618427176,-16.36246783112709,0 -71.63605104937236,-16.36157964510045,0 
							</coordinates>
						</LinearRing>
					</outerBoundaryIs>
				</Polygon>
			</Placemark>
			<Placemark>
				<name>1.4.300-104</name>
				<styleUrl>#msn_ylw-pushpin51111002</styleUrl>
				<Polygon>
					<tessellate>1</tessellate>
					<outerBoundaryIs>
						<LinearRing>
							<coordinates>
								-71.63468725885213,-16.36327488736546,0 -71.63507136647078,-16.36311765971947,0 -71.63542858547571,-16.3639587090971,0 -71.63503029581834,-16.36410698606458,0 -71.63468725885213,-16.36327488736546,0 
							</coordinates>
						</LinearRing>
					</outerBoundaryIs>
				</Polygon>
			</Placemark>
			<Placemark>
				<name>1.4.300-105</name>
				<styleUrl>#msn_ylw-pushpin51111002</styleUrl>
				<Polygon>
					<tessellate>1</tessellate>
					<outerBoundaryIs>
						<LinearRing>
							<coordinates>
								-71.63512880114666,-16.36308122152271,0 -71.63549096354454,-16.36292841355361,0 -71.63586166950441,-16.36378904283763,0 -71.6355090613083,-16.36392882751714,0 -71.63512880114666,-16.36308122152271,0 
							</coordinates>
						</LinearRing>
					</outerBoundaryIs>
				</Polygon>
			</Placemark>
			<Placemark>
				<name>1.4.300-106</name>
				<styleUrl>#msn_ylw-pushpin51111002</styleUrl>
				<Polygon>
					<tessellate>1</tessellate>
					<outerBoundaryIs>
						<LinearRing>
							<coordinates>
								-71.63556262274575,-16.362918048293,0 -71.6359396604949,-16.36275059139328,0 -71.63631693694407,-16.36360574957851,0 -71.6359560592466,-16.36374528766845,0 -71.63556262274575,-16.362918048293,0 
							</coordinates>
						</LinearRing>
					</outerBoundaryIs>
				</Polygon>
			</Placemark>
			<Placemark>
				<name>1.4.300-107</name>
				<styleUrl>#msn_ylw-pushpin51111002</styleUrl>
				<Polygon>
					<tessellate>1</tessellate>
					<outerBoundaryIs>
						<LinearRing>
							<coordinates>
								-71.63581719547904,-16.36488925966609,0 -71.6354531102551,-16.36503902677975,0 -71.63508181969031,-16.36421651920669,0 -71.6354444519406,-16.36405144306362,0 -71.63581719547904,-16.36488925966609,0 
							</coordinates>
						</LinearRing>
					</outerBoundaryIs>
				</Polygon>
			</Placemark>
			<Placemark>
				<name>1.4.300-108</name>
				<styleUrl>#msn_ylw-pushpin51111002</styleUrl>
				<Polygon>
					<tessellate>1</tessellate>
					<outerBoundaryIs>
						<LinearRing>
							<coordinates>
								-71.63554329384954,-16.36402311594317,0 -71.63588799935164,-16.36387213723285,0 -71.63625464347726,-16.36470006364411,0 -71.63589287328551,-16.36485398190995,0 -71.63554329384954,-16.36402311594317,0 
							</coordinates>
						</LinearRing>
					</outerBoundaryIs>
				</Polygon>
			</Placemark>
			<Placemark>
				<name>1.4.300-109</name>
				<styleUrl>#msn_ylw-pushpin51111002</styleUrl>
				<Polygon>
					<tessellate>1</tessellate>
					<outerBoundaryIs>
						<LinearRing>
							<coordinates>
								-71.63672229369013,-16.36457100659442,0 -71.63634194264563,-16.36470231409323,0 -71.63596824213673,-16.36384621451564,0 -71.63635385393761,-16.36368186516197,0 -71.63672229369013,-16.36457100659442,0 
							</coordinates>
						</LinearRing>
					</outerBoundaryIs>
				</Polygon>
			</Placemark>
			<Placemark>
				<name>1.4.300-110</name>
				<styleUrl>#msn_ylw-pushpin51111002</styleUrl>
				<Polygon>
					<tessellate>1</tessellate>
					<outerBoundaryIs>
						<LinearRing>
							<coordinates>
								-71.63643060706316,-16.36366213347388,0 -71.63681071678107,-16.36349954541835,0 -71.63721804165144,-16.36466777735533,0 -71.63692808722716,-16.36476751038776,0 -71.63643060706316,-16.36366213347388,0 
							</coordinates>
						</LinearRing>
					</outerBoundaryIs>
				</Polygon>
			</Placemark>
			<Placemark>
				<name>1.4.300-111</name>
				<styleUrl>#msn_ylw-pushpin51111002</styleUrl>
				<Polygon>
					<tessellate>1</tessellate>
					<outerBoundaryIs>
						<LinearRing>
							<coordinates>
								-71.63549079124424,-16.36512759530741,0 -71.63586900615431,-16.36497680819031,0 -71.63613293889351,-16.3656514587215,0 -71.63600432808987,-16.36561968919731,0 -71.63581284171694,-16.36557274385165,0 -71.63566832923497,-16.36552270355967,0 -71.63549079124424,-16.36512759530741,0 
							</coordinates>
						</LinearRing>
					</outerBoundaryIs>
				</Polygon>
			</Placemark>
			<Placemark>
				<name>1.4.300-112</name>
				<styleUrl>#msn_ylw-pushpin51111002</styleUrl>
				<Polygon>
					<tessellate>1</tessellate>
					<outerBoundaryIs>
						<LinearRing>
							<coordinates>
								-71.63676864964661,-16.3659091229123,0 -71.63627366294732,-16.36573072205376,0 -71.63593926030453,-16.36494475561269,0 -71.63629382025402,-16.3648048133131,0 -71.63676864964661,-16.3659091229123,0 
							</coordinates>
						</LinearRing>
					</outerBoundaryIs>
				</Polygon>
			</Placemark>
			<Placemark>
				<name>1.4.300-113</name>
				<styleUrl>#msn_ylw-pushpin51111002</styleUrl>
				<Polygon>
					<tessellate>1</tessellate>
					<outerBoundaryIs>
						<LinearRing>
							<coordinates>
								-71.63637550355477,-16.36476389941427,0 -71.6367421899005,-16.3646247034,0 -71.63732803909062,-16.36598238565259,0 -71.63693025632824,-16.3660961398499,0 -71.63637550355477,-16.36476389941427,0 
							</coordinates>
						</LinearRing>
					</outerBoundaryIs>
				</Polygon>
			</Placemark>
			<Placemark>
				<name>1.4.300-114</name>
				<styleUrl>#msn_ylw-pushpin51111002</styleUrl>
				<Polygon>
					<tessellate>1</tessellate>
					<outerBoundaryIs>
						<LinearRing>
							<coordinates>
								-71.63696771396428,-16.36488563766508,0 -71.63726440931113,-16.36475744158393,0 -71.63769466147801,-16.36593711239653,0 -71.63744831247975,-16.36604041624451,0 -71.63696771396428,-16.36488563766508,0 
							</coordinates>
						</LinearRing>
					</outerBoundaryIs>
				</Polygon>
			</Placemark>
			<Placemark>
				<name>1.4.300-117</name>
				<styleUrl>#msn_ylw-pushpin51111002</styleUrl>
				<Polygon>
					<tessellate>1</tessellate>
					<outerBoundaryIs>
						<LinearRing>
							<coordinates>
								-71.63496668746077,-16.36489440167444,0 -71.63509659668637,-16.36518962177632,0 -71.63517432847888,-16.36534468861682,0 -71.63415644543481,-16.36501907576202,0 -71.63428233419543,-16.36467665754231,0 -71.63496668746077,-16.36489440167444,0 
							</coordinates>
						</LinearRing>
					</outerBoundaryIs>
				</Polygon>
			</Placemark>
			<Placemark>
				<name>1.4.300-118</name>
				<styleUrl>#msn_ylw-pushpin51111002</styleUrl>
				<Polygon>
					<tessellate>1</tessellate>
					<outerBoundaryIs>
						<LinearRing>
							<coordinates>
								-71.63473546044236,-16.36433902387082,0 -71.63492196892888,-16.3647787234598,0 -71.63431069376443,-16.36457871149622,0 -71.63443364538671,-16.36423077624346,0 -71.63473546044236,-16.36433902387082,0 
							</coordinates>
						</LinearRing>
					</outerBoundaryIs>
				</Polygon>
			</Placemark>
			<Placemark>
				<name>1.4.300-119</name>
				<styleUrl>#msn_ylw-pushpin51111002</styleUrl>
				<Polygon>
					<tessellate>1</tessellate>
					<outerBoundaryIs>
						<LinearRing>
							<coordinates>
								-71.63436536788237,-16.36421009490564,0 -71.63423021035911,-16.36455520049171,0 -71.63332123012506,-16.36426687296977,0 -71.6335032190249,-16.36391629886621,0 -71.63388445435589,-16.36406405120157,0 -71.63436536788237,-16.36421009490564,0 
							</coordinates>
						</LinearRing>
					</outerBoundaryIs>
				</Polygon>
			</Placemark>
			<Placemark>
				<name>1.4.300-120</name>
				<styleUrl>#msn_ylw-pushpin51111002</styleUrl>
				<Polygon>
					<tessellate>1</tessellate>
					<outerBoundaryIs>
						<LinearRing>
							<coordinates>
								-71.63317807250759,-16.36468704049109,0 -71.63330152876424,-16.36435318985174,0 -71.63421277003852,-16.36464680801769,0 -71.63408649958788,-16.36499617733959,0 -71.63317807250759,-16.36468704049109,0 
							</coordinates>
						</LinearRing>
					</outerBoundaryIs>
				</Polygon>
			</Placemark>
			<Placemark>
				<name>1.4.300-121</name>
				<styleUrl>#msn_ylw-pushpin51111002</styleUrl>
				<Polygon>
					<tessellate>1</tessellate>
					<outerBoundaryIs>
						<LinearRing>
							<coordinates>
								-71.63318373415137,-16.3643110752191,0 -71.6330207270499,-16.36465180783192,0 -71.63208194580096,-16.36434703816604,0 -71.63215072551712,-16.36417623671052,0 -71.63220185499617,-16.36415439879779,0 -71.63236466750539,-16.36402357914618,0 -71.63318373415137,-16.3643110752191,0 
							</coordinates>
						</LinearRing>
					</outerBoundaryIs>
				</Polygon>
			</Placemark>
			<Placemark>
				<name>1.4.300-122</name>
				<styleUrl>#msn_ylw-pushpin51111002</styleUrl>
				<Polygon>
					<tessellate>1</tessellate>
					<outerBoundaryIs>
						<LinearRing>
							<coordinates>
								-71.63338993738407,-16.36388067322072,0 -71.63323140468607,-16.36420662852029,0 -71.6324710601162,-16.36396191168432,0 -71.63254326207121,-16.3638857665823,0 -71.63266769284428,-16.36379369661041,0 -71.63277866520598,-16.363675653487,0 -71.63338993738407,-16.36388067322072,0 
							</coordinates>
						</LinearRing>
					</outerBoundaryIs>
				</Polygon>
			</Placemark>
			<Placemark>
				<name>1.4.305-1</name>
				<LookAt>
					<longitude>-71.60390772803817</longitude>
					<latitude>-16.32899019561306</latitude>
					<altitude>0</altitude>
					<heading>7.478703672012292</heading>
					<tilt>26.5512206492487</tilt>
					<range>351.0844710572688</range>
					<gx:altitudeMode>relativeToSeaFloor</gx:altitudeMode>
				</LookAt>
				<styleUrl>#msn_ylw-pushpin51111002</styleUrl>
				<Polygon>
					<tessellate>1</tessellate>
					<outerBoundaryIs>
						<LinearRing>
							<coordinates>
								-71.60381024162487,-16.32859630130299,0 -71.60414723919457,-16.32831866921646,0 -71.6043068001953,-16.32850231161638,0 -71.60430350763755,-16.3288367195774,0 -71.60421600846482,-16.32907916504093,0 -71.60381024162487,-16.32859630130299,0 
							</coordinates>
						</LinearRing>
					</outerBoundaryIs>
				</Polygon>
			</Placemark>
			<Placemark>
				<name>1.4.305-2</name>
				<styleUrl>#msn_ylw-pushpin51111002</styleUrl>
				<Polygon>
					<tessellate>1</tessellate>
					<outerBoundaryIs>
						<LinearRing>
							<coordinates>
								-71.60415115371505,-16.32914019001352,0 -71.60414274881438,-16.32950159019701,0 -71.60401455744508,-16.32962141172946,0 -71.60340633533322,-16.32893031555161,0 -71.60373696207834,-16.32864374850312,0 -71.60415115371505,-16.32914019001352,0 
							</coordinates>
						</LinearRing>
					</outerBoundaryIs>
				</Polygon>
			</Placemark>
			<Placemark>
				<name>1.4.305-3</name>
				<styleUrl>#msn_ylw-pushpin51111002</styleUrl>
				<Polygon>
					<tessellate>1</tessellate>
					<outerBoundaryIs>
						<LinearRing>
							<coordinates>
								-71.60448273885939,-16.32873033209016,0 -71.60485012487862,-16.32918061377209,0 -71.60424181682312,-16.32965870846319,0 -71.60419773014149,-16.32958537873914,0 -71.60448273885939,-16.32873033209016,0 
							</coordinates>
						</LinearRing>
					</outerBoundaryIs>
				</Polygon>
			</Placemark>
			<Placemark>
				<name>1.4.305-4</name>
				<styleUrl>#msn_ylw-pushpin51111002</styleUrl>
				<Polygon>
					<tessellate>1</tessellate>
					<outerBoundaryIs>
						<LinearRing>
							<coordinates>
								-71.60379483782613,-16.32951877124439,0 -71.60404875458873,-16.32983434482798,0 -71.60339187751858,-16.33034893142193,0 -71.60313436746237,-16.33004987728941,0 -71.60379483782613,-16.32951877124439,0 
							</coordinates>
						</LinearRing>
					</outerBoundaryIs>
				</Polygon>
			</Placemark>
			<Placemark>
				<name>1.4.305-5</name>
				<styleUrl>#msn_ylw-pushpin51111002</styleUrl>
				<Polygon>
					<tessellate>1</tessellate>
					<outerBoundaryIs>
						<LinearRing>
							<coordinates>
								-71.60411185863559,-16.3299119059328,0 -71.60437273630963,-16.33019181434537,0 -71.60363300705487,-16.33078122048785,0 -71.60340213386628,-16.33048984292679,0 -71.60411185863559,-16.3299119059328,0 
							</coordinates>
						</LinearRing>
					</outerBoundaryIs>
				</Polygon>
			</Placemark>
			<Placemark>
				<name>1.4.305-6</name>
				<styleUrl>#msn_ylw-pushpin51111002</styleUrl>
				<Polygon>
					<tessellate>1</tessellate>
					<outerBoundaryIs>
						<LinearRing>
							<coordinates>
								-71.60441300835107,-16.33022687849424,0 -71.6046641788555,-16.3305385511827,0 -71.60381176990778,-16.33120804367356,0 -71.60370774140222,-16.33107710376222,0 -71.60359795742698,-16.33089412117884,0 -71.60441300835107,-16.33022687849424,0 
							</coordinates>
						</LinearRing>
					</outerBoundaryIs>
				</Polygon>
			</Placemark>
			<Placemark>
				<name>1.4.305-7</name>
				<styleUrl>#msn_ylw-pushpin51111002</styleUrl>
				<Polygon>
					<tessellate>1</tessellate>
					<outerBoundaryIs>
						<LinearRing>
							<coordinates>
								-71.60496748836293,-16.33086892511657,0 -71.60409215865822,-16.33154280351688,0 -71.6038476885639,-16.33126159258097,0 -71.60470164938201,-16.33058081639291,0 -71.60496748836293,-16.33086892511657,0 
							</coordinates>
						</LinearRing>
					</outerBoundaryIs>
				</Polygon>
			</Placemark>
			<Placemark>
				<name>1.4.305-8</name>
				<styleUrl>#msn_ylw-pushpin51111002</styleUrl>
				<Polygon>
					<tessellate>1</tessellate>
					<outerBoundaryIs>
						<LinearRing>
							<coordinates>
								-71.604981897569,-16.33090443723917,0 -71.60522913692705,-16.33119361847069,0 -71.6044431045415,-16.33183515665117,0 -71.60416204536909,-16.33157788840166,0 -71.604981897569,-16.33090443723917,0 
							</coordinates>
						</LinearRing>
					</outerBoundaryIs>
				</Polygon>
			</Placemark>
			<Placemark>
				<name>1.4.305-9</name>
				<styleUrl>#msn_ylw-pushpin51111002</styleUrl>
				<Polygon>
					<tessellate>1</tessellate>
					<outerBoundaryIs>
						<LinearRing>
							<coordinates>
								-71.6052811395862,-16.33125208673403,0 -71.60553033831272,-16.3315409975006,0 -71.60484174526691,-16.33207226896505,0 -71.60472212678997,-16.3320554896146,0 -71.60459742119076,-16.33201855955264,0 -71.60448788108096,-16.33188539687299,0 -71.6052811395862,-16.33125208673403,0 
							</coordinates>
						</LinearRing>
					</outerBoundaryIs>
				</Polygon>
			</Placemark>
			<Placemark>
				<name>1.4.305-10</name>
				<styleUrl>#msn_ylw-pushpin51111002</styleUrl>
				<Polygon>
					<tessellate>1</tessellate>
					<outerBoundaryIs>
						<LinearRing>
							<coordinates>
								-71.60556889393975,-16.33158717983554,0 -71.60580385278661,-16.33187829500805,0 -71.60527399447321,-16.33229330526697,0 -71.60503065413685,-16.3319954697481,0 -71.60556889393975,-16.33158717983554,0 
							</coordinates>
						</LinearRing>
					</outerBoundaryIs>
				</Polygon>
			</Placemark>
			<Placemark>
				<name>1.4.305-11</name>
				<styleUrl>#msn_ylw-pushpin51111002</styleUrl>
				<Polygon>
					<tessellate>1</tessellate>
					<outerBoundaryIs>
						<LinearRing>
							<coordinates>
								-71.60586112628491,-16.33191306945785,0 -71.60610381219102,-16.33220157724839,0 -71.60556356852796,-16.33262701121777,0 -71.60542397837317,-16.33251407853734,0 -71.60538744876081,-16.33248055010863,0 -71.6053180357451,-16.33234876449189,0 -71.60586112628491,-16.33191306945785,0 
							</coordinates>
						</LinearRing>
					</outerBoundaryIs>
				</Polygon>
			</Placemark>
			<Placemark>
				<name>1.4.305-12</name>
				<styleUrl>#msn_ylw-pushpin51111002</styleUrl>
				<Polygon>
					<tessellate>1</tessellate>
					<outerBoundaryIs>
						<LinearRing>
							<coordinates>
								-71.60612982494914,-16.33225272877072,0 -71.6063790892955,-16.33254087888707,0 -71.60591203580412,-16.33291403906821,0 -71.60566725055189,-16.33262827541073,0 -71.60612982494914,-16.33225272877072,0 
							</coordinates>
						</LinearRing>
					</outerBoundaryIs>
				</Polygon>
			</Placemark>
			<Placemark>
				<name>1.4.305-13</name>
				<styleUrl>#msn_ylw-pushpin51111002</styleUrl>
				<Polygon>
					<tessellate>1</tessellate>
					<outerBoundaryIs>
						<LinearRing>
							<coordinates>
								-71.60642712096445,-16.33260041588407,0 -71.60666777288228,-16.33287192588062,0 -71.60621901029241,-16.33324732455544,0 -71.60596135044366,-16.33296197726042,0 -71.60642712096445,-16.33260041588407,0 
							</coordinates>
						</LinearRing>
					</outerBoundaryIs>
				</Polygon>
			</Placemark>
			<Placemark>
				<name>1.4.305-14</name>
				<styleUrl>#msn_ylw-pushpin51111002</styleUrl>
				<Polygon>
					<tessellate>1</tessellate>
					<outerBoundaryIs>
						<LinearRing>
							<coordinates>
								-71.60669643670222,-16.33291916383465,0 -71.60695257637758,-16.33322113667312,0 -71.60649906254838,-16.33358224705508,0 -71.60624778077428,-16.33328050368831,0 -71.60669643670222,-16.33291916383465,0 
							</coordinates>
						</LinearRing>
					</outerBoundaryIs>
				</Polygon>
			</Placemark>
			<Placemark>
				<name>1.4.305-15</name>
				<styleUrl>#msn_ylw-pushpin51111002</styleUrl>
				<Polygon>
					<tessellate>1</tessellate>
					<outerBoundaryIs>
						<LinearRing>
							<coordinates>
								-71.60713126435816,-16.33340996814713,0 -71.60716893034075,-16.3336014552313,0 -71.60677969290309,-16.33393239530412,0 -71.6065458374778,-16.33362840703806,0 -71.60699644183738,-16.33325945226717,0 -71.60713126435816,-16.33340996814713,0 
							</coordinates>
						</LinearRing>
					</outerBoundaryIs>
				</Polygon>
			</Placemark>
			<Placemark>
				<name>1.4.305-17</name>
				<styleUrl>#msn_ylw-pushpin51111002</styleUrl>
				<Polygon>
					<tessellate>1</tessellate>
					<outerBoundaryIs>
						<LinearRing>
							<coordinates>
								-71.60504324138401,-16.33080632511117,0 -71.60577217687332,-16.33021391457281,0 -71.60681733583408,-16.3314503210195,0 -71.60612142379796,-16.33205254695917,0 -71.60504324138401,-16.33080632511117,0 
							</coordinates>
						</LinearRing>
					</outerBoundaryIs>
				</Polygon>
			</Placemark>
			<Placemark>
				<name>1.4.305-18</name>
				<styleUrl>#msn_ylw-pushpin51111002</styleUrl>
				<Polygon>
					<tessellate>1</tessellate>
					<outerBoundaryIs>
						<LinearRing>
							<coordinates>
								-71.60649199913915,-16.33189443563458,0 -71.60670711669553,-16.33216985831649,0 -71.60638484645087,-16.33242044188104,0 -71.60617116190708,-16.3321488703523,0 -71.60649199913915,-16.33189443563458,0 
							</coordinates>
						</LinearRing>
					</outerBoundaryIs>
				</Polygon>
			</Placemark>
			<Placemark>
				<name>1.4.305-19</name>
				<styleUrl>#msn_ylw-pushpin51111002</styleUrl>
				<Polygon>
					<tessellate>1</tessellate>
					<outerBoundaryIs>
						<LinearRing>
							<coordinates>
								-71.60711542106657,-16.33263640634757,0 -71.60679051323903,-16.33287254232465,0 -71.60643822051819,-16.33246627992694,0 -71.60675180306532,-16.33222458569901,0 -71.60711542106657,-16.33263640634757,0 
							</coordinates>
						</LinearRing>
					</outerBoundaryIs>
				</Polygon>
			</Placemark>
			<Placemark>
				<name>1.4.305-20</name>
				<styleUrl>#msn_ylw-pushpin51111002</styleUrl>
				<Polygon>
					<tessellate>1</tessellate>
					<outerBoundaryIs>
						<LinearRing>
							<coordinates>
								-71.60655417782013,-16.33185106101451,0 -71.60690939496351,-16.33155411518878,0 -71.60798822140167,-16.33280966208118,0 -71.60752254694442,-16.33298513266572,0 -71.60689114262917,-16.33228626090813,0 -71.60655417782013,-16.33185106101451,0 
							</coordinates>
						</LinearRing>
					</outerBoundaryIs>
				</Polygon>
			</Placemark>
			<Placemark>
				<name>1.4.305-21</name>
				<styleUrl>#msn_ylw-pushpin51111002</styleUrl>
				<Polygon>
					<tessellate>1</tessellate>
					<outerBoundaryIs>
						<LinearRing>
							<coordinates>
								-71.60771255395817,-16.33300209974201,0 -71.60802931280556,-16.33285430469125,0 -71.60825581676723,-16.33312746112685,0 -71.60798866350747,-16.33333582329374,0 -71.60771255395817,-16.33300209974201,0 
							</coordinates>
						</LinearRing>
					</outerBoundaryIs>
				</Polygon>
			</Placemark>
			<Placemark>
				<name>1.4.305-22</name>
				<styleUrl>#msn_ylw-pushpin51111002</styleUrl>
				<Polygon>
					<tessellate>1</tessellate>
					<outerBoundaryIs>
						<LinearRing>
							<coordinates>
								-71.6085367058256,-16.33345754976802,0 -71.60827210851753,-16.33366747831172,0 -71.60803917684379,-16.33338124961688,0 -71.60830521253622,-16.33318363171069,0 -71.6085367058256,-16.33345754976802,0 
							</coordinates>
						</LinearRing>
					</outerBoundaryIs>
				</Polygon>
			</Placemark>
			<Placemark>
				<name>1.4.305-23</name>
				<styleUrl>#msn_ylw-pushpin51111002</styleUrl>
				<Polygon>
					<tessellate>1</tessellate>
					<outerBoundaryIs>
						<LinearRing>
							<coordinates>
								-71.60880440612526,-16.33376952861897,0 -71.6085791877895,-16.3339735285483,0 -71.60830457697533,-16.3337129519924,0 -71.60859254838228,-16.33350130581999,0 -71.60880440612526,-16.33376952861897,0 
							</coordinates>
						</LinearRing>
					</outerBoundaryIs>
				</Polygon>
			</Placemark>
			<Placemark>
				<name>1.4.305-24</name>
				<styleUrl>#msn_ylw-pushpin51111002</styleUrl>
				<Polygon>
					<tessellate>1</tessellate>
					<outerBoundaryIs>
						<LinearRing>
							<coordinates>
								-71.60745856710413,-16.33364914787071,0 -71.60753306589092,-16.33384698842502,0 -71.6076413669628,-16.33407156147159,0 -71.6078119406545,-16.33433008642564,0 -71.60796191738586,-16.33449415976952,0 -71.60805518583898,-16.33443262354327,0 -71.60852204082384,-16.33407416314895,0 -71.60886551955069,-16.33382250160117,0 -71.6090447411916,-16.33405129947356,0 -71.60885132257805,-16.33421736935785,0 -71.60854276234507,-16.33446672869875,0 -71.60806169779578,-16.33487425024389,0 -71.6078403522028,-16.33462422193211,0 -71.60758658366851,-16.33431954122033,0 -71.60738893829654,-16.33393502957468,0 -71.60727562814607,-16.3336623397223,0 -71.60721347610688,-16.33339144737064,0 -71.60737302173465,-16.33326177506627,0 -71.60745856710413,-16.33364914787071,0 
							</coordinates>
						</LinearRing>
					</outerBoundaryIs>
				</Polygon>
			</Placemark>
			<Placemark>
				<name>1.4.305-25</name>
				<styleUrl>#msn_ylw-pushpin51111002</styleUrl>
				<Polygon>
					<tessellate>1</tessellate>
					<outerBoundaryIs>
						<LinearRing>
							<coordinates>
								-71.60730348436452,-16.33400214235521,0 -71.60746562679539,-16.33431838533444,0 -71.60718282334403,-16.33452792570293,0 -71.60701156130034,-16.33419833299441,0 -71.60690687771294,-16.33391752253645,0 -71.60720320372961,-16.33368674421594,0 -71.60730348436452,-16.33400214235521,0 
							</coordinates>
						</LinearRing>
					</outerBoundaryIs>
				</Polygon>
			</Placemark>
			<Placemark>
				<name>1.4.305-26</name>
				<styleUrl>#msn_ylw-pushpin51111002</styleUrl>
				<Polygon>
					<tessellate>1</tessellate>
					<outerBoundaryIs>
						<LinearRing>
							<coordinates>
								-71.60766796940817,-16.33462849056001,0 -71.60795724506413,-16.33495341030763,0 -71.60783569715127,-16.33505459230328,0 -71.60735372944974,-16.33450700071745,0 -71.60749679528689,-16.33437532307667,0 -71.60766796940817,-16.33462849056001,0 
							</coordinates>
						</LinearRing>
					</outerBoundaryIs>
				</Polygon>
			</Placemark>
			<Placemark>
				<name>1.4.305-27</name>
				<styleUrl>#msn_ylw-pushpin51111002</styleUrl>
				<Polygon>
					<tessellate>1</tessellate>
					<outerBoundaryIs>
						<LinearRing>
							<coordinates>
								-71.60876667623636,-16.33444157702704,0 -71.60912481687265,-16.3341380143261,0 -71.61001297186633,-16.33515351703777,0 -71.60965066482029,-16.33544562802832,0 -71.60876667623636,-16.33444157702704,0 
							</coordinates>
						</LinearRing>
					</outerBoundaryIs>
				</Polygon>
			</Placemark>
			<Placemark>
				<name>1.4.305-28</name>
				<styleUrl>#msn_ylw-pushpin51111002</styleUrl>
				<Polygon>
					<tessellate>1</tessellate>
					<outerBoundaryIs>
						<LinearRing>
							<coordinates>
								-71.60870356229051,-16.33449034412057,0 -71.6090143413446,-16.33484629426138,0 -71.60848787004518,-16.33525126034347,0 -71.60844231102172,-16.33506074696982,0 -71.60826599811666,-16.33484880977086,0 -71.60870356229051,-16.33449034412057,0 
							</coordinates>
						</LinearRing>
					</outerBoundaryIs>
				</Polygon>
			</Placemark>
			<Placemark>
				<name>1.4.305-29</name>
				<styleUrl>#msn_ylw-pushpin51111002</styleUrl>
				<Polygon>
					<tessellate>1</tessellate>
					<outerBoundaryIs>
						<LinearRing>
							<coordinates>
								-71.60881384472135,-16.33510967452825,0 -71.60904330567425,-16.33491774778544,0 -71.60927133946105,-16.33516534125187,0 -71.60899809039897,-16.33540032588552,0 -71.60858713137351,-16.33572545266551,0 -71.60853798626161,-16.33553058337657,0 -71.60850856478331,-16.33534435605805,0 -71.60881384472135,-16.33510967452825,0 
							</coordinates>
						</LinearRing>
					</outerBoundaryIs>
				</Polygon>
			</Placemark>
			<Placemark>
				<name>1.4.305-30</name>
				<styleUrl>#msn_ylw-pushpin51111002</styleUrl>
				<Polygon>
					<tessellate>1</tessellate>
					<outerBoundaryIs>
						<LinearRing>
							<coordinates>
								-71.60897879959981,-16.3355307338849,0 -71.60932738921254,-16.33521738010286,0 -71.60959056737377,-16.33550223862759,0 -71.60877694561968,-16.33619448077359,0 -71.6086784090968,-16.33601139536125,0 -71.60861041160884,-16.33581974373083,0 -71.60897879959981,-16.3355307338849,0 
							</coordinates>
						</LinearRing>
					</outerBoundaryIs>
				</Polygon>
			</Placemark>
			<Placemark>
				<name>1.4.305-31</name>
				<styleUrl>#msn_ylw-pushpin51111002</styleUrl>
				<Polygon>
					<tessellate>1</tessellate>
					<outerBoundaryIs>
						<LinearRing>
							<coordinates>
								-71.60832557293182,-16.33505292675073,0 -71.60839786448166,-16.33517003479269,0 -71.60843475108932,-16.33532311691834,0 -71.60846995287983,-16.33564031827868,0 -71.60853661173508,-16.33588776923479,0 -71.60862104953452,-16.33606380656648,0 -71.60870876320764,-16.3362247854364,0 -71.60858207863828,-16.33631830504126,0 -71.60848801126511,-16.33614816390025,0 -71.60840990633082,-16.33598374600288,0 -71.608353305337,-16.33576992879901,0 -71.60828374392587,-16.33543440032165,0 -71.60822714909784,-16.33522925005412,0 -71.60805691300388,-16.33502413286893,0 -71.60819428174672,-16.33489837816494,0 -71.60832557293182,-16.33505292675073,0 
							</coordinates>
						</LinearRing>
					</outerBoundaryIs>
				</Polygon>
			</Placemark>
			<Placemark>
				<name>1.4.305-32</name>
				<styleUrl>#msn_ylw-pushpin51111002</styleUrl>
				<Polygon>
					<tessellate>1</tessellate>
					<outerBoundaryIs>
						<LinearRing>
							<coordinates>
								-71.60953723377435,-16.33621412958499,0 -71.60899971304963,-16.3366910236381,0 -71.6088312877387,-16.33630416273876,0 -71.60927928834295,-16.33591650432074,0 -71.60953723377435,-16.33621412958499,0 
							</coordinates>
						</LinearRing>
					</outerBoundaryIs>
				</Polygon>
			</Placemark>
			<Placemark>
				<name>1.4.305-33</name>
				<styleUrl>#msn_ylw-pushpin51111002</styleUrl>
				<Polygon>
					<tessellate>1</tessellate>
					<outerBoundaryIs>
						<LinearRing>
							<coordinates>
								-71.60991446174823,-16.33588548298269,0 -71.60962565667637,-16.33612397937092,0 -71.60936646444667,-16.33583646785178,0 -71.60965585713015,-16.33559834704237,0 -71.60991446174823,-16.33588548298269,0 
							</coordinates>
						</LinearRing>
					</outerBoundaryIs>
				</Polygon>
			</Placemark>
			<Placemark>
				<name>1.4.305-34</name>
				<styleUrl>#msn_ylw-pushpin51111002</styleUrl>
				<Polygon>
					<tessellate>1</tessellate>
					<outerBoundaryIs>
						<LinearRing>
							<coordinates>
								-71.61034818212462,-16.33554422188359,0 -71.60999098282431,-16.33583050811289,0 -71.60972104157656,-16.33554172583125,0 -71.61009788443776,-16.33524536709647,0 -71.61034818212462,-16.33554422188359,0 
							</coordinates>
						</LinearRing>
					</outerBoundaryIs>
				</Polygon>
			</Placemark>
			<Placemark>
				<name>1.4.305-35</name>
				<styleUrl>#msn_ylw-pushpin51111002</styleUrl>
				<Polygon>
					<tessellate>1</tessellate>
					<outerBoundaryIs>
						<LinearRing>
							<coordinates>
								-71.61038816667808,-16.33557736015718,0 -71.61099099102438,-16.33625774681988,0 -71.61087436295946,-16.33635306960596,0 -71.6103709237354,-16.33582658596977,0 -71.60987154228246,-16.33626369995927,0 -71.60974435967138,-16.33613205840846,0 -71.61038816667808,-16.33557736015718,0 
							</coordinates>
						</LinearRing>
					</outerBoundaryIs>
				</Polygon>
			</Placemark>
			<Placemark>
				<name>1.4.305-36</name>
				<styleUrl>#msn_ylw-pushpin51111002</styleUrl>
				<Polygon>
					<tessellate>1</tessellate>
					<outerBoundaryIs>
						<LinearRing>
							<coordinates>
								-71.60987761252991,-16.33662232139334,0 -71.60923258247674,-16.33715692037888,0 -71.60903224233441,-16.33673086024904,0 -71.60957375535989,-16.33626404460466,0 -71.60987761252991,-16.33662232139334,0 
							</coordinates>
						</LinearRing>
					</outerBoundaryIs>
				</Polygon>
			</Placemark>
			<Placemark>
				<name>1.4.305-37</name>
				<styleUrl>#msn_ylw-pushpin51111002</styleUrl>
				<Polygon>
					<tessellate>1</tessellate>
					<outerBoundaryIs>
						<LinearRing>
							<coordinates>
								-71.60994538230926,-16.33669477783958,0 -71.61018736105389,-16.33699071775346,0 -71.60952328621525,-16.33751890730976,0 -71.60930167566005,-16.33723381762124,0 -71.60994538230926,-16.33669477783958,0 
							</coordinates>
						</LinearRing>
					</outerBoundaryIs>
				</Polygon>
			</Placemark>
			<Placemark>
				<name>1.4.305-38</name>
				<styleUrl>#msn_ylw-pushpin51111002</styleUrl>
				<Polygon>
					<tessellate>1</tessellate>
					<outerBoundaryIs>
						<LinearRing>
							<coordinates>
								-71.60945152462543,-16.33757634599968,0 -71.60931393981301,-16.33770207267825,0 -71.60912893516618,-16.3374900453023,0 -71.60905026370033,-16.33737012999897,0 -71.60911100116773,-16.3373255657431,0 -71.6092121767706,-16.3372669017869,0 -71.60928185732855,-16.33738060598838,0 -71.60945152462543,-16.33757634599968,0 
							</coordinates>
						</LinearRing>
					</outerBoundaryIs>
				</Polygon>
			</Placemark>
			<Placemark>
				<name>1.4.305-39</name>
				<styleUrl>#msn_ylw-pushpin51111002</styleUrl>
				<Polygon>
					<tessellate>1</tessellate>
					<outerBoundaryIs>
						<LinearRing>
							<coordinates>
								-71.60978245059687,-16.33795071793008,0 -71.60958398670337,-16.33811710174649,0 -71.60933583777413,-16.33785121626259,0 -71.60952388084768,-16.33767649519088,0 -71.60978245059687,-16.33795071793008,0 
							</coordinates>
						</LinearRing>
					</outerBoundaryIs>
				</Polygon>
			</Placemark>
			<Placemark>
				<name>1.4.305-40</name>
				<styleUrl>#msn_ylw-pushpin51111002</styleUrl>
				<Polygon>
					<tessellate>1</tessellate>
					<outerBoundaryIs>
						<LinearRing>
							<coordinates>
								-71.60984187923859,-16.33801179927726,0 -71.61003123594718,-16.33823114872897,0 -71.60973453034306,-16.33846232921142,0 -71.60956274859934,-16.3382586837216,0 -71.60984187923859,-16.33801179927726,0 
							</coordinates>
						</LinearRing>
					</outerBoundaryIs>
				</Polygon>
			</Placemark>
			<Placemark>
				<name>1.4.305-41</name>
				<styleUrl>#msn_ylw-pushpin51111002</styleUrl>
				<Polygon>
					<tessellate>1</tessellate>
					<outerBoundaryIs>
						<LinearRing>
							<coordinates>
								-71.61025065648892,-16.33705960400063,0 -71.61049300731474,-16.33734894619033,0 -71.60985641834478,-16.33788336955326,0 -71.60959283983874,-16.33758529365804,0 -71.61025065648892,-16.33705960400063,0 
							</coordinates>
						</LinearRing>
					</outerBoundaryIs>
				</Polygon>
			</Placemark>
			<Placemark>
				<name>1.4.305-42</name>
				<styleUrl>#msn_ylw-pushpin51111002</styleUrl>
				<Polygon>
					<tessellate>1</tessellate>
					<outerBoundaryIs>
						<LinearRing>
							<coordinates>
								-71.61074804130176,-16.33763490083372,0 -71.6100998491126,-16.33819165014127,0 -71.60990628762471,-16.33794437649087,0 -71.61055357084548,-16.33743011101299,0 -71.61074804130176,-16.33763490083372,0 
							</coordinates>
						</LinearRing>
					</outerBoundaryIs>
				</Polygon>
			</Placemark>
			<Placemark>
				<name>1.4.305-43</name>
				<styleUrl>#msn_ylw-pushpin51111002</styleUrl>
				<Polygon>
					<tessellate>1</tessellate>
					<outerBoundaryIs>
						<LinearRing>
							<coordinates>
								-71.61082234681646,-16.33770564980081,0 -71.61107571758725,-16.33799151657811,0 -71.61039584067001,-16.33854967681883,0 -71.61016053456527,-16.33824982923519,0 -71.61082234681646,-16.33770564980081,0 
							</coordinates>
						</LinearRing>
					</outerBoundaryIs>
				</Polygon>
			</Placemark>
			<Placemark>
				<name>1.4.305-44</name>
				<styleUrl>#msn_ylw-pushpin51111002</styleUrl>
				<Polygon>
					<tessellate>1</tessellate>
					<outerBoundaryIs>
						<LinearRing>
							<coordinates>
								-71.61189267684374,-16.3373250757826,0 -71.61114538010685,-16.33789036037558,0 -71.61035486256293,-16.33699038550697,0 -71.61110253513152,-16.33641883373381,0 -71.61189267684374,-16.3373250757826,0 
							</coordinates>
						</LinearRing>
					</outerBoundaryIs>
				</Polygon>
			</Placemark>
			<Placemark>
				<name>1.4.305-45</name>
				<styleUrl>#msn_ylw-pushpin51111002</styleUrl>
				<Polygon>
					<tessellate>1</tessellate>
					<outerBoundaryIs>
						<LinearRing>
							<coordinates>
								-71.61122774585733,-16.33799111800367,0 -71.61195276857377,-16.33741311055034,0 -71.61271291091288,-16.3383117027077,0 -71.61200510055113,-16.33888808612326,0 -71.61122774585733,-16.33799111800367,0 
							</coordinates>
						</LinearRing>
					</outerBoundaryIs>
				</Polygon>
			</Placemark>
			<Placemark>
				<name>1.4.305-46</name>
				<styleUrl>#msn_ylw-pushpin51111002</styleUrl>
				<Polygon>
					<tessellate>1</tessellate>
					<outerBoundaryIs>
						<LinearRing>
							<coordinates>
								-71.6100954444743,-16.33830803644594,0 -71.61033986981775,-16.33860203069781,0 -71.60976030086979,-16.33907170198811,0 -71.60962439252596,-16.33890771698828,0 -71.60976111166798,-16.33880168461,0 -71.60964073404763,-16.33866797921655,0 -71.6100954444743,-16.33830803644594,0 
							</coordinates>
						</LinearRing>
					</outerBoundaryIs>
				</Polygon>
			</Placemark>
			<Placemark>
				<name>1.4.305-47</name>
				<styleUrl>#msn_ylw-pushpin51111002</styleUrl>
				<Polygon>
					<tessellate>1</tessellate>
					<outerBoundaryIs>
						<LinearRing>
							<coordinates>
								-71.60953861451316,-16.33897756276376,0 -71.60968000942749,-16.33913630538347,0 -71.6091694866692,-16.33952694154148,0 -71.60905249173391,-16.33939632145698,0 -71.60953861451316,-16.33897756276376,0 
							</coordinates>
						</LinearRing>
					</outerBoundaryIs>
				</Polygon>
			</Placemark>
			<Placemark>
				<name>1.4.305-48</name>
				<styleUrl>#msn_ylw-pushpin51111002</styleUrl>
				<Polygon>
					<tessellate>1</tessellate>
					<outerBoundaryIs>
						<LinearRing>
							<coordinates>
								-71.609991604393,-16.33949985477042,0 -71.60982863208784,-16.33963997302763,0 -71.60968525075791,-16.33974861393578,0 -71.60951192584908,-16.3398824789998,0 -71.6091500204372,-16.34014386649173,0 -71.60894012653122,-16.33983368302628,0 -71.60974995750196,-16.33921086386245,0 -71.609991604393,-16.33949985477042,0 
							</coordinates>
						</LinearRing>
					</outerBoundaryIs>
				</Polygon>
			</Placemark>
			<Placemark>
				<name>1.4.305-49</name>
				<styleUrl>#msn_ylw-pushpin51111002</styleUrl>
				<Polygon>
					<tessellate>1</tessellate>
					<outerBoundaryIs>
						<LinearRing>
							<coordinates>
								-71.61040161971826,-16.33866897730237,0 -71.61065461124737,-16.33894982482865,0 -71.61006330870006,-16.33943061100558,0 -71.60983213298958,-16.33913859314779,0 -71.61040161971826,-16.33866897730237,0 
							</coordinates>
						</LinearRing>
					</outerBoundaryIs>
				</Polygon>
			</Placemark>
			<Placemark>
				<name>1.4.305-50</name>
				<styleUrl>#msn_ylw-pushpin51111002</styleUrl>
				<Polygon>
					<tessellate>1</tessellate>
					<outerBoundaryIs>
						<LinearRing>
							<coordinates>
								-71.61111831999732,-16.33806040370188,0 -71.61139609179671,-16.33836798374391,0 -71.61072620992564,-16.33890147674779,0 -71.61047999696474,-16.33859913262715,0 -71.61111831999732,-16.33806040370188,0 
							</coordinates>
						</LinearRing>
					</outerBoundaryIs>
				</Polygon>
			</Placemark>
			<Placemark>
				<name>1.4.305-51</name>
				<styleUrl>#msn_ylw-pushpin51111002</styleUrl>
				<Polygon>
					<tessellate>1</tessellate>
					<outerBoundaryIs>
						<LinearRing>
							<coordinates>
								-71.61143461525063,-16.33843336005228,0 -71.6116184244916,-16.33864348540667,0 -71.61096906767479,-16.33918543746447,0 -71.61077441373239,-16.33895167891273,0 -71.61143461525063,-16.33843336005228,0 
							</coordinates>
						</LinearRing>
					</outerBoundaryIs>
				</Polygon>
			</Placemark>
			<Placemark>
				<name>1.4.305-52</name>
				<styleUrl>#msn_ylw-pushpin51111002</styleUrl>
				<Polygon>
					<tessellate>1</tessellate>
					<outerBoundaryIs>
						<LinearRing>
							<coordinates>
								-71.61069629427311,-16.33900751449718,0 -71.61089828201148,-16.33923761151233,0 -71.61031993634653,-16.33971097784126,0 -71.61010451531298,-16.33948485667443,0 -71.61069629427311,-16.33900751449718,0 
							</coordinates>
						</LinearRing>
					</outerBoundaryIs>
				</Polygon>
			</Placemark>
			<Placemark>
				<name>1.4.305-53</name>
				<styleUrl>#msn_ylw-pushpin51111002</styleUrl>
				<Polygon>
					<tessellate>1</tessellate>
					<outerBoundaryIs>
						<LinearRing>
							<coordinates>
								-71.61004816179127,-16.33956430307473,0 -71.61021782878002,-16.33980680123688,0 -71.60992718588491,-16.34002077028169,0 -71.60981185846414,-16.33986951795498,0 -71.60973547166999,-16.33979406022313,0 -71.61004816179127,-16.33956430307473,0 
							</coordinates>
						</LinearRing>
					</outerBoundaryIs>
				</Polygon>
			</Placemark>
			<Placemark>
				<name>1.4.305-54</name>
				<styleUrl>#msn_ylw-pushpin51111002</styleUrl>
				<Polygon>
					<tessellate>1</tessellate>
					<outerBoundaryIs>
						<LinearRing>
							<coordinates>
								-71.60978705202217,-16.33995505327598,0 -71.60986952952878,-16.34007475167269,0 -71.60953843624696,-16.34034584946339,0 -71.60941565531839,-16.34041567944676,0 -71.60932200090279,-16.34030417853686,0 -71.60925853935309,-16.34019658200825,0 -71.60966983764602,-16.33986077237787,0 -71.60978705202217,-16.33995505327598,0 
							</coordinates>
						</LinearRing>
					</outerBoundaryIs>
				</Polygon>
			</Placemark>
			<Placemark>
				<name>1.4.305-55</name>
				<styleUrl>#msn_ylw-pushpin51111002</styleUrl>
				<Polygon>
					<tessellate>1</tessellate>
					<outerBoundaryIs>
						<LinearRing>
							<coordinates>
								-71.60929949159518,-16.34040766572357,0 -71.60918720415819,-16.34044763431965,0 -71.60913945566951,-16.34030433425843,0 -71.60920262575569,-16.34024928668174,0 -71.60929949159518,-16.34040766572357,0 
							</coordinates>
						</LinearRing>
					</outerBoundaryIs>
				</Polygon>
			</Placemark>
			<Placemark>
				<name>1.4.305-56</name>
				<styleUrl>#msn_ylw-pushpin51111002</styleUrl>
				<Polygon>
					<tessellate>1</tessellate>
					<outerBoundaryIs>
						<LinearRing>
							<coordinates>
								-71.60931667387966,-16.34099180560244,0 -71.60920553815001,-16.34115667937278,0 -71.60903720041235,-16.34107110880083,0 -71.60914683161364,-16.3409051423077,0 -71.60931667387966,-16.34099180560244,0 
							</coordinates>
						</LinearRing>
					</outerBoundaryIs>
				</Polygon>
			</Placemark>
			<Placemark>
				<name>1.4.305-57</name>
				<styleUrl>#msn_ylw-pushpin51111002</styleUrl>
				<Polygon>
					<tessellate>1</tessellate>
					<outerBoundaryIs>
						<LinearRing>
							<coordinates>
								-71.60951815396756,-16.34094045152618,0 -71.60933582216055,-16.34099060471901,0 -71.60916533574007,-16.34052969556426,0 -71.60935174408655,-16.34046811480995,0 -71.60951815396756,-16.34094045152618,0 
							</coordinates>
						</LinearRing>
					</outerBoundaryIs>
				</Polygon>
			</Placemark>
			<Placemark>
				<name>1.4.305-58</name>
				<styleUrl>#msn_ylw-pushpin51111002</styleUrl>
				<Polygon>
					<tessellate>1</tessellate>
					<outerBoundaryIs>
						<LinearRing>
							<coordinates>
								-71.61002477701209,-16.34076892149668,0 -71.60961448092336,-16.34090012803133,0 -71.60947832164001,-16.34047958792394,0 -71.60986500571229,-16.34015945870264,0 -71.61002477701209,-16.34076892149668,0 
							</coordinates>
						</LinearRing>
					</outerBoundaryIs>
				</Polygon>
			</Placemark>
			<Placemark>
				<name>1.4.305-59</name>
				<styleUrl>#msn_ylw-pushpin51111002</styleUrl>
				<Polygon>
					<tessellate>1</tessellate>
					<outerBoundaryIs>
						<LinearRing>
							<coordinates>
								-71.61009901273215,-16.34073963287848,0 -71.6099362370781,-16.34015517960146,0 -71.61007538710336,-16.34008390075058,0 -71.61039062792659,-16.34043240898953,0 -71.61038387470565,-16.34052818298808,0 -71.61041886582257,-16.34064624883295,0 -71.61009901273215,-16.34073963287848,0 
							</coordinates>
						</LinearRing>
					</outerBoundaryIs>
				</Polygon>
			</Placemark>
			<Placemark>
				<name>1.4.305-60</name>
				<styleUrl>#msn_ylw-pushpin51111002</styleUrl>
				<Polygon>
					<tessellate>1</tessellate>
					<outerBoundaryIs>
						<LinearRing>
							<coordinates>
								-71.61010733045764,-16.34001860326089,0 -71.61029844953669,-16.33984902201712,0 -71.61056123199241,-16.34013658741341,0 -71.61037398625447,-16.34030413151854,0 -71.61010733045764,-16.34001860326089,0 
							</coordinates>
						</LinearRing>
					</outerBoundaryIs>
				</Polygon>
			</Placemark>
			<Placemark>
				<name>1.4.305-61</name>
				<styleUrl>#msn_ylw-pushpin51111002</styleUrl>
				<Polygon>
					<tessellate>1</tessellate>
					<outerBoundaryIs>
						<LinearRing>
							<coordinates>
								-71.61072525426327,-16.34030155231573,0 -71.61081752481984,-16.34042531260824,0 -71.61090161451365,-16.34050709221301,0 -71.61075335667174,-16.34055112531243,0 -71.61065812908205,-16.34057155236311,0 -71.61049654161542,-16.34063306999593,0 -71.61045269872375,-16.34045929280743,0 -71.61044325317262,-16.34041100830732,0 -71.61043239507909,-16.34037461264735,0 -71.61040003167327,-16.34032461711535,0 -71.61058018343952,-16.34016228015835,0 -71.61072525426327,-16.34030155231573,0 
							</coordinates>
						</LinearRing>
					</outerBoundaryIs>
				</Polygon>
			</Placemark>
			<Placemark>
				<name>1.4.305-62</name>
				<styleUrl>#msn_ylw-pushpin51111002</styleUrl>
				<Polygon>
					<tessellate>1</tessellate>
					<outerBoundaryIs>
						<LinearRing>
							<coordinates>
								-71.61095909078578,-16.33931529375146,0 -71.61122526565504,-16.33961004897491,0 -71.61078532085044,-16.3399418960569,0 -71.61062701917845,-16.34006517389966,0 -71.61038387643845,-16.33979373953245,0 -71.61095909078578,-16.33931529375146,0 
							</coordinates>
						</LinearRing>
					</outerBoundaryIs>
				</Polygon>
			</Placemark>
			<Placemark>
				<name>1.4.305-63</name>
				<styleUrl>#msn_ylw-pushpin51111002</styleUrl>
				<Polygon>
					<tessellate>1</tessellate>
					<outerBoundaryIs>
						<LinearRing>
							<coordinates>
								-71.61087485941438,-16.34008104421864,0 -71.61098927503801,-16.34020871681819,0 -71.61106045173943,-16.34029387044606,0 -71.61109933421301,-16.34028967953548,0 -71.61111556908115,-16.34032439642819,0 -71.61128281336931,-16.34031047674014,0 -71.61131646540514,-16.34038298114476,0 -71.61098205932984,-16.34048560001618,0 -71.6106541447021,-16.34010986600895,0 -71.61080034086095,-16.34001384364441,0 -71.61087485941438,-16.34008104421864,0 
							</coordinates>
						</LinearRing>
					</outerBoundaryIs>
				</Polygon>
			</Placemark>
			<Placemark>
				<name>1.4.305-64</name>
				<styleUrl>#msn_ylw-pushpin51111002</styleUrl>
				<Polygon>
					<tessellate>1</tessellate>
					<outerBoundaryIs>
						<LinearRing>
							<coordinates>
								-71.61128730097326,-16.34025643501882,0 -71.61125319342085,-16.34027701058125,0 -71.61120779541349,-16.34027104848496,0 -71.61120708595728,-16.34027019414621,0 -71.61120211806863,-16.34027019414432,0 -71.61119809296632,-16.34026933914863,0 -71.61114546043825,-16.34026591255127,0 -71.61107400751504,-16.34024600356456,0 -71.6110403931862,-16.34022128217645,0 -71.61101175289929,-16.34020147430867,0 -71.61099215567432,-16.34017946905399,0 -71.61096586924823,-16.34013416927781,0 -71.61091978951561,-16.34007903095166,0 -71.61087982592402,-16.34002547775491,0 -71.6108423027698,-16.33999132746346,0 -71.61098276503888,-16.33988179719807,0 -71.61128730097326,-16.34025643501882,0 
							</coordinates>
						</LinearRing>
					</outerBoundaryIs>
				</Polygon>
			</Placemark>
			<Placemark>
				<name>1.4.305-65</name>
				<styleUrl>#msn_ylw-pushpin51111002</styleUrl>
				<Polygon>
					<tessellate>1</tessellate>
					<outerBoundaryIs>
						<LinearRing>
							<coordinates>
								-71.61154191223835,-16.33994993158288,0 -71.61133959927669,-16.34008723892073,0 -71.61108815792008,-16.33980685375164,0 -71.61127881014265,-16.33965152379666,0 -71.61154191223835,-16.33994993158288,0 
							</coordinates>
						</LinearRing>
					</outerBoundaryIs>
				</Polygon>
			</Placemark>
			<Placemark>
				<name>1.4.305-66</name>
				<styleUrl>#msn_ylw-pushpin51111002</styleUrl>
				<Polygon>
					<tessellate>1</tessellate>
					<outerBoundaryIs>
						<LinearRing>
							<coordinates>
								-71.61171563785271,-16.34000000169273,0 -71.61181398426601,-16.34024692096636,0 -71.6113832197088,-16.34037495603954,0 -71.61132862652813,-16.34018248058479,0 -71.61171563785271,-16.34000000169273,0 
							</coordinates>
						</LinearRing>
					</outerBoundaryIs>
				</Polygon>
			</Placemark>
			<Placemark>
				<name>1.4.305-67</name>
				<styleUrl>#msn_ylw-pushpin51111002</styleUrl>
				<Polygon>
					<tessellate>1</tessellate>
					<outerBoundaryIs>
						<LinearRing>
							<coordinates>
								-71.61196157806988,-16.33902956503421,0 -71.6112941012628,-16.33954791929703,0 -71.6110248717135,-16.33925474769261,0 -71.61168783193838,-16.33872562561744,0 -71.61196157806988,-16.33902956503421,0 
							</coordinates>
						</LinearRing>
					</outerBoundaryIs>
				</Polygon>
			</Placemark>
			<Placemark>
				<name>1.4.305-68</name>
				<styleUrl>#msn_ylw-pushpin51111002</styleUrl>
				<Polygon>
					<tessellate>1</tessellate>
					<outerBoundaryIs>
						<LinearRing>
							<coordinates>
								-71.61198574800673,-16.33907782620161,0 -71.61224677336335,-16.33936266997062,0 -71.61160229246842,-16.33990436713598,0 -71.61134797521036,-16.33960033407907,0 -71.61198574800673,-16.33907782620161,0 
							</coordinates>
						</LinearRing>
					</outerBoundaryIs>
				</Polygon>
			</Placemark>
			<Placemark>
				<name>1.4.305-69</name>
				<styleUrl>#msn_ylw-pushpin51111002</styleUrl>
				<Polygon>
					<tessellate>1</tessellate>
					<outerBoundaryIs>
						<LinearRing>
							<coordinates>
								-71.6128099932954,-16.33839664152109,0 -71.61306093146399,-16.33868879484402,0 -71.6123338318971,-16.33926843436101,0 -71.61209340943458,-16.33898358960505,0 -71.6128099932954,-16.33839664152109,0 
							</coordinates>
						</LinearRing>
					</outerBoundaryIs>
				</Polygon>
			</Placemark>
			<Placemark>
				<name>1.4.305-70</name>
				<styleUrl>#msn_ylw-pushpin51111002</styleUrl>
				<Polygon>
					<tessellate>1</tessellate>
					<outerBoundaryIs>
						<LinearRing>
							<coordinates>
								-71.61178371313008,-16.33991440555461,0 -71.61184795904342,-16.33980094881115,0 -71.6119157945764,-16.33977675839987,0 -71.61189168197265,-16.33970384134119,0 -71.61193446401072,-16.33967527472713,0 -71.61203600475906,-16.33962019585687,0 -71.61220430932013,-16.34012950156608,0 -71.61188560730282,-16.34022673091864,0 -71.61178371313008,-16.33991440555461,0 
							</coordinates>
						</LinearRing>
					</outerBoundaryIs>
				</Polygon>
			</Placemark>
			<Placemark>
				<name>1.4.305-71</name>
				<styleUrl>#msn_ylw-pushpin51111002</styleUrl>
				<Polygon>
					<tessellate>1</tessellate>
					<outerBoundaryIs>
						<LinearRing>
							<coordinates>
								-71.61209278845541,-16.33956383975075,0 -71.61235415571848,-16.33946451377432,0 -71.61244105010002,-16.33973612625071,0 -71.61254270918369,-16.34002669095313,0 -71.61229682874233,-16.34010753497943,0 -71.61209278845541,-16.33956383975075,0 
							</coordinates>
						</LinearRing>
					</outerBoundaryIs>
				</Polygon>
			</Placemark>
			<Placemark>
				<name>1.4.305-72</name>
				<styleUrl>#msn_ylw-pushpin51111002</styleUrl>
				<Polygon>
					<tessellate>1</tessellate>
					<outerBoundaryIs>
						<LinearRing>
							<coordinates>
								-71.61241712452005,-16.33938860143218,0 -71.6125036925085,-16.33926889726591,0 -71.61262572698332,-16.33917763034988,0 -71.61287052213036,-16.33993268795282,0 -71.61261744579259,-16.34000700810598,0 -71.61241712452005,-16.33938860143218,0 
							</coordinates>
						</LinearRing>
					</outerBoundaryIs>
				</Polygon>
			</Placemark>
			<Placemark>
				<name>1.4.305-73</name>
				<styleUrl>#msn_ylw-pushpin51111002</styleUrl>
				<Polygon>
					<tessellate>1</tessellate>
					<outerBoundaryIs>
						<LinearRing>
							<coordinates>
								-71.61325214021578,-16.33982503390211,0 -71.61293310351624,-16.33992611051239,0 -71.61282853407883,-16.33959552019497,0 -71.61313995686592,-16.33950324558355,0 -71.61325214021578,-16.33982503390211,0 
							</coordinates>
						</LinearRing>
					</outerBoundaryIs>
				</Polygon>
			</Placemark>
			<Placemark>
				<name>1.4.305-74</name>
				<styleUrl>#msn_ylw-pushpin51111002</styleUrl>
				<Polygon>
					<tessellate>1</tessellate>
					<outerBoundaryIs>
						<LinearRing>
							<coordinates>
								-71.61363757693935,-16.33935749943778,0 -71.61388848560449,-16.33963250134124,0 -71.61330531119664,-16.33981080306909,0 -71.61321326577881,-16.33948401368214,0 -71.61363757693935,-16.33935749943778,0 
							</coordinates>
						</LinearRing>
					</outerBoundaryIs>
				</Polygon>
			</Placemark>
			<Placemark>
				<name>1.4.305-75</name>
				<styleUrl>#msn_ylw-pushpin51111002</styleUrl>
				<Polygon>
					<tessellate>1</tessellate>
					<outerBoundaryIs>
						<LinearRing>
							<coordinates>
								-71.60533562560978,-16.33269130684716,0 -71.60522731938782,-16.33277848837823,0 -71.60496067095048,-16.33249484733872,0 -71.60505614194288,-16.33242105929381,0 -71.60533562560978,-16.33269130684716,0 
							</coordinates>
						</LinearRing>
					</outerBoundaryIs>
				</Polygon>
			</Placemark>
			<Placemark>
				<name>1.4.305-76</name>
				<styleUrl>#msn_ylw-pushpin51111002</styleUrl>
				<Polygon>
					<tessellate>1</tessellate>
					<outerBoundaryIs>
						<LinearRing>
							<coordinates>
								-71.60500533675385,-16.33237520595359,0 -71.60491874356585,-16.33244543056351,0 -71.60469897110146,-16.33224702327616,0 -71.60478206730862,-16.33218839271766,0 -71.60489057691302,-16.33225096233543,0 -71.60500533675385,-16.33237520595359,0 
							</coordinates>
						</LinearRing>
					</outerBoundaryIs>
				</Polygon>
			</Placemark>
			<Placemark>
				<name>1.4.306-1</name>
				<styleUrl>#msn_ylw-pushpin51111002</styleUrl>
				<Polygon>
					<tessellate>1</tessellate>
					<outerBoundaryIs>
						<LinearRing>
							<coordinates>
								-71.61524318928923,-16.34119524981427,0 -71.61485796235007,-16.34130656726061,0 -71.6148259982473,-16.34132490832644,0 -71.61476686715896,-16.34121110084044,0 -71.61481021551168,-16.34113630550661,0 -71.61490285663787,-16.34110391682423,0 -71.61476815047938,-16.34094616407632,0 -71.61490736142584,-16.34083802210926,0 -71.61524318928923,-16.34119524981427,0 
							</coordinates>
						</LinearRing>
					</outerBoundaryIs>
				</Polygon>
			</Placemark>
			<Placemark>
				<name>1.4.306-2</name>
				<styleUrl>#msn_ylw-pushpin51111002</styleUrl>
				<Polygon>
					<tessellate>1</tessellate>
					<outerBoundaryIs>
						<LinearRing>
							<coordinates>
								-71.61494134510282,-16.34136027955838,0 -71.61527462283159,-16.34125446054219,0 -71.61553202851096,-16.34156523519423,0 -71.61498367190229,-16.34172641638909,0 -71.61494134510282,-16.34136027955838,0 
							</coordinates>
						</LinearRing>
					</outerBoundaryIs>
				</Polygon>
			</Placemark>
			<Placemark>
				<name>1.4.306-3</name>
				<styleUrl>#msn_ylw-pushpin51111002</styleUrl>
				<Polygon>
					<tessellate>1</tessellate>
					<outerBoundaryIs>
						<LinearRing>
							<coordinates>
								-71.61589168988766,-16.34196261568137,0 -71.61506720986927,-16.34219740441775,0 -71.61500452468452,-16.3418035960975,0 -71.61558130844494,-16.34162874517395,0 -71.61589168988766,-16.34196261568137,0 
							</coordinates>
						</LinearRing>
					</outerBoundaryIs>
				</Polygon>
			</Placemark>
			<Placemark>
				<name>1.4.306-4</name>
				<styleUrl>#msn_ylw-pushpin51111002</styleUrl>
				<Polygon>
					<tessellate>1</tessellate>
					<outerBoundaryIs>
						<LinearRing>
							<coordinates>
								-71.61608020345338,-16.3421509958637,0 -71.61619935508998,-16.34250588671119,0 -71.61535598679316,-16.34274298206971,0 -71.61515210489101,-16.34243190493034,0 -71.61608020345338,-16.3421509958637,0 
							</coordinates>
						</LinearRing>
					</outerBoundaryIs>
				</Polygon>
			</Placemark>
			<Placemark>
				<name>1.4.306-5</name>
				<styleUrl>#msn_ylw-pushpin51111002</styleUrl>
				<Polygon>
					<tessellate>1</tessellate>
					<outerBoundaryIs>
						<LinearRing>
							<coordinates>
								-71.61508331167765,-16.34244542841609,0 -71.61530961522168,-16.34277005577527,0 -71.61512916683775,-16.34283401258473,0 -71.61492637686587,-16.34250888632779,0 -71.61508331167765,-16.34244542841609,0 
							</coordinates>
						</LinearRing>
					</outerBoundaryIs>
				</Polygon>
			</Placemark>
			<Placemark>
				<name>1.4.306-6</name>
				<styleUrl>#msn_ylw-pushpin51111002</styleUrl>
				<Polygon>
					<tessellate>1</tessellate>
					<outerBoundaryIs>
						<LinearRing>
							<coordinates>
								-71.61631928229143,-16.3429409820363,0 -71.61534182818158,-16.34323051952955,0 -71.61535598213445,-16.34302867264476,0 -71.61536099568218,-16.34283927863946,0 -71.61622542356884,-16.34257952226762,0 -71.61631928229143,-16.3429409820363,0 
							</coordinates>
						</LinearRing>
					</outerBoundaryIs>
				</Polygon>
			</Placemark>
			<Placemark>
				<name>1.4.306-7</name>
				<styleUrl>#msn_ylw-pushpin51111002</styleUrl>
				<Polygon>
					<tessellate>1</tessellate>
					<outerBoundaryIs>
						<LinearRing>
							<coordinates>
								-71.61633778374149,-16.34302085040857,0 -71.61647342962603,-16.34337202246116,0 -71.61546848244977,-16.34367606969702,0 -71.6153566656604,-16.34330512710892,0 -71.61633778374149,-16.34302085040857,0 
							</coordinates>
						</LinearRing>
					</outerBoundaryIs>
				</Polygon>
			</Placemark>
			<Placemark>
				<name>1.4.306-8</name>
				<styleUrl>#msn_ylw-pushpin51111002</styleUrl>
				<Polygon>
					<tessellate>1</tessellate>
					<outerBoundaryIs>
						<LinearRing>
							<coordinates>
								-71.6165113699125,-16.3431165495613,0 -71.6168088036105,-16.34302277500306,0 -71.61696480710388,-16.3432135876423,0 -71.6165764300237,-16.34334750635707,0 -71.6165113699125,-16.3431165495613,0 
							</coordinates>
						</LinearRing>
					</outerBoundaryIs>
				</Polygon>
			</Placemark>
			<Placemark>
				<name>1.4.306-9</name>
				<styleUrl>#msn_ylw-pushpin51111002</styleUrl>
				<Polygon>
					<tessellate>1</tessellate>
					<outerBoundaryIs>
						<LinearRing>
							<coordinates>
								-71.61648282916927,-16.34344167388907,0 -71.61662690823367,-16.34381160446938,0 -71.61560642566589,-16.34409172843531,0 -71.61547786391247,-16.34374578617389,0 -71.61648282916927,-16.34344167388907,0 
							</coordinates>
						</LinearRing>
					</outerBoundaryIs>
				</Polygon>
			</Placemark>
			<Placemark>
				<name>1.4.306-10</name>
				<styleUrl>#msn_ylw-pushpin51111002</styleUrl>
				<Polygon>
					<tessellate>1</tessellate>
					<outerBoundaryIs>
						<LinearRing>
							<coordinates>
								-71.6170321529372,-16.34329379861079,0 -71.61728355572431,-16.34359487841694,0 -71.61672284423292,-16.34375879041946,0 -71.61659150880463,-16.34341102991774,0 -71.6170321529372,-16.34329379861079,0 
							</coordinates>
						</LinearRing>
					</outerBoundaryIs>
				</Polygon>
			</Placemark>
			<Placemark>
				<name>1.4.306-11</name>
				<styleUrl>#msn_ylw-pushpin51111002</styleUrl>
				<Polygon>
					<tessellate>1</tessellate>
					<outerBoundaryIs>
						<LinearRing>
							<coordinates>
								-71.61734043063929,-16.3436571320045,0 -71.61762192523271,-16.34396810635494,0 -71.61685499147057,-16.34420594371861,0 -71.61675114460898,-16.34385081938834,0 -71.61734043063929,-16.3436571320045,0 
							</coordinates>
						</LinearRing>
					</outerBoundaryIs>
				</Polygon>
			</Placemark>
			<Placemark>
				<name>1.4.306-12</name>
				<styleUrl>#msn_ylw-pushpin51111002</styleUrl>
				<Polygon>
					<tessellate>1</tessellate>
					<outerBoundaryIs>
						<LinearRing>
							<coordinates>
								-71.61794056830435,-16.34434462595786,0 -71.61699438872257,-16.34462659970276,0 -71.61688144009776,-16.3442792807879,0 -71.61767052556752,-16.344036816955,0 -71.61794056830435,-16.34434462595786,0 
							</coordinates>
						</LinearRing>
					</outerBoundaryIs>
				</Polygon>
			</Placemark>
			<Placemark>
				<name>1.4.306-13</name>
				<styleUrl>#msn_ylw-pushpin51111002</styleUrl>
				<Polygon>
					<tessellate>1</tessellate>
					<outerBoundaryIs>
						<LinearRing>
							<coordinates>
								-71.61664180477351,-16.3438736881896,0 -71.61675001262935,-16.34423989727711,0 -71.61574322048226,-16.34453130307385,0 -71.61561763659141,-16.34414418747646,0 -71.61664180477351,-16.3438736881896,0 
							</coordinates>
						</LinearRing>
					</outerBoundaryIs>
				</Polygon>
			</Placemark>
			<Placemark>
				<name>1.4.306-14</name>
				<styleUrl>#msn_ylw-pushpin51111002</styleUrl>
				<Polygon>
					<tessellate>1</tessellate>
					<outerBoundaryIs>
						<LinearRing>
							<coordinates>
								-71.61677191736389,-16.34430368042604,0 -71.61688180866619,-16.34468641940083,0 -71.61588319405719,-16.34496314389195,0 -71.61576566378183,-16.34461003219673,0 -71.61677191736389,-16.34430368042604,0 
							</coordinates>
						</LinearRing>
					</outerBoundaryIs>
				</Polygon>
			</Placemark>
			<Placemark>
				<name>1.4.306-16</name>
				<styleUrl>#msn_ylw-pushpin51111002</styleUrl>
				<Polygon>
					<tessellate>1</tessellate>
					<outerBoundaryIs>
						<LinearRing>
							<coordinates>
								-71.616891803762,-16.34473327082585,0 -71.61699789076555,-16.3450961268976,0 -71.61600863753394,-16.34540514412556,0 -71.61590721370753,-16.3450375882504,0 -71.616891803762,-16.34473327082585,0 
							</coordinates>
						</LinearRing>
					</outerBoundaryIs>
				</Polygon>
			</Placemark>
			<Placemark>
				<name>1.4.306-17</name>
				<styleUrl>#msn_ylw-pushpin51111002</styleUrl>
				<Polygon>
					<tessellate>1</tessellate>
					<outerBoundaryIs>
						<LinearRing>
							<coordinates>
								-71.61799993413092,-16.34442394474158,0 -71.61811852551951,-16.34454263647222,0 -71.61823533821513,-16.3447461760248,0 -71.61712582104366,-16.34506895890711,0 -71.6170253715261,-16.34470873712759,0 -71.61799993413092,-16.34442394474158,0 
							</coordinates>
						</LinearRing>
					</outerBoundaryIs>
				</Polygon>
			</Placemark>
			<Placemark>
				<name>1.4.306-18</name>
				<styleUrl>#msn_ylw-pushpin51111002</styleUrl>
				<Polygon>
					<tessellate>1</tessellate>
					<outerBoundaryIs>
						<LinearRing>
							<coordinates>
								-71.6158156753353,-16.34505480736001,0 -71.61592729790212,-16.34540602065296,0 -71.61548814422795,-16.34555055608189,0 -71.61543781040011,-16.34535844881421,0 -71.61549533899273,-16.34530083844048,0 -71.6156439126065,-16.34511904493484,0 -71.6158156753353,-16.34505480736001,0 
							</coordinates>
						</LinearRing>
					</outerBoundaryIs>
				</Polygon>
			</Placemark>
			<Placemark>
				<name>1.4.306-19</name>
				<styleUrl>#msn_ylw-pushpin51111002</styleUrl>
				<Polygon>
					<tessellate>1</tessellate>
					<outerBoundaryIs>
						<LinearRing>
							<coordinates>
								-71.61702075705793,-16.34517977917906,0 -71.61713861201112,-16.34553477283021,0 -71.61614414353613,-16.34583053321765,0 -71.61602919225543,-16.34546037727337,0 -71.61702075705793,-16.34517977917906,0 
							</coordinates>
						</LinearRing>
					</outerBoundaryIs>
				</Polygon>
			</Placemark>
			<Placemark>
				<name>1.4.306-20</name>
				<styleUrl>#msn_ylw-pushpin51111002</styleUrl>
				<Polygon>
					<tessellate>1</tessellate>
					<outerBoundaryIs>
						<LinearRing>
							<coordinates>
								-71.61593161209366,-16.34547715278464,0 -71.61605772199624,-16.34583690345901,0 -71.61542759990191,-16.34603355950002,0 -71.6153020215464,-16.34567500312818,0 -71.61593161209366,-16.34547715278464,0 
							</coordinates>
						</LinearRing>
					</outerBoundaryIs>
				</Polygon>
			</Placemark>
			<Placemark>
				<name>1.4.306-21</name>
				<styleUrl>#msn_ylw-pushpin51111002</styleUrl>
				<Polygon>
					<tessellate>1</tessellate>
					<outerBoundaryIs>
						<LinearRing>
							<coordinates>
								-71.61524559026617,-16.34570480942623,0 -71.61536532805408,-16.34604849577671,0 -71.61511252860875,-16.34612230786867,0 -71.61497589689604,-16.34578775143354,0 -71.61524559026617,-16.34570480942623,0 
							</coordinates>
						</LinearRing>
					</outerBoundaryIs>
				</Polygon>
			</Placemark>
			<Placemark>
				<name>1.4.306-22</name>
				<styleUrl>#msn_ylw-pushpin51111002</styleUrl>
				<Polygon>
					<tessellate>1</tessellate>
					<outerBoundaryIs>
						<LinearRing>
							<coordinates>
								-71.6155118443632,-16.34648272913994,0 -71.61541132475597,-16.34651757256558,0 -71.61538164542323,-16.3464452187798,0 -71.61525299343673,-16.34649535832841,0 -71.61514067915653,-16.34620948249317,0 -71.61539359448612,-16.3461339014696,0 -71.6155118443632,-16.34648272913994,0 
							</coordinates>
						</LinearRing>
					</outerBoundaryIs>
				</Polygon>
			</Placemark>
			<Placemark>
				<name>1.4.306-23</name>
				<styleUrl>#msn_ylw-pushpin51111002</styleUrl>
				<Polygon>
					<tessellate>1</tessellate>
					<outerBoundaryIs>
						<LinearRing>
							<coordinates>
								-71.6162199230143,-16.34628801160051,0 -71.61556734818828,-16.34646769424133,0 -71.61543860871734,-16.34611753201528,0 -71.61608832901879,-16.34593301930417,0 -71.6162199230143,-16.34628801160051,0 
							</coordinates>
						</LinearRing>
					</outerBoundaryIs>
				</Polygon>
			</Placemark>
			<Placemark>
				<name>1.4.306-24</name>
				<styleUrl>#msn_ylw-pushpin51111002</styleUrl>
				<Polygon>
					<tessellate>1</tessellate>
					<outerBoundaryIs>
						<LinearRing>
							<coordinates>
								-71.61622316842475,-16.34634746179757,0 -71.61633619449188,-16.34671751823763,0 -71.61569977547697,-16.34691601257575,0 -71.61558566695672,-16.34652996136274,0 -71.61622316842475,-16.34634746179757,0 
							</coordinates>
						</LinearRing>
					</outerBoundaryIs>
				</Polygon>
			</Placemark>
			<Placemark>
				<name>1.4.306-26</name>
				<styleUrl>#msn_ylw-pushpin51111002</styleUrl>
				<Polygon>
					<tessellate>1</tessellate>
					<outerBoundaryIs>
						<LinearRing>
							<coordinates>
								-71.61565865085058,-16.34699516897719,0 -71.61576569054189,-16.34733868788585,0 -71.61563411687412,-16.3473825299478,0 -71.61556136108958,-16.34719248331272,0 -71.61552021395016,-16.34704799427701,0 -71.61565865085058,-16.34699516897719,0 
							</coordinates>
						</LinearRing>
					</outerBoundaryIs>
				</Polygon>
			</Placemark>
			<Placemark>
				<name>1.4.306-27</name>
				<styleUrl>#msn_ylw-pushpin51111002</styleUrl>
				<Polygon>
					<tessellate>1</tessellate>
					<outerBoundaryIs>
						<LinearRing>
							<coordinates>
								-71.61635712841583,-16.34678724716439,0 -71.61648159369031,-16.34714347264861,0 -71.61584282540737,-16.34733863855914,0 -71.61572999420255,-16.34697992592731,0 -71.61635712841583,-16.34678724716439,0 
							</coordinates>
						</LinearRing>
					</outerBoundaryIs>
				</Polygon>
			</Placemark>
			<Placemark>
				<name>1.4.306-30</name>
				<styleUrl>#msn_ylw-pushpin51111002</styleUrl>
				<Polygon>
					<tessellate>1</tessellate>
					<outerBoundaryIs>
						<LinearRing>
							<coordinates>
								-71.61617280728737,-16.34589869393351,0 -71.61715006564475,-16.34560071798939,0 -71.61729582811206,-16.34597472189162,0 -71.61628294830338,-16.34626435303455,0 -71.61617280728737,-16.34589869393351,0 
							</coordinates>
						</LinearRing>
					</outerBoundaryIs>
				</Polygon>
			</Placemark>
			<Placemark>
				<name>1.4.306-31</name>
				<styleUrl>#msn_ylw-pushpin51111002</styleUrl>
				<Polygon>
					<tessellate>1</tessellate>
					<outerBoundaryIs>
						<LinearRing>
							<coordinates>
								-71.61730674522785,-16.34604117771626,0 -71.61744532622703,-16.34640811980736,0 -71.61641587008471,-16.34668759731568,0 -71.61631508521081,-16.34633852895396,0 -71.61730674522785,-16.34604117771626,0 
							</coordinates>
						</LinearRing>
					</outerBoundaryIs>
				</Polygon>
			</Placemark>
			<Placemark>
				<name>1.4.306-32</name>
				<styleUrl>#msn_ylw-pushpin51111002</styleUrl>
				<Polygon>
					<tessellate>1</tessellate>
					<outerBoundaryIs>
						<LinearRing>
							<coordinates>
								-71.61755694698654,-16.34683780215621,0 -71.61655287920843,-16.3471179864443,0 -71.61643393569085,-16.34676082131068,0 -71.61744751862808,-16.34646399104782,0 -71.61755694698654,-16.34683780215621,0 
							</coordinates>
						</LinearRing>
					</outerBoundaryIs>
				</Polygon>
			</Placemark>
			<Placemark>
				<name>1.4.306-33</name>
				<styleUrl>#msn_ylw-pushpin51111002</styleUrl>
				<Polygon>
					<tessellate>1</tessellate>
					<outerBoundaryIs>
						<LinearRing>
							<coordinates>
								-71.61755552880983,-16.34690041431584,0 -71.61768435213516,-16.34725845699533,0 -71.61667959870124,-16.34756508374469,0 -71.61656781152251,-16.34719945418673,0 -71.61755552880983,-16.34690041431584,0 
							</coordinates>
						</LinearRing>
					</outerBoundaryIs>
				</Polygon>
			</Placemark>
			<Placemark>
				<name>1.4.306-34</name>
				<styleUrl>#msn_ylw-pushpin51111002</styleUrl>
				<Polygon>
					<tessellate>1</tessellate>
					<outerBoundaryIs>
						<LinearRing>
							<coordinates>
								-71.61770878197238,-16.34734866039867,0 -71.61783976087597,-16.34769142952602,0 -71.61682358927253,-16.34799218785414,0 -71.61670040269652,-16.34762740929159,0 -71.61770878197238,-16.34734866039867,0 
							</coordinates>
						</LinearRing>
					</outerBoundaryIs>
				</Polygon>
			</Placemark>
			<Placemark>
				<name>1.4.306-35</name>
				<styleUrl>#msn_ylw-pushpin51111002</styleUrl>
				<Polygon>
					<tessellate>1</tessellate>
					<outerBoundaryIs>
						<LinearRing>
							<coordinates>
								-71.61785631310455,-16.34774691134946,0 -71.61796618478687,-16.34811870765429,0 -71.61696801958563,-16.34843117104248,0 -71.61683885820214,-16.34806048966301,0 -71.61785631310455,-16.34774691134946,0 
							</coordinates>
						</LinearRing>
					</outerBoundaryIs>
				</Polygon>
			</Placemark>
			<Placemark>
				<name>1.4.306-36</name>
				<styleUrl>#msn_ylw-pushpin51111002</styleUrl>
				<Polygon>
					<tessellate>1</tessellate>
					<outerBoundaryIs>
						<LinearRing>
							<coordinates>
								-71.61797452028937,-16.34819749013815,0 -71.61809476041851,-16.34855377689807,0 -71.61711462722005,-16.34885516281356,0 -71.61698162144359,-16.34850101229642,0 -71.61797452028937,-16.34819749013815,0 
							</coordinates>
						</LinearRing>
					</outerBoundaryIs>
				</Polygon>
			</Placemark>
			<Placemark>
				<name>1.4.306-37</name>
				<styleUrl>#msn_ylw-pushpin51111002</styleUrl>
				<Polygon>
					<tessellate>1</tessellate>
					<outerBoundaryIs>
						<LinearRing>
							<coordinates>
								-71.61812389840806,-16.34862985458878,0 -71.61824593307087,-16.34898699775355,0 -71.61725609017715,-16.34928297135859,0 -71.61714513448209,-16.34893392969595,0 -71.61812389840806,-16.34862985458878,0 
							</coordinates>
						</LinearRing>
					</outerBoundaryIs>
				</Polygon>
			</Placemark>
			<Placemark>
				<name>1.4.306-38</name>
				<styleUrl>#msn_ylw-pushpin51111002</styleUrl>
				<Polygon>
					<tessellate>1</tessellate>
					<outerBoundaryIs>
						<LinearRing>
							<coordinates>
								-71.61826787376494,-16.34907225729497,0 -71.61837864367459,-16.34939533857596,0 -71.61737661232578,-16.34971982681616,0 -71.61727823583779,-16.34936827965972,0 -71.61826787376494,-16.34907225729497,0 
							</coordinates>
						</LinearRing>
					</outerBoundaryIs>
				</Polygon>
			</Placemark>
			<Placemark>
				<name>1.4.306-39</name>
				<styleUrl>#msn_ylw-pushpin51111002</styleUrl>
				<Polygon>
					<tessellate>1</tessellate>
					<outerBoundaryIs>
						<LinearRing>
							<coordinates>
								-71.61839286161243,-16.34949897954161,0 -71.61851941635128,-16.34984580898665,0 -71.61752673619068,-16.35015623162634,0 -71.61740831904005,-16.34979632026559,0 -71.61839286161243,-16.34949897954161,0 
							</coordinates>
						</LinearRing>
					</outerBoundaryIs>
				</Polygon>
			</Placemark>
			<Placemark>
				<name>1.4.306-40</name>
				<styleUrl>#msn_ylw-pushpin51111002</styleUrl>
				<Polygon>
					<tessellate>1</tessellate>
					<outerBoundaryIs>
						<LinearRing>
							<coordinates>
								-71.61852546540629,-16.34992170037328,0 -71.61864233591794,-16.3502833794836,0 -71.61764400689766,-16.3505884646802,0 -71.61752866237698,-16.35022549968041,0 -71.61852546540629,-16.34992170037328,0 
							</coordinates>
						</LinearRing>
					</outerBoundaryIs>
				</Polygon>
			</Placemark>
			<Placemark>
				<name>1.4.306-41</name>
				<styleUrl>#msn_ylw-pushpin51111002</styleUrl>
				<Polygon>
					<tessellate>1</tessellate>
					<outerBoundaryIs>
						<LinearRing>
							<coordinates>
								-71.61824229622741,-16.34482748249976,0 -71.61835386820547,-16.34516454703842,0 -71.61725265891414,-16.34550000144652,0 -71.61714732427049,-16.34513813673389,0 -71.61824229622741,-16.34482748249976,0 
							</coordinates>
						</LinearRing>
					</outerBoundaryIs>
				</Polygon>
			</Placemark>
			<Placemark>
				<name>1.4.306-43</name>
				<styleUrl>#msn_ylw-pushpin51111002</styleUrl>
				<Polygon>
					<tessellate>1</tessellate>
					<outerBoundaryIs>
						<LinearRing>
							<coordinates>
								-71.61839874861909,-16.34524988829848,0 -71.61847903186262,-16.34560028858989,0 -71.61767912091192,-16.34584420081567,0 -71.61740212229668,-16.34552609386664,0 -71.61839874861909,-16.34524988829848,0 
							</coordinates>
						</LinearRing>
					</outerBoundaryIs>
				</Polygon>
			</Placemark>
			<Placemark>
				<name>1.4.306-44</name>
				<styleUrl>#msn_ylw-pushpin51111002</styleUrl>
				<Polygon>
					<tessellate>1</tessellate>
					<outerBoundaryIs>
						<LinearRing>
							<coordinates>
								-71.61892993336284,-16.34549084822378,0 -71.61859246363984,-16.34559275542227,0 -71.61848041477278,-16.34522986159865,0 -71.61867350905868,-16.34517340362894,0 -71.61892993336284,-16.34549084822378,0 
							</coordinates>
						</LinearRing>
					</outerBoundaryIs>
				</Polygon>
			</Placemark>
			<Placemark>
				<name>1.4.306-45</name>
				<styleUrl>#msn_ylw-pushpin51111002</styleUrl>
				<Polygon>
					<tessellate>1</tessellate>
					<outerBoundaryIs>
						<LinearRing>
							<coordinates>
								-71.61852479772372,-16.34569455381475,0 -71.61863969345299,-16.34605450856066,0 -71.6179620147212,-16.34623781438636,0 -71.61768751250874,-16.34592969291545,0 -71.61852479772372,-16.34569455381475,0 
							</coordinates>
						</LinearRing>
					</outerBoundaryIs>
				</Polygon>
			</Placemark>
			<Placemark>
				<name>1.4.306-46</name>
				<styleUrl>#msn_ylw-pushpin51111002</styleUrl>
				<Polygon>
					<tessellate>1</tessellate>
					<outerBoundaryIs>
						<LinearRing>
							<coordinates>
								-71.61865097080393,-16.3461171514301,0 -71.61875331944674,-16.34646219544068,0 -71.61850860241876,-16.34654049337452,0 -71.61835180071631,-16.34618400943014,0 -71.61865097080393,-16.3461171514301,0 
							</coordinates>
						</LinearRing>
					</outerBoundaryIs>
				</Polygon>
			</Placemark>
			<Placemark>
				<name>1.4.306-47</name>
				<styleUrl>#msn_ylw-pushpin51111002</styleUrl>
				<Polygon>
					<tessellate>1</tessellate>
					<outerBoundaryIs>
						<LinearRing>
							<coordinates>
								-71.6180533960264,-16.34669223446542,0 -71.61766653101084,-16.34681438870478,0 -71.61755457344358,-16.34643211762564,0 -71.61791558364243,-16.34632572799461,0 -71.6180533960264,-16.34669223446542,0 
							</coordinates>
						</LinearRing>
					</outerBoundaryIs>
				</Polygon>
			</Placemark>
			<Placemark>
				<name>1.4.306-48</name>
				<styleUrl>#msn_ylw-pushpin51111002</styleUrl>
				<Polygon>
					<tessellate>1</tessellate>
					<outerBoundaryIs>
						<LinearRing>
							<coordinates>
								-71.61819792854628,-16.3471211391583,0 -71.61780549406798,-16.34724416420273,0 -71.61769679849075,-16.34687427294952,0 -71.61806128287625,-16.34676493487065,0 -71.61819792854628,-16.3471211391583,0 
							</coordinates>
						</LinearRing>
					</outerBoundaryIs>
				</Polygon>
			</Placemark>
			<Placemark>
				<name>1.4.306-49</name>
				<styleUrl>#msn_ylw-pushpin51111002</styleUrl>
				<Polygon>
					<tessellate>1</tessellate>
					<outerBoundaryIs>
						<LinearRing>
							<coordinates>
								-71.6183189221549,-16.34755619912938,0 -71.61793716865778,-16.3476573810984,0 -71.61783128884183,-16.34731334635753,0 -71.61820088522792,-16.34718926185421,0 -71.6183189221549,-16.34755619912938,0 
							</coordinates>
						</LinearRing>
					</outerBoundaryIs>
				</Polygon>
			</Placemark>
			<Placemark>
				<name>1.4.306-50</name>
				<styleUrl>#msn_ylw-pushpin51111002</styleUrl>
				<Polygon>
					<tessellate>1</tessellate>
					<outerBoundaryIs>
						<LinearRing>
							<coordinates>
								-71.61832802309581,-16.34762741023973,0 -71.61845221374922,-16.34797995280755,0 -71.61807479954433,-16.34808006089158,0 -71.61797125567777,-16.34773817308634,0 -71.61832802309581,-16.34762741023973,0 
							</coordinates>
						</LinearRing>
					</outerBoundaryIs>
				</Polygon>
			</Placemark>
			<Placemark>
				<name>1.4.306-51</name>
				<styleUrl>#msn_ylw-pushpin51111002</styleUrl>
				<Polygon>
					<tessellate>1</tessellate>
					<outerBoundaryIs>
						<LinearRing>
							<coordinates>
								-71.61858509605551,-16.34841757201777,0 -71.61821280143431,-16.348525309075,0 -71.61810289622963,-16.3481687859168,0 -71.61846455534122,-16.34805353728618,0 -71.61858509605551,-16.34841757201777,0 
							</coordinates>
						</LinearRing>
					</outerBoundaryIs>
				</Polygon>
			</Placemark>
			<Placemark>
				<name>1.4.306-52</name>
				<styleUrl>#msn_ylw-pushpin51111002</styleUrl>
				<Polygon>
					<tessellate>1</tessellate>
					<outerBoundaryIs>
						<LinearRing>
							<coordinates>
								-71.61824301094667,-16.34860014914196,0 -71.61860973947518,-16.34848071187675,0 -71.61872569273758,-16.3488267482861,0 -71.61835139681327,-16.34893878702199,0 -71.61824301094667,-16.34860014914196,0 
							</coordinates>
						</LinearRing>
					</outerBoundaryIs>
				</Polygon>
			</Placemark>
			<Placemark>
				<name>1.4.306-53</name>
				<styleUrl>#msn_ylw-pushpin51111002</styleUrl>
				<Polygon>
					<tessellate>1</tessellate>
					<outerBoundaryIs>
						<LinearRing>
							<coordinates>
								-71.61861808253579,-16.34565848906075,0 -71.6189713695976,-16.34554176796026,0 -71.61928564102797,-16.34589343388981,0 -71.61914866515933,-16.3460798284569,0 -71.61922281881273,-16.34640563100484,0 -71.61936889046606,-16.34678486365747,0 -71.61918334576804,-16.34689422606469,0 -71.61931669575286,-16.34727403990622,0 -71.61916310721979,-16.3475127881974,0 -71.61861808253579,-16.34565848906075,0 
							</coordinates>
						</LinearRing>
					</outerBoundaryIs>
				</Polygon>
			</Placemark>
			<Placemark>
				<name>1.4.306-54</name>
				<styleUrl>#msn_ylw-pushpin51111002</styleUrl>
				<Polygon>
					<tessellate>1</tessellate>
					<outerBoundaryIs>
						<LinearRing>
							<coordinates>
								-71.61995522145367,-16.34667700897113,0 -71.61967643731522,-16.34813250199854,0 -71.61946082331502,-16.34806440356377,0 -71.61936782890218,-16.34774918084658,0 -71.61936636356961,-16.34761598844357,0 -71.61946625763319,-16.34706801053439,0 -71.61950852339341,-16.34678302771785,0 -71.61938673747231,-16.34660141855347,0 -71.61937321056945,-16.34641847752961,0 -71.61944904231039,-16.34632947016688,0 -71.61933471803891,-16.34622007383605,0 -71.61939423668872,-16.34600481877582,0 -71.61995522145367,-16.34667700897113,0 
							</coordinates>
						</LinearRing>
					</outerBoundaryIs>
				</Polygon>
			</Placemark>
			<Placemark>
				<name>1.4.306-55</name>
				<styleUrl>#msn_ylw-pushpin51111002</styleUrl>
				<Polygon>
					<tessellate>1</tessellate>
					<outerBoundaryIs>
						<LinearRing>
							<coordinates>
								-71.6191787085606,-16.34776493798804,0 -71.61850560060623,-16.34795020922605,0 -71.61841027992085,-16.34759568553301,0 -71.61889702621004,-16.34745757802856,0 -71.6191787085606,-16.34776493798804,0 
							</coordinates>
						</LinearRing>
					</outerBoundaryIs>
				</Polygon>
			</Placemark>
			<Placemark>
				<name>1.4.306-56</name>
				<styleUrl>#msn_ylw-pushpin51111002</styleUrl>
				<Polygon>
					<tessellate>1</tessellate>
					<outerBoundaryIs>
						<LinearRing>
							<coordinates>
								-71.61920146282013,-16.34785012068123,0 -71.61935775250107,-16.34821210791958,0 -71.61865187326494,-16.34838329657848,0 -71.61853976221859,-16.34803616470532,0 -71.61920146282013,-16.34785012068123,0 
							</coordinates>
						</LinearRing>
					</outerBoundaryIs>
				</Polygon>
			</Placemark>
			<Placemark>
				<name>1.4.306-57</name>
				<styleUrl>#msn_ylw-pushpin51111002</styleUrl>
				<Polygon>
					<tessellate>1</tessellate>
					<outerBoundaryIs>
						<LinearRing>
							<coordinates>
								-71.6189689397652,-16.3483614368107,0 -71.61936381045039,-16.3482592916242,0 -71.61941582476501,-16.34843898173692,0 -71.61920636069335,-16.34851538806321,0 -71.61925572571646,-16.34868055246911,0 -71.61879366305411,-16.34881244042567,0 -71.61867834943671,-16.34845544755287,0 -71.6189689397652,-16.3483614368107,0 
							</coordinates>
						</LinearRing>
					</outerBoundaryIs>
				</Polygon>
			</Placemark>
			<Placemark>
				<name>1.4.306-58</name>
				<styleUrl>#msn_ylw-pushpin51111002</styleUrl>
				<Polygon>
					<tessellate>1</tessellate>
					<outerBoundaryIs>
						<LinearRing>
							<coordinates>
								-71.61933605935775,-16.34915074509184,0 -71.61848391236832,-16.3493894700514,0 -71.61837882676987,-16.34902486254375,0 -71.61911004652086,-16.34880990761222,0 -71.61933605935775,-16.34915074509184,0 
							</coordinates>
						</LinearRing>
					</outerBoundaryIs>
				</Polygon>
			</Placemark>
			<Placemark>
				<name>1.4.306-59</name>
				<styleUrl>#msn_ylw-pushpin51111002</styleUrl>
				<Polygon>
					<tessellate>1</tessellate>
					<outerBoundaryIs>
						<LinearRing>
							<coordinates>
								-71.61959230147291,-16.34954023431928,0 -71.61860615663007,-16.34982475520426,0 -71.61851935797002,-16.34945961841583,0 -71.61936796103031,-16.34921799670223,0 -71.61959230147291,-16.34954023431928,0 
							</coordinates>
						</LinearRing>
					</outerBoundaryIs>
				</Polygon>
			</Placemark>
			<Placemark>
				<name>1.4.306-60</name>
				<styleUrl>#msn_ylw-pushpin51111002</styleUrl>
				<Polygon>
					<tessellate>1</tessellate>
					<outerBoundaryIs>
						<LinearRing>
							<coordinates>
								-71.6196165610278,-16.34961025171374,0 -71.61983930451554,-16.34991462164264,0 -71.61875908830332,-16.35023685120252,0 -71.6186432187618,-16.34989361786176,0 -71.6196165610278,-16.34961025171374,0 
							</coordinates>
						</LinearRing>
					</outerBoundaryIs>
				</Polygon>
			</Placemark>
			<Placemark>
				<name>1.4.306-61</name>
				<styleUrl>#msn_ylw-pushpin51111002</styleUrl>
				<Polygon>
					<tessellate>1</tessellate>
					<outerBoundaryIs>
						<LinearRing>
							<coordinates>
								-71.6197153944363,-16.34958886251948,0 -71.61993897794423,-16.34950323940857,0 -71.62013951335555,-16.34983347489377,0 -71.61991442873006,-16.34989421770307,0 -71.6197153944363,-16.34958886251948,0 
							</coordinates>
						</LinearRing>
					</outerBoundaryIs>
				</Polygon>
			</Placemark>
			<Placemark>
				<name>1.4.306-62</name>
				<styleUrl>#msn_ylw-pushpin51111002</styleUrl>
				<Polygon>
					<tessellate>1</tessellate>
					<outerBoundaryIs>
						<LinearRing>
							<coordinates>
								-71.61969187360398,-16.34913624504252,0 -71.6199072290306,-16.3494412285294,0 -71.61967858244928,-16.34952932845096,0 -71.61944749488073,-16.34918864807264,0 -71.61969187360398,-16.34913624504252,0 
							</coordinates>
						</LinearRing>
					</outerBoundaryIs>
				</Polygon>
			</Placemark>
			<Placemark>
				<name>1.4.306-63</name>
				<styleUrl>#msn_ylw-pushpin51111002</styleUrl>
				<Polygon>
					<tessellate>1</tessellate>
					<outerBoundaryIs>
						<LinearRing>
							<coordinates>
								-71.61918565507361,-16.34879914957802,0 -71.61941648251599,-16.34871429690324,0 -71.61965904380618,-16.34905735028143,0 -71.61939601704636,-16.34913977685531,0 -71.61918565507361,-16.34879914957802,0 
							</coordinates>
						</LinearRing>
					</outerBoundaryIs>
				</Polygon>
			</Placemark>
			<Placemark>
				<name>1.4.306-65</name>
				<styleUrl>#msn_ylw-pushpin51111002</styleUrl>
				<Polygon>
					<tessellate>1</tessellate>
					<outerBoundaryIs>
						<LinearRing>
							<coordinates>
								-71.62062112186861,-16.34846091283394,0 -71.62018222129393,-16.34880836229833,0 -71.61976031146537,-16.34830621933073,0 -71.61989511333448,-16.34761628531054,0 -71.62062112186861,-16.34846091283394,0 
							</coordinates>
						</LinearRing>
					</outerBoundaryIs>
				</Polygon>
			</Placemark>
			<Placemark>
				<name>1.4.306-66</name>
				<styleUrl>#msn_ylw-pushpin51111002</styleUrl>
				<Polygon>
					<tessellate>1</tessellate>
					<outerBoundaryIs>
						<LinearRing>
							<coordinates>
								-71.62114921532924,-16.34805822913658,0 -71.62071059786996,-16.34840591422473,0 -71.61991606289126,-16.34748093165959,0 -71.62003269066619,-16.34676993115352,0 -71.62114921532924,-16.34805822913658,0 
							</coordinates>
						</LinearRing>
					</outerBoundaryIs>
				</Polygon>
			</Placemark>
			<Placemark>
				<name>1.4.306-67</name>
				<styleUrl>#msn_ylw-pushpin51111002</styleUrl>
				<Polygon>
					<tessellate>1</tessellate>
					<outerBoundaryIs>
						<LinearRing>
							<coordinates>
								-71.62078940390488,-16.34963873503454,0 -71.62039702476484,-16.34980624335118,0 -71.61986732117991,-16.34917899618576,0 -71.6201794404477,-16.34894300640461,0 -71.62078940390488,-16.34963873503454,0 
							</coordinates>
						</LinearRing>
					</outerBoundaryIs>
				</Polygon>
			</Placemark>
			<Placemark>
				<name>1.4.306-68</name>
				<styleUrl>#msn_ylw-pushpin51111002</styleUrl>
				<Polygon>
					<tessellate>1</tessellate>
					<outerBoundaryIs>
						<LinearRing>
							<coordinates>
								-71.62146857712506,-16.34943328666368,0 -71.62088402245378,-16.34962867075578,0 -71.62024658103773,-16.34889490216606,0 -71.62068631316359,-16.34854915966443,0 -71.62146857712506,-16.34943328666368,0 
							</coordinates>
						</LinearRing>
					</outerBoundaryIs>
				</Polygon>
			</Placemark>
			<Placemark>
				<name>1.4.306-69</name>
				<styleUrl>#msn_ylw-pushpin51111002</styleUrl>
				<Polygon>
					<tessellate>1</tessellate>
					<outerBoundaryIs>
						<LinearRing>
							<coordinates>
								-71.62217688725494,-16.34924830087242,0 -71.62156614963646,-16.34941420743717,0 -71.62076427626657,-16.34848537200288,0 -71.62120540957478,-16.34813420645431,0 -71.62217688725494,-16.34924830087242,0 
							</coordinates>
						</LinearRing>
					</outerBoundaryIs>
				</Polygon>
			</Placemark>
			<Placemark>
				<name>1.4.307-1</name>
				<styleUrl>#msn_ylw-pushpin51111002</styleUrl>
				<Polygon>
					<tessellate>1</tessellate>
					<outerBoundaryIs>
						<LinearRing>
							<coordinates>
								-71.61468900411384,-16.34296492905172,0 -71.61418752401369,-16.34310107712448,0 -71.61408111446011,-16.34273562382966,0 -71.61458732348291,-16.34261536493095,0 -71.61468900411384,-16.34296492905172,0 
							</coordinates>
						</LinearRing>
					</outerBoundaryIs>
				</Polygon>
			</Placemark>
			<Placemark>
				<name>1.4.307-2</name>
				<styleUrl>#msn_ylw-pushpin51111002</styleUrl>
				<Polygon>
					<tessellate>1</tessellate>
					<outerBoundaryIs>
						<LinearRing>
							<coordinates>
								-71.61400541856018,-16.34276512517017,0 -71.61414021470571,-16.34311242223654,0 -71.61331702672531,-16.34334160329116,0 -71.61320351914523,-16.34299884684376,0 -71.61400541856018,-16.34276512517017,0 
							</coordinates>
						</LinearRing>
					</outerBoundaryIs>
				</Polygon>
			</Placemark>
			<Placemark>
				<name>1.4.307-3</name>
				<styleUrl>#msn_ylw-pushpin51111002</styleUrl>
				<Polygon>
					<tessellate>1</tessellate>
					<outerBoundaryIs>
						<LinearRing>
							<coordinates>
								-71.61311599708368,-16.34302153764314,0 -71.61322713662939,-16.34337791249111,0 -71.61240394494696,-16.34362978837924,0 -71.61229753785865,-16.34326206408632,0 -71.61311599708368,-16.34302153764314,0 
							</coordinates>
						</LinearRing>
					</outerBoundaryIs>
				</Polygon>
			</Placemark>
			<Placemark>
				<name>1.4.307-4</name>
				<styleUrl>#msn_ylw-pushpin51111002</styleUrl>
				<Polygon>
					<tessellate>1</tessellate>
					<outerBoundaryIs>
						<LinearRing>
							<coordinates>
								-71.61183863377752,-16.34339140142481,0 -71.61195923313382,-16.3437455076272,0 -71.61151688642167,-16.34386576591021,0 -71.61140574769662,-16.34352527929518,0 -71.61183863377752,-16.34339140142481,0 
							</coordinates>
						</LinearRing>
					</outerBoundaryIs>
				</Polygon>
			</Placemark>
			<Placemark>
				<name>1.4.307-5</name>
				<styleUrl>#msn_ylw-pushpin51111002</styleUrl>
				<Polygon>
					<tessellate>1</tessellate>
					<outerBoundaryIs>
						<LinearRing>
							<coordinates>
								-71.61131822442189,-16.34355477864692,0 -71.61143882343109,-16.34390434538887,0 -71.61063454836524,-16.34416756601852,0 -71.61051158805525,-16.34378622007772,0 -71.61131822442189,-16.34355477864692,0 
							</coordinates>
						</LinearRing>
					</outerBoundaryIs>
				</Polygon>
			</Placemark>
			<Placemark>
				<name>1.4.307-6</name>
				<styleUrl>#msn_ylw-pushpin51111002</styleUrl>
				<Polygon>
					<tessellate>1</tessellate>
					<outerBoundaryIs>
						<LinearRing>
							<coordinates>
								-71.61040277345124,-16.34382252657478,0 -71.61050208130128,-16.34417890102846,0 -71.61013779249261,-16.34429462484992,0 -71.61001483009855,-16.3439450571275,0 -71.61040277345124,-16.34382252657478,0 
							</coordinates>
						</LinearRing>
					</outerBoundaryIs>
				</Polygon>
			</Placemark>
			<Placemark>
				<name>1.4.307-7</name>
				<styleUrl>#msn_ylw-pushpin51111002</styleUrl>
				<Polygon>
					<tessellate>1</tessellate>
					<outerBoundaryIs>
						<LinearRing>
							<coordinates>
								-71.6099533264979,-16.34396547918793,0 -71.61006209672843,-16.34431050573832,0 -71.60973329109706,-16.34440353431373,0 -71.60945184125592,-16.34408572675323,0 -71.6099533264979,-16.34396547918793,0 
							</coordinates>
						</LinearRing>
					</outerBoundaryIs>
				</Polygon>
			</Placemark>
			<Placemark>
				<name>1.4.307-8</name>
				<styleUrl>#msn_ylw-pushpin51111002</styleUrl>
				<Polygon>
					<tessellate>1</tessellate>
					<outerBoundaryIs>
						<LinearRing>
							<coordinates>
								-71.61012830598303,-16.34451252841729,0 -71.61017558997558,-16.34473043771172,0 -71.61005021806059,-16.34476447208648,0 -71.60980188003107,-16.34447617624638,0 -71.61007864550301,-16.34439222174014,0 -71.61012830598303,-16.34451252841729,0 
							</coordinates>
						</LinearRing>
					</outerBoundaryIs>
				</Polygon>
			</Placemark>
			<Placemark>
				<name>1.4.307-9</name>
				<styleUrl>#msn_ylw-pushpin51111002</styleUrl>
				<Polygon>
					<tessellate>1</tessellate>
					<outerBoundaryIs>
						<LinearRing>
							<coordinates>
								-71.61066051573955,-16.34462153575413,0 -71.6102418231563,-16.34472136528748,0 -71.61015907403308,-16.34435818261801,0 -71.61054228552619,-16.34425154000471,0 -71.61066051573955,-16.34462153575413,0 
							</coordinates>
						</LinearRing>
					</outerBoundaryIs>
				</Polygon>
			</Placemark>
			<Placemark>
				<name>1.4.307-10</name>
				<styleUrl>#msn_ylw-pushpin51111002</styleUrl>
				<Polygon>
					<tessellate>1</tessellate>
					<outerBoundaryIs>
						<LinearRing>
							<coordinates>
								-71.61077874087707,-16.3450414673409,0 -71.61038369879856,-16.34516853757778,0 -71.61026783506273,-16.34478946285257,0 -71.61067470205172,-16.344678282835,0 -71.61077874087707,-16.3450414673409,0 
							</coordinates>
						</LinearRing>
					</outerBoundaryIs>
				</Polygon>
			</Placemark>
			<Placemark>
				<name>1.4.307-11</name>
				<styleUrl>#msn_ylw-pushpin51111002</styleUrl>
				<Polygon>
					<tessellate>1</tessellate>
					<outerBoundaryIs>
						<LinearRing>
							<coordinates>
								-71.61043809797158,-16.3452207494278,0 -71.61080475302586,-16.34511183490219,0 -71.61093008083562,-16.34547956100828,0 -71.61071008828426,-16.34553855439048,0 -71.61043809797158,-16.3452207494278,0 
							</coordinates>
						</LinearRing>
					</outerBoundaryIs>
				</Polygon>
			</Placemark>
			<Placemark>
				<name>1.4.307-12</name>
				<styleUrl>#msn_ylw-pushpin51111002</styleUrl>
				<Polygon>
					<tessellate>1</tessellate>
					<outerBoundaryIs>
						<LinearRing>
							<coordinates>
								-71.6114624678723,-16.34397017178284,0 -71.61158543141119,-16.34433108853628,0 -71.61076223359399,-16.34458976765851,0 -71.61065109999807,-16.34420842320895,0 -71.6114624678723,-16.34397017178284,0 
							</coordinates>
						</LinearRing>
					</outerBoundaryIs>
				</Polygon>
			</Placemark>
			<Placemark>
				<name>1.4.307-13</name>
				<styleUrl>#msn_ylw-pushpin51111002</styleUrl>
				<Polygon>
					<tessellate>1</tessellate>
					<outerBoundaryIs>
						<LinearRing>
							<coordinates>
								-71.61209991214942,-16.34378637696292,0 -71.61221814799318,-16.34412913411796,0 -71.61164332862835,-16.34432428457275,0 -71.6115381633947,-16.34394975119164,0 -71.61209991214942,-16.34378637696292,0 
							</coordinates>
						</LinearRing>
					</outerBoundaryIs>
				</Polygon>
			</Placemark>
			<Placemark>
				<name>1.4.307-14</name>
				<styleUrl>#msn_ylw-pushpin51111002</styleUrl>
				<Polygon>
					<tessellate>1</tessellate>
					<outerBoundaryIs>
						<LinearRing>
							<coordinates>
								-71.61077990766002,-16.34465105478216,0 -71.6115983770169,-16.34438783575592,0 -71.6117520892662,-16.34477372349928,0 -71.61089340725859,-16.34503466944365,0 -71.61077990766002,-16.34465105478216,0 
							</coordinates>
						</LinearRing>
					</outerBoundaryIs>
				</Polygon>
			</Placemark>
			<Placemark>
				<name>1.4.307-15</name>
				<styleUrl>#msn_ylw-pushpin51111002</styleUrl>
				<Polygon>
					<tessellate>1</tessellate>
					<outerBoundaryIs>
						<LinearRing>
							<coordinates>
								-71.61175444795941,-16.34483727892563,0 -71.61188923721825,-16.34522316434383,0 -71.61103055665153,-16.34545914274315,0 -71.61090759413372,-16.34508460690956,0 -71.61175444795941,-16.34483727892563,0 
							</coordinates>
						</LinearRing>
					</outerBoundaryIs>
				</Polygon>
			</Placemark>
			<Placemark>
				<name>1.4.307-16</name>
				<styleUrl>#msn_ylw-pushpin51111002</styleUrl>
				<Polygon>
					<tessellate>1</tessellate>
					<outerBoundaryIs>
						<LinearRing>
							<coordinates>
								-71.61262187198778,-16.34456271014894,0 -71.6127495693229,-16.34491908731472,0 -71.61193819583269,-16.34519593094392,0 -71.61182541365048,-16.34481231752449,0 -71.61262187198778,-16.34456271014894,0 
							</coordinates>
						</LinearRing>
					</outerBoundaryIs>
				</Polygon>
			</Placemark>
			<Placemark>
				<name>1.4.307-17</name>
				<styleUrl>#msn_ylw-pushpin51111002</styleUrl>
				<Polygon>
					<tessellate>1</tessellate>
					<outerBoundaryIs>
						<LinearRing>
							<coordinates>
								-71.61275626879647,-16.34500080223216,0 -71.61288396788929,-16.34534582907586,0 -71.6120777127794,-16.34562040370491,0 -71.61197367206249,-16.34524814061075,0 -71.61275626879647,-16.34500080223216,0 
							</coordinates>
						</LinearRing>
					</outerBoundaryIs>
				</Polygon>
			</Placemark>
			<Placemark>
				<name>1.4.307-18</name>
				<styleUrl>#msn_ylw-pushpin51111002</styleUrl>
				<Polygon>
					<tessellate>1</tessellate>
					<outerBoundaryIs>
						<LinearRing>
							<coordinates>
								-71.61190467988096,-16.34527991207689,0 -71.61201108746549,-16.34563628665548,0 -71.61114057828857,-16.34587226440378,0 -71.61103890416167,-16.3455022706984,0 -71.61190467988096,-16.34527991207689,0 
							</coordinates>
						</LinearRing>
					</outerBoundaryIs>
				</Polygon>
			</Placemark>
			<Placemark>
				<name>1.4.307-19</name>
				<styleUrl>#msn_ylw-pushpin51111002</styleUrl>
				<Polygon>
					<tessellate>1</tessellate>
					<outerBoundaryIs>
						<LinearRing>
							<coordinates>
								-71.61202290625826,-16.34571800156445,0 -71.61213877724977,-16.34606302798204,0 -71.61134159736103,-16.34628085474838,0 -71.61125408644907,-16.34617870338659,0 -71.61116895564325,-16.34594036179091,0 -71.61203236945843,-16.34570438338421,0 -71.61202290625826,-16.34571800156445,0 
							</coordinates>
						</LinearRing>
					</outerBoundaryIs>
				</Polygon>
			</Placemark>
			<Placemark>
				<name>1.4.307-20</name>
				<styleUrl>#msn_ylw-pushpin51111002</styleUrl>
				<Polygon>
					<tessellate>1</tessellate>
					<outerBoundaryIs>
						<LinearRing>
							<coordinates>
								-71.61106484398842,-16.34621954097062,0 -71.61134393529761,-16.34652372769439,0 -71.61053014101921,-16.34719097844326,0 -71.61013512702658,-16.34698892178265,0 -71.61106484398842,-16.34621954097062,0 
							</coordinates>
						</LinearRing>
					</outerBoundaryIs>
				</Polygon>
			</Placemark>
			<Placemark>
				<name>1.4.307-21</name>
				<styleUrl>#msn_ylw-pushpin51111002</styleUrl>
				<Polygon>
					<tessellate>1</tessellate>
					<outerBoundaryIs>
						<LinearRing>
							<coordinates>
								-71.61139360413689,-16.34657593886068,0 -71.61159700443379,-16.34684833940885,0 -71.61095117342113,-16.34739530610477,0 -71.61082344635216,-16.34731811876597,0 -71.61059637278355,-16.34720687363282,0 -71.61139360413689,-16.34657593886068,0 
							</coordinates>
						</LinearRing>
					</outerBoundaryIs>
				</Polygon>
			</Placemark>
			<Placemark>
				<name>1.4.307-22</name>
				<styleUrl>#msn_ylw-pushpin51111002</styleUrl>
				<Polygon>
					<tessellate>1</tessellate>
					<outerBoundaryIs>
						<LinearRing>
							<coordinates>
								-71.61167742287155,-16.34691644224877,0 -71.61192576423817,-16.34722062435523,0 -71.61143133696423,-16.34764503558142,0 -71.61126576853547,-16.34751109886505,0 -71.61114513837477,-16.34742937275872,0 -71.61105998378707,-16.34740666588051,0 -71.61167742287155,-16.34691644224877,0 
							</coordinates>
						</LinearRing>
					</outerBoundaryIs>
				</Polygon>
			</Placemark>
			<Placemark>
				<name>1.4.307-23</name>
				<styleUrl>#msn_ylw-pushpin51111002</styleUrl>
				<Polygon>
					<tessellate>1</tessellate>
					<outerBoundaryIs>
						<LinearRing>
							<coordinates>
								-71.61198016517613,-16.34726602625917,0 -71.6122379714114,-16.34754978031435,0 -71.61179086019214,-16.34791064141383,0 -71.61163475231133,-16.3477857852301,0 -71.61149993175835,-16.34767908974568,0 -71.61198016517613,-16.34726602625917,0 
							</coordinates>
						</LinearRing>
					</outerBoundaryIs>
				</Polygon>
			</Placemark>
			<Placemark>
				<name>1.4.307-24</name>
				<styleUrl>#msn_ylw-pushpin51111002</styleUrl>
				<Polygon>
					<tessellate>1</tessellate>
					<outerBoundaryIs>
						<LinearRing>
							<coordinates>
								-71.61226871734999,-16.34759971949144,0 -71.61253362082356,-16.34788574422243,0 -71.61211253153796,-16.34822844966516,0 -71.61185235502646,-16.34797874257514,0 -71.61226871734999,-16.34759971949144,0 
							</coordinates>
						</LinearRing>
					</outerBoundaryIs>
				</Polygon>
			</Placemark>
			<Placemark>
				<name>1.4.307-25</name>
				<styleUrl>#msn_ylw-pushpin51111002</styleUrl>
				<Polygon>
					<tessellate>1</tessellate>
					<outerBoundaryIs>
						<LinearRing>
							<coordinates>
								-71.61258092379288,-16.34794930405814,0 -71.6128221724169,-16.34824440503536,0 -71.61245312706365,-16.34855079853933,0 -71.61218821995745,-16.34829428209651,0 -71.61258092379288,-16.34794930405814,0 
							</coordinates>
						</LinearRing>
					</outerBoundaryIs>
				</Polygon>
			</Placemark>
			<Placemark>
				<name>1.4.307-27</name>
				<styleUrl>#msn_ylw-pushpin51111002</styleUrl>
				<Polygon>
					<tessellate>1</tessellate>
					<outerBoundaryIs>
						<LinearRing>
							<coordinates>
								-71.61318404853802,-16.34867116758927,0 -71.61341820312998,-16.34895945778078,0 -71.61313432207399,-16.3491932253012,0 -71.61285758714706,-16.34892308964817,0 -71.61318404853802,-16.34867116758927,0 
							</coordinates>
						</LinearRing>
					</outerBoundaryIs>
				</Polygon>
			</Placemark>
			<Placemark>
				<name>1.4.307-28</name>
				<styleUrl>#msn_ylw-pushpin51111002</styleUrl>
				<Polygon>
					<tessellate>1</tessellate>
					<outerBoundaryIs>
						<LinearRing>
							<coordinates>
								-71.6131839924865,-16.34924543638943,0 -71.61349610941454,-16.34898526007203,0 -71.61374987647339,-16.34927424164108,0 -71.61347019182834,-16.34949968363341,0 -71.6131839924865,-16.34924543638943,0 
							</coordinates>
						</LinearRing>
					</outerBoundaryIs>
				</Polygon>
			</Placemark>
			<Placemark>
				<name>1.4.307-29</name>
				<styleUrl>#msn_ylw-pushpin51111002</styleUrl>
				<Polygon>
					<tessellate>1</tessellate>
					<outerBoundaryIs>
						<LinearRing>
							<coordinates>
								-71.61403080067932,-16.34963138343911,0 -71.61374455351942,-16.34986969122479,0 -71.6134938384059,-16.34958593962808,0 -71.6137871820071,-16.34934763267663,0 -71.61403080067932,-16.34963138343911,0 
							</coordinates>
						</LinearRing>
					</outerBoundaryIs>
				</Polygon>
			</Placemark>
			<Placemark>
				<name>1.4.307-30</name>
				<styleUrl>#msn_ylw-pushpin51111002</styleUrl>
				<Polygon>
					<tessellate>1</tessellate>
					<outerBoundaryIs>
						<LinearRing>
							<coordinates>
								-71.61432409071136,-16.34996961414165,0 -71.61409935062984,-16.35016026114881,0 -71.61384153834686,-16.34987423937629,0 -71.61406864367036,-16.34968359292128,0 -71.61432409071136,-16.34996961414165,0 
							</coordinates>
						</LinearRing>
					</outerBoundaryIs>
				</Polygon>
			</Placemark>
			<Placemark>
				<name>1.4.307-31</name>
				<styleUrl>#msn_ylw-pushpin51111002</styleUrl>
				<Polygon>
					<tessellate>1</tessellate>
					<outerBoundaryIs>
						<LinearRing>
							<coordinates>
								-71.61437376147634,-16.35002182469333,0 -71.61447310546521,-16.35009900762945,0 -71.6145748145201,-16.35018073032996,0 -71.614681256436,-16.35024202479408,0 -71.61423177509204,-16.35062785923889,0 -71.61407568477175,-16.35027148126238,0 -71.61437376147634,-16.35002182469333,0 
							</coordinates>
						</LinearRing>
					</outerBoundaryIs>
				</Polygon>
			</Placemark>
			<Placemark>
				<name>1.4.307-32</name>
				<styleUrl>#msn_ylw-pushpin51111002</styleUrl>
				<Polygon>
					<tessellate>1</tessellate>
					<outerBoundaryIs>
						<LinearRing>
							<coordinates>
								-71.61475694495321,-16.35031920487313,0 -71.61496036667937,-16.35045087262076,0 -71.6150360555861,-16.35053259301794,0 -71.61464335194736,-16.35086168681694,0 -71.61429090572506,-16.35068914919212,0 -71.61475694495321,-16.35031920487313,0 
							</coordinates>
						</LinearRing>
					</outerBoundaryIs>
				</Polygon>
			</Placemark>
			<Placemark>
				<name>1.4.307-34</name>
				<styleUrl>#msn_ylw-pushpin51111002</styleUrl>
				<Polygon>
					<tessellate>1</tessellate>
					<outerBoundaryIs>
						<LinearRing>
							<coordinates>
								-71.61533599495201,-16.34987346473672,0 -71.61557203232131,-16.35014176705328,0 -71.61519019349157,-16.35046324596993,0 -71.61489018735411,-16.35021259811547,0 -71.61533599495201,-16.34987346473672,0 
							</coordinates>
						</LinearRing>
					</outerBoundaryIs>
				</Polygon>
			</Placemark>
			<Placemark>
				<name>1.4.307-35</name>
				<styleUrl>#msn_ylw-pushpin51111002</styleUrl>
				<Polygon>
					<tessellate>1</tessellate>
					<outerBoundaryIs>
						<LinearRing>
							<coordinates>
								-71.61563954011524,-16.35010397122161,0 -71.61538874608236,-16.34981543723509,0 -71.61597453075601,-16.34933090609353,0 -71.61609512990709,-16.34975708679622,0 -71.61563954011524,-16.35010397122161,0 
							</coordinates>
						</LinearRing>
					</outerBoundaryIs>
				</Polygon>
			</Placemark>
			<Placemark>
				<name>1.4.307-36</name>
				<styleUrl>#msn_ylw-pushpin51111002</styleUrl>
				<Polygon>
					<tessellate>1</tessellate>
					<outerBoundaryIs>
						<LinearRing>
							<coordinates>
								-71.61603271229092,-16.34928433295725,0 -71.6161556242245,-16.3491816500454,0 -71.61625386580164,-16.34925512734558,0 -71.61636197629912,-16.34956949152784,0 -71.61616332245021,-16.34966986780292,0 -71.61603271229092,-16.34928433295725,0 
							</coordinates>
						</LinearRing>
					</outerBoundaryIs>
				</Polygon>
			</Placemark>
			<Placemark>
				<name>1.4.307-37</name>
				<styleUrl>#msn_ylw-pushpin51111002</styleUrl>
				<Polygon>
					<tessellate>1</tessellate>
					<outerBoundaryIs>
						<LinearRing>
							<coordinates>
								-71.61501861827041,-16.34953150038162,0 -71.61528248720158,-16.34980112806635,0 -71.61483844910813,-16.35015170500663,0 -71.61453153357135,-16.34991886080822,0 -71.61501861827041,-16.34953150038162,0 
							</coordinates>
						</LinearRing>
					</outerBoundaryIs>
				</Polygon>
			</Placemark>
			<Placemark>
				<name>1.4.307-38</name>
				<styleUrl>#msn_ylw-pushpin51111002</styleUrl>
				<Polygon>
					<tessellate>1</tessellate>
					<outerBoundaryIs>
						<LinearRing>
							<coordinates>
								-71.61571346027522,-16.34897082644873,0 -71.61595113618843,-16.3492355991208,0 -71.61585126669237,-16.34935834735257,0 -71.61533992741761,-16.34973829498384,0 -71.61508747036062,-16.34946101538542,0 -71.61571346027522,-16.34897082644873,0 
							</coordinates>
						</LinearRing>
					</outerBoundaryIs>
				</Polygon>
			</Placemark>
			<Placemark>
				<name>1.4.307-39</name>
				<styleUrl>#msn_ylw-pushpin51111002</styleUrl>
				<Polygon>
					<tessellate>1</tessellate>
					<outerBoundaryIs>
						<LinearRing>
							<coordinates>
								-71.61578669535704,-16.34892078173457,0 -71.61601170701631,-16.34873951749012,0 -71.61615268721884,-16.34889217542658,0 -71.61618490508148,-16.34907845738611,0 -71.61600870073715,-16.34918550319833,0 -71.61578669535704,-16.34892078173457,0 
							</coordinates>
						</LinearRing>
					</outerBoundaryIs>
				</Polygon>
			</Placemark>
			<Placemark>
				<name>1.4.307-40</name>
				<styleUrl>#msn_ylw-pushpin51111002</styleUrl>
				<Polygon>
					<tessellate>1</tessellate>
					<outerBoundaryIs>
						<LinearRing>
							<coordinates>
								-71.61585396584698,-16.34829813886202,0 -71.6159960386822,-16.34844093477218,0 -71.61608696190282,-16.34858666658239,0 -71.61573179630729,-16.34886337365937,0 -71.61548997870736,-16.34857734807868,0 -71.61585396584698,-16.34829813886202,0 
							</coordinates>
						</LinearRing>
					</outerBoundaryIs>
				</Polygon>
			</Placemark>
			<Placemark>
				<name>1.4.307-41</name>
				<styleUrl>#msn_ylw-pushpin51111002</styleUrl>
				<Polygon>
					<tessellate>1</tessellate>
					<outerBoundaryIs>
						<LinearRing>
							<coordinates>
								-71.61542572488584,-16.3486211466234,0 -71.61566309074684,-16.34890428192685,0 -71.61503436598154,-16.3493981582008,0 -71.61477633906279,-16.34910504759879,0 -71.61542572488584,-16.3486211466234,0 
							</coordinates>
						</LinearRing>
					</outerBoundaryIs>
				</Polygon>
			</Placemark>
			<Placemark>
				<name>1.4.307-42</name>
				<styleUrl>#msn_ylw-pushpin51111002</styleUrl>
				<Polygon>
					<tessellate>1</tessellate>
					<outerBoundaryIs>
						<LinearRing>
							<coordinates>
								-71.61446147687946,-16.34985774536764,0 -71.61420713877718,-16.34957334522547,0 -71.61471504987357,-16.34915821625224,0 -71.6149600277143,-16.34944629331291,0 -71.61446147687946,-16.34985774536764,0 
							</coordinates>
						</LinearRing>
					</outerBoundaryIs>
				</Polygon>
			</Placemark>
			<Placemark>
				<name>1.4.307-43</name>
				<styleUrl>#msn_ylw-pushpin51111002</styleUrl>
				<Polygon>
					<tessellate>1</tessellate>
					<outerBoundaryIs>
						<LinearRing>
							<coordinates>
								-71.61442288733285,-16.3487954311703,0 -71.61468069724548,-16.34910070295037,0 -71.61416706438017,-16.34952792410355,0 -71.61390364335476,-16.34921489797179,0 -71.61442288733285,-16.3487954311703,0 
							</coordinates>
						</LinearRing>
					</outerBoundaryIs>
				</Polygon>
			</Placemark>
			<Placemark>
				<name>1.4.307-44</name>
				<styleUrl>#msn_ylw-pushpin51111002</styleUrl>
				<Polygon>
					<tessellate>1</tessellate>
					<outerBoundaryIs>
						<LinearRing>
							<coordinates>
								-71.61510122479571,-16.34828105760281,0 -71.61536804409037,-16.3485597922446,0 -71.61473365675664,-16.34904941456053,0 -71.61447724676091,-16.34876741520289,0 -71.61510122479571,-16.34828105760281,0 
							</coordinates>
						</LinearRing>
					</outerBoundaryIs>
				</Polygon>
			</Placemark>
			<Placemark>
				<name>1.4.307-45</name>
				<styleUrl>#msn_ylw-pushpin51111002</styleUrl>
				<Polygon>
					<tessellate>1</tessellate>
					<outerBoundaryIs>
						<LinearRing>
							<coordinates>
								-71.61561680316998,-16.34788520775344,0 -71.61575841105441,-16.34799331115078,0 -71.61582883652959,-16.34793546128018,0 -71.61592005277157,-16.34796242984029,0 -71.61579124488345,-16.34823051106619,0 -71.61543994792953,-16.34853419162372,0 -71.61517987794321,-16.34822464958557,0 -71.61561680316998,-16.34788520775344,0 
							</coordinates>
						</LinearRing>
					</outerBoundaryIs>
				</Polygon>
			</Placemark>
			<Placemark>
				<name>1.4.307-46</name>
				<styleUrl>#msn_ylw-pushpin51111002</styleUrl>
				<Polygon>
					<tessellate>1</tessellate>
					<outerBoundaryIs>
						<LinearRing>
							<coordinates>
								-71.61529706936955,-16.34756378660656,0 -71.61555246607638,-16.34782582361813,0 -71.61513528915654,-16.34817587545067,0 -71.61487720313301,-16.34787671310242,0 -71.61529706936955,-16.34756378660656,0 
							</coordinates>
						</LinearRing>
					</outerBoundaryIs>
				</Polygon>
			</Placemark>
			<Placemark>
				<name>1.4.307-47</name>
				<styleUrl>#msn_ylw-pushpin51111002</styleUrl>
				<Polygon>
					<tessellate>1</tessellate>
					<outerBoundaryIs>
						<LinearRing>
							<coordinates>
								-71.61482216862785,-16.34793087019919,0 -71.61507502241801,-16.34821566502085,0 -71.61444656747351,-16.34871026880357,0 -71.61417612338275,-16.34843809606334,0 -71.61482216862785,-16.34793087019919,0 
							</coordinates>
						</LinearRing>
					</outerBoundaryIs>
				</Polygon>
			</Placemark>
			<Placemark>
				<name>1.4.307-48</name>
				<styleUrl>#msn_ylw-pushpin51111002</styleUrl>
				<Polygon>
					<tessellate>1</tessellate>
					<outerBoundaryIs>
						<LinearRing>
							<coordinates>
								-71.6141303539504,-16.34848804573447,0 -71.61439632782563,-16.34876688100485,0 -71.61386732061668,-16.34918022926335,0 -71.61362509467084,-16.34890233941886,0 -71.6141303539504,-16.34848804573447,0 
							</coordinates>
						</LinearRing>
					</outerBoundaryIs>
				</Polygon>
			</Placemark>
			<Placemark>
				<name>1.4.307-49</name>
				<styleUrl>#msn_ylw-pushpin51111002</styleUrl>
				<Polygon>
					<tessellate>1</tessellate>
					<outerBoundaryIs>
						<LinearRing>
							<coordinates>
								-71.6138329521157,-16.34814359878151,0 -71.61409425260959,-16.34842941339113,0 -71.61355170314602,-16.34884535108155,0 -71.61330942772483,-16.34856513216894,0 -71.6138329521157,-16.34814359878151,0 
							</coordinates>
						</LinearRing>
					</outerBoundaryIs>
				</Polygon>
			</Placemark>
			<Placemark>
				<name>1.4.307-50</name>
				<styleUrl>#msn_ylw-pushpin51111002</styleUrl>
				<Polygon>
					<tessellate>1</tessellate>
					<outerBoundaryIs>
						<LinearRing>
							<coordinates>
								-71.61450982871531,-16.34758983549027,0 -71.61475946864397,-16.34786622588869,0 -71.61415186216237,-16.3483822873751,0 -71.61388844188491,-16.34808769235352,0 -71.61450982871531,-16.34758983549027,0 
							</coordinates>
						</LinearRing>
					</outerBoundaryIs>
				</Polygon>
			</Placemark>
			<Placemark>
				<name>1.4.307-51</name>
				<styleUrl>#msn_ylw-pushpin51111002</styleUrl>
				<Polygon>
					<tessellate>1</tessellate>
					<outerBoundaryIs>
						<LinearRing>
							<coordinates>
								-71.61301342057142,-16.34819103409891,0 -71.6135591006111,-16.34779828698777,0 -71.61380075744428,-16.34808962882894,0 -71.61327356722633,-16.34847016629743,0 -71.61301342057142,-16.34819103409891,0 
							</coordinates>
						</LinearRing>
					</outerBoundaryIs>
				</Polygon>
			</Placemark>
			<Placemark>
				<name>1.4.307-52</name>
				<styleUrl>#msn_ylw-pushpin51111002</styleUrl>
				<Polygon>
					<tessellate>1</tessellate>
					<outerBoundaryIs>
						<LinearRing>
							<coordinates>
								-71.61359614242836,-16.34773111164903,0 -71.61421490042278,-16.34722640446097,0 -71.61447216506306,-16.34753234574893,0 -71.61386312126434,-16.34804412179844,0 -71.61359614242836,-16.34773111164903,0 
							</coordinates>
						</LinearRing>
					</outerBoundaryIs>
				</Polygon>
			</Placemark>
			<Placemark>
				<name>1.4.307-53</name>
				<styleUrl>#msn_ylw-pushpin51111002</styleUrl>
				<Polygon>
					<tessellate>1</tessellate>
					<outerBoundaryIs>
						<LinearRing>
							<coordinates>
								-71.61387963888487,-16.34686878331772,0 -71.61415364257061,-16.34717325124557,0 -71.61354483416272,-16.34768175807287,0 -71.61330548309101,-16.3474077439292,0 -71.61387963888487,-16.34686878331772,0 
							</coordinates>
						</LinearRing>
					</outerBoundaryIs>
				</Polygon>
			</Placemark>
			<Placemark>
				<name>1.4.307-54</name>
				<styleUrl>#msn_ylw-pushpin51111002</styleUrl>
				<Polygon>
					<tessellate>1</tessellate>
					<outerBoundaryIs>
						<LinearRing>
							<coordinates>
								-71.61325041999483,-16.34746075930724,0 -71.61349073488223,-16.34773538611613,0 -71.61294736272758,-16.34813129225114,0 -71.61271948435217,-16.34785892531291,0 -71.61325041999483,-16.34746075930724,0 
							</coordinates>
						</LinearRing>
					</outerBoundaryIs>
				</Polygon>
			</Placemark>
			<Placemark>
				<name>1.4.307-55</name>
				<styleUrl>#msn_ylw-pushpin51111002</styleUrl>
				<Polygon>
					<tessellate>1</tessellate>
					<outerBoundaryIs>
						<LinearRing>
							<coordinates>
								-71.61293143487903,-16.34709968771561,0 -71.61320116165614,-16.3474015593454,0 -71.61266523610723,-16.34779242534048,0 -71.61241203477728,-16.34749323401083,0 -71.61293143487903,-16.34709968771561,0 
							</coordinates>
						</LinearRing>
					</outerBoundaryIs>
				</Polygon>
			</Placemark>
			<Placemark>
				<name>1.4.307-56</name>
				<styleUrl>#msn_ylw-pushpin51111002</styleUrl>
				<Polygon>
					<tessellate>1</tessellate>
					<outerBoundaryIs>
						<LinearRing>
							<coordinates>
								-71.61263433533158,-16.34674761652187,0 -71.61287057104249,-16.34703037280701,0 -71.61238508184478,-16.34744983490728,0 -71.61211619455608,-16.34714954792878,0 -71.61263433533158,-16.34674761652187,0 
							</coordinates>
						</LinearRing>
					</outerBoundaryIs>
				</Polygon>
			</Placemark>
			<Placemark>
				<name>1.4.307-57</name>
				<styleUrl>#msn_ylw-pushpin51111002</styleUrl>
				<Polygon>
					<tessellate>1</tessellate>
					<outerBoundaryIs>
						<LinearRing>
							<coordinates>
								-71.61232599848364,-16.34640559487105,0 -71.6125827535013,-16.34669118958349,0 -71.61205918635899,-16.34709735223696,0 -71.61192527689686,-16.34694751200122,0 -71.61181487564889,-16.3468180339524,0 -71.61232599848364,-16.34640559487105,0 
							</coordinates>
						</LinearRing>
					</outerBoundaryIs>
				</Polygon>
			</Placemark>
			<Placemark>
				<name>1.4.307-58</name>
				<styleUrl>#msn_ylw-pushpin51111002</styleUrl>
				<Polygon>
					<tessellate>1</tessellate>
					<outerBoundaryIs>
						<LinearRing>
							<coordinates>
								-71.61328047795971,-16.34680231105499,0 -71.61354002063254,-16.34709635845947,0 -71.61326479409753,-16.34734903150998,0 -71.61300656032149,-16.34704687479144,0 -71.61328047795971,-16.34680231105499,0 
							</coordinates>
						</LinearRing>
					</outerBoundaryIs>
				</Polygon>
			</Placemark>
			<Placemark>
				<name>1.4.307-59</name>
				<styleUrl>#msn_ylw-pushpin51111002</styleUrl>
				<Polygon>
					<tessellate>1</tessellate>
					<outerBoundaryIs>
						<LinearRing>
							<coordinates>
								-71.61312307936211,-16.34635007440443,0 -71.61339743054147,-16.34661954532072,0 -71.61295176178788,-16.34698463792125,0 -71.61269845437961,-16.34669323269661,0 -71.61312307936211,-16.34635007440443,0 
							</coordinates>
						</LinearRing>
					</outerBoundaryIs>
				</Polygon>
			</Placemark>
			<Placemark>
				<name>1.4.307-60</name>
				<styleUrl>#msn_ylw-pushpin51111002</styleUrl>
				<Polygon>
					<tessellate>1</tessellate>
					<outerBoundaryIs>
						<LinearRing>
							<coordinates>
								-71.61512602620049,-16.34694409445061,0 -71.61516280287256,-16.3469984762924,0 -71.61451953730656,-16.34746626501157,0 -71.61427383717324,-16.34718162851859,0 -71.61512602620049,-16.34694409445061,0 
							</coordinates>
						</LinearRing>
					</outerBoundaryIs>
				</Polygon>
			</Placemark>
			<Placemark>
				<name>1.4.307-61</name>
				<styleUrl>#msn_ylw-pushpin51111002</styleUrl>
				<Polygon>
					<tessellate>1</tessellate>
					<outerBoundaryIs>
						<LinearRing>
							<coordinates>
								-71.61428933490461,-16.34675102036001,0 -71.61436766657162,-16.34706845000767,0 -71.61420032910812,-16.34711497561986,0 -71.61397312459933,-16.34684500329331,0 -71.61428933490461,-16.34675102036001,0 
							</coordinates>
						</LinearRing>
					</outerBoundaryIs>
				</Polygon>
			</Placemark>
			<Placemark>
				<name>1.4.307-62</name>
				<styleUrl>#msn_ylw-pushpin51111002</styleUrl>
				<Polygon>
					<tessellate>1</tessellate>
					<outerBoundaryIs>
						<LinearRing>
							<coordinates>
								-71.61493643730977,-16.34657090244623,0 -71.61500078263899,-16.3466439491513,0 -71.61505427634104,-16.34669444955241,0 -71.6151213615284,-16.34686396945383,0 -71.61444592939969,-16.34703962664772,0 -71.61435154506148,-16.34672924943161,0 -71.61493643730977,-16.34657090244623,0 
							</coordinates>
						</LinearRing>
					</outerBoundaryIs>
				</Polygon>
			</Placemark>
			<Placemark>
				<name>1.4.307-63</name>
				<styleUrl>#msn_ylw-pushpin51111002</styleUrl>
				<Polygon>
					<tessellate>1</tessellate>
					<outerBoundaryIs>
						<LinearRing>
							<coordinates>
								-71.61415003763538,-16.34637228980898,0 -71.61424760513984,-16.34669567533737,0 -71.61391228643215,-16.34678709057797,0 -71.613697414415,-16.34652812426966,0 -71.61369411310723,-16.34650350877999,0 -71.61415003763538,-16.34637228980898,0 
							</coordinates>
						</LinearRing>
					</outerBoundaryIs>
				</Polygon>
			</Placemark>
			<Placemark>
				<name>1.4.307-64</name>
				<styleUrl>#msn_ylw-pushpin51111002</styleUrl>
				<Polygon>
					<tessellate>1</tessellate>
					<outerBoundaryIs>
						<LinearRing>
							<coordinates>
								-71.61474329998912,-16.3461921689644,0 -71.61483560310801,-16.34651658783306,0 -71.6143339350907,-16.34666117470222,0 -71.61422276576928,-16.34634794324519,0 -71.61474329998912,-16.3461921689644,0 
							</coordinates>
						</LinearRing>
					</outerBoundaryIs>
				</Polygon>
			</Placemark>
			<Placemark>
				<name>1.4.307-65</name>
				<styleUrl>#msn_ylw-pushpin51111002</styleUrl>
				<Polygon>
					<tessellate>1</tessellate>
					<outerBoundaryIs>
						<LinearRing>
							<coordinates>
								-71.61363838359317,-16.34645003085385,0 -71.61340446722608,-16.3461649909468,0 -71.61402123913021,-16.34598987545642,0 -71.61414205467543,-16.34631276026276,0 -71.61363838359317,-16.34645003085385,0 
							</coordinates>
						</LinearRing>
					</outerBoundaryIs>
				</Polygon>
			</Placemark>
			<Placemark>
				<name>1.4.307-66</name>
				<styleUrl>#msn_ylw-pushpin51111002</styleUrl>
				<Polygon>
					<tessellate>1</tessellate>
					<outerBoundaryIs>
						<LinearRing>
							<coordinates>
								-71.61472573787076,-16.34579218215687,0 -71.61484212544678,-16.34609821701912,0 -71.61452641824349,-16.34618435981813,0 -71.6142188057495,-16.34628306456992,0 -71.61412152102379,-16.34596963288992,0 -71.61472573787076,-16.34579218215687,0 
							</coordinates>
						</LinearRing>
					</outerBoundaryIs>
				</Polygon>
			</Placemark>
			<Placemark>
				<name>1.4.307-67</name>
				<styleUrl>#msn_ylw-pushpin51111002</styleUrl>
				<Polygon>
					<tessellate>1</tessellate>
					<outerBoundaryIs>
						<LinearRing>
							<coordinates>
								-71.61480315766728,-16.34534957771893,0 -71.6149159607058,-16.34566268506145,0 -71.61408504826905,-16.3459101369268,0 -71.61399119395476,-16.34558898123135,0 -71.61480315766728,-16.34534957771893,0 
							</coordinates>
						</LinearRing>
					</outerBoundaryIs>
				</Polygon>
			</Placemark>
			<Placemark>
				<name>1.4.307-68</name>
				<styleUrl>#msn_ylw-pushpin51111002</styleUrl>
				<Polygon>
					<tessellate>1</tessellate>
					<outerBoundaryIs>
						<LinearRing>
							<coordinates>
								-71.61391796257294,-16.34561200556676,0 -71.6140047846639,-16.3459159667392,0 -71.61335385766439,-16.34610433485825,0 -71.61311556190297,-16.34585061001428,0 -71.61347227248989,-16.3457411549582,0 -71.61391796257294,-16.34561200556676,0 
							</coordinates>
						</LinearRing>
					</outerBoundaryIs>
				</Polygon>
			</Placemark>
			<Placemark>
				<name>1.4.307-70</name>
				<styleUrl>#msn_ylw-pushpin51111002</styleUrl>
				<Polygon>
					<tessellate>1</tessellate>
					<outerBoundaryIs>
						<LinearRing>
							<coordinates>
								-71.61290866688104,-16.34542289938195,0 -71.61302527682206,-16.3458069557215,0 -71.61219422386942,-16.34605487219807,0 -71.61208714478717,-16.34568292244877,0 -71.61290866688104,-16.34542289938195,0 
							</coordinates>
						</LinearRing>
					</outerBoundaryIs>
				</Polygon>
			</Placemark>
			<Placemark>
				<name>1.4.307-71</name>
				<styleUrl>#msn_ylw-pushpin51111002</styleUrl>
				<Polygon>
					<tessellate>1</tessellate>
					<outerBoundaryIs>
						<LinearRing>
							<coordinates>
								-71.61382273166429,-16.34518589933604,0 -71.61393755005346,-16.34554941079961,0 -71.61362697184749,-16.34563056073304,0 -71.61352547181792,-16.34526098620116,0 -71.61382273166429,-16.34518589933604,0 
							</coordinates>
						</LinearRing>
					</outerBoundaryIs>
				</Polygon>
			</Placemark>
			<Placemark>
				<name>1.4.307-72</name>
				<styleUrl>#msn_ylw-pushpin51111002</styleUrl>
				<Polygon>
					<tessellate>1</tessellate>
					<outerBoundaryIs>
						<LinearRing>
							<coordinates>
								-71.61367493967768,-16.34474739608667,0 -71.61379158913157,-16.34510613455283,0 -71.6129570300011,-16.34533843360697,0 -71.61284542892793,-16.34498307656892,0 -71.61367493967768,-16.34474739608667,0 
							</coordinates>
						</LinearRing>
					</outerBoundaryIs>
				</Polygon>
			</Placemark>
			<Placemark>
				<name>1.4.307-73</name>
				<styleUrl>#msn_ylw-pushpin51111002</styleUrl>
				<Polygon>
					<tessellate>1</tessellate>
					<outerBoundaryIs>
						<LinearRing>
							<coordinates>
								-71.61353106510451,-16.34430450514049,0 -71.61367005754035,-16.34468645282704,0 -71.6128253784028,-16.34491996996453,0 -71.61271218117813,-16.34455281055148,0 -71.61353106510451,-16.34430450514049,0 
							</coordinates>
						</LinearRing>
					</outerBoundaryIs>
				</Polygon>
			</Placemark>
			<Placemark>
				<name>1.4.307-74</name>
				<styleUrl>#msn_ylw-pushpin51111002</styleUrl>
				<Polygon>
					<tessellate>1</tessellate>
					<outerBoundaryIs>
						<LinearRing>
							<coordinates>
								-71.61337650516387,-16.34388851127846,0 -71.61351022839978,-16.34424408898699,0 -71.61268597765954,-16.34446776611178,0 -71.61257755900438,-16.34413126821166,0 -71.61337650516387,-16.34388851127846,0 
							</coordinates>
						</LinearRing>
					</outerBoundaryIs>
				</Polygon>
			</Placemark>
			<Placemark>
				<name>1.4.307-75</name>
				<styleUrl>#msn_ylw-pushpin51111002</styleUrl>
				<Polygon>
					<tessellate>1</tessellate>
					<outerBoundaryIs>
						<LinearRing>
							<coordinates>
								-71.61325905736989,-16.34345835262673,0 -71.61336024536251,-16.34380872431771,0 -71.61255407113431,-16.34405321473243,0 -71.6124420399493,-16.34369243445354,0 -71.61325905736989,-16.34345835262673,0 
							</coordinates>
						</LinearRing>
					</outerBoundaryIs>
				</Polygon>
			</Placemark>
			<Placemark>
				<name>1.4.307-76</name>
				<styleUrl>#msn_ylw-pushpin51111002</styleUrl>
				<Polygon>
					<tessellate>1</tessellate>
					<outerBoundaryIs>
						<LinearRing>
							<coordinates>
								-71.61469423078724,-16.34302876105202,0 -71.6147266399536,-16.34342314855301,0 -71.6140691620481,-16.34358984388426,0 -71.61344272613159,-16.34379467123861,0 -71.61333881327036,-16.34341591372674,0 -71.61469423078724,-16.34302876105202,0 
							</coordinates>
						</LinearRing>
					</outerBoundaryIs>
				</Polygon>
			</Placemark>
			<Placemark>
				<name>1.4.307-77</name>
				<styleUrl>#msn_ylw-pushpin51111002</styleUrl>
				<Polygon>
					<tessellate>1</tessellate>
					<outerBoundaryIs>
						<LinearRing>
							<coordinates>
								-71.61472193141127,-16.3434892654071,0 -71.61474128458954,-16.34387186609885,0 -71.61357222571124,-16.344223821751,0 -71.61346603368507,-16.34385820009788,0 -71.61472193141127,-16.3434892654071,0 
							</coordinates>
						</LinearRing>
					</outerBoundaryIs>
				</Polygon>
			</Placemark>
			<Placemark>
				<name>1.4.307-78</name>
				<styleUrl>#msn_ylw-pushpin51111002</styleUrl>
				<Polygon>
					<tessellate>1</tessellate>
					<outerBoundaryIs>
						<LinearRing>
							<coordinates>
								-71.61472835178954,-16.34396880367889,0 -71.61475451183397,-16.34434222502407,0 -71.61422677382926,-16.34451169376036,0 -71.61373460667072,-16.34467815041405,0 -71.61360013529152,-16.34428655191573,0 -71.61472835178954,-16.34396880367889,0 
							</coordinates>
						</LinearRing>
					</outerBoundaryIs>
				</Polygon>
			</Placemark>
			<Placemark>
				<name>1.4.307-79</name>
				<styleUrl>#msn_ylw-pushpin51111002</styleUrl>
				<Polygon>
					<tessellate>1</tessellate>
					<outerBoundaryIs>
						<LinearRing>
							<coordinates>
								-71.61475627373055,-16.34441183217403,0 -71.61478561305448,-16.34480749102559,0 -71.61387175856824,-16.34508285820607,0 -71.61374404388104,-16.34472914388561,0 -71.61475627373055,-16.34441183217403,0 
							</coordinates>
						</LinearRing>
					</outerBoundaryIs>
				</Polygon>
			</Placemark>
			<Placemark>
				<name>1.4.307-80</name>
				<styleUrl>#msn_ylw-pushpin51111002</styleUrl>
				<Polygon>
					<tessellate>1</tessellate>
					<outerBoundaryIs>
						<LinearRing>
							<coordinates>
								-71.61478229524339,-16.34488823788863,0 -71.61479816063412,-16.34527858531199,0 -71.61399940708779,-16.34552840609739,0 -71.61389591059337,-16.34516031259291,0 -71.61478229524339,-16.34488823788863,0 
							</coordinates>
						</LinearRing>
					</outerBoundaryIs>
				</Polygon>
			</Placemark>
			<Placemark>
				<name>1.4.307-81</name>
				<styleUrl>#msn_ylw-pushpin51111002</styleUrl>
				<Polygon>
					<tessellate>1</tessellate>
					<outerBoundaryIs>
						<LinearRing>
							<coordinates>
								-71.61482473458172,-16.34441076188602,0 -71.61508061654372,-16.34433845826122,0 -71.61521341153035,-16.34453182191289,0 -71.61539698816962,-16.3447747042297,0 -71.61546575789328,-16.34493689146326,0 -71.61546689344755,-16.34505009799525,0 -71.61538244801368,-16.34510818214207,0 -71.615253639244,-16.34513351470221,0 -71.61510980777439,-16.34517323939523,0 -71.61487219631371,-16.34524160271552,0 -71.61482473458172,-16.34441076188602,0 
							</coordinates>
						</LinearRing>
					</outerBoundaryIs>
				</Polygon>
			</Placemark>
			<Placemark>
				<name>1.4.307-83</name>
				<styleUrl>#msn_ylw-pushpin51111002</styleUrl>
				<Polygon>
					<tessellate>1</tessellate>
					<outerBoundaryIs>
						<LinearRing>
							<coordinates>
								-71.61543239321115,-16.34527710910965,0 -71.61496060718822,-16.34564821271202,0 -71.61486733442048,-16.34532818773434,0 -71.61548635625827,-16.34513469820572,0 -71.61543239321115,-16.34527710910965,0 
							</coordinates>
						</LinearRing>
					</outerBoundaryIs>
				</Polygon>
			</Placemark>
			<Placemark>
				<name>1.4.308-1</name>
				<styleUrl>#msn_ylw-pushpin51111002</styleUrl>
				<Polygon>
					<tessellate>1</tessellate>
					<outerBoundaryIs>
						<LinearRing>
							<coordinates>
								-71.62266096433856,-16.34980503057918,0 -71.62219476722909,-16.3501512956963,0 -71.62167921592132,-16.34957583887855,0 -71.62230154078026,-16.3493943642392,0 -71.62266096433856,-16.34980503057918,0 
							</coordinates>
						</LinearRing>
					</outerBoundaryIs>
				</Polygon>
			</Placemark>
			<Placemark>
				<name>1.4.308-2</name>
				<styleUrl>#msn_ylw-pushpin51111002</styleUrl>
				<Polygon>
					<tessellate>1</tessellate>
					<outerBoundaryIs>
						<LinearRing>
							<coordinates>
								-71.62357293714966,-16.35089210675915,0 -71.6231624507371,-16.35125776176207,0 -71.62228154396092,-16.3502274995538,0 -71.62271002015081,-16.34987632338325,0 -71.62357293714966,-16.35089210675915,0 
							</coordinates>
						</LinearRing>
					</outerBoundaryIs>
				</Polygon>
			</Placemark>
			<Placemark>
				<name>1.4.308-3</name>
				<styleUrl>#msn_ylw-pushpin51111002</styleUrl>
				<Polygon>
					<tessellate>1</tessellate>
					<outerBoundaryIs>
						<LinearRing>
							<coordinates>
								-71.62306349919241,-16.35129567645914,0 -71.62261555685963,-16.3516526642426,0 -71.62175020421093,-16.35065442995328,0 -71.62219706191702,-16.35029346460327,0 -71.62306349919241,-16.35129567645914,0 
							</coordinates>
						</LinearRing>
					</outerBoundaryIs>
				</Polygon>
			</Placemark>
			<Placemark>
				<name>1.4.308-5</name>
				<styleUrl>#msn_ylw-pushpin51111002</styleUrl>
				<Polygon>
					<tessellate>1</tessellate>
					<outerBoundaryIs>
						<LinearRing>
							<coordinates>
								-71.62190277354648,-16.35095567139094,0 -71.62163624855587,-16.35116078948718,0 -71.62120024754513,-16.35067961305135,0 -71.62147420513605,-16.3504581518123,0 -71.62190277354648,-16.35095567139094,0 
							</coordinates>
						</LinearRing>
					</outerBoundaryIs>
				</Polygon>
			</Placemark>
			<Placemark>
				<name>1.4.308-6</name>
				<styleUrl>#msn_ylw-pushpin51111002</styleUrl>
				<Polygon>
					<tessellate>1</tessellate>
					<outerBoundaryIs>
						<LinearRing>
							<coordinates>
								-71.62255803287758,-16.3517188145341,0 -71.62232701436454,-16.35187585416246,0 -71.621900762614,-16.35138194513262,0 -71.62135731197782,-16.35158332886828,0 -71.62124406088982,-16.35137442193689,0 -71.6217328663647,-16.35120882643907,0 -71.62193462335897,-16.35104210216528,0 -71.62255803287758,-16.3517188145341,0 
							</coordinates>
						</LinearRing>
					</outerBoundaryIs>
				</Polygon>
			</Placemark>
			<Placemark>
				<name>1.4.308-7</name>
				<styleUrl>#msn_ylw-pushpin51111002</styleUrl>
				<Polygon>
					<tessellate>1</tessellate>
					<outerBoundaryIs>
						<LinearRing>
							<coordinates>
								-71.6214439196559,-16.35176249477144,0 -71.62151949169527,-16.35171917084529,0 -71.62176223615948,-16.35201453678237,0 -71.62208503557734,-16.35174788616171,0 -71.62225968754137,-16.35194561165991,0 -71.62179491132522,-16.35232199016407,0 -71.62170177371192,-16.35222171110241,0 -71.6214439196559,-16.35176249477144,0 
							</coordinates>
						</LinearRing>
					</outerBoundaryIs>
				</Polygon>
			</Placemark>
			<Placemark>
				<name>1.4.308-9</name>
				<styleUrl>#msn_ylw-pushpin51111002</styleUrl>
				<Polygon>
					<tessellate>1</tessellate>
					<outerBoundaryIs>
						<LinearRing>
							<coordinates>
								-71.62063393713048,-16.35060676058102,0 -71.62059567384868,-16.35064207506805,0 -71.62014460194916,-16.3503941012638,0 -71.61999581468598,-16.35007774927182,0 -71.62029292836813,-16.34998124400068,0 -71.62063393713048,-16.35060676058102,0 
							</coordinates>
						</LinearRing>
					</outerBoundaryIs>
				</Polygon>
			</Placemark>
			<Placemark>
				<name>1.4.308-10</name>
				<styleUrl>#msn_ylw-pushpin51111002</styleUrl>
				<Polygon>
					<tessellate>1</tessellate>
					<outerBoundaryIs>
						<LinearRing>
							<coordinates>
								-71.61991278779887,-16.3500883225226,0 -71.62005873281518,-16.3504338645592,0 -71.61933574075152,-16.35102798906692,0 -71.61907208375391,-16.35075101201978,0 -71.61967389441567,-16.35024338833675,0 -71.61991278779887,-16.3500883225226,0 
							</coordinates>
						</LinearRing>
					</outerBoundaryIs>
				</Polygon>
			</Placemark>
			<Placemark>
				<name>1.4.308-11</name>
				<styleUrl>#msn_ylw-pushpin51111002</styleUrl>
				<Polygon>
					<tessellate>1</tessellate>
					<outerBoundaryIs>
						<LinearRing>
							<coordinates>
								-71.61869852132382,-16.3504653472986,0 -71.61894544485752,-16.35075947289805,0 -71.61823380806858,-16.35132333412713,0 -71.61800949474528,-16.35099817530643,0 -71.61869852132382,-16.3504653472986,0 
							</coordinates>
						</LinearRing>
					</outerBoundaryIs>
				</Polygon>
			</Placemark>
			<Placemark>
				<name>1.4.308-12</name>
				<styleUrl>#msn_ylw-pushpin51111002</styleUrl>
				<Polygon>
					<tessellate>1</tessellate>
					<outerBoundaryIs>
						<LinearRing>
							<coordinates>
								-71.61898264911437,-16.35081053033585,0 -71.61926795488822,-16.35109103139549,0 -71.6187035270278,-16.3515341310209,0 -71.61858874868221,-16.35148224171525,0 -71.6184528180425,-16.3514561221378,0 -71.61829637074814,-16.35143363928366,0 -71.61825547764214,-16.3513920830112,0 -71.61898264911437,-16.35081053033585,0 
							</coordinates>
						</LinearRing>
					</outerBoundaryIs>
				</Polygon>
			</Placemark>
			<Placemark>
				<name>1.4.308-13</name>
				<styleUrl>#msn_ylw-pushpin51111002</styleUrl>
				<Polygon>
					<tessellate>1</tessellate>
					<outerBoundaryIs>
						<LinearRing>
							<coordinates>
								-71.61929206608083,-16.35113904173187,0 -71.61953171578033,-16.35143323583895,0 -71.61914472457318,-16.35177885326646,0 -71.61884641064717,-16.35151560062901,0 -71.61929206608083,-16.35113904173187,0 
							</coordinates>
						</LinearRing>
					</outerBoundaryIs>
				</Polygon>
			</Placemark>
			<Placemark>
				<name>1.4.308-14</name>
				<styleUrl>#msn_ylw-pushpin51111002</styleUrl>
				<Polygon>
					<tessellate>1</tessellate>
					<outerBoundaryIs>
						<LinearRing>
							<coordinates>
								-71.62011003210154,-16.35048735471719,0 -71.62046408692831,-16.35070738547381,0 -71.6196103790118,-16.35134207330231,0 -71.61937258455684,-16.35107489228312,0 -71.62011003210154,-16.35048735471719,0 
							</coordinates>
						</LinearRing>
					</outerBoundaryIs>
				</Polygon>
			</Placemark>
			<Placemark>
				<name>1.4.308-15</name>
				<styleUrl>#msn_ylw-pushpin51111002</styleUrl>
				<Polygon>
					<tessellate>1</tessellate>
					<outerBoundaryIs>
						<LinearRing>
							<coordinates>
								-71.62052038576037,-16.35074607617771,0 -71.62087488963746,-16.35093133259916,0 -71.61992709419719,-16.35167562888136,0 -71.61970427888456,-16.35139160750737,0 -71.62052038576037,-16.35074607617771,0 
							</coordinates>
						</LinearRing>
					</outerBoundaryIs>
				</Polygon>
			</Placemark>
			<Placemark>
				<name>1.4.308-16</name>
				<styleUrl>#msn_ylw-pushpin51111002</styleUrl>
				<Polygon>
					<tessellate>1</tessellate>
					<outerBoundaryIs>
						<LinearRing>
							<coordinates>
								-71.61958478912936,-16.35148936556006,0 -71.61983840208345,-16.35176454961774,0 -71.61947718496738,-16.3520520917509,0 -71.61920248959613,-16.35180337117878,0 -71.61958478912936,-16.35148936556006,0 
							</coordinates>
						</LinearRing>
					</outerBoundaryIs>
				</Polygon>
			</Placemark>
			<Placemark>
				<name>1.4.308-17</name>
				<styleUrl>#msn_ylw-pushpin51111002</styleUrl>
				<Polygon>
					<tessellate>1</tessellate>
					<outerBoundaryIs>
						<LinearRing>
							<coordinates>
								-71.6198780282722,-16.3518331994939,0 -71.62013624109119,-16.35211153390506,0 -71.61997428737725,-16.35222385020484,0 -71.61986931318043,-16.35233356345496,0 -71.61950784228435,-16.3521483431461,0 -71.6198780282722,-16.3518331994939,0 
							</coordinates>
						</LinearRing>
					</outerBoundaryIs>
				</Polygon>
			</Placemark>
			<Placemark>
				<name>1.4.308-18</name>
				<styleUrl>#msn_ylw-pushpin51111002</styleUrl>
				<Polygon>
					<tessellate>1</tessellate>
					<outerBoundaryIs>
						<LinearRing>
							<coordinates>
								-71.62092229783657,-16.35099691423049,0 -71.62110054947836,-16.35132340316462,0 -71.62021176175634,-16.352034053873,0 -71.61997820793636,-16.35176192885516,0 -71.62092229783657,-16.35099691423049,0 
							</coordinates>
						</LinearRing>
					</outerBoundaryIs>
				</Polygon>
			</Placemark>
			<Placemark>
				<name>1.4.308-19</name>
				<styleUrl>#msn_ylw-pushpin51111002</styleUrl>
				<Polygon>
					<tessellate>1</tessellate>
					<outerBoundaryIs>
						<LinearRing>
							<coordinates>
								-71.62114368609187,-16.35140964055026,0 -71.62133416828614,-16.3517307412272,0 -71.62051009689311,-16.35238210064242,0 -71.62027608249207,-16.35211123204154,0 -71.62114368609187,-16.35140964055026,0 
							</coordinates>
						</LinearRing>
					</outerBoundaryIs>
				</Polygon>
			</Placemark>
			<Placemark>
				<name>1.4.308-20</name>
				<styleUrl>#msn_ylw-pushpin51111002</styleUrl>
				<Polygon>
					<tessellate>1</tessellate>
					<outerBoundaryIs>
						<LinearRing>
							<coordinates>
								-71.62040529675406,-16.35243374882162,0 -71.62054357536894,-16.35255441397134,0 -71.62044261344541,-16.35265046355439,0 -71.62011358053159,-16.35243002816424,0 -71.6199814224303,-16.35235698226745,0 -71.62018027426781,-16.35216756712043,0 -71.62040529675406,-16.35243374882162,0 
							</coordinates>
						</LinearRing>
					</outerBoundaryIs>
				</Polygon>
			</Placemark>
			<Placemark>
				<name>1.4.308-21</name>
				<styleUrl>#msn_ylw-pushpin51111002</styleUrl>
				<Polygon>
					<tessellate>1</tessellate>
					<outerBoundaryIs>
						<LinearRing>
							<coordinates>
								-71.62138088847475,-16.35180823061493,0 -71.62156822234266,-16.3521438847202,0 -71.62088960185002,-16.35264721468902,0 -71.62056549679443,-16.35242202618017,0 -71.62138088847475,-16.35180823061493,0 
							</coordinates>
						</LinearRing>
					</outerBoundaryIs>
				</Polygon>
			</Placemark>
			<Placemark>
				<name>1.4.308-22</name>
				<styleUrl>#msn_ylw-pushpin51111002</styleUrl>
				<Polygon>
					<tessellate>1</tessellate>
					<outerBoundaryIs>
						<LinearRing>
							<coordinates>
								-71.62177759030369,-16.35255881076409,0 -71.62124138201861,-16.35301262226377,0 -71.62098226553776,-16.35271282684481,0 -71.62156880148832,-16.35225051114836,0 -71.62161534686328,-16.35225707540701,0 -71.62177759030369,-16.35255881076409,0 
							</coordinates>
						</LinearRing>
					</outerBoundaryIs>
				</Polygon>
			</Placemark>
			<Placemark>
				<name>1.4.308-23</name>
				<styleUrl>#msn_ylw-pushpin51111002</styleUrl>
				<Polygon>
					<tessellate>1</tessellate>
					<outerBoundaryIs>
						<LinearRing>
							<coordinates>
								-71.62100398632903,-16.35381977025756,0 -71.62089380254905,-16.35367681723811,0 -71.62113055524688,-16.35341399474898,0 -71.62076216269958,-16.35291081067513,0 -71.620911558562,-16.35276613447774,0 -71.6214983718566,-16.35343258310624,0 -71.62100398632903,-16.35381977025756,0 
							</coordinates>
						</LinearRing>
					</outerBoundaryIs>
				</Polygon>
			</Placemark>
			<Placemark>
				<name>1.4.308-25</name>
				<styleUrl>#msn_ylw-pushpin51111002</styleUrl>
				<Polygon>
					<tessellate>1</tessellate>
					<outerBoundaryIs>
						<LinearRing>
							<coordinates>
								-71.62153612013606,-16.35348356162173,0 -71.62176336762202,-16.35375607944733,0 -71.62139230856884,-16.35405037909817,0 -71.62115048525095,-16.35378558253369,0 -71.62153612013606,-16.35348356162173,0 
							</coordinates>
						</LinearRing>
					</outerBoundaryIs>
				</Polygon>
			</Placemark>
			<Placemark>
				<name>1.4.308-26</name>
				<styleUrl>#msn_ylw-pushpin51111002</styleUrl>
				<Polygon>
					<tessellate>1</tessellate>
					<outerBoundaryIs>
						<LinearRing>
							<coordinates>
								-71.62159697049981,-16.35415901693154,0 -71.62169645899095,-16.35428689613947,0 -71.62183373132621,-16.3544494104088,0 -71.62185952624419,-16.35453670403858,0 -71.6218944530504,-16.35475714873177,0 -71.62179699639282,-16.35479015801904,0 -71.62170339281948,-16.35456953900758,0 -71.62158102210618,-16.35439705681359,0 -71.62150005826057,-16.35430058684797,0 -71.62133731821218,-16.35418732087865,0 -71.62148889403272,-16.3540613956514,0 -71.62159697049981,-16.35415901693154,0 
							</coordinates>
						</LinearRing>
					</outerBoundaryIs>
				</Polygon>
			</Placemark>
			<Placemark>
				<name>1.4.308-27</name>
				<styleUrl>#msn_ylw-pushpin51111002</styleUrl>
				<Polygon>
					<tessellate>1</tessellate>
					<outerBoundaryIs>
						<LinearRing>
							<coordinates>
								-71.62216506188001,-16.35421222226473,0 -71.62224800476541,-16.35450601606406,0 -71.62234383282349,-16.35487550282232,0 -71.62215816092151,-16.35491409668506,0 -71.62201556659336,-16.3547594739508,0 -71.62196732995264,-16.35464386654366,0 -71.62189788413811,-16.35436508337744,0 -71.62184305072034,-16.35427590759716,0 -71.62157661193316,-16.35399373483069,0 -71.6218174390839,-16.35381409941013,0 -71.62216506188001,-16.35421222226473,0 
							</coordinates>
						</LinearRing>
					</outerBoundaryIs>
				</Polygon>
			</Placemark>
			<Placemark>
				<name>1.4.308-28</name>
				<styleUrl>#msn_ylw-pushpin51111002</styleUrl>
				<Polygon>
					<tessellate>1</tessellate>
					<outerBoundaryIs>
						<LinearRing>
							<coordinates>
								-71.62215608616094,-16.35404632414486,0 -71.62190193581627,-16.35375489602522,0 -71.62242449012845,-16.35329673305887,0 -71.62267361187823,-16.35358953940325,0 -71.62215608616094,-16.35404632414486,0 
							</coordinates>
						</LinearRing>
					</outerBoundaryIs>
				</Polygon>
			</Placemark>
			<Placemark>
				<name>1.4.308-29</name>
				<styleUrl>#msn_ylw-pushpin51111002</styleUrl>
				<Polygon>
					<tessellate>1</tessellate>
					<outerBoundaryIs>
						<LinearRing>
							<coordinates>
								-71.62239590914463,-16.35324814004333,0 -71.62184812176942,-16.35371457534021,0 -71.62161013842501,-16.35342599562313,0 -71.62213490706328,-16.35296514896431,0 -71.62239590914463,-16.35324814004333,0 
							</coordinates>
						</LinearRing>
					</outerBoundaryIs>
				</Polygon>
			</Placemark>
			<Placemark>
				<name>1.4.308-30</name>
				<styleUrl>#msn_ylw-pushpin51111002</styleUrl>
				<Polygon>
					<tessellate>1</tessellate>
					<outerBoundaryIs>
						<LinearRing>
							<coordinates>
								-71.62211102530634,-16.352914754934,0 -71.62155968430902,-16.35336067116337,0 -71.62131210106004,-16.35307818596821,0 -71.62155672003347,-16.35286670455544,0 -71.62184213707144,-16.35264087213771,0 -71.62211102530634,-16.352914754934,0 
							</coordinates>
						</LinearRing>
					</outerBoundaryIs>
				</Polygon>
			</Placemark>
			<Placemark>
				<name>1.4.308-31</name>
				<styleUrl>#msn_ylw-pushpin51111002</styleUrl>
				<Polygon>
					<tessellate>1</tessellate>
					<outerBoundaryIs>
						<LinearRing>
							<coordinates>
								-71.62253082176466,-16.35276022098311,0 -71.62301055648808,-16.35331022101939,0 -71.62273112261239,-16.35353993112323,0 -71.62221039028424,-16.35293493576459,0 -71.62253082176466,-16.35276022098311,0 
							</coordinates>
						</LinearRing>
					</outerBoundaryIs>
				</Polygon>
			</Placemark>
			<Placemark>
				<name>1.4.308-32</name>
				<styleUrl>#msn_ylw-pushpin51111002</styleUrl>
				<Polygon>
					<tessellate>1</tessellate>
					<outerBoundaryIs>
						<LinearRing>
							<coordinates>
								-71.62326613173867,-16.35310078237564,0 -71.62317654394199,-16.35318275388398,0 -71.62306225442694,-16.35326651474083,0 -71.62259293574994,-16.3527358337989,0 -71.62275547114993,-16.35262755502874,0 -71.62281622216304,-16.35256025481818,0 -71.62326613173867,-16.35310078237564,0 
							</coordinates>
						</LinearRing>
					</outerBoundaryIs>
				</Polygon>
			</Placemark>
			<Placemark>
				<name>1.4.308-33</name>
				<styleUrl>#msn_ylw-pushpin51111002</styleUrl>
				<Polygon>
					<tessellate>1</tessellate>
					<outerBoundaryIs>
						<LinearRing>
							<coordinates>
								-71.62276578181527,-16.3525122715388,0 -71.62254382536894,-16.35268996706501,0 -71.62211332388637,-16.35219674631603,0 -71.62232808094697,-16.35201030876872,0 -71.62276578181527,-16.3525122715388,0 
							</coordinates>
						</LinearRing>
					</outerBoundaryIs>
				</Polygon>
			</Placemark>
			<Placemark>
				<name>1.4.308-34</name>
				<styleUrl>#msn_ylw-pushpin51111002</styleUrl>
				<Polygon>
					<tessellate>1</tessellate>
					<outerBoundaryIs>
						<LinearRing>
							<coordinates>
								-71.6224713855712,-16.35272878712008,0 -71.62215496085317,-16.35289544034811,0 -71.62195298050497,-16.35262571568285,0 -71.62221075850067,-16.35242036643022,0 -71.6224713855712,-16.35272878712008,0 
							</coordinates>
						</LinearRing>
					</outerBoundaryIs>
				</Polygon>
			</Placemark>
			<Placemark>
				<name>1.4.308-35</name>
				<styleUrl>#msn_ylw-pushpin51111002</styleUrl>
				<Polygon>
					<tessellate>1</tessellate>
					<outerBoundaryIs>
						<LinearRing>
							<coordinates>
								-71.6221723337942,-16.3523744213122,0 -71.62192026381699,-16.35255545344835,0 -71.62184067786622,-16.35239604393213,0 -71.62205797306437,-16.35224312258309,0 -71.6221723337942,-16.3523744213122,0 
							</coordinates>
						</LinearRing>
					</outerBoundaryIs>
				</Polygon>
			</Placemark>
			<Placemark>
				<name>1.4.308-36</name>
				<styleUrl>#msn_ylw-pushpin51111002</styleUrl>
				<Polygon>
					<tessellate>1</tessellate>
					<outerBoundaryIs>
						<LinearRing>
							<coordinates>
								-71.62354887660624,-16.35288910334948,0 -71.62331752076008,-16.35306554980302,0 -71.62238925638675,-16.35196790729843,0 -71.62248594610718,-16.35189111775978,0 -71.62260341493494,-16.35179334494155,0 -71.62354887660624,-16.35288910334948,0 
							</coordinates>
						</LinearRing>
					</outerBoundaryIs>
				</Polygon>
			</Placemark>
			<Placemark>
				<name>1.4.308-37</name>
				<styleUrl>#msn_ylw-pushpin51111002</styleUrl>
				<Polygon>
					<tessellate>1</tessellate>
					<outerBoundaryIs>
						<LinearRing>
							<coordinates>
								-71.62407434311072,-16.35247397364127,0 -71.62363893505903,-16.35283557658981,0 -71.62268052465696,-16.35171626776408,0 -71.62311168293779,-16.35136397483937,0 -71.62407434311072,-16.35247397364127,0 
							</coordinates>
						</LinearRing>
					</outerBoundaryIs>
				</Polygon>
			</Placemark>
			<Placemark>
				<name>1.4.308-38</name>
				<styleUrl>#msn_ylw-pushpin51111002</styleUrl>
				<Polygon>
					<tessellate>1</tessellate>
					<outerBoundaryIs>
						<LinearRing>
							<coordinates>
								-71.62319325901628,-16.35131477557801,0 -71.62364124138674,-16.35096547147323,0 -71.62457777863207,-16.35204551604658,0 -71.62413724829767,-16.35241898478514,0 -71.62319325901628,-16.35131477557801,0 
							</coordinates>
						</LinearRing>
					</outerBoundaryIs>
				</Polygon>
			</Placemark>
			<Placemark>
				<name>1.4.308-39</name>
				<styleUrl>#msn_ylw-pushpin51111002</styleUrl>
				<Polygon>
					<tessellate>1</tessellate>
					<outerBoundaryIs>
						<LinearRing>
							<coordinates>
								-71.62516398417976,-16.35272016866179,0 -71.6249765802966,-16.35333527604746,0 -71.62495355880142,-16.35334197881682,0 -71.62419755408573,-16.35246291288867,0 -71.62463639496023,-16.35210444549676,0 -71.62516398417976,-16.35272016866179,0 
							</coordinates>
						</LinearRing>
					</outerBoundaryIs>
				</Polygon>
			</Placemark>
			<Placemark>
				<name>1.4.308-40</name>
				<styleUrl>#msn_ylw-pushpin51111002</styleUrl>
				<Polygon>
					<tessellate>1</tessellate>
					<outerBoundaryIs>
						<LinearRing>
							<coordinates>
								-71.62443451576527,-16.3539099695686,0 -71.62472889517245,-16.35423657196279,0 -71.62452679964045,-16.35486150509724,0 -71.62433070534752,-16.35469086979924,0 -71.62443451576527,-16.3539099695686,0 
							</coordinates>
						</LinearRing>
					</outerBoundaryIs>
				</Polygon>
			</Placemark>
			<Placemark>
				<name>1.4.308-41</name>
				<styleUrl>#msn_ylw-pushpin51111002</styleUrl>
				<Polygon>
					<tessellate>1</tessellate>
					<outerBoundaryIs>
						<LinearRing>
							<coordinates>
								-71.62419508793047,-16.35362463474119,0 -71.6243617625521,-16.35382596374159,0 -71.62426692095842,-16.3546350475824,0 -71.62413839584504,-16.35462169037052,0 -71.62406971519606,-16.35458333736444,0 -71.62419508793047,-16.35362463474119,0 
							</coordinates>
						</LinearRing>
					</outerBoundaryIs>
				</Polygon>
			</Placemark>
			<Placemark>
				<name>1.4.308-42</name>
				<styleUrl>#msn_ylw-pushpin51111002</styleUrl>
				<Polygon>
					<tessellate>1</tessellate>
					<outerBoundaryIs>
						<LinearRing>
							<coordinates>
								-71.62359448392391,-16.35376974076907,0 -71.62367053737113,-16.35288631388579,0 -71.6241694027606,-16.35297063347452,0 -71.62410813361761,-16.35348262001438,0 -71.62399663727464,-16.35459267438137,0 -71.62349666844624,-16.35450906378934,0 -71.62359448392391,-16.35376974076907,0 
							</coordinates>
						</LinearRing>
					</outerBoundaryIs>
				</Polygon>
			</Placemark>
			<Placemark>
				<name>1.4.308-43</name>
				<styleUrl>#msn_ylw-pushpin51111002</styleUrl>
				<Polygon>
					<tessellate>1</tessellate>
					<outerBoundaryIs>
						<LinearRing>
							<coordinates>
								-71.62344509209372,-16.35420072583225,0 -71.62340309822852,-16.35449759627367,0 -71.62281146413656,-16.35442620718295,0 -71.6228272256611,-16.35414683326948,0 -71.62344509209372,-16.35420072583225,0 
							</coordinates>
						</LinearRing>
					</outerBoundaryIs>
				</Polygon>
			</Placemark>
			<Placemark>
				<name>1.4.308-44</name>
				<styleUrl>#msn_ylw-pushpin51111002</styleUrl>
				<Polygon>
					<tessellate>1</tessellate>
					<outerBoundaryIs>
						<LinearRing>
							<coordinates>
								-71.62296196835553,-16.35389373188748,0 -71.62322773305692,-16.35392219966676,0 -71.6232361141051,-16.35378615655297,0 -71.62332506648598,-16.35379887009601,0 -71.62334384341108,-16.35364085002528,0 -71.62333146438091,-16.35361173547396,0 -71.62311473077936,-16.3533130435932,0 -71.62331498680422,-16.35315441795344,0 -71.62353606325028,-16.35341389472143,0 -71.62345598642656,-16.35414577652434,0 -71.6229396469783,-16.35407813376715,0 -71.62296196835553,-16.35389373188748,0 
							</coordinates>
						</LinearRing>
					</outerBoundaryIs>
				</Polygon>
			</Placemark>
			<Placemark>
				<name>1.4.308-48</name>
				<styleUrl>#msn_ylw-pushpin51111002</styleUrl>
				<Polygon>
					<tessellate>1</tessellate>
					<outerBoundaryIs>
						<LinearRing>
							<coordinates>
								-71.62249624689684,-16.35381517035487,0 -71.62289350679052,-16.35389485118496,0 -71.62283663157501,-16.35407090141017,0 -71.62273671410003,-16.35405891826647,0 -71.62235162508519,-16.35396135558656,0 -71.62249624689684,-16.35381517035487,0 
							</coordinates>
						</LinearRing>
					</outerBoundaryIs>
				</Polygon>
			</Placemark>
			<Placemark>
				<name>1.4.308-49</name>
				<styleUrl>#msn_ylw-pushpin51111002</styleUrl>
				<Polygon>
					<tessellate>1</tessellate>
					<outerBoundaryIs>
						<LinearRing>
							<coordinates>
								-71.62275688430631,-16.35414141117973,0 -71.62273787649889,-16.35440948254196,0 -71.62250875995321,-16.35438680715791,0 -71.62236400575324,-16.35432908853049,0 -71.62235552522711,-16.35423394084011,0 -71.62239390737599,-16.35405668592452,0 -71.62275688430631,-16.35414141117973,0 
							</coordinates>
						</LinearRing>
					</outerBoundaryIs>
				</Polygon>
			</Placemark>
			<Placemark>
				<name>1.4.308-50</name>
				<styleUrl>#msn_ylw-pushpin51111002</styleUrl>
				<Polygon>
					<tessellate>1</tessellate>
					<outerBoundaryIs>
						<LinearRing>
							<coordinates>
								-71.62232248377593,-16.35446706937925,0 -71.62278021978591,-16.3545220031195,0 -71.62273271824105,-16.35498260211644,0 -71.6224431731931,-16.35497088585709,0 -71.62232248377593,-16.35446706937925,0 
							</coordinates>
						</LinearRing>
					</outerBoundaryIs>
				</Polygon>
			</Placemark>
			<Placemark>
				<name>1.4.308-51</name>
				<styleUrl>#msn_ylw-pushpin51111002</styleUrl>
				<Polygon>
					<tessellate>1</tessellate>
					<outerBoundaryIs>
						<LinearRing>
							<coordinates>
								-71.62284540023514,-16.35453874435229,0 -71.62340403906394,-16.35458477817967,0 -71.62337190357543,-16.3550059936588,0 -71.62279862855002,-16.35498648161482,0 -71.62284540023514,-16.35453874435229,0 
							</coordinates>
						</LinearRing>
					</outerBoundaryIs>
				</Polygon>
			</Placemark>
			<Placemark>
				<name>1.4.308-52</name>
				<styleUrl>#msn_ylw-pushpin51111002</styleUrl>
				<Polygon>
					<tessellate>1</tessellate>
					<outerBoundaryIs>
						<LinearRing>
							<coordinates>
								-71.62343794372067,-16.35503710250304,0 -71.62348131129853,-16.35459722622239,0 -71.62397652342247,-16.35467338924469,0 -71.62388090760892,-16.35512660187926,0 -71.62343794372067,-16.35503710250304,0 
							</coordinates>
						</LinearRing>
					</outerBoundaryIs>
				</Polygon>
			</Placemark>
			<Placemark>
				<name>1.4.308-53</name>
				<styleUrl>#msn_ylw-pushpin51111002</styleUrl>
				<Polygon>
					<tessellate>1</tessellate>
					<outerBoundaryIs>
						<LinearRing>
							<coordinates>
								-71.62419433176314,-16.35472094957456,0 -71.62429900295959,-16.35479396689793,0 -71.62442992231389,-16.35490222332318,0 -71.62465842413165,-16.35514365278012,0 -71.62488676002914,-16.35539881739303,0 -71.6246867354277,-16.35556711532976,0 -71.6242238816214,-16.35497153026333,0 -71.62420865944502,-16.35519022282452,0 -71.62395446528735,-16.35513270468167,0 -71.62404024199856,-16.35468828598234,0 -71.62419433176314,-16.35472094957456,0 
							</coordinates>
						</LinearRing>
					</outerBoundaryIs>
				</Polygon>
			</Placemark>
			<Placemark>
				<name>1.4.308-54</name>
				<styleUrl>#msn_ylw-pushpin51111002</styleUrl>
				<Polygon>
					<tessellate>1</tessellate>
					<outerBoundaryIs>
						<LinearRing>
							<coordinates>
								-71.62537981718506,-16.35497700936464,0 -71.62494680312346,-16.35535254933679,0 -71.62459572878495,-16.35494922206868,0 -71.62479399348867,-16.35432073289252,0 -71.62537981718506,-16.35497700936464,0 
							</coordinates>
						</LinearRing>
					</outerBoundaryIs>
				</Polygon>
			</Placemark>
			<Placemark>
				<name>1.4.308-55</name>
				<styleUrl>#msn_ylw-pushpin51111002</styleUrl>
				<Polygon>
					<tessellate>1</tessellate>
					<outerBoundaryIs>
						<LinearRing>
							<coordinates>
								-71.62659124709515,-16.35538217858656,0 -71.62646094910775,-16.35565662996572,0 -71.62622021612742,-16.3558128602821,0 -71.62482680539462,-16.35420667590702,0 -71.62502501559234,-16.35354210769332,0 -71.62659124709515,-16.35538217858656,0 
							</coordinates>
						</LinearRing>
					</outerBoundaryIs>
				</Polygon>
			</Placemark>
			<Placemark>
				<name>1.4.308-56</name>
				<styleUrl>#msn_ylw-pushpin51111002</styleUrl>
				<Polygon>
					<tessellate>1</tessellate>
					<outerBoundaryIs>
						<LinearRing>
							<coordinates>
								-71.62642111780497,-16.35415342877828,0 -71.62598271572811,-16.3545101892427,0 -71.62505660259498,-16.35343783483286,0 -71.6252551564066,-16.35280673965221,0 -71.62642111780497,-16.35415342877828,0 
							</coordinates>
						</LinearRing>
					</outerBoundaryIs>
				</Polygon>
			</Placemark>
			<Placemark>
				<name>1.4.308-57</name>
				<styleUrl>#msn_ylw-pushpin51111002</styleUrl>
				<Polygon>
					<tessellate>1</tessellate>
					<outerBoundaryIs>
						<LinearRing>
							<coordinates>
								-71.62750192600538,-16.35542855345069,0 -71.62700864975071,-16.35569218446763,0 -71.6260475552474,-16.35457794246913,0 -71.62646594676565,-16.35422757416331,0 -71.62750192600538,-16.35542855345069,0 
							</coordinates>
						</LinearRing>
					</outerBoundaryIs>
				</Polygon>
			</Placemark>
			<Placemark>
				<name>1.4.308-59</name>
				<styleUrl>#msn_ylw-pushpin51111002</styleUrl>
				<Polygon>
					<tessellate>1</tessellate>
					<outerBoundaryIs>
						<LinearRing>
							<coordinates>
								-71.62696789534095,-16.35580315622178,0 -71.62706722405446,-16.35591255653826,0 -71.62654282352845,-16.35617151487444,0 -71.62643934728524,-16.35606358421716,0 -71.62696789534095,-16.35580315622178,0 
							</coordinates>
						</LinearRing>
					</outerBoundaryIs>
				</Polygon>
			</Placemark>
			<Placemark>
				<name>1.4.308-61</name>
				<styleUrl>#msn_ylw-pushpin51111002</styleUrl>
				<Polygon>
					<tessellate>1</tessellate>
					<outerBoundaryIs>
						<LinearRing>
							<coordinates>
								-71.62500026502074,-16.35541958135108,0 -71.62543856256961,-16.35506579137585,0 -71.62631743202222,-16.35607049865078,0 -71.62595258696746,-16.3562664552984,0 -71.62576660411023,-16.35615390932317,0 -71.62563343339494,-16.35607506650515,0 -71.62547502832838,-16.35598668591509,0 -71.62500026502074,-16.35541958135108,0 
							</coordinates>
						</LinearRing>
					</outerBoundaryIs>
				</Polygon>
			</Placemark>
			<Placemark>
				<name>1.4.308-62</name>
				<styleUrl>#msn_ylw-pushpin51111002</styleUrl>
				<Polygon>
					<tessellate>1</tessellate>
					<outerBoundaryIs>
						<LinearRing>
							<coordinates>
								-71.62539987918635,-16.3559917455257,0 -71.62534463061701,-16.35608235184888,0 -71.62466093375664,-16.3556876125429,0 -71.62493386673187,-16.35546414636197,0 -71.62539987918635,-16.3559917455257,0 
							</coordinates>
						</LinearRing>
					</outerBoundaryIs>
				</Polygon>
			</Placemark>
			<Placemark>
				<name>1.4.309-1</name>
				<styleUrl>#msn_ylw-pushpin51111002</styleUrl>
				<Polygon>
					<tessellate>1</tessellate>
					<outerBoundaryIs>
						<LinearRing>
							<coordinates>
								-71.61675545828234,-16.35141271141869,0 -71.61632327208032,-16.35113647106693,0 -71.61677190585633,-16.35101764948378,0 -71.61693282718326,-16.35111930729909,0 -71.61675545828234,-16.35141271141869,0 
							</coordinates>
						</LinearRing>
					</outerBoundaryIs>
				</Polygon>
			</Placemark>
			<Placemark>
				<name>1.4.309-2</name>
				<styleUrl>#msn_ylw-pushpin51111002</styleUrl>
				<Polygon>
					<tessellate>1</tessellate>
					<outerBoundaryIs>
						<LinearRing>
							<coordinates>
								-71.61734898229594,-16.35131607633394,0 -71.6171508810482,-16.35164477777707,0 -71.61679684935409,-16.35142598754285,0 -71.61701561512801,-16.35113923816312,0 -71.61734898229594,-16.35131607633394,0 
							</coordinates>
						</LinearRing>
					</outerBoundaryIs>
				</Polygon>
			</Placemark>
			<Placemark>
				<name>1.4.309-3</name>
				<styleUrl>#msn_ylw-pushpin51111002</styleUrl>
				<Polygon>
					<tessellate>1</tessellate>
					<outerBoundaryIs>
						<LinearRing>
							<coordinates>
								-71.61746634435059,-16.35125437108673,0 -71.61783881023526,-16.35143786087831,0 -71.61752789265834,-16.35189007124179,0 -71.61720145545578,-16.35167792526265,0 -71.61746634435059,-16.35125437108673,0 
							</coordinates>
						</LinearRing>
					</outerBoundaryIs>
				</Polygon>
			</Placemark>
			<Placemark>
				<name>1.4.309-4</name>
				<styleUrl>#msn_ylw-pushpin51111002</styleUrl>
				<Polygon>
					<tessellate>1</tessellate>
					<outerBoundaryIs>
						<LinearRing>
							<coordinates>
								-71.6177926493814,-16.35161660121382,0 -71.61799033011361,-16.35176905091744,0 -71.61808919090808,-16.35182210096357,0 -71.61791411696034,-16.3521221287252,0 -71.61759457008185,-16.35192102446387,0 -71.6177926493814,-16.35161660121382,0 
							</coordinates>
						</LinearRing>
					</outerBoundaryIs>
				</Polygon>
			</Placemark>
			<Placemark>
				<name>1.4.309-5</name>
				<styleUrl>#msn_ylw-pushpin51111002</styleUrl>
				<Polygon>
					<tessellate>1</tessellate>
					<outerBoundaryIs>
						<LinearRing>
							<coordinates>
								-71.61819085498762,-16.35185776010911,0 -71.61852653694478,-16.35202135524809,0 -71.61831873007085,-16.35237185797444,0 -71.61797849273046,-16.35215528715707,0 -71.61819085498762,-16.35185776010911,0 
							</coordinates>
						</LinearRing>
					</outerBoundaryIs>
				</Polygon>
			</Placemark>
			<Placemark>
				<name>1.4.309-6</name>
				<styleUrl>#msn_ylw-pushpin51111002</styleUrl>
				<Polygon>
					<tessellate>1</tessellate>
					<outerBoundaryIs>
						<LinearRing>
							<coordinates>
								-71.61858758754755,-16.35207018764769,0 -71.61895630300985,-16.35234263668784,0 -71.61891810218741,-16.35238901242225,0 -71.61869688739064,-16.35264999538127,0 -71.61855087454762,-16.35253330274444,0 -71.61836688403378,-16.35240133099023,0 -71.61858758754755,-16.35207018764769,0 
							</coordinates>
						</LinearRing>
					</outerBoundaryIs>
				</Polygon>
			</Placemark>
			<Placemark>
				<name>1.4.309-7</name>
				<styleUrl>#msn_ylw-pushpin51111002</styleUrl>
				<Polygon>
					<tessellate>1</tessellate>
					<outerBoundaryIs>
						<LinearRing>
							<coordinates>
								-71.61903127470573,-16.35238910211875,0 -71.61933358119917,-16.35262710582079,0 -71.61902806578802,-16.35296215525182,0 -71.61890919495296,-16.35285853861061,0 -71.6187539270755,-16.35270081169239,0 -71.61903127470573,-16.35238910211875,0 
							</coordinates>
						</LinearRing>
					</outerBoundaryIs>
				</Polygon>
			</Placemark>
			<Placemark>
				<name>1.4.309-8</name>
				<styleUrl>#msn_ylw-pushpin51111002</styleUrl>
				<Polygon>
					<tessellate>1</tessellate>
					<outerBoundaryIs>
						<LinearRing>
							<coordinates>
								-71.61971323390793,-16.35279657589014,0 -71.61986690225531,-16.35292860899692,0 -71.61941349280416,-16.35329042091019,0 -71.61928843612429,-16.35315392816504,0 -71.61971323390793,-16.35279657589014,0 
							</coordinates>
						</LinearRing>
					</outerBoundaryIs>
				</Polygon>
			</Placemark>
			<Placemark>
				<name>1.4.309-9</name>
				<styleUrl>#msn_ylw-pushpin51111002</styleUrl>
				<Polygon>
					<tessellate>1</tessellate>
					<outerBoundaryIs>
						<LinearRing>
							<coordinates>
								-71.62003404326839,-16.35289227265704,0 -71.62030722437746,-16.3531451057949,0 -71.61970926904958,-16.35365464161895,0 -71.61946668668048,-16.3533547866096,0 -71.62003404326839,-16.35289227265704,0 
							</coordinates>
						</LinearRing>
					</outerBoundaryIs>
				</Polygon>
			</Placemark>
			<Placemark>
				<name>1.4.309-10</name>
				<styleUrl>#msn_ylw-pushpin51111002</styleUrl>
				<Polygon>
					<tessellate>1</tessellate>
					<outerBoundaryIs>
						<LinearRing>
							<coordinates>
								-71.62040597585994,-16.35315244753626,0 -71.62049965210718,-16.3533324002846,0 -71.62051038101305,-16.35356811166997,0 -71.62000785036518,-16.35398475745342,0 -71.61976121576545,-16.35368570997499,0 -71.62040597585994,-16.35315244753626,0 
							</coordinates>
						</LinearRing>
					</outerBoundaryIs>
				</Polygon>
			</Placemark>
			<Placemark>
				<name>1.4.309-11</name>
				<styleUrl>#msn_ylw-pushpin51111002</styleUrl>
				<Polygon>
					<tessellate>1</tessellate>
					<outerBoundaryIs>
						<LinearRing>
							<coordinates>
								-71.62049405701828,-16.3536996634648,0 -71.6205215683346,-16.35390918032338,0 -71.6206027244537,-16.35407119528763,0 -71.6203008688084,-16.35432132042051,0 -71.62004584438964,-16.3540395932404,0 -71.62049405701828,-16.3536996634648,0 
							</coordinates>
						</LinearRing>
					</outerBoundaryIs>
				</Polygon>
			</Placemark>
			<Placemark>
				<name>1.4.309-12</name>
				<styleUrl>#msn_ylw-pushpin51111002</styleUrl>
				<Polygon>
					<tessellate>1</tessellate>
					<outerBoundaryIs>
						<LinearRing>
							<coordinates>
								-71.62073236920502,-16.35429209867759,0 -71.62098787607972,-16.35439152482361,0 -71.6206172471649,-16.35468434331048,0 -71.62033675519537,-16.35438312156887,0 -71.62063144577621,-16.35416953333509,0 -71.62073236920502,-16.35429209867759,0 
							</coordinates>
						</LinearRing>
					</outerBoundaryIs>
				</Polygon>
			</Placemark>
			<Placemark>
				<name>1.4.309-13</name>
				<styleUrl>#msn_ylw-pushpin51111002</styleUrl>
				<Polygon>
					<tessellate>1</tessellate>
					<outerBoundaryIs>
						<LinearRing>
							<coordinates>
								-71.62109971987813,-16.35439951724655,0 -71.62125338097786,-16.35448515524175,0 -71.62139849736465,-16.35461749459301,0 -71.62090344253957,-16.35499881659405,0 -71.6206604174065,-16.35472453272268,0 -71.62109971987813,-16.35439951724655,0 
							</coordinates>
						</LinearRing>
					</outerBoundaryIs>
				</Polygon>
			</Placemark>
			<Placemark>
				<name>1.4.309-14</name>
				<styleUrl>#msn_ylw-pushpin51111002</styleUrl>
				<Polygon>
					<tessellate>1</tessellate>
					<outerBoundaryIs>
						<LinearRing>
							<coordinates>
								-71.62142138480139,-16.35467063112705,0 -71.62155137242509,-16.35482422540376,0 -71.62169137714631,-16.35493292265109,0 -71.62120450096577,-16.35535250766408,0 -71.62096706823748,-16.35507400408708,0 -71.62142138480139,-16.35467063112705,0 
							</coordinates>
						</LinearRing>
					</outerBoundaryIs>
				</Polygon>
			</Placemark>
			<Placemark>
				<name>1.4.309-15</name>
				<styleUrl>#msn_ylw-pushpin51111002</styleUrl>
				<Polygon>
					<tessellate>1</tessellate>
					<outerBoundaryIs>
						<LinearRing>
							<coordinates>
								-71.62173323434959,-16.35500291990186,0 -71.62185892892154,-16.35515690300566,0 -71.62136698536591,-16.35554563980278,0 -71.62124639003832,-16.35539370723574,0 -71.62173323434959,-16.35500291990186,0 
							</coordinates>
						</LinearRing>
					</outerBoundaryIs>
				</Polygon>
			</Placemark>
			<Placemark>
				<name>1.4.309-16</name>
				<styleUrl>#msn_ylw-pushpin51111002</styleUrl>
				<Polygon>
					<tessellate>1</tessellate>
					<outerBoundaryIs>
						<LinearRing>
							<coordinates>
								-71.62107422582821,-16.35544664281466,0 -71.6206800097448,-16.35579333079645,0 -71.62050733246346,-16.35567953476413,0 -71.62037676907723,-16.35556984858164,0 -71.62081824564777,-16.35516816643847,0 -71.62107422582821,-16.35544664281466,0 
							</coordinates>
						</LinearRing>
					</outerBoundaryIs>
				</Polygon>
			</Placemark>
			<Placemark>
				<name>1.4.309-17</name>
				<styleUrl>#msn_ylw-pushpin51111002</styleUrl>
				<Polygon>
					<tessellate>1</tessellate>
					<outerBoundaryIs>
						<LinearRing>
							<coordinates>
								-71.62077502218641,-16.35511135772502,0 -71.62024345443234,-16.35555342128363,0 -71.61999236356,-16.35527937471893,0 -71.62051450926049,-16.35483764557411,0 -71.62077502218641,-16.35511135772502,0 
							</coordinates>
						</LinearRing>
					</outerBoundaryIs>
				</Polygon>
			</Placemark>
			<Placemark>
				<name>1.4.309-18</name>
				<styleUrl>#msn_ylw-pushpin51111002</styleUrl>
				<Polygon>
					<tessellate>1</tessellate>
					<outerBoundaryIs>
						<LinearRing>
							<coordinates>
								-71.62021587145873,-16.35449437829905,0 -71.62046877359808,-16.35476772031445,0 -71.61987504879231,-16.35525418934853,0 -71.61964323859277,-16.35497195245024,0 -71.62021587145873,-16.35449437829905,0 
							</coordinates>
						</LinearRing>
					</outerBoundaryIs>
				</Polygon>
			</Placemark>
			<Placemark>
				<name>1.4.309-19</name>
				<styleUrl>#msn_ylw-pushpin51111002</styleUrl>
				<Polygon>
					<tessellate>1</tessellate>
					<outerBoundaryIs>
						<LinearRing>
							<coordinates>
								-71.61991933138573,-16.3541389411922,0 -71.62017958404996,-16.35443809023587,0 -71.61965308796788,-16.35485056864358,0 -71.6194648929678,-16.35451730627706,0 -71.61991933138573,-16.3541389411922,0 
							</coordinates>
						</LinearRing>
					</outerBoundaryIs>
				</Polygon>
			</Placemark>
			<Placemark>
				<name>1.4.309-20</name>
				<styleUrl>#msn_ylw-pushpin51111002</styleUrl>
				<Polygon>
					<tessellate>1</tessellate>
					<outerBoundaryIs>
						<LinearRing>
							<coordinates>
								-71.61962033069689,-16.35380233626599,0 -71.61988141486781,-16.35409243987274,0 -71.61951521602624,-16.35436721262405,0 -71.61938141252696,-16.35424483179569,0 -71.61935317239038,-16.3542700153244,0 -71.61928997653978,-16.35407876296736,0 -71.61962033069689,-16.35380233626599,0 
							</coordinates>
						</LinearRing>
					</outerBoundaryIs>
				</Polygon>
			</Placemark>
			<Placemark>
				<name>1.4.309-21</name>
				<styleUrl>#msn_ylw-pushpin51111002</styleUrl>
				<Polygon>
					<tessellate>1</tessellate>
					<outerBoundaryIs>
						<LinearRing>
							<coordinates>
								-71.61931781463774,-16.35346650566069,0 -71.6195707070713,-16.35373927700374,0 -71.61927350652485,-16.35398073412658,0 -71.61911926223644,-16.35363090431077,0 -71.61931781463774,-16.35346650566069,0 
							</coordinates>
						</LinearRing>
					</outerBoundaryIs>
				</Polygon>
			</Placemark>
			<Placemark>
				<name>1.4.309-22</name>
				<styleUrl>#msn_ylw-pushpin51111002</styleUrl>
				<Polygon>
					<tessellate>1</tessellate>
					<outerBoundaryIs>
						<LinearRing>
							<coordinates>
								-71.61896481637257,-16.3531271643902,0 -71.6192565767934,-16.35340539491486,0 -71.61909267007518,-16.35358733724445,0 -71.61889855077534,-16.35344432547492,0 -71.61881448312496,-16.35353746492558,0 -71.61868886936539,-16.35341116168383,0 -71.61896481637257,-16.3531271643902,0 
							</coordinates>
						</LinearRing>
					</outerBoundaryIs>
				</Polygon>
			</Placemark>
			<Placemark>
				<name>1.4.309-23</name>
				<styleUrl>#msn_ylw-pushpin51111002</styleUrl>
				<Polygon>
					<tessellate>1</tessellate>
					<outerBoundaryIs>
						<LinearRing>
							<coordinates>
								-71.61862462013939,-16.35281254812045,0 -71.61890874629631,-16.35307668036073,0 -71.61850111144354,-16.35347668002649,0 -71.61821874309942,-16.35323535740193,0 -71.61862462013939,-16.35281254812045,0 
							</coordinates>
						</LinearRing>
					</outerBoundaryIs>
				</Polygon>
			</Placemark>
			<Placemark>
				<name>1.4.309-24</name>
				<styleUrl>#msn_ylw-pushpin51111002</styleUrl>
				<Polygon>
					<tessellate>1</tessellate>
					<outerBoundaryIs>
						<LinearRing>
							<coordinates>
								-71.61827382265989,-16.35255490261064,0 -71.61841769405305,-16.35262865130934,0 -71.61855431277563,-16.35276738578444,0 -71.61826309560855,-16.35305942632458,0 -71.61821477674418,-16.35291830886727,0 -71.61816374009109,-16.35281441856903,0 -71.61809080561382,-16.35279414081229,0 -71.61827382265989,-16.35255490261064,0 
							</coordinates>
						</LinearRing>
					</outerBoundaryIs>
				</Polygon>
			</Placemark>
			<Placemark>
				<name>1.4.309-25</name>
				<styleUrl>#msn_ylw-pushpin51111002</styleUrl>
				<Polygon>
					<tessellate>1</tessellate>
					<outerBoundaryIs>
						<LinearRing>
							<coordinates>
								-71.61788222763875,-16.35232100655906,0 -71.61821098245132,-16.35251549648537,0 -71.61803132912539,-16.35279124229887,0 -71.61769797981816,-16.35259012683324,0 -71.61788222763875,-16.35232100655906,0 
							</coordinates>
						</LinearRing>
					</outerBoundaryIs>
				</Polygon>
			</Placemark>
			<Placemark>
				<name>1.4.309-26</name>
				<styleUrl>#msn_ylw-pushpin51111002</styleUrl>
				<Polygon>
					<tessellate>1</tessellate>
					<outerBoundaryIs>
						<LinearRing>
							<coordinates>
								-71.61763358860031,-16.35257462514327,0 -71.61730483991413,-16.35237351231988,0 -71.61749832538115,-16.35206246451906,0 -71.61781556938902,-16.35226798163613,0 -71.61763358860031,-16.35257462514327,0 
							</coordinates>
						</LinearRing>
					</outerBoundaryIs>
				</Polygon>
			</Placemark>
			<Placemark>
				<name>1.4.309-27</name>
				<styleUrl>#msn_ylw-pushpin51111002</styleUrl>
				<Polygon>
					<tessellate>1</tessellate>
					<outerBoundaryIs>
						<LinearRing>
							<coordinates>
								-71.61709140611477,-16.35182376830721,0 -71.61742244902102,-16.35202929672461,0 -71.61721513937997,-16.35236681865168,0 -71.61687260903746,-16.35214583072846,0 -71.61709140611477,-16.35182376830721,0 
							</coordinates>
						</LinearRing>
					</outerBoundaryIs>
				</Polygon>
			</Placemark>
			<Placemark>
				<name>1.4.309-28</name>
				<styleUrl>#msn_ylw-pushpin51111002</styleUrl>
				<Polygon>
					<tessellate>1</tessellate>
					<outerBoundaryIs>
						<LinearRing>
							<coordinates>
								-71.61673968932033,-16.35158732258878,0 -71.61703393481177,-16.35178620057812,0 -71.61683354272949,-16.35210386375537,0 -71.61649789233618,-16.35190715890974,0 -71.61673968932033,-16.35158732258878,0 
							</coordinates>
						</LinearRing>
					</outerBoundaryIs>
				</Polygon>
			</Placemark>
			<Placemark>
				<name>1.4.309-29</name>
				<styleUrl>#msn_ylw-pushpin51111002</styleUrl>
				<Polygon>
					<tessellate>1</tessellate>
					<outerBoundaryIs>
						<LinearRing>
							<coordinates>
								-71.61665001639102,-16.35154972915986,0 -71.61649341033683,-16.3517725212013,0 -71.61588658166195,-16.35130412027004,0 -71.61609138271857,-16.3512049662896,0 -71.61665001639102,-16.35154972915986,0 
							</coordinates>
						</LinearRing>
					</outerBoundaryIs>
				</Polygon>
			</Placemark>
			<Placemark>
				<name>1.4.314-22</name>
				<styleUrl>#msn_ylw-pushpin51111002</styleUrl>
				<Polygon>
					<tessellate>1</tessellate>
					<outerBoundaryIs>
						<LinearRing>
							<coordinates>
							</coordinates>
						</LinearRing>
					</outerBoundaryIs>
				</Polygon>
			</Placemark>
			<Placemark>
				<name>1.4.318-1</name>
				<LookAt>
					<longitude>-71.61691604327358</longitude>
					<latitude>-16.32451666666667</latitude>
					<altitude>0</altitude>
					<heading>-9.678072600466908e-05</heading>
					<tilt>44.99999999999996</tilt>
					<range>1068.277148811938</range>
					<gx:altitudeMode>relativeToSeaFloor</gx:altitudeMode>
				</LookAt>
				<styleUrl>#msn_ylw-pushpin51111002</styleUrl>
				<ExtendedData>
					<SchemaData schemaUrl="#S_yura_poligono_DSSSSDDDDS00100">
						<SimpleData name="fid">40389</SimpleData>
						<SimpleData name="handle">268074</SimpleData>
						<SimpleData name="block">-1</SimpleData>
						<SimpleData name="etype">18</SimpleData>
						<SimpleData name="space">0</SimpleData>
						<SimpleData name="layer">MANZANAS</SimpleData>
						<SimpleData name="olinetype">bylayer</SimpleData>
						<SimpleData name="linetype"></SimpleData>
						<SimpleData name="color">127,127,255,255</SimpleData>
						<SimpleData name="ocolor">256</SimpleData>
						<SimpleData name="color24">-1</SimpleData>
						<SimpleData name="transparen">0</SimpleData>
						<SimpleData name="lweight">-1</SimpleData>
						<SimpleData name="linewidth">0.15</SimpleData>
						<SimpleData name="ltscale">1</SimpleData>
						<SimpleData name="visible">1</SimpleData>
						<SimpleData name="width">0</SimpleData>
						<SimpleData name="thickness">0</SimpleData>
						<SimpleData name="ext">(3:0,0,0.1)</SimpleData>
					</SchemaData>
				</ExtendedData>
				<Polygon>
					<outerBoundaryIs>
						<LinearRing>
							<coordinates>
								-71.61972867292127,-16.32646021576306,0 -71.61922606602137,-16.32673273152953,0 -71.61885327471984,-16.3260905578198,0 -71.61940148386162,-16.3258000528032,0 -71.61972867292127,-16.32646021576306,0 
							</coordinates>
						</LinearRing>
					</outerBoundaryIs>
				</Polygon>
			</Placemark>
			<Placemark>
				<name>1.4.318-2</name>
				<styleUrl>#msn_ylw-pushpin51111002</styleUrl>
				<ExtendedData>
					<SchemaData schemaUrl="#S_yura_poligono_DSSSSDDDDS00100">
						<SimpleData name="fid">40390</SimpleData>
						<SimpleData name="handle">268075</SimpleData>
						<SimpleData name="block">-1</SimpleData>
						<SimpleData name="etype">18</SimpleData>
						<SimpleData name="space">0</SimpleData>
						<SimpleData name="layer">MANZANAS</SimpleData>
						<SimpleData name="olinetype">bylayer</SimpleData>
						<SimpleData name="linetype"></SimpleData>
						<SimpleData name="color">127,127,255,255</SimpleData>
						<SimpleData name="ocolor">256</SimpleData>
						<SimpleData name="color24">-1</SimpleData>
						<SimpleData name="transparen">0</SimpleData>
						<SimpleData name="lweight">-1</SimpleData>
						<SimpleData name="linewidth">0.15</SimpleData>
						<SimpleData name="ltscale">1</SimpleData>
						<SimpleData name="visible">1</SimpleData>
						<SimpleData name="width">0</SimpleData>
						<SimpleData name="thickness">0</SimpleData>
						<SimpleData name="ext">(3:0,0,0.1)</SimpleData>
					</SchemaData>
				</ExtendedData>
				<Polygon>
					<outerBoundaryIs>
						<LinearRing>
							<coordinates>
								-71.61935102505021,-16.32567741338024,0 -71.61877004192273,-16.32594969716881,0 -71.61777187914443,-16.32422847382117,0 -71.61839605527194,-16.32389067034435,0 -71.61935102505021,-16.32567741338024,0 
							</coordinates>
						</LinearRing>
					</outerBoundaryIs>
				</Polygon>
			</Placemark>
			<Placemark>
				<name>1.4.318-3</name>
				<styleUrl>#msn_ylw-pushpin51111002</styleUrl>
				<ExtendedData>
					<SchemaData schemaUrl="#S_yura_poligono_DSSSSDDDDS00100">
						<SimpleData name="fid">40394</SimpleData>
						<SimpleData name="handle">268079</SimpleData>
						<SimpleData name="block">-1</SimpleData>
						<SimpleData name="etype">18</SimpleData>
						<SimpleData name="space">0</SimpleData>
						<SimpleData name="layer">MANZANAS</SimpleData>
						<SimpleData name="olinetype">bylayer</SimpleData>
						<SimpleData name="linetype"></SimpleData>
						<SimpleData name="color">127,127,255,255</SimpleData>
						<SimpleData name="ocolor">256</SimpleData>
						<SimpleData name="color24">-1</SimpleData>
						<SimpleData name="transparen">0</SimpleData>
						<SimpleData name="lweight">-1</SimpleData>
						<SimpleData name="linewidth">0.15</SimpleData>
						<SimpleData name="ltscale">1</SimpleData>
						<SimpleData name="visible">1</SimpleData>
						<SimpleData name="width">0</SimpleData>
						<SimpleData name="thickness">0</SimpleData>
						<SimpleData name="ext">(3:0,0,0.1)</SimpleData>
					</SchemaData>
				</ExtendedData>
				<Polygon>
					<outerBoundaryIs>
						<LinearRing>
							<coordinates>
								-71.61867796565036,-16.32603576437902,0 -71.61803858563192,-16.32640050001971,0 -71.61691109617959,-16.32474150465438,0 -71.6176398411354,-16.32427367631135,0 -71.61867796565036,-16.32603576437902,0 
							</coordinates>
						</LinearRing>
					</outerBoundaryIs>
				</Polygon>
			</Placemark>
			<Placemark>
				<name>1.4.318-4</name>
				<styleUrl>#msn_ylw-pushpin51111002</styleUrl>
				<ExtendedData>
					<SchemaData schemaUrl="#S_yura_poligono_DSSSSDDDDS00100">
						<SimpleData name="fid">40398</SimpleData>
						<SimpleData name="handle">268083</SimpleData>
						<SimpleData name="block">-1</SimpleData>
						<SimpleData name="etype">18</SimpleData>
						<SimpleData name="space">0</SimpleData>
						<SimpleData name="layer">MANZANAS</SimpleData>
						<SimpleData name="olinetype">bylayer</SimpleData>
						<SimpleData name="linetype"></SimpleData>
						<SimpleData name="color">127,127,255,255</SimpleData>
						<SimpleData name="ocolor">256</SimpleData>
						<SimpleData name="color24">-1</SimpleData>
						<SimpleData name="transparen">0</SimpleData>
						<SimpleData name="lweight">-1</SimpleData>
						<SimpleData name="linewidth">0.15</SimpleData>
						<SimpleData name="ltscale">1</SimpleData>
						<SimpleData name="visible">1</SimpleData>
						<SimpleData name="width">0</SimpleData>
						<SimpleData name="thickness">0</SimpleData>
						<SimpleData name="ext">(3:0,0,0.1)</SimpleData>
					</SchemaData>
				</ExtendedData>
				<Polygon>
					<outerBoundaryIs>
						<LinearRing>
							<coordinates>
								-71.61759308356876,-16.32416295730567,0 -71.61684041694664,-16.32464955262664,0 -71.61616484108038,-16.32369615161759,0 -71.61691539615457,-16.32321417715151,0 -71.61759308356876,-16.32416295730567,0 
							</coordinates>
						</LinearRing>
					</outerBoundaryIs>
				</Polygon>
			</Placemark>
			<Placemark>
				<name>1.4.318-5</name>
				<styleUrl>#msn_ylw-pushpin51111002</styleUrl>
				<ExtendedData>
					<SchemaData schemaUrl="#S_yura_poligono_DSSSSDDDDS00100">
						<SimpleData name="fid">40393</SimpleData>
						<SimpleData name="handle">268078</SimpleData>
						<SimpleData name="block">-1</SimpleData>
						<SimpleData name="etype">18</SimpleData>
						<SimpleData name="space">0</SimpleData>
						<SimpleData name="layer">MANZANAS</SimpleData>
						<SimpleData name="olinetype">bylayer</SimpleData>
						<SimpleData name="linetype"></SimpleData>
						<SimpleData name="color">127,127,255,255</SimpleData>
						<SimpleData name="ocolor">256</SimpleData>
						<SimpleData name="color24">-1</SimpleData>
						<SimpleData name="transparen">0</SimpleData>
						<SimpleData name="lweight">-1</SimpleData>
						<SimpleData name="linewidth">0.15</SimpleData>
						<SimpleData name="ltscale">1</SimpleData>
						<SimpleData name="visible">1</SimpleData>
						<SimpleData name="width">0</SimpleData>
						<SimpleData name="thickness">0</SimpleData>
						<SimpleData name="ext">(3:0,0,0.1)</SimpleData>
					</SchemaData>
				</ExtendedData>
				<Polygon>
					<outerBoundaryIs>
						<LinearRing>
							<coordinates>
								-71.6183180933792,-16.32368876584425,0 -71.61768883715673,-16.32406672639119,0 -71.61704421660463,-16.32312693086797,0 -71.61779880323893,-16.32265211773847,0 -71.6183180933792,-16.32368876584425,0 
							</coordinates>
						</LinearRing>
					</outerBoundaryIs>
				</Polygon>
			</Placemark>
			<Placemark>
				<name>1.4.318-6</name>
				<styleUrl>#msn_ylw-pushpin51111002</styleUrl>
				<ExtendedData>
					<SchemaData schemaUrl="#S_yura_poligono_DSSSSDDDDS00100">
						<SimpleData name="fid">40392</SimpleData>
						<SimpleData name="handle">268077</SimpleData>
						<SimpleData name="block">-1</SimpleData>
						<SimpleData name="etype">18</SimpleData>
						<SimpleData name="space">0</SimpleData>
						<SimpleData name="layer">MANZANAS</SimpleData>
						<SimpleData name="olinetype">bylayer</SimpleData>
						<SimpleData name="linetype"></SimpleData>
						<SimpleData name="color">127,127,255,255</SimpleData>
						<SimpleData name="ocolor">256</SimpleData>
						<SimpleData name="color24">-1</SimpleData>
						<SimpleData name="transparen">0</SimpleData>
						<SimpleData name="lweight">-1</SimpleData>
						<SimpleData name="linewidth">0.15</SimpleData>
						<SimpleData name="ltscale">1</SimpleData>
						<SimpleData name="visible">1</SimpleData>
						<SimpleData name="width">0</SimpleData>
						<SimpleData name="thickness">0</SimpleData>
						<SimpleData name="ext">(3:0,0,0.1)</SimpleData>
					</SchemaData>
				</ExtendedData>
				<Polygon>
					<outerBoundaryIs>
						<LinearRing>
							<coordinates>
								-71.61773985488391,-16.32253118386278,0 -71.61694959312668,-16.32302159332279,0 -71.6163053835061,-16.32206370468308,0 -71.61718828849689,-16.32148624472645,0 -71.61773985488391,-16.32253118386278,0 
							</coordinates>
						</LinearRing>
					</outerBoundaryIs>
				</Polygon>
			</Placemark>
			<Placemark>
				<name>1.4.318-7</name>
				<styleUrl>#msn_ylw-pushpin51111002</styleUrl>
				<ExtendedData>
					<SchemaData schemaUrl="#S_yura_poligono_DSSSSDDDDS00100">
						<SimpleData name="fid">40399</SimpleData>
						<SimpleData name="handle">268084</SimpleData>
						<SimpleData name="block">-1</SimpleData>
						<SimpleData name="etype">18</SimpleData>
						<SimpleData name="space">0</SimpleData>
						<SimpleData name="layer">MANZANAS</SimpleData>
						<SimpleData name="olinetype">bylayer</SimpleData>
						<SimpleData name="linetype"></SimpleData>
						<SimpleData name="color">127,127,255,255</SimpleData>
						<SimpleData name="ocolor">256</SimpleData>
						<SimpleData name="color24">-1</SimpleData>
						<SimpleData name="transparen">0</SimpleData>
						<SimpleData name="lweight">-1</SimpleData>
						<SimpleData name="linewidth">0.15</SimpleData>
						<SimpleData name="ltscale">1</SimpleData>
						<SimpleData name="visible">1</SimpleData>
						<SimpleData name="width">0</SimpleData>
						<SimpleData name="thickness">0</SimpleData>
						<SimpleData name="ext">(3:0,0,0.1)</SimpleData>
					</SchemaData>
				</ExtendedData>
				<Polygon>
					<outerBoundaryIs>
						<LinearRing>
							<coordinates>
								-71.61684397005962,-16.32310231051989,0 -71.61610202222225,-16.32357937256918,0 -71.61545380084432,-16.32262422445549,0 -71.61618142530062,-16.32216510742134,0 -71.61684397005962,-16.32310231051989,0 
							</coordinates>
						</LinearRing>
					</outerBoundaryIs>
				</Polygon>
			</Placemark>
			<Placemark>
				<name>1.4.318-8</name>
				<styleUrl>#msn_ylw-pushpin51111002</styleUrl>
				<ExtendedData>
					<SchemaData schemaUrl="#S_yura_poligono_DSSSSDDDDS00100">
						<SimpleData name="fid">40396</SimpleData>
						<SimpleData name="handle">268081</SimpleData>
						<SimpleData name="block">-1</SimpleData>
						<SimpleData name="etype">18</SimpleData>
						<SimpleData name="space">0</SimpleData>
						<SimpleData name="layer">MANZANAS</SimpleData>
						<SimpleData name="olinetype">bylayer</SimpleData>
						<SimpleData name="linetype"></SimpleData>
						<SimpleData name="color">127,127,255,255</SimpleData>
						<SimpleData name="ocolor">256</SimpleData>
						<SimpleData name="color24">-1</SimpleData>
						<SimpleData name="transparen">0</SimpleData>
						<SimpleData name="lweight">-1</SimpleData>
						<SimpleData name="linewidth">0.15</SimpleData>
						<SimpleData name="ltscale">1</SimpleData>
						<SimpleData name="visible">1</SimpleData>
						<SimpleData name="width">0</SimpleData>
						<SimpleData name="thickness">0</SimpleData>
						<SimpleData name="ext">(3:0,0,0.1)</SimpleData>
					</SchemaData>
				</ExtendedData>
				<Polygon>
					<outerBoundaryIs>
						<LinearRing>
							<coordinates>
								-71.61609400447533,-16.32203243680756,0 -71.61536495509873,-16.32252121841393,0 -71.61479196958372,-16.3217040803415,0 -71.61482539565013,-16.32164839565435,0 -71.61486934770008,-16.32156498086096,0 -71.61488188989946,-16.32144151787072,0 -71.61541667128651,-16.32106029766384,0 -71.61609400447533,-16.32203243680756,0 
							</coordinates>
						</LinearRing>
					</outerBoundaryIs>
				</Polygon>
			</Placemark>
			<Placemark>
				<name>1.4.318-9</name>
				<styleUrl>#msn_ylw-pushpin51111002</styleUrl>
				<ExtendedData>
					<SchemaData schemaUrl="#S_yura_poligono_DSSSSDDDDS00100">
						<SimpleData name="fid">40299</SimpleData>
						<SimpleData name="handle">267984</SimpleData>
						<SimpleData name="block">-1</SimpleData>
						<SimpleData name="etype">18</SimpleData>
						<SimpleData name="space">0</SimpleData>
						<SimpleData name="layer">MANZANAS</SimpleData>
						<SimpleData name="olinetype">bylayer</SimpleData>
						<SimpleData name="linetype"></SimpleData>
						<SimpleData name="color">127,127,255,255</SimpleData>
						<SimpleData name="ocolor">256</SimpleData>
						<SimpleData name="color24">-1</SimpleData>
						<SimpleData name="transparen">0</SimpleData>
						<SimpleData name="lweight">-1</SimpleData>
						<SimpleData name="linewidth">0.15</SimpleData>
						<SimpleData name="ltscale">1</SimpleData>
						<SimpleData name="visible">1</SimpleData>
						<SimpleData name="width">0</SimpleData>
						<SimpleData name="thickness">0</SimpleData>
						<SimpleData name="ext">(3:0,0,0.1)</SimpleData>
					</SchemaData>
				</ExtendedData>
				<Polygon>
					<outerBoundaryIs>
						<LinearRing>
							<coordinates>
								-71.61685520437129,-16.32112398876082,0 -71.61707099627762,-16.3213541275144,0 -71.61619808951033,-16.32191986997223,0 -71.61554717960271,-16.32097372650776,0 -71.61614762284526,-16.32059651514398,0 -71.61685520437129,-16.32112398876082,0 
							</coordinates>
						</LinearRing>
					</outerBoundaryIs>
				</Polygon>
			</Placemark>
			<Placemark>
				<name>1.4.319-1</name>
				<styleUrl>#msn_ylw-pushpin51111002</styleUrl>
				<ExtendedData>
					<SchemaData schemaUrl="#S_yura_poligono_DSSSSDDDDS02001">
						<SimpleData name="fid">40391</SimpleData>
						<SimpleData name="handle">268076</SimpleData>
						<SimpleData name="block">-1</SimpleData>
						<SimpleData name="etype">18</SimpleData>
						<SimpleData name="space">0</SimpleData>
						<SimpleData name="layer">MANZANAS</SimpleData>
						<SimpleData name="olinetype">bylayer</SimpleData>
						<SimpleData name="linetype"></SimpleData>
						<SimpleData name="color">127,127,255,255</SimpleData>
						<SimpleData name="ocolor">256</SimpleData>
						<SimpleData name="color24">-1</SimpleData>
						<SimpleData name="transparen">0</SimpleData>
						<SimpleData name="lweight">-1</SimpleData>
						<SimpleData name="linewidth">0.15</SimpleData>
						<SimpleData name="ltscale">1</SimpleData>
						<SimpleData name="visible">1</SimpleData>
						<SimpleData name="width">0</SimpleData>
						<SimpleData name="thickness">0</SimpleData>
						<SimpleData name="ext">(3:0,0,0.1)</SimpleData>
					</SchemaData>
				</ExtendedData>
				<Polygon>
					<outerBoundaryIs>
						<LinearRing>
							<coordinates>
								-71.61831478157323,-16.32716345890906,0 -71.61770333686755,-16.32759091092218,0 -71.6171800088372,-16.32728501696841,0 -71.61675733465536,-16.32679044729913,0 -71.61767784333759,-16.32625858130596,0 -71.61831478157323,-16.32716345890906,0 
							</coordinates>
						</LinearRing>
					</outerBoundaryIs>
				</Polygon>
			</Placemark>
			<Placemark>
				<name>1.4.319-2</name>
				<styleUrl>#msn_ylw-pushpin51111002</styleUrl>
				<ExtendedData>
					<SchemaData schemaUrl="#S_yura_poligono_DSSSSDDDDS02001">
						<SimpleData name="fid">40395</SimpleData>
						<SimpleData name="handle">268080</SimpleData>
						<SimpleData name="block">-1</SimpleData>
						<SimpleData name="etype">18</SimpleData>
						<SimpleData name="space">0</SimpleData>
						<SimpleData name="layer">MANZANAS</SimpleData>
						<SimpleData name="olinetype">bylayer</SimpleData>
						<SimpleData name="linetype"></SimpleData>
						<SimpleData name="color">127,127,255,255</SimpleData>
						<SimpleData name="ocolor">256</SimpleData>
						<SimpleData name="color24">-1</SimpleData>
						<SimpleData name="transparen">0</SimpleData>
						<SimpleData name="lweight">-1</SimpleData>
						<SimpleData name="linewidth">0.15</SimpleData>
						<SimpleData name="ltscale">1</SimpleData>
						<SimpleData name="visible">1</SimpleData>
						<SimpleData name="width">0</SimpleData>
						<SimpleData name="thickness">0</SimpleData>
						<SimpleData name="ext">(3:0,0,0.1)</SimpleData>
					</SchemaData>
				</ExtendedData>
				<Polygon>
					<outerBoundaryIs>
						<LinearRing>
							<coordinates>
								-71.61669872677386,-16.3266811468219,0 -71.61653437582821,-16.32642115153956,0 -71.61670070921969,-16.32625424959865,0 -71.61665469242844,-16.32600236482998,0 -71.61661518458121,-16.32582197359329,0 -71.61679738058847,-16.32559529477503,0 -71.61703618705295,-16.32531225674184,0 -71.61761290886732,-16.32611797970943,0 -71.61669872677386,-16.3266811468219,0 
							</coordinates>
						</LinearRing>
					</outerBoundaryIs>
				</Polygon>
			</Placemark>
			<Placemark>
				<name>1.4.319-3</name>
				<styleUrl>#msn_ylw-pushpin51111002</styleUrl>
				<ExtendedData>
					<SchemaData schemaUrl="#S_yura_poligono_DSSSSDDDDS02001">
						<SimpleData name="fid">40400</SimpleData>
						<SimpleData name="handle">268085</SimpleData>
						<SimpleData name="block">-1</SimpleData>
						<SimpleData name="etype">18</SimpleData>
						<SimpleData name="space">0</SimpleData>
						<SimpleData name="layer">MANZANAS</SimpleData>
						<SimpleData name="olinetype">bylayer</SimpleData>
						<SimpleData name="linetype"></SimpleData>
						<SimpleData name="color">127,127,255,255</SimpleData>
						<SimpleData name="ocolor">256</SimpleData>
						<SimpleData name="color24">-1</SimpleData>
						<SimpleData name="transparen">0</SimpleData>
						<SimpleData name="lweight">-1</SimpleData>
						<SimpleData name="linewidth">0.15</SimpleData>
						<SimpleData name="ltscale">1</SimpleData>
						<SimpleData name="visible">1</SimpleData>
						<SimpleData name="width">0</SimpleData>
						<SimpleData name="thickness">0</SimpleData>
						<SimpleData name="ext">(3:0,0,0.1)</SimpleData>
					</SchemaData>
				</ExtendedData>
				<Polygon>
					<outerBoundaryIs>
						<LinearRing>
							<coordinates>
								-71.61647595611292,-16.32503229113026,0 -71.6167693836388,-16.32543423351497,0 -71.6162651456407,-16.32601422316813,0 -71.61584056476664,-16.3254365169933,0 -71.61647595611292,-16.32503229113026,0 
							</coordinates>
						</LinearRing>
					</outerBoundaryIs>
				</Polygon>
			</Placemark>
			<Placemark>
				<name>1.4.319-4</name>
				<styleUrl>#msn_ylw-pushpin51111002</styleUrl>
				<ExtendedData>
					<SchemaData schemaUrl="#S_yura_poligono_DSSSSDDDDS02001">
						<SimpleData name="fid">40403</SimpleData>
						<SimpleData name="handle">268088</SimpleData>
						<SimpleData name="block">-1</SimpleData>
						<SimpleData name="etype">18</SimpleData>
						<SimpleData name="space">0</SimpleData>
						<SimpleData name="layer">MANZANAS</SimpleData>
						<SimpleData name="olinetype">bylayer</SimpleData>
						<SimpleData name="linetype"></SimpleData>
						<SimpleData name="color">127,127,255,255</SimpleData>
						<SimpleData name="ocolor">256</SimpleData>
						<SimpleData name="color24">-1</SimpleData>
						<SimpleData name="transparen">0</SimpleData>
						<SimpleData name="lweight">-1</SimpleData>
						<SimpleData name="linewidth">0.15</SimpleData>
						<SimpleData name="ltscale">1</SimpleData>
						<SimpleData name="visible">1</SimpleData>
						<SimpleData name="width">0</SimpleData>
						<SimpleData name="thickness">0</SimpleData>
						<SimpleData name="ext">(3:0,0,0.1)</SimpleData>
					</SchemaData>
				</ExtendedData>
				<Polygon>
					<outerBoundaryIs>
						<LinearRing>
							<coordinates>
								-71.61666343713414,-16.32476465392134,0 -71.61570218955949,-16.32534113237714,0 -71.61520507462231,-16.32511561778046,0 -71.6147514914631,-16.32459984339028,0 -71.61599344755653,-16.32382167185358,0 -71.61666343713414,-16.32476465392134,0 
							</coordinates>
						</LinearRing>
					</outerBoundaryIs>
				</Polygon>
			</Placemark>
			<Placemark>
				<name>1.4.319-5</name>
				<styleUrl>#msn_ylw-pushpin51111002</styleUrl>
				<Polygon>
					<tessellate>1</tessellate>
					<outerBoundaryIs>
						<LinearRing>
							<coordinates>
								-71.61466804264599,-16.32467454531457,0 -71.61532975725467,-16.32536995288694,0 -71.61504249647794,-16.32542814853718,0 -71.61445362984914,-16.32484636290747,0 -71.61466804264599,-16.32467454531457,0 
							</coordinates>
						</LinearRing>
					</outerBoundaryIs>
				</Polygon>
			</Placemark>
			<Placemark>
				<name>1.4.319-6</name>
				<styleUrl>#msn_ylw-pushpin51111002</styleUrl>
				<ExtendedData>
					<SchemaData schemaUrl="#S_yura_poligono_DSSSSDDDDS02001">
						<SimpleData name="fid">40402</SimpleData>
						<SimpleData name="handle">268087</SimpleData>
						<SimpleData name="block">-1</SimpleData>
						<SimpleData name="etype">18</SimpleData>
						<SimpleData name="space">0</SimpleData>
						<SimpleData name="layer">MANZANAS</SimpleData>
						<SimpleData name="olinetype">bylayer</SimpleData>
						<SimpleData name="linetype"></SimpleData>
						<SimpleData name="color">127,127,255,255</SimpleData>
						<SimpleData name="ocolor">256</SimpleData>
						<SimpleData name="color24">-1</SimpleData>
						<SimpleData name="transparen">0</SimpleData>
						<SimpleData name="lweight">-1</SimpleData>
						<SimpleData name="linewidth">0.15</SimpleData>
						<SimpleData name="ltscale">1</SimpleData>
						<SimpleData name="visible">1</SimpleData>
						<SimpleData name="width">0</SimpleData>
						<SimpleData name="thickness">0</SimpleData>
						<SimpleData name="ext">(3:0,0,0.1)</SimpleData>
					</SchemaData>
				</ExtendedData>
				<Polygon>
					<outerBoundaryIs>
						<LinearRing>
							<coordinates>
								-71.61379056418529,-16.32443050333779,0 -71.61342704853988,-16.32393085938583,0 -71.61331235392706,-16.32379814466,0 -71.61319765931424,-16.32366542984417,0 -71.61308296470143,-16.3235327149383,0 -71.61302906060193,-16.32347034164205,0 -71.61304761934497,-16.32343567750297,0 -71.61306455943415,-16.32340025824021,0 -71.61307984759564,-16.32336415342196,0 -71.61309345380046,-16.32332743396586,0 -71.61310535132318,-16.32329017199685,0 -71.61311551679468,-16.3232524407014,0 -71.61310934725309,-16.32307961559923,0 -71.61320159193659,-16.32300377244586,0 -71.61340946233514,-16.32327283941598,0 -71.61352303899474,-16.32340644433211,0 -71.61363661565431,-16.32354004915695,0 -71.61375019231393,-16.32367365389055,0 -71.61457795405248,-16.32455923976429,0 -71.61426563662695,-16.32477172525,0 -71.61379056418529,-16.32443050333779,0 
							</coordinates>
						</LinearRing>
					</outerBoundaryIs>
				</Polygon>
			</Placemark>
			<Placemark>
				<name>1.4.319-7</name>
				<styleUrl>#msn_ylw-pushpin51111002</styleUrl>
				<ExtendedData>
					<SchemaData schemaUrl="#S_yura_poligono_DSSSSDDDDS02001">
						<SimpleData name="fid">40404</SimpleData>
						<SimpleData name="handle">268089</SimpleData>
						<SimpleData name="block">-1</SimpleData>
						<SimpleData name="etype">18</SimpleData>
						<SimpleData name="space">0</SimpleData>
						<SimpleData name="layer">MANZANAS</SimpleData>
						<SimpleData name="olinetype">bylayer</SimpleData>
						<SimpleData name="linetype"></SimpleData>
						<SimpleData name="color">127,127,255,255</SimpleData>
						<SimpleData name="ocolor">256</SimpleData>
						<SimpleData name="color24">-1</SimpleData>
						<SimpleData name="transparen">0</SimpleData>
						<SimpleData name="lweight">-1</SimpleData>
						<SimpleData name="linewidth">0.15</SimpleData>
						<SimpleData name="ltscale">1</SimpleData>
						<SimpleData name="visible">1</SimpleData>
						<SimpleData name="width">0</SimpleData>
						<SimpleData name="thickness">0</SimpleData>
						<SimpleData name="ext">(3:0,0,0.1)</SimpleData>
					</SchemaData>
				</ExtendedData>
				<Polygon>
					<outerBoundaryIs>
						<LinearRing>
							<coordinates>
								-71.61590810907899,-16.32368866388985,0 -71.61466285513181,-16.32450245053569,0 -71.61389410487743,-16.32364945374247,0 -71.61525352498519,-16.3227559813486,0 -71.61590810907899,-16.32368866388985,0 
							</coordinates>
						</LinearRing>
					</outerBoundaryIs>
				</Polygon>
			</Placemark>
			<Placemark>
				<name>1.4.319-8</name>
				<styleUrl>#msn_ylw-pushpin51111002</styleUrl>
				<ExtendedData>
					<SchemaData schemaUrl="#S_yura_poligono_DSSSSDDDDS02001">
						<SimpleData name="fid">40401</SimpleData>
						<SimpleData name="handle">268086</SimpleData>
						<SimpleData name="block">-1</SimpleData>
						<SimpleData name="etype">18</SimpleData>
						<SimpleData name="space">0</SimpleData>
						<SimpleData name="layer">MANZANAS</SimpleData>
						<SimpleData name="olinetype">bylayer</SimpleData>
						<SimpleData name="linetype"></SimpleData>
						<SimpleData name="color">127,127,255,255</SimpleData>
						<SimpleData name="ocolor">256</SimpleData>
						<SimpleData name="color24">-1</SimpleData>
						<SimpleData name="transparen">0</SimpleData>
						<SimpleData name="lweight">-1</SimpleData>
						<SimpleData name="linewidth">0.15</SimpleData>
						<SimpleData name="ltscale">1</SimpleData>
						<SimpleData name="visible">1</SimpleData>
						<SimpleData name="width">0</SimpleData>
						<SimpleData name="thickness">0</SimpleData>
						<SimpleData name="ext">(3:0,0,0.1)</SimpleData>
					</SchemaData>
				</ExtendedData>
				<Polygon>
					<outerBoundaryIs>
						<LinearRing>
							<coordinates>
								-71.61516905009643,-16.32263697194893,0 -71.61377126265877,-16.32350767778838,0 -71.6129931977806,-16.32263479730473,0 -71.61430968079232,-16.32178214229938,0 -71.61461312697946,-16.32184104835457,0 -71.61516905009643,-16.32263697194893,0 
							</coordinates>
						</LinearRing>
					</outerBoundaryIs>
				</Polygon>
			</Placemark>
			<Placemark>
				<name>1.4.320-1</name>
				<styleUrl>#msn_ylw-pushpin51111002</styleUrl>
				<Polygon>
					<tessellate>1</tessellate>
					<outerBoundaryIs>
						<LinearRing>
							<coordinates>
								-71.61370609769601,-16.33158034229225,0 -71.61336376807903,-16.33183665192318,0 -71.61328766959608,-16.33153785836709,0 -71.61331599694191,-16.33134795463844,0 -71.61335364278848,-16.33126220527133,0 -71.61342853175687,-16.33126420558947,0 -71.61370609769601,-16.33158034229225,0 
							</coordinates>
						</LinearRing>
					</outerBoundaryIs>
				</Polygon>
			</Placemark>
			<Placemark>
				<name>1.4.320-2</name>
				<styleUrl>#msn_ylw-pushpin51111002</styleUrl>
				<Polygon>
					<tessellate>1</tessellate>
					<outerBoundaryIs>
						<LinearRing>
							<coordinates>
								-71.61393474268105,-16.33182861450652,0 -71.6135179604978,-16.33218320615002,0 -71.61343802621273,-16.33208889624763,0 -71.61337021471729,-16.33193273727749,0 -71.61374758901972,-16.33163914323472,0 -71.61393474268105,-16.33182861450652,0 
							</coordinates>
						</LinearRing>
					</outerBoundaryIs>
				</Polygon>
			</Placemark>
			<Placemark>
				<name>1.4.320-3</name>
				<styleUrl>#msn_ylw-pushpin51111002</styleUrl>
				<Polygon>
					<tessellate>1</tessellate>
					<outerBoundaryIs>
						<LinearRing>
							<coordinates>
								-71.61415686909595,-16.33211637451075,0 -71.61356165307653,-16.3325846338115,0 -71.61348134905457,-16.3323046360828,0 -71.61395714579521,-16.33190072030956,0 -71.61415686909595,-16.33211637451075,0 
							</coordinates>
						</LinearRing>
					</outerBoundaryIs>
				</Polygon>
			</Placemark>
			<Placemark>
				<name>1.4.320-4</name>
				<styleUrl>#msn_ylw-pushpin51111002</styleUrl>
				<Polygon>
					<tessellate>1</tessellate>
					<outerBoundaryIs>
						<LinearRing>
							<coordinates>
								-71.61439345659511,-16.33238722620537,0 -71.6136700141097,-16.33295182273491,0 -71.61361478512944,-16.33279709228541,0 -71.61364145314165,-16.3326317158834,0 -71.61420966606958,-16.33216612267402,0 -71.61439345659511,-16.33238722620537,0 
							</coordinates>
						</LinearRing>
					</outerBoundaryIs>
				</Polygon>
			</Placemark>
			<Placemark>
				<name>1.4.320-5</name>
				<styleUrl>#msn_ylw-pushpin51111002</styleUrl>
				<Polygon>
					<tessellate>1</tessellate>
					<outerBoundaryIs>
						<LinearRing>
							<coordinates>
								-71.61444467307389,-16.33243342888201,0 -71.61461134080018,-16.33263846000749,0 -71.61378812098754,-16.33329008203621,0 -71.61368870314881,-16.33302312153965,0 -71.61444467307389,-16.33243342888201,0 
							</coordinates>
						</LinearRing>
					</outerBoundaryIs>
				</Polygon>
			</Placemark>
			<Placemark>
				<name>1.4.320-6</name>
				<styleUrl>#msn_ylw-pushpin51111002</styleUrl>
				<Polygon>
					<tessellate>1</tessellate>
					<outerBoundaryIs>
						<LinearRing>
							<coordinates>
								-71.61485647003616,-16.33292171533694,0 -71.61443824651077,-16.33323217878161,0 -71.61425219404497,-16.33303171690043,0 -71.61467198280737,-16.33269758395067,0 -71.61485647003616,-16.33292171533694,0 
							</coordinates>
						</LinearRing>
					</outerBoundaryIs>
				</Polygon>
			</Placemark>
			<Placemark>
				<name>1.4.320-7</name>
				<styleUrl>#msn_ylw-pushpin51111002</styleUrl>
				<Polygon>
					<tessellate>1</tessellate>
					<outerBoundaryIs>
						<LinearRing>
							<coordinates>
								-71.6143871468559,-16.33327472630235,0 -71.61394552080911,-16.33364053091528,0 -71.61386848011522,-16.33356243240449,0 -71.61380673643524,-16.33338543928012,0 -71.61420722831539,-16.33307162926572,0 -71.6143871468559,-16.33327472630235,0 
							</coordinates>
						</LinearRing>
					</outerBoundaryIs>
				</Polygon>
			</Placemark>
			<Placemark>
				<name>1.4.320-8</name>
				<styleUrl>#msn_ylw-pushpin51111002</styleUrl>
				<Polygon>
					<tessellate>1</tessellate>
					<outerBoundaryIs>
						<LinearRing>
							<coordinates>
								-71.61507504168156,-16.33318830391087,0 -71.61467220584515,-16.33349772959568,0 -71.61449597043253,-16.3332948981387,0 -71.6148997199614,-16.33296518070059,0 -71.61507504168156,-16.33318830391087,0 
							</coordinates>
						</LinearRing>
					</outerBoundaryIs>
				</Polygon>
			</Placemark>
			<Placemark>
				<name>1.4.320-9</name>
				<styleUrl>#msn_ylw-pushpin51111002</styleUrl>
				<Polygon>
					<tessellate>1</tessellate>
					<outerBoundaryIs>
						<LinearRing>
							<coordinates>
								-71.61461661124301,-16.33355330230561,0 -71.61416956106584,-16.3339031266489,0 -71.61398376386099,-16.33370166397832,0 -71.61443980847304,-16.33334210057129,0 -71.61461661124301,-16.33355330230561,0 
							</coordinates>
						</LinearRing>
					</outerBoundaryIs>
				</Polygon>
			</Placemark>
			<Placemark>
				<name>1.4.320-10</name>
				<styleUrl>#msn_ylw-pushpin51111002</styleUrl>
				<Polygon>
					<tessellate>1</tessellate>
					<outerBoundaryIs>
						<LinearRing>
							<coordinates>
								-71.61530118271698,-16.33344835720627,0 -71.61490144292628,-16.33376993255358,0 -71.61471635627963,-16.33355572807847,0 -71.61511535903301,-16.33323112804574,0 -71.61530118271698,-16.33344835720627,0 
							</coordinates>
						</LinearRing>
					</outerBoundaryIs>
				</Polygon>
			</Placemark>
			<Placemark>
				<name>1.4.320-11</name>
				<styleUrl>#msn_ylw-pushpin51111002</styleUrl>
				<Polygon>
					<tessellate>1</tessellate>
					<outerBoundaryIs>
						<LinearRing>
							<coordinates>
								-71.61483719933851,-16.33381011853674,0 -71.61441583308931,-16.33414826682836,0 -71.61422819530313,-16.33394965908868,0 -71.61465222249855,-16.3336124142894,0 -71.61483719933851,-16.33381011853674,0 
							</coordinates>
						</LinearRing>
					</outerBoundaryIs>
				</Polygon>
			</Placemark>
			<Placemark>
				<name>1.4.320-12</name>
				<styleUrl>#msn_ylw-pushpin51111002</styleUrl>
				<Polygon>
					<tessellate>1</tessellate>
					<outerBoundaryIs>
						<LinearRing>
							<coordinates>
								-71.61553104567587,-16.3337127773433,0 -71.61512093369521,-16.33403979132494,0 -71.61494989289827,-16.33381950851338,0 -71.61535557837747,-16.33349385455018,0 -71.61553104567587,-16.3337127773433,0 
							</coordinates>
						</LinearRing>
					</outerBoundaryIs>
				</Polygon>
			</Placemark>
			<Placemark>
				<name>1.4.320-13</name>
				<styleUrl>#msn_ylw-pushpin51111002</styleUrl>
				<Polygon>
					<tessellate>1</tessellate>
					<outerBoundaryIs>
						<LinearRing>
							<coordinates>
								-71.61507242927919,-16.33408876247834,0 -71.61466091300993,-16.33440126459301,0 -71.61447865707652,-16.3342134227205,0 -71.61489625744389,-16.33386814071572,0 -71.61507242927919,-16.33408876247834,0 
							</coordinates>
						</LinearRing>
					</outerBoundaryIs>
				</Polygon>
			</Placemark>
			<Placemark>
				<name>1.4.320-14</name>
				<styleUrl>#msn_ylw-pushpin51111002</styleUrl>
				<Polygon>
					<tessellate>1</tessellate>
					<outerBoundaryIs>
						<LinearRing>
							<coordinates>
								-71.61576564496009,-16.33397090332527,0 -71.6157129597002,-16.33401990455413,0 -71.6153653999186,-16.33431647170178,0 -71.61518330367693,-16.33409093653326,0 -71.61558634107664,-16.33376761676148,0 -71.61576564496009,-16.33397090332527,0 
							</coordinates>
						</LinearRing>
					</outerBoundaryIs>
				</Polygon>
			</Placemark>
			<Placemark>
				<name>1.4.320-15</name>
				<styleUrl>#msn_ylw-pushpin51111002</styleUrl>
				<Polygon>
					<tessellate>1</tessellate>
					<outerBoundaryIs>
						<LinearRing>
							<coordinates>
								-71.61529085539043,-16.33435679119277,0 -71.6150166049954,-16.33459557941391,0 -71.61492647305182,-16.33468808713433,0 -71.61471349741036,-16.33446184040368,0 -71.61511441325877,-16.3341471568019,0 -71.61529085539043,-16.33435679119277,0 
							</coordinates>
						</LinearRing>
					</outerBoundaryIs>
				</Polygon>
			</Placemark>
			<Placemark>
				<name>1.4.320-16</name>
				<styleUrl>#msn_ylw-pushpin51111002</styleUrl>
				<Polygon>
					<tessellate>1</tessellate>
					<outerBoundaryIs>
						<LinearRing>
							<coordinates>
								-71.61598842054514,-16.33424585746276,0 -71.61578448181622,-16.33442957413656,0 -71.6155796209798,-16.33456643051408,0 -71.61542569587013,-16.3343723928706,0 -71.61549171527005,-16.33428536717683,0 -71.61580968689357,-16.3340398459981,0 -71.61598842054514,-16.33424585746276,0 
							</coordinates>
						</LinearRing>
					</outerBoundaryIs>
				</Polygon>
			</Placemark>
			<Placemark>
				<name>1.4.320-17</name>
				<styleUrl>#msn_ylw-pushpin51111002</styleUrl>
				<Polygon>
					<tessellate>1</tessellate>
					<outerBoundaryIs>
						<LinearRing>
							<coordinates>
								-71.61529204459741,-16.33444931371717,0 -71.61538729798252,-16.33446123411665,0 -71.61552613515811,-16.33462230375097,0 -71.615158066837,-16.33494281496986,0 -71.61496355085134,-16.33471992179237,0 -71.61529204459741,-16.33444931371717,0 
							</coordinates>
						</LinearRing>
					</outerBoundaryIs>
				</Polygon>
			</Placemark>
			<Placemark>
				<name>1.4.320-18</name>
				<styleUrl>#msn_ylw-pushpin51111002</styleUrl>
				<Polygon>
					<tessellate>1</tessellate>
					<outerBoundaryIs>
						<LinearRing>
							<coordinates>
								-71.61604396435304,-16.3343006349773,0 -71.6163610368442,-16.33468565688102,0 -71.61521453491909,-16.33499241059648,0 -71.61521477225222,-16.33496311769025,0 -71.61604396435304,-16.3343006349773,0 
							</coordinates>
						</LinearRing>
					</outerBoundaryIs>
				</Polygon>
			</Placemark>
			<Placemark>
				<name>1.4.320-20</name>
				<styleUrl>#msn_ylw-pushpin51111002</styleUrl>
				<Polygon>
					<tessellate>1</tessellate>
					<outerBoundaryIs>
						<LinearRing>
							<coordinates>
								-71.61946021712737,-16.33344728787761,0 -71.61926894936701,-16.33370726987247,0 -71.61868984402984,-16.33337105172097,0 -71.61886302762457,-16.33310577411083,0 -71.61946021712737,-16.33344728787761,0 
							</coordinates>
						</LinearRing>
					</outerBoundaryIs>
				</Polygon>
			</Placemark>
			<Placemark>
				<name>1.4.320-21</name>
				<styleUrl>#msn_ylw-pushpin51111002</styleUrl>
				<Polygon>
					<tessellate>1</tessellate>
					<outerBoundaryIs>
						<LinearRing>
							<coordinates>
								-71.61872217891278,-16.33317983668391,0 -71.61862120581651,-16.33333285501906,0 -71.61829562720968,-16.33312660746273,0 -71.61832361313581,-16.33295492247836,0 -71.61872217891278,-16.33317983668391,0 
							</coordinates>
						</LinearRing>
					</outerBoundaryIs>
				</Polygon>
			</Placemark>
			<Placemark>
				<name>1.4.320-22</name>
				<styleUrl>#msn_ylw-pushpin51111002</styleUrl>
				<Polygon>
					<tessellate>1</tessellate>
					<outerBoundaryIs>
						<LinearRing>
							<coordinates>
								-71.61757120351555,-16.33377878131131,0 -71.61773679567187,-16.33382228801283,0 -71.61789291211984,-16.33384013716549,0 -71.61803436769881,-16.33383572588725,0 -71.61814858110958,-16.33380713380649,0 -71.61829434040406,-16.33376337932005,0 -71.6184453441283,-16.33366662025026,0 -71.61857659046676,-16.3335600917994,0 -71.61863289391853,-16.33346052517205,0 -71.61894331516898,-16.33368474963487,0 -71.61884739043211,-16.33380686008047,0 -71.61878731761546,-16.33388950965083,0 -71.61869323831606,-16.33396138467349,0 -71.61854048696492,-16.33405441891804,0 -71.61837774777732,-16.334106984748,0 -71.61824935795113,-16.33415415279675,0 -71.61806282135082,-16.33419703658491,0 -71.61791415241318,-16.33419672632667,0 -71.6177288816028,-16.33420550959173,0 -71.61755093467913,-16.33413461494836,0 -71.61739311522508,-16.33409809129356,0 -71.61725753726014,-16.33402081458419,0 -71.61709985077076,-16.33390480712128,0 -71.61734756812504,-16.3336320233638,0 -71.61757120351555,-16.33377878131131,0 
							</coordinates>
						</LinearRing>
					</outerBoundaryIs>
				</Polygon>
			</Placemark>
			<Placemark>
				<name>1.4.320-23</name>
				<styleUrl>#msn_ylw-pushpin51111002</styleUrl>
				<Polygon>
					<tessellate>1</tessellate>
					<outerBoundaryIs>
						<LinearRing>
							<coordinates>
								-71.6178338519009,-16.33335972611049,0 -71.6179797267412,-16.33339239706713,0 -71.61808240485685,-16.33336075731904,0 -71.61816942472882,-16.33328303291083,0 -71.61824126246736,-16.33319688642906,0 -71.61856245013611,-16.33341631509061,0 -71.61848499916339,-16.33349691843273,0 -71.61840681549484,-16.33355959577578,0 -71.6182884676697,-16.33364545306084,0 -71.61815321624393,-16.33368640918325,0 -71.6179982461081,-16.33373146482535,0 -71.61784185430685,-16.33372531718108,0 -71.61772831170913,-16.33370707282706,0 -71.61760680128386,-16.33367352390911,0 -71.6174145886379,-16.333545331558,0 -71.61764608268651,-16.3332914529964,0 -71.6178338519009,-16.33335972611049,0 
							</coordinates>
						</LinearRing>
					</outerBoundaryIs>
				</Polygon>
			</Placemark>
			<Placemark>
				<name>1.4.320-24</name>
				<styleUrl>#msn_ylw-pushpin51111002</styleUrl>
				<Polygon>
					<tessellate>1</tessellate>
					<outerBoundaryIs>
						<LinearRing>
							<coordinates>
								-71.61764703076682,-16.33280679565853,0 -71.61758231953516,-16.3328767562137,0 -71.6175414805118,-16.3330031445971,0 -71.61756711877879,-16.33312399522955,0 -71.61758828685964,-16.33322334778472,0 -71.61727668739117,-16.33340940783136,0 -71.61720504432847,-16.3332299728219,0 -71.61718515945222,-16.33309893836163,0 -71.61717386641585,-16.33297803325698,0 -71.61719790542377,-16.33286087579518,0 -71.61722386580892,-16.33276678197506,0 -71.61728184591874,-16.33268462852963,0 -71.6173370792042,-16.33260538402661,0 -71.61741702164559,-16.33251392161072,0 -71.61748824138836,-16.33244392535253,0 -71.61773638165715,-16.33271402963726,0 -71.61764703076682,-16.33280679565853,0 
							</coordinates>
						</LinearRing>
					</outerBoundaryIs>
				</Polygon>
			</Placemark>
			<Placemark>
				<name>1.4.320-25</name>
				<styleUrl>#msn_ylw-pushpin51111002</styleUrl>
				<Polygon>
					<tessellate>1</tessellate>
					<outerBoundaryIs>
						<LinearRing>
							<coordinates>
								-71.61728424898888,-16.33245428305998,0 -71.61716145936339,-16.33261461586441,0 -71.61711035953418,-16.33275576316117,0 -71.61708606395827,-16.33294940841999,0 -71.6170775028946,-16.33312243198114,0 -71.61712207417804,-16.3332976742573,0 -71.6172119531535,-16.33348443027064,0 -71.61690518592611,-16.33366181874943,0 -71.61674944728182,-16.33345152095009,0 -71.61671810737211,-16.33328524727808,0 -71.61669120713361,-16.33304864219786,0 -71.61668898686911,-16.33286609897721,0 -71.61673437576252,-16.33267178582233,0 -71.61680847269889,-16.33248257083003,0 -71.61690943137647,-16.33232136384608,0 -71.6171338390329,-16.33209326084936,0 -71.61741370911895,-16.33233199021442,0 -71.61728424898888,-16.33245428305998,0 
							</coordinates>
						</LinearRing>
					</outerBoundaryIs>
				</Polygon>
			</Placemark>
			<Placemark>
				<name>1.4.320-26</name>
				<styleUrl>#msn_ylw-pushpin51111002</styleUrl>
				<Polygon>
					<tessellate>1</tessellate>
					<outerBoundaryIs>
						<LinearRing>
							<coordinates>
								-71.61641530234593,-16.3327672688365,0 -71.61658845600104,-16.33295620563988,0 -71.61659503610461,-16.33306883313741,0 -71.61660710640983,-16.33315924593813,0 -71.61661707560098,-16.33326815496116,0 -71.61665009066365,-16.33337911882467,0 -71.61667949086716,-16.33350186972389,0 -71.61673768281962,-16.33361850831133,0 -71.61658252963366,-16.33368405180028,0 -71.61651542286792,-16.33360727511841,0 -71.61644657479268,-16.33345757795662,0 -71.61642142763479,-16.33327094137008,0 -71.61638469720326,-16.33305989705672,0 -71.61636904823298,-16.33287579697089,0 -71.61641530234593,-16.3327672688365,0 
							</coordinates>
						</LinearRing>
					</outerBoundaryIs>
				</Polygon>
			</Placemark>
			<Placemark>
				<name>1.4.320-27</name>
				<styleUrl>#msn_ylw-pushpin51111002</styleUrl>
				<Polygon>
					<tessellate>1</tessellate>
					<outerBoundaryIs>
						<LinearRing>
							<coordinates>
								-71.61709373101424,-16.3319993116471,0 -71.61692599063304,-16.33215714390895,0 -71.61676439679594,-16.3323663295917,0 -71.61659499118049,-16.3328119631557,0 -71.6164404483073,-16.33265915755584,0 -71.61654108572782,-16.33238282044961,0 -71.61638451740876,-16.33222206575278,0 -71.61647454110525,-16.33214196752831,0 -71.61658662139011,-16.33195783275509,0 -71.61668265224658,-16.33179567244888,0 -71.61676494268961,-16.33163603928743,0 -71.61709373101424,-16.3319993116471,0 
							</coordinates>
						</LinearRing>
					</outerBoundaryIs>
				</Polygon>
			</Placemark>
			<Placemark>
				<name>1.4.320-28</name>
				<styleUrl>#msn_ylw-pushpin51111002</styleUrl>
				<Polygon>
					<tessellate>1</tessellate>
					<outerBoundaryIs>
						<LinearRing>
							<coordinates>
								-71.61686642473684,-16.33135754514042,0 -71.61697114231274,-16.33148439342364,0 -71.61712504699325,-16.33141671339808,0 -71.61742598690472,-16.33176751653644,0 -71.61718576724897,-16.3319579088558,0 -71.61684437870534,-16.33159639868319,0 -71.61675892635594,-16.33147033302603,0 -71.61671239778295,-16.33126679737074,0 -71.61686642473684,-16.33135754514042,0 
							</coordinates>
						</LinearRing>
					</outerBoundaryIs>
				</Polygon>
			</Placemark>
			<Placemark>
				<name>1.4.320-29</name>
				<styleUrl>#msn_ylw-pushpin51111002</styleUrl>
				<Polygon>
					<tessellate>1</tessellate>
					<outerBoundaryIs>
						<LinearRing>
							<coordinates>
								-71.61777412035619,-16.33217395085418,0 -71.61799355107136,-16.33234145240922,0 -71.61802627076591,-16.33243300104118,0 -71.61797701252057,-16.33267611938328,0 -71.61781395456886,-16.33265602922527,0 -71.61723061259916,-16.33203101485348,0 -71.61747149608405,-16.3318075257515,0 -71.61777412035619,-16.33217395085418,0 
							</coordinates>
						</LinearRing>
					</outerBoundaryIs>
				</Polygon>
			</Placemark>
			<Placemark>
				<name>1.4.320-31</name>
				<styleUrl>#msn_ylw-pushpin51111002</styleUrl>
				<Polygon>
					<tessellate>1</tessellate>
					<outerBoundaryIs>
						<LinearRing>
							<coordinates>
								-71.61795386052167,-16.33177135670972,0 -71.61771586672978,-16.33196614940073,0 -71.61753714057517,-16.33176830209645,0 -71.61776306147006,-16.33156093398833,0 -71.61795386052167,-16.33177135670972,0 
							</coordinates>
						</LinearRing>
					</outerBoundaryIs>
				</Polygon>
			</Placemark>
			<Placemark>
				<name>1.4.320-32</name>
				<styleUrl>#msn_ylw-pushpin51111002</styleUrl>
				<Polygon>
					<tessellate>1</tessellate>
					<outerBoundaryIs>
						<LinearRing>
							<coordinates>
								-71.61766263367521,-16.33148387177323,0 -71.61769441253006,-16.33152710307997,0 -71.61747588370871,-16.33170491570763,0 -71.6172086703252,-16.33140624093861,0 -71.61766263367521,-16.33148387177323,0 
							</coordinates>
						</LinearRing>
					</outerBoundaryIs>
				</Polygon>
			</Placemark>
			<Placemark>
				<name>1.4.320-33</name>
				<styleUrl>#msn_ylw-pushpin51111002</styleUrl>
				<Polygon>
					<tessellate>1</tessellate>
					<outerBoundaryIs>
						<LinearRing>
							<coordinates>
								-71.61788013121114,-16.33144503448931,0 -71.61798785708054,-16.33148442465117,0 -71.61808184555183,-16.33160885927587,0 -71.61795946765336,-16.33170921106426,0 -71.61779069908972,-16.3314829421312,0 -71.61788013121114,-16.33144503448931,0 
							</coordinates>
						</LinearRing>
					</outerBoundaryIs>
				</Polygon>
			</Placemark>
			<Placemark>
				<name>1.4.320-34</name>
				<styleUrl>#msn_ylw-pushpin51111002</styleUrl>
				<ExtendedData>
					<SchemaData schemaUrl="#S_yura_poligono_DSSSSDDDDS00100">
						<SimpleData name="fid">40553</SimpleData>
						<SimpleData name="handle">268238</SimpleData>
						<SimpleData name="block">-1</SimpleData>
						<SimpleData name="etype">18</SimpleData>
						<SimpleData name="space">0</SimpleData>
						<SimpleData name="layer">MANZANAS</SimpleData>
						<SimpleData name="olinetype">bylayer</SimpleData>
						<SimpleData name="linetype"></SimpleData>
						<SimpleData name="color">127,127,255,255</SimpleData>
						<SimpleData name="ocolor">256</SimpleData>
						<SimpleData name="color24">-1</SimpleData>
						<SimpleData name="transparen">0</SimpleData>
						<SimpleData name="lweight">-1</SimpleData>
						<SimpleData name="linewidth">0.15</SimpleData>
						<SimpleData name="ltscale">1</SimpleData>
						<SimpleData name="visible">1</SimpleData>
						<SimpleData name="width">0</SimpleData>
						<SimpleData name="thickness">0</SimpleData>
						<SimpleData name="ext">(3:0,0,0.1)</SimpleData>
					</SchemaData>
				</ExtendedData>
				<Polygon>
					<outerBoundaryIs>
						<LinearRing>
							<coordinates>
								-71.61809504271686,-16.33118373309394,0 -71.61805190030805,-16.33140470764702,0 -71.61722986541142,-16.33134430426901,0 -71.61646469344925,-16.33107463753641,0 -71.61651255933461,-16.33088544392058,0 -71.6172146422398,-16.33104264228397,0 -71.61809504271686,-16.33118373309394,0 
							</coordinates>
						</LinearRing>
					</outerBoundaryIs>
				</Polygon>
			</Placemark>
			<Placemark>
				<name>1.4.320-35</name>
				<styleUrl>#msn_ylw-pushpin51111002</styleUrl>
				<ExtendedData>
					<SchemaData schemaUrl="#S_yura_poligono_DSSSSDDDDS00100">
						<SimpleData name="fid">26765</SimpleData>
						<SimpleData name="handle">238024</SimpleData>
						<SimpleData name="block">-1</SimpleData>
						<SimpleData name="etype">18</SimpleData>
						<SimpleData name="space">0</SimpleData>
						<SimpleData name="layer">MANZANAS</SimpleData>
						<SimpleData name="olinetype">bylayer</SimpleData>
						<SimpleData name="linetype"></SimpleData>
						<SimpleData name="color">127,127,255,255</SimpleData>
						<SimpleData name="ocolor">256</SimpleData>
						<SimpleData name="color24">-1</SimpleData>
						<SimpleData name="transparen">0</SimpleData>
						<SimpleData name="lweight">-1</SimpleData>
						<SimpleData name="linewidth">0.15</SimpleData>
						<SimpleData name="ltscale">1</SimpleData>
						<SimpleData name="visible">1</SimpleData>
						<SimpleData name="width">0</SimpleData>
						<SimpleData name="thickness">0</SimpleData>
						<SimpleData name="ext">(3:0,0,0.1)</SimpleData>
					</SchemaData>
				</ExtendedData>
				<Polygon>
					<outerBoundaryIs>
						<LinearRing>
							<coordinates>
								-71.61713597982514,-16.33057153499679,0 -71.61707702420057,-16.33091212323406,0 -71.61596972129819,-16.33073597695574,0 -71.6160274244627,-16.3303733419322,0 -71.61713597982514,-16.33057153499679,0 
							</coordinates>
						</LinearRing>
					</outerBoundaryIs>
				</Polygon>
			</Placemark>
			<Placemark>
				<name>1.4.320-36</name>
				<styleUrl>#msn_ylw-pushpin51111002</styleUrl>
				<ExtendedData>
					<SchemaData schemaUrl="#S_yura_poligono_DSSSSDDDDS00100">
						<SimpleData name="fid">40555</SimpleData>
						<SimpleData name="handle">268240</SimpleData>
						<SimpleData name="block">-1</SimpleData>
						<SimpleData name="etype">18</SimpleData>
						<SimpleData name="space">0</SimpleData>
						<SimpleData name="layer">MANZANAS</SimpleData>
						<SimpleData name="olinetype">bylayer</SimpleData>
						<SimpleData name="linetype"></SimpleData>
						<SimpleData name="color">127,127,255,255</SimpleData>
						<SimpleData name="ocolor">256</SimpleData>
						<SimpleData name="color24">-1</SimpleData>
						<SimpleData name="transparen">0</SimpleData>
						<SimpleData name="lweight">-1</SimpleData>
						<SimpleData name="linewidth">0.15</SimpleData>
						<SimpleData name="ltscale">1</SimpleData>
						<SimpleData name="visible">1</SimpleData>
						<SimpleData name="width">0</SimpleData>
						<SimpleData name="thickness">0</SimpleData>
						<SimpleData name="ext">(3:0,0,0.1)</SimpleData>
					</SchemaData>
				</ExtendedData>
				<Polygon>
					<outerBoundaryIs>
						<LinearRing>
							<coordinates>
								-71.61765283525285,-16.33101138688621,0 -71.6171725781722,-16.33093718989266,0 -71.61722510773137,-16.33056585638176,0 -71.61772264922409,-16.33065961936551,0 -71.61765283525285,-16.33101138688621,0 
							</coordinates>
						</LinearRing>
					</outerBoundaryIs>
				</Polygon>
			</Placemark>
			<Placemark>
				<name>1.4.320-37</name>
				<styleUrl>#msn_ylw-pushpin51111002</styleUrl>
				<Polygon>
					<tessellate>1</tessellate>
					<outerBoundaryIs>
						<LinearRing>
							<coordinates>
								-71.61821734446612,-16.33064684372266,0 -71.61782771983131,-16.33057114566721,0 -71.61787493937803,-16.3302174096515,0 -71.61827771860661,-16.33027885365311,0 -71.61821734446612,-16.33064684372266,0 
							</coordinates>
						</LinearRing>
					</outerBoundaryIs>
				</Polygon>
			</Placemark>
			<Placemark>
				<name>1.4.320-38</name>
				<styleUrl>#msn_ylw-pushpin51111002</styleUrl>
				<Polygon>
					<tessellate>1</tessellate>
					<outerBoundaryIs>
						<LinearRing>
							<coordinates>
								-71.61789172016944,-16.32997426556109,0 -71.6178329858099,-16.32980909825913,0 -71.61774815006567,-16.32969845826059,0 -71.61760282822725,-16.32957837983342,0 -71.61736765393789,-16.32947638807426,0 -71.6174555805982,-16.32913915262753,0 -71.61776457886027,-16.3292480889478,0 -71.61799739049742,-16.32942099988549,0 -71.61814353149732,-16.3295903581696,0 -71.6182515436215,-16.32980101196745,0 -71.61830048357966,-16.33002594662494,0 -71.61826008185859,-16.330233081706,0 -71.61788806772073,-16.33016829094001,0 -71.61789172016944,-16.32997426556109,0 
							</coordinates>
						</LinearRing>
					</outerBoundaryIs>
				</Polygon>
			</Placemark>
			<Placemark>
				<name>1.4.320-39</name>
				<styleUrl>#msn_ylw-pushpin51111002</styleUrl>
				<Polygon>
					<tessellate>1</tessellate>
					<outerBoundaryIs>
						<LinearRing>
							<coordinates>
								-71.61706046749953,-16.32948273906571,0 -71.61684884171962,-16.32958718498306,0 -71.61662843272227,-16.32974891454707,0 -71.61643120537796,-16.32990731850123,0 -71.61620251739664,-16.32961611034965,0 -71.61655743559032,-16.32934875727116,0 -71.61669667352068,-16.32925525031616,0 -71.61683126154388,-16.32917636670435,0 -71.61702621357853,-16.32912608921825,0 -71.6173620760393,-16.32913189753232,0 -71.61730156090094,-16.32947939660401,0 -71.61706046749953,-16.32948273906571,0 
							</coordinates>
						</LinearRing>
					</outerBoundaryIs>
				</Polygon>
			</Placemark>
			<Placemark>
				<name>1.4.320-40</name>
				<styleUrl>#msn_ylw-pushpin51111002</styleUrl>
				<Polygon>
					<tessellate>1</tessellate>
					<outerBoundaryIs>
						<LinearRing>
							<coordinates>
								-71.61644642300804,-16.32931842613912,0 -71.61572817339766,-16.32993959425519,0 -71.61560965028254,-16.32978310128901,0 -71.61593707167935,-16.32947199446572,0 -71.61633696788338,-16.3291830512755,0 -71.61644642300804,-16.32931842613912,0 
							</coordinates>
						</LinearRing>
					</outerBoundaryIs>
				</Polygon>
			</Placemark>
			<Placemark>
				<name>1.4.320-41</name>
				<styleUrl>#msn_ylw-pushpin51111002</styleUrl>
				<Polygon>
					<tessellate>1</tessellate>
					<outerBoundaryIs>
						<LinearRing>
							<coordinates>
								-71.61833549497887,-16.32980481973126,0 -71.61827868638784,-16.32968529228193,0 -71.61817115760762,-16.32949019464265,0 -71.61804210794763,-16.32932067314599,0 -71.61785625011501,-16.32919533589749,0 -71.61758566898685,-16.32906600341447,0 -71.61743654319352,-16.32903009902572,0 -71.61721286774592,-16.32902392627544,0 -71.61704215892118,-16.3290383474739,0 -71.61689698021205,-16.32910204362969,0 -71.61677468336147,-16.3291223008906,0 -71.61661449948679,-16.32891900763691,0 -71.61669948824084,-16.32879408592747,0 -71.61682364632577,-16.32861355020661,0 -71.6172843327698,-16.32879484363313,0 -71.61758442432813,-16.32894031523925,0 -71.61782952186525,-16.32903062585217,0 -71.61803015271408,-16.3291685084415,0 -71.61804390492098,-16.32918465177319,0 -71.61820247671471,-16.32932356091291,0 -71.61828228948949,-16.32942959592805,0 -71.61835419318768,-16.3295163180791,0 -71.61840623199335,-16.3296855469323,0 -71.61842297933877,-16.32977053362649,0 -71.61833549497887,-16.32980481973126,0 
							</coordinates>
						</LinearRing>
					</outerBoundaryIs>
				</Polygon>
			</Placemark>
			<Placemark>
				<name>1.4.321-2</name>
				<styleUrl>#msn_ylw-pushpin51111002</styleUrl>
				<ExtendedData>
					<SchemaData schemaUrl="#S_yura_poligono_DSSSSDDDDS00100">
						<SimpleData name="fid">40546</SimpleData>
						<SimpleData name="handle">268231</SimpleData>
						<SimpleData name="block">-1</SimpleData>
						<SimpleData name="etype">18</SimpleData>
						<SimpleData name="space">0</SimpleData>
						<SimpleData name="layer">MANZANAS</SimpleData>
						<SimpleData name="olinetype">bylayer</SimpleData>
						<SimpleData name="linetype"></SimpleData>
						<SimpleData name="color">127,127,255,255</SimpleData>
						<SimpleData name="ocolor">256</SimpleData>
						<SimpleData name="color24">-1</SimpleData>
						<SimpleData name="transparen">0</SimpleData>
						<SimpleData name="lweight">-1</SimpleData>
						<SimpleData name="linewidth">0.15</SimpleData>
						<SimpleData name="ltscale">1</SimpleData>
						<SimpleData name="visible">1</SimpleData>
						<SimpleData name="width">0</SimpleData>
						<SimpleData name="thickness">0</SimpleData>
						<SimpleData name="ext">(3:0,0,0.1)</SimpleData>
					</SchemaData>
				</ExtendedData>
				<Polygon>
					<outerBoundaryIs>
						<LinearRing>
							<coordinates>
								-71.62062752678607,-16.32804836828201,0 -71.61997939293902,-16.32837241772278,0 -71.61996024101146,-16.32842295713417,0 -71.61983427043329,-16.32849756887786,0 -71.6196549505752,-16.32860843457593,0 -71.61942376251602,-16.32820920934124,0 -71.62044196422524,-16.32771592519669,0 -71.62062752678607,-16.32804836828201,0 
							</coordinates>
						</LinearRing>
					</outerBoundaryIs>
				</Polygon>
			</Placemark>
			<Placemark>
				<name>1.4.321-3</name>
				<styleUrl>#msn_ylw-pushpin51111002</styleUrl>
				<ExtendedData>
					<SchemaData schemaUrl="#S_yura_poligono_DSSSSDDDDS00100">
						<SimpleData name="fid">40549</SimpleData>
						<SimpleData name="handle">268234</SimpleData>
						<SimpleData name="block">-1</SimpleData>
						<SimpleData name="etype">18</SimpleData>
						<SimpleData name="space">0</SimpleData>
						<SimpleData name="layer">MANZANAS</SimpleData>
						<SimpleData name="olinetype">bylayer</SimpleData>
						<SimpleData name="linetype"></SimpleData>
						<SimpleData name="color">127,127,255,255</SimpleData>
						<SimpleData name="ocolor">256</SimpleData>
						<SimpleData name="color24">-1</SimpleData>
						<SimpleData name="transparen">0</SimpleData>
						<SimpleData name="lweight">-1</SimpleData>
						<SimpleData name="linewidth">0.15</SimpleData>
						<SimpleData name="ltscale">1</SimpleData>
						<SimpleData name="visible">1</SimpleData>
						<SimpleData name="width">0</SimpleData>
						<SimpleData name="thickness">0</SimpleData>
						<SimpleData name="ext">(3:0,0,0.1)</SimpleData>
					</SchemaData>
				</ExtendedData>
				<Polygon>
					<outerBoundaryIs>
						<LinearRing>
							<coordinates>
								-71.62040531557024,-16.32950597472307,0 -71.62023591252722,-16.32961189864803,0 -71.61968668772037,-16.32863794509357,0 -71.61984346783113,-16.32855428649449,0 -71.62040531557024,-16.32950597472307,0 
							</coordinates>
						</LinearRing>
					</outerBoundaryIs>
				</Polygon>
			</Placemark>
			<Placemark>
				<name>1.4.321-4</name>
				<styleUrl>#msn_ylw-pushpin51111002</styleUrl>
				<ExtendedData>
					<SchemaData schemaUrl="#S_yura_poligono_DSSSSDDDDS00100">
						<SimpleData name="fid">40539</SimpleData>
						<SimpleData name="handle">268224</SimpleData>
						<SimpleData name="block">-1</SimpleData>
						<SimpleData name="etype">18</SimpleData>
						<SimpleData name="space">0</SimpleData>
						<SimpleData name="layer">MANZANAS</SimpleData>
						<SimpleData name="olinetype">bylayer</SimpleData>
						<SimpleData name="linetype"></SimpleData>
						<SimpleData name="color">127,127,255,255</SimpleData>
						<SimpleData name="ocolor">256</SimpleData>
						<SimpleData name="color24">-1</SimpleData>
						<SimpleData name="transparen">0</SimpleData>
						<SimpleData name="lweight">-1</SimpleData>
						<SimpleData name="linewidth">0.15</SimpleData>
						<SimpleData name="ltscale">1</SimpleData>
						<SimpleData name="visible">1</SimpleData>
						<SimpleData name="width">0</SimpleData>
						<SimpleData name="thickness">0</SimpleData>
						<SimpleData name="ext">(3:0,0,0.1)</SimpleData>
					</SchemaData>
				</ExtendedData>
				<Polygon>
					<outerBoundaryIs>
						<LinearRing>
							<coordinates>
								-71.62080254669532,-16.32927120704563,0 -71.62048828969239,-16.32944528794299,0 -71.61993167999609,-16.32849437754535,0 -71.62027161058957,-16.32833493984654,0 -71.62080254669532,-16.32927120704563,0 
							</coordinates>
						</LinearRing>
					</outerBoundaryIs>
				</Polygon>
			</Placemark>
			<Placemark>
				<name>1.4.321-5</name>
				<styleUrl>#msn_ylw-pushpin51111002</styleUrl>
				<ExtendedData>
					<SchemaData schemaUrl="#S_yura_poligono_DSSSSDDDDS00100">
						<SimpleData name="fid">40547</SimpleData>
						<SimpleData name="handle">268232</SimpleData>
						<SimpleData name="block">-1</SimpleData>
						<SimpleData name="etype">18</SimpleData>
						<SimpleData name="space">0</SimpleData>
						<SimpleData name="layer">MANZANAS</SimpleData>
						<SimpleData name="olinetype">bylayer</SimpleData>
						<SimpleData name="linetype"></SimpleData>
						<SimpleData name="color">127,127,255,255</SimpleData>
						<SimpleData name="ocolor">256</SimpleData>
						<SimpleData name="color24">-1</SimpleData>
						<SimpleData name="transparen">0</SimpleData>
						<SimpleData name="lweight">-1</SimpleData>
						<SimpleData name="linewidth">0.15</SimpleData>
						<SimpleData name="ltscale">1</SimpleData>
						<SimpleData name="visible">1</SimpleData>
						<SimpleData name="width">0</SimpleData>
						<SimpleData name="thickness">0</SimpleData>
						<SimpleData name="ext">(3:0,0,0.1)</SimpleData>
					</SchemaData>
				</ExtendedData>
				<Polygon>
					<outerBoundaryIs>
						<LinearRing>
							<coordinates>
								-71.62122496012947,-16.32905408667502,0 -71.62089497807811,-16.32924666469906,0 -71.62034152805445,-16.32828847824333,0 -71.62068230558319,-16.32810843274576,0 -71.62122496012947,-16.32905408667502,0 
							</coordinates>
						</LinearRing>
					</outerBoundaryIs>
				</Polygon>
			</Placemark>
			<Placemark>
				<name>1.4.321-6</name>
				<styleUrl>#msn_ylw-pushpin51111002</styleUrl>
				<ExtendedData>
					<SchemaData schemaUrl="#S_yura_poligono_DSSSSDDDDS00100">
						<SimpleData name="fid">40541</SimpleData>
						<SimpleData name="handle">268226</SimpleData>
						<SimpleData name="block">-1</SimpleData>
						<SimpleData name="etype">18</SimpleData>
						<SimpleData name="space">0</SimpleData>
						<SimpleData name="layer">MANZANAS</SimpleData>
						<SimpleData name="olinetype">bylayer</SimpleData>
						<SimpleData name="linetype"></SimpleData>
						<SimpleData name="color">127,127,255,255</SimpleData>
						<SimpleData name="ocolor">256</SimpleData>
						<SimpleData name="color24">-1</SimpleData>
						<SimpleData name="transparen">0</SimpleData>
						<SimpleData name="lweight">-1</SimpleData>
						<SimpleData name="linewidth">0.15</SimpleData>
						<SimpleData name="ltscale">1</SimpleData>
						<SimpleData name="visible">1</SimpleData>
						<SimpleData name="width">0</SimpleData>
						<SimpleData name="thickness">0</SimpleData>
						<SimpleData name="ext">(3:0,0,0.1)</SimpleData>
					</SchemaData>
				</ExtendedData>
				<Polygon>
					<outerBoundaryIs>
						<LinearRing>
							<coordinates>
								-71.62185811400477,-16.33017621224658,0 -71.62154037026669,-16.33032174183228,0 -71.62093527773425,-16.32931617004217,0 -71.62125745271878,-16.32911825642162,0 -71.62185811400477,-16.33017621224658,0 
							</coordinates>
						</LinearRing>
					</outerBoundaryIs>
				</Polygon>
			</Placemark>
			<Placemark>
				<name>1.4.321-7</name>
				<styleUrl>#msn_ylw-pushpin51111002</styleUrl>
				<ExtendedData>
					<SchemaData schemaUrl="#S_yura_poligono_DSSSSDDDDS00100">
						<SimpleData name="fid">40538</SimpleData>
						<SimpleData name="handle">268223</SimpleData>
						<SimpleData name="block">-1</SimpleData>
						<SimpleData name="etype">18</SimpleData>
						<SimpleData name="space">0</SimpleData>
						<SimpleData name="layer">MANZANAS</SimpleData>
						<SimpleData name="olinetype">bylayer</SimpleData>
						<SimpleData name="linetype"></SimpleData>
						<SimpleData name="color">127,127,255,255</SimpleData>
						<SimpleData name="ocolor">256</SimpleData>
						<SimpleData name="color24">-1</SimpleData>
						<SimpleData name="transparen">0</SimpleData>
						<SimpleData name="lweight">-1</SimpleData>
						<SimpleData name="linewidth">0.15</SimpleData>
						<SimpleData name="ltscale">1</SimpleData>
						<SimpleData name="visible">1</SimpleData>
						<SimpleData name="width">0</SimpleData>
						<SimpleData name="thickness">0</SimpleData>
						<SimpleData name="ext">(3:0,0,0.1)</SimpleData>
					</SchemaData>
				</ExtendedData>
				<Polygon>
					<outerBoundaryIs>
						<LinearRing>
							<coordinates>
								-71.6214418105811,-16.33038390081354,0 -71.62112147784015,-16.33056101986675,0 -71.62052355675593,-16.3295328912782,0 -71.62084069720908,-16.32935259728151,0 -71.6214418105811,-16.33038390081354,0 
							</coordinates>
						</LinearRing>
					</outerBoundaryIs>
				</Polygon>
			</Placemark>
			<Placemark>
				<name>1.4.321-8</name>
				<styleUrl>#msn_ylw-pushpin51111002</styleUrl>
				<ExtendedData>
					<SchemaData schemaUrl="#S_yura_poligono_DSSSSDDDDS00100">
						<SimpleData name="fid">40543</SimpleData>
						<SimpleData name="handle">268228</SimpleData>
						<SimpleData name="block">-1</SimpleData>
						<SimpleData name="etype">18</SimpleData>
						<SimpleData name="space">0</SimpleData>
						<SimpleData name="layer">MANZANAS</SimpleData>
						<SimpleData name="olinetype">bylayer</SimpleData>
						<SimpleData name="linetype"></SimpleData>
						<SimpleData name="color">127,127,255,255</SimpleData>
						<SimpleData name="ocolor">256</SimpleData>
						<SimpleData name="color24">-1</SimpleData>
						<SimpleData name="transparen">0</SimpleData>
						<SimpleData name="lweight">-1</SimpleData>
						<SimpleData name="linewidth">0.15</SimpleData>
						<SimpleData name="ltscale">1</SimpleData>
						<SimpleData name="visible">1</SimpleData>
						<SimpleData name="width">0</SimpleData>
						<SimpleData name="thickness">0</SimpleData>
						<SimpleData name="ext">(3:0,0,0.1)</SimpleData>
					</SchemaData>
				</ExtendedData>
				<Polygon>
					<outerBoundaryIs>
						<LinearRing>
							<coordinates>
								-71.62093332465214,-16.3304159954216,0 -71.62069211187762,-16.33039250210039,0 -71.62028401939239,-16.32965245898545,0 -71.62043812467476,-16.32958669206253,0 -71.62093332465214,-16.3304159954216,0 
							</coordinates>
						</LinearRing>
					</outerBoundaryIs>
				</Polygon>
			</Placemark>
			<Placemark>
				<name>1.4.321-9</name>
				<styleUrl>#msn_ylw-pushpin51111002</styleUrl>
				<Polygon>
					<tessellate>1</tessellate>
					<outerBoundaryIs>
						<LinearRing>
							<coordinates>
								-71.61992361531547,-16.33097804396891,0 -71.61957075472306,-16.33105749477865,0 -71.61954007551445,-16.33086025644979,0 -71.61953583547422,-16.33065623744681,0 -71.61966826175464,-16.33036325456306,0 -71.61980353131715,-16.33004161859538,0 -71.61993592334147,-16.32989855010387,0 -71.62009604665944,-16.32978627557106,0 -71.62026542271232,-16.33011888557851,0 -71.62011869622924,-16.33022683080779,0 -71.6200040105755,-16.33040106685027,0 -71.61993135315657,-16.33059800840113,0 -71.61989872626559,-16.33082341729628,0 -71.61992361531547,-16.33097804396891,0 
							</coordinates>
						</LinearRing>
					</outerBoundaryIs>
				</Polygon>
			</Placemark>
			<Placemark>
				<name>1.4.321-10</name>
				<styleUrl>#msn_ylw-pushpin51111002</styleUrl>
				<Polygon>
					<tessellate>1</tessellate>
					<outerBoundaryIs>
						<LinearRing>
							<coordinates>
								-71.62043601473123,-16.33059158135814,0 -71.62038446807861,-16.33074553156817,0 -71.62039784601816,-16.33089397821739,0 -71.620030955842,-16.33094221070643,0 -71.62001086579899,-16.33081725555943,0 -71.62002443009209,-16.33063699132784,0 -71.6200964481816,-16.33039766817202,0 -71.62030278318966,-16.3301732096664,0 -71.62050109697392,-16.33049911279942,0 -71.62043601473123,-16.33059158135814,0 
							</coordinates>
						</LinearRing>
					</outerBoundaryIs>
				</Polygon>
			</Placemark>
			<Placemark>
				<name>1.4.321-11</name>
				<styleUrl>#msn_ylw-pushpin51111002</styleUrl>
				<ExtendedData>
					<SchemaData schemaUrl="#S_yura_poligono_DSSSSDDDDS00100">
						<SimpleData name="fid">40540</SimpleData>
						<SimpleData name="handle">268225</SimpleData>
						<SimpleData name="block">-1</SimpleData>
						<SimpleData name="etype">18</SimpleData>
						<SimpleData name="space">0</SimpleData>
						<SimpleData name="layer">MANZANAS</SimpleData>
						<SimpleData name="olinetype">bylayer</SimpleData>
						<SimpleData name="linetype"></SimpleData>
						<SimpleData name="color">127,127,255,255</SimpleData>
						<SimpleData name="ocolor">256</SimpleData>
						<SimpleData name="color24">-1</SimpleData>
						<SimpleData name="transparen">0</SimpleData>
						<SimpleData name="lweight">-1</SimpleData>
						<SimpleData name="linewidth">0.15</SimpleData>
						<SimpleData name="ltscale">1</SimpleData>
						<SimpleData name="visible">1</SimpleData>
						<SimpleData name="width">0</SimpleData>
						<SimpleData name="thickness">0</SimpleData>
						<SimpleData name="ext">(3:0,0,0.1)</SimpleData>
					</SchemaData>
				</ExtendedData>
				<Polygon>
					<outerBoundaryIs>
						<LinearRing>
							<coordinates>
								-71.62096169001522,-16.33111052460968,0 -71.62114133810675,-16.33144140532497,0 -71.6208951004734,-16.33152574700073,0 -71.6206267940361,-16.33148627389591,0 -71.62036796107216,-16.33141366789594,0 -71.62052963185616,-16.33106481871605,0 -71.62073894905106,-16.33115588251606,0 -71.62096169001522,-16.33111052460968,0 
							</coordinates>
						</LinearRing>
					</outerBoundaryIs>
				</Polygon>
			</Placemark>
			<Placemark>
				<name>1.4.321-12</name>
				<styleUrl>#msn_ylw-pushpin51111002</styleUrl>
				<Polygon>
					<tessellate>1</tessellate>
					<outerBoundaryIs>
						<LinearRing>
							<coordinates>
								-71.62119540668951,-16.33150282542718,0 -71.62133484945214,-16.33183679549199,0 -71.62108452462043,-16.33194230269961,0 -71.62086026249162,-16.33198077291118,0 -71.62057610568807,-16.33196890492201,0 -71.62034251356535,-16.33189424114362,0 -71.62014344714524,-16.33181204094037,0 -71.6203144239016,-16.33150926485155,0 -71.62066474165562,-16.3315976531537,0 -71.62094020649427,-16.33161063608208,0 -71.62119540668951,-16.33150282542718,0 
							</coordinates>
						</LinearRing>
					</outerBoundaryIs>
				</Polygon>
			</Placemark>
			<Placemark>
				<name>1.4.321-13</name>
				<styleUrl>#msn_ylw-pushpin51111002</styleUrl>
				<ExtendedData>
					<SchemaData schemaUrl="#S_yura_poligono_DSSSSDDDDS00100">
						<SimpleData name="fid">40537</SimpleData>
						<SimpleData name="handle">268222</SimpleData>
						<SimpleData name="block">-1</SimpleData>
						<SimpleData name="etype">18</SimpleData>
						<SimpleData name="space">0</SimpleData>
						<SimpleData name="layer">MANZANAS</SimpleData>
						<SimpleData name="olinetype">bylayer</SimpleData>
						<SimpleData name="linetype"></SimpleData>
						<SimpleData name="color">127,127,255,255</SimpleData>
						<SimpleData name="ocolor">256</SimpleData>
						<SimpleData name="color24">-1</SimpleData>
						<SimpleData name="transparen">0</SimpleData>
						<SimpleData name="lweight">-1</SimpleData>
						<SimpleData name="linewidth">0.15</SimpleData>
						<SimpleData name="ltscale">1</SimpleData>
						<SimpleData name="visible">1</SimpleData>
						<SimpleData name="width">0</SimpleData>
						<SimpleData name="thickness">0</SimpleData>
						<SimpleData name="ext">(3:0,0,0.1)</SimpleData>
					</SchemaData>
				</ExtendedData>
				<Polygon>
					<outerBoundaryIs>
						<LinearRing>
							<coordinates>
								-71.62181247739133,-16.33147609706564,0 -71.62160330416656,-16.33167590018656,0 -71.6214065668631,-16.3318111493581,0 -71.62123240719806,-16.33149079219691,0 -71.62150259459997,-16.33127649218517,0 -71.62181247739133,-16.33147609706564,0 
							</coordinates>
						</LinearRing>
					</outerBoundaryIs>
				</Polygon>
			</Placemark>
			<Placemark>
				<name>1.4.321-14</name>
				<styleUrl>#msn_ylw-pushpin51111002</styleUrl>
				<ExtendedData>
					<SchemaData schemaUrl="#S_yura_poligono_DSSSSDDDDS00100">
						<SimpleData name="fid">40537</SimpleData>
						<SimpleData name="handle">268222</SimpleData>
						<SimpleData name="block">-1</SimpleData>
						<SimpleData name="etype">18</SimpleData>
						<SimpleData name="space">0</SimpleData>
						<SimpleData name="layer">MANZANAS</SimpleData>
						<SimpleData name="olinetype">bylayer</SimpleData>
						<SimpleData name="linetype"></SimpleData>
						<SimpleData name="color">127,127,255,255</SimpleData>
						<SimpleData name="ocolor">256</SimpleData>
						<SimpleData name="color24">-1</SimpleData>
						<SimpleData name="transparen">0</SimpleData>
						<SimpleData name="lweight">-1</SimpleData>
						<SimpleData name="linewidth">0.15</SimpleData>
						<SimpleData name="ltscale">1</SimpleData>
						<SimpleData name="visible">1</SimpleData>
						<SimpleData name="width">0</SimpleData>
						<SimpleData name="thickness">0</SimpleData>
						<SimpleData name="ext">(3:0,0,0.1)</SimpleData>
					</SchemaData>
				</ExtendedData>
				<Polygon>
					<outerBoundaryIs>
						<LinearRing>
							<coordinates>
								-71.62140333523577,-16.33121632050581,0 -71.62118586516181,-16.33141306321631,0 -71.6210067443032,-16.33109982510278,0 -71.62110164818662,-16.33098755121991,0 -71.62140333523577,-16.33121632050581,0 
							</coordinates>
						</LinearRing>
					</outerBoundaryIs>
				</Polygon>
			</Placemark>
			<Placemark>
				<name>1.4.321-16</name>
				<styleUrl>#msn_ylw-pushpin51111002</styleUrl>
				<ExtendedData>
					<SchemaData schemaUrl="#S_yura_poligono_DSSSSDDDDS00100">
						<SimpleData name="fid">40536</SimpleData>
						<SimpleData name="handle">268221</SimpleData>
						<SimpleData name="block">-1</SimpleData>
						<SimpleData name="etype">18</SimpleData>
						<SimpleData name="space">0</SimpleData>
						<SimpleData name="layer">MANZANAS</SimpleData>
						<SimpleData name="olinetype">bylayer</SimpleData>
						<SimpleData name="linetype"></SimpleData>
						<SimpleData name="color">127,127,255,255</SimpleData>
						<SimpleData name="ocolor">256</SimpleData>
						<SimpleData name="color24">-1</SimpleData>
						<SimpleData name="transparen">0</SimpleData>
						<SimpleData name="lweight">-1</SimpleData>
						<SimpleData name="linewidth">0.15</SimpleData>
						<SimpleData name="ltscale">1</SimpleData>
						<SimpleData name="visible">1</SimpleData>
						<SimpleData name="width">0</SimpleData>
						<SimpleData name="thickness">0</SimpleData>
						<SimpleData name="ext">(3:0,0,0.1)</SimpleData>
					</SchemaData>
				</ExtendedData>
				<Polygon>
					<outerBoundaryIs>
						<LinearRing>
							<coordinates>
								-71.62197399265547,-16.33038818944436,0 -71.62203316839017,-16.33070703184812,0 -71.62202329378258,-16.33098716932659,0 -71.62196272803004,-16.3311857146192,0 -71.62160301500684,-16.3310788259555,0 -71.62166004140339,-16.33079312582106,0 -71.62163018153268,-16.33056180560184,0 -71.6215494895502,-16.33040261879708,0 -71.62189640293413,-16.33020421674654,0 -71.62197399265547,-16.33038818944436,0 
							</coordinates>
						</LinearRing>
					</outerBoundaryIs>
				</Polygon>
			</Placemark>
			<Placemark>
				<name>1.4.321-18</name>
				<styleUrl>#msn_ylw-pushpin51111002</styleUrl>
				<Polygon>
					<tessellate>1</tessellate>
					<outerBoundaryIs>
						<LinearRing>
							<coordinates>
								-71.62159488862073,-16.3320893930125,0 -71.62144955980844,-16.33189909939752,0 -71.62173000524145,-16.33171055929746,0 -71.62186693152375,-16.33153419443568,0 -71.62215916158343,-16.33175218744136,0 -71.62228418252417,-16.33188641278044,0 -71.62159488862073,-16.3320893930125,0 
							</coordinates>
						</LinearRing>
					</outerBoundaryIs>
				</Polygon>
			</Placemark>
			<Placemark>
				<name>1.4.321-19</name>
				<styleUrl>#msn_ylw-pushpin51111002</styleUrl>
				<Polygon>
					<tessellate>1</tessellate>
					<outerBoundaryIs>
						<LinearRing>
							<coordinates>
								-71.6224364371555,-16.33144678324973,0 -71.62285140145568,-16.3318420915252,0 -71.62258748996386,-16.33210527403575,0 -71.62221595933774,-16.3317354201912,0 -71.6224364371555,-16.33144678324973,0 
							</coordinates>
						</LinearRing>
					</outerBoundaryIs>
				</Polygon>
			</Placemark>
			<Placemark>
				<name>1.4.321-20</name>
				<styleUrl>#msn_ylw-pushpin51111002</styleUrl>
				<Polygon>
					<tessellate>1</tessellate>
					<outerBoundaryIs>
						<LinearRing>
							<coordinates>
								-71.62318522537166,-16.33153278961683,0 -71.62291630574195,-16.33178221759655,0 -71.62244719355573,-16.33134931001847,0 -71.62238793183388,-16.33130330684606,0 -71.62245109328673,-16.33109162248463,0 -71.62301242890121,-16.33135437826473,0 -71.62318522537166,-16.33153278961683,0 
							</coordinates>
						</LinearRing>
					</outerBoundaryIs>
				</Polygon>
			</Placemark>
			<Placemark>
				<name>1.4.321-24</name>
				<styleUrl>#msn_ylw-pushpin51111002</styleUrl>
				<Polygon>
					<tessellate>1</tessellate>
					<outerBoundaryIs>
						<LinearRing>
							<coordinates>
								-71.62291229609586,-16.33191486206187,0 -71.62351395931816,-16.33246930588933,0 -71.62344122567401,-16.33255461860331,0 -71.62265376433113,-16.33215615781216,0 -71.62291229609586,-16.33191486206187,0 
							</coordinates>
						</LinearRing>
					</outerBoundaryIs>
				</Polygon>
			</Placemark>
			<Placemark>
				<name>1.4.322-1</name>
				<styleUrl>#msn_ylw-pushpin51111002</styleUrl>
				<Polygon>
					<tessellate>1</tessellate>
					<outerBoundaryIs>
						<LinearRing>
							<coordinates>
								-71.61247743801886,-16.33014678945204,0 -71.61210952227925,-16.33043454926267,0 -71.61199873359428,-16.33005130957882,0 -71.61232492206146,-16.32996541350078,0 -71.61247743801886,-16.33014678945204,0 
							</coordinates>
						</LinearRing>
					</outerBoundaryIs>
				</Polygon>
			</Placemark>
			<Placemark>
				<name>1.4.322-2</name>
				<styleUrl>#msn_ylw-pushpin51111002</styleUrl>
				<Polygon>
					<tessellate>1</tessellate>
					<outerBoundaryIs>
						<LinearRing>
							<coordinates>
								-71.61271071554499,-16.33042170757975,0 -71.6122210884529,-16.33081669735785,0 -71.61213138305732,-16.33049091270554,0 -71.6125007738728,-16.33017767843643,0 -71.61271071554499,-16.33042170757975,0 
							</coordinates>
						</LinearRing>
					</outerBoundaryIs>
				</Polygon>
			</Placemark>
			<Placemark>
				<name>1.4.322-3</name>
				<styleUrl>#msn_ylw-pushpin51111002</styleUrl>
				<Polygon>
					<tessellate>1</tessellate>
					<outerBoundaryIs>
						<LinearRing>
							<coordinates>
								-71.61294793441792,-16.33070380690782,0 -71.61241328664192,-16.33113582397792,0 -71.61225112546053,-16.33095670013377,0 -71.61223640183302,-16.33088153440103,0 -71.61275026653945,-16.33046292965036,0 -71.61294793441792,-16.33070380690782,0 
							</coordinates>
						</LinearRing>
					</outerBoundaryIs>
				</Polygon>
			</Placemark>
			<Placemark>
				<name>1.4.322-4</name>
				<styleUrl>#msn_ylw-pushpin51111002</styleUrl>
				<Polygon>
					<tessellate>1</tessellate>
					<outerBoundaryIs>
						<LinearRing>
							<coordinates>
								-71.61300607364802,-16.3307624611887,0 -71.61320392236989,-16.33098823282846,0 -71.61315723789765,-16.33102328222583,0 -71.61311910646486,-16.33107063401744,0 -71.61309341362667,-16.33111806310929,0 -71.61307290118482,-16.33115830521781,0 -71.61302801149519,-16.33121284460779,0 -71.61264150148469,-16.3312674636449,0 -71.61217644940101,-16.33137281354089,0 -71.61207909765538,-16.33107209218243,0 -71.61219382685417,-16.33103679120127,0 -71.61229353829206,-16.3310536871668,0 -71.61235704933988,-16.33111888780369,0 -71.61237455389347,-16.3311772917836,0 -71.61253961241485,-16.33114474957675,0 -71.61265657929829,-16.33103638448895,0 -71.61292634169149,-16.33081953317376,0 -71.61300607364802,-16.3307624611887,0 
							</coordinates>
						</LinearRing>
					</outerBoundaryIs>
				</Polygon>
			</Placemark>
			<Placemark>
				<name>1.4.322-5</name>
				<styleUrl>#msn_ylw-pushpin51111002</styleUrl>
				<Polygon>
					<tessellate>1</tessellate>
					<outerBoundaryIs>
						<LinearRing>
							<coordinates>
								-71.6121336274073,-16.33069510609294,0 -71.61221617898873,-16.33099985848892,0 -71.61202101331143,-16.33097897376871,0 -71.61201630743449,-16.33092837080858,0 -71.61201809942158,-16.33092516076142,0 -71.61187955629593,-16.33093737714679,0 -71.6118263625647,-16.33076032578611,0 -71.61210193755761,-16.33067707879199,0 -71.6121336274073,-16.33069510609294,0 
							</coordinates>
						</LinearRing>
					</outerBoundaryIs>
				</Polygon>
			</Placemark>
			<Placemark>
				<name>1.4.322-6</name>
				<styleUrl>#msn_ylw-pushpin51111002</styleUrl>
				<Polygon>
					<tessellate>1</tessellate>
					<outerBoundaryIs>
						<LinearRing>
							<coordinates>
								-71.61209392778065,-16.33060878282944,0 -71.61195610970235,-16.33065156771977,0 -71.61178970391879,-16.33069219824774,0 -71.6116374670144,-16.33014334483057,0 -71.61194487667125,-16.33008383339142,0 -71.61209392778065,-16.33060878282944,0 
							</coordinates>
						</LinearRing>
					</outerBoundaryIs>
				</Polygon>
			</Placemark>
			<Placemark>
				<name>1.4.322-7</name>
				<styleUrl>#msn_ylw-pushpin51111002</styleUrl>
				<Polygon>
					<tessellate>1</tessellate>
					<outerBoundaryIs>
						<LinearRing>
							<coordinates>
								-71.61174906919749,-16.33068921018307,0 -71.61141162287409,-16.33077264028198,0 -71.61126811325195,-16.33023616760567,0 -71.61156938775919,-16.33015531570101,0 -71.61174906919749,-16.33068921018307,0 
							</coordinates>
						</LinearRing>
					</outerBoundaryIs>
				</Polygon>
			</Placemark>
			<Placemark>
				<name>1.4.322-8</name>
				<styleUrl>#msn_ylw-pushpin51111002</styleUrl>
				<Polygon>
					<tessellate>1</tessellate>
					<outerBoundaryIs>
						<LinearRing>
							<coordinates>
								-71.61179760629655,-16.33090952662758,0 -71.61151314162748,-16.33098507314672,0 -71.61146620207131,-16.33085815556987,0 -71.61146104162304,-16.33085153224397,0 -71.61175178970574,-16.33077531098197,0 -71.61179760629655,-16.33090952662758,0 
							</coordinates>
						</LinearRing>
					</outerBoundaryIs>
				</Polygon>
			</Placemark>
			<Placemark>
				<name>1.4.322-9</name>
				<styleUrl>#msn_ylw-pushpin51111002</styleUrl>
				<Polygon>
					<tessellate>1</tessellate>
					<outerBoundaryIs>
						<LinearRing>
							<coordinates>
								-71.61212853746456,-16.33137713741202,0 -71.61175375943451,-16.3314816450394,0 -71.61165708744802,-16.33108848077074,0 -71.61199827850061,-16.33099509771105,0 -71.61212853746456,-16.33137713741202,0 
							</coordinates>
						</LinearRing>
					</outerBoundaryIs>
				</Polygon>
			</Placemark>
			<Placemark>
				<name>1.4.322-10</name>
				<styleUrl>#msn_ylw-pushpin51111002</styleUrl>
				<Polygon>
					<tessellate>1</tessellate>
					<outerBoundaryIs>
						<LinearRing>
							<coordinates>
								-71.61172019242598,-16.3314997698856,0 -71.61137792429443,-16.33159302278863,0 -71.61123898782745,-16.33114285419147,0 -71.61159747017548,-16.3311009919911,0 -71.61172019242598,-16.3314997698856,0 
							</coordinates>
						</LinearRing>
					</outerBoundaryIs>
				</Polygon>
			</Placemark>
			<Placemark>
				<name>1.4.322-11</name>
				<styleUrl>#msn_ylw-pushpin51111002</styleUrl>
				<Polygon>
					<tessellate>1</tessellate>
					<outerBoundaryIs>
						<LinearRing>
							<coordinates>
								-71.61142419921323,-16.33100430434473,0 -71.61114415098714,-16.3310823288278,0 -71.61110393571427,-16.33094270676455,0 -71.61138902127823,-16.33087403888584,0 -71.61142419921323,-16.33100430434473,0 
							</coordinates>
						</LinearRing>
					</outerBoundaryIs>
				</Polygon>
			</Placemark>
			<Placemark>
				<name>1.4.322-12</name>
				<styleUrl>#msn_ylw-pushpin51111002</styleUrl>
				<Polygon>
					<tessellate>1</tessellate>
					<outerBoundaryIs>
						<LinearRing>
							<coordinates>
								-71.61121333214335,-16.33026006634136,0 -71.61137495313423,-16.33079437155845,0 -71.61105723479487,-16.33087859206055,0 -71.61090738558214,-16.33033877650625,0 -71.61121333214335,-16.33026006634136,0 
							</coordinates>
						</LinearRing>
					</outerBoundaryIs>
				</Polygon>
			</Placemark>
			<Placemark>
				<name>1.4.322-13</name>
				<styleUrl>#msn_ylw-pushpin51111002</styleUrl>
				<Polygon>
					<tessellate>1</tessellate>
					<outerBoundaryIs>
						<LinearRing>
							<coordinates>
								-71.61099828289048,-16.3308908849011,0 -71.61068826268473,-16.33098503378365,0 -71.61054485988809,-16.3304416361046,0 -71.6108528772953,-16.3303538762521,0 -71.61099828289048,-16.3308908849011,0 
							</coordinates>
						</LinearRing>
					</outerBoundaryIs>
				</Polygon>
			</Placemark>
			<Placemark>
				<name>1.4.322-14</name>
				<styleUrl>#msn_ylw-pushpin51111002</styleUrl>
				<Polygon>
					<tessellate>1</tessellate>
					<outerBoundaryIs>
						<LinearRing>
							<coordinates>
								-71.61108246592029,-16.33110610897915,0 -71.61079274945367,-16.33120435460016,0 -71.61078444109846,-16.33120587113026,0 -71.61074629735853,-16.33105905936468,0 -71.61074306182466,-16.33105179824864,0 -71.61073944923388,-16.33104706787116,0 -71.61101899945238,-16.33096039169288,0 -71.61108246592029,-16.33110610897915,0 
							</coordinates>
						</LinearRing>
					</outerBoundaryIs>
				</Polygon>
			</Placemark>
			<Placemark>
				<name>1.4.322-15</name>
				<styleUrl>#msn_ylw-pushpin51111002</styleUrl>
				<Polygon>
					<tessellate>1</tessellate>
					<outerBoundaryIs>
						<LinearRing>
							<coordinates>
								-71.61132017968529,-16.33160345378556,0 -71.61098230523658,-16.33169156795569,0 -71.61088267768837,-16.33134382121698,0 -71.61084004004485,-16.33121353242056,0 -71.61098275168621,-16.3311802376968,0 -71.61118364950158,-16.33114417787585,0 -71.61132017968529,-16.33160345378556,0 
							</coordinates>
						</LinearRing>
					</outerBoundaryIs>
				</Polygon>
			</Placemark>
			<Placemark>
				<name>1.4.322-16</name>
				<styleUrl>#msn_ylw-pushpin51111002</styleUrl>
				<Polygon>
					<tessellate>1</tessellate>
					<outerBoundaryIs>
						<LinearRing>
							<coordinates>
								-71.6109297189348,-16.33170331908591,0 -71.61057162286711,-16.33180481117648,0 -71.61044651758081,-16.33130426708984,0 -71.61062191431297,-16.33125431721868,0 -71.61064352373916,-16.33130187991486,0 -71.61080568417336,-16.33126140611146,0 -71.6109297189348,-16.33170331908591,0 
							</coordinates>
						</LinearRing>
					</outerBoundaryIs>
				</Polygon>
			</Placemark>
			<Placemark>
				<name>1.4.322-17</name>
				<styleUrl>#msn_ylw-pushpin51111002</styleUrl>
				<Polygon>
					<tessellate>1</tessellate>
					<outerBoundaryIs>
						<LinearRing>
							<coordinates>
								-71.61066464183574,-16.3310728262156,0 -71.610666071783,-16.33108425087512,0 -71.61070923243636,-16.33122199541976,0 -71.6106480597978,-16.33124804366766,0 -71.61058266130331,-16.33108205160793,0 -71.61066464183574,-16.3310728262156,0 
							</coordinates>
						</LinearRing>
					</outerBoundaryIs>
				</Polygon>
			</Placemark>
			<Placemark>
				<name>1.4.322-18</name>
				<styleUrl>#msn_ylw-pushpin51111002</styleUrl>
				<Polygon>
					<tessellate>1</tessellate>
					<outerBoundaryIs>
						<LinearRing>
							<coordinates>
								-71.61054104392822,-16.33181134729963,0 -71.61007747335412,-16.33193760719703,0 -71.61003127623214,-16.33176824848,0 -71.61029972769501,-16.33169947850728,0 -71.61026614784963,-16.33152314740242,0 -71.61019302011732,-16.33149048965371,0 -71.61012464061469,-16.33127249608597,0 -71.61036252454764,-16.33121284063753,0 -71.61054104392822,-16.33181134729963,0 
							</coordinates>
						</LinearRing>
					</outerBoundaryIs>
				</Polygon>
			</Placemark>
			<Placemark>
				<name>1.4.322-19</name>
				<styleUrl>#msn_ylw-pushpin51111002</styleUrl>
				<Polygon>
					<tessellate>1</tessellate>
					<outerBoundaryIs>
						<LinearRing>
							<coordinates>
								-71.61005304091022,-16.33194408477461,0 -71.60981594867171,-16.33199679454746,0 -71.60966028360998,-16.33143724888942,0 -71.60991139243669,-16.33137450467466,0 -71.61005304091022,-16.33194408477461,0 
							</coordinates>
						</LinearRing>
					</outerBoundaryIs>
				</Polygon>
			</Placemark>
			<Placemark>
				<name>1.4.322-20</name>
				<styleUrl>#msn_ylw-pushpin51111002</styleUrl>
				<Polygon>
					<tessellate>1</tessellate>
					<outerBoundaryIs>
						<LinearRing>
							<coordinates>
								-71.60990393801718,-16.33127731257941,0 -71.60986922912656,-16.33134454498011,0 -71.60965411720785,-16.33139918002422,0 -71.60956274464152,-16.33112489507067,0 -71.60978407619267,-16.33108016999088,0 -71.60990393801718,-16.33127731257941,0 
							</coordinates>
						</LinearRing>
					</outerBoundaryIs>
				</Polygon>
			</Placemark>
			<Placemark>
				<name>1.4.322-21</name>
				<styleUrl>#msn_ylw-pushpin51111002</styleUrl>
				<Polygon>
					<tessellate>1</tessellate>
					<outerBoundaryIs>
						<LinearRing>
							<coordinates>
								-71.60971916126815,-16.33105005410655,0 -71.60942785777553,-16.33112965157057,0 -71.60932578304575,-16.33078866167833,0 -71.60964231057079,-16.33069742050528,0 -71.60971916126815,-16.33105005410655,0 
							</coordinates>
						</LinearRing>
					</outerBoundaryIs>
				</Polygon>
			</Placemark>
			<Placemark>
				<name>1.4.322-22</name>
				<styleUrl>#msn_ylw-pushpin51111002</styleUrl>
				<Polygon>
					<tessellate>1</tessellate>
					<outerBoundaryIs>
						<LinearRing>
							<coordinates>
								-71.60935809894508,-16.33112687101196,0 -71.60935810918721,-16.33112276017513,0 -71.60906280962895,-16.33121490208202,0 -71.60895607007329,-16.33087586666544,0 -71.60927015226474,-16.33080062636049,0 -71.60935809894508,-16.33112687101196,0 
							</coordinates>
						</LinearRing>
					</outerBoundaryIs>
				</Polygon>
			</Placemark>
			<Placemark>
				<name>1.4.322-23</name>
				<styleUrl>#msn_ylw-pushpin51111002</styleUrl>
				<Polygon>
					<tessellate>1</tessellate>
					<outerBoundaryIs>
						<LinearRing>
							<coordinates>
								-71.60899048550033,-16.33123498005578,0 -71.60869885166146,-16.3312968887862,0 -71.6086029148877,-16.33096686811739,0 -71.60889807016548,-16.33089616070098,0 -71.60899048550033,-16.33123498005578,0 
							</coordinates>
						</LinearRing>
					</outerBoundaryIs>
				</Polygon>
			</Placemark>
			<Placemark>
				<name>1.4.322-24</name>
				<styleUrl>#msn_ylw-pushpin51111002</styleUrl>
				<Polygon>
					<tessellate>1</tessellate>
					<outerBoundaryIs>
						<LinearRing>
							<coordinates>
								-71.60954180608678,-16.33113673226236,0 -71.60961163160904,-16.33139289372697,0 -71.60879390945895,-16.33163608054917,0 -71.60870444163538,-16.33132746672494,0 -71.60907782994079,-16.3312785577854,0 -71.60954180608678,-16.33113673226236,0 
							</coordinates>
						</LinearRing>
					</outerBoundaryIs>
				</Polygon>
			</Placemark>
			<Placemark>
				<name>1.4.322-25</name>
				<styleUrl>#msn_ylw-pushpin51111002</styleUrl>
				<Polygon>
					<tessellate>1</tessellate>
					<outerBoundaryIs>
						<LinearRing>
							<coordinates>
								-71.60977597791606,-16.33200378713992,0 -71.60953625110788,-16.33206200130535,0 -71.60935036904583,-16.33153746987146,0 -71.60961022026704,-16.33145920308524,0 -71.60977597791606,-16.33200378713992,0 
							</coordinates>
						</LinearRing>
					</outerBoundaryIs>
				</Polygon>
			</Placemark>
			<Placemark>
				<name>1.4.322-26</name>
				<styleUrl>#msn_ylw-pushpin51111002</styleUrl>
				<Polygon>
					<tessellate>1</tessellate>
					<outerBoundaryIs>
						<LinearRing>
							<coordinates>
								-71.60947206317836,-16.33209615470628,0 -71.60924612430208,-16.33214885834261,0 -71.60908243084327,-16.33161506438957,0 -71.60930888775522,-16.33154450760593,0 -71.60947206317836,-16.33209615470628,0 
							</coordinates>
						</LinearRing>
					</outerBoundaryIs>
				</Polygon>
			</Placemark>
			<Placemark>
				<name>1.4.322-27</name>
				<styleUrl>#msn_ylw-pushpin51111002</styleUrl>
				<Polygon>
					<tessellate>1</tessellate>
					<outerBoundaryIs>
						<LinearRing>
							<coordinates>
								-71.60919878237212,-16.33217452658873,0 -71.60894696152903,-16.332230790825,0 -71.60881438601561,-16.33168249724418,0 -71.60902504544933,-16.33162982497994,0 -71.60919878237212,-16.33217452658873,0 
							</coordinates>
						</LinearRing>
					</outerBoundaryIs>
				</Polygon>
			</Placemark>
			<Placemark>
				<name>1.4.322-28</name>
				<styleUrl>#msn_ylw-pushpin51111002</styleUrl>
				<Polygon>
					<tessellate>1</tessellate>
					<outerBoundaryIs>
						<LinearRing>
							<coordinates>
								-71.60889295882313,-16.33223088221852,0 -71.60866619362537,-16.33230463930177,0 -71.60852378063751,-16.3317390182036,0 -71.60873287207551,-16.33169327110326,0 -71.60889295882313,-16.33223088221852,0 
							</coordinates>
						</LinearRing>
					</outerBoundaryIs>
				</Polygon>
			</Placemark>
			<Placemark>
				<name>1.4.322-29</name>
				<styleUrl>#msn_ylw-pushpin51111002</styleUrl>
				<Polygon>
					<tessellate>1</tessellate>
					<outerBoundaryIs>
						<LinearRing>
							<coordinates>
								-71.60861729747981,-16.33232887963508,0 -71.60837366047484,-16.33237307069378,0 -71.60822096852803,-16.33181816467351,0 -71.60844336569664,-16.33177449587153,0 -71.60861729747981,-16.33232887963508,0 
							</coordinates>
						</LinearRing>
					</outerBoundaryIs>
				</Polygon>
			</Placemark>
			<Placemark>
				<name>1.4.322-30</name>
				<styleUrl>#msn_ylw-pushpin51111002</styleUrl>
				<Polygon>
					<tessellate>1</tessellate>
					<outerBoundaryIs>
						<LinearRing>
							<coordinates>
								-71.60855069764597,-16.33097679458655,0 -71.60873713013143,-16.33163035906197,0 -71.60766771618847,-16.33192430292669,0 -71.60720175286959,-16.33133218435859,0 -71.60746364198874,-16.33126777244083,0 -71.60757672286726,-16.33158696844232,0 -71.60763441819144,-16.33156473967683,0 -71.60752359406936,-16.33127747620932,0 -71.60780335522928,-16.33120587133509,0 -71.60796965977393,-16.3316823410075,0 -71.60805682675078,-16.33165335347977,0 -71.60785843687235,-16.33117836029545,0 -71.60814993995726,-16.33108924765532,0 -71.60826385991466,-16.33142206937054,0 -71.60833792551286,-16.33139489065284,0 -71.60824015578613,-16.33105462612105,0 -71.60855069764597,-16.33097679458655,0 
							</coordinates>
						</LinearRing>
					</outerBoundaryIs>
				</Polygon>
			</Placemark>
			<Placemark>
				<name>1.4.322-31</name>
				<styleUrl>#msn_ylw-pushpin51111002</styleUrl>
				<Polygon>
					<tessellate>1</tessellate>
					<outerBoundaryIs>
						<LinearRing>
							<coordinates>
								-71.60816303002308,-16.33184374141299,0 -71.6083355126419,-16.33240893456031,0 -71.60812844971909,-16.33246591076651,0 -71.60771110064148,-16.3319586448426,0 -71.60816303002308,-16.33184374141299,0 
							</coordinates>
						</LinearRing>
					</outerBoundaryIs>
				</Polygon>
			</Placemark>
			<Placemark>
				<name>1.4.322-32</name>
				<styleUrl>#msn_ylw-pushpin51111002</styleUrl>
				<Polygon>
					<tessellate>1</tessellate>
					<outerBoundaryIs>
						<LinearRing>
							<coordinates>
								-71.61000469583055,-16.33244880896948,0 -71.60852384680472,-16.33286850979854,0 -71.60823041810187,-16.33253788031339,0 -71.60992229572415,-16.33211865005427,0 -71.61000469583055,-16.33244880896948,0 
							</coordinates>
						</LinearRing>
					</outerBoundaryIs>
				</Polygon>
			</Placemark>
			<Placemark>
				<name>1.4.322-33</name>
				<styleUrl>#msn_ylw-pushpin51111002</styleUrl>
				<Polygon>
					<tessellate>1</tessellate>
					<outerBoundaryIs>
						<LinearRing>
							<coordinates>
								-71.61001883560756,-16.33254835677952,0 -71.6101083227676,-16.33291942811285,0 -71.60885151372028,-16.33324136941441,0 -71.60856408592163,-16.33292822800545,0 -71.61001883560756,-16.33254835677952,0 
							</coordinates>
						</LinearRing>
					</outerBoundaryIs>
				</Polygon>
			</Placemark>
			<Placemark>
				<name>1.4.322-34</name>
				<styleUrl>#msn_ylw-pushpin51111002</styleUrl>
				<Polygon>
					<tessellate>1</tessellate>
					<outerBoundaryIs>
						<LinearRing>
							<coordinates>
								-71.60980754844691,-16.33332541293723,0 -71.60959091887705,-16.33338367940795,0 -71.6091546862602,-16.33349681462071,0 -71.60907647968214,-16.33350665130462,0 -71.60901666819372,-16.33349488815913,0 -71.60895784748439,-16.33344938863068,0 -71.60889436720903,-16.33335293497924,0 -71.60973319294932,-16.33310989655215,0 -71.60980754844691,-16.33332541293723,0 
							</coordinates>
						</LinearRing>
					</outerBoundaryIs>
				</Polygon>
			</Placemark>
			<Placemark>
				<name>1.4.322-35</name>
				<styleUrl>#msn_ylw-pushpin51111002</styleUrl>
				<Polygon>
					<tessellate>1</tessellate>
					<outerBoundaryIs>
						<LinearRing>
							<coordinates>
								-71.61021100224467,-16.33298050357198,0 -71.61024023913023,-16.33309610824946,0 -71.61022885732876,-16.33314182660664,0 -71.61024448047542,-16.33326125730403,0 -71.60984898787531,-16.33333217267881,0 -71.6097736939716,-16.33311618376473,0 -71.61021100224467,-16.33298050357198,0 
							</coordinates>
						</LinearRing>
					</outerBoundaryIs>
				</Polygon>
			</Placemark>
			<Placemark>
				<name>1.4.322-36</name>
				<styleUrl>#msn_ylw-pushpin51111002</styleUrl>
				<Polygon>
					<tessellate>1</tessellate>
					<outerBoundaryIs>
						<LinearRing>
							<coordinates>
								-71.61055686282079,-16.33291602812043,0 -71.61061621519529,-16.33292999352062,0 -71.61063561564224,-16.33296078364677,0 -71.61067063550975,-16.33308845284567,0 -71.61031030456523,-16.33321351440998,0 -71.61028371756503,-16.33295825337203,0 -71.61055686282079,-16.33291602812043,0 
							</coordinates>
						</LinearRing>
					</outerBoundaryIs>
				</Polygon>
			</Placemark>
			<Placemark>
				<name>1.4.322-37</name>
				<styleUrl>#msn_ylw-pushpin51111002</styleUrl>
				<Polygon>
					<tessellate>1</tessellate>
					<outerBoundaryIs>
						<LinearRing>
							<coordinates>
								-71.61058709342092,-16.33280079055154,0 -71.61023079846414,-16.33289683793948,0 -71.6099847863384,-16.33209712955764,0 -71.60997173610191,-16.33209418688912,0 -71.61033153987518,-16.3319906067607,0 -71.61058709342092,-16.33280079055154,0 
							</coordinates>
						</LinearRing>
					</outerBoundaryIs>
				</Polygon>
			</Placemark>
			<Placemark>
				<name>1.4.322-38</name>
				<styleUrl>#msn_ylw-pushpin51111002</styleUrl>
				<Polygon>
					<tessellate>1</tessellate>
					<outerBoundaryIs>
						<LinearRing>
							<coordinates>
								-71.6115039520184,-16.33164775334037,0 -71.61172279963763,-16.33243734725158,0 -71.61161063985216,-16.33246735821907,0 -71.61168842210154,-16.33282847097809,0 -71.6115251317807,-16.33286648146608,0 -71.61128319980944,-16.33256979356,0 -71.61117942718889,-16.3326029666711,0 -71.61110404116958,-16.3326333420156,0 -71.61105283968706,-16.33257940963651,0 -71.61104116450092,-16.33244762491395,0 -71.61079160037451,-16.33250157359523,0 -71.61059457354301,-16.3319177960632,0 -71.6115039520184,-16.33164775334037,0 
							</coordinates>
						</LinearRing>
					</outerBoundaryIs>
				</Polygon>
			</Placemark>
			<Placemark>
				<name>1.4.322-39</name>
				<styleUrl>#msn_ylw-pushpin51111002</styleUrl>
				<Polygon>
					<tessellate>1</tessellate>
					<outerBoundaryIs>
						<LinearRing>
							<coordinates>
								-71.61202286018363,-16.33236235862483,0 -71.61176620510763,-16.33243318383917,0 -71.61156401949897,-16.33167266055786,0 -71.61180913448045,-16.33160396121378,0 -71.61202286018363,-16.33236235862483,0 
							</coordinates>
						</LinearRing>
					</outerBoundaryIs>
				</Polygon>
			</Placemark>
			<Placemark>
				<name>1.4.322-40</name>
				<styleUrl>#msn_ylw-pushpin51111002</styleUrl>
				<Polygon>
					<tessellate>1</tessellate>
					<outerBoundaryIs>
						<LinearRing>
							<coordinates>
								-71.61223463437349,-16.33268001014514,0 -71.61170249576385,-16.33283004419005,0 -71.61163212156272,-16.33253239484685,0 -71.6121520453086,-16.3324054759918,0 -71.61223463437349,-16.33268001014514,0 
							</coordinates>
						</LinearRing>
					</outerBoundaryIs>
				</Polygon>
			</Placemark>
			<Placemark>
				<name>1.4.322-41</name>
				<styleUrl>#msn_ylw-pushpin51111002</styleUrl>
				<Polygon>
					<tessellate>1</tessellate>
					<outerBoundaryIs>
						<LinearRing>
							<coordinates>
								-71.61338655165684,-16.33239006734395,0 -71.61229179576544,-16.33265610581525,0 -71.61219547132001,-16.33232161272155,0 -71.61208211655801,-16.33233332361421,0 -71.61185551797566,-16.33161533138758,0 -71.61305687402231,-16.33131567474619,0 -71.61338655165684,-16.33239006734395,0 
							</coordinates>
						</LinearRing>
					</outerBoundaryIs>
				</Polygon>
			</Placemark>
			<Placemark>
				<name>1.4.322-42</name>
				<styleUrl>#msn_ylw-pushpin51111002</styleUrl>
				<Polygon>
					<tessellate>1</tessellate>
					<outerBoundaryIs>
						<LinearRing>
							<coordinates>
								-71.61371182278434,-16.33359712843782,0 -71.61336602370525,-16.33370106759476,0 -71.61320329002298,-16.33314367064987,0 -71.61356255823657,-16.33304093640607,0 -71.61371182278434,-16.33359712843782,0 
							</coordinates>
						</LinearRing>
					</outerBoundaryIs>
				</Polygon>
			</Placemark>
			<Placemark>
				<name>1.4.322-43</name>
				<styleUrl>#msn_ylw-pushpin51111002</styleUrl>
				<Polygon>
					<tessellate>1</tessellate>
					<outerBoundaryIs>
						<LinearRing>
							<coordinates>
								-71.61330794939506,-16.3337159294443,0 -71.61296454566214,-16.33380002008893,0 -71.6128913479095,-16.3335313895008,0 -71.61322103329019,-16.33344599893907,0 -71.61330794939506,-16.3337159294443,0 
							</coordinates>
						</LinearRing>
					</outerBoundaryIs>
				</Polygon>
			</Placemark>
			<Placemark>
				<name>1.4.322-44</name>
				<styleUrl>#msn_ylw-pushpin51111002</styleUrl>
				<Polygon>
					<tessellate>1</tessellate>
					<outerBoundaryIs>
						<LinearRing>
							<coordinates>
								-71.61287271045407,-16.33382108893355,0 -71.61251392163149,-16.33392936255064,0 -71.61219593031723,-16.33282169974537,0 -71.61256414541329,-16.33273988032017,0 -71.61287271045407,-16.33382108893355,0 
							</coordinates>
						</LinearRing>
					</outerBoundaryIs>
				</Polygon>
			</Placemark>
			<Placemark>
				<name>1.4.322-45</name>
				<styleUrl>#msn_ylw-pushpin51111002</styleUrl>
				<Polygon>
					<tessellate>1</tessellate>
					<outerBoundaryIs>
						<LinearRing>
							<coordinates>
								-71.61243285060348,-16.33395509927449,0 -71.61205759334825,-16.33405549334077,0 -71.61174374981347,-16.33296034324772,0 -71.61210211402714,-16.33284555065253,0 -71.61243285060348,-16.33395509927449,0 
							</coordinates>
						</LinearRing>
					</outerBoundaryIs>
				</Polygon>
			</Placemark>
			<Placemark>
				<name>1.4.322-46</name>
				<styleUrl>#msn_ylw-pushpin51111002</styleUrl>
				<Polygon>
					<tessellate>1</tessellate>
					<outerBoundaryIs>
						<LinearRing>
							<coordinates>
								-71.61197693317578,-16.33406327185562,0 -71.61161845628654,-16.33416326483623,0 -71.61132382749038,-16.3330677739807,0 -71.61166458944021,-16.33296652593236,0 -71.61197693317578,-16.33406327185562,0 
							</coordinates>
						</LinearRing>
					</outerBoundaryIs>
				</Polygon>
			</Placemark>
			<Placemark>
				<name>1.4.322-47</name>
				<styleUrl>#msn_ylw-pushpin51111002</styleUrl>
				<Polygon>
					<tessellate>1</tessellate>
					<outerBoundaryIs>
						<LinearRing>
							<coordinates>
								-71.61153073182994,-16.33417688609606,0 -71.61116495076165,-16.33428599622798,0 -71.61088855522055,-16.33330762545001,0 -71.61125117117405,-16.33319628327621,0 -71.61153073182994,-16.33417688609606,0 
							</coordinates>
						</LinearRing>
					</outerBoundaryIs>
				</Polygon>
			</Placemark>
			<Placemark>
				<name>1.4.322-48</name>
				<styleUrl>#msn_ylw-pushpin51111002</styleUrl>
				<Polygon>
					<tessellate>1</tessellate>
					<outerBoundaryIs>
						<LinearRing>
							<coordinates>
								-71.61104231861192,-16.33433183177617,0 -71.61066000503025,-16.33442067013243,0 -71.61033216854128,-16.33329838948316,0 -71.61068926872753,-16.33319177880373,0 -71.61104231861192,-16.33433183177617,0 
							</coordinates>
						</LinearRing>
					</outerBoundaryIs>
				</Polygon>
			</Placemark>
			<Placemark>
				<name>1.4.322-49</name>
				<styleUrl>#msn_ylw-pushpin51111002</styleUrl>
				<Polygon>
					<tessellate>1</tessellate>
					<outerBoundaryIs>
						<LinearRing>
							<coordinates>
								-71.61059863141227,-16.33445189570334,0 -71.61021306552951,-16.33453989731694,0 -71.60986895013596,-16.33341720316215,0 -71.6102422548494,-16.33331815334972,0 -71.61059863141227,-16.33445189570334,0 
							</coordinates>
						</LinearRing>
					</outerBoundaryIs>
				</Polygon>
			</Placemark>
			<Placemark>
				<name>1.4.322-50</name>
				<styleUrl>#msn_ylw-pushpin51111002</styleUrl>
				<Polygon>
					<tessellate>1</tessellate>
					<outerBoundaryIs>
						<LinearRing>
							<coordinates>
								-71.60990997242453,-16.33381504214075,0 -71.60946853689472,-16.33393993686446,0 -71.6091783865491,-16.33361380990655,0 -71.60980234777942,-16.3334399602456,0 -71.60990997242453,-16.33381504214075,0 
							</coordinates>
						</LinearRing>
					</outerBoundaryIs>
				</Polygon>
			</Placemark>
			<Placemark>
				<name>1.4.322-51</name>
				<styleUrl>#msn_ylw-pushpin51111002</styleUrl>
				<Polygon>
					<tessellate>1</tessellate>
					<outerBoundaryIs>
						<LinearRing>
							<coordinates>
								-71.61015433308499,-16.33457570469433,0 -71.61001588705996,-16.3346039931557,0 -71.60951445528076,-16.33400843308087,0 -71.60992116510768,-16.33387857242849,0 -71.61015433308499,-16.33457570469433,0 
							</coordinates>
						</LinearRing>
					</outerBoundaryIs>
				</Polygon>
			</Placemark>
			<Placemark>
				<name>1.4.322-52</name>
				<styleUrl>#msn_ylw-pushpin51111002</styleUrl>
				<Polygon>
					<tessellate>1</tessellate>
					<outerBoundaryIs>
						<LinearRing>
							<coordinates>
								-71.61121607408354,-16.33499446681364,0 -71.61053855826137,-16.33519029788755,0 -71.61009753590172,-16.33469963899118,0 -71.61106707404142,-16.33444680408561,0 -71.61121607408354,-16.33499446681364,0 
							</coordinates>
						</LinearRing>
					</outerBoundaryIs>
				</Polygon>
			</Placemark>
			<Placemark>
				<name>1.4.322-53</name>
				<styleUrl>#msn_ylw-pushpin51111002</styleUrl>
				<Polygon>
					<tessellate>1</tessellate>
					<outerBoundaryIs>
						<LinearRing>
							<coordinates>
								-71.61284439742629,-16.33395025905631,0 -71.61294630072348,-16.33433748055812,0 -71.61129689681997,-16.33472453269509,0 -71.61119749132355,-16.33440590179718,0 -71.61284439742629,-16.33395025905631,0 
							</coordinates>
						</LinearRing>
					</outerBoundaryIs>
				</Polygon>
			</Placemark>
			<Placemark>
				<name>1.4.322-54</name>
				<styleUrl>#msn_ylw-pushpin51111002</styleUrl>
				<Polygon>
					<tessellate>1</tessellate>
					<outerBoundaryIs>
						<LinearRing>
							<coordinates>
								-71.6137549050932,-16.33372871658273,0 -71.61393660617473,-16.33439069480573,0 -71.6131215188135,-16.3345997962172,0 -71.61305776865275,-16.334392835722,0 -71.61355410326512,-16.33424596191866,0 -71.6135261264368,-16.3341747259235,0 -71.61303925572278,-16.3342969545601,0 -71.61292862101674,-16.33395714998756,0 -71.6137549050932,-16.33372871658273,0 
							</coordinates>
						</LinearRing>
					</outerBoundaryIs>
				</Polygon>
			</Placemark>
			<Placemark>
				<name>1.4.322-55</name>
				<styleUrl>#msn_ylw-pushpin51111002</styleUrl>
				<Polygon>
					<tessellate>1</tessellate>
					<outerBoundaryIs>
						<LinearRing>
							<coordinates>
								-71.61397764410852,-16.3344703419484,0 -71.61405673292147,-16.33482735986064,0 -71.61322304233691,-16.3350515617545,0 -71.61314557982755,-16.33470028114357,0 -71.61397764410852,-16.3344703419484,0 
							</coordinates>
						</LinearRing>
					</outerBoundaryIs>
				</Polygon>
			</Placemark>
			<Placemark>
				<name>1.4.322-56</name>
				<styleUrl>#msn_ylw-pushpin51111002</styleUrl>
				<Polygon>
					<tessellate>1</tessellate>
					<outerBoundaryIs>
						<LinearRing>
							<coordinates>
								-71.61314977690954,-16.33506503001455,0 -71.61267947714536,-16.33518585930182,0 -71.61249672076815,-16.3345306570444,0 -71.61296522505538,-16.33438537262708,0 -71.61314977690954,-16.33506503001455,0 
							</coordinates>
						</LinearRing>
					</outerBoundaryIs>
				</Polygon>
			</Placemark>
			<Placemark>
				<name>1.4.322-57</name>
				<styleUrl>#msn_ylw-pushpin51111002</styleUrl>
				<Polygon>
					<tessellate>1</tessellate>
					<outerBoundaryIs>
						<LinearRing>
							<coordinates>
								-71.61259341945745,-16.33520939321546,0 -71.61227400313253,-16.3352916513293,0 -71.61209629569889,-16.33464236526046,0 -71.61238790112245,-16.33456459771127,0 -71.61240162612805,-16.33455924245083,0 -71.61259341945745,-16.33520939321546,0 
							</coordinates>
						</LinearRing>
					</outerBoundaryIs>
				</Polygon>
			</Placemark>
			<Placemark>
				<name>1.4.322-58</name>
				<styleUrl>#msn_ylw-pushpin51111002</styleUrl>
				<Polygon>
					<tessellate>1</tessellate>
					<outerBoundaryIs>
						<LinearRing>
							<coordinates>
								-71.61216807198387,-16.33531437320564,0 -71.61194510090151,-16.3353811355375,0 -71.61175866832828,-16.33472486391676,0 -71.61199078621881,-16.33466787997195,0 -71.61216807198387,-16.33531437320564,0 
							</coordinates>
						</LinearRing>
					</outerBoundaryIs>
				</Polygon>
			</Placemark>
			<Placemark>
				<name>1.4.322-59</name>
				<styleUrl>#msn_ylw-pushpin51111002</styleUrl>
				<Polygon>
					<tessellate>1</tessellate>
					<outerBoundaryIs>
						<LinearRing>
							<coordinates>
								-71.61188289840969,-16.33539913769355,0 -71.61150659873149,-16.33548994272306,0 -71.61132961070331,-16.33483300130132,0 -71.61131943741003,-16.33482004274941,0 -71.61166605586098,-16.33471223791432,0 -71.61188289840969,-16.33539913769355,0 
							</coordinates>
						</LinearRing>
					</outerBoundaryIs>
				</Polygon>
			</Placemark>
			<Placemark>
				<name>1.4.322-60</name>
				<styleUrl>#msn_ylw-pushpin51111002</styleUrl>
				<Polygon>
					<tessellate>1</tessellate>
					<outerBoundaryIs>
						<LinearRing>
							<coordinates>
								-71.61229387717721,-16.33585936393903,0 -71.6129201846723,-16.33568036234271,0 -71.61301300402265,-16.33600382530183,0 -71.61210450122756,-16.33625268556488,0 -71.61223284314133,-16.33662281126415,0 -71.61185822169874,-16.33673433801384,0 -71.61154825950207,-16.33564494151878,0 -71.61220972932074,-16.33546388273778,0 -71.61229387717721,-16.33585936393903,0 
							</coordinates>
						</LinearRing>
					</outerBoundaryIs>
				</Polygon>
			</Placemark>
			<Placemark>
				<name>1.4.322-61</name>
				<styleUrl>#msn_ylw-pushpin51111002</styleUrl>
				<Polygon>
					<tessellate>1</tessellate>
					<outerBoundaryIs>
						<LinearRing>
							<coordinates>
								-71.61314147397073,-16.33640555173632,0 -71.61230051933846,-16.33661461652032,0 -71.61220505220794,-16.33631343672635,0 -71.61304101475318,-16.33607293650709,0 -71.61314147397073,-16.33640555173632,0 
							</coordinates>
						</LinearRing>
					</outerBoundaryIs>
				</Polygon>
			</Placemark>
			<Placemark>
				<name>1.4.322-62</name>
				<styleUrl>#msn_ylw-pushpin51111002</styleUrl>
				<Polygon>
					<tessellate>1</tessellate>
					<outerBoundaryIs>
						<LinearRing>
							<coordinates>
								-71.61290996187837,-16.33561654800032,0 -71.61237390236658,-16.33575184143266,0 -71.61229355857417,-16.33545233523397,0 -71.61283812402438,-16.33530763308701,0 -71.61290996187837,-16.33561654800032,0 
							</coordinates>
						</LinearRing>
					</outerBoundaryIs>
				</Polygon>
			</Placemark>
			<Placemark>
				<name>1.4.322-63</name>
				<styleUrl>#msn_ylw-pushpin51111002</styleUrl>
				<Polygon>
					<tessellate>1</tessellate>
					<outerBoundaryIs>
						<LinearRing>
							<coordinates>
								-71.61350258592081,-16.3355314732182,0 -71.61358009841526,-16.33579720824832,0 -71.6132603538244,-16.33589914461877,0 -71.61309557579725,-16.33594246126876,0 -71.61292149047388,-16.33528342760225,0 -71.6133957890781,-16.33515306818076,0 -71.61350258592081,-16.3355314732182,0 
							</coordinates>
						</LinearRing>
					</outerBoundaryIs>
				</Polygon>
			</Placemark>
			<Placemark>
				<name>1.4.322-64</name>
				<styleUrl>#msn_ylw-pushpin51111002</styleUrl>
				<Polygon>
					<tessellate>1</tessellate>
					<outerBoundaryIs>
						<LinearRing>
							<coordinates>
								-71.61371070396227,-16.33626008729713,0 -71.61321263580692,-16.33637293420241,0 -71.61311110367423,-16.33600646312118,0 -71.6135999374996,-16.33586874660421,0 -71.61371070396227,-16.33626008729713,0 
							</coordinates>
						</LinearRing>
					</outerBoundaryIs>
				</Polygon>
			</Placemark>
			<Placemark>
				<name>1.4.322-65</name>
				<styleUrl>#msn_ylw-pushpin51111002</styleUrl>
				<Polygon>
					<tessellate>1</tessellate>
					<outerBoundaryIs>
						<LinearRing>
							<coordinates>
								-71.61440581121899,-16.33605643247416,0 -71.61377258657367,-16.3362221659252,0 -71.61368958674258,-16.33592610733263,0 -71.61397651496691,-16.33583101958797,0 -71.61385551662708,-16.33505448793112,0 -71.61410945788637,-16.33497386631788,0 -71.61440581121899,-16.33605643247416,0 
							</coordinates>
						</LinearRing>
					</outerBoundaryIs>
				</Polygon>
			</Placemark>
			<Placemark>
				<name>1.4.322-66</name>
				<styleUrl>#msn_ylw-pushpin51111002</styleUrl>
				<Polygon>
					<tessellate>1</tessellate>
					<outerBoundaryIs>
						<LinearRing>
							<coordinates>
								-71.61392520328137,-16.33580610705249,0 -71.61368447678485,-16.33584978899643,0 -71.61347617246894,-16.3351014834883,0 -71.61380153015182,-16.33502812835831,0 -71.61392520328137,-16.33580610705249,0 
							</coordinates>
						</LinearRing>
					</outerBoundaryIs>
				</Polygon>
			</Placemark>
			<Placemark>
				<name>1.4.323-1</name>
				<styleUrl>#msn_ylw-pushpin51111002</styleUrl>
				<ExtendedData>
					<SchemaData schemaUrl="#S_yura_poligono_DSSSSDDDDS00100">
						<SimpleData name="fid">40711</SimpleData>
						<SimpleData name="handle">268397</SimpleData>
						<SimpleData name="block">-1</SimpleData>
						<SimpleData name="etype">18</SimpleData>
						<SimpleData name="space">0</SimpleData>
						<SimpleData name="layer">MANZANAS</SimpleData>
						<SimpleData name="olinetype">bylayer</SimpleData>
						<SimpleData name="linetype"></SimpleData>
						<SimpleData name="color">127,127,255,255</SimpleData>
						<SimpleData name="ocolor">256</SimpleData>
						<SimpleData name="color24">-1</SimpleData>
						<SimpleData name="transparen">0</SimpleData>
						<SimpleData name="lweight">-1</SimpleData>
						<SimpleData name="linewidth">0.15</SimpleData>
						<SimpleData name="ltscale">1</SimpleData>
						<SimpleData name="visible">1</SimpleData>
						<SimpleData name="width">0</SimpleData>
						<SimpleData name="thickness">0</SimpleData>
						<SimpleData name="ext">(3:0,0,0.1)</SimpleData>
					</SchemaData>
				</ExtendedData>
				<Polygon>
					<outerBoundaryIs>
						<LinearRing>
							<coordinates>
								-71.61307882714183,-16.33772751212471,0 -71.61278929327433,-16.33780577851917,0 -71.61194970428404,-16.33686470838531,0 -71.61254411125468,-16.33670567133467,0 -71.61269779699516,-16.33717969588437,0 -71.61275213037808,-16.33717024202884,0 -71.61262037408842,-16.33667857808323,0 -71.61277747688288,-16.33665065537097,0 -71.61307882714183,-16.33772751212471,0 
							</coordinates>
						</LinearRing>
					</outerBoundaryIs>
				</Polygon>
			</Placemark>
			<Placemark>
				<name>1.4.323-2</name>
				<styleUrl>#msn_ylw-pushpin51111002</styleUrl>
				<ExtendedData>
					<SchemaData schemaUrl="#S_yura_poligono_DSSSSDDDDS00100">
						<SimpleData name="fid">40711</SimpleData>
						<SimpleData name="handle">268397</SimpleData>
						<SimpleData name="block">-1</SimpleData>
						<SimpleData name="etype">18</SimpleData>
						<SimpleData name="space">0</SimpleData>
						<SimpleData name="layer">MANZANAS</SimpleData>
						<SimpleData name="olinetype">bylayer</SimpleData>
						<SimpleData name="linetype"></SimpleData>
						<SimpleData name="color">127,127,255,255</SimpleData>
						<SimpleData name="ocolor">256</SimpleData>
						<SimpleData name="color24">-1</SimpleData>
						<SimpleData name="transparen">0</SimpleData>
						<SimpleData name="lweight">-1</SimpleData>
						<SimpleData name="linewidth">0.15</SimpleData>
						<SimpleData name="ltscale">1</SimpleData>
						<SimpleData name="visible">1</SimpleData>
						<SimpleData name="width">0</SimpleData>
						<SimpleData name="thickness">0</SimpleData>
						<SimpleData name="ext">(3:0,0,0.1)</SimpleData>
					</SchemaData>
				</ExtendedData>
				<Polygon>
					<outerBoundaryIs>
						<LinearRing>
							<coordinates>
								-71.61357971917921,-16.33759111713185,0 -71.61314236849719,-16.3377157371334,0 -71.61284400719224,-16.33662727175853,0 -71.61327421658447,-16.33651588507644,0 -71.61357971917921,-16.33759111713185,0 
							</coordinates>
						</LinearRing>
					</outerBoundaryIs>
				</Polygon>
			</Placemark>
			<Placemark>
				<name>1.4.323-3</name>
				<styleUrl>#msn_ylw-pushpin51111002</styleUrl>
				<ExtendedData>
					<SchemaData schemaUrl="#S_yura_poligono_DSSSSDDDDS00100">
						<SimpleData name="fid">40711</SimpleData>
						<SimpleData name="handle">268397</SimpleData>
						<SimpleData name="block">-1</SimpleData>
						<SimpleData name="etype">18</SimpleData>
						<SimpleData name="space">0</SimpleData>
						<SimpleData name="layer">MANZANAS</SimpleData>
						<SimpleData name="olinetype">bylayer</SimpleData>
						<SimpleData name="linetype"></SimpleData>
						<SimpleData name="color">127,127,255,255</SimpleData>
						<SimpleData name="ocolor">256</SimpleData>
						<SimpleData name="color24">-1</SimpleData>
						<SimpleData name="transparen">0</SimpleData>
						<SimpleData name="lweight">-1</SimpleData>
						<SimpleData name="linewidth">0.15</SimpleData>
						<SimpleData name="ltscale">1</SimpleData>
						<SimpleData name="visible">1</SimpleData>
						<SimpleData name="width">0</SimpleData>
						<SimpleData name="thickness">0</SimpleData>
						<SimpleData name="ext">(3:0,0,0.1)</SimpleData>
					</SchemaData>
				</ExtendedData>
				<Polygon>
					<outerBoundaryIs>
						<LinearRing>
							<coordinates>
								-71.61404275733668,-16.33748249183411,0 -71.61366879354236,-16.3375717188432,0 -71.61336665595266,-16.33650208961886,0 -71.61372490723562,-16.33638972472335,0 -71.61404275733668,-16.33748249183411,0 
							</coordinates>
						</LinearRing>
					</outerBoundaryIs>
				</Polygon>
			</Placemark>
			<Placemark>
				<name>1.4.323-4</name>
				<styleUrl>#msn_ylw-pushpin51111002</styleUrl>
				<ExtendedData>
					<SchemaData schemaUrl="#S_yura_poligono_DSSSSDDDDS00100">
						<SimpleData name="fid">40711</SimpleData>
						<SimpleData name="handle">268397</SimpleData>
						<SimpleData name="block">-1</SimpleData>
						<SimpleData name="etype">18</SimpleData>
						<SimpleData name="space">0</SimpleData>
						<SimpleData name="layer">MANZANAS</SimpleData>
						<SimpleData name="olinetype">bylayer</SimpleData>
						<SimpleData name="linetype"></SimpleData>
						<SimpleData name="color">127,127,255,255</SimpleData>
						<SimpleData name="ocolor">256</SimpleData>
						<SimpleData name="color24">-1</SimpleData>
						<SimpleData name="transparen">0</SimpleData>
						<SimpleData name="lweight">-1</SimpleData>
						<SimpleData name="linewidth">0.15</SimpleData>
						<SimpleData name="ltscale">1</SimpleData>
						<SimpleData name="visible">1</SimpleData>
						<SimpleData name="width">0</SimpleData>
						<SimpleData name="thickness">0</SimpleData>
						<SimpleData name="ext">(3:0,0,0.1)</SimpleData>
					</SchemaData>
				</ExtendedData>
				<Polygon>
					<outerBoundaryIs>
						<LinearRing>
							<coordinates>
								-71.6147508079725,-16.33729152416258,0 -71.61413806685167,-16.33743933838724,0 -71.61380529621769,-16.33637991314463,0 -71.6144601236218,-16.33618740202039,0 -71.6147508079725,-16.33729152416258,0 
							</coordinates>
						</LinearRing>
					</outerBoundaryIs>
				</Polygon>
			</Placemark>
			<Placemark>
				<name>1.4.323-5</name>
				<styleUrl>#msn_ylw-pushpin51111002</styleUrl>
				<Polygon>
					<tessellate>1</tessellate>
					<outerBoundaryIs>
						<LinearRing>
							<coordinates>
								-71.61510557974094,-16.338497986702,0 -71.61507192859506,-16.33855606285256,0 -71.61474995503616,-16.33862979268995,0 -71.61444711763865,-16.33755287218963,0 -71.61447479782608,-16.33750985822146,0 -71.61476051247463,-16.33742952171942,0 -71.61481543451703,-16.3374583273603,0 -71.61510557974094,-16.338497986702,0 
							</coordinates>
						</LinearRing>
					</outerBoundaryIs>
				</Polygon>
			</Placemark>
			<Placemark>
				<name>1.4.323-6</name>
				<styleUrl>#msn_ylw-pushpin51111002</styleUrl>
				<Polygon>
					<tessellate>1</tessellate>
					<outerBoundaryIs>
						<LinearRing>
							<coordinates>
								-71.61454828516405,-16.33819013011698,0 -71.61465197067214,-16.33864942398064,0 -71.61430632264157,-16.33873392880711,0 -71.61435523430899,-16.33830431104084,0 -71.61414583345548,-16.33758015108895,0 -71.61434459799786,-16.33752941196347,0 -71.61454828516405,-16.33819013011698,0 
							</coordinates>
						</LinearRing>
					</outerBoundaryIs>
				</Polygon>
			</Placemark>
			<Placemark>
				<name>1.4.323-7</name>
				<styleUrl>#msn_ylw-pushpin51111002</styleUrl>
				<ExtendedData>
					<SchemaData schemaUrl="#S_yura_poligono_DSSSSDDDDS00100">
						<SimpleData name="fid">40711</SimpleData>
						<SimpleData name="handle">268397</SimpleData>
						<SimpleData name="block">-1</SimpleData>
						<SimpleData name="etype">18</SimpleData>
						<SimpleData name="space">0</SimpleData>
						<SimpleData name="layer">MANZANAS</SimpleData>
						<SimpleData name="olinetype">bylayer</SimpleData>
						<SimpleData name="linetype"></SimpleData>
						<SimpleData name="color">127,127,255,255</SimpleData>
						<SimpleData name="ocolor">256</SimpleData>
						<SimpleData name="color24">-1</SimpleData>
						<SimpleData name="transparen">0</SimpleData>
						<SimpleData name="lweight">-1</SimpleData>
						<SimpleData name="linewidth">0.15</SimpleData>
						<SimpleData name="ltscale">1</SimpleData>
						<SimpleData name="visible">1</SimpleData>
						<SimpleData name="width">0</SimpleData>
						<SimpleData name="thickness">0</SimpleData>
						<SimpleData name="ext">(3:0,0,0.1)</SimpleData>
					</SchemaData>
				</ExtendedData>
				<Polygon>
					<outerBoundaryIs>
						<LinearRing>
							<coordinates>
								-71.61348608215269,-16.33834964768599,0 -71.61354224769474,-16.33833205010438,0 -71.61338622610958,-16.33778511631041,0 -71.6136253920681,-16.33773113879167,0 -71.61376591089854,-16.33827584858834,0 -71.61384422690706,-16.33825240379235,0 -71.6136858780699,-16.33769641474298,0 -71.61406983199376,-16.33760455052799,0 -71.61427030935968,-16.33830990062496,0 -71.61422157362077,-16.33875490092114,0 -71.6137003317764,-16.33888630830388,0 -71.61288026696008,-16.33791924396263,0 -71.61332969675595,-16.33780707730236,0 -71.61348608215269,-16.33834964768599,0 
							</coordinates>
						</LinearRing>
					</outerBoundaryIs>
				</Polygon>
			</Placemark>
			<Placemark>
				<name>1.4.323-8</name>
				<styleUrl>#msn_ylw-pushpin51111002</styleUrl>
				<Polygon>
					<tessellate>1</tessellate>
					<outerBoundaryIs>
						<LinearRing>
							<coordinates>
								-71.61433222654381,-16.33939315850622,0 -71.61429792872484,-16.33957071303891,0 -71.61379283129257,-16.33899375653163,0 -71.61405913514285,-16.33893147798691,0 -71.61420749278302,-16.33891064970468,0 -71.61433222654381,-16.33939315850622,0 
							</coordinates>
						</LinearRing>
					</outerBoundaryIs>
				</Polygon>
			</Placemark>
			<Placemark>
				<name>1.4.323-9</name>
				<styleUrl>#msn_ylw-pushpin51111002</styleUrl>
				<Polygon>
					<tessellate>1</tessellate>
					<outerBoundaryIs>
						<LinearRing>
							<coordinates>
								-71.61479325636658,-16.33913360989097,0 -71.61436884983426,-16.33924078489489,0 -71.61428125490582,-16.33889564897762,0 -71.61470137011194,-16.3387723229141,0 -71.61479325636658,-16.33913360989097,0 
							</coordinates>
						</LinearRing>
					</outerBoundaryIs>
				</Polygon>
			</Placemark>
			<Placemark>
				<name>1.4.323-10</name>
				<styleUrl>#msn_ylw-pushpin51111002</styleUrl>
				<Polygon>
					<tessellate>1</tessellate>
					<outerBoundaryIs>
						<LinearRing>
							<coordinates>
								-71.61533567168237,-16.33931439588375,0 -71.61434285884519,-16.33959970458602,0 -71.6144062503957,-16.33933013399943,0 -71.61489959537549,-16.33918030064675,0 -71.61478119211506,-16.33875753341621,0 -71.6151449124248,-16.33866945985505,0 -71.61533567168237,-16.33931439588375,0 
							</coordinates>
						</LinearRing>
					</outerBoundaryIs>
				</Polygon>
			</Placemark>
			<Placemark>
				<name>1.4.323-11</name>
				<styleUrl>#msn_ylw-pushpin51111002</styleUrl>
				<Polygon>
					<tessellate>1</tessellate>
					<outerBoundaryIs>
						<LinearRing>
							<coordinates>
								-71.61542675570094,-16.33967937179442,0 -71.61459508296529,-16.33991311395136,0 -71.6143966151264,-16.33967675115206,0 -71.61535600583782,-16.3394039746284,0 -71.61542675570094,-16.33967937179442,0 
							</coordinates>
						</LinearRing>
					</outerBoundaryIs>
				</Polygon>
			</Placemark>
			<Placemark>
				<name>1.4.323-12</name>
				<styleUrl>#msn_ylw-pushpin51111002</styleUrl>
				<Polygon>
					<tessellate>1</tessellate>
					<outerBoundaryIs>
						<LinearRing>
							<coordinates>
								-71.61596157373563,-16.34141874034131,0 -71.61590457598467,-16.34144178219461,0 -71.61466546837573,-16.33997408644883,0 -71.61546588393323,-16.33975186404563,0 -71.61596157373563,-16.34141874034131,0 
							</coordinates>
						</LinearRing>
					</outerBoundaryIs>
				</Polygon>
			</Placemark>
			<Placemark>
				<name>1.4.324-1</name>
				<styleUrl>#msn_ylw-pushpin51111002</styleUrl>
				<Polygon>
					<tessellate>1</tessellate>
					<outerBoundaryIs>
						<LinearRing>
							<coordinates>
								-71.61669321351991,-16.33506039944553,0 -71.61653419351717,-16.33511410134686,0 -71.61629613837579,-16.3348403151813,0 -71.61647186625721,-16.33478727847983,0 -71.61669321351991,-16.33506039944553,0 
							</coordinates>
						</LinearRing>
					</outerBoundaryIs>
				</Polygon>
			</Placemark>
			<Placemark>
				<name>1.4.324-2</name>
				<styleUrl>#msn_ylw-pushpin51111002</styleUrl>
				<Polygon>
					<tessellate>1</tessellate>
					<outerBoundaryIs>
						<LinearRing>
							<coordinates>
								-71.61643918406467,-16.33512029073216,0 -71.61609582019453,-16.33520416110623,0 -71.61586687005905,-16.33494065709291,0 -71.61621929756589,-16.33485404295428,0 -71.61643918406467,-16.33512029073216,0 
							</coordinates>
						</LinearRing>
					</outerBoundaryIs>
				</Polygon>
			</Placemark>
			<Placemark>
				<name>1.4.324-3</name>
				<styleUrl>#msn_ylw-pushpin51111002</styleUrl>
				<Polygon>
					<tessellate>1</tessellate>
					<outerBoundaryIs>
						<LinearRing>
							<coordinates>
								-71.61604264933926,-16.33522503060795,0 -71.61583838554358,-16.33528261062354,0 -71.61554871518825,-16.33536613706526,0 -71.61531154918022,-16.33509759442651,0 -71.61561352308028,-16.33500159546947,0 -71.61581895297856,-16.3349716349161,0 -71.61604264933926,-16.33522503060795,0 
							</coordinates>
						</LinearRing>
					</outerBoundaryIs>
				</Polygon>
			</Placemark>
			<Placemark>
				<name>1.4.324-4</name>
				<styleUrl>#msn_ylw-pushpin51111002</styleUrl>
				<Polygon>
					<tessellate>1</tessellate>
					<outerBoundaryIs>
						<LinearRing>
							<coordinates>
								-71.61661141225751,-16.33530942237398,0 -71.61671502040015,-16.3354494548372,0 -71.61584048466766,-16.33567725253963,0 -71.61560734595169,-16.33540519945504,0 -71.61648223838013,-16.33518693640479,0 -71.61661141225751,-16.33530942237398,0 
							</coordinates>
						</LinearRing>
					</outerBoundaryIs>
				</Polygon>
			</Placemark>
			<Placemark>
				<name>1.4.324-5</name>
				<styleUrl>#msn_ylw-pushpin51111002</styleUrl>
				<Polygon>
					<tessellate>1</tessellate>
					<outerBoundaryIs>
						<LinearRing>
							<coordinates>
								-71.61698254842133,-16.33540800503014,0 -71.61681326553595,-16.33545253022758,0 -71.61657929899319,-16.33516426899283,0 -71.6167698043663,-16.33510816922277,0 -71.61698254842133,-16.33540800503014,0 
							</coordinates>
						</LinearRing>
					</outerBoundaryIs>
				</Polygon>
			</Placemark>
			<Placemark>
				<name>1.4.324-6</name>
				<styleUrl>#msn_ylw-pushpin51111002</styleUrl>
				<Polygon>
					<tessellate>1</tessellate>
					<outerBoundaryIs>
						<LinearRing>
							<coordinates>
								-71.61734096746326,-16.33582174439536,0 -71.61687846371608,-16.33591761322739,0 -71.61678353066509,-16.33556482173613,0 -71.61706876928754,-16.33550004047681,0 -71.61734096746326,-16.33582174439536,0 
							</coordinates>
						</LinearRing>
					</outerBoundaryIs>
				</Polygon>
			</Placemark>
			<Placemark>
				<name>1.4.324-7</name>
				<styleUrl>#msn_ylw-pushpin51111002</styleUrl>
				<Polygon>
					<tessellate>1</tessellate>
					<outerBoundaryIs>
						<LinearRing>
							<coordinates>
								-71.61694888662721,-16.33641035074593,0 -71.6165707257654,-16.33648778261477,0 -71.61635733789274,-16.33569372886586,0 -71.6167030594051,-16.33560409007498,0 -71.61694888662721,-16.33641035074593,0 
							</coordinates>
						</LinearRing>
					</outerBoundaryIs>
				</Polygon>
			</Placemark>
			<Placemark>
				<name>1.4.324-8</name>
				<styleUrl>#msn_ylw-pushpin51111002</styleUrl>
				<Polygon>
					<tessellate>1</tessellate>
					<outerBoundaryIs>
						<LinearRing>
							<coordinates>
								-71.61646438687387,-16.33642428938385,0 -71.6159252117944,-16.33579697778416,0 -71.61627914250617,-16.3357089362009,0 -71.61646438687387,-16.33642428938385,0 
							</coordinates>
						</LinearRing>
					</outerBoundaryIs>
				</Polygon>
			</Placemark>
			<Placemark>
				<name>1.4.324-9</name>
				<styleUrl>#msn_ylw-pushpin51111002</styleUrl>
				<Polygon>
					<tessellate>1</tessellate>
					<outerBoundaryIs>
						<LinearRing>
							<coordinates>
								-71.61710462619595,-16.33684349331509,0 -71.61688284707901,-16.33691955106802,0 -71.61661082540859,-16.33659385191442,0 -71.61697659284879,-16.33650044626951,0 -71.61710462619595,-16.33684349331509,0 
							</coordinates>
						</LinearRing>
					</outerBoundaryIs>
				</Polygon>
			</Placemark>
			<Placemark>
				<name>1.4.324-10</name>
				<styleUrl>#msn_ylw-pushpin51111002</styleUrl>
				<Polygon>
					<tessellate>1</tessellate>
					<outerBoundaryIs>
						<LinearRing>
							<coordinates>
								-71.61772186365386,-16.33630310846508,0 -71.61802386751151,-16.33659778298876,0 -71.61715267446223,-16.33682640654124,0 -71.61706014060911,-16.33647135750071,0 -71.61772186365386,-16.33630310846508,0 
							</coordinates>
						</LinearRing>
					</outerBoundaryIs>
				</Polygon>
			</Placemark>
			<Placemark>
				<name>1.4.324-11</name>
				<styleUrl>#msn_ylw-pushpin51111002</styleUrl>
				<Polygon>
					<tessellate>1</tessellate>
					<outerBoundaryIs>
						<LinearRing>
							<coordinates>
								-71.61770848721569,-16.33768605325338,0 -71.61746296127663,-16.33682669491519,0 -71.6180643520452,-16.3366750484539,0 -71.61820178395533,-16.33684694081655,0 -71.61829968372093,-16.33752509837954,0 -71.61770848721569,-16.33768605325338,0 
							</coordinates>
						</LinearRing>
					</outerBoundaryIs>
				</Polygon>
			</Placemark>
			<Placemark>
				<name>1.4.324-12</name>
				<styleUrl>#msn_ylw-pushpin51111002</styleUrl>
				<Polygon>
					<tessellate>1</tessellate>
					<outerBoundaryIs>
						<LinearRing>
							<coordinates>
								-71.61766805667108,-16.33770840661075,0 -71.61756588712917,-16.33774300173826,0 -71.61694026681998,-16.33696167342629,0 -71.61739877885221,-16.33685634990011,0 -71.61766805667108,-16.33770840661075,0 
							</coordinates>
						</LinearRing>
					</outerBoundaryIs>
				</Polygon>
			</Placemark>
			<Placemark>
				<name>1.4.324-13</name>
				<styleUrl>#msn_ylw-pushpin51111002</styleUrl>
				<Polygon>
					<tessellate>1</tessellate>
					<outerBoundaryIs>
						<LinearRing>
							<coordinates>
								-71.61821844912032,-16.33844569718255,0 -71.61795311871863,-16.33815818094207,0 -71.61909789779281,-16.33784318638638,0 -71.61935402647426,-16.3381420809562,0 -71.61821844912032,-16.33844569718255,0 
							</coordinates>
						</LinearRing>
					</outerBoundaryIs>
				</Polygon>
			</Placemark>
			<Placemark>
				<name>1.4.324-14</name>
				<styleUrl>#msn_ylw-pushpin51111002</styleUrl>
				<Polygon>
					<tessellate>1</tessellate>
					<outerBoundaryIs>
						<LinearRing>
							<coordinates>
								-71.618963449392,-16.33872854663111,0 -71.61853629182137,-16.33885434244512,0 -71.61827095591555,-16.33852622301141,0 -71.61867107407852,-16.33842512898536,0 -71.618963449392,-16.33872854663111,0 
							</coordinates>
						</LinearRing>
					</outerBoundaryIs>
				</Polygon>
			</Placemark>
			<Placemark>
				<name>1.4.324-15</name>
				<styleUrl>#msn_ylw-pushpin51111002</styleUrl>
				<Polygon>
					<tessellate>1</tessellate>
					<outerBoundaryIs>
						<LinearRing>
							<coordinates>
								-71.61920778788311,-16.33866696935516,0 -71.61902367896721,-16.33871896616193,0 -71.61877076904474,-16.33840238829498,0 -71.61894310283844,-16.33835353277271,0 -71.61920778788311,-16.33866696935516,0 
							</coordinates>
						</LinearRing>
					</outerBoundaryIs>
				</Polygon>
			</Placemark>
			<Placemark>
				<name>1.4.324-16</name>
				<styleUrl>#msn_ylw-pushpin51111002</styleUrl>
				<Polygon>
					<tessellate>1</tessellate>
					<outerBoundaryIs>
						<LinearRing>
							<coordinates>
								-71.61968754383136,-16.33852648739373,0 -71.61928361931875,-16.33864697961038,0 -71.61901293427742,-16.3383332510545,0 -71.61942044103381,-16.33822246821863,0 -71.61968754383136,-16.33852648739373,0 
							</coordinates>
						</LinearRing>
					</outerBoundaryIs>
				</Polygon>
			</Placemark>
			<Placemark>
				<name>1.4.324-17</name>
				<styleUrl>#msn_ylw-pushpin51111002</styleUrl>
				<Polygon>
					<tessellate>1</tessellate>
					<outerBoundaryIs>
						<LinearRing>
							<coordinates>
								-71.6197575588558,-16.33862745864842,0 -71.62001555327754,-16.33892879319347,0 -71.6196200407219,-16.33903559148253,0 -71.61935326725754,-16.33872685514444,0 -71.6197575588558,-16.33862745864842,0 
							</coordinates>
						</LinearRing>
					</outerBoundaryIs>
				</Polygon>
			</Placemark>
			<Placemark>
				<name>1.4.324-18</name>
				<styleUrl>#msn_ylw-pushpin51111002</styleUrl>
				<Polygon>
					<tessellate>1</tessellate>
					<outerBoundaryIs>
						<LinearRing>
							<coordinates>
								-71.61955130844672,-16.33905190283143,0 -71.61938089971656,-16.33910263243194,0 -71.6191131719916,-16.33878654860922,0 -71.61927179875346,-16.33874209132021,0 -71.61955130844672,-16.33905190283143,0 
							</coordinates>
						</LinearRing>
					</outerBoundaryIs>
				</Polygon>
			</Placemark>
			<Placemark>
				<name>1.4.324-19</name>
				<styleUrl>#msn_ylw-pushpin51111002</styleUrl>
				<Polygon>
					<tessellate>1</tessellate>
					<outerBoundaryIs>
						<LinearRing>
							<coordinates>
								-71.61929913812739,-16.3391191030272,0 -71.61889923151593,-16.33923553685982,0 -71.61862374316544,-16.33892461530673,0 -71.61903252133902,-16.33880846389139,0 -71.61929913812739,-16.3391191030272,0 
							</coordinates>
						</LinearRing>
					</outerBoundaryIs>
				</Polygon>
			</Placemark>
			<Placemark>
				<name>1.4.324-20</name>
				<styleUrl>#msn_ylw-pushpin51111002</styleUrl>
				<Polygon>
					<tessellate>1</tessellate>
					<outerBoundaryIs>
						<LinearRing>
							<coordinates>
								-71.61998339780924,-16.33990441765937,0 -71.61958515173274,-16.34002292089835,0 -71.61895954662842,-16.33931681952422,0 -71.61935735420485,-16.33919298275117,0 -71.61998339780924,-16.33990441765937,0 
							</coordinates>
						</LinearRing>
					</outerBoundaryIs>
				</Polygon>
			</Placemark>
			<Placemark>
				<name>1.4.324-22</name>
				<styleUrl>#msn_ylw-pushpin51111002</styleUrl>
				<Polygon>
					<tessellate>1</tessellate>
					<outerBoundaryIs>
						<LinearRing>
							<coordinates>
								-71.62068239230103,-16.33969251255078,0 -71.62032423830723,-16.33982279307489,0 -71.61970675857562,-16.33912670883283,0 -71.62010511517848,-16.33898525429708,0 -71.62068239230103,-16.33969251255078,0 
							</coordinates>
						</LinearRing>
					</outerBoundaryIs>
				</Polygon>
			</Placemark>
			<Placemark>
				<name>1.4.324-23</name>
				<styleUrl>#msn_ylw-pushpin51111002</styleUrl>
				<Polygon>
					<tessellate>1</tessellate>
					<outerBoundaryIs>
						<LinearRing>
							<coordinates>
								-71.62126435728139,-16.34036687217766,0 -71.62088084432605,-16.34049399793876,0 -71.62036229691783,-16.33988654176147,0 -71.62075132437189,-16.33977591052237,0 -71.62126435728139,-16.34036687217766,0 
							</coordinates>
						</LinearRing>
					</outerBoundaryIs>
				</Polygon>
			</Placemark>
			<Placemark>
				<name>1.4.324-24</name>
				<styleUrl>#msn_ylw-pushpin51111002</styleUrl>
				<Polygon>
					<tessellate>1</tessellate>
					<outerBoundaryIs>
						<LinearRing>
							<coordinates>
								-71.62079831316639,-16.34050562497372,0 -71.62062403666454,-16.34055084714575,0 -71.62010218633469,-16.33995100181479,0 -71.62028307112344,-16.33989517865357,0 -71.62079831316639,-16.34050562497372,0 
							</coordinates>
						</LinearRing>
					</outerBoundaryIs>
				</Polygon>
			</Placemark>
			<Placemark>
				<name>1.4.324-25</name>
				<styleUrl>#msn_ylw-pushpin51111002</styleUrl>
				<Polygon>
					<tessellate>1</tessellate>
					<outerBoundaryIs>
						<LinearRing>
							<coordinates>
								-71.62055530274415,-16.34057551020273,0 -71.6201577025108,-16.34068830956667,0 -71.6196225113715,-16.3400767733314,0 -71.62004106059726,-16.33995472955591,0 -71.62055530274415,-16.34057551020273,0 
							</coordinates>
						</LinearRing>
					</outerBoundaryIs>
				</Polygon>
			</Placemark>
			<Placemark>
				<name>1.4.324-26</name>
				<styleUrl>#msn_ylw-pushpin51111002</styleUrl>
				<ExtendedData>
					<SchemaData schemaUrl="#S_yura_poligono_DSSSSDDDDS00100">
						<SimpleData name="fid">40708</SimpleData>
						<SimpleData name="handle">268394</SimpleData>
						<SimpleData name="block">-1</SimpleData>
						<SimpleData name="etype">18</SimpleData>
						<SimpleData name="space">0</SimpleData>
						<SimpleData name="layer">MANZANAS</SimpleData>
						<SimpleData name="olinetype">bylayer</SimpleData>
						<SimpleData name="linetype"></SimpleData>
						<SimpleData name="color">127,127,255,255</SimpleData>
						<SimpleData name="ocolor">256</SimpleData>
						<SimpleData name="color24">-1</SimpleData>
						<SimpleData name="transparen">0</SimpleData>
						<SimpleData name="lweight">-1</SimpleData>
						<SimpleData name="linewidth">0.15</SimpleData>
						<SimpleData name="ltscale">1</SimpleData>
						<SimpleData name="visible">1</SimpleData>
						<SimpleData name="width">0</SimpleData>
						<SimpleData name="thickness">0</SimpleData>
						<SimpleData name="ext">(3:0,0,0.1)</SimpleData>
					</SchemaData>
				</ExtendedData>
				<Polygon>
					<outerBoundaryIs>
						<LinearRing>
							<coordinates>
								-71.61913960539943,-16.34021605614688,0 -71.61932292804153,-16.34016096508574,0 -71.61940028307831,-16.34016748878385,0 -71.61968053000419,-16.34047711034783,0 -71.6194850389478,-16.34054118442323,0 -71.61958432164798,-16.34087929341757,0 -71.61936865240749,-16.34093293740844,0 -71.61913960539943,-16.34021605614688,0 
							</coordinates>
						</LinearRing>
					</outerBoundaryIs>
				</Polygon>
			</Placemark>
			<Placemark>
				<name>1.4.324-27</name>
				<styleUrl>#msn_ylw-pushpin51111002</styleUrl>
				<ExtendedData>
					<SchemaData schemaUrl="#S_yura_poligono_DSSSSDDDDS00100">
						<SimpleData name="fid">40708</SimpleData>
						<SimpleData name="handle">268394</SimpleData>
						<SimpleData name="block">-1</SimpleData>
						<SimpleData name="etype">18</SimpleData>
						<SimpleData name="space">0</SimpleData>
						<SimpleData name="layer">MANZANAS</SimpleData>
						<SimpleData name="olinetype">bylayer</SimpleData>
						<SimpleData name="linetype"></SimpleData>
						<SimpleData name="color">127,127,255,255</SimpleData>
						<SimpleData name="ocolor">256</SimpleData>
						<SimpleData name="color24">-1</SimpleData>
						<SimpleData name="transparen">0</SimpleData>
						<SimpleData name="lweight">-1</SimpleData>
						<SimpleData name="linewidth">0.15</SimpleData>
						<SimpleData name="ltscale">1</SimpleData>
						<SimpleData name="visible">1</SimpleData>
						<SimpleData name="width">0</SimpleData>
						<SimpleData name="thickness">0</SimpleData>
						<SimpleData name="ext">(3:0,0,0.1)</SimpleData>
					</SchemaData>
				</ExtendedData>
				<Polygon>
					<outerBoundaryIs>
						<LinearRing>
							<coordinates>
								-71.61924169010437,-16.34096270009686,0 -71.61888263930997,-16.3410596506613,0 -71.61883596074564,-16.34091804078907,0 -71.61879624739875,-16.34092466143537,0 -71.61861870284541,-16.34035913204468,0 -71.61903440490507,-16.34024565761879,0 -71.61924169010437,-16.34096270009686,0 
							</coordinates>
						</LinearRing>
					</outerBoundaryIs>
				</Polygon>
			</Placemark>
			<Placemark>
				<name>1.4.324-28</name>
				<styleUrl>#msn_ylw-pushpin51111002</styleUrl>
				<ExtendedData>
					<SchemaData schemaUrl="#S_yura_poligono_DSSSSDDDDS00100">
						<SimpleData name="fid">40708</SimpleData>
						<SimpleData name="handle">268394</SimpleData>
						<SimpleData name="block">-1</SimpleData>
						<SimpleData name="etype">18</SimpleData>
						<SimpleData name="space">0</SimpleData>
						<SimpleData name="layer">MANZANAS</SimpleData>
						<SimpleData name="olinetype">bylayer</SimpleData>
						<SimpleData name="linetype"></SimpleData>
						<SimpleData name="color">127,127,255,255</SimpleData>
						<SimpleData name="ocolor">256</SimpleData>
						<SimpleData name="color24">-1</SimpleData>
						<SimpleData name="transparen">0</SimpleData>
						<SimpleData name="lweight">-1</SimpleData>
						<SimpleData name="linewidth">0.15</SimpleData>
						<SimpleData name="ltscale">1</SimpleData>
						<SimpleData name="visible">1</SimpleData>
						<SimpleData name="width">0</SimpleData>
						<SimpleData name="thickness">0</SimpleData>
						<SimpleData name="ext">(3:0,0,0.1)</SimpleData>
					</SchemaData>
				</ExtendedData>
				<Polygon>
					<outerBoundaryIs>
						<LinearRing>
							<coordinates>
								-71.61868706505112,-16.34111793987272,0 -71.61829971618818,-16.34122854455912,0 -71.61808949507069,-16.34051440064743,0 -71.61849978984615,-16.34040325028011,0 -71.61868706505112,-16.34111793987272,0 
							</coordinates>
						</LinearRing>
					</outerBoundaryIs>
				</Polygon>
			</Placemark>
			<Placemark>
				<name>1.4.324-29</name>
				<styleUrl>#msn_ylw-pushpin51111002</styleUrl>
				<ExtendedData>
					<SchemaData schemaUrl="#S_yura_poligono_DSSSSDDDDS00100">
						<SimpleData name="fid">40708</SimpleData>
						<SimpleData name="handle">268394</SimpleData>
						<SimpleData name="block">-1</SimpleData>
						<SimpleData name="etype">18</SimpleData>
						<SimpleData name="space">0</SimpleData>
						<SimpleData name="layer">MANZANAS</SimpleData>
						<SimpleData name="olinetype">bylayer</SimpleData>
						<SimpleData name="linetype"></SimpleData>
						<SimpleData name="color">127,127,255,255</SimpleData>
						<SimpleData name="ocolor">256</SimpleData>
						<SimpleData name="color24">-1</SimpleData>
						<SimpleData name="transparen">0</SimpleData>
						<SimpleData name="lweight">-1</SimpleData>
						<SimpleData name="linewidth">0.15</SimpleData>
						<SimpleData name="ltscale">1</SimpleData>
						<SimpleData name="visible">1</SimpleData>
						<SimpleData name="width">0</SimpleData>
						<SimpleData name="thickness">0</SimpleData>
						<SimpleData name="ext">(3:0,0,0.1)</SimpleData>
					</SchemaData>
				</ExtendedData>
				<Polygon>
					<outerBoundaryIs>
						<LinearRing>
							<coordinates>
								-71.61801419279682,-16.34131596436553,0 -71.61761297138524,-16.34142417644095,0 -71.61739747584267,-16.34072923980106,0 -71.61780988162825,-16.34060980569388,0 -71.61801419279682,-16.34131596436553,0 
							</coordinates>
						</LinearRing>
					</outerBoundaryIs>
				</Polygon>
			</Placemark>
			<Placemark>
				<name>1.4.324-30</name>
				<styleUrl>#msn_ylw-pushpin51111002</styleUrl>
				<ExtendedData>
					<SchemaData schemaUrl="#S_yura_poligono_DSSSSDDDDS00100">
						<SimpleData name="fid">40708</SimpleData>
						<SimpleData name="handle">268394</SimpleData>
						<SimpleData name="block">-1</SimpleData>
						<SimpleData name="etype">18</SimpleData>
						<SimpleData name="space">0</SimpleData>
						<SimpleData name="layer">MANZANAS</SimpleData>
						<SimpleData name="olinetype">bylayer</SimpleData>
						<SimpleData name="linetype"></SimpleData>
						<SimpleData name="color">127,127,255,255</SimpleData>
						<SimpleData name="ocolor">256</SimpleData>
						<SimpleData name="color24">-1</SimpleData>
						<SimpleData name="transparen">0</SimpleData>
						<SimpleData name="lweight">-1</SimpleData>
						<SimpleData name="linewidth">0.15</SimpleData>
						<SimpleData name="ltscale">1</SimpleData>
						<SimpleData name="visible">1</SimpleData>
						<SimpleData name="width">0</SimpleData>
						<SimpleData name="thickness">0</SimpleData>
						<SimpleData name="ext">(3:0,0,0.1)</SimpleData>
					</SchemaData>
				</ExtendedData>
				<Polygon>
					<outerBoundaryIs>
						<LinearRing>
							<coordinates>
								-71.61749414795207,-16.34148350355241,0 -71.61706202224619,-16.34158828639933,0 -71.6168393315962,-16.34087382328446,0 -71.61725336188015,-16.34075860857466,0 -71.61749414795207,-16.34148350355241,0 
							</coordinates>
						</LinearRing>
					</outerBoundaryIs>
				</Polygon>
			</Placemark>
			<Placemark>
				<name>1.4.324-31</name>
				<styleUrl>#msn_ylw-pushpin51111002</styleUrl>
				<ExtendedData>
					<SchemaData schemaUrl="#S_yura_poligono_DSSSSDDDDS00100">
						<SimpleData name="fid">40708</SimpleData>
						<SimpleData name="handle">268394</SimpleData>
						<SimpleData name="block">-1</SimpleData>
						<SimpleData name="etype">18</SimpleData>
						<SimpleData name="space">0</SimpleData>
						<SimpleData name="layer">MANZANAS</SimpleData>
						<SimpleData name="olinetype">bylayer</SimpleData>
						<SimpleData name="linetype"></SimpleData>
						<SimpleData name="color">127,127,255,255</SimpleData>
						<SimpleData name="ocolor">256</SimpleData>
						<SimpleData name="color24">-1</SimpleData>
						<SimpleData name="transparen">0</SimpleData>
						<SimpleData name="lweight">-1</SimpleData>
						<SimpleData name="linewidth">0.15</SimpleData>
						<SimpleData name="ltscale">1</SimpleData>
						<SimpleData name="visible">1</SimpleData>
						<SimpleData name="width">0</SimpleData>
						<SimpleData name="thickness">0</SimpleData>
						<SimpleData name="ext">(3:0,0,0.1)</SimpleData>
					</SchemaData>
				</ExtendedData>
				<Polygon>
					<outerBoundaryIs>
						<LinearRing>
							<coordinates>
								-71.61690352244628,-16.34164637285955,0 -71.61657715250516,-16.34175145144451,0 -71.61630184477481,-16.34150947755754,0 -71.61624034166522,-16.34133165623627,0 -71.61605279971288,-16.34137425467935,0 -71.615968754985,-16.34111034419536,0 -71.61670564105999,-16.3408989737425,0 -71.61690352244628,-16.34164637285955,0 
							</coordinates>
						</LinearRing>
					</outerBoundaryIs>
				</Polygon>
			</Placemark>
			<Placemark>
				<name>1.4.324-32</name>
				<styleUrl>#msn_ylw-pushpin51111002</styleUrl>
				<ExtendedData>
					<SchemaData schemaUrl="#S_yura_poligono_DSSSSDDDDS00100">
						<SimpleData name="fid">40708</SimpleData>
						<SimpleData name="handle">268394</SimpleData>
						<SimpleData name="block">-1</SimpleData>
						<SimpleData name="etype">18</SimpleData>
						<SimpleData name="space">0</SimpleData>
						<SimpleData name="layer">MANZANAS</SimpleData>
						<SimpleData name="olinetype">bylayer</SimpleData>
						<SimpleData name="linetype"></SimpleData>
						<SimpleData name="color">127,127,255,255</SimpleData>
						<SimpleData name="ocolor">256</SimpleData>
						<SimpleData name="color24">-1</SimpleData>
						<SimpleData name="transparen">0</SimpleData>
						<SimpleData name="lweight">-1</SimpleData>
						<SimpleData name="linewidth">0.15</SimpleData>
						<SimpleData name="ltscale">1</SimpleData>
						<SimpleData name="visible">1</SimpleData>
						<SimpleData name="width">0</SimpleData>
						<SimpleData name="thickness">0</SimpleData>
						<SimpleData name="ext">(3:0,0,0.1)</SimpleData>
					</SchemaData>
				</ExtendedData>
				<Polygon>
					<outerBoundaryIs>
						<LinearRing>
							<coordinates>
								-71.61666133347937,-16.34075676998673,0 -71.61593659557926,-16.34095269176167,0 -71.61582317872899,-16.34057530201758,0 -71.61657217134452,-16.34036725981904,0 -71.61666133347937,-16.34075676998673,0 
							</coordinates>
						</LinearRing>
					</outerBoundaryIs>
				</Polygon>
			</Placemark>
			<Placemark>
				<name>1.4.324-33</name>
				<styleUrl>#msn_ylw-pushpin51111002</styleUrl>
				<ExtendedData>
					<SchemaData schemaUrl="#S_yura_poligono_DSSSSDDDDS00100">
						<SimpleData name="fid">40708</SimpleData>
						<SimpleData name="handle">268394</SimpleData>
						<SimpleData name="block">-1</SimpleData>
						<SimpleData name="etype">18</SimpleData>
						<SimpleData name="space">0</SimpleData>
						<SimpleData name="layer">MANZANAS</SimpleData>
						<SimpleData name="olinetype">bylayer</SimpleData>
						<SimpleData name="linetype"></SimpleData>
						<SimpleData name="color">127,127,255,255</SimpleData>
						<SimpleData name="ocolor">256</SimpleData>
						<SimpleData name="color24">-1</SimpleData>
						<SimpleData name="transparen">0</SimpleData>
						<SimpleData name="lweight">-1</SimpleData>
						<SimpleData name="linewidth">0.15</SimpleData>
						<SimpleData name="ltscale">1</SimpleData>
						<SimpleData name="visible">1</SimpleData>
						<SimpleData name="width">0</SimpleData>
						<SimpleData name="thickness">0</SimpleData>
						<SimpleData name="ext">(3:0,0,0.1)</SimpleData>
					</SchemaData>
				</ExtendedData>
				<Polygon>
					<outerBoundaryIs>
						<LinearRing>
							<coordinates>
								-71.61658784731814,-16.33994756309974,0 -71.61705388026347,-16.33981753535616,0 -71.61715327518164,-16.34016871689361,0 -71.61752515881561,-16.34006829514403,0 -71.61765479199681,-16.34051915551209,0 -71.61682766297933,-16.34072830951084,0 -71.61658784731814,-16.33994756309974,0 
							</coordinates>
						</LinearRing>
					</outerBoundaryIs>
				</Polygon>
			</Placemark>
			<Placemark>
				<name>1.4.324-34</name>
				<styleUrl>#msn_ylw-pushpin51111002</styleUrl>
				<ExtendedData>
					<SchemaData schemaUrl="#S_yura_poligono_DSSSSDDDDS00100">
						<SimpleData name="fid">40708</SimpleData>
						<SimpleData name="handle">268394</SimpleData>
						<SimpleData name="block">-1</SimpleData>
						<SimpleData name="etype">18</SimpleData>
						<SimpleData name="space">0</SimpleData>
						<SimpleData name="layer">MANZANAS</SimpleData>
						<SimpleData name="olinetype">bylayer</SimpleData>
						<SimpleData name="linetype"></SimpleData>
						<SimpleData name="color">127,127,255,255</SimpleData>
						<SimpleData name="ocolor">256</SimpleData>
						<SimpleData name="color24">-1</SimpleData>
						<SimpleData name="transparen">0</SimpleData>
						<SimpleData name="lweight">-1</SimpleData>
						<SimpleData name="linewidth">0.15</SimpleData>
						<SimpleData name="ltscale">1</SimpleData>
						<SimpleData name="visible">1</SimpleData>
						<SimpleData name="width">0</SimpleData>
						<SimpleData name="thickness">0</SimpleData>
						<SimpleData name="ext">(3:0,0,0.1)</SimpleData>
					</SchemaData>
				</ExtendedData>
				<Polygon>
					<outerBoundaryIs>
						<LinearRing>
							<coordinates>
								-71.6181034899579,-16.34040386586351,0 -71.6177362701812,-16.34049944245266,0 -71.61752241609189,-16.33970594974376,0 -71.61788029626611,-16.33960697782983,0 -71.6181034899579,-16.34040386586351,0 
							</coordinates>
						</LinearRing>
					</outerBoundaryIs>
				</Polygon>
			</Placemark>
			<Placemark>
				<name>1.4.324-35</name>
				<styleUrl>#msn_ylw-pushpin51111002</styleUrl>
				<ExtendedData>
					<SchemaData schemaUrl="#S_yura_poligono_DSSSSDDDDS00100">
						<SimpleData name="fid">40708</SimpleData>
						<SimpleData name="handle">268394</SimpleData>
						<SimpleData name="block">-1</SimpleData>
						<SimpleData name="etype">18</SimpleData>
						<SimpleData name="space">0</SimpleData>
						<SimpleData name="layer">MANZANAS</SimpleData>
						<SimpleData name="olinetype">bylayer</SimpleData>
						<SimpleData name="linetype"></SimpleData>
						<SimpleData name="color">127,127,255,255</SimpleData>
						<SimpleData name="ocolor">256</SimpleData>
						<SimpleData name="color24">-1</SimpleData>
						<SimpleData name="transparen">0</SimpleData>
						<SimpleData name="lweight">-1</SimpleData>
						<SimpleData name="linewidth">0.15</SimpleData>
						<SimpleData name="ltscale">1</SimpleData>
						<SimpleData name="visible">1</SimpleData>
						<SimpleData name="width">0</SimpleData>
						<SimpleData name="thickness">0</SimpleData>
						<SimpleData name="ext">(3:0,0,0.1)</SimpleData>
					</SchemaData>
				</ExtendedData>
				<Polygon>
					<outerBoundaryIs>
						<LinearRing>
							<coordinates>
								-71.61856193760985,-16.34027169535628,0 -71.61818512034365,-16.3403667195659,0 -71.61799224793498,-16.33958481774406,0 -71.61834919536328,-16.33948998092494,0 -71.61856193760985,-16.34027169535628,0 
							</coordinates>
						</LinearRing>
					</outerBoundaryIs>
				</Polygon>
			</Placemark>
			<Placemark>
				<name>1.4.324-36</name>
				<styleUrl>#msn_ylw-pushpin51111002</styleUrl>
				<ExtendedData>
					<SchemaData schemaUrl="#S_yura_poligono_DSSSSDDDDS00100">
						<SimpleData name="fid">40708</SimpleData>
						<SimpleData name="handle">268394</SimpleData>
						<SimpleData name="block">-1</SimpleData>
						<SimpleData name="etype">18</SimpleData>
						<SimpleData name="space">0</SimpleData>
						<SimpleData name="layer">MANZANAS</SimpleData>
						<SimpleData name="olinetype">bylayer</SimpleData>
						<SimpleData name="linetype"></SimpleData>
						<SimpleData name="color">127,127,255,255</SimpleData>
						<SimpleData name="ocolor">256</SimpleData>
						<SimpleData name="color24">-1</SimpleData>
						<SimpleData name="transparen">0</SimpleData>
						<SimpleData name="lweight">-1</SimpleData>
						<SimpleData name="linewidth">0.15</SimpleData>
						<SimpleData name="ltscale">1</SimpleData>
						<SimpleData name="visible">1</SimpleData>
						<SimpleData name="width">0</SimpleData>
						<SimpleData name="thickness">0</SimpleData>
						<SimpleData name="ext">(3:0,0,0.1)</SimpleData>
					</SchemaData>
				</ExtendedData>
				<Polygon>
					<outerBoundaryIs>
						<LinearRing>
							<coordinates>
								-71.6188699911982,-16.33954915233991,0 -71.61903633988069,-16.34017617674424,0 -71.61867568587928,-16.34023695796011,0 -71.61845665409341,-16.33946560578801,0 -71.61874015321239,-16.33937587519731,0 -71.6188699911982,-16.33954915233991,0 
							</coordinates>
						</LinearRing>
					</outerBoundaryIs>
				</Polygon>
			</Placemark>
			<Placemark>
				<name>1.4.324-38</name>
				<styleUrl>#msn_ylw-pushpin51111002</styleUrl>
				<ExtendedData>
					<SchemaData schemaUrl="#S_yura_poligono_DSSSSDDDDS00100">
						<SimpleData name="fid">40713</SimpleData>
						<SimpleData name="handle">268399</SimpleData>
						<SimpleData name="block">-1</SimpleData>
						<SimpleData name="etype">18</SimpleData>
						<SimpleData name="space">0</SimpleData>
						<SimpleData name="layer">MANZANAS</SimpleData>
						<SimpleData name="olinetype">bylayer</SimpleData>
						<SimpleData name="linetype"></SimpleData>
						<SimpleData name="color">127,127,255,255</SimpleData>
						<SimpleData name="ocolor">256</SimpleData>
						<SimpleData name="color24">-1</SimpleData>
						<SimpleData name="transparen">0</SimpleData>
						<SimpleData name="lweight">-1</SimpleData>
						<SimpleData name="linewidth">0.15</SimpleData>
						<SimpleData name="ltscale">1</SimpleData>
						<SimpleData name="visible">1</SimpleData>
						<SimpleData name="width">0</SimpleData>
						<SimpleData name="thickness">0</SimpleData>
						<SimpleData name="ext">(3:0,0,0.1)</SimpleData>
					</SchemaData>
				</ExtendedData>
				<Polygon>
					<outerBoundaryIs>
						<LinearRing>
							<coordinates>
								-71.61830192301895,-16.33900602267586,0 -71.61836447838719,-16.33898779974711,0 -71.61864966140047,-16.33930428252167,0 -71.61842512925379,-16.33936145938657,0 -71.61830192301895,-16.33900602267586,0 
							</coordinates>
						</LinearRing>
					</outerBoundaryIs>
				</Polygon>
			</Placemark>
			<Placemark>
				<name>1.4.324-39</name>
				<styleUrl>#msn_ylw-pushpin51111002</styleUrl>
				<ExtendedData>
					<SchemaData schemaUrl="#S_yura_poligono_DSSSSDDDDS00100">
						<SimpleData name="fid">40713</SimpleData>
						<SimpleData name="handle">268399</SimpleData>
						<SimpleData name="block">-1</SimpleData>
						<SimpleData name="etype">18</SimpleData>
						<SimpleData name="space">0</SimpleData>
						<SimpleData name="layer">MANZANAS</SimpleData>
						<SimpleData name="olinetype">bylayer</SimpleData>
						<SimpleData name="linetype"></SimpleData>
						<SimpleData name="color">127,127,255,255</SimpleData>
						<SimpleData name="ocolor">256</SimpleData>
						<SimpleData name="color24">-1</SimpleData>
						<SimpleData name="transparen">0</SimpleData>
						<SimpleData name="lweight">-1</SimpleData>
						<SimpleData name="linewidth">0.15</SimpleData>
						<SimpleData name="ltscale">1</SimpleData>
						<SimpleData name="visible">1</SimpleData>
						<SimpleData name="width">0</SimpleData>
						<SimpleData name="thickness">0</SimpleData>
						<SimpleData name="ext">(3:0,0,0.1)</SimpleData>
					</SchemaData>
				</ExtendedData>
				<Polygon>
					<outerBoundaryIs>
						<LinearRing>
							<coordinates>
								-71.6183322396073,-16.33939308688138,0 -71.61795447331679,-16.33948741648505,0 -71.61786939049114,-16.33913812452809,0 -71.61822393807944,-16.33903795639038,0 -71.6183322396073,-16.33939308688138,0 
							</coordinates>
						</LinearRing>
					</outerBoundaryIs>
				</Polygon>
			</Placemark>
			<Placemark>
				<name>1.4.324-41</name>
				<styleUrl>#msn_ylw-pushpin51111002</styleUrl>
				<ExtendedData>
					<SchemaData schemaUrl="#S_yura_poligono_DSSSSDDDDS00100">
						<SimpleData name="fid">40708</SimpleData>
						<SimpleData name="handle">268394</SimpleData>
						<SimpleData name="block">-1</SimpleData>
						<SimpleData name="etype">18</SimpleData>
						<SimpleData name="space">0</SimpleData>
						<SimpleData name="layer">MANZANAS</SimpleData>
						<SimpleData name="olinetype">bylayer</SimpleData>
						<SimpleData name="linetype"></SimpleData>
						<SimpleData name="color">127,127,255,255</SimpleData>
						<SimpleData name="ocolor">256</SimpleData>
						<SimpleData name="color24">-1</SimpleData>
						<SimpleData name="transparen">0</SimpleData>
						<SimpleData name="lweight">-1</SimpleData>
						<SimpleData name="linewidth">0.15</SimpleData>
						<SimpleData name="ltscale">1</SimpleData>
						<SimpleData name="visible">1</SimpleData>
						<SimpleData name="width">0</SimpleData>
						<SimpleData name="thickness">0</SimpleData>
						<SimpleData name="ext">(3:0,0,0.1)</SimpleData>
					</SchemaData>
				</ExtendedData>
				<Polygon>
					<outerBoundaryIs>
						<LinearRing>
							<coordinates>
								-71.61738530662754,-16.33964279742688,0 -71.61658222233568,-16.33984783050756,0 -71.61646963432,-16.33950594633685,0 -71.61730399099881,-16.33929200723932,0 -71.61738530662754,-16.33964279742688,0 
							</coordinates>
						</LinearRing>
					</outerBoundaryIs>
				</Polygon>
			</Placemark>
			<Placemark>
				<name>1.4.324-42</name>
				<styleUrl>#msn_ylw-pushpin51111002</styleUrl>
				<ExtendedData>
					<SchemaData schemaUrl="#S_yura_poligono_DSSSSDDDDS00100">
						<SimpleData name="fid">40671</SimpleData>
						<SimpleData name="handle">268357</SimpleData>
						<SimpleData name="block">-1</SimpleData>
						<SimpleData name="etype">18</SimpleData>
						<SimpleData name="space">0</SimpleData>
						<SimpleData name="layer">MANZANAS</SimpleData>
						<SimpleData name="olinetype">bylayer</SimpleData>
						<SimpleData name="linetype"></SimpleData>
						<SimpleData name="color">127,127,255,255</SimpleData>
						<SimpleData name="ocolor">256</SimpleData>
						<SimpleData name="color24">-1</SimpleData>
						<SimpleData name="transparen">0</SimpleData>
						<SimpleData name="lweight">-1</SimpleData>
						<SimpleData name="linewidth">0.15</SimpleData>
						<SimpleData name="ltscale">1</SimpleData>
						<SimpleData name="visible">1</SimpleData>
						<SimpleData name="width">0</SimpleData>
						<SimpleData name="thickness">0</SimpleData>
						<SimpleData name="ext">(3:0,0,0.1)</SimpleData>
					</SchemaData>
				</ExtendedData>
				<Polygon>
					<outerBoundaryIs>
						<LinearRing>
							<coordinates>
								-71.61634901203448,-16.33953151339588,0 -71.61657894502973,-16.3402960955191,0 -71.61579036240283,-16.34047304180084,0 -71.61559538004266,-16.33975631203618,0 -71.61560459589917,-16.33970737975161,0 -71.61634901203448,-16.33953151339588,0 
							</coordinates>
						</LinearRing>
					</outerBoundaryIs>
				</Polygon>
			</Placemark>
			<Placemark>
				<name>1.4.324-44</name>
				<styleUrl>#msn_ylw-pushpin51111002</styleUrl>
				<ExtendedData>
					<SchemaData schemaUrl="#S_yura_poligono_DSSSSDDDDS00100">
						<SimpleData name="fid">40707</SimpleData>
						<SimpleData name="handle">268393</SimpleData>
						<SimpleData name="block">-1</SimpleData>
						<SimpleData name="etype">18</SimpleData>
						<SimpleData name="space">0</SimpleData>
						<SimpleData name="layer">MANZANAS</SimpleData>
						<SimpleData name="olinetype">bylayer</SimpleData>
						<SimpleData name="linetype"></SimpleData>
						<SimpleData name="color">127,127,255,255</SimpleData>
						<SimpleData name="ocolor">256</SimpleData>
						<SimpleData name="color24">-1</SimpleData>
						<SimpleData name="transparen">0</SimpleData>
						<SimpleData name="lweight">-1</SimpleData>
						<SimpleData name="linewidth">0.15</SimpleData>
						<SimpleData name="ltscale">1</SimpleData>
						<SimpleData name="visible">1</SimpleData>
						<SimpleData name="width">0</SimpleData>
						<SimpleData name="thickness">0</SimpleData>
						<SimpleData name="ext">(3:0,0,0.1)</SimpleData>
					</SchemaData>
				</ExtendedData>
				<Polygon>
					<outerBoundaryIs>
						<LinearRing>
							<coordinates>
								-71.61728821048277,-16.3391900000113,0 -71.61644141185151,-16.33939724001107,0 -71.61633182652062,-16.33904034127689,0 -71.61716300485521,-16.33883504758803,0 -71.61728821048277,-16.3391900000113,0 
							</coordinates>
						</LinearRing>
					</outerBoundaryIs>
				</Polygon>
			</Placemark>
			<Placemark>
				<name>1.4.324-45</name>
				<styleUrl>#msn_ylw-pushpin51111002</styleUrl>
				<ExtendedData>
					<SchemaData schemaUrl="#S_yura_poligono_DSSSSDDDDS00100">
						<SimpleData name="fid">40713</SimpleData>
						<SimpleData name="handle">268399</SimpleData>
						<SimpleData name="block">-1</SimpleData>
						<SimpleData name="etype">18</SimpleData>
						<SimpleData name="space">0</SimpleData>
						<SimpleData name="layer">MANZANAS</SimpleData>
						<SimpleData name="olinetype">bylayer</SimpleData>
						<SimpleData name="linetype"></SimpleData>
						<SimpleData name="color">127,127,255,255</SimpleData>
						<SimpleData name="ocolor">256</SimpleData>
						<SimpleData name="color24">-1</SimpleData>
						<SimpleData name="transparen">0</SimpleData>
						<SimpleData name="lweight">-1</SimpleData>
						<SimpleData name="linewidth">0.15</SimpleData>
						<SimpleData name="ltscale">1</SimpleData>
						<SimpleData name="visible">1</SimpleData>
						<SimpleData name="width">0</SimpleData>
						<SimpleData name="thickness">0</SimpleData>
						<SimpleData name="ext">(3:0,0,0.1)</SimpleData>
					</SchemaData>
				</ExtendedData>
				<Polygon>
					<outerBoundaryIs>
						<LinearRing>
							<coordinates>
								-71.61772572853766,-16.33905654904699,0 -71.61738352592415,-16.33916687461073,0 -71.61727023231123,-16.33880622025058,0 -71.61762539318538,-16.33872688547793,0 -71.61772572853766,-16.33905654904699,0 
							</coordinates>
						</LinearRing>
					</outerBoundaryIs>
				</Polygon>
			</Placemark>
			<Placemark>
				<name>1.4.324-46</name>
				<styleUrl>#msn_ylw-pushpin51111002</styleUrl>
				<ExtendedData>
					<SchemaData schemaUrl="#S_yura_poligono_DSSSSDDDDS00100">
						<SimpleData name="fid">40705</SimpleData>
						<SimpleData name="handle">268391</SimpleData>
						<SimpleData name="block">-1</SimpleData>
						<SimpleData name="etype">18</SimpleData>
						<SimpleData name="space">0</SimpleData>
						<SimpleData name="layer">MANZANAS</SimpleData>
						<SimpleData name="olinetype">bylayer</SimpleData>
						<SimpleData name="linetype"></SimpleData>
						<SimpleData name="color">127,127,255,255</SimpleData>
						<SimpleData name="ocolor">256</SimpleData>
						<SimpleData name="color24">-1</SimpleData>
						<SimpleData name="transparen">0</SimpleData>
						<SimpleData name="lweight">-1</SimpleData>
						<SimpleData name="linewidth">0.15</SimpleData>
						<SimpleData name="ltscale">1</SimpleData>
						<SimpleData name="visible">1</SimpleData>
						<SimpleData name="width">0</SimpleData>
						<SimpleData name="thickness">0</SimpleData>
						<SimpleData name="ext">(3:0,0,0.1)</SimpleData>
					</SchemaData>
				</ExtendedData>
				<Polygon>
					<outerBoundaryIs>
						<LinearRing>
							<coordinates>
								-71.61826023755211,-16.33889326864666,0 -71.61782501726024,-16.33903495786976,0 -71.6175889231194,-16.33815277489544,0 -71.61765808400382,-16.33812190371536,0 -71.61820477100912,-16.33875914018184,0 -71.61826023755211,-16.33889326864666,0 
							</coordinates>
						</LinearRing>
					</outerBoundaryIs>
				</Polygon>
			</Placemark>
			<Placemark>
				<name>1.4.324-48</name>
				<styleUrl>#msn_ylw-pushpin51111002</styleUrl>
				<ExtendedData>
					<SchemaData schemaUrl="#S_yura_poligono_DSSSSDDDDS00100">
						<SimpleData name="fid">40716</SimpleData>
						<SimpleData name="handle">268402</SimpleData>
						<SimpleData name="block">-1</SimpleData>
						<SimpleData name="etype">18</SimpleData>
						<SimpleData name="space">0</SimpleData>
						<SimpleData name="layer">MANZANAS</SimpleData>
						<SimpleData name="olinetype">bylayer</SimpleData>
						<SimpleData name="linetype"></SimpleData>
						<SimpleData name="color">127,127,255,255</SimpleData>
						<SimpleData name="ocolor">256</SimpleData>
						<SimpleData name="color24">-1</SimpleData>
						<SimpleData name="transparen">0</SimpleData>
						<SimpleData name="lweight">-1</SimpleData>
						<SimpleData name="linewidth">0.15</SimpleData>
						<SimpleData name="ltscale">1</SimpleData>
						<SimpleData name="visible">1</SimpleData>
						<SimpleData name="width">0</SimpleData>
						<SimpleData name="thickness">0</SimpleData>
						<SimpleData name="ext">(3:0,0,0.1)</SimpleData>
					</SchemaData>
				</ExtendedData>
				<Polygon>
					<outerBoundaryIs>
						<LinearRing>
							<coordinates>
								-71.61703499951622,-16.33838785351699,0 -71.61716025389008,-16.33874535804799,0 -71.6163243247285,-16.33893740404035,0 -71.6162095915885,-16.33860713547428,0 -71.61703499951622,-16.33838785351699,0 
							</coordinates>
						</LinearRing>
					</outerBoundaryIs>
				</Polygon>
			</Placemark>
			<Placemark>
				<name>1.4.324-49</name>
				<styleUrl>#msn_ylw-pushpin51111002</styleUrl>
				<ExtendedData>
					<SchemaData schemaUrl="#S_yura_poligono_DSSSSDDDDS00100">
						<SimpleData name="fid">40714</SimpleData>
						<SimpleData name="handle">268400</SimpleData>
						<SimpleData name="block">-1</SimpleData>
						<SimpleData name="etype">18</SimpleData>
						<SimpleData name="space">0</SimpleData>
						<SimpleData name="layer">MANZANAS</SimpleData>
						<SimpleData name="olinetype">bylayer</SimpleData>
						<SimpleData name="linetype"></SimpleData>
						<SimpleData name="color">127,127,255,255</SimpleData>
						<SimpleData name="ocolor">256</SimpleData>
						<SimpleData name="color24">-1</SimpleData>
						<SimpleData name="transparen">0</SimpleData>
						<SimpleData name="lweight">-1</SimpleData>
						<SimpleData name="linewidth">0.15</SimpleData>
						<SimpleData name="ltscale">1</SimpleData>
						<SimpleData name="visible">1</SimpleData>
						<SimpleData name="width">0</SimpleData>
						<SimpleData name="thickness">0</SimpleData>
						<SimpleData name="ext">(3:0,0,0.1)</SimpleData>
					</SchemaData>
				</ExtendedData>
				<Polygon>
					<outerBoundaryIs>
						<LinearRing>
							<coordinates>
								-71.61616577829942,-16.33898009419255,0 -71.61543510779782,-16.3391684712084,0 -71.61521953233627,-16.33839191042522,0 -71.61594903216725,-16.33819245789947,0 -71.61616577829942,-16.33898009419255,0 
							</coordinates>
						</LinearRing>
					</outerBoundaryIs>
				</Polygon>
			</Placemark>
			<Placemark>
				<name>1.4.324-50</name>
				<styleUrl>#msn_ylw-pushpin51111002</styleUrl>
				<ExtendedData>
					<SchemaData schemaUrl="#S_yura_poligono_DSSSSDDDDS00100">
						<SimpleData name="fid">40720</SimpleData>
						<SimpleData name="handle">268406</SimpleData>
						<SimpleData name="block">-1</SimpleData>
						<SimpleData name="etype">18</SimpleData>
						<SimpleData name="space">0</SimpleData>
						<SimpleData name="layer">MANZANAS</SimpleData>
						<SimpleData name="olinetype">bylayer</SimpleData>
						<SimpleData name="linetype"></SimpleData>
						<SimpleData name="color">127,127,255,255</SimpleData>
						<SimpleData name="ocolor">256</SimpleData>
						<SimpleData name="color24">-1</SimpleData>
						<SimpleData name="transparen">0</SimpleData>
						<SimpleData name="lweight">-1</SimpleData>
						<SimpleData name="linewidth">0.15</SimpleData>
						<SimpleData name="ltscale">1</SimpleData>
						<SimpleData name="visible">1</SimpleData>
						<SimpleData name="width">0</SimpleData>
						<SimpleData name="thickness">0</SimpleData>
						<SimpleData name="ext">(3:0,0,0.1)</SimpleData>
					</SchemaData>
				</ExtendedData>
				<Polygon>
					<outerBoundaryIs>
						<LinearRing>
							<coordinates>
								-71.61692913006252,-16.33793753153807,0 -71.61701040538574,-16.33828501059859,0 -71.61619517114343,-16.33850127267569,0 -71.61608681347116,-16.33815968330707,0 -71.61692913006252,-16.33793753153807,0 
							</coordinates>
						</LinearRing>
					</outerBoundaryIs>
				</Polygon>
			</Placemark>
			<Placemark>
				<name>1.4.324-52</name>
				<styleUrl>#msn_ylw-pushpin51111002</styleUrl>
				<ExtendedData>
					<SchemaData schemaUrl="#S_yura_poligono_DSSSSDDDDS00100">
						<SimpleData name="fid">40710</SimpleData>
						<SimpleData name="handle">268396</SimpleData>
						<SimpleData name="block">-1</SimpleData>
						<SimpleData name="etype">18</SimpleData>
						<SimpleData name="space">0</SimpleData>
						<SimpleData name="layer">MANZANAS</SimpleData>
						<SimpleData name="olinetype">bylayer</SimpleData>
						<SimpleData name="linetype"></SimpleData>
						<SimpleData name="color">127,127,255,255</SimpleData>
						<SimpleData name="ocolor">256</SimpleData>
						<SimpleData name="color24">-1</SimpleData>
						<SimpleData name="transparen">0</SimpleData>
						<SimpleData name="lweight">-1</SimpleData>
						<SimpleData name="linewidth">0.15</SimpleData>
						<SimpleData name="ltscale">1</SimpleData>
						<SimpleData name="visible">1</SimpleData>
						<SimpleData name="width">0</SimpleData>
						<SimpleData name="thickness">0</SimpleData>
						<SimpleData name="ext">(3:0,0,0.1)</SimpleData>
					</SchemaData>
				</ExtendedData>
				<Polygon>
					<outerBoundaryIs>
						<LinearRing>
							<coordinates>
								-71.6168012758128,-16.33713412610771,0 -71.61730124222747,-16.33773488685366,0 -71.61698350853067,-16.33780361888931,0 -71.6168012758128,-16.33713412610771,0 
							</coordinates>
						</LinearRing>
					</outerBoundaryIs>
				</Polygon>
			</Placemark>
			<Placemark>
				<name>1.4.324-53</name>
				<styleUrl>#msn_ylw-pushpin51111002</styleUrl>
				<ExtendedData>
					<SchemaData schemaUrl="#S_yura_poligono_DSSSSDDDDS00100">
						<SimpleData name="fid">40721</SimpleData>
						<SimpleData name="handle">268407</SimpleData>
						<SimpleData name="block">-1</SimpleData>
						<SimpleData name="etype">18</SimpleData>
						<SimpleData name="space">0</SimpleData>
						<SimpleData name="layer">MANZANAS</SimpleData>
						<SimpleData name="olinetype">bylayer</SimpleData>
						<SimpleData name="linetype"></SimpleData>
						<SimpleData name="color">127,127,255,255</SimpleData>
						<SimpleData name="ocolor">256</SimpleData>
						<SimpleData name="color24">-1</SimpleData>
						<SimpleData name="transparen">0</SimpleData>
						<SimpleData name="lweight">-1</SimpleData>
						<SimpleData name="linewidth">0.15</SimpleData>
						<SimpleData name="ltscale">1</SimpleData>
						<SimpleData name="visible">1</SimpleData>
						<SimpleData name="width">0</SimpleData>
						<SimpleData name="thickness">0</SimpleData>
						<SimpleData name="ext">(3:0,0,0.1)</SimpleData>
					</SchemaData>
				</ExtendedData>
				<Polygon>
					<outerBoundaryIs>
						<LinearRing>
							<coordinates>
								-71.61678109126417,-16.33749605182096,0 -71.61686491763426,-16.33783323973076,0 -71.61607312571077,-16.33806247290606,0 -71.61596690683479,-16.33772006653321,0 -71.61678109126417,-16.33749605182096,0 
							</coordinates>
						</LinearRing>
					</outerBoundaryIs>
				</Polygon>
			</Placemark>
			<Placemark>
				<name>1.4.324-54</name>
				<styleUrl>#msn_ylw-pushpin51111002</styleUrl>
				<ExtendedData>
					<SchemaData schemaUrl="#S_yura_poligono_DSSSSDDDDS00100">
						<SimpleData name="fid">40717</SimpleData>
						<SimpleData name="handle">268403</SimpleData>
						<SimpleData name="block">-1</SimpleData>
						<SimpleData name="etype">18</SimpleData>
						<SimpleData name="space">0</SimpleData>
						<SimpleData name="layer">MANZANAS</SimpleData>
						<SimpleData name="olinetype">bylayer</SimpleData>
						<SimpleData name="linetype"></SimpleData>
						<SimpleData name="color">127,127,255,255</SimpleData>
						<SimpleData name="ocolor">256</SimpleData>
						<SimpleData name="color24">-1</SimpleData>
						<SimpleData name="transparen">0</SimpleData>
						<SimpleData name="lweight">-1</SimpleData>
						<SimpleData name="linewidth">0.15</SimpleData>
						<SimpleData name="ltscale">1</SimpleData>
						<SimpleData name="visible">1</SimpleData>
						<SimpleData name="width">0</SimpleData>
						<SimpleData name="thickness">0</SimpleData>
						<SimpleData name="ext">(3:0,0,0.1)</SimpleData>
					</SchemaData>
				</ExtendedData>
				<Polygon>
					<outerBoundaryIs>
						<LinearRing>
							<coordinates>
								-71.61594048638631,-16.33812342072327,0 -71.6151895017331,-16.33828117286168,0 -71.61495465247755,-16.3374816159134,0 -71.61570780933181,-16.33728563619223,0 -71.61594048638631,-16.33812342072327,0 
							</coordinates>
						</LinearRing>
					</outerBoundaryIs>
				</Polygon>
			</Placemark>
			<Placemark>
				<name>1.4.324-55</name>
				<styleUrl>#msn_ylw-pushpin51111002</styleUrl>
				<ExtendedData>
					<SchemaData schemaUrl="#S_yura_poligono_DSSSSDDDDS00100">
						<SimpleData name="fid">40718</SimpleData>
						<SimpleData name="handle">268404</SimpleData>
						<SimpleData name="block">-1</SimpleData>
						<SimpleData name="etype">18</SimpleData>
						<SimpleData name="space">0</SimpleData>
						<SimpleData name="layer">MANZANAS</SimpleData>
						<SimpleData name="olinetype">bylayer</SimpleData>
						<SimpleData name="linetype"></SimpleData>
						<SimpleData name="color">127,127,255,255</SimpleData>
						<SimpleData name="ocolor">256</SimpleData>
						<SimpleData name="color24">-1</SimpleData>
						<SimpleData name="transparen">0</SimpleData>
						<SimpleData name="lweight">-1</SimpleData>
						<SimpleData name="linewidth">0.15</SimpleData>
						<SimpleData name="ltscale">1</SimpleData>
						<SimpleData name="visible">1</SimpleData>
						<SimpleData name="width">0</SimpleData>
						<SimpleData name="thickness">0</SimpleData>
						<SimpleData name="ext">(3:0,0,0.1)</SimpleData>
					</SchemaData>
				</ExtendedData>
				<Polygon>
					<outerBoundaryIs>
						<LinearRing>
							<coordinates>
								-71.61666833096604,-16.33704883232827,0 -71.61677046437269,-16.33739753957463,0 -71.61595130959432,-16.33762469102575,0 -71.61585301117455,-16.33727092466874,0 -71.61666833096604,-16.33704883232827,0 
							</coordinates>
						</LinearRing>
					</outerBoundaryIs>
				</Polygon>
			</Placemark>
			<Placemark>
				<name>1.4.324-56</name>
				<styleUrl>#msn_ylw-pushpin51111002</styleUrl>
				<ExtendedData>
					<SchemaData schemaUrl="#S_yura_poligono_DSSSSDDDDS00100">
						<SimpleData name="fid">40704</SimpleData>
						<SimpleData name="handle">268390</SimpleData>
						<SimpleData name="block">-1</SimpleData>
						<SimpleData name="etype">18</SimpleData>
						<SimpleData name="space">0</SimpleData>
						<SimpleData name="layer">MANZANAS</SimpleData>
						<SimpleData name="olinetype">bylayer</SimpleData>
						<SimpleData name="linetype"></SimpleData>
						<SimpleData name="color">127,127,255,255</SimpleData>
						<SimpleData name="ocolor">256</SimpleData>
						<SimpleData name="color24">-1</SimpleData>
						<SimpleData name="transparen">0</SimpleData>
						<SimpleData name="lweight">-1</SimpleData>
						<SimpleData name="linewidth">0.15</SimpleData>
						<SimpleData name="ltscale">1</SimpleData>
						<SimpleData name="visible">1</SimpleData>
						<SimpleData name="width">0</SimpleData>
						<SimpleData name="thickness">0</SimpleData>
						<SimpleData name="ext">(3:0,0,0.1)</SimpleData>
					</SchemaData>
				</ExtendedData>
				<Polygon>
					<outerBoundaryIs>
						<LinearRing>
							<coordinates>
								-71.61665558691011,-16.33696757741848,0 -71.61581530392709,-16.33719375740636,0 -71.61571551019905,-16.33681921548733,0 -71.61636070945121,-16.33664928805449,0 -71.61665558691011,-16.33696757741848,0 
							</coordinates>
						</LinearRing>
					</outerBoundaryIs>
				</Polygon>
			</Placemark>
			<Placemark>
				<name>1.4.324-57</name>
				<styleUrl>#msn_ylw-pushpin51111002</styleUrl>
				<ExtendedData>
					<SchemaData schemaUrl="#S_yura_poligono_DSSSSDDDDS00100">
						<SimpleData name="fid">40719</SimpleData>
						<SimpleData name="handle">268405</SimpleData>
						<SimpleData name="block">-1</SimpleData>
						<SimpleData name="etype">18</SimpleData>
						<SimpleData name="space">0</SimpleData>
						<SimpleData name="layer">MANZANAS</SimpleData>
						<SimpleData name="olinetype">bylayer</SimpleData>
						<SimpleData name="linetype"></SimpleData>
						<SimpleData name="color">127,127,255,255</SimpleData>
						<SimpleData name="ocolor">256</SimpleData>
						<SimpleData name="color24">-1</SimpleData>
						<SimpleData name="transparen">0</SimpleData>
						<SimpleData name="lweight">-1</SimpleData>
						<SimpleData name="linewidth">0.15</SimpleData>
						<SimpleData name="ltscale">1</SimpleData>
						<SimpleData name="visible">1</SimpleData>
						<SimpleData name="width">0</SimpleData>
						<SimpleData name="thickness">0</SimpleData>
						<SimpleData name="ext">(3:0,0,0.1)</SimpleData>
					</SchemaData>
				</ExtendedData>
				<Polygon>
					<outerBoundaryIs>
						<LinearRing>
							<coordinates>
								-71.61566983146342,-16.33720439689974,0 -71.61492980861087,-16.33739486316655,0 -71.6148213895373,-16.33701556062626,0 -71.61556014467233,-16.33681742874764,0 -71.61566983146342,-16.33720439689974,0 
							</coordinates>
						</LinearRing>
					</outerBoundaryIs>
				</Polygon>
			</Placemark>
			<Placemark>
				<name>1.4.324-58</name>
				<styleUrl>#msn_ylw-pushpin51111002</styleUrl>
				<ExtendedData>
					<SchemaData schemaUrl="#S_yura_poligono_DSSSSDDDDS00100">
						<SimpleData name="fid">40715</SimpleData>
						<SimpleData name="handle">268401</SimpleData>
						<SimpleData name="block">-1</SimpleData>
						<SimpleData name="etype">18</SimpleData>
						<SimpleData name="space">0</SimpleData>
						<SimpleData name="layer">MANZANAS</SimpleData>
						<SimpleData name="olinetype">bylayer</SimpleData>
						<SimpleData name="linetype"></SimpleData>
						<SimpleData name="color">127,127,255,255</SimpleData>
						<SimpleData name="ocolor">256</SimpleData>
						<SimpleData name="color24">-1</SimpleData>
						<SimpleData name="transparen">0</SimpleData>
						<SimpleData name="lweight">-1</SimpleData>
						<SimpleData name="linewidth">0.15</SimpleData>
						<SimpleData name="ltscale">1</SimpleData>
						<SimpleData name="visible">1</SimpleData>
						<SimpleData name="width">0</SimpleData>
						<SimpleData name="thickness">0</SimpleData>
						<SimpleData name="ext">(3:0,0,0.1)</SimpleData>
					</SchemaData>
				</ExtendedData>
				<Polygon>
					<outerBoundaryIs>
						<LinearRing>
							<coordinates>
								-71.61554933100487,-16.33672277381045,0 -71.61479799487363,-16.33693235450331,0 -71.61471679663715,-16.33663721451554,0 -71.61545503115883,-16.33642874783176,0 -71.61554933100487,-16.33672277381045,0 
							</coordinates>
						</LinearRing>
					</outerBoundaryIs>
				</Polygon>
			</Placemark>
			<Placemark>
				<name>1.4.324-59</name>
				<styleUrl>#msn_ylw-pushpin51111002</styleUrl>
				<ExtendedData>
					<SchemaData schemaUrl="#S_yura_poligono_DSSSSDDDDS00100">
						<SimpleData name="fid">40709</SimpleData>
						<SimpleData name="handle">268395</SimpleData>
						<SimpleData name="block">-1</SimpleData>
						<SimpleData name="etype">18</SimpleData>
						<SimpleData name="space">0</SimpleData>
						<SimpleData name="layer">MANZANAS</SimpleData>
						<SimpleData name="olinetype">bylayer</SimpleData>
						<SimpleData name="linetype"></SimpleData>
						<SimpleData name="color">127,127,255,255</SimpleData>
						<SimpleData name="ocolor">256</SimpleData>
						<SimpleData name="color24">-1</SimpleData>
						<SimpleData name="transparen">0</SimpleData>
						<SimpleData name="lweight">-1</SimpleData>
						<SimpleData name="linewidth">0.15</SimpleData>
						<SimpleData name="ltscale">1</SimpleData>
						<SimpleData name="visible">1</SimpleData>
						<SimpleData name="width">0</SimpleData>
						<SimpleData name="thickness">0</SimpleData>
						<SimpleData name="ext">(3:0,0,0.1)</SimpleData>
					</SchemaData>
				</ExtendedData>
				<Polygon>
					<outerBoundaryIs>
						<LinearRing>
							<coordinates>
								-71.61569553149725,-16.3367275121919,0 -71.61546642238807,-16.33592835709037,0 -71.61571353614683,-16.33586314315335,0 -71.61626852473854,-16.33655072817678,0 -71.61569553149725,-16.3367275121919,0 
							</coordinates>
						</LinearRing>
					</outerBoundaryIs>
				</Polygon>
			</Placemark>
			<Placemark>
				<name>1.4.324-60</name>
				<styleUrl>#msn_ylw-pushpin51111002</styleUrl>
				<ExtendedData>
					<SchemaData schemaUrl="#S_yura_poligono_DSSSSDDDDS00100">
						<SimpleData name="fid">40711</SimpleData>
						<SimpleData name="handle">268397</SimpleData>
						<SimpleData name="block">-1</SimpleData>
						<SimpleData name="etype">18</SimpleData>
						<SimpleData name="space">0</SimpleData>
						<SimpleData name="layer">MANZANAS</SimpleData>
						<SimpleData name="olinetype">bylayer</SimpleData>
						<SimpleData name="linetype"></SimpleData>
						<SimpleData name="color">127,127,255,255</SimpleData>
						<SimpleData name="ocolor">256</SimpleData>
						<SimpleData name="color24">-1</SimpleData>
						<SimpleData name="transparen">0</SimpleData>
						<SimpleData name="lweight">-1</SimpleData>
						<SimpleData name="linewidth">0.15</SimpleData>
						<SimpleData name="ltscale">1</SimpleData>
						<SimpleData name="visible">1</SimpleData>
						<SimpleData name="width">0</SimpleData>
						<SimpleData name="thickness">0</SimpleData>
						<SimpleData name="ext">(3:0,0,0.1)</SimpleData>
					</SchemaData>
				</ExtendedData>
				<Polygon>
					<outerBoundaryIs>
						<LinearRing>
							<coordinates>
								-71.61542569708917,-16.33635029929629,0 -71.61470540273169,-16.33654896287492,0 -71.61457430799405,-16.33614900681213,0 -71.61531121603377,-16.33597003796723,0 -71.61542569708917,-16.33635029929629,0 
							</coordinates>
						</LinearRing>
					</outerBoundaryIs>
				</Polygon>
			</Placemark>
			<Placemark>
				<name>1.4.324-61</name>
				<styleUrl>#msn_ylw-pushpin51111002</styleUrl>
				<ExtendedData>
					<SchemaData schemaUrl="#S_yura_poligono_DSSSSDDDDS00100">
						<SimpleData name="fid">40706</SimpleData>
						<SimpleData name="handle">268392</SimpleData>
						<SimpleData name="block">-1</SimpleData>
						<SimpleData name="etype">18</SimpleData>
						<SimpleData name="space">0</SimpleData>
						<SimpleData name="layer">MANZANAS</SimpleData>
						<SimpleData name="olinetype">bylayer</SimpleData>
						<SimpleData name="linetype"></SimpleData>
						<SimpleData name="color">127,127,255,255</SimpleData>
						<SimpleData name="ocolor">256</SimpleData>
						<SimpleData name="color24">-1</SimpleData>
						<SimpleData name="transparen">0</SimpleData>
						<SimpleData name="lweight">-1</SimpleData>
						<SimpleData name="linewidth">0.15</SimpleData>
						<SimpleData name="ltscale">1</SimpleData>
						<SimpleData name="visible">1</SimpleData>
						<SimpleData name="width">0</SimpleData>
						<SimpleData name="thickness">0</SimpleData>
						<SimpleData name="ext">(3:0,0,0.1)</SimpleData>
					</SchemaData>
				</ExtendedData>
				<Polygon>
					<outerBoundaryIs>
						<LinearRing>
							<coordinates>
								-71.61528764667155,-16.3358120418368,0 -71.61451396953981,-16.33601845962743,0 -71.61434893090465,-16.33532621169329,0 -71.61508212156748,-16.33511877395051,0 -71.61528764667155,-16.3358120418368,0 
							</coordinates>
						</LinearRing>
					</outerBoundaryIs>
				</Polygon>
			</Placemark>
			<Placemark>
				<name>1.4.325-1</name>
				<styleUrl>#msn_ylw-pushpin51111002</styleUrl>
				<Polygon>
					<tessellate>1</tessellate>
					<outerBoundaryIs>
						<LinearRing>
							<coordinates>
								-71.62044542249718,-16.33405024203265,0 -71.62033860064727,-16.33374166493013,0 -71.62107188114692,-16.33353404843047,0 -71.62115756254681,-16.33387420519461,0 -71.62044542249718,-16.33405024203265,0 
							</coordinates>
						</LinearRing>
					</outerBoundaryIs>
				</Polygon>
			</Placemark>
			<Placemark>
				<name>1.4.325-2</name>
				<styleUrl>#msn_ylw-pushpin51111002</styleUrl>
				<Polygon>
					<tessellate>1</tessellate>
					<outerBoundaryIs>
						<LinearRing>
							<coordinates>
								-71.62052841388385,-16.33444621426413,0 -71.62045438651207,-16.33412820487704,0 -71.62117988543898,-16.33392758035103,0 -71.62125545144745,-16.3342474263867,0 -71.62052841388385,-16.33444621426413,0 
							</coordinates>
						</LinearRing>
					</outerBoundaryIs>
				</Polygon>
			</Placemark>
			<Placemark>
				<name>1.4.325-3</name>
				<styleUrl>#msn_ylw-pushpin51111002</styleUrl>
				<Polygon>
					<tessellate>1</tessellate>
					<outerBoundaryIs>
						<LinearRing>
							<coordinates>
								-71.62138714307777,-16.33465369415691,0 -71.62065237827873,-16.33486833873265,0 -71.62056883129715,-16.33458657273032,0 -71.62130451433944,-16.33438796696631,0 -71.62138714307777,-16.33465369415691,0 
							</coordinates>
						</LinearRing>
					</outerBoundaryIs>
				</Polygon>
			</Placemark>
			<Placemark>
				<name>1.4.325-4</name>
				<styleUrl>#msn_ylw-pushpin51111002</styleUrl>
				<Polygon>
					<tessellate>1</tessellate>
					<outerBoundaryIs>
						<LinearRing>
							<coordinates>
								-71.62140862599355,-16.33474334862203,0 -71.62150005255241,-16.33505017277999,0 -71.62078144527469,-16.33522769419538,0 -71.62068632947555,-16.33494462416258,0 -71.62140862599355,-16.33474334862203,0 
							</coordinates>
						</LinearRing>
					</outerBoundaryIs>
				</Polygon>
			</Placemark>
			<Placemark>
				<name>1.4.325-5</name>
				<styleUrl>#msn_ylw-pushpin51111002</styleUrl>
				<Polygon>
					<tessellate>1</tessellate>
					<outerBoundaryIs>
						<LinearRing>
							<coordinates>
								-71.62079250210226,-16.33531260263337,0 -71.62153062044331,-16.33511337053972,0 -71.62159843532787,-16.33539398694453,0 -71.62087245308791,-16.33560578613974,0 -71.62079250210226,-16.33531260263337,0 
							</coordinates>
						</LinearRing>
					</outerBoundaryIs>
				</Polygon>
			</Placemark>
			<Placemark>
				<name>1.4.325-6</name>
				<styleUrl>#msn_ylw-pushpin51111002</styleUrl>
				<Polygon>
					<tessellate>1</tessellate>
					<outerBoundaryIs>
						<LinearRing>
							<coordinates>
								-71.62161084677734,-16.33548185567423,0 -71.62169883906331,-16.33576594591126,0 -71.62097268218359,-16.33596757030516,0 -71.62089795619769,-16.3356743927269,0 -71.62161084677734,-16.33548185567423,0 
							</coordinates>
						</LinearRing>
					</outerBoundaryIs>
				</Polygon>
			</Placemark>
			<Placemark>
				<name>1.4.325-7</name>
				<styleUrl>#msn_ylw-pushpin51111002</styleUrl>
				<Polygon>
					<tessellate>1</tessellate>
					<outerBoundaryIs>
						<LinearRing>
							<coordinates>
								-71.62181207406277,-16.33613382437571,0 -71.62108260954527,-16.33631995655138,0 -71.62100632114567,-16.33603677678749,0 -71.62171471265611,-16.33584953490301,0 -71.62181207406277,-16.33613382437571,0 
							</coordinates>
						</LinearRing>
					</outerBoundaryIs>
				</Polygon>
			</Placemark>
			<Placemark>
				<name>1.4.325-8</name>
				<styleUrl>#msn_ylw-pushpin51111002</styleUrl>
				<Polygon>
					<tessellate>1</tessellate>
					<outerBoundaryIs>
						<LinearRing>
							<coordinates>
								-71.62191028418295,-16.33649594040259,0 -71.62118175204959,-16.33668702621221,0 -71.62109289713661,-16.33640504059668,0 -71.62182036247975,-16.3362266435241,0 -71.62191028418295,-16.33649594040259,0 
							</coordinates>
						</LinearRing>
					</outerBoundaryIs>
				</Polygon>
			</Placemark>
			<Placemark>
				<name>1.4.325-9</name>
				<styleUrl>#msn_ylw-pushpin51111002</styleUrl>
				<Polygon>
					<tessellate>1</tessellate>
					<outerBoundaryIs>
						<LinearRing>
							<coordinates>
								-71.62204488582316,-16.33701313359372,0 -71.62175076327235,-16.33707750130635,0 -71.62162656333579,-16.3366598329003,0 -71.62193284970013,-16.33657475752753,0 -71.62204488582316,-16.33701313359372,0 
							</coordinates>
						</LinearRing>
					</outerBoundaryIs>
				</Polygon>
			</Placemark>
			<Placemark>
				<name>1.4.325-10</name>
				<styleUrl>#msn_ylw-pushpin51111002</styleUrl>
				<Polygon>
					<tessellate>1</tessellate>
					<outerBoundaryIs>
						<LinearRing>
							<coordinates>
								-71.62168693794914,-16.33710150363409,0 -71.62138761263628,-16.33719197143444,0 -71.62134016640084,-16.33703264102576,0 -71.62163456695492,-16.33695264503865,0 -71.62168693794914,-16.33710150363409,0 
							</coordinates>
						</LinearRing>
					</outerBoundaryIs>
				</Polygon>
			</Placemark>
			<Placemark>
				<name>1.4.325-11</name>
				<styleUrl>#msn_ylw-pushpin51111002</styleUrl>
				<Polygon>
					<tessellate>1</tessellate>
					<outerBoundaryIs>
						<LinearRing>
							<coordinates>
								-71.62215505083093,-16.33736527809892,0 -71.621421123952,-16.33754634723732,0 -71.62133702549835,-16.33727292361557,0 -71.62207394664243,-16.33708321310306,0 -71.62215505083093,-16.33736527809892,0 
							</coordinates>
						</LinearRing>
					</outerBoundaryIs>
				</Polygon>
			</Placemark>
			<Placemark>
				<name>1.4.325-12</name>
				<styleUrl>#msn_ylw-pushpin51111002</styleUrl>
				<Polygon>
					<tessellate>1</tessellate>
					<outerBoundaryIs>
						<LinearRing>
							<coordinates>
								-71.62225945113639,-16.3377303414587,0 -71.6215348752123,-16.337931531589,0 -71.62144647733757,-16.33764081706547,0 -71.6221831122121,-16.33745027324881,0 -71.62225945113639,-16.3377303414587,0 
							</coordinates>
						</LinearRing>
					</outerBoundaryIs>
				</Polygon>
			</Placemark>
			<Placemark>
				<name>1.4.325-13</name>
				<styleUrl>#msn_ylw-pushpin51111002</styleUrl>
				<Polygon>
					<tessellate>1</tessellate>
					<outerBoundaryIs>
						<LinearRing>
							<coordinates>
								-71.62228183591165,-16.33781357842273,0 -71.62237017553473,-16.33810177274193,0 -71.62163052010757,-16.33829754145047,0 -71.62156547192831,-16.33801188115634,0 -71.62228183591165,-16.33781357842273,0 
							</coordinates>
						</LinearRing>
					</outerBoundaryIs>
				</Polygon>
			</Placemark>
			<Placemark>
				<name>1.4.325-14</name>
				<styleUrl>#msn_ylw-pushpin51111002</styleUrl>
				<Polygon>
					<tessellate>1</tessellate>
					<outerBoundaryIs>
						<LinearRing>
							<coordinates>
								-71.62244820500858,-16.33846785263756,0 -71.62177460291998,-16.33867339963546,0 -71.62166474188501,-16.33838180239785,0 -71.62239155429018,-16.33817640056369,0 -71.62244820500858,-16.33846785263756,0 
							</coordinates>
						</LinearRing>
					</outerBoundaryIs>
				</Polygon>
			</Placemark>
			<Placemark>
				<name>1.4.325-15</name>
				<styleUrl>#msn_ylw-pushpin51111002</styleUrl>
				<Polygon>
					<tessellate>1</tessellate>
					<outerBoundaryIs>
						<LinearRing>
							<coordinates>
								-71.62258072017121,-16.33885155087583,0 -71.6218563694152,-16.33904402676623,0 -71.62179715504719,-16.33872758488744,0 -71.6224797342488,-16.3385482353027,0 -71.62258072017121,-16.33885155087583,0 
							</coordinates>
						</LinearRing>
					</outerBoundaryIs>
				</Polygon>
			</Placemark>
			<Placemark>
				<name>1.4.325-16</name>
				<styleUrl>#msn_ylw-pushpin51111002</styleUrl>
				<Polygon>
					<tessellate>1</tessellate>
					<outerBoundaryIs>
						<LinearRing>
							<coordinates>
								-71.62257740123604,-16.33922126058108,0 -71.62195206587383,-16.33938134614138,0 -71.62188775807105,-16.33911274711614,0 -71.6225940826873,-16.33890604904038,0 -71.62263539129535,-16.3390768943684,0 -71.62257740123604,-16.33922126058108,0 
							</coordinates>
						</LinearRing>
					</outerBoundaryIs>
				</Polygon>
			</Placemark>
			<Placemark>
				<name>1.4.325-17</name>
				<styleUrl>#msn_ylw-pushpin51111002</styleUrl>
				<Polygon>
					<tessellate>1</tessellate>
					<outerBoundaryIs>
						<LinearRing>
							<coordinates>
								-71.62252538688405,-16.33953881474895,0 -71.62247227299279,-16.33964770722023,0 -71.62242166493533,-16.3396547355351,0 -71.62235977744299,-16.33942620125898,0 -71.62253968057978,-16.33937811772778,0 -71.62252538688405,-16.33953881474895,0 
							</coordinates>
						</LinearRing>
					</outerBoundaryIs>
				</Polygon>
			</Placemark>
			<Placemark>
				<name>1.4.325-18</name>
				<styleUrl>#msn_ylw-pushpin51111002</styleUrl>
				<Polygon>
					<tessellate>1</tessellate>
					<outerBoundaryIs>
						<LinearRing>
							<coordinates>
								-71.62238621699639,-16.33981897662526,0 -71.62228476983914,-16.34001193054752,0 -71.6221447343046,-16.34008828060403,0 -71.62198570466197,-16.33952300826334,0 -71.62228533279493,-16.33945328684948,0 -71.62238621699639,-16.33981897662526,0 
							</coordinates>
						</LinearRing>
					</outerBoundaryIs>
				</Polygon>
			</Placemark>
			<Placemark>
				<name>1.4.325-19</name>
				<styleUrl>#msn_ylw-pushpin51111002</styleUrl>
				<Polygon>
					<tessellate>1</tessellate>
					<outerBoundaryIs>
						<LinearRing>
							<coordinates>
								-71.62191922280905,-16.33976409130514,0 -71.62200140671757,-16.34009730936754,0 -71.6217048895022,-16.34017205979908,0 -71.62156542308858,-16.33962595617945,0 -71.62183632114616,-16.33956185982997,0 -71.62191922280905,-16.33976409130514,0 
							</coordinates>
						</LinearRing>
					</outerBoundaryIs>
				</Polygon>
			</Placemark>
			<Placemark>
				<name>1.4.325-20</name>
				<styleUrl>#msn_ylw-pushpin51111002</styleUrl>
				<Polygon>
					<tessellate>1</tessellate>
					<outerBoundaryIs>
						<LinearRing>
							<coordinates>
								-71.62162561020287,-16.34018649378714,0 -71.62145056736917,-16.34022140781761,0 -71.62106911204425,-16.33976943989381,0 -71.62145867578174,-16.33965110918849,0 -71.62162561020287,-16.34018649378714,0 
							</coordinates>
						</LinearRing>
					</outerBoundaryIs>
				</Polygon>
			</Placemark>
			<Placemark>
				<name>1.4.325-21</name>
				<styleUrl>#msn_ylw-pushpin51111002</styleUrl>
				<Polygon>
					<tessellate>1</tessellate>
					<outerBoundaryIs>
						<LinearRing>
							<coordinates>
								-71.62179645003638,-16.33940881260527,0 -71.62096778341451,-16.33963747266549,0 -71.62086073754423,-16.33919654205422,0 -71.6209342081053,-16.33918140966972,0 -71.6209615361941,-16.3392801481608,0 -71.62137747412592,-16.33920061411732,0 -71.62124825099137,-16.33873504809608,0 -71.62159558605505,-16.33862981870557,0 -71.62179645003638,-16.33940881260527,0 
							</coordinates>
						</LinearRing>
					</outerBoundaryIs>
				</Polygon>
			</Placemark>
			<Placemark>
				<name>1.4.325-22</name>
				<styleUrl>#msn_ylw-pushpin51111002</styleUrl>
				<Polygon>
					<tessellate>1</tessellate>
					<outerBoundaryIs>
						<LinearRing>
							<coordinates>
								-71.62078553662019,-16.3392930384778,0 -71.620705785052,-16.33933995004186,0 -71.6203863457272,-16.33895270173371,0 -71.62066007475667,-16.33887770803618,0 -71.62078553662019,-16.3392930384778,0 
							</coordinates>
						</LinearRing>
					</outerBoundaryIs>
				</Polygon>
			</Placemark>
			<Placemark>
				<name>1.4.325-23</name>
				<styleUrl>#msn_ylw-pushpin51111002</styleUrl>
				<Polygon>
					<tessellate>1</tessellate>
					<outerBoundaryIs>
						<LinearRing>
							<coordinates>
								-71.62156005188398,-16.33855348691268,0 -71.62074556094088,-16.33876648465196,0 -71.62066944408105,-16.33841606525014,0 -71.6214529188006,-16.33819254397581,0 -71.62156005188398,-16.33855348691268,0 
							</coordinates>
						</LinearRing>
					</outerBoundaryIs>
				</Polygon>
			</Placemark>
			<Placemark>
				<name>1.4.325-24</name>
				<styleUrl>#msn_ylw-pushpin51111002</styleUrl>
				<Polygon>
					<tessellate>1</tessellate>
					<outerBoundaryIs>
						<LinearRing>
							<coordinates>
								-71.62064575629131,-16.33878405823863,0 -71.62029797386434,-16.33886143932867,0 -71.62021612368252,-16.33870972978987,0 -71.62015786847243,-16.33852466333125,0 -71.62058096167095,-16.33843150397223,0 -71.62064575629131,-16.33878405823863,0 
							</coordinates>
						</LinearRing>
					</outerBoundaryIs>
				</Polygon>
			</Placemark>
			<Placemark>
				<name>1.4.325-25</name>
				<styleUrl>#msn_ylw-pushpin51111002</styleUrl>
				<Polygon>
					<tessellate>1</tessellate>
					<outerBoundaryIs>
						<LinearRing>
							<coordinates>
								-71.62052435609976,-16.33833396974784,0 -71.62014321979998,-16.3384392665222,0 -71.62004726894443,-16.3380733982383,0 -71.62041876219774,-16.33799036440195,0 -71.62052435609976,-16.33833396974784,0 
							</coordinates>
						</LinearRing>
					</outerBoundaryIs>
				</Polygon>
			</Placemark>
			<Placemark>
				<name>1.4.325-26</name>
				<styleUrl>#msn_ylw-pushpin51111002</styleUrl>
				<Polygon>
					<tessellate>1</tessellate>
					<outerBoundaryIs>
						<LinearRing>
							<coordinates>
								-71.62141935405533,-16.33808876810137,0 -71.62062943117063,-16.33831325475588,0 -71.62052575199527,-16.33796521529905,0 -71.62132531700576,-16.33773420160749,0 -71.62141935405533,-16.33808876810137,0 
							</coordinates>
						</LinearRing>
					</outerBoundaryIs>
				</Polygon>
			</Placemark>
			<Placemark>
				<name>1.4.325-27</name>
				<styleUrl>#msn_ylw-pushpin51111002</styleUrl>
				<Polygon>
					<tessellate>1</tessellate>
					<outerBoundaryIs>
						<LinearRing>
							<coordinates>
								-71.62128625336945,-16.33763005403539,0 -71.62049297990235,-16.33788291401209,0 -71.62036609401369,-16.33751662176708,0 -71.62119374926915,-16.33728503188106,0 -71.62128625336945,-16.33763005403539,0 
							</coordinates>
						</LinearRing>
					</outerBoundaryIs>
				</Polygon>
			</Placemark>
			<Placemark>
				<name>1.4.325-28</name>
				<styleUrl>#msn_ylw-pushpin51111002</styleUrl>
				<Polygon>
					<tessellate>1</tessellate>
					<outerBoundaryIs>
						<LinearRing>
							<coordinates>
								-71.62040003676223,-16.33789155534145,0 -71.6200248086989,-16.33797255041076,0 -71.61992746693981,-16.33764343297598,0 -71.62028864256922,-16.33753488147694,0 -71.62040003676223,-16.33789155534145,0 
							</coordinates>
						</LinearRing>
					</outerBoundaryIs>
				</Polygon>
			</Placemark>
			<Placemark>
				<name>1.4.325-29</name>
				<styleUrl>#msn_ylw-pushpin51111002</styleUrl>
				<Polygon>
					<tessellate>1</tessellate>
					<outerBoundaryIs>
						<LinearRing>
							<coordinates>
								-71.62116901635856,-16.33718791017177,0 -71.62035592766871,-16.33743090016877,0 -71.62024803710797,-16.33705782602524,0 -71.62107159425749,-16.33685191181066,0 -71.62116901635856,-16.33718791017177,0 
							</coordinates>
						</LinearRing>
					</outerBoundaryIs>
				</Polygon>
			</Placemark>
			<Placemark>
				<name>1.4.325-30</name>
				<styleUrl>#msn_ylw-pushpin51111002</styleUrl>
				<Polygon>
					<tessellate>1</tessellate>
					<outerBoundaryIs>
						<LinearRing>
							<coordinates>
								-71.6202523799119,-16.3374348067258,0 -71.61989870307944,-16.33753152773457,0 -71.61978482392169,-16.33718937825775,0 -71.6201395773454,-16.33709175941673,0 -71.6202523799119,-16.3374348067258,0 
							</coordinates>
						</LinearRing>
					</outerBoundaryIs>
				</Polygon>
			</Placemark>
			<Placemark>
				<name>1.4.325-31</name>
				<styleUrl>#msn_ylw-pushpin51111002</styleUrl>
				<Polygon>
					<tessellate>1</tessellate>
					<outerBoundaryIs>
						<LinearRing>
							<coordinates>
								-71.62103210029544,-16.33674805603178,0 -71.62022162200914,-16.33695857355701,0 -71.62013640057974,-16.33662225517264,0 -71.62094394417269,-16.33639316462342,0 -71.62103210029544,-16.33674805603178,0 
							</coordinates>
						</LinearRing>
					</outerBoundaryIs>
				</Polygon>
			</Placemark>
			<Placemark>
				<name>1.4.325-32</name>
				<styleUrl>#msn_ylw-pushpin51111002</styleUrl>
				<Polygon>
					<tessellate>1</tessellate>
					<outerBoundaryIs>
						<LinearRing>
							<coordinates>
								-71.62011634372408,-16.33698902784776,0 -71.61977740830504,-16.3370802513253,0 -71.61966915875465,-16.33674027921155,0 -71.62002187996677,-16.33663542225274,0 -71.62011634372408,-16.33698902784776,0 
							</coordinates>
						</LinearRing>
					</outerBoundaryIs>
				</Polygon>
			</Placemark>
			<Placemark>
				<name>1.4.325-33</name>
				<styleUrl>#msn_ylw-pushpin51111002</styleUrl>
				<Polygon>
					<tessellate>1</tessellate>
					<outerBoundaryIs>
						<LinearRing>
							<coordinates>
								-71.62091266518863,-16.33629487760489,0 -71.62009653222741,-16.33652222737735,0 -71.62000542737286,-16.33616775353764,0 -71.62081300317591,-16.33595623420782,0 -71.62091266518863,-16.33629487760489,0 
							</coordinates>
						</LinearRing>
					</outerBoundaryIs>
				</Polygon>
			</Placemark>
			<Placemark>
				<name>1.4.325-34</name>
				<styleUrl>#msn_ylw-pushpin51111002</styleUrl>
				<Polygon>
					<tessellate>1</tessellate>
					<outerBoundaryIs>
						<LinearRing>
							<coordinates>
								-71.61999628163404,-16.33654225492751,0 -71.61963793950987,-16.33663168339354,0 -71.61953706957615,-16.3362872272783,0 -71.61990157967779,-16.33619984350937,0 -71.61999628163404,-16.33654225492751,0 
							</coordinates>
						</LinearRing>
					</outerBoundaryIs>
				</Polygon>
			</Placemark>
			<Placemark>
				<name>1.4.325-35</name>
				<styleUrl>#msn_ylw-pushpin51111002</styleUrl>
				<Polygon>
					<tessellate>1</tessellate>
					<outerBoundaryIs>
						<LinearRing>
							<coordinates>
								-71.62080562604899,-16.33584688286296,0 -71.61997592438858,-16.33607919343682,0 -71.61987656818505,-16.33572453146626,0 -71.6206940605572,-16.33550880885868,0 -71.62080562604899,-16.33584688286296,0 
							</coordinates>
						</LinearRing>
					</outerBoundaryIs>
				</Polygon>
			</Placemark>
			<Placemark>
				<name>1.4.325-36</name>
				<styleUrl>#msn_ylw-pushpin51111002</styleUrl>
				<Polygon>
					<tessellate>1</tessellate>
					<outerBoundaryIs>
						<LinearRing>
							<coordinates>
								-71.61988286791161,-16.33610165091579,0 -71.61952038431568,-16.3362091421017,0 -71.61941164375045,-16.33585017334843,0 -71.6197707490018,-16.33576026746336,0 -71.61988286791161,-16.33610165091579,0 
							</coordinates>
						</LinearRing>
					</outerBoundaryIs>
				</Polygon>
			</Placemark>
			<Placemark>
				<name>1.4.325-37</name>
				<styleUrl>#msn_ylw-pushpin51111002</styleUrl>
				<Polygon>
					<tessellate>1</tessellate>
					<outerBoundaryIs>
						<LinearRing>
							<coordinates>
								-71.6194116514108,-16.33622277384516,0 -71.61904430330021,-16.33631978226659,0 -71.61893992313506,-16.33596671515984,0 -71.61930374488412,-16.33587581240619,0 -71.6194116514108,-16.33622277384516,0 
							</coordinates>
						</LinearRing>
					</outerBoundaryIs>
				</Polygon>
			</Placemark>
			<Placemark>
				<name>1.4.325-38</name>
				<styleUrl>#msn_ylw-pushpin51111002</styleUrl>
				<Polygon>
					<tessellate>1</tessellate>
					<outerBoundaryIs>
						<LinearRing>
							<coordinates>
								-71.61895036228239,-16.33634664198303,0 -71.61859487162592,-16.33643779588797,0 -71.61848612775844,-16.33608617331388,0 -71.6188424363458,-16.33598948038145,0 -71.61895036228239,-16.33634664198303,0 
							</coordinates>
						</LinearRing>
					</outerBoundaryIs>
				</Polygon>
			</Placemark>
			<Placemark>
				<name>1.4.325-39</name>
				<styleUrl>#msn_ylw-pushpin51111002</styleUrl>
				<Polygon>
					<tessellate>1</tessellate>
					<outerBoundaryIs>
						<LinearRing>
							<coordinates>
								-71.61848412789482,-16.33645552408947,0 -71.61826563146516,-16.33651856919013,0 -71.61802974886366,-16.33621662030005,0 -71.61841047771205,-16.33611005705067,0 -71.61848412789482,-16.33645552408947,0 
							</coordinates>
						</LinearRing>
					</outerBoundaryIs>
				</Polygon>
			</Placemark>
			<Placemark>
				<name>1.4.325-40</name>
				<styleUrl>#msn_ylw-pushpin51111002</styleUrl>
				<Polygon>
					<tessellate>1</tessellate>
					<outerBoundaryIs>
						<LinearRing>
							<coordinates>
								-71.61836207619685,-16.3360225164095,0 -71.61799684381303,-16.33611506808649,0 -71.61776319945547,-16.33531442366179,0 -71.61812843933481,-16.33522430831695,0 -71.61836207619685,-16.3360225164095,0 
							</coordinates>
						</LinearRing>
					</outerBoundaryIs>
				</Polygon>
			</Placemark>
			<Placemark>
				<name>1.4.325-41</name>
				<styleUrl>#msn_ylw-pushpin51111002</styleUrl>
				<Polygon>
					<tessellate>1</tessellate>
					<outerBoundaryIs>
						<LinearRing>
							<coordinates>
								-71.61776385300163,-16.33570938549488,0 -71.61761042970447,-16.33576417862965,0 -71.61729066568802,-16.33544239114067,0 -71.61767581223522,-16.33535039672257,0 -71.61776385300163,-16.33570938549488,0 
							</coordinates>
						</LinearRing>
					</outerBoundaryIs>
				</Polygon>
			</Placemark>
			<Placemark>
				<name>1.4.325-42</name>
				<styleUrl>#msn_ylw-pushpin51111002</styleUrl>
				<Polygon>
					<tessellate>1</tessellate>
					<outerBoundaryIs>
						<LinearRing>
							<coordinates>
								-71.61849972679902,-16.33464824663841,0 -71.61858977138174,-16.33495297757636,0 -71.61721217037271,-16.33532683689078,0 -71.61698243923298,-16.33505673402802,0 -71.61849972679902,-16.33464824663841,0 
							</coordinates>
						</LinearRing>
					</outerBoundaryIs>
				</Polygon>
			</Placemark>
			<Placemark>
				<name>1.4.325-43</name>
				<styleUrl>#msn_ylw-pushpin51111002</styleUrl>
				<Polygon>
					<tessellate>1</tessellate>
					<outerBoundaryIs>
						<LinearRing>
							<coordinates>
								-71.61882254389225,-16.33589592441616,0 -71.61846211793997,-16.33599363254523,0 -71.61823332876834,-16.33519068879992,0 -71.61858764544853,-16.33510335567482,0 -71.61882254389225,-16.33589592441616,0 
							</coordinates>
						</LinearRing>
					</outerBoundaryIs>
				</Polygon>
			</Placemark>
			<Placemark>
				<name>1.4.325-44</name>
				<styleUrl>#msn_ylw-pushpin51111002</styleUrl>
				<Polygon>
					<tessellate>1</tessellate>
					<outerBoundaryIs>
						<LinearRing>
							<coordinates>
								-71.61929792825252,-16.33579774734681,0 -71.61892198472181,-16.33587865993049,0 -71.61869602050395,-16.33507507169081,0 -71.61905900311821,-16.33497529861764,0 -71.61929792825252,-16.33579774734681,0 
							</coordinates>
						</LinearRing>
					</outerBoundaryIs>
				</Polygon>
			</Placemark>
			<Placemark>
				<name>1.4.325-45</name>
				<styleUrl>#msn_ylw-pushpin51111002</styleUrl>
				<Polygon>
					<tessellate>1</tessellate>
					<outerBoundaryIs>
						<LinearRing>
							<coordinates>
								-71.61974137592729,-16.33567113262068,0 -71.61938790406484,-16.33575419174561,0 -71.61914596683972,-16.33495098970925,0 -71.61951368202179,-16.33486172245102,0 -71.61974137592729,-16.33567113262068,0 
							</coordinates>
						</LinearRing>
					</outerBoundaryIs>
				</Polygon>
			</Placemark>
			<Placemark>
				<name>1.4.325-46</name>
				<styleUrl>#msn_ylw-pushpin51111002</styleUrl>
				<Polygon>
					<tessellate>1</tessellate>
					<outerBoundaryIs>
						<LinearRing>
							<coordinates>
								-71.6206630836181,-16.3354111544862,0 -71.61985296058336,-16.33564044569795,0 -71.61960780537957,-16.33482742423978,0 -71.62045449952861,-16.33461106430825,0 -71.6206630836181,-16.3354111544862,0 
							</coordinates>
						</LinearRing>
					</outerBoundaryIs>
				</Polygon>
			</Placemark>
			<Placemark>
				<name>1.4.325-47</name>
				<styleUrl>#msn_ylw-pushpin51111002</styleUrl>
				<Polygon>
					<tessellate>1</tessellate>
					<outerBoundaryIs>
						<LinearRing>
							<coordinates>
								-71.62031822841847,-16.3341782884223,0 -71.62041512341739,-16.33447941367121,0 -71.61868002448129,-16.3349272986642,0 -71.61860753824496,-16.33461508450221,0 -71.62031822841847,-16.3341782884223,0 
							</coordinates>
						</LinearRing>
					</outerBoundaryIs>
				</Polygon>
			</Placemark>
			<Placemark>
				<name>1.4.326-2</name>
				<styleUrl>#msn_ylw-pushpin51111002</styleUrl>
				<Polygon>
					<tessellate>1</tessellate>
					<outerBoundaryIs>
						<LinearRing>
							<coordinates>
								-71.62353985820555,-16.334946786697,0 -71.6217779237392,-16.33542766181749,0 -71.62145775406294,-16.33436963714548,0 -71.62325921091289,-16.3338707845396,0 -71.62353985820555,-16.334946786697,0 
							</coordinates>
						</LinearRing>
					</outerBoundaryIs>
				</Polygon>
			</Placemark>
			<Placemark>
				<name>1.4.326-3</name>
				<styleUrl>#msn_ylw-pushpin51111002</styleUrl>
				<Polygon>
					<tessellate>1</tessellate>
					<outerBoundaryIs>
						<LinearRing>
							<coordinates>
								-71.62389844827084,-16.33617276125585,0 -71.62212769971505,-16.33663987804229,0 -71.62179841020858,-16.33557542448153,0 -71.62356592424945,-16.33510408279989,0 -71.62389844827084,-16.33617276125585,0 
							</coordinates>
						</LinearRing>
					</outerBoundaryIs>
				</Polygon>
			</Placemark>
			<Placemark>
				<name>1.4.326-4</name>
				<styleUrl>#msn_ylw-pushpin51111002</styleUrl>
				<Polygon>
					<tessellate>1</tessellate>
					<outerBoundaryIs>
						<LinearRing>
							<coordinates>
								-71.6260066637202,-16.33563388668481,0 -71.62406532628314,-16.33615218574188,0 -71.62374522416125,-16.33508013341447,0 -71.62493526321474,-16.33472468039379,0 -71.6256994413279,-16.33509243604004,0 -71.6258893113789,-16.33531621176331,0 -71.6260066637202,-16.33563388668481,0 
							</coordinates>
						</LinearRing>
					</outerBoundaryIs>
				</Polygon>
			</Placemark>
			<Placemark>
				<name>1.4.326-5</name>
				<styleUrl>#msn_ylw-pushpin51111002</styleUrl>
				<Polygon>
					<tessellate>1</tessellate>
					<outerBoundaryIs>
						<LinearRing>
							<coordinates>
								-71.62635519688334,-16.33685831255227,0 -71.62440819952599,-16.33738485968535,0 -71.62407263788374,-16.33625343390358,0 -71.62604959902957,-16.33576772989145,0 -71.62635519688334,-16.33685831255227,0 
							</coordinates>
						</LinearRing>
					</outerBoundaryIs>
				</Polygon>
			</Placemark>
			<Placemark>
				<name>1.4.326-6</name>
				<styleUrl>#msn_ylw-pushpin51111002</styleUrl>
				<Polygon>
					<tessellate>1</tessellate>
					<outerBoundaryIs>
						<LinearRing>
							<coordinates>
								-71.62299635644264,-16.3377586369508,0 -71.62220110495929,-16.33681827464348,0 -71.62396028405267,-16.33632333059228,0 -71.6242648709853,-16.33741101526263,0 -71.62299635644264,-16.3377586369508,0 
							</coordinates>
						</LinearRing>
					</outerBoundaryIs>
				</Polygon>
			</Placemark>
			<Placemark>
				<name>1.4.326-7</name>
				<styleUrl>#msn_ylw-pushpin51111002</styleUrl>
				<Polygon>
					<tessellate>1</tessellate>
					<outerBoundaryIs>
						<LinearRing>
							<coordinates>
								-71.62417882661939,-16.33882464480834,0 -71.62379562736072,-16.33866043035189,0 -71.62357127591056,-16.33840951384758,0 -71.6231067897259,-16.3378724703292,0 -71.62432389442147,-16.33753978429279,0 -71.62466846700082,-16.33872653826462,0 -71.62417882661939,-16.33882464480834,0 
							</coordinates>
						</LinearRing>
					</outerBoundaryIs>
				</Polygon>
			</Placemark>
			<Placemark>
				<name>1.4.326-8</name>
				<styleUrl>#msn_ylw-pushpin51111002</styleUrl>
				<Polygon>
					<tessellate>1</tessellate>
					<outerBoundaryIs>
						<LinearRing>
							<coordinates>
								-71.62654304439233,-16.33810499886643,0 -71.62476134795087,-16.33859164162021,0 -71.62444035495272,-16.33749058342722,0 -71.62627204016718,-16.33700793758304,0 -71.62654304439233,-16.33810499886643,0 
							</coordinates>
						</LinearRing>
					</outerBoundaryIs>
				</Polygon>
			</Placemark>
			<Placemark>
				<name>1.4.327-1</name>
				<styleUrl>#msn_ylw-pushpin51111002</styleUrl>
				<Polygon>
					<tessellate>1</tessellate>
					<outerBoundaryIs>
						<LinearRing>
							<coordinates>
								-71.61735578248444,-16.34308745058754,0 -71.61680692503232,-16.34247015005605,0 -71.61706069728498,-16.34224315000205,0 -71.61696547604345,-16.34191317184634,0 -71.6183317280058,-16.34157871820363,0 -71.61871315610544,-16.34197996396693,0 -71.61735578248444,-16.34308745058754,0 
							</coordinates>
						</LinearRing>
					</outerBoundaryIs>
				</Polygon>
			</Placemark>
			<Placemark>
				<name>1.4.327-2</name>
				<styleUrl>#msn_ylw-pushpin51111002</styleUrl>
				<Polygon>
					<tessellate>1</tessellate>
					<outerBoundaryIs>
						<LinearRing>
							<coordinates>
								-71.61955281334319,-16.34294837451161,0 -71.61818705880727,-16.34406691511749,0 -71.61743296959497,-16.34319221006738,0 -71.61881121378566,-16.34208858562359,0 -71.61955281334319,-16.34294837451161,0 
							</coordinates>
						</LinearRing>
					</outerBoundaryIs>
				</Polygon>
			</Placemark>
			<Placemark>
				<name>1.4.327-3</name>
				<styleUrl>#msn_ylw-pushpin51111002</styleUrl>
				<Polygon>
					<tessellate>1</tessellate>
					<outerBoundaryIs>
						<LinearRing>
							<coordinates>
								-71.6204054055105,-16.34393747459443,0 -71.61902379076093,-16.34506637434629,0 -71.61828315331017,-16.34417529188438,0 -71.61965130732679,-16.34306894607671,0 -71.6204054055105,-16.34393747459443,0 
							</coordinates>
						</LinearRing>
					</outerBoundaryIs>
				</Polygon>
			</Placemark>
			<Placemark>
				<name>1.4.327-4</name>
				<styleUrl>#msn_ylw-pushpin51111002</styleUrl>
				<Polygon>
					<tessellate>1</tessellate>
					<outerBoundaryIs>
						<LinearRing>
							<coordinates>
								-71.62049884942527,-16.34402787250757,0 -71.62127486959244,-16.34489258508597,0 -71.61986400932388,-16.3460064582247,0 -71.61911603410111,-16.34514708534394,0 -71.62049884942527,-16.34402787250757,0 
							</coordinates>
						</LinearRing>
					</outerBoundaryIs>
				</Polygon>
			</Placemark>
			<Placemark>
				<name>1.4.327-5</name>
				<styleUrl>#msn_ylw-pushpin51111002</styleUrl>
				<Polygon>
					<tessellate>1</tessellate>
					<outerBoundaryIs>
						<LinearRing>
							<coordinates>
								-71.62135313512279,-16.34498035066898,0 -71.62209056199666,-16.34589020826092,0 -71.62073033321148,-16.34700473357392,0 -71.61997114279532,-16.34613763911329,0 -71.62135313512279,-16.34498035066898,0 
							</coordinates>
						</LinearRing>
					</outerBoundaryIs>
				</Polygon>
			</Placemark>
			<Placemark>
				<name>1.4.327-6</name>
				<styleUrl>#msn_ylw-pushpin51111002</styleUrl>
				<Polygon>
					<tessellate>1</tessellate>
					<outerBoundaryIs>
						<LinearRing>
							<coordinates>
								-71.62218109552268,-16.34600418849865,0 -71.62293792994267,-16.34686681179438,0 -71.62156130793764,-16.34800329461603,0 -71.62078758040673,-16.34709856217628,0 -71.62218109552268,-16.34600418849865,0 
							</coordinates>
						</LinearRing>
					</outerBoundaryIs>
				</Polygon>
			</Placemark>
			<Placemark>
				<name>1.4.327-7</name>
				<styleUrl>#msn_ylw-pushpin51111002</styleUrl>
				<Polygon>
					<tessellate>1</tessellate>
					<outerBoundaryIs>
						<LinearRing>
							<coordinates>
								-71.623019356182,-16.34698426479999,0 -71.62377714454612,-16.34782418172837,0 -71.62240943365168,-16.34894844687326,0 -71.62164054296289,-16.34807760284334,0 -71.623019356182,-16.34698426479999,0 
							</coordinates>
						</LinearRing>
					</outerBoundaryIs>
				</Polygon>
			</Placemark>
			<Placemark>
				<name>1.4.327-9</name>
				<styleUrl>#msn_ylw-pushpin51111002</styleUrl>
				<Polygon>
					<tessellate>1</tessellate>
					<outerBoundaryIs>
						<LinearRing>
							<coordinates>
								-71.61969778940531,-16.34289852569658,0 -71.61891412344146,-16.34199464617803,0 -71.6201660397916,-16.34104859778931,0 -71.62089730384562,-16.34188800300512,0 -71.61969778940531,-16.34289852569658,0 
							</coordinates>
						</LinearRing>
					</outerBoundaryIs>
				</Polygon>
			</Placemark>
			<Placemark>
				<name>1.4.327-10</name>
				<styleUrl>#msn_ylw-pushpin51111002</styleUrl>
				<Polygon>
					<tessellate>1</tessellate>
					<outerBoundaryIs>
						<LinearRing>
							<coordinates>
								-71.61977293651856,-16.34297705107951,0 -71.62097660609109,-16.34200025826788,0 -71.62173556072574,-16.34287789248262,0 -71.6205149383054,-16.34384895098538,0 -71.61977293651856,-16.34297705107951,0 
							</coordinates>
						</LinearRing>
					</outerBoundaryIs>
				</Polygon>
			</Placemark>
			<Placemark>
				<name>1.4.327-11</name>
				<styleUrl>#msn_ylw-pushpin51111002</styleUrl>
				<Polygon>
					<tessellate>1</tessellate>
					<outerBoundaryIs>
						<LinearRing>
							<coordinates>
								-71.62182707647628,-16.34298036116298,0 -71.62256400453438,-16.34385392623819,0 -71.62135845584571,-16.34483631944255,0 -71.62061235519958,-16.34396424913272,0 -71.62182707647628,-16.34298036116298,0 
							</coordinates>
						</LinearRing>
					</outerBoundaryIs>
				</Polygon>
			</Placemark>
			<Placemark>
				<name>1.4.327-12</name>
				<styleUrl>#msn_ylw-pushpin51111002</styleUrl>
				<Polygon>
					<tessellate>1</tessellate>
					<outerBoundaryIs>
						<LinearRing>
							<coordinates>
								-71.6226520468978,-16.34396848820976,0 -71.62343198609784,-16.34482405297478,0 -71.62220925541415,-16.34579749926397,0 -71.62142437829239,-16.34491151030451,0 -71.6226520468978,-16.34396848820976,0 
							</coordinates>
						</LinearRing>
					</outerBoundaryIs>
				</Polygon>
			</Placemark>
			<Placemark>
				<name>1.4.327-13</name>
				<styleUrl>#msn_ylw-pushpin51111002</styleUrl>
				<Polygon>
					<tessellate>1</tessellate>
					<outerBoundaryIs>
						<LinearRing>
							<coordinates>
								-71.62425038679704,-16.34579957977709,0 -71.62305127451408,-16.34677686693675,0 -71.62230465494056,-16.34590705143902,0 -71.62352445447134,-16.34492980182682,0 -71.62425038679704,-16.34579957977709,0 
							</coordinates>
						</LinearRing>
					</outerBoundaryIs>
				</Polygon>
			</Placemark>
			<Placemark>
				<name>1.4.327-14</name>
				<styleUrl>#msn_ylw-pushpin51111002</styleUrl>
				<Polygon>
					<tessellate>1</tessellate>
					<outerBoundaryIs>
						<LinearRing>
							<coordinates>
								-71.62510911367194,-16.3467929156854,0 -71.62389421377252,-16.34775489784318,0 -71.62313908909022,-16.34687859033538,0 -71.6243422273219,-16.34591900270529,0 -71.62510911367194,-16.3467929156854,0 
							</coordinates>
						</LinearRing>
					</outerBoundaryIs>
				</Polygon>
			</Placemark>
			<Placemark>
				<name>1.4.327-15</name>
				<styleUrl>#msn_ylw-pushpin51111002</styleUrl>
				<Polygon>
					<tessellate>1</tessellate>
					<outerBoundaryIs>
						<LinearRing>
							<coordinates>
								-71.62600341209635,-16.34780027443929,0 -71.62592880608523,-16.34799912719057,0 -71.62445234796996,-16.34840038543171,0 -71.62400069842981,-16.34786846336717,0 -71.62520465114541,-16.34689586460176,0 -71.62600341209635,-16.34780027443929,0 
							</coordinates>
						</LinearRing>
					</outerBoundaryIs>
				</Polygon>
			</Placemark>
			<Placemark>
				<name>1.4.327-16</name>
				<styleUrl>#msn_ylw-pushpin51111002</styleUrl>
				<Polygon>
					<tessellate>1</tessellate>
					<outerBoundaryIs>
						<LinearRing>
							<coordinates>
								-71.62537770997361,-16.34511532566581,0 -71.62575296252119,-16.34558390802897,0 -71.6248286457118,-16.34628440504003,0 -71.6244139133542,-16.34579215768029,0 -71.62537770997361,-16.34511532566581,0 
							</coordinates>
						</LinearRing>
					</outerBoundaryIs>
				</Polygon>
			</Placemark>
			<Placemark>
				<name>1.4.327-17</name>
				<styleUrl>#msn_ylw-pushpin51111002</styleUrl>
				<Polygon>
					<tessellate>1</tessellate>
					<outerBoundaryIs>
						<LinearRing>
							<coordinates>
								-71.62528311720668,-16.34504906323531,0 -71.62434256034481,-16.34575783945197,0 -71.62360184349883,-16.34486035492009,0 -71.62453007745526,-16.34410857700296,0 -71.62528311720668,-16.34504906323531,0 
							</coordinates>
						</LinearRing>
					</outerBoundaryIs>
				</Polygon>
			</Placemark>
			<Placemark>
				<name>1.4.328-1</name>
				<styleUrl>#msn_ylw-pushpin51111002</styleUrl>
				<Polygon>
					<tessellate>1</tessellate>
					<outerBoundaryIs>
						<LinearRing>
							<coordinates>
								-71.62928326096861,-16.34908116329296,0 -71.62906855210424,-16.34917605100381,0 -71.62853093488486,-16.34850319536396,0 -71.6284418171191,-16.34836846130838,0 -71.62901102205488,-16.34820455268722,0 -71.62928326096861,-16.34908116329296,0 
							</coordinates>
						</LinearRing>
					</outerBoundaryIs>
				</Polygon>
			</Placemark>
			<Placemark>
				<name>1.4.328-2</name>
				<styleUrl>#msn_ylw-pushpin51111002</styleUrl>
				<Polygon>
					<tessellate>1</tessellate>
					<outerBoundaryIs>
						<LinearRing>
							<coordinates>
								-71.62978277100319,-16.34892780273948,0 -71.62938923080023,-16.34904148122904,0 -71.62911911547701,-16.34817703740665,0 -71.62953161673796,-16.34806791076522,0 -71.62978277100319,-16.34892780273948,0 
							</coordinates>
						</LinearRing>
					</outerBoundaryIs>
				</Polygon>
			</Placemark>
			<Placemark>
				<name>1.4.328-3</name>
				<styleUrl>#msn_ylw-pushpin51111002</styleUrl>
				<Polygon>
					<tessellate>1</tessellate>
					<outerBoundaryIs>
						<LinearRing>
							<coordinates>
								-71.62846482628683,-16.3482224341839,0 -71.62832258405358,-16.3482679074225,0 -71.62789122075402,-16.3477719503182,0 -71.62774907961497,-16.34721234483716,0 -71.62816631398864,-16.34712141887278,0 -71.62846482628683,-16.3482224341839,0 
							</coordinates>
						</LinearRing>
					</outerBoundaryIs>
				</Polygon>
			</Placemark>
			<Placemark>
				<name>1.4.328-4</name>
				<styleUrl>#msn_ylw-pushpin51111002</styleUrl>
				<Polygon>
					<tessellate>1</tessellate>
					<outerBoundaryIs>
						<LinearRing>
							<coordinates>
								-71.62897689804939,-16.34806327939719,0 -71.62856439662916,-16.34818605343484,0 -71.62826114182585,-16.34708958684718,0 -71.62867837965931,-16.34698046154458,0 -71.62897689804939,-16.34806327939719,0 
							</coordinates>
						</LinearRing>
					</outerBoundaryIs>
				</Polygon>
			</Placemark>
			<Placemark>
				<name>1.4.328-5</name>
				<styleUrl>#msn_ylw-pushpin51111002</styleUrl>
				<Polygon>
					<tessellate>1</tessellate>
					<outerBoundaryIs>
						<LinearRing>
							<coordinates>
								-71.62949370901833,-16.34792687129309,0 -71.62909068995071,-16.34804054892815,0 -71.62878269000723,-16.3469486305221,0 -71.62919044755412,-16.34683495252912,0 -71.62949370901833,-16.34792687129309,0 
							</coordinates>
						</LinearRing>
					</outerBoundaryIs>
				</Polygon>
			</Placemark>
			<Placemark>
				<name>1.4.328-7</name>
				<styleUrl>#msn_ylw-pushpin51111002</styleUrl>
				<Polygon>
					<tessellate>1</tessellate>
					<outerBoundaryIs>
						<LinearRing>
							<coordinates>
								-71.62756893081854,-16.34712587399584,0 -71.62738876065605,-16.34716679121543,0 -71.62703324587893,-16.34675273438555,0 -71.62682948293859,-16.34613852503437,0 -71.6272656831529,-16.3460294058506,0 -71.62756893081854,-16.34712587399584,0 
							</coordinates>
						</LinearRing>
					</outerBoundaryIs>
				</Polygon>
			</Placemark>
			<Placemark>
				<name>1.4.328-8</name>
				<styleUrl>#msn_ylw-pushpin51111002</styleUrl>
				<Polygon>
					<tessellate>1</tessellate>
					<outerBoundaryIs>
						<LinearRing>
							<coordinates>
								-71.62811892746954,-16.3469849250409,0 -71.62770169189157,-16.34707130092746,0 -71.62740318148903,-16.34599303121009,0 -71.62782041893107,-16.3458793578385,0 -71.62811892746954,-16.3469849250409,0 
							</coordinates>
						</LinearRing>
					</outerBoundaryIs>
				</Polygon>
			</Placemark>
			<Placemark>
				<name>1.4.328-9</name>
				<styleUrl>#msn_ylw-pushpin51111002</styleUrl>
				<Polygon>
					<tessellate>1</tessellate>
					<outerBoundaryIs>
						<LinearRing>
							<coordinates>
								-71.62863099774523,-16.3468394192512,0 -71.62824220437911,-16.34694399853212,0 -71.62790576371127,-16.34585207377578,0 -71.62834196740206,-16.34573840127641,0 -71.62863099774523,-16.3468394192512,0 
							</coordinates>
						</LinearRing>
					</outerBoundaryIs>
				</Polygon>
			</Placemark>
			<Placemark>
				<name>1.4.328-10</name>
				<styleUrl>#msn_ylw-pushpin51111002</styleUrl>
				<Polygon>
					<tessellate>1</tessellate>
					<outerBoundaryIs>
						<LinearRing>
							<coordinates>
								-71.62915729239779,-16.3467030131257,0 -71.62872582758119,-16.34680758680031,0 -71.62841783067798,-16.3457111167038,0 -71.6288255856437,-16.34561108747933,0 -71.62915729239779,-16.3467030131257,0 
							</coordinates>
						</LinearRing>
					</outerBoundaryIs>
				</Polygon>
			</Placemark>
			<Placemark>
				<name>1.4.328-11</name>
				<styleUrl>#msn_ylw-pushpin51111002</styleUrl>
				<Polygon>
					<tessellate>1</tessellate>
					<outerBoundaryIs>
						<LinearRing>
							<coordinates>
								-71.62880664314797,-16.34547915617873,0 -71.62837992193752,-16.34559282847849,0 -71.62808141219182,-16.34448726095933,0 -71.62848442302084,-16.34438268300045,0 -71.62880664314797,-16.34547915617873,0 
							</coordinates>
						</LinearRing>
					</outerBoundaryIs>
				</Polygon>
			</Placemark>
			<Placemark>
				<name>1.4.328-12</name>
				<styleUrl>#msn_ylw-pushpin51111002</styleUrl>
				<Polygon>
					<tessellate>1</tessellate>
					<outerBoundaryIs>
						<LinearRing>
							<coordinates>
								-71.6282850970498,-16.3456064624444,0 -71.62786786136927,-16.34571103620158,0 -71.62756935259067,-16.34462366722565,0 -71.62799606734784,-16.34451909441094,0 -71.6282850970498,-16.3456064624444,0 
							</coordinates>
						</LinearRing>
					</outerBoundaryIs>
				</Polygon>
			</Placemark>
			<Placemark>
				<name>1.4.328-13</name>
				<styleUrl>#msn_ylw-pushpin51111002</styleUrl>
				<Polygon>
					<tessellate>1</tessellate>
					<outerBoundaryIs>
						<LinearRing>
							<coordinates>
								-71.62777771866723,-16.34575320907592,0 -71.62732959718433,-16.34586716469214,0 -71.62704307068097,-16.34476006954931,0 -71.62746504282956,-16.34466004688962,0 -71.62777771866723,-16.34575320907592,0 
							</coordinates>
						</LinearRing>
					</outerBoundaryIs>
				</Polygon>
			</Placemark>
			<Placemark>
				<name>1.4.328-14</name>
				<styleUrl>#msn_ylw-pushpin51111002</styleUrl>
				<Polygon>
					<tessellate>1</tessellate>
					<outerBoundaryIs>
						<LinearRing>
							<coordinates>
								-71.62721355773533,-16.34589746295757,0 -71.62681528759227,-16.34599748845331,0 -71.62648833661024,-16.34492376262487,0 -71.62688660553164,-16.34481463843114,0 -71.62721355773533,-16.34589746295757,0 
							</coordinates>
						</LinearRing>
					</outerBoundaryIs>
				</Polygon>
			</Placemark>
			<Placemark>
				<name>1.4.328-15</name>
				<styleUrl>#msn_ylw-pushpin51111002</styleUrl>
				<Polygon>
					<tessellate>1</tessellate>
					<outerBoundaryIs>
						<LinearRing>
							<coordinates>
								-71.62671571739654,-16.34603841798224,0 -71.62645494794867,-16.34608842065782,0 -71.62616579769316,-16.3457608122805,0 -71.62598102202679,-16.34503741782967,0 -71.62638877174717,-16.34493739514692,0 -71.62671571739654,-16.34603841798224,0 
							</coordinates>
						</LinearRing>
					</outerBoundaryIs>
				</Polygon>
			</Placemark>
			<Placemark>
				<name>1.4.328-16</name>
				<styleUrl>#msn_ylw-pushpin51111002</styleUrl>
				<Polygon>
					<tessellate>1</tessellate>
					<outerBoundaryIs>
						<LinearRing>
							<coordinates>
								-71.62597328705738,-16.34546244213047,0 -71.62592439165047,-16.34549309713089,0 -71.62563010129122,-16.3451282005054,0 -71.62585187384137,-16.34506945466311,0 -71.62597328705738,-16.34546244213047,0 
							</coordinates>
						</LinearRing>
					</outerBoundaryIs>
				</Polygon>
			</Placemark>
			<Placemark>
				<name>1.4.328-17</name>
				<styleUrl>#msn_ylw-pushpin51111002</styleUrl>
				<Polygon>
					<tessellate>1</tessellate>
					<outerBoundaryIs>
						<LinearRing>
							<coordinates>
								-71.62785580023231,-16.34321300465163,0 -71.62828844181743,-16.34371440061939,0 -71.62842889066708,-16.34425213670992,0 -71.62802582024285,-16.34436136960622,0 -71.62770843202803,-16.34323725214154,0 -71.62785580023231,-16.34321300465163,0 
							</coordinates>
						</LinearRing>
					</outerBoundaryIs>
				</Polygon>
			</Placemark>
			<Placemark>
				<name>1.4.328-18</name>
				<styleUrl>#msn_ylw-pushpin51111002</styleUrl>
				<Polygon>
					<tessellate>1</tessellate>
					<outerBoundaryIs>
						<LinearRing>
							<coordinates>
								-71.62798702117873,-16.34438541919798,0 -71.62777054408282,-16.34443814897065,0 -71.62744228080174,-16.34333773272817,0 -71.62766902089899,-16.34327194996145,0 -71.62798702117873,-16.34438541919798,0 
							</coordinates>
						</LinearRing>
					</outerBoundaryIs>
				</Polygon>
			</Placemark>
			<Placemark>
				<name>1.4.328-19</name>
				<styleUrl>#msn_ylw-pushpin51111002</styleUrl>
				<Polygon>
					<tessellate>1</tessellate>
					<outerBoundaryIs>
						<LinearRing>
							<coordinates>
								-71.62769242311543,-16.3444302435725,0 -71.62745799009278,-16.34450620692848,0 -71.62715117507805,-16.34340894725724,0 -71.62738742469584,-16.34334666255464,0 -71.62769242311543,-16.3444302435725,0 
							</coordinates>
						</LinearRing>
					</outerBoundaryIs>
				</Polygon>
			</Placemark>
			<Placemark>
				<name>1.4.328-20</name>
				<styleUrl>#msn_ylw-pushpin51111002</styleUrl>
				<Polygon>
					<tessellate>1</tessellate>
					<outerBoundaryIs>
						<LinearRing>
							<coordinates>
								-71.62739395365084,-16.34450799572689,0 -71.62699898169721,-16.34462844986142,0 -71.62669660973359,-16.34352795987546,0 -71.62709788305892,-16.34342251930219,0 -71.62739395365084,-16.34450799572689,0 
							</coordinates>
						</LinearRing>
					</outerBoundaryIs>
				</Polygon>
			</Placemark>
			<Placemark>
				<name>1.4.328-21</name>
				<styleUrl>#msn_ylw-pushpin51111002</styleUrl>
				<Polygon>
					<tessellate>1</tessellate>
					<outerBoundaryIs>
						<LinearRing>
							<coordinates>
								-71.6265621241827,-16.34356554545193,0 -71.62686435374577,-16.34467365463012,0 -71.62644258168206,-16.34475910756598,0 -71.6261477780444,-16.34367122148623,0 -71.6265621241827,-16.34356554545193,0 
							</coordinates>
						</LinearRing>
					</outerBoundaryIs>
				</Polygon>
			</Placemark>
			<Placemark>
				<name>1.4.328-22</name>
				<styleUrl>#msn_ylw-pushpin51111002</styleUrl>
				<Polygon>
					<tessellate>1</tessellate>
					<outerBoundaryIs>
						<LinearRing>
							<coordinates>
								-71.62639712085993,-16.34477909536974,0 -71.62585987393588,-16.34491026992553,0 -71.62567070477917,-16.3442377027197,0 -71.62589826909485,-16.34418474705589,0 -71.62593387022009,-16.34430683437121,0 -71.62622689712009,-16.34422821897739,0 -71.62639712085993,-16.34477909536974,0 
							</coordinates>
						</LinearRing>
					</outerBoundaryIs>
				</Polygon>
			</Placemark>
			<Placemark>
				<name>1.4.328-23</name>
				<styleUrl>#msn_ylw-pushpin51111002</styleUrl>
				<Polygon>
					<tessellate>1</tessellate>
					<outerBoundaryIs>
						<LinearRing>
							<coordinates>
								-71.62581991327987,-16.34493141804222,0 -71.62556351464519,-16.3450196375209,0 -71.62468960953206,-16.34400690063641,0 -71.62520674750672,-16.34389836986986,0 -71.6253537695319,-16.3444472594585,0 -71.62564864884546,-16.34438420798578,0 -71.62581991327987,-16.34493141804222,0 
							</coordinates>
						</LinearRing>
					</outerBoundaryIs>
				</Polygon>
			</Placemark>
			<Placemark>
				<name>1.4.328-24</name>
				<styleUrl>#msn_ylw-pushpin51111002</styleUrl>
				<Polygon>
					<tessellate>1</tessellate>
					<outerBoundaryIs>
						<LinearRing>
							<coordinates>
								-71.62563327185704,-16.34433268031067,0 -71.62540742879837,-16.34437875944165,0 -71.62528151820997,-16.34388907457044,0 -71.62549374679607,-16.34383170305498,0 -71.62563327185704,-16.34433268031067,0 
							</coordinates>
						</LinearRing>
					</outerBoundaryIs>
				</Polygon>
			</Placemark>
			<Placemark>
				<name>1.4.328-25</name>
				<styleUrl>#msn_ylw-pushpin51111002</styleUrl>
				<Polygon>
					<tessellate>1</tessellate>
					<outerBoundaryIs>
						<LinearRing>
							<coordinates>
								-71.62588071654024,-16.3440956017928,0 -71.62575089515394,-16.34415407926117,0 -71.62567731481442,-16.34421217702621,0 -71.6255674524155,-16.34382307206185,0 -71.62577856062067,-16.34376527117887,0 -71.62588071654024,-16.3440956017928,0 
							</coordinates>
						</LinearRing>
					</outerBoundaryIs>
				</Polygon>
			</Placemark>
			<Placemark>
				<name>1.4.328-26</name>
				<styleUrl>#msn_ylw-pushpin51111002</styleUrl>
				<Polygon>
					<tessellate>1</tessellate>
					<outerBoundaryIs>
						<LinearRing>
							<coordinates>
								-71.62616110022761,-16.34395193674461,0 -71.62593362636588,-16.34402263955447,0 -71.62585864793463,-16.34374786024721,0 -71.62608274309498,-16.34369541997372,0 -71.62616110022761,-16.34395193674461,0 
							</coordinates>
						</LinearRing>
					</outerBoundaryIs>
				</Polygon>
			</Placemark>
			<Placemark>
				<name>1.4.328-27</name>
				<styleUrl>#msn_ylw-pushpin51111002</styleUrl>
				<Polygon>
					<tessellate>1</tessellate>
					<outerBoundaryIs>
						<LinearRing>
							<coordinates>
								-71.62496020178058,-16.34344130157641,0 -71.6250511037765,-16.34378292685188,0 -71.62460436120367,-16.34388685932132,0 -71.62436747509099,-16.34358697946196,0 -71.62496020178058,-16.34344130157641,0 
							</coordinates>
						</LinearRing>
					</outerBoundaryIs>
				</Polygon>
			</Placemark>
			<Placemark>
				<name>1.4.328-28</name>
				<styleUrl>#msn_ylw-pushpin51111002</styleUrl>
				<Polygon>
					<tessellate>1</tessellate>
					<outerBoundaryIs>
						<LinearRing>
							<coordinates>
								-71.62568323360544,-16.34326263098804,0 -71.62577945181116,-16.34361927709621,0 -71.62512116586242,-16.34376984738161,0 -71.62503981387074,-16.34342223633164,0 -71.62568323360544,-16.34326263098804,0 
							</coordinates>
						</LinearRing>
					</outerBoundaryIs>
				</Polygon>
			</Placemark>
			<Placemark>
				<name>1.4.328-29</name>
				<styleUrl>#msn_ylw-pushpin51111002</styleUrl>
				<Polygon>
					<tessellate>1</tessellate>
					<outerBoundaryIs>
						<LinearRing>
							<coordinates>
								-71.62487526729588,-16.34315625540476,0 -71.62493104028735,-16.34333170747029,0 -71.62428874494319,-16.34349005417626,0 -71.62415065649803,-16.34333708605832,0 -71.62487526729588,-16.34315625540476,0 
							</coordinates>
						</LinearRing>
					</outerBoundaryIs>
				</Polygon>
			</Placemark>
			<Placemark>
				<name>1.4.328-30</name>
				<styleUrl>#msn_ylw-pushpin51111002</styleUrl>
				<Polygon>
					<tessellate>1</tessellate>
					<outerBoundaryIs>
						<LinearRing>
							<coordinates>
								-71.62553828234337,-16.34299472519282,0 -71.62557526532272,-16.3431542827895,0 -71.62500034448449,-16.34330293568479,0 -71.62496101059023,-16.3431327198554,0 -71.62553828234337,-16.34299472519282,0 
							</coordinates>
						</LinearRing>
					</outerBoundaryIs>
				</Polygon>
			</Placemark>
			<Placemark>
				<name>1.4.328-31</name>
				<styleUrl>#msn_ylw-pushpin51111002</styleUrl>
				<Polygon>
					<tessellate>1</tessellate>
					<outerBoundaryIs>
						<LinearRing>
							<coordinates>
								-71.62600228307463,-16.34354714178853,0 -71.62590906106128,-16.34357803866095,0 -71.62576085529069,-16.34304710199293,0 -71.62561013004135,-16.34308619154212,0 -71.62558283507052,-16.34296219754822,0 -71.62581873430095,-16.34290704203336,0 -71.62600228307463,-16.34354714178853,0 
							</coordinates>
						</LinearRing>
					</outerBoundaryIs>
				</Polygon>
			</Placemark>
			<Placemark>
				<name>1.4.328-32</name>
				<styleUrl>#msn_ylw-pushpin51111002</styleUrl>
				<Polygon>
					<tessellate>1</tessellate>
					<outerBoundaryIs>
						<LinearRing>
							<coordinates>
								-71.62603018913478,-16.3428535079947,0 -71.62608026618715,-16.34302171991511,0 -71.62637089508198,-16.34294449261726,0 -71.626432298268,-16.34314686730087,0 -71.6261330373696,-16.34321767405097,0 -71.62620576611786,-16.34348726444847,0 -71.62604568984766,-16.34352792203486,0 -71.62587569187762,-16.34288510653835,0 -71.62603018913478,-16.3428535079947,0 
							</coordinates>
						</LinearRing>
					</outerBoundaryIs>
				</Polygon>
			</Placemark>
			<Placemark>
				<name>1.4.328-33</name>
				<styleUrl>#msn_ylw-pushpin51111002</styleUrl>
				<Polygon>
					<tessellate>1</tessellate>
					<outerBoundaryIs>
						<LinearRing>
							<coordinates>
								-71.62591950111164,-16.34237340471709,0 -71.62601931184157,-16.34274843808097,0 -71.62562640851753,-16.34284641162016,0 -71.62552851236183,-16.34246442410802,0 -71.62591950111164,-16.34237340471709,0 
							</coordinates>
						</LinearRing>
					</outerBoundaryIs>
				</Polygon>
			</Placemark>
			<Placemark>
				<name>1.4.328-34</name>
				<styleUrl>#msn_ylw-pushpin51111002</styleUrl>
				<Polygon>
					<tessellate>1</tessellate>
					<outerBoundaryIs>
						<LinearRing>
							<coordinates>
								-71.6254854932897,-16.34249489058999,0 -71.62557600053482,-16.34286246497277,0 -71.62490503234443,-16.34302142897865,0 -71.62481425392026,-16.34266158816473,0 -71.6254854932897,-16.34249489058999,0 
							</coordinates>
						</LinearRing>
					</outerBoundaryIs>
				</Polygon>
			</Placemark>
			<Placemark>
				<name>1.4.328-35</name>
				<styleUrl>#msn_ylw-pushpin51111002</styleUrl>
				<Polygon>
					<tessellate>1</tessellate>
					<outerBoundaryIs>
						<LinearRing>
							<coordinates>
								-71.62475609353361,-16.3426729997987,0 -71.62484893431517,-16.34304009157994,0 -71.62405819920444,-16.34323860783546,0 -71.62377905407047,-16.34291248961825,0 -71.62475609353361,-16.3426729997987,0 
							</coordinates>
						</LinearRing>
					</outerBoundaryIs>
				</Polygon>
			</Placemark>
			<Placemark>
				<name>1.4.328-36</name>
				<styleUrl>#msn_ylw-pushpin51111002</styleUrl>
				<Polygon>
					<tessellate>1</tessellate>
					<outerBoundaryIs>
						<LinearRing>
							<coordinates>
								-71.62613035874581,-16.34218903311366,0 -71.62588925672814,-16.34225953497441,0 -71.62570389228701,-16.34159152495489,0 -71.62575498603771,-16.34157183383686,0 -71.62613035874581,-16.34218903311366,0 
							</coordinates>
						</LinearRing>
					</outerBoundaryIs>
				</Polygon>
			</Placemark>
			<Placemark>
				<name>1.4.328-37</name>
				<styleUrl>#msn_ylw-pushpin51111002</styleUrl>
				<Polygon>
					<tessellate>1</tessellate>
					<outerBoundaryIs>
						<LinearRing>
							<coordinates>
								-71.62581071628433,-16.34228806262606,0 -71.62545464882496,-16.34237835839205,0 -71.62534019912098,-16.34195182331341,0 -71.6256988790234,-16.34186233309062,0 -71.62581071628433,-16.34228806262606,0 
							</coordinates>
						</LinearRing>
					</outerBoundaryIs>
				</Polygon>
			</Placemark>
			<Placemark>
				<name>1.4.328-38</name>
				<styleUrl>#msn_ylw-pushpin51111002</styleUrl>
				<Polygon>
					<tessellate>1</tessellate>
					<outerBoundaryIs>
						<LinearRing>
							<coordinates>
								-71.6253880848901,-16.34239151350956,0 -71.62501196177614,-16.34249074592476,0 -71.6248979250567,-16.34205369143791,0 -71.62526618627932,-16.3419658319768,0 -71.6253880848901,-16.34239151350956,0 
							</coordinates>
						</LinearRing>
					</outerBoundaryIs>
				</Polygon>
			</Placemark>
			<Placemark>
				<name>1.4.328-39</name>
				<styleUrl>#msn_ylw-pushpin51111002</styleUrl>
				<Polygon>
					<tessellate>1</tessellate>
					<outerBoundaryIs>
						<LinearRing>
							<coordinates>
								-71.62475985803545,-16.34203177138674,0 -71.62487764776471,-16.34250370242538,0 -71.62450147349836,-16.34259650269544,0 -71.6243793121572,-16.34212710020394,0 -71.62475985803545,-16.34203177138674,0 
							</coordinates>
						</LinearRing>
					</outerBoundaryIs>
				</Polygon>
			</Placemark>
			<Placemark>
				<name>1.4.328-40</name>
				<styleUrl>#msn_ylw-pushpin51111002</styleUrl>
				<Polygon>
					<tessellate>1</tessellate>
					<outerBoundaryIs>
						<LinearRing>
							<coordinates>
								-71.62441080967972,-16.34261947797669,0 -71.62410048634091,-16.34271329121753,0 -71.62396444585193,-16.34223328038326,0 -71.62429654669467,-16.34215344500166,0 -71.62441080967972,-16.34261947797669,0 
							</coordinates>
						</LinearRing>
					</outerBoundaryIs>
				</Polygon>
			</Placemark>
			<Placemark>
				<name>1.4.328-41</name>
				<styleUrl>#msn_ylw-pushpin51111002</styleUrl>
				<Polygon>
					<tessellate>1</tessellate>
					<outerBoundaryIs>
						<LinearRing>
							<coordinates>
								-71.62370831843224,-16.34281374922529,0 -71.62357284916311,-16.34233408874027,0 -71.62387932202022,-16.34226611110933,0 -71.62399335909248,-16.3427469147313,0 -71.62370831843224,-16.34281374922529,0 
							</coordinates>
						</LinearRing>
					</outerBoundaryIs>
				</Polygon>
			</Placemark>
			<Placemark>
				<name>1.4.328-42</name>
				<styleUrl>#msn_ylw-pushpin51111002</styleUrl>
				<Polygon>
					<tessellate>1</tessellate>
					<outerBoundaryIs>
						<LinearRing>
							<coordinates>
								-71.62568780400693,-16.34178893784634,0 -71.62530668270638,-16.34189017457261,0 -71.62515629747931,-16.34132167776373,0 -71.62547769456896,-16.34125804548054,0 -71.6255618451149,-16.34135203743674,0 -71.62568780400693,-16.34178893784634,0 
							</coordinates>
						</LinearRing>
					</outerBoundaryIs>
				</Polygon>
			</Placemark>
			<Placemark>
				<name>1.4.328-43</name>
				<styleUrl>#msn_ylw-pushpin51111002</styleUrl>
				<Polygon>
					<tessellate>1</tessellate>
					<outerBoundaryIs>
						<LinearRing>
							<coordinates>
								-71.62509240439086,-16.34132993978082,0 -71.62523974542489,-16.34189295203677,0 -71.62485563372243,-16.34198677018761,0 -71.62470245926505,-16.34141834835315,0 -71.62509240439086,-16.34132993978082,0 
							</coordinates>
						</LinearRing>
					</outerBoundaryIs>
				</Polygon>
			</Placemark>
			<Placemark>
				<name>1.4.328-44</name>
				<styleUrl>#msn_ylw-pushpin51111002</styleUrl>
				<Polygon>
					<tessellate>1</tessellate>
					<outerBoundaryIs>
						<LinearRing>
							<coordinates>
								-71.62453253280414,-16.34125918312466,0 -71.6247197975911,-16.34196926333322,0 -71.62434248723501,-16.34206811563475,0 -71.62415684453354,-16.34135560182107,0 -71.62453253280414,-16.34125918312466,0 
							</coordinates>
						</LinearRing>
					</outerBoundaryIs>
				</Polygon>
			</Placemark>
			<Placemark>
				<name>1.4.328-45</name>
				<styleUrl>#msn_ylw-pushpin51111002</styleUrl>
				<Polygon>
					<tessellate>1</tessellate>
					<outerBoundaryIs>
						<LinearRing>
							<coordinates>
								-71.62543824525386,-16.34118290153793,0 -71.62512208826845,-16.34126871931009,0 -71.62486746939264,-16.34033291062311,0 -71.62501454646522,-16.34030572460782,0 -71.6250630705172,-16.34033744633627,0 -71.6251919453712,-16.34083601996963,0 -71.62543824525386,-16.34118290153793,0 
							</coordinates>
						</LinearRing>
					</outerBoundaryIs>
				</Polygon>
			</Placemark>
			<Placemark>
				<name>1.4.328-46</name>
				<styleUrl>#msn_ylw-pushpin51111002</styleUrl>
				<Polygon>
					<tessellate>1</tessellate>
					<outerBoundaryIs>
						<LinearRing>
							<coordinates>
								-71.62482404982646,-16.34037191823217,0 -71.62507448261869,-16.34127903466814,0 -71.62469890746263,-16.34137152448453,0 -71.62445246782886,-16.34046607530706,0 -71.62482404982646,-16.34037191823217,0 
							</coordinates>
						</LinearRing>
					</outerBoundaryIs>
				</Polygon>
			</Placemark>
			<Placemark>
				<name>1.4.328-47</name>
				<styleUrl>#msn_ylw-pushpin51111002</styleUrl>
				<Polygon>
					<tessellate>1</tessellate>
					<outerBoundaryIs>
						<LinearRing>
							<coordinates>
								-71.62431449703331,-16.34050006635953,0 -71.62450235818483,-16.34119768652139,0 -71.62413086960265,-16.3412910693798,0 -71.62394267966323,-16.34059287139244,0 -71.62431449703331,-16.34050006635953,0 
							</coordinates>
						</LinearRing>
					</outerBoundaryIs>
				</Polygon>
			</Placemark>
			<Placemark>
				<name>1.4.328-48</name>
				<styleUrl>#msn_ylw-pushpin51111002</styleUrl>
				<Polygon>
					<tessellate>1</tessellate>
					<outerBoundaryIs>
						<LinearRing>
							<coordinates>
								-71.62388333707383,-16.34060608593908,0 -71.62428877849173,-16.3420946806155,0 -71.62418511638442,-16.34210733292025,0 -71.62400920124909,-16.34158775658123,0 -71.62391895400764,-16.34117989837707,0 -71.62376758184564,-16.34079358703784,0 -71.62379398238285,-16.3406270986396,0 -71.62388333707383,-16.34060608593908,0 
							</coordinates>
						</LinearRing>
					</outerBoundaryIs>
				</Polygon>
			</Placemark>
			<Placemark>
				<name>1.4.328-49</name>
				<styleUrl>#msn_ylw-pushpin51111002</styleUrl>
				<Polygon>
					<tessellate>1</tessellate>
					<outerBoundaryIs>
						<LinearRing>
							<coordinates>
								-71.62403918593668,-16.34216282818097,0 -71.62383490511729,-16.34220700901139,0 -71.623445504941,-16.34073400138366,0 -71.62363240185834,-16.34068258037433,0 -71.62403918593668,-16.34216282818097,0 
							</coordinates>
						</LinearRing>
					</outerBoundaryIs>
				</Polygon>
			</Placemark>
			<Placemark>
				<name>1.4.328-50</name>
				<styleUrl>#msn_ylw-pushpin51111002</styleUrl>
				<Polygon>
					<tessellate>1</tessellate>
					<outerBoundaryIs>
						<LinearRing>
							<coordinates>
								-71.62337456017417,-16.34076696578596,0 -71.62374390912274,-16.34221293115215,0 -71.623547802514,-16.34226771852056,0 -71.6231617651456,-16.34081113738591,0 -71.62337456017417,-16.34076696578596,0 
							</coordinates>
						</LinearRing>
					</outerBoundaryIs>
				</Polygon>
			</Placemark>
			<Placemark>
				<name>1.4.328-52</name>
				<styleUrl>#msn_ylw-pushpin51111002</styleUrl>
				<Polygon>
					<tessellate>1</tessellate>
					<outerBoundaryIs>
						<LinearRing>
							<coordinates>
								-71.6234169260799,-16.3423607627999,0 -71.6232858184047,-16.34240319747106,0 -71.62293891413294,-16.34201041343857,0 -71.6233035932767,-16.34191333338839,0 -71.6234169260799,-16.3423607627999,0 
							</coordinates>
						</LinearRing>
					</outerBoundaryIs>
				</Polygon>
			</Placemark>
			<Placemark>
				<name>1.4.328-53</name>
				<styleUrl>#msn_ylw-pushpin51111002</styleUrl>
				<Polygon>
					<tessellate>1</tessellate>
					<outerBoundaryIs>
						<LinearRing>
							<coordinates>
								-71.62310854862731,-16.34112890580928,0 -71.62328300349091,-16.34182574413357,0 -71.62302950765299,-16.34190007208502,0 -71.62289988602696,-16.34192432632313,0 -71.62273612235404,-16.34122080785547,0 -71.62310854862731,-16.34112890580928,0 
							</coordinates>
						</LinearRing>
					</outerBoundaryIs>
				</Polygon>
			</Placemark>
			<Placemark>
				<name>1.4.328-54</name>
				<styleUrl>#msn_ylw-pushpin51111002</styleUrl>
				<Polygon>
					<tessellate>1</tessellate>
					<outerBoundaryIs>
						<LinearRing>
							<coordinates>
								-71.62267543952342,-16.34124649257683,0 -71.62280034898998,-16.34175332581055,0 -71.62275764711161,-16.34177481357824,0 -71.62235629333546,-16.3413117641975,0 -71.62267543952342,-16.34124649257683,0 
							</coordinates>
						</LinearRing>
					</outerBoundaryIs>
				</Polygon>
			</Placemark>
			<Placemark>
				<name>1.4.328-55</name>
				<styleUrl>#msn_ylw-pushpin51111002</styleUrl>
				<Polygon>
					<tessellate>1</tessellate>
					<outerBoundaryIs>
						<LinearRing>
							<coordinates>
								-71.62278405924137,-16.33998639890533,0 -71.62307945125978,-16.34106042513023,0 -71.6227138212659,-16.34116530180089,0 -71.62250204159737,-16.34036016490795,0 -71.62278405924137,-16.33998639890533,0 
							</coordinates>
						</LinearRing>
					</outerBoundaryIs>
				</Polygon>
			</Placemark>
			<Placemark>
				<name>1.4.328-56</name>
				<styleUrl>#msn_ylw-pushpin51111002</styleUrl>
				<Polygon>
					<tessellate>1</tessellate>
					<outerBoundaryIs>
						<LinearRing>
							<coordinates>
								-71.62243764859809,-16.34036841945684,0 -71.62264291324819,-16.3411881503787,0 -71.62229797620735,-16.34125723298926,0 -71.62222939011536,-16.34116310965223,0 -71.62208825216614,-16.34061391889612,0 -71.62243764859809,-16.34036841945684,0 
							</coordinates>
						</LinearRing>
					</outerBoundaryIs>
				</Polygon>
			</Placemark>
			<Placemark>
				<name>1.4.328-57</name>
				<styleUrl>#msn_ylw-pushpin51111002</styleUrl>
				<Polygon>
					<tessellate>1</tessellate>
					<outerBoundaryIs>
						<LinearRing>
							<coordinates>
								-71.62202163602181,-16.34064862948098,0 -71.62213580296215,-16.34103446093152,0 -71.62183409396265,-16.3406997982925,0 -71.62202163602181,-16.34064862948098,0 
							</coordinates>
						</LinearRing>
					</outerBoundaryIs>
				</Polygon>
			</Placemark>
			<Placemark>
				<name>1.4.329-1</name>
				<styleUrl>#msn_ylw-pushpin51111002</styleUrl>
				<Polygon>
					<tessellate>1</tessellate>
					<outerBoundaryIs>
						<LinearRing>
							<coordinates>
								-71.63129454513123,-16.34744953793052,0 -71.63074411037692,-16.34759905625886,0 -71.63063808348168,-16.34725585874942,0 -71.63118356505669,-16.34710657290701,0 -71.63129454513123,-16.34744953793052,0 
							</coordinates>
						</LinearRing>
					</outerBoundaryIs>
				</Polygon>
			</Placemark>
			<Placemark>
				<name>1.4.329-2</name>
				<styleUrl>#msn_ylw-pushpin51111002</styleUrl>
				<Polygon>
					<tessellate>1</tessellate>
					<outerBoundaryIs>
						<LinearRing>
							<coordinates>
								-71.63105410022845,-16.3466444617548,0 -71.63115252164573,-16.34698731146795,0 -71.6306025270155,-16.34715888838873,0 -71.6305142843331,-16.34681234609279,0 -71.63105410022845,-16.3466444617548,0 
							</coordinates>
						</LinearRing>
					</outerBoundaryIs>
				</Polygon>
			</Placemark>
			<Placemark>
				<name>1.4.329-3</name>
				<styleUrl>#msn_ylw-pushpin51111002</styleUrl>
				<Polygon>
					<tessellate>1</tessellate>
					<outerBoundaryIs>
						<LinearRing>
							<coordinates>
								-71.63091591621838,-16.34620333155998,0 -71.63102865789469,-16.34656067288955,0 -71.63046898132222,-16.34670627675339,0 -71.63037060327073,-16.34637025555453,0 -71.63091591621838,-16.34620333155998,0 
							</coordinates>
						</LinearRing>
					</outerBoundaryIs>
				</Polygon>
			</Placemark>
			<Placemark>
				<name>1.4.329-4</name>
				<styleUrl>#msn_ylw-pushpin51111002</styleUrl>
				<Polygon>
					<tessellate>1</tessellate>
					<outerBoundaryIs>
						<LinearRing>
							<coordinates>
								-71.63079394966131,-16.3457775574255,0 -71.63079611252293,-16.34578738570828,0 -71.63089783787822,-16.34612501958124,0 -71.63034792054758,-16.34626574350843,0 -71.6302642532104,-16.34592281169593,0 -71.63079394966131,-16.3457775574255,0 
							</coordinates>
						</LinearRing>
					</outerBoundaryIs>
				</Polygon>
			</Placemark>
			<Placemark>
				<name>1.4.329-5</name>
				<styleUrl>#msn_ylw-pushpin51111002</styleUrl>
				<Polygon>
					<tessellate>1</tessellate>
					<outerBoundaryIs>
						<LinearRing>
							<coordinates>
								-71.63066727881852,-16.34531290528097,0 -71.63077580294694,-16.34566324502225,0 -71.63023388607378,-16.34584161543455,0 -71.63013768068477,-16.34545870911068,0 -71.63066727881852,-16.34531290528097,0 
							</coordinates>
						</LinearRing>
					</outerBoundaryIs>
				</Polygon>
			</Placemark>
			<Placemark>
				<name>1.4.329-6</name>
				<styleUrl>#msn_ylw-pushpin51111002</styleUrl>
				<Polygon>
					<tessellate>1</tessellate>
					<outerBoundaryIs>
						<LinearRing>
							<coordinates>
								-71.63055432906401,-16.34486747297777,0 -71.63062876361369,-16.34518226331873,0 -71.63010344982372,-16.34538635306175,0 -71.63000474481194,-16.34504104835621,0 -71.63055432906401,-16.34486747297777,0 
							</coordinates>
						</LinearRing>
					</outerBoundaryIs>
				</Polygon>
			</Placemark>
			<Placemark>
				<name>1.4.329-7</name>
				<styleUrl>#msn_ylw-pushpin51111002</styleUrl>
				<Polygon>
					<tessellate>1</tessellate>
					<outerBoundaryIs>
						<LinearRing>
							<coordinates>
								-71.63040662424005,-16.34444350653807,0 -71.63051244855913,-16.34478837094359,0 -71.62997546224173,-16.34493036081535,0 -71.62986694773441,-16.34457985750715,0 -71.63040662424005,-16.34444350653807,0 
							</coordinates>
						</LinearRing>
					</outerBoundaryIs>
				</Polygon>
			</Placemark>
			<Placemark>
				<name>1.4.329-8</name>
				<styleUrl>#msn_ylw-pushpin51111002</styleUrl>
				<Polygon>
					<tessellate>1</tessellate>
					<outerBoundaryIs>
						<LinearRing>
							<coordinates>
								-71.63030082799344,-16.34397672725429,0 -71.6303825983146,-16.3443395498379,0 -71.62983756018622,-16.34448408297973,0 -71.62974484193936,-16.34413290186992,0 -71.63030082799344,-16.34397672725429,0 
							</coordinates>
						</LinearRing>
					</outerBoundaryIs>
				</Polygon>
			</Placemark>
			<Placemark>
				<name>1.4.329-9</name>
				<styleUrl>#msn_ylw-pushpin51111002</styleUrl>
				<Polygon>
					<tessellate>1</tessellate>
					<outerBoundaryIs>
						<LinearRing>
							<coordinates>
								-71.63016072586983,-16.34352967882102,0 -71.63025407743221,-16.34388989326069,0 -71.62972431120815,-16.34404239976695,0 -71.62963182950767,-16.3436973041809,0 -71.63016072586983,-16.34352967882102,0 
							</coordinates>
						</LinearRing>
					</outerBoundaryIs>
				</Polygon>
			</Placemark>
			<Placemark>
				<name>1.4.329-10</name>
				<styleUrl>#msn_ylw-pushpin51111002</styleUrl>
				<Polygon>
					<tessellate>1</tessellate>
					<outerBoundaryIs>
						<LinearRing>
							<coordinates>
								-71.63090153238616,-16.34570021720388,0 -71.63027312068381,-16.343481923087,0 -71.63042766895879,-16.3434351195864,0 -71.63073702478725,-16.34363649148104,0 -71.63085554630156,-16.34381058644724,0 -71.63095540751199,-16.34416445061719,0 -71.6309928213424,-16.34442853924022,0 -71.63098567952352,-16.34490119511143,0 -71.63094761615001,-16.34525118539354,0 -71.63100312757331,-16.34567884691701,0 -71.63090153238616,-16.34570021720388,0 
							</coordinates>
						</LinearRing>
					</outerBoundaryIs>
				</Polygon>
			</Placemark>
			<Placemark>
				<name>1.4.329-11</name>
				<styleUrl>#msn_ylw-pushpin51111002</styleUrl>
				<Polygon>
					<tessellate>1</tessellate>
					<outerBoundaryIs>
						<LinearRing>
							<coordinates>
								-71.63043979772809,-16.34335954330363,0 -71.63025204129269,-16.34344314811161,0 -71.63011888657225,-16.34291388090019,0 -71.63028521364147,-16.34285861670534,0 -71.63043979772809,-16.34335954330363,0 
							</coordinates>
						</LinearRing>
					</outerBoundaryIs>
				</Polygon>
			</Placemark>
			<Placemark>
				<name>1.4.329-12</name>
				<styleUrl>#msn_ylw-pushpin51111002</styleUrl>
				<Polygon>
					<tessellate>1</tessellate>
					<outerBoundaryIs>
						<LinearRing>
							<coordinates>
								-71.63005001179762,-16.3431090915546,0 -71.63012496570587,-16.34344620427029,0 -71.62958514247576,-16.34360585282588,0 -71.62947965699644,-16.34325514333392,0 -71.63005001179762,-16.3431090915546,0 
							</coordinates>
						</LinearRing>
					</outerBoundaryIs>
				</Polygon>
			</Placemark>
			<Placemark>
				<name>1.4.329-13</name>
				<styleUrl>#msn_ylw-pushpin51111002</styleUrl>
				<Polygon>
					<tessellate>1</tessellate>
					<outerBoundaryIs>
						<LinearRing>
							<coordinates>
								-71.62939048048699,-16.34327839556241,0 -71.62951246144956,-16.34361442508346,0 -71.62917079049386,-16.34371915014031,0 -71.62892065886761,-16.34339414746105,0 -71.62939048048699,-16.34327839556241,0 
							</coordinates>
						</LinearRing>
					</outerBoundaryIs>
				</Polygon>
			</Placemark>
			<Placemark>
				<name>1.4.329-14</name>
				<styleUrl>#msn_ylw-pushpin51111002</styleUrl>
				<Polygon>
					<tessellate>1</tessellate>
					<outerBoundaryIs>
						<LinearRing>
							<coordinates>
								-71.62927729003125,-16.34282073489979,0 -71.62936944671893,-16.34318631120496,0 -71.62885018100143,-16.34332048930516,0 -71.62861283350976,-16.34301035034724,0 -71.62927729003125,-16.34282073489979,0 
							</coordinates>
						</LinearRing>
					</outerBoundaryIs>
				</Polygon>
			</Placemark>
			<Placemark>
				<name>1.4.329-15</name>
				<styleUrl>#msn_ylw-pushpin51111002</styleUrl>
				<Polygon>
					<tessellate>1</tessellate>
					<outerBoundaryIs>
						<LinearRing>
							<coordinates>
								-71.62991304391656,-16.34266064369293,0 -71.6300170321781,-16.3430070393965,0 -71.6294565913162,-16.34315967806545,0 -71.62936065591123,-16.34280639574044,0 -71.62991304391656,-16.34266064369293,0 
							</coordinates>
						</LinearRing>
					</outerBoundaryIs>
				</Polygon>
			</Placemark>
			<Placemark>
				<name>1.4.329-16</name>
				<styleUrl>#msn_ylw-pushpin51111002</styleUrl>
				<Polygon>
					<tessellate>1</tessellate>
					<outerBoundaryIs>
						<LinearRing>
							<coordinates>
								-71.63022310447968,-16.34274675978522,0 -71.63007083405066,-16.34283759162939,0 -71.62988733207672,-16.34237423078774,0 -71.62997722837511,-16.3423609647975,0 -71.63017207921104,-16.34250820795125,0 -71.63022310447968,-16.34274675978522,0 
							</coordinates>
						</LinearRing>
					</outerBoundaryIs>
				</Polygon>
			</Placemark>
			<Placemark>
				<name>1.4.329-17</name>
				<styleUrl>#msn_ylw-pushpin51111002</styleUrl>
				<Polygon>
					<tessellate>1</tessellate>
					<outerBoundaryIs>
						<LinearRing>
							<coordinates>
								-71.62913546323922,-16.34233756435875,0 -71.62921498261476,-16.34267265812025,0 -71.62850289988512,-16.34288514622876,0 -71.62824104871254,-16.34256881208322,0 -71.62913546323922,-16.34233756435875,0 
							</coordinates>
						</LinearRing>
					</outerBoundaryIs>
				</Polygon>
			</Placemark>
			<Placemark>
				<name>1.4.329-18</name>
				<styleUrl>#msn_ylw-pushpin51111002</styleUrl>
				<Polygon>
					<tessellate>1</tessellate>
					<outerBoundaryIs>
						<LinearRing>
							<coordinates>
								-71.62899606771168,-16.34188266713137,0 -71.62909017771437,-16.34222948169235,0 -71.62815785831887,-16.34250155642263,0 -71.62806267508024,-16.34212928227544,0 -71.62899606771168,-16.34188266713137,0 
							</coordinates>
						</LinearRing>
					</outerBoundaryIs>
				</Polygon>
			</Placemark>
			<Placemark>
				<name>1.4.329-19</name>
				<styleUrl>#msn_ylw-pushpin51111002</styleUrl>
				<Polygon>
					<tessellate>1</tessellate>
					<outerBoundaryIs>
						<LinearRing>
							<coordinates>
								-71.62865238381347,-16.34188566083496,0 -71.62803704863772,-16.34204241764557,0 -71.62792558292472,-16.34169364937583,0 -71.62848150882161,-16.34154070313718,0 -71.62865238381347,-16.34188566083496,0 
							</coordinates>
						</LinearRing>
					</outerBoundaryIs>
				</Polygon>
			</Placemark>
			<Placemark>
				<name>1.4.329-20</name>
				<styleUrl>#msn_ylw-pushpin51111002</styleUrl>
				<Polygon>
					<tessellate>1</tessellate>
					<outerBoundaryIs>
						<LinearRing>
							<coordinates>
								-71.62979194274109,-16.34183637553507,0 -71.62944654492286,-16.34184341711223,0 -71.62911698613185,-16.34145673847195,0 -71.62882123941803,-16.34118438359905,0 -71.62864645391262,-16.34090749626668,0 -71.62845901230676,-16.34047486411169,0 -71.62830755237825,-16.34019610831545,0 -71.62820555610863,-16.33992535380611,0 -71.62848027066055,-16.33995871709213,0 -71.62863014336472,-16.34025189971312,0 -71.62872467121647,-16.34062712955324,0 -71.62886521092244,-16.34088359688378,0 -71.62937914982213,-16.34128907945291,0 -71.62972689748213,-16.34167474680295,0 -71.62979194274109,-16.34183637553507,0 
							</coordinates>
						</LinearRing>
					</outerBoundaryIs>
				</Polygon>
			</Placemark>
			<Placemark>
				<name>1.4.329-21</name>
				<styleUrl>#msn_ylw-pushpin51111002</styleUrl>
				<Polygon>
					<tessellate>1</tessellate>
					<outerBoundaryIs>
						<LinearRing>
							<coordinates>
								-71.62787079068686,-16.33960639726344,0 -71.62804187847364,-16.33974983965562,0 -71.62852386685418,-16.34138130910026,0 -71.62788323765581,-16.34155610552579,0 -71.62736820865753,-16.33974976707472,0 -71.62787079068686,-16.33960639726344,0 
							</coordinates>
						</LinearRing>
					</outerBoundaryIs>
				</Polygon>
			</Placemark>
			<Placemark>
				<name>1.4.329-22</name>
				<styleUrl>#msn_ylw-pushpin51111002</styleUrl>
				<Polygon>
					<tessellate>1</tessellate>
					<outerBoundaryIs>
						<LinearRing>
							<coordinates>
								-71.62771783251182,-16.33952039426817,0 -71.62734139649089,-16.3396392840887,0 -71.62710669356758,-16.33892089427893,0 -71.62725215648112,-16.33885905306525,0 -71.62753613186818,-16.33916301175484,0 -71.62765541097684,-16.33936305455886,0 -71.62771783251182,-16.33952039426817,0 
							</coordinates>
						</LinearRing>
					</outerBoundaryIs>
				</Polygon>
			</Placemark>
			<Placemark>
				<name>1.4.329-23</name>
				<styleUrl>#msn_ylw-pushpin51111002</styleUrl>
				<Polygon>
					<tessellate>1</tessellate>
					<outerBoundaryIs>
						<LinearRing>
							<coordinates>
								-71.62773912739392,-16.34158565464727,0 -71.62713729511583,-16.34177779581541,0 -71.62659195605956,-16.33995767836576,0 -71.62724974980551,-16.33975626248089,0 -71.62773912739392,-16.34158565464727,0 
							</coordinates>
						</LinearRing>
					</outerBoundaryIs>
				</Polygon>
			</Placemark>
			<Placemark>
				<name>1.4.329-24</name>
				<styleUrl>#msn_ylw-pushpin51111002</styleUrl>
				<Polygon>
					<tessellate>1</tessellate>
					<outerBoundaryIs>
						<LinearRing>
							<coordinates>
								-71.62647953460518,-16.33998835037468,0 -71.62681161436512,-16.34119754465424,0 -71.62639993646781,-16.34132916290072,0 -71.62605558573833,-16.34010161677056,0 -71.62647953460518,-16.33998835037468,0 
							</coordinates>
						</LinearRing>
					</outerBoundaryIs>
				</Polygon>
			</Placemark>
			<Placemark>
				<name>1.4.329-25</name>
				<styleUrl>#msn_ylw-pushpin51111002</styleUrl>
				<Polygon>
					<tessellate>1</tessellate>
					<outerBoundaryIs>
						<LinearRing>
							<coordinates>
								-71.62597270877063,-16.34010818318464,0 -71.62634064572551,-16.34133403683361,0 -71.6262715388507,-16.34136076380707,0 -71.62603878960772,-16.34094432759692,0 -71.62595873067026,-16.34081285719187,0 -71.62577804099348,-16.34055732106507,0 -71.62567551984826,-16.34020242140632,0 -71.62597270877063,-16.34010818318464,0 
							</coordinates>
						</LinearRing>
					</outerBoundaryIs>
				</Polygon>
			</Placemark>
			<Placemark>
				<name>1.4.329-27</name>
				<styleUrl>#msn_ylw-pushpin51111002</styleUrl>
				<Polygon>
					<tessellate>1</tessellate>
					<outerBoundaryIs>
						<LinearRing>
							<coordinates>
								-71.62730349245069,-16.34321738724674,0 -71.6271464294787,-16.3426533890121,0 -71.62712805658953,-16.34242750527912,0 -71.62730796794119,-16.34236375935785,0 -71.62779709936811,-16.34287574067335,0 -71.62784182393004,-16.34305289661643,0 -71.62730349245069,-16.34321738724674,0 
							</coordinates>
						</LinearRing>
					</outerBoundaryIs>
				</Polygon>
			</Placemark>
			<Placemark>
				<name>1.4.329-28</name>
				<styleUrl>#msn_ylw-pushpin51111002</styleUrl>
				<Polygon>
					<tessellate>1</tessellate>
					<outerBoundaryIs>
						<LinearRing>
							<coordinates>
								-71.62708699859147,-16.34254929203668,0 -71.62722806722083,-16.34322975114831,0 -71.62666564927197,-16.34340117456341,0 -71.6263834064783,-16.34245744872504,0 -71.6267248211628,-16.34256969470187,0 -71.62687821103235,-16.34258425511679,0 -71.62708699859147,-16.34254929203668,0 
							</coordinates>
						</LinearRing>
					</outerBoundaryIs>
				</Polygon>
			</Placemark>
			<Placemark>
				<name>1.4.329-29</name>
				<styleUrl>#msn_ylw-pushpin51111002</styleUrl>
				<Polygon>
					<tessellate>1</tessellate>
					<outerBoundaryIs>
						<LinearRing>
							<coordinates>
								-71.62873041441141,-16.34341435494591,0 -71.62886286032953,-16.34384362476787,0 -71.62844727340959,-16.34391985703378,0 -71.6283496122682,-16.34352082094649,0 -71.62873041441141,-16.34341435494591,0 
							</coordinates>
						</LinearRing>
					</outerBoundaryIs>
				</Polygon>
			</Placemark>
			<Placemark>
				<name>1.4.329-30</name>
				<styleUrl>#msn_ylw-pushpin51111002</styleUrl>
				<Polygon>
					<tessellate>1</tessellate>
					<outerBoundaryIs>
						<LinearRing>
							<coordinates>
								-71.62888117877453,-16.34390958212375,0 -71.62899075208487,-16.34418322085221,0 -71.62858855969895,-16.34429794391684,0 -71.62850341548466,-16.34399144718154,0 -71.62888117877453,-16.34390958212375,0 
							</coordinates>
						</LinearRing>
					</outerBoundaryIs>
				</Polygon>
			</Placemark>
			<Placemark>
				<name>1.4.329-31</name>
				<styleUrl>#msn_ylw-pushpin51111002</styleUrl>
				<Polygon>
					<tessellate>1</tessellate>
					<outerBoundaryIs>
						<LinearRing>
							<coordinates>
								-71.62946634016983,-16.34447581973647,0 -71.62871020756462,-16.34466174296688,0 -71.62862332594645,-16.34436965237087,0 -71.62936026528466,-16.34417972927951,0 -71.62946634016983,-16.34447581973647,0 
							</coordinates>
						</LinearRing>
					</outerBoundaryIs>
				</Polygon>
			</Placemark>
			<Placemark>
				<name>1.4.329-32</name>
				<styleUrl>#msn_ylw-pushpin51111002</styleUrl>
				<Polygon>
					<tessellate>1</tessellate>
					<outerBoundaryIs>
						<LinearRing>
							<coordinates>
								-71.62948651088612,-16.34454712831297,0 -71.62958373504686,-16.3448641821507,0 -71.62881850553333,-16.34504992723107,0 -71.62873301573434,-16.34473829107307,0 -71.62948651088612,-16.34454712831297,0 
							</coordinates>
						</LinearRing>
					</outerBoundaryIs>
				</Polygon>
			</Placemark>
			<Placemark>
				<name>1.4.329-33</name>
				<styleUrl>#msn_ylw-pushpin51111002</styleUrl>
				<Polygon>
					<tessellate>1</tessellate>
					<outerBoundaryIs>
						<LinearRing>
							<coordinates>
								-71.6296682448255,-16.34450726467951,0 -71.62976883213122,-16.34479510452553,0 -71.62968692007134,-16.34482610077852,0 -71.62957594120279,-16.34451247927911,0 -71.6296682448255,-16.34450726467951,0 
							</coordinates>
						</LinearRing>
					</outerBoundaryIs>
				</Polygon>
			</Placemark>
			<Placemark>
				<name>1.4.329-34</name>
				<styleUrl>#msn_ylw-pushpin51111002</styleUrl>
				<Polygon>
					<tessellate>1</tessellate>
					<outerBoundaryIs>
						<LinearRing>
							<coordinates>
								-71.62958120390506,-16.34493276873896,0 -71.62967975222178,-16.34522008637333,0 -71.62893912214631,-16.34544171168156,0 -71.62884688645124,-16.34513340196139,0 -71.62958120390506,-16.34493276873896,0 
							</coordinates>
						</LinearRing>
					</outerBoundaryIs>
				</Polygon>
			</Placemark>
			<Placemark>
				<name>1.4.329-35</name>
				<styleUrl>#msn_ylw-pushpin51111002</styleUrl>
				<Polygon>
					<tessellate>1</tessellate>
					<outerBoundaryIs>
						<LinearRing>
							<coordinates>
								-71.62978799849731,-16.34488763243844,0 -71.62985802505743,-16.34511933735838,0 -71.62978365627346,-16.34515886216944,0 -71.62969744798212,-16.34491177700912,0 -71.62978799849731,-16.34488763243844,0 
							</coordinates>
						</LinearRing>
					</outerBoundaryIs>
				</Polygon>
			</Placemark>
			<Placemark>
				<name>1.4.329-36</name>
				<styleUrl>#msn_ylw-pushpin51111002</styleUrl>
				<Polygon>
					<tessellate>1</tessellate>
					<outerBoundaryIs>
						<LinearRing>
							<coordinates>
								-71.62930039064493,-16.34550003451804,0 -71.62939253865079,-16.34583229043424,0 -71.62905124052801,-16.34590259013074,0 -71.62895703299988,-16.34557427186243,0 -71.62930039064493,-16.34550003451804,0 
							</coordinates>
						</LinearRing>
					</outerBoundaryIs>
				</Polygon>
			</Placemark>
			<Placemark>
				<name>1.4.329-37</name>
				<styleUrl>#msn_ylw-pushpin51111002</styleUrl>
				<Polygon>
					<tessellate>1</tessellate>
					<outerBoundaryIs>
						<LinearRing>
							<coordinates>
								-71.62933791733494,-16.34589726101053,0 -71.62936050333276,-16.34601586259067,0 -71.62955328650865,-16.34596105101382,0 -71.6296333166528,-16.3461677850146,0 -71.62916155355303,-16.34626044226113,0 -71.62907997488986,-16.34596626160911,0 -71.62933791733494,-16.34589726101053,0 
							</coordinates>
						</LinearRing>
					</outerBoundaryIs>
				</Polygon>
			</Placemark>
			<Placemark>
				<name>1.4.329-38</name>
				<styleUrl>#msn_ylw-pushpin51111002</styleUrl>
				<Polygon>
					<tessellate>1</tessellate>
					<outerBoundaryIs>
						<LinearRing>
							<coordinates>
								-71.62961519651398,-16.34624199100648,0 -71.62970475222821,-16.34656723380625,0 -71.62928358862344,-16.34666835695875,0 -71.62919211713022,-16.34634384144458,0 -71.62961519651398,-16.34624199100648,0 
							</coordinates>
						</LinearRing>
					</outerBoundaryIs>
				</Polygon>
			</Placemark>
			<Placemark>
				<name>1.4.330-1</name>
				<styleUrl>#msn_ylw-pushpin51111002</styleUrl>
				<Polygon>
					<tessellate>1</tessellate>
					<outerBoundaryIs>
						<LinearRing>
							<coordinates>
								-71.63183362466062,-16.35332652325612,0 -71.63138183092423,-16.35371424454999,0 -71.63126189405159,-16.35355793384904,0 -71.6310898942783,-16.35336328491234,0 -71.63151434133883,-16.35302351352286,0 -71.63183362466062,-16.35332652325612,0 
							</coordinates>
						</LinearRing>
					</outerBoundaryIs>
				</Polygon>
			</Placemark>
			<Placemark>
				<name>1.4.330-2</name>
				<styleUrl>#msn_ylw-pushpin51111002</styleUrl>
				<Polygon>
					<tessellate>1</tessellate>
					<outerBoundaryIs>
						<LinearRing>
							<coordinates>
								-71.63103198282521,-16.35330442804493,0 -71.63076505615247,-16.3529936470133,0 -71.63120463489189,-16.35264319381819,0 -71.63147834778471,-16.35295270442972,0 -71.63103198282521,-16.35330442804493,0 
							</coordinates>
						</LinearRing>
					</outerBoundaryIs>
				</Polygon>
			</Placemark>
			<Placemark>
				<name>1.4.330-3</name>
				<styleUrl>#msn_ylw-pushpin51111002</styleUrl>
				<Polygon>
					<tessellate>1</tessellate>
					<outerBoundaryIs>
						<LinearRing>
							<coordinates>
								-71.63071616874213,-16.35294398075798,0 -71.630479289701,-16.35269204216101,0 -71.63083748986936,-16.3522201683507,0 -71.6311519989887,-16.35259828142025,0 -71.63071616874213,-16.35294398075798,0 
							</coordinates>
						</LinearRing>
					</outerBoundaryIs>
				</Polygon>
			</Placemark>
			<Placemark>
				<name>1.4.330-4</name>
				<styleUrl>#msn_ylw-pushpin51111002</styleUrl>
				<Polygon>
					<tessellate>1</tessellate>
					<outerBoundaryIs>
						<LinearRing>
							<coordinates>
								-71.63177972838429,-16.35257672776124,0 -71.63162356449175,-16.35269365178592,0 -71.63186982743386,-16.35288812133373,0 -71.63195470485294,-16.35324313710047,0 -71.63190012997991,-16.35328944663823,0 -71.63126095546981,-16.35259493383836,0 -71.63158244562517,-16.35235931045114,0 -71.63177972838429,-16.35257672776124,0 
							</coordinates>
						</LinearRing>
					</outerBoundaryIs>
				</Polygon>
			</Placemark>
			<Placemark>
				<name>1.4.330-5</name>
				<styleUrl>#msn_ylw-pushpin51111002</styleUrl>
				<Polygon>
					<tessellate>1</tessellate>
					<outerBoundaryIs>
						<LinearRing>
							<coordinates>
								-71.6315204165809,-16.35227893702531,0 -71.63123956230558,-16.35252404885958,0 -71.63092088773018,-16.35220690407142,0 -71.63120019557108,-16.35194011239988,0 -71.6315204165809,-16.35227893702531,0 
							</coordinates>
						</LinearRing>
					</outerBoundaryIs>
				</Polygon>
			</Placemark>
			<Placemark>
				<name>1.4.330-6</name>
				<styleUrl>#msn_ylw-pushpin51111002</styleUrl>
				<Polygon>
					<tessellate>1</tessellate>
					<outerBoundaryIs>
						<LinearRing>
							<coordinates>
								-71.63116738191329,-16.35188707158069,0 -71.63088977822294,-16.3521628651384,0 -71.63055394446761,-16.35178523688324,0 -71.63108249066913,-16.35177709692813,0 -71.63116738191329,-16.35188707158069,0 
							</coordinates>
						</LinearRing>
					</outerBoundaryIs>
				</Polygon>
			</Placemark>
			<Placemark>
				<name>1.4.330-7</name>
				<styleUrl>#msn_ylw-pushpin51111002</styleUrl>
				<Polygon>
					<tessellate>1</tessellate>
					<outerBoundaryIs>
						<LinearRing>
							<coordinates>
								-71.63203137864959,-16.35244980889944,0 -71.6320386118816,-16.35258201230344,0 -71.63195098750982,-16.35265345286296,0 -71.63163004034237,-16.35230427872625,0 -71.63190334263442,-16.35207091601696,0 -71.63203137864959,-16.35244980889944,0 
							</coordinates>
						</LinearRing>
					</outerBoundaryIs>
				</Polygon>
			</Placemark>
			<Placemark>
				<name>1.4.330-8</name>
				<styleUrl>#msn_ylw-pushpin51111002</styleUrl>
				<Polygon>
					<tessellate>1</tessellate>
					<outerBoundaryIs>
						<LinearRing>
							<coordinates>
								-71.63187587317071,-16.35199648900801,0 -71.63157551916501,-16.35224752575293,0 -71.63115475964221,-16.35177348329799,0 -71.63158996797172,-16.35169667620611,0 -71.63187587317071,-16.35199648900801,0 
							</coordinates>
						</LinearRing>
					</outerBoundaryIs>
				</Polygon>
			</Placemark>
			<Placemark>
				<name>1.4.330-9</name>
				<styleUrl>#msn_ylw-pushpin51111002</styleUrl>
				<Polygon>
					<tessellate>1</tessellate>
					<outerBoundaryIs>
						<LinearRing>
							<coordinates>
								-71.63268871715786,-16.35238242855646,0 -71.63279735021671,-16.3527599110882,0 -71.63223923977975,-16.35290165407201,0 -71.63211879401635,-16.35252842725435,0 -71.63268871715786,-16.35238242855646,0 
							</coordinates>
						</LinearRing>
					</outerBoundaryIs>
				</Polygon>
			</Placemark>
			<Placemark>
				<name>1.4.330-10</name>
				<styleUrl>#msn_ylw-pushpin51111002</styleUrl>
				<Polygon>
					<tessellate>1</tessellate>
					<outerBoundaryIs>
						<LinearRing>
							<coordinates>
								-71.63257201884632,-16.35197261544981,0 -71.63266905041408,-16.35232252125367,0 -71.63212714139368,-16.35246696978104,0 -71.63202721247525,-16.35211866160748,0 -71.63257201884632,-16.35197261544981,0 
							</coordinates>
						</LinearRing>
					</outerBoundaryIs>
				</Polygon>
			</Placemark>
			<Placemark>
				<name>1.4.330-11</name>
				<styleUrl>#msn_ylw-pushpin51111002</styleUrl>
				<Polygon>
					<tessellate>1</tessellate>
					<outerBoundaryIs>
						<LinearRing>
							<coordinates>
								-71.63252873158282,-16.35186448800852,0 -71.63198951328283,-16.35201201672395,0 -71.63190241567729,-16.35167201488012,0 -71.63244057127856,-16.35153217703848,0 -71.63252873158282,-16.35186448800852,0 
							</coordinates>
						</LinearRing>
					</outerBoundaryIs>
				</Polygon>
			</Placemark>
			<Placemark>
				<name>1.4.330-12</name>
				<styleUrl>#msn_ylw-pushpin51111002</styleUrl>
				<Polygon>
					<tessellate>1</tessellate>
					<outerBoundaryIs>
						<LinearRing>
							<coordinates>
								-71.63233065188244,-16.35107934236945,0 -71.63243061908915,-16.35143531175796,0 -71.63187002539927,-16.35158560524925,0 -71.63175588525893,-16.35122277234039,0 -71.63233065188244,-16.35107934236945,0 
							</coordinates>
						</LinearRing>
					</outerBoundaryIs>
				</Polygon>
			</Placemark>
			<Placemark>
				<name>1.4.330-13</name>
				<styleUrl>#msn_ylw-pushpin51111002</styleUrl>
				<Polygon>
					<tessellate>1</tessellate>
					<outerBoundaryIs>
						<LinearRing>
							<coordinates>
								-71.63228911298184,-16.35097411585661,0 -71.63174596817665,-16.35113679236955,0 -71.63164785466756,-16.35077465367775,0 -71.63201071162905,-16.35067977346034,0 -71.63220703239224,-16.35064502752188,0 -71.63228911298184,-16.35097411585661,0 
							</coordinates>
						</LinearRing>
					</outerBoundaryIs>
				</Polygon>
			</Placemark>
			<Placemark>
				<name>1.4.330-14</name>
				<styleUrl>#msn_ylw-pushpin51111002</styleUrl>
				<Polygon>
					<tessellate>1</tessellate>
					<outerBoundaryIs>
						<LinearRing>
							<coordinates>
								-71.6321742917475,-16.3505048937991,0 -71.63162293709365,-16.35065101694708,0 -71.63152471470107,-16.35029818077404,0 -71.63206568560777,-16.35014634580171,0 -71.6321742917475,-16.3505048937991,0 
							</coordinates>
						</LinearRing>
					</outerBoundaryIs>
				</Polygon>
			</Placemark>
			<Placemark>
				<name>1.4.330-15</name>
				<styleUrl>#msn_ylw-pushpin51111002</styleUrl>
				<Polygon>
					<tessellate>1</tessellate>
					<outerBoundaryIs>
						<LinearRing>
							<coordinates>
								-71.63147800591423,-16.35021609165046,0 -71.63142202080226,-16.34996885543906,0 -71.63195802111464,-16.34986099628534,0 -71.63202810815116,-16.35007549478689,0 -71.63147800591423,-16.35021609165046,0 
							</coordinates>
						</LinearRing>
					</outerBoundaryIs>
				</Polygon>
			</Placemark>
			<Placemark>
				<name>1.4.330-16</name>
				<styleUrl>#msn_ylw-pushpin51111002</styleUrl>
				<Polygon>
					<tessellate>1</tessellate>
					<outerBoundaryIs>
						<LinearRing>
							<coordinates>
								-71.631407003479,-16.35021716457624,0 -71.63133271826933,-16.35023497489003,0 -71.63115500709169,-16.35025254376563,0 -71.63101797693139,-16.35022282558259,0 -71.63087933736622,-16.35018992299807,0 -71.63074130468307,-16.35015718451856,0 -71.63064202679645,-16.35010707292905,0 -71.63051390419693,-16.35002572804897,0 -71.63039242202231,-16.34992670493456,0 -71.63069443105729,-16.34970987573196,0 -71.63073440068756,-16.34974181942207,0 -71.63085476861795,-16.34979598015424,0 -71.6309823115206,-16.34984165702278,0 -71.63108848281745,-16.34987988268835,0 -71.63118563852073,-16.34987309796106,0 -71.6313047791198,-16.34986057305685,0 -71.631407003479,-16.35021716457624,0 
							</coordinates>
						</LinearRing>
					</outerBoundaryIs>
				</Polygon>
			</Placemark>
			<Placemark>
				<name>1.4.330-17</name>
				<styleUrl>#msn_ylw-pushpin51111002</styleUrl>
				<Polygon>
					<tessellate>1</tessellate>
					<outerBoundaryIs>
						<LinearRing>
							<coordinates>
								-71.6315045115188,-16.35067089330919,0 -71.63140005199104,-16.3506819575439,0 -71.6312372333674,-16.35069970217419,0 -71.63103227607292,-16.35068984496536,0 -71.63086645785353,-16.35067320138809,0 -71.63071211094302,-16.35063758697747,0 -71.63056235173791,-16.35058797227655,0 -71.63038666430303,-16.35050865697087,0 -71.63020041789107,-16.35043038348618,0 -71.63009476991837,-16.35030258108969,0 -71.63037492396965,-16.35007360868947,0 -71.63046031995941,-16.35012045687099,0 -71.63058622829834,-16.35020022534039,0 -71.63071346198004,-16.35025974934393,0 -71.6308574233868,-16.35029866086221,0 -71.63099910470147,-16.35033171100655,0 -71.63116379624992,-16.3503407273286,0 -71.63129004895396,-16.35032857232441,0 -71.63141806393671,-16.35031953401688,0 -71.6315045115188,-16.35067089330919,0 
							</coordinates>
						</LinearRing>
					</outerBoundaryIs>
				</Polygon>
			</Placemark>
			<Placemark>
				<name>1.4.330-18</name>
				<styleUrl>#msn_ylw-pushpin51111002</styleUrl>
				<Polygon>
					<tessellate>1</tessellate>
					<outerBoundaryIs>
						<LinearRing>
							<coordinates>
								-71.63164055295761,-16.35115386794969,0 -71.63159798112719,-16.35116012472116,0 -71.63141542563569,-16.35118223093155,0 -71.63125122193669,-16.35120711337649,0 -71.63106202659273,-16.35121303014201,0 -71.63089960943803,-16.35120040682245,0 -71.63074831200704,-16.35116954513449,0 -71.63057167087268,-16.35112032333591,0 -71.63066820685344,-16.350783786653,0 -71.63071273533484,-16.35079246491708,0 -71.6308478434091,-16.35082715029425,0 -71.63096732780221,-16.35083225226228,0 -71.63109033020976,-16.35084684624864,0 -71.63118048881263,-16.35084662879514,0 -71.63132229898811,-16.35083504529549,0 -71.63145971283097,-16.35082150934672,0 -71.63153533952725,-16.3508103418941,0 -71.63164055295761,-16.35115386794969,0 
							</coordinates>
						</LinearRing>
					</outerBoundaryIs>
				</Polygon>
			</Placemark>
			<Placemark>
				<name>1.4.330-19</name>
				<styleUrl>#msn_ylw-pushpin51111002</styleUrl>
				<Polygon>
					<tessellate>1</tessellate>
					<outerBoundaryIs>
						<LinearRing>
							<coordinates>
								-71.63176373079457,-16.35160256038309,0 -71.63155155225247,-16.35163975225709,0 -71.63138062374443,-16.35166212088253,0 -71.63118855126811,-16.35166842261892,0 -71.63099192804087,-16.3516677342062,0 -71.6308024626518,-16.35165495165423,0 -71.63057760242226,-16.35161764280632,0 -71.63040726326329,-16.35156757181089,0 -71.63053337751192,-16.35122494483197,0 -71.63061032035863,-16.35123724690203,0 -71.63076121500762,-16.35126802029665,0 -71.63090003819852,-16.35128970693119,0 -71.6310813156511,-16.35130220049198,0 -71.63122451957921,-16.35130854403458,0 -71.63138930489313,-16.35130577133869,0 -71.63154054288826,-16.35128079740082,0 -71.63166286228957,-16.35124639036033,0 -71.63176373079457,-16.35160256038309,0 
							</coordinates>
						</LinearRing>
					</outerBoundaryIs>
				</Polygon>
			</Placemark>
			<Placemark>
				<name>1.4.330-20</name>
				<styleUrl>#msn_ylw-pushpin51111002</styleUrl>
				<Polygon>
					<tessellate>1</tessellate>
					<outerBoundaryIs>
						<LinearRing>
							<coordinates>
								-71.63046223196119,-16.3511052419029,0 -71.6303279351703,-16.35104583815608,0 -71.6301307421063,-16.35095715329723,0 -71.62995570444816,-16.35086626531094,0 -71.62979692662884,-16.35076480139379,0 -71.62963518703809,-16.35067532186188,0 -71.62992004073777,-16.35044743450803,0 -71.63001958028869,-16.35051824849984,0 -71.63015884010353,-16.35058296600747,0 -71.63031695560028,-16.35065712505712,0 -71.63047981088782,-16.35071415321687,0 -71.63059387239306,-16.35075957502921,0 -71.63046223196119,-16.3511052419029,0 
							</coordinates>
						</LinearRing>
					</outerBoundaryIs>
				</Polygon>
			</Placemark>
			<Placemark>
				<name>1.4.330-21</name>
				<styleUrl>#msn_ylw-pushpin51111002</styleUrl>
				<Polygon>
					<tessellate>1</tessellate>
					<outerBoundaryIs>
						<LinearRing>
							<coordinates>
								-71.63031212518007,-16.35152978216929,0 -71.63020293177506,-16.351485016385,0 -71.63002220261504,-16.35141682388331,0 -71.62984008607768,-16.35134115673052,0 -71.62970233223575,-16.35125030508815,0 -71.62991429466921,-16.3509361497444,0 -71.63009172807163,-16.35104674174855,0 -71.63022157349995,-16.35111345878112,0 -71.6303633244151,-16.35115937151308,0 -71.63044418164236,-16.35119314773041,0 -71.63031212518007,-16.35152978216929,0 
							</coordinates>
						</LinearRing>
					</outerBoundaryIs>
				</Polygon>
			</Placemark>
			<Placemark>
				<name>1.4.330-22</name>
				<styleUrl>#msn_ylw-pushpin51111002</styleUrl>
				<Polygon>
					<tessellate>1</tessellate>
					<outerBoundaryIs>
						<LinearRing>
							<coordinates>
								-71.63014024185954,-16.3516312663828,0 -71.62983200934271,-16.35192035695048,0 -71.62942454319347,-16.35142837616193,0 -71.62960180731879,-16.35127604989954,0 -71.63014024185954,-16.3516312663828,0 
							</coordinates>
						</LinearRing>
					</outerBoundaryIs>
				</Polygon>
			</Placemark>
			<Placemark>
				<name>1.4.330-23</name>
				<styleUrl>#msn_ylw-pushpin51111002</styleUrl>
				<Polygon>
					<tessellate>1</tessellate>
					<outerBoundaryIs>
						<LinearRing>
							<coordinates>
								-71.62936261518465,-16.35136893044489,0 -71.6290884778571,-16.35107636238482,0 -71.62951661926408,-16.35070817517038,0 -71.62984515688571,-16.35088220777476,0 -71.62970670005708,-16.35107619219459,0 -71.62936261518465,-16.35136893044489,0 
							</coordinates>
						</LinearRing>
					</outerBoundaryIs>
				</Polygon>
			</Placemark>
			<Placemark>
				<name>1.4.330-24</name>
				<styleUrl>#msn_ylw-pushpin51111002</styleUrl>
				<Polygon>
					<tessellate>1</tessellate>
					<outerBoundaryIs>
						<LinearRing>
							<coordinates>
								-71.62949232233801,-16.35066184777262,0 -71.62904847234597,-16.35102047339761,0 -71.62880136457643,-16.35073187865317,0 -71.62923846324883,-16.35036092466325,0 -71.62949232233801,-16.35066184777262,0 
							</coordinates>
						</LinearRing>
					</outerBoundaryIs>
				</Polygon>
			</Placemark>
			<Placemark>
				<name>1.4.330-25</name>
				<styleUrl>#msn_ylw-pushpin51111002</styleUrl>
				<Polygon>
					<tessellate>1</tessellate>
					<outerBoundaryIs>
						<LinearRing>
							<coordinates>
								-71.62955109607586,-16.35061574902739,0 -71.62932538427069,-16.35032729504281,0 -71.62962351648981,-16.35009858350154,0 -71.6298835374951,-16.35037447950655,0 -71.62955109607586,-16.35061574902739,0 
							</coordinates>
						</LinearRing>
					</outerBoundaryIs>
				</Polygon>
			</Placemark>
			<Placemark>
				<name>1.4.330-26</name>
				<styleUrl>#msn_ylw-pushpin51111002</styleUrl>
				<Polygon>
					<tessellate>1</tessellate>
					<outerBoundaryIs>
						<LinearRing>
							<coordinates>
								-71.62926906376501,-16.35026978136058,0 -71.62875342020693,-16.34964882807365,0 -71.62901907035342,-16.34939492352508,0 -71.62956206234288,-16.35004649476275,0 -71.62926906376501,-16.35026978136058,0 
							</coordinates>
						</LinearRing>
					</outerBoundaryIs>
				</Polygon>
			</Placemark>
			<Placemark>
				<name>1.4.330-27</name>
				<styleUrl>#msn_ylw-pushpin51111002</styleUrl>
				<Polygon>
					<tessellate>1</tessellate>
					<outerBoundaryIs>
						<LinearRing>
							<coordinates>
								-71.62921359846065,-16.35032502973003,0 -71.62896054499507,-16.35052403732709,0 -71.62838817247449,-16.34994177982905,0 -71.62867704931703,-16.34970743186568,0 -71.62921359846065,-16.35032502973003,0 
							</coordinates>
						</LinearRing>
					</outerBoundaryIs>
				</Polygon>
			</Placemark>
			<Placemark>
				<name>1.4.330-28</name>
				<styleUrl>#msn_ylw-pushpin51111002</styleUrl>
				<Polygon>
					<tessellate>1</tessellate>
					<outerBoundaryIs>
						<LinearRing>
							<coordinates>
								-71.63028072993275,-16.34999268241163,0 -71.63005131637479,-16.35026924794322,0 -71.62952821253901,-16.34963454074127,0 -71.62968205827217,-16.34948888876684,0 -71.62990323292676,-16.3494192383008,0 -71.63003913490691,-16.34968706174085,0 -71.6301874455005,-16.34989500664681,0 -71.63028072993275,-16.34999268241163,0 
							</coordinates>
						</LinearRing>
					</outerBoundaryIs>
				</Polygon>
			</Placemark>
			<Placemark>
				<name>1.4.330-29</name>
				<styleUrl>#msn_ylw-pushpin51111002</styleUrl>
				<Polygon>
					<tessellate>1</tessellate>
					<outerBoundaryIs>
						<LinearRing>
							<coordinates>
								-71.62982354706354,-16.34903789654264,0 -71.62989622378919,-16.34932422180412,0 -71.62964545118344,-16.34942128436509,0 -71.62944617105289,-16.34958325585538,0 -71.62918387581533,-16.34931928599052,0 -71.62947432069595,-16.349146616054,0 -71.62982354706354,-16.34903789654264,0 
							</coordinates>
						</LinearRing>
					</outerBoundaryIs>
				</Polygon>
			</Placemark>
			<Placemark>
				<name>1.4.330-30</name>
				<styleUrl>#msn_ylw-pushpin51111002</styleUrl>
				<Polygon>
					<tessellate>1</tessellate>
					<outerBoundaryIs>
						<LinearRing>
							<coordinates>
								-71.63056137471102,-16.34961176027424,0 -71.63028315323817,-16.34982879792232,0 -71.63019900516882,-16.34972206014043,0 -71.63012934523572,-16.34960555996738,0 -71.63006974722938,-16.34947853298291,0 -71.63002187767854,-16.34935767258646,0 -71.6300040945044,-16.34920069787778,0 -71.62999272941494,-16.34906454680557,0 -71.63000386748361,-16.34893159698171,0 -71.63036672880339,-16.3489873238726,0 -71.63035752300868,-16.34914560541696,0 -71.63039416528663,-16.34930102301977,0 -71.63046637324601,-16.34944958818024,0 -71.63056137471102,-16.34961176027424,0 
							</coordinates>
						</LinearRing>
					</outerBoundaryIs>
				</Polygon>
			</Placemark>
			<Placemark>
				<name>1.4.330-31</name>
				<styleUrl>#msn_ylw-pushpin51111002</styleUrl>
				<Polygon>
					<tessellate>1</tessellate>
					<outerBoundaryIs>
						<LinearRing>
							<coordinates>
								-71.63067446656467,-16.34905097493367,0 -71.63067493829251,-16.34915533677916,0 -71.63072307929993,-16.34930158769363,0 -71.63078172075585,-16.34943809634047,0 -71.63063177024085,-16.34953750944732,0 -71.63054965879753,-16.34938802190445,0 -71.63049289572677,-16.34931099682973,0 -71.63048020777374,-16.34921579828429,0 -71.6304718681253,-16.34909287490216,0 -71.63048243587977,-16.34896528061739,0 -71.63052677727384,-16.34884760143439,0 -71.6307112761305,-16.34893112659205,0 -71.63067446656467,-16.34905097493367,0 
							</coordinates>
						</LinearRing>
					</outerBoundaryIs>
				</Polygon>
			</Placemark>
			<Placemark>
				<name>1.4.330-32</name>
				<styleUrl>#msn_ylw-pushpin51111002</styleUrl>
				<Polygon>
					<tessellate>1</tessellate>
					<outerBoundaryIs>
						<LinearRing>
							<coordinates>
								-71.62896534493282,-16.34933435796514,0 -71.62871042067469,-16.34957846568861,0 -71.62791870516801,-16.34870545513776,0 -71.628203829828,-16.34846495655199,0 -71.62896534493282,-16.34933435796514,0 
							</coordinates>
						</LinearRing>
					</outerBoundaryIs>
				</Polygon>
			</Placemark>
			<Placemark>
				<name>1.4.330-33</name>
				<styleUrl>#msn_ylw-pushpin51111002</styleUrl>
				<Polygon>
					<tessellate>1</tessellate>
					<outerBoundaryIs>
						<LinearRing>
							<coordinates>
								-71.62860756915723,-16.34964519336254,0 -71.62832117521954,-16.34986269483965,0 -71.62755502119511,-16.34898221037501,0 -71.62785491670766,-16.34876185171519,0 -71.62860756915723,-16.34964519336254,0 
							</coordinates>
						</LinearRing>
					</outerBoundaryIs>
				</Polygon>
			</Placemark>
			<Placemark>
				<name>1.4.330-34</name>
				<styleUrl>#msn_ylw-pushpin51111002</styleUrl>
				<Polygon>
					<tessellate>1</tessellate>
					<outerBoundaryIs>
						<LinearRing>
							<coordinates>
								-71.63076196180043,-16.35219359982922,0 -71.63065275270301,-16.35245502240783,0 -71.63040171631414,-16.35265492176809,0 -71.62983689178172,-16.35199770202709,0 -71.63021998876881,-16.35164805234866,0 -71.63047568358827,-16.35182213552113,0 -71.63076196180043,-16.35219359982922,0 
							</coordinates>
						</LinearRing>
					</outerBoundaryIs>
				</Polygon>
			</Placemark>
			<Placemark>
				<name>1.4.331-5</name>
				<styleUrl>#msn_ylw-pushpin51111002</styleUrl>
				<Polygon>
					<tessellate>1</tessellate>
					<outerBoundaryIs>
						<LinearRing>
							<coordinates>
								-71.62673114851913,-16.35127435917864,0 -71.62747448872572,-16.35210407821049,0 -71.62609733944542,-16.35325546763277,0 -71.62534939292864,-16.35238089923789,0 -71.62673114851913,-16.35127435917864,0 
							</coordinates>
						</LinearRing>
					</outerBoundaryIs>
				</Polygon>
			</Placemark>
			<Placemark>
				<name>1.4.331-6</name>
				<styleUrl>#msn_ylw-pushpin51111002</styleUrl>
				<Polygon>
					<tessellate>1</tessellate>
					<outerBoundaryIs>
						<LinearRing>
							<coordinates>
								-71.62881965961398,-16.35107420866941,0 -71.62758245850739,-16.35203538193834,0 -71.62685737022545,-16.35117683991986,0 -71.62803908645526,-16.35021421320835,0 -71.62881965961398,-16.35107420866941,0 
							</coordinates>
						</LinearRing>
					</outerBoundaryIs>
				</Polygon>
			</Placemark>
			<Placemark>
				<name>1.4.331-7</name>
				<styleUrl>#msn_ylw-pushpin51111002</styleUrl>
				<Polygon>
					<tessellate>1</tessellate>
					<outerBoundaryIs>
						<LinearRing>
							<coordinates>
								-71.62796945596673,-16.35009838190712,0 -71.62675466512738,-16.35106870769773,0 -71.62600962132404,-16.35020945184372,0 -71.62721704231929,-16.34924471871543,0 -71.62796945596673,-16.35009838190712,0 
							</coordinates>
						</LinearRing>
					</outerBoundaryIs>
				</Polygon>
			</Placemark>
			<Placemark>
				<name>1.4.331-8</name>
				<styleUrl>#msn_ylw-pushpin51111002</styleUrl>
				<Polygon>
					<tessellate>1</tessellate>
					<outerBoundaryIs>
						<LinearRing>
							<coordinates>
								-71.62591459376056,-16.3503207937,0 -71.62664052703468,-16.35116071938527,0 -71.62526063459366,-16.35225989482697,0 -71.62450226861611,-16.35139903882118,0 -71.62591459376056,-16.3503207937,0 
							</coordinates>
						</LinearRing>
					</outerBoundaryIs>
				</Polygon>
			</Placemark>
			<Placemark>
				<name>1.4.331-9</name>
				<styleUrl>#msn_ylw-pushpin51111002</styleUrl>
				<Polygon>
					<tessellate>1</tessellate>
					<outerBoundaryIs>
						<LinearRing>
							<coordinates>
								-71.62505307805904,-16.34930858206676,0 -71.62581487889116,-16.35018483848523,0 -71.6244336183246,-16.35128482372025,0 -71.6236725194845,-16.35040879939564,0 -71.62505307805904,-16.34930858206676,0 
							</coordinates>
						</LinearRing>
					</outerBoundaryIs>
				</Polygon>
			</Placemark>
			<Placemark>
				<name>1.4.331-10</name>
				<styleUrl>#msn_ylw-pushpin51111002</styleUrl>
				<Polygon>
					<tessellate>1</tessellate>
					<outerBoundaryIs>
						<LinearRing>
							<coordinates>
								-71.62590484905685,-16.35010545396558,0 -71.62518571891789,-16.34924423750564,0 -71.62611171915349,-16.34843047069081,0 -71.62628339663505,-16.34849198018337,0 -71.6264006476849,-16.34850357753817,0 -71.6265473097299,-16.34844741164379,0 -71.62710696193703,-16.34912135832677,0 -71.62590484905685,-16.35010545396558,0 
							</coordinates>
						</LinearRing>
					</outerBoundaryIs>
				</Polygon>
			</Placemark>
		</Folder>
		<Folder>
			<name>NA</name>
			<Placemark>
				<name>1.4.132-6</name>
				<styleUrl>#msn_ylw-pushpin530011000</styleUrl>
				<Polygon>
					<tessellate>1</tessellate>
					<outerBoundaryIs>
						<LinearRing>
							<coordinates>
								-71.61000454164331,-16.34266245160743,0 -71.60964216762736,-16.34276971505381,0 -71.60952173437269,-16.34239063273969,0 -71.6098879674612,-16.34228727029025,0 -71.61000454164331,-16.34266245160743,0 
							</coordinates>
						</LinearRing>
					</outerBoundaryIs>
				</Polygon>
			</Placemark>
			<Placemark>
				<name>1.4.155-17</name>
				<styleUrl>#msn_ylw-pushpin530011000</styleUrl>
				<Polygon>
					<tessellate>1</tessellate>
					<outerBoundaryIs>
						<LinearRing>
							<coordinates>
								-71.61154277543707,-16.32610018174548,0 -71.6113793710189,-16.3262634525776,0 -71.61119361296258,-16.32604510570215,0 -71.6112637794137,-16.3259796695447,0 -71.61154277543707,-16.32610018174548,0 
							</coordinates>
						</LinearRing>
					</outerBoundaryIs>
				</Polygon>
			</Placemark>
			<Placemark>
				<name>1.4.300-28</name>
				<styleUrl>#msn_ylw-pushpin530011000</styleUrl>
				<Polygon>
					<tessellate>1</tessellate>
					<outerBoundaryIs>
						<LinearRing>
							<coordinates>
								-71.63326706827118,-16.35630038438639,0 -71.63353424542396,-16.35618376089897,0 -71.63399006034741,-16.35710538611146,0 -71.6337059786436,-16.35721875526722,0 -71.63326706827118,-16.35630038438639,0 
							</coordinates>
						</LinearRing>
					</outerBoundaryIs>
				</Polygon>
			</Placemark>
			<Placemark>
				<name>1.4.300-58</name>
				<styleUrl>#msn_ylw-pushpin530011000</styleUrl>
				<Polygon>
					<tessellate>1</tessellate>
					<outerBoundaryIs>
						<LinearRing>
							<coordinates>
								-71.6307799751899,-16.35977823482668,0 -71.63109571819957,-16.35953952382694,0 -71.63167132665083,-16.36023638003733,0 -71.63136219523129,-16.36048893931787,0 -71.6307799751899,-16.35977823482668,0 
							</coordinates>
						</LinearRing>
					</outerBoundaryIs>
				</Polygon>
			</Placemark>
			<Placemark>
				<name>1.4.300-115</name>
				<styleUrl>#msn_ylw-pushpin530011000</styleUrl>
				<Polygon>
					<tessellate>1</tessellate>
					<outerBoundaryIs>
						<LinearRing>
							<coordinates>
								-71.63695482325764,-16.36616813734748,0 -71.63735419902542,-16.36606696406552,0 -71.63742654158004,-16.36619463258007,0 -71.63746612025605,-16.36639591573788,0 -71.63746596533674,-16.36646971201557,0 -71.63701393869344,-16.36633660277066,0 -71.63695482325764,-16.36616813734748,0 
							</coordinates>
						</LinearRing>
					</outerBoundaryIs>
				</Polygon>
			</Placemark>
			<Placemark>
				<name>1.4.300-116</name>
				<styleUrl>#msn_ylw-pushpin530011000</styleUrl>
				<Polygon>
					<tessellate>1</tessellate>
					<outerBoundaryIs>
						<LinearRing>
							<coordinates>
								-71.63682966444721,-16.36604932955162,0 -71.63696494128315,-16.36632220493557,0 -71.63605423974495,-16.36602966991543,0 -71.6361370432742,-16.36582577096631,0 -71.63682966444721,-16.36604932955162,0 
							</coordinates>
						</LinearRing>
					</outerBoundaryIs>
				</Polygon>
			</Placemark>
			<Placemark>
				<name>1.4.307-26</name>
				<styleUrl>#msn_ylw-pushpin530011000</styleUrl>
				<Polygon>
					<tessellate>1</tessellate>
					<outerBoundaryIs>
						<LinearRing>
							<coordinates>
								-71.6131225544441,-16.34859171781517,0 -71.61279372529609,-16.34886179846646,0 -71.61251462375901,-16.34860755025331,0 -71.61288603352986,-16.3483125059962,0 -71.6131225544441,-16.34859171781517,0 
							</coordinates>
						</LinearRing>
					</outerBoundaryIs>
				</Polygon>
			</Placemark>
			<Placemark>
				<name>1.4.307-33</name>
				<styleUrl>#msn_ylw-pushpin530011000</styleUrl>
				<Polygon>
					<tessellate>1</tessellate>
					<outerBoundaryIs>
						<LinearRing>
							<coordinates>
								-71.6150877031324,-16.35056209747274,0 -71.61566263676542,-16.35092598212517,0 -71.61550585948011,-16.35106439028085,0 -71.61530737382773,-16.35086534758947,0 -71.61500710470725,-16.35073026316442,0 -71.61491133825903,-16.35071431178656,0 -71.6150877031324,-16.35056209747274,0 
							</coordinates>
						</LinearRing>
					</outerBoundaryIs>
				</Polygon>
			</Placemark>
			<Placemark>
				<name>1.4.307-69</name>
				<styleUrl>#msn_ylw-pushpin530011000</styleUrl>
				<Polygon>
					<tessellate>1</tessellate>
					<outerBoundaryIs>
						<LinearRing>
							<coordinates>
								-71.61302236673946,-16.3458710497606,0 -71.61323219959171,-16.3461105043232,0 -71.61295093970364,-16.34630783123848,0 -71.61264750661483,-16.34597955247437,0 -71.61302236673946,-16.3458710497606,0 
							</coordinates>
						</LinearRing>
					</outerBoundaryIs>
				</Polygon>
			</Placemark>
			<Placemark>
				<name>1.4.307-82</name>
				<styleUrl>#msn_ylw-pushpin530011000</styleUrl>
				<Polygon>
					<tessellate>1</tessellate>
					<outerBoundaryIs>
						<LinearRing>
							<coordinates>
								-71.61480197777693,-16.34393631542381,0 -71.61491978106784,-16.34393632502121,0 -71.6149310775462,-16.34403007134164,0 -71.61496962441818,-16.34412324678744,0 -71.6150619331641,-16.34426578405644,0 -71.6148209939294,-16.34433080397047,0 -71.61480197777693,-16.34393631542381,0 
							</coordinates>
						</LinearRing>
					</outerBoundaryIs>
				</Polygon>
			</Placemark>
			<Placemark>
				<name>1.4.308-4</name>
				<styleUrl>#msn_ylw-pushpin530011000</styleUrl>
				<Polygon>
					<tessellate>1</tessellate>
					<outerBoundaryIs>
						<LinearRing>
							<coordinates>
								-71.62158839188048,-16.34959660944587,0 -71.6219139236498,-16.34997335936736,0 -71.6214679423922,-16.35031402644113,0 -71.6211543529152,-16.3499455625711,0 -71.62158839188048,-16.34959660944587,0 
							</coordinates>
						</LinearRing>
					</outerBoundaryIs>
				</Polygon>
			</Placemark>
			<Placemark>
				<name>1.4.308-8</name>
				<styleUrl>#msn_ylw-pushpin530011000</styleUrl>
				<Polygon>
					<tessellate>1</tessellate>
					<outerBoundaryIs>
						<LinearRing>
							<coordinates>
								-71.62154071393964,-16.35118587195101,0 -71.6212136991487,-16.35130240188084,0 -71.62095653166328,-16.35087692662867,0 -71.62116137816963,-16.35072280415261,0 -71.62154071393964,-16.35118587195101,0 
							</coordinates>
						</LinearRing>
					</outerBoundaryIs>
				</Polygon>
			</Placemark>
			<Placemark>
				<name>1.4.308-24</name>
				<styleUrl>#msn_ylw-pushpin530011000</styleUrl>
				<Polygon>
					<tessellate>1</tessellate>
					<outerBoundaryIs>
						<LinearRing>
							<coordinates>
								-71.62108613317513,-16.35381201075622,0 -71.6213488510392,-16.35410137597415,0 -71.62115856751124,-16.35425198390875,0 -71.62088672007708,-16.35397379802371,0 -71.62108613317513,-16.35381201075622,0 
							</coordinates>
						</LinearRing>
					</outerBoundaryIs>
				</Polygon>
			</Placemark>
			<Placemark>
				<name>1.4.308-45</name>
				<styleUrl>#msn_ylw-pushpin530011000</styleUrl>
				<Polygon>
					<tessellate>1</tessellate>
					<outerBoundaryIs>
						<LinearRing>
							<coordinates>
								-71.62316364661881,-16.35351082884452,0 -71.62316132072475,-16.35367393737171,0 -71.62301158112726,-16.35367163125388,0 -71.62281405591479,-16.353611371532,0 -71.62278181615331,-16.35357282664383,0 -71.62304717616227,-16.35336981817562,0 -71.62316364661881,-16.35351082884452,0 
							</coordinates>
						</LinearRing>
					</outerBoundaryIs>
				</Polygon>
			</Placemark>
			<Placemark>
				<name>1.4.308-46</name>
				<styleUrl>#msn_ylw-pushpin530011000</styleUrl>
				<Polygon>
					<tessellate>1</tessellate>
					<outerBoundaryIs>
						<LinearRing>
							<coordinates>
								-71.62299907115607,-16.35373826027505,0 -71.62317962916212,-16.35374285874006,0 -71.62318105623686,-16.35387381021818,0 -71.62290875794756,-16.35384792312281,0 -71.62293441817268,-16.35370896943827,0 -71.62299907115607,-16.35373826027505,0 
							</coordinates>
						</LinearRing>
					</outerBoundaryIs>
				</Polygon>
			</Placemark>
			<Placemark>
				<name>1.4.308-47</name>
				<styleUrl>#msn_ylw-pushpin530011000</styleUrl>
				<Polygon>
					<tessellate>1</tessellate>
					<outerBoundaryIs>
						<LinearRing>
							<coordinates>
								-71.62278888296382,-16.35367931567511,0 -71.62287012773892,-16.35369986425892,0 -71.62285014289942,-16.35384357586949,0 -71.62269058192815,-16.35382182936835,0 -71.62270194670324,-16.35376921245107,0 -71.62260371479192,-16.353733502673,0 -71.6227061392663,-16.3536470857402,0 -71.62278888296382,-16.35367931567511,0 
							</coordinates>
						</LinearRing>
					</outerBoundaryIs>
				</Polygon>
			</Placemark>
			<Placemark>
				<name>1.4.308-58</name>
				<styleUrl>#msn_ylw-pushpin530011000</styleUrl>
				<Polygon>
					<tessellate>1</tessellate>
					<outerBoundaryIs>
						<LinearRing>
							<coordinates>
								-71.62760756929184,-16.35549966883653,0 -71.62767669052715,-16.35559260212054,0 -71.62714113686751,-16.35587217762904,0 -71.62706050490371,-16.35576849875104,0 -71.62760756929184,-16.35549966883653,0 
							</coordinates>
						</LinearRing>
					</outerBoundaryIs>
				</Polygon>
			</Placemark>
			<Placemark>
				<name>1.4.308-60</name>
				<styleUrl>#msn_ylw-pushpin530011000</styleUrl>
				<Polygon>
					<tessellate>1</tessellate>
					<outerBoundaryIs>
						<LinearRing>
							<coordinates>
								-71.6263516000886,-16.35611594353079,0 -71.62643902943773,-16.35623764543439,0 -71.6260577445692,-16.35643067828812,0 -71.62600351864393,-16.35631247458213,0 -71.6263516000886,-16.35611594353079,0 
							</coordinates>
						</LinearRing>
					</outerBoundaryIs>
				</Polygon>
			</Placemark>
			<Placemark>
				<name>1.4.320-19</name>
				<styleUrl>#msn_ylw-pushpin530011000</styleUrl>
				<Polygon>
					<tessellate>1</tessellate>
					<outerBoundaryIs>
						<LinearRing>
							<coordinates>
								-71.61969377745746,-16.33368883198963,0 -71.61973129816765,-16.33373012398183,0 -71.6196472861665,-16.33380417963958,0 -71.61950448182154,-16.3338522541417,0 -71.61933227160867,-16.33374091300703,0 -71.6195025237686,-16.33349556136406,0 -71.61969377745746,-16.33368883198963,0 
							</coordinates>
						</LinearRing>
					</outerBoundaryIs>
				</Polygon>
			</Placemark>
			<Placemark>
				<name>1.4.321-15</name>
				<styleUrl>#msn_ylw-pushpin530011000</styleUrl>
				<ExtendedData>
					<SchemaData schemaUrl="#S_yura_poligono_DSSSSDDDDS001000">
						<SimpleData name="fid">40537</SimpleData>
						<SimpleData name="handle">268222</SimpleData>
						<SimpleData name="block">-1</SimpleData>
						<SimpleData name="etype">18</SimpleData>
						<SimpleData name="space">0</SimpleData>
						<SimpleData name="layer">MANZANAS</SimpleData>
						<SimpleData name="olinetype">bylayer</SimpleData>
						<SimpleData name="linetype"></SimpleData>
						<SimpleData name="color">127,127,255,255</SimpleData>
						<SimpleData name="ocolor">256</SimpleData>
						<SimpleData name="color24">-1</SimpleData>
						<SimpleData name="transparen">0</SimpleData>
						<SimpleData name="lweight">-1</SimpleData>
						<SimpleData name="linewidth">0.15</SimpleData>
						<SimpleData name="ltscale">1</SimpleData>
						<SimpleData name="visible">1</SimpleData>
						<SimpleData name="width">0</SimpleData>
						<SimpleData name="thickness">0</SimpleData>
						<SimpleData name="ext">(3:0,0,0.1)</SimpleData>
					</SchemaData>
				</ExtendedData>
				<Polygon>
					<outerBoundaryIs>
						<LinearRing>
							<coordinates>
								-71.62148293392245,-16.3304264714304,0 -71.62156399180077,-16.33065285079361,0 -71.62155987066829,-16.33090101784699,0 -71.62145322731669,-16.33112887832692,0 -71.62115686163089,-16.3309039410453,0 -71.62118030016583,-16.33070754593709,0 -71.62114258271524,-16.33060887181057,0 -71.62148293392245,-16.3304264714304,0 
							</coordinates>
						</LinearRing>
					</outerBoundaryIs>
				</Polygon>
			</Placemark>
			<Placemark>
				<name>1.4.321-17</name>
				<styleUrl>#msn_ylw-pushpin530011000</styleUrl>
				<Polygon>
					<tessellate>1</tessellate>
					<outerBoundaryIs>
						<LinearRing>
							<coordinates>
								-71.62236133216702,-16.33130606205334,0 -71.62205641258967,-16.33119799717918,0 -71.62214378875936,-16.33064860432793,0 -71.62236521140241,-16.3306486068551,0 -71.62243210627359,-16.3307665011295,0 -71.62241435660144,-16.33099348273175,0 -71.62236133216702,-16.33130606205334,0 
							</coordinates>
						</LinearRing>
					</outerBoundaryIs>
				</Polygon>
			</Placemark>
			<Placemark>
				<name>1.4.321-21</name>
				<styleUrl>#msn_ylw-pushpin530011000</styleUrl>
				<Polygon>
					<tessellate>1</tessellate>
					<outerBoundaryIs>
						<LinearRing>
							<coordinates>
								-71.62324786782047,-16.33149501200655,0 -71.62304996526332,-16.33127471115446,0 -71.62338652867334,-16.33116580657797,0 -71.62350165679386,-16.33126669361224,0 -71.62324786782047,-16.33149501200655,0 
							</coordinates>
						</LinearRing>
					</outerBoundaryIs>
				</Polygon>
			</Placemark>
			<Placemark>
				<name>1.4.321-22</name>
				<styleUrl>#msn_ylw-pushpin530011000</styleUrl>
				<Polygon>
					<tessellate>1</tessellate>
					<outerBoundaryIs>
						<LinearRing>
							<coordinates>
								-71.62385670076112,-16.3310611241332,0 -71.62396871417086,-16.33113508972931,0 -71.6239625459758,-16.33129863162484,0 -71.6235627604018,-16.33177426616708,0 -71.62329445226493,-16.33155335180177,0 -71.62385670076112,-16.3310611241332,0 
							</coordinates>
						</LinearRing>
					</outerBoundaryIs>
				</Polygon>
			</Placemark>
			<Placemark>
				<name>1.4.321-23</name>
				<styleUrl>#msn_ylw-pushpin530011000</styleUrl>
				<Polygon>
					<tessellate>1</tessellate>
					<outerBoundaryIs>
						<LinearRing>
							<coordinates>
								-71.62350366341879,-16.33181716374873,0 -71.62364254092897,-16.33219788235149,0 -71.6234548637558,-16.3323288814349,0 -71.62298030345035,-16.33184922814053,0 -71.62325449239938,-16.33159657899808,0 -71.62350366341879,-16.33181716374873,0 
							</coordinates>
						</LinearRing>
					</outerBoundaryIs>
				</Polygon>
			</Placemark>
			<Placemark>
				<name>1.4.324-21</name>
				<styleUrl>#msn_ylw-pushpin530011000</styleUrl>
				<Polygon>
					<tessellate>1</tessellate>
					<outerBoundaryIs>
						<LinearRing>
							<coordinates>
								-71.62022092754415,-16.33983677939737,0 -71.62004340911416,-16.33990401172779,0 -71.61943026532403,-16.33917002496984,0 -71.6196052313765,-16.33912040601168,0 -71.62022092754415,-16.33983677939737,0 
							</coordinates>
						</LinearRing>
					</outerBoundaryIs>
				</Polygon>
			</Placemark>
			<Placemark>
				<name>1.4.324-37</name>
				<styleUrl>#msn_ylw-pushpin530011000</styleUrl>
				<ExtendedData>
					<SchemaData schemaUrl="#S_yura_poligono_DSSSSDDDDS001000">
						<SimpleData name="fid">40713</SimpleData>
						<SimpleData name="handle">268399</SimpleData>
						<SimpleData name="block">-1</SimpleData>
						<SimpleData name="etype">18</SimpleData>
						<SimpleData name="space">0</SimpleData>
						<SimpleData name="layer">MANZANAS</SimpleData>
						<SimpleData name="olinetype">bylayer</SimpleData>
						<SimpleData name="linetype"></SimpleData>
						<SimpleData name="color">127,127,255,255</SimpleData>
						<SimpleData name="ocolor">256</SimpleData>
						<SimpleData name="color24">-1</SimpleData>
						<SimpleData name="transparen">0</SimpleData>
						<SimpleData name="lweight">-1</SimpleData>
						<SimpleData name="linewidth">0.15</SimpleData>
						<SimpleData name="ltscale">1</SimpleData>
						<SimpleData name="visible">1</SimpleData>
						<SimpleData name="width">0</SimpleData>
						<SimpleData name="thickness">0</SimpleData>
						<SimpleData name="ext">(3:0,0,0.1)</SimpleData>
					</SchemaData>
				</ExtendedData>
				<Polygon>
					<outerBoundaryIs>
						<LinearRing>
							<coordinates>
								-71.61901737851747,-16.33972999510235,0 -71.61932426518887,-16.34008066429026,0 -71.61911732156143,-16.34013740111624,0 -71.61901737851747,-16.33972999510235,0 
							</coordinates>
						</LinearRing>
					</outerBoundaryIs>
				</Polygon>
			</Placemark>
			<Placemark>
				<name>1.4.324-40</name>
				<styleUrl>#msn_ylw-pushpin530011000</styleUrl>
				<ExtendedData>
					<SchemaData schemaUrl="#S_yura_poligono_DSSSSDDDDS001000">
						<SimpleData name="fid">40713</SimpleData>
						<SimpleData name="handle">268399</SimpleData>
						<SimpleData name="block">-1</SimpleData>
						<SimpleData name="etype">18</SimpleData>
						<SimpleData name="space">0</SimpleData>
						<SimpleData name="layer">MANZANAS</SimpleData>
						<SimpleData name="olinetype">bylayer</SimpleData>
						<SimpleData name="linetype"></SimpleData>
						<SimpleData name="color">127,127,255,255</SimpleData>
						<SimpleData name="ocolor">256</SimpleData>
						<SimpleData name="color24">-1</SimpleData>
						<SimpleData name="transparen">0</SimpleData>
						<SimpleData name="lweight">-1</SimpleData>
						<SimpleData name="linewidth">0.15</SimpleData>
						<SimpleData name="ltscale">1</SimpleData>
						<SimpleData name="visible">1</SimpleData>
						<SimpleData name="width">0</SimpleData>
						<SimpleData name="thickness">0</SimpleData>
						<SimpleData name="ext">(3:0,0,0.1)</SimpleData>
					</SchemaData>
				</ExtendedData>
				<Polygon>
					<outerBoundaryIs>
						<LinearRing>
							<coordinates>
								-71.61786796292449,-16.33952256600899,0 -71.61749976325038,-16.33961296087198,0 -71.61741063454976,-16.33926540248617,0 -71.61776087417387,-16.33916471779564,0 -71.61786796292449,-16.33952256600899,0 
							</coordinates>
						</LinearRing>
					</outerBoundaryIs>
				</Polygon>
			</Placemark>
			<Placemark>
				<name>1.4.324-47</name>
				<styleUrl>#msn_ylw-pushpin530011000</styleUrl>
				<ExtendedData>
					<SchemaData schemaUrl="#S_yura_poligono_DSSSSDDDDS001000">
						<SimpleData name="fid">40713</SimpleData>
						<SimpleData name="handle">268399</SimpleData>
						<SimpleData name="block">-1</SimpleData>
						<SimpleData name="etype">18</SimpleData>
						<SimpleData name="space">0</SimpleData>
						<SimpleData name="layer">MANZANAS</SimpleData>
						<SimpleData name="olinetype">bylayer</SimpleData>
						<SimpleData name="linetype"></SimpleData>
						<SimpleData name="color">127,127,255,255</SimpleData>
						<SimpleData name="ocolor">256</SimpleData>
						<SimpleData name="color24">-1</SimpleData>
						<SimpleData name="transparen">0</SimpleData>
						<SimpleData name="lweight">-1</SimpleData>
						<SimpleData name="linewidth">0.15</SimpleData>
						<SimpleData name="ltscale">1</SimpleData>
						<SimpleData name="visible">1</SimpleData>
						<SimpleData name="width">0</SimpleData>
						<SimpleData name="thickness">0</SimpleData>
						<SimpleData name="ext">(3:0,0,0.1)</SimpleData>
					</SchemaData>
				</ExtendedData>
				<Polygon>
					<outerBoundaryIs>
						<LinearRing>
							<coordinates>
								-71.61761517960457,-16.33863571092268,0 -71.61726344533761,-16.33873086450178,0 -71.61715525355353,-16.33837432187134,0 -71.61750544619196,-16.33827407347342,0 -71.61761517960457,-16.33863571092268,0 
							</coordinates>
						</LinearRing>
					</outerBoundaryIs>
				</Polygon>
			</Placemark>
			<Placemark>
				<name>1.4.324-51</name>
				<styleUrl>#msn_ylw-pushpin530011000</styleUrl>
				<ExtendedData>
					<SchemaData schemaUrl="#S_yura_poligono_DSSSSDDDDS001000">
						<SimpleData name="fid">40712</SimpleData>
						<SimpleData name="handle">268398</SimpleData>
						<SimpleData name="block">-1</SimpleData>
						<SimpleData name="etype">18</SimpleData>
						<SimpleData name="space">0</SimpleData>
						<SimpleData name="layer">MANZANAS</SimpleData>
						<SimpleData name="olinetype">bylayer</SimpleData>
						<SimpleData name="linetype"></SimpleData>
						<SimpleData name="color">127,127,255,255</SimpleData>
						<SimpleData name="ocolor">256</SimpleData>
						<SimpleData name="color24">-1</SimpleData>
						<SimpleData name="transparen">0</SimpleData>
						<SimpleData name="lweight">-1</SimpleData>
						<SimpleData name="linewidth">0.15</SimpleData>
						<SimpleData name="ltscale">1</SimpleData>
						<SimpleData name="visible">1</SimpleData>
						<SimpleData name="width">0</SimpleData>
						<SimpleData name="thickness">0</SimpleData>
						<SimpleData name="ext">(3:0,0,0.1)</SimpleData>
					</SchemaData>
				</ExtendedData>
				<Polygon>
					<outerBoundaryIs>
						<LinearRing>
							<coordinates>
								-71.61748592957611,-16.33817284715021,0 -71.61711172796686,-16.33826600170805,0 -71.61699997152569,-16.33790480701225,0 -71.61737177002705,-16.33782198399432,0 -71.61748592957611,-16.33817284715021,0 
							</coordinates>
						</LinearRing>
					</outerBoundaryIs>
				</Polygon>
			</Placemark>
			<Placemark>
				<name>1.4.326-1</name>
				<styleUrl>#msn_ylw-pushpin530011000</styleUrl>
				<Polygon>
					<tessellate>1</tessellate>
					<outerBoundaryIs>
						<LinearRing>
							<coordinates>
								-71.62280877697684,-16.33382557483367,0 -71.62142564585584,-16.33422093963208,0 -71.62121772042318,-16.33350003859586,0 -71.62224030048358,-16.33324349790035,0 -71.62247519202053,-16.33334476754966,0 -71.62280877697684,-16.33382557483367,0 
							</coordinates>
						</LinearRing>
					</outerBoundaryIs>
				</Polygon>
			</Placemark>
			<Placemark>
				<name>1.4.331-1</name>
				<styleUrl>#msn_ylw-pushpin530011000</styleUrl>
				<Polygon>
					<tessellate>1</tessellate>
					<outerBoundaryIs>
						<LinearRing>
							<coordinates>
								-71.62843676852894,-16.35321087129447,0 -71.62916493445179,-16.35409554667451,0 -71.62778348594374,-16.3552068532078,0 -71.62702748109895,-16.35432978208385,0 -71.62843676852894,-16.35321087129447,0 
							</coordinates>
						</LinearRing>
					</outerBoundaryIs>
				</Polygon>
			</Placemark>
			<Placemark>
				<name>1.4.331-2</name>
				<styleUrl>#msn_ylw-pushpin530011000</styleUrl>
				<Polygon>
					<tessellate>1</tessellate>
					<outerBoundaryIs>
						<LinearRing>
							<coordinates>
								-71.62974467252923,-16.35215782065451,0 -71.63048041358837,-16.35303031067913,0 -71.62930265844507,-16.35400414567015,0 -71.62854282403882,-16.35313235521652,0 -71.62974467252923,-16.35215782065451,0 
							</coordinates>
						</LinearRing>
					</outerBoundaryIs>
				</Polygon>
			</Placemark>
			<Placemark>
				<name>1.4.331-3</name>
				<styleUrl>#msn_ylw-pushpin530011000</styleUrl>
				<Polygon>
					<tessellate>1</tessellate>
					<outerBoundaryIs>
						<LinearRing>
							<coordinates>
								-71.62964749774181,-16.35205178195244,0 -71.62843773170499,-16.35301905222839,0 -71.62766789427357,-16.3521105913824,0 -71.62890074781426,-16.35118716800639,0 -71.62964749774181,-16.35205178195244,0 
							</coordinates>
						</LinearRing>
					</outerBoundaryIs>
				</Polygon>
			</Placemark>
			<Placemark>
				<name>1.4.331-4</name>
				<styleUrl>#msn_ylw-pushpin530011000</styleUrl>
				<Polygon>
					<tessellate>1</tessellate>
					<outerBoundaryIs>
						<LinearRing>
							<coordinates>
								-71.62757603644582,-16.35219923763704,0 -71.62833212672811,-16.35311556039778,0 -71.62694524476419,-16.35422484431028,0 -71.6261878299451,-16.35335698934517,0 -71.62757603644582,-16.35219923763704,0 
							</coordinates>
						</LinearRing>
					</outerBoundaryIs>
				</Polygon>
			</Placemark>
			<Placemark>
				<name>1.4.331-11</name>
				<styleUrl>#msn_ylw-pushpin530011000</styleUrl>
				<Polygon>
					<tessellate>1</tessellate>
					<outerBoundaryIs>
						<LinearRing>
							<coordinates>
								-71.62357135694648,-16.35032412235563,0 -71.62282745569749,-16.34944450407087,0 -71.62339389380513,-16.34899570357663,0 -71.62451395345373,-16.34868621716974,0 -71.62496328774726,-16.3492030101397,0 -71.62357135694648,-16.35032412235563,0 
							</coordinates>
						</LinearRing>
					</outerBoundaryIs>
				</Polygon>
			</Placemark>
		</Folder>
	</Folder>
</Document>
</kml>
