ident;lat;long;y_proj;x_proj;ingreso_economico
1.11.69-2; ; ;-1.516416327;20763369.87;A
1.11.69-2;-16.4012594;-71.53059191;-1941420.85;2838941.203;A
1.11.69-2;-16.40242084;-71.52946022;-1941571.543;2839054.356;A
1.11.69-2;-16.40173021;-71.52855537;-1941501.821;2839165.971;A
1.11.69-2;-16.40168199;-71.52859624;-1941495.642;2839161.966;A
1.11.69-2;-16.40163677;-71.52861197;-1941490.132;2839160.774;A
1.11.69-2;-16.40163075;-71.52861511;-1941489.384;2839160.496;A
1.11.69-2;-16.40158553;-71.52863398;-1941483.835;2839158.947;A
1.11.69-2;-16.40153729;-71.52861514;-1941478.406;2839161.713;A
1.11.69-2;-16.40149207;-71.5285963;-1941473.331;2839164.44;A
1.11.69-2;-16.40049944;-71.52967766;-1941343.101;2839054.788;A
1.11.69-4; ; ;-1.516416327;20763369.87;A
1.11.69-4;-16.40040707;-71.52953893;-1941333.998;2839071.724;A
1.11.69-4;-16.40137527;-71.52846885;-1941461.217;2839180.416;A
1.11.69-4;-16.40137525;-71.52840772;-1941461.985;2839187.348;A
1.11.69-4;-16.4013451;-71.52839171;-1941458.645;2839189.557;A
1.11.69-4;-16.40134206;-71.52835482;-1941458.753;2839193.779;A
1.11.69-4;-16.40134204;-71.5282996;-1941459.447;2839200.04;A
1.11.69-4;-16.40136919;-71.52826383;-1941463.087;2839203.742;A
1.11.69-4;-16.40139319;-71.52821594;-1941466.509;2839208.859;A
1.11.69-4;-16.40142003;-71.5281867;-1941470.031;2839211.823;A
1.11.69-4;-16.40096021;-71.52760246;-1941423.381;2839284.074;A
1.11.69-4;-16.40065853;-71.52800241;-1941382.902;2839242.664;A
1.11.69-4;-16.40035188;-71.52837792;-1941342.147;2839204.089;A
1.11.69-4;-16.39988595;-71.52889645;-1941280.88;2839151.377;A
1.11.69-6; ; ;-1.516416327;20763369.87;A
1.11.69-6;-16.40261018;-71.52629186;-1941633.722;2839411.133;A
1.11.69-6;-16.40264131;-71.52612118;-1941639.531;2839430.079;A
1.11.69-6;-16.40265898;-71.52596001;-1941643.638;2839448.124;A
1.11.69-6;-16.40285221;-71.52573703;-1941669.148;2839470.884;A
1.11.69-6;-16.40242566;-71.52519914;-1941625.821;2839537.444;A
1.11.69-6;-16.40185377;-71.52570697;-1941552.239;2839487.332;A
1.11.69-6;-16.40249716;-71.52637317;-1941619.42;2839403.39;A
1.11.69-7; ; ;-1.516416327;20763369.87;A
1.11.69-7;-16.40195624;-71.52699398;-1941548.053;2839340.061;A
1.11.69-7;-16.40216848;-71.52672099;-1941576.426;2839368.243;A
1.11.69-7;-16.40245479;-71.52642704;-1941613.764;2839397.835;A
1.11.69-7;-16.40232202;-71.52628783;-1941599.922;2839415.353;A
1.11.69-7;-16.40169647;-71.52680798;-1941519.882;2839364.544;A
1.11.69-7;-16.40163445;-71.52681948;-1941512.452;2839364.05;A
1.11.69-7;-16.40158026;-71.52680587;-1941506.258;2839366.301;A
1.11.69-7;-16.40152099;-71.52680048;-1941499.363;2839367.686;A
1.11.69-7;-16.40146091;-71.52678416;-1941492.512;2839370.321;A
1.11.69-7;-16.40141136;-71.52675516;-1941487.056;2839374.256;A
1.11.69-7;-16.40098248;-71.52619164;-1941443.779;2839443.754;A
1.11.69-7;-16.40094696;-71.52619494;-1941439.565;2839443.843;A
1.11.69-7;-16.40067609;-71.52645652;-1941404.449;2839417.72;A
1.11.69-7;-16.40054804;-71.52631017;-1941391.251;2839435.986;A
1.11.69-7;-16.40068506;-71.5261662;-1941409.162;2839450.522;A
1.11.69-7;-16.40077942;-71.52626714;-1941418.975;2839437.844;A
1.11.69-7;-16.40123801;-71.52585944;-1941477.984;2839478.084;A
1.11.69-7;-16.40092265;-71.52545153;-1941446.08;2839528.455;A
1.11.69-7;-16.40004611;-71.52626856;-1941332.814;2839447.259;A
1.11.69-7;-16.40104065;-71.52750139;-1941434.104;2839294.483;A
1.11.69-7;-16.40135793;-71.52733288;-1941473.498;2839309.447;A
1.11.69-8; ; ;-1.516416327;20763369.87;A
1.11.69-8;-16.40226394;-71.52626783;-1941593.352;2839418.38;A
1.11.69-8;-16.40225449;-71.52621821;-1941592.867;2839424.13;A
1.11.69-8;-16.4017995;-71.52577247;-1941545.039;2839480.613;A
1.11.69-8;-16.40150122;-71.52607071;-1941506.24;2839450.692;A
1.11.69-8;-16.40189064;-71.52656322;-1941545.777;2839389.761;A
1.11.69-9; ; ;-1.516416327;20763369.87;A
1.11.69-9;-16.40138764;-71.52660912;-1941486.111;2839391.125;A
1.11.69-9;-16.40164141;-71.52637026;-1941518.932;2839414.895;A
1.11.69-9;-16.4012918;-71.52591724;-1941483.574;2839470.828;A
1.11.69-9;-16.40126673;-71.52590256;-1941480.814;2839472.819;A
1.11.69-9;-16.40101556;-71.52613194;-1941448.418;2839450.09;A
1.11.69-10; ; ;-1.516416327;20763369.87;A
1.11.69-10;-16.40162371;-71.52548762;-1941527.979;2839515.208;A
1.11.69-10;-16.40178748;-71.52565823;-1941545.067;2839493.724;A
1.11.69-10;-16.40236425;-71.52516229;-1941619.072;2839542.425;A
1.11.69-10;-16.40191579;-71.52460168;-1941573.459;2839611.849;A
1.11.69-10;-16.4009649;-71.5254147;-1941451.508;2839532.08;A
1.11.69-10;-16.40129636;-71.52579655;-1941485.631;2839484.453;A
1.11.69-11; ; ;-1.516416327;20763369.87;A
1.11.69-11;-16.40080432;-71.52318926;-1941460.7;2839786.521;A
1.11.69-11;-16.40032428;-71.52363312;-1941398.712;2839742.46;A
1.11.69-11;-16.3991568;-71.52464323;-1941248.833;2839643.169;A
1.11.69-11;-16.39887397;-71.52483905;-1941213.14;2839624.658;A
1.11.69-11;-16.3999588;-71.52616354;-1941323.882;2839460.307;A
1.11.69-11;-16.40184008;-71.52449489;-1941565.911;2839624.947;A
1.11.69-12; ; ;-1.516416327;20763369.87;A
1.11.69-12;-16.39969048;-71.52188077;-1941346.35;2839949.44;A
1.11.69-12;-16.39959405;-71.52179912;-1941336.051;2839959.958;A
1.11.69-12;-16.39949394;-71.52172381;-1941325.241;2839969.805;A
1.11.69-12;-16.39813766;-71.52393947;-1941137.984;2839736.278;A
1.11.69-12;-16.39885877;-71.52480872;-1941211.737;2839628.295;A
1.11.69-12;-16.39919968;-71.52451494;-1941255.488;2839657.155;A
1.11.69-12;-16.40022967;-71.52357856;-1941388.286;2839749.882;A
1.11.69-12;-16.39995731;-71.52327319;-1941360.14;2839788.066;A
1.11.69-12;-16.39986786;-71.52334106;-1941348.777;2839781.538;A
1.11.69-12;-16.3998593;-71.52334513;-1941347.721;2839781.188;A
1.11.69-12;-16.39978096;-71.52336063;-1941338.323;2839780.454;A
1.11.69-12;-16.39968485;-71.52333853;-1941327.311;2839784.215;A
1.11.69-12;-16.39957546;-71.52326894;-1941315.337;2839793.534;A
1.11.69-12;-16.39956587;-71.52326462;-1941314.265;2839794.15;A
1.11.69-12;-16.39947792;-71.5231703;-1941305.123;2839805.993;A
1.11.69-12;-16.39947792;-71.52316742;-1941305.159;2839806.319;A
1.11.69-12;-16.39942777;-71.52306294;-1941300.585;2839818.823;A
1.11.69-12;-16.39939037;-71.5229242;-1941297.941;2839835.042;A
1.11.69-12;-16.39939376;-71.52280515;-1941299.839;2839848.498;A
1.11.69-12;-16.39944781;-71.52267924;-1941307.776;2839862.069;A
1.11.69-12;-16.3995008;-71.5225644;-1941315.449;2839874.399;A
1.11.69-12;-16.39956561;-71.52247638;-1941324.172;2839883.534;A
1.11.69-12;-16.39968758;-71.52234752;-1941340.125;2839896.551;A
1.11.69-12;-16.39992098;-71.52216628;-1941369.828;2839914.055;A
1.11.69-12;-16.39979226;-71.52196462;-1941357.249;2839938.602;A
1.11.69-14; ; ;-1.516416327;20763369.87;A
1.11.69-14;-16.39988131;-71.52716937;-1941302.102;2839347.269;A
1.11.69-14;-16.40033622;-71.52682716;-1941359.853;2839380.132;A
1.11.69-14;-16.39951782;-71.525804;-1941276.611;2839506.834;A
1.11.69-14;-16.39908615;-71.52617771;-1941221.193;2839470.096;A
1.11.69-17; ; ;-1.516416327;20763369.87;A
1.11.69-17;-16.40046143;-71.52815356;-1941357.844;2839228.099;A
1.11.69-17;-16.40070486;-71.52784152;-1941390.372;2839260.302;A
1.11.69-17;-16.40093947;-71.52754455;-1941421.674;2839290.91;A
1.11.69-17;-16.40036734;-71.52686865;-1941362.985;2839375.021;A
1.11.69-17;-16.39962194;-71.52745979;-1941267.973;2839317.725;A
1.11.69-17;-16.40032295;-71.52833826;-1941339.249;2839208.964;A
1.11.69-18; ; ;-1.516416327;20763369.87;A
1.11.69-18;-16.39996267;-71.52802296;-1941300.9;2839249.419;A
1.11.69-18;-16.39957298;-71.52752138;-1941261.445;2839311.38;A
1.11.69-18;-16.39912277;-71.52789152;-1941203.895;2839275.289;A
1.11.69-18;-16.39952703;-71.52840928;-1941244.858;2839211.303;A
1.11.69-19; ; ;-1.516416327;20763369.87;A
1.11.69-19;-16.40026983;-71.52839807;-1941332.254;2839202.876;A
1.11.69-19;-16.40000705;-71.52806845;-1941305.54;2839243.681;A
1.11.69-19;-16.39956019;-71.52845827;-1941248.136;2839205.314;A
1.11.69-19;-16.39984207;-71.52883484;-1941276.502;2839158.936;A
1.11.1-2; ; ;-1.516416327;20763369.87;B
1.11.1-2;-16.39324359;-71.52713499;-1940522.801;2839437.821;B
1.11.1-2;-16.39321346;-71.5267713;-1940523.844;2839479.455;B
1.11.1-2;-16.39270513;-71.52698786;-1940461.401;2839461.533;B
1.11.1-2;-16.39212171;-71.52719938;-1940390.202;2839445.162;B
1.11.1-2;-16.39200916;-71.52725564;-1940376.271;2839440.251;B
1.11.1-2;-16.39209858;-71.52741968;-1940384.71;2839420.483;B
1.11.1-2;-16.3926606;-71.52741484;-1940450.791;2839413.696;B
1.11.1-2;-16.39324928;-71.52744372;-1940519.58;2839402.738;B
1.11.1-3; ; ;-1.516416327;20763369.87;B
1.11.1-3;-16.3932001;-71.52675516;-1940522.478;2839481.459;B
1.11.1-3;-16.39317761;-71.52652665;-1940522.716;2839507.664;B
1.11.1-3;-16.39297623;-71.52587505;-1940507.269;2839584.181;B
1.11.1-3;-16.39278136;-71.52554113;-1940488.584;2839624.589;B
1.11.1-3;-16.39271438;-71.52545163;-1940481.845;2839635.613;B
1.11.1-3;-16.39234903;-71.52577817;-1940434.811;2839603.353;B
1.11.1-3;-16.39294603;-71.52683738;-1940491.596;2839475.453;B
1.11.1-4; ; ;-1.516416327;20763369.87;B
1.11.1-4;-16.39270258;-71.52538345;-1940481.317;2839643.499;B
1.11.1-4;-16.39245878;-71.52508036;-1940456.496;2839681.05;B
1.11.1-4;-16.39217487;-71.52474796;-1940427.333;2839722.448;B
1.11.1-4;-16.39197402;-71.52455141;-1940406.215;2839747.358;B
1.11.1-4;-16.39161738;-71.52499572;-1940358.722;2839701.631;B
1.11.1-4;-16.3920432;-71.5253564;-1940404.199;2839655.173;B
1.11.1-4;-16.39231035;-71.52570703;-1940431.164;2839611.925;B
1.11.1-5; ; ;-1.516416327;20763369.87;B
1.11.1-5;-16.39248007;-71.52618739;-1940445.049;2839555.239;B
1.11.1-5;-16.39219122;-71.52573207;-1940416.853;2839610.641;B
1.11.1-5;-16.39203453;-71.5254947;-1940401.439;2839639.603;B
1.11.1-5;-16.39156116;-71.52507369;-1940351.134;2839693.523;B
1.11.1-5;-16.39123789;-71.52547758;-1940308.071;2839651.942;B
1.11.1-5;-16.39164769;-71.52589777;-1940350.917;2839598.946;B
1.11.1-5;-16.39224212;-71.52645557;-1940413.718;2839527.935;B
1.11.1-6; ; ;-1.516416327;20763369.87;B
1.11.1-6;-16.39286107;-71.52688227;-1940481.05;2839471.47;B
1.11.1-6;-16.39272645;-71.52658435;-1940468.99;2839507.011;B
1.11.1-6;-16.39259816;-71.52632486;-1940457.189;2839538.109;B
1.11.1-6;-16.39252617;-71.52621639;-1940450.099;2839551.35;B
1.11.1-6;-16.3922775;-71.52650417;-1940417.261;2839521.963;B
1.11.1-6;-16.39255037;-71.52675836;-1940446.114;2839489.577;B
1.11.1-6;-16.39270443;-71.52693945;-1940461.929;2839467.032;B
1.11.1-7; ; ;-1.516416327;20763369.87;B
1.11.1-7;-16.39263565;-71.52697104;-1940453.452;2839464.347;B
1.11.1-7;-16.39255757;-71.52683976;-1940445.933;2839480.252;B
1.11.1-7;-16.39239718;-71.52667521;-1940429.165;2839501.005;B
1.11.1-7;-16.39224765;-71.52654968;-1940413.182;2839517.191;B
1.11.1-7;-16.39181842;-71.52702568;-1940356.763;2839468.817;B
1.11.1-7;-16.39195386;-71.52721447;-1940370.294;2839445.641;B
1.11.1-8; ; ;-1.516416327;20763369.87;B
1.11.1-8;-16.39182307;-71.52649054;-1940364.051;2839529.439;B
1.11.1-8;-16.39205584;-71.52665638;-1940389.305;2839507.595;B
1.11.1-8;-16.39220852;-71.52649261;-1940409.304;2839524.174;B
1.11.1-8;-16.3916263;-71.52596488;-1940347.559;2839591.614;B
1.11.1-8;-16.39117704;-71.52555473;-1940299.951;2839643.988;B
1.11.1-8;-16.39102569;-71.52575107;-1940279.697;2839623.699;B
1.11.1-8;-16.39123788;-71.52607835;-1940300.501;2839583.817;B
1.11.1-8;-16.39148283;-71.52646332;-1940324.425;2839536.966;B
1.11.1-8;-16.39178367;-71.52695686;-1940353.547;2839477.074;B
1.11.1-8;-16.39203234;-71.52668159;-1940386.227;2839505.044;B
1.11.1-8;-16.39180989;-71.52651274;-1940362.223;2839527.093;B
1.11.1-9; ; ;-1.516416327;20763369.87;B
1.11.1-9;-16.39177287;-71.52757709;-1940344.465;2839406.884;B
1.11.1-9;-16.39202159;-71.52746078;-1940375.148;2839416.827;B
1.11.1-9;-16.39155884;-71.52671679;-1940330.161;2839507.232;B
1.11.1-9;-16.39112693;-71.52599658;-1940288.497;2839594.537;B
1.11.1-9;-16.39108916;-71.52602544;-1940283.697;2839591.758;B
1.11.1-9;-16.39116845;-71.52631181;-1940289.403;2839558.25;B
1.11.1-9;-16.3913886;-71.52702775;-1940306.245;2839474.192;B
1.11.1-9;-16.39157169;-71.5276394;-1940320.048;2839402.444;B
1.11.1-10; ; ;-1.516416327;20763369.87;B
1.11.1-10;-16.39150712;-71.52766212;-1940312.176;2839400.71;B
1.11.1-10;-16.39129576;-71.52683159;-1940297.811;2839497.648;B
1.11.1-10;-16.39112243;-71.52625633;-1940284.696;2839565.142;B
1.11.1-10;-16.39106832;-71.52605334;-1940280.897;2839588.866;B
1.11.1-10;-16.3910564;-71.52589828;-1940281.451;2839606.605;B
1.11.1-10;-16.39099952;-71.52576367;-1940276.465;2839622.612;B
1.11.1-10;-16.39054364;-71.52633479;-1940215.717;2839563.798;B
1.11.1-10;-16.39122229;-71.52777549;-1940277.288;2839391.572;B
1.11.1-11; ; ;-1.516416327;20763369.87;B
1.11.1-11;-16.39099753;-71.52788607;-1940249.493;2839381.967;B
1.11.1-11;-16.39117243;-71.52777501;-1940271.437;2839392.277;B
1.11.1-11;-16.3909134;-71.52727972;-1940247.248;2839451.821;B
1.11.1-11;-16.39061713;-71.5266265;-1940220.674;2839529.76;B
1.11.1-11;-16.39050972;-71.5263593;-1940211.423;2839561.462;B
1.11.1-11;-16.39024956;-71.52650087;-1940179.078;2839548.803;B
1.11.1-11;-16.39065841;-71.52738681;-1940215.945;2839443.005;B
1.11.2-1; ; ;-1.516416327;20763369.87;B
1.11.2-1;-16.39362922;-71.52862991;-1940549.267;2839263.274;B
1.11.2-1;-16.39382655;-71.5284431;-1940574.801;2839281.882;B
1.11.2-1;-16.39354712;-71.52816802;-1940545.442;2839316.72;B
1.11.2-1;-16.39331593;-71.52792504;-1940521.345;2839347.291;B
1.11.2-1;-16.39342078;-71.52881215;-1940522.485;2839245.329;B
1.11.2-2; ; ;-1.516416327;20763369.87;B
1.11.2-2;-16.39521665;-71.52712182;-1940754.744;2839413.56;B
1.11.2-2;-16.39459397;-71.52640232;-1940690.662;2839503.275;B
1.11.2-2;-16.39330176;-71.52779571;-1940521.31;2839362.14;B
1.11.2-2;-16.39347133;-71.52803329;-1940538.236;2839332.987;B
1.11.2-2;-16.39385074;-71.52840756;-1940578.09;2839285.595;B
1.11.2-3; ; ;-1.516416327;20763369.87;B
1.11.2-3;-16.39557253;-71.52677719;-1940800.892;2839447.993;B
1.11.2-3;-16.3947609;-71.52590264;-1940716.568;2839557.756;B
1.11.2-3;-16.39451884;-71.52619315;-1940684.473;2839527.974;B
1.11.2-3;-16.39525229;-71.52707567;-1940759.512;2839418.328;B
1.11.2-4; ; ;-1.516416327;20763369.87;B
1.11.2-4;-16.39524527;-71.52637982;-1940767.455;2839497.324;B
1.11.2-4;-16.39559731;-71.52674971;-1940804.148;2839450.786;B
1.11.2-4;-16.3959373;-71.52641609;-1940848.292;2839484.177;B
1.11.2-4;-16.3957834;-71.52630465;-1940831.617;2839498.822;B
1.11.2-4;-16.39559246;-71.52618728;-1940810.667;2839514.624;B
1.11.2-4;-16.39504814;-71.52563955;-1940753.627;2839583.839;B
1.11.2-4;-16.39480174;-71.52587388;-1940721.729;2839560.484;B
1.11.2-5; ; ;-1.516416327;20763369.87;B
1.11.2-5;-16.39617817;-71.52659987;-1940874.27;2839460.193;B
1.11.2-5;-16.39599616;-71.5264052;-1940855.343;2839484.643;B
1.11.2-5;-16.39530509;-71.5271032;-1940765.367;2839414.517;B
1.11.2-5;-16.39548949;-71.52729945;-1940784.555;2839389.856;B
1.11.2-6; ; ;-1.516416327;20763369.87;B
1.11.2-6;-16.39619741;-71.52658886;-1940876.669;2839461.191;B
1.11.2-6;-16.39649763;-71.52623977;-1940916.336;2839496.855;B
1.11.2-6;-16.39673169;-71.52591826;-1940947.883;2839530.256;B
1.11.2-6;-16.39719117;-71.52521929;-1941010.667;2839603.515;B
1.11.2-6;-16.39688588;-71.5250363;-1940977.11;2839628.251;B
1.11.2-6;-16.39655613;-71.52552782;-1940932.18;2839576.821;B
1.11.2-6;-16.3962773;-71.52583462;-1940895.559;2839545.673;B
1.11.2-6;-16.39604377;-71.52609542;-1940864.839;2839519.148;B
1.11.2-6;-16.3959206;-71.52627349;-1940848.126;2839500.565;B
1.11.2-7; ; ;-1.516416327;20763369.87;B
1.11.2-7;-16.39661323;-71.52538682;-1940940.665;2839592.064;B
1.11.2-7;-16.39685224;-71.52499619;-1940973.665;2839633.238;B
1.11.2-7;-16.39660389;-71.52485001;-1940946.333;2839653.056;B
1.11.2-7;-16.39642412;-71.52514875;-1940921.45;2839621.528;B
1.11.2-7;-16.39609434;-71.52548524;-1940878.47;2839587.679;B
1.11.2-7;-16.39549492;-71.52605863;-1940800.829;2839530.486;B
1.11.2-7;-16.39562401;-71.52616587;-1940814.642;2839516.64;B
1.11.2-7;-16.39584438;-71.52631462;-1940838.654;2839496.896;B
1.11.2-7;-16.39622317;-71.52582783;-1940889.286;2839547.15;B
1.11.2-8; ; ;-1.516416327;20763369.87;B
1.11.2-8;-16.39567609;-71.52583015;-1940824.991;2839554.029;B
1.11.2-8;-16.39577039;-71.52573761;-1940837.234;2839563.29;B
1.11.2-8;-16.39611294;-71.52538982;-1940881.857;2839598.256;B
1.11.2-8;-16.39640649;-71.52511668;-1940919.783;2839625.395;B
1.11.2-8;-16.39658057;-71.52482551;-1940943.902;2839656.139;B
1.11.2-8;-16.39614708;-71.52454223;-1940896.55;2839693.921;B
1.11.2-8;-16.39588845;-71.52484987;-1940862.291;2839662.413;B
1.11.2-8;-16.39579262;-71.52494485;-1940849.836;2839652.895;B
1.11.2-8;-16.39557659;-71.52513676;-1940822.041;2839633.954;B
1.11.2-8;-16.39542633;-71.52527065;-1940802.702;2839620.732;B
1.11.2-8;-16.39507919;-71.52561389;-1940757.597;2839586.343;B
1.11.2-8;-16.39548712;-71.52601855;-1940800.418;2839535.132;B
1.11.2-9; ; ;-1.516416327;20763369.87;B
1.11.2-9;-16.39503057;-71.52560007;-1940752.061;2839588.545;B
1.11.2-9;-16.39530234;-71.52533553;-1940787.318;2839614.994;B
1.11.2-9;-16.39582434;-71.5248444;-1940854.829;2839663.871;B
1.11.2-9;-16.39610412;-71.52451839;-1940891.804;2839697.185;B
1.11.2-9;-16.39578955;-71.52429408;-1940857.677;2839726.728;B
1.11.2-9;-16.39542749;-71.52407474;-1940817.909;2839756.327;B
1.11.2-9;-16.39520716;-71.52445975;-1940787.175;2839715.546;B
1.11.2-9;-16.39510366;-71.52468019;-1940772.239;2839691.899;B
1.11.2-9;-16.39498914;-71.52496928;-1940755.143;2839660.614;B
1.11.2-9;-16.39482419;-71.52529877;-1940731.613;2839625.405;B
1.11.2-9;-16.39467059;-71.52559501;-1940709.837;2839593.818;B
1.11.2-9;-16.39483369;-71.52575221;-1940727.015;2839573.864;B
1.11.2-10; ; ;-1.516416327;20763369.87;B
1.11.2-10;-16.39454711;-71.52563671;-1940694.806;2839590.702;B
1.11.2-10;-16.39464441;-71.52553357;-1940707.535;2839601.128;B
1.11.2-10;-16.39478923;-71.52528027;-1940727.74;2839627.959;B
1.11.2-10;-16.39488947;-71.52506203;-1940742.264;2839651.397;B
1.11.2-10;-16.39499556;-71.52487793;-1940757.048;2839670.889;B
1.11.2-10;-16.39493002;-71.52481612;-1940750.127;2839678.754;B
1.11.2-10;-16.39479295;-71.52491401;-1940732.792;2839669.442;B
1.11.2-10;-16.39453044;-71.52523965;-1940697.85;2839635.943;B
1.11.2-10;-16.39438076;-71.5254317;-1940677.847;2839616.12;B
1.11.2-11; ; ;-1.516416327;20763369.87;B
1.11.2-11;-16.39436297;-71.52583193;-1940670.715;2839570.968;B
1.11.2-11;-16.39452517;-71.52565937;-1940691.942;2839588.418;B
1.11.2-11;-16.39435449;-71.52546032;-1940674.402;2839613.218;B
1.11.2-11;-16.39419521;-71.52567125;-1940653.033;2839591.379;B
1.11.2-12; ; ;-1.516416327;20763369.87;B
1.11.2-12;-16.3945739;-71.52635507;-1940688.9;2839508.895;B
1.11.2-12;-16.39418643;-71.52599828;-1940647.88;2839554.411;B
1.11.2-12;-16.39432183;-71.5258489;-1940665.668;2839569.582;B
1.11.2-12;-16.39417044;-71.52570808;-1940649.658;2839587.526;B
1.11.2-12;-16.3932627;-71.52683195;-1940528.864;2839471.934;B
1.11.2-12;-16.39330379;-71.52771864;-1940522.519;2839370.853;B
1.11.2-12;-16.39383354;-71.52711554;-1940592.348;2839432.327;B
1.11.2-13; ; ;-1.516416327;20763369.87;B
1.11.2-13;-16.39413146;-71.52564443;-1940645.882;2839595.253;B
1.11.2-13;-16.39315819;-71.52493493;-1940540.489;2839688.411;B
1.11.2-13;-16.39276887;-71.52540252;-1940488.864;2839640.47;B
1.11.2-13;-16.3927872;-71.52538034;-1940491.297;2839642.746;B
1.11.2-13;-16.39301641;-71.52574958;-1940513.57;2839597.884;B
1.11.2-13;-16.39311746;-71.52594285;-1940523.005;2839574.65;B
1.11.2-13;-16.39316979;-71.5261431;-1940526.63;2839551.259;B
1.11.2-13;-16.39321414;-71.52632322;-1940529.569;2839530.256;B
1.11.2-13;-16.39326614;-71.52671467;-1940530.745;2839485.188;B
1.11.2-14; ; ;-1.516416327;20763369.87;B
1.11.2-14;-16.3943311;-71.5254041;-1940672.362;2839619.898;B
1.11.2-14;-16.39381698;-71.52478432;-1940619.778;2839696.89;B
1.11.2-14;-16.39326026;-71.5241787;-1940562.01;2839772.832;B
1.11.2-14;-16.39283397;-71.52460291;-1940506.587;2839730.293;B
1.11.2-14;-16.39349156;-71.52510468;-1940577.513;2839664.811;B
1.11.2-14;-16.39416225;-71.52564368;-1940649.507;2839594.935;B
1.11.2-15; ; ;-1.516416327;20763369.87;B
1.11.2-15;-16.39493194;-71.52477276;-1940750.899;2839683.645;B
1.11.2-15;-16.39500097;-71.52472607;-1940759.597;2839688.038;B
1.11.2-15;-16.39520536;-71.52434794;-1940788.373;2839728.247;B
1.11.2-15;-16.39445865;-71.52385047;-1940706.924;2839794.406;B
1.11.2-15;-16.39420794;-71.5240915;-1940674.435;2839770.348;B
1.11.2-15;-16.39370875;-71.52458696;-1940609.55;2839720.682;B
1.11.2-15;-16.3940553;-71.52498257;-1940645.275;2839671.298;B
1.11.2-15;-16.39436198;-71.52537667;-1940676.335;2839622.606;B
1.11.2-15;-16.39488465;-71.52473321;-1940745.843;2839688.747;B
1.11.2-16; ; ;-1.516416327;20763369.87;B
1.11.2-16;-16.39395362;-71.52345661;-1940652.561;2839845.662;B
1.11.2-16;-16.3933576;-71.52422292;-1940572.887;2839766.547;B
1.11.2-16;-16.39363525;-71.52454559;-1940601.437;2839726.333;B
1.11.2-16;-16.39438649;-71.52379415;-1940699.157;2839801.736;B
1.11.2-17; ; ;-1.516416327;20763369.87;B
1.11.2-17;-16.39475636;-71.52398461;-1940740.206;2839775.309;B
1.11.2-17;-16.39522059;-71.52431371;-1940790.593;2839731.93;B
1.11.2-17;-16.39531383;-71.52417058;-1940803.35;2839746.943;B
1.11.2-17;-16.3953755;-71.52405174;-1940812.092;2839759.613;B
1.11.2-17;-16.39469753;-71.52359097;-1940738.256;2839820.715;B
1.11.2-17;-16.39413646;-71.52321321;-1940677.106;2839870.875;B
1.11.2-17;-16.3940138;-71.52339715;-1940660.379;2839851.619;B
1.11.2-18; ; ;-1.516416327;20763369.87;B
1.11.2-18;-16.39338602;-71.52274793;-1940594.814;2839933.434;B
1.11.2-18;-16.3928111;-71.52351657;-1940517.589;2839853.779;B
1.11.2-18;-16.39326688;-71.52409272;-1940563.871;2839782.495;B
1.11.2-18;-16.39399665;-71.52312407;-1940661.806;2839882.809;B
1.11.2-19; ; ;-1.516416327;20763369.87;B
1.11.2-19;-16.39324228;-71.52411235;-1940560.734;2839780.59;B
1.11.2-19;-16.39275637;-71.52352645;-1940511.036;2839853.373;B
1.11.2-19;-16.39224583;-71.52416257;-1940443.045;2839787.904;B
1.11.2-19;-16.39278628;-71.52457097;-1940501.388;2839734.538;B
1.11.2-20; ; ;-1.516416327;20763369.87;B
1.11.2-20;-16.39312056;-71.52489342;-1940536.592;2839693.609;B
1.11.2-20;-16.39221054;-71.52419014;-1940438.552;2839785.238;B
1.11.2-20;-16.39199634;-71.52446362;-1940409.943;2839757.022;B
1.11.2-20;-16.39276821;-71.52531778;-1940489.854;2839650.088;B
1.11.3-1; ; ;-1.516416327;20763369.87;B
1.11.3-1;-16.40154262;-71.51815599;-1941610.895;2840347.61;B
1.11.3-1;-16.40202825;-71.51746196;-1941676.697;2840419.963;B
1.11.3-1;-16.40120375;-71.51685113;-1941587.543;2840500.001;B
1.11.3-1;-16.40069842;-71.51756798;-1941519.138;2840425.316;B
1.11.3-2; ; ;-1.516416327;20763369.87;B
1.11.3-2;-16.39959463;-71.51561478;-1941414.101;2840661.222;B
1.11.3-2;-16.39958088;-71.51609589;-1941406.418;2840606.846;B
1.11.3-2;-16.39975898;-71.51612251;-1941427.005;2840601.5;B
1.11.3-2;-16.39993573;-71.51616348;-1941447.252;2840594.545;B
1.11.3-2;-16.3999221;-71.51622552;-1941444.869;2840587.688;B
1.11.3-2;-16.39959929;-71.51613491;-1941408.088;2840602.18;B
1.11.3-2;-16.3995514;-71.51670752;-1941395.241;2840537.874;B
1.11.3-2;-16.40058174;-71.51744861;-1941506.936;2840440.377;B
1.11.3-2;-16.40109922;-71.51675832;-1941576.434;2840511.891;B
1.11.3-3; ; ;-1.516416327;20763369.87;B
1.11.3-3;-16.40048889;-71.51759516;-1941494.18;2840424.972;B
1.11.3-3;-16.39955109;-71.51691192;-1941392.628;2840514.7;B
1.11.3-3;-16.39948791;-71.51772014;-1941375.013;2840423.877;B
1.11.3-3;-16.39959627;-71.5177642;-1941387.187;2840417.465;B
1.11.3-3;-16.39959603;-71.51785991;-1941385.953;2840406.616;B
1.11.3-3;-16.39948606;-71.51783139;-1941373.394;2840411.286;B
1.11.3-3;-16.39940219;-71.5184356;-1941355.921;2840343.867;B
1.11.3-3;-16.3998266;-71.51863824;-1941403.224;2840315.344;B
1.11.3-4; ; ;-1.516416327;20763369.87;B
1.11.3-4;-16.40090102;-71.51915085;-1941522.978;2840243.182;B
1.11.3-4;-16.40147204;-71.51829816;-1941600.811;2840332.411;B
1.11.3-4;-16.40061728;-71.51767395;-1941508.27;2840414.36;B
1.11.3-4;-16.39994376;-71.5186891;-1941416.346;2840308.047;B
1.11.3-5; ; ;-1.516416327;20763369.87;B
1.11.3-5;-16.40018606;-71.52028076;-1941424.74;2840124.397;B
1.11.3-5;-16.4004806;-71.51982765;-1941465.054;2840171.929;B
1.11.3-5;-16.40033138;-71.51970686;-1941449.048;2840187.575;B
1.11.3-5;-16.40027814;-71.5197593;-1941442.133;2840182.324;B
1.11.3-5;-16.40022482;-71.51970935;-1941436.499;2840188.684;B
1.11.3-5;-16.40025;-71.51966853;-1941439.971;2840192.985;B
1.11.3-5;-16.40020234;-71.51962454;-1941434.927;2840198.595;B
1.11.3-5;-16.40022473;-71.51961001;-1941437.74;2840199.95;B
1.11.3-5;-16.40050588;-71.51980138;-1941468.355;2840174.578;B
1.11.3-5;-16.40083816;-71.51925762;-1941514.246;2840231.895;B
1.11.3-5;-16.40023283;-71.51893721;-1941447.176;2840276.136;B
1.11.3-5;-16.40001791;-71.5192776;-1941417.636;2840240.345;B
1.11.3-5;-16.40012947;-71.51934164;-1941429.934;2840231.626;B
1.11.3-5;-16.40010994;-71.51936781;-1941427.309;2840228.914;B
1.11.3-5;-16.39998449;-71.5192863;-1941413.6;2840239.795;B
1.11.3-5;-16.40020763;-71.51892862;-1941444.324;2840277.439;B
1.11.3-5;-16.39936405;-71.51854923;-1941350.008;2840331.481;B
1.11.3-5;-16.39926221;-71.51917629;-1941330.138;2840261.705;B
1.11.3-5;-16.39949636;-71.51931211;-1941355.931;2840243.245;B
1.11.3-5;-16.39952142;-71.51927161;-1941359.387;2840247.51;B
1.11.3-5;-16.3996098;-71.51930349;-1941369.367;2840242.741;B
1.11.3-5;-16.39963202;-71.51926586;-1941372.451;2840246.717;B
1.11.3-5;-16.39966244;-71.51928035;-1941375.842;2840244.677;B
1.11.3-5;-16.39968464;-71.5192514;-1941378.816;2840247.67;B
1.11.3-5;-16.39974;-71.51928908;-1941384.844;2840242.674;B
1.11.3-5;-16.39952377;-71.51936426;-1941358.495;2840236.973;B
1.11.3-5;-16.39925374;-71.51919937;-1941328.851;2840259.199;B
1.11.3-5;-16.39915738;-71.5197653;-1941310.396;2840196.284;B
1.11.3-6; ; ;-1.516416327;20763369.87;B
1.11.3-6;-16.39938841;-71.52155207;-1941315.008;2839990.657;B
1.11.3-6;-16.39993651;-71.52067326;-1941390.476;2840083.15;B
1.11.3-6;-16.39973163;-71.52052763;-1941368.244;2840102.339;B
1.11.3-6;-16.39975119;-71.52050434;-1941370.835;2840104.724;B
1.11.3-6;-16.39996465;-71.52065568;-1941394.004;2840084.775;B
1.11.3-6;-16.4001356;-71.52038683;-1941417.476;2840113.028;B
1.11.3-6;-16.39949693;-71.52005176;-1941346.673;2840159.366;B
1.11.3-6;-16.39912971;-71.51984717;-1941306.113;2840187.361;B
1.11.3-6;-16.39889047;-71.52121537;-1941260.759;2840035.34;B
1.11.3-7; ; ;-1.516416327;20763369.87;B
1.11.3-7;-16.39883551;-71.52246317;-1941238.572;2839894.566;B
1.11.3-7;-16.39933945;-71.52161344;-1941308.484;2839984.338;B
1.11.3-7;-16.39909921;-71.52145155;-1941282.302;2840005.833;B
1.11.3-7;-16.39887759;-71.52132193;-1941257.902;2840023.425;B
1.11.3-7;-16.39881026;-71.52169548;-1941245.283;2839981.947;B
1.11.3-7;-16.39871009;-71.52199093;-1941229.792;2839949.754;B
1.11.3-7;-16.3985643;-71.52228798;-1941208.92;2839917.973;B
1.11.3-8; ; ;-1.516416327;20763369.87;B
1.11.3-8;-16.39867351;-71.52182254;-1941227.617;2839969.325;B
1.11.3-8;-16.39882343;-71.52137593;-1941250.859;2840018.01;B
1.11.3-8;-16.39867699;-71.52131566;-1941234.416;2840026.757;B
1.11.3-8;-16.39847478;-71.52164667;-1941206.488;2839991.863;B
1.11.3-8;-16.39828231;-71.52190062;-1941180.678;2839965.581;B
1.11.3-8;-16.39799846;-71.5222947;-1941142.365;2839924.602;B
1.11.3-8;-16.39778384;-71.52262264;-1941113.019;2839890.218;B
1.11.3-8;-16.39742743;-71.52309002;-1941065.259;2839841.874;B
1.11.3-8;-16.39765522;-71.52337105;-1941088.476;2839807.033;B
1.11.3-8;-16.39826327;-71.52262003;-1941169.372;2839884.252;B
1.11.3-9; ; ;-1.516416327;20763369.87;B
1.11.3-9;-16.39863202;-71.52298185;-1941208.128;2839838.409;B
1.11.3-9;-16.3988527;-71.52255323;-1941239.455;2839884.13;B
1.11.3-9;-16.39851622;-71.52233838;-1941202.637;2839912.887;B
1.11.3-9;-16.39837631;-71.52258298;-1941183.118;2839886.978;B
1.11.3-9;-16.39822794;-71.52277574;-1941163.259;2839867.058;B
1.11.3-9;-16.39796776;-71.52308513;-1941128.795;2839835.373;B
1.11.3-9;-16.39773057;-71.52341812;-1941096.734;2839800.712;B
1.11.3-9;-16.39805939;-71.52385896;-1941129.804;2839746.429;B
1.11.3-9;-16.39840173;-71.52337161;-1941176.163;2839797.221;B
1.11.3-10; ; ;-1.516416327;20763369.87;B
1.11.3-10;-16.39723973;-71.52512878;-1941017.512;2839613.145;B
1.11.3-10;-16.39765428;-71.52445268;-1941074.732;2839684.396;B
1.11.3-10;-16.39798837;-71.52399817;-1941119.707;2839731.572;B
1.11.3-10;-16.39765108;-71.52353186;-1941085.962;2839788.852;B
1.11.3-10;-16.39736202;-71.52398824;-1941046.253;2839740.877;B
1.11.3-10;-16.39730015;-71.52409042;-1941037.697;2839730.098;B
1.11.3-10;-16.39726628;-71.52416923;-1941032.725;2839721.603;B
1.11.3-10;-16.39724345;-71.52428316;-1941028.608;2839708.982;B
1.11.3-10;-16.39722619;-71.52439731;-1941025.142;2839696.263;B
1.11.3-10;-16.39719505;-71.52450292;-1941020.152;2839684.695;B
1.11.3-10;-16.39695208;-71.52494785;-1940986.002;2839637.416;B
1.11.3-11; ; ;-1.516416327;20763369.87;B
1.11.3-11;-16.39690448;-71.52492494;-1940980.7;2839640.635;B
1.11.3-11;-16.39715741;-71.52447909;-1941016.031;2839687.889;B
1.11.3-11;-16.3969942;-71.524341;-1940998.598;2839705.679;B
1.11.3-11;-16.39692971;-71.52435256;-1940990.877;2839705.21;B
1.11.3-11;-16.39687651;-71.52439919;-1940984.039;2839700.617;B
1.11.3-11;-16.39680106;-71.52436104;-1940975.657;2839705.928;B
1.11.3-11;-16.39683179;-71.52434068;-1940979.524;2839707.835;B
1.11.3-11;-16.39686533;-71.52436119;-1940983.205;2839705.072;B
1.11.3-11;-16.39696052;-71.52427663;-1940995.454;2839713.417;B
1.11.3-11;-16.39716302;-71.52446149;-1941016.912;2839689.811;B
1.11.3-11;-16.3971935;-71.52426215;-1941023.004;2839712.017;B
1.11.3-11;-16.39725197;-71.52408096;-1941032.157;2839731.799;B
1.11.3-11;-16.39736104;-71.52388249;-1941047.471;2839752.88;B
1.11.3-11;-16.39761009;-71.52349442;-1941081.619;2839793.632;B
1.11.3-11;-16.39731875;-71.52317812;-1941051.382;2839833.303;B
1.11.3-11;-16.39619622;-71.52445555;-1940903.414;2839703.108;B
1.11.3-12; ; ;-1.516416327;20763369.87;B
1.11.3-12;-16.39730057;-71.52314406;-1941049.676;2839837.403;B
1.11.3-12;-16.39708591;-71.52283729;-1941028.325;2839874.992;B
1.11.3-12;-16.39687878;-71.52310525;-1941000.616;2839847.311;B
1.11.3-12;-16.39685174;-71.52308536;-1940997.69;2839849.92;B
1.11.3-12;-16.39706256;-71.52280162;-1941026.031;2839879.341;B
1.11.3-12;-16.39660811;-71.52224927;-1940979.609;2839947.91;B
1.11.3-12;-16.39548935;-71.52395626;-1940826.669;2839768.954;B
1.11.3-12;-16.3961704;-71.52441045;-1940900.95;2839708.559;B
1.11.3-13; ; ;-1.516416327;20763369.87;B
1.11.3-13;-16.3960576;-71.52296;-1940905.98;2839874.504;B
1.11.3-13;-16.39654723;-71.52219341;-1940973.161;2839955.039;B
1.11.3-13;-16.39607188;-71.52152909;-1940925.694;2840036.576;B
1.11.3-13;-16.39547672;-71.52247292;-1940843.881;2839937.322;B
1.11.3-14; ; ;-1.516416327;20763369.87;B
1.11.3-14;-16.39543804;-71.52391688;-1940821.139;2839774.09;B
1.11.3-14;-16.39597866;-71.52308248;-1940895.163;2839861.647;B
1.11.3-14;-16.3953915;-71.52259661;-1940832.311;2839924.409;B
1.11.3-14;-16.39482206;-71.52350224;-1940754.003;2839829.149;B
1.11.3-15; ; ;-1.516416327;20763369.87;B
1.11.3-15;-16.39475495;-71.52346005;-1940746.651;2839834.81;B
1.11.3-15;-16.39533539;-71.52252618;-1940826.607;2839933.128;B
1.11.3-15;-16.39491105;-71.52218286;-1940781.086;2839977.6;B
1.11.3-15;-16.39422341;-71.52309005;-1940688.873;2839883.706;B
1.11.3-16; ; ;-1.516416327;20763369.87;B
1.11.3-16;-16.39571166;-71.52111556;-1940888.59;2840088.173;B
1.11.3-16;-16.39500482;-71.52205328;-1940793.735;2839991.07;B
1.11.3-16;-16.39540287;-71.52239656;-1940836.168;2839946.945;B
1.11.3-16;-16.39601102;-71.52148912;-1940919.048;2840041.904;B
1.11.3-17; ; ;-1.516416327;20763369.87;B
1.11.3-17;-16.39490579;-71.52191916;-1940783.792;2840007.572;B
1.11.3-17;-16.39560881;-71.52099612;-1940878.013;2840103.06;B
1.11.3-17;-16.39518247;-71.52044913;-1940834.823;2840170.654;B
1.11.3-17;-16.39439577;-71.52147812;-1940729.436;2840064.243;B
1.11.3-18; ; ;-1.516416327;20763369.87;B
1.11.3-18;-16.39569382;-71.52087882;-1940889.479;2840115.252;B
1.11.3-18;-16.39632218;-71.52006295;-1940973.579;2840199.563;B
1.11.3-18;-16.39578565;-71.51970081;-1940915.115;2840247.635;B
1.11.3-18;-16.39526758;-71.52036617;-1940845.868;2840178.951;B
1.11.3-19; ; ;-1.516416327;20763369.87;B
1.11.3-19;-16.39725729;-71.52106525;-1941070.795;2840073.693;B
1.11.3-19;-16.39693377;-71.52083113;-1941035.742;2840104.466;B
1.11.3-19;-16.39696414;-71.52077362;-1941040.034;2840110.591;B
1.11.3-19;-16.3970866;-71.52086735;-1941053.239;2840098.364;B
1.11.3-19;-16.39706442;-71.52089908;-1941050.233;2840095.055;B
1.11.3-19;-16.39727112;-71.52104793;-1941072.638;2840075.477;B
1.11.3-19;-16.39744306;-71.5207908;-1941096.078;2840102.389;B
1.11.3-19;-16.3964425;-71.52015064;-1940986.608;2840188.047;B
1.11.3-19;-16.39618475;-71.52049784;-1940951.953;2840152.042;B
1.11.3-19;-16.39638445;-71.52068934;-1940972.997;2840127.719;B
1.11.3-19;-16.39637354;-71.52069797;-1940971.608;2840126.883;B
1.11.3-19;-16.39617394;-71.52050925;-1940950.538;2840150.89;B
1.11.3-19;-16.3958041;-71.52102225;-1940900.625;2840097.547;B
1.11.3-19;-16.39626118;-71.52157272;-1940947.382;2840029.157;B
1.11.3-19;-16.39641659;-71.52136483;-1940968.259;2840050.701;B
1.11.3-19;-16.39615827;-71.52114822;-1940940.643;2840078.638;B
1.11.3-19;-16.39617991;-71.521114;-1940943.617;2840082.235;B
1.11.3-19;-16.39643575;-71.52133338;-1940970.906;2840054.017;B
1.11.3-19;-16.39650154;-71.52124179;-1940979.789;2840063.545;B
1.11.3-19;-16.39619616;-71.52101146;-1940946.818;2840093.65;B
1.11.3-19;-16.39622332;-71.52098002;-1940950.405;2840096.861;B
1.11.3-19;-16.39630203;-71.52104507;-1940958.831;2840088.456;B
1.11.3-19;-16.3963429;-71.52098493;-1940964.391;2840094.743;B
1.11.3-19;-16.39636469;-71.52099618;-1940966.809;2840093.183;B
1.11.3-19;-16.3963238;-71.52104782;-1940961.355;2840087.861;B
1.11.3-19;-16.39664733;-71.52130772;-1940996.084;2840054.165;B
1.11.3-19;-16.39662803;-71.52133641;-1940993.456;2840051.163;B
1.11.3-19;-16.39653724;-71.52125896;-1940983.766;2840061.132;B
1.11.3-19;-16.39627748;-71.5215928;-1940949.043;2840026.668;B
1.11.3-19;-16.39662277;-71.52204389;-1940983.919;2839971.007;B
1.11.3-19;-16.39688823;-71.52170278;-1941019.403;2840006.22;B
1.11.3-20; ; ;-1.516416327;20763369.87;B
1.11.3-20;-16.39737802;-71.52304869;-1941059.976;2839847.206;B
1.11.3-20;-16.39759617;-71.5227888;-1941088.878;2839873.827;B
1.11.3-20;-16.39713014;-71.52239636;-1941039.079;2839924.414;B
1.11.3-20;-16.39725644;-71.52224134;-1941055.87;2839940.342;B
1.11.3-20;-16.39686005;-71.52191389;-1941013.433;2839982.65;B
1.11.3-20;-16.39667627;-71.52217092;-1940988.603;2839955.904;B
1.11.3-21; ; ;-1.516416327;20763369.87;B
1.11.3-21;-16.39832763;-71.52176014;-1941187.772;2839980.918;B
1.11.3-21;-16.39865666;-71.52119554;-1941233.543;2840040.643;B
1.11.3-21;-16.39765628;-71.52067484;-1941122.588;2840112.753;B
1.11.3-21;-16.39687851;-71.5218937;-1941015.856;2839984.699;B
1.11.3-21;-16.39732748;-71.52225064;-1941064.098;2839938.36;B
1.11.3-21;-16.3972102;-71.52242171;-1941048.164;2839920.493;B
1.11.3-21;-16.3976118;-71.52274751;-1941091.235;2839878.305;B
1.11.3-21;-16.39803605;-71.52212906;-1941148.869;2839942.893;B
1.11.3-22; ; ;-1.516416327;20763369.87;B
1.11.3-22;-16.39834412;-71.52094951;-1941199.929;2840072.624;B
1.11.3-22;-16.39871749;-71.52110207;-1941241.867;2840050.448;B
1.11.3-22;-16.39889462;-71.52033566;-1941272.337;2840135.041;B
1.11.3-22;-16.39898016;-71.5198166;-1941288.93;2840192.782;B
1.11.3-22;-16.39831703;-71.51951798;-1941214.795;2840235.305;B
1.11.3-22;-16.39771301;-71.5206012;-1941130.181;2840120.362;B
1.11.3-23; ; ;-1.516416327;20763369.87;B
1.11.3-23;-16.39750969;-71.52072225;-1941104.77;2840109.291;B
1.11.3-23;-16.39766059;-71.52046426;-1941125.749;2840136.576;B
1.11.3-23;-16.39783058;-71.52012959;-1941149.938;2840172.306;B
1.11.3-23;-16.39807043;-71.51967;-1941183.909;2840221.288;B
1.11.3-23;-16.39817848;-71.51946865;-1941199.14;2840242.708;B
1.11.3-23;-16.39775366;-71.51925536;-1941151.924;2840272.444;B
1.11.3-23;-16.39763536;-71.51950573;-1941134.87;2840245.598;B
1.11.3-23;-16.39737427;-71.51990594;-1941099.153;2840203.626;B
1.11.3-23;-16.3970548;-71.52040677;-1941055.31;2840151.007;B
1.11.3-24; ; ;-1.516416327;20763369.87;B
1.11.3-24;-16.39702558;-71.52039242;-1941052.058;2840153.015;B
1.11.3-24;-16.39736497;-71.51984085;-1941098.881;2840211.128;B
1.11.3-24;-16.39753978;-71.51956607;-1941122.881;2840240.004;B
1.11.3-24;-16.39763631;-71.51940373;-1941136.268;2840257.152;B
1.11.3-24;-16.39771597;-71.51924788;-1941147.591;2840273.784;B
1.11.3-24;-16.39749426;-71.51911991;-1941123.158;2840291.192;B
1.11.3-24;-16.39727465;-71.51903135;-1941098.477;2840304.102;B
1.11.3-24;-16.39651185;-71.52004425;-1940996.097;2840199.206;B
1.11.3-25; ; ;-1.516416327;20763369.87;B
1.11.3-25;-16.39639888;-71.51997993;-1940983.637;2840207.975;B
1.11.3-25;-16.39673368;-71.51950291;-1941028.981;2840257.695;B
1.11.3-25;-16.39714492;-71.51896345;-1941084.092;2840313.496;B
1.11.3-25;-16.39661478;-71.51862045;-1941026.138;2840359.315;B
1.11.3-25;-16.3958582;-71.51960764;-1940924.812;2840257.253;B
1.11.3-26; ; ;-1.516416327;20763369.87;B
1.11.3-26;-16.39721805;-71.51886702;-1941093.898;2840323.476;B
1.11.3-26;-16.39792951;-71.51793486;-1941189.231;2840419.886;B
1.11.3-26;-16.39729071;-71.51766413;-1941117.601;2840458.931;B
1.11.3-26;-16.39670773;-71.51850795;-1941038.476;2840370.858;B
1.11.3-27; ; ;-1.516416327;20763369.87;B
1.11.3-27;-16.39799317;-71.51784477;-1941197.846;2840429.271;B
1.11.3-27;-16.39855727;-71.51709914;-1941273.516;2840506.454;B
1.11.3-27;-16.39870758;-71.51679552;-1941295.003;2840538.919;B
1.11.3-27;-16.39883637;-71.51644976;-1941314.492;2840576.445;B
1.11.3-27;-16.39835295;-71.51612573;-1941261.788;2840619.504;B
1.11.3-27;-16.39735029;-71.51756145;-1941125.895;2840469.795;B
1.11.3-28; ; ;-1.516416327;20763369.87;B
1.11.3-28;-16.39882547;-71.5169256;-1941307.211;2840522.629;B
1.11.3-28;-16.3987767;-71.51690697;-1941301.718;2840525.378;B
1.11.3-28;-16.39866905;-71.51714491;-1941286.071;2840499.803;B
1.11.3-28;-16.39810366;-71.5179067;-1941210.044;2840420.805;B
1.11.3-28;-16.39854525;-71.51809231;-1941259.581;2840393.989;B
1.11.3-29; ; ;-1.516416327;20763369.87;B
1.11.3-29;-16.39821893;-71.51937758;-1941205.04;2840252.508;B
1.11.3-29;-16.39838901;-71.51872307;-1941233.273;2840324.504;B
1.11.3-29;-16.39851641;-71.51819772;-1941254.863;2840382.413;B
1.11.3-29;-16.39804243;-71.51799757;-1941201.706;2840411.301;B
1.11.3-29;-16.39733522;-71.51894099;-1941106.73;2840313.558;B
1.11.3-29;-16.39756702;-71.51905637;-1941132.507;2840297.447;B
1.11.3-29;-16.39771723;-71.5188222;-1941153.106;2840322.038;B
1.11.3-29;-16.39773044;-71.51883616;-1941154.481;2840320.282;B
1.11.3-29;-16.39759081;-71.51907329;-1941135.088;2840295.216;B
1.11.3-30; ; ;-1.516416327;20763369.87;B
1.11.3-30;-16.39920987;-71.51849449;-1941332.585;2840339.701;B
1.11.3-30;-16.39865657;-71.51825807;-1941270.568;2840373.738;B
1.11.3-30;-16.39836362;-71.51945579;-1941221.052;2840241.749;B
1.11.3-30;-16.39899033;-71.51971437;-1941291.414;2840204.241;B
1.11.3-31; ; ;-1.516416327;20763369.87;B
1.11.3-31;-16.39922356;-71.51836569;-1941335.818;2840354.128;B
1.11.3-31;-16.39931406;-71.51780895;-1941353.47;2840416.077;B
1.11.3-31;-16.39935703;-71.5171917;-1941366.302;2840485.509;B
1.11.3-31;-16.39938093;-71.51681911;-1941373.808;2840527.447;B
1.11.3-31;-16.3989825;-71.51654649;-1941330.44;2840563.568;B
1.11.3-31;-16.39868526;-71.5181507;-1941275.292;2840385.538;B
1.11.3-32; ; ;-1.516416327;20763369.87;B
1.11.3-32;-16.39938509;-71.51660282;-1941377.024;2840551.919;B
1.11.3-32;-16.39939876;-71.51552952;-1941392.166;2840673.45;B
1.11.3-32;-16.39942013;-71.51502338;-1941401.06;2840730.565;B
1.11.3-32;-16.39945123;-71.51444232;-1941412.042;2840796.049;B
1.11.3-32;-16.39922879;-71.51441208;-1941386.292;2840802.385;B
1.11.3-32;-16.39914084;-71.51503157;-1941368.147;2840733.286;B
1.11.3-32;-16.39895912;-71.51630191;-1941330.778;2840591.607;B
1.11.5-2; ; ;-1.516416327;20763369.87;B
1.11.5-2;-16.40099384;-71.51376879;-1941601.76;2840852.268;B
1.11.5-2;-16.40077173;-71.51352965;-1941578.683;2840882.289;B
1.11.5-2;-16.40042198;-71.51312286;-1941542.727;2840932.988;B
1.11.5-2;-16.40011498;-71.51274804;-1941511.388;2840979.505;B
1.11.5-2;-16.39974858;-71.51231197;-1941473.846;2841033.742;B
1.11.5-2;-16.39968178;-71.51354766;-1941450.411;2840894.49;B
1.11.5-3; ; ;-1.516416327;20763369.87;B
1.11.5-3;-16.40082364;-71.51444887;-1941573.187;2840777.374;B
1.11.5-3;-16.4011572;-71.51458653;-1941610.637;2840757.405;B
1.11.5-3;-16.40142574;-71.51422838;-1941646.702;2840794.509;B
1.11.5-3;-16.40115456;-71.51388355;-1941619.194;2840837.155;B
1.11.5-3;-16.39968515;-71.51362363;-1941449.849;2840885.831;B
1.11.5-3;-16.39966087;-71.51422355;-1941439.43;2840818.119;B
1.11.5-4; ; ;-1.516416327;20763369.87;B
1.11.5-4;-16.39994501;-71.51552349;-1941456.413;2840666.996;B
1.11.5-4;-16.40031343;-71.51584012;-1941495.701;2840626.278;B
1.11.5-4;-16.400647;-71.51532949;-1941541.329;2840679.823;B
1.11.5-4;-16.40001547;-71.51500552;-1941471.225;2840724.812;B
1.11.5-4;-16.40004313;-71.51493725;-1941475.335;2840732.192;B
1.11.5-4;-16.40039823;-71.5151163;-1941514.793;2840707.248;B
1.11.5-4;-16.40068439;-71.51527384;-1941546.424;2840685.645;B
1.11.5-4;-16.4011042;-71.51467889;-1941603.246;2840747.624;B
1.11.5-4;-16.4007709;-71.51454957;-1941565.721;2840766.644;B
1.11.5-4;-16.39966255;-71.51428449;-1941438.859;2840811.186;B
1.11.5-4;-16.39961887;-71.51523966;-1941421.68;2840703.443;B
1.11.5-5; ; ;-1.516416327;20763369.87;B
1.11.5-5;-16.40187664;-71.51475869;-1941692.983;2840728.481;B
1.11.5-5;-16.40153483;-71.51434915;-1941657.994;2840779.388;B
1.11.5-5;-16.40146635;-71.51433493;-1941650.128;2840781.895;B
1.11.5-5;-16.40038291;-71.51587283;-1941503.451;2840621.661;B
1.11.5-5;-16.40125879;-71.51655327;-1941597.765;2840533.058;B
1.11.5-5;-16.40220346;-71.51524205;-1941725.28;2840669.4;B
1.11.5-7; ; ;-1.516416327;20763369.87;B
1.11.5-7;-16.40211758;-71.51556234;-1941711.152;2840634.202;B
1.11.5-7;-16.40135264;-71.51667088;-1941607.307;2840518.495;B
1.11.5-7;-16.40213238;-71.51726936;-1941691.359;2840440.443;B
1.11.5-7;-16.40276117;-71.51634634;-1941776.87;2840536.891;B
1.11.6-5; ; ;-1.516416327;20763369.87;B
1.11.6-5;-16.39743728;-71.51208768;-1941205.143;2841089.379;B
1.11.6-5;-16.39746344;-71.51191297;-1941210.42;2841108.85;B
1.11.6-5;-16.39738219;-71.51189391;-1941201.115;2841112.073;B
1.11.6-5;-16.39738658;-71.51185021;-1941202.183;2841116.971;B
1.11.6-5;-16.39625227;-71.51171603;-1941070.615;2841147.008;B
1.11.6-5;-16.39624487;-71.51192841;-1941067.068;2841123.021;B
1.11.6-5;-16.39593447;-71.51189065;-1941031.077;2841131.358;B
1.11.6-5;-16.39595837;-71.51167356;-1941036.624;2841155.664;B
1.11.6-5;-16.39554779;-71.51163208;-1940988.912;2841165.733;B
1.11.6-5;-16.39552843;-71.5118655;-1940983.694;2841139.516;B
1.11.7-1; ; ;-1.516416327;20763369.87;B
1.11.7-1;-16.3994743;-71.51433737;-1941416.076;2840807.649;B
1.11.7-1;-16.39953187;-71.51346351;-1941433.861;2840905.991;B
1.11.7-1;-16.39954304;-71.51292286;-1941441.993;2840967.154;B
1.11.7-1;-16.39955456;-71.51263169;-1941447.019;2841000.022;B
1.11.7-1;-16.3995949;-71.51227124;-1941456.305;2841040.369;B
1.11.7-1;-16.39959476;-71.51208037;-1941458.696;2841062.015;B
1.11.7-1;-16.39947388;-71.512079;-1941444.513;2841063.75;B
1.11.7-1;-16.39937347;-71.5126915;-1941424.99;2840995.606;B
1.11.7-1;-16.39926977;-71.51330116;-1941405.117;2840927.826;B
1.11.7-1;-16.39918664;-71.51392702;-1941387.457;2840857.941;B
1.11.7-1;-16.39914752;-71.51429438;-1941378.228;2840816.794;B
1.11.7-2; ; ;-1.516416327;20763369.87;B
1.11.7-2;-16.39889728;-71.51625404;-1941324.116;2840597.843;B
1.11.7-2;-16.39901688;-71.51541644;-1941348.73;2840691.262;B
1.11.7-2;-16.3990462;-71.51517289;-1941355.246;2840718.497;B
1.11.7-2;-16.39849474;-71.51595328;-1941280.62;2840637.208;B
1.11.7-3; ; ;-1.516416327;20763369.87;B
1.11.7-3;-16.39885054;-71.51516758;-1941332.327;2840721.655;B
1.11.7-3;-16.39897598;-71.51499983;-1941349.179;2840739.039;B
1.11.7-3;-16.39866484;-71.51476013;-1941315.65;2840770.286;B
1.11.7-3;-16.3985492;-71.51493928;-1941299.805;2840751.481;B
1.11.7-4; ; ;-1.516416327;20763369.87;B
1.11.7-4;-16.39835214;-71.51472395;-1941279.371;2840778.474;B
1.11.7-4;-16.39540692;-71.51256217;-1940960.632;2841062.099;B
1.11.7-4;-16.3943635;-71.51414182;-1940818.132;2840896.596;B
1.11.7-4;-16.397272;-71.51629693;-1941132.642;2840614.212;B
1.11.8-1; ; ;-1.516416327;20763369.87;B
1.11.8-1;-16.3972292;-71.51749469;-1941112.512;2840478.948;B
1.11.8-1;-16.39768012;-71.51682118;-1941173.977;2840549.432;B
1.11.8-1;-16.39731655;-71.51656872;-1941134.448;2840582.81;B
1.11.8-1;-16.39685549;-71.51723045;-1941071.941;2840513.793;B
1.11.8-2; ; ;-1.516416327;20763369.87;B
1.11.8-2;-16.39665172;-71.51708811;-1941049.798;2840532.597;B
1.11.8-2;-16.39700114;-71.51658253;-1941097.221;2840585.364;B
1.11.8-2;-16.39683644;-71.51646391;-1941079.368;2840600.967;B
1.11.8-2;-16.39648965;-71.51697734;-1941032.155;2840547.274;B
1.11.8-3; ; ;-1.516416327;20763369.87;B
1.11.8-3;-16.3970644;-71.51653904;-1941105.201;2840589.469;B
1.11.8-3;-16.39718712;-71.51634669;-1941122.044;2840609.679;B
1.11.8-3;-16.39669807;-71.5159846;-1941069.158;2840657.127;B
1.11.8-3;-16.3965731;-71.51617844;-1941052.032;2840636.779;B
1.11.8-4; ; ;-1.516416327;20763369.87;B
1.11.8-4;-16.396557;-71.51675239;-1941042.904;2840571.904;B
1.11.8-4;-16.39629381;-71.51657507;-1941014.22;2840595.45;B
1.11.8-4;-16.39617436;-71.51675964;-1940997.86;2840576.08;B
1.11.8-4;-16.39642923;-71.51693796;-1941025.553;2840552.53;B
1.11.8-5; ; ;-1.516416327;20763369.87;B
1.11.8-5;-16.39609332;-71.5166963;-1940989.139;2840584.321;B
1.11.8-5;-16.39661988;-71.51593683;-1941060.573;2840663.566;B
1.11.8-5;-16.39643418;-71.51580019;-1941040.481;2840681.487;B
1.11.8-5;-16.39591291;-71.51656684;-1940969.577;2840601.358;B
1.11.8-9; ; ;-1.516416327;20763369.87;B
1.11.8-9;-16.39495242;-71.51587912;-1940865.412;2840691.892;B
1.11.8-9;-16.3954839;-71.51510688;-1940937.586;2840772.521;B
1.11.8-9;-16.39520871;-71.51490599;-1940907.79;2840798.896;B
1.11.8-9;-16.39468379;-71.51567957;-1940836.37;2840718.029;B
1.11.8-10; ; ;-1.516416327;20763369.87;B
1.11.8-10;-16.39479113;-71.51529958;-1940853.772;2840759.718;B
1.11.8-10;-16.39441725;-71.51502754;-1940813.278;2840795.451;B
1.11.8-10;-16.39421116;-71.51535951;-1940784.882;2840760.497;B
1.11.8-10;-16.39458379;-71.51561856;-1940825.391;2840726.253;B
1.11.8-11; ; ;-1.516416327;20763369.87;B
1.11.8-11;-16.39413254;-71.51530298;-1940776.359;2840767.935;B
1.11.8-11;-16.39465236;-71.51450935;-1940847.433;2840851.143;B
1.11.8-11;-16.39436666;-71.51429172;-1940816.614;2840879.555;B
1.11.8-11;-16.39381483;-71.51508558;-1940741.776;2840796.739;B
1.11.9-1; ; ;-1.516416327;20763369.87;B
1.11.9-1;-16.39660121;-71.51844264;-1941026.786;2840379.656;B
1.11.9-1;-16.39699781;-71.51787412;-1941080.545;2840438.944;B
1.11.9-1;-16.39717958;-71.51760418;-1941105.302;2840467.18;B
1.11.9-1;-16.3967605;-71.51730707;-1941059.816;2840506.347;B
1.11.9-1;-16.39616534;-71.51806811;-1940980.303;2840427.82;B
1.11.9-2; ; ;-1.516416327;20763369.87;B
1.11.9-2;-16.3960823;-71.5179967;-1940971.449;2840437.002;B
1.11.9-2;-16.39667835;-71.51725905;-1941050.771;2840512.865;B
1.11.9-2;-16.3962003;-71.51692629;-1940998.806;2840556.843;B
1.11.9-2;-16.39563383;-71.51762546;-1940923.444;2840484.957;B
1.11.9-3; ; ;-1.516416327;20763369.87;B
1.11.9-3;-16.39556616;-71.51756645;-1940916.239;2840492.533;B
1.11.9-3;-16.39609782;-71.51686591;-1940987.529;2840565.029;B
1.11.9-3;-16.39563795;-71.51652974;-1940937.743;2840609.157;B
1.11.9-3;-16.39512858;-71.51719538;-1940869.512;2840540.327;B
1.11.9-4; ; ;-1.516416327;20763369.87;B
1.11.9-4;-16.39504881;-71.51712716;-1940861.001;2840549.105;B
1.11.9-4;-16.3955573;-71.51648155;-1940928.876;2840615.675;B
1.11.9-4;-16.39508599;-71.51613931;-1940877.823;2840660.641;B
1.11.9-4;-16.3946012;-71.51676078;-1940813.036;2840596.499;B
1.11.9-5; ; ;-1.516416327;20763369.87;B
1.11.9-5;-16.39443972;-71.51568641;-1940807.61;2840720.441;B
1.11.9-5;-16.39402489;-71.51626365;-1940751.599;2840660.4;B
1.11.9-5;-16.39452319;-71.51668392;-1940804.841;2840606.233;B
1.11.9-5;-16.39500319;-71.51607113;-1940868.956;2840669.454;B
1.11.9-6; ; ;-1.516416327;20763369.87;B
1.11.9-6;-16.39394685;-71.51619921;-1940743.244;2840668.727;B
1.11.9-6;-16.39419329;-71.51584169;-1940776.704;2840706.052;B
1.11.9-6;-16.39435068;-71.51562511;-1940797.923;2840728.556;B
1.11.9-6;-16.39409685;-71.51545913;-1940770.197;2840750.693;B
1.11.9-6;-16.39402492;-71.51556099;-1940760.462;2840740.082;B
1.11.9-6;-16.39401333;-71.51554914;-1940759.25;2840741.577;B
1.11.9-6;-16.39408289;-71.5154473;-1940768.706;2840752.217;B
1.11.9-6;-16.3937721;-71.51520659;-1940735.23;2840783.574;B
1.11.9-6;-16.3934448;-71.51576494;-1940689.739;2840724.531;B
1.11.9-6;-16.39370973;-71.51599334;-1940717.984;2840695.17;B
1.11.9-6;-16.39378773;-71.51588086;-1940728.565;2840706.907;B
1.11.9-6;-16.39379919;-71.51589282;-1940729.76;2840705.401;B
1.11.9-6;-16.39371886;-71.51600534;-1940718.904;2840693.69;B
1.11.9-7; ; ;-1.516416327;20763369.87;B
1.11.9-7;-16.39334639;-71.51570044;-1940678.991;2840733.131;B
1.11.9-7;-16.39368027;-71.51514963;-1940725.159;2840791.233;B
1.11.9-7;-16.39324255;-71.51483565;-1940677.695;2840832.555;B
1.11.9-7;-16.39292183;-71.51533507;-1940633.722;2840780.11;B
1.11.9-8; ; ;-1.516416327;20763369.87;B
1.11.9-8;-16.39262389;-71.51686948;-1940579.376;2840609.996;B
1.11.9-8;-16.39329644;-71.51577563;-1940672.176;2840725.256;B
1.11.9-8;-16.39285521;-71.51543549;-1940624.629;2840769.592;B
1.11.9-8;-16.39215745;-71.51646516;-1940529.677;2840661.938;B
1.11.9-9; ; ;-1.516416327;20763369.87;B
1.11.9-9;-16.39314487;-71.51730441;-1940635.096;2840553.871;B
1.11.9-9;-16.39386337;-71.51628247;-1940732.388;2840660.376;B
1.11.9-9;-16.39336889;-71.51585849;-1940679.642;2840714.913;B
1.11.9-9;-16.39271478;-71.51693561;-1940589.22;2840601.31;B
1.11.9-10; ; ;-1.516416327;20763369.87;B
1.11.9-10;-16.39367659;-71.51777738;-1940691.599;2840493.292;B
1.11.9-10;-16.39445666;-71.5167621;-1940796.038;2840598.237;B
1.11.9-10;-16.39395709;-71.51635003;-1940742.546;2840651.491;B
1.11.9-10;-16.39320443;-71.51736563;-1940641.321;2840546.151;B
1.11.9-11; ; ;-1.516416327;20763369.87;B
1.11.9-11;-16.39418078;-71.51820942;-1940745.383;2840437.714;B
1.11.9-11;-16.39497779;-71.5171984;-1940851.759;2840541.955;B
1.11.9-11;-16.39454129;-71.51683955;-1940805.005;2840588.349;B
1.11.9-11;-16.39375426;-71.51781697;-1940700.225;2840487.788;B
1.11.9-12; ; ;-1.516416327;20763369.87;B
1.11.9-12;-16.39506164;-71.51726808;-1940860.731;2840532.958;B
1.11.9-12;-16.39426805;-71.51827617;-1940754.794;2840429.005;B
1.11.9-12;-16.39469287;-71.51867067;-1940799.727;2840378.722;B
1.11.9-12;-16.39549116;-71.51765318;-1940906.335;2840483.678;B
1.11.9-13; ; ;-1.516416327;20763369.87;B
1.11.9-13;-16.39522039;-71.51910101;-1940856.273;2840323.033;B
1.11.9-13;-16.39600668;-71.51808819;-1940961.412;2840427.615;B
1.11.9-13;-16.39557145;-71.51771337;-1940915.008;2840475.804;B
1.11.9-13;-16.39478382;-71.51870863;-1940809.933;2840373.23;B
1.11.9-14; ; ;-1.516416327;20763369.87;B
1.11.9-14;-16.39572639;-71.51951826;-1940910.455;2840269.11;B
1.11.9-14;-16.39651805;-71.51851717;-1941016.077;2840372.291;B
1.11.9-14;-16.39608571;-71.51815477;-1940969.856;2840419.033;B
1.11.9-14;-16.39529469;-71.51914368;-1940864.463;2840317.223;B
1.11.9-15; ; ;-1.516416327;20763369.87;B
1.11.9-15;-16.39517963;-71.52022158;-1940837.359;2840196.496;B
1.11.9-15;-16.39565543;-71.51961365;-1940900.917;2840259.219;B
1.11.9-15;-16.39522047;-71.51924688;-1940854.444;2840306.49;B
1.11.9-15;-16.39475455;-71.51985851;-1940791.999;2840243.217;B
1.11.9-16; ; ;-1.516416327;20763369.87;B
1.11.9-16;-16.39466828;-71.51978518;-1940782.789;2840252.659;B
1.11.9-16;-16.39514128;-71.51918062;-1940845.975;2840315.038;B
1.11.9-16;-16.3947163;-71.5188127;-1940800.689;2840362.31;B
1.11.9-16;-16.39423782;-71.51940556;-1940737.006;2840301.329;B
1.11.9-17; ; ;-1.516416327;20763369.87;B
1.11.9-17;-16.39415721;-71.51934499;-1940728.299;2840309.25;B
1.11.9-17;-16.39462491;-71.51874946;-1940790.75;2840370.675;B
1.11.9-17;-16.39419606;-71.51838047;-1940745.022;2840418.118;B
1.11.9-17;-16.39370802;-71.51897395;-1940680.208;2840357.191;B
1.11.9-18; ; ;-1.516416327;20763369.87;B
1.11.9-18;-16.39363844;-71.51890285;-1940672.929;2840366.163;B
1.11.9-18;-16.39412396;-71.51829523;-1940737.627;2840428.725;B
1.11.9-18;-16.3936748;-71.51792472;-1940689.532;2840476.607;B
1.11.9-18;-16.39319232;-71.51853191;-1940625.197;2840414.053;B
1.11.9-19; ; ;-1.516416327;20763369.87;B
1.11.9-19;-16.39311384;-71.5184722;-1940616.73;2840421.848;B
1.11.9-19;-16.39360914;-71.517844;-1940682.835;2840486.619;B
1.11.9-19;-16.39313189;-71.51745693;-1940631.649;2840536.745;B
1.11.9-19;-16.39265734;-71.51807285;-1940568.136;2840473.096;B
1.11.9-20; ; ;-1.516416327;20763369.87;B
1.11.9-20;-16.392583;-71.5180081;-1940560.219;2840481.41;B
1.11.9-20;-16.39305859;-71.5173908;-1940623.871;2840545.201;B
1.11.9-20;-16.39264646;-71.5170338;-1940579.956;2840591.067;B
1.11.9-20;-16.39223166;-71.51771339;-1940522.659;2840519.418;B
1.11.9-21; ; ;-1.516416327;20763369.87;B
1.11.9-21;-16.39215364;-71.51764002;-1940514.419;2840528.757;B
1.11.9-21;-16.39256964;-71.51695944;-1940571.869;2840600.503;B
1.11.9-21;-16.39208981;-71.51656576;-1940520.462;2840651.413;B
1.11.9-21;-16.39166793;-71.5172314;-1940462.51;2840581.438;B
1.11.9-22; ; ;-1.516416327;20763369.87;B
1.11.9-22;-16.39106397;-71.51865907;-1940373.563;2840427.425;B
1.11.9-22;-16.39186947;-71.51759961;-1940481.545;2840537.051;B
1.11.9-22;-16.39139309;-71.5171948;-1940430.684;2840589.177;B
1.11.9-22;-16.3906298;-71.51829008;-1940327.209;2840474.937;B
1.11.9-23; ; ;-1.516416327;20763369.87;B
1.11.9-23;-16.39167726;-71.51916844;-1940439.19;2840361.653;B
1.11.9-23;-16.39248738;-71.51812508;-1940547.511;2840469.392;B
1.11.9-23;-16.39195016;-71.5176838;-1940489.963;2840526.449;B
1.11.9-23;-16.39115164;-71.51870705;-1940383.258;2840420.839;B
1.11.9-24; ; ;-1.516416327;20763369.87;B
1.11.9-24;-16.39220399;-71.51960976;-1940495.506;2840304.731;B
1.11.9-24;-16.39303245;-71.51858021;-1940605.808;2840410.663;B
1.11.9-24;-16.39256342;-71.51819667;-1940555.542;2840460.282;B
1.11.9-24;-16.39174849;-71.51922321;-1940446.868;2840354.512;B
1.11.9-25; ; ;-1.516416327;20763369.87;B
1.11.9-25;-16.39273276;-71.52004953;-1940552.081;2840247.956;B
1.11.9-25;-16.39354265;-71.51901719;-1940660.236;2840354.448;B
1.11.9-25;-16.39309595;-71.51865223;-1940612.359;2840401.667;B
1.11.9-25;-16.39229161;-71.51967226;-1940505.011;2840296.498;B
1.11.9-26; ; ;-1.516416327;20763369.87;B
1.11.9-26;-16.39326127;-71.52048596;-1940608.666;2840191.565;B
1.11.9-26;-16.39407381;-71.519477;-1940716.837;2840295.369;B
1.11.9-26;-16.3936172;-71.51909217;-1940668.049;2840344.971;B
1.11.9-26;-16.39280795;-71.52009743;-1940560.31;2840241.543;B
1.11.9-27; ; ;-1.516416327;20763369.87;B
1.11.9-27;-16.39377426;-71.52092735;-1940663.367;2840134.814;B
1.11.9-27;-16.39457172;-71.5199175;-1940769.778;2840238.915;B
1.11.9-27;-16.39413385;-71.51954116;-1940723.082;2840287.31;B
1.11.9-27;-16.39333564;-71.52053402;-1940616.797;2840185.144;B
1.11.9-28; ; ;-1.516416327;20763369.87;B
1.11.9-28;-16.39426154;-71.52134581;-1940715.335;2840080.999;B
1.11.9-28;-16.39507313;-71.52032075;-1940823.598;2840186.64;B
1.11.9-28;-16.39465082;-71.51998224;-1940778.254;2840230.541;B
1.11.9-28;-16.39386295;-71.52098078;-1940673.112;2840127.597;B
1.11.9-29; ; ;-1.516416327;20763369.87;B
1.11.9-29;-16.39337026;-71.52250484;-1940596.026;2839961.206;B
1.11.9-29;-16.39418358;-71.5214859;-1940704.411;2840066.132;B
1.11.9-29;-16.39373705;-71.52112183;-1940656.544;2840113.246;B
1.11.9-29;-16.39294044;-71.52213119;-1940550.243;2840009.188;B
1.11.9-30; ; ;-1.516416327;20763369.87;B
1.11.9-30;-16.39286118;-71.52206622;-1940541.75;2840017.59;B
1.11.9-30;-16.39366497;-71.52105475;-1940648.922;2840121.794;B
1.11.9-30;-16.3932196;-71.52068439;-1940601.271;2840169.608;B
1.11.9-30;-16.39242383;-71.52168548;-1940495.171;2840066.476;B
1.11.9-31; ; ;-1.516416327;20763369.87;B
1.11.9-31;-16.39235533;-71.52160535;-1940488.134;2840076.456;B
1.11.9-31;-16.39315912;-71.52061467;-1940595.044;2840178.303;B
1.11.9-31;-16.3927003;-71.52023219;-1940545.966;2840227.667;B
1.11.9-31;-16.391922;-71.52124742;-1940441.739;2840122.702;B
1.11.9-32; ; ;-1.516416327;20763369.87;B
1.11.9-32;-16.39183932;-71.52117186;-1940432.978;2840132.35;B
1.11.9-32;-16.39263317;-71.52015753;-1940539.021;2840237.01;B
1.11.9-32;-16.39218532;-71.51979062;-1940491.033;2840284.465;B
1.11.9-32;-16.39140601;-71.52078525;-1940386.948;2840181.849;B
1.11.9-33; ; ;-1.516416327;20763369.87;B
1.11.9-33;-16.3913098;-71.52071812;-1940376.492;2840190.717;B
1.11.9-33;-16.39211373;-71.51971609;-1940483.563;2840293.851;B
1.11.9-33;-16.39165911;-71.51935286;-1940434.734;2840340.977;B
1.11.9-33;-16.39088098;-71.52034385;-1940330.833;2840238.758;B
1.11.9-34; ; ;-1.516416327;20763369.87;B
1.11.9-34;-16.3907966;-71.52029274;-1940321.564;2840245.655;B
1.11.9-34;-16.39159072;-71.51927808;-1940427.642;2840350.351;B
1.11.9-34;-16.39107613;-71.51883803;-1940372.737;2840406.971;B
1.11.9-34;-16.39033279;-71.51987562;-1940272.335;2840299.013;B
1.11.9-35; ; ;-1.516416327;20763369.87;B
1.11.9-35;-16.39084799;-71.51897063;-1940344.264;2840394.913;B
1.11.9-35;-16.39099031;-71.51876508;-1940363.573;2840416.364;B
1.11.9-35;-16.39055168;-71.5183984;-1940316.666;2840463.673;B
1.11.9-35;-16.39039389;-71.51861829;-1940295.358;2840440.798;B
1.11.9-36; ; ;-1.516416327;20763369.87;B
1.11.9-36;-16.39023687;-71.51981055;-1940261.886;2840307.644;B
1.11.9-36;-16.390809;-71.519016;-1940339.111;2840390.277;B
1.11.9-36;-16.39035519;-71.51867131;-1940290.143;2840435.291;B
1.11.9-36;-16.38981441;-71.51945258;-1940216.769;2840353.753;B
1.11.9-37; ; ;-1.516416327;20763369.87;B
1.11.9-37;-16.38957258;-71.52074527;-1940172.069;2840210.318;B
1.11.9-37;-16.39013416;-71.51995653;-1940247.981;2840292.43;B
1.11.9-37;-16.38972117;-71.51960165;-1940203.936;2840338.066;B
1.11.9-37;-16.38918078;-71.520403;-1940130.355;2840254.246;B
1.11.9-38; ; ;-1.516416327;20763369.87;B
1.11.9-38;-16.39010103;-71.52118242;-1940228.64;2840153.847;B
1.11.9-38;-16.39043804;-71.52075186;-1940273.656;2840198.273;B
1.11.9-38;-16.39069947;-71.52040835;-1940308.697;2840233.814;B
1.11.9-38;-16.39022813;-71.52002602;-1940258.144;2840283.324;B
1.11.9-38;-16.38967184;-71.52080368;-1940182.994;2840202.398;B
1.11.9-39; ; ;-1.516416327;20763369.87;B
1.11.9-39;-16.39061281;-71.52162521;-1940283.182;2840096.953;B
1.11.9-39;-16.39122201;-71.52084478;-1940364.583;2840177.5;B
1.11.9-39;-16.39077749;-71.52048076;-1940316.949;2840224.583;B
1.11.9-39;-16.39018174;-71.52125678;-1940237.184;2840144.36;B
1.11.9-40; ; ;-1.516416327;20763369.87;B
1.11.9-40;-16.39111712;-71.52209572;-1940336.496;2840037.014;B
1.11.9-40;-16.3917287;-71.52129309;-1940418.456;2840120.047;B
1.11.9-40;-16.39129522;-71.52091709;-1940372.271;2840168.345;B
1.11.9-40;-16.39067577;-71.52169639;-1940289.681;2840088.059;B
1.11.9-41; ; ;-1.516416327;20763369.87;B
1.11.9-41;-16.39163076;-71.52254058;-1940391.23;2839979.862;B
1.11.9-41;-16.39225708;-71.52173949;-1940474.901;2840062.528;B
1.11.9-41;-16.39181832;-71.52136892;-1940428.028;2840110.278;B
1.11.9-41;-16.39119362;-71.52214152;-1940344.906;2840030.822;B
1.11.9-42; ; ;-1.516416327;20763369.87;B
1.11.9-42;-16.39214606;-71.52297711;-1940446.263;2839923.633;B
1.11.9-42;-16.392751;-71.52219462;-1940527.188;2840004.469;B
1.11.9-42;-16.39232695;-71.52182012;-1940482.093;2840052.473;B
1.11.9-42;-16.39170267;-71.52261215;-1940398.775;2839970.808;B
1.11.9-43; ; ;-1.516416327;20763369.87;B
1.11.9-43;-16.39266162;-71.52341395;-1940501.323;2839867.367;B
1.11.9-43;-16.3932651;-71.52263284;-1940582.059;2839948.064;B
1.11.9-43;-16.39283375;-71.52226752;-1940535.99;2839995.121;B
1.11.9-43;-16.39222427;-71.52303278;-1940454.749;2839916.3;B
1.11.9-44; ; ;-1.516416327;20763369.87;B
1.11.9-44;-16.39215343;-71.52406776;-1940433.385;2839799.86;B
1.11.9-44;-16.39227797;-71.52394366;-1940449.579;2839812.308;B
1.11.9-44;-16.39261987;-71.52347228;-1940495.683;2839861.297;B
1.11.9-44;-16.3921573;-71.52308864;-1940446.178;2839910.84;B
1.11.9-44;-16.39171432;-71.52369291;-1940386.525;2839848.1;B
1.11.9-45; ; ;-1.516416327;20763369.87;B
1.11.9-45;-16.3916048;-71.52364207;-1940374.3;2839855.294;B
1.11.9-45;-16.39209459;-71.52303385;-1940439.501;2839917.871;B
1.11.9-45;-16.39165139;-71.5226769;-1940391.935;2839964.134;B
1.11.9-45;-16.39117296;-71.5232685;-1940328.278;2839903.293;B
1.11.9-46; ; ;-1.516416327;20763369.87;B
1.11.9-46;-16.39125758;-71.52302199;-1940341.324;2839930.143;B
1.11.9-46;-16.39160172;-71.5225612;-1940387.559;2839977.903;B
1.11.9-46;-16.39114911;-71.52219772;-1940338.968;2840025.029;B
1.11.9-46;-16.39080618;-71.52263513;-1940293.171;2839979.905;B
1.11.9-47; ; ;-1.516416327;20763369.87;B
1.11.9-47;-16.39112816;-71.52319643;-1940323.922;2839912.052;B
1.11.9-47;-16.3912319;-71.52304267;-1940338.047;2839928.133;B
1.11.9-47;-16.39078768;-71.52265675;-1940290.726;2839977.695;B
1.11.9-47;-16.39064503;-71.52282798;-1940271.81;2839960.139;B
1.11.9-49; ; ;-1.516416327;20763369.87;B
1.11.9-49;-16.39071292;-71.52258603;-1940282.834;2839986.69;B
1.11.9-49;-16.39105704;-71.52214667;-1940328.796;2840032.021;B
1.11.9-49;-16.3906257;-71.52176571;-1940282.926;2840080.853;B
1.11.9-49;-16.39028048;-71.52222255;-1940236.614;2840033.553;B
1.11.9-50; ; ;-1.516416327;20763369.87;B
1.11.9-50;-16.39005111;-71.52233185;-1940208.292;2840024.153;B
1.11.9-50;-16.39055411;-71.52168907;-1940275.481;2840090.477;B
1.11.9-50;-16.39011587;-71.52131237;-1940228.745;2840138.916;B
1.11.9-50;-16.38961483;-71.5219301;-1940162.102;2840075.406;B
1.11.9-51; ; ;-1.516416327;20763369.87;B
1.11.9-51;-16.38955575;-71.52186061;-1940156.037;2840084.057;B
1.11.9-51;-16.39004234;-71.52124911;-1940220.905;2840147.05;B
1.11.9-51;-16.3896099;-71.52089133;-1940174.613;2840193.268;B
1.11.9-51;-16.38914562;-71.52148455;-1940112.596;2840132.056;B
1.11.9-52; ; ;-1.516416327;20763369.87;B
1.11.9-52;-16.38906048;-71.52142051;-1940103.401;2840140.43;B
1.11.9-52;-16.38953317;-71.52079156;-1940166.856;2840205.583;B
1.11.9-52;-16.3891392;-71.52047966;-1940124.504;2840246.096;B
1.11.9-52;-16.38869884;-71.52110517;-1940064.891;2840180.911;B
1.11.10-1; ; ;-1.516416327;20763369.87;B
1.11.10-1;-16.3914816;-71.52488434;-1940344.175;2839716.033;B
1.11.10-1;-16.39208985;-71.52410829;-1940425.406;2839796.094;B
1.11.10-1;-16.39164883;-71.52374415;-1940378.186;2839843.144;B
1.11.10-1;-16.39106587;-71.52452788;-1940299.828;2839761.881;B
1.11.10-2; ; ;-1.516416327;20763369.87;B
1.11.10-2;-16.39097985;-71.52445617;-1940290.627;2839771.135;B
1.11.10-2;-16.39155661;-71.52371807;-1940367.681;2839847.305;B
1.11.10-2;-16.39111189;-71.52335984;-1940319.953;2839893.733;B
1.11.10-2;-16.39053416;-71.52407549;-1940243.068;2839820.121;B
1.11.10-3; ; ;-1.516416327;20763369.87;B
1.11.10-3;-16.39085767;-71.52474921;-1940272.582;2839739.499;B
1.11.10-3;-16.39099453;-71.52456128;-1940291.028;2839759.024;B
1.11.10-3;-16.39067011;-71.52429103;-1940256.322;2839793.905;B
1.11.10-3;-16.39053206;-71.52448435;-1940237.67;2839773.785;B
1.11.10-4; ; ;-1.516416327;20763369.87;B
1.11.10-4;-16.39131366;-71.52514749;-1940321.13;2839688.385;B
1.11.10-4;-16.39146168;-71.52495427;-1940340.953;2839708.363;B
1.11.10-4;-16.39105476;-71.52462082;-1940297.353;2839751.487;B
1.11.10-4;-16.39091713;-71.52479282;-1940279.018;2839733.778;B
1.11.10-5; ; ;-1.516416327;20763369.87;B
1.11.10-5;-16.39090883;-71.52566892;-1940267.005;2839634.54;B
1.11.10-5;-16.3912883;-71.52517865;-1940317.758;2839685.182;B
1.11.10-5;-16.39050453;-71.52451191;-1940234.088;2839771.018;B
1.11.10-5;-16.39019727;-71.52500478;-1940191.784;2839719.138;B
1.11.10-6; ; ;-1.516416327;20763369.87;B
1.11.10-6;-16.39034245;-71.52630926;-1940192.403;2839569.319;B
1.11.10-6;-16.39041681;-71.52625432;-1940201.831;2839574.578;B
1.11.10-6;-16.39063534;-71.52599404;-1940230.781;2839601.242;B
1.11.10-6;-16.39085856;-71.52570387;-1940260.659;2839631.233;B
1.11.10-6;-16.39056532;-71.52541591;-1940229.84;2839667.714;B
1.11.10-6;-16.39015319;-71.52502361;-1940186.368;2839717.578;B
1.11.10-6;-16.39006155;-71.52497497;-1940176.216;2839724.29;B
1.11.10-6;-16.38999656;-71.52488956;-1940169.658;2839734.823;B
1.11.10-6;-16.39001863;-71.52546512;-1940164.999;2839669.268;B
1.11.10-6;-16.39003692;-71.52582075;-1940162.667;2839628.703;B
1.11.10-6;-16.39005876;-71.52608702;-1940161.878;2839598.222;B
1.11.10-6;-16.39009848;-71.52626882;-1940164.254;2839577.088;B
1.11.10-6;-16.39013067;-71.52634115;-1940167.124;2839568.466;B
1.11.10-6;-16.39017039;-71.52638583;-1940171.228;2839562.881;B
1.11.10-6;-16.39021059;-71.52637049;-1940176.142;2839564.096;B
1.11.10-7; ; ;-1.516416327;20763369.87;B
1.11.10-7;-16.39032835;-71.52470573;-1940210.949;2839751.339;B
1.11.10-7;-16.39062639;-71.52424057;-1940251.822;2839800.197;B
1.11.10-7;-16.38996099;-71.52371412;-1940180.289;2839868.581;B
1.11.10-7;-16.38944983;-71.52325634;-1940126.008;2839927.165;B
1.11.10-7;-16.38934756;-71.52333866;-1940112.957;2839919.164;B
1.11.10-7;-16.38958875;-71.52374667;-1940136.15;2839869.748;B
1.11.10-7;-16.38982499;-71.52412377;-1940159.151;2839823.902;B
1.11.10-7;-16.390109;-71.52458346;-1940186.722;2839768.067;B
1.11.10-7;-16.39001759;-71.52472514;-1940174.199;2839753.194;B
1.11.10-7;-16.39017063;-71.52496546;-1940189.15;2839723.945;B
1.11.10-8; ; ;-1.516416327;20763369.87;B
1.11.10-8;-16.39044771;-71.52402301;-1940233.573;2839827.201;B
1.11.10-8;-16.39102949;-71.52329501;-1940311.089;2839902.161;B
1.11.10-8;-16.39057933;-71.52293023;-1940262.804;2839949.402;B
1.11.10-8;-16.39002814;-71.52363958;-1940189.116;2839876.157;B
1.11.10-9; ; ;-1.516416327;20763369.87;B
1.11.10-9;-16.38994307;-71.52358119;-1940179.858;2839883.889;B
1.11.10-9;-16.39050456;-71.52286576;-1940254.833;2839957.688;B
1.11.10-9;-16.39005451;-71.52248281;-1940206.789;2840006.99;B
1.11.10-9;-16.38951486;-71.52319497;-1940134.42;2839933.275;B
1.11.10-10; ; ;-1.516416327;20763369.87;B
1.11.10-10;-16.38942531;-71.52313948;-1940124.6;2839940.736;B
1.11.10-10;-16.38998483;-71.52241147;-1940199.503;2840015.988;B
1.11.10-10;-16.38953693;-71.52203544;-1940151.624;2840064.477;B
1.11.10-10;-16.38895999;-71.52276095;-1940074.706;2839989.735;B
1.11.10-11; ; ;-1.516416327;20763369.87;B
1.11.10-11;-16.38829901;-71.52240792;-1940001.506;2840038.396;B
1.11.10-11;-16.38862555;-71.52306405;-1940031.6;2839959.729;B
1.11.10-11;-16.38887609;-71.52322128;-1940059.05;2839938.628;B
1.11.10-11;-16.3892605;-71.52331065;-1940103.083;2839923.477;B
1.11.10-11;-16.38940188;-71.52316456;-1940121.532;2839938.198;B
1.11.10-11;-16.38846745;-71.52251026;-1940020.004;2840024.592;B
1.11.10-12; ; ;-1.516416327;20763369.87;B
1.11.10-12;-16.38845828;-71.52248462;-1940019.25;2840027.62;B
1.11.10-12;-16.38855722;-71.52252382;-1940030.379;2840021.882;B
1.11.10-12;-16.38885382;-71.522738;-1940062.524;2839993.723;B
1.11.10-12;-16.38948126;-71.52194578;-1940146.213;2840075.372;B
1.11.10-12;-16.3890744;-71.52157702;-1940103.064;2840122.5;B
1.11.10-12;-16.3887203;-71.52200642;-1940056.056;2840078.427;B
1.11.10-12;-16.38837764;-71.52241799;-1940010.617;2840036.228;B
1.11.10-13; ; ;-1.516416327;20763369.87;B
1.11.10-13;-16.38899418;-71.5215259;-1940094.284;2840129.344;B
1.11.10-13;-16.38860742;-71.52116376;-1940053.413;2840175.46;B
1.11.10-13;-16.38827326;-71.52158196;-1940008.888;2840132.397;B
1.11.10-13;-16.38831728;-71.52185547;-1940010.613;2840100.806;B
1.11.10-13;-16.38823172;-71.52194064;-1939999.488;2840092.264;B
1.11.10-13;-16.38839064;-71.52232731;-1940013.286;2840046.341;B
1.11.10-14; ; ;-1.516416327;20763369.87;B
1.11.10-14;-16.38825121;-71.52152424;-1940007.025;2840139.23;B
1.11.10-14;-16.38856413;-71.52114851;-1940048.52;2840177.754;B
1.11.10-14;-16.38826819;-71.52084463;-1940017.583;2840216.078;B
1.11.10-14;-16.38792248;-71.52050921;-1939981.197;2840258.627;B
1.11.10-14;-16.38739954;-71.52007819;-1939925.195;2840314.333;B
1.11.10-14;-16.38732471;-71.52001118;-1939917.248;2840322.908;B
1.11.10-14;-16.38703672;-71.51976732;-1939886.49;2840354.322;B
1.11.10-14;-16.38684566;-71.51960315;-1939866.113;2840375.433;B
1.11.10-14;-16.38675657;-71.51952526;-1939856.628;2840385.429;B
1.11.10-14;-16.3866822;-71.51952111;-1939847.944;2840386.87;B
1.11.10-14;-16.38659811;-71.51953413;-1939837.901;2840386.491;B
1.11.10-14;-16.38654793;-71.51955654;-1939831.723;2840384.606;B
1.11.10-14;-16.386344;-71.51970748;-1939805.865;2840370.15;B
1.11.10-14;-16.38625313;-71.51978811;-1939794.174;2840362.192;B
1.11.10-14;-16.38636862;-71.51981132;-1939807.449;2840358.053;B
1.11.10-14;-16.38667183;-71.52025089;-1939837.531;2840304.246;B
1.11.10-14;-16.38684279;-71.52039207;-1939855.835;2840286.005;B
1.11.10-14;-16.38704428;-71.52048364;-1939878.351;2840272.99;B
1.11.10-14;-16.38728689;-71.52056241;-1939905.86;2840260.89;B
1.11.10-14;-16.38770438;-71.52070164;-1939953.151;2840239.652;B
1.11.10-14;-16.38778385;-71.52072842;-1939962.149;2840235.578;B
1.11.10-14;-16.3878212;-71.52069272;-1939966.986;2840239.139;B
1.11.10-14;-16.38788041;-71.52076716;-1939973.005;2840229.924;B
1.11.10-14;-16.38786864;-71.52081493;-1939971.019;2840224.661;B
1.11.10-14;-16.38798232;-71.52090175;-1939983.281;2840213.331;B
1.11.10-14;-16.38803693;-71.52084181;-1939990.451;2840219.416;B
1.11.10-14;-16.38812514;-71.52096181;-1939999.301;2840204.656;B
1.11.10-14;-16.38805888;-71.52107031;-1939990.151;2840193.217;B
1.11.10-14;-16.38818198;-71.52130397;-1940001.667;2840165.112;B
1.11.12-1; ; ;-1.516416327;20763369.87;B
1.11.12-1;-16.38762308;-71.51900558;-1939964.972;2840433.052;B
1.11.12-1;-16.38732162;-71.51875904;-1939932.663;2840464.945;B
1.11.12-1;-16.38679504;-71.51942494;-1939862.412;2840396.304;B
1.11.12-1;-16.3870966;-71.51967388;-1939894.702;2840364.137;B
1.11.12-2; ; ;-1.516416327;20763369.87;B
1.11.12-2;-16.38790708;-71.51860612;-1940003.369;2840474.645;B
1.11.12-2;-16.38762252;-71.51837097;-1939972.903;2840505.026;B
1.11.12-2;-16.38737239;-71.51870293;-1939939.335;2840470.646;B
1.11.12-2;-16.38766377;-71.51894903;-1939970.465;2840438.933;B
1.11.13-1; ; ;-1.516416327;20763369.87;B
1.11.13-1;-16.38863554;-71.52104224;-1940058.247;2840188.874;B
1.11.13-1;-16.38908244;-71.52040184;-1940118.817;2840255.661;B
1.11.13-1;-16.38839674;-71.51992683;-1940044.249;2840318.479;B
1.11.13-1;-16.3879853;-71.5204586;-1939989.215;2840263.547;B
1.11.13-2; ; ;-1.516416327;20763369.87;B
1.11.13-2;-16.38912655;-71.52032629;-1940124.951;2840263.653;B
1.11.13-2;-16.38938334;-71.5199187;-1940160.254;2840306.522;B
1.11.13-2;-16.38906685;-71.51969356;-1940125.911;2840336.185;B
1.11.13-2;-16.3888029;-71.52010352;-1940089.737;2840293.141;B
1.11.13-3; ; ;-1.516416327;20763369.87;B
1.11.13-3;-16.38874621;-71.52006037;-1940083.622;2840298.774;B
1.11.13-3;-16.38899746;-71.51964385;-1940118.386;2840342.728;B
1.11.13-3;-16.38868956;-71.51942765;-1940084.94;2840371.265;B
1.11.13-3;-16.38843447;-71.51983413;-1940049.85;2840328.499;B
1.11.13-4; ; ;-1.516416327;20763369.87;B
1.11.13-4;-16.38904646;-71.51959053;-1940124.815;2840348.135;B
1.11.13-4;-16.38931337;-71.51918148;-1940161.325;2840391.038;B
1.11.13-4;-16.38957943;-71.51877699;-1940197.678;2840433.434;B
1.11.13-4;-16.38926192;-71.5185602;-1940163.11;2840462.165;B
1.11.13-4;-16.38873165;-71.51936469;-1940090.678;2840377.855;B
1.11.13-5; ; ;-1.516416327;20763369.87;B
1.11.13-5;-16.38941334;-71.51985595;-1940164.569;2840313.247;B
1.11.13-5;-16.38999208;-71.51897077;-1940243.712;2840406.072;B
1.11.13-5;-16.38967767;-71.51875027;-1940209.556;2840435.181;B
1.11.13-5;-16.3891156;-71.51962924;-1940132.449;2840342.843;B
1.11.13-6; ; ;-1.516416327;20763369.87;B
1.11.13-6;-16.38865123;-71.51850446;-1940092.071;2840476.458;B
1.11.13-6;-16.38879218;-71.51832265;-1940110.92;2840495.236;B
1.11.13-6;-16.38927353;-71.51849487;-1940165.297;2840469.422;B
1.11.13-6;-16.38960371;-71.51871289;-1940201.338;2840440.386;B
1.11.13-6;-16.38969415;-71.51867756;-1940212.408;2840443.212;B
1.11.13-6;-16.39003387;-71.51890242;-1940249.483;2840413.277;B
1.11.13-6;-16.39011668;-71.51878378;-1940260.707;2840425.65;B
1.11.13-6;-16.38979575;-71.51859518;-1940225.382;2840451.228;B
1.11.13-6;-16.38950166;-71.51844779;-1940192.691;2840471.782;B
1.11.13-6;-16.38908814;-71.51829435;-1940146.046;2840494.581;B
1.11.13-6;-16.38889973;-71.5182259;-1940124.775;2840504.803;B
1.11.13-6;-16.38844147;-71.51810821;-1940072.423;2840524.133;B
1.11.13-6;-16.38832633;-71.5182571;-1940057.02;2840508.751;B
1.11.13-7; ; ;-1.516416327;20763369.87;B
1.11.13-7;-16.38836287;-71.51890123;-1940053.195;2840435.228;B
1.11.13-7;-16.3886117;-71.51857226;-1940086.573;2840469.286;B
1.11.13-7;-16.3882993;-71.51831427;-1940053.124;2840502.621;B
1.11.13-7;-16.38804449;-71.51863473;-1940019.151;2840469.606;B
1.11.13-8; ; ;-1.516416327;20763369.87;B
1.11.13-8;-16.38869169;-71.51928675;-1940086.965;2840387.216;B
1.11.13-8;-16.3891874;-71.51852234;-1940154.833;2840467.431;B
1.11.13-8;-16.38883947;-71.51840268;-1940115.468;2840485.543;B
1.11.13-8;-16.38836851;-71.5190039;-1940052.564;2840423.511;B
1.11.13-9; ; ;-1.516416327;20763369.87;B
1.11.13-9;-16.38819732;-71.52000902;-1940019.786;2840311.762;B
1.11.13-9;-16.38842687;-71.51970417;-1940050.595;2840343.337;B
1.11.13-9;-16.38770573;-71.51908545;-1939973.675;2840422.915;B
1.11.13-9;-16.38746866;-71.51938764;-1939942.016;2840391.74;B
1.11.13-10; ; ;-1.516416327;20763369.87;B
1.11.13-10;-16.38815127;-71.52006417;-1940013.682;2840306.11;B
1.11.13-10;-16.38743071;-71.51944471;-1939936.84;2840385.764;B
1.11.13-10;-16.38718843;-71.51975235;-1939904.501;2840354.039;B
1.11.13-10;-16.38790845;-71.52037248;-1939981.272;2840274.316;B
1.11.14-1; ; ;-1.516416327;20763369.87;B
1.11.14-1;-16.39283449;-71.5152626;-1940624.375;2840789.468;B
1.11.14-1;-16.39317957;-71.51478083;-1940670.988;2840839.595;B
1.11.14-1;-16.39272016;-71.51446515;-1940620.997;2840881.395;B
1.11.14-1;-16.39241694;-71.51490749;-1940579.799;2840835.192;B
1.11.14-2; ; ;-1.516416327;20763369.87;B
1.11.14-2;-16.39231315;-71.51482593;-1940568.633;2840845.797;B
1.11.14-2;-16.39262204;-71.51439904;-1940610.304;2840890.173;B
1.11.14-2;-16.39208516;-71.51402451;-1940551.953;2840939.658;B
1.11.14-2;-16.39182914;-71.51442469;-1940516.831;2840897.62;B
1.11.14-3; ; ;-1.516416327;20763369.87;B
1.11.14-3;-16.39095474;-71.51544448;-1940401.251;2840793.392;B
1.11.14-3;-16.39166867;-71.51442581;-1940497.965;2840899.589;B
1.11.14-3;-16.39114115;-71.51399724;-1940441.395;2840955.081;B
1.11.14-3;-16.39046666;-71.51501862;-1940349.28;2840848.061;B
1.11.14-4; ; ;-1.516416327;20763369.87;B
1.11.14-4;-16.39153313;-71.51593743;-1940462.986;2840729.937;B
1.11.14-4;-16.3922585;-71.51490808;-1940561.177;2840837.195;B
1.11.14-4;-16.39176077;-71.51452058;-1940507.59;2840887.639;B
1.11.14-4;-16.3910572;-71.51553681;-1940412.124;2840781.584;B
1.11.14-5; ; ;-1.516416327;20763369.87;B
1.11.14-5;-16.39206656;-71.51638163;-1940520.053;2840672.597;B
1.11.14-5;-16.39276837;-71.51534212;-1940615.604;2840781.314;B
1.11.14-5;-16.39235164;-71.51500245;-1940570.929;2840825.277;B
1.11.14-5;-16.39162487;-71.51600838;-1940472.868;2840720.693;B
1.11.14-6; ; ;-1.516416327;20763369.87;B
1.11.14-6;-16.39156784;-71.51714797;-1940451.804;2840592.205;B
1.11.14-6;-16.39201496;-71.5164872;-1940512.659;2840661.3;B
1.11.14-6;-16.39155779;-71.51610681;-1940463.747;2840710.406;B
1.11.14-6;-16.39108463;-71.51675785;-1940399.955;2840642.756;B
1.11.14-7; ; ;-1.516416327;20763369.87;B
1.11.14-7;-16.39100655;-71.51669151;-1940391.618;2840651.298;B
1.11.14-7;-16.39146318;-71.51602596;-1940453.652;2840720.81;B
1.11.14-7;-16.39099091;-71.5156452;-1940402.97;2840770.157;B
1.11.14-7;-16.39053732;-71.51627901;-1940341.693;2840704.204;B
1.11.14-8; ; ;-1.516416327;20763369.87;B
1.11.14-8;-16.39044641;-71.51620381;-1940331.962;2840713.92;B
1.11.14-8;-16.39089136;-71.5155366;-1940392.644;2840783.773;B
1.11.14-8;-16.39040872;-71.5151252;-1940341.131;2840836.731;B
1.11.14-8;-16.38996262;-71.51580744;-1940280.122;2840765.187;B
1.11.14-9; ; ;-1.516416327;20763369.87;B
1.11.14-9;-16.38987351;-71.51572887;-1940270.645;2840775.261;B
1.11.14-9;-16.39033654;-71.51505293;-1940333.562;2840845.868;B
1.11.14-9;-16.38988946;-71.51469058;-1940285.606;2840892.799;B
1.11.14-9;-16.38943252;-71.51536466;-1940223.429;2840822.323;B
1.11.14-11; ; ;-1.516416327;20763369.87;B
1.11.14-11;-16.38905482;-71.51698289;-1940158.66;2840643.74;B
1.11.14-11;-16.38979473;-71.51586376;-1940259.689;2840760.992;B
1.11.14-11;-16.38933867;-71.51548375;-1940210.902;2840810.042;B
1.11.14-11;-16.38861806;-71.51662313;-1940111.884;2840690.241;B
1.11.14-12; ; ;-1.516416327;20763369.87;B
1.11.14-12;-16.38959512;-71.51743898;-1940216.384;2840584.964;B
1.11.14-12;-16.39036409;-71.51632317;-1940320.786;2840701.459;B
1.11.14-12;-16.38987049;-71.51593286;-1940267.719;2840752.167;B
1.11.14-12;-16.3891432;-71.5170664;-1940167.99;2840633.116;B
1.11.14-13; ; ;-1.516416327;20763369.87;B
1.11.14-13;-16.39015945;-71.51790123;-1940276.855;2840525.175;B
1.11.14-13;-16.3909215;-71.51679289;-1940380.349;2840640.913;B
1.11.14-13;-16.39045108;-71.51641417;-1940329.858;2840690.003;B
1.11.14-13;-16.3896895;-71.51752043;-1940226.446;2840574.495;B
1.11.14-14; ; ;-1.516416327;20763369.87;B
1.11.14-14;-16.39051645;-71.51819795;-1940315.054;2840486.865;B
1.11.14-14;-16.39128632;-71.51708695;-1940419.5;2840602.801;B
1.11.14-14;-16.39101828;-71.51687781;-1940390.648;2840630.019;B
1.11.14-14;-16.39024032;-71.51796683;-1940285.528;2840516.68;B
1.11.14-15; ; ;-1.516416327;20763369.87;B
1.11.14-15;-16.39016692;-71.51871868;-1940267.429;2840432.376;B
1.11.14-15;-16.39044155;-71.5183012;-1940304.954;2840476.134;B
1.11.14-15;-16.39015966;-71.51807583;-1940274.679;2840505.372;B
1.11.14-15;-16.38984486;-71.51850641;-1940232.27;2840460.654;B
1.11.14-16; ; ;-1.516416327;20763369.87;B
1.11.14-16;-16.38976224;-71.51847215;-1940222.996;2840465.617;B
1.11.14-16;-16.39008116;-71.51801158;-1940266.266;2840513.683;B
1.11.14-16;-16.389619;-71.5176146;-1940216.976;2840564.735;B
1.11.14-16;-16.38918376;-71.51822778;-1940158.118;2840500.882;B
1.11.14-17; ; ;-1.516416327;20763369.87;B
1.11.14-17;-16.38909121;-71.51818737;-1940147.754;2840506.673;B
1.11.14-17;-16.38953353;-71.51752879;-1940208.017;2840575.583;B
1.11.14-17;-16.38905759;-71.51716799;-1940156.652;2840622.713;B
1.11.14-17;-16.38849163;-71.51802544;-1940079.358;2840532.864;B
1.11.14-17;-16.3888021;-71.51810969;-1940114.77;2840519.256;B
1.11.16-1; ; ;-1.516416327;20763369.87;B
1.11.16-1;-16.39172307;-71.51433686;-1940505.477;2840908.966;B
1.11.16-1;-16.39199087;-71.51394661;-1940541.859;2840949.724;B
1.11.16-1;-16.39086507;-71.5131655;-1940419.447;2841053.009;B
1.11.16-1;-16.3906774;-71.51346511;-1940393.623;2841021.483;B
1.11.16-2; ; ;-1.516416327;20763369.87;B
1.11.16-2;-16.3903882;-71.5149582;-1940340.825;2840855.937;B
1.11.16-2;-16.39106713;-71.51393193;-1940433.522;2840963.453;B
1.11.16-2;-16.39061897;-71.51355694;-1940385.6;2841011.832;B
1.11.16-2;-16.38994706;-71.51457371;-1940293.846;2840905.3;B
1.11.16-3; ; ;-1.516416327;20763369.87;B
1.11.16-3;-16.38986789;-71.51449167;-1940285.58;2840915.638;B
1.11.16-3;-16.3905382;-71.51349619;-1940376.877;2841019.776;B
1.11.16-3;-16.39008277;-71.51310897;-1940328.256;2841069.637;B
1.11.16-3;-16.38942643;-71.51413322;-1940238.237;2840962.053;B
1.11.16-4; ; ;-1.516416327;20763369.87;B
1.11.16-4;-16.38934815;-71.51528156;-1940214.564;2840832.848;B
1.11.16-4;-16.3898065;-71.51459806;-1940277.027;2840904.375;B
1.11.16-4;-16.38936669;-71.51423894;-1940229.885;2840950.844;B
1.11.16-4;-16.38891244;-71.514911;-1940168.049;2840880.561;B
1.11.16-6; ; ;-1.516416327;20763369.87;B
1.11.16-6;-16.38935212;-71.51406707;-1940230.34;2840970.525;B
1.11.16-6;-16.39002134;-71.51305458;-1940321.725;2841076.608;B
1.11.16-6;-16.38976424;-71.51282859;-1940294.369;2841105.594;B
1.11.16-6;-16.38903572;-71.51377628;-1940196.835;2841007.635;B
1.11.16-13; ; ;-1.516416327;20763369.87;B
1.11.16-13;-16.38741937;-71.51243682;-1940023.83;2841180.645;B
1.11.16-13;-16.3881958;-71.51144274;-1940127.578;2841283.243;B
1.11.16-13;-16.3867259;-71.51004023;-1939972.573;2841461.497;B
1.11.16-13;-16.38572347;-71.51094082;-1939843.451;2841372.452;B
1.11.61-1; ; ;-1.516416327;20763369.87;B
1.11.61-1;-16.39400077;-71.51398281;-1940777.524;2840919.366;B
1.11.61-1;-16.39343944;-71.5147941;-1940701.35;2840834.696;B
1.11.61-1;-16.39375298;-71.51504104;-1940735.071;2840802.597;B
1.11.61-1;-16.39431495;-71.51421466;-1940811.51;2840888.969;B
1.11.61-2; ; ;-1.516416327;20763369.87;B
1.11.61-2;-16.39392005;-71.51393914;-1940768.592;2840925.372;B
1.11.61-2;-16.39367545;-71.51376934;-1940741.997;2840947.823;B
1.11.61-2;-16.39337809;-71.51420584;-1940701.56;2840902.207;B
1.11.61-2;-16.39361974;-71.5143798;-1940727.755;2840879.323;B
1.11.61-3; ; ;-1.516416327;20763369.87;B
1.11.61-3;-16.39301249;-71.51404055;-1940660.694;2840925.727;B
1.11.61-3;-16.39281464;-71.51433288;-1940633.764;2840895.16;B
1.11.61-3;-16.39336319;-71.51473848;-1940693.094;2840841.999;B
1.11.61-3;-16.39357849;-71.51444646;-1940722.069;2840872.303;B
1.11.61-4; ; ;-1.516416327;20763369.87;B
1.11.61-4;-16.39335676;-71.51353092;-1940707.564;2840979.023;B
1.11.61-4;-16.39306474;-71.51395283;-1940667.938;2840934.992;B
1.11.61-4;-16.39330164;-71.5141431;-1940693.37;2840910.32;B
1.11.61-4;-16.39360779;-71.51371129;-1940734.781;2840955.289;B
1.11.61-5; ; ;-1.516416327;20763369.87;B
1.11.61-5;-16.39328113;-71.51348122;-1940699.306;2840985.647;B
1.11.61-5;-16.39274005;-71.51307258;-1940640.892;2841039.056;B
1.11.61-5;-16.39263624;-71.51324028;-1940626.582;2841021.394;B
1.11.61-5;-16.39284877;-71.51342192;-1940649.26;2840998.02;B
1.11.61-5;-16.39269278;-71.51366418;-1940627.88;2840972.584;B
1.11.61-5;-16.39286202;-71.51382688;-1940645.711;2840951.923;B
1.11.61-5;-16.3929907;-71.51390991;-1940659.781;2840940.827;B
1.11.61-6; ; ;-1.516416327;20763369.87;B
1.11.61-6;-16.39279078;-71.51389012;-1940636.544;2840945.682;B
1.11.61-6;-16.39275526;-71.51388159;-1940632.479;2840947.113;B
1.11.61-6;-16.39264063;-71.51386744;-1940619.19;2840950.215;B
1.11.61-6;-16.39255064;-71.51385612;-1940608.761;2840952.674;B
1.11.61-6;-16.39248528;-71.51382771;-1940601.441;2840956.75;B
1.11.61-6;-16.39241447;-71.51378791;-1940593.623;2840962.188;B
1.11.61-6;-16.39229477;-71.51372546;-1940580.349;2840970.834;B
1.11.61-6;-16.392169;-71.51389894;-1940563.386;2840952.804;B
1.11.61-6;-16.39274127;-71.51428695;-1940625.723;2840901.327;B
1.11.61-6;-16.39293846;-71.51399277;-1940652.599;2840932.112;B
1.11.61-7; ; ;-1.516416327;20763369.87;B
1.11.61-7;-16.39264428;-71.51300998;-1940630.43;2841047.406;B
1.11.61-7;-16.39225867;-71.51272766;-1940588.688;2841084.46;B
1.11.61-7;-16.39195681;-71.51317066;-1940547.641;2841038.165;B
1.11.61-7;-16.39198904;-71.51324367;-1940550.506;2841029.463;B
1.11.61-7;-16.3920751;-71.51338702;-1940558.81;2841012.083;B
1.11.61-7;-16.3921586;-71.51347988;-1940567.448;2841000.462;B
1.11.61-7;-16.39224489;-71.51356441;-1940576.519;2840989.748;B
1.11.61-8; ; ;-1.516416327;20763369.87;B
1.11.61-8;-16.39209013;-71.51354842;-1940558.54;2840993.584;B
1.11.61-8;-16.39200966;-71.51345045;-1940550.322;2841005.745;B
1.11.61-8;-16.39194535;-71.5133554;-1940543.965;2841017.364;B
1.11.61-8;-16.39188376;-71.51322134;-1940538.419;2841033.371;B
1.11.61-8;-16.39121798;-71.51272966;-1940466.403;2841097.826;B
1.11.61-8;-16.39101576;-71.51304075;-1940438.723;2841065.188;B
1.11.61-8;-16.39208508;-71.5138204;-1940554.517;2840962.805;B
1.11.61-8;-16.39219766;-71.51366067;-1940569.757;2840979.449;B
1.11.61-9; ; ;-1.516416327;20763369.87;B
1.11.61-9;-16.39189527;-71.51245943;-1940549.378;2841119.624;B
1.11.61-9;-16.39161414;-71.51291407;-1940510.619;2841071.739;B
1.11.61-9;-16.39188648;-71.51311106;-1940540.13;2841045.841;B
1.11.61-9;-16.3921922;-71.51266862;-1940581.624;2841092.023;B
1.11.61-10; ; ;-1.516416327;20763369.87;B
1.11.61-10;-16.39155182;-71.51222392;-1940511.999;2841150.819;B
1.11.61-10;-16.39126867;-71.51266268;-1940473.202;2841104.759;B
1.11.61-10;-16.39153475;-71.51285218;-1940502.073;2841079.795;B
1.11.61-10;-16.39183369;-71.51241255;-1940542.735;2841125.745;B
1.11.62-1; ; ;-1.516416327;20763369.87;B
1.11.62-1;-16.39109639;-71.51211685;-1940459.845;2841168.91;B
1.11.62-1;-16.391391;-71.51231823;-1940491.917;2841142.224;B
1.11.62-1;-16.39149867;-71.51217248;-1940506.403;2841157.346;B
1.11.62-1;-16.39118836;-71.51195021;-1940472.751;2841186.607;B
1.11.62-1;-16.39123316;-71.51181584;-1940479.708;2841201.259;B
1.11.62-1;-16.39114904;-71.5116505;-1940471.91;2841221.109;B
1.11.62-1;-16.39084387;-71.51153645;-1940437.496;2841238.028;B
1.11.62-1;-16.39065954;-71.51199845;-1940410.016;2841188.043;B
1.11.62-1;-16.39101504;-71.51217704;-1940449.529;2841163.147;B
1.11.62-2; ; ;-1.516416327;20763369.87;B
1.11.62-2;-16.39100132;-71.51219964;-1940447.632;2841160.763;B
1.11.62-2;-16.39054715;-71.51197297;-1940397.133;2841192.401;B
1.11.62-2;-16.3904702;-71.51216929;-1940385.618;2841171.141;B
1.11.62-2;-16.39090404;-71.51237813;-1940433.954;2841141.792;B
1.11.62-3; ; ;-1.516416327;20763369.87;B
1.11.62-3;-16.39085741;-71.51239637;-1940428.245;2841140.332;B
1.11.62-3;-16.39046074;-71.512206;-1940384.044;2841167.103;B
1.11.62-3;-16.39037745;-71.51239671;-1940371.855;2841146.563;B
1.11.62-3;-16.39074742;-71.51259051;-1940412.875;2841119.752;B
1.11.62-4; ; ;-1.516416327;20763369.87;B
1.11.62-4;-16.39072378;-71.51260403;-1940409.928;2841118.527;B
1.11.62-4;-16.39035392;-71.51242475;-1940368.737;2841143.69;B
1.11.62-4;-16.39030172;-71.51256348;-1940360.856;2841128.639;B
1.11.62-4;-16.39034845;-71.51264508;-1940365.316;2841118.775;B
1.11.62-4;-16.39064795;-71.51279236;-1940398.645;2841098.16;B
1.11.62-5; ; ;-1.516416327;20763369.87;B
1.11.62-5;-16.39059314;-71.51279795;-1940392.135;2841098.242;B
1.11.62-5;-16.39019292;-71.51262911;-1940347.245;2841122.617;B
1.11.62-5;-16.39015145;-71.51265083;-1940342.101;2841120.696;B
1.11.62-5;-16.39004224;-71.51290591;-1940326.054;2841093.195;B
1.11.62-5;-16.3905928;-71.51339573;-1940384.558;2841030.456;B
1.11.62-5;-16.39087541;-71.5129894;-1940422.883;2841072.845;B
1.11.62-6; ; ;-1.516416327;20763369.87;B
1.11.62-6;-16.39014828;-71.51259636;-1940342.415;2841126.915;B
1.11.62-6;-16.39026194;-71.51255065;-1940356.344;2841130.613;B
1.11.62-6;-16.39050979;-71.51188847;-1940393.81;2841202.472;B
1.11.62-6;-16.39064958;-71.51194423;-1940409.53;2841194.321;B
1.11.62-6;-16.39085429;-71.51146857;-1940439.576;2841245.59;B
1.11.62-6;-16.39050127;-71.51145676;-1940398.252;2841251.541;B
1.11.62-6;-16.38969078;-71.51259026;-1940288.743;2841133.581;B
1.11.62-6;-16.39001398;-71.51287383;-1940323.138;2841097.201;B
1.11.62-7; ; ;-1.516416327;20763369.87;B
1.11.62-7;-16.38920573;-71.51116844;-1940249.686;2841301.161;B
1.11.62-7;-16.38914265;-71.51007368;-1940256.077;2841426.139;B
1.11.62-7;-16.38904422;-71.50980682;-1940247.878;2841457.688;B
1.11.62-7;-16.38847558;-71.50998062;-1940178.882;2841445.405;B
1.11.62-7;-16.38792194;-71.51050015;-1940107.288;2841393.717;B
1.11.62-7;-16.38771368;-71.51088257;-1940078.001;2841353.067;B
1.11.62-7;-16.38878391;-71.51184837;-1940191.557;2841229.561;B
1.11.62-7;-16.38967438;-71.51257288;-1940287.036;2841135.766;B
1.11.62-7;-16.39041817;-71.51152141;-1940387.674;2841245.295;B
1.11.62-8; ; ;-1.516416327;20763369.87;B
1.11.62-8;-16.38669177;-71.51003498;-1939968.63;2841462.538;B
1.11.62-8;-16.38686905;-71.51019137;-1939987.485;2841442.487;B
1.11.62-8;-16.38692378;-71.51010993;-1939994.941;2841451.009;B
1.11.62-8;-16.38671456;-71.50983367;-1939973.844;2841485.071;B
1.11.62-8;-16.38676091;-71.50948408;-1939983.697;2841524.113;B
1.11.62-8;-16.38644062;-71.50905793;-1939951.442;2841576.625;B
1.11.62-8;-16.38625696;-71.50921086;-1939927.936;2841561.681;B
1.11.62-8;-16.38611842;-71.50959086;-1939906.869;2841520.394;B
1.11.62-8;-16.38603179;-71.50993584;-1939892.343;2841482.4;B
1.11.62-8;-16.38605438;-71.51010989;-1939892.802;2841462.367;B
1.11.62-8;-16.38606046;-71.51010356;-1939893.597;2841463.005;B
1.11.62-8;-16.38581696;-71.51071203;-1939857.318;2841397.179;B
1.11.62-8;-16.3858484;-71.51079321;-1939859.988;2841387.561;B
1.11.63-1; ; ;-1.516416327;20763369.87;B
1.11.63-1;-16.39259456;-71.51155541;-1940642.93;2841213.01;B
1.11.63-1;-16.39312934;-71.51078304;-1940715.497;2841293.614;B
1.11.63-1;-16.39302124;-71.51070882;-1940703.733;2841303.444;B
1.11.63-1;-16.39302386;-71.51071464;-1940703.967;2841302.749;B
1.11.63-1;-16.39294092;-71.51066108;-1940694.9;2841309.906;B
1.11.63-1;-16.39288452;-71.51058523;-1940689.23;2841319.245;B
1.11.63-1;-16.39285199;-71.51052772;-1940686.134;2841326.192;B
1.11.63-1;-16.39280596;-71.51046656;-1940681.497;2841333.729;B
1.11.63-1;-16.3927327;-71.51034677;-1940674.401;2841348.271;B
1.11.63-1;-16.39265056;-71.51035225;-1940664.683;2841348.723;B
1.11.63-1;-16.39168326;-71.51107521;-1940541.925;2841279.372;B
1.11.63-1;-16.39136273;-71.5112944;-1940501.505;2841258.701;B
1.11.63-1;-16.39112327;-71.51140808;-1940471.939;2841248.938;B
1.11.63-1;-16.39144188;-71.51199203;-1940502.008;2841178.553;B
1.11.63-1;-16.39164122;-71.51214204;-1940523.534;2841158.937;B
1.11.63-1;-16.39221894;-71.511293;-1940602.111;2841247.675;B
1.11.64-2; ; ;-1.516416327;20763369.87;B
1.11.64-2;-16.39500817;-71.51271663;-1940911.839;2841049.792;B
1.11.64-2;-16.39476241;-71.51254173;-1940885.174;2841072.837;B
1.11.64-2;-16.39389231;-71.51381768;-1940766.865;2840939.508;B
1.11.64-2;-16.39413594;-71.51399439;-1940793.258;2840916.287;B
1.11.64-3; ; ;-1.516416327;20763369.87;B
1.11.64-3;-16.39439317;-71.51226107;-1940845.334;2841109.488;B
1.11.64-3;-16.39352282;-71.51354426;-1940726.904;2840975.341;B
1.11.64-3;-16.39382836;-71.51377188;-1940759.929;2840945.538;B
1.11.64-3;-16.39471517;-71.51249382;-1940880.228;2841078.888;B
1.11.64-4; ; ;-1.516416327;20763369.87;B
1.11.64-4;-16.39401343;-71.51200526;-1940803.948;2841143.459;B
1.11.64-4;-16.39315765;-71.51325635;-1940687.634;2841012.761;B
1.11.64-4;-16.39345552;-71.51348534;-1940719.741;2840982.902;B
1.11.64-4;-16.39434256;-71.51222881;-1940839.796;2841113.809;B
1.11.64-5; ; ;-1.516416327;20763369.87;B
1.11.64-5;-16.39397487;-71.51195409;-1940800.064;2841149.766;B
1.11.64-5;-16.39365434;-71.51171882;-1940765.374;2841180.634;B
1.11.64-5;-16.392783;-71.51300467;-1940646.795;2841046.196;B
1.11.64-5;-16.3931144;-71.5132375;-1940682.791;2841015.464;B
1.11.64-6; ; ;-1.516416327;20763369.87;B
1.11.64-6;-16.39298607;-71.511922;-1940684.302;2841166.323;B
1.11.64-6;-16.39242609;-71.51273137;-1940608.311;2841081.852;B
1.11.64-6;-16.39269735;-71.51293256;-1940637.641;2841055.492;B
1.11.64-6;-16.39325074;-71.51213006;-1940712.773;2841139.27;B
1.11.64-7; ; ;-1.516416327;20763369.87;B
1.11.64-7;-16.39260958;-71.51163539;-1940643.687;2841203.743;B
1.11.64-7;-16.39206415;-71.51245572;-1940569.265;2841117.839;B
1.11.64-7;-16.3923684;-71.51267955;-1940602.187;2841088.482;B
1.11.64-7;-16.39292917;-71.51187441;-1940678.218;2841172.463;B
1.11.64-8; ; ;-1.516416327;20763369.87;B
1.11.64-8;-16.39223171;-71.51138764;-1940602.419;2841236.776;B
1.11.64-8;-16.39167524;-71.51218447;-1940526.996;2841153.681;B
1.11.64-8;-16.39200911;-71.51242284;-1940563.213;2841122.287;B
1.11.64-8;-16.39256248;-71.51161307;-1940638.435;2841206.89;B
1.11.64-9; ; ;-1.516416327;20763369.87;B
1.11.64-9;-16.39319779;-71.51081474;-1940723.139;2841289.125;B
1.11.64-9;-16.39263909;-71.51160008;-1940647.599;2841207.363;B
1.11.64-9;-16.39294382;-71.51182865;-1940680.517;2841177.461;B
1.11.64-9;-16.39349472;-71.51104065;-1940755.174;2841259.626;B
1.11.64-14; ; ;-1.516416327;20763369.87;B
1.11.64-14;-16.39530223;-71.5113659;-1940963.421;2841199.126;B
1.11.64-14;-16.39437933;-71.51068946;-1940863.528;2841287.895;B
1.11.64-14;-16.39420544;-71.51096118;-1940839.673;2841259.354;B
1.11.64-14;-16.39497622;-71.51150391;-1940923.379;2841187.736;B
1.11.64-14;-16.39523116;-71.51153107;-1940952.988;2841181.325;B
1.11.64-15; ; ;-1.516416327;20763369.87;B
1.11.64-15;-16.39454376;-71.51038763;-1940886.652;2841319.976;B
1.11.64-15;-16.39439186;-71.51063436;-1940865.695;2841293.98;B
1.11.64-15;-16.39541617;-71.51138367;-1940976.582;2841195.623;B
1.11.64-15;-16.39551631;-71.51109981;-1940991.927;2841226.506;B
1.11.64-16; ; ;-1.516416327;20763369.87;B
1.11.64-16;-16.39476457;-71.51009917;-1940916.232;2841349.803;B
1.11.64-16;-16.39459194;-71.510334;-1940892.989;2841325.428;B
1.11.64-16;-16.39553082;-71.51102282;-1940994.603;2841235.046;B
1.11.64-16;-16.39564097;-71.51072893;-1941011.25;2841266.935;B
1.11.64-17; ; ;-1.516416327;20763369.87;B
1.11.64-17;-16.39519987;-71.50973612;-1940971.95;2841385.287;B
1.11.64-17;-16.39494954;-71.50993656;-1940940.013;2841365.827;B
1.11.64-17;-16.39570387;-71.51048153;-1941021.759;2841294.169;B
1.11.64-17;-16.39581881;-71.51018162;-1941039.046;2841326.678;B
1.11.64-18; ; ;-1.516416327;20763369.87;B
1.11.64-18;-16.39550058;-71.50950832;-1941010.152;2841407.19;B
1.11.64-18;-16.39524376;-71.5097097;-1940977.439;2841387.71;B
1.11.64-18;-16.39584253;-71.51013331;-1941042.442;2841331.846;B
1.11.64-18;-16.39593057;-71.50982693;-1941056.649;2841365.441;B
1.11.64-21; ; ;-1.516416327;20763369.87;B
1.11.64-21;-16.39409598;-71.50922344;-1940848.729;2841457.851;B
1.11.64-21;-16.3939046;-71.50949087;-1940822.873;2841430.023;B
1.11.64-21;-16.39449547;-71.5099328;-1940886.715;2841372.186;B
1.11.64-21;-16.39476605;-71.50972431;-1940921.133;2841392.295;B
1.11.64-22; ; ;-1.516416327;20763369.87;B
1.11.64-22;-16.39429046;-71.50893403;-1940875.228;2841488.131;B
1.11.64-22;-16.39412665;-71.50918594;-1940852.805;2841461.703;B
1.11.64-22;-16.39482044;-71.50970827;-1940927.725;2841393.403;B
1.11.64-22;-16.39507617;-71.50950357;-1940960.352;2841413.275;B
1.11.64-23; ; ;-1.516416327;20763369.87;B
1.11.64-23;-16.39449752;-71.50862658;-1940903.432;2841520.291;B
1.11.64-23;-16.39431446;-71.50889192;-1940878.578;2841492.592;B
1.11.64-23;-16.39510749;-71.50947278;-1940964.419;2841416.358;B
1.11.64-23;-16.39535994;-71.50928029;-1940996.506;2841434.888;B
1.11.64-24; ; ;-1.516416327;20763369.87;B
1.11.64-24;-16.39469219;-71.50834869;-1940929.808;2841549.261;B
1.11.64-24;-16.39451537;-71.50858584;-1940906.043;2841524.678;B
1.11.64-24;-16.39506324;-71.50899205;-1940965.284;2841471.453;B
1.11.64-24;-16.39492661;-71.50853824;-1940954.956;2841524.703;B
1.11.64-25; ; ;-1.516416327;20763369.87;B
1.11.64-25;-16.39452875;-71.50778102;-1940917.767;2841615.773;B
1.11.64-25;-16.39416393;-71.50752034;-1940878.195;2841650.104;B
1.11.64-25;-16.39409269;-71.50762712;-1940868.478;2841638.925;B
1.11.64-25;-16.39361331;-71.5072968;-1940816.325;2841682.65;B
1.11.64-25;-16.39351839;-71.50742693;-1940803.532;2841669.133;B
1.11.64-25;-16.39465648;-71.50824432;-1940926.928;2841561.564;B
1.11.64-25;-16.39474338;-71.50812189;-1940938.682;2841574.313;B
1.11.64-26; ; ;-1.516416327;20763369.87;B
1.11.64-26;-16.39395012;-71.50779742;-1940849.58;2841621.475;B
1.11.64-26;-16.39378736;-71.50805202;-1940827.247;2841594.729;B
1.11.64-26;-16.39444661;-71.50853902;-1940898.555;2841530.886;B
1.11.64-26;-16.3946303;-71.5082946;-1940923.219;2841556.204;B
1.11.64-27; ; ;-1.516416327;20763369.87;B
1.11.64-27;-16.39343173;-71.50740795;-1940793.59;2841672.417;B
1.11.64-27;-16.39326638;-71.50746075;-1940773.499;2841668.59;B
1.11.64-27;-16.39317346;-71.50759871;-1940760.841;2841654.159;B
1.11.64-27;-16.39376167;-71.50802367;-1940824.587;2841598.28;B
1.11.64-27;-16.39393614;-71.50778104;-1940848.144;2841623.516;B
1.11.64-28; ; ;-1.516416327;20763369.87;B
1.11.64-28;-16.39371918;-71.50806839;-1940819.031;2841593.763;B
1.11.64-28;-16.39310798;-71.50761753;-1940752.912;2841652.88;B
1.11.64-28;-16.39296061;-71.50786217;-1940732.512;2841627.062;B
1.11.64-28;-16.39356275;-71.50831575;-1940797.532;2841567.756;B
1.11.64-29; ; ;-1.516416327;20763369.87;B
1.11.64-29;-16.39441858;-71.50858366;-1940894.699;2841526.189;B
1.11.64-29;-16.39373432;-71.50808945;-1940820.544;2841591.177;B
1.11.64-29;-16.39357788;-71.50832627;-1940799.177;2841566.364;B
1.11.64-29;-16.39424268;-71.50882805;-1940870.951;2841500.773;B
1.11.64-30; ; ;-1.516416327;20763369.87;B
1.11.64-30;-16.39312652;-71.50808453;-1940749.2;2841599.677;B
1.11.64-30;-16.3931708;-71.50847598;-1940749.464;2841554.705;B
1.11.64-30;-16.39404051;-71.50911742;-1940843.549;2841470.599;B
1.11.64-30;-16.39422073;-71.5088745;-1940867.787;2841495.792;B
1.11.64-31; ; ;-1.516416327;20763369.87;B
1.11.64-31;-16.39322456;-71.50859304;-1940754.303;2841540.727;B
1.11.64-31;-16.39328263;-71.50903247;-1940755.584;2841490.135;B
1.11.64-31;-16.39383246;-71.50941956;-1940815.297;2841439.053;B
1.11.64-31;-16.39401462;-71.50915612;-1940840.02;2841466.548;B
1.11.64-32; ; ;-1.516416327;20763369.87;B
1.11.64-32;-16.39322193;-71.50905416;-1940748.178;2841488.468;B
1.11.64-32;-16.39316749;-71.50856174;-1940747.994;2841545.023;B
1.11.64-32;-16.39260407;-71.50938745;-1940671.388;2841458.743;B
1.11.64-32;-16.39286435;-71.50959078;-1940699.402;2841432.285;B
1.11.64-33; ; ;-1.516416327;20763369.87;B
1.11.64-33;-16.39308385;-71.50807969;-1940744.247;2841600.783;B
1.11.64-33;-16.39232582;-71.50916785;-1940641.468;2841487.283;B
1.11.64-33;-16.39256205;-71.50934608;-1940666.973;2841463.985;B
1.11.64-33;-16.39314775;-71.5084786;-1940746.723;2841554.709;B
1.11.64-34; ; ;-1.516416327;20763369.87;B
1.11.64-34;-16.39307851;-71.50798132;-1940744.86;2841612.009;B
1.11.64-34;-16.39293296;-71.50787638;-1940729.084;2841625.811;B
1.11.64-34;-16.39212687;-71.50900943;-1940620.093;2841507.848;B
1.11.64-34;-16.39227929;-71.50912993;-1940636.479;2841492.192;B
1.11.64-35; ; ;-1.516416327;20763369.87;B
1.11.64-35;-16.39241939;-71.50853942;-1940660.386;2841557.329;B
1.11.64-35;-16.39228408;-71.50845183;-1940645.594;2841569.03;B
1.11.64-35;-16.39200472;-71.50886853;-1940607.519;2841525.423;B
1.11.64-35;-16.39212971;-71.50897342;-1940620.88;2841511.895;B
1.11.64-36; ; ;-1.516416327;20763369.87;B
1.11.64-36;-16.39224956;-71.50843949;-1940641.695;2841570.88;B
1.11.64-36;-16.39218601;-71.5083883;-1940634.873;2841577.516;B
1.11.64-36;-16.39200499;-71.50866892;-1940610.068;2841548.057;B
1.11.64-36;-16.39207585;-71.50872008;-1940617.748;2841541.329;B
1.11.64-37; ; ;-1.516416327;20763369.87;B
1.11.64-37;-16.39214204;-71.50841885;-1940629.323;2841574.625;B
1.11.64-37;-16.39202047;-71.50832198;-1940616.262;2841587.2;B
1.11.64-37;-16.39164731;-71.50886613;-1940565.56;2841530.365;B
1.11.64-37;-16.39166827;-71.50915604;-1940564.365;2841497.213;B
1.11.64-38; ; ;-1.516416327;20763369.87;B
1.11.64-38;-16.39203163;-71.5090696;-1940608.144;2841502.269;B
1.11.64-38;-16.39191647;-71.50898532;-1940595.678;2841513.331;B
1.11.64-38;-16.39173972;-71.50926396;-1940571.399;2841484.04;B
1.11.64-38;-16.39186094;-71.50935495;-1940584.493;2841472.139;B
1.11.64-39; ; ;-1.516416327;20763369.87;B
1.11.64-39;-16.39218265;-71.50917842;-1940624.514;2841487.955;B
1.11.64-39;-16.39206729;-71.50909139;-1940612.06;2841499.332;B
1.11.64-39;-16.39179048;-71.50947606;-1940574.688;2841459.324;B
1.11.64-39;-16.39191324;-71.50959521;-1940587.607;2841444.208;B
1.11.64-40; ; ;-1.516416327;20763369.87;B
1.11.64-40;-16.39227329;-71.50923641;-1940634.431;2841480.194;B
1.11.64-40;-16.39186442;-71.50981687;-1940579.076;2841419.708;B
1.11.64-40;-16.39191092;-71.51003408;-1940581.8;2841394.468;B
1.11.64-40;-16.39202551;-71.51010962;-1940594.31;2841384.403;B
1.11.64-40;-16.39251892;-71.50941023;-1940661.097;2841457.273;B
1.11.64-41; ; ;-1.516416327;20763369.87;B
1.11.64-41;-16.39256413;-71.50999271;-1940659.063;2841390.625;B
1.11.64-41;-16.39282105;-71.5096408;-1940693.683;2841427.177;B
1.11.64-41;-16.39255397;-71.50944935;-1940664.722;2841452.379;B
1.11.64-41;-16.39211026;-71.51011402;-1940604.21;2841382.798;B
1.11.64-41;-16.39223704;-71.51020678;-1940617.936;2841370.622;B
1.11.69-1; ; ;-1.516416327;20763369.87;B
1.11.69-1;-16.40027211;-71.53130737;-1941295.859;2838872.968;B
1.11.69-1;-16.40116708;-71.53072449;-1941408.334;2838927.375;B
1.11.69-1;-16.40038884;-71.52980745;-1941328.473;2839041.516;B
1.11.69-1;-16.39920653;-71.53107652;-1941173.599;2838913.054;B
1.11.69-1;-16.39906104;-71.53147001;-1941151.549;2838870.337;B
1.11.69-1;-16.39977622;-71.53176373;-1941231.859;2838827.697;B
1.11.69-5; ; ;-1.516416327;20763369.87;B
1.11.69-5;-16.39887974;-71.53105078;-1941135.536;2838920.239;B
1.11.69-5;-16.39911391;-71.53098636;-1941163.855;2838924.486;B
1.11.69-5;-16.40030165;-71.52961957;-1941320.598;2839063.957;B
1.11.69-5;-16.39981126;-71.52905643;-1941270.09;2839134.212;B
1.11.69-5;-16.3981373;-71.53039386;-1941056.601;2839004.417;B
1.11.69-5;-16.39846709;-71.53068645;-1941091.653;2838966.936;B
1.11.69-13; ; ;-1.516416327;20763369.87;B
1.11.69-13;-16.39805655;-71.52408519;-1941126.619;2839720.813;B
1.11.69-13;-16.39766934;-71.52455508;-1941075.21;2839672.588;B
1.11.69-13;-16.39737448;-71.52505327;-1941034.294;2839619.947;B
1.11.69-13;-16.39730567;-71.52515636;-1941024.911;2839609.155;B
1.11.69-13;-16.39760468;-71.52564342;-1941053.898;2839550.023;B
1.11.69-13;-16.39834248;-71.52672537;-1941126.931;2839417.706;B
1.11.69-13;-16.39905874;-71.52610144;-1941218.934;2839479.102;B
1.11.69-13;-16.39946142;-71.52576886;-1941270.429;2839511.555;B
1.11.69-13;-16.39811258;-71.52407901;-1941133.279;2839720.782;B
1.11.69-15; ; ;-1.516416327;20763369.87;B
1.11.69-15;-16.3998503;-71.52719992;-1941298.074;2839344.21;B
1.11.69-15;-16.3990462;-71.52621841;-1941215.987;2839466.002;B
1.11.69-15;-16.39879519;-71.52643408;-1941183.782;2839444.825;B
1.11.69-15;-16.39956394;-71.52741463;-1941261.729;2839323.603;B
1.11.69-16; ; ;-1.516416327;20763369.87;B
1.11.69-16;-16.39954322;-71.52746095;-1941258.712;2839318.621;B
1.11.69-16;-16.39876446;-71.52646436;-1941179.791;2839441.792;B
1.11.69-16;-16.39840541;-71.52678496;-1941133.573;2839410.128;B
1.11.69-16;-16.39907001;-71.52781301;-1941198.687;2839284.88;B
1.11.69-20; ; ;-1.516416327;20763369.87;B
1.11.69-20;-16.39809174;-71.53032922;-1941052.063;2839012.34;B
1.11.69-20;-16.39883827;-71.52972873;-1941147.323;2839070.684;B
1.11.69-20;-16.39835486;-71.52903898;-1941099.23;2839155.205;B
1.11.69-20;-16.39917237;-71.52840234;-1941203.284;2839216.72;B
1.11.69-20;-16.39922545;-71.5284745;-1941208.61;2839207.845;B
1.11.69-20;-16.39907896;-71.52859107;-1941189.932;2839196.539;B
1.11.69-20;-16.39932222;-71.52891039;-1941214.484;2839157.156;B
1.11.69-20;-16.39939372;-71.52900506;-1941221.69;2839145.488;B
1.11.69-20;-16.39952766;-71.52918347;-1941235.175;2839123.51;B
1.11.69-20;-16.39977457;-71.52899641;-1941266.537;2839141.498;B
1.11.69-20;-16.39898091;-71.52802061;-1941185.604;2839262.504;B
1.11.69-20;-16.39745644;-71.52922576;-1940991.34;2839145.754;B
1.11.69-20;-16.3973787;-71.52937492;-1940980.328;2839129.855;B
1.11.69-21; ; ;-1.516416327;20763369.87;B
1.11.69-21;-16.39927054;-71.52897101;-1941207.65;2839150.958;B
1.11.69-21;-16.3987101;-71.52938858;-1941136.554;2839110.927;B
1.11.69-21;-16.39890931;-71.52965686;-1941156.574;2839077.906;B
1.11.69-21;-16.39946007;-71.52923347;-1941226.605;2839118.723;B
1.11.69-22; ; ;-1.516416327;20763369.87;B
1.11.69-22;-16.39923202;-71.52888953;-1941204.151;2839160.699;B
1.11.69-22;-16.39904579;-71.52861646;-1941185.716;2839194.094;B
1.11.69-22;-16.39846276;-71.52906474;-1941111.579;2839150.875;B
1.11.69-22;-16.39866372;-71.52933596;-1941131.769;2839117.499;B
1.11.69-23; ; ;-1.516416327;20763369.87;B
1.11.69-23;-16.3981314;-71.52854997;-1941079.142;2839213.57;B
1.11.69-23;-16.39895285;-71.52793379;-1941183.402;2839272.714;B
1.11.69-23;-16.39825365;-71.52690537;-1941114.227;2839398.455;B
1.11.69-23;-16.3970754;-71.52778599;-1940964.721;2839313.985;B
1.11.69-23;-16.39647822;-71.52831411;-1940887.917;2839261.895;B
1.11.69-23;-16.39729232;-71.52926653;-1940971.546;2839143.274;B
1.11.69-24; ; ;-1.516416327;20763369.87;B
1.11.69-24;-16.39821547;-71.52683905;-1941110.579;2839406.474;B
1.11.69-24;-16.39822355;-71.52677113;-1941112.383;2839414.07;B
1.11.69-24;-16.39724058;-71.52527398;-1941015.782;2839596.669;B
1.11.69-24;-16.39713599;-71.52540103;-1941001.895;2839583.628;B
1.11.69-24;-16.39703213;-71.5255686;-1940987.582;2839565.982;B
1.11.69-24;-16.39685854;-71.52585198;-1940963.62;2839536.115;B
1.11.69-24;-16.3965507;-71.52626795;-1940922.214;2839492.967;B
1.11.69-24;-16.39593353;-71.52693704;-1940841.284;2839425.154;B
1.11.69-24;-16.39577989;-71.52708225;-1940821.406;2839410.694;B
1.11.69-24;-16.3956639;-71.52719318;-1940806.383;2839399.63;B
1.11.69-24;-16.39553393;-71.52733156;-1940789.372;2839385.635;B
1.11.69-24;-16.39641457;-71.52824735;-1940881.281;2839270.297;B
1.11.69-24;-16.39704694;-71.5277157;-1940962.265;2839322.326;B
1.11.69-25; ; ;-1.516416327;20763369.87;B
1.11.69-25;-16.39508761;-71.52864166;-1940720.435;2839242.906;B
1.11.69-25;-16.39495238;-71.52871383;-1940703.64;2839236.488;B
1.11.69-25;-16.3947857;-71.52879584;-1940683.028;2839229.364;B
1.11.69-25;-16.39453886;-71.5290418;-1940650.933;2839204.696;B
1.11.69-25;-16.39441623;-71.52915003;-1940635.163;2839194.024;B
1.11.69-25;-16.39392399;-71.5293692;-1940574.58;2839175.597;B
1.11.69-25;-16.39345907;-71.52938963;-1940519.709;2839179.348;B
1.11.69-25;-16.39354115;-71.53058912;-1940514.24;2839042.264;B
1.11.69-25;-16.39534905;-71.53121082;-1940718.778;2838948.175;B
1.11.69-25;-16.39560767;-71.53041406;-1940759.195;2839035.144;B
1.11.69-25;-16.39624154;-71.52968932;-1940842.787;2839109.049;B
1.11.69-25;-16.39628869;-71.52957456;-1940849.771;2839121.447;B
1.11.69-25;-16.39630754;-71.52946964;-1940853.307;2839133.098;B
1.11.69-25;-16.39630907;-71.52835524;-1940867.528;2839259.44;B
1.11.69-25;-16.39633513;-71.52827981;-1940871.54;2839267.653;B
1.11.69-25;-16.39525277;-71.52711351;-1940759.091;2839414.03;B
1.11.69-25;-16.39390142;-71.5284455;-1940583.566;2839280.632;B
1.11.69-25;-16.3942412;-71.52878309;-1940619.225;2839237.917;B
1.11.69-25;-16.39443312;-71.52903877;-1940638.55;2839206.42;B
1.11.69-25;-16.39468782;-71.52879608;-1940671.527;2839230.614;B
1.11.69-25;-16.39496772;-71.52866158;-1940706.1;2839242.212;B
1.11.69-25;-16.39532944;-71.52829512;-1940753.209;2839279.045;B
1.11.69-25;-16.39537059;-71.52831701;-1940757.768;2839276.026;B
1.11.69-26; ; ;-1.516416327;20763369.87;B
1.11.69-26;-16.39346694;-71.52934369;-1940521.211;2839184.454;B
1.11.69-26;-16.39386081;-71.52932085;-1940567.767;2839181.903;B
1.11.69-26;-16.39422322;-71.5291882;-1940612.011;2839192.215;B
1.11.69-26;-16.39440861;-71.52907629;-1940635.198;2839202.485;B
1.11.69-26;-16.39424448;-71.52881496;-1940619.21;2839234.26;B
1.11.69-26;-16.39387389;-71.52845984;-1940580.151;2839279.365;B
1.11.69-26;-16.39344102;-71.52881214;-1940524.863;2839245.066;B
1.11.69-27; ; ;-1.516416327;20763369.87;B
1.11.69-27;-16.39337271;-71.52941371;-1940509.26;2839177.745;B
1.11.69-27;-16.39250965;-71.5294414;-1940407.529;2839185.867;B
1.11.69-27;-16.39247629;-71.53061252;-1940388.858;2839053.506;B
1.11.69-27;-16.39345807;-71.53056748;-1940504.753;2839045.802;B
1.11.69-28; ; ;-1.516416327;20763369.87;B
1.11.69-28;-16.39173062;-71.53065551;-1940300.723;2839058.361;B
1.11.69-28;-16.39240419;-71.53062069;-1940380.285;2839053.52;B
1.11.69-28;-16.39243622;-71.52938915;-1940399.561;2839192.75;B
1.11.69-28;-16.39335516;-71.52935864;-1940507.892;2839184.217;B
1.11.69-28;-16.39328864;-71.52840924;-1940512.039;2839292.741;B
1.11.69-28;-16.39268634;-71.52842828;-1940441.048;2839298.442;B
1.11.69-28;-16.39253274;-71.52829122;-1940424.73;2839315.989;B
1.11.69-28;-16.39245482;-71.52824789;-1940416.123;2839321.919;B
1.11.69-28;-16.3924485;-71.52824748;-1940415.386;2839322.048;B
1.11.69-28;-16.39197476;-71.52821003;-1940360.208;2839332.477;B
1.11.69-28;-16.39114069;-71.52821836;-1940262.124;2839342.417;B
1.11.69-28;-16.39117849;-71.52846769;-1940263.424;2839313.652;B
1.11.69-28;-16.39126;-71.52846148;-1940273.077;2839313.292;B
1.11.69-28;-16.39130371;-71.52852208;-1940277.448;2839305.85;B
1.11.69-28;-16.39126664;-71.52969553;-1940258.312;2839173.271;B
1.11.69-28;-16.3914249;-71.53017411;-1940270.875;2839116.938;B
1.11.6-1; ; ;-1.516416327;20763369.87;C
1.11.6-1;-16.39859904;-71.51198152;-1941342.966;2841086.237;C
1.11.6-1;-16.39868857;-71.51150385;-1941359.509;2841139.235;C
1.11.6-1;-16.39758927;-71.51130421;-1941232.882;2841176.239;C
1.11.6-1;-16.39750965;-71.51176959;-1941217.658;2841124.505;C
1.11.6-2; ; ;-1.516416327;20763369.87;C
1.11.6-2;-16.39854659;-71.51141066;-1941344.005;2841151.657;C
1.11.6-2;-16.39859287;-71.51116701;-1941352.515;2841178.683;C
1.11.6-2;-16.39752852;-71.51095713;-1941230.122;2841216.392;C
1.11.6-2;-16.39751012;-71.51100804;-1941227.319;2841210.86;C
1.11.6-2;-16.39747052;-71.51100489;-1941222.706;2841211.734;C
1.11.6-2;-16.39745854;-71.51119907;-1941218.849;2841189.871;C
1.11.6-3; ; ;-1.516416327;20763369.87;C
1.11.6-3;-16.3973887;-71.51174878;-1941203.71;2841128.445;C
1.11.6-3;-16.39741303;-71.51151032;-1941209.577;2841155.169;C
1.11.6-3;-16.39629871;-71.51137436;-1941080.38;2841185.147;C
1.11.6-3;-16.39626849;-71.51161107;-1941073.845;2841158.699;C
1.11.6-4; ; ;-1.516416327;20763369.87;C
1.11.6-4;-16.39623214;-71.511601;-1941069.701;2841160.315;C
1.11.6-4;-16.39628406;-71.51126106;-1941080.089;2841198.188;C
1.11.6-4;-16.39605759;-71.51123414;-1941053.823;2841204.199;C
1.11.6-4;-16.396025;-71.51134426;-1941048.604;2841192.138;C
1.11.6-4;-16.39567011;-71.51130993;-1941007.345;2841200.667;C
1.11.6-4;-16.39565611;-71.51152564;-1941002.98;2841176.389;C
1.11.6-6; ; ;-1.516416327;20763369.87;C
1.11.6-6;-16.39715032;-71.51249739;-1941166.264;2841046.667;C
1.11.6-6;-16.39755233;-71.51262784;-1941211.847;2841026.621;C
1.11.6-6;-16.39759332;-71.51237117;-1941219.899;2841055.192;C
1.11.6-6;-16.39745794;-71.51234343;-1941204.344;2841060.107;C
1.11.6-6;-16.39747576;-71.51225808;-1941207.514;2841069.552;C
1.11.6-6;-16.39826896;-71.51242049;-1941298.652;2841040.771;C
1.11.6-6;-16.39855922;-71.51215454;-1941336.105;2841067.136;C
1.11.6-6;-16.39836522;-71.51212484;-1941313.689;2841073.04;C
1.11.6-6;-16.39838336;-71.51204403;-1941316.839;2841081.966;C
1.11.6-6;-16.39750083;-71.51188013;-1941215.227;2841112.085;C
1.11.6-6;-16.39744851;-71.51210988;-1941206.183;2841086.715;C
1.11.6-6;-16.39741786;-71.51224963;-1941200.819;2841071.267;C
1.11.6-6;-16.39750399;-71.51225176;-1941210.911;2841069.9;C
1.11.6-6;-16.39744719;-71.51225578;-1941204.188;2841070.187;C
1.11.6-6;-16.39742202;-71.51232949;-1941200.3;2841062.157;C
1.11.6-6;-16.39718534;-71.51229918;-1941172.878;2841068.687;C
1.11.11-1; ; ;-1.516416327;20763369.87;C
1.11.11-1;-16.38664105;-71.51939635;-1939844.682;2840401.555;C
1.11.11-1;-16.38643407;-71.51882251;-1939827.597;2840469.334;C
1.11.11-1;-16.38618939;-71.5181263;-1939807.625;2840551.48;C
1.11.11-1;-16.38603696;-71.51771187;-1939794.94;2840600.47;C
1.11.11-1;-16.38578402;-71.51782615;-1939763.785;2840590.811;C
1.11.11-1;-16.38595572;-71.51852812;-1939775.111;2840508.963;C
1.11.11-1;-16.38607285;-71.51907421;-1939781.991;2840445.504;C
1.11.11-1;-16.38612592;-71.51929559;-1939785.435;2840419.706;C
1.11.11-1;-16.38625444;-71.51966349;-1939795.898;2840376.307;C
1.11.11-2; ; ;-1.516416327;20763369.87;C
1.11.11-2;-16.38602014;-71.51768028;-1939793.362;2840604.271;C
1.11.11-2;-16.3860242;-71.51759585;-1939794.904;2840613.793;C
1.11.11-2;-16.38603899;-71.51755817;-1939797.115;2840617.873;C
1.11.11-2;-16.38608122;-71.51750509;-1939802.746;2840623.342;C
1.11.11-2;-16.38626074;-71.5172707;-1939826.789;2840647.579;C
1.11.11-2;-16.38634949;-71.51716032;-1939838.606;2840658.939;C
1.11.11-2;-16.38600712;-71.51690816;-1939801.563;2840692.004;C
1.11.11-2;-16.38575361;-71.5173362;-1939766.387;2840646.771;C
1.11.11-2;-16.38593073;-71.5177158;-1939782.412;2840601.41;C
1.11.11-3; ; ;-1.516416327;20763369.87;C
1.11.11-3;-16.38565312;-71.51744348;-1939753.23;2840635.916;C
1.11.11-3;-16.38574654;-71.51734938;-1939765.391;2840645.369;C
1.11.11-3;-16.38571495;-71.51729968;-1939762.306;2840651.418;C
1.11.11-3;-16.38596467;-71.51688731;-1939796.839;2840694.922;C
1.11.11-3;-16.38560715;-71.51662054;-1939758.199;2840729.844;C
1.11.11-3;-16.38516656;-71.51627364;-1939710.812;2840774.935;C
1.11.11-3;-16.38472103;-71.5159628;-1939662.388;2840816.003;C
1.11.11-3;-16.38442456;-71.51636331;-1939622.511;2840774.452;C
1.11.11-3;-16.38456903;-71.51643761;-1939638.547;2840764.141;C
1.11.11-3;-16.38463198;-71.51636345;-1939646.878;2840771.729;C
1.11.11-3;-16.38467609;-71.51639331;-1939651.683;2840767.767;C
1.11.11-3;-16.38469785;-71.51637739;-1939654.44;2840769.289;C
1.11.11-3;-16.38478197;-71.51642694;-1939663.698;2840762.57;C
1.11.11-3;-16.38482281;-71.5163991;-1939668.847;2840765.195;C
1.11.11-3;-16.3849136;-71.5164701;-1939678.618;2840755.958;C
1.11.11-3;-16.38502696;-71.51652287;-1939691.27;2840748.494;C
1.11.11-3;-16.38516775;-71.51658909;-1939706.976;2840739.145;C
1.11.11-3;-16.38508054;-71.51669832;-1939695.354;2840727.897;C
1.11.11-3;-16.38519464;-71.51681097;-1939707.339;2840713.633;C
1.11.11-3;-16.38530732;-71.51697363;-1939718.526;2840693.714;C
1.11.11-3;-16.38541194;-71.51716664;-1939728.385;2840670.46;C
1.11.11-3;-16.38544966;-71.51731676;-1939730.925;2840652.943;C
1.11.11-3;-16.3854083;-71.51734519;-1939725.707;2840650.259;C
1.11.11-3;-16.3855085;-71.51755078;-1939734.888;2840625.636;C
1.11.12-3; ; ;-1.516416327;20763369.87;C
1.11.12-3;-16.38713009;-71.51828216;-1939916.173;2840521.526;C
1.11.12-3;-16.38658739;-71.51898176;-1939843.602;2840449.273;C
1.11.12-3;-16.38669789;-71.51934311;-1939852.03;2840406.851;C
1.11.12-3;-16.38675892;-71.51938435;-1939858.679;2840401.378;C
1.11.12-3;-16.38742436;-71.5185485;-1939947.386;2840487.481;C
1.11.12-4; ; ;-1.516416327;20763369.87;C
1.11.12-4;-16.38694182;-71.51845696;-1939891.852;2840504.161;C
1.11.12-4;-16.38669791;-71.51823655;-1939865.976;2840532.34;C
1.11.12-4;-16.38677034;-71.51814009;-1939875.7;2840542.334;C
1.11.12-4;-16.38660734;-71.51798656;-1939858.487;2840561.872;C
1.11.12-4;-16.38665322;-71.51791479;-1939864.78;2840569.413;C
1.11.12-4;-16.38654387;-71.51782149;-1939853.11;2840581.42;C
1.11.12-4;-16.38661891;-71.51772592;-1939863.129;2840591.279;C
1.11.12-4;-16.38646472;-71.51757668;-1939846.897;2840610.216;C
1.11.12-4;-16.38651715;-71.51751161;-1939853.876;2840616.912;C
1.11.12-4;-16.38633663;-71.51735186;-1939834.682;2840637.385;C
1.11.12-4;-16.38613272;-71.51765667;-1939806.885;2840605.479;C
1.11.12-4;-16.38657807;-71.51892161;-1939843.265;2840456.215;C
1.11.12-5; ; ;-1.516416327;20763369.87;C
1.11.12-5;-16.3870682;-71.51824242;-1939909.402;2840526.841;C
1.11.12-5;-16.38695694;-71.51814542;-1939897.554;2840539.293;C
1.11.12-5;-16.38713635;-71.51791458;-1939921.54;2840563.129;C
1.11.12-5;-16.38677725;-71.51761414;-1939883.14;2840601.888;C
1.11.12-5;-16.38661936;-71.51783337;-1939861.828;2840579.088;C
1.11.12-5;-16.38688683;-71.51805919;-1939890.404;2840549.987;C
1.11.12-5;-16.38675057;-71.51823598;-1939872.169;2840531.717;C
1.11.12-5;-16.3869526;-71.51839903;-1939893.849;2840510.589;C
1.11.12-6; ; ;-1.516416327;20763369.87;C
1.11.12-6;-16.38657631;-71.51737184;-1939862.587;2840631.99;C
1.11.12-6;-16.38719884;-71.51789793;-1939929.091;2840564.201;C
1.11.12-6;-16.38744485;-71.51758967;-1939961.877;2840595.948;C
1.11.12-6;-16.38665857;-71.51693348;-1939877.775;2840680.628;C
1.11.12-6;-16.38637294;-71.5173133;-1939839.434;2840641.284;C
1.11.12-6;-16.38652448;-71.51744705;-1939855.551;2840624.137;C
1.11.12-7; ; ;-1.516416327;20763369.87;C
1.11.12-7;-16.38794802;-71.51855999;-1940008.76;2840479.341;C
1.11.12-7;-16.38821341;-71.51824846;-1940043.863;2840511.206;C
1.11.12-7;-16.38752542;-71.51764452;-1939970.651;2840588.676;C
1.11.12-7;-16.3872798;-71.51797506;-1939937.63;2840554.398;C
1.11.12-8; ; ;-1.516416327;20763369.87;C
1.11.12-8;-16.38836214;-71.51806307;-1940063.672;2840530.287;C
1.11.12-8;-16.38780771;-71.51779545;-1940001.911;2840567.874;C
1.11.12-8;-16.38826326;-71.51819548;-1940050.387;2840516.562;C
1.11.14-10; ; ;-1.516416327;20763369.87;C
1.11.14-10;-16.38852525;-71.5165345;-1940102.098;2840701.503;C
1.11.14-10;-16.38927421;-71.51541367;-1940204.213;2840818.831;C
1.11.14-10;-16.38882981;-71.51503954;-1940156.721;2840867.063;C
1.11.14-10;-16.38809235;-71.51615972;-1940055.965;2840749.657;C
1.11.14-18; ; ;-1.516416327;20763369.87;C
1.11.14-18;-16.38839703;-71.51799659;-1940068.608;2840537.371;C
1.11.14-18;-16.38899253;-71.51708546;-1940150.05;2840632.922;C
1.11.14-18;-16.3885291;-71.51674537;-1940099.893;2840677.54;C
1.11.14-18;-16.38785449;-71.51776333;-1940007.812;2840570.906;C
1.11.14-19; ; ;-1.516416327;20763369.87;C
1.11.14-19;-16.38776722;-71.51770922;-1939998.242;2840578.183;C
1.11.14-19;-16.38845718;-71.51665877;-1940092.535;2840688.3;C
1.11.14-19;-16.38801464;-71.51629897;-1940045.081;2840734.881;C
1.11.14-19;-16.38731029;-71.51733465;-1939949.283;2840626.625;C
1.11.14-20; ; ;-1.516416327;20763369.87;C
1.11.14-20;-16.38723024;-71.51726464;-1939940.761;2840635.61;C
1.11.14-20;-16.38793359;-71.51620308;-1940036.768;2840746.813;C
1.11.14-20;-16.38743515;-71.51579325;-1939983.377;2840799.798;C
1.11.14-20;-16.38667606;-71.51678094;-1939881.752;2840697.698;C
1.11.14-21; ; ;-1.516416327;20763369.87;C
1.11.14-21;-16.38691523;-71.5163205;-1939915.652;2840746.793;C
1.11.14-21;-16.38736041;-71.51573143;-1939975.376;2840807.785;C
1.11.14-21;-16.38692838;-71.51536956;-1939929.182;2840854.463;C
1.11.14-21;-16.38644696;-71.51596706;-1939865.095;2840792.988;C
1.11.14-22; ; ;-1.516416327;20763369.87;C
1.11.14-22;-16.38636667;-71.5159129;-1939856.345;2840800.178;C
1.11.14-22;-16.38684842;-71.51529678;-1939920.706;2840863.761;C
1.11.14-22;-16.38640351;-71.5149244;-1939873.132;2840911.801;C
1.11.14-22;-16.38591249;-71.51556463;-1939807.378;2840845.605;C
1.11.14-23; ; ;-1.516416327;20763369.87;C
1.11.14-23;-16.38583173;-71.51550377;-1939798.657;2840853.56;C
1.11.14-23;-16.38634138;-71.51487693;-1939866.43;2840917.995;C
1.11.14-23;-16.38589622;-71.51448754;-1939819.041;2840967.967;C
1.11.14-23;-16.38538603;-71.51515931;-1939750.638;2840898.444;C
1.11.14-24; ; ;-1.516416327;20763369.87;C
1.11.14-24;-16.3863981;-71.51708231;-1939845.3;2840667.151;C
1.11.14-24;-16.38657936;-71.51686722;-1939869.305;2840689.176;C
1.11.14-24;-16.38661595;-71.51669248;-1939875.805;2840708.515;C
1.11.14-24;-16.38683643;-71.51639251;-1939905.488;2840739.655;C
1.11.14-24;-16.38532197;-71.51524498;-1939742.032;2840889.564;C
1.11.14-24;-16.38481125;-71.51589684;-1939673.818;2840822.306;C
1.11.14-25; ; ;-1.516416327;20763369.87;C
1.11.14-25;-16.38504799;-71.51541426;-1939707.712;2840873.943;C
1.11.14-25;-16.38582641;-71.51443158;-1939811.544;2840975.225;C
1.11.14-25;-16.38540928;-71.51408351;-1939766.927;2841020.144;C
1.11.14-25;-16.3847071;-71.51511699;-1939671.409;2840912.106;C
1.11.14-26; ; ;-1.516416327;20763369.87;C
1.11.14-26;-16.38447582;-71.51615957;-1939631.101;2840796.889;C
1.11.14-26;-16.38495353;-71.51553704;-1939695.067;2840861.252;C
1.11.14-26;-16.38461027;-71.51524162;-1939658.463;2840899.237;C
1.11.14-26;-16.38415021;-71.51595275;-1939595.455;2840824.595;C
1.11.14-27; ; ;-1.516416327;20763369.87;C
1.11.14-27;-16.38457088;-71.51518316;-1939654.574;2840906.381;C
1.11.14-27;-16.38414706;-71.51483118;-1939609.218;2840951.832;C
1.11.14-27;-16.38363993;-71.51558227;-1939540.176;2840873.271;C
1.11.14-27;-16.38407438;-71.51592054;-1939586.952;2840829.237;C
1.11.14-28; ; ;-1.516416327;20763369.87;C
1.11.14-28;-16.38464577;-71.51506784;-1939664.824;2840918.481;C
1.11.14-28;-16.38536294;-71.51403299;-1939762.119;2841026.479;C
1.11.14-28;-16.38493253;-71.5136814;-1939715.986;2841071.972;C
1.11.14-28;-16.3842358;-71.51470657;-1939621.214;2840964.804;C
1.11.14-29; ; ;-1.516416327;20763369.87;C
1.11.14-29;-16.3854237;-71.51388594;-1939771.111;2841042.362;C
1.11.14-29;-16.38622665;-71.51279951;-1939879.136;2841155.088;C
1.11.14-29;-16.38578113;-71.51240543;-1939831.763;2841205.598;C
1.11.14-29;-16.38502249;-71.51353246;-1939728.431;2841087.688;C
1.11.16-7; ; ;-1.516416327;20763369.87;C
1.11.16-7;-16.38894857;-71.51372198;-1940187.281;2841014.931;C
1.11.16-7;-16.38967989;-71.51277194;-1940285.174;2841113.12;C
1.11.16-7;-16.38924762;-71.51241536;-1940238.885;2841159.204;C
1.11.16-7;-16.38852091;-71.51335359;-1940141.683;2841062.293;C
1.11.16-8; ; ;-1.516416327;20763369.87;C
1.11.16-8;-16.38836908;-71.51445513;-1940109.961;2840939.354;C
1.11.16-8;-16.38888185;-71.51380762;-1940178.363;2841006.089;C
1.11.16-8;-16.38843737;-71.51345394;-1940130.604;2841052.004;C
1.11.16-8;-16.38793569;-71.51408749;-1940063.68;2840986.706;C
1.11.16-9; ; ;-1.516416327;20763369.87;C
1.11.16-9;-16.38785114;-71.51401753;-1940054.629;2840995.744;C
1.11.16-9;-16.3883619;-71.51338364;-1940122.624;2841060.962;C
1.11.16-9;-16.3879308;-71.51299804;-1940076.839;2841110.321;C
1.11.16-9;-16.3874151;-71.51364033;-1940008.158;2841044.215;C
1.11.16-10; ; ;-1.516416327;20763369.87;C
1.11.16-10;-16.38843157;-71.51327612;-1940132.164;2841072.245;C
1.11.16-10;-16.38918698;-71.51233838;-1940232.732;2841168.725;C
1.11.16-10;-16.38874358;-71.51196912;-1940185.297;2841216.393;C
1.11.16-10;-16.388006;-71.51291549;-1940086.714;2841118.701;C
1.11.16-11; ; ;-1.516416327;20763369.87;C
1.11.16-11;-16.3879285;-71.51285107;-1940078.422;2841127.019;C
1.11.16-11;-16.38867021;-71.51188936;-1940177.683;2841226.397;C
1.11.16-11;-16.38822029;-71.51152838;-1940129.376;2841273.211;C
1.11.16-11;-16.38748415;-71.51247005;-1940031.021;2841176.032;C
1.11.16-12; ; ;-1.516416327;20763369.87;C
1.11.16-12;-16.38734448;-71.5135911;-1940000.482;2841050.72;C
1.11.16-12;-16.38786272;-71.51294115;-1940069.558;2841117.662;C
1.11.16-12;-16.38740601;-71.51258266;-1940020.422;2841164.281;C
1.11.16-12;-16.38691859;-71.51321525;-1939955.185;2841098.905;C
1.11.16-14; ; ;-1.516416327;20763369.87;C
1.11.16-14;-16.38682417;-71.5131523;-1939944.886;2841107.277;C
1.11.16-14;-16.3873408;-71.51250023;-1940013.8;2841174.481;C
1.11.16-14;-16.38690193;-71.51212313;-1939966.995;2841222.978;C
1.11.16-14;-16.38638678;-71.51277567;-1939898.249;2841155.702;C
1.11.16-15; ; ;-1.516416327;20763369.87;C
1.11.16-15;-16.38659329;-71.51234547;-1939927.933;2841201.794;C
1.11.16-15;-16.38682478;-71.5120576;-1939958.757;2841231.417;C
1.11.16-15;-16.38631622;-71.51162491;-1939904.465;2841287.129;C
1.11.16-15;-16.38610672;-71.5119341;-1939875.955;2841254.8;C
1.11.16-16; ; ;-1.516416327;20763369.87;C
1.11.16-16;-16.3863196;-71.51270713;-1939891.221;2841164.352;C
1.11.16-16;-16.38655294;-71.51239883;-1939922.52;2841196.269;C
1.11.16-16;-16.38607933;-71.51199146;-1939872.014;2841248.652;C
1.11.16-16;-16.38585462;-71.51229391;-1939841.802;2841217.286;C
1.11.16-17; ; ;-1.516416327;20763369.87;C
1.11.16-17;-16.38591786;-71.51430057;-1939823.94;2840988.888;C
1.11.16-17;-16.38674334;-71.5132616;-1939934.013;2841095.937;C
1.11.16-17;-16.38629389;-71.51288438;-1939885.966;2841144.585;C
1.11.16-17;-16.3854856;-71.51394869;-1939777.592;2841034.438;C
1.11.16-18; ; ;-1.516416327;20763369.87;C
1.11.16-18;-16.38642937;-71.51474711;-1939878.404;2840931.568;C
1.11.16-18;-16.38726375;-71.51369684;-1939989.665;2841039.783;C
1.11.16-18;-16.38682346;-71.51332701;-1939942.601;2841087.472;C
1.11.16-18;-16.38598892;-71.51435645;-1939831.584;2840981.624;C
1.11.16-19; ; ;-1.516416327;20763369.87;C
1.11.16-19;-16.38694054;-71.51518349;-1939932.955;2840875.407;C
1.11.16-19;-16.38760197;-71.51436086;-1940021.03;2840960.062;C
1.11.16-19;-16.38778749;-71.51412801;-1940045.759;2840984.046;C
1.11.16-19;-16.38733557;-71.5137603;-1939997.302;2841031.647;C
1.11.16-19;-16.38651127;-71.51481217;-1939887.206;2840923.121;C
1.11.16-20; ; ;-1.516416327;20763369.87;C
1.11.16-20;-16.3874501;-71.51562611;-1939987.24;2840818.557;C
1.11.16-20;-16.38828976;-71.5145589;-1940099.334;2840928.622;C
1.11.16-20;-16.38784053;-71.51419957;-1940051.088;2840975.238;C
1.11.16-20;-16.38700889;-71.51525141;-1939940.13;2840866.811;C
1.11.16-21; ; ;-1.516416327;20763369.87;C
1.11.16-21;-16.38799947;-71.51609926;-1940045.817;2840757.727;C
1.11.16-21;-16.38876806;-71.51495988;-1940150.471;2840876.903;C
1.11.16-21;-16.38836806;-71.51463219;-1940107.609;2840919.288;C
1.11.16-21;-16.38751681;-71.51569356;-1939994.227;2840810.037;C
1.11.17-1; ; ;-1.516416327;20763369.87;C
1.11.17-1;-16.38622449;-71.51155283;-1939894.597;2841296.502;C
1.11.17-1;-16.38590828;-71.51129987;-1939860.637;2841329.318;C
1.11.17-1;-16.38588385;-71.51134895;-1939857.148;2841324.071;C
1.11.17-1;-16.38580709;-71.51145282;-1939846.821;2841313.294;C
1.11.17-1;-16.38576003;-71.51152026;-1939840.442;2841306.261;C
1.11.17-1;-16.38571648;-71.51156034;-1939834.82;2841302.283;C
1.11.17-1;-16.38566424;-71.51160588;-1939828.109;2841297.802;C
1.11.17-1;-16.3856084;-71.51162953;-1939821.251;2841295.849;C
1.11.17-1;-16.38551924;-71.51167139;-1939810.249;2841292.265;C
1.11.17-1;-16.38537326;-71.51187764;-1939790.498;2841270.78;C
1.11.17-1;-16.38577121;-71.51222325;-1939832.894;2841226.388;C
1.11.17-2; ; ;-1.516416327;20763369.87;C
1.11.17-2;-16.38522105;-71.51101602;-1939783.477;2841370.485;C
1.11.17-2;-16.38529292;-71.51103422;-1939791.691;2841367.482;C
1.11.17-2;-16.38529816;-71.51103422;-1939792.307;2841367.413;C
1.11.17-2;-16.38536251;-71.51104328;-1939799.753;2841365.545;C
1.11.17-2;-16.38541953;-71.51103794;-1939806.52;2841365.407;C
1.11.17-2;-16.38546245;-71.51102188;-1939811.763;2841366.668;C
1.11.17-2;-16.38550005;-71.51099874;-1939816.473;2841368.801;C
1.11.17-2;-16.38553412;-71.51096323;-1939820.923;2841372.384;C
1.11.17-2;-16.38544379;-71.51089136;-1939811.217;2841381.714;C
1.11.17-2;-16.38540778;-71.51086423;-1939807.328;2841385.261;C
1.11.17-2;-16.38534559;-71.51085458;-1939800.144;2841387.167;C
1.11.17-2;-16.38528818;-71.51085572;-1939793.384;2841387.787;C
1.11.17-2;-16.38523038;-71.51085507;-1939786.603;2841388.616;C
1.11.17-2;-16.38518456;-71.51085998;-1939781.157;2841388.657;C
1.11.17-2;-16.38515092;-71.51086324;-1939777.164;2841388.727;C
1.11.17-2;-16.38511887;-71.51088107;-1939773.174;2841387.123;C
1.11.17-2;-16.38509736;-71.51090818;-1939770.305;2841384.33;C
1.11.17-2;-16.38510612;-71.51094468;-1939770.874;2841380.076;C
1.11.17-3; ; ;-1.516416327;20763369.87;C
1.11.17-3;-16.38543769;-71.51171961;-1939800.06;2841287.861;C
1.11.17-3;-16.38546474;-71.51165709;-1939804.026;2841294.599;C
1.11.17-3;-16.38549415;-71.51160759;-1939808.105;2841299.828;C
1.11.17-3;-16.38553811;-71.51158891;-1939813.504;2841301.373;C
1.11.17-3;-16.38556975;-71.51157817;-1939817.357;2841302.178;C
1.11.17-3;-16.38562312;-71.51154417;-1939824.056;2841305.337;C
1.11.17-3;-16.38572449;-71.51148189;-1939836.751;2841311.076;C
1.11.17-3;-16.38577971;-71.51142798;-1939843.917;2841316.469;C
1.11.17-3;-16.38587259;-71.51125742;-1939856.979;2841334.6;C
1.11.17-3;-16.38580095;-71.51119908;-1939849.298;2841342.151;C
1.11.17-3;-16.38577218;-71.51115079;-1939846.526;2841348.004;C
1.11.17-3;-16.38564467;-71.51104593;-1939832.868;2841361.56;C
1.11.17-3;-16.38559146;-71.51101243;-1939827.039;2841366.055;C
1.11.17-3;-16.38552592;-71.51112966;-1939817.861;2841353.615;C
1.11.17-3;-16.38547469;-71.51115771;-1939811.49;2841351.103;C
1.11.17-3;-16.38542328;-71.51116788;-1939805.321;2841350.621;C
1.11.17-3;-16.38534699;-71.51115223;-1939796.556;2841353.392;C
1.11.17-3;-16.38524792;-71.51110794;-1939785.475;2841359.709;C
1.11.17-3;-16.38513563;-71.51103467;-1939773.207;2841369.484;C
1.11.17-3;-16.38505784;-71.51095077;-1939765.126;2841380.015;C
1.11.17-3;-16.38502263;-71.51089568;-1939761.684;2841386.723;C
1.11.17-3;-16.38498737;-71.51083266;-1939758.336;2841394.331;C
1.11.17-3;-16.38492663;-71.51075861;-1939752.133;2841403.522;C
1.11.17-3;-16.38485334;-71.51068176;-1939744.491;2841413.194;C
1.11.17-3;-16.3847869;-71.51061165;-1939737.57;2841422.013;C
1.11.17-3;-16.38472415;-71.51050864;-1939731.496;2841434.516;C
1.11.17-3;-16.3846486;-71.51045326;-1939723.319;2841441.783;C
1.11.17-3;-16.38464603;-71.51045056;-1939723.05;2841442.122;C
1.11.17-3;-16.38443127;-71.51074864;-1939694.063;2841411.121;C
1.11.17-3;-16.38427099;-71.51098704;-1939672.227;2841386.177;C
1.11.17-3;-16.38534128;-71.51184106;-1939787.202;2841275.346;C
1.11.17-4; ; ;-1.516416327;20763369.87;C
1.11.17-4;-16.38423201;-71.51094193;-1939668.216;2841391.802;C
1.11.17-4;-16.38453318;-71.51051183;-1939709.02;2841436.647;C
1.11.17-4;-16.38452329;-71.51040346;-1939709.225;2841449.067;C
1.11.17-4;-16.38437562;-71.51034029;-1939692.671;2841458.16;C
1.11.17-4;-16.38411919;-71.51033338;-1939662.633;2841462.291;C
1.11.17-4;-16.38401444;-71.51033515;-1939650.304;2841463.458;C
1.11.17-4;-16.38394096;-71.510322;-1939641.836;2841465.909;C
1.11.17-4;-16.38383;-71.51027795;-1939629.356;2841472.354;C
1.11.17-4;-16.38372071;-71.5105304;-1939613.334;2841445.15;C
1.11.18-1; ; ;-1.516416327;20763369.87;C
1.11.18-1;-16.38355676;-71.51552012;-1939531.188;2840881.405;C
1.11.18-1;-16.38406094;-71.51475508;-1939600.06;2840961.585;C
1.11.18-1;-16.3836339;-71.51436598;-1939554.794;2841011.288;C
1.11.18-1;-16.3831126;-71.51513659;-1939483.841;2840930.698;C
1.11.18-2; ; ;-1.516416327;20763369.87;C
1.11.18-2;-16.38331936;-71.5146252;-1939514.575;2840985.996;C
1.11.18-2;-16.38354692;-71.51430606;-1939545.331;2841019.219;C
1.11.18-2;-16.38311343;-71.51392309;-1939499.231;2841068.31;C
1.11.18-2;-16.38260704;-71.51465111;-1939430.565;2840992.356;C
1.11.18-2;-16.38303864;-71.51504546;-1939476.301;2840941.999;C
1.11.18-3; ; ;-1.516416327;20763369.87;C
1.11.18-3;-16.38301419;-71.51385238;-1939488.463;2841077.625;C
1.11.18-3;-16.38257806;-71.51346205;-1939442.144;2841127.586;C
1.11.18-3;-16.38215902;-71.51407228;-1939385.225;2841063.85;C
1.11.18-3;-16.38256501;-71.51451981;-1939427.282;2841007.795;C
1.11.18-4; ; ;-1.516416327;20763369.87;C
1.11.18-4;-16.38249768;-71.51341907;-1939433.243;2841133.51;C
1.11.18-4;-16.38204773;-71.51303335;-1939385.243;2841183.128;C
1.11.18-4;-16.38165992;-71.51354371;-1939333.25;2841130.31;C
1.11.18-4;-16.38211468;-71.51397414;-1939381.252;2841075.559;C
1.11.18-9; ; ;-1.516416327;20763369.87;C
1.11.18-9;-16.38257719;-71.51327808;-1939444.361;2841148.462;C
1.11.18-9;-16.38328166;-71.51225222;-1939540.052;2841255.609;C
1.11.18-9;-16.38282633;-71.511875;-1939491.313;2841304.335;C
1.11.18-9;-16.38212895;-71.5128847;-1939396.658;2841198.927;C
1.11.18-10; ; ;-1.516416327;20763369.87;C
1.11.18-10;-16.38310883;-71.5137219;-1939501.226;2841091.187;C
1.11.18-10;-16.38380773;-71.51268938;-1939596.346;2841199.162;C
1.11.18-10;-16.38336433;-71.51232725;-1939548.819;2841246.02;C
1.11.18-10;-16.38265392;-71.51334436;-1939452.54;2841139.943;C
1.11.18-11; ; ;-1.516416327;20763369.87;C
1.11.18-11;-16.38363746;-71.51417426;-1939557.628;2841032.984;C
1.11.18-11;-16.38432604;-71.51314763;-1939651.462;2841140.424;C
1.11.18-11;-16.38388612;-71.512778;-1939604.438;2841188.087;C
1.11.18-11;-16.38319198;-71.51378972;-1939510.14;2841082.411;C
1.11.18-12; ; ;-1.516416327;20763369.87;C
1.11.18-12;-16.3841448;-71.51463083;-1939611.477;2840974.582;C
1.11.18-12;-16.38454964;-71.51403126;-1939666.594;2841037.294;C
1.11.18-12;-16.38485128;-71.51359041;-1939707.587;2841083.351;C
1.11.18-12;-16.38440919;-71.5132266;-1939660.236;2841130.383;C
1.11.18-12;-16.38370513;-71.5142435;-1939564.706;2841024.248;C
1.11.18-13; ; ;-1.516416327;20763369.87;C
1.11.18-13;-16.3849285;-71.51346436;-1939718.248;2841096.638;C
1.11.18-13;-16.38542949;-71.51272966;-1939786.365;2841173.419;C
1.11.18-13;-16.38569274;-71.51233747;-1939822.236;2841214.46;C
1.11.18-13;-16.385251;-71.51196829;-1939774.993;2841262.096;C
1.11.18-13;-16.38447263;-71.51308509;-1939669.472;2841145.603;C
1.11.18-14; ; ;-1.516416327;20763369.87;C
1.11.18-14;-16.38440853;-71.51302199;-1939662.737;2841153.597;C
1.11.18-14;-16.38485412;-71.51236857;-1939723.322;2841221.882;C
1.11.18-14;-16.38516767;-71.51190671;-1939765.979;2841270.168;C
1.11.18-14;-16.38473159;-71.51153115;-1939719.481;2841318.454;C
1.11.18-14;-16.38396901;-71.51265381;-1939615.742;2841201.09;C
1.11.18-15; ; ;-1.516416327;20763369.87;C
1.11.18-15;-16.38464682;-71.51145064;-1939710.537;2841328.692;C
1.11.18-15;-16.38420353;-71.51108585;-1939663.056;2841375.852;C
1.11.18-15;-16.38392343;-71.5114876;-1939625.086;2841333.945;C
1.11.18-15;-16.3834437;-71.51220171;-1939559.725;2841259.221;C
1.11.18-15;-16.38388001;-71.51257277;-1939606.307;2841211.443;C
1.11.18-16; ; ;-1.516416327;20763369.87;C
1.11.18-16;-16.38336258;-71.51213426;-1939551.045;2841267.93;C
1.11.18-16;-16.38369878;-71.51163233;-1939596.869;2841320.465;C
1.11.18-16;-16.38411844;-71.5110155;-1939653.946;2841384.941;C
1.11.18-16;-16.38368572;-71.51063386;-1939607.919;2841433.873;C
1.11.18-16;-16.3829202;-71.51174941;-1939503.923;2841317.352;C
1.11.19-1; ; ;-1.516416327;20763369.87;C
1.11.19-1;-16.38433633;-71.51639794;-1939611.71;2840771.676;C
1.11.19-1;-16.38446754;-71.51621257;-1939629.46;2840790.986;C
1.11.19-1;-16.3840781;-71.51599093;-1939586.502;2840821.205;C
1.11.19-1;-16.38382321;-71.51581172;-1939558.816;2840844.857;C
1.11.19-1;-16.38356434;-71.51562408;-1939530.769;2840869.517;C
1.11.19-1;-16.38342014;-71.51580876;-1939511.501;2840850.454;C
1.11.19-2; ; ;-1.516416327;20763369.87;C
1.11.19-2;-16.38350087;-71.5156914;-1939522.463;2840862.71;C
1.11.19-2;-16.38356195;-71.51560389;-1939530.743;2840871.837;C
1.11.19-2;-16.38321176;-71.51532344;-1939493.135;2840908.214;C
1.11.19-2;-16.38303304;-71.51516944;-1939474.081;2840928.011;C
1.11.19-2;-16.38292316;-71.51506608;-1939462.474;2840941.168;C
1.11.19-2;-16.38274352;-71.51486609;-1939443.89;2840966.194;C
1.11.19-2;-16.38259449;-71.51468212;-1939428.7;2840989.003;C
1.11.19-2;-16.38249045;-71.51483968;-1939414.492;2840972.492;C
1.11.19-2;-16.38282728;-71.51528498;-1939448.452;2840917.594;C
1.11.19-2;-16.38313486;-71.51560869;-1939480.507;2840876.867;C
1.11.19-2;-16.38340242;-71.51580293;-1939509.493;2840851.347;C
1.11.19-3; ; ;-1.516416327;20763369.87;C
1.11.19-3;-16.38190194;-71.51381604;-1939358.252;2841096.266;C
1.11.19-3;-16.38169413;-71.51363962;-1939336.061;2841118.986;C
1.11.19-3;-16.38157971;-71.51356312;-1939323.583;2841129.156;C
1.11.19-3;-16.38145439;-71.51352671;-1939309.319;2841134.921;C
1.11.19-3;-16.38125223;-71.51346959;-1939286.289;2841144.038;C
1.11.19-3;-16.38089623;-71.51347074;-1939244.451;2841148.555;C
1.11.19-3;-16.3808006;-71.5136297;-1939231.214;2841131.775;C
1.11.19-3;-16.38088149;-71.51369305;-1939239.918;2841123.534;C
1.11.19-3;-16.38111558;-71.51365724;-1939267.871;2841124.54;C
1.11.19-3;-16.38125079;-71.51364833;-1939283.867;2841123.785;C
1.11.19-3;-16.3813083;-71.51368803;-1939290.124;2841118.533;C
1.11.19-3;-16.38138079;-71.51371261;-1939298.33;2841114.799;C
1.11.19-3;-16.38157648;-71.51377147;-1939320.578;2841105.569;C
1.11.19-3;-16.38179234;-71.51394592;-1939343.74;2841082.966;C
1.11.19-3;-16.38193336;-71.5140972;-1939358.4;2841063.97;C
1.11.19-3;-16.38204496;-71.51418923;-1939370.351;2841052.076;C
1.11.19-3;-16.3821686;-71.51423096;-1939384.351;2841045.728;C
1.11.19-3;-16.38220139;-71.51418703;-1939388.757;2841050.283;C
1.11.19-3;-16.38208887;-71.51404169;-1939377.37;2841068.235;C
1.11.64-20; ; ;-1.516416327;20763369.87;C
1.11.64-20;-16.3961428;-71.50994637;-1941080.076;2841349.123;C
1.11.64-20;-16.39599237;-71.50989333;-1941063.072;2841357.103;C
1.11.64-20;-16.39543907;-71.51151282;-1940977.644;2841180.678;C
1.11.64-20;-16.39560938;-71.5115431;-1940997.27;2841175.019;C
1.11.1-1; ; ;-1.516416327;20763369.87;NA
1.11.1-1;-16.39270147;-71.52838897;-1940443.319;2839302.703;NA
1.11.1-1;-16.39327393;-71.52839019;-1940510.551;2839295.093;NA
1.11.1-1;-16.39324349;-71.5274907;-1940518.308;2839397.486;NA
1.11.1-1;-16.39245979;-71.52745304;-1940426.72;2839411.986;NA
1.11.1-1;-16.39219533;-71.52745601;-1940395.617;2839415.101;NA
1.11.1-1;-16.39207078;-71.52748776;-1940380.586;2839413.126;NA
1.11.1-1;-16.39174225;-71.52766679;-1940339.738;2839397.113;NA
1.11.1-1;-16.39116702;-71.5278897;-1940269.357;2839379.342;NA
1.11.1-1;-16.39125288;-71.52813181;-1940276.393;2839350.767;NA
1.11.1-1;-16.39173551;-71.52812769;-1940333.14;2839344.936;NA
1.11.1-1;-16.39224334;-71.52814245;-1940392.609;2839336.636;NA
1.11.1-1;-16.39257946;-71.52816905;-1940431.757;2839329.233;NA
1.11.1-1;-16.39258211;-71.52797663;-1940434.494;2839351.017;NA
1.11.1-1;-16.392629;-71.52800093;-1940439.695;2839347.65;NA
1.11.1-1;-16.39263754;-71.52826225;-1940437.407;2839317.907;NA
1.11.6-7; ; ;-1.516416327;20763369.87;NA
1.11.6-7;-16.39942981;-71.51228232;-1941436.77;2841041.27;NA
1.11.6-7;-16.39939591;-71.51207708;-1941435.377;2841064.987;NA
1.11.6-7;-16.39908542;-71.51213202;-1941398.207;2841062.814;NA
1.11.6-7;-16.39910681;-71.51222845;-1941399.504;2841051.599;NA
1.11.8-6; ; ;-1.516416327;20763369.87;NA
1.11.8-6;-16.39637977;-71.51573622;-1941034.896;2840689.451;NA
1.11.8-6;-16.39582289;-71.51534051;-1940974.464;2840741.599;NA
1.11.8-6;-16.39570294;-71.51555041;-1940957.726;2840719.363;NA
1.11.8-6;-16.39588229;-71.51567783;-1940977.189;2840702.571;NA
1.11.8-6;-16.39593162;-71.51560515;-1940983.901;2840710.169;NA
1.11.8-6;-16.39598641;-71.51585489;-1940987.188;2840681.133;NA
1.11.8-6;-16.39619116;-71.51599598;-1941009.463;2840662.459;NA
1.11.8-7; ; ;-1.516416327;20763369.87;NA
1.11.8-7;-16.39585807;-71.51608741;-1940969.18;2840656.442;NA
1.11.8-7;-16.39586287;-71.51614507;-1940969.016;2840649.841;NA
1.11.8-7;-16.39581542;-71.51613727;-1940963.541;2840651.344;NA
1.11.8-7;-16.39564875;-71.51637999;-1940940.9;2840625.998;NA
1.11.8-7;-16.39581398;-71.51649816;-1940958.82;2840610.439;NA
1.11.8-7;-16.39598008;-71.51622887;-1940981.729;2840638.806;NA
1.11.8-7;-16.39587285;-71.51614767;-1940970.156;2840649.415;NA
1.11.8-7;-16.39587055;-71.51609001;-1940970.613;2840655.984;NA
1.11.8-7;-16.39598069;-71.51592782;-1940985.597;2840672.938;NA
1.11.8-7;-16.39574723;-71.51576911;-1940960.171;2840693.985;NA
1.11.8-7;-16.39565616;-71.51591541;-1940947.628;2840678.584;NA
1.11.8-7;-16.39583822;-71.51605339;-1940967.277;2840660.558;NA
1.11.8-8; ; ;-1.516416327;20763369.87;NA
1.11.8-8;-16.39556721;-71.51581205;-1940938.482;2840691.467;NA
1.11.8-8;-16.39569608;-71.51563293;-1940955.88;2840710.096;NA
1.11.8-8;-16.39541439;-71.51542508;-1940925.409;2840737.345;NA
1.11.8-8;-16.39525838;-71.51566885;-1940904.006;2840711.74;NA
1.11.8-8;-16.39548013;-71.51582839;-1940928.046;2840690.751;NA
1.11.9-48; ; ;-1.516416327;20763369.87;NA
1.11.9-48;-16.39053288;-71.52274865;-1940259.636;2839970.6;NA
1.11.9-48;-16.39064876;-71.5225802;-1940275.371;2839988.188;NA
1.11.9-48;-16.39025225;-71.52224847;-1940232.971;2840030.982;NA
1.11.9-48;-16.39013423;-71.52240106;-1940217.184;2840015.22;NA
1.11.16-5; ; ;-1.516416327;20763369.87;NA
1.11.16-5;-16.38882143;-71.51483144;-1940158.359;2840890.771;NA
1.11.16-5;-16.38925038;-71.51417016;-1940217.088;2840960.163;NA
1.11.16-5;-16.38895228;-71.51391235;-1940185.318;2840993.293;NA
1.11.16-5;-16.38847258;-71.51454511;-1940120.986;2840927.799;NA
1.11.34-1; ; ;-1.516416327;20763369.87;NA
1.11.34-1;-16.38583945;-71.51057184;-1939861.728;2841412.783;NA
1.11.34-1;-16.3859617;-71.51027675;-1939879.81;2841444.653;NA
1.11.34-1;-16.38600343;-71.50995552;-1939888.763;2841480.539;NA
1.11.34-1;-16.385793;-71.50995693;-1939864.023;2841483.128;NA
1.11.34-1;-16.38581696;-71.51006976;-1939865.416;2841470.018;NA
1.11.34-1;-16.38558863;-71.51063681;-1939831.442;2841408.69;NA
1.11.34-1;-16.38552872;-71.51084744;-1939821.748;2841385.586;NA
1.11.34-1;-16.38560129;-71.5108933;-1939829.696;2841379.437;NA
1.11.63-2; ; ;-1.516416327;20763369.87;NA
1.11.63-2;-16.39108563;-71.51105158;-1940472.012;2841289.858;NA
1.11.63-2;-16.39156612;-71.51072099;-1940532.63;2841321.072;NA
1.11.63-2;-16.39119866;-71.51008622;-1940497.464;2841397.859;NA
1.11.63-2;-16.39087738;-71.51027429;-1940457.349;2841380.728;NA
1.11.63-2;-16.39087736;-71.51027745;-1940457.306;2841380.37;NA
1.11.63-2;-16.39071149;-71.51065538;-1940433.054;2841339.677;NA
1.11.63-2;-16.39048106;-71.51084107;-1940403.642;2841321.628;NA
1.11.63-2;-16.39050991;-71.51122497;-1940402.19;2841277.714;NA
1.11.63-2;-16.39088195;-71.51114902;-1940446.855;2841281.468;NA
1.11.64-1; ; ;-1.516416327;20763369.87;NA
1.11.64-1;-16.3953734;-71.5125605;-1940956.715;2841062.726;NA
1.11.64-1;-16.39526515;-71.51246625;-1940945.186;2841074.829;NA
1.11.64-1;-16.39418757;-71.51402776;-1940798.902;2840911.828;NA
1.11.64-1;-16.39432832;-71.51413007;-1940814.148;2840898.387;NA
1.11.64-10; ; ;-1.516416327;20763369.87;NA
1.11.64-10;-16.39368996;-71.511378;-1940773.857;2841218.818;NA
1.11.64-10;-16.3936734;-71.51133491;-1940772.455;2841223.922;NA
1.11.64-10;-16.39366788;-71.51128312;-1940772.46;2841229.867;NA
1.11.64-10;-16.39367066;-71.51122839;-1940773.476;2841236.038;NA
1.11.64-10;-16.3936762;-71.5111736;-1940774.818;2841242.178;NA
1.11.64-10;-16.39355201;-71.51108515;-1940761.343;2841253.831;NA
1.11.64-10;-16.39301101;-71.5118686;-1940687.906;2841172.053;NA
1.11.64-10;-16.3932822;-71.51206891;-1940717.24;2841145.794;NA
1.11.64-10;-16.39372864;-71.51143252;-1940777.713;2841212.13;NA
1.11.64-11; ; ;-1.516416327;20763369.87;NA
1.11.64-11;-16.39392616;-71.51149456;-1940800.136;2841202.515;NA
1.11.64-11;-16.39388719;-71.51150052;-1940795.482;2841202.347;NA
1.11.64-11;-16.39381762;-71.51148624;-1940787.49;2841204.877;NA
1.11.64-11;-16.39369229;-71.51164617;-1940770.748;2841188.377;NA
1.11.64-11;-16.39439797;-71.51215452;-1940847.241;2841121.509;NA
1.11.64-11;-16.39455439;-71.511933;-1940868.412;2841144.586;NA
1.11.64-11;-16.39394566;-71.51148867;-1940802.501;2841202.928;NA
1.11.64-12; ; ;-1.516416327;20763369.87;NA
1.11.64-12;-16.39520647;-71.5124068;-1940939.043;2841082.337;NA
1.11.64-12;-16.39458813;-71.51197228;-1940871.88;2841139.691;NA
1.11.64-12;-16.39444606;-71.51217927;-1940852.579;2841118.074;NA
1.11.64-12;-16.39506131;-71.51262652;-1940919.219;2841059.317;NA
1.11.64-13; ; ;-1.516416327;20763369.87;NA
1.11.64-13;-16.3952225;-71.51209167;-1940944.901;2841117.865;NA
1.11.64-13;-16.3953103;-71.51159565;-1940961.47;2841172.967;NA
1.11.64-13;-16.39485734;-71.51156548;-1940908.638;2841182.306;NA
1.11.64-13;-16.39415524;-71.51103251;-1940832.875;2841251.92;NA
1.11.64-13;-16.39407688;-71.5111532;-1940822.147;2841239.258;NA
1.11.64-13;-16.39411626;-71.51120903;-1940826.069;2841232.411;NA
1.11.64-13;-16.39413036;-71.51125606;-1940827.133;2841226.894;NA
1.11.64-13;-16.39413042;-71.51130308;-1940826.547;2841221.56;NA
1.11.64-13;-16.39516295;-71.51209729;-1940937.833;2841118.005;NA
1.11.64-19; ; ;-1.516416327;20763369.87;NA
1.11.64-19;-16.3955788;-71.51161018;-1940992.831;2841167.812;NA
1.11.64-19;-16.3954274;-71.51160725;-1940975.081;2841170.121;NA
1.11.64-19;-16.39529594;-71.51220906;-1940952.048;2841103.593;NA
1.11.64-19;-16.39543877;-71.51231687;-1940967.468;2841089.501;NA
1.11.69-3; ; ;-1.516416327;20763369.87;NA
1.11.69-3;-16.40252238;-71.52930138;-1941585.473;2839071.039;NA
1.11.69-3;-16.40348145;-71.52847341;-1941708.569;2839152.396;NA
1.11.69-3;-16.40385778;-71.52805278;-1941758.078;2839195.175;NA
1.11.69-3;-16.40393158;-71.5279042;-1941768.62;2839211.058;NA
1.11.69-3;-16.4038673;-71.52785289;-1941761.716;2839217.716;NA
1.11.69-3;-16.40423278;-71.52745259;-1941809.695;2839258.33;NA
1.11.69-3;-16.40290824;-71.52580669;-1941674.851;2839462.253;NA
1.11.69-3;-16.40273267;-71.52598224;-1941652.014;2839444.64;NA
1.11.69-3;-16.40271516;-71.52616388;-1941647.667;2839424.273;NA
1.11.69-3;-16.40265334;-71.52633846;-1941638.204;2839405.286;NA
1.11.69-3;-16.40253235;-71.52648146;-1941622.189;2839390.651;NA
1.11.69-3;-16.40246869;-71.52647308;-1941614.817;2839392.432;NA
1.11.69-3;-16.402184;-71.52676286;-1941577.721;2839363.293;NA
1.11.69-3;-16.40210245;-71.52689924;-1941566.423;2839348.895;NA
1.11.69-3;-16.40198068;-71.52703646;-1941550.389;2839334.926;NA
1.11.69-3;-16.40107823;-71.52753342;-1941438.114;2839290.36;NA