ident;lat;long;y_proj;x_proj;ingreso_economico
6.92.18-2; ; ;-1.516416327;20763369.87;D
6.92.18-2;-16.33135659;-72.18676531;-1925123.604;2765553.85;D
6.92.18-2;-16.3316473;-72.1872113;-1925152.238;2765499.803;D
6.92.18-2;-16.33199114;-72.18703441;-1925194.624;2765515.49;D
6.92.18-2;-16.33157164;-72.18625543;-1925154.94;2765608.785;D
6.92.18-2;-16.33050686;-72.18599268;-1925033.485;2765651.814;D
6.92.18-2;-16.33037672;-72.18649891;-1925012.131;2765596.228;D
6.92.18-2;-16.33121211;-72.18669071;-1925107.595;2765564.09;D
6.92.18-3; ; ;-1.516416327;20763369.87;D
6.92.18-3;-16.33242105;-72.1864528;-1925251.977;2765575.842;D
6.92.18-3;-16.33168224;-72.18629443;-1925167.414;2765602.992;D
6.92.18-3;-16.33207911;-72.18696535;-1925205.755;2765522.193;D
6.92.18-3;-16.33255701;-72.18668344;-1925265.102;2765548.072;D
6.92.18-4; ; ;-1.516416327;20763369.87;D
6.92.18-4;-16.33250279;-72.18790736;-1925243.957;2765410.42;D
6.92.18-4;-16.33204349;-72.18712067;-1925199.708;2765505.085;D
6.92.18-4;-16.33170077;-72.18733258;-1925157.031;2765485.426;D
6.92.18-4;-16.33216245;-72.1881258;-1925201.48;2765389.993;D
6.92.18-5; ; ;-1.516416327;20763369.87;D
6.92.18-5;-16.33259683;-72.18713403;-1925264.314;2765496.646;D
6.92.18-5;-16.33271766;-72.18692522;-1925280.983;2765518.733;D
6.92.18-5;-16.33256157;-72.1867955;-1925264.281;2765535.349;D
6.92.18-5;-16.33213255;-72.18706237;-1925210.838;2765510.558;D
6.92.18-5;-16.33259559;-72.18786774;-1925255.298;2765413.736;D
6.92.18-5;-16.33290143;-72.18768743;-1925293.276;2765430.285;D
6.92.18-7; ; ;-1.516416327;20763369.87;D
6.92.18-7;-16.33257573;-72.18802056;-1925251.126;2765396.712;D
6.92.18-7;-16.332236;-72.18822778;-1925208.856;2765377.546;D
6.92.18-7;-16.3326786;-72.18901366;-1925251.16;2765283.183;D
6.92.18-7;-16.33302164;-72.18879595;-1925293.944;2765303.494;D
6.92.18-8; ; ;-1.516416327;20763369.87;D
6.92.18-8;-16.33295685;-72.18776906;-1925298.776;2765420.365;D
6.92.18-8;-16.3326526;-72.18795619;-1925260.902;2765403.025;D
6.92.18-8;-16.33310567;-72.188745;-1925304.396;2765308.2;D
6.92.18-8;-16.33342922;-72.18857356;-1925344.339;2765323.526;D
6.92.18-9; ; ;-1.516416327;20763369.87;D
6.92.18-9;-16.33335573;-72.1875283;-1925348.376;2765442.583;D
6.92.18-9;-16.33302231;-72.18773527;-1925306.846;2765423.365;D
6.92.18-9;-16.33349094;-72.18853941;-1925351.976;2765326.612;D
6.92.18-9;-16.33381516;-72.18832499;-1925392.518;2765346.786;D
6.92.18-10; ; ;-1.516416327;20763369.87;D
6.92.18-10;-16.33387879;-72.18841341;-1925398.897;2765335.997;D
6.92.18-10;-16.33353939;-72.18862515;-1925356.611;2765316.315;D
6.92.18-10;-16.33397624;-72.18937389;-1925398.69;2765226.223;D
6.92.18-10;-16.33432073;-72.18918152;-1925441.338;2765243.651;D
6.92.18-11; ; ;-1.516416327;20763369.87;D
6.92.18-11;-16.33346749;-72.18866091;-1925347.763;2765313.173;D
6.92.18-11;-16.33318093;-72.1888517;-1925311.914;2765295.198;D
6.92.18-11;-16.33360003;-72.18959686;-1925351.96;2765205.732;D
6.92.18-11;-16.33390237;-72.18941044;-1925389.603;2765223.016;D
6.92.18-12; ; ;-1.516416327;20763369.87;D
6.92.18-12;-16.33350605;-72.18966327;-1925340.157;2765199.403;D
6.92.18-12;-16.33306993;-72.18889372;-1925298.414;2765291.84;D
6.92.18-12;-16.33272815;-72.18910151;-1925255.898;2765272.634;D
6.92.18-12;-16.33316254;-72.18987315;-1925297.414;2765179.984;D
6.92.18-13; ; ;-1.516416327;20763369.87;D
6.92.18-13;-16.33287289;-72.18956486;-1925267.237;2765218.453;D
6.92.18-13;-16.33263499;-72.18916235;-1925244.258;2765266.924;D
6.92.18-13;-16.33146501;-72.18990512;-1925098.336;2765197.623;D
6.92.18-13;-16.33185188;-72.19020219;-1925140.026;2765159.204;D
6.92.18-14; ; ;-1.516416327;20763369.87;D
6.92.18-14;-16.33136567;-72.18997459;-1925085.869;2765191.015;D
6.92.18-14;-16.33108467;-72.19013865;-1925050.995;2765175.99;D
6.92.18-14;-16.33180859;-72.19070304;-1925128.905;2765103.14;D
6.92.18-14;-16.33210759;-72.19054242;-1925165.844;2765117.55;D
6.92.18-15; ; ;-1.516416327;20763369.87;D
6.92.18-15;-16.33307332;-72.19126876;-1925270.099;2765023.369;D
6.92.18-15;-16.33228149;-72.19066979;-1925184.659;2765100.978;D
6.92.18-15;-16.33209653;-72.19091297;-1925160.07;2765075.809;D
6.92.18-15;-16.33289154;-72.19152297;-1925245.749;2764996.914;D
6.92.18-16; ; ;-1.516416327;20763369.87;D
6.92.18-16;-16.3336241;-72.18985721;-1925351.63;2765176.006;D
6.92.18-16;-16.33329041;-72.1900698;-1925310.002;2765156.158;D
6.92.18-16;-16.33372127;-72.19084273;-1925351.089;2765063.407;D
6.92.18-16;-16.33407963;-72.19063012;-1925395.604;2765082.949;D
6.92.18-17; ; ;-1.516416327;20763369.87;D
6.92.18-17;-16.33401964;-72.18961476;-1925400.858;2765198.455;D
6.92.18-17;-16.33372577;-72.18979962;-1925364.227;2765181.242;D
6.92.18-17;-16.33414452;-72.19055557;-1925404.101;2765090.563;D
6.92.18-17;-16.33445061;-72.19037341;-1925442.13;2765107.318;D
6.92.18-18; ; ;-1.516416327;20763369.87;D
6.92.18-18;-16.3344228;-72.18937876;-1925450.9;2765220.08;D
6.92.18-18;-16.3340934;-72.18958313;-1925409.873;2765201.107;D
6.92.18-18;-16.33452766;-72.19035744;-1925451.341;2765108.158;D
6.92.18-18;-16.33486984;-72.19012895;-1925494.154;2765129.696;D
6.92.18-19; ; ;-1.516416327;20763369.87;D
6.92.18-19;-16.33414436;-72.19177943;-1925389.286;2764952.245;D
6.92.18-19;-16.33368789;-72.19098034;-1925345.519;2765048.272;D
6.92.18-19;-16.33324245;-72.19126892;-1925289.892;2765021.234;D
6.92.18-19;-16.33402978;-72.1918494;-1925375.029;2764945.771;D
6.92.18-20; ; ;-1.516416327;20763369.87;D
6.92.18-20;-16.33412557;-72.19071225;-1925399.988;2765073.092;D
6.92.18-20;-16.33378591;-72.19094229;-1925357.451;2765051.345;D
6.92.18-20;-16.33423624;-72.19173342;-1925400.597;2764956.295;D
6.92.18-20;-16.33457784;-72.19152163;-1925443.14;2764975.955;D
6.92.18-21; ; ;-1.516416327;20763369.87;D
6.92.18-21;-16.33451712;-72.19045549;-1925448.922;2765097.208;D
6.92.18-21;-16.33418767;-72.19067164;-1925407.748;2765076.904;D
6.92.18-21;-16.33463383;-72.19147115;-1925450.303;2764980.959;D
6.92.18-21;-16.33498264;-72.19127847;-1925493.46;2764998.367;D
6.92.18-22; ; ;-1.516416327;20763369.87;D
6.92.18-22;-16.33491563;-72.19020908;-1925498.545;2765120.068;D
6.92.18-22;-16.33458602;-72.19042587;-1925457.345;2765099.692;D
6.92.18-22;-16.33503716;-72.19123252;-1925500.397;2765002.878;D
6.92.18-22;-16.33537906;-72.19102694;-1925542.9;2765021.831;D
6.92.18-23; ; ;-1.516416327;20763369.87;D
6.92.18-23;-16.33566937;-72.19183166;-1925567.15;2764927.249;D
6.92.18-23;-16.33569056;-72.1917867;-1925570.174;2764932.065;D
6.92.18-23;-16.33571369;-72.19171503;-1925573.748;2764939.876;D
6.92.18-23;-16.33576718;-72.19165233;-1925580.767;2764946.292;D
6.92.18-23;-16.33543583;-72.19112122;-1925548.404;2765010.465;D
6.92.18-23;-16.33504104;-72.19134058;-1925499.545;2764990.616;D
6.92.18-23;-16.33552823;-72.19216123;-1925546.646;2764891.769;D
6.92.18-23;-16.33569853;-72.19204786;-1925567.949;2764902.449;D
6.92.18-24; ; ;-1.516416327;20763369.87;D
6.92.18-24;-16.33548888;-72.19216761;-1925541.963;2764891.541;D
6.92.18-24;-16.33501418;-72.1913653;-1925496.102;2764988.159;D
6.92.18-24;-16.33472178;-72.19155919;-1925459.533;2764969.907;D
6.92.18-24;-16.33518202;-72.19236574;-1925503.652;2764872.991;D
6.92.18-25; ; ;-1.516416327;20763369.87;D
6.92.18-25;-16.33509707;-72.19241;-1925493.174;2764869.052;D
6.92.18-25;-16.33463421;-72.19160366;-1925448.746;2764965.978;D
6.92.18-25;-16.3341285;-72.19192931;-1925385.618;2764935.504;D
6.92.18-25;-16.33491608;-72.1925239;-1925470.613;2764858.445;D
6.92.18-26; ; ;-1.516416327;20763369.87;D
6.92.18-26;-16.33314582;-72.19132306;-1925277.928;2765016.324;D
6.92.18-26;-16.33295912;-72.19156402;-1925253.164;2764991.429;D
6.92.18-26;-16.33484502;-72.19299297;-1925456.625;2764806.322;D
6.92.18-26;-16.33500614;-72.19298017;-1925475.639;2764805.752;D
6.92.18-26;-16.3351123;-72.19293175;-1925488.649;2764809.894;D
6.92.18-26;-16.33517189;-72.19285653;-1925496.533;2764817.65;D
6.92.19-1; ; ;-1.516416327;20763369.87;D
6.92.19-1;-16.33049843;-72.18192518;-1925081.682;2766111.654;D
6.92.19-1;-16.33010162;-72.18179606;-1925036.796;2766131.217;D
6.92.19-1;-16.32990145;-72.18268698;-1925002.592;2766033.025;D
6.92.19-1;-16.33029933;-72.18278376;-1925047.994;2766017.104;D
6.92.19-2; ; ;-1.516416327;20763369.87;D
6.92.19-2;-16.33131646;-72.18264668;-1925168.708;2766019.86;D
6.92.19-2;-16.33048592;-72.182427;-1925074.148;2766055.09;D
6.92.19-2;-16.33038628;-72.18281632;-1925057.778;2766012.334;D
6.92.19-2;-16.33120808;-72.183036;-1925151.314;2765977.214;D
6.92.19-3; ; ;-1.516416327;20763369.87;D
6.92.19-3;-16.33141965;-72.18215101;-1925186.781;2766074.591;D
6.92.19-3;-16.33057916;-72.18194504;-1925090.891;2766108.397;D
6.92.19-3;-16.33048831;-72.18235477;-1925075.301;2766063.224;D
6.92.19-3;-16.33132238;-72.18256404;-1925170.401;2766029.126;D
6.92.19-4; ; ;-1.516416327;20763369.87;D
6.92.19-4;-16.33186971;-72.18236473;-1925236.877;2766044.798;D
6.92.19-4;-16.33150506;-72.18219803;-1925196.21;2766068.206;D
6.92.19-4;-16.33129997;-72.18309295;-1925161.382;2765969.626;D
6.92.19-4;-16.33169046;-72.18318126;-1925206.021;2765954.754;D
6.92.19-5; ; ;-1.516416327;20763369.87;D
6.92.19-5;-16.33244266;-72.18269214;-1925299.982;2766000.616;D
6.92.19-5;-16.33239235;-72.18264063;-1925294.717;2766007.068;D
6.92.19-5;-16.33232653;-72.18259422;-1925287.573;2766013.138;D
6.92.19-5;-16.33206388;-72.18246926;-1925258.34;2766030.551;D
6.92.19-5;-16.33195997;-72.18242474;-1925246.716;2766036.885;D
6.92.19-5;-16.33180531;-72.18316315;-1925219.684;2765955.363;D
6.92.19-5;-16.33180327;-72.18316744;-1925219.392;2765954.903;D
6.92.19-5;-16.33249563;-72.1827682;-1925305.263;2765991.356;D
6.92.19-6; ; ;-1.516416327;20763369.87;D
6.92.19-6;-16.33051223;-72.1818156;-1925084.622;2766123.866;D
6.92.19-6;-16.33058397;-72.18154717;-1925096.265;2766153.307;D
6.92.19-6;-16.33060172;-72.18147787;-1925099.181;2766160.918;D
6.92.19-6;-16.33064515;-72.18142686;-1925104.882;2766166.139;D
6.92.19-6;-16.33069963;-72.1813786;-1925111.842;2766170.912;D
6.92.19-6;-16.33080841;-72.18131937;-1925125.292;2766176.244;D
6.92.19-6;-16.3309088;-72.18128738;-1925137.43;2766178.602;D
6.92.19-6;-16.33100412;-72.18128662;-1925148.596;2766177.494;D
6.92.19-6;-16.33106212;-72.18128761;-1925155.373;2766176.655;D
6.92.19-6;-16.33116529;-72.18132454;-1925167.003;2766171.19;D
6.92.19-6;-16.33132251;-72.18097148;-1925189.676;2766209.125;D
6.92.19-6;-16.33079861;-72.18074086;-1925131.142;2766241.754;D
6.92.19-6;-16.33071299;-72.18072341;-1925121.33;2766244.799;D
6.92.19-6;-16.3306266;-72.18072521;-1925111.196;2766245.678;D
6.92.19-6;-16.3305314;-72.18073569;-1925099.926;2766245.685;D
6.92.19-6;-16.33046501;-72.18078225;-1925091.591;2766241.254;D
6.92.19-6;-16.33041287;-72.18083396;-1925084.863;2766236.062;D
6.92.19-6;-16.33035027;-72.18092848;-1925076.393;2766226.164;D
6.92.19-6;-16.33023453;-72.18130911;-1925058.242;2766184.591;D
6.92.19-6;-16.33013433;-72.18170623;-1925041.711;2766140.96;D
6.92.19-8; ; ;-1.516416327;20763369.87;D
6.92.19-8;-16.33252939;-72.18152322;-1925324.271;2766131.648;D
6.92.19-8;-16.33141402;-72.18101212;-1925199.896;2766203.386;D
6.92.19-8;-16.33124954;-72.1813953;-1925176.009;2766162.136;D
6.92.19-8;-16.33235184;-72.18189666;-1925298.972;2766091.663;D
6.92.19-9; ; ;-1.516416327;20763369.87;D
6.92.19-9;-16.33244339;-72.18250909;-1925302.281;2766021.297;D
6.92.19-9;-16.33248002;-72.18255144;-1925306.057;2766016.051;D
6.92.19-9;-16.33270722;-72.1829139;-1925328.267;2765972.238;D
6.92.19-9;-16.33304473;-72.18271469;-1925370.182;2765990.527;D
6.92.19-9;-16.33278416;-72.18228748;-1925344.849;2766042.076;D
6.92.19-9;-16.3327239;-72.18223034;-1925338.487;2766049.289;D
6.92.19-9;-16.33266486;-72.18217694;-1925332.222;2766056.064;D
6.92.19-9;-16.33224122;-72.18196723;-1925285.171;2766085.073;D
6.92.19-9;-16.33170919;-72.18171857;-1925225.903;2766119.841;D
6.92.19-9;-16.33153297;-72.18210378;-1925200.617;2766078.51;D
6.92.19-9;-16.33237562;-72.18246241;-1925294.913;2766027.421;D
6.92.19-10; ; ;-1.516416327;20763369.87;D
6.92.19-10;-16.33314118;-72.18265722;-1925382.167;2765995.813;D
6.92.19-10;-16.33364861;-72.18237519;-1925444.974;2766021.334;D
6.92.19-10;-16.33362471;-72.18222699;-1925443.969;2766038.384;D
6.92.19-10;-16.33364058;-72.18207374;-1925447.68;2766055.507;D
6.92.19-10;-16.33261096;-72.18157389;-1925333.206;2766124.899;D
6.92.19-10;-16.33244373;-72.18194683;-1925309.121;2766084.842;D
6.92.19-10;-16.33284437;-72.18217228;-1925353.29;2766054.342;D
6.92.19-11; ; ;-1.516416327;20763369.87;D
6.92.19-11;-16.33376116;-72.18164273;-1925467.007;2766102.711;D
6.92.19-11;-16.33296932;-72.18125837;-1925378.969;2766156.072;D
6.92.19-11;-16.33225604;-72.18092147;-1925299.553;2766203.086;D
6.92.19-11;-16.33144446;-72.18054124;-1925209.155;2766256.228;D
6.92.19-11;-16.33087539;-72.18026754;-1925145.854;2766294.291;D
6.92.19-11;-16.33052893;-72.1800959;-1925107.374;2766318.03;D
6.92.19-11;-16.33052251;-72.18012724;-1925106.244;2766314.568;D
6.92.19-11;-16.33051656;-72.18017264;-1925104.999;2766309.511;D
6.92.19-11;-16.33053829;-72.18023221;-1925106.822;2766302.506;D
6.92.19-11;-16.330566;-72.18028115;-1925109.473;2766296.627;D
6.92.19-11;-16.33060333;-72.18032467;-1925113.317;2766291.241;D
6.92.19-11;-16.33065802;-72.18037097;-1925119.158;2766285.323;D
6.92.19-11;-16.3328992;-72.18147458;-1925368.147;2766132.513;D
6.92.19-11;-16.33365796;-72.18184724;-1925452.454;2766080.889;D
6.92.19-12; ; ;-1.516416327;20763369.87;D
6.92.19-12;-16.3341223;-72.18266563;-1925496.908;2765982.574;D
6.92.19-12;-16.3340682;-72.18255996;-1925491.853;2765995.195;D
6.92.19-12;-16.33387895;-72.18256236;-1925469.672;2765997.295;D
6.92.19-12;-16.33371094;-72.18244058;-1925451.479;2766013.163;D
6.92.19-12;-16.33319598;-72.18276699;-1925387.254;2765982.72;D
6.92.19-12;-16.33340079;-72.18311694;-1925406.995;2765940.603;D
6.92.19-13; ; ;-1.516416327;20763369.87;D
6.92.19-13;-16.3343918;-72.18311429;-1925523.026;2765928.489;D
6.92.19-13;-16.33417983;-72.18275828;-1925502.52;2765971.382;D
6.92.19-13;-16.33344639;-72.18320566;-1925411.26;2765930.004;D
6.92.19-13;-16.33365627;-72.18355414;-1925431.612;2765887.989;D
6.92.19-14; ; ;-1.516416327;20763369.87;D
6.92.19-14;-16.33356595;-72.18361797;-1925420.268;2765881.906;D
6.92.19-14;-16.33308397;-72.18280562;-1925373.677;2765979.757;D
6.92.19-14;-16.33274869;-72.18301649;-1925331.881;2765960.124;D
6.92.19-14;-16.33321485;-72.18381548;-1925376.783;2765863.98;D
6.92.19-15; ; ;-1.516416327;20763369.87;D
6.92.19-15;-16.3346582;-72.18356689;-1925548.734;2765873.998;D
6.92.19-15;-16.33443798;-72.18319586;-1925527.445;2765918.692;D
6.92.19-15;-16.33370779;-72.18365262;-1925436.451;2765876.212;D
6.92.19-15;-16.33391693;-72.18401005;-1925456.608;2765833.196;D
6.92.19-16; ; ;-1.516416327;20763369.87;D
6.92.19-16;-16.33361209;-72.18369515;-1925424.735;2765872.604;D
6.92.19-16;-16.33283193;-72.18418111;-1925327.54;2765827.451;D
6.92.19-16;-16.33303471;-72.1845425;-1925346.905;2765784.065;D
6.92.19-16;-16.3338263;-72.18406276;-1925445.363;2765828.373;D
6.92.19-17; ; ;-1.516416327;20763369.87;D
6.92.19-17;-16.33273996;-72.18423115;-1925316.169;2765822.946;D
6.92.19-17;-16.33196094;-72.1847194;-1925219.081;2765777.518;D
6.92.19-17;-16.33218371;-72.18509383;-1925240.628;2765732.409;D
6.92.19-17;-16.33294854;-72.18459793;-1925336.149;2765778.879;D
6.92.19-18; ; ;-1.516416327;20763369.87;D
6.92.19-18;-16.33151679;-72.18545706;-1925158.173;2765699.707;D
6.92.19-18;-16.33176132;-72.18534069;-1925188.202;2765709.798;D
6.92.19-18;-16.33207647;-72.18513711;-1925227.552;2765728.86;D
6.92.19-18;-16.33185679;-72.18472159;-1925206.863;2765778.576;D
6.92.19-18;-16.33177195;-72.1846451;-1925197.858;2765788.283;D
6.92.19-18;-16.3314328;-72.18457125;-1925159.053;2765800.877;D
6.92.19-18;-16.33123076;-72.18542208;-1925125.116;2765707.243;D
6.92.19-18;-16.33139101;-72.18545417;-1925143.486;2765701.608;D
6.92.19-19; ; ;-1.516416327;20763369.87;D
6.92.19-19;-16.33089694;-72.18440707;-1925098.316;2765826.144;D
6.92.19-19;-16.33069725;-72.18527135;-1925064.491;2765730.959;D
6.92.19-19;-16.33113521;-72.18539071;-1925114.312;2765711.985;D
6.92.19-19;-16.33134419;-72.18453772;-1925149.086;2765805.776;D
6.92.19-20; ; ;-1.516416327;20763369.87;D
6.92.19-20;-16.33080652;-72.18436784;-1925088.206;2765831.71;D
6.92.19-20;-16.33003767;-72.18417025;-1925000.601;2765863.671;D
6.92.19-20;-16.32994212;-72.18458354;-1924984.419;2765818.155;D
6.92.19-20;-16.33070175;-72.1847604;-1925071.196;2765788.653;D
6.92.19-21; ; ;-1.516416327;20763369.87;D
6.92.19-21;-16.32995385;-72.18414407;-1924991.106;2765867.68;D
6.92.19-21;-16.32956087;-72.18404495;-1924946.306;2765883.803;D
6.92.19-21;-16.32934971;-72.18494403;-1924910.719;2765784.827;D
6.92.19-21;-16.32973174;-72.18502451;-1924954.462;2765770.948;D
6.92.19-22; ; ;-1.516416327;20763369.87;D
6.92.19-22;-16.33056613;-72.18534704;-1925048.229;2765724.046;D
6.92.19-22;-16.32964205;-72.18511618;-1924942.856;2765761.709;D
6.92.19-22;-16.32956053;-72.18550679;-1924928.592;2765718.581;D
6.92.19-22;-16.33047205;-72.18572715;-1925032.62;2765682.263;D
6.92.19-23; ; ;-1.516416327;20763369.87;D
6.92.19-23;-16.33212851;-72.18523113;-1925232.507;2765717.582;D
6.92.19-23;-16.33171699;-72.185486;-1925181.256;2765693.929;D
6.92.19-23;-16.33157635;-72.18554924;-1925164.03;2765688.542;D
6.92.19-23;-16.33145242;-72.18556635;-1925149.317;2765688.16;D
6.92.19-23;-16.3306437;-72.18540442;-1925056.614;2765716.589;D
6.92.19-23;-16.33055622;-72.18575134;-1925042.18;2765678.474;D
6.92.19-23;-16.33098446;-72.18587477;-1925090.813;2765659.161;D
6.92.19-23;-16.33155589;-72.18600807;-1925156.087;2765636.941;D
6.92.19-23;-16.33164031;-72.18601191;-1925165.923;2765635.449;D
6.92.19-23;-16.33234025;-72.18557909;-1925253.083;2765675.602;D
6.92.19-24; ; ;-1.516416327;20763369.87;D
6.92.19-24;-16.33300408;-72.1846883;-1925341.557;2765767.969;D
6.92.19-24;-16.33222483;-72.18517099;-1925244.509;2765723.173;D
6.92.19-24;-16.33243241;-72.18552162;-1925264.566;2765680.944;D
6.92.19-24;-16.33320667;-72.18503702;-1925361.053;2765726.019;D
6.92.19-25; ; ;-1.516416327;20763369.87;D
6.92.19-25;-16.33387205;-72.18415231;-1925449.635;2765817.679;D
6.92.19-25;-16.33309394;-72.18463108;-1925352.767;2765773.312;D
6.92.19-25;-16.3332962;-72.18497057;-1925372.335;2765732.409;D
6.92.19-25;-16.33407605;-72.18450225;-1925469.281;2765775.572;D
6.92.19-26; ; ;-1.516416327;20763369.87;D
6.92.19-26;-16.33490826;-72.18403601;-1925572.33;2765817.844;D
6.92.19-26;-16.33470011;-72.18366104;-1925552.501;2765862.831;D
6.92.19-26;-16.33395959;-72.18409698;-1925460.55;2765822.836;D
6.92.19-26;-16.33416474;-72.18445988;-1925480.175;2765779.25;D
6.92.19-27; ; ;-1.516416327;20763369.87;D
6.92.19-27;-16.33514306;-72.18442972;-1925595.052;2765770.406;D
6.92.19-27;-16.33495466;-72.1841146;-1925576.81;2765808.381;D
6.92.19-27;-16.33422214;-72.18455093;-1925485.792;2765768.24;D
6.92.19-27;-16.33439864;-72.18487636;-1925502.516;2765729.249;D
6.92.19-28; ; ;-1.516416327;20763369.87;D
6.92.19-28;-16.33334298;-72.1850716;-1925376.59;2765720.404;D
6.92.19-28;-16.33352965;-72.18539056;-1925394.582;2765682.016;D
6.92.19-28;-16.33432099;-72.18491149;-1925493.002;2765726.251;D
6.92.19-28;-16.33413217;-72.18458319;-1925474.871;2765765.721;D
6.92.19-29; ; ;-1.516416327;20763369.87;D
6.92.19-29;-16.33283133;-72.18582346;-1925307.609;2765641.834;D
6.92.19-29;-16.33345031;-72.18545063;-1925384.569;2765676.221;D
6.92.19-29;-16.33326205;-72.1851243;-1925366.479;2765715.461;D
6.92.19-29;-16.33247145;-72.18560628;-1925268.112;2765670.886;D
6.92.19-29;-16.33271157;-72.18601277;-1925291.302;2765621.937;D
6.92.19-29;-16.3328824;-72.18590158;-1925312.642;2765632.365;D
6.92.19-30; ; ;-1.516416327;20763369.87;D
6.92.19-30;-16.33238931;-72.18565269;-1925257.936;2765666.669;D
6.92.19-30;-16.3317522;-72.18607307;-1925178.28;2765627.135;D
6.92.19-30;-16.33251614;-72.18626326;-1925265.398;2765596.073;D
6.92.19-30;-16.33265775;-72.18613038;-1925283.581;2765609.319;D
6.92.19-31; ; ;-1.516416327;20763369.87;D
6.92.19-31;-16.333691;-72.18586845;-1925407.69;2765625.983;D
6.92.19-31;-16.33346347;-72.18547836;-1925385.775;2765672.922;D
6.92.19-31;-16.33318891;-72.18564881;-1925351.575;2765657.096;D
6.92.19-31;-16.33329994;-72.18584604;-1925362.186;2765633.414;D
6.92.19-31;-16.33309509;-72.18598309;-1925336.552;2765620.489;D
6.92.19-31;-16.33308891;-72.18612213;-1925334.148;2765604.852;D
6.92.19-31;-16.3332405;-72.18614507;-1925351.614;2765600.361;D
6.92.19-32; ; ;-1.516416327;20763369.87;D
6.92.19-32;-16.33435282;-72.18496835;-1925496.04;2765719.426;D
6.92.19-32;-16.33357112;-72.18545593;-1925398.646;2765674.108;D
6.92.19-32;-16.33378761;-72.18583255;-1925419.431;2765628.831;D
6.92.19-32;-16.33456401;-72.1853392;-1925516.274;2765674.866;D
6.92.19-33; ; ;-1.516416327;20763369.87;D
6.92.19-33;-16.33464545;-72.18527679;-1925526.562;2765680.9;D
6.92.19-33;-16.33538672;-72.18483666;-1925618.65;2765721.36;D
6.92.19-33;-16.33518371;-72.18448336;-1925599.162;2765763.834;D
6.92.19-33;-16.33444554;-72.18493109;-1925507.344;2765722.475;D
6.92.19-34; ; ;-1.516416327;20763369.87;D
6.92.19-34;-16.33518877;-72.182378;-1925625.218;2766001.724;D
6.92.19-34;-16.33520369;-72.18215561;-1925629.654;2766026.672;D
6.92.19-34;-16.3347658;-72.18210051;-1925579.065;2766038.386;D
6.92.19-34;-16.33453794;-72.18199974;-1925553.613;2766052.629;D
6.92.19-34;-16.33446018;-72.18219571;-1925542.141;2766031.453;D
6.92.19-34;-16.33471621;-72.18232432;-1925570.553;2766013.711;D
6.92.19-35; ; ;-1.516416327;20763369.87;D
6.92.19-35;-16.33553348;-72.18301092;-1925657.912;2765925.871;D
6.92.19-35;-16.33536333;-72.18267484;-1925642.061;2765965.988;D
6.92.19-35;-16.33420275;-72.18242431;-1925509.242;2766008.841;D
6.92.19-35;-16.33480661;-72.18346393;-1925567.351;2765883.776;D
6.92.19-36; ; ;-1.516416327;20763369.87;D
6.92.19-36;-16.33582603;-72.18344762;-1925686.873;2765872.85;D
6.92.19-36;-16.33561001;-72.18308069;-1925666.025;2765917.027;D
6.92.19-36;-16.33488053;-72.18355595;-1925574.89;2765872.449;D
6.92.19-36;-16.33508798;-72.18390783;-1925594.917;2765830.08;D
6.92.19-37; ; ;-1.516416327;20763369.87;D
6.92.19-37;-16.33606855;-72.1838486;-1925710.409;2765824.491;D
6.92.19-37;-16.33586904;-72.18351344;-1925691.111;2765864.871;D
6.92.19-37;-16.33513594;-72.18399045;-1925599.531;2765820.141;D
6.92.19-37;-16.33532868;-72.18430313;-1925618.31;2765782.388;D
6.92.19-38; ; ;-1.516416327;20763369.87;D
6.92.19-38;-16.33556387;-72.18470181;-1925641.017;2765734.383;D
6.92.19-38;-16.33630222;-72.18426147;-1925732.766;2765774.902;D
6.92.19-38;-16.33609184;-72.1839054;-1925712.448;2765817.78;D
6.92.19-38;-16.33535623;-72.18436542;-1925620.781;2765775.002;D
6.92.19-39; ; ;-1.516416327;20763369.87;D
6.92.19-39;-16.33717911;-72.18372811;-1925841.858;2765824.198;D
6.92.19-39;-16.33697409;-72.18337238;-1925822.164;2765866.971;D
6.92.19-39;-16.33616739;-72.18385778;-1925721.868;2765822.216;D
6.92.19-39;-16.33638648;-72.18421229;-1925743.224;2765779.405;D
6.92.19-40; ; ;-1.516416327;20763369.87;D
6.92.19-40;-16.3369297;-72.18331511;-1925817.66;2765874;D
6.92.19-40;-16.33673389;-72.18298524;-1925798.731;2765913.736;D
6.92.19-40;-16.3359482;-72.18347162;-1925700.882;2765868.606;D
6.92.19-40;-16.33614167;-72.18377826;-1925719.818;2765831.526;D
6.92.19-41; ; ;-1.516416327;20763369.87;D
6.92.19-41;-16.33591063;-72.18339244;-1925697.443;2765878.026;D
6.92.19-41;-16.33670342;-72.1829169;-1925795.991;2765921.841;D
6.92.19-41;-16.33662488;-72.18277494;-1925788.515;2765938.87;D
6.92.19-41;-16.33551903;-72.1826842;-1925660.172;2765962.979;D
6.92.19-42; ; ;-1.516416327;20763369.87;D
6.92.19-42;-16.3370165;-72.18324252;-1925828.698;2765881.117;D
6.92.19-42;-16.33754888;-72.18292358;-1925894.872;2765910.494;D
6.92.19-42;-16.33750445;-72.18288543;-1925890.133;2765915.362;D
6.92.19-42;-16.33707573;-72.18281007;-1925840.862;2765929.251;D
6.92.19-42;-16.33686898;-72.18278761;-1925816.934;2765934.379;D
6.92.19-42;-16.33674318;-72.18279972;-1925802.063;2765934.587;D
6.92.19-43; ; ;-1.516416327;20763369.87;D
6.92.19-43;-16.33779934;-72.18333952;-1925919.157;2765860.346;D
6.92.19-43;-16.33783021;-72.1830877;-1925925.816;2765888.421;D
6.92.19-43;-16.33762317;-72.18296131;-1925903.111;2765905.3;D
6.92.19-43;-16.3370441;-72.18332921;-1925830.88;2765870.974;D
6.92.19-43;-16.33725043;-72.18368361;-1925850.745;2765828.333;D
6.92.20-1; ; ;-1.516416327;20763369.87;D
6.92.20-1;-16.33418329;-72.18674292;-1925454.737;2765520.983;D
6.92.20-1;-16.33383837;-72.18610218;-1925422.112;2765597.721;D
6.92.20-1;-16.33335629;-72.18639048;-1925362.199;2765571.173;D
6.92.20-1;-16.33337905;-72.18656711;-1925362.727;2765550.926;D
6.92.20-2; ; ;-1.516416327;20763369.87;D
6.92.20-2;-16.33480469;-72.18575388;-1925539.431;2765624.984;D
6.92.20-2;-16.33469039;-72.18554514;-1925528.577;2765650.007;D
6.92.20-2;-16.33390965;-72.18604808;-1925431.11;2765602.942;D
6.92.20-2;-16.33402115;-72.18623172;-1925441.94;2765580.791;D
6.92.20-3; ; ;-1.516416327;20763369.87;D
6.92.20-3;-16.33439026;-72.18675482;-1925478.819;2765517.047;D
6.92.20-3;-16.33511622;-72.18629302;-1925569.376;2765560.148;D
6.92.20-3;-16.33481917;-72.18579363;-1925540.646;2765620.311;D
6.92.20-3;-16.33404291;-72.18627542;-1925443.958;2765575.579;D
6.92.20-3;-16.33430297;-72.18672031;-1925469.019;2765522.04;D
6.92.20-4; ; ;-1.516416327;20763369.87;D
6.92.20-4;-16.33563409;-72.18524256;-1925642.695;2765672.387;D
6.92.20-4;-16.33553455;-72.18505136;-1925633.357;2765695.243;D
6.92.20-4;-16.33476524;-72.18550297;-1925537.849;2765653.837;D
6.92.20-4;-16.3348878;-72.18569507;-1925549.87;2765630.59;D
6.92.20-5; ; ;-1.516416327;20763369.87;D
6.92.20-5;-16.3359516;-72.18578873;-1925673.254;2765606.68;D
6.92.20-5;-16.33566187;-72.18529011;-1925645.373;2765666.664;D
6.92.20-5;-16.33491937;-72.18573659;-1925553.064;2765625.502;D
6.92.20-5;-16.33520388;-72.18622728;-1925580.431;2765566.481;D
6.92.20-6; ; ;-1.516416327;20763369.87;D
6.92.20-6;-16.33621815;-72.18622502;-1925699.178;2765554.033;D
6.92.20-6;-16.33600822;-72.1858715;-1925678.881;2765596.617;D
6.92.20-6;-16.33525207;-72.18632464;-1925584.894;2765554.874;D
6.92.20-6;-16.33546384;-72.18669103;-1925605.251;2765510.811;D
6.92.20-7; ; ;-1.516416327;20763369.87;D
6.92.20-7;-16.3365253;-72.18666954;-1925729.753;2765499.945;D
6.92.20-7;-16.33631503;-72.1862888;-1925709.746;2765545.61;D
6.92.20-7;-16.33550158;-72.18677672;-1925608.633;2765500.653;D
6.92.20-7;-16.33572615;-72.1871639;-1925630.235;2765454.082;D
6.92.20-9; ; ;-1.516416327;20763369.87;D
6.92.20-9;-16.33655987;-72.18473859;-1925757.153;2765717.75;D
6.92.20-9;-16.33582201;-72.18519808;-1925665.229;2765675.06;D
6.92.20-9;-16.33612544;-72.18569311;-1925694.759;2765615.31;D
6.92.20-9;-16.33684623;-72.18524081;-1925784.597;2765657.401;D
6.92.20-10; ; ;-1.516416327;20763369.87;D
6.92.20-10;-16.33709851;-72.18568391;-1925808.767;2765604.162;D
6.92.20-10;-16.33691284;-72.18532886;-1925791.329;2765646.616;D
6.92.20-10;-16.33614876;-72.18579124;-1925696.301;2765603.927;D
6.92.20-10;-16.33635719;-72.18613862;-1925716.498;2765562.056;D
6.92.20-13; ; ;-1.516416327;20763369.87;D
6.92.20-13;-16.33744444;-72.18418577;-1925867.379;2765769.149;D
6.92.20-13;-16.33663584;-72.18468611;-1925766.681;2765722.729;D
6.92.20-13;-16.33694839;-72.18519044;-1925797.165;2765661.815;D
6.92.20-13;-16.33770793;-72.184697;-1925892.036;2765708.068;D
6.92.20-15; ; ;-1.516416327;20763369.87;D
6.92.20-15;-16.33792855;-72.18356127;-1925931.598;2765833.665;D
6.92.20-15;-16.33739397;-72.18389352;-1925865.006;2765802.811;D
6.92.20-15;-16.33776897;-72.18456255;-1925900.807;2765722.499;D
6.92.20-15;-16.33802015;-72.18363054;-1925941.482;2765824.689;D
6.92.20-17; ; ;-1.516416327;20763369.87;D
6.92.20-17;-16.33904455;-72.1851044;-1926043.559;2765645.28;D
6.92.20-17;-16.33859358;-72.18428929;-1926000.633;2765743.052;D
6.92.20-17;-16.33838913;-72.18439853;-1925975.381;2765733.268;D
6.92.20-17;-16.33886322;-72.18521684;-1926020.974;2765634.843;D
6.92.20-18; ; ;-1.516416327;20763369.87;D
6.92.20-18;-16.33882208;-72.1852453;-1926015.815;2765632.143;D
6.92.20-18;-16.3383545;-72.18441879;-1925971.083;2765731.412;D
6.92.20-18;-16.33785791;-72.18470599;-1925909.483;2765705.174;D
6.92.20-18;-16.33833587;-72.18553385;-1925955.415;2765605.622;D
6.92.20-19; ; ;-1.516416327;20763369.87;D
6.92.20-19;-16.33953353;-72.18597879;-1926090.217;2765540.331;D
6.92.20-19;-16.33909538;-72.18520177;-1926048.331;2765633.638;D
6.92.20-19;-16.33892233;-72.18531356;-1926026.723;2765623.172;D
6.92.20-19;-16.33936058;-72.18608018;-1926068.747;2765531.039;D
6.92.20-20; ; ;-1.516416327;20763369.87;D
6.92.20-20;-16.33932535;-72.18610996;-1926064.262;2765528.115;D
6.92.20-20;-16.33888191;-72.18533516;-1926021.731;2765621.237;D
6.92.20-20;-16.33838384;-72.1856295;-1925959.872;2765594.21;D
6.92.20-20;-16.33882299;-72.18640098;-1926001.942;2765501.517;D
6.92.20-21; ; ;-1.516416327;20763369.87;D
6.92.20-21;-16.33874905;-72.18648163;-1925992.312;2765493.328;D
6.92.20-21;-16.33829199;-72.18568771;-1925948.417;2765588.782;D
6.92.20-21;-16.3379438;-72.18590624;-1925905.019;2765568.446;D
6.92.20-21;-16.33839031;-72.18667561;-1925947.976;2765475.899;D
6.92.20-22; ; ;-1.516416327;20763369.87;D
6.92.20-22;-16.33833889;-72.18679061;-1925940.566;2765463.547;D
6.92.20-22;-16.33785882;-72.18594897;-1925894.555;2765564.681;D
6.92.20-22;-16.33748838;-72.18618571;-1925848.332;2765542.565;D
6.92.20-22;-16.33796452;-72.18700476;-1925894.157;2765444.033;D
6.92.20-23; ; ;-1.516416327;20763369.87;D
6.92.20-23;-16.33791683;-72.18703263;-1925888.238;2765441.48;D
6.92.20-23;-16.33766487;-72.18658474;-1925864.164;2765495.256;D
6.92.20-23;-16.33744512;-72.18621075;-1925842.966;2765540.277;D
6.92.20-23;-16.33733376;-72.18678965;-1925822.929;2765476.244;D
6.92.20-23;-16.33759439;-72.18723556;-1925848.043;2765422.584;D
6.92.20-24; ; ;-1.516416327;20763369.87;D
6.92.20-24;-16.34008226;-72.18689867;-1926143.318;2765429.494;D
6.92.20-24;-16.33961724;-72.18609853;-1926098.567;2765525.751;D
6.92.20-24;-16.33943117;-72.18621378;-1926075.393;2765515.056;D
6.92.20-24;-16.3398908;-72.187014;-1926119.512;2765418.859;D
6.92.20-25; ; ;-1.516416327;20763369.87;D
6.92.20-25;-16.33986;-72.18703169;-1926115.693;2765417.245;D
6.92.20-25;-16.33941343;-72.18624594;-1926072.928;2765511.643;D
6.92.20-25;-16.3389001;-72.18655144;-1926009.148;2765483.547;D
6.92.20-25;-16.33938486;-72.18731727;-1926056.625;2765390.922;D
6.92.20-26; ; ;-1.516416327;20763369.87;D
6.92.20-26;-16.3392714;-72.18740261;-1926042.313;2765382.698;D
6.92.20-26;-16.3388227;-72.18661201;-1925999.356;2765477.671;D
6.92.20-26;-16.33848905;-72.18682859;-1925957.684;2765457.373;D
6.92.20-26;-16.33893422;-72.18761114;-1926000.324;2765363.355;D
6.92.20-27; ; ;-1.516416327;20763369.87;D
6.92.20-27;-16.33883809;-72.18766607;-1925988.409;2765358.35;D
6.92.20-27;-16.33836299;-72.18684178;-1925942.768;2765457.462;D
6.92.20-27;-16.3379958;-72.18705064;-1925897.263;2765438.456;D
6.92.20-27;-16.33845996;-72.18788899;-1925941.453;2765337.893;D
6.92.20-28; ; ;-1.516416327;20763369.87;D
6.92.20-28;-16.33839091;-72.1878719;-1925933.578;2765340.689;D
6.92.20-28;-16.33794116;-72.18709036;-1925890.388;2765434.651;D
6.92.20-28;-16.337621;-72.18728595;-1925850.548;2765416.556;D
6.92.20-28;-16.33788848;-72.18774654;-1925876.286;2765361.151;D
6.92.20-29; ; ;-1.516416327;20763369.87;D
6.92.20-29;-16.3405957;-72.18780537;-1926192.447;2765320.59;D
6.92.20-29;-16.34012315;-72.18699148;-1926146.981;2765418.494;D
6.92.20-29;-16.33993723;-72.18710184;-1926123.884;2765408.35;D
6.92.20-29;-16.34040328;-72.18791732;-1926168.57;2765310.349;D
6.92.20-30; ; ;-1.516416327;20763369.87;D
6.92.20-30;-16.34038055;-72.18795649;-1926165.437;2765306.207;D
6.92.20-30;-16.33991318;-72.1871282;-1926120.75;2765405.672;D
6.92.20-30;-16.33940943;-72.1874309;-1926058.126;2765377.773;D
6.92.20-30;-16.3398832;-72.1882298;-1926103.918;2765281.548;D
6.92.20-31; ; ;-1.516416327;20763369.87;D
6.92.20-31;-16.34095066;-72.18839562;-1926226.855;2765249.437;D
6.92.20-31;-16.34063738;-72.18788538;-1926196.358;2765311.027;D
6.92.20-31;-16.3399887;-72.18827652;-1926115.701;2765274.947;D
6.92.20-31;-16.34084064;-72.18852113;-1926212.459;2765236.63;D
6.92.20-32; ; ;-1.516416327;20763369.87;D
6.92.20-32;-16.34081861;-72.1887995;-1926206.513;2765205.446;D
6.92.20-32;-16.34082067;-72.18862677;-1926208.844;2765224.941;D
6.92.20-32;-16.33996809;-72.18839488;-1926111.857;2765261.828;D
6.92.20-32;-16.34038654;-72.18910665;-1926152.226;2765176.146;D
6.92.20-33; ; ;-1.516416327;20763369.87;D
6.92.20-33;-16.34026006;-72.18912803;-1926137.164;2765175.314;D
6.92.20-33;-16.34016083;-72.1889398;-1926127.825;2765197.829;D
6.92.20-33;-16.33939456;-72.18939856;-1926032.589;2765155.581;D
6.92.20-33;-16.33949399;-72.18959699;-1926041.827;2765131.908;D
6.92.20-34; ; ;-1.516416327;20763369.87;D
6.92.20-34;-16.34014745;-72.18890696;-1926126.656;2765201.709;D
6.92.20-34;-16.33984641;-72.18838925;-1926097.682;2765263.988;D
6.92.20-34;-16.33906168;-72.18885487;-1926000.202;2765221.195;D
6.92.20-34;-16.33936965;-72.18936531;-1926030.075;2765159.65;D
6.92.20-35; ; ;-1.516416327;20763369.87;D
6.92.20-35;-16.33939229;-72.1896611;-1926029.148;2765125.937;D
6.92.20-35;-16.33929294;-72.18946574;-1926019.882;2765149.261;D
6.92.20-35;-16.33854143;-72.18992875;-1925926.321;2765106.345;D
6.92.20-35;-16.33865353;-72.19013491;-1925936.949;2765081.641;D
6.92.20-36; ; ;-1.516416327;20763369.87;D
6.92.20-36;-16.33926508;-72.18942996;-1926017.053;2765153.653;D
6.92.20-36;-16.3389765;-72.18890785;-1925989.591;2765216.275;D
6.92.20-36;-16.33821997;-72.18938987;-1925895.212;2765171.274;D
6.92.20-36;-16.33851026;-72.18988947;-1925923.147;2765111.175;D
6.92.20-37; ; ;-1.516416327;20763369.87;D
6.92.20-37;-16.3389291;-72.18883746;-1925984.894;2765224.823;D
6.92.20-37;-16.33871041;-72.18847653;-1925963.661;2765268.354;D
6.92.20-37;-16.33796604;-72.1889355;-1925870.985;2765225.805;D
6.92.20-37;-16.33817495;-72.18929216;-1925891.124;2765182.88;D
6.92.20-38; ; ;-1.516416327;20763369.87;D
6.92.20-38;-16.33866659;-72.18839455;-1925959.524;2765278.167;D
6.92.20-38;-16.33843524;-72.18801464;-1925937.04;2765324.002;D
6.92.20-38;-16.33764553;-72.18849704;-1925838.773;2765279.373;D
6.92.20-38;-16.33786076;-72.18886505;-1925859.515;2765235.086;D
6.92.20-39; ; ;-1.516416327;20763369.87;D
6.92.20-39;-16.33850715;-72.19021787;-1925918.813;2765074.099;D
6.92.20-39;-16.3383979;-72.19003091;-1925908.285;2765096.597;D
6.92.20-39;-16.33764667;-72.19049642;-1925814.729;2765053.395;D
6.92.20-39;-16.33774617;-72.19067704;-1925824.191;2765031.735;D
6.92.20-40; ; ;-1.516416327;20763369.87;D
6.92.20-40;-16.33837769;-72.18999368;-1925906.37;2765101.058;D
6.92.20-40;-16.3380816;-72.18947108;-1925878.034;2765163.828;D
6.92.20-40;-16.33733014;-72.18994137;-1925784.392;2765120.088;D
6.92.20-40;-16.33762303;-72.19044933;-1925812.531;2765059.012;D
6.92.20-41; ; ;-1.516416327;20763369.87;D
6.92.20-41;-16.33803195;-72.18937116;-1925873.432;2765175.742;D
6.92.20-41;-16.33782954;-72.18902138;-1925853.97;2765217.809;D
6.92.20-41;-16.33707439;-72.1895082;-1925759.695;2765172.247;D
6.92.20-41;-16.33726217;-72.18986009;-1925777.419;2765130.126;D
6.92.20-42; ; ;-1.516416327;20763369.87;D
6.92.20-42;-16.33780972;-72.18890486;-1925853.059;2765231.226;D
6.92.20-42;-16.33758126;-72.18854865;-1925830.626;2765274.346;D
6.92.20-42;-16.33678689;-72.18902161;-1925731.928;2765230.841;D
6.92.20-42;-16.3370139;-72.18939595;-1925753.972;2765185.691;D
6.92.20-43; ; ;-1.516416327;20763369.87;D
6.92.20-43;-16.33765668;-72.19073948;-1925812.961;2765025.8;D
6.92.20-43;-16.33753774;-72.19055449;-1925801.277;2765048.196;D
6.92.20-43;-16.33677281;-72.19102287;-1925706.081;2765004.84;D
6.92.20-43;-16.33688563;-72.19122125;-1925716.888;2764981.007;D
6.92.20-44; ; ;-1.516416327;20763369.87;D
6.92.20-44;-16.33703382;-72.19082008;-1925739.083;2765024.49;D
6.92.20-44;-16.33725902;-72.19066913;-1925767.267;2765038.73;D
6.92.20-44;-16.33752261;-72.19050252;-1925800.134;2765054.259;D
6.92.20-44;-16.3372454;-72.19000634;-1925773.688;2765113.807;D
6.92.20-44;-16.33643847;-72.19049491;-1925673.332;2765068.695;D
6.92.20-44;-16.33675424;-72.19098418;-1925704.376;2765009.445;D
6.92.20-45; ; ;-1.516416327;20763369.87;D
6.92.20-45;-16.33679939;-72.19128075;-1925706.074;2764975.362;D
6.92.20-45;-16.33668039;-72.1910835;-1925694.532;2764999.145;D
6.92.20-45;-16.33622381;-72.19137009;-1925637.625;2764972.472;D
6.92.20-45;-16.33617333;-72.19155003;-1925629.541;2764952.768;D
6.92.20-45;-16.33626764;-72.1916091;-1925639.865;2764944.911;D
6.92.20-46; ; ;-1.516416327;20763369.87;D
6.92.20-46;-16.33608087;-72.19153168;-1925618.942;2764956;D
6.92.20-46;-16.33611876;-72.19135088;-1925625.562;2764975.959;D
6.92.20-46;-16.33584465;-72.19087598;-1925599.221;2765033.063;D
6.92.20-46;-16.33566514;-72.19098536;-1925576.887;2765022.949;D
6.92.20-46;-16.33595013;-72.19149118;-1925604.129;2764962.214;D
6.92.20-47; ; ;-1.516416327;20763369.87;D
6.92.20-47;-16.33632959;-72.19056042;-1925659.796;2765062.655;D
6.92.20-47;-16.33588734;-72.19084761;-1925604.56;2765035.735;D
6.92.20-47;-16.33613155;-72.19126476;-1925628.101;2764985.532;D
6.92.20-48; ; ;-1.516416327;20763369.87;D
6.92.20-48;-16.33579461;-72.19077419;-1925594.594;2765045.194;D
6.92.20-48;-16.33532329;-72.18995991;-1925549.273;2765143.124;D
6.92.20-48;-16.33513516;-72.19007039;-1925525.917;2765132.993;D
6.92.20-48;-16.33560914;-72.19088044;-1925571.601;2765035.507;D
6.92.20-49; ; ;-1.516416327;20763369.87;D
6.92.20-49;-16.33631389;-72.190448;-1925659.317;2765075.557;D
6.92.20-49;-16.33584773;-72.18963835;-1925614.545;2765172.899;D
6.92.20-49;-16.33536457;-72.18994319;-1925554.307;2765144.497;D
6.92.20-49;-16.33582935;-72.19075746;-1925598.862;2765046.649;D
6.92.20-51; ; ;-1.516416327;20763369.87;D
6.92.20-51;-16.33536135;-72.18877023;-1925568.113;2765277.104;D
6.92.20-51;-16.33486158;-72.18907864;-1925505.887;2765248.505;D
6.92.20-51;-16.33529534;-72.1898385;-1925547.47;2765157.196;D
6.92.20-51;-16.33578089;-72.18953931;-1925607.919;2765184.93;D
6.92.20-52; ; ;-1.516416327;20763369.87;D
6.92.20-52;-16.33623143;-72.18928232;-1925663.76;2765208.332;D
6.92.20-52;-16.3357839;-72.18849261;-1925620.927;2765303.188;D
6.92.20-52;-16.33543244;-72.18871018;-1925577.159;2765283;D
6.92.20-52;-16.33589681;-72.18948747;-1925622.114;2765189.337;D
6.92.20-53; ; ;-1.516416327;20763369.87;D
6.92.20-53;-16.3366965;-72.18900407;-1925721.56;2765233.955;D
6.92.20-53;-16.33621029;-72.1881675;-1925674.767;2765334.592;D
6.92.20-53;-16.33585318;-72.18837953;-1925630.404;2765315.102;D
6.92.20-53;-16.33632449;-72.18922341;-1925675.365;2765213.825;D
6.92.20-54; ; ;-1.516416327;20763369.87;D
6.92.20-54;-16.33687325;-72.18843069;-1925749.182;2765296.544;D
6.92.20-54;-16.33659438;-72.18792359;-1925722.673;2765357.348;D
6.92.20-54;-16.33626262;-72.18813358;-1925681.302;2765337.771;D
6.92.20-54;-16.33674591;-72.18895328;-1925727.958;2765239.077;D
6.92.20-55; ; ;-1.516416327;20763369.87;D
6.92.20-55;-16.33474965;-72.18895489;-1925494.281;2765263.893;D
6.92.20-55;-16.33429001;-72.18816473;-1925450.035;2765358.952;D
6.92.20-55;-16.33410147;-72.18827693;-1925426.611;2765348.633;D
6.92.20-55;-16.33455311;-72.18906362;-1925469.962;2765254.065;D
6.92.20-56; ; ;-1.516416327;20763369.87;D
6.92.20-56;-16.33527253;-72.18862967;-1925559.415;2765294.102;D
6.92.20-56;-16.33480617;-72.18784163;-1925514.358;2765389.006;D
6.92.20-56;-16.33432868;-72.18815145;-1925454.723;2765359.969;D
6.92.20-56;-16.33478125;-72.1889287;-1925498.298;2765266.458;D
6.92.20-57; ; ;-1.516416327;20763369.87;D
6.92.20-57;-16.33570233;-72.18834564;-1925613.158;2765320.82;D
6.92.20-57;-16.33525218;-72.18755914;-1925569.978;2765415.348;D
6.92.20-57;-16.33491815;-72.18777934;-1925528.218;2765394.644;D
6.92.20-57;-16.33535761;-72.1885629;-1925570.181;2765300.582;D
6.92.20-58; ; ;-1.516416327;20763369.87;D
6.92.20-58;-16.33618326;-72.18810986;-1925672.3;2765341.445;D
6.92.20-58;-16.33570923;-72.18729073;-1925626.721;2765439.96;D
6.92.20-58;-16.33531948;-72.18751098;-1925578.438;2765419.949;D
6.92.20-58;-16.33582482;-72.1883364;-1925627.606;2765320.33;D
6.92.20-59; ; ;-1.516416327;20763369.87;D
6.92.20-59;-16.33656548;-72.18788756;-1925719.727;2765361.783;D
6.92.20-59;-16.33629779;-72.18743049;-1925693.921;2765416.793;D
6.92.20-59;-16.33580983;-72.18731516;-1925638.2;2765435.938;D
6.92.20-59;-16.33623799;-72.18808012;-1925679.066;2765344.121;D
6.92.20-61; ; ;-1.516416327;20763369.87;D
6.92.20-61;-16.33476751;-72.18776077;-1925510.811;2765398.629;D
6.92.20-61;-16.3343135;-72.18696325;-1925467.314;2765494.451;D
6.92.20-61;-16.33382423;-72.1872468;-1925406.616;2765468.531;D
6.92.20-61;-16.3342738;-72.18804502;-1925449.587;2765372.685;D
6.92.20-62; ; ;-1.516416327;20763369.87;D
6.92.20-62;-16.33353443;-72.18728176;-1925372.273;2765468.208;D
6.92.20-62;-16.33416211;-72.18688426;-1925450.549;2765505.275;D
6.92.20-62;-16.33321147;-72.18666778;-1925341.895;2765541.646;D
6.92.21-1; ; ;-1.516416327;20763369.87;D
6.92.21-1;-16.33649231;-72.1927871;-1925651.92;2764808.964;D
6.92.21-1;-16.33617721;-72.19224781;-1925621.56;2764873.858;D
6.92.21-1;-16.33590054;-72.1922463;-1925589.194;2764877.493;D
6.92.21-1;-16.33543373;-72.19292536;-1925526.348;2764806.592;D
6.92.21-1;-16.33580166;-72.19320362;-1925566.048;2764770.538;D
6.92.21-2; ; ;-1.516416327;20763369.87;D
6.92.21-2;-16.33674752;-72.19324382;-1925676.27;2764754.153;D
6.92.21-2;-16.33653414;-72.19288376;-1925655.647;2764797.517;D
6.92.21-2;-16.33590403;-72.19328515;-1925577.044;2764760.043;D
6.92.21-2;-16.3362447;-72.19355009;-1925613.715;2764725.835;D
6.92.21-3; ; ;-1.516416327;20763369.87;D
6.92.21-3;-16.33750489;-72.19464657;-1925747.957;2764586.139;D
6.92.21-3;-16.33635513;-72.19376026;-1925624.1;2764700.699;D
6.92.21-3;-16.33538175;-72.19302463;-1925519.064;2764796.024;D
6.92.21-3;-16.33529391;-72.19312232;-1925507.602;2764786.083;D
6.92.21-3;-16.33529195;-72.19321852;-1925506.209;2764775.236;D
6.92.21-3;-16.33531968;-72.19333335;-1925508.066;2764761.91;D
6.92.21-3;-16.33535365;-72.19341275;-1925511.083;2764752.512;D
6.92.21-3;-16.33720852;-72.19479548;-1925711.469;2764573.02;D
6.92.21-4; ; ;-1.516416327;20763369.87;D
6.92.21-4;-16.33781636;-72.19512167;-1925778.669;2764528.547;D
6.92.21-4;-16.33762807;-72.19477721;-1925760.795;2764569.833;D
6.92.21-4;-16.33746858;-72.1948426;-1925741.338;2764564.439;D
6.92.21-4;-16.33741998;-72.19488637;-1925735.12;2764560.101;D
6.92.21-4;-16.33738493;-72.19494053;-1925730.363;2764554.419;D
6.92.21-4;-16.33736452;-72.19502885;-1925726.906;2764544.693;D
6.92.21-4;-16.33736638;-72.19513678;-1925725.82;2764532.472;D
6.92.21-4;-16.33738216;-72.19522339;-1925726.619;2764522.487;D
6.92.21-4;-16.33746677;-72.19533987;-1925735.115;2764508.263;D
6.92.21-5; ; ;-1.516416327;20763369.87;D
6.92.21-5;-16.33654865;-72.19202602;-1925667.716;2764894.274;D
6.92.21-5;-16.33675899;-72.1918552;-1925694.4;2764910.945;D
6.92.21-5;-16.33688698;-72.19206681;-1925706.823;2764885.428;D
6.92.21-5;-16.33715875;-72.19189811;-1925740.672;2764901.09;D
6.92.21-5;-16.33692706;-72.19151392;-1925718.199;2764947.411;D
6.92.21-5;-16.33638973;-72.19185575;-1925651.174;2764915.506;D
6.92.21-5;-16.3363992;-72.19198717;-1925650.694;2764900.536;D
6.92.21-5;-16.33637384;-72.19205324;-1925646.926;2764893.387;D
6.92.21-5;-16.33626713;-72.19220797;-1925632.566;2764877.235;D
6.92.21-5;-16.33637922;-72.19237364;-1925643.682;2764857.108;D
6.92.21-5;-16.33665665;-72.19221367;-1925678.089;2764871.714;D
6.92.21-6; ; ;-1.516416327;20763369.87;D
6.92.21-6;-16.33717269;-72.19194009;-1925741.796;2764896.171;D
6.92.21-6;-16.33639589;-72.1924252;-1925645.011;2764851.073;D
6.92.21-6;-16.33658836;-72.19274073;-1925663.724;2764813.003;D
6.92.21-6;-16.33735929;-72.19225374;-1925759.844;2764858.387;D
6.92.21-7; ; ;-1.516416327;20763369.87;D
6.92.21-7;-16.3374135;-72.19233785;-1925765.172;2764848.202;D
6.92.21-7;-16.33663227;-72.1928339;-1925667.736;2764801.923;D
6.92.21-7;-16.33683211;-72.19318488;-1925686.884;2764759.755;D
6.92.21-7;-16.3376178;-72.19270682;-1925784.624;2764803.946;D
6.92.21-8; ; ;-1.516416327;20763369.87;D
6.92.21-8;-16.33766056;-72.19278006;-1925788.743;2764795.133;D
6.92.21-8;-16.33688884;-72.19328417;-1925692.323;2764747.824;D
6.92.21-8;-16.33710421;-72.19364294;-1925713.193;2764704.581;D
6.92.21-8;-16.33788407;-72.19315228;-1925810.403;2764750.268;D
6.92.21-9; ; ;-1.516416327;20763369.87;D
6.92.21-9;-16.33791708;-72.19323002;-1925813.327;2764741.068;D
6.92.21-9;-16.33717012;-72.19371374;-1925720.051;2764695.754;D
6.92.21-9;-16.33735412;-72.19409084;-1925737.029;2764650.832;D
6.92.21-9;-16.33813262;-72.19359827;-1925834.102;2764696.752;D
6.92.21-10; ; ;-1.516416327;20763369.87;D
6.92.21-10;-16.33818093;-72.19370281;-1925838.493;2764684.333;D
6.92.21-10;-16.33740253;-72.19418075;-1925741.608;2764640.064;D
6.92.21-10;-16.33761281;-72.19454121;-1925761.863;2764596.695;D
6.92.21-10;-16.33838743;-72.19406989;-1925858.224;2764640.262;D
6.92.21-11; ; ;-1.516416327;20763369.87;D
6.92.21-11;-16.33849238;-72.1942337;-1925868.528;2764620.435;D
6.92.21-11;-16.33771187;-72.19471929;-1925771.304;2764575.329;D
6.92.21-11;-16.33791819;-72.19505658;-1925791.374;2764534.628;D
6.92.21-11;-16.33870621;-72.19459821;-1925889.148;2764576.563;D
6.92.21-12; ; ;-1.516416327;20763369.87;D
6.92.21-12;-16.33780407;-72.19097502;-1925827.365;2764997.334;D
6.92.21-12;-16.33702765;-72.19145908;-1925730.635;2764952.35;D
6.92.21-12;-16.33722217;-72.19180878;-1925749.175;2764910.392;D
6.92.21-12;-16.33800094;-72.19134197;-1925845.97;2764953.397;D
6.92.21-13; ; ;-1.516416327;20763369.87;D
6.92.21-13;-16.33804161;-72.19139995;-1925850.029;2764946.336;D
6.92.21-13;-16.33726551;-72.19187846;-1925753.405;2764901.975;D
6.92.21-13;-16.33744399;-72.19219004;-1925770.528;2764864.526;D
6.92.21-13;-16.33822565;-72.19171516;-1925867.759;2764908.407;D
6.92.21-14; ; ;-1.516416327;20763369.87;D
6.92.21-14;-16.33827565;-72.1918006;-1925872.578;2764898.125;D
6.92.21-14;-16.3374991;-72.1923135;-1925775.485;2764849.883;D
6.92.21-14;-16.33771181;-72.1926473;-1925796.347;2764809.495;D
6.92.21-14;-16.33848086;-72.19215209;-1925892.347;2764855.831;D
6.92.21-15; ; ;-1.516416327;20763369.87;D
6.92.21-15;-16.33811731;-72.19250911;-1925845.479;2764820.035;D
6.92.21-15;-16.33775034;-72.19274367;-1925799.69;2764798.121;D
6.92.21-15;-16.33820992;-72.19354759;-1925843.762;2764701.512;D
6.92.21-15;-16.33860274;-72.19330257;-1925892.701;2764724.284;D
6.92.21-16; ; ;-1.516416327;20763369.87;D
6.92.21-16;-16.33905233;-72.19314701;-1925947.204;2764736.235;D
6.92.21-16;-16.33825404;-72.19364519;-1925847.746;2764689.93;D
6.92.21-16;-16.33847418;-72.19402778;-1925868.887;2764643.934;D
6.92.21-16;-16.33926047;-72.19351362;-1925967.134;2764692.197;D
6.92.21-17; ; ;-1.516416327;20763369.87;D
6.92.21-17;-16.33957977;-72.19404688;-1925998.057;2764627.932;D
6.92.21-17;-16.3393514;-72.19369765;-1925975.551;2764670.26;D
6.92.21-17;-16.33858142;-72.19417048;-1925879.714;2764626.465;D
6.92.21-17;-16.33879146;-72.1945378;-1925899.856;2764582.323;D
6.92.21-18; ; ;-1.516416327;20763369.87;D
6.92.21-18;-16.33862145;-72.19047651;-1925929.063;2765043.437;D
6.92.21-18;-16.33789589;-72.19091958;-1925838.781;2765002.45;D
6.92.21-18;-16.33808998;-72.19126381;-1925857.337;2764961.115;D
6.92.21-18;-16.33882636;-72.19082989;-1925948.774;2765000.933;D
6.92.21-19; ; ;-1.516416327;20763369.87;D
6.92.21-19;-16.33885551;-72.19088044;-1925951.574;2764994.856;D
6.92.21-19;-16.33814096;-72.19135062;-1925862.254;2764950.666;D
6.92.21-19;-16.33832719;-72.19165995;-1925880.311;2764913.375;D
6.92.21-19;-16.33903624;-72.19118862;-1925969.001;2764957.763;D
6.92.21-20; ; ;-1.516416327;20763369.87;D
6.92.21-20;-16.33909503;-72.19130858;-1925974.432;2764943.47;D
6.92.21-20;-16.33838319;-72.19174089;-1925885.887;2764903.526;D
6.92.21-20;-16.33857688;-72.19210351;-1925904.173;2764860.119;D
6.92.21-20;-16.33930654;-72.19166335;-1925994.899;2764900.726;D
6.92.21-21; ; ;-1.516416327;20763369.87;D
6.92.21-21;-16.33935136;-72.19175685;-1925999.014;2764889.598;D
6.92.21-21;-16.33863616;-72.19219317;-1925910.027;2764849.244;D
6.92.21-21;-16.33882332;-72.1925486;-1925927.636;2764806.731;D
6.92.21-21;-16.33956601;-72.19211302;-1926019.83;2764846.658;D
6.92.21-22; ; ;-1.516416327;20763369.87;D
6.92.21-22;-16.33961151;-72.19219973;-1926024.108;2764836.289;D
6.92.21-22;-16.33888851;-72.19264369;-1925934.116;2764795.169;D
6.92.21-22;-16.33909099;-72.19300682;-1925953.424;2764751.594;D
6.92.21-22;-16.33981445;-72.19255418;-1926043.575;2764793.689;D
6.92.21-23; ; ;-1.516416327;20763369.87;D
6.92.21-23;-16.33987713;-72.19265086;-1926049.742;2764781.978;D
6.92.21-23;-16.33913815;-72.19309554;-1925957.872;2764740.977;D
6.92.21-23;-16.33935211;-72.19347516;-1925978.325;2764695.396;D
6.92.21-23;-16.34008845;-72.19303428;-1926069.839;2764736;D
6.92.21-24; ; ;-1.516416327;20763369.87;D
6.92.21-24;-16.34017913;-72.19317731;-1926078.723;2764718.7;D
6.92.21-24;-16.33944122;-72.19364031;-1925986.757;2764675.615;D
6.92.21-24;-16.33965745;-72.19398972;-1926007.841;2764633.42;D
6.92.21-24;-16.34039177;-72.19354372;-1926099.18;2764674.628;D
6.92.21-26; ; ;-1.516416327;20763369.87;D
6.92.21-26;-16.33954822;-72.18991339;-1926044.348;2765095.471;D
6.92.21-26;-16.33881438;-72.19034528;-1925953.231;2765055.852;D
6.92.21-26;-16.33900958;-72.19070042;-1925971.784;2765013.271;D
6.92.21-26;-16.33973423;-72.19023814;-1926062.192;2765056.44;D
6.92.21-27; ; ;-1.516416327;20763369.87;D
6.92.21-27;-16.33977385;-72.19029881;-1926066.095;2765049.088;D
6.92.21-27;-16.33904705;-72.19076372;-1925975.404;2765005.648;D
6.92.21-27;-16.33923221;-72.19110645;-1925992.933;2764964.595;D
6.92.21-27;-16.33996147;-72.19062336;-1926084.131;2765010.059;D
6.92.21-28; ; ;-1.516416327;20763369.87;D
6.92.21-28;-16.34002306;-72.19070824;-1926090.314;2764999.694;D
6.92.21-28;-16.33928917;-72.19117885;-1925998.724;2764955.7;D
6.92.21-28;-16.33948333;-72.19154419;-1926017.031;2764911.98;D
6.92.21-28;-16.34024156;-72.19110618;-1926111.074;2764951.984;D
6.92.21-29; ; ;-1.516416327;20763369.87;D
6.92.21-29;-16.34047441;-72.19153612;-1926133.129;2764900.479;D
6.92.21-29;-16.34026763;-72.19117797;-1926113.258;2764943.545;D
6.92.21-29;-16.33954727;-72.19163989;-1926023.358;2764900.363;D
6.92.21-29;-16.33974805;-72.19199913;-1926042.514;2764857.249;D
6.92.21-30; ; ;-1.516416327;20763369.87;D
6.92.21-30;-16.34053255;-72.19163413;-1926138.75;2764888.674;D
6.92.21-30;-16.33980703;-72.19207432;-1926048.509;2764848.012;D
6.92.21-30;-16.34001768;-72.19244661;-1926068.662;2764803.301;D
6.92.21-30;-16.34074155;-72.19198509;-1926158.968;2764846.393;D
6.92.21-31; ; ;-1.516416327;20763369.87;D
6.92.21-31;-16.34078744;-72.19206865;-1926163.328;2764836.376;D
6.92.21-31;-16.34005733;-72.19252578;-1926072.345;2764793.857;D
6.92.21-31;-16.34028715;-72.19290539;-1926094.654;2764748.079;D
6.92.21-31;-16.34100221;-72.19244538;-1926183.91;2764791.11;D
6.92.21-32; ; ;-1.516416327;20763369.87;D
6.92.21-32;-16.34110135;-72.19261096;-1926193.512;2764771.155;D
6.92.21-32;-16.34036707;-72.19306658;-1926102.059;2764728.86;D
6.92.21-32;-16.34058195;-72.19342703;-1926122.851;2764685.434;D
6.92.21-32;-16.34130198;-72.19297156;-1926212.634;2764727.891;D
6.92.21-33; ; ;-1.516416327;20763369.87;D
6.92.21-33;-16.34136494;-72.19306988;-1926218.814;2764715.991;D
6.92.21-33;-16.34062132;-72.19352137;-1926126.319;2764674.28;D
6.92.21-33;-16.34093314;-72.19404947;-1926156.43;2764610.693;D
6.92.21-33;-16.34159077;-72.19347537;-1926240.343;2764667.338;D
6.92.21-34; ; ;-1.516416327;20763369.87;D
6.92.21-34;-16.34040733;-72.18936514;-1926151.533;2765146.672;D
6.92.21-34;-16.339627;-72.18983969;-1926054.46;2765102.814;D
6.92.21-34;-16.33983077;-72.19018283;-1926074.16;2765061.482;D
6.92.21-34;-16.3406138;-72.18972042;-1926171.402;2765103.933;D
6.92.21-35; ; ;-1.516416327;20763369.87;D
6.92.21-35;-16.34065243;-72.18978854;-1926175.1;2765095.751;D
6.92.21-35;-16.33987561;-72.19026321;-1926078.436;2765051.836;D
6.92.21-35;-16.34006881;-72.19059093;-1926097.086;2765012.379;D
6.92.21-35;-16.34084066;-72.19011139;-1926193.228;2765056.906;D
6.92.21-36; ; ;-1.516416327;20763369.87;D
6.92.21-36;-16.34088941;-72.19020871;-1926197.756;2765045.297;D
6.92.21-36;-16.34010423;-72.1906706;-1926100.269;2765002.931;D
6.92.21-36;-16.34030476;-72.19101914;-1926119.525;2764961.03;D
6.92.21-36;-16.34109056;-72.1905527;-1926217.14;2765003.902;D
6.92.21-37; ; ;-1.516416327;20763369.87;D
6.92.21-37;-16.34160539;-72.19144679;-1926266.585;2764896.409;D
6.92.21-37;-16.34114562;-72.19064341;-1926222.488;2764992.96;D
6.92.21-37;-16.34077477;-72.19088458;-1926176.165;2764970.35;D
6.92.21-37;-16.3412344;-72.19168174;-1926220.321;2764874.503;D
6.92.21-38; ; ;-1.516416327;20763369.87;D
6.92.21-38;-16.34167003;-72.19153921;-1926273.033;2764885.155;D
6.92.21-38;-16.34089081;-72.19202889;-1926175.908;2764839.575;D
6.92.21-38;-16.34109203;-72.19238079;-1926195.205;2764797.285;D
6.92.21-38;-16.34187283;-72.19190199;-1926292.383;2764841.615;D
6.92.21-39; ; ;-1.516416327;20763369.87;D
6.92.21-39;-16.34197444;-72.19207299;-1926302.207;2764821.018;D
6.92.21-39;-16.34119084;-72.19255624;-1926204.648;2764776.219;D
6.92.21-39;-16.34140385;-72.19293084;-1926225.05;2764731.217;D
6.92.21-39;-16.34217591;-72.19243969;-1926321.354;2764777.053;D
6.92.21-40; ; ;-1.516416327;20763369.87;D
6.92.21-40;-16.34222543;-72.19252841;-1926326.077;2764766.407;D
6.92.21-40;-16.34144909;-72.1930391;-1926229.035;2764718.415;D
6.92.21-40;-16.34167756;-72.19339884;-1926251.427;2764674.9;D
6.92.21-40;-16.34238595;-72.19279212;-1926341.676;2764734.594;D
6.92.21-41; ; ;-1.516416327;20763369.87;D
6.92.21-41;-16.34087501;-72.18932386;-1926206.773;2765145.479;D
6.92.21-41;-16.34108766;-72.18918896;-1926233.295;2765158.06;D
6.92.21-41;-16.34095268;-72.1890329;-1926219.383;2765177.389;D
6.92.21-41;-16.34048821;-72.18931031;-1926161.663;2765151.855;D
6.92.21-41;-16.34073717;-72.18970888;-1926185.982;2765103.692;D
6.92.21-41;-16.34100098;-72.18953332;-1926218.984;2765120.229;D
6.92.21-42; ; ;-1.516416327;20763369.87;D
6.92.21-42;-16.34144238;-72.18910217;-1926275.862;2765163.426;D
6.92.21-42;-16.34113593;-72.18915734;-1926239.326;2765161.03;D
6.92.21-42;-16.34125981;-72.1893824;-1926251.104;2765134.042;D
6.92.21-42;-16.34076601;-72.18974813;-1926188.884;2765098.895;D
6.92.21-42;-16.34092206;-72.19004444;-1926203.564;2765063.453;D
6.92.21-42;-16.34170569;-72.18956515;-1926301.082;2765107.804;D
6.92.21-43; ; ;-1.516416327;20763369.87;D
6.92.21-43;-16.34195176;-72.19002772;-1926324.289;2765052.444;D
6.92.21-43;-16.34175893;-72.1896757;-1926305.976;2765094.644;D
6.92.21-43;-16.34098659;-72.19013495;-1926210.023;2765052.416;D
6.92.21-43;-16.34118146;-72.19048174;-1926228.637;2765010.784;D
6.92.21-44; ; ;-1.516416327;20763369.87;D
6.92.21-44;-16.34202001;-72.19011454;-1926331.227;2765041.778;D
6.92.21-44;-16.34125038;-72.1905908;-1926235.386;2764997.594;D
6.92.21-44;-16.34144519;-72.19095288;-1926253.808;2764954.234;D
6.92.21-44;-16.34221902;-72.1904641;-1926350.293;2764999.78;D
6.92.21-45; ; ;-1.516416327;20763369.87;D
6.92.21-45;-16.34228435;-72.19055704;-1926356.815;2764988.458;D
6.92.21-45;-16.34151938;-72.19103283;-1926261.524;2764944.269;D
6.92.21-45;-16.34170933;-72.19139878;-1926279.332;2764900.533;D
6.92.21-45;-16.34248196;-72.19091107;-1926375.663;2764945.973;D
6.92.21-46; ; ;-1.516416327;20763369.87;D
6.92.21-46;-16.34252918;-72.19100617;-1926380.038;2764934.634;D
6.92.21-46;-16.34175747;-72.19147966;-1926283.988;2764890.79;D
6.92.21-46;-16.34194995;-72.19183946;-1926302.166;2764847.716;D
6.92.21-46;-16.34272953;-72.19135505;-1926399.269;2764892.696;D
6.92.21-47; ; ;-1.516416327;20763369.87;D
6.92.21-47;-16.34283889;-72.19153661;-1926409.873;2764870.809;D
6.92.21-47;-16.34205969;-72.19201667;-1926312.867;2764826.316;D
6.92.21-47;-16.34227032;-72.19239218;-1926332.978;2764781.24;D
6.92.21-47;-16.34305783;-72.19192304;-1926430.826;2764824.394;D
6.92.21-48; ; ;-1.516416327;20763369.87;D
6.92.21-48;-16.34308878;-72.19199456;-1926433.583;2764815.924;D
6.92.21-48;-16.34231916;-72.1924778;-1926337.659;2764770.952;D
6.92.21-48;-16.34246046;-72.1927008;-1926351.501;2764743.981;D
6.92.21-48;-16.34315922;-72.19211114;-1926440.417;2764801.866;D
6.92.21-49; ; ;-1.516416327;20763369.87;D
6.92.21-49;-16.34137741;-72.19446064;-1926203.457;2764558.662;D
6.92.21-49;-16.3414983;-72.19445116;-1926217.72;2764558.22;D
6.92.21-49;-16.3434842;-72.19264213;-1926472.032;2764737.788;D
6.92.21-49;-16.34321798;-72.19219306;-1926446.304;2764791.874;D
6.92.21-49;-16.34098443;-72.19414311;-1926161.3;2764599.468;D
6.92.21-49;-16.34119368;-72.19440506;-1926182.624;2764567.245;D
6.92.21-50; ; ;-1.516416327;20763369.87;D
6.92.21-50;-16.34162134;-72.18890188;-1926299.231;2765183.82;D
6.92.21-50;-16.34152432;-72.18906785;-1926285.868;2765166.278;D
6.92.21-50;-16.34178634;-72.18949852;-1926311.327;2765114.324;D
6.92.21-50;-16.34239097;-72.18911947;-1926386.683;2765149.588;D
6.92.21-51; ; ;-1.516416327;20763369.87;D
6.92.21-51;-16.342468;-72.18975579;-1926388.001;2765076.71;D
6.92.21-51;-16.34264409;-72.18975296;-1926408.646;2765074.824;D
6.92.21-51;-16.34280808;-72.18979059;-1926427.386;2765068.517;D
6.92.21-51;-16.34295414;-72.18925203;-1926450.995;2765127.551;D
6.92.21-51;-16.34256163;-72.18914329;-1926406.369;2765144.758;D
6.92.21-51;-16.34184557;-72.18961816;-1926316.813;2765100.06;D
6.92.21-51;-16.34204856;-72.1899507;-1926336.55;2765059.936;D
6.92.21-51;-16.34226929;-72.18982823;-1926363.868;2765071.012;D
6.92.21-52; ; ;-1.516416327;20763369.87;D
6.92.21-52;-16.34395613;-72.19061702;-1926551.762;2764960.737;D
6.92.21-52;-16.34410116;-72.19047122;-1926570.501;2764975.398;D
6.92.21-52;-16.34420425;-72.19024627;-1926585.289;2764999.528;D
6.92.21-52;-16.34437631;-72.18962192;-1926612.98;2765067.932;D
6.92.21-52;-16.34304347;-72.18928793;-1926461.017;2765122.375;D
6.92.21-52;-16.34288916;-72.18992492;-1926435.25;2765052.32;D
6.92.21-52;-16.34282976;-72.19004613;-1926426.832;2765039.366;D
6.92.21-52;-16.34276067;-72.19017432;-1926417.194;2765025.744;D
6.92.21-52;-16.34265554;-72.19029114;-1926403.477;2765013.859;D
6.92.21-52;-16.34236314;-72.19051301;-1926366.569;2764992.447;D
6.92.21-52;-16.34281602;-72.19130654;-1926409.979;2764897.095;D
6.92.21-52;-16.34341054;-72.19095252;-1926483.846;2764929.656;D
6.92.22-1; ; ;-1.516416327;20763369.87;D
6.92.22-1;-16.33839185;-72.18300639;-1925992.54;2765890.574;D
6.92.22-1;-16.33856818;-72.18296108;-1926013.728;2765893.486;D
6.92.22-1;-16.33882014;-72.18287661;-1926044.243;2765899.876;D
6.92.22-1;-16.33882978;-72.18273155;-1926047.125;2765916.15;D
6.92.22-1;-16.33786237;-72.18260538;-1925935.416;2765942.53;D
6.92.22-1;-16.33785113;-72.18283993;-1925931.262;2765916.162;D
6.92.22-1;-16.33803906;-72.18296623;-1925951.732;2765899.532;D
6.92.22-2; ; ;-1.516416327;20763369.87;D
6.92.22-2;-16.33909379;-72.18386216;-1926064.35;2765785.06;D
6.92.22-2;-16.33865156;-72.1831096;-1926021.691;2765875.655;D
6.92.22-2;-16.33849846;-72.18319747;-1926002.707;2765867.642;D
6.92.22-2;-16.33850065;-72.183354;-1926001.07;2765849.923;D
6.92.22-2;-16.33842784;-72.18351695;-1925990.577;2765832.419;D
6.92.22-2;-16.33875534;-72.1840717;-1926022.199;2765765.618;D
6.92.22-3; ; ;-1.516416327;20763369.87;D
6.92.22-3;-16.3394608;-72.18362436;-1926110.185;2765807.337;D
6.92.22-3;-16.33910815;-72.18300589;-1926076.39;2765881.655;D
6.92.22-3;-16.33874037;-72.18309362;-1926032.279;2765876.349;D
6.92.22-3;-16.33915463;-72.18381389;-1926072.056;2765789.753;D
6.92.22-4; ; ;-1.516416327;20763369.87;D
6.92.22-4;-16.33961316;-72.18476501;-1926114.22;2765676.513;D
6.92.22-4;-16.33915657;-72.18394193;-1926070.734;2765775.258;D
6.92.22-4;-16.33880617;-72.18415523;-1926027.139;2765755.541;D
6.92.22-4;-16.33927981;-72.18497387;-1926072.675;2765657.085;D
6.92.22-5; ; ;-1.516416327;20763369.87;D
6.92.22-5;-16.33998637;-72.18453296;-1926160.711;2765698.063;D
6.92.22-5;-16.33952174;-72.18369436;-1926116.471;2765798.663;D
6.92.22-5;-16.33921806;-72.18389716;-1926078.473;2765779.547;D
6.92.22-5;-16.33968876;-72.18473427;-1926123.441;2765679.04;D
6.92.22-6; ; ;-1.516416327;20763369.87;D
6.92.22-6;-16.34009731;-72.18560497;-1926160.728;2765575.517;D
6.92.22-6;-16.33964781;-72.18484877;-1926117.262;2765666.613;D
6.92.22-6;-16.33931834;-72.18505804;-1926076.166;2765647.089;D
6.92.22-6;-16.33976169;-72.18581323;-1926118.925;2765556.184;D
6.92.22-7; ; ;-1.516416327;20763369.87;D
6.92.22-7;-16.34046041;-72.18538175;-1926205.929;2765596.195;D
6.92.22-7;-16.34003988;-72.1846201;-1926165.92;2765687.545;D
6.92.22-7;-16.33973089;-72.18482246;-1926127.305;2765668.545;D
6.92.22-7;-16.34015602;-72.18556505;-1926168.083;2765579.293;D
6.92.22-8; ; ;-1.516416327;20763369.87;D
6.92.22-8;-16.33963347;-72.18354371;-1926131.372;2765814.289;D
6.92.22-8;-16.339831;-72.18352516;-1926154.717;2765813.911;D
6.92.22-8;-16.33988074;-72.18315773;-1926164.984;2765854.814;D
6.92.22-8;-16.33986782;-72.18311547;-1926163.983;2765859.752;D
6.92.22-8;-16.33926119;-72.18304587;-1926093.819;2765875.219;D
6.92.22-8;-16.33955904;-72.18357346;-1926122.3;2765811.859;D
6.92.22-9; ; ;-1.516416327;20763369.87;D
6.92.22-9;-16.34124789;-72.1837137;-1926318.283;2765774.849;D
6.92.22-9;-16.34133289;-72.18333198;-1926332.851;2765816.925;D
6.92.22-9;-16.34010329;-72.18315819;-1926191.029;2765851.974;D
6.92.22-9;-16.33997069;-72.18317176;-1926175.343;2765852.101;D
6.92.22-9;-16.33991105;-72.18352287;-1926164.115;2765813.167;D
6.92.22-9;-16.3399748;-72.18355538;-1926171.183;2765808.694;D
6.92.22-10; ; ;-1.516416327;20763369.87;D
6.92.22-10;-16.34186124;-72.18450403;-1926380.513;2765677.841;D
6.92.22-10;-16.34282296;-72.18392423;-1926500.096;2765731.317;D
6.92.22-10;-16.34282808;-72.18371186;-1926503.266;2765755.255;D
6.92.22-10;-16.34141196;-72.18335116;-1926341.874;2765813.766;D
6.92.22-10;-16.34131373;-72.18374066;-1926325.663;2765770.977;D
6.92.22-10;-16.34148859;-72.18386505;-1926344.625;2765754.727;D
6.92.22-11; ; ;-1.516416327;20763369.87;D
6.92.22-11;-16.34146162;-72.18291757;-1926352.932;2765862.147;D
6.92.22-11;-16.3411579;-72.18284377;-1926318.275;2765874.294;D
6.92.22-11;-16.34078204;-72.18277377;-1926275.127;2765886.915;D
6.92.22-11;-16.34063459;-72.182759;-1926258.047;2765890.432;D
6.92.22-11;-16.3405286;-72.18270282;-1926246.321;2765898.11;D
6.92.22-11;-16.34003498;-72.18268898;-1926188.709;2765905.86;D
6.92.22-11;-16.34000615;-72.1828972;-1926182.816;2765882.688;D
6.92.22-11;-16.34063409;-72.18297635;-1926255.359;2765865.875;D
6.92.22-11;-16.34107874;-72.18304772;-1926306.541;2765852.236;D
6.92.22-11;-16.34143067;-72.18313028;-1926346.736;2765838.495;D
6.92.22-12; ; ;-1.516416327;20763369.87;D
6.92.22-12;-16.34307049;-72.18345615;-1926534.734;2765781.117;D
6.92.22-12;-16.3432304;-72.1834522;-1926553.498;2765779.559;D
6.92.22-12;-16.34324614;-72.18336723;-1926556.37;2765788.965;D
6.92.22-12;-16.34150614;-72.18291309;-1926358.197;2765862.095;D
6.92.22-12;-16.34148873;-72.18303413;-1926354.696;2765848.635;D
6.92.22-12;-16.34154685;-72.18315958;-1926359.981;2765833.728;D
6.92.22-12;-16.3429689;-72.18352001;-1926522.07;2765775.173;D
6.92.22-13; ; ;-1.516416327;20763369.87;D
6.92.22-13;-16.3406497;-72.1865694;-1926213.718;2765459.599;D
6.92.22-13;-16.34020551;-72.18581049;-1926170.907;2765550.934;D
6.92.22-13;-16.33987554;-72.1860156;-1926129.803;2765531.886;D
6.92.22-13;-16.34029827;-72.18677418;-1926170.106;2765440.858;D
6.92.22-14; ; ;-1.516416327;20763369.87;D
6.92.22-14;-16.34118446;-72.18748534;-1926265.231;2765349.384;D
6.92.22-14;-16.34069986;-72.186648;-1926218.638;2765450.088;D
6.92.22-14;-16.3403405;-72.18686311;-1926173.973;2765430.279;D
6.92.22-14;-16.3408254;-72.18769146;-1926220.711;2765330.587;D
6.92.22-15; ; ;-1.516416327;20763369.87;D
6.92.22-15;-16.34132411;-72.18811379;-1926273.975;2765276.609;D
6.92.22-15;-16.3412081;-72.18792388;-1926262.693;2765299.526;D
6.92.22-15;-16.34130607;-72.18786787;-1926274.838;2765304.628;D
6.92.22-15;-16.34140454;-72.18780578;-1926287.114;2765310.411;D
6.92.22-15;-16.34125874;-72.18753547;-1926273.318;2765342.788;D
6.92.22-15;-16.34088625;-72.1877706;-1926226.876;2765320.88;D
6.92.22-15;-16.34114928;-72.18822817;-1926252.128;2765265.873;D
6.92.22-16; ; ;-1.516416327;20763369.87;D
6.92.22-16;-16.34214999;-72.18830323;-1926368.35;2765244.853;D
6.92.22-16;-16.34171955;-72.18857912;-1926314.631;2765219.066;D
6.92.22-16;-16.34169803;-72.18866802;-1926311.036;2765209.289;D
6.92.22-16;-16.34245522;-72.18884439;-1926397.529;2765179.871;D
6.92.22-17; ; ;-1.516416327;20763369.87;D
6.92.22-17;-16.34141069;-72.18818205;-1926283.283;2765267.81;D
6.92.22-17;-16.34141922;-72.18822763;-1926283.73;2765262.552;D
6.92.22-17;-16.34163009;-72.18839229;-1926306.42;2765241.301;D
6.92.22-17;-16.34204106;-72.18812853;-1926357.713;2765265.962;D
6.92.22-17;-16.34158225;-72.18731331;-1926313.872;2765363.842;D
6.92.22-17;-16.34128706;-72.18750833;-1926276.962;2765345.499;D
6.92.22-17;-16.34159952;-72.18806587;-1926306.79;2765278.575;D
6.92.22-18; ; ;-1.516416327;20763369.87;D
6.92.22-18;-16.34154317;-72.1872281;-1926310.328;2765373.962;D
6.92.22-18;-16.34106895;-72.18639884;-1926264.854;2765473.622;D
6.92.22-18;-16.34074868;-72.18660895;-1926224.825;2765453.889;D
6.92.22-18;-16.34122357;-72.18742424;-1926270.548;2765355.798;D
6.92.22-19; ; ;-1.516416327;20763369.87;D
6.92.22-19;-16.34101491;-72.18632093;-1926259.47;2765483.105;D
6.92.22-19;-16.34057231;-72.18556316;-1926216.832;2765574.291;D
6.92.22-19;-16.34027554;-72.18576073;-1926179.706;2765555.681;D
6.92.22-19;-16.34071035;-72.18650869;-1926221.551;2765465.701;D
6.92.22-20; ; ;-1.516416327;20763369.87;D
6.92.22-20;-16.3414607;-72.18606034;-1926314.802;2765506.971;D
6.92.22-20;-16.34102151;-72.18530996;-1926272.474;2765597.279;D
6.92.22-20;-16.3406576;-72.18551323;-1926227.419;2765578.865;D
6.92.22-20;-16.34110253;-72.18626758;-1926270.372;2765488.037;D
6.92.22-21; ; ;-1.516416327;20763369.87;D
6.92.22-21;-16.34196472;-72.18695228;-1926363.006;2765399.852;D
6.92.22-21;-16.34149372;-72.18614651;-1926317.625;2765496.819;D
6.92.22-21;-16.34116381;-72.18634428;-1926276.617;2765478.601;D
6.92.22-21;-16.34162476;-72.1871621;-1926320.676;2765380.399;D
6.92.22-22; ; ;-1.516416327;20763369.87;D
6.92.22-22;-16.34248548;-72.18786729;-1926412.891;2765289.918;D
6.92.22-22;-16.34202026;-72.18704647;-1926368.367;2765388.512;D
6.92.22-22;-16.34167755;-72.18725439;-1926325.739;2765369.307;D
6.92.22-22;-16.34213853;-72.18807434;-1926369.777;2765270.865;D
6.92.22-23; ; ;-1.516416327;20763369.87;D
6.92.22-23;-16.34292168;-72.18759463;-1926467.245;2765315.267;D
6.92.22-23;-16.34245634;-72.18679738;-1926422.422;2765411.199;D
6.92.22-23;-16.34212162;-72.1869951;-1926380.853;2765393.048;D
6.92.22-23;-16.34257391;-72.1878149;-1926423.876;2765294.731;D
6.92.22-24; ; ;-1.516416327;20763369.87;D
6.92.22-24;-16.34335595;-72.187335;-1926521.216;2765339.168;D
6.92.22-24;-16.34289035;-72.18653028;-1926476.454;2765435.948;D
6.92.22-24;-16.34255303;-72.18674796;-1926434.339;2765415.573;D
6.92.22-24;-16.34300919;-72.1875228;-1926478.357;2765322.289;D
6.92.22-25; ; ;-1.516416327;20763369.87;D
6.92.22-25;-16.3428454;-72.186427;-1926472.442;2765448.183;D
6.92.22-25;-16.34261675;-72.18603737;-1926450.393;2765495.082;D
6.92.22-25;-16.34182762;-72.18650507;-1926352.369;2765452.112;D
6.92.22-25;-16.34206411;-72.18688304;-1926375.478;2765406.433;D
6.92.22-26; ; ;-1.516416327;20763369.87;D
6.92.22-26;-16.34187624;-72.18578223;-1926366.804;2765533.195;D
6.92.22-26;-16.34144228;-72.18503617;-1926325.037;2765622.95;D
6.92.22-26;-16.34110621;-72.18525426;-1926283.061;2765602.513;D
6.92.22-26;-16.34153657;-72.18599813;-1926324.435;2765513.051;D
6.92.22-27; ; ;-1.516416327;20763369.87;D
6.92.22-27;-16.34228148;-72.18544378;-1926418.332;2765566.368;D
6.92.22-27;-16.34188163;-72.18477052;-1926379.676;2765647.468;D
6.92.22-27;-16.34153763;-72.18497118;-1926336.983;2765629.1;D
6.92.22-27;-16.34193953;-72.18566189;-1926375.669;2765546.003;D
6.92.22-28; ; ;-1.516416327;20763369.87;D
6.92.22-28;-16.34274395;-72.18524654;-1926474.85;2765582.865;D
6.92.22-28;-16.34231968;-72.18450573;-1926434.152;2765671.905;D
6.92.22-28;-16.34197487;-72.18470953;-1926391.327;2765653.193;D
6.92.22-28;-16.34241282;-72.18544458;-1926433.696;2765564.632;D
6.92.22-29; ; ;-1.516416327;20763369.87;D
6.92.22-29;-16.34327343;-72.18616371;-1926525.727;2765472.575;D
6.92.22-29;-16.34280639;-72.18534475;-1926480.97;2765570.983;D
6.92.22-29;-16.3424433;-72.18555099;-1926435.976;2765552.224;D
6.92.22-29;-16.34292577;-72.18636498;-1926482.599;2765454.185;D
6.92.22-30; ; ;-1.516416327;20763369.87;D
6.92.22-30;-16.34379427;-72.18706488;-1926575.788;2765364.204;D
6.92.22-30;-16.3433186;-72.18626841;-1926529.749;2765460.177;D
6.92.22-30;-16.34298317;-72.18646846;-1926488.067;2765441.771;D
6.92.22-30;-16.34344575;-72.18728252;-1926532.362;2765343.974;D
6.92.22-31; ; ;-1.516416327;20763369.87;D
6.92.22-31;-16.34422595;-72.1867876;-1926629.67;2765390.132;D
6.92.22-31;-16.3437702;-72.18600345;-1926585.813;2765484.462;D
6.92.22-31;-16.34342257;-72.18620179;-1926542.724;2765466.403;D
6.92.22-31;-16.34388262;-72.18700577;-1926586.844;2765369.777;D
6.92.22-32; ; ;-1.516416327;20763369.87;D
6.92.22-32;-16.34370529;-72.18591555;-1926579.278;2765495.21;D
6.92.22-32;-16.34323541;-72.18508028;-1926534.386;2765595.496;D
6.92.22-32;-16.34290038;-72.1852795;-1926492.761;2765577.179;D
6.92.22-32;-16.34336721;-72.18610584;-1926537.405;2765477.94;D
6.92.22-33; ; ;-1.516416327;20763369.87;D
6.92.22-33;-16.34318516;-72.18498194;-1926529.694;2765607.24;D
6.92.22-33;-16.34275686;-72.18423313;-1926488.622;2765697.235;D
6.92.22-33;-16.34240764;-72.18444093;-1926445.232;2765678.126;D
6.92.22-33;-16.34283519;-72.18519191;-1926486.19;2765587.896;D
6.92.22-34; ; ;-1.516416327;20763369.87;D
6.92.22-34;-16.34361951;-72.18471477;-1926583.767;2765631.992;D
6.92.22-34;-16.34331351;-72.18418698;-1926554.336;2765695.475;D
6.92.22-34;-16.34310779;-72.18419603;-1926530.147;2765697.03;D
6.92.22-34;-16.34292722;-72.18430367;-1926507.709;2765687.128;D
6.92.22-34;-16.34327732;-72.18492111;-1926541.218;2765612.959;D
6.92.22-35; ; ;-1.516416327;20763369.87;D
6.92.22-35;-16.34413035;-72.18561439;-1926632.674;2765523.919;D
6.92.22-35;-16.3436712;-72.18480814;-1926588.687;2765620.792;D
6.92.22-35;-16.34333208;-72.18502388;-1926546.384;2765600.659;D
6.92.22-35;-16.34380036;-72.18582079;-1926591.553;2765504.728;D
6.92.22-36; ; ;-1.516416327;20763369.87;D
6.92.22-36;-16.34466012;-72.18651594;-1926683.775;2765415.393;D
6.92.22-36;-16.3441848;-72.18571157;-1926637.872;2765512.254;D
6.92.22-36;-16.3438546;-72.18591349;-1926596.78;2765493.571;D
6.92.22-36;-16.34431002;-72.18671685;-1926640.366;2765397.074;D
6.92.22-37; ; ;-1.516416327;20763369.87;D
6.92.22-37;-16.34592472;-72.18365953;-1926866.359;2765722.359;D
6.92.22-37;-16.34588176;-72.18361025;-1926861.926;2765728.467;D
6.92.22-37;-16.34522981;-72.18358561;-1926785.914;2765739.423;D
6.92.22-37;-16.34450952;-72.18353264;-1926702.246;2765754.438;D
6.92.22-37;-16.34410401;-72.18349674;-1926655.215;2765763.576;D
6.92.22-37;-16.34368776;-72.18345884;-1926606.952;2765773.077;D
6.92.22-37;-16.34352784;-72.18345757;-1926588.249;2765775.224;D
6.92.22-37;-16.34332988;-72.18337918;-1926566.026;2765786.564;D
6.92.22-37;-16.34327972;-72.18347239;-1926559.027;2765776.659;D
6.92.22-37;-16.34343551;-72.18357119;-1926576.067;2765763.54;D
6.92.22-37;-16.34348779;-72.18370124;-1926580.613;2765748.188;D
6.92.22-37;-16.34580378;-72.18383405;-1926850.09;2765704.152;D
6.92.22-38; ; ;-1.516416327;20763369.87;D
6.92.22-38;-16.34825906;-72.18381112;-1927137.756;2765675.967;D
6.92.22-38;-16.34772911;-72.1837538;-1927076.419;2765689.088;D
6.92.22-38;-16.34728501;-72.18368526;-1927025.267;2765702.4;D
6.92.22-38;-16.34660833;-72.18363733;-1926946.642;2765716.3;D
6.92.22-38;-16.34600504;-72.18361994;-1926876.239;2765725.827;D
6.92.22-38;-16.3459106;-72.18383195;-1926862.618;2765703.05;D
6.92.22-38;-16.34619991;-72.18388347;-1926895.858;2765693.602;D
6.92.22-38;-16.34674829;-72.18389447;-1926959.912;2765685.485;D
6.92.22-38;-16.3470132;-72.18392129;-1926990.595;2765679.133;D
6.92.22-38;-16.34721204;-72.18397308;-1927013.243;2765670.788;D
6.92.22-38;-16.34753637;-72.18406713;-1927050.067;2765656.093;D
6.92.22-38;-16.34768608;-72.1841295;-1927066.836;2765647.169;D
6.92.22-38;-16.34786555;-72.18423239;-1927086.597;2765633.291;D
6.92.22-38;-16.34816892;-72.18438768;-1927120.226;2765611.938;D
6.92.22-38;-16.34881144;-72.18478614;-1927190.61;2765558.853;D
6.92.22-38;-16.34962831;-72.18523174;-1927280.829;2765498.255;D
6.92.22-38;-16.34977044;-72.18521808;-1927297.63;2765498.017;D
6.92.22-38;-16.34989173;-72.18515645;-1927312.573;2765503.462;D
6.92.22-38;-16.35007595;-72.18487985;-1927337.483;2765532.411;D
6.92.22-38;-16.34863345;-72.1839873;-1927179.445;2765651.363;D
6.92.22-39; ; ;-1.516416327;20763369.87;D
6.92.22-39;-16.3439904;-72.18399738;-1926635.859;2765708.42;D
6.92.22-39;-16.34395954;-72.18392803;-1926633.087;2765716.645;D
6.92.22-39;-16.3435098;-72.18389948;-1926580.79;2765725.507;D
6.92.22-39;-16.34341037;-72.18410507;-1926566.665;2765703.518;D
6.92.22-39;-16.34350115;-72.18428541;-1926575.107;2765682;D
6.92.22-40; ; ;-1.516416327;20763369.87;D
6.92.22-40;-16.34422159;-72.18437728;-1926658.323;2765662.588;D
6.92.22-40;-16.34471448;-72.18437606;-1926716.03;2765656.548;D
6.92.22-40;-16.34474742;-72.1839862;-1926724.603;2765700.196;D
6.92.22-40;-16.34412184;-72.18394468;-1926651.883;2765712.729;D
6.92.22-40;-16.34351469;-72.18432215;-1926576.249;2765677.677;D
6.92.22-40;-16.34371986;-72.18465316;-1926596.258;2765637.697;D
6.92.22-41; ; ;-1.516416327;20763369.87;D
6.92.22-41;-16.34655224;-72.18450626;-1926929.561;2765618.802;D
6.92.22-41;-16.3465776;-72.18408674;-1926937.607;2765665.895;D
6.92.22-41;-16.3448092;-72.18398826;-1926731.81;2765699.189;D
6.92.22-41;-16.34477975;-72.18438353;-1926723.58;2765654.886;D
6.92.22-42; ; ;-1.516416327;20763369.87;D
6.92.22-42;-16.34557833;-72.18475315;-1926812.58;2765603.106;D
6.92.22-42;-16.34557857;-72.18454863;-1926815.082;2765626.216;D
6.92.22-42;-16.34481425;-72.18448421;-1926726.399;2765643.076;D
6.92.22-42;-16.34509603;-72.18502367;-1926752.853;2765578.578;D
6.92.22-43; ; ;-1.516416327;20763369.87;D
6.92.22-43;-16.34500778;-72.18508088;-1926741.832;2765573.218;D
6.92.22-43;-16.3446727;-72.18448221;-1926709.855;2765645.076;D
6.92.22-43;-16.34421992;-72.18449305;-1926656.726;2765649.526;D
6.92.22-43;-16.34466052;-72.18528332;-1926698.735;2765554.691;D
6.92.22-44; ; ;-1.516416327;20763369.87;D
6.92.22-44;-16.34457855;-72.18536308;-1926688.177;2765546.705;D
6.92.22-44;-16.34412132;-72.18454215;-1926644.591;2765645.211;D
6.92.22-44;-16.34376156;-72.18475401;-1926599.919;2765625.777;D
6.92.22-44;-16.34422508;-72.18557;-1926644.3;2765527.749;D
6.92.22-45; ; ;-1.516416327;20763369.87;D
6.92.22-45;-16.34507811;-72.18624841;-1926735.936;2765440.389;D
6.92.22-45;-16.34463155;-72.18544225;-1926693.422;2765537.093;D
6.92.22-45;-16.34428679;-72.18565662;-1926650.475;2765517.186;D
6.92.22-45;-16.34475324;-72.18645198;-1926695.448;2765421.454;D
6.92.22-46; ; ;-1.516416327;20763369.87;D
6.92.22-46;-16.34552684;-72.1859914;-1926791.568;2765463.811;D
6.92.22-46;-16.34506169;-72.18516274;-1926747.152;2765563.291;D
6.92.22-46;-16.34472224;-72.18537686;-1926704.828;2765543.346;D
6.92.22-46;-16.34517655;-72.18620432;-1926747.992;2765444.138;D
6.92.22-47; ; ;-1.516416327;20763369.87;D
6.92.22-47;-16.34562848;-72.18591937;-1926804.337;2765470.678;D
6.92.22-47;-16.34596375;-72.18571698;-1926846.028;2765489.349;D
6.92.22-47;-16.34550456;-72.18494254;-1926801.652;2765582.627;D
6.92.22-47;-16.34517714;-72.18515636;-1926760.741;2765562.565;D
6.92.22-48; ; ;-1.516416327;20763369.87;D
6.92.22-48;-16.34639671;-72.18544962;-1926899.941;2765514.138;D
6.92.22-48;-16.34592875;-72.18463845;-1926854.983;2765611.676;D
6.92.22-48;-16.34559921;-72.18486174;-1926813.709;2765590.572;D
6.92.22-48;-16.34605274;-72.18565869;-1926857.151;2765494.821;D
6.92.22-49; ; ;-1.516416327;20763369.87;D
6.92.22-49;-16.34683033;-72.18517629;-1926954.003;2765539.593;D
6.92.22-49;-16.34650571;-72.18461267;-1926922.827;2765607.359;D
6.92.22-49;-16.34604587;-72.18460909;-1926869.047;2765613.527;D
6.92.22-49;-16.34649221;-72.18539705;-1926911.756;2765518.882;D
6.92.22-50; ; ;-1.516416327;20763369.87;D
6.92.22-50;-16.3472717;-72.18491362;-1927008.843;2765563.746;D
6.92.22-50;-16.34715757;-72.18471622;-1926997.873;2765587.486;D
6.92.22-50;-16.34664395;-72.18461343;-1926938.999;2765605.54;D
6.92.22-50;-16.34692868;-72.18511586;-1926966.246;2765545.19;D
6.92.22-51; ; ;-1.516416327;20763369.87;D
6.92.22-51;-16.34754823;-72.18473107;-1927043.42;2765580.91;D
6.92.22-51;-16.34818518;-72.18511355;-1927113.345;2765529.702;D
6.92.22-51;-16.34841192;-72.1847862;-1927143.846;2765563.854;D
6.92.22-51;-16.34773405;-72.1843853;-1927069.354;2765617.659;D
6.92.22-51;-16.34700872;-72.1841172;-1926987.7;2765657.049;D
6.92.22-51;-16.34667341;-72.18406892;-1926949.037;2765666.708;D
6.92.22-51;-16.34663364;-72.18451892;-1926938.936;2765616.351;D
6.92.22-51;-16.34708265;-72.18459686;-1926990.549;2765601.914;D
6.92.22-52; ; ;-1.516416327;20763369.87;D
6.92.22-52;-16.348105;-72.18518349;-1927103.113;2765522.802;D
6.92.22-52;-16.34759079;-72.18489045;-1927046.473;2765562.366;D
6.92.22-52;-16.34742692;-72.1849831;-1927026.171;2765553.949;D
6.92.22-52;-16.3478021;-72.18561857;-1927062.395;2765477.43;D
6.92.22-53; ; ;-1.516416327;20763369.87;D
6.92.22-53;-16.34761926;-72.18587981;-1927037.832;2765450.198;D
6.92.22-53;-16.34773689;-72.18572637;-1927053.456;2765466.065;D
6.92.22-53;-16.34731277;-72.18500179;-1927012.583;2765553.267;D
6.92.22-53;-16.34696709;-72.18521518;-1926969.539;2765533.485;D
6.92.22-53;-16.34744493;-72.18601986;-1927015.732;2765436.557;D
6.92.22-54; ; ;-1.516416327;20763369.87;D
6.92.22-54;-16.34735955;-72.18607813;-1927005.034;2765431.041;D
6.92.22-54;-16.34688979;-72.18527117;-1926959.815;2765528.126;D
6.92.22-54;-16.34653623;-72.18548437;-1926915.851;2765508.462;D
6.92.22-54;-16.34700083;-72.18629154;-1926960.464;2765411.418;D
6.92.22-55; ; ;-1.516416327;20763369.87;D
6.92.22-55;-16.34691526;-72.1863556;-1926949.672;2765405.252;D
6.92.22-55;-16.3464447;-72.18555087;-1926904.333;2765502.094;D
6.92.22-55;-16.3461031;-72.18575927;-1926861.827;2765482.823;D
6.92.22-55;-16.34656736;-72.18656583;-1926906.408;2765385.853;D
6.92.22-56; ; ;-1.516416327;20763369.87;D
6.92.22-56;-16.34605692;-72.18689663;-1926842.66;2765354.865;D
6.92.22-56;-16.34557442;-72.18606751;-1926796.217;2765454.614;D
6.92.22-56;-16.34523055;-72.18629911;-1926753.165;2765432.749;D
6.92.22-56;-16.34570844;-72.18710115;-1926799.397;2765336.119;D
6.92.22-57; ; ;-1.516416327;20763369.87;D
6.92.22-57;-16.34561108;-72.18715177;-1926787.389;2765331.619;D
6.92.22-57;-16.3451489;-72.18635041;-1926742.988;2765427.975;D
6.92.22-57;-16.34479383;-72.18656662;-1926698.812;2765407.99;D
6.92.22-57;-16.34527701;-72.18737606;-1926745.573;2765310.457;D
6.92.22-58; ; ;-1.516416327;20763369.87;D
6.92.22-58;-16.34601595;-72.18787059;-1926826.08;2765245.31;D
6.92.22-58;-16.34565264;-72.18724081;-1926791.176;2765321.035;D
6.92.22-58;-16.34532165;-72.18745785;-1926749.808;2765300.655;D
6.92.22-58;-16.34567884;-72.18808121;-1926784.075;2765225.731;D
6.92.22-59; ; ;-1.516416327;20763369.87;D
6.92.22-59;-16.34645822;-72.18760253;-1926881.09;2765270.061;D
6.92.22-59;-16.34608617;-72.18698271;-1926845.042;2765344.771;D
6.92.22-59;-16.34574945;-72.187191;-1926803.11;2765325.451;D
6.92.22-59;-16.34610614;-72.18782366;-1926837.204;2765249.483;D
6.92.22-60; ; ;-1.516416327;20763369.87;D
6.92.22-60;-16.34688519;-72.18732689;-1926934.401;2765295.862;D
6.92.22-60;-16.3465242;-72.1867023;-1926899.705;2765370.972;D
6.92.22-60;-16.34617241;-72.18691837;-1926855.915;2765350.961;D
6.92.22-60;-16.34654891;-72.18752652;-1926892.625;2765277.515;D
6.92.22-61; ; ;-1.516416327;20763369.87;D
6.92.22-61;-16.34732639;-72.18706461;-1926989.215;2765319.973;D
6.92.22-61;-16.34696146;-72.18643738;-1926954.09;2765395.431;D
6.92.22-61;-16.3466223;-72.18664194;-1926911.918;2765376.563;D
6.92.22-61;-16.34698734;-72.1872776;-1926946.953;2765300.151;D
6.92.22-62; ; ;-1.516416327;20763369.87;D
6.92.22-62;-16.34775834;-72.18679142;-1927043.079;2765345.433;D
6.92.22-62;-16.34739784;-72.18616566;-1927008.456;2765420.669;D
6.92.22-62;-16.34706216;-72.18637386;-1926966.647;2765401.347;D
6.92.22-62;-16.34741822;-72.1869915;-1927000.848;2765327.084;D
6.92.22-63; ; ;-1.516416327;20763369.87;D
6.92.22-63;-16.34819538;-72.1865324;-1927097.368;2765369.227;D
6.92.22-63;-16.34778532;-72.18583761;-1927057.779;2765452.886;D
6.92.22-63;-16.34749755;-72.18611496;-1927020.741;2765425.149;D
6.92.22-63;-16.34785175;-72.18674765;-1927054.542;2765349.208;D
6.92.22-64; ; ;-1.516416327;20763369.87;D
6.92.22-64;-16.34846387;-72.18546267;-1927141.74;2765486.754;D
6.92.22-64;-16.34818509;-72.18525669;-1927111.602;2765513.527;D
6.92.22-64;-16.34785424;-72.18574766;-1927066.935;2765462.187;D
6.92.22-64;-16.34804643;-72.1860569;-1927085.688;2765424.831;D
6.92.22-65; ; ;-1.516416327;20763369.87;D
6.92.22-65;-16.34826303;-72.18641872;-1927106.662;2765381.226;D
6.92.22-65;-16.34876566;-72.18568628;-1927174.357;2765457.7;D
6.92.22-65;-16.34849652;-72.18548605;-1927145.278;2765483.703;D
6.92.22-65;-16.34806946;-72.18608075;-1927088.095;2765421.848;D
6.92.22-66; ; ;-1.516416327;20763369.87;D
6.92.22-66;-16.34910893;-72.18524255;-1927219.906;2765503.544;D
6.92.22-66;-16.34848088;-72.18482692;-1927151.425;2765558.389;D
6.92.22-66;-16.34824202;-72.18515438;-1927119.503;2765524.375;D
6.92.22-66;-16.34883992;-72.18559331;-1927184.175;2765467.277;D
6.92.22-67; ; ;-1.516416327;20763369.87;D
6.92.22-67;-16.34944978;-72.18586382;-1927252.282;2765429.062;D
6.92.22-67;-16.34947611;-72.18575731;-1927256.653;2765440.769;D
6.92.22-67;-16.34948577;-72.18564974;-1927259.086;2765452.804;D
6.92.22-67;-16.34948948;-72.18553822;-1927260.869;2765465.361;D
6.92.22-67;-16.34945881;-72.1854295;-1927258.596;2765478.031;D
6.92.22-67;-16.34918084;-72.185251;-1927228.22;2765501.689;D
6.92.22-67;-16.34863704;-72.18603079;-1927155.132;2765420.379;D
6.92.22-67;-16.34833285;-72.18652021;-1927113.606;2765368.881;D
6.92.22-67;-16.34878542;-72.18684933;-1927162.595;2765326.015;D
6.92.22-68; ; ;-1.516416327;20763369.87;D
6.92.22-68;-16.34871847;-72.18693654;-1927153.703;2765316.999;D
6.92.22-68;-16.34827192;-72.18660639;-1927105.43;2765359.907;D
6.92.22-68;-16.34791059;-72.18685473;-1927060.133;2765336.369;D
6.92.22-68;-16.34830993;-72.18750701;-1927098.981;2765257.65;D
6.92.22-69; ; ;-1.516416327;20763369.87;D
6.92.22-69;-16.34824887;-72.18763731;-1927090.258;2765243.689;D
6.92.22-69;-16.34781795;-72.18689105;-1927048.85;2765333.426;D
6.92.22-69;-16.34745885;-72.1870872;-1927004.446;2765315.76;D
6.92.22-69;-16.34796209;-72.18798828;-1927052.444;2765207.62;D
6.92.22-70; ; ;-1.516416327;20763369.87;D
6.92.22-70;-16.34758879;-72.18751143;-1927014.522;2765266.188;D
6.92.22-70;-16.34737212;-72.18715239;-1926993.505;2765309.479;D
6.92.22-70;-16.34659712;-72.18765229;-1926896.745;2765262.697;D
6.92.22-70;-16.34681441;-72.18798767;-1926918.121;2765222.072;D
6.92.22-71; ; ;-1.516416327;20763369.87;D
6.92.22-71;-16.34670383;-72.18804666;-1926904.464;2765216.791;D
6.92.22-71;-16.34649635;-72.18768979;-1926884.497;2765259.722;D
6.92.22-71;-16.34574383;-72.18818714;-1926790.399;2765212.945;D
6.92.22-71;-16.34594203;-72.1885409;-1926809.318;2765170.482;D
6.92.24-1; ; ;-1.516416327;20763369.87;E
6.92.24-1;-16.33657617;-72.17167187;-1925917.166;2767194.411;E
6.92.24-1;-16.33654102;-72.17163867;-1925913.453;2767198.605;E
6.92.24-1;-16.33636914;-72.17205664;-1925888.274;2767153.517;E
6.92.24-1;-16.33621289;-72.17239453;-1925865.894;2767117.284;E
6.92.24-1;-16.33613086;-72.17255859;-1925854.306;2767099.768;E
6.92.24-1;-16.33623047;-72.17262305;-1925865.186;2767091.235;E
6.92.24-1;-16.33679297;-72.17186719;-1925940.18;2767169.617;E
6.92.24-2; ; ;-1.516416327;20763369.87;E
6.92.24-2;-16.3372168;-72.17075586;-1926003.245;2767289.916;E
6.92.24-2;-16.33715039;-72.17058203;-1925997.576;2767310.397;E
6.92.24-2;-16.33708008;-72.17051562;-1925990.149;2767318.784;E
6.92.24-2;-16.33688086;-72.17093555;-1925961.745;2767273.818;E
6.92.24-2;-16.33673437;-72.17125781;-1925940.697;2767239.229;E
6.92.24-2;-16.33658203;-72.17156836;-1925919.105;2767206.038;E
6.92.24-2;-16.33670898;-72.17166602;-1925932.784;2767193.408;E
6.92.24-2;-16.33686523;-72.1717832;-1925949.656;2767178.204;E
6.92.24-2;-16.33736328;-72.17108789;-1926016.373;2767250.551;E
6.92.24-4; ; ;-1.516416327;20763369.87;E
6.92.24-4;-16.33774414;-72.1705918;-1926066.961;2767301.849;E
6.92.24-4;-16.33750781;-72.1709043;-1926035.514;2767269.49;E
6.92.24-4;-16.33773633;-72.17132031;-1926057.228;2767219.604;E
6.92.24-4;-16.33777344;-72.17130859;-1926061.713;2767220.463;E
6.92.24-4;-16.33811133;-72.17083789;-1926106.964;2767269.429;E
6.92.24-5; ; ;-1.516416327;20763369.87;E
6.92.24-5;-16.33740039;-72.1712207;-1926019.109;2767235.074;E
6.92.24-5;-16.33737695;-72.17123438;-1926016.2;2767233.822;E
6.92.24-5;-16.33631836;-72.17267187;-1925874.883;2767084.614;E
6.92.24-5;-16.33662695;-72.17286328;-1925908.69;2767059.111;E
6.92.24-5;-16.33758789;-72.17158398;-1926036.66;2767191.662;E
6.92.24-6; ; ;-1.516416327;20763369.87;E
6.92.24-6;-16.33762695;-72.17167578;-1926040.121;2767180.797;E
6.92.24-6;-16.33669727;-72.17291992;-1925916.235;2767051.828;E
6.92.24-6;-16.33673047;-72.17296484;-1925919.578;2767046.334;E
6.92.24-6;-16.33711719;-72.17319531;-1925962.056;2767015.438;E
6.92.24-6;-16.33794531;-72.17206836;-1926072.635;2767132.433;E
6.92.24-6;-16.3379375;-72.17202734;-1926072.218;2767137.167;E
6.92.24-6;-16.33774023;-72.17186523;-1926051.088;2767157.963;E
6.92.24-7; ; ;-1.516416327;20763369.87;E
6.92.24-7;-16.33819141;-72.17087891;-1926115.842;2767263.79;E
6.92.24-7;-16.33805078;-72.17106641;-1926097.11;2767244.36;E
6.92.24-7;-16.33779297;-72.17142773;-1926062.557;2767206.752;E
6.92.24-7;-16.33783984;-72.17154102;-1926066.673;2767193.36;E
6.92.24-7;-16.3379043;-72.17163477;-1926073.083;2767181.956;E
6.92.24-7;-16.33811328;-72.17181641;-1926095.347;2767158.805;E
6.92.24-7;-16.33861719;-72.17116797;-1926162.183;2767225.779;E
6.92.24-8; ; ;-1.516416327;20763369.87;E
6.92.24-8;-16.33822656;-72.17185156;-1926108.182;2767153.411;E
6.92.24-8;-16.33885937;-72.17233984;-1926176.347;2767090.289;E
6.92.24-8;-16.33962109;-72.17130469;-1926278.044;2767197.739;E
6.92.24-8;-16.33929687;-72.17107422;-1926242.881;2767227.853;E
6.92.24-8;-16.33897461;-72.17087891;-1926207.522;2767253.97;E
6.92.24-9; ; ;-1.516416327;20763369.87;E
6.92.24-9;-16.33801953;-72.17217969;-1926079.976;2767118.92;E
6.92.24-9;-16.33723437;-72.17324609;-1925975.159;2767008.229;E
6.92.24-9;-16.33761523;-72.17349219;-1926016.763;2766975.639;E
6.92.24-9;-16.33787891;-72.17366602;-1926045.523;2766952.687;E
6.92.24-9;-16.33864453;-72.17266211;-1926147.297;2767056.557;E
6.92.24-10; ; ;-1.516416327;20763369.87;E
6.92.24-10;-16.33839453;-72.17411523;-1926100.443;2766895.45;E
6.92.24-10;-16.33915039;-72.17307617;-1926201.499;2767003.415;E
6.92.24-10;-16.3387168;-72.17273242;-1926154.905;2767047.704;E
6.92.24-10;-16.33796484;-72.17376953;-1926054.33;2766939.909;E
6.92.24-11; ; ;-1.516416327;20763369.87;E
6.92.24-11;-16.33970508;-72.17132617;-1926287.614;2767194.258;E
6.92.24-11;-16.33894922;-72.1724082;-1926186.036;2767081.436;E
6.92.24-11;-16.33938477;-72.17276758;-1926232.67;2767035.356;E
6.92.24-11;-16.34017578;-72.17168164;-1926338.41;2767148.178;E
6.92.24-13; ; ;-1.516416327;20763369.87;E
6.92.24-13;-16.3399668;-72.17308789;-1926296.923;2766991.856;E
6.92.24-13;-16.34069336;-72.17210547;-1926393.866;2767093.785;E
6.92.24-13;-16.34028125;-72.17177344;-1926349.645;2767136.48;E
6.92.24-13;-16.33951953;-72.17275391;-1926248.611;2767035.212;E
6.92.24-14; ; ;-1.516416327;20763369.87;E
6.92.24-14;-16.33918164;-72.17321289;-1926203.502;2766987.571;E
6.92.24-14;-16.33848047;-72.17417578;-1926109.77;2766887.529;E
6.92.24-14;-16.33893945;-72.17455273;-1926158.934;2766839.17;E
6.92.24-14;-16.33961523;-72.17357031;-1926249.93;2766941.737;E
6.92.24-15; ; ;-1.516416327;20763369.87;E
6.92.24-15;-16.33972852;-72.17455469;-1926251.275;2766829.058;E
6.92.24-15;-16.34015625;-72.17398633;-1926308.224;2766887.934;E
6.92.24-15;-16.33970312;-72.17362891;-1926259.509;2766934.013;E
6.92.24-15;-16.33899805;-72.17461328;-1926165.06;2766831.592;E
6.92.24-15;-16.33944336;-72.17494531;-1926213.168;2766788.482;E
6.92.24-18; ; ;-1.516416327;20763369.87;E
6.92.24-18;-16.3407793;-72.17216797;-1926403.168;2767085.643;E
6.92.24-18;-16.34004492;-72.17315625;-1926305.241;2766983.15;E
6.92.24-18;-16.34050586;-72.1735;-1926355.035;2766938.518;E
6.92.24-18;-16.34123242;-72.17251562;-1926452.001;2767040.668;E
6.92.24-19; ; ;-1.516416327;20763369.87;E
6.92.24-19;-16.34092187;-72.17198633;-1926422.057;2767104.386;E
6.92.24-19;-16.34083398;-72.17209961;-1926410.398;2767092.684;E
6.92.24-19;-16.34129492;-72.17244922;-1926460.121;2767047.39;E
6.92.24-19;-16.3414082;-72.17229102;-1926475.297;2767063.85;E
6.92.24-20; ; ;-1.516416327;20763369.87;E
6.92.24-20;-16.34148437;-72.17233008;-1926483.74;2767058.48;E
6.92.24-20;-16.34136719;-72.1725;-1926467.965;2767040.744;E
6.92.24-20;-16.34180273;-72.17286523;-1926514.527;2766994.002;E
6.92.24-20;-16.34195703;-72.17264258;-1926535.284;2767017.233;E
6.92.24-21; ; ;-1.516416327;20763369.87;E
6.92.24-21;-16.34058984;-72.17358789;-1926363.802;2766927.531;E
6.92.24-21;-16.341;-72.17391992;-1926407.794;2766884.861;E
6.92.24-21;-16.34174805;-72.17293164;-1926507.322;2766987.182;E
6.92.24-21;-16.34130469;-72.17257617;-1926459.727;2767032.918;E
6.92.24-22; ; ;-1.516416327;20763369.87;E
6.92.24-22;-16.34068359;-72.17443555;-1926364.515;2766830.55;E
6.92.24-22;-16.34021484;-72.17407031;-1926314.066;2766877.707;E
6.92.24-22;-16.3395293;-72.17501172;-1926222.424;2766779.899;E
6.92.24-22;-16.34000781;-72.17538867;-1926273.874;2766731.296;E
6.92.24-23; ; ;-1.516416327;20763369.87;E
6.92.24-23;-16.34083203;-72.17536328;-1926370.66;2766723.833;E
6.92.24-23;-16.34095508;-72.17517187;-1926387.38;2766743.924;E
6.92.24-23;-16.34097461;-72.17510742;-1926390.447;2766750.964;E
6.92.24-23;-16.34097266;-72.17507227;-1926390.644;2766754.962;E
6.92.24-23;-16.34094141;-72.17501953;-1926387.624;2766761.314;E
6.92.24-23;-16.34087891;-72.17494531;-1926381.206;2766770.486;E
6.92.24-23;-16.34055664;-72.17471094;-1926346.321;2766801.016;E
6.92.24-23;-16.34005664;-72.17542383;-1926279.164;2766726.71;E
6.92.24-23;-16.34050391;-72.1757793;-1926327.216;2766680.927;E
6.92.24-24; ; ;-1.516416327;20763369.87;E
6.92.24-24;-16.34220504;-72.17465907;-1926539.903;2766786.212;E
6.92.24-24;-16.34141391;-72.17401975;-1926455.036;2766868.389;E
6.92.24-24;-16.34102262;-72.17405783;-1926408.772;2766868.991;E
6.92.24-24;-16.34079978;-72.17442404;-1926378.254;2766830.394;E
6.92.24-24;-16.34082879;-72.17479556;-1926377.153;2766788.04;E
6.92.24-24;-16.34156459;-72.1754206;-1926455.716;2766708.17;E
6.92.24-24;-16.34185971;-72.17543784;-1926490.053;2766702.522;E
6.92.24-24;-16.34225983;-72.17498476;-1926542.374;2766748.714;E
6.92.24-25; ; ;-1.516416327;20763369.87;E
6.92.24-25;-16.34171484;-72.17407422;-1926489.603;2766858.46;E
6.92.24-25;-16.34204297;-72.17365039;-1926533.142;2766902.248;E
6.92.24-25;-16.34226562;-72.17337305;-1926562.563;2766930.803;E
6.92.24-25;-16.34183984;-72.17301367;-1926517.074;2766976.76;E
6.92.24-25;-16.3412832;-72.17374805;-1926443.025;2766900.737;E
6.92.24-26; ; ;-1.516416327;20763369.87;E
6.92.24-26;-16.3423418;-72.17329102;-1926572.473;2766939.119;E
6.92.24-26;-16.34253906;-72.17300977;-1926598.969;2766968.434;E
6.92.24-26;-16.34204687;-72.17269336;-1926545.186;2767010.367;E
6.92.24-26;-16.34187891;-72.17292578;-1926522.711;2766986.204;E
6.92.24-27; ; ;-1.516416327;20763369.87;E
6.92.24-27;-16.3428457;-72.17320703;-1926632.475;2766942.293;E
6.92.24-27;-16.34269336;-72.17345703;-1926611.616;2766915.947;E
6.92.24-27;-16.34268359;-72.17351562;-1926609.763;2766909.447;E
6.92.24-27;-16.34269727;-72.17356641;-1926610.749;2766903.536;E
6.92.24-27;-16.34270703;-72.17358398;-1926611.679;2766901.427;E
6.92.24-27;-16.34310742;-72.17395703;-1926654.03;2766854.244;E
6.92.24-27;-16.34342187;-72.17356836;-1926695.545;2766894.23;E
6.92.24-28; ; ;-1.516416327;20763369.87;E
6.92.24-28;-16.34300195;-72.1740293;-1926640.81;2766847.399;E
6.92.24-28;-16.34260352;-72.17367969;-1926598.403;2766891.909;E
6.92.24-28;-16.34202539;-72.17434766;-1926522.644;2766823.661;E
6.92.24-28;-16.34243164;-72.1747207;-1926565.681;2766776.405;E
6.92.24-29; ; ;-1.516416327;20763369.87;E
6.92.24-29;-16.34167383;-72.17563086;-1926465.958;2766683.037;E
6.92.24-29;-16.34123633;-72.17526562;-1926419.167;2766729.802;E
6.92.24-29;-16.34067578;-72.17592969;-1926345.514;2766661.774;E
6.92.24-29;-16.34111133;-72.17630273;-1926391.982;2766614.152;E
6.92.24-30; ; ;-1.516416327;20763369.87;E
6.92.24-30;-16.34232812;-72.17590039;-1926539.283;2766644.371;E
6.92.24-30;-16.34188086;-72.1755;-1926491.776;2766695.232;E
6.92.24-30;-16.34116602;-72.17637695;-1926397.485;2766605.078;E
6.92.24-30;-16.34158984;-72.17677344;-1926442.297;2766554.953;E
6.92.24-31; ; ;-1.516416327;20763369.87;E
6.92.24-31;-16.34355078;-72.1744707;-1926699.709;2766790.628;E
6.92.24-31;-16.34310156;-72.17406055;-1926652.091;2766842.618;E
6.92.24-31;-16.34230664;-72.17498047;-1926547.905;2766748.612;E
6.92.24-31;-16.34275195;-72.17538672;-1926595.113;2766697.114;E
6.92.24-32; ; ;-1.516416327;20763369.87;E
6.92.24-32;-16.3435293;-72.17363086;-1926707.362;2766885.819;E
6.92.24-32;-16.3431875;-72.17403516;-1926662.458;2766844.41;E
6.92.24-32;-16.3435918;-72.17441406;-1926705.196;2766796.515;E
6.92.24-32;-16.34401172;-72.17392969;-1926760.215;2766845.995;E
6.92.24-33; ; ;-1.516416327;20763369.87;E
6.92.24-33;-16.34456445;-72.17429883;-1926820.446;2766797.343;E
6.92.24-33;-16.34408789;-72.17398633;-1926768.445;2766838.638;E
6.92.24-33;-16.34366016;-72.17447852;-1926712.417;2766788.374;E
6.92.24-33;-16.34408594;-72.17486523;-1926757.575;2766739.327;E
6.92.24-34; ; ;-1.516416327;20763369.87;E
6.92.24-34;-16.34404102;-72.17492969;-1926751.537;2766732.606;E
6.92.24-34;-16.34361719;-72.17453906;-1926706.655;2766782.069;E
6.92.24-34;-16.34284375;-72.17546094;-1926604.959;2766687.575;E
6.92.24-34;-16.34326172;-72.17583594;-1926649.345;2766639.951;E
6.92.24-35; ; ;-1.516416327;20763369.87;E
6.92.24-35;-16.34282422;-72.17632422;-1926592.223;2766590.25;E
6.92.24-35;-16.34241797;-72.17596289;-1926549.043;2766636.181;E
6.92.24-35;-16.34165625;-72.17684766;-1926449.171;2766545.732;E
6.92.24-35;-16.3420625;-72.17721094;-1926492.327;2766499.581;E
6.92.24-36; ; ;-1.516416327;20763369.87;E
6.92.24-36;-16.34331641;-72.17678516;-1926644.256;2766531.983;E
6.92.24-36;-16.34288086;-72.17638672;-1926598.096;2766582.476;E
6.92.24-36;-16.34212891;-72.17726953;-1926499.391;2766492.126;E
6.92.24-36;-16.34257031;-72.17767578;-1926546.142;2766440.677;E
6.92.24-37; ; ;-1.516416327;20763369.87;E
6.92.24-37;-16.34449609;-72.1754082;-1926799.012;2766672.817;E
6.92.24-37;-16.3440918;-72.17503125;-1926756.251;2766720.49;E
6.92.24-37;-16.3433418;-72.1759082;-1926657.844;2766630.779;E
6.92.24-37;-16.34374414;-72.17628516;-1926700.376;2766583.131;E
6.92.24-38; ; ;-1.516416327;20763369.87;E
6.92.24-38;-16.34514453;-72.17464844;-1926884.114;2766750.555;E
6.92.24-38;-16.34467969;-72.17435547;-1926833.249;2766789.496;E
6.92.24-38;-16.34417773;-72.17494727;-1926767.327;2766728.905;E
6.92.24-38;-16.34457422;-72.17532422;-1926809.174;2766681.329;E
6.92.24-39; ; ;-1.516416327;20763369.87;E
6.92.24-39;-16.34572461;-72.17502148;-1926947.498;2766701.119;E
6.92.24-39;-16.34524414;-72.1747168;-1926894.946;2766741.58;E
6.92.24-39;-16.34466602;-72.17539844;-1926819.021;2766671.79;E
6.92.24-39;-16.34508984;-72.17576953;-1926864.139;2766624.534;E
6.92.24-40; ; ;-1.516416327;20763369.87;E
6.92.24-40;-16.34458398;-72.17547461;-1926808.496;2766664.21;E
6.92.24-40;-16.34377148;-72.17642578;-1926701.875;2766566.895;E
6.92.24-40;-16.34387109;-72.17657227;-1926711.761;2766549.09;E
6.92.24-40;-16.34417969;-72.17686523;-1926744.336;2766512.11;E
6.92.24-40;-16.34502344;-72.17588672;-1926854.947;2766612.123;E
6.92.24-41; ; ;-1.516416327;20763369.87;E
6.92.24-41;-16.34392969;-72.17716602;-1926711.432;2766481.25;E
6.92.24-41;-16.34350391;-72.17676367;-1926666.463;2766532.061;E
6.92.24-41;-16.34345117;-72.17681445;-1926659.676;2766526.983;E
6.92.24-41;-16.34262891;-72.17775391;-1926552.055;2766431.113;E
6.92.24-41;-16.34306055;-72.17816406;-1926597.615;2766379.346;E
6.92.24-42; ; ;-1.516416327;20763369.87;E
6.92.24-42;-16.3444043;-72.17759375;-1926761.809;2766426.957;E
6.92.24-42;-16.34398437;-72.1772207;-1926717.171;2766474.383;E
6.92.24-42;-16.34315234;-72.17819141;-1926608.03;2766375.105;E
6.92.24-42;-16.34354883;-72.17857227;-1926649.829;2766327.09;E
6.92.24-43; ; ;-1.516416327;20763369.87;E
6.92.24-43;-16.34549122;-72.17632091;-1926904.445;2766557.184;E
6.92.24-43;-16.34508398;-72.1759375;-1926861.419;2766605.624;E
6.92.24-43;-16.34424219;-72.17692187;-1926750.967;2766504.924;E
6.92.24-43;-16.3446582;-72.17729492;-1926795.147;2766457.547;E
6.92.24-45; ; ;-1.516416327;20763369.87;E
6.92.24-45;-16.34369336;-72.17856641;-1926666.818;2766325.94;E
6.92.24-45;-16.34358203;-72.17873633;-1926651.73;2766308.131;E
6.92.24-45;-16.34356055;-72.17906055;-1926645.291;2766271.758;E
6.92.24-45;-16.34570117;-72.17895703;-1926897.109;2766256.621;E
6.92.24-45;-16.34563867;-72.17780273;-1926903.766;2766387.861;E
6.92.24-45;-16.34545312;-72.17781641;-1926881.882;2766388.642;E
6.92.24-45;-16.34512695;-72.17782812;-1926843.561;2766391.408;E
6.92.24-45;-16.34492969;-72.17782031;-1926820.565;2766394.764;E
6.92.24-45;-16.34478711;-72.17778125;-1926804.348;2766400.966;E
6.92.24-45;-16.34460352;-72.17769922;-1926783.851;2766412.539;E
6.92.24-45;-16.34450391;-72.17764453;-1926772.854;2766419.969;E
6.92.24-46; ; ;-1.516416327;20763369.87;E
6.92.24-46;-16.34335547;-72.17919141;-1926619.702;2766259.539;E
6.92.24-46;-16.34307617;-72.17971875;-1926580.627;2766203.44;E
6.92.24-46;-16.34343945;-72.17975977;-1926622.654;2766194.25;E
6.92.24-46;-16.3434707;-72.17919141;-1926633.191;2766258.094;E
6.92.24-47; ; ;-1.516416327;20763369.87;E
6.92.24-47;-16.34408984;-72.17979297;-1926698.381;2766182.345;E
6.92.24-47;-16.34404492;-72.17915039;-1926700.901;2766255.531;E
6.92.24-47;-16.34355273;-72.17915234;-1926643.265;2766261.481;E
6.92.24-47;-16.34353711;-72.17976172;-1926634.061;2766192.805;E
6.92.24-48; ; ;-1.516416327;20763369.87;E
6.92.24-48;-16.34460352;-72.17912695;-1926766.569;2766251.178;E
6.92.24-48;-16.34412695;-72.17913867;-1926710.644;2766255.828;E
6.92.24-48;-16.34416406;-72.17979883;-1926706.998;2766180.752;E
6.92.24-48;-16.34463281;-72.17982617;-1926761.535;2766171.786;E
6.92.24-49; ; ;-1.516416327;20763369.87;E
6.92.24-49;-16.34574219;-72.17990039;-1926890.49;2766149.491;E
6.92.24-49;-16.34569922;-72.17906445;-1926895.58;2766244.505;E
6.92.24-49;-16.34522656;-72.17908594;-1926839.994;2766248.003;E
6.92.24-49;-16.34526758;-72.17987305;-1926835.268;2766158.531;E
6.92.24-50; ; ;-1.516416327;20763369.87;E
6.92.24-50;-16.34629297;-72.17905469;-1926965.198;2766238.165;E
6.92.24-50;-16.3458125;-72.17907031;-1926908.769;2766242.422;E
6.92.24-50;-16.34585742;-72.1799043;-1926903.931;2766147.604;E
6.92.24-50;-16.34633398;-72.17991992;-1926959.525;2766139.864;E
6.92.24-51; ; ;-1.516416327;20763369.87;E
6.92.24-51;-16.34622266;-72.1777832;-1926972.36;2766382.747;E
6.92.24-51;-16.34574609;-72.17780469;-1926916.317;2766386.294;E
6.92.24-51;-16.34581055;-72.17895508;-1926909.935;2766255.47;E
6.92.24-51;-16.34628906;-72.17892773;-1926966.277;2766252.561;E
6.92.24-52; ; ;-1.516416327;20763369.87;E
6.92.24-52;-16.34930469;-72.17753711;-1927336.099;2766371.912;E
6.92.24-52;-16.34930859;-72.17751562;-1927336.816;2766374.291;E
6.92.24-52;-16.34924805;-72.17750195;-1927329.895;2766376.595;E
6.92.24-52;-16.34652539;-72.17766211;-1927009.262;2766392.636;E
6.92.24-52;-16.34636523;-72.17768945;-1926990.184;2766391.554;E
6.92.24-52;-16.34628125;-72.17772461;-1926979.928;2766388.634;E
6.92.24-52;-16.3464043;-72.1799043;-1926967.944;2766140.748;E
6.92.24-52;-16.34792578;-72.17995703;-1927145.397;2766115.713;E
6.92.24-53; ; ;-1.516416327;20763369.87;E
6.92.24-53;-16.33505664;-72.16958594;-1925764.541;2767449.234;E
6.92.24-53;-16.33508594;-72.16953125;-1925768.633;2767455.048;E
6.92.24-53;-16.33525;-72.16960742;-1925786.916;2767444.382;E
6.92.24-53;-16.33542578;-72.16922461;-1925812.126;2767485.448;E
6.92.24-53;-16.33546289;-72.16924219;-1925816.258;2767482.996;E
6.92.24-53;-16.33528906;-72.169625;-1925791.275;2767441.905;E
6.92.24-53;-16.33533594;-72.16964648;-1925796.503;2767438.889;E
6.92.24-53;-16.33554297;-72.16966016;-1925820.572;2767434.748;E
6.92.24-53;-16.33563086;-72.16940234;-1925833.981;2767462.787;E
6.92.24-53;-16.33569141;-72.16923437;-1925843.102;2767481.014;E
6.92.24-53;-16.33575391;-72.16926367;-1925850.064;2767476.919;E
6.92.24-53;-16.33560937;-72.1696543;-1925828.416;2767434.578;E
6.92.24-53;-16.33562305;-72.16967187;-1925829.804;2767432.42;E
6.92.24-53;-16.33599609;-72.16967578;-1925873.426;2767427.302;E
6.92.24-53;-16.33686914;-72.1700293;-1925971.344;2767376.398;E
6.92.24-53;-16.33695312;-72.16986133;-1925983.209;2767394.331;E
6.92.24-53;-16.3370598;-72.16959658;-1925998.901;2767422.918;E
6.92.24-53;-16.3360918;-72.16921289;-1925890.232;2767478.423;E
6.92.24-53;-16.33525586;-72.16882227;-1925797.106;2767533.056;E
6.92.24-53;-16.33517578;-72.16881836;-1925787.779;2767534.501;E
6.92.24-53;-16.33474805;-72.1695625;-1925728.701;2767455.752;E
6.92.24-53;-16.33428713;-72.17042926;-1925664.254;2767363.559;E
6.92.24-53;-16.3345957;-72.17065039;-1925697.7;2767334.696;E
6.92.24-53;-16.33491602;-72.17068555;-1925734.77;2767326.707;E
6.92.24-53;-16.33546484;-72.16986328;-1925808.968;2767412.768;E
6.92.24-53;-16.33553125;-72.16973242;-1925818.325;2767426.727;E
6.92.24-53;-16.33532422;-72.16970898;-1925794.374;2767431.972;E
6.92.24-53;-16.33514648;-72.16964062;-1925774.396;2767441.926;E
6.92.24-54; ; ;-1.516416327;20763369.87;E
6.92.24-54;-16.33558789;-72.16972656;-1925825.027;2767426.679;E
6.92.24-54;-16.33553711;-72.16988672;-1925817.144;2767409.213;E
6.92.24-54;-16.33549805;-72.16987305;-1925812.736;2767411.248;E
6.92.24-54;-16.33495898;-72.17068945;-1925739.752;2767325.727;E
6.92.24-54;-16.33560352;-72.1706875;-1925815.224;2767317.868;E
6.92.24-54;-16.33604102;-72.16977734;-1925877.455;2767415.259;E
6.92.24-54;-16.33577539;-72.16973242;-1925846.904;2767423.666;E
6.92.24-55; ; ;-1.516416327;20763369.87;E
6.92.24-55;-16.33567773;-72.17067969;-1925824.006;2767317.821;E
6.92.24-55;-16.33610156;-72.17069336;-1925873.454;2767310.962;E
6.92.24-55;-16.33644531;-72.16993164;-1925922.913;2767392.75;E
6.92.24-55;-16.33609766;-72.16978125;-1925884.038;2767414.107;E
6.92.24-56; ; ;-1.516416327;20763369.87;E
6.92.24-56;-16.33657422;-72.17070898;-1925928.593;2767303.271;E
6.92.24-56;-16.33684375;-72.17010352;-1925967.474;2767368.327;E
6.92.24-56;-16.33650195;-72.16995898;-1925929.213;2767388.949;E
6.92.24-56;-16.33616992;-72.17069531;-1925881.432;2767309.884;E
6.92.24-57; ; ;-1.516416327;20763369.87;E
6.92.24-57;-16.33609961;-72.17171094;-1925860.908;2767195.97;E
6.92.24-57;-16.3365;-72.170875;-1925917.896;2767285.436;E
6.92.24-57;-16.33608398;-72.17085742;-1925869.41;2767292.638;E
6.92.24-57;-16.33580859;-72.17143164;-1925830.223;2767231.187;E
6.92.24-58; ; ;-1.516416327;20763369.87;E
6.92.24-58;-16.33547461;-72.17113672;-1925794.697;2767268.708;E
6.92.24-58;-16.33576562;-72.17139062;-1925825.689;2767236.361;E
6.92.24-58;-16.33602148;-72.17085742;-1925862.094;2767293.422;E
6.92.24-58;-16.33560937;-72.17083203;-1925814.16;2767301.458;E
6.92.24-59; ; ;-1.516416327;20763369.87;E
6.92.24-59;-16.3360822;-72.17179412;-1925857.863;2767186.787;E
6.92.24-59;-16.33500941;-72.17075657;-1925744.843;2767317.508;E
6.92.24-59;-16.33471291;-72.17083037;-1925709.241;2767312.883;E
6.92.24-59;-16.33515902;-72.17120495;-1925756.928;2767264.952;E
6.92.24-59;-16.33547663;-72.17144006;-1925791.262;2767234.397;E
6.92.24-59;-16.33592032;-72.17198551;-1925836.597;2767167.183;E
6.92.24-75; ; ;-1.516416327;20763369.87;E
6.92.24-75;-16.33732125;-72.17707078;-1925939.04;2766574.85;E
6.92.24-75;-16.33620719;-72.17649845;-1925815.56;2766653.5;E
6.92.24-75;-16.33512463;-72.17596839;-1925695.255;2766726.977;E
6.92.24-75;-16.33452103;-72.17565311;-1925628.415;2766770.176;E
6.92.24-75;-16.33490979;-72.17658819;-1925662.607;2766659.614;E
6.92.24-75;-16.33555923;-72.17692115;-1925734.598;2766613.843;E
6.92.24-75;-16.33686248;-72.17752377;-1925879.859;2766529.399;E
6.92.24-75;-16.33823632;-72.17822571;-1926032.178;2766432.846;E
6.92.24-75;-16.33852201;-72.1776497;-1926072.589;2766494.369;E
6.92.24-76; ; ;-1.516416327;20763369.87;E
6.92.24-76;-16.3356555;-72.17702935;-1925744.559;2766600.407;E
6.92.24-76;-16.33492336;-72.17665387;-1925663.401;2766652.021;E
6.92.24-76;-16.33420771;-72.17630721;-1925583.825;2766700.17;E
6.92.24-76;-16.33391887;-72.17689145;-1925542.945;2766637.754;E
6.92.24-76;-16.33441902;-72.17712491;-1925598.666;2766605.1;E
6.92.24-76;-16.33475822;-72.17720753;-1925637.372;2766591.511;E
6.92.24-76;-16.33555374;-72.17750531;-1925726.888;2766547.886;E
6.92.24-76;-16.33607684;-72.17780337;-1925784.512;2766507.642;E
6.92.24-76;-16.33629061;-72.17733193;-1925815.24;2766558.249;E
6.92.24-77; ; ;-1.516416327;20763369.87;E
6.92.24-77;-16.33633025;-72.17736344;-1925819.498;2766554.191;E
6.92.24-77;-16.33609243;-72.1778629;-1925785.617;2766500.719;E
6.92.24-77;-16.33634022;-72.17815032;-1925811.144;2766465.128;E
6.92.24-77;-16.33650696;-72.17842992;-1925827.279;2766431.437;E
6.92.24-77;-16.33674452;-72.1785959;-1925853.078;2766409.7;E
6.92.24-77;-16.33660652;-72.17890163;-1925833.225;2766376.874;E
6.92.24-77;-16.33730156;-72.17907845;-1925912.442;2766348.18;E
6.92.24-77;-16.33777952;-72.17806695;-1925980.629;2766456.514;E
6.92.24-72; ; ;-1.516416327;20763369.87;E
6.92.24-72;-16.3315175;-72.17516782;-1925282.705;2766862.664;E
6.92.24-72;-16.33128388;-72.1750271;-1925257.061;2766881.497;E
6.92.24-72;-16.33108982;-72.17530098;-1925231.032;2766852.972;E
6.92.24-72;-16.3316183;-72.17566682;-1925288.467;2766804.999;E
6.92.24-72;-16.33146131;-72.17589692;-1925267.306;2766780.958;E
6.92.24-72;-16.33264058;-72.17676286;-1925394.87;2766668.305;E
6.92.24-72;-16.3334348;-72.17643387;-1925491.82;2766695.54;E
6.92.24-72;-16.33391541;-72.17604823;-1925552.743;2766733.106;E
6.92.24-72;-16.33187225;-72.17474579;-1925329.337;2766905.922;E
6.92.26-1; ; ;-1.516416327;20763369.87;E
6.92.26-1;-16.32646663;-72.17750765;-1924663.166;2766661.461;E
6.92.26-1;-16.32666533;-72.17712756;-1924691.022;2766701.936;E
6.92.26-1;-16.32574424;-72.17659954;-1924589.589;2766773.155;E
6.92.26-1;-16.32546452;-72.17656143;-1924557.307;2766780.966;E
6.92.26-1;-16.32532054;-72.1768384;-1924537.104;2766751.463;E
6.92.26-3; ; ;-1.516416327;20763369.87;E
6.92.26-3;-16.32756761;-72.17765772;-1924790.227;2766630.709;E
6.92.26-3;-16.32674034;-72.1771882;-1924699.069;2766694.141;E
6.92.26-3;-16.32654677;-72.17754557;-1924672.089;2766656.172;E
6.92.26-3;-16.32737533;-72.17802123;-1924763.324;2766592.029;E
6.92.26-4; ; ;-1.516416327;20763369.87;E
6.92.26-4;-16.32779782;-72.17720569;-1924822.642;2766678.919;E
6.92.26-4;-16.32699377;-72.17674537;-1924734.091;2766741.021;E
6.92.26-4;-16.32679474;-72.17710307;-1924706.466;2766703.083;E
6.92.26-4;-16.32760797;-72.1775627;-1924796.101;2766640.944;E
6.92.26-5; ; ;-1.516416327;20763369.87;E
6.92.26-5;-16.32802536;-72.17675043;-1924854.783;2766727.528;E
6.92.26-5;-16.32758581;-72.17650117;-1924806.347;2766761.208;E
6.92.26-5;-16.32716201;-72.17645479;-1924757.299;2766771.759;E
6.92.26-5;-16.327046;-72.17665847;-1924741.256;2766750.191;E
6.92.26-5;-16.32783244;-72.17710651;-1924827.894;2766689.697;E
6.92.26-6; ; ;-1.516416327;20763369.87;E
6.92.26-6;-16.3284065;-72.17814338;-1924882.55;2766565.307;E
6.92.26-6;-16.32762166;-72.17769415;-1924796.114;2766625.914;E
6.92.26-6;-16.32743477;-72.17805118;-1924769.919;2766587.899;E
6.92.26-6;-16.32821066;-72.17849809;-1924855.336;2766527.667;E
6.92.26-8; ; ;-1.516416327;20763369.87;E
6.92.26-8;-16.32869589;-72.17759813;-1924923.019;2766623.312;E
6.92.26-8;-16.32888539;-72.17724184;-1924949.511;2766661.211;E
6.92.26-8;-16.3281134;-72.17679427;-1924864.559;2766721.47;E
6.92.26-8;-16.32791595;-72.17715153;-1924837.125;2766683.561;E
6.92.26-11; ; ;-1.516416327;20763369.87;E
6.92.26-11;-16.32908612;-72.17793771;-1924964.591;2766580.041;E
6.92.26-11;-16.32873087;-72.17774266;-1924925.366;2766606.538;E
6.92.26-11;-16.32828741;-72.1785438;-1924863.767;2766521.539;E
6.92.26-11;-16.32865296;-72.17873265;-1924904.273;2766495.615;E
6.92.26-12; ; ;-1.516416327;20763369.87;E
6.92.26-12;-16.32957339;-72.17705562;-1925032.297;2766673.641;E
6.92.26-12;-16.32923122;-72.17684568;-1924994.784;2766701.658;E
6.92.26-12;-16.32877142;-72.1776545;-1924931.179;2766615.994;E
6.92.26-12;-16.32912843;-72.17784725;-1924970.637;2766589.737;E
6.92.26-13; ; ;-1.516416327;20763369.87;E
6.92.26-13;-16.32951689;-72.17924015;-1924999.262;2766427.431;E
6.92.26-13;-16.32971289;-72.17889328;-1925026.4;2766464.182;E
6.92.26-13;-16.32892831;-72.17844042;-1924940.038;2766525.197;E
6.92.26-13;-16.32873855;-72.17879292;-1924913.563;2766487.73;E
6.92.26-14; ; ;-1.516416327;20763369.87;E
6.92.26-14;-16.32995678;-72.17844254;-1925060.4;2766512.075;E
6.92.26-14;-16.32917788;-72.17799787;-1924974.604;2766572.092;E
6.92.26-14;-16.32897973;-72.17835013;-1924947.149;2766534.758;E
6.92.26-14;-16.32976528;-72.17879614;-1925033.707;2766474.506;E
6.92.26-15; ; ;-1.516416327;20763369.87;E
6.92.26-15;-16.33020045;-72.17799074;-1925094.387;2766560.089;E
6.92.26-15;-16.32941194;-72.17754819;-1925007.441;2766619.988;E
6.92.26-15;-16.32922506;-72.177897;-1924981.347;2766582.903;E
6.92.26-15;-16.33000646;-72.17835425;-1925067.283;2766521.432;E
6.92.26-18; ; ;-1.516416327;20763369.87;E
6.92.26-18;-16.3308018;-72.17782229;-1925166.816;2766571.595;E
6.92.26-18;-16.33050597;-72.17764164;-1925134.373;2766595.721;E
6.92.26-18;-16.32984962;-72.178824;-1925043.243;2766470.3;E
6.92.26-18;-16.33018447;-72.17897592;-1925080.601;2766448.935;E
6.92.26-19; ; ;-1.516416327;20763369.87;E
6.92.26-19;-16.33085852;-72.1776556;-1925175.472;2766589.727;E
6.92.26-19;-16.33092285;-72.17753659;-1925184.441;2766602.372;E
6.92.26-19;-16.33097357;-72.17747315;-1925191.146;2766608.907;E
6.92.26-19;-16.33101798;-72.1774229;-1925196.952;2766614.03;E
6.92.26-19;-16.3310838;-72.17736506;-1925205.356;2766619.744;E
6.92.26-19;-16.33110739;-72.17734221;-1925208.394;2766622.03;E
6.92.26-19;-16.33078503;-72.17715912;-1925172.876;2766646.764;E
6.92.26-19;-16.33058989;-72.17750137;-1925145.893;2766610.524;E
6.92.26-21; ; ;-1.516416327;20763369.87;E
6.92.26-21;-16.32695139;-72.17483556;-1924752.23;2766957.425;E
6.92.26-21;-16.32754461;-72.17515955;-1924817.751;2766913.372;E
6.92.26-21;-16.32772446;-72.17482498;-1924842.851;2766948.937;E
6.92.26-21;-16.32714861;-72.1744764;-1924779.66;2766995.552;E
6.92.26-22; ; ;-1.516416327;20763369.87;E
6.92.26-22;-16.32701654;-72.17441103;-1924764.991;2767004.596;E
6.92.26-22;-16.3267218;-72.17422993;-1924732.68;2767028.758;E
6.92.26-22;-16.32652364;-72.17458339;-1924705.209;2766991.287;E
6.92.26-22;-16.32682344;-72.17475858;-1924738.183;2766967.73;E
6.92.27-1; ; ;-1.516416327;20763369.87;E
6.92.27-1;-16.3201696;-72.18191465;-1923872.787;2766242.162;E
6.92.27-1;-16.3193573;-72.18145125;-1923783.305;2766304.711;E
6.92.27-1;-16.31916288;-72.18182574;-1923756.021;2766264.813;E
6.92.27-1;-16.31996614;-72.18228308;-1923844.518;2766203.063;E
6.92.27-2; ; ;-1.516416327;20763369.87;E
6.92.27-2;-16.32039462;-72.18145338;-1923904.702;2766291.485;E
6.92.27-2;-16.31961708;-72.18099448;-1923819.234;2766353.09;E
6.92.27-2;-16.31941497;-72.18136111;-1923791.145;2766314.177;E
6.92.27-2;-16.32019755;-72.18181444;-1923877.27;2766253.14;E
6.92.27-3; ; ;-1.516416327;20763369.87;E
6.92.27-3;-16.32063321;-72.1809977;-1923938.138;2766340.007;E
6.92.27-3;-16.31985923;-72.18054521;-1923853.009;2766400.842;E
6.92.27-3;-16.319662;-72.18091393;-1923825.466;2766361.632;E
6.92.27-3;-16.32043285;-72.18135671;-1923910.344;2766301.934;E
6.92.27-4; ; ;-1.516416327;20763369.87;E
6.92.27-4;-16.32089579;-72.18056339;-1923974.124;2766385.813;E
6.92.27-4;-16.32008793;-72.18010287;-1923885.126;2766447.979;E
6.92.27-4;-16.31989378;-72.18045552;-1923858.137;2766410.548;E
6.92.27-4;-16.32068642;-72.18091979;-1923945.307;2766348.148;E
6.92.27-5; ; ;-1.516416327;20763369.87;E
6.92.27-5;-16.32112321;-72.18009237;-1924006.438;2766436.207;E
6.92.27-5;-16.32033341;-72.1796404;-1923919.451;2766497.182;E
6.92.27-5;-16.32013081;-72.18000553;-1923891.322;2766458.446;E
6.92.27-5;-16.32092224;-72.18044841;-1923978.609;2766398.478;E
6.92.27-6; ; ;-1.516416327;20763369.87;E
6.92.27-6;-16.32136897;-72.17964602;-1924040.601;2766483.584;E
6.92.27-6;-16.32058578;-72.17918802;-1923954.461;2766545.159;E
6.92.27-6;-16.32038282;-72.17954302;-1923926.413;2766507.572;E
6.92.27-6;-16.32116746;-72.17999385;-1924012.809;2766446.789;E
6.92.27-7; ; ;-1.516416327;20763369.87;E
6.92.27-7;-16.32145994;-72.17841992;-1924066.072;2766621.038;E
6.92.27-7;-16.32110446;-72.17820821;-1924027.022;2766649.419;E
6.92.27-7;-16.32067193;-72.17901215;-1923966.672;2766563.96;E
6.92.27-7;-16.32102449;-72.17922003;-1924005.428;2766536.049;E
6.92.27-8; ; ;-1.516416327;20763369.87;E
6.92.27-8;-16.32189559;-72.1786735;-1924114.002;2766586.92;E
6.92.27-8;-16.32153678;-72.1784713;-1924074.446;2766614.268;E
6.92.27-8;-16.32111275;-72.17927191;-1924015.132;2766529.079;E
6.92.27-8;-16.32145941;-72.17946922;-1924053.325;2766502.436;E
6.92.27-9; ; ;-1.516416327;20763369.87;E
6.92.27-9;-16.32213521;-72.17822126;-1924147.52;2766635.039;E
6.92.27-9;-16.32134074;-72.17776399;-1924060.049;2766696.674;E
6.92.27-9;-16.32115029;-72.17812886;-1924033.345;2766657.815;E
6.92.27-9;-16.32194411;-72.17858852;-1924120.709;2766595.918;E
6.92.27-10; ; ;-1.516416327;20763369.87;E
6.92.27-10;-16.32238919;-72.17774679;-1924182.985;2766685.491;E
6.92.27-10;-16.32158314;-72.17729876;-1924094.049;2766746.227;E
6.92.27-10;-16.32139064;-72.17767178;-1924067.006;2766706.472;E
6.92.27-10;-16.32218614;-72.17812186;-1924154.683;2766645.637;E
6.92.27-11; ; ;-1.516416327;20763369.87;E
6.92.27-11;-16.32261794;-72.17730041;-1924215.159;2766733.084;E
6.92.27-11;-16.32180696;-72.17684687;-1924125.713;2766794.504;E
6.92.27-11;-16.32162036;-72.17720394;-1924099.553;2766756.479;E
6.92.27-11;-16.32241628;-72.17766458;-1924187.15;2766694.444;E
6.92.27-12; ; ;-1.516416327;20763369.87;E
6.92.27-12;-16.32347661;-72.17780998;-1924309.51;2766664.732;E
6.92.27-12;-16.32269035;-72.17735377;-1924222.99;2766726.145;E
6.92.27-12;-16.32249822;-72.17771932;-1924196.08;2766687.231;E
6.92.27-12;-16.32328634;-72.17814803;-1924283.15;2766628.903;E
6.92.27-13; ; ;-1.516416327;20763369.87;E
6.92.27-13;-16.32323667;-72.17824493;-1924276.165;2766618.572;E
6.92.27-13;-16.32245597;-72.17781295;-1924190.002;2766677.176;E
6.92.27-13;-16.32225248;-72.17817464;-1924161.81;2766638.84;E
6.92.27-13;-16.32303723;-72.1785986;-1924248.543;2766581.092;E
6.92.27-14; ; ;-1.516416327;20763369.87;E
6.92.27-14;-16.32299128;-72.1787074;-1924241.849;2766569.369;E
6.92.27-14;-16.3222144;-72.17826991;-1924156.2;2766628.548;E
6.92.27-14;-16.32202519;-72.17863292;-1924129.664;2766589.884;E
6.92.27-14;-16.3227959;-72.1790644;-1924214.662;2766531.462;E
6.92.27-15; ; ;-1.516416327;20763369.87;E
6.92.27-15;-16.32274977;-72.17915726;-1924208.14;2766521.543;E
6.92.27-15;-16.32197087;-72.17872185;-1924122.229;2766580.512;E
6.92.27-15;-16.32178311;-72.17906931;-1924096.05;2766543.587;E
6.92.27-15;-16.32256399;-72.17950268;-1924182.217;2766484.825;E
6.92.27-16; ; ;-1.516416327;20763369.87;E
6.92.27-16;-16.32251642;-72.17960639;-1924175.396;2766473.698;E
6.92.27-16;-16.32173269;-72.1791668;-1924088.97;2766533.199;E
6.92.27-16;-16.32154396;-72.17952999;-1924062.487;2766494.508;E
6.92.27-16;-16.32233158;-72.17995916;-1924149.494;2766436.137;E
6.92.27-18; ; ;-1.516416327;20763369.87;E
6.92.27-18;-16.32173694;-72.18104788;-1924066.727;2766320.519;E
6.92.27-18;-16.32096182;-72.18060059;-1923981.403;2766380.781;E
6.92.27-18;-16.32076066;-72.18096216;-1923953.486;2766342.428;E
6.92.27-18;-16.32155366;-72.18140465;-1924040.961;2766282.486;E
6.92.27-19; ; ;-1.516416327;20763369.87;E
6.92.27-19;-16.32151542;-72.18150096;-1924035.321;2766272.078;E
6.92.27-19;-16.32071033;-72.18104156;-1923946.635;2766334.083;E
6.92.27-19;-16.32053427;-72.18140529;-1923921.629;2766295.173;E
6.92.27-19;-16.32131484;-72.18183778;-1924007.771;2766236.517;E
6.92.27-20; ; ;-1.516416327;20763369.87;E
6.92.27-20;-16.32107252;-72.18230079;-1923973.81;2766187.214;E
6.92.27-20;-16.32125709;-72.18194461;-1923999.72;2766225.164;E
6.92.27-20;-16.32047944;-72.18149839;-1923914.085;2766285.336;E
6.92.27-20;-16.32028554;-72.18186447;-1923886.965;2766246.384;E
6.92.27-21; ; ;-1.516416327;20763369.87;E
6.92.27-21;-16.32103314;-72.18240772;-1923967.908;2766175.62;E
6.92.27-21;-16.32024932;-72.1819669;-1923881.486;2766235.259;E
6.92.27-21;-16.32005205;-72.18232988;-1923854.009;2766196.699;E
6.92.27-21;-16.32084038;-72.18275899;-1923941.099;2766138.328;E
6.92.27-22; ; ;-1.516416327;20763369.87;E
6.92.27-22;-16.3218268;-72.18286128;-1924055.326;2766114.419;E
6.92.27-22;-16.32111204;-72.18244912;-1923976.643;2766169.953;E
6.92.27-22;-16.32092324;-72.18280503;-1923950.241;2766132.086;E
6.92.27-22;-16.32163069;-72.18320326;-1924028.237;2766078.218;E
6.92.27-23; ; ;-1.516416327;20763369.87;E
6.92.27-23;-16.32207794;-72.18241138;-1924090.16;2766162.129;E
6.92.27-23;-16.32133628;-72.1819779;-1924008.586;2766220.41;E
6.92.27-23;-16.32114112;-72.18233463;-1923981.43;2766182.53;E
6.92.27-23;-16.32188045;-72.18276017;-1924062.828;2766125.176;E
6.92.27-24; ; ;-1.516416327;20763369.87;E
6.92.27-24;-16.32233748;-72.18198231;-1924125.727;2766207.379;E
6.92.27-24;-16.32158486;-72.1815553;-1924042.791;2766265.066;E
6.92.27-24;-16.32139361;-72.18191398;-1924016.07;2766226.918;E
6.92.27-24;-16.32214068;-72.18232725;-1924098.522;2766170.852;E
6.92.27-25; ; ;-1.516416327;20763369.87;E
6.92.27-25;-16.32258166;-72.1815298;-1924159.779;2766255.471;E
6.92.27-25;-16.32183647;-72.18110863;-1924077.643;2766312.406;E
6.92.27-25;-16.32164801;-72.18145191;-1924051.434;2766275.962;E
6.92.27-25;-16.32238443;-72.18187608;-1924132.507;2766218.799;E
6.92.27-26; ; ;-1.516416327;20763369.87;E
6.92.27-26;-16.32282709;-72.18107349;-1924194.024;2766303.977;E
6.92.27-26;-16.32205009;-72.18064062;-1924108.306;2766362.633;E
6.92.27-26;-16.3218659;-72.18098941;-1924082.53;2766325.513;E
6.92.27-26;-16.32262341;-72.18142727;-1924165.906;2766266.537;E
6.92.27-27; ; ;-1.516416327;20763369.87;E
6.92.27-27;-16.3230598;-72.18062359;-1924226.703;2766351.917;E
6.92.27-27;-16.32230343;-72.18019398;-1924143.36;2766409.947;E
6.92.27-27;-16.32211204;-72.18053997;-1924116.774;2766373.233;E
6.92.27-27;-16.32287054;-72.18096895;-1924200.374;2766315.249;E
6.92.27-28; ; ;-1.516416327;20763369.87;E
6.92.27-28;-16.32333902;-72.18007258;-1924266.048;2766410.703;E
6.92.27-28;-16.32259668;-72.17964677;-1924184.302;2766468.129;E
6.92.27-28;-16.32239691;-72.18001305;-1924156.49;2766429.227;E
6.92.27-28;-16.32314916;-72.18043467;-1924239.447;2766372.153;E
6.92.27-29; ; ;-1.516416327;20763369.87;E
6.92.27-29;-16.32359939;-72.17963681;-1924301.795;2766456.7;E
6.92.27-29;-16.32284403;-72.17920723;-1924218.57;2766514.715;E
6.92.27-29;-16.32265814;-72.17955665;-1924192.586;2766477.546;E
6.92.27-29;-16.32340595;-72.17998729;-1924274.914;2766419.507;E
6.92.27-30; ; ;-1.516416327;20763369.87;E
6.92.27-30;-16.32383449;-72.17919035;-1924334.712;2766504.222;E
6.92.27-30;-16.32308208;-72.17875479;-1924251.905;2766562.876;E
6.92.27-30;-16.32290273;-72.1791083;-1924226.637;2766525.162;E
6.92.27-30;-16.32364671;-72.17954274;-1924308.471;2766466.741;E
6.92.27-31; ; ;-1.516416327;20763369.87;E
6.92.27-31;-16.32407158;-72.17873406;-1924367.981;2766552.829;E
6.92.27-31;-16.323323;-72.17829674;-1924285.644;2766611.634;E
6.92.27-31;-16.32313382;-72.17865181;-1924259.206;2766573.868;E
6.92.27-31;-16.32388045;-72.17909366;-1924341.261;2766514.575;E
6.92.27-32; ; ;-1.516416327;20763369.87;E
6.92.27-32;-16.32431912;-72.17828778;-1924402.354;2766600.174;E
6.92.27-32;-16.32355886;-72.17784505;-1924318.715;2766659.738;E
6.92.27-32;-16.32336368;-72.17820592;-1924291.504;2766621.391;E
6.92.27-32;-16.32411978;-72.1786508;-1924374.631;2766561.637;E
6.92.27-34; ; ;-1.516416327;20763369.87;E
6.92.27-34;-16.32555291;-72.17722769;-1924559.595;2766704.55;E
6.92.27-34;-16.32518504;-72.17702901;-1924518.937;2766731.614;E
6.92.27-34;-16.3247949;-72.17775593;-1924464.478;2766654.333;E
6.92.27-34;-16.32515556;-72.17795998;-1924504.228;2766626.752;E
6.92.27-35; ; ;-1.516416327;20763369.87;E
6.92.27-35;-16.32544357;-72.17833273;-1924533.433;2766581.013;E
6.92.27-35;-16.32471706;-72.17792855;-1924453.28;2766635.796;E
6.92.27-35;-16.32452006;-72.17828955;-1924425.854;2766597.458;E
6.92.27-35;-16.32525572;-72.17870279;-1924506.97;2766541.535;E
6.92.27-36; ; ;-1.516416327;20763369.87;E
6.92.27-36;-16.32523256;-72.17879296;-1924503.169;2766531.634;E
6.92.27-36;-16.32447376;-72.17837528;-1924419.397;2766588.347;E
6.92.27-36;-16.32427916;-72.17874427;-1924392.157;2766549.076;E
6.92.27-36;-16.32503019;-72.17916206;-1924475.017;2766492.447;E
6.92.27-37; ; ;-1.516416327;20763369.87;E
6.92.27-37;-16.32499644;-72.17925658;-1924469.924;2766482.186;E
6.92.27-37;-16.32423716;-72.17882492;-1924386.265;2766540.486;E
6.92.27-37;-16.32404;-72.17918453;-1924358.838;2766502.306;E
6.92.27-37;-16.32478545;-72.17961001;-1924440.952;2766444.878;E
6.92.27-38; ; ;-1.516416327;20763369.87;E
6.92.27-38;-16.32474076;-72.17970047;-1924434.627;2766435.213;E
6.92.27-38;-16.32400041;-72.1792681;-1924353.193;2766493.355;E
6.92.27-38;-16.32380012;-72.17964208;-1924325.227;2766453.591;E
6.92.27-38;-16.32454603;-72.18006744;-1924407.396;2766396.172;E
6.92.27-39; ; ;-1.516416327;20763369.87;E
6.92.27-39;-16.32451463;-72.18015645;-1924402.645;2766386.504;E
6.92.27-39;-16.32375265;-72.17971849;-1924318.747;2766445.548;E
6.92.27-39;-16.32356251;-72.18008901;-1924292.011;2766406.048;E
6.92.27-39;-16.32431521;-72.18051472;-1924374.97;2766348.504;E
6.92.27-40; ; ;-1.516416327;20763369.87;E
6.92.27-40;-16.32426787;-72.18061433;-1924368.225;2766337.839;E
6.92.27-40;-16.32351027;-72.18015863;-1924285.054;2766398.833;E
6.92.27-40;-16.32330849;-72.18052699;-1924256.981;2766359.723;E
6.92.27-40;-16.32407906;-72.18097339;-1924341.783;2766299.617;E
6.92.27-41; ; ;-1.516416327;20763369.87;E
6.92.27-41;-16.32396973;-72.18113613;-1924327.017;2766282.591;E
6.92.27-41;-16.32322873;-72.18071267;-1924245.399;2766339.733;E
6.92.27-41;-16.32303347;-72.1810715;-1924218.207;2766301.618;E
6.92.27-41;-16.32377946;-72.18150014;-1924300.345;2766243.828;E
6.92.27-42; ; ;-1.516416327;20763369.87;E
6.92.27-42;-16.3237423;-72.18158406;-1924294.98;2766234.808;E
6.92.27-42;-16.32298502;-72.18115612;-1924211.512;2766292.659;E
6.92.27-42;-16.32278382;-72.18152951;-1924183.447;2766252.973;E
6.92.27-42;-16.32352875;-72.18196186;-1924265.417;2766194.778;E
6.92.27-43; ; ;-1.516416327;20763369.87;E
6.92.27-43;-16.32348406;-72.18205567;-1924259.052;2766184.734;E
6.92.27-43;-16.32275856;-72.18162718;-1924179.309;2766242.249;E
6.92.27-43;-16.3225564;-72.18198965;-1924151.264;2766203.809;E
6.92.27-43;-16.32328764;-72.18241297;-1924231.741;2766146.805;E
6.92.27-45; ; ;-1.516416327;20763369.87;E
6.92.27-45;-16.32239366;-72.18312464;-1924118.496;2766077.555;E
6.92.27-45;-16.32260956;-72.18273064;-1924148.529;2766119.387;E
6.92.27-45;-16.32222792;-72.18249794;-1924106.67;2766150.467;E
6.92.27-45;-16.32200359;-72.18290832;-1924075.452;2766106.889;E
6.92.27-46; ; ;-1.516416327;20763369.87;E
6.92.27-46;-16.32199694;-72.18298459;-1924073.751;2766098.351;E
6.92.27-46;-16.32181243;-72.18331416;-1924048.17;2766063.408;E
6.92.27-46;-16.32217378;-72.18350411;-1924088.171;2766037.415;E
6.92.27-46;-16.32236066;-72.18318824;-1924113.863;2766070.779;E
6.92.27-47; ; ;-1.516416327;20763369.87;E
6.92.27-47;-16.32319917;-72.18364545;-1924206.487;2766008.604;E
6.92.27-47;-16.32245676;-72.18321943;-1924124.736;2766066.05;E
6.92.27-47;-16.32227819;-72.18356314;-1924099.679;2766029.435;E
6.92.27-47;-16.32300568;-72.18397821;-1924179.817;2765973.414;E
6.92.27-49; ; ;-1.516416327;20763369.87;E
6.92.27-49;-16.32393027;-72.18229216;-1924308.423;2766152.417;E
6.92.27-49;-16.32358069;-72.18209917;-1924269.836;2766178.607;E
6.92.27-49;-16.32313641;-72.18291001;-1924208.031;2766092.518;E
6.92.27-49;-16.3234923;-72.18311475;-1924247.214;2766064.92;E
6.92.27-50; ; ;-1.516416327;20763369.87;E
6.92.27-50;-16.32440762;-72.1813855;-1924375.26;2766248.922;E
6.92.27-50;-16.32405788;-72.18118619;-1924336.731;2766275.829;E
6.92.27-50;-16.32362807;-72.18200414;-1924276.532;2766188.755;E
6.92.27-50;-16.3239722;-72.18219405;-1924314.517;2766162.981;E
6.92.27-51; ; ;-1.516416327;20763369.87;E
6.92.27-51;-16.32493724;-72.18039809;-1924449.192;2766353.899;E
6.92.27-51;-16.32457329;-72.18019699;-1924409.022;2766381.188;E
6.92.27-51;-16.32415583;-72.1810096;-1924350.331;2766294.563;E
6.92.27-51;-16.32450449;-72.18119724;-1924388.874;2766268.988;E
6.92.27-52; ; ;-1.516416327;20763369.87;E
6.92.27-52;-16.32540649;-72.17948889;-1924515.113;2766450.793;E
6.92.27-52;-16.32506578;-72.17929446;-1924477.582;2766477.036;E
6.92.27-52;-16.32462898;-72.18010795;-1924416.616;2766390.554;E
6.92.27-52;-16.32497606;-72.18030502;-1924454.861;2766363.934;E
6.92.27-53; ; ;-1.516416327;20763369.87;E
6.92.27-53;-16.326094;-72.17928921;-1924598.003;2766464.754;E
6.92.27-53;-16.32530447;-72.17883397;-1924511.09;2766526.097;E
6.92.27-53;-16.32511087;-72.17920011;-1924484.001;2766487.136;E
6.92.27-53;-16.32589532;-72.17964965;-1924570.388;2766426.501;E
6.92.27-54; ; ;-1.516416327;20763369.87;E
6.92.27-54;-16.32632743;-72.17883965;-1924630.763;2766512.645;E
6.92.27-54;-16.32553772;-72.17838965;-1924543.767;2766573.4;E
6.92.27-54;-16.32534482;-72.17874731;-1924516.861;2766535.387;E
6.92.27-54;-16.32613261;-72.17919147;-1924603.705;2766475.318;E
6.92.27-55; ; ;-1.516416327;20763369.87;E
6.92.27-55;-16.32613244;-72.17813827;-1924616.421;2766594.366;E
6.92.27-55;-16.32539633;-72.17770803;-1924535.459;2766652.216;E
6.92.27-55;-16.32519682;-72.17807793;-1924507.631;2766612.903;E
6.92.27-55;-16.32593643;-72.17850765;-1924589.011;2766555.068;E
6.92.27-56; ; ;-1.516416327;20763369.87;E
6.92.27-56;-16.32637264;-72.17769223;-1924649.932;2766641.775;E
6.92.27-56;-16.32563167;-72.17727102;-1924568.291;2766698.665;E
6.92.27-56;-16.32543755;-72.17763677;-1924541.145;2766659.755;E
6.92.27-56;-16.32617521;-72.17805624;-1924622.42;2766603.103;E
6.92.27-57; ; ;-1.516416327;20763369.87;E
6.92.27-57;-16.32724573;-72.17819141;-1924746.095;2766574.416;E
6.92.27-57;-16.32643419;-72.17772403;-1924656.753;2766637.41;E
6.92.27-57;-16.32624486;-72.1780912;-1924630.15;2766598.278;E
6.92.27-57;-16.32705037;-72.17855211;-1924718.865;2766536.092;E
6.92.27-58; ; ;-1.516416327;20763369.87;E
6.92.27-58;-16.32701041;-72.17864591;-1924713.053;2766525.991;E
6.92.27-58;-16.32620641;-72.17818227;-1924624.548;2766588.466;E
6.92.27-58;-16.32602014;-72.17856127;-1924598.161;2766547.96;E
6.92.27-58;-16.32681759;-72.17900811;-1924686.103;2766487.466;E
6.92.27-59; ; ;-1.516416327;20763369.87;E
6.92.27-59;-16.32675544;-72.1790917;-1924677.817;2766478.796;E
6.92.27-59;-16.32640813;-72.17888803;-1924639.625;2766506.166;E
6.92.27-59;-16.32597213;-72.17970395;-1924578.723;2766419.401;E
6.92.27-59;-16.32632639;-72.17990224;-1924617.793;2766392.552;E
6.92.27-60; ; ;-1.516416327;20763369.87;E
6.92.27-60;-16.32628748;-72.17999117;-1924612.163;2766382.988;E
6.92.27-60;-16.32549963;-72.17954223;-1924525.37;2766443.597;E
6.92.27-60;-16.32530096;-72.1799123;-1924497.64;2766404.255;E
6.92.27-60;-16.32609174;-72.18033952;-1924585.039;2766346.063;E
6.92.27-61; ; ;-1.516416327;20763369.87;E
6.92.27-61;-16.32604836;-72.18043968;-1924578.749;2766335.286;E
6.92.27-61;-16.32525889;-72.17999032;-1924491.773;2766395.963;E
6.92.27-61;-16.3250634;-72.1803624;-1924464.391;2766356.354;E
6.92.27-61;-16.32584688;-72.18079478;-1924550.872;2766297.671;E
6.92.27-62; ; ;-1.516416327;20763369.87;E
6.92.27-62;-16.32528167;-72.18187295;-1924471.677;2766182.881;E
6.92.27-62;-16.32449949;-72.18143258;-1924385.445;2766242.45;E
6.92.27-62;-16.32429619;-72.18180817;-1924357.107;2766202.542;E
6.92.27-62;-16.32507678;-72.18225912;-1924443.025;2766141.797;E
6.92.27-63; ; ;-1.516416327;20763369.87;E
6.92.27-63;-16.32503442;-72.18233271;-1924437.177;2766134.01;E
6.92.27-63;-16.32425913;-72.18188527;-1924351.837;2766194.291;E
6.92.27-63;-16.32406042;-72.18224707;-1924324.203;2766155.884;E
6.92.27-63;-16.3248412;-72.18270018;-1924410.117;2766094.893;E
6.92.27-64; ; ;-1.516416327;20763369.87;E
6.92.27-64;-16.3243573;-72.18253817;-1924355.434;2766119.264;E
6.92.27-64;-16.32401156;-72.18233989;-1924317.361;2766146.004;E
6.92.27-64;-16.32357431;-72.1831588;-1924256.281;2766058.915;E
6.92.27-64;-16.32391569;-72.18335207;-1924293.904;2766032.796;E
6.92.27-65; ; ;-1.516416327;20763369.87;E
6.92.27-65;-16.3243136;-72.1836892;-1924336.405;2765989.709;E
6.92.27-65;-16.32352787;-72.18324499;-1924249.803;2766049.754;E
6.92.27-65;-16.32334183;-72.18360091;-1924223.725;2766011.852;E
6.92.27-65;-16.32411718;-72.1840379;-1924309.198;2765952.754;E
6.92.27-66; ; ;-1.516416327;20763369.87;E
6.92.27-66;-16.32406914;-72.18413629;-1924302.386;2765942.234;E
6.92.27-66;-16.32328274;-72.18370185;-1924215.587;2766001.183;E
6.92.27-66;-16.32308953;-72.18404404;-1924188.836;2765964.923;E
6.92.27-66;-16.32387112;-72.18448441;-1924275;2765905.365;E
6.92.27-67; ; ;-1.516416327;20763369.87;E
6.92.27-67;-16.32493953;-72.18462169;-1924398.4;2765876.474;E
6.92.27-67;-16.32415629;-72.1841697;-1924312.183;2765937.366;E
6.92.27-67;-16.3239709;-72.18454118;-1924285.993;2765897.699;E
6.92.27-67;-16.32474971;-72.18497475;-1924371.912;2765838.943;E
6.92.27-68; ; ;-1.516416327;20763369.87;E
6.92.27-68;-16.32518074;-72.18418518;-1924431.91;2765922.793;E
6.92.27-68;-16.32440603;-72.18372409;-1924346.803;2765984.608;E
6.92.27-68;-16.32420725;-72.18409188;-1924319.089;2765945.524;E
6.92.27-68;-16.32498425;-72.18453395;-1924404.694;2765885.832;E
6.92.27-69; ; ;-1.516416327;20763369.87;E
6.92.27-69;-16.32498169;-72.18347665;-1924417.176;2766005.37;E
6.92.27-69;-16.32420299;-72.18303631;-1924331.35;2766064.89;E
6.92.27-69;-16.32401758;-72.18338984;-1924305.374;2766027.252;E
6.92.27-69;-16.32479544;-72.1838359;-1924391.032;2765967.095;E
6.92.27-70; ; ;-1.516416327;20763369.87;E
6.92.27-70;-16.32523415;-72.18303462;-1924452.07;2766052.172;E
6.92.27-70;-16.32444399;-72.18258216;-1924365.05;2766113.206;E
6.92.27-70;-16.32424507;-72.1829425;-1924337.41;2766074.966;E
6.92.27-70;-16.32503624;-72.1833975;-1924424.518;2766013.633;E
6.92.27-71; ; ;-1.516416327;20763369.87;E
6.92.27-71;-16.32572361;-72.18211893;-1924520.433;2766149.545;E
6.92.27-71;-16.32536127;-72.18191729;-1924480.458;2766176.873;E
6.92.27-71;-16.32491739;-72.18273998;-1924418.555;2766089.441;E
6.92.27-71;-16.32527196;-72.18294797;-1924457.543;2766061.493;E
6.92.27-72; ; ;-1.516416327;20763369.87;E
6.92.27-72;-16.32624138;-72.18114649;-1924592.797;2766252.977;E
6.92.27-72;-16.32587296;-72.18093505;-1924552.229;2766281.49;E
6.92.27-72;-16.32542409;-72.18173605;-1924490.003;2766196.573;E
6.92.27-72;-16.32579806;-72.18195352;-1924531.148;2766167.309;E
6.92.27-73; ; ;-1.516416327;20763369.87;E
6.92.27-73;-16.32670021;-72.18025084;-1924657.335;2766348.468;E
6.92.27-73;-16.3263709;-72.18003893;-1924621.35;2766376.544;E
6.92.27-73;-16.32593846;-72.1808548;-1924560.866;2766289.741;E
6.92.27-73;-16.32628581;-72.18105142;-1924599.147;2766263.167;E
6.92.27-74; ; ;-1.516416327;20763369.87;E
6.92.27-74;-16.32718739;-72.17934337;-1924725.335;2766444.939;E
6.92.27-74;-16.32682411;-72.17914093;-1924685.259;2766472.372;E
6.92.27-74;-16.32639034;-72.1799493;-1924624.71;2766386.431;E
6.92.27-74;-16.32676419;-72.18015256;-1924666.013;2766358.775;E
6.92.27-75; ; ;-1.516416327;20763369.87;E
6.92.27-75;-16.32787041;-72.17913744;-1924807.777;2766459.662;E
6.92.27-75;-16.32708138;-72.17868597;-1924720.876;2766520.574;E
6.92.27-75;-16.32688885;-72.17906061;-1924693.809;2766480.639;E
6.92.27-75;-16.32768425;-72.17950778;-1924781.506;2766420.133;E
6.92.27-76; ; ;-1.516416327;20763369.87;E
6.92.27-76;-16.32811925;-72.17869181;-1924842.293;2766506.915;E
6.92.27-76;-16.32731806;-72.17822381;-1924754.17;2766569.849;E
6.92.27-76;-16.32712535;-72.17858533;-1924727.24;2766531.399;E
6.92.27-76;-16.32791611;-72.17904766;-1924814.212;2766469.237;E
6.92.27-77; ; ;-1.516416327;20763369.87;E
6.92.27-77;-16.32855316;-72.17893479;-1924890.145;2766474.016;E
6.92.27-77;-16.32819581;-72.17873338;-1924850.752;2766501.258;E
6.92.27-77;-16.32776474;-72.17954596;-1924790.467;2766414.81;E
6.92.27-77;-16.32811184;-72.17974534;-1924828.685;2766387.927;E
6.92.27-79; ; ;-1.516416327;20763369.87;E
6.92.27-79;-16.32782772;-72.18029645;-1924788.763;2766329.193;E
6.92.27-79;-16.32703664;-72.17984762;-1924701.592;2766389.832;E
6.92.27-79;-16.32684214;-72.18021413;-1924674.392;2766350.84;E
6.92.27-79;-16.32762168;-72.18065092;-1924760.359;2766291.708;E
6.92.27-80; ; ;-1.516416327;20763369.87;E
6.92.27-80;-16.32679924;-72.18029092;-1924668.442;2766342.698;E
6.92.27-80;-16.32661614;-72.18064587;-1924642.717;2766304.87;E
6.92.27-80;-16.32739207;-72.18109362;-1924728.128;2766244.544;E
6.92.27-80;-16.32758522;-72.18074566;-1924754.945;2766281.455;E
6.92.27-81; ; ;-1.516416327;20763369.87;E
6.92.27-81;-16.32734298;-72.18118799;-1924721.242;2766234.493;E
6.92.27-81;-16.32656201;-72.1807428;-1924635.209;2766294.592;E
6.92.27-81;-16.32637615;-72.18109995;-1924609.136;2766256.55;E
6.92.27-81;-16.32714325;-72.1815604;-1924693.36;2766194.901;E
6.92.27-82; ; ;-1.516416327;20763369.87;E
6.92.27-82;-16.32711294;-72.18164455;-1924688.795;2766185.768;E
6.92.27-82;-16.32632835;-72.18119431;-1924602.399;2766246.484;E
6.92.27-82;-16.32613069;-72.18155628;-1924574.886;2766208.044;E
6.92.27-82;-16.32691475;-72.18199056;-1924661.412;2766149.141;E
6.92.27-83; ; ;-1.516416327;20763369.87;E
6.92.27-83;-16.32687442;-72.18208746;-1924655.52;2766138.693;E
6.92.27-83;-16.3260813;-72.18164005;-1924568.092;2766199.194;E
6.92.27-83;-16.32587717;-72.18202207;-1924539.579;2766158.571;E
6.92.27-83;-16.32666317;-72.18246457;-1924626.233;2766098.713;E
6.92.27-84; ; ;-1.516416327;20763369.87;E
6.92.27-84;-16.32657486;-72.18263897;-1924613.787;2766080.106;E
6.92.27-84;-16.3257938;-72.18217183;-1924528.01;2766142.687;E
6.92.27-84;-16.32560255;-72.1825301;-1924501.292;2766104.586;E
6.92.27-84;-16.3263818;-72.18300149;-1924586.806;2766041.549;E
6.92.27-85; ; ;-1.516416327;20763369.87;E
6.92.27-85;-16.32634047;-72.18309424;-1924580.847;2766031.582;E
6.92.27-85;-16.3255509;-72.18262373;-1924494.114;2766094.649;E
6.92.27-85;-16.32536294;-72.18299664;-1924467.605;2766054.853;E
6.92.27-85;-16.32614344;-72.18345973;-1924553.366;2765992.738;E
6.92.27-86; ; ;-1.516416327;20763369.87;E
6.92.27-86;-16.32610126;-72.18353997;-1924547.458;2765984.197;E
6.92.27-86;-16.3253144;-72.18308756;-1924460.824;2766045.184;E
6.92.27-86;-16.32512224;-72.18344296;-1924434.035;2766007.418;E
6.92.27-86;-16.325911;-72.1838997;-1924520.84;2765945.918;E
6.92.27-88; ; ;-1.516416327;20763369.87;E
6.92.27-88;-16.32562949;-72.18443794;-1924481.381;2765888.606;E
6.92.27-88;-16.32526879;-72.18423039;-1924441.669;2765916.58;E
6.92.27-88;-16.3248248;-72.18505127;-1924379.777;2765829.355;E
6.92.27-88;-16.32518861;-72.1852705;-1924419.712;2765800.022;E
6.92.27-89; ; ;-1.516416327;20763369.87;E
6.92.27-89;-16.3262492;-72.18537559;-1924542.585;2765774.867;E
6.92.27-89;-16.32545925;-72.18493167;-1924455.486;2765834.931;E
6.92.27-89;-16.32527606;-72.1852968;-1924429.63;2765795.954;E
6.92.27-89;-16.32604479;-72.18574959;-1924514.138;2765735.153;E
6.92.27-90; ; ;-1.516416327;20763369.87;E
6.92.27-90;-16.32648905;-72.1849202;-1924576.164;2765823.336;E
6.92.27-90;-16.32569397;-72.18448196;-1924488.397;2765882.823;E
6.92.27-90;-16.32550948;-72.18483641;-1924462.518;2765845.069;E
6.92.27-90;-16.32629445;-72.18527984;-1924549.039;2765785.123;E
6.92.27-91; ; ;-1.516416327;20763369.87;E
6.92.27-91;-16.32672972;-72.18447344;-1924609.736;2765870.82;E
6.92.27-91;-16.32594183;-72.1840408;-1924522.743;2765929.584;E
6.92.27-91;-16.32574718;-72.18440276;-1924495.582;2765891.109;E
6.92.27-91;-16.32653409;-72.18483201;-1924582.502;2765832.74;E
6.92.27-92; ; ;-1.516416327;20763369.87;E
6.92.27-92;-16.32694974;-72.18402271;-1924640.938;2765919.01;E
6.92.27-92;-16.32618581;-72.18358942;-1924556.757;2765977.549;E
6.92.27-92;-16.3259927;-72.18395634;-1924529.717;2765938.494;E
6.92.27-92;-16.32675466;-72.18437093;-1924613.895;2765882.094;E
6.92.27-93; ; ;-1.516416327;20763369.87;E
6.92.27-93;-16.32721775;-72.18357637;-1924677.706;2765966.104;E
6.92.27-93;-16.326422;-72.18313242;-1924589.929;2766026.246;E
6.92.27-93;-16.32623446;-72.18350356;-1924563.49;2765986.645;E
6.92.27-93;-16.32701951;-72.18394842;-1924650.003;2765926.533;E
6.92.27-94; ; ;-1.516416327;20763369.87;E
6.92.27-94;-16.32745073;-72.1831202;-1924710.492;2766014.747;E
6.92.27-94;-16.32666691;-72.18268569;-1924623.997;2766073.673;E
6.92.27-94;-16.32646903;-72.18304554;-1924596.484;2766035.477;E
6.92.27-94;-16.32725353;-72.18348451;-1924683.004;2765976.038;E
6.92.27-95; ; ;-1.516416327;20763369.87;E
6.92.27-95;-16.32755841;-72.18189922;-1924737.858;2766151.404;E
6.92.27-95;-16.32717521;-72.18168562;-1924695.586;2766180.346;E
6.92.27-95;-16.32673987;-72.18250118;-1924634.768;2766093.615;E
6.92.27-95;-16.32711744;-72.1826956;-1924676.613;2766066.912;E
6.92.27-96; ; ;-1.516416327;20763369.87;E
6.92.27-96;-16.32822315;-72.18168746;-1924818.228;2766167.016;E
6.92.27-96;-16.32741216;-72.18124115;-1924728.696;2766227.617;E
6.92.27-96;-16.32722382;-72.18160105;-1924702.299;2766189.296;E
6.92.27-96;-16.32802367;-72.1820342;-1924790.686;2766130.322;E
6.92.27-97; ; ;-1.516416327;20763369.87;E
6.92.27-97;-16.32845898;-72.18123626;-1924851.29;2766215.062;E
6.92.27-97;-16.32766662;-72.18079465;-1924763.881;2766274.899;E
6.92.27-97;-16.3274711;-72.1811489;-1924736.711;2766237.306;E
6.92.27-97;-16.3282664;-72.18159332;-1924824.429;2766177.115;E
6.92.27-98; ; ;-1.516416327;20763369.87;E
6.92.27-98;-16.32869605;-72.18078022;-1924884.554;2766263.638;E
6.92.27-98;-16.32790917;-72.18033664;-1924797.811;2766323.63;E
6.92.27-98;-16.32771492;-72.18069743;-1924770.71;2766285.283;E
6.92.27-98;-16.32850278;-72.18114975;-1924857.463;2766224.291;E
6.92.27-99; ; ;-1.516416327;20763369.87;E
6.92.27-99;-16.32893758;-72.18033219;-1924918.244;2766311.254;E
6.92.27-99;-16.3281388;-72.1798728;-1924830.299;2766373.183;E
6.92.27-99;-16.32794403;-72.18024762;-1924802.968;2766333.256;E
6.92.27-99;-16.32874924;-72.18069138;-1924891.855;2766273.013;E
6.92.27-100; ; ;-1.516416327;20763369.87;E
6.92.27-100;-16.32919021;-72.17989428;-1924953.111;2766357.587;E
6.92.27-100;-16.32837559;-72.17943143;-1924863.354;2766420.105;E
6.92.27-100;-16.32818606;-72.17978793;-1924836.857;2766382.183;E
6.92.27-100;-16.32899463;-72.18026263;-1924925.763;2766318.402;E
6.92.27-101; ; ;-1.516416327;20763369.87;E
6.92.27-101;-16.32981458;-72.18084286;-1925014.724;2766242.55;E
6.92.27-101;-16.32902228;-72.1803808;-1924927.57;2766304.699;E
6.92.27-101;-16.32881968;-72.18074925;-1924899.4;2766265.591;E
6.92.27-101;-16.32964014;-72.1811965;-1924990.028;2766204.764;E
6.92.27-102; ; ;-1.516416327;20763369.87;E
6.92.27-102;-16.3295663;-72.18128646;-1924980.297;2766195.52;E
6.92.27-102;-16.32878642;-72.18083125;-1924894.515;2766256.739;E
6.92.27-102;-16.32858686;-72.18120293;-1924866.661;2766217.227;E
6.92.27-102;-16.32937816;-72.18163865;-1924954.016;2766158.069;E
6.92.27-103; ; ;-1.516416327;20763369.87;E
6.92.27-103;-16.32933181;-72.18173249;-1924947.456;2766148.043;E
6.92.27-103;-16.32854332;-72.18128122;-1924860.618;2766208.923;E
6.92.27-103;-16.32834511;-72.18163551;-1924833.132;2766171.361;E
6.92.27-103;-16.32913555;-72.18208543;-1924920.215;2766110.609;E
6.92.27-104; ; ;-1.516416327;20763369.87;E
6.92.27-104;-16.32909085;-72.18219424;-1924913.667;2766098.869;E
6.92.27-104;-16.32830003;-72.18173226;-1924826.686;2766160.99;E
6.92.27-104;-16.32809637;-72.18209094;-1924798.511;2766122.999;E
6.92.27-104;-16.32888944;-72.18255001;-1924885.79;2766061.18;E
6.92.27-105; ; ;-1.516416327;20763369.87;E
6.92.27-105;-16.32885158;-72.18262891;-1924880.404;2766052.736;E
6.92.27-105;-16.32849669;-72.18243132;-1924841.252;2766079.514;E
6.92.27-105;-16.32807346;-72.18323931;-1924781.943;2765993.487;E
6.92.27-105;-16.32841378;-72.18344948;-1924819.238;2765965.471;E
6.92.27-106; ; ;-1.516416327;20763369.87;E
6.92.27-106;-16.32832872;-72.18363398;-1924807.05;2765945.683;E
6.92.27-106;-16.32752245;-72.18316718;-1924718.318;2766008.539;E
6.92.27-106;-16.32733909;-72.18353934;-1924692.357;2765968.77;E
6.92.27-106;-16.32813218;-72.18400211;-1924779.593;2765906.534;E
6.92.27-107; ; ;-1.516416327;20763369.87;E
6.92.27-107;-16.32807622;-72.18408122;-1924772.087;2765898.293;E
6.92.27-107;-16.32729749;-72.18362054;-1924686.505;2765960.113;E
6.92.27-107;-16.32710562;-72.18398314;-1924659.663;2765921.531;E
6.92.27-107;-16.32788598;-72.18443513;-1924745.54;2765860.673;E
6.92.27-108; ; ;-1.516416327;20763369.87;E
6.92.27-108;-16.3278377;-72.18453067;-1924738.734;2765850.48;E
6.92.27-108;-16.32705327;-72.18407326;-1924652.446;2765912;E
6.92.27-108;-16.32686452;-72.1844324;-1924626.01;2765873.77;E
6.92.27-108;-16.32763985;-72.18489227;-1924711.204;2765812.086;E
6.92.27-109; ; ;-1.516416327;20763369.87;E
6.92.27-109;-16.32760314;-72.18498147;-1924705.828;2765802.463;E
6.92.27-109;-16.3268102;-72.18452719;-1924618.506;2765863.736;E
6.92.27-109;-16.3266171;-72.1848853;-1924591.575;2765825.678;E
6.92.27-109;-16.32740777;-72.18534405;-1924678.577;2765763.928;E
6.92.27-110; ; ;-1.516416327;20763369.87;E
6.92.27-110;-16.32735519;-72.18543874;-1924671.278;2765753.884;E
6.92.27-110;-16.32657383;-72.18497175;-1924585.465;2765816.449;E
6.92.27-110;-16.32638422;-72.18534221;-1924558.792;2765776.949;E
6.92.27-110;-16.32716949;-72.1857896;-1924645.301;2765716.552;E
6.92.27-111; ; ;-1.516416327;20763369.87;E
6.92.27-111;-16.32711826;-72.18588748;-1924638.121;2765706.13;E
6.92.27-111;-16.32631702;-72.18542078;-1924549.977;2765768.91;E
6.92.27-111;-16.32612866;-72.18580999;-1924523.224;2765727.277;E
6.92.27-111;-16.32692051;-72.18625605;-1924610.519;2765666.947;E
6.92.27-113; ; ;-1.516416327;20763369.87;E
6.92.27-113;-16.32913096;-72.18410001;-1924895.318;2765882.963;E
6.92.27-113;-16.32855037;-72.18375604;-1924831.519;2765929.111;E
6.92.27-113;-16.32818226;-72.1844458;-1924780.091;2765855.758;E
6.92.27-113;-16.32877076;-72.18478293;-1924844.899;2765810.285;E
6.92.18-1; ; ;-1.516416327;20763369.87;NA
6.92.18-1;-16.33042275;-72.18595417;-1925024.105;2765657.22;NA
6.92.18-1;-16.32960158;-72.1857476;-1924930.485;2765690.85;NA
6.92.18-1;-16.32946635;-72.18627314;-1924908.303;2765633.143;NA
6.92.18-1;-16.33028865;-72.18650082;-1925001.8;2765597.115;NA
6.92.18-6; ; ;-1.516416327;20763369.87;NA
6.92.18-6;-16.33300897;-72.18690568;-1925315.316;2765517.293;NA
6.92.18-6;-16.33283579;-72.18702271;-1925293.63;2765506.236;NA
6.92.18-6;-16.33296282;-72.18725598;-1925305.679;2765478.28;NA
6.92.18-6;-16.33277005;-72.18737188;-1925281.714;2765467.595;NA
6.92.18-6;-16.33293054;-72.18765898;-1925297.028;2765433.137;NA
6.92.18-6;-16.33329219;-72.18743213;-1925342.1;2765454.247;NA
6.92.18-27; ; ;-1.516416327;20763369.87;NA
6.92.18-27;-16.32921289;-72.18749957;-1924863.808;2765497.699;NA
6.92.18-27;-16.32939276;-72.18677442;-1924893.628;2765577.407;NA
6.92.18-27;-16.32894654;-72.18667475;-1924842.603;2765594.26;NA
6.92.18-27;-16.32877545;-72.1873772;-1924814.086;2765517.006;NA
6.92.19-7; ; ;-1.516416327;20763369.87;NA
6.92.19-7;-16.33143405;-72.18205047;-1925189.682;2766085.774;NA
6.92.19-7;-16.33160032;-72.18168601;-1925213.553;2766124.885;NA
6.92.19-7;-16.33137327;-72.18153699;-1925188.778;2766144.572;NA
6.92.19-7;-16.3311854;-72.18144811;-1925167.863;2766156.971;NA
6.92.19-7;-16.33103412;-72.18140533;-1925150.672;2766163.701;NA
6.92.19-7;-16.33090719;-72.18139163;-1925135.981;2766166.84;NA
6.92.19-7;-16.33079987;-72.18144392;-1925122.786;2766162.274;NA
6.92.19-7;-16.33074542;-72.18148012;-1925115.974;2766158.863;NA
6.92.19-7;-16.33066511;-72.18157901;-1925105.379;2766148.692;NA
6.92.19-7;-16.3306225;-72.18168795;-1925099.073;2766136.913;NA
6.92.19-7;-16.33061057;-72.18184844;-1925095.736;2766118.922;NA
6.92.20-8; ; ;-1.516416327;20763369.87;NA
6.92.20-8;-16.33654579;-72.18468884;-1925756.107;2765723.549;NA
6.92.20-8;-16.33642823;-72.1845088;-1925744.524;2765745.37;NA
6.92.20-8;-16.33566988;-72.18498315;-1925650.023;2765701.257;NA
6.92.20-8;-16.33579331;-72.18516571;-1925662.262;2765679.078;NA
6.92.20-11; ; ;-1.516416327;20763369.87;NA
6.92.20-11;-16.33737478;-72.18614503;-1925835.527;2765548.586;NA
6.92.20-11;-16.3371566;-72.18577894;-1925814.417;2765592.694;NA
6.92.20-11;-16.33636205;-72.18626144;-1925715.58;2765548.114;NA
6.92.20-11;-16.33658168;-72.1866256;-1925736.884;2765504.206;NA
6.92.20-12; ; ;-1.516416327;20763369.87;NA
6.92.20-12;-16.33740643;-72.18415517;-1925863.3;2765773.083;NA
6.92.20-12;-16.33729822;-72.18395954;-1925853;2765796.549;NA
6.92.20-12;-16.33653487;-72.18442934;-1925757.967;2765753.014;NA
6.92.20-12;-16.33652779;-72.18443543;-1925757.066;2765752.415;NA
6.92.20-12;-16.33663931;-72.18461934;-1925767.894;2765730.232;NA
6.92.20-14; ; ;-1.516416327;20763369.87;NA
6.92.20-14;-16.33771903;-72.18482433;-1925891.796;2765693.539;NA
6.92.20-14;-16.33771605;-72.18482349;-1925891.457;2765693.671;NA
6.92.20-14;-16.33700995;-72.18526196;-1925803.505;2765652.959;NA
6.92.20-14;-16.33754386;-72.18541923;-1925864.096;2765628.497;NA
6.92.20-16; ; ;-1.516416327;20763369.87;NA
6.92.20-16;-16.33821622;-72.18363017;-1925964.436;2765822.275;NA
6.92.20-16;-16.33806525;-72.18367761;-1925946.191;2765818.804;NA
6.92.20-16;-16.33784539;-72.18460339;-1925909.259;2765716.927;NA
6.92.20-16;-16.33853262;-72.18420434;-1925994.526;2765753.417;NA
6.92.20-50; ; ;-1.516416327;20763369.87;NA
6.92.20-50;-16.33525774;-72.18986925;-1925542.696;2765154.191;NA
6.92.20-50;-16.33482693;-72.18910195;-1925501.549;2765246.305;NA
6.92.20-50;-16.33464389;-72.18921049;-1925478.812;2765236.33;NA
6.92.20-50;-16.33509246;-72.1899721;-1925522.107;2765144.636;NA
6.92.20-60; ; ;-1.516416327;20763369.87;NA
6.92.20-60;-16.3342365;-72.18807254;-1925444.888;2765370.042;NA
6.92.20-60;-16.33378065;-72.18727671;-1925401.153;2765465.696;NA
6.92.20-60;-16.33359641;-72.18738683;-1925378.258;2765455.557;NA
6.92.20-60;-16.33405505;-72.18818015;-1925422.348;2765360.152;NA
6.92.21-25; ; ;-1.516416327;20763369.87;NA
6.92.21-25;-16.34115314;-72.19482051;-1926172.855;2764520.801;NA
6.92.21-25;-16.34048618;-72.19364114;-1926109.053;2764662.437;NA
6.92.21-25;-16.3376653;-72.19535978;-1925758.11;2764503.528;NA
6.92.21-25;-16.33900688;-72.19659455;-1925900.206;2764347.187;NA
6.92.21-53; ; ;-1.516416327;20763369.87;NA
6.92.21-53;-16.34362706;-72.19250157;-1926490.454;2764751.884;NA
6.92.21-53;-16.34377241;-72.19243521;-1926508.268;2764757.563;NA
6.92.21-53;-16.34403266;-72.19222196;-1926541.308;2764778.402;NA
6.92.21-53;-16.34551462;-72.19074382;-1926732.642;2764926.883;NA
6.92.21-53;-16.34576662;-72.19046504;-1926765.51;2764955.23;NA
6.92.21-53;-16.34583654;-72.19030872;-1926775.584;2764972.021;NA
6.92.21-53;-16.34584237;-72.19018217;-1926777.797;2764986.25;NA
6.92.21-53;-16.3457686;-72.19005828;-1926770.662;2765001.174;NA
6.92.21-53;-16.34567922;-72.1899974;-1926760.937;2765009.174;NA
6.92.21-53;-16.34454609;-72.18965838;-1926632.41;2765061.685;NA
6.92.21-53;-16.3443401;-72.19045893;-1926598.617;2764973.794;NA
6.92.21-53;-16.3442017;-72.19067162;-1926579.845;2764951.49;NA
6.92.21-53;-16.34400686;-72.19082072;-1926555.237;2764937.082;NA
6.92.21-53;-16.34292532;-72.1914876;-1926420.582;2764875.264;NA
6.92.21-53;-16.34350119;-72.19246564;-1926476.156;2764757.521;NA
6.92.22-72; ; ;-1.516416327;20763369.87;NA
6.92.22-72;-16.34648659;-72.1892934;-1926863.953;2765078.618;NA
6.92.22-72;-16.34660895;-72.18927482;-1926878.499;2765079.185;NA
6.92.22-72;-16.34670783;-72.18921947;-1926890.742;2765084.201;NA
6.92.22-72;-16.34682447;-72.1891597;-1926905.117;2765089.494;NA
6.92.22-72;-16.34707043;-72.18896308;-1926936.284;2765108.632;NA
6.92.22-72;-16.34792483;-72.18808674;-1927046.891;2765196.96;NA
6.92.22-72;-16.34785305;-72.1880016;-1927039.52;2765207.481;NA
6.92.22-72;-16.34762522;-72.18760394;-1927017.665;2765255.277;NA
6.92.22-72;-16.34599294;-72.18862368;-1926814.276;2765160.49;NA
6.92.22-72;-16.34639437;-72.18925036;-1926853.68;2765084.638;NA
6.92.24-3; ; ;-1.516416327;20763369.87;NA
6.92.24-3;-16.33727983;-72.17035429;-1926015.484;2767334.516;NA
6.92.24-3;-16.33724135;-72.17036171;-1926010.89;2767334.159;NA
6.92.24-3;-16.33746738;-72.17082379;-1926031.756;2767279.097;NA
6.92.24-3;-16.33767434;-72.17057632;-1926058.978;2767304.474;NA
6.92.24-12; ; ;-1.516416327;20763369.87;NA
6.92.24-12;-16.3403994;-72.17165912;-1926364.859;2767147.92;NA
6.92.24-12;-16.34035047;-72.17172835;-1926358.293;2767140.708;NA
6.92.24-12;-16.34074367;-72.17202936;-1926400.677;2767101.757;NA
6.92.24-12;-16.34081305;-72.17192125;-1926410.106;2767113.105;NA
6.92.24-16; ; ;-1.516416327;20763369.87;NA
6.92.24-16;-16.33986133;-72.17342383;-1926280.511;2766955.208;NA
6.92.24-16;-16.33976758;-72.17354883;-1926268.023;2766942.255;NA
6.92.24-16;-16.34021094;-72.17388867;-1926315.807;2766898.286;NA
6.92.24-16;-16.34030469;-72.17376758;-1926328.247;2766910.797;NA
6.92.24-17; ; ;-1.516416327;20763369.87;NA
6.92.24-17;-16.33998242;-72.17325;-1926296.79;2766973.337;NA
6.92.24-17;-16.33988477;-72.17338281;-1926283.751;2766959.55;NA
6.92.24-17;-16.34001562;-72.17348242;-1926297.863;2766946.651;NA
6.92.24-17;-16.34033398;-72.17372266;-1926332.221;2766915.507;NA
6.92.24-17;-16.34042578;-72.17359961;-1926344.455;2766928.264;NA
6.92.24-44; ; ;-1.516416327;20763369.87;NA
6.92.24-44;-16.3473033;-72.17602889;-1927120.092;2766567.465;NA
6.92.24-44;-16.34581053;-72.175104;-1926956.556;2766690.716;NA
6.92.24-44;-16.34518229;-72.17586409;-1926873.815;2766612.688;NA
6.92.24-44;-16.34556551;-72.17622581;-1926914.294;2766567.001;NA
6.92.24-44;-16.34725406;-72.1761652;-1927112.678;2766552.678;NA
6.92.24-60; ; ;-1.516416327;20763369.87;NA
6.92.24-60;-16.3347861;-72.16860659;-1925744.727;2767563.323;NA
6.92.24-60;-16.33387489;-72.17023723;-1925618.322;2767390.431;NA
6.92.24-60;-16.33425367;-72.1704251;-1925660.388;2767364.448;NA
6.92.24-60;-16.33510615;-72.16879442;-1925779.919;2767538.08;NA
6.92.24-61; ; ;-1.516416327;20763369.87;NA
6.92.24-61;-16.32326371;-72.16737424;-1924410.812;2767847.035;NA
6.92.24-61;-16.32256529;-72.16871269;-1924312.86;2767704.485;NA
6.92.24-61;-16.32376537;-72.16920534;-1924447.383;2767633.761;NA
6.92.24-61;-16.32541905;-72.16854931;-1924648.903;2767687.2;NA
6.92.24-62; ; ;-1.516416327;20763369.87;NA
6.92.24-62;-16.3236945;-72.16928742;-1924438.095;2767625.371;NA
6.92.24-62;-16.32255533;-72.16880282;-1924310.604;2767694.421;NA
6.92.24-62;-16.32204267;-72.16981861;-1924238.304;2767586.018;NA
6.92.24-63; ; ;-1.516416327;20763369.87;NA
6.92.24-63;-16.32280725;-72.17039854;-1924320.791;2767510.885;NA
6.92.24-63;-16.32317757;-72.16967832;-1924372.853;2767587.659;NA
6.92.24-63;-16.32217454;-72.17003102;-1924251.171;2767560.354;NA
6.92.24-64; ; ;-1.516416327;20763369.87;NA
6.92.24-64;-16.32486119;-72.17053598;-1924559.564;2767469.618;NA
6.92.24-64;-16.32465958;-72.17090053;-1924531.553;2767430.936;NA
6.92.24-64;-16.32518117;-72.17119235;-1924589.08;2767391.415;NA
6.92.24-64;-16.32504969;-72.17146627;-1924570.375;2767362.099;NA
6.92.24-64;-16.3260883;-72.171744;-1924688.596;2767317.693;NA
6.92.24-64;-16.32631792;-72.17130664;-1924720.766;2767364.254;NA
6.92.24-65; ; ;-1.516416327;20763369.87;NA
6.92.24-65;-16.32688835;-72.17125811;-1924788.127;2767362.593;NA
6.92.24-65;-16.32675858;-72.17150958;-1924769.894;2767335.793;NA
6.92.24-65;-16.32709196;-72.17164633;-1924807.264;2767316.159;NA
6.92.24-65;-16.3272118;-72.17139908;-1924824.285;2767342.605;NA
6.92.24-66; ; ;-1.516416327;20763369.87;NA
6.92.24-66;-16.32778564;-72.17168327;-1924888.019;2767303.292;NA
6.92.24-66;-16.32762264;-72.17196855;-1924865.487;2767273.088;NA
6.92.24-66;-16.32811031;-72.17222343;-1924919.49;2767238.167;NA
6.92.24-66;-16.32825332;-72.17193876;-1924939.674;2767268.553;NA
6.92.24-67; ; ;-1.516416327;20763369.87;NA
6.92.24-67;-16.32864117;-72.17214545;-1924982.576;2767240.33;NA
6.92.24-67;-16.32833374;-72.17268378;-1924940.075;2767183.333;NA
6.92.24-67;-16.32863377;-72.17292765;-1924972.246;2767152.008;NA
6.92.24-67;-16.32863377;-72.17293442;-1924972.164;2767151.242;NA
6.92.24-67;-16.32897384;-72.17231154;-1925019.508;2767217.388;NA
6.92.24-68; ; ;-1.516416327;20763369.87;NA
6.92.24-68;-16.32893415;-72.1736724;-1924998.397;2767064.062;NA
6.92.24-68;-16.32915518;-72.173358;-1925028.075;2767096.83;NA
6.92.24-68;-16.3287296;-72.17300533;-1924982.523;2767142.026;NA
6.92.24-68;-16.32859473;-72.17318097;-1924964.611;2767123.862;NA
6.92.24-69; ; ;-1.516416327;20763369.87;NA
6.92.24-69;-16.32955428;-72.17328359;-1925075.692;2767100.24;NA
6.92.24-69;-16.32984875;-72.17279295;-1925116.099;2767152.01;NA
6.92.24-69;-16.32954201;-72.17263817;-1925082.066;2767173.348;NA
6.92.24-69;-16.32930181;-72.1731051;-1925048.299;2767123.58;NA
6.92.24-69;-16.32953384;-72.17331114;-1925072.966;2767097.383;NA
6.92.24-70; ; ;-1.516416327;20763369.87;NA
6.92.24-70;-16.33041319;-72.17310183;-1925178.434;2767110.024;NA
6.92.24-70;-16.33016217;-72.17360289;-1925142.988;2767056.533;NA
6.92.24-70;-16.33061416;-72.1737793;-1925193.763;2767030.93;NA
6.92.24-70;-16.33089588;-72.17333782;-1925232.081;2767077.3;NA
6.92.24-71; ; ;-1.516416327;20763369.87;NA
6.92.24-71;-16.33122783;-72.17410201;-1925261.693;2766986.763;NA
6.92.24-71;-16.33062869;-72.17384034;-1925194.724;2767023.847;NA
6.92.24-71;-16.33015874;-72.17364974;-1925142.02;2767051.28;NA
6.92.24-71;-16.32995353;-72.17400748;-1925113.67;2767013.415;NA
6.92.24-71;-16.33078115;-72.17456547;-1925203.798;2766939.974;NA
6.92.24-71;-16.33150707;-72.1750844;-1925282.494;2766872.224;NA
6.92.24-71;-16.33186777;-72.17460007;-1925330.576;2766922.449;NA
6.92.24-73; ; ;-1.516416327;20763369.87;NA
6.92.24-73;-16.33234345;-72.17385947;-1925395.219;2767000.198;NA
6.92.24-73;-16.33191456;-72.17468882;-1925334.979;2766911.83;NA
6.92.24-73;-16.33395464;-72.17600031;-1925557.915;2766738.03;NA
6.92.24-73;-16.33427414;-72.17536607;-1925602.988;2766805.714;NA
6.92.24-74; ; ;-1.516416327;20763369.87;NA
6.92.24-74;-16.33440524;-72.175798;-1925613.108;2766755.251;NA
6.92.24-74;-16.33420111;-72.17624036;-1925583.861;2766707.809;NA
6.92.24-74;-16.3348174;-72.17653309;-1925652.46;2766667;NA
6.92.24-74;-16.33455865;-72.17587693;-1925630.111;2766744.407;NA
6.92.24-78; ; ;-1.516416327;20763369.87;NA
6.92.24-78;-16.33781756;-72.17808683;-1925984.841;2766453.791;NA
6.92.24-78;-16.33733256;-72.17910922;-1925915.699;2766344.314;NA
6.92.24-78;-16.33772364;-72.17927272;-1925959.498;2766320.934;NA
6.92.24-78;-16.33822365;-72.17828038;-1926030.034;2766426.825;NA
6.92.24-79; ; ;-1.516416327;20763369.87;NA
6.92.24-79;-16.33851904;-72.17705976;-1926079.38;2766561.083;NA
6.92.24-79;-16.33786963;-72.17692289;-1926005.021;2766584.692;NA
6.92.24-79;-16.3377147;-72.17715836;-1925984.036;2766560.02;NA
6.92.24-79;-16.33940956;-72.17807772;-1926171.301;2766434.868;NA
6.92.24-79;-16.33959139;-72.1777161;-1926196.961;2766473.461;NA
6.92.24-80; ; ;-1.516416327;20763369.87;NA
6.92.24-80;-16.33968491;-72.17762196;-1926209.047;2766482.928;NA
6.92.24-80;-16.34024608;-72.17843206;-1926264.93;2766384.336;NA
6.92.24-80;-16.34063255;-72.17855453;-1926308.685;2766365.649;NA
6.92.24-80;-16.3411718;-72.17887715;-1926367.902;2766322.428;NA
6.92.24-80;-16.34244311;-72.17931013;-1926511.471;2766257.557;NA
6.92.24-80;-16.34003192;-72.17701319;-1926257.033;2766547.384;NA
6.92.24-81; ; ;-1.516416327;20763369.87;NA
6.92.24-81;-16.34217344;-72.17931459;-1926479.853;2766260.433;NA
6.92.24-81;-16.34185899;-72.17919952;-1926444.437;2766277.38;NA
6.92.24-81;-16.3418163;-72.17943843;-1926436.55;2766250.913;NA
6.92.24-81;-16.34209799;-72.17959708;-1926467.601;2766229.451;NA
6.92.24-81;-16.34231633;-72.17964111;-1926492.625;2766221.739;NA
6.92.24-81;-16.34234181;-72.18004282;-1926490.746;2766176.018;NA
6.92.24-81;-16.34240904;-72.1800139;-1926498.966;2766178.443;NA
6.92.24-81;-16.34242984;-72.17955666;-1926506.935;2766229.861;NA
6.92.24-81;-16.34237976;-72.17945547;-1926502.297;2766241.925;NA
6.92.24-82; ; ;-1.516416327;20763369.87;NA
6.92.24-82;-16.34283422;-72.17973752;-1926552.079;2766204.351;NA
6.92.24-82;-16.34264848;-72.17952538;-1926532.905;2766230.655;NA
6.92.24-82;-16.34257573;-72.17947489;-1926525.001;2766237.274;NA
6.92.24-82;-16.34253893;-72.17949903;-1926520.401;2766235.007;NA
6.92.24-82;-16.34246447;-72.17953046;-1926511.305;2766232.388;NA
6.92.24-82;-16.34244096;-72.18007781;-1926501.929;2766170.821;NA
6.92.24-82;-16.34280814;-72.18008016;-1926544.88;2766165.953;NA
6.92.24-83; ; ;-1.516416327;20763369.87;NA
6.92.24-83;-16.33465433;-72.17528611;-1925648.46;2766809.987;NA
6.92.24-83;-16.3345402;-72.17557164;-1925631.645;2766779.144;NA
6.92.24-83;-16.33502872;-72.17589118;-1925684.962;2766736.906;NA
6.92.24-83;-16.33516249;-72.17565711;-1925703.453;2766761.685;NA
6.92.26-2; ; ;-1.516416327;20763369.87;NA
6.92.26-2;-16.32668645;-72.17703154;-1924694.656;2766712.525;NA
6.92.26-2;-16.32689279;-72.17666845;-1924723.201;2766750.981;NA
6.92.26-2;-16.32637547;-72.17638256;-1924666.102;2766789.776;NA
6.92.26-2;-16.32604579;-72.17641071;-1924627.17;2766790.722;NA
6.92.26-2;-16.32593129;-72.17660304;-1924611.442;2766770.417;NA
6.92.26-7; ; ;-1.516416327;20763369.87;NA
6.92.26-7;-16.3286371;-72.17767639;-1924915.191;2766615.204;NA
6.92.26-7;-16.32787557;-72.17724528;-1924831.264;2766673.471;NA
6.92.26-7;-16.32768507;-72.17759624;-1924804.721;2766636.188;NA
6.92.26-7;-16.32844437;-72.17802681;-1924888.393;2766578.009;NA
6.92.26-9; ; ;-1.516416327;20763369.87;NA
6.92.26-9;-16.32895983;-72.17603824;-1924972.783;2766796.323;NA
6.92.26-9;-16.32863242;-72.17584095;-1924936.844;2766822.724;NA
6.92.26-9;-16.3282048;-72.17670095;-1924876.386;2766730.874;NA
6.92.26-9;-16.32851148;-72.17688048;-1924910.113;2766706.739;NA
6.92.26-10; ; ;-1.516416327;20763369.87;NA
6.92.26-10;-16.3294145;-72.17628919;-1925022.97;2766762.262;NA
6.92.26-10;-16.32905673;-72.17607887;-1924983.635;2766790.517;NA
6.92.26-10;-16.32859255;-72.17696289;-1924918.606;2766696.409;NA
6.92.26-10;-16.32892581;-72.17714945;-1924955.36;2766671.148;NA
6.92.26-16; ; ;-1.516416327;20763369.87;NA
6.92.26-16;-16.33043618;-72.177541;-1925127.421;2766607.97;NA
6.92.26-16;-16.32965893;-72.17709028;-1925041.891;2766668.652;NA
6.92.26-16;-16.32945894;-72.17744324;-1925014.212;2766631.262;NA
6.92.26-16;-16.33023918;-72.1778932;-1925100.101;2766570.629;NA
6.92.26-17; ; ;-1.516416327;20763369.87;NA
6.92.26-17;-16.33065544;-72.17709447;-1925158.487;2766655.695;NA
6.92.26-17;-16.33056592;-72.1770436;-1925148.624;2766662.566;NA
6.92.26-17;-16.33024933;-72.17706514;-1925111.305;2766664.097;NA
6.92.26-17;-16.33014622;-72.17726405;-1925096.829;2766642.906;NA
6.92.26-17;-16.33045644;-72.17744066;-1925131.006;2766619.058;NA
6.92.26-20; ; ;-1.516416327;20763369.87;NA
6.92.26-20;-16.32828696;-72.17586907;-1924896.065;2766823.874;NA
6.92.26-20;-16.32793494;-72.17564749;-1924857.539;2766853.329;NA
6.92.26-20;-16.32780269;-72.17566303;-1924841.872;2766853.23;NA
6.92.26-20;-16.32769551;-72.17587722;-1924826.734;2766830.361;NA
6.92.26-20;-16.32772237;-72.17607512;-1924827.485;2766807.656;NA
6.92.26-20;-16.32813386;-72.17619682;-1924874.18;2766788.745;NA
6.92.27-17; ; ;-1.516416327;20763369.87;NA
6.92.27-17;-16.32145632;-72.17969058;-1924050.287;2766477.453;NA
6.92.27-17;-16.32100401;-72.18051847;-1923987.334;2766389.535;NA
6.92.27-17;-16.32136631;-72.18071096;-1924027.416;2766363.241;NA
6.92.27-17;-16.32182112;-72.17989297;-1924090.542;2766450.01;NA
6.92.27-33; ; ;-1.516416327;20763369.87;NA
6.92.27-33;-16.32452491;-72.17660311;-1924446.815;2766788.023;NA
6.92.27-33;-16.32419427;-72.17651048;-1924409.232;2766802.634;NA
6.92.27-33;-16.32389052;-72.17649228;-1924373.896;2766808.495;NA
6.92.27-33;-16.32307562;-72.17651773;-1924278.198;2766815.823;NA
6.92.27-33;-16.32274609;-72.17728212;-1924230.382;2766733.546;NA
6.92.27-33;-16.32434571;-72.17818889;-1924406.662;2766611.02;NA
6.92.27-33;-16.32500263;-72.17689988;-1924499.146;2766748.495;NA
6.92.27-44; ; ;-1.516416327;20763369.87;NA
6.92.27-44;-16.32324069;-72.18248514;-1924225.372;2766139.236;NA
6.92.27-44;-16.32248888;-72.1820562;-1924142.556;2766197.131;NA
6.92.27-44;-16.32228382;-72.18243175;-1924114.013;2766157.249;NA
6.92.27-44;-16.32303789;-72.18285003;-1924197.224;2766100.53;NA
6.92.27-48; ; ;-1.516416327;20763369.87;NA
6.92.27-48;-16.32344671;-72.1831934;-1924240.926;2766056.602;NA
6.92.27-48;-16.32269237;-72.18275671;-1924157.907;2766115.404;NA
6.92.27-48;-16.32250191;-72.18311703;-1924131.259;2766077.06;NA
6.92.27-48;-16.3232437;-72.18355241;-1924212.824;2766018.563;NA
6.92.27-78; ; ;-1.516416327;20763369.87;NA
6.92.27-78;-16.32708561;-72.17975201;-1924708.48;2766400.025;NA
6.92.27-78;-16.32787347;-72.18018758;-1924795.435;2766340.925;NA
6.92.27-78;-16.32806376;-72.17983947;-1924821.919;2766377.889;NA
6.92.27-78;-16.32727096;-72.17940654;-1924734.354;2766436.752;NA
6.92.27-87; ; ;-1.516416327;20763369.87;NA
6.92.27-87;-16.32508313;-72.18355496;-1924428.103;2765995.248;NA
6.92.27-87;-16.32488552;-72.18389164;-1924400.902;2765959.667;NA
6.92.27-87;-16.32569751;-72.18433615;-1924490.574;2765899.259;NA
6.92.27-87;-16.32589278;-72.18398624;-1924517.66;2765936.365;NA
6.92.27-112; ; ;-1.516416327;20763369.87;NA
6.92.27-112;-16.32640467;-72.18676697;-1924543.964;2765615.657;NA
6.92.27-112;-16.32649093;-72.1867692;-1924554.033;2765614.324;NA
6.92.27-112;-16.32658382;-72.18674782;-1924565.165;2765615.578;NA
6.92.27-112;-16.32665375;-72.18668703;-1924574.085;2765621.574;NA
6.92.27-112;-16.32671585;-72.18662459;-1924582.108;2765627.854;NA
6.92.27-112;-16.32686174;-72.18634691;-1924602.541;2765657.413;NA
6.92.27-112;-16.32608698;-72.1859016;-1924517.238;2765717.443;NA
6.92.27-112;-16.32582312;-72.18639551;-1924480.383;2765664.921;NA
6.92.27-112;-16.32628852;-72.18672085;-1924530.926;2765622.323;NA