<?xml version="1.0" encoding="UTF-8"?>
<kml xmlns="http://www.opengis.net/kml/2.2" xmlns:gx="http://www.google.com/kml/ext/2.2" xmlns:kml="http://www.opengis.net/kml/2.2" xmlns:atom="http://www.w3.org/2005/Atom">
<Document>
	<name>Cluster_26_ingreso_economico_20feb2023.kml</name>
	<Schema name="yura poligono" id="S_yura_poligono_DSSSSDDDDS00100">
		<SimpleField type="double" name="fid"><displayName>&lt;b&gt;fid&lt;/b&gt;</displayName>
</SimpleField>
		<SimpleField type="long" name="handle"><displayName>&lt;b&gt;handle&lt;/b&gt;</displayName>
</SimpleField>
		<SimpleField type="long" name="block"><displayName>&lt;b&gt;block&lt;/b&gt;</displayName>
</SimpleField>
		<SimpleField type="long" name="etype"><displayName>&lt;b&gt;etype&lt;/b&gt;</displayName>
</SimpleField>
		<SimpleField type="long" name="space"><displayName>&lt;b&gt;space&lt;/b&gt;</displayName>
</SimpleField>
		<SimpleField type="string" name="layer"><displayName>&lt;b&gt;layer&lt;/b&gt;</displayName>
</SimpleField>
		<SimpleField type="string" name="olinetype"><displayName>&lt;b&gt;olinetype&lt;/b&gt;</displayName>
</SimpleField>
		<SimpleField type="string" name="linetype"><displayName>&lt;b&gt;linetype&lt;/b&gt;</displayName>
</SimpleField>
		<SimpleField type="string" name="color"><displayName>&lt;b&gt;color&lt;/b&gt;</displayName>
</SimpleField>
		<SimpleField type="long" name="ocolor"><displayName>&lt;b&gt;ocolor&lt;/b&gt;</displayName>
</SimpleField>
		<SimpleField type="long" name="color24"><displayName>&lt;b&gt;color24&lt;/b&gt;</displayName>
</SimpleField>
		<SimpleField type="long" name="transparen"><displayName>&lt;b&gt;transparen&lt;/b&gt;</displayName>
</SimpleField>
		<SimpleField type="long" name="lweight"><displayName>&lt;b&gt;lweight&lt;/b&gt;</displayName>
</SimpleField>
		<SimpleField type="double" name="linewidth"><displayName>&lt;b&gt;linewidth&lt;/b&gt;</displayName>
</SimpleField>
		<SimpleField type="double" name="ltscale"><displayName>&lt;b&gt;ltscale&lt;/b&gt;</displayName>
</SimpleField>
		<SimpleField type="long" name="visible"><displayName>&lt;b&gt;visible&lt;/b&gt;</displayName>
</SimpleField>
		<SimpleField type="double" name="width"><displayName>&lt;b&gt;width&lt;/b&gt;</displayName>
</SimpleField>
		<SimpleField type="double" name="thickness"><displayName>&lt;b&gt;thickness&lt;/b&gt;</displayName>
</SimpleField>
		<SimpleField type="string" name="ext"><displayName>&lt;b&gt;ext&lt;/b&gt;</displayName>
</SimpleField>
	</Schema>
	<StyleMap id="msn_ylw-pushpin51111002">
		<Pair>
			<key>normal</key>
			<styleUrl>#sn_ylw-pushpin150400002</styleUrl>
		</Pair>
		<Pair>
			<key>highlight</key>
			<styleUrl>#sh_ylw-pushpin62121002</styleUrl>
		</Pair>
	</StyleMap>
	<StyleMap id="msn_ylw-pushpin530011000">
		<Pair>
			<key>normal</key>
			<styleUrl>#sn_ylw-pushpin141301000</styleUrl>
		</Pair>
		<Pair>
			<key>highlight</key>
			<styleUrl>#sh_ylw-pushpin132101000</styleUrl>
		</Pair>
	</StyleMap>
	<StyleMap id="msn_ylw-pushpin8503">
		<Pair>
			<key>normal</key>
			<styleUrl>#sn_ylw-pushpin6303</styleUrl>
		</Pair>
		<Pair>
			<key>highlight</key>
			<styleUrl>#sh_ylw-pushpin6403</styleUrl>
		</Pair>
	</StyleMap>
	<Style id="sh_ylw-pushpin132101000">
		<IconStyle>
			<scale>1.3</scale>
			<Icon>
				<href>http://maps.google.com/mapfiles/kml/pushpin/ylw-pushpin.png</href>
			</Icon>
			<hotSpot x="20" y="2" xunits="pixels" yunits="pixels"/>
		</IconStyle>
		<LineStyle>
			<width>3</width>
		</LineStyle>
		<PolyStyle>
			<color>00005500</color>
		</PolyStyle>
	</Style>
	<Style id="sh_ylw-pushpin62121002">
		<IconStyle>
			<scale>1.3</scale>
			<Icon>
				<href>http://maps.google.com/mapfiles/kml/pushpin/ylw-pushpin.png</href>
			</Icon>
			<hotSpot x="20" y="2" xunits="pixels" yunits="pixels"/>
		</IconStyle>
		<LineStyle>
			<color>ff0000ff</color>
			<width>3</width>
		</LineStyle>
		<PolyStyle>
			<color>007fffff</color>
		</PolyStyle>
	</Style>
	<Style id="sh_ylw-pushpin6403">
		<IconStyle>
			<scale>1.3</scale>
			<Icon>
				<href>http://maps.google.com/mapfiles/kml/pushpin/ylw-pushpin.png</href>
			</Icon>
			<hotSpot x="20" y="2" xunits="pixels" yunits="pixels"/>
		</IconStyle>
		<LineStyle>
			<color>ff0055aa</color>
			<width>3</width>
		</LineStyle>
		<PolyStyle>
			<color>000055aa</color>
		</PolyStyle>
	</Style>
	<Style id="sn_ylw-pushpin141301000">
		<IconStyle>
			<scale>1.1</scale>
			<Icon>
				<href>http://maps.google.com/mapfiles/kml/pushpin/ylw-pushpin.png</href>
			</Icon>
			<hotSpot x="20" y="2" xunits="pixels" yunits="pixels"/>
		</IconStyle>
		<LineStyle>
			<width>3</width>
		</LineStyle>
		<PolyStyle>
			<color>00005500</color>
		</PolyStyle>
	</Style>
	<Style id="sn_ylw-pushpin150400002">
		<IconStyle>
			<scale>1.1</scale>
			<Icon>
				<href>http://maps.google.com/mapfiles/kml/pushpin/ylw-pushpin.png</href>
			</Icon>
			<hotSpot x="20" y="2" xunits="pixels" yunits="pixels"/>
		</IconStyle>
		<LineStyle>
			<color>ff0000ff</color>
			<width>3</width>
		</LineStyle>
		<PolyStyle>
			<color>007fffff</color>
		</PolyStyle>
	</Style>
	<Style id="sn_ylw-pushpin6303">
		<IconStyle>
			<scale>1.1</scale>
			<Icon>
				<href>http://maps.google.com/mapfiles/kml/pushpin/ylw-pushpin.png</href>
			</Icon>
			<hotSpot x="20" y="2" xunits="pixels" yunits="pixels"/>
		</IconStyle>
		<LineStyle>
			<color>ff0055aa</color>
			<width>3</width>
		</LineStyle>
		<PolyStyle>
			<color>000055aa</color>
		</PolyStyle>
	</Style>
	<Folder>
		<name>Cluster_26_ingreso_economico_20feb2023</name>
		<Folder>
			<name>A</name>
		</Folder>
		<Folder>
			<name>B</name>
		</Folder>
		<Folder>
			<name>C</name>
		</Folder>
		<Folder>
			<name>D</name>
			<Placemark>
				<name>1.4.120-2</name>
				<styleUrl>#msn_ylw-pushpin8503</styleUrl>
				<Polygon>
					<tessellate>1</tessellate>
					<outerBoundaryIs>
						<LinearRing>
							<coordinates>
								-71.58952584566778,-16.33974077327664,0 -71.58995138043221,-16.33930169578012,0 -71.59018691926406,-16.33895436096828,0 -71.59031515945188,-16.33874393635934,0 -71.59051411982601,-16.33842983942987,0 -71.59063586499802,-16.33818796824162,0 -71.59070496088763,-16.33804807275051,0 -71.59107035482009,-16.3371578996431,0 -71.59141672643003,-16.33747861944566,0 -71.59116477596436,-16.33797949420083,0 -71.59082266883921,-16.33860281393102,0 -71.59054311561765,-16.33903144935414,0 -71.5902050795394,-16.33944973200666,0 -71.58972200330876,-16.33990045237314,0 -71.58933579520952,-16.34021424661981,0 -71.58918456185613,-16.34003510994627,0 -71.58952584566778,-16.33974077327664,0 
							</coordinates>
						</LinearRing>
					</outerBoundaryIs>
				</Polygon>
			</Placemark>
			<Placemark>
				<name>1.4.120-3</name>
				<styleUrl>#msn_ylw-pushpin8503</styleUrl>
				<Polygon>
					<tessellate>1</tessellate>
					<outerBoundaryIs>
						<LinearRing>
							<coordinates>
								-71.59145029743728,-16.33612974797255,0 -71.5915858053533,-16.33572459276292,0 -71.59173778015089,-16.33538966826975,0 -71.59192303239976,-16.3350883518741,0 -71.59197186732834,-16.33511063812432,0 -71.59262081819148,-16.33307253357616,0 -71.59270805778448,-16.33308741988051,0 -71.59325060356848,-16.33169560404054,0 -71.59433445641572,-16.33210444276158,0 -71.59370842244275,-16.33322084521717,0 -71.59312334990054,-16.33447230199794,0 -71.59230770448389,-16.33591975720874,0 -71.59198258091665,-16.33648567721411,0 -71.59146307147451,-16.3374285151963,0 -71.59110029634444,-16.33704930867699,0 -71.59145029743728,-16.33612974797255,0 
							</coordinates>
						</LinearRing>
					</outerBoundaryIs>
				</Polygon>
			</Placemark>
			<Placemark>
				<name>1.4.120-4</name>
				<styleUrl>#msn_ylw-pushpin8503</styleUrl>
				<Polygon>
					<tessellate>1</tessellate>
					<outerBoundaryIs>
						<LinearRing>
							<coordinates>
								-71.59438469604429,-16.33197151384782,0 -71.59333196331491,-16.33156255890101,0 -71.59348401806945,-16.33121710387649,0 -71.59455144817082,-16.33163441587853,0 -71.59438469604429,-16.33197151384782,0 
							</coordinates>
						</LinearRing>
					</outerBoundaryIs>
				</Polygon>
			</Placemark>
			<Placemark>
				<name>1.4.120-5</name>
				<styleUrl>#msn_ylw-pushpin8503</styleUrl>
				<Polygon>
					<tessellate>1</tessellate>
					<outerBoundaryIs>
						<LinearRing>
							<coordinates>
								-71.59564194880679,-16.32955927223901,0 -71.59491610239333,-16.33108048676765,0 -71.59462970338417,-16.33160987911296,0 -71.59349109539824,-16.33116281007724,0 -71.59375272064833,-16.33047735138705,0 -71.59401888430772,-16.32977563391844,0 -71.5942175682268,-16.32925749362376,0 -71.59427118377819,-16.32912727187876,0 -71.59491690999427,-16.32932516110498,0 -71.59564194880679,-16.32955927223901,0 
							</coordinates>
						</LinearRing>
					</outerBoundaryIs>
				</Polygon>
			</Placemark>
			<Placemark>
				<name>1.4.121-1</name>
				<styleUrl>#msn_ylw-pushpin8503</styleUrl>
				<Polygon>
					<tessellate>1</tessellate>
					<outerBoundaryIs>
						<LinearRing>
							<coordinates>
								-71.59473314884288,-16.32916440679638,0 -71.59467899989137,-16.32919185555427,0 -71.59434664526125,-16.32907213710648,0 -71.59465160856597,-16.32828561768001,0 -71.59502544642555,-16.32842637583968,0 -71.59473314884288,-16.32916440679638,0 
							</coordinates>
						</LinearRing>
					</outerBoundaryIs>
				</Polygon>
			</Placemark>
			<Placemark>
				<name>1.4.121-2</name>
				<styleUrl>#msn_ylw-pushpin8503</styleUrl>
				<Polygon>
					<tessellate>1</tessellate>
					<outerBoundaryIs>
						<LinearRing>
							<coordinates>
								-71.5954626721705,-16.32857400191434,0 -71.59542206637062,-16.32871667599407,0 -71.59515277660876,-16.32934654846758,0 -71.59477998801253,-16.32922005583412,0 -71.59507880634457,-16.32844576280331,0 -71.5954626721705,-16.32857400191434,0 
							</coordinates>
						</LinearRing>
					</outerBoundaryIs>
				</Polygon>
			</Placemark>
			<Placemark>
				<name>1.4.121-3</name>
				<styleUrl>#msn_ylw-pushpin8503</styleUrl>
				<Polygon>
					<tessellate>1</tessellate>
					<outerBoundaryIs>
						<LinearRing>
							<coordinates>
								-71.59580306128618,-16.32915573828143,0 -71.59573201440102,-16.32934781232764,0 -71.59562642352687,-16.32951318368064,0 -71.59520443135344,-16.3293685296469,0 -71.59535391720334,-16.3290114933351,0 -71.59580306128618,-16.32915573828143,0 
							</coordinates>
						</LinearRing>
					</outerBoundaryIs>
				</Polygon>
			</Placemark>
			<Placemark>
				<name>1.4.121-4</name>
				<styleUrl>#msn_ylw-pushpin8503</styleUrl>
				<Polygon>
					<tessellate>1</tessellate>
					<outerBoundaryIs>
						<LinearRing>
							<coordinates>
								-71.59624346445774,-16.32838870152833,0 -71.59585606909684,-16.32913430110614,0 -71.59537910938985,-16.32898785582073,0 -71.59568011314674,-16.32816713858152,0 -71.59624346445774,-16.32838870152833,0 
							</coordinates>
						</LinearRing>
					</outerBoundaryIs>
				</Polygon>
			</Placemark>
			<Placemark>
				<name>1.4.121-5</name>
				<styleUrl>#msn_ylw-pushpin8503</styleUrl>
				<Polygon>
					<tessellate>1</tessellate>
					<outerBoundaryIs>
						<LinearRing>
							<coordinates>
								-71.59563918283501,-16.32814102519641,0 -71.59549574641026,-16.32850347506692,0 -71.59465682370556,-16.32821487323232,0 -71.59481140613292,-16.32783069013387,0 -71.5952691929697,-16.32799600961146,0 -71.59563918283501,-16.32814102519641,0 
							</coordinates>
						</LinearRing>
					</outerBoundaryIs>
				</Polygon>
			</Placemark>
			<Placemark>
				<name>1.4.121-6</name>
				<styleUrl>#msn_ylw-pushpin8503</styleUrl>
				<Polygon>
					<tessellate>1</tessellate>
					<outerBoundaryIs>
						<LinearRing>
							<coordinates>
								-71.59624427498238,-16.32831028861106,0 -71.59585607311377,-16.32816035016976,0 -71.59553679931645,-16.32803388484868,0 -71.59485125867508,-16.32777623330225,0 -71.59496148046985,-16.32725338797166,0 -71.59531354684032,-16.32743005968821,0 -71.59551084897758,-16.32754862298999,0 -71.59577170340435,-16.32770762996429,0 -71.59597548005512,-16.32779879569307,0 -71.59614577688579,-16.32788291652443,0 -71.5963066979174,-16.3279945370745,0 -71.59638990290912,-16.32803836793993,0 -71.59624427498238,-16.32831028861106,0 
							</coordinates>
						</LinearRing>
					</outerBoundaryIs>
				</Polygon>
			</Placemark>
			<Placemark>
				<name>1.4.136-1</name>
				<styleUrl>#msn_ylw-pushpin8503</styleUrl>
				<Polygon>
					<tessellate>1</tessellate>
					<outerBoundaryIs>
						<LinearRing>
							<coordinates>
								-71.59538777251493,-16.32739166519076,0 -71.59502625614869,-16.32720492860132,0 -71.59559517386074,-16.32623185736127,0 -71.59595618135282,-16.32642749098196,0 -71.59538777251493,-16.32739166519076,0 
							</coordinates>
						</LinearRing>
					</outerBoundaryIs>
				</Polygon>
			</Placemark>
			<Placemark>
				<name>1.4.136-2</name>
				<styleUrl>#msn_ylw-pushpin8503</styleUrl>
				<Polygon>
					<tessellate>1</tessellate>
					<outerBoundaryIs>
						<LinearRing>
							<coordinates>
								-71.59560871218756,-16.32707492409266,0 -71.59619093629088,-16.32739815093234,0 -71.59600262637586,-16.32772953573813,0 -71.59542066045435,-16.32738990442821,0 -71.59560871218756,-16.32707492409266,0 
							</coordinates>
						</LinearRing>
					</outerBoundaryIs>
				</Polygon>
			</Placemark>
			<Placemark>
				<name>1.4.136-3</name>
				<styleUrl>#msn_ylw-pushpin8503</styleUrl>
				<Polygon>
					<tessellate>1</tessellate>
					<outerBoundaryIs>
						<LinearRing>
							<coordinates>
								-71.59640443564088,-16.32702166354847,0 -71.59620446235699,-16.32735433836935,0 -71.59563691713812,-16.32703756563879,0 -71.59582813052063,-16.32671360666673,0 -71.59640443564088,-16.32702166354847,0 
							</coordinates>
						</LinearRing>
					</outerBoundaryIs>
				</Polygon>
			</Placemark>
			<Placemark>
				<name>1.4.136-5</name>
				<styleUrl>#msn_ylw-pushpin8503</styleUrl>
				<Polygon>
					<tessellate>1</tessellate>
					<outerBoundaryIs>
						<LinearRing>
							<coordinates>
								-71.59662124386357,-16.32679305215625,0 -71.59700427727574,-16.32699509135928,0 -71.59643420986818,-16.32797225097208,0 -71.59607793115239,-16.32776394418481,0 -71.59662124386357,-16.32679305215625,0 
							</coordinates>
						</LinearRing>
					</outerBoundaryIs>
				</Polygon>
			</Placemark>
			<Placemark>
				<name>1.4.136-6</name>
				<styleUrl>#msn_ylw-pushpin8503</styleUrl>
				<Polygon>
					<tessellate>1</tessellate>
					<outerBoundaryIs>
						<LinearRing>
							<coordinates>
								-71.5970418282309,-16.32692593759611,0 -71.5966825210751,-16.32672123874718,0 -71.59717433041294,-16.32581376835491,0 -71.59753266113069,-16.32601747190277,0 -71.5970418282309,-16.32692593759611,0 
							</coordinates>
						</LinearRing>
					</outerBoundaryIs>
				</Polygon>
			</Placemark>
			<Placemark>
				<name>1.4.136-7</name>
				<styleUrl>#msn_ylw-pushpin8503</styleUrl>
				<Polygon>
					<tessellate>1</tessellate>
					<outerBoundaryIs>
						<LinearRing>
							<coordinates>
								-71.59682625210185,-16.32636280273687,0 -71.59663017752197,-16.32669962081985,0 -71.59602971493391,-16.32636740066378,0 -71.59621136825685,-16.32603273156243,0 -71.59682625210185,-16.32636280273687,0 
							</coordinates>
						</LinearRing>
					</outerBoundaryIs>
				</Polygon>
			</Placemark>
			<Placemark>
				<name>1.4.136-8</name>
				<styleUrl>#msn_ylw-pushpin8503</styleUrl>
				<Polygon>
					<tessellate>1</tessellate>
					<outerBoundaryIs>
						<LinearRing>
							<coordinates>
								-71.59714138774579,-16.32580593348588,0 -71.59686851369911,-16.32632063588106,0 -71.59624789572213,-16.32599643980917,0 -71.59655583407323,-16.3254741853787,0 -71.59714138774579,-16.32580593348588,0 
							</coordinates>
						</LinearRing>
					</outerBoundaryIs>
				</Polygon>
			</Placemark>
			<Placemark>
				<name>1.4.136-9</name>
				<styleUrl>#msn_ylw-pushpin8503</styleUrl>
				<Polygon>
					<tessellate>1</tessellate>
					<outerBoundaryIs>
						<LinearRing>
							<coordinates>
								-71.59679011383608,-16.32510934138582,0 -71.59773866208134,-16.32564618754559,0 -71.59754917378505,-16.32596661971201,0 -71.59657162316961,-16.32541920864963,0 -71.59679011383608,-16.32510934138582,0 
							</coordinates>
						</LinearRing>
					</outerBoundaryIs>
				</Polygon>
			</Placemark>
			<Placemark>
				<name>1.4.136-10</name>
				<styleUrl>#msn_ylw-pushpin8503</styleUrl>
				<Polygon>
					<tessellate>1</tessellate>
					<outerBoundaryIs>
						<LinearRing>
							<coordinates>
								-71.59599082845779,-16.3263390515242,0 -71.59564514072034,-16.32614913315278,0 -71.59639498733311,-16.3248873596515,0 -71.59675553565897,-16.3250770411798,0 -71.59599082845779,-16.3263390515242,0 
							</coordinates>
						</LinearRing>
					</outerBoundaryIs>
				</Polygon>
			</Placemark>
			<Placemark>
				<name>1.4.136-11</name>
				<styleUrl>#msn_ylw-pushpin8503</styleUrl>
				<Polygon>
					<tessellate>1</tessellate>
					<outerBoundaryIs>
						<LinearRing>
							<coordinates>
								-71.59676131819828,-16.32500982172596,0 -71.59644289455805,-16.32481451178334,0 -71.59692452889803,-16.32399338543038,0 -71.59726648945738,-16.32419918853234,0 -71.59676131819828,-16.32500982172596,0 
							</coordinates>
						</LinearRing>
					</outerBoundaryIs>
				</Polygon>
			</Placemark>
			<Placemark>
				<name>1.4.136-12</name>
				<styleUrl>#msn_ylw-pushpin8503</styleUrl>
				<Polygon>
					<tessellate>1</tessellate>
					<outerBoundaryIs>
						<LinearRing>
							<coordinates>
								-71.59715787880796,-16.32405588790928,0 -71.59694963622847,-16.323929933914,0 -71.59709269899466,-16.32372316427529,0 -71.59731783789435,-16.32385225916838,0 -71.59715787880796,-16.32405588790928,0 
							</coordinates>
						</LinearRing>
					</outerBoundaryIs>
				</Polygon>
			</Placemark>
			<Placemark>
				<name>1.4.136-13</name>
				<styleUrl>#msn_ylw-pushpin8503</styleUrl>
				<Polygon>
					<tessellate>1</tessellate>
					<outerBoundaryIs>
						<LinearRing>
							<coordinates>
								-71.59729422345262,-16.32421261974953,0 -71.59757416757402,-16.32438995709684,0 -71.59740635499438,-16.32479572506676,0 -71.59715130583587,-16.32522103261315,0 -71.59683576901054,-16.32502190578314,0 -71.59729422345262,-16.32421261974953,0 
							</coordinates>
						</LinearRing>
					</outerBoundaryIs>
				</Polygon>
			</Placemark>
			<Placemark>
				<name>1.4.136-14</name>
				<styleUrl>#msn_ylw-pushpin8503</styleUrl>
				<Polygon>
					<tessellate>1</tessellate>
					<outerBoundaryIs>
						<LinearRing>
							<coordinates>
								-71.59730116360754,-16.32506141486451,0 -71.5974482357786,-16.32513885278667,0 -71.5975001068802,-16.32530814376922,0 -71.59746321708614,-16.32538317427847,0 -71.59719614569018,-16.32525009513868,0 -71.59730116360754,-16.32506141486451,0 
							</coordinates>
						</LinearRing>
					</outerBoundaryIs>
				</Polygon>
			</Placemark>
			<Placemark>
				<name>1.4.136-15</name>
				<styleUrl>#msn_ylw-pushpin8503</styleUrl>
				<Polygon>
					<tessellate>1</tessellate>
					<outerBoundaryIs>
						<LinearRing>
							<coordinates>
								-71.59850717904393,-16.3242543240378,0 -71.59802090555797,-16.32512457280115,0 -71.59788298279433,-16.32499032797354,0 -71.598237755132,-16.32429242752366,0 -71.59807038372146,-16.32409382281688,0 -71.59821174586619,-16.323960411503,0 -71.59850717904393,-16.3242543240378,0 
							</coordinates>
						</LinearRing>
					</outerBoundaryIs>
				</Polygon>
			</Placemark>
			<Placemark>
				<name>1.4.136-16</name>
				<styleUrl>#msn_ylw-pushpin8503</styleUrl>
				<Polygon>
					<tessellate>1</tessellate>
					<outerBoundaryIs>
						<LinearRing>
							<coordinates>
								-71.59817129316849,-16.32390994305513,0 -71.59801547328118,-16.32405085944858,0 -71.59765135807939,-16.323641175815,0 -71.59736175251356,-16.32354869943654,0 -71.5972336576817,-16.32347204545261,0 -71.59743993660257,-16.32315831036561,0 -71.59817129316849,-16.32390994305513,0 
							</coordinates>
						</LinearRing>
					</outerBoundaryIs>
				</Polygon>
			</Placemark>
			<Placemark>
				<name>1.4.137-1</name>
				<styleUrl>#msn_ylw-pushpin8503</styleUrl>
				<Polygon>
					<tessellate>1</tessellate>
					<outerBoundaryIs>
						<LinearRing>
							<coordinates>
								-71.59775691783994,-16.32341738256252,0 -71.59745918791056,-16.32313097396196,0 -71.59761619750768,-16.3229092930632,0 -71.59822712990035,-16.32179140727472,0 -71.59943544084942,-16.32180871801937,0 -71.59948900054395,-16.32187073082287,0 -71.59775691783994,-16.32341738256252,0 
							</coordinates>
						</LinearRing>
					</outerBoundaryIs>
				</Polygon>
			</Placemark>
			<Placemark>
				<name>1.4.137-2</name>
				<styleUrl>#msn_ylw-pushpin8503</styleUrl>
				<Polygon>
					<tessellate>1</tessellate>
					<outerBoundaryIs>
						<LinearRing>
							<coordinates>
								-71.59888137430563,-16.32380132723545,0 -71.59887025808021,-16.32387049817266,0 -71.59851638942169,-16.32417611443488,0 -71.59823356111082,-16.32388885351835,0 -71.59783372026915,-16.32348570033245,0 -71.59820257959171,-16.32316773037365,0 -71.59888137430563,-16.32380132723545,0 
							</coordinates>
						</LinearRing>
					</outerBoundaryIs>
				</Polygon>
			</Placemark>
			<Placemark>
				<name>1.4.137-4</name>
				<styleUrl>#msn_ylw-pushpin8503</styleUrl>
				<Polygon>
					<tessellate>1</tessellate>
					<outerBoundaryIs>
						<LinearRing>
							<coordinates>
								-71.59909406912902,-16.32339068042835,0 -71.59858056404481,-16.32282907613271,0 -71.59956140786736,-16.32194085825261,0 -71.60007543023247,-16.3225303299313,0 -71.59909406912902,-16.32339068042835,0 
							</coordinates>
						</LinearRing>
					</outerBoundaryIs>
				</Polygon>
			</Placemark>
			<Placemark>
				<name>1.4.137-5</name>
				<styleUrl>#msn_ylw-pushpin8503</styleUrl>
				<Polygon>
					<tessellate>1</tessellate>
					<outerBoundaryIs>
						<LinearRing>
							<coordinates>
								-71.59961594464598,-16.32336516285555,0 -71.59947701836211,-16.32319726486934,0 -71.60008293601688,-16.32267739795655,0 -71.60040864600072,-16.32239046707761,0 -71.60091994084351,-16.32192819396089,0 -71.60102945271555,-16.32259232342149,0 -71.60085071291748,-16.32273403447402,0 -71.60065689979754,-16.32287675444576,0 -71.60017534323892,-16.32309615314318,0 -71.59961594464598,-16.32336516285555,0 
							</coordinates>
						</LinearRing>
					</outerBoundaryIs>
				</Polygon>
			</Placemark>
			<Placemark>
				<name>1.4.137-6</name>
				<styleUrl>#msn_ylw-pushpin8503</styleUrl>
				<Polygon>
					<tessellate>1</tessellate>
					<outerBoundaryIs>
						<LinearRing>
							<coordinates>
								-71.6008894102453,-16.32181663674511,0 -71.60016241986901,-16.32244575698895,0 -71.59960901015548,-16.32186938743733,0 -71.59968229094061,-16.3218074370733,0 -71.60024260614011,-16.3218205969549,0 -71.60075823732699,-16.32137104599433,0 -71.60083896660875,-16.32137811908028,0 -71.6008894102453,-16.32181663674511,0 
							</coordinates>
						</LinearRing>
					</outerBoundaryIs>
				</Polygon>
			</Placemark>
			<Placemark>
				<name>1.4.137-7</name>
				<styleUrl>#msn_ylw-pushpin8503</styleUrl>
				<Polygon>
					<tessellate>1</tessellate>
					<outerBoundaryIs>
						<LinearRing>
							<coordinates>
								-71.6006665269917,-16.32059080062527,0 -71.60000508323769,-16.32120759595854,0 -71.59882510166696,-16.32119517768638,0 -71.59878408879278,-16.32114363753594,0 -71.59887723606438,-16.32107104619477,0 -71.59892336421616,-16.32104505188108,0 -71.59895147541255,-16.32104126235815,0 -71.59914028389423,-16.32090933406852,0 -71.59949633096601,-16.32064703081285,0 -71.59975807669279,-16.32045866194093,0 -71.60030398773509,-16.32004713979129,0 -71.60045901847604,-16.31991646684821,0 -71.60046650444019,-16.31994670309453,0 -71.60046778715086,-16.32007368693279,0 -71.60048598761713,-16.32021337967178,0 -71.60056982424061,-16.32037867209673,0 -71.6006665269917,-16.32059080062527,0 
							</coordinates>
						</LinearRing>
					</outerBoundaryIs>
				</Polygon>
			</Placemark>
			<Placemark>
				<name>1.4.137-8</name>
				<styleUrl>#msn_ylw-pushpin8503</styleUrl>
				<Polygon>
					<tessellate>1</tessellate>
					<outerBoundaryIs>
						<LinearRing>
							<coordinates>
								-71.60110659984693,-16.32250395534939,0 -71.60087597933942,-16.32124784655868,0 -71.601071993475,-16.32117454795238,0 -71.60113230249594,-16.3216541548886,0 -71.60123682464236,-16.32242461456326,0 -71.60110659984693,-16.32250395534939,0 
							</coordinates>
						</LinearRing>
					</outerBoundaryIs>
				</Polygon>
			</Placemark>
			<Placemark>
				<name>1.4.138-1</name>
				<styleUrl>#msn_ylw-pushpin8503</styleUrl>
				<Polygon>
					<tessellate>1</tessellate>
					<outerBoundaryIs>
						<LinearRing>
							<coordinates>
								-71.60148600222813,-16.31922942964951,0 -71.60181558489361,-16.31960495368079,0 -71.60116772632037,-16.32015513900064,0 -71.60099565543307,-16.31959274049923,0 -71.60148600222813,-16.31922942964951,0 
							</coordinates>
						</LinearRing>
					</outerBoundaryIs>
				</Polygon>
			</Placemark>
			<Placemark>
				<name>1.4.138-2</name>
				<styleUrl>#msn_ylw-pushpin8503</styleUrl>
				<Polygon>
					<tessellate>1</tessellate>
					<outerBoundaryIs>
						<LinearRing>
							<coordinates>
								-71.60347032534419,-16.31774612894792,0 -71.60363879067199,-16.3179737878366,0 -71.60314829265907,-16.31843909138458,0 -71.60192024838079,-16.31952596737371,0 -71.60161641006469,-16.31915649787806,0 -71.60347032534419,-16.31774612894792,0 
							</coordinates>
						</LinearRing>
					</outerBoundaryIs>
				</Polygon>
			</Placemark>
			<Placemark>
				<name>1.4.138-3</name>
				<styleUrl>#msn_ylw-pushpin8503</styleUrl>
				<Polygon>
					<tessellate>1</tessellate>
					<outerBoundaryIs>
						<LinearRing>
							<coordinates>
								-71.60225383442437,-16.32005735438956,0 -71.60289603029608,-16.32073820718101,0 -71.60166994738404,-16.32179156652619,0 -71.6013810358988,-16.32083041415988,0 -71.60225383442437,-16.32005735438956,0 
							</coordinates>
						</LinearRing>
					</outerBoundaryIs>
				</Polygon>
			</Placemark>
			<Placemark>
				<name>1.4.138-4</name>
				<styleUrl>#msn_ylw-pushpin8503</styleUrl>
				<Polygon>
					<tessellate>1</tessellate>
					<outerBoundaryIs>
						<LinearRing>
							<coordinates>
								-71.60292890461751,-16.31945425735554,0 -71.6035279568259,-16.32011583705296,0 -71.6030115427164,-16.3206180558228,0 -71.60238316213081,-16.31996025047509,0 -71.60292890461751,-16.31945425735554,0 
							</coordinates>
						</LinearRing>
					</outerBoundaryIs>
				</Polygon>
			</Placemark>
			<Placemark>
				<name>1.4.138-5</name>
				<styleUrl>#msn_ylw-pushpin8503</styleUrl>
				<Polygon>
					<tessellate>1</tessellate>
					<outerBoundaryIs>
						<LinearRing>
							<coordinates>
								-71.60443831664271,-16.3193717507127,0 -71.60368243042035,-16.32003280576822,0 -71.60304738257287,-16.31934034772373,0 -71.60390491450407,-16.31854479716225,0 -71.60443831664271,-16.3193717507127,0 
							</coordinates>
						</LinearRing>
					</outerBoundaryIs>
				</Polygon>
			</Placemark>
			<Placemark>
				<name>1.4.138-8</name>
				<styleUrl>#msn_ylw-pushpin8503</styleUrl>
				<Polygon>
					<tessellate>1</tessellate>
					<outerBoundaryIs>
						<LinearRing>
							<coordinates>
								-71.60375504156623,-16.3216415672846,0 -71.60300841136376,-16.32194135086363,0 -71.60242603845842,-16.32133019974496,0 -71.60300775557303,-16.32082793672116,0 -71.60375504156623,-16.3216415672846,0 
							</coordinates>
						</LinearRing>
					</outerBoundaryIs>
				</Polygon>
			</Placemark>
			<Placemark>
				<name>1.4.138-9</name>
				<styleUrl>#msn_ylw-pushpin8503</styleUrl>
				<Polygon>
					<tessellate>1</tessellate>
					<outerBoundaryIs>
						<LinearRing>
							<coordinates>
								-71.6031044710508,-16.32072278585673,0 -71.60364559222866,-16.320219166655,0 -71.60461922898975,-16.32123351389201,0 -71.6039192314759,-16.32158761912486,0 -71.6031044710508,-16.32072278585673,0 
							</coordinates>
						</LinearRing>
					</outerBoundaryIs>
				</Polygon>
			</Placemark>
			<Placemark>
				<name>1.4.138-10</name>
				<styleUrl>#msn_ylw-pushpin8503</styleUrl>
				<Polygon>
					<tessellate>1</tessellate>
					<outerBoundaryIs>
						<LinearRing>
							<coordinates>
								-71.60450499287309,-16.31948593006187,0 -71.60528797331168,-16.32084083560331,0 -71.60474360291929,-16.32113907909914,0 -71.60377575038231,-16.32012418171609,0 -71.60450499287309,-16.31948593006187,0 
							</coordinates>
						</LinearRing>
					</outerBoundaryIs>
				</Polygon>
			</Placemark>
			<Placemark>
				<name>1.4.160-2</name>
				<styleUrl>#msn_ylw-pushpin8503</styleUrl>
				<Polygon>
					<tessellate>1</tessellate>
					<outerBoundaryIs>
						<LinearRing>
							<coordinates>
								-71.59952016361467,-16.3151982221207,0 -71.59914231478577,-16.31535670164737,0 -71.59903955928947,-16.31511010496987,0 -71.59893795260086,-16.31485107448751,0 -71.59886341061365,-16.31463584819488,0 -71.59876519627547,-16.31437281269696,0 -71.59870462317654,-16.31424806102831,0 -71.5992341600962,-16.31402665160914,0 -71.59961753958996,-16.31495643341783,0 -71.59952016361467,-16.3151982221207,0 
							</coordinates>
						</LinearRing>
					</outerBoundaryIs>
				</Polygon>
			</Placemark>
			<Placemark>
				<name>1.4.160-4</name>
				<styleUrl>#msn_ylw-pushpin8503</styleUrl>
				<Polygon>
					<tessellate>1</tessellate>
					<outerBoundaryIs>
						<LinearRing>
							<coordinates>
								-71.5995708438756,-16.3139130332223,0 -71.59989685955468,-16.31465187093834,0 -71.59966820906975,-16.31494204993762,0 -71.59927705225199,-16.31399858478146,0 -71.5995708438756,-16.3139130332223,0 
							</coordinates>
						</LinearRing>
					</outerBoundaryIs>
				</Polygon>
			</Placemark>
			<Placemark>
				<name>1.4.162-1</name>
				<styleUrl>#msn_ylw-pushpin8503</styleUrl>
				<Polygon>
					<tessellate>1</tessellate>
					<outerBoundaryIs>
						<LinearRing>
							<coordinates>
								-71.60050166917031,-16.31949254161594,0 -71.59958903678242,-16.32015248143279,0 -71.59934106765714,-16.31914233651925,0 -71.59917905878713,-16.31851934504,0 -71.59901697670288,-16.31783139566919,0 -71.59888476526666,-16.31730136168608,0 -71.59878844467704,-16.31692683657318,0 -71.59868023798028,-16.31654774055413,0 -71.59855378462807,-16.31606185026364,0 -71.59844898965586,-16.31566304934933,0 -71.59834139437095,-16.31525564595247,0 -71.59825207755605,-16.31493427532894,0 -71.59818656334365,-16.31469540455453,0 -71.59810573516597,-16.31446767902975,0 -71.59864051212605,-16.31424702148321,0 -71.59884381877977,-16.31466671712756,0 -71.59899750115146,-16.31504794641755,0 -71.59914919699622,-16.31553986976052,0 -71.59907576534883,-16.31558512808296,0 -71.59918324767973,-16.31603069436246,0 -71.59951233653018,-16.31682872786692,0 -71.59962218454085,-16.31727193178232,0 -71.59957918049035,-16.31731985017316,0 -71.5996133110819,-16.3175255142741,0 -71.59964645593392,-16.31766821949442,0 -71.59970305220592,-16.31765088157932,0 -71.59984850598795,-16.31833521180304,0 -71.59992756225896,-16.31873761042123,0 -71.60001725731588,-16.31892514960663,0 -71.6001826712165,-16.31889292704369,0 -71.60050166917031,-16.31949254161594,0 
							</coordinates>
						</LinearRing>
					</outerBoundaryIs>
				</Polygon>
			</Placemark>
			<Placemark>
				<name>1.4.162-2</name>
				<styleUrl>#msn_ylw-pushpin8503</styleUrl>
				<Polygon>
					<tessellate>1</tessellate>
					<outerBoundaryIs>
						<LinearRing>
							<coordinates>
								-71.59924728376591,-16.31893593940239,0 -71.59843990223719,-16.31913384787035,0 -71.59818226886765,-16.3182092761093,0 -71.59790534080926,-16.31711332763304,0 -71.59760469213172,-16.31594591189044,0 -71.5975108640973,-16.31595666364037,0 -71.59715179511623,-16.31465760851209,0 -71.59774492885803,-16.31453356022628,0 -71.59804017771252,-16.31451331222421,0 -71.59809581080391,-16.31456880800618,0 -71.59842564426629,-16.31576722851517,0 -71.59866330736585,-16.31665505141798,0 -71.59924728376591,-16.31893593940239,0 
							</coordinates>
						</LinearRing>
					</outerBoundaryIs>
				</Polygon>
			</Placemark>
			<Placemark>
				<name>1.4.162-3</name>
				<styleUrl>#msn_ylw-pushpin8503</styleUrl>
				<Polygon>
					<tessellate>1</tessellate>
					<outerBoundaryIs>
						<LinearRing>
							<coordinates>
								-71.59940379765409,-16.3195127052834,0 -71.59956350769174,-16.32016753479254,0 -71.59882433157141,-16.32073483951031,0 -71.59845725476602,-16.31918202647965,0 -71.59924691060563,-16.31897465800368,0 -71.59940379765409,-16.3195127052834,0 
							</coordinates>
						</LinearRing>
					</outerBoundaryIs>
				</Polygon>
			</Placemark>
			<Placemark>
				<name>1.4.162-4</name>
				<styleUrl>#msn_ylw-pushpin8503</styleUrl>
				<Polygon>
					<tessellate>1</tessellate>
					<outerBoundaryIs>
						<LinearRing>
							<coordinates>
								-71.59711290832449,-16.31466669123337,0 -71.59746561561667,-16.31596852573607,0 -71.5975229050398,-16.31600404971831,0 -71.59775599867947,-16.31691482512416,0 -71.59641665640325,-16.31720768282261,0 -71.59645062062889,-16.31650504142612,0 -71.596589273316,-16.3164739853821,0 -71.59647367496332,-16.31581171320476,0 -71.59654052444164,-16.31577622915903,0 -71.59637947714748,-16.31512814835234,0 -71.59630711478039,-16.31514371550322,0 -71.59610234031275,-16.31471584724459,0 -71.59617453914261,-16.31472798388693,0 -71.59642569430116,-16.31482235970481,0 -71.59711290832449,-16.31466669123337,0 
							</coordinates>
						</LinearRing>
					</outerBoundaryIs>
				</Polygon>
			</Placemark>
			<Placemark>
				<name>1.4.162-5</name>
				<styleUrl>#msn_ylw-pushpin8503</styleUrl>
				<Polygon>
					<tessellate>1</tessellate>
					<outerBoundaryIs>
						<LinearRing>
							<coordinates>
								-71.59808724097901,-16.31819408042903,0 -71.59714038023975,-16.31843590361909,0 -71.59705770433673,-16.3184580495533,0 -71.59704577200756,-16.31848901357399,0 -71.59723066268512,-16.31917419782684,0 -71.59729608365323,-16.31915028469358,0 -71.59716117718996,-16.31851608103487,0 -71.59808964853374,-16.3182782825145,0 -71.59816887519015,-16.31855242629951,0 -71.59857295282106,-16.32008385699154,0 -71.59877555991399,-16.32079184967858,0 -71.59859639111961,-16.32089992974944,0 -71.59837206573687,-16.32109343343107,0 -71.59817176927703,-16.32130021795824,0 -71.59796023327557,-16.32160862154485,0 -71.59750466009531,-16.3214926462441,0 -71.59693603869712,-16.32141976370375,0 -71.59655639000088,-16.32138620231317,0 -71.59645726051305,-16.32101502858035,0 -71.59644476577708,-16.32077285597749,0 -71.59645088523172,-16.32063972192344,0 -71.59648273670739,-16.32026790226962,0 -71.59647057958516,-16.31993800675889,0 -71.59647025706585,-16.3196703645736,0 -71.59644855128082,-16.31935043483794,0 -71.59658700645942,-16.31931214591736,0 -71.59663522093538,-16.31882780306717,0 -71.59673130373328,-16.31879497590457,0 -71.59682613700302,-16.31849628590021,0 -71.59685853647395,-16.31825258373624,0 -71.59684255349121,-16.31784418300268,0 -71.59674198481044,-16.31764324422835,0 -71.59668337749176,-16.31715396604209,0 -71.59777119106081,-16.3169519307446,0 -71.59808724097901,-16.31819408042903,0 
							</coordinates>
						</LinearRing>
					</outerBoundaryIs>
				</Polygon>
			</Placemark>
			<Placemark>
				<name>1.4.162-6</name>
				<styleUrl>#msn_ylw-pushpin8503</styleUrl>
				<Polygon>
					<tessellate>1</tessellate>
					<outerBoundaryIs>
						<LinearRing>
							<coordinates>
								-71.59801563383598,-16.31439974996192,0 -71.5965111226446,-16.31471142305151,0 -71.59607139504851,-16.31459515429318,0 -71.59542899149059,-16.31485655089985,0 -71.59512255854672,-16.31421059729838,0 -71.59549458309591,-16.31432178353802,0 -71.59616801087512,-16.31437976591461,0 -71.59669995873458,-16.31438573241397,0 -71.59722071983151,-16.31429333250188,0 -71.59791548355217,-16.31414552091092,0 -71.59822325365145,-16.31397513080639,0 -71.59834686712301,-16.31424134452516,0 -71.59801563383598,-16.31439974996192,0 
							</coordinates>
						</LinearRing>
					</outerBoundaryIs>
				</Polygon>
			</Placemark>
			<Placemark>
				<name>1.4.163-1</name>
				<styleUrl>#msn_ylw-pushpin8503</styleUrl>
				<Polygon>
					<tessellate>1</tessellate>
					<outerBoundaryIs>
						<LinearRing>
							<coordinates>
								-71.59677813914843,-16.32265331200162,0 -71.59689389091817,-16.32286024187197,0 -71.59705852508544,-16.32307501155419,0 -71.5969159908133,-16.32330679292702,0 -71.59665673756326,-16.3229935383166,0 -71.5965397923601,-16.32269715654168,0 -71.59642276639126,-16.3223733494302,0 -71.59637887021331,-16.32210607059118,0 -71.59662387083927,-16.32205747963115,0 -71.59677813914843,-16.32265331200162,0 
							</coordinates>
						</LinearRing>
					</outerBoundaryIs>
				</Polygon>
			</Placemark>
			<Placemark>
				<name>1.4.163-2</name>
				<styleUrl>#msn_ylw-pushpin8503</styleUrl>
				<Polygon>
					<tessellate>1</tessellate>
					<outerBoundaryIs>
						<LinearRing>
							<coordinates>
								-71.59704280777878,-16.32194498103178,0 -71.59706151242315,-16.3221287908283,0 -71.59708364589238,-16.32227408151424,0 -71.59714307789643,-16.32250736799327,0 -71.59734074327956,-16.32263844036121,0 -71.59726012779112,-16.32280138822015,0 -71.59709944728324,-16.32303428116277,0 -71.59683140232927,-16.32271103117727,0 -71.59677838823664,-16.32253214266186,0 -71.59672805885496,-16.32231494939562,0 -71.59669143885787,-16.32213733764349,0 -71.59665835745557,-16.32191793290559,0 -71.59659133617011,-16.32162055375044,0 -71.59689907006859,-16.32151210222175,0 -71.59718566488243,-16.32147073152089,0 -71.59724936747438,-16.32190934592252,0 -71.59704280777878,-16.32194498103178,0 
							</coordinates>
						</LinearRing>
					</outerBoundaryIs>
				</Polygon>
			</Placemark>
			<Placemark>
				<name>1.4.163-3</name>
				<styleUrl>#msn_ylw-pushpin8503</styleUrl>
				<Polygon>
					<tessellate>1</tessellate>
					<outerBoundaryIs>
						<LinearRing>
							<coordinates>
								-71.59793778265039,-16.32162046471207,0 -71.59756188892148,-16.322302843043,0 -71.59735856831908,-16.32259689181022,0 -71.5972111993363,-16.322510002311,0 -71.59716130255023,-16.32223004877998,0 -71.59735522915297,-16.32187387929361,0 -71.59752843204912,-16.32160407918878,0 -71.59793778265039,-16.32162046471207,0 
							</coordinates>
						</LinearRing>
					</outerBoundaryIs>
				</Polygon>
			</Placemark>
			<Placemark>
				<name>1.4.165-1</name>
				<styleUrl>#msn_ylw-pushpin8503</styleUrl>
				<Polygon>
					<tessellate>1</tessellate>
					<outerBoundaryIs>
						<LinearRing>
							<coordinates>
								-71.5955731124391,-16.31972861321697,0 -71.59591204751415,-16.32066157668078,0 -71.59565914866863,-16.32080751373142,0 -71.59540213919317,-16.32046567998379,0 -71.59481435824901,-16.31909260593496,0 -71.5951600644847,-16.31890201338022,0 -71.5955731124391,-16.31972861321697,0 
							</coordinates>
						</LinearRing>
					</outerBoundaryIs>
				</Polygon>
			</Placemark>
			<Placemark>
				<name>1.4.165-2</name>
				<styleUrl>#msn_ylw-pushpin8503</styleUrl>
				<Polygon>
					<tessellate>1</tessellate>
					<outerBoundaryIs>
						<LinearRing>
							<coordinates>
								-71.59630368448428,-16.32050199489023,0 -71.595965775547,-16.32065768291925,0 -71.59563438315446,-16.31977259229787,0 -71.59600414230552,-16.31961192314564,0 -71.59630368448428,-16.32050199489023,0 
							</coordinates>
						</LinearRing>
					</outerBoundaryIs>
				</Polygon>
			</Placemark>
			<Placemark>
				<name>1.4.165-3</name>
				<styleUrl>#msn_ylw-pushpin8503</styleUrl>
				<Polygon>
					<tessellate>1</tessellate>
					<outerBoundaryIs>
						<LinearRing>
							<coordinates>
								-71.59595201656607,-16.3195499781303,0 -71.5956244792546,-16.31969816741463,0 -71.5952413523206,-16.31889728496038,0 -71.59556719661043,-16.31871093856855,0 -71.59595201656607,-16.3195499781303,0 
							</coordinates>
						</LinearRing>
					</outerBoundaryIs>
				</Polygon>
			</Placemark>
			<Placemark>
				<name>1.4.165-4</name>
				<styleUrl>#msn_ylw-pushpin8503</styleUrl>
				<Polygon>
					<tessellate>1</tessellate>
					<outerBoundaryIs>
						<LinearRing>
							<coordinates>
								-71.5955357070988,-16.3186586751834,0 -71.59519096508228,-16.31882738181664,0 -71.59479114746364,-16.31798088138888,0 -71.59514867040717,-16.31779907353595,0 -71.5955357070988,-16.3186586751834,0 
							</coordinates>
						</LinearRing>
					</outerBoundaryIs>
				</Polygon>
			</Placemark>
			<Placemark>
				<name>1.4.165-5</name>
				<styleUrl>#msn_ylw-pushpin8503</styleUrl>
				<Polygon>
					<tessellate>1</tessellate>
					<outerBoundaryIs>
						<LinearRing>
							<coordinates>
								-71.59512190863771,-16.31775015988118,0 -71.59477177182902,-16.31790222203117,0 -71.59443993761634,-16.31721717928879,0 -71.59480671995269,-16.31707320795827,0 -71.59512190863771,-16.31775015988118,0 
							</coordinates>
						</LinearRing>
					</outerBoundaryIs>
				</Polygon>
			</Placemark>
			<Placemark>
				<name>1.4.165-6</name>
				<styleUrl>#msn_ylw-pushpin8503</styleUrl>
				<Polygon>
					<tessellate>1</tessellate>
					<outerBoundaryIs>
						<LinearRing>
							<coordinates>
								-71.5951313822893,-16.31885200985104,0 -71.59480007499972,-16.31902052458351,0 -71.59423363155094,-16.31784582309462,0 -71.59418090724061,-16.31718645795241,0 -71.5943663213077,-16.31718258620038,0 -71.5951313822893,-16.31885200985104,0 
							</coordinates>
						</LinearRing>
					</outerBoundaryIs>
				</Polygon>
			</Placemark>
			<Placemark>
				<name>1.4.165-7</name>
				<styleUrl>#msn_ylw-pushpin8503</styleUrl>
				<Polygon>
					<tessellate>1</tessellate>
					<outerBoundaryIs>
						<LinearRing>
							<coordinates>
								-71.59480650382336,-16.31702576855151,0 -71.59441769923095,-16.317167921345,0 -71.59408044018859,-16.31633945539351,0 -71.59444627268284,-16.31619996069205,0 -71.59480650382336,-16.31702576855151,0 
							</coordinates>
						</LinearRing>
					</outerBoundaryIs>
				</Polygon>
			</Placemark>
			<Placemark>
				<name>1.4.165-8</name>
				<styleUrl>#msn_ylw-pushpin8503</styleUrl>
				<Polygon>
					<tessellate>1</tessellate>
					<outerBoundaryIs>
						<LinearRing>
							<coordinates>
								-71.59454429937765,-16.31524327565044,0 -71.59550683581953,-16.31744420650977,0 -71.5963480089373,-16.31940769322076,0 -71.5963296128035,-16.32018959870058,0 -71.5942060756902,-16.31537714238566,0 -71.59454429937765,-16.31524327565044,0 
							</coordinates>
						</LinearRing>
					</outerBoundaryIs>
				</Polygon>
			</Placemark>
			<Placemark>
				<name>1.4.165-9</name>
				<LookAt>
					<longitude>-71.59536320288156</longitude>
					<latitude>-16.31985476355582</latitude>
					<altitude>0</altitude>
					<heading>-3.657637883683044e-14</heading>
					<tilt>45</tilt>
					<range>1000.00000000004</range>
					<gx:altitudeMode>relativeToSeaFloor</gx:altitudeMode>
				</LookAt>
				<styleUrl>#msn_ylw-pushpin8503</styleUrl>
				<Polygon>
					<tessellate>1</tessellate>
					<outerBoundaryIs>
						<LinearRing>
							<coordinates>
								-71.59560771441458,-16.31731125327151,0 -71.59470404334826,-16.31527495687471,0 -71.59534288062048,-16.3148909487166,0 -71.59629990807899,-16.31712468192501,0 -71.59560771441458,-16.31731125327151,0 
							</coordinates>
						</LinearRing>
					</outerBoundaryIs>
				</Polygon>
			</Placemark>
			<Placemark>
				<name>1.4.165-10</name>
				<styleUrl>#msn_ylw-pushpin8503</styleUrl>
				<Polygon>
					<tessellate>1</tessellate>
					<outerBoundaryIs>
						<LinearRing>
							<coordinates>
								-71.59631500323727,-16.31895964006762,0 -71.59589734770397,-16.3179062221927,0 -71.59648864275972,-16.31765773028225,0 -71.59658906466544,-16.31808223170765,0 -71.59650329998284,-16.31863704012626,0 -71.59651183130106,-16.31892760503009,0 -71.59631500323727,-16.31895964006762,0 
							</coordinates>
						</LinearRing>
					</outerBoundaryIs>
				</Polygon>
			</Placemark>
			<Placemark>
				<name>1.4.168-2</name>
				<styleUrl>#msn_ylw-pushpin8503</styleUrl>
				<Polygon>
					<tessellate>1</tessellate>
					<outerBoundaryIs>
						<LinearRing>
							<coordinates>
								-71.59296019603133,-16.31997548776314,0 -71.59295148574959,-16.32038818610491,0 -71.59170397443539,-16.32037742335005,0 -71.59169625743345,-16.31996524257166,0 -71.59296019603133,-16.31997548776314,0 
							</coordinates>
						</LinearRing>
					</outerBoundaryIs>
				</Polygon>
			</Placemark>
			<Placemark>
				<name>1.4.168-3</name>
				<styleUrl>#msn_ylw-pushpin8503</styleUrl>
				<Polygon>
					<tessellate>1</tessellate>
					<outerBoundaryIs>
						<LinearRing>
							<coordinates>
								-71.59293886569742,-16.3208773265604,0 -71.59224106967892,-16.32085004676775,0 -71.59224647518543,-16.32043213800814,0 -71.59294292589333,-16.32044772912853,0 -71.59293886569742,-16.3208773265604,0 
							</coordinates>
						</LinearRing>
					</outerBoundaryIs>
				</Polygon>
			</Placemark>
			<Placemark>
				<name>1.4.168-4</name>
				<styleUrl>#msn_ylw-pushpin8503</styleUrl>
				<Polygon>
					<tessellate>1</tessellate>
					<outerBoundaryIs>
						<LinearRing>
							<coordinates>
								-71.59296437013064,-16.32091964624724,0 -71.59294996555758,-16.32132006633516,0 -71.59245964875107,-16.32132012784173,0 -71.59243023812334,-16.32114756987151,0 -71.59230135163695,-16.32106501020667,0 -71.59229283942624,-16.32091464936162,0 -71.59296437013064,-16.32091964624724,0 
							</coordinates>
						</LinearRing>
					</outerBoundaryIs>
				</Polygon>
			</Placemark>
			<Placemark>
				<name>1.4.168-5</name>
				<styleUrl>#msn_ylw-pushpin8503</styleUrl>
				<Polygon>
					<tessellate>1</tessellate>
					<outerBoundaryIs>
						<LinearRing>
							<coordinates>
								-71.59420149796975,-16.3209339113603,0 -71.59418287350529,-16.32135516704822,0 -71.59302462431515,-16.32132776204902,0 -71.59302973462397,-16.32090687952351,0 -71.59420149796975,-16.3209339113603,0 
							</coordinates>
						</LinearRing>
					</outerBoundaryIs>
				</Polygon>
			</Placemark>
			<Placemark>
				<name>1.4.168-6</name>
				<styleUrl>#msn_ylw-pushpin8503</styleUrl>
				<Polygon>
					<tessellate>1</tessellate>
					<outerBoundaryIs>
						<LinearRing>
							<coordinates>
								-71.59569928055691,-16.32095465173432,0 -71.59578145033454,-16.32104063521901,0 -71.59577760293223,-16.32136502941173,0 -71.59521360379016,-16.32136391791293,0 -71.59478081244258,-16.32135525935867,0 -71.59429886037923,-16.32133249108552,0 -71.59426236659313,-16.3213202000736,0 -71.5942726432787,-16.32092491531001,0 -71.59569928055691,-16.32095465173432,0 
							</coordinates>
						</LinearRing>
					</outerBoundaryIs>
				</Polygon>
			</Placemark>
			<Placemark>
				<name>1.4.169-1</name>
				<styleUrl>#msn_ylw-pushpin8503</styleUrl>
				<Polygon>
					<tessellate>1</tessellate>
					<outerBoundaryIs>
						<LinearRing>
							<coordinates>
								-71.59309400295746,-16.32421140683886,0 -71.59195004598067,-16.32416218029176,0 -71.59205553240821,-16.32379319867196,0 -71.59310540831677,-16.32384387591075,0 -71.59309400295746,-16.32421140683886,0 
							</coordinates>
						</LinearRing>
					</outerBoundaryIs>
				</Polygon>
			</Placemark>
			<Placemark>
				<name>1.4.169-2</name>
				<styleUrl>#msn_ylw-pushpin8503</styleUrl>
				<Polygon>
					<tessellate>1</tessellate>
					<outerBoundaryIs>
						<LinearRing>
							<coordinates>
								-71.59405311961029,-16.32391502542003,0 -71.59403647023551,-16.32426906957634,0 -71.59318105766435,-16.32420666002364,0 -71.59320750331497,-16.32387882967304,0 -71.59405311961029,-16.32391502542003,0 
							</coordinates>
						</LinearRing>
					</outerBoundaryIs>
				</Polygon>
			</Placemark>
			<Placemark>
				<name>1.4.169-3</name>
				<styleUrl>#msn_ylw-pushpin8503</styleUrl>
				<Polygon>
					<tessellate>1</tessellate>
					<outerBoundaryIs>
						<LinearRing>
							<coordinates>
								-71.59523318010689,-16.32395861060308,0 -71.59502468032295,-16.32432784165048,0 -71.59413179285406,-16.32426172557495,0 -71.59414377842477,-16.323901680833,0 -71.59523318010689,-16.32395861060308,0 
							</coordinates>
						</LinearRing>
					</outerBoundaryIs>
				</Polygon>
			</Placemark>
			<Placemark>
				<name>1.4.169-4</name>
				<styleUrl>#msn_ylw-pushpin8503</styleUrl>
				<Polygon>
					<tessellate>1</tessellate>
					<outerBoundaryIs>
						<LinearRing>
							<coordinates>
								-71.59521500870784,-16.32368717626379,0 -71.59533798474862,-16.32378823197891,0 -71.59527621849783,-16.3238850865987,0 -71.59415656677852,-16.3238315756742,0 -71.59418004844245,-16.32344660014958,0 -71.59521572429053,-16.32350702516039,0 -71.59521500870784,-16.32368717626379,0 
							</coordinates>
						</LinearRing>
					</outerBoundaryIs>
				</Polygon>
			</Placemark>
			<Placemark>
				<name>1.4.169-5</name>
				<styleUrl>#msn_ylw-pushpin8503</styleUrl>
				<Polygon>
					<tessellate>1</tessellate>
					<outerBoundaryIs>
						<LinearRing>
							<coordinates>
								-71.59410238709599,-16.32345491233764,0 -71.59406096130253,-16.3238224866477,0 -71.59320714984136,-16.32375788400276,0 -71.5932326516335,-16.32338358431354,0 -71.59410238709599,-16.32345491233764,0 
							</coordinates>
						</LinearRing>
					</outerBoundaryIs>
				</Polygon>
			</Placemark>
			<Placemark>
				<name>1.4.169-6</name>
				<styleUrl>#msn_ylw-pushpin8503</styleUrl>
				<Polygon>
					<tessellate>1</tessellate>
					<outerBoundaryIs>
						<LinearRing>
							<coordinates>
								-71.59311577889055,-16.32337048617879,0 -71.59310908783878,-16.32375374535356,0 -71.59213839159794,-16.32371641953361,0 -71.59217673099543,-16.3233317802323,0 -71.59311577889055,-16.32337048617879,0 
							</coordinates>
						</LinearRing>
					</outerBoundaryIs>
				</Polygon>
			</Placemark>
			<Placemark>
				<name>1.4.169-8</name>
				<styleUrl>#msn_ylw-pushpin8503</styleUrl>
				<Polygon>
					<tessellate>1</tessellate>
					<outerBoundaryIs>
						<LinearRing>
							<coordinates>
								-71.59412980920662,-16.32295914480193,0 -71.59409474925559,-16.32335426364816,0 -71.59323343070892,-16.32329973715835,0 -71.59324066666898,-16.32290770820031,0 -71.59412980920662,-16.32295914480193,0 
							</coordinates>
						</LinearRing>
					</outerBoundaryIs>
				</Polygon>
			</Placemark>
			<Placemark>
				<name>1.4.169-9</name>
				<styleUrl>#msn_ylw-pushpin8503</styleUrl>
				<Polygon>
					<tessellate>1</tessellate>
					<outerBoundaryIs>
						<LinearRing>
							<coordinates>
								-71.59413204954872,-16.32290052792746,0 -71.59324700035697,-16.32282396416522,0 -71.59328031317524,-16.3224597868923,0 -71.59413454410097,-16.3225217450594,0 -71.59413204954872,-16.32290052792746,0 
							</coordinates>
						</LinearRing>
					</outerBoundaryIs>
				</Polygon>
			</Placemark>
			<Placemark>
				<name>1.4.169-10</name>
				<styleUrl>#msn_ylw-pushpin8503</styleUrl>
				<Polygon>
					<tessellate>1</tessellate>
					<outerBoundaryIs>
						<LinearRing>
							<coordinates>
								-71.59459635752259,-16.32320193104741,0 -71.5941968376178,-16.32317761851629,0 -71.59423735948219,-16.32252106770297,0 -71.59462174457822,-16.32252577291257,0 -71.59459635752259,-16.32320193104741,0 
							</coordinates>
						</LinearRing>
					</outerBoundaryIs>
				</Polygon>
			</Placemark>
			<Placemark>
				<name>1.4.169-11</name>
				<styleUrl>#msn_ylw-pushpin8503</styleUrl>
				<Polygon>
					<tessellate>1</tessellate>
					<outerBoundaryIs>
						<LinearRing>
							<coordinates>
								-71.59505120741413,-16.32340392133109,0 -71.59466472884333,-16.32337212987501,0 -71.59470399690797,-16.32251989671417,0 -71.59510351020576,-16.32252879764734,0 -71.59505120741413,-16.32340392133109,0 
							</coordinates>
						</LinearRing>
					</outerBoundaryIs>
				</Polygon>
			</Placemark>
			<Placemark>
				<name>1.4.169-12</name>
				<styleUrl>#msn_ylw-pushpin8503</styleUrl>
				<Polygon>
					<tessellate>1</tessellate>
					<outerBoundaryIs>
						<LinearRing>
							<coordinates>
								-71.5955897586506,-16.32250516887173,0 -71.59554269923812,-16.32306510364145,0 -71.59535060817751,-16.32341318428706,0 -71.59516909099456,-16.32339845918406,0 -71.59521417909801,-16.32252920742417,0 -71.5955897586506,-16.32250516887173,0 
							</coordinates>
						</LinearRing>
					</outerBoundaryIs>
				</Polygon>
			</Placemark>
			<Placemark>
				<name>1.4.169-13</name>
				<styleUrl>#msn_ylw-pushpin8503</styleUrl>
				<Polygon>
					<tessellate>1</tessellate>
					<outerBoundaryIs>
						<LinearRing>
							<coordinates>
								-71.59423917697784,-16.32242317460729,0 -71.59423678238655,-16.32205604165862,0 -71.59549491948368,-16.32203346281774,0 -71.59555027011116,-16.32210451591896,0 -71.59557323025984,-16.32242009155342,0 -71.59423917697784,-16.32242317460729,0 
							</coordinates>
						</LinearRing>
					</outerBoundaryIs>
				</Polygon>
			</Placemark>
			<Placemark>
				<name>1.4.169-14</name>
				<styleUrl>#msn_ylw-pushpin8503</styleUrl>
				<Polygon>
					<tessellate>1</tessellate>
					<outerBoundaryIs>
						<LinearRing>
							<coordinates>
								-71.59414831431437,-16.322045376502,0 -71.59414640357535,-16.32242980482632,0 -71.59298674720179,-16.32239153164008,0 -71.59299902368775,-16.32202013918876,0 -71.59414831431437,-16.322045376502,0 
							</coordinates>
						</LinearRing>
					</outerBoundaryIs>
				</Polygon>
			</Placemark>
			<Placemark>
				<name>1.4.169-15</name>
				<styleUrl>#msn_ylw-pushpin8503</styleUrl>
				<Polygon>
					<tessellate>1</tessellate>
					<outerBoundaryIs>
						<LinearRing>
							<coordinates>
								-71.59290124381869,-16.32239506785338,0 -71.5926493050718,-16.32241395157911,0 -71.59254116353516,-16.322020448902,0 -71.5928970628604,-16.32201996184135,0 -71.59290124381869,-16.32239506785338,0 
							</coordinates>
						</LinearRing>
					</outerBoundaryIs>
				</Polygon>
			</Placemark>
			<Placemark>
				<name>1.4.169-16</name>
				<styleUrl>#msn_ylw-pushpin8503</styleUrl>
				<Polygon>
					<tessellate>1</tessellate>
					<outerBoundaryIs>
						<LinearRing>
							<coordinates>
								-71.59291300666253,-16.32155592675986,0 -71.59290873057157,-16.32193238396532,0 -71.5925286526268,-16.32192151319696,0 -71.5924380178343,-16.32161519435648,0 -71.59242929536714,-16.321546488231,0 -71.59291300666253,-16.32155592675986,0 
							</coordinates>
						</LinearRing>
					</outerBoundaryIs>
				</Polygon>
			</Placemark>
			<Placemark>
				<name>1.4.169-17</name>
				<styleUrl>#msn_ylw-pushpin8503</styleUrl>
				<Polygon>
					<tessellate>1</tessellate>
					<outerBoundaryIs>
						<LinearRing>
							<coordinates>
								-71.5941532973646,-16.32157423748866,0 -71.59414910774174,-16.32195914645424,0 -71.59300969957607,-16.32191937494596,0 -71.59301318127079,-16.32154309389993,0 -71.5941532973646,-16.32157423748866,0 
							</coordinates>
						</LinearRing>
					</outerBoundaryIs>
				</Polygon>
			</Placemark>
			<Placemark>
				<name>1.4.169-18</name>
				<styleUrl>#msn_ylw-pushpin8503</styleUrl>
				<Polygon>
					<tessellate>1</tessellate>
					<outerBoundaryIs>
						<LinearRing>
							<coordinates>
								-71.59526845179816,-16.32156949461503,0 -71.59542774615193,-16.32193724801038,0 -71.59422967051245,-16.32193826379839,0 -71.59425957868835,-16.32157157824143,0 -71.59526845179816,-16.32156949461503,0 
							</coordinates>
						</LinearRing>
					</outerBoundaryIs>
				</Polygon>
			</Placemark>
			<Placemark>
				<name>1.4.169-19</name>
				<styleUrl>#msn_ylw-pushpin8503</styleUrl>
				<Polygon>
					<tessellate>1</tessellate>
					<outerBoundaryIs>
						<LinearRing>
							<coordinates>
								-71.59596984433401,-16.32209212970091,0 -71.59608223676179,-16.32259072935798,0 -71.59603053497679,-16.32260845226835,0 -71.59607348767717,-16.32282521821822,0 -71.59593247370867,-16.32291513049676,0 -71.59583184889846,-16.32284157354139,0 -71.59564132571944,-16.32215242632828,0 -71.59535862559002,-16.3216005095866,0 -71.5954427194611,-16.32155019448835,0 -71.59547837843731,-16.32157914055464,0 -71.59578579292079,-16.32154221548293,0 -71.59596984433401,-16.32209212970091,0 
							</coordinates>
						</LinearRing>
					</outerBoundaryIs>
				</Polygon>
			</Placemark>
			<Placemark>
				<name>1.4.169-20</name>
				<styleUrl>#msn_ylw-pushpin8503</styleUrl>
				<Polygon>
					<tessellate>1</tessellate>
					<outerBoundaryIs>
						<LinearRing>
							<coordinates>
								-71.59169540141228,-16.32238764154001,0 -71.59169555442345,-16.32203996595164,0 -71.59236507961064,-16.32204023337023,0 -71.59239788054833,-16.32240129551943,0 -71.59169540141228,-16.32238764154001,0 
							</coordinates>
						</LinearRing>
					</outerBoundaryIs>
				</Polygon>
			</Placemark>
			<Placemark>
				<name>1.4.169-21</name>
				<styleUrl>#msn_ylw-pushpin8503</styleUrl>
				<Polygon>
					<tessellate>1</tessellate>
					<outerBoundaryIs>
						<LinearRing>
							<coordinates>
								-71.59219760911714,-16.3215596578905,0 -71.59223737371507,-16.32191336456162,0 -71.59168897977349,-16.32191314464576,0 -71.59170648798086,-16.32156477243524,0 -71.59219760911714,-16.3215596578905,0 
							</coordinates>
						</LinearRing>
					</outerBoundaryIs>
				</Polygon>
			</Placemark>
			<Placemark>
				<name>1.4.170-1</name>
				<styleUrl>#msn_ylw-pushpin8503</styleUrl>
				<Polygon>
					<tessellate>1</tessellate>
					<outerBoundaryIs>
						<LinearRing>
							<coordinates>
								-71.5943392819911,-16.3264301487159,0 -71.59471055985831,-16.32671522083653,0 -71.59349749977254,-16.3274470532321,0 -71.59326885852364,-16.3270714402912,0 -71.5943392819911,-16.3264301487159,0 
							</coordinates>
						</LinearRing>
					</outerBoundaryIs>
				</Polygon>
			</Placemark>
			<Placemark>
				<name>1.4.170-2</name>
				<styleUrl>#msn_ylw-pushpin8503</styleUrl>
				<Polygon>
					<tessellate>1</tessellate>
					<outerBoundaryIs>
						<LinearRing>
							<coordinates>
								-71.59318671568592,-16.32712937205828,0 -71.59340055783564,-16.32749279381476,0 -71.59259265278281,-16.32796014168441,0 -71.59236921411943,-16.32759605267327,0 -71.59318671568592,-16.32712937205828,0 
							</coordinates>
						</LinearRing>
					</outerBoundaryIs>
				</Polygon>
			</Placemark>
			<Placemark>
				<name>1.4.170-3</name>
				<styleUrl>#msn_ylw-pushpin8503</styleUrl>
				<Polygon>
					<tessellate>1</tessellate>
					<outerBoundaryIs>
						<LinearRing>
							<coordinates>
								-71.59292359093621,-16.32671695176485,0 -71.59314226559854,-16.32705424455763,0 -71.59233510860567,-16.32753763825755,0 -71.59212671022593,-16.32718488707949,0 -71.59292359093621,-16.32671695176485,0 
							</coordinates>
						</LinearRing>
					</outerBoundaryIs>
				</Polygon>
			</Placemark>
			<Placemark>
				<name>1.4.170-4</name>
				<styleUrl>#msn_ylw-pushpin8503</styleUrl>
				<Polygon>
					<tessellate>1</tessellate>
					<outerBoundaryIs>
						<LinearRing>
							<coordinates>
								-71.59393709322558,-16.32611276886923,0 -71.59427634800414,-16.32637697014899,0 -71.59321915108387,-16.32699966125122,0 -71.59300647989259,-16.32666657809567,0 -71.59393709322558,-16.32611276886923,0 
							</coordinates>
						</LinearRing>
					</outerBoundaryIs>
				</Polygon>
			</Placemark>
			<Placemark>
				<name>1.4.170-5</name>
				<styleUrl>#msn_ylw-pushpin8503</styleUrl>
				<Polygon>
					<tessellate>1</tessellate>
					<outerBoundaryIs>
						<LinearRing>
							<coordinates>
								-71.59386283870641,-16.32606889592354,0 -71.59296862834805,-16.32658443816644,0 -71.59276887078994,-16.32627947565115,0 -71.5935218749924,-16.32581374412863,0 -71.59386283870641,-16.32606889592354,0 
							</coordinates>
						</LinearRing>
					</outerBoundaryIs>
				</Polygon>
			</Placemark>
			<Placemark>
				<name>1.4.170-6</name>
				<styleUrl>#msn_ylw-pushpin8503</styleUrl>
				<Polygon>
					<tessellate>1</tessellate>
					<outerBoundaryIs>
						<LinearRing>
							<coordinates>
								-71.59267655265762,-16.32634670199608,0 -71.59288836881537,-16.3266393264846,0 -71.59206318223326,-16.32712941847774,0 -71.59186212910974,-16.32679162045774,0 -71.59267655265762,-16.32634670199608,0 
							</coordinates>
						</LinearRing>
					</outerBoundaryIs>
				</Polygon>
			</Placemark>
			<Placemark>
				<name>1.4.170-7</name>
				<styleUrl>#msn_ylw-pushpin8503</styleUrl>
				<Polygon>
					<tessellate>1</tessellate>
					<outerBoundaryIs>
						<LinearRing>
							<coordinates>
								-71.59215019431308,-16.32627394515934,0 -71.59217591938732,-16.32652018453562,0 -71.59183422864538,-16.32671591315219,0 -71.59175399469973,-16.3265977618433,0 -71.59183667794619,-16.32532222056741,0 -71.59221928249029,-16.32533467868938,0 -71.59215019431308,-16.32627394515934,0 
							</coordinates>
						</LinearRing>
					</outerBoundaryIs>
				</Polygon>
			</Placemark>
			<Placemark>
				<name>1.4.170-8</name>
				<styleUrl>#msn_ylw-pushpin8503</styleUrl>
				<Polygon>
					<tessellate>1</tessellate>
					<outerBoundaryIs>
						<LinearRing>
							<coordinates>
								-71.59265580973207,-16.32625631681772,0 -71.59225040158549,-16.32648393612374,0 -71.59229960273154,-16.32532787111003,0 -71.59269099451527,-16.32535008654531,0 -71.59265580973207,-16.32625631681772,0 
							</coordinates>
						</LinearRing>
					</outerBoundaryIs>
				</Polygon>
			</Placemark>
			<Placemark>
				<name>1.4.170-10</name>
				<styleUrl>#msn_ylw-pushpin8503</styleUrl>
				<Polygon>
					<tessellate>1</tessellate>
					<outerBoundaryIs>
						<LinearRing>
							<coordinates>
								-71.59399963046523,-16.32609468635221,0 -71.59342247458761,-16.3253893280901,0 -71.5943956190993,-16.32541878123261,0 -71.59399963046523,-16.32609468635221,0 
							</coordinates>
						</LinearRing>
					</outerBoundaryIs>
				</Polygon>
			</Placemark>
			<Placemark>
				<name>1.4.170-11</name>
				<styleUrl>#msn_ylw-pushpin8503</styleUrl>
				<Polygon>
					<tessellate>1</tessellate>
					<outerBoundaryIs>
						<LinearRing>
							<coordinates>
								-71.59464579575035,-16.32499036100761,0 -71.59440649391485,-16.32536743208079,0 -71.59372713599777,-16.32533596521345,0 -71.59376374762712,-16.32495403519279,0 -71.59464579575035,-16.32499036100761,0 
							</coordinates>
						</LinearRing>
					</outerBoundaryIs>
				</Polygon>
			</Placemark>
			<Placemark>
				<name>1.4.170-12</name>
				<styleUrl>#msn_ylw-pushpin8503</styleUrl>
				<Polygon>
					<tessellate>1</tessellate>
					<outerBoundaryIs>
						<LinearRing>
							<coordinates>
								-71.59365793278351,-16.32495644443761,0 -71.59364396412367,-16.325321812367,0 -71.59278331196838,-16.32529020278921,0 -71.59279860519048,-16.32489527459168,0 -71.59365793278351,-16.32495644443761,0 
							</coordinates>
						</LinearRing>
					</outerBoundaryIs>
				</Polygon>
			</Placemark>
			<Placemark>
				<name>1.4.170-13</name>
				<styleUrl>#msn_ylw-pushpin8503</styleUrl>
				<Polygon>
					<tessellate>1</tessellate>
					<outerBoundaryIs>
						<LinearRing>
							<coordinates>
								-71.59270090700041,-16.32526822151501,0 -71.59182683739967,-16.3252265811297,0 -71.59187583430258,-16.32482090666036,0 -71.59271466928519,-16.32489524260367,0 -71.59270090700041,-16.32526822151501,0 
							</coordinates>
						</LinearRing>
					</outerBoundaryIs>
				</Polygon>
			</Placemark>
			<Placemark>
				<name>1.4.170-14</name>
				<styleUrl>#msn_ylw-pushpin8503</styleUrl>
				<Polygon>
					<tessellate>1</tessellate>
					<outerBoundaryIs>
						<LinearRing>
							<coordinates>
								-71.59272666556265,-16.32480479089262,0 -71.59186080302953,-16.32475604832213,0 -71.59191217679967,-16.32436998987905,0 -71.59274300362158,-16.32441879038484,0 -71.59272666556265,-16.32480479089262,0 
							</coordinates>
						</LinearRing>
					</outerBoundaryIs>
				</Polygon>
			</Placemark>
			<Placemark>
				<name>1.4.170-15</name>
				<styleUrl>#msn_ylw-pushpin8503</styleUrl>
				<Polygon>
					<tessellate>1</tessellate>
					<outerBoundaryIs>
						<LinearRing>
							<coordinates>
								-71.59369882620659,-16.32449060534809,0 -71.59367786579791,-16.32486033897542,0 -71.59282223476394,-16.32481194373673,0 -71.59282976852511,-16.32441878367889,0 -71.59369882620659,-16.32449060534809,0 
							</coordinates>
						</LinearRing>
					</outerBoundaryIs>
				</Polygon>
			</Placemark>
			<Placemark>
				<name>1.4.170-16</name>
				<styleUrl>#msn_ylw-pushpin8503</styleUrl>
				<Polygon>
					<tessellate>1</tessellate>
					<outerBoundaryIs>
						<LinearRing>
							<coordinates>
								-71.59491511351766,-16.32453486997741,0 -71.59469408397975,-16.32491803197098,0 -71.5937625802366,-16.32487203345179,0 -71.59380407800001,-16.32447614767115,0 -71.59491511351766,-16.32453486997741,0 
							</coordinates>
						</LinearRing>
					</outerBoundaryIs>
				</Polygon>
			</Placemark>
			<Placemark>
				<name>1.4.170-17</name>
				<styleUrl>#msn_ylw-pushpin8503</styleUrl>
				<Polygon>
					<tessellate>1</tessellate>
					<outerBoundaryIs>
						<LinearRing>
							<coordinates>
								-71.59501739096331,-16.32678471527305,0 -71.59413254949787,-16.3261001894499,0 -71.5943566658682,-16.32568990204134,0 -71.59532234839122,-16.32626917196916,0 -71.59501739096331,-16.32678471527305,0 
							</coordinates>
						</LinearRing>
					</outerBoundaryIs>
				</Polygon>
			</Placemark>
			<Placemark>
				<name>1.4.170-18</name>
				<styleUrl>#msn_ylw-pushpin8503</styleUrl>
				<Polygon>
					<tessellate>1</tessellate>
					<outerBoundaryIs>
						<LinearRing>
							<coordinates>
								-71.59523754635781,-16.3260855714322,0 -71.59438883896172,-16.32559191838783,0 -71.59550505652463,-16.32379814725415,0 -71.5962966219705,-16.3243678501162,0 -71.59523754635781,-16.3260855714322,0 
							</coordinates>
						</LinearRing>
					</outerBoundaryIs>
				</Polygon>
			</Placemark>
			<Placemark>
				<name>1.4.173-1</name>
				<styleUrl>#msn_ylw-pushpin8503</styleUrl>
				<Polygon>
					<tessellate>1</tessellate>
					<outerBoundaryIs>
						<LinearRing>
							<coordinates>
								-71.5910363550875,-16.3314960757805,0 -71.5908773799497,-16.33147580101266,0 -71.59081428139319,-16.33155017555005,0 -71.59002418710395,-16.33197909572939,0 -71.58974127817748,-16.33197469632251,0 -71.58931734711054,-16.33220773953383,0 -71.5890839039601,-16.3317990625152,0 -71.5886233640791,-16.33100035263239,0 -71.58932562562214,-16.33040761170458,0 -71.58981662446146,-16.33005376982653,0 -71.59079339215353,-16.32944405607147,0 -71.59106078199946,-16.33022408296385,0 -71.59119337105005,-16.33078968567231,0 -71.59137184203063,-16.33083103806029,0 -71.59317399117924,-16.33085632939394,0 -71.59308438211328,-16.331141027026,0 -71.5910363550875,-16.3314960757805,0 
							</coordinates>
						</LinearRing>
					</outerBoundaryIs>
				</Polygon>
			</Placemark>
			<Placemark>
				<name>1.4.173-2</name>
				<styleUrl>#msn_ylw-pushpin8503</styleUrl>
				<Polygon>
					<tessellate>1</tessellate>
					<outerBoundaryIs>
						<LinearRing>
							<coordinates>
								-71.58919351175361,-16.33203644830455,0 -71.58930369775946,-16.33223708815053,0 -71.58890987478811,-16.33246276656151,0 -71.58860881853751,-16.33261447367238,0 -71.58854860926309,-16.3325194516383,0 -71.58851366661324,-16.33241281598433,0 -71.58919351175361,-16.33203644830455,0 
							</coordinates>
						</LinearRing>
					</outerBoundaryIs>
				</Polygon>
			</Placemark>
			<Placemark>
				<name>1.4.173-3</name>
				<styleUrl>#msn_ylw-pushpin8503</styleUrl>
				<Polygon>
					<tessellate>1</tessellate>
					<outerBoundaryIs>
						<LinearRing>
							<coordinates>
								-71.58850538517595,-16.33236540185674,0 -71.58845000184485,-16.33218477309297,0 -71.58843725383248,-16.33199583472312,0 -71.58899868343144,-16.33168814668594,0 -71.58917498330513,-16.33200070984419,0 -71.58850538517595,-16.33236540185674,0 
							</coordinates>
						</LinearRing>
					</outerBoundaryIs>
				</Polygon>
			</Placemark>
			<Placemark>
				<name>1.4.173-4</name>
				<styleUrl>#msn_ylw-pushpin8503</styleUrl>
				<Polygon>
					<tessellate>1</tessellate>
					<outerBoundaryIs>
						<LinearRing>
							<coordinates>
								-71.58897141542198,-16.33167486697607,0 -71.58842790671275,-16.3319664924194,0 -71.58841929475484,-16.33185802391721,0 -71.58840259388559,-16.3317765114055,0 -71.5889003347679,-16.33151071525408,0 -71.58897141542198,-16.33167486697607,0 
							</coordinates>
						</LinearRing>
					</outerBoundaryIs>
				</Polygon>
			</Placemark>
			<Placemark>
				<name>1.4.173-5</name>
				<styleUrl>#msn_ylw-pushpin8503</styleUrl>
				<Polygon>
					<tessellate>1</tessellate>
					<outerBoundaryIs>
						<LinearRing>
							<coordinates>
								-71.58887813155347,-16.33147694745396,0 -71.5883962676042,-16.33174161051883,0 -71.58819673364752,-16.33135994479946,0 -71.58858646082025,-16.3309923870121,0 -71.58887813155347,-16.33147694745396,0 
							</coordinates>
						</LinearRing>
					</outerBoundaryIs>
				</Polygon>
			</Placemark>
			<Placemark>
				<name>1.4.173-6</name>
				<styleUrl>#msn_ylw-pushpin8503</styleUrl>
				<Polygon>
					<tessellate>1</tessellate>
					<outerBoundaryIs>
						<LinearRing>
							<coordinates>
								-71.59134826011619,-16.33069476669098,0 -71.59124885110259,-16.33061548529974,0 -71.59088525071455,-16.32938178791872,0 -71.59122219928523,-16.32917501508634,0 -71.59163053800552,-16.33061230828208,0 -71.59155768628854,-16.33072742354977,0 -71.59134826011619,-16.33069476669098,0 
							</coordinates>
						</LinearRing>
					</outerBoundaryIs>
				</Polygon>
			</Placemark>
			<Placemark>
				<name>1.4.173-7</name>
				<styleUrl>#msn_ylw-pushpin8503</styleUrl>
				<Polygon>
					<tessellate>1</tessellate>
					<outerBoundaryIs>
						<LinearRing>
							<coordinates>
								-71.5917277320995,-16.33073073627858,0 -71.59127266956686,-16.32914738112857,0 -71.59176570569747,-16.32885721678935,0 -71.5918706269448,-16.33074697016074,0 -71.5917277320995,-16.33073073627858,0 
							</coordinates>
						</LinearRing>
					</outerBoundaryIs>
				</Polygon>
			</Placemark>
			<Placemark>
				<name>1.4.173-8</name>
				<styleUrl>#msn_ylw-pushpin8503</styleUrl>
				<Polygon>
					<tessellate>1</tessellate>
					<outerBoundaryIs>
						<LinearRing>
							<coordinates>
								-71.59196531827072,-16.33072253730846,0 -71.59189423910689,-16.32879885285961,0 -71.59249831357926,-16.32838801985658,0 -71.59275258292361,-16.32886076670587,0 -71.59290606287689,-16.32950329864846,0 -71.59355929080512,-16.32992637540261,0 -71.59318633775216,-16.33079601513964,0 -71.59196531827072,-16.33072253730846,0 
							</coordinates>
						</LinearRing>
					</outerBoundaryIs>
				</Polygon>
			</Placemark>
			<Placemark>
				<name>1.4.173-9</name>
				<styleUrl>#msn_ylw-pushpin8503</styleUrl>
				<Polygon>
					<tessellate>1</tessellate>
					<outerBoundaryIs>
						<LinearRing>
							<coordinates>
								-71.59360212502112,-16.32978755303715,0 -71.593012599068,-16.32943613722063,0 -71.59266601725244,-16.32833518670936,0 -71.59393832473022,-16.32757874708906,0 -71.59442196897423,-16.32788381422506,0 -71.59360212502112,-16.32978755303715,0 
							</coordinates>
						</LinearRing>
					</outerBoundaryIs>
				</Polygon>
			</Placemark>
			<Placemark>
				<name>1.4.173-10</name>
				<styleUrl>#msn_ylw-pushpin8503</styleUrl>
				<Polygon>
					<tessellate>1</tessellate>
					<outerBoundaryIs>
						<LinearRing>
							<coordinates>
								-71.59192478339165,-16.33387199960465,0 -71.59111498620622,-16.33254109475186,0 -71.59154873347595,-16.33151269222471,0 -71.59297505984276,-16.33137400903798,0 -71.59192478339165,-16.33387199960465,0 
							</coordinates>
						</LinearRing>
					</outerBoundaryIs>
				</Polygon>
			</Placemark>
			<Placemark>
				<name>1.4.175-1</name>
				<styleUrl>#msn_ylw-pushpin8503</styleUrl>
				<Polygon>
					<tessellate>1</tessellate>
					<outerBoundaryIs>
						<LinearRing>
							<coordinates>
								-71.59025896816598,-16.33474905659925,0 -71.58956347165335,-16.33654358742938,0 -71.58925584243799,-16.33643407200416,0 -71.58996909057649,-16.33463040287481,0 -71.59025896816598,-16.33474905659925,0 
							</coordinates>
						</LinearRing>
					</outerBoundaryIs>
				</Polygon>
			</Placemark>
			<Placemark>
				<name>1.4.175-2</name>
				<styleUrl>#msn_ylw-pushpin8503</styleUrl>
				<Polygon>
					<tessellate>1</tessellate>
					<outerBoundaryIs>
						<LinearRing>
							<coordinates>
								-71.58966522408596,-16.33644010839521,0 -71.59043915989251,-16.33672754950059,0 -71.5903920048996,-16.3368448650392,0 -71.5896231690546,-16.33656221158129,0 -71.58966522408596,-16.33644010839521,0 
							</coordinates>
						</LinearRing>
					</outerBoundaryIs>
				</Polygon>
			</Placemark>
			<Placemark>
				<name>1.4.175-3</name>
				<styleUrl>#msn_ylw-pushpin8503</styleUrl>
				<Polygon>
					<tessellate>1</tessellate>
					<outerBoundaryIs>
						<LinearRing>
							<coordinates>
								-71.59056259030214,-16.33638466239798,0 -71.59045985231172,-16.33665991784544,0 -71.58969394784222,-16.33638838554206,0 -71.58980727050978,-16.33611468999096,0 -71.59056259030214,-16.33638466239798,0 
							</coordinates>
						</LinearRing>
					</outerBoundaryIs>
				</Polygon>
			</Placemark>
			<Placemark>
				<name>1.4.175-4</name>
				<styleUrl>#msn_ylw-pushpin8503</styleUrl>
				<Polygon>
					<tessellate>1</tessellate>
					<outerBoundaryIs>
						<LinearRing>
							<coordinates>
								-71.59059677208404,-16.33632665292241,0 -71.58983019474428,-16.33605974518872,0 -71.58993080385709,-16.33579907273831,0 -71.59069718550217,-16.33606180669375,0 -71.59059677208404,-16.33632665292241,0 
							</coordinates>
						</LinearRing>
					</outerBoundaryIs>
				</Polygon>
			</Placemark>
			<Placemark>
				<name>1.4.175-5</name>
				<styleUrl>#msn_ylw-pushpin8503</styleUrl>
				<Polygon>
					<tessellate>1</tessellate>
					<outerBoundaryIs>
						<LinearRing>
							<coordinates>
								-71.59072443045835,-16.3360018945744,0 -71.58994202338806,-16.33573259643056,0 -71.59004293999317,-16.33546317566977,0 -71.59081945672449,-16.33571846850092,0 -71.59072443045835,-16.3360018945744,0 
							</coordinates>
						</LinearRing>
					</outerBoundaryIs>
				</Polygon>
			</Placemark>
			<Placemark>
				<name>1.4.175-6</name>
				<styleUrl>#msn_ylw-pushpin8503</styleUrl>
				<Polygon>
					<tessellate>1</tessellate>
					<outerBoundaryIs>
						<LinearRing>
							<coordinates>
								-71.59083416461135,-16.3356710714298,0 -71.59007002475752,-16.33538285745005,0 -71.5901757224282,-16.33512727288549,0 -71.59094248701658,-16.33540933137168,0 -71.59083416461135,-16.3356710714298,0 
							</coordinates>
						</LinearRing>
					</outerBoundaryIs>
				</Polygon>
			</Placemark>
			<Placemark>
				<name>1.4.175-7</name>
				<styleUrl>#msn_ylw-pushpin8503</styleUrl>
				<Polygon>
					<tessellate>1</tessellate>
					<outerBoundaryIs>
						<LinearRing>
							<coordinates>
								-71.59108725837753,-16.33505079392583,0 -71.59096267340905,-16.33534800674409,0 -71.59081797608263,-16.33530047262155,0 -71.59091780345929,-16.33508765968369,0 -71.59074277886933,-16.33481089750478,0 -71.59070150118724,-16.33488961134773,0 -71.59053834383296,-16.33482785317105,0 -71.5906750104038,-16.33442900527301,0 -71.59108725837753,-16.33505079392583,0 
							</coordinates>
						</LinearRing>
					</outerBoundaryIs>
				</Polygon>
			</Placemark>
			<Placemark>
				<name>1.4.175-8</name>
				<styleUrl>#msn_ylw-pushpin8503</styleUrl>
				<Polygon>
					<tessellate>1</tessellate>
					<outerBoundaryIs>
						<LinearRing>
							<coordinates>
								-71.59054853216803,-16.3342346548548,0 -71.59064848908048,-16.33438462962172,0 -71.59037052842311,-16.3351264252614,0 -71.59021161469319,-16.33507431687356,0 -71.59054853216803,-16.3342346548548,0 
							</coordinates>
						</LinearRing>
					</outerBoundaryIs>
				</Polygon>
			</Placemark>
			<Placemark>
				<name>1.4.175-9</name>
				<styleUrl>#msn_ylw-pushpin8503</styleUrl>
				<Polygon>
					<tessellate>1</tessellate>
					<outerBoundaryIs>
						<LinearRing>
							<coordinates>
								-71.59029255664075,-16.33465860388937,0 -71.59004045371371,-16.33454066609916,0 -71.59032193977154,-16.33384011851848,0 -71.59054486067323,-16.33378652185125,0 -71.59061460870858,-16.33392845340427,0 -71.59029255664075,-16.33465860388937,0 
							</coordinates>
						</LinearRing>
					</outerBoundaryIs>
				</Polygon>
			</Placemark>
			<Placemark>
				<name>1.4.175-10</name>
				<styleUrl>#msn_ylw-pushpin8503</styleUrl>
				<Polygon>
					<tessellate>1</tessellate>
					<outerBoundaryIs>
						<LinearRing>
							<coordinates>
								-71.59147541789993,-16.33517210370317,0 -71.59135019416675,-16.33548197686418,0 -71.59103842716914,-16.33537037023129,0 -71.59116540641732,-16.33502847239757,0 -71.59055933787212,-16.33412695573016,0 -71.59064847900268,-16.3339724436404,0 -71.59147541789993,-16.33517210370317,0 
							</coordinates>
						</LinearRing>
					</outerBoundaryIs>
				</Polygon>
			</Placemark>
			<Placemark>
				<name>1.4.175-11</name>
				<styleUrl>#msn_ylw-pushpin8503</styleUrl>
				<Polygon>
					<tessellate>1</tessellate>
					<outerBoundaryIs>
						<LinearRing>
							<coordinates>
								-71.59101912857015,-16.33629939602943,0 -71.59071854606331,-16.33619392626517,0 -71.59099251843929,-16.33544322883946,0 -71.59132863528973,-16.3355682701511,0 -71.59101912857015,-16.33629939602943,0 
							</coordinates>
						</LinearRing>
					</outerBoundaryIs>
				</Polygon>
			</Placemark>
			<Placemark>
				<name>1.4.175-12</name>
				<styleUrl>#msn_ylw-pushpin8503</styleUrl>
				<Polygon>
					<tessellate>1</tessellate>
					<outerBoundaryIs>
						<LinearRing>
							<coordinates>
								-71.59075707062145,-16.33697760824102,0 -71.59045757349884,-16.33686955986543,0 -71.59068108071378,-16.33625679193497,0 -71.59098371834494,-16.33636132407573,0 -71.59075707062145,-16.33697760824102,0 
							</coordinates>
						</LinearRing>
					</outerBoundaryIs>
				</Polygon>
			</Placemark>
			<Placemark>
				<name>1.4.175-13</name>
				<styleUrl>#msn_ylw-pushpin8503</styleUrl>
				<Polygon>
					<tessellate>1</tessellate>
					<outerBoundaryIs>
						<LinearRing>
							<coordinates>
								-71.58945561614121,-16.3343556338881,0 -71.5885807030934,-16.33267874463169,0 -71.58950066126997,-16.3321603603485,0 -71.58960525611906,-16.33234942717812,0 -71.58895132695672,-16.33277035186769,0 -71.58930141631224,-16.33338498704777,0 -71.58920317398002,-16.33347022416465,0 -71.58945094221112,-16.33404062120583,0 -71.58953750713216,-16.33409315186558,0 -71.58974690545803,-16.33384745468111,0 -71.58936530266386,-16.33335600734586,0 -71.58904354256512,-16.33277207333351,0 -71.58945970934769,-16.33247541316924,0 -71.59026645146963,-16.33373188043157,0 -71.58960703027927,-16.33440118418492,0 -71.58945561614121,-16.3343556338881,0 
							</coordinates>
						</LinearRing>
					</outerBoundaryIs>
				</Polygon>
			</Placemark>
			<Placemark>
				<name>1.4.176-2</name>
				<styleUrl>#msn_ylw-pushpin8503</styleUrl>
				<Polygon>
					<tessellate>1</tessellate>
					<outerBoundaryIs>
						<LinearRing>
							<coordinates>
								-71.58972327088162,-16.33872055777571,0 -71.58842774825456,-16.3382436085645,0 -71.58851515820947,-16.33789973173805,0 -71.58985930049155,-16.33841189869834,0 -71.58972327088162,-16.33872055777571,0 
							</coordinates>
						</LinearRing>
					</outerBoundaryIs>
				</Polygon>
			</Placemark>
			<Placemark>
				<name>1.4.176-3</name>
				<styleUrl>#msn_ylw-pushpin8503</styleUrl>
				<Polygon>
					<tessellate>1</tessellate>
					<outerBoundaryIs>
						<LinearRing>
							<coordinates>
								-71.59024987550873,-16.33808779692051,0 -71.59012128514304,-16.33840272066061,0 -71.58932382980689,-16.3381064566836,0 -71.58946139297231,-16.33778491519108,0 -71.59024987550873,-16.33808779692051,0 
							</coordinates>
						</LinearRing>
					</outerBoundaryIs>
				</Polygon>
			</Placemark>
			<Placemark>
				<name>1.4.176-4</name>
				<styleUrl>#msn_ylw-pushpin8503</styleUrl>
				<Polygon>
					<tessellate>1</tessellate>
					<outerBoundaryIs>
						<LinearRing>
							<coordinates>
								-71.59064439454335,-16.33727767266711,0 -71.59032778992673,-16.33806706072468,0 -71.59000085450508,-16.33795751894161,0 -71.59030164687491,-16.33715868791419,0 -71.59064439454335,-16.33727767266711,0 
							</coordinates>
						</LinearRing>
					</outerBoundaryIs>
				</Polygon>
			</Placemark>
			<Placemark>
				<name>1.4.176-7</name>
				<styleUrl>#msn_ylw-pushpin8503</styleUrl>
				<Polygon>
					<tessellate>1</tessellate>
					<outerBoundaryIs>
						<LinearRing>
							<coordinates>
								-71.58928945823061,-16.33808408634781,0 -71.58895376861341,-16.33795850233397,0 -71.58926408554996,-16.33720788313534,0 -71.58959449448051,-16.33731528338252,0 -71.58928945823061,-16.33808408634781,0 
							</coordinates>
						</LinearRing>
					</outerBoundaryIs>
				</Polygon>
			</Placemark>
			<Placemark>
				<name>1.4.176-8</name>
				<styleUrl>#msn_ylw-pushpin8503</styleUrl>
				<Polygon>
					<tessellate>1</tessellate>
					<outerBoundaryIs>
						<LinearRing>
							<coordinates>
								-71.59014005213615,-16.33748241972553,0 -71.58927531514168,-16.33716549724777,0 -71.58941260366154,-16.33685235534212,0 -71.5902747770547,-16.33714759189948,0 -71.59014005213615,-16.33748241972553,0 
							</coordinates>
						</LinearRing>
					</outerBoundaryIs>
				</Polygon>
			</Placemark>
			<Placemark>
				<name>1.4.176-9</name>
				<styleUrl>#msn_ylw-pushpin8503</styleUrl>
				<Polygon>
					<tessellate>1</tessellate>
					<outerBoundaryIs>
						<LinearRing>
							<coordinates>
								-71.59067713111224,-16.33720678237114,0 -71.58916656531601,-16.33664366899949,0 -71.5892500381164,-16.3364623747783,0 -71.59075049998636,-16.33700958542318,0 -71.59067713111224,-16.33720678237114,0 
							</coordinates>
						</LinearRing>
					</outerBoundaryIs>
				</Polygon>
			</Placemark>
			<Placemark>
				<name>1.4.176-10</name>
				<styleUrl>#msn_ylw-pushpin8503</styleUrl>
				<Polygon>
					<tessellate>1</tessellate>
					<outerBoundaryIs>
						<LinearRing>
							<coordinates>
								-71.58930631684949,-16.33680876786418,0 -71.58884867383479,-16.33792993724053,0 -71.5885134002031,-16.33779913588198,0 -71.58898042606283,-16.33667673084626,0 -71.58930631684949,-16.33680876786418,0 
							</coordinates>
						</LinearRing>
					</outerBoundaryIs>
				</Polygon>
			</Placemark>
			<Placemark>
				<name>1.4.176-12</name>
				<styleUrl>#msn_ylw-pushpin8503</styleUrl>
				<Polygon>
					<tessellate>1</tessellate>
					<outerBoundaryIs>
						<LinearRing>
							<coordinates>
								-71.58906184677691,-16.33566739628356,0 -71.58937882938388,-16.33485507356592,0 -71.58971854299875,-16.33500059298053,0 -71.58922618958751,-16.33623149133246,0 -71.58896111550179,-16.33613053347602,0 -71.58906184677691,-16.33566739628356,0 
							</coordinates>
						</LinearRing>
					</outerBoundaryIs>
				</Polygon>
			</Placemark>
			<Placemark>
				<name>1.4.176-13</name>
				<styleUrl>#msn_ylw-pushpin8503</styleUrl>
				<Polygon>
					<tessellate>1</tessellate>
					<outerBoundaryIs>
						<LinearRing>
							<coordinates>
								-71.58937008135173,-16.33440605626035,0 -71.58987372398803,-16.33459788701391,0 -71.58974826372645,-16.33490523759403,0 -71.58927681819604,-16.33473166567713,0 -71.58937008135173,-16.33440605626035,0 
							</coordinates>
						</LinearRing>
					</outerBoundaryIs>
				</Polygon>
			</Placemark>
			<Placemark>
				<name>1.4.177-1</name>
				<styleUrl>#msn_ylw-pushpin8503</styleUrl>
				<Polygon>
					<tessellate>1</tessellate>
					<outerBoundaryIs>
						<LinearRing>
							<coordinates>
								-71.58777508022938,-16.33860750987052,0 -71.58786790761123,-16.33823821990034,0 -71.58834115495387,-16.33833890245065,0 -71.58849593293755,-16.33842988991355,0 -71.58825232203897,-16.33860120381792,0 -71.58777508022938,-16.33860750987052,0 
							</coordinates>
						</LinearRing>
					</outerBoundaryIs>
				</Polygon>
			</Placemark>
			<Placemark>
				<name>1.4.177-2</name>
				<styleUrl>#msn_ylw-pushpin8503</styleUrl>
				<Polygon>
					<tessellate>1</tessellate>
					<outerBoundaryIs>
						<LinearRing>
							<coordinates>
								-71.58793355551994,-16.33816545223658,0 -71.58834185684876,-16.33647327345176,0 -71.58874434876425,-16.33658005895106,0 -71.58833516046508,-16.33825896190953,0 -71.58793355551994,-16.33816545223658,0 
							</coordinates>
						</LinearRing>
					</outerBoundaryIs>
				</Polygon>
			</Placemark>
			<Placemark>
				<name>1.4.177-3</name>
				<styleUrl>#msn_ylw-pushpin8503</styleUrl>
				<Polygon>
					<tessellate>1</tessellate>
					<outerBoundaryIs>
						<LinearRing>
							<coordinates>
								-71.58876638806441,-16.33650501772728,0 -71.58836792976274,-16.33641354063121,0 -71.58870245605432,-16.33535178344506,0 -71.58905067441667,-16.33543353050517,0 -71.58876638806441,-16.33650501772728,0 
							</coordinates>
						</LinearRing>
					</outerBoundaryIs>
				</Polygon>
			</Placemark>
			<Placemark>
				<name>1.4.177-4</name>
				<styleUrl>#msn_ylw-pushpin8503</styleUrl>
				<Polygon>
					<tessellate>1</tessellate>
					<outerBoundaryIs>
						<LinearRing>
							<coordinates>
								-71.58888737418911,-16.33440698714323,0 -71.58932373562882,-16.33427689741398,0 -71.58904636312762,-16.33537650468961,0 -71.58872878823814,-16.33529683537015,0 -71.58888737418911,-16.33440698714323,0 
							</coordinates>
						</LinearRing>
					</outerBoundaryIs>
				</Polygon>
			</Placemark>
			<Placemark>
				<name>1.4.178-1</name>
				<styleUrl>#msn_ylw-pushpin8503</styleUrl>
				<Polygon>
					<tessellate>1</tessellate>
					<outerBoundaryIs>
						<LinearRing>
							<coordinates>
								-71.58931604593104,-16.33422455564236,0 -71.58901537905548,-16.33431658008003,0 -71.58895759684512,-16.33429624651292,0 -71.5888863160212,-16.33414996822218,0 -71.58881492414555,-16.33400055359941,0 -71.58874290500503,-16.33388117057706,0 -71.58866067704504,-16.33373938761835,0 -71.58856000699386,-16.33356823893507,0 -71.58846640081534,-16.33342864554649,0 -71.5883955237078,-16.3332529785609,0 -71.58827706169993,-16.33306204060976,0 -71.58859918593008,-16.33290675079526,0 -71.58888615107293,-16.33342580654887,0 -71.58917181426327,-16.33392914962106,0 -71.58931604593104,-16.33422455564236,0 
							</coordinates>
						</LinearRing>
					</outerBoundaryIs>
				</Polygon>
			</Placemark>
			<Placemark>
				<name>1.4.178-2</name>
				<styleUrl>#msn_ylw-pushpin8503</styleUrl>
				<Polygon>
					<tessellate>1</tessellate>
					<outerBoundaryIs>
						<LinearRing>
							<coordinates>
								-71.58852171522122,-16.33448048904859,0 -71.58822275894067,-16.3340378552705,0 -71.58835239980552,-16.33395911945053,0 -71.58817338199999,-16.33365291608669,0 -71.58822064791818,-16.3336451443618,0 -71.58821421237604,-16.33348635852093,0 -71.58822539401527,-16.33343857536463,0 -71.58838603095865,-16.33336608593202,0 -71.58843011393495,-16.33346594806008,0 -71.58850830723927,-16.33358164261299,0 -71.58864779600786,-16.33382325892693,0 -71.58889064841827,-16.33427282629641,0 -71.58852171522122,-16.33448048904859,0 
							</coordinates>
						</LinearRing>
					</outerBoundaryIs>
				</Polygon>
			</Placemark>
			<Placemark>
				<name>1.4.178-3</name>
				<styleUrl>#msn_ylw-pushpin8503</styleUrl>
				<Polygon>
					<tessellate>1</tessellate>
					<outerBoundaryIs>
						<LinearRing>
							<coordinates>
								-71.58850972671891,-16.33277956528806,0 -71.58817999551336,-16.33295000889783,0 -71.58809064913157,-16.33280018176105,0 -71.58814203399287,-16.33265806038146,0 -71.58821886032204,-16.33240937432049,0 -71.58820264266629,-16.33221931223092,0 -71.58839475310856,-16.33221075380505,0 -71.5884511484834,-16.33248001331182,0 -71.58847427630134,-16.33264925502319,0 -71.58850972671891,-16.33277956528806,0 
							</coordinates>
						</LinearRing>
					</outerBoundaryIs>
				</Polygon>
			</Placemark>
			<Placemark>
				<name>1.4.179-2</name>
				<styleUrl>#msn_ylw-pushpin8503</styleUrl>
				<Polygon>
					<tessellate>1</tessellate>
					<outerBoundaryIs>
						<LinearRing>
							<coordinates>
								-71.58813905883929,-16.33090895479711,0 -71.58798805001868,-16.33101042637916,0 -71.5875486782144,-16.32986375900483,0 -71.58776243106972,-16.32977250151923,0 -71.58813905883929,-16.33090895479711,0 
							</coordinates>
						</LinearRing>
					</outerBoundaryIs>
				</Polygon>
			</Placemark>
			<Placemark>
				<name>1.4.179-3</name>
				<styleUrl>#msn_ylw-pushpin8503</styleUrl>
				<Polygon>
					<tessellate>1</tessellate>
					<outerBoundaryIs>
						<LinearRing>
							<coordinates>
								-71.58774021414304,-16.32976183075742,0 -71.5873723881311,-16.3297988215283,0 -71.58736799569498,-16.32957372742378,0 -71.58743747645107,-16.32919577987711,0 -71.58765191448877,-16.32912424985108,0 -71.58783045056913,-16.32908691783193,0 -71.58774021414304,-16.32976183075742,0 
							</coordinates>
						</LinearRing>
					</outerBoundaryIs>
				</Polygon>
			</Placemark>
			<Placemark>
				<name>1.4.179-4</name>
				<styleUrl>#msn_ylw-pushpin8503</styleUrl>
				<Polygon>
					<tessellate>1</tessellate>
					<outerBoundaryIs>
						<LinearRing>
							<coordinates>
								-71.58781723486226,-16.32903901561206,0 -71.58759222151679,-16.3290960702874,0 -71.58743562434393,-16.32851263895868,0 -71.58741088257283,-16.32784449201584,0 -71.58681434197449,-16.32642084177486,0 -71.58698191442745,-16.32641408230686,0 -71.58715896642762,-16.32634621546445,0 -71.58750690395323,-16.32726188990469,0 -71.58757994842854,-16.3277808081466,0 -71.5875715082615,-16.3283103001923,0 -71.58760971165607,-16.32869014332882,0 -71.58781723486226,-16.32903901561206,0 
							</coordinates>
						</LinearRing>
					</outerBoundaryIs>
				</Polygon>
			</Placemark>
			<Placemark>
				<name>1.4.180-1</name>
				<styleUrl>#msn_ylw-pushpin8503</styleUrl>
				<Polygon>
					<tessellate>1</tessellate>
					<outerBoundaryIs>
						<LinearRing>
							<coordinates>
								-71.59089998024854,-16.32862340057389,0 -71.59108099149228,-16.3289768711324,0 -71.59072439519929,-16.32917531453082,0 -71.59061675446398,-16.32899342890253,0 -71.59059935952884,-16.32880807005732,0 -71.59058391018296,-16.32851537520626,0 -71.59032157597444,-16.32819889703817,0 -71.59052740664036,-16.32802330728169,0 -71.59089998024854,-16.32862340057389,0 
							</coordinates>
						</LinearRing>
					</outerBoundaryIs>
				</Polygon>
			</Placemark>
			<Placemark>
				<name>1.4.180-2</name>
				<styleUrl>#msn_ylw-pushpin8503</styleUrl>
				<Polygon>
					<tessellate>1</tessellate>
					<outerBoundaryIs>
						<LinearRing>
							<coordinates>
								-71.59051086532222,-16.32796073144742,0 -71.59027854168349,-16.32817219520028,0 -71.59006575908437,-16.32792309972482,0 -71.58979959665284,-16.32728639274965,0 -71.58998317854565,-16.32712246928587,0 -71.59051086532222,-16.32796073144742,0 
							</coordinates>
						</LinearRing>
					</outerBoundaryIs>
				</Polygon>
			</Placemark>
			<Placemark>
				<name>1.4.181-1</name>
				<styleUrl>#msn_ylw-pushpin8503</styleUrl>
				<Polygon>
					<tessellate>1</tessellate>
					<outerBoundaryIs>
						<LinearRing>
							<coordinates>
								-71.59206289176593,-16.32777420660593,0 -71.5922971850958,-16.32812698554163,0 -71.59168584614294,-16.32845426516787,0 -71.59145962999391,-16.32810618710231,0 -71.59206289176593,-16.32777420660593,0 
							</coordinates>
						</LinearRing>
					</outerBoundaryIs>
				</Polygon>
			</Placemark>
			<Placemark>
				<name>1.4.181-2</name>
				<styleUrl>#msn_ylw-pushpin8503</styleUrl>
				<Polygon>
					<tessellate>1</tessellate>
					<outerBoundaryIs>
						<LinearRing>
							<coordinates>
								-71.59181604264592,-16.32737021259154,0 -71.5920256924108,-16.32770681841677,0 -71.59140664301918,-16.32803571713848,0 -71.59121365869571,-16.32771150172587,0 -71.59181604264592,-16.32737021259154,0 
							</coordinates>
						</LinearRing>
					</outerBoundaryIs>
				</Polygon>
			</Placemark>
			<Placemark>
				<name>1.4.181-3</name>
				<styleUrl>#msn_ylw-pushpin8503</styleUrl>
				<Polygon>
					<tessellate>1</tessellate>
					<outerBoundaryIs>
						<LinearRing>
							<coordinates>
								-71.59134504548534,-16.32809867216578,0 -71.5908722175801,-16.32839316006415,0 -71.59067645820078,-16.32804979642309,0 -71.5911457581132,-16.32776512021604,0 -71.59134504548534,-16.32809867216578,0 
							</coordinates>
						</LinearRing>
					</outerBoundaryIs>
				</Polygon>
			</Placemark>
			<Placemark>
				<name>1.4.181-4</name>
				<styleUrl>#msn_ylw-pushpin8503</styleUrl>
				<Polygon>
					<tessellate>1</tessellate>
					<outerBoundaryIs>
						<LinearRing>
							<coordinates>
								-71.59111039220052,-16.32768381027019,0 -71.59063006590237,-16.32797927613994,0 -71.59043579377021,-16.32764144246743,0 -71.59090864512821,-16.3273501853109,0 -71.59111039220052,-16.32768381027019,0 
							</coordinates>
						</LinearRing>
					</outerBoundaryIs>
				</Polygon>
			</Placemark>
			<Placemark>
				<name>1.4.181-5</name>
				<styleUrl>#msn_ylw-pushpin8503</styleUrl>
				<Polygon>
					<tessellate>1</tessellate>
					<outerBoundaryIs>
						<LinearRing>
							<coordinates>
								-71.59097388727777,-16.32730108582637,0 -71.59158446753173,-16.32697667150557,0 -71.59176198515421,-16.32730151096866,0 -71.59115754540971,-16.32762924234061,0 -71.59097388727777,-16.32730108582637,0 
							</coordinates>
						</LinearRing>
					</outerBoundaryIs>
				</Polygon>
			</Placemark>
			<Placemark>
				<name>1.4.181-6</name>
				<styleUrl>#msn_ylw-pushpin8503</styleUrl>
				<Polygon>
					<tessellate>1</tessellate>
					<outerBoundaryIs>
						<LinearRing>
							<coordinates>
								-71.59131543580376,-16.32656876672111,0 -71.59153654092579,-16.32690861986858,0 -71.59093148796057,-16.32723110893562,0 -71.59072378769248,-16.32688096665692,0 -71.59131543580376,-16.32656876672111,0 
							</coordinates>
						</LinearRing>
					</outerBoundaryIs>
				</Polygon>
			</Placemark>
			<Placemark>
				<name>1.4.181-7</name>
				<styleUrl>#msn_ylw-pushpin8503</styleUrl>
				<Polygon>
					<tessellate>1</tessellate>
					<outerBoundaryIs>
						<LinearRing>
							<coordinates>
								-71.59066483977234,-16.32692743721059,0 -71.59087029606796,-16.32727698286409,0 -71.59038684038002,-16.32757675579522,0 -71.59017160360499,-16.32722247825044,0 -71.59066483977234,-16.32692743721059,0 
							</coordinates>
						</LinearRing>
					</outerBoundaryIs>
				</Polygon>
			</Placemark>
			<Placemark>
				<name>1.4.181-8</name>
				<styleUrl>#msn_ylw-pushpin8503</styleUrl>
				<Polygon>
					<tessellate>1</tessellate>
					<outerBoundaryIs>
						<LinearRing>
							<coordinates>
								-71.5904346388914,-16.32654682404547,0 -71.59064239537516,-16.32687973062766,0 -71.59014157736843,-16.32716214469249,0 -71.5899296762051,-16.32680987911389,0 -71.5904346388914,-16.32654682404547,0 
							</coordinates>
						</LinearRing>
					</outerBoundaryIs>
				</Polygon>
			</Placemark>
			<Placemark>
				<name>1.4.181-9</name>
				<styleUrl>#msn_ylw-pushpin8503</styleUrl>
				<Polygon>
					<tessellate>1</tessellate>
					<outerBoundaryIs>
						<LinearRing>
							<coordinates>
								-71.59030787377156,-16.32628198205547,0 -71.58973616869108,-16.32628601496642,0 -71.58973558985102,-16.32590622843224,0 -71.59031448896677,-16.32588748989054,0 -71.59030787377156,-16.32628198205547,0 
							</coordinates>
						</LinearRing>
					</outerBoundaryIs>
				</Polygon>
			</Placemark>
			<Placemark>
				<name>1.4.181-10</name>
				<styleUrl>#msn_ylw-pushpin8503</styleUrl>
				<Polygon>
					<tessellate>1</tessellate>
					<outerBoundaryIs>
						<LinearRing>
							<coordinates>
								-71.59145367581003,-16.32587610212786,0 -71.59145643267794,-16.32627199561859,0 -71.59039480572287,-16.32627553285463,0 -71.5903926533784,-16.32587827810987,0 -71.59145367581003,-16.32587610212786,0 
							</coordinates>
						</LinearRing>
					</outerBoundaryIs>
				</Polygon>
			</Placemark>
			<Placemark>
				<name>1.4.181-11</name>
				<styleUrl>#msn_ylw-pushpin8503</styleUrl>
				<Polygon>
					<tessellate>1</tessellate>
					<outerBoundaryIs>
						<LinearRing>
							<coordinates>
								-71.59147542483352,-16.32541570892436,0 -71.59146977259903,-16.32580016357957,0 -71.59039364655403,-16.32579573528326,0 -71.59039551558027,-16.3254132691594,0 -71.59147542483352,-16.32541570892436,0 
							</coordinates>
						</LinearRing>
					</outerBoundaryIs>
				</Polygon>
			</Placemark>
			<Placemark>
				<name>1.4.181-12</name>
				<styleUrl>#msn_ylw-pushpin8503</styleUrl>
				<Polygon>
					<tessellate>1</tessellate>
					<outerBoundaryIs>
						<LinearRing>
							<coordinates>
								-71.59032002589558,-16.32542124420586,0 -71.5903068105176,-16.32580185991579,0 -71.58972798279834,-16.32579657861302,0 -71.58972467278804,-16.32542127781418,0 -71.59032002589558,-16.32542124420586,0 
							</coordinates>
						</LinearRing>
					</outerBoundaryIs>
				</Polygon>
			</Placemark>
			<Placemark>
				<name>1.4.181-13</name>
				<styleUrl>#msn_ylw-pushpin8503</styleUrl>
				<Polygon>
					<tessellate>1</tessellate>
					<outerBoundaryIs>
						<LinearRing>
							<coordinates>
								-71.59032247347274,-16.32495563946396,0 -71.59031152786443,-16.32533050876346,0 -71.58956074245157,-16.32533278118497,0 -71.58955797759032,-16.32494820782511,0 -71.59032247347274,-16.32495563946396,0 
							</coordinates>
						</LinearRing>
					</outerBoundaryIs>
				</Polygon>
			</Placemark>
			<Placemark>
				<name>1.4.181-14</name>
				<styleUrl>#msn_ylw-pushpin8503</styleUrl>
				<Polygon>
					<tessellate>1</tessellate>
					<outerBoundaryIs>
						<LinearRing>
							<coordinates>
								-71.5914518709877,-16.32493158739932,0 -71.59147073934312,-16.325328512871,0 -71.59038776572649,-16.32532857671287,0 -71.59040182881905,-16.32493902858926,0 -71.5914518709877,-16.32493158739932,0 
							</coordinates>
						</LinearRing>
					</outerBoundaryIs>
				</Polygon>
			</Placemark>
			<Placemark>
				<name>1.4.181-15</name>
				<styleUrl>#msn_ylw-pushpin8503</styleUrl>
				<Polygon>
					<tessellate>1</tessellate>
					<outerBoundaryIs>
						<LinearRing>
							<coordinates>
								-71.5914426743003,-16.32485863164968,0 -71.59039478558772,-16.32485584102823,0 -71.5904041683207,-16.32447928187303,0 -71.59143943022654,-16.32447436935146,0 -71.5914426743003,-16.32485863164968,0 
							</coordinates>
						</LinearRing>
					</outerBoundaryIs>
				</Polygon>
			</Placemark>
			<Placemark>
				<name>1.4.181-16</name>
				<styleUrl>#msn_ylw-pushpin8503</styleUrl>
				<Polygon>
					<tessellate>1</tessellate>
					<outerBoundaryIs>
						<LinearRing>
							<coordinates>
								-71.59033003889282,-16.3244706947082,0 -71.59031975702064,-16.32486347807168,0 -71.58955021852663,-16.32487038872216,0 -71.58957112625932,-16.32446560652935,0 -71.59033003889282,-16.3244706947082,0 
							</coordinates>
						</LinearRing>
					</outerBoundaryIs>
				</Polygon>
			</Placemark>
			<Placemark>
				<name>1.4.182-1</name>
				<styleUrl>#msn_ylw-pushpin8503</styleUrl>
				<Polygon>
					<tessellate>1</tessellate>
					<outerBoundaryIs>
						<LinearRing>
							<coordinates>
								-71.5903261264334,-16.3242956259043,0 -71.58956018386802,-16.3242743456249,0 -71.58957097322239,-16.32387542690746,0 -71.59033916670809,-16.32388584806208,0 -71.5903261264334,-16.3242956259043,0 
							</coordinates>
						</LinearRing>
					</outerBoundaryIs>
				</Polygon>
			</Placemark>
			<Placemark>
				<name>1.4.182-2</name>
				<styleUrl>#msn_ylw-pushpin8503</styleUrl>
				<Polygon>
					<tessellate>1</tessellate>
					<outerBoundaryIs>
						<LinearRing>
							<coordinates>
								-71.59033647177898,-16.32341746732525,0 -71.59033449427103,-16.32380787201151,0 -71.58956549933112,-16.32381386725841,0 -71.58955183051415,-16.32340559191115,0 -71.59033647177898,-16.32341746732525,0 
							</coordinates>
						</LinearRing>
					</outerBoundaryIs>
				</Polygon>
			</Placemark>
			<Placemark>
				<name>1.4.182-3</name>
				<styleUrl>#msn_ylw-pushpin8503</styleUrl>
				<Polygon>
					<tessellate>1</tessellate>
					<outerBoundaryIs>
						<LinearRing>
							<coordinates>
								-71.59030597869689,-16.32331989949596,0 -71.58955769451664,-16.32331349622196,0 -71.58956076474821,-16.322939854434,0 -71.59030644526368,-16.322955002488,0 -71.59030597869689,-16.32331989949596,0 
							</coordinates>
						</LinearRing>
					</outerBoundaryIs>
				</Polygon>
			</Placemark>
			<Placemark>
				<name>1.4.182-4</name>
				<styleUrl>#msn_ylw-pushpin8503</styleUrl>
				<Polygon>
					<tessellate>1</tessellate>
					<outerBoundaryIs>
						<LinearRing>
							<coordinates>
								-71.59031773554479,-16.32286807218285,0 -71.58943031932124,-16.32285057662948,0 -71.58935671604817,-16.32278555906285,0 -71.58933471959411,-16.32245775563748,0 -71.59032493873309,-16.32249387405196,0 -71.59031773554479,-16.32286807218285,0 
							</coordinates>
						</LinearRing>
					</outerBoundaryIs>
				</Polygon>
			</Placemark>
			<Placemark>
				<name>1.4.182-5</name>
				<styleUrl>#msn_ylw-pushpin8503</styleUrl>
				<Polygon>
					<tessellate>1</tessellate>
					<outerBoundaryIs>
						<LinearRing>
							<coordinates>
								-71.59032874058229,-16.32201303313311,0 -71.59033375071431,-16.32241305512337,0 -71.58926219823543,-16.32237598467106,0 -71.58919597459354,-16.3219773731116,0 -71.59032874058229,-16.32201303313311,0 
							</coordinates>
						</LinearRing>
					</outerBoundaryIs>
				</Polygon>
			</Placemark>
			<Placemark>
				<name>1.4.182-6</name>
				<styleUrl>#msn_ylw-pushpin8503</styleUrl>
				<Polygon>
					<tessellate>1</tessellate>
					<outerBoundaryIs>
						<LinearRing>
							<coordinates>
								-71.59032757654616,-16.32155005083274,0 -71.59033718845107,-16.3219227988463,0 -71.58916439437871,-16.32189311437052,0 -71.58920220419526,-16.32149453959211,0 -71.59032757654616,-16.32155005083274,0 
							</coordinates>
						</LinearRing>
					</outerBoundaryIs>
				</Polygon>
			</Placemark>
			<Placemark>
				<name>1.4.182-7</name>
				<styleUrl>#msn_ylw-pushpin8503</styleUrl>
				<Polygon>
					<tessellate>1</tessellate>
					<outerBoundaryIs>
						<LinearRing>
							<coordinates>
								-71.59042361199258,-16.32153484658156,0 -71.59147648848464,-16.3215251372779,0 -71.5914617719977,-16.32191329337273,0 -71.59042783160474,-16.32191675978976,0 -71.59042361199258,-16.32153484658156,0 
							</coordinates>
						</LinearRing>
					</outerBoundaryIs>
				</Polygon>
			</Placemark>
			<Placemark>
				<name>1.4.182-8</name>
				<styleUrl>#msn_ylw-pushpin8503</styleUrl>
				<Polygon>
					<tessellate>1</tessellate>
					<outerBoundaryIs>
						<LinearRing>
							<coordinates>
								-71.5914690543794,-16.32201140052102,0 -71.59146546402745,-16.32239537694604,0 -71.59042301088832,-16.32239842800935,0 -71.5904259383577,-16.32200336970891,0 -71.5914690543794,-16.32201140052102,0 
							</coordinates>
						</LinearRing>
					</outerBoundaryIs>
				</Polygon>
			</Placemark>
			<Placemark>
				<name>1.4.182-9</name>
				<styleUrl>#msn_ylw-pushpin8503</styleUrl>
				<Polygon>
					<tessellate>1</tessellate>
					<outerBoundaryIs>
						<LinearRing>
							<coordinates>
								-71.59146775106522,-16.32286657387776,0 -71.5904236848222,-16.3228690008691,0 -71.59043745657549,-16.32247689658442,0 -71.59146795493261,-16.3224858709687,0 -71.59146775106522,-16.32286657387776,0 
							</coordinates>
						</LinearRing>
					</outerBoundaryIs>
				</Polygon>
			</Placemark>
			<Placemark>
				<name>1.4.182-10</name>
				<styleUrl>#msn_ylw-pushpin8503</styleUrl>
				<Polygon>
					<tessellate>1</tessellate>
					<outerBoundaryIs>
						<LinearRing>
							<coordinates>
								-71.59117717398715,-16.32296791439273,0 -71.59117769050874,-16.32333481983613,0 -71.59040147661824,-16.32333738357462,0 -71.59041991810714,-16.32295194215779,0 -71.59117717398715,-16.32296791439273,0 
							</coordinates>
						</LinearRing>
					</outerBoundaryIs>
				</Polygon>
			</Placemark>
			<Placemark>
				<name>1.4.182-11</name>
				<styleUrl>#msn_ylw-pushpin8503</styleUrl>
				<Polygon>
					<tessellate>1</tessellate>
					<outerBoundaryIs>
						<LinearRing>
							<coordinates>
								-71.59126789158387,-16.32344558995494,0 -71.59126178534238,-16.32380391844396,0 -71.59039179817344,-16.32378590644896,0 -71.59040262288569,-16.3234054084178,0 -71.59126789158387,-16.32344558995494,0 
							</coordinates>
						</LinearRing>
					</outerBoundaryIs>
				</Polygon>
			</Placemark>
			<Placemark>
				<name>1.4.182-12</name>
				<styleUrl>#msn_ylw-pushpin8503</styleUrl>
				<Polygon>
					<tessellate>1</tessellate>
					<outerBoundaryIs>
						<LinearRing>
							<coordinates>
								-71.5913527462378,-16.32427974045516,0 -71.59038777433975,-16.32425155265664,0 -71.59040908603065,-16.3238895924033,0 -71.59136346536647,-16.32389690786695,0 -71.5913527462378,-16.32427974045516,0 
							</coordinates>
						</LinearRing>
					</outerBoundaryIs>
				</Polygon>
			</Placemark>
			<Placemark>
				<name>1.4.183-1</name>
				<styleUrl>#msn_ylw-pushpin8503</styleUrl>
				<Polygon>
					<tessellate>1</tessellate>
					<outerBoundaryIs>
						<LinearRing>
							<coordinates>
								-71.58909977188408,-16.32564673706525,0 -71.58935450982197,-16.32566096108678,0 -71.58937792373638,-16.32620746049412,0 -71.58910601923492,-16.32617509981808,0 -71.58909977188408,-16.32564673706525,0 
							</coordinates>
						</LinearRing>
					</outerBoundaryIs>
				</Polygon>
			</Placemark>
			<Placemark>
				<name>1.4.183-2</name>
				<styleUrl>#msn_ylw-pushpin8503</styleUrl>
				<Polygon>
					<tessellate>1</tessellate>
					<outerBoundaryIs>
						<LinearRing>
							<coordinates>
								-71.58904234213554,-16.32611964915287,0 -71.58834885272749,-16.32609675152885,0 -71.58836386595198,-16.3257207487308,0 -71.58904365711572,-16.32570412313339,0 -71.58904234213554,-16.32611964915287,0 
							</coordinates>
						</LinearRing>
					</outerBoundaryIs>
				</Polygon>
			</Placemark>
			<Placemark>
				<name>1.4.183-3</name>
				<styleUrl>#msn_ylw-pushpin8503</styleUrl>
				<Polygon>
					<tessellate>1</tessellate>
					<outerBoundaryIs>
						<LinearRing>
							<coordinates>
								-71.5882946195086,-16.3257208415979,0 -71.58828311647403,-16.32609647534351,0 -71.58769833069407,-16.32610227106014,0 -71.58770354461784,-16.32571201812244,0 -71.5882946195086,-16.3257208415979,0 
							</coordinates>
						</LinearRing>
					</outerBoundaryIs>
				</Polygon>
			</Placemark>
			<Placemark>
				<name>1.4.183-4</name>
				<styleUrl>#msn_ylw-pushpin8503</styleUrl>
				<Polygon>
					<tessellate>1</tessellate>
					<outerBoundaryIs>
						<LinearRing>
							<coordinates>
								-71.58829584800178,-16.32559066502196,0 -71.58770921803196,-16.3255872747406,0 -71.58771025962331,-16.32520955362252,0 -71.58830399755007,-16.32520550798257,0 -71.58829584800178,-16.32559066502196,0 
							</coordinates>
						</LinearRing>
					</outerBoundaryIs>
				</Polygon>
			</Placemark>
			<Placemark>
				<name>1.4.183-5</name>
				<styleUrl>#msn_ylw-pushpin8503</styleUrl>
				<Polygon>
					<tessellate>1</tessellate>
					<outerBoundaryIs>
						<LinearRing>
							<coordinates>
								-71.58903777382582,-16.32520833038696,0 -71.58903898048848,-16.32560056821832,0 -71.58837011177198,-16.32559373377856,0 -71.58837397859095,-16.32520219005661,0 -71.58903777382582,-16.32520833038696,0 
							</coordinates>
						</LinearRing>
					</outerBoundaryIs>
				</Polygon>
			</Placemark>
			<Placemark>
				<name>1.4.183-6</name>
				<styleUrl>#msn_ylw-pushpin8503</styleUrl>
				<Polygon>
					<tessellate>1</tessellate>
					<outerBoundaryIs>
						<LinearRing>
							<coordinates>
								-71.58930114369477,-16.32498746957796,0 -71.5893150032841,-16.32541517588649,0 -71.58910078168381,-16.32549559953585,0 -71.58911126477692,-16.32494664764453,0 -71.58930114369477,-16.32498746957796,0 
							</coordinates>
						</LinearRing>
					</outerBoundaryIs>
				</Polygon>
			</Placemark>
			<Placemark>
				<name>1.4.183-7</name>
				<styleUrl>#msn_ylw-pushpin8503</styleUrl>
				<Polygon>
					<tessellate>1</tessellate>
					<outerBoundaryIs>
						<LinearRing>
							<coordinates>
								-71.58904467603737,-16.32476247541022,0 -71.58904010389828,-16.32513648107624,0 -71.58838715784594,-16.32514247275634,0 -71.58836718911826,-16.3247504809021,0 -71.58904467603737,-16.32476247541022,0 
							</coordinates>
						</LinearRing>
					</outerBoundaryIs>
				</Polygon>
			</Placemark>
			<Placemark>
				<name>1.4.183-8</name>
				<styleUrl>#msn_ylw-pushpin8503</styleUrl>
				<Polygon>
					<tessellate>1</tessellate>
					<outerBoundaryIs>
						<LinearRing>
							<coordinates>
								-71.58831784131038,-16.32475494366589,0 -71.58830807544564,-16.32514475180074,0 -71.58770929422168,-16.32513062407871,0 -71.58770675565081,-16.32474299729257,0 -71.58831784131038,-16.32475494366589,0 
							</coordinates>
						</LinearRing>
					</outerBoundaryIs>
				</Polygon>
			</Placemark>
			<Placemark>
				<name>1.4.183-9</name>
				<styleUrl>#msn_ylw-pushpin8503</styleUrl>
				<Polygon>
					<tessellate>1</tessellate>
					<outerBoundaryIs>
						<LinearRing>
							<coordinates>
								-71.58827440345398,-16.32430350835567,0 -71.58827783732148,-16.32466745928579,0 -71.58769754075028,-16.32467724841017,0 -71.58770787269873,-16.32429817829108,0 -71.58827440345398,-16.32430350835567,0 
							</coordinates>
						</LinearRing>
					</outerBoundaryIs>
				</Polygon>
			</Placemark>
			<Placemark>
				<name>1.4.183-10</name>
				<styleUrl>#msn_ylw-pushpin8503</styleUrl>
				<Polygon>
					<tessellate>1</tessellate>
					<outerBoundaryIs>
						<LinearRing>
							<coordinates>
								-71.58904114736546,-16.32468484404769,0 -71.58838078933098,-16.32467879790881,0 -71.5883744007909,-16.32430251363576,0 -71.58905338678427,-16.32430724592961,0 -71.58904114736546,-16.32468484404769,0 
							</coordinates>
						</LinearRing>
					</outerBoundaryIs>
				</Polygon>
			</Placemark>
			<Placemark>
				<name>1.4.183-11</name>
				<styleUrl>#msn_ylw-pushpin8503</styleUrl>
				<Polygon>
					<tessellate>1</tessellate>
					<outerBoundaryIs>
						<LinearRing>
							<coordinates>
								-71.58909338464048,-16.32422222559801,0 -71.58910773291664,-16.3233922398766,0 -71.58925044851925,-16.32338852687449,0 -71.5892625646178,-16.32422834624373,0 -71.58909338464048,-16.32422222559801,0 
							</coordinates>
						</LinearRing>
					</outerBoundaryIs>
				</Polygon>
			</Placemark>
			<Placemark>
				<name>1.4.183-12</name>
				<styleUrl>#msn_ylw-pushpin8503</styleUrl>
				<Polygon>
					<tessellate>1</tessellate>
					<outerBoundaryIs>
						<LinearRing>
							<coordinates>
								-71.58926901970457,-16.32333251997656,0 -71.58910962263215,-16.32332984348628,0 -71.5891201021214,-16.32288495597447,0 -71.58927318527786,-16.32287976920617,0 -71.58926901970457,-16.32333251997656,0 
							</coordinates>
						</LinearRing>
					</outerBoundaryIs>
				</Polygon>
			</Placemark>
			<Placemark>
				<name>1.4.183-13</name>
				<styleUrl>#msn_ylw-pushpin8503</styleUrl>
				<Polygon>
					<tessellate>1</tessellate>
					<outerBoundaryIs>
						<LinearRing>
							<coordinates>
								-71.58903544115758,-16.32287342712784,0 -71.58903635560461,-16.32331226305783,0 -71.58863483524247,-16.32332210185031,0 -71.58864633150232,-16.32288753531921,0 -71.58903544115758,-16.32287342712784,0 
							</coordinates>
						</LinearRing>
					</outerBoundaryIs>
				</Polygon>
			</Placemark>
			<Placemark>
				<name>1.4.183-14</name>
				<styleUrl>#msn_ylw-pushpin8503</styleUrl>
				<Polygon>
					<tessellate>1</tessellate>
					<outerBoundaryIs>
						<LinearRing>
							<coordinates>
								-71.58902907100796,-16.32422625178688,0 -71.58864378489973,-16.32422599144136,0 -71.58864024492604,-16.32340483588467,0 -71.58902573512587,-16.32340435089919,0 -71.58902907100796,-16.32422625178688,0 
							</coordinates>
						</LinearRing>
					</outerBoundaryIs>
				</Polygon>
			</Placemark>
			<Placemark>
				<name>1.4.183-15</name>
				<styleUrl>#msn_ylw-pushpin8503</styleUrl>
				<Polygon>
					<tessellate>1</tessellate>
					<outerBoundaryIs>
						<LinearRing>
							<coordinates>
								-71.58811267560026,-16.32423126245924,0 -71.58770747380433,-16.3242152613337,0 -71.58773472568838,-16.32340436496427,0 -71.58809780119037,-16.32340633935502,0 -71.58811267560026,-16.32423126245924,0 
							</coordinates>
						</LinearRing>
					</outerBoundaryIs>
				</Polygon>
			</Placemark>
			<Placemark>
				<name>1.4.183-16</name>
				<styleUrl>#msn_ylw-pushpin8503</styleUrl>
				<Polygon>
					<tessellate>1</tessellate>
					<outerBoundaryIs>
						<LinearRing>
							<coordinates>
								-71.58808974824028,-16.32331477997155,0 -71.58772724542625,-16.32331320015632,0 -71.58772059369501,-16.32284318055271,0 -71.58809836905681,-16.32287077203443,0 -71.58808974824028,-16.32331477997155,0 
							</coordinates>
						</LinearRing>
					</outerBoundaryIs>
				</Polygon>
			</Placemark>
			<Placemark>
				<name>1.4.183-17</name>
				<styleUrl>#msn_ylw-pushpin8503</styleUrl>
				<Polygon>
					<tessellate>1</tessellate>
					<outerBoundaryIs>
						<LinearRing>
							<coordinates>
								-71.58856480551093,-16.32242491909707,0 -71.58856526566781,-16.32280215457559,0 -71.58769488707752,-16.32277946994287,0 -71.58770697399416,-16.32241601283061,0 -71.58856480551093,-16.32242491909707,0 
							</coordinates>
						</LinearRing>
					</outerBoundaryIs>
				</Polygon>
			</Placemark>
			<Placemark>
				<name>1.4.183-18</name>
				<styleUrl>#msn_ylw-pushpin8503</styleUrl>
				<Polygon>
					<tessellate>1</tessellate>
					<outerBoundaryIs>
						<LinearRing>
							<coordinates>
								-71.58810610199231,-16.32178445241096,0 -71.58810933568439,-16.32235177330422,0 -71.58771414609504,-16.322338344315,0 -71.58771822117681,-16.32178158828343,0 -71.58810610199231,-16.32178445241096,0 
							</coordinates>
						</LinearRing>
					</outerBoundaryIs>
				</Polygon>
			</Placemark>
			<Placemark>
				<name>1.4.183-19</name>
				<styleUrl>#msn_ylw-pushpin8503</styleUrl>
				<Polygon>
					<tessellate>1</tessellate>
					<outerBoundaryIs>
						<LinearRing>
							<coordinates>
								-71.58857050371105,-16.32234192685497,0 -71.58819116063044,-16.3223584752433,0 -71.58820416164767,-16.3218029349371,0 -71.5885846965498,-16.32179505973096,0 -71.58857050371105,-16.32234192685497,0 
							</coordinates>
						</LinearRing>
					</outerBoundaryIs>
				</Polygon>
			</Placemark>
			<Placemark>
				<name>1.4.184-1</name>
				<styleUrl>#msn_ylw-pushpin8503</styleUrl>
				<Polygon>
					<tessellate>1</tessellate>
					<outerBoundaryIs>
						<LinearRing>
							<coordinates>
								-71.58688471139,-16.32591925470364,0 -71.5875652575527,-16.32592546223423,0 -71.58756851676335,-16.326084609853,0 -71.58688671992611,-16.32607771080676,0 -71.58688471139,-16.32591925470364,0 
							</coordinates>
						</LinearRing>
					</outerBoundaryIs>
				</Polygon>
			</Placemark>
			<Placemark>
				<name>1.4.184-2</name>
				<styleUrl>#msn_ylw-pushpin8503</styleUrl>
				<Polygon>
					<tessellate>1</tessellate>
					<outerBoundaryIs>
						<LinearRing>
							<coordinates>
								-71.58679906227519,-16.32613587001812,0 -71.58658225197934,-16.32611689444291,0 -71.58648802148483,-16.3259163007922,0 -71.58633184168778,-16.32589437876847,0 -71.58629558683747,-16.32568816639331,0 -71.58657562301288,-16.32569619277254,0 -71.58659955563451,-16.32549547520807,0 -71.58670026901687,-16.32520712860392,0 -71.5868510470287,-16.32520423209388,0 -71.58679906227519,-16.32613587001812,0 
							</coordinates>
						</LinearRing>
					</outerBoundaryIs>
				</Polygon>
			</Placemark>
			<Placemark>
				<name>1.4.184-3</name>
				<styleUrl>#msn_ylw-pushpin8503</styleUrl>
				<Polygon>
					<tessellate>1</tessellate>
					<outerBoundaryIs>
						<LinearRing>
							<coordinates>
								-71.58758943853134,-16.32557628150772,0 -71.58689532590466,-16.32557337571268,0 -71.58689898844756,-16.32518937923508,0 -71.58757887009821,-16.32518747790745,0 -71.58758943853134,-16.32557628150772,0 
							</coordinates>
						</LinearRing>
					</outerBoundaryIs>
				</Polygon>
			</Placemark>
			<Placemark>
				<name>1.4.184-4</name>
				<styleUrl>#msn_ylw-pushpin8503</styleUrl>
				<Polygon>
					<tessellate>1</tessellate>
					<outerBoundaryIs>
						<LinearRing>
							<coordinates>
								-71.58758433594792,-16.32511889034588,0 -71.58691463718559,-16.32511424294364,0 -71.58688648050213,-16.32471889290613,0 -71.58758852578629,-16.32473300196403,0 -71.58758433594792,-16.32511889034588,0 
							</coordinates>
						</LinearRing>
					</outerBoundaryIs>
				</Polygon>
			</Placemark>
			<Placemark>
				<name>1.4.184-5</name>
				<styleUrl>#msn_ylw-pushpin8503</styleUrl>
				<Polygon>
					<tessellate>1</tessellate>
					<outerBoundaryIs>
						<LinearRing>
							<coordinates>
								-71.58684948902621,-16.32515603861428,0 -71.5866639831485,-16.32516249405734,0 -71.58661679402623,-16.3247305969237,0 -71.5868186700008,-16.32471807395924,0 -71.58684948902621,-16.32515603861428,0 
							</coordinates>
						</LinearRing>
					</outerBoundaryIs>
				</Polygon>
			</Placemark>
			<Placemark>
				<name>1.4.184-7</name>
				<styleUrl>#msn_ylw-pushpin8503</styleUrl>
				<Polygon>
					<tessellate>1</tessellate>
					<outerBoundaryIs>
						<LinearRing>
							<coordinates>
								-71.58758636286896,-16.32428129480977,0 -71.58758374416236,-16.32466460859196,0 -71.58689828987114,-16.32465385900209,0 -71.58689880410228,-16.32426934709488,0 -71.58758636286896,-16.32428129480977,0 
							</coordinates>
						</LinearRing>
					</outerBoundaryIs>
				</Polygon>
			</Placemark>
			<Placemark>
				<name>1.4.184-8</name>
				<styleUrl>#msn_ylw-pushpin8503</styleUrl>
				<Polygon>
					<tessellate>1</tessellate>
					<outerBoundaryIs>
						<LinearRing>
							<coordinates>
								-71.58759259712255,-16.32421637170212,0 -71.5868963741883,-16.32419256222312,0 -71.58689222734959,-16.32381292335771,0 -71.587590753271,-16.32382944962325,0 -71.58759259712255,-16.32421637170212,0 
							</coordinates>
						</LinearRing>
					</outerBoundaryIs>
				</Polygon>
			</Placemark>
			<Placemark>
				<name>1.4.184-9</name>
				<styleUrl>#msn_ylw-pushpin8503</styleUrl>
				<Polygon>
					<tessellate>1</tessellate>
					<outerBoundaryIs>
						<LinearRing>
							<coordinates>
								-71.58680227255688,-16.32419733867781,0 -71.5865338231047,-16.32422502264374,0 -71.58649461509474,-16.32410365668106,0 -71.5864837688905,-16.32383499223963,0 -71.58677693657353,-16.32381437683941,0 -71.58680227255688,-16.32419733867781,0 
							</coordinates>
						</LinearRing>
					</outerBoundaryIs>
				</Polygon>
			</Placemark>
			<Placemark>
				<name>1.4.184-10</name>
				<styleUrl>#msn_ylw-pushpin8503</styleUrl>
				<Polygon>
					<tessellate>1</tessellate>
					<outerBoundaryIs>
						<LinearRing>
							<coordinates>
								-71.58678365693446,-16.32377117992883,0 -71.58654958043616,-16.3237763999307,0 -71.58651663346758,-16.32339446614038,0 -71.58674974461702,-16.32339229998066,0 -71.58678365693446,-16.32377117992883,0 
							</coordinates>
						</LinearRing>
					</outerBoundaryIs>
				</Polygon>
			</Placemark>
			<Placemark>
				<name>1.4.184-11</name>
				<styleUrl>#msn_ylw-pushpin8503</styleUrl>
				<Polygon>
					<tessellate>1</tessellate>
					<outerBoundaryIs>
						<LinearRing>
							<coordinates>
								-71.58760272033857,-16.32337808237576,0 -71.58760325873935,-16.32376276976798,0 -71.58690824634087,-16.32375229020353,0 -71.58689692675453,-16.32336459758264,0 -71.58760272033857,-16.32337808237576,0 
							</coordinates>
						</LinearRing>
					</outerBoundaryIs>
				</Polygon>
			</Placemark>
			<Placemark>
				<name>1.4.184-12</name>
				<styleUrl>#msn_ylw-pushpin8503</styleUrl>
				<Polygon>
					<tessellate>1</tessellate>
					<outerBoundaryIs>
						<LinearRing>
							<coordinates>
								-71.58760029347215,-16.32286054740908,0 -71.5875991516275,-16.3233092856627,0 -71.58690075792008,-16.32329600120918,0 -71.58690665587044,-16.32285656555487,0 -71.58760029347215,-16.32286054740908,0 
							</coordinates>
						</LinearRing>
					</outerBoundaryIs>
				</Polygon>
			</Placemark>
			<Placemark>
				<name>1.4.184-13</name>
				<styleUrl>#msn_ylw-pushpin8503</styleUrl>
				<Polygon>
					<tessellate>1</tessellate>
					<outerBoundaryIs>
						<LinearRing>
							<coordinates>
								-71.58760211866668,-16.32240981754567,0 -71.58760628202288,-16.32280123074385,0 -71.58709548781528,-16.32278598751801,0 -71.58708322903544,-16.32241152019368,0 -71.58760211866668,-16.32240981754567,0 
							</coordinates>
						</LinearRing>
					</outerBoundaryIs>
				</Polygon>
			</Placemark>
			<Placemark>
				<name>1.4.184-14</name>
				<styleUrl>#msn_ylw-pushpin8503</styleUrl>
				<Polygon>
					<tessellate>1</tessellate>
					<outerBoundaryIs>
						<LinearRing>
							<coordinates>
								-71.58675741810613,-16.32328931874232,0 -71.58630182173785,-16.3232859255404,0 -71.58626347638979,-16.32254188259261,0 -71.58625763859055,-16.3214949451038,0 -71.5866872473312,-16.32147830173097,0 -71.58675741810613,-16.32328931874232,0 
							</coordinates>
						</LinearRing>
					</outerBoundaryIs>
				</Polygon>
			</Placemark>
			<Placemark>
				<name>1.4.184-15</name>
				<styleUrl>#msn_ylw-pushpin8503</styleUrl>
				<Polygon>
					<tessellate>1</tessellate>
					<outerBoundaryIs>
						<LinearRing>
							<coordinates>
								-71.5876136333316,-16.32189441126602,0 -71.58692240564137,-16.321893730347,0 -71.58692908874012,-16.32151129524392,0 -71.58761939389073,-16.32151912456075,0 -71.5876136333316,-16.32189441126602,0 
							</coordinates>
						</LinearRing>
					</outerBoundaryIs>
				</Polygon>
			</Placemark>
			<Placemark>
				<name>1.4.184-19</name>
				<styleUrl>#msn_ylw-pushpin8503</styleUrl>
				<Polygon>
					<tessellate>1</tessellate>
					<outerBoundaryIs>
						<LinearRing>
							<coordinates>
								-71.5876128420099,-16.32125448827354,0 -71.58691629205838,-16.3212461885492,0 -71.58693013988379,-16.32085397539511,0 -71.5876212292755,-16.32087844673793,0 -71.5876128420099,-16.32125448827354,0 
							</coordinates>
						</LinearRing>
					</outerBoundaryIs>
				</Polygon>
			</Placemark>
			<Placemark>
				<name>1.4.184-20</name>
				<styleUrl>#msn_ylw-pushpin8503</styleUrl>
				<Polygon>
					<tessellate>1</tessellate>
					<outerBoundaryIs>
						<LinearRing>
							<coordinates>
								-71.58897977466016,-16.32089914845441,0 -71.58896983933734,-16.32127493610389,0 -71.58772015301577,-16.32125847030638,0 -71.58773867102002,-16.32087441952936,0 -71.58897977466016,-16.32089914845441,0 
							</coordinates>
						</LinearRing>
					</outerBoundaryIs>
				</Polygon>
			</Placemark>
			<Placemark>
				<name>1.4.184-21</name>
				<styleUrl>#msn_ylw-pushpin8503</styleUrl>
				<Polygon>
					<tessellate>1</tessellate>
					<outerBoundaryIs>
						<LinearRing>
							<coordinates>
								-71.58896592734736,-16.32041805807904,0 -71.58897368052105,-16.32081422174738,0 -71.58772437789509,-16.3208005773589,0 -71.58773802126395,-16.32043325233759,0 -71.58896592734736,-16.32041805807904,0 
							</coordinates>
						</LinearRing>
					</outerBoundaryIs>
				</Polygon>
			</Placemark>
			<Placemark>
				<name>1.4.184-22</name>
				<styleUrl>#msn_ylw-pushpin8503</styleUrl>
				<Polygon>
					<tessellate>1</tessellate>
					<outerBoundaryIs>
						<LinearRing>
							<coordinates>
								-71.58822238748073,-16.32035179594335,0 -71.5877268026975,-16.32035348019869,0 -71.58773496877426,-16.31997977318713,0 -71.58821975538284,-16.31998048397264,0 -71.58822238748073,-16.32035179594335,0 
							</coordinates>
						</LinearRing>
					</outerBoundaryIs>
				</Polygon>
			</Placemark>
			<Placemark>
				<name>1.4.184-23</name>
				<styleUrl>#msn_ylw-pushpin8503</styleUrl>
				<Polygon>
					<tessellate>1</tessellate>
					<outerBoundaryIs>
						<LinearRing>
							<coordinates>
								-71.58897878855966,-16.31996173442566,0 -71.58895902344361,-16.32032939616887,0 -71.58839047191604,-16.32034028597897,0 -71.58838921682089,-16.3199776765887,0 -71.58897878855966,-16.31996173442566,0 
							</coordinates>
						</LinearRing>
					</outerBoundaryIs>
				</Polygon>
			</Placemark>
			<Placemark>
				<name>1.4.184-24</name>
				<styleUrl>#msn_ylw-pushpin8503</styleUrl>
				<Polygon>
					<tessellate>1</tessellate>
					<outerBoundaryIs>
						<LinearRing>
							<coordinates>
								-71.58897809024779,-16.3194648013764,0 -71.58897857000765,-16.31982460922712,0 -71.5877309856109,-16.31984153571603,0 -71.58773898082924,-16.31945713120146,0 -71.58897809024779,-16.3194648013764,0 
							</coordinates>
						</LinearRing>
					</outerBoundaryIs>
				</Polygon>
			</Placemark>
			<Placemark>
				<name>1.4.184-25</name>
				<styleUrl>#msn_ylw-pushpin8503</styleUrl>
				<Polygon>
					<tessellate>1</tessellate>
					<outerBoundaryIs>
						<LinearRing>
							<coordinates>
								-71.58897832827995,-16.31937990404321,0 -71.58775855188556,-16.31938364879627,0 -71.58771566464486,-16.31901007484758,0 -71.58896066755702,-16.31900518875667,0 -71.58897832827995,-16.31937990404321,0 
							</coordinates>
						</LinearRing>
					</outerBoundaryIs>
				</Polygon>
			</Placemark>
			<Placemark>
				<name>1.4.184-26</name>
				<styleUrl>#msn_ylw-pushpin8503</styleUrl>
				<Polygon>
					<tessellate>1</tessellate>
					<outerBoundaryIs>
						<LinearRing>
							<coordinates>
								-71.58897968141753,-16.31894054071244,0 -71.58774482255822,-16.31893806778655,0 -71.58773860797697,-16.31857283844162,0 -71.58898230210443,-16.31854841285627,0 -71.58897968141753,-16.31894054071244,0 
							</coordinates>
						</LinearRing>
					</outerBoundaryIs>
				</Polygon>
			</Placemark>
			<Placemark>
				<name>1.4.184-27</name>
				<styleUrl>#msn_ylw-pushpin8503</styleUrl>
				<Polygon>
					<tessellate>1</tessellate>
					<outerBoundaryIs>
						<LinearRing>
							<coordinates>
								-71.58813142234416,-16.31848610482188,0 -71.58774977249774,-16.3184997259991,0 -71.5877505225597,-16.31810200482657,0 -71.58813784145681,-16.31813502090741,0 -71.58813142234416,-16.31848610482188,0 
							</coordinates>
						</LinearRing>
					</outerBoundaryIs>
				</Polygon>
			</Placemark>
			<Placemark>
				<name>1.4.184-28</name>
				<styleUrl>#msn_ylw-pushpin8503</styleUrl>
				<Polygon>
					<tessellate>1</tessellate>
					<outerBoundaryIs>
						<LinearRing>
							<coordinates>
								-71.58897488808454,-16.31847871632055,0 -71.58849694963965,-16.31847713809737,0 -71.58849864872879,-16.31810174480092,0 -71.58897902181468,-16.31810673337318,0 -71.58897488808454,-16.31847871632055,0 
							</coordinates>
						</LinearRing>
					</outerBoundaryIs>
				</Polygon>
			</Placemark>
			<Placemark>
				<name>1.4.184-29</name>
				<styleUrl>#msn_ylw-pushpin8503</styleUrl>
				<Polygon>
					<tessellate>1</tessellate>
					<outerBoundaryIs>
						<LinearRing>
							<coordinates>
								-71.58898485717981,-16.31760376878916,0 -71.58898604346275,-16.31796860277041,0 -71.58775125295105,-16.3179543344486,0 -71.58775303162895,-16.31756269801815,0 -71.58898485717981,-16.31760376878916,0 
							</coordinates>
						</LinearRing>
					</outerBoundaryIs>
				</Polygon>
			</Placemark>
			<Placemark>
				<name>1.4.184-33</name>
				<styleUrl>#msn_ylw-pushpin8503</styleUrl>
				<Polygon>
					<tessellate>1</tessellate>
					<outerBoundaryIs>
						<LinearRing>
							<coordinates>
								-71.58619902268903,-16.32149687125615,0 -71.58620278310322,-16.32219386289755,0 -71.58617847883093,-16.32319369662541,0 -71.58597414181759,-16.32320547220375,0 -71.58591311391582,-16.32268452647354,0 -71.5859313895197,-16.32235044786581,0 -71.58597485506769,-16.32149582410188,0 -71.58619902268903,-16.32149687125615,0 
							</coordinates>
						</LinearRing>
					</outerBoundaryIs>
				</Polygon>
			</Placemark>
			<Placemark>
				<name>1.4.185-1</name>
				<styleUrl>#msn_ylw-pushpin8503</styleUrl>
				<Polygon>
					<tessellate>1</tessellate>
					<outerBoundaryIs>
						<LinearRing>
							<coordinates>
								-71.59147376457163,-16.32128339780721,0 -71.5904296886835,-16.3212714755882,0 -71.59042274538109,-16.32090080142514,0 -71.59149305229799,-16.3209071650083,0 -71.59147376457163,-16.32128339780721,0 
							</coordinates>
						</LinearRing>
					</outerBoundaryIs>
				</Polygon>
			</Placemark>
			<Placemark>
				<name>1.4.185-2</name>
				<styleUrl>#msn_ylw-pushpin8503</styleUrl>
				<Polygon>
					<tessellate>1</tessellate>
					<outerBoundaryIs>
						<LinearRing>
							<coordinates>
								-71.59148755098175,-16.32081750463888,0 -71.59043572683423,-16.32081841918178,0 -71.59042281979876,-16.32043737131038,0 -71.59146512056149,-16.32045409788645,0 -71.59148755098175,-16.32081750463888,0 
							</coordinates>
						</LinearRing>
					</outerBoundaryIs>
				</Polygon>
			</Placemark>
			<Placemark>
				<name>1.4.185-3</name>
				<styleUrl>#msn_ylw-pushpin8503</styleUrl>
				<Polygon>
					<tessellate>1</tessellate>
					<outerBoundaryIs>
						<LinearRing>
							<coordinates>
								-71.59147993876246,-16.31995281742329,0 -71.59148129475695,-16.32035439444582,0 -71.59042607240747,-16.32034250572393,0 -71.59043906017415,-16.31996162660616,0 -71.59147993876246,-16.31995281742329,0 
							</coordinates>
						</LinearRing>
					</outerBoundaryIs>
				</Polygon>
			</Placemark>
			<Placemark>
				<name>1.4.185-4</name>
				<styleUrl>#msn_ylw-pushpin8503</styleUrl>
				<Polygon>
					<tessellate>1</tessellate>
					<outerBoundaryIs>
						<LinearRing>
							<coordinates>
								-71.59148626843171,-16.3195137608347,0 -71.59150067326819,-16.3198799271623,0 -71.59043502465101,-16.31987039486273,0 -71.59043836750159,-16.31949389274498,0 -71.59148626843171,-16.3195137608347,0 
							</coordinates>
						</LinearRing>
					</outerBoundaryIs>
				</Polygon>
			</Placemark>
			<Placemark>
				<name>1.4.185-5</name>
				<styleUrl>#msn_ylw-pushpin8503</styleUrl>
				<Polygon>
					<tessellate>1</tessellate>
					<outerBoundaryIs>
						<LinearRing>
							<coordinates>
								-71.59044024834664,-16.31903856970357,0 -71.59150212164548,-16.31904954031356,0 -71.59150047518457,-16.3194216320114,0 -71.59043554457892,-16.31940699233578,0 -71.59044024834664,-16.31903856970357,0 
							</coordinates>
						</LinearRing>
					</outerBoundaryIs>
				</Polygon>
			</Placemark>
			<Placemark>
				<name>1.4.185-6</name>
				<styleUrl>#msn_ylw-pushpin8503</styleUrl>
				<Polygon>
					<tessellate>1</tessellate>
					<outerBoundaryIs>
						<LinearRing>
							<coordinates>
								-71.59044985125317,-16.31855411676394,0 -71.59148012836332,-16.31855758201503,0 -71.59148333412668,-16.31895278461249,0 -71.59045739241803,-16.31894080827381,0 -71.59044985125317,-16.31855411676394,0 
							</coordinates>
						</LinearRing>
					</outerBoundaryIs>
				</Polygon>
			</Placemark>
			<Placemark>
				<name>1.4.185-7</name>
				<styleUrl>#msn_ylw-pushpin8503</styleUrl>
				<Polygon>
					<tessellate>1</tessellate>
					<outerBoundaryIs>
						<LinearRing>
							<coordinates>
								-71.59150733783819,-16.31847380949696,0 -71.59045048885955,-16.31846428743405,0 -71.59044573680656,-16.3180986826471,0 -71.59150776508903,-16.31811648629509,0 -71.59150733783819,-16.31847380949696,0 
							</coordinates>
						</LinearRing>
					</outerBoundaryIs>
				</Polygon>
			</Placemark>
			<Placemark>
				<name>1.4.185-8</name>
				<styleUrl>#msn_ylw-pushpin8503</styleUrl>
				<Polygon>
					<tessellate>1</tessellate>
					<outerBoundaryIs>
						<LinearRing>
							<coordinates>
								-71.59150447039427,-16.31716866513418,0 -71.59151654322817,-16.31755445379866,0 -71.59046242622672,-16.31752276002371,0 -71.59047536199456,-16.31714176140489,0 -71.59150447039427,-16.31716866513418,0 
							</coordinates>
						</LinearRing>
					</outerBoundaryIs>
				</Polygon>
			</Placemark>
			<Placemark>
				<name>1.4.185-9</name>
				<styleUrl>#msn_ylw-pushpin8503</styleUrl>
				<Polygon>
					<tessellate>1</tessellate>
					<outerBoundaryIs>
						<LinearRing>
							<coordinates>
								-71.59142081060975,-16.31706177632657,0 -71.59048231813082,-16.31706139349872,0 -71.59047693283364,-16.31667776760985,0 -71.59133889453756,-16.31671723846643,0 -71.59141929442285,-16.31690831084842,0 -71.59142081060975,-16.31706177632657,0 
							</coordinates>
						</LinearRing>
					</outerBoundaryIs>
				</Polygon>
			</Placemark>
			<Placemark>
				<name>1.4.185-10</name>
				<styleUrl>#msn_ylw-pushpin8503</styleUrl>
				<Polygon>
					<tessellate>1</tessellate>
					<outerBoundaryIs>
						<LinearRing>
							<coordinates>
								-71.59130667678724,-16.31661405119039,0 -71.59047201832963,-16.31659588099514,0 -71.5904853054173,-16.3162176307717,0 -71.59116451529923,-16.31624449861195,0 -71.59130667678724,-16.31661405119039,0 
							</coordinates>
						</LinearRing>
					</outerBoundaryIs>
				</Polygon>
			</Placemark>
			<Placemark>
				<name>1.4.185-12</name>
				<styleUrl>#msn_ylw-pushpin8503</styleUrl>
				<Polygon>
					<tessellate>1</tessellate>
					<outerBoundaryIs>
						<LinearRing>
							<coordinates>
								-71.59109464699998,-16.31612581031345,0 -71.59047871468127,-16.3161391035248,0 -71.59048184201136,-16.31572136327447,0 -71.59095070299253,-16.31572692867875,0 -71.59109464699998,-16.31612581031345,0 
							</coordinates>
						</LinearRing>
					</outerBoundaryIs>
				</Polygon>
			</Placemark>
			<Placemark>
				<name>1.4.185-15</name>
				<styleUrl>#msn_ylw-pushpin8503</styleUrl>
				<Polygon>
					<tessellate>1</tessellate>
					<outerBoundaryIs>
						<LinearRing>
							<coordinates>
								-71.59039310908631,-16.31613002962057,0 -71.58957959816586,-16.3161063497555,0 -71.58975310492343,-16.3157304189445,0 -71.59038544356879,-16.31574354935705,0 -71.59039310908631,-16.31613002962057,0 
							</coordinates>
						</LinearRing>
					</outerBoundaryIs>
				</Polygon>
			</Placemark>
			<Placemark>
				<name>1.4.185-16</name>
				<styleUrl>#msn_ylw-pushpin8503</styleUrl>
				<Polygon>
					<tessellate>1</tessellate>
					<outerBoundaryIs>
						<LinearRing>
							<coordinates>
								-71.59038801470649,-16.31660591114466,0 -71.58942760922442,-16.31658126881869,0 -71.58946166629659,-16.31621542116562,0 -71.59038953887915,-16.31623834063677,0 -71.59038801470649,-16.31660591114466,0 
							</coordinates>
						</LinearRing>
					</outerBoundaryIs>
				</Polygon>
			</Placemark>
			<Placemark>
				<name>1.4.185-18</name>
				<styleUrl>#msn_ylw-pushpin8503</styleUrl>
				<Polygon>
					<tessellate>1</tessellate>
					<outerBoundaryIs>
						<LinearRing>
							<coordinates>
								-71.59038053537628,-16.31752625931956,0 -71.58921833087696,-16.31752497715211,0 -71.58923352711894,-16.31712912666143,0 -71.590377755804,-16.31715004022404,0 -71.59038053537628,-16.31752625931956,0 
							</coordinates>
						</LinearRing>
					</outerBoundaryIs>
				</Polygon>
			</Placemark>
			<Placemark>
				<name>1.4.185-19</name>
				<styleUrl>#msn_ylw-pushpin8503</styleUrl>
				<Polygon>
					<tessellate>1</tessellate>
					<outerBoundaryIs>
						<LinearRing>
							<coordinates>
								-71.59036232987866,-16.31798626867465,0 -71.58927907397903,-16.31799867677308,0 -71.58923863170273,-16.31760769399719,0 -71.59036404836729,-16.31761692028767,0 -71.59036232987866,-16.31798626867465,0 
							</coordinates>
						</LinearRing>
					</outerBoundaryIs>
				</Polygon>
			</Placemark>
			<Placemark>
				<name>1.4.185-20</name>
				<styleUrl>#msn_ylw-pushpin8503</styleUrl>
				<Polygon>
					<tessellate>1</tessellate>
					<outerBoundaryIs>
						<LinearRing>
							<coordinates>
								-71.59036185229103,-16.31808891672863,0 -71.59037386619782,-16.31846112676024,0 -71.58921923979877,-16.31844676731438,0 -71.58922506268111,-16.31807265995075,0 -71.59036185229103,-16.31808891672863,0 
							</coordinates>
						</LinearRing>
					</outerBoundaryIs>
				</Polygon>
			</Placemark>
			<Placemark>
				<name>1.4.185-21</name>
				<styleUrl>#msn_ylw-pushpin8503</styleUrl>
				<Polygon>
					<tessellate>1</tessellate>
					<outerBoundaryIs>
						<LinearRing>
							<coordinates>
								-71.59037576649274,-16.318942312252,0 -71.58923100029729,-16.31893703843358,0 -71.58922647472005,-16.31853255421394,0 -71.59037035694931,-16.31854473541833,0 -71.59037576649274,-16.318942312252,0 
							</coordinates>
						</LinearRing>
					</outerBoundaryIs>
				</Polygon>
			</Placemark>
			<Placemark>
				<name>1.4.185-22</name>
				<styleUrl>#msn_ylw-pushpin8503</styleUrl>
				<Polygon>
					<tessellate>1</tessellate>
					<outerBoundaryIs>
						<LinearRing>
							<coordinates>
								-71.59035160866085,-16.32033520088514,0 -71.58919856247525,-16.32032941372467,0 -71.5892130238291,-16.31995027999034,0 -71.59035003055179,-16.31997597751554,0 -71.59035160866085,-16.32033520088514,0 
							</coordinates>
						</LinearRing>
					</outerBoundaryIs>
				</Polygon>
			</Placemark>
			<Placemark>
				<name>1.4.185-23</name>
				<styleUrl>#msn_ylw-pushpin8503</styleUrl>
				<Polygon>
					<tessellate>1</tessellate>
					<outerBoundaryIs>
						<LinearRing>
							<coordinates>
								-71.59033525116494,-16.32081223298648,0 -71.58921055522238,-16.32080420617034,0 -71.58919404724084,-16.32042837923198,0 -71.59033696097519,-16.32043202999216,0 -71.59033525116494,-16.32081223298648,0 
							</coordinates>
						</LinearRing>
					</outerBoundaryIs>
				</Polygon>
			</Placemark>
			<Placemark>
				<name>1.4.185-24</name>
				<styleUrl>#msn_ylw-pushpin8503</styleUrl>
				<Polygon>
					<tessellate>1</tessellate>
					<outerBoundaryIs>
						<LinearRing>
							<coordinates>
								-71.59032536766372,-16.32126883753513,0 -71.58919383541129,-16.32126323483694,0 -71.58919221144529,-16.32087460850968,0 -71.59032629913526,-16.32089734358043,0 -71.59032536766372,-16.32126883753513,0 
							</coordinates>
						</LinearRing>
					</outerBoundaryIs>
				</Polygon>
			</Placemark>
			<Placemark>
				<name>1.4.185-25</name>
				<styleUrl>#msn_ylw-pushpin8503</styleUrl>
				<Polygon>
					<tessellate>1</tessellate>
					<outerBoundaryIs>
						<LinearRing>
							<coordinates>
								-71.59150908097766,-16.31763518673019,0 -71.59150440840834,-16.31802102275793,0 -71.5904543966619,-16.3179999176061,0 -71.59045300242475,-16.31762123564797,0 -71.59150908097766,-16.31763518673019,0 
							</coordinates>
						</LinearRing>
					</outerBoundaryIs>
				</Polygon>
			</Placemark>
			<Placemark>
				<name>1.4.186-1</name>
				<styleUrl>#msn_ylw-pushpin8503</styleUrl>
				<Polygon>
					<tessellate>1</tessellate>
					<outerBoundaryIs>
						<LinearRing>
							<coordinates>
								-71.58762782017472,-16.31797521017182,0 -71.5869415786071,-16.31798237828006,0 -71.58696465952251,-16.31759416960934,0 -71.58763104323909,-16.3175919329534,0 -71.58762782017472,-16.31797521017182,0 
							</coordinates>
						</LinearRing>
					</outerBoundaryIs>
				</Polygon>
			</Placemark>
		</Folder>
		<Folder>
			<name>E</name>
			<Placemark>
				<name>1.4.124-3</name>
				<styleUrl>#msn_ylw-pushpin51111002</styleUrl>
				<Polygon>
					<tessellate>1</tessellate>
					<outerBoundaryIs>
						<LinearRing>
							<coordinates>
								-71.5926821708516,-16.33990425294109,0 -71.59263185332895,-16.34038390150558,0 -71.59002303582766,-16.34022899965547,0 -71.59047141255927,-16.33984606016541,0 -71.5926821708516,-16.33990425294109,0 
							</coordinates>
						</LinearRing>
					</outerBoundaryIs>
				</Polygon>
			</Placemark>
			<Placemark>
				<name>1.4.124-4</name>
				<styleUrl>#msn_ylw-pushpin51111002</styleUrl>
				<Polygon>
					<tessellate>1</tessellate>
					<outerBoundaryIs>
						<LinearRing>
							<coordinates>
								-71.59160197858256,-16.33822857762505,0 -71.59186760861944,-16.3385521842773,0 -71.59118528922804,-16.33913027075999,0 -71.59110633371577,-16.33905894593609,0 -71.59129330596417,-16.33868719265553,0 -71.59143130738232,-16.33840220403655,0 -71.59160197858256,-16.33822857762505,0 
							</coordinates>
						</LinearRing>
					</outerBoundaryIs>
				</Polygon>
			</Placemark>
			<Placemark>
				<name>1.4.124-6</name>
				<styleUrl>#msn_ylw-pushpin51111002</styleUrl>
				<Polygon>
					<tessellate>1</tessellate>
					<outerBoundaryIs>
						<LinearRing>
							<coordinates>
								-71.59166400278448,-16.33885560719447,0 -71.59222636474604,-16.33842415531395,0 -71.59310579574399,-16.33827968319675,0 -71.5931265637571,-16.33856991999329,0 -71.59166400278448,-16.33885560719447,0 
							</coordinates>
						</LinearRing>
					</outerBoundaryIs>
				</Polygon>
			</Placemark>
			<Placemark>
				<name>1.4.124-7</name>
				<styleUrl>#msn_ylw-pushpin51111002</styleUrl>
				<Polygon>
					<tessellate>1</tessellate>
					<outerBoundaryIs>
						<LinearRing>
							<coordinates>
								-71.59198084964255,-16.33791709719835,0 -71.5922248992556,-16.33820145757103,0 -71.59192757003487,-16.33846158981311,0 -71.59166449780464,-16.33817818972599,0 -71.59198084964255,-16.33791709719835,0 
							</coordinates>
						</LinearRing>
					</outerBoundaryIs>
				</Polygon>
			</Placemark>
			<Placemark>
				<name>1.4.124-8</name>
				<styleUrl>#msn_ylw-pushpin51111002</styleUrl>
				<Polygon>
					<tessellate>1</tessellate>
					<outerBoundaryIs>
						<LinearRing>
							<coordinates>
								-71.59233822665236,-16.33763046644783,0 -71.59259501078945,-16.33790717634445,0 -71.59227363031458,-16.33815641834229,0 -71.5920294057363,-16.33787537205513,0 -71.59233822665236,-16.33763046644783,0 
							</coordinates>
						</LinearRing>
					</outerBoundaryIs>
				</Polygon>
			</Placemark>
			<Placemark>
				<name>1.4.124-9</name>
				<styleUrl>#msn_ylw-pushpin51111002</styleUrl>
				<Polygon>
					<tessellate>1</tessellate>
					<outerBoundaryIs>
						<LinearRing>
							<coordinates>
								-71.59265956766014,-16.3378721981842,0 -71.59240572816317,-16.33758149417852,0 -71.592722143168,-16.33734317601203,0 -71.5929551392211,-16.33761509239204,0 -71.59265956766014,-16.3378721981842,0 
							</coordinates>
						</LinearRing>
					</outerBoundaryIs>
				</Polygon>
			</Placemark>
			<Placemark>
				<name>1.4.124-10</name>
				<styleUrl>#msn_ylw-pushpin51111002</styleUrl>
				<Polygon>
					<tessellate>1</tessellate>
					<outerBoundaryIs>
						<LinearRing>
							<coordinates>
								-71.59315715163866,-16.33695835494495,0 -71.5932402809287,-16.3371545134773,0 -71.59332582334486,-16.33731047700038,0 -71.59302176713105,-16.33757586788402,0 -71.59279902684894,-16.3372753324735,0 -71.59315715163866,-16.33695835494495,0 
							</coordinates>
						</LinearRing>
					</outerBoundaryIs>
				</Polygon>
			</Placemark>
			<Placemark>
				<name>1.4.124-11</name>
				<styleUrl>#msn_ylw-pushpin51111002</styleUrl>
				<Polygon>
					<tessellate>1</tessellate>
					<outerBoundaryIs>
						<LinearRing>
							<coordinates>
								-71.59301682190606,-16.3376687659428,0 -71.59307966501031,-16.33774036396766,0 -71.59311956367684,-16.33783489284242,0 -71.59318763909104,-16.33809030263091,0 -71.59310331697777,-16.33814295431097,0 -71.59294187935166,-16.33816296161189,0 -71.59273179898587,-16.33821436769879,0 -71.59254817477147,-16.33823779676288,0 -71.59237211008671,-16.33828027812465,0 -71.59230994521324,-16.33819863483507,0 -71.59301682190606,-16.3376687659428,0 
							</coordinates>
						</LinearRing>
					</outerBoundaryIs>
				</Polygon>
			</Placemark>
			<Placemark>
				<name>1.4.124-12</name>
				<styleUrl>#msn_ylw-pushpin51111002</styleUrl>
				<Polygon>
					<tessellate>1</tessellate>
					<outerBoundaryIs>
						<LinearRing>
							<coordinates>
								-71.59253792649169,-16.33614571073269,0 -71.59282503473209,-16.33645698336728,0 -71.5930566926025,-16.33686036192837,0 -71.59192499550528,-16.3378001507182,0 -71.59167490154414,-16.33753335481876,0 -71.59203291622633,-16.33709051156982,0 -71.59253792649169,-16.33614571073269,0 
							</coordinates>
						</LinearRing>
					</outerBoundaryIs>
				</Polygon>
			</Placemark>
			<Placemark>
				<name>1.4.124-14</name>
				<styleUrl>#msn_ylw-pushpin51111002</styleUrl>
				<Polygon>
					<tessellate>1</tessellate>
					<outerBoundaryIs>
						<LinearRing>
							<coordinates>
								-71.59412650776774,-16.33683783319253,0 -71.59430825295307,-16.33705569998654,0 -71.59458011298095,-16.33735730295244,0 -71.59377954481502,-16.33800418980831,0 -71.59352322090713,-16.33811495780495,0 -71.59337092461331,-16.33793992909037,0 -71.59329518426239,-16.33800539908992,0 -71.59323511406646,-16.33803907817558,0 -71.59314835897437,-16.33777047994509,0 -71.59310251718975,-16.33768350768761,0 -71.59306005768217,-16.33761498152194,0 -71.59321920057947,-16.33748363976273,0 -71.59333290119577,-16.33738255204525,0 -71.5938209573295,-16.33669405665877,0 -71.59391389254979,-16.33658248579998,0 -71.59412650776774,-16.33683783319253,0 
							</coordinates>
						</LinearRing>
					</outerBoundaryIs>
				</Polygon>
			</Placemark>
			<Placemark>
				<name>1.4.124-15</name>
				<styleUrl>#msn_ylw-pushpin51111002</styleUrl>
				<Polygon>
					<tessellate>1</tessellate>
					<outerBoundaryIs>
						<LinearRing>
							<coordinates>
								-71.59443015427097,-16.33864048268591,0 -71.59415941266013,-16.33887000423561,0 -71.59357860772126,-16.33834369436241,0 -71.59368495194106,-16.33826526373296,0 -71.59380839624571,-16.33823473941869,0 -71.59385539788221,-16.33827692784117,0 -71.59399154817785,-16.33816071184117,0 -71.59443015427097,-16.33864048268591,0 
							</coordinates>
						</LinearRing>
					</outerBoundaryIs>
				</Polygon>
			</Placemark>
			<Placemark>
				<name>1.4.124-16</name>
				<styleUrl>#msn_ylw-pushpin51111002</styleUrl>
				<Polygon>
					<tessellate>1</tessellate>
					<outerBoundaryIs>
						<LinearRing>
							<coordinates>
								-71.59492586082361,-16.33846862605906,0 -71.59462030476359,-16.3387036607431,0 -71.59406374589071,-16.338094775813,0 -71.59436492225269,-16.33784064955613,0 -71.59492586082361,-16.33846862605906,0 
							</coordinates>
						</LinearRing>
					</outerBoundaryIs>
				</Polygon>
			</Placemark>
			<Placemark>
				<name>1.4.124-17</name>
				<styleUrl>#msn_ylw-pushpin51111002</styleUrl>
				<Polygon>
					<tessellate>1</tessellate>
					<outerBoundaryIs>
						<LinearRing>
							<coordinates>
								-71.59548110734491,-16.33838445170916,0 -71.59517551198887,-16.33860181211871,0 -71.59443276055103,-16.33778239948405,0 -71.59470822082599,-16.33753139261565,0 -71.59548110734491,-16.33838445170916,0 
							</coordinates>
						</LinearRing>
					</outerBoundaryIs>
				</Polygon>
			</Placemark>
			<Placemark>
				<name>1.4.124-18</name>
				<styleUrl>#msn_ylw-pushpin51111002</styleUrl>
				<Polygon>
					<tessellate>1</tessellate>
					<outerBoundaryIs>
						<LinearRing>
							<coordinates>
								-71.59637235900718,-16.3376675835594,0 -71.59642087322476,-16.3376977872771,0 -71.59555950963323,-16.33833940591497,0 -71.59516543578813,-16.33790550549611,0 -71.59637235900718,-16.3376675835594,0 
							</coordinates>
						</LinearRing>
					</outerBoundaryIs>
				</Polygon>
			</Placemark>
			<Placemark>
				<name>1.4.124-19</name>
				<styleUrl>#msn_ylw-pushpin51111002</styleUrl>
				<Polygon>
					<tessellate>1</tessellate>
					<outerBoundaryIs>
						<LinearRing>
							<coordinates>
								-71.59597311370509,-16.33755318903116,0 -71.59576499641813,-16.3377038581796,0 -71.59509510391732,-16.33783847530854,0 -71.59481627568248,-16.33749541516988,0 -71.59549018265039,-16.33699540965539,0 -71.59597311370509,-16.33755318903116,0 
							</coordinates>
						</LinearRing>
					</outerBoundaryIs>
				</Polygon>
			</Placemark>
			<Placemark>
				<name>1.4.124-20</name>
				<styleUrl>#msn_ylw-pushpin51111002</styleUrl>
				<Polygon>
					<tessellate>1</tessellate>
					<outerBoundaryIs>
						<LinearRing>
							<coordinates>
								-71.59531256053127,-16.33679728485616,0 -71.59465525189472,-16.33729363332683,0 -71.59417457828529,-16.33674758914573,0 -71.59480723871096,-16.33622480733673,0 -71.59531256053127,-16.33679728485616,0 
							</coordinates>
						</LinearRing>
					</outerBoundaryIs>
				</Polygon>
			</Placemark>
			<Placemark>
				<name>1.4.124-21</name>
				<styleUrl>#msn_ylw-pushpin51111002</styleUrl>
				<Polygon>
					<tessellate>1</tessellate>
					<outerBoundaryIs>
						<LinearRing>
							<coordinates>
								-71.59490171150065,-16.33557020870982,0 -71.59515610227915,-16.33584780412745,0 -71.59412900217208,-16.33672086745804,0 -71.59386900471677,-16.3364132104391,0 -71.59490171150065,-16.33557020870982,0 
							</coordinates>
						</LinearRing>
					</outerBoundaryIs>
				</Polygon>
			</Placemark>
			<Placemark>
				<name>1.4.124-22</name>
				<styleUrl>#msn_ylw-pushpin51111002</styleUrl>
				<Polygon>
					<tessellate>1</tessellate>
					<outerBoundaryIs>
						<LinearRing>
							<coordinates>
								-71.59446313686074,-16.33578562104169,0 -71.59382431561713,-16.33626675428531,0 -71.59375559849731,-16.33625209950703,0 -71.59324659646938,-16.33525562337021,0 -71.59368689752624,-16.3349063746494,0 -71.59446313686074,-16.33578562104169,0 
							</coordinates>
						</LinearRing>
					</outerBoundaryIs>
				</Polygon>
			</Placemark>
			<Placemark>
				<name>1.4.124-23</name>
				<styleUrl>#msn_ylw-pushpin51111002</styleUrl>
				<Polygon>
					<tessellate>1</tessellate>
					<outerBoundaryIs>
						<LinearRing>
							<coordinates>
								-71.59387293599511,-16.33367061135806,0 -71.59434769297128,-16.33421654712632,0 -71.59370545960601,-16.33474128411832,0 -71.5934785608455,-16.33447369099643,0 -71.59387293599511,-16.33367061135806,0 
							</coordinates>
						</LinearRing>
					</outerBoundaryIs>
				</Polygon>
			</Placemark>
			<Placemark>
				<name>1.4.124-24</name>
				<styleUrl>#msn_ylw-pushpin51111002</styleUrl>
				<Polygon>
					<tessellate>1</tessellate>
					<outerBoundaryIs>
						<LinearRing>
							<coordinates>
								-71.59516812702896,-16.33517992687709,0 -71.59456493931538,-16.33571235174391,0 -71.59379379169037,-16.33482822183418,0 -71.59442242689212,-16.3343006828127,0 -71.59516812702896,-16.33517992687709,0 
							</coordinates>
						</LinearRing>
					</outerBoundaryIs>
				</Polygon>
			</Placemark>
			<Placemark>
				<name>1.4.124-25</name>
				<styleUrl>#msn_ylw-pushpin51111002</styleUrl>
				<Polygon>
					<tessellate>1</tessellate>
					<outerBoundaryIs>
						<LinearRing>
							<coordinates>
								-71.59550686236695,-16.33558085053405,0 -71.5952111923233,-16.33580869995227,0 -71.59496740102148,-16.33553077900912,0 -71.59525661505091,-16.3353000513716,0 -71.59550686236695,-16.33558085053405,0 
							</coordinates>
						</LinearRing>
					</outerBoundaryIs>
				</Polygon>
			</Placemark>
			<Placemark>
				<name>1.4.124-26</name>
				<styleUrl>#msn_ylw-pushpin51111002</styleUrl>
				<Polygon>
					<tessellate>1</tessellate>
					<outerBoundaryIs>
						<LinearRing>
							<coordinates>
								-71.59604290061125,-16.3361964231423,0 -71.5954099842325,-16.33671102614647,0 -71.59491758996219,-16.33613268227286,0 -71.59554995268404,-16.33563201289309,0 -71.59604290061125,-16.3361964231423,0 
							</coordinates>
						</LinearRing>
					</outerBoundaryIs>
				</Polygon>
			</Placemark>
			<Placemark>
				<name>1.4.124-27</name>
				<styleUrl>#msn_ylw-pushpin51111002</styleUrl>
				<Polygon>
					<tessellate>1</tessellate>
					<outerBoundaryIs>
						<LinearRing>
							<coordinates>
								-71.59670102731134,-16.33696660316908,0 -71.59607578066719,-16.3374717592598,0 -71.59557927832422,-16.33690995389465,0 -71.59620447834813,-16.3363969114588,0 -71.59670102731134,-16.33696660316908,0 
							</coordinates>
						</LinearRing>
					</outerBoundaryIs>
				</Polygon>
			</Placemark>
			<Placemark>
				<name>1.4.124-28</name>
				<styleUrl>#msn_ylw-pushpin51111002</styleUrl>
				<Polygon>
					<tessellate>1</tessellate>
					<outerBoundaryIs>
						<LinearRing>
							<coordinates>
								-71.59678211468376,-16.33706475897987,0 -71.59696353544201,-16.33728567957969,0 -71.59659463283849,-16.33758027098823,0 -71.59640446815536,-16.33735061430078,0 -71.59678211468376,-16.33706475897987,0 
							</coordinates>
						</LinearRing>
					</outerBoundaryIs>
				</Polygon>
			</Placemark>
			<Placemark>
				<name>1.4.124-32</name>
				<styleUrl>#msn_ylw-pushpin51111002</styleUrl>
				<Polygon>
					<tessellate>1</tessellate>
					<outerBoundaryIs>
						<LinearRing>
							<coordinates>
								-71.5969613069371,-16.33521981986525,0 -71.59694118181696,-16.33535541695585,0 -71.59697102892262,-16.33546921246765,0 -71.59619171436751,-16.33606770483106,0 -71.59569825266523,-16.33551082793863,0 -71.59660675301777,-16.3347803518051,0 -71.5969613069371,-16.33521981986525,0 
							</coordinates>
						</LinearRing>
					</outerBoundaryIs>
				</Polygon>
			</Placemark>
			<Placemark>
				<name>1.4.124-33</name>
				<styleUrl>#msn_ylw-pushpin51111002</styleUrl>
				<Polygon>
					<tessellate>1</tessellate>
					<outerBoundaryIs>
						<LinearRing>
							<coordinates>
								-71.5963188962718,-16.33445771571589,0 -71.5965723290055,-16.33474010094172,0 -71.59602231895639,-16.33517240906446,0 -71.595775119303,-16.33489502132645,0 -71.5963188962718,-16.33445771571589,0 
							</coordinates>
						</LinearRing>
					</outerBoundaryIs>
				</Polygon>
			</Placemark>
			<Placemark>
				<name>1.4.124-34</name>
				<styleUrl>#msn_ylw-pushpin51111002</styleUrl>
				<Polygon>
					<tessellate>1</tessellate>
					<outerBoundaryIs>
						<LinearRing>
							<coordinates>
								-71.59596535447616,-16.33522918013787,0 -71.59566785991424,-16.33547631406702,0 -71.59540150611981,-16.33518295423376,0 -71.59570928101017,-16.33493870627538,0 -71.59596535447616,-16.33522918013787,0 
							</coordinates>
						</LinearRing>
					</outerBoundaryIs>
				</Polygon>
			</Placemark>
			<Placemark>
				<name>1.4.124-35</name>
				<styleUrl>#msn_ylw-pushpin51111002</styleUrl>
				<Polygon>
					<tessellate>1</tessellate>
					<outerBoundaryIs>
						<LinearRing>
							<coordinates>
								-71.59561860297454,-16.33482090563881,0 -71.59532082880447,-16.33506025314059,0 -71.59455986008827,-16.33419810699287,0 -71.59485763268837,-16.33397097190693,0 -71.59561860297454,-16.33482090563881,0 
							</coordinates>
						</LinearRing>
					</outerBoundaryIs>
				</Polygon>
			</Placemark>
			<Placemark>
				<name>1.4.124-36</name>
				<styleUrl>#msn_ylw-pushpin51111002</styleUrl>
				<Polygon>
					<tessellate>1</tessellate>
					<outerBoundaryIs>
						<LinearRing>
							<coordinates>
								-71.59542263370308,-16.33413460999783,0 -71.59527756489632,-16.33425916854952,0 -71.59493143960165,-16.33390014466403,0 -71.5951070487861,-16.33378291316765,0 -71.59542263370308,-16.33413460999783,0 
							</coordinates>
						</LinearRing>
					</outerBoundaryIs>
				</Polygon>
			</Placemark>
			<Placemark>
				<name>1.4.124-37</name>
				<styleUrl>#msn_ylw-pushpin51111002</styleUrl>
				<Polygon>
					<tessellate>1</tessellate>
					<outerBoundaryIs>
						<LinearRing>
							<coordinates>
								-71.59627523128371,-16.33436663203771,0 -71.59598509280667,-16.33462551940001,0 -71.59518085649461,-16.33370720161221,0 -71.59550153362818,-16.33348006495381,0 -71.59627523128371,-16.33436663203771,0 
							</coordinates>
						</LinearRing>
					</outerBoundaryIs>
				</Polygon>
			</Placemark>
			<Placemark>
				<name>1.4.124-38</name>
				<styleUrl>#msn_ylw-pushpin51111002</styleUrl>
				<Polygon>
					<tessellate>1</tessellate>
					<outerBoundaryIs>
						<LinearRing>
							<coordinates>
								-71.59437214988198,-16.33276401107878,0 -71.59456456692899,-16.33239790921771,0 -71.59542298926078,-16.33336810939006,0 -71.59509738142981,-16.33361115555358,0 -71.59437214988198,-16.33276401107878,0 
							</coordinates>
						</LinearRing>
					</outerBoundaryIs>
				</Polygon>
			</Placemark>
			<Placemark>
				<name>1.4.124-39</name>
				<styleUrl>#msn_ylw-pushpin51111002</styleUrl>
				<Polygon>
					<tessellate>1</tessellate>
					<outerBoundaryIs>
						<LinearRing>
							<coordinates>
								-71.59503238840628,-16.33367844200654,0 -71.59485946040012,-16.33380293745574,0 -71.59423706510034,-16.3330416304386,0 -71.59432879996243,-16.33286404964072,0 -71.59503238840628,-16.33367844200654,0 
							</coordinates>
						</LinearRing>
					</outerBoundaryIs>
				</Polygon>
			</Placemark>
			<Placemark>
				<name>1.4.124-40</name>
				<styleUrl>#msn_ylw-pushpin51111002</styleUrl>
				<Polygon>
					<tessellate>1</tessellate>
					<outerBoundaryIs>
						<LinearRing>
							<coordinates>
								-71.5947955955783,-16.33386903780147,0 -71.59451350281557,-16.33410272228054,0 -71.59398239963549,-16.33350447321441,0 -71.59417640123338,-16.33314566576071,0 -71.5947955955783,-16.33386903780147,0 
							</coordinates>
						</LinearRing>
					</outerBoundaryIs>
				</Polygon>
			</Placemark>
			<Placemark>
				<name>1.4.139-1</name>
				<styleUrl>#msn_ylw-pushpin51111002</styleUrl>
				<Polygon>
					<tessellate>1</tessellate>
					<outerBoundaryIs>
						<LinearRing>
							<coordinates>
								-71.6054280826924,-16.32716565024256,0 -71.60505906145359,-16.32740517200885,0 -71.60499954487406,-16.32727810644797,0 -71.60518351532657,-16.32713428774019,0 -71.6050604031072,-16.32698989569317,0 -71.60517797715099,-16.32688958578527,0 -71.6054280826924,-16.32716565024256,0 
							</coordinates>
						</LinearRing>
					</outerBoundaryIs>
				</Polygon>
			</Placemark>
			<Placemark>
				<name>1.4.139-2</name>
				<styleUrl>#msn_ylw-pushpin51111002</styleUrl>
				<Polygon>
					<tessellate>1</tessellate>
					<outerBoundaryIs>
						<LinearRing>
							<coordinates>
								-71.60533500692095,-16.32641420753427,0 -71.60577164972641,-16.3269450017287,0 -71.60548618978572,-16.32713102735052,0 -71.60532669575672,-16.32697374153609,0 -71.6051814591911,-16.32678236920224,0 -71.60533500692095,-16.32641420753427,0 
							</coordinates>
						</LinearRing>
					</outerBoundaryIs>
				</Polygon>
			</Placemark>
			<Placemark>
				<name>1.4.139-3</name>
				<styleUrl>#msn_ylw-pushpin51111002</styleUrl>
				<Polygon>
					<tessellate>1</tessellate>
					<outerBoundaryIs>
						<LinearRing>
							<coordinates>
								-71.60617744962774,-16.32667033490096,0 -71.6058861728426,-16.32687780778129,0 -71.60534913027931,-16.32624988387531,0 -71.60546986534015,-16.32613453813519,0 -71.60553016707183,-16.32606896449189,0 -71.60543452921898,-16.32596531304558,0 -71.60551869354917,-16.32591473749848,0 -71.60617744962774,-16.32667033490096,0 
							</coordinates>
						</LinearRing>
					</outerBoundaryIs>
				</Polygon>
			</Placemark>
			<Placemark>
				<name>1.4.139-4</name>
				<styleUrl>#msn_ylw-pushpin51111002</styleUrl>
				<Polygon>
					<tessellate>1</tessellate>
					<outerBoundaryIs>
						<LinearRing>
							<coordinates>
								-71.60572635825343,-16.32571348597498,0 -71.60607861850136,-16.32610953455886,0 -71.60590485411112,-16.32626961350169,0 -71.60559901387046,-16.32591537991652,0 -71.60572635825343,-16.32571348597498,0 
							</coordinates>
						</LinearRing>
					</outerBoundaryIs>
				</Polygon>
			</Placemark>
			<Placemark>
				<name>1.4.139-5</name>
				<styleUrl>#msn_ylw-pushpin51111002</styleUrl>
				<Polygon>
					<tessellate>1</tessellate>
					<outerBoundaryIs>
						<LinearRing>
							<coordinates>
								-71.60645028816465,-16.32651837237517,0 -71.60622298663577,-16.32664221497773,0 -71.60592586892558,-16.3263006041072,0 -71.60610307733614,-16.3261439664632,0 -71.60645028816465,-16.32651837237517,0 
							</coordinates>
						</LinearRing>
					</outerBoundaryIs>
				</Polygon>
			</Placemark>
			<Placemark>
				<name>1.4.139-6</name>
				<styleUrl>#msn_ylw-pushpin51111002</styleUrl>
				<Polygon>
					<tessellate>1</tessellate>
					<outerBoundaryIs>
						<LinearRing>
							<coordinates>
								-71.60576745765296,-16.32566956729831,0 -71.60594256169144,-16.32551325035589,0 -71.60594899187376,-16.32552270120969,0 -71.6063023702027,-16.32593687996774,0 -71.60612185131899,-16.32609459550834,0 -71.60576745765296,-16.32566956729831,0 
							</coordinates>
						</LinearRing>
					</outerBoundaryIs>
				</Polygon>
			</Placemark>
			<Placemark>
				<name>1.4.139-7</name>
				<styleUrl>#msn_ylw-pushpin51111002</styleUrl>
				<Polygon>
					<tessellate>1</tessellate>
					<outerBoundaryIs>
						<LinearRing>
							<coordinates>
								-71.60665980944799,-16.32635192497825,0 -71.60647086719698,-16.32648144901264,0 -71.60614346911063,-16.3261172588279,0 -71.60633498264602,-16.32595982527781,0 -71.60665980944799,-16.32635192497825,0 
							</coordinates>
						</LinearRing>
					</outerBoundaryIs>
				</Polygon>
			</Placemark>
			<Placemark>
				<name>1.4.139-8</name>
				<styleUrl>#msn_ylw-pushpin51111002</styleUrl>
				<Polygon>
					<tessellate>1</tessellate>
					<outerBoundaryIs>
						<LinearRing>
							<coordinates>
								-71.60599595875281,-16.32547883641655,0 -71.60617203264891,-16.32533034144969,0 -71.60617843505109,-16.32533958581784,0 -71.60618780052638,-16.32534676925454,0 -71.60654481186928,-16.32575555965685,0 -71.60637024833565,-16.32591088290314,0 -71.60599595875281,-16.32547883641655,0 
							</coordinates>
						</LinearRing>
					</outerBoundaryIs>
				</Polygon>
			</Placemark>
			<Placemark>
				<name>1.4.139-9</name>
				<styleUrl>#msn_ylw-pushpin51111002</styleUrl>
				<Polygon>
					<tessellate>1</tessellate>
					<outerBoundaryIs>
						<LinearRing>
							<coordinates>
								-71.60637870791354,-16.32592375033404,0 -71.60656792577569,-16.32578149085511,0 -71.60692500479101,-16.32619930207784,0 -71.60671649767576,-16.32633104684961,0 -71.60637870791354,-16.32592375033404,0 
							</coordinates>
						</LinearRing>
					</outerBoundaryIs>
				</Polygon>
			</Placemark>
			<Placemark>
				<name>1.4.139-10</name>
				<styleUrl>#msn_ylw-pushpin51111002</styleUrl>
				<Polygon>
					<tessellate>1</tessellate>
					<outerBoundaryIs>
						<LinearRing>
							<coordinates>
								-71.6072325162594,-16.32602790143736,0 -71.60698245261752,-16.32616931495318,0 -71.60659313734213,-16.32575770714502,0 -71.60621386605943,-16.325294793269,0 -71.60642262948167,-16.32511133043806,0 -71.6072325162594,-16.32602790143736,0 
							</coordinates>
						</LinearRing>
					</outerBoundaryIs>
				</Polygon>
			</Placemark>
			<Placemark>
				<name>1.4.139-11</name>
				<styleUrl>#msn_ylw-pushpin51111002</styleUrl>
				<Polygon>
					<tessellate>1</tessellate>
					<outerBoundaryIs>
						<LinearRing>
							<coordinates>
								-71.60744843763749,-16.32588251611324,0 -71.60733325860602,-16.32594712864636,0 -71.60678329576839,-16.32530945042314,0 -71.60677625830105,-16.32530416453525,0 -71.60688709745287,-16.3252282126504,0 -71.60744843763749,-16.32588251611324,0 
							</coordinates>
						</LinearRing>
					</outerBoundaryIs>
				</Polygon>
			</Placemark>
			<Placemark>
				<name>1.4.139-12</name>
				<styleUrl>#msn_ylw-pushpin51111002</styleUrl>
				<Polygon>
					<tessellate>1</tessellate>
					<outerBoundaryIs>
						<LinearRing>
							<coordinates>
								-71.60772938541939,-16.32569551647662,0 -71.60749211441774,-16.32585568645226,0 -71.60695442431476,-16.3251883480512,0 -71.606944378975,-16.32517830631717,0 -71.60693917548946,-16.32517515513269,0 -71.60715235097832,-16.32501118330545,0 -71.60772938541939,-16.32569551647662,0 
							</coordinates>
						</LinearRing>
					</outerBoundaryIs>
				</Polygon>
			</Placemark>
			<Placemark>
				<name>1.4.139-13</name>
				<styleUrl>#msn_ylw-pushpin51111002</styleUrl>
				<Polygon>
					<tessellate>1</tessellate>
					<outerBoundaryIs>
						<LinearRing>
							<coordinates>
								-71.60802858366496,-16.32550862220496,0 -71.60779076613186,-16.32566838145666,0 -71.60719386924924,-16.3249593377465,0 -71.60741120479263,-16.32479182663602,0 -71.60802858366496,-16.32550862220496,0 
							</coordinates>
						</LinearRing>
					</outerBoundaryIs>
				</Polygon>
			</Placemark>
			<Placemark>
				<name>1.4.139-14</name>
				<styleUrl>#msn_ylw-pushpin51111002</styleUrl>
				<Polygon>
					<tessellate>1</tessellate>
					<outerBoundaryIs>
						<LinearRing>
							<coordinates>
								-71.60814910191816,-16.32511091161814,0 -71.60803054814842,-16.3254324172751,0 -71.60745705481972,-16.32474309081507,0 -71.60767471834579,-16.32456861337347,0 -71.60814910191816,-16.32511091161814,0 
							</coordinates>
						</LinearRing>
					</outerBoundaryIs>
				</Polygon>
			</Placemark>
			<Placemark>
				<name>1.4.139-15</name>
				<styleUrl>#msn_ylw-pushpin51111002</styleUrl>
				<Polygon>
					<tessellate>1</tessellate>
					<outerBoundaryIs>
						<LinearRing>
							<coordinates>
								-71.60761852022662,-16.32452259820545,0 -71.6067426872402,-16.32525233666297,0 -71.6065454797224,-16.32502701330561,0 -71.60743369747047,-16.32427875545608,0 -71.60761852022662,-16.32452259820545,0 
							</coordinates>
						</LinearRing>
					</outerBoundaryIs>
				</Polygon>
			</Placemark>
			<Placemark>
				<name>1.4.139-16</name>
				<styleUrl>#msn_ylw-pushpin51111002</styleUrl>
				<Polygon>
					<tessellate>1</tessellate>
					<outerBoundaryIs>
						<LinearRing>
							<coordinates>
								-71.60469403551564,-16.3269726481732,0 -71.60444107416122,-16.32785854337575,0 -71.6043027142172,-16.3279940184597,0 -71.60334488556003,-16.32685418774402,0 -71.60473427773111,-16.32575251485057,0 -71.60494102105845,-16.32600005531512,0 -71.60469403551564,-16.3269726481732,0 
							</coordinates>
						</LinearRing>
					</outerBoundaryIs>
				</Polygon>
			</Placemark>
			<Placemark>
				<name>1.4.139-20</name>
				<styleUrl>#msn_ylw-pushpin51111002</styleUrl>
				<Polygon>
					<tessellate>1</tessellate>
					<outerBoundaryIs>
						<LinearRing>
							<coordinates>
								-71.60632511216701,-16.32500228526225,0 -71.60576911228202,-16.32551249604552,0 -71.60551923188737,-16.32522128061201,0 -71.60545407202642,-16.3250085323164,0 -71.60523649005175,-16.32442869651547,0 -71.60520887619313,-16.32411719549749,0 -71.60542244850251,-16.32393349753085,0 -71.60632511216701,-16.32500228526225,0 
							</coordinates>
						</LinearRing>
					</outerBoundaryIs>
				</Polygon>
			</Placemark>
			<Placemark>
				<name>1.4.139-21</name>
				<styleUrl>#msn_ylw-pushpin51111002</styleUrl>
				<Polygon>
					<tessellate>1</tessellate>
					<outerBoundaryIs>
						<LinearRing>
							<coordinates>
								-71.60733831966382,-16.32418281475432,0 -71.60645122724385,-16.32493702363338,0 -71.60570795403247,-16.32406096719989,0 -71.60659301475232,-16.32332434775938,0 -71.60733831966382,-16.32418281475432,0 
							</coordinates>
						</LinearRing>
					</outerBoundaryIs>
				</Polygon>
			</Placemark>
			<Placemark>
				<name>1.4.139-22</name>
				<styleUrl>#msn_ylw-pushpin51111002</styleUrl>
				<Polygon>
					<tessellate>1</tessellate>
					<outerBoundaryIs>
						<LinearRing>
							<coordinates>
								-71.60650317489775,-16.32321801869609,0 -71.60558628764221,-16.32393973730454,0 -71.60509826348132,-16.32336237614604,0 -71.60521118884087,-16.32321935884096,0 -71.60524303310029,-16.32309423215346,0 -71.60522318985609,-16.32296543606932,0 -71.60515706261552,-16.32281674245487,0 -71.6057348019249,-16.32233578438381,0 -71.60650317489775,-16.32321801869609,0 
							</coordinates>
						</LinearRing>
					</outerBoundaryIs>
				</Polygon>
			</Placemark>
			<Placemark>
				<name>1.4.139-23</name>
				<LookAt>
					<longitude>-71.6045893188149</longitude>
					<latitude>-16.32384033514933</latitude>
					<altitude>0</altitude>
					<heading>-0.005164102950550959</heading>
					<tilt>30.00523464533802</tilt>
					<range>613.838685950222</range>
					<gx:altitudeMode>relativeToSeaFloor</gx:altitudeMode>
				</LookAt>
				<styleUrl>#msn_ylw-pushpin51111002</styleUrl>
				<Polygon>
					<tessellate>1</tessellate>
					<outerBoundaryIs>
						<LinearRing>
							<coordinates>
								-71.60556219252231,-16.32213330960514,0 -71.60495669753945,-16.32265086745323,0 -71.60461386883985,-16.32278377751749,0 -71.60447788370173,-16.3226275418438,0 -71.60411669242603,-16.32222142682609,0 -71.6051780622044,-16.3216798053611,0 -71.60556219252231,-16.32213330960514,0 
							</coordinates>
						</LinearRing>
					</outerBoundaryIs>
				</Polygon>
			</Placemark>
			<Placemark>
				<name>1.4.139-24</name>
				<styleUrl>#msn_ylw-pushpin51111002</styleUrl>
				<Polygon>
					<tessellate>1</tessellate>
					<outerBoundaryIs>
						<LinearRing>
							<coordinates>
								-71.6045405061075,-16.32291218236493,0 -71.60447077685778,-16.32309679334116,0 -71.60447016633111,-16.32322608363214,0 -71.60413691196872,-16.3234689942178,0 -71.6018500846307,-16.32460552304217,0 -71.60134913816427,-16.32355242496352,0 -71.6039728152662,-16.32226991247593,0 -71.6045405061075,-16.32291218236493,0 
							</coordinates>
						</LinearRing>
					</outerBoundaryIs>
				</Polygon>
			</Placemark>
			<Placemark>
				<name>1.4.139-25</name>
				<styleUrl>#msn_ylw-pushpin51111002</styleUrl>
				<Polygon>
					<tessellate>1</tessellate>
					<outerBoundaryIs>
						<LinearRing>
							<coordinates>
								-71.60491456089409,-16.32370917433439,0 -71.60487467226346,-16.32382401144469,0 -71.60392768471823,-16.32458089163063,0 -71.60351562307305,-16.32413074393124,0 -71.60456601152808,-16.32331247394686,0 -71.60491456089409,-16.32370917433439,0 
							</coordinates>
						</LinearRing>
					</outerBoundaryIs>
				</Polygon>
			</Placemark>
			<Placemark>
				<name>1.4.139-26</name>
				<styleUrl>#msn_ylw-pushpin51111002</styleUrl>
				<Polygon>
					<tessellate>1</tessellate>
					<outerBoundaryIs>
						<LinearRing>
							<coordinates>
								-71.60378671982997,-16.32468742631718,0 -71.60239976568445,-16.32578681093164,0 -71.60186154961414,-16.32512517409603,0 -71.60192643366351,-16.32469199665858,0 -71.6032605613858,-16.32403132787367,0 -71.60378671982997,-16.32468742631718,0 
							</coordinates>
						</LinearRing>
					</outerBoundaryIs>
				</Polygon>
			</Placemark>
			<Placemark>
				<name>1.4.139-27</name>
				<styleUrl>#msn_ylw-pushpin51111002</styleUrl>
				<Polygon>
					<tessellate>1</tessellate>
					<outerBoundaryIs>
						<LinearRing>
							<coordinates>
								-71.60484250121594,-16.32426400617384,0 -71.60470073453145,-16.32436855215148,0 -71.60513043847672,-16.32493891174684,0 -71.60492778434416,-16.32509154316257,0 -71.60501656208525,-16.32523750981748,0 -71.60497681326535,-16.32538547399759,0 -71.60474635499357,-16.32554523647941,0 -71.60400914057045,-16.32468311167719,0 -71.60476816372002,-16.32405112043534,0 -71.60484250121594,-16.32426400617384,0 
							</coordinates>
						</LinearRing>
					</outerBoundaryIs>
				</Polygon>
			</Placemark>
			<Placemark>
				<name>1.4.139-28</name>
				<styleUrl>#msn_ylw-pushpin51111002</styleUrl>
				<Polygon>
					<tessellate>1</tessellate>
					<outerBoundaryIs>
						<LinearRing>
							<coordinates>
								-71.60464109196641,-16.3256491214954,0 -71.60327327791333,-16.32675031621553,0 -71.60249777964032,-16.3258903382041,0 -71.60390675284869,-16.32476911237783,0 -71.60464109196641,-16.3256491214954,0 
							</coordinates>
						</LinearRing>
					</outerBoundaryIs>
				</Polygon>
			</Placemark>
			<Placemark>
				<name>1.4.156-1</name>
				<styleUrl>#msn_ylw-pushpin51111002</styleUrl>
				<ExtendedData>
					<SchemaData schemaUrl="#S_yura_poligono_DSSSSDDDDS00100">
						<SimpleData name="fid">40279</SimpleData>
						<SimpleData name="handle">267964</SimpleData>
						<SimpleData name="block">-1</SimpleData>
						<SimpleData name="etype">18</SimpleData>
						<SimpleData name="space">0</SimpleData>
						<SimpleData name="layer">MANZANAS</SimpleData>
						<SimpleData name="olinetype">bylayer</SimpleData>
						<SimpleData name="linetype"></SimpleData>
						<SimpleData name="color">127,127,255,255</SimpleData>
						<SimpleData name="ocolor">256</SimpleData>
						<SimpleData name="color24">-1</SimpleData>
						<SimpleData name="transparen">0</SimpleData>
						<SimpleData name="lweight">-1</SimpleData>
						<SimpleData name="linewidth">0.15</SimpleData>
						<SimpleData name="ltscale">1</SimpleData>
						<SimpleData name="visible">1</SimpleData>
						<SimpleData name="width">0</SimpleData>
						<SimpleData name="thickness">0</SimpleData>
						<SimpleData name="ext">(3:0,0,0.1)</SimpleData>
					</SchemaData>
				</ExtendedData>
				<Polygon>
					<outerBoundaryIs>
						<LinearRing>
							<coordinates>
								-71.61484145854472,-16.32024044767955,0 -71.61527062076293,-16.32083255386658,0 -71.61477908581621,-16.32115696098758,0 -71.61471805345199,-16.3211792980195,0 -71.61462679588254,-16.3211265680247,0 -71.61452982336462,-16.32110827888853,0 -71.61439403823435,-16.3211220120088,0 -71.61411360108967,-16.32070095119683,0 -71.61484145854472,-16.32024044767955,0 
							</coordinates>
						</LinearRing>
					</outerBoundaryIs>
				</Polygon>
			</Placemark>
			<Placemark>
				<name>1.4.156-2</name>
				<styleUrl>#msn_ylw-pushpin51111002</styleUrl>
				<ExtendedData>
					<SchemaData schemaUrl="#S_yura_poligono_DSSSSDDDDS00100">
						<SimpleData name="fid">40281</SimpleData>
						<SimpleData name="handle">267966</SimpleData>
						<SimpleData name="block">-1</SimpleData>
						<SimpleData name="etype">18</SimpleData>
						<SimpleData name="space">0</SimpleData>
						<SimpleData name="layer">MANZANAS</SimpleData>
						<SimpleData name="olinetype">bylayer</SimpleData>
						<SimpleData name="linetype"></SimpleData>
						<SimpleData name="color">127,127,255,255</SimpleData>
						<SimpleData name="ocolor">256</SimpleData>
						<SimpleData name="color24">-1</SimpleData>
						<SimpleData name="transparen">0</SimpleData>
						<SimpleData name="lweight">-1</SimpleData>
						<SimpleData name="linewidth">0.15</SimpleData>
						<SimpleData name="ltscale">1</SimpleData>
						<SimpleData name="visible">1</SimpleData>
						<SimpleData name="width">0</SimpleData>
						<SimpleData name="thickness">0</SimpleData>
						<SimpleData name="ext">(3:0,0,0.1)</SimpleData>
					</SchemaData>
				</ExtendedData>
				<Polygon>
					<outerBoundaryIs>
						<LinearRing>
							<coordinates>
								-71.61476906409656,-16.32012171528367,0 -71.6140468914912,-16.32060484305217,0 -71.61323061406283,-16.31935566269197,0 -71.61392664451564,-16.31894089114829,0 -71.61476906409656,-16.32012171528367,0 
							</coordinates>
						</LinearRing>
					</outerBoundaryIs>
				</Polygon>
			</Placemark>
			<Placemark>
				<name>1.4.156-3</name>
				<styleUrl>#msn_ylw-pushpin51111002</styleUrl>
				<ExtendedData>
					<SchemaData schemaUrl="#S_yura_poligono_DSSSSDDDDS00100">
						<SimpleData name="fid">40283</SimpleData>
						<SimpleData name="handle">267968</SimpleData>
						<SimpleData name="block">-1</SimpleData>
						<SimpleData name="etype">18</SimpleData>
						<SimpleData name="space">0</SimpleData>
						<SimpleData name="layer">MANZANAS</SimpleData>
						<SimpleData name="olinetype">bylayer</SimpleData>
						<SimpleData name="linetype"></SimpleData>
						<SimpleData name="color">127,127,255,255</SimpleData>
						<SimpleData name="ocolor">256</SimpleData>
						<SimpleData name="color24">-1</SimpleData>
						<SimpleData name="transparen">0</SimpleData>
						<SimpleData name="lweight">-1</SimpleData>
						<SimpleData name="linewidth">0.15</SimpleData>
						<SimpleData name="ltscale">1</SimpleData>
						<SimpleData name="visible">1</SimpleData>
						<SimpleData name="width">0</SimpleData>
						<SimpleData name="thickness">0</SimpleData>
						<SimpleData name="ext">(3:0,0,0.1)</SimpleData>
					</SchemaData>
				</ExtendedData>
				<Polygon>
					<outerBoundaryIs>
						<LinearRing>
							<coordinates>
								-71.6138558796773,-16.31879627727103,0 -71.6131248916676,-16.31927411787765,0 -71.61214495199518,-16.31788004295696,0 -71.61283018788808,-16.31735498350656,0 -71.6138558796773,-16.31879627727103,0 
							</coordinates>
						</LinearRing>
					</outerBoundaryIs>
				</Polygon>
			</Placemark>
			<Placemark>
				<name>1.4.156-4</name>
				<styleUrl>#msn_ylw-pushpin51111002</styleUrl>
				<ExtendedData>
					<SchemaData schemaUrl="#S_yura_poligono_DSSSSDDDDS00100">
						<SimpleData name="fid">40300</SimpleData>
						<SimpleData name="handle">267985</SimpleData>
						<SimpleData name="block">-1</SimpleData>
						<SimpleData name="etype">18</SimpleData>
						<SimpleData name="space">0</SimpleData>
						<SimpleData name="layer">MANZANAS</SimpleData>
						<SimpleData name="olinetype">bylayer</SimpleData>
						<SimpleData name="linetype"></SimpleData>
						<SimpleData name="color">127,127,255,255</SimpleData>
						<SimpleData name="ocolor">256</SimpleData>
						<SimpleData name="color24">-1</SimpleData>
						<SimpleData name="transparen">0</SimpleData>
						<SimpleData name="lweight">-1</SimpleData>
						<SimpleData name="linewidth">0.15</SimpleData>
						<SimpleData name="ltscale">1</SimpleData>
						<SimpleData name="visible">1</SimpleData>
						<SimpleData name="width">0</SimpleData>
						<SimpleData name="thickness">0</SimpleData>
						<SimpleData name="ext">(3:0,0,0.1)</SimpleData>
					</SchemaData>
				</ExtendedData>
				<Polygon>
					<outerBoundaryIs>
						<LinearRing>
							<coordinates>
								-71.61436473679808,-16.3214422694369,0 -71.61286125078442,-16.3223887994538,0 -71.61269650338794,-16.32204462993718,0 -71.61276773249394,-16.32160041331488,0 -71.61283139074231,-16.32155228241982,0 -71.61392205200595,-16.32084876326004,0 -71.61436473679808,-16.3214422694369,0 
							</coordinates>
						</LinearRing>
					</outerBoundaryIs>
				</Polygon>
			</Placemark>
			<Placemark>
				<name>1.4.156-5</name>
				<styleUrl>#msn_ylw-pushpin51111002</styleUrl>
				<ExtendedData>
					<SchemaData schemaUrl="#S_yura_poligono_DSSSSDDDDS00100">
						<SimpleData name="fid">40280</SimpleData>
						<SimpleData name="handle">267965</SimpleData>
						<SimpleData name="block">-1</SimpleData>
						<SimpleData name="etype">18</SimpleData>
						<SimpleData name="space">0</SimpleData>
						<SimpleData name="layer">MANZANAS</SimpleData>
						<SimpleData name="olinetype">bylayer</SimpleData>
						<SimpleData name="linetype"></SimpleData>
						<SimpleData name="color">127,127,255,255</SimpleData>
						<SimpleData name="ocolor">256</SimpleData>
						<SimpleData name="color24">-1</SimpleData>
						<SimpleData name="transparen">0</SimpleData>
						<SimpleData name="lweight">-1</SimpleData>
						<SimpleData name="linewidth">0.15</SimpleData>
						<SimpleData name="ltscale">1</SimpleData>
						<SimpleData name="visible">1</SimpleData>
						<SimpleData name="width">0</SimpleData>
						<SimpleData name="thickness">0</SimpleData>
						<SimpleData name="ext">(3:0,0,0.1)</SimpleData>
					</SchemaData>
				</ExtendedData>
				<Polygon>
					<outerBoundaryIs>
						<LinearRing>
							<coordinates>
								-71.61383942414818,-16.32072574308474,0 -71.61301068362044,-16.32125785650799,0 -71.61286837993556,-16.32101292257667,0 -71.61292377332897,-16.32042359330972,0 -71.61341464982328,-16.32014471216779,0 -71.61383942414818,-16.32072574308474,0 
							</coordinates>
						</LinearRing>
					</outerBoundaryIs>
				</Polygon>
			</Placemark>
			<Placemark>
				<name>1.4.156-6</name>
				<styleUrl>#msn_ylw-pushpin51111002</styleUrl>
				<ExtendedData>
					<SchemaData schemaUrl="#S_yura_poligono_DSSSSDDDDS00100">
						<SimpleData name="fid">40288</SimpleData>
						<SimpleData name="handle">267973</SimpleData>
						<SimpleData name="block">-1</SimpleData>
						<SimpleData name="etype">18</SimpleData>
						<SimpleData name="space">0</SimpleData>
						<SimpleData name="layer">MANZANAS</SimpleData>
						<SimpleData name="olinetype">bylayer</SimpleData>
						<SimpleData name="linetype"></SimpleData>
						<SimpleData name="color">127,127,255,255</SimpleData>
						<SimpleData name="ocolor">256</SimpleData>
						<SimpleData name="color24">-1</SimpleData>
						<SimpleData name="transparen">0</SimpleData>
						<SimpleData name="lweight">-1</SimpleData>
						<SimpleData name="linewidth">0.15</SimpleData>
						<SimpleData name="ltscale">1</SimpleData>
						<SimpleData name="visible">1</SimpleData>
						<SimpleData name="width">0</SimpleData>
						<SimpleData name="thickness">0</SimpleData>
						<SimpleData name="ext">(3:0,0,0.1)</SimpleData>
					</SchemaData>
				</ExtendedData>
				<Polygon>
					<outerBoundaryIs>
						<LinearRing>
							<coordinates>
								-71.61239724431339,-16.31905428152189,0 -71.61108929133238,-16.31994846896696,0 -71.61043008750653,-16.31896676590549,0 -71.61175400223142,-16.31812003407565,0 -71.61239724431339,-16.31905428152189,0 
							</coordinates>
						</LinearRing>
					</outerBoundaryIs>
				</Polygon>
			</Placemark>
			<Placemark>
				<name>1.4.156-7</name>
				<styleUrl>#msn_ylw-pushpin51111002</styleUrl>
				<ExtendedData>
					<SchemaData schemaUrl="#S_yura_poligono_DSSSSDDDDS00100">
						<SimpleData name="fid">40285</SimpleData>
						<SimpleData name="handle">267970</SimpleData>
						<SimpleData name="block">-1</SimpleData>
						<SimpleData name="etype">18</SimpleData>
						<SimpleData name="space">0</SimpleData>
						<SimpleData name="layer">MANZANAS</SimpleData>
						<SimpleData name="olinetype">bylayer</SimpleData>
						<SimpleData name="linetype"></SimpleData>
						<SimpleData name="color">127,127,255,255</SimpleData>
						<SimpleData name="ocolor">256</SimpleData>
						<SimpleData name="color24">-1</SimpleData>
						<SimpleData name="transparen">0</SimpleData>
						<SimpleData name="lweight">-1</SimpleData>
						<SimpleData name="linewidth">0.15</SimpleData>
						<SimpleData name="ltscale">1</SimpleData>
						<SimpleData name="visible">1</SimpleData>
						<SimpleData name="width">0</SimpleData>
						<SimpleData name="thickness">0</SimpleData>
						<SimpleData name="ext">(3:0,0,0.1)</SimpleData>
					</SchemaData>
				</ExtendedData>
				<Polygon>
					<outerBoundaryIs>
						<LinearRing>
							<coordinates>
								-71.61247249901692,-16.31918988253353,0 -71.61281166632159,-16.31965598411306,0 -71.61269917100495,-16.32039615370881,0 -71.61112017073526,-16.32140365515164,0 -71.61081393635236,-16.32026653913586,0 -71.61247249901692,-16.31918988253353,0 
							</coordinates>
						</LinearRing>
					</outerBoundaryIs>
				</Polygon>
			</Placemark>
			<Placemark>
				<name>1.4.156-8</name>
				<styleUrl>#msn_ylw-pushpin51111002</styleUrl>
				<ExtendedData>
					<SchemaData schemaUrl="#S_yura_poligono_DSSSSDDDDS00100">
						<SimpleData name="fid">40303</SimpleData>
						<SimpleData name="handle">267988</SimpleData>
						<SimpleData name="block">-1</SimpleData>
						<SimpleData name="etype">18</SimpleData>
						<SimpleData name="space">0</SimpleData>
						<SimpleData name="layer">MANZANAS</SimpleData>
						<SimpleData name="olinetype">bylayer</SimpleData>
						<SimpleData name="linetype"></SimpleData>
						<SimpleData name="color">127,127,255,255</SimpleData>
						<SimpleData name="ocolor">256</SimpleData>
						<SimpleData name="color24">-1</SimpleData>
						<SimpleData name="transparen">0</SimpleData>
						<SimpleData name="lweight">-1</SimpleData>
						<SimpleData name="linewidth">0.15</SimpleData>
						<SimpleData name="ltscale">1</SimpleData>
						<SimpleData name="visible">1</SimpleData>
						<SimpleData name="width">0</SimpleData>
						<SimpleData name="thickness">0</SimpleData>
						<SimpleData name="ext">(3:0,0,0.1)</SimpleData>
					</SchemaData>
				</ExtendedData>
				<Polygon>
					<outerBoundaryIs>
						<LinearRing>
							<coordinates>
								-71.61269308847342,-16.32058680574067,0 -71.61254089222783,-16.32159738043551,0 -71.61133671749735,-16.3223147624925,0 -71.61117387579351,-16.3215496875482,0 -71.61269308847342,-16.32058680574067,0 
							</coordinates>
						</LinearRing>
					</outerBoundaryIs>
				</Polygon>
			</Placemark>
			<Placemark>
				<name>1.4.156-9</name>
				<styleUrl>#msn_ylw-pushpin51111002</styleUrl>
				<ExtendedData>
					<SchemaData schemaUrl="#S_yura_poligono_DSSSSDDDDS00100">
						<SimpleData name="fid">40301</SimpleData>
						<SimpleData name="handle">267986</SimpleData>
						<SimpleData name="block">-1</SimpleData>
						<SimpleData name="etype">18</SimpleData>
						<SimpleData name="space">0</SimpleData>
						<SimpleData name="layer">MANZANAS</SimpleData>
						<SimpleData name="olinetype">bylayer</SimpleData>
						<SimpleData name="linetype"></SimpleData>
						<SimpleData name="color">127,127,255,255</SimpleData>
						<SimpleData name="ocolor">256</SimpleData>
						<SimpleData name="color24">-1</SimpleData>
						<SimpleData name="transparen">0</SimpleData>
						<SimpleData name="lweight">-1</SimpleData>
						<SimpleData name="linewidth">0.15</SimpleData>
						<SimpleData name="ltscale">1</SimpleData>
						<SimpleData name="visible">1</SimpleData>
						<SimpleData name="width">0</SimpleData>
						<SimpleData name="thickness">0</SimpleData>
						<SimpleData name="ext">(3:0,0,0.1)</SimpleData>
					</SchemaData>
				</ExtendedData>
				<Polygon>
					<outerBoundaryIs>
						<LinearRing>
							<coordinates>
								-71.61251871695681,-16.32173098664909,0 -71.61241696175048,-16.32269069841546,0 -71.61171451997048,-16.32310865468882,0 -71.61133653739823,-16.32250036800614,0 -71.61251871695681,-16.32173098664909,0 
							</coordinates>
						</LinearRing>
					</outerBoundaryIs>
				</Polygon>
			</Placemark>
			<Placemark>
				<name>1.4.156-10</name>
				<styleUrl>#msn_ylw-pushpin51111002</styleUrl>
				<ExtendedData>
					<SchemaData schemaUrl="#S_yura_poligono_DSSSSDDDDS00100">
						<SimpleData name="fid">40284</SimpleData>
						<SimpleData name="handle">267969</SimpleData>
						<SimpleData name="block">-1</SimpleData>
						<SimpleData name="etype">18</SimpleData>
						<SimpleData name="space">0</SimpleData>
						<SimpleData name="layer">MANZANAS</SimpleData>
						<SimpleData name="olinetype">bylayer</SimpleData>
						<SimpleData name="linetype"></SimpleData>
						<SimpleData name="color">127,127,255,255</SimpleData>
						<SimpleData name="ocolor">256</SimpleData>
						<SimpleData name="color24">-1</SimpleData>
						<SimpleData name="transparen">0</SimpleData>
						<SimpleData name="lweight">-1</SimpleData>
						<SimpleData name="linewidth">0.15</SimpleData>
						<SimpleData name="ltscale">1</SimpleData>
						<SimpleData name="visible">1</SimpleData>
						<SimpleData name="width">0</SimpleData>
						<SimpleData name="thickness">0</SimpleData>
						<SimpleData name="ext">(3:0,0,0.1)</SimpleData>
					</SchemaData>
				</ExtendedData>
				<Polygon>
					<outerBoundaryIs>
						<LinearRing>
							<coordinates>
								-71.61093729108012,-16.32153361830316,0 -71.6102632101173,-16.32197533401094,0 -71.60948293076468,-16.3211427084823,0 -71.6105819525603,-16.32042191529404,0 -71.61093729108012,-16.32153361830316,0 
							</coordinates>
						</LinearRing>
					</outerBoundaryIs>
				</Polygon>
			</Placemark>
			<Placemark>
				<name>1.4.156-11</name>
				<styleUrl>#msn_ylw-pushpin51111002</styleUrl>
				<ExtendedData>
					<SchemaData schemaUrl="#S_yura_poligono_DSSSSDDDDS00100">
						<SimpleData name="fid">40287</SimpleData>
						<SimpleData name="handle">267972</SimpleData>
						<SimpleData name="block">-1</SimpleData>
						<SimpleData name="etype">18</SimpleData>
						<SimpleData name="space">0</SimpleData>
						<SimpleData name="layer">MANZANAS</SimpleData>
						<SimpleData name="olinetype">bylayer</SimpleData>
						<SimpleData name="linetype"></SimpleData>
						<SimpleData name="color">127,127,255,255</SimpleData>
						<SimpleData name="ocolor">256</SimpleData>
						<SimpleData name="color24">-1</SimpleData>
						<SimpleData name="transparen">0</SimpleData>
						<SimpleData name="lweight">-1</SimpleData>
						<SimpleData name="linewidth">0.15</SimpleData>
						<SimpleData name="ltscale">1</SimpleData>
						<SimpleData name="visible">1</SimpleData>
						<SimpleData name="width">0</SimpleData>
						<SimpleData name="thickness">0</SimpleData>
						<SimpleData name="ext">(3:0,0,0.1)</SimpleData>
					</SchemaData>
				</ExtendedData>
				<Polygon>
					<outerBoundaryIs>
						<LinearRing>
							<coordinates>
								-71.61021837063453,-16.31905135869509,0 -71.61055588757247,-16.32029952985425,0 -71.60932313581321,-16.32106653593093,0 -71.60848198285507,-16.32021877799315,0 -71.61021837063453,-16.31905135869509,0 
							</coordinates>
						</LinearRing>
					</outerBoundaryIs>
				</Polygon>
			</Placemark>
			<Placemark>
				<name>1.4.156-12</name>
				<styleUrl>#msn_ylw-pushpin51111002</styleUrl>
				<ExtendedData>
					<SchemaData schemaUrl="#S_yura_poligono_DSSSSDDDDS00100">
						<SimpleData name="fid">40382</SimpleData>
						<SimpleData name="handle">268067</SimpleData>
						<SimpleData name="block">-1</SimpleData>
						<SimpleData name="etype">18</SimpleData>
						<SimpleData name="space">0</SimpleData>
						<SimpleData name="layer">MANZANAS</SimpleData>
						<SimpleData name="olinetype">bylayer</SimpleData>
						<SimpleData name="linetype"></SimpleData>
						<SimpleData name="color">127,127,255,255</SimpleData>
						<SimpleData name="ocolor">256</SimpleData>
						<SimpleData name="color24">-1</SimpleData>
						<SimpleData name="transparen">0</SimpleData>
						<SimpleData name="lweight">-1</SimpleData>
						<SimpleData name="linewidth">0.15</SimpleData>
						<SimpleData name="ltscale">1</SimpleData>
						<SimpleData name="visible">1</SimpleData>
						<SimpleData name="width">0</SimpleData>
						<SimpleData name="thickness">0</SimpleData>
						<SimpleData name="ext">(3:0,0,0.1)</SimpleData>
					</SchemaData>
				</ExtendedData>
				<Polygon>
					<outerBoundaryIs>
						<LinearRing>
							<coordinates>
								-71.60913984660604,-16.32119373400013,0 -71.60839523724522,-16.32165234737806,0 -71.60751715827188,-16.32225797547474,0 -71.6069509035367,-16.32122767525968,0 -71.60830701041014,-16.32034781804533,0 -71.60913984660604,-16.32119373400013,0 
							</coordinates>
						</LinearRing>
					</outerBoundaryIs>
				</Polygon>
			</Placemark>
			<Placemark>
				<name>1.4.156-13</name>
				<styleUrl>#msn_ylw-pushpin51111002</styleUrl>
				<ExtendedData>
					<SchemaData schemaUrl="#S_yura_poligono_DSSSSDDDDS00100">
						<SimpleData name="fid">40344</SimpleData>
						<SimpleData name="handle">268029</SimpleData>
						<SimpleData name="block">-1</SimpleData>
						<SimpleData name="etype">18</SimpleData>
						<SimpleData name="space">0</SimpleData>
						<SimpleData name="layer">MANZANAS</SimpleData>
						<SimpleData name="olinetype">bylayer</SimpleData>
						<SimpleData name="linetype"></SimpleData>
						<SimpleData name="color">127,127,255,255</SimpleData>
						<SimpleData name="ocolor">256</SimpleData>
						<SimpleData name="color24">-1</SimpleData>
						<SimpleData name="transparen">0</SimpleData>
						<SimpleData name="lweight">-1</SimpleData>
						<SimpleData name="linewidth">0.15</SimpleData>
						<SimpleData name="ltscale">1</SimpleData>
						<SimpleData name="visible">1</SimpleData>
						<SimpleData name="width">0</SimpleData>
						<SimpleData name="thickness">0</SimpleData>
						<SimpleData name="ext">(3:0,0,0.1)</SimpleData>
					</SchemaData>
				</ExtendedData>
				<Polygon>
					<outerBoundaryIs>
						<LinearRing>
							<coordinates>
								-71.61008196861331,-16.32214434874498,0 -71.60913325805667,-16.3227186731694,0 -71.60844875984506,-16.32175011302044,0 -71.6092226132446,-16.32124952816261,0 -71.61008196861331,-16.32214434874498,0 
							</coordinates>
						</LinearRing>
					</outerBoundaryIs>
				</Polygon>
			</Placemark>
			<Placemark>
				<name>1.4.156-14</name>
				<styleUrl>#msn_ylw-pushpin51111002</styleUrl>
				<ExtendedData>
					<SchemaData schemaUrl="#S_yura_poligono_DSSSSDDDDS00100">
						<SimpleData name="fid">40321</SimpleData>
						<SimpleData name="handle">268006</SimpleData>
						<SimpleData name="block">-1</SimpleData>
						<SimpleData name="etype">18</SimpleData>
						<SimpleData name="space">0</SimpleData>
						<SimpleData name="layer">MANZANAS</SimpleData>
						<SimpleData name="olinetype">bylayer</SimpleData>
						<SimpleData name="linetype"></SimpleData>
						<SimpleData name="color">127,127,255,255</SimpleData>
						<SimpleData name="ocolor">256</SimpleData>
						<SimpleData name="color24">-1</SimpleData>
						<SimpleData name="transparen">0</SimpleData>
						<SimpleData name="lweight">-1</SimpleData>
						<SimpleData name="linewidth">0.15</SimpleData>
						<SimpleData name="ltscale">1</SimpleData>
						<SimpleData name="visible">1</SimpleData>
						<SimpleData name="width">0</SimpleData>
						<SimpleData name="thickness">0</SimpleData>
						<SimpleData name="ext">(3:0,0,0.1)</SimpleData>
					</SchemaData>
				</ExtendedData>
				<Polygon>
					<outerBoundaryIs>
						<LinearRing>
							<coordinates>
								-71.61005774545961,-16.32226035033333,0 -71.61036381108654,-16.32239384018484,0 -71.61067434411206,-16.32275916719685,0 -71.60960746084113,-16.32344371049826,0 -71.60921114063213,-16.32284126234886,0 -71.61005774545961,-16.32226035033333,0 
							</coordinates>
						</LinearRing>
					</outerBoundaryIs>
				</Polygon>
			</Placemark>
			<Placemark>
				<name>1.4.156-15</name>
				<styleUrl>#msn_ylw-pushpin51111002</styleUrl>
				<ExtendedData>
					<SchemaData schemaUrl="#S_yura_poligono_DSSSSDDDDS00100">
						<SimpleData name="fid">40307</SimpleData>
						<SimpleData name="handle">267992</SimpleData>
						<SimpleData name="block">-1</SimpleData>
						<SimpleData name="etype">18</SimpleData>
						<SimpleData name="space">0</SimpleData>
						<SimpleData name="layer">MANZANAS</SimpleData>
						<SimpleData name="olinetype">bylayer</SimpleData>
						<SimpleData name="linetype"></SimpleData>
						<SimpleData name="color">127,127,255,255</SimpleData>
						<SimpleData name="ocolor">256</SimpleData>
						<SimpleData name="color24">-1</SimpleData>
						<SimpleData name="transparen">0</SimpleData>
						<SimpleData name="lweight">-1</SimpleData>
						<SimpleData name="linewidth">0.15</SimpleData>
						<SimpleData name="ltscale">1</SimpleData>
						<SimpleData name="visible">1</SimpleData>
						<SimpleData name="width">0</SimpleData>
						<SimpleData name="thickness">0</SimpleData>
						<SimpleData name="ext">(3:0,0,0.1)</SimpleData>
					</SchemaData>
				</ExtendedData>
				<Polygon>
					<outerBoundaryIs>
						<LinearRing>
							<coordinates>
								-71.61139247893456,-16.3233370462878,0 -71.61013732212862,-16.32417605031249,0 -71.60968385394271,-16.3235563073316,0 -71.61094833869289,-16.32272977655555,0 -71.61139247893456,-16.3233370462878,0 
							</coordinates>
						</LinearRing>
					</outerBoundaryIs>
				</Polygon>
			</Placemark>
			<Placemark>
				<name>1.4.156-16</name>
				<styleUrl>#msn_ylw-pushpin51111002</styleUrl>
				<ExtendedData>
					<SchemaData schemaUrl="#S_yura_poligono_DSSSSDDDDS00100">
						<SimpleData name="fid">40315</SimpleData>
						<SimpleData name="handle">268000</SimpleData>
						<SimpleData name="block">-1</SimpleData>
						<SimpleData name="etype">18</SimpleData>
						<SimpleData name="space">0</SimpleData>
						<SimpleData name="layer">MANZANAS</SimpleData>
						<SimpleData name="olinetype">bylayer</SimpleData>
						<SimpleData name="linetype"></SimpleData>
						<SimpleData name="color">127,127,255,255</SimpleData>
						<SimpleData name="ocolor">256</SimpleData>
						<SimpleData name="color24">-1</SimpleData>
						<SimpleData name="transparen">0</SimpleData>
						<SimpleData name="lweight">-1</SimpleData>
						<SimpleData name="linewidth">0.15</SimpleData>
						<SimpleData name="ltscale">1</SimpleData>
						<SimpleData name="visible">1</SimpleData>
						<SimpleData name="width">0</SimpleData>
						<SimpleData name="thickness">0</SimpleData>
						<SimpleData name="ext">(3:0,0,0.1)</SimpleData>
					</SchemaData>
				</ExtendedData>
				<Polygon>
					<outerBoundaryIs>
						<LinearRing>
							<coordinates>
								-71.60999477470141,-16.32424461404878,0 -71.6092035806125,-16.32477412957291,0 -71.60880579090706,-16.32415437145579,0 -71.60957047109717,-16.32363748402736,0 -71.60999477470141,-16.32424461404878,0 
							</coordinates>
						</LinearRing>
					</outerBoundaryIs>
				</Polygon>
			</Placemark>
			<Placemark>
				<name>1.4.156-17</name>
				<styleUrl>#msn_ylw-pushpin51111002</styleUrl>
				<ExtendedData>
					<SchemaData schemaUrl="#S_yura_poligono_DSSSSDDDDS00100">
						<SimpleData name="fid">40339</SimpleData>
						<SimpleData name="handle">268024</SimpleData>
						<SimpleData name="block">-1</SimpleData>
						<SimpleData name="etype">18</SimpleData>
						<SimpleData name="space">0</SimpleData>
						<SimpleData name="layer">MANZANAS</SimpleData>
						<SimpleData name="olinetype">bylayer</SimpleData>
						<SimpleData name="linetype"></SimpleData>
						<SimpleData name="color">127,127,255,255</SimpleData>
						<SimpleData name="ocolor">256</SimpleData>
						<SimpleData name="color24">-1</SimpleData>
						<SimpleData name="transparen">0</SimpleData>
						<SimpleData name="lweight">-1</SimpleData>
						<SimpleData name="linewidth">0.15</SimpleData>
						<SimpleData name="ltscale">1</SimpleData>
						<SimpleData name="visible">1</SimpleData>
						<SimpleData name="width">0</SimpleData>
						<SimpleData name="thickness">0</SimpleData>
						<SimpleData name="ext">(3:0,0,0.1)</SimpleData>
					</SchemaData>
				</ExtendedData>
				<Polygon>
					<outerBoundaryIs>
						<LinearRing>
							<coordinates>
								-71.60948096365762,-16.32352052592674,0 -71.60873497118591,-16.32402889628169,0 -71.60831214175977,-16.32344024526648,0 -71.60907216389688,-16.32291098551804,0 -71.60948096365762,-16.32352052592674,0 
							</coordinates>
						</LinearRing>
					</outerBoundaryIs>
				</Polygon>
			</Placemark>
			<Placemark>
				<name>1.4.156-18</name>
				<styleUrl>#msn_ylw-pushpin51111002</styleUrl>
				<ExtendedData>
					<SchemaData schemaUrl="#S_yura_poligono_DSSSSDDDDS00100">
						<SimpleData name="fid">40365</SimpleData>
						<SimpleData name="handle">268050</SimpleData>
						<SimpleData name="block">-1</SimpleData>
						<SimpleData name="etype">18</SimpleData>
						<SimpleData name="space">0</SimpleData>
						<SimpleData name="layer">MANZANAS</SimpleData>
						<SimpleData name="olinetype">bylayer</SimpleData>
						<SimpleData name="linetype"></SimpleData>
						<SimpleData name="color">127,127,255,255</SimpleData>
						<SimpleData name="ocolor">256</SimpleData>
						<SimpleData name="color24">-1</SimpleData>
						<SimpleData name="transparen">0</SimpleData>
						<SimpleData name="lweight">-1</SimpleData>
						<SimpleData name="linewidth">0.15</SimpleData>
						<SimpleData name="ltscale">1</SimpleData>
						<SimpleData name="visible">1</SimpleData>
						<SimpleData name="width">0</SimpleData>
						<SimpleData name="thickness">0</SimpleData>
						<SimpleData name="ext">(3:0,0,0.1)</SimpleData>
					</SchemaData>
				</ExtendedData>
				<Polygon>
					<outerBoundaryIs>
						<LinearRing>
							<coordinates>
								-71.60901187203342,-16.32280235934791,0 -71.60822249009374,-16.32330705844518,0 -71.60756117164303,-16.32236114311383,0 -71.6083391796016,-16.32186717118195,0 -71.60901187203342,-16.32280235934791,0 
							</coordinates>
						</LinearRing>
					</outerBoundaryIs>
				</Polygon>
			</Placemark>
			<Placemark>
				<name>1.4.158-1</name>
				<styleUrl>#msn_ylw-pushpin51111002</styleUrl>
				<Polygon>
					<tessellate>1</tessellate>
					<outerBoundaryIs>
						<LinearRing>
							<coordinates>
								-71.60087034309609,-16.31927215099613,0 -71.60065416601157,-16.3194306458161,0 -71.60007216419795,-16.31855878966025,0 -71.60005902628806,-16.31833627009603,0 -71.60013702301741,-16.31831061364976,0 -71.60055088273859,-16.31887718393819,0 -71.60057725953375,-16.31885621821932,0 -71.6006106034699,-16.31889965462223,0 -71.60059552684218,-16.31890906714038,0 -71.60087034309609,-16.31927215099613,0 
							</coordinates>
						</LinearRing>
					</outerBoundaryIs>
				</Polygon>
			</Placemark>
			<Placemark>
				<name>1.4.158-2</name>
				<styleUrl>#msn_ylw-pushpin51111002</styleUrl>
				<Polygon>
					<tessellate>1</tessellate>
					<outerBoundaryIs>
						<LinearRing>
							<coordinates>
								-71.60059542507221,-16.31828111199265,0 -71.60036489409929,-16.31845192567412,0 -71.6002151790568,-16.31824281856746,0 -71.60043016315919,-16.31808737014803,0 -71.60059542507221,-16.31828111199265,0 
							</coordinates>
						</LinearRing>
					</outerBoundaryIs>
				</Polygon>
			</Placemark>
			<Placemark>
				<name>1.4.158-3</name>
				<styleUrl>#msn_ylw-pushpin51111002</styleUrl>
				<Polygon>
					<tessellate>1</tessellate>
					<outerBoundaryIs>
						<LinearRing>
							<coordinates>
								-71.60078057459867,-16.31852864400216,0 -71.60056102641946,-16.31869582305885,0 -71.60039527103753,-16.31849440362363,0 -71.60061377664142,-16.31831234940074,0 -71.60078057459867,-16.31852864400216,0 
							</coordinates>
						</LinearRing>
					</outerBoundaryIs>
				</Polygon>
			</Placemark>
			<Placemark>
				<name>1.4.158-4</name>
				<styleUrl>#msn_ylw-pushpin51111002</styleUrl>
				<Polygon>
					<tessellate>1</tessellate>
					<outerBoundaryIs>
						<LinearRing>
							<coordinates>
								-71.60086238902741,-16.31863445141183,0 -71.60098935444391,-16.31879025177521,0 -71.60100753760064,-16.31877237865555,0 -71.60088722206078,-16.31861274673282,0 -71.6011687956355,-16.31840062491722,0 -71.60150474000687,-16.3188320139124,0 -71.60097271332113,-16.319220367592,0 -71.60064351492734,-16.31879585233659,0 -71.60086238902741,-16.31863445141183,0 
							</coordinates>
						</LinearRing>
					</outerBoundaryIs>
				</Polygon>
			</Placemark>
			<Placemark>
				<name>1.4.158-5</name>
				<styleUrl>#msn_ylw-pushpin51111002</styleUrl>
				<Polygon>
					<tessellate>1</tessellate>
					<outerBoundaryIs>
						<LinearRing>
							<coordinates>
								-71.60080231605176,-16.31851709873242,0 -71.60046335404596,-16.31805525851168,0 -71.60065374878864,-16.31793277354738,0 -71.60081038294179,-16.31814736168375,0 -71.6008414361973,-16.31811467859125,0 -71.60067899144067,-16.31789551490104,0 -71.60085713548268,-16.31776785890278,0 -71.60120625150178,-16.31820660795014,0 -71.60080231605176,-16.31851709873242,0 
							</coordinates>
						</LinearRing>
					</outerBoundaryIs>
				</Polygon>
			</Placemark>
			<Placemark>
				<name>1.4.158-6</name>
				<styleUrl>#msn_ylw-pushpin51111002</styleUrl>
				<Polygon>
					<tessellate>1</tessellate>
					<outerBoundaryIs>
						<LinearRing>
							<coordinates>
								-71.60106388914659,-16.31793793905172,0 -71.6009064034961,-16.31774069123711,0 -71.60122234682441,-16.31750023958334,0 -71.60138414800585,-16.31769891303814,0 -71.60106388914659,-16.31793793905172,0 
							</coordinates>
						</LinearRing>
					</outerBoundaryIs>
				</Polygon>
			</Placemark>
			<Placemark>
				<name>1.4.158-7</name>
				<styleUrl>#msn_ylw-pushpin51111002</styleUrl>
				<Polygon>
					<tessellate>1</tessellate>
					<outerBoundaryIs>
						<LinearRing>
							<coordinates>
								-71.60124665868402,-16.31816610454353,0 -71.60108720299874,-16.31796788385002,0 -71.6013992968489,-16.31773975737012,0 -71.60155996888003,-16.31793897157503,0 -71.60124665868402,-16.31816610454353,0 
							</coordinates>
						</LinearRing>
					</outerBoundaryIs>
				</Polygon>
			</Placemark>
			<Placemark>
				<name>1.4.158-8</name>
				<styleUrl>#msn_ylw-pushpin51111002</styleUrl>
				<Polygon>
					<tessellate>1</tessellate>
					<outerBoundaryIs>
						<LinearRing>
							<coordinates>
								-71.6013597743367,-16.31853830876205,0 -71.60120378692476,-16.31834534763184,0 -71.60162754603357,-16.31803353960394,0 -71.60178316973395,-16.31822431995989,0 -71.6013597743367,-16.31853830876205,0 
							</coordinates>
						</LinearRing>
					</outerBoundaryIs>
				</Polygon>
			</Placemark>
			<Placemark>
				<name>1.4.158-9</name>
				<styleUrl>#msn_ylw-pushpin51111002</styleUrl>
				<Polygon>
					<tessellate>1</tessellate>
					<outerBoundaryIs>
						<LinearRing>
							<coordinates>
								-71.60155325092589,-16.31879926125238,0 -71.60138196626174,-16.31855806577985,0 -71.60179895229142,-16.3182584945041,0 -71.60198293684194,-16.31848866550905,0 -71.60155325092589,-16.31879926125238,0 
							</coordinates>
						</LinearRing>
					</outerBoundaryIs>
				</Polygon>
			</Placemark>
			<Placemark>
				<name>1.4.158-10</name>
				<styleUrl>#msn_ylw-pushpin51111002</styleUrl>
				<Polygon>
					<tessellate>1</tessellate>
					<outerBoundaryIs>
						<LinearRing>
							<coordinates>
								-71.60209300742042,-16.31841305887161,0 -71.6018362864823,-16.3180930605387,0 -71.6022986516824,-16.3177639576448,0 -71.60253997395425,-16.31808461418353,0 -71.60209300742042,-16.31841305887161,0 
							</coordinates>
						</LinearRing>
					</outerBoundaryIs>
				</Polygon>
			</Placemark>
			<Placemark>
				<name>1.4.158-11</name>
				<styleUrl>#msn_ylw-pushpin51111002</styleUrl>
				<Polygon>
					<tessellate>1</tessellate>
					<outerBoundaryIs>
						<LinearRing>
							<coordinates>
								-71.60227162188906,-16.31773347896526,0 -71.6018147110951,-16.31805625548592,0 -71.60166066443419,-16.31785686067748,0 -71.60188962486649,-16.31771341369652,0 -71.60186747570283,-16.31768651207048,0 -71.60165037271889,-16.31783747063721,0 -71.6015002830854,-16.31765415375867,0 -71.60196306169185,-16.31732849713811,0 -71.60227162188906,-16.31773347896526,0 
							</coordinates>
						</LinearRing>
					</outerBoundaryIs>
				</Polygon>
			</Placemark>
			<Placemark>
				<name>1.4.158-12</name>
				<styleUrl>#msn_ylw-pushpin51111002</styleUrl>
				<Polygon>
					<tessellate>1</tessellate>
					<outerBoundaryIs>
						<LinearRing>
							<coordinates>
								-71.60169811485996,-16.31748960310764,0 -71.60148852836564,-16.31763596457802,0 -71.60131555245464,-16.31741993269409,0 -71.60154096338985,-16.31727313872073,0 -71.60169811485996,-16.31748960310764,0 
							</coordinates>
						</LinearRing>
					</outerBoundaryIs>
				</Polygon>
			</Placemark>
			<Placemark>
				<name>1.4.158-13</name>
				<styleUrl>#msn_ylw-pushpin51111002</styleUrl>
				<Polygon>
					<tessellate>1</tessellate>
					<outerBoundaryIs>
						<LinearRing>
							<coordinates>
								-71.60173442505089,-16.31746405040905,0 -71.60155983130822,-16.31723836225007,0 -71.60178780977348,-16.31710641570669,0 -71.60195539637438,-16.31731060067494,0 -71.60173442505089,-16.31746405040905,0 
							</coordinates>
						</LinearRing>
					</outerBoundaryIs>
				</Polygon>
			</Placemark>
			<Placemark>
				<name>1.4.158-14</name>
				<styleUrl>#msn_ylw-pushpin51111002</styleUrl>
				<Polygon>
					<tessellate>1</tessellate>
					<outerBoundaryIs>
						<LinearRing>
							<coordinates>
								-71.60121224013602,-16.31738072271453,0 -71.60102518761845,-16.3171486317067,0 -71.60153039435029,-16.31679368340998,0 -71.60170923070773,-16.31701710826426,0 -71.60121224013602,-16.31738072271453,0 
							</coordinates>
						</LinearRing>
					</outerBoundaryIs>
				</Polygon>
			</Placemark>
			<Placemark>
				<name>1.4.158-15</name>
				<styleUrl>#msn_ylw-pushpin51111002</styleUrl>
				<Polygon>
					<tessellate>1</tessellate>
					<outerBoundaryIs>
						<LinearRing>
							<coordinates>
								-71.60045772036528,-16.31794544143047,0 -71.60031395410832,-16.31767281760227,0 -71.60098033272605,-16.3171921051609,0 -71.60116571141396,-16.31741550152979,0 -71.60045772036528,-16.31794544143047,0 
							</coordinates>
						</LinearRing>
					</outerBoundaryIs>
				</Polygon>
			</Placemark>
			<Placemark>
				<name>1.4.158-16</name>
				<styleUrl>#msn_ylw-pushpin51111002</styleUrl>
				<Polygon>
					<tessellate>1</tessellate>
					<outerBoundaryIs>
						<LinearRing>
							<coordinates>
								-71.60034953924963,-16.31788058224037,0 -71.60010422247957,-16.31799403681612,0 -71.60001003233464,-16.31782667050035,0 -71.60026331064049,-16.3177115246076,0 -71.60034953924963,-16.31788058224037,0 
							</coordinates>
						</LinearRing>
					</outerBoundaryIs>
				</Polygon>
			</Placemark>
			<Placemark>
				<name>1.4.158-17</name>
				<styleUrl>#msn_ylw-pushpin51111002</styleUrl>
				<Polygon>
					<tessellate>1</tessellate>
					<outerBoundaryIs>
						<LinearRing>
							<coordinates>
								-71.60011646057053,-16.31823840932717,0 -71.6000053502751,-16.31829616594223,0 -71.59981446571251,-16.31784608193345,0 -71.59985037940963,-16.31774664577282,0 -71.60011646057053,-16.31823840932717,0 
							</coordinates>
						</LinearRing>
					</outerBoundaryIs>
				</Polygon>
			</Placemark>
			<Placemark>
				<name>1.4.158-19</name>
				<styleUrl>#msn_ylw-pushpin51111002</styleUrl>
				<Polygon>
					<tessellate>1</tessellate>
					<outerBoundaryIs>
						<LinearRing>
							<coordinates>
								-71.60012704473675,-16.31743232988171,0 -71.59995594918719,-16.3175307893358,0 -71.59985488126583,-16.31734206927759,0 -71.60002974678721,-16.31723165080846,0 -71.60012704473675,-16.31743232988171,0 
							</coordinates>
						</LinearRing>
					</outerBoundaryIs>
				</Polygon>
			</Placemark>
			<Placemark>
				<name>1.4.158-20</name>
				<styleUrl>#msn_ylw-pushpin51111002</styleUrl>
				<Polygon>
					<tessellate>1</tessellate>
					<outerBoundaryIs>
						<LinearRing>
							<coordinates>
								-71.5998460020659,-16.31731518343398,0 -71.59980132314718,-16.31722455721516,0 -71.59999614099507,-16.31715074179203,0 -71.60001736612709,-16.31721970851697,0 -71.5998460020659,-16.31731518343398,0 
							</coordinates>
						</LinearRing>
					</outerBoundaryIs>
				</Polygon>
			</Placemark>
			<Placemark>
				<name>1.4.158-21</name>
				<styleUrl>#msn_ylw-pushpin51111002</styleUrl>
				<Polygon>
					<tessellate>1</tessellate>
					<outerBoundaryIs>
						<LinearRing>
							<coordinates>
								-71.60014754203111,-16.31732875776041,0 -71.60001898776385,-16.317115482435,0 -71.60070871746298,-16.31683798672228,0 -71.60074521841439,-16.31689499871145,0 -71.60014754203111,-16.31732875776041,0 
							</coordinates>
						</LinearRing>
					</outerBoundaryIs>
				</Polygon>
			</Placemark>
			<Placemark>
				<name>1.4.158-22</name>
				<styleUrl>#msn_ylw-pushpin51111002</styleUrl>
				<Polygon>
					<tessellate>1</tessellate>
					<outerBoundaryIs>
						<LinearRing>
							<coordinates>
								-71.60028733892628,-16.31762392907424,0 -71.60016014672665,-16.31736587002541,0 -71.60077582869286,-16.31693447551893,0 -71.60094416111534,-16.31716166828137,0 -71.60028733892628,-16.31762392907424,0 
							</coordinates>
						</LinearRing>
					</outerBoundaryIs>
				</Polygon>
			</Placemark>
			<Placemark>
				<name>1.4.158-23</name>
				<styleUrl>#msn_ylw-pushpin51111002</styleUrl>
				<Polygon>
					<tessellate>1</tessellate>
					<outerBoundaryIs>
						<LinearRing>
							<coordinates>
								-71.60099900156187,-16.31711364860774,0 -71.60075789896908,-16.31681842155408,0 -71.60137780363854,-16.31658140519227,0 -71.60152049394583,-16.31675144739238,0 -71.60099900156187,-16.31711364860774,0 
							</coordinates>
						</LinearRing>
					</outerBoundaryIs>
				</Polygon>
			</Placemark>
			<Placemark>
				<name>1.4.158-24</name>
				<styleUrl>#msn_ylw-pushpin51111002</styleUrl>
				<Polygon>
					<tessellate>1</tessellate>
					<outerBoundaryIs>
						<LinearRing>
							<coordinates>
								-71.60195786745611,-16.31678920018607,0 -71.60176210349492,-16.3168833770247,0 -71.60148652099025,-16.31653066350345,0 -71.60173092728181,-16.31643617385422,0 -71.60195786745611,-16.31678920018607,0 
							</coordinates>
						</LinearRing>
					</outerBoundaryIs>
				</Polygon>
			</Placemark>
			<Placemark>
				<name>1.4.158-25</name>
				<styleUrl>#msn_ylw-pushpin51111002</styleUrl>
				<Polygon>
					<tessellate>1</tessellate>
					<outerBoundaryIs>
						<LinearRing>
							<coordinates>
								-71.60219986306446,-16.31667622499427,0 -71.6019952733718,-16.31676188107551,0 -71.60176433294812,-16.31638813539136,0 -71.60201230502288,-16.31630827337065,0 -71.60219986306446,-16.31667622499427,0 
							</coordinates>
						</LinearRing>
					</outerBoundaryIs>
				</Polygon>
			</Placemark>
			<Placemark>
				<name>1.4.158-26</name>
				<styleUrl>#msn_ylw-pushpin51111002</styleUrl>
				<Polygon>
					<tessellate>1</tessellate>
					<outerBoundaryIs>
						<LinearRing>
							<coordinates>
								-71.60221930790443,-16.31670588118563,0 -71.60243507927872,-16.31714160599969,0 -71.60212525940679,-16.31733878192881,0 -71.60178339121646,-16.31691319364833,0 -71.60221930790443,-16.31670588118563,0 
							</coordinates>
						</LinearRing>
					</outerBoundaryIs>
				</Polygon>
			</Placemark>
			<Placemark>
				<name>1.4.158-27</name>
				<styleUrl>#msn_ylw-pushpin51111002</styleUrl>
				<Polygon>
					<tessellate>1</tessellate>
					<outerBoundaryIs>
						<LinearRing>
							<coordinates>
								-71.60304802180879,-16.31694356915494,0 -71.60259226299218,-16.31723740998346,0 -71.60209971086664,-16.31624037601538,0 -71.60258609002337,-16.3160323115835,0 -71.60304802180879,-16.31694356915494,0 
							</coordinates>
						</LinearRing>
					</outerBoundaryIs>
				</Polygon>
			</Placemark>
			<Placemark>
				<name>1.4.158-28</name>
				<styleUrl>#msn_ylw-pushpin51111002</styleUrl>
				<Polygon>
					<tessellate>1</tessellate>
					<outerBoundaryIs>
						<LinearRing>
							<coordinates>
								-71.60265473154698,-16.31801646839704,0 -71.60229029598973,-16.31756234982964,0 -71.60251508618862,-16.31740342324375,0 -71.60250041850615,-16.31738741937557,0 -71.60255785071958,-16.3173575368544,0 -71.60257156883301,-16.31737199871534,0 -71.60308964654013,-16.31702190528385,0 -71.60335526129276,-16.31752410659067,0 -71.60265473154698,-16.31801646839704,0 
							</coordinates>
						</LinearRing>
					</outerBoundaryIs>
				</Polygon>
			</Placemark>
			<Placemark>
				<name>1.4.159-1</name>
				<styleUrl>#msn_ylw-pushpin51111002</styleUrl>
				<Polygon>
					<tessellate>1</tessellate>
					<outerBoundaryIs>
						<LinearRing>
							<coordinates>
								-71.60237726865734,-16.31561502386595,0 -71.60250139528681,-16.31587984047708,0 -71.60140388778137,-16.31640501113202,0 -71.6012861814413,-16.31613533500967,0 -71.60237726865734,-16.31561502386595,0 
							</coordinates>
						</LinearRing>
					</outerBoundaryIs>
				</Polygon>
			</Placemark>
			<Placemark>
				<name>1.4.159-2</name>
				<styleUrl>#msn_ylw-pushpin51111002</styleUrl>
				<Polygon>
					<tessellate>1</tessellate>
					<outerBoundaryIs>
						<LinearRing>
							<coordinates>
								-71.60118672696667,-16.31617435950876,0 -71.60129868261502,-16.31645017709963,0 -71.60039051199188,-16.31671696129489,0 -71.60033203977545,-16.31657747929219,0 -71.60118672696667,-16.31617435950876,0 
							</coordinates>
						</LinearRing>
					</outerBoundaryIs>
				</Polygon>
			</Placemark>
			<Placemark>
				<name>1.4.159-3</name>
				<styleUrl>#msn_ylw-pushpin51111002</styleUrl>
				<Polygon>
					<tessellate>1</tessellate>
					<outerBoundaryIs>
						<LinearRing>
							<coordinates>
								-71.59974081188835,-16.31695063683014,0 -71.59967155592689,-16.31671583531505,0 -71.60016630537628,-16.31653996371061,0 -71.60015303015058,-16.31647482082484,0 -71.60024856022595,-16.31643566632047,0 -71.60037891122519,-16.31674617235799,0 -71.59974081188835,-16.31695063683014,0 
							</coordinates>
						</LinearRing>
					</outerBoundaryIs>
				</Polygon>
			</Placemark>
			<Placemark>
				<name>1.4.159-5</name>
				<styleUrl>#msn_ylw-pushpin51111002</styleUrl>
				<Polygon>
					<tessellate>1</tessellate>
					<outerBoundaryIs>
						<LinearRing>
							<coordinates>
								-71.60108347651662,-16.3158633971094,0 -71.60118186901926,-16.31610854438992,0 -71.60031853768946,-16.31652259006415,0 -71.600271011174,-16.316405505785,0 -71.60047521798073,-16.31613090688309,0 -71.60108347651662,-16.3158633971094,0 
							</coordinates>
						</LinearRing>
					</outerBoundaryIs>
				</Polygon>
			</Placemark>
			<Placemark>
				<name>1.4.159-6</name>
				<styleUrl>#msn_ylw-pushpin51111002</styleUrl>
				<Polygon>
					<tessellate>1</tessellate>
					<outerBoundaryIs>
						<LinearRing>
							<coordinates>
								-71.60221013355796,-16.31530061306179,0 -71.60234237459622,-16.31556137713455,0 -71.6012657013011,-16.31608058470615,0 -71.60117674869198,-16.31580437566425,0 -71.60221013355796,-16.31530061306179,0 
							</coordinates>
						</LinearRing>
					</outerBoundaryIs>
				</Polygon>
			</Placemark>
			<Placemark>
				<name>1.4.159-7</name>
				<styleUrl>#msn_ylw-pushpin51111002</styleUrl>
				<Polygon>
					<tessellate>1</tessellate>
					<outerBoundaryIs>
						<LinearRing>
							<coordinates>
								-71.6020391822028,-16.31497931437527,0 -71.60218151544167,-16.31521886867148,0 -71.60114244030692,-16.31574097998428,0 -71.60103482415055,-16.31547540872603,0 -71.6020391822028,-16.31497931437527,0 
							</coordinates>
						</LinearRing>
					</outerBoundaryIs>
				</Polygon>
			</Placemark>
			<Placemark>
				<name>1.4.159-8</name>
				<styleUrl>#msn_ylw-pushpin51111002</styleUrl>
				<Polygon>
					<tessellate>1</tessellate>
					<outerBoundaryIs>
						<LinearRing>
							<coordinates>
								-71.60095608062382,-16.31551670760551,0 -71.60105561765567,-16.31578211080453,0 -71.60050657505788,-16.31604712248891,0 -71.60037632998274,-16.31580581048366,0 -71.60095608062382,-16.31551670760551,0 
							</coordinates>
						</LinearRing>
					</outerBoundaryIs>
				</Polygon>
			</Placemark>
			<Placemark>
				<name>1.4.159-9</name>
				<styleUrl>#msn_ylw-pushpin51111002</styleUrl>
				<Polygon>
					<tessellate>1</tessellate>
					<outerBoundaryIs>
						<LinearRing>
							<coordinates>
								-71.59960754162464,-16.31644455819622,0 -71.59955150656413,-16.3162020392383,0 -71.60033719545008,-16.3158448792458,0 -71.60046369722792,-16.3160682957501,0 -71.60037287368382,-16.31621211185548,0 -71.60015091832581,-16.31637122190911,0 -71.60004666425766,-16.31627028561329,0 -71.59960754162464,-16.31644455819622,0 
							</coordinates>
						</LinearRing>
					</outerBoundaryIs>
				</Polygon>
			</Placemark>
			<Placemark>
				<name>1.4.159-10</name>
				<styleUrl>#msn_ylw-pushpin51111002</styleUrl>
				<Polygon>
					<tessellate>1</tessellate>
					<outerBoundaryIs>
						<LinearRing>
							<coordinates>
								-71.59989658306449,-16.31561059693548,0 -71.59999527284633,-16.31586888836145,0 -71.59952808205422,-16.31609560222535,0 -71.59947513492064,-16.31580323315175,0 -71.59989658306449,-16.31561059693548,0 
							</coordinates>
						</LinearRing>
					</outerBoundaryIs>
				</Polygon>
			</Placemark>
			<Placemark>
				<name>1.4.159-11</name>
				<styleUrl>#msn_ylw-pushpin51111002</styleUrl>
				<Polygon>
					<tessellate>1</tessellate>
					<outerBoundaryIs>
						<LinearRing>
							<coordinates>
								-71.60082814830554,-16.31518274570982,0 -71.60092334627667,-16.31544639895106,0 -71.60004714931877,-16.31584424065617,0 -71.59995714739968,-16.31558823652424,0 -71.60082814830554,-16.31518274570982,0 
							</coordinates>
						</LinearRing>
					</outerBoundaryIs>
				</Polygon>
			</Placemark>
			<Placemark>
				<name>1.4.159-12</name>
				<styleUrl>#msn_ylw-pushpin51111002</styleUrl>
				<Polygon>
					<tessellate>1</tessellate>
					<outerBoundaryIs>
						<LinearRing>
							<coordinates>
								-71.60189967856216,-16.31465885521491,0 -71.60201504533332,-16.31489346039935,0 -71.60101928632926,-16.31539537101453,0 -71.60092397197793,-16.31514307732074,0 -71.60189967856216,-16.31465885521491,0 
							</coordinates>
						</LinearRing>
					</outerBoundaryIs>
				</Polygon>
			</Placemark>
			<Placemark>
				<name>1.4.159-13</name>
				<styleUrl>#msn_ylw-pushpin51111002</styleUrl>
				<Polygon>
					<tessellate>1</tessellate>
					<outerBoundaryIs>
						<LinearRing>
							<coordinates>
								-71.60170039392648,-16.31425819770032,0 -71.60186383050733,-16.31458967998485,0 -71.60089991851905,-16.31505020623298,0 -71.60077917917178,-16.3147019196388,0 -71.60170039392648,-16.31425819770032,0 
							</coordinates>
						</LinearRing>
					</outerBoundaryIs>
				</Polygon>
			</Placemark>
			<Placemark>
				<name>1.4.159-14</name>
				<styleUrl>#msn_ylw-pushpin51111002</styleUrl>
				<Polygon>
					<tessellate>1</tessellate>
					<outerBoundaryIs>
						<LinearRing>
							<coordinates>
								-71.60068009013031,-16.31475866588284,0 -71.60080353281811,-16.31510726432995,0 -71.59972537323704,-16.31560064633795,0 -71.59963236036378,-16.31541915116917,0 -71.59971607394196,-16.31530482631766,0 -71.59969238868742,-16.3151929412628,0 -71.59995342271239,-16.31508031409175,0 -71.59994154120459,-16.31505657647495,0 -71.60001734042255,-16.31502500265489,0 -71.60002617396079,-16.31503942014697,0 -71.60068009013031,-16.31475866588284,0 
							</coordinates>
						</LinearRing>
					</outerBoundaryIs>
				</Polygon>
			</Placemark>
			<Placemark>
				<name>1.4.159-15</name>
				<styleUrl>#msn_ylw-pushpin51111002</styleUrl>
				<Polygon>
					<tessellate>1</tessellate>
					<outerBoundaryIs>
						<LinearRing>
							<coordinates>
								-71.60055356099194,-16.31439221914949,0 -71.6006568334638,-16.31466752678663,0 -71.59971531244085,-16.31510789606755,0 -71.59993533670942,-16.31468341345846,0 -71.60055356099194,-16.31439221914949,0 
							</coordinates>
						</LinearRing>
					</outerBoundaryIs>
				</Polygon>
			</Placemark>
			<Placemark>
				<name>1.4.159-16</name>
				<styleUrl>#msn_ylw-pushpin51111002</styleUrl>
				<Polygon>
					<tessellate>1</tessellate>
					<outerBoundaryIs>
						<LinearRing>
							<coordinates>
								-71.60154288269477,-16.31391470693353,0 -71.6016801938806,-16.31417680035968,0 -71.60072892307379,-16.3146267727596,0 -71.60063486655389,-16.31436821851404,0 -71.60154288269477,-16.31391470693353,0 
							</coordinates>
						</LinearRing>
					</outerBoundaryIs>
				</Polygon>
			</Placemark>
			<Placemark>
				<name>1.4.159-17</name>
				<styleUrl>#msn_ylw-pushpin51111002</styleUrl>
				<Polygon>
					<tessellate>1</tessellate>
					<outerBoundaryIs>
						<LinearRing>
							<coordinates>
								-71.60138207749378,-16.31359197360789,0 -71.60151409497463,-16.31385943833431,0 -71.60061411969788,-16.3142943481769,0 -71.60051840168641,-16.31401464833535,0 -71.60138207749378,-16.31359197360789,0 
							</coordinates>
						</LinearRing>
					</outerBoundaryIs>
				</Polygon>
			</Placemark>
			<Placemark>
				<name>1.4.159-18</name>
				<styleUrl>#msn_ylw-pushpin51111002</styleUrl>
				<Polygon>
					<tessellate>1</tessellate>
					<outerBoundaryIs>
						<LinearRing>
							<coordinates>
								-71.60043675470877,-16.31406347006459,0 -71.60053338087079,-16.31431914929532,0 -71.59992482378424,-16.31460681701957,0 -71.59982998275888,-16.3143565165776,0 -71.60043675470877,-16.31406347006459,0 
							</coordinates>
						</LinearRing>
					</outerBoundaryIs>
				</Polygon>
			</Placemark>
			<Placemark>
				<name>1.4.159-19</name>
				<styleUrl>#msn_ylw-pushpin51111002</styleUrl>
				<Polygon>
					<tessellate>1</tessellate>
					<outerBoundaryIs>
						<LinearRing>
							<coordinates>
								-71.60029743459835,-16.31373179458189,0 -71.60039883572745,-16.31399145759063,0 -71.59979124980747,-16.314287083228,0 -71.59966194210779,-16.31400844627625,0 -71.60029743459835,-16.31373179458189,0 
							</coordinates>
						</LinearRing>
					</outerBoundaryIs>
				</Polygon>
			</Placemark>
			<Placemark>
				<name>1.4.159-20</name>
				<styleUrl>#msn_ylw-pushpin51111002</styleUrl>
				<Polygon>
					<tessellate>1</tessellate>
					<outerBoundaryIs>
						<LinearRing>
							<coordinates>
								-71.60122559176517,-16.31328408900563,0 -71.60135570896458,-16.31354502743519,0 -71.60049036254821,-16.31395988502931,0 -71.60039802023985,-16.31368083689155,0 -71.60122559176517,-16.31328408900563,0 
							</coordinates>
						</LinearRing>
					</outerBoundaryIs>
				</Polygon>
			</Placemark>
			<Placemark>
				<name>1.4.159-21</name>
				<styleUrl>#msn_ylw-pushpin51111002</styleUrl>
				<Polygon>
					<tessellate>1</tessellate>
					<outerBoundaryIs>
						<LinearRing>
							<coordinates>
								-71.60106251002627,-16.3129691973111,0 -71.60119259148725,-16.31321025489028,0 -71.60037243021891,-16.31361383414528,0 -71.60026516183378,-16.31334206974794,0 -71.60106251002627,-16.3129691973111,0 
							</coordinates>
						</LinearRing>
					</outerBoundaryIs>
				</Polygon>
			</Placemark>
			<Placemark>
				<name>1.4.159-22</name>
				<styleUrl>#msn_ylw-pushpin51111002</styleUrl>
				<Polygon>
					<tessellate>1</tessellate>
					<outerBoundaryIs>
						<LinearRing>
							<coordinates>
								-71.60018638024589,-16.31338175360316,0 -71.60028443719283,-16.31365061553973,0 -71.59969631351564,-16.31394256533162,0 -71.59959146926745,-16.31386003052774,0 -71.59952371568642,-16.31368080835916,0 -71.60018638024589,-16.31338175360316,0 
							</coordinates>
						</LinearRing>
					</outerBoundaryIs>
				</Polygon>
			</Placemark>
			<Placemark>
				<name>1.4.160-3</name>
				<styleUrl>#msn_ylw-pushpin51111002</styleUrl>
				<Polygon>
					<tessellate>1</tessellate>
					<outerBoundaryIs>
						<LinearRing>
							<coordinates>
								-71.59947054556585,-16.31361967941763,0 -71.59953762317627,-16.31383956926695,0 -71.59878491007763,-16.31410219479232,0 -71.598678701995,-16.31385777036363,0 -71.59878429498802,-16.31372670675435,0 -71.59904356458804,-16.31363754521723,0 -71.59911198566969,-16.31375332331998,0 -71.59925750242886,-16.31371220319432,0 -71.59947054556585,-16.31361967941763,0 
							</coordinates>
						</LinearRing>
					</outerBoundaryIs>
				</Polygon>
			</Placemark>
			<Placemark>
				<name>1.4.166-1</name>
				<styleUrl>#msn_ylw-pushpin51111002</styleUrl>
				<Polygon>
					<tessellate>1</tessellate>
					<outerBoundaryIs>
						<LinearRing>
							<coordinates>
								-71.59168219161046,-16.31704568547645,0 -71.59161727834464,-16.31698001308456,0 -71.59152705046877,-16.31674864491834,0 -71.59130732973938,-16.31621537604612,0 -71.59169740705329,-16.31622492669315,0 -71.59168219161046,-16.31704568547645,0 
							</coordinates>
						</LinearRing>
					</outerBoundaryIs>
				</Polygon>
			</Placemark>
			<Placemark>
				<name>1.4.166-2</name>
				<styleUrl>#msn_ylw-pushpin51111002</styleUrl>
				<Polygon>
					<tessellate>1</tessellate>
					<outerBoundaryIs>
						<LinearRing>
							<coordinates>
								-71.59299967425474,-16.31670391126141,0 -71.59299298161211,-16.31708956328097,0 -71.59175419160475,-16.31705048474818,0 -71.5917815723748,-16.31667825802713,0 -71.59299967425474,-16.31670391126141,0 
							</coordinates>
						</LinearRing>
					</outerBoundaryIs>
				</Polygon>
			</Placemark>
			<Placemark>
				<name>1.4.166-3</name>
				<styleUrl>#msn_ylw-pushpin51111002</styleUrl>
				<Polygon>
					<tessellate>1</tessellate>
					<outerBoundaryIs>
						<LinearRing>
							<coordinates>
								-71.59300255619814,-16.31662156277463,0 -71.59177482712488,-16.31659217636583,0 -71.59178506751266,-16.31621518817299,0 -71.59300735337709,-16.31624641675315,0 -71.59300255619814,-16.31662156277463,0 
							</coordinates>
						</LinearRing>
					</outerBoundaryIs>
				</Polygon>
			</Placemark>
			<Placemark>
				<name>1.4.166-4</name>
				<styleUrl>#msn_ylw-pushpin51111002</styleUrl>
				<Polygon>
					<tessellate>1</tessellate>
					<outerBoundaryIs>
						<LinearRing>
							<coordinates>
								-71.59397649432809,-16.31622139458774,0 -71.59419944490033,-16.31678428836033,0 -71.59399985841526,-16.3168357567957,0 -71.59391891463979,-16.31663843893776,0 -71.59311695310457,-16.31661637375812,0 -71.59311680053928,-16.31624328236897,0 -71.59397649432809,-16.31622139458774,0 
							</coordinates>
						</LinearRing>
					</outerBoundaryIs>
				</Polygon>
			</Placemark>
			<Placemark>
				<name>1.4.166-5</name>
				<styleUrl>#msn_ylw-pushpin51111002</styleUrl>
				<Polygon>
					<tessellate>1</tessellate>
					<outerBoundaryIs>
						<LinearRing>
							<coordinates>
								-71.59404013137055,-16.31708561554713,0 -71.59307570391421,-16.3170877184493,0 -71.59309560347572,-16.31671874381895,0 -71.5939449931964,-16.31674100024571,0 -71.59404013137055,-16.31708561554713,0 
							</coordinates>
						</LinearRing>
					</outerBoundaryIs>
				</Polygon>
			</Placemark>
			<Placemark>
				<name>1.4.166-6</name>
				<styleUrl>#msn_ylw-pushpin51111002</styleUrl>
				<Polygon>
					<tessellate>1</tessellate>
					<outerBoundaryIs>
						<LinearRing>
							<coordinates>
								-71.59398187241335,-16.31614260149886,0 -71.59311342609988,-16.31614258553962,0 -71.59310084425606,-16.31575558586114,0 -71.594181709306,-16.31573421231998,0 -71.59417906225254,-16.31594643378615,0 -71.59398187241335,-16.31614260149886,0 
							</coordinates>
						</LinearRing>
					</outerBoundaryIs>
				</Polygon>
			</Placemark>
			<Placemark>
				<name>1.4.166-7</name>
				<styleUrl>#msn_ylw-pushpin51111002</styleUrl>
				<Polygon>
					<tessellate>1</tessellate>
					<outerBoundaryIs>
						<LinearRing>
							<coordinates>
								-71.59303811217515,-16.3157454699213,0 -71.59301913076375,-16.31615018641578,0 -71.59179485605537,-16.31611320017898,0 -71.59178396691578,-16.31574543512923,0 -71.59303811217515,-16.3157454699213,0 
							</coordinates>
						</LinearRing>
					</outerBoundaryIs>
				</Polygon>
			</Placemark>
			<Placemark>
				<name>1.4.166-8</name>
				<styleUrl>#msn_ylw-pushpin51111002</styleUrl>
				<Polygon>
					<tessellate>1</tessellate>
					<outerBoundaryIs>
						<LinearRing>
							<coordinates>
								-71.59169187815952,-16.31575605162957,0 -71.59168686502996,-16.31612033563915,0 -71.5912478782171,-16.31611921129295,0 -71.59109845134459,-16.31573973973281,0 -71.59169187815952,-16.31575605162957,0 
							</coordinates>
						</LinearRing>
					</outerBoundaryIs>
				</Polygon>
			</Placemark>
			<Placemark>
				<name>1.4.166-9</name>
				<styleUrl>#msn_ylw-pushpin51111002</styleUrl>
				<Polygon>
					<tessellate>1</tessellate>
					<outerBoundaryIs>
						<LinearRing>
							<coordinates>
								-71.59108770596424,-16.3156235095009,0 -71.59092242803924,-16.31523204721831,0 -71.59173423979703,-16.31526508683895,0 -71.59170186515856,-16.31564320613736,0 -71.59108770596424,-16.3156235095009,0 
							</coordinates>
						</LinearRing>
					</outerBoundaryIs>
				</Polygon>
			</Placemark>
			<Placemark>
				<name>1.4.167-1</name>
				<styleUrl>#msn_ylw-pushpin51111002</styleUrl>
				<Polygon>
					<tessellate>1</tessellate>
					<outerBoundaryIs>
						<LinearRing>
							<coordinates>
								-71.59414890784596,-16.32045322143954,0 -71.59415474038602,-16.32082245525547,0 -71.59302809222612,-16.32080666173572,0 -71.59303516304685,-16.32045168038217,0 -71.59414890784596,-16.32045322143954,0 
							</coordinates>
						</LinearRing>
					</outerBoundaryIs>
				</Polygon>
			</Placemark>
			<Placemark>
				<name>1.4.167-2</name>
				<styleUrl>#msn_ylw-pushpin51111002</styleUrl>
				<Polygon>
					<tessellate>1</tessellate>
					<outerBoundaryIs>
						<LinearRing>
							<coordinates>
								-71.59416535826512,-16.3199796166005,0 -71.59415513691197,-16.32035926144707,0 -71.59303836028748,-16.32035480327633,0 -71.59305245001957,-16.31998235973115,0 -71.59416535826512,-16.3199796166005,0 
							</coordinates>
						</LinearRing>
					</outerBoundaryIs>
				</Polygon>
			</Placemark>
			<Placemark>
				<name>1.4.167-3</name>
				<styleUrl>#msn_ylw-pushpin51111002</styleUrl>
				<Polygon>
					<tessellate>1</tessellate>
					<outerBoundaryIs>
						<LinearRing>
							<coordinates>
								-71.59416464998999,-16.31949314828744,0 -71.59416252043697,-16.3198964032534,0 -71.59304297518736,-16.31987718611698,0 -71.59305806523911,-16.31950203664621,0 -71.59416464998999,-16.31949314828744,0 
							</coordinates>
						</LinearRing>
					</outerBoundaryIs>
				</Polygon>
			</Placemark>
			<Placemark>
				<name>1.4.167-4</name>
				<styleUrl>#msn_ylw-pushpin51111002</styleUrl>
				<Polygon>
					<tessellate>1</tessellate>
					<outerBoundaryIs>
						<LinearRing>
							<coordinates>
								-71.59417832262653,-16.31904776518547,0 -71.59417359520178,-16.31942371437148,0 -71.59304254272824,-16.31941425603336,0 -71.59306501050638,-16.31903886524635,0 -71.59417832262653,-16.31904776518547,0 
							</coordinates>
						</LinearRing>
					</outerBoundaryIs>
				</Polygon>
			</Placemark>
			<Placemark>
				<name>1.4.167-5</name>
				<styleUrl>#msn_ylw-pushpin51111002</styleUrl>
				<Polygon>
					<tessellate>1</tessellate>
					<outerBoundaryIs>
						<LinearRing>
							<coordinates>
								-71.59381976810222,-16.3176694643072,0 -71.59413843980887,-16.31767035501396,0 -71.59417824613104,-16.31901837732963,0 -71.59302547398987,-16.31899746807289,0 -71.59305318620218,-16.31860478048713,0 -71.59388152571279,-16.31859756754432,0 -71.59381976810222,-16.3176694643072,0 
							</coordinates>
						</LinearRing>
					</outerBoundaryIs>
				</Polygon>
			</Placemark>
			<Placemark>
				<name>1.4.167-6</name>
				<styleUrl>#msn_ylw-pushpin51111002</styleUrl>
				<Polygon>
					<tessellate>1</tessellate>
					<outerBoundaryIs>
						<LinearRing>
							<coordinates>
								-71.59412973031307,-16.31756772583239,0 -71.59308180526867,-16.31755864285627,0 -71.59308236130096,-16.31718286983924,0 -71.59411942241675,-16.31718823777062,0 -71.59412973031307,-16.31756772583239,0 
							</coordinates>
						</LinearRing>
					</outerBoundaryIs>
				</Polygon>
			</Placemark>
			<Placemark>
				<name>1.4.167-7</name>
				<styleUrl>#msn_ylw-pushpin51111002</styleUrl>
				<Polygon>
					<tessellate>1</tessellate>
					<outerBoundaryIs>
						<LinearRing>
							<coordinates>
								-71.59298815434572,-16.3171715926131,0 -71.59298243696485,-16.31753877392796,0 -71.59176588326859,-16.31752248358653,0 -71.59176632495503,-16.31714859310491,0 -71.59298815434572,-16.3171715926131,0 
							</coordinates>
						</LinearRing>
					</outerBoundaryIs>
				</Polygon>
			</Placemark>
			<Placemark>
				<name>1.4.167-8</name>
				<styleUrl>#msn_ylw-pushpin51111002</styleUrl>
				<Polygon>
					<tessellate>1</tessellate>
					<outerBoundaryIs>
						<LinearRing>
							<coordinates>
								-71.59298755449505,-16.31764036915265,0 -71.59297658387591,-16.31800735431582,0 -71.59174149386048,-16.31800129891015,0 -71.59175579093625,-16.31762780771774,0 -71.59298755449505,-16.31764036915265,0 
							</coordinates>
						</LinearRing>
					</outerBoundaryIs>
				</Polygon>
			</Placemark>
			<Placemark>
				<name>1.4.167-9</name>
				<styleUrl>#msn_ylw-pushpin51111002</styleUrl>
				<Polygon>
					<tessellate>1</tessellate>
					<outerBoundaryIs>
						<LinearRing>
							<coordinates>
								-71.59296966808708,-16.31808852019428,0 -71.59296535778716,-16.31848465776681,0 -71.59173021691424,-16.31846591680391,0 -71.59176240397854,-16.31810106515534,0 -71.59296966808708,-16.31808852019428,0 
							</coordinates>
						</LinearRing>
					</outerBoundaryIs>
				</Polygon>
			</Placemark>
			<Placemark>
				<name>1.4.167-10</name>
				<styleUrl>#msn_ylw-pushpin51111002</styleUrl>
				<Polygon>
					<tessellate>1</tessellate>
					<outerBoundaryIs>
						<LinearRing>
							<coordinates>
								-71.59294065522813,-16.31856515112578,0 -71.59294470524807,-16.31896031606372,0 -71.59171771100689,-16.3189379287271,0 -71.59171970829681,-16.31855455998487,0 -71.59294065522813,-16.31856515112578,0 
							</coordinates>
						</LinearRing>
					</outerBoundaryIs>
				</Polygon>
			</Placemark>
			<Placemark>
				<name>1.4.167-11</name>
				<styleUrl>#msn_ylw-pushpin51111002</styleUrl>
				<Polygon>
					<tessellate>1</tessellate>
					<outerBoundaryIs>
						<LinearRing>
							<coordinates>
								-71.59294787101067,-16.31904102741003,0 -71.59295191217932,-16.31940402228744,0 -71.59172694328937,-16.31940383111877,0 -71.59171804727251,-16.31903118054945,0 -71.59294787101067,-16.31904102741003,0 
							</coordinates>
						</LinearRing>
					</outerBoundaryIs>
				</Polygon>
			</Placemark>
			<Placemark>
				<name>1.4.168-1</name>
				<styleUrl>#msn_ylw-pushpin51111002</styleUrl>
				<Polygon>
					<tessellate>1</tessellate>
					<outerBoundaryIs>
						<LinearRing>
							<coordinates>
								-71.59295615702383,-16.31949669204009,0 -71.59296357608675,-16.31992191496327,0 -71.59170781148453,-16.31989584358706,0 -71.59168224579415,-16.31948907549166,0 -71.59295615702383,-16.31949669204009,0 
							</coordinates>
						</LinearRing>
					</outerBoundaryIs>
				</Polygon>
			</Placemark>
			<Placemark>
				<name>1.4.168-7</name>
				<styleUrl>#msn_ylw-pushpin51111002</styleUrl>
				<Polygon>
					<tessellate>1</tessellate>
					<outerBoundaryIs>
						<LinearRing>
							<coordinates>
								-71.59469832245952,-16.32047522933502,0 -71.59469237515965,-16.32088476471321,0 -71.59427956953519,-16.32086551737506,0 -71.59426889617778,-16.32045676257985,0 -71.59469832245952,-16.32047522933502,0 
							</coordinates>
						</LinearRing>
					</outerBoundaryIs>
				</Polygon>
			</Placemark>
			<Placemark>
				<name>1.4.168-8</name>
				<styleUrl>#msn_ylw-pushpin51111002</styleUrl>
				<Polygon>
					<tessellate>1</tessellate>
					<outerBoundaryIs>
						<LinearRing>
							<coordinates>
								-71.59469712530615,-16.31999066572713,0 -71.59469066623329,-16.32039593083067,0 -71.59427659058574,-16.32038619010825,0 -71.59428147833412,-16.31999837227628,0 -71.59469712530615,-16.31999066572713,0 
							</coordinates>
						</LinearRing>
					</outerBoundaryIs>
				</Polygon>
			</Placemark>
			<Placemark>
				<name>1.4.168-9</name>
				<styleUrl>#msn_ylw-pushpin51111002</styleUrl>
				<Polygon>
					<tessellate>1</tessellate>
					<outerBoundaryIs>
						<LinearRing>
							<coordinates>
								-71.59469369660201,-16.31953797682468,0 -71.59468212349176,-16.31992357326389,0 -71.59430045826683,-16.31991668646612,0 -71.59429089704642,-16.31952148049149,0 -71.59469369660201,-16.31953797682468,0 
							</coordinates>
						</LinearRing>
					</outerBoundaryIs>
				</Polygon>
			</Placemark>
			<Placemark>
				<name>1.4.168-10</name>
				<styleUrl>#msn_ylw-pushpin51111002</styleUrl>
				<Polygon>
					<tessellate>1</tessellate>
					<outerBoundaryIs>
						<LinearRing>
							<coordinates>
								-71.59478471246526,-16.31942200321528,0 -71.59469815185184,-16.31946685268791,0 -71.59428769265099,-16.31945072817739,0 -71.59430118288616,-16.31907161588437,0 -71.59467699033101,-16.31909624199181,0 -71.59478471246526,-16.31942200321528,0 
							</coordinates>
						</LinearRing>
					</outerBoundaryIs>
				</Polygon>
			</Placemark>
			<Placemark>
				<name>1.4.168-11</name>
				<styleUrl>#msn_ylw-pushpin51111002</styleUrl>
				<Polygon>
					<tessellate>1</tessellate>
					<outerBoundaryIs>
						<LinearRing>
							<coordinates>
								-71.5943233780022,-16.3182682596378,0 -71.59437437307773,-16.31835737958553,0 -71.59440985592484,-16.31846455081045,0 -71.59446823292086,-16.3187459658093,0 -71.59447457028027,-16.31902151060517,0 -71.59427265160204,-16.3190042742041,0 -71.59425333765671,-16.31892577778083,0 -71.59428697675253,-16.31889231156028,0 -71.59427042032695,-16.31827185758399,0 -71.5943233780022,-16.3182682596378,0 
							</coordinates>
						</LinearRing>
					</outerBoundaryIs>
				</Polygon>
			</Placemark>
			<Placemark>
				<name>1.4.184-16</name>
				<styleUrl>#msn_ylw-pushpin51111002</styleUrl>
				<Polygon>
					<tessellate>1</tessellate>
					<outerBoundaryIs>
						<LinearRing>
							<coordinates>
								-71.58680017061096,-16.32124124655519,0 -71.58639477270314,-16.32126053078848,0 -71.58632210093268,-16.32048777788656,0 -71.58640553327301,-16.31985588010743,0 -71.58686255950452,-16.3198537845227,0 -71.58680017061096,-16.32124124655519,0 
							</coordinates>
						</LinearRing>
					</outerBoundaryIs>
				</Polygon>
			</Placemark>
			<Placemark>
				<name>1.4.184-17</name>
				<styleUrl>#msn_ylw-pushpin51111002</styleUrl>
				<Polygon>
					<tessellate>1</tessellate>
					<outerBoundaryIs>
						<LinearRing>
							<coordinates>
								-71.58684519242654,-16.31977205226597,0 -71.58664862534408,-16.3197845925317,0 -71.58670179814733,-16.31813134799779,0 -71.58688518680165,-16.31814669407301,0 -71.58684519242654,-16.31977205226597,0 
							</coordinates>
						</LinearRing>
					</outerBoundaryIs>
				</Polygon>
			</Placemark>
			<Placemark>
				<name>1.4.184-30</name>
				<styleUrl>#msn_ylw-pushpin51111002</styleUrl>
				<Polygon>
					<tessellate>1</tessellate>
					<outerBoundaryIs>
						<LinearRing>
							<coordinates>
								-71.58897641304303,-16.31751557674696,0 -71.58774942892026,-16.31751597014033,0 -71.5877500069933,-16.31712472652308,0 -71.58897709182126,-16.31714134387585,0 -71.58897641304303,-16.31751557674696,0 
							</coordinates>
						</LinearRing>
					</outerBoundaryIs>
				</Polygon>
			</Placemark>
			<Placemark>
				<name>1.4.184-31</name>
				<styleUrl>#msn_ylw-pushpin51111002</styleUrl>
				<Polygon>
					<tessellate>1</tessellate>
					<outerBoundaryIs>
						<LinearRing>
							<coordinates>
								-71.58897678003105,-16.31668738065687,0 -71.58898567214834,-16.31705744885285,0 -71.58774602398886,-16.31705079394581,0 -71.58774534499211,-16.31667474803726,0 -71.58897678003105,-16.31668738065687,0 
							</coordinates>
						</LinearRing>
					</outerBoundaryIs>
				</Polygon>
			</Placemark>
			<Placemark>
				<name>1.4.184-34</name>
				<styleUrl>#msn_ylw-pushpin51111002</styleUrl>
				<Polygon>
					<tessellate>1</tessellate>
					<outerBoundaryIs>
						<LinearRing>
							<coordinates>
								-71.58589297316766,-16.32116674169934,0 -71.5858932444804,-16.32115709648365,0 -71.58596695755438,-16.3201031341094,0 -71.58611930505167,-16.31981754839141,0 -71.58635437377261,-16.31983364194584,0 -71.58627621396016,-16.32066784600289,0 -71.58627090458307,-16.32120324000678,0 -71.58589297316766,-16.32116674169934,0 
							</coordinates>
						</LinearRing>
					</outerBoundaryIs>
				</Polygon>
			</Placemark>
			<Placemark>
				<name>1.4.184-35</name>
				<styleUrl>#msn_ylw-pushpin51111002</styleUrl>
				<Polygon>
					<tessellate>1</tessellate>
					<outerBoundaryIs>
						<LinearRing>
							<coordinates>
								-71.58612660721693,-16.31978897253347,0 -71.58619372379894,-16.31915413863091,0 -71.58617396240675,-16.31894012189549,0 -71.58636031201634,-16.31894388316986,0 -71.5864016540834,-16.3192093475723,0 -71.58635379358132,-16.31979335957674,0 -71.58612660721693,-16.31978897253347,0 
							</coordinates>
						</LinearRing>
					</outerBoundaryIs>
				</Polygon>
			</Placemark>
			<Placemark>
				<name>1.4.184-36</name>
				<styleUrl>#msn_ylw-pushpin51111002</styleUrl>
				<Polygon>
					<tessellate>1</tessellate>
					<outerBoundaryIs>
						<LinearRing>
							<coordinates>
								-71.58634030200632,-16.31890046923993,0 -71.58617816000084,-16.31888568083242,0 -71.58616379032635,-16.31862269219048,0 -71.58618785544921,-16.31835357496504,0 -71.5863646727952,-16.31836114315708,0 -71.58634030200632,-16.31890046923993,0 
							</coordinates>
						</LinearRing>
					</outerBoundaryIs>
				</Polygon>
			</Placemark>
			<Placemark>
				<name>1.4.184-37</name>
				<styleUrl>#msn_ylw-pushpin51111002</styleUrl>
				<Polygon>
					<tessellate>1</tessellate>
					<outerBoundaryIs>
						<LinearRing>
							<coordinates>
								-71.58618981542521,-16.31831575779549,0 -71.58621584193723,-16.31772044684534,0 -71.58639139668652,-16.31769560264448,0 -71.58636664052435,-16.31832564311408,0 -71.58618981542521,-16.31831575779549,0 
							</coordinates>
						</LinearRing>
					</outerBoundaryIs>
				</Polygon>
			</Placemark>
			<Placemark>
				<name>1.4.184-38</name>
				<styleUrl>#msn_ylw-pushpin51111002</styleUrl>
				<Polygon>
					<tessellate>1</tessellate>
					<outerBoundaryIs>
						<LinearRing>
							<coordinates>
								-71.58642868912085,-16.31977260467011,0 -71.58646672128647,-16.31915188146065,0 -71.58640962351357,-16.31886257424786,0 -71.58646994911372,-16.31770924284618,0 -71.58667688813492,-16.31770862011869,0 -71.58664517582618,-16.3182956620274,0 -71.5866184802257,-16.31978028232905,0 -71.58642868912085,-16.31977260467011,0 
							</coordinates>
						</LinearRing>
					</outerBoundaryIs>
				</Polygon>
			</Placemark>
			<Placemark>
				<name>1.4.185-13</name>
				<styleUrl>#msn_ylw-pushpin51111002</styleUrl>
				<Polygon>
					<tessellate>1</tessellate>
					<outerBoundaryIs>
						<LinearRing>
							<coordinates>
								-71.59041050004467,-16.31522445302539,0 -71.58986285641868,-16.3152039994242,0 -71.58990826210164,-16.31504751721908,0 -71.59040489151046,-16.31504750463584,0 -71.59041050004467,-16.31522445302539,0 
							</coordinates>
						</LinearRing>
					</outerBoundaryIs>
				</Polygon>
			</Placemark>
			<Placemark>
				<name>1.4.185-14</name>
				<styleUrl>#msn_ylw-pushpin51111002</styleUrl>
				<Polygon>
					<tessellate>1</tessellate>
					<outerBoundaryIs>
						<LinearRing>
							<coordinates>
								-71.59040576973197,-16.31567113939087,0 -71.58983439566691,-16.31565032419284,0 -71.58984663718738,-16.31527271077792,0 -71.59040761613183,-16.31528026794347,0 -71.59040576973197,-16.31567113939087,0 
							</coordinates>
						</LinearRing>
					</outerBoundaryIs>
				</Polygon>
			</Placemark>
			<Placemark>
				<name>1.4.186-2</name>
				<styleUrl>#msn_ylw-pushpin51111002</styleUrl>
				<Polygon>
					<tessellate>1</tessellate>
					<outerBoundaryIs>
						<LinearRing>
							<coordinates>
								-71.58763637027965,-16.31752848693135,0 -71.58705882366039,-16.31754878149087,0 -71.5870707026326,-16.31734486844865,0 -71.58711835846303,-16.3171452668433,0 -71.58762484643977,-16.31713241121655,0 -71.58763637027965,-16.31752848693135,0 
							</coordinates>
						</LinearRing>
					</outerBoundaryIs>
				</Polygon>
			</Placemark>
			<Placemark>
				<name>1.4.186-3</name>
				<styleUrl>#msn_ylw-pushpin51111002</styleUrl>
				<Polygon>
					<tessellate>1</tessellate>
					<outerBoundaryIs>
						<LinearRing>
							<coordinates>
								-71.58765078366682,-16.31707978525725,0 -71.58716583830767,-16.31706293199263,0 -71.58725723822428,-16.31669043384906,0 -71.58765600842918,-16.31668717895459,0 -71.58765078366682,-16.31707978525725,0 
							</coordinates>
						</LinearRing>
					</outerBoundaryIs>
				</Polygon>
			</Placemark>
			<Placemark>
				<name>1.4.186-4</name>
				<styleUrl>#msn_ylw-pushpin51111002</styleUrl>
				<Polygon>
					<tessellate>1</tessellate>
					<outerBoundaryIs>
						<LinearRing>
							<coordinates>
								-71.5876545836262,-16.31662051080705,0 -71.58726284651151,-16.31662001393228,0 -71.58725690295994,-16.31448094881336,0 -71.58764956898227,-16.31447648340886,0 -71.5876545836262,-16.31662051080705,0 
							</coordinates>
						</LinearRing>
					</outerBoundaryIs>
				</Polygon>
			</Placemark>
			<Placemark>
				<name>1.4.186-6</name>
				<styleUrl>#msn_ylw-pushpin51111002</styleUrl>
				<Polygon>
					<tessellate>1</tessellate>
					<outerBoundaryIs>
						<LinearRing>
							<coordinates>
								-71.58834551405104,-16.31496566021476,0 -71.58777829981476,-16.3149604648671,0 -71.58777820410322,-16.31457325138607,0 -71.5883338461414,-16.3145892053175,0 -71.58834551405104,-16.31496566021476,0 
							</coordinates>
						</LinearRing>
					</outerBoundaryIs>
				</Polygon>
			</Placemark>
			<Placemark>
				<name>1.4.186-7</name>
				<styleUrl>#msn_ylw-pushpin51111002</styleUrl>
				<Polygon>
					<tessellate>1</tessellate>
					<outerBoundaryIs>
						<LinearRing>
							<coordinates>
								-71.58833805316792,-16.31450859796784,0 -71.58775779296593,-16.31450127661682,0 -71.5877623131059,-16.31413567679636,0 -71.58833370026649,-16.31413710683793,0 -71.58833805316792,-16.31450859796784,0 
							</coordinates>
						</LinearRing>
					</outerBoundaryIs>
				</Polygon>
			</Placemark>
			<Placemark>
				<name>1.4.186-8</name>
				<styleUrl>#msn_ylw-pushpin51111002</styleUrl>
				<Polygon>
					<tessellate>1</tessellate>
					<outerBoundaryIs>
						<LinearRing>
							<coordinates>
								-71.5883507913984,-16.31369223321381,0 -71.58834114608237,-16.31405583439873,0 -71.5877711108715,-16.31404742094761,0 -71.58776596709382,-16.31368747066512,0 -71.5883507913984,-16.31369223321381,0 
							</coordinates>
						</LinearRing>
					</outerBoundaryIs>
				</Polygon>
			</Placemark>
			<Placemark>
				<name>1.4.186-9</name>
				<styleUrl>#msn_ylw-pushpin51111002</styleUrl>
				<Polygon>
					<tessellate>1</tessellate>
					<outerBoundaryIs>
						<LinearRing>
							<coordinates>
								-71.58833902516217,-16.31361409850309,0 -71.58777027266316,-16.31361132078226,0 -71.58778274101179,-16.31322809643423,0 -71.58832398384168,-16.31323220138923,0 -71.58833902516217,-16.31361409850309,0 
							</coordinates>
						</LinearRing>
					</outerBoundaryIs>
				</Polygon>
			</Placemark>
			<Placemark>
				<name>1.4.186-10</name>
				<styleUrl>#msn_ylw-pushpin51111002</styleUrl>
				<Polygon>
					<tessellate>1</tessellate>
					<outerBoundaryIs>
						<LinearRing>
							<coordinates>
								-71.58900456583726,-16.31361228005752,0 -71.58843723532409,-16.31359442508684,0 -71.58844948939874,-16.31325531605094,0 -71.58899293175311,-16.31324965381323,0 -71.58900456583726,-16.31361228005752,0 
							</coordinates>
						</LinearRing>
					</outerBoundaryIs>
				</Polygon>
			</Placemark>
			<Placemark>
				<name>1.4.186-11</name>
				<styleUrl>#msn_ylw-pushpin51111002</styleUrl>
				<Polygon>
					<tessellate>1</tessellate>
					<outerBoundaryIs>
						<LinearRing>
							<coordinates>
								-71.58902131446143,-16.31405784838509,0 -71.58845362925854,-16.31406432002659,0 -71.58845026155693,-16.31369450391143,0 -71.58899479441894,-16.31369956000988,0 -71.58902131446143,-16.31405784838509,0 
							</coordinates>
						</LinearRing>
					</outerBoundaryIs>
				</Polygon>
			</Placemark>
			<Placemark>
				<name>1.4.186-12</name>
				<styleUrl>#msn_ylw-pushpin51111002</styleUrl>
				<Polygon>
					<tessellate>1</tessellate>
					<outerBoundaryIs>
						<LinearRing>
							<coordinates>
								-71.58900326686096,-16.31451613236711,0 -71.5884422524862,-16.31450461637198,0 -71.58843092793335,-16.31414586587181,0 -71.5890039985304,-16.31414468483715,0 -71.58900326686096,-16.31451613236711,0 
							</coordinates>
						</LinearRing>
					</outerBoundaryIs>
				</Polygon>
			</Placemark>
			<Placemark>
				<name>1.4.186-13</name>
				<styleUrl>#msn_ylw-pushpin51111002</styleUrl>
				<Polygon>
					<tessellate>1</tessellate>
					<outerBoundaryIs>
						<LinearRing>
							<coordinates>
								-71.58900376217296,-16.31496860870723,0 -71.58844471915421,-16.31496558286199,0 -71.58844137570853,-16.3145869721469,0 -71.58899400567289,-16.31459615993864,0 -71.58900376217296,-16.31496860870723,0 
							</coordinates>
						</LinearRing>
					</outerBoundaryIs>
				</Polygon>
			</Placemark>
			<Placemark>
				<name>1.4.186-14</name>
				<styleUrl>#msn_ylw-pushpin51111002</styleUrl>
				<Polygon>
					<tessellate>1</tessellate>
					<outerBoundaryIs>
						<LinearRing>
							<coordinates>
								-71.58983575844934,-16.31496978146562,0 -71.5892554885213,-16.31496599130086,0 -71.58926109651725,-16.31458991516964,0 -71.58983834571808,-16.31459273686562,0 -71.58983575844934,-16.31496978146562,0 
							</coordinates>
						</LinearRing>
					</outerBoundaryIs>
				</Polygon>
			</Placemark>
			<Placemark>
				<name>1.4.186-15</name>
				<styleUrl>#msn_ylw-pushpin51111002</styleUrl>
				<Polygon>
					<tessellate>1</tessellate>
					<outerBoundaryIs>
						<LinearRing>
							<coordinates>
								-71.58983315660919,-16.31451763409849,0 -71.58925041864627,-16.31451182237695,0 -71.58926116612517,-16.31413458572257,0 -71.58983407711249,-16.31415014193457,0 -71.58983315660919,-16.31451763409849,0 
							</coordinates>
						</LinearRing>
					</outerBoundaryIs>
				</Polygon>
			</Placemark>
			<Placemark>
				<name>1.4.186-16</name>
				<styleUrl>#msn_ylw-pushpin51111002</styleUrl>
				<Polygon>
					<tessellate>1</tessellate>
					<outerBoundaryIs>
						<LinearRing>
							<coordinates>
								-71.58984795600175,-16.31407278019212,0 -71.58925523020075,-16.31407293838746,0 -71.58924468637385,-16.31369507959564,0 -71.589844716995,-16.31370008845108,0 -71.58984795600175,-16.31407278019212,0 
							</coordinates>
						</LinearRing>
					</outerBoundaryIs>
				</Polygon>
			</Placemark>
			<Placemark>
				<name>1.4.186-17</name>
				<styleUrl>#msn_ylw-pushpin51111002</styleUrl>
				<Polygon>
					<tessellate>1</tessellate>
					<outerBoundaryIs>
						<LinearRing>
							<coordinates>
								-71.5898590444629,-16.31324940297338,0 -71.58985959234282,-16.31361264367393,0 -71.5892561080249,-16.31361203322582,0 -71.58926307899425,-16.31322277318338,0 -71.5898590444629,-16.31324940297338,0 
							</coordinates>
						</LinearRing>
					</outerBoundaryIs>
				</Polygon>
			</Placemark>
			<Placemark>
				<name>1.4.186-18</name>
				<styleUrl>#msn_ylw-pushpin51111002</styleUrl>
				<Polygon>
					<tessellate>1</tessellate>
					<outerBoundaryIs>
						<LinearRing>
							<coordinates>
								-71.59044174489233,-16.31361894934362,0 -71.58991708501419,-16.3136246770762,0 -71.58993182373825,-16.31322568322148,0 -71.59041420262643,-16.31322277835945,0 -71.59044174489233,-16.31361894934362,0 
							</coordinates>
						</LinearRing>
					</outerBoundaryIs>
				</Polygon>
			</Placemark>
			<Placemark>
				<name>1.4.186-19</name>
				<styleUrl>#msn_ylw-pushpin51111002</styleUrl>
				<Polygon>
					<tessellate>1</tessellate>
					<outerBoundaryIs>
						<LinearRing>
							<coordinates>
								-71.59042378767477,-16.31407014057184,0 -71.58992028575744,-16.31407285172898,0 -71.58991564410826,-16.31369976427354,0 -71.5904043945811,-16.31370369851528,0 -71.59042378767477,-16.31407014057184,0 
							</coordinates>
						</LinearRing>
					</outerBoundaryIs>
				</Polygon>
			</Placemark>
			<Placemark>
				<name>1.4.186-20</name>
				<styleUrl>#msn_ylw-pushpin51111002</styleUrl>
				<Polygon>
					<tessellate>1</tessellate>
					<outerBoundaryIs>
						<LinearRing>
							<coordinates>
								-71.59038611088397,-16.31451431426273,0 -71.58990725890293,-16.31451508768332,0 -71.58992383327477,-16.31415294405626,0 -71.5903839001036,-16.3141405657111,0 -71.59038611088397,-16.31451431426273,0 
							</coordinates>
						</LinearRing>
					</outerBoundaryIs>
				</Polygon>
			</Placemark>
			<Placemark>
				<name>1.4.186-21</name>
				<styleUrl>#msn_ylw-pushpin51111002</styleUrl>
				<Polygon>
					<tessellate>1</tessellate>
					<outerBoundaryIs>
						<LinearRing>
							<coordinates>
								-71.59041616569222,-16.31496146559732,0 -71.5899140452137,-16.31496885900661,0 -71.58991461474112,-16.31458406449498,0 -71.59031292930905,-16.31458970361616,0 -71.59041650208395,-16.3146730654116,0 -71.59041616569222,-16.31496146559732,0 
							</coordinates>
						</LinearRing>
					</outerBoundaryIs>
				</Polygon>
			</Placemark>
			<Placemark>
				<name>1.4.186-22</name>
				<styleUrl>#msn_ylw-pushpin51111002</styleUrl>
				<Polygon>
					<tessellate>1</tessellate>
					<outerBoundaryIs>
						<LinearRing>
							<coordinates>
								-71.59017444046974,-16.31270408768303,0 -71.59020521212783,-16.31307792661866,0 -71.58946870841569,-16.3131073771667,0 -71.5894217648936,-16.31274168911678,0 -71.59017444046974,-16.31270408768303,0 
							</coordinates>
						</LinearRing>
					</outerBoundaryIs>
				</Polygon>
			</Placemark>
			<Placemark>
				<name>1.4.186-23</name>
				<styleUrl>#msn_ylw-pushpin51111002</styleUrl>
				<Polygon>
					<tessellate>1</tessellate>
					<outerBoundaryIs>
						<LinearRing>
							<coordinates>
								-71.58781580878426,-16.31309620084734,0 -71.58781934504294,-16.31309198453794,0 -71.58777142652657,-16.31262496152057,0 -71.58862363273897,-16.3127263794437,0 -71.58864624395099,-16.31291925326096,0 -71.58893408203521,-16.31314995589321,0 -71.58781580878426,-16.31309620084734,0 
							</coordinates>
						</LinearRing>
					</outerBoundaryIs>
				</Polygon>
			</Placemark>
			<Placemark>
				<name>1.4.187-1</name>
				<styleUrl>#msn_ylw-pushpin51111002</styleUrl>
				<Polygon>
					<tessellate>1</tessellate>
					<outerBoundaryIs>
						<LinearRing>
							<coordinates>
								-71.58765116195238,-16.31324711555293,0 -71.58762961425595,-16.31437085691902,0 -71.5872812428523,-16.31436880866195,0 -71.58726368418942,-16.31326719317228,0 -71.58765116195238,-16.31324711555293,0 
							</coordinates>
						</LinearRing>
					</outerBoundaryIs>
				</Polygon>
			</Placemark>
			<Placemark>
				<name>1.4.187-2</name>
				<styleUrl>#msn_ylw-pushpin51111002</styleUrl>
				<Polygon>
					<tessellate>1</tessellate>
					<outerBoundaryIs>
						<LinearRing>
							<coordinates>
								-71.58765260299323,-16.31308936810905,0 -71.58727667675794,-16.31310553540076,0 -71.58730309628194,-16.31250783012061,0 -71.58765879965387,-16.31253122210557,0 -71.58765260299323,-16.31308936810905,0 
							</coordinates>
						</LinearRing>
					</outerBoundaryIs>
				</Polygon>
			</Placemark>
			<Placemark>
				<name>1.4.187-3</name>
				<styleUrl>#msn_ylw-pushpin51111002</styleUrl>
				<Polygon>
					<tessellate>1</tessellate>
					<outerBoundaryIs>
						<LinearRing>
							<coordinates>
								-71.58719152185827,-16.31241843888237,0 -71.58680553972239,-16.31242281523971,0 -71.58681845795152,-16.3112719477113,0 -71.58726226386356,-16.31130975978522,0 -71.58719152185827,-16.31241843888237,0 
							</coordinates>
						</LinearRing>
					</outerBoundaryIs>
				</Polygon>
			</Placemark>
			<Placemark>
				<name>1.4.187-4</name>
				<styleUrl>#msn_ylw-pushpin51111002</styleUrl>
				<Polygon>
					<tessellate>1</tessellate>
					<outerBoundaryIs>
						<LinearRing>
							<coordinates>
								-71.58716600907796,-16.31312087094317,0 -71.58679217691365,-16.31315898743824,0 -71.58681551177398,-16.31250951000138,0 -71.58718367009652,-16.31253993425733,0 -71.58716600907796,-16.31312087094317,0 
							</coordinates>
						</LinearRing>
					</outerBoundaryIs>
				</Polygon>
			</Placemark>
			<Placemark>
				<name>1.4.187-5</name>
				<styleUrl>#msn_ylw-pushpin51111002</styleUrl>
				<Polygon>
					<tessellate>1</tessellate>
					<outerBoundaryIs>
						<LinearRing>
							<coordinates>
								-71.58715925219241,-16.31436716681574,0 -71.58678132824771,-16.31437327220685,0 -71.58678535056731,-16.3133482214536,0 -71.58716887436057,-16.31328518255747,0 -71.58715925219241,-16.31436716681574,0 
							</coordinates>
						</LinearRing>
					</outerBoundaryIs>
				</Polygon>
			</Placemark>
			<Placemark>
				<name>1.4.187-6</name>
				<styleUrl>#msn_ylw-pushpin51111002</styleUrl>
				<Polygon>
					<tessellate>1</tessellate>
					<outerBoundaryIs>
						<LinearRing>
							<coordinates>
								-71.58714022631386,-16.31608803773327,0 -71.58673043198817,-16.31604076952043,0 -71.58676724378503,-16.31446884572334,0 -71.58715588066461,-16.3144461668698,0 -71.58714022631386,-16.31608803773327,0 
							</coordinates>
						</LinearRing>
					</outerBoundaryIs>
				</Polygon>
			</Placemark>
			<Placemark>
				<name>1.4.187-7</name>
				<styleUrl>#msn_ylw-pushpin51111002</styleUrl>
				<Polygon>
					<tessellate>1</tessellate>
					<outerBoundaryIs>
						<LinearRing>
							<coordinates>
								-71.5867580855719,-16.31660552330105,0 -71.58677186894447,-16.31609530163612,0 -71.58713138767175,-16.31613389976124,0 -71.58713498818065,-16.3166371098976,0 -71.5867580855719,-16.31660552330105,0 
							</coordinates>
						</LinearRing>
					</outerBoundaryIs>
				</Polygon>
			</Placemark>
			<Placemark>
				<name>1.4.187-9</name>
				<styleUrl>#msn_ylw-pushpin51111002</styleUrl>
				<Polygon>
					<tessellate>1</tessellate>
					<outerBoundaryIs>
						<LinearRing>
							<coordinates>
								-71.58680945414059,-16.31751916984336,0 -71.58673902362086,-16.31750708804771,0 -71.58676043439243,-16.31710601585037,0 -71.58705691815592,-16.31710636066921,0 -71.58680945414059,-16.31751916984336,0 
							</coordinates>
						</LinearRing>
					</outerBoundaryIs>
				</Polygon>
			</Placemark>
			<Placemark>
				<name>1.4.187-10</name>
				<LookAt>
					<longitude>-71.58643342225047</longitude>
					<latitude>-16.31734644952536</latitude>
					<altitude>0</altitude>
					<heading>9.54166404439055e-15</heading>
					<tilt>44.99999999999996</tilt>
					<range>999.999999998187</range>
					<gx:altitudeMode>relativeToSeaFloor</gx:altitudeMode>
				</LookAt>
				<styleUrl>#msn_ylw-pushpin51111002</styleUrl>
				<Polygon>
					<tessellate>1</tessellate>
					<outerBoundaryIs>
						<LinearRing>
							<coordinates>
								-71.58618766082036,-16.31760572605967,0 -71.58619340934396,-16.31708790911552,0 -71.58667918368054,-16.31708717299102,0 -71.58665410369791,-16.31753652475262,0 -71.58618766082036,-16.31760572605967,0 
							</coordinates>
						</LinearRing>
					</outerBoundaryIs>
				</Polygon>
			</Placemark>
			<Placemark>
				<name>1.4.187-11</name>
				<styleUrl>#msn_ylw-pushpin51111002</styleUrl>
				<Polygon>
					<tessellate>1</tessellate>
					<outerBoundaryIs>
						<LinearRing>
							<coordinates>
								-71.58620988671569,-16.3170131284269,0 -71.58620961556321,-16.31666422048759,0 -71.58667868188172,-16.31667895226478,0 -71.58666743575567,-16.31700323520164,0 -71.58620988671569,-16.3170131284269,0 
							</coordinates>
						</LinearRing>
					</outerBoundaryIs>
				</Polygon>
			</Placemark>
			<Placemark>
				<name>1.4.187-12</name>
				<styleUrl>#msn_ylw-pushpin51111002</styleUrl>
				<Polygon>
					<tessellate>1</tessellate>
					<outerBoundaryIs>
						<LinearRing>
							<coordinates>
								-71.58621893004262,-16.3165883343722,0 -71.58621871681581,-16.31658122464102,0 -71.58621828847127,-16.31656694213759,0 -71.58620303843021,-16.31638076782273,0 -71.58611625508171,-16.31628424800763,0 -71.58606341595596,-16.31608895978767,0 -71.58664893417628,-16.31615210547391,0 -71.58666398653982,-16.31660187191923,0 -71.58621893004262,-16.3165883343722,0 
							</coordinates>
						</LinearRing>
					</outerBoundaryIs>
				</Polygon>
			</Placemark>
			<Placemark>
				<name>1.4.187-13</name>
				<styleUrl>#msn_ylw-pushpin51111002</styleUrl>
				<Polygon>
					<tessellate>1</tessellate>
					<outerBoundaryIs>
						<LinearRing>
							<coordinates>
								-71.58643457199825,-16.31606045349308,0 -71.58604604170011,-16.31603539199669,0 -71.58604607956605,-16.31603342841293,0 -71.58587582457912,-16.31560103319119,0 -71.58603177803928,-16.31548420849231,0 -71.58623644599921,-16.31586817685796,0 -71.5862435586485,-16.3158639561748,0 -71.58643457199825,-16.31606045349308,0 
							</coordinates>
						</LinearRing>
					</outerBoundaryIs>
				</Polygon>
			</Placemark>
			<Placemark>
				<name>1.4.187-14</name>
				<styleUrl>#msn_ylw-pushpin51111002</styleUrl>
				<Polygon>
					<tessellate>1</tessellate>
					<outerBoundaryIs>
						<LinearRing>
							<coordinates>
								-71.58637706918437,-16.31584742120888,0 -71.58623740915529,-16.31578788906077,0 -71.58623787479711,-16.31578109880317,0 -71.5860555339289,-16.31543378354639,0 -71.58616594817072,-16.31533736242209,0 -71.58637706918437,-16.31584742120888,0 
							</coordinates>
						</LinearRing>
					</outerBoundaryIs>
				</Polygon>
			</Placemark>
			<Placemark>
				<name>1.4.187-15</name>
				<styleUrl>#msn_ylw-pushpin51111002</styleUrl>
				<Polygon>
					<tessellate>1</tessellate>
					<outerBoundaryIs>
						<LinearRing>
							<coordinates>
								-71.58586687572678,-16.3155397905041,0 -71.58569737829468,-16.31523664417457,0 -71.58538426945104,-16.31476574618258,0 -71.58567688221397,-16.3145151958338,0 -71.58613286542645,-16.31529643055801,0 -71.58586687572678,-16.3155397905041,0 
							</coordinates>
						</LinearRing>
					</outerBoundaryIs>
				</Polygon>
			</Placemark>
			<Placemark>
				<name>1.4.187-16</name>
				<styleUrl>#msn_ylw-pushpin51111002</styleUrl>
				<Polygon>
					<tessellate>1</tessellate>
					<outerBoundaryIs>
						<LinearRing>
							<coordinates>
								-71.58540612411223,-16.31461505552647,0 -71.58521049884179,-16.31429004096456,0 -71.58466874472659,-16.31365102792447,0 -71.58487536729598,-16.31355991316363,0 -71.58561134002171,-16.31447230566448,0 -71.58540612411223,-16.31461505552647,0 
							</coordinates>
						</LinearRing>
					</outerBoundaryIs>
				</Polygon>
			</Placemark>
			<Placemark>
				<name>1.4.187-17</name>
				<styleUrl>#msn_ylw-pushpin51111002</styleUrl>
				<Polygon>
					<tessellate>1</tessellate>
					<outerBoundaryIs>
						<LinearRing>
							<coordinates>
								-71.58733308158327,-16.31241156076485,0 -71.58734166108907,-16.31170316710208,0 -71.58769758748871,-16.31171209266572,0 -71.58767980774451,-16.31242025685997,0 -71.58769337738653,-16.31242755255646,0 -71.58770376127482,-16.31243128642054,0 -71.58733308158327,-16.31241156076485,0 
							</coordinates>
						</LinearRing>
					</outerBoundaryIs>
				</Polygon>
			</Placemark>
			<Placemark>
				<name>1.4.188-1</name>
				<styleUrl>#msn_ylw-pushpin51111002</styleUrl>
				<Polygon>
					<tessellate>1</tessellate>
					<outerBoundaryIs>
						<LinearRing>
							<coordinates>
								-71.58663461465592,-16.31603082286775,0 -71.58645028394776,-16.31598659819903,0 -71.58639660352868,-16.31542639463713,0 -71.586269225794,-16.31509621479496,0 -71.58627527305262,-16.31442107045337,0 -71.58666178606956,-16.31445916974661,0 -71.58663461465592,-16.31603082286775,0 
							</coordinates>
						</LinearRing>
					</outerBoundaryIs>
				</Polygon>
			</Placemark>
			<Placemark>
				<name>1.4.188-2</name>
				<styleUrl>#msn_ylw-pushpin51111002</styleUrl>
				<Polygon>
					<tessellate>1</tessellate>
					<outerBoundaryIs>
						<LinearRing>
							<coordinates>
								-71.58665636150229,-16.31435329232857,0 -71.58626824419144,-16.31433412787884,0 -71.58629665076847,-16.31335123181195,0 -71.58668356528234,-16.31334535629566,0 -71.58665636150229,-16.31435329232857,0 
							</coordinates>
						</LinearRing>
					</outerBoundaryIs>
				</Polygon>
			</Placemark>
			<Placemark>
				<name>1.4.188-3</name>
				<styleUrl>#msn_ylw-pushpin51111002</styleUrl>
				<Polygon>
					<tessellate>1</tessellate>
					<outerBoundaryIs>
						<LinearRing>
							<coordinates>
								-71.58620368624717,-16.31338977734377,0 -71.58618313128025,-16.31439518277739,0 -71.58616197761486,-16.314830614467,0 -71.58580849800884,-16.3144894007733,0 -71.58579957531768,-16.31344225044091,0 -71.58620368624717,-16.31338977734377,0 
							</coordinates>
						</LinearRing>
					</outerBoundaryIs>
				</Polygon>
			</Placemark>
			<Placemark>
				<name>1.4.188-4</name>
				<styleUrl>#msn_ylw-pushpin51111002</styleUrl>
				<Polygon>
					<tessellate>1</tessellate>
					<outerBoundaryIs>
						<LinearRing>
							<coordinates>
								-71.58571687700821,-16.31388939491832,0 -71.58570207865969,-16.31444937884966,0 -71.58502104276693,-16.31351976056723,0 -71.58570414448651,-16.31345420517589,0 -71.58571687700821,-16.31388939491832,0 
							</coordinates>
						</LinearRing>
					</outerBoundaryIs>
				</Polygon>
			</Placemark>
			<Placemark>
				<name>1.4.188-5</name>
				<styleUrl>#msn_ylw-pushpin51111002</styleUrl>
				<Polygon>
					<tessellate>1</tessellate>
					<outerBoundaryIs>
						<LinearRing>
							<coordinates>
								-71.58522270314974,-16.31330324431374,0 -71.58483659213171,-16.31328440176073,0 -71.58484647037895,-16.31247585378408,0 -71.5852294052533,-16.31249046435783,0 -71.58522270314974,-16.31330324431374,0 
							</coordinates>
						</LinearRing>
					</outerBoundaryIs>
				</Polygon>
			</Placemark>
			<Placemark>
				<name>1.4.188-6</name>
				<styleUrl>#msn_ylw-pushpin51111002</styleUrl>
				<Polygon>
					<tessellate>1</tessellate>
					<outerBoundaryIs>
						<LinearRing>
							<coordinates>
								-71.58571287447597,-16.31330309669344,0 -71.58533101353976,-16.31332856125235,0 -71.58533118964993,-16.31247882405703,0 -71.58572734727177,-16.31249248959161,0 -71.58571287447597,-16.31330309669344,0 
							</coordinates>
						</LinearRing>
					</outerBoundaryIs>
				</Polygon>
			</Placemark>
			<Placemark>
				<name>1.4.188-7</name>
				<styleUrl>#msn_ylw-pushpin51111002</styleUrl>
				<Polygon>
					<tessellate>1</tessellate>
					<outerBoundaryIs>
						<LinearRing>
							<coordinates>
								-71.58620312962168,-16.31319602726316,0 -71.58580800582624,-16.31324629365584,0 -71.58578424686468,-16.31249004239692,0 -71.58621485610992,-16.31250869377407,0 -71.58620312962168,-16.31319602726316,0 
							</coordinates>
						</LinearRing>
					</outerBoundaryIs>
				</Polygon>
			</Placemark>
			<Placemark>
				<name>1.4.188-8</name>
				<styleUrl>#msn_ylw-pushpin51111002</styleUrl>
				<Polygon>
					<tessellate>1</tessellate>
					<outerBoundaryIs>
						<LinearRing>
							<coordinates>
								-71.58668656102236,-16.31318046422786,0 -71.58629124925876,-16.31320543343251,0 -71.58631376917262,-16.31250483061597,0 -71.58669579957859,-16.31251215080123,0 -71.58668656102236,-16.31318046422786,0 
							</coordinates>
						</LinearRing>
					</outerBoundaryIs>
				</Polygon>
			</Placemark>
			<Placemark>
				<name>1.4.188-9</name>
				<styleUrl>#msn_ylw-pushpin51111002</styleUrl>
				<Polygon>
					<tessellate>1</tessellate>
					<outerBoundaryIs>
						<LinearRing>
							<coordinates>
								-71.58669786599981,-16.31241746314096,0 -71.58632492024201,-16.3124085031248,0 -71.5863333539553,-16.31164734134795,0 -71.58670363361894,-16.31170331648473,0 -71.58669786599981,-16.31241746314096,0 
							</coordinates>
						</LinearRing>
					</outerBoundaryIs>
				</Polygon>
			</Placemark>
			<Placemark>
				<name>1.4.188-10</name>
				<styleUrl>#msn_ylw-pushpin51111002</styleUrl>
				<Polygon>
					<tessellate>1</tessellate>
					<outerBoundaryIs>
						<LinearRing>
							<coordinates>
								-71.58623095755992,-16.31159857277579,0 -71.58621417062416,-16.31240249342304,0 -71.58580291038648,-16.31238734209506,0 -71.5858173683342,-16.31160273099346,0 -71.58623095755992,-16.31159857277579,0 
							</coordinates>
						</LinearRing>
					</outerBoundaryIs>
				</Polygon>
			</Placemark>
			<Placemark>
				<name>1.4.188-11</name>
				<styleUrl>#msn_ylw-pushpin51111002</styleUrl>
				<Polygon>
					<tessellate>1</tessellate>
					<outerBoundaryIs>
						<LinearRing>
							<coordinates>
								-71.5857181700941,-16.31238731218323,0 -71.58534012578293,-16.31238419793472,0 -71.58536533006786,-16.31141388758978,0 -71.58571274693151,-16.3115739575694,0 -71.5857181700941,-16.31238731218323,0 
							</coordinates>
						</LinearRing>
					</outerBoundaryIs>
				</Polygon>
			</Placemark>
			<Placemark>
				<name>1.4.188-14</name>
				<styleUrl>#msn_ylw-pushpin51111002</styleUrl>
				<Polygon>
					<tessellate>1</tessellate>
					<outerBoundaryIs>
						<LinearRing>
							<coordinates>
								-71.58473759582321,-16.31237666046449,0 -71.58438160781229,-16.31237321455856,0 -71.58439561561649,-16.31090636576754,0 -71.5847753568779,-16.3111742724268,0 -71.58473759582321,-16.31237666046449,0 
							</coordinates>
						</LinearRing>
					</outerBoundaryIs>
				</Polygon>
			</Placemark>
			<Placemark>
				<name>1.4.188-15</name>
				<styleUrl>#msn_ylw-pushpin51111002</styleUrl>
				<Polygon>
					<tessellate>1</tessellate>
					<outerBoundaryIs>
						<LinearRing>
							<coordinates>
								-71.58474951384449,-16.3132354604045,0 -71.58438053074799,-16.31300041484198,0 -71.58435933286412,-16.31245751220656,0 -71.58473211349778,-16.31246639029541,0 -71.58474951384449,-16.3132354604045,0 
							</coordinates>
						</LinearRing>
					</outerBoundaryIs>
				</Polygon>
			</Placemark>
			<Placemark>
				<name>1.4.188-16</name>
				<styleUrl>#msn_ylw-pushpin51111002</styleUrl>
				<Polygon>
					<tessellate>1</tessellate>
					<outerBoundaryIs>
						<LinearRing>
							<coordinates>
								-71.58425359824999,-16.312457594593,0 -71.58423893186884,-16.31281110224567,0 -71.5838169720212,-16.3126112036012,0 -71.58373347723114,-16.31245115844266,0 -71.58425359824999,-16.312457594593,0 
							</coordinates>
						</LinearRing>
					</outerBoundaryIs>
				</Polygon>
			</Placemark>
			<Placemark>
				<name>1.4.188-17</name>
				<styleUrl>#msn_ylw-pushpin51111002</styleUrl>
				<Polygon>
					<tessellate>1</tessellate>
					<outerBoundaryIs>
						<LinearRing>
							<coordinates>
								-71.58429842752297,-16.3123740093395,0 -71.58390556687687,-16.31236548545227,0 -71.58391757072887,-16.31070478913674,0 -71.58431635937336,-16.31088359811194,0 -71.58429842752297,-16.3123740093395,0 
							</coordinates>
						</LinearRing>
					</outerBoundaryIs>
				</Polygon>
			</Placemark>
			<Placemark>
				<name>1.4.188-18</name>
				<styleUrl>#msn_ylw-pushpin51111002</styleUrl>
				<Polygon>
					<tessellate>1</tessellate>
					<outerBoundaryIs>
						<LinearRing>
							<coordinates>
								-71.58381045783614,-16.31235121633273,0 -71.58347389987253,-16.31235150878882,0 -71.58349372501733,-16.31055082760222,0 -71.5838174343298,-16.31066934236961,0 -71.58381045783614,-16.31235121633273,0 
							</coordinates>
						</LinearRing>
					</outerBoundaryIs>
				</Polygon>
			</Placemark>
			<Placemark>
				<name>1.4.188-19</name>
				<styleUrl>#msn_ylw-pushpin51111002</styleUrl>
				<Polygon>
					<tessellate>1</tessellate>
					<outerBoundaryIs>
						<LinearRing>
							<coordinates>
								-71.5844099914254,-16.31084210020339,0 -71.58402153466673,-16.3106455621749,0 -71.58347886531548,-16.31025958110486,0 -71.58363407089762,-16.31002496342583,0 -71.5844099914254,-16.31084210020339,0 
							</coordinates>
						</LinearRing>
					</outerBoundaryIs>
				</Polygon>
			</Placemark>
			<Placemark>
				<name>1.4.188-20</name>
				<styleUrl>#msn_ylw-pushpin51111002</styleUrl>
				<Polygon>
					<tessellate>1</tessellate>
					<outerBoundaryIs>
						<LinearRing>
							<coordinates>
								-71.58490761748227,-16.31112932059351,0 -71.58389714754233,-16.3102389679752,0 -71.58392252960203,-16.31012905101109,0 -71.58507145444166,-16.31082657430056,0 -71.58506314480825,-16.31119714699295,0 -71.58490761748227,-16.31112932059351,0 
							</coordinates>
						</LinearRing>
					</outerBoundaryIs>
				</Polygon>
			</Placemark>
			<Placemark>
				<name>1.4.188-21</name>
				<styleUrl>#msn_ylw-pushpin51111002</styleUrl>
				<Polygon>
					<tessellate>1</tessellate>
					<outerBoundaryIs>
						<LinearRing>
							<coordinates>
								-71.58590707668166,-16.31111365056476,0 -71.5867292951759,-16.31122991717444,0 -71.58672648168661,-16.31162675777403,0 -71.58571057577008,-16.31141975359235,0 -71.58514037390098,-16.31122018157822,0 -71.58513041445092,-16.31086018182623,0 -71.58590707668166,-16.31111365056476,0 
							</coordinates>
						</LinearRing>
					</outerBoundaryIs>
				</Polygon>
			</Placemark>
			<Placemark>
				<name>1.4.188-22</name>
				<styleUrl>#msn_ylw-pushpin51111002</styleUrl>
				<Polygon>
					<tessellate>1</tessellate>
					<outerBoundaryIs>
						<LinearRing>
							<coordinates>
								-71.58429447868244,-16.31339823889795,0 -71.58411733711142,-16.31322185409291,0 -71.58404554291646,-16.31306304801238,0 -71.58427824021456,-16.31302178506697,0 -71.58470388753352,-16.31340909851115,0 -71.58429447868244,-16.31339823889795,0 
							</coordinates>
						</LinearRing>
					</outerBoundaryIs>
				</Polygon>
			</Placemark>
			<Placemark>
				<name>1.4.188-23</name>
				<styleUrl>#msn_ylw-pushpin51111002</styleUrl>
				<Polygon>
					<tessellate>1</tessellate>
					<outerBoundaryIs>
						<LinearRing>
							<coordinates>
								-71.58397864923244,-16.31301193339627,0 -71.58394487261853,-16.31282742814142,0 -71.58406571964184,-16.312825262267,0 -71.58422921736222,-16.3129724568808,0 -71.58397864923244,-16.31301193339627,0 
							</coordinates>
						</LinearRing>
					</outerBoundaryIs>
				</Polygon>
			</Placemark>
			<Placemark>
				<name>1.4.303-1</name>
				<styleUrl>#msn_ylw-pushpin51111002</styleUrl>
				<Polygon>
					<tessellate>1</tessellate>
					<outerBoundaryIs>
						<LinearRing>
							<coordinates>
								-71.59930354522862,-16.32418922379182,0 -71.59933327758414,-16.32400249429638,0 -71.59959021977264,-16.32376856834588,0 -71.60002069556511,-16.32359440934733,0 -71.60125771213941,-16.32500447570314,0 -71.60049790635003,-16.3255757683295,0 -71.59930354522862,-16.32418922379182,0 
							</coordinates>
						</LinearRing>
					</outerBoundaryIs>
				</Polygon>
			</Placemark>
			<Placemark>
				<name>1.4.303-2</name>
				<styleUrl>#msn_ylw-pushpin51111002</styleUrl>
				<Polygon>
					<tessellate>1</tessellate>
					<outerBoundaryIs>
						<LinearRing>
							<coordinates>
								-71.59950599331896,-16.32455383060965,0 -71.60041254592794,-16.32564541127287,0 -71.59942175997074,-16.32644031725735,0 -71.59909221176714,-16.32601549014666,0 -71.59909355775805,-16.32553205690047,0 -71.59910777313917,-16.32512229201224,0 -71.59912324446007,-16.32486417798593,0 -71.59950599331896,-16.32455383060965,0 
							</coordinates>
						</LinearRing>
					</outerBoundaryIs>
				</Polygon>
			</Placemark>
			<Placemark>
				<name>1.4.303-3</name>
				<styleUrl>#msn_ylw-pushpin51111002</styleUrl>
				<Polygon>
					<tessellate>1</tessellate>
					<outerBoundaryIs>
						<LinearRing>
							<coordinates>
								-71.60183005067304,-16.32622799165345,0 -71.60140165242741,-16.32660539953208,0 -71.60062003573012,-16.32564936548512,0 -71.60103148744447,-16.32531745751982,0 -71.60183005067304,-16.32622799165345,0 
							</coordinates>
						</LinearRing>
					</outerBoundaryIs>
				</Polygon>
			</Placemark>
			<Placemark>
				<name>1.4.303-4</name>
				<styleUrl>#msn_ylw-pushpin51111002</styleUrl>
				<Polygon>
					<tessellate>1</tessellate>
					<outerBoundaryIs>
						<LinearRing>
							<coordinates>
								-71.60128420063948,-16.32665726159656,0 -71.60017851845289,-16.32756976609652,0 -71.59939222436158,-16.32664617033636,0 -71.60051701602431,-16.3257203040126,0 -71.60128420063948,-16.32665726159656,0 
							</coordinates>
						</LinearRing>
					</outerBoundaryIs>
				</Polygon>
			</Placemark>
			<Placemark>
				<name>1.4.303-5</name>
				<styleUrl>#msn_ylw-pushpin51111002</styleUrl>
				<Polygon>
					<tessellate>1</tessellate>
					<outerBoundaryIs>
						<LinearRing>
							<coordinates>
								-71.60106131348097,-16.32857305045866,0 -71.60027798231721,-16.32765846183499,0 -71.60083495587935,-16.32721319542366,0 -71.60159874051733,-16.32811350233785,0 -71.60106131348097,-16.32857305045866,0 
							</coordinates>
						</LinearRing>
					</outerBoundaryIs>
				</Polygon>
			</Placemark>
			<Placemark>
				<name>1.4.303-6</name>
				<styleUrl>#msn_ylw-pushpin51111002</styleUrl>
				<Polygon>
					<tessellate>1</tessellate>
					<outerBoundaryIs>
						<LinearRing>
							<coordinates>
								-71.6009077507408,-16.32714607745758,0 -71.60139008596312,-16.32674253695089,0 -71.60216835066342,-16.32767398697958,0 -71.60170191000103,-16.32804889258554,0 -71.6009077507408,-16.32714607745758,0 
							</coordinates>
						</LinearRing>
					</outerBoundaryIs>
				</Polygon>
			</Placemark>
			<Placemark>
				<name>1.4.303-7</name>
				<styleUrl>#msn_ylw-pushpin51111002</styleUrl>
				<Polygon>
					<tessellate>1</tessellate>
					<outerBoundaryIs>
						<LinearRing>
							<coordinates>
								-71.60149140003615,-16.326662734174,0 -71.60216589091242,-16.32605782312886,0 -71.60300096019003,-16.32699267395972,0 -71.60227186058923,-16.32764042767961,0 -71.60149140003615,-16.326662734174,0 
							</coordinates>
						</LinearRing>
					</outerBoundaryIs>
				</Polygon>
			</Placemark>
			<Placemark>
				<name>1.4.303-8</name>
				<styleUrl>#msn_ylw-pushpin51111002</styleUrl>
				<Polygon>
					<tessellate>1</tessellate>
					<outerBoundaryIs>
						<LinearRing>
							<coordinates>
								-71.60235451325622,-16.32769787559956,0 -71.60307536085126,-16.3270811524324,0 -71.60403947475054,-16.32818059921148,0 -71.60329433104354,-16.32878807946162,0 -71.60235451325622,-16.32769787559956,0 
							</coordinates>
						</LinearRing>
					</outerBoundaryIs>
				</Polygon>
			</Placemark>
			<Placemark>
				<name>1.4.303-9</name>
				<styleUrl>#msn_ylw-pushpin51111002</styleUrl>
				<Polygon>
					<tessellate>1</tessellate>
					<outerBoundaryIs>
						<LinearRing>
							<coordinates>
								-71.60256827678776,-16.32954107501563,0 -71.60270187278516,-16.32965435996281,0 -71.6024654820679,-16.32989178927224,0 -71.60225242562032,-16.32995988804135,0 -71.6021746871897,-16.3298674461019,0 -71.60256827678776,-16.32954107501563,0 
							</coordinates>
						</LinearRing>
					</outerBoundaryIs>
				</Polygon>
			</Placemark>
			<Placemark>
				<name>1.4.303-10</name>
				<styleUrl>#msn_ylw-pushpin51111002</styleUrl>
				<Polygon>
					<tessellate>1</tessellate>
					<outerBoundaryIs>
						<LinearRing>
							<coordinates>
								-71.60272162827131,-16.32831443619751,0 -71.60319852097771,-16.32889743880827,0 -71.60268885270519,-16.329288990046,0 -71.60238799358446,-16.3296033632298,0 -71.60196199686206,-16.32994475341634,0 -71.60184532774824,-16.32952782826011,0 -71.60160695825739,-16.32919241335792,0 -71.60272162827131,-16.32831443619751,0 
							</coordinates>
						</LinearRing>
					</outerBoundaryIs>
				</Polygon>
			</Placemark>
			<Placemark>
				<name>1.4.303-11</name>
				<styleUrl>#msn_ylw-pushpin51111002</styleUrl>
				<Polygon>
					<tessellate>1</tessellate>
					<outerBoundaryIs>
						<LinearRing>
							<coordinates>
								-71.60224898463409,-16.32777531017423,0 -71.60268143943691,-16.32827354881007,0 -71.60155107661045,-16.32915354020128,0 -71.60112831712841,-16.32868022210927,0 -71.60224898463409,-16.32777531017423,0 
							</coordinates>
						</LinearRing>
					</outerBoundaryIs>
				</Polygon>
			</Placemark>
			<Placemark>
				<name>1.4.303-13</name>
				<styleUrl>#msn_ylw-pushpin51111002</styleUrl>
				<Polygon>
					<tessellate>1</tessellate>
					<outerBoundaryIs>
						<LinearRing>
							<coordinates>
								-71.60092408041285,-16.32864706390332,0 -71.60065555166277,-16.32887533084229,0 -71.6005826164711,-16.32876667217641,0 -71.60048231281874,-16.32869017161756,0 -71.60034715289689,-16.32869010399187,0 -71.60018896082997,-16.32856420795664,0 -71.60054238213553,-16.32826127173345,0 -71.60092408041285,-16.32864706390332,0 
							</coordinates>
						</LinearRing>
					</outerBoundaryIs>
				</Polygon>
			</Placemark>
			<Placemark>
				<name>1.4.303-14</name>
				<styleUrl>#msn_ylw-pushpin51111002</styleUrl>
				<Polygon>
					<tessellate>1</tessellate>
					<outerBoundaryIs>
						<LinearRing>
							<coordinates>
								-71.6005071014195,-16.3282029426369,0 -71.6001373603788,-16.32849612723791,0 -71.60004190655977,-16.3284650197237,0 -71.59986307076537,-16.32841139049511,0 -71.59977777051637,-16.32830767193939,0 -71.60025728859178,-16.32791711153385,0 -71.6005071014195,-16.3282029426369,0 
							</coordinates>
						</LinearRing>
					</outerBoundaryIs>
				</Polygon>
			</Placemark>
			<Placemark>
				<name>1.4.303-15</name>
				<styleUrl>#msn_ylw-pushpin51111002</styleUrl>
				<Polygon>
					<tessellate>1</tessellate>
					<outerBoundaryIs>
						<LinearRing>
							<coordinates>
								-71.59999443322398,-16.32802106359478,0 -71.59976481410392,-16.32821415202171,0 -71.59962864631197,-16.32808866274891,0 -71.59958481264349,-16.32788348362231,0 -71.59975925288354,-16.32774804857886,0 -71.59999443322398,-16.32802106359478,0 
							</coordinates>
						</LinearRing>
					</outerBoundaryIs>
				</Polygon>
			</Placemark>
			<Placemark>
				<name>1.4.303-16</name>
				<styleUrl>#msn_ylw-pushpin51111002</styleUrl>
				<Polygon>
					<tessellate>1</tessellate>
					<outerBoundaryIs>
						<LinearRing>
							<coordinates>
								-71.59930057723096,-16.32681170936022,0 -71.59993970431998,-16.32752891940157,0 -71.59953433064732,-16.327845092939,0 -71.59898315903992,-16.32729351245327,0 -71.59930057723096,-16.32681170936022,0 
							</coordinates>
						</LinearRing>
					</outerBoundaryIs>
				</Polygon>
			</Placemark>
			<Placemark>
				<name>1.4.303-17</name>
				<styleUrl>#msn_ylw-pushpin51111002</styleUrl>
				<Polygon>
					<tessellate>1</tessellate>
					<outerBoundaryIs>
						<LinearRing>
							<coordinates>
								-71.59928566680362,-16.32658173236812,0 -71.59899486812533,-16.32623060292915,0 -71.59884575424385,-16.32596254733086,0 -71.59847564855642,-16.32527595143807,0 -71.59874614198557,-16.3246064556467,0 -71.59881403160026,-16.32446198460921,0 -71.59907621105596,-16.3242060775339,0 -71.5991728970736,-16.32417532649876,0 -71.59945282292104,-16.32451055544392,0 -71.59906598965568,-16.32482912306193,0 -71.59903686615831,-16.32551094344064,0 -71.59905312633825,-16.32606074835106,0 -71.59938389033873,-16.32648183347344,0 -71.59928566680362,-16.32658173236812,0 
							</coordinates>
						</LinearRing>
					</outerBoundaryIs>
				</Polygon>
			</Placemark>
			<Placemark>
				<name>1.4.304-1</name>
				<styleUrl>#msn_ylw-pushpin51111002</styleUrl>
				<Polygon>
					<tessellate>1</tessellate>
					<outerBoundaryIs>
						<LinearRing>
							<coordinates>
								-71.59706781552759,-16.3277687443807,0 -71.59766630085655,-16.32662665902627,0 -71.59802317674847,-16.32758311512256,0 -71.59972930631845,-16.32957501966806,0 -71.59886169350671,-16.32984644513677,0 -71.59706781552759,-16.3277687443807,0 
							</coordinates>
						</LinearRing>
					</outerBoundaryIs>
				</Polygon>
			</Placemark>
			<Placemark>
				<name>1.4.304-2</name>
				<styleUrl>#msn_ylw-pushpin51111002</styleUrl>
				<Polygon>
					<tessellate>1</tessellate>
					<outerBoundaryIs>
						<LinearRing>
							<coordinates>
								-71.59876649917777,-16.3298778476378,0 -71.59839687137098,-16.32998527078563,0 -71.59788719569291,-16.33015898002022,0 -71.59663308478886,-16.3286852282806,0 -71.59662978367548,-16.32866527535747,0 -71.59700330583568,-16.32787880531621,0 -71.59746410841413,-16.32837139706708,0 -71.59876649917777,-16.3298778476378,0 
							</coordinates>
						</LinearRing>
					</outerBoundaryIs>
				</Polygon>
			</Placemark>
			<Placemark>
				<name>1.4.304-3</name>
				<styleUrl>#msn_ylw-pushpin51111002</styleUrl>
				<Polygon>
					<tessellate>1</tessellate>
					<outerBoundaryIs>
						<LinearRing>
							<coordinates>
								-71.59989624405645,-16.32980800451464,0 -71.59926397680154,-16.33032063175904,0 -71.59897641726224,-16.32993539038376,0 -71.59980322396369,-16.32967918709884,0 -71.59989624405645,-16.32980800451464,0 
							</coordinates>
						</LinearRing>
					</outerBoundaryIs>
				</Polygon>
			</Placemark>
			<Placemark>
				<name>1.4.304-4</name>
				<styleUrl>#msn_ylw-pushpin51111002</styleUrl>
				<Polygon>
					<tessellate>1</tessellate>
					<outerBoundaryIs>
						<LinearRing>
							<coordinates>
								-71.59882520899356,-16.3299484639433,0 -71.59917660456568,-16.33036334851024,0 -71.59852740129648,-16.3309181782533,0 -71.59793959462132,-16.33025387829115,0 -71.59882520899356,-16.3299484639433,0 
							</coordinates>
						</LinearRing>
					</outerBoundaryIs>
				</Polygon>
			</Placemark>
			<Placemark>
				<name>1.4.304-5</name>
				<styleUrl>#msn_ylw-pushpin51111002</styleUrl>
				<Polygon>
					<tessellate>1</tessellate>
					<outerBoundaryIs>
						<LinearRing>
							<coordinates>
								-71.59780400517472,-16.3301916787295,0 -71.59734726764599,-16.3310074609421,0 -71.59610968010387,-16.32952124322304,0 -71.59653648834575,-16.3287526994949,0 -71.59780400517472,-16.3301916787295,0 
							</coordinates>
						</LinearRing>
					</outerBoundaryIs>
				</Polygon>
			</Placemark>
			<Placemark>
				<name>1.4.304-6</name>
				<styleUrl>#msn_ylw-pushpin51111002</styleUrl>
				<Polygon>
					<tessellate>1</tessellate>
					<outerBoundaryIs>
						<LinearRing>
							<coordinates>
								-71.59787016291151,-16.33032382577914,0 -71.59845531967929,-16.33098348633074,0 -71.59779859004507,-16.33151070339792,0 -71.59746129481647,-16.33108155684938,0 -71.59787016291151,-16.33032382577914,0 
							</coordinates>
						</LinearRing>
					</outerBoundaryIs>
				</Polygon>
			</Placemark>
			<Placemark>
				<name>1.4.304-7</name>
				<styleUrl>#msn_ylw-pushpin51111002</styleUrl>
				<Polygon>
					<tessellate>1</tessellate>
					<outerBoundaryIs>
						<LinearRing>
							<coordinates>
								-71.59737440969937,-16.33123114057924,0 -71.59768870912386,-16.33155484251481,0 -71.59704219689979,-16.3320550829429,0 -71.59694509598059,-16.33195699149302,0 -71.59737440969937,-16.33123114057924,0 
							</coordinates>
						</LinearRing>
					</outerBoundaryIs>
				</Polygon>
			</Placemark>
			<Placemark>
				<name>1.4.304-8</name>
				<styleUrl>#msn_ylw-pushpin51111002</styleUrl>
				<Polygon>
					<tessellate>1</tessellate>
					<outerBoundaryIs>
						<LinearRing>
							<coordinates>
								-71.59729127199135,-16.3311238647695,0 -71.59681252886655,-16.3319313132214,0 -71.59697116621631,-16.33211460488189,0 -71.59668961362847,-16.33237682870766,0 -71.59538745058404,-16.33086534177976,0 -71.59607505033526,-16.32963154912477,0 -71.59729127199135,-16.3311238647695,0 
							</coordinates>
						</LinearRing>
					</outerBoundaryIs>
				</Polygon>
			</Placemark>
			<Placemark>
				<name>1.4.304-9</name>
				<styleUrl>#msn_ylw-pushpin51111002</styleUrl>
				<Polygon>
					<tessellate>1</tessellate>
					<outerBoundaryIs>
						<LinearRing>
							<coordinates>
								-71.5965924464616,-16.33246096761244,0 -71.59557283757215,-16.33326527086921,0 -71.5946491692862,-16.33220259018854,0 -71.59534170839279,-16.33097649695403,0 -71.5965924464616,-16.33246096761244,0 
							</coordinates>
						</LinearRing>
					</outerBoundaryIs>
				</Polygon>
			</Placemark>
			<Placemark>
				<name>1.4.304-10</name>
				<styleUrl>#msn_ylw-pushpin51111002</styleUrl>
				<Polygon>
					<tessellate>1</tessellate>
					<outerBoundaryIs>
						<LinearRing>
							<coordinates>
								-71.59705237733228,-16.3337152409331,0 -71.59641863339111,-16.33423754996827,0 -71.59564182908251,-16.33334982236481,0 -71.59629090456561,-16.33284713384156,0 -71.59705237733228,-16.3337152409331,0 
							</coordinates>
						</LinearRing>
					</outerBoundaryIs>
				</Polygon>
			</Placemark>
			<Placemark>
				<name>1.4.304-11</name>
				<styleUrl>#msn_ylw-pushpin51111002</styleUrl>
				<Polygon>
					<tessellate>1</tessellate>
					<outerBoundaryIs>
						<LinearRing>
							<coordinates>
								-71.59776533570906,-16.33311936451191,0 -71.59713159589261,-16.33362941448149,0 -71.59639056544319,-16.33275885607711,0 -71.59702686017097,-16.33225126042583,0 -71.59776533570906,-16.33311936451191,0 
							</coordinates>
						</LinearRing>
					</outerBoundaryIs>
				</Polygon>
			</Placemark>
			<Placemark>
				<name>1.4.304-12</name>
				<styleUrl>#msn_ylw-pushpin51111002</styleUrl>
				<Polygon>
					<tessellate>1</tessellate>
					<outerBoundaryIs>
						<LinearRing>
							<coordinates>
								-71.59775770184359,-16.33163821809141,0 -71.59853450863775,-16.3325283902604,0 -71.59787777390149,-16.33304334657163,0 -71.59712907717052,-16.33215807725678,0 -71.59775770184359,-16.33163821809141,0 
							</coordinates>
						</LinearRing>
					</outerBoundaryIs>
				</Polygon>
			</Placemark>
			<Placemark>
				<name>1.4.304-13</name>
				<styleUrl>#msn_ylw-pushpin51111002</styleUrl>
				<Polygon>
					<tessellate>1</tessellate>
					<outerBoundaryIs>
						<LinearRing>
							<coordinates>
								-71.59926023380204,-16.33194722264136,0 -71.5986137249873,-16.33244992005187,0 -71.59785991599607,-16.33156465330616,0 -71.59849875813346,-16.33107176650804,0 -71.59926023380204,-16.33194722264136,0 
							</coordinates>
						</LinearRing>
					</outerBoundaryIs>
				</Polygon>
			</Placemark>
			<Placemark>
				<name>1.4.304-14</name>
				<styleUrl>#msn_ylw-pushpin51111002</styleUrl>
				<Polygon>
					<tessellate>1</tessellate>
					<outerBoundaryIs>
						<LinearRing>
							<coordinates>
								-71.60003706338033,-16.33133907857331,0 -71.59936500369508,-16.33187610933568,0 -71.5986086386925,-16.33098348852582,0 -71.59923981136052,-16.33047343226034,0 -71.60003706338033,-16.33133907857331,0 
							</coordinates>
						</LinearRing>
					</outerBoundaryIs>
				</Polygon>
			</Placemark>
			<Placemark>
				<name>1.4.304-15</name>
				<styleUrl>#msn_ylw-pushpin51111002</styleUrl>
				<Polygon>
					<tessellate>1</tessellate>
					<outerBoundaryIs>
						<LinearRing>
							<coordinates>
								-71.60072455137463,-16.33076703031709,0 -71.60011563753989,-16.33126190383137,0 -71.59934274466373,-16.33040983054406,0 -71.59998338817951,-16.32988804884246,0 -71.60072455137463,-16.33076703031709,0 
							</coordinates>
						</LinearRing>
					</outerBoundaryIs>
				</Polygon>
			</Placemark>
			<Placemark>
				<name>1.4.304-16</name>
				<styleUrl>#msn_ylw-pushpin51111002</styleUrl>
				<Polygon>
					<tessellate>1</tessellate>
					<outerBoundaryIs>
						<LinearRing>
							<coordinates>
								-71.59949706616274,-16.32914652200547,0 -71.59958823657762,-16.32908857592732,0 -71.59987769187656,-16.32931777743724,0 -71.60022585412507,-16.32949036644616,0 -71.60118662487496,-16.33042404775661,0 -71.60084205882836,-16.33069360363458,0 -71.59949706616274,-16.32914652200547,0 
							</coordinates>
						</LinearRing>
					</outerBoundaryIs>
				</Polygon>
			</Placemark>
			<Placemark>
				<name>1.4.304-17</name>
				<styleUrl>#msn_ylw-pushpin51111002</styleUrl>
				<Polygon>
					<tessellate>1</tessellate>
					<outerBoundaryIs>
						<LinearRing>
							<coordinates>
								-71.60109312930594,-16.3306470229838,0 -71.60135406560227,-16.33097552376421,0 -71.60112525056292,-16.33114575497075,0 -71.60085269064942,-16.33081567048963,0 -71.60109312930594,-16.3306470229838,0 
							</coordinates>
						</LinearRing>
					</outerBoundaryIs>
				</Polygon>
			</Placemark>
			<Placemark>
				<name>1.4.304-18</name>
				<styleUrl>#msn_ylw-pushpin51111002</styleUrl>
				<Polygon>
					<tessellate>1</tessellate>
					<outerBoundaryIs>
						<LinearRing>
							<coordinates>
								-71.60125449653836,-16.33223329954056,0 -71.60111324908905,-16.33222687622721,0 -71.60112086651995,-16.33211233678059,0 -71.60111810268009,-16.33188610438502,0 -71.60108291610892,-16.33165190226116,0 -71.60105018917956,-16.33123274853415,0 -71.6012301422623,-16.33112008527509,0 -71.60125449653836,-16.33223329954056,0 
							</coordinates>
						</LinearRing>
					</outerBoundaryIs>
				</Polygon>
			</Placemark>
			<Placemark>
				<name>1.4.304-19</name>
				<styleUrl>#msn_ylw-pushpin51111002</styleUrl>
				<Polygon>
					<tessellate>1</tessellate>
					<outerBoundaryIs>
						<LinearRing>
							<coordinates>
								-71.60105548177209,-16.33181298082072,0 -71.60104772995881,-16.33226372004334,0 -71.60102505194391,-16.3323522426341,0 -71.60047593669577,-16.33171446847928,0 -71.60077803230637,-16.33148968442474,0 -71.60105548177209,-16.33181298082072,0 
							</coordinates>
						</LinearRing>
					</outerBoundaryIs>
				</Polygon>
			</Placemark>
			<Placemark>
				<name>1.4.304-20</name>
				<styleUrl>#msn_ylw-pushpin51111002</styleUrl>
				<Polygon>
					<tessellate>1</tessellate>
					<outerBoundaryIs>
						<LinearRing>
							<coordinates>
								-71.60082257027753,-16.3308664217886,0 -71.60106948845048,-16.33117545858194,0 -71.60045952765343,-16.33166751250474,0 -71.60018333402878,-16.33138075435705,0 -71.60082257027753,-16.3308664217886,0 
							</coordinates>
						</LinearRing>
					</outerBoundaryIs>
				</Polygon>
			</Placemark>
			<Placemark>
				<name>1.4.304-21</name>
				<styleUrl>#msn_ylw-pushpin51111002</styleUrl>
				<Polygon>
					<tessellate>1</tessellate>
					<outerBoundaryIs>
						<LinearRing>
							<coordinates>
								-71.60099010004133,-16.33240314621064,0 -71.60079961995869,-16.33253359900836,0 -71.5999663167123,-16.33156160177814,0 -71.60014397010602,-16.33141226647633,0 -71.60099010004133,-16.33240314621064,0 
							</coordinates>
						</LinearRing>
					</outerBoundaryIs>
				</Polygon>
			</Placemark>
			<Placemark>
				<name>1.4.304-22</name>
				<styleUrl>#msn_ylw-pushpin51111002</styleUrl>
				<Polygon>
					<tessellate>1</tessellate>
					<outerBoundaryIs>
						<LinearRing>
							<coordinates>
								-71.5997318621245,-16.33229981383163,0 -71.60002539202404,-16.33206441112644,0 -71.6001009269871,-16.33242700160636,0 -71.60036373382506,-16.33274428849363,0 -71.60021297143344,-16.33285313210492,0 -71.5997318621245,-16.33229981383163,0 
							</coordinates>
						</LinearRing>
					</outerBoundaryIs>
				</Polygon>
			</Placemark>
			<Placemark>
				<name>1.4.304-23</name>
				<styleUrl>#msn_ylw-pushpin51111002</styleUrl>
				<Polygon>
					<tessellate>1</tessellate>
					<outerBoundaryIs>
						<LinearRing>
							<coordinates>
								-71.59998449637244,-16.33202298436269,0 -71.59968750310736,-16.33224741697838,0 -71.59943873626031,-16.33196300696569,0 -71.59972298931679,-16.33173889508668,0 -71.59998449637244,-16.33202298436269,0 
							</coordinates>
						</LinearRing>
					</outerBoundaryIs>
				</Polygon>
			</Placemark>
			<Placemark>
				<name>1.4.304-25</name>
				<styleUrl>#msn_ylw-pushpin51111002</styleUrl>
				<Polygon>
					<tessellate>1</tessellate>
					<outerBoundaryIs>
						<LinearRing>
							<coordinates>
								-71.60013719709005,-16.33295195101961,0 -71.59982385390204,-16.33318116652062,0 -71.59933844076669,-16.33261181425533,0 -71.59962353093849,-16.3323801338789,0 -71.60013719709005,-16.33295195101961,0 
							</coordinates>
						</LinearRing>
					</outerBoundaryIs>
				</Polygon>
			</Placemark>
			<Placemark>
				<name>1.4.304-26</name>
				<styleUrl>#msn_ylw-pushpin51111002</styleUrl>
				<Polygon>
					<tessellate>1</tessellate>
					<outerBoundaryIs>
						<LinearRing>
							<coordinates>
								-71.59977248617781,-16.33322553077953,0 -71.59942832280434,-16.33347692732712,0 -71.59896859408771,-16.33290264534646,0 -71.59927423132984,-16.3326611077553,0 -71.59977248617781,-16.33322553077953,0 
							</coordinates>
						</LinearRing>
					</outerBoundaryIs>
				</Polygon>
			</Placemark>
			<Placemark>
				<name>1.4.304-27</name>
				<styleUrl>#msn_ylw-pushpin51111002</styleUrl>
				<Polygon>
					<tessellate>1</tessellate>
					<outerBoundaryIs>
						<LinearRing>
							<coordinates>
								-71.59925368515299,-16.3326118133162,0 -71.59893520602837,-16.33286320958919,0 -71.59868094304535,-16.33257237021787,0 -71.59899171722012,-16.33231850906312,0 -71.59925368515299,-16.3326118133162,0 
							</coordinates>
						</LinearRing>
					</outerBoundaryIs>
				</Polygon>
			</Placemark>
			<Placemark>
				<name>1.4.304-28</name>
				<styleUrl>#msn_ylw-pushpin51111002</styleUrl>
				<Polygon>
					<tessellate>1</tessellate>
					<outerBoundaryIs>
						<LinearRing>
							<coordinates>
								-71.59861930181083,-16.33261919875009,0 -71.59886586001775,-16.33289278513343,0 -71.59854481131919,-16.33314418055625,0 -71.59830852623345,-16.33287305882333,0 -71.59861930181083,-16.33261919875009,0 
							</coordinates>
						</LinearRing>
					</outerBoundaryIs>
				</Polygon>
			</Placemark>
			<Placemark>
				<name>1.4.304-29</name>
				<styleUrl>#msn_ylw-pushpin51111002</styleUrl>
				<Polygon>
					<tessellate>1</tessellate>
					<outerBoundaryIs>
						<LinearRing>
							<coordinates>
								-71.59938722860555,-16.33352622094029,0 -71.59908159017401,-16.33375789970556,0 -71.59859104119886,-16.33320333414523,0 -71.59890181620455,-16.33295193847646,0 -71.59938722860555,-16.33352622094029,0 
							</coordinates>
						</LinearRing>
					</outerBoundaryIs>
				</Polygon>
			</Placemark>
			<Placemark>
				<name>1.4.304-31</name>
				<styleUrl>#msn_ylw-pushpin51111002</styleUrl>
				<Polygon>
					<tessellate>1</tessellate>
					<outerBoundaryIs>
						<LinearRing>
							<coordinates>
								-71.59829171966548,-16.3343896285506,0 -71.597990178999,-16.3346250372214,0 -71.5975251109796,-16.33407327617496,0 -71.5978010964922,-16.33382805866264,0 -71.59829171966548,-16.3343896285506,0 
							</coordinates>
						</LinearRing>
					</outerBoundaryIs>
				</Polygon>
			</Placemark>
			<Placemark>
				<name>1.4.304-32</name>
				<styleUrl>#msn_ylw-pushpin51111002</styleUrl>
				<Polygon>
					<tessellate>1</tessellate>
					<outerBoundaryIs>
						<LinearRing>
							<coordinates>
								-71.59750723635489,-16.33351661993492,0 -71.5977653222596,-16.33378391790063,0 -71.59748167046982,-16.3340389441295,0 -71.59722614127051,-16.33373241052901,0 -71.59750723635489,-16.33351661993492,0 
							</coordinates>
						</LinearRing>
					</outerBoundaryIs>
				</Polygon>
			</Placemark>
			<Placemark>
				<name>1.4.304-33</name>
				<styleUrl>#msn_ylw-pushpin51111002</styleUrl>
				<Polygon>
					<tessellate>1</tessellate>
					<outerBoundaryIs>
						<LinearRing>
							<coordinates>
								-71.5964569622537,-16.33429640418339,0 -71.59711114842274,-16.33379861815906,0 -71.59738456479309,-16.33411496110121,0 -71.59674315501124,-16.33461765286405,0 -71.5964569622537,-16.33429640418339,0 
							</coordinates>
						</LinearRing>
					</outerBoundaryIs>
				</Polygon>
			</Placemark>
			<Placemark>
				<name>1.4.304-34</name>
				<styleUrl>#msn_ylw-pushpin51111002</styleUrl>
				<Polygon>
					<tessellate>1</tessellate>
					<outerBoundaryIs>
						<LinearRing>
							<coordinates>
								-71.59789307252309,-16.33471822010394,0 -71.59743565112593,-16.33509340239635,0 -71.5971187843594,-16.3350541592237,0 -71.5967865953088,-16.33465688957752,0 -71.59742289449606,-16.33414929305971,0 -71.59789307252309,-16.33471822010394,0 
							</coordinates>
						</LinearRing>
					</outerBoundaryIs>
				</Polygon>
			</Placemark>
		</Folder>
		<Folder>
			<name>NA</name>
			<Placemark>
				<name>1.4.124-13</name>
				<styleUrl>#msn_ylw-pushpin530011000</styleUrl>
				<Polygon>
					<tessellate>1</tessellate>
					<outerBoundaryIs>
						<LinearRing>
							<coordinates>
								-71.59292602823589,-16.33641327984567,0 -71.59265020059364,-16.33615643833949,0 -71.59259869119296,-16.33595155215561,0 -71.59329363757959,-16.33570979306392,0 -71.59345256512245,-16.33600546641278,0 -71.59366603359041,-16.33636665461392,0 -71.59310837800012,-16.3367559105061,0 -71.59292602823589,-16.33641327984567,0 
							</coordinates>
						</LinearRing>
					</outerBoundaryIs>
				</Polygon>
			</Placemark>
			<Placemark>
				<name>1.4.136-4</name>
				<styleUrl>#msn_ylw-pushpin530011000</styleUrl>
				<Polygon>
					<tessellate>1</tessellate>
					<outerBoundaryIs>
						<LinearRing>
							<coordinates>
								-71.5965604070775,-16.32674617795331,0 -71.59642542282634,-16.32698591008998,0 -71.59584019978398,-16.32666127335775,0 -71.5959760611635,-16.32642465444197,0 -71.5965604070775,-16.32674617795331,0 
							</coordinates>
						</LinearRing>
					</outerBoundaryIs>
				</Polygon>
			</Placemark>
			<Placemark>
				<name>1.4.137-3</name>
				<styleUrl>#msn_ylw-pushpin530011000</styleUrl>
				<Polygon>
					<tessellate>1</tessellate>
					<outerBoundaryIs>
						<LinearRing>
							<coordinates>
								-71.59905266751366,-16.32342869046168,0 -71.5988080022377,-16.32366758817335,0 -71.59826632418556,-16.32308267918408,0 -71.59851577435198,-16.32287351164941,0 -71.59905266751366,-16.32342869046168,0 
							</coordinates>
						</LinearRing>
					</outerBoundaryIs>
				</Polygon>
			</Placemark>
			<Placemark>
				<name>1.4.138-6</name>
				<styleUrl>#msn_ylw-pushpin530011000</styleUrl>
				<Polygon>
					<tessellate>1</tessellate>
					<outerBoundaryIs>
						<LinearRing>
							<coordinates>
								-71.60502259618018,-16.31884797517969,0 -71.60460373900997,-16.31923696671164,0 -71.6041370774347,-16.31839060125412,0 -71.60438199987352,-16.31815606676951,0 -71.60502259618018,-16.31884797517969,0 
							</coordinates>
						</LinearRing>
					</outerBoundaryIs>
				</Polygon>
			</Placemark>
			<Placemark>
				<name>1.4.138-7</name>
				<styleUrl>#msn_ylw-pushpin530011000</styleUrl>
				<Polygon>
					<tessellate>1</tessellate>
					<outerBoundaryIs>
						<LinearRing>
							<coordinates>
								-71.60285240107555,-16.32199598514574,0 -71.60237490105163,-16.32219580070949,0 -71.6019767833707,-16.32174381458807,0 -71.60231203821625,-16.32144207544523,0 -71.60285240107555,-16.32199598514574,0 
							</coordinates>
						</LinearRing>
					</outerBoundaryIs>
				</Polygon>
			</Placemark>
			<Placemark>
				<name>1.4.138-11</name>
				<styleUrl>#msn_ylw-pushpin530011000</styleUrl>
				<Polygon>
					<tessellate>1</tessellate>
					<outerBoundaryIs>
						<LinearRing>
							<coordinates>
								-71.60533280515251,-16.31926390643067,0 -71.60554099844296,-16.31968095601757,0 -71.60500451526899,-16.31995420565208,0 -71.60466485493747,-16.31935176229874,0 -71.60510331623929,-16.31894155288475,0 -71.60533280515251,-16.31926390643067,0 
							</coordinates>
						</LinearRing>
					</outerBoundaryIs>
				</Polygon>
			</Placemark>
			<Placemark>
				<name>1.4.138-12</name>
				<styleUrl>#msn_ylw-pushpin530011000</styleUrl>
				<Polygon>
					<tessellate>1</tessellate>
					<outerBoundaryIs>
						<LinearRing>
							<coordinates>
								-71.6059813209898,-16.32037479655558,0 -71.60547764616096,-16.32076980876878,0 -71.60523703626984,-16.32025709630583,0 -71.60516187567605,-16.32023587856386,0 -71.60506525294861,-16.32002456170824,0 -71.60560871092862,-16.31977042866347,0 -71.6059813209898,-16.32037479655558,0 
							</coordinates>
						</LinearRing>
					</outerBoundaryIs>
				</Polygon>
			</Placemark>
			<Placemark>
				<name>1.4.139-17</name>
				<styleUrl>#msn_ylw-pushpin530011000</styleUrl>
				<Polygon>
					<tessellate>1</tessellate>
					<outerBoundaryIs>
						<LinearRing>
							<coordinates>
								-71.60504271486316,-16.32664040924416,0 -71.60489860558053,-16.32647085158186,0 -71.60497895079523,-16.32627621818548,0 -71.60507975256112,-16.32614883333275,0 -71.60521110326501,-16.32625885376969,0 -71.60504271486316,-16.32664040924416,0 
							</coordinates>
						</LinearRing>
					</outerBoundaryIs>
				</Polygon>
			</Placemark>
			<Placemark>
				<name>1.4.139-18</name>
				<styleUrl>#msn_ylw-pushpin530011000</styleUrl>
				<Polygon>
					<tessellate>1</tessellate>
					<outerBoundaryIs>
						<LinearRing>
							<coordinates>
								-71.60489325924615,-16.32652588266541,0 -71.60503419875012,-16.32669464203899,0 -71.60491213165162,-16.32716734405108,0 -71.60476651776598,-16.32709259138919,0 -71.60489325924615,-16.32652588266541,0 
							</coordinates>
						</LinearRing>
					</outerBoundaryIs>
				</Polygon>
			</Placemark>
			<Placemark>
				<name>1.4.139-19</name>
				<styleUrl>#msn_ylw-pushpin530011000</styleUrl>
				<Polygon>
					<tessellate>1</tessellate>
					<outerBoundaryIs>
						<LinearRing>
							<coordinates>
								-71.60474179804159,-16.32719331819663,0 -71.60491919740795,-16.32721156416408,0 -71.60488624166345,-16.3274036109138,0 -71.60493397797195,-16.3274694472706,0 -71.60455032058434,-16.32778526223057,0 -71.60474179804159,-16.32719331819663,0 
							</coordinates>
						</LinearRing>
					</outerBoundaryIs>
				</Polygon>
			</Placemark>
			<Placemark>
				<name>1.4.158-18</name>
				<styleUrl>#msn_ylw-pushpin530011000</styleUrl>
				<Polygon>
					<tessellate>1</tessellate>
					<outerBoundaryIs>
						<LinearRing>
							<coordinates>
								-71.60024099038939,-16.31767937566669,0 -71.59999590400525,-16.31779920474351,0 -71.59990371586278,-16.31760021188116,0 -71.60015148027959,-16.31745219063414,0 -71.60024099038939,-16.31767937566669,0 
							</coordinates>
						</LinearRing>
					</outerBoundaryIs>
				</Polygon>
			</Placemark>
			<Placemark>
				<name>1.4.159-4</name>
				<styleUrl>#msn_ylw-pushpin530011000</styleUrl>
				<Polygon>
					<tessellate>1</tessellate>
					<outerBoundaryIs>
						<LinearRing>
							<coordinates>
								-71.59965892483285,-16.31664615569472,0 -71.59963652801426,-16.31654272720878,0 -71.60002052657329,-16.31637428130115,0 -71.60008832977407,-16.31651346791407,0 -71.59965892483285,-16.31664615569472,0 
							</coordinates>
						</LinearRing>
					</outerBoundaryIs>
				</Polygon>
			</Placemark>
			<Placemark>
				<name>1.4.160-1</name>
				<styleUrl>#msn_ylw-pushpin530011000</styleUrl>
				<Polygon>
					<tessellate>1</tessellate>
					<outerBoundaryIs>
						<LinearRing>
							<coordinates>
								-71.59959300477851,-16.31520947259978,0 -71.59959104290216,-16.31544401572393,0 -71.59967652890721,-16.31561301201207,0 -71.59931611469923,-16.31580191051247,0 -71.59915380018951,-16.31539378987488,0 -71.59959300477851,-16.31520947259978,0 
							</coordinates>
						</LinearRing>
					</outerBoundaryIs>
				</Polygon>
			</Placemark>
			<Placemark>
				<name>1.4.166-10</name>
				<styleUrl>#msn_ylw-pushpin530011000</styleUrl>
				<Polygon>
					<tessellate>1</tessellate>
					<outerBoundaryIs>
						<LinearRing>
							<coordinates>
								-71.5919800507013,-16.31564637535557,0 -71.59213435426562,-16.31541707239899,0 -71.59237608254143,-16.31542920672173,0 -71.59241461922409,-16.31564550112558,0 -71.5919800507013,-16.31564637535557,0 
							</coordinates>
						</LinearRing>
					</outerBoundaryIs>
				</Polygon>
			</Placemark>
			<Placemark>
				<name>1.4.168-12</name>
				<styleUrl>#msn_ylw-pushpin530011000</styleUrl>
				<Polygon>
					<tessellate>1</tessellate>
					<outerBoundaryIs>
						<LinearRing>
							<coordinates>
								-71.59170133200207,-16.3212908956372,0 -71.59169183936368,-16.32089811645385,0 -71.59210648331037,-16.3209033468783,0 -71.59224499509544,-16.32129090412339,0 -71.59170133200207,-16.3212908956372,0 
							</coordinates>
						</LinearRing>
					</outerBoundaryIs>
				</Polygon>
			</Placemark>
			<Placemark>
				<name>1.4.169-7</name>
				<styleUrl>#msn_ylw-pushpin530011000</styleUrl>
				<Polygon>
					<tessellate>1</tessellate>
					<outerBoundaryIs>
						<LinearRing>
							<coordinates>
								-71.59312363179524,-16.32328460602002,0 -71.59245032108157,-16.3232418007842,0 -71.59253143855622,-16.32247079582924,0 -71.59318810921157,-16.32246227739196,0 -71.59312363179524,-16.32328460602002,0 
							</coordinates>
						</LinearRing>
					</outerBoundaryIs>
				</Polygon>
			</Placemark>
			<Placemark>
				<name>1.4.170-9</name>
				<styleUrl>#msn_ylw-pushpin530011000</styleUrl>
				<Polygon>
					<tessellate>1</tessellate>
					<outerBoundaryIs>
						<LinearRing>
							<coordinates>
								-71.59279086834401,-16.32538245729559,0 -71.59299789852297,-16.32540267386823,0 -71.59349846924027,-16.32574614430108,0 -71.5927208398525,-16.32619845376245,0 -71.59279086834401,-16.32538245729559,0 
							</coordinates>
						</LinearRing>
					</outerBoundaryIs>
				</Polygon>
			</Placemark>
			<Placemark>
				<name>1.4.183-20</name>
				<styleUrl>#msn_ylw-pushpin530011000</styleUrl>
				<Polygon>
					<tessellate>1</tessellate>
					<outerBoundaryIs>
						<LinearRing>
							<coordinates>
								-71.58904895330205,-16.32156834342649,0 -71.58907648271898,-16.32279948234185,0 -71.58865916019278,-16.32280265351705,0 -71.58867406753036,-16.32155466518569,0 -71.58904895330205,-16.32156834342649,0 
							</coordinates>
						</LinearRing>
					</outerBoundaryIs>
				</Polygon>
			</Placemark>
			<Placemark>
				<name>1.4.184-6</name>
				<styleUrl>#msn_ylw-pushpin530011000</styleUrl>
				<Polygon>
					<tessellate>1</tessellate>
					<outerBoundaryIs>
						<LinearRing>
							<coordinates>
								-71.58683077995745,-16.3246762429428,0 -71.58664089690018,-16.32466343700833,0 -71.58652942748625,-16.32428345779814,0 -71.58680166358498,-16.32426289208155,0 -71.58683077995745,-16.3246762429428,0 
							</coordinates>
						</LinearRing>
					</outerBoundaryIs>
				</Polygon>
			</Placemark>
			<Placemark>
				<name>1.4.184-32</name>
				<styleUrl>#msn_ylw-pushpin530011000</styleUrl>
				<Polygon>
					<tessellate>1</tessellate>
					<outerBoundaryIs>
						<LinearRing>
							<coordinates>
								-71.586295930376,-16.32383800967041,0 -71.5860193165859,-16.32385244795326,0 -71.58599440609269,-16.3233448166896,0 -71.58628192466713,-16.3233632093168,0 -71.586295930376,-16.32383800967041,0 
							</coordinates>
						</LinearRing>
					</outerBoundaryIs>
				</Polygon>
			</Placemark>
			<Placemark>
				<name>1.4.187-8</name>
				<styleUrl>#msn_ylw-pushpin530011000</styleUrl>
				<Polygon>
					<tessellate>1</tessellate>
					<outerBoundaryIs>
						<LinearRing>
							<coordinates>
								-71.58677530581151,-16.31669474544922,0 -71.58712717235915,-16.31670223052561,0 -71.58712383196085,-16.31701465972323,0 -71.58677526193043,-16.31703630527959,0 -71.58677530581151,-16.31669474544922,0 
							</coordinates>
						</LinearRing>
					</outerBoundaryIs>
				</Polygon>
			</Placemark>
			<Placemark>
				<name>1.4.191-11</name>
				<styleUrl>#msn_ylw-pushpin530011000</styleUrl>
				<Polygon>
					<tessellate>1</tessellate>
					<outerBoundaryIs>
						<LinearRing>
							<coordinates>
								-71.58571148281527,-16.31642287606841,0 -71.58524350005624,-16.31559778503624,0 -71.58524260395014,-16.31534316653881,0 -71.58552360819252,-16.31555798609662,0 -71.5854242683283,-16.31564404070495,0 -71.58535524590923,-16.3155867707285,0 -71.58540565674475,-16.31568899340418,0 -71.58563538637289,-16.31568432898518,0 -71.58567207939996,-16.3157568189816,0 -71.58559261072286,-16.31578965412446,0 -71.58581577946646,-16.3160106565081,0 -71.58588360564946,-16.31610910421238,0 -71.58588923017527,-16.31630158145317,0 -71.58571148281527,-16.31642287606841,0 
							</coordinates>
						</LinearRing>
					</outerBoundaryIs>
				</Polygon>
			</Placemark>
			<Placemark>
				<name>1.4.303-12</name>
				<styleUrl>#msn_ylw-pushpin530011000</styleUrl>
				<Polygon>
					<tessellate>1</tessellate>
					<outerBoundaryIs>
						<LinearRing>
							<coordinates>
								-71.60137596812928,-16.32916502410633,0 -71.60123515789958,-16.32927846819553,0 -71.6008020883249,-16.32883902677816,0 -71.6009574384429,-16.32869899711515,0 -71.60137596812928,-16.32916502410633,0 
							</coordinates>
						</LinearRing>
					</outerBoundaryIs>
				</Polygon>
			</Placemark>
			<Placemark>
				<name>1.4.304-24</name>
				<styleUrl>#msn_ylw-pushpin530011000</styleUrl>
				<Polygon>
					<tessellate>1</tessellate>
					<outerBoundaryIs>
						<LinearRing>
							<coordinates>
								-71.59961068975144,-16.33233330411654,0 -71.59930248422107,-16.33258223732199,0 -71.59903281165008,-16.33225689165092,0 -71.59933588006616,-16.33202767585311,0 -71.59961068975144,-16.33233330411654,0 
							</coordinates>
						</LinearRing>
					</outerBoundaryIs>
				</Polygon>
			</Placemark>
		</Folder>
	</Folder>
</Document>
</kml>
