ident;lat;long;y_proj;x_proj;ingreso_economico
6.92.35-121; ; ;-1.516416327;20763369.87;D
6.92.35-121;-16.30216864;-72.17068008;-1921901.382;2767737.434;D
6.92.35-121;-16.30214067;-72.17037303;-1921901.818;2767772.498;D
6.92.35-121;-16.30128079;-72.17026013;-1921802.521;2767796.021;D
6.92.35-121;-16.30131846;-72.17075691;-1921800.928;2767739.386;D
6.92.35-122; ; ;-1.516416327;20763369.87;D
6.92.35-122;-16.302176;-72.1708451;-1921900.249;2767718.686;D
6.92.35-122;-16.30138911;-72.17095212;-1921806.84;2767716.432;D
6.92.35-122;-16.30148001;-72.17180868;-1921807.133;2767618.457;D
6.92.35-122;-16.30229093;-72.17165196;-1921903.955;2767626.03;D
6.92.35-123; ; ;-1.516416327;20763369.87;D
6.92.35-123;-16.30193705;-72.17478626;-1921824.663;2767276.113;D
6.92.35-123;-16.30290574;-72.17481024;-1921937.769;2767261.286;D
6.92.35-123;-16.30282103;-72.17459833;-1921930.413;2767286.302;D
6.92.35-123;-16.30160152;-72.17441123;-1921789.916;2767322.709;D
6.92.35-123;-16.30048835;-72.17401537;-1921664.388;2767381.385;D
6.92.35-123;-16.29973825;-72.17369448;-1921580.456;2767427.045;D
6.92.35-123;-16.29986329;-72.17470382;-1921582.901;2767311.371;D
6.92.35-124; ; ;-1.516416327;20763369.87;D
6.92.35-124;-16.30100573;-72.17325627;-1921734.123;2767460.733;D
6.92.35-124;-16.29981419;-72.1733737;-1921593.221;2767462.361;D
6.92.35-124;-16.3001409;-72.1737151;-1921627.342;2767419.678;D
6.92.35-124;-16.30061766;-72.17380852;-1921682.025;2767403.153;D
6.92.35-124;-16.30111762;-72.17380425;-1921740.602;2767397.383;D
6.92.35-125; ; ;-1.516416327;20763369.87;D
6.92.35-125;-16.30137478;-72.17209073;-1921791.407;2767587.885;D
6.92.35-125;-16.29959125;-72.17233777;-1921579.637;2767582.267;D
6.92.35-125;-16.29968813;-72.17328433;-1921579.543;2767474.042;D
6.92.35-125;-16.30147612;-72.17304102;-1921791.789;2767479.184;D
6.92.35-126; ; ;-1.516416327;20763369.87;D
6.92.35-126;-16.30133894;-72.17188585;-1921789.686;2767611.496;D
6.92.35-126;-16.30119373;-72.17095727;-1921783.906;2767718.294;D
6.92.35-126;-16.29946285;-72.17121876;-1921578.124;2767710.385;D
6.92.35-126;-16.2996187;-72.17220275;-1921584.481;2767597.189;D
6.92.35-127; ; ;-1.516416327;20763369.87;D
6.92.35-127;-16.30116289;-72.17082348;-1921781.913;2767733.806;D
6.92.35-127;-16.30105827;-72.16981332;-1921781.871;2767849.319;D
6.92.35-127;-16.2992453;-72.17020851;-1921564.862;2767827.321;D
6.92.35-127;-16.29936014;-72.1710433;-1921568.22;2767731.506;D
6.92.35-128; ; ;-1.516416327;20763369.87;D
6.92.35-128;-16.29783269;-72.16977814;-1921404.694;2767893.649;D
6.92.35-128;-16.29724722;-72.16930298;-1921341.897;2767954.693;D
6.92.35-128;-16.29719141;-72.16930859;-1921335.294;2767954.757;D
6.92.35-128;-16.29727734;-72.17019141;-1921334.69;2767853.872;D
6.92.35-128;-16.29821458;-72.17009303;-1921445.596;2767853.271;D
6.92.35-129; ; ;-1.516416327;20763369.87;D
6.92.35-129;-16.2991449;-72.17015781;-1921553.721;2767834.309;D
6.92.35-129;-16.29894062;-72.17013574;-1921530.073;2767839.36;D
6.92.35-129;-16.29732787;-72.17036315;-1921338.53;2767833.823;D
6.92.35-129;-16.29743826;-72.17131141;-1921339.997;2767725.233;D
6.92.35-129;-16.29923706;-72.17107014;-1921553.487;2767730.011;D
6.92.35-130; ; ;-1.516416327;20763369.87;D
6.92.35-130;-16.29923954;-72.17122748;-1921551.877;2767712.192;D
6.92.35-130;-16.29745522;-72.17147888;-1921339.961;2767706.088;D
6.92.35-130;-16.29757886;-72.17245862;-1921342.6;2767593.774;D
6.92.35-130;-16.29939366;-72.17218604;-1921558.339;2767601.893;D
6.92.35-131; ; ;-1.516416327;20763369.87;D
6.92.35-131;-16.2988165;-72.17299704;-1921480.978;2767517.423;D
6.92.35-131;-16.29953953;-72.17319557;-1921563.22;2767485.935;D
6.92.35-131;-16.29938115;-72.17237198;-1921554.629;2767581.028;D
6.92.35-131;-16.29757789;-72.17259611;-1921340.825;2767578.243;D
6.92.35-131;-16.29765787;-72.17312483;-1921343.802;2767517.467;D
6.92.35-132; ; ;-1.516416327;20763369.87;D
6.92.35-132;-16.29946522;-72.17364063;-1921549.145;2767436.549;D
6.92.35-132;-16.29941671;-72.17342232;-1921546.104;2767461.837;D
6.92.35-132;-16.29863164;-72.17320669;-1921456.805;2767496.033;D
6.92.35-132;-16.29823536;-72.17324013;-1921410.012;2767497.209;D
6.92.35-132;-16.2976708;-72.17333475;-1921342.78;2767493.572;D
6.92.35-132;-16.297691;-72.17363982;-1921341.46;2767458.83;D
6.92.35-133; ; ;-1.516416327;20763369.87;D
6.92.35-133;-16.29876674;-72.17463492;-1921455.37;2767332.875;D
6.92.35-133;-16.29927819;-72.17459422;-1921515.733;2767331.08;D
6.92.35-133;-16.29965764;-72.17466896;-1921559.249;2767317.885;D
6.92.35-133;-16.2995504;-72.17372019;-1921558.155;2767426.488;D
6.92.35-133;-16.29772748;-72.17369519;-1921345.062;2767452.113;D
6.92.35-133;-16.29784149;-72.17463594;-1921347.046;2767344.331;D
6.92.35-134; ; ;-1.516416327;20763369.87;D
6.92.35-134;-16.29756642;-72.17377484;-1921325.245;2767445.123;D
6.92.35-134;-16.29741804;-72.17379984;-1921307.574;2767444.152;D
6.92.35-134;-16.29723825;-72.17404788;-1921283.532;2767418.358;D
6.92.35-134;-16.29578371;-72.1741456;-1921112.08;2767425.499;D
6.92.35-134;-16.2958215;-72.17458647;-1921111.18;2767375.183;D
6.92.35-134;-16.29766696;-72.17461805;-1921326.831;2767348.536;D
6.92.35-135; ; ;-1.516416327;20763369.87;D
6.92.35-135;-16.29561689;-72.17287028;-1921107.953;2767571.77;D
6.92.35-135;-16.29574635;-72.17387152;-1921111.016;2767456.953;D
6.92.35-135;-16.29750878;-72.1735725;-1921320.942;2767468.72;D
6.92.35-135;-16.29742653;-72.17264281;-1921322.542;2767574.856;D
6.92.35-136; ; ;-1.516416327;20763369.87;D
6.92.35-136;-16.29729381;-72.17153792;-1921320.352;2767701.431;D
6.92.35-136;-16.29546229;-72.17175948;-1921103.27;2767699.289;D
6.92.35-136;-16.29557724;-72.1727525;-1921104.734;2767585.581;D
6.92.35-136;-16.29741471;-72.17247337;-1921323.206;2767594.16;D
6.92.35-137; ; ;-1.516416327;20763369.87;D
6.92.35-137;-16.29713867;-72.17041211;-1921315.79;2767830.654;D
6.92.35-137;-16.29534375;-72.17066406;-1921102.625;2767824.618;D
6.92.35-137;-16.29547266;-72.17158984;-1921106.533;2767718.338;D
6.92.35-137;-16.29724609;-72.17133203;-1921317.253;2767725.306;D
6.92.35-138; ; ;-1.516416327;20763369.87;D
6.92.35-138;-16.29699219;-72.16932031;-1921311.831;2767955.924;D
6.92.35-138;-16.29519336;-72.16952344;-1921098.797;2767955.458;D
6.92.35-138;-16.29532812;-72.1704668;-1921103.178;2767847.116;D
6.92.35-138;-16.29710352;-72.17022852;-1921313.893;2767851.851;D
6.92.35-139; ; ;-1.516416327;20763369.87;D
6.92.35-139;-16.2965557;-72.16886061;-1921266.287;2768013.357;D
6.92.35-139;-16.29592017;-72.16833285;-1921198.264;2768080.975;D
6.92.35-139;-16.29504935;-72.16843307;-1921095.109;2768080.537;D
6.92.35-139;-16.29516752;-72.16935979;-1921097.748;2767974.283;D
6.92.35-139;-16.2966252;-72.16915141;-1921270.91;2767979.61;D
6.92.35-140; ; ;-1.516416327;20763369.87;D
6.92.35-140;-16.29504297;-72.16825195;-1921096.55;2768101.094;D
6.92.35-140;-16.29553156;-72.16819913;-1921154.386;2768100.955;D
6.92.35-140;-16.29505439;-72.16749385;-1921107.046;2768186.664;D
6.92.35-140;-16.2949375;-72.16750586;-1921093.216;2768186.768;D
6.92.35-141; ; ;-1.516416327;20763369.87;D
6.92.35-141;-16.29583336;-72.16608378;-1921215.273;2768336.344;D
6.92.35-141;-16.29477365;-72.16622924;-1921089.458;2768333.155;D
6.92.35-141;-16.29485588;-72.16707787;-1921088.831;2768236.178;D
6.92.35-141;-16.29586355;-72.16688872;-1921209.082;2768244.959;D
6.92.35-142; ; ;-1.516416327;20763369.87;D
6.92.35-142;-16.295229;-72.16500087;-1921157.606;2768466.342;D
6.92.35-142;-16.29456166;-72.16506974;-1921078.649;2768466.904;D
6.92.35-142;-16.29473715;-72.1660436;-1921087.427;2768354.601;D
6.92.35-142;-16.29524582;-72.16593627;-1921148.273;2768360.373;D
6.92.35-143; ; ;-1.516416327;20763369.87;D
6.92.35-143;-16.29520273;-72.1648427;-1921156.442;2768484.554;D
6.92.35-143;-16.2951521;-72.16438518;-1921156.042;2768536.917;D
6.92.35-143;-16.29448956;-72.16400107;-1921083.12;2768588.635;D
6.92.35-143;-16.29460646;-72.16493449;-1921085.528;2768481.635;D
6.92.35-144; ; ;-1.516416327;20763369.87;D
6.92.35-144;-16.29348023;-72.16288812;-1920978.406;2768727.098;D
6.92.35-144;-16.29317796;-72.16277644;-1920944.368;2768743.506;D
6.92.35-144;-16.29346411;-72.16341057;-1920970.207;2768668.228;D
6.92.35-144;-16.29426715;-72.16380668;-1921059.432;2768613.396;D
6.92.35-144;-16.29441865;-72.16361921;-1921079.433;2768632.696;D
6.92.35-146; ; ;-1.516416327;20763369.87;D
6.92.35-146;-16.29334342;-72.1634461;-1920955.648;2768665.72;D
6.92.35-146;-16.29318739;-72.163139;-1920941.092;2768702.395;D
6.92.35-146;-16.29289275;-72.16268695;-1920912.06;2768757.193;D
6.92.35-146;-16.29248912;-72.162162;-1920871.151;2768821.597;D
6.92.35-146;-16.29194875;-72.16176099;-1920812.734;2768873.699;D
6.92.35-146;-16.29140809;-72.16267727;-1920738.367;2768776.861;D
6.92.35-146;-16.29180773;-72.16294796;-1920781.883;2768741.255;D
6.92.35-146;-16.29208215;-72.16257445;-1920818.522;2768780.054;D
6.92.35-146;-16.29247549;-72.16303144;-1920859.049;2768723.463;D
6.92.35-146;-16.29356361;-72.16406109;-1920973.995;2768593.433;D
6.92.35-146;-16.29407043;-72.16392345;-1921034.991;2768602.654;D
6.92.35-146;-16.29352661;-72.16362307;-1920974.956;2768643.421;D
6.92.35-147; ; ;-1.516416327;20763369.87;D
6.92.35-147;-16.29431193;-72.16403161;-1921061.957;2768587.404;D
6.92.35-147;-16.29347342;-72.16411731;-1920962.757;2768588.204;D
6.92.35-147;-16.29360333;-72.16459246;-1920972.225;2768532.856;D
6.92.35-147;-16.29343535;-72.16463801;-1920952.01;2768529.807;D
6.92.35-147;-16.2927803;-72.16445817;-1920877.496;2768558.335;D
6.92.35-147;-16.29273502;-72.16475323;-1920868.63;2768525.541;D
6.92.35-147;-16.29343068;-72.1649942;-1920947.159;2768489.593;D
6.92.35-147;-16.29351973;-72.16508847;-1920956.445;2768477.82;D
6.92.35-147;-16.29443776;-72.16492908;-1921065.844;2768484.358;D
6.92.35-148; ; ;-1.516416327;20763369.87;D
6.92.35-148;-16.29458384;-72.1660636;-1921069.238;2768354.258;D
6.92.35-148;-16.2944559;-72.16511811;-1921065.684;2768462.758;D
6.92.35-148;-16.29359115;-72.16524533;-1920962.911;2768459.191;D
6.92.35-148;-16.29364426;-72.16570004;-1920963.636;2768407.116;D
6.92.35-148;-16.2938132;-72.16569758;-1920983.443;2768405.281;D
6.92.35-148;-16.29386027;-72.16614986;-1920983.489;2768353.556;D
6.92.35-149; ; ;-1.516416327;20763369.87;D
6.92.35-149;-16.29470928;-72.1671709;-1921070.546;2768227.494;D
6.92.35-149;-16.29462564;-72.16623583;-1921072.051;2768334.262;D
6.92.35-149;-16.29387072;-72.16632747;-1920982.567;2768333.344;D
6.92.35-149;-16.29392627;-72.16679765;-1920983.39;2768279.489;D
6.92.35-149;-16.29285584;-72.16692891;-1920856.492;2768278.037;D
6.92.35-149;-16.29291732;-72.16739932;-1920858.007;2768224.082;D
6.92.35-150; ; ;-1.516416327;20763369.87;D
6.92.35-150;-16.29294103;-72.16758069;-1920858.591;2768203.279;D
6.92.35-150;-16.29304883;-72.16851367;-1920859.942;2768096.445;D
6.92.35-150;-16.29481445;-72.16826758;-1921069.61;2768102.186;D
6.92.35-150;-16.29470898;-72.1673418;-1921068.447;2768208.176;D
6.92.35-150;-16.29378516;-72.1674707;-1920958.74;2768205.157;D
6.92.35-151; ; ;-1.516416327;20763369.87;D
6.92.35-151;-16.294875;-72.16845117;-1921074.48;2768080.671;D
6.92.35-151;-16.29307617;-72.16869727;-1920860.925;2768075.345;D
6.92.35-151;-16.29320117;-72.16963086;-1920864.282;2767968.228;D
6.92.35-151;-16.29501367;-72.16938086;-1921079.484;2767973.825;D
6.92.35-152; ; ;-1.516416327;20763369.87;D
6.92.35-152;-16.29431641;-72.1696582;-1920994.508;2767951.189;D
6.92.35-152;-16.29323633;-72.16981641;-1920866.157;2767946.81;D
6.92.35-152;-16.29334375;-72.17074414;-1920867.528;2767840.576;D
6.92.35-152;-16.29412695;-72.17061328;-1920960.794;2767845.577;D
6.92.35-152;-16.29422266;-72.17060547;-1920972.092;2767845.263;D
6.92.35-152;-16.29514453;-72.17048828;-1921081.426;2767846.983;D
6.92.35-152;-16.29502734;-72.16955273;-1921079.008;2767954.222;D
6.92.35-152;-16.29442383;-72.16965039;-1921007.178;2767950.729;D
6.92.35-153; ; ;-1.516416327;20763369.87;D
6.92.35-153;-16.2940957;-72.17081836;-1920954.659;2767822.781;D
6.92.35-153;-16.29336719;-72.17091406;-1920868.219;2767821.071;D
6.92.35-153;-16.29347852;-72.17185547;-1920869.883;2767713.243;D
6.92.35-153;-16.29389844;-72.17178516;-1920919.889;2767715.942;D
6.92.35-153;-16.29400391;-72.1717832;-1920932.26;2767714.844;D
6.92.35-153;-16.29527148;-72.17158984;-1921082.983;2767720.853;D
6.92.35-153;-16.29516797;-72.17066211;-1921082.071;2767827.037;D
6.92.35-153;-16.29419531;-72.17082031;-1920966.296;2767821.315;D
6.92.35-154; ; ;-1.516416327;20763369.87;D
6.92.35-154;-16.29360066;-72.17297667;-1920870.641;2767584.953;D
6.92.35-154;-16.29377734;-72.17295508;-1920891.585;2767585.185;D
6.92.35-154;-16.2954043;-72.17271094;-1921084.991;2767592.443;D
6.92.35-154;-16.29530664;-72.17178711;-1921084.716;2767698.111;D
6.92.35-154;-16.29395312;-72.17198047;-1920923.933;2767693.176;D
6.92.35-154;-16.29350357;-72.17204297;-1920870.552;2767691.731;D
6.92.35-155; ; ;-1.516416327;20763369.87;D
6.92.35-155;-16.29547336;-72.17291536;-1921090.607;2767568.468;D
6.92.35-155;-16.29364016;-72.1731683;-1920872.952;2767562.793;D
6.92.35-155;-16.29372697;-72.17364826;-1920877.318;2767507.445;D
6.92.35-155;-16.29456589;-72.17351941;-1920977.081;2767511.522;D
6.92.35-155;-16.29457486;-72.17377947;-1920974.99;2767482.008;D
6.92.35-155;-16.29505831;-72.17382308;-1921031.058;2767471.032;D
6.92.35-155;-16.29556385;-72.1737695;-1921090.885;2767470.769;D
6.92.35-156; ; ;-1.516416327;20763369.87;D
6.92.35-156;-16.29498028;-72.17425547;-1921016.701;2767423.124;D
6.92.35-156;-16.29427156;-72.17405327;-1920936.178;2767454.845;D
6.92.35-156;-16.29376176;-72.17402653;-1920876.823;2767464.243;D
6.92.35-156;-16.29381311;-72.17440124;-1920878.309;2767421.236;D
6.92.35-156;-16.29494685;-72.17458879;-1921008.763;2767385.857;D
6.92.35-156;-16.29566368;-72.17460044;-1921092.536;2767375.576;D
6.92.35-156;-16.29560228;-72.17419799;-1921090.209;2767421.844;D
6.92.35-157; ; ;-1.516416327;20763369.87;D
6.92.35-157;-16.2933535;-72.17209923;-1920852.304;2767687.246;D
6.92.35-157;-16.29153314;-72.17232437;-1920636.487;2767684.552;D
6.92.35-157;-16.29173087;-72.17319788;-1920649.085;2767583.321;D
6.92.35-157;-16.29347294;-72.17298299;-1920855.614;2767585.835;D
6.92.35-158; ; ;-1.516416327;20763369.87;D
6.92.35-158;-16.29320254;-72.17095015;-1920848.509;2767819.05;D
6.92.35-158;-16.29170363;-72.17118213;-1920670.238;2767811.564;D
6.92.35-158;-16.29130204;-72.17111248;-1920624.066;2767824.461;D
6.92.35-158;-16.2908469;-72.17132355;-1920568.237;2767806.287;D
6.92.35-158;-16.29126609;-72.17214603;-1920607.377;2767708.055;D
6.92.35-158;-16.29331754;-72.17192042;-1920850.254;2767707.912;D
6.92.35-159; ; ;-1.516416327;20763369.87;D
6.92.35-159;-16.29305082;-72.16982941;-1920844.283;2767947.66;D
6.92.35-159;-16.29121774;-72.17010422;-1920626.373;2767939.512;D
6.92.35-159;-16.29137817;-72.17100574;-1920634.267;2767835.577;D
6.92.35-159;-16.29317;-72.17078685;-1920846.672;2767837.92;D
6.92.35-160; ; ;-1.516416327;20763369.87;D
6.92.35-160;-16.29290297;-72.16875622;-1920839.938;2768070.845;D
6.92.35-160;-16.29110167;-72.16896919;-1920626.493;2768069.293;D
6.92.35-160;-16.29121559;-72.16992237;-1920628.318;2767960.099;D
6.92.35-160;-16.29303049;-72.16966074;-1920843.94;2767966.984;D
6.92.35-161; ; ;-1.516416327;20763369.87;D
6.92.35-161;-16.29090538;-72.16790746;-1920616.337;2768191.791;D
6.92.35-161;-16.29103387;-72.1688069;-1920620.516;2768088.49;D
6.92.35-161;-16.2917975;-72.16868877;-1920711.338;2768092.297;D
6.92.35-161;-16.29286719;-72.16852734;-1920838.513;2768097.171;D
6.92.35-161;-16.29274805;-72.16760742;-1920835.677;2768202.67;D
6.92.35-161;-16.29167969;-72.16776953;-1920708.649;2768197.703;D
6.92.35-162; ; ;-1.516416327;20763369.87;D
6.92.35-162;-16.29126521;-72.16672893;-1920672.696;2768320.542;D
6.92.35-162;-16.29071543;-72.16769645;-1920596.649;2768218.025;D
6.92.35-162;-16.29273385;-72.16742259;-1920836.248;2768223.746;D
6.92.35-162;-16.29265119;-72.16652547;-1920837.408;2768326.211;D
6.92.35-164; ; ;-1.516416327;20763369.87;D
6.92.35-164;-16.29094362;-72.16903074;-1920607.248;2768064.31;D
6.92.35-164;-16.28991206;-72.16913929;-1920485.175;2768064.936;D
6.92.35-164;-16.28922764;-72.1702562;-1920391.566;2767947.21;D
6.92.35-164;-16.29105095;-72.16992449;-1920609.018;2767961.918;D
6.92.72-1; ; ;-1.516416327;20763369.87;D
6.92.72-1;-16.29149113;-72.16632895;-1920703.975;2768362.94;D
6.92.72-1;-16.29167397;-72.16625802;-1920726.237;2768368.673;D
6.92.72-1;-16.29170449;-72.1661315;-1920731.338;2768382.596;D
6.92.72-1;-16.2906847;-72.16581152;-1920615.817;2768431.529;D
6.92.72-1;-16.28927884;-72.16806193;-1920424.057;2768194.665;D
6.92.72-1;-16.29006014;-72.16857323;-1920509.347;2768127.086;D
6.92.72-1;-16.29141986;-72.16637991;-1920695.017;2768358.069;D
6.92.72-2; ; ;-1.516416327;20763369.87;D
6.92.72-2;-16.29011366;-72.16575629;-1920549.633;2768444.916;D
6.92.72-2;-16.28954667;-72.16565257;-1920484.51;2768463.734;D
6.92.72-2;-16.28836621;-72.1674598;-1920324.489;2768274.158;D
6.92.72-2;-16.28914901;-72.16798705;-1920409.762;2768204.755;D
6.92.72-2;-16.29043191;-72.16593743;-1920584.703;2768420.454;D
6.92.72-3; ; ;-1.516416327;20763369.87;D
6.92.72-3;-16.28889046;-72.1653765;-1920411.023;2768503.154;D
6.92.72-3;-16.28862861;-72.16562085;-1920377.417;2768478.801;D
6.92.72-3;-16.28834535;-72.16566504;-1920343.722;2768477.347;D
6.92.72-3;-16.28761026;-72.16695736;-1920242.059;2768340.419;D
6.92.72-3;-16.28821314;-72.16733405;-1920308.087;2768290.29;D
6.92.72-3;-16.28932204;-72.16558761;-1920458.998;2768473.888;D
6.92.72-4; ; ;-1.516416327;20763369.87;D
6.92.72-4;-16.28745087;-72.16685146;-1920224.678;2768354.386;D
6.92.72-4;-16.28820754;-72.16559153;-1920328.476;2768487.381;D
6.92.72-4;-16.28773283;-72.1653988;-1920275.231;2768515.11;D
6.92.72-4;-16.28706896;-72.16657663;-1920183.288;2768390.235;D
6.92.72-5; ; ;-1.516416327;20763369.87;D
6.92.72-5;-16.28709258;-72.16526077;-1920201.943;2768538.723;D
6.92.72-5;-16.28651947;-72.16627453;-1920122.608;2768431.263;D
6.92.72-5;-16.28692166;-72.1665031;-1920166.931;2768400.391;D
6.92.72-5;-16.28758666;-72.1654252;-1920257.799;2768513.952;D
6.92.72-6; ; ;-1.516416327;20763369.87;D
6.92.72-6;-16.28671325;-72.16505606;-1920160.008;2768566.612;D
6.92.72-6;-16.28651495;-72.16512123;-1920136.006;2768561.723;D
6.92.72-6;-16.28597766;-72.16593343;-1920063.297;2768476.606;D
6.92.72-6;-16.28636736;-72.16617824;-1920105.962;2768444.053;D
6.92.72-6;-16.28694995;-72.16519813;-1920186.003;2768547.589;D
6.92.72-7; ; ;-1.516416327;20763369.87;D
6.92.72-7;-16.28612228;-72.16448067;-1920097.772;2768639.061;D
6.92.72-7;-16.28543938;-72.16559178;-1920004.407;2768521.967;D
6.92.72-7;-16.2858392;-72.1657973;-1920048.732;2768493.729;D
6.92.72-7;-16.28641618;-72.16483617;-1920127.886;2768595.189;D
6.92.72-8; ; ;-1.516416327;20763369.87;D
6.92.72-8;-16.28549385;-72.16426133;-1920026.85;2768671.72;D
6.92.72-8;-16.28489614;-72.16523784;-1919945.083;2768568.779;D
6.92.72-8;-16.2853032;-72.16547897;-1919989.827;2768536.424;D
6.92.72-8;-16.2859202;-72.16445984;-1920074.366;2768643.943;D
6.92.72-9; ; ;-1.516416327;20763369.87;D
6.92.72-9;-16.28506184;-72.16420817;-1919976.917;2768683.132;D
6.92.72-9;-16.28484258;-72.16414375;-1919952.025;2768693.158;D
6.92.72-9;-16.28438045;-72.1648963;-1919888.837;2768613.844;D
6.92.72-9;-16.28474521;-72.16513228;-1919928.689;2768582.601;D
6.92.72-9;-16.28523688;-72.16437832;-1919995.354;2768661.704;D
6.92.72-10; ; ;-1.516416327;20763369.87;D
6.92.72-10;-16.28440071;-72.16392553;-1919902.931;2768723.358;D
6.92.72-10;-16.2842262;-72.16387624;-1919883.096;2768731.112;D
6.92.72-10;-16.28382636;-72.16455731;-1919828.062;2768659.102;D
6.92.72-10;-16.28422917;-72.16479604;-1919872.337;2768627.072;D
6.92.72-10;-16.2846475;-72.16408177;-1919929.937;2768702.605;D
6.92.72-12; ; ;-1.516416327;20763369.87;D
6.92.72-12;-16.28306487;-72.16343349;-1919752.485;2768795.696;D
6.92.72-12;-16.28275772;-72.16384403;-1919711.569;2768753.114;D
6.92.72-12;-16.2831383;-72.16412025;-1919752.789;2768717.124;D
6.92.72-12;-16.28348457;-72.16358122;-1919799.836;2768773.744;D
6.92.72-14; ; ;-1.516416327;20763369.87;D
6.92.72-14;-16.28204699;-72.1625446;-1919644.054;2768908.933;D
6.92.72-14;-16.28167606;-72.16316928;-1919593.085;2768842.935;D
6.92.72-14;-16.28207345;-72.1634111;-1919636.688;2768810.622;D
6.92.72-14;-16.28235017;-72.16293725;-1919674.806;2768860.743;D
6.92.72-15; ; ;-1.516416327;20763369.87;D
6.92.72-15;-16.28154704;-72.16212684;-1919590.569;2768962.421;D
6.92.72-15;-16.28114557;-72.16282116;-1919535.183;2768888.93;D
6.92.72-15;-16.28155323;-72.16308861;-1919579.679;2768853.592;D
6.92.72-15;-16.28194042;-72.1623841;-1919633.516;2768928.413;D
6.92.72-19; ; ;-1.516416327;20763369.87;D
6.92.72-19;-16.27929065;-72.16078689;-1919342.587;2769142.148;D
6.92.72-19;-16.27892745;-72.16143127;-1919292.285;2769073.823;D
6.92.72-19;-16.27944824;-72.16176466;-1919349.23;2769029.614;D
6.92.72-19;-16.27984471;-72.16115913;-1919402.958;2769093.128;D
6.92.72-20; ; ;-1.516416327;20763369.87;D
6.92.72-20;-16.27879661;-72.16053623;-1919287.774;2769176.668;D
6.92.72-20;-16.27846944;-72.1611255;-1919242.356;2769114.125;D
6.92.72-20;-16.27886026;-72.1613428;-1919285.487;2769084.667;D
6.92.72-20;-16.27918188;-72.16076496;-1919330.117;2769145.988;D
6.92.72-23; ; ;-1.516416327;20763369.87;D
6.92.72-23;-16.27794333;-72.16001971;-1919194.114;2769245.743;D
6.92.72-23;-16.27747573;-72.16086608;-1919129.151;2769155.882;D
6.92.72-23;-16.27778247;-72.16107679;-1919162.518;2769128.221;D
6.92.72-23;-16.27829011;-72.16022814;-1919232.197;2769217.838;D
6.92.72-24; ; ;-1.516416327;20763369.87;D
6.92.72-24;-16.27654436;-72.16229146;-1919002.903;2769006.344;D
6.92.72-24;-16.27689606;-72.16255318;-1919040.918;2768972.353;D
6.92.72-24;-16.27766219;-72.16125027;-1919146.342;2769110.107;D
6.92.72-24;-16.27736517;-72.1610549;-1919113.927;2769135.912;D
6.92.72-25; ; ;-1.516416327;20763369.87;D
6.92.72-25;-16.27782205;-72.16121524;-1919165.481;2769112.07;D
6.92.72-25;-16.27699735;-72.16261769;-1919051.999;2768963.792;D
6.92.72-25;-16.27731484;-72.16282023;-1919086.722;2768936.92;D
6.92.72-25;-16.27815022;-72.1614161;-1919201.475;2769085.255;D
6.92.72-26; ; ;-1.516416327;20763369.87;D
6.92.72-26;-16.27829056;-72.16146996;-1919217.255;2769077.41;D
6.92.72-26;-16.27741196;-72.16286042;-1919097.607;2768931.163;D
6.92.72-26;-16.27780418;-72.16311786;-1919140.417;2768897.15;D
6.92.72-26;-16.27863319;-72.1617408;-1919254.097;2769042.501;D
6.92.72-27; ; ;-1.516416327;20763369.87;D
6.92.72-27;-16.27882714;-72.16153402;-1919279.301;2769063.459;D
6.92.72-27;-16.27787941;-72.16313753;-1919148.988;2768893.985;D
6.92.72-27;-16.27839548;-72.16348747;-1919205.181;2768847.965;D
6.92.72-27;-16.27934966;-72.16195133;-1919335.435;2769009.738;D
6.92.72-29; ; ;-1.516416327;20763369.87;D
6.92.72-29;-16.27996783;-72.16228465;-1919403.78;2768964.319;D
6.92.72-29;-16.27903055;-72.16389163;-1919274.65;2768794.325;D
6.92.72-29;-16.27941275;-72.16414322;-1919316.356;2768761.099;D
6.92.72-29;-16.28036594;-72.16255101;-1919447.172;2768929.224;D
6.92.72-30; ; ;-1.516416327;20763369.87;D
6.92.72-30;-16.28050774;-72.16260584;-1919463.111;2768921.251;D
6.92.72-30;-16.27956051;-72.16423725;-1919332.52;2768748.62;D
6.92.72-30;-16.27995536;-72.16448919;-1919375.704;2768715.196;D
6.92.72-30;-16.28092436;-72.16288096;-1919508.563;2768884.933;D
6.92.72-31; ; ;-1.516416327;20763369.87;D
6.92.72-31;-16.28106409;-72.16297887;-1919523.741;2768872.116;D
6.92.72-31;-16.28011663;-72.16458961;-1919393.372;2768701.826;D
6.92.72-31;-16.2805181;-72.1648483;-1919437.249;2768667.556;D
6.92.72-31;-16.28145038;-72.16324169;-1919565.79;2768837.568;D
6.92.72-32; ; ;-1.516416327;20763369.87;D
6.92.72-32;-16.2815919;-72.16333703;-1919581.207;2768825.019;D
6.92.72-32;-16.28063092;-72.16493379;-1919449.425;2768656.479;D
6.92.72-32;-16.28102792;-72.16515531;-1919493.227;2768626.468;D
6.92.72-32;-16.28197041;-72.16358941;-1919622.472;2768791.748;D
6.92.72-33; ; ;-1.516416327;20763369.87;D
6.92.72-33;-16.28210196;-72.16369811;-1919636.561;2768777.812;D
6.92.72-33;-16.28116608;-72.16527336;-1919507.977;2768611.393;D
6.92.72-33;-16.28155492;-72.16552106;-1919550.508;2768578.524;D
6.92.72-33;-16.28249734;-72.16399873;-1919679.218;2768738.878;D
6.92.72-34; ; ;-1.516416327;20763369.87;D
6.92.72-34;-16.28269102;-72.16398955;-1919702.003;2768737.494;D
6.92.72-34;-16.28170035;-72.16562282;-1919566.305;2768565.2;D
6.92.72-34;-16.28209008;-72.16584935;-1919609.195;2768534.714;D
6.92.72-34;-16.28305248;-72.1642553;-1919741.111;2768702.926;D
6.92.72-36; ; ;-1.516416327;20763369.87;D
6.92.72-36;-16.28427149;-72.16504127;-1919874.33;2768598.814;D
6.92.72-36;-16.28333979;-72.16665329;-1919745.792;2768428.19;D
6.92.72-36;-16.28373002;-72.16687198;-1919788.836;2768398.584;D
6.92.72-36;-16.28467097;-72.16529029;-1919918.09;2768565.663;D
6.92.72-37; ; ;-1.516416327;20763369.87;D
6.92.72-37;-16.28482179;-72.16536498;-1919934.845;2768555.332;D
6.92.72-37;-16.28389608;-72.16698603;-1919806.899;2768383.613;D
6.92.72-37;-16.28422933;-72.16720974;-1919843.211;2768354.152;D
6.92.72-37;-16.28520462;-72.16565903;-1919976.112;2768517.298;D
6.92.72-38; ; ;-1.516416327;20763369.87;D
6.92.72-38;-16.28536321;-72.16572057;-1919993.934;2768508.357;D
6.92.72-38;-16.284421;-72.16730358;-1919864.516;2768341.145;D
6.92.72-38;-16.28480579;-72.16754527;-1919906.645;2768309.007;D
6.92.72-38;-16.28575943;-72.1659928;-1920037.032;2768472.621;D
6.92.72-39; ; ;-1.516416327;20763369.87;D
6.92.72-39;-16.28590827;-72.16608;-1920053.404;2768460.901;D
6.92.72-39;-16.28495994;-72.16765463;-1919923.371;2768294.715;D
6.92.72-39;-16.28534562;-72.16789512;-1919965.618;2768262.701;D
6.92.72-39;-16.28628919;-72.16633296;-1920094.943;2768427.537;D
6.92.72-40; ; ;-1.516416327;20763369.87;D
6.92.72-40;-16.28644843;-72.16642667;-1920112.453;2768414.949;D
6.92.72-40;-16.28547561;-72.16799243;-1919979.66;2768250.073;D
6.92.72-40;-16.28587234;-72.16825275;-1920022.962;2768215.68;D
6.92.72-40;-16.28682467;-72.16667963;-1920153.445;2768381.643;D
6.92.72-41; ; ;-1.516416327;20763369.87;D
6.92.72-41;-16.28697481;-72.16675712;-1920170.085;2768371.004;D
6.92.72-41;-16.28602042;-72.16834229;-1920039.216;2768203.705;D
6.92.72-41;-16.28641824;-72.16860957;-1920082.561;2768168.511;D
6.92.72-41;-16.28736888;-72.16700261;-1920213.255;2768338.32;D
6.92.72-42; ; ;-1.516416327;20763369.87;D
6.92.72-42;-16.28695461;-72.16895578;-1920141.172;2768122.66;D
6.92.72-42;-16.28789313;-72.16735286;-1920270.397;2768292.164;D
6.92.72-42;-16.2874959;-72.16709955;-1920226.954;2768325.771;D
6.92.72-42;-16.28654701;-72.16870286;-1920096.508;2768156.353;D
6.92.72-43; ; ;-1.516416327;20763369.87;D
6.92.72-43;-16.28797598;-72.16737139;-1920279.873;2768289.032;D
6.92.72-43;-16.28700321;-72.1690302;-1920145.962;2768113.638;D
6.92.72-43;-16.28716838;-72.16914595;-1920163.901;2768098.486;D
6.92.72-43;-16.28814441;-72.1674879;-1920298.183;2768273.754;D
6.92.72-44; ; ;-1.516416327;20763369.87;D
6.92.72-44;-16.28834397;-72.167539;-1920320.929;2768265.48;D
6.92.72-44;-16.28734563;-72.16921329;-1920183.838;2768088.656;D
6.92.72-44;-16.28805532;-72.16970361;-1920260.999;2768024.345;D
6.92.72-44;-16.2890835;-72.16805726;-1920401.245;2768197.635;D
6.92.72-45; ; ;-1.516416327;20763369.87;D
6.92.72-45;-16.28902949;-72.17037741;-1920366.905;2767935.983;D
6.92.72-45;-16.28995491;-72.1687183;-1920495.275;2768111.999;D
6.92.72-45;-16.28916922;-72.16818933;-1920409.685;2768181.631;D
6.92.72-45;-16.28822781;-72.16982181;-1920279.764;2768008.824;D
6.92.72-48; ; ;-1.516416327;20763369.87;D
6.92.72-48;-16.28603092;-72.17115049;-1920006.541;2767886.058;D
6.92.72-48;-16.28721417;-72.16933299;-1920167.004;2768076.766;D
6.92.72-48;-16.2869016;-72.16913934;-1920132.749;2768102.569;D
6.92.72-48;-16.2857115;-72.17112198;-1919969.492;2767893.274;D
6.92.72-49; ; ;-1.516416327;20763369.87;D
6.92.72-49;-16.28684984;-72.16910586;-1920127.095;2768107.001;D
6.92.72-49;-16.28645868;-72.16884814;-1920084.414;2768141.03;D
6.92.72-49;-16.28515643;-72.17099086;-1919906.096;2767915.037;D
6.92.72-49;-16.28560572;-72.17115124;-1919956.755;2767891.289;D
6.92.72-50; ; ;-1.516416327;20763369.87;D
6.92.72-50;-16.28632288;-72.16873907;-1920069.834;2768155.06;D
6.92.72-50;-16.28591964;-72.1685016;-1920025.495;2768186.951;D
6.92.72-50;-16.28450413;-72.17091351;-1919830.666;2767931.936;D
6.92.72-50;-16.28489884;-72.17115659;-1919873.939;2767899.519;D
6.92.72-51; ; ;-1.516416327;20763369.87;D
6.92.72-51;-16.28577752;-72.16841948;-1920009.848;2768198.014;D
6.92.72-51;-16.28538904;-72.16818084;-1919967.251;2768229.853;D
6.92.72-51;-16.28415953;-72.17015057;-1919799.535;2768022.507;D
6.92.72-51;-16.28455879;-72.17052415;-1919841.766;2767975.277;D
6.92.72-52; ; ;-1.516416327;20763369.87;D
6.92.72-52;-16.2852393;-72.16806634;-1919951.104;2768244.67;D
6.92.72-52;-16.28484722;-72.16780948;-1919908.305;2768278.615;D
6.92.72-52;-16.28373061;-72.16976673;-1919753.956;2768071.268;D
6.92.72-52;-16.2841019;-72.17003918;-1919794.133;2768035.822;D
6.92.72-53; ; ;-1.516416327;20763369.87;D
6.92.72-53;-16.28431242;-72.1674625;-1919849.886;2768324.533;D
6.92.72-53;-16.28326856;-72.16926128;-1919705.968;2768134.194;D
6.92.72-53;-16.28368839;-72.16949154;-1919752.337;2768102.912;D
6.92.72-53;-16.28472773;-72.16771131;-1919895.502;2768291.208;D
6.92.72-54; ; ;-1.516416327;20763369.87;D
6.92.72-54;-16.28416217;-72.16739628;-1919833.096;2768333.899;D
6.92.72-54;-16.28378797;-72.16713262;-1919792.473;2768368.389;D
6.92.72-54;-16.28267485;-72.16904643;-1919639.057;2768165.908;D
6.92.72-54;-16.28306852;-72.16929668;-1919682.121;2768132.692;D
6.92.72-55; ; ;-1.516416327;20763369.87;D
6.92.72-55;-16.28363228;-72.16704763;-1919775.272;2768379.945;D
6.92.72-55;-16.2832231;-72.16678918;-1919730.49;2768414.283;D
6.92.72-55;-16.28213227;-72.16869096;-1919579.829;2768212.882;D
6.92.72-55;-16.28251512;-72.16895956;-1919621.406;2768177.727;D
6.92.72-56; ; ;-1.516416327;20763369.87;D
6.92.72-56;-16.28307282;-72.16669258;-1919714.063;2768427.084;D
6.92.72-56;-16.28270488;-72.16645406;-1919673.868;2768458.654;D
6.92.72-56;-16.28157138;-72.16836928;-1919518.05;2768256.265;D
6.92.72-56;-16.28198232;-72.16862685;-1919563.049;2768222.005;D
6.92.72-57; ; ;-1.516416327;20763369.87;D
6.92.72-57;-16.28254064;-72.16636099;-1919655.765;2768471.23;D
6.92.72-57;-16.28217911;-72.1660991;-1919616.603;2768505.361;D
6.92.72-57;-16.28113418;-72.16782844;-1919473.396;2768322.882;D
6.92.72-57;-16.28152082;-72.16813265;-1919514.988;2768283.653;D
6.92.72-58; ; ;-1.516416327;20763369.87;D
6.92.72-58;-16.28201829;-72.1659899;-1919599.094;2768519.719;D
6.92.72-58;-16.28164448;-72.16575325;-1919558.189;2768551.151;D
6.92.72-58;-16.28061417;-72.16751215;-1919416.337;2768365.146;D
6.92.72-58;-16.28100765;-72.16774718;-1919459.565;2768333.652;D
6.92.72-59; ; ;-1.516416327;20763369.87;D
6.92.72-59;-16.28144989;-72.1657219;-1919535.787;2768557.127;D
6.92.72-59;-16.28106146;-72.16549737;-1919493.024;2768587.372;D
6.92.72-59;-16.28005662;-72.16718948;-1919354.961;2768408.598;D
6.92.72-59;-16.28045644;-72.16744211;-1919398.718;2768375.037;D
6.92.72-60; ; ;-1.516416327;20763369.87;D
6.92.72-60;-16.27991681;-72.16707017;-1919340.033;2768423.837;D
6.92.72-60;-16.27991995;-72.16705078;-1919340.635;2768425.99;D
6.92.72-60;-16.28094381;-72.16533612;-1919481.197;2768607.075;D
6.92.72-60;-16.28054681;-72.1650808;-1919437.803;2768640.907;D
6.92.72-60;-16.27955173;-72.16678382;-1919300.75;2768460.778;D
6.92.72-60;-16.2799092;-72.16708598;-1919338.951;2768422.145;D
6.92.72-61; ; ;-1.516416327;20763369.87;D
6.92.72-61;-16.28042258;-72.16497712;-1919424.511;2768654.184;D
6.92.72-61;-16.28004247;-72.1647419;-1919382.85;2768685.532;D
6.92.72-61;-16.27914226;-72.16620831;-1919259.761;2768530.97;D
6.92.72-61;-16.27954142;-72.16648531;-1919303.146;2768494.66;D
6.92.72-62; ; ;-1.516416327;20763369.87;D
6.92.72-62;-16.27986964;-72.16465158;-1919363.708;2768697.905;D
6.92.72-62;-16.27947669;-72.16439099;-1919320.851;2768732.283;D
6.92.72-62;-16.27855049;-72.16594647;-1919193.642;2768567.974;D
6.92.72-62;-16.27890843;-72.16626076;-1919231.752;2768527.962;D
6.92.72-63; ; ;-1.516416327;20763369.87;D
6.92.72-63;-16.27932693;-72.16429762;-1919304.446;2768744.714;D
6.92.72-63;-16.27893587;-72.16402106;-1919262.002;2768780.874;D
6.92.72-63;-16.27812423;-72.16544335;-1919149.814;2768630.192;D
6.92.72-63;-16.27849026;-72.16575445;-1919188.909;2768590.439;D
6.92.72-64; ; ;-1.516416327;20763369.87;D
6.92.72-64;-16.27878675;-72.16394558;-1919245.456;2768791.272;D
6.92.72-64;-16.27839267;-72.16368833;-1919202.426;2768825.287;D
6.92.72-64;-16.27761249;-72.16497481;-1919095.56;2768689.568;D
6.92.72-64;-16.27801384;-72.16526568;-1919139.034;2768651.662;D
6.92.72-65; ; ;-1.516416327;20763369.87;D
6.92.72-65;-16.27827296;-72.16361332;-1919189.317;2768835.264;D
6.92.72-65;-16.27784844;-72.16333453;-1919142.983;2768872.095;D
6.92.72-65;-16.27716522;-72.1645777;-1919047.99;2768740.061;D
6.92.72-65;-16.27755326;-72.16481525;-1919090.552;2768708.35;D
6.92.72-66; ; ;-1.516416327;20763369.87;D
6.92.72-66;-16.27775128;-72.1632435;-1919132.707;2768883.604;D
6.92.72-66;-16.27736465;-72.16298843;-1919090.523;2768917.279;D
6.92.72-66;-16.2765889;-72.16423047;-1918984.711;2768786.527;D
6.92.72-66;-16.27703026;-72.16446328;-1919033.571;2768754.686;D
6.92.72-67; ; ;-1.516416327;20763369.87;D
6.92.72-67;-16.27724229;-72.16295156;-1919076.643;2768922.977;D
6.92.72-67;-16.27688091;-72.16270895;-1919037.264;2768954.928;D
6.92.72-67;-16.27617974;-72.16394042;-1918940.311;2768824.439;D
6.92.72-67;-16.27650446;-72.16418675;-1918975.353;2768792.527;D
6.92.72-68; ; ;-1.516416327;20763369.87;D
6.92.72-68;-16.2761347;-72.16377414;-1918937.046;2768843.804;D
6.92.72-68;-16.27681168;-72.16267529;-1919029.565;2768959.599;D
6.92.72-68;-16.27652852;-72.16245107;-1918999.122;2768988.493;D
6.92.72-68;-16.27581166;-72.16359089;-1918901.438;2768868.564;D
6.92.72-68;-16.27610918;-72.16379828;-1918933.766;2768841.394;D
6.92.28-1; ; ;-1.516416327;20763369.87;E
6.92.28-1;-16.31466998;-72.18886989;-1923145.008;2765524.791;E
6.92.28-1;-16.31398999;-72.18834046;-1923071.81;2765593.14;E
6.92.28-1;-16.31373334;-72.18867439;-1923037.735;2765558.604;E
6.92.28-1;-16.31441383;-72.18919522;-1923111.097;2765491.222;E
6.92.28-2; ; ;-1.516416327;20763369.87;E
6.92.28-2;-16.31495256;-72.18845544;-1923183.091;2765568.104;E
6.92.28-2;-16.31429304;-72.18793948;-1923112.125;2765634.674;E
6.92.28-2;-16.31404854;-72.18827172;-1923079.493;2765600.178;E
6.92.28-2;-16.31470656;-72.18877895;-1923150.389;2765534.613;E
6.92.28-3; ; ;-1.516416327;20763369.87;E
6.92.28-3;-16.31525638;-72.18803471;-1923223.734;2765611.86;E
6.92.28-3;-16.31458539;-72.18753201;-1923151.267;2765677.077;E
6.92.28-3;-16.3143465;-72.18786567;-1923119.274;2765642.349;E
6.92.28-3;-16.31501722;-72.18837484;-1923191.632;2765576.406;E
6.92.28-4; ; ;-1.516416327;20763369.87;E
6.92.28-4;-16.31557403;-72.18762991;-1923265.806;2765653.644;E
6.92.28-4;-16.31487486;-72.18709943;-1923190.375;2765722.352;E
6.92.28-4;-16.31462877;-72.18744031;-1923157.452;2765686.899;E
6.92.28-4;-16.31531349;-72.18794905;-1923231.454;2765620.829;E
6.92.28-5; ; ;-1.516416327;20763369.87;E
6.92.28-5;-16.31586425;-72.18720852;-1923304.867;2765697.645;E
6.92.28-5;-16.3151725;-72.18668749;-1923230.19;2765765.193;E
6.92.28-5;-16.31492595;-72.18702548;-1923197.248;2765730.072;E
6.92.28-5;-16.31562626;-72.18754286;-1923272.971;2765662.83;E
6.92.28-6; ; ;-1.516416327;20763369.87;E
6.92.28-6;-16.31616618;-72.18680394;-1923345.095;2765739.6;E
6.92.28-6;-16.31546753;-72.1862708;-1923269.758;2765808.603;E
6.92.28-6;-16.31522156;-72.18660632;-1923236.914;2765773.754;E
6.92.28-6;-16.31590864;-72.18712521;-1923311.069;2765706.506;E
6.92.28-7; ; ;-1.516416327;20763369.87;E
6.92.28-7;-16.31546892;-72.18948179;-1923231.133;2765445.633;E
6.92.28-7;-16.31473831;-72.18890422;-1923152.591;2765520.056;E
6.92.28-7;-16.31448741;-72.18923576;-1923119.219;2765485.719;E
6.92.28-7;-16.3152276;-72.18981224;-1923198.896;2765411.3;E
6.92.28-9; ; ;-1.516416327;20763369.87;E
6.92.28-9;-16.31666142;-72.18780571;-1923390.961;2765620.169;E
6.92.28-9;-16.31592299;-72.18725715;-1923311.154;2765691.413;E
6.92.28-9;-16.31568547;-72.18758384;-1923279.407;2765657.457;E
6.92.28-9;-16.31640972;-72.18815044;-1923357.336;2765584.353;E
6.92.28-10; ; ;-1.516416327;20763369.87;E
6.92.28-10;-16.31694367;-72.18741357;-1923428.737;2765660.964;E
6.92.28-10;-16.31621184;-72.18684297;-1923349.968;2765734.616;E
6.92.28-10;-16.31597449;-72.18717375;-1923318.19;2765700.195;E
6.92.28-10;-16.3159764;-72.18717794;-1923318.363;2765699.698;E
6.92.28-10;-16.31669844;-72.18773354;-1923396.167;2765627.865;E
6.92.28-11; ; ;-1.516416327;20763369.87;E
6.92.28-11;-16.31629743;-72.1901159;-1923320.452;2765363.596;E
6.92.28-11;-16.31554281;-72.1895225;-1923239.291;2765440.108;E
6.92.28-11;-16.3153067;-72.18987611;-1923207.383;2765403.09;E
6.92.28-11;-16.3160514;-72.19043601;-1923287.787;2765330.489;E
6.92.28-12; ; ;-1.516416327;20763369.87;E
6.92.28-12;-16.3166202;-72.18970537;-1923363.19;2765405.961;E
6.92.28-12;-16.31581992;-72.18910815;-1923276.731;2765483.476;E
6.92.28-12;-16.31557666;-72.18945961;-1923244.013;2765446.793;E
6.92.28-12;-16.31634537;-72.19005693;-1923326.775;2765369.662;E
6.92.28-13; ; ;-1.516416327;20763369.87;E
6.92.28-13;-16.31688978;-72.1892941;-1923399.712;2765449.076;E
6.92.28-13;-16.31611562;-72.18869855;-1923316.29;2765526.077;E
6.92.28-13;-16.31587403;-72.18903549;-1923283.943;2765491.013;E
6.92.28-13;-16.31665232;-72.1896214;-1923367.964;2765415.05;E
6.92.28-14; ; ;-1.516416327;20763369.87;E
6.92.28-14;-16.31719779;-72.18887774;-1923440.794;2765492.285;E
6.92.28-14;-16.31640178;-72.18828154;-1923354.823;2765569.633;E
6.92.28-14;-16.31617199;-72.18860159;-1923324.059;2765536.331;E
6.92.28-14;-16.31696506;-72.1892083;-1923409.56;2765457.833;E
6.92.28-15; ; ;-1.516416327;20763369.87;E
6.92.28-15;-16.31749225;-72.18845364;-1923480.383;2765536.538;E
6.92.28-15;-16.3166807;-72.18787997;-1923392.321;2765611.534;E
6.92.28-15;-16.31645738;-72.18818753;-1923362.466;2765579.563;E
6.92.28-15;-16.31724675;-72.18880717;-1923447.377;2765499.649;E
6.92.28-17; ; ;-1.516416327;20763369.87;E
6.92.28-17;-16.31705079;-72.19069687;-1923401.614;2765288.505;E
6.92.28-17;-16.31636654;-72.19018721;-1923327.68;2765354.671;E
6.92.28-17;-16.31614132;-72.19050602;-1923297.467;2765321.452;E
6.92.28-17;-16.31681401;-72.191037;-1923369.791;2765253.02;E
6.92.28-18; ; ;-1.516416327;20763369.87;E
6.92.28-18;-16.31736538;-72.19028446;-1923443.418;2765331.185;E
6.92.28-18;-16.31667112;-72.18975578;-1923368.541;2765399.626;E
6.92.28-18;-16.31643006;-72.19008225;-1923336.382;2765365.74;E
6.92.28-18;-16.31711654;-72.19061393;-1923410.312;2765297.056;E
6.92.28-19; ; ;-1.516416327;20763369.87;E
6.92.28-19;-16.31765315;-72.18986953;-1923482.113;2765374.486;E
6.92.28-19;-16.31695475;-72.1893435;-1923406.72;2765442.679;E
6.92.28-19;-16.31670456;-72.1896747;-1923373.435;2765408.373;E
6.92.28-19;-16.31740575;-72.19021797;-1923448.946;2765338.195;E
6.92.28-20; ; ;-1.516416327;20763369.87;E
6.92.28-20;-16.31795543;-72.1894469;-1923522.6;2765418.474;E
6.92.28-20;-16.3172497;-72.18892468;-1923446.303;2765486.33;E
6.92.28-20;-16.31700803;-72.1892616;-1923413.945;2765451.271;E
6.92.28-20;-16.31769938;-72.18979808;-1923488.387;2765381.983;E
6.92.28-21; ; ;-1.516416327;20763369.87;E
6.92.28-21;-16.31823538;-72.18903457;-1923560.349;2765461.578;E
6.92.28-21;-16.31755744;-72.18850437;-1923487.401;2765529.989;E
6.92.28-21;-16.31731658;-72.18885973;-1923454.916;2765492.835;E
6.92.28-21;-16.31800049;-72.18937762;-1923528.711;2765425.742;E
6.92.28-23; ; ;-1.516416327;20763369.87;E
6.92.28-23;-16.31785859;-72.19133024;-1923488.515;2765206.81;E
6.92.28-23;-16.3171241;-72.19075366;-1923409.51;2765281.169;E
6.92.28-23;-16.31688876;-72.19108935;-1923377.908;2765246.168;E
6.92.28-23;-16.31760788;-72.19164392;-1923455.381;2765174.49;E
6.92.28-24; ; ;-1.516416327;20763369.87;E
6.92.28-24;-16.3181501;-72.19089079;-1923527.944;2765252.834;E
6.92.28-24;-16.31742421;-72.1903457;-1923449.564;2765323.527;E
6.92.28-24;-16.31718274;-72.19068301;-1923417.226;2765288.421;E
6.92.28-24;-16.31790032;-72.19124063;-1923494.483;2765216.416;E
6.92.28-25; ; ;-1.516416327;20763369.87;E
6.92.28-25;-16.31834231;-72.18976165;-1923564.082;2765378.058;E
6.92.28-25;-16.31800951;-72.18950169;-1923528.268;2765411.605;E
6.92.28-25;-16.31747706;-72.19025603;-1923456.833;2765333.001;E
6.92.28-25;-16.31780134;-72.19051345;-1923491.68;2765299.849;E
6.92.28-26; ; ;-1.516416327;20763369.87;E
6.92.28-26;-16.3189629;-72.18894843;-1923646.546;2765462.214;E
6.92.28-26;-16.31859362;-72.18867487;-1923606.626;2765497.755;E
6.92.28-26;-16.31804775;-72.18942698;-1923533.646;2765419.571;E
6.92.28-26;-16.31839607;-72.18968518;-1923571.299;2765386.029;E
6.92.28-27; ; ;-1.516416327;20763369.87;E
6.92.28-27;-16.31864236;-72.19192057;-1923573.123;2765130.282;E
6.92.28-27;-16.31792929;-72.19137448;-1923496.256;2765200.926;E
6.92.28-27;-16.31769071;-72.1917056;-1923464.331;2765166.482;E
6.92.28-27;-16.3184023;-72.1922536;-1923541.003;2765095.642;E
6.92.28-28; ; ;-1.516416327;20763369.87;E
6.92.28-28;-16.31944777;-72.19253643;-1923659.957;2765050.597;E
6.92.28-28;-16.31872347;-72.19197503;-1923581.959;2765123.111;E
6.92.28-28;-16.31849206;-72.19230531;-1923550.885;2765088.675;E
6.92.28-28;-16.3192097;-72.19286099;-1923628.171;2765016.89;E
6.92.28-29; ; ;-1.516416327;20763369.87;E
6.92.28-29;-16.32024096;-72.19316486;-1923745.206;2764969.645;E
6.92.28-29;-16.31951349;-72.19258004;-1923667.122;2765044.846;E
6.92.28-29;-16.31927072;-72.19291376;-1923634.675;2765010.163;E
6.92.28-29;-16.31999467;-72.19347086;-1923712.682;2764938.139;E
6.92.28-30; ; ;-1.516416327;20763369.87;E
6.92.28-30;-16.32064016;-72.19282647;-1923796.018;2765002.9;E
6.92.28-30;-16.31981729;-72.1921767;-1923707.553;2765086.634;E
6.92.28-30;-16.31957011;-72.19250091;-1923674.705;2765053.081;E
6.92.28-30;-16.32031108;-72.193074;-1923754.511;2764979.038;E
6.92.28-31; ; ;-1.516416327;20763369.87;E
6.92.28-31;-16.31974149;-72.19212428;-1923699.314;2765093.507;E
6.92.28-31;-16.31902502;-72.19156561;-1923622.201;2765165.616;E
6.92.28-31;-16.31878205;-72.19189628;-1923589.768;2765131.28;E
6.92.28-31;-16.31949475;-72.19244761;-1923666.528;2765060.048;E
6.92.28-32; ; ;-1.516416327;20763369.87;E
6.92.28-32;-16.31894263;-72.19150528;-1923613.286;2765173.465;E
6.92.28-32;-16.318208;-72.1909457;-1923534.058;2765245.904;E
6.92.28-32;-16.31796876;-72.1912719;-1923502.116;2765212.026;E
6.92.28-32;-16.31870169;-72.19182511;-1923581.221;2765140.329;E
6.92.28-33; ; ;-1.516416327;20763369.87;E
6.92.28-33;-16.31885584;-72.19078361;-1923611.845;2765256.121;E
6.92.28-33;-16.31811189;-72.19021134;-1923531.679;2765330.112;E
6.92.28-33;-16.31786847;-72.190559;-1923498.987;2765293.86;E
6.92.28-33;-16.31859095;-72.19113959;-1923576.539;2765219.199;E
6.92.28-34; ; ;-1.516416327;20763369.87;E
6.92.28-34;-16.31964224;-72.19140195;-1923696.423;2765176.394;E
6.92.28-34;-16.31890546;-72.19083689;-1923617.01;2765249.478;E
6.92.28-34;-16.31866506;-72.19116223;-1923584.941;2765215.713;E
6.92.28-34;-16.31941041;-72.19172276;-1923665.412;2765143.032;E
6.92.28-35; ; ;-1.516416327;20763369.87;E
6.92.28-35;-16.32043748;-72.19201653;-1923782.079;2765096.981;E
6.92.28-35;-16.31970075;-72.19144322;-1923702.772;2765170.997;E
6.92.28-35;-16.31947279;-72.19178216;-1923671.996;2765135.539;E
6.92.28-35;-16.32020429;-72.19234485;-1923750.819;2765062.788;E
6.92.28-37; ; ;-1.516416327;20763369.87;E
6.92.28-37;-16.32150614;-72.19220753;-1923904.855;2765062.024;E
6.92.28-37;-16.32078018;-72.19165914;-1923826.509;2765133.089;E
6.92.28-37;-16.32056042;-72.19196857;-1923797.048;2765100.864;E
6.92.28-37;-16.32118283;-72.19244417;-1923864.155;2765039.321;E
6.92.28-38; ; ;-1.516416327;20763369.87;E
6.92.28-38;-16.32195904;-72.19190134;-1923961.565;2765090.966;E
6.92.28-38;-16.32109703;-72.19123201;-1923868.755;2765177.403;E
6.92.28-38;-16.32085205;-72.1915615;-1923836.101;2765143.226;E
6.92.28-38;-16.3215981;-72.19214848;-1923916.333;2765067.548;E
6.92.28-39; ; ;-1.516416327;20763369.87;E
6.92.28-39;-16.32103334;-72.19117236;-1923862.021;2765184.942;E
6.92.28-39;-16.32068852;-72.19092239;-1923824.68;2765217.509;E
6.92.28-39;-16.3201719;-72.19166382;-1923755.254;2765140.169;E
6.92.28-39;-16.32048762;-72.19192239;-1923789.085;2765106.994;E
6.92.28-40; ; ;-1.516416327;20763369.87;E
6.92.28-40;-16.31904102;-72.18965716;-1923647.127;2765381.128;E
6.92.28-40;-16.31870025;-72.18940107;-1923610.334;2765414.337;E
6.92.28-40;-16.31815512;-72.19012955;-1923537.728;2765338.816;E
6.92.28-40;-16.31850701;-72.19040013;-1923575.647;2765303.83;E
6.92.28-41; ; ;-1.516416327;20763369.87;E
6.92.28-41;-16.31974567;-72.18953479;-1923731.085;2765386.145;E
6.92.28-41;-16.31900491;-72.18898209;-1923651.056;2765457.883;E
6.92.28-41;-16.31875958;-72.18933241;-1923618.108;2765421.356;E
6.92.28-41;-16.31948971;-72.18989111;-1923696.82;2765349.071;E
6.92.28-42; ; ;-1.516416327;20763369.87;E
6.92.28-42;-16.32055543;-72.19016755;-1923818.222;2765304.493;E
6.92.28-42;-16.31980557;-72.18956952;-1923737.676;2765381.47;E
6.92.28-42;-16.31955015;-72.1899247;-1923703.488;2765344.519;E
6.92.28-42;-16.32030774;-72.19051105;-1923785.08;2765268.766;E
6.92.28-43; ; ;-1.516416327;20763369.87;E
6.92.28-43;-16.32133513;-72.19079761;-1923901.872;2765223.524;E
6.92.28-43;-16.32059672;-72.19021931;-1923822.429;2765298.126;E
6.92.28-43;-16.32035938;-72.19054577;-1923790.705;2765264.195;E
6.92.28-43;-16.32109922;-72.19110658;-1923870.527;2765191.552;E
6.92.28-44; ; ;-1.516416327;20763369.87;E
6.92.28-44;-16.32238223;-72.1915802;-1924014.978;2765121.968;E
6.92.28-44;-16.32139729;-72.19084819;-1923908.537;2765217.029;E
6.92.28-44;-16.32116464;-72.19116004;-1923877.539;2765184.691;E
6.92.28-44;-16.32203838;-72.19184359;-1923971.55;2765096.5;E
6.92.28-46; ; ;-1.516416327;20763369.87;E
6.92.28-46;-16.31726633;-72.18542567;-1923490.522;2765881.628;E
6.92.28-46;-16.31664684;-72.18485071;-1923424.956;2765954.369;E
6.92.28-46;-16.31637976;-72.18515831;-1923389.977;2765922.94;E
6.92.28-46;-16.31700266;-72.18573404;-1923455.933;2765850.07;E
6.92.28-47; ; ;-1.516416327;20763369.87;E
6.92.28-47;-16.31762101;-72.18504832;-1923536.596;2765919.843;E
6.92.28-47;-16.31697619;-72.184477;-1923468.022;2765992.49;E
6.92.28-47;-16.3167052;-72.18479519;-1923432.457;2765959.915;E
6.92.28-47;-16.31731949;-72.18536969;-1923497.42;2765887.29;E
6.92.28-49; ; ;-1.516416327;20763369.87;E
6.92.28-49;-16.31767658;-72.18647601;-1923525.852;2765757.771;E
6.92.28-49;-16.31700256;-72.18586285;-1923454.364;2765835.511;E
6.92.28-49;-16.31674515;-72.18616118;-1923420.63;2765805.01;E
6.92.28-49;-16.31741275;-72.18678493;-1923491.238;2765726.153;E
6.92.28-50; ; ;-1.516416327;20763369.87;E
6.92.28-50;-16.31866737;-72.18533642;-1923655.594;2765874.185;E
6.92.28-50;-16.31797536;-72.18471507;-1923582.101;2765953.078;E
6.92.28-50;-16.31772426;-72.1850166;-1923549.066;2765922.137;E
6.92.28-50;-16.31840283;-72.18564303;-1923620.925;2765842.838;E
6.92.28-52; ; ;-1.516416327;20763369.87;E
6.92.28-52;-16.31871207;-72.18674095;-1923643.856;2765714.868;E
6.92.28-52;-16.31805659;-72.18615184;-1923574.248;2765789.658;E
6.92.28-52;-16.31779771;-72.18645905;-1923540.235;2765758.172;E
6.92.28-52;-16.31844455;-72.1870498;-1923608.811;2765683.304;E
6.92.28-53; ; ;-1.516416327;20763369.87;E
6.92.28-53;-16.3190507;-72.18636709;-1923688.01;2765752.89;E
6.92.28-53;-16.31839257;-72.18576416;-1923618.261;2765829.275;E
6.92.28-53;-16.31812179;-72.18608151;-1923582.73;2765796.792;E
6.92.28-53;-16.31876562;-72.18667163;-1923650.961;2765722.034;E
6.92.28-54; ; ;-1.516416327;20763369.87;E
6.92.28-54;-16.31938625;-72.18599864;-1923731.739;2765790.338;E
6.92.28-54;-16.31872412;-72.18539114;-1923661.575;2765867.29;E
6.92.28-54;-16.31844644;-72.18570145;-1923625.323;2765835.69;E
6.92.28-54;-16.31910207;-72.18629515;-1923694.892;2765760.378;E
6.92.28-55; ; ;-1.516416327;20763369.87;E
6.92.28-55;-16.31917759;-72.18786102;-1923684.813;2765582.439;E
6.92.28-55;-16.31853206;-72.18725678;-1923616.553;2765658.815;E
6.92.28-55;-16.31825955;-72.18757145;-1923580.854;2765626.656;E
6.92.28-55;-16.31891077;-72.18815313;-1923650.051;2765552.76;E
6.92.28-56; ; ;-1.516416327;20763369.87;E
6.92.28-56;-16.31950376;-72.18747247;-1923727.685;2765622.277;E
6.92.28-56;-16.31885881;-72.18687726;-1923659.385;2765697.624;E
6.92.28-56;-16.31857311;-72.18718568;-1923622.218;2765666.338;E
6.92.28-56;-16.31924242;-72.18778061;-1923693.372;2765590.717;E
6.92.28-58; ; ;-1.516416327;20763369.87;E
6.92.28-58;-16.32016071;-72.18669936;-1923813.923;2765701.443;E
6.92.28-58;-16.31949409;-72.18610501;-1923743.076;2765776.965;E
6.92.28-58;-16.3192381;-72.18642846;-1923709.204;2765743.607;E
6.92.28-58;-16.31989926;-72.18700406;-1923779.638;2765670.273;E
6.92.28-59; ; ;-1.516416327;20763369.87;E
6.92.28-59;-16.31986696;-72.18781115;-1923766.106;2765579.451;E
6.92.28-59;-16.31954382;-72.18751327;-1923731.882;2765617.164;E
6.92.28-59;-16.31897922;-72.18821499;-1923657.317;2765544.911;E
6.92.28-59;-16.3192818;-72.18850213;-1923689.264;2765508.67;E
6.92.28-63; ; ;-1.516416327;20763369.87;E
6.92.28-63;-16.32092079;-72.18812197;-1923885.701;2765531.134;E
6.92.28-63;-16.32063088;-72.18784539;-1923855.109;2765566.022;E
6.92.28-63;-16.32004608;-72.18852943;-1923778.393;2765496.022;E
6.92.28-63;-16.32034866;-72.18879312;-1923810.624;2765462.432;E
6.92.28-64; ; ;-1.516416327;20763369.87;E
6.92.28-64;-16.32125361;-72.18770402;-1923929.708;2765574.21;E
6.92.28-64;-16.32059321;-72.18708724;-1923859.861;2765652.189;E
6.92.28-64;-16.32031668;-72.18740125;-1923823.699;2765620.156;E
6.92.28-64;-16.32099326;-72.18800934;-1923895.545;2765542.957;E
6.92.28-65; ; ;-1.516416327;20763369.87;E
6.92.28-65;-16.3210251;-72.18955951;-1923880.541;2765367.343;E
6.92.28-65;-16.32034283;-72.18894185;-1923808.145;2765445.693;E
6.92.28-65;-16.32008755;-72.18924226;-1923774.635;2765414.932;E
6.92.28-65;-16.32076227;-72.18986223;-1923846.12;2765336.415;E
6.92.28-66; ; ;-1.516416327;20763369.87;E
6.92.28-66;-16.32201289;-72.18839302;-1924010.256;2765486.832;E
6.92.28-66;-16.3213431;-72.1877801;-1923939.263;2765564.491;E
6.92.28-66;-16.32108135;-72.18808307;-1923904.965;2765533.521;E
6.92.28-66;-16.3217488;-72.18869073;-1923975.747;2765456.486;E
6.92.28-67; ; ;-1.516416327;20763369.87;E
6.92.28-67;-16.32176922;-72.1902369;-1923959.456;2765281.468;E
6.92.28-67;-16.32109601;-72.18963341;-1923887.949;2765358.103;E
6.92.28-67;-16.3208423;-72.18993025;-1923854.666;2765327.726;E
6.92.28-67;-16.32150573;-72.19053674;-1923924.992;2765250.875;E
6.92.28-68; ; ;-1.516416327;20763369.87;E
6.92.28-68;-16.32203836;-72.18914312;-1924004.174;2765401.73;E
6.92.28-68;-16.32173378;-72.18885827;-1923971.964;2765437.737;E
6.92.28-68;-16.32116626;-72.18954507;-1923897.239;2765367.21;E
6.92.28-68;-16.32146334;-72.18982034;-1923928.686;2765332.379;E
6.92.28-69; ; ;-1.516416327;20763369.87;E
6.92.28-69;-16.32242094;-72.18947137;-1924044.988;2765359.841;E
6.92.28-69;-16.32210416;-72.18918782;-1924011.335;2765395.854;E
6.92.28-69;-16.32152736;-72.18987606;-1923935.506;2765325.28;E
6.92.28-69;-16.32184441;-72.19016181;-1923969.164;2765289.015;E
6.92.28-70; ; ;-1.516416327;20763369.87;E
6.92.28-70;-16.32276717;-72.18909804;-1924090.025;2765397.706;E
6.92.28-70;-16.32207193;-72.18846213;-1924016.331;2765478.28;E
6.92.28-70;-16.32180846;-72.18877043;-1923981.767;2765446.731;E
6.92.28-70;-16.32249468;-72.18938936;-1924054.61;2765368.187;E
6.92.28-71; ; ;-1.516416327;20763369.87;E
6.92.28-71;-16.32343152;-72.1883328;-1924177.034;2765475.885;E
6.92.28-71;-16.32325525;-72.18815451;-1924158.556;2765498.244;E
6.92.28-71;-16.32282194;-72.18836529;-1924105.289;2765479.841;E
6.92.28-71;-16.32252113;-72.18873529;-1924065.61;2765441.785;E
6.92.28-71;-16.32282875;-72.18900048;-1924098.412;2765407.962;E
6.92.28-72; ; ;-1.516416327;20763369.87;E
6.92.28-72;-16.32247529;-72.19020422;-1924042.495;2765276.328;E
6.92.28-72;-16.32216748;-72.18991612;-1924009.947;2765312.743;E
6.92.28-72;-16.32157922;-72.19061297;-1923932.673;2765241.339;E
6.92.28-72;-16.32189205;-72.19089651;-1923965.863;2765205.377;E
6.92.28-73; ; ;-1.516416327;20763369.87;E
6.92.28-73;-16.32315932;-72.18944285;-1924131.76;2765353.825;E
6.92.28-73;-16.3228268;-72.18913275;-1924096.585;2765393.035;E
6.92.28-73;-16.32221688;-72.18984053;-1924016.643;2765320.668;E
6.92.28-73;-16.32254122;-72.19013876;-1924051.003;2765282.902;E
6.92.28-74; ; ;-1.516416327;20763369.87;E
6.92.28-74;-16.32380157;-72.18867952;-1924216.157;2765432.066;E
6.92.28-74;-16.32348477;-72.188383;-1924182.659;2765469.545;E
6.92.28-74;-16.32287097;-72.18904904;-1924102.766;2765401.945;E
6.92.28-74;-16.32320332;-72.18935098;-1924138.02;2765363.658;E
6.92.28-76; ; ;-1.516416327;20763369.87;E
6.92.28-76;-16.3259204;-72.18827411;-1924469.065;2765451.37;E
6.92.28-76;-16.32548653;-72.1878744;-1924423.111;2765501.979;E
6.92.28-76;-16.32524576;-72.18775789;-1924396.337;2765518.161;E
6.92.28-76;-16.32500555;-72.18750895;-1924371.229;2765549.304;E
6.92.28-76;-16.3245958;-72.18724524;-1924326.456;2765584.24;E
6.92.28-76;-16.32401165;-72.18746766;-1924255.392;2765566.411;E
6.92.28-76;-16.32358841;-72.18792867;-1924200.281;2765519.601;E
6.92.28-76;-16.32428892;-72.18825154;-1924278.374;2765474.341;E
6.92.28-76;-16.32506256;-72.18883476;-1924361.879;2765398.739;E
6.92.28-76;-16.32533273;-72.18921828;-1924388.868;2765352.009;E
6.92.28-77; ; ;-1.516416327;20763369.87;E
6.92.28-77;-16.31932755;-72.1834832;-1923755.265;2766075.401;E
6.92.28-77;-16.31831462;-72.18290231;-1923643.717;2766153.738;E
6.92.28-77;-16.31818375;-72.18305546;-1923626.549;2766138.064;E
6.92.28-77;-16.31921953;-72.18364738;-1923740.636;2766058.195;E
6.92.28-78; ; ;-1.516416327;20763369.87;E
6.92.28-78;-16.31953411;-72.18307681;-1923784.354;2766118.752;E
6.92.28-78;-16.31860778;-72.18256828;-1923682.07;2766187.827;E
6.92.28-78;-16.31837032;-72.18283087;-1923651.101;2766161.116;E
6.92.28-78;-16.31935534;-72.18339685;-1923759.561;2766084.814;E
6.92.28-79; ; ;-1.516416327;20763369.87;E
6.92.28-79;-16.31974521;-72.18269017;-1923813.737;2766159.813;E
6.92.28-79;-16.31895242;-72.18223258;-1923726.469;2766221.459;E
6.92.28-79;-16.31866035;-72.18250297;-1923689.012;2766194.552;E
6.92.28-79;-16.31957009;-72.18300983;-1923789.376;2766125.873;E
6.92.28-80; ; ;-1.516416327;20763369.87;E
6.92.28-80;-16.32020396;-72.18398874;-1923851.741;2766007.29;E
6.92.28-80;-16.31937622;-72.18351419;-1923760.587;2766071.289;E
6.92.28-80;-16.31929034;-72.18370687;-1923748.206;2766050.585;E
6.92.28-80;-16.32011475;-72.18414527;-1923839.408;2765990.713;E
6.92.28-81; ; ;-1.516416327;20763369.87;E
6.92.28-81;-16.32041461;-72.18359872;-1923881.112;2766048.739;E
6.92.28-81;-16.31958142;-72.18311672;-1923789.41;2766113.649;E
6.92.28-81;-16.31941994;-72.18343726;-1923766.634;2766079.438;E
6.92.28-81;-16.32024408;-72.1839116;-1923857.37;2766015.507;E
6.92.28-82; ; ;-1.516416327;20763369.87;E
6.92.28-82;-16.32063129;-72.1832052;-1923911.231;2766090.508;E
6.92.28-82;-16.31979401;-72.18272354;-1923819.047;2766155.431;E
6.92.28-82;-16.3196342;-72.18304213;-1923796.489;2766121.42;E
6.92.28-82;-16.32045264;-72.18353311;-1923886.356;2766055.679;E
6.92.28-83; ; ;-1.516416327;20763369.87;E
6.92.28-83;-16.32078914;-72.18433217;-1923916.088;2765961.148;E
6.92.28-83;-16.32027114;-72.18402621;-1923859.152;2766002.214;E
6.92.28-83;-16.32017717;-72.18419566;-1923846.105;2765984.236;E
6.92.28-83;-16.32069716;-72.18447669;-1923903.575;2765945.963;E
6.92.28-84; ; ;-1.516416327;20763369.87;E
6.92.28-84;-16.32108311;-72.18398378;-1923954.708;2765996.848;E
6.92.28-84;-16.32048382;-72.18364196;-1923888.69;2766042.985;E
6.92.28-84;-16.32030495;-72.18395329;-1923863.991;2766010.033;E
6.92.28-84;-16.32084825;-72.18427931;-1923923.645;2765966.382;E
6.92.28-85; ; ;-1.516416327;20763369.87;E
6.92.28-85;-16.32118928;-72.18353936;-1923972.507;2766045.753;E
6.92.28-85;-16.32069907;-72.18323886;-1923918.758;2766085.855;E
6.92.28-85;-16.32051452;-72.18356288;-1923893.24;2766051.54;E
6.92.28-85;-16.32102182;-72.18385868;-1923949.045;2766011.755;E
6.92.28-86; ; ;-1.516416327;20763369.87;E
6.92.28-86;-16.32165393;-72.18438689;-1924016.652;2765944.139;E
6.92.28-86;-16.32126712;-72.18409413;-1923974.914;2765982.071;E
6.92.28-86;-16.32102349;-72.18437975;-1923942.944;2765952.836;E
6.92.28-86;-16.3214616;-72.1846852;-1923990.535;2765912.828;E
6.92.28-87; ; ;-1.516416327;20763369.87;E
6.92.28-87;-16.32203093;-72.18466804;-1924057.382;2765907.641;E
6.92.28-87;-16.32169557;-72.1844327;-1924020.972;2765938.44;E
6.92.28-87;-16.32159134;-72.18458867;-1924006.887;2765922.115;E
6.92.28-87;-16.32191096;-72.18482698;-1924041.419;2765891.178;E
6.92.28-88; ; ;-1.516416327;20763369.87;E
6.92.28-88;-16.32227642;-72.18430144;-1924090.549;2765946.006;E
6.92.28-88;-16.32175593;-72.18390165;-1924034.456;2765997.71;E
6.92.28-88;-16.32145831;-72.18412773;-1923996.886;2765975.881;E
6.92.28-88;-16.32207443;-72.18458616;-1924063.464;2765916.352;E
6.92.28-89; ; ;-1.516416327;20763369.87;E
6.92.28-89;-16.3223892;-72.18492911;-1924096.163;2765873.649;E
6.92.28-89;-16.32207376;-72.18470309;-1924061.972;2765903.144;E
6.92.28-89;-16.32197255;-72.18486987;-1924048.11;2765885.559;E
6.92.28-89;-16.32226746;-72.1850673;-1924080.243;2765859.553;E
6.92.28-90; ; ;-1.516416327;20763369.87;E
6.92.28-90;-16.32265754;-72.18537797;-1924122.148;2765819.555;E
6.92.28-90;-16.32279163;-72.1851867;-1924140.155;2765839.496;E
6.92.28-90;-16.32244747;-72.18498187;-1924102.346;2765866.956;E
6.92.28-90;-16.32234818;-72.18513769;-1924088.841;2765850.586;E
6.92.28-90;-16.32255207;-72.18532657;-1924110.424;2765826.684;E
6.92.28-91; ; ;-1.516416327;20763369.87;E
6.92.28-91;-16.32301069;-72.18485545;-1924169.8;2765874.196;E
6.92.28-91;-16.32233884;-72.18434304;-1924097.352;2765940.523;E
6.92.28-91;-16.32212529;-72.18465423;-1924068.594;2765908.022;E
6.92.28-91;-16.3228237;-72.18514663;-1924144.393;2765843.623;E
6.92.28-92; ; ;-1.516416327;20763369.87;E
6.92.28-92;-16.32384582;-72.18549708;-1924259.799;2765791.219;E
6.92.28-92;-16.32308423;-72.18490841;-1924177.768;2765867.29;E
6.92.28-92;-16.32288014;-72.18520977;-1924150.236;2765835.781;E
6.92.28-92;-16.32363599;-72.18579994;-1924231.577;2765759.613;E
6.92.28-93; ; ;-1.516416327;20763369.87;E
6.92.28-93;-16.3246614;-72.18611037;-1924347.85;2765711.691;E
6.92.28-93;-16.32390364;-72.18553241;-1924266.139;2765786.502;E
6.92.28-93;-16.32369241;-72.18584551;-1924237.63;2765753.756;E
6.92.28-93;-16.32444576;-72.18641551;-1924318.921;2765679.901;E
6.92.28-94; ; ;-1.516416327;20763369.87;E
6.92.28-94;-16.32547369;-72.18673153;-1924435.421;2765631.315;E
6.92.28-94;-16.32472243;-72.18616193;-1924354.37;2765705.1;E
6.92.28-94;-16.32451273;-72.18645639;-1924326.266;2765674.442;E
6.92.28-94;-16.32525942;-72.18702646;-1924406.776;2765600.662;E
6.92.28-95; ; ;-1.516416327;20763369.87;E
6.92.28-95;-16.32614069;-72.18725159;-1924507.207;2765564.186;E
6.92.28-95;-16.32553243;-72.18677861;-1924441.728;2765625.258;E
6.92.28-95;-16.32531917;-72.18707828;-1924413.143;2765594.057;E
6.92.28-95;-16.32592443;-72.18754132;-1924478.392;2765534.145;E
6.92.28-96; ; ;-1.516416327;20763369.87;E
6.92.28-96;-16.32556137;-72.18735156;-1924438.19;2765560.137;E
6.92.28-96;-16.32526878;-72.18714225;-1924406.472;2765587.457;E
6.92.28-96;-16.32514699;-72.18733217;-1924389.921;2765567.515;E
6.92.28-96;-16.32543024;-72.18752972;-1924420.689;2765541.642;E
6.92.28-97; ; ;-1.516416327;20763369.87;E
6.92.28-97;-16.32589452;-72.18762014;-1924473.939;2765525.611;E
6.92.28-97;-16.32560048;-72.1874093;-1924442.07;2765553.121;E
6.92.28-97;-16.32547344;-72.18758613;-1924425.062;2765534.725;E
6.92.28-97;-16.3257627;-72.18780253;-1924456.305;2765506.645;E
6.92.28-98; ; ;-1.516416327;20763369.87;E
6.92.28-98;-16.32493944;-72.19001543;-1924333.201;2765266.832;E
6.92.28-98;-16.32460968;-72.19025435;-1924291.715;2765243.954;E
6.92.28-98;-16.32512877;-72.19065157;-1924347.674;2765192.563;E
6.92.28-98;-16.32519299;-72.19018874;-1924360.784;2765244.071;E
6.92.28-99; ; ;-1.516416327;20763369.87;E
6.92.28-99;-16.3251973;-72.19093996;-1924352.21;2765159.11;E
6.92.28-99;-16.32510219;-72.19073263;-1924343.583;2765183.733;E
6.92.28-99;-16.32453773;-72.19030207;-1924282.717;2765239.461;E
6.92.28-99;-16.32421801;-72.19056525;-1924242.114;2765213.715;E
6.92.28-99;-16.32503553;-72.1911826;-1924330.343;2765133.709;E
6.92.28-100; ; ;-1.516416327;20763369.87;E
6.92.28-100;-16.32414026;-72.19060547;-1924232.529;2765210.142;E
6.92.28-100;-16.32379431;-72.19084045;-1924189.197;2765187.913;E
6.92.28-100;-16.32414656;-72.19110192;-1924227.267;2765153.952;E
6.92.28-100;-16.32438628;-72.19078267;-1924259.183;2765187.036;E
6.92.28-101; ; ;-1.516416327;20763369.87;E
6.92.28-101;-16.32372708;-72.19088951;-1924180.734;2765183.209;E
6.92.28-101;-16.32338791;-72.19112006;-1924138.25;2765161.394;E
6.92.28-101;-16.32386601;-72.19147758;-1924189.89;2765115.003;E
6.92.28-101;-16.32409524;-72.19116507;-1924220.498;2765147.457;E
6.92.28-102; ; ;-1.516416327;20763369.87;E
6.92.28-102;-16.3233219;-72.19117788;-1924129.826;2765155.685;E
6.92.28-102;-16.32298366;-72.19143659;-1924087.109;2765130.675;E
6.92.28-102;-16.32357586;-72.19188212;-1924151.041;2765072.91;E
6.92.28-102;-16.32381829;-72.19154848;-1924183.449;2765107.587;E
6.92.28-103; ; ;-1.516416327;20763369.87;E
6.92.28-103;-16.3244354;-72.19083115;-1924264.347;2765180.942;E
6.92.28-103;-16.32421196;-72.19115196;-1924234.318;2765147.478;E
6.92.28-103;-16.3251189;-72.19183771;-1924332.187;2765058.622;E
6.92.28-103;-16.325345;-72.19151591;-1924362.539;2765092.165;E
6.92.28-104; ; ;-1.516416327;20763369.87;E
6.92.28-104;-16.32505976;-72.19191591;-1924324.319;2765050.524;E
6.92.28-104;-16.32415936;-72.19121472;-1924227.402;2765141.043;E
6.92.28-104;-16.32392794;-72.19153592;-1924196.434;2765107.634;E
6.92.28-104;-16.32483936;-72.19226223;-1924294.338;2765014.138;E
6.92.28-105; ; ;-1.516416327;20763369.87;E
6.92.28-105;-16.32478887;-72.19232871;-1924287.625;2765007.256;E
6.92.28-105;-16.32387688;-72.19160723;-1924189.596;2765100.213;E
6.92.28-105;-16.32365633;-72.19193071;-1924159.873;2765066.411;E
6.92.28-105;-16.32454823;-72.19264689;-1924255.615;2764974.305;E
6.92.28-106; ; ;-1.516416327;20763369.87;E
6.92.28-106;-16.32585398;-72.19332231;-1924400.287;2764881.629;E
6.92.28-106;-16.32580944;-72.19307295;-1924398.087;2764910.37;E
6.92.28-106;-16.32497619;-72.19248128;-1924307.707;2764987.669;E
6.92.28-106;-16.32475669;-72.19281762;-1924277.951;2764952.4;E
6.92.28-106;-16.32550901;-72.1933671;-1924359.369;2764880.883;E
6.92.28-107; ; ;-1.516416327;20763369.87;E
6.92.28-107;-16.32271957;-72.19161587;-1924054.033;2765113.717;E
6.92.28-107;-16.32238867;-72.19185268;-1924012.441;2765091.091;E
6.92.28-107;-16.32317409;-72.19246878;-1924096.928;2765011.629;E
6.92.28-107;-16.32341;-72.19212747;-1924128.664;2765047.254;E
6.92.28-108; ; ;-1.516416327;20763369.87;E
6.92.28-108;-16.32230719;-72.19190368;-1924002.287;2765086.345;E
6.92.28-108;-16.32197785;-72.19216205;-1923960.618;2765061.263;E
6.92.28-108;-16.32289369;-72.19285953;-1924059.388;2764970.971;E
6.92.28-108;-16.32312901;-72.1925298;-1924090.915;2765005.296;E
6.92.28-109; ; ;-1.516416327;20763369.87;E
6.92.28-109;-16.32190932;-72.19221011;-1923952.016;2765056.688;E
6.92.28-109;-16.32157932;-72.1924486;-1923910.508;2765033.861;E
6.92.28-109;-16.32261486;-72.19325567;-1924021.966;2764929.686;E
6.92.28-109;-16.32284756;-72.19292476;-1924053.2;2764964.177;E
6.92.28-110; ; ;-1.516416327;20763369.87;E
6.92.28-110;-16.32149948;-72.19249769;-1923900.571;2765029.311;E
6.92.28-110;-16.32115028;-72.19274096;-1923856.76;2765006.183;E
6.92.28-110;-16.32233987;-72.19363514;-1923985.195;2764890.237;E
6.92.28-110;-16.32256483;-72.1933175;-1924015.363;2764923.324;E
6.92.28-111; ; ;-1.516416327;20763369.87;E
6.92.28-111;-16.3210241;-72.19285939;-1923840.561;2764994.376;E
6.92.28-111;-16.32067452;-72.19310528;-1923796.673;2764970.956;E
6.92.28-111;-16.32200151;-72.19409236;-1923940.068;2764842.792;E
6.92.28-111;-16.3222357;-72.19376926;-1923971.382;2764876.38;E
6.92.28-112; ; ;-1.516416327;20763369.87;E
6.92.28-112;-16.32240297;-72.19450801;-1923982.037;2764790.79;E
6.92.28-112;-16.32061451;-72.19313983;-1923789.232;2764967.802;E
6.92.28-112;-16.32041794;-72.19327039;-1923764.647;2764955.503;E
6.92.28-112;-16.32228128;-72.19467915;-1923965.727;2764772.969;E
6.92.28-113; ; ;-1.516416327;20763369.87;E
6.92.28-113;-16.32228823;-72.19382128;-1923976.902;2764869.843;E
6.92.28-113;-16.32206115;-72.19413825;-1923946.495;2764836.858;E
6.92.28-113;-16.32296574;-72.19482701;-1924044.053;2764747.696;E
6.92.28-113;-16.32319387;-72.19450187;-1924074.682;2764781.591;E
6.92.28-114; ; ;-1.516416327;20763369.87;E
6.92.28-114;-16.32262751;-72.19337596;-1924021.993;2764915.932;E
6.92.28-114;-16.32239582;-72.19368;-1923991.202;2764884.466;E
6.92.28-114;-16.32329311;-72.19436387;-1924087.965;2764795.946;E
6.92.28-114;-16.32352482;-72.19404783;-1924118.903;2764828.769;E
6.92.28-115; ; ;-1.516416327;20763369.87;E
6.92.28-115;-16.32290909;-72.19296843;-1924059.874;2764958.47;E
6.92.28-115;-16.32266037;-72.19330971;-1924026.64;2764923.009;E
6.92.28-115;-16.32357391;-72.19398679;-1924125.387;2764835.054;E
6.92.28-115;-16.3238259;-72.19362941;-1924159.198;2764872.293;E
6.92.28-116; ; ;-1.516416327;20763369.87;E
6.92.28-116;-16.32346032;-72.19216553;-1924134.094;2765042.322;E
6.92.28-116;-16.32323283;-72.19251064;-1924103.297;2765006.163;E
6.92.28-116;-16.32414138;-72.19320834;-1924201.211;2764915.938;E
6.92.28-116;-16.32439595;-72.19288663;-1924234.894;2764949.115;E
6.92.28-117; ; ;-1.516416327;20763369.87;E
6.92.28-117;-16.32532353;-72.19359866;-1924334.862;2764857.031;E
6.92.28-117;-16.32458109;-72.19305304;-1924254.554;2764927.989;E
6.92.28-117;-16.32434628;-72.19338696;-1924223.036;2764893.186;E
6.92.28-117;-16.32539333;-72.19414841;-1924336.389;2764794.024;E
6.92.28-118; ; ;-1.516416327;20763369.87;E
6.92.28-118;-16.3254769;-72.19454601;-1924341.367;2764748.04;E
6.92.28-118;-16.32540895;-72.19428882;-1924336.521;2764777.958;E
6.92.28-118;-16.32429401;-72.19344634;-1924216.201;2764887.129;E
6.92.28-118;-16.32406548;-72.19376252;-1924185.633;2764854.252;E
6.92.28-118;-16.32529422;-72.19471775;-1924317.911;2764730.915;E
6.92.28-119; ; ;-1.516416327;20763369.87;E
6.92.28-119;-16.32523808;-72.19476416;-1924310.779;2764726.372;E
6.92.28-119;-16.32401722;-72.19383456;-1924179.113;2764846.713;E
6.92.28-119;-16.32378284;-72.19414577;-1924147.92;2764814.471;E
6.92.28-119;-16.32496568;-72.19505069;-1924275.434;2764697.396;E
6.92.28-120; ; ;-1.516416327;20763369.87;E
6.92.28-120;-16.32491183;-72.19512199;-1924268.271;2764690.01;E
6.92.28-120;-16.32373117;-72.1942178;-1924141.003;2764806.976;E
6.92.28-120;-16.32349194;-72.19454563;-1924109.042;2764772.915;E
6.92.28-120;-16.32464078;-72.19540976;-1924233.069;2764660.878;E
6.92.28-121; ; ;-1.516416327;20763369.87;E
6.92.28-121;-16.32431304;-72.1953563;-1924195.355;2764671.02;E
6.92.28-121;-16.32339809;-72.194659;-1924096.687;2764761.277;E
6.92.28-121;-16.32316869;-72.194993;-1924065.803;2764726.396;E
6.92.28-121;-16.32408092;-72.1956781;-1924164.299;2764637.552;E
6.92.28-122; ; ;-1.516416327;20763369.87;E
6.92.28-122;-16.32403032;-72.19575027;-1924157.504;2764630.028;E
6.92.28-122;-16.32244355;-72.1945533;-1923986.24;2764785.164;E
6.92.28-122;-16.32233059;-72.19472442;-1923970.951;2764767.235;E
6.92.28-122;-16.32388188;-72.19595348;-1924137.676;2764608.917;E
6.92.29-1; ; ;-1.516416327;20763369.87;E
6.92.29-1;-16.31110119;-72.19377679;-1922668.033;2765014.769;E
6.92.29-1;-16.31038528;-72.19324217;-1922590.69;2765084.149;E
6.92.29-1;-16.31012778;-72.19360937;-1922556.118;2765045.863;E
6.92.29-1;-16.31075815;-72.19418013;-1922623.011;2764973.467;E
6.92.29-2; ; ;-1.516416327;20763369.87;E
6.92.29-2;-16.31140419;-72.19339056;-1922708.161;2765054.639;E
6.92.29-2;-16.31066776;-72.19282318;-1922628.813;2765127.978;E
6.92.29-2;-16.31042905;-72.19316361;-1922596.762;2765092.482;E
6.92.29-2;-16.31116112;-72.19373436;-1922675.559;2765018.816;E
6.92.29-3; ; ;-1.516416327;20763369.87;E
6.92.29-3;-16.31169412;-72.19301433;-1922746.639;2765093.541;E
6.92.29-3;-16.31097341;-72.19244008;-1922669.214;2765167.461;E
6.92.29-3;-16.31073408;-72.19275757;-1922637.367;2765134.566;E
6.92.29-3;-16.31145949;-72.1933287;-1922715.38;2765060.939;E
6.92.29-4; ; ;-1.516416327;20763369.87;E
6.92.29-4;-16.31199734;-72.19259118;-1922787.239;2765137.579;E
6.92.29-4;-16.31126403;-72.19202461;-1922708.247;2765210.79;E
6.92.29-4;-16.31104085;-72.19234069;-1922678.308;2765177.852;E
6.92.29-4;-16.31176068;-72.19292285;-1922755.535;2765103.048;E
6.92.29-5; ; ;-1.516416327;20763369.87;E
6.92.29-5;-16.31214995;-72.19397628;-1922788.378;2764979.109;E
6.92.29-5;-16.31148221;-72.19347015;-1922716.332;2765044.666;E
6.92.29-5;-16.31124393;-72.19379355;-1922684.538;2765011.09;E
6.92.29-5;-16.31189941;-72.19429529;-1922755.202;2764946.183;E
6.92.29-6; ; ;-1.516416327;20763369.87;E
6.92.29-6;-16.31248645;-72.19361652;-1922832.109;2765015.566;E
6.92.29-6;-16.31177758;-72.19307219;-1922755.709;2765085.957;E
6.92.29-6;-16.31152851;-72.19339326;-1922722.68;2765052.779;E
6.92.29-6;-16.31225015;-72.19392839;-1922800.685;2764983.27;E
6.92.29-7; ; ;-1.516416327;20763369.87;E
6.92.29-7;-16.31277909;-72.19319682;-1922871.429;2765059.348;E
6.92.29-7;-16.31208328;-72.19264782;-1922796.615;2765130.103;E
6.92.29-7;-16.31184126;-72.19297641;-1922764.319;2765095.988;E
6.92.29-7;-16.31255436;-72.19353327;-1922841.062;2765024.128;E
6.92.29-8; ; ;-1.516416327;20763369.87;E
6.92.29-8;-16.31298026;-72.19207749;-1922908.491;2765183.354;E
6.92.29-8;-16.3126532;-72.19182569;-1922873.249;2765215.906;E
6.92.29-8;-16.31212399;-72.19258096;-1922802.186;2765137.151;E
6.92.29-8;-16.31243775;-72.19282022;-1922836.022;2765106.184;E
6.92.29-9; ; ;-1.516416327;20763369.87;E
6.92.29-9;-16.31337694;-72.1923768;-1922951.307;2765144.562;E
6.92.29-9;-16.31304343;-72.19213234;-1922915.223;2765176.365;E
6.92.29-9;-16.31251188;-72.19287327;-1922844.059;2765099.261;E
6.92.29-9;-16.3128384;-72.19311617;-1922879.345;2765067.723;E
6.92.29-10; ; ;-1.516416327;20763369.87;E
6.92.29-10;-16.31325863;-72.19419331;-1922915.527;2764940.716;E
6.92.29-10;-16.31257309;-72.19367287;-1922841.569;2765008.114;E
6.92.29-10;-16.31233585;-72.19401647;-1922809.653;2764972.242;E
6.92.29-10;-16.31300242;-72.19450544;-1922881.77;2764908.639;E
6.92.29-11; ; ;-1.516416327;20763369.87;E
6.92.29-11;-16.31415052;-72.19296271;-1923034.779;2765068.663;E
6.92.29-11;-16.3134804;-72.19246596;-1922962.341;2765133.191;E
6.92.29-11;-16.31325589;-72.19277866;-1922932.286;2765100.653;E
6.92.29-11;-16.31392039;-72.19328176;-1923003.99;2765035.477;E
6.92.29-12; ; ;-1.516416327;20763369.87;E
6.92.29-12;-16.31416283;-72.19650774;-1922993.418;2764667.811;E
6.92.29-12;-16.31217404;-72.19471885;-1922782.234;2764894.873;E
6.92.29-12;-16.31175742;-72.19521846;-1922727.439;2764843.609;E
6.92.29-12;-16.31377682;-72.19698895;-1922942.428;2764618.245;E
6.92.29-13; ; ;-1.516416327;20763369.87;E
6.92.29-13;-16.31380009;-72.19525213;-1922966.119;2764814.267;E
6.92.29-13;-16.31312806;-72.19471384;-1922893.959;2764883.513;E
6.92.29-13;-16.31288462;-72.19507116;-1922861.151;2764846.168;E
6.92.29-13;-16.31356342;-72.19557542;-1922934.515;2764780.685;E
6.92.29-14; ; ;-1.516416327;20763369.87;E
6.92.29-14;-16.31409515;-72.19484044;-1923005.626;2764857.112;E
6.92.29-14;-16.31340957;-72.19430274;-1922931.872;2764926.461;E
6.92.29-14;-16.31317209;-72.19463323;-1922900.086;2764892.074;E
6.92.29-14;-16.31385025;-72.19517274;-1922972.949;2764822.613;E
6.92.29-15; ; ;-1.516416327;20763369.87;E
6.92.29-15;-16.3146973;-72.19401887;-1923086.025;2764942.446;E
6.92.29-15;-16.31435621;-72.19376665;-1923049.147;2764975.22;E
6.92.29-15;-16.31382465;-72.19449515;-1922978.133;2764899.522;E
6.92.29-15;-16.31415471;-72.19474741;-1923013.719;2764866.883;E
6.92.29-16; ; ;-1.516416327;20763369.87;E
6.92.29-16;-16.31498421;-72.19359661;-1923124.705;2764986.587;E
6.92.29-16;-16.31429391;-72.1930804;-1923050.141;2765053.567;E
6.92.29-16;-16.31406444;-72.19340953;-1923019.307;2765019.234;E
6.92.29-16;-16.31475211;-72.19392772;-1923093.541;2764952.063;E
6.92.29-17; ; ;-1.516416327;20763369.87;E
6.92.29-17;-16.31459757;-72.19583621;-1923052.409;2764738.278;E
6.92.29-17;-16.31387381;-72.19529837;-1922974.19;2764808.119;E
6.92.29-17;-16.31363653;-72.19563763;-1922942.32;2764772.739;E
6.92.29-17;-16.31435138;-72.19617617;-1923019.49;2764702.93;E
6.92.29-18; ; ;-1.516416327;20763369.87;E
6.92.29-18;-16.31488709;-72.19543977;-1923091.083;2764779.468;E
6.92.29-18;-16.31416552;-72.19489349;-1923013.222;2764850.236;E
6.92.29-18;-16.31392535;-72.19523297;-1922981.011;2764814.867;E
6.92.29-18;-16.31465434;-72.19577095;-1923059.842;2764744.945;E
6.92.29-22; ; ;-1.516416327;20763369.87;E
6.92.29-22;-16.31540641;-72.19647069;-1923139.42;2764656.451;E
6.92.29-22;-16.31467429;-72.19590218;-1923060.592;2764729.862;E
6.92.29-22;-16.31442986;-72.19624928;-1923027.792;2764693.685;E
6.92.29-22;-16.31516283;-72.19680717;-1923106.847;2764621.464;E
6.92.29-24; ; ;-1.516416327;20763369.87;E
6.92.29-24;-16.31620248;-72.19707079;-1923225.351;2764578.669;E
6.92.29-24;-16.31547174;-72.19653238;-1923146.322;2764648.662;E
6.92.29-24;-16.31524881;-72.19686184;-1923116.251;2764614.21;E
6.92.29-24;-16.31596088;-72.19740843;-1923192.996;2764543.527;E
6.92.29-25; ; ;-1.516416327;20763369.87;E
6.92.29-25;-16.31650214;-72.1966667;-1923265.304;2764620.597;E
6.92.29-25;-16.31577601;-72.19611726;-1923186.947;2764691.778;E
6.92.29-25;-16.3155407;-72.19646124;-1923155.252;2764655.84;E
6.92.29-25;-16.31624667;-72.19701099;-1923231.245;2764584.876;E
6.92.29-31; ; ;-1.516416327;20763369.87;E
6.92.29-31;-16.31865113;-72.19513543;-1923535.323;2764766.801;E
6.92.29-31;-16.31804818;-72.19466547;-1923470.426;2764827.46;E
6.92.29-31;-16.31744542;-72.19550077;-1923389.789;2764740.584;E
6.92.29-31;-16.31798152;-72.19595831;-1923447.011;2764682.166;E
6.92.29-32; ; ;-1.516416327;20763369.87;E
6.92.29-32;-16.31377854;-72.190117;-1923025.604;2765394.974;E
6.92.29-32;-16.31304024;-72.18954921;-1922946.043;2765468.387;E
6.92.29-32;-16.31280329;-72.18988957;-1922914.198;2765432.877;E
6.92.29-32;-16.31353599;-72.19043144;-1922993.415;2765362.465;E
6.92.29-33; ; ;-1.516416327;20763369.87;E
6.92.29-33;-16.31406565;-72.1896925;-1923064.336;2765439.366;E
6.92.29-33;-16.31334181;-72.18914416;-1922986.233;2765510.4;E
6.92.29-33;-16.31310888;-72.18946452;-1922955.099;2765477.102;E
6.92.29-33;-16.31382618;-72.19000787;-1923032.498;2765406.713;E
6.92.29-34; ; ;-1.516416327;20763369.87;E
6.92.29-34;-16.31436199;-72.18927084;-1923104.115;2765483.322;E
6.92.29-34;-16.31367655;-72.18872763;-1923030.446;2765553.296;E
6.92.29-34;-16.31340456;-72.18907228;-1922994.446;2765517.741;E
6.92.29-34;-16.31411183;-72.18961738;-1923070.649;2765447.28;E
6.92.29-35; ; ;-1.516416327;20763369.87;E
6.92.29-35;-16.31386915;-72.19083181;-1923027.576;2765313.043;E
6.92.29-35;-16.31353481;-72.1905842;-1922991.433;2765345.212;E
6.92.29-35;-16.31300497;-72.19130543;-1922920.706;2765270.314;E
6.92.29-35;-16.31333306;-72.19156222;-1922956.008;2765237.186;E
6.92.29-36; ; ;-1.516416327;20763369.87;E
6.92.29-36;-16.31428589;-72.19113767;-1923072.662;2765273.259;E
6.92.29-36;-16.31394947;-72.19089549;-1923036.209;2765304.841;E
6.92.29-36;-16.31341246;-72.19163235;-1922964.455;2765228.266;E
6.92.29-36;-16.31373629;-72.19186523;-1922999.546;2765197.893;E
6.92.29-37; ; ;-1.516416327;20763369.87;E
6.92.29-37;-16.31457556;-72.19072108;-1923111.598;2765316.725;E
6.92.29-37;-16.3138599;-72.19015942;-1923034.614;2765389.161;E
6.92.29-37;-16.31359886;-72.19050429;-1922999.895;2765353.444;E
6.92.29-37;-16.31431464;-72.19105905;-1923076.976;2765281.786;E
6.92.29-38; ; ;-1.516416327;20763369.87;E
6.92.29-38;-16.31486521;-72.19030564;-1923150.519;2765360.062;E
6.92.29-38;-16.3141477;-72.18975972;-1923073.128;2765430.742;E
6.92.29-38;-16.31390966;-72.19008597;-1923041.326;2765396.841;E
6.92.29-38;-16.31462693;-72.19064102;-1923118.578;2765325.132;E
6.92.29-39; ; ;-1.516416327;20763369.87;E
6.92.29-39;-16.31516596;-72.18989602;-1923190.669;2765402.601;E
6.92.29-39;-16.31443921;-72.1893361;-1923112.366;2765474.979;E
6.92.29-39;-16.31419597;-72.1896787;-1923079.757;2765439.297;E
6.92.29-39;-16.31492283;-72.19024395;-1923158.009;2765366.314;E
6.92.29-40; ; ;-1.516416327;20763369.87;E
6.92.29-40;-16.31473246;-72.19213053;-1923112.943;2765155.449;E
6.92.29-40;-16.31405739;-72.19161017;-1923040.21;2765222.709;E
6.92.29-40;-16.31381887;-72.19194737;-1923008.22;2765187.576;E
6.92.29-40;-16.31448375;-72.19245136;-1923079.957;2765122.295;E
6.92.29-41; ; ;-1.516416327;20763369.87;E
6.92.29-41;-16.31535348;-72.19129857;-1923195.679;2765241.722;E
6.92.29-41;-16.31465415;-72.19079877;-1923119.859;2765306.961;E
6.92.29-41;-16.31411621;-72.19152697;-1923048.099;2765231.377;E
6.92.29-41;-16.31481395;-72.19206197;-1923123.309;2765162.179;E
6.92.29-42; ; ;-1.516416327;20763369.87;E
6.92.29-42;-16.31562384;-72.19087503;-1923232.439;2765286.214;E
6.92.29-42;-16.3149443;-72.19038081;-1923158.869;2765350.576;E
6.92.29-42;-16.31470011;-72.19072825;-1923126.091;2765314.357;E
6.92.29-42;-16.31537361;-72.19119244;-1923199.317;2765253.465;E
6.92.29-43; ; ;-1.516416327;20763369.87;E
6.92.29-43;-16.31589684;-72.19046138;-1923269.389;2765329.555;E
6.92.29-43;-16.31524376;-72.18995836;-1923199.022;2765394.581;E
6.92.29-43;-16.31501713;-72.19030161;-1923168.35;2765358.617;E
6.92.29-43;-16.31567625;-72.19079229;-1923239.573;2765294.911;E
6.92.29-44; ; ;-1.516416327;20763369.87;E
6.92.29-44;-16.31556146;-72.19277605;-1923202.179;2765072.118;E
6.92.29-44;-16.31489029;-72.19224684;-1923130.011;2765140.329;E
6.92.29-44;-16.31463585;-72.19259151;-1923096.068;2765104.552;E
6.92.29-44;-16.31533784;-72.19308877;-1923172.229;2765039.567;E
6.92.29-45; ; ;-1.516416327;20763369.87;E
6.92.29-45;-16.31615028;-72.19192921;-1923281.327;2765160.474;E
6.92.29-45;-16.31584119;-72.19168881;-1923248.052;2765191.512;E
6.92.29-45;-16.31530011;-72.19243937;-1923175.655;2765113.441;E
6.92.29-45;-16.31563279;-72.19268111;-1923211.675;2765081.957;E
6.92.29-46; ; ;-1.516416327;20763369.87;E
6.92.29-46;-16.3164566;-72.19152433;-1923322.071;2765202.407;E
6.92.29-46;-16.3157877;-72.19100713;-1923250.024;2765269.233;E
6.92.29-46;-16.31554177;-72.19135082;-1923217.087;2765233.46;E
6.92.29-46;-16.31621618;-72.19186335;-1923289.836;2765167.094;E
6.92.29-47; ; ;-1.516416327;20763369.87;E
6.92.29-47;-16.31674976;-72.19111278;-1923361.355;2765245.259;E
6.92.29-47;-16.31607922;-72.19060002;-1923289.063;2765311.603;E
6.92.29-47;-16.3158389;-72.19094961;-1923256.711;2765275.095;E
6.92.29-47;-16.31651239;-72.19144958;-1923329.503;2765210.158;E
6.92.29-48; ; ;-1.516416327;20763369.87;E
6.92.29-48;-16.31637462;-72.19338082;-1923290.055;2764993.592;E
6.92.29-48;-16.31564495;-72.19282583;-1923211.351;2765065.447;E
6.92.29-48;-16.3154179;-72.193147;-1923180.898;2765031.985;E
6.92.29-48;-16.31612725;-72.19369851;-1923257.264;2764960.776;E
6.92.29-49; ; ;-1.516416327;20763369.87;E
6.92.29-49;-16.3166641;-72.19296437;-1923328.967;2765037.043;E
6.92.29-49;-16.3159403;-72.19240995;-1923250.944;2765108.761;E
6.92.29-49;-16.3157101;-72.19273145;-1923220.116;2765075.3;E
6.92.29-49;-16.31642883;-72.19329368;-1923297.452;2765002.763;E
6.92.29-50; ; ;-1.516416327;20763369.87;E
6.92.29-50;-16.31695448;-72.19254109;-1923368.067;2765081.254;E
6.92.29-50;-16.31625006;-72.19199968;-1923292.155;2765151.26;E
6.92.29-50;-16.31600584;-72.19232417;-1923259.651;2765117.638;E
6.92.29-50;-16.31671472;-72.19288659;-1923335.831;2765045.201;E
6.92.29-51; ; ;-1.516416327;20763369.87;E
6.92.29-51;-16.31725536;-72.19214836;-1923408.027;2765121.882;E
6.92.29-51;-16.31654269;-72.19159518;-1923331.292;2765193.322;E
6.92.29-51;-16.31629471;-72.1919095;-1923298.47;2765160.895;E
6.92.29-51;-16.31701184;-72.19246645;-1923375.682;2765088.974;E
6.92.29-52; ; ;-1.516416327;20763369.87;E
6.92.29-52;-16.31754312;-72.19171196;-1923446.979;2765167.609;E
6.92.29-52;-16.31683087;-72.19116837;-1923370.178;2765237.96;E
6.92.29-52;-16.31659458;-72.1915154;-1923338.329;2765201.691;E
6.92.29-52;-16.31731291;-72.1920398;-1923416.075;2765133.433;E
6.92.29-53; ; ;-1.516416327;20763369.87;E
6.92.29-53;-16.31718037;-72.19400382;-1923376.842;2764913.098;E
6.92.29-53;-16.31645477;-72.19342557;-1923298.895;2764987.531;E
6.92.29-53;-16.31621119;-72.19376492;-1923266.287;2764952.221;E
6.92.29-53;-16.31691983;-72.19431207;-1923342.625;2764881.515;E
6.92.29-54; ; ;-1.516416327;20763369.87;E
6.92.29-54;-16.31833698;-72.19233652;-1923532.356;2765087.087;E
6.92.29-54;-16.31762141;-72.19178322;-1923455.283;2765158.575;E
6.92.29-54;-16.3173893;-72.19209964;-1923424.293;2765125.714;E
6.92.29-54;-16.31810974;-72.19265042;-1923501.967;2765054.449;E
6.92.29-55; ; ;-1.516416327;20763369.87;E
6.92.29-55;-16.31796449;-72.19459979;-1923461.423;2764835.93;E
6.92.29-55;-16.31724717;-72.19404461;-1923384.168;2764907.651;E
6.92.29-55;-16.31700663;-72.19438608;-1923351.89;2764872.064;E
6.92.29-55;-16.31772679;-72.19493025;-1923429.611;2764801.551;E
6.92.29-56; ; ;-1.516416327;20763369.87;E
6.92.29-56;-16.31826553;-72.19420121;-1923501.473;2764877.216;E
6.92.29-56;-16.31754976;-72.19363764;-1923424.5;2764949.867;E
6.92.29-56;-16.31731707;-72.19397493;-1923393.192;2764914.654;E
6.92.29-56;-16.31802871;-72.19452493;-1923469.844;2764843.588;E
6.92.29-57; ; ;-1.516416327;20763369.87;E
6.92.29-57;-16.3185486;-72.19378875;-1923539.585;2764920.295;E
6.92.29-57;-16.31783524;-72.19323085;-1923462.827;2764992.277;E
6.92.29-57;-16.31760313;-72.19355587;-1923431.735;2764958.443;E
6.92.29-57;-16.31832107;-72.19410077;-1923509.186;2764887.874;E
6.92.29-58; ; ;-1.516416327;20763369.87;E
6.92.29-58;-16.31885063;-72.19335831;-1923580.136;2764965.17;E
6.92.29-58;-16.31813168;-72.19281038;-1923502.603;2765036.094;E
6.92.29-58;-16.31789741;-72.19315095;-1923471.069;2765000.53;E
6.92.29-58;-16.31861166;-72.19370127;-1923548.023;2764929.395;E
6.92.29-59; ; ;-1.516416327;20763369.87;E
6.92.29-59;-16.31915775;-72.19294548;-1923621.07;2765007.99;E
6.92.29-59;-16.31842815;-72.19239265;-1923542.35;2765079.602;E
6.92.29-59;-16.3181887;-72.19271814;-1923510.391;2765045.807;E
6.92.29-59;-16.31890712;-72.19328348;-1923587.652;2764972.921;E
6.92.29-60; ; ;-1.516416327;20763369.87;E
6.92.29-60;-16.31889115;-72.19467738;-1923568.948;2764815.571;E
6.92.29-60;-16.31833124;-72.19424861;-1923508.591;2764871.036;E
6.92.29-60;-16.31808463;-72.19457612;-1923475.771;2764837.103;E
6.92.29-60;-16.31864982;-72.19499114;-1923536.912;2764783.126;E
6.92.29-61; ; ;-1.516416327;20763369.87;E
6.92.29-61;-16.31923142;-72.19429223;-1923613.427;2764854.848;E
6.92.29-61;-16.31862174;-72.193845;-1923547.467;2764913.023;E
6.92.29-61;-16.31838512;-72.19417546;-1923515.781;2764878.631;E
6.92.29-61;-16.31898824;-72.19462021;-1923581.002;2764820.818;E
6.92.29-62; ; ;-1.516416327;20763369.87;E
6.92.29-62;-16.31957376;-72.19392558;-1923657.924;2764892.008;E
6.92.29-62;-16.31893327;-72.19342407;-1923589.014;2764956.703;E
6.92.29-62;-16.31869812;-72.19375816;-1923557.456;2764921.884;E
6.92.29-62;-16.31932248;-72.19422728;-1923624.869;2764861.051;E
6.92.29-63; ; ;-1.516416327;20763369.87;E
6.92.29-63;-16.31990263;-72.19352901;-1923701.207;2764932.718;E
6.92.29-63;-16.31922233;-72.19300554;-1923627.903;2765000.394;E
6.92.29-63;-16.31899879;-72.19333331;-1923597.779;2764966.142;E
6.92.29-63;-16.31963444;-72.19384733;-1923665.972;2764900.093;E
6.92.30-13; ; ;-1.516416327;20763369.87;E
6.92.30-13;-16.30655735;-72.18976623;-1922184.597;2765524.913;E
6.92.30-13;-16.30572617;-72.18902419;-1922096.264;2765619.183;E
6.92.30-13;-16.30529523;-72.18925142;-1922043.079;2765598.885;E
6.92.30-13;-16.3062349;-72.19015727;-1922142.132;2765484.74;E
6.92.30-14; ; ;-1.516416327;20763369.87;E
6.92.30-14;-16.30690534;-72.18931096;-1922230.826;2765572.026;E
6.92.30-14;-16.30613026;-72.18871993;-1922147.237;2765648.526;E
6.92.30-14;-16.3058359;-72.1889596;-1922109.888;2765625.113;E
6.92.30-14;-16.30665556;-72.18965003;-1922197.495;2765536.821;E
6.92.30-15; ; ;-1.516416327;20763369.87;E
6.92.30-15;-16.30719309;-72.18891252;-1922269.318;2765613.468;E
6.92.30-15;-16.30659184;-72.18846295;-1922204.368;2765671.805;E
6.92.30-15;-16.30624748;-72.18866143;-1922161.664;2765653.673;E
6.92.30-15;-16.30695366;-72.1892268;-1922237.498;2765580.936;E
6.92.30-16; ; ;-1.516416327;20763369.87;E
6.92.30-16;-16.3074929;-72.18849625;-1922309.436;2765656.776;E
6.92.30-16;-16.30705829;-72.1881725;-1922262.474;2765698.806;E
6.92.30-16;-16.3066746;-72.18842545;-1922214.508;2765675.009;E
6.92.30-16;-16.30723167;-72.18884677;-1922274.627;2765620.418;E
6.92.30-17; ; ;-1.516416327;20763369.87;E
6.92.30-17;-16.30779135;-72.18809344;-1922349.234;2765698.577;E
6.92.30-17;-16.30750254;-72.1878692;-1922318.136;2765727.536;E
6.92.30-17;-16.30714576;-72.18811701;-1922273.382;2765703.985;E
6.92.30-17;-16.30753481;-72.18841239;-1922315.355;2765665.731;E
6.92.30-18; ; ;-1.516416327;20763369.87;E
6.92.30-18;-16.30711683;-72.19034629;-1922243.081;2765452.349;E
6.92.30-18;-16.3065975;-72.18987761;-1922187.952;2765511.821;E
6.92.30-18;-16.30633598;-72.19019411;-1922153.519;2765479.312;E
6.92.30-18;-16.30683149;-72.19068253;-1922205.623;2765417.909;E
6.92.30-20; ; ;-1.516416327;20763369.87;E
6.92.30-20;-16.30799113;-72.1895151;-1922355.454;2765535.376;E
6.92.30-20;-16.30727167;-72.18897953;-1922277.706;2765604.911;E
6.92.30-20;-16.30703987;-72.18929785;-1922246.731;2765571.826;E
6.92.30-20;-16.30775496;-72.18982349;-1922324.087;2765503.469;E
6.92.30-21; ; ;-1.516416327;20763369.87;E
6.92.30-21;-16.30828966;-72.18909444;-1922395.475;2765579.195;E
6.92.30-21;-16.30756848;-72.1885855;-1922317.206;2765645.741;E
6.92.30-21;-16.30731687;-72.18891187;-1922283.814;2765611.994;E
6.92.30-21;-16.30803763;-72.18943382;-1922361.878;2765543.982;E
6.92.30-22; ; ;-1.516416327;20763369.87;E
6.92.30-22;-16.30857783;-72.18869625;-1922434.014;2765620.603;E
6.92.30-22;-16.30787336;-72.18815603;-1922358.078;2765690.476;E
6.92.30-22;-16.3076317;-72.18848576;-1922325.81;2765656.226;E
6.92.30-22;-16.30833491;-72.18902422;-1922401.621;2765586.566;E
6.92.30-23; ; ;-1.516416327;20763369.87;E
6.92.30-23;-16.30918158;-72.18785732;-1922514.814;2765707.885;E
6.92.30-23;-16.30845033;-72.18730367;-1922435.905;2765779.614;E
6.92.30-23;-16.30822657;-72.1876436;-1922405.609;2765743.986;E
6.92.30-23;-16.30895091;-72.18818183;-1922483.895;2765674.087;E
6.92.30-24; ; ;-1.516416327;20763369.87;E
6.92.30-24;-16.30948463;-72.18743774;-1922555.354;2765751.525;E
6.92.30-24;-16.30877198;-72.18691573;-1922478.24;2765819.444;E
6.92.30-24;-16.30851522;-72.18722114;-1922444.498;2765788.131;E
6.92.30-24;-16.30923404;-72.18778225;-1922521.862;2765715.715;E
6.92.30-25; ; ;-1.516416327;20763369.87;E
6.92.30-25;-16.3097785;-72.18702901;-1922594.687;2765794.053;E
6.92.30-25;-16.30918606;-72.18658769;-1922530.67;2765851.347;E
6.92.30-25;-16.30885408;-72.18685017;-1922488.642;2765825.828;E
6.92.30-25;-16.30953708;-72.18735656;-1922562.473;2765760.045;E
6.92.30-28; ; ;-1.516416327;20763369.87;E
6.92.30-28;-16.30850342;-72.19053977;-1922403.046;2765413.144;E
6.92.30-28;-16.30778073;-72.18998333;-1922325.174;2765485.078;E
6.92.30-28;-16.30755611;-72.19029233;-1922295.151;2765452.957;E
6.92.30-28;-16.30826201;-72.19085929;-1922370.931;2765380.045;E
6.92.30-29; ; ;-1.516416327;20763369.87;E
6.92.30-29;-16.30938894;-72.18930567;-1922521.597;2765541.573;E
6.92.30-29;-16.30866547;-72.18875374;-1922443.579;2765613.008;E
6.92.30-29;-16.30842132;-72.18908419;-1922411.011;2765578.707;E
6.92.30-29;-16.30914872;-72.18964279;-1922489.409;2765506.469;E
6.92.30-30; ; ;-1.516416327;20763369.87;E
6.92.30-30;-16.31000446;-72.1884804;-1922603.609;2765627.164;E
6.92.30-30;-16.30925875;-72.18791777;-1922523.117;2765700.087;E
6.92.30-30;-16.30902598;-72.18825068;-1922491.851;2765665.366;E
6.92.30-30;-16.30975415;-72.18881961;-1922570.214;2765591.95;E
6.92.30-31; ; ;-1.516416327;20763369.87;E
6.92.30-31;-16.31087306;-72.18722633;-1922720.424;2765758.06;E
6.92.30-31;-16.3101514;-72.18667099;-1922642.659;2765829.859;E
6.92.30-31;-16.30990244;-72.18701368;-1922609.381;2765794.236;E
6.92.30-31;-16.31062583;-72.18756864;-1922687.352;2765722.457;E
6.92.30-32; ; ;-1.516416327;20763369.87;E
6.92.30-32;-16.31116801;-72.18681352;-1922759.935;2765801.034;E
6.92.30-32;-16.31045461;-72.18627704;-1922682.909;2765870.599;E
6.92.30-32;-16.31021506;-72.18659471;-1922651.033;2765837.686;E
6.92.30-32;-16.3109281;-72.18712929;-1922728.04;2765768.34;E
6.92.30-33; ; ;-1.516416327;20763369.87;E
6.92.30-33;-16.3093087;-72.19115518;-1922489.875;2765333.513;E
6.92.30-33;-16.30858085;-72.19060768;-1922411.29;2765404.5;E
6.92.30-33;-16.30835089;-72.19092409;-1922380.553;2765371.608;E
6.92.30-33;-16.30906712;-72.19147642;-1922457.719;2765300.221;E
6.92.30-34; ; ;-1.516416327;20763369.87;E
6.92.30-34;-16.30960491;-72.19077105;-1922529.183;2765373.23;E
6.92.30-34;-16.3088732;-72.19022531;-1922450.126;2765444.068;E
6.92.30-34;-16.3086509;-72.19052892;-1922420.44;2765412.527;E
6.92.30-34;-16.30936143;-72.19108834;-1922496.853;2765340.409;E
6.92.30-35; ; ;-1.516416327;20763369.87;E
6.92.30-35;-16.30989346;-72.19033503;-1922568.222;2765418.909;E
6.92.30-35;-16.30917991;-72.1897966;-1922491.202;2765488.693;E
6.92.30-35;-16.3089268;-72.19014387;-1922457.383;2765452.603;E
6.92.30-35;-16.30964694;-72.19068739;-1922535.113;2765382.162;E
6.92.30-36; ; ;-1.516416327;20763369.87;E
6.92.30-36;-16.31018714;-72.18991616;-1922607.655;2765462.584;E
6.92.30-36;-16.30949448;-72.18938681;-1922532.97;2765531.082;E
6.92.30-36;-16.30924309;-72.18972263;-1922499.491;2765496.265;E
6.92.30-36;-16.30994454;-72.19025698;-1922575.144;2765427.093;E
6.92.30-37; ; ;-1.516416327;20763369.87;E
6.92.30-37;-16.31078243;-72.18908067;-1922687.423;2765549.583;E
6.92.30-37;-16.31005552;-72.18851221;-1922609.202;2765622.93;E
6.92.30-37;-16.30979962;-72.18886015;-1922575.048;2765586.799;E
6.92.30-37;-16.31054283;-72.18943277;-1922655.126;2765512.778;E
6.92.30-38; ; ;-1.516416327;20763369.87;E
6.92.30-38;-16.31108352;-72.18866716;-1922727.66;2765592.56;E
6.92.30-38;-16.31035585;-72.18810692;-1922649.25;2765664.987;E
6.92.30-38;-16.3101008;-72.18845102;-1922615.242;2765629.28;E
6.92.30-38;-16.3108362;-72.18901077;-1922694.561;2765556.811;E
6.92.30-39; ; ;-1.516416327;20763369.87;E
6.92.30-39;-16.31138882;-72.18824667;-1922768.473;2765636.273;E
6.92.30-39;-16.31065088;-72.18769295;-1922688.783;2765708.093;E
6.92.30-39;-16.31041039;-72.1880274;-1922656.594;2765673.294;E
6.92.30-39;-16.31113204;-72.18859634;-1922734.194;2765599.958;E
6.92.30-40; ; ;-1.516416327;20763369.87;E
6.92.30-40;-16.31168769;-72.18784276;-1922808.335;2765678.192;E
6.92.30-40;-16.3109569;-72.18728275;-1922729.557;2765750.634;E
6.92.30-40;-16.31071145;-72.18762024;-1922696.751;2765715.554;E
6.92.30-40;-16.31143935;-72.18818107;-1922775.179;2765643.056;E
6.92.30-41; ; ;-1.516416327;20763369.87;E
6.92.30-41;-16.31198347;-72.18743432;-1922847.889;2765720.662;E
6.92.30-41;-16.31125176;-72.18688424;-1922768.884;2765791.993;E
6.92.30-41;-16.31101636;-72.18720223;-1922737.489;2765758.992;E
6.92.30-41;-16.31173397;-72.18775833;-1922814.771;2765687.157;E
6.92.30-42; ; ;-1.516416327;20763369.87;E
6.92.30-42;-16.30945359;-72.19246378;-1922491.035;2765183.782;E
6.92.30-42;-16.30907901;-72.19214835;-1922450.999;2765224.119;E
6.92.30-42;-16.30876272;-72.19250016;-1922409.73;2765188.306;E
6.92.30-42;-16.30912615;-72.19284729;-1922448.079;2765144.525;E
6.92.30-43; ; ;-1.516416327;20763369.87;E
6.92.30-43;-16.30961715;-72.1924445;-1922510.412;2765183.917;E
6.92.30-43;-16.30981356;-72.19216589;-1922536.766;2765212.954;E
6.92.30-43;-16.30910735;-72.19164393;-1922460.406;2765280.783;E
6.92.30-43;-16.30892661;-72.19189385;-1922436.233;2765254.792;E
6.92.30-44; ; ;-1.516416327;20763369.87;E
6.92.30-44;-16.31005963;-72.19173178;-1922570.809;2765258.948;E
6.92.30-44;-16.30939659;-72.19122275;-1922499.346;2765324.776;E
6.92.30-44;-16.3091624;-72.19154744;-1922468.015;2765291.002;E
6.92.30-44;-16.30982033;-72.19205721;-1922538.87;2765225.155;E
6.92.30-45; ; ;-1.516416327;20763369.87;E
6.92.30-45;-16.31035478;-72.19134813;-1922609.988;2765298.624;E
6.92.30-45;-16.30966756;-72.1908311;-1922535.791;2765365.659;E
6.92.30-45;-16.30944043;-72.19112868;-1922505.613;2765334.861;E
6.92.30-45;-16.31012518;-72.19166397;-1922579.3;2765265.794;E
6.92.30-46; ; ;-1.516416327;20763369.87;E
6.92.30-46;-16.31065728;-72.19029733;-1922658.083;2765413.621;E
6.92.30-46;-16.31025432;-72.18997015;-1922614.867;2765455.643;E
6.92.30-46;-16.30972971;-72.19073871;-1922544.182;2765375.326;E
6.92.30-46;-16.31012576;-72.19103946;-1922586.908;2765336.378;E
6.92.30-48; ; ;-1.516416327;20763369.87;E
6.92.30-48;-16.31218071;-72.18887596;-1922853.565;2765555.237;E
6.92.30-48;-16.31145143;-72.18832044;-1922774.911;2765627.151;E
6.92.30-48;-16.31119436;-72.18864949;-1922740.846;2765593.171;E
6.92.30-48;-16.31191965;-72.18920172;-1922819.073;2765521.68;E
6.92.30-49; ; ;-1.516416327;20763369.87;E
6.92.30-49;-16.31247364;-72.18846493;-1922892.816;2765598.035;E
6.92.30-49;-16.3117495;-72.18790827;-1922814.778;2765670.015;E
6.92.30-49;-16.31149755;-72.18824276;-1922781.247;2765635.355;E
6.92.30-49;-16.31222954;-72.18879069;-1922860.31;2765564.265;E
6.92.30-50; ; ;-1.516416327;20763369.87;E
6.92.30-50;-16.31276722;-72.18805168;-1922932.171;2765641.076;E
6.92.30-50;-16.31204161;-72.18749491;-1922853.962;2765713.086;E
6.92.30-50;-16.3118005;-72.18784138;-1922821.555;2765676.937;E
6.92.30-50;-16.31252932;-72.18838131;-1922900.343;2765606.791;E
6.92.30-51; ; ;-1.516416327;20763369.87;E
6.92.30-51;-16.31026911;-72.19317453;-1922577.911;2765093.248;E
6.92.30-51;-16.30956637;-72.1925644;-1922503.022;2765170.998;E
6.92.30-51;-16.30932407;-72.1928784;-1922470.87;2765138.534;E
6.92.30-51;-16.30999572;-72.1935213;-1922541.724;2765057.468;E
6.92.30-53; ; ;-1.516416327;20763369.87;E
6.92.30-53;-16.31084639;-72.19234951;-1922655.44;2765179.286;E
6.92.30-53;-16.31014387;-72.19180487;-1922579.787;2765249.633;E
6.92.30-53;-16.30991497;-72.19212338;-1922549.148;2765216.491;E
6.92.30-53;-16.31059454;-72.1926682;-1922622.114;2765146.412;E
6.92.30-54; ; ;-1.516416327;20763369.87;E
6.92.30-54;-16.31112874;-72.19192699;-1922693.591;2765223.516;E
6.92.30-54;-16.31044894;-72.19141677;-1922620.18;2765289.688;E
6.92.30-54;-16.3101993;-72.19173675;-1922587.097;2765256.64;E
6.92.30-54;-16.31088292;-72.19224529;-1922660.975;2765190.61;E
6.92.30-55; ; ;-1.516416327;20763369.87;E
6.92.30-55;-16.31289548;-72.18942671;-1922930.578;2765484.045;E
6.92.30-55;-16.31222778;-72.18893413;-1922858.372;2765548.073;E
6.92.30-55;-16.31199249;-72.18926602;-1922826.823;2765513.5;E
6.92.30-55;-16.31265562;-72.18975945;-1922898.483;2765449.433;E
6.92.30-56; ; ;-1.516416327;20763369.87;E
6.92.30-56;-16.31320264;-72.18902126;-1922971.428;2765526.033;E
6.92.30-56;-16.31253067;-72.18851815;-1922898.849;2765591.306;E
6.92.30-56;-16.31229321;-72.18885691;-1922866.963;2765555.983;E
6.92.30-56;-16.31295823;-72.18935536;-1922938.784;2765491.325;E
6.92.30-57; ; ;-1.516416327;20763369.87;E
6.92.30-57;-16.31350527;-72.18862512;-1923011.634;2765567.026;E
6.92.30-57;-16.31282299;-72.18810122;-1922938.1;2765634.778;E
6.92.30-57;-16.31258259;-72.18841122;-1922906.218;2765602.744;E
6.92.30-57;-16.31326526;-72.18894619;-1922979.664;2765533.736;E
6.92.31-7; ; ;-1.516416327;20763369.87;E
6.92.31-7;-16.31147844;-72.18640897;-1922801.157;2765842.882;E
6.92.31-7;-16.31073816;-72.18585874;-1922721.151;2765914.337;E
6.92.31-7;-16.31050524;-72.1861877;-1922689.915;2765880.065;E
6.92.31-7;-16.31122304;-72.1867269;-1922767.422;2765810.137;E
6.92.31-8; ; ;-1.516416327;20763369.87;E
6.92.31-8;-16.31176849;-72.18599777;-1922840.076;2765885.735;E
6.92.31-8;-16.31104116;-72.18543804;-1922761.699;2765958.104;E
6.92.31-8;-16.31079879;-72.18578391;-1922729.152;2765922.037;E
6.92.31-8;-16.31152535;-72.18633172;-1922807.581;2765851.027;E
6.92.31-9; ; ;-1.516416327;20763369.87;E
6.92.31-9;-16.31181428;-72.18591393;-1922846.448;2765894.639;E
6.92.31-9;-16.31206486;-72.18556815;-1922879.955;2765930.591;E
6.92.31-9;-16.31148152;-72.18513393;-1922816.918;2765986.972;E
6.92.31-9;-16.31117418;-72.18529712;-1922778.973;2765972.369;E
6.92.31-9;-16.31111922;-72.18537743;-1922771.568;2765963.978;E
6.92.31-10; ; ;-1.516416327;20763369.87;E
6.92.31-10;-16.3122795;-72.18702715;-1922887.457;2765762.985;E
6.92.31-10;-16.31154786;-72.18644705;-1922808.823;2765837.709;E
6.92.31-10;-16.31129705;-72.18678974;-1922775.327;2765802.108;E
6.92.31-10;-16.31204418;-72.18737675;-1922855.69;2765726.41;E
6.92.31-11; ; ;-1.516416327;20763369.87;E
6.92.31-11;-16.31257573;-72.18661278;-1922927.136;2765806.119;E
6.92.31-11;-16.31184069;-72.1860547;-1922847.839;2765878.397;E
6.92.31-11;-16.3115998;-72.18637762;-1922815.741;2765844.908;E
6.92.31-11;-16.31232346;-72.18693572;-1922893.707;2765772.771;E
6.92.31-12; ; ;-1.516416327;20763369.87;E
6.92.31-12;-16.31287116;-72.1861878;-1922966.85;2765850.463;E
6.92.31-12;-16.31213891;-72.18564008;-1922887.754;2765921.535;E
6.92.31-12;-16.31190649;-72.18597143;-1922856.546;2765886.986;E
6.92.31-12;-16.31262169;-72.18651993;-1922933.637;2765816.04;E
6.92.31-13; ; ;-1.516416327;20763369.87;E
6.92.31-13;-16.3131665;-72.18577737;-1923006.378;2765893.162;E
6.92.31-13;-16.31246932;-72.18526288;-1922930.986;2765960.04;E
6.92.31-13;-16.31237555;-72.18526267;-1922920.013;2765961.237;E
6.92.31-13;-16.31219034;-72.18555941;-1922894.749;2765930.01;E
6.92.31-13;-16.31292178;-72.18611027;-1922973.712;2765858.594;E
6.92.31-14; ; ;-1.516416327;20763369.87;E
6.92.31-14;-16.31307307;-72.18763293;-1922973.029;2765684.584;E
6.92.31-14;-16.31235027;-72.18709072;-1922894.973;2765754.914;E
6.92.31-14;-16.31211038;-72.18743371;-1922862.75;2765719.144;E
6.92.31-14;-16.3128198;-72.18797053;-1922939.306;2765649.591;E
6.92.31-15; ; ;-1.516416327;20763369.87;E
6.92.31-15;-16.31336196;-72.1872235;-1923011.789;2765727.252;E
6.92.31-15;-16.31263847;-72.18666978;-1922933.791;2765798.891;E
6.92.31-15;-16.31239399;-72.1870157;-1922900.997;2765762.847;E
6.92.31-15;-16.31312519;-72.18755577;-1922980.061;2765692.655;E
6.92.31-16; ; ;-1.516416327;20763369.87;E
6.92.31-16;-16.31355469;-72.18608813;-1923048.063;2765853.18;E
6.92.31-16;-16.31323772;-72.18584104;-1923013.945;2765885.074;E
6.92.31-16;-16.31268303;-72.18659456;-1922939.916;2765806.836;E
6.92.31-16;-16.31301117;-72.18682814;-1922975.504;2765776.33;E
6.92.31-17; ; ;-1.516416327;20763369.87;E
6.92.31-17;-16.31424297;-72.18597099;-1923130.043;2765857.811;E
6.92.31-17;-16.31350042;-72.18540963;-1923049.906;2765930.554;E
6.92.31-17;-16.31326253;-72.1857355;-1923018.124;2765896.694;E
6.92.31-17;-16.31399964;-72.18630356;-1923097.543;2765823.262;E
6.92.31-18; ; ;-1.516416327;20763369.87;E
6.92.31-18;-16.31379764;-72.18817415;-1923051.303;2765614.345;E
6.92.31-18;-16.31314289;-72.18768933;-1922980.521;2765677.336;E
6.92.31-18;-16.31289483;-72.18802454;-1922947.436;2765642.547;E
6.92.31-18;-16.31357158;-72.1885253;-1923020.602;2765577.48;E
6.92.31-19; ; ;-1.516416327;20763369.87;E
6.92.31-19;-16.31409148;-72.18778132;-1923090.443;2765655.073;E
6.92.31-19;-16.31342903;-72.18727511;-1923019.017;2765720.578;E
6.92.31-19;-16.31318601;-72.18761354;-1922986.483;2765685.364;E
6.92.31-19;-16.31385686;-72.18810167;-1923059.111;2765621.797;E
6.92.31-20; ; ;-1.516416327;20763369.87;E
6.92.31-20;-16.31438964;-72.1873754;-1923130.245;2765697.228;E
6.92.31-20;-16.31372987;-72.18685763;-1923059.273;2765764.006;E
6.92.31-20;-16.31350295;-72.18720539;-1923028.511;2765727.535;E
6.92.31-20;-16.31414935;-72.18769283;-1923098.285;2765664.352;E
6.92.31-21; ; ;-1.516416327;20763369.87;E
6.92.31-21;-16.31471303;-72.18698056;-1923172.869;2765737.813;E
6.92.31-21;-16.31402401;-72.18644519;-1923098.685;2765806.947;E
6.92.31-21;-16.31379159;-72.1867748;-1923067.498;2765772.597;E
6.92.31-21;-16.31446044;-72.1872912;-1923139.55;2765705.859;E
6.92.31-22; ; ;-1.516416327;20763369.87;E
6.92.31-22;-16.31503422;-72.18658735;-1923215.214;2765778.242;E
6.92.31-22;-16.31431966;-72.18605104;-1923138.053;2765847.803;E
6.92.31-22;-16.31407781;-72.18636872;-1923105.905;2765814.919;E
6.92.31-22;-16.31477076;-72.18690947;-1923180.485;2765745.127;E
6.92.31-23; ; ;-1.516416327;20763369.87;E
6.92.31-23;-16.31530308;-72.18617474;-1923251.67;2765821.519;E
6.92.31-23;-16.31457062;-72.18569904;-1923171.68;2765884.452;E
6.92.31-23;-16.31436509;-72.18599132;-1923144.092;2765853.985;E
6.92.31-23;-16.31507568;-72.18650112;-1923221.109;2765787.47;E
6.92.31-48; ; ;-1.516416327;20763369.87;E
6.92.31-48;-16.31439715;-72.18305874;-1923183.273;2766185.074;E
6.92.31-48;-16.31393558;-72.18326964;-1923126.697;2766167.01;E
6.92.31-48;-16.3145869;-72.18376021;-1923197.008;2766103.408;E
6.92.31-48;-16.31485808;-72.18341749;-1923232.892;2766138.756;E
6.92.31-49; ; ;-1.516416327;20763369.87;E
6.92.31-49;-16.31485724;-72.18283755;-1923239.8;2766204.321;E
6.92.31-49;-16.31446492;-72.18302075;-1923191.665;2766188.521;E
6.92.31-49;-16.31489375;-72.18335683;-1923237.801;2766145.166;E
6.92.31-49;-16.31513388;-72.18302693;-1923269.895;2766179.453;E
6.92.31-51; ; ;-1.516416327;20763369.87;E
6.92.31-51;-16.31593073;-72.18365675;-1923355.558;2766098.29;E
6.92.31-51;-16.31519525;-72.18306079;-1923276.668;2766174.858;E
6.92.31-51;-16.3149615;-72.18339924;-1923245.218;2766139.524;E
6.92.31-51;-16.31568751;-72.18399922;-1923322.951;2766062.621;E
6.92.31-53; ; ;-1.516416327;20763369.87;E
6.92.31-53;-16.31614149;-72.18507455;-1923363.098;2765935.39;E
6.92.31-53;-16.31540217;-72.18449706;-1923283.536;2766009.917;E
6.92.31-53;-16.31514809;-72.18483113;-1923249.759;2765975.334;E
6.92.31-53;-16.31587473;-72.18538891;-1923328.076;2765903.193;E
6.92.31-54; ; ;-1.516416327;20763369.87;E
6.92.31-54;-16.31643219;-72.18466549;-1923402.067;2765977.991;E
6.92.31-54;-16.31569004;-72.1841049;-1923321.97;2766050.643;E
6.92.31-54;-16.31544477;-72.1844388;-1923289.227;2766015.969;E
6.92.31-54;-16.31619024;-72.18499119;-1923369.811;2765944.203;E
6.92.31-55; ; ;-1.516416327;20763369.87;E
6.92.31-55;-16.31677134;-72.18428007;-1923446.424;2766017.314;E
6.92.31-55;-16.31598671;-72.18369701;-1923361.625;2766093.038;E
6.92.31-55;-16.31574466;-72.18403506;-1923329.207;2766057.854;E
6.92.31-55;-16.31652043;-72.18460296;-1923413.153;2765983.955;E
6.92.30-2; ; ;-1.516416327;20763369.87;E
6.92.30-2;-16.30634275;-72.18567888;-1922208.827;2765989.634;E
6.92.30-2;-16.30566502;-72.18517045;-1922135.635;2766055.583;E
6.92.30-2;-16.30543911;-72.185493;-1922105.297;2766021.945;E
6.92.30-2;-16.30609762;-72.18599348;-1922176.335;2765957.135;E
6.92.30-3; ; ;-1.516416327;20763369.87;E
6.92.30-3;-16.30685274;-72.18542262;-1922271.618;2766012.225;E
6.92.30-3;-16.30596877;-72.18474308;-1922176.351;2766100.096;E
6.92.30-3;-16.30574954;-72.18507383;-1922146.695;2766065.447;E
6.92.30-3;-16.3066226;-72.18575283;-1922240.691;2765977.776;E
6.92.30-4; ; ;-1.516416327;20763369.87;E
6.92.30-4;-16.30714016;-72.18500454;-1922310.31;2766055.892;E
6.92.30-4;-16.30624105;-72.18431933;-1922213.34;2766144.594;E
6.92.30-4;-16.30602454;-72.18464404;-1922184.075;2766110.594;E
6.92.30-4;-16.30691113;-72.18531732;-1922279.724;2766023.399;E
6.92.30-5; ; ;-1.516416327;20763369.87;E
6.92.30-5;-16.30743975;-72.18458084;-1922350.494;2766100.041;E
6.92.30-5;-16.30654247;-72.18389684;-1922253.725;2766188.583;E
6.92.30-5;-16.30629735;-72.18423968;-1922220.892;2766152.892;E
6.92.30-5;-16.30719302;-72.18491411;-1922317.589;2766065.453;E
6.92.30-6; ; ;-1.516416327;20763369.87;E
6.92.30-6;-16.30773849;-72.18418569;-1922390.236;2766140.974;E
6.92.30-6;-16.30682852;-72.18347323;-1922292.324;2766232.893;E
6.92.30-6;-16.3066053;-72.18381236;-1922262.099;2766197.347;E
6.92.30-6;-16.30749903;-72.18451023;-1922358.286;2766107.283;E
6.92.30-8; ; ;-1.516416327;20763369.87;E
6.92.30-8;-16.30826659;-72.18586546;-1922431.766;2765944.487;E
6.92.30-8;-16.3072217;-72.18506425;-1922319.133;2766048.122;E
6.92.30-8;-16.30698928;-72.18538251;-1922288.085;2766015.052;E
6.92.30-8;-16.30781687;-72.18602733;-1922377.17;2765931.812;E
6.92.30-9; ; ;-1.516416327;20763369.87;E
6.92.30-9;-16.30801303;-72.18553694;-1922406.052;2765984.793;E
6.92.30-9;-16.30823965;-72.18520225;-1922436.621;2766019.794;E
6.92.30-9;-16.30750237;-72.18462015;-1922357.35;2766094.815;E
6.92.30-9;-16.30726902;-72.18496922;-1922325.82;2766058.273;E
6.92.30-12; ; ;-1.516416327;20763369.87;E
6.92.30-12;-16.30880677;-72.18562493;-1922497.9;2765964.922;E
6.92.30-12;-16.30831485;-72.18526155;-1922444.707;2766012.149;E
6.92.30-12;-16.30806894;-72.185598;-1922411.86;2765977.192;E
6.92.30-12;-16.30838809;-72.18583361;-1922446.372;2765946.568;E
6.92.31-4; ; ;-1.516416327;20763369.87;E
6.92.31-4;-16.3091359;-72.18398245;-1922556.263;2766146.472;E
6.92.31-4;-16.30840856;-72.18341482;-1922477.981;2766219.735;E
6.92.31-4;-16.30817786;-72.18373509;-1922447.108;2766186.417;E
6.92.31-4;-16.30890445;-72.18430361;-1922525.292;2766113.063;E
6.92.31-6; ; ;-1.516416327;20763369.87;E
6.92.31-6;-16.31012274;-72.18502436;-1922659.193;2766016.352;E
6.92.31-6;-16.31031739;-72.18488756;-1922683.629;2766029.381;E
6.92.31-6;-16.30919974;-72.18402619;-1922563.208;2766140.73;E
6.92.31-6;-16.30897011;-72.18436768;-1922532.204;2766104.999;E
6.92.31-6;-16.30990839;-72.18509541;-1922633.244;2766011.001;E
6.92.31-24; ; ;-1.516416327;20763369.87;E
6.92.31-24;-16.30922255;-72.1825295;-1922583.955;2766309.633;E
6.92.31-24;-16.30891302;-72.18231065;-1922550.367;2766338.244;E
6.92.31-24;-16.30870813;-72.18258331;-1922523.091;2766309.985;E
6.92.31-24;-16.30902611;-72.18280666;-1922557.614;2766280.76;E
6.92.31-25; ; ;-1.516416327;20763369.87;E
6.92.31-25;-16.309357;-72.18195577;-1922606.625;2766372.807;E
6.92.31-25;-16.30831446;-72.18115054;-1922494.315;2766476.874;E
6.92.31-25;-16.30807179;-72.18149446;-1922461.755;2766441.03;E
6.92.31-25;-16.30911555;-72.18227185;-1922574.543;2766340.097;E
6.92.31-26; ; ;-1.516416327;20763369.87;E
6.92.31-26;-16.30965729;-72.18154854;-1922646.693;2766415.085;E
6.92.31-26;-16.30859264;-72.18071532;-1922532.135;2766522.593;E
6.92.31-26;-16.3083615;-72.18104377;-1922501.112;2766488.355;E
6.92.31-26;-16.30941659;-72.18185838;-1922614.775;2766383.071;E
6.92.31-27; ; ;-1.516416327;20763369.87;E
6.92.31-27;-16.30994931;-72.18112488;-1922685.994;2766459.324;E
6.92.31-27;-16.30887482;-72.18028127;-1922570.41;2766568.129;E
6.92.31-27;-16.30863994;-72.1806176;-1922538.853;2766533.048;E
6.92.31-27;-16.30971263;-72.18145031;-1922654.358;2766425.497;E
6.92.31-28; ; ;-1.516416327;20763369.87;E
6.92.31-28;-16.31031419;-72.1806098;-1922734.929;2766512.985;E
6.92.31-28;-16.30922979;-72.17978406;-1922617.968;2766619.896;E
6.92.31-28;-16.30899855;-72.18011025;-1922586.959;2766585.915;E
6.92.31-28;-16.31008199;-72.18093697;-1922703.796;2766478.905;E
6.92.31-29; ; ;-1.516416327;20763369.87;E
6.92.31-29;-16.31060366;-72.18018065;-1922773.998;2766557.876;E
6.92.31-29;-16.30951175;-72.1793589;-1922656.11;2766664.43;E
6.92.31-29;-16.30927207;-72.17968992;-1922624.055;2766630.008;E
6.92.31-29;-16.3103695;-72.18051647;-1922742.53;2766522.843;E
6.92.31-30; ; ;-1.516416327;20763369.87;E
6.92.31-30;-16.31090381;-72.17976995;-1922814.094;2766600.547;E
6.92.31-30;-16.30978073;-72.17893951;-1922692.664;2766708.475;E
6.92.31-30;-16.30956142;-72.17927824;-1922662.899;2766672.926;E
6.92.31-30;-16.31066191;-72.18010143;-1922781.774;2766566.103;E
6.92.31-32; ; ;-1.516416327;20763369.87;E
6.92.31-32;-16.31015246;-72.18256817;-1922692.339;2766293.63;E
6.92.31-32;-16.30942671;-72.18200852;-1922614.147;2766365.972;E
6.92.31-32;-16.30919851;-72.18232471;-1922583.616;2766333.083;E
6.92.31-32;-16.30991431;-72.18289679;-1922660.493;2766259.462;E
6.92.31-33; ; ;-1.516416327;20763369.87;E
6.92.31-33;-16.31043877;-72.18214351;-1922730.983;2766338.053;E
6.92.31-33;-16.30972426;-72.1816065;-1922653.834;2766407.696;E
6.92.31-33;-16.30949923;-72.18193724;-1922623.496;2766373.123;E
6.92.31-33;-16.31019548;-72.18248438;-1922698.387;2766302.563;E
6.92.31-34; ; ;-1.516416327;20763369.87;E
6.92.31-34;-16.31073615;-72.18172113;-1922770.895;2766382.079;E
6.92.31-34;-16.31001836;-72.18117783;-1922693.438;2766452.474;E
6.92.31-34;-16.30978688;-72.18151106;-1922662.315;2766417.7;E
6.92.31-34;-16.31050654;-72.18205601;-1922739.973;2766347.097;E
6.92.31-35; ; ;-1.516416327;20763369.87;E
6.92.31-35;-16.31109461;-72.18120801;-1922819.054;2766435.599;E
6.92.31-35;-16.31039082;-72.18068149;-1922743.032;2766503.923;E
6.92.31-35;-16.3101513;-72.18100985;-1922711.028;2766469.8;E
6.92.31-35;-16.3108525;-72.18154263;-1922786.672;2766400.802;E
6.92.31-36; ; ;-1.516416327;20763369.87;E
6.92.31-36;-16.3114209;-72.18080899;-1922862.069;2766476.623;E
6.92.31-36;-16.31067774;-72.18025778;-1922781.737;2766548.231;E
6.92.31-36;-16.3104478;-72.18059217;-1922750.782;2766513.306;E
6.92.31-36;-16.31118321;-72.18115508;-1922830.065;2766440.474;E
6.92.31-37; ; ;-1.516416327;20763369.87;E
6.92.31-37;-16.3109817;-72.17983746;-1922822.396;2766591.942;E
6.92.31-37;-16.31074797;-72.18016882;-1922791.033;2766557.408;E
6.92.31-37;-16.31147029;-72.18073879;-1922868.699;2766483.94;E
6.92.31-37;-16.3117102;-72.18038799;-1922901.02;2766520.594;E
6.92.31-38; ; ;-1.516416327;20763369.87;E
6.92.31-38;-16.31191992;-72.18183638;-1922908.07;2766354.242;E
6.92.31-38;-16.31118045;-72.18128466;-1922828.177;2766425.86;E
6.92.31-38;-16.3109427;-72.18161985;-1922796.297;2766390.945;E
6.92.31-38;-16.31166734;-72.18216079;-1922874.585;2766320.731;E
6.92.31-39; ; ;-1.516416327;20763369.87;E
6.92.31-39;-16.31253916;-72.18101686;-1922990.456;2766439.134;E
6.92.31-39;-16.31180511;-72.18046908;-1922911.15;2766510.24;E
6.92.31-39;-16.31156608;-72.18079194;-1922879.27;2766476.734;E
6.92.31-39;-16.31230069;-72.18134402;-1922958.589;2766405.135;E
6.92.31-40; ; ;-1.516416327;20763369.87;E
6.92.31-40;-16.31270392;-72.18246114;-1922992.293;2766273.811;E
6.92.31-40;-16.31198441;-72.1818831;-1922915.054;2766348.155;E
6.92.31-40;-16.31174296;-72.18222126;-1922882.706;2766312.949;E
6.92.31-40;-16.31247448;-72.18276872;-1922961.72;2766241.912;E
6.92.31-41; ; ;-1.516416327;20763369.87;E
6.92.31-41;-16.31302148;-72.18203429;-1923034.622;2766318.089;E
6.92.31-41;-16.31227631;-72.1814872;-1922954.006;2766389.255;E
6.92.31-41;-16.31203546;-72.18181358;-1922921.87;2766355.374;E
6.92.31-41;-16.31278629;-72.18237435;-1923002.983;2766282.591;E
6.92.31-42; ; ;-1.516416327;20763369.87;E
6.92.31-42;-16.31319339;-72.18175858;-1923058.076;2766347.104;E
6.92.31-42;-16.31302486;-72.18141334;-1923042.52;2766388.238;E
6.92.31-42;-16.31258891;-72.18106236;-1922995.73;2766433.368;E
6.92.31-42;-16.31234042;-72.1814053;-1922962.5;2766397.711;E
6.92.31-42;-16.31305031;-72.18196915;-1923038.783;2766325.092;E
6.92.31-44; ; ;-1.516416327;20763369.87;E
6.92.31-44;-16.31372896;-72.18322975;-1923102.993;2766174.104;E
6.92.31-44;-16.31276509;-72.18250563;-1922998.916;2766268.016;E
6.92.31-44;-16.31253329;-72.18282939;-1922967.871;2766234.319;E
6.92.31-44;-16.31333799;-72.18345971;-1923054.449;2766153.001;E
6.92.31-45; ; ;-1.516416327;20763369.87;E
6.92.31-45;-16.31424513;-72.18299698;-1923166.225;2766193.958;E
6.92.31-45;-16.31307766;-72.18210465;-1923040.348;2766309.433;E
6.92.31-45;-16.31284069;-72.18242391;-1923008.752;2766276.309;E
6.92.31-45;-16.31384411;-72.18318381;-1923117.026;2766177.856;E
6.92.31-46; ; ;-1.516416327;20763369.87;E
6.92.31-46;-16.31458366;-72.18284475;-1923207.689;2766206.931;E
6.92.31-46;-16.31434146;-72.18265506;-1923181.631;2766231.403;E
6.92.31-46;-16.31443931;-72.18251702;-1923194.753;2766245.782;E
6.92.31-46;-16.31424886;-72.18238542;-1923174.05;2766263.041;E
6.92.31-46;-16.31414905;-72.18249002;-1923161.103;2766252.466;E
6.92.31-46;-16.31326422;-72.18183883;-1923065.397;2766337.147;E
6.92.31-46;-16.31312942;-72.18202644;-1923047.352;2766317.626;E
6.92.31-46;-16.31434675;-72.18296195;-1923178.542;2766196.646;E
6.92.31-57; ; ;-1.516416327;20763369.87;E
6.92.31-57;-16.31127662;-72.1779737;-1922879.438;2766798.937;E
6.92.31-57;-16.31068258;-72.17753469;-1922815.206;2766855.998;E
6.92.31-57;-16.31047137;-72.17786801;-1922786.454;2766820.96;E
6.92.31-57;-16.31103965;-72.1783108;-1922847.626;2766763.794;E
6.92.31-58; ; ;-1.516416327;20763369.87;E
6.92.31-58;-16.31156165;-72.17754673;-1922917.962;2766843.636;E
6.92.31-58;-16.31097026;-72.17709005;-1922854.254;2766902.662;E
6.92.31-58;-16.31074847;-72.17743768;-1922824.092;2766866.139;E
6.92.31-58;-16.31132115;-72.17788094;-1922885.772;2766808.865;E
6.92.31-59; ; ;-1.516416327;20763369.87;E
6.92.31-59;-16.31185898;-72.17713767;-1922957.711;2766886.157;E
6.92.31-59;-16.31123295;-72.17667091;-1922890.07;2766946.756;E
6.92.31-59;-16.3110151;-72.17699898;-1922860.603;2766912.396;E
6.92.31-59;-16.31162973;-72.17747907;-1922926.749;2766850.433;E
6.92.31-60; ; ;-1.516416327;20763369.87;E
6.92.31-60;-16.31215961;-72.17672877;-1922997.844;2766928.619;E
6.92.31-60;-16.31149623;-72.17623912;-1922926.107;2766992.272;E
6.92.31-60;-16.31126882;-72.17659872;-1922895.141;2766954.467;E
6.92.31-60;-16.311906;-72.17708002;-1922963.912;2766892.086;E
6.92.31-61; ; ;-1.516416327;20763369.87;E
6.92.31-61;-16.3125927;-72.17695901;-1923045.758;2766897.172;E
6.92.31-61;-16.31287371;-72.1765975;-1923083.021;2766934.521;E
6.92.31-61;-16.31185732;-72.17586474;-1922972.9;2767030.076;E
6.92.31-61;-16.31168826;-72.17599764;-1922951.505;2767017.167;E
6.92.31-61;-16.31155745;-72.17616728;-1922934.142;2766999.627;E
6.92.31-62; ; ;-1.516416327;20763369.87;E
6.92.31-62;-16.31223312;-72.17678087;-1923005.819;2766921.809;E
6.92.31-62;-16.31199611;-72.17712388;-1922973.929;2766886;E
6.92.31-62;-16.31270278;-72.17768504;-1923049.87;2766813.721;E
6.92.31-62;-16.31293864;-72.17733772;-1923081.677;2766850.031;E
6.92.31-63; ; ;-1.516416327;20763369.87;E
6.92.31-63;-16.31193788;-72.17719578;-1922966.245;2766878.6;E
6.92.31-63;-16.31170427;-72.17753156;-1922934.841;2766843.567;E
6.92.31-63;-16.31241497;-72.17808672;-1923011.325;2766771.916;E
6.92.31-63;-16.31265067;-72.17774855;-1923043.002;2766807.195;E
6.92.31-64; ; ;-1.516416327;20763369.87;E
6.92.31-64;-16.31196969;-72.17784908;-1922962.073;2766804.352;E
6.92.31-64;-16.31163927;-72.17760719;-1922926.319;2766835.83;E
6.92.31-64;-16.31112227;-72.17835231;-1922856.796;2766758.068;E
6.92.31-64;-16.31148589;-72.17853639;-1922897.135;2766732.709;E
6.92.31-65; ; ;-1.516416327;20763369.87;E
6.92.31-65;-16.31237437;-72.17816293;-1923005.652;2766763.809;E
6.92.31-65;-16.3120306;-72.17790904;-1922968.479;2766796.811;E
6.92.31-65;-16.31157778;-72.17858742;-1922907.275;2766725.791;E
6.92.31-65;-16.31195889;-72.17874093;-1922950.032;2766703.669;E
6.92.31-66; ; ;-1.516416327;20763369.87;E
6.92.31-66;-16.3127737;-72.17846883;-1923048.699;2766724.232;E
6.92.31-66;-16.3124392;-72.17823016;-1923012.428;2766755.398;E
6.92.31-66;-16.31204778;-72.1788063;-1922959.647;2766695.168;E
6.92.31-66;-16.31242645;-72.178973;-1923001.959;2766671.586;E
6.92.31-67; ; ;-1.516416327;20763369.87;E
6.92.31-67;-16.31366508;-72.17721974;-1923168.137;2766854.277;E
6.92.31-67;-16.31293246;-72.1766576;-1923089.172;2766926.992;E
6.92.31-67;-16.31267246;-72.17701699;-1923054.395;2766889.62;E
6.92.31-67;-16.31341114;-72.1775671;-1923134.214;2766818.188;E
6.92.31-68; ; ;-1.516416327;20763369.87;E
6.92.31-68;-16.3144579;-72.17783825;-1923253.469;2766774.438;E
6.92.31-68;-16.31372163;-72.17728099;-1923174.017;2766846.645;E
6.92.31-68;-16.31347129;-72.17763067;-1923140.487;2766810.25;E
6.92.31-68;-16.31422119;-72.17818067;-1923221.621;2766738.692;E
6.92.31-69; ; ;-1.516416327;20763369.87;E
6.92.31-69;-16.31341966;-72.17768074;-1923133.838;2766805.236;E
6.92.31-69;-16.31317422;-72.17802438;-1923100.955;2766769.462;E
6.92.31-69;-16.31392796;-72.17859816;-1923182.251;2766695.168;E
6.92.31-69;-16.31417919;-72.17824486;-1923215.929;2766731.962;E
6.92.31-70; ; ;-1.516416327;20763369.87;E
6.92.31-70;-16.31347377;-72.17837847;-1923131.74;2766725.687;E
6.92.31-70;-16.31313248;-72.17811319;-1923094.996;2766759.945;E
6.92.31-70;-16.31251104;-72.17901485;-1923011.355;2766665.796;E
6.92.31-70;-16.31292881;-72.17917096;-1923058.372;2766642.921;E
6.92.31-71; ; ;-1.516416327;20763369.87;E
6.92.31-71;-16.31385578;-72.17867546;-1923172.868;2766687.334;E
6.92.31-71;-16.31352615;-72.17843075;-1923137.239;2766719.121;E
6.92.31-71;-16.31297768;-72.17921713;-1923063.534;2766637.091;E
6.92.31-71;-16.31337898;-72.17936161;-1923108.763;2766615.737;E
6.92.31-72; ; ;-1.516416327;20763369.87;E
6.92.31-72;-16.31428345;-72.17897047;-1923219.365;2766648.633;E
6.92.31-72;-16.31394131;-72.17873115;-1923182.207;2766679.968;E
6.92.31-72;-16.31345683;-72.17942484;-1923117.112;2766607.616;E
6.92.31-72;-16.31387166;-72.17956141;-1923164.021;2766586.986;E
6.92.31-73; ; ;-1.516416327;20763369.87;E
6.92.31-73;-16.31466572;-72.17926621;-1923260.538;2766610.419;E
6.92.31-73;-16.31433756;-72.17903583;-1923224.908;2766640.568;E
6.92.31-73;-16.31394351;-72.1796035;-1923171.922;2766581.33;E
6.92.31-73;-16.31431439;-72.17975514;-1923213.504;2766559.547;E
6.92.31-74; ; ;-1.516416327;20763369.87;E
6.92.31-74;-16.31424754;-72.17832228;-1923222.995;2766722.354;E
6.92.31-74;-16.31400705;-72.17865546;-1923190.816;2766687.701;E
6.92.31-74;-16.31471614;-72.17916729;-1923267.635;2766620.97;E
6.92.31-74;-16.31496543;-72.17885183;-1923300.629;2766653.509;E
6.92.31-75; ; ;-1.516416327;20763369.87;E
6.92.31-75;-16.31525229;-72.17845889;-1923338.957;2766694.338;E
6.92.31-75;-16.31453034;-72.17790052;-1923261.196;2766766.491;E
6.92.31-75;-16.31430737;-72.17823225;-1923231.086;2766731.784;E
6.92.31-75;-16.31500541;-72.17876847;-1923306.316;2766662.432;E
6.92.31-77; ; ;-1.516416327;20763369.87;E
6.92.31-77;-16.31513823;-72.1794693;-1923313.393;2766581.548;E
6.92.31-77;-16.31534457;-72.17915578;-1923341.336;2766614.406;E
6.92.31-77;-16.31504195;-72.17892418;-1923308.711;2766644.373;E
6.92.31-77;-16.31481678;-72.17924431;-1923278.484;2766611.004;E
6.92.31-78; ; ;-1.516416327;20763369.87;E
6.92.31-78;-16.31444318;-72.17980456;-1923227.982;2766552.349;E
6.92.31-78;-16.31478437;-72.17996036;-1923266.038;2766530.467;E
6.92.31-78;-16.31510664;-72.1795158;-1923309.134;2766576.687;E
6.92.31-78;-16.31478768;-72.17929497;-1923274.467;2766605.642;E
6.92.31-79; ; ;-1.516416327;20763369.87;E
6.92.31-79;-16.31577422;-72.17946437;-1923387.9;2766574.147;E
6.92.31-79;-16.31542984;-72.17923596;-1923350.348;2766604.275;E
6.92.31-79;-16.31488541;-72.18001974;-1923277.147;2766522.491;E
6.92.31-79;-16.31527665;-72.18016241;-1923321.22;2766501.467;E
6.92.31-80; ; ;-1.516416327;20763369.87;E
6.92.31-80;-16.31617364;-72.17977006;-1923430.96;2766534.593;E
6.92.31-80;-16.31584202;-72.17953076;-1923395.034;2766565.793;E
6.92.31-80;-16.31535945;-72.18020581;-1923330.388;2766495.525;E
6.92.31-80;-16.31574155;-72.18036623;-1923373.176;2766472.61;E
6.92.31-81; ; ;-1.516416327;20763369.87;E
6.92.31-81;-16.31657464;-72.18007893;-1923474.167;2766494.66;E
6.92.31-81;-16.31624182;-72.17983361;-1923438.173;2766526.556;E
6.92.31-81;-16.31583438;-72.18042267;-1923383.36;2766465.068;E
6.92.31-81;-16.31622488;-72.18059561;-1923426.98;2766440.632;E
6.92.31-82; ; ;-1.516416327;20763369.87;E
6.92.31-82;-16.31685548;-72.17965943;-1923512.11;2766538.565;E
6.92.31-82;-16.31613525;-72.17910853;-1923434.462;2766609.851;E
6.92.31-82;-16.31589384;-72.17945852;-1923401.973;2766573.311;E
6.92.31-82;-16.31661522;-72.17999786;-1923479.896;2766503.316;E
6.92.31-83; ; ;-1.516416327;20763369.87;E
6.92.31-83;-16.3172626;-72.17997443;-1923555.959;2766497.863;E
6.92.31-83;-16.31692021;-72.17973692;-1923518.75;2766528.995;E
6.92.31-83;-16.31630721;-72.18060873;-1923436.459;2766438.12;E
6.92.31-83;-16.31668657;-72.18077441;-1923478.863;2766414.643;E
6.92.31-84; ; ;-1.516416327;20763369.87;E
6.92.31-84;-16.31766384;-72.18028097;-1923599.222;2766458.189;E
6.92.31-84;-16.31732999;-72.18003005;-1923563.175;2766490.732;E
6.92.31-84;-16.3167743;-72.18082034;-1923488.577;2766408.354;E
6.92.31-84;-16.31716731;-72.18096516;-1923532.831;2766387.065;E
6.92.31-85; ; ;-1.516416327;20763369.87;E
6.92.31-85;-16.31385025;-72.1760777;-1923203.616;2766981.058;E
6.92.31-85;-16.31347738;-72.1759263;-1923161.799;2767002.84;E
6.92.31-85;-16.31322962;-72.17628583;-1923128.45;2766965.299;E
6.92.31-85;-16.31355444;-72.17652343;-1923163.602;2766934.374;E
6.92.31-86; ; ;-1.516416327;20763369.87;E
6.92.31-86;-16.31431867;-72.17628431;-1923255.952;2766951.84;E
6.92.31-86;-16.31392153;-72.17612336;-1923211.409;2766975.006;E
6.92.31-86;-16.31361358;-72.17657008;-1923169.961;2766928.361;E
6.92.31-86;-16.31394535;-72.1768167;-1923205.816;2766896.33;E
6.92.31-87; ; ;-1.516416327;20763369.87;E
6.92.31-87;-16.31481097;-72.17648629;-1923311.139;2766922.846;E
6.92.31-87;-16.31440802;-72.17633008;-1923265.858;2766945.548;E
6.92.31-87;-16.31401447;-72.17687338;-1923213.223;2766889.058;E
6.92.31-87;-16.31435156;-72.1771248;-1923249.643;2766856.418;E
6.92.31-88; ; ;-1.516416327;20763369.87;E
6.92.31-88;-16.3152932;-72.1766817;-1923365.225;2766894.722;E
6.92.31-88;-16.31490046;-72.17653555;-1923321.018;2766916.158;E
6.92.31-88;-16.31442482;-72.17717495;-1923257.612;2766849.832;E
6.92.31-88;-16.31474889;-72.17743044;-1923292.46;2766816.895;E
6.92.31-89; ; ;-1.516416327;20763369.87;E
6.92.31-89;-16.31717948;-72.17750013;-1923576.136;2766778.594;E
6.92.31-89;-16.316784;-72.17733757;-1923531.807;2766801.921;E
6.92.31-89;-16.31601902;-72.17838542;-1923429.596;2766693.046;E
6.92.31-89;-16.3163566;-72.17864093;-1923466.023;2766659.939;E
6.92.31-90; ; ;-1.516416327;20763369.87;E
6.92.31-90;-16.31739404;-72.17891697;-1923584.126;2766615.751;E
6.92.31-90;-16.31665576;-72.17835563;-1923504.49;2766688.445;E
6.92.31-90;-16.31642789;-72.1786806;-1923473.889;2766654.562;E
6.92.31-90;-16.31715006;-72.17924751;-1923551.571;2766581.441;E
6.92.31-91; ; ;-1.516416327;20763369.87;E
6.92.31-91;-16.31824834;-72.17955589;-1923676.404;2766532.836;E
6.92.31-91;-16.31746372;-72.1789612;-1923591.747;2766609.878;E
6.92.31-91;-16.31721722;-72.17928649;-1923558.961;2766576.194;E
6.92.31-91;-16.31799874;-72.17989964;-1923643.032;2766497.103;E
6.92.31-92; ; ;-1.516416327;20763369.87;E
6.92.31-92;-16.31763026;-72.17772632;-1923626.168;2766747.383;E
6.92.31-92;-16.31721997;-72.17754939;-1923580.28;2766772.519;E
6.92.31-92;-16.31671632;-72.17827239;-1923512.585;2766697.095;E
6.92.31-92;-16.31705212;-72.17853825;-1923548.679;2766662.84;E
6.92.31-93; ; ;-1.516416327;20763369.87;E
6.92.31-93;-16.31809691;-72.17880597;-1923667.743;2766619.5;E
6.92.31-93;-16.31736243;-72.17823803;-1923588.632;2766692.893;E
6.92.31-93;-16.31711154;-72.17857412;-1923555.201;2766658.041;E
6.92.31-93;-16.31784684;-72.17914029;-1923634.429;2766584.839;E
6.92.31-94; ; ;-1.516416327;20763369.87;E
6.92.31-94;-16.31809461;-72.17790877;-1923678.318;2766720.947;E
6.92.31-94;-16.31769201;-72.17777107;-1923632.857;2766741.552;E
6.92.31-94;-16.31741042;-72.17815029;-1923595.31;2766702.21;E
6.92.31-94;-16.31775399;-72.17839564;-1923632.561;2766670.175;E
6.92.31-95; ; ;-1.516416327;20763369.87;E
6.92.31-95;-16.31859304;-72.17809594;-1923734.4;2766693.55;E
6.92.31-95;-16.31817343;-72.17796042;-1923686.921;2766714.122;E
6.92.31-95;-16.31781231;-72.1784812;-1923638.354;2766659.774;E
6.92.31-95;-16.31814901;-72.17872955;-1923674.765;2766627.487;E
6.92.31-96; ; ;-1.516416327;20763369.87;E
6.92.31-96;-16.31904417;-72.17832475;-1923784.443;2766662.039;E
6.92.31-96;-16.31865213;-72.1781679;-1923740.448;2766684.676;E
6.92.31-96;-16.31793049;-72.17919015;-1923643.618;2766578.156;E
6.92.31-96;-16.31825663;-72.1794491;-1923678.665;2766544.803;E
6.92.31-97; ; ;-1.516416327;20763369.87;E
6.92.31-97;-16.32022629;-72.17828812;-1923923.259;2766651.381;E
6.92.31-97;-16.31941932;-72.17783902;-1923834.228;2766712.248;E
6.92.31-97;-16.31921271;-72.1782124;-1923805.529;2766672.629;E
6.92.31-97;-16.32002024;-72.17866464;-1923894.589;2766611.4;E
6.92.31-98; ; ;-1.516416327;20763369.87;E
6.92.31-98;-16.32028159;-72.17712921;-1923943.744;2766781.688;E
6.92.31-98;-16.31991918;-72.17692422;-1923903.8;2766809.398;E
6.92.31-98;-16.31947854;-72.17775903;-1923842.127;2766720.548;E
6.92.31-98;-16.3198238;-72.17795349;-1923880.192;2766694.245;E
6.92.31-99; ; ;-1.516416327;20763369.87;E
6.92.31-99;-16.32092526;-72.17693803;-1924021.401;2766795.24;E
6.92.31-99;-16.3201785;-72.17649535;-1923939.34;2766854.629;E
6.92.31-99;-16.31995751;-72.17686411;-1923909.013;2766815.712;E
6.92.31-99;-16.32071902;-72.17729674;-1923992.922;2766757.275;E
6.92.31-100; ; ;-1.516416327;20763369.87;E
6.92.31-100;-16.32092108;-72.17810602;-1924006.791;2766663.266;E
6.92.31-100;-16.32052153;-72.17787877;-1923962.768;2766693.956;E
6.92.31-100;-16.32008547;-72.17869637;-1923901.84;2766606.996;E
6.92.31-100;-16.32049074;-72.17892676;-1923946.495;2766575.88;E
6.92.31-101; ; ;-1.516416327;20763369.87;E
6.92.31-101;-16.32136734;-72.17718958;-1924070.108;2766761.27;E
6.92.31-101;-16.3210001;-72.17699002;-1924029.533;2766788.426;E
6.92.31-101;-16.32057599;-72.17779843;-1923970.115;2766702.356;E
6.92.31-101;-16.32093665;-72.17800749;-1924009.805;2766674.209;E
6.92.32-1; ; ;-1.516416327;20763369.87;E
6.92.32-1;-16.31480131;-72.17352737;-1923345.775;2767257.452;E
6.92.32-1;-16.31529294;-72.17337115;-1923405.214;2767268.957;E
6.92.32-1;-16.31425751;-72.17274201;-1923291.612;2767353.041;E
6.92.32-1;-16.31415007;-72.17279453;-1923278.4;2767348.448;E
6.92.32-2; ; ;-1.516416327;20763369.87;E
6.92.32-2;-16.31521463;-72.1741659;-1923386.439;2767180.096;E
6.92.32-2;-16.31552147;-72.17437911;-1923419.78;2767152.153;E
6.92.32-2;-16.31648462;-72.17406693;-1923536.3;2767175.385;E
6.92.32-2;-16.3153979;-72.17341915;-1923416.921;2767262.217;E
6.92.32-2;-16.31485082;-72.17362154;-1923350.432;2767246.187;E
6.92.32-2;-16.3150281;-72.17398833;-1923366.75;2767202.505;E
6.92.32-3; ; ;-1.516416327;20763369.87;E
6.92.32-3;-16.31643759;-72.1748071;-1923521.847;2767092.304;E
6.92.32-3;-16.31680196;-72.17508661;-1923561.12;2767056.146;E
6.92.32-3;-16.31763242;-72.1747727;-1923662.128;2767081.233;E
6.92.32-3;-16.31656845;-72.17411213;-1923545.566;2767169.226;E
6.92.32-3;-16.31562997;-72.17444144;-1923431.727;2767143.749;E
6.92.32-3;-16.31624385;-72.17465388;-1923501.019;2767112.049;E
6.92.32-4; ; ;-1.516416327;20763369.87;E
6.92.32-4;-16.31764625;-72.17255749;-1923690.53;2767331.472;E
6.92.32-4;-16.31656806;-72.17191913;-1923572.035;2767417.134;E
6.92.32-4;-16.31439545;-72.17273009;-1923307.903;2767352.661;E
6.92.32-4;-16.31539094;-72.17334195;-1923417.039;2767271.031;E
6.92.32-5; ; ;-1.516416327;20763369.87;E
6.92.32-5;-16.31778735;-72.17360902;-1923694.333;2767210.838;E
6.92.32-5;-16.31754114;-72.17269684;-1923676.541;2767317.035;E
6.92.32-5;-16.31549938;-72.17339946;-1923429.038;2767263.172;E
6.92.32-5;-16.31656676;-72.17402393;-1923546.435;2767179.218;E
6.92.32-6; ; ;-1.516416327;20763369.87;E
6.92.32-6;-16.32004009;-72.1739549;-1923953.855;2767143.532;E
6.92.32-6;-16.318924;-72.1732882;-1923831.269;2767232.871;E
6.92.32-6;-16.31665863;-72.17408898;-1923556.402;2767170.714;E
6.92.32-6;-16.31775087;-72.1747441;-1923676.339;2767082.984;E
6.92.32-7; ; ;-1.516416327;20763369.87;E
6.92.32-7;-16.31917234;-72.17533682;-1923835.568;2766998.185;E
6.92.32-7;-16.32120145;-72.17462884;-1924081.653;2767052.807;E
6.92.32-7;-16.32012009;-72.1739847;-1923962.859;2767139.161;E
6.92.32-7;-16.31762367;-72.1748666;-1923659.968;2767070.729;E
6.92.32-7;-16.31893252;-72.17543839;-1923806.267;2766989.706;E
6.92.32-8; ; ;-1.516416327;20763369.87;E
6.92.32-8;-16.32111358;-72.17599102;-1924054.896;2766899.93;E
6.92.32-8;-16.32145095;-72.17599856;-1924094.297;2766894.852;E
6.92.32-8;-16.32168195;-72.17621552;-1924118.713;2766867.436;E
6.92.32-8;-16.32196075;-72.17614488;-1924152.203;2766871.929;E
6.92.32-8;-16.32216431;-72.17578894;-1924180.336;2766909.614;E
6.92.32-8;-16.32271808;-72.17610255;-1924241.367;2766867.231;E
6.92.32-8;-16.32314236;-72.17609911;-1924291.072;2766862.307;E
6.92.32-8;-16.32311501;-72.1763608;-1924284.707;2766833.069;E
6.92.32-8;-16.32388228;-72.17633238;-1924374.864;2766826.673;E
6.92.32-8;-16.32400405;-72.17624066;-1924390.228;2766835.515;E
6.92.32-8;-16.32131723;-72.17469885;-1924094.36;2767043.443;E
6.92.32-8;-16.31907829;-72.17549481;-1923822.649;2766981.504;E
6.92.32-8;-16.32033487;-72.17588174;-1923965.063;2766922.033;E
6.92.32-9; ; ;-1.516416327;20763369.87;E
6.92.32-9;-16.32106855;-72.1713883;-1924105.285;2767420.781;E
6.92.32-9;-16.32019139;-72.1706813;-1924011.155;2767511.687;E
6.92.32-9;-16.31676582;-72.17187642;-1923595.702;2767419.486;E
6.92.32-9;-16.31780913;-72.17249929;-1923710.301;2767336.011;E
6.92.32-10; ; ;-1.516416327;20763369.87;E
6.92.32-10;-16.32206448;-72.17214905;-1924212.669;2767322.311;E
6.92.32-10;-16.32116877;-72.17144895;-1924116.284;2767412.669;E
6.92.32-10;-16.31791296;-72.17256246;-1923721.692;2767327.57;E
6.92.32-10;-16.31902824;-72.17318879;-1923844.673;2767242.803;E
6.92.32-11; ; ;-1.516416327;20763369.87;E
6.92.32-11;-16.32306473;-72.17291443;-1924320.501;2767223.265;E
6.92.32-11;-16.32211543;-72.17218844;-1924218.157;2767317.221;E
6.92.32-11;-16.31915165;-72.17326229;-1923858.231;2767232.95;E
6.92.32-11;-16.32021707;-72.17388648;-1923975.4;2767149.049;E
6.92.32-12; ; ;-1.516416327;20763369.87;E
6.92.32-12;-16.32401458;-72.17365195;-1924422.768;2767128.001;E
6.92.32-12;-16.32312606;-72.17296707;-1924327.042;2767216.547;E
6.92.32-12;-16.32030056;-72.17394955;-1923984.41;2767140.874;E
6.92.32-12;-16.32141314;-72.17458797;-1924106.927;2767054.776;E
6.92.32-13; ; ;-1.516416327;20763369.87;E
6.92.32-13;-16.32575605;-72.17427895;-1924619.038;2767035.315;E
6.92.32-13;-16.32466357;-72.17355556;-1924499.904;2767130.768;E
6.92.32-13;-16.3215587;-72.17465286;-1924123.182;2767045.618;E
6.92.32-13;-16.32271773;-72.17533234;-1924250.639;2766954.297;E
6.92.32-14; ; ;-1.516416327;20763369.87;E
6.92.32-14;-16.32600427;-72.17531664;-1924635.543;2766914.91;E
6.92.32-14;-16.32638995;-72.17464;-1924688.874;2766986.563;E
6.92.32-14;-16.32587567;-72.17432915;-1924632.434;2767028.142;E
6.92.32-14;-16.32283554;-72.17537568;-1924263.906;2766947.923;E
6.92.32-14;-16.32386939;-72.17600695;-1924377.291;2766863.619;E
6.92.32-15; ; ;-1.516416327;20763369.87;E
6.92.32-15;-16.32596686;-72.17539775;-1924630.183;2766906.211;E
6.92.32-15;-16.32394725;-72.17606025;-1924385.761;2766856.619;E
6.92.32-15;-16.3251983;-72.17678396;-1924523.453;2766759.147;E
6.92.32-16; ; ;-1.516416327;20763369.87;E
6.92.32-16;-16.32487538;-72.17336276;-1924527.031;2767149.909;E
6.92.32-16;-16.32448432;-72.17313755;-1924483.978;2767180.264;E
6.92.32-16;-16.32465266;-72.17280847;-1924507.664;2767215.353;E
6.92.32-16;-16.32383413;-72.17238043;-1924417.025;2767273.991;E
6.92.32-16;-16.32363755;-72.17266946;-1924390.517;2767243.782;E
6.92.32-16;-16.32122644;-72.1711732;-1924126.369;2767443.118;E
6.92.32-16;-16.32114333;-72.17132886;-1924114.759;2767426.563;E
6.92.32-16;-16.32411301;-72.17362917;-1924434.567;2767129.344;E
6.92.32-17; ; ;-1.516416327;20763369.87;E
6.92.32-17;-16.32678742;-72.17387144;-1924744.698;2767068.458;E
6.92.32-17;-16.32494297;-72.17336907;-1924534.866;2767148.348;E
6.92.32-17;-16.32476701;-72.17353383;-1924512.275;2767131.928;E
6.92.32-17;-16.32641448;-72.17456737;-1924692.624;2766994.465;E
6.92.35-2; ; ;-1.516416327;20763369.87;E
6.92.35-2;-16.2911221;-72.17416212;-1920566.179;2767481.914;E
6.92.35-2;-16.2910413;-72.17409574;-1920557.521;2767490.429;E
6.92.35-2;-16.28935003;-72.17458814;-1920353.591;2767455.898;E
6.92.35-2;-16.29016113;-72.17532071;-1920439.697;2767362.934;E
6.92.35-3; ; ;-1.516416327;20763369.87;E
6.92.35-3;-16.29119012;-72.17423524;-1920573.259;2767472.797;E
6.92.35-3;-16.29024381;-72.17538353;-1920448.618;2767354.798;E
6.92.35-3;-16.2909384;-72.17602829;-1920522.145;2767273.22;E
6.92.35-3;-16.29189748;-72.17486605;-1920648.449;2767392.634;E
6.92.35-4; ; ;-1.516416327;20763369.87;E
6.92.35-4;-16.29198828;-72.17493624;-1920658.23;2767383.564;E
6.92.35-4;-16.29100271;-72.1761016;-1920528.787;2767264.128;E
6.92.35-4;-16.29171325;-72.17673873;-1920604.274;2767183.214;E
6.92.35-4;-16.29269468;-72.17557837;-1920733.17;2767302.134;E
6.92.35-5; ; ;-1.516416327;20763369.87;E
6.92.35-5;-16.29275795;-72.17564893;-1920739.724;2767293.366;E
6.92.35-5;-16.29178817;-72.17680448;-1920612.25;2767174.843;E
6.92.35-5;-16.29251469;-72.17743855;-1920689.643;2767094.076;E
6.92.35-5;-16.29347208;-72.17629312;-1920815.545;2767211.608;E
6.92.35-6; ; ;-1.516416327;20763369.87;E
6.92.35-6;-16.29354729;-72.17636271;-1920823.509;2767202.799;E
6.92.35-6;-16.29258568;-72.1775118;-1920697.069;2767084.907;E
6.92.35-6;-16.29328089;-72.17816335;-1920770.585;2767002.554;E
6.92.35-6;-16.2942828;-72.17698047;-1920902.15;2767123.763;E
6.92.35-7; ; ;-1.516416327;20763369.87;E
6.92.35-7;-16.29504031;-72.17770562;-1920982.069;2767032.31;E
6.92.35-7;-16.29434287;-72.17707805;-1920908.003;2767111.98;E
6.92.35-7;-16.29336289;-72.1782186;-1920779.516;2766995.283;E
6.92.35-7;-16.29406299;-72.17887828;-1920853.507;2766911.951;E
6.92.35-8; ; ;-1.516416327;20763369.87;E
6.92.35-8;-16.29584193;-72.17842047;-1921067.276;2766941.472;E
6.92.35-8;-16.29511868;-72.1777728;-1920990.433;2767023.735;E
6.92.35-8;-16.29413812;-72.17894236;-1920861.528;2766903.768;E
6.92.35-8;-16.29484013;-72.17956924;-1920936.137;2766824.121;E
6.92.35-9; ; ;-1.516416327;20763369.87;E
6.92.35-9;-16.29659613;-72.17912724;-1921147.029;2766852.14;E
6.92.35-9;-16.29588528;-72.17847509;-1921071.691;2766934.755;E
6.92.35-9;-16.29492312;-72.17962244;-1920945.21;2766817.069;E
6.92.35-9;-16.295624;-72.1802764;-1921019.359;2766734.376;E
6.92.35-10; ; ;-1.516416327;20763369.87;E
6.92.35-10;-16.29738992;-72.17983465;-1921231.408;2766762.242;E
6.92.35-10;-16.29666704;-72.17918913;-1921154.582;2766844.257;E
6.92.35-10;-16.29568804;-72.18034557;-1921026.021;2766725.755;E
6.92.35-10;-16.2964129;-72.18096707;-1921103.369;2766646.433;E
6.92.35-11; ; ;-1.516416327;20763369.87;E
6.92.35-11;-16.29818789;-72.18053419;-1921316.372;2766673.182;E
6.92.35-11;-16.29745577;-72.17988991;-1921238.45;2766755.172;E
6.92.35-11;-16.29647931;-72.18106731;-1921109.933;2766634.269;E
6.92.35-11;-16.29718996;-72.1817174;-1921185.272;2766551.893;E
6.92.35-12; ; ;-1.516416327;20763369.87;E
6.92.35-12;-16.29899787;-72.18122301;-1921402.869;2766585.184;E
6.92.35-12;-16.2982353;-72.18058359;-1921321.326;2766667.004;E
6.92.35-12;-16.29727217;-72.18177922;-1921194.148;2766543.876;E
6.92.35-12;-16.29800601;-72.18243853;-1921272.091;2766460.167;E
6.92.35-13; ; ;-1.516416327;20763369.87;E
6.92.35-13;-16.29985324;-72.18199106;-1921493.724;2766487.662;E
6.92.35-13;-16.29912682;-72.18135744;-1921416.341;2766568.374;E
6.92.35-13;-16.29809572;-72.18253237;-1921281.459;2766448.438;E
6.92.35-13;-16.29884998;-72.18318268;-1921361.9;2766365.493;E
6.92.35-14; ; ;-1.516416327;20763369.87;E
6.92.35-14;-16.30062208;-72.18274542;-1921574.614;2766392.772;E
6.92.35-14;-16.29990243;-72.1820903;-1921498.284;2766475.829;E
6.92.35-14;-16.29890572;-72.18324874;-1921367.627;2766357.327;E
6.92.35-14;-16.29961953;-72.1839174;-1921443.11;2766272.813;E
6.92.35-15; ; ;-1.516416327;20763369.87;E
6.92.35-15;-16.30140263;-72.183439;-1921657.608;2766304.606;E
6.92.35-15;-16.30067192;-72.18280163;-1921579.769;2766385.794;E
6.92.35-15;-16.29969623;-72.18397089;-1921451.442;2766265.808;E
6.92.35-15;-16.30041779;-72.1845921;-1921528.406;2766186.562;E
6.92.35-16; ; ;-1.516416327;20763369.87;E
6.92.35-16;-16.30219838;-72.18414871;-1921742.187;2766214.426;E
6.92.35-16;-16.30145775;-72.18350066;-1921663.316;2766296.946;E
6.92.35-16;-16.30047679;-72.18468043;-1921534.246;2766175.839;E
6.92.35-16;-16.30120684;-72.185332;-1921611.835;2766093.055;E
6.92.35-17; ; ;-1.516416327;20763369.87;E
6.92.35-17;-16.30298825;-72.18483839;-1921826.318;2766126.586;E
6.92.35-17;-16.30225679;-72.18418438;-1921748.593;2766209.664;E
6.92.35-17;-16.30126369;-72.18540934;-1921617.557;2766083.602;E
6.92.35-17;-16.30198365;-72.18601104;-1921694.568;2766006.583;E
6.92.35-18; ; ;-1.516416327;20763369.87;E
6.92.35-18;-16.30303419;-72.18487931;-1921831.201;2766121.387;E
6.92.35-18;-16.30203943;-72.18610727;-1921699.935;2765995.006;E
6.92.35-18;-16.30274311;-72.18673615;-1921774.712;2765915.119;E
6.92.35-18;-16.30376749;-72.1855348;-1921909.123;2766038.119;E
6.92.35-19; ; ;-1.516416327;20763369.87;E
6.92.35-19;-16.30480477;-72.18429583;-1922045.501;2766165.209;E
6.92.35-19;-16.30410774;-72.18366406;-1921971.539;2766245.343;E
6.92.35-19;-16.30309655;-72.18482756;-1921839.125;2766126.457;E
6.92.35-19;-16.3038162;-72.18546274;-1921915.694;2766045.656;E
6.92.35-20; ; ;-1.516416327;20763369.87;E
6.92.35-20;-16.30404439;-72.18357192;-1921965.235;2766256.551;E
6.92.35-20;-16.30333239;-72.18294944;-1921889.408;2766335.821;E
6.92.35-20;-16.30233508;-72.18412421;-1921758.484;2766215.487;E
6.92.35-20;-16.30304373;-72.18475972;-1921833.761;2766134.786;E
6.92.35-21; ; ;-1.516416327;20763369.87;E
6.92.35-21;-16.30253837;-72.18223725;-1921805.063;2766426.26;E
6.92.35-21;-16.30155421;-72.18340843;-1921675.721;2766306.166;E
6.92.35-21;-16.30225033;-72.1840451;-1921749.518;2766225.49;E
6.92.35-21;-16.30325557;-72.18289859;-1921881.03;2766342.53;E
6.92.35-22; ; ;-1.516416327;20763369.87;E
6.92.35-22;-16.3024627;-72.18216998;-1921797.018;2766434.811;E
6.92.35-22;-16.30174751;-72.18154031;-1921720.904;2766514.937;E
6.92.35-22;-16.30076844;-72.18271425;-1921592.123;2766394.466;E
6.92.35-22;-16.30147666;-72.18335019;-1921667.346;2766313.72;E
6.92.35-23; ; ;-1.516416327;20763369.87;E
6.92.35-23;-16.30096533;-72.18084912;-1921637.69;2766602.854;E
6.92.35-23;-16.2999856;-72.18200754;-1921509.018;2766484.145;E
6.92.35-23;-16.30069943;-72.18263893;-1921584.954;2766403.843;E
6.92.35-23;-16.30169363;-72.18148224;-1921715.298;2766522.175;E
6.92.35-24; ; ;-1.516416327;20763369.87;E
6.92.35-24;-16.30015876;-72.18013484;-1921551.9;2766693.688;E
6.92.35-24;-16.29918831;-72.18127678;-1921424.513;2766576.725;E
6.92.35-24;-16.29990639;-72.18190572;-1921500.975;2766496.645;E
6.92.35-24;-16.30088994;-72.1807654;-1921629.877;2766613.261;E
6.92.35-26; ; ;-1.516416327;20763369.87;E
6.92.35-26;-16.29925073;-72.17925941;-1921456.178;2766804.01;E
6.92.35-26;-16.29850845;-72.1786066;-1921377.17;2766887.092;E
6.92.35-26;-16.29756089;-72.17978816;-1921251.984;2766765.361;E
6.92.35-26;-16.29825973;-72.18042386;-1921326.113;2766684.757;E
6.92.35-27; ; ;-1.516416327;20763369.87;E
6.92.35-27;-16.29846391;-72.17855674;-1921372.559;2766893.286;E
6.92.35-27;-16.29773116;-72.1778969;-1921294.751;2766977.044;E
6.92.35-27;-16.29675839;-72.1790801;-1921166.592;2766855.442;E
6.92.35-27;-16.29749547;-72.17974683;-1921244.825;2766770.851;E
6.92.35-28; ; ;-1.516416327;20763369.87;E
6.92.35-28;-16.29697276;-72.17721459;-1921214.212;2767063.665;E
6.92.35-28;-16.2959729;-72.17837109;-1921083.204;2766945.417;E
6.92.35-28;-16.29667498;-72.17902952;-1921157.439;2766862.202;E
6.92.35-28;-16.29767259;-72.17784829;-1921288.482;2766983.272;E
6.92.35-29; ; ;-1.516416327;20763369.87;E
6.92.35-29;-16.29690627;-72.17715444;-1921207.154;2767071.295;E
6.92.35-29;-16.29617919;-72.1765039;-1921129.897;2767153.933;E
6.92.35-29;-16.29521191;-72.17766417;-1921002.657;2767034.852;E
6.92.35-29;-16.29591677;-72.17829365;-1921077.568;2766954.874;E
6.92.35-30; ; ;-1.516416327;20763369.87;E
6.92.35-30;-16.29613223;-72.17644081;-1921125.162;2767161.653;E
6.92.35-30;-16.29542442;-72.17578965;-1921050.168;2767244.12;E
6.92.35-30;-16.29443992;-72.17698802;-1920920.451;2767120.945;E
6.92.35-30;-16.29513016;-72.17760362;-1920993.819;2767042.719;E
6.92.35-31; ; ;-1.516416327;20763369.87;E
6.92.35-31;-16.29462435;-72.17509949;-1920964.844;2767332.151;E
6.92.35-31;-16.29363511;-72.17625616;-1920835.076;2767213.748;E
6.92.35-31;-16.29435073;-72.17689779;-1920911.1;2767132.261;E
6.92.35-31;-16.29533925;-72.17572989;-1921040.919;2767251.941;E
6.92.35-32; ; ;-1.516416327;20763369.87;E
6.92.35-32;-16.29439543;-72.17487989;-1920940.697;2767359.84;E
6.92.35-32;-16.29360997;-72.17466434;-1920851.353;2767394.031;E
6.92.35-32;-16.29284954;-72.17553535;-1920751.818;2767305.062;E
6.92.35-32;-16.29358468;-72.17617204;-1920830.188;2767223.888;E
6.92.35-32;-16.29454867;-72.17502431;-1920956.892;2767341.596;E
6.92.35-33; ; ;-1.516416327;20763369.87;E
6.92.35-33;-16.29248481;-72.17434494;-1920723.495;2767444.209;E
6.92.35-33;-16.2920872;-72.17484876;-1920670.867;2767392.217;E
6.92.35-33;-16.29275497;-72.17544522;-1920741.835;2767316.434;E
6.92.35-33;-16.29349704;-72.17463434;-1920838.494;2767398.834;E
6.92.35-34; ; ;-1.516416327;20763369.87;E
6.92.35-34;-16.29235297;-72.17432307;-1920708.325;2767448.329;E
6.92.35-34;-16.29133348;-72.17404185;-1920592.376;2767492.868;E
6.92.35-34;-16.2912584;-72.17411871;-1920582.659;2767485.117;E
6.92.35-34;-16.29200355;-72.17478085;-1920661.894;2767400.941;E
6.92.35-35; ; ;-1.516416327;20763369.87;E
6.92.35-35;-16.29468484;-72.17496893;-1920973.501;2767346.155;E
6.92.35-35;-16.29543195;-72.17564588;-1921052.784;2767260.28;E
6.92.35-35;-16.29599221;-72.1749615;-1921126.634;2767330.649;E
6.92.35-36; ; ;-1.516416327;20763369.87;E
6.92.35-36;-16.29730773;-72.17501361;-1921280.002;2767308.308;E
6.92.35-36;-16.29721919;-72.17495125;-1921270.391;2767316.465;E
6.92.35-36;-16.29614512;-72.17495228;-1921144.645;2767329.779;E
6.92.35-36;-16.29551148;-72.17572327;-1921061.16;2767250.536;E
6.92.35-36;-16.29620816;-72.17634862;-1921135.163;2767171.126;E
6.92.35-37; ; ;-1.516416327;20763369.87;E
6.92.35-37;-16.29809066;-72.17575051;-1921362.754;2767215.207;E
6.92.35-37;-16.29737303;-72.17510184;-1921286.58;2767297.516;E
6.92.35-37;-16.29626691;-72.17642199;-1921141.155;2767162.097;E
6.92.35-37;-16.29699558;-72.17704407;-1921218.942;2767082.656;E
6.92.35-38; ; ;-1.516416327;20763369.87;E
6.92.35-38;-16.29813605;-72.17581403;-1921367.3;2767207.458;E
6.92.35-38;-16.29705886;-72.17711136;-1921225.537;2767074.258;E
6.92.35-38;-16.29776344;-72.17774241;-1921300.395;2766994.106;E
6.92.35-38;-16.29887974;-72.17645162;-1921446.656;2767126.076;E
6.92.35-39; ; ;-1.516416327;20763369.87;E
6.92.35-39;-16.29966969;-72.1771454;-1921530.75;2767037.765;E
6.92.35-39;-16.29893256;-72.17648818;-1921452.398;2767121.283;E
6.92.35-39;-16.29781996;-72.17780862;-1921306.211;2766985.914;E
6.92.35-39;-16.2985604;-72.1784461;-1921385.19;2766904.587;E
6.92.35-40; ; ;-1.516416327;20763369.87;E
6.92.35-40;-16.30042902;-72.17786108;-1921610.994;2766947.359;E
6.92.35-40;-16.29972506;-72.17723003;-1921536.21;2767027.504;E
6.92.35-40;-16.29861976;-72.17850219;-1921391.461;2766897.504;E
6.92.35-40;-16.29933988;-72.17916502;-1921467.754;2766813.566;E
6.92.35-41; ; ;-1.516416327;20763369.87;E
6.92.35-41;-16.30123224;-72.17858677;-1921696.255;2766855.276;E
6.92.35-41;-16.30049907;-72.1779259;-1921618.411;2766939.156;E
6.92.35-41;-16.29940826;-72.17921863;-1921475.111;2766806.651;E
6.92.35-41;-16.30011736;-72.17986448;-1921550.319;2766724.77;E
6.92.35-42; ; ;-1.516416327;20763369.87;E
6.92.35-42;-16.30137867;-72.1787205;-1921711.78;2766838.326;E
6.92.35-42;-16.30025946;-72.17998426;-1921565.505;2766709.452;E
6.92.35-42;-16.30098808;-72.18064805;-1921642.782;2766625.301;E
6.92.35-42;-16.30208541;-72.1793543;-1921786.856;2766757.837;E
6.92.35-43; ; ;-1.516416327;20763369.87;E
6.92.35-43;-16.3021563;-72.17941696;-1921794.397;2766749.867;E
6.92.35-43;-16.30104785;-72.18073516;-1921648.726;2766614.705;E
6.92.35-43;-16.30176985;-72.18137037;-1921725.57;2766533.869;E
6.92.35-43;-16.30287569;-72.18007153;-1921870.702;2766666.872;E
6.92.35-44; ; ;-1.516416327;20763369.87;E
6.92.35-44;-16.30368741;-72.18075194;-1921957.503;2766579.803;E
6.92.35-44;-16.30294948;-72.18011268;-1921878.843;2766661.298;E
6.92.35-44;-16.3018497;-72.18144923;-1921733.966;2766523.956;E
6.92.35-44;-16.3025449;-72.18208148;-1921807.708;2766443.789;E
6.92.35-45; ; ;-1.516416327;20763369.87;E
6.92.35-45;-16.30445065;-72.18147705;-1922038.088;2766488.287;E
6.92.35-45;-16.30373493;-72.18082127;-1921962.228;2766571.371;E
6.92.35-45;-16.3026149;-72.18211943;-1921815.444;2766438.623;E
6.92.35-45;-16.30334079;-72.18278534;-1921892.373;2766354.268;E
6.92.35-46; ; ;-1.516416327;20763369.87;E
6.92.35-46;-16.30521971;-72.18221156;-1922119.241;2766395.636;E
6.92.35-46;-16.30448841;-72.18156012;-1922041.505;2766478.424;E
6.92.35-46;-16.30340429;-72.18285636;-1921898.949;2766345.445;E
6.92.35-46;-16.30411418;-72.18349869;-1921974.289;2766263.956;E
6.92.35-47; ; ;-1.516416327;20763369.87;E
6.92.35-47;-16.30601918;-72.18290477;-1922204.452;2766307.275;E
6.92.35-47;-16.30527435;-72.18226929;-1922124.94;2766388.427;E
6.92.35-47;-16.30419477;-72.18356507;-1921982.921;2766255.445;E
6.92.35-47;-16.30489174;-72.18419866;-1922056.854;2766175.106;E
6.92.35-48; ; ;-1.516416327;20763369.87;E
6.92.35-48;-16.30670756;-72.18203887;-1922295.488;2766396.551;E
6.92.35-48;-16.30600296;-72.1814065;-1922220.648;2766476.849;E
6.92.35-48;-16.30538057;-72.18216557;-1922138.626;2766398.824;E
6.92.35-48;-16.30608342;-72.18280015;-1922213.235;2766318.298;E
6.92.35-49; ; ;-1.516416327;20763369.87;E
6.92.35-49;-16.30593813;-72.18135663;-1922213.662;2766483.297;E
6.92.35-49;-16.30521133;-72.18069824;-1922136.537;2766566.816;E
6.92.35-49;-16.30460165;-72.18144258;-1922056.181;2766490.296;E
6.92.35-49;-16.3053136;-72.18208612;-1922131.747;2766408.643;E
6.92.35-50; ; ;-1.516416327;20763369.87;E
6.92.35-50;-16.30515276;-72.18063083;-1922130.495;2766575.169;E
6.92.35-50;-16.30443666;-72.17999702;-1922054.325;2766655.775;E
6.92.35-50;-16.3038205;-72.18072589;-1921973.397;2766581.084;E
6.92.35-50;-16.30452573;-72.18135589;-1922048.34;2766501.044;E
6.92.35-51; ; ;-1.516416327;20763369.87;E
6.92.35-51;-16.30436733;-72.17992683;-1922047.057;2766664.577;E
6.92.35-51;-16.30365124;-72.17929612;-1921970.851;2766744.832;E
6.92.35-51;-16.30304534;-72.18003452;-1921891.008;2766668.935;E
6.92.35-51;-16.30374718;-72.18066793;-1921965.513;2766588.552;E
6.92.35-52; ; ;-1.516416327;20763369.87;E
6.92.35-52;-16.30358947;-72.17922662;-1921964.46;2766753.461;E
6.92.35-52;-16.30286335;-72.17856799;-1921887.416;2766837.001;E
6.92.35-52;-16.30225292;-72.179312;-1921806.975;2766760.525;E
6.92.35-52;-16.30296175;-72.17995758;-1921882.152;2766678.679;E
6.92.35-53; ; ;-1.516416327;20763369.87;E
6.92.35-53;-16.30194114;-72.17770934;-1921789.834;2766945.604;E
6.92.35-53;-16.30122784;-72.17707072;-1921714.049;2767026.722;E
6.92.35-53;-16.3005908;-72.17780626;-1921630.593;2766951.534;E
6.92.35-53;-16.30131264;-72.17845683;-1921707.234;2766868.96;E
6.92.35-54; ; ;-1.516416327;20763369.87;E
6.92.35-54;-16.30115129;-72.17701824;-1921705.722;2767033.611;E
6.92.35-54;-16.3004397;-72.17637155;-1921630.234;2767115.621;E
6.92.35-54;-16.2998122;-72.17711232;-1921547.832;2767039.722;E
6.92.35-54;-16.30053191;-72.17775738;-1921624.29;2766957.796;E
6.92.35-55; ; ;-1.516416327;20763369.87;E
6.92.35-55;-16.29965141;-72.17565645;-1921546.593;2767206.323;E
6.92.35-55;-16.29904035;-72.17640563;-1921466.014;2767129.267;E
6.92.35-55;-16.29975074;-72.17703551;-1921541.564;2767049.174;E
6.92.35-55;-16.30037618;-72.1762934;-1921623.742;2767125.25;E
6.92.35-56; ; ;-1.516416327;20763369.87;E
6.92.35-56;-16.29959744;-72.17560152;-1921540.938;2767213.208;E
6.92.35-56;-16.29885757;-72.17498667;-1921461.755;2767291.972;E
6.92.35-56;-16.29825888;-72.17569659;-1921383.096;2767219.199;E
6.92.35-56;-16.29896936;-72.17632709;-1921458.652;2767139.034;E
6.92.35-57; ; ;-1.516416327;20763369.87;E
6.92.35-57;-16.29841042;-72.17497152;-1921409.593;2767299.277;E
6.92.35-57;-16.29747763;-72.17497946;-1921300.303;2767310.044;E
6.92.35-57;-16.2981836;-72.17561231;-1921375.302;2767229.669;E
6.92.35-57;-16.29865391;-72.17505197;-1921437.125;2767287.136;E
6.92.35-59; ; ;-1.516416327;20763369.87;E
6.92.35-59;-16.30141147;-72.17493322;-1921761.363;2767266.073;E
6.92.35-59;-16.30023518;-72.1750183;-1921622.638;2767271.167;E
6.92.35-59;-16.29980932;-72.17550998;-1921566.847;2767220.907;E
6.92.35-59;-16.30051065;-72.17614221;-1921641.309;2767140.661;E
6.92.35-59;-16.30147784;-72.17498157;-1921768.548;2767259.777;E
6.92.35-60; ; ;-1.516416327;20763369.87;E
6.92.35-60;-16.30227024;-72.17569718;-1921852.663;2767168.965;E
6.92.35-60;-16.3015481;-72.17506025;-1921775.823;2767250.004;E
6.92.35-60;-16.30058552;-72.17620858;-1921649.272;2767132.221;E
6.92.35-60;-16.30128664;-72.17686048;-1921723.471;2767049.754;E
6.92.35-61; ; ;-1.516416327;20763369.87;E
6.92.35-61;-16.30233538;-72.17575067;-1921859.642;2767162.103;E
6.92.35-61;-16.30136335;-72.17693846;-1921731.509;2767039.979;E
6.92.35-61;-16.30206427;-72.17756742;-1921805.961;2766960.108;E
6.92.35-61;-16.3030445;-72.1764004;-1921934.804;2767079.781;E
6.92.35-62; ; ;-1.516416327;20763369.87;E
6.92.35-62;-16.30321218;-72.17653895;-1921952.759;2767062.02;E
6.92.35-62;-16.30223467;-72.17770404;-1921824.259;2766942.533;E
6.92.35-62;-16.30295071;-72.17833428;-1921900.466;2766862.328;E
6.92.35-62;-16.30391715;-72.17718737;-1922027.45;2766979.899;E
6.92.35-63; ; ;-1.516416327;20763369.87;E
6.92.35-63;-16.30471007;-72.17789684;-1922111.698;2766889.775;E
6.92.35-63;-16.30396872;-72.1772382;-1922032.872;2766973.507;E
6.92.35-63;-16.30301536;-72.17838903;-1921907.372;2766855.331;E
6.92.35-63;-16.30372168;-72.17905532;-1921982.005;2766771.173;E
6.92.35-64; ; ;-1.516416327;20763369.87;E
6.92.35-64;-16.30548468;-72.17861207;-1922193.733;2766799.232;E
6.92.35-64;-16.30477774;-72.17796436;-1922118.803;2766881.296;E
6.92.35-64;-16.30380924;-72.1791372;-1921991.266;2766760.822;E
6.92.35-64;-16.30450485;-72.17978426;-1922064.877;2766678.974;E
6.92.35-65; ; ;-1.516416327;20763369.87;E
6.92.35-65;-16.30554756;-72.17869039;-1922200.147;2766789.591;E
6.92.35-65;-16.30456915;-72.17983527;-1922071.788;2766672.403;E
6.92.35-65;-16.30527941;-72.18047556;-1922147.196;2766591.138;E
6.92.35-65;-16.30626796;-72.17930739;-1922277.023;2766710.83;E
6.92.35-66; ; ;-1.516416327;20763369.87;E
6.92.35-66;-16.30704496;-72.18001968;-1922359.372;2766620.59;E
6.92.35-66;-16.3063295;-72.17938602;-1922283.276;2766701.171;E
6.92.35-66;-16.30535843;-72.18052199;-1922155.885;2766584.901;E
6.92.35-66;-16.3060747;-72.18118188;-1922231.759;2766501.345;E
6.92.35-67; ; ;-1.516416327;20763369.87;E
6.92.35-67;-16.30780541;-72.18073621;-1922439.732;2766530.078;E
6.92.35-67;-16.30711204;-72.18007998;-1922366.496;2766612.935;E
6.92.35-67;-16.3061467;-72.18125811;-1922239.267;2766491.826;E
6.92.35-67;-16.30685368;-72.18188626;-1922314.436;2766411.975;E
6.92.35-68; ; ;-1.516416327;20763369.87;E
6.92.35-68;-16.30885046;-72.17948293;-1922577.203;2766658.681;E
6.92.35-68;-16.30814477;-72.17885713;-1922502.157;2766738.253;E
6.92.35-68;-16.30718268;-72.18000775;-1922375.638;2766620.217;E
6.92.35-68;-16.30789548;-72.18066395;-1922451.15;2766537.12;E
6.92.35-69; ; ;-1.516416327;20763369.87;E
6.92.35-69;-16.3073629;-72.17817749;-1922418.844;2766824.865;E
6.92.35-69;-16.30640984;-72.17931373;-1922293.554;2766708.339;E
6.92.35-69;-16.30711505;-72.17995029;-1922368.415;2766627.558;E
6.92.35-69;-16.30807464;-72.17879035;-1922494.755;2766746.68;E
6.92.35-70; ; ;-1.516416327;20763369.87;E
6.92.35-70;-16.3073356;-72.17807643;-1922416.869;2766836.631;E
6.92.35-70;-16.30661238;-72.17743073;-1922340.011;2766918.673;E
6.92.35-70;-16.30562361;-72.17860161;-1922210.123;2766798.676;E
6.92.35-70;-16.30633307;-72.17924605;-1922285.386;2766716.95;E
6.92.35-71; ; ;-1.516416327;20763369.87;E
6.92.35-71;-16.30651406;-72.17737397;-1922329.187;2766926.32;E
6.92.35-71;-16.30581288;-72.17673466;-1922254.832;2767007.364;E
6.92.35-71;-16.30484238;-72.17790087;-1922127.137;2766887.665;E
6.92.35-71;-16.30555637;-72.17853589;-1922203.046;2766806.947;E
6.92.35-72; ; ;-1.516416327;20763369.87;E
6.92.35-72;-16.30573975;-72.17666781;-1922247.078;2767015.836;E
6.92.35-72;-16.3050301;-72.17602917;-1922171.723;2767096.911;E
6.92.35-72;-16.30404829;-72.17718624;-1922042.814;2766978.387;E
6.92.35-72;-16.30476592;-72.17781477;-1922119.227;2766898.355;E
6.92.35-73; ; ;-1.516416327;20763369.87;E
6.92.35-73;-16.30424005;-72.17530928;-1922087.936;2767188.177;E
6.92.35-73;-16.30324694;-72.17645448;-1921957.848;2767071.135;E
6.92.35-73;-16.30398903;-72.17712008;-1922036.676;2766986.607;E
6.92.35-73;-16.3049724;-72.17595356;-1922165.882;2767106.18;E
6.92.35-74; ; ;-1.516416327;20763369.87;E
6.92.35-74;-16.30299146;-72.1749894;-1921945.639;2767239.959;E
6.92.35-74;-16.30242442;-72.17566005;-1921871.16;2767171.233;E
6.92.35-74;-16.30310419;-72.17631357;-1921942.84;2767088.85;E
6.92.35-74;-16.30404376;-72.17521059;-1922066.15;2767201.789;E
6.92.35-75; ; ;-1.516416327;20763369.87;E
6.92.35-75;-16.30232324;-72.17560647;-1921859.963;2767178.557;E
6.92.35-75;-16.30283451;-72.1749835;-1921927.339;2767242.589;E
6.92.35-75;-16.30181361;-72.17499454;-1921807.698;2767254.11;E
6.92.35-75;-16.30172316;-72.17508987;-1921795.958;2767244.465;E
6.92.35-76; ; ;-1.516416327;20763369.87;E
6.92.35-76;-16.30616784;-72.17616988;-1922303.206;2767066.77;E
6.92.35-76;-16.30589965;-72.17591814;-1922274.853;2767098.584;E
6.92.35-76;-16.30580101;-72.17599241;-1922262.41;2767091.422;E
6.92.35-76;-16.30535073;-72.17567075;-1922213.586;2767133.418;E
6.92.35-76;-16.30510417;-72.17595747;-1922181.259;2767104.09;E
6.92.35-76;-16.30579905;-72.17658988;-1922254.962;2767023.904;E
6.92.35-77; ; ;-1.516416327;20763369.87;E
6.92.35-77;-16.30380568;-72.17468395;-1922044.643;2767264.305;E
6.92.35-77;-16.3042605;-72.17497025;-1922094.426;2767226.249;E
6.92.35-77;-16.30505419;-72.17432991;-1922195.072;2767288.71;E
6.92.35-79; ; ;-1.516416327;20763369.87;E
6.92.35-79;-16.30559963;-72.17540083;-1922245.984;2767160.819;E
6.92.35-79;-16.30588959;-72.17516045;-1922282.83;2767184.367;E
6.92.35-79;-16.30560016;-72.17476872;-1922253.683;2767232.272;E
6.92.35-79;-16.30504984;-72.1752298;-1922183.69;2767187.032;E
6.92.35-79;-16.30549411;-72.17541781;-1922233.425;2767160.219;E
6.92.35-80; ; ;-1.516416327;20763369.87;E
6.92.35-80;-16.30656147;-72.17609813;-1922350.151;2767069.957;E
6.92.35-80;-16.30595277;-72.17526596;-1922288.951;2767171.648;E
6.92.35-80;-16.30563633;-72.17549676;-1922249.12;2767149.515;E
6.92.35-80;-16.30600115;-72.17595476;-1922286.293;2767093.174;E
6.92.35-80;-16.30640036;-72.17621521;-1922329.878;2767058.737;E
6.92.35-81; ; ;-1.516416327;20763369.87;E
6.92.35-81;-16.30692812;-72.17686399;-1922383.818;2766978.791;E
6.92.35-81;-16.30703688;-72.17696362;-1922395.345;2766966.167;E
6.92.35-81;-16.30714282;-72.1768362;-1922409.286;2766979.246;E
6.92.35-81;-16.30662718;-72.1762314;-1922356.233;2767054.069;E
6.92.35-81;-16.30644506;-72.17638464;-1922333.063;2767039.024;E
6.92.35-81;-16.30623323;-72.17621762;-1922310.283;2767060.555;E
6.92.35-81;-16.30586302;-72.17667156;-1922261.463;2767013.87;E
6.92.35-81;-16.30658764;-72.17728715;-1922338.849;2766935.213;E
6.92.35-82; ; ;-1.516416327;20763369.87;E
6.92.35-82;-16.30796663;-72.17727433;-1922500.427;2766919.411;E
6.92.35-82;-16.30761213;-72.17698801;-1922462.39;2766956.214;E
6.92.35-82;-16.30749257;-72.17709428;-1922447.11;2766945.696;E
6.92.35-82;-16.30716536;-72.17687638;-1922411.439;2766974.423;E
6.92.35-82;-16.30705493;-72.1769789;-1922397.274;2766964.214;E
6.92.35-82;-16.30698694;-72.17698929;-1922389.19;2766963.89;E
6.92.35-82;-16.30667011;-72.17736486;-1922347.565;2766925.397;E
6.92.35-82;-16.30738172;-72.17800251;-1922423.161;2766844.41;E
6.92.35-83; ; ;-1.516416327;20763369.87;E
6.92.35-83;-16.3087778;-72.1779796;-1922586.861;2766829.535;E
6.92.35-83;-16.30798882;-72.17741302;-1922501.349;2766903.455;E
6.92.35-83;-16.30746185;-72.17807488;-1922431.666;2766835.227;E
6.92.35-83;-16.30814967;-72.1787058;-1922504.559;2766755.299;E
6.92.35-84; ; ;-1.516416327;20763369.87;E
6.92.35-84;-16.30955392;-72.17868214;-1922669.224;2766740.406;E
6.92.35-84;-16.30922699;-72.17841633;-1922634.165;2766774.545;E
6.92.35-84;-16.3092816;-72.1783512;-1922641.345;2766781.225;E
6.92.35-84;-16.30883067;-72.17804744;-1922592.229;2766821.204;E
6.92.35-84;-16.30822383;-72.17879895;-1922512.115;2766743.841;E
6.92.35-84;-16.30895854;-72.17942411;-1922590.565;2766663.98;E
6.92.35-85; ; ;-1.516416327;20763369.87;E
6.92.35-85;-16.30951925;-72.1783052;-1922669.719;2766783.451;E
6.92.35-85;-16.30978985;-72.17860049;-1922697.827;2766746.684;E
6.92.35-85;-16.3098736;-72.17853673;-1922708.401;2766752.844;E
6.92.35-85;-16.3093942;-72.17788261;-1922660.187;2766832.787;E
6.92.35-85;-16.30910222;-72.17811645;-1922623.183;2766810.005;E
6.92.35-85;-16.30935748;-72.17844279;-1922649.12;2766769.921;E
6.92.35-86; ; ;-1.516416327;20763369.87;E
6.92.35-86;-16.30933836;-72.1777862;-1922654.816;2766844.385;E
6.92.35-86;-16.3090406;-72.17738868;-1922624.762;2766893.047;E
6.92.35-86;-16.30861167;-72.17776429;-1922570.015;2766855.952;E
6.92.35-86;-16.30891974;-72.17809899;-1922602.033;2766814.263;E
6.92.35-87; ; ;-1.516416327;20763369.87;E
6.92.35-87;-16.30898288;-72.17730889;-1922618.97;2766902.79;E
6.92.35-87;-16.30867907;-72.17689886;-1922588.361;2766952.943;E
6.92.35-87;-16.30814063;-72.17735007;-1922519.88;2766908.672;E
6.92.35-87;-16.30843669;-72.17771374;-1922550.143;2766863.857;E
6.92.35-88; ; ;-1.516416327;20763369.87;E
6.92.35-88;-16.30833933;-72.17642881;-1922554.271;2767010.331;E
6.92.35-88;-16.30768239;-72.17695229;-1922471.045;2766959.372;E
6.92.35-88;-16.30800276;-72.17730016;-1922504.344;2766916.039;E
6.92.35-88;-16.30863507;-72.17681769;-1922584.191;2766962.669;E
6.92.35-89; ; ;-1.516416327;20763369.87;E
6.92.35-89;-16.30797232;-72.17593626;-1922517.261;2767070.604;E
6.92.35-89;-16.30709364;-72.17663823;-1922405.921;2767002.242;E
6.92.35-89;-16.30725603;-72.17685426;-1922422.32;2766975.789;E
6.92.35-89;-16.30739178;-72.17698808;-1922436.594;2766958.962;E
6.92.35-89;-16.30826705;-72.17632673;-1922547.044;2767022.775;E
6.92.35-90; ; ;-1.516416327;20763369.87;E
6.92.35-90;-16.3076126;-72.17542729;-1922481.302;2767132.643;E
6.92.35-90;-16.30673495;-72.17613837;-1922369.972;2767063.238;E
6.92.35-90;-16.30704336;-72.17654744;-1922401.132;2767013.135;E
6.92.35-90;-16.30792276;-72.17585585;-1922512.431;2767080.315;E
6.92.35-91; ; ;-1.516416327;20763369.87;E
6.92.35-91;-16.30725824;-72.17496093;-1922445.456;2767189.798;E
6.92.35-91;-16.3063889;-72.17565878;-1922335.259;2767121.783;E
6.92.35-91;-16.30667155;-72.1760608;-1922363.488;2767072.799;E
6.92.35-91;-16.30756173;-72.17535901;-1922476.172;2767140.998;E
6.92.35-92; ; ;-1.516416327;20763369.87;E
6.92.35-92;-16.30692313;-72.17447956;-1922412.043;2767248.409;E
6.92.35-92;-16.30603033;-72.17516091;-1922299.3;2767182.554;E
6.92.35-92;-16.30632617;-72.17557699;-1922328.903;2767131.814;E
6.92.35-92;-16.30720864;-72.1748833;-1922440.587;2767199.194;E
6.92.35-95; ; ;-1.516416327;20763369.87;E
6.92.35-95;-16.30771418;-72.17349781;-1922516.509;2767349.497;E
6.92.35-95;-16.30659533;-72.17386426;-1922381.106;2767322.07;E
6.92.35-95;-16.30693737;-72.17433844;-1922415.416;2767264.185;E
6.92.35-95;-16.307815;-72.17363334;-1922526.673;2767332.913;E
6.92.35-96; ; ;-1.516416327;20763369.87;E
6.92.35-96;-16.30788612;-72.17372671;-1922533.87;2767321.469;E
6.92.35-96;-16.30700131;-72.17442387;-1922421.868;2767253.727;E
6.92.35-96;-16.30729715;-72.1748102;-1922451.831;2767206.351;E
6.92.35-96;-16.30818325;-72.17409634;-1922564.186;2767275.964;E
6.92.35-97; ; ;-1.516416327;20763369.87;E
6.92.35-97;-16.30823193;-72.17421389;-1922568.463;2767262.066;E
6.92.35-97;-16.30736224;-72.17491045;-1922458.24;2767194.203;E
6.92.35-97;-16.30764575;-72.17528894;-1922486.854;2767147.868;E
6.92.35-97;-16.30853274;-72.17461005;-1922598.889;2767213.517;E
6.92.35-98; ; ;-1.516416327;20763369.87;E
6.92.35-98;-16.30860539;-72.17469643;-1922606.349;2767202.842;E
6.92.35-98;-16.30771656;-72.17538975;-1922493.924;2767135.586;E
6.92.35-98;-16.30799987;-72.17577817;-1922522.395;2767088.131;E
6.92.35-98;-16.30889162;-72.17507594;-1922635.269;2767156.358;E
6.92.35-99; ; ;-1.516416327;20763369.87;E
6.92.35-99;-16.30894833;-72.17517454;-1922640.717;2767144.503;E
6.92.35-99;-16.30806068;-72.17586255;-1922528.495;2767077.832;E
6.92.35-99;-16.30835211;-72.17627027;-1922557.682;2767028.093;E
6.92.35-99;-16.30924097;-72.17556853;-1922670.212;2767096.301;E
6.92.35-100; ; ;-1.516416327;20763369.87;E
6.92.35-100;-16.30930717;-72.17565182;-1922676.954;2767086.057;E
6.92.35-100;-16.30842777;-72.17636757;-1922565.364;2767016.147;E
6.92.35-100;-16.30870337;-72.17674128;-1922593.11;2766970.452;E
6.92.35-100;-16.30958985;-72.17605532;-1922705.169;2767036.906;E
6.92.35-101; ; ;-1.516416327;20763369.87;E
6.92.35-101;-16.30965176;-72.17615027;-1922711.269;2767025.397;E
6.92.35-101;-16.30877222;-72.17683579;-1922600.028;2766958.908;E
6.92.35-101;-16.30906471;-72.17723129;-1922629.488;2766910.538;E
6.92.35-101;-16.30993529;-72.17654536;-1922739.685;2766977.187;E
6.92.35-102; ; ;-1.516416327;20763369.87;E
6.92.35-102;-16.31000233;-72.17663924;-1922746.397;2766965.735;E
6.92.35-102;-16.30912717;-72.17732976;-1922635.609;2766898.625;E
6.92.35-102;-16.30940907;-72.17771197;-1922663.99;2766851.891;E
6.92.35-102;-16.31030722;-72.17703766;-1922777.273;2766916.881;E
6.92.35-103; ; ;-1.516416327;20763369.87;E
6.92.35-103;-16.31062294;-72.17746892;-1922809.019;2766864.178;E
6.92.35-103;-16.3103651;-72.17711273;-1922783.141;2766907.67;E
6.92.35-103;-16.30948096;-72.1778034;-1922671.3;2766840.656;E
6.92.35-103;-16.3097728;-72.17820191;-1922700.647;2766791.955;E
6.92.35-103;-16.31054758;-72.17759749;-1922798.645;2766850.587;E
6.92.35-104; ; ;-1.516416327;20763369.87;E
6.92.35-104;-16.31028442;-72.17791652;-1922763.984;2766817.815;E
6.92.35-104;-16.30982445;-72.17826187;-1922705.969;2766784.53;E
6.92.35-104;-16.30996272;-72.17846672;-1922719.679;2766759.643;E
6.92.35-104;-16.31031788;-72.1779587;-1922767.392;2766812.629;E
6.92.35-105; ; ;-1.516416327;20763369.87;E
6.92.35-105;-16.31124109;-72.1764302;-1922893.931;2766973.864;E
6.92.35-105;-16.31045342;-72.17705377;-1922794.192;2766913.23;E
6.92.35-105;-16.31068435;-72.17737157;-1922817.385;2766874.415;E
6.92.35-105;-16.31125235;-72.17648461;-1922894.592;2766967.573;E
6.92.35-106; ; ;-1.516416327;20763369.87;E
6.92.35-106;-16.31098553;-72.17585904;-1922870.918;2767041.63;E
6.92.35-106;-16.3101054;-72.17655683;-1922759.459;2766973.762;E
6.92.35-106;-16.3103903;-72.17695721;-1922787.971;2766924.935;E
6.92.35-106;-16.31128615;-72.17626257;-1922901.231;2766992.25;E
6.92.35-107; ; ;-1.516416327;20763369.87;E
6.92.35-107;-16.31063819;-72.17538154;-1922836.029;2767099.955;E
6.92.35-107;-16.30975467;-72.17608356;-1922724.122;2767031.651;E
6.92.35-107;-16.31004259;-72.1764726;-1922753.124;2766984.069;E
6.92.35-107;-16.31093106;-72.17578381;-1922865.452;2767050.815;E
6.92.35-108; ; ;-1.516416327;20763369.87;E
6.92.35-108;-16.31028645;-72.17489816;-1922800.696;2767159.002;E
6.92.35-108;-16.30938463;-72.17559683;-1922686.687;2767091.305;E
6.92.35-108;-16.30968971;-72.1760041;-1922717.478;2767041.447;E
6.92.35-108;-16.31057305;-72.17529217;-1922829.485;2767110.874;E
6.92.35-109; ; ;-1.516416327;20763369.87;E
6.92.35-109;-16.30992517;-72.17439974;-1922764.428;2767219.867;E
6.92.35-109;-16.30903174;-72.17510439;-1922651.329;2767151.389;E
6.92.35-109;-16.30932733;-72.17550189;-1922681.127;2767102.754;E
6.92.35-109;-16.31021926;-72.17480583;-1922793.947;2767170.28;E
6.92.35-110; ; ;-1.516416327;20763369.87;E
6.92.35-110;-16.30962846;-72.17399348;-1922734.605;2767269.507;E
6.92.35-110;-16.30953648;-72.17396259;-1922724.211;2767274.149;E
6.92.35-110;-16.30868219;-72.17461483;-1922616.325;2767211.107;E
6.92.35-110;-16.30897066;-72.1750154;-1922645.254;2767162.213;E
6.92.35-110;-16.30987527;-72.17431638;-1922759.595;2767229.915;E
6.92.35-111; ; ;-1.516416327;20763369.87;E
6.92.35-111;-16.30905658;-72.17357957;-1922672.663;2767323.455;E
6.92.35-111;-16.30833079;-72.1741465;-1922580.85;2767268.448;E
6.92.35-111;-16.30862396;-72.17453685;-1922610.452;2767220.65;E
6.92.35-111;-16.30945883;-72.17387571;-1922716.172;2767284.943;E
6.92.35-112; ; ;-1.516416327;20763369.87;E
6.92.35-112;-16.30861992;-72.17325588;-1922625.459;2767365.512;E
6.92.35-112;-16.30830509;-72.17339375;-1922586.938;2767353.866;E
6.92.35-112;-16.30796087;-72.17364042;-1922543.663;2767330.288;E
6.92.35-112;-16.30826271;-72.17404372;-1922574.123;2767280.919;E
6.92.35-112;-16.30894986;-72.17351741;-1922660.921;2767331.817;E
6.92.35-114; ; ;-1.516416327;20763369.87;E
6.92.35-114;-16.31006021;-72.17437133;-1922780.58;2767221.389;E
6.92.35-114;-16.31100431;-72.17570613;-1922874.964;2767058.68;E
6.92.35-114;-16.31143505;-72.17537134;-1922929.432;2767091.136;E
6.92.35-116; ; ;-1.516416327;20763369.87;E
6.92.35-116;-16.31225292;-72.17478975;-1923032.202;2767146.646;E
6.92.35-116;-16.31158454;-72.17532302;-1922947.516;2767094.728;E
6.92.35-116;-16.31198866;-72.17561656;-1922991.274;2767056.487;E
6.92.35-116;-16.31251628;-72.1752053;-1923058.007;2767096.374;E
6.92.35-117; ; ;-1.516416327;20763369.87;E
6.92.35-117;-16.31252855;-72.17449967;-1923067.973;2767175.989;E
6.92.35-117;-16.31207934;-72.17420325;-1923018.971;2767215.12;E
6.92.35-117;-16.31108516;-72.17496168;-1922893.426;2767141.825;E
6.92.35-117;-16.31151516;-72.17526097;-1922940.144;2767102.61;E
6.92.35-118; ; ;-1.516416327;20763369.87;E
6.92.35-118;-16.31100734;-72.17490273;-1922885.028;2767149.463;E
6.92.35-118;-16.31178693;-72.17434179;-1922983.067;2767203.118;E
6.92.35-118;-16.31176092;-72.17421648;-1922981.536;2767217.609;E
6.92.35-118;-16.31034862;-72.17437755;-1922814.266;2767217.076;E
6.92.35-119; ; ;-1.516416327;20763369.87;E
6.92.35-119;-16.31118752;-72.17368416;-1922920.848;2767284.962;E
6.92.35-119;-16.30966289;-72.17385606;-1922740.296;2767284.611;E
6.92.35-119;-16.31023263;-72.17431373;-1922801.46;2767225.743;E
6.92.35-119;-16.31120171;-72.17421245;-1922916.124;2767225.064;E
6.92.35-120; ; ;-1.516416327;20763369.87;E
6.92.35-120;-16.31116004;-72.17358412;-1922918.841;2767296.615;E
6.92.35-120;-16.31118711;-72.17296879;-1922929.447;2767365.838;E
6.92.35-120;-16.30881947;-72.17322109;-1922649.239;2767366.947;E
6.92.35-120;-16.30954721;-72.1737768;-1922727.712;2767295.018;E
6.92.35-166; ; ;-1.516416327;20763369.87;E
6.92.35-166;-16.30857032;-72.17304824;-1922622.163;2767389.606;E
6.92.35-166;-16.30760965;-72.1719148;-1922523.402;2767529.763;E
6.92.35-166;-16.30627047;-72.17026645;-1922386.556;2767732.87;E
6.92.35-166;-16.3051659;-72.16982512;-1922262.584;2767796.586;E
6.92.35-166;-16.30447725;-72.16888235;-1922193.363;2767911.789;E
6.92.35-166;-16.30336091;-72.16725428;-1922082.354;2768109.82;E
6.92.35-166;-16.3018736;-72.16569588;-1921927.076;2768304.622;E
6.92.35-166;-16.300574;-72.16567374;-1921775.203;2768323.389;E
6.92.35-166;-16.30019541;-72.16629004;-1921723.433;2768258.448;E
6.92.35-166;-16.2992452;-72.16689179;-1921604.925;2768202.304;E
6.92.35-166;-16.2955783;-72.16465114;-1921202.723;2768501.514;E
6.92.35-166;-16.29562862;-72.16582665;-1921194.411;2768367.978;E
6.92.35-166;-16.29764028;-72.1669988;-1921415.748;2768210.287;E
6.92.35-166;-16.29884114;-72.16828292;-1921540.813;2768050.08;E
6.92.35-166;-16.30097652;-72.16945657;-1921776.611;2767890.674;E
6.92.35-166;-16.30264567;-72.17049665;-1921959.441;2767752.204;E
6.92.35-166;-16.30600172;-72.17386147;-1922311.652;2767329.813;E
6.92.28-8; ; ;-1.516416327;20763369.87;NA
6.92.28-8;-16.31575632;-72.18906153;-1923269.849;2765489.542;NA
6.92.28-8;-16.31503409;-72.18850551;-1923192.029;2765561.424;NA
6.92.28-8;-16.31477864;-72.18883825;-1923158.109;2765527.009;NA
6.92.28-8;-16.31551992;-72.1894048;-1923238.033;2765453.698;NA
6.92.28-16; ; ;-1.516416327;20763369.87;NA
6.92.28-16;-16.31779348;-72.18805942;-1923520.405;2765577.33;NA
6.92.28-16;-16.31699164;-72.18745193;-1923433.888;2765656.028;NA
6.92.28-16;-16.31673354;-72.18777617;-1923399.76;2765622.607;NA
6.92.28-16;-16.31754346;-72.1883843;-1923487.216;2765543.736;NA
6.92.28-22; ; ;-1.516416327;20763369.87;NA
6.92.28-22;-16.31853478;-72.18862936;-1923600.289;2765503.635;NA
6.92.28-22;-16.31784465;-72.18810823;-1923525.805;2765571.173;NA
6.92.28-22;-16.31759823;-72.18844004;-1923492.953;2765536.75;NA
6.92.28-22;-16.31828882;-72.18896556;-1923567.438;2765468.711;NA
6.92.28-36; ; ;-1.516416327;20763369.87;NA
6.92.28-36;-16.32109621;-72.1925098;-1923853.223;2765032.987;NA
6.92.28-36;-16.32049866;-72.1920568;-1923788.754;2765091.663;NA
6.92.28-36;-16.32025911;-72.19239845;-1923756.588;2765056.044;NA
6.92.28-36;-16.32071837;-72.19274197;-1923806.193;2765011.472;NA
6.92.28-45; ; ;-1.516416327;20763369.87;NA
6.92.28-45;-16.31694526;-72.18580566;-1923448.349;2765842.693;NA
6.92.28-45;-16.31631182;-72.18522134;-1923381.263;2765916.666;NA
6.92.28-45;-16.31602463;-72.18555042;-1923343.67;2765883.062;NA
6.92.28-45;-16.31666793;-72.18611375;-1923412.164;2765811.338;NA
6.92.28-48; ; ;-1.516416327;20763369.87;NA
6.92.28-48;-16.31792196;-72.18464634;-1923576.681;2765961.516;NA
6.92.28-48;-16.31745531;-72.18424381;-1923526.922;2766012.855;NA
6.92.28-48;-16.31719324;-72.18423993;-1923496.292;2766016.572;NA
6.92.28-48;-16.31704069;-72.18441372;-1923476.337;2765998.837;NA
6.92.28-48;-16.31766528;-72.18494876;-1923542.981;2765930.543;NA
6.92.28-51; ; ;-1.516416327;20763369.87;NA
6.92.28-51;-16.31838874;-72.18713258;-1923601.278;2765674.647;NA
6.92.28-51;-16.31773644;-72.18653915;-1923532.095;2765749.884;NA
6.92.28-51;-16.31746771;-72.18684579;-1923496.936;2765718.586;NA
6.92.28-51;-16.3181074;-72.18746082;-1923564.382;2765641.064;NA
6.92.28-57; ; ;-1.516416327;20763369.87;NA
6.92.28-57;-16.31983722;-72.18708074;-1923771.45;2765662.383;NA
6.92.28-57;-16.31919421;-72.18648489;-1923703.384;2765737.778;NA
6.92.28-57;-16.31890432;-72.1868151;-1923665.462;2765704.082;NA
6.92.28-57;-16.31955219;-72.1874092;-1923734.119;2765628.822;NA
6.92.28-60; ; ;-1.516416327;20763369.87;NA
6.92.28-60;-16.32054853;-72.18703477;-1923855.264;2765658.679;NA
6.92.28-60;-16.32023557;-72.1867549;-1923822.015;2765694.228;NA
6.92.28-60;-16.31960354;-72.18747117;-1923739.38;2765621.175;NA
6.92.28-60;-16.31990894;-72.18774881;-1923771.773;2765585.972;NA
6.92.28-61; ; ;-1.516416327;20763369.87;NA
6.92.28-61;-16.32029535;-72.18888176;-1923803.313;2765453.08;NA
6.92.28-61;-16.31961975;-72.1882604;-1923731.742;2765531.765;NA
6.92.28-61;-16.3193424;-72.18857171;-1923695.518;2765500.047;NA
6.92.28-61;-16.32002329;-72.18917722;-1923767.9;2765423.088;NA
6.92.28-62; ; ;-1.516416327;20763369.87;NA
6.92.28-62;-16.32056058;-72.18777244;-1923847.762;2765575.148;NA
6.92.28-62;-16.32025501;-72.18748361;-1923815.485;2765611.618;NA
6.92.28-62;-16.31967828;-72.18817711;-1923739.6;2765540.446;NA
6.92.28-62;-16.31997709;-72.1884523;-1923771.25;2765505.603;NA
6.92.28-75; ; ;-1.516416327;20763369.87;NA
6.92.28-75;-16.32459949;-72.1899425;-1924294.291;2765279.329;NA
6.92.28-75;-16.32520401;-72.1895484;-1924369.812;2765316.308;NA
6.92.28-75;-16.32529579;-72.18939432;-1924382.416;2765332.575;NA
6.92.28-75;-16.32413302;-72.18841336;-1924258.17;2765458.002;NA
6.92.28-75;-16.32198977;-72.19089685;-1923977.298;2765204.116;NA
6.92.28-75;-16.32277502;-72.19129784;-1924064.365;2765148.969;NA
6.92.29-19; ; ;-1.516416327;20763369.87;NA
6.92.29-19;-16.31518662;-72.19502417;-1923131.16;2764822.699;NA
6.92.29-19;-16.31446409;-72.19447755;-1923053.19;2764893.517;NA
6.92.29-19;-16.31423341;-72.19480463;-1923022.24;2764859.431;NA
6.92.29-19;-16.31495367;-72.19535157;-1923099.94;2764788.604;NA
6.92.29-20; ; ;-1.516416327;20763369.87;NA
6.92.29-20;-16.31548205;-72.19461507;-1923170.679;2764865.245;NA
6.92.29-20;-16.31477422;-72.19407719;-1923094.324;2764934.892;NA
6.92.29-20;-16.31452885;-72.19439741;-1923061.738;2764901.766;NA
6.92.29-20;-16.31524459;-72.19493884;-1923138.975;2764831.619;NA
6.92.29-21; ; ;-1.516416327;20763369.87;NA
6.92.29-21;-16.31577577;-72.19420431;-1923210.017;2764908;NA
6.92.29-21;-16.31505863;-72.19365937;-1923132.658;2764978.562;NA
6.92.29-21;-16.31482093;-72.19398112;-1923100.951;2764945.167;NA
6.92.29-21;-16.31553605;-72.19452334;-1923178.106;2764874.938;NA
6.92.29-23; ; ;-1.516416327;20763369.87;NA
6.92.29-23;-16.31658873;-72.19481983;-1923297.738;2764828.263;NA
6.92.29-23;-16.3158633;-72.19426602;-1923219.518;2764899.932;NA
6.92.29-23;-16.31562623;-72.19458925;-1923187.866;2764866.361;NA
6.92.29-23;-16.31635685;-72.1951557;-1923266.543;2764793.199;NA
6.92.29-26; ; ;-1.516416327;20763369.87;NA
6.92.29-26;-16.31678978;-72.19625308;-1923303.965;2764663.751;NA
6.92.29-26;-16.31607421;-72.19569296;-1923226.974;2764736.008;NA
6.92.29-26;-16.31584098;-72.19601814;-1923195.749;2764702.168;NA
6.92.29-26;-16.31656047;-72.19658841;-1923273.076;2764628.717;NA
6.92.29-27; ; ;-1.516416327;20763369.87;NA
6.92.29-27;-16.31708583;-72.19585015;-1923343.48;2764705.592;NA
6.92.29-27;-16.316357;-72.19529525;-1923264.874;2764777.425;NA
6.92.29-27;-16.31612398;-72.19561161;-1923233.781;2764744.58;NA
6.92.29-27;-16.3168433;-72.19617171;-1923311.211;2764672.279;NA
6.92.29-28; ; ;-1.516416327;20763369.87;NA
6.92.29-28;-16.31738762;-72.19545124;-1923383.621;2764746.906;NA
6.92.29-28;-16.31664989;-72.19488134;-1923304.155;2764820.546;NA
6.92.29-28;-16.31642276;-72.19520398;-1923273.673;2764786.918;NA
6.92.29-28;-16.31714319;-72.19576731;-1923351.194;2764714.238;NA
6.92.29-29; ; ;-1.516416327;20763369.87;NA
6.92.29-29;-16.31640001;-72.1977849;-1923239.848;2764495.485;NA
6.92.29-29;-16.31702158;-72.1970699;-1923321.233;2764568.529;NA
6.92.29-29;-16.31656236;-72.19669256;-1923272.039;2764616.92;NA
6.92.29-29;-16.31598703;-72.19746539;-1923195.369;2764536.763;NA
6.92.29-30; ; ;-1.516416327;20763369.87;NA
6.92.29-30;-16.31790998;-72.19602092;-1923437.882;2764675.984;NA
6.92.29-30;-16.31738272;-72.19558577;-1923381.423;2764731.762;NA
6.92.29-30;-16.31660012;-72.19662966;-1923277.219;2764623.558;NA
6.92.29-30;-16.31706726;-72.19702703;-1923327.097;2764572.803;NA
6.92.30-1; ; ;-1.516416327;20763369.87;NA
6.92.30-1;-16.30604206;-72.18607681;-1922168.825;2765948.411;NA
6.92.30-1;-16.30538991;-72.18557724;-1922098.52;2766013.037;NA
6.92.30-1;-16.30517211;-72.1859133;-1922068.969;2765977.771;NA
6.92.30-1;-16.305788;-72.18641484;-1922135.005;2765913.375;NA
6.92.30-7; ; ;-1.516416327;20763369.87;NA
6.92.30-7;-16.3077342;-72.18610658;-1922366.537;2765923.887;NA
6.92.30-7;-16.30692729;-72.18547582;-1922279.702;2766005.279;NA
6.92.30-7;-16.30669445;-72.18580373;-1922248.487;2765971.123;NA
6.92.30-7;-16.30735558;-72.18631553;-1922319.695;2765905.001;NA
6.92.30-10; ; ;-1.516416327;20763369.87;NA
6.92.30-10;-16.30853275;-72.18479943;-1922475.795;2766061.663;NA
6.92.30-10;-16.30780993;-72.18424554;-1922397.875;2766133.316;NA
6.92.30-10;-16.30757131;-72.18455649;-1922366.188;2766101.149;NA
6.92.30-10;-16.30829963;-72.18511549;-1922444.69;2766028.851;NA
6.92.30-11; ; ;-1.516416327;20763369.87;NA
6.92.30-11;-16.30931898;-72.18539597;-1922560.622;2765984.398;NA
6.92.30-11;-16.30860099;-72.18485403;-1922483.123;2766054.638;NA
6.92.30-11;-16.30836599;-72.18517912;-1922451.69;2766020.828;NA
6.92.30-11;-16.30888938;-72.1855835;-1922508.071;2765968.572;NA
6.92.30-19; ; ;-1.516416327;20763369.87;NA
6.92.30-19;-16.30770137;-72.189926;-1922316.576;2765492.551;NA
6.92.30-19;-16.30698502;-72.1893896;-1922239.203;2765562.14;NA
6.92.30-19;-16.30674589;-72.18971926;-1922207.232;2765527.865;NA
6.92.30-19;-16.30745878;-72.19026227;-1922284.121;2765457.572;NA
6.92.30-26; ; ;-1.516416327;20763369.87;NA
6.92.30-26;-16.31008043;-72.18663472;-1922634.791;2765834.847;NA
6.92.30-26;-16.30964646;-72.18629883;-1922588.05;2765878.243;NA
6.92.30-26;-16.30931602;-72.18654258;-1922546.427;2765854.821;NA
6.92.30-26;-16.30983604;-72.18694501;-1922602.437;2765802.829;NA
6.92.30-27; ; ;-1.516416327;20763369.87;NA
6.92.30-27;-16.31013781;-72.18653472;-1922642.715;2765845.433;NA
6.92.30-27;-16.31038851;-72.18621876;-1922675.876;2765878.014;NA
6.92.30-27;-16.31012217;-72.18602129;-1922647.085;2765903.667;NA
6.92.30-27;-16.30976153;-72.18622832;-1922602.371;2765884.774;NA
6.92.30-47; ; ;-1.516416327;20763369.87;NA
6.92.30-47;-16.31155292;-72.18904675;-1922778.018;2765543.782;NA
6.92.30-47;-16.3111472;-72.18872027;-1922734.472;2765585.76;NA
6.92.30-47;-16.31060063;-72.18947045;-1922661.437;2765507.796;NA
6.92.30-47;-16.31101893;-72.18978766;-1922706.568;2765466.71;NA
6.92.30-52; ; ;-1.516416327;20763369.87;NA
6.92.30-52;-16.31055351;-72.19273472;-1922616.509;2765139.406;NA
6.92.30-52;-16.30987844;-72.19219675;-1922543.987;2765208.655;NA
6.92.30-52;-16.30965239;-72.1925185;-1922513.644;2765175.112;NA
6.92.30-52;-16.31033798;-72.19306513;-1922587.292;2765104.753;NA
6.92.31-1; ; ;-1.516416327;20763369.87;NA
6.92.31-1;-16.30802876;-72.18376036;-1922429.349;2766185.425;NA
6.92.31-1;-16.30712585;-72.1830697;-1922332.001;2766274.791;NA
6.92.31-1;-16.30688298;-72.18340776;-1922299.49;2766239.612;NA
6.92.31-1;-16.30778521;-72.18410564;-1922396.671;2766149.439;NA
6.92.31-2; ; ;-1.516416327;20763369.87;NA
6.92.31-2;-16.30808977;-72.183678;-1922437.486;2766193.972;NA
6.92.31-2;-16.30833479;-72.18335483;-1922470.07;2766227.44;NA
6.92.31-2;-16.30756277;-72.18277535;-1922386.7;2766302.601;NA
6.92.31-2;-16.30718877;-72.18298424;-1922340.399;2766283.664;NA
6.92.31-3; ; ;-1.516416327;20763369.87;NA
6.92.31-3;-16.30885046;-72.18439278;-1922517.896;2766103.658;NA
6.92.31-3;-16.30813228;-72.18384104;-1922440.493;2766175.009;NA
6.92.31-3;-16.30787617;-72.18416708;-1922406.576;2766141.357;NA
6.92.31-3;-16.30860343;-72.18473222;-1922484.879;2766068.377;NA
6.92.31-5; ; ;-1.516416327;20763369.87;NA
6.92.31-5;-16.30982671;-72.18515388;-1922622.977;2766005.414;NA
6.92.31-5;-16.30891736;-72.18443895;-1922525.169;2766097.603;NA
6.92.31-5;-16.30866713;-72.18477152;-1922491.861;2766063.138;NA
6.92.31-5;-16.30940038;-72.18533861;-1922570.842;2765989.863;NA
6.92.31-31; ; ;-1.516416327;20763369.87;NA
6.92.31-31;-16.31096171;-72.17924989;-1922827.155;2766658.612;NA
6.92.31-31;-16.31119231;-72.17894289;-1922857.858;2766690.432;NA
6.92.31-31;-16.31036142;-72.17839358;-1922767.234;2766762.923;NA
6.92.31-31;-16.31022826;-72.17839804;-1922751.592;2766764.084;NA
6.92.31-31;-16.31013765;-72.17841356;-1922740.798;2766763.464;NA
6.92.31-31;-16.31008176;-72.17846967;-1922733.578;2766757.82;NA
6.92.31-31;-16.31000384;-72.17858879;-1922723.018;2766745.329;NA
6.92.31-43; ; ;-1.516416327;20763369.87;NA
6.92.31-43;-16.31198403;-72.18344892;-1922896.093;2766171.159;NA
6.92.31-43;-16.31242167;-72.18380639;-1922943.002;2766125.276;NA
6.92.31-43;-16.31309432;-72.18349638;-1923025.484;2766151.904;NA
6.92.31-43;-16.3123947;-72.18297019;-1922949.947;2766220.136;NA
6.92.31-47; ; ;-1.516416327;20763369.87;NA
6.92.31-47;-16.3138526;-72.18332311;-1923116.337;2766162.004;NA
6.92.31-47;-16.31341863;-72.18351966;-1923063.165;2766145.215;NA
6.92.31-47;-16.31429768;-72.1841729;-1923158.169;2766060.377;NA
6.92.31-47;-16.31455072;-72.18384011;-1923191.808;2766094.829;NA
6.92.31-50; ; ;-1.516416327;20763369.87;NA
6.92.31-50;-16.31535573;-72.18444803;-1923278.693;2766016.04;NA
6.92.31-50;-16.31461536;-72.18388066;-1923198.884;2766089.436;NA
6.92.31-50;-16.31436473;-72.1842425;-1923165.176;2766051.67;NA
6.92.31-50;-16.31511009;-72.18479265;-1923245.776;2765980.159;NA
6.92.31-52; ; ;-1.516416327;20763369.87;NA
6.92.31-52;-16.3159795;-72.18356663;-1923362.356;2766107.867;NA
6.92.31-52;-16.31628011;-72.18315151;-1923402.559;2766151.029;NA
6.92.31-52;-16.31600675;-72.18292544;-1923373.293;2766180.003;NA
6.92.31-52;-16.3157927;-72.18285833;-1923349.049;2766190.267;NA
6.92.31-52;-16.31553852;-72.18288638;-1923318.957;2766190.277;NA
6.92.31-52;-16.31525753;-72.18298276;-1923284.902;2766182.899;NA
6.92.31-56; ; ;-1.516416327;20763369.87;NA
6.92.31-56;-16.31679134;-72.18358692;-1923457.139;2766095.415;NA
6.92.31-56;-16.3163314;-72.18321987;-1923407.737;2766142.66;NA
6.92.31-56;-16.31603801;-72.1836121;-1923368.656;2766101.994;NA
6.92.31-56;-16.31660557;-72.18402451;-1923430.107;2766048.275;NA
6.92.31-76; ; ;-1.516416327;20763369.87;NA
6.92.31-76;-16.31532152;-72.1784991;-1923346.574;2766688.926;NA
6.92.31-76;-16.31509837;-72.17883007;-1923316.453;2766654.306;NA
6.92.31-76;-16.31582983;-72.17938122;-1923395.414;2766582.85;NA
6.92.31-76;-16.31607814;-72.17904908;-1923428.494;2766617.286;NA
6.92.32-18; ; ;-1.516416327;20763369.87;NA
6.92.32-18;-16.31869589;-72.17106352;-1923831.468;2767487.21;NA
6.92.32-18;-16.31703518;-72.17031486;-1923646.117;2767592.637;NA
6.92.32-18;-16.31642193;-72.17184948;-1923555.771;2767426.837;NA
6.92.35-1; ; ;-1.516416327;20763369.87;NA
6.92.35-1;-16.2908108;-72.17388601;-1920533.07;2767517.022;NA
6.92.35-1;-16.28909577;-72.17434574;-1920326.753;2767486.483;NA
6.92.35-1;-16.28929727;-72.17449657;-1920348.52;2767466.911;NA
6.92.35-1;-16.2909814;-72.17404408;-1920551.133;2767497.018;NA
6.92.35-25; ; ;-1.516416327;20763369.87;NA
6.92.35-25;-16.30003061;-72.17998298;-1921538.733;2766712.459;NA
6.92.35-25;-16.29932243;-72.1793282;-1921463.741;2766795.336;NA
6.92.35-25;-16.29830738;-72.18051426;-1921330.6;2766673.941;NA
6.92.35-25;-16.29904396;-72.18115065;-1921409.138;2766592.788;NA
6.92.35-58; ; ;-1.516416327;20763369.87;NA
6.92.35-58;-16.29901553;-72.17492323;-1921481.012;2767297.169;NA
6.92.35-58;-16.2997102;-72.1754524;-1921555.939;2767228.657;NA
6.92.35-58;-16.30015162;-72.17491853;-1921614.061;2767283.492;NA
6.92.35-78; ; ;-1.516416327;20763369.87;NA
6.92.35-78;-16.30554545;-72.17467137;-1922248.454;2767243.962;NA
6.92.35-78;-16.30522329;-72.17429508;-1922215.288;2767290.532;NA
6.92.35-78;-16.30432746;-72.17500231;-1922101.877;2767221.787;NA
6.92.35-78;-16.30484436;-72.17522109;-1922159.742;2767190.588;NA
6.92.35-93; ; ;-1.516416327;20763369.87;NA
6.92.35-93;-16.30686668;-72.17439192;-1922406.494;2767259.023;NA
6.92.35-93;-16.30655962;-72.1740001;-1922375.284;2767307.159;NA
6.92.35-93;-16.30568947;-72.17470197;-1922264.944;2767238.701;NA
6.92.35-93;-16.30597504;-72.17510009;-1922293.562;2767190.121;NA
6.92.35-94; ; ;-1.516416327;20763369.87;NA
6.92.35-94;-16.30633043;-72.17393221;-1922349.276;2767317.703;NA
6.92.35-94;-16.30535162;-72.17425077;-1922230.847;2767293.936;NA
6.92.35-94;-16.305619;-72.17460677;-1922257.844;2767250.345;NA
6.92.35-94;-16.30640478;-72.17397982;-1922357.404;2767311.39;NA
6.92.35-113; ; ;-1.516416327;20763369.87;NA
6.92.35-113;-16.30783474;-72.17347338;-1922530.917;2767350.75;NA
6.92.35-113;-16.3079385;-72.17360503;-1922541.472;2767334.568;NA
6.92.35-113;-16.30825867;-72.17336902;-1922581.804;2767357.242;NA
6.92.35-115; ; ;-1.516416327;20763369.87;NA
6.92.35-115;-16.31149634;-72.17543652;-1922935.82;2767083.001;NA
6.92.35-115;-16.31105575;-72.17580215;-1922879.825;2767047.182;NA
6.92.35-115;-16.31135621;-72.17619601;-1922910.238;2766998.898;NA
6.92.35-115;-16.31184263;-72.17570616;-1922973.097;2767048.186;NA
6.92.35-145; ; ;-1.516416327;20763369.87;NA
6.92.35-145;-16.29176784;-72.16185115;-1920790.465;2768865.767;NA
6.92.35-145;-16.2913415;-72.16154945;-1920744.199;2768905.214;NA
6.92.35-145;-16.29097626;-72.16220598;-1920693.507;2768835.551;NA
6.92.35-145;-16.29136543;-72.1625051;-1920735.454;2768796.861;NA
6.92.35-163; ; ;-1.516416327;20763369.87;NA
6.92.35-163;-16.29080688;-72.16790368;-1920604.851;2768193.45;NA
6.92.35-163;-16.29060903;-72.1679253;-1920581.428;2768193.48;NA
6.92.35-163;-16.29007028;-72.16895753;-1920505.893;2768083.508;NA
6.92.35-163;-16.29092059;-72.16886558;-1920606.546;2768083.272;NA
6.92.35-165; ; ;-1.516416327;20763369.87;NA
6.92.35-165;-16.29073773;-72.17011683;-1920570.028;2767944.088;NA
6.92.35-165;-16.2891819;-72.17046428;-1920383.698;2767924.255;NA
6.92.35-165;-16.28935705;-72.17121938;-1920395.084;2767836.691;NA
6.92.35-165;-16.29087931;-72.17114054;-1920574.241;2767826.573;NA
6.92.35-167; ; ;-1.516416327;20763369.87;NA
6.92.35-167;-16.29337927;-72.17399622;-1920832.413;2767472.451;NA
6.92.35-167;-16.29294583;-72.17380848;-1920783.94;2767499.096;NA
6.92.35-167;-16.29220872;-72.17338185;-1920702.804;2767556.546;NA
6.92.35-167;-16.29186926;-72.17331385;-1920663.886;2767568.478;NA
6.92.35-167;-16.29143494;-72.17332389;-1920612.922;2767572.773;NA
6.92.35-167;-16.29118505;-72.17335871;-1920583.249;2767571.961;NA
6.92.35-167;-16.29114947;-72.17370904;-1920574.853;2767532.796;NA
6.92.35-167;-16.29369089;-72.17439923;-1920864.026;2767422.991;NA
6.92.35-167;-16.29364208;-72.17403186;-1920862.748;2767465.136;NA
6.92.72-11; ; ;-1.516416327;20763369.87;NA
6.92.72-11;-16.28370636;-72.16356547;-1919825.991;2768772.752;NA
6.92.72-11;-16.28329709;-72.16420291;-1919770.38;2768705.791;NA
6.92.72-11;-16.28368526;-72.16444695;-1919812.876;2768673.344;NA
6.92.72-11;-16.28410298;-72.16373446;-1919870.383;2768748.685;NA
6.92.72-13; ; ;-1.516416327;20763369.87;NA
6.92.72-13;-16.28250227;-72.16306661;-1919691.051;2768844.214;NA
6.92.72-13;-16.28220119;-72.16351733;-1919650.36;2768797.013;NA
6.92.72-13;-16.28261795;-72.16377125;-1919696.084;2768763.092;NA
6.92.72-13;-16.2828689;-72.16334546;-1919730.606;2768808.1;NA
6.92.72-16; ; ;-1.516416327;20763369.87;NA
6.92.72-16;-16.28112967;-72.16160664;-1919547.988;2769026.46;NA
6.92.72-16;-16.28060245;-72.16247314;-1919475.802;2768935.072;NA
6.92.72-16;-16.28106742;-72.16274365;-1919526.97;2768898.671;NA
6.92.72-16;-16.28159463;-72.16184729;-1919599.516;2768993.436;NA
6.92.72-17; ; ;-1.516416327;20763369.87;NA
6.92.72-17;-16.2805531;-72.16132018;-1919483.946;2769066.061;NA
6.92.72-17;-16.28004746;-72.16217178;-1919414.467;2768976.087;NA
6.92.72-17;-16.2805132;-72.16242047;-1919465.989;2768942.144;NA
6.92.72-17;-16.28101264;-72.16163064;-1919533.997;2769025.21;NA
6.92.72-18; ; ;-1.516416327;20763369.87;NA
6.92.72-18;-16.27987864;-72.16129157;-1919405.33;2769077.728;NA
6.92.72-18;-16.27954534;-72.16178595;-1919360.341;2769025.993;NA
6.92.72-18;-16.27999041;-72.16208251;-1919408.866;2768986.895;NA
6.92.72-18;-16.2802866;-72.16155195;-1919449.948;2769043.186;NA
6.92.72-21; ; ;-1.516416327;20763369.87;NA
6.92.72-21;-16.27829921;-72.16042201;-1919230.921;2769195.802;NA
6.92.72-21;-16.27787079;-72.1611488;-1919171.988;2769118.974;NA
6.92.72-21;-16.27817919;-72.1613641;-1919205.495;2769090.773;NA
6.92.72-21;-16.27864273;-72.16060333;-1919268.949;2769171.004;NA
6.92.72-22; ; ;-1.516416327;20763369.87;NA
6.92.72-22;-16.27814124;-72.15973855;-1919220.679;2769275.062;NA
6.92.72-22;-16.27804094;-72.15994573;-1919206.436;2769252.887;NA
6.92.72-22;-16.27832357;-72.16013915;-1919237.189;2769227.483;NA
6.92.72-22;-16.27843238;-72.15992828;-1919252.473;2769249.968;NA
6.92.72-28; ; ;-1.516416327;20763369.87;NA
6.92.72-28;-16.27942434;-72.16202699;-1919343.264;2769000.25;NA
6.92.72-28;-16.27849977;-72.16355615;-1919216.561;2768838.894;NA
6.92.72-28;-16.27888547;-72.16379957;-1919258.776;2768806.549;NA
6.92.72-28;-16.27981844;-72.16222963;-1919386.956;2768972.408;NA
6.92.72-35; ; ;-1.516416327;20763369.87;NA
6.92.72-35;-16.28319236;-72.16432336;-1919756.665;2768693.481;NA
6.92.72-35;-16.28226652;-72.16596369;-1919628.47;2768519.58;NA
6.92.72-35;-16.28316162;-72.16654817;-1919726.203;2768442.303;NA
6.92.72-35;-16.2841355;-72.1649443;-1919859.581;2768611.479;NA
6.92.72-46; ; ;-1.516416327;20763369.87;NA
6.92.72-46;-16.28805008;-72.17198937;-1920232.787;2767765.972;NA
6.92.72-46;-16.28891282;-72.17051008;-1920351.645;2767922.441;NA
6.92.72-46;-16.28814582;-72.16993366;-1920268.815;2767997.203;NA
6.92.72-46;-16.28721409;-72.17141728;-1920141.829;2767841.105;NA
6.92.72-47; ; ;-1.516416327;20763369.87;NA
6.92.72-47;-16.28724882;-72.1693336;-1920171.052;2768076.263;NA
6.92.72-47;-16.28607289;-72.17118922;-1920010.987;2767881.155;NA
6.92.72-47;-16.28661604;-72.17142532;-1920071.721;2767847.671;NA
6.92.72-47;-16.28704133;-72.17140143;-1920121.796;2767845.056;NA
6.92.72-47;-16.2879582;-72.16985273;-1920247.829;2768008.699;NA
6.92.72-69; ; ;-1.516416327;20763369.87;NA
6.92.72-69;-16.27720615;-72.16613152;-1919034.026;2768563.85;NA
6.92.72-69;-16.27759017;-72.16555427;-1919085.952;2768624.323;NA
6.92.72-69;-16.2757806;-72.16415857;-1918890.949;2768804.759;NA
6.92.72-69;-16.27545914;-72.16472619;-1918846.465;2768744.592;NA
6.92.72-70; ; ;-1.516416327;20763369.87;NA
6.92.72-70;-16.27691907;-72.1660481;-1919001.425;2768576.87;NA
6.92.72-70;-16.27535042;-72.16481602;-1918832.652;2768735.792;NA
6.92.72-70;-16.27471579;-72.16450644;-1918762.091;2768778.729;NA
6.92.72-70;-16.27434613;-72.16516337;-1918710.887;2768709.063;NA
6.92.72-70;-16.27472787;-72.16555695;-1918750.826;2768659.788;NA
6.92.72-70;-16.27660421;-72.16719294;-1918950.746;2768451.35;NA
6.92.72-70;-16.27760408;-72.16689361;-1919071.413;2768472.704;NA
6.92.72-71; ; ;-1.516416327;20763369.87;NA
6.92.72-71;-16.27399736;-72.16545331;-1918666.556;2768680.636;NA
6.92.72-71;-16.27232217;-72.16706757;-1918450.96;2768519.026;NA
6.92.72-71;-16.27498023;-72.16909854;-1918737.632;2768256.164;NA
6.92.72-71;-16.27658135;-72.1678125;-1918940.593;2768381.58;NA
6.92.72-72; ; ;-1.516416327;20763369.87;NA
6.92.72-72;-16.27223113;-72.16717107;-1918439.053;2768508.46;NA
6.92.72-72;-16.27059124;-72.16863967;-1918229.353;2768362.876;NA
6.92.72-72;-16.27332024;-72.17070563;-1918523.909;2768095.177;NA
6.92.72-72;-16.27493728;-72.16921358;-1918731.215;2768243.692;NA
6.92.72-73; ; ;-1.516416327;20763369.87;NA
6.92.72-73;-16.27264033;-72.17151501;-1918434.55;2768012.148;NA
6.92.72-73;-16.27063708;-72.17173892;-1918197.333;2768011.847;NA
6.92.72-73;-16.26999968;-72.17181121;-1918121.841;2768011.632;NA
6.92.72-73;-16.27111686;-72.17281773;-1918240.486;2767883.868;NA
6.92.72-74; ; ;-1.516416327;20763369.87;NA
6.92.72-74;-16.27339972;-72.17099508;-1918529.721;2768061.456;NA
6.92.72-74;-16.27117752;-72.17290741;-1918246.506;2767872.97;NA
6.92.72-74;-16.27184537;-72.1735322;-1918317.154;2767793.981;NA
6.92.72-74;-16.27415345;-72.17152701;-1918611.541;2767991.893;NA
6.92.72-75; ; ;-1.516416327;20763369.87;NA
6.92.72-75;-16.27426887;-72.17162901;-1918623.823;2767978.917;NA
6.92.72-75;-16.27197094;-72.17364746;-1918330.463;2767779.381;NA
6.92.72-75;-16.27356077;-72.17347441;-1918518.666;2767779.094;NA
6.92.72-75;-16.27495064;-72.17217797;-1918697.013;2767908.329;NA
6.92.72-76; ; ;-1.516416327;20763369.87;NA
6.92.72-76;-16.27422458;-72.17027111;-1918635.021;2768133.015;NA
6.92.72-76;-16.27358709;-72.17083513;-1918553.587;2768077.201;NA
6.92.72-76;-16.27385068;-72.17106916;-1918581.621;2768047.446;NA
6.92.72-76;-16.2745406;-72.1704774;-1918669.527;2768105.741;NA
6.92.72-77; ; ;-1.516416327;20763369.87;NA
6.92.72-77;-16.27459376;-72.1705295;-1918675.123;2768099.186;NA
6.92.72-77;-16.27388059;-72.17112462;-1918584.453;2768040.802;NA
6.92.72-77;-16.27425745;-72.17143122;-1918624.872;2768001.425;NA
6.92.72-77;-16.27496094;-72.17081744;-1918714.633;2768062.04;NA
6.92.72-78; ; ;-1.516416327;20763369.87;NA
6.92.72-78;-16.27503456;-72.17087396;-1918722.569;2768054.73;NA
6.92.72-78;-16.27433491;-72.17145296;-1918633.678;2767997.999;NA
6.92.72-78;-16.27471273;-72.17176937;-1918674.091;2767957.502;NA
6.92.72-78;-16.27539215;-72.17114818;-1918761.124;2768019.256;NA
6.92.72-79; ; ;-1.516416327;20763369.87;NA
6.92.72-79;-16.27549406;-72.17118975;-1918772.552;2768013.282;NA
6.92.72-79;-16.27478051;-72.17181077;-1918681.527;2767951.974;NA
6.92.72-79;-16.27513856;-72.1720926;-1918720.043;2767915.635;NA
6.92.72-79;-16.27583798;-72.17146268;-1918809.52;2767978.125;NA
6.92.72-80; ; ;-1.516416327;20763369.87;NA
6.92.72-80;-16.27647996;-72.17029358;-1918898.783;2768102.3;NA
6.92.72-80;-16.27551457;-72.17113415;-1918775.625;2768019.314;NA
6.92.72-80;-16.27590478;-72.17142661;-1918817.777;2767981.37;NA
6.92.72-80;-16.27687441;-72.17058367;-1918941.459;2768064.57;NA
6.92.72-81; ; ;-1.516416327;20763369.87;NA
6.92.72-81;-16.27607925;-72.16999759;-1918855.443;2768140.774;NA
6.92.72-81;-16.27511755;-72.17081093;-1918733.045;2768060.821;NA
6.92.72-81;-16.27544969;-72.17111313;-1918768.282;2768022.5;NA
6.92.72-81;-16.27641871;-72.17026194;-1918891.995;2768106.643;NA
6.92.72-82; ; ;-1.516416327;20763369.87;NA
6.92.72-82;-16.2756185;-72.16961686;-1918806.099;2768189.581;NA
6.92.72-82;-16.27463899;-72.17047758;-1918681.044;2768104.492;NA
6.92.72-82;-16.27501496;-72.17077474;-1918721.473;2768066.194;NA
6.92.72-82;-16.27599523;-72.16991612;-1918846.591;2768151.037;NA
6.92.72-83; ; ;-1.516416327;20763369.87;NA
6.92.72-83;-16.27458001;-72.1704289;-1918674.727;2768110.733;NA
6.92.72-83;-16.27553213;-72.16956822;-1918796.575;2768196.16;NA
6.92.72-83;-16.27528064;-72.16937055;-1918769.518;2768221.654;NA
6.92.72-83;-16.27425063;-72.17021713;-1918638.721;2768138.794;NA
6.92.72-84; ; ;-1.516416327;20763369.87;NA
6.92.72-84;-16.27826432;-72.16814745;-1919133.574;2768322.676;NA
6.92.72-84;-16.27655349;-72.16830103;-1918931.436;2768326.687;NA
6.92.72-84;-16.27584002;-72.16891927;-1918840.45;2768265.694;NA
6.92.72-84;-16.27618675;-72.16933783;-1918875.99;2768214.033;NA
6.92.72-84;-16.27836973;-72.16905024;-1919135.018;2768219.277;NA
6.92.72-85; ; ;-1.516416327;20763369.87;NA
6.92.72-85;-16.27842317;-72.16917103;-1919139.817;2768204.952;NA
6.92.72-85;-16.27622464;-72.16946203;-1918878.927;2768199.516;NA
6.92.72-85;-16.27698064;-72.17028937;-1918957.447;2768096.521;NA
6.92.72-85;-16.27852956;-72.17013254;-1919140.668;2768094.902;NA
6.92.72-86; ; ;-1.516416327;20763369.87;NA
6.92.72-86;-16.27993697;-72.168916;-1919320.112;2768214.872;NA
6.92.72-86;-16.28013453;-72.16857441;-1919347.364;2768251.027;NA
6.92.72-86;-16.27925297;-72.16800628;-1919251.018;2768326.284;NA
6.92.72-86;-16.27838467;-72.16811246;-1919148.086;2768325.129;NA
6.92.72-86;-16.278485;-72.16903689;-1919148.674;2768219.347;NA
6.92.72-87; ; ;-1.516416327;20763369.87;NA
6.92.72-87;-16.28062483;-72.16896019;-1919400.107;2768201.28;NA
6.92.72-87;-16.27991188;-72.16903196;-1919315.776;2768202.074;NA
6.92.72-87;-16.27850741;-72.16918094;-1919149.559;2768202.778;NA
6.92.72-87;-16.27862557;-72.17057158;-1919146.61;2768044.059;NA
6.92.72-87;-16.28077497;-72.17033462;-1919401.093;2768043.995;NA
6.92.72-88; ; ;-1.516416327;20763369.87;NA
6.92.72-88;-16.28078267;-72.1704081;-1919401.108;2768035.591;NA
6.92.72-88;-16.27865984;-72.1706258;-1919149.967;2768037.5;NA
6.92.72-88;-16.27872902;-72.17158583;-1919146.48;2767928.083;NA
6.92.72-88;-16.28086926;-72.17136585;-1919399.685;2767926.215;NA
6.92.72-89; ; ;-1.516416327;20763369.87;NA
6.92.72-89;-16.28091687;-72.17143436;-1919404.432;2767917.874;NA
6.92.72-89;-16.27877235;-72.1717424;-1919149.663;2767909.839;NA
6.92.72-89;-16.27886686;-72.17262994;-1919150.018;2767808.303;NA
6.92.72-89;-16.28097608;-72.17243888;-1919399.24;2767803.554;NA
6.92.72-90; ; ;-1.516416327;20763369.87;NA
6.92.72-90;-16.28135564;-72.16932185;-1919481.295;2768151.254;NA
6.92.72-90;-16.28075123;-72.16942084;-1919409.344;2768147.614;NA
6.92.72-90;-16.28082206;-72.17035968;-1919406.303;2768040.573;NA
6.92.72-90;-16.28255936;-72.17017718;-1919611.888;2768039.498;NA
6.92.72-91; ; ;-1.516416327;20763369.87;NA
6.92.72-91;-16.28260648;-72.17024803;-1919616.548;2768030.898;NA
6.92.72-91;-16.28088776;-72.17040989;-1919413.389;2768034.074;NA
6.92.72-91;-16.28099711;-72.17133861;-1919414.981;2767927.698;NA
6.92.72-91;-16.28355099;-72.17107101;-1919717.185;2767926.04;NA
6.92.72-92; ; ;-1.516416327;20763369.87;NA
6.92.72-92;-16.28109154;-72.17241598;-1919413.034;2767804.701;NA
6.92.72-92;-16.28414559;-72.17206357;-1919774.811;2767806.383;NA
6.92.72-92;-16.28359372;-72.17112143;-1919721.579;2767919.806;NA
6.92.72-92;-16.28100356;-72.17140556;-1919414.928;2767920.047;NA
6.92.72-93; ; ;-1.516416327;20763369.87;NA
6.92.72-93;-16.28126726;-72.17487289;-1919403.956;2767524.707;NA
6.92.72-93;-16.28204348;-72.1739951;-1919505.417;2767614.258;NA
6.92.72-93;-16.28164763;-72.17367873;-1919462.894;2767654.975;NA
6.92.72-93;-16.2809042;-72.17449062;-1919366.067;2767572.465;NA
6.92.72-94; ; ;-1.516416327;20763369.87;NA
6.92.72-94;-16.28613262;-72.17440167;-1919979.201;2767517.192;NA
6.92.72-94;-16.28537537;-72.17329122;-1919903.958;2767652.209;NA
6.92.72-94;-16.28491561;-72.17288054;-1919855.093;2767704.388;NA
6.92.72-94;-16.28344695;-72.17303317;-1919681.322;2767705.485;NA
6.92.72-94;-16.28360188;-72.17470955;-1919679.227;2767514.006;NA
6.92.72-95; ; ;-1.516416327;20763369.87;NA
6.92.72-95;-16.28553574;-72.17252929;-1919931.928;2767736.353;NA
6.92.72-95;-16.2850483;-72.17217756;-1919879.112;2767782.213;NA
6.92.72-95;-16.28473945;-72.17258023;-1919838.095;2767740.545;NA
6.92.72-95;-16.28516408;-72.17292897;-1919883.595;2767695.808;NA
6.92.72-96; ; ;-1.516416327;20763369.87;NA
6.92.72-96;-16.28597258;-72.17228832;-1919985.976;2767758.138;NA
6.92.72-96;-16.28521927;-72.17293977;-1919889.926;2767693.896;NA
6.92.72-96;-16.28581389;-72.17367852;-1919950.618;2767602.938;NA
6.92.72-96;-16.28651465;-72.17308679;-1920039.795;2767661.084;NA
6.92.72-97; ; ;-1.516416327;20763369.87;NA
6.92.72-97;-16.28660476;-72.17315479;-1920049.523;2767652.269;NA
6.92.72-97;-16.28584623;-72.17374484;-1919953.604;2767595.036;NA
6.92.72-97;-16.28631558;-72.17440978;-1920000.522;2767513.989;NA
6.92.72-97;-16.28695667;-72.17366087;-1920084.609;2767590.652;NA
6.92.72-98; ; ;-1.516416327;20763369.87;NA
6.92.72-98;-16.27877639;-72.17405037;-1919122.288;2767648.826;NA
6.92.72-98;-16.27867082;-72.17310327;-1919121.356;2767757.233;NA
6.92.72-98;-16.2771422;-72.17327786;-1918940.301;2767756.587;NA
6.92.72-98;-16.27722347;-72.17421473;-1918938.512;2767649.639;NA
6.92.72-99; ; ;-1.516416327;20763369.87;NA
6.92.72-99;-16.27704947;-72.17423583;-1918917.888;2767649.426;NA
6.92.72-99;-16.2769664;-72.17328471;-1918919.639;2767758.009;NA
6.92.72-99;-16.27591251;-72.17341595;-1918794.68;2767756.333;NA
6.92.72-99;-16.27598778;-72.17437141;-1918791.965;2767647.357;NA
6.92.72-100; ; ;-1.516416327;20763369.87;NA
6.92.72-100;-16.27585277;-72.17435927;-1918776.307;2767650.416;NA
6.92.72-100;-16.27576989;-72.1734289;-1918777.829;2767756.649;NA
6.92.72-100;-16.27483133;-72.17351564;-1918666.908;2767758.564;NA
6.92.72-100;-16.27491692;-72.17446095;-1918665.525;2767650.607;NA
6.92.72-101; ; ;-1.516416327;20763369.87;NA
6.92.72-101;-16.27478675;-72.1744787;-1918650.072;2767650.226;NA
6.92.72-101;-16.27470956;-72.17352701;-1918652.516;2767758.8;NA
6.92.72-101;-16.27373196;-72.17364474;-1918536.652;2767757.697;NA
6.92.72-101;-16.2738288;-72.17458681;-1918536.625;2767649.965;NA
6.92.72-102; ; ;-1.516416327;20763369.87;NA
6.92.72-102;-16.27471469;-72.17256646;-1918664.704;2767867.348;NA
6.92.72-102;-16.27374141;-72.17343964;-1918540.232;2767780.77;NA
6.92.72-102;-16.27374606;-72.17357862;-1918539.1;2767764.997;NA
6.92.72-102;-16.27469842;-72.17344479;-1918652.204;2767768.236;NA
6.92.72-103; ; ;-1.516416327;20763369.87;NA
6.92.72-103;-16.27363811;-72.17364632;-1918525.646;2767758.69;NA
6.92.72-103;-16.27225226;-72.17376437;-1918361.986;2767762.648;NA
6.92.72-103;-16.27314882;-72.17464937;-1918456.269;2767651.382;NA
6.92.72-103;-16.27373052;-72.17458909;-1918525.092;2767650.934;NA
6.92.72-104; ; ;-1.516416327;20763369.87;NA
6.92.72-104;-16.27481283;-72.17458721;-1918651.816;2767637.63;NA
6.92.72-104;-16.27328848;-72.1747817;-1918471.021;2767634.675;NA
6.92.72-104;-16.27376274;-72.17518462;-1918521.681;2767583.193;NA
6.92.72-104;-16.27484189;-72.17506754;-1918649.424;2767582.956;NA
6.92.72-105; ; ;-1.516416327;20763369.87;NA
6.92.72-105;-16.27486449;-72.17512602;-1918651.364;2767576.06;NA
6.92.72-105;-16.27382623;-72.17523675;-1918528.485;2767576.506;NA
6.92.72-105;-16.27428164;-72.17572729;-1918575.88;2767515.353;NA
6.92.72-105;-16.27487342;-72.17567112;-1918645.834;2767514.314;NA
6.92.72-106; ; ;-1.516416327;20763369.87;NA
6.92.72-106;-16.27495625;-72.17454308;-1918669.138;2767640.829;NA
6.92.72-106;-16.27507578;-72.17562378;-1918670.095;2767517.14;NA
6.92.72-106;-16.27718748;-72.17537475;-1918920.305;2767518.925;NA
6.92.72-106;-16.27709371;-72.17436131;-1918921.553;2767634.686;NA
6.92.72-107; ; ;-1.516416327;20763369.87;NA
6.92.72-107;-16.27729247;-72.17479718;-1918939.562;2767582.92;NA
6.92.72-107;-16.27886068;-72.17462264;-1919125.251;2767583.066;NA
6.92.72-107;-16.27881203;-72.1741728;-1919124.983;2767634.537;NA
6.92.72-107;-16.27723716;-72.17433716;-1918938.638;2767635.625;NA
6.92.72-108; ; ;-1.516416327;20763369.87;NA
6.92.72-108;-16.27888582;-72.17467833;-1919127.522;2767576.455;NA
6.92.72-108;-16.27729067;-72.17485806;-1918938.618;2767576.058;NA
6.92.72-108;-16.27732734;-72.17534135;-1918937.079;2767520.954;NA
6.92.72-108;-16.27892313;-72.17514381;-1919126.273;2767523.358;NA
6.92.72-109; ; ;-1.516416327;20763369.87;NA
6.92.72-109;-16.27618018;-72.17576835;-1918797.637;2767487;NA
6.92.72-109;-16.27453536;-72.17590971;-1918603.382;2767491.558;NA
6.92.72-109;-16.27548174;-72.17676081;-1918703.903;2767383.506;NA
6.92.72-109;-16.27626634;-72.17670348;-1918796.443;2767380.189;NA
6.92.72-110; ; ;-1.516416327;20763369.87;NA
6.92.72-110;-16.2775959;-72.17656614;-1918953.744;2767379.114;NA
6.92.72-110;-16.27751722;-72.17563417;-1918955.775;2767485.474;NA
6.92.72-110;-16.2762442;-72.17577288;-1918805.077;2767485.689;NA
6.92.72-110;-16.27633866;-72.17669057;-1918805.066;2767380.746;NA
6.92.72-111; ; ;-1.516416327;20763369.87;NA
6.92.72-111;-16.28040495;-72.17533533;-1919297.43;2767483.193;NA
6.92.72-111;-16.2776744;-72.17561981;-1918974.348;2767485.135;NA
6.92.72-111;-16.27777266;-72.17652721;-1918974.905;2767381.308;NA
6.92.72-111;-16.27955242;-72.17635373;-1919185.343;2767378.694;NA
6.92.72-112; ; ;-1.516416327;20763369.87;NA
6.92.72-112;-16.27792357;-72.17661993;-1918991.452;2767368.939;NA
6.92.72-112;-16.2787251;-72.17733774;-1919076.623;2767277.767;NA
6.92.72-112;-16.27948001;-72.17643942;-1919175.832;2767369.909;NA
6.92.72-113; ; ;-1.516416327;20763369.87;NA
6.92.72-113;-16.27841019;-72.17766647;-1919035.794;2767244.532;NA
6.92.72-113;-16.27866228;-72.17738764;-1919068.667;2767272.911;NA
6.92.72-113;-16.27783934;-72.17664054;-1918981.343;2767367.661;NA
6.92.72-113;-16.27734146;-72.17668604;-1918922.512;2767368.734;NA
6.92.72-114; ; ;-1.516416327;20763369.87;NA
6.92.72-114;-16.27721701;-72.17669065;-1918907.887;2767369.767;NA
6.92.72-114;-16.27631557;-72.17678627;-1918801.207;2767370.213;NA
6.92.72-114;-16.27793389;-72.17826293;-1918972.842;2767183.04;NA
6.92.72-114;-16.27838974;-72.17774109;-1919032.499;2767236.35;NA
6.92.72-115; ; ;-1.516416327;20763369.87;NA
6.92.72-115;-16.27622116;-72.17678699;-1918790.147;2767371.311;NA
6.92.72-115;-16.27556092;-72.17684131;-1918712.201;2767373.415;NA
6.92.72-115;-16.27759015;-72.17866339;-1918927.773;2767142.054;NA
6.92.72-115;-16.27788799;-72.17833622;-1918966.585;2767175.327;NA
6.92.72-116; ; ;-1.516416327;20763369.87;NA
6.92.72-116;-16.27799145;-72.17904029;-1918970.203;2767094.427;NA
6.92.72-116;-16.27830058;-72.17867929;-1919010.746;2767131.384;NA
6.92.72-116;-16.27792748;-72.17835558;-1918970.974;2767172.645;NA
6.92.72-116;-16.27763966;-72.17871115;-1918932.993;2767136.035;NA
6.92.72-117; ; ;-1.516416327;20763369.87;NA
6.92.72-117;-16.28055813;-72.17531855;-1919315.565;2767483.176;NA
6.92.72-117;-16.27800432;-72.17829287;-1918980.725;2767178.775;NA
6.92.72-117;-16.27835403;-72.17859981;-1919017.961;2767139.703;NA
6.92.72-117;-16.28128242;-72.17520614;-1919401.71;2767486.838;NA
6.92.72-118; ; ;-1.516416327;20763369.87;NA
6.92.72-118;-16.28372042;-72.17498494;-1919689.78;2767481.388;NA
6.92.72-118;-16.2818363;-72.17521701;-1919466.417;2767478.69;NA
6.92.72-118;-16.28227831;-72.17563885;-1919513.07;2767425.471;NA
6.92.72-118;-16.28373612;-72.17546379;-1919685.84;2767427.051;NA
6.92.72-119; ; ;-1.516416327;20763369.87;NA
6.92.72-119;-16.28494489;-72.17533382;-1919828.91;2767426.642;NA
6.92.72-119;-16.28492605;-72.17489652;-1919831.983;2767476.32;NA
6.92.72-119;-16.28381421;-72.17499186;-1919700.677;2767479.434;NA
6.92.72-119;-16.28386222;-72.17545383;-1919700.721;2767426.601;NA
6.92.72-120; ; ;-1.516416327;20763369.87;NA
6.92.72-120;-16.28499625;-72.17486145;-1919840.625;2767479.409;NA
6.92.72-120;-16.28507975;-72.17590256;-1919837.834;2767360.653;NA
6.92.72-120;-16.28639657;-72.17467339;-1920006.821;2767483.172;NA
6.92.72-121; ; ;-1.516416327;20763369.87;NA
6.92.72-121;-16.28493624;-72.1759398;-1919820.585;2767358.235;NA
6.92.72-121;-16.28491794;-72.17546732;-1919824.145;2767411.885;NA
6.92.72-121;-16.28386755;-72.17557471;-1919699.887;2767412.868;NA
6.92.72-121;-16.28390539;-72.17604258;-1919698.671;2767359.495;NA
6.92.72-122; ; ;-1.516416327;20763369.87;NA
6.92.72-122;-16.2837684;-72.17558196;-1919688.193;2767413.287;NA
6.92.72-122;-16.28230846;-72.17573657;-1919515.421;2767414.045;NA
6.92.72-122;-16.28284659;-72.17614428;-1919573.497;2767361.225;NA
6.92.72-122;-16.28380582;-72.17604036;-1919687.041;2767360.99;NA
6.92.72-123; ; ;-1.516416327;20763369.87;NA
6.92.72-123;-16.28383107;-72.17614116;-1919688.781;2767349.278;NA
6.92.72-123;-16.28290895;-72.17622709;-1919579.798;2767351.083;NA
6.92.72-123;-16.28391033;-72.17699223;-1919687.789;2767252.061;NA
6.92.72-124; ; ;-1.516416327;20763369.87;NA
6.92.72-124;-16.28393873;-72.17611282;-1919701.726;2767351.137;NA
6.92.72-124;-16.28401309;-72.17695259;-1919700.296;2767255.259;NA
6.92.72-124;-16.28498353;-72.17603176;-1919825.011;2767347.248;NA
6.92.72-125; ; ;-1.516416327;20763369.87;NA
6.92.72-125;-16.28581683;-72.1756053;-1919927.707;2767385.052;NA
6.92.72-125;-16.28535283;-72.1761471;-1919866.85;2767329.592;NA
6.92.72-125;-16.28557175;-72.17637464;-1919889.731;2767301.131;NA
6.92.72-125;-16.28600299;-72.17587412;-1919946.254;2767352.332;NA
6.92.72-126; ; ;-1.516416327;20763369.87;NA
6.92.72-126;-16.28472219;-72.17731594;-1919778.921;2767205.318;NA
6.92.72-126;-16.28552022;-72.17648036;-1919882.424;2767289.821;NA
6.92.72-126;-16.28519734;-72.1761636;-1919848.449;2767329.669;NA
6.92.72-126;-16.28439534;-72.17694354;-1919745.153;2767251.507;NA
6.92.72-127; ; ;-1.516416327;20763369.87;NA
6.92.72-127;-16.2843235;-72.17771607;-1919727.422;2767165.059;NA
6.92.72-127;-16.2830974;-72.17684814;-1919594.364;2767278.509;NA
6.92.72-127;-16.28148853;-72.17554016;-1919421.807;2767446.497;NA
6.92.72-127;-16.2806576;-72.17644498;-1919313.618;2767354.571;NA
6.92.72-127;-16.28326561;-72.17899285;-1919588.177;2767033.918;NA
6.92.72-128; ; ;-1.516416327;20763369.87;NA
6.92.72-128;-16.28116248;-72.17740127;-1919361.183;2767240.14;NA
6.92.72-128;-16.28040289;-72.17833026;-1919261.056;2767144.592;NA
6.92.72-128;-16.2796645;-72.1776397;-1919182.95;2767231.893;NA
6.92.72-128;-16.27812934;-72.17940186;-1918981.984;2767051.824;NA
6.92.72-128;-16.27992504;-72.18101457;-1919172.739;2766847.058;NA
6.92.72-128;-16.28223907;-72.17832998;-1919476.007;2767121.688;NA
6.92.72-129; ; ;-1.516416327;20763369.87;NA
6.92.72-129;-16.28084554;-72.18181232;-1919270.871;2766745.366;NA
6.92.72-129;-16.28309169;-72.17913908;-1919566.054;2767019.558;NA
6.92.72-129;-16.28227305;-72.17837759;-1919479.411;2767115.881;NA
6.92.72-129;-16.27999578;-72.18108599;-1919180.158;2766838.098;NA