<?xml version="1.0" encoding="UTF-8"?>
<kml xmlns="http://www.opengis.net/kml/2.2" xmlns:gx="http://www.google.com/kml/ext/2.2" xmlns:kml="http://www.opengis.net/kml/2.2" xmlns:atom="http://www.w3.org/2005/Atom">
<Document>
	<name>Cluster_20_ingreso_economico_20feb2023.kml</name>
	<Schema name="yura poligono" id="S_yura_poligono_DSSSSDDDDS00201">
		<SimpleField type="double" name="fid"><displayName>&lt;b&gt;fid&lt;/b&gt;</displayName>
</SimpleField>
		<SimpleField type="long" name="handle"><displayName>&lt;b&gt;handle&lt;/b&gt;</displayName>
</SimpleField>
		<SimpleField type="long" name="block"><displayName>&lt;b&gt;block&lt;/b&gt;</displayName>
</SimpleField>
		<SimpleField type="long" name="etype"><displayName>&lt;b&gt;etype&lt;/b&gt;</displayName>
</SimpleField>
		<SimpleField type="long" name="space"><displayName>&lt;b&gt;space&lt;/b&gt;</displayName>
</SimpleField>
		<SimpleField type="string" name="layer"><displayName>&lt;b&gt;layer&lt;/b&gt;</displayName>
</SimpleField>
		<SimpleField type="string" name="olinetype"><displayName>&lt;b&gt;olinetype&lt;/b&gt;</displayName>
</SimpleField>
		<SimpleField type="string" name="linetype"><displayName>&lt;b&gt;linetype&lt;/b&gt;</displayName>
</SimpleField>
		<SimpleField type="string" name="color"><displayName>&lt;b&gt;color&lt;/b&gt;</displayName>
</SimpleField>
		<SimpleField type="long" name="ocolor"><displayName>&lt;b&gt;ocolor&lt;/b&gt;</displayName>
</SimpleField>
		<SimpleField type="long" name="color24"><displayName>&lt;b&gt;color24&lt;/b&gt;</displayName>
</SimpleField>
		<SimpleField type="long" name="transparen"><displayName>&lt;b&gt;transparen&lt;/b&gt;</displayName>
</SimpleField>
		<SimpleField type="long" name="lweight"><displayName>&lt;b&gt;lweight&lt;/b&gt;</displayName>
</SimpleField>
		<SimpleField type="double" name="linewidth"><displayName>&lt;b&gt;linewidth&lt;/b&gt;</displayName>
</SimpleField>
		<SimpleField type="double" name="ltscale"><displayName>&lt;b&gt;ltscale&lt;/b&gt;</displayName>
</SimpleField>
		<SimpleField type="long" name="visible"><displayName>&lt;b&gt;visible&lt;/b&gt;</displayName>
</SimpleField>
		<SimpleField type="double" name="width"><displayName>&lt;b&gt;width&lt;/b&gt;</displayName>
</SimpleField>
		<SimpleField type="double" name="thickness"><displayName>&lt;b&gt;thickness&lt;/b&gt;</displayName>
</SimpleField>
		<SimpleField type="string" name="ext"><displayName>&lt;b&gt;ext&lt;/b&gt;</displayName>
</SimpleField>
	</Schema>
	<Schema name="yura poligono" id="S_yura_poligono_DSSSSDDDDS01001">
		<SimpleField type="double" name="fid"><displayName>&lt;b&gt;fid&lt;/b&gt;</displayName>
</SimpleField>
		<SimpleField type="long" name="handle"><displayName>&lt;b&gt;handle&lt;/b&gt;</displayName>
</SimpleField>
		<SimpleField type="long" name="block"><displayName>&lt;b&gt;block&lt;/b&gt;</displayName>
</SimpleField>
		<SimpleField type="long" name="etype"><displayName>&lt;b&gt;etype&lt;/b&gt;</displayName>
</SimpleField>
		<SimpleField type="long" name="space"><displayName>&lt;b&gt;space&lt;/b&gt;</displayName>
</SimpleField>
		<SimpleField type="string" name="layer"><displayName>&lt;b&gt;layer&lt;/b&gt;</displayName>
</SimpleField>
		<SimpleField type="string" name="olinetype"><displayName>&lt;b&gt;olinetype&lt;/b&gt;</displayName>
</SimpleField>
		<SimpleField type="string" name="linetype"><displayName>&lt;b&gt;linetype&lt;/b&gt;</displayName>
</SimpleField>
		<SimpleField type="string" name="color"><displayName>&lt;b&gt;color&lt;/b&gt;</displayName>
</SimpleField>
		<SimpleField type="long" name="ocolor"><displayName>&lt;b&gt;ocolor&lt;/b&gt;</displayName>
</SimpleField>
		<SimpleField type="long" name="color24"><displayName>&lt;b&gt;color24&lt;/b&gt;</displayName>
</SimpleField>
		<SimpleField type="long" name="transparen"><displayName>&lt;b&gt;transparen&lt;/b&gt;</displayName>
</SimpleField>
		<SimpleField type="long" name="lweight"><displayName>&lt;b&gt;lweight&lt;/b&gt;</displayName>
</SimpleField>
		<SimpleField type="double" name="linewidth"><displayName>&lt;b&gt;linewidth&lt;/b&gt;</displayName>
</SimpleField>
		<SimpleField type="double" name="ltscale"><displayName>&lt;b&gt;ltscale&lt;/b&gt;</displayName>
</SimpleField>
		<SimpleField type="long" name="visible"><displayName>&lt;b&gt;visible&lt;/b&gt;</displayName>
</SimpleField>
		<SimpleField type="double" name="width"><displayName>&lt;b&gt;width&lt;/b&gt;</displayName>
</SimpleField>
		<SimpleField type="double" name="thickness"><displayName>&lt;b&gt;thickness&lt;/b&gt;</displayName>
</SimpleField>
		<SimpleField type="string" name="ext"><displayName>&lt;b&gt;ext&lt;/b&gt;</displayName>
</SimpleField>
	</Schema>
	<Style id="falseColor066135130001">
		<BalloonStyle>
			<text><![CDATA[<table border="0">
  <tr><td><b>fid</b></td><td>$[yura poligono/fid]</td></tr>
  <tr><td><b>handle</b></td><td>$[yura poligono/handle]</td></tr>
  <tr><td><b>block</b></td><td>$[yura poligono/block]</td></tr>
  <tr><td><b>etype</b></td><td>$[yura poligono/etype]</td></tr>
  <tr><td><b>space</b></td><td>$[yura poligono/space]</td></tr>
  <tr><td><b>layer</b></td><td>$[yura poligono/layer]</td></tr>
  <tr><td><b>olinetype</b></td><td>$[yura poligono/olinetype]</td></tr>
  <tr><td><b>linetype</b></td><td>$[yura poligono/linetype]</td></tr>
  <tr><td><b>color</b></td><td>$[yura poligono/color]</td></tr>
  <tr><td><b>ocolor</b></td><td>$[yura poligono/ocolor]</td></tr>
  <tr><td><b>color24</b></td><td>$[yura poligono/color24]</td></tr>
  <tr><td><b>transparen</b></td><td>$[yura poligono/transparen]</td></tr>
  <tr><td><b>lweight</b></td><td>$[yura poligono/lweight]</td></tr>
  <tr><td><b>linewidth</b></td><td>$[yura poligono/linewidth]</td></tr>
  <tr><td><b>ltscale</b></td><td>$[yura poligono/ltscale]</td></tr>
  <tr><td><b>visible</b></td><td>$[yura poligono/visible]</td></tr>
  <tr><td><b>width</b></td><td>$[yura poligono/width]</td></tr>
  <tr><td><b>thickness</b></td><td>$[yura poligono/thickness]</td></tr>
  <tr><td><b>ext</b></td><td>$[yura poligono/ext]</td></tr>
</table>]]></text>
		</BalloonStyle>
		<LineStyle>
			<color>ff0000ff</color>
			<width>2.6</width>
		</LineStyle>
		<PolyStyle>
			<color>00ffffff</color>
			<colorMode>random</colorMode>
			<fill>0</fill>
		</PolyStyle>
	</Style>
	<Style id="falseColor06613536001">
		<BalloonStyle>
			<text><![CDATA[<table border="0">
  <tr><td><b>fid</b></td><td>$[yura poligono/fid]</td></tr>
  <tr><td><b>handle</b></td><td>$[yura poligono/handle]</td></tr>
  <tr><td><b>block</b></td><td>$[yura poligono/block]</td></tr>
  <tr><td><b>etype</b></td><td>$[yura poligono/etype]</td></tr>
  <tr><td><b>space</b></td><td>$[yura poligono/space]</td></tr>
  <tr><td><b>layer</b></td><td>$[yura poligono/layer]</td></tr>
  <tr><td><b>olinetype</b></td><td>$[yura poligono/olinetype]</td></tr>
  <tr><td><b>linetype</b></td><td>$[yura poligono/linetype]</td></tr>
  <tr><td><b>color</b></td><td>$[yura poligono/color]</td></tr>
  <tr><td><b>ocolor</b></td><td>$[yura poligono/ocolor]</td></tr>
  <tr><td><b>color24</b></td><td>$[yura poligono/color24]</td></tr>
  <tr><td><b>transparen</b></td><td>$[yura poligono/transparen]</td></tr>
  <tr><td><b>lweight</b></td><td>$[yura poligono/lweight]</td></tr>
  <tr><td><b>linewidth</b></td><td>$[yura poligono/linewidth]</td></tr>
  <tr><td><b>ltscale</b></td><td>$[yura poligono/ltscale]</td></tr>
  <tr><td><b>visible</b></td><td>$[yura poligono/visible]</td></tr>
  <tr><td><b>width</b></td><td>$[yura poligono/width]</td></tr>
  <tr><td><b>thickness</b></td><td>$[yura poligono/thickness]</td></tr>
  <tr><td><b>ext</b></td><td>$[yura poligono/ext]</td></tr>
</table>]]></text>
		</BalloonStyle>
		<LineStyle>
			<width>2.4</width>
		</LineStyle>
		<PolyStyle>
			<color>00ffffff</color>
			<colorMode>random</colorMode>
			<fill>0</fill>
		</PolyStyle>
	</Style>
	<Style id="falseColor06613540105">
		<BalloonStyle>
			<text><![CDATA[<table border="0">
  <tr><td><b>fid</b></td><td>$[yura poligono/fid]</td></tr>
  <tr><td><b>handle</b></td><td>$[yura poligono/handle]</td></tr>
  <tr><td><b>block</b></td><td>$[yura poligono/block]</td></tr>
  <tr><td><b>etype</b></td><td>$[yura poligono/etype]</td></tr>
  <tr><td><b>space</b></td><td>$[yura poligono/space]</td></tr>
  <tr><td><b>layer</b></td><td>$[yura poligono/layer]</td></tr>
  <tr><td><b>olinetype</b></td><td>$[yura poligono/olinetype]</td></tr>
  <tr><td><b>linetype</b></td><td>$[yura poligono/linetype]</td></tr>
  <tr><td><b>color</b></td><td>$[yura poligono/color]</td></tr>
  <tr><td><b>ocolor</b></td><td>$[yura poligono/ocolor]</td></tr>
  <tr><td><b>color24</b></td><td>$[yura poligono/color24]</td></tr>
  <tr><td><b>transparen</b></td><td>$[yura poligono/transparen]</td></tr>
  <tr><td><b>lweight</b></td><td>$[yura poligono/lweight]</td></tr>
  <tr><td><b>linewidth</b></td><td>$[yura poligono/linewidth]</td></tr>
  <tr><td><b>ltscale</b></td><td>$[yura poligono/ltscale]</td></tr>
  <tr><td><b>visible</b></td><td>$[yura poligono/visible]</td></tr>
  <tr><td><b>width</b></td><td>$[yura poligono/width]</td></tr>
  <tr><td><b>thickness</b></td><td>$[yura poligono/thickness]</td></tr>
  <tr><td><b>ext</b></td><td>$[yura poligono/ext]</td></tr>
</table>]]></text>
		</BalloonStyle>
		<LineStyle>
			<color>ff0055aa</color>
			<width>2.5</width>
		</LineStyle>
		<PolyStyle>
			<color>00ffffff</color>
			<colorMode>random</colorMode>
			<fill>0</fill>
		</PolyStyle>
	</Style>
	<StyleMap id="falseColor163900171002">
		<Pair>
			<key>normal</key>
			<styleUrl>#falseColor26925311005</styleUrl>
		</Pair>
		<Pair>
			<key>highlight</key>
			<styleUrl>#falseColor06613540105</styleUrl>
		</Pair>
	</StyleMap>
	<StyleMap id="falseColor16390031201">
		<Pair>
			<key>normal</key>
			<styleUrl>#falseColor26925470001</styleUrl>
		</Pair>
		<Pair>
			<key>highlight</key>
			<styleUrl>#falseColor06613536001</styleUrl>
		</Pair>
	</StyleMap>
	<StyleMap id="falseColor163900600000">
		<Pair>
			<key>normal</key>
			<styleUrl>#falseColor26925330004</styleUrl>
		</Pair>
		<Pair>
			<key>highlight</key>
			<styleUrl>#falseColor066135130001</styleUrl>
		</Pair>
	</StyleMap>
	<Style id="falseColor26925311005">
		<BalloonStyle>
			<text><![CDATA[<table border="0">
  <tr><td><b>fid</b></td><td>$[yura poligono/fid]</td></tr>
  <tr><td><b>handle</b></td><td>$[yura poligono/handle]</td></tr>
  <tr><td><b>block</b></td><td>$[yura poligono/block]</td></tr>
  <tr><td><b>etype</b></td><td>$[yura poligono/etype]</td></tr>
  <tr><td><b>space</b></td><td>$[yura poligono/space]</td></tr>
  <tr><td><b>layer</b></td><td>$[yura poligono/layer]</td></tr>
  <tr><td><b>olinetype</b></td><td>$[yura poligono/olinetype]</td></tr>
  <tr><td><b>linetype</b></td><td>$[yura poligono/linetype]</td></tr>
  <tr><td><b>color</b></td><td>$[yura poligono/color]</td></tr>
  <tr><td><b>ocolor</b></td><td>$[yura poligono/ocolor]</td></tr>
  <tr><td><b>color24</b></td><td>$[yura poligono/color24]</td></tr>
  <tr><td><b>transparen</b></td><td>$[yura poligono/transparen]</td></tr>
  <tr><td><b>lweight</b></td><td>$[yura poligono/lweight]</td></tr>
  <tr><td><b>linewidth</b></td><td>$[yura poligono/linewidth]</td></tr>
  <tr><td><b>ltscale</b></td><td>$[yura poligono/ltscale]</td></tr>
  <tr><td><b>visible</b></td><td>$[yura poligono/visible]</td></tr>
  <tr><td><b>width</b></td><td>$[yura poligono/width]</td></tr>
  <tr><td><b>thickness</b></td><td>$[yura poligono/thickness]</td></tr>
  <tr><td><b>ext</b></td><td>$[yura poligono/ext]</td></tr>
</table>]]></text>
		</BalloonStyle>
		<LineStyle>
			<color>ff0055aa</color>
			<width>2.5</width>
		</LineStyle>
		<PolyStyle>
			<color>00ffffff</color>
			<colorMode>random</colorMode>
			<fill>0</fill>
		</PolyStyle>
	</Style>
	<Style id="falseColor26925330004">
		<BalloonStyle>
			<text><![CDATA[<table border="0">
  <tr><td><b>fid</b></td><td>$[yura poligono/fid]</td></tr>
  <tr><td><b>handle</b></td><td>$[yura poligono/handle]</td></tr>
  <tr><td><b>block</b></td><td>$[yura poligono/block]</td></tr>
  <tr><td><b>etype</b></td><td>$[yura poligono/etype]</td></tr>
  <tr><td><b>space</b></td><td>$[yura poligono/space]</td></tr>
  <tr><td><b>layer</b></td><td>$[yura poligono/layer]</td></tr>
  <tr><td><b>olinetype</b></td><td>$[yura poligono/olinetype]</td></tr>
  <tr><td><b>linetype</b></td><td>$[yura poligono/linetype]</td></tr>
  <tr><td><b>color</b></td><td>$[yura poligono/color]</td></tr>
  <tr><td><b>ocolor</b></td><td>$[yura poligono/ocolor]</td></tr>
  <tr><td><b>color24</b></td><td>$[yura poligono/color24]</td></tr>
  <tr><td><b>transparen</b></td><td>$[yura poligono/transparen]</td></tr>
  <tr><td><b>lweight</b></td><td>$[yura poligono/lweight]</td></tr>
  <tr><td><b>linewidth</b></td><td>$[yura poligono/linewidth]</td></tr>
  <tr><td><b>ltscale</b></td><td>$[yura poligono/ltscale]</td></tr>
  <tr><td><b>visible</b></td><td>$[yura poligono/visible]</td></tr>
  <tr><td><b>width</b></td><td>$[yura poligono/width]</td></tr>
  <tr><td><b>thickness</b></td><td>$[yura poligono/thickness]</td></tr>
  <tr><td><b>ext</b></td><td>$[yura poligono/ext]</td></tr>
</table>]]></text>
		</BalloonStyle>
		<LineStyle>
			<color>ff0000ff</color>
			<width>2.6</width>
		</LineStyle>
		<PolyStyle>
			<color>00ffffff</color>
			<colorMode>random</colorMode>
			<fill>0</fill>
		</PolyStyle>
	</Style>
	<Style id="falseColor26925470001">
		<BalloonStyle>
			<text><![CDATA[<table border="0">
  <tr><td><b>fid</b></td><td>$[yura poligono/fid]</td></tr>
  <tr><td><b>handle</b></td><td>$[yura poligono/handle]</td></tr>
  <tr><td><b>block</b></td><td>$[yura poligono/block]</td></tr>
  <tr><td><b>etype</b></td><td>$[yura poligono/etype]</td></tr>
  <tr><td><b>space</b></td><td>$[yura poligono/space]</td></tr>
  <tr><td><b>layer</b></td><td>$[yura poligono/layer]</td></tr>
  <tr><td><b>olinetype</b></td><td>$[yura poligono/olinetype]</td></tr>
  <tr><td><b>linetype</b></td><td>$[yura poligono/linetype]</td></tr>
  <tr><td><b>color</b></td><td>$[yura poligono/color]</td></tr>
  <tr><td><b>ocolor</b></td><td>$[yura poligono/ocolor]</td></tr>
  <tr><td><b>color24</b></td><td>$[yura poligono/color24]</td></tr>
  <tr><td><b>transparen</b></td><td>$[yura poligono/transparen]</td></tr>
  <tr><td><b>lweight</b></td><td>$[yura poligono/lweight]</td></tr>
  <tr><td><b>linewidth</b></td><td>$[yura poligono/linewidth]</td></tr>
  <tr><td><b>ltscale</b></td><td>$[yura poligono/ltscale]</td></tr>
  <tr><td><b>visible</b></td><td>$[yura poligono/visible]</td></tr>
  <tr><td><b>width</b></td><td>$[yura poligono/width]</td></tr>
  <tr><td><b>thickness</b></td><td>$[yura poligono/thickness]</td></tr>
  <tr><td><b>ext</b></td><td>$[yura poligono/ext]</td></tr>
</table>]]></text>
		</BalloonStyle>
		<LineStyle>
			<width>2.4</width>
		</LineStyle>
		<PolyStyle>
			<color>00ffffff</color>
			<colorMode>random</colorMode>
			<fill>0</fill>
		</PolyStyle>
	</Style>
	<Folder>
		<name>Cluster_20_ingreso_economico_20feb2023</name>
		<Folder>
			<name>A</name>
		</Folder>
		<Folder>
			<name>B</name>
		</Folder>
		<Folder>
			<name>C</name>
		</Folder>
		<Folder>
			<name>D</name>
			<Placemark>
				<name>1.29.68-28</name>
				<styleUrl>#falseColor163900171002</styleUrl>
				<Polygon>
					<tessellate>1</tessellate>
					<outerBoundaryIs>
						<LinearRing>
							<coordinates>
								-71.63275029616607,-16.31090458610359,0 -71.63264065440495,-16.31044696756945,0 -71.63349727344225,-16.31019277524567,0 -71.63373149824999,-16.31063080656276,0 -71.63301883301651,-16.31084072537177,0 -71.63275029616607,-16.31090458610359,0 
							</coordinates>
						</LinearRing>
					</outerBoundaryIs>
				</Polygon>
			</Placemark>
			<Placemark>
				<name>1.29.69-1</name>
				<styleUrl>#falseColor163900171002</styleUrl>
				<Polygon>
					<tessellate>1</tessellate>
					<outerBoundaryIs>
						<LinearRing>
							<coordinates>
								-71.63088622207967,-16.30607335961064,0 -71.63072482737086,-16.3069646932307,0 -71.63059474068682,-16.30711619790005,0 -71.62935543637224,-16.30513020585033,0 -71.63007031138709,-16.30473238687667,0 -71.63088622207967,-16.30607335961064,0 
							</coordinates>
						</LinearRing>
					</outerBoundaryIs>
				</Polygon>
			</Placemark>
			<Placemark>
				<name>1.29.69-3</name>
				<styleUrl>#falseColor163900171002</styleUrl>
				<Polygon>
					<tessellate>1</tessellate>
					<outerBoundaryIs>
						<LinearRing>
							<coordinates>
								-71.63217972995005,-16.30798527611869,0 -71.63261949624641,-16.30872525091679,0 -71.63186614433305,-16.30913690324239,0 -71.63143130055865,-16.3084209760048,0 -71.63217972995005,-16.30798527611869,0 
							</coordinates>
						</LinearRing>
					</outerBoundaryIs>
				</Polygon>
			</Placemark>
			<Placemark>
				<name>1.29.69-4</name>
				<styleUrl>#falseColor163900171002</styleUrl>
				<Polygon>
					<tessellate>1</tessellate>
					<outerBoundaryIs>
						<LinearRing>
							<coordinates>
								-71.63126999785209,-16.30848933953443,0 -71.63172817237107,-16.30923388363032,0 -71.63064232401152,-16.30982988514782,0 -71.63077806203232,-16.30879132168461,0 -71.63126999785209,-16.30848933953443,0 
							</coordinates>
						</LinearRing>
					</outerBoundaryIs>
				</Polygon>
			</Placemark>
			<Placemark>
				<name>1.29.69-5</name>
				<styleUrl>#falseColor163900171002</styleUrl>
				<Polygon>
					<tessellate>1</tessellate>
					<outerBoundaryIs>
						<LinearRing>
							<coordinates>
								-71.63179894115983,-16.30935699723926,0 -71.63235534598496,-16.31032475805511,0 -71.63138426411338,-16.31045355240174,0 -71.63054345490568,-16.31054473516096,0 -71.63059963502303,-16.31005576823861,0 -71.63130198196997,-16.30962316014806,0 -71.63179894115983,-16.30935699723926,0 
							</coordinates>
						</LinearRing>
					</outerBoundaryIs>
				</Polygon>
			</Placemark>
			<Placemark>
				<name>1.29.69-6</name>
				<styleUrl>#falseColor163900171002</styleUrl>
				<Polygon>
					<tessellate>1</tessellate>
					<outerBoundaryIs>
						<LinearRing>
							<coordinates>
								-71.63341816261415,-16.31003505681429,0 -71.63256944281316,-16.31029657267633,0 -71.63195578154546,-16.3092819994371,0 -71.6327154955606,-16.30887415687251,0 -71.63341816261415,-16.31003505681429,0 
							</coordinates>
						</LinearRing>
					</outerBoundaryIs>
				</Polygon>
			</Placemark>
			<Placemark>
				<name>1.29.69-9</name>
				<styleUrl>#falseColor163900171002</styleUrl>
				<Polygon>
					<tessellate>1</tessellate>
					<outerBoundaryIs>
						<LinearRing>
							<coordinates>
								-71.6306887222721,-16.3043529293473,0 -71.63166429193176,-16.30601009585535,0 -71.63124197398069,-16.30625328681142,0 -71.63026186487926,-16.30465301580045,0 -71.6306887222721,-16.3043529293473,0 
							</coordinates>
						</LinearRing>
					</outerBoundaryIs>
				</Polygon>
			</Placemark>
			<Placemark>
				<name>1.29.69-10</name>
				<styleUrl>#falseColor163900171002</styleUrl>
				<Polygon>
					<tessellate>1</tessellate>
					<outerBoundaryIs>
						<LinearRing>
							<coordinates>
								-71.63331746139092,-16.3050466847679,0 -71.63250278568104,-16.3055103332833,0 -71.63148242701283,-16.30385792613585,0 -71.63228763992699,-16.30340266409763,0 -71.63331746139092,-16.3050466847679,0 
							</coordinates>
						</LinearRing>
					</outerBoundaryIs>
				</Polygon>
			</Placemark>
			<Placemark>
				<name>1.29.69-11</name>
				<styleUrl>#falseColor163900171002</styleUrl>
				<Polygon>
					<tessellate>1</tessellate>
					<outerBoundaryIs>
						<LinearRing>
							<coordinates>
								-71.63425699140126,-16.30663976595608,0 -71.63348895288303,-16.30706497026569,0 -71.63256939956622,-16.30559576809031,0 -71.63337324942388,-16.30513744813958,0 -71.63425699140126,-16.30663976595608,0 
							</coordinates>
						</LinearRing>
					</outerBoundaryIs>
				</Polygon>
			</Placemark>
			<Placemark>
				<name>1.29.69-16</name>
				<styleUrl>#falseColor163900171002</styleUrl>
				<Polygon>
					<tessellate>1</tessellate>
					<outerBoundaryIs>
						<LinearRing>
							<coordinates>
								-71.63426597313175,-16.30465992591992,0 -71.63513700794657,-16.30612605977722,0 -71.63437270627833,-16.30659386701355,0 -71.63350468262438,-16.30511249235046,0 -71.63426597313175,-16.30465992591992,0 
							</coordinates>
						</LinearRing>
					</outerBoundaryIs>
				</Polygon>
			</Placemark>
			<Placemark>
				<name>1.29.69-17</name>
				<styleUrl>#falseColor163900171002</styleUrl>
				<Polygon>
					<tessellate>1</tessellate>
					<outerBoundaryIs>
						<LinearRing>
							<coordinates>
								-71.63318475211996,-16.30287901776503,0 -71.63418470591935,-16.30455673657567,0 -71.63340555705896,-16.30499183347407,0 -71.63238254150649,-16.30334431702912,0 -71.63318475211996,-16.30287901776503,0 
							</coordinates>
						</LinearRing>
					</outerBoundaryIs>
				</Polygon>
			</Placemark>
			<Placemark>
				<name>1.29.69-18</name>
				<styleUrl>#falseColor163900171002</styleUrl>
				<Polygon>
					<tessellate>1</tessellate>
					<outerBoundaryIs>
						<LinearRing>
							<coordinates>
								-71.63390044840165,-16.30290295415167,0 -71.63422741329637,-16.30333949500303,0 -71.63432943041138,-16.30371120089018,0 -71.63395646518765,-16.3039067808018,0 -71.63323972436287,-16.30269756546708,0 -71.63339054735989,-16.30261885821804,0 -71.63390044840165,-16.30290295415167,0 
							</coordinates>
						</LinearRing>
					</outerBoundaryIs>
				</Polygon>
			</Placemark>
			<Placemark>
				<name>1.29.69-20</name>
				<styleUrl>#falseColor163900171002</styleUrl>
				<Polygon>
					<tessellate>1</tessellate>
					<outerBoundaryIs>
						<LinearRing>
							<coordinates>
								-71.63537508737809,-16.30460433449961,0 -71.63577405770479,-16.3053357680491,0 -71.63509230527815,-16.30571777648401,0 -71.63464392042521,-16.30500075317659,0 -71.63537508737809,-16.30460433449961,0 
							</coordinates>
						</LinearRing>
					</outerBoundaryIs>
				</Polygon>
			</Placemark>
			<Placemark>
				<name>1.29.69-21</name>
				<styleUrl>#falseColor163900171002</styleUrl>
				<Polygon>
					<tessellate>1</tessellate>
					<outerBoundaryIs>
						<LinearRing>
							<coordinates>
								-71.63603727506658,-16.30574900501317,0 -71.63615113432313,-16.30600791854376,0 -71.63549049995312,-16.30642118194991,0 -71.63512365237705,-16.30579816432942,0 -71.63580842110498,-16.30539032692677,0 -71.63603727506658,-16.30574900501317,0 
							</coordinates>
						</LinearRing>
					</outerBoundaryIs>
				</Polygon>
			</Placemark>
			<Placemark>
				<name>1.29.70-2</name>
				<styleUrl>#falseColor163900171002</styleUrl>
				<Polygon>
					<tessellate>1</tessellate>
					<outerBoundaryIs>
						<LinearRing>
							<coordinates>
								-71.62841601676924,-16.30197960506407,0 -71.62886327333209,-16.30277550136047,0 -71.62816717743797,-16.30316487483323,0 -71.62801898966585,-16.30288669010867,0 -71.62841601676924,-16.30197960506407,0 
							</coordinates>
						</LinearRing>
					</outerBoundaryIs>
				</Polygon>
			</Placemark>
			<Placemark>
				<name>1.29.70-3</name>
				<styleUrl>#falseColor163900171002</styleUrl>
				<Polygon>
					<tessellate>1</tessellate>
					<outerBoundaryIs>
						<LinearRing>
							<coordinates>
								-71.62898731417361,-16.30292539897809,0 -71.62996395443935,-16.30453365256239,0 -71.62921147633938,-16.30493984749045,0 -71.62825151721675,-16.30329397088579,0 -71.62898731417361,-16.30292539897809,0 
							</coordinates>
						</LinearRing>
					</outerBoundaryIs>
				</Polygon>
			</Placemark>
			<Placemark>
				<name>1.29.70-4</name>
				<styleUrl>#falseColor163900171002</styleUrl>
				<Polygon>
					<tessellate>1</tessellate>
					<outerBoundaryIs>
						<LinearRing>
							<coordinates>
								-71.63088877465404,-16.30396669239692,0 -71.63014164084736,-16.30439598605888,0 -71.62914079994769,-16.30282545943598,0 -71.62990486099702,-16.30235010431757,0 -71.63088877465404,-16.30396669239692,0 
							</coordinates>
						</LinearRing>
					</outerBoundaryIs>
				</Polygon>
			</Placemark>
			<Placemark>
				<name>1.29.70-5</name>
				<styleUrl>#falseColor163900171002</styleUrl>
				<Polygon>
					<tessellate>1</tessellate>
					<outerBoundaryIs>
						<LinearRing>
							<coordinates>
								-71.63024370293584,-16.3021749511806,0 -71.63119203405961,-16.303799606959,0 -71.63097447943227,-16.30392393538496,0 -71.63043596688566,-16.30306209077371,0 -71.62998093792633,-16.30232250086156,0 -71.63024370293584,-16.3021749511806,0 
							</coordinates>
						</LinearRing>
					</outerBoundaryIs>
				</Polygon>
			</Placemark>
			<Placemark>
				<name>1.29.70-6</name>
				<styleUrl>#falseColor163900171002</styleUrl>
				<Polygon>
					<tessellate>1</tessellate>
					<outerBoundaryIs>
						<LinearRing>
							<coordinates>
								-71.6321758527359,-16.30321176744336,0 -71.6315602044189,-16.30358279832162,0 -71.63058591739905,-16.3019321542944,0 -71.63121403375601,-16.30160166256654,0 -71.6321758527359,-16.30321176744336,0 
							</coordinates>
						</LinearRing>
					</outerBoundaryIs>
				</Polygon>
			</Placemark>
			<Placemark>
				<name>1.29.70-7</name>
				<styleUrl>#falseColor163900171002</styleUrl>
				<Polygon>
					<tessellate>1</tessellate>
					<outerBoundaryIs>
						<LinearRing>
							<coordinates>
								-71.63156219690825,-16.30141307804919,0 -71.63307424352345,-16.30272874457614,0 -71.63231703882714,-16.30314123607668,0 -71.63132547724568,-16.30155295358536,0 -71.63156219690825,-16.30141307804919,0 
							</coordinates>
						</LinearRing>
					</outerBoundaryIs>
				</Polygon>
			</Placemark>
			<Placemark>
				<name>1.29.70-9</name>
				<styleUrl>#falseColor163900171002</styleUrl>
				<Polygon>
					<tessellate>1</tessellate>
					<outerBoundaryIs>
						<LinearRing>
							<coordinates>
								-71.63064847078395,-16.30075776724174,0 -71.63111069986158,-16.30149557573177,0 -71.63051897495333,-16.30184901427713,0 -71.63006338780026,-16.30107130992468,0 -71.63064847078395,-16.30075776724174,0 
							</coordinates>
						</LinearRing>
					</outerBoundaryIs>
				</Polygon>
			</Placemark>
			<Placemark>
				<name>1.29.70-11</name>
				<styleUrl>#falseColor163900171002</styleUrl>
				<Polygon>
					<tessellate>1</tessellate>
					<outerBoundaryIs>
						<LinearRing>
							<coordinates>
								-71.62982025899161,-16.30222119079404,0 -71.62906219708051,-16.30266091583875,0 -71.6286059597652,-16.30193668951904,0 -71.62941681718503,-16.30148824880868,0 -71.62982025899161,-16.30222119079404,0 
							</coordinates>
						</LinearRing>
					</outerBoundaryIs>
				</Polygon>
			</Placemark>
			<Placemark>
				<name>1.29.70-12</name>
				<styleUrl>#falseColor163900171002</styleUrl>
				<Polygon>
					<tessellate>1</tessellate>
					<outerBoundaryIs>
						<LinearRing>
							<coordinates>
								-71.62863966950523,-16.30024936065113,0 -71.62931620650166,-16.30134346267352,0 -71.62854304907749,-16.30180078661332,0 -71.62853542864853,-16.30035741097178,0 -71.62863966950523,-16.30024936065113,0 
							</coordinates>
						</LinearRing>
					</outerBoundaryIs>
				</Polygon>
			</Placemark>
			<Placemark>
				<name>1.29.70-13</name>
				<styleUrl>#falseColor163900171002</styleUrl>
				<Polygon>
					<tessellate>1</tessellate>
					<outerBoundaryIs>
						<LinearRing>
							<coordinates>
								-71.62910964329676,-16.29981286076045,0 -71.62984291217772,-16.30103555451603,0 -71.62943032094265,-16.30127436916799,0 -71.62873223132168,-16.30014358295604,0 -71.62910964329676,-16.29981286076045,0 
							</coordinates>
						</LinearRing>
					</outerBoundaryIs>
				</Polygon>
			</Placemark>
			<Placemark>
				<name>1.29.70-14</name>
				<styleUrl>#falseColor163900171002</styleUrl>
				<Polygon>
					<tessellate>1</tessellate>
					<outerBoundaryIs>
						<LinearRing>
							<coordinates>
								-71.62975785432336,-16.29922454743878,0 -71.63060833138148,-16.3006317283473,0 -71.62996807260301,-16.30095072358818,0 -71.62925255427493,-16.29974083727732,0 -71.62975785432336,-16.29922454743878,0 
							</coordinates>
						</LinearRing>
					</outerBoundaryIs>
				</Polygon>
			</Placemark>
			<Placemark>
				<name>1.29.70-15</name>
				<styleUrl>#falseColor163900171002</styleUrl>
				<Polygon>
					<tessellate>1</tessellate>
					<outerBoundaryIs>
						<LinearRing>
							<coordinates>
								-71.63052577984676,-16.29858029380379,0 -71.63092817663372,-16.30042710475879,0 -71.63072303354811,-16.30055206004046,0 -71.62990100191853,-16.29914274684525,0 -71.63052577984676,-16.29858029380379,0 
							</coordinates>
						</LinearRing>
					</outerBoundaryIs>
				</Polygon>
			</Placemark>
			<Placemark>
				<name>1.29.70-16</name>
				<styleUrl>#falseColor163900171002</styleUrl>
				<Polygon>
					<tessellate>1</tessellate>
					<outerBoundaryIs>
						<LinearRing>
							<coordinates>
								-71.63027864070389,-16.29797833709278,0 -71.63056738982128,-16.2982502330065,0 -71.62985849730157,-16.29889784589746,0 -71.62956933794368,-16.29861034710694,0 -71.63027864070389,-16.29797833709278,0 
							</coordinates>
						</LinearRing>
					</outerBoundaryIs>
				</Polygon>
			</Placemark>
			<Placemark>
				<name>1.29.70-17</name>
				<styleUrl>#falseColor163900171002</styleUrl>
				<Polygon>
					<tessellate>1</tessellate>
					<outerBoundaryIs>
						<LinearRing>
							<coordinates>
								-71.62947540762583,-16.29869525504294,0 -71.62976046017167,-16.29899833146739,0 -71.62871607181575,-16.29994805719615,0 -71.62855869804756,-16.29978746942164,0 -71.62849805037158,-16.29960773671822,0 -71.62947540762583,-16.29869525504294,0 
							</coordinates>
						</LinearRing>
					</outerBoundaryIs>
				</Polygon>
			</Placemark>
			<Placemark>
				<name>1.29.70-18</name>
				<styleUrl>#falseColor163900171002</styleUrl>
				<Polygon>
					<tessellate>1</tessellate>
					<outerBoundaryIs>
						<LinearRing>
							<coordinates>
								-71.6285701287821,-16.29939485656234,0 -71.62842120528065,-16.29924180690734,0 -71.62845771023386,-16.29895096733323,0 -71.62912385104536,-16.29833052375173,0 -71.62940779194078,-16.29860511638288,0 -71.6285701287821,-16.29939485656234,0 
							</coordinates>
						</LinearRing>
					</outerBoundaryIs>
				</Polygon>
			</Placemark>
			<Placemark>
				<name>1.29.70-19</name>
				<styleUrl>#falseColor163900171002</styleUrl>
				<Polygon>
					<tessellate>1</tessellate>
					<outerBoundaryIs>
						<LinearRing>
							<coordinates>
								-71.63003148408849,-16.29807079960599,0 -71.6295123023547,-16.29852945535439,0 -71.62923372037467,-16.29826565940833,0 -71.62974633159307,-16.29781329828396,0 -71.63003148408849,-16.29807079960599,0 
							</coordinates>
						</LinearRing>
					</outerBoundaryIs>
				</Polygon>
			</Placemark>
			<Placemark>
				<name>1.29.70-20</name>
				<styleUrl>#falseColor163900171002</styleUrl>
				<Polygon>
					<tessellate>1</tessellate>
					<outerBoundaryIs>
						<LinearRing>
							<coordinates>
								-71.62906043969046,-16.29742487813313,0 -71.62948961921343,-16.29788744266564,0 -71.62917696387656,-16.29819871637709,0 -71.62878426670132,-16.29780362204442,0 -71.62906043969046,-16.29742487813313,0 
							</coordinates>
						</LinearRing>
					</outerBoundaryIs>
				</Polygon>
			</Placemark>
			<Placemark>
				<name>1.29.70-22</name>
				<styleUrl>#falseColor163900171002</styleUrl>
				<Polygon>
					<tessellate>1</tessellate>
					<outerBoundaryIs>
						<LinearRing>
							<coordinates>
								-71.63090167261946,-16.29825681672378,0 -71.63109458466926,-16.29848639457392,0 -71.63112744668105,-16.29886898984774,0 -71.63114868767946,-16.29950005749297,0 -71.63094240051335,-16.29951668025757,0 -71.63062475045227,-16.29848754483972,0 -71.63090167261946,-16.29825681672378,0 
							</coordinates>
						</LinearRing>
					</outerBoundaryIs>
				</Polygon>
			</Placemark>
			<Placemark>
				<name>1.29.70-24</name>
				<styleUrl>#falseColor163900171002</styleUrl>
				<Polygon>
					<tessellate>1</tessellate>
					<outerBoundaryIs>
						<LinearRing>
							<coordinates>
								-71.6332006553247,-16.30263216769957,0 -71.63224194584915,-16.30183853415457,0 -71.63244443813632,-16.3018159204888,0 -71.63338418259082,-16.30252530405253,0 -71.6332006553247,-16.30263216769957,0 
							</coordinates>
						</LinearRing>
					</outerBoundaryIs>
				</Polygon>
			</Placemark>
			<Placemark>
				<name>1.29.80-3</name>
				<styleUrl>#falseColor163900171002</styleUrl>
				<Polygon>
					<tessellate>1</tessellate>
					<outerBoundaryIs>
						<LinearRing>
							<coordinates>
								-71.64329449481293,-16.29636601288947,0 -71.64329012253759,-16.29590974723192,0 -71.64367385335022,-16.29591041838992,0 -71.64366978728364,-16.29638144938298,0 -71.64329449481293,-16.29636601288947,0 
							</coordinates>
						</LinearRing>
					</outerBoundaryIs>
				</Polygon>
			</Placemark>
			<Placemark>
				<name>1.29.80-5</name>
				<styleUrl>#falseColor163900171002</styleUrl>
				<Polygon>
					<tessellate>1</tessellate>
					<outerBoundaryIs>
						<LinearRing>
							<coordinates>
								-71.64413404909388,-16.29690605185786,0 -71.64378180028937,-16.29689354983486,0 -71.64377539430065,-16.29642590343427,0 -71.64413024780131,-16.2964197713964,0 -71.64413404909388,-16.29690605185786,0 
							</coordinates>
						</LinearRing>
					</outerBoundaryIs>
				</Polygon>
			</Placemark>
			<Placemark>
				<name>1.29.80-6</name>
				<styleUrl>#falseColor163900171002</styleUrl>
				<Polygon>
					<tessellate>1</tessellate>
					<outerBoundaryIs>
						<LinearRing>
							<coordinates>
								-71.64365750323046,-16.29689683095874,0 -71.64346457357344,-16.29689748637049,0 -71.64339638170229,-16.29674913988181,0 -71.64329750813106,-16.29644618327086,0 -71.64368726389272,-16.29644263675411,0 -71.64365750323046,-16.29689683095874,0 
							</coordinates>
						</LinearRing>
					</outerBoundaryIs>
				</Polygon>
			</Placemark>
			<Placemark>
				<name>1.29.80-7</name>
				<styleUrl>#falseColor163900171002</styleUrl>
				<Polygon>
					<tessellate>1</tessellate>
					<outerBoundaryIs>
						<LinearRing>
							<coordinates>
								-71.64324073263863,-16.29595716717556,0 -71.64324909904714,-16.29638062575037,0 -71.64304168191887,-16.29639797383711,0 -71.64301798359716,-16.29596089541159,0 -71.64324073263863,-16.29595716717556,0 
							</coordinates>
						</LinearRing>
					</outerBoundaryIs>
				</Polygon>
			</Placemark>
			<Placemark>
				<name>1.29.80-12</name>
				<styleUrl>#falseColor163900171002</styleUrl>
				<Polygon>
					<tessellate>1</tessellate>
					<outerBoundaryIs>
						<LinearRing>
							<coordinates>
								-71.64378431370771,-16.29413565391773,0 -71.64383098855924,-16.29450614035122,0 -71.64334779187209,-16.29453881797374,0 -71.64330995072983,-16.2941820028794,0 -71.64378431370771,-16.29413565391773,0 
							</coordinates>
						</LinearRing>
					</outerBoundaryIs>
				</Polygon>
			</Placemark>
			<Placemark>
				<name>1.29.80-13</name>
				<styleUrl>#falseColor163900171002</styleUrl>
				<Polygon>
					<tessellate>1</tessellate>
					<outerBoundaryIs>
						<LinearRing>
							<coordinates>
								-71.64388512354469,-16.29368130425083,0 -71.64386727964779,-16.29403564821423,0 -71.64332429482347,-16.29411033195452,0 -71.64329137669721,-16.29373460481299,0 -71.64388512354469,-16.29368130425083,0 
							</coordinates>
						</LinearRing>
					</outerBoundaryIs>
				</Polygon>
			</Placemark>
			<Placemark>
				<name>1.29.80-15</name>
				<styleUrl>#falseColor163900171002</styleUrl>
				<Polygon>
					<tessellate>1</tessellate>
					<outerBoundaryIs>
						<LinearRing>
							<coordinates>
								-71.64429601612709,-16.29276348052218,0 -71.64428660979392,-16.29310646925222,0 -71.64326300537545,-16.29318226319255,0 -71.64326802308166,-16.29280766666164,0 -71.64429601612709,-16.29276348052218,0 
							</coordinates>
						</LinearRing>
					</outerBoundaryIs>
				</Polygon>
			</Placemark>
			<Placemark>
				<name>1.29.80-17</name>
				<styleUrl>#falseColor163900171002</styleUrl>
				<Polygon>
					<tessellate>1</tessellate>
					<outerBoundaryIs>
						<LinearRing>
							<coordinates>
								-71.64426949872791,-16.29183988031866,0 -71.64430334531367,-16.29220449972306,0 -71.6432263725828,-16.29230164959666,0 -71.64320183734057,-16.29190559069017,0 -71.64426949872791,-16.29183988031866,0 
							</coordinates>
						</LinearRing>
					</outerBoundaryIs>
				</Polygon>
			</Placemark>
			<Placemark>
				<name>1.29.80-21</name>
				<styleUrl>#falseColor163900171002</styleUrl>
				<Polygon>
					<tessellate>1</tessellate>
					<outerBoundaryIs>
						<LinearRing>
							<coordinates>
								-71.64296354991313,-16.29102854446249,0 -71.6430470590432,-16.29146109401793,0 -71.6422413832171,-16.2914065097495,0 -71.64225540564399,-16.29112138489884,0 -71.64296354991313,-16.29102854446249,0 
							</coordinates>
						</LinearRing>
					</outerBoundaryIs>
				</Polygon>
			</Placemark>
			<Placemark>
				<name>1.29.80-24</name>
				<styleUrl>#falseColor163900171002</styleUrl>
				<Polygon>
					<tessellate>1</tessellate>
					<outerBoundaryIs>
						<LinearRing>
							<coordinates>
								-71.64310393173716,-16.29239197382329,0 -71.64311190893955,-16.29276622022396,0 -71.64221660461313,-16.29282271462004,0 -71.64210609128099,-16.29246003436405,0 -71.64310393173716,-16.29239197382329,0 
							</coordinates>
						</LinearRing>
					</outerBoundaryIs>
				</Polygon>
			</Placemark>
			<Placemark>
				<name>1.29.80-28</name>
				<styleUrl>#falseColor163900171002</styleUrl>
				<Polygon>
					<tessellate>1</tessellate>
					<outerBoundaryIs>
						<LinearRing>
							<coordinates>
								-71.64217920480851,-16.29293286419676,0 -71.64226853347857,-16.29410956835553,0 -71.64194119090631,-16.29416357437031,0 -71.64182169768395,-16.29292163836898,0 -71.64217920480851,-16.29293286419676,0 
							</coordinates>
						</LinearRing>
					</outerBoundaryIs>
				</Polygon>
			</Placemark>
			<Placemark>
				<name>1.29.80-30</name>
				<styleUrl>#falseColor163900171002</styleUrl>
				<Polygon>
					<tessellate>1</tessellate>
					<outerBoundaryIs>
						<LinearRing>
							<coordinates>
								-71.64169143791862,-16.29353552734356,0 -71.64175606425289,-16.29387345845183,0 -71.64128429072096,-16.29406283617114,0 -71.64121672611167,-16.29394335460156,0 -71.6415591592578,-16.29355360628844,0 -71.64169143791862,-16.29353552734356,0 
							</coordinates>
						</LinearRing>
					</outerBoundaryIs>
				</Polygon>
			</Placemark>
			<Placemark>
				<name>1.29.80-34</name>
				<styleUrl>#falseColor163900171002</styleUrl>
				<Polygon>
					<tessellate>1</tessellate>
					<outerBoundaryIs>
						<LinearRing>
							<coordinates>
								-71.64356615100517,-16.28860816508313,0 -71.64372144050562,-16.2885725724486,0 -71.64387768599586,-16.28914958601395,0 -71.64371744298235,-16.28917815019932,0 -71.64356615100517,-16.28860816508313,0 
							</coordinates>
						</LinearRing>
					</outerBoundaryIs>
				</Polygon>
			</Placemark>
			<Placemark>
				<name>1.29.80-43</name>
				<styleUrl>#falseColor163900171002</styleUrl>
				<Polygon>
					<tessellate>1</tessellate>
					<outerBoundaryIs>
						<LinearRing>
							<coordinates>
								-71.64069450857245,-16.28946477083143,0 -71.64097169682189,-16.28980666528637,0 -71.64070538701314,-16.28998499896485,0 -71.64036488759578,-16.28961595780235,0 -71.64069450857245,-16.28946477083143,0 
							</coordinates>
						</LinearRing>
					</outerBoundaryIs>
				</Polygon>
			</Placemark>
			<Placemark>
				<name>1.29.80-44</name>
				<styleUrl>#falseColor163900171002</styleUrl>
				<Polygon>
					<tessellate>1</tessellate>
					<outerBoundaryIs>
						<LinearRing>
							<coordinates>
								-71.64108942896983,-16.28981383178479,0 -71.64146262235093,-16.29032677349213,0 -71.64116318502612,-16.29057489981773,0 -71.6407798017987,-16.29002679688634,0 -71.64108942896983,-16.28981383178479,0 
							</coordinates>
						</LinearRing>
					</outerBoundaryIs>
				</Polygon>
			</Placemark>
			<Placemark>
				<name>1.29.80-45</name>
				<styleUrl>#falseColor163900171002</styleUrl>
				<Polygon>
					<tessellate>1</tessellate>
					<outerBoundaryIs>
						<LinearRing>
							<coordinates>
								-71.64148402162431,-16.29043928823764,0 -71.64182179852449,-16.2907906487668,0 -71.64153090223931,-16.29098754143925,0 -71.64125958381538,-16.29060406677126,0 -71.64148402162431,-16.29043928823764,0 
							</coordinates>
						</LinearRing>
					</outerBoundaryIs>
				</Polygon>
			</Placemark>
			<Placemark>
				<name>1.29.80-48</name>
				<styleUrl>#falseColor163900171002</styleUrl>
				<Polygon>
					<tessellate>1</tessellate>
					<outerBoundaryIs>
						<LinearRing>
							<coordinates>
								-71.64129536928924,-16.29100106338553,0 -71.64145771657348,-16.29117606170202,0 -71.64091830801767,-16.29138269796618,0 -71.64067765159604,-16.29131696606523,0 -71.64073402436138,-16.2911109941663,0 -71.6409379972756,-16.29118087490713,0 -71.64129536928924,-16.29100106338553,0 
							</coordinates>
						</LinearRing>
					</outerBoundaryIs>
				</Polygon>
			</Placemark>
			<Placemark>
				<name>1.29.80-50</name>
				<styleUrl>#falseColor163900171002</styleUrl>
				<Polygon>
					<tessellate>1</tessellate>
					<outerBoundaryIs>
						<LinearRing>
							<coordinates>
								-71.63938987414136,-16.28991978340555,0 -71.63978013218583,-16.29033847966153,0 -71.63960756912212,-16.29050290840306,0 -71.63924056478361,-16.28995348246096,0 -71.63938987414136,-16.28991978340555,0 
							</coordinates>
						</LinearRing>
					</outerBoundaryIs>
				</Polygon>
			</Placemark>
			<Placemark>
				<name>1.29.80-51</name>
				<styleUrl>#falseColor163900171002</styleUrl>
				<Polygon>
					<tessellate>1</tessellate>
					<outerBoundaryIs>
						<LinearRing>
							<coordinates>
								-71.64008167672117,-16.2907147333763,0 -71.63983936959814,-16.29092552045379,0 -71.63960611694334,-16.29055931105335,0 -71.63981787031103,-16.29035777263666,0 -71.64008167672117,-16.2907147333763,0 
							</coordinates>
						</LinearRing>
					</outerBoundaryIs>
				</Polygon>
			</Placemark>
			<Placemark>
				<name>1.29.80-52</name>
				<styleUrl>#falseColor163900171002</styleUrl>
				<Polygon>
					<tessellate>1</tessellate>
					<outerBoundaryIs>
						<LinearRing>
							<coordinates>
								-71.64042338553698,-16.29091979680468,0 -71.64050639035064,-16.291122425236,0 -71.6404908537087,-16.29121414120049,0 -71.64063505299248,-16.29130171894225,0 -71.64059676828626,-16.29140848879261,0 -71.64030516668036,-16.29131279602629,0 -71.63994816732921,-16.2909781750837,0 -71.64021246169933,-16.29071235521061,0 -71.64042338553698,-16.29091979680468,0 
							</coordinates>
						</LinearRing>
					</outerBoundaryIs>
				</Polygon>
			</Placemark>
			<Placemark>
				<name>1.29.80-53</name>
				<styleUrl>#falseColor163900171002</styleUrl>
				<Polygon>
					<tessellate>1</tessellate>
					<outerBoundaryIs>
						<LinearRing>
							<coordinates>
								-71.64008182296817,-16.29129917232788,0 -71.64056880967976,-16.29155228345152,0 -71.64069966647179,-16.2915873528387,0 -71.64069846179379,-16.29173038197851,0 -71.64054106827273,-16.29176480790171,0 -71.6398618696097,-16.29140939771958,0 -71.6396188835606,-16.29117151691759,0 -71.63982885944782,-16.29104632844137,0 -71.64008182296817,-16.29129917232788,0 
							</coordinates>
						</LinearRing>
					</outerBoundaryIs>
				</Polygon>
			</Placemark>
			<Placemark>
				<name>1.29.80-56</name>
				<styleUrl>#falseColor163900171002</styleUrl>
				<Polygon>
					<tessellate>1</tessellate>
					<outerBoundaryIs>
						<LinearRing>
							<coordinates>
								-71.63919294471262,-16.29010112251063,0 -71.63925994173358,-16.29019799535596,0 -71.63889453704166,-16.29038544733793,0 -71.63865741059848,-16.2903674525842,0 -71.63860595894494,-16.29016199064176,0 -71.63899121198985,-16.29013910756945,0 -71.63919294471262,-16.29010112251063,0 
							</coordinates>
						</LinearRing>
					</outerBoundaryIs>
				</Polygon>
			</Placemark>
			<Placemark>
				<name>1.29.80-58</name>
				<styleUrl>#falseColor163900171002</styleUrl>
				<Polygon>
					<tessellate>1</tessellate>
					<outerBoundaryIs>
						<LinearRing>
							<coordinates>
								-71.63902109008545,-16.29062142541939,0 -71.63903588120233,-16.29091258061469,0 -71.63882127801088,-16.29096882356114,0 -71.63780380829441,-16.29100202537465,0 -71.63775047688603,-16.290662789709,0 -71.63902109008545,-16.29062142541939,0 
							</coordinates>
						</LinearRing>
					</outerBoundaryIs>
				</Polygon>
			</Placemark>
			<Placemark>
				<name>1.29.80-59</name>
				<styleUrl>#falseColor163900171002</styleUrl>
				<Polygon>
					<tessellate>1</tessellate>
					<outerBoundaryIs>
						<LinearRing>
							<coordinates>
								-71.63881274234825,-16.29133633925919,0 -71.63862498319089,-16.29133391632761,0 -71.63837754692464,-16.29126198024799,0 -71.63820987626661,-16.29107604140453,0 -71.63883349355166,-16.29105503427902,0 -71.63881274234825,-16.29133633925919,0 
							</coordinates>
						</LinearRing>
					</outerBoundaryIs>
				</Polygon>
			</Placemark>
			<Placemark>
				<name>1.29.80-63</name>
				<styleUrl>#falseColor163900171002</styleUrl>
				<Polygon>
					<tessellate>1</tessellate>
					<outerBoundaryIs>
						<LinearRing>
							<coordinates>
								-71.63797924069054,-16.29137695583662,0 -71.638310854506,-16.29149015600775,0 -71.63821441420207,-16.29175197484927,0 -71.63772163879109,-16.29156033656577,0 -71.63789771549389,-16.29112122601571,0 -71.63808958702023,-16.29120492823591,0 -71.63797924069054,-16.29137695583662,0 
							</coordinates>
						</LinearRing>
					</outerBoundaryIs>
				</Polygon>
			</Placemark>
			<Placemark>
				<name>1.29.80-64</name>
				<styleUrl>#falseColor163900171002</styleUrl>
				<Polygon>
					<tessellate>1</tessellate>
					<outerBoundaryIs>
						<LinearRing>
							<coordinates>
								-71.63819045745028,-16.29181576487284,0 -71.63807019616691,-16.29228087425797,0 -71.63751853203431,-16.29205601955733,0 -71.63763877212935,-16.2916392619791,0 -71.63819045745028,-16.29181576487284,0 
							</coordinates>
						</LinearRing>
					</outerBoundaryIs>
				</Polygon>
			</Placemark>
			<Placemark>
				<name>1.29.80-65</name>
				<styleUrl>#falseColor163900171002</styleUrl>
				<Polygon>
					<tessellate>1</tessellate>
					<outerBoundaryIs>
						<LinearRing>
							<coordinates>
								-71.63722917675022,-16.29074511890905,0 -71.63756293126059,-16.290685647987,0 -71.63745509539221,-16.2917866516211,0 -71.637325432745,-16.29176102525017,0 -71.63711996846466,-16.29163233094804,0 -71.63710907697852,-16.29162713812678,0 -71.63722917675022,-16.29074511890905,0 
							</coordinates>
						</LinearRing>
					</outerBoundaryIs>
				</Polygon>
			</Placemark>
			<Placemark>
				<name>1.29.80-66</name>
				<styleUrl>#falseColor163900171002</styleUrl>
				<Polygon>
					<tessellate>1</tessellate>
					<outerBoundaryIs>
						<LinearRing>
							<coordinates>
								-71.63713005691334,-16.29091091754725,0 -71.63702180382543,-16.29158557772703,0 -71.63681962721655,-16.29148174050049,0 -71.63679166726364,-16.29126351273018,0 -71.6368988720893,-16.29091023293242,0 -71.63713005691334,-16.29091091754725,0 
							</coordinates>
						</LinearRing>
					</outerBoundaryIs>
				</Polygon>
			</Placemark>
			<Placemark>
				<name>1.29.80-67</name>
				<styleUrl>#falseColor163900171002</styleUrl>
				<Polygon>
					<tessellate>1</tessellate>
					<outerBoundaryIs>
						<LinearRing>
							<coordinates>
								-71.63719007247477,-16.29049807289442,0 -71.63686535740452,-16.2906042585884,0 -71.63675142145009,-16.2898529885613,0 -71.63695709079609,-16.28962009894863,0 -71.6373736560586,-16.29037522053565,0 -71.63719007247477,-16.29049807289442,0 
							</coordinates>
						</LinearRing>
					</outerBoundaryIs>
				</Polygon>
			</Placemark>
			<Placemark>
				<name>1.29.80-68</name>
				<styleUrl>#falseColor163900171002</styleUrl>
				<Polygon>
					<tessellate>1</tessellate>
					<outerBoundaryIs>
						<LinearRing>
							<coordinates>
								-71.63723026629006,-16.28929778377107,0 -71.63751447039115,-16.2897357031299,0 -71.63719812130081,-16.28987764270236,0 -71.63704745483514,-16.28966591523539,0 -71.6370010078156,-16.28939770992714,0 -71.63723026629006,-16.28929778377107,0 
							</coordinates>
						</LinearRing>
					</outerBoundaryIs>
				</Polygon>
			</Placemark>
			<Placemark>
				<name>1.29.80-69</name>
				<styleUrl>#falseColor163900171002</styleUrl>
				<Polygon>
					<tessellate>1</tessellate>
					<outerBoundaryIs>
						<LinearRing>
							<coordinates>
								-71.63793778729534,-16.29031092803549,0 -71.63780489533599,-16.29048407582773,0 -71.63762597133142,-16.29068148686091,0 -71.63728418288822,-16.29000187816347,0 -71.63761189206916,-16.28983443878959,0 -71.63793778729534,-16.29031092803549,0 
							</coordinates>
						</LinearRing>
					</outerBoundaryIs>
				</Polygon>
			</Placemark>
			<Placemark>
				<name>1.29.80-73</name>
				<styleUrl>#falseColor163900171002</styleUrl>
				<Polygon>
					<tessellate>1</tessellate>
					<outerBoundaryIs>
						<LinearRing>
							<coordinates>
								-71.6380150062281,-16.28857560180033,0 -71.63763991916939,-16.28882759397061,0 -71.63723887619317,-16.28825610437561,0 -71.63743036880875,-16.28815032502353,0 -71.63770867221007,-16.28817485990213,0 -71.6380150062281,-16.28857560180033,0 
							</coordinates>
						</LinearRing>
					</outerBoundaryIs>
				</Polygon>
			</Placemark>
			<Placemark>
				<name>1.29.80-74</name>
				<styleUrl>#falseColor163900171002</styleUrl>
				<Polygon>
					<tessellate>1</tessellate>
					<outerBoundaryIs>
						<LinearRing>
							<coordinates>
								-71.63838258822287,-16.28931820964109,0 -71.63803908521569,-16.28947140101802,0 -71.63767677865718,-16.28890326785368,0 -71.63799151864123,-16.28871713820551,0 -71.63838258822287,-16.28931820964109,0 
							</coordinates>
						</LinearRing>
					</outerBoundaryIs>
				</Polygon>
			</Placemark>
			<Placemark>
				<name>1.29.80-76</name>
				<styleUrl>#falseColor163900171002</styleUrl>
				<Polygon>
					<tessellate>1</tessellate>
					<outerBoundaryIs>
						<LinearRing>
							<coordinates>
								-71.63823075266562,-16.28873917085915,0 -71.63840932231903,-16.28885794629738,0 -71.63864836582698,-16.28918479870847,0 -71.63846166598893,-16.28929212433311,0 -71.63817875297292,-16.28882369722364,0 -71.63823075266562,-16.28873917085915,0 
							</coordinates>
						</LinearRing>
					</outerBoundaryIs>
				</Polygon>
			</Placemark>
			<Placemark>
				<name>1.29.80-77</name>
				<styleUrl>#falseColor163900171002</styleUrl>
				<Polygon>
					<tessellate>1</tessellate>
					<outerBoundaryIs>
						<LinearRing>
							<coordinates>
								-71.6391837486559,-16.28971655512881,0 -71.63882442710228,-16.2898631654307,0 -71.63856674158811,-16.28943768759598,0 -71.63876043702712,-16.28934318887456,0 -71.6391837486559,-16.28971655512881,0 
							</coordinates>
						</LinearRing>
					</outerBoundaryIs>
				</Polygon>
			</Placemark>
			<Placemark>
				<name>1.29.80-78</name>
				<styleUrl>#falseColor163900171002</styleUrl>
				<Polygon>
					<tessellate>1</tessellate>
					<outerBoundaryIs>
						<LinearRing>
							<coordinates>
								-71.63901757657069,-16.28887602162754,0 -71.63958579173166,-16.28953431082617,0 -71.63933899703034,-16.28968180878384,0 -71.63920049251473,-16.28963259313689,0 -71.63857797434154,-16.28894037015611,0 -71.6387888351951,-16.28872903280703,0 -71.63901757657069,-16.28887602162754,0 
							</coordinates>
						</LinearRing>
					</outerBoundaryIs>
				</Polygon>
			</Placemark>
			<Placemark>
				<name>1.29.80-79</name>
				<styleUrl>#falseColor163900171002</styleUrl>
				<Polygon>
					<tessellate>1</tessellate>
					<outerBoundaryIs>
						<LinearRing>
							<coordinates>
								-71.63968496723503,-16.28901657975579,0 -71.64024819997647,-16.28964106695098,0 -71.640030559574,-16.28974757507359,0 -71.63933424570637,-16.28911166946622,0 -71.63968496723503,-16.28901657975579,0 
							</coordinates>
						</LinearRing>
					</outerBoundaryIs>
				</Polygon>
			</Placemark>
			<Placemark>
				<name>1.29.80-81</name>
				<styleUrl>#falseColor163900171002</styleUrl>
				<Polygon>
					<tessellate>1</tessellate>
					<outerBoundaryIs>
						<LinearRing>
							<coordinates>
								-71.64142811891973,-16.28852018482153,0 -71.64157804525273,-16.28887582634901,0 -71.64030578682936,-16.28932355020539,0 -71.64015556998604,-16.28901853562594,0 -71.64142811891973,-16.28852018482153,0 
							</coordinates>
						</LinearRing>
					</outerBoundaryIs>
				</Polygon>
			</Placemark>
			<Placemark>
				<name>1.29.80-82</name>
				<styleUrl>#falseColor163900171002</styleUrl>
				<Polygon>
					<tessellate>1</tessellate>
					<outerBoundaryIs>
						<LinearRing>
							<coordinates>
								-71.64199519717511,-16.28838945131192,0 -71.64212022259686,-16.28867909290877,0 -71.64170805977282,-16.28885186927002,0 -71.6415489361566,-16.28852059733233,0 -71.64199519717511,-16.28838945131192,0 
							</coordinates>
						</LinearRing>
					</outerBoundaryIs>
				</Polygon>
			</Placemark>
			<Placemark>
				<name>1.29.80-83</name>
				<styleUrl>#falseColor163900171002</styleUrl>
				<Polygon>
					<tessellate>1</tessellate>
					<outerBoundaryIs>
						<LinearRing>
							<coordinates>
								-71.64251563806231,-16.2882148890602,0 -71.6425828971058,-16.28836405977825,0 -71.64299659161075,-16.28820161215736,0 -71.64305943078668,-16.28835867539821,0 -71.64220532736702,-16.28867882414384,0 -71.64208201086178,-16.28834865630803,0 -71.64251563806231,-16.2882148890602,0 
							</coordinates>
						</LinearRing>
					</outerBoundaryIs>
				</Polygon>
			</Placemark>
			<Placemark>
				<name>1.29.80-84</name>
				<styleUrl>#falseColor163900171002</styleUrl>
				<Polygon>
					<tessellate>1</tessellate>
					<outerBoundaryIs>
						<LinearRing>
							<coordinates>
								-71.6434969748292,-16.2882279098753,0 -71.64313024250458,-16.28835907987406,0 -71.64309089994202,-16.28809449993824,0 -71.64346682057324,-16.28794738356133,0 -71.6434969748292,-16.2882279098753,0 
							</coordinates>
						</LinearRing>
					</outerBoundaryIs>
				</Polygon>
			</Placemark>
			<Placemark>
				<name>1.29.80-87</name>
				<styleUrl>#falseColor163900171002</styleUrl>
				<Polygon>
					<tessellate>1</tessellate>
					<outerBoundaryIs>
						<LinearRing>
							<coordinates>
								-71.64128568512258,-16.28813898238124,0 -71.64141032989092,-16.28845294514992,0 -71.64005386788948,-16.28894266100041,0 -71.63995247865374,-16.28869109980871,0 -71.64000339323228,-16.28857667875407,0 -71.64128568512258,-16.28813898238124,0 
							</coordinates>
						</LinearRing>
					</outerBoundaryIs>
				</Polygon>
			</Placemark>
			<Placemark>
				<name>1.29.80-88</name>
				<styleUrl>#falseColor163900171002</styleUrl>
				<Polygon>
					<tessellate>1</tessellate>
					<outerBoundaryIs>
						<LinearRing>
							<coordinates>
								-71.63985781075857,-16.28859041749829,0 -71.6400112849729,-16.28895054674787,0 -71.63928094201532,-16.28898234520646,0 -71.63916292148156,-16.28878850000434,0 -71.63985781075857,-16.28859041749829,0 
							</coordinates>
						</LinearRing>
					</outerBoundaryIs>
				</Polygon>
			</Placemark>
			<Placemark>
				<name>1.29.80-92</name>
				<styleUrl>#falseColor163900171002</styleUrl>
				<Polygon>
					<tessellate>1</tessellate>
					<outerBoundaryIs>
						<LinearRing>
							<coordinates>
								-71.64084543426613,-16.28779918677318,0 -71.64093978202759,-16.28813672858462,0 -71.64010481502758,-16.28847790478405,0 -71.64037721145205,-16.28795156156561,0 -71.64084543426613,-16.28779918677318,0 
							</coordinates>
						</LinearRing>
					</outerBoundaryIs>
				</Polygon>
			</Placemark>
			<Placemark>
				<name>1.29.80-93</name>
				<styleUrl>#falseColor163900171002</styleUrl>
				<Polygon>
					<tessellate>1</tessellate>
					<outerBoundaryIs>
						<LinearRing>
							<coordinates>
								-71.64172903974179,-16.28750834852334,0 -71.641855953206,-16.28783733698935,0 -71.64099961265988,-16.28812052333877,0 -71.64091395018711,-16.2877831907268,0 -71.64172903974179,-16.28750834852334,0 
							</coordinates>
						</LinearRing>
					</outerBoundaryIs>
				</Polygon>
			</Placemark>
			<Placemark>
				<name>1.29.80-94</name>
				<styleUrl>#falseColor163900171002</styleUrl>
				<Polygon>
					<tessellate>1</tessellate>
					<outerBoundaryIs>
						<LinearRing>
							<coordinates>
								-71.64250253077049,-16.28726302470972,0 -71.64263248923453,-16.28757323170163,0 -71.64194935448909,-16.28776329086894,0 -71.64178893520874,-16.28747559656255,0 -71.64250253077049,-16.28726302470972,0 
							</coordinates>
						</LinearRing>
					</outerBoundaryIs>
				</Polygon>
			</Placemark>
			<Placemark>
				<name>1.29.80-96</name>
				<styleUrl>#falseColor163900171002</styleUrl>
				<Polygon>
					<tessellate>1</tessellate>
					<outerBoundaryIs>
						<LinearRing>
							<coordinates>
								-71.64216234003261,-16.28691218921635,0 -71.64228168801303,-16.28724669018679,0 -71.64042594834741,-16.28781323669175,0 -71.64045738054789,-16.28754631262414,0 -71.64111001927544,-16.28720793554253,0 -71.64216234003261,-16.28691218921635,0 
							</coordinates>
						</LinearRing>
					</outerBoundaryIs>
				</Polygon>
			</Placemark>
			<Placemark>
				<name>1.29.80-102</name>
				<styleUrl>#falseColor163900171002</styleUrl>
				<Polygon>
					<tessellate>1</tessellate>
					<outerBoundaryIs>
						<LinearRing>
							<coordinates>
								-71.63963326120746,-16.2871469711176,0 -71.63964398024659,-16.2869446069894,0 -71.64087900737478,-16.28677790594944,0 -71.64138747053802,-16.2866233449453,0 -71.64141681042082,-16.28675790092627,0 -71.64120818443072,-16.28698498804971,0 -71.64098057187758,-16.28712527034151,0 -71.64039720362858,-16.28742593403843,0 -71.63935286969202,-16.28732867666452,0 -71.6393526472426,-16.28714093591415,0 -71.63963326120746,-16.2871469711176,0 
							</coordinates>
						</LinearRing>
					</outerBoundaryIs>
				</Polygon>
			</Placemark>
			<Placemark>
				<name>1.29.80-103</name>
				<styleUrl>#falseColor163900171002</styleUrl>
				<Polygon>
					<tessellate>1</tessellate>
					<outerBoundaryIs>
						<LinearRing>
							<coordinates>
								-71.64211616563696,-16.28683865011323,0 -71.64176817803781,-16.28696659028317,0 -71.6415932154688,-16.28658638168311,0 -71.64199877024146,-16.28647514976839,0 -71.64211616563696,-16.28683865011323,0 
							</coordinates>
						</LinearRing>
					</outerBoundaryIs>
				</Polygon>
			</Placemark>
			<Placemark>
				<name>1.29.80-112</name>
				<styleUrl>#falseColor163900171002</styleUrl>
				<Polygon>
					<tessellate>1</tessellate>
					<outerBoundaryIs>
						<LinearRing>
							<coordinates>
								-71.63848663322221,-16.2859308167916,0 -71.63844621931676,-16.28624268588981,0 -71.63804332342586,-16.28619322858077,0 -71.63808069041423,-16.2858460940016,0 -71.63848663322221,-16.2859308167916,0 
							</coordinates>
						</LinearRing>
					</outerBoundaryIs>
				</Polygon>
			</Placemark>
			<Placemark>
				<name>1.29.80-115</name>
				<styleUrl>#falseColor163900171002</styleUrl>
				<Polygon>
					<tessellate>1</tessellate>
					<outerBoundaryIs>
						<LinearRing>
							<coordinates>
								-71.63855663201748,-16.28546604343932,0 -71.63850390379532,-16.28582097991354,0 -71.63802844845867,-16.28572501116361,0 -71.63806486762154,-16.28538326884072,0 -71.63855663201748,-16.28546604343932,0 
							</coordinates>
						</LinearRing>
					</outerBoundaryIs>
				</Polygon>
			</Placemark>
			<Placemark>
				<name>1.29.80-129</name>
				<styleUrl>#falseColor163900171002</styleUrl>
				<Polygon>
					<tessellate>1</tessellate>
					<outerBoundaryIs>
						<LinearRing>
							<coordinates>
								-71.63823417527136,-16.28347368051471,0 -71.63820749303747,-16.28365191504485,0 -71.63715656234749,-16.28342767345521,0 -71.63720259532511,-16.28327734264762,0 -71.63719995620227,-16.28326700014073,0 -71.63823417527136,-16.28347368051471,0 
							</coordinates>
						</LinearRing>
					</outerBoundaryIs>
				</Polygon>
			</Placemark>
			<Placemark>
				<name>1.29.80-140</name>
				<styleUrl>#falseColor163900171002</styleUrl>
				<Polygon>
					<tessellate>1</tessellate>
					<outerBoundaryIs>
						<LinearRing>
							<coordinates>
								-71.63876260371643,-16.28184657700199,0 -71.63841024923411,-16.28191119042549,0 -71.63834581657069,-16.28146021343393,0 -71.63866137504871,-16.28139597317419,0 -71.63876260371643,-16.28184657700199,0 
							</coordinates>
						</LinearRing>
					</outerBoundaryIs>
				</Polygon>
			</Placemark>
			<Placemark>
				<name>1.29.80-142</name>
				<styleUrl>#falseColor163900171002</styleUrl>
				<Polygon>
					<tessellate>1</tessellate>
					<outerBoundaryIs>
						<LinearRing>
							<coordinates>
								-71.63968028108754,-16.28122925947092,0 -71.63973027258943,-16.28171220590633,0 -71.63937085658232,-16.28176967572554,0 -71.63928140537786,-16.28128710903945,0 -71.63968028108754,-16.28122925947092,0 
							</coordinates>
						</LinearRing>
					</outerBoundaryIs>
				</Polygon>
			</Placemark>
			<Placemark>
				<name>1.29.80-143</name>
				<styleUrl>#falseColor163900171002</styleUrl>
				<Polygon>
					<tessellate>1</tessellate>
					<outerBoundaryIs>
						<LinearRing>
							<coordinates>
								-71.64016285761249,-16.28124577309958,0 -71.64025800217945,-16.28165098018243,0 -71.63980416006315,-16.28167475044393,0 -71.6397552581939,-16.28130008071821,0 -71.64016285761249,-16.28124577309958,0 
							</coordinates>
						</LinearRing>
					</outerBoundaryIs>
				</Polygon>
			</Placemark>
			<Placemark>
				<name>1.29.87-11</name>
				<styleUrl>#falseColor163900171002</styleUrl>
				<Polygon>
					<tessellate>1</tessellate>
					<outerBoundaryIs>
						<LinearRing>
							<coordinates>
								-71.633405729665,-16.29998724101464,0 -71.63299721811661,-16.30019018475884,0 -71.63260556874145,-16.29939453992509,0 -71.63297610680469,-16.2991926466229,0 -71.633405729665,-16.29998724101464,0 
							</coordinates>
						</LinearRing>
					</outerBoundaryIs>
				</Polygon>
			</Placemark>
			<Placemark>
				<name>1.29.87-13</name>
				<styleUrl>#falseColor163900171002</styleUrl>
				<Polygon>
					<tessellate>1</tessellate>
					<outerBoundaryIs>
						<LinearRing>
							<coordinates>
								-71.63243090124139,-16.30046151729761,0 -71.63218065075998,-16.30060883788699,0 -71.63194580417928,-16.30020037701465,0 -71.63189813522891,-16.29995394161154,0 -71.63188726632121,-16.29973035427611,0 -71.63203204898568,-16.29968467453124,0 -71.63243090124139,-16.30046151729761,0 
							</coordinates>
						</LinearRing>
					</outerBoundaryIs>
				</Polygon>
			</Placemark>
			<Placemark>
				<name>1.29.89-7</name>
				<styleUrl>#falseColor163900171002</styleUrl>
				<Polygon>
					<tessellate>1</tessellate>
					<outerBoundaryIs>
						<LinearRing>
							<coordinates>
								-71.6374438445099,-16.30032140897022,0 -71.63699277124658,-16.29950782067903,0 -71.6378126546611,-16.29907386983447,0 -71.63859444595826,-16.29866890658132,0 -71.63885131332206,-16.29910778000036,0 -71.63907328694964,-16.29946971769949,0 -71.6374438445099,-16.30032140897022,0 
							</coordinates>
						</LinearRing>
					</outerBoundaryIs>
				</Polygon>
			</Placemark>
			<Placemark>
				<name>1.29.89-9</name>
				<styleUrl>#falseColor163900171002</styleUrl>
				<Polygon>
					<tessellate>1</tessellate>
					<outerBoundaryIs>
						<LinearRing>
							<coordinates>
								-71.63893256355638,-16.29912302958546,0 -71.63893248409403,-16.29904951054992,0 -71.63907377929671,-16.29898205067891,0 -71.63944016645168,-16.2988459244048,0 -71.63959754217554,-16.29897545449181,0 -71.63971622550528,-16.2991591190855,0 -71.63911222169536,-16.29945120224867,0 -71.63893256355638,-16.29912302958546,0 
							</coordinates>
						</LinearRing>
					</outerBoundaryIs>
				</Polygon>
			</Placemark>
			<Placemark>
				<name>1.29.89-10</name>
				<styleUrl>#falseColor163900171002</styleUrl>
				<Polygon>
					<tessellate>1</tessellate>
					<outerBoundaryIs>
						<LinearRing>
							<coordinates>
								-71.63939359790272,-16.29996895366297,0 -71.63913934932278,-16.29956708669037,0 -71.63977261695842,-16.29923726805458,0 -71.63985451540708,-16.29927839893213,0 -71.63991696300729,-16.29935368611527,0 -71.64009727381308,-16.29960502153122,0 -71.63939359790272,-16.29996895366297,0 
							</coordinates>
						</LinearRing>
					</outerBoundaryIs>
				</Polygon>
			</Placemark>
			<Placemark>
				<name>1.29.89-12</name>
				<styleUrl>#falseColor163900171002</styleUrl>
				<Polygon>
					<tessellate>1</tessellate>
					<outerBoundaryIs>
						<LinearRing>
							<coordinates>
								-71.63936231200537,-16.30006399162876,0 -71.63954083229491,-16.30038409786921,0 -71.6387049870871,-16.30082956653975,0 -71.63849337202289,-16.30051146548766,0 -71.63936231200537,-16.30006399162876,0 
							</coordinates>
						</LinearRing>
					</outerBoundaryIs>
				</Polygon>
			</Placemark>
			<Placemark>
				<name>1.29.89-13</name>
				<styleUrl>#falseColor163900171002</styleUrl>
				<Polygon>
					<tessellate>1</tessellate>
					<outerBoundaryIs>
						<LinearRing>
							<coordinates>
								-71.64014897944384,-16.29965344927323,0 -71.64026215524454,-16.29970162720737,0 -71.64045108028786,-16.29993985022483,0 -71.6396077683045,-16.30035299503101,0 -71.63941775576086,-16.30002983269569,0 -71.64014897944384,-16.29965344927323,0 
							</coordinates>
						</LinearRing>
					</outerBoundaryIs>
				</Polygon>
			</Placemark>
			<Placemark>
				<name>1.29.89-14</name>
				<styleUrl>#falseColor163900171002</styleUrl>
				<Polygon>
					<tessellate>1</tessellate>
					<outerBoundaryIs>
						<LinearRing>
							<coordinates>
								-71.6406464357844,-16.29992810551232,0 -71.64085426893755,-16.30031682981465,0 -71.63905974220928,-16.30127647632724,0 -71.63883880997398,-16.30086596813008,0 -71.6406464357844,-16.29992810551232,0 
							</coordinates>
						</LinearRing>
					</outerBoundaryIs>
				</Polygon>
			</Placemark>
			<Placemark>
				<name>1.29.89-15</name>
				<styleUrl>#falseColor163900171002</styleUrl>
				<Polygon>
					<tessellate>1</tessellate>
					<outerBoundaryIs>
						<LinearRing>
							<coordinates>
								-71.63992512217341,-16.30094199357063,0 -71.64085184341414,-16.3004563238237,0 -71.64105271448602,-16.30079683792697,0 -71.64012878802875,-16.3012649177297,0 -71.63992512217341,-16.30094199357063,0 
							</coordinates>
						</LinearRing>
					</outerBoundaryIs>
				</Polygon>
			</Placemark>
			<Placemark>
				<name>1.29.89-16</name>
				<styleUrl>#falseColor163900171002</styleUrl>
				<Polygon>
					<tessellate>1</tessellate>
					<outerBoundaryIs>
						<LinearRing>
							<coordinates>
								-71.63987815051931,-16.30096168714086,0 -71.64008316905408,-16.30130643102815,0 -71.63971896223318,-16.30153247512082,0 -71.6396566074875,-16.30156256299114,0 -71.63963187631731,-16.30153082019959,0 -71.63916751584172,-16.30177281323247,0 -71.63905710791263,-16.30153735304596,0 -71.63914666058562,-16.30144129219656,0 -71.63923130499197,-16.30138582278527,0 -71.63920507625106,-16.30131515685801,0 -71.63987815051931,-16.30096168714086,0 
							</coordinates>
						</LinearRing>
					</outerBoundaryIs>
				</Polygon>
			</Placemark>
			<Placemark>
				<name>1.29.89-17</name>
				<styleUrl>#falseColor163900171002</styleUrl>
				<Polygon>
					<tessellate>1</tessellate>
					<outerBoundaryIs>
						<LinearRing>
							<coordinates>
								-71.63845558806813,-16.30216913746082,0 -71.63823116197931,-16.30171746838696,0 -71.63905974220928,-16.30127647632724,0 -71.63913070401277,-16.30139877993401,0 -71.63897188861809,-16.30149456719332,0 -71.63910425929532,-16.30179570875695,0 -71.63845558806813,-16.30216913746082,0 
							</coordinates>
						</LinearRing>
					</outerBoundaryIs>
				</Polygon>
			</Placemark>
			<Placemark>
				<name>1.29.89-18</name>
				<styleUrl>#falseColor163900171002</styleUrl>
				<Polygon>
					<tessellate>1</tessellate>
					<outerBoundaryIs>
						<LinearRing>
							<coordinates>
								-71.63955203491238,-16.30213563956946,0 -71.63937702613872,-16.30180040455503,0 -71.64011100383357,-16.30140583388332,0 -71.64029669890556,-16.30173762093444,0 -71.63955203491238,-16.30213563956946,0 
							</coordinates>
						</LinearRing>
					</outerBoundaryIs>
				</Polygon>
			</Placemark>
			<Placemark>
				<name>1.29.89-20</name>
				<styleUrl>#falseColor163900171002</styleUrl>
				<Polygon>
					<tessellate>1</tessellate>
					<outerBoundaryIs>
						<LinearRing>
							<coordinates>
								-71.63953374417351,-16.30225251621921,0 -71.64034021252682,-16.30181929253737,0 -71.64065616543483,-16.30162027126896,0 -71.64123019634202,-16.30126458008016,0 -71.64125008225103,-16.30159079612165,0 -71.64061540139269,-16.30196583350105,0 -71.64058952957622,-16.30221327674548,0 -71.63976219709107,-16.30262758772359,0 -71.63953374417351,-16.30225251621921,0 
							</coordinates>
						</LinearRing>
					</outerBoundaryIs>
				</Polygon>
			</Placemark>
			<Placemark>
				<name>1.29.89-22</name>
				<styleUrl>#falseColor163900171002</styleUrl>
				<Polygon>
					<tessellate>1</tessellate>
					<outerBoundaryIs>
						<LinearRing>
							<coordinates>
								-71.63902477450624,-16.30311029822449,0 -71.63975884440045,-16.3027417472499,0 -71.64022297099149,-16.30355273515896,0 -71.63946841454083,-16.3039205718265,0 -71.63902477450624,-16.30311029822449,0 
							</coordinates>
						</LinearRing>
					</outerBoundaryIs>
				</Polygon>
			</Placemark>
			<Placemark>
				<name>1.29.89-23</name>
				<styleUrl>#falseColor163900171002</styleUrl>
				<Polygon>
					<tessellate>1</tessellate>
					<outerBoundaryIs>
						<LinearRing>
							<coordinates>
								-71.64021345272397,-16.30250869955293,0 -71.64030095352484,-16.3026805546665,0 -71.64044405899834,-16.30282600895594,0 -71.64046822519074,-16.30287474027533,0 -71.64041447975646,-16.30290629880821,0 -71.6403782753824,-16.30285601854111,0 -71.64001325552924,-16.30307719605133,0 -71.6398204583342,-16.30270926516303,0 -71.64021345272397,-16.30250869955293,0 
							</coordinates>
						</LinearRing>
					</outerBoundaryIs>
				</Polygon>
			</Placemark>
			<Placemark>
				<name>1.29.89-24</name>
				<styleUrl>#falseColor163900171002</styleUrl>
				<Polygon>
					<tessellate>1</tessellate>
					<outerBoundaryIs>
						<LinearRing>
							<coordinates>
								-71.64075359924288,-16.30226047664268,0 -71.6409300615003,-16.30255808438403,0 -71.6404388475236,-16.30275359602801,0 -71.64040293294008,-16.30270775812647,0 -71.64033552755244,-16.30265433463391,0 -71.64025407709546,-16.30249266379521,0 -71.64075359924288,-16.30226047664268,0 
							</coordinates>
						</LinearRing>
					</outerBoundaryIs>
				</Polygon>
			</Placemark>
			<Placemark>
				<name>1.29.89-25</name>
				<styleUrl>#falseColor163900171002</styleUrl>
				<Polygon>
					<tessellate>1</tessellate>
					<outerBoundaryIs>
						<LinearRing>
							<coordinates>
								-71.64059803851606,-16.30305204211825,0 -71.64075665610919,-16.30328614869817,0 -71.64026893775072,-16.30353558824828,0 -71.64013179849275,-16.30327346499559,0 -71.64059803851606,-16.30305204211825,0 
							</coordinates>
						</LinearRing>
					</outerBoundaryIs>
				</Polygon>
			</Placemark>
			<Placemark>
				<name>1.29.89-26</name>
				<styleUrl>#falseColor163900171002</styleUrl>
				<Polygon>
					<tessellate>1</tessellate>
					<outerBoundaryIs>
						<LinearRing>
							<coordinates>
								-71.64084134079287,-16.30337626863915,0 -71.6410589824479,-16.3036837529501,0 -71.64052125809542,-16.30396769661004,0 -71.6402925319091,-16.30359499138206,0 -71.64084134079287,-16.30337626863915,0 
							</coordinates>
						</LinearRing>
					</outerBoundaryIs>
				</Polygon>
			</Placemark>
			<Placemark>
				<name>1.29.89-27</name>
				<styleUrl>#falseColor163900171002</styleUrl>
				<Polygon>
					<tessellate>1</tessellate>
					<outerBoundaryIs>
						<LinearRing>
							<coordinates>
								-71.6402257600474,-16.30364128551841,0 -71.64047031395374,-16.30401338968812,0 -71.63973176707198,-16.30440283154231,0 -71.63950652428967,-16.30399159087314,0 -71.6402257600474,-16.30364128551841,0 
							</coordinates>
						</LinearRing>
					</outerBoundaryIs>
				</Polygon>
			</Placemark>
			<Placemark>
				<name>1.29.89-28</name>
				<styleUrl>#falseColor163900171002</styleUrl>
				<Polygon>
					<tessellate>1</tessellate>
					<outerBoundaryIs>
						<LinearRing>
							<coordinates>
								-71.64049903693973,-16.30408963973964,0 -71.6407305013915,-16.30448193028241,0 -71.63997304028531,-16.30485897425908,0 -71.63975934901886,-16.30446208378352,0 -71.64049903693973,-16.30408963973964,0 
							</coordinates>
						</LinearRing>
					</outerBoundaryIs>
				</Polygon>
			</Placemark>
			<Placemark>
				<name>1.29.89-29</name>
				<styleUrl>#falseColor163900171002</styleUrl>
				<Polygon>
					<tessellate>1</tessellate>
					<outerBoundaryIs>
						<LinearRing>
							<coordinates>
								-71.64076850802476,-16.30444846930675,0 -71.6405497610354,-16.30406829154246,0 -71.6407786046977,-16.30394902709196,0 -71.64098789257449,-16.30432420098301,0 -71.64076850802476,-16.30444846930675,0 
							</coordinates>
						</LinearRing>
					</outerBoundaryIs>
				</Polygon>
			</Placemark>
			<Placemark>
				<name>1.29.89-30</name>
				<styleUrl>#falseColor163900171002</styleUrl>
				<Polygon>
					<tessellate>1</tessellate>
					<outerBoundaryIs>
						<LinearRing>
							<coordinates>
								-71.64090557379879,-16.30404986393631,0 -71.64132738920144,-16.30382477598381,0 -71.64146564419126,-16.30407360768612,0 -71.64101965502604,-16.3042998267886,0 -71.64090557379879,-16.30404986393631,0 
							</coordinates>
						</LinearRing>
					</outerBoundaryIs>
				</Polygon>
			</Placemark>
			<Placemark>
				<name>1.29.89-31</name>
				<styleUrl>#falseColor163900171002</styleUrl>
				<Polygon>
					<tessellate>1</tessellate>
					<outerBoundaryIs>
						<LinearRing>
							<coordinates>
								-71.64137722485694,-16.30419423352939,0 -71.64153117476346,-16.30436577706165,0 -71.64042933592114,-16.30563594471538,0 -71.64001371321216,-16.30492024633717,0 -71.64137722485694,-16.30419423352939,0 
							</coordinates>
						</LinearRing>
					</outerBoundaryIs>
				</Polygon>
			</Placemark>
			<Placemark>
				<name>1.29.89-32</name>
				<styleUrl>#falseColor163900171002</styleUrl>
				<Polygon>
					<tessellate>1</tessellate>
					<outerBoundaryIs>
						<LinearRing>
							<coordinates>
								-71.64159153247293,-16.30444416251265,0 -71.64199104696708,-16.30474581166835,0 -71.64198262625399,-16.30489128576986,0 -71.64212784637047,-16.30499577525644,0 -71.6422597017707,-16.30513056386357,0 -71.64183524509424,-16.3056041855654,0 -71.64120653489097,-16.30630329778878,0 -71.64049176754327,-16.30569942799064,0 -71.64159153247293,-16.30444416251265,0 
							</coordinates>
						</LinearRing>
					</outerBoundaryIs>
				</Polygon>
			</Placemark>
			<Placemark>
				<name>1.29.89-37</name>
				<styleUrl>#falseColor163900171002</styleUrl>
				<Polygon>
					<tessellate>1</tessellate>
					<outerBoundaryIs>
						<LinearRing>
							<coordinates>
								-71.64273973201794,-16.30634617162318,0 -71.6435591684702,-16.30702773004873,0 -71.64311979292138,-16.30787401684847,0 -71.64211711094482,-16.3070347303536,0 -71.64273973201794,-16.30634617162318,0 
							</coordinates>
						</LinearRing>
					</outerBoundaryIs>
				</Polygon>
			</Placemark>
			<Placemark>
				<name>1.29.89-41</name>
				<styleUrl>#falseColor163900171002</styleUrl>
				<Polygon>
					<tessellate>1</tessellate>
					<outerBoundaryIs>
						<LinearRing>
							<coordinates>
								-71.64347713334232,-16.30687315506277,0 -71.64401307507183,-16.30626433501613,0 -71.64431841043597,-16.30650161738998,0 -71.64453755249242,-16.30663219256915,0 -71.64415855149396,-16.30701136425747,0 -71.64394184661739,-16.30685834823182,0 -71.64374469568457,-16.30708316710365,0 -71.64347713334232,-16.30687315506277,0 
							</coordinates>
						</LinearRing>
					</outerBoundaryIs>
				</Polygon>
			</Placemark>
			<Placemark>
				<name>1.29.89-42</name>
				<styleUrl>#falseColor163900171002</styleUrl>
				<Polygon>
					<tessellate>1</tessellate>
					<outerBoundaryIs>
						<LinearRing>
							<coordinates>
								-71.64264555021167,-16.30886687722786,0 -71.64260082538473,-16.30889221383618,0 -71.64251727224153,-16.30888318449252,0 -71.64225721156492,-16.30876407017859,0 -71.64240051774237,-16.30848837806311,0 -71.64248563949941,-16.30830445851665,0 -71.64283634960555,-16.30785001546831,0 -71.64302553654473,-16.30805555306752,0 -71.64264555021167,-16.30886687722786,0 
							</coordinates>
						</LinearRing>
					</outerBoundaryIs>
				</Polygon>
			</Placemark>
			<Placemark>
				<name>1.29.89-43</name>
				<styleUrl>#falseColor163900171002</styleUrl>
				<Polygon>
					<tessellate>1</tessellate>
					<outerBoundaryIs>
						<LinearRing>
							<coordinates>
								-71.642790081817,-16.30783581031713,0 -71.64270664567471,-16.30793855171398,0 -71.64238745114851,-16.30838620689541,0 -71.64220212967658,-16.30874371401429,0 -71.64193426282532,-16.30859489970947,0 -71.64161889825472,-16.30831531499123,0 -71.64208625811999,-16.30778420490373,0 -71.64170250171517,-16.307445516333,0 -71.64196048787156,-16.3071733046193,0 -71.6426980437701,-16.30777787530809,0 -71.642790081817,-16.30783581031713,0 
							</coordinates>
						</LinearRing>
					</outerBoundaryIs>
				</Polygon>
			</Placemark>
			<Placemark>
				<name>1.29.89-44</name>
				<styleUrl>#falseColor163900171002</styleUrl>
				<Polygon>
					<tessellate>1</tessellate>
					<outerBoundaryIs>
						<LinearRing>
							<coordinates>
								-71.64191700688627,-16.30712513204916,0 -71.64164276965464,-16.30739765087078,0 -71.64092152485685,-16.3067962701348,0 -71.6411855052216,-16.30651097759457,0 -71.64191700688627,-16.30712513204916,0 
							</coordinates>
						</LinearRing>
					</outerBoundaryIs>
				</Polygon>
			</Placemark>
			<Placemark>
				<name>1.29.89-45</name>
				<styleUrl>#falseColor163900171002</styleUrl>
				<Polygon>
					<tessellate>1</tessellate>
					<outerBoundaryIs>
						<LinearRing>
							<coordinates>
								-71.64199303665494,-16.30777659036979,0 -71.64172872805588,-16.3080670303953,0 -71.64061119913855,-16.30711370109263,0 -71.64086568836969,-16.30685993316513,0 -71.64199303665494,-16.30777659036979,0 
							</coordinates>
						</LinearRing>
					</outerBoundaryIs>
				</Polygon>
			</Placemark>
			<Placemark>
				<name>1.29.89-50</name>
				<styleUrl>#falseColor163900171002</styleUrl>
				<Polygon>
					<tessellate>1</tessellate>
					<outerBoundaryIs>
						<LinearRing>
							<coordinates>
								-71.64065161247738,-16.30608164578744,0 -71.64041751574499,-16.30633686820158,0 -71.64005066890087,-16.30677617420876,0 -71.63972729316065,-16.30648271328852,0 -71.63992801468903,-16.30628941263785,0 -71.64009936503658,-16.30610891091607,0 -71.64034095192036,-16.30582867616498,0 -71.64065161247738,-16.30608164578744,0 
							</coordinates>
						</LinearRing>
					</outerBoundaryIs>
				</Polygon>
			</Placemark>
			<Placemark>
				<name>1.29.89-51</name>
				<styleUrl>#falseColor163900171002</styleUrl>
				<Polygon>
					<tessellate>1</tessellate>
					<outerBoundaryIs>
						<LinearRing>
							<coordinates>
								-71.63987183351016,-16.30502338700649,0 -71.63991524449582,-16.30512318200186,0 -71.639971221826,-16.30522927681513,0 -71.64002764237263,-16.30534256276366,0 -71.64009820507472,-16.3054566043136,0 -71.64014587941723,-16.3055767588689,0 -71.64022389907375,-16.30567895813109,0 -71.6403065520274,-16.30580329479866,0 -71.64018806590789,-16.30593063821021,0 -71.63991721813544,-16.30556091340598,0 -71.63975915782359,-16.30528876803189,0 -71.63939217434611,-16.30549039073241,0 -71.63928813349537,-16.3052847443305,0 -71.63987183351016,-16.30502338700649,0 
							</coordinates>
						</LinearRing>
					</outerBoundaryIs>
				</Polygon>
			</Placemark>
			<Placemark>
				<name>1.29.89-52</name>
				<styleUrl>#falseColor163900171002</styleUrl>
				<Polygon>
					<tessellate>1</tessellate>
					<outerBoundaryIs>
						<LinearRing>
							<coordinates>
								-71.63933247012511,-16.30517384785506,0 -71.63907042086014,-16.30534725396118,0 -71.63887665212691,-16.30505824212289,0 -71.6392396893059,-16.3048960423023,0 -71.63964808061488,-16.30467301379754,0 -71.63983482219781,-16.30494585169307,0 -71.63933247012511,-16.30517384785506,0 
							</coordinates>
						</LinearRing>
					</outerBoundaryIs>
				</Polygon>
			</Placemark>
			<Placemark>
				<name>1.29.89-53</name>
				<styleUrl>#falseColor163900171002</styleUrl>
				<Polygon>
					<tessellate>1</tessellate>
					<outerBoundaryIs>
						<LinearRing>
							<coordinates>
								-71.6389911578014,-16.30498717412478,0 -71.63888765045647,-16.30487656677293,0 -71.63954491873791,-16.30452752479938,0 -71.63962967733778,-16.30464197768152,0 -71.6389911578014,-16.30498717412478,0 
							</coordinates>
						</LinearRing>
					</outerBoundaryIs>
				</Polygon>
			</Placemark>
			<Placemark>
				<name>1.29.89-54</name>
				<styleUrl>#falseColor163900171002</styleUrl>
				<Polygon>
					<tessellate>1</tessellate>
					<outerBoundaryIs>
						<LinearRing>
							<coordinates>
								-71.63927529451443,-16.30399678907801,0 -71.63849031367224,-16.30440936675187,0 -71.63817711964414,-16.30397837241264,0 -71.63796668541187,-16.30362397987286,0 -71.63882971553704,-16.30315995789793,0 -71.63927529451443,-16.30399678907801,0 
							</coordinates>
						</LinearRing>
					</outerBoundaryIs>
				</Polygon>
			</Placemark>
			<Placemark>
				<name>1.29.89-55</name>
				<styleUrl>#falseColor163900171002</styleUrl>
				<Polygon>
					<tessellate>1</tessellate>
					<outerBoundaryIs>
						<LinearRing>
							<coordinates>
								-71.63813935050976,-16.30408020288614,0 -71.63832412061275,-16.30429993382791,0 -71.63846807652833,-16.30446719905071,0 -71.63837952173712,-16.3045838703218,0 -71.63823836125565,-16.30446794921011,0 -71.6380926151098,-16.30428085655364,0 -71.6379625929314,-16.30409378739779,0 -71.63810908739481,-16.30400615252829,0 -71.63813935050976,-16.30408020288614,0 
							</coordinates>
						</LinearRing>
					</outerBoundaryIs>
				</Polygon>
			</Placemark>
			<Placemark>
				<name>1.29.89-56</name>
				<styleUrl>#falseColor163900171002</styleUrl>
				<Polygon>
					<tessellate>1</tessellate>
					<outerBoundaryIs>
						<LinearRing>
							<coordinates>
								-71.63809675112219,-16.30396549925493,0 -71.63786870896026,-16.3040922651172,0 -71.63782684230362,-16.30399921117786,0 -71.63765282927402,-16.30407787087035,0 -71.63752697713259,-16.3041375147461,0 -71.63741753479185,-16.30395789604512,0 -71.63755831981749,-16.30388819934647,0 -71.63773002244892,-16.30379859432285,0 -71.63794540162557,-16.30368934977628,0 -71.63809675112219,-16.30396549925493,0 
							</coordinates>
						</LinearRing>
					</outerBoundaryIs>
				</Polygon>
			</Placemark>
			<Placemark>
				<name>1.29.89-57</name>
				<styleUrl>#falseColor163900171002</styleUrl>
				<Polygon>
					<tessellate>1</tessellate>
					<outerBoundaryIs>
						<LinearRing>
							<coordinates>
								-71.63830431083984,-16.30229278269184,0 -71.63863304509123,-16.30282654996739,0 -71.63746844102936,-16.30341334967497,0 -71.63722643436415,-16.30284235275937,0 -71.63775931310722,-16.30258324341836,0 -71.63830431083984,-16.30229278269184,0 
							</coordinates>
						</LinearRing>
					</outerBoundaryIs>
				</Polygon>
			</Placemark>
			<Placemark>
				<name>1.29.89-58</name>
				<styleUrl>#falseColor163900171002</styleUrl>
				<Polygon>
					<tessellate>1</tessellate>
					<outerBoundaryIs>
						<LinearRing>
							<coordinates>
								-71.63749497872347,-16.30262724065816,0 -71.63727537506885,-16.30222180166739,0 -71.63805565702962,-16.30181617500424,0 -71.63827058293501,-16.30221358727704,0 -71.63749497872347,-16.30262724065816,0 
							</coordinates>
						</LinearRing>
					</outerBoundaryIs>
				</Polygon>
			</Placemark>
			<Placemark>
				<name>1.29.89-59</name>
				<styleUrl>#falseColor163900171002</styleUrl>
				<Polygon>
					<tessellate>1</tessellate>
					<outerBoundaryIs>
						<LinearRing>
							<coordinates>
								-71.63677058537456,-16.3019466643664,0 -71.63697387971386,-16.30192259602133,0 -71.63737825326035,-16.30268438779519,0 -71.63704478667555,-16.30286024243109,0 -71.63692417515603,-16.30262012392351,0 -71.63677362504816,-16.30238386033953,0 -71.6366022440355,-16.30205012846428,0 -71.63677058537456,-16.3019466643664,0 
							</coordinates>
						</LinearRing>
					</outerBoundaryIs>
				</Polygon>
			</Placemark>
			<Placemark>
				<name>1.29.89-60</name>
				<styleUrl>#falseColor163900171002</styleUrl>
				<Polygon>
					<tessellate>1</tessellate>
					<outerBoundaryIs>
						<LinearRing>
							<coordinates>
								-71.6366412570697,-16.30305964559295,0 -71.63619097632393,-16.30226535251406,0 -71.63652797298353,-16.30207900521921,0 -71.63698254689234,-16.30289590416833,0 -71.6366412570697,-16.30305964559295,0 
							</coordinates>
						</LinearRing>
					</outerBoundaryIs>
				</Polygon>
			</Placemark>
			<Placemark>
				<name>1.29.89-62</name>
				<styleUrl>#falseColor163900171002</styleUrl>
				<Polygon>
					<tessellate>1</tessellate>
					<outerBoundaryIs>
						<LinearRing>
							<coordinates>
								-71.63711245960906,-16.30108273008763,0 -71.63740639334688,-16.30152235789099,0 -71.6370511823996,-16.30172726787973,0 -71.63687264745646,-16.30143612300195,0 -71.63674324523917,-16.30123975954205,0 -71.63656877895043,-16.30089829757848,0 -71.63692176941495,-16.30071669597767,0 -71.63711245960906,-16.30108273008763,0 
							</coordinates>
						</LinearRing>
					</outerBoundaryIs>
				</Polygon>
			</Placemark>
			<Placemark>
				<name>1.29.89-63</name>
				<styleUrl>#falseColor163900171002</styleUrl>
				<Polygon>
					<tessellate>1</tessellate>
					<outerBoundaryIs>
						<LinearRing>
							<coordinates>
								-71.63678391996118,-16.30162680809052,0 -71.6368990596128,-16.30179945999373,0 -71.6366492770704,-16.30191254852224,0 -71.63617700111082,-16.30112673612498,0 -71.63643919633788,-16.30099080268994,0 -71.63678391996118,-16.30162680809052,0 
							</coordinates>
						</LinearRing>
					</outerBoundaryIs>
				</Polygon>
			</Placemark>
			<Placemark>
				<name>1.29.89-64</name>
				<styleUrl>#falseColor163900171002</styleUrl>
				<Polygon>
					<tessellate>1</tessellate>
					<outerBoundaryIs>
						<LinearRing>
							<coordinates>
								-71.63647938255554,-16.30199822786288,0 -71.63636715450464,-16.30206313811266,0 -71.63615614586466,-16.30216733281568,0 -71.63568748020909,-16.30135349961366,0 -71.63584344952342,-16.30128919124342,0 -71.63602753737906,-16.3011819630995,0 -71.63647938255554,-16.30199822786288,0 
							</coordinates>
						</LinearRing>
					</outerBoundaryIs>
				</Polygon>
			</Placemark>
			<Placemark>
				<name>1.29.89-66</name>
				<styleUrl>#falseColor163900171002</styleUrl>
				<Polygon>
					<tessellate>1</tessellate>
					<outerBoundaryIs>
						<LinearRing>
							<coordinates>
								-71.63525052799913,-16.30149942826849,0 -71.63508620112584,-16.30105231188382,0 -71.63584485139623,-16.30065640694755,0 -71.63613751811346,-16.30046774213481,0 -71.63639710546244,-16.30089433963964,0 -71.63525052799913,-16.30149942826849,0 
							</coordinates>
						</LinearRing>
					</outerBoundaryIs>
				</Polygon>
			</Placemark>
			<Placemark>
				<name>1.29.89-71</name>
				<styleUrl>#falseColor163900171002</styleUrl>
				<Polygon>
					<tessellate>1</tessellate>
					<outerBoundaryIs>
						<LinearRing>
							<coordinates>
								-71.63342153575641,-16.30009292693015,0 -71.63360485742619,-16.29995426809235,0 -71.63380244135894,-16.29985943172248,0 -71.63426832239307,-16.30074638698314,0 -71.63389303657013,-16.30093058237761,0 -71.63342153575641,-16.30009292693015,0 
							</coordinates>
						</LinearRing>
					</outerBoundaryIs>
				</Polygon>
			</Placemark>
			<Placemark>
				<name>1.29.89-73</name>
				<styleUrl>#falseColor163900171002</styleUrl>
				<Polygon>
					<tessellate>1</tessellate>
					<outerBoundaryIs>
						<LinearRing>
							<coordinates>
								-71.63349643698919,-16.30123289906897,0 -71.6343124762581,-16.30080654792234,0 -71.63444405539519,-16.30105440712316,0 -71.63366860092928,-16.30148724584994,0 -71.63349643698919,-16.30123289906897,0 
							</coordinates>
						</LinearRing>
					</outerBoundaryIs>
				</Polygon>
			</Placemark>
			<Placemark>
				<name>1.29.89-74</name>
				<styleUrl>#falseColor163900171002</styleUrl>
				<Polygon>
					<tessellate>1</tessellate>
					<outerBoundaryIs>
						<LinearRing>
							<coordinates>
								-71.63356614297706,-16.30154712496557,0 -71.63324122675699,-16.30172200031362,0 -71.63301819009521,-16.3015275191886,0 -71.63339671630378,-16.30129240476781,0 -71.63356614297706,-16.30154712496557,0 
							</coordinates>
						</LinearRing>
					</outerBoundaryIs>
				</Polygon>
			</Placemark>
			<Placemark>
				<name>1.29.89-75</name>
				<styleUrl>#falseColor163900171002</styleUrl>
				<Polygon>
					<tessellate>1</tessellate>
					<outerBoundaryIs>
						<LinearRing>
							<coordinates>
								-71.63455005395001,-16.30139353735999,0 -71.63388500819768,-16.30175272089532,0 -71.63372125184159,-16.30152196531773,0 -71.6344427316707,-16.30110539738024,0 -71.63455005395001,-16.30139353735999,0 
							</coordinates>
						</LinearRing>
					</outerBoundaryIs>
				</Polygon>
			</Placemark>
			<Placemark>
				<name>1.29.89-76</name>
				<styleUrl>#falseColor163900171002</styleUrl>
				<Polygon>
					<tessellate>1</tessellate>
					<outerBoundaryIs>
						<LinearRing>
							<coordinates>
								-71.63376080803066,-16.30182800629988,0 -71.63352963768833,-16.301964726623,0 -71.63330422232947,-16.30176227889338,0 -71.63360267266314,-16.3015968193591,0 -71.63376080803066,-16.30182800629988,0 
							</coordinates>
						</LinearRing>
					</outerBoundaryIs>
				</Polygon>
			</Placemark>
			<Placemark>
				<name>1.29.89-77</name>
				<styleUrl>#falseColor163900171002</styleUrl>
				<Polygon>
					<tessellate>1</tessellate>
					<outerBoundaryIs>
						<LinearRing>
							<coordinates>
								-71.63464774679501,-16.30158433560466,0 -71.6343671976918,-16.30184317590427,0 -71.63421047285578,-16.30203688969794,0 -71.63429063260473,-16.30221687104632,0 -71.63416576123899,-16.30223839456467,0 -71.63404600086473,-16.30205512480926,0 -71.63391944918232,-16.30179061918477,0 -71.63456662245918,-16.30144180299596,0 -71.63464774679501,-16.30158433560466,0 
							</coordinates>
						</LinearRing>
					</outerBoundaryIs>
				</Polygon>
			</Placemark>
			<Placemark>
				<name>1.29.89-78</name>
				<styleUrl>#falseColor163900171002</styleUrl>
				<Polygon>
					<tessellate>1</tessellate>
					<outerBoundaryIs>
						<LinearRing>
							<coordinates>
								-71.63413586871751,-16.30229912829992,0 -71.63395209897611,-16.30237693532013,0 -71.63357616657207,-16.30201296045396,0 -71.63380215622121,-16.30187642066884,0 -71.63413586871751,-16.30229912829992,0 
							</coordinates>
						</LinearRing>
					</outerBoundaryIs>
				</Polygon>
			</Placemark>
			<Placemark>
				<name>1.29.89-80</name>
				<styleUrl>#falseColor163900171002</styleUrl>
				<Polygon>
					<tessellate>1</tessellate>
					<outerBoundaryIs>
						<LinearRing>
							<coordinates>
								-71.63584949479801,-16.30178670648144,0 -71.63610595039452,-16.30219116954376,0 -71.63575637418472,-16.30238423084816,0 -71.63528263864315,-16.30157939685515,0 -71.63563561421907,-16.30140414736934,0 -71.63584949479801,-16.30178670648144,0 
							</coordinates>
						</LinearRing>
					</outerBoundaryIs>
				</Polygon>
			</Placemark>
			<Placemark>
				<name>1.29.89-81</name>
				<styleUrl>#falseColor163900171002</styleUrl>
				<Polygon>
					<tessellate>1</tessellate>
					<outerBoundaryIs>
						<LinearRing>
							<coordinates>
								-71.63565017487034,-16.30242258875202,0 -71.6353913591708,-16.30256504837051,0 -71.63492931742567,-16.30175338522955,0 -71.63519719341906,-16.30162522046279,0 -71.63565017487034,-16.30242258875202,0 
							</coordinates>
						</LinearRing>
					</outerBoundaryIs>
				</Polygon>
			</Placemark>
			<Placemark>
				<name>1.29.89-82</name>
				<styleUrl>#falseColor163900171002</styleUrl>
				<Polygon>
					<tessellate>1</tessellate>
					<outerBoundaryIs>
						<LinearRing>
							<coordinates>
								-71.63520190177151,-16.30254696655048,0 -71.63511375187015,-16.30253626319233,0 -71.63507307357668,-16.30247536332233,0 -71.6349690454874,-16.30225949786496,0 -71.63490662558134,-16.30214569574105,0 -71.63483454612545,-16.30201795323566,0 -71.63477026864055,-16.30192038696954,0 -71.63489799389633,-16.30183300276902,0 -71.63507421637539,-16.30214617666088,0 -71.63527208171195,-16.30250874051842,0 -71.63520190177151,-16.30254696655048,0 
							</coordinates>
						</LinearRing>
					</outerBoundaryIs>
				</Polygon>
			</Placemark>
			<Placemark>
				<name>1.29.89-83</name>
				<styleUrl>#falseColor163900171002</styleUrl>
				<Polygon>
					<tessellate>1</tessellate>
					<outerBoundaryIs>
						<LinearRing>
							<coordinates>
								-71.63532084653605,-16.30377986239317,0 -71.63526574043696,-16.3037000482829,0 -71.63534217291233,-16.30364051475789,0 -71.63521918653387,-16.30342686529634,0 -71.63524790689897,-16.30339075176271,0 -71.63532313040803,-16.30330786580122,0 -71.63551125651831,-16.30366761153269,0 -71.63532084653605,-16.30377986239317,0 
							</coordinates>
						</LinearRing>
					</outerBoundaryIs>
				</Polygon>
			</Placemark>
			<Placemark>
				<name>1.29.89-84</name>
				<styleUrl>#falseColor163900171002</styleUrl>
				<Polygon>
					<tessellate>1</tessellate>
					<outerBoundaryIs>
						<LinearRing>
							<coordinates>
								-71.63531302003889,-16.30315089489519,0 -71.63527767387821,-16.30304634622571,0 -71.63525228677506,-16.30277517562197,0 -71.63523725602664,-16.30270734450955,0 -71.63521964691513,-16.30259072032541,0 -71.63529285667548,-16.3025510790551,0 -71.63555012357692,-16.30299948334022,0 -71.63584125715477,-16.30350741557031,0 -71.6355820506601,-16.3036380997732,0 -71.63531302003889,-16.30315089489519,0 
							</coordinates>
						</LinearRing>
					</outerBoundaryIs>
				</Polygon>
			</Placemark>
			<Placemark>
				<name>1.29.89-85</name>
				<styleUrl>#falseColor163900171002</styleUrl>
				<Polygon>
					<tessellate>1</tessellate>
					<outerBoundaryIs>
						<LinearRing>
							<coordinates>
								-71.6361537857542,-16.30334013870395,0 -71.63601971892814,-16.30338656379278,0 -71.63589740081142,-16.30346991218923,0 -71.63543459745874,-16.30265015099414,0 -71.63569992399087,-16.30252856083846,0 -71.6361537857542,-16.30334013870395,0 
							</coordinates>
						</LinearRing>
					</outerBoundaryIs>
				</Polygon>
			</Placemark>
			<Placemark>
				<name>1.29.89-86</name>
				<styleUrl>#falseColor163900171002</styleUrl>
				<Polygon>
					<tessellate>1</tessellate>
					<outerBoundaryIs>
						<LinearRing>
							<coordinates>
								-71.63659821134966,-16.3030972218616,0 -71.63624903361415,-16.30327483576145,0 -71.63576079701437,-16.30246861440958,0 -71.63576744100079,-16.30246881723345,0 -71.63595139926036,-16.30239294154574,0 -71.63613186245347,-16.30229370549556,0 -71.63659821134966,-16.3030972218616,0 
							</coordinates>
						</LinearRing>
					</outerBoundaryIs>
				</Polygon>
			</Placemark>
			<Placemark>
				<name>1.29.89-87</name>
				<styleUrl>#falseColor163900171002</styleUrl>
				<Polygon>
					<tessellate>1</tessellate>
					<outerBoundaryIs>
						<LinearRing>
							<coordinates>
								-71.63659366108919,-16.30484949816927,0 -71.63648027022207,-16.30494232624694,0 -71.63583811771602,-16.30383179864816,0 -71.63552272315368,-16.30396264632863,0 -71.63545538954196,-16.30379893572355,0 -71.63588747913397,-16.30359782642996,0 -71.63659366108919,-16.30484949816927,0 
							</coordinates>
						</LinearRing>
					</outerBoundaryIs>
				</Polygon>
			</Placemark>
			<Placemark>
				<name>1.29.89-89</name>
				<styleUrl>#falseColor163900171002</styleUrl>
				<Polygon>
					<tessellate>1</tessellate>
					<outerBoundaryIs>
						<LinearRing>
							<coordinates>
								-71.63651997595579,-16.30457568185705,0 -71.63594392094622,-16.30355976012117,0 -71.63619770230467,-16.30343352557144,0 -71.63628113488484,-16.30360943948723,0 -71.63640864504966,-16.3038671351743,0 -71.63651746049275,-16.3041064253064,0 -71.63674644436828,-16.30457370954541,0 -71.63706948273033,-16.30522640891802,0 -71.63691874725373,-16.30532389229255,0 -71.63651997595579,-16.30457568185705,0 
							</coordinates>
						</LinearRing>
					</outerBoundaryIs>
				</Polygon>
			</Placemark>
			<Placemark>
				<name>1.29.89-90</name>
				<styleUrl>#falseColor163900171002</styleUrl>
				<Polygon>
					<tessellate>1</tessellate>
					<outerBoundaryIs>
						<LinearRing>
							<coordinates>
								-71.63664871238973,-16.30414006860301,0 -71.63625185000744,-16.30332074847601,0 -71.63644434731368,-16.30324233683878,0 -71.63663014835673,-16.30316107301309,0 -71.63673755613004,-16.30342579339105,0 -71.63715916203466,-16.30432437136633,0 -71.6374780799613,-16.30502008663535,0 -71.637129961884,-16.30520846388286,0 -71.63664871238973,-16.30414006860301,0 
							</coordinates>
						</LinearRing>
					</outerBoundaryIs>
				</Polygon>
			</Placemark>
			<Placemark>
				<name>1.29.89-96</name>
				<styleUrl>#falseColor163900171002</styleUrl>
				<Polygon>
					<tessellate>1</tessellate>
					<outerBoundaryIs>
						<LinearRing>
							<coordinates>
								-71.63685906877886,-16.30584507847031,0 -71.63715239349426,-16.30630754086301,0 -71.63703948501593,-16.30637299424014,0 -71.63696111610015,-16.30622510104448,0 -71.63685991803654,-16.30604968480106,0 -71.63673872656362,-16.30596063452425,0 -71.63663051640394,-16.30570016164746,0 -71.63676632143563,-16.30560589209506,0 -71.63685906877886,-16.30584507847031,0 
							</coordinates>
						</LinearRing>
					</outerBoundaryIs>
				</Polygon>
			</Placemark>
			<Placemark>
				<name>1.29.89-107</name>
				<styleUrl>#falseColor163900171002</styleUrl>
				<Polygon>
					<tessellate>1</tessellate>
					<outerBoundaryIs>
						<LinearRing>
							<coordinates>
								-71.63995178570264,-16.30709229982369,0 -71.64030182314224,-16.30737778740414,0 -71.63991465269115,-16.30783805283492,0 -71.63955448042093,-16.30753745280718,0 -71.63995178570264,-16.30709229982369,0 
							</coordinates>
						</LinearRing>
					</outerBoundaryIs>
				</Polygon>
			</Placemark>
			<Placemark>
				<name>1.29.90-2</name>
				<styleUrl>#falseColor163900171002</styleUrl>
				<Polygon>
					<tessellate>1</tessellate>
					<outerBoundaryIs>
						<LinearRing>
							<coordinates>
								-71.64316305818612,-16.30796895394742,0 -71.64329971453593,-16.30772487688111,0 -71.64340704524986,-16.30779793364905,0 -71.64381806053244,-16.30815038407442,0 -71.64397685819053,-16.30826270724108,0 -71.64387707982971,-16.30837175706927,0 -71.64422153454319,-16.30864925033932,0 -71.64412345977475,-16.30876334823705,0 -71.64316305818612,-16.30796895394742,0 
							</coordinates>
						</LinearRing>
					</outerBoundaryIs>
				</Polygon>
			</Placemark>
			<Placemark>
				<name>1.29.90-3</name>
				<styleUrl>#falseColor163900171002</styleUrl>
				<Polygon>
					<tessellate>1</tessellate>
					<outerBoundaryIs>
						<LinearRing>
							<coordinates>
								-71.64312073155453,-16.3080772340845,0 -71.64404819251085,-16.30885248389815,0 -71.64384267041214,-16.30906911753061,0 -71.64299803638897,-16.30836307860613,0 -71.64312073155453,-16.3080772340845,0 
							</coordinates>
						</LinearRing>
					</outerBoundaryIs>
				</Polygon>
			</Placemark>
			<Placemark>
				<name>1.29.90-4</name>
				<styleUrl>#falseColor163900171002</styleUrl>
				<Polygon>
					<tessellate>1</tessellate>
					<outerBoundaryIs>
						<LinearRing>
							<coordinates>
								-71.64381932558854,-16.30912432682065,0 -71.64361331260568,-16.30931752909147,0 -71.64284031564918,-16.30866079957043,0 -71.64296945567162,-16.30841168440562,0 -71.64381932558854,-16.30912432682065,0 
							</coordinates>
						</LinearRing>
					</outerBoundaryIs>
				</Polygon>
			</Placemark>
			<Placemark>
				<name>1.29.90-5</name>
				<styleUrl>#falseColor163900171002</styleUrl>
				<Polygon>
					<tessellate>1</tessellate>
					<outerBoundaryIs>
						<LinearRing>
							<coordinates>
								-71.64411926674997,-16.30976445977275,0 -71.64367647939291,-16.30937665825115,0 -71.64386896735118,-16.30915682245513,0 -71.64481436757309,-16.30994438559109,0 -71.6446210436379,-16.31016802494627,0 -71.64411926674997,-16.30976445977275,0 
							</coordinates>
						</LinearRing>
					</outerBoundaryIs>
				</Polygon>
			</Placemark>
			<Placemark>
				<name>1.29.90-6</name>
				<styleUrl>#falseColor163900171002</styleUrl>
				<Polygon>
					<tessellate>1</tessellate>
					<outerBoundaryIs>
						<LinearRing>
							<coordinates>
								-71.64390630715836,-16.30911352168004,0 -71.64410174000297,-16.30890006528015,0 -71.64503055786352,-16.30968283206334,0 -71.64483416369308,-16.30988951575172,0 -71.64390630715836,-16.30911352168004,0 
							</coordinates>
						</LinearRing>
					</outerBoundaryIs>
				</Polygon>
			</Placemark>
			<Placemark>
				<name>1.29.90-7</name>
				<styleUrl>#falseColor163900171002</styleUrl>
				<Polygon>
					<tessellate>1</tessellate>
					<outerBoundaryIs>
						<LinearRing>
							<coordinates>
								-71.64418266307003,-16.30882444617954,0 -71.64429311713111,-16.30869189037951,0 -71.64486466334664,-16.30897252781562,0 -71.6450420729483,-16.30900382452995,0 -71.64477007859787,-16.30931920733154,0 -71.64418266307003,-16.30882444617954,0 
							</coordinates>
						</LinearRing>
					</outerBoundaryIs>
				</Polygon>
			</Placemark>
			<Placemark>
				<name>1.29.90-8</name>
				<styleUrl>#falseColor163900171002</styleUrl>
				<Polygon>
					<tessellate>1</tessellate>
					<outerBoundaryIs>
						<LinearRing>
							<coordinates>
								-71.64503548027298,-16.3095189495006,0 -71.64479490837635,-16.30934707467069,0 -71.64513407905174,-16.30895003691445,0 -71.64539362715645,-16.30913951965328,0 -71.64503548027298,-16.3095189495006,0 
							</coordinates>
						</LinearRing>
					</outerBoundaryIs>
				</Polygon>
			</Placemark>
			<Placemark>
				<name>1.29.90-9</name>
				<styleUrl>#falseColor163900171002</styleUrl>
				<Polygon>
					<tessellate>1</tessellate>
					<outerBoundaryIs>
						<LinearRing>
							<coordinates>
								-71.64580528763432,-16.31075885924822,0 -71.64571721436388,-16.31089162388921,0 -71.6454105362206,-16.31065145942687,0 -71.64526784017839,-16.31068722927349,0 -71.64467119459982,-16.31020979357878,0 -71.64485462892733,-16.30999359232986,0 -71.64580528763432,-16.31075885924822,0 
							</coordinates>
						</LinearRing>
					</outerBoundaryIs>
				</Polygon>
			</Placemark>
			<Placemark>
				<name>1.29.90-10</name>
				<styleUrl>#falseColor163900171002</styleUrl>
				<Polygon>
					<tessellate>1</tessellate>
					<outerBoundaryIs>
						<LinearRing>
							<coordinates>
								-71.64541706110995,-16.31039140584564,0 -71.64490479681486,-16.30993851176126,0 -71.64509278133218,-16.30973553939492,0 -71.64603610017005,-16.31051266099296,0 -71.6458343364793,-16.31072005605244,0 -71.64541706110995,-16.31039140584564,0 
							</coordinates>
						</LinearRing>
					</outerBoundaryIs>
				</Polygon>
			</Placemark>
			<Placemark>
				<name>1.29.90-11</name>
				<styleUrl>#falseColor163900171002</styleUrl>
				<Polygon>
					<tessellate>1</tessellate>
					<outerBoundaryIs>
						<LinearRing>
							<coordinates>
								-71.6453420640842,-16.30978226836855,0 -71.64572028487328,-16.3093798792024,0 -71.64586322525334,-16.30948296085765,0 -71.64599500630082,-16.30949648948359,0 -71.64556390300788,-16.30995285510984,0 -71.6453420640842,-16.30978226836855,0 
							</coordinates>
						</LinearRing>
					</outerBoundaryIs>
				</Polygon>
			</Placemark>
			<Placemark>
				<name>1.29.90-12</name>
				<styleUrl>#falseColor163900171002</styleUrl>
				<Polygon>
					<tessellate>1</tessellate>
					<outerBoundaryIs>
						<LinearRing>
							<coordinates>
								-71.64606554561722,-16.30948921655819,0 -71.64614641862957,-16.30948215289402,0 -71.646262547841,-16.30946582056552,0 -71.64640615885516,-16.30944296613896,0 -71.64652454009946,-16.30941343378295,0 -71.64582848727268,-16.31018995484913,0 -71.64562010319679,-16.3100044045888,0 -71.64606554561722,-16.30948921655819,0 
							</coordinates>
						</LinearRing>
					</outerBoundaryIs>
				</Polygon>
			</Placemark>
			<Placemark>
				<name>1.29.90-13</name>
				<styleUrl>#falseColor163900171002</styleUrl>
				<Polygon>
					<tessellate>1</tessellate>
					<outerBoundaryIs>
						<LinearRing>
							<coordinates>
								-71.64661152334864,-16.30939500676142,0 -71.64669759336593,-16.30940890712808,0 -71.64680436540954,-16.30941526226155,0 -71.6468847357682,-16.30942740500506,0 -71.64698808559666,-16.3094441629217,0 -71.64611579158205,-16.31043905808817,0 -71.64588269704596,-16.31022772702252,0 -71.64661152334864,-16.30939500676142,0 
							</coordinates>
						</LinearRing>
					</outerBoundaryIs>
				</Polygon>
			</Placemark>
			<Placemark>
				<name>1.29.90-14</name>
				<styleUrl>#falseColor163900171002</styleUrl>
				<Polygon>
					<tessellate>1</tessellate>
					<outerBoundaryIs>
						<LinearRing>
							<coordinates>
								-71.64710113979561,-16.30945341640004,0 -71.64734752519678,-16.30964356871414,0 -71.64665582746314,-16.31042139739564,0 -71.64644455859192,-16.31022458136199,0 -71.64710113979561,-16.30945341640004,0 
							</coordinates>
						</LinearRing>
					</outerBoundaryIs>
				</Polygon>
			</Placemark>
			<Placemark>
				<name>1.29.90-15</name>
				<styleUrl>#falseColor163900171002</styleUrl>
				<Polygon>
					<tessellate>1</tessellate>
					<outerBoundaryIs>
						<LinearRing>
							<coordinates>
								-71.64741072212283,-16.30969801341929,0 -71.64762401035813,-16.30989012843035,0 -71.64694301223419,-16.31064303280829,0 -71.64671486860014,-16.31046612673138,0 -71.64741072212283,-16.30969801341929,0 
							</coordinates>
						</LinearRing>
					</outerBoundaryIs>
				</Polygon>
			</Placemark>
			<Placemark>
				<name>1.29.90-18</name>
				<styleUrl>#falseColor163900171002</styleUrl>
				<Polygon>
					<tessellate>1</tessellate>
					<outerBoundaryIs>
						<LinearRing>
							<coordinates>
								-71.64767675800837,-16.30992974465475,0 -71.64791297516828,-16.31012923321222,0 -71.64723583102155,-16.31089567523945,0 -71.64701533587613,-16.31066426439936,0 -71.64767675800837,-16.30992974465475,0 
							</coordinates>
						</LinearRing>
					</outerBoundaryIs>
				</Polygon>
			</Placemark>
			<Placemark>
				<name>1.29.90-19</name>
				<styleUrl>#falseColor163900171002</styleUrl>
				<Polygon>
					<tessellate>1</tessellate>
					<outerBoundaryIs>
						<LinearRing>
							<coordinates>
								-71.6475186066841,-16.31112472052751,0 -71.64728107731469,-16.3109235540586,0 -71.64796681777338,-16.31017233397745,0 -71.64820251115709,-16.31036688284501,0 -71.6475186066841,-16.31112472052751,0 
							</coordinates>
						</LinearRing>
					</outerBoundaryIs>
				</Polygon>
			</Placemark>
			<Placemark>
				<name>1.29.90-20</name>
				<styleUrl>#falseColor163900171002</styleUrl>
				<Polygon>
					<tessellate>1</tessellate>
					<outerBoundaryIs>
						<LinearRing>
							<coordinates>
								-71.6484627780639,-16.30963110473863,0 -71.64870002651206,-16.30980920020677,0 -71.64824386078915,-16.31030292143035,0 -71.64801426119912,-16.31011951784235,0 -71.6484627780639,-16.30963110473863,0 
							</coordinates>
						</LinearRing>
					</outerBoundaryIs>
				</Polygon>
			</Placemark>
			<Placemark>
				<name>1.29.90-21</name>
				<styleUrl>#falseColor163900171002</styleUrl>
				<Polygon>
					<tessellate>1</tessellate>
					<outerBoundaryIs>
						<LinearRing>
							<coordinates>
								-71.64874423148005,-16.30986973605686,0 -71.64883625006394,-16.3099585183628,0 -71.64888835732552,-16.31012669901245,0 -71.64853167557382,-16.31052865518511,0 -71.64829551996931,-16.31033554535204,0 -71.64874423148005,-16.30986973605686,0 
							</coordinates>
						</LinearRing>
					</outerBoundaryIs>
				</Polygon>
			</Placemark>
			<Placemark>
				<name>1.29.90-22</name>
				<styleUrl>#falseColor163900171002</styleUrl>
				<Polygon>
					<tessellate>1</tessellate>
					<outerBoundaryIs>
						<LinearRing>
							<coordinates>
								-71.64824318437232,-16.31040996103659,0 -71.64848073061628,-16.31059314304489,0 -71.64780509978461,-16.31135647556165,0 -71.64758959780029,-16.31115252564933,0 -71.64824318437232,-16.31040996103659,0 
							</coordinates>
						</LinearRing>
					</outerBoundaryIs>
				</Polygon>
			</Placemark>
			<Placemark>
				<name>1.29.90-23</name>
				<styleUrl>#falseColor163900171002</styleUrl>
				<Polygon>
					<tessellate>1</tessellate>
					<outerBoundaryIs>
						<LinearRing>
							<coordinates>
								-71.64896833916866,-16.31017254498147,0 -71.64900470531261,-16.31017493509433,0 -71.64918545528029,-16.31021741627871,0 -71.64926287317834,-16.31028410564691,0 -71.64880534715252,-16.31076664887462,0 -71.64857688004138,-16.31058052461522,0 -71.64896833916866,-16.31017254498147,0 
							</coordinates>
						</LinearRing>
					</outerBoundaryIs>
				</Polygon>
			</Placemark>
			<Placemark>
				<name>1.29.90-24</name>
				<styleUrl>#falseColor163900171002</styleUrl>
				<Polygon>
					<tessellate>1</tessellate>
					<outerBoundaryIs>
						<LinearRing>
							<coordinates>
								-71.64949705319421,-16.31057650272426,0 -71.64909982675152,-16.31101222139113,0 -71.64886423487511,-16.31082579716478,0 -71.64932108002336,-16.31031977700066,0 -71.64949705319421,-16.31057650272426,0 
							</coordinates>
						</LinearRing>
					</outerBoundaryIs>
				</Polygon>
			</Placemark>
			<Placemark>
				<name>1.29.90-25</name>
				<styleUrl>#falseColor163900171002</styleUrl>
				<Polygon>
					<tessellate>1</tessellate>
					<outerBoundaryIs>
						<LinearRing>
							<coordinates>
								-71.64882180578293,-16.31089544844444,0 -71.64903584650349,-16.31107050811685,0 -71.64826214641135,-16.31195726668525,0 -71.64812229355118,-16.31164556361792,0 -71.64882180578293,-16.31089544844444,0 
							</coordinates>
						</LinearRing>
					</outerBoundaryIs>
				</Polygon>
			</Placemark>
			<Placemark>
				<name>1.29.90-26</name>
				<styleUrl>#falseColor163900171002</styleUrl>
				<Polygon>
					<tessellate>1</tessellate>
					<outerBoundaryIs>
						<LinearRing>
							<coordinates>
								-71.64909664267816,-16.31112371786266,0 -71.6493202284816,-16.3112997338662,0 -71.64901907724264,-16.31164639627319,0 -71.64874722792108,-16.311967328572,0 -71.64857808302267,-16.31214698199464,0 -71.64851177910444,-16.31219703870459,0 -71.64829176401179,-16.31201090264175,0 -71.64854679379047,-16.31173765438426,0 -71.64909664267816,-16.31112371786266,0 
							</coordinates>
						</LinearRing>
					</outerBoundaryIs>
				</Polygon>
			</Placemark>
			<Placemark>
				<name>1.29.90-27</name>
				<styleUrl>#falseColor163900171002</styleUrl>
				<Polygon>
					<tessellate>1</tessellate>
					<outerBoundaryIs>
						<LinearRing>
							<coordinates>
								-71.64951637620632,-16.31062273794191,0 -71.64951318248445,-16.3107230742887,0 -71.6495136018046,-16.31080903516739,0 -71.64950776290199,-16.31089192324724,0 -71.64948530778879,-16.31097196841436,0 -71.64947079346901,-16.31104544826619,0 -71.64950316588039,-16.31109705293886,0 -71.64937732072325,-16.31124235957182,0 -71.64913834546508,-16.31105221329072,0 -71.64951637620632,-16.31062273794191,0 
							</coordinates>
						</LinearRing>
					</outerBoundaryIs>
				</Polygon>
			</Placemark>
			<Placemark>
				<name>1.29.90-28</name>
				<styleUrl>#falseColor163900171002</styleUrl>
				<Polygon>
					<tessellate>1</tessellate>
					<outerBoundaryIs>
						<LinearRing>
							<coordinates>
								-71.64938391316628,-16.3113359330887,0 -71.64947212037775,-16.31141915980093,0 -71.64957618782333,-16.31158873805767,0 -71.64931261868186,-16.31186855994688,0 -71.64893684524023,-16.31229838287419,0 -71.64856866970456,-16.31269053975515,0 -71.64842501260777,-16.31240641768079,0 -71.64938391316628,-16.3113359330887,0 
							</coordinates>
						</LinearRing>
					</outerBoundaryIs>
				</Polygon>
			</Placemark>
			<Placemark>
				<name>1.29.97-2</name>
				<styleUrl>#falseColor163900171002</styleUrl>
				<Polygon>
					<tessellate>1</tessellate>
					<outerBoundaryIs>
						<LinearRing>
							<coordinates>
								-71.650197067284,-16.32016980821314,0 -71.65036271563859,-16.32050528077258,0 -71.64959116732558,-16.32085866468543,0 -71.64942946393997,-16.32052709081752,0 -71.650197067284,-16.32016980821314,0 
							</coordinates>
						</LinearRing>
					</outerBoundaryIs>
				</Polygon>
			</Placemark>
			<Placemark>
				<name>1.29.97-3</name>
				<styleUrl>#falseColor163900171002</styleUrl>
				<Polygon>
					<tessellate>1</tessellate>
					<outerBoundaryIs>
						<LinearRing>
							<coordinates>
								-71.65052879896096,-16.32053159507442,0 -71.65071094348889,-16.32085736714432,0 -71.65018531580705,-16.32109516541313,0 -71.64979479924585,-16.32126063514365,0 -71.64962666704361,-16.32093749729006,0 -71.65052879896096,-16.32053159507442,0 
							</coordinates>
						</LinearRing>
					</outerBoundaryIs>
				</Polygon>
			</Placemark>
			<Placemark>
				<name>1.29.97-7</name>
				<styleUrl>#falseColor163900171002</styleUrl>
				<Polygon>
					<tessellate>1</tessellate>
					<outerBoundaryIs>
						<LinearRing>
							<coordinates>
								-71.64932380801433,-16.32056177366951,0 -71.64949836359239,-16.32089307677837,0 -71.64865509901803,-16.32126475410163,0 -71.64851237339541,-16.32091867923909,0 -71.64932380801433,-16.32056177366951,0 
							</coordinates>
						</LinearRing>
					</outerBoundaryIs>
				</Polygon>
			</Placemark>
			<Placemark>
				<name>1.29.97-10</name>
				<styleUrl>#falseColor163900171002</styleUrl>
				<Polygon>
					<tessellate>1</tessellate>
					<outerBoundaryIs>
						<LinearRing>
							<coordinates>
								-71.64837951082576,-16.32096844935809,0 -71.64855164275676,-16.32131981562015,0 -71.64767576957719,-16.32172091529658,0 -71.64749894115158,-16.32135251791015,0 -71.64837951082576,-16.32096844935809,0 
							</coordinates>
						</LinearRing>
					</outerBoundaryIs>
				</Polygon>
			</Placemark>
			<Placemark>
				<name>1.29.97-13</name>
				<styleUrl>#falseColor163900171002</styleUrl>
				<Polygon>
					<tessellate>1</tessellate>
					<outerBoundaryIs>
						<LinearRing>
							<coordinates>
								-71.64741098659381,-16.3214010399057,0 -71.64761227582925,-16.32174228345413,0 -71.64708909768201,-16.32195675384208,0 -71.64689640778339,-16.32203685249532,0 -71.64672997647423,-16.32212202472421,0 -71.64656344071031,-16.32178452988806,0 -71.64741098659381,-16.3214010399057,0 
							</coordinates>
						</LinearRing>
					</outerBoundaryIs>
				</Polygon>
			</Placemark>
			<Placemark>
				<name>1.29.97-16</name>
				<styleUrl>#falseColor163900171002</styleUrl>
				<Polygon>
					<tessellate>1</tessellate>
					<outerBoundaryIs>
						<LinearRing>
							<coordinates>
								-71.6464786457244,-16.32181031866057,0 -71.64665718965712,-16.32217037858489,0 -71.64580040781421,-16.32253235310386,0 -71.64563059772324,-16.32220395748807,0 -71.64602062145572,-16.32204228001854,0 -71.6464786457244,-16.32181031866057,0 
							</coordinates>
						</LinearRing>
					</outerBoundaryIs>
				</Polygon>
			</Placemark>
			<Placemark>
				<name>1.29.97-17</name>
				<styleUrl>#falseColor163900171002</styleUrl>
				<Polygon>
					<tessellate>1</tessellate>
					<outerBoundaryIs>
						<LinearRing>
							<coordinates>
								-71.64550059330665,-16.32227338716593,0 -71.64566202245129,-16.32261455434862,0 -71.64517907697103,-16.32283564203631,0 -71.64500364000152,-16.3229125101223,0 -71.64475636359199,-16.32303246699776,0 -71.64463025428684,-16.32266283489338,0 -71.64507765476479,-16.32246523543586,0 -71.64550059330665,-16.32227338716593,0 
							</coordinates>
						</LinearRing>
					</outerBoundaryIs>
				</Polygon>
			</Placemark>
			<Placemark>
				<name>1.29.98-3</name>
				<styleUrl>#falseColor163900171002</styleUrl>
				<Polygon>
					<tessellate>1</tessellate>
					<outerBoundaryIs>
						<LinearRing>
							<coordinates>
								-71.64789617742576,-16.3170046910463,0 -71.64767250575017,-16.31680332483532,0 -71.64740319673724,-16.31660722363198,0 -71.64775049713099,-16.31614033116805,0 -71.64804501695414,-16.3163777010367,0 -71.64839138989826,-16.31662089574734,0 -71.64789617742576,-16.3170046910463,0 
							</coordinates>
						</LinearRing>
					</outerBoundaryIs>
				</Polygon>
			</Placemark>
			<Placemark>
				<name>1.29.98-4</name>
				<styleUrl>#falseColor163900171002</styleUrl>
				<Polygon>
					<tessellate>1</tessellate>
					<outerBoundaryIs>
						<LinearRing>
							<coordinates>
								-71.64876548736677,-16.31594521544564,0 -71.64859279027154,-16.31615997433003,0 -71.64878834608542,-16.31630807512148,0 -71.6484933655498,-16.31657217823217,0 -71.6478183621182,-16.31607267165817,0 -71.64820599153444,-16.3155661548964,0 -71.64821216337479,-16.31555114568786,0 -71.64876548736677,-16.31594521544564,0 
							</coordinates>
						</LinearRing>
					</outerBoundaryIs>
				</Polygon>
			</Placemark>
			<Placemark>
				<name>1.29.98-8</name>
				<styleUrl>#falseColor163900171002</styleUrl>
				<Polygon>
					<tessellate>1</tessellate>
					<outerBoundaryIs>
						<LinearRing>
							<coordinates>
								-71.6497667002656,-16.3153748435932,0 -71.64946821382708,-16.31512512440358,0 -71.64971124527034,-16.31483333983748,0 -71.65001960296787,-16.31509693053554,0 -71.6497667002656,-16.3153748435932,0 
							</coordinates>
						</LinearRing>
					</outerBoundaryIs>
				</Polygon>
			</Placemark>
			<Placemark>
				<name>1.29.98-9</name>
				<styleUrl>#falseColor163900171002</styleUrl>
				<Polygon>
					<tessellate>1</tessellate>
					<outerBoundaryIs>
						<LinearRing>
							<coordinates>
								-71.64780280289926,-16.31386136156085,0 -71.64804206820247,-16.31355535780815,0 -71.64907300269181,-16.3142723093999,0 -71.64881060614447,-16.31462952837557,0 -71.64780280289926,-16.31386136156085,0 
							</coordinates>
						</LinearRing>
					</outerBoundaryIs>
				</Polygon>
			</Placemark>
			<Placemark>
				<name>1.29.98-10</name>
				<styleUrl>#falseColor163900171002</styleUrl>
				<Polygon>
					<tessellate>1</tessellate>
					<outerBoundaryIs>
						<LinearRing>
							<coordinates>
								-71.6487490359379,-16.31470551007699,0 -71.64850794623787,-16.31497851527317,0 -71.64798306181268,-16.31461507029604,0 -71.64753866748283,-16.31424769537689,0 -71.64777694104977,-16.31393923033751,0 -71.6487490359379,-16.31470551007699,0 
							</coordinates>
						</LinearRing>
					</outerBoundaryIs>
				</Polygon>
			</Placemark>
			<Placemark>
				<name>1.29.98-11</name>
				<styleUrl>#falseColor163900171002</styleUrl>
				<Polygon>
					<tessellate>1</tessellate>
					<outerBoundaryIs>
						<LinearRing>
							<coordinates>
								-71.64846303272087,-16.31505226203121,0 -71.64820441108411,-16.31537226667998,0 -71.64794266314243,-16.31520486666293,0 -71.64760683544675,-16.3149422581012,0 -71.64734712113352,-16.31477360715721,0 -71.64720617480086,-16.31463240878296,0 -71.64749870352992,-16.3142904381557,0 -71.64846303272087,-16.31505226203121,0 
							</coordinates>
						</LinearRing>
					</outerBoundaryIs>
				</Polygon>
			</Placemark>
			<Placemark>
				<name>1.29.98-13</name>
				<styleUrl>#falseColor163900171002</styleUrl>
				<Polygon>
					<tessellate>1</tessellate>
					<outerBoundaryIs>
						<LinearRing>
							<coordinates>
								-71.64719402659121,-16.31661626427056,0 -71.64683193741462,-16.31706438987706,0 -71.64580845482078,-16.3162963121397,0 -71.64618746009259,-16.31584660783962,0 -71.64719402659121,-16.31661626427056,0 
							</coordinates>
						</LinearRing>
					</outerBoundaryIs>
				</Polygon>
			</Placemark>
			<Placemark>
				<name>1.29.98-15</name>
				<styleUrl>#falseColor163900171002</styleUrl>
				<Polygon>
					<tessellate>1</tessellate>
					<outerBoundaryIs>
						<LinearRing>
							<coordinates>
								-71.64607912487124,-16.31576909384193,0 -71.64571780954002,-16.31623096128331,0 -71.6447268750734,-16.31544185070137,0 -71.64507780706728,-16.31500023723811,0 -71.64607912487124,-16.31576909384193,0 
							</coordinates>
						</LinearRing>
					</outerBoundaryIs>
				</Polygon>
			</Placemark>
			<Placemark>
				<name>1.29.98-16</name>
				<styleUrl>#falseColor163900171002</styleUrl>
				<Polygon>
					<tessellate>1</tessellate>
					<outerBoundaryIs>
						<LinearRing>
							<coordinates>
								-71.64654796187692,-16.31521768120902,0 -71.6461532013797,-16.31570442553505,0 -71.64513631056838,-16.31490232361739,0 -71.64552079264948,-16.31443831990777,0 -71.64654796187692,-16.31521768120902,0 
							</coordinates>
						</LinearRing>
					</outerBoundaryIs>
				</Polygon>
			</Placemark>
			<Placemark>
				<name>1.29.98-18</name>
				<styleUrl>#falseColor163900171002</styleUrl>
				<Polygon>
					<tessellate>1</tessellate>
					<outerBoundaryIs>
						<LinearRing>
							<coordinates>
								-71.64667092313107,-16.31305334877172,0 -71.64765559555764,-16.31383937496897,0 -71.64740193296106,-16.31415671450167,0 -71.64641091698994,-16.3134035027748,0 -71.64667092313107,-16.31305334877172,0 
							</coordinates>
						</LinearRing>
					</outerBoundaryIs>
				</Polygon>
			</Placemark>
			<Placemark>
				<name>1.29.98-19</name>
				<styleUrl>#falseColor163900171002</styleUrl>
				<Polygon>
					<tessellate>1</tessellate>
					<outerBoundaryIs>
						<LinearRing>
							<coordinates>
								-71.64698259682443,-16.31272569831763,0 -71.64714829576583,-16.31272834010603,0 -71.6474700753804,-16.3127965967686,0 -71.64761989825487,-16.31320505544094,0 -71.64795617049904,-16.31350932031066,0 -71.64771379195638,-16.31378275397961,0 -71.64675491069191,-16.31300863724637,0 -71.64698259682443,-16.31272569831763,0 
							</coordinates>
						</LinearRing>
					</outerBoundaryIs>
				</Polygon>
			</Placemark>
			<Placemark>
				<name>1.29.98-20</name>
				<styleUrl>#falseColor163900171002</styleUrl>
				<Polygon>
					<tessellate>1</tessellate>
					<outerBoundaryIs>
						<LinearRing>
							<coordinates>
								-71.64559688891086,-16.31216304804012,0 -71.64584574255147,-16.31187107463515,0 -71.64688697291014,-16.31258677247594,0 -71.64660693105387,-16.31293933828597,0 -71.64559688891086,-16.31216304804012,0 
							</coordinates>
						</LinearRing>
					</outerBoundaryIs>
				</Polygon>
			</Placemark>
			<Placemark>
				<name>1.29.98-21</name>
				<styleUrl>#falseColor163900171002</styleUrl>
				<Polygon>
					<tessellate>1</tessellate>
					<outerBoundaryIs>
						<LinearRing>
							<coordinates>
								-71.64530586827722,-16.31252437424724,0 -71.64557558511649,-16.31221092298771,0 -71.64657519231086,-16.31298127732669,0 -71.64633817894689,-16.31332049597932,0 -71.64530586827722,-16.31252437424724,0 
							</coordinates>
						</LinearRing>
					</outerBoundaryIs>
				</Polygon>
			</Placemark>
			<Placemark>
				<name>1.29.98-23</name>
				<styleUrl>#falseColor163900171002</styleUrl>
				<Polygon>
					<tessellate>1</tessellate>
					<outerBoundaryIs>
						<LinearRing>
							<coordinates>
								-71.64452795267611,-16.31343849918392,0 -71.64491743779087,-16.31297968226626,0 -71.64595933981526,-16.31379968735288,0 -71.64555437895446,-16.3142383174846,0 -71.64452795267611,-16.31343849918392,0 
							</coordinates>
						</LinearRing>
					</outerBoundaryIs>
				</Polygon>
			</Placemark>
			<Placemark>
				<name>1.29.98-24</name>
				<styleUrl>#falseColor163900171002</styleUrl>
				<Polygon>
					<tessellate>1</tessellate>
					<outerBoundaryIs>
						<LinearRing>
							<coordinates>
								-71.64542667558096,-16.31434036866207,0 -71.64504804089115,-16.31481651237819,0 -71.64403532279388,-16.31402037800014,0 -71.64440674203583,-16.31353393641104,0 -71.64542667558096,-16.31434036866207,0 
							</coordinates>
						</LinearRing>
					</outerBoundaryIs>
				</Polygon>
			</Placemark>
			<Placemark>
				<name>1.29.98-25</name>
				<styleUrl>#falseColor163900171002</styleUrl>
				<Polygon>
					<tessellate>1</tessellate>
					<outerBoundaryIs>
						<LinearRing>
							<coordinates>
								-71.64441106950324,-16.31449041520058,0 -71.64500531380919,-16.31492161270819,0 -71.64462268739862,-16.31534677777109,0 -71.64408350947234,-16.31486817610553,0 -71.64371573883835,-16.31442057049552,0 -71.64398027631297,-16.31412990120998,0 -71.64441106950324,-16.31449041520058,0 
							</coordinates>
						</LinearRing>
					</outerBoundaryIs>
				</Polygon>
			</Placemark>
			<Placemark>
				<name>1.29.98-28</name>
				<styleUrl>#falseColor163900171002</styleUrl>
				<Polygon>
					<tessellate>1</tessellate>
					<outerBoundaryIs>
						<LinearRing>
							<coordinates>
								-71.64432301531394,-16.31349615565184,0 -71.64395772694769,-16.31393867174292,0 -71.64297118753004,-16.31315641250705,0 -71.64332505710658,-16.31272302082617,0 -71.64432301531394,-16.31349615565184,0 
							</coordinates>
						</LinearRing>
					</outerBoundaryIs>
				</Polygon>
			</Placemark>
			<Placemark>
				<name>1.29.98-29</name>
				<styleUrl>#falseColor163900171002</styleUrl>
				<Polygon>
					<tessellate>1</tessellate>
					<outerBoundaryIs>
						<LinearRing>
							<coordinates>
								-71.64343339146511,-16.31259401898028,0 -71.64379434894698,-16.3121588101138,0 -71.64477728099084,-16.3129164293493,0 -71.64441660475164,-16.31334873301489,0 -71.64343339146511,-16.31259401898028,0 
							</coordinates>
						</LinearRing>
					</outerBoundaryIs>
				</Polygon>
			</Placemark>
			<Placemark>
				<name>1.29.98-30</name>
				<styleUrl>#falseColor163900171002</styleUrl>
				<Polygon>
					<tessellate>1</tessellate>
					<outerBoundaryIs>
						<LinearRing>
							<coordinates>
								-71.64381736299815,-16.31197636705452,0 -71.64407028891245,-16.31167501036158,0 -71.64457740938126,-16.3120738769911,0 -71.64433582487831,-16.3123914563797,0 -71.64381736299815,-16.31197636705452,0 
							</coordinates>
						</LinearRing>
					</outerBoundaryIs>
				</Polygon>
			</Placemark>
			<Placemark>
				<name>1.29.98-31</name>
				<styleUrl>#falseColor163900171002</styleUrl>
				<Polygon>
					<tessellate>1</tessellate>
					<outerBoundaryIs>
						<LinearRing>
							<coordinates>
								-71.64437415716787,-16.312428447503,0 -71.64462085887804,-16.31212537691584,0 -71.64515422030567,-16.31249691980693,0 -71.64487854842449,-16.31282151420163,0 -71.64437415716787,-16.312428447503,0 
							</coordinates>
						</LinearRing>
					</outerBoundaryIs>
				</Polygon>
			</Placemark>
			<Placemark>
				<name>1.29.98-32</name>
				<styleUrl>#falseColor163900171002</styleUrl>
				<Polygon>
					<tessellate>1</tessellate>
					<outerBoundaryIs>
						<LinearRing>
							<coordinates>
								-71.64412869649549,-16.3116318712287,0 -71.64440267580174,-16.31132751328178,0 -71.64544939521612,-16.31212499428177,0 -71.64517911022952,-16.31243357083243,0 -71.64412869649549,-16.3116318712287,0 
							</coordinates>
						</LinearRing>
					</outerBoundaryIs>
				</Polygon>
			</Placemark>
			<Placemark>
				<name>1.29.98-33</name>
				<styleUrl>#falseColor163900171002</styleUrl>
				<Polygon>
					<tessellate>1</tessellate>
					<outerBoundaryIs>
						<LinearRing>
							<coordinates>
								-71.64549375086648,-16.31205843422386,0 -71.64445957398218,-16.31127545162967,0 -71.64472183289213,-16.31101319186282,0 -71.64578157720383,-16.31171650742471,0 -71.64549375086648,-16.31205843422386,0 
							</coordinates>
						</LinearRing>
					</outerBoundaryIs>
				</Polygon>
			</Placemark>
			<Placemark>
				<name>1.29.98-34</name>
				<styleUrl>#falseColor163900171002</styleUrl>
				<Polygon>
					<tessellate>1</tessellate>
					<outerBoundaryIs>
						<LinearRing>
							<coordinates>
								-71.64391208117989,-16.31082327390418,0 -71.6440682934855,-16.31065110587496,0 -71.64452646133716,-16.31101948226536,0 -71.6443698380632,-16.31118990804641,0 -71.64391208117989,-16.31082327390418,0 
							</coordinates>
						</LinearRing>
					</outerBoundaryIs>
				</Polygon>
			</Placemark>
			<Placemark>
				<name>1.29.98-35</name>
				<styleUrl>#falseColor163900171002</styleUrl>
				<Polygon>
					<tessellate>1</tessellate>
					<outerBoundaryIs>
						<LinearRing>
							<coordinates>
								-71.64386668431177,-16.31092814821605,0 -71.64432304312675,-16.31127839499566,0 -71.64407704498464,-16.31156029692163,0 -71.64361322566447,-16.31120407844566,0 -71.64386668431177,-16.31092814821605,0 
							</coordinates>
						</LinearRing>
					</outerBoundaryIs>
				</Polygon>
			</Placemark>
			<Placemark>
				<name>1.29.98-36</name>
				<styleUrl>#falseColor163900171002</styleUrl>
				<Polygon>
					<tessellate>1</tessellate>
					<outerBoundaryIs>
						<LinearRing>
							<coordinates>
								-71.6433057636558,-16.31159508303053,0 -71.6435483078006,-16.3112891281618,0 -71.64399572767825,-16.31162833878721,0 -71.64375899572441,-16.31193432023211,0 -71.6433057636558,-16.31159508303053,0 
							</coordinates>
						</LinearRing>
					</outerBoundaryIs>
				</Polygon>
			</Placemark>
			<Placemark>
				<name>1.29.98-37</name>
				<styleUrl>#falseColor163900171002</styleUrl>
				<Polygon>
					<tessellate>1</tessellate>
					<outerBoundaryIs>
						<LinearRing>
							<coordinates>
								-71.64266997308088,-16.3133679620018,0 -71.64248992613034,-16.31322220821715,0 -71.64235864213654,-16.31301885085237,0 -71.64225980872858,-16.3127952921892,0 -71.64216831496819,-16.31258928685246,0 -71.64273544317514,-16.31227467272551,0 -71.64327392425294,-16.31267903999692,0 -71.64266997308088,-16.3133679620018,0 
							</coordinates>
						</LinearRing>
					</outerBoundaryIs>
				</Polygon>
			</Placemark>
			<Placemark>
				<name>1.29.98-38</name>
				<styleUrl>#falseColor163900171002</styleUrl>
				<Polygon>
					<tessellate>1</tessellate>
					<outerBoundaryIs>
						<LinearRing>
							<coordinates>
								-71.64261169870952,-16.31218303274593,0 -71.64262149673677,-16.31222854098779,0 -71.64212755330161,-16.31245119975545,0 -71.64174740501095,-16.31156376461431,0 -71.6417737832127,-16.31154209450587,0 -71.64261169870952,-16.31218303274593,0 
							</coordinates>
						</LinearRing>
					</outerBoundaryIs>
				</Polygon>
			</Placemark>
			<Placemark>
				<name>1.29.98-39</name>
				<styleUrl>#falseColor163900171002</styleUrl>
				<Polygon>
					<tessellate>1</tessellate>
					<outerBoundaryIs>
						<LinearRing>
							<coordinates>
								-71.64206169877485,-16.31154514727897,0 -71.64160506784928,-16.31119011443534,0 -71.6419320589067,-16.31075122541364,0 -71.6424559768475,-16.31114756638869,0 -71.64314878537617,-16.31161248457572,0 -71.6427761925904,-16.31206177552284,0 -71.64206169877485,-16.31154514727897,0 
							</coordinates>
						</LinearRing>
					</outerBoundaryIs>
				</Polygon>
			</Placemark>
			<Placemark>
				<name>1.29.98-40</name>
				<styleUrl>#falseColor163900171002</styleUrl>
				<Polygon>
					<tessellate>1</tessellate>
					<outerBoundaryIs>
						<LinearRing>
							<coordinates>
								-71.6432279030484,-16.31154763309038,0 -71.64235855349848,-16.31089901909862,0 -71.64260603846226,-16.31057560205392,0 -71.64348289719452,-16.31123647967427,0 -71.6432279030484,-16.31154763309038,0 
							</coordinates>
						</LinearRing>
					</outerBoundaryIs>
				</Polygon>
			</Placemark>
			<Placemark>
				<name>1.29.98-41</name>
				<styleUrl>#falseColor163900171002</styleUrl>
				<Polygon>
					<tessellate>1</tessellate>
					<outerBoundaryIs>
						<LinearRing>
							<coordinates>
								-71.64227142020157,-16.31082269793147,0 -71.64201805290244,-16.31062804989501,0 -71.64227643251488,-16.3103187222726,0 -71.64252749861322,-16.31051277125403,0 -71.64227142020157,-16.31082269793147,0 
							</coordinates>
						</LinearRing>
					</outerBoundaryIs>
				</Polygon>
			</Placemark>
			<Placemark>
				<name>1.29.98-42</name>
				<styleUrl>#falseColor163900171002</styleUrl>
				<Polygon>
					<tessellate>1</tessellate>
					<outerBoundaryIs>
						<LinearRing>
							<coordinates>
								-71.64235718394178,-16.31025892185731,0 -71.64255812413121,-16.30995007671829,0 -71.64281875142835,-16.31014058019089,0 -71.64256362374951,-16.31042383728136,0 -71.64235718394178,-16.31025892185731,0 
							</coordinates>
						</LinearRing>
					</outerBoundaryIs>
				</Polygon>
			</Placemark>
			<Placemark>
				<name>1.29.98-43</name>
				<styleUrl>#falseColor163900171002</styleUrl>
				<Polygon>
					<tessellate>1</tessellate>
					<outerBoundaryIs>
						<LinearRing>
							<coordinates>
								-71.64355168343232,-16.31115347484145,0 -71.64262618099461,-16.31045257897917,0 -71.64288605079106,-16.31017281670791,0 -71.64379166202244,-16.31086258784866,0 -71.64355168343232,-16.31115347484145,0 
							</coordinates>
						</LinearRing>
					</outerBoundaryIs>
				</Polygon>
			</Placemark>
			<Placemark>
				<name>1.29.98-44</name>
				<styleUrl>#falseColor163900171002</styleUrl>
				<Polygon>
					<tessellate>1</tessellate>
					<outerBoundaryIs>
						<LinearRing>
							<coordinates>
								-71.64385893955715,-16.31075940740824,0 -71.64312330076903,-16.31021327112917,0 -71.6429701991873,-16.31009811435313,0 -71.64264219507139,-16.30986411366487,0 -71.64295334893436,-16.30951929610313,0 -71.64315445871962,-16.30967366409284,0 -71.64325774605368,-16.30975009120298,0 -71.64338674082457,-16.30986942034322,0 -71.64352407374302,-16.30999227537706,0 -71.64366231550026,-16.31011458454276,0 -71.64354363177756,-16.31024251498788,0 -71.64399865674037,-16.31061211185869,0 -71.64385893955715,-16.31075940740824,0 
							</coordinates>
						</LinearRing>
					</outerBoundaryIs>
				</Polygon>
			</Placemark>
			<Placemark>
				<name>1.29.98-45</name>
				<styleUrl>#falseColor163900171002</styleUrl>
				<Polygon>
					<tessellate>1</tessellate>
					<outerBoundaryIs>
						<LinearRing>
							<coordinates>
								-71.64175278374432,-16.30890772089956,0 -71.64201210545284,-16.30896494488329,0 -71.64211770827961,-16.30898727584606,0 -71.64248292275867,-16.30914950331239,0 -71.64289094768161,-16.30946785325543,0 -71.64258535849062,-16.30983201008898,0 -71.64161387914622,-16.3090810901384,0 -71.64175278374432,-16.30890772089956,0 
							</coordinates>
						</LinearRing>
					</outerBoundaryIs>
				</Polygon>
			</Placemark>
			<Placemark>
				<name>1.29.98-46</name>
				<styleUrl>#falseColor163900171002</styleUrl>
				<Polygon>
					<tessellate>1</tessellate>
					<outerBoundaryIs>
						<LinearRing>
							<coordinates>
								-71.64129321793172,-16.30945532293578,0 -71.64154604227855,-16.30917984217255,0 -71.64249984444513,-16.30988951304527,0 -71.64226441827179,-16.31020007112701,0 -71.64129321793172,-16.30945532293578,0 
							</coordinates>
						</LinearRing>
					</outerBoundaryIs>
				</Polygon>
			</Placemark>
			<Placemark>
				<name>1.29.98-47</name>
				<styleUrl>#falseColor163900171002</styleUrl>
				<Polygon>
					<tessellate>1</tessellate>
					<outerBoundaryIs>
						<LinearRing>
							<coordinates>
								-71.6412290396263,-16.30954753562839,0 -71.64220427342627,-16.31027852898925,0 -71.64193844690689,-16.3105624955596,0 -71.64098624477531,-16.30982067305397,0 -71.6412290396263,-16.30954753562839,0 
							</coordinates>
						</LinearRing>
					</outerBoundaryIs>
				</Polygon>
			</Placemark>
			<Placemark>
				<name>1.29.98-48</name>
				<styleUrl>#falseColor163900171002</styleUrl>
				<Polygon>
					<tessellate>1</tessellate>
					<outerBoundaryIs>
						<LinearRing>
							<coordinates>
								-71.64185069099273,-16.31068281954194,0 -71.6415249328292,-16.3110898827708,0 -71.64111982004611,-16.31035042028503,0 -71.64095649939185,-16.3100541253243,0 -71.64099781987264,-16.31002199133021,0 -71.64126213786575,-16.31024357302169,0 -71.64185069099273,-16.31068281954194,0 
							</coordinates>
						</LinearRing>
					</outerBoundaryIs>
				</Polygon>
			</Placemark>
			<Placemark>
				<name>1.29.98-49</name>
				<styleUrl>#falseColor163900171002</styleUrl>
				<Polygon>
					<tessellate>1</tessellate>
					<outerBoundaryIs>
						<LinearRing>
							<coordinates>
								-71.64078179111688,-16.30965879883026,0 -71.64068634530841,-16.3095096154253,0 -71.64047226672697,-16.30912311397212,0 -71.64056629506786,-16.30903065160448,0 -71.64116136321481,-16.30947601168176,0 -71.64090758868049,-16.3097665232357,0 -71.64078179111688,-16.30965879883026,0 
							</coordinates>
						</LinearRing>
					</outerBoundaryIs>
				</Polygon>
			</Placemark>
			<Placemark>
				<name>1.29.98-50</name>
				<styleUrl>#falseColor163900171002</styleUrl>
				<Polygon>
					<tessellate>1</tessellate>
					<outerBoundaryIs>
						<LinearRing>
							<coordinates>
								-71.64123106486207,-16.30940529146313,0 -71.64075933398006,-16.3090508923633,0 -71.6406014518344,-16.30894076993877,0 -71.64076039037194,-16.30871990735507,0 -71.64079321910489,-16.30873581470478,0 -71.6408623288596,-16.30872852725234,0 -71.64096043453415,-16.30870446033716,0 -71.64103470527111,-16.30876040515898,0 -71.64148994337367,-16.30910881702098,0 -71.64123106486207,-16.30940529146313,0 
							</coordinates>
						</LinearRing>
					</outerBoundaryIs>
				</Polygon>
			</Placemark>
			<Placemark>
				<name>1.29.98-51</name>
				<styleUrl>#falseColor163900171002</styleUrl>
				<Polygon>
					<tessellate>1</tessellate>
					<outerBoundaryIs>
						<LinearRing>
							<coordinates>
								-71.64043501312493,-16.30903945667511,0 -71.64026368020659,-16.30871668749167,0 -71.6406878863839,-16.30874027932922,0 -71.64043501312493,-16.30903945667511,0 
							</coordinates>
						</LinearRing>
					</outerBoundaryIs>
				</Polygon>
			</Placemark>
			<Placemark>
				<name>1.29.99-1</name>
				<styleUrl>#falseColor163900171002</styleUrl>
				<Polygon>
					<tessellate>1</tessellate>
					<outerBoundaryIs>
						<LinearRing>
							<coordinates>
								-71.64330506634008,-16.3252648481542,0 -71.64366408850786,-16.32503839584177,0 -71.64393431787151,-16.32532163909289,0 -71.64321322031876,-16.32577945384696,0 -71.64299976815376,-16.32547724937419,0 -71.64330506634008,-16.3252648481542,0 
							</coordinates>
						</LinearRing>
					</outerBoundaryIs>
				</Polygon>
			</Placemark>
			<Placemark>
				<name>1.29.99-2</name>
				<styleUrl>#falseColor163900171002</styleUrl>
				<Polygon>
					<tessellate>1</tessellate>
					<outerBoundaryIs>
						<LinearRing>
							<coordinates>
								-71.64318582661465,-16.32480700860474,0 -71.64358808475912,-16.32460110772286,0 -71.6437401855562,-16.3249192636688,0 -71.64295725278433,-16.32542352116862,0 -71.64273693808471,-16.32511172003787,0 -71.64318582661465,-16.32480700860474,0 
							</coordinates>
						</LinearRing>
					</outerBoundaryIs>
				</Polygon>
			</Placemark>
			<Placemark>
				<name>1.29.99-3</name>
				<styleUrl>#falseColor163900171002</styleUrl>
				<Polygon>
					<tessellate>1</tessellate>
					<outerBoundaryIs>
						<LinearRing>
							<coordinates>
								-71.64267318552542,-16.32505546055581,0 -71.64246345603904,-16.32475062216405,0 -71.6429363597387,-16.32442078941455,0 -71.64313966069004,-16.3247399592092,0 -71.64267318552542,-16.32505546055581,0 
							</coordinates>
						</LinearRing>
					</outerBoundaryIs>
				</Polygon>
			</Placemark>
			<Placemark>
				<name>1.29.99-4</name>
				<styleUrl>#falseColor163900171002</styleUrl>
				<Polygon>
					<tessellate>1</tessellate>
					<outerBoundaryIs>
						<LinearRing>
							<coordinates>
								-71.64316968402255,-16.32471289198073,0 -71.64303794394255,-16.32441830809955,0 -71.64349409698849,-16.32440536188967,0 -71.64356226800106,-16.32454506858179,0 -71.64316968402255,-16.32471289198073,0 
							</coordinates>
						</LinearRing>
					</outerBoundaryIs>
				</Polygon>
			</Placemark>
			<Placemark>
				<name>1.29.99-5</name>
				<styleUrl>#falseColor163900171002</styleUrl>
				<Polygon>
					<tessellate>1</tessellate>
					<outerBoundaryIs>
						<LinearRing>
							<coordinates>
								-71.64230087956683,-16.3245338515568,0 -71.64209370027598,-16.32424099997827,0 -71.64250005704595,-16.32398836241227,0 -71.64271439477427,-16.32427115350558,0 -71.64230087956683,-16.3245338515568,0 
							</coordinates>
						</LinearRing>
					</outerBoundaryIs>
				</Polygon>
			</Placemark>
			<Placemark>
				<name>1.29.99-6</name>
				<styleUrl>#falseColor163900171002</styleUrl>
				<Polygon>
					<tessellate>1</tessellate>
					<outerBoundaryIs>
						<LinearRing>
							<coordinates>
								-71.64207567527117,-16.32415468947841,0 -71.64196296704748,-16.32385329590272,0 -71.64187470951134,-16.32351422305531,0 -71.64218763176011,-16.32339620034374,0 -71.64228829256061,-16.32365581000797,0 -71.64246922568684,-16.32393155317066,0 -71.64207567527117,-16.32415468947841,0 
							</coordinates>
						</LinearRing>
					</outerBoundaryIs>
				</Polygon>
			</Placemark>
			<Placemark>
				<name>1.29.99-7</name>
				<styleUrl>#falseColor163900171002</styleUrl>
				<Polygon>
					<tessellate>1</tessellate>
					<outerBoundaryIs>
						<LinearRing>
							<coordinates>
								-71.64235325032814,-16.323627548647,0 -71.64227645114276,-16.32334965478686,0 -71.64236636271214,-16.32328917523063,0 -71.64270945800639,-16.32362103867928,0 -71.64309865348905,-16.32405575218394,0 -71.6427855920132,-16.32423598961715,0 -71.64235325032814,-16.323627548647,0 
							</coordinates>
						</LinearRing>
					</outerBoundaryIs>
				</Polygon>
			</Placemark>
			<Placemark>
				<name>1.29.99-8</name>
				<styleUrl>#falseColor163900171002</styleUrl>
				<Polygon>
					<tessellate>1</tessellate>
					<outerBoundaryIs>
						<LinearRing>
							<coordinates>
								-71.64188061282574,-16.32345340646704,0 -71.64159131877979,-16.32267151664001,0 -71.64198396986551,-16.32253272000342,0 -71.64208755405748,-16.32288674428345,0 -71.64224036339361,-16.32328333345908,0 -71.64188061282574,-16.32345340646704,0 
							</coordinates>
						</LinearRing>
					</outerBoundaryIs>
				</Polygon>
			</Placemark>
			<Placemark>
				<name>1.29.99-9</name>
				<styleUrl>#falseColor163900171002</styleUrl>
				<Polygon>
					<tessellate>1</tessellate>
					<outerBoundaryIs>
						<LinearRing>
							<coordinates>
								-71.64143782975383,-16.32221190013517,0 -71.64190244453134,-16.32209096628288,0 -71.64203311073294,-16.32243989799333,0 -71.6415559014394,-16.32258084513875,0 -71.64143782975383,-16.32221190013517,0 
							</coordinates>
						</LinearRing>
					</outerBoundaryIs>
				</Polygon>
			</Placemark>
			<Placemark>
				<name>1.29.99-10</name>
				<styleUrl>#falseColor163900171002</styleUrl>
				<Polygon>
					<tessellate>1</tessellate>
					<outerBoundaryIs>
						<LinearRing>
							<coordinates>
								-71.64140232662035,-16.32217211617517,0 -71.64133149995837,-16.32201894277444,0 -71.64126788101082,-16.32178983252164,0 -71.64160019228824,-16.32168111703776,0 -71.64200337551442,-16.32157144446557,0 -71.64208148855154,-16.32185491558514,0 -71.64176144635682,-16.32194848950683,0 -71.64178436871332,-16.32206282705117,0 -71.64140232662035,-16.32217211617517,0 
							</coordinates>
						</LinearRing>
					</outerBoundaryIs>
				</Polygon>
			</Placemark>
			<Placemark>
				<name>1.29.99-11</name>
				<styleUrl>#falseColor163900171002</styleUrl>
				<Polygon>
					<tessellate>1</tessellate>
					<outerBoundaryIs>
						<LinearRing>
							<coordinates>
								-71.64107861018202,-16.32133671284472,0 -71.64139034798424,-16.32124310280078,0 -71.64155095523462,-16.3216181663698,0 -71.64123999908459,-16.3217310741922,0 -71.64107861018202,-16.32133671284472,0 
							</coordinates>
						</LinearRing>
					</outerBoundaryIs>
				</Polygon>
			</Placemark>
			<Placemark>
				<name>1.29.99-12</name>
				<styleUrl>#falseColor163900171002</styleUrl>
				<Polygon>
					<tessellate>1</tessellate>
					<outerBoundaryIs>
						<LinearRing>
							<coordinates>
								-71.64167394650143,-16.32118012620545,0 -71.64171864968981,-16.32129836397189,0 -71.64190795927186,-16.32123894487398,0 -71.64202463344446,-16.32146329106201,0 -71.64160885987664,-16.32159391777321,0 -71.64146634670929,-16.32123511220471,0 -71.64167394650143,-16.32118012620545,0 
							</coordinates>
						</LinearRing>
					</outerBoundaryIs>
				</Polygon>
			</Placemark>
			<Placemark>
				<name>1.29.99-13</name>
				<styleUrl>#falseColor163900171002</styleUrl>
				<Polygon>
					<tessellate>1</tessellate>
					<outerBoundaryIs>
						<LinearRing>
							<coordinates>
								-71.64138684814921,-16.32118780070793,0 -71.64106800648513,-16.32130132511769,0 -71.64094619120158,-16.32094897296852,0 -71.64121992676642,-16.32085358025912,0 -71.64138684814921,-16.32118780070793,0 
							</coordinates>
						</LinearRing>
					</outerBoundaryIs>
				</Polygon>
			</Placemark>
			<Placemark>
				<name>1.29.99-14</name>
				<styleUrl>#falseColor163900171002</styleUrl>
				<Polygon>
					<tessellate>1</tessellate>
					<outerBoundaryIs>
						<LinearRing>
							<coordinates>
								-71.64157984126211,-16.32073782508224,0 -71.64166605370086,-16.32069601553618,0 -71.64172364266041,-16.32084315239742,0 -71.64180195886112,-16.32104935251759,0 -71.64162116695472,-16.32110104012032,0 -71.64144533663107,-16.32116280544869,0 -71.64129794267954,-16.32082572455677,0 -71.64157984126211,-16.32073782508224,0 
							</coordinates>
						</LinearRing>
					</outerBoundaryIs>
				</Polygon>
			</Placemark>
			<Placemark>
				<name>1.29.99-15</name>
				<styleUrl>#falseColor163900171002</styleUrl>
				<Polygon>
					<tessellate>1</tessellate>
					<outerBoundaryIs>
						<LinearRing>
							<coordinates>
								-71.64130123179631,-16.32047257972432,0 -71.64144901935666,-16.3204818432938,0 -71.6415646020554,-16.32044238311796,0 -71.64166167204311,-16.32064414625346,0 -71.64128176213393,-16.32076395818794,0 -71.64120600235582,-16.32048283052119,0 -71.64130123179631,-16.32047257972432,0 
							</coordinates>
						</LinearRing>
					</outerBoundaryIs>
				</Polygon>
			</Placemark>
			<Placemark>
				<name>1.29.99-16</name>
				<styleUrl>#falseColor163900171002</styleUrl>
				<Polygon>
					<tessellate>1</tessellate>
					<outerBoundaryIs>
						<LinearRing>
							<coordinates>
								-71.64066580429817,-16.320534836282,0 -71.64060625069072,-16.32027166389641,0 -71.64057361433059,-16.32021604151419,0 -71.640577575789,-16.32016378083842,0 -71.64102399270018,-16.32010928257567,0 -71.64108790477113,-16.32048162431997,0 -71.64066580429817,-16.320534836282,0 
							</coordinates>
						</LinearRing>
					</outerBoundaryIs>
				</Polygon>
			</Placemark>
			<Placemark>
				<name>1.29.99-17</name>
				<styleUrl>#falseColor163900171002</styleUrl>
				<Polygon>
					<tessellate>1</tessellate>
					<outerBoundaryIs>
						<LinearRing>
							<coordinates>
								-71.64112614800385,-16.32008269067271,0 -71.64149508167877,-16.32004346005215,0 -71.64156313147689,-16.32039342145685,0 -71.6414791521899,-16.32043639720411,0 -71.64136669407199,-16.32042765062781,0 -71.64119238849365,-16.32043102087392,0 -71.64112614800385,-16.32008269067271,0 
							</coordinates>
						</LinearRing>
					</outerBoundaryIs>
				</Polygon>
			</Placemark>
			<Placemark>
				<name>1.29.99-19</name>
				<styleUrl>#falseColor163900171002</styleUrl>
				<Polygon>
					<tessellate>1</tessellate>
					<outerBoundaryIs>
						<LinearRing>
							<coordinates>
								-71.64053827763252,-16.32010615425764,0 -71.64040288472842,-16.31977066683654,0 -71.64096348053648,-16.31968314409156,0 -71.64102609865449,-16.32003928307568,0 -71.64053827763252,-16.32010615425764,0 
							</coordinates>
						</LinearRing>
					</outerBoundaryIs>
				</Polygon>
			</Placemark>
			<Placemark>
				<name>1.29.99-20</name>
				<styleUrl>#falseColor163900171002</styleUrl>
				<Polygon>
					<tessellate>1</tessellate>
					<outerBoundaryIs>
						<LinearRing>
							<coordinates>
								-71.64106401737041,-16.31967132296647,0 -71.64182886104695,-16.31956188625372,0 -71.6418816346269,-16.31991768596155,0 -71.64152885598931,-16.31996974224,0 -71.64140146010803,-16.31997862011594,0 -71.64111475670978,-16.32004211983251,0 -71.64106401737041,-16.31967132296647,0 
							</coordinates>
						</LinearRing>
					</outerBoundaryIs>
				</Polygon>
			</Placemark>
			<Placemark>
				<name>1.29.99-21</name>
				<styleUrl>#falseColor163900171002</styleUrl>
				<Polygon>
					<tessellate>1</tessellate>
					<outerBoundaryIs>
						<LinearRing>
							<coordinates>
								-71.64090570475307,-16.31925100155438,0 -71.6409513381069,-16.31961635545147,0 -71.64038563802865,-16.31968709425908,0 -71.64025181347981,-16.31934384961331,0 -71.64090570475307,-16.31925100155438,0 
							</coordinates>
						</LinearRing>
					</outerBoundaryIs>
				</Polygon>
			</Placemark>
			<Placemark>
				<name>1.29.99-23</name>
				<styleUrl>#falseColor163900171002</styleUrl>
				<Polygon>
					<tessellate>1</tessellate>
					<outerBoundaryIs>
						<LinearRing>
							<coordinates>
								-71.64012450354342,-16.31847605983509,0 -71.64077340833236,-16.31836432343268,0 -71.64091917860026,-16.31918595844711,0 -71.64023837879003,-16.31928347256956,0 -71.64012450354342,-16.31847605983509,0 
							</coordinates>
						</LinearRing>
					</outerBoundaryIs>
				</Polygon>
			</Placemark>
			<Placemark>
				<name>1.29.99-24</name>
				<styleUrl>#falseColor163900171002</styleUrl>
				<Polygon>
					<tessellate>1</tessellate>
					<outerBoundaryIs>
						<LinearRing>
							<coordinates>
								-71.64118007805526,-16.31913382518813,0 -71.64098628248561,-16.31916861372943,0 -71.64084790333133,-16.31837482533409,0 -71.64107438984705,-16.31835000258258,0 -71.64118007805526,-16.31913382518813,0 
							</coordinates>
						</LinearRing>
					</outerBoundaryIs>
				</Polygon>
			</Placemark>
			<Placemark>
				<name>1.29.99-25</name>
				<styleUrl>#falseColor163900171002</styleUrl>
				<Polygon>
					<tessellate>1</tessellate>
					<outerBoundaryIs>
						<LinearRing>
							<coordinates>
								-71.64189777795011,-16.3186756546874,0 -71.64193882422339,-16.31871254288988,0 -71.64196481251172,-16.31877723434023,0 -71.64192620872137,-16.31888435250732,0 -71.64181868768712,-16.3190522354361,0 -71.64142243365001,-16.3191132278497,0 -71.64123711708977,-16.31913026671539,0 -71.6411976433664,-16.3187656903782,0 -71.64189777795011,-16.3186756546874,0 
							</coordinates>
						</LinearRing>
					</outerBoundaryIs>
				</Polygon>
			</Placemark>
			<Placemark>
				<name>1.29.99-26</name>
				<styleUrl>#falseColor163900171002</styleUrl>
				<Polygon>
					<tessellate>1</tessellate>
					<outerBoundaryIs>
						<LinearRing>
							<coordinates>
								-71.64151824405266,-16.31828346053644,0 -71.64163729926598,-16.31832695055283,0 -71.64175247827396,-16.31835903170364,0 -71.64177984509654,-16.31844607662165,0 -71.64184261554931,-16.31850211224592,0 -71.64189735782911,-16.31860894396036,0 -71.64118502726977,-16.31870531179043,0 -71.64113844560534,-16.31833505842811,0 -71.64151824405266,-16.31828346053644,0 
							</coordinates>
						</LinearRing>
					</outerBoundaryIs>
				</Polygon>
			</Placemark>
			<Placemark>
				<name>1.29.99-27</name>
				<styleUrl>#falseColor163900171002</styleUrl>
				<Polygon>
					<tessellate>1</tessellate>
					<outerBoundaryIs>
						<LinearRing>
							<coordinates>
								-71.64085510189413,-16.31832312042376,0 -71.64079228877802,-16.3180586340827,0 -71.64077373957961,-16.31796458129911,0 -71.64072517430408,-16.31787974323958,0 -71.64107541167718,-16.31792962646004,0 -71.64136737075584,-16.31802832565393,0 -71.64154465412608,-16.31822601166195,0 -71.64085510189413,-16.31832312042376,0 
							</coordinates>
						</LinearRing>
					</outerBoundaryIs>
				</Polygon>
			</Placemark>
			<Placemark>
				<name>1.29.99-28</name>
				<styleUrl>#falseColor163900171002</styleUrl>
				<Polygon>
					<tessellate>1</tessellate>
					<outerBoundaryIs>
						<LinearRing>
							<coordinates>
								-71.64023600676724,-16.31803672803943,0 -71.64070126458516,-16.31796430040972,0 -71.64077238884235,-16.3183203487469,0 -71.64011062340721,-16.31842424402866,0 -71.64007111258299,-16.31804523706657,0 -71.64023600676724,-16.31803672803943,0 
							</coordinates>
						</LinearRing>
					</outerBoundaryIs>
				</Polygon>
			</Placemark>
			<Placemark>
				<name>1.29.99-29</name>
				<styleUrl>#falseColor163900171002</styleUrl>
				<Polygon>
					<tessellate>1</tessellate>
					<outerBoundaryIs>
						<LinearRing>
							<coordinates>
								-71.64024653653154,-16.31756332939586,0 -71.64049465694607,-16.31742076052203,0 -71.64059567770673,-16.31759315673415,0 -71.640658732677,-16.31768135746366,0 -71.64072001179478,-16.31782532029421,0 -71.64045405245081,-16.31789547188552,0 -71.64004948772551,-16.31796445843805,0 -71.64000639587397,-16.31768468958418,0 -71.64024653653154,-16.31756332939586,0 
							</coordinates>
						</LinearRing>
					</outerBoundaryIs>
				</Polygon>
			</Placemark>
			<Placemark>
				<name>1.29.99-30</name>
				<styleUrl>#falseColor163900171002</styleUrl>
				<Polygon>
					<tessellate>1</tessellate>
					<outerBoundaryIs>
						<LinearRing>
							<coordinates>
								-71.63999994813776,-16.31761161376552,0 -71.63985413178969,-16.31726347661582,0 -71.64042657011107,-16.31697627809824,0 -71.64055217412066,-16.31711951010338,0 -71.64046813664224,-16.3171845972166,0 -71.64047488755791,-16.31722411824225,0 -71.64041861509398,-16.31726116127934,0 -71.64047435873668,-16.31737315550921,0 -71.64024625140038,-16.31748990300557,0 -71.63999994813776,-16.31761161376552,0 
							</coordinates>
						</LinearRing>
					</outerBoundaryIs>
				</Polygon>
			</Placemark>
			<Placemark>
				<name>1.29.99-31</name>
				<styleUrl>#falseColor163900171002</styleUrl>
				<Polygon>
					<tessellate>1</tessellate>
					<outerBoundaryIs>
						<LinearRing>
							<coordinates>
								-71.64035240445344,-16.31651576774593,0 -71.64056583977093,-16.31682313064435,0 -71.63982473131884,-16.31721116967547,0 -71.63968130001182,-16.31686638932835,0 -71.64035240445344,-16.31651576774593,0 
							</coordinates>
						</LinearRing>
					</outerBoundaryIs>
				</Polygon>
			</Placemark>
			<Placemark>
				<name>1.29.99-32</name>
				<styleUrl>#falseColor163900171002</styleUrl>
				<Polygon>
					<tessellate>1</tessellate>
					<outerBoundaryIs>
						<LinearRing>
							<coordinates>
								-71.63964630219044,-16.31681570167954,0 -71.63954091101235,-16.31654575997494,0 -71.64004138846431,-16.3164064907552,0 -71.64016680246917,-16.31638398440583,0 -71.64029513532121,-16.3163901077446,0 -71.64030585751391,-16.31647446271561,0 -71.63964630219044,-16.31681570167954,0 
							</coordinates>
						</LinearRing>
					</outerBoundaryIs>
				</Polygon>
			</Placemark>
			<Placemark>
				<name>1.29.158-1</name>
				<styleUrl>#falseColor163900171002</styleUrl>
				<Polygon>
					<tessellate>1</tessellate>
					<outerBoundaryIs>
						<LinearRing>
							<coordinates>
								-71.65542045015648,-16.31525719691506,0 -71.65527651605393,-16.31490956132754,0 -71.65557072076609,-16.31468623253616,0 -71.65573652988417,-16.3147490639721,0 -71.65585336173116,-16.31485725022113,0 -71.65542045015648,-16.31525719691506,0 
							</coordinates>
						</LinearRing>
					</outerBoundaryIs>
				</Polygon>
			</Placemark>
			<Placemark>
				<name>1.29.158-3</name>
				<styleUrl>#falseColor163900171002</styleUrl>
				<Polygon>
					<tessellate>1</tessellate>
					<outerBoundaryIs>
						<LinearRing>
							<coordinates>
								-71.65672401153928,-16.31513198852713,0 -71.65628403926888,-16.31555848690495,0 -71.65602465582738,-16.31534275587563,0 -71.6563777905719,-16.31501926173375,0 -71.65672401153928,-16.31513198852713,0 
							</coordinates>
						</LinearRing>
					</outerBoundaryIs>
				</Polygon>
			</Placemark>
			<Placemark>
				<name>1.29.158-4</name>
				<styleUrl>#falseColor163900171002</styleUrl>
				<Polygon>
					<tessellate>1</tessellate>
					<outerBoundaryIs>
						<LinearRing>
							<coordinates>
								-71.65606892120555,-16.31573971771609,0 -71.65586912358911,-16.31553058691382,0 -71.6559793923859,-16.31542492872049,0 -71.65619085688863,-16.31563069687811,0 -71.65606892120555,-16.31573971771609,0 
							</coordinates>
						</LinearRing>
					</outerBoundaryIs>
				</Polygon>
			</Placemark>
			<Placemark>
				<name>1.29.158-5</name>
				<styleUrl>#falseColor163900171002</styleUrl>
				<Polygon>
					<tessellate>1</tessellate>
					<outerBoundaryIs>
						<LinearRing>
							<coordinates>
								-71.65602589411526,-16.31578904961108,0 -71.65576961107436,-16.31603130737895,0 -71.65567037040675,-16.31579396015831,0 -71.65585123566304,-16.3156125441017,0 -71.65602589411526,-16.31578904961108,0 
							</coordinates>
						</LinearRing>
					</outerBoundaryIs>
				</Polygon>
			</Placemark>
			<Placemark>
				<name>1.29.158-6</name>
				<styleUrl>#falseColor163900171002</styleUrl>
				<Polygon>
					<tessellate>1</tessellate>
					<outerBoundaryIs>
						<LinearRing>
							<coordinates>
								-71.65593945132133,-16.31641408709452,0 -71.6557900141469,-16.31609544886113,0 -71.65608114035057,-16.31585178762588,0 -71.65629922500111,-16.31606229311363,0 -71.65593945132133,-16.31641408709452,0 
							</coordinates>
						</LinearRing>
					</outerBoundaryIs>
				</Polygon>
			</Placemark>
			<Placemark>
				<name>1.29.158-7</name>
				<styleUrl>#falseColor163900171002</styleUrl>
				<Polygon>
					<tessellate>1</tessellate>
					<outerBoundaryIs>
						<LinearRing>
							<coordinates>
								-71.65678496299938,-16.31516260843367,0 -71.65707735237464,-16.31529665983087,0 -71.65635742831569,-16.31601666820566,0 -71.65613579087427,-16.31578076394777,0 -71.65678496299938,-16.31516260843367,0 
							</coordinates>
						</LinearRing>
					</outerBoundaryIs>
				</Polygon>
			</Placemark>
			<Placemark>
				<name>1.29.158-9</name>
				<styleUrl>#falseColor163900171002</styleUrl>
				<Polygon>
					<tessellate>1</tessellate>
					<outerBoundaryIs>
						<LinearRing>
							<coordinates>
								-71.65656113790305,-16.3163625157211,0 -71.65610127411651,-16.316822689864,0 -71.65599592196915,-16.31660994958331,0 -71.65602760348867,-16.31642577313491,0 -71.65636332608537,-16.31612063161063,0 -71.65656113790305,-16.3163625157211,0 
							</coordinates>
						</LinearRing>
					</outerBoundaryIs>
				</Polygon>
			</Placemark>
			<Placemark>
				<name>1.29.158-10</name>
				<styleUrl>#falseColor163900171002</styleUrl>
				<Polygon>
					<tessellate>1</tessellate>
					<outerBoundaryIs>
						<LinearRing>
							<coordinates>
								-71.65663278634264,-16.31684095866006,0 -71.65631524012517,-16.31714671058978,0 -71.65614403475679,-16.31687955547626,0 -71.65647396316832,-16.31658690336606,0 -71.65663278634264,-16.31684095866006,0 
							</coordinates>
						</LinearRing>
					</outerBoundaryIs>
				</Polygon>
			</Placemark>
			<Placemark>
				<name>1.29.158-11</name>
				<styleUrl>#falseColor163900171002</styleUrl>
				<Polygon>
					<tessellate>1</tessellate>
					<outerBoundaryIs>
						<LinearRing>
							<coordinates>
								-71.65673022477043,-16.31677355494318,0 -71.65652437782229,-16.31652210423324,0 -71.65756037871114,-16.3154931362366,0 -71.6578746615825,-16.31565281144229,0 -71.65673022477043,-16.31677355494318,0 
							</coordinates>
						</LinearRing>
					</outerBoundaryIs>
				</Polygon>
			</Placemark>
			<Placemark>
				<name>1.29.159-1</name>
				<styleUrl>#falseColor163900171002</styleUrl>
				<Polygon>
					<tessellate>1</tessellate>
					<outerBoundaryIs>
						<LinearRing>
							<coordinates>
								-71.655974978072,-16.31473507486804,0 -71.6555811112774,-16.3146089215944,0 -71.65557807419431,-16.31425031534142,0 -71.65592321274441,-16.31409069927415,0 -71.655974978072,-16.31473507486804,0 
							</coordinates>
						</LinearRing>
					</outerBoundaryIs>
				</Polygon>
			</Placemark>
			<Placemark>
				<name>1.29.159-2</name>
				<styleUrl>#falseColor163900171002</styleUrl>
				<Polygon>
					<tessellate>1</tessellate>
					<outerBoundaryIs>
						<LinearRing>
							<coordinates>
								-71.65634530486095,-16.31488916635588,0 -71.65602392365746,-16.3147629097356,0 -71.65600301663817,-16.31411217207719,0 -71.65634364255288,-16.31410203923184,0 -71.65634530486095,-16.31488916635588,0 
							</coordinates>
						</LinearRing>
					</outerBoundaryIs>
				</Polygon>
			</Placemark>
			<Placemark>
				<name>1.29.159-7</name>
				<styleUrl>#falseColor163900171002</styleUrl>
				<Polygon>
					<tessellate>1</tessellate>
					<outerBoundaryIs>
						<LinearRing>
							<coordinates>
								-71.65721129128582,-16.31525793036398,0 -71.65726118177915,-16.31491535839506,0 -71.65723807195252,-16.3144604813628,0 -71.65756525340657,-16.31446850480748,0 -71.65758513290491,-16.31495658309777,0 -71.65755203767377,-16.31539011113279,0 -71.65721129128582,-16.31525793036398,0 
							</coordinates>
						</LinearRing>
					</outerBoundaryIs>
				</Polygon>
			</Placemark>
			<Placemark>
				<name>1.29.159-10</name>
				<styleUrl>#falseColor163900171002</styleUrl>
				<Polygon>
					<tessellate>1</tessellate>
					<outerBoundaryIs>
						<LinearRing>
							<coordinates>
								-71.65795743920158,-16.3155314523996,0 -71.6576038563347,-16.31541173766561,0 -71.65764511234866,-16.3152674208304,0 -71.65766236527853,-16.31500988916435,0 -71.65763326373498,-16.31446238801597,0 -71.6579803457758,-16.31446987364141,0 -71.65799896482811,-16.31502234729632,0 -71.65795743920158,-16.3155314523996,0 
							</coordinates>
						</LinearRing>
					</outerBoundaryIs>
				</Polygon>
			</Placemark>
			<Placemark>
				<name>1.29.159-11</name>
				<styleUrl>#falseColor163900171002</styleUrl>
				<Polygon>
					<tessellate>1</tessellate>
					<outerBoundaryIs>
						<LinearRing>
							<coordinates>
								-71.6580516709305,-16.31460893719881,0 -71.65820395526089,-16.3146137704483,0 -71.65845766293413,-16.31516845477258,0 -71.65804093240016,-16.31551090485282,0 -71.6580516709305,-16.31460893719881,0 
							</coordinates>
						</LinearRing>
					</outerBoundaryIs>
				</Polygon>
			</Placemark>
			<Placemark>
				<name>1.29.160-3</name>
				<styleUrl>#falseColor163900171002</styleUrl>
				<Polygon>
					<tessellate>1</tessellate>
					<outerBoundaryIs>
						<LinearRing>
							<coordinates>
								-71.65564633199291,-16.31313828221828,0 -71.65596403308459,-16.31241729643562,0 -71.65689614545418,-16.31339046353231,0 -71.65634200175163,-16.31376730970133,0 -71.65564633199291,-16.31313828221828,0 
							</coordinates>
						</LinearRing>
					</outerBoundaryIs>
				</Polygon>
			</Placemark>
			<Placemark>
				<name>1.29.160-5</name>
				<styleUrl>#falseColor163900171002</styleUrl>
				<Polygon>
					<tessellate>1</tessellate>
					<outerBoundaryIs>
						<LinearRing>
							<coordinates>
								-71.65598342084056,-16.31236086077832,0 -71.65613674958681,-16.31203380698078,0 -71.65716558729935,-16.31299020034382,0 -71.65683291064371,-16.31315779951035,0 -71.65598342084056,-16.31236086077832,0 
							</coordinates>
						</LinearRing>
					</outerBoundaryIs>
				</Polygon>
			</Placemark>
			<Placemark>
				<name>1.29.160-6</name>
				<styleUrl>#falseColor163900171002</styleUrl>
				<Polygon>
					<tessellate>1</tessellate>
					<outerBoundaryIs>
						<LinearRing>
							<coordinates>
								-71.65616886855211,-16.31195592929148,0 -71.65628074082284,-16.31162683977053,0 -71.65699958034412,-16.31227642772289,0 -71.65694042871007,-16.31246142776124,0 -71.65680488138206,-16.31256390473918,0 -71.65616886855211,-16.31195592929148,0 
							</coordinates>
						</LinearRing>
					</outerBoundaryIs>
				</Polygon>
			</Placemark>
			<Placemark>
				<name>1.29.161-2</name>
				<styleUrl>#falseColor163900171002</styleUrl>
				<Polygon>
					<tessellate>1</tessellate>
					<outerBoundaryIs>
						<LinearRing>
							<coordinates>
								-71.65541450854379,-16.31352108124014,0 -71.65471652760294,-16.31354131372783,0 -71.65459578126121,-16.31318569756336,0 -71.65555473275424,-16.31319240312684,0 -71.65541450854379,-16.31352108124014,0 
							</coordinates>
						</LinearRing>
					</outerBoundaryIs>
				</Polygon>
			</Placemark>
			<Placemark>
				<name>1.29.161-4</name>
				<styleUrl>#falseColor163900171002</styleUrl>
				<Polygon>
					<tessellate>1</tessellate>
					<outerBoundaryIs>
						<LinearRing>
							<coordinates>
								-71.65605212219295,-16.31199105679158,0 -71.655916578893,-16.3123061264184,0 -71.65509606884036,-16.31232818319935,0 -71.65509722037709,-16.31199518828306,0 -71.65605212219295,-16.31199105679158,0 
							</coordinates>
						</LinearRing>
					</outerBoundaryIs>
				</Polygon>
			</Placemark>
			<Placemark>
				<name>1.29.161-5</name>
				<styleUrl>#falseColor163900171002</styleUrl>
				<Polygon>
					<tessellate>1</tessellate>
					<outerBoundaryIs>
						<LinearRing>
							<coordinates>
								-71.65503464678251,-16.3120044960879,0 -71.6550451343562,-16.31231978711514,0 -71.6542201111757,-16.31233466003898,0 -71.65406347995341,-16.31200316220646,0 -71.65503464678251,-16.3120044960879,0 
							</coordinates>
						</LinearRing>
					</outerBoundaryIs>
				</Polygon>
			</Placemark>
			<Placemark>
				<name>1.29.161-6</name>
				<styleUrl>#falseColor163900171002</styleUrl>
				<ExtendedData>
					<SchemaData schemaUrl="#S_yura_poligono_DSSSSDDDDS00201">
						<SimpleData name="fid">51671</SimpleData>
						<SimpleData name="handle">2984259</SimpleData>
						<SimpleData name="block">-1</SimpleData>
						<SimpleData name="etype">18</SimpleData>
						<SimpleData name="space">0</SimpleData>
						<SimpleData name="layer">MANZANAS</SimpleData>
						<SimpleData name="olinetype">bylayer</SimpleData>
						<SimpleData name="linetype"></SimpleData>
						<SimpleData name="color">127,127,255,255</SimpleData>
						<SimpleData name="ocolor">256</SimpleData>
						<SimpleData name="color24">-1</SimpleData>
						<SimpleData name="transparen">0</SimpleData>
						<SimpleData name="lweight">-1</SimpleData>
						<SimpleData name="linewidth">0.15</SimpleData>
						<SimpleData name="ltscale">1</SimpleData>
						<SimpleData name="visible">1</SimpleData>
						<SimpleData name="width">0.2</SimpleData>
						<SimpleData name="thickness">0</SimpleData>
						<SimpleData name="ext">(3:0,0,0.1)</SimpleData>
					</SchemaData>
				</ExtendedData>
				<Polygon>
					<outerBoundaryIs>
						<LinearRing>
							<coordinates>
								-71.65503155187284,-16.31191980891659,0 -71.654049181689,-16.31192848543689,0 -71.6539288635451,-16.31160119667773,0 -71.65454799896635,-16.31159709887676,0 -71.65503478700337,-16.3115871877706,0 -71.65503155187284,-16.31191980891659,0 
							</coordinates>
						</LinearRing>
					</outerBoundaryIs>
				</Polygon>
			</Placemark>
			<Placemark>
				<name>1.29.161-7</name>
				<styleUrl>#falseColor163900171002</styleUrl>
				<ExtendedData>
					<SchemaData schemaUrl="#S_yura_poligono_DSSSSDDDDS00201">
						<SimpleData name="fid">51670</SimpleData>
						<SimpleData name="handle">2984258</SimpleData>
						<SimpleData name="block">-1</SimpleData>
						<SimpleData name="etype">18</SimpleData>
						<SimpleData name="space">0</SimpleData>
						<SimpleData name="layer">MANZANAS</SimpleData>
						<SimpleData name="olinetype">bylayer</SimpleData>
						<SimpleData name="linetype"></SimpleData>
						<SimpleData name="color">127,127,255,255</SimpleData>
						<SimpleData name="ocolor">256</SimpleData>
						<SimpleData name="color24">-1</SimpleData>
						<SimpleData name="transparen">0</SimpleData>
						<SimpleData name="lweight">-1</SimpleData>
						<SimpleData name="linewidth">0.15</SimpleData>
						<SimpleData name="ltscale">1</SimpleData>
						<SimpleData name="visible">1</SimpleData>
						<SimpleData name="width">0.2</SimpleData>
						<SimpleData name="thickness">0</SimpleData>
						<SimpleData name="ext">(3:0,0,0.1)</SimpleData>
					</SchemaData>
				</ExtendedData>
				<Polygon>
					<outerBoundaryIs>
						<LinearRing>
							<coordinates>
								-71.65608333631842,-16.31191653447134,0 -71.65559966828448,-16.31190595679132,0 -71.65509710270716,-16.311903778138,0 -71.65509404172992,-16.31159041853657,0 -71.65563728852685,-16.31158573930822,0 -71.65620995474418,-16.31159498987748,0 -71.65608333631842,-16.31191653447134,0 
							</coordinates>
						</LinearRing>
					</outerBoundaryIs>
				</Polygon>
			</Placemark>
			<Placemark>
				<name>1.29.161-8</name>
				<styleUrl>#falseColor163900171002</styleUrl>
				<ExtendedData>
					<SchemaData schemaUrl="#S_yura_poligono_DSSSSDDDDS00201">
						<SimpleData name="fid">51669</SimpleData>
						<SimpleData name="handle">2984257</SimpleData>
						<SimpleData name="block">-1</SimpleData>
						<SimpleData name="etype">18</SimpleData>
						<SimpleData name="space">0</SimpleData>
						<SimpleData name="layer">MANZANAS</SimpleData>
						<SimpleData name="olinetype">bylayer</SimpleData>
						<SimpleData name="linetype"></SimpleData>
						<SimpleData name="color">127,127,255,255</SimpleData>
						<SimpleData name="ocolor">256</SimpleData>
						<SimpleData name="color24">-1</SimpleData>
						<SimpleData name="transparen">0</SimpleData>
						<SimpleData name="lweight">-1</SimpleData>
						<SimpleData name="linewidth">0.15</SimpleData>
						<SimpleData name="ltscale">1</SimpleData>
						<SimpleData name="visible">1</SimpleData>
						<SimpleData name="width">0.2</SimpleData>
						<SimpleData name="thickness">0</SimpleData>
						<SimpleData name="ext">(3:0,0,0.1)</SimpleData>
					</SchemaData>
				</ExtendedData>
				<Polygon>
					<outerBoundaryIs>
						<LinearRing>
							<coordinates>
								-71.65621773018299,-16.31120108435196,0 -71.65619908041094,-16.31152145410721,0 -71.65509156948507,-16.31151441503053,0 -71.65509753279679,-16.31120538413474,0 -71.65509731757884,-16.311199542959,0 -71.65621773018299,-16.31120108435196,0 
							</coordinates>
						</LinearRing>
					</outerBoundaryIs>
				</Polygon>
			</Placemark>
			<Placemark>
				<name>1.29.161-9</name>
				<styleUrl>#falseColor163900171002</styleUrl>
				<ExtendedData>
					<SchemaData schemaUrl="#S_yura_poligono_DSSSSDDDDS00201">
						<SimpleData name="fid">51672</SimpleData>
						<SimpleData name="handle">2984260</SimpleData>
						<SimpleData name="block">-1</SimpleData>
						<SimpleData name="etype">18</SimpleData>
						<SimpleData name="space">0</SimpleData>
						<SimpleData name="layer">MANZANAS</SimpleData>
						<SimpleData name="olinetype">bylayer</SimpleData>
						<SimpleData name="linetype"></SimpleData>
						<SimpleData name="color">127,127,255,255</SimpleData>
						<SimpleData name="ocolor">256</SimpleData>
						<SimpleData name="color24">-1</SimpleData>
						<SimpleData name="transparen">0</SimpleData>
						<SimpleData name="lweight">-1</SimpleData>
						<SimpleData name="linewidth">0.15</SimpleData>
						<SimpleData name="ltscale">1</SimpleData>
						<SimpleData name="visible">1</SimpleData>
						<SimpleData name="width">0.2</SimpleData>
						<SimpleData name="thickness">0</SimpleData>
						<SimpleData name="ext">(3:0,0,0.1)</SimpleData>
					</SchemaData>
				</ExtendedData>
				<Polygon>
					<outerBoundaryIs>
						<LinearRing>
							<coordinates>
								-71.65502664939841,-16.31152178785638,0 -71.65388473997318,-16.31153295742686,0 -71.65375037603239,-16.31120740248536,0 -71.65502953232898,-16.31120538065783,0 -71.65502664939841,-16.31152178785638,0 
							</coordinates>
						</LinearRing>
					</outerBoundaryIs>
				</Polygon>
			</Placemark>
			<Placemark>
				<name>1.29.161-11</name>
				<styleUrl>#falseColor163900171002</styleUrl>
				<ExtendedData>
					<SchemaData schemaUrl="#S_yura_poligono_DSSSSDDDDS00201">
						<SimpleData name="fid">50951</SimpleData>
						<SimpleData name="handle">2981485</SimpleData>
						<SimpleData name="block">-1</SimpleData>
						<SimpleData name="etype">18</SimpleData>
						<SimpleData name="space">0</SimpleData>
						<SimpleData name="layer">MANZANAS</SimpleData>
						<SimpleData name="olinetype">bylayer</SimpleData>
						<SimpleData name="linetype"></SimpleData>
						<SimpleData name="color">127,127,255,255</SimpleData>
						<SimpleData name="ocolor">256</SimpleData>
						<SimpleData name="color24">-1</SimpleData>
						<SimpleData name="transparen">0</SimpleData>
						<SimpleData name="lweight">-1</SimpleData>
						<SimpleData name="linewidth">0.15</SimpleData>
						<SimpleData name="ltscale">1</SimpleData>
						<SimpleData name="visible">1</SimpleData>
						<SimpleData name="width">0.2</SimpleData>
						<SimpleData name="thickness">0</SimpleData>
						<SimpleData name="ext">(3:0,0,0.1)</SimpleData>
					</SchemaData>
				</ExtendedData>
				<Polygon>
					<outerBoundaryIs>
						<LinearRing>
							<coordinates>
								-71.65611072094096,-16.310770260976,0 -71.65614315906792,-16.31110395712784,0 -71.6547567941696,-16.31110540528733,0 -71.65472946763191,-16.31076790086967,0 -71.65611072094096,-16.310770260976,0 
							</coordinates>
						</LinearRing>
					</outerBoundaryIs>
				</Polygon>
			</Placemark>
			<Placemark>
				<name>1.29.161-12</name>
				<styleUrl>#falseColor163900171002</styleUrl>
				<Polygon>
					<tessellate>1</tessellate>
					<outerBoundaryIs>
						<LinearRing>
							<coordinates>
								-71.65650618817092,-16.31109934454035,0 -71.65622142801384,-16.31111245526716,0 -71.65621575356427,-16.31077607056081,0 -71.65650493387878,-16.31077513455153,0 -71.65650618817092,-16.31109934454035,0 
							</coordinates>
						</LinearRing>
					</outerBoundaryIs>
				</Polygon>
			</Placemark>
			<Placemark>
				<name>1.29.162-1</name>
				<styleUrl>#falseColor163900171002</styleUrl>
				<Polygon>
					<tessellate>1</tessellate>
					<outerBoundaryIs>
						<LinearRing>
							<coordinates>
								-71.65415578613469,-16.31400881627491,0 -71.65382894766383,-16.31389905673175,0 -71.65444028924709,-16.31331075536606,0 -71.65457699988073,-16.31339465887405,0 -71.65467195765849,-16.31357968120623,0 -71.65415578613469,-16.31400881627491,0 
							</coordinates>
						</LinearRing>
					</outerBoundaryIs>
				</Polygon>
			</Placemark>
			<Placemark>
				<name>1.29.162-2</name>
				<styleUrl>#falseColor163900171002</styleUrl>
				<Polygon>
					<tessellate>1</tessellate>
					<outerBoundaryIs>
						<LinearRing>
							<coordinates>
								-71.65413142472502,-16.3134851247952,0 -71.65389894456244,-16.31325244515033,0 -71.65423810272776,-16.31295609053381,0 -71.65446685384708,-16.31316092330795,0 -71.65413142472502,-16.3134851247952,0 
							</coordinates>
						</LinearRing>
					</outerBoundaryIs>
				</Polygon>
			</Placemark>
			<Placemark>
				<name>1.29.162-4</name>
				<styleUrl>#falseColor163900171002</styleUrl>
				<Polygon>
					<tessellate>1</tessellate>
					<outerBoundaryIs>
						<LinearRing>
							<coordinates>
								-71.65332077635823,-16.31368814659831,0 -71.65296796234014,-16.31355709291529,0 -71.65357308780504,-16.31302329204981,0 -71.65379527780607,-16.3132389619946,0 -71.65332077635823,-16.31368814659831,0 
							</coordinates>
						</LinearRing>
					</outerBoundaryIs>
				</Polygon>
			</Placemark>
			<Placemark>
				<name>1.29.162-5</name>
				<styleUrl>#falseColor163900171002</styleUrl>
				<Polygon>
					<tessellate>1</tessellate>
					<outerBoundaryIs>
						<LinearRing>
							<coordinates>
								-71.65383842001353,-16.31320200912371,0 -71.65360591757533,-16.31296749768162,0 -71.65386183929297,-16.31273676516106,0 -71.65411539110482,-16.31294035065275,0 -71.65383842001353,-16.31320200912371,0 
							</coordinates>
						</LinearRing>
					</outerBoundaryIs>
				</Polygon>
			</Placemark>
			<Placemark>
				<name>1.29.162-8</name>
				<styleUrl>#falseColor163900171002</styleUrl>
				<Polygon>
					<tessellate>1</tessellate>
					<outerBoundaryIs>
						<LinearRing>
							<coordinates>
								-71.65355874723998,-16.31291967625092,0 -71.6533333490958,-16.31270164484163,0 -71.65358057574311,-16.31242400180514,0 -71.65382175944667,-16.31265310376734,0 -71.65355874723998,-16.31291967625092,0 
							</coordinates>
						</LinearRing>
					</outerBoundaryIs>
				</Polygon>
			</Placemark>
			<Placemark>
				<name>1.29.162-10</name>
				<styleUrl>#falseColor163900171002</styleUrl>
				<Polygon>
					<tessellate>1</tessellate>
					<outerBoundaryIs>
						<LinearRing>
							<coordinates>
								-71.6526071230893,-16.31325673876892,0 -71.65244968764848,-16.31335237487204,0 -71.65218608617931,-16.31322069658518,0 -71.65297719708151,-16.31245589492524,0 -71.65321233654583,-16.31268358968954,0 -71.6526071230893,-16.31325673876892,0 
							</coordinates>
						</LinearRing>
					</outerBoundaryIs>
				</Polygon>
			</Placemark>
			<Placemark>
				<name>1.29.162-11</name>
				<styleUrl>#falseColor163900171002</styleUrl>
				<Polygon>
					<tessellate>1</tessellate>
					<outerBoundaryIs>
						<LinearRing>
							<coordinates>
								-71.65361822035148,-16.31231599429975,0 -71.65327050793695,-16.31264530767399,0 -71.65302709923418,-16.31239758111657,0 -71.65335610493283,-16.31209408452659,0 -71.65361822035148,-16.31231599429975,0 
							</coordinates>
						</LinearRing>
					</outerBoundaryIs>
				</Polygon>
			</Placemark>
			<Placemark>
				<name>1.29.162-12</name>
				<styleUrl>#falseColor163900171002</styleUrl>
				<Polygon>
					<tessellate>1</tessellate>
					<outerBoundaryIs>
						<LinearRing>
							<coordinates>
								-71.65398382060718,-16.31196396166956,0 -71.65380155964129,-16.31213095322241,0 -71.65355264342126,-16.31189843120458,0 -71.65383968042073,-16.31164372741118,0 -71.65398382060718,-16.31196396166956,0 
							</coordinates>
						</LinearRing>
					</outerBoundaryIs>
				</Polygon>
			</Placemark>
			<Placemark>
				<name>1.29.162-13</name>
				<styleUrl>#falseColor163900171002</styleUrl>
				<Polygon>
					<tessellate>1</tessellate>
					<outerBoundaryIs>
						<LinearRing>
							<coordinates>
								-71.65365908961384,-16.31123946390809,0 -71.65371207267356,-16.31133153699479,0 -71.65380661567278,-16.31157872759815,0 -71.65357154923454,-16.31178467450857,0 -71.65333499387056,-16.31155694329449,0 -71.65365908961384,-16.31123946390809,0 
							</coordinates>
						</LinearRing>
					</outerBoundaryIs>
				</Polygon>
			</Placemark>
			<Placemark>
				<name>1.29.163-2</name>
				<styleUrl>#falseColor163900171002</styleUrl>
				<Polygon>
					<tessellate>1</tessellate>
					<outerBoundaryIs>
						<LinearRing>
							<coordinates>
								-71.65410192343398,-16.31480931833953,0 -71.65379386797177,-16.31504828103427,0 -71.65380844569744,-16.31396287483009,0 -71.65410938340297,-16.3140823656226,0 -71.65410192343398,-16.31480931833953,0 
							</coordinates>
						</LinearRing>
					</outerBoundaryIs>
				</Polygon>
			</Placemark>
			<Placemark>
				<name>1.29.163-3</name>
				<styleUrl>#falseColor163900171002</styleUrl>
				<Polygon>
					<tessellate>1</tessellate>
					<outerBoundaryIs>
						<LinearRing>
							<coordinates>
								-71.65369967000547,-16.31441161797696,0 -71.65337256712026,-16.31440008259294,0 -71.65338233098483,-16.31380179255294,0 -71.6537001280964,-16.31392956327877,0 -71.65369967000547,-16.31441161797696,0 
							</coordinates>
						</LinearRing>
					</outerBoundaryIs>
				</Polygon>
			</Placemark>
			<Placemark>
				<name>1.29.163-4</name>
				<styleUrl>#falseColor163900171002</styleUrl>
				<Polygon>
					<tessellate>1</tessellate>
					<outerBoundaryIs>
						<LinearRing>
							<coordinates>
								-71.65372673953497,-16.31513691196407,0 -71.65369180963839,-16.31514302749081,0 -71.65354773358244,-16.31524150291803,0 -71.65342320657264,-16.31518296501348,0 -71.65338864936726,-16.31444646771829,0 -71.65370223289331,-16.31446396514835,0 -71.65372673953497,-16.31513691196407,0 
							</coordinates>
						</LinearRing>
					</outerBoundaryIs>
				</Polygon>
			</Placemark>
			<Placemark>
				<name>1.29.163-5</name>
				<styleUrl>#falseColor163900171002</styleUrl>
				<Polygon>
					<tessellate>1</tessellate>
					<outerBoundaryIs>
						<LinearRing>
							<coordinates>
								-71.65330109443205,-16.3150335399509,0 -71.65295579679439,-16.31500708479722,0 -71.65296442357071,-16.3144749311142,0 -71.65330137366553,-16.31445964462737,0 -71.65330109443205,-16.3150335399509,0 
							</coordinates>
						</LinearRing>
					</outerBoundaryIs>
				</Polygon>
			</Placemark>
			<Placemark>
				<name>1.29.163-6</name>
				<styleUrl>#falseColor163900171002</styleUrl>
				<Polygon>
					<tessellate>1</tessellate>
					<outerBoundaryIs>
						<LinearRing>
							<coordinates>
								-71.65328524962094,-16.31439196162871,0 -71.65294839234556,-16.31438895894945,0 -71.65295450565826,-16.31363391602357,0 -71.65332279873333,-16.31376705403801,0 -71.65328524962094,-16.31439196162871,0 
							</coordinates>
						</LinearRing>
					</outerBoundaryIs>
				</Polygon>
			</Placemark>
			<Placemark>
				<name>1.29.163-7</name>
				<styleUrl>#falseColor163900171002</styleUrl>
				<Polygon>
					<tessellate>1</tessellate>
					<outerBoundaryIs>
						<LinearRing>
							<coordinates>
								-71.65287558840244,-16.3135955169236,0 -71.65287776404588,-16.31440128768512,0 -71.65254201162035,-16.31440180421761,0 -71.65253880592272,-16.31344601050393,0 -71.65287558840244,-16.3135955169236,0 
							</coordinates>
						</LinearRing>
					</outerBoundaryIs>
				</Polygon>
			</Placemark>
			<Placemark>
				<name>1.29.163-9</name>
				<styleUrl>#falseColor163900171002</styleUrl>
				<Polygon>
					<tessellate>1</tessellate>
					<outerBoundaryIs>
						<LinearRing>
							<coordinates>
								-71.65245952437276,-16.31443296324194,0 -71.65211494585056,-16.31409475683787,0 -71.65214577843423,-16.31328567457861,0 -71.65248036239205,-16.31343221976414,0 -71.65245952437276,-16.31443296324194,0 
							</coordinates>
						</LinearRing>
					</outerBoundaryIs>
				</Polygon>
			</Placemark>
			<Placemark>
				<name>1.29.163-10</name>
				<styleUrl>#falseColor163900171002</styleUrl>
				<Polygon>
					<tessellate>1</tessellate>
					<outerBoundaryIs>
						<LinearRing>
							<coordinates>
								-71.65208778063437,-16.31413765300066,0 -71.6518041241696,-16.31439109692075,0 -71.65165355834196,-16.31389560017818,0 -71.65150289541812,-16.31330504597495,0 -71.65168920089042,-16.3131180536987,0 -71.65180288272511,-16.31317096459692,0 -71.65208778063437,-16.31413765300066,0 
							</coordinates>
						</LinearRing>
					</outerBoundaryIs>
				</Polygon>
			</Placemark>
			<Placemark>
				<name>1.29.163-11</name>
				<styleUrl>#falseColor163900171002</styleUrl>
				<Polygon>
					<tessellate>1</tessellate>
					<outerBoundaryIs>
						<LinearRing>
							<coordinates>
								-71.65191860168615,-16.31476987743161,0 -71.65188185110769,-16.31456112631189,0 -71.65200351162713,-16.31427493268765,0 -71.65209546301109,-16.31418909729454,0 -71.6522834202754,-16.31445025830295,0 -71.65191860168615,-16.31476987743161,0 
							</coordinates>
						</LinearRing>
					</outerBoundaryIs>
				</Polygon>
			</Placemark>
			<Placemark>
				<name>1.29.163-12</name>
				<styleUrl>#falseColor163900171002</styleUrl>
				<Polygon>
					<tessellate>1</tessellate>
					<outerBoundaryIs>
						<LinearRing>
							<coordinates>
								-71.65210879690257,-16.31512974208071,0 -71.65199727920233,-16.31501217972251,0 -71.65192361094354,-16.31483914015502,0 -71.65227724728742,-16.31455669586755,0 -71.65245886489046,-16.31461867231673,0 -71.65257475828577,-16.31476351643568,0 -71.65210879690257,-16.31512974208071,0 
							</coordinates>
						</LinearRing>
					</outerBoundaryIs>
				</Polygon>
			</Placemark>
			<Placemark>
				<name>1.29.163-13</name>
				<styleUrl>#falseColor163900171002</styleUrl>
				<Polygon>
					<tessellate>1</tessellate>
					<outerBoundaryIs>
						<LinearRing>
							<coordinates>
								-71.65210175248271,-16.3156259955202,0 -71.65204799393779,-16.31526775246451,0 -71.65260329674736,-16.31480682614517,0 -71.6528418481147,-16.31502584494823,0 -71.65210175248271,-16.3156259955202,0 
							</coordinates>
						</LinearRing>
					</outerBoundaryIs>
				</Polygon>
			</Placemark>
			<Placemark>
				<name>1.29.163-14</name>
				<styleUrl>#falseColor163900171002</styleUrl>
				<Polygon>
					<tessellate>1</tessellate>
					<outerBoundaryIs>
						<LinearRing>
							<coordinates>
								-71.65326581690348,-16.31507574200534,0 -71.65333339562704,-16.3151859694428,0 -71.65216670318763,-16.31610941061629,0 -71.65213711599603,-16.31573962761143,0 -71.65217137561372,-16.31569084405455,0 -71.6529749811491,-16.3150608018304,0 -71.65326581690348,-16.31507574200534,0 
							</coordinates>
						</LinearRing>
					</outerBoundaryIs>
				</Polygon>
			</Placemark>
			<Placemark>
				<name>1.29.164-1</name>
				<styleUrl>#falseColor163900171002</styleUrl>
				<Polygon>
					<tessellate>1</tessellate>
					<outerBoundaryIs>
						<LinearRing>
							<coordinates>
								-71.65534967329813,-16.31524940709487,0 -71.65497323892933,-16.31528073917773,0 -71.65473699830362,-16.31525405184517,0 -71.65489472079865,-16.31494461832222,0 -71.65520913382574,-16.31492465981106,0 -71.65534967329813,-16.31524940709487,0 
							</coordinates>
						</LinearRing>
					</outerBoundaryIs>
				</Polygon>
			</Placemark>
			<Placemark>
				<name>1.29.164-2</name>
				<styleUrl>#falseColor163900171002</styleUrl>
				<Polygon>
					<tessellate>1</tessellate>
					<outerBoundaryIs>
						<LinearRing>
							<coordinates>
								-71.65481183608115,-16.31492549745148,0 -71.65461399961562,-16.31519283728354,0 -71.65423025119789,-16.31483127402899,0 -71.65456466603631,-16.3146778784343,0 -71.65481183608115,-16.31492549745148,0 
							</coordinates>
						</LinearRing>
					</outerBoundaryIs>
				</Polygon>
			</Placemark>
			<Placemark>
				<name>1.29.164-3</name>
				<styleUrl>#falseColor163900171002</styleUrl>
				<Polygon>
					<tessellate>1</tessellate>
					<outerBoundaryIs>
						<LinearRing>
							<coordinates>
								-71.65439500846939,-16.31508181502405,0 -71.65440146796145,-16.3150748297468,0 -71.65382428549901,-16.31558481829493,0 -71.65363855647593,-16.31532334914497,0 -71.65418004723915,-16.31484133524534,0 -71.65439500846939,-16.31508181502405,0 
							</coordinates>
						</LinearRing>
					</outerBoundaryIs>
				</Polygon>
			</Placemark>
			<Placemark>
				<name>1.29.164-4</name>
				<styleUrl>#falseColor163900171002</styleUrl>
				<Polygon>
					<tessellate>1</tessellate>
					<outerBoundaryIs>
						<LinearRing>
							<coordinates>
								-71.65472354780115,-16.31540148293972,0 -71.65409787109134,-16.31586221592761,0 -71.65387335599473,-16.31562070094312,0 -71.65446921811314,-16.31513984014204,0 -71.65472354780115,-16.31540148293972,0 
							</coordinates>
						</LinearRing>
					</outerBoundaryIs>
				</Polygon>
			</Placemark>
			<Placemark>
				<name>1.29.164-6</name>
				<styleUrl>#falseColor163900171002</styleUrl>
				<Polygon>
					<tessellate>1</tessellate>
					<outerBoundaryIs>
						<LinearRing>
							<coordinates>
								-71.65527717787683,-16.31597660017527,0 -71.65461802810388,-16.31646398792717,0 -71.65439897300355,-16.31622752218059,0 -71.65506033292669,-16.3157329229904,0 -71.65527717787683,-16.31597660017527,0 
							</coordinates>
						</LinearRing>
					</outerBoundaryIs>
				</Polygon>
			</Placemark>
			<Placemark>
				<name>1.29.164-7</name>
				<styleUrl>#falseColor163900171002</styleUrl>
				<Polygon>
					<tessellate>1</tessellate>
					<outerBoundaryIs>
						<LinearRing>
							<coordinates>
								-71.65555521583109,-16.3162548069748,0 -71.65487515631247,-16.31678676070402,0 -71.6546592745909,-16.31652798829626,0 -71.65531053052136,-16.3160304724781,0 -71.65555521583109,-16.3162548069748,0 
							</coordinates>
						</LinearRing>
					</outerBoundaryIs>
				</Polygon>
			</Placemark>
			<Placemark>
				<name>1.29.164-8</name>
				<styleUrl>#falseColor163900171002</styleUrl>
				<Polygon>
					<tessellate>1</tessellate>
					<outerBoundaryIs>
						<LinearRing>
							<coordinates>
								-71.65572864907584,-16.31661413077645,0 -71.65513654587836,-16.31709217834526,0 -71.65493044506063,-16.31682001905383,0 -71.65560710570939,-16.3163269451373,0 -71.65572864907584,-16.31661413077645,0 
							</coordinates>
						</LinearRing>
					</outerBoundaryIs>
				</Polygon>
			</Placemark>
			<Placemark>
				<name>1.29.164-9</name>
				<styleUrl>#falseColor163900171002</styleUrl>
				<Polygon>
					<tessellate>1</tessellate>
					<outerBoundaryIs>
						<LinearRing>
							<coordinates>
								-71.65594310957937,-16.31695233449032,0 -71.65542537881426,-16.31737359605643,0 -71.65522251898017,-16.31712214753515,0 -71.65578533829593,-16.31667373982558,0 -71.65594310957937,-16.31695233449032,0 
							</coordinates>
						</LinearRing>
					</outerBoundaryIs>
				</Polygon>
			</Placemark>
			<Placemark>
				<name>1.29.165-1</name>
				<styleUrl>#falseColor163900171002</styleUrl>
				<Polygon>
					<tessellate>1</tessellate>
					<outerBoundaryIs>
						<LinearRing>
							<coordinates>
								-71.65466728019116,-16.31667152036368,0 -71.65397928752898,-16.31725026350676,0 -71.65375918149685,-16.31700676826105,0 -71.6544486382395,-16.31642672375581,0 -71.65466728019116,-16.31667152036368,0 
							</coordinates>
						</LinearRing>
					</outerBoundaryIs>
				</Polygon>
			</Placemark>
			<Placemark>
				<name>1.29.165-2</name>
				<styleUrl>#falseColor163900171002</styleUrl>
				<Polygon>
					<tessellate>1</tessellate>
					<outerBoundaryIs>
						<LinearRing>
							<coordinates>
								-71.65493451503488,-16.3169786173344,0 -71.65423405359022,-16.3175512566728,0 -71.65401113903577,-16.3173145595448,0 -71.65472476257602,-16.31673231263004,0 -71.65493451503488,-16.3169786173344,0 
							</coordinates>
						</LinearRing>
					</outerBoundaryIs>
				</Polygon>
			</Placemark>
			<Placemark>
				<name>1.29.165-3</name>
				<styleUrl>#falseColor163900171002</styleUrl>
				<Polygon>
					<tessellate>1</tessellate>
					<outerBoundaryIs>
						<LinearRing>
							<coordinates>
								-71.65520032638688,-16.31728534308913,0 -71.65449300461123,-16.31786869128334,0 -71.654277028241,-16.31761176723947,0 -71.65499374729946,-16.31703555326669,0 -71.65520032638688,-16.31728534308913,0 
							</coordinates>
						</LinearRing>
					</outerBoundaryIs>
				</Polygon>
			</Placemark>
			<Placemark>
				<name>1.29.165-4</name>
				<styleUrl>#falseColor163900171002</styleUrl>
				<Polygon>
					<tessellate>1</tessellate>
					<outerBoundaryIs>
						<LinearRing>
							<coordinates>
								-71.65476148218195,-16.31817764738772,0 -71.65453768979646,-16.31790687427107,0 -71.65523020955959,-16.3173538780558,0 -71.65544409625386,-16.31758705869004,0 -71.65476148218195,-16.31817764738772,0 
							</coordinates>
						</LinearRing>
					</outerBoundaryIs>
				</Polygon>
			</Placemark>
			<Placemark>
				<name>1.29.165-5</name>
				<styleUrl>#falseColor163900171002</styleUrl>
				<Polygon>
					<tessellate>1</tessellate>
					<outerBoundaryIs>
						<LinearRing>
							<coordinates>
								-71.65568034532745,-16.31781144878562,0 -71.65502620437303,-16.31848321551323,0 -71.65479102281266,-16.31821516871065,0 -71.65551083745075,-16.31762061705681,0 -71.65568034532745,-16.31781144878562,0 
							</coordinates>
						</LinearRing>
					</outerBoundaryIs>
				</Polygon>
			</Placemark>
			<Placemark>
				<name>1.29.165-6</name>
				<styleUrl>#falseColor163900171002</styleUrl>
				<Polygon>
					<tessellate>1</tessellate>
					<outerBoundaryIs>
						<LinearRing>
							<coordinates>
								-71.65497974586263,-16.31853339937771,0 -71.65429987122714,-16.31916728416228,0 -71.65401959142487,-16.31883127060537,0 -71.65473691822216,-16.31827487093609,0 -71.65497974586263,-16.31853339937771,0 
							</coordinates>
						</LinearRing>
					</outerBoundaryIs>
				</Polygon>
			</Placemark>
			<Placemark>
				<name>1.29.165-7</name>
				<styleUrl>#falseColor163900171002</styleUrl>
				<Polygon>
					<tessellate>1</tessellate>
					<outerBoundaryIs>
						<LinearRing>
							<coordinates>
								-71.653977193901,-16.31879498808466,0 -71.65375363287016,-16.3185272397771,0 -71.65447741247962,-16.31795954913941,0 -71.65469241048001,-16.31821162586887,0 -71.653977193901,-16.31879498808466,0 
							</coordinates>
						</LinearRing>
					</outerBoundaryIs>
				</Polygon>
			</Placemark>
			<Placemark>
				<name>1.29.165-8</name>
				<styleUrl>#falseColor163900171002</styleUrl>
				<Polygon>
					<tessellate>1</tessellate>
					<outerBoundaryIs>
						<LinearRing>
							<coordinates>
								-71.65442022580952,-16.31791150779809,0 -71.6537074269917,-16.31847977084688,0 -71.65347877942196,-16.31821674345291,0 -71.65420890931446,-16.31765002763599,0 -71.65442022580952,-16.31791150779809,0 
							</coordinates>
						</LinearRing>
					</outerBoundaryIs>
				</Polygon>
			</Placemark>
			<Placemark>
				<name>1.29.165-9</name>
				<styleUrl>#falseColor163900171002</styleUrl>
				<Polygon>
					<tessellate>1</tessellate>
					<outerBoundaryIs>
						<LinearRing>
							<coordinates>
								-71.65416833170924,-16.3175919910977,0 -71.65345282608524,-16.31817968997826,0 -71.65323318133994,-16.31791851255817,0 -71.65395932133096,-16.3173451115413,0 -71.65416833170924,-16.3175919910977,0 
							</coordinates>
						</LinearRing>
					</outerBoundaryIs>
				</Polygon>
			</Placemark>
			<Placemark>
				<name>1.29.165-10</name>
				<styleUrl>#falseColor163900171002</styleUrl>
				<Polygon>
					<tessellate>1</tessellate>
					<outerBoundaryIs>
						<LinearRing>
							<coordinates>
								-71.65393152774281,-16.31728725543588,0 -71.65319512824067,-16.31785574216079,0 -71.65297213298959,-16.31760575031216,0 -71.65371304110083,-16.3170327068742,0 -71.65393152774281,-16.31728725543588,0 
							</coordinates>
						</LinearRing>
					</outerBoundaryIs>
				</Polygon>
			</Placemark>
			<Placemark>
				<name>1.29.165-11</name>
				<styleUrl>#falseColor163900171002</styleUrl>
				<Polygon>
					<tessellate>1</tessellate>
					<outerBoundaryIs>
						<LinearRing>
							<coordinates>
								-71.65314026628293,-16.31791789854832,0 -71.65250946769262,-16.31839827559979,0 -71.65247887760555,-16.31802294856516,0 -71.65292238591786,-16.31765759112025,0 -71.65314026628293,-16.31791789854832,0 
							</coordinates>
						</LinearRing>
					</outerBoundaryIs>
				</Polygon>
			</Placemark>
			<Placemark>
				<name>1.29.165-12</name>
				<styleUrl>#falseColor163900171002</styleUrl>
				<Polygon>
					<tessellate>1</tessellate>
					<outerBoundaryIs>
						<LinearRing>
							<coordinates>
								-71.65256843706095,-16.31887402888912,0 -71.65251891805761,-16.31847724042853,0 -71.65317737133773,-16.31797568159499,0 -71.65338476690395,-16.31821221952986,0 -71.65256843706095,-16.31887402888912,0 
							</coordinates>
						</LinearRing>
					</outerBoundaryIs>
				</Polygon>
			</Placemark>
			<Placemark>
				<name>1.29.165-13</name>
				<styleUrl>#falseColor163900171002</styleUrl>
				<Polygon>
					<tessellate>1</tessellate>
					<outerBoundaryIs>
						<LinearRing>
							<coordinates>
								-71.65261211844636,-16.31934310266,0 -71.65260397098632,-16.3189437104868,0 -71.65343178702933,-16.31827128896018,0 -71.65365894021906,-16.31852388874622,0 -71.65261211844636,-16.31934310266,0 
							</coordinates>
						</LinearRing>
					</outerBoundaryIs>
				</Polygon>
			</Placemark>
			<Placemark>
				<name>1.29.165-14</name>
				<styleUrl>#falseColor163900171002</styleUrl>
				<Polygon>
					<tessellate>1</tessellate>
					<outerBoundaryIs>
						<LinearRing>
							<coordinates>
								-71.6539080197291,-16.31883358248832,0 -71.65269970043238,-16.3198166169262,0 -71.65264037412683,-16.31940956664261,0 -71.65368810331354,-16.31858095356821,0 -71.6539080197291,-16.31883358248832,0 
							</coordinates>
						</LinearRing>
					</outerBoundaryIs>
				</Polygon>
			</Placemark>
			<Placemark>
				<name>1.29.165-15</name>
				<styleUrl>#falseColor163900171002</styleUrl>
				<Polygon>
					<tessellate>1</tessellate>
					<outerBoundaryIs>
						<LinearRing>
							<coordinates>
								-71.65415785029555,-16.31910338727352,0 -71.65277213760942,-16.32033257700408,0 -71.65269252810397,-16.31986674061882,0 -71.65396386991976,-16.31888837394617,0 -71.65415785029555,-16.31910338727352,0 
							</coordinates>
						</LinearRing>
					</outerBoundaryIs>
				</Polygon>
			</Placemark>
			<Placemark>
				<name>1.29.166-1</name>
				<styleUrl>#falseColor163900171002</styleUrl>
				<Polygon>
					<tessellate>1</tessellate>
					<outerBoundaryIs>
						<LinearRing>
							<coordinates>
								-71.65362261803746,-16.31546713825805,0 -71.65224854115847,-16.31655688662353,0 -71.65218880325554,-16.31618256571329,0 -71.65342232024898,-16.31522148709124,0 -71.65362261803746,-16.31546713825805,0 
							</coordinates>
						</LinearRing>
					</outerBoundaryIs>
				</Polygon>
			</Placemark>
			<Placemark>
				<name>1.29.166-2</name>
				<styleUrl>#falseColor163900171002</styleUrl>
				<Polygon>
					<tessellate>1</tessellate>
					<outerBoundaryIs>
						<LinearRing>
							<coordinates>
								-71.65366175728556,-16.31552824063435,0 -71.65388958513246,-16.31576284597948,0 -71.65262851620145,-16.31676779701361,0 -71.65237401818429,-16.31654961015743,0 -71.65366175728556,-16.31552824063435,0 
							</coordinates>
						</LinearRing>
					</outerBoundaryIs>
				</Polygon>
			</Placemark>
			<Placemark>
				<name>1.29.166-3</name>
				<styleUrl>#falseColor163900171002</styleUrl>
				<Polygon>
					<tessellate>1</tessellate>
					<outerBoundaryIs>
						<LinearRing>
							<coordinates>
								-71.65417586781831,-16.31607106503567,0 -71.65292662284682,-16.31705460477985,0 -71.65271842102167,-16.31678664448855,0 -71.65395265211416,-16.31582400271392,0 -71.65417586781831,-16.31607106503567,0 
							</coordinates>
						</LinearRing>
					</outerBoundaryIs>
				</Polygon>
			</Placemark>
			<Placemark>
				<name>1.29.166-4</name>
				<styleUrl>#falseColor163900171002</styleUrl>
				<Polygon>
					<tessellate>1</tessellate>
					<outerBoundaryIs>
						<LinearRing>
							<coordinates>
								-71.65441878715026,-16.31638498882287,0 -71.65291613816251,-16.31756127549063,0 -71.65268211441604,-16.31729509009059,0 -71.6542024361455,-16.31614321485763,0 -71.65441878715026,-16.31638498882287,0 
							</coordinates>
						</LinearRing>
					</outerBoundaryIs>
				</Polygon>
			</Placemark>
			<Placemark>
				<name>1.29.166-5</name>
				<styleUrl>#falseColor163900171002</styleUrl>
				<Polygon>
					<tessellate>1</tessellate>
					<outerBoundaryIs>
						<LinearRing>
							<coordinates>
								-71.65243709794989,-16.31793159634969,0 -71.65241119382253,-16.31753140052581,0 -71.65264169736646,-16.31735974827339,0 -71.65287022848386,-16.31759707776042,0 -71.65243709794989,-16.31793159634969,0 
							</coordinates>
						</LinearRing>
					</outerBoundaryIs>
				</Polygon>
			</Placemark>
			<Placemark>
				<name>1.29.166-6</name>
				<styleUrl>#falseColor163900171002</styleUrl>
				<Polygon>
					<tessellate>1</tessellate>
					<outerBoundaryIs>
						<LinearRing>
							<coordinates>
								-71.65237931645376,-16.31747617219848,0 -71.65231060301984,-16.31710106896638,0 -71.6524055793855,-16.31704038137129,0 -71.65261147588308,-16.31731478486227,0 -71.65237931645376,-16.31747617219848,0 
							</coordinates>
						</LinearRing>
					</outerBoundaryIs>
				</Polygon>
			</Placemark>
			<Placemark>
				<name>1.29.167-1</name>
				<styleUrl>#falseColor163900171002</styleUrl>
				<ExtendedData>
					<SchemaData schemaUrl="#S_yura_poligono_DSSSSDDDDS00201">
						<SimpleData name="fid">51711</SimpleData>
						<SimpleData name="handle">2985408</SimpleData>
						<SimpleData name="block">-1</SimpleData>
						<SimpleData name="etype">18</SimpleData>
						<SimpleData name="space">0</SimpleData>
						<SimpleData name="layer">MANZANAS</SimpleData>
						<SimpleData name="olinetype">bylayer</SimpleData>
						<SimpleData name="linetype"></SimpleData>
						<SimpleData name="color">127,127,255,255</SimpleData>
						<SimpleData name="ocolor">256</SimpleData>
						<SimpleData name="color24">-1</SimpleData>
						<SimpleData name="transparen">0</SimpleData>
						<SimpleData name="lweight">-1</SimpleData>
						<SimpleData name="linewidth">0.15</SimpleData>
						<SimpleData name="ltscale">1</SimpleData>
						<SimpleData name="visible">1</SimpleData>
						<SimpleData name="width">0.2</SimpleData>
						<SimpleData name="thickness">0</SimpleData>
						<SimpleData name="ext">(3:0,0,0.1)</SimpleData>
					</SchemaData>
				</ExtendedData>
				<Polygon>
					<outerBoundaryIs>
						<LinearRing>
							<coordinates>
								-71.6541685410084,-16.31056629455862,0 -71.65390549830916,-16.31077509220658,0 -71.6534952331945,-16.31028868822783,0 -71.65375338025356,-16.31008488105385,0 -71.6541685410084,-16.31056629455862,0 
							</coordinates>
						</LinearRing>
					</outerBoundaryIs>
				</Polygon>
			</Placemark>
			<Placemark>
				<name>1.29.167-2</name>
				<styleUrl>#falseColor163900171002</styleUrl>
				<ExtendedData>
					<SchemaData schemaUrl="#S_yura_poligono_DSSSSDDDDS00201">
						<SimpleData name="fid">51699</SimpleData>
						<SimpleData name="handle">2984296</SimpleData>
						<SimpleData name="block">-1</SimpleData>
						<SimpleData name="etype">18</SimpleData>
						<SimpleData name="space">0</SimpleData>
						<SimpleData name="layer">MANZANAS</SimpleData>
						<SimpleData name="olinetype">bylayer</SimpleData>
						<SimpleData name="linetype"></SimpleData>
						<SimpleData name="color">127,127,255,255</SimpleData>
						<SimpleData name="ocolor">256</SimpleData>
						<SimpleData name="color24">-1</SimpleData>
						<SimpleData name="transparen">0</SimpleData>
						<SimpleData name="lweight">-1</SimpleData>
						<SimpleData name="linewidth">0.15</SimpleData>
						<SimpleData name="ltscale">1</SimpleData>
						<SimpleData name="visible">1</SimpleData>
						<SimpleData name="width">0.2</SimpleData>
						<SimpleData name="thickness">0</SimpleData>
						<SimpleData name="ext">(3:0,0,0.1)</SimpleData>
					</SchemaData>
				</ExtendedData>
				<Polygon>
					<outerBoundaryIs>
						<LinearRing>
							<coordinates>
								-71.65385842076591,-16.31084817936669,0 -71.65363155850815,-16.3110626116575,0 -71.65317263119563,-16.31053322238761,0 -71.6534188268441,-16.31033611466804,0 -71.65385842076591,-16.31084817936669,0 
							</coordinates>
						</LinearRing>
					</outerBoundaryIs>
				</Polygon>
			</Placemark>
			<Placemark>
				<name>1.29.167-3</name>
				<styleUrl>#falseColor163900171002</styleUrl>
				<ExtendedData>
					<SchemaData schemaUrl="#S_yura_poligono_DSSSSDDDDS00201">
						<SimpleData name="fid">51700</SimpleData>
						<SimpleData name="handle">2984297</SimpleData>
						<SimpleData name="block">-1</SimpleData>
						<SimpleData name="etype">18</SimpleData>
						<SimpleData name="space">0</SimpleData>
						<SimpleData name="layer">MANZANAS</SimpleData>
						<SimpleData name="olinetype">bylayer</SimpleData>
						<SimpleData name="linetype"></SimpleData>
						<SimpleData name="color">127,127,255,255</SimpleData>
						<SimpleData name="ocolor">256</SimpleData>
						<SimpleData name="color24">-1</SimpleData>
						<SimpleData name="transparen">0</SimpleData>
						<SimpleData name="lweight">-1</SimpleData>
						<SimpleData name="linewidth">0.15</SimpleData>
						<SimpleData name="ltscale">1</SimpleData>
						<SimpleData name="visible">1</SimpleData>
						<SimpleData name="width">0.2</SimpleData>
						<SimpleData name="thickness">0</SimpleData>
						<SimpleData name="ext">(3:0,0,0.1)</SimpleData>
					</SchemaData>
				</ExtendedData>
				<Polygon>
					<outerBoundaryIs>
						<LinearRing>
							<coordinates>
								-71.65357106737923,-16.31113415172191,0 -71.65344237567977,-16.31125152394672,0 -71.65335114614645,-16.31135518567518,0 -71.6528552511499,-16.31078310977271,0 -71.65311474927975,-16.31058109644193,0 -71.65357106737923,-16.31113415172191,0 
							</coordinates>
						</LinearRing>
					</outerBoundaryIs>
				</Polygon>
			</Placemark>
			<Placemark>
				<name>1.29.167-4</name>
				<styleUrl>#falseColor163900171002</styleUrl>
				<ExtendedData>
					<SchemaData schemaUrl="#S_yura_poligono_DSSSSDDDDS00201">
						<SimpleData name="fid">51718</SimpleData>
						<SimpleData name="handle">2986356</SimpleData>
						<SimpleData name="block">-1</SimpleData>
						<SimpleData name="etype">18</SimpleData>
						<SimpleData name="space">0</SimpleData>
						<SimpleData name="layer">MANZANAS</SimpleData>
						<SimpleData name="olinetype">bylayer</SimpleData>
						<SimpleData name="linetype"></SimpleData>
						<SimpleData name="color">127,127,255,255</SimpleData>
						<SimpleData name="ocolor">256</SimpleData>
						<SimpleData name="color24">-1</SimpleData>
						<SimpleData name="transparen">0</SimpleData>
						<SimpleData name="lweight">-1</SimpleData>
						<SimpleData name="linewidth">0.15</SimpleData>
						<SimpleData name="ltscale">1</SimpleData>
						<SimpleData name="visible">1</SimpleData>
						<SimpleData name="width">0.2</SimpleData>
						<SimpleData name="thickness">0</SimpleData>
						<SimpleData name="ext">(3:0,0,0.1)</SimpleData>
					</SchemaData>
				</ExtendedData>
				<Polygon>
					<outerBoundaryIs>
						<LinearRing>
							<coordinates>
								-71.65271097447885,-16.31198801962378,0 -71.65245726330875,-16.31219786459643,0 -71.65189883660518,-16.31154721259839,0 -71.65216016324777,-16.3113494647531,0 -71.65271097447885,-16.31198801962378,0 
							</coordinates>
						</LinearRing>
					</outerBoundaryIs>
				</Polygon>
			</Placemark>
			<Placemark>
				<name>1.29.167-5</name>
				<styleUrl>#falseColor163900171002</styleUrl>
				<ExtendedData>
					<SchemaData schemaUrl="#S_yura_poligono_DSSSSDDDDS00201">
						<SimpleData name="fid">51719</SimpleData>
						<SimpleData name="handle">2986357</SimpleData>
						<SimpleData name="block">-1</SimpleData>
						<SimpleData name="etype">18</SimpleData>
						<SimpleData name="space">0</SimpleData>
						<SimpleData name="layer">MANZANAS</SimpleData>
						<SimpleData name="olinetype">bylayer</SimpleData>
						<SimpleData name="linetype"></SimpleData>
						<SimpleData name="color">127,127,255,255</SimpleData>
						<SimpleData name="ocolor">256</SimpleData>
						<SimpleData name="color24">-1</SimpleData>
						<SimpleData name="transparen">0</SimpleData>
						<SimpleData name="lweight">-1</SimpleData>
						<SimpleData name="linewidth">0.15</SimpleData>
						<SimpleData name="ltscale">1</SimpleData>
						<SimpleData name="visible">1</SimpleData>
						<SimpleData name="width">0.2</SimpleData>
						<SimpleData name="thickness">0</SimpleData>
						<SimpleData name="ext">(3:0,0,0.1)</SimpleData>
					</SchemaData>
				</ExtendedData>
				<Polygon>
					<outerBoundaryIs>
						<LinearRing>
							<coordinates>
								-71.65241045721139,-16.31224810237609,0 -71.6521631376188,-16.31250588738369,0 -71.65157917838785,-16.311795931123,0 -71.65183722496009,-16.31159927734079,0 -71.65241045721139,-16.31224810237609,0 
							</coordinates>
						</LinearRing>
					</outerBoundaryIs>
				</Polygon>
			</Placemark>
			<Placemark>
				<name>1.29.167-8</name>
				<styleUrl>#falseColor163900171002</styleUrl>
				<Polygon>
					<tessellate>1</tessellate>
					<outerBoundaryIs>
						<LinearRing>
							<coordinates>
								-71.65074880163833,-16.31258019388832,0 -71.65036757766889,-16.31132204522508,0 -71.65056580574716,-16.31127328731919,0 -71.65075949145627,-16.31165016867833,0 -71.65114717748723,-16.31204557321331,0 -71.65091283640592,-16.31221334208722,0 -71.65100268623016,-16.31260871455169,0 -71.65074880163833,-16.31258019388832,0 
							</coordinates>
						</LinearRing>
					</outerBoundaryIs>
				</Polygon>
			</Placemark>
			<Placemark>
				<name>1.29.167-11</name>
				<styleUrl>#falseColor163900171002</styleUrl>
				<ExtendedData>
					<SchemaData schemaUrl="#S_yura_poligono_DSSSSDDDDS00201">
						<SimpleData name="fid">51717</SimpleData>
						<SimpleData name="handle">2986355</SimpleData>
						<SimpleData name="block">-1</SimpleData>
						<SimpleData name="etype">18</SimpleData>
						<SimpleData name="space">0</SimpleData>
						<SimpleData name="layer">MANZANAS</SimpleData>
						<SimpleData name="olinetype">bylayer</SimpleData>
						<SimpleData name="linetype"></SimpleData>
						<SimpleData name="color">127,127,255,255</SimpleData>
						<SimpleData name="ocolor">256</SimpleData>
						<SimpleData name="color24">-1</SimpleData>
						<SimpleData name="transparen">0</SimpleData>
						<SimpleData name="lweight">-1</SimpleData>
						<SimpleData name="linewidth">0.15</SimpleData>
						<SimpleData name="ltscale">1</SimpleData>
						<SimpleData name="visible">1</SimpleData>
						<SimpleData name="width">0.2</SimpleData>
						<SimpleData name="thickness">0</SimpleData>
						<SimpleData name="ext">(3:0,0,0.1)</SimpleData>
					</SchemaData>
				</ExtendedData>
				<Polygon>
					<outerBoundaryIs>
						<LinearRing>
							<coordinates>
								-71.65211649880062,-16.3112894838645,0 -71.65185790935553,-16.31148591527518,0 -71.65126320870712,-16.31079768562502,0 -71.65150896108709,-16.31061476982763,0 -71.65211649880062,-16.3112894838645,0 
							</coordinates>
						</LinearRing>
					</outerBoundaryIs>
				</Polygon>
			</Placemark>
			<Placemark>
				<name>1.29.167-13</name>
				<styleUrl>#falseColor163900171002</styleUrl>
				<ExtendedData>
					<SchemaData schemaUrl="#S_yura_poligono_DSSSSDDDDS00201">
						<SimpleData name="fid">51713</SimpleData>
						<SimpleData name="handle">2986020</SimpleData>
						<SimpleData name="block">-1</SimpleData>
						<SimpleData name="etype">18</SimpleData>
						<SimpleData name="space">0</SimpleData>
						<SimpleData name="layer">MANZANAS</SimpleData>
						<SimpleData name="olinetype">bylayer</SimpleData>
						<SimpleData name="linetype"></SimpleData>
						<SimpleData name="color">127,127,255,255</SimpleData>
						<SimpleData name="ocolor">256</SimpleData>
						<SimpleData name="color24">-1</SimpleData>
						<SimpleData name="transparen">0</SimpleData>
						<SimpleData name="lweight">-1</SimpleData>
						<SimpleData name="linewidth">0.15</SimpleData>
						<SimpleData name="ltscale">1</SimpleData>
						<SimpleData name="visible">1</SimpleData>
						<SimpleData name="width">0.2</SimpleData>
						<SimpleData name="thickness">0</SimpleData>
						<SimpleData name="ext">(3:0,0,0.1)</SimpleData>
					</SchemaData>
				</ExtendedData>
				<Polygon>
					<outerBoundaryIs>
						<LinearRing>
							<coordinates>
								-71.6527321336354,-16.31078337626782,0 -71.65248890499153,-16.31098518074301,0 -71.65189327180107,-16.31028903086785,0 -71.65214454720896,-16.31008898922173,0 -71.6527321336354,-16.31078337626782,0 
							</coordinates>
						</LinearRing>
					</outerBoundaryIs>
				</Polygon>
			</Placemark>
			<Placemark>
				<name>1.29.167-15</name>
				<styleUrl>#falseColor163900171002</styleUrl>
				<ExtendedData>
					<SchemaData schemaUrl="#S_yura_poligono_DSSSSDDDDS00201">
						<SimpleData name="fid">51708</SimpleData>
						<SimpleData name="handle">2985405</SimpleData>
						<SimpleData name="block">-1</SimpleData>
						<SimpleData name="etype">18</SimpleData>
						<SimpleData name="space">0</SimpleData>
						<SimpleData name="layer">MANZANAS</SimpleData>
						<SimpleData name="olinetype">bylayer</SimpleData>
						<SimpleData name="linetype"></SimpleData>
						<SimpleData name="color">127,127,255,255</SimpleData>
						<SimpleData name="ocolor">256</SimpleData>
						<SimpleData name="color24">-1</SimpleData>
						<SimpleData name="transparen">0</SimpleData>
						<SimpleData name="lweight">-1</SimpleData>
						<SimpleData name="linewidth">0.15</SimpleData>
						<SimpleData name="ltscale">1</SimpleData>
						<SimpleData name="visible">1</SimpleData>
						<SimpleData name="width">0.2</SimpleData>
						<SimpleData name="thickness">0</SimpleData>
						<SimpleData name="ext">(3:0,0,0.1)</SimpleData>
					</SchemaData>
				</ExtendedData>
				<Polygon>
					<outerBoundaryIs>
						<LinearRing>
							<coordinates>
								-71.65337776911855,-16.31028716310355,0 -71.65311733212242,-16.31047520223379,0 -71.65253722924452,-16.30977720323252,0 -71.65277409382111,-16.30958297440536,0 -71.65337776911855,-16.31028716310355,0 
							</coordinates>
						</LinearRing>
					</outerBoundaryIs>
				</Polygon>
			</Placemark>
			<Placemark>
				<name>1.29.167-16</name>
				<styleUrl>#falseColor163900171002</styleUrl>
				<ExtendedData>
					<SchemaData schemaUrl="#S_yura_poligono_DSSSSDDDDS00201">
						<SimpleData name="fid">51707</SimpleData>
						<SimpleData name="handle">2985404</SimpleData>
						<SimpleData name="block">-1</SimpleData>
						<SimpleData name="etype">18</SimpleData>
						<SimpleData name="space">0</SimpleData>
						<SimpleData name="layer">MANZANAS</SimpleData>
						<SimpleData name="olinetype">bylayer</SimpleData>
						<SimpleData name="linetype"></SimpleData>
						<SimpleData name="color">127,127,255,255</SimpleData>
						<SimpleData name="ocolor">256</SimpleData>
						<SimpleData name="color24">-1</SimpleData>
						<SimpleData name="transparen">0</SimpleData>
						<SimpleData name="lweight">-1</SimpleData>
						<SimpleData name="linewidth">0.15</SimpleData>
						<SimpleData name="ltscale">1</SimpleData>
						<SimpleData name="visible">1</SimpleData>
						<SimpleData name="width">0.2</SimpleData>
						<SimpleData name="thickness">0</SimpleData>
						<SimpleData name="ext">(3:0,0,0.1)</SimpleData>
					</SchemaData>
				</ExtendedData>
				<Polygon>
					<outerBoundaryIs>
						<LinearRing>
							<coordinates>
								-71.65371525438948,-16.31000879506186,0 -71.65344401552146,-16.31022442578978,0 -71.65285118025227,-16.30952676219353,0 -71.65311294951026,-16.30932556378488,0 -71.65371525438948,-16.31000879506186,0 
							</coordinates>
						</LinearRing>
					</outerBoundaryIs>
				</Polygon>
			</Placemark>
			<Placemark>
				<name>1.29.168-3</name>
				<styleUrl>#falseColor163900171002</styleUrl>
				<ExtendedData>
					<SchemaData schemaUrl="#S_yura_poligono_DSSSSDDDDS00201">
						<SimpleData name="fid">52307</SimpleData>
						<SimpleData name="handle">2988556</SimpleData>
						<SimpleData name="block">-1</SimpleData>
						<SimpleData name="etype">18</SimpleData>
						<SimpleData name="space">0</SimpleData>
						<SimpleData name="layer">MANZANAS</SimpleData>
						<SimpleData name="olinetype">bylayer</SimpleData>
						<SimpleData name="linetype"></SimpleData>
						<SimpleData name="color">127,127,255,255</SimpleData>
						<SimpleData name="ocolor">256</SimpleData>
						<SimpleData name="color24">-1</SimpleData>
						<SimpleData name="transparen">0</SimpleData>
						<SimpleData name="lweight">-1</SimpleData>
						<SimpleData name="linewidth">0.15</SimpleData>
						<SimpleData name="ltscale">1</SimpleData>
						<SimpleData name="visible">1</SimpleData>
						<SimpleData name="width">0.2</SimpleData>
						<SimpleData name="thickness">0</SimpleData>
						<SimpleData name="ext">(3:0,0,0.1)</SimpleData>
					</SchemaData>
				</ExtendedData>
				<Polygon>
					<outerBoundaryIs>
						<LinearRing>
							<coordinates>
								-71.65115037948593,-16.30953585837632,0 -71.65087358095008,-16.30972927110633,0 -71.65028926659623,-16.30904389487456,0 -71.65055080154364,-16.30883018063147,0 -71.65115037948593,-16.30953585837632,0 
							</coordinates>
						</LinearRing>
					</outerBoundaryIs>
				</Polygon>
			</Placemark>
			<Placemark>
				<name>1.29.168-4</name>
				<styleUrl>#falseColor163900171002</styleUrl>
				<ExtendedData>
					<SchemaData schemaUrl="#S_yura_poligono_DSSSSDDDDS00201">
						<SimpleData name="fid">52312</SimpleData>
						<SimpleData name="handle">2988561</SimpleData>
						<SimpleData name="block">-1</SimpleData>
						<SimpleData name="etype">18</SimpleData>
						<SimpleData name="space">0</SimpleData>
						<SimpleData name="layer">MANZANAS</SimpleData>
						<SimpleData name="olinetype">bylayer</SimpleData>
						<SimpleData name="linetype"></SimpleData>
						<SimpleData name="color">127,127,255,255</SimpleData>
						<SimpleData name="ocolor">256</SimpleData>
						<SimpleData name="color24">-1</SimpleData>
						<SimpleData name="transparen">0</SimpleData>
						<SimpleData name="lweight">-1</SimpleData>
						<SimpleData name="linewidth">0.15</SimpleData>
						<SimpleData name="ltscale">1</SimpleData>
						<SimpleData name="visible">1</SimpleData>
						<SimpleData name="width">0.2</SimpleData>
						<SimpleData name="thickness">0</SimpleData>
						<SimpleData name="ext">(3:0,0,0.1)</SimpleData>
					</SchemaData>
				</ExtendedData>
				<Polygon>
					<outerBoundaryIs>
						<LinearRing>
							<coordinates>
								-71.65146390934122,-16.30928081243161,0 -71.65120474455345,-16.30948543665099,0 -71.65060006995134,-16.30878978503195,0 -71.65086223976823,-16.30859725080987,0 -71.65146390934122,-16.30928081243161,0 
							</coordinates>
						</LinearRing>
					</outerBoundaryIs>
				</Polygon>
			</Placemark>
			<Placemark>
				<name>1.29.168-5</name>
				<styleUrl>#falseColor163900171002</styleUrl>
				<ExtendedData>
					<SchemaData schemaUrl="#S_yura_poligono_DSSSSDDDDS00201">
						<SimpleData name="fid">51420</SimpleData>
						<SimpleData name="handle">2983668</SimpleData>
						<SimpleData name="block">-1</SimpleData>
						<SimpleData name="etype">18</SimpleData>
						<SimpleData name="space">0</SimpleData>
						<SimpleData name="layer">MANZANAS</SimpleData>
						<SimpleData name="olinetype">bylayer</SimpleData>
						<SimpleData name="linetype"></SimpleData>
						<SimpleData name="color">127,127,255,255</SimpleData>
						<SimpleData name="ocolor">256</SimpleData>
						<SimpleData name="color24">-1</SimpleData>
						<SimpleData name="transparen">0</SimpleData>
						<SimpleData name="lweight">-1</SimpleData>
						<SimpleData name="linewidth">0.15</SimpleData>
						<SimpleData name="ltscale">1</SimpleData>
						<SimpleData name="visible">1</SimpleData>
						<SimpleData name="width">0.2</SimpleData>
						<SimpleData name="thickness">0</SimpleData>
						<SimpleData name="ext">(3:0,0,0.1)</SimpleData>
					</SchemaData>
				</ExtendedData>
				<Polygon>
					<outerBoundaryIs>
						<LinearRing>
							<coordinates>
								-71.65177714627207,-16.30902942549607,0 -71.65152777727413,-16.3092404888154,0 -71.65093138478831,-16.30852645616978,0 -71.65117106792181,-16.30834093807076,0 -71.65177714627207,-16.30902942549607,0 
							</coordinates>
						</LinearRing>
					</outerBoundaryIs>
				</Polygon>
			</Placemark>
			<Placemark>
				<name>1.29.168-8</name>
				<styleUrl>#falseColor163900171002</styleUrl>
				<ExtendedData>
					<SchemaData schemaUrl="#S_yura_poligono_DSSSSDDDDS00201">
						<SimpleData name="fid">51381</SimpleData>
						<SimpleData name="handle">2983629</SimpleData>
						<SimpleData name="block">-1</SimpleData>
						<SimpleData name="etype">18</SimpleData>
						<SimpleData name="space">0</SimpleData>
						<SimpleData name="layer">MANZANAS</SimpleData>
						<SimpleData name="olinetype">bylayer</SimpleData>
						<SimpleData name="linetype"></SimpleData>
						<SimpleData name="color">127,127,255,255</SimpleData>
						<SimpleData name="ocolor">256</SimpleData>
						<SimpleData name="color24">-1</SimpleData>
						<SimpleData name="transparen">0</SimpleData>
						<SimpleData name="lweight">-1</SimpleData>
						<SimpleData name="linewidth">0.15</SimpleData>
						<SimpleData name="ltscale">1</SimpleData>
						<SimpleData name="visible">1</SimpleData>
						<SimpleData name="width">0.2</SimpleData>
						<SimpleData name="thickness">0</SimpleData>
						<SimpleData name="ext">(3:0,0,0.1)</SimpleData>
					</SchemaData>
				</ExtendedData>
				<Polygon>
					<outerBoundaryIs>
						<LinearRing>
							<coordinates>
								-71.65307636027339,-16.30927801939774,0 -71.6528100535005,-16.30949563241239,0 -71.65220548841815,-16.30877342422407,0 -71.65246697962728,-16.30857778626333,0 -71.65307636027339,-16.30927801939774,0 
							</coordinates>
						</LinearRing>
					</outerBoundaryIs>
				</Polygon>
			</Placemark>
			<Placemark>
				<name>1.29.168-9</name>
				<styleUrl>#falseColor163900171002</styleUrl>
				<ExtendedData>
					<SchemaData schemaUrl="#S_yura_poligono_DSSSSDDDDS00201">
						<SimpleData name="fid">51440</SimpleData>
						<SimpleData name="handle">2983688</SimpleData>
						<SimpleData name="block">-1</SimpleData>
						<SimpleData name="etype">18</SimpleData>
						<SimpleData name="space">0</SimpleData>
						<SimpleData name="layer">MANZANAS</SimpleData>
						<SimpleData name="olinetype">bylayer</SimpleData>
						<SimpleData name="linetype"></SimpleData>
						<SimpleData name="color">127,127,255,255</SimpleData>
						<SimpleData name="ocolor">256</SimpleData>
						<SimpleData name="color24">-1</SimpleData>
						<SimpleData name="transparen">0</SimpleData>
						<SimpleData name="lweight">-1</SimpleData>
						<SimpleData name="linewidth">0.15</SimpleData>
						<SimpleData name="ltscale">1</SimpleData>
						<SimpleData name="visible">1</SimpleData>
						<SimpleData name="width">0.2</SimpleData>
						<SimpleData name="thickness">0</SimpleData>
						<SimpleData name="ext">(3:0,0,0.1)</SimpleData>
					</SchemaData>
				</ExtendedData>
				<Polygon>
					<outerBoundaryIs>
						<LinearRing>
							<coordinates>
								-71.65274585116788,-16.30952422997061,0 -71.65249053514982,-16.30973586307662,0 -71.65189486157415,-16.30901639205714,0 -71.6521447886759,-16.30883848484956,0 -71.65274585116788,-16.30952422997061,0 
							</coordinates>
						</LinearRing>
					</outerBoundaryIs>
				</Polygon>
			</Placemark>
			<Placemark>
				<name>1.29.168-10</name>
				<styleUrl>#falseColor163900171002</styleUrl>
				<ExtendedData>
					<SchemaData schemaUrl="#S_yura_poligono_DSSSSDDDDS00201">
						<SimpleData name="fid">51702</SimpleData>
						<SimpleData name="handle">2984299</SimpleData>
						<SimpleData name="block">-1</SimpleData>
						<SimpleData name="etype">18</SimpleData>
						<SimpleData name="space">0</SimpleData>
						<SimpleData name="layer">MANZANAS</SimpleData>
						<SimpleData name="olinetype">bylayer</SimpleData>
						<SimpleData name="linetype"></SimpleData>
						<SimpleData name="color">127,127,255,255</SimpleData>
						<SimpleData name="ocolor">256</SimpleData>
						<SimpleData name="color24">-1</SimpleData>
						<SimpleData name="transparen">0</SimpleData>
						<SimpleData name="lweight">-1</SimpleData>
						<SimpleData name="linewidth">0.15</SimpleData>
						<SimpleData name="ltscale">1</SimpleData>
						<SimpleData name="visible">1</SimpleData>
						<SimpleData name="width">0.2</SimpleData>
						<SimpleData name="thickness">0</SimpleData>
						<SimpleData name="ext">(3:0,0,0.1)</SimpleData>
					</SchemaData>
				</ExtendedData>
				<Polygon>
					<outerBoundaryIs>
						<LinearRing>
							<coordinates>
								-71.65242443641037,-16.30979295327517,0 -71.65217017359029,-16.30998908801692,0 -71.65157583833953,-16.30928107732804,0 -71.65181923100856,-16.30908734840291,0 -71.65242443641037,-16.30979295327517,0 
							</coordinates>
						</LinearRing>
					</outerBoundaryIs>
				</Polygon>
			</Placemark>
			<Placemark>
				<name>1.29.168-11</name>
				<styleUrl>#falseColor163900171002</styleUrl>
				<ExtendedData>
					<SchemaData schemaUrl="#S_yura_poligono_DSSSSDDDDS00201">
						<SimpleData name="fid">52316</SimpleData>
						<SimpleData name="handle">2988565</SimpleData>
						<SimpleData name="block">-1</SimpleData>
						<SimpleData name="etype">18</SimpleData>
						<SimpleData name="space">0</SimpleData>
						<SimpleData name="layer">MANZANAS</SimpleData>
						<SimpleData name="olinetype">bylayer</SimpleData>
						<SimpleData name="linetype"></SimpleData>
						<SimpleData name="color">127,127,255,255</SimpleData>
						<SimpleData name="ocolor">256</SimpleData>
						<SimpleData name="color24">-1</SimpleData>
						<SimpleData name="transparen">0</SimpleData>
						<SimpleData name="lweight">-1</SimpleData>
						<SimpleData name="linewidth">0.15</SimpleData>
						<SimpleData name="ltscale">1</SimpleData>
						<SimpleData name="visible">1</SimpleData>
						<SimpleData name="width">0.2</SimpleData>
						<SimpleData name="thickness">0</SimpleData>
						<SimpleData name="ext">(3:0,0,0.1)</SimpleData>
					</SchemaData>
				</ExtendedData>
				<Polygon>
					<outerBoundaryIs>
						<LinearRing>
							<coordinates>
								-71.65210389919687,-16.3100435091229,0 -71.65185165391254,-16.31024113074771,0 -71.65125244574486,-16.30953005513798,0 -71.65150663465565,-16.30933340595224,0 -71.65210389919687,-16.3100435091229,0 
							</coordinates>
						</LinearRing>
					</outerBoundaryIs>
				</Polygon>
			</Placemark>
			<Placemark>
				<name>1.29.168-13</name>
				<styleUrl>#falseColor163900171002</styleUrl>
				<ExtendedData>
					<SchemaData schemaUrl="#S_yura_poligono_DSSSSDDDDS00201">
						<SimpleData name="fid">51714</SimpleData>
						<SimpleData name="handle">2986352</SimpleData>
						<SimpleData name="block">-1</SimpleData>
						<SimpleData name="etype">18</SimpleData>
						<SimpleData name="space">0</SimpleData>
						<SimpleData name="layer">MANZANAS</SimpleData>
						<SimpleData name="olinetype">bylayer</SimpleData>
						<SimpleData name="linetype"></SimpleData>
						<SimpleData name="color">127,127,255,255</SimpleData>
						<SimpleData name="ocolor">256</SimpleData>
						<SimpleData name="color24">-1</SimpleData>
						<SimpleData name="transparen">0</SimpleData>
						<SimpleData name="lweight">-1</SimpleData>
						<SimpleData name="linewidth">0.15</SimpleData>
						<SimpleData name="ltscale">1</SimpleData>
						<SimpleData name="visible">1</SimpleData>
						<SimpleData name="width">0.2</SimpleData>
						<SimpleData name="thickness">0</SimpleData>
						<SimpleData name="ext">(3:0,0,0.1)</SimpleData>
					</SchemaData>
				</ExtendedData>
				<Polygon>
					<outerBoundaryIs>
						<LinearRing>
							<coordinates>
								-71.65122053637367,-16.31075092365824,0 -71.65062644943565,-16.31004358342055,0 -71.65088286962961,-16.30982573111991,0 -71.65146636520799,-16.31054328146166,0 -71.65122053637367,-16.31075092365824,0 
							</coordinates>
						</LinearRing>
					</outerBoundaryIs>
				</Polygon>
			</Placemark>
			<Placemark>
				<name>1.29.169-2</name>
				<styleUrl>#falseColor163900171002</styleUrl>
				<Polygon>
					<tessellate>1</tessellate>
					<outerBoundaryIs>
						<LinearRing>
							<coordinates>
								-71.6508157104752,-16.30853115394657,0 -71.65056541057933,-16.30873614637114,0 -71.65018940689593,-16.30828782169655,0 -71.65030035990934,-16.30791915110131,0 -71.6508157104752,-16.30853115394657,0 
							</coordinates>
						</LinearRing>
					</outerBoundaryIs>
				</Polygon>
			</Placemark>
			<Placemark>
				<name>1.29.169-4</name>
				<styleUrl>#falseColor163900171002</styleUrl>
				<ExtendedData>
					<SchemaData schemaUrl="#S_yura_poligono_DSSSSDDDDS00201">
						<SimpleData name="fid">51860</SimpleData>
						<SimpleData name="handle">2987079</SimpleData>
						<SimpleData name="block">-1</SimpleData>
						<SimpleData name="etype">18</SimpleData>
						<SimpleData name="space">0</SimpleData>
						<SimpleData name="layer">MANZANAS</SimpleData>
						<SimpleData name="olinetype">bylayer</SimpleData>
						<SimpleData name="linetype"></SimpleData>
						<SimpleData name="color">127,127,255,255</SimpleData>
						<SimpleData name="ocolor">256</SimpleData>
						<SimpleData name="color24">-1</SimpleData>
						<SimpleData name="transparen">0</SimpleData>
						<SimpleData name="lweight">-1</SimpleData>
						<SimpleData name="linewidth">0.15</SimpleData>
						<SimpleData name="ltscale">1</SimpleData>
						<SimpleData name="visible">1</SimpleData>
						<SimpleData name="width">0.2</SimpleData>
						<SimpleData name="thickness">0</SimpleData>
						<SimpleData name="ext">(3:0,0,0.1)</SimpleData>
					</SchemaData>
				</ExtendedData>
				<Polygon>
					<outerBoundaryIs>
						<LinearRing>
							<coordinates>
								-71.65144598512791,-16.30802099175022,0 -71.65121308045171,-16.30822012793793,0 -71.65061067134208,-16.30752611581391,0 -71.65086611737202,-16.30732061340425,0 -71.65144598512791,-16.30802099175022,0 
							</coordinates>
						</LinearRing>
					</outerBoundaryIs>
				</Polygon>
			</Placemark>
			<Placemark>
				<name>1.29.169-5</name>
				<styleUrl>#falseColor163900171002</styleUrl>
				<ExtendedData>
					<SchemaData schemaUrl="#S_yura_poligono_DSSSSDDDDS00201">
						<SimpleData name="fid">51482</SimpleData>
						<SimpleData name="handle">2983730</SimpleData>
						<SimpleData name="block">-1</SimpleData>
						<SimpleData name="etype">18</SimpleData>
						<SimpleData name="space">0</SimpleData>
						<SimpleData name="layer">MANZANAS</SimpleData>
						<SimpleData name="olinetype">bylayer</SimpleData>
						<SimpleData name="linetype"></SimpleData>
						<SimpleData name="color">127,127,255,255</SimpleData>
						<SimpleData name="ocolor">256</SimpleData>
						<SimpleData name="color24">-1</SimpleData>
						<SimpleData name="transparen">0</SimpleData>
						<SimpleData name="lweight">-1</SimpleData>
						<SimpleData name="linewidth">0.15</SimpleData>
						<SimpleData name="ltscale">1</SimpleData>
						<SimpleData name="visible">1</SimpleData>
						<SimpleData name="width">0.2</SimpleData>
						<SimpleData name="thickness">0</SimpleData>
						<SimpleData name="ext">(3:0,0,0.1)</SimpleData>
					</SchemaData>
				</ExtendedData>
				<Polygon>
					<outerBoundaryIs>
						<LinearRing>
							<coordinates>
								-71.65177517250065,-16.30777151432575,0 -71.65152206226907,-16.30796537709594,0 -71.6509203733598,-16.30727424639214,0 -71.65117606991275,-16.30706739239184,0 -71.65177517250065,-16.30777151432575,0 
							</coordinates>
						</LinearRing>
					</outerBoundaryIs>
				</Polygon>
			</Placemark>
			<Placemark>
				<name>1.29.169-6</name>
				<styleUrl>#falseColor163900171002</styleUrl>
				<ExtendedData>
					<SchemaData schemaUrl="#S_yura_poligono_DSSSSDDDDS00201">
						<SimpleData name="fid">51486</SimpleData>
						<SimpleData name="handle">2983734</SimpleData>
						<SimpleData name="block">-1</SimpleData>
						<SimpleData name="etype">18</SimpleData>
						<SimpleData name="space">0</SimpleData>
						<SimpleData name="layer">MANZANAS</SimpleData>
						<SimpleData name="olinetype">bylayer</SimpleData>
						<SimpleData name="linetype"></SimpleData>
						<SimpleData name="color">127,127,255,255</SimpleData>
						<SimpleData name="ocolor">256</SimpleData>
						<SimpleData name="color24">-1</SimpleData>
						<SimpleData name="transparen">0</SimpleData>
						<SimpleData name="lweight">-1</SimpleData>
						<SimpleData name="linewidth">0.15</SimpleData>
						<SimpleData name="ltscale">1</SimpleData>
						<SimpleData name="visible">1</SimpleData>
						<SimpleData name="width">0.2</SimpleData>
						<SimpleData name="thickness">0</SimpleData>
						<SimpleData name="ext">(3:0,0,0.1)</SimpleData>
					</SchemaData>
				</ExtendedData>
				<Polygon>
					<outerBoundaryIs>
						<LinearRing>
							<coordinates>
								-71.65113488226385,-16.30701273034458,0 -71.65088390430107,-16.30721807939892,0 -71.65027630107232,-16.306508634553,0 -71.65054274607212,-16.30631710358374,0 -71.65113488226385,-16.30701273034458,0 
							</coordinates>
						</LinearRing>
					</outerBoundaryIs>
				</Polygon>
			</Placemark>
			<Placemark>
				<name>1.29.169-7</name>
				<styleUrl>#falseColor163900171002</styleUrl>
				<ExtendedData>
					<SchemaData schemaUrl="#S_yura_poligono_DSSSSDDDDS00201">
						<SimpleData name="fid">51703</SimpleData>
						<SimpleData name="handle">2985375</SimpleData>
						<SimpleData name="block">-1</SimpleData>
						<SimpleData name="etype">18</SimpleData>
						<SimpleData name="space">0</SimpleData>
						<SimpleData name="layer">MANZANAS</SimpleData>
						<SimpleData name="olinetype">bylayer</SimpleData>
						<SimpleData name="linetype"></SimpleData>
						<SimpleData name="color">127,127,255,255</SimpleData>
						<SimpleData name="ocolor">256</SimpleData>
						<SimpleData name="color24">-1</SimpleData>
						<SimpleData name="transparen">0</SimpleData>
						<SimpleData name="lweight">-1</SimpleData>
						<SimpleData name="linewidth">0.15</SimpleData>
						<SimpleData name="ltscale">1</SimpleData>
						<SimpleData name="visible">1</SimpleData>
						<SimpleData name="width">0.2</SimpleData>
						<SimpleData name="thickness">0</SimpleData>
						<SimpleData name="ext">(3:0,0,0.1)</SimpleData>
					</SchemaData>
				</ExtendedData>
				<Polygon>
					<outerBoundaryIs>
						<LinearRing>
							<coordinates>
								-71.65056947477194,-16.30747552676475,0 -71.6499784095098,-16.30675401372798,0 -71.65020846318367,-16.30658482841645,0 -71.65081568296478,-16.30728326632727,0 -71.65056947477194,-16.30747552676475,0 
							</coordinates>
						</LinearRing>
					</outerBoundaryIs>
				</Polygon>
			</Placemark>
			<Placemark>
				<name>1.29.169-8</name>
				<styleUrl>#falseColor163900171002</styleUrl>
				<ExtendedData>
					<SchemaData schemaUrl="#S_yura_poligono_DSSSSDDDDS00201">
						<SimpleData name="fid">51487</SimpleData>
						<SimpleData name="handle">2983735</SimpleData>
						<SimpleData name="block">-1</SimpleData>
						<SimpleData name="etype">18</SimpleData>
						<SimpleData name="space">0</SimpleData>
						<SimpleData name="layer">MANZANAS</SimpleData>
						<SimpleData name="olinetype">bylayer</SimpleData>
						<SimpleData name="linetype"></SimpleData>
						<SimpleData name="color">127,127,255,255</SimpleData>
						<SimpleData name="ocolor">256</SimpleData>
						<SimpleData name="color24">-1</SimpleData>
						<SimpleData name="transparen">0</SimpleData>
						<SimpleData name="lweight">-1</SimpleData>
						<SimpleData name="linewidth">0.15</SimpleData>
						<SimpleData name="ltscale">1</SimpleData>
						<SimpleData name="visible">1</SimpleData>
						<SimpleData name="width">0.2</SimpleData>
						<SimpleData name="thickness">0</SimpleData>
						<SimpleData name="ext">(3:0,0,0.1)</SimpleData>
					</SchemaData>
				</ExtendedData>
				<Polygon>
					<outerBoundaryIs>
						<LinearRing>
							<coordinates>
								-71.65049263884751,-16.30752464923378,0 -71.65024770494276,-16.30771298221309,0 -71.6498883630388,-16.30691273093037,0 -71.649955671604,-16.30687434078989,0 -71.65049263884751,-16.30752464923378,0 
							</coordinates>
						</LinearRing>
					</outerBoundaryIs>
				</Polygon>
			</Placemark>
			<Placemark>
				<name>1.29.169-10</name>
				<styleUrl>#falseColor163900171002</styleUrl>
				<ExtendedData>
					<SchemaData schemaUrl="#S_yura_poligono_DSSSSDDDDS00201">
						<SimpleData name="fid">51488</SimpleData>
						<SimpleData name="handle">2983736</SimpleData>
						<SimpleData name="block">-1</SimpleData>
						<SimpleData name="etype">18</SimpleData>
						<SimpleData name="space">0</SimpleData>
						<SimpleData name="layer">MANZANAS</SimpleData>
						<SimpleData name="olinetype">bylayer</SimpleData>
						<SimpleData name="linetype"></SimpleData>
						<SimpleData name="color">127,127,255,255</SimpleData>
						<SimpleData name="ocolor">256</SimpleData>
						<SimpleData name="color24">-1</SimpleData>
						<SimpleData name="transparen">0</SimpleData>
						<SimpleData name="lweight">-1</SimpleData>
						<SimpleData name="linewidth">0.15</SimpleData>
						<SimpleData name="ltscale">1</SimpleData>
						<SimpleData name="visible">1</SimpleData>
						<SimpleData name="width">0.2</SimpleData>
						<SimpleData name="thickness">0</SimpleData>
						<SimpleData name="ext">(3:0,0,0.1)</SimpleData>
					</SchemaData>
				</ExtendedData>
				<Polygon>
					<outerBoundaryIs>
						<LinearRing>
							<coordinates>
								-71.65048308797182,-16.30624350650634,0 -71.65023156597603,-16.3064599942303,0 -71.64963906878643,-16.30576306431377,0 -71.64988823799368,-16.30555904037222,0 -71.65048308797182,-16.30624350650634,0 
							</coordinates>
						</LinearRing>
					</outerBoundaryIs>
				</Polygon>
			</Placemark>
			<Placemark>
				<name>1.29.180-2</name>
				<styleUrl>#falseColor163900171002</styleUrl>
				<Polygon>
					<tessellate>1</tessellate>
					<outerBoundaryIs>
						<LinearRing>
							<coordinates>
								-71.63509081153178,-16.2860528988419,0 -71.63515161035352,-16.28650568997028,0 -71.63512897855999,-16.28658552579273,0 -71.63449911696659,-16.28664308008756,0 -71.63446531530349,-16.28612624679182,0 -71.63509081153178,-16.2860528988419,0 
							</coordinates>
						</LinearRing>
					</outerBoundaryIs>
				</Polygon>
			</Placemark>
			<Placemark>
				<name>1.29.180-7</name>
				<styleUrl>#falseColor163900171002</styleUrl>
				<Polygon>
					<tessellate>1</tessellate>
					<outerBoundaryIs>
						<LinearRing>
							<coordinates>
								-71.63427944869773,-16.28546830044377,0 -71.63433756616055,-16.28603989523608,0 -71.63381904318641,-16.28608902210656,0 -71.63375560266711,-16.28557267453068,0 -71.63375554622172,-16.28555918129224,0 -71.63427944869773,-16.28546830044377,0 
							</coordinates>
						</LinearRing>
					</outerBoundaryIs>
				</Polygon>
			</Placemark>
			<Placemark>
				<name>1.29.180-8</name>
				<styleUrl>#falseColor163900171002</styleUrl>
				<Polygon>
					<tessellate>1</tessellate>
					<outerBoundaryIs>
						<LinearRing>
							<coordinates>
								-71.63434829928271,-16.28615303005223,0 -71.63440029032695,-16.28663988091663,0 -71.63387248990723,-16.28670548810513,0 -71.63382589298932,-16.28618746601099,0 -71.63434829928271,-16.28615303005223,0 
							</coordinates>
						</LinearRing>
					</outerBoundaryIs>
				</Polygon>
			</Placemark>
			<Placemark>
				<name>1.29.180-14</name>
				<styleUrl>#falseColor163900171002</styleUrl>
				<Polygon>
					<tessellate>1</tessellate>
					<outerBoundaryIs>
						<LinearRing>
							<coordinates>
								-71.6330193615628,-16.28564383349766,0 -71.6331416896732,-16.28680307367127,0 -71.6326272588074,-16.28685790444709,0 -71.63252533543546,-16.28571629060703,0 -71.6330193615628,-16.28564383349766,0 
							</coordinates>
						</LinearRing>
					</outerBoundaryIs>
				</Polygon>
			</Placemark>
			<Placemark>
				<name>1.29.180-17</name>
				<styleUrl>#falseColor163900171002</styleUrl>
				<Polygon>
					<tessellate>1</tessellate>
					<outerBoundaryIs>
						<LinearRing>
							<coordinates>
								-71.63321042599355,-16.28386099371887,0 -71.63270168279166,-16.28405738042694,0 -71.63263093488673,-16.28388851047413,0 -71.63314125082395,-16.2836843464586,0 -71.63321042599355,-16.28386099371887,0 
							</coordinates>
						</LinearRing>
					</outerBoundaryIs>
				</Polygon>
			</Placemark>
			<Placemark>
				<name>1.29.180-18</name>
				<styleUrl>#falseColor163900171002</styleUrl>
				<Polygon>
					<tessellate>1</tessellate>
					<outerBoundaryIs>
						<LinearRing>
							<coordinates>
								-71.63295938958673,-16.28316758928387,0 -71.63311179034127,-16.28358413484211,0 -71.63267371888226,-16.28374965827389,0 -71.63259577465971,-16.28354070899291,0 -71.63258161885329,-16.28329935210311,0 -71.63295938958673,-16.28316758928387,0 
							</coordinates>
						</LinearRing>
					</outerBoundaryIs>
				</Polygon>
			</Placemark>
			<Placemark>
				<name>1.29.180-19</name>
				<styleUrl>#falseColor163900171002</styleUrl>
				<Polygon>
					<tessellate>1</tessellate>
					<outerBoundaryIs>
						<LinearRing>
							<coordinates>
								-71.63350999233971,-16.28298628720024,0 -71.63366001713555,-16.28341212016248,0 -71.63321647457434,-16.28357946502672,0 -71.63307233228744,-16.28313331737701,0 -71.63350999233971,-16.28298628720024,0 
							</coordinates>
						</LinearRing>
					</outerBoundaryIs>
				</Polygon>
			</Placemark>
			<Placemark>
				<name>1.29.180-20</name>
				<styleUrl>#falseColor163900171002</styleUrl>
				<Polygon>
					<tessellate>1</tessellate>
					<outerBoundaryIs>
						<LinearRing>
							<coordinates>
								-71.63406051040108,-16.2828105899015,0 -71.6342140632389,-16.28322535996393,0 -71.63376114432559,-16.28336823795526,0 -71.63361692080544,-16.28295989018273,0 -71.63406051040108,-16.2828105899015,0 
							</coordinates>
						</LinearRing>
					</outerBoundaryIs>
				</Polygon>
			</Placemark>
			<Placemark>
				<name>1.29.180-22</name>
				<styleUrl>#falseColor163900171002</styleUrl>
				<Polygon>
					<tessellate>1</tessellate>
					<outerBoundaryIs>
						<LinearRing>
							<coordinates>
								-71.63474920106658,-16.28303586141721,0 -71.63431367552731,-16.28319259111577,0 -71.63417106420432,-16.28277671045425,0 -71.63461110037882,-16.28261198048372,0 -71.63474920106658,-16.28303586141721,0 
							</coordinates>
						</LinearRing>
					</outerBoundaryIs>
				</Polygon>
			</Placemark>
			<Placemark>
				<name>1.29.180-23</name>
				<styleUrl>#falseColor163900171002</styleUrl>
				<Polygon>
					<tessellate>1</tessellate>
					<outerBoundaryIs>
						<LinearRing>
							<coordinates>
								-71.63519808658859,-16.28291277807751,0 -71.63484834636986,-16.28300378811996,0 -71.63469440078518,-16.28258159215193,0 -71.63530363022389,-16.28240473849536,0 -71.63534266712517,-16.2826033176766,0 -71.63512555705051,-16.28269059447425,0 -71.63519808658859,-16.28291277807751,0 
							</coordinates>
						</LinearRing>
					</outerBoundaryIs>
				</Polygon>
			</Placemark>
			<Placemark>
				<name>1.29.180-24</name>
				<styleUrl>#falseColor163900171002</styleUrl>
				<Polygon>
					<tessellate>1</tessellate>
					<outerBoundaryIs>
						<LinearRing>
							<coordinates>
								-71.63440407851529,-16.2820949208692,0 -71.63457710083716,-16.28250985875233,0 -71.63411842105197,-16.28266205943029,0 -71.63395678539074,-16.28223907324464,0 -71.63440407851529,-16.2820949208692,0 
							</coordinates>
						</LinearRing>
					</outerBoundaryIs>
				</Polygon>
			</Placemark>
			<Placemark>
				<name>1.29.180-25</name>
				<styleUrl>#falseColor163900171002</styleUrl>
				<Polygon>
					<tessellate>1</tessellate>
					<outerBoundaryIs>
						<LinearRing>
							<coordinates>
								-71.63384086757225,-16.28227445250148,0 -71.63402799896679,-16.28271086555979,0 -71.63357683816112,-16.28285455620918,0 -71.63343778994775,-16.28241644021534,0 -71.63384086757225,-16.28227445250148,0 
							</coordinates>
						</LinearRing>
					</outerBoundaryIs>
				</Polygon>
			</Placemark>
			<Placemark>
				<name>1.29.180-26</name>
				<styleUrl>#falseColor163900171002</styleUrl>
				<Polygon>
					<tessellate>1</tessellate>
					<outerBoundaryIs>
						<LinearRing>
							<coordinates>
								-71.63330839558522,-16.28244898411122,0 -71.63346154719149,-16.28287934791779,0 -71.63301474550782,-16.28303932284073,0 -71.63286434063495,-16.28258796461503,0 -71.63330839558522,-16.28244898411122,0 
							</coordinates>
						</LinearRing>
					</outerBoundaryIs>
				</Polygon>
			</Placemark>
			<Placemark>
				<name>1.29.180-27</name>
				<styleUrl>#falseColor163900171002</styleUrl>
				<Polygon>
					<tessellate>1</tessellate>
					<outerBoundaryIs>
						<LinearRing>
							<coordinates>
								-71.63276429982724,-16.28263930411269,0 -71.63291696944324,-16.28306224122729,0 -71.63266942573125,-16.28316692382055,0 -71.63253437217099,-16.28304890881591,0 -71.63240259987082,-16.28299536878195,0 -71.63232929679437,-16.28278491933234,0 -71.63276429982724,-16.28263930411269,0 
							</coordinates>
						</LinearRing>
					</outerBoundaryIs>
				</Polygon>
			</Placemark>
			<Placemark>
				<name>1.29.180-28</name>
				<styleUrl>#falseColor163900171002</styleUrl>
				<Polygon>
					<tessellate>1</tessellate>
					<outerBoundaryIs>
						<LinearRing>
							<coordinates>
								-71.63274339609161,-16.28254724209721,0 -71.63229193353928,-16.28269398246051,0 -71.63224970221418,-16.28258607696802,0 -71.63244992226053,-16.28240899708278,0 -71.63265201641809,-16.28232945466651,0 -71.63274339609161,-16.28254724209721,0 
							</coordinates>
						</LinearRing>
					</outerBoundaryIs>
				</Polygon>
			</Placemark>
			<Placemark>
				<name>1.29.180-29</name>
				<styleUrl>#falseColor163900171002</styleUrl>
				<Polygon>
					<tessellate>1</tessellate>
					<outerBoundaryIs>
						<LinearRing>
							<coordinates>
								-71.63258259563213,-16.28208819181239,0 -71.63264445376585,-16.28226928235038,0 -71.63246752667565,-16.28231585459695,0 -71.63243574794997,-16.28213852776756,0 -71.63258259563213,-16.28208819181239,0 
							</coordinates>
						</LinearRing>
					</outerBoundaryIs>
				</Polygon>
			</Placemark>
			<Placemark>
				<name>1.29.180-30</name>
				<styleUrl>#falseColor163900171002</styleUrl>
				<Polygon>
					<tessellate>1</tessellate>
					<outerBoundaryIs>
						<LinearRing>
							<coordinates>
								-71.63314666046266,-16.28193087270227,0 -71.63329333591538,-16.28235717084444,0 -71.63282391146437,-16.28250856127919,0 -71.63267484675256,-16.28207514697625,0 -71.63314666046266,-16.28193087270227,0 
							</coordinates>
						</LinearRing>
					</outerBoundaryIs>
				</Polygon>
			</Placemark>
			<Placemark>
				<name>1.29.180-31</name>
				<styleUrl>#falseColor163900171002</styleUrl>
				<Polygon>
					<tessellate>1</tessellate>
					<outerBoundaryIs>
						<LinearRing>
							<coordinates>
								-71.6336676970982,-16.28175243055664,0 -71.63383074466807,-16.28216009311052,0 -71.63338326582334,-16.28233164013253,0 -71.63323798554535,-16.28189129732403,0 -71.6336676970982,-16.28175243055664,0 
							</coordinates>
						</LinearRing>
					</outerBoundaryIs>
				</Polygon>
			</Placemark>
			<Placemark>
				<name>1.29.180-32</name>
				<styleUrl>#falseColor163900171002</styleUrl>
				<Polygon>
					<tessellate>1</tessellate>
					<outerBoundaryIs>
						<LinearRing>
							<coordinates>
								-71.63418121332346,-16.28156525980862,0 -71.6343778443045,-16.28198190928826,0 -71.6339344587246,-16.28215104523247,0 -71.6337824921837,-16.28170756883054,0 -71.63418121332346,-16.28156525980862,0 
							</coordinates>
						</LinearRing>
					</outerBoundaryIs>
				</Polygon>
			</Placemark>
			<Placemark>
				<name>1.29.180-33</name>
				<styleUrl>#falseColor163900171002</styleUrl>
				<Polygon>
					<tessellate>1</tessellate>
					<outerBoundaryIs>
						<LinearRing>
							<coordinates>
								-71.63364266022243,-16.2816431153497,0 -71.63319777685142,-16.28178619336169,0 -71.63303283735091,-16.2813527041432,0 -71.63349300595466,-16.28121497537291,0 -71.63364266022243,-16.2816431153497,0 
							</coordinates>
						</LinearRing>
					</outerBoundaryIs>
				</Polygon>
			</Placemark>
			<Placemark>
				<name>1.29.180-34</name>
				<styleUrl>#falseColor163900171002</styleUrl>
				<Polygon>
					<tessellate>1</tessellate>
					<outerBoundaryIs>
						<LinearRing>
							<coordinates>
								-71.63294091826229,-16.28139480613665,0 -71.63308664620777,-16.28181725868025,0 -71.63264100648767,-16.28196893093635,0 -71.632504362994,-16.28153996801448,0 -71.63294091826229,-16.28139480613665,0 
							</coordinates>
						</LinearRing>
					</outerBoundaryIs>
				</Polygon>
			</Placemark>
			<Placemark>
				<name>1.29.181-2</name>
				<styleUrl>#falseColor163900171002</styleUrl>
				<Polygon>
					<tessellate>1</tessellate>
					<outerBoundaryIs>
						<LinearRing>
							<coordinates>
								-71.64996808117482,-16.3082275806592,0 -71.64961986198095,-16.30841013212083,0 -71.64916949468835,-16.30753741058252,0 -71.64949809330557,-16.30738160606251,0 -71.64996808117482,-16.3082275806592,0 
							</coordinates>
						</LinearRing>
					</outerBoundaryIs>
				</Polygon>
			</Placemark>
			<Placemark>
				<name>1.29.181-3</name>
				<styleUrl>#falseColor163900171002</styleUrl>
				<Polygon>
					<tessellate>1</tessellate>
					<outerBoundaryIs>
						<LinearRing>
							<coordinates>
								-71.65028975814822,-16.30788245080412,0 -71.65021382755479,-16.30809571345617,0 -71.65002198708002,-16.30821101117652,0 -71.64957888322792,-16.30734555419308,0 -71.649906145461,-16.30717615122015,0 -71.65028975814822,-16.30788245080412,0 
							</coordinates>
						</LinearRing>
					</outerBoundaryIs>
				</Polygon>
			</Placemark>
			<Placemark>
				<name>1.29.181-4</name>
				<styleUrl>#falseColor163900171002</styleUrl>
				<Polygon>
					<tessellate>1</tessellate>
					<outerBoundaryIs>
						<LinearRing>
							<coordinates>
								-71.64952133995968,-16.30727303208532,0 -71.64909330764017,-16.30643498221806,0 -71.64942115263005,-16.30630548102094,0 -71.6498679322408,-16.30709439037306,0 -71.64952133995968,-16.30727303208532,0 
							</coordinates>
						</LinearRing>
					</outerBoundaryIs>
				</Polygon>
			</Placemark>
			<Placemark>
				<name>1.29.181-5</name>
				<styleUrl>#falseColor163900171002</styleUrl>
				<Polygon>
					<tessellate>1</tessellate>
					<outerBoundaryIs>
						<LinearRing>
							<coordinates>
								-71.64946431793426,-16.30730465328667,0 -71.64912895156243,-16.30747911852454,0 -71.64867462368902,-16.30663897113902,0 -71.64900835864371,-16.30648773153751,0 -71.64946431793426,-16.30730465328667,0 
							</coordinates>
						</LinearRing>
					</outerBoundaryIs>
				</Polygon>
			</Placemark>
			<Placemark>
				<name>1.29.181-6</name>
				<styleUrl>#falseColor163900171002</styleUrl>
				<Polygon>
					<tessellate>1</tessellate>
					<outerBoundaryIs>
						<LinearRing>
							<coordinates>
								-71.64897865319824,-16.30640553171017,0 -71.64864957718929,-16.30656026477803,0 -71.64818910785172,-16.30572931564044,0 -71.64852769417455,-16.30557576649566,0 -71.64897865319824,-16.30640553171017,0 
							</coordinates>
						</LinearRing>
					</outerBoundaryIs>
				</Polygon>
			</Placemark>
			<Placemark>
				<name>1.29.181-12</name>
				<styleUrl>#falseColor163900171002</styleUrl>
				<Polygon>
					<tessellate>1</tessellate>
					<outerBoundaryIs>
						<LinearRing>
							<coordinates>
								-71.64849128687236,-16.30549015160085,0 -71.64816238993485,-16.30566572710904,0 -71.647743618338,-16.30489785944029,0 -71.64807180490601,-16.30472299995635,0 -71.64849128687236,-16.30549015160085,0 
							</coordinates>
						</LinearRing>
					</outerBoundaryIs>
				</Polygon>
			</Placemark>
			<Placemark>
				<name>1.29.181-14</name>
				<styleUrl>#falseColor163900171002</styleUrl>
				<Polygon>
					<tessellate>1</tessellate>
					<outerBoundaryIs>
						<LinearRing>
							<coordinates>
								-71.64787047096674,-16.30579983539888,0 -71.64755546580324,-16.3059584585513,0 -71.64711219987694,-16.30512868025692,0 -71.64729800284574,-16.30506919948068,0 -71.64753532036565,-16.30515966121944,0 -71.64787047096674,-16.30579983539888,0 
							</coordinates>
						</LinearRing>
					</outerBoundaryIs>
				</Polygon>
			</Placemark>
			<Placemark>
				<name>1.29.181-15</name>
				<styleUrl>#falseColor163900171002</styleUrl>
				<Polygon>
					<tessellate>1</tessellate>
					<outerBoundaryIs>
						<LinearRing>
							<coordinates>
								-71.64747600154804,-16.30601128071607,0 -71.64714937538714,-16.30617158449914,0 -71.64670687023946,-16.30533630310493,0 -71.64703253002781,-16.30516434896477,0 -71.64747600154804,-16.30601128071607,0 
							</coordinates>
						</LinearRing>
					</outerBoundaryIs>
				</Polygon>
			</Placemark>
			<Placemark>
				<name>1.29.181-16</name>
				<styleUrl>#falseColor163900171002</styleUrl>
				<Polygon>
					<tessellate>1</tessellate>
					<outerBoundaryIs>
						<LinearRing>
							<coordinates>
								-71.64766295511333,-16.30706520277619,0 -71.64758650312476,-16.30703322236153,0 -71.64719235262993,-16.30623296656962,0 -71.64753807260632,-16.30607997985107,0 -71.64795785726214,-16.30690441679616,0 -71.64766295511333,-16.30706520277619,0 
							</coordinates>
						</LinearRing>
					</outerBoundaryIs>
				</Polygon>
			</Placemark>
			<Placemark>
				<name>1.29.181-17</name>
				<styleUrl>#falseColor163900171002</styleUrl>
				<Polygon>
					<tessellate>1</tessellate>
					<outerBoundaryIs>
						<LinearRing>
							<coordinates>
								-71.64837657523279,-16.30670732659263,0 -71.6480456057333,-16.30686125980891,0 -71.64760435492663,-16.30603656420591,0 -71.64791738985028,-16.30587794971519,0 -71.64837657523279,-16.30670732659263,0 
							</coordinates>
						</LinearRing>
					</outerBoundaryIs>
				</Polygon>
			</Placemark>
			<Placemark>
				<name>1.29.181-18</name>
				<styleUrl>#falseColor163900171002</styleUrl>
				<Polygon>
					<tessellate>1</tessellate>
					<outerBoundaryIs>
						<LinearRing>
							<coordinates>
								-71.64883930416714,-16.30763677281347,0 -71.64853168676129,-16.30779034995384,0 -71.64809007166407,-16.30693590887979,0 -71.64841031717532,-16.3067756022164,0 -71.64883930416714,-16.30763677281347,0 
							</coordinates>
						</LinearRing>
					</outerBoundaryIs>
				</Polygon>
			</Placemark>
			<Placemark>
				<name>1.29.181-19</name>
				<styleUrl>#falseColor163900171002</styleUrl>
				<Polygon>
					<tessellate>1</tessellate>
					<outerBoundaryIs>
						<LinearRing>
							<coordinates>
								-71.64844961553364,-16.30781123764346,0 -71.64809809072143,-16.30798962426049,0 -71.64767273562582,-16.30713415727335,0 -71.64799322652141,-16.3069896367418,0 -71.64844961553364,-16.30781123764346,0 
							</coordinates>
						</LinearRing>
					</outerBoundaryIs>
				</Polygon>
			</Placemark>
			<Placemark>
				<name>1.29.181-20</name>
				<styleUrl>#falseColor163900171002</styleUrl>
				<Polygon>
					<tessellate>1</tessellate>
					<outerBoundaryIs>
						<LinearRing>
							<coordinates>
								-71.64882311345772,-16.30854936043094,0 -71.64834390943069,-16.30840798508816,0 -71.64812451601323,-16.30805519698629,0 -71.64849960414223,-16.30787341028865,0 -71.64882311345772,-16.30854936043094,0 
							</coordinates>
						</LinearRing>
					</outerBoundaryIs>
				</Polygon>
			</Placemark>
			<Placemark>
				<name>1.29.181-21</name>
				<styleUrl>#falseColor163900171002</styleUrl>
				<Polygon>
					<tessellate>1</tessellate>
					<outerBoundaryIs>
						<LinearRing>
							<coordinates>
								-71.64942387476449,-16.30863024568142,0 -71.64940136994046,-16.30870969928846,0 -71.64891590725009,-16.3085739984818,0 -71.64856634247171,-16.30785926540883,0 -71.64891029405645,-16.30767861854959,0 -71.64942387476449,-16.30863024568142,0 
							</coordinates>
						</LinearRing>
					</outerBoundaryIs>
				</Polygon>
			</Placemark>
			<Placemark>
				<name>1.29.181-26</name>
				<styleUrl>#falseColor163900171002</styleUrl>
				<Polygon>
					<tessellate>1</tessellate>
					<outerBoundaryIs>
						<LinearRing>
							<coordinates>
								-71.64758573286785,-16.30812853948015,0 -71.64724939999211,-16.30802932627578,0 -71.64749063695548,-16.30728720157947,0 -71.64756997923682,-16.30723967340847,0 -71.64764952259499,-16.30726307635151,0 -71.6477637641422,-16.30764912761554,0 -71.64758573286785,-16.30812853948015,0 
							</coordinates>
						</LinearRing>
					</outerBoundaryIs>
				</Polygon>
			</Placemark>
			<Placemark>
				<name>1.29.181-35</name>
				<styleUrl>#falseColor163900171002</styleUrl>
				<Polygon>
					<tessellate>1</tessellate>
					<outerBoundaryIs>
						<LinearRing>
							<coordinates>
								-71.64583023245453,-16.30761618754365,0 -71.64544279496046,-16.30747306930571,0 -71.64574523457782,-16.30667970660667,0 -71.64613245939391,-16.30679206965949,0 -71.64583023245453,-16.30761618754365,0 
							</coordinates>
						</LinearRing>
					</outerBoundaryIs>
				</Polygon>
			</Placemark>
			<Placemark>
				<name>1.29.181-37</name>
				<styleUrl>#falseColor163900171002</styleUrl>
				<Polygon>
					<tessellate>1</tessellate>
					<outerBoundaryIs>
						<LinearRing>
							<coordinates>
								-71.64612946416695,-16.30670547888731,0 -71.64578206028693,-16.30659388271046,0 -71.64581053047475,-16.30652612122165,0 -71.64615386988717,-16.30661778902916,0 -71.64612946416695,-16.30670547888731,0 
							</coordinates>
						</LinearRing>
					</outerBoundaryIs>
				</Polygon>
			</Placemark>
			<Placemark>
				<name>1.29.181-39</name>
				<styleUrl>#falseColor163900171002</styleUrl>
				<Polygon>
					<tessellate>1</tessellate>
					<outerBoundaryIs>
						<LinearRing>
							<coordinates>
								-71.64667116266,-16.30655247936342,0 -71.6462991240129,-16.30643931017634,0 -71.64650842408808,-16.30580614969943,0 -71.64688388710522,-16.30591946792837,0 -71.64667116266,-16.30655247936342,0 
							</coordinates>
						</LinearRing>
					</outerBoundaryIs>
				</Polygon>
			</Placemark>
			<Placemark>
				<name>1.29.181-42</name>
				<styleUrl>#falseColor163900171002</styleUrl>
				<Polygon>
					<tessellate>1</tessellate>
					<outerBoundaryIs>
						<LinearRing>
							<coordinates>
								-71.64685462900604,-16.305831508319,0 -71.64638531417837,-16.30569994578554,0 -71.64608695954705,-16.30518437262095,0 -71.64642663198413,-16.30502260748548,0 -71.64685462900604,-16.305831508319,0 
							</coordinates>
						</LinearRing>
					</outerBoundaryIs>
				</Polygon>
			</Placemark>
			<Placemark>
				<name>1.29.183-1</name>
				<styleUrl>#falseColor163900171002</styleUrl>
				<Polygon>
					<tessellate>1</tessellate>
					<outerBoundaryIs>
						<LinearRing>
							<coordinates>
								-71.65053551733361,-16.3133411055036,0 -71.65013215041147,-16.31371981559089,0 -71.64982339176318,-16.31340232051597,0 -71.64953777060917,-16.31310190774135,0 -71.64925112358057,-16.31282097538882,0 -71.64960768153567,-16.31259122633146,0 -71.64976005550389,-16.31290782211782,0 -71.64993115948418,-16.31311477209983,0 -71.65008761950347,-16.31327705972135,0 -71.65026492590601,-16.31313159497791,0 -71.65053551733361,-16.3133411055036,0 
							</coordinates>
						</LinearRing>
					</outerBoundaryIs>
				</Polygon>
			</Placemark>
			<Placemark>
				<name>1.29.183-2</name>
				<styleUrl>#falseColor163900171002</styleUrl>
				<Polygon>
					<tessellate>1</tessellate>
					<outerBoundaryIs>
						<LinearRing>
							<coordinates>
								-71.65007548871245,-16.31376849097039,0 -71.64993815372276,-16.31388341698294,0 -71.649711983868,-16.31366636805213,0 -71.64943906180625,-16.31363999626967,0 -71.64887122760116,-16.31305443921343,0 -71.64918958684919,-16.31284796286868,0 -71.65007548871245,-16.31376849097039,0 
							</coordinates>
						</LinearRing>
					</outerBoundaryIs>
				</Polygon>
			</Placemark>
			<Placemark>
				<name>1.29.183-6</name>
				<styleUrl>#falseColor163900171002</styleUrl>
				<Polygon>
					<tessellate>1</tessellate>
					<outerBoundaryIs>
						<LinearRing>
							<coordinates>
								-71.65058909585203,-16.31468008793867,0 -71.65048471893968,-16.31461023719773,0 -71.65044925280043,-16.31453734162238,0 -71.6504207953449,-16.31447193391262,0 -71.65049216834495,-16.31449266689813,0 -71.65062419438614,-16.31450227542465,0 -71.65074335713177,-16.31451876446986,0 -71.65091577405286,-16.31454203507838,0 -71.65095314228898,-16.31531165964447,0 -71.65054556929915,-16.31528743890387,0 -71.65058909585203,-16.31468008793867,0 
							</coordinates>
						</LinearRing>
					</outerBoundaryIs>
				</Polygon>
			</Placemark>
			<Placemark>
				<name>1.29.183-7</name>
				<styleUrl>#falseColor163900171002</styleUrl>
				<Polygon>
					<tessellate>1</tessellate>
					<outerBoundaryIs>
						<LinearRing>
							<coordinates>
								-71.65095195992743,-16.31562582016037,0 -71.65090062946473,-16.31584327335802,0 -71.65084841156255,-16.31628228748234,0 -71.65086990907504,-16.31662304687145,0 -71.65047743072004,-16.31670040230254,0 -71.65051940452516,-16.31601756389768,0 -71.65054185360766,-16.31537818683516,0 -71.65094743887742,-16.31538703771048,0 -71.65095195992743,-16.31562582016037,0 
							</coordinates>
						</LinearRing>
					</outerBoundaryIs>
				</Polygon>
			</Placemark>
			<Placemark>
				<name>1.29.183-8</name>
				<styleUrl>#falseColor163900171002</styleUrl>
				<Polygon>
					<tessellate>1</tessellate>
					<outerBoundaryIs>
						<LinearRing>
							<coordinates>
								-71.65041565843104,-16.31672479518212,0 -71.64997829322363,-16.31681666902129,0 -71.64999087059644,-16.3160946554075,0 -71.65004440864529,-16.3153895701146,0 -71.65043509200669,-16.31540498698576,0 -71.65039963890602,-16.31585653188095,0 -71.65038736843995,-16.31640384904632,0 -71.65041565843104,-16.31672479518212,0 
							</coordinates>
						</LinearRing>
					</outerBoundaryIs>
				</Polygon>
			</Placemark>
			<Placemark>
				<name>1.29.183-11</name>
				<styleUrl>#falseColor163900171002</styleUrl>
				<Polygon>
					<tessellate>1</tessellate>
					<outerBoundaryIs>
						<LinearRing>
							<coordinates>
								-71.65078152465689,-16.31803902601516,0 -71.65039890696971,-16.31814651550371,0 -71.64999067823803,-16.31687723548254,0 -71.65042671794578,-16.31677575369179,0 -71.65044932855726,-16.31700593797228,0 -71.65078152465689,-16.31803902601516,0 
							</coordinates>
						</LinearRing>
					</outerBoundaryIs>
				</Polygon>
			</Placemark>
			<Placemark>
				<name>1.29.183-12</name>
				<styleUrl>#falseColor163900171002</styleUrl>
				<Polygon>
					<tessellate>1</tessellate>
					<outerBoundaryIs>
						<LinearRing>
							<coordinates>
								-71.65053967682674,-16.31697904660108,0 -71.65091112417841,-16.31688699928558,0 -71.65132109843211,-16.31791947925457,0 -71.65090515526933,-16.31801780458025,0 -71.65053967682674,-16.31697904660108,0 
							</coordinates>
						</LinearRing>
					</outerBoundaryIs>
				</Polygon>
			</Placemark>
			<Placemark>
				<name>1.29.183-14</name>
				<styleUrl>#falseColor163900171002</styleUrl>
				<Polygon>
					<tessellate>1</tessellate>
					<outerBoundaryIs>
						<LinearRing>
							<coordinates>
								-71.65158840968203,-16.31889992541051,0 -71.65149630033596,-16.31895079111578,0 -71.6514075215199,-16.31910696617437,0 -71.65128073685258,-16.31930214610076,0 -71.65094067618843,-16.318149265634,0 -71.65129931079878,-16.31807037865588,0 -71.65158840968203,-16.31889992541051,0 
							</coordinates>
						</LinearRing>
					</outerBoundaryIs>
				</Polygon>
			</Placemark>
			<Placemark>
				<name>1.29.183-15</name>
				<styleUrl>#falseColor163900171002</styleUrl>
				<Polygon>
					<tessellate>1</tessellate>
					<outerBoundaryIs>
						<LinearRing>
							<coordinates>
								-71.65099337239866,-16.31866420596252,0 -71.65118974483002,-16.31934372127903,0 -71.65093711428229,-16.31941716921495,0 -71.65062523407585,-16.31822200539646,0 -71.65082791974577,-16.31815801635512,0 -71.65099337239866,-16.31866420596252,0 
							</coordinates>
						</LinearRing>
					</outerBoundaryIs>
				</Polygon>
			</Placemark>
		</Folder>
		<Folder>
			<name>E</name>
			<Placemark>
				<name>1.29.21-1</name>
				<styleUrl>#falseColor163900600000</styleUrl>
				<Polygon>
					<tessellate>1</tessellate>
					<outerBoundaryIs>
						<LinearRing>
							<coordinates>
								-71.6343799729075,-16.29422650044523,0 -71.63527355111722,-16.2944704390365,0 -71.63534205035585,-16.29456898774959,0 -71.635088144153,-16.29482697933215,0 -71.63434132404596,-16.29463984376326,0 -71.6342782931367,-16.29430170053785,0 -71.6343799729075,-16.29422650044523,0 
							</coordinates>
						</LinearRing>
					</outerBoundaryIs>
				</Polygon>
			</Placemark>
			<Placemark>
				<name>1.29.21-2</name>
				<styleUrl>#falseColor163900600000</styleUrl>
				<Polygon>
					<tessellate>1</tessellate>
					<outerBoundaryIs>
						<LinearRing>
							<coordinates>
								-71.63447001454128,-16.29416681172135,0 -71.6349070335369,-16.29388380444723,0 -71.63519502275068,-16.29434600293331,0 -71.63447001454128,-16.29416681172135,0 
							</coordinates>
						</LinearRing>
					</outerBoundaryIs>
				</Polygon>
			</Placemark>
			<Placemark>
				<name>1.29.21-3</name>
				<styleUrl>#falseColor163900600000</styleUrl>
				<Polygon>
					<tessellate>1</tessellate>
					<outerBoundaryIs>
						<LinearRing>
							<coordinates>
								-71.63418423781253,-16.29380543921391,0 -71.63465641790528,-16.29350721046673,0 -71.63487106246238,-16.2938343935585,0 -71.63424084256577,-16.29421605082457,0 -71.63418423781253,-16.29380543921391,0 
							</coordinates>
						</LinearRing>
					</outerBoundaryIs>
				</Polygon>
			</Placemark>
			<Placemark>
				<name>1.29.21-4</name>
				<styleUrl>#falseColor163900600000</styleUrl>
				<Polygon>
					<tessellate>1</tessellate>
					<outerBoundaryIs>
						<LinearRing>
							<coordinates>
								-71.63427090896289,-16.2929017826799,0 -71.63461819526766,-16.29347445019021,0 -71.63419156612393,-16.29371405181978,0 -71.6339792556754,-16.29306054475014,0 -71.63427090896289,-16.2929017826799,0 
							</coordinates>
						</LinearRing>
					</outerBoundaryIs>
				</Polygon>
			</Placemark>
			<Placemark>
				<name>1.29.21-5</name>
				<styleUrl>#falseColor163900600000</styleUrl>
				<Polygon>
					<tessellate>1</tessellate>
					<outerBoundaryIs>
						<LinearRing>
							<coordinates>
								-71.63432185032991,-16.29285502600774,0 -71.63467845875769,-16.29265027423852,0 -71.63528199248097,-16.29359025200597,0 -71.63493831077243,-16.29378884012692,0 -71.63432185032991,-16.29285502600774,0 
							</coordinates>
						</LinearRing>
					</outerBoundaryIs>
				</Polygon>
			</Placemark>
			<Placemark>
				<name>1.29.21-6</name>
				<styleUrl>#falseColor163900600000</styleUrl>
				<Polygon>
					<tessellate>1</tessellate>
					<outerBoundaryIs>
						<LinearRing>
							<coordinates>
								-71.63499090752511,-16.29385293947535,0 -71.63532891094437,-16.29364238849353,0 -71.6356862698994,-16.29420890409987,0 -71.6353993769564,-16.29449658792915,0 -71.63499090752511,-16.29385293947535,0 
							</coordinates>
						</LinearRing>
					</outerBoundaryIs>
				</Polygon>
			</Placemark>
			<Placemark>
				<name>1.29.21-7</name>
				<styleUrl>#falseColor163900600000</styleUrl>
				<Polygon>
					<tessellate>1</tessellate>
					<outerBoundaryIs>
						<LinearRing>
							<coordinates>
								-71.63536879240482,-16.29360035210675,0 -71.63571134313997,-16.29341690958345,0 -71.63602126011553,-16.29387500107449,0 -71.63573496981482,-16.29416442204599,0 -71.63536879240482,-16.29360035210675,0 
							</coordinates>
						</LinearRing>
					</outerBoundaryIs>
				</Polygon>
			</Placemark>
			<Placemark>
				<name>1.29.21-8</name>
				<LookAt>
					<longitude>-71.63476521712496</longitude>
					<latitude>-16.29320919424027</latitude>
					<altitude>0</altitude>
					<heading>0.001683959278925827</heading>
					<tilt>30.00160850374457</tilt>
					<range>357.878508253725</range>
					<gx:altitudeMode>relativeToSeaFloor</gx:altitudeMode>
				</LookAt>
				<styleUrl>#falseColor163900600000</styleUrl>
				<Polygon>
					<tessellate>1</tessellate>
					<outerBoundaryIs>
						<LinearRing>
							<coordinates>
								-71.63533118539418,-16.29354612347339,0 -71.63472133872531,-16.2926235497366,0 -71.6350815540027,-16.29241406436325,0 -71.63567729919677,-16.29334643758189,0 -71.63533118539418,-16.29354612347339,0 
							</coordinates>
						</LinearRing>
					</outerBoundaryIs>
				</Polygon>
			</Placemark>
			<Placemark>
				<name>1.29.21-9</name>
				<styleUrl>#falseColor163900600000</styleUrl>
				<Polygon>
					<tessellate>1</tessellate>
					<outerBoundaryIs>
						<LinearRing>
							<coordinates>
								-71.6358894998785,-16.29293949845477,0 -71.6363429529933,-16.29267292098607,0 -71.63646990945533,-16.29284751274338,0 -71.63593320540437,-16.29318139967547,0 -71.6358894998785,-16.29293949845477,0 
							</coordinates>
						</LinearRing>
					</outerBoundaryIs>
				</Polygon>
			</Placemark>
			<Placemark>
				<name>1.29.21-10</name>
				<styleUrl>#falseColor163900600000</styleUrl>
				<Polygon>
					<tessellate>1</tessellate>
					<outerBoundaryIs>
						<LinearRing>
							<coordinates>
								-71.63609694982159,-16.2921792684882,0 -71.63620721607826,-16.29209991533108,0 -71.63676263483856,-16.29263631859468,0 -71.63649892041522,-16.29279624907142,0 -71.63609694982159,-16.2921792684882,0 
							</coordinates>
						</LinearRing>
					</outerBoundaryIs>
				</Polygon>
			</Placemark>
			<Placemark>
				<name>1.29.21-11</name>
				<styleUrl>#falseColor163900600000</styleUrl>
				<Polygon>
					<tessellate>1</tessellate>
					<outerBoundaryIs>
						<LinearRing>
							<coordinates>
								-71.63694314313631,-16.29259321959063,0 -71.63727203526476,-16.29284689282496,0 -71.63659398155846,-16.29327957574726,0 -71.63637660507402,-16.29295125250186,0 -71.63694314313631,-16.29259321959063,0 
							</coordinates>
						</LinearRing>
					</outerBoundaryIs>
				</Polygon>
			</Placemark>
			<Placemark>
				<name>1.29.21-12</name>
				<styleUrl>#falseColor163900600000</styleUrl>
				<Polygon>
					<tessellate>1</tessellate>
					<outerBoundaryIs>
						<LinearRing>
							<coordinates>
								-71.636318953987,-16.29298288023895,0 -71.63654082523161,-16.29330585237837,0 -71.63601501899579,-16.29364235152039,0 -71.63594588819571,-16.29323263643177,0 -71.636318953987,-16.29298288023895,0 
							</coordinates>
						</LinearRing>
					</outerBoundaryIs>
				</Polygon>
			</Placemark>
			<Placemark>
				<name>1.29.21-13</name>
				<styleUrl>#falseColor163900600000</styleUrl>
				<Polygon>
					<tessellate>1</tessellate>
					<outerBoundaryIs>
						<LinearRing>
							<coordinates>
								-71.63677842144676,-16.29366950641973,0 -71.6362944887676,-16.29397767744491,0 -71.63609521971581,-16.29368063808623,0 -71.63658307208094,-16.29336030528143,0 -71.63677842144676,-16.29366950641973,0 
							</coordinates>
						</LinearRing>
					</outerBoundaryIs>
				</Polygon>
			</Placemark>
			<Placemark>
				<name>1.29.21-14</name>
				<styleUrl>#falseColor163900600000</styleUrl>
				<Polygon>
					<tessellate>1</tessellate>
					<outerBoundaryIs>
						<LinearRing>
							<coordinates>
								-71.63664118299458,-16.29332763887399,0 -71.6369885006072,-16.29312470051014,0 -71.63718053290405,-16.29343092802403,0 -71.63683228487363,-16.29364111238034,0 -71.63664118299458,-16.29332763887399,0 
							</coordinates>
						</LinearRing>
					</outerBoundaryIs>
				</Polygon>
			</Placemark>
			<Placemark>
				<name>1.29.21-15</name>
				<styleUrl>#falseColor163900600000</styleUrl>
				<Polygon>
					<tessellate>1</tessellate>
					<outerBoundaryIs>
						<LinearRing>
							<coordinates>
								-71.63703758756708,-16.29308527529068,0 -71.63734971247914,-16.29289174203867,0 -71.63770805465667,-16.29317976858394,0 -71.63723321463847,-16.29338089173893,0 -71.63703758756708,-16.29308527529068,0 
							</coordinates>
						</LinearRing>
					</outerBoundaryIs>
				</Polygon>
			</Placemark>
			<Placemark>
				<name>1.29.21-17</name>
				<styleUrl>#falseColor163900600000</styleUrl>
				<Polygon>
					<tessellate>1</tessellate>
					<outerBoundaryIs>
						<LinearRing>
							<coordinates>
								-71.63807589132026,-16.2934685564158,0 -71.63845009781664,-16.29368651586197,0 -71.63824881257698,-16.29382771429774,0 -71.63784879400245,-16.29347104346005,0 -71.63807589132026,-16.2934685564158,0 
							</coordinates>
						</LinearRing>
					</outerBoundaryIs>
				</Polygon>
			</Placemark>
			<Placemark>
				<name>1.29.21-18</name>
				<styleUrl>#falseColor163900600000</styleUrl>
				<Polygon>
					<tessellate>1</tessellate>
					<outerBoundaryIs>
						<LinearRing>
							<coordinates>
								-71.63755976344541,-16.29351564175868,0 -71.63776879332251,-16.29345866188679,0 -71.63821010304244,-16.29383762402605,0 -71.63786688606682,-16.29406304609003,0 -71.63736105756828,-16.29360482191984,0 -71.63755976344541,-16.29351564175868,0 
							</coordinates>
						</LinearRing>
					</outerBoundaryIs>
				</Polygon>
			</Placemark>
			<Placemark>
				<name>1.29.21-19</name>
				<styleUrl>#falseColor163900600000</styleUrl>
				<Polygon>
					<tessellate>1</tessellate>
					<outerBoundaryIs>
						<LinearRing>
							<coordinates>
								-71.63782043480064,-16.29407543304001,0 -71.6376268966866,-16.29431818757943,0 -71.63697397198592,-16.29388969231079,0 -71.63729396104421,-16.29361225560545,0 -71.63782043480064,-16.29407543304001,0 
							</coordinates>
						</LinearRing>
					</outerBoundaryIs>
				</Polygon>
			</Placemark>
			<Placemark>
				<name>1.29.21-20</name>
				<styleUrl>#falseColor163900600000</styleUrl>
				<Polygon>
					<tessellate>1</tessellate>
					<outerBoundaryIs>
						<LinearRing>
							<coordinates>
								-71.63760883394629,-16.29435038854251,0 -71.63728627233864,-16.29484332529134,0 -71.63712919296056,-16.29500279015588,0 -71.63698428292281,-16.29459790753588,0 -71.63725143554709,-16.29412948589329,0 -71.63760883394629,-16.29435038854251,0 
							</coordinates>
						</LinearRing>
					</outerBoundaryIs>
				</Polygon>
			</Placemark>
			<Placemark>
				<name>1.29.21-21</name>
				<styleUrl>#falseColor163900600000</styleUrl>
				<Polygon>
					<tessellate>1</tessellate>
					<outerBoundaryIs>
						<LinearRing>
							<coordinates>
								-71.63695077387503,-16.29455352939011,0 -71.63660753065355,-16.29416960724157,0 -71.63695590911244,-16.29392932502623,0 -71.63721914358997,-16.29411261278474,0 -71.63695077387503,-16.29455352939011,0 
							</coordinates>
						</LinearRing>
					</outerBoundaryIs>
				</Polygon>
			</Placemark>
			<Placemark>
				<name>1.29.21-22</name>
				<styleUrl>#falseColor163900600000</styleUrl>
				<Polygon>
					<tessellate>1</tessellate>
					<outerBoundaryIs>
						<LinearRing>
							<coordinates>
								-71.636151602735,-16.29446925364048,0 -71.63640856857823,-16.29427071026181,0 -71.6366709976144,-16.29459536326453,0 -71.63676180636989,-16.2947117898066,0 -71.63683251043636,-16.29508389219479,0 -71.63657364875523,-16.29515121667643,0 -71.636151602735,-16.29446925364048,0 
							</coordinates>
						</LinearRing>
					</outerBoundaryIs>
				</Polygon>
			</Placemark>
			<Placemark>
				<name>1.29.21-23</name>
				<styleUrl>#falseColor163900600000</styleUrl>
				<Polygon>
					<tessellate>1</tessellate>
					<outerBoundaryIs>
						<LinearRing>
							<coordinates>
								-71.63651701307384,-16.29515404814456,0 -71.63552138878558,-16.29495487094723,0 -71.63609641269956,-16.29450826097112,0 -71.63651701307384,-16.29515404814456,0 
							</coordinates>
						</LinearRing>
					</outerBoundaryIs>
				</Polygon>
			</Placemark>
			<Placemark>
				<name>1.29.21-25</name>
				<styleUrl>#falseColor163900600000</styleUrl>
				<Polygon>
					<tessellate>1</tessellate>
					<outerBoundaryIs>
						<LinearRing>
							<coordinates>
								-71.63690147719699,-16.2925345589702,0 -71.63630652248935,-16.29206767187226,0 -71.63649606185977,-16.29194300729759,0 -71.63713581796345,-16.29232247186109,0 -71.63690147719699,-16.2925345589702,0 
							</coordinates>
						</LinearRing>
					</outerBoundaryIs>
				</Polygon>
			</Placemark>
			<Placemark>
				<name>1.29.21-26</name>
				<styleUrl>#falseColor163900600000</styleUrl>
				<Polygon>
					<tessellate>1</tessellate>
					<outerBoundaryIs>
						<LinearRing>
							<coordinates>
								-71.63753606865598,-16.29259312659684,0 -71.63732003673968,-16.29281320347083,0 -71.63699355446175,-16.29256439960182,0 -71.63722838983911,-16.29237092834718,0 -71.63753606865598,-16.29259312659684,0 
							</coordinates>
						</LinearRing>
					</outerBoundaryIs>
				</Polygon>
			</Placemark>
			<Placemark>
				<name>1.29.22-1</name>
				<styleUrl>#falseColor163900600000</styleUrl>
				<Polygon>
					<tessellate>1</tessellate>
					<outerBoundaryIs>
						<LinearRing>
							<coordinates>
								-71.6311424159634,-16.2944236761777,0 -71.63169311648588,-16.29393807444295,0 -71.63181120331463,-16.2940688613348,0 -71.63185484217213,-16.29439291935012,0 -71.6311424159634,-16.2944236761777,0 
							</coordinates>
						</LinearRing>
					</outerBoundaryIs>
				</Polygon>
			</Placemark>
			<Placemark>
				<name>1.29.22-2</name>
				<styleUrl>#falseColor163900600000</styleUrl>
				<Polygon>
					<tessellate>1</tessellate>
					<outerBoundaryIs>
						<LinearRing>
							<coordinates>
								-71.63176576659927,-16.2938703089879,0 -71.63220276750536,-16.29350575088556,0 -71.63245052340679,-16.29376136392331,0 -71.63253588504242,-16.29428276811909,0 -71.63191085160292,-16.29436187360444,0 -71.63187816456153,-16.29400024004591,0 -71.63176576659927,-16.2938703089879,0 
							</coordinates>
						</LinearRing>
					</outerBoundaryIs>
				</Polygon>
			</Placemark>
			<Placemark>
				<name>1.29.22-3</name>
				<styleUrl>#falseColor163900600000</styleUrl>
				<Polygon>
					<tessellate>1</tessellate>
					<outerBoundaryIs>
						<LinearRing>
							<coordinates>
								-71.6327544601277,-16.29301704420674,0 -71.63310546516723,-16.29338317443131,0 -71.63314383880413,-16.29360953989202,0 -71.63325209245072,-16.29431216300399,0 -71.63264940350265,-16.29428325582633,0 -71.63256151243215,-16.29372396229029,0 -71.63250296313892,-16.29360627719728,0 -71.6323057022331,-16.29342387114272,0 -71.6327544601277,-16.29301704420674,0 
							</coordinates>
						</LinearRing>
					</outerBoundaryIs>
				</Polygon>
			</Placemark>
			<Placemark>
				<name>1.29.22-4</name>
				<styleUrl>#falseColor163900600000</styleUrl>
				<Polygon>
					<tessellate>1</tessellate>
					<outerBoundaryIs>
						<LinearRing>
							<coordinates>
								-71.63330421174281,-16.29349577823313,0 -71.63361125520409,-16.29331220079986,0 -71.63387082077965,-16.29453063042751,0 -71.63343040274353,-16.29444746602853,0 -71.63330421174281,-16.29349577823313,0 
							</coordinates>
						</LinearRing>
					</outerBoundaryIs>
				</Polygon>
			</Placemark>
			<Placemark>
				<name>1.29.22-5</name>
				<styleUrl>#falseColor163900600000</styleUrl>
				<Polygon>
					<tessellate>1</tessellate>
					<outerBoundaryIs>
						<LinearRing>
							<coordinates>
								-71.63365866878166,-16.29326109606639,0 -71.63394982165792,-16.2930906361761,0 -71.63413565867452,-16.29376033198569,0 -71.63426264438145,-16.29460365882747,0 -71.63391416814736,-16.29451817780678,0 -71.63365866878166,-16.29326109606639,0 
							</coordinates>
						</LinearRing>
					</outerBoundaryIs>
				</Polygon>
			</Placemark>
			<Placemark>
				<name>1.29.22-6</name>
				<styleUrl>#falseColor163900600000</styleUrl>
				<Polygon>
					<tessellate>1</tessellate>
					<outerBoundaryIs>
						<LinearRing>
							<coordinates>
								-71.63359698375888,-16.29226780986295,0 -71.63411219844858,-16.29283561996473,0 -71.63330995501551,-16.2933763180977,0 -71.63288412646912,-16.29289617183285,0 -71.63359698375888,-16.29226780986295,0 
							</coordinates>
						</LinearRing>
					</outerBoundaryIs>
				</Polygon>
			</Placemark>
			<Placemark>
				<name>1.29.22-8</name>
				<styleUrl>#falseColor163900600000</styleUrl>
				<Polygon>
					<tessellate>1</tessellate>
					<outerBoundaryIs>
						<LinearRing>
							<coordinates>
								-71.63509463188818,-16.29163331854189,0 -71.63527238784873,-16.29215670949049,0 -71.63442244128434,-16.2926472765432,0 -71.63420090826388,-16.29196426015023,0 -71.63509463188818,-16.29163331854189,0 
							</coordinates>
						</LinearRing>
					</outerBoundaryIs>
				</Polygon>
			</Placemark>
			<Placemark>
				<name>1.29.22-9</name>
				<styleUrl>#falseColor163900600000</styleUrl>
				<Polygon>
					<tessellate>1</tessellate>
					<outerBoundaryIs>
						<LinearRing>
							<coordinates>
								-71.63579410198557,-16.29196993286858,0 -71.63541138647753,-16.29212117527369,0 -71.63522866632762,-16.2915881064493,0 -71.63561254586077,-16.29145235234603,0 -71.63579410198557,-16.29196993286858,0 
							</coordinates>
						</LinearRing>
					</outerBoundaryIs>
				</Polygon>
			</Placemark>
			<Placemark>
				<name>1.29.22-10</name>
				<styleUrl>#falseColor163900600000</styleUrl>
				<Polygon>
					<tessellate>1</tessellate>
					<outerBoundaryIs>
						<LinearRing>
							<coordinates>
								-71.63578546518347,-16.29125055476828,0 -71.63616998842626,-16.29205955144786,0 -71.63577530196189,-16.2922833760116,0 -71.63574226731538,-16.29203304230722,0 -71.63583718325087,-16.29196124193386,0 -71.63558539997011,-16.29131682725258,0 -71.63578546518347,-16.29125055476828,0 
							</coordinates>
						</LinearRing>
					</outerBoundaryIs>
				</Polygon>
			</Placemark>
			<Placemark>
				<name>1.29.22-11</name>
				<styleUrl>#falseColor163900600000</styleUrl>
				<Polygon>
					<tessellate>1</tessellate>
					<outerBoundaryIs>
						<LinearRing>
							<coordinates>
								-71.63533889495392,-16.29068370490846,0 -71.63559856727248,-16.29062144236422,0 -71.63567643979447,-16.29079993564018,0 -71.63540946065815,-16.29087434207312,0 -71.63533889495392,-16.29068370490846,0 
							</coordinates>
						</LinearRing>
					</outerBoundaryIs>
				</Polygon>
			</Placemark>
			<Placemark>
				<name>1.29.22-12</name>
				<styleUrl>#falseColor163900600000</styleUrl>
				<Polygon>
					<tessellate>1</tessellate>
					<outerBoundaryIs>
						<LinearRing>
							<coordinates>
								-71.63525214496437,-16.29033721620564,0 -71.63547323064516,-16.29026538316725,0 -71.6355775518166,-16.290583975248,0 -71.63536781852237,-16.29063903456196,0 -71.63525214496437,-16.29033721620564,0 
							</coordinates>
						</LinearRing>
					</outerBoundaryIs>
				</Polygon>
			</Placemark>
			<Placemark>
				<name>1.29.22-13</name>
				<styleUrl>#falseColor163900600000</styleUrl>
				<Polygon>
					<tessellate>1</tessellate>
					<outerBoundaryIs>
						<LinearRing>
							<coordinates>
								-71.63540244404001,-16.29089431360611,0 -71.63501849999906,-16.29102439208249,0 -71.63481717031827,-16.29046859802531,0 -71.63516517285244,-16.2903531258535,0 -71.63540244404001,-16.29089431360611,0 
							</coordinates>
						</LinearRing>
					</outerBoundaryIs>
				</Polygon>
			</Placemark>
			<Placemark>
				<name>1.29.22-16</name>
				<styleUrl>#falseColor163900600000</styleUrl>
				<Polygon>
					<tessellate>1</tessellate>
					<outerBoundaryIs>
						<LinearRing>
							<coordinates>
								-71.63354328667596,-16.29021895862176,0 -71.63443656494374,-16.28988995071647,0 -71.63465985283288,-16.29045345294086,0 -71.63373277528035,-16.29077396843109,0 -71.63354328667596,-16.29021895862176,0 
							</coordinates>
						</LinearRing>
					</outerBoundaryIs>
				</Polygon>
			</Placemark>
			<Placemark>
				<name>1.29.22-17</name>
				<styleUrl>#falseColor163900600000</styleUrl>
				<Polygon>
					<tessellate>1</tessellate>
					<outerBoundaryIs>
						<LinearRing>
							<coordinates>
								-71.6349041427207,-16.29108392246363,0 -71.63398628310945,-16.29138919071657,0 -71.63377129262105,-16.29083474658695,0 -71.63467556961866,-16.29050411629843,0 -71.6349041427207,-16.29108392246363,0 
							</coordinates>
						</LinearRing>
					</outerBoundaryIs>
				</Polygon>
			</Placemark>
			<Placemark>
				<name>1.29.22-18</name>
				<styleUrl>#falseColor163900600000</styleUrl>
				<Polygon>
					<tessellate>1</tessellate>
					<outerBoundaryIs>
						<LinearRing>
							<coordinates>
								-71.63385640203899,-16.2914272842464,0 -71.63350699416145,-16.29153865736465,0 -71.63324428396442,-16.29172919640986,0 -71.6328683822577,-16.29130025004317,0 -71.63321330208942,-16.29102108599042,0 -71.63362876231761,-16.29087084041192,0 -71.63385640203899,-16.2914272842464,0 
							</coordinates>
						</LinearRing>
					</outerBoundaryIs>
				</Polygon>
			</Placemark>
			<Placemark>
				<name>1.29.22-19</name>
				<styleUrl>#falseColor163900600000</styleUrl>
				<Polygon>
					<tessellate>1</tessellate>
					<outerBoundaryIs>
						<LinearRing>
							<coordinates>
								-71.63277882667872,-16.29141649343095,0 -71.63317780114221,-16.29182245917512,0 -71.63248139113911,-16.29250538058002,0 -71.6320730491877,-16.29205608181666,0 -71.63277882667872,-16.29141649343095,0 
							</coordinates>
						</LinearRing>
					</outerBoundaryIs>
				</Polygon>
			</Placemark>
			<Placemark>
				<name>1.29.22-20</name>
				<styleUrl>#falseColor163900600000</styleUrl>
				<Polygon>
					<tessellate>1</tessellate>
					<outerBoundaryIs>
						<LinearRing>
							<coordinates>
								-71.63236535436685,-16.29261399808189,0 -71.63188217859417,-16.29299790434499,0 -71.6314708145479,-16.29258381834821,0 -71.63193990144688,-16.29218237472694,0 -71.63236535436685,-16.29261399808189,0 
							</coordinates>
						</LinearRing>
					</outerBoundaryIs>
				</Polygon>
			</Placemark>
			<Placemark>
				<name>1.29.22-21</name>
				<styleUrl>#falseColor163900600000</styleUrl>
				<Polygon>
					<tessellate>1</tessellate>
					<outerBoundaryIs>
						<LinearRing>
							<coordinates>
								-71.63179334653036,-16.29307004264678,0 -71.63136040492995,-16.29346710336439,0 -71.63095663711644,-16.29304417629458,0 -71.6314048936339,-16.29265412102594,0 -71.63179334653036,-16.29307004264678,0 
							</coordinates>
						</LinearRing>
					</outerBoundaryIs>
				</Polygon>
			</Placemark>
			<Placemark>
				<name>1.29.22-22</name>
				<styleUrl>#falseColor163900600000</styleUrl>
				<Polygon>
					<tessellate>1</tessellate>
					<outerBoundaryIs>
						<LinearRing>
							<coordinates>
								-71.63091692186201,-16.29296414020682,0 -71.6308320925711,-16.29228074618442,0 -71.63095912346859,-16.29218526745451,0 -71.63134422634951,-16.29259391451446,0 -71.63091692186201,-16.29296414020682,0 
							</coordinates>
						</LinearRing>
					</outerBoundaryIs>
				</Polygon>
			</Placemark>
			<Placemark>
				<name>1.29.22-23</name>
				<styleUrl>#falseColor163900600000</styleUrl>
				<Polygon>
					<tessellate>1</tessellate>
					<outerBoundaryIs>
						<LinearRing>
							<coordinates>
								-71.63102830175001,-16.29206569767646,0 -71.63146000197777,-16.29167328794614,0 -71.63189542752694,-16.29211936359897,0 -71.63142848124839,-16.29252618797712,0 -71.63102830175001,-16.29206569767646,0 
							</coordinates>
						</LinearRing>
					</outerBoundaryIs>
				</Polygon>
			</Placemark>
			<Placemark>
				<name>1.29.22-24</name>
				<styleUrl>#falseColor163900600000</styleUrl>
				<Polygon>
					<tessellate>1</tessellate>
					<outerBoundaryIs>
						<LinearRing>
							<coordinates>
								-71.63231964764375,-16.29090327456307,0 -71.63271694077402,-16.29135455691422,0 -71.63200039064942,-16.29199051828321,0 -71.63160496457958,-16.29157370451059,0 -71.63231964764375,-16.29090327456307,0 
							</coordinates>
						</LinearRing>
					</outerBoundaryIs>
				</Polygon>
			</Placemark>
			<Placemark>
				<name>1.29.22-26</name>
				<styleUrl>#falseColor163900600000</styleUrl>
				<Polygon>
					<tessellate>1</tessellate>
					<outerBoundaryIs>
						<LinearRing>
							<coordinates>
								-71.63246871554493,-16.28985897416729,0 -71.63311503174113,-16.28966716074183,0 -71.63326051830731,-16.28980751204054,0 -71.63343057261788,-16.29017853315315,0 -71.63276681191536,-16.29040189372179,0 -71.63235190709234,-16.290769626736,0 -71.63195269138403,-16.29034445300142,0 -71.63246871554493,-16.28985897416729,0 
							</coordinates>
						</LinearRing>
					</outerBoundaryIs>
				</Polygon>
			</Placemark>
			<Placemark>
				<name>1.29.22-27</name>
				<styleUrl>#falseColor163900600000</styleUrl>
				<Polygon>
					<tessellate>1</tessellate>
					<outerBoundaryIs>
						<LinearRing>
							<coordinates>
								-71.63236175151648,-16.28916944987237,0 -71.63296648366249,-16.28964027629749,0 -71.63237816811574,-16.28983505009722,0 -71.6318769220977,-16.29031476126706,0 -71.63145397075267,-16.28985121118992,0 -71.63201824074514,-16.28935044275669,0 -71.63236175151648,-16.28916944987237,0 
							</coordinates>
						</LinearRing>
					</outerBoundaryIs>
				</Polygon>
			</Placemark>
			<Placemark>
				<name>1.29.22-28</name>
				<styleUrl>#falseColor163900600000</styleUrl>
				<Polygon>
					<tessellate>1</tessellate>
					<outerBoundaryIs>
						<LinearRing>
							<coordinates>
								-71.63177387916981,-16.29037202051206,0 -71.6310692512756,-16.29099097934255,0 -71.63070235499698,-16.29057167188957,0 -71.63137544507245,-16.28995978292424,0 -71.63177387916981,-16.29037202051206,0 
							</coordinates>
						</LinearRing>
					</outerBoundaryIs>
				</Polygon>
			</Placemark>
			<Placemark>
				<name>1.29.22-29</name>
				<styleUrl>#falseColor163900600000</styleUrl>
				<Polygon>
					<tessellate>1</tessellate>
					<outerBoundaryIs>
						<LinearRing>
							<coordinates>
								-71.63225585617036,-16.29086425989345,0 -71.6315334204801,-16.29149896489103,0 -71.63113613222515,-16.29107516539729,0 -71.6318435878628,-16.29043054368419,0 -71.63225585617036,-16.29086425989345,0 
							</coordinates>
						</LinearRing>
					</outerBoundaryIs>
				</Polygon>
			</Placemark>
			<Placemark>
				<name>1.29.22-30</name>
				<styleUrl>#falseColor163900600000</styleUrl>
				<Polygon>
					<tessellate>1</tessellate>
					<outerBoundaryIs>
						<LinearRing>
							<coordinates>
								-71.63062463901321,-16.29138781698288,0 -71.63037368184328,-16.29143736726102,0 -71.63031673278353,-16.29090337268075,0 -71.63055318138525,-16.29070144584328,0 -71.63062463901321,-16.29138781698288,0 
							</coordinates>
						</LinearRing>
					</outerBoundaryIs>
				</Polygon>
			</Placemark>
			<Placemark>
				<name>1.29.22-31</name>
				<styleUrl>#falseColor163900600000</styleUrl>
				<Polygon>
					<tessellate>1</tessellate>
					<outerBoundaryIs>
						<LinearRing>
							<coordinates>
								-71.63063888981821,-16.29144399787887,0 -71.63080883022985,-16.29254012276372,0 -71.63100693163132,-16.29396563530549,0 -71.63059356274454,-16.29401640637445,0 -71.63036249128179,-16.29150191748537,0 -71.63063888981821,-16.29144399787887,0 
							</coordinates>
						</LinearRing>
					</outerBoundaryIs>
				</Polygon>
			</Placemark>
			<Placemark>
				<name>1.29.22-32</name>
				<styleUrl>#falseColor163900600000</styleUrl>
				<Polygon>
					<tessellate>1</tessellate>
					<outerBoundaryIs>
						<LinearRing>
							<coordinates>
								-71.6346426676263,-16.29528805359717,0 -71.63437988332488,-16.29546662619472,0 -71.63402135882515,-16.29542398093533,0 -71.63375874358201,-16.29534838150032,0 -71.63322015272519,-16.29502752129775,0 -71.63278193225442,-16.29484369568306,0 -71.63237628582633,-16.2946778531429,0 -71.63239199283443,-16.29467785258874,0 -71.63327166820439,-16.29464649167027,0 -71.63387350512468,-16.29476446690102,0 -71.63510583364923,-16.29513106746858,0 -71.6346426676263,-16.29528805359717,0 
							</coordinates>
						</LinearRing>
					</outerBoundaryIs>
				</Polygon>
			</Placemark>
			<Placemark>
				<name>1.29.22-33</name>
				<styleUrl>#falseColor163900600000</styleUrl>
				<Polygon>
					<tessellate>1</tessellate>
					<outerBoundaryIs>
						<LinearRing>
							<coordinates>
								-71.6359678835891,-16.2906926675522,0 -71.63573153030403,-16.29082581424217,0 -71.63566052380288,-16.29018252978239,0 -71.63590954071547,-16.29021686435384,0 -71.6359678835891,-16.2906926675522,0 
							</coordinates>
						</LinearRing>
					</outerBoundaryIs>
				</Polygon>
			</Placemark>
			<Placemark>
				<name>1.29.23-1</name>
				<styleUrl>#falseColor163900600000</styleUrl>
				<Polygon>
					<tessellate>1</tessellate>
					<outerBoundaryIs>
						<LinearRing>
							<coordinates>
								-71.6303634752537,-16.28761391298149,0 -71.63064256885208,-16.28784968281162,0 -71.63007405464812,-16.28838331247967,0 -71.62977920378124,-16.28805144761081,0 -71.63019892291155,-16.2876630574206,0 -71.6303634752537,-16.28761391298149,0 
							</coordinates>
						</LinearRing>
					</outerBoundaryIs>
				</Polygon>
			</Placemark>
			<Placemark>
				<name>1.29.23-3</name>
				<styleUrl>#falseColor163900600000</styleUrl>
				<Polygon>
					<tessellate>1</tessellate>
					<outerBoundaryIs>
						<LinearRing>
							<coordinates>
								-71.62952637473583,-16.28820626681914,0 -71.62895202881563,-16.28869859431721,0 -71.62869533538726,-16.28841322901094,0 -71.62914095237284,-16.28805038467308,0 -71.62935280480124,-16.28801053208591,0 -71.62952637473583,-16.28820626681914,0 
							</coordinates>
						</LinearRing>
					</outerBoundaryIs>
				</Polygon>
			</Placemark>
			<Placemark>
				<name>1.29.23-4</name>
				<styleUrl>#falseColor163900600000</styleUrl>
				<Polygon>
					<tessellate>1</tessellate>
					<outerBoundaryIs>
						<LinearRing>
							<coordinates>
								-71.6298687674889,-16.2885636290933,0 -71.62931706484586,-16.28907760050016,0 -71.62901088501941,-16.28874868402338,0 -71.62956900756336,-16.28823255765268,0 -71.6298687674889,-16.2885636290933,0 
							</coordinates>
						</LinearRing>
					</outerBoundaryIs>
				</Polygon>
			</Placemark>
			<Placemark>
				<name>1.29.23-5</name>
				<styleUrl>#falseColor163900600000</styleUrl>
				<Polygon>
					<tessellate>1</tessellate>
					<outerBoundaryIs>
						<LinearRing>
							<coordinates>
								-71.63011922185942,-16.28896833147276,0 -71.62962288799837,-16.28940489478186,0 -71.62935117615511,-16.28911057332111,0 -71.62994941562528,-16.28857268066013,0 -71.63011922185942,-16.28896833147276,0 
							</coordinates>
						</LinearRing>
					</outerBoundaryIs>
				</Polygon>
			</Placemark>
			<Placemark>
				<name>1.29.23-6</name>
				<styleUrl>#falseColor163900600000</styleUrl>
				<Polygon>
					<tessellate>1</tessellate>
					<outerBoundaryIs>
						<LinearRing>
							<coordinates>
								-71.63015346914945,-16.28904762736095,0 -71.63030377533964,-16.28943060182689,0 -71.62993577110934,-16.28974839607666,0 -71.62967786328929,-16.28945897801826,0 -71.63015346914945,-16.28904762736095,0 
							</coordinates>
						</LinearRing>
					</outerBoundaryIs>
				</Polygon>
			</Placemark>
			<Placemark>
				<name>1.29.23-7</name>
				<styleUrl>#falseColor163900600000</styleUrl>
				<Polygon>
					<tessellate>1</tessellate>
					<outerBoundaryIs>
						<LinearRing>
							<coordinates>
								-71.62887234256227,-16.28887920780364,0 -71.62916167086419,-16.28918693024856,0 -71.62827752415338,-16.28993834003512,0 -71.62801049930961,-16.28965049610369,0 -71.62887234256227,-16.28887920780364,0 
							</coordinates>
						</LinearRing>
					</outerBoundaryIs>
				</Polygon>
			</Placemark>
			<Placemark>
				<name>1.29.23-8</name>
				<styleUrl>#falseColor163900600000</styleUrl>
				<Polygon>
					<tessellate>1</tessellate>
					<outerBoundaryIs>
						<LinearRing>
							<coordinates>
								-71.62869079930125,-16.28866381794478,0 -71.62882358595141,-16.2888382708139,0 -71.62796833072342,-16.28959838174909,0 -71.62768928820088,-16.2893008837207,0 -71.62825841685543,-16.28879227189084,0 -71.62869079930125,-16.28866381794478,0 
							</coordinates>
						</LinearRing>
					</outerBoundaryIs>
				</Polygon>
			</Placemark>
			<Placemark>
				<name>1.29.23-9</name>
				<styleUrl>#falseColor163900600000</styleUrl>
				<Polygon>
					<tessellate>1</tessellate>
					<outerBoundaryIs>
						<LinearRing>
							<coordinates>
								-71.62789125438451,-16.28972828499395,0 -71.6281952503828,-16.29002877436726,0 -71.62732484654548,-16.29077737575339,0 -71.62703925875795,-16.29047097746346,0 -71.62789125438451,-16.28972828499395,0 
							</coordinates>
						</LinearRing>
					</outerBoundaryIs>
				</Polygon>
			</Placemark>
			<Placemark>
				<name>1.29.23-10</name>
				<styleUrl>#falseColor163900600000</styleUrl>
				<Polygon>
					<tessellate>1</tessellate>
					<outerBoundaryIs>
						<LinearRing>
							<coordinates>
								-71.6269068804782,-16.29051670399047,0 -71.62722758736868,-16.29087010297655,0 -71.62692635746345,-16.29113968499182,0 -71.62668479572208,-16.29083591613393,0 -71.6269068804782,-16.29051670399047,0 
							</coordinates>
						</LinearRing>
					</outerBoundaryIs>
				</Polygon>
			</Placemark>
			<Placemark>
				<name>1.29.23-11</name>
				<styleUrl>#falseColor163900600000</styleUrl>
				<Polygon>
					<tessellate>1</tessellate>
					<outerBoundaryIs>
						<LinearRing>
							<coordinates>
								-71.62787871534506,-16.29156487197005,0 -71.62757417190798,-16.29181961199374,0 -71.6269758349771,-16.29119430141755,0 -71.62727726208209,-16.29091110323133,0 -71.62787871534506,-16.29156487197005,0 
							</coordinates>
						</LinearRing>
					</outerBoundaryIs>
				</Polygon>
			</Placemark>
			<Placemark>
				<name>1.29.23-12</name>
				<styleUrl>#falseColor163900600000</styleUrl>
				<Polygon>
					<tessellate>1</tessellate>
					<outerBoundaryIs>
						<LinearRing>
							<coordinates>
								-71.62823519978821,-16.29008779823398,0 -71.62849951023615,-16.29037943883361,0 -71.62765384431772,-16.29113813196665,0 -71.62737252529995,-16.29082512994324,0 -71.62823519978821,-16.29008779823398,0 
							</coordinates>
						</LinearRing>
					</outerBoundaryIs>
				</Polygon>
			</Placemark>
			<Placemark>
				<name>1.29.23-14</name>
				<styleUrl>#falseColor163900600000</styleUrl>
				<Polygon>
					<tessellate>1</tessellate>
					<outerBoundaryIs>
						<LinearRing>
							<coordinates>
								-71.62887774391318,-16.29078845582391,0 -71.62916907204784,-16.29108831823393,0 -71.62832042407602,-16.29184313659756,0 -71.6280406901691,-16.29155003722112,0 -71.62887774391318,-16.29078845582391,0 
							</coordinates>
						</LinearRing>
					</outerBoundaryIs>
				</Polygon>
			</Placemark>
			<Placemark>
				<name>1.29.23-15</name>
				<styleUrl>#falseColor163900600000</styleUrl>
				<Polygon>
					<tessellate>1</tessellate>
					<outerBoundaryIs>
						<LinearRing>
							<coordinates>
								-71.62949656202174,-16.2914407110418,0 -71.62865900180127,-16.29218258377805,0 -71.62837335083232,-16.29189445190789,0 -71.62922370214962,-16.29113969604199,0 -71.62949656202174,-16.2914407110418,0 
							</coordinates>
						</LinearRing>
					</outerBoundaryIs>
				</Polygon>
			</Placemark>
			<Placemark>
				<name>1.29.23-17</name>
				<styleUrl>#falseColor163900600000</styleUrl>
				<Polygon>
					<tessellate>1</tessellate>
					<outerBoundaryIs>
						<LinearRing>
							<coordinates>
								-71.62901201358653,-16.29270135078456,0 -71.6283138020911,-16.29331000974753,0 -71.62797416523109,-16.29294992744211,0 -71.6286754745489,-16.29232431052334,0 -71.62901201358653,-16.29270135078456,0 
							</coordinates>
						</LinearRing>
					</outerBoundaryIs>
				</Polygon>
			</Placemark>
			<Placemark>
				<name>1.29.23-18</name>
				<styleUrl>#falseColor163900600000</styleUrl>
				<Polygon>
					<tessellate>1</tessellate>
					<outerBoundaryIs>
						<LinearRing>
							<coordinates>
								-71.62960825684149,-16.29154772426673,0 -71.6297151819181,-16.29168164924556,0 -71.62964591996814,-16.29195000737734,0 -71.6296329294297,-16.29219773536,0 -71.6291171367583,-16.29263248519202,0 -71.62876961219651,-16.29226224573606,0 -71.62960825684149,-16.29154772426673,0 
							</coordinates>
						</LinearRing>
					</outerBoundaryIs>
				</Polygon>
			</Placemark>
			<Placemark>
				<name>1.29.23-19</name>
				<styleUrl>#falseColor163900600000</styleUrl>
				<Polygon>
					<tessellate>1</tessellate>
					<outerBoundaryIs>
						<LinearRing>
							<coordinates>
								-71.62961261941577,-16.2923496515968,0 -71.62973556993121,-16.29328129699124,0 -71.62918713668383,-16.29270600477893,0 -71.62961261941577,-16.2923496515968,0 
							</coordinates>
						</LinearRing>
					</outerBoundaryIs>
				</Polygon>
			</Placemark>
			<Placemark>
				<name>1.29.23-20</name>
				<styleUrl>#falseColor163900600000</styleUrl>
				<Polygon>
					<tessellate>1</tessellate>
					<outerBoundaryIs>
						<LinearRing>
							<coordinates>
								-71.62965741048956,-16.29340315427794,0 -71.62879951542259,-16.29410304999763,0 -71.62864607544421,-16.29361777126509,0 -71.62931517745538,-16.29303918144619,0 -71.62965741048956,-16.29340315427794,0 
							</coordinates>
						</LinearRing>
					</outerBoundaryIs>
				</Polygon>
			</Placemark>
			<Placemark>
				<name>1.29.23-21</name>
				<styleUrl>#falseColor163900600000</styleUrl>
				<Polygon>
					<tessellate>1</tessellate>
					<outerBoundaryIs>
						<LinearRing>
							<coordinates>
								-71.62971247381813,-16.29414504200441,0 -71.6292949074186,-16.29448240622914,0 -71.62896644583061,-16.2946934089837,0 -71.62890464499392,-16.29420088063853,0 -71.62968683366505,-16.29348300046939,0 -71.62971247381813,-16.29414504200441,0 
							</coordinates>
						</LinearRing>
					</outerBoundaryIs>
				</Polygon>
			</Placemark>
			<Placemark>
				<name>1.29.23-22</name>
				<styleUrl>#falseColor163900600000</styleUrl>
				<Polygon>
					<tessellate>1</tessellate>
					<outerBoundaryIs>
						<LinearRing>
							<coordinates>
								-71.62977372040136,-16.29424480545411,0 -71.63011619100692,-16.29464283921373,0 -71.62963722199234,-16.2949920513086,0 -71.62904298159562,-16.29533388761005,0 -71.62900190552615,-16.29475822446417,0 -71.62939454185123,-16.29456527587122,0 -71.62977372040136,-16.29424480545411,0 
							</coordinates>
						</LinearRing>
					</outerBoundaryIs>
				</Polygon>
			</Placemark>
			<Placemark>
				<name>1.29.23-25</name>
				<styleUrl>#falseColor163900600000</styleUrl>
				<Polygon>
					<tessellate>1</tessellate>
					<outerBoundaryIs>
						<LinearRing>
							<coordinates>
								-71.6295671706861,-16.288171530178,0 -71.62937585076934,-16.28798632434246,0 -71.62999441544834,-16.28778266104283,0 -71.6295671706861,-16.288171530178,0 
							</coordinates>
						</LinearRing>
					</outerBoundaryIs>
				</Polygon>
			</Placemark>
			<Placemark>
				<name>1.29.24-1</name>
				<styleUrl>#falseColor163900600000</styleUrl>
				<Polygon>
					<tessellate>1</tessellate>
					<outerBoundaryIs>
						<LinearRing>
							<coordinates>
								-71.62949927982288,-16.29629551883952,0 -71.62924970051643,-16.29604350593834,0 -71.62974109081523,-16.29563143471691,0 -71.62995223266545,-16.29584357121958,0 -71.62949927982288,-16.29629551883952,0 
							</coordinates>
						</LinearRing>
					</outerBoundaryIs>
				</Polygon>
			</Placemark>
			<Placemark>
				<name>1.29.24-3</name>
				<styleUrl>#falseColor163900600000</styleUrl>
				<Polygon>
					<tessellate>1</tessellate>
					<outerBoundaryIs>
						<LinearRing>
							<coordinates>
								-71.63109895255319,-16.2976002418441,0 -71.63027252195272,-16.29683425938139,0 -71.63057283994048,-16.29654606796733,0 -71.63135995206929,-16.29736485658194,0 -71.63109895255319,-16.2976002418441,0 
							</coordinates>
						</LinearRing>
					</outerBoundaryIs>
				</Polygon>
			</Placemark>
			<Placemark>
				<name>1.29.24-4</name>
				<styleUrl>#falseColor163900600000</styleUrl>
				<Polygon>
					<tessellate>1</tessellate>
					<outerBoundaryIs>
						<LinearRing>
							<coordinates>
								-71.63186327149897,-16.29813295078039,0 -71.63169082176945,-16.29814120905304,0 -71.63155214021155,-16.29808898067649,0 -71.63143508493069,-16.29797299257064,0 -71.631247298508,-16.29775645227108,0 -71.6311909899445,-16.2976541531633,0 -71.63142007843119,-16.29743288549898,0 -71.63200956863753,-16.29803701680495,0 -71.63186327149897,-16.29813295078039,0 
							</coordinates>
						</LinearRing>
					</outerBoundaryIs>
				</Polygon>
			</Placemark>
			<Placemark>
				<name>1.29.24-5</name>
				<styleUrl>#falseColor163900600000</styleUrl>
				<Polygon>
					<tessellate>1</tessellate>
					<outerBoundaryIs>
						<LinearRing>
							<coordinates>
								-71.63310903794743,-16.29812890686863,0 -71.63248062154022,-16.29804809451432,0 -71.63307807762675,-16.29744851269093,0 -71.63339907092427,-16.2977573437748,0 -71.63310903794743,-16.29812890686863,0 
							</coordinates>
						</LinearRing>
					</outerBoundaryIs>
				</Polygon>
			</Placemark>
			<Placemark>
				<name>1.29.24-7</name>
				<styleUrl>#falseColor163900600000</styleUrl>
				<Polygon>
					<tessellate>1</tessellate>
					<outerBoundaryIs>
						<LinearRing>
							<coordinates>
								-71.63183333165799,-16.29768848987473,0 -71.6314904203128,-16.29734898788504,0 -71.63228371126519,-16.2966376551016,0 -71.63261268447734,-16.29697728520701,0 -71.63183333165799,-16.29768848987473,0 
							</coordinates>
						</LinearRing>
					</outerBoundaryIs>
				</Polygon>
			</Placemark>
			<Placemark>
				<name>1.29.24-8</name>
				<styleUrl>#falseColor163900600000</styleUrl>
				<Polygon>
					<tessellate>1</tessellate>
					<outerBoundaryIs>
						<LinearRing>
							<coordinates>
								-71.63141875509403,-16.29726147602755,0 -71.6310849559206,-16.29691572744047,0 -71.63187303355436,-16.2962138091894,0 -71.63221339269876,-16.2965758291087,0 -71.63141875509403,-16.29726147602755,0 
							</coordinates>
						</LinearRing>
					</outerBoundaryIs>
				</Polygon>
			</Placemark>
			<Placemark>
				<name>1.29.24-9</name>
				<styleUrl>#falseColor163900600000</styleUrl>
				<Polygon>
					<tessellate>1</tessellate>
					<outerBoundaryIs>
						<LinearRing>
							<coordinates>
								-71.63100298777805,-16.2968376612981,0 -71.63066477494303,-16.2964822493254,0 -71.63143619334136,-16.29577850867224,0 -71.63177566339444,-16.29613731888389,0 -71.63100298777805,-16.2968376612981,0 
							</coordinates>
						</LinearRing>
					</outerBoundaryIs>
				</Polygon>
			</Placemark>
			<Placemark>
				<name>1.29.24-10</name>
				<styleUrl>#falseColor163900600000</styleUrl>
				<Polygon>
					<tessellate>1</tessellate>
					<outerBoundaryIs>
						<LinearRing>
							<coordinates>
								-71.63057889328222,-16.29641231851947,0 -71.63021974934854,-16.29606735138294,0 -71.63101244303687,-16.29534097304145,0 -71.63136103065982,-16.29570364916848,0 -71.63057889328222,-16.29641231851947,0 
							</coordinates>
						</LinearRing>
					</outerBoundaryIs>
				</Polygon>
			</Placemark>
			<Placemark>
				<name>1.29.24-11</name>
				<styleUrl>#falseColor163900600000</styleUrl>
				<Polygon>
					<tessellate>1</tessellate>
					<outerBoundaryIs>
						<LinearRing>
							<coordinates>
								-71.6307131176806,-16.29509357136626,0 -71.62999082986505,-16.29580805242277,0 -71.62979228576521,-16.29560727550038,0 -71.63057624935666,-16.2949382048304,0 -71.6307131176806,-16.29509357136626,0 
							</coordinates>
						</LinearRing>
					</outerBoundaryIs>
				</Polygon>
			</Placemark>
			<Placemark>
				<name>1.29.24-12</name>
				<styleUrl>#falseColor163900600000</styleUrl>
				<Polygon>
					<tessellate>1</tessellate>
					<outerBoundaryIs>
						<LinearRing>
							<coordinates>
								-71.63186127283839,-16.29603507210661,0 -71.63135780218862,-16.29557111287262,0 -71.6318320677827,-16.29553809674587,0 -71.63211472371415,-16.29580215552897,0 -71.63186127283839,-16.29603507210661,0 
							</coordinates>
						</LinearRing>
					</outerBoundaryIs>
				</Polygon>
			</Placemark>
			<Placemark>
				<name>1.29.24-13</name>
				<styleUrl>#falseColor163900600000</styleUrl>
				<Polygon>
					<tessellate>1</tessellate>
					<outerBoundaryIs>
						<LinearRing>
							<coordinates>
								-71.63228774819898,-16.29653615003782,0 -71.63189932723411,-16.29614192665849,0 -71.63217074727345,-16.29589244753803,0 -71.63251087050061,-16.29630531362722,0 -71.63228774819898,-16.29653615003782,0 
							</coordinates>
						</LinearRing>
					</outerBoundaryIs>
				</Polygon>
			</Placemark>
			<Placemark>
				<name>1.29.24-14</name>
				<styleUrl>#falseColor163900600000</styleUrl>
				<Polygon>
					<tessellate>1</tessellate>
					<outerBoundaryIs>
						<LinearRing>
							<coordinates>
								-71.63266492907779,-16.29692170952291,0 -71.63233223669555,-16.29657916751773,0 -71.63265323493643,-16.29632900572383,0 -71.63295225739428,-16.296663694988,0 -71.63266492907779,-16.29692170952291,0 
							</coordinates>
						</LinearRing>
					</outerBoundaryIs>
				</Polygon>
			</Placemark>
			<Placemark>
				<name>1.29.24-16</name>
				<styleUrl>#falseColor163900600000</styleUrl>
				<Polygon>
					<tessellate>1</tessellate>
					<outerBoundaryIs>
						<LinearRing>
							<coordinates>
								-71.63335213019097,-16.29632898205185,0 -71.63313820985591,-16.29618937318182,0 -71.63293795279623,-16.29598529336253,0 -71.63312545486659,-16.29579298481733,0 -71.63329161830305,-16.29594416612077,0 -71.63348353844142,-16.29607238343456,0 -71.63335213019097,-16.29632898205185,0 
							</coordinates>
						</LinearRing>
					</outerBoundaryIs>
				</Polygon>
			</Placemark>
			<Placemark>
				<name>1.29.24-17</name>
				<styleUrl>#falseColor163900600000</styleUrl>
				<Polygon>
					<tessellate>1</tessellate>
					<outerBoundaryIs>
						<LinearRing>
							<coordinates>
								-71.63391080122953,-16.29646925507529,0 -71.63363939165977,-16.29643063640438,0 -71.63339384199334,-16.2963500927679,0 -71.63350470215447,-16.29608468976558,0 -71.63380712633844,-16.29616274160126,0 -71.6339596758969,-16.29617201942427,0 -71.63391080122953,-16.29646925507529,0 
							</coordinates>
						</LinearRing>
					</outerBoundaryIs>
				</Polygon>
			</Placemark>
			<Placemark>
				<name>1.29.24-18</name>
				<styleUrl>#falseColor163900600000</styleUrl>
				<Polygon>
					<tessellate>1</tessellate>
					<outerBoundaryIs>
						<LinearRing>
							<coordinates>
								-71.63440336898789,-16.2962300818045,0 -71.63438721812291,-16.2962771289912,0 -71.63435581842681,-16.296343426861,0 -71.63424556973678,-16.29643760702088,0 -71.63417248462339,-16.29644389725101,0 -71.63396272664113,-16.29646912053126,0 -71.63399170365065,-16.29618164844331,0 -71.63437661704926,-16.29616529039864,0 -71.63440336898789,-16.2962300818045,0 
							</coordinates>
						</LinearRing>
					</outerBoundaryIs>
				</Polygon>
			</Placemark>
			<Placemark>
				<name>1.29.24-19</name>
				<styleUrl>#falseColor163900600000</styleUrl>
				<Polygon>
					<tessellate>1</tessellate>
					<outerBoundaryIs>
						<LinearRing>
							<coordinates>
								-71.63436024404309,-16.29606054578051,0 -71.63422557974496,-16.29608065901979,0 -71.63410761498358,-16.29609391165654,0 -71.63384337567911,-16.29605955053401,0 -71.63389919695808,-16.29574152140574,0 -71.63413943223664,-16.2957751021355,0 -71.63435066106314,-16.29574246335139,0 -71.63436024404309,-16.29606054578051,0 
							</coordinates>
						</LinearRing>
					</outerBoundaryIs>
				</Polygon>
			</Placemark>
			<Placemark>
				<name>1.29.24-20</name>
				<styleUrl>#falseColor163900600000</styleUrl>
				<Polygon>
					<tessellate>1</tessellate>
					<outerBoundaryIs>
						<LinearRing>
							<coordinates>
								-71.63380985327159,-16.29605105375374,0 -71.63370260108434,-16.29604048445452,0 -71.63354865578917,-16.29598941300339,0 -71.63330303366475,-16.29586520462099,0 -71.63346248288637,-16.29559865865523,0 -71.63365052208415,-16.29570140606806,0 -71.6338613599855,-16.29574159693013,0 -71.63380985327159,-16.29605105375374,0 
							</coordinates>
						</LinearRing>
					</outerBoundaryIs>
				</Polygon>
			</Placemark>
			<Placemark>
				<name>1.29.24-21</name>
				<styleUrl>#falseColor163900600000</styleUrl>
				<Polygon>
					<tessellate>1</tessellate>
					<outerBoundaryIs>
						<LinearRing>
							<coordinates>
								-71.63325458743168,-16.29583493748165,0 -71.63289863906742,-16.29555704580287,0 -71.63306497934279,-16.29529204704259,0 -71.63343212816356,-16.29557493140257,0 -71.63325458743168,-16.29583493748165,0 
							</coordinates>
						</LinearRing>
					</outerBoundaryIs>
				</Polygon>
			</Placemark>
			<Placemark>
				<name>1.29.53-1</name>
				<styleUrl>#falseColor163900600000</styleUrl>
				<Polygon>
					<tessellate>1</tessellate>
					<outerBoundaryIs>
						<LinearRing>
							<coordinates>
								-71.62934188678274,-16.31595648305492,0 -71.62955144127589,-16.3162997867418,0 -71.6288708804915,-16.31666971851554,0 -71.62866810247397,-16.31634097492929,0 -71.62934188678274,-16.31595648305492,0 
							</coordinates>
						</LinearRing>
					</outerBoundaryIs>
				</Polygon>
			</Placemark>
			<Placemark>
				<name>1.29.53-2</name>
				<styleUrl>#falseColor163900600000</styleUrl>
				<Polygon>
					<tessellate>1</tessellate>
					<outerBoundaryIs>
						<LinearRing>
							<coordinates>
								-71.62975040662521,-16.31665148218078,0 -71.62908615328303,-16.31703294624463,0 -71.62889454326171,-16.31672245559621,0 -71.62956050131038,-16.31633513215398,0 -71.62975040662521,-16.31665148218078,0 
							</coordinates>
						</LinearRing>
					</outerBoundaryIs>
				</Polygon>
			</Placemark>
			<Placemark>
				<name>1.29.53-3</name>
				<styleUrl>#falseColor163900600000</styleUrl>
				<Polygon>
					<tessellate>1</tessellate>
					<outerBoundaryIs>
						<LinearRing>
							<coordinates>
								-71.62978320633439,-16.31670287428093,0 -71.62998395739072,-16.31703709643812,0 -71.62932527084777,-16.31742798111649,0 -71.62912146414197,-16.31708948997199,0 -71.62978320633439,-16.31670287428093,0 
							</coordinates>
						</LinearRing>
					</outerBoundaryIs>
				</Polygon>
			</Placemark>
			<Placemark>
				<name>1.29.53-4</name>
				<styleUrl>#falseColor163900600000</styleUrl>
				<Polygon>
					<tessellate>1</tessellate>
					<outerBoundaryIs>
						<LinearRing>
							<coordinates>
								-71.6300150134922,-16.31707773233813,0 -71.63020805985568,-16.31741493248269,0 -71.62953726916423,-16.31778036626266,0 -71.62934844639969,-16.31746599379554,0 -71.6300150134922,-16.31707773233813,0 
							</coordinates>
						</LinearRing>
					</outerBoundaryIs>
				</Polygon>
			</Placemark>
			<Placemark>
				<name>1.29.53-5</name>
				<styleUrl>#falseColor163900600000</styleUrl>
				<Polygon>
					<tessellate>1</tessellate>
					<outerBoundaryIs>
						<LinearRing>
							<coordinates>
								-71.6302369705746,-16.31746113664802,0 -71.63043585423286,-16.31778128417907,0 -71.62976618228323,-16.3181393068072,0 -71.62957341387471,-16.31783849178537,0 -71.6302369705746,-16.31746113664802,0 
							</coordinates>
						</LinearRing>
					</outerBoundaryIs>
				</Polygon>
			</Placemark>
			<Placemark>
				<name>1.29.53-6</name>
				<styleUrl>#falseColor163900600000</styleUrl>
				<Polygon>
					<tessellate>1</tessellate>
					<outerBoundaryIs>
						<LinearRing>
							<coordinates>
								-71.63046020033109,-16.31783031381796,0 -71.63065395762254,-16.31815157998266,0 -71.62999714610353,-16.31852933148116,0 -71.62980356942447,-16.31821219776721,0 -71.63046020033109,-16.31783031381796,0 
							</coordinates>
						</LinearRing>
					</outerBoundaryIs>
				</Polygon>
			</Placemark>
			<Placemark>
				<name>1.29.53-7</name>
				<styleUrl>#falseColor163900600000</styleUrl>
				<Polygon>
					<tessellate>1</tessellate>
					<outerBoundaryIs>
						<LinearRing>
							<coordinates>
								-71.63090485699344,-16.31851784033283,0 -71.63022937977219,-16.31891501123567,0 -71.63003242664342,-16.31859141687698,0 -71.63068662475875,-16.31819849446083,0 -71.63090485699344,-16.31851784033283,0 
							</coordinates>
						</LinearRing>
					</outerBoundaryIs>
				</Polygon>
			</Placemark>
			<Placemark>
				<name>1.29.53-8</name>
				<styleUrl>#falseColor163900600000</styleUrl>
				<Polygon>
					<tessellate>1</tessellate>
					<outerBoundaryIs>
						<LinearRing>
							<coordinates>
								-71.63111646110238,-16.31891314787654,0 -71.63080030165028,-16.31909785501304,0 -71.63046991503343,-16.3192979065929,0 -71.63028193558971,-16.31897916094961,0 -71.63092340176736,-16.31857351053451,0 -71.63111646110238,-16.31891314787654,0 
							</coordinates>
						</LinearRing>
					</outerBoundaryIs>
				</Polygon>
			</Placemark>
			<Placemark>
				<name>1.29.53-9</name>
				<styleUrl>#falseColor163900600000</styleUrl>
				<Polygon>
					<tessellate>1</tessellate>
					<outerBoundaryIs>
						<LinearRing>
							<coordinates>
								-71.63084532599082,-16.31911896894902,0 -71.63113954293098,-16.31894270831535,0 -71.63127921809495,-16.31917308775442,0 -71.6309158118686,-16.31960573528634,0 -71.63072407842797,-16.31969900401877,0 -71.63049277119582,-16.31933939484336,0 -71.63084532599082,-16.31911896894902,0 
							</coordinates>
						</LinearRing>
					</outerBoundaryIs>
				</Polygon>
			</Placemark>
			<Placemark>
				<name>1.29.53-10</name>
				<styleUrl>#falseColor163900600000</styleUrl>
				<Polygon>
					<tessellate>1</tessellate>
					<outerBoundaryIs>
						<LinearRing>
							<coordinates>
								-71.63042237917618,-16.3193888428531,0 -71.63063333407933,-16.31971065871734,0 -71.62998112323326,-16.32011898234015,0 -71.62978080456185,-16.31978117294325,0 -71.63042237917618,-16.3193888428531,0 
							</coordinates>
						</LinearRing>
					</outerBoundaryIs>
				</Polygon>
			</Placemark>
			<Placemark>
				<name>1.29.53-11</name>
				<styleUrl>#falseColor163900600000</styleUrl>
				<Polygon>
					<tessellate>1</tessellate>
					<outerBoundaryIs>
						<LinearRing>
							<coordinates>
								-71.63064929719799,-16.31976400540207,0 -71.63081587591344,-16.32002251048772,0 -71.63073554417771,-16.32018265740555,0 -71.6301971264771,-16.32048031947637,0 -71.63000036318445,-16.32015425858223,0 -71.63064929719799,-16.31976400540207,0 
							</coordinates>
						</LinearRing>
					</outerBoundaryIs>
				</Polygon>
			</Placemark>
			<Placemark>
				<name>1.29.53-12</name>
				<styleUrl>#falseColor163900600000</styleUrl>
				<Polygon>
					<tessellate>1</tessellate>
					<outerBoundaryIs>
						<LinearRing>
							<coordinates>
								-71.63085553554703,-16.32027506655824,0 -71.63098756779397,-16.32086471662305,0 -71.63057583703039,-16.32116148488411,0 -71.63033638409593,-16.32119990895369,0 -71.6302104914664,-16.32054932021279,0 -71.63048432639604,-16.32043088685535,0 -71.63085553554703,-16.32027506655824,0 
							</coordinates>
						</LinearRing>
					</outerBoundaryIs>
				</Polygon>
			</Placemark>
			<Placemark>
				<name>1.29.53-13</name>
				<styleUrl>#falseColor163900600000</styleUrl>
				<Polygon>
					<tessellate>1</tessellate>
					<outerBoundaryIs>
						<LinearRing>
							<coordinates>
								-71.63074234585632,-16.32183008803396,0 -71.63049184269802,-16.32188944895928,0 -71.63037591633929,-16.32125732548639,0 -71.63060099366753,-16.32120590518892,0 -71.63074234585632,-16.32183008803396,0 
							</coordinates>
						</LinearRing>
					</outerBoundaryIs>
				</Polygon>
			</Placemark>
			<Placemark>
				<name>1.29.53-14</name>
				<styleUrl>#falseColor163900600000</styleUrl>
				<Polygon>
					<tessellate>1</tessellate>
					<outerBoundaryIs>
						<LinearRing>
							<coordinates>
								-71.62990208727501,-16.3213334933358,0 -71.63029254767375,-16.32126394501619,0 -71.63041910910137,-16.32188766485237,0 -71.63003104592033,-16.32198130827148,0 -71.62990208727501,-16.3213334933358,0 
							</coordinates>
						</LinearRing>
					</outerBoundaryIs>
				</Polygon>
			</Placemark>
			<Placemark>
				<name>1.29.53-15</name>
				<styleUrl>#falseColor163900600000</styleUrl>
				<Polygon>
					<tessellate>1</tessellate>
					<outerBoundaryIs>
						<LinearRing>
							<coordinates>
								-71.63014897351505,-16.32057675593106,0 -71.63029610329185,-16.32122151922606,0 -71.6299014551777,-16.32130212013911,0 -71.62980797925188,-16.32082298113015,0 -71.63014897351505,-16.32057675593106,0 
							</coordinates>
						</LinearRing>
					</outerBoundaryIs>
				</Polygon>
			</Placemark>
			<Placemark>
				<name>1.29.53-16</name>
				<styleUrl>#falseColor163900600000</styleUrl>
				<Polygon>
					<tessellate>1</tessellate>
					<outerBoundaryIs>
						<LinearRing>
							<coordinates>
								-71.62995762658848,-16.32018819416142,0 -71.63014331636495,-16.32053595308047,0 -71.6297744236351,-16.32076447304209,0 -71.62959931830137,-16.32041260320598,0 -71.62995762658848,-16.32018819416142,0 
							</coordinates>
						</LinearRing>
					</outerBoundaryIs>
				</Polygon>
			</Placemark>
			<Placemark>
				<name>1.29.53-17</name>
				<styleUrl>#falseColor163900600000</styleUrl>
				<Polygon>
					<tessellate>1</tessellate>
					<outerBoundaryIs>
						<LinearRing>
							<coordinates>
								-71.62948459942939,-16.31943630730662,0 -71.62969191851846,-16.31979079807494,0 -71.62932966017635,-16.32002368548429,0 -71.62895171937723,-16.3200388544165,0 -71.62883549437458,-16.31984452392332,0 -71.62948459942939,-16.31943630730662,0 
							</coordinates>
						</LinearRing>
					</outerBoundaryIs>
				</Polygon>
			</Placemark>
			<Placemark>
				<name>1.29.53-18</name>
				<styleUrl>#falseColor163900600000</styleUrl>
				<Polygon>
					<tessellate>1</tessellate>
					<outerBoundaryIs>
						<LinearRing>
							<coordinates>
								-71.63020600395473,-16.31901191004463,0 -71.63041644785606,-16.31935475390683,0 -71.62975449497695,-16.31973281598984,0 -71.62955632637662,-16.31941503665103,0 -71.63020600395473,-16.31901191004463,0 
							</coordinates>
						</LinearRing>
					</outerBoundaryIs>
				</Polygon>
			</Placemark>
			<Placemark>
				<name>1.29.53-19</name>
				<styleUrl>#falseColor163900600000</styleUrl>
				<Polygon>
					<tessellate>1</tessellate>
					<outerBoundaryIs>
						<LinearRing>
							<coordinates>
								-71.62997462985729,-16.31863025232444,0 -71.6301751894723,-16.31896430477689,0 -71.62952306484986,-16.31935811068044,0 -71.62931926635785,-16.3190359650604,0 -71.62997462985729,-16.31863025232444,0 
							</coordinates>
						</LinearRing>
					</outerBoundaryIs>
				</Polygon>
			</Placemark>
			<Placemark>
				<name>1.29.53-20</name>
				<styleUrl>#falseColor163900600000</styleUrl>
				<Polygon>
					<tessellate>1</tessellate>
					<outerBoundaryIs>
						<LinearRing>
							<coordinates>
								-71.62925554146953,-16.31906724154608,0 -71.62946606219782,-16.31939594137912,0 -71.62881606214613,-16.31979900086082,0 -71.62860731942574,-16.31947739408266,0 -71.62925554146953,-16.31906724154608,0 
							</coordinates>
						</LinearRing>
					</outerBoundaryIs>
				</Polygon>
			</Placemark>
			<Placemark>
				<name>1.29.53-22</name>
				<styleUrl>#falseColor163900600000</styleUrl>
				<Polygon>
					<tessellate>1</tessellate>
					<outerBoundaryIs>
						<LinearRing>
							<coordinates>
								-71.62849915571078,-16.31855704784661,0 -71.62868342596092,-16.3188159293537,0 -71.62833090409471,-16.31912087957384,0 -71.62813983632914,-16.31883839381794,0 -71.62849915571078,-16.31855704784661,0 
							</coordinates>
						</LinearRing>
					</outerBoundaryIs>
				</Polygon>
			</Placemark>
			<Placemark>
				<name>1.29.53-23</name>
				<styleUrl>#falseColor163900600000</styleUrl>
				<Polygon>
					<tessellate>1</tessellate>
					<outerBoundaryIs>
						<LinearRing>
							<coordinates>
								-71.62902815939513,-16.31868947281281,0 -71.62923006897687,-16.31902009388339,0 -71.6285775265268,-16.31942531555929,0 -71.62842103266418,-16.31916916961383,0 -71.62855287540185,-16.31903374888623,0 -71.6288171275658,-16.31883124739384,0 -71.62902815939513,-16.31868947281281,0 
							</coordinates>
						</LinearRing>
					</outerBoundaryIs>
				</Polygon>
			</Placemark>
			<Placemark>
				<name>1.29.53-24</name>
				<styleUrl>#falseColor163900600000</styleUrl>
				<Polygon>
					<tessellate>1</tessellate>
					<outerBoundaryIs>
						<LinearRing>
							<coordinates>
								-71.62974143403385,-16.31824938211263,0 -71.62994086686659,-16.31858289842309,0 -71.62929077725992,-16.31897996411326,0 -71.62909527433077,-16.31866249598588,0 -71.62945041092581,-16.31843801524582,0 -71.62974143403385,-16.31824938211263,0 
							</coordinates>
						</LinearRing>
					</outerBoundaryIs>
				</Polygon>
			</Placemark>
			<Placemark>
				<name>1.29.53-25</name>
				<styleUrl>#falseColor163900600000</styleUrl>
				<Polygon>
					<tessellate>1</tessellate>
					<outerBoundaryIs>
						<LinearRing>
							<coordinates>
								-71.62950481364905,-16.31787692886735,0 -71.62971575230473,-16.31820309032773,0 -71.62946458463225,-16.31836643402751,0 -71.62907173370692,-16.31858677221735,0 -71.62887482238426,-16.31828113188716,0 -71.62950481364905,-16.31787692886735,0 
							</coordinates>
						</LinearRing>
					</outerBoundaryIs>
				</Polygon>
			</Placemark>
			<Placemark>
				<name>1.29.53-27</name>
				<styleUrl>#falseColor163900600000</styleUrl>
				<Polygon>
					<tessellate>1</tessellate>
					<outerBoundaryIs>
						<LinearRing>
							<coordinates>
								-71.62859869500147,-16.31792371655474,0 -71.62880156387354,-16.31823459774912,0 -71.62818654251276,-16.31858932487142,0 -71.62778436248861,-16.3183852711316,0 -71.62825340513514,-16.31812892291716,0 -71.62859869500147,-16.31792371655474,0 
							</coordinates>
						</LinearRing>
					</outerBoundaryIs>
				</Polygon>
			</Placemark>
			<Placemark>
				<name>1.29.53-28</name>
				<styleUrl>#falseColor163900600000</styleUrl>
				<Polygon>
					<tessellate>1</tessellate>
					<outerBoundaryIs>
						<LinearRing>
							<coordinates>
								-71.62928371160621,-16.31749748444264,0 -71.62947845923303,-16.31781705348291,0 -71.62885640580434,-16.31820568482718,0 -71.62864308808597,-16.3179054605953,0 -71.62928371160621,-16.31749748444264,0 
							</coordinates>
						</LinearRing>
					</outerBoundaryIs>
				</Polygon>
			</Placemark>
			<Placemark>
				<name>1.29.53-29</name>
				<styleUrl>#falseColor163900600000</styleUrl>
				<Polygon>
					<tessellate>1</tessellate>
					<outerBoundaryIs>
						<LinearRing>
							<coordinates>
								-71.62906980322703,-16.31712430925992,0 -71.62926724821267,-16.31746616117973,0 -71.62860940055359,-16.31785043423019,0 -71.62842927537568,-16.31754439955581,0 -71.62906980322703,-16.31712430925992,0 
							</coordinates>
						</LinearRing>
					</outerBoundaryIs>
				</Polygon>
			</Placemark>
			<Placemark>
				<name>1.29.53-30</name>
				<styleUrl>#falseColor163900600000</styleUrl>
				<Polygon>
					<tessellate>1</tessellate>
					<outerBoundaryIs>
						<LinearRing>
							<coordinates>
								-71.62836864221542,-16.31758096938285,0 -71.6285524831884,-16.31788476281909,0 -71.62780148376436,-16.31831219492256,0 -71.62777661739258,-16.31791472019686,0 -71.62836864221542,-16.31758096938285,0 
							</coordinates>
						</LinearRing>
					</outerBoundaryIs>
				</Polygon>
			</Placemark>
			<Placemark>
				<name>1.29.53-31</name>
				<styleUrl>#falseColor163900600000</styleUrl>
				<Polygon>
					<tessellate>1</tessellate>
					<outerBoundaryIs>
						<LinearRing>
							<coordinates>
								-71.62825686962101,-16.31730552084827,0 -71.6283640635678,-16.31750259133771,0 -71.62775293115519,-16.31785367071847,0 -71.62782542833826,-16.31757398922663,0 -71.62825686962101,-16.31730552084827,0 
							</coordinates>
						</LinearRing>
					</outerBoundaryIs>
				</Polygon>
			</Placemark>
			<Placemark>
				<name>1.29.53-32</name>
				<styleUrl>#falseColor163900600000</styleUrl>
				<Polygon>
					<tessellate>1</tessellate>
					<outerBoundaryIs>
						<LinearRing>
							<coordinates>
								-71.62882854394631,-16.31674895874223,0 -71.62902400025631,-16.31707646149236,0 -71.62854478963519,-16.31739026619496,0 -71.62839480465364,-16.31747862996991,0 -71.62834852981364,-16.31738477042388,0 -71.62835548452661,-16.31727475547825,0 -71.62844586727446,-16.31704788978924,0 -71.62858391732911,-16.31691253524282,0 -71.62882854394631,-16.31674895874223,0 
							</coordinates>
						</LinearRing>
					</outerBoundaryIs>
				</Polygon>
			</Placemark>
			<Placemark>
				<name>1.29.53-33</name>
				<styleUrl>#falseColor163900600000</styleUrl>
				<Polygon>
					<tessellate>1</tessellate>
					<outerBoundaryIs>
						<LinearRing>
							<coordinates>
								-71.62860740437243,-16.31637463113698,0 -71.62880771845448,-16.31671110876611,0 -71.62851375808351,-16.31690295467874,0 -71.62842528210032,-16.3167738315377,0 -71.62832162364919,-16.31672403182221,0 -71.62827099630265,-16.31670530543319,0 -71.62820467214975,-16.31660644055878,0 -71.62860740437243,-16.31637463113698,0 
							</coordinates>
						</LinearRing>
					</outerBoundaryIs>
				</Polygon>
			</Placemark>
			<Placemark>
				<name>1.29.53-35</name>
				<styleUrl>#falseColor163900600000</styleUrl>
				<Polygon>
					<tessellate>1</tessellate>
					<outerBoundaryIs>
						<LinearRing>
							<coordinates>
								-71.62837696459933,-16.31924496737431,0 -71.62875740122546,-16.31986032463594,0 -71.62841555099861,-16.32006463117576,0 -71.62800472162048,-16.31949264225245,0 -71.62837696459933,-16.31924496737431,0 
							</coordinates>
						</LinearRing>
					</outerBoundaryIs>
				</Polygon>
			</Placemark>
			<Placemark>
				<name>1.29.53-36</name>
				<styleUrl>#falseColor163900600000</styleUrl>
				<Polygon>
					<tessellate>1</tessellate>
					<outerBoundaryIs>
						<LinearRing>
							<coordinates>
								-71.62855657035468,-16.32046294231914,0 -71.6283528621838,-16.32015212151725,0 -71.62879425867999,-16.31988828866335,0 -71.62892726694379,-16.32011382351784,0 -71.62912658876063,-16.32010857524512,0 -71.62855657035468,-16.32046294231914,0 
							</coordinates>
						</LinearRing>
					</outerBoundaryIs>
				</Polygon>
			</Placemark>
			<Placemark>
				<name>1.29.53-37</name>
				<styleUrl>#falseColor163900600000</styleUrl>
				<Polygon>
					<tessellate>1</tessellate>
					<outerBoundaryIs>
						<LinearRing>
							<coordinates>
								-71.6288186159892,-16.32083036700876,0 -71.6285989289016,-16.32050440631062,0 -71.62932111388426,-16.32007795032832,0 -71.62954000179582,-16.32039744198246,0 -71.6288186159892,-16.32083036700876,0 
							</coordinates>
						</LinearRing>
					</outerBoundaryIs>
				</Polygon>
			</Placemark>
			<Placemark>
				<name>1.29.53-38</name>
				<styleUrl>#falseColor163900600000</styleUrl>
				<Polygon>
					<tessellate>1</tessellate>
					<outerBoundaryIs>
						<LinearRing>
							<coordinates>
								-71.62906079351144,-16.3211906614271,0 -71.6288481984447,-16.32087882390877,0 -71.6295453173372,-16.32044176799929,0 -71.6296761486565,-16.32065366095203,0 -71.6297162240204,-16.32079325589211,0 -71.62906079351144,-16.3211906614271,0 
							</coordinates>
						</LinearRing>
					</outerBoundaryIs>
				</Polygon>
			</Placemark>
			<Placemark>
				<name>1.29.53-39</name>
				<styleUrl>#falseColor163900600000</styleUrl>
				<Polygon>
					<tessellate>1</tessellate>
					<outerBoundaryIs>
						<LinearRing>
							<coordinates>
								-71.62920496741057,-16.32141701716006,0 -71.62909878416798,-16.32123110022635,0 -71.62973804164257,-16.32085321603693,0 -71.62981869948197,-16.32128867584981,0 -71.62920496741057,-16.32141701716006,0 
							</coordinates>
						</LinearRing>
					</outerBoundaryIs>
				</Polygon>
			</Placemark>
			<Placemark>
				<name>1.29.53-40</name>
				<styleUrl>#falseColor163900600000</styleUrl>
				<Polygon>
					<tessellate>1</tessellate>
					<outerBoundaryIs>
						<LinearRing>
							<coordinates>
								-71.62945748494057,-16.32180686873059,0 -71.6292397999502,-16.32146006874861,0 -71.62983219053737,-16.32134421307848,0 -71.62989883633961,-16.32171659348515,0 -71.62945748494057,-16.32180686873059,0 
							</coordinates>
						</LinearRing>
					</outerBoundaryIs>
				</Polygon>
			</Placemark>
			<Placemark>
				<name>1.29.53-41</name>
				<styleUrl>#falseColor163900600000</styleUrl>
				<Polygon>
					<tessellate>1</tessellate>
					<outerBoundaryIs>
						<LinearRing>
							<coordinates>
								-71.62961579760737,-16.32204812257085,0 -71.62947529797395,-16.32183729602012,0 -71.62991420640847,-16.32174960778249,0 -71.62995349659919,-16.32197286326136,0 -71.62961579760737,-16.32204812257085,0 
							</coordinates>
						</LinearRing>
					</outerBoundaryIs>
				</Polygon>
			</Placemark>
			<Placemark>
				<name>1.29.53-42</name>
				<styleUrl>#falseColor163900600000</styleUrl>
				<Polygon>
					<tessellate>1</tessellate>
					<outerBoundaryIs>
						<LinearRing>
							<coordinates>
								-71.62991724103087,-16.32250806383151,0 -71.62964658103348,-16.32209445862486,0 -71.6299715622295,-16.32204662426629,0 -71.63005125182234,-16.32243360852305,0 -71.62991724103087,-16.32250806383151,0 
							</coordinates>
						</LinearRing>
					</outerBoundaryIs>
				</Polygon>
			</Placemark>
			<Placemark>
				<name>1.29.67-1</name>
				<styleUrl>#falseColor163900600000</styleUrl>
				<Polygon>
					<tessellate>1</tessellate>
					<outerBoundaryIs>
						<LinearRing>
							<coordinates>
								-71.63491389887442,-16.30976072719045,0 -71.63516134827597,-16.31019928622905,0 -71.63425398160251,-16.31048108272289,0 -71.63405448492897,-16.3100411895236,0 -71.63491389887442,-16.30976072719045,0 
							</coordinates>
						</LinearRing>
					</outerBoundaryIs>
				</Polygon>
			</Placemark>
			<Placemark>
				<name>1.29.67-2</name>
				<styleUrl>#falseColor163900600000</styleUrl>
				<Polygon>
					<tessellate>1</tessellate>
					<outerBoundaryIs>
						<LinearRing>
							<coordinates>
								-71.63531756971578,-16.31058084928327,0 -71.6344819445941,-16.31085333278579,0 -71.63436771824919,-16.31051132997233,0 -71.63521565923747,-16.31023949046219,0 -71.63531756971578,-16.31058084928327,0 
							</coordinates>
						</LinearRing>
					</outerBoundaryIs>
				</Polygon>
			</Placemark>
			<Placemark>
				<name>1.29.67-3</name>
				<styleUrl>#falseColor163900600000</styleUrl>
				<Polygon>
					<tessellate>1</tessellate>
					<outerBoundaryIs>
						<LinearRing>
							<coordinates>
								-71.63545059950252,-16.31064695933862,0 -71.63582858752758,-16.31055054423492,0 -71.63603464082276,-16.31147637147471,0 -71.63563828133961,-16.31157271834027,0 -71.63545059950252,-16.31064695933862,0 
							</coordinates>
						</LinearRing>
					</outerBoundaryIs>
				</Polygon>
			</Placemark>
			<Placemark>
				<name>1.29.67-4</name>
				<styleUrl>#falseColor163900600000</styleUrl>
				<Polygon>
					<tessellate>1</tessellate>
					<outerBoundaryIs>
						<LinearRing>
							<coordinates>
								-71.63497706641608,-16.31078939758561,0 -71.63536492278455,-16.31068213602765,0 -71.6355708829595,-16.31159798432865,0 -71.63517975667718,-16.3117197066257,0 -71.63497706641608,-16.31078939758561,0 
							</coordinates>
						</LinearRing>
					</outerBoundaryIs>
				</Polygon>
			</Placemark>
			<Placemark>
				<name>1.29.67-5</name>
				<styleUrl>#falseColor163900600000</styleUrl>
				<Polygon>
					<tessellate>1</tessellate>
					<outerBoundaryIs>
						<LinearRing>
							<coordinates>
								-71.63511104812642,-16.31175267140253,0 -71.63471996560781,-16.31186170097986,0 -71.63452430273273,-16.31093588872294,0 -71.63492080123066,-16.3108217070892,0 -71.63511104812642,-16.31175267140253,0 
							</coordinates>
						</LinearRing>
					</outerBoundaryIs>
				</Polygon>
			</Placemark>
			<Placemark>
				<name>1.29.67-6</name>
				<styleUrl>#falseColor163900600000</styleUrl>
				<Polygon>
					<tessellate>1</tessellate>
					<outerBoundaryIs>
						<LinearRing>
							<coordinates>
								-71.63529024182314,-16.31257358254949,0 -71.63489022352252,-16.31264124861852,0 -71.63473691586593,-16.31192204194168,0 -71.63510542910903,-16.31180912145856,0 -71.63529024182314,-16.31257358254949,0 
							</coordinates>
						</LinearRing>
					</outerBoundaryIs>
				</Polygon>
			</Placemark>
			<Placemark>
				<name>1.29.67-7</name>
				<styleUrl>#falseColor163900600000</styleUrl>
				<Polygon>
					<tessellate>1</tessellate>
					<outerBoundaryIs>
						<LinearRing>
							<coordinates>
								-71.63519940049051,-16.31177231371949,0 -71.63557116072072,-16.31166078157757,0 -71.63575367916927,-16.31250015276896,0 -71.63537225768839,-16.312568357308,0 -71.63519940049051,-16.31177231371949,0 
							</coordinates>
						</LinearRing>
					</outerBoundaryIs>
				</Polygon>
			</Placemark>
			<Placemark>
				<name>1.29.67-8</name>
				<styleUrl>#falseColor163900600000</styleUrl>
				<Polygon>
					<tessellate>1</tessellate>
					<outerBoundaryIs>
						<LinearRing>
							<coordinates>
								-71.63630171618183,-16.31227808258081,0 -71.63603398274566,-16.31244882761401,0 -71.63584756539058,-16.31249819368168,0 -71.63565527302005,-16.3116322357981,0 -71.63604339058216,-16.31153033241712,0 -71.63630171618183,-16.31227808258081,0 
							</coordinates>
						</LinearRing>
					</outerBoundaryIs>
				</Polygon>
			</Placemark>
			<Placemark>
				<name>1.29.67-9</name>
				<styleUrl>#falseColor163900600000</styleUrl>
				<Polygon>
					<tessellate>1</tessellate>
					<outerBoundaryIs>
						<LinearRing>
							<coordinates>
								-71.63609984001407,-16.31149721870258,0 -71.63628220848564,-16.31143824024837,0 -71.63656544424039,-16.31212732499767,0 -71.63633869754999,-16.31226039003379,0 -71.63609984001407,-16.31149721870258,0 
							</coordinates>
						</LinearRing>
					</outerBoundaryIs>
				</Polygon>
			</Placemark>
			<Placemark>
				<name>1.29.67-10</name>
				<styleUrl>#falseColor163900600000</styleUrl>
				<Polygon>
					<tessellate>1</tessellate>
					<outerBoundaryIs>
						<LinearRing>
							<coordinates>
								-71.63628923188878,-16.31238321733012,0 -71.63659981032555,-16.31219726100515,0 -71.63722193751315,-16.31292726577253,0 -71.63692158201134,-16.31310955932916,0 -71.63628923188878,-16.31238321733012,0 
							</coordinates>
						</LinearRing>
					</outerBoundaryIs>
				</Polygon>
			</Placemark>
			<Placemark>
				<name>1.29.67-11</name>
				<styleUrl>#falseColor163900600000</styleUrl>
				<Polygon>
					<tessellate>1</tessellate>
					<outerBoundaryIs>
						<LinearRing>
							<coordinates>
								-71.63591210139528,-16.31261717486106,0 -71.6362176931766,-16.31243504692214,0 -71.63685469293266,-16.31315639977321,0 -71.63656289454283,-16.31333535347553,0 -71.63591210139528,-16.31261717486106,0 
							</coordinates>
						</LinearRing>
					</outerBoundaryIs>
				</Polygon>
			</Placemark>
			<Placemark>
				<name>1.29.67-12</name>
				<styleUrl>#falseColor163900600000</styleUrl>
				<Polygon>
					<tessellate>1</tessellate>
					<outerBoundaryIs>
						<LinearRing>
							<coordinates>
								-71.63537785335642,-16.31264693420037,0 -71.63578347685494,-16.31258981113217,0 -71.63595390852002,-16.31340767915473,0 -71.6355496531144,-16.31345347141539,0 -71.63537785335642,-16.31264693420037,0 
							</coordinates>
						</LinearRing>
					</outerBoundaryIs>
				</Polygon>
			</Placemark>
			<Placemark>
				<name>1.29.67-13</name>
				<styleUrl>#falseColor163900600000</styleUrl>
				<Polygon>
					<tessellate>1</tessellate>
					<outerBoundaryIs>
						<LinearRing>
							<coordinates>
								-71.63547582762294,-16.31348414493019,0 -71.63509129035155,-16.31355701472426,0 -71.63491235261017,-16.31274501079466,0 -71.63531216446886,-16.31266470498204,0 -71.63547582762294,-16.31348414493019,0 
							</coordinates>
						</LinearRing>
					</outerBoundaryIs>
				</Polygon>
			</Placemark>
			<Placemark>
				<name>1.29.67-14</name>
				<styleUrl>#falseColor163900600000</styleUrl>
				<Polygon>
					<tessellate>1</tessellate>
					<outerBoundaryIs>
						<LinearRing>
							<coordinates>
								-71.63510464542844,-16.31365353465305,0 -71.6354878789811,-16.31356220228461,0 -71.63568165778902,-16.31441527428899,0 -71.63525520609139,-16.31430738296299,0 -71.63510464542844,-16.31365353465305,0 
							</coordinates>
						</LinearRing>
					</outerBoundaryIs>
				</Polygon>
			</Placemark>
			<Placemark>
				<name>1.29.67-15</name>
				<styleUrl>#falseColor163900600000</styleUrl>
				<Polygon>
					<tessellate>1</tessellate>
					<outerBoundaryIs>
						<LinearRing>
							<coordinates>
								-71.63555524677282,-16.31355104686718,0 -71.63596518959127,-16.31348241896824,0 -71.63614260543585,-16.3142453426738,0 -71.63620642458254,-16.31457437250499,0 -71.63576194105705,-16.31444641843138,0 -71.63555524677282,-16.31355104686718,0 
							</coordinates>
						</LinearRing>
					</outerBoundaryIs>
				</Polygon>
			</Placemark>
			<Placemark>
				<name>1.29.67-16</name>
				<styleUrl>#falseColor163900600000</styleUrl>
				<Polygon>
					<tessellate>1</tessellate>
					<outerBoundaryIs>
						<LinearRing>
							<coordinates>
								-71.63696033134026,-16.31452112741726,0 -71.6366843658558,-16.31472328663098,0 -71.63623764307366,-16.31424648526501,0 -71.6361248812468,-16.31381961700868,0 -71.63609051755769,-16.3135708760167,0 -71.63696033134026,-16.31452112741726,0 
							</coordinates>
						</LinearRing>
					</outerBoundaryIs>
				</Polygon>
			</Placemark>
			<Placemark>
				<name>1.29.67-17</name>
				<styleUrl>#falseColor163900600000</styleUrl>
				<Polygon>
					<tessellate>1</tessellate>
					<outerBoundaryIs>
						<LinearRing>
							<coordinates>
								-71.63606455090633,-16.31343039261796,0 -71.6359793069563,-16.31316557298004,0 -71.63587352945125,-16.31266003273571,0 -71.63648479986023,-16.31338574627338,0 -71.63686059534972,-16.31378294067031,0 -71.63724333222238,-16.31424026180971,0 -71.63699286939864,-16.31447013531017,0 -71.63606455090633,-16.31343039261796,0 
							</coordinates>
						</LinearRing>
					</outerBoundaryIs>
				</Polygon>
			</Placemark>
			<Placemark>
				<name>1.29.67-18</name>
				<styleUrl>#falseColor163900600000</styleUrl>
				<Polygon>
					<tessellate>1</tessellate>
					<outerBoundaryIs>
						<LinearRing>
							<coordinates>
								-71.63661032884816,-16.31339564418667,0 -71.63692440268171,-16.31321359967311,0 -71.63761095462169,-16.31394724736812,0 -71.63731657159181,-16.31416848788668,0 -71.63661032884816,-16.31339564418667,0 
							</coordinates>
						</LinearRing>
					</outerBoundaryIs>
				</Polygon>
			</Placemark>
			<Placemark>
				<name>1.29.67-19</name>
				<styleUrl>#falseColor163900600000</styleUrl>
				<Polygon>
					<tessellate>1</tessellate>
					<outerBoundaryIs>
						<LinearRing>
							<coordinates>
								-71.63694133673698,-16.31313903127898,0 -71.63725386557427,-16.31295839111283,0 -71.63762526937863,-16.31332949961776,0 -71.63735240900249,-16.31353789893097,0 -71.63694133673698,-16.31313903127898,0 
							</coordinates>
						</LinearRing>
					</outerBoundaryIs>
				</Polygon>
			</Placemark>
			<Placemark>
				<name>1.29.67-20</name>
				<styleUrl>#falseColor163900600000</styleUrl>
				<Polygon>
					<tessellate>1</tessellate>
					<outerBoundaryIs>
						<LinearRing>
							<coordinates>
								-71.63736944650236,-16.31354985676691,0 -71.63763527960118,-16.31334669885438,0 -71.63792349693614,-16.31359668342392,0 -71.63828561732002,-16.31376795893653,0 -71.63841645457933,-16.31392697472759,0 -71.63847751200538,-16.31399354233024,0 -71.63834064905889,-16.31422028833712,0 -71.63774089005381,-16.31384766346134,0 -71.63736944650236,-16.31354985676691,0 
							</coordinates>
						</LinearRing>
					</outerBoundaryIs>
				</Polygon>
			</Placemark>
			<Placemark>
				<name>1.29.67-21</name>
				<styleUrl>#falseColor163900600000</styleUrl>
				<Polygon>
					<tessellate>1</tessellate>
					<outerBoundaryIs>
						<LinearRing>
							<coordinates>
								-71.63833052941146,-16.31432644699855,0 -71.63822505410749,-16.31458545447385,0 -71.63737722192641,-16.31422102962799,0 -71.63772540037058,-16.31391992067495,0 -71.63833052941146,-16.31432644699855,0 
							</coordinates>
						</LinearRing>
					</outerBoundaryIs>
				</Polygon>
			</Placemark>
			<Placemark>
				<name>1.29.67-22</name>
				<styleUrl>#falseColor163900600000</styleUrl>
				<Polygon>
					<tessellate>1</tessellate>
					<outerBoundaryIs>
						<LinearRing>
							<coordinates>
								-71.63675923180485,-16.31474798125612,0 -71.63726111685197,-16.31426682200155,0 -71.63734233569049,-16.31431405163575,0 -71.63716297990605,-16.31485780124681,0 -71.63675923180485,-16.31474798125612,0 
							</coordinates>
						</LinearRing>
					</outerBoundaryIs>
				</Polygon>
			</Placemark>
			<Placemark>
				<name>1.29.67-23</name>
				<styleUrl>#falseColor163900600000</styleUrl>
				<Polygon>
					<tessellate>1</tessellate>
					<outerBoundaryIs>
						<LinearRing>
							<coordinates>
								-71.63722150182538,-16.31488172114632,0 -71.63741009279937,-16.31431924762748,0 -71.63777130450852,-16.31447417369925,0 -71.63761059101657,-16.31498638904486,0 -71.63722150182538,-16.31488172114632,0 
							</coordinates>
						</LinearRing>
					</outerBoundaryIs>
				</Polygon>
			</Placemark>
			<Placemark>
				<name>1.29.67-24</name>
				<styleUrl>#falseColor163900600000</styleUrl>
				<Polygon>
					<tessellate>1</tessellate>
					<outerBoundaryIs>
						<LinearRing>
							<coordinates>
								-71.63782810829684,-16.31450256608854,0 -71.63819409901005,-16.31465438392965,0 -71.6380631653637,-16.31512254108931,0 -71.63767786272793,-16.3149997618266,0 -71.63782810829684,-16.31450256608854,0 
							</coordinates>
						</LinearRing>
					</outerBoundaryIs>
				</Polygon>
			</Placemark>
			<Placemark>
				<name>1.29.67-25</name>
				<styleUrl>#falseColor163900600000</styleUrl>
				<Polygon>
					<tessellate>1</tessellate>
					<outerBoundaryIs>
						<LinearRing>
							<coordinates>
								-71.63812117877269,-16.31513475127081,0 -71.63833285169372,-16.31449535995527,0 -71.63841282517575,-16.31424923703738,0 -71.63857408080185,-16.31422050306821,0 -71.63878758995624,-16.31534101722109,0 -71.63812117877269,-16.31513475127081,0 
							</coordinates>
						</LinearRing>
					</outerBoundaryIs>
				</Polygon>
			</Placemark>
			<Placemark>
				<name>1.29.67-27</name>
				<styleUrl>#falseColor163900600000</styleUrl>
				<Polygon>
					<tessellate>1</tessellate>
					<outerBoundaryIs>
						<LinearRing>
							<coordinates>
								-71.63905480850995,-16.31402824976612,0 -71.63914216634734,-16.31438887712121,0 -71.63928631909107,-16.31499096467741,0 -71.63936466018757,-16.31528391364786,0 -71.6398757958051,-16.31638352738871,0 -71.63951007656746,-16.31650597262997,0 -71.63903288606791,-16.3155714563106,0 -71.63903505039168,-16.31557412245247,0 -71.63886552944383,-16.31507118298327,0 -71.63876623671784,-16.31451915499041,0 -71.63867463334843,-16.31414630501132,0 -71.63905480850995,-16.31402824976612,0 
							</coordinates>
						</LinearRing>
					</outerBoundaryIs>
				</Polygon>
			</Placemark>
			<Placemark>
				<name>1.29.67-28</name>
				<styleUrl>#falseColor163900600000</styleUrl>
				<Polygon>
					<tessellate>1</tessellate>
					<outerBoundaryIs>
						<LinearRing>
							<coordinates>
								-71.63940673087221,-16.31523009983366,0 -71.63977220599945,-16.31508931321694,0 -71.64012117136535,-16.3157990610452,0 -71.64029278617492,-16.31627303088658,0 -71.63999111288953,-16.31637931055635,0 -71.63940673087221,-16.31523009983366,0 
							</coordinates>
						</LinearRing>
					</outerBoundaryIs>
				</Polygon>
			</Placemark>
			<Placemark>
				<name>1.29.67-30</name>
				<LookAt>
					<longitude>-71.63936652720678</longitude>
					<latitude>-16.31418224300334</latitude>
					<altitude>0</altitude>
					<heading>10.51832190134538</heading>
					<tilt>14.09041157692065</tilt>
					<range>279.930856939104</range>
					<gx:altitudeMode>relativeToSeaFloor</gx:altitudeMode>
				</LookAt>
				<styleUrl>#falseColor163900600000</styleUrl>
				<Polygon>
					<tessellate>1</tessellate>
					<outerBoundaryIs>
						<LinearRing>
							<coordinates>
								-71.63930582920037,-16.31434629134466,0 -71.63908524348686,-16.31401960205658,0 -71.63927265168113,-16.31394843253221,0 -71.63940365008187,-16.31402275648346,0 -71.63951413069626,-16.3142526819847,0 -71.63930582920037,-16.31434629134466,0 
							</coordinates>
						</LinearRing>
					</outerBoundaryIs>
				</Polygon>
			</Placemark>
			<Placemark>
				<name>1.29.67-31</name>
				<styleUrl>#falseColor163900600000</styleUrl>
				<Polygon>
					<tessellate>1</tessellate>
					<outerBoundaryIs>
						<LinearRing>
							<coordinates>
								-71.63903624597624,-16.31396115880437,0 -71.6386566027323,-16.31408056732949,0 -71.63856901300292,-16.31391514385345,0 -71.63817917421461,-16.31354004253319,0 -71.63841791930108,-16.31326084438217,0 -71.63885686498158,-16.31363605560467,0 -71.63903624597624,-16.31396115880437,0 
							</coordinates>
						</LinearRing>
					</outerBoundaryIs>
				</Polygon>
			</Placemark>
			<Placemark>
				<name>1.29.67-32</name>
				<styleUrl>#falseColor163900600000</styleUrl>
				<Polygon>
					<tessellate>1</tessellate>
					<outerBoundaryIs>
						<LinearRing>
							<coordinates>
								-71.63672408656437,-16.31210488261628,0 -71.63704341549884,-16.3119628237908,0 -71.63717525364446,-16.31224932425803,0 -71.63835680884488,-16.31322586346446,0 -71.63809092427985,-16.31349512144321,0 -71.63700696418434,-16.31254931866852,0 -71.63678970731173,-16.3122865203073,0 -71.63672408656437,-16.31210488261628,0 
							</coordinates>
						</LinearRing>
					</outerBoundaryIs>
				</Polygon>
			</Placemark>
			<Placemark>
				<name>1.29.67-33</name>
				<styleUrl>#falseColor163900600000</styleUrl>
				<Polygon>
					<tessellate>1</tessellate>
					<outerBoundaryIs>
						<LinearRing>
							<coordinates>
								-71.63712662106131,-16.31192656777796,0 -71.63747335063603,-16.31177904956761,0 -71.63757436321001,-16.31199226787048,0 -71.63823393155452,-16.31254647315771,0 -71.63868291275379,-16.31291597843103,0 -71.63840996762984,-16.3131554257589,0 -71.63773687593185,-16.31258883646386,0 -71.63726571824125,-16.31220412535865,0 -71.63712662106131,-16.31192656777796,0 
							</coordinates>
						</LinearRing>
					</outerBoundaryIs>
				</Polygon>
			</Placemark>
			<Placemark>
				<name>1.29.67-34</name>
				<styleUrl>#falseColor163900600000</styleUrl>
				<Polygon>
					<tessellate>1</tessellate>
					<outerBoundaryIs>
						<LinearRing>
							<coordinates>
								-71.63760557053472,-16.31193585017964,0 -71.63784386189934,-16.31167929913759,0 -71.6381894825997,-16.31187141749173,0 -71.6384163419889,-16.31203941145831,0 -71.63831913607332,-16.31224949960745,0 -71.63836633876851,-16.31235317494319,0 -71.63826665255085,-16.31248523152776,0 -71.63760557053472,-16.31193585017964,0 
							</coordinates>
						</LinearRing>
					</outerBoundaryIs>
				</Polygon>
			</Placemark>
			<Placemark>
				<name>1.29.67-35</name>
				<styleUrl>#falseColor163900600000</styleUrl>
				<Polygon>
					<tessellate>1</tessellate>
					<outerBoundaryIs>
						<LinearRing>
							<coordinates>
								-71.63707293618577,-16.31187796167153,0 -71.63680281911216,-16.31120470150246,0 -71.63700843657347,-16.31112085123333,0 -71.63742112021956,-16.31171366340996,0 -71.63707293618577,-16.31187796167153,0 
							</coordinates>
						</LinearRing>
					</outerBoundaryIs>
				</Polygon>
			</Placemark>
			<Placemark>
				<name>1.29.67-36</name>
				<styleUrl>#falseColor163900600000</styleUrl>
				<Polygon>
					<tessellate>1</tessellate>
					<outerBoundaryIs>
						<LinearRing>
							<coordinates>
								-71.63701470198092,-16.31189537242888,0 -71.63668158653635,-16.31205512480361,0 -71.6363816174015,-16.31137292143157,0 -71.63671131969689,-16.31122227013422,0 -71.63701470198092,-16.31189537242888,0 
							</coordinates>
						</LinearRing>
					</outerBoundaryIs>
				</Polygon>
			</Placemark>
			<Placemark>
				<name>1.29.67-37</name>
				<styleUrl>#falseColor163900600000</styleUrl>
				<Polygon>
					<tessellate>1</tessellate>
					<outerBoundaryIs>
						<LinearRing>
							<coordinates>
								-71.63579282582806,-16.31007625454529,0 -71.63616532032252,-16.30993418146441,0 -71.63633742606119,-16.31043427895544,0 -71.63667665799773,-16.31117132692483,0 -71.63633681980797,-16.31132485368662,0 -71.63579282582806,-16.31007625454529,0 
							</coordinates>
						</LinearRing>
					</outerBoundaryIs>
				</Polygon>
			</Placemark>
			<Placemark>
				<name>1.29.67-38</name>
				<styleUrl>#falseColor163900600000</styleUrl>
				<Polygon>
					<tessellate>1</tessellate>
					<outerBoundaryIs>
						<LinearRing>
							<coordinates>
								-71.63595278737466,-16.31078550568123,0 -71.63605504567123,-16.31096724391436,0 -71.63625405182654,-16.31136144763957,0 -71.63607696953481,-16.31142232413863,0 -71.63595278737466,-16.31078550568123,0 
							</coordinates>
						</LinearRing>
					</outerBoundaryIs>
				</Polygon>
			</Placemark>
			<Placemark>
				<name>1.29.67-39</name>
				<styleUrl>#falseColor163900600000</styleUrl>
				<Polygon>
					<tessellate>1</tessellate>
					<outerBoundaryIs>
						<LinearRing>
							<coordinates>
								-71.63572668625788,-16.31009476959853,0 -71.63582371897493,-16.31039910618659,0 -71.63539318987183,-16.31053802325282,0 -71.63529075755456,-16.31020134279973,0 -71.63572668625788,-16.31009476959853,0 
							</coordinates>
						</LinearRing>
					</outerBoundaryIs>
				</Polygon>
			</Placemark>
			<Placemark>
				<name>1.29.67-40</name>
				<styleUrl>#falseColor163900600000</styleUrl>
				<Polygon>
					<tessellate>1</tessellate>
					<outerBoundaryIs>
						<LinearRing>
							<coordinates>
								-71.63530975083734,-16.31014182510275,0 -71.63506445285752,-16.30967952582697,0 -71.6358520443858,-16.30931139052715,0 -71.63618914463754,-16.30987437627637,0 -71.63530975083734,-16.31014182510275,0 
							</coordinates>
						</LinearRing>
					</outerBoundaryIs>
				</Polygon>
			</Placemark>
			<Placemark>
				<name>1.29.67-41</name>
				<styleUrl>#falseColor163900600000</styleUrl>
				<Polygon>
					<tessellate>1</tessellate>
					<outerBoundaryIs>
						<LinearRing>
							<coordinates>
								-71.63590573312925,-16.30909765562436,0 -71.63612966414381,-16.30880836302923,0 -71.63682572494731,-16.30907801299163,0 -71.63716752666453,-16.31005961101436,0 -71.63669724985152,-16.31022568004581,0 -71.63590573312925,-16.30909765562436,0 
							</coordinates>
						</LinearRing>
					</outerBoundaryIs>
				</Polygon>
			</Placemark>
			<Placemark>
				<name>1.29.67-43</name>
				<styleUrl>#falseColor163900600000</styleUrl>
				<Polygon>
					<tessellate>1</tessellate>
					<outerBoundaryIs>
						<LinearRing>
							<coordinates>
								-71.63698481158792,-16.31105601374342,0 -71.63673465323235,-16.31113977100207,0 -71.63648590495413,-16.31058896417865,0 -71.63666198483658,-16.31052328144834,0 -71.63683747060382,-16.31064862199501,0 -71.63698481158792,-16.31105601374342,0 
							</coordinates>
						</LinearRing>
					</outerBoundaryIs>
				</Polygon>
			</Placemark>
			<Placemark>
				<name>1.29.67-44</name>
				<styleUrl>#falseColor163900600000</styleUrl>
				<Polygon>
					<tessellate>1</tessellate>
					<outerBoundaryIs>
						<LinearRing>
							<coordinates>
								-71.63922248247709,-16.31389791888153,0 -71.63906682007207,-16.31394405973425,0 -71.63889013608076,-16.31359658088597,0 -71.63862429084978,-16.31337835872111,0 -71.63848035239641,-16.31322108451827,0 -71.63870036214247,-16.31300072172311,0 -71.63922248247709,-16.31389791888153,0 
							</coordinates>
						</LinearRing>
					</outerBoundaryIs>
				</Polygon>
			</Placemark>
			<Placemark>
				<name>1.29.68-1</name>
				<styleUrl>#falseColor163900600000</styleUrl>
				<Polygon>
					<tessellate>1</tessellate>
					<outerBoundaryIs>
						<LinearRing>
							<coordinates>
								-71.62811040024063,-16.3165845894834,0 -71.62800847811278,-16.31634835366741,0 -71.62817782244413,-16.31620512377761,0 -71.62808811673375,-16.31578844123806,0 -71.62849801648173,-16.31562719847659,0 -71.62860002649055,-16.31627191132957,0 -71.62811040024063,-16.3165845894834,0 
							</coordinates>
						</LinearRing>
					</outerBoundaryIs>
				</Polygon>
			</Placemark>
			<Placemark>
				<name>1.29.68-2</name>
				<styleUrl>#falseColor163900600000</styleUrl>
				<Polygon>
					<tessellate>1</tessellate>
					<outerBoundaryIs>
						<LinearRing>
							<coordinates>
								-71.62866436341049,-16.31623223114932,0 -71.62856067616937,-16.31556189648238,0 -71.62890037864497,-16.31543471709709,0 -71.62901257849472,-16.31602057921451,0 -71.62866436341049,-16.31623223114932,0 
							</coordinates>
						</LinearRing>
					</outerBoundaryIs>
				</Polygon>
			</Placemark>
			<Placemark>
				<name>1.29.68-3</name>
				<styleUrl>#falseColor163900600000</styleUrl>
				<Polygon>
					<tessellate>1</tessellate>
					<outerBoundaryIs>
						<LinearRing>
							<coordinates>
								-71.6290567445904,-16.31600947943631,0 -71.62896704364105,-16.31541915654175,0 -71.62931494087923,-16.3152484921986,0 -71.62939528818286,-16.31582632578595,0 -71.6290567445904,-16.31600947943631,0 
							</coordinates>
						</LinearRing>
					</outerBoundaryIs>
				</Polygon>
			</Placemark>
			<Placemark>
				<name>1.29.68-4</name>
				<styleUrl>#falseColor163900600000</styleUrl>
				<Polygon>
					<tessellate>1</tessellate>
					<outerBoundaryIs>
						<LinearRing>
							<coordinates>
								-71.62943085168808,-16.31578769733067,0 -71.62935625530142,-16.31522527197228,0 -71.62951674759051,-16.31513722729601,0 -71.62952952411541,-16.31413016303442,0 -71.62963476657185,-16.31341013782341,0 -71.62952446443357,-16.31334785306791,0 -71.62951308607197,-16.31334498540652,0 -71.6295063178099,-16.31334374064739,0 -71.62924305611772,-16.31326278724927,0 -71.62927518498424,-16.31290922839956,0 -71.62994398814924,-16.31305733195199,0 -71.62979359107773,-16.3136633723812,0 -71.62974815672622,-16.31421394924668,0 -71.62972693512368,-16.3148929287642,0 -71.62977997240213,-16.31561735251483,0 -71.62943085168808,-16.31578769733067,0 
							</coordinates>
						</LinearRing>
					</outerBoundaryIs>
				</Polygon>
			</Placemark>
			<Placemark>
				<name>1.29.68-5</name>
				<styleUrl>#falseColor163900600000</styleUrl>
				<Polygon>
					<tessellate>1</tessellate>
					<outerBoundaryIs>
						<LinearRing>
							<coordinates>
								-71.62933338070579,-16.31281461610624,0 -71.6295120079271,-16.31245653865948,0 -71.63009153423228,-16.31266458485965,0 -71.62997943117179,-16.31301870791407,0 -71.62933338070579,-16.31281461610624,0 
							</coordinates>
						</LinearRing>
					</outerBoundaryIs>
				</Polygon>
			</Placemark>
			<Placemark>
				<name>1.29.68-6</name>
				<styleUrl>#falseColor163900600000</styleUrl>
				<Polygon>
					<tessellate>1</tessellate>
					<outerBoundaryIs>
						<LinearRing>
							<coordinates>
								-71.63018787213375,-16.31199088489728,0 -71.63012607843258,-16.31176324764714,0 -71.62998940545748,-16.31173812961644,0 -71.62992859165905,-16.31148826400527,0 -71.62998929801572,-16.3112213106462,0 -71.63004498403447,-16.31069560561231,0 -71.63029676616168,-16.31070966468722,0 -71.63036054746631,-16.31138637173189,0 -71.63041741763321,-16.31185830118028,0 -71.63037347425214,-16.3121313703249,0 -71.63028920593406,-16.31237845703572,0 -71.63012473405574,-16.31263564732381,0 -71.62995024436738,-16.31257441025055,0 -71.62965139566678,-16.31245675257241,0 -71.6296802314606,-16.31240928288161,0 -71.62985087895825,-16.31244381324223,0 -71.63001721074886,-16.31233283998127,0 -71.6301374203378,-16.31221483612226,0 -71.63018787213375,-16.31199088489728,0 
							</coordinates>
						</LinearRing>
					</outerBoundaryIs>
				</Polygon>
			</Placemark>
			<Placemark>
				<name>1.29.68-7</name>
				<styleUrl>#falseColor163900600000</styleUrl>
				<Polygon>
					<tessellate>1</tessellate>
					<outerBoundaryIs>
						<LinearRing>
							<coordinates>
								-71.63041873854088,-16.31066379867045,0 -71.63073010238023,-16.3106684673033,0 -71.63080282352128,-16.31148642888501,0 -71.63083054185452,-16.31182939941613,0 -71.63084270457536,-16.31219247664581,0 -71.63047633216608,-16.31212119288544,0 -71.63053664343479,-16.31192875771323,0 -71.63049441192645,-16.31128462107435,0 -71.63041873854088,-16.31066379867045,0 
							</coordinates>
						</LinearRing>
					</outerBoundaryIs>
				</Polygon>
			</Placemark>
			<Placemark>
				<name>1.29.68-8</name>
				<styleUrl>#falseColor163900600000</styleUrl>
				<Polygon>
					<tessellate>1</tessellate>
					<outerBoundaryIs>
						<LinearRing>
							<coordinates>
								-71.63043116698543,-16.31223739098051,0 -71.63075060466647,-16.31235155041324,0 -71.63050752383026,-16.31280078142758,0 -71.63032965631594,-16.31321181443095,0 -71.63022191593606,-16.31356373555817,0 -71.62993180059532,-16.31349468370322,0 -71.63004993387381,-16.31311668401985,0 -71.63017046110885,-16.31278191813851,0 -71.63028013133864,-16.31254127424826,0 -71.63043116698543,-16.31223739098051,0 
							</coordinates>
						</LinearRing>
					</outerBoundaryIs>
				</Polygon>
			</Placemark>
			<Placemark>
				<name>1.29.68-9</name>
				<styleUrl>#falseColor163900600000</styleUrl>
				<Polygon>
					<tessellate>1</tessellate>
					<outerBoundaryIs>
						<LinearRing>
							<coordinates>
								-71.63008686453563,-16.31410058387729,0 -71.63007023668682,-16.3143323469461,0 -71.63009263426679,-16.31457107802769,0 -71.63012756771681,-16.31470550395672,0 -71.63015153980274,-16.31494213560091,0 -71.63014247078358,-16.31517716135645,0 -71.63008770616108,-16.31542605985267,0 -71.62988859336237,-16.31554769957729,0 -71.62986152938841,-16.31510113114127,0 -71.62985710056125,-16.31458049741282,0 -71.62987981281111,-16.31415418874993,0 -71.62990968065371,-16.31355673709116,0 -71.63019119835521,-16.31362562510758,0 -71.63008686453563,-16.31410058387729,0 
							</coordinates>
						</LinearRing>
					</outerBoundaryIs>
				</Polygon>
			</Placemark>
			<Placemark>
				<name>1.29.68-10</name>
				<styleUrl>#falseColor163900600000</styleUrl>
				<Polygon>
					<tessellate>1</tessellate>
					<outerBoundaryIs>
						<LinearRing>
							<coordinates>
								-71.63016646786006,-16.31414256796677,0 -71.63027266253938,-16.3135927795118,0 -71.63060141770715,-16.31365829389204,0 -71.63057968511073,-16.31407398745218,0 -71.63056098442544,-16.31440429776785,0 -71.63016658232236,-16.31448598373483,0 -71.63011142194195,-16.31437100719699,0 -71.63016646786006,-16.31414256796677,0 
							</coordinates>
						</LinearRing>
					</outerBoundaryIs>
				</Polygon>
			</Placemark>
			<Placemark>
				<name>1.29.68-11</name>
				<styleUrl>#falseColor163900600000</styleUrl>
				<Polygon>
					<tessellate>1</tessellate>
					<outerBoundaryIs>
						<LinearRing>
							<coordinates>
								-71.63029511195454,-16.31355181905491,0 -71.63043234994639,-16.31311227180622,0 -71.63058158991622,-16.3127650454821,0 -71.63072239274608,-16.31251665813232,0 -71.63089197082245,-16.31260779721005,0 -71.63070033645911,-16.31303270132925,0 -71.63052948762392,-16.31359019451298,0 -71.63029511195454,-16.31355181905491,0 
							</coordinates>
						</LinearRing>
					</outerBoundaryIs>
				</Polygon>
			</Placemark>
			<Placemark>
				<name>1.29.68-12</name>
				<styleUrl>#falseColor163900600000</styleUrl>
				<Polygon>
					<tessellate>1</tessellate>
					<outerBoundaryIs>
						<LinearRing>
							<coordinates>
								-71.63067474353083,-16.31375671439005,0 -71.6307011492446,-16.31328542463432,0 -71.6310290124666,-16.31329817743402,0 -71.63091889939959,-16.31435645097507,0 -71.63062873350179,-16.3143445866211,0 -71.63067474353083,-16.31375671439005,0 
							</coordinates>
						</LinearRing>
					</outerBoundaryIs>
				</Polygon>
			</Placemark>
			<Placemark>
				<name>1.29.68-13</name>
				<styleUrl>#falseColor163900600000</styleUrl>
				<Polygon>
					<tessellate>1</tessellate>
					<outerBoundaryIs>
						<LinearRing>
							<coordinates>
								-71.63107399871102,-16.31325274867691,0 -71.63144604121455,-16.31327784815845,0 -71.63140499084139,-16.31391846631155,0 -71.63101835449687,-16.31405199793534,0 -71.63107399871102,-16.31325274867691,0 
							</coordinates>
						</LinearRing>
					</outerBoundaryIs>
				</Polygon>
			</Placemark>
			<Placemark>
				<name>1.29.68-14</name>
				<styleUrl>#falseColor163900600000</styleUrl>
				<Polygon>
					<tessellate>1</tessellate>
					<outerBoundaryIs>
						<LinearRing>
							<coordinates>
								-71.63107342984031,-16.31320022987451,0 -71.63111639082587,-16.31282268774302,0 -71.63149177216677,-16.31285417187401,0 -71.63144892377582,-16.31321750279838,0 -71.63107342984031,-16.31320022987451,0 
							</coordinates>
						</LinearRing>
					</outerBoundaryIs>
				</Polygon>
			</Placemark>
			<Placemark>
				<name>1.29.68-15</name>
				<styleUrl>#falseColor163900600000</styleUrl>
				<Polygon>
					<tessellate>1</tessellate>
					<outerBoundaryIs>
						<LinearRing>
							<coordinates>
								-71.63155708258981,-16.31286004711418,0 -71.63196448314594,-16.31289275448033,0 -71.63192299476523,-16.31334945014667,0 -71.63187427426772,-16.31411199075557,0 -71.63147332127096,-16.31406638633286,0 -71.63155708258981,-16.31286004711418,0 
							</coordinates>
						</LinearRing>
					</outerBoundaryIs>
				</Polygon>
			</Placemark>
			<Placemark>
				<name>1.29.68-17</name>
				<styleUrl>#falseColor163900600000</styleUrl>
				<Polygon>
					<tessellate>1</tessellate>
					<outerBoundaryIs>
						<LinearRing>
							<coordinates>
								-71.63203352527788,-16.31354822408171,0 -71.63205015811852,-16.31313596950613,0 -71.63275397694726,-16.31312939067738,0 -71.63279416438549,-16.31350158139102,0 -71.63203352527788,-16.31354822408171,0 
							</coordinates>
						</LinearRing>
					</outerBoundaryIs>
				</Polygon>
			</Placemark>
			<Placemark>
				<name>1.29.68-18</name>
				<styleUrl>#falseColor163900600000</styleUrl>
				<Polygon>
					<tessellate>1</tessellate>
					<outerBoundaryIs>
						<LinearRing>
							<coordinates>
								-71.63200839064223,-16.3140273584047,0 -71.63202877980855,-16.31357933461057,0 -71.63263845152449,-16.31355567745068,0 -71.63263167601066,-16.31372268810784,0 -71.63229144374257,-16.31376160322754,0 -71.63224696559992,-16.31400237747929,0 -71.63200839064223,-16.3140273584047,0 
							</coordinates>
						</LinearRing>
					</outerBoundaryIs>
				</Polygon>
			</Placemark>
			<Placemark>
				<name>1.29.68-23</name>
				<styleUrl>#falseColor163900600000</styleUrl>
				<Polygon>
					<tessellate>1</tessellate>
					<outerBoundaryIs>
						<LinearRing>
							<coordinates>
								-71.63226540182546,-16.31226510577388,0 -71.63246722441782,-16.31206053642061,0 -71.63272930980777,-16.31172055088132,0 -71.63282338512225,-16.31145223269793,0 -71.63347839923685,-16.31124836518285,0 -71.63418715032427,-16.31103875987584,0 -71.63433223946232,-16.31144500006708,0 -71.63341853528455,-16.31172286657596,0 -71.63317683436421,-16.31180505835072,0 -71.63268351733736,-16.3124126250737,0 -71.63226540182546,-16.31226510577388,0 
							</coordinates>
						</LinearRing>
					</outerBoundaryIs>
				</Polygon>
			</Placemark>
			<Placemark>
				<name>1.29.68-24</name>
				<styleUrl>#falseColor163900600000</styleUrl>
				<Polygon>
					<tessellate>1</tessellate>
					<outerBoundaryIs>
						<LinearRing>
							<coordinates>
								-71.63073260972047,-16.31248403275858,0 -71.63080298568615,-16.31235725780235,0 -71.63111101184757,-16.31228241758368,0 -71.63146350002849,-16.31226504725827,0 -71.63203579268503,-16.31222991558429,0 -71.63204850893733,-16.3126078625681,0 -71.63173397693528,-16.31262187692376,0 -71.63140384324198,-16.31264740424312,0 -71.63117962265179,-16.31266007733996,0 -71.63109671722778,-16.31266486155603,0 -71.63073260972047,-16.31248403275858,0 
							</coordinates>
						</LinearRing>
					</outerBoundaryIs>
				</Polygon>
			</Placemark>
			<Placemark>
				<name>1.29.68-25</name>
				<styleUrl>#falseColor163900600000</styleUrl>
				<Polygon>
					<tessellate>1</tessellate>
					<outerBoundaryIs>
						<LinearRing>
							<coordinates>
								-71.6309559431522,-16.3122236764844,0 -71.63098126298486,-16.31205401364979,0 -71.63106124239214,-16.31186250625514,0 -71.63113048886417,-16.311769313725,0 -71.63120867880882,-16.31166917393458,0 -71.63175962347331,-16.31159444553772,0 -71.63270912556112,-16.31144853751798,0 -71.63265056127581,-16.31162377839633,0 -71.63260814043527,-16.31175203276307,0 -71.63251050683888,-16.31190621993417,0 -71.6324165666754,-16.31200909191554,0 -71.63226408502625,-16.31208124589638,0 -71.63208238036515,-16.31210944201821,0 -71.6309559431522,-16.3122236764844,0 
							</coordinates>
						</LinearRing>
					</outerBoundaryIs>
				</Polygon>
			</Placemark>
			<Placemark>
				<name>1.29.68-26</name>
				<styleUrl>#falseColor163900600000</styleUrl>
				<Polygon>
					<tessellate>1</tessellate>
					<outerBoundaryIs>
						<LinearRing>
							<coordinates>
								-71.63081095224247,-16.3112520836729,0 -71.63149752444951,-16.31117937901606,0 -71.63216331051281,-16.31106075687365,0 -71.63268905456587,-16.31097691616504,0 -71.6327422282988,-16.31134147538483,0 -71.63120703982287,-16.31157977857123,0 -71.63112369592407,-16.3116139474981,0 -71.63108557701722,-16.31166515985649,0 -71.63100745869649,-16.31179321098896,0 -71.6309631015144,-16.31193214544021,0 -71.63087605664789,-16.31191001175366,0 -71.63081095224247,-16.3112520836729,0 
							</coordinates>
						</LinearRing>
					</outerBoundaryIs>
				</Polygon>
			</Placemark>
			<Placemark>
				<name>1.29.68-27</name>
				<styleUrl>#falseColor163900600000</styleUrl>
				<Polygon>
					<tessellate>1</tessellate>
					<outerBoundaryIs>
						<LinearRing>
							<coordinates>
								-71.63282029480141,-16.31131535871674,0 -71.63275870046657,-16.31097160430105,0 -71.63308993734771,-16.31090964789601,0 -71.63333410747174,-16.31084253138692,0 -71.63398428909235,-16.31064871769602,0 -71.63410676000257,-16.3109524573587,0 -71.63351597815851,-16.31113824547254,0 -71.63310428239036,-16.31126471102289,0 -71.63282029480141,-16.31131535871674,0 
							</coordinates>
						</LinearRing>
					</outerBoundaryIs>
				</Polygon>
			</Placemark>
			<Placemark>
				<name>1.29.68-29</name>
				<styleUrl>#falseColor163900600000</styleUrl>
				<Polygon>
					<tessellate>1</tessellate>
					<outerBoundaryIs>
						<LinearRing>
							<coordinates>
								-71.63139541757114,-16.31110411736193,0 -71.6313160183248,-16.31066008488532,0 -71.63192457738502,-16.31057216603211,0 -71.63258088822255,-16.31046106395499,0 -71.63267124751114,-16.31090451952593,0 -71.63139541757114,-16.31110411736193,0 
							</coordinates>
						</LinearRing>
					</outerBoundaryIs>
				</Polygon>
			</Placemark>
			<Placemark>
				<name>1.29.68-30</name>
				<styleUrl>#falseColor163900600000</styleUrl>
				<Polygon>
					<tessellate>1</tessellate>
					<outerBoundaryIs>
						<LinearRing>
							<coordinates>
								-71.63081090665001,-16.31117005874588,0 -71.63076271852219,-16.31066372610194,0 -71.63128192924036,-16.31064533033288,0 -71.63136764312424,-16.31110991217388,0 -71.63081090665001,-16.31117005874588,0 
							</coordinates>
						</LinearRing>
					</outerBoundaryIs>
				</Polygon>
			</Placemark>
			<Placemark>
				<name>1.29.69-7</name>
				<styleUrl>#falseColor163900600000</styleUrl>
				<Polygon>
					<tessellate>1</tessellate>
					<outerBoundaryIs>
						<LinearRing>
							<coordinates>
								-71.63485167847898,-16.30961291500779,0 -71.63438340443433,-16.30981952784497,0 -71.63297219696967,-16.30746988356723,0 -71.6334093088788,-16.30723887212187,0 -71.63485167847898,-16.30961291500779,0 
							</coordinates>
						</LinearRing>
					</outerBoundaryIs>
				</Polygon>
			</Placemark>
			<Placemark>
				<name>1.29.69-12</name>
				<styleUrl>#falseColor163900600000</styleUrl>
				<Polygon>
					<tessellate>1</tessellate>
					<outerBoundaryIs>
						<LinearRing>
							<coordinates>
								-71.63431140521608,-16.30673466168947,0 -71.63480601213057,-16.30753951413164,0 -71.63400913064369,-16.30797929537705,0 -71.6335183008936,-16.30720501996212,0 -71.63431140521608,-16.30673466168947,0 
							</coordinates>
						</LinearRing>
					</outerBoundaryIs>
				</Polygon>
			</Placemark>
			<Placemark>
				<name>1.29.69-13</name>
				<styleUrl>#falseColor163900600000</styleUrl>
				<Polygon>
					<tessellate>1</tessellate>
					<outerBoundaryIs>
						<LinearRing>
							<coordinates>
								-71.63486263465418,-16.30765799468363,0 -71.63576987507041,-16.30919896616349,0 -71.63499038183208,-16.30956833893734,0 -71.63405042465338,-16.30807137024667,0 -71.63486263465418,-16.30765799468363,0 
							</coordinates>
						</LinearRing>
					</outerBoundaryIs>
				</Polygon>
			</Placemark>
			<Placemark>
				<name>1.29.69-15</name>
				<styleUrl>#falseColor163900600000</styleUrl>
				<Polygon>
					<tessellate>1</tessellate>
					<outerBoundaryIs>
						<LinearRing>
							<coordinates>
								-71.63522239264297,-16.30627480184991,0 -71.63566407385555,-16.30700244372908,0 -71.6349190516883,-16.3074287678706,0 -71.63446943394899,-16.30670176184145,0 -71.63522239264297,-16.30627480184991,0 
							</coordinates>
						</LinearRing>
					</outerBoundaryIs>
				</Polygon>
			</Placemark>
			<Placemark>
				<name>1.29.87-1</name>
				<styleUrl>#falseColor163900600000</styleUrl>
				<Polygon>
					<tessellate>1</tessellate>
					<outerBoundaryIs>
						<LinearRing>
							<coordinates>
								-71.63803342353756,-16.29658178444797,0 -71.63836580344191,-16.29638825268318,0 -71.638630172436,-16.29677357019093,0 -71.6387896611492,-16.29671823645676,0 -71.63890312338705,-16.29696736102299,0 -71.63875122709017,-16.29703386540497,0 -71.63881445226075,-16.29728706192867,0 -71.63820641393538,-16.29760310044262,0 -71.63771988314771,-16.29672561554601,0 -71.63803342353756,-16.29658178444797,0 
							</coordinates>
						</LinearRing>
					</outerBoundaryIs>
				</Polygon>
			</Placemark>
			<Placemark>
				<name>1.29.87-2</name>
				<styleUrl>#falseColor163900600000</styleUrl>
				<Polygon>
					<tessellate>1</tessellate>
					<outerBoundaryIs>
						<LinearRing>
							<coordinates>
								-71.6366079307093,-16.29736367875105,0 -71.63762217202,-16.29680557640589,0 -71.63810890311817,-16.29765108094624,0 -71.63639309522726,-16.29844286128411,0 -71.63609166719966,-16.29788153730884,0 -71.63628361543391,-16.29722068149292,0 -71.6366079307093,-16.29736367875105,0 
							</coordinates>
						</LinearRing>
					</outerBoundaryIs>
				</Polygon>
			</Placemark>
			<Placemark>
				<name>1.29.87-3</name>
				<styleUrl>#falseColor163900600000</styleUrl>
				<Polygon>
					<tessellate>1</tessellate>
					<outerBoundaryIs>
						<LinearRing>
							<coordinates>
								-71.63621994216437,-16.29854946833591,0 -71.63608101763049,-16.2986658609117,0 -71.63601753554531,-16.29867865448004,0 -71.63595786071006,-16.29868484708462,0 -71.63588857767023,-16.29869788646857,0 -71.63581816723035,-16.29873104190395,0 -71.63572995139982,-16.2987835106338,0 -71.63567052833577,-16.29881958779838,0 -71.63542202199474,-16.29894886576039,0 -71.63529397842125,-16.29900376194664,0 -71.63478642366323,-16.29817773372475,0 -71.63485246414579,-16.29813439931301,0 -71.63494383248002,-16.29809218169527,0 -71.63501147417843,-16.29807753768002,0 -71.63513251091479,-16.29806796404039,0 -71.63552188863838,-16.29806839351341,0 -71.635959192955,-16.29807566836277,0 -71.63621994216437,-16.29854946833591,0 
							</coordinates>
						</LinearRing>
					</outerBoundaryIs>
				</Polygon>
			</Placemark>
			<Placemark>
				<name>1.29.87-4</name>
				<styleUrl>#falseColor163900600000</styleUrl>
				<Polygon>
					<tessellate>1</tessellate>
					<outerBoundaryIs>
						<LinearRing>
							<coordinates>
								-71.63512325323042,-16.29887124116241,0 -71.63524108981372,-16.29905179972845,0 -71.63469025425306,-16.29932258429222,0 -71.63461859227853,-16.29927505789775,0 -71.63458414047015,-16.29916479361571,0 -71.63512325323042,-16.29887124116241,0 
							</coordinates>
						</LinearRing>
					</outerBoundaryIs>
				</Polygon>
			</Placemark>
			<Placemark>
				<name>1.29.87-5</name>
				<styleUrl>#falseColor163900600000</styleUrl>
				<Polygon>
					<tessellate>1</tessellate>
					<outerBoundaryIs>
						<LinearRing>
							<coordinates>
								-71.63467562137059,-16.29904954031042,0 -71.63457504219063,-16.29901880139061,0 -71.63441678176076,-16.29901168708368,0 -71.6343759459135,-16.2989550821491,0 -71.63431421545557,-16.29891606617017,0 -71.63426589592494,-16.29888134957804,0 -71.63422703515178,-16.29885083277844,0 -71.63419973481221,-16.29881808585059,0 -71.63422295546468,-16.29874613086552,0 -71.63424702805887,-16.29867255073001,0 -71.63427367573807,-16.29858877309763,0 -71.63427369822722,-16.29858662449508,0 -71.63428675423194,-16.29852287013035,0 -71.6342914403793,-16.29846500118865,0 -71.63434039848478,-16.2983595139699,0 -71.63438854015311,-16.29828065961529,0 -71.63444220466533,-16.29820479833442,0 -71.63453761365214,-16.29815385328149,0 -71.6346162853831,-16.29809153361405,0 -71.63509249886684,-16.29882888130275,0 -71.63467562137059,-16.29904954031042,0 
							</coordinates>
						</LinearRing>
					</outerBoundaryIs>
				</Polygon>
			</Placemark>
			<Placemark>
				<name>1.29.87-6</name>
				<styleUrl>#falseColor163900600000</styleUrl>
				<Polygon>
					<tessellate>1</tessellate>
					<outerBoundaryIs>
						<LinearRing>
							<coordinates>
								-71.6348396233859,-16.29758711343585,0 -71.63470066759133,-16.29724408919125,0 -71.63467181577001,-16.29698523366592,0 -71.63468499645894,-16.29678857352711,0 -71.635000301798,-16.29688497363917,0 -71.63523714453258,-16.29695290328505,0 -71.63518341711749,-16.29714173054344,0 -71.6351531624066,-16.29728646428234,0 -71.63511501151746,-16.29742555683029,0 -71.63506574105163,-16.29760819262292,0 -71.63512746832086,-16.29760754472021,0 -71.63541375986865,-16.29760591644322,0 -71.63574935006983,-16.29761440955904,0 -71.63573056291953,-16.29789097751172,0 -71.63529382906466,-16.29790572217845,0 -71.6348335915623,-16.29787597593869,0 -71.6348396233859,-16.29758711343585,0 
							</coordinates>
						</LinearRing>
					</outerBoundaryIs>
				</Polygon>
			</Placemark>
			<Placemark>
				<name>1.29.87-7</name>
				<styleUrl>#falseColor163900600000</styleUrl>
				<Polygon>
					<tessellate>1</tessellate>
					<outerBoundaryIs>
						<LinearRing>
							<coordinates>
								-71.63658583892747,-16.29553130852453,0 -71.63614371043126,-16.29705330899487,0 -71.63470684678717,-16.29667449632177,0 -71.6345707079814,-16.29614505852598,0 -71.63523706119858,-16.29531028995669,0 -71.63658583892747,-16.29553130852453,0 
							</coordinates>
						</LinearRing>
					</outerBoundaryIs>
				</Polygon>
			</Placemark>
			<Placemark>
				<name>1.29.87-8</name>
				<styleUrl>#falseColor163900600000</styleUrl>
				<Polygon>
					<tessellate>1</tessellate>
					<outerBoundaryIs>
						<LinearRing>
							<coordinates>
								-71.63631454893709,-16.2971062105823,0 -71.63681930383075,-16.29551435033204,0 -71.63696952605466,-16.29543216334331,0 -71.63708029715525,-16.29555850121561,0 -71.63709397023871,-16.29584335200546,0 -71.63716974688091,-16.29602752447468,0 -71.63726372588455,-16.29612000228796,0 -71.63758464955342,-16.29666424259709,0 -71.63661688163687,-16.29720849614507,0 -71.63631454893709,-16.2971062105823,0 
							</coordinates>
						</LinearRing>
					</outerBoundaryIs>
				</Polygon>
			</Placemark>
			<Placemark>
				<name>1.29.87-10</name>
				<styleUrl>#falseColor163900600000</styleUrl>
				<Polygon>
					<tessellate>1</tessellate>
					<outerBoundaryIs>
						<LinearRing>
							<coordinates>
								-71.63337495853983,-16.29898855005647,0 -71.63349515495841,-16.29911776817534,0 -71.63382376168735,-16.29979626961135,0 -71.63347791200242,-16.29995303105351,0 -71.63305725708121,-16.29913937634082,0 -71.63337495853983,-16.29898855005647,0 
							</coordinates>
						</LinearRing>
					</outerBoundaryIs>
				</Polygon>
			</Placemark>
			<Placemark>
				<name>1.29.87-12</name>
				<styleUrl>#falseColor163900600000</styleUrl>
				<Polygon>
					<tessellate>1</tessellate>
					<outerBoundaryIs>
						<LinearRing>
							<coordinates>
								-71.63291821073189,-16.30024376500437,0 -71.63251150765271,-16.30043370193388,0 -71.63208984746996,-16.299615357208,0 -71.63252787157734,-16.29943276955862,0 -71.63291821073189,-16.30024376500437,0 
							</coordinates>
						</LinearRing>
					</outerBoundaryIs>
				</Polygon>
			</Placemark>
			<Placemark>
				<name>1.29.87-14</name>
				<styleUrl>#falseColor163900600000</styleUrl>
				<Polygon>
					<tessellate>1</tessellate>
					<outerBoundaryIs>
						<LinearRing>
							<coordinates>
								-71.63335339609658,-16.29886978123662,0 -71.63299480315668,-16.29903108017329,0 -71.63280137495843,-16.29864504313666,0 -71.63333413021418,-16.29841787245444,0 -71.63335339609658,-16.29886978123662,0 
							</coordinates>
						</LinearRing>
					</outerBoundaryIs>
				</Polygon>
			</Placemark>
			<Placemark>
				<name>1.29.87-15</name>
				<styleUrl>#falseColor163900600000</styleUrl>
				<Polygon>
					<tessellate>1</tessellate>
					<outerBoundaryIs>
						<LinearRing>
							<coordinates>
								-71.6332842482074,-16.29836335513645,0 -71.63277548389247,-16.2985961623026,0 -71.63254538460107,-16.2981594567882,0 -71.6332738156764,-16.29819167749848,0 -71.6332842482074,-16.29836335513645,0 
							</coordinates>
						</LinearRing>
					</outerBoundaryIs>
				</Polygon>
			</Placemark>
			<Placemark>
				<name>1.29.87-16</name>
				<styleUrl>#falseColor163900600000</styleUrl>
				<Polygon>
					<tessellate>1</tessellate>
					<outerBoundaryIs>
						<LinearRing>
							<coordinates>
								-71.63292513192208,-16.29906184544748,0 -71.63254322895067,-16.29925042055205,0 -71.63195239880292,-16.29819541235212,0 -71.63206639363324,-16.29816481783375,0 -71.63243529310751,-16.29815801504262,0 -71.63292513192208,-16.29906184544748,0 
							</coordinates>
						</LinearRing>
					</outerBoundaryIs>
				</Polygon>
			</Placemark>
			<Placemark>
				<name>1.29.87-17</name>
				<styleUrl>#falseColor163900600000</styleUrl>
				<Polygon>
					<tessellate>1</tessellate>
					<outerBoundaryIs>
						<LinearRing>
							<coordinates>
								-71.63189233677214,-16.29957182487868,0 -71.63171021246579,-16.29913325517976,0 -71.63222900456672,-16.29890240358515,0 -71.63243758709275,-16.29930471478574,0 -71.63189233677214,-16.29957182487868,0 
							</coordinates>
						</LinearRing>
					</outerBoundaryIs>
				</Polygon>
			</Placemark>
			<Placemark>
				<name>1.29.87-18</name>
				<styleUrl>#falseColor163900600000</styleUrl>
				<Polygon>
					<tessellate>1</tessellate>
					<outerBoundaryIs>
						<LinearRing>
							<coordinates>
								-71.6321851371564,-16.29880368551894,0 -71.63165876234099,-16.29906720760875,0 -71.63165931999622,-16.29880699456371,0 -71.63177091877512,-16.29875239093947,0 -71.63174652071383,-16.29847422330549,0 -71.63165394032494,-16.29822989170293,0 -71.6316351197365,-16.29818416264408,0 -71.63186932271138,-16.29818323777826,0 -71.6321851371564,-16.29880368551894,0 
							</coordinates>
						</LinearRing>
					</outerBoundaryIs>
				</Polygon>
			</Placemark>
			<Placemark>
				<name>1.29.88-1</name>
				<styleUrl>#falseColor163900600000</styleUrl>
				<Polygon>
					<tessellate>1</tessellate>
					<outerBoundaryIs>
						<LinearRing>
							<coordinates>
								-71.63667932660206,-16.30756790939113,0 -71.63685620845806,-16.3073782874037,0 -71.63784687708655,-16.30790271979118,0 -71.63791430329452,-16.3080408310022,0 -71.63784765535704,-16.30807908508099,0 -71.63730566722552,-16.30780465854741,0 -71.63688588971924,-16.30797647407607,0 -71.63667932660206,-16.30756790939113,0 
							</coordinates>
						</LinearRing>
					</outerBoundaryIs>
				</Polygon>
			</Placemark>
			<Placemark>
				<name>1.29.88-3</name>
				<styleUrl>#falseColor163900600000</styleUrl>
				<Polygon>
					<tessellate>1</tessellate>
					<outerBoundaryIs>
						<LinearRing>
							<coordinates>
								-71.63730747464963,-16.30739345898244,0 -71.63717080618899,-16.30715568878677,0 -71.6371306670201,-16.30718519071098,0 -71.63697619681547,-16.30696731100233,0 -71.63689765532777,-16.30677281054127,0 -71.6371566692959,-16.30663592606379,0 -71.63750756345996,-16.30729149449196,0 -71.63730747464963,-16.30739345898244,0 
							</coordinates>
						</LinearRing>
					</outerBoundaryIs>
				</Polygon>
			</Placemark>
			<Placemark>
				<name>1.29.88-4</name>
				<styleUrl>#falseColor163900600000</styleUrl>
				<Polygon>
					<tessellate>1</tessellate>
					<outerBoundaryIs>
						<LinearRing>
							<coordinates>
								-71.63705336041431,-16.30719770817191,0 -71.63671771698516,-16.30735479415606,0 -71.6366798258851,-16.30688338165189,0 -71.63682419338556,-16.3068022580896,0 -71.63705336041431,-16.30719770817191,0 
							</coordinates>
						</LinearRing>
					</outerBoundaryIs>
				</Polygon>
			</Placemark>
			<Placemark>
				<name>1.29.89-1</name>
				<styleUrl>#falseColor163900600000</styleUrl>
				<Polygon>
					<tessellate>1</tessellate>
					<outerBoundaryIs>
						<LinearRing>
							<coordinates>
								-71.63886616195263,-16.2973620135187,0 -71.6390747536049,-16.29768995168562,0 -71.63840497197361,-16.29804152300109,0 -71.63821598955779,-16.29770763380733,0 -71.63886616195263,-16.2973620135187,0 
							</coordinates>
						</LinearRing>
					</outerBoundaryIs>
				</Polygon>
			</Placemark>
			<Placemark>
				<name>1.29.89-2</name>
				<styleUrl>#falseColor163900600000</styleUrl>
				<Polygon>
					<tessellate>1</tessellate>
					<outerBoundaryIs>
						<LinearRing>
							<coordinates>
								-71.6391993381791,-16.29780587836858,0 -71.6394263585012,-16.29811672830317,0 -71.63864966122692,-16.29850815420654,0 -71.63846471094439,-16.29816001550365,0 -71.6391993381791,-16.29780587836858,0 
							</coordinates>
						</LinearRing>
					</outerBoundaryIs>
				</Polygon>
			</Placemark>
			<Placemark>
				<name>1.29.89-3</name>
				<styleUrl>#falseColor163900600000</styleUrl>
				<Polygon>
					<tessellate>1</tessellate>
					<outerBoundaryIs>
						<LinearRing>
							<coordinates>
								-71.63814110306524,-16.29774489376713,0 -71.63860460712668,-16.29855093031586,0 -71.63844701021823,-16.29862372465149,0 -71.63800325055351,-16.29782689488069,0 -71.63814110306524,-16.29774489376713,0 
							</coordinates>
						</LinearRing>
					</outerBoundaryIs>
				</Polygon>
			</Placemark>
			<Placemark>
				<name>1.29.89-4</name>
				<styleUrl>#falseColor163900600000</styleUrl>
				<Polygon>
					<tessellate>1</tessellate>
					<outerBoundaryIs>
						<LinearRing>
							<coordinates>
								-71.63807064086727,-16.29806303148678,0 -71.63660221904652,-16.29880776289145,0 -71.63648217222996,-16.29858775578614,0 -71.63793720719475,-16.29783729499182,0 -71.63807064086727,-16.29806303148678,0 
							</coordinates>
						</LinearRing>
					</outerBoundaryIs>
				</Polygon>
			</Placemark>
			<Placemark>
				<name>1.29.89-5</name>
				<styleUrl>#falseColor163900600000</styleUrl>
				<Polygon>
					<tessellate>1</tessellate>
					<outerBoundaryIs>
						<LinearRing>
							<coordinates>
								-71.63809740583505,-16.29812291986183,0 -71.63822291858578,-16.29837212005707,0 -71.63767483179136,-16.29866560016446,0 -71.63763053123468,-16.29857928336663,0 -71.6367339948639,-16.29903716221884,0 -71.63662817296323,-16.2988596843104,0 -71.63809740583505,-16.29812291986183,0 
							</coordinates>
						</LinearRing>
					</outerBoundaryIs>
				</Polygon>
			</Placemark>
			<Placemark>
				<name>1.29.89-6</name>
				<styleUrl>#falseColor163900600000</styleUrl>
				<Polygon>
					<tessellate>1</tessellate>
					<outerBoundaryIs>
						<LinearRing>
							<coordinates>
								-71.63756319476018,-16.29866114563164,0 -71.6377722203345,-16.29896888268374,0 -71.63692261859198,-16.2993987460531,0 -71.63675581013402,-16.29907627623525,0 -71.63756319476018,-16.29866114563164,0 
							</coordinates>
						</LinearRing>
					</outerBoundaryIs>
				</Polygon>
			</Placemark>
			<Placemark>
				<name>1.29.89-46</name>
				<styleUrl>#falseColor163900600000</styleUrl>
				<Polygon>
					<tessellate>1</tessellate>
					<outerBoundaryIs>
						<LinearRing>
							<coordinates>
								-71.64136138607964,-16.30786465813777,0 -71.64166378984129,-16.30810110378088,0 -71.6415495056101,-16.30824360961146,0 -71.64096488534999,-16.30778593072395,0 -71.64107759794923,-16.30762703859749,0 -71.64136138607964,-16.30786465813777,0 
							</coordinates>
						</LinearRing>
					</outerBoundaryIs>
				</Polygon>
			</Placemark>
			<Placemark>
				<name>1.29.89-47</name>
				<styleUrl>#falseColor163900600000</styleUrl>
				<Polygon>
					<tessellate>1</tessellate>
					<outerBoundaryIs>
						<LinearRing>
							<coordinates>
								-71.64062612214106,-16.30748993363959,0 -71.64030505040674,-16.30723666071192,0 -71.64042447362581,-16.30711447844631,0 -71.64061431692757,-16.30727787549541,0 -71.64075760435101,-16.30738482093685,0 -71.64088966947767,-16.3074952731853,0 -71.64103559004938,-16.30759229625294,0 -71.64092347864603,-16.30775130229494,0 -71.64062612214106,-16.30748993363959,0 
							</coordinates>
						</LinearRing>
					</outerBoundaryIs>
				</Polygon>
			</Placemark>
			<Placemark>
				<name>1.29.89-48</name>
				<styleUrl>#falseColor163900600000</styleUrl>
				<Polygon>
					<tessellate>1</tessellate>
					<outerBoundaryIs>
						<LinearRing>
							<coordinates>
								-71.64026857185242,-16.30719107165162,0 -71.63961366356811,-16.3066314093327,0 -71.6396990906478,-16.30651442766651,0 -71.64037910094193,-16.30707817383266,0 -71.64026857185242,-16.30719107165162,0 
							</coordinates>
						</LinearRing>
					</outerBoundaryIs>
				</Polygon>
			</Placemark>
			<Placemark>
				<name>1.29.89-65</name>
				<styleUrl>#falseColor163900600000</styleUrl>
				<Polygon>
					<tessellate>1</tessellate>
					<outerBoundaryIs>
						<LinearRing>
							<coordinates>
								-71.63703710230054,-16.29998917393162,0 -71.63726916681162,-16.30043207901111,0 -71.63679492272531,-16.30065274053375,0 -71.63661464830982,-16.3002059014404,0 -71.63703710230054,-16.29998917393162,0 
							</coordinates>
						</LinearRing>
					</outerBoundaryIs>
				</Polygon>
			</Placemark>
			<Placemark>
				<name>1.29.89-67</name>
				<styleUrl>#falseColor163900600000</styleUrl>
				<Polygon>
					<tessellate>1</tessellate>
					<outerBoundaryIs>
						<LinearRing>
							<coordinates>
								-71.63609452638065,-16.30039889998156,0 -71.63601138547014,-16.30044836067334,0 -71.6358480350018,-16.30057171047041,0 -71.6357304168625,-16.30065325413601,0 -71.63557183461025,-16.3007241611075,0 -71.63545020656058,-16.30077002890426,0 -71.63532835557271,-16.30082614069256,0 -71.63516762120935,-16.30047601979491,0 -71.63549892675692,-16.30030064497017,0 -71.63562878017856,-16.30023818769533,0 -71.63574064960316,-16.30017351687339,0 -71.63592722448624,-16.30006767591161,0 -71.63609452638065,-16.30039889998156,0 
							</coordinates>
						</LinearRing>
					</outerBoundaryIs>
				</Polygon>
			</Placemark>
			<Placemark>
				<name>1.29.89-68</name>
				<styleUrl>#falseColor163900600000</styleUrl>
				<Polygon>
					<tessellate>1</tessellate>
					<outerBoundaryIs>
						<LinearRing>
							<coordinates>
								-71.63679761582654,-16.29956604693584,0 -71.63702597918459,-16.29995799039213,0 -71.63614306067595,-16.30037418422066,0 -71.63596973954625,-16.30004022035223,0 -71.63679761582654,-16.29956604693584,0 
							</coordinates>
						</LinearRing>
					</outerBoundaryIs>
				</Polygon>
			</Placemark>
			<Placemark>
				<name>1.29.89-69</name>
				<styleUrl>#falseColor163900600000</styleUrl>
				<Polygon>
					<tessellate>1</tessellate>
					<outerBoundaryIs>
						<LinearRing>
							<coordinates>
								-71.63589206008218,-16.29996920947839,0 -71.63554069781475,-16.30015398864539,0 -71.63506441823202,-16.29933437866945,0 -71.63541989253063,-16.29916869038366,0 -71.63589206008218,-16.29996920947839,0 
							</coordinates>
						</LinearRing>
					</outerBoundaryIs>
				</Polygon>
			</Placemark>
			<Placemark>
				<name>1.29.89-70</name>
				<styleUrl>#falseColor163900600000</styleUrl>
				<Polygon>
					<tessellate>1</tessellate>
					<outerBoundaryIs>
						<LinearRing>
							<coordinates>
								-71.63547742785383,-16.30018275566011,0 -71.63511244229329,-16.30039524589294,0 -71.63466470943936,-16.29948697263947,0 -71.63500787578296,-16.29934164772083,0 -71.63547742785383,-16.30018275566011,0 
							</coordinates>
						</LinearRing>
					</outerBoundaryIs>
				</Polygon>
			</Placemark>
			<Placemark>
				<name>1.29.89-93</name>
				<styleUrl>#falseColor163900600000</styleUrl>
				<Polygon>
					<tessellate>1</tessellate>
					<outerBoundaryIs>
						<LinearRing>
							<coordinates>
								-71.63768074368495,-16.30501658336649,0 -71.63808492255745,-16.30479441259208,0 -71.63855522382251,-16.30560442595131,0 -71.63813204393972,-16.30582160398476,0 -71.63768074368495,-16.30501658336649,0 
							</coordinates>
						</LinearRing>
					</outerBoundaryIs>
				</Polygon>
			</Placemark>
			<Placemark>
				<name>1.29.89-94</name>
				<styleUrl>#falseColor163900600000</styleUrl>
				<Polygon>
					<tessellate>1</tessellate>
					<outerBoundaryIs>
						<LinearRing>
							<coordinates>
								-71.63716918343299,-16.30527416889274,0 -71.63758927066938,-16.30506036784252,0 -71.63803877518357,-16.30585884539611,0 -71.6376178693411,-16.3060789249116,0 -71.63716918343299,-16.30527416889274,0 
							</coordinates>
						</LinearRing>
					</outerBoundaryIs>
				</Polygon>
			</Placemark>
			<Placemark>
				<name>1.29.89-95</name>
				<styleUrl>#falseColor163900600000</styleUrl>
				<Polygon>
					<tessellate>1</tessellate>
					<outerBoundaryIs>
						<LinearRing>
							<coordinates>
								-71.63754073758045,-16.3061235294442,0 -71.63720440425685,-16.30630038387922,0 -71.63704404160748,-16.30599018607067,0 -71.63692287110001,-16.30583787496101,0 -71.63679071715219,-16.30555979870547,0 -71.63709507802908,-16.30535288924194,0 -71.63754073758045,-16.3061235294442,0 
							</coordinates>
						</LinearRing>
					</outerBoundaryIs>
				</Polygon>
			</Placemark>
			<Placemark>
				<name>1.29.89-97</name>
				<styleUrl>#falseColor163900600000</styleUrl>
				<Polygon>
					<tessellate>1</tessellate>
					<outerBoundaryIs>
						<LinearRing>
							<coordinates>
								-71.63799509059558,-16.30698024245433,0 -71.63756410433514,-16.30722745515199,0 -71.63710406796449,-16.30640422717688,0 -71.6375862812644,-16.30619482810231,0 -71.63799509059558,-16.30698024245433,0 
							</coordinates>
						</LinearRing>
					</outerBoundaryIs>
				</Polygon>
			</Placemark>
			<Placemark>
				<name>1.29.89-98</name>
				<styleUrl>#falseColor163900600000</styleUrl>
				<Polygon>
					<tessellate>1</tessellate>
					<outerBoundaryIs>
						<LinearRing>
							<coordinates>
								-71.63850042522552,-16.30781937495471,0 -71.63813849334555,-16.30820320809957,0 -71.63798613762678,-16.30794449172545,0 -71.63775819150248,-16.30754307913693,0 -71.63759500540182,-16.30728641194354,0 -71.63781617279564,-16.30714890316811,0 -71.6380548792969,-16.30703590423346,0 -71.63822364390099,-16.30737021766307,0 -71.63850042522552,-16.30781937495471,0 
							</coordinates>
						</LinearRing>
					</outerBoundaryIs>
				</Polygon>
			</Placemark>
			<Placemark>
				<name>1.29.89-99</name>
				<styleUrl>#falseColor163900600000</styleUrl>
				<Polygon>
					<tessellate>1</tessellate>
					<outerBoundaryIs>
						<LinearRing>
							<coordinates>
								-71.63835619785648,-16.30664428840533,0 -71.6388340774981,-16.30746494081251,0 -71.63870883494037,-16.30755436477387,0 -71.63867288109952,-16.30763017161207,0 -71.63860035896629,-16.30771451409809,0 -71.63852275693377,-16.30774499892482,0 -71.63765120384427,-16.30615129883381,0 -71.63799655769478,-16.30597164847581,0 -71.63835619785648,-16.30664428840533,0 
							</coordinates>
						</LinearRing>
					</outerBoundaryIs>
				</Polygon>
			</Placemark>
			<Placemark>
				<name>1.29.89-100</name>
				<styleUrl>#falseColor163900600000</styleUrl>
				<Polygon>
					<tessellate>1</tessellate>
					<outerBoundaryIs>
						<LinearRing>
							<coordinates>
								-71.63804567930597,-16.30591450783477,0 -71.6383963949348,-16.30573844395532,0 -71.63913747062497,-16.30709852750415,0 -71.63892075555799,-16.30730958764131,0 -71.63888795894549,-16.30735853623179,0 -71.6388542091388,-16.30735839283157,0 -71.63804567930597,-16.30591450783477,0 
							</coordinates>
						</LinearRing>
					</outerBoundaryIs>
				</Polygon>
			</Placemark>
			<Placemark>
				<name>1.29.89-101</name>
				<styleUrl>#falseColor163900600000</styleUrl>
				<Polygon>
					<tessellate>1</tessellate>
					<outerBoundaryIs>
						<LinearRing>
							<coordinates>
								-71.63874718583619,-16.30622675551858,0 -71.63848893701811,-16.3057292074783,0 -71.63880198620292,-16.30555236381107,0 -71.63945062092621,-16.30670181535573,0 -71.63925756209929,-16.30693808044301,0 -71.63921699368053,-16.3069892761633,0 -71.63918104540258,-16.30700538697204,0 -71.63874718583619,-16.30622675551858,0 
							</coordinates>
						</LinearRing>
					</outerBoundaryIs>
				</Polygon>
			</Placemark>
			<Placemark>
				<name>1.29.89-102</name>
				<styleUrl>#falseColor163900600000</styleUrl>
				<Polygon>
					<tessellate>1</tessellate>
					<outerBoundaryIs>
						<LinearRing>
							<coordinates>
								-71.63949974563155,-16.30679027192701,0 -71.63956860081369,-16.30674420684064,0 -71.63965335874367,-16.30679546261849,0 -71.63988879645527,-16.30702111024814,0 -71.63949569511207,-16.3074800477782,0 -71.63919213372749,-16.30711402852575,0 -71.63949974563155,-16.30679027192701,0 
							</coordinates>
						</LinearRing>
					</outerBoundaryIs>
				</Polygon>
			</Placemark>
			<Placemark>
				<name>1.29.89-103</name>
				<styleUrl>#falseColor163900600000</styleUrl>
				<Polygon>
					<tessellate>1</tessellate>
					<outerBoundaryIs>
						<LinearRing>
							<coordinates>
								-71.63914541332441,-16.30718823390358,0 -71.63934449791357,-16.30737538042562,0 -71.63947293006528,-16.30754521159597,0 -71.63913538389036,-16.30787240826981,0 -71.6387756547318,-16.3076141657184,0 -71.63914541332441,-16.30718823390358,0 
							</coordinates>
						</LinearRing>
					</outerBoundaryIs>
				</Polygon>
			</Placemark>
			<Placemark>
				<name>1.29.89-104</name>
				<styleUrl>#falseColor163900600000</styleUrl>
				<Polygon>
					<tessellate>1</tessellate>
					<outerBoundaryIs>
						<LinearRing>
							<coordinates>
								-71.63872519212329,-16.30766548051241,0 -71.63909684449767,-16.30792395648362,0 -71.63864382408299,-16.30844538792039,0 -71.63820965868857,-16.30825762784907,0 -71.63872519212329,-16.30766548051241,0 
							</coordinates>
						</LinearRing>
					</outerBoundaryIs>
				</Polygon>
			</Placemark>
			<Placemark>
				<name>1.29.89-105</name>
				<styleUrl>#falseColor163900600000</styleUrl>
				<Polygon>
					<tessellate>1</tessellate>
					<outerBoundaryIs>
						<LinearRing>
							<coordinates>
								-71.6395160003859,-16.30823654653226,0 -71.63924992869308,-16.30854885956461,0 -71.63901981651921,-16.30851408638634,0 -71.63875774908858,-16.30845744644775,0 -71.63917182631586,-16.30796842444003,0 -71.6395160003859,-16.30823654653226,0 
							</coordinates>
						</LinearRing>
					</outerBoundaryIs>
				</Polygon>
			</Placemark>
			<Placemark>
				<name>1.29.89-106</name>
				<styleUrl>#falseColor163900600000</styleUrl>
				<Polygon>
					<tessellate>1</tessellate>
					<outerBoundaryIs>
						<LinearRing>
							<coordinates>
								-71.63950285997278,-16.30757605429501,0 -71.6398756690739,-16.30787366839965,0 -71.63958099115078,-16.30821440119318,0 -71.63938101843461,-16.30805972033,0 -71.63942881476341,-16.30801201166416,0 -71.63926103133502,-16.3078820821666,0 -71.63950285997278,-16.30757605429501,0 
							</coordinates>
						</LinearRing>
					</outerBoundaryIs>
				</Polygon>
			</Placemark>
			<Placemark>
				<name>1.29.89-108</name>
				<styleUrl>#falseColor163900600000</styleUrl>
				<Polygon>
					<tessellate>1</tessellate>
					<outerBoundaryIs>
						<LinearRing>
							<coordinates>
								-71.64020350502294,-16.30762289393364,0 -71.64036369759751,-16.30741760229873,0 -71.64071874604171,-16.30769351726591,0 -71.64055503056692,-16.30789099827804,0 -71.64020350502294,-16.30762289393364,0 
							</coordinates>
						</LinearRing>
					</outerBoundaryIs>
				</Polygon>
			</Placemark>
			<Placemark>
				<name>1.29.89-109</name>
				<styleUrl>#falseColor163900600000</styleUrl>
				<Polygon>
					<tessellate>1</tessellate>
					<outerBoundaryIs>
						<LinearRing>
							<coordinates>
								-71.63990432314775,-16.30863639306508,0 -71.63970867381805,-16.30858135275981,0 -71.63958042864422,-16.30857047369783,0 -71.63954017408351,-16.30850110826793,0 -71.63947634780259,-16.30843853994223,0 -71.64008946754024,-16.30774099145648,0 -71.6401498068582,-16.3076688830124,0 -71.64050030537142,-16.30793596100087,0 -71.64031987033862,-16.30813827166906,0 -71.64003015271639,-16.30844873893365,0 -71.63990432314775,-16.30863639306508,0 
							</coordinates>
						</LinearRing>
					</outerBoundaryIs>
				</Polygon>
			</Placemark>
			<Placemark>
				<name>1.29.89-110</name>
				<styleUrl>#falseColor163900600000</styleUrl>
				<Polygon>
					<tessellate>1</tessellate>
					<outerBoundaryIs>
						<LinearRing>
							<coordinates>
								-71.64112827515039,-16.30857658392045,0 -71.64104434735044,-16.30864372416897,0 -71.64095778657719,-16.30865047025005,0 -71.64086433530828,-16.30867476794596,0 -71.6407133856834,-16.30866689333877,0 -71.64056117228991,-16.3086571927461,0 -71.64042264720109,-16.30863075888776,0 -71.64031960935958,-16.3085890582772,0 -71.64018420443955,-16.30860124689919,0 -71.64010862682869,-16.3086226273454,0 -71.64001495395895,-16.30861473303104,0 -71.64000834285079,-16.30859364028435,0 -71.64031265752179,-16.30825522441931,0 -71.6404551292631,-16.30808132810898,0 -71.64112827515039,-16.30857658392045,0 
							</coordinates>
						</LinearRing>
					</outerBoundaryIs>
				</Polygon>
			</Placemark>
			<Placemark>
				<name>1.29.89-111</name>
				<styleUrl>#falseColor163900600000</styleUrl>
				<Polygon>
					<tessellate>1</tessellate>
					<outerBoundaryIs>
						<LinearRing>
							<coordinates>
								-71.64077120693476,-16.30773016319694,0 -71.64096237779988,-16.30787677154329,0 -71.64070870651457,-16.30817155800093,0 -71.64049103343604,-16.30801303108066,0 -71.64077120693476,-16.30773016319694,0 
							</coordinates>
						</LinearRing>
					</outerBoundaryIs>
				</Polygon>
			</Placemark>
			<Placemark>
				<name>1.29.91-2</name>
				<styleUrl>#falseColor163900600000</styleUrl>
				<Polygon>
					<tessellate>1</tessellate>
					<outerBoundaryIs>
						<LinearRing>
							<coordinates>
								-71.64000227523545,-16.31035699357953,0 -71.64016480729447,-16.31069770971396,0 -71.63928864840349,-16.31106173013554,0 -71.63913650565311,-16.31070704070558,0 -71.64000227523545,-16.31035699357953,0 
							</coordinates>
						</LinearRing>
					</outerBoundaryIs>
				</Polygon>
			</Placemark>
			<Placemark>
				<name>1.29.91-3</name>
				<styleUrl>#falseColor163900600000</styleUrl>
				<Polygon>
					<tessellate>1</tessellate>
					<outerBoundaryIs>
						<LinearRing>
							<coordinates>
								-71.63922104039409,-16.31110435487462,0 -71.63874607852912,-16.31128032316971,0 -71.63852653409916,-16.31094772705942,0 -71.63905883358272,-16.31071452846656,0 -71.63922104039409,-16.31110435487462,0 
							</coordinates>
						</LinearRing>
					</outerBoundaryIs>
				</Polygon>
			</Placemark>
			<Placemark>
				<name>1.29.91-5</name>
				<styleUrl>#falseColor163900600000</styleUrl>
				<Polygon>
					<tessellate>1</tessellate>
					<outerBoundaryIs>
						<LinearRing>
							<coordinates>
								-71.63859381395852,-16.31039415215103,0 -71.63885183883417,-16.3103256382604,0 -71.6390110648051,-16.31065390086722,0 -71.63848373063992,-16.31087579911557,0 -71.63828801994914,-16.31054052886835,0 -71.63859381395852,-16.31039415215103,0 
							</coordinates>
						</LinearRing>
					</outerBoundaryIs>
				</Polygon>
			</Placemark>
			<Placemark>
				<name>1.29.91-6</name>
				<styleUrl>#falseColor163900600000</styleUrl>
				<Polygon>
					<tessellate>1</tessellate>
					<outerBoundaryIs>
						<LinearRing>
							<coordinates>
								-71.63983058286865,-16.30992574502443,0 -71.63996471948963,-16.31027666579598,0 -71.6390862944703,-16.31061716289684,0 -71.6389545526125,-16.31027734716554,0 -71.63983058286865,-16.30992574502443,0 
							</coordinates>
						</LinearRing>
					</outerBoundaryIs>
				</Polygon>
			</Placemark>
			<Placemark>
				<name>1.29.91-8</name>
				<styleUrl>#falseColor163900600000</styleUrl>
				<Polygon>
					<tessellate>1</tessellate>
					<outerBoundaryIs>
						<LinearRing>
							<coordinates>
								-71.63955828591639,-16.30904882932154,0 -71.64018898819188,-16.30879203994902,0 -71.64036755048419,-16.3091028754563,0 -71.63970751672726,-16.30938503224215,0 -71.63955828591639,-16.30904882932154,0 
							</coordinates>
						</LinearRing>
					</outerBoundaryIs>
				</Polygon>
			</Placemark>
			<Placemark>
				<name>1.29.91-9</name>
				<styleUrl>#falseColor163900600000</styleUrl>
				<Polygon>
					<tessellate>1</tessellate>
					<outerBoundaryIs>
						<LinearRing>
							<coordinates>
								-71.63951037688153,-16.30897118661384,0 -71.63935033380827,-16.30860550329264,0 -71.63944076607808,-16.30859862251506,0 -71.63950129074935,-16.30860517216295,0 -71.63957410157241,-16.30865882877736,0 -71.63965654267749,-16.30868219138479,0 -71.63966633706259,-16.30868211292654,0 -71.63977007227675,-16.30866941278385,0 -71.63990916704053,-16.30869244952937,0 -71.6400132606602,-16.30870777560459,0 -71.6400649808084,-16.30872025028756,0 -71.64012473332727,-16.30875703805805,0 -71.63951037688153,-16.30897118661384,0 
							</coordinates>
						</LinearRing>
					</outerBoundaryIs>
				</Polygon>
			</Placemark>
			<Placemark>
				<name>1.29.91-10</name>
				<styleUrl>#falseColor163900600000</styleUrl>
				<Polygon>
					<tessellate>1</tessellate>
					<outerBoundaryIs>
						<LinearRing>
							<coordinates>
								-71.63903781020511,-16.30860586070456,0 -71.63835947970939,-16.30888199181135,0 -71.63821628138071,-16.30854512724224,0 -71.63843495481761,-16.30844691788365,0 -71.63864714937462,-16.30858077655337,0 -71.63903781020511,-16.30860586070456,0 
							</coordinates>
						</LinearRing>
					</outerBoundaryIs>
				</Polygon>
			</Placemark>
			<Placemark>
				<name>1.29.91-11</name>
				<styleUrl>#falseColor163900600000</styleUrl>
				<Polygon>
					<tessellate>1</tessellate>
					<outerBoundaryIs>
						<LinearRing>
							<coordinates>
								-71.63926645264284,-16.30861729542264,0 -71.63942777156156,-16.30897245795948,0 -71.63854134850374,-16.3093287058218,0 -71.63838351104793,-16.30897477009463,0 -71.63926645264284,-16.30861729542264,0 
							</coordinates>
						</LinearRing>
					</outerBoundaryIs>
				</Polygon>
			</Placemark>
			<Placemark>
				<name>1.29.91-12</name>
				<styleUrl>#falseColor163900600000</styleUrl>
				<Polygon>
					<tessellate>1</tessellate>
					<outerBoundaryIs>
						<LinearRing>
							<coordinates>
								-71.63857353908068,-16.30941219389105,0 -71.63946330119012,-16.30906009799783,0 -71.63962732311603,-16.30942267806195,0 -71.6387225687691,-16.30976234295974,0 -71.63857353908068,-16.30941219389105,0 
							</coordinates>
						</LinearRing>
					</outerBoundaryIs>
				</Polygon>
			</Placemark>
			<Placemark>
				<name>1.29.91-13</name>
				<styleUrl>#falseColor163900600000</styleUrl>
				<Polygon>
					<tessellate>1</tessellate>
					<outerBoundaryIs>
						<LinearRing>
							<coordinates>
								-71.63964527175882,-16.30950344002359,0 -71.63979146178075,-16.30984083042223,0 -71.63889662835102,-16.31021475815576,0 -71.63876738200271,-16.30983887262778,0 -71.63964527175882,-16.30950344002359,0 
							</coordinates>
						</LinearRing>
					</outerBoundaryIs>
				</Polygon>
			</Placemark>
			<Placemark>
				<name>1.29.91-14</name>
				<styleUrl>#falseColor163900600000</styleUrl>
				<Polygon>
					<tessellate>1</tessellate>
					<outerBoundaryIs>
						<LinearRing>
							<coordinates>
								-71.63866077242606,-16.3098946701634,0 -71.63883056646783,-16.31021247885669,0 -71.63869676524506,-16.31026775218516,0 -71.63853339167855,-16.31031205091155,0 -71.63825312738291,-16.31045527912676,0 -71.63804466939835,-16.31013116854324,0 -71.63866077242606,-16.3098946701634,0 
							</coordinates>
						</LinearRing>
					</outerBoundaryIs>
				</Polygon>
			</Placemark>
			<Placemark>
				<name>1.29.91-15</name>
				<styleUrl>#falseColor163900600000</styleUrl>
				<Polygon>
					<tessellate>1</tessellate>
					<outerBoundaryIs>
						<LinearRing>
							<coordinates>
								-71.6384795161171,-16.30944414194676,0 -71.63863184678999,-16.30978045425104,0 -71.6379970107903,-16.31004264927956,0 -71.63778115159468,-16.30971898996204,0 -71.6384795161171,-16.30944414194676,0 
							</coordinates>
						</LinearRing>
					</outerBoundaryIs>
				</Polygon>
			</Placemark>
			<Placemark>
				<name>1.29.91-16</name>
				<styleUrl>#falseColor163900600000</styleUrl>
				<Polygon>
					<tessellate>1</tessellate>
					<outerBoundaryIs>
						<LinearRing>
							<coordinates>
								-71.63827979579607,-16.30900549336002,0 -71.63844423438658,-16.30933757906351,0 -71.63817141930366,-16.30945733678226,0 -71.63785150614352,-16.30957837986817,0 -71.63775128600361,-16.30961569388782,0 -71.63755902195687,-16.30932187503257,0 -71.63789034721339,-16.30914624946595,0 -71.63827979579607,-16.30900549336002,0 
							</coordinates>
						</LinearRing>
					</outerBoundaryIs>
				</Polygon>
			</Placemark>
			<Placemark>
				<name>1.29.91-17</name>
				<styleUrl>#falseColor163900600000</styleUrl>
				<Polygon>
					<tessellate>1</tessellate>
					<outerBoundaryIs>
						<LinearRing>
							<coordinates>
								-71.63813250380849,-16.3085869594421,0 -71.63826031621286,-16.30891456370266,0 -71.63750478816327,-16.30923292252935,0 -71.63729955308898,-16.30889925189921,0 -71.63813250380849,-16.3085869594421,0 
							</coordinates>
						</LinearRing>
					</outerBoundaryIs>
				</Polygon>
			</Placemark>
			<Placemark>
				<name>1.29.91-18</name>
				<styleUrl>#falseColor163900600000</styleUrl>
				<Polygon>
					<tessellate>1</tessellate>
					<outerBoundaryIs>
						<LinearRing>
							<coordinates>
								-71.63726411395321,-16.30883374292166,0 -71.63704941433842,-16.30849266349222,0 -71.63783658275918,-16.30816696336035,0 -71.63809458813849,-16.30848594608898,0 -71.63726411395321,-16.30883374292166,0 
							</coordinates>
						</LinearRing>
					</outerBoundaryIs>
				</Polygon>
			</Placemark>
			<Placemark>
				<name>1.29.91-19</name>
				<styleUrl>#falseColor163900600000</styleUrl>
				<Polygon>
					<tessellate>1</tessellate>
					<outerBoundaryIs>
						<LinearRing>
							<coordinates>
								-71.637034073835,-16.30837583673434,0 -71.63689438822837,-16.30805873653505,0 -71.63733866856148,-16.30786737397925,0 -71.63777325050717,-16.30810413010785,0 -71.637034073835,-16.30837583673434,0 
							</coordinates>
						</LinearRing>
					</outerBoundaryIs>
				</Polygon>
			</Placemark>
			<Placemark>
				<name>1.29.91-20</name>
				<styleUrl>#falseColor163900600000</styleUrl>
				<Polygon>
					<tessellate>1</tessellate>
					<outerBoundaryIs>
						<LinearRing>
							<coordinates>
								-71.63812856774344,-16.31044733139493,0 -71.63792487432362,-16.31049666839627,0 -71.63769406551145,-16.31052446781626,0 -71.63738758708003,-16.30995478555535,0 -71.6375374490392,-16.30989353577294,0 -71.6373240326847,-16.3094903603026,0 -71.63729205732669,-16.3092822770951,0 -71.63737853472512,-16.30922902596124,0 -71.63812856774344,-16.31044733139493,0 
							</coordinates>
						</LinearRing>
					</outerBoundaryIs>
				</Polygon>
			</Placemark>
			<Placemark>
				<name>1.29.92-1</name>
				<styleUrl>#falseColor163900600000</styleUrl>
				<Polygon>
					<tessellate>1</tessellate>
					<outerBoundaryIs>
						<LinearRing>
							<coordinates>
								-71.6418927004632,-16.31213592245983,0 -71.64207221745848,-16.31248709975473,0 -71.64161630636897,-16.3126822999741,0 -71.64147457324594,-16.31235076101937,0 -71.6418927004632,-16.31213592245983,0 
							</coordinates>
						</LinearRing>
					</outerBoundaryIs>
				</Polygon>
			</Placemark>
			<Placemark>
				<name>1.29.92-2</name>
				<styleUrl>#falseColor163900600000</styleUrl>
				<Polygon>
					<tessellate>1</tessellate>
					<outerBoundaryIs>
						<LinearRing>
							<coordinates>
								-71.64170031849447,-16.31171228714383,0 -71.64186463575481,-16.312058940661,0 -71.64100548536963,-16.3124537415439,0 -71.64084382274596,-16.31207877237441,0 -71.64170031849447,-16.31171228714383,0 
							</coordinates>
						</LinearRing>
					</outerBoundaryIs>
				</Polygon>
			</Placemark>
			<Placemark>
				<name>1.29.92-3</name>
				<styleUrl>#falseColor163900600000</styleUrl>
				<Polygon>
					<tessellate>1</tessellate>
					<outerBoundaryIs>
						<LinearRing>
							<coordinates>
								-71.64168101374443,-16.31160331009198,0 -71.64137201466602,-16.31173610037278,0 -71.64081300429163,-16.31199462280735,0 -71.64068348676797,-16.31165357734719,0 -71.64150351626834,-16.31126684392224,0 -71.64168101374443,-16.31160331009198,0 
							</coordinates>
						</LinearRing>
					</outerBoundaryIs>
				</Polygon>
			</Placemark>
			<Placemark>
				<name>1.29.92-4</name>
				<styleUrl>#falseColor163900600000</styleUrl>
				<Polygon>
					<tessellate>1</tessellate>
					<outerBoundaryIs>
						<LinearRing>
							<coordinates>
								-71.64087957648813,-16.31104310574832,0 -71.64126906876957,-16.31085693975866,0 -71.64147239358658,-16.31119120608041,0 -71.64064154480003,-16.31157438446126,0 -71.64048637489364,-16.31118827035375,0 -71.64087957648813,-16.31104310574832,0 
							</coordinates>
						</LinearRing>
					</outerBoundaryIs>
				</Polygon>
			</Placemark>
			<Placemark>
				<name>1.29.92-5</name>
				<styleUrl>#falseColor163900600000</styleUrl>
				<Polygon>
					<tessellate>1</tessellate>
					<outerBoundaryIs>
						<LinearRing>
							<coordinates>
								-71.64029534948779,-16.31078665325339,0 -71.64062203286923,-16.31065661007378,0 -71.6407152800254,-16.31083201320859,0 -71.6408623152887,-16.31077531981475,0 -71.64094054543199,-16.31094161081865,0 -71.64045362098406,-16.31111909777849,0 -71.64029534948779,-16.31078665325339,0 
							</coordinates>
						</LinearRing>
					</outerBoundaryIs>
				</Polygon>
			</Placemark>
			<Placemark>
				<name>1.29.92-6</name>
				<styleUrl>#falseColor163900600000</styleUrl>
				<Polygon>
					<tessellate>1</tessellate>
					<outerBoundaryIs>
						<LinearRing>
							<coordinates>
								-71.63950366326061,-16.31154856572348,0 -71.63933521079213,-16.31117191327956,0 -71.64020362514692,-16.31081998881205,0 -71.64037714127315,-16.31117319925339,0 -71.63950366326061,-16.31154856572348,0 
							</coordinates>
						</LinearRing>
					</outerBoundaryIs>
				</Polygon>
			</Placemark>
			<Placemark>
				<name>1.29.92-7</name>
				<styleUrl>#falseColor163900600000</styleUrl>
				<Polygon>
					<tessellate>1</tessellate>
					<outerBoundaryIs>
						<LinearRing>
							<coordinates>
								-71.64040940018016,-16.31125054359702,0 -71.640550483529,-16.31158590829531,0 -71.63968019612872,-16.3119676698328,0 -71.63953061854463,-16.31161037875527,0 -71.64040940018016,-16.31125054359702,0 
							</coordinates>
						</LinearRing>
					</outerBoundaryIs>
				</Polygon>
			</Placemark>
			<Placemark>
				<name>1.29.92-8</name>
				<styleUrl>#falseColor163900600000</styleUrl>
				<Polygon>
					<tessellate>1</tessellate>
					<outerBoundaryIs>
						<LinearRing>
							<coordinates>
								-71.64057273080374,-16.31168351620332,0 -71.6407106679921,-16.31203114911542,0 -71.63996310376875,-16.31235804154461,0 -71.63973175855313,-16.31205859762588,0 -71.64057273080374,-16.31168351620332,0 
							</coordinates>
						</LinearRing>
					</outerBoundaryIs>
				</Polygon>
			</Placemark>
			<Placemark>
				<name>1.29.92-9</name>
				<styleUrl>#falseColor163900600000</styleUrl>
				<Polygon>
					<tessellate>1</tessellate>
					<outerBoundaryIs>
						<LinearRing>
							<coordinates>
								-71.64076758868121,-16.31211671347457,0 -71.64092083442719,-16.31245987597615,0 -71.64016521363713,-16.31276267861441,0 -71.64010648197636,-16.31262096873136,0 -71.63998962772104,-16.3124541525245,0 -71.64076758868121,-16.31211671347457,0 
							</coordinates>
						</LinearRing>
					</outerBoundaryIs>
				</Polygon>
			</Placemark>
			<Placemark>
				<name>1.29.92-10</name>
				<styleUrl>#falseColor163900600000</styleUrl>
				<Polygon>
					<tessellate>1</tessellate>
					<outerBoundaryIs>
						<LinearRing>
							<coordinates>
								-71.64096418542627,-16.31255446240012,0 -71.64111888113082,-16.31292984615662,0 -71.64042658383856,-16.31321122320968,0 -71.6402455679535,-16.31286745485516,0 -71.64096418542627,-16.31255446240012,0 
							</coordinates>
						</LinearRing>
					</outerBoundaryIs>
				</Polygon>
			</Placemark>
			<Placemark>
				<name>1.29.92-11</name>
				<styleUrl>#falseColor163900600000</styleUrl>
				<Polygon>
					<tessellate>1</tessellate>
					<outerBoundaryIs>
						<LinearRing>
							<coordinates>
								-71.6400044389999,-16.31339631897015,0 -71.63988740078088,-16.31302410608867,0 -71.6401114219462,-16.31292769131563,0 -71.6402985756333,-16.31328605070843,0 -71.6400044389999,-16.31339631897015,0 
							</coordinates>
						</LinearRing>
					</outerBoundaryIs>
				</Polygon>
			</Placemark>
			<Placemark>
				<name>1.29.92-12</name>
				<styleUrl>#falseColor163900600000</styleUrl>
				<Polygon>
					<tessellate>1</tessellate>
					<outerBoundaryIs>
						<LinearRing>
							<coordinates>
								-71.63959693182926,-16.31250288468998,0 -71.63956584134337,-16.31228886800089,0 -71.63965301195253,-16.31225074934301,0 -71.63975771574609,-16.31237301122942,0 -71.63983150195051,-16.3125249724205,0 -71.63997062979212,-16.3127269864824,0 -71.64007132739805,-16.3128588036866,0 -71.6398593282416,-16.31297514069137,0 -71.63959693182926,-16.31250288468998,0 
							</coordinates>
						</LinearRing>
					</outerBoundaryIs>
				</Polygon>
			</Placemark>
			<Placemark>
				<name>1.29.93-1</name>
				<styleUrl>#falseColor163900600000</styleUrl>
				<Polygon>
					<tessellate>1</tessellate>
					<outerBoundaryIs>
						<LinearRing>
							<coordinates>
								-71.64334618893311,-16.31412565040861,0 -71.64360676316969,-16.31443171770749,0 -71.64314623954564,-16.31463469795835,0 -71.64305347495112,-16.31442083494308,0 -71.64300236126661,-16.31429334941328,0 -71.64334618893311,-16.31412565040861,0 
							</coordinates>
						</LinearRing>
					</outerBoundaryIs>
				</Polygon>
			</Placemark>
			<Placemark>
				<name>1.29.93-2</name>
				<styleUrl>#falseColor163900600000</styleUrl>
				<Polygon>
					<tessellate>1</tessellate>
					<outerBoundaryIs>
						<LinearRing>
							<coordinates>
								-71.64218392722459,-16.31508205375937,0 -71.64205543438702,-16.31472240770333,0 -71.64290463380074,-16.31434109132653,0 -71.64305112473845,-16.31468281931393,0 -71.64218392722459,-16.31508205375937,0 
							</coordinates>
						</LinearRing>
					</outerBoundaryIs>
				</Polygon>
			</Placemark>
			<Placemark>
				<name>1.29.93-3</name>
				<styleUrl>#falseColor163900600000</styleUrl>
				<Polygon>
					<tessellate>1</tessellate>
					<outerBoundaryIs>
						<LinearRing>
							<coordinates>
								-71.64195958760443,-16.31474810449636,0 -71.64212300890945,-16.31507239183354,0 -71.64156234069895,-16.31532933493352,0 -71.6414504245883,-16.31515455355355,0 -71.64137099293342,-16.31500718813359,0 -71.64195958760443,-16.31474810449636,0 
							</coordinates>
						</LinearRing>
					</outerBoundaryIs>
				</Polygon>
			</Placemark>
			<Placemark>
				<name>1.29.93-4</name>
				<styleUrl>#falseColor163900600000</styleUrl>
				<Polygon>
					<tessellate>1</tessellate>
					<outerBoundaryIs>
						<LinearRing>
							<coordinates>
								-71.64121456420183,-16.31507501468674,0 -71.64140142171405,-16.31542106626098,0 -71.64100040681141,-16.31561252861199,0 -71.64065005101763,-16.3157030053992,0 -71.64050192703235,-16.3153755385288,0 -71.64121456420183,-16.31507501468674,0 
							</coordinates>
						</LinearRing>
					</outerBoundaryIs>
				</Polygon>
			</Placemark>
			<Placemark>
				<name>1.29.93-5</name>
				<styleUrl>#falseColor163900600000</styleUrl>
				<Polygon>
					<tessellate>1</tessellate>
					<outerBoundaryIs>
						<LinearRing>
							<coordinates>
								-71.6410045149017,-16.31466165408548,0 -71.64119769612758,-16.3150132308758,0 -71.64047301848393,-16.31531145802991,0 -71.64032723416403,-16.31497489172276,0 -71.6410045149017,-16.31466165408548,0 
							</coordinates>
						</LinearRing>
					</outerBoundaryIs>
				</Polygon>
			</Placemark>
			<Placemark>
				<name>1.29.93-6</name>
				<styleUrl>#falseColor163900600000</styleUrl>
				<Polygon>
					<tessellate>1</tessellate>
					<outerBoundaryIs>
						<LinearRing>
							<coordinates>
								-71.64172608317828,-16.31431988073538,0 -71.64179087850489,-16.31442098425345,0 -71.64192630561455,-16.314675587972,0 -71.64134579828279,-16.31494107939146,0 -71.64125207681541,-16.31474542907479,0 -71.64117062914998,-16.31459080270042,0 -71.64172608317828,-16.31431988073538,0 
							</coordinates>
						</LinearRing>
					</outerBoundaryIs>
				</Polygon>
			</Placemark>
			<Placemark>
				<name>1.29.93-7</name>
				<styleUrl>#falseColor163900600000</styleUrl>
				<Polygon>
					<tessellate>1</tessellate>
					<outerBoundaryIs>
						<LinearRing>
							<coordinates>
								-71.64287366247967,-16.31425091818879,0 -71.64203331628379,-16.31465384052903,0 -71.64189557763501,-16.3143647163071,0 -71.64273487216181,-16.31389701644279,0 -71.64287366247967,-16.31425091818879,0 
							</coordinates>
						</LinearRing>
					</outerBoundaryIs>
				</Polygon>
			</Placemark>
			<Placemark>
				<name>1.29.93-8</name>
				<styleUrl>#falseColor163900600000</styleUrl>
				<Polygon>
					<tessellate>1</tessellate>
					<outerBoundaryIs>
						<LinearRing>
							<coordinates>
								-71.64327658366547,-16.31404707326487,0 -71.64297062527993,-16.31421408617384,0 -71.64285106793282,-16.31398438618311,0 -71.64280343189911,-16.31386116809685,0 -71.64299122635435,-16.31376602014882,0 -71.64314987430591,-16.31387462049194,0 -71.64327658366547,-16.31404707326487,0 
							</coordinates>
						</LinearRing>
					</outerBoundaryIs>
				</Polygon>
			</Placemark>
			<Placemark>
				<name>1.29.93-10</name>
				<styleUrl>#falseColor163900600000</styleUrl>
				<Polygon>
					<tessellate>1</tessellate>
					<outerBoundaryIs>
						<LinearRing>
							<coordinates>
								-71.64251858685654,-16.3134758545213,0 -71.64270456789774,-16.3138351636654,0 -71.64182708649297,-16.31424519661601,0 -71.64165678563302,-16.31386597169679,0 -71.64251858685654,-16.3134758545213,0 
							</coordinates>
						</LinearRing>
					</outerBoundaryIs>
				</Polygon>
			</Placemark>
			<Placemark>
				<name>1.29.93-11</name>
				<styleUrl>#falseColor163900600000</styleUrl>
				<Polygon>
					<tessellate>1</tessellate>
					<outerBoundaryIs>
						<LinearRing>
							<coordinates>
								-71.64155816706906,-16.31390351613473,0 -71.64172702128091,-16.31425116586194,0 -71.64114079385659,-16.31454218250067,0 -71.64094710599917,-16.31418105163744,0 -71.64155816706906,-16.31390351613473,0 
							</coordinates>
						</LinearRing>
					</outerBoundaryIs>
				</Polygon>
			</Placemark>
			<Placemark>
				<name>1.29.93-12</name>
				<styleUrl>#falseColor163900600000</styleUrl>
				<Polygon>
					<tessellate>1</tessellate>
					<outerBoundaryIs>
						<LinearRing>
							<coordinates>
								-71.64077679234279,-16.31425587769736,0 -71.64098424869387,-16.3145906891464,0 -71.64031031564524,-16.31486881603526,0 -71.64010513187438,-16.31455371527464,0 -71.64077679234279,-16.31425587769736,0 
							</coordinates>
						</LinearRing>
					</outerBoundaryIs>
				</Polygon>
			</Placemark>
			<Placemark>
				<name>1.29.93-13</name>
				<styleUrl>#falseColor163900600000</styleUrl>
				<Polygon>
					<tessellate>1</tessellate>
					<outerBoundaryIs>
						<LinearRing>
							<coordinates>
								-71.64007542592594,-16.31447188760355,0 -71.64018166067568,-16.31419568215105,0 -71.64020691725274,-16.31402626473594,0 -71.64055933116597,-16.31383924799578,0 -71.64073178882903,-16.31416394090692,0 -71.64007542592594,-16.31447188760355,0 
							</coordinates>
						</LinearRing>
					</outerBoundaryIs>
				</Polygon>
			</Placemark>
			<Placemark>
				<name>1.29.93-14</name>
				<styleUrl>#falseColor163900600000</styleUrl>
				<Polygon>
					<tessellate>1</tessellate>
					<outerBoundaryIs>
						<LinearRing>
							<coordinates>
								-71.64070178352833,-16.31377113645571,0 -71.6413599846038,-16.31349221699912,0 -71.64151233405386,-16.31381738757485,0 -71.64088579826695,-16.31407979147202,0 -71.64070178352833,-16.31377113645571,0 
							</coordinates>
						</LinearRing>
					</outerBoundaryIs>
				</Polygon>
			</Placemark>
			<Placemark>
				<name>1.29.93-15</name>
				<styleUrl>#falseColor163900600000</styleUrl>
				<Polygon>
					<tessellate>1</tessellate>
					<outerBoundaryIs>
						<LinearRing>
							<coordinates>
								-71.64174969090773,-16.31331312553131,0 -71.64229611359482,-16.31306504544686,0 -71.64249073663885,-16.3133983662967,0 -71.64160268884361,-16.31379293627154,0 -71.64144821923708,-16.31340394940483,0 -71.64174969090773,-16.31331312553131,0 
							</coordinates>
						</LinearRing>
					</outerBoundaryIs>
				</Polygon>
			</Placemark>
			<Placemark>
				<name>1.29.93-16</name>
				<styleUrl>#falseColor163900600000</styleUrl>
				<Polygon>
					<tessellate>1</tessellate>
					<outerBoundaryIs>
						<LinearRing>
							<coordinates>
								-71.64210235426128,-16.31262359665536,0 -71.64227258923228,-16.31297471563451,0 -71.64142019470606,-16.31335758616642,0 -71.64122776299052,-16.31300520460906,0 -71.64165221062434,-16.31284151127547,0 -71.64210235426128,-16.31262359665536,0 
							</coordinates>
						</LinearRing>
					</outerBoundaryIs>
				</Polygon>
			</Placemark>
			<Placemark>
				<name>1.29.93-17</name>
				<styleUrl>#falseColor163900600000</styleUrl>
				<Polygon>
					<tessellate>1</tessellate>
					<outerBoundaryIs>
						<LinearRing>
							<coordinates>
								-71.6411512719821,-16.31301698194997,0 -71.64130615681238,-16.31338016754493,0 -71.64066904247534,-16.31368619542664,0 -71.64044305292643,-16.31329207748929,0 -71.6411512719821,-16.31301698194997,0 
							</coordinates>
						</LinearRing>
					</outerBoundaryIs>
				</Polygon>
			</Placemark>
			<Placemark>
				<name>1.29.93-18</name>
				<styleUrl>#falseColor163900600000</styleUrl>
				<Polygon>
					<tessellate>1</tessellate>
					<outerBoundaryIs>
						<LinearRing>
							<coordinates>
								-71.64021580338485,-16.31395265745496,0 -71.64022314328496,-16.31382479677803,0 -71.64013073258675,-16.31372134511341,0 -71.63996608563467,-16.31349551117159,0 -71.64031022102846,-16.31334122337801,0 -71.64053557456143,-16.3137460844443,0 -71.64021580338485,-16.31395265745496,0 
							</coordinates>
						</LinearRing>
					</outerBoundaryIs>
				</Polygon>
			</Placemark>
			<Placemark>
				<name>1.29.94-1</name>
				<styleUrl>#falseColor163900600000</styleUrl>
				<Polygon>
					<tessellate>1</tessellate>
					<outerBoundaryIs>
						<LinearRing>
							<coordinates>
								-71.64302865755427,-16.31732143447055,0 -71.64238237535797,-16.3176631415525,0 -71.64217627320092,-16.31733518232857,0 -71.64235714759305,-16.31721387914206,0 -71.64275222110452,-16.31700703841383,0 -71.64302865755427,-16.31732143447055,0 
							</coordinates>
						</LinearRing>
					</outerBoundaryIs>
				</Polygon>
			</Placemark>
			<Placemark>
				<name>1.29.94-2</name>
				<styleUrl>#falseColor163900600000</styleUrl>
				<Polygon>
					<tessellate>1</tessellate>
					<outerBoundaryIs>
						<LinearRing>
							<coordinates>
								-71.64410934308674,-16.31686104980348,0 -71.64312270059132,-16.31728402413924,0 -71.64285458486816,-16.31699416706656,0 -71.64392228711225,-16.31648763452833,0 -71.64410934308674,-16.31686104980348,0 
							</coordinates>
						</LinearRing>
					</outerBoundaryIs>
				</Polygon>
			</Placemark>
			<Placemark>
				<name>1.29.94-3</name>
				<styleUrl>#falseColor163900600000</styleUrl>
				<Polygon>
					<tessellate>1</tessellate>
					<outerBoundaryIs>
						<LinearRing>
							<coordinates>
								-71.6443249165424,-16.31635111542141,0 -71.64454392157211,-16.31621362412188,0 -71.6450287590674,-16.31604693131196,0 -71.64532939440976,-16.3163586295655,0 -71.64420492917107,-16.31685115693484,0 -71.64402267212678,-16.31646240450222,0 -71.6443249165424,-16.31635111542141,0 
							</coordinates>
						</LinearRing>
					</outerBoundaryIs>
				</Polygon>
			</Placemark>
			<Placemark>
				<name>1.29.94-4</name>
				<styleUrl>#falseColor163900600000</styleUrl>
				<Polygon>
					<tessellate>1</tessellate>
					<outerBoundaryIs>
						<LinearRing>
							<coordinates>
								-71.64468137182337,-16.31567253158867,0 -71.64494870174427,-16.31595438083225,0 -71.64441666143027,-16.31620254510476,0 -71.64399332611225,-16.31637684232501,0 -71.64383824269051,-16.31603661276119,0 -71.64468137182337,-16.31567253158867,0 
							</coordinates>
						</LinearRing>
					</outerBoundaryIs>
				</Polygon>
			</Placemark>
			<Placemark>
				<name>1.29.94-5</name>
				<styleUrl>#falseColor163900600000</styleUrl>
				<Polygon>
					<tessellate>1</tessellate>
					<outerBoundaryIs>
						<LinearRing>
							<coordinates>
								-71.64372925152063,-16.31608372811675,0 -71.64391119054748,-16.31642987384982,0 -71.64280335788627,-16.31691414079057,0 -71.64268773179265,-16.31673347085195,0 -71.6425233652066,-16.31662296008966,0 -71.64372925152063,-16.31608372811675,0 
							</coordinates>
						</LinearRing>
					</outerBoundaryIs>
				</Polygon>
			</Placemark>
			<Placemark>
				<name>1.29.94-6</name>
				<styleUrl>#falseColor163900600000</styleUrl>
				<Polygon>
					<tessellate>1</tessellate>
					<outerBoundaryIs>
						<LinearRing>
							<coordinates>
								-71.64210494503538,-16.31726655521236,0 -71.64169548267945,-16.31699881583365,0 -71.64238970054095,-16.31663587726753,0 -71.64267924281012,-16.31695432048,0 -71.64210494503538,-16.31726655521236,0 
							</coordinates>
						</LinearRing>
					</outerBoundaryIs>
				</Polygon>
			</Placemark>
			<Placemark>
				<name>1.29.94-7</name>
				<styleUrl>#falseColor163900600000</styleUrl>
				<Polygon>
					<tessellate>1</tessellate>
					<outerBoundaryIs>
						<LinearRing>
							<coordinates>
								-71.64205790341005,-16.31631719876138,0 -71.64234790728871,-16.31659532945461,0 -71.6416078366402,-16.31690803964298,0 -71.64124946205088,-16.3166576472194,0 -71.64205790341005,-16.31631719876138,0 
							</coordinates>
						</LinearRing>
					</outerBoundaryIs>
				</Polygon>
			</Placemark>
			<Placemark>
				<name>1.29.94-8</name>
				<styleUrl>#falseColor163900600000</styleUrl>
				<Polygon>
					<tessellate>1</tessellate>
					<outerBoundaryIs>
						<LinearRing>
							<coordinates>
								-71.64257701098666,-16.31610992210928,0 -71.64275955045923,-16.31642350257341,0 -71.64249190259285,-16.31653875402617,0 -71.64225901512974,-16.31626965825199,0 -71.64257701098666,-16.31610992210928,0 
							</coordinates>
						</LinearRing>
					</outerBoundaryIs>
				</Polygon>
			</Placemark>
			<Placemark>
				<name>1.29.94-9</name>
				<styleUrl>#falseColor163900600000</styleUrl>
				<Polygon>
					<tessellate>1</tessellate>
					<outerBoundaryIs>
						<LinearRing>
							<coordinates>
								-71.64354308341866,-16.31568038054567,0 -71.64370549456241,-16.3160289301214,0 -71.64283906766983,-16.31639160313454,0 -71.64267914612799,-16.31605105288624,0 -71.64354308341866,-16.31568038054567,0 
							</coordinates>
						</LinearRing>
					</outerBoundaryIs>
				</Polygon>
			</Placemark>
			<Placemark>
				<name>1.29.94-10</name>
				<styleUrl>#falseColor163900600000</styleUrl>
				<Polygon>
					<tessellate>1</tessellate>
					<outerBoundaryIs>
						<LinearRing>
							<coordinates>
								-71.64363637519124,-16.31566191671776,0 -71.6438023945533,-16.3155648165486,0 -71.64404254240975,-16.31544105021656,0 -71.64435273114849,-16.31531580234381,0 -71.64461282741993,-16.31558662898379,0 -71.64424659618062,-16.31575810479987,0 -71.64399808535296,-16.31587367969833,0 -71.64381265578497,-16.31598493297464,0 -71.64363637519124,-16.31566191671776,0 
							</coordinates>
						</LinearRing>
					</outerBoundaryIs>
				</Polygon>
			</Placemark>
			<Placemark>
				<name>1.29.94-11</name>
				<styleUrl>#falseColor163900600000</styleUrl>
				<Polygon>
					<tessellate>1</tessellate>
					<outerBoundaryIs>
						<LinearRing>
							<coordinates>
								-71.6437185333295,-16.31504252406853,0 -71.6440129498521,-16.31493384939132,0 -71.64428991669497,-16.3152563539106,0 -71.64411575931413,-16.31531653723606,0 -71.64386455238223,-16.31540325829648,0 -71.64359246793029,-16.31555407384393,0 -71.64342260771268,-16.31521609191308,0 -71.6437185333295,-16.31504252406853,0 
							</coordinates>
						</LinearRing>
					</outerBoundaryIs>
				</Polygon>
			</Placemark>
			<Placemark>
				<name>1.29.94-12</name>
				<styleUrl>#falseColor163900600000</styleUrl>
				<Polygon>
					<tessellate>1</tessellate>
					<outerBoundaryIs>
						<LinearRing>
							<coordinates>
								-71.64332128861885,-16.31523443541828,0 -71.64352101362765,-16.31559396029674,0 -71.64262986061473,-16.31595515538415,0 -71.64246217205448,-16.31564196656269,0 -71.64332128861885,-16.31523443541828,0 
							</coordinates>
						</LinearRing>
					</outerBoundaryIs>
				</Polygon>
			</Placemark>
			<Placemark>
				<name>1.29.94-13</name>
				<styleUrl>#falseColor163900600000</styleUrl>
				<Polygon>
					<tessellate>1</tessellate>
					<outerBoundaryIs>
						<LinearRing>
							<coordinates>
								-71.64173714717248,-16.31596088475125,0 -71.64197960723165,-16.31624254290358,0 -71.64151498194877,-16.31647540132396,0 -71.64123495079662,-16.31659268650146,0 -71.64092491121049,-16.31640247764534,0 -71.64173714717248,-16.31596088475125,0 
							</coordinates>
						</LinearRing>
					</outerBoundaryIs>
				</Polygon>
			</Placemark>
			<Placemark>
				<name>1.29.94-14</name>
				<styleUrl>#falseColor163900600000</styleUrl>
				<Polygon>
					<tessellate>1</tessellate>
					<outerBoundaryIs>
						<LinearRing>
							<coordinates>
								-71.6414558482392,-16.31552981335805,0 -71.64170292754486,-16.3158766301756,0 -71.64084518618616,-16.31627399169233,0 -71.64067573828122,-16.31588696773888,0 -71.6414558482392,-16.31552981335805,0 
							</coordinates>
						</LinearRing>
					</outerBoundaryIs>
				</Polygon>
			</Placemark>
			<Placemark>
				<name>1.29.94-15</name>
				<styleUrl>#falseColor163900600000</styleUrl>
				<Polygon>
					<tessellate>1</tessellate>
					<outerBoundaryIs>
						<LinearRing>
							<coordinates>
								-71.64218070188738,-16.31525383401003,0 -71.64234488529891,-16.31561462927248,0 -71.64203206728206,-16.31575551520001,0 -71.64185421118475,-16.31581432738832,0 -71.6417551399762,-16.31565845021445,0 -71.64162843532368,-16.3154540693652,0 -71.64218070188738,-16.31525383401003,0 
							</coordinates>
						</LinearRing>
					</outerBoundaryIs>
				</Polygon>
			</Placemark>
			<Placemark>
				<name>1.29.94-16</name>
				<styleUrl>#falseColor163900600000</styleUrl>
				<Polygon>
					<tessellate>1</tessellate>
					<outerBoundaryIs>
						<LinearRing>
							<coordinates>
								-71.64311371285697,-16.31479603150726,0 -71.64327717398662,-16.31515444861325,0 -71.64243418000457,-16.31557372135557,0 -71.64235157797789,-16.3153828087813,0 -71.64223441991608,-16.31516503965616,0 -71.64311371285697,-16.31479603150726,0 
							</coordinates>
						</LinearRing>
					</outerBoundaryIs>
				</Polygon>
			</Placemark>
			<Placemark>
				<name>1.29.94-17</name>
				<styleUrl>#falseColor163900600000</styleUrl>
				<Polygon>
					<tessellate>1</tessellate>
					<outerBoundaryIs>
						<LinearRing>
							<coordinates>
								-71.64339687130267,-16.31470003657403,0 -71.64369503971952,-16.31455289329579,0 -71.64396157235954,-16.31486398358282,0 -71.64360948653197,-16.31502530395347,0 -71.64336254291001,-16.3151222843248,0 -71.64321437107851,-16.31478524008182,0 -71.64339687130267,-16.31470003657403,0 
							</coordinates>
						</LinearRing>
					</outerBoundaryIs>
				</Polygon>
			</Placemark>
			<Placemark>
				<name>1.29.95-1</name>
				<styleUrl>#falseColor163900600000</styleUrl>
				<Polygon>
					<tessellate>1</tessellate>
					<outerBoundaryIs>
						<LinearRing>
							<coordinates>
								-71.64359252831049,-16.31975560123062,0 -71.64344056125968,-16.31941634910574,0 -71.64373521807745,-16.31927846341627,0 -71.64401651228305,-16.31915429395902,0 -71.64415258416423,-16.31908503114354,0 -71.64424714068335,-16.31915697403,0 -71.64428229720728,-16.31925714855428,0 -71.6443356613334,-16.31941184694517,0 -71.64359252831049,-16.31975560123062,0 
							</coordinates>
						</LinearRing>
					</outerBoundaryIs>
				</Polygon>
			</Placemark>
			<Placemark>
				<name>1.29.95-3</name>
				<styleUrl>#falseColor163900600000</styleUrl>
				<Polygon>
					<tessellate>1</tessellate>
					<outerBoundaryIs>
						<LinearRing>
							<coordinates>
								-71.643198334462,-16.31889802298059,0 -71.64300623490615,-16.31858024535515,0 -71.64368280916065,-16.31823562189932,0 -71.64372343287413,-16.31831766638666,0 -71.64372071670245,-16.31842211421426,0 -71.64380855734194,-16.31860880327894,0 -71.643198334462,-16.31889802298059,0 
							</coordinates>
						</LinearRing>
					</outerBoundaryIs>
				</Polygon>
			</Placemark>
			<Placemark>
				<name>1.29.95-4</name>
				<styleUrl>#falseColor163900600000</styleUrl>
				<Polygon>
					<tessellate>1</tessellate>
					<outerBoundaryIs>
						<LinearRing>
							<coordinates>
								-71.64299054478955,-16.31847132699535,0 -71.64280096977224,-16.31810447576947,0 -71.64343461386859,-16.31784196263564,0 -71.64355798522473,-16.31801144097458,0 -71.6436533935679,-16.31817900681691,0 -71.64299054478955,-16.31847132699535,0 
							</coordinates>
						</LinearRing>
					</outerBoundaryIs>
				</Polygon>
			</Placemark>
			<Placemark>
				<name>1.29.95-5</name>
				<styleUrl>#falseColor163900600000</styleUrl>
				<Polygon>
					<tessellate>1</tessellate>
					<outerBoundaryIs>
						<LinearRing>
							<coordinates>
								-71.64311447100506,-16.3174278994247,0 -71.6432660362657,-16.3175748752072,0 -71.64340399737998,-16.31777893630741,0 -71.64312254767083,-16.31788929826071,0 -71.64274255057589,-16.31804066203635,0 -71.64257521762751,-16.31772107369299,0 -71.64311447100506,-16.3174278994247,0 
							</coordinates>
						</LinearRing>
					</outerBoundaryIs>
				</Polygon>
			</Placemark>
			<Placemark>
				<name>1.29.95-6</name>
				<styleUrl>#falseColor163900600000</styleUrl>
				<Polygon>
					<tessellate>1</tessellate>
					<outerBoundaryIs>
						<LinearRing>
							<coordinates>
								-71.64353697572419,-16.31770548017754,0 -71.64350452168215,-16.31766330612479,0 -71.64341358176578,-16.31756582454949,0 -71.64331335329605,-16.3174771022823,0 -71.64320811387486,-16.3173648897095,0 -71.64334461887218,-16.31732880025698,0 -71.64351767326632,-16.31725929386326,0 -71.64383513502172,-16.31714004110938,0 -71.64403260333033,-16.31703547338394,0 -71.64415935500868,-16.31702160547439,0 -71.64433819769147,-16.31737157694562,0 -71.64353697572419,-16.31770548017754,0 
							</coordinates>
						</LinearRing>
					</outerBoundaryIs>
				</Polygon>
			</Placemark>
			<Placemark>
				<name>1.29.95-7</name>
				<styleUrl>#falseColor163900600000</styleUrl>
				<Polygon>
					<tessellate>1</tessellate>
					<outerBoundaryIs>
						<LinearRing>
							<coordinates>
								-71.64434861974871,-16.31742913547967,0 -71.64453817626395,-16.31776992601618,0 -71.64400362817445,-16.31802275977951,0 -71.6437326690728,-16.31814904821399,0 -71.6436213354996,-16.3179215565694,0 -71.64353412227445,-16.31776843293464,0 -71.64434861974871,-16.31742913547967,0 
							</coordinates>
						</LinearRing>
					</outerBoundaryIs>
				</Polygon>
			</Placemark>
			<Placemark>
				<name>1.29.95-8</name>
				<styleUrl>#falseColor163900600000</styleUrl>
				<Polygon>
					<tessellate>1</tessellate>
					<outerBoundaryIs>
						<LinearRing>
							<coordinates>
								-71.64386957773721,-16.31858208718418,0 -71.6438321320927,-16.31846260512653,0 -71.64379776771803,-16.31831469199993,0 -71.64376491557209,-16.31820908194667,0 -71.6445506734716,-16.31782791179235,0 -71.64475378378656,-16.31821631452775,0 -71.64386957773721,-16.31858208718418,0 
							</coordinates>
						</LinearRing>
					</outerBoundaryIs>
				</Polygon>
			</Placemark>
			<Placemark>
				<name>1.29.95-9</name>
				<styleUrl>#falseColor163900600000</styleUrl>
				<Polygon>
					<tessellate>1</tessellate>
					<outerBoundaryIs>
						<LinearRing>
							<coordinates>
								-71.64477524835485,-16.31827488912359,0 -71.64496735792096,-16.31862949143023,0 -71.64418397192064,-16.31895620727418,0 -71.64406116343046,-16.31878621963229,0 -71.64390712666193,-16.31861837651519,0 -71.64477524835485,-16.31827488912359,0 
							</coordinates>
						</LinearRing>
					</outerBoundaryIs>
				</Polygon>
			</Placemark>
			<Placemark>
				<name>1.29.95-10</name>
				<styleUrl>#falseColor163900600000</styleUrl>
				<Polygon>
					<tessellate>1</tessellate>
					<outerBoundaryIs>
						<LinearRing>
							<coordinates>
								-71.64426319258463,-16.3190308919094,0 -71.64500441055564,-16.31871442747109,0 -71.64515641272565,-16.31904176739543,0 -71.64468548909596,-16.31926247480807,0 -71.64441742275579,-16.31936663273625,0 -71.64426319258463,-16.3190308919094,0 
							</coordinates>
						</LinearRing>
					</outerBoundaryIs>
				</Polygon>
			</Placemark>
			<Placemark>
				<name>1.29.95-11</name>
				<styleUrl>#falseColor163900600000</styleUrl>
				<Polygon>
					<tessellate>1</tessellate>
					<outerBoundaryIs>
						<LinearRing>
							<coordinates>
								-71.64594188647953,-16.31825166886494,0 -71.64612632557366,-16.3186180470651,0 -71.64524868215564,-16.3190023561262,0 -71.64508330132644,-16.31862228318625,0 -71.64594188647953,-16.31825166886494,0 
							</coordinates>
						</LinearRing>
					</outerBoundaryIs>
				</Polygon>
			</Placemark>
			<Placemark>
				<name>1.29.95-12</name>
				<styleUrl>#falseColor163900600000</styleUrl>
				<Polygon>
					<tessellate>1</tessellate>
					<outerBoundaryIs>
						<LinearRing>
							<coordinates>
								-71.64531387985544,-16.31701414790851,0 -71.64548070649509,-16.317334818947,0 -71.64499990542035,-16.31757105601051,0 -71.64465969002613,-16.31774651292026,0 -71.64447164095901,-16.31740466624234,0 -71.64531387985544,-16.31701414790851,0 
							</coordinates>
						</LinearRing>
					</outerBoundaryIs>
				</Polygon>
			</Placemark>
			<Placemark>
				<name>1.29.95-13</name>
				<styleUrl>#falseColor163900600000</styleUrl>
				<Polygon>
					<tessellate>1</tessellate>
					<outerBoundaryIs>
						<LinearRing>
							<coordinates>
								-71.64512361373704,-16.31659174698675,0 -71.64528524450292,-16.31691213387584,0 -71.6444132700794,-16.31731288508122,0 -71.64423343888194,-16.31693974503854,0 -71.64512361373704,-16.31659174698675,0 
							</coordinates>
						</LinearRing>
					</outerBoundaryIs>
				</Polygon>
			</Placemark>
			<Placemark>
				<name>1.29.95-14</name>
				<styleUrl>#falseColor163900600000</styleUrl>
				<Polygon>
					<tessellate>1</tessellate>
					<outerBoundaryIs>
						<LinearRing>
							<coordinates>
								-71.64567630387306,-16.31673715364406,0 -71.64537536042681,-16.3168882346264,0 -71.64521635964763,-16.31654336447831,0 -71.64539565144864,-16.31646079162221,0 -71.64567630387306,-16.31673715364406,0 
							</coordinates>
						</LinearRing>
					</outerBoundaryIs>
				</Polygon>
			</Placemark>
			<Placemark>
				<name>1.29.95-15</name>
				<styleUrl>#falseColor163900600000</styleUrl>
				<Polygon>
					<tessellate>1</tessellate>
					<outerBoundaryIs>
						<LinearRing>
							<coordinates>
								-71.64573787116787,-16.31681629940431,0 -71.64602673953053,-16.31711257758989,0 -71.64558679900347,-16.31731549437713,0 -71.64541231268215,-16.31696680443317,0 -71.64573787116787,-16.31681629940431,0 
							</coordinates>
						</LinearRing>
					</outerBoundaryIs>
				</Polygon>
			</Placemark>
			<Placemark>
				<name>1.29.95-16</name>
				<styleUrl>#falseColor163900600000</styleUrl>
				<Polygon>
					<tessellate>1</tessellate>
					<outerBoundaryIs>
						<LinearRing>
							<coordinates>
								-71.64609091716719,-16.31719818949244,0 -71.64636868519682,-16.31747348307408,0 -71.64578087406623,-16.31775506921144,0 -71.64561486668238,-16.31738707498969,0 -71.64609091716719,-16.31719818949244,0 
							</coordinates>
						</LinearRing>
					</outerBoundaryIs>
				</Polygon>
			</Placemark>
			<Placemark>
				<name>1.29.95-17</name>
				<styleUrl>#falseColor163900600000</styleUrl>
				<Polygon>
					<tessellate>1</tessellate>
					<outerBoundaryIs>
						<LinearRing>
							<coordinates>
								-71.64640581528081,-16.31755263830846,0 -71.64669220017043,-16.31784778957167,0 -71.64598017168242,-16.31818882039662,0 -71.64581618758604,-16.31781961309671,0 -71.64640581528081,-16.31755263830846,0 
							</coordinates>
						</LinearRing>
					</outerBoundaryIs>
				</Polygon>
			</Placemark>
			<Placemark>
				<name>1.29.95-18</name>
				<styleUrl>#falseColor163900600000</styleUrl>
				<Polygon>
					<tessellate>1</tessellate>
					<outerBoundaryIs>
						<LinearRing>
							<coordinates>
								-71.64672640133313,-16.31790398139922,0 -71.6468405957974,-16.31805902429671,0 -71.64704198118866,-16.31823386293338,0 -71.64621500665237,-16.31859730646344,0 -71.6460278696768,-16.31822502218118,0 -71.64672640133313,-16.31790398139922,0 
							</coordinates>
						</LinearRing>
					</outerBoundaryIs>
				</Polygon>
			</Placemark>
			<Placemark>
				<name>1.29.95-20</name>
				<styleUrl>#falseColor163900600000</styleUrl>
				<Polygon>
					<tessellate>1</tessellate>
					<outerBoundaryIs>
						<LinearRing>
							<coordinates>
								-71.64880580919892,-16.31701218710845,0 -71.64894404291287,-16.31736301436432,0 -71.64811647907786,-16.31773240961104,0 -71.64793621757758,-16.31739955486636,0 -71.64880580919892,-16.31701218710845,0 
							</coordinates>
						</LinearRing>
					</outerBoundaryIs>
				</Polygon>
			</Placemark>
			<Placemark>
				<name>1.29.95-21</name>
				<styleUrl>#falseColor163900600000</styleUrl>
				<Polygon>
					<tessellate>1</tessellate>
					<outerBoundaryIs>
						<LinearRing>
							<coordinates>
								-71.64826756512559,-16.31716526663085,0 -71.64807243551525,-16.31725749434264,0 -71.64791190801904,-16.31703443040663,0 -71.64842858121325,-16.31665259920296,0 -71.648622603219,-16.31676745870926,0 -71.6487506415281,-16.3169423563216,0 -71.64826756512559,-16.31716526663085,0 
							</coordinates>
						</LinearRing>
					</outerBoundaryIs>
				</Polygon>
			</Placemark>
			<Placemark>
				<name>1.29.95-22</name>
				<styleUrl>#falseColor163900600000</styleUrl>
				<Polygon>
					<tessellate>1</tessellate>
					<outerBoundaryIs>
						<LinearRing>
							<coordinates>
								-71.64856979920827,-16.31659493331449,0 -71.64881432556992,-16.31638712184117,0 -71.64888711584351,-16.3165783274753,0 -71.6488634015347,-16.31671328348803,0 -71.64887959083013,-16.31677142970528,0 -71.64893102874933,-16.3168482389077,0 -71.64895470113362,-16.3169351914861,0 -71.64897157725245,-16.31699130177658,0 -71.64884686841943,-16.31699073317146,0 -71.64878239958132,-16.31680026775176,0 -71.64871431537624,-16.31664932408284,0 -71.64856979920827,-16.31659493331449,0 
							</coordinates>
						</LinearRing>
					</outerBoundaryIs>
				</Polygon>
			</Placemark>
			<Placemark>
				<name>1.29.96-1</name>
				<styleUrl>#falseColor163900600000</styleUrl>
				<Polygon>
					<tessellate>1</tessellate>
					<outerBoundaryIs>
						<LinearRing>
							<coordinates>
								-71.64421727309464,-16.32172353503997,0 -71.64436485005595,-16.32208628822639,0 -71.6435680679715,-16.32243056492785,0 -71.64343974040054,-16.32208876497908,0 -71.64421727309464,-16.32172353503997,0 
							</coordinates>
						</LinearRing>
					</outerBoundaryIs>
				</Polygon>
			</Placemark>
			<Placemark>
				<name>1.29.96-2</name>
				<styleUrl>#falseColor163900600000</styleUrl>
				<Polygon>
					<tessellate>1</tessellate>
					<outerBoundaryIs>
						<LinearRing>
							<coordinates>
								-71.64405835571974,-16.32127518250125,0 -71.64420468241038,-16.32160997678137,0 -71.64397452791366,-16.32171587693791,0 -71.64381356823877,-16.32178503114534,0 -71.6436522917375,-16.32185857247643,0 -71.64349731489143,-16.32191853778176,0 -71.6433795357687,-16.32195930778501,0 -71.64320972679882,-16.3216384156874,0 -71.64364405211053,-16.32146851616961,0 -71.64389296216599,-16.32135455885642,0 -71.64405835571974,-16.32127518250125,0 
							</coordinates>
						</LinearRing>
					</outerBoundaryIs>
				</Polygon>
			</Placemark>
			<Placemark>
				<name>1.29.96-3</name>
				<styleUrl>#falseColor163900600000</styleUrl>
				<Polygon>
					<tessellate>1</tessellate>
					<outerBoundaryIs>
						<LinearRing>
							<coordinates>
								-71.6438904992694,-16.32080877944616,0 -71.64405289875388,-16.3211852840202,0 -71.6439376599333,-16.32124453965444,0 -71.64377352161388,-16.32128581973452,0 -71.64350056345845,-16.32141542896078,0 -71.64333914403566,-16.32148523893567,0 -71.64318201502005,-16.32157900385617,0 -71.64302894404753,-16.32122222267153,0 -71.6432159256812,-16.32115029960285,0 -71.6438904992694,-16.32080877944616,0 
							</coordinates>
						</LinearRing>
					</outerBoundaryIs>
				</Polygon>
			</Placemark>
			<Placemark>
				<name>1.29.96-4</name>
				<styleUrl>#falseColor163900600000</styleUrl>
				<Polygon>
					<tessellate>1</tessellate>
					<outerBoundaryIs>
						<LinearRing>
							<coordinates>
								-71.6430045036759,-16.32115892488201,0 -71.64285684765754,-16.32067640570715,0 -71.64303318472233,-16.32064221669312,0 -71.64338146448632,-16.32054204195596,0 -71.64351590768472,-16.32046929737101,0 -71.6437175327688,-16.32037212554581,0 -71.64385889043383,-16.32073591810662,0 -71.6430045036759,-16.32115892488201,0 
							</coordinates>
						</LinearRing>
					</outerBoundaryIs>
				</Polygon>
			</Placemark>
			<Placemark>
				<name>1.29.96-5</name>
				<styleUrl>#falseColor163900600000</styleUrl>
				<Polygon>
					<tessellate>1</tessellate>
					<outerBoundaryIs>
						<LinearRing>
							<coordinates>
								-71.64326435293555,-16.32051290187489,0 -71.64303641635573,-16.32057132970334,0 -71.64284664296967,-16.32059885238506,0 -71.64287291794668,-16.32001357932633,0 -71.64293418769991,-16.32004767303245,0 -71.64304381893976,-16.32006376498075,0 -71.6433143333729,-16.32006131971002,0 -71.64358292813652,-16.31994276654734,0 -71.64371405402977,-16.32030284573944,0 -71.64326435293555,-16.32051290187489,0 
							</coordinates>
						</LinearRing>
					</outerBoundaryIs>
				</Polygon>
			</Placemark>
			<Placemark>
				<name>1.29.96-6</name>
				<styleUrl>#falseColor163900600000</styleUrl>
				<Polygon>
					<tessellate>1</tessellate>
					<outerBoundaryIs>
						<LinearRing>
							<coordinates>
								-71.64364012203063,-16.31991122646066,0 -71.64436345327927,-16.31950880079529,0 -71.64450354244464,-16.31992680601564,0 -71.64378391673415,-16.32027545546079,0 -71.64364012203063,-16.31991122646066,0 
							</coordinates>
						</LinearRing>
					</outerBoundaryIs>
				</Polygon>
			</Placemark>
			<Placemark>
				<name>1.29.96-7</name>
				<styleUrl>#falseColor163900600000</styleUrl>
				<Polygon>
					<tessellate>1</tessellate>
					<outerBoundaryIs>
						<LinearRing>
							<coordinates>
								-71.64452654759232,-16.32002054058706,0 -71.64468556558853,-16.32036743333639,0 -71.6439603620783,-16.32068672446672,0 -71.64381088109887,-16.32033359126921,0 -71.64452654759232,-16.32002054058706,0 
							</coordinates>
						</LinearRing>
					</outerBoundaryIs>
				</Polygon>
			</Placemark>
			<Placemark>
				<name>1.29.96-10</name>
				<styleUrl>#falseColor163900600000</styleUrl>
				<Polygon>
					<tessellate>1</tessellate>
					<outerBoundaryIs>
						<LinearRing>
							<coordinates>
								-71.64508559969873,-16.32132701508371,0 -71.64525292128707,-16.32169002447143,0 -71.64445617769722,-16.32203328797088,0 -71.64431643059403,-16.32167813427776,0 -71.64474572629308,-16.32148775963052,0 -71.64508559969873,-16.32132701508371,0 
							</coordinates>
						</LinearRing>
					</outerBoundaryIs>
				</Polygon>
			</Placemark>
			<Placemark>
				<name>1.29.96-11</name>
				<styleUrl>#falseColor163900600000</styleUrl>
				<Polygon>
					<tessellate>1</tessellate>
					<outerBoundaryIs>
						<LinearRing>
							<coordinates>
								-71.64602402393645,-16.32089615649095,0 -71.64620821145623,-16.32124485687151,0 -71.64538996297439,-16.32162139970226,0 -71.64523081678792,-16.32125556240955,0 -71.64602402393645,-16.32089615649095,0 
							</coordinates>
						</LinearRing>
					</outerBoundaryIs>
				</Polygon>
			</Placemark>
			<Placemark>
				<name>1.29.96-12</name>
				<styleUrl>#falseColor163900600000</styleUrl>
				<Polygon>
					<tessellate>1</tessellate>
					<outerBoundaryIs>
						<LinearRing>
							<coordinates>
								-71.64580944432349,-16.3204839354691,0 -71.64600732370533,-16.32081881399559,0 -71.64521303239279,-16.32116587489248,0 -71.64506208577461,-16.32083212162894,0 -71.64580944432349,-16.3204839354691,0 
							</coordinates>
						</LinearRing>
					</outerBoundaryIs>
				</Polygon>
			</Placemark>
			<Placemark>
				<name>1.29.96-13</name>
				<styleUrl>#falseColor163900600000</styleUrl>
				<Polygon>
					<tessellate>1</tessellate>
					<outerBoundaryIs>
						<LinearRing>
							<coordinates>
								-71.64560942160485,-16.32005559625658,0 -71.64578487560665,-16.32039705169872,0 -71.6450323171867,-16.32074124489188,0 -71.64485186984176,-16.32040759233825,0 -71.64560942160485,-16.32005559625658,0 
							</coordinates>
						</LinearRing>
					</outerBoundaryIs>
				</Polygon>
			</Placemark>
			<Placemark>
				<name>1.29.96-14</name>
				<styleUrl>#falseColor163900600000</styleUrl>
				<Polygon>
					<tessellate>1</tessellate>
					<outerBoundaryIs>
						<LinearRing>
							<coordinates>
								-71.64542931174658,-16.31964252362961,0 -71.64559206098973,-16.31997857428676,0 -71.64485006176545,-16.32030426389456,0 -71.64465288775341,-16.31995324042988,0 -71.64542931174658,-16.31964252362961,0 
							</coordinates>
						</LinearRing>
					</outerBoundaryIs>
				</Polygon>
			</Placemark>
			<Placemark>
				<name>1.29.96-15</name>
				<styleUrl>#falseColor163900600000</styleUrl>
				<Polygon>
					<tessellate>1</tessellate>
					<outerBoundaryIs>
						<LinearRing>
							<coordinates>
								-71.64463012155379,-16.31988070053611,0 -71.64443945364098,-16.31948522827995,0 -71.64477033846552,-16.31934871289364,0 -71.64503343256357,-16.31924482852845,0 -71.64525888202819,-16.3191599821759,0 -71.64541077577651,-16.31954931599247,0 -71.64463012155379,-16.31988070053611,0 
							</coordinates>
						</LinearRing>
					</outerBoundaryIs>
				</Polygon>
			</Placemark>
			<Placemark>
				<name>1.29.96-16</name>
				<styleUrl>#falseColor163900600000</styleUrl>
				<Polygon>
					<tessellate>1</tessellate>
					<outerBoundaryIs>
						<LinearRing>
							<coordinates>
								-71.64613369299467,-16.31981070033085,0 -71.64656447631465,-16.31960789813887,0 -71.64674429147793,-16.3199876882712,0 -71.6466469799434,-16.32002337651349,0 -71.64652961062387,-16.3200775305301,0 -71.64642511496353,-16.3201364334547,0 -71.64629257272236,-16.32019491863795,0 -71.64599513865538,-16.32032758850121,0 -71.64587099107791,-16.32034492583766,0 -71.64570072285983,-16.32000438129826,0 -71.64613369299467,-16.31981070033085,0 
							</coordinates>
						</LinearRing>
					</outerBoundaryIs>
				</Polygon>
			</Placemark>
			<Placemark>
				<name>1.29.96-17</name>
				<styleUrl>#falseColor163900600000</styleUrl>
				<Polygon>
					<tessellate>1</tessellate>
					<outerBoundaryIs>
						<LinearRing>
							<coordinates>
								-71.6467830649059,-16.32004607572168,0 -71.64694441187939,-16.32041833284572,0 -71.64608782045951,-16.32079848539109,0 -71.6459132120202,-16.32041491441201,0 -71.6467830649059,-16.32004607572168,0 
							</coordinates>
						</LinearRing>
					</outerBoundaryIs>
				</Polygon>
			</Placemark>
			<Placemark>
				<name>1.29.96-18</name>
				<styleUrl>#falseColor163900600000</styleUrl>
				<Polygon>
					<tessellate>1</tessellate>
					<outerBoundaryIs>
						<LinearRing>
							<coordinates>
								-71.64699049973322,-16.32047301644604,0 -71.64716059248893,-16.32082690988389,0 -71.6463071854789,-16.32123071898157,0 -71.64612759482597,-16.32085794000236,0 -71.64699049973322,-16.32047301644604,0 
							</coordinates>
						</LinearRing>
					</outerBoundaryIs>
				</Polygon>
			</Placemark>
			<Placemark>
				<name>1.29.96-19</name>
				<styleUrl>#falseColor163900600000</styleUrl>
				<Polygon>
					<tessellate>1</tessellate>
					<outerBoundaryIs>
						<LinearRing>
							<coordinates>
								-71.64765419673179,-16.32019093945841,0 -71.64795270845867,-16.32005735421177,0 -71.64810863245117,-16.32040229472936,0 -71.64724186065607,-16.32080448007693,0 -71.64708034286753,-16.32044578836472,0 -71.64765419673179,-16.32019093945841,0 
							</coordinates>
						</LinearRing>
					</outerBoundaryIs>
				</Polygon>
			</Placemark>
			<Placemark>
				<name>1.29.96-20</name>
				<styleUrl>#falseColor163900600000</styleUrl>
				<Polygon>
					<tessellate>1</tessellate>
					<outerBoundaryIs>
						<LinearRing>
							<coordinates>
								-71.64774701886481,-16.31962047302654,0 -71.64792232102053,-16.3199859002637,0 -71.64704441763762,-16.32034560765025,0 -71.64688466330459,-16.3200103452932,0 -71.64774701886481,-16.31962047302654,0 
							</coordinates>
						</LinearRing>
					</outerBoundaryIs>
				</Polygon>
			</Placemark>
			<Placemark>
				<name>1.29.96-21</name>
				<styleUrl>#falseColor163900600000</styleUrl>
				<Polygon>
					<tessellate>1</tessellate>
					<outerBoundaryIs>
						<LinearRing>
							<coordinates>
								-71.64752658639379,-16.31920553808451,0 -71.64770849962505,-16.31952857545965,0 -71.64684017672236,-16.31992552483371,0 -71.64665145606205,-16.31958682909769,0 -71.64752658639379,-16.31920553808451,0 
							</coordinates>
						</LinearRing>
					</outerBoundaryIs>
				</Polygon>
			</Placemark>
			<Placemark>
				<name>1.29.96-22</name>
				<styleUrl>#falseColor163900600000</styleUrl>
				<Polygon>
					<tessellate>1</tessellate>
					<outerBoundaryIs>
						<LinearRing>
							<coordinates>
								-71.64702974474068,-16.31891769959876,0 -71.64732864680961,-16.31876339461633,0 -71.64751847325793,-16.31910213816876,0 -71.64725141951158,-16.3192277759448,0 -71.64691955822531,-16.31936564850882,0 -71.64663633169513,-16.31949980251526,0 -71.64646938579419,-16.31913993105222,0 -71.64702974474068,-16.31891769959876,0 
							</coordinates>
						</LinearRing>
					</outerBoundaryIs>
				</Polygon>
			</Placemark>
			<Placemark>
				<name>1.29.96-23</name>
				<styleUrl>#falseColor163900600000</styleUrl>
				<Polygon>
					<tessellate>1</tessellate>
					<outerBoundaryIs>
						<LinearRing>
							<coordinates>
								-71.64659207762867,-16.31860733837304,0 -71.64682260314365,-16.3184784059817,0 -71.6471041227687,-16.31832762940781,0 -71.64730707096189,-16.31869411585924,0 -71.64701197245853,-16.31881502511912,0 -71.64692099674275,-16.31885024850979,0 -71.6466397492683,-16.31897641524642,0 -71.64642136383455,-16.31906440197365,0 -71.6462525597106,-16.31873643682844,0 -71.64659207762867,-16.31860733837304,0 
							</coordinates>
						</LinearRing>
					</outerBoundaryIs>
				</Polygon>
			</Placemark>
			<Placemark>
				<name>1.29.96-24</name>
				<styleUrl>#falseColor163900600000</styleUrl>
				<Polygon>
					<tessellate>1</tessellate>
					<outerBoundaryIs>
						<LinearRing>
							<coordinates>
								-71.64738182329693,-16.31867341916258,0 -71.6471869304322,-16.31828903294816,0 -71.64775124508874,-16.31804370596136,0 -71.64794331977275,-16.31841463554872,0 -71.64738182329693,-16.31867341916258,0 
							</coordinates>
						</LinearRing>
					</outerBoundaryIs>
				</Polygon>
			</Placemark>
			<Placemark>
				<name>1.29.96-25</name>
				<styleUrl>#falseColor163900600000</styleUrl>
				<Polygon>
					<tessellate>1</tessellate>
					<outerBoundaryIs>
						<LinearRing>
							<coordinates>
								-71.64807382763958,-16.31841352487635,0 -71.6482844206291,-16.31876002838323,0 -71.64760353273584,-16.31909769288161,0 -71.64740362747088,-16.31871118648208,0 -71.64807382763958,-16.31841352487635,0 
							</coordinates>
						</LinearRing>
					</outerBoundaryIs>
				</Polygon>
			</Placemark>
			<Placemark>
				<name>1.29.96-26</name>
				<styleUrl>#falseColor163900600000</styleUrl>
				<Polygon>
					<tessellate>1</tessellate>
					<outerBoundaryIs>
						<LinearRing>
							<coordinates>
								-71.64847460602046,-16.31879070913875,0 -71.64863398807579,-16.31912107339158,0 -71.6477877392806,-16.31951222127219,0 -71.64762933851225,-16.3191634020657,0 -71.64847460602046,-16.31879070913875,0 
							</coordinates>
						</LinearRing>
					</outerBoundaryIs>
				</Polygon>
			</Placemark>
			<Placemark>
				<name>1.29.96-27</name>
				<styleUrl>#falseColor163900600000</styleUrl>
				<Polygon>
					<tessellate>1</tessellate>
					<outerBoundaryIs>
						<LinearRing>
							<coordinates>
								-71.64868146512273,-16.319191627248,0 -71.64885770834604,-16.31956221152763,0 -71.6479985890135,-16.31995077423068,0 -71.64782940900784,-16.31959603786137,0 -71.64868146512273,-16.319191627248,0 
							</coordinates>
						</LinearRing>
					</outerBoundaryIs>
				</Polygon>
			</Placemark>
			<Placemark>
				<name>1.29.96-28</name>
				<styleUrl>#falseColor163900600000</styleUrl>
				<Polygon>
					<tessellate>1</tessellate>
					<outerBoundaryIs>
						<LinearRing>
							<coordinates>
								-71.64888642281309,-16.31962237647881,0 -71.64906816199588,-16.32000195299885,0 -71.64859761828829,-16.32019315367244,0 -71.64818588904662,-16.32035010736978,0 -71.64802084063993,-16.32000021441014,0 -71.6483952467315,-16.31985868795061,0 -71.64888642281309,-16.31962237647881,0 
							</coordinates>
						</LinearRing>
					</outerBoundaryIs>
				</Polygon>
			</Placemark>
			<Placemark>
				<name>1.29.96-29</name>
				<styleUrl>#falseColor163900600000</styleUrl>
				<Polygon>
					<tessellate>1</tessellate>
					<outerBoundaryIs>
						<LinearRing>
							<coordinates>
								-71.6494745743815,-16.3193940224235,0 -71.64966608691196,-16.31974816694667,0 -71.64916328416925,-16.31997962628954,0 -71.64896792581858,-16.31959973345696,0 -71.6494745743815,-16.3193940224235,0 
							</coordinates>
						</LinearRing>
					</outerBoundaryIs>
				</Polygon>
			</Placemark>
			<Placemark>
				<name>1.29.96-32</name>
				<styleUrl>#falseColor163900600000</styleUrl>
				<Polygon>
					<tessellate>1</tessellate>
					<outerBoundaryIs>
						<LinearRing>
							<coordinates>
								-71.64897981633798,-16.31803345078485,0 -71.6491771826913,-16.31842175271023,0 -71.64850081953614,-16.31868162799976,0 -71.64835316314594,-16.31830922175758,0 -71.64897981633798,-16.31803345078485,0 
							</coordinates>
						</LinearRing>
					</outerBoundaryIs>
				</Polygon>
			</Placemark>
			<Placemark>
				<name>1.29.96-33</name>
				<styleUrl>#falseColor163900600000</styleUrl>
				<Polygon>
					<tessellate>1</tessellate>
					<outerBoundaryIs>
						<LinearRing>
							<coordinates>
								-71.64878923003897,-16.31762013560533,0 -71.64893560890081,-16.31796324057824,0 -71.64830749184638,-16.31824168218898,0 -71.64816027339769,-16.31789652484221,0 -71.64878923003897,-16.31762013560533,0 
							</coordinates>
						</LinearRing>
					</outerBoundaryIs>
				</Polygon>
			</Placemark>
			<Placemark>
				<name>1.29.97-8</name>
				<styleUrl>#falseColor163900600000</styleUrl>
				<Polygon>
					<tessellate>1</tessellate>
					<outerBoundaryIs>
						<LinearRing>
							<coordinates>
								-71.64912645455176,-16.32013370050543,0 -71.64928695448955,-16.32046574088185,0 -71.64841742972588,-16.32086274201809,0 -71.64827599653741,-16.32050972581178,0 -71.64912645455176,-16.32013370050543,0 
							</coordinates>
						</LinearRing>
					</outerBoundaryIs>
				</Polygon>
			</Placemark>
			<Placemark>
				<name>1.29.97-9</name>
				<styleUrl>#falseColor163900600000</styleUrl>
				<Polygon>
					<tessellate>1</tessellate>
					<outerBoundaryIs>
						<LinearRing>
							<coordinates>
								-71.64817452100552,-16.32053251746477,0 -71.64833688208154,-16.32087658606061,0 -71.64744597801428,-16.32131210358169,0 -71.64728248510653,-16.32094362149987,0 -71.64817452100552,-16.32053251746477,0 
							</coordinates>
						</LinearRing>
					</outerBoundaryIs>
				</Polygon>
			</Placemark>
			<Placemark>
				<name>1.29.97-14</name>
				<styleUrl>#falseColor163900600000</styleUrl>
				<Polygon>
					<tessellate>1</tessellate>
					<outerBoundaryIs>
						<LinearRing>
							<coordinates>
								-71.64719591466964,-16.32098463951288,0 -71.64739299999164,-16.32133423530087,0 -71.64653486255646,-16.32172525938353,0 -71.64637543552566,-16.32136578781629,0 -71.64719591466964,-16.32098463951288,0 
							</coordinates>
						</LinearRing>
					</outerBoundaryIs>
				</Polygon>
			</Placemark>
			<Placemark>
				<name>1.29.97-15</name>
				<styleUrl>#falseColor163900600000</styleUrl>
				<Polygon>
					<tessellate>1</tessellate>
					<outerBoundaryIs>
						<LinearRing>
							<coordinates>
								-71.64587154989962,-16.32157635590425,0 -71.64628468881428,-16.32137631361283,0 -71.64644500725714,-16.32174843328981,0 -71.64560046559617,-16.32211037310256,0 -71.64543022361855,-16.32176713800803,0 -71.64587154989962,-16.32157635590425,0 
							</coordinates>
						</LinearRing>
					</outerBoundaryIs>
				</Polygon>
			</Placemark>
			<Placemark>
				<name>1.29.97-18</name>
				<styleUrl>#falseColor163900600000</styleUrl>
				<Polygon>
					<tessellate>1</tessellate>
					<outerBoundaryIs>
						<LinearRing>
							<coordinates>
								-71.6453097636157,-16.32182806042656,0 -71.645483741348,-16.32215460286906,0 -71.64464340840897,-16.32253324226878,0 -71.64450286813484,-16.32220116953899,0 -71.6453097636157,-16.32182806042656,0 
							</coordinates>
						</LinearRing>
					</outerBoundaryIs>
				</Polygon>
			</Placemark>
			<Placemark>
				<name>1.29.97-19</name>
				<styleUrl>#falseColor163900600000</styleUrl>
				<Polygon>
					<tessellate>1</tessellate>
					<outerBoundaryIs>
						<LinearRing>
							<coordinates>
								-71.64441989443556,-16.32224297963984,0 -71.64456697236858,-16.32257438073935,0 -71.64376066819104,-16.32295179518386,0 -71.64361651273187,-16.3225926465209,0 -71.64441989443556,-16.32224297963984,0 
							</coordinates>
						</LinearRing>
					</outerBoundaryIs>
				</Polygon>
			</Placemark>
			<Placemark>
				<name>1.29.98-1</name>
				<styleUrl>#falseColor163900600000</styleUrl>
				<Polygon>
					<tessellate>1</tessellate>
					<outerBoundaryIs>
						<LinearRing>
							<coordinates>
								-71.6474098465347,-16.31760586208027,0 -71.64721639048155,-16.31774135693235,0 -71.64711551953174,-16.31785831329152,0 -71.64697007018266,-16.31800416799319,0 -71.6465291776084,-16.31754337702381,0 -71.64689358695584,-16.3171982870933,0 -71.6474098465347,-16.31760586208027,0 
							</coordinates>
						</LinearRing>
					</outerBoundaryIs>
				</Polygon>
			</Placemark>
			<Placemark>
				<name>1.29.178-1</name>
				<styleUrl>#falseColor163900600000</styleUrl>
				<Polygon>
					<tessellate>1</tessellate>
					<outerBoundaryIs>
						<LinearRing>
							<coordinates>
								-71.62747412543594,-16.28900507815256,0 -71.62759168933634,-16.28907824819458,0 -71.62752325239983,-16.28924198944204,0 -71.6272669513851,-16.28980137475331,0 -71.62705884269441,-16.29017375821419,0 -71.62679258880925,-16.29002239809225,0 -71.62693329342673,-16.28976331973084,0 -71.62709232336407,-16.28947947649201,0 -71.62725897921455,-16.28923710164104,0 -71.62747412543594,-16.28900507815256,0 
							</coordinates>
						</LinearRing>
					</outerBoundaryIs>
				</Polygon>
			</Placemark>
			<Placemark>
				<name>1.29.178-4</name>
				<styleUrl>#falseColor163900600000</styleUrl>
				<Polygon>
					<tessellate>1</tessellate>
					<outerBoundaryIs>
						<LinearRing>
							<coordinates>
								-71.6258247919031,-16.29151770805284,0 -71.62589628508107,-16.29166235728576,0 -71.62572534525647,-16.2917223662139,0 -71.62563582252821,-16.29156200039017,0 -71.6258247919031,-16.29151770805284,0 
							</coordinates>
						</LinearRing>
					</outerBoundaryIs>
				</Polygon>
			</Placemark>
			<Placemark>
				<name>1.29.178-5</name>
				<styleUrl>#falseColor163900600000</styleUrl>
				<Polygon>
					<tessellate>1</tessellate>
					<outerBoundaryIs>
						<LinearRing>
							<coordinates>
								-71.62530751280214,-16.29090774787758,0 -71.62551544651639,-16.29088944245681,0 -71.62562909609301,-16.29103141970181,0 -71.62575094830528,-16.29127695633488,0 -71.62578641972442,-16.29143099272769,0 -71.62560767441104,-16.29150392910334,0 -71.62530751280214,-16.29090774787758,0 
							</coordinates>
						</LinearRing>
					</outerBoundaryIs>
				</Polygon>
			</Placemark>
			<Placemark>
				<name>1.29.178-7</name>
				<styleUrl>#falseColor163900600000</styleUrl>
				<Polygon>
					<tessellate>1</tessellate>
					<outerBoundaryIs>
						<LinearRing>
							<coordinates>
								-71.6251631719614,-16.29038645462289,0 -71.62616302549961,-16.29049317377538,0 -71.62592590554441,-16.29086147701949,0 -71.62520404985163,-16.29079749915084,0 -71.6251631719614,-16.29038645462289,0 
							</coordinates>
						</LinearRing>
					</outerBoundaryIs>
				</Polygon>
			</Placemark>
			<Placemark>
				<name>1.29.178-8</name>
				<styleUrl>#falseColor163900600000</styleUrl>
				<Polygon>
					<tessellate>1</tessellate>
					<outerBoundaryIs>
						<LinearRing>
							<coordinates>
								-71.6264298701682,-16.2898896926854,0 -71.62668955344184,-16.28994241232287,0 -71.6265981003115,-16.29017294307121,0 -71.62651767532556,-16.29028794403725,0 -71.62624144614078,-16.29044474527966,0 -71.6264298701682,-16.2898896926854,0 
							</coordinates>
						</LinearRing>
					</outerBoundaryIs>
				</Polygon>
			</Placemark>
			<Placemark>
				<name>1.29.178-9</name>
				<styleUrl>#falseColor163900600000</styleUrl>
				<Polygon>
					<tessellate>1</tessellate>
					<outerBoundaryIs>
						<LinearRing>
							<coordinates>
								-71.62588374423444,-16.28982592916063,0 -71.62635037858723,-16.28990301669253,0 -71.62626004737736,-16.29017690916151,0 -71.62621527026225,-16.29030607298438,0 -71.62613172606464,-16.29039377135694,0 -71.62583518461368,-16.29036500364221,0 -71.62588374423444,-16.28982592916063,0 
							</coordinates>
						</LinearRing>
					</outerBoundaryIs>
				</Polygon>
			</Placemark>
			<Placemark>
				<name>1.29.178-10</name>
				<styleUrl>#falseColor163900600000</styleUrl>
				<Polygon>
					<tessellate>1</tessellate>
					<outerBoundaryIs>
						<LinearRing>
							<coordinates>
								-71.62537990819106,-16.29031814776192,0 -71.62542299171213,-16.28978528502138,0 -71.62578518703755,-16.28984392644443,0 -71.62574402327252,-16.29037107592046,0 -71.62537990819106,-16.29031814776192,0 
							</coordinates>
						</LinearRing>
					</outerBoundaryIs>
				</Polygon>
			</Placemark>
			<Placemark>
				<name>1.29.178-12</name>
				<styleUrl>#falseColor163900600000</styleUrl>
				<Polygon>
					<tessellate>1</tessellate>
					<outerBoundaryIs>
						<LinearRing>
							<coordinates>
								-71.62545116653921,-16.28934178336945,0 -71.6258838304141,-16.2893705258271,0 -71.62580013778401,-16.28976541568467,0 -71.62541322898139,-16.28973574990241,0 -71.62545116653921,-16.28934178336945,0 
							</coordinates>
						</LinearRing>
					</outerBoundaryIs>
				</Polygon>
			</Placemark>
			<Placemark>
				<name>1.29.178-13</name>
				<styleUrl>#falseColor163900600000</styleUrl>
				<Polygon>
					<tessellate>1</tessellate>
					<outerBoundaryIs>
						<LinearRing>
							<coordinates>
								-71.62593523417233,-16.28939058893213,0 -71.62640038505026,-16.28945033749212,0 -71.62637359144495,-16.28982165968759,0 -71.62589306763292,-16.28976251134866,0 -71.62593523417233,-16.28939058893213,0 
							</coordinates>
						</LinearRing>
					</outerBoundaryIs>
				</Polygon>
			</Placemark>
			<Placemark>
				<name>1.29.178-15</name>
				<styleUrl>#falseColor163900600000</styleUrl>
				<Polygon>
					<tessellate>1</tessellate>
					<outerBoundaryIs>
						<LinearRing>
							<coordinates>
								-71.62597827601495,-16.28895084559844,0 -71.62646862417449,-16.28900230790921,0 -71.62641730585703,-16.28935915294128,0 -71.62594968892155,-16.28931513798979,0 -71.62597827601495,-16.28895084559844,0 
							</coordinates>
						</LinearRing>
					</outerBoundaryIs>
				</Polygon>
			</Placemark>
			<Placemark>
				<name>1.29.178-16</name>
				<styleUrl>#falseColor163900600000</styleUrl>
				<Polygon>
					<tessellate>1</tessellate>
					<outerBoundaryIs>
						<LinearRing>
							<coordinates>
								-71.62531496625418,-16.28888110262845,0 -71.62589620239716,-16.28893441574948,0 -71.6258640349578,-16.2893043434612,0 -71.62537719711626,-16.28925561093154,0 -71.62531496625418,-16.28888110262845,0 
							</coordinates>
						</LinearRing>
					</outerBoundaryIs>
				</Polygon>
			</Placemark>
			<Placemark>
				<name>1.29.178-17</name>
				<styleUrl>#falseColor163900600000</styleUrl>
				<Polygon>
					<tessellate>1</tessellate>
					<outerBoundaryIs>
						<LinearRing>
							<coordinates>
								-71.62591499736169,-16.28833078113557,0 -71.62633956902214,-16.28824431092955,0 -71.62645198912908,-16.2886211275485,0 -71.62646491109231,-16.28890367780117,0 -71.62598225692645,-16.28884858822819,0 -71.62591499736169,-16.28833078113557,0 
							</coordinates>
						</LinearRing>
					</outerBoundaryIs>
				</Polygon>
			</Placemark>
			<Placemark>
				<name>1.29.178-18</name>
				<styleUrl>#falseColor163900600000</styleUrl>
				<Polygon>
					<tessellate>1</tessellate>
					<outerBoundaryIs>
						<LinearRing>
							<coordinates>
								-71.62643443079588,-16.28818410528696,0 -71.62664666186068,-16.2881529560017,0 -71.62672329605094,-16.28847381182852,0 -71.62679605673064,-16.28877879993084,0 -71.62678974470846,-16.28895999978945,0 -71.6265428341954,-16.28893814581431,0 -71.62653292823236,-16.28861634680018,0 -71.62643443079588,-16.28818410528696,0 
							</coordinates>
						</LinearRing>
					</outerBoundaryIs>
				</Polygon>
			</Placemark>
			<Placemark>
				<name>1.29.178-20</name>
				<styleUrl>#falseColor163900600000</styleUrl>
				<Polygon>
					<tessellate>1</tessellate>
					<outerBoundaryIs>
						<LinearRing>
							<coordinates>
								-71.62632756513632,-16.2881497701502,0 -71.62591234092694,-16.28826594063243,0 -71.62578568918306,-16.28775915316321,0 -71.62618047655728,-16.28765337270004,0 -71.62632756513632,-16.2881497701502,0 
							</coordinates>
						</LinearRing>
					</outerBoundaryIs>
				</Polygon>
			</Placemark>
			<Placemark>
				<name>1.29.178-21</name>
				<styleUrl>#falseColor163900600000</styleUrl>
				<Polygon>
					<tessellate>1</tessellate>
					<outerBoundaryIs>
						<LinearRing>
							<coordinates>
								-71.62584336041867,-16.28828472145266,0 -71.62543936378911,-16.28838337659431,0 -71.62531186631146,-16.28793170970419,0 -71.62567347335367,-16.28777649097977,0 -71.62584336041867,-16.28828472145266,0 
							</coordinates>
						</LinearRing>
					</outerBoundaryIs>
				</Polygon>
			</Placemark>
			<Placemark>
				<name>1.29.178-27</name>
				<styleUrl>#falseColor163900600000</styleUrl>
				<Polygon>
					<tessellate>1</tessellate>
					<outerBoundaryIs>
						<LinearRing>
							<coordinates>
								-71.62570291116481,-16.28565167914991,0 -71.62529586998096,-16.2857799156798,0 -71.62495346235937,-16.28491638708532,0 -71.62544295683261,-16.28476711572226,0 -71.62570291116481,-16.28565167914991,0 
							</coordinates>
						</LinearRing>
					</outerBoundaryIs>
				</Polygon>
			</Placemark>
			<Placemark>
				<name>1.29.179-8</name>
				<styleUrl>#falseColor163900600000</styleUrl>
				<Polygon>
					<tessellate>1</tessellate>
					<outerBoundaryIs>
						<LinearRing>
							<coordinates>
								-71.62856515214141,-16.28766394711133,0 -71.6291252112193,-16.28752828603938,0 -71.62923983891044,-16.28795608034557,0 -71.62868905198192,-16.28814895194927,0 -71.62856515214141,-16.28766394711133,0 
							</coordinates>
						</LinearRing>
					</outerBoundaryIs>
				</Polygon>
			</Placemark>
			<Placemark>
				<name>1.29.179-9</name>
				<styleUrl>#falseColor163900600000</styleUrl>
				<Polygon>
					<tessellate>1</tessellate>
					<outerBoundaryIs>
						<LinearRing>
							<coordinates>
								-71.62965881364499,-16.28783199829319,0 -71.62931423652016,-16.28795291173171,0 -71.6291711794025,-16.28751996944743,0 -71.62951185134152,-16.28741012364633,0 -71.62965881364499,-16.28783199829319,0 
							</coordinates>
						</LinearRing>
					</outerBoundaryIs>
				</Polygon>
			</Placemark>
			<Placemark>
				<name>1.29.179-10</name>
				<styleUrl>#falseColor163900600000</styleUrl>
				<Polygon>
					<tessellate>1</tessellate>
					<outerBoundaryIs>
						<LinearRing>
							<coordinates>
								-71.630085794153,-16.28764917473272,0 -71.62990796422898,-16.28774526471322,0 -71.62971343204651,-16.28781037861246,0 -71.62956331295786,-16.28738714042037,0 -71.62986723074587,-16.28727584797115,0 -71.630085794153,-16.28764917473272,0 
							</coordinates>
						</LinearRing>
					</outerBoundaryIs>
				</Polygon>
			</Placemark>
			<Placemark>
				<name>1.29.179-11</name>
				<styleUrl>#falseColor163900600000</styleUrl>
				<Polygon>
					<tessellate>1</tessellate>
					<outerBoundaryIs>
						<LinearRing>
							<coordinates>
								-71.63045196069454,-16.28736776331631,0 -71.63037288167013,-16.2874886679278,0 -71.63017462892964,-16.2876251213834,0 -71.62992902590753,-16.28725584319501,0 -71.63014674470871,-16.28709334610172,0 -71.63045196069454,-16.28736776331631,0 
							</coordinates>
						</LinearRing>
					</outerBoundaryIs>
				</Polygon>
			</Placemark>
			<Placemark>
				<name>1.29.179-12</name>
				<styleUrl>#falseColor163900600000</styleUrl>
				<Polygon>
					<tessellate>1</tessellate>
					<outerBoundaryIs>
						<LinearRing>
							<coordinates>
								-71.63049108927675,-16.28732712906477,0 -71.63019377887525,-16.28705978727317,0 -71.63042791524738,-16.2867755434705,0 -71.63069088090772,-16.28701725263626,0 -71.63060114866825,-16.28716831288673,0 -71.63049108927675,-16.28732712906477,0 
							</coordinates>
						</LinearRing>
					</outerBoundaryIs>
				</Polygon>
			</Placemark>
			<Placemark>
				<name>1.29.179-14</name>
				<styleUrl>#falseColor163900600000</styleUrl>
				<Polygon>
					<tessellate>1</tessellate>
					<outerBoundaryIs>
						<LinearRing>
							<coordinates>
								-71.6309559135891,-16.28710897159021,0 -71.63065526927818,-16.28739437665866,0 -71.63056149505192,-16.28734428414354,0 -71.63082197861266,-16.28691611250726,0 -71.63093793576273,-16.28657314354545,0 -71.63100477905745,-16.2861208716281,0 -71.63101032861927,-16.28602729435448,0 -71.6312161960327,-16.28608226025093,0 -71.63125844003677,-16.28618667816392,0 -71.63115340249439,-16.28663051513658,0 -71.6309559135891,-16.28710897159021,0 
							</coordinates>
						</LinearRing>
					</outerBoundaryIs>
				</Polygon>
			</Placemark>
			<Placemark>
				<name>1.29.179-15</name>
				<styleUrl>#falseColor163900600000</styleUrl>
				<Polygon>
					<tessellate>1</tessellate>
					<outerBoundaryIs>
						<LinearRing>
							<coordinates>
								-71.6311369638388,-16.28711231231751,0 -71.63122027409651,-16.28718691838212,0 -71.63097557933938,-16.28748591015665,0 -71.63078373428735,-16.28733823166335,0 -71.6311369638388,-16.28711231231751,0 
							</coordinates>
						</LinearRing>
					</outerBoundaryIs>
				</Polygon>
			</Placemark>
			<Placemark>
				<name>1.29.179-16</name>
				<styleUrl>#falseColor163900600000</styleUrl>
				<Polygon>
					<tessellate>1</tessellate>
					<outerBoundaryIs>
						<LinearRing>
							<coordinates>
								-71.63067269374201,-16.28779248240579,0 -71.63039858559806,-16.28758930963827,0 -71.63069517554072,-16.28745151160812,0 -71.63086401058318,-16.28762507853259,0 -71.63067269374201,-16.28779248240579,0 
							</coordinates>
						</LinearRing>
					</outerBoundaryIs>
				</Polygon>
			</Placemark>
			<Placemark>
				<name>1.29.179-17</name>
				<styleUrl>#falseColor163900600000</styleUrl>
				<Polygon>
					<tessellate>1</tessellate>
					<outerBoundaryIs>
						<LinearRing>
							<coordinates>
								-71.6315278250478,-16.28814466860335,0 -71.63140465915529,-16.28834844613099,0 -71.63077926264306,-16.28786628750439,0 -71.63094050672784,-16.28765388842201,0 -71.6315278250478,-16.28814466860335,0 
							</coordinates>
						</LinearRing>
					</outerBoundaryIs>
				</Polygon>
			</Placemark>
			<Placemark>
				<name>1.29.179-18</name>
				<styleUrl>#falseColor163900600000</styleUrl>
				<Polygon>
					<tessellate>1</tessellate>
					<outerBoundaryIs>
						<LinearRing>
							<coordinates>
								-71.63200063695098,-16.28764686875216,0 -71.63166847697526,-16.2880293691061,0 -71.63104814288118,-16.28752455188625,0 -71.63141399943051,-16.28712100970261,0 -71.63200063695098,-16.28764686875216,0 
							</coordinates>
						</LinearRing>
					</outerBoundaryIs>
				</Polygon>
			</Placemark>
			<Placemark>
				<name>1.29.179-19</name>
				<styleUrl>#falseColor163900600000</styleUrl>
				<Polygon>
					<tessellate>1</tessellate>
					<outerBoundaryIs>
						<LinearRing>
							<coordinates>
								-71.6330121154742,-16.28762932561644,0 -71.63298198444656,-16.28783158489464,0 -71.63252206069649,-16.28777176698054,0 -71.63234091629346,-16.28759343599478,0 -71.63243731363853,-16.28747385625689,0 -71.63262173811141,-16.28757131567838,0 -71.6330121154742,-16.28762932561644,0 
							</coordinates>
						</LinearRing>
					</outerBoundaryIs>
				</Polygon>
			</Placemark>
			<Placemark>
				<name>1.29.179-20</name>
				<styleUrl>#falseColor163900600000</styleUrl>
				<Polygon>
					<tessellate>1</tessellate>
					<outerBoundaryIs>
						<LinearRing>
							<coordinates>
								-71.63268637382187,-16.28814612628981,0 -71.63245203995129,-16.28867715911057,0 -71.63172334925166,-16.28808984253599,0 -71.63209231347545,-16.2876752514655,0 -71.63268637382187,-16.28814612628981,0 
							</coordinates>
						</LinearRing>
					</outerBoundaryIs>
				</Polygon>
			</Placemark>
			<Placemark>
				<name>1.29.179-21</name>
				<styleUrl>#falseColor163900600000</styleUrl>
				<Polygon>
					<tessellate>1</tessellate>
					<outerBoundaryIs>
						<LinearRing>
							<coordinates>
								-71.63240203124316,-16.28883459015406,0 -71.63225698710897,-16.28900164025477,0 -71.63147040911755,-16.28840937997991,0 -71.63163340608769,-16.28822435307756,0 -71.63240203124316,-16.28883459015406,0 
							</coordinates>
						</LinearRing>
					</outerBoundaryIs>
				</Polygon>
			</Placemark>
			<Placemark>
				<name>1.29.179-23</name>
				<styleUrl>#falseColor163900600000</styleUrl>
				<Polygon>
					<tessellate>1</tessellate>
					<outerBoundaryIs>
						<LinearRing>
							<coordinates>
								-71.63298334028489,-16.28868898792422,0 -71.6329801143428,-16.28897956300803,0 -71.63276429985895,-16.28892569833017,0 -71.63256292422116,-16.2887585479734,0 -71.63279491321038,-16.28832941553861,0 -71.63298334028489,-16.28868898792422,0 
							</coordinates>
						</LinearRing>
					</outerBoundaryIs>
				</Polygon>
			</Placemark>
			<Placemark>
				<name>1.29.179-24</name>
				<styleUrl>#falseColor163900600000</styleUrl>
				<Polygon>
					<tessellate>1</tessellate>
					<outerBoundaryIs>
						<LinearRing>
							<coordinates>
								-71.63335187285145,-16.28968076830146,0 -71.63328193365943,-16.28950631513977,0 -71.63319617014768,-16.28927329610774,0 -71.63313872866746,-16.28902532652896,0 -71.63306878979311,-16.28863113723184,0 -71.63283402895119,-16.28821605831093,0 -71.63290923084463,-16.28801631304918,0 -71.63342452432063,-16.28810445102337,0 -71.63390203161613,-16.28825089981219,0 -71.6339354458778,-16.28981723944345,0 -71.63335187285145,-16.28968076830146,0 
							</coordinates>
						</LinearRing>
					</outerBoundaryIs>
				</Polygon>
			</Placemark>
			<Placemark>
				<name>1.29.179-25</name>
				<styleUrl>#falseColor163900600000</styleUrl>
				<Polygon>
					<tessellate>1</tessellate>
					<outerBoundaryIs>
						<LinearRing>
							<coordinates>
								-71.63498167570653,-16.28838491867718,0 -71.63464548024743,-16.28835829979189,0 -71.63397685413882,-16.28821838214474,0 -71.63399014070787,-16.28774626980352,0 -71.6347162554714,-16.28778553855971,0 -71.63503379440353,-16.28834485371493,0 -71.63498167570653,-16.28838491867718,0 
							</coordinates>
						</LinearRing>
					</outerBoundaryIs>
				</Polygon>
			</Placemark>
			<Placemark>
				<name>1.29.179-26</name>
				<styleUrl>#falseColor163900600000</styleUrl>
				<Polygon>
					<tessellate>1</tessellate>
					<outerBoundaryIs>
						<LinearRing>
							<coordinates>
								-71.63430975648977,-16.28853730581976,0 -71.63435448064192,-16.2889189490763,0 -71.63397288874303,-16.28896546993065,0 -71.63396608478124,-16.2885752400524,0 -71.63430975648977,-16.28853730581976,0 
							</coordinates>
						</LinearRing>
					</outerBoundaryIs>
				</Polygon>
			</Placemark>
			<Placemark>
				<name>1.29.179-27</name>
				<styleUrl>#falseColor163900600000</styleUrl>
				<Polygon>
					<tessellate>1</tessellate>
					<outerBoundaryIs>
						<LinearRing>
							<coordinates>
								-71.63441631675306,-16.28934738015465,0 -71.6341160584164,-16.28937669734453,0 -71.634088534673,-16.28903371558431,0 -71.63437504914087,-16.28899407058355,0 -71.63441631675306,-16.28934738015465,0 
							</coordinates>
						</LinearRing>
					</outerBoundaryIs>
				</Polygon>
			</Placemark>
			<Placemark>
				<name>1.29.179-28</name>
				<styleUrl>#falseColor163900600000</styleUrl>
				<Polygon>
					<tessellate>1</tessellate>
					<outerBoundaryIs>
						<LinearRing>
							<coordinates>
								-71.63446870565764,-16.28979388593487,0 -71.63422582530561,-16.289872240654,0 -71.63415404744553,-16.28987869162378,0 -71.63396958000922,-16.28982913376929,0 -71.63397294198552,-16.28948451669176,0 -71.63442318085389,-16.28941941603019,0 -71.63446870565764,-16.28979388593487,0 
							</coordinates>
						</LinearRing>
					</outerBoundaryIs>
				</Polygon>
			</Placemark>
			<Placemark>
				<name>1.29.179-29</name>
				<styleUrl>#falseColor163900600000</styleUrl>
				<Polygon>
					<tessellate>1</tessellate>
					<outerBoundaryIs>
						<LinearRing>
							<coordinates>
								-71.63535177909779,-16.2900801021594,0 -71.63463175685276,-16.28996544512468,0 -71.63450451296126,-16.2895507126642,0 -71.63437375528662,-16.28836623239594,0 -71.63492996799721,-16.2884531119331,0 -71.63511195167791,-16.28847995297475,0 -71.63526389310086,-16.28852260981484,0 -71.63539496452697,-16.28860684864543,0 -71.63548172695886,-16.28870504478008,0 -71.63555035944849,-16.28882132020733,0 -71.6356438471648,-16.28900264647135,0 -71.63535177909779,-16.2900801021594,0 
							</coordinates>
						</LinearRing>
					</outerBoundaryIs>
				</Polygon>
			</Placemark>
			<Placemark>
				<name>1.29.179-30</name>
				<styleUrl>#falseColor163900600000</styleUrl>
				<Polygon>
					<tessellate>1</tessellate>
					<outerBoundaryIs>
						<LinearRing>
							<coordinates>
								-71.63617800818179,-16.28886894695642,0 -71.63616295396339,-16.28918584470538,0 -71.63583517561129,-16.28999273283132,0 -71.63564784878808,-16.29015500249436,0 -71.63542541348374,-16.2900947386663,0 -71.63577557721152,-16.28883760535304,0 -71.63617800818179,-16.28886894695642,0 
							</coordinates>
						</LinearRing>
					</outerBoundaryIs>
				</Polygon>
			</Placemark>
		</Folder>
		<Folder>
			<name>NA</name>
			<Placemark>
				<name>1.29.21-16</name>
				<styleUrl>#falseColor16390031201</styleUrl>
				<Polygon>
					<tessellate>1</tessellate>
					<outerBoundaryIs>
						<LinearRing>
							<coordinates>
								-71.63811010965526,-16.29311284445123,0 -71.63809439879581,-16.29322068748,0 -71.63785492284129,-16.29319464179267,0 -71.63785670976723,-16.29306394393186,0 -71.63811010965526,-16.29311284445123,0 
							</coordinates>
						</LinearRing>
					</outerBoundaryIs>
				</Polygon>
			</Placemark>
			<Placemark>
				<name>1.29.21-24</name>
				<styleUrl>#falseColor16390031201</styleUrl>
				<Polygon>
					<tessellate>1</tessellate>
					<outerBoundaryIs>
						<LinearRing>
							<coordinates>
								-71.635984612576,-16.2923119650899,0 -71.63621981826199,-16.29253042081891,0 -71.63605477425639,-16.29267694754945,0 -71.63583643199584,-16.29245774105209,0 -71.635984612576,-16.2923119650899,0 
							</coordinates>
						</LinearRing>
					</outerBoundaryIs>
				</Polygon>
			</Placemark>
			<Placemark>
				<name>1.29.22-7</name>
				<styleUrl>#falseColor16390031201</styleUrl>
				<Polygon>
					<tessellate>1</tessellate>
					<outerBoundaryIs>
						<LinearRing>
							<coordinates>
								-71.63409025758469,-16.29195942663333,0 -71.6343770998069,-16.29266221021328,0 -71.6341847066483,-16.29279964270436,0 -71.63365457903302,-16.29214294193677,0 -71.63409025758469,-16.29195942663333,0 
							</coordinates>
						</LinearRing>
					</outerBoundaryIs>
				</Polygon>
			</Placemark>
			<Placemark>
				<name>1.29.22-14</name>
				<styleUrl>#falseColor16390031201</styleUrl>
				<Polygon>
					<tessellate>1</tessellate>
					<outerBoundaryIs>
						<LinearRing>
							<coordinates>
								-71.63472512986355,-16.29040463438022,0 -71.63458352324685,-16.29002815876636,0 -71.63506728830161,-16.290130830927,0 -71.63514512456321,-16.2902802263884,0 -71.63472512986355,-16.29040463438022,0 
							</coordinates>
						</LinearRing>
					</outerBoundaryIs>
				</Polygon>
			</Placemark>
			<Placemark>
				<name>1.29.22-15</name>
				<styleUrl>#falseColor16390031201</styleUrl>
				<Polygon>
					<tessellate>1</tessellate>
					<outerBoundaryIs>
						<LinearRing>
							<coordinates>
								-71.63409975709342,-16.28994111168223,0 -71.63349584667715,-16.29014430024682,0 -71.63335079240129,-16.28977536140545,0 -71.63409975709342,-16.28994111168223,0 
							</coordinates>
						</LinearRing>
					</outerBoundaryIs>
				</Polygon>
			</Placemark>
			<Placemark>
				<name>1.29.22-25</name>
				<styleUrl>#falseColor16390031201</styleUrl>
				<Polygon>
					<tessellate>1</tessellate>
					<outerBoundaryIs>
						<LinearRing>
							<coordinates>
								-71.63240500279012,-16.29083710649331,0 -71.63284692138366,-16.2904355950856,0 -71.6332043923809,-16.29095265833297,0 -71.63279812349721,-16.29126979070842,0 -71.63240500279012,-16.29083710649331,0 
							</coordinates>
						</LinearRing>
					</outerBoundaryIs>
				</Polygon>
			</Placemark>
			<Placemark>
				<name>1.29.23-2</name>
				<styleUrl>#falseColor16390031201</styleUrl>
				<Polygon>
					<tessellate>1</tessellate>
					<outerBoundaryIs>
						<LinearRing>
							<coordinates>
								-71.63216339741064,-16.28913415030066,0 -71.63136071757093,-16.28978399996542,0 -71.6301702059219,-16.28845449481638,0 -71.63071564819668,-16.28789745765858,0 -71.63216339741064,-16.28913415030066,0 
							</coordinates>
						</LinearRing>
					</outerBoundaryIs>
				</Polygon>
			</Placemark>
			<Placemark>
				<name>1.29.23-13</name>
				<styleUrl>#falseColor16390031201</styleUrl>
				<Polygon>
					<tessellate>1</tessellate>
					<outerBoundaryIs>
						<LinearRing>
							<coordinates>
								-71.62883528405368,-16.29073549705617,0 -71.6279794108175,-16.29147277807843,0 -71.62770069977877,-16.29116212196589,0 -71.62855392427917,-16.29043465852811,0 -71.62883528405368,-16.29073549705617,0 
							</coordinates>
						</LinearRing>
					</outerBoundaryIs>
				</Polygon>
			</Placemark>
			<Placemark>
				<name>1.29.23-16</name>
				<styleUrl>#falseColor16390031201</styleUrl>
				<Polygon>
					<tessellate>1</tessellate>
					<outerBoundaryIs>
						<LinearRing>
							<coordinates>
								-71.62795964456355,-16.29161788183221,0 -71.62861525085177,-16.29225779641211,0 -71.62793846631082,-16.29286736857875,0 -71.62747326424372,-16.29205908768427,0 -71.62795964456355,-16.29161788183221,0 
							</coordinates>
						</LinearRing>
					</outerBoundaryIs>
				</Polygon>
			</Placemark>
			<Placemark>
				<name>1.29.23-23</name>
				<styleUrl>#falseColor16390031201</styleUrl>
				<Polygon>
					<tessellate>1</tessellate>
					<outerBoundaryIs>
						<LinearRing>
							<coordinates>
								-71.62977908437638,-16.28983818549098,0 -71.62891910451997,-16.29069141968503,0 -71.62835272178145,-16.29008313749777,0 -71.62925829885101,-16.28929055146936,0 -71.62977908437638,-16.28983818549098,0 
							</coordinates>
						</LinearRing>
					</outerBoundaryIs>
				</Polygon>
			</Placemark>
			<Placemark>
				<name>1.29.23-24</name>
				<styleUrl>#falseColor16390031201</styleUrl>
				<Polygon>
					<tessellate>1</tessellate>
					<outerBoundaryIs>
						<LinearRing>
							<coordinates>
								-71.62906242203965,-16.29277900169544,0 -71.62926194835481,-16.29298911340553,0 -71.62863586607982,-16.29350908482009,0 -71.62852120927182,-16.29348652631095,0 -71.62839972149094,-16.29335718906392,0 -71.62906242203965,-16.29277900169544,0 
							</coordinates>
						</LinearRing>
					</outerBoundaryIs>
				</Polygon>
			</Placemark>
			<Placemark>
				<name>1.29.24-2</name>
				<styleUrl>#falseColor16390031201</styleUrl>
				<Polygon>
					<tessellate>1</tessellate>
					<outerBoundaryIs>
						<LinearRing>
							<coordinates>
								-71.63010212952756,-16.2968425505997,0 -71.62964109457761,-16.29647799361421,0 -71.63006110460596,-16.2960147773469,0 -71.63049364046512,-16.29647981946242,0 -71.63010212952756,-16.2968425505997,0 
							</coordinates>
						</LinearRing>
					</outerBoundaryIs>
				</Polygon>
			</Placemark>
			<Placemark>
				<name>1.29.24-6</name>
				<styleUrl>#falseColor16390031201</styleUrl>
				<Polygon>
					<tessellate>1</tessellate>
					<outerBoundaryIs>
						<LinearRing>
							<coordinates>
								-71.6323756768985,-16.29802216735726,0 -71.63226157221673,-16.29801798408139,0 -71.63210405229364,-16.2979573434755,0 -71.63190262801444,-16.29775729276822,0 -71.63268073225058,-16.29706396260523,0 -71.63297104778803,-16.29739571126078,0 -71.63298361747579,-16.29740084003311,0 -71.6323756768985,-16.29802216735726,0 
							</coordinates>
						</LinearRing>
					</outerBoundaryIs>
				</Polygon>
			</Placemark>
			<Placemark>
				<name>1.29.24-15</name>
				<styleUrl>#falseColor16390031201</styleUrl>
				<Polygon>
					<tessellate>1</tessellate>
					<outerBoundaryIs>
						<LinearRing>
							<coordinates>
								-71.63322200976698,-16.29717958856905,0 -71.63309351864643,-16.29730082583947,0 -71.63272910430294,-16.2969527068769,0 -71.63294305029356,-16.29675242976263,0 -71.63322200976698,-16.29717958856905,0 
							</coordinates>
						</LinearRing>
					</outerBoundaryIs>
				</Polygon>
			</Placemark>
			<Placemark>
				<name>1.29.53-21</name>
				<styleUrl>#falseColor16390031201</styleUrl>
				<Polygon>
					<tessellate>1</tessellate>
					<outerBoundaryIs>
						<LinearRing>
							<coordinates>
								-71.62812714578833,-16.31889154151294,0 -71.62834855607144,-16.31920873995754,0 -71.62800087849186,-16.31946288532188,0 -71.62789559943832,-16.31911937632041,0 -71.62812714578833,-16.31889154151294,0 
							</coordinates>
						</LinearRing>
					</outerBoundaryIs>
				</Polygon>
			</Placemark>
			<Placemark>
				<name>1.29.53-26</name>
				<styleUrl>#falseColor16390031201</styleUrl>
				<Polygon>
					<tessellate>1</tessellate>
					<outerBoundaryIs>
						<LinearRing>
							<coordinates>
								-71.62901523711882,-16.3186125449375,0 -71.62868873782612,-16.31880582896362,0 -71.62847957443491,-16.31850797228499,0 -71.6288228028379,-16.31830002707344,0 -71.62901523711882,-16.3186125449375,0 
							</coordinates>
						</LinearRing>
					</outerBoundaryIs>
				</Polygon>
			</Placemark>
			<Placemark>
				<name>1.29.53-34</name>
				<styleUrl>#falseColor16390031201</styleUrl>
				<Polygon>
					<tessellate>1</tessellate>
					<outerBoundaryIs>
						<LinearRing>
							<coordinates>
								-71.62974301036482,-16.31982247339695,0 -71.62993453710995,-16.32015080593892,0 -71.62958187045614,-16.3203735162502,0 -71.62936920030052,-16.3200366222952,0 -71.62974301036482,-16.31982247339695,0 
							</coordinates>
						</LinearRing>
					</outerBoundaryIs>
				</Polygon>
			</Placemark>
			<Placemark>
				<name>1.29.53-43</name>
				<styleUrl>#falseColor16390031201</styleUrl>
				<Polygon>
					<tessellate>1</tessellate>
					<outerBoundaryIs>
						<LinearRing>
							<coordinates>
								-71.63012504057421,-16.32239839462675,0 -71.6300328889114,-16.32202559659132,0 -71.6304321874139,-16.32194233712699,0 -71.63048186108257,-16.32216624149974,0 -71.63012504057421,-16.32239839462675,0 
							</coordinates>
						</LinearRing>
					</outerBoundaryIs>
				</Polygon>
			</Placemark>
			<Placemark>
				<name>1.29.53-44</name>
				<styleUrl>#falseColor16390031201</styleUrl>
				<Polygon>
					<tessellate>1</tessellate>
					<outerBoundaryIs>
						<LinearRing>
							<coordinates>
								-71.630757541683,-16.32208787520009,0 -71.63055486264579,-16.32216863724228,0 -71.63050498337759,-16.32193019205341,0 -71.63072732323026,-16.32189846872052,0 -71.630757541683,-16.32208787520009,0 
							</coordinates>
						</LinearRing>
					</outerBoundaryIs>
				</Polygon>
			</Placemark>
			<Placemark>
				<name>1.29.53-45</name>
				<styleUrl>#falseColor16390031201</styleUrl>
				<Polygon>
					<tessellate>1</tessellate>
					<outerBoundaryIs>
						<LinearRing>
							<coordinates>
								-71.63096055788672,-16.32300165862765,0 -71.63074111358576,-16.32303265772206,0 -71.6305652243107,-16.32227282223768,0 -71.63075814815619,-16.32227056526935,0 -71.63096055788672,-16.32300165862765,0 
							</coordinates>
						</LinearRing>
					</outerBoundaryIs>
				</Polygon>
			</Placemark>
			<Placemark>
				<name>1.29.53-46</name>
				<styleUrl>#falseColor16390031201</styleUrl>
				<Polygon>
					<tessellate>1</tessellate>
					<outerBoundaryIs>
						<LinearRing>
							<coordinates>
								-71.63106589803921,-16.32350129600984,0 -71.63082682754255,-16.32344844536657,0 -71.63075621140631,-16.32308220056461,0 -71.63095620677689,-16.3230676298729,0 -71.63106589803921,-16.32350129600984,0 
							</coordinates>
						</LinearRing>
					</outerBoundaryIs>
				</Polygon>
			</Placemark>
			<Placemark>
				<name>1.29.53-47</name>
				<styleUrl>#falseColor16390031201</styleUrl>
				<Polygon>
					<tessellate>1</tessellate>
					<outerBoundaryIs>
						<LinearRing>
							<coordinates>
								-71.63075370309706,-16.32342409257047,0 -71.63030801874164,-16.32325289092671,0 -71.63013456357284,-16.32249718003674,0 -71.63051650084952,-16.32230337012309,0 -71.63075370309706,-16.32342409257047,0 
							</coordinates>
						</LinearRing>
					</outerBoundaryIs>
				</Polygon>
			</Placemark>
			<Placemark>
				<name>1.29.53-48</name>
				<styleUrl>#falseColor16390031201</styleUrl>
				<Polygon>
					<tessellate>1</tessellate>
					<outerBoundaryIs>
						<LinearRing>
							<coordinates>
								-71.63022531857487,-16.3232135382775,0 -71.62979704769785,-16.32312933422288,0 -71.62972712403109,-16.32274208888803,0 -71.63008477127759,-16.32252259418872,0 -71.63022531857487,-16.3232135382775,0 
							</coordinates>
						</LinearRing>
					</outerBoundaryIs>
				</Polygon>
			</Placemark>
			<Placemark>
				<name>1.29.53-49</name>
				<styleUrl>#falseColor16390031201</styleUrl>
				<Polygon>
					<tessellate>1</tessellate>
					<outerBoundaryIs>
						<LinearRing>
							<coordinates>
								-71.62942457680724,-16.32303699379951,0 -71.62939507926174,-16.32293575919286,0 -71.62965787538113,-16.32276754830666,0 -71.62972580030493,-16.32309734535749,0 -71.62942457680724,-16.32303699379951,0 
							</coordinates>
						</LinearRing>
					</outerBoundaryIs>
				</Polygon>
			</Placemark>
			<Placemark>
				<name>1.29.67-26</name>
				<styleUrl>#falseColor16390031201</styleUrl>
				<Polygon>
					<tessellate>1</tessellate>
					<outerBoundaryIs>
						<LinearRing>
							<coordinates>
								-71.63827358169912,-16.31528311690838,0 -71.63862607846644,-16.31538044172675,0 -71.63850074584786,-16.31565157196469,0 -71.63819259117525,-16.31548464780987,0 -71.63827358169912,-16.31528311690838,0 
							</coordinates>
						</LinearRing>
					</outerBoundaryIs>
				</Polygon>
			</Placemark>
			<Placemark>
				<name>1.29.67-29</name>
				<styleUrl>#falseColor16390031201</styleUrl>
				<Polygon>
					<tessellate>1</tessellate>
					<outerBoundaryIs>
						<LinearRing>
							<coordinates>
								-71.6397359012424,-16.31502597058197,0 -71.63939711280622,-16.31517729126606,0 -71.63930787953453,-16.31491275279465,0 -71.63961322938437,-16.31480943738798,0 -71.6397359012424,-16.31502597058197,0 
							</coordinates>
						</LinearRing>
					</outerBoundaryIs>
				</Polygon>
			</Placemark>
			<Placemark>
				<name>1.29.67-42</name>
				<styleUrl>#falseColor16390031201</styleUrl>
				<Polygon>
					<tessellate>1</tessellate>
					<outerBoundaryIs>
						<LinearRing>
							<coordinates>
								-71.63698038756218,-16.31057049848316,0 -71.63725770665469,-16.31067409685871,0 -71.63725686421704,-16.310904761172,0 -71.63705268755736,-16.31088107327294,0 -71.63698038756218,-16.31057049848316,0 
							</coordinates>
						</LinearRing>
					</outerBoundaryIs>
				</Polygon>
			</Placemark>
			<Placemark>
				<name>1.29.68-16</name>
				<styleUrl>#falseColor16390031201</styleUrl>
				<Polygon>
					<tessellate>1</tessellate>
					<outerBoundaryIs>
						<LinearRing>
							<coordinates>
								-71.63207651749622,-16.31306836739317,0 -71.6320935370254,-16.3127791687341,0 -71.63258014946541,-16.31284772162615,0 -71.63259443654178,-16.31310660838586,0 -71.63207651749622,-16.31306836739317,0 
							</coordinates>
						</LinearRing>
					</outerBoundaryIs>
				</Polygon>
			</Placemark>
			<Placemark>
				<name>1.29.68-19</name>
				<styleUrl>#falseColor16390031201</styleUrl>
				<Polygon>
					<tessellate>1</tessellate>
					<outerBoundaryIs>
						<LinearRing>
							<coordinates>
								-71.63275071954362,-16.31395322301664,0 -71.63279779769871,-16.31353502321992,0 -71.63326446169356,-16.31359554612425,0 -71.6332332641597,-16.3140119496617,0 -71.63275071954362,-16.31395322301664,0 
							</coordinates>
						</LinearRing>
					</outerBoundaryIs>
				</Polygon>
			</Placemark>
			<Placemark>
				<name>1.29.68-20</name>
				<styleUrl>#falseColor16390031201</styleUrl>
				<Polygon>
					<tessellate>1</tessellate>
					<outerBoundaryIs>
						<LinearRing>
							<coordinates>
								-71.63285701562442,-16.31345320761678,0 -71.63287558704035,-16.3131071620252,0 -71.63335753914203,-16.31317541042971,0 -71.63340407037715,-16.3135283262572,0 -71.63285701562442,-16.31345320761678,0 
							</coordinates>
						</LinearRing>
					</outerBoundaryIs>
				</Polygon>
			</Placemark>
			<Placemark>
				<name>1.29.68-21</name>
				<styleUrl>#falseColor16390031201</styleUrl>
				<Polygon>
					<tessellate>1</tessellate>
					<outerBoundaryIs>
						<LinearRing>
							<coordinates>
								-71.63334212381513,-16.31259180627194,0 -71.63345185615991,-16.31224431586123,0 -71.63409126022231,-16.31229656190656,0 -71.63393334234573,-16.31268151838922,0 -71.63334212381513,-16.31259180627194,0 
							</coordinates>
						</LinearRing>
					</outerBoundaryIs>
				</Polygon>
			</Placemark>
			<Placemark>
				<name>1.29.68-22</name>
				<styleUrl>#falseColor16390031201</styleUrl>
				<Polygon>
					<tessellate>1</tessellate>
					<outerBoundaryIs>
						<LinearRing>
							<coordinates>
								-71.63296439975866,-16.31250077318396,0 -71.63302250834168,-16.31219904243092,0 -71.63341814915563,-16.31223865086464,0 -71.63330221509922,-16.31259030532748,0 -71.63296439975866,-16.31250077318396,0 
							</coordinates>
						</LinearRing>
					</outerBoundaryIs>
				</Polygon>
			</Placemark>
			<Placemark>
				<name>1.29.68-31</name>
				<styleUrl>#falseColor16390031201</styleUrl>
				<Polygon>
					<tessellate>1</tessellate>
					<outerBoundaryIs>
						<LinearRing>
							<coordinates>
								-71.62823743889179,-16.31568475568647,0 -71.62835667909849,-16.31509802841061,0 -71.62851421650126,-16.31516760639965,0 -71.62849740934658,-16.31558579131616,0 -71.62823743889179,-16.31568475568647,0 
							</coordinates>
						</LinearRing>
					</outerBoundaryIs>
				</Polygon>
			</Placemark>
			<Placemark>
				<name>1.29.68-32</name>
				<styleUrl>#falseColor16390031201</styleUrl>
				<Polygon>
					<tessellate>1</tessellate>
					<outerBoundaryIs>
						<LinearRing>
							<coordinates>
								-71.62886930728772,-16.31539135656932,0 -71.62855669500836,-16.31552711746949,0 -71.62856806821169,-16.31531434670944,0 -71.62853449851293,-16.31512951754463,0 -71.62873170968211,-16.31501368051536,0 -71.62883801688412,-16.3152575026897,0 -71.62886930728772,-16.31539135656932,0 
							</coordinates>
						</LinearRing>
					</outerBoundaryIs>
				</Polygon>
			</Placemark>
			<Placemark>
				<name>1.29.68-33</name>
				<styleUrl>#falseColor16390031201</styleUrl>
				<Polygon>
					<tessellate>1</tessellate>
					<outerBoundaryIs>
						<LinearRing>
							<coordinates>
								-71.62919911206397,-16.31486778413526,0 -71.62912361565454,-16.31501436548526,0 -71.62891804157273,-16.31524931400494,0 -71.6287917197174,-16.31506402392082,0 -71.62893972156988,-16.31488330778006,0 -71.62899846108836,-16.31448176857045,0 -71.62919857890817,-16.31447603567374,0 -71.62919911206397,-16.31486778413526,0 
							</coordinates>
						</LinearRing>
					</outerBoundaryIs>
				</Polygon>
			</Placemark>
			<Placemark>
				<name>1.29.68-34</name>
				<styleUrl>#falseColor16390031201</styleUrl>
				<Polygon>
					<tessellate>1</tessellate>
					<outerBoundaryIs>
						<LinearRing>
							<coordinates>
								-71.62947532992504,-16.3148709680881,0 -71.62944291408279,-16.31503772671217,0 -71.62923357637112,-16.31519357656908,0 -71.6291129390962,-16.31513674970638,0 -71.62923136011328,-16.31498707774659,0 -71.62927896415374,-16.31477868079075,0 -71.62924538636878,-16.31445446408606,0 -71.62946354703669,-16.31436358875514,0 -71.62947532992504,-16.3148709680881,0 
							</coordinates>
						</LinearRing>
					</outerBoundaryIs>
				</Polygon>
			</Placemark>
			<Placemark>
				<name>1.29.69-2</name>
				<styleUrl>#falseColor16390031201</styleUrl>
				<Polygon>
					<tessellate>1</tessellate>
					<outerBoundaryIs>
						<LinearRing>
							<coordinates>
								-71.63123287423259,-16.30645707989603,0 -71.63209887459398,-16.30782226694387,0 -71.63129945802841,-16.30827598840676,0 -71.63091829081225,-16.30760713523527,0 -71.63106035285814,-16.30657589858086,0 -71.63123287423259,-16.30645707989603,0 
							</coordinates>
						</LinearRing>
					</outerBoundaryIs>
				</Polygon>
			</Placemark>
			<Placemark>
				<name>1.29.69-8</name>
				<styleUrl>#falseColor16390031201</styleUrl>
				<Polygon>
					<tessellate>1</tessellate>
					<outerBoundaryIs>
						<LinearRing>
							<coordinates>
								-71.63341103175935,-16.30714115973223,0 -71.63221694661584,-16.30779793511873,0 -71.63132029883664,-16.3063372397965,0 -71.63250519425786,-16.3056717687292,0 -71.63341103175935,-16.30714115973223,0 
							</coordinates>
						</LinearRing>
					</outerBoundaryIs>
				</Polygon>
			</Placemark>
			<Placemark>
				<name>1.29.69-14</name>
				<styleUrl>#falseColor16390031201</styleUrl>
				<Polygon>
					<tessellate>1</tessellate>
					<outerBoundaryIs>
						<LinearRing>
							<coordinates>
								-71.63607738341886,-16.30876745749482,0 -71.63589318925438,-16.30899382055105,0 -71.63500454454363,-16.30754202182846,0 -71.63576835414095,-16.30709412219342,0 -71.63607738341886,-16.30876745749482,0 
							</coordinates>
						</LinearRing>
					</outerBoundaryIs>
				</Polygon>
			</Placemark>
			<Placemark>
				<name>1.29.69-19</name>
				<styleUrl>#falseColor16390031201</styleUrl>
				<Polygon>
					<tessellate>1</tessellate>
					<outerBoundaryIs>
						<LinearRing>
							<coordinates>
								-71.63478434628345,-16.30461227544073,0 -71.63519198017399,-16.30461831709365,0 -71.63459447863211,-16.30494346339827,0 -71.63446432796142,-16.30472564228889,0 -71.63478434628345,-16.30461227544073,0 
							</coordinates>
						</LinearRing>
					</outerBoundaryIs>
				</Polygon>
			</Placemark>
			<Placemark>
				<name>1.29.69-22</name>
				<styleUrl>#falseColor16390031201</styleUrl>
				<Polygon>
					<tessellate>1</tessellate>
					<outerBoundaryIs>
						<LinearRing>
							<coordinates>
								-71.63089790458139,-16.30774911312589,0 -71.63121431663829,-16.30832494699951,0 -71.63080242585464,-16.30856254828357,0 -71.63089790458139,-16.30774911312589,0 
							</coordinates>
						</LinearRing>
					</outerBoundaryIs>
				</Polygon>
			</Placemark>
			<Placemark>
				<name>1.29.69-23</name>
				<styleUrl>#falseColor16390031201</styleUrl>
				<Polygon>
					<tessellate>1</tessellate>
					<outerBoundaryIs>
						<LinearRing>
							<coordinates>
								-71.6362124493746,-16.30633894776604,0 -71.63580461184542,-16.30693086996243,0 -71.6355370389026,-16.3064954067689,0 -71.63623157397365,-16.30604792744574,0 -71.6362124493746,-16.30633894776604,0 
							</coordinates>
						</LinearRing>
					</outerBoundaryIs>
				</Polygon>
			</Placemark>
			<Placemark>
				<name>1.29.70-8</name>
				<styleUrl>#falseColor16390031201</styleUrl>
				<Polygon>
					<tessellate>1</tessellate>
					<outerBoundaryIs>
						<LinearRing>
							<coordinates>
								-71.63120112641401,-16.30096565166602,0 -71.63149244471941,-16.30126309331114,0 -71.63125026347304,-16.30142855489784,0 -71.63104206494192,-16.30106384254841,0 -71.63120112641401,-16.30096565166602,0 
							</coordinates>
						</LinearRing>
					</outerBoundaryIs>
				</Polygon>
			</Placemark>
			<Placemark>
				<name>1.29.70-10</name>
				<styleUrl>#falseColor16390031201</styleUrl>
				<Polygon>
					<tessellate>1</tessellate>
					<outerBoundaryIs>
						<LinearRing>
							<coordinates>
								-71.62995809197264,-16.30113398940236,0 -71.63042819573599,-16.30191488439741,0 -71.62993754439692,-16.30221513494356,0 -71.6294636298763,-16.30139663577491,0 -71.62995809197264,-16.30113398940236,0 
							</coordinates>
						</LinearRing>
					</outerBoundaryIs>
				</Polygon>
			</Placemark>
			<Placemark>
				<name>1.29.70-21</name>
				<styleUrl>#falseColor16390031201</styleUrl>
				<Polygon>
					<tessellate>1</tessellate>
					<outerBoundaryIs>
						<LinearRing>
							<coordinates>
								-71.6295532541027,-16.29671555015937,0 -71.63088916789282,-16.29803293500125,0 -71.63064398973926,-16.29824411456812,0 -71.63028247220728,-16.29788728534423,0 -71.6300908996914,-16.29805654172785,0 -71.62976015753408,-16.29775446266914,0 -71.62959321947507,-16.29788510515271,0 -71.62910550305732,-16.29738091670734,0 -71.6295532541027,-16.29671555015937,0 
							</coordinates>
						</LinearRing>
					</outerBoundaryIs>
				</Polygon>
			</Placemark>
			<Placemark>
				<name>1.29.70-23</name>
				<styleUrl>#falseColor16390031201</styleUrl>
				<Polygon>
					<tessellate>1</tessellate>
					<outerBoundaryIs>
						<LinearRing>
							<coordinates>
								-71.62875148373536,-16.29793970763526,0 -71.62905610151411,-16.29827385502082,0 -71.62857268121765,-16.29872099649106,0 -71.62860713547239,-16.29829943277389,0 -71.62875148373536,-16.29793970763526,0 
							</coordinates>
						</LinearRing>
					</outerBoundaryIs>
				</Polygon>
			</Placemark>
			<Placemark>
				<name>1.29.80-1</name>
				<styleUrl>#falseColor16390031201</styleUrl>
				<Polygon>
					<tessellate>1</tessellate>
					<outerBoundaryIs>
						<LinearRing>
							<coordinates>
								-71.6446303246457,-16.29637446759108,0 -71.64421482476848,-16.29635775490713,0 -71.64424817529452,-16.29598416421149,0 -71.6443138598987,-16.29589785717791,0 -71.64455967877265,-16.29589452635246,0 -71.6446303246457,-16.29637446759108,0 
							</coordinates>
						</LinearRing>
					</outerBoundaryIs>
				</Polygon>
			</Placemark>
			<Placemark>
				<name>1.29.80-2</name>
				<styleUrl>#falseColor16390031201</styleUrl>
				<Polygon>
					<tessellate>1</tessellate>
					<outerBoundaryIs>
						<LinearRing>
							<coordinates>
								-71.64375740453036,-16.29637084686543,0 -71.64374249731648,-16.29591716551589,0 -71.64414113709063,-16.295914201327,0 -71.64414146188022,-16.29634928082213,0 -71.64375740453036,-16.29637084686543,0 
							</coordinates>
						</LinearRing>
					</outerBoundaryIs>
				</Polygon>
			</Placemark>
			<Placemark>
				<name>1.29.80-4</name>
				<styleUrl>#falseColor16390031201</styleUrl>
				<Polygon>
					<tessellate>1</tessellate>
					<outerBoundaryIs>
						<LinearRing>
							<coordinates>
								-71.64459554546197,-16.2968867779338,0 -71.6442604392912,-16.29687952771643,0 -71.64423933946178,-16.29643506784833,0 -71.64456863694768,-16.29642714626621,0 -71.64459554546197,-16.2968867779338,0 
							</coordinates>
						</LinearRing>
					</outerBoundaryIs>
				</Polygon>
			</Placemark>
			<Placemark>
				<name>1.29.80-8</name>
				<styleUrl>#falseColor16390031201</styleUrl>
				<Polygon>
					<tessellate>1</tessellate>
					<outerBoundaryIs>
						<LinearRing>
							<coordinates>
								-71.64425898752916,-16.29533951848728,0 -71.64428659753584,-16.29554320134391,0 -71.64392975696228,-16.29569682598034,0 -71.64361189905198,-16.2956501984418,0 -71.64366151264393,-16.29548304751125,0 -71.64425898752916,-16.29533951848728,0 
							</coordinates>
						</LinearRing>
					</outerBoundaryIs>
				</Polygon>
			</Placemark>
			<Placemark>
				<name>1.29.80-9</name>
				<styleUrl>#falseColor16390031201</styleUrl>
				<Polygon>
					<tessellate>1</tessellate>
					<outerBoundaryIs>
						<LinearRing>
							<coordinates>
								-71.64466100804454,-16.2948128655159,0 -71.64473734873616,-16.29494327245031,0 -71.64442667729129,-16.29509249084926,0 -71.64441453167083,-16.29520532622729,0 -71.64370375127838,-16.29542686700713,0 -71.64358746932115,-16.29513267243518,0 -71.64432935024205,-16.29495547259053,0 -71.64466100804454,-16.2948128655159,0 
							</coordinates>
						</LinearRing>
					</outerBoundaryIs>
				</Polygon>
			</Placemark>
			<Placemark>
				<name>1.29.80-10</name>
				<styleUrl>#falseColor16390031201</styleUrl>
				<Polygon>
					<tessellate>1</tessellate>
					<outerBoundaryIs>
						<LinearRing>
							<coordinates>
								-71.64431445664795,-16.29471174002266,0 -71.64433380996284,-16.29491013568712,0 -71.64350073537632,-16.29505943676259,0 -71.64348799176815,-16.29483426585163,0 -71.64431445664795,-16.29471174002266,0 
							</coordinates>
						</LinearRing>
					</outerBoundaryIs>
				</Polygon>
			</Placemark>
			<Placemark>
				<name>1.29.80-11</name>
				<styleUrl>#falseColor16390031201</styleUrl>
				<Polygon>
					<tessellate>1</tessellate>
					<outerBoundaryIs>
						<LinearRing>
							<coordinates>
								-71.64335003102303,-16.29475826937561,0 -71.64342338823862,-16.29507387634029,0 -71.64315066930901,-16.29511659708119,0 -71.6430529033707,-16.29482068325379,0 -71.64335003102303,-16.29475826937561,0 
							</coordinates>
						</LinearRing>
					</outerBoundaryIs>
				</Polygon>
			</Placemark>
			<Placemark>
				<name>1.29.80-14</name>
				<styleUrl>#falseColor16390031201</styleUrl>
				<Polygon>
					<tessellate>1</tessellate>
					<outerBoundaryIs>
						<LinearRing>
							<coordinates>
								-71.64438876493114,-16.29319427667697,0 -71.64443232421921,-16.29336111512533,0 -71.6438237138679,-16.29345575551748,0 -71.64380853172611,-16.29361516886323,0 -71.64325288116949,-16.29365410931471,0 -71.64326732526277,-16.29327381014599,0 -71.64438876493114,-16.29319427667697,0 
							</coordinates>
						</LinearRing>
					</outerBoundaryIs>
				</Polygon>
			</Placemark>
			<Placemark>
				<name>1.29.80-16</name>
				<styleUrl>#falseColor16390031201</styleUrl>
				<Polygon>
					<tessellate>1</tessellate>
					<outerBoundaryIs>
						<LinearRing>
							<coordinates>
								-71.64428066408831,-16.29226178819177,0 -71.64432331538779,-16.2926259555138,0 -71.64323914127947,-16.29275056435619,0 -71.64319852611811,-16.29238709656186,0 -71.64428066408831,-16.29226178819177,0 
							</coordinates>
						</LinearRing>
					</outerBoundaryIs>
				</Polygon>
			</Placemark>
			<Placemark>
				<name>1.29.80-18</name>
				<styleUrl>#falseColor16390031201</styleUrl>
				<Polygon>
					<tessellate>1</tessellate>
					<outerBoundaryIs>
						<LinearRing>
							<coordinates>
								-71.6442175959812,-16.29149126967987,0 -71.64421523363104,-16.29176106753194,0 -71.64314986268968,-16.29186487693333,0 -71.64314120812151,-16.29155220859908,0 -71.6442175959812,-16.29149126967987,0 
							</coordinates>
						</LinearRing>
					</outerBoundaryIs>
				</Polygon>
			</Placemark>
			<Placemark>
				<name>1.29.80-19</name>
				<styleUrl>#falseColor16390031201</styleUrl>
				<Polygon>
					<tessellate>1</tessellate>
					<outerBoundaryIs>
						<LinearRing>
							<coordinates>
								-71.64409245457759,-16.29112940541414,0 -71.64409304457543,-16.2914093894995,0 -71.64314207661957,-16.29140081021568,0 -71.64310148957262,-16.29107772018319,0 -71.64409245457759,-16.29112940541414,0 
							</coordinates>
						</LinearRing>
					</outerBoundaryIs>
				</Polygon>
			</Placemark>
			<Placemark>
				<name>1.29.80-20</name>
				<styleUrl>#falseColor16390031201</styleUrl>
				<Polygon>
					<tessellate>1</tessellate>
					<outerBoundaryIs>
						<LinearRing>
							<coordinates>
								-71.64416957671095,-16.29103592917134,0 -71.64311097750073,-16.29102021236739,0 -71.6430846072533,-16.29067176098055,0 -71.64343623920843,-16.29067632165816,0 -71.64374731484375,-16.29070611940145,0 -71.6437952119247,-16.29079859320395,0 -71.64412028019642,-16.29083210860503,0 -71.64416957671095,-16.29103592917134,0 
							</coordinates>
						</LinearRing>
					</outerBoundaryIs>
				</Polygon>
			</Placemark>
			<Placemark>
				<name>1.29.80-22</name>
				<styleUrl>#falseColor16390031201</styleUrl>
				<Polygon>
					<tessellate>1</tessellate>
					<outerBoundaryIs>
						<LinearRing>
							<coordinates>
								-71.64297330585411,-16.29151116716828,0 -71.64299240246081,-16.29185427867942,0 -71.64224903737048,-16.29189260521611,0 -71.64224181854462,-16.29162460703657,0 -71.64227449783061,-16.29156278840909,0 -71.64297330585411,-16.29151116716828,0 
							</coordinates>
						</LinearRing>
					</outerBoundaryIs>
				</Polygon>
			</Placemark>
			<Placemark>
				<name>1.29.80-23</name>
				<styleUrl>#falseColor16390031201</styleUrl>
				<Polygon>
					<tessellate>1</tessellate>
					<outerBoundaryIs>
						<LinearRing>
							<coordinates>
								-71.64304411989716,-16.29195543372616,0 -71.64309171763769,-16.29226013192835,0 -71.64224472881179,-16.29231473626765,0 -71.64220840783985,-16.29199054605792,0 -71.64304411989716,-16.29195543372616,0 
							</coordinates>
						</LinearRing>
					</outerBoundaryIs>
				</Polygon>
			</Placemark>
			<Placemark>
				<name>1.29.80-25</name>
				<styleUrl>#falseColor16390031201</styleUrl>
				<Polygon>
					<tessellate>1</tessellate>
					<outerBoundaryIs>
						<LinearRing>
							<coordinates>
								-71.64316054266476,-16.29281152608833,0 -71.6431794870074,-16.29318528841567,0 -71.64231873537892,-16.29325834012858,0 -71.6422883165428,-16.2929265986643,0 -71.64316054266476,-16.29281152608833,0 
							</coordinates>
						</LinearRing>
					</outerBoundaryIs>
				</Polygon>
			</Placemark>
			<Placemark>
				<name>1.29.80-26</name>
				<styleUrl>#falseColor16390031201</styleUrl>
				<Polygon>
					<tessellate>1</tessellate>
					<outerBoundaryIs>
						<LinearRing>
							<coordinates>
								-71.64318757657074,-16.29329289781774,0 -71.64318175339693,-16.29364531249108,0 -71.64235170266289,-16.29369646233231,0 -71.6423099783471,-16.29333850552438,0 -71.64318757657074,-16.29329289781774,0 
							</coordinates>
						</LinearRing>
					</outerBoundaryIs>
				</Polygon>
			</Placemark>
			<Placemark>
				<name>1.29.80-27</name>
				<styleUrl>#falseColor16390031201</styleUrl>
				<Polygon>
					<tessellate>1</tessellate>
					<outerBoundaryIs>
						<LinearRing>
							<coordinates>
								-71.64317491586188,-16.29372773935704,0 -71.64318528963416,-16.29428811530386,0 -71.64243992056447,-16.29433282907364,0 -71.64238873180476,-16.29378959254431,0 -71.64317491586188,-16.29372773935704,0 
							</coordinates>
						</LinearRing>
					</outerBoundaryIs>
				</Polygon>
			</Placemark>
			<Placemark>
				<name>1.29.80-29</name>
				<styleUrl>#falseColor16390031201</styleUrl>
				<Polygon>
					<tessellate>1</tessellate>
					<outerBoundaryIs>
						<LinearRing>
							<coordinates>
								-71.64175668517099,-16.29398541560367,0 -71.64188128805061,-16.29428905599059,0 -71.64125093121582,-16.29445562516351,0 -71.64113190015946,-16.29418654626646,0 -71.64175668517099,-16.29398541560367,0 
							</coordinates>
						</LinearRing>
					</outerBoundaryIs>
				</Polygon>
			</Placemark>
			<Placemark>
				<name>1.29.80-31</name>
				<styleUrl>#falseColor16390031201</styleUrl>
				<Polygon>
					<tessellate>1</tessellate>
					<outerBoundaryIs>
						<LinearRing>
							<coordinates>
								-71.64376000692936,-16.28994320569958,0 -71.64392698320316,-16.29043261482934,0 -71.64360086769334,-16.29054149665857,0 -71.6434095560045,-16.29001454578446,0 -71.64376000692936,-16.28994320569958,0 
							</coordinates>
						</LinearRing>
					</outerBoundaryIs>
				</Polygon>
			</Placemark>
			<Placemark>
				<name>1.29.80-32</name>
				<styleUrl>#falseColor16390031201</styleUrl>
				<Polygon>
					<tessellate>1</tessellate>
					<outerBoundaryIs>
						<LinearRing>
							<coordinates>
								-71.6433575409235,-16.29001531940472,0 -71.64338012103573,-16.29048936009266,0 -71.64304229655389,-16.29047840722889,0 -71.64288189846755,-16.29012786617749,0 -71.6433575409235,-16.29001531940472,0 
							</coordinates>
						</LinearRing>
					</outerBoundaryIs>
				</Polygon>
			</Placemark>
			<Placemark>
				<name>1.29.80-33</name>
				<styleUrl>#falseColor16390031201</styleUrl>
				<Polygon>
					<tessellate>1</tessellate>
					<outerBoundaryIs>
						<LinearRing>
							<coordinates>
								-71.64282860878012,-16.29021056443659,0 -71.64295423730464,-16.29047881549431,0 -71.6423947931047,-16.2905540731489,0 -71.64233432485067,-16.29035036530419,0 -71.64282860878012,-16.29021056443659,0 
							</coordinates>
						</LinearRing>
					</outerBoundaryIs>
				</Polygon>
			</Placemark>
			<Placemark>
				<name>1.29.80-35</name>
				<styleUrl>#falseColor16390031201</styleUrl>
				<Polygon>
					<tessellate>1</tessellate>
					<outerBoundaryIs>
						<LinearRing>
							<coordinates>
								-71.64342681219922,-16.28850325508234,0 -71.64377698033944,-16.28983056119982,0 -71.64342157718531,-16.28996398955175,0 -71.64308838133792,-16.28866362651756,0 -71.64342681219922,-16.28850325508234,0 
							</coordinates>
						</LinearRing>
					</outerBoundaryIs>
				</Polygon>
			</Placemark>
			<Placemark>
				<name>1.29.80-36</name>
				<styleUrl>#falseColor16390031201</styleUrl>
				<Polygon>
					<tessellate>1</tessellate>
					<outerBoundaryIs>
						<LinearRing>
							<coordinates>
								-71.64316550972629,-16.28959412278224,0 -71.64330252247733,-16.28994274762377,0 -71.64290322809191,-16.2900968775476,0 -71.64277774524302,-16.28972674605039,0 -71.64316550972629,-16.28959412278224,0 
							</coordinates>
						</LinearRing>
					</outerBoundaryIs>
				</Polygon>
			</Placemark>
			<Placemark>
				<name>1.29.80-37</name>
				<styleUrl>#falseColor16390031201</styleUrl>
				<Polygon>
					<tessellate>1</tessellate>
					<outerBoundaryIs>
						<LinearRing>
							<coordinates>
								-71.64264866309989,-16.28977754562922,0 -71.64281608860323,-16.29009691989343,0 -71.64220091374065,-16.29038471554081,0 -71.64206815446691,-16.29000322372949,0 -71.64264866309989,-16.28977754562922,0 
							</coordinates>
						</LinearRing>
					</outerBoundaryIs>
				</Polygon>
			</Placemark>
			<Placemark>
				<name>1.29.80-38</name>
				<styleUrl>#falseColor16390031201</styleUrl>
				<Polygon>
					<tessellate>1</tessellate>
					<outerBoundaryIs>
						<LinearRing>
							<coordinates>
								-71.64310719576949,-16.28914098296634,0 -71.6432052542602,-16.28950396692547,0 -71.64272209204832,-16.28963452833702,0 -71.6426321924277,-16.28932636759978,0 -71.64310719576949,-16.28914098296634,0 
							</coordinates>
						</LinearRing>
					</outerBoundaryIs>
				</Polygon>
			</Placemark>
			<Placemark>
				<name>1.29.80-39</name>
				<styleUrl>#falseColor16390031201</styleUrl>
				<Polygon>
					<tessellate>1</tessellate>
					<outerBoundaryIs>
						<LinearRing>
							<coordinates>
								-71.64249026820116,-16.28935918389179,0 -71.64263584932792,-16.28968596546339,0 -71.64214528080588,-16.2898870947901,0 -71.64200016064733,-16.28955189756298,0 -71.64249026820116,-16.28935918389179,0 
							</coordinates>
						</LinearRing>
					</outerBoundaryIs>
				</Polygon>
			</Placemark>
			<Placemark>
				<name>1.29.80-40</name>
				<styleUrl>#falseColor16390031201</styleUrl>
				<Polygon>
					<tessellate>1</tessellate>
					<outerBoundaryIs>
						<LinearRing>
							<coordinates>
								-71.64294917455337,-16.2887450359451,0 -71.64310574752153,-16.28904917082685,0 -71.64187918984986,-16.28945297037902,0 -71.64178310804495,-16.28916104305944,0 -71.64294917455337,-16.2887450359451,0 
							</coordinates>
						</LinearRing>
					</outerBoundaryIs>
				</Polygon>
			</Placemark>
			<Placemark>
				<name>1.29.80-41</name>
				<styleUrl>#falseColor16390031201</styleUrl>
				<Polygon>
					<tessellate>1</tessellate>
					<outerBoundaryIs>
						<LinearRing>
							<coordinates>
								-71.64167495799113,-16.28914126028267,0 -71.6417921506648,-16.28951691168377,0 -71.64108948191796,-16.2897519267582,0 -71.6408119726843,-16.28948416540731,0 -71.64167495799113,-16.28914126028267,0 
							</coordinates>
						</LinearRing>
					</outerBoundaryIs>
				</Polygon>
			</Placemark>
			<Placemark>
				<name>1.29.80-42</name>
				<styleUrl>#falseColor16390031201</styleUrl>
				<Polygon>
					<tessellate>1</tessellate>
					<outerBoundaryIs>
						<LinearRing>
							<coordinates>
								-71.64174865441215,-16.28957990476427,0 -71.6421337874793,-16.2903557467663,0 -71.64215027190436,-16.29074617195912,0 -71.64196710123169,-16.29072347990933,0 -71.64194311980719,-16.29031233570361,0 -71.64165607078191,-16.29040638445426,0 -71.64120745423139,-16.28981096431694,0 -71.64174865441215,-16.28957990476427,0 
							</coordinates>
						</LinearRing>
					</outerBoundaryIs>
				</Polygon>
			</Placemark>
			<Placemark>
				<name>1.29.80-46</name>
				<styleUrl>#falseColor16390031201</styleUrl>
				<Polygon>
					<tessellate>1</tessellate>
					<outerBoundaryIs>
						<LinearRing>
							<coordinates>
								-71.6418553131019,-16.29085134419548,0 -71.64214860776994,-16.2910706107459,0 -71.64192552672361,-16.2914290653775,0 -71.64183383957972,-16.29140815334945,0 -71.64161560886531,-16.29103903490149,0 -71.6418553131019,-16.29085134419548,0 
							</coordinates>
						</LinearRing>
					</outerBoundaryIs>
				</Polygon>
			</Placemark>
			<Placemark>
				<name>1.29.80-47</name>
				<styleUrl>#falseColor16390031201</styleUrl>
				<Polygon>
					<tessellate>1</tessellate>
					<outerBoundaryIs>
						<LinearRing>
							<coordinates>
								-71.6408082763881,-16.2902574399745,0 -71.6413061166793,-16.29082642115117,0 -71.64120126497535,-16.29097535172479,0 -71.64098990625961,-16.29107032432573,0 -71.64075638597149,-16.29105589825621,0 -71.64067485650878,-16.29096633681824,0 -71.6405275807349,-16.2906057673557,0 -71.64050294294849,-16.29039273746724,0 -71.64063051203296,-16.29041665882123,0 -71.64068870638314,-16.2905993082137,0 -71.64073089374169,-16.2907989766879,0 -71.64085373166742,-16.29088725925679,0 -71.64106066852375,-16.2908061608876,0 -71.64091268731804,-16.29063427418795,0 -71.64070295766768,-16.29037555747624,0 -71.6408082763881,-16.2902574399745,0 
							</coordinates>
						</LinearRing>
					</outerBoundaryIs>
				</Polygon>
			</Placemark>
			<Placemark>
				<name>1.29.80-49</name>
				<styleUrl>#falseColor16390031201</styleUrl>
				<Polygon>
					<tessellate>1</tessellate>
					<outerBoundaryIs>
						<LinearRing>
							<coordinates>
								-71.6404537023444,-16.29033588217128,0 -71.64028763453516,-16.29065161649887,0 -71.63946894125139,-16.28989440367862,0 -71.63973971317319,-16.28971680522653,0 -71.64013210078396,-16.28987079870542,0 -71.6404537023444,-16.29033588217128,0 
							</coordinates>
						</LinearRing>
					</outerBoundaryIs>
				</Polygon>
			</Placemark>
			<Placemark>
				<name>1.29.80-54</name>
				<styleUrl>#falseColor16390031201</styleUrl>
				<Polygon>
					<tessellate>1</tessellate>
					<outerBoundaryIs>
						<LinearRing>
							<coordinates>
								-71.64051220362781,-16.29190897542611,0 -71.64067764135388,-16.29192277590746,0 -71.64066109191677,-16.29212210778685,0 -71.64050559533204,-16.29211365581882,0 -71.64051220362781,-16.29190897542611,0 
							</coordinates>
						</LinearRing>
					</outerBoundaryIs>
				</Polygon>
			</Placemark>
			<Placemark>
				<name>1.29.80-55</name>
				<styleUrl>#falseColor16390031201</styleUrl>
				<Polygon>
					<tessellate>1</tessellate>
					<outerBoundaryIs>
						<LinearRing>
							<coordinates>
								-71.63984130039094,-16.29161058535464,0 -71.64043069111837,-16.29187405002369,0 -71.64032010054551,-16.29220568848753,0 -71.63972100385567,-16.29185731696564,0 -71.63975694960132,-16.29167862723463,0 -71.63951665127784,-16.29148373095057,0 -71.63959555330591,-16.29133974761503,0 -71.63984130039094,-16.29161058535464,0 
							</coordinates>
						</LinearRing>
					</outerBoundaryIs>
				</Polygon>
			</Placemark>
			<Placemark>
				<name>1.29.80-57</name>
				<styleUrl>#falseColor16390031201</styleUrl>
				<Polygon>
					<tessellate>1</tessellate>
					<outerBoundaryIs>
						<LinearRing>
							<coordinates>
								-71.63831201780702,-16.29015476801225,0 -71.63850800887643,-16.29040215004763,0 -71.63831229386386,-16.29047203987788,0 -71.63811741038093,-16.29023385828727,0 -71.63831201780702,-16.29015476801225,0 
							</coordinates>
						</LinearRing>
					</outerBoundaryIs>
				</Polygon>
			</Placemark>
			<Placemark>
				<name>1.29.80-60</name>
				<styleUrl>#falseColor16390031201</styleUrl>
				<Polygon>
					<tessellate>1</tessellate>
					<outerBoundaryIs>
						<LinearRing>
							<coordinates>
								-71.63896048865128,-16.29222871009268,0 -71.63891630169618,-16.2923913351709,0 -71.63896772718316,-16.29239726916902,0 -71.63892299477754,-16.29255932200772,0 -71.63854566618373,-16.29243751807487,0 -71.63863790645188,-16.29212848581338,0 -71.63896048865128,-16.29222871009268,0 
							</coordinates>
						</LinearRing>
					</outerBoundaryIs>
				</Polygon>
			</Placemark>
			<Placemark>
				<name>1.29.80-61</name>
				<styleUrl>#falseColor16390031201</styleUrl>
				<Polygon>
					<tessellate>1</tessellate>
					<outerBoundaryIs>
						<LinearRing>
							<coordinates>
								-71.63893830878961,-16.29266010712076,0 -71.63889003749499,-16.29283743159004,0 -71.63841459613032,-16.29269054418528,0 -71.63845926392507,-16.29250569702421,0 -71.63893830878961,-16.29266010712076,0 
							</coordinates>
						</LinearRing>
					</outerBoundaryIs>
				</Polygon>
			</Placemark>
			<Placemark>
				<name>1.29.80-62</name>
				<styleUrl>#falseColor16390031201</styleUrl>
				<Polygon>
					<tessellate>1</tessellate>
					<outerBoundaryIs>
						<LinearRing>
							<coordinates>
								-71.63874785416884,-16.29154301298973,0 -71.63844631224157,-16.29242180617,0 -71.638152583642,-16.29224969508733,0 -71.63825085161878,-16.29184200210252,0 -71.6385023085823,-16.29142178223448,0 -71.63874785416884,-16.29154301298973,0 
							</coordinates>
						</LinearRing>
					</outerBoundaryIs>
				</Polygon>
			</Placemark>
			<Placemark>
				<name>1.29.80-70</name>
				<styleUrl>#falseColor16390031201</styleUrl>
				<Polygon>
					<tessellate>1</tessellate>
					<outerBoundaryIs>
						<LinearRing>
							<coordinates>
								-71.63751441343835,-16.28881696276437,0 -71.63719420634457,-16.28896582528242,0 -71.63701474594778,-16.28844440237446,0 -71.63715985034874,-16.28835152861576,0 -71.63751441343835,-16.28881696276437,0 
							</coordinates>
						</LinearRing>
					</outerBoundaryIs>
				</Polygon>
			</Placemark>
			<Placemark>
				<name>1.29.80-71</name>
				<styleUrl>#falseColor16390031201</styleUrl>
				<Polygon>
					<tessellate>1</tessellate>
					<outerBoundaryIs>
						<LinearRing>
							<coordinates>
								-71.63794356506897,-16.28949386342305,0 -71.63756878749079,-16.28971070720871,0 -71.6372027597117,-16.28902345309298,0 -71.63754397113797,-16.28886926996661,0 -71.63794356506897,-16.28949386342305,0 
							</coordinates>
						</LinearRing>
					</outerBoundaryIs>
				</Polygon>
			</Placemark>
			<Placemark>
				<name>1.29.80-72</name>
				<styleUrl>#falseColor16390031201</styleUrl>
				<Polygon>
					<tessellate>1</tessellate>
					<outerBoundaryIs>
						<LinearRing>
							<coordinates>
								-71.6383007330995,-16.29007292880394,0 -71.63797608195907,-16.29026276968256,0 -71.63768652541624,-16.28977621048359,0 -71.63799784303497,-16.28959953356541,0 -71.6383007330995,-16.29007292880394,0 
							</coordinates>
						</LinearRing>
					</outerBoundaryIs>
				</Polygon>
			</Placemark>
			<Placemark>
				<name>1.29.80-75</name>
				<styleUrl>#falseColor16390031201</styleUrl>
				<Polygon>
					<tessellate>1</tessellate>
					<outerBoundaryIs>
						<LinearRing>
							<coordinates>
								-71.63873815107134,-16.2899113472751,0 -71.63838545639869,-16.29008462795113,0 -71.638129854315,-16.28959386750686,0 -71.6384045367983,-16.28942125996145,0 -71.63873815107134,-16.2899113472751,0 
							</coordinates>
						</LinearRing>
					</outerBoundaryIs>
				</Polygon>
			</Placemark>
			<Placemark>
				<name>1.29.80-80</name>
				<styleUrl>#falseColor16390031201</styleUrl>
				<Polygon>
					<tessellate>1</tessellate>
					<outerBoundaryIs>
						<LinearRing>
							<coordinates>
								-71.64007409087358,-16.28902592425614,0 -71.64021990706919,-16.28950143603278,0 -71.6398070828708,-16.28908570356627,0 -71.64007409087358,-16.28902592425614,0 
							</coordinates>
						</LinearRing>
					</outerBoundaryIs>
				</Polygon>
			</Placemark>
			<Placemark>
				<name>1.29.80-85</name>
				<styleUrl>#falseColor16390031201</styleUrl>
				<Polygon>
					<tessellate>1</tessellate>
					<outerBoundaryIs>
						<LinearRing>
							<coordinates>
								-71.64270523830872,-16.28766347430932,0 -71.64288542286546,-16.28796769568588,0 -71.64215068686782,-16.28822451971113,0 -71.64200315169985,-16.28788695652026,0 -71.64270523830872,-16.28766347430932,0 
							</coordinates>
						</LinearRing>
					</outerBoundaryIs>
				</Polygon>
			</Placemark>
			<Placemark>
				<name>1.29.80-86</name>
				<styleUrl>#falseColor16390031201</styleUrl>
				<Polygon>
					<tessellate>1</tessellate>
					<outerBoundaryIs>
						<LinearRing>
							<coordinates>
								-71.64186604794719,-16.28793623234272,0 -71.64202130377107,-16.28825712116913,0 -71.64151377940233,-16.28843692734688,0 -71.64135615256988,-16.28814804557739,0 -71.64186604794719,-16.28793623234272,0 
							</coordinates>
						</LinearRing>
					</outerBoundaryIs>
				</Polygon>
			</Placemark>
			<Placemark>
				<name>1.29.80-89</name>
				<styleUrl>#falseColor16390031201</styleUrl>
				<Polygon>
					<tessellate>1</tessellate>
					<outerBoundaryIs>
						<LinearRing>
							<coordinates>
								-71.63941617363788,-16.28860540266716,0 -71.63913792269558,-16.28869702294343,0 -71.6389938293466,-16.2886509324597,0 -71.63860299351573,-16.28755393381291,0 -71.63898061334012,-16.28740907612275,0 -71.63941617363788,-16.28860540266716,0 
							</coordinates>
						</LinearRing>
					</outerBoundaryIs>
				</Polygon>
			</Placemark>
			<Placemark>
				<name>1.29.80-90</name>
				<styleUrl>#falseColor16390031201</styleUrl>
				<Polygon>
					<tessellate>1</tessellate>
					<outerBoundaryIs>
						<LinearRing>
							<coordinates>
								-71.63996789057963,-16.28847606788366,0 -71.63946669788106,-16.28859747677939,0 -71.63939070682035,-16.28831023603282,0 -71.64005105317095,-16.28833542751516,0 -71.63996789057963,-16.28847606788366,0 
							</coordinates>
						</LinearRing>
					</outerBoundaryIs>
				</Polygon>
			</Placemark>
			<Placemark>
				<name>1.29.80-91</name>
				<styleUrl>#falseColor16390031201</styleUrl>
				<Polygon>
					<tessellate>1</tessellate>
					<outerBoundaryIs>
						<LinearRing>
							<coordinates>
								-71.64034176422197,-16.28786168133615,0 -71.64012549412996,-16.28821174638772,0 -71.63934878905057,-16.28822035074592,0 -71.63919015771941,-16.2878336890136,0 -71.64034176422197,-16.28786168133615,0 
							</coordinates>
						</LinearRing>
					</outerBoundaryIs>
				</Polygon>
			</Placemark>
			<Placemark>
				<name>1.29.80-95</name>
				<styleUrl>#falseColor16390031201</styleUrl>
				<Polygon>
					<tessellate>1</tessellate>
					<outerBoundaryIs>
						<LinearRing>
							<coordinates>
								-71.64252201126872,-16.28675344339477,0 -71.64269742885237,-16.28711497034078,0 -71.64239906079931,-16.28722227845902,0 -71.64227710913634,-16.28682982908848,0 -71.64252201126872,-16.28675344339477,0 
							</coordinates>
						</LinearRing>
					</outerBoundaryIs>
				</Polygon>
			</Placemark>
			<Placemark>
				<name>1.29.80-97</name>
				<styleUrl>#falseColor16390031201</styleUrl>
				<Polygon>
					<tessellate>1</tessellate>
					<outerBoundaryIs>
						<LinearRing>
							<coordinates>
								-71.64030586288615,-16.28750594574208,0 -71.64032398647133,-16.28780470784777,0 -71.63913998587013,-16.28772965159925,0 -71.6391060952751,-16.28741711487997,0 -71.64030586288615,-16.28750594574208,0 
							</coordinates>
						</LinearRing>
					</outerBoundaryIs>
				</Polygon>
			</Placemark>
			<Placemark>
				<name>1.29.80-98</name>
				<styleUrl>#falseColor16390031201</styleUrl>
				<Polygon>
					<tessellate>1</tessellate>
					<outerBoundaryIs>
						<LinearRing>
							<coordinates>
								-71.63860889445483,-16.28872432571794,0 -71.63693731198272,-16.28759079578159,0 -71.63708517859533,-16.28744262620044,0 -71.63742289510535,-16.28733658943371,0 -71.63873416362105,-16.28827416966968,0 -71.63883388354432,-16.28851962492655,0 -71.63860889445483,-16.28872432571794,0 
							</coordinates>
						</LinearRing>
					</outerBoundaryIs>
				</Polygon>
			</Placemark>
			<Placemark>
				<name>1.29.80-99</name>
				<styleUrl>#falseColor16390031201</styleUrl>
				<Polygon>
					<tessellate>1</tessellate>
					<outerBoundaryIs>
						<LinearRing>
							<coordinates>
								-71.63861149008633,-16.28806825860446,0 -71.63722973773955,-16.28704364448912,0 -71.63740880319168,-16.28683281041809,0 -71.63808868224032,-16.28720822701549,0 -71.63844555254833,-16.28758370814202,0 -71.6386807364341,-16.2879952892544,0 -71.63861149008633,-16.28806825860446,0 
							</coordinates>
						</LinearRing>
					</outerBoundaryIs>
				</Polygon>
			</Placemark>
			<Placemark>
				<name>1.29.80-100</name>
				<styleUrl>#falseColor16390031201</styleUrl>
				<Polygon>
					<tessellate>1</tessellate>
					<outerBoundaryIs>
						<LinearRing>
							<coordinates>
								-71.63754617843004,-16.28649884929068,0 -71.63782620923132,-16.28690700835197,0 -71.63768641122795,-16.28697269524197,0 -71.63744630042426,-16.28656449112304,0 -71.63754617843004,-16.28649884929068,0 
							</coordinates>
						</LinearRing>
					</outerBoundaryIs>
				</Polygon>
			</Placemark>
			<Placemark>
				<name>1.29.80-101</name>
				<styleUrl>#falseColor16390031201</styleUrl>
				<Polygon>
					<tessellate>1</tessellate>
					<outerBoundaryIs>
						<LinearRing>
							<coordinates>
								-71.63832095482752,-16.2869536782223,0 -71.63861840043219,-16.2871058256098,0 -71.63901723605129,-16.28717259274351,0 -71.63894857956114,-16.28731580005339,0 -71.63829491404559,-16.28723614437504,0 -71.63794258762847,-16.28679169400009,0 -71.63803594156673,-16.28668263383238,0 -71.63832095482752,-16.2869536782223,0 
							</coordinates>
						</LinearRing>
					</outerBoundaryIs>
				</Polygon>
			</Placemark>
			<Placemark>
				<name>1.29.80-104</name>
				<styleUrl>#falseColor16390031201</styleUrl>
				<Polygon>
					<tessellate>1</tessellate>
					<outerBoundaryIs>
						<LinearRing>
							<coordinates>
								-71.64137846984573,-16.28497697549006,0 -71.64204505618599,-16.28621603639453,0 -71.64134101237354,-16.28647202479371,0 -71.64077349475622,-16.28522342305733,0 -71.64137846984573,-16.28497697549006,0 
							</coordinates>
						</LinearRing>
					</outerBoundaryIs>
				</Polygon>
			</Placemark>
			<Placemark>
				<name>1.29.80-105</name>
				<styleUrl>#falseColor16390031201</styleUrl>
				<Polygon>
					<tessellate>1</tessellate>
					<outerBoundaryIs>
						<LinearRing>
							<coordinates>
								-71.64079195243171,-16.28557464338091,0 -71.64125653097956,-16.2864725318498,0 -71.64092423552673,-16.28663058952176,0 -71.64049372831381,-16.28568719071025,0 -71.6404865099813,-16.28568754361315,0 -71.64079195243171,-16.28557464338091,0 
							</coordinates>
						</LinearRing>
					</outerBoundaryIs>
				</Polygon>
			</Placemark>
			<Placemark>
				<name>1.29.80-106</name>
				<styleUrl>#falseColor16390031201</styleUrl>
				<Polygon>
					<tessellate>1</tessellate>
					<outerBoundaryIs>
						<LinearRing>
							<coordinates>
								-71.64046882058385,-16.28587495532625,0 -71.64081249374846,-16.28666339443772,0 -71.64044756989077,-16.28671592678412,0 -71.64013293785418,-16.28597354292551,0 -71.64046882058385,-16.28587495532625,0 
							</coordinates>
						</LinearRing>
					</outerBoundaryIs>
				</Polygon>
			</Placemark>
			<Placemark>
				<name>1.29.80-107</name>
				<styleUrl>#falseColor16390031201</styleUrl>
				<Polygon>
					<tessellate>1</tessellate>
					<outerBoundaryIs>
						<LinearRing>
							<coordinates>
								-71.64003618096307,-16.28602060445739,0 -71.64034023534249,-16.28672225373572,0 -71.63967547687211,-16.28681303525102,0 -71.63978829969949,-16.28603253785685,0 -71.64003618096307,-16.28602060445739,0 
							</coordinates>
						</LinearRing>
					</outerBoundaryIs>
				</Polygon>
			</Placemark>
			<Placemark>
				<name>1.29.80-108</name>
				<styleUrl>#falseColor16390031201</styleUrl>
				<Polygon>
					<tessellate>1</tessellate>
					<outerBoundaryIs>
						<LinearRing>
							<coordinates>
								-71.63961639135141,-16.28653294631226,0 -71.63954872731171,-16.28686480418391,0 -71.63907830352596,-16.28688763423487,0 -71.63910594095042,-16.28648833854028,0 -71.63961639135141,-16.28653294631226,0 
							</coordinates>
						</LinearRing>
					</outerBoundaryIs>
				</Polygon>
			</Placemark>
			<Placemark>
				<name>1.29.80-109</name>
				<styleUrl>#falseColor16390031201</styleUrl>
				<Polygon>
					<tessellate>1</tessellate>
					<outerBoundaryIs>
						<LinearRing>
							<coordinates>
								-71.63902429294323,-16.2864853244204,0 -71.63898291323824,-16.28687287499694,0 -71.63850429378905,-16.28668838286883,0 -71.63813815559382,-16.28628352883421,0 -71.63902429294323,-16.2864853244204,0 
							</coordinates>
						</LinearRing>
					</outerBoundaryIs>
				</Polygon>
			</Placemark>
			<Placemark>
				<name>1.29.80-110</name>
				<styleUrl>#falseColor16390031201</styleUrl>
				<Polygon>
					<tessellate>1</tessellate>
					<outerBoundaryIs>
						<LinearRing>
							<coordinates>
								-71.6396887160043,-16.2860948184098,0 -71.639587317373,-16.28645178543074,0 -71.63913612332686,-16.28634886006374,0 -71.6391848921627,-16.28602954418505,0 -71.6396887160043,-16.2860948184098,0 
							</coordinates>
						</LinearRing>
					</outerBoundaryIs>
				</Polygon>
			</Placemark>
			<Placemark>
				<name>1.29.80-111</name>
				<styleUrl>#falseColor16390031201</styleUrl>
				<Polygon>
					<tessellate>1</tessellate>
					<outerBoundaryIs>
						<LinearRing>
							<coordinates>
								-71.63904964694487,-16.28599894418916,0 -71.63897666907918,-16.28635589462781,0 -71.63854092402478,-16.28629543973466,0 -71.63855780058645,-16.28590011011072,0 -71.63904964694487,-16.28599894418916,0 
							</coordinates>
						</LinearRing>
					</outerBoundaryIs>
				</Polygon>
			</Placemark>
			<Placemark>
				<name>1.29.80-113</name>
				<styleUrl>#falseColor16390031201</styleUrl>
				<Polygon>
					<tessellate>1</tessellate>
					<outerBoundaryIs>
						<LinearRing>
							<coordinates>
								-71.63974107881518,-16.28569536167686,0 -71.63972247400514,-16.28602803016112,0 -71.63921967885675,-16.28594158166327,0 -71.63924109353754,-16.28560443885187,0 -71.63974107881518,-16.28569536167686,0 
							</coordinates>
						</LinearRing>
					</outerBoundaryIs>
				</Polygon>
			</Placemark>
			<Placemark>
				<name>1.29.80-114</name>
				<styleUrl>#falseColor16390031201</styleUrl>
				<Polygon>
					<tessellate>1</tessellate>
					<outerBoundaryIs>
						<LinearRing>
							<coordinates>
								-71.63910834932814,-16.28556613848361,0 -71.63908071409266,-16.28589097200677,0 -71.63862810926962,-16.28584902462843,0 -71.63866884457006,-16.28547948299614,0 -71.63910834932814,-16.28556613848361,0 
							</coordinates>
						</LinearRing>
					</outerBoundaryIs>
				</Polygon>
			</Placemark>
			<Placemark>
				<name>1.29.80-116</name>
				<styleUrl>#falseColor16390031201</styleUrl>
				<Polygon>
					<tessellate>1</tessellate>
					<outerBoundaryIs>
						<LinearRing>
							<coordinates>
								-71.63796286232331,-16.28538021584527,0 -71.63796440669191,-16.28571378991069,0 -71.6376524084759,-16.28569498504834,0 -71.63766632457893,-16.28540439135956,0 -71.63796286232331,-16.28538021584527,0 
							</coordinates>
						</LinearRing>
					</outerBoundaryIs>
				</Polygon>
			</Placemark>
			<Placemark>
				<name>1.29.80-117</name>
				<styleUrl>#falseColor16390031201</styleUrl>
				<Polygon>
					<tessellate>1</tessellate>
					<outerBoundaryIs>
						<LinearRing>
							<coordinates>
								-71.63809963062528,-16.28491303761268,0 -71.63808565988434,-16.28528598022555,0 -71.63752444055906,-16.28528846888702,0 -71.6375313499331,-16.28484424943818,0 -71.63809963062528,-16.28491303761268,0 
							</coordinates>
						</LinearRing>
					</outerBoundaryIs>
				</Polygon>
			</Placemark>
			<Placemark>
				<name>1.29.80-118</name>
				<styleUrl>#falseColor16390031201</styleUrl>
				<Polygon>
					<tessellate>1</tessellate>
					<outerBoundaryIs>
						<LinearRing>
							<coordinates>
								-71.6397822214857,-16.28516404749568,0 -71.63973884429866,-16.28552054856721,0 -71.63861471381125,-16.28541361895406,0 -71.63863275645247,-16.28504313617202,0 -71.6397822214857,-16.28516404749568,0 
							</coordinates>
						</LinearRing>
					</outerBoundaryIs>
				</Polygon>
			</Placemark>
			<Placemark>
				<name>1.29.80-119</name>
				<styleUrl>#falseColor16390031201</styleUrl>
				<Polygon>
					<tessellate>1</tessellate>
					<outerBoundaryIs>
						<LinearRing>
							<coordinates>
								-71.64013743268977,-16.28532275911771,0 -71.64007953881467,-16.28581464421995,0 -71.63982613667332,-16.28581403652024,0 -71.63991314974115,-16.28520388202736,0 -71.64013743268977,-16.28532275911771,0 
							</coordinates>
						</LinearRing>
					</outerBoundaryIs>
				</Polygon>
			</Placemark>
			<Placemark>
				<name>1.29.80-120</name>
				<styleUrl>#falseColor16390031201</styleUrl>
				<Polygon>
					<tessellate>1</tessellate>
					<outerBoundaryIs>
						<LinearRing>
							<coordinates>
								-71.64052028782919,-16.28447742026119,0 -71.64043389324095,-16.28501751399467,0 -71.64039140517814,-16.28517507243912,0 -71.6401673955523,-16.28533560439435,0 -71.63989920591557,-16.28510907858395,0 -71.64009381978141,-16.28479394917317,0 -71.64014105515218,-16.28449625563198,0 -71.64052028782919,-16.28447742026119,0 
							</coordinates>
						</LinearRing>
					</outerBoundaryIs>
				</Polygon>
			</Placemark>
			<Placemark>
				<name>1.29.80-121</name>
				<styleUrl>#falseColor16390031201</styleUrl>
				<Polygon>
					<tessellate>1</tessellate>
					<outerBoundaryIs>
						<LinearRing>
							<coordinates>
								-71.64005508399545,-16.28454394633061,0 -71.64007738200723,-16.28470805910522,0 -71.63981315645816,-16.28513676170716,0 -71.63873582031736,-16.28494415101232,0 -71.63875195162807,-16.28454447362359,0 -71.63904277975182,-16.28456482770919,0 -71.63926230333644,-16.28467680753582,0 -71.64005508399545,-16.28454394633061,0 
							</coordinates>
						</LinearRing>
					</outerBoundaryIs>
				</Polygon>
			</Placemark>
			<Placemark>
				<name>1.29.80-122</name>
				<styleUrl>#falseColor16390031201</styleUrl>
				<Polygon>
					<tessellate>1</tessellate>
					<outerBoundaryIs>
						<LinearRing>
							<coordinates>
								-71.63810958677584,-16.28448462442315,0 -71.63808796648468,-16.28483707266825,0 -71.6374810464348,-16.28473473646179,0 -71.63748351596061,-16.28438253785361,0 -71.63810958677584,-16.28448462442315,0 
							</coordinates>
						</LinearRing>
					</outerBoundaryIs>
				</Polygon>
			</Placemark>
			<Placemark>
				<name>1.29.80-123</name>
				<styleUrl>#falseColor16390031201</styleUrl>
				<Polygon>
					<tessellate>1</tessellate>
					<outerBoundaryIs>
						<LinearRing>
							<coordinates>
								-71.63814179068399,-16.28417360922777,0 -71.63810329694894,-16.28441616353436,0 -71.63732103275552,-16.28427518645827,0 -71.63736187787396,-16.28408813163076,0 -71.63814179068399,-16.28417360922777,0 
							</coordinates>
						</LinearRing>
					</outerBoundaryIs>
				</Polygon>
			</Placemark>
			<Placemark>
				<name>1.29.80-124</name>
				<styleUrl>#falseColor16390031201</styleUrl>
				<Polygon>
					<tessellate>1</tessellate>
					<outerBoundaryIs>
						<LinearRing>
							<coordinates>
								-71.64041463713657,-16.28400338556833,0 -71.64054186836537,-16.28430506150888,0 -71.63937866849669,-16.2845272942691,0 -71.63934164068282,-16.2841964025962,0 -71.64041463713657,-16.28400338556833,0 
							</coordinates>
						</LinearRing>
					</outerBoundaryIs>
				</Polygon>
			</Placemark>
			<Placemark>
				<name>1.29.80-125</name>
				<styleUrl>#falseColor16390031201</styleUrl>
				<Polygon>
					<tessellate>1</tessellate>
					<outerBoundaryIs>
						<LinearRing>
							<coordinates>
								-71.64022760239614,-16.28346074470187,0 -71.64025398415461,-16.28369474142776,0 -71.63989695950957,-16.28376008176259,0 -71.63987046467751,-16.28354549430574,0 -71.64022760239614,-16.28346074470187,0 
							</coordinates>
						</LinearRing>
					</outerBoundaryIs>
				</Polygon>
			</Placemark>
			<Placemark>
				<name>1.29.80-126</name>
				<styleUrl>#falseColor16390031201</styleUrl>
				<Polygon>
					<tessellate>1</tessellate>
					<outerBoundaryIs>
						<LinearRing>
							<coordinates>
								-71.63969532287778,-16.28358948287983,0 -71.63972926613555,-16.28388085405409,0 -71.63933311002698,-16.28402712894685,0 -71.63926054667212,-16.283660033572,0 -71.63969532287778,-16.28358948287983,0 
							</coordinates>
						</LinearRing>
					</outerBoundaryIs>
				</Polygon>
			</Placemark>
			<Placemark>
				<name>1.29.80-127</name>
				<styleUrl>#falseColor16390031201</styleUrl>
				<Polygon>
					<tessellate>1</tessellate>
					<outerBoundaryIs>
						<LinearRing>
							<coordinates>
								-71.63909742379462,-16.28364171877739,0 -71.63919652523821,-16.28408405644255,0 -71.6383292470824,-16.28413673433753,0 -71.63833207345192,-16.28383223409445,0 -71.6383222818373,-16.28380383172961,0 -71.63909742379462,-16.28364171877739,0 
							</coordinates>
						</LinearRing>
					</outerBoundaryIs>
				</Polygon>
			</Placemark>
			<Placemark>
				<name>1.29.80-128</name>
				<styleUrl>#falseColor16390031201</styleUrl>
				<Polygon>
					<tessellate>1</tessellate>
					<outerBoundaryIs>
						<LinearRing>
							<coordinates>
								-71.63820588271781,-16.28378420403039,0 -71.63809732642153,-16.28410814675132,0 -71.63718129405474,-16.28394761418926,0 -71.63725340181787,-16.28357921855851,0 -71.63820588271781,-16.28378420403039,0 
							</coordinates>
						</LinearRing>
					</outerBoundaryIs>
				</Polygon>
			</Placemark>
			<Placemark>
				<name>1.29.80-130</name>
				<styleUrl>#falseColor16390031201</styleUrl>
				<Polygon>
					<tessellate>1</tessellate>
					<outerBoundaryIs>
						<LinearRing>
							<coordinates>
								-71.63900969406311,-16.28323960463365,0 -71.63909634674033,-16.28356210652405,0 -71.63828162529808,-16.28368073582637,0 -71.63828226795003,-16.28335035540055,0 -71.63900969406311,-16.28323960463365,0 
							</coordinates>
						</LinearRing>
					</outerBoundaryIs>
				</Polygon>
			</Placemark>
			<Placemark>
				<name>1.29.80-131</name>
				<styleUrl>#falseColor16390031201</styleUrl>
				<Polygon>
					<tessellate>1</tessellate>
					<outerBoundaryIs>
						<LinearRing>
							<coordinates>
								-71.63958437556913,-16.28322426873823,0 -71.63962647622317,-16.28348428200729,0 -71.6392284549849,-16.2835302247578,0 -71.63918370267926,-16.28319090046673,0 -71.63937915096368,-16.2831587052246,0 -71.63958437556913,-16.28322426873823,0 
							</coordinates>
						</LinearRing>
					</outerBoundaryIs>
				</Polygon>
			</Placemark>
			<Placemark>
				<name>1.29.80-132</name>
				<styleUrl>#falseColor16390031201</styleUrl>
				<Polygon>
					<tessellate>1</tessellate>
					<outerBoundaryIs>
						<LinearRing>
							<coordinates>
								-71.64003283292151,-16.2830558512177,0 -71.64010805213141,-16.28339977004844,0 -71.63990033817667,-16.28344188776786,0 -71.63987180173717,-16.28326350802224,0 -71.63966213663728,-16.28321421482082,0 -71.63963022176232,-16.28312031223138,0 -71.63961265664966,-16.28312015178722,0 -71.64003283292151,-16.2830558512177,0 
							</coordinates>
						</LinearRing>
					</outerBoundaryIs>
				</Polygon>
			</Placemark>
			<Placemark>
				<name>1.29.80-133</name>
				<styleUrl>#falseColor16390031201</styleUrl>
				<Polygon>
					<tessellate>1</tessellate>
					<outerBoundaryIs>
						<LinearRing>
							<coordinates>
								-71.64019180910563,-16.28168443203749,0 -71.64030016053282,-16.28254540987061,0 -71.64003750204313,-16.28258026385731,0 -71.63984746268888,-16.28173849846923,0 -71.64019180910563,-16.28168443203749,0 
							</coordinates>
						</LinearRing>
					</outerBoundaryIs>
				</Polygon>
			</Placemark>
			<Placemark>
				<name>1.29.80-134</name>
				<styleUrl>#falseColor16390031201</styleUrl>
				<Polygon>
					<tessellate>1</tessellate>
					<outerBoundaryIs>
						<LinearRing>
							<coordinates>
								-71.63978346163957,-16.28174549549045,0 -71.63988045265594,-16.28259959555927,0 -71.63952908806439,-16.28266364537488,0 -71.63942774165675,-16.28180525571434,0 -71.63978346163957,-16.28174549549045,0 
							</coordinates>
						</LinearRing>
					</outerBoundaryIs>
				</Polygon>
			</Placemark>
			<Placemark>
				<name>1.29.80-135</name>
				<styleUrl>#falseColor16390031201</styleUrl>
				<Polygon>
					<tessellate>1</tessellate>
					<outerBoundaryIs>
						<LinearRing>
							<coordinates>
								-71.63932163222341,-16.2818629991638,0 -71.6395464481335,-16.28304261526126,0 -71.63915710159007,-16.28311854002986,0 -71.63893601377126,-16.28190129569016,0 -71.63932163222341,-16.2818629991638,0 
							</coordinates>
						</LinearRing>
					</outerBoundaryIs>
				</Polygon>
			</Placemark>
			<Placemark>
				<name>1.29.80-136</name>
				<styleUrl>#falseColor16390031201</styleUrl>
				<Polygon>
					<tessellate>1</tessellate>
					<outerBoundaryIs>
						<LinearRing>
							<coordinates>
								-71.63884062561814,-16.28193895251691,0 -71.63904053096869,-16.28310025066195,0 -71.63884863081194,-16.28307780257415,0 -71.63861191565134,-16.28295570978871,0 -71.6384549387318,-16.28201515970274,0 -71.63884062561814,-16.28193895251691,0 
							</coordinates>
						</LinearRing>
					</outerBoundaryIs>
				</Polygon>
			</Placemark>
			<Placemark>
				<name>1.29.80-137</name>
				<styleUrl>#falseColor16390031201</styleUrl>
				<Polygon>
					<tessellate>1</tessellate>
					<outerBoundaryIs>
						<LinearRing>
							<coordinates>
								-71.63847880337832,-16.28266730525268,0 -71.63853035113404,-16.28289668683999,0 -71.63848794973082,-16.28287588541796,0 -71.6383793042212,-16.28279679430616,0 -71.63834099643837,-16.28267758457638,0 -71.63847880337832,-16.28266730525268,0 
							</coordinates>
						</LinearRing>
					</outerBoundaryIs>
				</Polygon>
			</Placemark>
			<Placemark>
				<name>1.29.80-138</name>
				<styleUrl>#falseColor16390031201</styleUrl>
				<Polygon>
					<tessellate>1</tessellate>
					<outerBoundaryIs>
						<LinearRing>
							<coordinates>
								-71.63817645561001,-16.28271842043241,0 -71.63821848528676,-16.28294032863231,0 -71.63776494172231,-16.28306266461189,0 -71.63728356021497,-16.28300711563797,0 -71.63731937648282,-16.28273888142935,0 -71.63770864977488,-16.28279288805241,0 -71.63817645561001,-16.28271842043241,0 
							</coordinates>
						</LinearRing>
					</outerBoundaryIs>
				</Polygon>
			</Placemark>
			<Placemark>
				<name>1.29.80-139</name>
				<styleUrl>#falseColor16390031201</styleUrl>
				<Polygon>
					<tessellate>1</tessellate>
					<outerBoundaryIs>
						<LinearRing>
							<coordinates>
								-71.63799636553338,-16.28056324007008,0 -71.63820188680027,-16.28107884035042,0 -71.63828004966295,-16.28167347537072,0 -71.63754610121894,-16.28175444644953,0 -71.63756094259963,-16.28156379539414,0 -71.63783282475046,-16.28153721514593,0 -71.63764417279231,-16.28061593547333,0 -71.63799636553338,-16.28056324007008,0 
							</coordinates>
						</LinearRing>
					</outerBoundaryIs>
				</Polygon>
			</Placemark>
			<Placemark>
				<name>1.29.80-141</name>
				<styleUrl>#falseColor16390031201</styleUrl>
				<Polygon>
					<tessellate>1</tessellate>
					<outerBoundaryIs>
						<LinearRing>
							<coordinates>
								-71.63903825864878,-16.28129521553756,0 -71.63907793152806,-16.28142179951573,0 -71.63923684301504,-16.28144829594558,0 -71.63931053860651,-16.28176961685614,0 -71.63881894982023,-16.2818366105708,0 -71.63870669693979,-16.28134239694216,0 -71.63903825864878,-16.28129521553756,0 
							</coordinates>
						</LinearRing>
					</outerBoundaryIs>
				</Polygon>
			</Placemark>
			<Placemark>
				<name>1.29.80-144</name>
				<styleUrl>#falseColor16390031201</styleUrl>
				<Polygon>
					<tessellate>1</tessellate>
					<outerBoundaryIs>
						<LinearRing>
							<coordinates>
								-71.64414931673127,-16.28636866487181,0 -71.64431025375946,-16.28698230456651,0 -71.64405948466928,-16.28706539834833,0 -71.64380095706349,-16.28635048755901,0 -71.64374077392702,-16.28575868404416,0 -71.64416887310638,-16.28596518253408,0 -71.64414931673127,-16.28636866487181,0 
							</coordinates>
						</LinearRing>
					</outerBoundaryIs>
				</Polygon>
			</Placemark>
			<Placemark>
				<name>1.29.87-9</name>
				<styleUrl>#falseColor16390031201</styleUrl>
				<Polygon>
					<tessellate>1</tessellate>
					<outerBoundaryIs>
						<LinearRing>
							<coordinates>
								-71.63727525564282,-16.29529444853807,0 -71.6373780239557,-16.29521444156467,0 -71.6374914249313,-16.2950884101084,0 -71.63764444811048,-16.29487324649122,0 -71.63834314217438,-16.29413648561732,0 -71.63868454609947,-16.29442451656999,0 -71.63876594650068,-16.29451863498953,0 -71.63860233551141,-16.2946180356659,0 -71.63829477473439,-16.29507189515883,0 -71.63788376332934,-16.2954717241069,0 -71.63775229413538,-16.29556129279928,0 -71.63764275485792,-16.295546628301,0 -71.63754934736541,-16.29554568324354,0 -71.63740571918032,-16.29558413524502,0 -71.63715333501256,-16.2956272205532,0 -71.63711711007382,-16.29533527335497,0 -71.63727525564282,-16.29529444853807,0 
							</coordinates>
						</LinearRing>
					</outerBoundaryIs>
				</Polygon>
			</Placemark>
			<Placemark>
				<name>1.29.88-2</name>
				<styleUrl>#falseColor16390031201</styleUrl>
				<Polygon>
					<tessellate>1</tessellate>
					<outerBoundaryIs>
						<LinearRing>
							<coordinates>
								-71.6377554080981,-16.30773439209222,0 -71.63772334488492,-16.30777501839353,0 -71.63718998995701,-16.30750833992036,0 -71.63752533316077,-16.30733894673153,0 -71.6377554080981,-16.30773439209222,0 
							</coordinates>
						</LinearRing>
					</outerBoundaryIs>
				</Polygon>
			</Placemark>
			<Placemark>
				<name>1.29.88-5</name>
				<styleUrl>#falseColor16390031201</styleUrl>
				<Polygon>
					<tessellate>1</tessellate>
					<outerBoundaryIs>
						<LinearRing>
							<coordinates>
								-71.63673058527149,-16.30648937542629,0 -71.63684901836841,-16.30675379671201,0 -71.6366756940062,-16.30684092082035,0 -71.63673058527149,-16.30648937542629,0 
							</coordinates>
						</LinearRing>
					</outerBoundaryIs>
				</Polygon>
			</Placemark>
			<Placemark>
				<name>1.29.88-6</name>
				<styleUrl>#falseColor16390031201</styleUrl>
				<Polygon>
					<tessellate>1</tessellate>
					<outerBoundaryIs>
						<LinearRing>
							<coordinates>
								-71.63682462278882,-16.3065829788109,0 -71.6367416090177,-16.30625867752695,0 -71.63687095834254,-16.30620934624147,0 -71.63697779655952,-16.30633272355881,0 -71.63711842154073,-16.30659086093192,0 -71.63689328570378,-16.3067056619766,0 -71.63682462278882,-16.3065829788109,0 
							</coordinates>
						</LinearRing>
					</outerBoundaryIs>
				</Polygon>
			</Placemark>
			<Placemark>
				<name>1.29.89-8</name>
				<styleUrl>#falseColor16390031201</styleUrl>
				<Polygon>
					<tessellate>1</tessellate>
					<outerBoundaryIs>
						<LinearRing>
							<coordinates>
								-71.63928427413887,-16.29833261802982,0 -71.63951422026412,-16.29864930652671,0 -71.63885731883649,-16.29901596233067,0 -71.63865251143309,-16.29864818934406,0 -71.63928427413887,-16.29833261802982,0 
							</coordinates>
						</LinearRing>
					</outerBoundaryIs>
				</Polygon>
			</Placemark>
			<Placemark>
				<name>1.29.89-11</name>
				<styleUrl>#falseColor16390031201</styleUrl>
				<Polygon>
					<tessellate>1</tessellate>
					<outerBoundaryIs>
						<LinearRing>
							<coordinates>
								-71.63857769183464,-16.30039766669595,0 -71.63833528832998,-16.29997878916743,0 -71.63900905769513,-16.29962992729618,0 -71.63926277762828,-16.30005396075549,0 -71.63857769183464,-16.30039766669595,0 
							</coordinates>
						</LinearRing>
					</outerBoundaryIs>
				</Polygon>
			</Placemark>
			<Placemark>
				<name>1.29.89-19</name>
				<styleUrl>#falseColor16390031201</styleUrl>
				<Polygon>
					<tessellate>1</tessellate>
					<outerBoundaryIs>
						<LinearRing>
							<coordinates>
								-71.64083321706714,-16.30103933912893,0 -71.64103696398486,-16.30131703100939,0 -71.64032119765969,-16.30171757710769,0 -71.64014385537729,-16.30137820103318,0 -71.64083321706714,-16.30103933912893,0 
							</coordinates>
						</LinearRing>
					</outerBoundaryIs>
				</Polygon>
			</Placemark>
			<Placemark>
				<name>1.29.89-21</name>
				<styleUrl>#falseColor16390031201</styleUrl>
				<Polygon>
					<tessellate>1</tessellate>
					<outerBoundaryIs>
						<LinearRing>
							<coordinates>
								-71.63897611171295,-16.30303251574696,0 -71.63876980643704,-16.30267902132503,0 -71.63949373453157,-16.302318128222,0 -71.63970236649564,-16.30266304523624,0 -71.63897611171295,-16.30303251574696,0 
							</coordinates>
						</LinearRing>
					</outerBoundaryIs>
				</Polygon>
			</Placemark>
			<Placemark>
				<name>1.29.89-33</name>
				<styleUrl>#falseColor16390031201</styleUrl>
				<Polygon>
					<tessellate>1</tessellate>
					<outerBoundaryIs>
						<LinearRing>
							<coordinates>
								-71.64233066883827,-16.30521633950225,0 -71.64237068773201,-16.30532291185553,0 -71.64240921313811,-16.30543670323334,0 -71.64241572831199,-16.30544293279663,0 -71.64255367161046,-16.30549099238083,0 -71.64264313833927,-16.3054985493081,0 -71.64274535601295,-16.30551949951236,0 -71.64288906950539,-16.30554482184932,0 -71.64313476879437,-16.3055633693613,0 -71.64325572913937,-16.30558112119629,0 -71.6420347271941,-16.30698206087252,0 -71.64129386205501,-16.30636439089723,0 -71.64233066883827,-16.30521633950225,0 
							</coordinates>
						</LinearRing>
					</outerBoundaryIs>
				</Polygon>
			</Placemark>
			<Placemark>
				<name>1.29.89-34</name>
				<styleUrl>#falseColor16390031201</styleUrl>
				<Polygon>
					<tessellate>1</tessellate>
					<outerBoundaryIs>
						<LinearRing>
							<coordinates>
								-71.64331830355762,-16.30528353611135,0 -71.64340172163922,-16.30525456237434,0 -71.64352268871215,-16.30523721068336,0 -71.64360917730062,-16.30526216570858,0 -71.64332557013898,-16.30553243626766,0 -71.64315588564692,-16.30538396533579,0 -71.64331830355762,-16.30528353611135,0 
							</coordinates>
						</LinearRing>
					</outerBoundaryIs>
				</Polygon>
			</Placemark>
			<Placemark>
				<name>1.29.89-35</name>
				<styleUrl>#falseColor16390031201</styleUrl>
				<Polygon>
					<tessellate>1</tessellate>
					<outerBoundaryIs>
						<LinearRing>
							<coordinates>
								-71.64370821286204,-16.30524721689237,0 -71.64402067806333,-16.3054767798015,0 -71.64365369373108,-16.30584651055988,0 -71.64336140132512,-16.30559343851694,0 -71.64370821286204,-16.30524721689237,0 
							</coordinates>
						</LinearRing>
					</outerBoundaryIs>
				</Polygon>
			</Placemark>
			<Placemark>
				<name>1.29.89-36</name>
				<styleUrl>#falseColor16390031201</styleUrl>
				<Polygon>
					<tessellate>1</tessellate>
					<outerBoundaryIs>
						<LinearRing>
							<coordinates>
								-71.64329603907112,-16.30567852141756,0 -71.64360831296189,-16.30592145503955,0 -71.64305364210226,-16.30653719049003,0 -71.64276281324376,-16.30628551819457,0 -71.64329603907112,-16.30567852141756,0 
							</coordinates>
						</LinearRing>
					</outerBoundaryIs>
				</Polygon>
			</Placemark>
			<Placemark>
				<name>1.29.89-38</name>
				<styleUrl>#falseColor16390031201</styleUrl>
				<Polygon>
					<tessellate>1</tessellate>
					<outerBoundaryIs>
						<LinearRing>
							<coordinates>
								-71.64365523228592,-16.30595928503828,0 -71.64395202597127,-16.3062206416513,0 -71.64342830220505,-16.30682603767624,0 -71.64312470579084,-16.30657134069223,0 -71.64365523228592,-16.30595928503828,0 
							</coordinates>
						</LinearRing>
					</outerBoundaryIs>
				</Polygon>
			</Placemark>
			<Placemark>
				<name>1.29.89-39</name>
				<styleUrl>#falseColor16390031201</styleUrl>
				<Polygon>
					<tessellate>1</tessellate>
					<outerBoundaryIs>
						<LinearRing>
							<coordinates>
								-71.64369188335328,-16.3058970223267,0 -71.64398190453463,-16.30558159487504,0 -71.64418795366069,-16.30588797949191,0 -71.64398341680709,-16.30616444491596,0 -71.64369188335328,-16.3058970223267,0 
							</coordinates>
						</LinearRing>
					</outerBoundaryIs>
				</Polygon>
			</Placemark>
			<Placemark>
				<name>1.29.89-40</name>
				<styleUrl>#falseColor16390031201</styleUrl>
				<Polygon>
					<tessellate>1</tessellate>
					<outerBoundaryIs>
						<LinearRing>
							<coordinates>
								-71.64404391321237,-16.306220338085,0 -71.6442812799779,-16.30595064720985,0 -71.64437621570627,-16.30607956597984,0 -71.64423894699159,-16.30635532027273,0 -71.64404391321237,-16.306220338085,0 
							</coordinates>
						</LinearRing>
					</outerBoundaryIs>
				</Polygon>
			</Placemark>
			<Placemark>
				<name>1.29.89-49</name>
				<styleUrl>#falseColor16390031201</styleUrl>
				<Polygon>
					<tessellate>1</tessellate>
					<outerBoundaryIs>
						<LinearRing>
							<coordinates>
								-71.64109175069598,-16.30645013009609,0 -71.64086635084696,-16.30673301193596,0 -71.6404839876722,-16.30640903059722,0 -71.64070703008829,-16.30612902903797,0 -71.6408563823272,-16.30627882972832,0 -71.64109175069598,-16.30645013009609,0 
							</coordinates>
						</LinearRing>
					</outerBoundaryIs>
				</Polygon>
			</Placemark>
			<Placemark>
				<name>1.29.89-61</name>
				<styleUrl>#falseColor16390031201</styleUrl>
				<Polygon>
					<tessellate>1</tessellate>
					<outerBoundaryIs>
						<LinearRing>
							<coordinates>
								-71.63747266001792,-16.30080026931735,0 -71.63759789324875,-16.30099818854987,0 -71.63779664108606,-16.30133087194927,0 -71.63744993488378,-16.30150168564768,0 -71.63697222195299,-16.30069101186223,0 -71.63733267769359,-16.300513957125,0 -71.63747266001792,-16.30080026931735,0 
							</coordinates>
						</LinearRing>
					</outerBoundaryIs>
				</Polygon>
			</Placemark>
			<Placemark>
				<name>1.29.89-72</name>
				<styleUrl>#falseColor16390031201</styleUrl>
				<Polygon>
					<tessellate>1</tessellate>
					<outerBoundaryIs>
						<LinearRing>
							<coordinates>
								-71.63386701734544,-16.30097601066671,0 -71.6336753678448,-16.30107766724557,0 -71.63320478152947,-16.30018725054178,0 -71.63336610432177,-16.30011125236542,0 -71.63386701734544,-16.30097601066671,0 
							</coordinates>
						</LinearRing>
					</outerBoundaryIs>
				</Polygon>
			</Placemark>
			<Placemark>
				<name>1.29.89-79</name>
				<styleUrl>#falseColor16390031201</styleUrl>
				<Polygon>
					<tessellate>1</tessellate>
					<outerBoundaryIs>
						<LinearRing>
							<coordinates>
								-71.63515520640206,-16.30154364389941,0 -71.63490417160392,-16.30168017860865,0 -71.63477432825796,-16.30116396216176,0 -71.63492668772612,-16.30108915307635,0 -71.63515520640206,-16.30154364389941,0 
							</coordinates>
						</LinearRing>
					</outerBoundaryIs>
				</Polygon>
			</Placemark>
			<Placemark>
				<name>1.29.89-88</name>
				<styleUrl>#falseColor16390031201</styleUrl>
				<Polygon>
					<tessellate>1</tessellate>
					<outerBoundaryIs>
						<LinearRing>
							<coordinates>
								-71.63687774903654,-16.30533494282456,0 -71.63678390591716,-16.30540787051699,0 -71.63660736063534,-16.30522192503908,0 -71.63652173922053,-16.30502398930435,0 -71.636641198098,-16.30494858363248,0 -71.63687774903654,-16.30533494282456,0 
							</coordinates>
						</LinearRing>
					</outerBoundaryIs>
				</Polygon>
			</Placemark>
			<Placemark>
				<name>1.29.89-91</name>
				<styleUrl>#falseColor16390031201</styleUrl>
				<Polygon>
					<tessellate>1</tessellate>
					<outerBoundaryIs>
						<LinearRing>
							<coordinates>
								-71.63754879907179,-16.30500488983135,0 -71.63743968956852,-16.30473346199077,0 -71.63792182408835,-16.30447905592535,0 -71.63805997174271,-16.30471972296794,0 -71.63754879907179,-16.30500488983135,0 
							</coordinates>
						</LinearRing>
					</outerBoundaryIs>
				</Polygon>
			</Placemark>
			<Placemark>
				<name>1.29.89-92</name>
				<styleUrl>#falseColor16390031201</styleUrl>
				<Polygon>
					<tessellate>1</tessellate>
					<outerBoundaryIs>
						<LinearRing>
							<coordinates>
								-71.63742322308114,-16.30468729843826,0 -71.63734180872279,-16.30453084579548,0 -71.63727669886556,-16.30442229732017,0 -71.63725535361934,-16.30439625091379,0 -71.63730006085616,-16.30436554804505,0 -71.63737662393072,-16.30440971548208,0 -71.63745737323046,-16.30439960965127,0 -71.63764265401674,-16.30438628457794,0 -71.6377600832223,-16.30450510962677,0 -71.63742322308114,-16.30468729843826,0 
							</coordinates>
						</LinearRing>
					</outerBoundaryIs>
				</Polygon>
			</Placemark>
			<Placemark>
				<name>1.29.90-1</name>
				<styleUrl>#falseColor16390031201</styleUrl>
				<Polygon>
					<tessellate>1</tessellate>
					<outerBoundaryIs>
						<LinearRing>
							<coordinates>
								-71.643392260327,-16.30770133460838,0 -71.6435436513071,-16.30763053401218,0 -71.64411651421322,-16.30808290072606,0 -71.6439818897439,-16.30819598587744,0 -71.643392260327,-16.30770133460838,0 
							</coordinates>
						</LinearRing>
					</outerBoundaryIs>
				</Polygon>
			</Placemark>
			<Placemark>
				<name>1.29.90-16</name>
				<styleUrl>#falseColor16390031201</styleUrl>
				<Polygon>
					<tessellate>1</tessellate>
					<outerBoundaryIs>
						<LinearRing>
							<coordinates>
								-71.64746354296119,-16.30963564467307,0 -71.64754739589092,-16.30957886981409,0 -71.64761330434605,-16.30951496781604,0 -71.64766657478302,-16.30955601656706,0 -71.64776136512032,-16.30945270164443,0 -71.64791763146057,-16.30927794879823,0 -71.64806566365158,-16.30938601256659,0 -71.64768386506846,-16.30983918512943,0 -71.64746354296119,-16.30963564467307,0 
							</coordinates>
						</LinearRing>
					</outerBoundaryIs>
				</Polygon>
			</Placemark>
			<Placemark>
				<name>1.29.90-17</name>
				<styleUrl>#falseColor16390031201</styleUrl>
				<Polygon>
					<tessellate>1</tessellate>
					<outerBoundaryIs>
						<LinearRing>
							<coordinates>
								-71.6481424809309,-16.30940588941263,0 -71.64840855002926,-16.30958718781022,0 -71.64797658755997,-16.31007519394296,0 -71.6477278772616,-16.3098664571661,0 -71.6481424809309,-16.30940588941263,0 
							</coordinates>
						</LinearRing>
					</outerBoundaryIs>
				</Polygon>
			</Placemark>
			<Placemark>
				<name>1.29.90-29</name>
				<styleUrl>#falseColor16390031201</styleUrl>
				<Polygon>
					<tessellate>1</tessellate>
					<outerBoundaryIs>
						<LinearRing>
							<coordinates>
								-71.64951236607055,-16.31215820476987,0 -71.6495485887678,-16.31253789336613,0 -71.64874956116965,-16.31303815017968,0 -71.64854883917012,-16.31273875285604,0 -71.64951236607055,-16.31215820476987,0 
							</coordinates>
						</LinearRing>
					</outerBoundaryIs>
				</Polygon>
			</Placemark>
			<Placemark>
				<name>1.29.91-1</name>
				<styleUrl>#falseColor16390031201</styleUrl>
				<Polygon>
					<tessellate>1</tessellate>
					<outerBoundaryIs>
						<LinearRing>
							<coordinates>
								-71.64009306457611,-16.310334911629,0 -71.64016797043082,-16.31029887828165,0 -71.64043745337024,-16.31058957669223,0 -71.64023658359004,-16.31066838474056,0 -71.64009306457611,-16.310334911629,0 
							</coordinates>
						</LinearRing>
					</outerBoundaryIs>
				</Polygon>
			</Placemark>
			<Placemark>
				<name>1.29.91-4</name>
				<styleUrl>#falseColor16390031201</styleUrl>
				<Polygon>
					<tessellate>1</tessellate>
					<outerBoundaryIs>
						<LinearRing>
							<coordinates>
								-71.63846363019037,-16.31107826141662,0 -71.63822115256389,-16.31124834651758,0 -71.63788561730556,-16.31062431285749,0 -71.63819030297238,-16.3105831171539,0 -71.63846363019037,-16.31107826141662,0 
							</coordinates>
						</LinearRing>
					</outerBoundaryIs>
				</Polygon>
			</Placemark>
			<Placemark>
				<name>1.29.91-7</name>
				<styleUrl>#falseColor16390031201</styleUrl>
				<Polygon>
					<tessellate>1</tessellate>
					<outerBoundaryIs>
						<LinearRing>
							<coordinates>
								-71.64041932236414,-16.30919681510641,0 -71.64060423972475,-16.30952044642141,0 -71.63987135561661,-16.30981377105981,0 -71.63973858241455,-16.30946044678035,0 -71.64041932236414,-16.30919681510641,0 
							</coordinates>
						</LinearRing>
					</outerBoundaryIs>
				</Polygon>
			</Placemark>
			<Placemark>
				<name>1.29.93-9</name>
				<styleUrl>#falseColor16390031201</styleUrl>
				<Polygon>
					<tessellate>1</tessellate>
					<outerBoundaryIs>
						<LinearRing>
							<coordinates>
								-71.64296150954483,-16.31369875400713,0 -71.64276783364605,-16.31377320030695,0 -71.64261151440556,-16.31345974096843,0 -71.64266130056531,-16.31342267713797,0 -71.64296150954483,-16.31369875400713,0 
							</coordinates>
						</LinearRing>
					</outerBoundaryIs>
				</Polygon>
			</Placemark>
			<Placemark>
				<name>1.29.95-2</name>
				<styleUrl>#falseColor16390031201</styleUrl>
				<Polygon>
					<tessellate>1</tessellate>
					<outerBoundaryIs>
						<LinearRing>
							<coordinates>
								-71.64340688565872,-16.31934106510917,0 -71.64320229055136,-16.31896038493399,0 -71.64383320308851,-16.318681784286,0 -71.64392432166903,-16.31880775644798,0 -71.64400563350603,-16.31892995688134,0 -71.64408239756801,-16.31904630400862,0 -71.64340688565872,-16.31934106510917,0 
							</coordinates>
						</LinearRing>
					</outerBoundaryIs>
				</Polygon>
			</Placemark>
			<Placemark>
				<name>1.29.95-19</name>
				<styleUrl>#falseColor16390031201</styleUrl>
				<Polygon>
					<tessellate>1</tessellate>
					<outerBoundaryIs>
						<LinearRing>
							<coordinates>
								-71.64765655367049,-16.31751179110868,0 -71.64782482383569,-16.31785546815588,0 -71.64760583185124,-16.31797977929157,0 -71.64742566348544,-16.31807020615627,0 -71.64728986058618,-16.3181358630171,0 -71.64716123398264,-16.31816439325666,0 -71.64705407219134,-16.31798766865858,0 -71.64733085073898,-16.31775153194618,0 -71.64765655367049,-16.31751179110868,0 
							</coordinates>
						</LinearRing>
					</outerBoundaryIs>
				</Polygon>
			</Placemark>
			<Placemark>
				<name>1.29.96-8</name>
				<styleUrl>#falseColor16390031201</styleUrl>
				<Polygon>
					<tessellate>1</tessellate>
					<outerBoundaryIs>
						<LinearRing>
							<coordinates>
								-71.64472815062162,-16.32047110073117,0 -71.64487443718349,-16.3208013407232,0 -71.64410106750961,-16.32116075389648,0 -71.64396713779573,-16.32078891368627,0 -71.64472815062162,-16.32047110073117,0 
							</coordinates>
						</LinearRing>
					</outerBoundaryIs>
				</Polygon>
			</Placemark>
			<Placemark>
				<name>1.29.96-9</name>
				<styleUrl>#falseColor16390031201</styleUrl>
				<Polygon>
					<tessellate>1</tessellate>
					<outerBoundaryIs>
						<LinearRing>
							<coordinates>
								-71.64491235867236,-16.32089610445101,0 -71.6450372471415,-16.32122543004755,0 -71.64428753727326,-16.32158430479321,0 -71.64414146429449,-16.32124248602047,0 -71.64491235867236,-16.32089610445101,0 
							</coordinates>
						</LinearRing>
					</outerBoundaryIs>
				</Polygon>
			</Placemark>
			<Placemark>
				<name>1.29.96-30</name>
				<styleUrl>#falseColor16390031201</styleUrl>
				<Polygon>
					<tessellate>1</tessellate>
					<outerBoundaryIs>
						<LinearRing>
							<coordinates>
								-71.64906977217126,-16.31903584446264,0 -71.64924182369641,-16.3193534448267,0 -71.64892203426376,-16.31951131505643,0 -71.64875060747723,-16.31915737340573,0 -71.64906977217126,-16.31903584446264,0 
							</coordinates>
						</LinearRing>
					</outerBoundaryIs>
				</Polygon>
			</Placemark>
			<Placemark>
				<name>1.29.96-31</name>
				<styleUrl>#falseColor16390031201</styleUrl>
				<Polygon>
					<tessellate>1</tessellate>
					<outerBoundaryIs>
						<LinearRing>
							<coordinates>
								-71.64955099156163,-16.31872742388363,0 -71.64936604821304,-16.31884923822242,0 -71.64918222052864,-16.31849416754814,0 -71.64937960879418,-16.3183914329684,0 -71.64955099156163,-16.31872742388363,0 
							</coordinates>
						</LinearRing>
					</outerBoundaryIs>
				</Polygon>
			</Placemark>
			<Placemark>
				<name>1.29.97-1</name>
				<styleUrl>#falseColor16390031201</styleUrl>
				<Polygon>
					<tessellate>1</tessellate>
					<outerBoundaryIs>
						<LinearRing>
							<coordinates>
								-71.64984226539516,-16.31981009491447,0 -71.64999502934884,-16.32013951247721,0 -71.64938380713055,-16.32041986476978,0 -71.64920405382682,-16.32008739707488,0 -71.64984226539516,-16.31981009491447,0 
							</coordinates>
						</LinearRing>
					</outerBoundaryIs>
				</Polygon>
			</Placemark>
			<Placemark>
				<name>1.29.97-4</name>
				<styleUrl>#falseColor16390031201</styleUrl>
				<Polygon>
					<tessellate>1</tessellate>
					<outerBoundaryIs>
						<LinearRing>
							<coordinates>
								-71.64994948353088,-16.32160047610279,0 -71.64983434569432,-16.32136974043106,0 -71.65016809333169,-16.32121940202848,0 -71.65045279775424,-16.32109040207361,0 -71.6506009834614,-16.32101140309234,0 -71.65075859768088,-16.32094956248319,0 -71.65090957470854,-16.32132687576943,0 -71.65055650135888,-16.32140659895288,0 -71.64994948353088,-16.32160047610279,0 
							</coordinates>
						</LinearRing>
					</outerBoundaryIs>
				</Polygon>
			</Placemark>
			<Placemark>
				<name>1.29.97-5</name>
				<styleUrl>#falseColor16390031201</styleUrl>
				<Polygon>
					<tessellate>1</tessellate>
					<outerBoundaryIs>
						<LinearRing>
							<coordinates>
								-71.64971953828891,-16.32138520314123,0 -71.64983937527779,-16.32161049452652,0 -71.64958443014244,-16.32167285340871,0 -71.64933607606417,-16.3217458983782,0 -71.64909229684562,-16.32180170199261,0 -71.64889905019193,-16.32187635239215,0 -71.64886471885876,-16.32178624497258,0 -71.64971953828891,-16.32138520314123,0 
							</coordinates>
						</LinearRing>
					</outerBoundaryIs>
				</Polygon>
			</Placemark>
			<Placemark>
				<name>1.29.97-6</name>
				<styleUrl>#falseColor16390031201</styleUrl>
				<Polygon>
					<tessellate>1</tessellate>
					<outerBoundaryIs>
						<LinearRing>
							<coordinates>
								-71.64952161797622,-16.32098414632455,0 -71.64969370234981,-16.32132026717358,0 -71.64883462851537,-16.3217205492783,0 -71.64868064361174,-16.32136126445595,0 -71.64952161797622,-16.32098414632455,0 
							</coordinates>
						</LinearRing>
					</outerBoundaryIs>
				</Polygon>
			</Placemark>
			<Placemark>
				<name>1.29.97-11</name>
				<styleUrl>#falseColor16390031201</styleUrl>
				<Polygon>
					<tessellate>1</tessellate>
					<outerBoundaryIs>
						<LinearRing>
							<coordinates>
								-71.64858188881884,-16.32140886637322,0 -71.64877276798953,-16.32173538267905,0 -71.64784723883574,-16.32211674514981,0 -71.64772071135383,-16.3217830283381,0 -71.64858188881884,-16.32140886637322,0 
							</coordinates>
						</LinearRing>
					</outerBoundaryIs>
				</Polygon>
			</Placemark>
			<Placemark>
				<name>1.29.97-12</name>
				<styleUrl>#falseColor16390031201</styleUrl>
				<Polygon>
					<tessellate>1</tessellate>
					<outerBoundaryIs>
						<LinearRing>
							<coordinates>
								-71.64762847101518,-16.3218083861176,0 -71.64775951618068,-16.32212779316933,0 -71.64722500380995,-16.32229762951277,0 -71.64697672356507,-16.32234366648679,0 -71.64685164194579,-16.3223871682536,0 -71.64675813638725,-16.32220769973723,0 -71.64698923141822,-16.32211221748512,0 -71.64762847101518,-16.3218083861176,0 
							</coordinates>
						</LinearRing>
					</outerBoundaryIs>
				</Polygon>
			</Placemark>
			<Placemark>
				<name>1.29.97-20</name>
				<styleUrl>#falseColor16390031201</styleUrl>
				<Polygon>
					<tessellate>1</tessellate>
					<outerBoundaryIs>
						<LinearRing>
							<coordinates>
								-71.64467358254305,-16.32305233288755,0 -71.643912933468,-16.32329780952193,0 -71.64378646821874,-16.32302021666007,0 -71.64456945879915,-16.32268290642266,0 -71.64467358254305,-16.32305233288755,0 
							</coordinates>
						</LinearRing>
					</outerBoundaryIs>
				</Polygon>
			</Placemark>
			<Placemark>
				<name>1.29.98-2</name>
				<styleUrl>#falseColor16390031201</styleUrl>
				<Polygon>
					<tessellate>1</tessellate>
					<outerBoundaryIs>
						<LinearRing>
							<coordinates>
								-71.64729626405324,-16.31671724452741,0 -71.64753892507473,-16.31687268881734,0 -71.64737462379169,-16.31701993116015,0 -71.64767864534271,-16.31724773041566,0 -71.64743170848902,-16.31753865241469,0 -71.64695372195071,-16.3171508176092,0 -71.64729626405324,-16.31671724452741,0 
							</coordinates>
						</LinearRing>
					</outerBoundaryIs>
				</Polygon>
			</Placemark>
			<Placemark>
				<name>1.29.98-5</name>
				<styleUrl>#falseColor16390031201</styleUrl>
				<Polygon>
					<tessellate>1</tessellate>
					<outerBoundaryIs>
						<LinearRing>
							<coordinates>
								-71.64825437534384,-16.31541908231835,0 -71.64851667023378,-16.31509381773551,0 -71.6490536677437,-16.31550363602807,0 -71.64879552062007,-16.31585125417558,0 -71.64825437534384,-16.31541908231835,0 
							</coordinates>
						</LinearRing>
					</outerBoundaryIs>
				</Polygon>
			</Placemark>
			<Placemark>
				<name>1.29.98-6</name>
				<styleUrl>#falseColor16390031201</styleUrl>
				<Polygon>
					<tessellate>1</tessellate>
					<outerBoundaryIs>
						<LinearRing>
							<coordinates>
								-71.64857735219596,-16.31503995603127,0 -71.64881832744847,-16.31474540623505,0 -71.6492859710573,-16.31512243703421,0 -71.64907958257773,-16.3154318089854,0 -71.64857735219596,-16.31503995603127,0 
							</coordinates>
						</LinearRing>
					</outerBoundaryIs>
				</Polygon>
			</Placemark>
			<Placemark>
				<name>1.29.98-7</name>
				<styleUrl>#falseColor16390031201</styleUrl>
				<Polygon>
					<tessellate>1</tessellate>
					<outerBoundaryIs>
						<LinearRing>
							<coordinates>
								-71.64952304967916,-16.31526853505131,0 -71.64969164321225,-16.31539758867499,0 -71.64933618969512,-16.31570722521705,0 -71.64927209014768,-16.31561894648585,0 -71.64952304967916,-16.31526853505131,0 
							</coordinates>
						</LinearRing>
					</outerBoundaryIs>
				</Polygon>
			</Placemark>
			<Placemark>
				<name>1.29.98-12</name>
				<styleUrl>#falseColor16390031201</styleUrl>
				<Polygon>
					<tessellate>1</tessellate>
					<outerBoundaryIs>
						<LinearRing>
							<coordinates>
								-71.64812854597734,-16.31546819869019,0 -71.64774003865254,-16.31597576465296,0 -71.6466974465275,-16.31514938362437,0 -71.64710894093081,-16.31469746508014,0 -71.64812854597734,-16.31546819869019,0 
							</coordinates>
						</LinearRing>
					</outerBoundaryIs>
				</Polygon>
			</Placemark>
			<Placemark>
				<name>1.29.98-14</name>
				<styleUrl>#falseColor16390031201</styleUrl>
				<Polygon>
					<tessellate>1</tessellate>
					<outerBoundaryIs>
						<LinearRing>
							<coordinates>
								-71.64677878584722,-16.31711272961425,0 -71.64647671558947,-16.31746354502678,0 -71.64639532588723,-16.31740699623553,0 -71.64621559139869,-16.31721194223123,0 -71.64590724171141,-16.31689906293343,0 -71.64557297613783,-16.31653243680774,0 -71.64573121932685,-16.31633087685748,0 -71.64677878584722,-16.31711272961425,0 
							</coordinates>
						</LinearRing>
					</outerBoundaryIs>
				</Polygon>
			</Placemark>
			<Placemark>
				<name>1.29.98-17</name>
				<styleUrl>#falseColor16390031201</styleUrl>
				<Polygon>
					<tessellate>1</tessellate>
					<outerBoundaryIs>
						<LinearRing>
							<coordinates>
								-71.64564604378104,-16.3143216213645,0 -71.64599820321172,-16.31389770400795,0 -71.64700989306048,-16.31464390309388,0 -71.64664545920583,-16.31508559036909,0 -71.64564604378104,-16.3143216213645,0 
							</coordinates>
						</LinearRing>
					</outerBoundaryIs>
				</Polygon>
			</Placemark>
			<Placemark>
				<name>1.29.98-22</name>
				<styleUrl>#falseColor16390031201</styleUrl>
				<Polygon>
					<tessellate>1</tessellate>
					<outerBoundaryIs>
						<LinearRing>
							<coordinates>
								-71.64497525020251,-16.31292163158429,0 -71.64526684468487,-16.31257460569325,0 -71.64629075911199,-16.31337807964999,0 -71.64598754981991,-16.31375158945296,0 -71.64497525020251,-16.31292163158429,0 
							</coordinates>
						</LinearRing>
					</outerBoundaryIs>
				</Polygon>
			</Placemark>
			<Placemark>
				<name>1.29.98-26</name>
				<styleUrl>#falseColor16390031201</styleUrl>
				<Polygon>
					<tessellate>1</tessellate>
					<outerBoundaryIs>
						<LinearRing>
							<coordinates>
								-71.64389098317233,-16.31400493807573,0 -71.64363303239254,-16.31431020377552,0 -71.64334183160312,-16.31401030236863,0 -71.64308404729077,-16.31374201994428,0 -71.64324628106183,-16.31354556497483,0 -71.64348795467997,-16.31368955340603,0 -71.64389098317233,-16.31400493807573,0 
							</coordinates>
						</LinearRing>
					</outerBoundaryIs>
				</Polygon>
			</Placemark>
			<Placemark>
				<name>1.29.98-27</name>
				<styleUrl>#falseColor16390031201</styleUrl>
				<Polygon>
					<tessellate>1</tessellate>
					<outerBoundaryIs>
						<LinearRing>
							<coordinates>
								-71.6432080552723,-16.313501724087,0 -71.64302088414057,-16.31368501921195,0 -71.64288314528572,-16.31350504721294,0 -71.64274614397063,-16.31340242268308,0 -71.6429050902356,-16.31322815561762,0 -71.6432080552723,-16.313501724087,0 
							</coordinates>
						</LinearRing>
					</outerBoundaryIs>
				</Polygon>
			</Placemark>
			<Placemark>
				<name>1.29.99-18</name>
				<styleUrl>#falseColor16390031201</styleUrl>
				<Polygon>
					<tessellate>1</tessellate>
					<outerBoundaryIs>
						<LinearRing>
							<coordinates>
								-71.64172449980725,-16.32001078265066,0 -71.64187725041133,-16.32002611487178,0 -71.64181854433693,-16.32020564021794,0 -71.64172673289046,-16.32035912878409,0 -71.64162093526885,-16.32038938811652,0 -71.64156563614374,-16.32003923890069,0 -71.64172449980725,-16.32001078265066,0 
							</coordinates>
						</LinearRing>
					</outerBoundaryIs>
				</Polygon>
			</Placemark>
			<Placemark>
				<name>1.29.99-22</name>
				<styleUrl>#falseColor16390031201</styleUrl>
				<Polygon>
					<tessellate>1</tessellate>
					<outerBoundaryIs>
						<LinearRing>
							<coordinates>
								-71.64169440812174,-16.31913032016476,0 -71.64171426935025,-16.31925187723345,0 -71.64172551763444,-16.31949340042706,0 -71.64134980450443,-16.31957183542087,0 -71.641042859886,-16.31960765071853,0 -71.64098223032059,-16.31924204147363,0 -71.64169440812174,-16.31913032016476,0 
							</coordinates>
						</LinearRing>
					</outerBoundaryIs>
				</Polygon>
			</Placemark>
			<Placemark>
				<name>1.29.158-2</name>
				<styleUrl>#falseColor16390031201</styleUrl>
				<Polygon>
					<tessellate>1</tessellate>
					<outerBoundaryIs>
						<LinearRing>
							<coordinates>
								-71.65630452195813,-16.31497611185541,0 -71.65599097508765,-16.31526691138421,0 -71.65556290251304,-16.3156239933607,0 -71.65544417023986,-16.3153089081925,0 -71.65597285445816,-16.31484221670572,0 -71.65630452195813,-16.31497611185541,0 
							</coordinates>
						</LinearRing>
					</outerBoundaryIs>
				</Polygon>
			</Placemark>
			<Placemark>
				<name>1.29.158-8</name>
				<styleUrl>#falseColor16390031201</styleUrl>
				<Polygon>
					<tessellate>1</tessellate>
					<outerBoundaryIs>
						<LinearRing>
							<coordinates>
								-71.65750460620822,-16.31544260312581,0 -71.65661628617558,-16.31633305314617,0 -71.65640952505024,-16.31607825933446,0 -71.65716722108633,-16.31532453695417,0 -71.65750460620822,-16.31544260312581,0 
							</coordinates>
						</LinearRing>
					</outerBoundaryIs>
				</Polygon>
			</Placemark>
			<Placemark>
				<name>1.29.159-3</name>
				<styleUrl>#falseColor16390031201</styleUrl>
				<Polygon>
					<tessellate>1</tessellate>
					<outerBoundaryIs>
						<LinearRing>
							<coordinates>
								-71.65642060521881,-16.31447444456373,0 -71.65675924781881,-16.3144678954899,0 -71.65673236426991,-16.31504216275985,0 -71.65641781878413,-16.31490980073735,0 -71.65642060521881,-16.31447444456373,0 
							</coordinates>
						</LinearRing>
					</outerBoundaryIs>
				</Polygon>
			</Placemark>
			<Placemark>
				<name>1.29.159-4</name>
				<styleUrl>#falseColor16390031201</styleUrl>
				<Polygon>
					<tessellate>1</tessellate>
					<outerBoundaryIs>
						<LinearRing>
							<coordinates>
								-71.65642031659299,-16.31440852306123,0 -71.65640263237816,-16.31403093403311,0 -71.65674472654663,-16.31402888094101,0 -71.65677095315745,-16.31440898588478,0 -71.65642031659299,-16.31440852306123,0 
							</coordinates>
						</LinearRing>
					</outerBoundaryIs>
				</Polygon>
			</Placemark>
			<Placemark>
				<name>1.29.159-5</name>
				<styleUrl>#falseColor16390031201</styleUrl>
				<Polygon>
					<tessellate>1</tessellate>
					<outerBoundaryIs>
						<LinearRing>
							<coordinates>
								-71.6571542272638,-16.31438194352309,0 -71.65683797597859,-16.31439567798011,0 -71.65682210668317,-16.31390726531766,0 -71.65715363260861,-16.31386880956665,0 -71.6571542272638,-16.31438194352309,0 
							</coordinates>
						</LinearRing>
					</outerBoundaryIs>
				</Polygon>
			</Placemark>
			<Placemark>
				<name>1.29.159-6</name>
				<styleUrl>#falseColor16390031201</styleUrl>
				<Polygon>
					<tessellate>1</tessellate>
					<outerBoundaryIs>
						<LinearRing>
							<coordinates>
								-71.65714269653165,-16.31522418544694,0 -71.65683133043302,-16.31509527428472,0 -71.65682761197968,-16.31447323642553,0 -71.65714847801516,-16.31447481675765,0 -71.65718101941033,-16.31481945354362,0 -71.65714269653165,-16.31522418544694,0 
							</coordinates>
						</LinearRing>
					</outerBoundaryIs>
				</Polygon>
			</Placemark>
			<Placemark>
				<name>1.29.159-8</name>
				<styleUrl>#falseColor16390031201</styleUrl>
				<Polygon>
					<tessellate>1</tessellate>
					<outerBoundaryIs>
						<LinearRing>
							<coordinates>
								-71.65756635726348,-16.31437522014194,0 -71.65722481164499,-16.31438793058376,0 -71.6572320773036,-16.31403952155263,0 -71.65757525572943,-16.31416851320346,0 -71.65756635726348,-16.31437522014194,0 
							</coordinates>
						</LinearRing>
					</outerBoundaryIs>
				</Polygon>
			</Placemark>
			<Placemark>
				<name>1.29.159-9</name>
				<styleUrl>#falseColor16390031201</styleUrl>
				<Polygon>
					<tessellate>1</tessellate>
					<outerBoundaryIs>
						<LinearRing>
							<coordinates>
								-71.65764645519799,-16.31438586810843,0 -71.65763848661638,-16.31418968033446,0 -71.65787182038812,-16.31427247116967,0 -71.65784425998744,-16.31440838702235,0 -71.65764645519799,-16.31438586810843,0 
							</coordinates>
						</LinearRing>
					</outerBoundaryIs>
				</Polygon>
			</Placemark>
			<Placemark>
				<name>1.29.160-1</name>
				<styleUrl>#falseColor16390031201</styleUrl>
				<Polygon>
					<tessellate>1</tessellate>
					<outerBoundaryIs>
						<LinearRing>
							<coordinates>
								-71.65587679748366,-16.31404252837478,0 -71.65557466743624,-16.31419269328779,0 -71.65529037012402,-16.31394252056088,0 -71.65544634584325,-16.31360517592408,0 -71.65587679748366,-16.31404252837478,0 
							</coordinates>
						</LinearRing>
					</outerBoundaryIs>
				</Polygon>
			</Placemark>
			<Placemark>
				<name>1.29.160-2</name>
				<styleUrl>#falseColor16390031201</styleUrl>
				<Polygon>
					<tessellate>1</tessellate>
					<outerBoundaryIs>
						<LinearRing>
							<coordinates>
								-71.65595232216741,-16.31404009924497,0 -71.65545455813105,-16.31354724652433,0 -71.65561943159192,-16.31321056411036,0 -71.65627271718212,-16.31383032547115,0 -71.65595232216741,-16.31404009924497,0 
							</coordinates>
						</LinearRing>
					</outerBoundaryIs>
				</Polygon>
			</Placemark>
			<Placemark>
				<name>1.29.160-4</name>
				<styleUrl>#falseColor16390031201</styleUrl>
				<Polygon>
					<tessellate>1</tessellate>
					<outerBoundaryIs>
						<LinearRing>
							<coordinates>
								-71.65649923520114,-16.31128530053613,0 -71.65728664463649,-16.31214409106024,0 -71.65707649475416,-16.31229547617556,0 -71.6563377165028,-16.31153575591427,0 -71.65649923520114,-16.31128530053613,0 
							</coordinates>
						</LinearRing>
					</outerBoundaryIs>
				</Polygon>
			</Placemark>
			<Placemark>
				<name>1.29.161-1</name>
				<styleUrl>#falseColor16390031201</styleUrl>
				<Polygon>
					<tessellate>1</tessellate>
					<outerBoundaryIs>
						<LinearRing>
							<coordinates>
								-71.65525017401832,-16.31394019694846,0 -71.65486844688014,-16.31394016291558,0 -71.65473438034056,-16.31357858078298,0 -71.65540399470763,-16.31357009212368,0 -71.65525017401832,-16.31394019694846,0 
							</coordinates>
						</LinearRing>
					</outerBoundaryIs>
				</Polygon>
			</Placemark>
			<Placemark>
				<name>1.29.161-3</name>
				<styleUrl>#falseColor16390031201</styleUrl>
				<Polygon>
					<tessellate>1</tessellate>
					<outerBoundaryIs>
						<LinearRing>
							<coordinates>
								-71.65558074618959,-16.31311535394725,0 -71.65511112269805,-16.31313562329865,0 -71.65511533385185,-16.31239171790811,0 -71.65588643339979,-16.31238305896779,0 -71.65558074618959,-16.31311535394725,0 
							</coordinates>
						</LinearRing>
					</outerBoundaryIs>
				</Polygon>
			</Placemark>
			<Placemark>
				<name>1.29.161-10</name>
				<styleUrl>#falseColor16390031201</styleUrl>
				<ExtendedData>
					<SchemaData schemaUrl="#S_yura_poligono_DSSSSDDDDS00201">
						<SimpleData name="fid">50427</SimpleData>
						<SimpleData name="handle">2980289</SimpleData>
						<SimpleData name="block">-1</SimpleData>
						<SimpleData name="etype">18</SimpleData>
						<SimpleData name="space">0</SimpleData>
						<SimpleData name="layer">MANZANAS</SimpleData>
						<SimpleData name="olinetype">bylayer</SimpleData>
						<SimpleData name="linetype"></SimpleData>
						<SimpleData name="color">127,127,255,255</SimpleData>
						<SimpleData name="ocolor">256</SimpleData>
						<SimpleData name="color24">-1</SimpleData>
						<SimpleData name="transparen">0</SimpleData>
						<SimpleData name="lweight">-1</SimpleData>
						<SimpleData name="linewidth">0.15</SimpleData>
						<SimpleData name="ltscale">1</SimpleData>
						<SimpleData name="visible">1</SimpleData>
						<SimpleData name="width">0.2</SimpleData>
						<SimpleData name="thickness">0</SimpleData>
						<SimpleData name="ext">(3:0,0,0.1)</SimpleData>
					</SchemaData>
				</ExtendedData>
				<Polygon>
					<outerBoundaryIs>
						<LinearRing>
							<coordinates>
								-71.65467052614331,-16.31078523087855,0 -71.65467961067164,-16.31109850823751,0 -71.65391764465589,-16.3111095212896,0 -71.65392643020279,-16.31095039184059,0 -71.65410494950697,-16.31078066774971,0 -71.65467052614331,-16.31078523087855,0 
							</coordinates>
						</LinearRing>
					</outerBoundaryIs>
				</Polygon>
			</Placemark>
			<Placemark>
				<name>1.29.162-3</name>
				<styleUrl>#falseColor16390031201</styleUrl>
				<Polygon>
					<tessellate>1</tessellate>
					<outerBoundaryIs>
						<LinearRing>
							<coordinates>
								-71.65384416711355,-16.31331279526668,0 -71.65406975824926,-16.31352280449673,0 -71.65374413313242,-16.31386529247294,0 -71.6533977976934,-16.3137111704148,0 -71.65384416711355,-16.31331279526668,0 
							</coordinates>
						</LinearRing>
					</outerBoundaryIs>
				</Polygon>
			</Placemark>
			<Placemark>
				<name>1.29.162-6</name>
				<styleUrl>#falseColor16390031201</styleUrl>
				<Polygon>
					<tessellate>1</tessellate>
					<outerBoundaryIs>
						<LinearRing>
							<coordinates>
								-71.65416935543394,-16.3124393869166,0 -71.65431030330605,-16.31275187151387,0 -71.65425399244309,-16.31280101297698,0 -71.65400737026943,-16.31260436365139,0 -71.65416935543394,-16.3124393869166,0 
							</coordinates>
						</LinearRing>
					</outerBoundaryIs>
				</Polygon>
			</Placemark>
			<Placemark>
				<name>1.29.162-7</name>
				<styleUrl>#falseColor16390031201</styleUrl>
				<Polygon>
					<tessellate>1</tessellate>
					<outerBoundaryIs>
						<LinearRing>
							<coordinates>
								-71.65415705856675,-16.31238251959342,0 -71.65398983079457,-16.31250555649772,0 -71.65380554325671,-16.31225017296631,0 -71.65401332988036,-16.31203271151143,0 -71.65415705856675,-16.31238251959342,0 
							</coordinates>
						</LinearRing>
					</outerBoundaryIs>
				</Polygon>
			</Placemark>
			<Placemark>
				<name>1.29.162-9</name>
				<styleUrl>#falseColor16390031201</styleUrl>
				<Polygon>
					<tessellate>1</tessellate>
					<outerBoundaryIs>
						<LinearRing>
							<coordinates>
								-71.65290555146476,-16.31351884910464,0 -71.65261010645727,-16.3134005941359,0 -71.65261663308445,-16.31335270681831,0 -71.65327396624761,-16.31272696137453,0 -71.65349278486174,-16.31297342831005,0 -71.65290555146476,-16.31351884910464,0 
							</coordinates>
						</LinearRing>
					</outerBoundaryIs>
				</Polygon>
			</Placemark>
			<Placemark>
				<name>1.29.162-14</name>
				<styleUrl>#falseColor16390031201</styleUrl>
				<Polygon>
					<tessellate>1</tessellate>
					<outerBoundaryIs>
						<LinearRing>
							<coordinates>
								-71.65330823316344,-16.31204471662879,0 -71.65316290692417,-16.31216767523125,0 -71.6529869607174,-16.3123588152809,0 -71.65276057188295,-16.31214159082602,0 -71.65277000034892,-16.31206587212577,0 -71.6530946273346,-16.31181600227407,0 -71.65330823316344,-16.31204471662879,0 
							</coordinates>
						</LinearRing>
					</outerBoundaryIs>
				</Polygon>
			</Placemark>
			<Placemark>
				<name>1.29.162-15</name>
				<styleUrl>#falseColor16390031201</styleUrl>
				<Polygon>
					<tessellate>1</tessellate>
					<outerBoundaryIs>
						<LinearRing>
							<coordinates>
								-71.65209522506241,-16.31319079113207,0 -71.65192993030544,-16.31313110864959,0 -71.6517599710872,-16.31305416125509,0 -71.65269432544677,-16.31216904546695,0 -71.65293172854139,-16.31240145367079,0 -71.65209522506241,-16.31319079113207,0 
							</coordinates>
						</LinearRing>
					</outerBoundaryIs>
				</Polygon>
			</Placemark>
			<Placemark>
				<name>1.29.163-1</name>
				<styleUrl>#falseColor16390031201</styleUrl>
				<Polygon>
					<tessellate>1</tessellate>
					<outerBoundaryIs>
						<LinearRing>
							<coordinates>
								-71.65454211422616,-16.31459986465748,0 -71.65417020797946,-16.3147450881475,0 -71.65419261199212,-16.31411937933781,0 -71.65456735060081,-16.31427289862609,0 -71.65454211422616,-16.31459986465748,0 
							</coordinates>
						</LinearRing>
					</outerBoundaryIs>
				</Polygon>
			</Placemark>
			<Placemark>
				<name>1.29.163-8</name>
				<styleUrl>#falseColor16390031201</styleUrl>
				<Polygon>
					<tessellate>1</tessellate>
					<outerBoundaryIs>
						<LinearRing>
							<coordinates>
								-71.65286882894571,-16.31481134443987,0 -71.65253014888918,-16.31447193446432,0 -71.65287027506146,-16.31446009394358,0 -71.65286882894571,-16.31481134443987,0 
							</coordinates>
						</LinearRing>
					</outerBoundaryIs>
				</Polygon>
			</Placemark>
			<Placemark>
				<name>1.29.163-15</name>
				<styleUrl>#falseColor16390031201</styleUrl>
				<Polygon>
					<tessellate>1</tessellate>
					<outerBoundaryIs>
						<LinearRing>
							<coordinates>
								-71.65184088617642,-16.3149339261103,0 -71.65190367809099,-16.31521521649861,0 -71.65194058804138,-16.31555573076262,0 -71.65197733988704,-16.31579064596578,0 -71.651551953753,-16.31542516632161,0 -71.65154914614463,-16.31542014578943,0 -71.65149025828215,-16.3153352495578,0 -71.65147124188969,-16.31523142255155,0 -71.65150285574535,-16.31498482211522,0 -71.65148366141638,-16.31482027549255,0 -71.65174100449906,-16.31474911719996,0 -71.65184088617642,-16.3149339261103,0 
							</coordinates>
						</LinearRing>
					</outerBoundaryIs>
				</Polygon>
			</Placemark>
			<Placemark>
				<name>1.29.164-5</name>
				<styleUrl>#falseColor16390031201</styleUrl>
				<Polygon>
					<tessellate>1</tessellate>
					<outerBoundaryIs>
						<LinearRing>
							<coordinates>
								-71.65502748595452,-16.31568431663131,0 -71.6543681279116,-16.31617517769265,0 -71.65415416689538,-16.31592167575382,0 -71.65481115524139,-16.31543411610463,0 -71.65502748595452,-16.31568431663131,0 
							</coordinates>
						</LinearRing>
					</outerBoundaryIs>
				</Polygon>
			</Placemark>
			<Placemark>
				<name>1.29.164-10</name>
				<styleUrl>#falseColor16390031201</styleUrl>
				<Polygon>
					<tessellate>1</tessellate>
					<outerBoundaryIs>
						<LinearRing>
							<coordinates>
								-71.65566292019007,-16.31769668452753,0 -71.65546273859695,-16.31742471310439,0 -71.6559858468719,-16.31702003584307,0 -71.65610876010615,-16.31732643776264,0 -71.65566292019007,-16.31769668452753,0 
							</coordinates>
						</LinearRing>
					</outerBoundaryIs>
				</Polygon>
			</Placemark>
			<Placemark>
				<name>1.29.165-16</name>
				<styleUrl>#falseColor16390031201</styleUrl>
				<Polygon>
					<tessellate>1</tessellate>
					<outerBoundaryIs>
						<LinearRing>
							<coordinates>
								-71.65257604761275,-16.32030725406442,0 -71.65258416641896,-16.32075010917257,0 -71.6524192702982,-16.32077288184116,0 -71.65232676496861,-16.32055390610694,0 -71.65231374181326,-16.3202832678977,0 -71.65223169303123,-16.3198720756258,0 -71.65222502019073,-16.31947475205437,0 -71.65247036200543,-16.31941499438905,0 -71.65257604761275,-16.32030725406442,0 
							</coordinates>
						</LinearRing>
					</outerBoundaryIs>
				</Polygon>
			</Placemark>
			<Placemark>
				<name>1.29.167-6</name>
				<styleUrl>#falseColor16390031201</styleUrl>
				<Polygon>
					<tessellate>1</tessellate>
					<outerBoundaryIs>
						<LinearRing>
							<coordinates>
								-71.6518563819513,-16.31275719277897,0 -71.65125211913313,-16.31205394759152,0 -71.65151072673522,-16.31187075014586,0 -71.6520967130615,-16.31253966925575,0 -71.6518563819513,-16.31275719277897,0 
							</coordinates>
						</LinearRing>
					</outerBoundaryIs>
				</Polygon>
			</Placemark>
			<Placemark>
				<name>1.29.167-7</name>
				<styleUrl>#falseColor16390031201</styleUrl>
				<Polygon>
					<tessellate>1</tessellate>
					<outerBoundaryIs>
						<LinearRing>
							<coordinates>
								-71.65143610663102,-16.31319084238108,0 -71.6512661375433,-16.31261899527712,0 -71.65108651578845,-16.31218985938103,0 -71.65120451534578,-16.31208743869357,0 -71.65180919234389,-16.31281907431542,0 -71.65143610663102,-16.31319084238108,0 
							</coordinates>
						</LinearRing>
					</outerBoundaryIs>
				</Polygon>
			</Placemark>
			<Placemark>
				<name>1.29.167-9</name>
				<styleUrl>#falseColor16390031201</styleUrl>
				<Polygon>
					<tessellate>1</tessellate>
					<outerBoundaryIs>
						<LinearRing>
							<coordinates>
								-71.65147549155692,-16.31179090760536,0 -71.65119906916077,-16.3119886788398,0 -71.65100078768532,-16.31174948006386,0 -71.65087534220406,-16.31132149265576,0 -71.65086154654223,-16.31118608679632,0 -71.65092386227541,-16.31113374569291,0 -71.65147549155692,-16.31179090760536,0 
							</coordinates>
						</LinearRing>
					</outerBoundaryIs>
				</Polygon>
			</Placemark>
			<Placemark>
				<name>1.29.167-10</name>
				<styleUrl>#falseColor16390031201</styleUrl>
				<ExtendedData>
					<SchemaData schemaUrl="#S_yura_poligono_DSSSSDDDDS00201">
						<SimpleData name="fid">51715</SimpleData>
						<SimpleData name="handle">2986353</SimpleData>
						<SimpleData name="block">-1</SimpleData>
						<SimpleData name="etype">18</SimpleData>
						<SimpleData name="space">0</SimpleData>
						<SimpleData name="layer">MANZANAS</SimpleData>
						<SimpleData name="olinetype">bylayer</SimpleData>
						<SimpleData name="linetype"></SimpleData>
						<SimpleData name="color">127,127,255,255</SimpleData>
						<SimpleData name="ocolor">256</SimpleData>
						<SimpleData name="color24">-1</SimpleData>
						<SimpleData name="transparen">0</SimpleData>
						<SimpleData name="lweight">-1</SimpleData>
						<SimpleData name="linewidth">0.15</SimpleData>
						<SimpleData name="ltscale">1</SimpleData>
						<SimpleData name="visible">1</SimpleData>
						<SimpleData name="width">0.2</SimpleData>
						<SimpleData name="thickness">0</SimpleData>
						<SimpleData name="ext">(3:0,0,0.1)</SimpleData>
					</SchemaData>
				</ExtendedData>
				<Polygon>
					<outerBoundaryIs>
						<LinearRing>
							<coordinates>
								-71.65152990757302,-16.31174366111077,0 -71.65095128689468,-16.31103777898429,0 -71.65119579960451,-16.31084555636507,0 -71.65179705301826,-16.31154498439086,0 -71.65152990757302,-16.31174366111077,0 
							</coordinates>
						</LinearRing>
					</outerBoundaryIs>
				</Polygon>
			</Placemark>
			<Placemark>
				<name>1.29.167-12</name>
				<styleUrl>#falseColor16390031201</styleUrl>
				<ExtendedData>
					<SchemaData schemaUrl="#S_yura_poligono_DSSSSDDDDS00201">
						<SimpleData name="fid">51716</SimpleData>
						<SimpleData name="handle">2986354</SimpleData>
						<SimpleData name="block">-1</SimpleData>
						<SimpleData name="etype">18</SimpleData>
						<SimpleData name="space">0</SimpleData>
						<SimpleData name="layer">MANZANAS</SimpleData>
						<SimpleData name="olinetype">bylayer</SimpleData>
						<SimpleData name="linetype"></SimpleData>
						<SimpleData name="color">127,127,255,255</SimpleData>
						<SimpleData name="ocolor">256</SimpleData>
						<SimpleData name="color24">-1</SimpleData>
						<SimpleData name="transparen">0</SimpleData>
						<SimpleData name="lweight">-1</SimpleData>
						<SimpleData name="linewidth">0.15</SimpleData>
						<SimpleData name="ltscale">1</SimpleData>
						<SimpleData name="visible">1</SimpleData>
						<SimpleData name="width">0.2</SimpleData>
						<SimpleData name="thickness">0</SimpleData>
						<SimpleData name="ext">(3:0,0,0.1)</SimpleData>
					</SchemaData>
				</ExtendedData>
				<Polygon>
					<outerBoundaryIs>
						<LinearRing>
							<coordinates>
								-71.65241916155381,-16.31103162630743,0 -71.65216660100879,-16.31124643726708,0 -71.65157242585998,-16.3105412805647,0 -71.65183643343342,-16.3103371126566,0 -71.65241916155381,-16.31103162630743,0 
							</coordinates>
						</LinearRing>
					</outerBoundaryIs>
				</Polygon>
			</Placemark>
			<Placemark>
				<name>1.29.167-14</name>
				<styleUrl>#falseColor16390031201</styleUrl>
				<ExtendedData>
					<SchemaData schemaUrl="#S_yura_poligono_DSSSSDDDDS00201">
						<SimpleData name="fid">51709</SimpleData>
						<SimpleData name="handle">2985406</SimpleData>
						<SimpleData name="block">-1</SimpleData>
						<SimpleData name="etype">18</SimpleData>
						<SimpleData name="space">0</SimpleData>
						<SimpleData name="layer">MANZANAS</SimpleData>
						<SimpleData name="olinetype">bylayer</SimpleData>
						<SimpleData name="linetype"></SimpleData>
						<SimpleData name="color">127,127,255,255</SimpleData>
						<SimpleData name="ocolor">256</SimpleData>
						<SimpleData name="color24">-1</SimpleData>
						<SimpleData name="transparen">0</SimpleData>
						<SimpleData name="lweight">-1</SimpleData>
						<SimpleData name="linewidth">0.15</SimpleData>
						<SimpleData name="ltscale">1</SimpleData>
						<SimpleData name="visible">1</SimpleData>
						<SimpleData name="width">0.2</SimpleData>
						<SimpleData name="thickness">0</SimpleData>
						<SimpleData name="ext">(3:0,0,0.1)</SimpleData>
					</SchemaData>
				</ExtendedData>
				<Polygon>
					<outerBoundaryIs>
						<LinearRing>
							<coordinates>
								-71.65305662468693,-16.31053993992189,0 -71.65281164248697,-16.31073183015991,0 -71.65220856940212,-16.31003861331603,0 -71.652455875212,-16.30983132666258,0 -71.65305662468693,-16.31053993992189,0 
							</coordinates>
						</LinearRing>
					</outerBoundaryIs>
				</Polygon>
			</Placemark>
			<Placemark>
				<name>1.29.168-1</name>
				<styleUrl>#falseColor16390031201</styleUrl>
				<Polygon>
					<tessellate>1</tessellate>
					<outerBoundaryIs>
						<LinearRing>
							<coordinates>
								-71.64981120156041,-16.30950460578339,0 -71.64957968764921,-16.30942109628375,0 -71.64974415407633,-16.30917563134908,0 -71.64991807034475,-16.30923406389064,0 -71.64981120156041,-16.30950460578339,0 
							</coordinates>
						</LinearRing>
					</outerBoundaryIs>
				</Polygon>
			</Placemark>
			<Placemark>
				<name>1.29.168-2</name>
				<styleUrl>#falseColor16390031201</styleUrl>
				<ExtendedData>
					<SchemaData schemaUrl="#S_yura_poligono_DSSSSDDDDS00201">
						<SimpleData name="fid">52345</SimpleData>
						<SimpleData name="handle">2989319</SimpleData>
						<SimpleData name="block">-1</SimpleData>
						<SimpleData name="etype">18</SimpleData>
						<SimpleData name="space">0</SimpleData>
						<SimpleData name="layer">MANZANAS</SimpleData>
						<SimpleData name="olinetype">bylayer</SimpleData>
						<SimpleData name="linetype"></SimpleData>
						<SimpleData name="color">127,127,255,255</SimpleData>
						<SimpleData name="ocolor">256</SimpleData>
						<SimpleData name="color24">-1</SimpleData>
						<SimpleData name="transparen">0</SimpleData>
						<SimpleData name="lweight">-1</SimpleData>
						<SimpleData name="linewidth">0.15</SimpleData>
						<SimpleData name="ltscale">1</SimpleData>
						<SimpleData name="visible">1</SimpleData>
						<SimpleData name="width">0.2</SimpleData>
						<SimpleData name="thickness">0</SimpleData>
						<SimpleData name="ext">(3:0,0,0.1)</SimpleData>
					</SchemaData>
				</ExtendedData>
				<Polygon>
					<outerBoundaryIs>
						<LinearRing>
							<coordinates>
								-71.65082695022642,-16.30979153001743,0 -71.65052953937456,-16.30998857169069,0 -71.65026776771541,-16.30961746016097,0 -71.65004530453514,-16.30922274946131,0 -71.65024955278498,-16.30909984967766,0 -71.65082695022642,-16.30979153001743,0 
							</coordinates>
						</LinearRing>
					</outerBoundaryIs>
				</Polygon>
			</Placemark>
			<Placemark>
				<name>1.29.168-6</name>
				<styleUrl>#falseColor16390031201</styleUrl>
				<ExtendedData>
					<SchemaData schemaUrl="#S_yura_poligono_DSSSSDDDDS00201">
						<SimpleData name="fid">51447</SimpleData>
						<SimpleData name="handle">2983695</SimpleData>
						<SimpleData name="block">-1</SimpleData>
						<SimpleData name="etype">18</SimpleData>
						<SimpleData name="space">0</SimpleData>
						<SimpleData name="layer">MANZANAS</SimpleData>
						<SimpleData name="olinetype">bylayer</SimpleData>
						<SimpleData name="linetype"></SimpleData>
						<SimpleData name="color">127,127,255,255</SimpleData>
						<SimpleData name="ocolor">256</SimpleData>
						<SimpleData name="color24">-1</SimpleData>
						<SimpleData name="transparen">0</SimpleData>
						<SimpleData name="lweight">-1</SimpleData>
						<SimpleData name="linewidth">0.15</SimpleData>
						<SimpleData name="ltscale">1</SimpleData>
						<SimpleData name="visible">1</SimpleData>
						<SimpleData name="width">0.2</SimpleData>
						<SimpleData name="thickness">0</SimpleData>
						<SimpleData name="ext">(3:0,0,0.1)</SimpleData>
					</SchemaData>
				</ExtendedData>
				<Polygon>
					<outerBoundaryIs>
						<LinearRing>
							<coordinates>
								-71.65209520971122,-16.30877696498311,0 -71.65183883471036,-16.30897481494033,0 -71.65126097518628,-16.30826632045926,0 -71.65149077783155,-16.30806901722494,0 -71.65209520971122,-16.30877696498311,0 
							</coordinates>
						</LinearRing>
					</outerBoundaryIs>
				</Polygon>
			</Placemark>
			<Placemark>
				<name>1.29.168-7</name>
				<styleUrl>#falseColor16390031201</styleUrl>
				<ExtendedData>
					<SchemaData schemaUrl="#S_yura_poligono_DSSSSDDDDS00201">
						<SimpleData name="fid">51377</SimpleData>
						<SimpleData name="handle">2983625</SimpleData>
						<SimpleData name="block">-1</SimpleData>
						<SimpleData name="etype">18</SimpleData>
						<SimpleData name="space">0</SimpleData>
						<SimpleData name="layer">MANZANAS</SimpleData>
						<SimpleData name="olinetype">bylayer</SimpleData>
						<SimpleData name="linetype"></SimpleData>
						<SimpleData name="color">127,127,255,255</SimpleData>
						<SimpleData name="ocolor">256</SimpleData>
						<SimpleData name="color24">-1</SimpleData>
						<SimpleData name="transparen">0</SimpleData>
						<SimpleData name="lweight">-1</SimpleData>
						<SimpleData name="linewidth">0.15</SimpleData>
						<SimpleData name="ltscale">1</SimpleData>
						<SimpleData name="visible">1</SimpleData>
						<SimpleData name="width">0.2</SimpleData>
						<SimpleData name="thickness">0</SimpleData>
						<SimpleData name="ext">(3:0,0,0.1)</SimpleData>
					</SchemaData>
				</ExtendedData>
				<Polygon>
					<outerBoundaryIs>
						<LinearRing>
							<coordinates>
								-71.65242307703572,-16.30851964347812,0 -71.65216381128596,-16.30873325742299,0 -71.65157172390508,-16.30802666533076,0 -71.65183524633582,-16.30781970860933,0 -71.65242307703572,-16.30851964347812,0 
							</coordinates>
						</LinearRing>
					</outerBoundaryIs>
				</Polygon>
			</Placemark>
			<Placemark>
				<name>1.29.168-12</name>
				<styleUrl>#falseColor16390031201</styleUrl>
				<ExtendedData>
					<SchemaData schemaUrl="#S_yura_poligono_DSSSSDDDDS00201">
						<SimpleData name="fid">52313</SimpleData>
						<SimpleData name="handle">2988562</SimpleData>
						<SimpleData name="block">-1</SimpleData>
						<SimpleData name="etype">18</SimpleData>
						<SimpleData name="space">0</SimpleData>
						<SimpleData name="layer">MANZANAS</SimpleData>
						<SimpleData name="olinetype">bylayer</SimpleData>
						<SimpleData name="linetype"></SimpleData>
						<SimpleData name="color">127,127,255,255</SimpleData>
						<SimpleData name="ocolor">256</SimpleData>
						<SimpleData name="color24">-1</SimpleData>
						<SimpleData name="transparen">0</SimpleData>
						<SimpleData name="lweight">-1</SimpleData>
						<SimpleData name="linewidth">0.15</SimpleData>
						<SimpleData name="ltscale">1</SimpleData>
						<SimpleData name="visible">1</SimpleData>
						<SimpleData name="width">0.2</SimpleData>
						<SimpleData name="thickness">0</SimpleData>
						<SimpleData name="ext">(3:0,0,0.1)</SimpleData>
					</SchemaData>
				</ExtendedData>
				<Polygon>
					<outerBoundaryIs>
						<LinearRing>
							<coordinates>
								-71.65178401921598,-16.31027589120369,0 -71.6515091917243,-16.31049243220649,0 -71.65093516404312,-16.30978643630744,0 -71.65119519885391,-16.30958293123162,0 -71.65178401921598,-16.31027589120369,0 
							</coordinates>
						</LinearRing>
					</outerBoundaryIs>
				</Polygon>
			</Placemark>
			<Placemark>
				<name>1.29.168-14</name>
				<styleUrl>#falseColor16390031201</styleUrl>
				<ExtendedData>
					<SchemaData schemaUrl="#S_yura_poligono_DSSSSDDDDS00201">
						<SimpleData name="fid">52462</SimpleData>
						<SimpleData name="handle">2989485</SimpleData>
						<SimpleData name="block">-1</SimpleData>
						<SimpleData name="etype">18</SimpleData>
						<SimpleData name="space">0</SimpleData>
						<SimpleData name="layer">MANZANAS</SimpleData>
						<SimpleData name="olinetype">bylayer</SimpleData>
						<SimpleData name="linetype"></SimpleData>
						<SimpleData name="color">127,127,255,255</SimpleData>
						<SimpleData name="ocolor">256</SimpleData>
						<SimpleData name="color24">-1</SimpleData>
						<SimpleData name="transparen">0</SimpleData>
						<SimpleData name="lweight">-1</SimpleData>
						<SimpleData name="linewidth">0.15</SimpleData>
						<SimpleData name="ltscale">1</SimpleData>
						<SimpleData name="visible">1</SimpleData>
						<SimpleData name="width">0.2</SimpleData>
						<SimpleData name="thickness">0</SimpleData>
						<SimpleData name="ext">(3:0,0,0.1)</SimpleData>
					</SchemaData>
				</ExtendedData>
				<Polygon>
					<outerBoundaryIs>
						<LinearRing>
							<coordinates>
								-71.65082180599437,-16.31103654155658,0 -71.65048332885088,-16.31014565650808,0 -71.6505663387868,-16.31008917681756,0 -71.65116724052655,-16.31077926606002,0 -71.65082180599437,-16.31103654155658,0 
							</coordinates>
						</LinearRing>
					</outerBoundaryIs>
				</Polygon>
			</Placemark>
			<Placemark>
				<name>1.29.168-15</name>
				<styleUrl>#falseColor16390031201</styleUrl>
				<Polygon>
					<tessellate>1</tessellate>
					<outerBoundaryIs>
						<LinearRing>
							<coordinates>
								-71.65033362701377,-16.31123373395581,0 -71.6499045684931,-16.30977373391657,0 -71.65003639245754,-16.30942068662988,0 -71.65032618894884,-16.3102359995448,0 -71.6505742264476,-16.31117183629339,0 -71.65033362701377,-16.31123373395581,0 
							</coordinates>
						</LinearRing>
					</outerBoundaryIs>
				</Polygon>
			</Placemark>
			<Placemark>
				<name>1.29.169-1</name>
				<styleUrl>#falseColor16390031201</styleUrl>
				<Polygon>
					<tessellate>1</tessellate>
					<outerBoundaryIs>
						<LinearRing>
							<coordinates>
								-71.65050219708087,-16.30876910660757,0 -71.65023669325728,-16.30898371716928,0 -71.65006265650325,-16.30877139216323,0 -71.65017484104129,-16.30838640899934,0 -71.65050219708087,-16.30876910660757,0 
							</coordinates>
						</LinearRing>
					</outerBoundaryIs>
				</Polygon>
			</Placemark>
			<Placemark>
				<name>1.29.169-3</name>
				<styleUrl>#falseColor16390031201</styleUrl>
				<ExtendedData>
					<SchemaData schemaUrl="#S_yura_poligono_DSSSSDDDDS00201">
						<SimpleData name="fid">51704</SimpleData>
						<SimpleData name="handle">2985376</SimpleData>
						<SimpleData name="block">-1</SimpleData>
						<SimpleData name="etype">18</SimpleData>
						<SimpleData name="space">0</SimpleData>
						<SimpleData name="layer">MANZANAS</SimpleData>
						<SimpleData name="olinetype">bylayer</SimpleData>
						<SimpleData name="linetype"></SimpleData>
						<SimpleData name="color">127,127,255,255</SimpleData>
						<SimpleData name="ocolor">256</SimpleData>
						<SimpleData name="color24">-1</SimpleData>
						<SimpleData name="transparen">0</SimpleData>
						<SimpleData name="lweight">-1</SimpleData>
						<SimpleData name="linewidth">0.15</SimpleData>
						<SimpleData name="ltscale">1</SimpleData>
						<SimpleData name="visible">1</SimpleData>
						<SimpleData name="width">0.2</SimpleData>
						<SimpleData name="thickness">0</SimpleData>
						<SimpleData name="ext">(3:0,0,0.1)</SimpleData>
					</SchemaData>
				</ExtendedData>
				<Polygon>
					<outerBoundaryIs>
						<LinearRing>
							<coordinates>
								-71.65112173023635,-16.30827110113694,0 -71.65087916589911,-16.30847813336842,0 -71.65034803639958,-16.30784290176458,0 -71.65031102519217,-16.30775164898108,0 -71.65053492346324,-16.30757612269039,0 -71.65112173023635,-16.30827110113694,0 
							</coordinates>
						</LinearRing>
					</outerBoundaryIs>
				</Polygon>
			</Placemark>
			<Placemark>
				<name>1.29.169-9</name>
				<styleUrl>#falseColor16390031201</styleUrl>
				<Polygon>
					<tessellate>1</tessellate>
					<outerBoundaryIs>
						<LinearRing>
							<coordinates>
								-71.65016455063936,-16.30651959406108,0 -71.64993653846119,-16.30669466172208,0 -71.64946002402134,-16.30618661545423,0 -71.64968554206304,-16.30594604300026,0 -71.65016455063936,-16.30651959406108,0 
							</coordinates>
						</LinearRing>
					</outerBoundaryIs>
				</Polygon>
			</Placemark>
			<Placemark>
				<name>1.29.176-1</name>
				<styleUrl>#falseColor16390031201</styleUrl>
				<Polygon>
					<tessellate>1</tessellate>
					<outerBoundaryIs>
						<LinearRing>
							<coordinates>
								-71.64486511718742,-16.29829304458733,0 -71.64517265230137,-16.29900085810521,0 -71.64464828001658,-16.2990333676892,0 -71.64458753025482,-16.29933641104231,0 -71.64407523847943,-16.29954725170938,0 -71.64384167092338,-16.29979439256091,0 -71.64307700605683,-16.29948229189075,0 -71.64240913362305,-16.29927238575342,0 -71.64200621282498,-16.2990854965524,0 -71.64142024684274,-16.29849249375166,0 -71.64128827190748,-16.29822655995492,0 -71.64133787216865,-16.29801177752268,0 -71.64167610711273,-16.29792794619078,0 -71.64220692183851,-16.29780736899151,0 -71.64269133585684,-16.29808118667453,0 -71.64304870382695,-16.29834156457721,0 -71.64380369597147,-16.29836463544455,0 -71.64486511718742,-16.29829304458733,0 
							</coordinates>
						</LinearRing>
					</outerBoundaryIs>
				</Polygon>
			</Placemark>
			<Placemark>
				<name>1.29.178-2</name>
				<styleUrl>#falseColor16390031201</styleUrl>
				<Polygon>
					<tessellate>1</tessellate>
					<outerBoundaryIs>
						<LinearRing>
							<coordinates>
								-71.6267420489183,-16.29015380503076,0 -71.62697804992447,-16.29028358492097,0 -71.62673522386869,-16.29067614582444,0 -71.62651890792372,-16.29090641771698,0 -71.62628223330864,-16.29105648808498,0 -71.62623691452029,-16.29102830076969,0 -71.62663008359503,-16.29049246450414,0 -71.6267420489183,-16.29015380503076,0 
							</coordinates>
						</LinearRing>
					</outerBoundaryIs>
				</Polygon>
			</Placemark>
			<Placemark>
				<name>1.29.178-3</name>
				<styleUrl>#falseColor16390031201</styleUrl>
				<Polygon>
					<tessellate>1</tessellate>
					<outerBoundaryIs>
						<LinearRing>
							<coordinates>
								-71.62613464717717,-16.29126912620799,0 -71.62627625797755,-16.29132918069131,0 -71.62618248493668,-16.29153123902341,0 -71.62607379560913,-16.29148228441,0 -71.62613464717717,-16.29126912620799,0 
							</coordinates>
						</LinearRing>
					</outerBoundaryIs>
				</Polygon>
			</Placemark>
			<Placemark>
				<name>1.29.178-6</name>
				<styleUrl>#falseColor16390031201</styleUrl>
				<Polygon>
					<tessellate>1</tessellate>
					<outerBoundaryIs>
						<LinearRing>
							<coordinates>
								-71.62568014468823,-16.29090323398564,0 -71.6258869295748,-16.29094531925972,0 -71.62604273223286,-16.29128621681122,0 -71.62588204439952,-16.29136480552744,0 -71.62567671491323,-16.29098269915757,0 -71.62568014468823,-16.29090323398564,0 
							</coordinates>
						</LinearRing>
					</outerBoundaryIs>
				</Polygon>
			</Placemark>
			<Placemark>
				<name>1.29.178-11</name>
				<styleUrl>#falseColor16390031201</styleUrl>
				<Polygon>
					<tessellate>1</tessellate>
					<outerBoundaryIs>
						<LinearRing>
							<coordinates>
								-71.62518121372153,-16.28996186975248,0 -71.62534949933524,-16.28999044477816,0 -71.62533725226001,-16.29028375011181,0 -71.62517870703081,-16.29026857413121,0 -71.62518121372153,-16.28996186975248,0 
							</coordinates>
						</LinearRing>
					</outerBoundaryIs>
				</Polygon>
			</Placemark>
			<Placemark>
				<name>1.29.178-14</name>
				<styleUrl>#falseColor16390031201</styleUrl>
				<Polygon>
					<tessellate>1</tessellate>
					<outerBoundaryIs>
						<LinearRing>
							<coordinates>
								-71.62655121690477,-16.28898616312895,0 -71.62656099397373,-16.28898745377911,0 -71.62657444525347,-16.28898844460785,0 -71.62676433227055,-16.28903381881767,0 -71.62668718327986,-16.2891520050697,0 -71.62667519179863,-16.28931916610759,0 -71.62660622156547,-16.28945536164895,0 -71.62661968904942,-16.28961258027073,0 -71.62645732809217,-16.28959510318649,0 -71.62655121690477,-16.28898616312895,0 
							</coordinates>
						</LinearRing>
					</outerBoundaryIs>
				</Polygon>
			</Placemark>
			<Placemark>
				<name>1.29.178-19</name>
				<styleUrl>#falseColor16390031201</styleUrl>
				<Polygon>
					<tessellate>1</tessellate>
					<outerBoundaryIs>
						<LinearRing>
							<coordinates>
								-71.62626810112201,-16.2875197368629,0 -71.6265723199085,-16.28748553848466,0 -71.62660858075677,-16.28762269290958,0 -71.62669786757506,-16.28806495034871,0 -71.62641375010669,-16.28814646612328,0 -71.62626810112201,-16.2875197368629,0 
							</coordinates>
						</LinearRing>
					</outerBoundaryIs>
				</Polygon>
			</Placemark>
			<Placemark>
				<name>1.29.178-22</name>
				<styleUrl>#falseColor16390031201</styleUrl>
				<Polygon>
					<tessellate>1</tessellate>
					<outerBoundaryIs>
						<LinearRing>
							<coordinates>
								-71.62619998003434,-16.28757275778408,0 -71.62577600007793,-16.28770452742448,0 -71.6255341046619,-16.28681811451229,0 -71.62595683286753,-16.28671527031309,0 -71.62619998003434,-16.28757275778408,0 
							</coordinates>
						</LinearRing>
					</outerBoundaryIs>
				</Polygon>
			</Placemark>
			<Placemark>
				<name>1.29.178-23</name>
				<styleUrl>#falseColor16390031201</styleUrl>
				<Polygon>
					<tessellate>1</tessellate>
					<outerBoundaryIs>
						<LinearRing>
							<coordinates>
								-71.62604874343165,-16.28671369533605,0 -71.62622964284229,-16.28673994628048,0 -71.62635916627764,-16.28725494121472,0 -71.62651085356389,-16.28723970845541,0 -71.62655778301766,-16.28738417785632,0 -71.62623834445525,-16.28740437484156,0 -71.62604874343165,-16.28671369533605,0 
							</coordinates>
						</LinearRing>
					</outerBoundaryIs>
				</Polygon>
			</Placemark>
			<Placemark>
				<name>1.29.178-24</name>
				<styleUrl>#falseColor16390031201</styleUrl>
				<Polygon>
					<tessellate>1</tessellate>
					<outerBoundaryIs>
						<LinearRing>
							<coordinates>
								-71.62596783493269,-16.2866218423039,0 -71.62553803645982,-16.28671354874027,0 -71.62531356204957,-16.28586520871191,0 -71.62569563562391,-16.28576377838134,0 -71.62596783493269,-16.2866218423039,0 
							</coordinates>
						</LinearRing>
					</outerBoundaryIs>
				</Polygon>
			</Placemark>
			<Placemark>
				<name>1.29.178-25</name>
				<styleUrl>#falseColor16390031201</styleUrl>
				<Polygon>
					<tessellate>1</tessellate>
					<outerBoundaryIs>
						<LinearRing>
							<coordinates>
								-71.62546698530042,-16.28673044925097,0 -71.62504809491737,-16.28687957297642,0 -71.62479743886129,-16.28593949513131,0 -71.62521626868687,-16.28584231858893,0 -71.62546698530042,-16.28673044925097,0 
							</coordinates>
						</LinearRing>
					</outerBoundaryIs>
				</Polygon>
			</Placemark>
			<Placemark>
				<name>1.29.178-26</name>
				<styleUrl>#falseColor16390031201</styleUrl>
				<Polygon>
					<tessellate>1</tessellate>
					<outerBoundaryIs>
						<LinearRing>
							<coordinates>
								-71.62487413538118,-16.28489709585297,0 -71.62509644146594,-16.28544048077187,0 -71.62518766982546,-16.28563997426889,0 -71.62521546530606,-16.28576966555022,0 -71.62479219145054,-16.28587205256058,0 -71.62455947601873,-16.28501928567129,0 -71.62487413538118,-16.28489709585297,0 
							</coordinates>
						</LinearRing>
					</outerBoundaryIs>
				</Polygon>
			</Placemark>
			<Placemark>
				<name>1.29.178-28</name>
				<styleUrl>#falseColor16390031201</styleUrl>
				<Polygon>
					<tessellate>1</tessellate>
					<outerBoundaryIs>
						<LinearRing>
							<coordinates>
								-71.62557462410886,-16.28503022724222,0 -71.62600531696692,-16.2849100153451,0 -71.62621526728724,-16.28484559240453,0 -71.62628996113853,-16.28526470098362,0 -71.6259215801535,-16.28537119833333,0 -71.62598622900957,-16.28578933243303,0 -71.62582177185173,-16.28581989190043,0 -71.62557462410886,-16.28503022724222,0 
							</coordinates>
						</LinearRing>
					</outerBoundaryIs>
				</Polygon>
			</Placemark>
			<Placemark>
				<name>1.29.179-1</name>
				<styleUrl>#falseColor16390031201</styleUrl>
				<Polygon>
					<tessellate>1</tessellate>
					<outerBoundaryIs>
						<LinearRing>
							<coordinates>
								-71.62881856614035,-16.28500435698693,0 -71.62875840004673,-16.28514730229328,0 -71.62824796071709,-16.28497040995762,0 -71.62829543812278,-16.28482278841094,0 -71.62881856614035,-16.28500435698693,0 
							</coordinates>
						</LinearRing>
					</outerBoundaryIs>
				</Polygon>
			</Placemark>
			<Placemark>
				<name>1.29.179-2</name>
				<styleUrl>#falseColor16390031201</styleUrl>
				<Polygon>
					<tessellate>1</tessellate>
					<outerBoundaryIs>
						<LinearRing>
							<coordinates>
								-71.62831761529958,-16.28633134426813,0 -71.62795073260838,-16.28619490883426,0 -71.62816795446057,-16.28569093534386,0 -71.62851314431774,-16.28581523576234,0 -71.62831761529958,-16.28633134426813,0 
							</coordinates>
						</LinearRing>
					</outerBoundaryIs>
				</Polygon>
			</Placemark>
			<Placemark>
				<name>1.29.179-3</name>
				<styleUrl>#falseColor16390031201</styleUrl>
				<Polygon>
					<tessellate>1</tessellate>
					<outerBoundaryIs>
						<LinearRing>
							<coordinates>
								-71.62885563184203,-16.28623715927833,0 -71.62865416858178,-16.28616984031062,0 -71.62855731442824,-16.28640819757461,0 -71.62837924862993,-16.28635856519127,0 -71.62860540654729,-16.2858383425683,0 -71.62894035393741,-16.28597470596758,0 -71.62885563184203,-16.28623715927833,0 
							</coordinates>
						</LinearRing>
					</outerBoundaryIs>
				</Polygon>
			</Placemark>
			<Placemark>
				<name>1.29.179-4</name>
				<styleUrl>#falseColor16390031201</styleUrl>
				<Polygon>
					<tessellate>1</tessellate>
					<outerBoundaryIs>
						<LinearRing>
							<coordinates>
								-71.62897683290329,-16.28589982695861,0 -71.62860265482838,-16.28575553691574,0 -71.62880581883317,-16.28526158837499,0 -71.62880302138937,-16.28525362161906,0 -71.62914775111349,-16.28538223503504,0 -71.62897683290329,-16.28589982695861,0 
							</coordinates>
						</LinearRing>
					</outerBoundaryIs>
				</Polygon>
			</Placemark>
			<Placemark>
				<name>1.29.179-5</name>
				<styleUrl>#falseColor16390031201</styleUrl>
				<Polygon>
					<tessellate>1</tessellate>
					<outerBoundaryIs>
						<LinearRing>
							<coordinates>
								-71.62918040756966,-16.2850940016454,0 -71.62911818147519,-16.2852599155194,0 -71.62883904225878,-16.2851633749936,0 -71.62890952017132,-16.28500955066967,0 -71.62918040756966,-16.2850940016454,0 
							</coordinates>
						</LinearRing>
					</outerBoundaryIs>
				</Polygon>
			</Placemark>
			<Placemark>
				<name>1.29.179-6</name>
				<styleUrl>#falseColor16390031201</styleUrl>
				<Polygon>
					<tessellate>1</tessellate>
					<outerBoundaryIs>
						<LinearRing>
							<coordinates>
								-71.62956558542346,-16.28550089582701,0 -71.62944110531798,-16.28582669145466,0 -71.62968914668735,-16.28589095705249,0 -71.62962732398884,-16.28610097727,0 -71.62903340494545,-16.28591051419772,0 -71.62925505964306,-16.28538540192968,0 -71.62956558542346,-16.28550089582701,0 
							</coordinates>
						</LinearRing>
					</outerBoundaryIs>
				</Polygon>
			</Placemark>
			<Placemark>
				<name>1.29.179-7</name>
				<styleUrl>#falseColor16390031201</styleUrl>
				<Polygon>
					<tessellate>1</tessellate>
					<outerBoundaryIs>
						<LinearRing>
							<coordinates>
								-71.62929505101621,-16.28636235542199,0 -71.62894245840826,-16.28625598755318,0 -71.62904812094226,-16.28596861594466,0 -71.6294152945194,-16.28612133010181,0 -71.62929505101621,-16.28636235542199,0 
							</coordinates>
						</LinearRing>
					</outerBoundaryIs>
				</Polygon>
			</Placemark>
			<Placemark>
				<name>1.29.179-13</name>
				<styleUrl>#falseColor16390031201</styleUrl>
				<Polygon>
					<tessellate>1</tessellate>
					<outerBoundaryIs>
						<LinearRing>
							<coordinates>
								-71.63071355357438,-16.28697540243519,0 -71.6305765315566,-16.28682213259121,0 -71.63068722211699,-16.28650266462746,0 -71.63079926263723,-16.28621252530999,0 -71.630897213176,-16.28622139120904,0 -71.63089080295138,-16.28645193167007,0 -71.6308299225265,-16.28673703203228,0 -71.63071355357438,-16.28697540243519,0 
							</coordinates>
						</LinearRing>
					</outerBoundaryIs>
				</Polygon>
			</Placemark>
			<Placemark>
				<name>1.29.179-22</name>
				<styleUrl>#falseColor16390031201</styleUrl>
				<Polygon>
					<tessellate>1</tessellate>
					<outerBoundaryIs>
						<LinearRing>
							<coordinates>
								-71.63307186314178,-16.28938251139113,0 -71.63311902531829,-16.28955461536613,0 -71.63302364644218,-16.28958860988237,0 -71.63238942706512,-16.28910739412815,0 -71.6325360506071,-16.28894895461585,0 -71.63307186314178,-16.28938251139113,0 
							</coordinates>
						</LinearRing>
					</outerBoundaryIs>
				</Polygon>
			</Placemark>
			<Placemark>
				<name>1.29.180-1</name>
				<styleUrl>#falseColor16390031201</styleUrl>
				<Polygon>
					<tessellate>1</tessellate>
					<outerBoundaryIs>
						<LinearRing>
							<coordinates>
								-71.6349725315515,-16.2866678333075,0 -71.63499038417854,-16.28682897948898,0 -71.63453438889904,-16.28689238391179,0 -71.6345339591562,-16.28669446224762,0 -71.6349725315515,-16.2866678333075,0 
							</coordinates>
						</LinearRing>
					</outerBoundaryIs>
				</Polygon>
			</Placemark>
			<Placemark>
				<name>1.29.180-3</name>
				<styleUrl>#falseColor16390031201</styleUrl>
				<Polygon>
					<tessellate>1</tessellate>
					<outerBoundaryIs>
						<LinearRing>
							<coordinates>
								-71.63543714842669,-16.2859293685405,0 -71.63515721629034,-16.28597679857505,0 -71.63510143992775,-16.28555123366735,0 -71.63526236042401,-16.2856385504263,0 -71.63537952398154,-16.28573630801297,0 -71.63543714842669,-16.2859293685405,0 
							</coordinates>
						</LinearRing>
					</outerBoundaryIs>
				</Polygon>
			</Placemark>
			<Placemark>
				<name>1.29.180-4</name>
				<styleUrl>#falseColor16390031201</styleUrl>
				<Polygon>
					<tessellate>1</tessellate>
					<outerBoundaryIs>
						<LinearRing>
							<coordinates>
								-71.63506967658584,-16.28597121426089,0 -71.63444529487859,-16.28600670526516,0 -71.63438081640763,-16.28548292686867,0 -71.63476745595059,-16.28548944539584,0 -71.6350487940328,-16.28560635993189,0 -71.63506967658584,-16.28597121426089,0 
							</coordinates>
						</LinearRing>
					</outerBoundaryIs>
				</Polygon>
			</Placemark>
			<Placemark>
				<name>1.29.180-5</name>
				<styleUrl>#falseColor16390031201</styleUrl>
				<Polygon>
					<tessellate>1</tessellate>
					<outerBoundaryIs>
						<LinearRing>
							<coordinates>
								-71.63465393467942,-16.28516503557567,0 -71.6345084629915,-16.28523341016319,0 -71.63438441613999,-16.28531507254771,0 -71.63435405869869,-16.28515247260762,0 -71.6344752624681,-16.28504144942486,0 -71.63464912439079,-16.28494516216114,0 -71.63465393467942,-16.28516503557567,0 
							</coordinates>
						</LinearRing>
					</outerBoundaryIs>
				</Polygon>
			</Placemark>
			<Placemark>
				<name>1.29.180-6</name>
				<styleUrl>#falseColor16390031201</styleUrl>
				<Polygon>
					<tessellate>1</tessellate>
					<outerBoundaryIs>
						<LinearRing>
							<coordinates>
								-71.6341929004714,-16.28498551153686,0 -71.63426443831517,-16.2853927826077,0 -71.63377063702823,-16.28544942735878,0 -71.63369461926102,-16.28505694580473,0 -71.6341929004714,-16.28498551153686,0 
							</coordinates>
						</LinearRing>
					</outerBoundaryIs>
				</Polygon>
			</Placemark>
			<Placemark>
				<name>1.29.180-9</name>
				<styleUrl>#falseColor16390031201</styleUrl>
				<Polygon>
					<tessellate>1</tessellate>
					<outerBoundaryIs>
						<LinearRing>
							<coordinates>
								-71.63441374435796,-16.28673167514879,0 -71.63442217602878,-16.28689239171554,0 -71.63391373695667,-16.28695546531927,0 -71.63390492841823,-16.28677915674974,0 -71.63441374435796,-16.28673167514879,0 
							</coordinates>
						</LinearRing>
					</outerBoundaryIs>
				</Polygon>
			</Placemark>
			<Placemark>
				<name>1.29.180-10</name>
				<styleUrl>#falseColor16390031201</styleUrl>
				<Polygon>
					<tessellate>1</tessellate>
					<outerBoundaryIs>
						<LinearRing>
							<coordinates>
								-71.63378070111786,-16.28680766044786,0 -71.63381461805749,-16.28694079271465,0 -71.63326657560027,-16.2870150287106,0 -71.63326656201201,-16.28686750041042,0 -71.63378070111786,-16.28680766044786,0 
							</coordinates>
						</LinearRing>
					</outerBoundaryIs>
				</Polygon>
			</Placemark>
			<Placemark>
				<name>1.29.180-11</name>
				<styleUrl>#falseColor16390031201</styleUrl>
				<Polygon>
					<tessellate>1</tessellate>
					<outerBoundaryIs>
						<LinearRing>
							<coordinates>
								-71.63375129511863,-16.28671860407718,0 -71.63321565576685,-16.28677618372662,0 -71.63321869534357,-16.28639603827738,0 -71.63373879827253,-16.28634693792538,0 -71.63375129511863,-16.28671860407718,0 
							</coordinates>
						</LinearRing>
					</outerBoundaryIs>
				</Polygon>
			</Placemark>
			<Placemark>
				<name>1.29.180-12</name>
				<styleUrl>#falseColor16390031201</styleUrl>
				<Polygon>
					<tessellate>1</tessellate>
					<outerBoundaryIs>
						<LinearRing>
							<coordinates>
								-71.63370507715342,-16.2861000559959,0 -71.63315909520222,-16.28615815547517,0 -71.63312754331454,-16.2856580723226,0 -71.63365667973547,-16.2856377459013,0 -71.63370507715342,-16.2861000559959,0 
							</coordinates>
						</LinearRing>
					</outerBoundaryIs>
				</Polygon>
			</Placemark>
			<Placemark>
				<name>1.29.180-13</name>
				<styleUrl>#falseColor16390031201</styleUrl>
				<Polygon>
					<tessellate>1</tessellate>
					<outerBoundaryIs>
						<LinearRing>
							<coordinates>
								-71.63358795349738,-16.28507605479829,0 -71.63366664318814,-16.28558485302344,0 -71.63338709425969,-16.28561199522954,0 -71.63329669962835,-16.28554960574154,0 -71.63311328913957,-16.2855580735443,0 -71.63306023931973,-16.28509847860526,0 -71.63358795349738,-16.28507605479829,0 
							</coordinates>
						</LinearRing>
					</outerBoundaryIs>
				</Polygon>
			</Placemark>
			<Placemark>
				<name>1.29.180-15</name>
				<styleUrl>#falseColor16390031201</styleUrl>
				<Polygon>
					<tessellate>1</tessellate>
					<outerBoundaryIs>
						<LinearRing>
							<coordinates>
								-71.63244604952335,-16.28624807295173,0 -71.63219580226176,-16.28628571799656,0 -71.63208457112971,-16.28538851599614,0 -71.63232835387495,-16.28531370984235,0 -71.63243952768022,-16.28571041505122,0 -71.63244604952335,-16.28624807295173,0 
							</coordinates>
						</LinearRing>
					</outerBoundaryIs>
				</Polygon>
			</Placemark>
			<Placemark>
				<name>1.29.180-16</name>
				<styleUrl>#falseColor16390031201</styleUrl>
				<Polygon>
					<tessellate>1</tessellate>
					<outerBoundaryIs>
						<LinearRing>
							<coordinates>
								-71.63259617723813,-16.28389965643236,0 -71.63278048912392,-16.28428688868808,0 -71.63252837269123,-16.28437965005249,0 -71.63242957866166,-16.2842024135551,0 -71.63246008503457,-16.2839009375342,0 -71.63259617723813,-16.28389965643236,0 
							</coordinates>
						</LinearRing>
					</outerBoundaryIs>
				</Polygon>
			</Placemark>
			<Placemark>
				<name>1.29.180-21</name>
				<styleUrl>#falseColor16390031201</styleUrl>
				<Polygon>
					<tessellate>1</tessellate>
					<outerBoundaryIs>
						<LinearRing>
							<coordinates>
								-71.63475214663509,-16.28339910519089,0 -71.63441696149805,-16.28350209362594,0 -71.63434615787673,-16.28330530471413,0 -71.63466334209805,-16.28318433989899,0 -71.63475214663509,-16.28339910519089,0 
							</coordinates>
						</LinearRing>
					</outerBoundaryIs>
				</Polygon>
			</Placemark>
			<Placemark>
				<name>1.29.180-35</name>
				<styleUrl>#falseColor16390031201</styleUrl>
				<Polygon>
					<tessellate>1</tessellate>
					<outerBoundaryIs>
						<LinearRing>
							<coordinates>
								-71.63245954922738,-16.28145963996937,0 -71.63228169331566,-16.28101727202575,0 -71.63273124180654,-16.28086396521665,0 -71.63290365086824,-16.28130199497858,0 -71.63245954922738,-16.28145963996937,0 
							</coordinates>
						</LinearRing>
					</outerBoundaryIs>
				</Polygon>
			</Placemark>
			<Placemark>
				<name>1.29.180-36</name>
				<styleUrl>#falseColor16390031201</styleUrl>
				<Polygon>
					<tessellate>1</tessellate>
					<outerBoundaryIs>
						<LinearRing>
							<coordinates>
								-71.63328199609875,-16.28067932515584,0 -71.63339753047276,-16.28112838965369,0 -71.6330018244611,-16.2812608292575,0 -71.63286885012418,-16.28081217621959,0 -71.63328199609875,-16.28067932515584,0 
							</coordinates>
						</LinearRing>
					</outerBoundaryIs>
				</Polygon>
			</Placemark>
			<Placemark>
				<name>1.29.180-37</name>
				<styleUrl>#falseColor16390031201</styleUrl>
				<Polygon>
					<tessellate>1</tessellate>
					<outerBoundaryIs>
						<LinearRing>
							<coordinates>
								-71.63312693886567,-16.28014584966292,0 -71.6332604961181,-16.2805920117194,0 -71.63281399237896,-16.28074475927699,0 -71.63263744853884,-16.280294261751,0 -71.63312693886567,-16.28014584966292,0 
							</coordinates>
						</LinearRing>
					</outerBoundaryIs>
				</Polygon>
			</Placemark>
			<Placemark>
				<name>1.29.180-38</name>
				<styleUrl>#falseColor16390031201</styleUrl>
				<Polygon>
					<tessellate>1</tessellate>
					<outerBoundaryIs>
						<LinearRing>
							<coordinates>
								-71.63354498207045,-16.28012447331735,0 -71.63346868464174,-16.28016224790022,0 -71.63350319106246,-16.28026354534968,0 -71.63343170261994,-16.28032996347279,0 -71.63331739739489,-16.28042752078509,0 -71.63320654624121,-16.280115764398,0 -71.63349563015603,-16.28002349116684,0 -71.63354498207045,-16.28012447331735,0 
							</coordinates>
						</LinearRing>
					</outerBoundaryIs>
				</Polygon>
			</Placemark>
			<Placemark>
				<name>1.29.180-39</name>
				<styleUrl>#falseColor16390031201</styleUrl>
				<Polygon>
					<tessellate>1</tessellate>
					<outerBoundaryIs>
						<LinearRing>
							<coordinates>
								-71.63302876336033,-16.27839951833553,0 -71.6332808042439,-16.27877391836518,0 -71.63286186910173,-16.27902447035595,0 -71.63256792552282,-16.2787097302038,0 -71.63302876336033,-16.27839951833553,0 
							</coordinates>
						</LinearRing>
					</outerBoundaryIs>
				</Polygon>
			</Placemark>
			<Placemark>
				<name>1.29.180-40</name>
				<styleUrl>#falseColor16390031201</styleUrl>
				<Polygon>
					<tessellate>1</tessellate>
					<outerBoundaryIs>
						<LinearRing>
							<coordinates>
								-71.63336701510205,-16.27870027942154,0 -71.63305807883422,-16.27833779185231,0 -71.6335361254918,-16.27799062293349,0 -71.63382786411206,-16.27831701251514,0 -71.63336701510205,-16.27870027942154,0 
							</coordinates>
						</LinearRing>
					</outerBoundaryIs>
				</Polygon>
			</Placemark>
			<Placemark>
				<name>1.29.180-41</name>
				<styleUrl>#falseColor16390031201</styleUrl>
				<Polygon>
					<tessellate>1</tessellate>
					<outerBoundaryIs>
						<LinearRing>
							<coordinates>
								-71.63297227442222,-16.27824171416436,0 -71.63267299834177,-16.27780341135997,0 -71.63304816588141,-16.27753679483824,0 -71.63340650098168,-16.27793747017816,0 -71.63297227442222,-16.27824171416436,0 
							</coordinates>
						</LinearRing>
					</outerBoundaryIs>
				</Polygon>
			</Placemark>
			<Placemark>
				<name>1.29.180-42</name>
				<styleUrl>#falseColor16390031201</styleUrl>
				<Polygon>
					<tessellate>1</tessellate>
					<outerBoundaryIs>
						<LinearRing>
							<coordinates>
								-71.63254846337894,-16.27787719656357,0 -71.63292049717525,-16.2783154322868,0 -71.63251555572825,-16.27863124626908,0 -71.63219973255761,-16.27817809374353,0 -71.63254846337894,-16.27787719656357,0 
							</coordinates>
						</LinearRing>
					</outerBoundaryIs>
				</Polygon>
			</Placemark>
			<Placemark>
				<name>1.29.180-43</name>
				<styleUrl>#falseColor16390031201</styleUrl>
				<Polygon>
					<tessellate>1</tessellate>
					<outerBoundaryIs>
						<LinearRing>
							<coordinates>
								-71.6321574595363,-16.27736413455802,0 -71.6324387570406,-16.27777769462427,0 -71.6322418685714,-16.27793197651295,0 -71.63196612901348,-16.27750369841027,0 -71.6321574595363,-16.27736413455802,0 
							</coordinates>
						</LinearRing>
					</outerBoundaryIs>
				</Polygon>
			</Placemark>
			<Placemark>
				<name>1.29.180-44</name>
				<styleUrl>#falseColor16390031201</styleUrl>
				<Polygon>
					<tessellate>1</tessellate>
					<outerBoundaryIs>
						<LinearRing>
							<coordinates>
								-71.63260916558127,-16.27698629162001,0 -71.63297106135389,-16.27745959793557,0 -71.6325963372079,-16.27774278162974,0 -71.63226431678717,-16.27726312424551,0 -71.63226245785322,-16.27727928960965,0 -71.63226322441558,-16.27728919622408,0 -71.63260916558127,-16.27698629162001,0 
							</coordinates>
						</LinearRing>
					</outerBoundaryIs>
				</Polygon>
			</Placemark>
			<Placemark>
				<name>1.29.180-45</name>
				<styleUrl>#falseColor16390031201</styleUrl>
				<Polygon>
					<tessellate>1</tessellate>
					<outerBoundaryIs>
						<LinearRing>
							<coordinates>
								-71.63337193891465,-16.27717999523569,0 -71.63304714456865,-16.27740178886524,0 -71.63267847664156,-16.27693654618935,0 -71.63300537984669,-16.27672346813169,0 -71.63337193891465,-16.27717999523569,0 
							</coordinates>
						</LinearRing>
					</outerBoundaryIs>
				</Polygon>
			</Placemark>
			<Placemark>
				<name>1.29.180-46</name>
				<styleUrl>#falseColor16390031201</styleUrl>
				<Polygon>
					<tessellate>1</tessellate>
					<outerBoundaryIs>
						<LinearRing>
							<coordinates>
								-71.63374367592743,-16.27687783403774,0 -71.63342819095249,-16.27713472071516,0 -71.63313936338466,-16.27673022114532,0 -71.6332828751024,-16.27664787150813,0 -71.633420883396,-16.27677810349725,0 -71.63356303264662,-16.27664884659166,0 -71.63374367592743,-16.27687783403774,0 
							</coordinates>
						</LinearRing>
					</outerBoundaryIs>
				</Polygon>
			</Placemark>
			<Placemark>
				<name>1.29.181-1</name>
				<styleUrl>#falseColor16390031201</styleUrl>
				<Polygon>
					<tessellate>1</tessellate>
					<outerBoundaryIs>
						<LinearRing>
							<coordinates>
								-71.65009482761857,-16.30848656288414,0 -71.64994346709409,-16.30900129312841,0 -71.64966304305861,-16.308447488574,0 -71.64998588049608,-16.30829383450413,0 -71.65009482761857,-16.30848656288414,0 
							</coordinates>
						</LinearRing>
					</outerBoundaryIs>
				</Polygon>
			</Placemark>
			<Placemark>
				<name>1.29.181-7</name>
				<styleUrl>#falseColor16390031201</styleUrl>
				<Polygon>
					<tessellate>1</tessellate>
					<outerBoundaryIs>
						<LinearRing>
							<coordinates>
								-71.64938160769485,-16.306191730865,0 -71.64905630723955,-16.30636568451878,0 -71.64859715945376,-16.30553590960141,0 -71.64892302265447,-16.30537794008725,0 -71.64938160769485,-16.306191730865,0 
							</coordinates>
						</LinearRing>
					</outerBoundaryIs>
				</Polygon>
			</Placemark>
			<Placemark>
				<name>1.29.181-8</name>
				<styleUrl>#falseColor16390031201</styleUrl>
				<Polygon>
					<tessellate>1</tessellate>
					<outerBoundaryIs>
						<LinearRing>
							<coordinates>
								-71.64960195896975,-16.30566473780249,0 -71.64927433629218,-16.30583828764071,0 -71.64898601647802,-16.30534128927718,0 -71.64930437363472,-16.30517180677785,0 -71.64960195896975,-16.30566473780249,0 
							</coordinates>
						</LinearRing>
					</outerBoundaryIs>
				</Polygon>
			</Placemark>
			<Placemark>
				<name>1.29.181-9</name>
				<styleUrl>#falseColor16390031201</styleUrl>
				<Polygon>
					<tessellate>1</tessellate>
					<outerBoundaryIs>
						<LinearRing>
							<coordinates>
								-71.64998757696655,-16.30545618586349,0 -71.6496652194114,-16.30563769031462,0 -71.64936463479408,-16.3050948471132,0 -71.64971286078799,-16.30495824713013,0 -71.64998757696655,-16.30545618586349,0 
							</coordinates>
						</LinearRing>
					</outerBoundaryIs>
				</Polygon>
			</Placemark>
			<Placemark>
				<name>1.29.181-10</name>
				<styleUrl>#falseColor16390031201</styleUrl>
				<Polygon>
					<tessellate>1</tessellate>
					<outerBoundaryIs>
						<LinearRing>
							<coordinates>
								-71.64895149213828,-16.30525356821451,0 -71.64881550750046,-16.30502215742615,0 -71.64913283631039,-16.3049259876876,0 -71.64923240097529,-16.30507249901147,0 -71.64895149213828,-16.30525356821451,0 
							</coordinates>
						</LinearRing>
					</outerBoundaryIs>
				</Polygon>
			</Placemark>
			<Placemark>
				<name>1.29.181-11</name>
				<styleUrl>#falseColor16390031201</styleUrl>
				<Polygon>
					<tessellate>1</tessellate>
					<outerBoundaryIs>
						<LinearRing>
							<coordinates>
								-71.64889568848494,-16.30528485929877,0 -71.64855784619553,-16.30545177931354,0 -71.64825783302729,-16.30489020166862,0 -71.64861814317536,-16.30475958188708,0 -71.64889568848494,-16.30528485929877,0 
							</coordinates>
						</LinearRing>
					</outerBoundaryIs>
				</Polygon>
			</Placemark>
			<Placemark>
				<name>1.29.181-13</name>
				<styleUrl>#falseColor16390031201</styleUrl>
				<Polygon>
					<tessellate>1</tessellate>
					<outerBoundaryIs>
						<LinearRing>
							<coordinates>
								-71.64749003479436,-16.30505582131004,0 -71.64729357705633,-16.3050435312086,0 -71.64708481866411,-16.30509312574669,0 -71.64691879093898,-16.30478082483149,0 -71.64725496200927,-16.304627670293,0 -71.64749003479436,-16.30505582131004,0 
							</coordinates>
						</LinearRing>
					</outerBoundaryIs>
				</Polygon>
			</Placemark>
			<Placemark>
				<name>1.29.181-22</name>
				<styleUrl>#falseColor16390031201</styleUrl>
				<Polygon>
					<tessellate>1</tessellate>
					<outerBoundaryIs>
						<LinearRing>
							<coordinates>
								-71.64953330991196,-16.30939682240258,0 -71.64952166906058,-16.30940020779626,0 -71.64922368191448,-16.30923291722215,0 -71.6493353676847,-16.30886561777422,0 -71.64951335993754,-16.3087953378367,0 -71.64968903940475,-16.3091573042782,0 -71.64953330991196,-16.30939682240258,0 
							</coordinates>
						</LinearRing>
					</outerBoundaryIs>
				</Polygon>
			</Placemark>
			<Placemark>
				<name>1.29.181-23</name>
				<styleUrl>#falseColor16390031201</styleUrl>
				<Polygon>
					<tessellate>1</tessellate>
					<outerBoundaryIs>
						<LinearRing>
							<coordinates>
								-71.64919419852387,-16.3091726684831,0 -71.64890701278991,-16.30902386200806,0 -71.64902505742603,-16.30866651676889,0 -71.64934566148122,-16.30874266068925,0 -71.64919419852387,-16.3091726684831,0 
							</coordinates>
						</LinearRing>
					</outerBoundaryIs>
				</Polygon>
			</Placemark>
			<Placemark>
				<name>1.29.181-24</name>
				<styleUrl>#falseColor16390031201</styleUrl>
				<Polygon>
					<tessellate>1</tessellate>
					<outerBoundaryIs>
						<LinearRing>
							<coordinates>
								-71.64807646839972,-16.30829622847306,0 -71.64766774598287,-16.30817107847367,0 -71.64785828151489,-16.30764862397363,0 -71.64807646839972,-16.30829622847306,0 
							</coordinates>
						</LinearRing>
					</outerBoundaryIs>
				</Polygon>
			</Placemark>
			<Placemark>
				<name>1.29.181-25</name>
				<styleUrl>#falseColor16390031201</styleUrl>
				<Polygon>
					<tessellate>1</tessellate>
					<outerBoundaryIs>
						<LinearRing>
							<coordinates>
								-71.64777623843017,-16.30873938300291,0 -71.64749990346199,-16.30867382775544,0 -71.64766472045203,-16.30826568003198,0 -71.64795191971525,-16.3083468188203,0 -71.64777623843017,-16.30873938300291,0 
							</coordinates>
						</LinearRing>
					</outerBoundaryIs>
				</Polygon>
			</Placemark>
			<Placemark>
				<name>1.29.181-27</name>
				<styleUrl>#falseColor16390031201</styleUrl>
				<Polygon>
					<tessellate>1</tessellate>
					<outerBoundaryIs>
						<LinearRing>
							<coordinates>
								-71.64742258779772,-16.30870158926177,0 -71.6474262204065,-16.30870160203653,0 -71.64704319830538,-16.30860680132524,0 -71.64722484872274,-16.30812757403451,0 -71.64759367045029,-16.30823329795159,0 -71.64742258779772,-16.30870158926177,0 
							</coordinates>
						</LinearRing>
					</outerBoundaryIs>
				</Polygon>
			</Placemark>
			<Placemark>
				<name>1.29.181-28</name>
				<styleUrl>#falseColor16390031201</styleUrl>
				<Polygon>
					<tessellate>1</tessellate>
					<outerBoundaryIs>
						<LinearRing>
							<coordinates>
								-71.64692832527517,-16.30869699985289,0 -71.64657032440077,-16.30858921715513,0 -71.64679693415647,-16.3079896695772,0 -71.64713912751289,-16.30809215183343,0 -71.64692832527517,-16.30869699985289,0 
							</coordinates>
						</LinearRing>
					</outerBoundaryIs>
				</Polygon>
			</Placemark>
			<Placemark>
				<name>1.29.181-29</name>
				<styleUrl>#falseColor16390031201</styleUrl>
				<Polygon>
					<tessellate>1</tessellate>
					<outerBoundaryIs>
						<LinearRing>
							<coordinates>
								-71.64714940315903,-16.30800102164028,0 -71.64680288067656,-16.30787467816873,0 -71.64707769362315,-16.30706600530814,0 -71.64744479097087,-16.30717303807075,0 -71.64714940315903,-16.30800102164028,0 
							</coordinates>
						</LinearRing>
					</outerBoundaryIs>
				</Polygon>
			</Placemark>
			<Placemark>
				<name>1.29.181-30</name>
				<styleUrl>#falseColor16390031201</styleUrl>
				<Polygon>
					<tessellate>1</tessellate>
					<outerBoundaryIs>
						<LinearRing>
							<coordinates>
								-71.64672835193747,-16.30789263464683,0 -71.64636621787831,-16.30776783746733,0 -71.64664905278767,-16.30694975722351,0 -71.64700454501542,-16.30703335375961,0 -71.64672835193747,-16.30789263464683,0 
							</coordinates>
						</LinearRing>
					</outerBoundaryIs>
				</Polygon>
			</Placemark>
			<Placemark>
				<name>1.29.181-31</name>
				<styleUrl>#falseColor16390031201</styleUrl>
				<Polygon>
					<tessellate>1</tessellate>
					<outerBoundaryIs>
						<LinearRing>
							<coordinates>
								-71.6464771730783,-16.3085765468931,0 -71.64612128018328,-16.30845252318226,0 -71.64634205865812,-16.30784394380284,0 -71.64667795180958,-16.30796375843765,0 -71.6464771730783,-16.3085765468931,0 
							</coordinates>
						</LinearRing>
					</outerBoundaryIs>
				</Polygon>
			</Placemark>
			<Placemark>
				<name>1.29.181-32</name>
				<styleUrl>#falseColor16390031201</styleUrl>
				<Polygon>
					<tessellate>1</tessellate>
					<outerBoundaryIs>
						<LinearRing>
							<coordinates>
								-71.64602570440452,-16.30843355430659,0 -71.6456658897922,-16.3083367865053,0 -71.64585103326691,-16.30772240943334,0 -71.64622824118491,-16.30782966709262,0 -71.64602570440452,-16.30843355430659,0 
							</coordinates>
						</LinearRing>
					</outerBoundaryIs>
				</Polygon>
			</Placemark>
			<Placemark>
				<name>1.29.181-33</name>
				<styleUrl>#falseColor16390031201</styleUrl>
				<Polygon>
					<tessellate>1</tessellate>
					<outerBoundaryIs>
						<LinearRing>
							<coordinates>
								-71.64554604189649,-16.30841267660992,0 -71.64554261689975,-16.30840936354377,0 -71.6451502780472,-16.30834118083665,0 -71.64543505286827,-16.3075921220505,0 -71.64578534344382,-16.30768261873299,0 -71.64554604189649,-16.30841267660992,0 
							</coordinates>
						</LinearRing>
					</outerBoundaryIs>
				</Polygon>
			</Placemark>
			<Placemark>
				<name>1.29.181-34</name>
				<styleUrl>#falseColor16390031201</styleUrl>
				<Polygon>
					<tessellate>1</tessellate>
					<outerBoundaryIs>
						<LinearRing>
							<coordinates>
								-71.64625727978792,-16.30774049203999,0 -71.64590531783328,-16.3076283213592,0 -71.64618036625555,-16.30680896614079,0 -71.64657129160972,-16.30689175147369,0 -71.64625727978792,-16.30774049203999,0 
							</coordinates>
						</LinearRing>
					</outerBoundaryIs>
				</Polygon>
			</Placemark>
			<Placemark>
				<name>1.29.181-36</name>
				<styleUrl>#falseColor16390031201</styleUrl>
				<Polygon>
					<tessellate>1</tessellate>
					<outerBoundaryIs>
						<LinearRing>
							<coordinates>
								-71.64568682920221,-16.30665245732317,0 -71.64539613862335,-16.30748653387969,0 -71.64510182536679,-16.30749551042938,0 -71.6454453499734,-16.3065983496255,0 -71.64568682920221,-16.30665245732317,0 
							</coordinates>
						</LinearRing>
					</outerBoundaryIs>
				</Polygon>
			</Placemark>
			<Placemark>
				<name>1.29.181-38</name>
				<styleUrl>#falseColor16390031201</styleUrl>
				<Polygon>
					<tessellate>1</tessellate>
					<outerBoundaryIs>
						<LinearRing>
							<coordinates>
								-71.6465822095863,-16.30684265264937,0 -71.64621299543903,-16.30672242963997,0 -71.64626356559502,-16.30656833438891,0 -71.64663393505847,-16.30668886758377,0 -71.6465822095863,-16.30684265264937,0 
							</coordinates>
						</LinearRing>
					</outerBoundaryIs>
				</Polygon>
			</Placemark>
			<Placemark>
				<name>1.29.181-40</name>
				<styleUrl>#falseColor16390031201</styleUrl>
				<Polygon>
					<tessellate>1</tessellate>
					<outerBoundaryIs>
						<LinearRing>
							<coordinates>
								-71.64628555778756,-16.3062608317842,0 -71.64592233114233,-16.30613530276784,0 -71.64606736310078,-16.30568658822168,0 -71.64642904479514,-16.30579517904456,0 -71.64628555778756,-16.3062608317842,0 
							</coordinates>
						</LinearRing>
					</outerBoundaryIs>
				</Polygon>
			</Placemark>
			<Placemark>
				<name>1.29.181-41</name>
				<styleUrl>#falseColor16390031201</styleUrl>
				<Polygon>
					<tessellate>1</tessellate>
					<outerBoundaryIs>
						<LinearRing>
							<coordinates>
								-71.64585663975548,-16.3060745673272,0 -71.64565799482129,-16.30594327377367,0 -71.64587917258798,-16.30558239335062,0 -71.64603001600393,-16.30567192317355,0 -71.64585663975548,-16.3060745673272,0 
							</coordinates>
						</LinearRing>
					</outerBoundaryIs>
				</Polygon>
			</Placemark>
			<Placemark>
				<name>1.29.182-1</name>
				<styleUrl>#falseColor16390031201</styleUrl>
				<Polygon>
					<tessellate>1</tessellate>
					<outerBoundaryIs>
						<LinearRing>
							<coordinates>
								-71.65033342071249,-16.30527053148709,0 -71.65004301928734,-16.30542248972093,0 -71.64987230324517,-16.30511607200564,0 -71.64996597150346,-16.30505961223493,0 -71.65019812734113,-16.30505712757979,0 -71.65033342071249,-16.30527053148709,0 
							</coordinates>
						</LinearRing>
					</outerBoundaryIs>
				</Polygon>
			</Placemark>
			<Placemark>
				<name>1.29.182-2</name>
				<styleUrl>#falseColor16390031201</styleUrl>
				<Polygon>
					<tessellate>1</tessellate>
					<outerBoundaryIs>
						<LinearRing>
							<coordinates>
								-71.65124205849281,-16.30567265156832,0 -71.65089445959208,-16.30525339456688,0 -71.65103042332292,-16.3051686407267,0 -71.65137490368279,-16.30556665402139,0 -71.65124205849281,-16.30567265156832,0 
							</coordinates>
						</LinearRing>
					</outerBoundaryIs>
				</Polygon>
			</Placemark>
			<Placemark>
				<name>1.29.182-3</name>
				<styleUrl>#falseColor16390031201</styleUrl>
				<Polygon>
					<tessellate>1</tessellate>
					<outerBoundaryIs>
						<LinearRing>
							<coordinates>
								-71.65092836316752,-16.30591148985535,0 -71.65033201581129,-16.30522191819059,0 -71.65066498186175,-16.30510082909581,0 -71.65117634073081,-16.3057113305113,0 -71.65092836316752,-16.30591148985535,0 
							</coordinates>
						</LinearRing>
					</outerBoundaryIs>
				</Polygon>
			</Placemark>
			<Placemark>
				<name>1.29.182-4</name>
				<styleUrl>#falseColor16390031201</styleUrl>
				<ExtendedData>
					<SchemaData schemaUrl="#S_yura_poligono_DSSSSDDDDS01001">
						<SimpleData name="fid">51488</SimpleData>
						<SimpleData name="handle">2983736</SimpleData>
						<SimpleData name="block">-1</SimpleData>
						<SimpleData name="etype">18</SimpleData>
						<SimpleData name="space">0</SimpleData>
						<SimpleData name="layer">MANZANAS</SimpleData>
						<SimpleData name="olinetype">bylayer</SimpleData>
						<SimpleData name="linetype"></SimpleData>
						<SimpleData name="color">127,127,255,255</SimpleData>
						<SimpleData name="ocolor">256</SimpleData>
						<SimpleData name="color24">-1</SimpleData>
						<SimpleData name="transparen">0</SimpleData>
						<SimpleData name="lweight">-1</SimpleData>
						<SimpleData name="linewidth">0.15</SimpleData>
						<SimpleData name="ltscale">1</SimpleData>
						<SimpleData name="visible">1</SimpleData>
						<SimpleData name="width">0.2</SimpleData>
						<SimpleData name="thickness">0</SimpleData>
						<SimpleData name="ext">(3:0,0,0.1)</SimpleData>
					</SchemaData>
				</ExtendedData>
				<Polygon>
					<outerBoundaryIs>
						<LinearRing>
							<coordinates>
								-71.65073276717773,-16.30633456001763,0 -71.65002562798577,-16.30549600516607,0 -71.65030879142822,-16.30531814712283,0 -71.65098719690685,-16.30612764056348,0 -71.65073276717773,-16.30633456001763,0 
							</coordinates>
						</LinearRing>
					</outerBoundaryIs>
				</Polygon>
			</Placemark>
			<Placemark>
				<name>1.29.182-5</name>
				<styleUrl>#falseColor16390031201</styleUrl>
				<ExtendedData>
					<SchemaData schemaUrl="#S_yura_poligono_DSSSSDDDDS01001">
						<SimpleData name="fid">51485</SimpleData>
						<SimpleData name="handle">2983733</SimpleData>
						<SimpleData name="block">-1</SimpleData>
						<SimpleData name="etype">18</SimpleData>
						<SimpleData name="space">0</SimpleData>
						<SimpleData name="layer">MANZANAS</SimpleData>
						<SimpleData name="olinetype">bylayer</SimpleData>
						<SimpleData name="linetype"></SimpleData>
						<SimpleData name="color">127,127,255,255</SimpleData>
						<SimpleData name="ocolor">256</SimpleData>
						<SimpleData name="color24">-1</SimpleData>
						<SimpleData name="transparen">0</SimpleData>
						<SimpleData name="lweight">-1</SimpleData>
						<SimpleData name="linewidth">0.15</SimpleData>
						<SimpleData name="ltscale">1</SimpleData>
						<SimpleData name="visible">1</SimpleData>
						<SimpleData name="width">0.2</SimpleData>
						<SimpleData name="thickness">0</SimpleData>
						<SimpleData name="ext">(3:0,0,0.1)</SimpleData>
					</SchemaData>
				</ExtendedData>
				<Polygon>
					<outerBoundaryIs>
						<LinearRing>
							<coordinates>
								-71.65124399609182,-16.30693317567213,0 -71.65079940232357,-16.30637319884052,0 -71.65102586147857,-16.3061629872544,0 -71.65150421211044,-16.30672113971719,0 -71.65124399609182,-16.30693317567213,0 
							</coordinates>
						</LinearRing>
					</outerBoundaryIs>
				</Polygon>
			</Placemark>
			<Placemark>
				<name>1.29.182-6</name>
				<styleUrl>#falseColor16390031201</styleUrl>
				<Polygon>
					<tessellate>1</tessellate>
					<outerBoundaryIs>
						<LinearRing>
							<coordinates>
								-71.65213835359535,-16.30621597787026,0 -71.6518708072974,-16.30642468366205,0 -71.65128734803447,-16.30572061720813,0 -71.65156240235389,-16.30553114793391,0 -71.65213835359535,-16.30621597787026,0 
							</coordinates>
						</LinearRing>
					</outerBoundaryIs>
				</Polygon>
			</Placemark>
			<Placemark>
				<name>1.29.182-7</name>
				<styleUrl>#falseColor16390031201</styleUrl>
				<Polygon>
					<tessellate>1</tessellate>
					<outerBoundaryIs>
						<LinearRing>
							<coordinates>
								-71.65219028598692,-16.30615416907331,0 -71.65172271923112,-16.30561836978526,0 -71.65185564570254,-16.30550923316077,0 -71.65230327880383,-16.30605684438377,0 -71.65219028598692,-16.30615416907331,0 
							</coordinates>
						</LinearRing>
					</outerBoundaryIs>
				</Polygon>
			</Placemark>
			<Placemark>
				<name>1.29.182-8</name>
				<styleUrl>#falseColor16390031201</styleUrl>
				<Polygon>
					<tessellate>1</tessellate>
					<outerBoundaryIs>
						<LinearRing>
							<coordinates>
								-71.65298069585585,-16.30644971106631,0 -71.65276419065636,-16.30619515169987,0 -71.65290024267547,-16.30609042043317,0 -71.65312080305357,-16.30630366171538,0 -71.65298069585585,-16.30644971106631,0 
							</coordinates>
						</LinearRing>
					</outerBoundaryIs>
				</Polygon>
			</Placemark>
			<Placemark>
				<name>1.29.182-9</name>
				<styleUrl>#falseColor16390031201</styleUrl>
				<Polygon>
					<tessellate>1</tessellate>
					<outerBoundaryIs>
						<LinearRing>
							<coordinates>
								-71.65309637097099,-16.30671546724404,0 -71.65284183336948,-16.30691926160971,0 -71.6522435642363,-16.30623077168116,0 -71.65250935619912,-16.3060149671395,0 -71.65309637097099,-16.30671546724404,0 
							</coordinates>
						</LinearRing>
					</outerBoundaryIs>
				</Polygon>
			</Placemark>
			<Placemark>
				<name>1.29.182-10</name>
				<styleUrl>#falseColor16390031201</styleUrl>
				<Polygon>
					<tessellate>1</tessellate>
					<outerBoundaryIs>
						<LinearRing>
							<coordinates>
								-71.65278384669831,-16.30696266264193,0 -71.65251345423644,-16.30716318123772,0 -71.651918711284,-16.30647244091834,0 -71.65218930700865,-16.30626525310789,0 -71.65278384669831,-16.30696266264193,0 
							</coordinates>
						</LinearRing>
					</outerBoundaryIs>
				</Polygon>
			</Placemark>
			<Placemark>
				<name>1.29.182-11</name>
				<styleUrl>#falseColor16390031201</styleUrl>
				<ExtendedData>
					<SchemaData schemaUrl="#S_yura_poligono_DSSSSDDDDS01001">
						<SimpleData name="fid">51484</SimpleData>
						<SimpleData name="handle">2983732</SimpleData>
						<SimpleData name="block">-1</SimpleData>
						<SimpleData name="etype">18</SimpleData>
						<SimpleData name="space">0</SimpleData>
						<SimpleData name="layer">MANZANAS</SimpleData>
						<SimpleData name="olinetype">bylayer</SimpleData>
						<SimpleData name="linetype"></SimpleData>
						<SimpleData name="color">127,127,255,255</SimpleData>
						<SimpleData name="ocolor">256</SimpleData>
						<SimpleData name="color24">-1</SimpleData>
						<SimpleData name="transparen">0</SimpleData>
						<SimpleData name="lweight">-1</SimpleData>
						<SimpleData name="linewidth">0.15</SimpleData>
						<SimpleData name="ltscale">1</SimpleData>
						<SimpleData name="visible">1</SimpleData>
						<SimpleData name="width">0.2</SimpleData>
						<SimpleData name="thickness">0</SimpleData>
						<SimpleData name="ext">(3:0,0,0.1)</SimpleData>
					</SchemaData>
				</ExtendedData>
				<Polygon>
					<outerBoundaryIs>
						<LinearRing>
							<coordinates>
								-71.65245735768487,-16.30722133496566,0 -71.65219344158756,-16.30742701084285,0 -71.65160235060452,-16.30673604520781,0 -71.65187049039633,-16.30651441144412,0 -71.65245735768487,-16.30722133496566,0 
							</coordinates>
						</LinearRing>
					</outerBoundaryIs>
				</Polygon>
			</Placemark>
			<Placemark>
				<name>1.29.182-12</name>
				<styleUrl>#falseColor16390031201</styleUrl>
				<ExtendedData>
					<SchemaData schemaUrl="#S_yura_poligono_DSSSSDDDDS01001">
						<SimpleData name="fid">51483</SimpleData>
						<SimpleData name="handle">2983731</SimpleData>
						<SimpleData name="block">-1</SimpleData>
						<SimpleData name="etype">18</SimpleData>
						<SimpleData name="space">0</SimpleData>
						<SimpleData name="layer">MANZANAS</SimpleData>
						<SimpleData name="olinetype">bylayer</SimpleData>
						<SimpleData name="linetype"></SimpleData>
						<SimpleData name="color">127,127,255,255</SimpleData>
						<SimpleData name="ocolor">256</SimpleData>
						<SimpleData name="color24">-1</SimpleData>
						<SimpleData name="transparen">0</SimpleData>
						<SimpleData name="lweight">-1</SimpleData>
						<SimpleData name="linewidth">0.15</SimpleData>
						<SimpleData name="ltscale">1</SimpleData>
						<SimpleData name="visible">1</SimpleData>
						<SimpleData name="width">0.2</SimpleData>
						<SimpleData name="thickness">0</SimpleData>
						<SimpleData name="ext">(3:0,0,0.1)</SimpleData>
					</SchemaData>
				</ExtendedData>
				<Polygon>
					<outerBoundaryIs>
						<LinearRing>
							<coordinates>
								-71.65214505476408,-16.30747136419324,0 -71.65187245060096,-16.30769058692728,0 -71.65126538653348,-16.30696618251152,0 -71.65154403765179,-16.30678421533922,0 -71.65214505476408,-16.30747136419324,0 
							</coordinates>
						</LinearRing>
					</outerBoundaryIs>
				</Polygon>
			</Placemark>
			<Placemark>
				<name>1.29.182-13</name>
				<styleUrl>#falseColor16390031201</styleUrl>
				<ExtendedData>
					<SchemaData schemaUrl="#S_yura_poligono_DSSSSDDDDS01001">
						<SimpleData name="fid">51378</SimpleData>
						<SimpleData name="handle">2983626</SimpleData>
						<SimpleData name="block">-1</SimpleData>
						<SimpleData name="etype">18</SimpleData>
						<SimpleData name="space">0</SimpleData>
						<SimpleData name="layer">MANZANAS</SimpleData>
						<SimpleData name="olinetype">bylayer</SimpleData>
						<SimpleData name="linetype"></SimpleData>
						<SimpleData name="color">127,127,255,255</SimpleData>
						<SimpleData name="ocolor">256</SimpleData>
						<SimpleData name="color24">-1</SimpleData>
						<SimpleData name="transparen">0</SimpleData>
						<SimpleData name="lweight">-1</SimpleData>
						<SimpleData name="linewidth">0.15</SimpleData>
						<SimpleData name="ltscale">1</SimpleData>
						<SimpleData name="visible">1</SimpleData>
						<SimpleData name="width">0.2</SimpleData>
						<SimpleData name="thickness">0</SimpleData>
						<SimpleData name="ext">(3:0,0,0.1)</SimpleData>
					</SchemaData>
				</ExtendedData>
				<Polygon>
					<outerBoundaryIs>
						<LinearRing>
							<coordinates>
								-71.65278220244105,-16.30823005402228,0 -71.65252733705981,-16.30843625860309,0 -71.65193155837467,-16.30774546091097,0 -71.6521830974097,-16.30753313812583,0 -71.65278220244105,-16.30823005402228,0 
							</coordinates>
						</LinearRing>
					</outerBoundaryIs>
				</Polygon>
			</Placemark>
			<Placemark>
				<name>1.29.182-14</name>
				<styleUrl>#falseColor16390031201</styleUrl>
				<ExtendedData>
					<SchemaData schemaUrl="#S_yura_poligono_DSSSSDDDDS01001">
						<SimpleData name="fid">51379</SimpleData>
						<SimpleData name="handle">2983627</SimpleData>
						<SimpleData name="block">-1</SimpleData>
						<SimpleData name="etype">18</SimpleData>
						<SimpleData name="space">0</SimpleData>
						<SimpleData name="layer">MANZANAS</SimpleData>
						<SimpleData name="olinetype">bylayer</SimpleData>
						<SimpleData name="linetype"></SimpleData>
						<SimpleData name="color">127,127,255,255</SimpleData>
						<SimpleData name="ocolor">256</SimpleData>
						<SimpleData name="color24">-1</SimpleData>
						<SimpleData name="transparen">0</SimpleData>
						<SimpleData name="lweight">-1</SimpleData>
						<SimpleData name="linewidth">0.15</SimpleData>
						<SimpleData name="ltscale">1</SimpleData>
						<SimpleData name="visible">1</SimpleData>
						<SimpleData name="width">0.2</SimpleData>
						<SimpleData name="thickness">0</SimpleData>
						<SimpleData name="ext">(3:0,0,0.1)</SimpleData>
					</SchemaData>
				</ExtendedData>
				<Polygon>
					<outerBoundaryIs>
						<LinearRing>
							<coordinates>
								-71.65310131062095,-16.30796579869873,0 -71.65284419320778,-16.30817954338519,0 -71.6522489397213,-16.30747977525511,0 -71.65251418196613,-16.30727106431065,0 -71.65310131062095,-16.30796579869873,0 
							</coordinates>
						</LinearRing>
					</outerBoundaryIs>
				</Polygon>
			</Placemark>
			<Placemark>
				<name>1.29.182-15</name>
				<styleUrl>#falseColor16390031201</styleUrl>
				<Polygon>
					<tessellate>1</tessellate>
					<outerBoundaryIs>
						<LinearRing>
							<coordinates>
								-71.653412536921,-16.30772031070007,0 -71.65314546714157,-16.30793747854747,0 -71.65257607096123,-16.30722468256034,0 -71.65282653197937,-16.30703420677089,0 -71.653412536921,-16.30772031070007,0 
							</coordinates>
						</LinearRing>
					</outerBoundaryIs>
				</Polygon>
			</Placemark>
			<Placemark>
				<name>1.29.182-16</name>
				<styleUrl>#falseColor16390031201</styleUrl>
				<Polygon>
					<tessellate>1</tessellate>
					<outerBoundaryIs>
						<LinearRing>
							<coordinates>
								-71.65374388030237,-16.30746725238479,0 -71.65345661897541,-16.30766767867528,0 -71.65289048323676,-16.30697989727324,0 -71.65315520270553,-16.30678203524975,0 -71.65374388030237,-16.30746725238479,0 
							</coordinates>
						</LinearRing>
					</outerBoundaryIs>
				</Polygon>
			</Placemark>
			<Placemark>
				<name>1.29.182-17</name>
				<styleUrl>#falseColor16390031201</styleUrl>
				<Polygon>
					<tessellate>1</tessellate>
					<outerBoundaryIs>
						<LinearRing>
							<coordinates>
								-71.65341685690983,-16.30674618298519,0 -71.65364349206314,-16.30696176124281,0 -71.65371040413366,-16.30704269868993,0 -71.65373898331647,-16.30725984937714,0 -71.65366978226668,-16.30729724377883,0 -71.65330345195937,-16.30683082438264,0 -71.65341685690983,-16.30674618298519,0 
							</coordinates>
						</LinearRing>
					</outerBoundaryIs>
				</Polygon>
			</Placemark>
			<Placemark>
				<name>1.29.182-18</name>
				<styleUrl>#falseColor16390031201</styleUrl>
				<Polygon>
					<tessellate>1</tessellate>
					<outerBoundaryIs>
						<LinearRing>
							<coordinates>
								-71.65365436432168,-16.30763942320766,0 -71.65396633876574,-16.30808677456063,0 -71.65387622138235,-16.30816616154393,0 -71.65351646523339,-16.30773218843672,0 -71.65365436432168,-16.30763942320766,0 
							</coordinates>
						</LinearRing>
					</outerBoundaryIs>
				</Polygon>
			</Placemark>
			<Placemark>
				<name>1.29.182-19</name>
				<styleUrl>#falseColor16390031201</styleUrl>
				<Polygon>
					<tessellate>1</tessellate>
					<outerBoundaryIs>
						<LinearRing>
							<coordinates>
								-71.65320975517078,-16.30797820375351,0 -71.65346328508704,-16.30777546138219,0 -71.65393257470429,-16.30831313148141,0 -71.65396556048624,-16.30855037840269,0 -71.65380206163627,-16.30866401866263,0 -71.65320975517078,-16.30797820375351,0 
							</coordinates>
						</LinearRing>
					</outerBoundaryIs>
				</Polygon>
			</Placemark>
			<Placemark>
				<name>1.29.182-20</name>
				<styleUrl>#falseColor16390031201</styleUrl>
				<ExtendedData>
					<SchemaData schemaUrl="#S_yura_poligono_DSSSSDDDDS01001">
						<SimpleData name="fid">51701</SimpleData>
						<SimpleData name="handle">2984298</SimpleData>
						<SimpleData name="block">-1</SimpleData>
						<SimpleData name="etype">18</SimpleData>
						<SimpleData name="space">0</SimpleData>
						<SimpleData name="layer">MANZANAS</SimpleData>
						<SimpleData name="olinetype">bylayer</SimpleData>
						<SimpleData name="linetype"></SimpleData>
						<SimpleData name="color">127,127,255,255</SimpleData>
						<SimpleData name="ocolor">256</SimpleData>
						<SimpleData name="color24">-1</SimpleData>
						<SimpleData name="transparen">0</SimpleData>
						<SimpleData name="lweight">-1</SimpleData>
						<SimpleData name="linewidth">0.15</SimpleData>
						<SimpleData name="ltscale">1</SimpleData>
						<SimpleData name="visible">1</SimpleData>
						<SimpleData name="width">0.2</SimpleData>
						<SimpleData name="thickness">0</SimpleData>
						<SimpleData name="ext">(3:0,0,0.1)</SimpleData>
					</SchemaData>
				</ExtendedData>
				<Polygon>
					<outerBoundaryIs>
						<LinearRing>
							<coordinates>
								-71.65375013170853,-16.30871701346058,0 -71.65348737183884,-16.30893493202814,0 -71.65288188300222,-16.30822340614773,0 -71.65313430011122,-16.30801814820851,0 -71.65375013170853,-16.30871701346058,0 
							</coordinates>
						</LinearRing>
					</outerBoundaryIs>
				</Polygon>
			</Placemark>
			<Placemark>
				<name>1.29.182-21</name>
				<styleUrl>#falseColor16390031201</styleUrl>
				<ExtendedData>
					<SchemaData schemaUrl="#S_yura_poligono_DSSSSDDDDS01001">
						<SimpleData name="fid">51380</SimpleData>
						<SimpleData name="handle">2983628</SimpleData>
						<SimpleData name="block">-1</SimpleData>
						<SimpleData name="etype">18</SimpleData>
						<SimpleData name="space">0</SimpleData>
						<SimpleData name="layer">MANZANAS</SimpleData>
						<SimpleData name="olinetype">bylayer</SimpleData>
						<SimpleData name="linetype"></SimpleData>
						<SimpleData name="color">127,127,255,255</SimpleData>
						<SimpleData name="ocolor">256</SimpleData>
						<SimpleData name="color24">-1</SimpleData>
						<SimpleData name="transparen">0</SimpleData>
						<SimpleData name="lweight">-1</SimpleData>
						<SimpleData name="linewidth">0.15</SimpleData>
						<SimpleData name="ltscale">1</SimpleData>
						<SimpleData name="visible">1</SimpleData>
						<SimpleData name="width">0.2</SimpleData>
						<SimpleData name="thickness">0</SimpleData>
						<SimpleData name="ext">(3:0,0,0.1)</SimpleData>
					</SchemaData>
				</ExtendedData>
				<Polygon>
					<outerBoundaryIs>
						<LinearRing>
							<coordinates>
								-71.65316168837639,-16.30917481616726,0 -71.65257768009046,-16.30848119819014,0 -71.65282284365779,-16.30828097423185,0 -71.6534216858858,-16.30897839849049,0 -71.65316168837639,-16.30917481616726,0 
							</coordinates>
						</LinearRing>
					</outerBoundaryIs>
				</Polygon>
			</Placemark>
			<Placemark>
				<name>1.29.182-22</name>
				<styleUrl>#falseColor16390031201</styleUrl>
				<ExtendedData>
					<SchemaData schemaUrl="#S_yura_poligono_DSSSSDDDDS01001">
						<SimpleData name="fid">51706</SimpleData>
						<SimpleData name="handle">2985403</SimpleData>
						<SimpleData name="block">-1</SimpleData>
						<SimpleData name="etype">18</SimpleData>
						<SimpleData name="space">0</SimpleData>
						<SimpleData name="layer">MANZANAS</SimpleData>
						<SimpleData name="olinetype">bylayer</SimpleData>
						<SimpleData name="linetype"></SimpleData>
						<SimpleData name="color">127,127,255,255</SimpleData>
						<SimpleData name="ocolor">256</SimpleData>
						<SimpleData name="color24">-1</SimpleData>
						<SimpleData name="transparen">0</SimpleData>
						<SimpleData name="lweight">-1</SimpleData>
						<SimpleData name="linewidth">0.15</SimpleData>
						<SimpleData name="ltscale">1</SimpleData>
						<SimpleData name="visible">1</SimpleData>
						<SimpleData name="width">0.2</SimpleData>
						<SimpleData name="thickness">0</SimpleData>
						<SimpleData name="ext">(3:0,0,0.1)</SimpleData>
					</SchemaData>
				</ExtendedData>
				<Polygon>
					<outerBoundaryIs>
						<LinearRing>
							<coordinates>
								-71.65407408435533,-16.30971845614437,0 -71.65383040246601,-16.30993089438975,0 -71.6532058836822,-16.30923421107915,0 -71.65348133561628,-16.30902794090099,0 -71.65407408435533,-16.30971845614437,0 
							</coordinates>
						</LinearRing>
					</outerBoundaryIs>
				</Polygon>
			</Placemark>
			<Placemark>
				<name>1.29.182-23</name>
				<styleUrl>#falseColor16390031201</styleUrl>
				<ExtendedData>
					<SchemaData schemaUrl="#S_yura_poligono_DSSSSDDDDS01001">
						<SimpleData name="fid">52335</SimpleData>
						<SimpleData name="handle">2988790</SimpleData>
						<SimpleData name="block">-1</SimpleData>
						<SimpleData name="etype">18</SimpleData>
						<SimpleData name="space">0</SimpleData>
						<SimpleData name="layer">MANZANAS</SimpleData>
						<SimpleData name="olinetype">bylayer</SimpleData>
						<SimpleData name="linetype"></SimpleData>
						<SimpleData name="color">127,127,255,255</SimpleData>
						<SimpleData name="ocolor">256</SimpleData>
						<SimpleData name="color24">-1</SimpleData>
						<SimpleData name="transparen">0</SimpleData>
						<SimpleData name="lweight">-1</SimpleData>
						<SimpleData name="linewidth">0.15</SimpleData>
						<SimpleData name="ltscale">1</SimpleData>
						<SimpleData name="visible">1</SimpleData>
						<SimpleData name="width">0.2</SimpleData>
						<SimpleData name="thickness">0</SimpleData>
						<SimpleData name="ext">(3:0,0,0.1)</SimpleData>
					</SchemaData>
				</ExtendedData>
				<Polygon>
					<outerBoundaryIs>
						<LinearRing>
							<coordinates>
								-71.65438105705593,-16.30946931107789,0 -71.65413751335562,-16.30967894568011,0 -71.65352279338708,-16.308980274861,0 -71.65379361307494,-16.30877735919674,0 -71.65438105705593,-16.30946931107789,0 
							</coordinates>
						</LinearRing>
					</outerBoundaryIs>
				</Polygon>
			</Placemark>
			<Placemark>
				<name>1.29.182-24</name>
				<styleUrl>#falseColor16390031201</styleUrl>
				<Polygon>
					<tessellate>1</tessellate>
					<outerBoundaryIs>
						<LinearRing>
							<coordinates>
								-71.65398955412819,-16.3086189787137,0 -71.65434947109466,-16.3090467923254,0 -71.65460600461905,-16.30926711577824,0 -71.65444869762518,-16.30943576082725,0 -71.65384855386414,-16.30873073074348,0 -71.65398955412819,-16.3086189787137,0 
							</coordinates>
						</LinearRing>
					</outerBoundaryIs>
				</Polygon>
			</Placemark>
			<Placemark>
				<name>1.29.182-25</name>
				<styleUrl>#falseColor16390031201</styleUrl>
				<Polygon>
					<tessellate>1</tessellate>
					<outerBoundaryIs>
						<LinearRing>
							<coordinates>
								-71.65539641264006,-16.30991582770886,0 -71.65479442986513,-16.30922839726187,0 -71.65495925587526,-16.30923737826025,0 -71.65507150296837,-16.30928832415706,0 -71.65540105906612,-16.30967041109378,0 -71.65557768455923,-16.30952549713975,0 -71.65569967971848,-16.30965125399272,0 -71.65539641264006,-16.30991582770886,0 
							</coordinates>
						</LinearRing>
					</outerBoundaryIs>
				</Polygon>
			</Placemark>
			<Placemark>
				<name>1.29.182-26</name>
				<styleUrl>#falseColor16390031201</styleUrl>
				<Polygon>
					<tessellate>1</tessellate>
					<outerBoundaryIs>
						<LinearRing>
							<coordinates>
								-71.65449240184111,-16.30947073318156,0 -71.65475515976739,-16.30927590011036,0 -71.6553285933563,-16.30996181525981,0 -71.65517983097953,-16.31010345510467,0 -71.65511189302818,-16.31010392990082,0 -71.65502852794772,-16.31008182399901,0 -71.65497051215785,-16.31004550531171,0 -71.65449240184111,-16.30947073318156,0 
							</coordinates>
						</LinearRing>
					</outerBoundaryIs>
				</Polygon>
			</Placemark>
			<Placemark>
				<name>1.29.182-27</name>
				<styleUrl>#falseColor16390031201</styleUrl>
				<ExtendedData>
					<SchemaData schemaUrl="#S_yura_poligono_DSSSSDDDDS01001">
						<SimpleData name="fid">52336</SimpleData>
						<SimpleData name="handle">2988791</SimpleData>
						<SimpleData name="block">-1</SimpleData>
						<SimpleData name="etype">18</SimpleData>
						<SimpleData name="space">0</SimpleData>
						<SimpleData name="layer">MANZANAS</SimpleData>
						<SimpleData name="olinetype">bylayer</SimpleData>
						<SimpleData name="linetype"></SimpleData>
						<SimpleData name="color">127,127,255,255</SimpleData>
						<SimpleData name="ocolor">256</SimpleData>
						<SimpleData name="color24">-1</SimpleData>
						<SimpleData name="transparen">0</SimpleData>
						<SimpleData name="lweight">-1</SimpleData>
						<SimpleData name="linewidth">0.15</SimpleData>
						<SimpleData name="ltscale">1</SimpleData>
						<SimpleData name="visible">1</SimpleData>
						<SimpleData name="width">0.2</SimpleData>
						<SimpleData name="thickness">0</SimpleData>
						<SimpleData name="ext">(3:0,0,0.1)</SimpleData>
					</SchemaData>
				</ExtendedData>
				<Polygon>
					<outerBoundaryIs>
						<LinearRing>
							<coordinates>
								-71.65480081535688,-16.31042174210747,0 -71.65416925905689,-16.30972295427032,0 -71.65443485807097,-16.30951940904043,0 -71.65501827094999,-16.31022845591038,0 -71.65480081535688,-16.31042174210747,0 
							</coordinates>
						</LinearRing>
					</outerBoundaryIs>
				</Polygon>
			</Placemark>
			<Placemark>
				<name>1.29.182-28</name>
				<styleUrl>#falseColor16390031201</styleUrl>
				<ExtendedData>
					<SchemaData schemaUrl="#S_yura_poligono_DSSSSDDDDS01001">
						<SimpleData name="fid">51710</SimpleData>
						<SimpleData name="handle">2985407</SimpleData>
						<SimpleData name="block">-1</SimpleData>
						<SimpleData name="etype">18</SimpleData>
						<SimpleData name="space">0</SimpleData>
						<SimpleData name="layer">MANZANAS</SimpleData>
						<SimpleData name="olinetype">bylayer</SimpleData>
						<SimpleData name="linetype"></SimpleData>
						<SimpleData name="color">127,127,255,255</SimpleData>
						<SimpleData name="ocolor">256</SimpleData>
						<SimpleData name="color24">-1</SimpleData>
						<SimpleData name="transparen">0</SimpleData>
						<SimpleData name="lweight">-1</SimpleData>
						<SimpleData name="linewidth">0.15</SimpleData>
						<SimpleData name="ltscale">1</SimpleData>
						<SimpleData name="visible">1</SimpleData>
						<SimpleData name="width">0.2</SimpleData>
						<SimpleData name="thickness">0</SimpleData>
						<SimpleData name="ext">(3:0,0,0.1)</SimpleData>
					</SchemaData>
				</ExtendedData>
				<Polygon>
					<outerBoundaryIs>
						<LinearRing>
							<coordinates>
								-71.65472673277173,-16.31043737506701,0 -71.6542958270402,-16.31047133427883,0 -71.65385977339976,-16.30998838725279,0 -71.65412078875769,-16.30978262291532,0 -71.65472673277173,-16.31043737506701,0 
							</coordinates>
						</LinearRing>
					</outerBoundaryIs>
				</Polygon>
			</Placemark>
			<Placemark>
				<name>1.29.182-29</name>
				<styleUrl>#falseColor16390031201</styleUrl>
				<Polygon>
					<tessellate>1</tessellate>
					<outerBoundaryIs>
						<LinearRing>
							<coordinates>
								-71.65525741243185,-16.31038449141857,0 -71.65510374103785,-16.31024238794912,0 -71.65525899341196,-16.31009835794633,0 -71.65540037188775,-16.31024267163333,0 -71.65525741243185,-16.31038449141857,0 
							</coordinates>
						</LinearRing>
					</outerBoundaryIs>
				</Polygon>
			</Placemark>
			<Placemark>
				<name>1.29.182-30</name>
				<styleUrl>#falseColor16390031201</styleUrl>
				<Polygon>
					<tessellate>1</tessellate>
					<outerBoundaryIs>
						<LinearRing>
							<coordinates>
								-71.65541703772156,-16.31015686975063,0 -71.65529882546276,-16.31005489218612,0 -71.65584238052386,-16.30962063570599,0 -71.65600782634139,-16.3097339374326,0 -71.65541703772156,-16.31015686975063,0 
							</coordinates>
						</LinearRing>
					</outerBoundaryIs>
				</Polygon>
			</Placemark>
			<Placemark>
				<name>1.29.182-31</name>
				<styleUrl>#falseColor16390031201</styleUrl>
				<Polygon>
					<tessellate>1</tessellate>
					<outerBoundaryIs>
						<LinearRing>
							<coordinates>
								-71.65572826941084,-16.31045157780143,0 -71.65548336227965,-16.31022020186037,0 -71.65601452981103,-16.30982380187363,0 -71.65610211732267,-16.30994872973911,0 -71.65601890194647,-16.31002619768401,0 -71.65573749953826,-16.31022627215682,0 -71.65584222642582,-16.31036809363036,0 -71.65572826941084,-16.31045157780143,0 
							</coordinates>
						</LinearRing>
					</outerBoundaryIs>
				</Polygon>
			</Placemark>
			<Placemark>
				<name>1.29.182-32</name>
				<styleUrl>#falseColor16390031201</styleUrl>
				<Polygon>
					<tessellate>1</tessellate>
					<outerBoundaryIs>
						<LinearRing>
							<coordinates>
								-71.65561248116364,-16.31064044444261,0 -71.65535100175437,-16.3103902260169,0 -71.65545648014213,-16.31029763232872,0 -71.65571998979968,-16.31053106877803,0 -71.65561248116364,-16.31064044444261,0 
							</coordinates>
						</LinearRing>
					</outerBoundaryIs>
				</Polygon>
			</Placemark>
			<Placemark>
				<name>1.29.182-33</name>
				<styleUrl>#falseColor16390031201</styleUrl>
				<Polygon>
					<tessellate>1</tessellate>
					<outerBoundaryIs>
						<LinearRing>
							<coordinates>
								-71.65620753985148,-16.31070011755287,0 -71.65607199085814,-16.3107037061503,0 -71.65599408020216,-16.31069279315532,0 -71.65593505495141,-16.31065080595639,0 -71.65580011872176,-16.31052025601336,0 -71.65587610920066,-16.31045209018827,0 -71.65598866102449,-16.31060418426767,0 -71.65611293161568,-16.31051775010608,0 -71.65618915101092,-16.31051222615075,0 -71.65622323212713,-16.31056663536754,0 -71.65660716431647,-16.31054329624205,0 -71.65660321081737,-16.31069007356287,0 -71.65620753985148,-16.31070011755287,0 
							</coordinates>
						</LinearRing>
					</outerBoundaryIs>
				</Polygon>
			</Placemark>
			<Placemark>
				<name>1.29.183-3</name>
				<styleUrl>#falseColor16390031201</styleUrl>
				<Polygon>
					<tessellate>1</tessellate>
					<outerBoundaryIs>
						<LinearRing>
							<coordinates>
								-71.6507844227219,-16.31389627461927,0 -71.65087522259451,-16.31444379310381,0 -71.65040945929935,-16.31439986080199,0 -71.65017487921261,-16.3137732568129,0 -71.65058358124452,-16.31340276514159,0 -71.6507844227219,-16.31389627461927,0 
							</coordinates>
						</LinearRing>
					</outerBoundaryIs>
				</Polygon>
			</Placemark>
			<Placemark>
				<name>1.29.183-4</name>
				<styleUrl>#falseColor16390031201</styleUrl>
				<Polygon>
					<tessellate>1</tessellate>
					<outerBoundaryIs>
						<LinearRing>
							<coordinates>
								-71.64979383204304,-16.314743004422,0 -71.65003212324021,-16.31447111548582,0 -71.65034982322665,-16.31473323983253,0 -71.65013046811342,-16.31500814237601,0 -71.64979383204304,-16.314743004422,0 
							</coordinates>
						</LinearRing>
					</outerBoundaryIs>
				</Polygon>
			</Placemark>
			<Placemark>
				<name>1.29.183-5</name>
				<styleUrl>#falseColor16390031201</styleUrl>
				<Polygon>
					<tessellate>1</tessellate>
					<outerBoundaryIs>
						<LinearRing>
							<coordinates>
								-71.65033562215808,-16.31494044407507,0 -71.65047605460222,-16.31496066173971,0 -71.65044275823277,-16.31524849935334,0 -71.65011015069179,-16.31522342640251,0 -71.65033562215808,-16.31494044407507,0 
							</coordinates>
						</LinearRing>
					</outerBoundaryIs>
				</Polygon>
			</Placemark>
			<Placemark>
				<name>1.29.183-9</name>
				<styleUrl>#falseColor16390031201</styleUrl>
				<Polygon>
					<tessellate>1</tessellate>
					<outerBoundaryIs>
						<LinearRing>
							<coordinates>
								-71.64993251699315,-16.31587600501496,0 -71.6496208803908,-16.31586978967844,0 -71.64964480365434,-16.31559699239059,0 -71.64978268437002,-16.31552238900133,0 -71.64995773291639,-16.31536247409947,0 -71.64993251699315,-16.31587600501496,0 
							</coordinates>
						</LinearRing>
					</outerBoundaryIs>
				</Polygon>
			</Placemark>
			<Placemark>
				<name>1.29.183-10</name>
				<styleUrl>#falseColor16390031201</styleUrl>
				<Polygon>
					<tessellate>1</tessellate>
					<outerBoundaryIs>
						<LinearRing>
							<coordinates>
								-71.64992168457665,-16.31614405022801,0 -71.64969721924825,-16.3161218942531,0 -71.64970769600521,-16.31592977310885,0 -71.64993493510839,-16.3159374779946,0 -71.64992168457665,-16.31614405022801,0 
							</coordinates>
						</LinearRing>
					</outerBoundaryIs>
				</Polygon>
			</Placemark>
			<Placemark>
				<name>1.29.183-13</name>
				<styleUrl>#falseColor16390031201</styleUrl>
				<Polygon>
					<tessellate>1</tessellate>
					<outerBoundaryIs>
						<LinearRing>
							<coordinates>
								-71.65152021040674,-16.31797595620263,0 -71.65160195583084,-16.31827978547879,0 -71.65182178485182,-16.3182468719136,0 -71.65186158119286,-16.31841815237947,0 -71.65148438781162,-16.31848154937319,0 -71.65135838539661,-16.31800857729482,0 -71.65152021040674,-16.31797595620263,0 
							</coordinates>
						</LinearRing>
					</outerBoundaryIs>
				</Polygon>
			</Placemark>
		</Folder>
	</Folder>
</Document>
</kml>
