<?xml version="1.0" encoding="UTF-8"?>
<kml xmlns="http://www.opengis.net/kml/2.2" xmlns:gx="http://www.google.com/kml/ext/2.2" xmlns:kml="http://www.opengis.net/kml/2.2" xmlns:atom="http://www.w3.org/2005/Atom">
<Document>
	<name>Cluster_28_ingreso_economico_20feb2023.kml</name>
	<StyleMap id="msn_ylw-pushpin5111100">
		<Pair>
			<key>normal</key>
			<styleUrl>#sn_ylw-pushpin15040000</styleUrl>
		</Pair>
		<Pair>
			<key>highlight</key>
			<styleUrl>#sh_ylw-pushpin6212100</styleUrl>
		</Pair>
	</StyleMap>
	<StyleMap id="msn_ylw-pushpin530011000">
		<Pair>
			<key>normal</key>
			<styleUrl>#sn_ylw-pushpin141301000</styleUrl>
		</Pair>
		<Pair>
			<key>highlight</key>
			<styleUrl>#sh_ylw-pushpin132101000</styleUrl>
		</Pair>
	</StyleMap>
	<StyleMap id="msn_ylw-pushpin780">
		<Pair>
			<key>normal</key>
			<styleUrl>#sn_ylw-pushpin1393</styleUrl>
		</Pair>
		<Pair>
			<key>highlight</key>
			<styleUrl>#sh_ylw-pushpin14120</styleUrl>
		</Pair>
	</StyleMap>
	<StyleMap id="msn_ylw-pushpin7930100">
		<Pair>
			<key>normal</key>
			<styleUrl>#sn_ylw-pushpin7910100</styleUrl>
		</Pair>
		<Pair>
			<key>highlight</key>
			<styleUrl>#sh_ylw-pushpin695000</styleUrl>
		</Pair>
	</StyleMap>
	<StyleMap id="msn_ylw-pushpin850">
		<Pair>
			<key>normal</key>
			<styleUrl>#sn_ylw-pushpin630</styleUrl>
		</Pair>
		<Pair>
			<key>highlight</key>
			<styleUrl>#sh_ylw-pushpin640</styleUrl>
		</Pair>
	</StyleMap>
	<Style id="sh_ylw-pushpin132101000">
		<IconStyle>
			<scale>1.3</scale>
			<Icon>
				<href>http://maps.google.com/mapfiles/kml/pushpin/ylw-pushpin.png</href>
			</Icon>
			<hotSpot x="20" y="2" xunits="pixels" yunits="pixels"/>
		</IconStyle>
		<LineStyle>
			<width>3</width>
		</LineStyle>
		<PolyStyle>
			<color>00005500</color>
		</PolyStyle>
	</Style>
	<Style id="sh_ylw-pushpin14120">
		<IconStyle>
			<scale>1.3</scale>
			<Icon>
				<href>http://maps.google.com/mapfiles/kml/pushpin/ylw-pushpin.png</href>
			</Icon>
			<hotSpot x="20" y="2" xunits="pixels" yunits="pixels"/>
		</IconStyle>
		<LineStyle>
			<color>ff00ffff</color>
			<width>3</width>
		</LineStyle>
		<PolyStyle>
			<color>00ffffff</color>
		</PolyStyle>
	</Style>
	<Style id="sh_ylw-pushpin6212100">
		<IconStyle>
			<scale>1.3</scale>
			<Icon>
				<href>http://maps.google.com/mapfiles/kml/pushpin/ylw-pushpin.png</href>
			</Icon>
			<hotSpot x="20" y="2" xunits="pixels" yunits="pixels"/>
		</IconStyle>
		<LineStyle>
			<color>ff0000ff</color>
			<width>3</width>
		</LineStyle>
		<PolyStyle>
			<color>007fffff</color>
		</PolyStyle>
	</Style>
	<Style id="sh_ylw-pushpin640">
		<IconStyle>
			<scale>1.3</scale>
			<Icon>
				<href>http://maps.google.com/mapfiles/kml/pushpin/ylw-pushpin.png</href>
			</Icon>
			<hotSpot x="20" y="2" xunits="pixels" yunits="pixels"/>
		</IconStyle>
		<LineStyle>
			<color>ff0055aa</color>
			<width>3</width>
		</LineStyle>
		<PolyStyle>
			<color>000055aa</color>
		</PolyStyle>
	</Style>
	<Style id="sh_ylw-pushpin695000">
		<IconStyle>
			<scale>1.3</scale>
			<Icon>
				<href>http://maps.google.com/mapfiles/kml/pushpin/ylw-pushpin.png</href>
			</Icon>
			<hotSpot x="20" y="2" xunits="pixels" yunits="pixels"/>
		</IconStyle>
		<LineStyle>
			<color>ff00aaff</color>
			<width>3</width>
		</LineStyle>
		<PolyStyle>
			<color>0000ff00</color>
		</PolyStyle>
	</Style>
	<Style id="sn_ylw-pushpin1393">
		<IconStyle>
			<scale>1.1</scale>
			<Icon>
				<href>http://maps.google.com/mapfiles/kml/pushpin/ylw-pushpin.png</href>
			</Icon>
			<hotSpot x="20" y="2" xunits="pixels" yunits="pixels"/>
		</IconStyle>
		<LineStyle>
			<color>ff00ffff</color>
			<width>3</width>
		</LineStyle>
		<PolyStyle>
			<color>00ffffff</color>
		</PolyStyle>
	</Style>
	<Style id="sn_ylw-pushpin141301000">
		<IconStyle>
			<scale>1.1</scale>
			<Icon>
				<href>http://maps.google.com/mapfiles/kml/pushpin/ylw-pushpin.png</href>
			</Icon>
			<hotSpot x="20" y="2" xunits="pixels" yunits="pixels"/>
		</IconStyle>
		<LineStyle>
			<width>3</width>
		</LineStyle>
		<PolyStyle>
			<color>00005500</color>
		</PolyStyle>
	</Style>
	<Style id="sn_ylw-pushpin15040000">
		<IconStyle>
			<scale>1.1</scale>
			<Icon>
				<href>http://maps.google.com/mapfiles/kml/pushpin/ylw-pushpin.png</href>
			</Icon>
			<hotSpot x="20" y="2" xunits="pixels" yunits="pixels"/>
		</IconStyle>
		<LineStyle>
			<color>ff0000ff</color>
			<width>3</width>
		</LineStyle>
		<PolyStyle>
			<color>007fffff</color>
		</PolyStyle>
	</Style>
	<Style id="sn_ylw-pushpin630">
		<IconStyle>
			<scale>1.1</scale>
			<Icon>
				<href>http://maps.google.com/mapfiles/kml/pushpin/ylw-pushpin.png</href>
			</Icon>
			<hotSpot x="20" y="2" xunits="pixels" yunits="pixels"/>
		</IconStyle>
		<LineStyle>
			<color>ff0055aa</color>
			<width>3</width>
		</LineStyle>
		<PolyStyle>
			<color>000055aa</color>
		</PolyStyle>
	</Style>
	<Style id="sn_ylw-pushpin7910100">
		<IconStyle>
			<scale>1.1</scale>
			<Icon>
				<href>http://maps.google.com/mapfiles/kml/pushpin/ylw-pushpin.png</href>
			</Icon>
			<hotSpot x="20" y="2" xunits="pixels" yunits="pixels"/>
		</IconStyle>
		<LineStyle>
			<color>ff00aaff</color>
			<width>3</width>
		</LineStyle>
		<PolyStyle>
			<color>0000ff00</color>
		</PolyStyle>
	</Style>
	<Folder>
		<name>Cluster_28_ingreso_economico_20feb2023</name>
		<Folder>
			<name>A</name>
		</Folder>
		<Folder>
			<name>B</name>
			<Placemark>
				<name>1.4.1-1</name>
				<styleUrl>#msn_ylw-pushpin780</styleUrl>
				<Polygon>
					<tessellate>1</tessellate>
					<outerBoundaryIs>
						<LinearRing>
							<coordinates>
								-71.56278301186332,-16.39438895473587,0 -71.56313652444629,-16.39423167082381,0 -71.56318072609771,-16.39451423997082,0 -71.56302717301448,-16.39470557001425,0 -71.56293910650096,-16.3946745592559,0 -71.56278301186332,-16.39438895473587,0 
							</coordinates>
						</LinearRing>
					</outerBoundaryIs>
				</Polygon>
			</Placemark>
			<Placemark>
				<name>1.4.1-6</name>
				<styleUrl>#msn_ylw-pushpin780</styleUrl>
				<Polygon>
					<tessellate>1</tessellate>
					<outerBoundaryIs>
						<LinearRing>
							<coordinates>
								-71.56160984337619,-16.39614822032591,0 -71.5617101230349,-16.39632520118102,0 -71.56163529677205,-16.39650839677281,0 -71.5616289186955,-16.3965895524847,0 -71.561738853135,-16.39664581515388,0 -71.56172647427482,-16.39680372722842,0 -71.56172619965642,-16.39685054861083,0 -71.5613111855408,-16.39664762208445,0 -71.56128398188137,-16.39654560094327,0 -71.5614481241082,-16.39626813284938,0 -71.56160984337619,-16.39614822032591,0 
							</coordinates>
						</LinearRing>
					</outerBoundaryIs>
				</Polygon>
			</Placemark>
			<Placemark>
				<name>1.4.2-1</name>
				<styleUrl>#msn_ylw-pushpin780</styleUrl>
				<Polygon>
					<tessellate>1</tessellate>
					<outerBoundaryIs>
						<LinearRing>
							<coordinates>
								-71.56058969711974,-16.39259544594204,0 -71.56052429254764,-16.39325792031513,0 -71.56015696908393,-16.39314692118187,0 -71.56051713500453,-16.39261636825843,0 -71.56056892894865,-16.39258333827927,0 -71.56058969711974,-16.39259544594204,0 
							</coordinates>
						</LinearRing>
					</outerBoundaryIs>
				</Polygon>
			</Placemark>
			<Placemark>
				<name>1.4.2-2</name>
				<styleUrl>#msn_ylw-pushpin780</styleUrl>
				<Polygon>
					<tessellate>1</tessellate>
					<outerBoundaryIs>
						<LinearRing>
							<coordinates>
								-71.56052838953104,-16.3932936211043,0 -71.56049617091965,-16.39384064903859,0 -71.55975468667376,-16.39361847353937,0 -71.56011954027502,-16.39318280883315,0 -71.56052838953104,-16.3932936211043,0 
							</coordinates>
						</LinearRing>
					</outerBoundaryIs>
				</Polygon>
			</Placemark>
			<Placemark>
				<name>1.4.2-3</name>
				<styleUrl>#msn_ylw-pushpin780</styleUrl>
				<Polygon>
					<tessellate>1</tessellate>
					<outerBoundaryIs>
						<LinearRing>
							<coordinates>
								-71.56013705038876,-16.39381812406636,0 -71.56048574780431,-16.39388297161262,0 -71.5604201666761,-16.39432622880604,0 -71.5603676549197,-16.39444102380303,0 -71.56014303137381,-16.39441602888117,0 -71.56009540700902,-16.39485387372057,0 -71.56003186609624,-16.39487194022722,0 -71.56003195796916,-16.39491875762573,0 -71.55987841254014,-16.39492603904832,0 -71.55994893196193,-16.39453783237182,0 -71.56007152424185,-16.39423382059618,0 -71.56013705038876,-16.39381812406636,0 
							</coordinates>
						</LinearRing>
					</outerBoundaryIs>
				</Polygon>
			</Placemark>
			<Placemark>
				<name>1.4.2-4</name>
				<styleUrl>#msn_ylw-pushpin780</styleUrl>
				<Polygon>
					<tessellate>1</tessellate>
					<outerBoundaryIs>
						<LinearRing>
							<coordinates>
								-71.55989179144933,-16.39497957209164,0 -71.56010227286818,-16.39494946491319,0 -71.56015012840217,-16.39500018003841,0 -71.56024020361636,-16.39524562159973,0 -71.56023821975408,-16.395247654432,0 -71.56028400449583,-16.39560960672832,0 -71.56031238012039,-16.3958625408092,0 -71.56035468635478,-16.39601955261587,0 -71.5607921828793,-16.39605265637139,0 -71.56078379483132,-16.39620581775766,0 -71.5604792614288,-16.39618452275426,0 -71.56025347528106,-16.39610682232765,0 -71.56016182967703,-16.39599419554929,0 -71.56018040729353,-16.39574200148078,0 -71.56011992509968,-16.39542477887533,0 -71.56007101364756,-16.39529387081377,0 -71.55989599627519,-16.39519831545743,0 -71.55982069540246,-16.39511128233484,0 -71.55989179144933,-16.39497957209164,0 
							</coordinates>
						</LinearRing>
					</outerBoundaryIs>
				</Polygon>
			</Placemark>
			<Placemark>
				<name>1.4.2-5</name>
				<styleUrl>#msn_ylw-pushpin780</styleUrl>
				<Polygon>
					<tessellate>1</tessellate>
					<outerBoundaryIs>
						<LinearRing>
							<coordinates>
								-71.56088264005082,-16.39255500343464,0 -71.56083677790822,-16.39284871286342,0 -71.56061980455435,-16.39283419829036,0 -71.5606519541457,-16.39253201806607,0 -71.56088264005082,-16.39255500343464,0 
							</coordinates>
						</LinearRing>
					</outerBoundaryIs>
				</Polygon>
			</Placemark>
			<Placemark>
				<name>1.4.2-6</name>
				<styleUrl>#msn_ylw-pushpin780</styleUrl>
				<Polygon>
					<tessellate>1</tessellate>
					<outerBoundaryIs>
						<LinearRing>
							<coordinates>
								-71.56062091967001,-16.39287481650496,0 -71.56084314033491,-16.39288485036395,0 -71.56079755869922,-16.39332556105309,0 -71.56058228868952,-16.39327670866844,0 -71.56062091967001,-16.39287481650496,0 
							</coordinates>
						</LinearRing>
					</outerBoundaryIs>
				</Polygon>
			</Placemark>
			<Placemark>
				<name>1.4.2-7</name>
				<styleUrl>#msn_ylw-pushpin780</styleUrl>
				<Polygon>
					<tessellate>1</tessellate>
					<outerBoundaryIs>
						<LinearRing>
							<coordinates>
								-71.56057803992236,-16.3933094158562,0 -71.56078925899995,-16.39334586471345,0 -71.56071112764737,-16.393891747404,0 -71.56054022699871,-16.39385302681744,0 -71.56057803992236,-16.3933094158562,0 
							</coordinates>
						</LinearRing>
					</outerBoundaryIs>
				</Polygon>
			</Placemark>
			<Placemark>
				<name>1.4.2-8</name>
				<styleUrl>#msn_ylw-pushpin780</styleUrl>
				<Polygon>
					<tessellate>1</tessellate>
					<outerBoundaryIs>
						<LinearRing>
							<coordinates>
								-71.56054551651926,-16.39390478453922,0 -71.56069213991644,-16.39392545339075,0 -71.56059819067617,-16.39462484179111,0 -71.5605951447679,-16.39481345466083,0 -71.56059738724565,-16.39489169235631,0 -71.56058741913229,-16.39514976420365,0 -71.56061674255155,-16.39527678233423,0 -71.56059131393155,-16.3955500419148,0 -71.56032301167544,-16.39557601439934,0 -71.56026331484757,-16.39524325831638,0 -71.56021131301927,-16.39497924636091,0 -71.56021649969145,-16.3948420067014,0 -71.56038678309596,-16.39479899817957,0 -71.56054551651926,-16.39390478453922,0 
							</coordinates>
						</LinearRing>
					</outerBoundaryIs>
				</Polygon>
			</Placemark>
			<Placemark>
				<name>1.4.2-9</name>
				<styleUrl>#msn_ylw-pushpin780</styleUrl>
				<Polygon>
					<tessellate>1</tessellate>
					<outerBoundaryIs>
						<LinearRing>
							<coordinates>
								-71.56059051090955,-16.3959865049328,0 -71.56037547103624,-16.39597793273185,0 -71.56032182611253,-16.3956435195919,0 -71.56058145358165,-16.39560504297528,0 -71.56059051090955,-16.3959865049328,0 
							</coordinates>
						</LinearRing>
					</outerBoundaryIs>
				</Polygon>
			</Placemark>
			<Placemark>
				<name>1.4.2-10</name>
				<styleUrl>#msn_ylw-pushpin780</styleUrl>
				<Polygon>
					<tessellate>1</tessellate>
					<outerBoundaryIs>
						<LinearRing>
							<coordinates>
								-71.56084720897312,-16.39328067023536,0 -71.56092737438374,-16.39257489133972,0 -71.56124566429806,-16.39262619921422,0 -71.56119529102044,-16.39297423459317,0 -71.56111751774965,-16.39314858262186,0 -71.5613342602409,-16.39321544746868,0 -71.56125315335522,-16.39337399863838,0 -71.56084720897312,-16.39328067023536,0 
							</coordinates>
						</LinearRing>
					</outerBoundaryIs>
				</Polygon>
			</Placemark>
			<Placemark>
				<name>1.4.2-11</name>
				<styleUrl>#msn_ylw-pushpin780</styleUrl>
				<Polygon>
					<tessellate>1</tessellate>
					<outerBoundaryIs>
						<LinearRing>
							<coordinates>
								-71.560926141911,-16.39365501744944,0 -71.56078504451114,-16.39363548016221,0 -71.56084706176188,-16.39331194874179,0 -71.56122177678579,-16.39339543039737,0 -71.5611567044117,-16.39350661988031,0 -71.5610477614574,-16.39367290215855,0 -71.560926141911,-16.39365501744944,0 
							</coordinates>
						</LinearRing>
					</outerBoundaryIs>
				</Polygon>
			</Placemark>
			<Placemark>
				<name>1.4.2-12</name>
				<styleUrl>#msn_ylw-pushpin780</styleUrl>
				<Polygon>
					<tessellate>1</tessellate>
					<outerBoundaryIs>
						<LinearRing>
							<coordinates>
								-71.56073511117367,-16.39397640142003,0 -71.56077718356731,-16.39365197079988,0 -71.56089686927194,-16.39366779234653,0 -71.56105647130016,-16.39369786234425,0 -71.56123711944011,-16.39390804586349,0 -71.56125079489867,-16.39403150365361,0 -71.56073511117367,-16.39397640142003,0 
							</coordinates>
						</LinearRing>
					</outerBoundaryIs>
				</Polygon>
			</Placemark>
			<Placemark>
				<name>1.4.2-13</name>
				<styleUrl>#msn_ylw-pushpin780</styleUrl>
				<Polygon>
					<tessellate>1</tessellate>
					<outerBoundaryIs>
						<LinearRing>
							<coordinates>
								-71.56069040535617,-16.39426311129474,0 -71.56073054945341,-16.3939946646888,0 -71.56124760390186,-16.39404652897993,0 -71.56122028146831,-16.39433132549994,0 -71.56069040535617,-16.39426311129474,0 
							</coordinates>
						</LinearRing>
					</outerBoundaryIs>
				</Polygon>
			</Placemark>
			<Placemark>
				<name>1.4.2-14</name>
				<styleUrl>#msn_ylw-pushpin780</styleUrl>
				<Polygon>
					<tessellate>1</tessellate>
					<outerBoundaryIs>
						<LinearRing>
							<coordinates>
								-71.56124874684609,-16.3943418359171,0 -71.56127268828504,-16.39412645048646,0 -71.56125142783561,-16.39387965375317,0 -71.56128204436955,-16.39384163028762,0 -71.56135732034006,-16.39393467853493,0 -71.56145447441625,-16.39411420005676,0 -71.5614563608346,-16.39422646737328,0 -71.5614325596882,-16.39436805518908,0 -71.56124874684609,-16.3943418359171,0 
							</coordinates>
						</LinearRing>
					</outerBoundaryIs>
				</Polygon>
			</Placemark>
			<Placemark>
				<name>1.4.2-15</name>
				<styleUrl>#msn_ylw-pushpin780</styleUrl>
				<Polygon>
					<tessellate>1</tessellate>
					<outerBoundaryIs>
						<LinearRing>
							<coordinates>
								-71.56069282495341,-16.39429599030704,0 -71.56134815142435,-16.39440005302088,0 -71.56120365064631,-16.39459761461607,0 -71.56097549422378,-16.39480848565799,0 -71.56090906651987,-16.39491139002255,0 -71.56088783709752,-16.39495536223124,0 -71.56064793682256,-16.39493528267128,0 -71.56064909754201,-16.39461644634808,0 -71.56069282495341,-16.39429599030704,0 
							</coordinates>
						</LinearRing>
					</outerBoundaryIs>
				</Polygon>
			</Placemark>
			<Placemark>
				<name>1.4.2-16</name>
				<styleUrl>#msn_ylw-pushpin780</styleUrl>
				<Polygon>
					<tessellate>1</tessellate>
					<outerBoundaryIs>
						<LinearRing>
							<coordinates>
								-71.56126920399299,-16.39523210512211,0 -71.56131861239537,-16.3953713380227,0 -71.56131441004052,-16.39548382784939,0 -71.56066532566642,-16.39554947802027,0 -71.56065506039847,-16.39533556859595,0 -71.56064994512391,-16.3951777970928,0 -71.56064737477604,-16.39505413051251,0 -71.56075365390203,-16.39504682658433,0 -71.5607865234423,-16.39509056319659,0 -71.56083971234669,-16.39530412198677,0 -71.56126920399299,-16.39523210512211,0 
							</coordinates>
						</LinearRing>
					</outerBoundaryIs>
				</Polygon>
			</Placemark>
			<Placemark>
				<name>1.4.2-17</name>
				<styleUrl>#msn_ylw-pushpin780</styleUrl>
				<Polygon>
					<tessellate>1</tessellate>
					<outerBoundaryIs>
						<LinearRing>
							<coordinates>
								-71.56065027362676,-16.39559770776427,0 -71.56128206497472,-16.39553934317558,0 -71.56125927443655,-16.39574868860275,0 -71.56118728628054,-16.39598653718424,0 -71.56100945304351,-16.39601421368819,0 -71.56063686518961,-16.39599476835967,0 -71.56065027362676,-16.39559770776427,0 
							</coordinates>
						</LinearRing>
					</outerBoundaryIs>
				</Polygon>
			</Placemark>
			<Placemark>
				<name>1.4.2-18</name>
				<styleUrl>#msn_ylw-pushpin780</styleUrl>
				<Polygon>
					<tessellate>1</tessellate>
					<outerBoundaryIs>
						<LinearRing>
							<coordinates>
								-71.56114205127903,-16.39312967844886,0 -71.56120863520114,-16.39298128263277,0 -71.56127570472091,-16.39261556096118,0 -71.56149611807379,-16.39266811191871,0 -71.5616811380052,-16.39278305529232,0 -71.56196677902646,-16.39302354254803,0 -71.56222294987221,-16.39322762974627,0 -71.56250386593412,-16.39344922370357,0 -71.56262348707432,-16.39367261750228,0 -71.56274937330581,-16.39423621086501,0 -71.56271723433132,-16.39424604548659,0 -71.56257808868439,-16.3940850635997,0 -71.56225751289455,-16.39358681889501,0 -71.56208946746298,-16.39334277316655,0 -71.56192279894307,-16.39330844576829,0 -71.56149680201317,-16.39294245949116,0 -71.56140631965023,-16.39298494582215,0 -71.5613324920257,-16.39320139991063,0 -71.56114205127903,-16.39312967844886,0 
							</coordinates>
						</LinearRing>
					</outerBoundaryIs>
				</Polygon>
			</Placemark>
			<Placemark>
				<name>1.4.3-1</name>
				<styleUrl>#msn_ylw-pushpin780</styleUrl>
				<Polygon>
					<tessellate>1</tessellate>
					<outerBoundaryIs>
						<LinearRing>
							<coordinates>
								-71.56127009248979,-16.39240031822546,0 -71.561266794994,-16.39194575394074,0 -71.56152747188857,-16.39194479873406,0 -71.56146520783388,-16.3924262625776,0 -71.56127009248979,-16.39240031822546,0 
							</coordinates>
						</LinearRing>
					</outerBoundaryIs>
				</Polygon>
			</Placemark>
			<Placemark>
				<name>1.4.3-2</name>
				<styleUrl>#msn_ylw-pushpin780</styleUrl>
				<Polygon>
					<tessellate>1</tessellate>
					<outerBoundaryIs>
						<LinearRing>
							<coordinates>
								-71.56158340915078,-16.3920146552209,0 -71.56158200300912,-16.39181237650317,0 -71.5618873873704,-16.39181666206567,0 -71.56190406885153,-16.39202759296733,0 -71.56158340915078,-16.3920146552209,0 
							</coordinates>
						</LinearRing>
					</outerBoundaryIs>
				</Polygon>
			</Placemark>
			<Placemark>
				<name>1.4.3-3</name>
				<styleUrl>#msn_ylw-pushpin780</styleUrl>
				<Polygon>
					<tessellate>1</tessellate>
					<outerBoundaryIs>
						<LinearRing>
							<coordinates>
								-71.56192123420736,-16.39210700184299,0 -71.56202276153299,-16.39278459542322,0 -71.56149211717496,-16.39258496467234,0 -71.56153818778584,-16.39209093986603,0 -71.56192123420736,-16.39210700184299,0 
							</coordinates>
						</LinearRing>
					</outerBoundaryIs>
				</Polygon>
			</Placemark>
			<Placemark>
				<name>1.4.3-4</name>
				<styleUrl>#msn_ylw-pushpin780</styleUrl>
				<Polygon>
					<tessellate>1</tessellate>
					<outerBoundaryIs>
						<LinearRing>
							<coordinates>
								-71.56265408478015,-16.39249089214473,0 -71.56269660955581,-16.39290350357941,0 -71.5626606813921,-16.39294387205499,0 -71.56208624898548,-16.39285301649986,0 -71.56203202378096,-16.39242168609066,0 -71.56265408478015,-16.39249089214473,0 
							</coordinates>
						</LinearRing>
					</outerBoundaryIs>
				</Polygon>
			</Placemark>
			<Placemark>
				<name>1.4.3-5</name>
				<styleUrl>#msn_ylw-pushpin780</styleUrl>
				<Polygon>
					<tessellate>1</tessellate>
					<outerBoundaryIs>
						<LinearRing>
							<coordinates>
								-71.56176662512665,-16.39274443980246,0 -71.56204531717661,-16.39289143434587,0 -71.56274321406455,-16.39299345952175,0 -71.56282144047529,-16.39332516825349,0 -71.56276359558841,-16.39342762759446,0 -71.56266135270398,-16.39344763450883,0 -71.56252521620645,-16.39338821956231,0 -71.56161652352314,-16.39267822471879,0 -71.56176662512665,-16.39274443980246,0 
							</coordinates>
						</LinearRing>
					</outerBoundaryIs>
				</Polygon>
			</Placemark>
			<Placemark>
				<name>1.4.3-6</name>
				<styleUrl>#msn_ylw-pushpin780</styleUrl>
				<Polygon>
					<tessellate>1</tessellate>
					<outerBoundaryIs>
						<LinearRing>
							<coordinates>
								-71.56283767293542,-16.39347026726797,0 -71.56314926081158,-16.39341646320616,0 -71.56319904590927,-16.39365591486879,0 -71.56313711462656,-16.39389775827018,0 -71.56300476009326,-16.39417332110558,0 -71.56288247498648,-16.39428588676573,0 -71.56282133190327,-16.39428981606837,0 -71.56264541840022,-16.39352670943959,0 -71.56283767293542,-16.39347026726797,0 
							</coordinates>
						</LinearRing>
					</outerBoundaryIs>
				</Polygon>
			</Placemark>
			<Placemark>
				<name>1.4.4-1</name>
				<styleUrl>#msn_ylw-pushpin780</styleUrl>
				<Polygon>
					<tessellate>1</tessellate>
					<outerBoundaryIs>
						<LinearRing>
							<coordinates>
								-71.56238379621578,-16.39219031075763,0 -71.56260968013973,-16.39219030825898,0 -71.56274572347327,-16.39216571407389,0 -71.56266442967006,-16.39244718787979,0 -71.56201435838825,-16.39235823639333,0 -71.56199124251965,-16.39215829681409,0 -71.56194893562429,-16.39211580536004,0 -71.56193119506177,-16.39157447525999,0 -71.56189256794792,-16.39115468846803,0 -71.56195617766583,-16.39113396268662,0 -71.56216576264342,-16.39131602199676,0 -71.56220741372876,-16.39150371548778,0 -71.56238379621578,-16.39219031075763,0 
							</coordinates>
						</LinearRing>
					</outerBoundaryIs>
				</Polygon>
			</Placemark>
			<Placemark>
				<name>1.4.4-2</name>
				<styleUrl>#msn_ylw-pushpin780</styleUrl>
				<Polygon>
					<tessellate>1</tessellate>
					<outerBoundaryIs>
						<LinearRing>
							<coordinates>
								-71.5634925527369,-16.3920375478531,0 -71.5627596395138,-16.39207044406824,0 -71.56267284327424,-16.39187666580473,0 -71.5624483911739,-16.39152472699817,0 -71.56195470584164,-16.39105289699972,0 -71.56190696129676,-16.39098691688153,0 -71.56212635329673,-16.38990199001823,0 -71.56237870389663,-16.39026409975838,0 -71.56247181249118,-16.39040694598487,0 -71.56252037718323,-16.39062089441908,0 -71.56252901709867,-16.39088224746555,0 -71.56257720534191,-16.39097353736504,0 -71.56278500955096,-16.39111130168864,0 -71.5630711121992,-16.39129585231074,0 -71.56337519387986,-16.39152684495456,0 -71.56360876377448,-16.39191865145698,0 -71.5634925527369,-16.3920375478531,0 
							</coordinates>
						</LinearRing>
					</outerBoundaryIs>
				</Polygon>
			</Placemark>
			<Placemark>
				<name>1.4.4-3</name>
				<styleUrl>#msn_ylw-pushpin780</styleUrl>
				<Polygon>
					<tessellate>1</tessellate>
					<outerBoundaryIs>
						<LinearRing>
							<coordinates>
								-71.56370643620102,-16.39190262065561,0 -71.56363214558294,-16.39178011557452,0 -71.5635017536776,-16.39157185281838,0 -71.5632718401253,-16.39132441714961,0 -71.56292382230687,-16.39108734194042,0 -71.56310775688995,-16.39104313848553,0 -71.56282445284384,-16.39031976309925,0 -71.56286761179619,-16.39027405713605,0 -71.56309822887987,-16.39011639926705,0 -71.56326520124166,-16.39005663131685,0 -71.5635418020658,-16.38999685804509,0 -71.56377007849915,-16.39001636120821,0 -71.56392859256351,-16.39006557458745,0 -71.56408258949268,-16.39019092514982,0 -71.56414010119813,-16.39038153921808,0 -71.56409001807016,-16.39070337024701,0 -71.56400708458271,-16.39102885692179,0 -71.56400373200023,-16.39182388048757,0 -71.56370643620102,-16.39190262065561,0 
							</coordinates>
						</LinearRing>
					</outerBoundaryIs>
				</Polygon>
			</Placemark>
			<Placemark>
				<name>1.4.4-5</name>
				<styleUrl>#msn_ylw-pushpin780</styleUrl>
				<Polygon>
					<tessellate>1</tessellate>
					<outerBoundaryIs>
						<LinearRing>
							<coordinates>
								-71.56323203191756,-16.38992924765003,0 -71.56305741403683,-16.39000183682099,0 -71.56291523046151,-16.39008391633656,0 -71.56278659456976,-16.39018961341107,0 -71.56263309611712,-16.39033110906939,0 -71.56253827386142,-16.39030275293044,0 -71.56221649866116,-16.38986350042564,0 -71.56217043639545,-16.38964134542589,0 -71.56227316039771,-16.38913937789177,0 -71.56231728816164,-16.38902481953207,0 -71.56239244422051,-16.38900423559424,0 -71.56245377821926,-16.38904744895438,0 -71.56252579381139,-16.38915177765473,0 -71.56261434775425,-16.38927647832615,0 -71.5628157536221,-16.38941849342363,0 -71.5631467963095,-16.38955754854549,0 -71.56323203191756,-16.38992924765003,0 
							</coordinates>
						</LinearRing>
					</outerBoundaryIs>
				</Polygon>
			</Placemark>
			<Placemark>
				<name>1.4.4-6</name>
				<styleUrl>#msn_ylw-pushpin780</styleUrl>
				<Polygon>
					<tessellate>1</tessellate>
					<outerBoundaryIs>
						<LinearRing>
							<coordinates>
								-71.56346187315589,-16.38781924923087,0 -71.56309772259658,-16.38771023905031,0 -71.56304464438236,-16.3879305505087,0 -71.56307510989497,-16.38817670651028,0 -71.5631643131146,-16.38851187875522,0 -71.56268370187215,-16.38916571123237,0 -71.56257845361128,-16.38905615760424,0 -71.56248477952916,-16.3888406056107,0 -71.56243540919415,-16.38860634939339,0 -71.56244208280025,-16.38836632303646,0 -71.5625795830931,-16.38764473821646,0 -71.56256250722967,-16.38715095641939,0 -71.5626720211857,-16.38699383836867,0 -71.56365832367577,-16.38741772969388,0 -71.56346187315589,-16.38781924923087,0 
							</coordinates>
						</LinearRing>
					</outerBoundaryIs>
				</Polygon>
			</Placemark>
			<Placemark>
				<name>1.4.4-7</name>
				<styleUrl>#msn_ylw-pushpin780</styleUrl>
				<Polygon>
					<tessellate>1</tessellate>
					<outerBoundaryIs>
						<LinearRing>
							<coordinates>
								-71.56423427608395,-16.38863618606107,0 -71.56408971200139,-16.38815588493025,0 -71.56414069196923,-16.38808291184608,0 -71.56406910771057,-16.38784793464599,0 -71.56363688011169,-16.38766558876996,0 -71.56374049057428,-16.38746168640118,0 -71.56419618612044,-16.38767224146167,0 -71.56423320472247,-16.38774266015456,0 -71.56446908746329,-16.38856784710308,0 -71.56423427608395,-16.38863618606107,0 
							</coordinates>
						</LinearRing>
					</outerBoundaryIs>
				</Polygon>
			</Placemark>
			<Placemark>
				<name>1.4.4-8</name>
				<styleUrl>#msn_ylw-pushpin780</styleUrl>
				<Polygon>
					<tessellate>1</tessellate>
					<outerBoundaryIs>
						<LinearRing>
							<coordinates>
								-71.56415520272617,-16.38917678313516,0 -71.56395606109437,-16.38905716449789,0 -71.56420667611516,-16.38865704783615,0 -71.56443401670555,-16.38876282969819,0 -71.56415520272617,-16.38917678313516,0 
							</coordinates>
						</LinearRing>
					</outerBoundaryIs>
				</Polygon>
			</Placemark>
			<Placemark>
				<name>1.4.4-9</name>
				<styleUrl>#msn_ylw-pushpin780</styleUrl>
				<Polygon>
					<tessellate>1</tessellate>
					<outerBoundaryIs>
						<LinearRing>
							<coordinates>
								-71.56403233532181,-16.3892873829658,0 -71.56347674863461,-16.38940239177106,0 -71.56292959156922,-16.38926593709327,0 -71.56300817337925,-16.38905203299187,0 -71.56348111478366,-16.3891905789493,0 -71.56393507022099,-16.38908411561003,0 -71.56403233532181,-16.3892873829658,0 
							</coordinates>
						</LinearRing>
					</outerBoundaryIs>
				</Polygon>
			</Placemark>
			<Placemark>
				<name>1.4.4-10</name>
				<styleUrl>#msn_ylw-pushpin780</styleUrl>
				<Polygon>
					<tessellate>1</tessellate>
					<outerBoundaryIs>
						<LinearRing>
							<coordinates>
								-71.56399722261013,-16.38884497008114,0 -71.56322225999537,-16.38900862206842,0 -71.56317659132431,-16.38880818332671,0 -71.56393196838224,-16.3886436168804,0 -71.56399722261013,-16.38884497008114,0 
							</coordinates>
						</LinearRing>
					</outerBoundaryIs>
				</Polygon>
			</Placemark>
			<Placemark>
				<name>1.4.4-11</name>
				<styleUrl>#msn_ylw-pushpin780</styleUrl>
				<Polygon>
					<tessellate>1</tessellate>
					<outerBoundaryIs>
						<LinearRing>
							<coordinates>
								-71.5640520626402,-16.38855706051939,0 -71.56376328281794,-16.3886244243114,0 -71.56355536556397,-16.38792317437093,0 -71.56384000503492,-16.38785406606295,0 -71.5640520626402,-16.38855706051939,0 
							</coordinates>
						</LinearRing>
					</outerBoundaryIs>
				</Polygon>
			</Placemark>
			<Placemark>
				<name>1.4.4-12</name>
				<styleUrl>#msn_ylw-pushpin780</styleUrl>
				<Polygon>
					<tessellate>1</tessellate>
					<outerBoundaryIs>
						<LinearRing>
							<coordinates>
								-71.5636171215405,-16.38836386138546,0 -71.56322620869535,-16.38845471989633,0 -71.56315846440903,-16.38817155812828,0 -71.56350487273316,-16.38801140352906,0 -71.5636171215405,-16.38836386138546,0 
							</coordinates>
						</LinearRing>
					</outerBoundaryIs>
				</Polygon>
			</Placemark>
			<Placemark>
				<name>1.4.5-1</name>
				<styleUrl>#msn_ylw-pushpin780</styleUrl>
				<Polygon>
					<tessellate>1</tessellate>
					<outerBoundaryIs>
						<LinearRing>
							<coordinates>
								-71.56557274578336,-16.39259485421534,0 -71.56608946516909,-16.39265443505802,0 -71.56603023657074,-16.39350027111685,0 -71.56547593045352,-16.39341935333464,0 -71.56557274578336,-16.39259485421534,0 
							</coordinates>
						</LinearRing>
					</outerBoundaryIs>
				</Polygon>
			</Placemark>
			<Placemark>
				<name>1.4.5-2</name>
				<styleUrl>#msn_ylw-pushpin780</styleUrl>
				<Polygon>
					<tessellate>1</tessellate>
					<outerBoundaryIs>
						<LinearRing>
							<coordinates>
								-71.56546254275324,-16.3934154195351,0 -71.56509377909926,-16.39336896972874,0 -71.5652057281246,-16.39256566328938,0 -71.56554585637072,-16.39259537483133,0 -71.56546254275324,-16.3934154195351,0 
							</coordinates>
						</LinearRing>
					</outerBoundaryIs>
				</Polygon>
			</Placemark>
			<Placemark>
				<name>1.4.5-3</name>
				<styleUrl>#msn_ylw-pushpin780</styleUrl>
				<Polygon>
					<tessellate>1</tessellate>
					<outerBoundaryIs>
						<LinearRing>
							<coordinates>
								-71.56506684793519,-16.39336381197779,0 -71.56474047511976,-16.39332262873014,0 -71.56485808709397,-16.39252262402186,0 -71.56517724040791,-16.39255292053159,0 -71.56506684793519,-16.39336381197779,0 
							</coordinates>
						</LinearRing>
					</outerBoundaryIs>
				</Polygon>
			</Placemark>
			<Placemark>
				<name>1.4.5-4</name>
				<styleUrl>#msn_ylw-pushpin780</styleUrl>
				<Polygon>
					<tessellate>1</tessellate>
					<outerBoundaryIs>
						<LinearRing>
							<coordinates>
								-71.56480786335173,-16.39251113269242,0 -71.56469925240333,-16.39330628178729,0 -71.56437903101202,-16.39327435741201,0 -71.56449770606088,-16.39247717714057,0 -71.56480786335173,-16.39251113269242,0 
							</coordinates>
						</LinearRing>
					</outerBoundaryIs>
				</Polygon>
			</Placemark>
			<Placemark>
				<name>1.4.5-5</name>
				<styleUrl>#msn_ylw-pushpin780</styleUrl>
				<Polygon>
					<tessellate>1</tessellate>
					<outerBoundaryIs>
						<LinearRing>
							<coordinates>
								-71.56422200909913,-16.39240666215527,0 -71.56409927192031,-16.39323093258139,0 -71.56377565112895,-16.39320222251978,0 -71.56390151844032,-16.39236740477566,0 -71.56422200909913,-16.39240666215527,0 
							</coordinates>
						</LinearRing>
					</outerBoundaryIs>
				</Polygon>
			</Placemark>
			<Placemark>
				<name>1.4.5-6</name>
				<styleUrl>#msn_ylw-pushpin780</styleUrl>
				<Polygon>
					<tessellate>1</tessellate>
					<outerBoundaryIs>
						<LinearRing>
							<coordinates>
								-71.56372108489312,-16.39319087382375,0 -71.5634124978189,-16.39315790176559,0 -71.56353163363831,-16.39235415140301,0 -71.56353930466356,-16.39233404728774,0 -71.56353676629563,-16.39232468849724,0 -71.56384931974605,-16.39236299188222,0 -71.56372108489312,-16.39319087382375,0 
							</coordinates>
						</LinearRing>
					</outerBoundaryIs>
				</Polygon>
			</Placemark>
			<Placemark>
				<name>1.4.5-7</name>
				<styleUrl>#msn_ylw-pushpin780</styleUrl>
				<Polygon>
					<tessellate>1</tessellate>
					<outerBoundaryIs>
						<LinearRing>
							<coordinates>
								-71.56337182881197,-16.39315909505206,0 -71.56307247289951,-16.39311753293887,0 -71.56318225427137,-16.39230656302066,0 -71.56348455383183,-16.39233365024164,0 -71.56337182881197,-16.39315909505206,0 
							</coordinates>
						</LinearRing>
					</outerBoundaryIs>
				</Polygon>
			</Placemark>
			<Placemark>
				<name>1.4.5-8</name>
				<styleUrl>#msn_ylw-pushpin780</styleUrl>
				<Polygon>
					<tessellate>1</tessellate>
					<outerBoundaryIs>
						<LinearRing>
							<coordinates>
								-71.5631133088292,-16.39231011719097,0 -71.56299196440968,-16.39311532316818,0 -71.56284885772956,-16.39311349782184,0 -71.56276362694204,-16.39269031693002,0 -71.56277750931027,-16.39238116204149,0 -71.56286386862918,-16.39231973278771,0 -71.5631133088292,-16.39231011719097,0 
							</coordinates>
						</LinearRing>
					</outerBoundaryIs>
				</Polygon>
			</Placemark>
			<Placemark>
				<name>1.4.5-9</name>
				<styleUrl>#msn_ylw-pushpin780</styleUrl>
				<Polygon>
					<tessellate>1</tessellate>
					<outerBoundaryIs>
						<LinearRing>
							<coordinates>
								-71.56305443382496,-16.39322215324669,0 -71.5630606965322,-16.39317856400759,0 -71.56342878355895,-16.39320397229872,0 -71.56471442736739,-16.39338468165504,0 -71.56468992190405,-16.39352225835149,0 -71.56406931296775,-16.39343606204087,0 -71.56354704469648,-16.39337091531535,0 -71.5631216145663,-16.39333961565293,0 -71.56285665494141,-16.39334501819695,0 -71.56283890210544,-16.39323132851968,0 -71.56305443382496,-16.39322215324669,0 
							</coordinates>
						</LinearRing>
					</outerBoundaryIs>
				</Polygon>
			</Placemark>
			<Placemark>
				<name>1.4.5-10</name>
				<styleUrl>#msn_ylw-pushpin780</styleUrl>
				<Polygon>
					<tessellate>1</tessellate>
					<outerBoundaryIs>
						<LinearRing>
							<coordinates>
								-71.56474637293384,-16.39352408655394,0 -71.56475130701035,-16.3933644549598,0 -71.56506228403752,-16.39340800015842,0 -71.56541009018844,-16.39346716819709,0 -71.56603817498876,-16.39354595855807,0 -71.56602207636107,-16.39370808279622,0 -71.56561319864642,-16.39365790575044,0 -71.56520139088352,-16.39360005053323,0 -71.56474637293384,-16.39352408655394,0 
							</coordinates>
						</LinearRing>
					</outerBoundaryIs>
				</Polygon>
			</Placemark>
			<Placemark>
				<name>1.4.6-1</name>
				<styleUrl>#msn_ylw-pushpin780</styleUrl>
				<Polygon>
					<tessellate>1</tessellate>
					<outerBoundaryIs>
						<LinearRing>
							<coordinates>
								-71.56347554901961,-16.3922496591224,0 -71.56348126873061,-16.39218380380533,0 -71.56423126247795,-16.39212756855034,0 -71.56507639415707,-16.39205256941823,0 -71.56529849054307,-16.39202746420697,0 -71.56524697167731,-16.39246624305344,0 -71.56347554901961,-16.3922496591224,0 
							</coordinates>
						</LinearRing>
					</outerBoundaryIs>
				</Polygon>
			</Placemark>
			<Placemark>
				<name>1.4.7-3</name>
				<styleUrl>#msn_ylw-pushpin780</styleUrl>
				<Polygon>
					<tessellate>1</tessellate>
					<outerBoundaryIs>
						<LinearRing>
							<coordinates>
								-71.56569130539856,-16.39076637285238,0 -71.56568533526229,-16.39096499184507,0 -71.56528719379872,-16.39098661333757,0 -71.56525891291666,-16.39061411941414,0 -71.56562254337754,-16.39058499946022,0 -71.56569130539856,-16.39076637285238,0 
							</coordinates>
						</LinearRing>
					</outerBoundaryIs>
				</Polygon>
			</Placemark>
			<Placemark>
				<name>1.4.7-4</name>
				<styleUrl>#msn_ylw-pushpin780</styleUrl>
				<Polygon>
					<tessellate>1</tessellate>
					<outerBoundaryIs>
						<LinearRing>
							<coordinates>
								-71.56583351561319,-16.39047619511836,0 -71.56524024294853,-16.39053689700246,0 -71.56521183272379,-16.39015895331,0 -71.56581088591786,-16.3901012877622,0 -71.56583351561319,-16.39047619511836,0 
							</coordinates>
						</LinearRing>
					</outerBoundaryIs>
				</Polygon>
			</Placemark>
			<Placemark>
				<name>1.4.7-5</name>
				<styleUrl>#msn_ylw-pushpin780</styleUrl>
				<Polygon>
					<tessellate>1</tessellate>
					<outerBoundaryIs>
						<LinearRing>
							<coordinates>
								-71.56582017605062,-16.39003141534579,0 -71.56518892183686,-16.39009434196587,0 -71.56514491812251,-16.38971218298605,0 -71.56577789830506,-16.38964101435278,0 -71.56582017605062,-16.39003141534579,0 
							</coordinates>
						</LinearRing>
					</outerBoundaryIs>
				</Polygon>
			</Placemark>
			<Placemark>
				<name>1.4.7-6</name>
				<styleUrl>#msn_ylw-pushpin780</styleUrl>
				<Polygon>
					<tessellate>1</tessellate>
					<outerBoundaryIs>
						<LinearRing>
							<coordinates>
								-71.56576038589114,-16.38958015906627,0 -71.56512411645238,-16.38962992052663,0 -71.56507246051576,-16.38926751789445,0 -71.56574087764709,-16.38920812165063,0 -71.56576038589114,-16.38958015906627,0 
							</coordinates>
						</LinearRing>
					</outerBoundaryIs>
				</Polygon>
			</Placemark>
			<Placemark>
				<name>1.4.7-7</name>
				<styleUrl>#msn_ylw-pushpin780</styleUrl>
				<Polygon>
					<tessellate>1</tessellate>
					<outerBoundaryIs>
						<LinearRing>
							<coordinates>
								-71.5657485980777,-16.38912842065744,0 -71.56505368852656,-16.38918363446394,0 -71.564981824645,-16.38881840578743,0 -71.56571397094336,-16.38875671140922,0 -71.5657485980777,-16.38912842065744,0 
							</coordinates>
						</LinearRing>
					</outerBoundaryIs>
				</Polygon>
			</Placemark>
			<Placemark>
				<name>1.4.7-8</name>
				<styleUrl>#msn_ylw-pushpin780</styleUrl>
				<Polygon>
					<tessellate>1</tessellate>
					<outerBoundaryIs>
						<LinearRing>
							<coordinates>
								-71.56598168464623,-16.39038794482461,0 -71.56590676182722,-16.39039592819084,0 -71.56579538742565,-16.38873398528073,0 -71.56607272546077,-16.38872624429105,0 -71.56598168464623,-16.39038794482461,0 
							</coordinates>
						</LinearRing>
					</outerBoundaryIs>
				</Polygon>
			</Placemark>
			<Placemark>
				<name>1.4.7-9</name>
				<styleUrl>#msn_ylw-pushpin780</styleUrl>
				<Polygon>
					<tessellate>1</tessellate>
					<outerBoundaryIs>
						<LinearRing>
							<coordinates>
								-71.56590863519995,-16.38866260582772,0 -71.56496970250809,-16.38875568072346,0 -71.56489595405874,-16.3883744440274,0 -71.56586612448295,-16.38828682897503,0 -71.56590863519995,-16.38866260582772,0 
							</coordinates>
						</LinearRing>
					</outerBoundaryIs>
				</Polygon>
			</Placemark>
			<Placemark>
				<name>1.4.7-10</name>
				<styleUrl>#msn_ylw-pushpin780</styleUrl>
				<Polygon>
					<tessellate>1</tessellate>
					<outerBoundaryIs>
						<LinearRing>
							<coordinates>
								-71.56585958449799,-16.3882119942335,0 -71.56487716912382,-16.38830273090657,0 -71.56478553116143,-16.38793574795026,0 -71.56583218168632,-16.38783790237614,0 -71.56585958449799,-16.3882119942335,0 
							</coordinates>
						</LinearRing>
					</outerBoundaryIs>
				</Polygon>
			</Placemark>
			<Placemark>
				<name>1.4.7-11</name>
				<styleUrl>#msn_ylw-pushpin780</styleUrl>
				<Polygon>
					<tessellate>1</tessellate>
					<outerBoundaryIs>
						<LinearRing>
							<coordinates>
								-71.5658739106249,-16.3873903369273,0 -71.56463538476171,-16.38729569617684,0 -71.56465341674816,-16.38693503415087,0 -71.5658657304045,-16.38701800442029,0 -71.5658904544155,-16.38701783313073,0 -71.5658739106249,-16.3873903369273,0 
							</coordinates>
						</LinearRing>
					</outerBoundaryIs>
				</Polygon>
			</Placemark>
			<Placemark>
				<name>1.4.7-12</name>
				<styleUrl>#msn_ylw-pushpin780</styleUrl>
				<Polygon>
					<tessellate>1</tessellate>
					<outerBoundaryIs>
						<LinearRing>
							<coordinates>
								-71.56607109293476,-16.38864866253907,0 -71.56595746103558,-16.38865581392583,0 -71.56590316746235,-16.38777965885123,0 -71.5659699404975,-16.38702160391012,0 -71.56616889994758,-16.38702773989096,0 -71.56607109293476,-16.38864866253907,0 
							</coordinates>
						</LinearRing>
					</outerBoundaryIs>
				</Polygon>
			</Placemark>
			<Placemark>
				<name>1.4.7-13</name>
				<styleUrl>#msn_ylw-pushpin780</styleUrl>
				<Polygon>
					<tessellate>1</tessellate>
					<outerBoundaryIs>
						<LinearRing>
							<coordinates>
								-71.5661622202139,-16.38695510561019,0 -71.5646687536711,-16.38684534719113,0 -71.56468749480196,-16.3866358348716,0 -71.56618369517894,-16.38675465158632,0 -71.5661622202139,-16.38695510561019,0 
							</coordinates>
						</LinearRing>
					</outerBoundaryIs>
				</Polygon>
			</Placemark>
			<Placemark>
				<name>1.4.7-15</name>
				<styleUrl>#msn_ylw-pushpin780</styleUrl>
				<Polygon>
					<tessellate>1</tessellate>
					<outerBoundaryIs>
						<LinearRing>
							<coordinates>
								-71.56440415571252,-16.38728507835326,0 -71.56312958285267,-16.38671457525475,0 -71.56331414175165,-16.38656011169411,0 -71.56349485619286,-16.38658460221034,0 -71.56390914475087,-16.38666492243065,0 -71.56454730364943,-16.38692738740445,0 -71.56440415571252,-16.38728507835326,0 
							</coordinates>
						</LinearRing>
					</outerBoundaryIs>
				</Polygon>
			</Placemark>
			<Placemark>
				<name>1.4.7-16</name>
				<styleUrl>#msn_ylw-pushpin780</styleUrl>
				<Polygon>
					<tessellate>1</tessellate>
					<outerBoundaryIs>
						<LinearRing>
							<coordinates>
								-71.56434531563106,-16.38754889758306,0 -71.56281567277739,-16.38689440857679,0 -71.56302822803106,-16.3867569383804,0 -71.56443401431827,-16.38737575743167,0 -71.56434531563106,-16.38754889758306,0 
							</coordinates>
						</LinearRing>
					</outerBoundaryIs>
				</Polygon>
			</Placemark>
			<Placemark>
				<name>1.4.7-17</name>
				<styleUrl>#msn_ylw-pushpin780</styleUrl>
				<Polygon>
					<tessellate>1</tessellate>
					<outerBoundaryIs>
						<LinearRing>
							<coordinates>
								-71.56477880199076,-16.38836072562815,0 -71.56495704001071,-16.3892245058347,0 -71.56475041874621,-16.38923976606118,0 -71.56462371152648,-16.38859559365421,0 -71.56435602647747,-16.38754884739718,0 -71.56455649369799,-16.38749365129231,0 -71.56477880199076,-16.38836072562815,0 
							</coordinates>
						</LinearRing>
					</outerBoundaryIs>
				</Polygon>
			</Placemark>
			<Placemark>
				<name>1.4.7-18</name>
				<styleUrl>#msn_ylw-pushpin780</styleUrl>
				<Polygon>
					<tessellate>1</tessellate>
					<outerBoundaryIs>
						<LinearRing>
							<coordinates>
								-71.56528236951623,-16.39187817390795,0 -71.56504751007914,-16.39190915230749,0 -71.56505211066896,-16.39131135588014,0 -71.56499118833958,-16.39075341565553,0 -71.56488790933282,-16.39003786428388,0 -71.56476001547142,-16.3893078571819,0 -71.56498124212266,-16.38927411654987,0 -71.56517414370586,-16.39067002244605,0 -71.56528236951623,-16.39187817390795,0 
							</coordinates>
						</LinearRing>
					</outerBoundaryIs>
				</Polygon>
			</Placemark>
			<Placemark>
				<name>1.4.29-1</name>
				<styleUrl>#msn_ylw-pushpin780</styleUrl>
				<Polygon>
					<tessellate>1</tessellate>
					<outerBoundaryIs>
						<LinearRing>
							<coordinates>
								-71.56244903233225,-16.3871883711287,0 -71.56248359066754,-16.38758710410845,0 -71.56228326475684,-16.38846645578449,0 -71.5621373319576,-16.38932720720709,0 -71.56195716715446,-16.39032475697853,0 -71.56079356304319,-16.38988576352739,0 -71.56095910899141,-16.38950870666095,0 -71.56115545819684,-16.38883804536007,0 -71.56140993322049,-16.38830304189329,0 -71.56140979079049,-16.38829389450813,0 -71.5616358318717,-16.38790784629812,0 -71.56169535811725,-16.38776097767213,0 -71.56173853655147,-16.38648187684753,0 -71.56244207335388,-16.38674985759338,0 -71.56244903233225,-16.3871883711287,0 
							</coordinates>
						</LinearRing>
					</outerBoundaryIs>
				</Polygon>
			</Placemark>
			<Placemark>
				<name>1.4.29-2</name>
				<styleUrl>#msn_ylw-pushpin780</styleUrl>
				<Polygon>
					<tessellate>1</tessellate>
					<outerBoundaryIs>
						<LinearRing>
							<coordinates>
								-71.56073566851106,-16.38987739539114,0 -71.56055518613061,-16.3898092752441,0 -71.56058264770445,-16.38938342836481,0 -71.56082618142759,-16.38866139863615,0 -71.56088737686891,-16.38856524468408,0 -71.56106403795455,-16.38837977937809,0 -71.56124505738669,-16.38810838489156,0 -71.5614847371214,-16.38766388052868,0 -71.56155358801945,-16.38749004464419,0 -71.56158023123598,-16.38731118692376,0 -71.56163306347395,-16.38736389902112,0 -71.56167267408249,-16.38752121284641,0 -71.56165146891045,-16.38766343884902,0 -71.56159537091705,-16.38783825527224,0 -71.56133991321991,-16.38835396575995,0 -71.56118523297791,-16.38864291099504,0 -71.56093574967949,-16.38936925288092,0 -71.56073566851106,-16.38987739539114,0 
							</coordinates>
						</LinearRing>
					</outerBoundaryIs>
				</Polygon>
			</Placemark>
			<Placemark>
				<name>1.4.29-3</name>
				<styleUrl>#msn_ylw-pushpin780</styleUrl>
				<Polygon>
					<tessellate>1</tessellate>
					<outerBoundaryIs>
						<LinearRing>
							<coordinates>
								-71.56185880294147,-16.3908588845581,0 -71.56159106370806,-16.39080788513396,0 -71.56161554922286,-16.39070600977508,0 -71.56077012596671,-16.39055456607764,0 -71.56068214537942,-16.39029272787556,0 -71.56073109822788,-16.39011890363092,0 -71.5610809300685,-16.39023189508022,0 -71.56104543813345,-16.39037930277161,0 -71.56129840088617,-16.39042688335158,0 -71.56196057665844,-16.39047600723385,0 -71.56185880294147,-16.3908588845581,0 
							</coordinates>
						</LinearRing>
					</outerBoundaryIs>
				</Polygon>
			</Placemark>
			<Placemark>
				<name>1.4.29-4</name>
				<styleUrl>#msn_ylw-pushpin780</styleUrl>
				<Polygon>
					<tessellate>1</tessellate>
					<outerBoundaryIs>
						<LinearRing>
							<coordinates>
								-71.56143341485385,-16.39102887682987,0 -71.5613982257733,-16.3911660185297,0 -71.56136350170134,-16.39122429430715,0 -71.56130046971178,-16.39123810003655,0 -71.56118391599028,-16.39120255601015,0 -71.56103140250053,-16.39112123609516,0 -71.56088455869578,-16.39102017678669,0 -71.56078201711155,-16.39093339988974,0 -71.56069962965695,-16.39063212412099,0 -71.56132531323263,-16.39076431911603,0 -71.56135381129209,-16.39075869149057,0 -71.56135951960499,-16.39075811192621,0 -71.56143341485385,-16.39102887682987,0 
							</coordinates>
						</LinearRing>
					</outerBoundaryIs>
				</Polygon>
			</Placemark>
			<Placemark>
				<name>1.4.29-5</name>
				<styleUrl>#msn_ylw-pushpin780</styleUrl>
				<Polygon>
					<tessellate>1</tessellate>
					<outerBoundaryIs>
						<LinearRing>
							<coordinates>
								-71.56123522288173,-16.39140651760824,0 -71.56066391496691,-16.39131696862507,0 -71.56060917000082,-16.39121684378272,0 -71.56046874366186,-16.39092214252929,0 -71.56043862516181,-16.39079655702482,0 -71.56046475599696,-16.39057155756032,0 -71.56049225869653,-16.39024144572993,0 -71.56064185909014,-16.39028486597142,0 -71.56067852856685,-16.39055766759411,0 -71.56061082425423,-16.39063097998362,0 -71.56066752329055,-16.39084715913657,0 -71.56081928191854,-16.39107155686706,0 -71.56102085596935,-16.39121029034301,0 -71.56126887787227,-16.3913098894343,0 -71.56123522288173,-16.39140651760824,0 
							</coordinates>
						</LinearRing>
					</outerBoundaryIs>
				</Polygon>
			</Placemark>
		</Folder>
		<Folder>
			<name>C</name>
			<Placemark>
				<name>1.4.6-2</name>
				<styleUrl>#msn_ylw-pushpin7930100</styleUrl>
				<Polygon>
					<tessellate>1</tessellate>
					<outerBoundaryIs>
						<LinearRing>
							<coordinates>
								-71.56536315135359,-16.39202897318232,0 -71.56571698679811,-16.39199903591449,0 -71.56572283621203,-16.39203788836227,0 -71.56565555019883,-16.39251399237717,0 -71.56530708792948,-16.39247035042347,0 -71.56536315135359,-16.39202897318232,0 
							</coordinates>
						</LinearRing>
					</outerBoundaryIs>
				</Polygon>
			</Placemark>
			<Placemark>
				<name>1.4.6-3</name>
				<styleUrl>#msn_ylw-pushpin7930100</styleUrl>
				<Polygon>
					<tessellate>1</tessellate>
					<outerBoundaryIs>
						<LinearRing>
							<coordinates>
								-71.5657830135483,-16.39199093175773,0 -71.56616362386468,-16.39196544803584,0 -71.56611595308198,-16.39256059157335,0 -71.56572391183184,-16.3925239727757,0 -71.5657830135483,-16.39199093175773,0 
							</coordinates>
						</LinearRing>
					</outerBoundaryIs>
				</Polygon>
			</Placemark>
			<Placemark>
				<name>1.4.7-1</name>
				<styleUrl>#msn_ylw-pushpin7930100</styleUrl>
				<Polygon>
					<tessellate>1</tessellate>
					<outerBoundaryIs>
						<LinearRing>
							<coordinates>
								-71.56602064525143,-16.39183777151383,0 -71.5658212934003,-16.39185912751941,0 -71.56581328125854,-16.39164851562482,0 -71.56601385377471,-16.39161897767493,0 -71.56602064525143,-16.39183777151383,0 
							</coordinates>
						</LinearRing>
					</outerBoundaryIs>
				</Polygon>
			</Placemark>
			<Placemark>
				<name>1.4.7-2</name>
				<styleUrl>#msn_ylw-pushpin7930100</styleUrl>
				<Polygon>
					<tessellate>1</tessellate>
					<outerBoundaryIs>
						<LinearRing>
							<coordinates>
								-71.56576255113804,-16.39185229458858,0 -71.56535662744797,-16.39188449980868,0 -71.56529825348177,-16.39106940722009,0 -71.56567088311071,-16.39102936952053,0 -71.56576255113804,-16.39185229458858,0 
							</coordinates>
						</LinearRing>
					</outerBoundaryIs>
				</Polygon>
			</Placemark>
			<Placemark>
				<name>1.4.7-14</name>
				<styleUrl>#msn_ylw-pushpin7930100</styleUrl>
				<Polygon>
					<tessellate>1</tessellate>
					<outerBoundaryIs>
						<LinearRing>
							<coordinates>
								-71.56457032132172,-16.38683988231649,0 -71.56444850751511,-16.38681908949769,0 -71.56401724732559,-16.38663122201129,0 -71.56399460579576,-16.38659532812837,0 -71.56458637402125,-16.38663504799183,0 -71.56457032132172,-16.38683988231649,0 
							</coordinates>
						</LinearRing>
					</outerBoundaryIs>
				</Polygon>
			</Placemark>
			<Placemark>
				<name>1.4.8-1</name>
				<styleUrl>#msn_ylw-pushpin7930100</styleUrl>
				<Polygon>
					<tessellate>1</tessellate>
					<outerBoundaryIs>
						<LinearRing>
							<coordinates>
								-71.56611105153564,-16.39183050874859,0 -71.5660493654608,-16.39175126923896,0 -71.56600461027828,-16.39106489555522,0 -71.56604324722913,-16.39099103263326,0 -71.56648810561177,-16.39152069870748,0 -71.56611105153564,-16.39183050874859,0 
							</coordinates>
						</LinearRing>
					</outerBoundaryIs>
				</Polygon>
			</Placemark>
			<Placemark>
				<name>1.4.8-2</name>
				<styleUrl>#msn_ylw-pushpin7930100</styleUrl>
				<Polygon>
					<tessellate>1</tessellate>
					<outerBoundaryIs>
						<LinearRing>
							<coordinates>
								-71.56634511507512,-16.39066374631336,0 -71.56683802662722,-16.39118071254212,0 -71.56654261317368,-16.39145869090551,0 -71.56607745700978,-16.39094158389337,0 -71.56634511507512,-16.39066374631336,0 
							</coordinates>
						</LinearRing>
					</outerBoundaryIs>
				</Polygon>
			</Placemark>
			<Placemark>
				<name>1.4.8-4</name>
				<styleUrl>#msn_ylw-pushpin7930100</styleUrl>
				<Polygon>
					<tessellate>1</tessellate>
					<outerBoundaryIs>
						<LinearRing>
							<coordinates>
								-71.56638072445783,-16.39061651090682,0 -71.56650247983691,-16.39046550365392,0 -71.56658451377129,-16.39022810769777,0 -71.56716852805224,-16.39089227493445,0 -71.56687877570705,-16.39113474314237,0 -71.56638072445783,-16.39061651090682,0 
							</coordinates>
						</LinearRing>
					</outerBoundaryIs>
				</Polygon>
			</Placemark>
			<Placemark>
				<name>1.4.8-5</name>
				<styleUrl>#msn_ylw-pushpin7930100</styleUrl>
				<Polygon>
					<tessellate>1</tessellate>
					<outerBoundaryIs>
						<LinearRing>
							<coordinates>
								-71.5665962611228,-16.39014922804714,0 -71.56657214991691,-16.38996254297468,0 -71.56660013773032,-16.38969449061209,0 -71.56665926610209,-16.38967182706118,0 -71.56677762363127,-16.3897771670095,0 -71.56754796112925,-16.39060381739943,0 -71.56723986718325,-16.39084813837109,0 -71.5665962611228,-16.39014922804714,0 
							</coordinates>
						</LinearRing>
					</outerBoundaryIs>
				</Polygon>
			</Placemark>
			<Placemark>
				<name>1.4.8-6</name>
				<styleUrl>#msn_ylw-pushpin7930100</styleUrl>
				<Polygon>
					<tessellate>1</tessellate>
					<outerBoundaryIs>
						<LinearRing>
							<coordinates>
								-71.56664046270021,-16.38951322192557,0 -71.56678252910542,-16.38912917105018,0 -71.56686070033028,-16.38916541586566,0 -71.56788088596873,-16.39030910965969,0 -71.56759829682829,-16.39056444219599,0 -71.56664046270021,-16.38951322192557,0 
							</coordinates>
						</LinearRing>
					</outerBoundaryIs>
				</Polygon>
			</Placemark>
			<Placemark>
				<name>1.4.8-7</name>
				<styleUrl>#msn_ylw-pushpin7930100</styleUrl>
				<Polygon>
					<tessellate>1</tessellate>
					<outerBoundaryIs>
						<LinearRing>
							<coordinates>
								-71.56681456263526,-16.38903638623204,0 -71.56699241971909,-16.38864044198396,0 -71.56824035811205,-16.39001372416411,0 -71.56794055874843,-16.39026681069571,0 -71.56681456263526,-16.38903638623204,0 
							</coordinates>
						</LinearRing>
					</outerBoundaryIs>
				</Polygon>
			</Placemark>
			<Placemark>
				<name>1.4.9-1</name>
				<styleUrl>#msn_ylw-pushpin7930100</styleUrl>
				<Polygon>
					<tessellate>1</tessellate>
					<outerBoundaryIs>
						<LinearRing>
							<coordinates>
								-71.56758185071035,-16.38913130337679,0 -71.5671781536586,-16.38871051541849,0 -71.5676697155137,-16.38776877115133,0 -71.568039668547,-16.38785800182679,0 -71.56760049441867,-16.38873432167793,0 -71.56778634100438,-16.38879668267747,0 -71.56765636090546,-16.38902544728451,0 -71.56758185071035,-16.38913130337679,0 
							</coordinates>
						</LinearRing>
					</outerBoundaryIs>
				</Polygon>
			</Placemark>
			<Placemark>
				<name>1.4.9-2</name>
				<styleUrl>#msn_ylw-pushpin7930100</styleUrl>
				<Polygon>
					<tessellate>1</tessellate>
					<outerBoundaryIs>
						<LinearRing>
							<coordinates>
								-71.5679826559744,-16.38811258250117,0 -71.56820168287089,-16.38777071185671,0 -71.56804065212245,-16.38823318538049,0 -71.56780322053507,-16.3887553262553,0 -71.56766895603307,-16.38870526488082,0 -71.5679826559744,-16.38811258250117,0 
							</coordinates>
						</LinearRing>
					</outerBoundaryIs>
				</Polygon>
			</Placemark>
			<Placemark>
				<name>1.4.9-3</name>
				<styleUrl>#msn_ylw-pushpin7930100</styleUrl>
				<Polygon>
					<tessellate>1</tessellate>
					<outerBoundaryIs>
						<LinearRing>
							<coordinates>
								-71.56810331336328,-16.38780974020677,0 -71.56770303462848,-16.38772782826036,0 -71.56789907853431,-16.38729453309934,0 -71.56800792286163,-16.38687270893163,0 -71.56839302630875,-16.38690921688963,0 -71.56838155583613,-16.38731221124311,0 -71.56830832602043,-16.3874899297389,0 -71.56810331336328,-16.38780974020677,0 
							</coordinates>
						</LinearRing>
					</outerBoundaryIs>
				</Polygon>
			</Placemark>
			<Placemark>
				<name>1.4.9-4</name>
				<styleUrl>#msn_ylw-pushpin7930100</styleUrl>
				<Polygon>
					<tessellate>1</tessellate>
					<outerBoundaryIs>
						<LinearRing>
							<coordinates>
								-71.5680144746206,-16.38680772342974,0 -71.56808383197833,-16.38604501470482,0 -71.56813715548734,-16.38587031905496,0 -71.56839408392923,-16.38600350659271,0 -71.56841037326443,-16.3864149682939,0 -71.56842902154814,-16.38671330636405,0 -71.56842665062919,-16.38685792800196,0 -71.5680144746206,-16.38680772342974,0 
							</coordinates>
						</LinearRing>
					</outerBoundaryIs>
				</Polygon>
			</Placemark>
			<Placemark>
				<name>1.4.10-1</name>
				<styleUrl>#msn_ylw-pushpin7930100</styleUrl>
				<Polygon>
					<tessellate>1</tessellate>
					<outerBoundaryIs>
						<LinearRing>
							<coordinates>
								-71.56702847162327,-16.38796420514273,0 -71.56742685213992,-16.38814274844251,0 -71.56728638404579,-16.38842685617314,0 -71.56688760625686,-16.38824452884062,0 -71.56702847162327,-16.38796420514273,0 
							</coordinates>
						</LinearRing>
					</outerBoundaryIs>
				</Polygon>
			</Placemark>
			<Placemark>
				<name>1.4.10-2</name>
				<styleUrl>#msn_ylw-pushpin7930100</styleUrl>
				<Polygon>
					<tessellate>1</tessellate>
					<outerBoundaryIs>
						<LinearRing>
							<coordinates>
								-71.56684144742754,-16.38821861590341,0 -71.5667530641466,-16.38806313698885,0 -71.56683949417686,-16.38784792471924,0 -71.56699771662444,-16.38792391636598,0 -71.56684144742754,-16.38821861590341,0 
							</coordinates>
						</LinearRing>
					</outerBoundaryIs>
				</Polygon>
			</Placemark>
			<Placemark>
				<name>1.4.10-3</name>
				<styleUrl>#msn_ylw-pushpin7930100</styleUrl>
				<Polygon>
					<tessellate>1</tessellate>
					<outerBoundaryIs>
						<LinearRing>
							<coordinates>
								-71.56665594385358,-16.3877229732765,0 -71.56651505600136,-16.38764844243955,0 -71.56653760963765,-16.38743894880547,0 -71.56659323153113,-16.38730655006909,0 -71.56715554279891,-16.38758329396002,0 -71.5670124743052,-16.38788335746674,0 -71.56665594385358,-16.3877229732765,0 
							</coordinates>
						</LinearRing>
					</outerBoundaryIs>
				</Polygon>
			</Placemark>
			<Placemark>
				<name>1.4.10-4</name>
				<styleUrl>#msn_ylw-pushpin7930100</styleUrl>
				<Polygon>
					<tessellate>1</tessellate>
					<outerBoundaryIs>
						<LinearRing>
							<coordinates>
								-71.56761753438731,-16.38780284944546,0 -71.567454065392,-16.38809632265421,0 -71.56704512102623,-16.38790124017612,0 -71.56718119878715,-16.38759615436522,0 -71.56727637323196,-16.38763985847867,0 -71.56761753438731,-16.38780284944546,0 
							</coordinates>
						</LinearRing>
					</outerBoundaryIs>
				</Polygon>
			</Placemark>
			<Placemark>
				<name>1.4.10-5</name>
				<styleUrl>#msn_ylw-pushpin7930100</styleUrl>
				<Polygon>
					<tessellate>1</tessellate>
					<outerBoundaryIs>
						<LinearRing>
							<coordinates>
								-71.56780051263344,-16.38746504819303,0 -71.5676379591434,-16.38776475414711,0 -71.56722029571287,-16.38756526287177,0 -71.56737184871628,-16.38726327238391,0 -71.56780051263344,-16.38746504819303,0 
							</coordinates>
						</LinearRing>
					</outerBoundaryIs>
				</Polygon>
			</Placemark>
			<Placemark>
				<name>1.4.10-6</name>
				<styleUrl>#msn_ylw-pushpin7930100</styleUrl>
				<Polygon>
					<tessellate>1</tessellate>
					<outerBoundaryIs>
						<LinearRing>
							<coordinates>
								-71.56791594457638,-16.38709274384259,0 -71.56781206768224,-16.38742557084435,0 -71.56739590150855,-16.387224514284,0 -71.56754558141535,-16.38694299028952,0 -71.56791594457638,-16.38709274384259,0 
							</coordinates>
						</LinearRing>
					</outerBoundaryIs>
				</Polygon>
			</Placemark>
			<Placemark>
				<name>1.4.10-7</name>
				<styleUrl>#msn_ylw-pushpin7930100</styleUrl>
				<Polygon>
					<tessellate>1</tessellate>
					<outerBoundaryIs>
						<LinearRing>
							<coordinates>
								-71.56800543969503,-16.3867188137941,0 -71.56793200071012,-16.38705526094928,0 -71.56725135636498,-16.38673954036744,0 -71.56738967082751,-16.38645750502643,0 -71.56800543969503,-16.3867188137941,0 
							</coordinates>
						</LinearRing>
					</outerBoundaryIs>
				</Polygon>
			</Placemark>
			<Placemark>
				<name>1.4.10-8</name>
				<styleUrl>#msn_ylw-pushpin7930100</styleUrl>
				<Polygon>
					<tessellate>1</tessellate>
					<outerBoundaryIs>
						<LinearRing>
							<coordinates>
								-71.56801162415751,-16.38666714694777,0 -71.56741568380906,-16.38639334814643,0 -71.56756229898305,-16.38609968915576,0 -71.5680344669578,-16.3863106092149,0 -71.56801162415751,-16.38666714694777,0 
							</coordinates>
						</LinearRing>
					</outerBoundaryIs>
				</Polygon>
			</Placemark>
			<Placemark>
				<name>1.4.10-9</name>
				<styleUrl>#msn_ylw-pushpin7930100</styleUrl>
				<Polygon>
					<tessellate>1</tessellate>
					<outerBoundaryIs>
						<LinearRing>
							<coordinates>
								-71.56804372260768,-16.38626011427646,0 -71.56757532876728,-16.38604505457721,0 -71.56776133741067,-16.38570347583691,0 -71.56809622940744,-16.38585281042693,0 -71.56804372260768,-16.38626011427646,0 
							</coordinates>
						</LinearRing>
					</outerBoundaryIs>
				</Polygon>
			</Placemark>
			<Placemark>
				<name>1.4.10-10</name>
				<styleUrl>#msn_ylw-pushpin7930100</styleUrl>
				<Polygon>
					<tessellate>1</tessellate>
					<outerBoundaryIs>
						<LinearRing>
							<coordinates>
								-71.56756092410318,-16.38602979115896,0 -71.56715597476928,-16.38583824544511,0 -71.56732683298256,-16.38549223416378,0 -71.56774113167256,-16.38568815615271,0 -71.56756092410318,-16.38602979115896,0 
							</coordinates>
						</LinearRing>
					</outerBoundaryIs>
				</Polygon>
			</Placemark>
			<Placemark>
				<name>1.4.10-11</name>
				<styleUrl>#msn_ylw-pushpin7930100</styleUrl>
				<Polygon>
					<tessellate>1</tessellate>
					<outerBoundaryIs>
						<LinearRing>
							<coordinates>
								-71.5668655139839,-16.38738506715789,0 -71.56664387724233,-16.38728686768445,0 -71.56665609549133,-16.38719788209005,0 -71.56665436178041,-16.38695194150972,0 -71.56698655584677,-16.38633624587791,0 -71.5671507668072,-16.38643947594518,0 -71.56737456712902,-16.38599819361933,0 -71.56753364720855,-16.38606239174031,0 -71.5668655139839,-16.38738506715789,0 
							</coordinates>
						</LinearRing>
					</outerBoundaryIs>
				</Polygon>
			</Placemark>
			<Placemark>
				<name>1.4.10-12</name>
				<styleUrl>#msn_ylw-pushpin7930100</styleUrl>
				<Polygon>
					<tessellate>1</tessellate>
					<outerBoundaryIs>
						<LinearRing>
							<coordinates>
								-71.56712951929789,-16.38589954484091,0 -71.56734427245529,-16.38600008547145,0 -71.5671619383203,-16.38635964844049,0 -71.56694798909417,-16.38624154744367,0 -71.56712951929789,-16.38589954484091,0 
							</coordinates>
						</LinearRing>
					</outerBoundaryIs>
				</Polygon>
			</Placemark>
			<Placemark>
				<name>1.4.11-1</name>
				<styleUrl>#msn_ylw-pushpin7930100</styleUrl>
				<Polygon>
					<tessellate>1</tessellate>
					<outerBoundaryIs>
						<LinearRing>
							<coordinates>
								-71.56768185281139,-16.38367482677776,0 -71.56731395917092,-16.38443821141011,0 -71.56732625080883,-16.38349812112434,0 -71.56768185281139,-16.38367482677776,0 
							</coordinates>
						</LinearRing>
					</outerBoundaryIs>
				</Polygon>
			</Placemark>
			<Placemark>
				<name>1.4.11-2</name>
				<styleUrl>#msn_ylw-pushpin7930100</styleUrl>
				<Polygon>
					<tessellate>1</tessellate>
					<outerBoundaryIs>
						<LinearRing>
							<coordinates>
								-71.56809965048426,-16.38388443326505,0 -71.56730068456876,-16.38541162065832,0 -71.56702917357426,-16.38527728187133,0 -71.56707453834331,-16.38518039157198,0 -71.56719781347768,-16.38524393887921,0 -71.56729565619325,-16.38483073585385,0 -71.56732830485113,-16.38454808482069,0 -71.56770688086958,-16.38370325857507,0 -71.56809965048426,-16.38388443326505,0 
							</coordinates>
						</LinearRing>
					</outerBoundaryIs>
				</Polygon>
			</Placemark>
			<Placemark>
				<name>1.4.11-3</name>
				<styleUrl>#msn_ylw-pushpin7930100</styleUrl>
				<Polygon>
					<tessellate>1</tessellate>
					<outerBoundaryIs>
						<LinearRing>
							<coordinates>
								-71.56710206345868,-16.38582546292632,0 -71.56665215789302,-16.38561040844209,0 -71.56679873958332,-16.3852494157858,0 -71.56727141602762,-16.38545989622866,0 -71.56710206345868,-16.38582546292632,0 
							</coordinates>
						</LinearRing>
					</outerBoundaryIs>
				</Polygon>
			</Placemark>
			<Placemark>
				<name>1.4.11-4</name>
				<styleUrl>#msn_ylw-pushpin7930100</styleUrl>
				<Polygon>
					<tessellate>1</tessellate>
					<outerBoundaryIs>
						<LinearRing>
							<coordinates>
								-71.56690246463354,-16.38622163575672,0 -71.56634936312541,-16.38599621580204,0 -71.56638330163527,-16.38587349288213,0 -71.56659714973567,-16.38594293549914,0 -71.56669165507236,-16.38568107954304,0 -71.56705643544059,-16.38588215007477,0 -71.56690246463354,-16.38622163575672,0 
							</coordinates>
						</LinearRing>
					</outerBoundaryIs>
				</Polygon>
			</Placemark>
			<Placemark>
				<name>1.4.11-5</name>
				<styleUrl>#msn_ylw-pushpin7930100</styleUrl>
				<Polygon>
					<tessellate>1</tessellate>
					<outerBoundaryIs>
						<LinearRing>
							<coordinates>
								-71.56665626303531,-16.38682698895896,0 -71.56661263129855,-16.38683939167711,0 -71.56650534174469,-16.38613077224258,0 -71.56689736167627,-16.38630566154027,0 -71.56665626303531,-16.38682698895896,0 
							</coordinates>
						</LinearRing>
					</outerBoundaryIs>
				</Polygon>
			</Placemark>
			<Placemark>
				<name>1.4.12-1</name>
				<styleUrl>#msn_ylw-pushpin7930100</styleUrl>
				<Polygon>
					<tessellate>1</tessellate>
					<outerBoundaryIs>
						<LinearRing>
							<coordinates>
								-71.57024351030805,-16.38488708993703,0 -71.56962712925439,-16.38603447965605,0 -71.56926028135661,-16.38586265567501,0 -71.56986271971654,-16.3847150451549,0 -71.57024351030805,-16.38488708993703,0 
							</coordinates>
						</LinearRing>
					</outerBoundaryIs>
				</Polygon>
			</Placemark>
			<Placemark>
				<name>1.4.12-2</name>
				<styleUrl>#msn_ylw-pushpin7930100</styleUrl>
				<Polygon>
					<tessellate>1</tessellate>
					<outerBoundaryIs>
						<LinearRing>
							<coordinates>
								-71.56935736530959,-16.3855909983879,0 -71.56922992449586,-16.38584344404569,0 -71.56905540816172,-16.38575681742817,0 -71.56944755014854,-16.38493297838451,0 -71.56919553651595,-16.38481041465314,0 -71.56882258216959,-16.38462722705977,0 -71.56899036427052,-16.38430442502209,0 -71.56983419376814,-16.38466925436704,0 -71.56935736530959,-16.3855909983879,0 
							</coordinates>
						</LinearRing>
					</outerBoundaryIs>
				</Polygon>
			</Placemark>
			<Placemark>
				<name>1.4.12-3</name>
				<styleUrl>#msn_ylw-pushpin7930100</styleUrl>
				<Polygon>
					<tessellate>1</tessellate>
					<outerBoundaryIs>
						<LinearRing>
							<coordinates>
								-71.56901392375582,-16.38573527761943,0 -71.56887394291631,-16.38568702457962,0 -71.56896612634073,-16.38527259571023,0 -71.56917693632879,-16.38535811643645,0 -71.56901392375582,-16.38573527761943,0 
							</coordinates>
						</LinearRing>
					</outerBoundaryIs>
				</Polygon>
			</Placemark>
			<Placemark>
				<name>1.4.12-4</name>
				<styleUrl>#msn_ylw-pushpin7930100</styleUrl>
				<Polygon>
					<tessellate>1</tessellate>
					<outerBoundaryIs>
						<LinearRing>
							<coordinates>
								-71.5691946302757,-16.38531036890187,0 -71.56899639799045,-16.38522711138864,0 -71.56916127709729,-16.38488322181687,0 -71.56936843519971,-16.3849738205058,0 -71.5691946302757,-16.38531036890187,0 
							</coordinates>
						</LinearRing>
					</outerBoundaryIs>
				</Polygon>
			</Placemark>
			<Placemark>
				<name>1.4.12-5</name>
				<styleUrl>#msn_ylw-pushpin7930100</styleUrl>
				<Polygon>
					<tessellate>1</tessellate>
					<outerBoundaryIs>
						<LinearRing>
							<coordinates>
								-71.56914099445214,-16.38487526580341,0 -71.56897101731768,-16.38521954053471,0 -71.56862259896374,-16.38503525466587,0 -71.56879870299329,-16.38469432506733,0 -71.56914099445214,-16.38487526580341,0 
							</coordinates>
						</LinearRing>
					</outerBoundaryIs>
				</Polygon>
			</Placemark>
			<Placemark>
				<name>1.4.12-6</name>
				<styleUrl>#msn_ylw-pushpin7930100</styleUrl>
				<Polygon>
					<tessellate>1</tessellate>
					<outerBoundaryIs>
						<LinearRing>
							<coordinates>
								-71.56884566453854,-16.38564589439512,0 -71.56841346270329,-16.3854572571402,0 -71.56858736826551,-16.38512675867111,0 -71.56894330921521,-16.38527494403914,0 -71.56884566453854,-16.38564589439512,0 
							</coordinates>
						</LinearRing>
					</outerBoundaryIs>
				</Polygon>
			</Placemark>
			<Placemark>
				<name>1.4.12-7</name>
				<styleUrl>#msn_ylw-pushpin7930100</styleUrl>
				<Polygon>
					<tessellate>1</tessellate>
					<outerBoundaryIs>
						<LinearRing>
							<coordinates>
								-71.56884281304423,-16.38574496155243,0 -71.56875070761939,-16.38604730581032,0 -71.56850825589977,-16.38597831455002,0 -71.56822417790066,-16.38582363023334,0 -71.56836241143583,-16.38551548438306,0 -71.56884281304423,-16.38574496155243,0 
							</coordinates>
						</LinearRing>
					</outerBoundaryIs>
				</Polygon>
			</Placemark>
			<Placemark>
				<name>1.4.12-8</name>
				<styleUrl>#msn_ylw-pushpin7930100</styleUrl>
				<Polygon>
					<tessellate>1</tessellate>
					<outerBoundaryIs>
						<LinearRing>
							<coordinates>
								-71.56815302564679,-16.38578315698332,0 -71.56736127393783,-16.38542052613554,0 -71.56752145527338,-16.38509579245903,0 -71.56832235765097,-16.38547079485602,0 -71.56815302564679,-16.38578315698332,0 
							</coordinates>
						</LinearRing>
					</outerBoundaryIs>
				</Polygon>
			</Placemark>
			<Placemark>
				<name>1.4.12-9</name>
				<styleUrl>#msn_ylw-pushpin7930100</styleUrl>
				<Polygon>
					<tessellate>1</tessellate>
					<outerBoundaryIs>
						<LinearRing>
							<coordinates>
								-71.56833679612404,-16.38540939137207,0 -71.56799189971365,-16.38523196612913,0 -71.56854552595681,-16.38409141457286,0 -71.56891846747254,-16.38426086626116,0 -71.56833679612404,-16.38540939137207,0 
							</coordinates>
						</LinearRing>
					</outerBoundaryIs>
				</Polygon>
			</Placemark>
			<Placemark>
				<name>1.4.12-10</name>
				<styleUrl>#msn_ylw-pushpin7930100</styleUrl>
				<Polygon>
					<tessellate>1</tessellate>
					<outerBoundaryIs>
						<LinearRing>
							<coordinates>
								-71.56851722166188,-16.38408701682928,0 -71.56795485673642,-16.38521159015481,0 -71.56757166215968,-16.38503099686274,0 -71.56815574398023,-16.38389550355198,0 -71.56851722166188,-16.38408701682928,0 
							</coordinates>
						</LinearRing>
					</outerBoundaryIs>
				</Polygon>
			</Placemark>
			<Placemark>
				<name>1.4.13-2</name>
				<styleUrl>#msn_ylw-pushpin7930100</styleUrl>
				<Polygon>
					<tessellate>1</tessellate>
					<outerBoundaryIs>
						<LinearRing>
							<coordinates>
								-71.56916352641097,-16.38750160222805,0 -71.56952040786757,-16.38761866703597,0 -71.56937438626463,-16.38791294435472,0 -71.56923591742841,-16.38845377137713,0 -71.56896407934512,-16.38832665655681,0 -71.56916352641097,-16.38750160222805,0 
							</coordinates>
						</LinearRing>
					</outerBoundaryIs>
				</Polygon>
			</Placemark>
			<Placemark>
				<name>1.4.13-3</name>
				<styleUrl>#msn_ylw-pushpin7930100</styleUrl>
				<Polygon>
					<tessellate>1</tessellate>
					<outerBoundaryIs>
						<LinearRing>
							<coordinates>
								-71.56892834197373,-16.38831129733857,0 -71.56864343009994,-16.3881627801219,0 -71.56882665792442,-16.38737470226842,0 -71.56910879452461,-16.38745082299626,0 -71.56892834197373,-16.38831129733857,0 
							</coordinates>
						</LinearRing>
					</outerBoundaryIs>
				</Polygon>
			</Placemark>
			<Placemark>
				<name>1.4.13-4</name>
				<styleUrl>#msn_ylw-pushpin7930100</styleUrl>
				<Polygon>
					<tessellate>1</tessellate>
					<outerBoundaryIs>
						<LinearRing>
							<coordinates>
								-71.56882675422645,-16.38678512959542,0 -71.56878414149585,-16.38653022712343,0 -71.56875476566493,-16.38637409247239,0 -71.5687498535801,-16.38615061077412,0 -71.5688722487926,-16.38574947451443,0 -71.56901892499027,-16.38582744101221,0 -71.5689066278905,-16.38616735106745,0 -71.5688960179163,-16.38651789436981,0 -71.56896151710397,-16.38669751788994,0 -71.56893554592666,-16.38715843371388,0 -71.56887215956817,-16.38729274589236,0 -71.56878755878968,-16.38729274528341,0 -71.56882675422645,-16.38678512959542,0 
							</coordinates>
						</LinearRing>
					</outerBoundaryIs>
				</Polygon>
			</Placemark>
			<Placemark>
				<name>1.4.13-5</name>
				<styleUrl>#msn_ylw-pushpin7930100</styleUrl>
				<Polygon>
					<tessellate>1</tessellate>
					<outerBoundaryIs>
						<LinearRing>
							<coordinates>
								-71.56904613953326,-16.38584388986327,0 -71.5691888464435,-16.38592427160653,0 -71.56913569719273,-16.38624152237889,0 -71.5692199757156,-16.38659664475743,0 -71.56897370762275,-16.38663847426339,0 -71.56895216856044,-16.3863287359559,0 -71.56904613953326,-16.38584388986327,0 
							</coordinates>
						</LinearRing>
					</outerBoundaryIs>
				</Polygon>
			</Placemark>
			<Placemark>
				<name>1.4.13-6</name>
				<styleUrl>#msn_ylw-pushpin7930100</styleUrl>
				<Polygon>
					<tessellate>1</tessellate>
					<outerBoundaryIs>
						<LinearRing>
							<coordinates>
								-71.56924316310626,-16.38663212602883,0 -71.56929563899833,-16.3868128509612,0 -71.56913719067903,-16.3874244351323,0 -71.56889271570331,-16.38735891288953,0 -71.5689779270826,-16.38716576663414,0 -71.56900379278396,-16.38665662014855,0 -71.56924316310626,-16.38663212602883,0 
							</coordinates>
						</LinearRing>
					</outerBoundaryIs>
				</Polygon>
			</Placemark>
			<Placemark>
				<name>1.4.13-7</name>
				<styleUrl>#msn_ylw-pushpin7930100</styleUrl>
				<Polygon>
					<tessellate>1</tessellate>
					<outerBoundaryIs>
						<LinearRing>
							<coordinates>
								-71.56932556403105,-16.38683516911025,0 -71.56961408292926,-16.38687212920369,0 -71.56939052156888,-16.38751462870585,0 -71.56916464003395,-16.38743224175285,0 -71.56932556403105,-16.38683516911025,0 
							</coordinates>
						</LinearRing>
					</outerBoundaryIs>
				</Polygon>
			</Placemark>
			<Placemark>
				<name>1.4.13-8</name>
				<styleUrl>#msn_ylw-pushpin7930100</styleUrl>
				<Polygon>
					<tessellate>1</tessellate>
					<outerBoundaryIs>
						<LinearRing>
							<coordinates>
								-71.56967024313799,-16.38685371391227,0 -71.56985717850087,-16.38683517519814,0 -71.56979526660251,-16.38712312962955,0 -71.56955329827679,-16.38758505883696,0 -71.56941759003416,-16.38753691502407,0 -71.56967024313799,-16.38685371391227,0 
							</coordinates>
						</LinearRing>
					</outerBoundaryIs>
				</Polygon>
			</Placemark>
			<Placemark>
				<name>1.4.13-9</name>
				<styleUrl>#msn_ylw-pushpin7930100</styleUrl>
				<Polygon>
					<tessellate>1</tessellate>
					<outerBoundaryIs>
						<LinearRing>
							<coordinates>
								-71.56960444092728,-16.38624630319858,0 -71.56962965553805,-16.38638810159099,0 -71.5698134872891,-16.38671921332759,0 -71.56981950018547,-16.38680781328977,0 -71.56952813153143,-16.38682885648659,0 -71.56945115929771,-16.38677230067028,0 -71.56931958756293,-16.38651274188764,0 -71.56918114824359,-16.38617322062751,0 -71.56923062202206,-16.38591752002971,0 -71.56963679102626,-16.38609524083793,0 -71.56960444092728,-16.38624630319858,0 
							</coordinates>
						</LinearRing>
					</outerBoundaryIs>
				</Polygon>
			</Placemark>
			<Placemark>
				<name>1.4.14-1</name>
				<styleUrl>#msn_ylw-pushpin7930100</styleUrl>
				<Polygon>
					<tessellate>1</tessellate>
					<outerBoundaryIs>
						<LinearRing>
							<coordinates>
								-71.57016853735534,-16.38531598790674,0 -71.57009678461553,-16.38784521421475,0 -71.56963064493418,-16.38760503300384,0 -71.56988136697336,-16.3870050570672,0 -71.56987304954757,-16.38669549828671,0 -71.56968602069293,-16.38632718713021,0 -71.56975827801975,-16.38598023826405,0 -71.57016853735534,-16.38531598790674,0 
							</coordinates>
						</LinearRing>
					</outerBoundaryIs>
				</Polygon>
			</Placemark>
			<Placemark>
				<name>1.4.14-2</name>
				<styleUrl>#msn_ylw-pushpin7930100</styleUrl>
				<Polygon>
					<tessellate>1</tessellate>
					<outerBoundaryIs>
						<LinearRing>
							<coordinates>
								-71.56981357895982,-16.3877679436343,0 -71.57009579519782,-16.38790926461559,0 -71.57006784547217,-16.38905640843424,0 -71.57001330397823,-16.38928790137626,0 -71.56945959556597,-16.38919748840971,0 -71.56981357895982,-16.3877679436343,0 
							</coordinates>
						</LinearRing>
					</outerBoundaryIs>
				</Polygon>
			</Placemark>
			<Placemark>
				<name>1.4.14-3</name>
				<styleUrl>#msn_ylw-pushpin7930100</styleUrl>
				<Polygon>
					<tessellate>1</tessellate>
					<outerBoundaryIs>
						<LinearRing>
							<coordinates>
								-71.56939756754487,-16.38919145457438,0 -71.56910881817284,-16.3891351260001,0 -71.56942830327374,-16.38788625223537,0 -71.56959022252835,-16.38764322458626,0 -71.56976547278869,-16.38775614896338,0 -71.56939756754487,-16.38919145457438,0 
							</coordinates>
						</LinearRing>
					</outerBoundaryIs>
				</Polygon>
			</Placemark>
			<Placemark>
				<name>1.4.14-4</name>
				<styleUrl>#msn_ylw-pushpin7930100</styleUrl>
				<Polygon>
					<tessellate>1</tessellate>
					<outerBoundaryIs>
						<LinearRing>
							<coordinates>
								-71.56926144022259,-16.39074926775365,0 -71.56876506273584,-16.39067659250841,0 -71.56913802464103,-16.38988779225685,0 -71.56942585780588,-16.38926820692458,0 -71.56995141706767,-16.38934966963053,0 -71.56926144022259,-16.39074926775365,0 
							</coordinates>
						</LinearRing>
					</outerBoundaryIs>
				</Polygon>
			</Placemark>
			<Placemark>
				<name>1.4.14-5</name>
				<styleUrl>#msn_ylw-pushpin7930100</styleUrl>
				<Polygon>
					<tessellate>1</tessellate>
					<outerBoundaryIs>
						<LinearRing>
							<coordinates>
								-71.56870213717214,-16.39067705560102,0 -71.56847957192551,-16.39066950500093,0 -71.56840573217974,-16.3900310101806,0 -71.56898664801692,-16.38945973243625,0 -71.56911172994518,-16.38918978047214,0 -71.56940636854956,-16.38924600804669,0 -71.56870213717214,-16.39067705560102,0 
							</coordinates>
						</LinearRing>
					</outerBoundaryIs>
				</Polygon>
			</Placemark>
			<Placemark>
				<name>1.4.14-6</name>
				<styleUrl>#msn_ylw-pushpin7930100</styleUrl>
				<Polygon>
					<tessellate>1</tessellate>
					<outerBoundaryIs>
						<LinearRing>
							<coordinates>
								-71.56907646168415,-16.39112680342038,0 -71.56907882961725,-16.39134028531052,0 -71.56866082111613,-16.39142329759243,0 -71.56850937940321,-16.39073660045652,0 -71.56919574267084,-16.39078474026455,0 -71.56907646168415,-16.39112680342038,0 
							</coordinates>
						</LinearRing>
					</outerBoundaryIs>
				</Polygon>
			</Placemark>
			<Placemark>
				<name>1.4.14-7</name>
				<styleUrl>#msn_ylw-pushpin7930100</styleUrl>
				<Polygon>
					<tessellate>1</tessellate>
					<outerBoundaryIs>
						<LinearRing>
							<coordinates>
								-71.56847556756625,-16.3910755839643,0 -71.56857687189262,-16.39141390031677,0 -71.56819799365114,-16.39155462935934,0 -71.56785283257416,-16.39050027061226,0 -71.5683185424821,-16.39012760176664,0 -71.56847556756625,-16.3910755839643,0 
							</coordinates>
						</LinearRing>
					</outerBoundaryIs>
				</Polygon>
			</Placemark>
			<Placemark>
				<name>1.4.14-8</name>
				<styleUrl>#msn_ylw-pushpin7930100</styleUrl>
				<Polygon>
					<tessellate>1</tessellate>
					<outerBoundaryIs>
						<LinearRing>
							<coordinates>
								-71.56904370881692,-16.39263951952646,0 -71.56856007822405,-16.39262952803815,0 -71.56822335796284,-16.39161084651622,0 -71.56864332989394,-16.39149720080282,0 -71.56868130756057,-16.39166818133065,0 -71.56872513401201,-16.39167152875504,0 -71.56867149369934,-16.3914761916745,0 -71.56907872461282,-16.39137670811732,0 -71.56904370881692,-16.39263951952646,0 
							</coordinates>
						</LinearRing>
					</outerBoundaryIs>
				</Polygon>
			</Placemark>
			<Placemark>
				<name>1.4.14-9</name>
				<styleUrl>#msn_ylw-pushpin7930100</styleUrl>
				<Polygon>
					<tessellate>1</tessellate>
					<outerBoundaryIs>
						<LinearRing>
							<coordinates>
								-71.5684702404248,-16.39260912074664,0 -71.56801272316511,-16.39259381035778,0 -71.56774397499775,-16.39171821198931,0 -71.56814355681773,-16.39161409402896,0 -71.5684702404248,-16.39260912074664,0 
							</coordinates>
						</LinearRing>
					</outerBoundaryIs>
				</Polygon>
			</Placemark>
			<Placemark>
				<name>1.4.14-10</name>
				<styleUrl>#msn_ylw-pushpin7930100</styleUrl>
				<Polygon>
					<tessellate>1</tessellate>
					<outerBoundaryIs>
						<LinearRing>
							<coordinates>
								-71.5677206543438,-16.39165773249434,0 -71.56741945076885,-16.39084558483329,0 -71.5677712461903,-16.3905273032322,0 -71.56811724402931,-16.39156733736615,0 -71.5677206543438,-16.39165773249434,0 
							</coordinates>
						</LinearRing>
					</outerBoundaryIs>
				</Polygon>
			</Placemark>
			<Placemark>
				<name>1.4.14-11</name>
				<styleUrl>#msn_ylw-pushpin7930100</styleUrl>
				<Polygon>
					<tessellate>1</tessellate>
					<outerBoundaryIs>
						<LinearRing>
							<coordinates>
								-71.5676089524174,-16.3915730968805,0 -71.5679368593615,-16.39260392977894,0 -71.56747126918171,-16.39258256727373,0 -71.56700694740395,-16.39120269726588,0 -71.56734081322389,-16.39091023829241,0 -71.5676089524174,-16.3915730968805,0 
							</coordinates>
						</LinearRing>
					</outerBoundaryIs>
				</Polygon>
			</Placemark>
			<Placemark>
				<name>1.4.14.12</name>
				<styleUrl>#msn_ylw-pushpin7930100</styleUrl>
				<Polygon>
					<tessellate>1</tessellate>
					<outerBoundaryIs>
						<LinearRing>
							<coordinates>
								-71.56741475661472,-16.39257844814757,0 -71.56693618592777,-16.39257558881297,0 -71.56660064136175,-16.39155444939068,0 -71.56696016152773,-16.39126182410306,0 -71.56741475661472,-16.39257844814757,0 
							</coordinates>
						</LinearRing>
					</outerBoundaryIs>
				</Polygon>
			</Placemark>
			<Placemark>
				<name>1.4.14-13</name>
				<styleUrl>#msn_ylw-pushpin7930100</styleUrl>
				<Polygon>
					<tessellate>1</tessellate>
					<outerBoundaryIs>
						<LinearRing>
							<coordinates>
								-71.56652677049506,-16.39163353464034,0 -71.56682943722096,-16.39254239437867,0 -71.56616275123118,-16.39254150882677,0 -71.5662261087823,-16.39189879265939,0 -71.56652677049506,-16.39163353464034,0 
							</coordinates>
						</LinearRing>
					</outerBoundaryIs>
				</Polygon>
			</Placemark>
			<Placemark>
				<name>1.4.14-14</name>
				<styleUrl>#msn_ylw-pushpin7930100</styleUrl>
				<Polygon>
					<tessellate>1</tessellate>
					<outerBoundaryIs>
						<LinearRing>
							<coordinates>
								-71.56654914139068,-16.39365207908734,0 -71.5661188693076,-16.39363499913755,0 -71.5662039678771,-16.39266839895544,0 -71.5665669778496,-16.39267173620036,0 -71.56654914139068,-16.39365207908734,0 
							</coordinates>
						</LinearRing>
					</outerBoundaryIs>
				</Polygon>
			</Placemark>
			<Placemark>
				<name>1.4.14-15</name>
				<styleUrl>#msn_ylw-pushpin7930100</styleUrl>
				<Polygon>
					<tessellate>1</tessellate>
					<outerBoundaryIs>
						<LinearRing>
							<coordinates>
								-71.56718153662177,-16.39367630307633,0 -71.56656854562038,-16.39365207960454,0 -71.56659525446656,-16.39267505701563,0 -71.56688669130538,-16.39268169652902,0 -71.56718153662177,-16.39367630307633,0 
							</coordinates>
						</LinearRing>
					</outerBoundaryIs>
				</Polygon>
			</Placemark>
			<Placemark>
				<name>1.4.14-17</name>
				<styleUrl>#msn_ylw-pushpin7930100</styleUrl>
				<Polygon>
					<tessellate>1</tessellate>
					<outerBoundaryIs>
						<LinearRing>
							<coordinates>
								-71.5682839687878,-16.39372824842145,0 -71.56784388983138,-16.39370229741304,0 -71.56752345138193,-16.3927151130135,0 -71.56796109572089,-16.39272934786639,0 -71.5682839687878,-16.39372824842145,0 
							</coordinates>
						</LinearRing>
					</outerBoundaryIs>
				</Polygon>
			</Placemark>
			<Placemark>
				<name>1.4.14-18</name>
				<styleUrl>#msn_ylw-pushpin7930100</styleUrl>
				<Polygon>
					<tessellate>1</tessellate>
					<outerBoundaryIs>
						<LinearRing>
							<coordinates>
								-71.56897125278718,-16.39376509793873,0 -71.56835104377399,-16.39371271403163,0 -71.5680810599805,-16.39272286988425,0 -71.56902877615543,-16.39271395746777,0 -71.56897125278718,-16.39376509793873,0 
							</coordinates>
						</LinearRing>
					</outerBoundaryIs>
				</Polygon>
			</Placemark>
			<Placemark>
				<name>1.4.14-19</name>
				<styleUrl>#msn_ylw-pushpin7930100</styleUrl>
				<Polygon>
					<tessellate>1</tessellate>
					<outerBoundaryIs>
						<LinearRing>
							<coordinates>
								-71.56893861930766,-16.39457669672284,0 -71.56886872602308,-16.39456555397302,0 -71.56859430366096,-16.39435741452368,0 -71.56849495921725,-16.3941950721782,0 -71.56840796184269,-16.39384850504473,0 -71.5689704497574,-16.39386871445237,0 -71.56893861930766,-16.39457669672284,0 
							</coordinates>
						</LinearRing>
					</outerBoundaryIs>
				</Polygon>
			</Placemark>
			<Placemark>
				<name>1.4.14-20</name>
				<styleUrl>#msn_ylw-pushpin7930100</styleUrl>
				<Polygon>
					<tessellate>1</tessellate>
					<outerBoundaryIs>
						<LinearRing>
							<coordinates>
								-71.56838600558534,-16.39417523147009,0 -71.56857209798584,-16.39444425623515,0 -71.56890718631466,-16.39467456335409,0 -71.56889249837661,-16.39485296556298,0 -71.56877498937241,-16.39488518629061,0 -71.5683762603926,-16.39504391730429,0 -71.56794264341693,-16.39385352734309,0 -71.56827649309176,-16.39384816061682,0 -71.56838600558534,-16.39417523147009,0 
							</coordinates>
						</LinearRing>
					</outerBoundaryIs>
				</Polygon>
			</Placemark>
			<Placemark>
				<name>1.4.14-21</name>
				<styleUrl>#msn_ylw-pushpin7930100</styleUrl>
				<Polygon>
					<tessellate>1</tessellate>
					<outerBoundaryIs>
						<LinearRing>
							<coordinates>
								-71.56829606863376,-16.39509575177258,0 -71.5680523174387,-16.39522251316988,0 -71.56744313431635,-16.39441220299066,0 -71.56728852789031,-16.39382491127288,0 -71.56779289784855,-16.39383757546789,0 -71.56829606863376,-16.39509575177258,0 
							</coordinates>
						</LinearRing>
					</outerBoundaryIs>
				</Polygon>
			</Placemark>
			<Placemark>
				<name>1.4.14-22</name>
				<styleUrl>#msn_ylw-pushpin7930100</styleUrl>
				<Polygon>
					<tessellate>1</tessellate>
					<outerBoundaryIs>
						<LinearRing>
							<coordinates>
								-71.56737533094807,-16.39441894444401,0 -71.56798358639172,-16.39525732057239,0 -71.56769167004697,-16.39550823316762,0 -71.5668162551105,-16.39505692734718,0 -71.56666900211734,-16.39527329250065,0 -71.56627558278154,-16.39513150329134,0 -71.56620668279012,-16.39521609013585,0 -71.5657633419187,-16.39478691299989,0 -71.56579222001973,-16.39409816393204,0 -71.56590775139,-16.39377349264707,0 -71.56610191546585,-16.39377903718308,0 -71.56721190146195,-16.39380484068391,0 -71.56737533094807,-16.39441894444401,0 
							</coordinates>
						</LinearRing>
					</outerBoundaryIs>
				</Polygon>
			</Placemark>
			<Placemark>
				<name>1.4.15-1</name>
				<styleUrl>#msn_ylw-pushpin7930100</styleUrl>
				<Polygon>
					<tessellate>1</tessellate>
					<outerBoundaryIs>
						<LinearRing>
							<coordinates>
								-71.56824286384237,-16.40409485043752,0 -71.56715261567675,-16.40422182556966,0 -71.56668462081846,-16.4044358732954,0 -71.56604399600209,-16.40478247668579,0 -71.56557187766954,-16.40502579176342,0 -71.56566818370155,-16.40453180341689,0 -71.56612966962302,-16.40462665485789,0 -71.56619437492209,-16.40402325269982,0 -71.56655491845854,-16.40341287682261,0 -71.56659180082211,-16.40302977575705,0 -71.56676272025098,-16.40264397577562,0 -71.56835786634817,-16.40272226049289,0 -71.56824286384237,-16.40409485043752,0 
							</coordinates>
						</LinearRing>
					</outerBoundaryIs>
				</Polygon>
			</Placemark>
			<Placemark>
				<name>1.4.15-2</name>
				<styleUrl>#msn_ylw-pushpin7930100</styleUrl>
				<Polygon>
					<tessellate>1</tessellate>
					<outerBoundaryIs>
						<LinearRing>
							<coordinates>
								-71.56636554326617,-16.40171125658778,0 -71.56628474608925,-16.40171607018181,0 -71.56628890231539,-16.40202627568222,0 -71.5661571124609,-16.40230257329757,0 -71.56610175982232,-16.40221192068931,0 -71.56610460733489,-16.40203068874458,0 -71.56606396168809,-16.4019282261151,0 -71.56605507076358,-16.40179372549592,0 -71.56626531503848,-16.40151522491512,0 -71.56635990667463,-16.40150987822505,0 -71.56636554326617,-16.40171125658778,0 
							</coordinates>
						</LinearRing>
					</outerBoundaryIs>
				</Polygon>
			</Placemark>
			<Placemark>
				<name>1.4.15-3</name>
				<styleUrl>#msn_ylw-pushpin7930100</styleUrl>
				<Polygon>
					<tessellate>1</tessellate>
					<outerBoundaryIs>
						<LinearRing>
							<coordinates>
								-71.56674935851962,-16.40150989802833,0 -71.56674620693124,-16.40185221726939,0 -71.56646778681512,-16.40249270150734,0 -71.56620963282069,-16.40232902886924,0 -71.56632182474117,-16.40203849673615,0 -71.56639752707157,-16.40185635994115,0 -71.56638210253008,-16.40150991245081,0 -71.56674935851962,-16.40150989802833,0 
							</coordinates>
						</LinearRing>
					</outerBoundaryIs>
				</Polygon>
			</Placemark>
			<Placemark>
				<name>1.4.15-4</name>
				<styleUrl>#msn_ylw-pushpin7930100</styleUrl>
				<Polygon>
					<tessellate>1</tessellate>
					<outerBoundaryIs>
						<LinearRing>
							<coordinates>
								-71.56714460758803,-16.40194707070476,0 -71.56719949160765,-16.40194283638403,0 -71.56719671909956,-16.40186602431933,0 -71.56757530565328,-16.40186511435864,0 -71.56832553364376,-16.40185936059806,0 -71.56837711256819,-16.40257707718042,0 -71.56671231462744,-16.4025670265326,0 -71.56651253534937,-16.40252426211115,0 -71.56679937901907,-16.40184972843116,0 -71.5667887392493,-16.40150250555493,0 -71.5671353288632,-16.40149990219838,0 -71.56714460758803,-16.40194707070476,0 
							</coordinates>
						</LinearRing>
					</outerBoundaryIs>
				</Polygon>
			</Placemark>
			<Placemark>
				<name>1.4.15-5</name>
				<styleUrl>#msn_ylw-pushpin7930100</styleUrl>
				<Polygon>
					<tessellate>1</tessellate>
					<outerBoundaryIs>
						<LinearRing>
							<coordinates>
								-71.56766345600893,-16.40148684158365,0 -71.56766719592066,-16.40183203673553,0 -71.56722811920594,-16.40183733264099,0 -71.56721898799699,-16.40149304529907,0 -71.56766345600893,-16.40148684158365,0 
							</coordinates>
						</LinearRing>
					</outerBoundaryIs>
				</Polygon>
			</Placemark>
			<Placemark>
				<name>1.4.15-6</name>
				<styleUrl>#msn_ylw-pushpin7930100</styleUrl>
				<Polygon>
					<tessellate>1</tessellate>
					<outerBoundaryIs>
						<LinearRing>
							<coordinates>
								-71.56769730454633,-16.40149297759536,0 -71.56832495940861,-16.40148988747849,0 -71.56833568058435,-16.4018284083087,0 -71.56770419126831,-16.4018271138447,0 -71.56769730454633,-16.40149297759536,0 
							</coordinates>
						</LinearRing>
					</outerBoundaryIs>
				</Polygon>
			</Placemark>
			<Placemark>
				<name>1.4.15-7</name>
				<styleUrl>#msn_ylw-pushpin7930100</styleUrl>
				<Polygon>
					<tessellate>1</tessellate>
					<outerBoundaryIs>
						<LinearRing>
							<coordinates>
								-71.56832353778256,-16.401438013767,0 -71.56799582929241,-16.40143059512815,0 -71.56799234146932,-16.4009520576981,0 -71.56786280722044,-16.40095974783237,0 -71.56784776610563,-16.40069248346979,0 -71.5683077964993,-16.40068725239386,0 -71.56832353778256,-16.401438013767,0 
							</coordinates>
						</LinearRing>
					</outerBoundaryIs>
				</Polygon>
			</Placemark>
			<Placemark>
				<name>1.4.15-8</name>
				<styleUrl>#msn_ylw-pushpin7930100</styleUrl>
				<Polygon>
					<tessellate>1</tessellate>
					<outerBoundaryIs>
						<LinearRing>
							<coordinates>
								-71.5679603226684,-16.40144475916782,0 -71.56769753218731,-16.40144688471109,0 -71.56769235671278,-16.40109602055977,0 -71.56795240942354,-16.40109958142978,0 -71.5679603226684,-16.40144475916782,0 
							</coordinates>
						</LinearRing>
					</outerBoundaryIs>
				</Polygon>
			</Placemark>
			<Placemark>
				<name>1.4.15-9</name>
				<styleUrl>#msn_ylw-pushpin7930100</styleUrl>
				<Polygon>
					<tessellate>1</tessellate>
					<outerBoundaryIs>
						<LinearRing>
							<coordinates>
								-71.56765160611654,-16.40143557135253,0 -71.56720446504553,-16.40144701885442,0 -71.56718713533942,-16.40066472315404,0 -71.56780487828163,-16.40066720413212,0 -71.56781224264309,-16.40103078302752,0 -71.56755291648091,-16.40103244752794,0 -71.56755296256782,-16.40096002924125,0 -71.56747386633344,-16.40096617384271,0 -71.5674911166095,-16.40113341220677,0 -71.56765369222248,-16.40112873142966,0 -71.56765160611654,-16.40143557135253,0 
							</coordinates>
						</LinearRing>
					</outerBoundaryIs>
				</Polygon>
			</Placemark>
			<Placemark>
				<name>1.4.15-10</name>
				<styleUrl>#msn_ylw-pushpin7930100</styleUrl>
				<Polygon>
					<tessellate>1</tessellate>
					<outerBoundaryIs>
						<LinearRing>
							<coordinates>
								-71.56714611238688,-16.40144816078607,0 -71.56678794730175,-16.40144499067845,0 -71.5667685778525,-16.4006958572362,0 -71.56712277972363,-16.40068423308671,0 -71.56714611238688,-16.40144816078607,0 
							</coordinates>
						</LinearRing>
					</outerBoundaryIs>
				</Polygon>
			</Placemark>
			<Placemark>
				<name>1.4.15-11</name>
				<styleUrl>#msn_ylw-pushpin7930100</styleUrl>
				<Polygon>
					<tessellate>1</tessellate>
					<outerBoundaryIs>
						<LinearRing>
							<coordinates>
								-71.56676012906517,-16.40144567679499,0 -71.56629049651755,-16.40145353639578,0 -71.56648558145572,-16.40127418629193,0 -71.56654546917622,-16.40118016375055,0 -71.56673722774694,-16.40105418829296,0 -71.56676012906517,-16.40144567679499,0 
							</coordinates>
						</LinearRing>
					</outerBoundaryIs>
				</Polygon>
			</Placemark>
			<Placemark>
				<name>1.4.15-12</name>
				<styleUrl>#msn_ylw-pushpin7930100</styleUrl>
				<Polygon>
					<tessellate>1</tessellate>
					<outerBoundaryIs>
						<LinearRing>
							<coordinates>
								-71.56713118647372,-16.40054759492927,0 -71.56663710435495,-16.40055968882403,0 -71.56650730627595,-16.40028781318669,0 -71.5668992101829,-16.40028581037875,0 -71.56710543374885,-16.39995742148761,0 -71.56715128392206,-16.39994566816374,0 -71.56713118647372,-16.40054759492927,0 
							</coordinates>
						</LinearRing>
					</outerBoundaryIs>
				</Polygon>
			</Placemark>
			<Placemark>
				<name>1.4.15-13</name>
				<styleUrl>#msn_ylw-pushpin7930100</styleUrl>
				<Polygon>
					<tessellate>1</tessellate>
					<outerBoundaryIs>
						<LinearRing>
							<coordinates>
								-71.56750889638664,-16.40006115122971,0 -71.56752093877891,-16.40021659182114,0 -71.56781879389528,-16.40019718169041,0 -71.5678297725636,-16.40054482864682,0 -71.56723153985723,-16.40055404746918,0 -71.56722383434348,-16.39981691546106,0 -71.56766617393029,-16.39980925422508,0 -71.56765879489487,-16.40005654687402,0 -71.56750889638664,-16.40006115122971,0 
							</coordinates>
						</LinearRing>
					</outerBoundaryIs>
				</Polygon>
			</Placemark>
			<Placemark>
				<name>1.4.15-14</name>
				<styleUrl>#msn_ylw-pushpin7930100</styleUrl>
				<Polygon>
					<tessellate>1</tessellate>
					<outerBoundaryIs>
						<LinearRing>
							<coordinates>
								-71.56831773867111,-16.40020580463229,0 -71.56832938656154,-16.40055033370135,0 -71.56787215534396,-16.40054667023987,0 -71.56785611497008,-16.40021849509904,0 -71.56831773867111,-16.40020580463229,0 
							</coordinates>
						</LinearRing>
					</outerBoundaryIs>
				</Polygon>
			</Placemark>
			<Placemark>
				<name>1.4.15-15</name>
				<styleUrl>#msn_ylw-pushpin7930100</styleUrl>
				<Polygon>
					<tessellate>1</tessellate>
					<outerBoundaryIs>
						<LinearRing>
							<coordinates>
								-71.56829243318812,-16.40014934041865,0 -71.56770120971966,-16.40013574358606,0 -71.56770154426637,-16.39980925301855,0 -71.56827989266068,-16.39980627623576,0 -71.56829243318812,-16.40014934041865,0 
							</coordinates>
						</LinearRing>
					</outerBoundaryIs>
				</Polygon>
			</Placemark>
			<Placemark>
				<name>1.4.15-16</name>
				<styleUrl>#msn_ylw-pushpin7930100</styleUrl>
				<Polygon>
					<tessellate>1</tessellate>
					<outerBoundaryIs>
						<LinearRing>
							<coordinates>
								-71.56830968579575,-16.39974247109813,0 -71.56770214164284,-16.39974797504274,0 -71.56769330316459,-16.39950661750396,0 -71.56830302284247,-16.39949840480149,0 -71.56830968579575,-16.39974247109813,0 
							</coordinates>
						</LinearRing>
					</outerBoundaryIs>
				</Polygon>
			</Placemark>
			<Placemark>
				<name>1.4.15-17</name>
				<styleUrl>#msn_ylw-pushpin7930100</styleUrl>
				<Polygon>
					<tessellate>1</tessellate>
					<outerBoundaryIs>
						<LinearRing>
							<coordinates>
								-71.56717109313894,-16.39973115711359,0 -71.56686774040875,-16.3992839371201,0 -71.56731493407138,-16.39928185159029,0 -71.56731630165065,-16.3994953691313,0 -71.56766526417857,-16.39950540972765,0 -71.56768385859527,-16.3997513912179,0 -71.56717109313894,-16.39973115711359,0 
							</coordinates>
						</LinearRing>
					</outerBoundaryIs>
				</Polygon>
			</Placemark>
			<Placemark>
				<name>1.4.15-18</name>
				<styleUrl>#msn_ylw-pushpin7930100</styleUrl>
				<Polygon>
					<tessellate>1</tessellate>
					<outerBoundaryIs>
						<LinearRing>
							<coordinates>
								-71.56763422992756,-16.39864573122974,0 -71.56767713856489,-16.39946348451681,0 -71.56736361221277,-16.39945847985678,0 -71.56735873659875,-16.39877633575194,0 -71.56763422992756,-16.39864573122974,0 
							</coordinates>
						</LinearRing>
					</outerBoundaryIs>
				</Polygon>
			</Placemark>
			<Placemark>
				<name>1.4.15-19</name>
				<styleUrl>#msn_ylw-pushpin7930100</styleUrl>
				<Polygon>
					<tessellate>1</tessellate>
					<outerBoundaryIs>
						<LinearRing>
							<coordinates>
								-71.56731326511158,-16.39922854337611,0 -71.56681961022339,-16.39924007005528,0 -71.56677153314421,-16.39917669660493,0 -71.56676493897172,-16.3989650877434,0 -71.56680104062717,-16.3988507163944,0 -71.56730734735011,-16.39886397327814,0 -71.56731326511158,-16.39922854337611,0 
							</coordinates>
						</LinearRing>
					</outerBoundaryIs>
				</Polygon>
			</Placemark>
			<Placemark>
				<name>1.4.15-20</name>
				<styleUrl>#msn_ylw-pushpin7930100</styleUrl>
				<Polygon>
					<tessellate>1</tessellate>
					<outerBoundaryIs>
						<LinearRing>
							<coordinates>
								-71.56673573257967,-16.39886499437547,0 -71.56672096327308,-16.39910051323946,0 -71.56671041725784,-16.39930550737945,0 -71.56666729803713,-16.39945165346928,0 -71.56660599029247,-16.3994472848108,0 -71.56659435902375,-16.39951029122671,0 -71.5664679969526,-16.39949475996536,0 -71.56642145373961,-16.39913832259235,0 -71.56654778781134,-16.39874753060099,0 -71.56672428489999,-16.39860485868476,0 -71.56684155879029,-16.39846751296309,0 -71.56699320126401,-16.39855163601926,0 -71.56673573257967,-16.39886499437547,0 
							</coordinates>
						</LinearRing>
					</outerBoundaryIs>
				</Polygon>
			</Placemark>
			<Placemark>
				<name>1.4.15-21</name>
				<styleUrl>#msn_ylw-pushpin7930100</styleUrl>
				<Polygon>
					<tessellate>1</tessellate>
					<outerBoundaryIs>
						<LinearRing>
							<coordinates>
								-71.56717048082433,-16.39847766339209,0 -71.56731684464189,-16.39871623974881,0 -71.56716330311673,-16.39879071494097,0 -71.56692914846938,-16.39880194833071,0 -71.56692949303182,-16.39871040996696,0 -71.56702261270372,-16.39855611561997,0 -71.56717048082433,-16.39847766339209,0 
							</coordinates>
						</LinearRing>
					</outerBoundaryIs>
				</Polygon>
			</Placemark>
			<Placemark>
				<name>1.4.15-22</name>
				<styleUrl>#msn_ylw-pushpin7930100</styleUrl>
				<Polygon>
					<tessellate>1</tessellate>
					<outerBoundaryIs>
						<LinearRing>
							<coordinates>
								-71.56750954614482,-16.39832161882269,0 -71.56764649804516,-16.39856953722398,0 -71.56735976858923,-16.39871234887417,0 -71.56722006180222,-16.39845879360546,0 -71.56750954614482,-16.39832161882269,0 
							</coordinates>
						</LinearRing>
					</outerBoundaryIs>
				</Polygon>
			</Placemark>
			<Placemark>
				<name>1.4.15-23</name>
				<styleUrl>#msn_ylw-pushpin7930100</styleUrl>
				<Polygon>
					<tessellate>1</tessellate>
					<outerBoundaryIs>
						<LinearRing>
							<coordinates>
								-71.56762830848817,-16.39825641079028,0 -71.56779075713486,-16.39826765574881,0 -71.56803247221291,-16.398358479098,0 -71.56767958118843,-16.39856329332899,0 -71.56753015946228,-16.39830764515966,0 -71.56762830848817,-16.39825641079028,0 
							</coordinates>
						</LinearRing>
					</outerBoundaryIs>
				</Polygon>
			</Placemark>
			<Placemark>
				<name>1.4.15-24</name>
				<styleUrl>#msn_ylw-pushpin7930100</styleUrl>
				<Polygon>
					<tessellate>1</tessellate>
					<outerBoundaryIs>
						<LinearRing>
							<coordinates>
								-71.56798623430943,-16.39947453267945,0 -71.56769525814533,-16.39946622330062,0 -71.56767889113119,-16.39861764412617,0 -71.56798986578561,-16.39845259468395,0 -71.56798623430943,-16.39947453267945,0 
							</coordinates>
						</LinearRing>
					</outerBoundaryIs>
				</Polygon>
			</Placemark>
			<Placemark>
				<name>1.4.15-25</name>
				<LookAt>
					<longitude>-71.5673711075076</longitude>
					<latitude>-16.39800768724154</latitude>
					<altitude>0</altitude>
					<heading>0.01408996737083694</heading>
					<tilt>29.58856546330717</tilt>
					<range>260.4488009665346</range>
					<gx:altitudeMode>relativeToSeaFloor</gx:altitudeMode>
				</LookAt>
				<styleUrl>#msn_ylw-pushpin7930100</styleUrl>
				<Polygon>
					<tessellate>1</tessellate>
					<outerBoundaryIs>
						<LinearRing>
							<coordinates>
								-71.56820093506197,-16.39821708309911,0 -71.56805829073751,-16.3983219744163,0 -71.56790455759901,-16.39826744403019,0 -71.56780776561337,-16.39802036112959,0 -71.56801317617926,-16.39790703311043,0 -71.56820093506197,-16.39821708309911,0 
							</coordinates>
						</LinearRing>
					</outerBoundaryIs>
				</Polygon>
			</Placemark>
			<Placemark>
				<name>1.4.15-26</name>
				<styleUrl>#msn_ylw-pushpin7930100</styleUrl>
				<Polygon>
					<tessellate>1</tessellate>
					<outerBoundaryIs>
						<LinearRing>
							<coordinates>
								-71.56875770073083,-16.39920585583872,0 -71.56828363886987,-16.39922955572219,0 -71.56830226048331,-16.39946064481377,0 -71.5680379114916,-16.39947176052647,0 -71.56804109786543,-16.3984186575192,0 -71.56824137872779,-16.39827573336752,0 -71.56875770073083,-16.39920585583872,0 
							</coordinates>
						</LinearRing>
					</outerBoundaryIs>
				</Polygon>
			</Placemark>
			<Placemark>
				<name>1.4.15-27</name>
				<styleUrl>#msn_ylw-pushpin7930100</styleUrl>
				<Polygon>
					<tessellate>1</tessellate>
					<outerBoundaryIs>
						<LinearRing>
							<coordinates>
								-71.56899223704437,-16.39967631550378,0 -71.56842123659111,-16.39969002782296,0 -71.56842962917909,-16.39931963629499,0 -71.56879309071475,-16.39931342284811,0 -71.56899223704437,-16.39967631550378,0 
							</coordinates>
						</LinearRing>
					</outerBoundaryIs>
				</Polygon>
			</Placemark>
			<Placemark>
				<name>1.4.15-28</name>
				<styleUrl>#msn_ylw-pushpin7930100</styleUrl>
				<Polygon>
					<tessellate>1</tessellate>
					<outerBoundaryIs>
						<LinearRing>
							<coordinates>
								-71.56910800697865,-16.40052765787562,0 -71.56882596649986,-16.40055053546437,0 -71.56882156775526,-16.39972458405877,0 -71.56902764494869,-16.39973028427211,0 -71.56910800697865,-16.40052765787562,0 
							</coordinates>
						</LinearRing>
					</outerBoundaryIs>
				</Polygon>
			</Placemark>
			<Placemark>
				<name>1.4.15-29</name>
				<styleUrl>#msn_ylw-pushpin7930100</styleUrl>
				<Polygon>
					<tessellate>1</tessellate>
					<outerBoundaryIs>
						<LinearRing>
							<coordinates>
								-71.56876099280993,-16.40055589999933,0 -71.56843935071286,-16.40055109803995,0 -71.56842049641183,-16.399734568821,0 -71.56875637165911,-16.39972450780649,0 -71.56876099280993,-16.40055589999933,0 
							</coordinates>
						</LinearRing>
					</outerBoundaryIs>
				</Polygon>
			</Placemark>
			<Placemark>
				<name>1.4.15-30</name>
				<styleUrl>#msn_ylw-pushpin7930100</styleUrl>
				<Polygon>
					<tessellate>1</tessellate>
					<outerBoundaryIs>
						<LinearRing>
							<coordinates>
								-71.56896156582981,-16.40137654625911,0 -71.56845573477511,-16.40139161059221,0 -71.56843602425036,-16.40072231257914,0 -71.56895547678236,-16.40069087245135,0 -71.56896156582981,-16.40137654625911,0 
							</coordinates>
						</LinearRing>
					</outerBoundaryIs>
				</Polygon>
			</Placemark>
			<Placemark>
				<name>1.4.15-31</name>
				<styleUrl>#msn_ylw-pushpin7930100</styleUrl>
				<Polygon>
					<tessellate>1</tessellate>
					<outerBoundaryIs>
						<LinearRing>
							<coordinates>
								-71.56912657694889,-16.40067854854096,0 -71.5691433499144,-16.40139104730177,0 -71.56898585545267,-16.40138902806572,0 -71.56898324162974,-16.40068667357018,0 -71.56912657694889,-16.40067854854096,0 
							</coordinates>
						</LinearRing>
					</outerBoundaryIs>
				</Polygon>
			</Placemark>
			<Placemark>
				<name>1.4.15-32</name>
				<styleUrl>#msn_ylw-pushpin7930100</styleUrl>
				<Polygon>
					<tessellate>1</tessellate>
					<outerBoundaryIs>
						<LinearRing>
							<coordinates>
								-71.56920341276349,-16.40258191651109,0 -71.56921980368344,-16.40307137603191,0 -71.56845597899463,-16.40301269253321,0 -71.56845018648529,-16.40226837956816,0 -71.5688320433126,-16.40228641674729,0 -71.56883465901878,-16.40146409843411,0 -71.56915916699828,-16.40144596500971,0 -71.56920341276349,-16.40258191651109,0 
							</coordinates>
						</LinearRing>
					</outerBoundaryIs>
				</Polygon>
			</Placemark>
			<Placemark>
				<name>1.4.15-33</name>
				<styleUrl>#msn_ylw-pushpin7930100</styleUrl>
				<Polygon>
					<tessellate>1</tessellate>
					<outerBoundaryIs>
						<LinearRing>
							<coordinates>
								-71.56879650847591,-16.40221034082687,0 -71.56845424490857,-16.40220501883486,0 -71.56843147173335,-16.40148062240882,0 -71.56878743449973,-16.40147125899754,0 -71.56879650847591,-16.40221034082687,0 
							</coordinates>
						</LinearRing>
					</outerBoundaryIs>
				</Polygon>
			</Placemark>
			<Placemark>
				<name>1.4.15-34</name>
				<styleUrl>#msn_ylw-pushpin7930100</styleUrl>
				<Polygon>
					<tessellate>1</tessellate>
					<outerBoundaryIs>
						<LinearRing>
							<coordinates>
								-71.56761700833394,-16.39760057580711,0 -71.56724274758351,-16.39753932711585,0 -71.5672075757888,-16.39744166603611,0 -71.56720582197265,-16.39740105306319,0 -71.56729322663901,-16.39734176149606,0 -71.56746523275004,-16.39734190663443,0 -71.56771953062558,-16.39724913210383,0 -71.56778884443268,-16.39756164159227,0 -71.56761700833394,-16.39760057580711,0 
							</coordinates>
						</LinearRing>
					</outerBoundaryIs>
				</Polygon>
			</Placemark>
			<Placemark>
				<name>1.4.16-1</name>
				<styleUrl>#msn_ylw-pushpin7930100</styleUrl>
				<Polygon>
					<tessellate>1</tessellate>
					<outerBoundaryIs>
						<LinearRing>
							<coordinates>
								-71.56994297940329,-16.39154025894701,0 -71.56917252520324,-16.39154000412767,0 -71.56917120273465,-16.39113793362197,0 -71.56923159034282,-16.39100161309199,0 -71.56933085020329,-16.39077508032781,0 -71.56953389722457,-16.3903946709307,0 -71.56993113143001,-16.38963199093847,0 -71.57001955410352,-16.38966853403502,0 -71.56994297940329,-16.39154025894701,0 
							</coordinates>
						</LinearRing>
					</outerBoundaryIs>
				</Polygon>
			</Placemark>
			<Placemark>
				<name>1.4.16-2</name>
				<styleUrl>#msn_ylw-pushpin7930100</styleUrl>
				<Polygon>
					<tessellate>1</tessellate>
					<outerBoundaryIs>
						<LinearRing>
							<coordinates>
								-71.56991331873053,-16.39267478524637,0 -71.56913851952457,-16.39265600566557,0 -71.56916969484199,-16.39163422619696,0 -71.56994008919959,-16.39166008052312,0 -71.56991331873053,-16.39267478524637,0 
							</coordinates>
						</LinearRing>
					</outerBoundaryIs>
				</Polygon>
			</Placemark>
			<Placemark>
				<name>1.4.16-3</name>
				<styleUrl>#msn_ylw-pushpin7930100</styleUrl>
				<Polygon>
					<tessellate>1</tessellate>
					<outerBoundaryIs>
						<LinearRing>
							<coordinates>
								-71.56987004764015,-16.39379410391828,0 -71.56910636068456,-16.3937758668054,0 -71.56913272350741,-16.39274312478318,0 -71.56988454328776,-16.39277617404934,0 -71.56987004764015,-16.39379410391828,0 
							</coordinates>
						</LinearRing>
					</outerBoundaryIs>
				</Polygon>
			</Placemark>
			<Placemark>
				<name>1.4.16-4</name>
				<styleUrl>#msn_ylw-pushpin7930100</styleUrl>
				<Polygon>
					<tessellate>1</tessellate>
					<outerBoundaryIs>
						<LinearRing>
							<coordinates>
								-71.56980260950061,-16.39465845242141,0 -71.56904999802862,-16.39462572569463,0 -71.56908380061395,-16.39386765774255,0 -71.5698519563072,-16.39391136710324,0 -71.56980260950061,-16.39465845242141,0 
							</coordinates>
						</LinearRing>
					</outerBoundaryIs>
				</Polygon>
			</Placemark>
			<Placemark>
				<name>1.4.16-5</name>
				<styleUrl>#msn_ylw-pushpin7930100</styleUrl>
				<Polygon>
					<tessellate>1</tessellate>
					<outerBoundaryIs>
						<LinearRing>
							<coordinates>
								-71.56977214110228,-16.39708367046404,0 -71.56934315105248,-16.39714742654222,0 -71.56936879000963,-16.39475786872672,0 -71.56981596617742,-16.39478287692748,0 -71.56977214110228,-16.39708367046404,0 
							</coordinates>
						</LinearRing>
					</outerBoundaryIs>
				</Polygon>
			</Placemark>
			<Placemark>
				<name>1.4.16-6</name>
				<styleUrl>#msn_ylw-pushpin7930100</styleUrl>
				<Polygon>
					<tessellate>1</tessellate>
					<outerBoundaryIs>
						<LinearRing>
							<coordinates>
								-71.57082236062169,-16.39925617442641,0 -71.56937851036179,-16.39719665965552,0 -71.56988652694974,-16.39711257484791,0 -71.57127862656421,-16.39902466566956,0 -71.57082236062169,-16.39925617442641,0 
							</coordinates>
						</LinearRing>
					</outerBoundaryIs>
				</Polygon>
			</Placemark>
			<Placemark>
				<name>1.4.16-7</name>
				<styleUrl>#msn_ylw-pushpin7930100</styleUrl>
				<Polygon>
					<tessellate>1</tessellate>
					<outerBoundaryIs>
						<LinearRing>
							<coordinates>
								-71.57106272047409,-16.40148183881358,0 -71.57063812915996,-16.40148195966974,0 -71.57066238010721,-16.39942350108137,0 -71.57110424753796,-16.39920393759997,0 -71.57106272047409,-16.40148183881358,0 
							</coordinates>
						</LinearRing>
					</outerBoundaryIs>
				</Polygon>
			</Placemark>
			<Placemark>
				<name>1.4.16-8</name>
				<styleUrl>#msn_ylw-pushpin7930100</styleUrl>
				<Polygon>
					<tessellate>1</tessellate>
					<outerBoundaryIs>
						<LinearRing>
							<coordinates>
								-71.57102815420207,-16.40230542228511,0 -71.57091478447646,-16.4027234612454,0 -71.57069112886327,-16.40299268067156,0 -71.5702573449441,-16.40327659877708,0 -71.56976300748894,-16.40354202821977,0 -71.56911198063621,-16.4037416619046,0 -71.56873584176094,-16.40368133598498,0 -71.56862286138839,-16.40362044227551,0 -71.56855881433309,-16.40350246341966,0 -71.56860371582307,-16.4031416262678,0 -71.56945286684316,-16.40313677088273,0 -71.56990243743518,-16.40290727070657,0 -71.57061534396483,-16.40225852204,0 -71.57063910373306,-16.40151972075993,0 -71.5710743680677,-16.40152430879871,0 -71.57102815420207,-16.40230542228511,0 
							</coordinates>
						</LinearRing>
					</outerBoundaryIs>
				</Polygon>
			</Placemark>
			<Placemark>
				<name>1.4.16-9</name>
				<styleUrl>#msn_ylw-pushpin7930100</styleUrl>
				<Polygon>
					<tessellate>1</tessellate>
					<outerBoundaryIs>
						<LinearRing>
							<coordinates>
								-71.56994843509635,-16.40273437609519,0 -71.56967506246404,-16.40295293161935,0 -71.56932438627159,-16.40305928153376,0 -71.56928888280177,-16.40240225272379,0 -71.5703418182251,-16.40239501365548,0 -71.56994843509635,-16.40273437609519,0 
							</coordinates>
						</LinearRing>
					</outerBoundaryIs>
				</Polygon>
			</Placemark>
			<Placemark>
				<name>1.4.16-10</name>
				<styleUrl>#msn_ylw-pushpin7930100</styleUrl>
				<Polygon>
					<tessellate>1</tessellate>
					<outerBoundaryIs>
						<LinearRing>
							<coordinates>
								-71.57054588796967,-16.40211912143452,0 -71.57044284753653,-16.40229304655358,0 -71.56927421262172,-16.40230854566898,0 -71.56926595328524,-16.40154379444066,0 -71.57053191491298,-16.40154707579252,0 -71.57054588796967,-16.40211912143452,0 
							</coordinates>
						</LinearRing>
					</outerBoundaryIs>
				</Polygon>
			</Placemark>
			<Placemark>
				<name>1.4.16-11</name>
				<styleUrl>#msn_ylw-pushpin7930100</styleUrl>
				<Polygon>
					<tessellate>1</tessellate>
					<outerBoundaryIs>
						<LinearRing>
							<coordinates>
								-71.57050307283511,-16.40143316998465,0 -71.56925368101527,-16.40145964944642,0 -71.5692398272392,-16.40068439696323,0 -71.5705322099336,-16.4006491620259,0 -71.57050307283511,-16.40143316998465,0 
							</coordinates>
						</LinearRing>
					</outerBoundaryIs>
				</Polygon>
			</Placemark>
			<Placemark>
				<name>1.4.16-12</name>
				<styleUrl>#msn_ylw-pushpin7930100</styleUrl>
				<Polygon>
					<tessellate>1</tessellate>
					<outerBoundaryIs>
						<LinearRing>
							<coordinates>
								-71.57053680716268,-16.40054067269793,0 -71.56922775587688,-16.40057121845663,0 -71.56916030279008,-16.39978420355204,0 -71.57054969425833,-16.39976419115742,0 -71.57053680716268,-16.40054067269793,0 
							</coordinates>
						</LinearRing>
					</outerBoundaryIs>
				</Polygon>
			</Placemark>
			<Placemark>
				<name>1.4.16-13</name>
				<styleUrl>#msn_ylw-pushpin7930100</styleUrl>
				<Polygon>
					<tessellate>1</tessellate>
					<outerBoundaryIs>
						<LinearRing>
							<coordinates>
								-71.5700885890726,-16.39971074412653,0 -71.56888261543337,-16.39795741090266,0 -71.56951629553473,-16.39750714533146,0 -71.57076106281249,-16.39927763587573,0 -71.5700885890726,-16.39971074412653,0 
							</coordinates>
						</LinearRing>
					</outerBoundaryIs>
				</Polygon>
			</Placemark>
			<Placemark>
				<name>1.4.16-14</name>
				<styleUrl>#msn_ylw-pushpin7930100</styleUrl>
				<Polygon>
					<tessellate>1</tessellate>
					<outerBoundaryIs>
						<LinearRing>
							<coordinates>
								-71.56927143803026,-16.39716704178617,0 -71.56908050476363,-16.39718748460233,0 -71.56853674530817,-16.3973146069361,0 -71.56845377856209,-16.39512398319001,0 -71.56887031618243,-16.39497310737443,0 -71.5692754469553,-16.3949567797201,0 -71.56927143803026,-16.39716704178617,0 
							</coordinates>
						</LinearRing>
					</outerBoundaryIs>
				</Polygon>
			</Placemark>
			<Placemark>
				<name>1.4.16-15</name>
				<styleUrl>#msn_ylw-pushpin7930100</styleUrl>
				<Polygon>
					<tessellate>1</tessellate>
					<outerBoundaryIs>
						<LinearRing>
							<coordinates>
								-71.56928509826696,-16.3997061626032,0 -71.56918076451844,-16.3996037801454,0 -71.56788134796544,-16.39748767100731,0 -71.56784135666481,-16.39729976694419,0 -71.56787611000377,-16.39707195459595,0 -71.5678726046492,-16.39686492443241,0 -71.56768583456982,-16.39670864900674,0 -71.56754977678823,-16.39657303200986,0 -71.56752106123764,-16.39636325080727,0 -71.56755134047633,-16.39609139708592,0 -71.56781885413776,-16.39556237824121,0 -71.56797898735591,-16.39540073768512,0 -71.56836251568359,-16.39516653917197,0 -71.56839517395068,-16.39720156372345,0 -71.56870492823907,-16.39785229623617,0 -71.5699168425965,-16.39967592010912,0 -71.56928509826696,-16.3997061626032,0 
							</coordinates>
						</LinearRing>
					</outerBoundaryIs>
				</Polygon>
			</Placemark>
			<Placemark>
				<name>1.4.17-1</name>
				<styleUrl>#msn_ylw-pushpin7930100</styleUrl>
				<Polygon>
					<tessellate>1</tessellate>
					<outerBoundaryIs>
						<LinearRing>
							<coordinates>
								-71.57014887033355,-16.38951648634113,0 -71.57057963055918,-16.38971534658857,0 -71.57049065656597,-16.39153796723005,0 -71.57005524288006,-16.3915213496154,0 -71.57014887033355,-16.38951648634113,0 
							</coordinates>
						</LinearRing>
					</outerBoundaryIs>
				</Polygon>
			</Placemark>
			<Placemark>
				<name>1.4.17-2</name>
				<styleUrl>#msn_ylw-pushpin7930100</styleUrl>
				<Polygon>
					<tessellate>1</tessellate>
					<outerBoundaryIs>
						<LinearRing>
							<coordinates>
								-71.57070224476288,-16.39077666623444,0 -71.57174131976737,-16.39085530793985,0 -71.57170429801722,-16.39164534999135,0 -71.5706605442282,-16.39157810978591,0 -71.57070224476288,-16.39077666623444,0 
							</coordinates>
						</LinearRing>
					</outerBoundaryIs>
				</Polygon>
			</Placemark>
			<Placemark>
				<name>1.4.17-3</name>
				<styleUrl>#msn_ylw-pushpin7930100</styleUrl>
				<Polygon>
					<tessellate>1</tessellate>
					<outerBoundaryIs>
						<LinearRing>
							<coordinates>
								-71.57174224903801,-16.39076711183995,0 -71.57070410385643,-16.39068750269027,0 -71.57074397852216,-16.38989719726453,0 -71.57178320678372,-16.38995950496989,0 -71.57174224903801,-16.39076711183995,0 
							</coordinates>
						</LinearRing>
					</outerBoundaryIs>
				</Polygon>
			</Placemark>
			<Placemark>
				<name>1.4.17-4</name>
				<styleUrl>#msn_ylw-pushpin7930100</styleUrl>
				<Polygon>
					<tessellate>1</tessellate>
					<outerBoundaryIs>
						<LinearRing>
							<coordinates>
								-71.57153670722793,-16.38979781070551,0 -71.57075414985933,-16.38975358948296,0 -71.57079415146738,-16.38908071986966,0 -71.57137741910562,-16.388959081213,0 -71.57153670722793,-16.38979781070551,0 
							</coordinates>
						</LinearRing>
					</outerBoundaryIs>
				</Polygon>
			</Placemark>
			<Placemark>
				<name>1.4.17-5</name>
				<styleUrl>#msn_ylw-pushpin7930100</styleUrl>
				<Polygon>
					<tessellate>1</tessellate>
					<outerBoundaryIs>
						<LinearRing>
							<coordinates>
								-71.57241902282567,-16.38877701234779,0 -71.57270944079777,-16.38975505364244,0 -71.5716933555166,-16.3898749100087,0 -71.57151015930228,-16.38894563746543,0 -71.57241902282567,-16.38877701234779,0 
							</coordinates>
						</LinearRing>
					</outerBoundaryIs>
				</Polygon>
			</Placemark>
			<Placemark>
				<name>1.4.17-10</name>
				<styleUrl>#msn_ylw-pushpin7930100</styleUrl>
				<Polygon>
					<tessellate>1</tessellate>
					<outerBoundaryIs>
						<LinearRing>
							<coordinates>
								-71.57235789300471,-16.38862692987826,0 -71.57149929606733,-16.3888159128715,0 -71.57131507911689,-16.38773370227483,0 -71.57161337531045,-16.38769547843582,0 -71.5720554692388,-16.38759622564477,0 -71.57235789300471,-16.38862692987826,0 
							</coordinates>
						</LinearRing>
					</outerBoundaryIs>
				</Polygon>
			</Placemark>
			<Placemark>
				<name>1.4.17-11</name>
				<styleUrl>#msn_ylw-pushpin7930100</styleUrl>
				<Polygon>
					<tessellate>1</tessellate>
					<outerBoundaryIs>
						<LinearRing>
							<coordinates>
								-71.57202319446097,-16.38743628761528,0 -71.57152983340063,-16.38751808456399,0 -71.57115749292888,-16.38610954314139,0 -71.57176916859241,-16.3864679342432,0 -71.57202319446097,-16.38743628761528,0 
							</coordinates>
						</LinearRing>
					</outerBoundaryIs>
				</Polygon>
			</Placemark>
			<Placemark>
				<name>1.4.17-12</name>
				<styleUrl>#msn_ylw-pushpin7930100</styleUrl>
				<Polygon>
					<tessellate>1</tessellate>
					<outerBoundaryIs>
						<LinearRing>
							<coordinates>
								-71.57089470384581,-16.38607925530438,0 -71.57096312811566,-16.38604632241234,0 -71.57099813712256,-16.38606362919355,0 -71.57142310402865,-16.3875640679597,0 -71.57085700155297,-16.38768139576812,0 -71.57089470384581,-16.38607925530438,0 
							</coordinates>
						</LinearRing>
					</outerBoundaryIs>
				</Polygon>
			</Placemark>
			<Placemark>
				<name>1.4.17-13</name>
				<styleUrl>#msn_ylw-pushpin7930100</styleUrl>
				<Polygon>
					<tessellate>1</tessellate>
					<outerBoundaryIs>
						<LinearRing>
							<coordinates>
								-71.57138754627083,-16.38887793552037,0 -71.57082095518902,-16.38894878129631,0 -71.57084622632624,-16.3878019346341,0 -71.57118011245221,-16.38774333250227,0 -71.57138754627083,-16.38887793552037,0 
							</coordinates>
						</LinearRing>
					</outerBoundaryIs>
				</Polygon>
			</Placemark>
			<Placemark>
				<name>1.4.17-14</name>
				<styleUrl>#msn_ylw-pushpin7930100</styleUrl>
				<Polygon>
					<tessellate>1</tessellate>
					<outerBoundaryIs>
						<LinearRing>
							<coordinates>
								-71.57073882326846,-16.38784083184095,0 -71.5706109020182,-16.38961927472747,0 -71.57015707856353,-16.38941127673868,0 -71.57020936313666,-16.38792078315969,0 -71.57073882326846,-16.38784083184095,0 
							</coordinates>
						</LinearRing>
					</outerBoundaryIs>
				</Polygon>
			</Placemark>
			<Placemark>
				<name>1.4.17-15</name>
				<styleUrl>#msn_ylw-pushpin7930100</styleUrl>
				<Polygon>
					<tessellate>1</tessellate>
					<outerBoundaryIs>
						<LinearRing>
							<coordinates>
								-71.57073111266683,-16.38775462104591,0 -71.57022623794803,-16.38782584242286,0 -71.57028074510875,-16.38605111503237,0 -71.57079865517623,-16.3860231359378,0 -71.57073111266683,-16.38775462104591,0 
							</coordinates>
						</LinearRing>
					</outerBoundaryIs>
				</Polygon>
			</Placemark>
			<Placemark>
				<name>1.4.19-1</name>
				<styleUrl>#msn_ylw-pushpin7930100</styleUrl>
				<Polygon>
					<tessellate>1</tessellate>
					<outerBoundaryIs>
						<LinearRing>
							<coordinates>
								-71.57184113643405,-16.39090456488109,0 -71.57245171312393,-16.39097877477643,0 -71.57235006650718,-16.39186386173579,0 -71.5717706927739,-16.39182712357615,0 -71.57184113643405,-16.39090456488109,0 
							</coordinates>
						</LinearRing>
					</outerBoundaryIs>
				</Polygon>
			</Placemark>
			<Placemark>
				<name>1.4.19-2</name>
				<styleUrl>#msn_ylw-pushpin7930100</styleUrl>
				<Polygon>
					<tessellate>1</tessellate>
					<outerBoundaryIs>
						<LinearRing>
							<coordinates>
								-71.5718869550811,-16.39001043693743,0 -71.57215353616691,-16.3899804833838,0 -71.57230986946527,-16.39080829475419,0 -71.57185160969129,-16.39076479206862,0 -71.5718869550811,-16.39001043693743,0 
							</coordinates>
						</LinearRing>
					</outerBoundaryIs>
				</Polygon>
			</Placemark>
			<Placemark>
				<name>1.4.19-3</name>
				<styleUrl>#msn_ylw-pushpin7930100</styleUrl>
				<Polygon>
					<tessellate>1</tessellate>
					<outerBoundaryIs>
						<LinearRing>
							<coordinates>
								-71.57234064694271,-16.3899660268567,0 -71.57272814534213,-16.38988828710875,0 -71.57299099554812,-16.39086250991531,0 -71.57260903065732,-16.390833251469,0 -71.57234064694271,-16.3899660268567,0 
							</coordinates>
						</LinearRing>
					</outerBoundaryIs>
				</Polygon>
			</Placemark>
			<Placemark>
				<name>1.4.19-4</name>
				<styleUrl>#msn_ylw-pushpin7930100</styleUrl>
				<Polygon>
					<tessellate>1</tessellate>
					<outerBoundaryIs>
						<LinearRing>
							<coordinates>
								-71.57257478601143,-16.39096981197644,0 -71.57297302932783,-16.39098810455154,0 -71.57289121203091,-16.39188849516895,0 -71.57252903417937,-16.39185040457259,0 -71.57257478601143,-16.39096981197644,0 
							</coordinates>
						</LinearRing>
					</outerBoundaryIs>
				</Polygon>
			</Placemark>
			<Placemark>
				<name>1.4.19-11</name>
				<styleUrl>#msn_ylw-pushpin7930100</styleUrl>
				<Polygon>
					<tessellate>1</tessellate>
					<outerBoundaryIs>
						<LinearRing>
							<coordinates>
								-71.57567346542137,-16.39133473299987,0 -71.57597035196189,-16.39211196240428,0 -71.57474666878745,-16.39202458205271,0 -71.5748248760532,-16.39134581115275,0 -71.57567346542137,-16.39133473299987,0 
							</coordinates>
						</LinearRing>
					</outerBoundaryIs>
				</Polygon>
			</Placemark>
			<Placemark>
				<name>1.4.19-12</name>
				<styleUrl>#msn_ylw-pushpin7930100</styleUrl>
				<Polygon>
					<tessellate>1</tessellate>
					<outerBoundaryIs>
						<LinearRing>
							<coordinates>
								-71.57598841799977,-16.39226493606213,0 -71.57582479522951,-16.39293526038816,0 -71.57468386026316,-16.39286107784606,0 -71.57475681095903,-16.3921659126723,0 -71.57598841799977,-16.39226493606213,0 
							</coordinates>
						</LinearRing>
					</outerBoundaryIs>
				</Polygon>
			</Placemark>
			<Placemark>
				<name>1.4.19-13</name>
				<styleUrl>#msn_ylw-pushpin7930100</styleUrl>
				<Polygon>
					<tessellate>1</tessellate>
					<outerBoundaryIs>
						<LinearRing>
							<coordinates>
								-71.57670221151635,-16.39231845723508,0 -71.57655590412024,-16.39300682309665,0 -71.57594536815806,-16.39295800723467,0 -71.57608724315372,-16.39226657392686,0 -71.57670221151635,-16.39231845723508,0 
							</coordinates>
						</LinearRing>
					</outerBoundaryIs>
				</Polygon>
			</Placemark>
			<Placemark>
				<name>1.4.19-14</name>
				<styleUrl>#msn_ylw-pushpin7930100</styleUrl>
				<Polygon>
					<tessellate>1</tessellate>
					<outerBoundaryIs>
						<LinearRing>
							<coordinates>
								-71.57691803865318,-16.39143588092648,0 -71.57672503152784,-16.39214162949532,0 -71.57607517786276,-16.39209638369114,0 -71.5758237242657,-16.39135789478182,0 -71.57691803865318,-16.39143588092648,0 
							</coordinates>
						</LinearRing>
					</outerBoundaryIs>
				</Polygon>
			</Placemark>
			<Placemark>
				<name>1.4.19-15</name>
				<styleUrl>#msn_ylw-pushpin7930100</styleUrl>
				<Polygon>
					<tessellate>1</tessellate>
					<outerBoundaryIs>
						<LinearRing>
							<coordinates>
								-71.57773159342983,-16.39145924558956,0 -71.57761201807081,-16.39219732690651,0 -71.57684189151357,-16.39213722679913,0 -71.57705918010045,-16.39144590678543,0 -71.57773159342983,-16.39145924558956,0 
							</coordinates>
						</LinearRing>
					</outerBoundaryIs>
				</Polygon>
			</Placemark>
			<Placemark>
				<name>1.4.19-16</name>
				<styleUrl>#msn_ylw-pushpin7930100</styleUrl>
				<Polygon>
					<tessellate>1</tessellate>
					<outerBoundaryIs>
						<LinearRing>
							<coordinates>
								-71.57758707372486,-16.39233515982079,0 -71.57743491319046,-16.3930906601234,0 -71.57669718290863,-16.39302910530957,0 -71.57683557596052,-16.39230015377109,0 -71.57758707372486,-16.39233515982079,0 
							</coordinates>
						</LinearRing>
					</outerBoundaryIs>
				</Polygon>
			</Placemark>
			<Placemark>
				<name>1.4.19-17</name>
				<styleUrl>#msn_ylw-pushpin7930100</styleUrl>
				<Polygon>
					<tessellate>1</tessellate>
					<outerBoundaryIs>
						<LinearRing>
							<coordinates>
								-71.57832737840728,-16.39240939363687,0 -71.57819598705618,-16.3931424327162,0 -71.57756602681914,-16.3930989857097,0 -71.57770222157677,-16.39233920872958,0 -71.57832737840728,-16.39240939363687,0 
							</coordinates>
						</LinearRing>
					</outerBoundaryIs>
				</Polygon>
			</Placemark>
			<Placemark>
				<name>1.4.19-18</name>
				<styleUrl>#msn_ylw-pushpin7930100</styleUrl>
				<Polygon>
					<tessellate>1</tessellate>
					<outerBoundaryIs>
						<LinearRing>
							<coordinates>
								-71.57846135658241,-16.39149353865881,0 -71.5783553900372,-16.39221719308656,0 -71.57773298608355,-16.39218446004904,0 -71.57786407276768,-16.39147508381329,0 -71.57846135658241,-16.39149353865881,0 
							</coordinates>
						</LinearRing>
					</outerBoundaryIs>
				</Polygon>
			</Placemark>
			<Placemark>
				<name>1.4.19-19</name>
				<styleUrl>#msn_ylw-pushpin7930100</styleUrl>
				<Polygon>
					<tessellate>1</tessellate>
					<outerBoundaryIs>
						<LinearRing>
							<coordinates>
								-71.57931234647094,-16.39152863884106,0 -71.57917374620847,-16.39227657221847,0 -71.57848195881569,-16.3922239676942,0 -71.57862866462679,-16.39150110194269,0 -71.57931234647094,-16.39152863884106,0 
							</coordinates>
						</LinearRing>
					</outerBoundaryIs>
				</Polygon>
			</Placemark>
			<Placemark>
				<name>1.4.19-20</name>
				<styleUrl>#msn_ylw-pushpin7930100</styleUrl>
				<Polygon>
					<tessellate>1</tessellate>
					<outerBoundaryIs>
						<LinearRing>
							<coordinates>
								-71.57846649278555,-16.39238676360198,0 -71.57920651905171,-16.39244792938229,0 -71.57907120448343,-16.39322438951135,0 -71.57836235391476,-16.39315494221779,0 -71.57846649278555,-16.39238676360198,0 
							</coordinates>
						</LinearRing>
					</outerBoundaryIs>
				</Polygon>
			</Placemark>
			<Placemark>
				<name>1.4.19-22</name>
				<styleUrl>#msn_ylw-pushpin7930100</styleUrl>
				<Polygon>
					<tessellate>1</tessellate>
					<outerBoundaryIs>
						<LinearRing>
							<coordinates>
								-71.57930446241295,-16.392291948146,0 -71.57943706998896,-16.39155290349095,0 -71.58019690672808,-16.3915729138849,0 -71.58005274819305,-16.39236388819909,0 -71.57930446241295,-16.392291948146,0 
							</coordinates>
						</LinearRing>
					</outerBoundaryIs>
				</Polygon>
			</Placemark>
			<Placemark>
				<name>1.4.19-23</name>
				<styleUrl>#msn_ylw-pushpin7930100</styleUrl>
				<Polygon>
					<tessellate>1</tessellate>
					<outerBoundaryIs>
						<LinearRing>
							<coordinates>
								-71.58117595270352,-16.39161469914211,0 -71.58104549556892,-16.39239895939821,0 -71.58021912940806,-16.39234866220492,0 -71.58039380463144,-16.3915940078845,0 -71.58117595270352,-16.39161469914211,0 
							</coordinates>
						</LinearRing>
					</outerBoundaryIs>
				</Polygon>
			</Placemark>
			<Placemark>
				<name>1.4.19-26</name>
				<styleUrl>#msn_ylw-pushpin7930100</styleUrl>
				<Polygon>
					<tessellate>1</tessellate>
					<outerBoundaryIs>
						<LinearRing>
							<coordinates>
								-71.58205243201519,-16.39166803129183,0 -71.58195316977714,-16.39245220340566,0 -71.58116169486057,-16.39240026980114,0 -71.58131360053484,-16.39162513205931,0 -71.58205243201519,-16.39166803129183,0 
							</coordinates>
						</LinearRing>
					</outerBoundaryIs>
				</Polygon>
			</Placemark>
			<Placemark>
				<name>1.4.19-27</name>
				<styleUrl>#msn_ylw-pushpin7930100</styleUrl>
				<Polygon>
					<tessellate>1</tessellate>
					<outerBoundaryIs>
						<LinearRing>
							<coordinates>
								-71.58297453826796,-16.39169500047379,0 -71.58307811327133,-16.39249558756405,0 -71.58206077694375,-16.39245455942923,0 -71.58224310552097,-16.391660890428,0 -71.58297453826796,-16.39169500047379,0 
							</coordinates>
						</LinearRing>
					</outerBoundaryIs>
				</Polygon>
			</Placemark>
			<Placemark>
				<name>1.4.20-1</name>
				<styleUrl>#msn_ylw-pushpin7930100</styleUrl>
				<Polygon>
					<tessellate>1</tessellate>
					<outerBoundaryIs>
						<LinearRing>
							<coordinates>
								-71.57002575514719,-16.39266423247759,0 -71.57005927829472,-16.39170351322506,0 -71.57045615762699,-16.39171406174303,0 -71.57042651024118,-16.39266123707244,0 -71.57002575514719,-16.39266423247759,0 
							</coordinates>
						</LinearRing>
					</outerBoundaryIs>
				</Polygon>
			</Placemark>
			<Placemark>
				<name>1.4.20-2</name>
				<styleUrl>#msn_ylw-pushpin7930100</styleUrl>
				<Polygon>
					<tessellate>1</tessellate>
					<outerBoundaryIs>
						<LinearRing>
							<coordinates>
								-71.56996504237789,-16.39379115891702,0 -71.5700210827316,-16.3927663943233,0 -71.57044829581874,-16.392753778432,0 -71.57037961619598,-16.3937805715097,0 -71.56996504237789,-16.39379115891702,0 
							</coordinates>
						</LinearRing>
					</outerBoundaryIs>
				</Polygon>
			</Placemark>
			<Placemark>
				<name>1.4.20-3</name>
				<styleUrl>#msn_ylw-pushpin7930100</styleUrl>
				<Polygon>
					<tessellate>1</tessellate>
					<outerBoundaryIs>
						<LinearRing>
							<coordinates>
								-71.57081045114469,-16.39342187034858,0 -71.57079519797124,-16.39379943056441,0 -71.57046433177327,-16.39379052165917,0 -71.57054950163716,-16.39266333151904,0 -71.57155230587438,-16.39269696952551,0 -71.57150676480808,-16.39346188800239,0 -71.57081045114469,-16.39342187034858,0 
							</coordinates>
						</LinearRing>
					</outerBoundaryIs>
				</Polygon>
			</Placemark>
			<Placemark>
				<name>1.4.20-4</name>
				<styleUrl>#msn_ylw-pushpin7930100</styleUrl>
				<Polygon>
					<tessellate>1</tessellate>
					<outerBoundaryIs>
						<LinearRing>
							<coordinates>
								-71.57056681048576,-16.39248597292302,0 -71.57062896000848,-16.39170828092776,0 -71.57126214209093,-16.39170781095221,0 -71.57163546451422,-16.3917909369457,0 -71.57154979537478,-16.39254326962887,0 -71.57056681048576,-16.39248597292302,0 
							</coordinates>
						</LinearRing>
					</outerBoundaryIs>
				</Polygon>
			</Placemark>
			<Placemark>
				<name>1.4.20-5</name>
				<styleUrl>#msn_ylw-pushpin7930100</styleUrl>
				<Polygon>
					<tessellate>1</tessellate>
					<outerBoundaryIs>
						<LinearRing>
							<coordinates>
								-71.57174570502649,-16.39260067740155,0 -71.57179406106262,-16.39196667359309,0 -71.5723594178918,-16.39202275373609,0 -71.57230627954822,-16.39262925314556,0 -71.57174570502649,-16.39260067740155,0 
							</coordinates>
						</LinearRing>
					</outerBoundaryIs>
				</Polygon>
			</Placemark>
			<Placemark>
				<name>1.4.20-7</name>
				<styleUrl>#msn_ylw-pushpin7930100</styleUrl>
				<Polygon>
					<tessellate>1</tessellate>
					<outerBoundaryIs>
						<LinearRing>
							<coordinates>
								-71.57279168081955,-16.39390709947967,0 -71.57241499533454,-16.39389875363144,0 -71.57249153114003,-16.39203660445091,0 -71.57289203379344,-16.39208853401111,0 -71.57279168081955,-16.39390709947967,0 
							</coordinates>
						</LinearRing>
					</outerBoundaryIs>
				</Polygon>
			</Placemark>
			<Placemark>
				<name>1.4.20-9</name>
				<styleUrl>#msn_ylw-pushpin7930100</styleUrl>
				<Polygon>
					<tessellate>1</tessellate>
					<outerBoundaryIs>
						<LinearRing>
							<coordinates>
								-71.57462641121981,-16.39399352661746,0 -71.57468551600532,-16.39302468818923,0 -71.57579704942974,-16.3931134696807,0 -71.57560238557407,-16.39402958070873,0 -71.57462641121981,-16.39399352661746,0 
							</coordinates>
						</LinearRing>
					</outerBoundaryIs>
				</Polygon>
			</Placemark>
			<Placemark>
				<name>1.4.20-10</name>
				<styleUrl>#msn_ylw-pushpin7930100</styleUrl>
				<Polygon>
					<tessellate>1</tessellate>
					<outerBoundaryIs>
						<LinearRing>
							<coordinates>
								-71.57629985225691,-16.39409332087586,0 -71.57573765011854,-16.39404426168071,0 -71.57590709235018,-16.39311044324939,0 -71.57651367276938,-16.39316137337258,0 -71.57629985225691,-16.39409332087586,0 
							</coordinates>
						</LinearRing>
					</outerBoundaryIs>
				</Polygon>
			</Placemark>
			<Placemark>
				<name>1.4.20-11</name>
				<styleUrl>#msn_ylw-pushpin7930100</styleUrl>
				<Polygon>
					<tessellate>1</tessellate>
					<outerBoundaryIs>
						<LinearRing>
							<coordinates>
								-71.57557992287686,-16.39501860659126,0 -71.57569419984037,-16.3941742874355,0 -71.57627860040623,-16.39422679527132,0 -71.57616483285661,-16.39512273009786,0 -71.57557992287686,-16.39501860659126,0 
							</coordinates>
						</LinearRing>
					</outerBoundaryIs>
				</Polygon>
			</Placemark>
			<Placemark>
				<name>1.4.20-12</name>
				<styleUrl>#msn_ylw-pushpin7930100</styleUrl>
				<Polygon>
					<tessellate>1</tessellate>
					<outerBoundaryIs>
						<LinearRing>
							<coordinates>
								-71.57720790998121,-16.39429653211928,0 -71.57702964451562,-16.39529469790039,0 -71.57629792330484,-16.39516934059244,0 -71.57643500903185,-16.3942331703109,0 -71.57720790998121,-16.39429653211928,0 
							</coordinates>
						</LinearRing>
					</outerBoundaryIs>
				</Polygon>
			</Placemark>
			<Placemark>
				<name>1.4.20-13</name>
				<styleUrl>#msn_ylw-pushpin7930100</styleUrl>
				<Polygon>
					<tessellate>1</tessellate>
					<outerBoundaryIs>
						<LinearRing>
							<coordinates>
								-71.57721216581088,-16.39412483183261,0 -71.57646226338613,-16.39408876352154,0 -71.57666548972138,-16.39316119596977,0 -71.57738201473686,-16.39326849690046,0 -71.57721216581088,-16.39412483183261,0 
							</coordinates>
						</LinearRing>
					</outerBoundaryIs>
				</Polygon>
			</Placemark>
			<Placemark>
				<name>1.4.20-14</name>
				<styleUrl>#msn_ylw-pushpin7930100</styleUrl>
				<Polygon>
					<tessellate>1</tessellate>
					<outerBoundaryIs>
						<LinearRing>
							<coordinates>
								-71.57736604672593,-16.39413264080754,0 -71.57754139315371,-16.3932761677023,0 -71.57815396391624,-16.39333155999038,0 -71.57801012748804,-16.39416836137711,0 -71.57736604672593,-16.39413264080754,0 
							</coordinates>
						</LinearRing>
					</outerBoundaryIs>
				</Polygon>
			</Placemark>
			<Placemark>
				<name>1.4.20-15</name>
				<styleUrl>#msn_ylw-pushpin7930100</styleUrl>
				<Polygon>
					<tessellate>1</tessellate>
					<outerBoundaryIs>
						<LinearRing>
							<coordinates>
								-71.57824937996313,-16.39550625132706,0 -71.57714049671497,-16.39527516268797,0 -71.57735139127331,-16.39427663695053,0 -71.57791567975605,-16.39434479151846,0 -71.57824937996313,-16.39550625132706,0 
							</coordinates>
						</LinearRing>
					</outerBoundaryIs>
				</Polygon>
			</Placemark>
			<Placemark>
				<name>1.4.20-16</name>
				<styleUrl>#msn_ylw-pushpin7930100</styleUrl>
				<Polygon>
					<tessellate>1</tessellate>
					<outerBoundaryIs>
						<LinearRing>
							<coordinates>
								-71.57840482284023,-16.3956424071389,0 -71.57829004132788,-16.3950929213681,0 -71.57906441064223,-16.39521464478723,0 -71.57915374305276,-16.39582680886649,0 -71.57840482284023,-16.3956424071389,0 
							</coordinates>
						</LinearRing>
					</outerBoundaryIs>
				</Polygon>
			</Placemark>
			<Placemark>
				<name>1.4.20-17</name>
				<styleUrl>#msn_ylw-pushpin7930100</styleUrl>
				<Polygon>
					<tessellate>1</tessellate>
					<outerBoundaryIs>
						<LinearRing>
							<coordinates>
								-71.57900019494964,-16.39504065905202,0 -71.57825369137821,-16.39490450858499,0 -71.57807216327934,-16.39436008578202,0 -71.57886777953931,-16.39442239271244,0 -71.57900019494964,-16.39504065905202,0 
							</coordinates>
						</LinearRing>
					</outerBoundaryIs>
				</Polygon>
			</Placemark>
			<Placemark>
				<name>1.4.20-18</name>
				<styleUrl>#msn_ylw-pushpin7930100</styleUrl>
				<Polygon>
					<tessellate>1</tessellate>
					<outerBoundaryIs>
						<LinearRing>
							<coordinates>
								-71.57813176755472,-16.3941874331138,0 -71.57828617856082,-16.39332651441933,0 -71.57905266347422,-16.39338628299092,0 -71.5788684631698,-16.39425737580133,0 -71.57813176755472,-16.3941874331138,0 
							</coordinates>
						</LinearRing>
					</outerBoundaryIs>
				</Polygon>
			</Placemark>
			<Placemark>
				<name>1.4.21-1</name>
				<styleUrl>#msn_ylw-pushpin7930100</styleUrl>
				<Polygon>
					<tessellate>1</tessellate>
					<outerBoundaryIs>
						<LinearRing>
							<coordinates>
								-71.57033955899796,-16.39484899715172,0 -71.57028249273822,-16.39650477016233,0 -71.57027184732478,-16.3971948126385,0 -71.57029309487147,-16.39734044897514,0 -71.5702248048126,-16.39735248104321,0 -71.56989518382531,-16.39680057084923,0 -71.56993447388132,-16.39482182657528,0 -71.57033955899796,-16.39484899715172,0 
							</coordinates>
						</LinearRing>
					</outerBoundaryIs>
				</Polygon>
			</Placemark>
			<Placemark>
				<name>1.4.21-2</name>
				<styleUrl>#msn_ylw-pushpin7930100</styleUrl>
				<Polygon>
					<tessellate>1</tessellate>
					<outerBoundaryIs>
						<LinearRing>
							<coordinates>
								-71.57032975196604,-16.39468313512798,0 -71.56994497808098,-16.39465174521591,0 -71.56998917547658,-16.39393264334236,0 -71.57037171485156,-16.39394433170559,0 -71.57032975196604,-16.39468313512798,0 
							</coordinates>
						</LinearRing>
					</outerBoundaryIs>
				</Polygon>
			</Placemark>
			<Placemark>
				<name>1.4.21-3</name>
				<styleUrl>#msn_ylw-pushpin7930100</styleUrl>
				<Polygon>
					<tessellate>1</tessellate>
					<outerBoundaryIs>
						<LinearRing>
							<coordinates>
								-71.57041409601602,-16.39467417343865,0 -71.57043059324238,-16.3939393961512,0 -71.57148981976206,-16.39400510414924,0 -71.57143430076756,-16.39474962971812,0 -71.57041409601602,-16.39467417343865,0 
							</coordinates>
						</LinearRing>
					</outerBoundaryIs>
				</Polygon>
			</Placemark>
			<Placemark>
				<name>1.4.21-4</name>
				<styleUrl>#msn_ylw-pushpin7930100</styleUrl>
				<Polygon>
					<tessellate>1</tessellate>
					<outerBoundaryIs>
						<LinearRing>
							<coordinates>
								-71.57039931589767,-16.3955772149794,0 -71.57042054097714,-16.39482030928556,0 -71.57141631592684,-16.39488126981223,0 -71.57135746204847,-16.39564628926005,0 -71.57039931589767,-16.3955772149794,0 
							</coordinates>
						</LinearRing>
					</outerBoundaryIs>
				</Polygon>
			</Placemark>
			<Placemark>
				<name>1.4.21-5</name>
				<styleUrl>#msn_ylw-pushpin7930100</styleUrl>
				<Polygon>
					<tessellate>1</tessellate>
					<outerBoundaryIs>
						<LinearRing>
							<coordinates>
								-71.5717538632981,-16.39607573947171,0 -71.57174018369165,-16.3965163410524,0 -71.57038368856055,-16.3964862039932,0 -71.57039656303036,-16.39573621326526,0 -71.57139940421278,-16.39580795338457,0 -71.5717538632981,-16.39607573947171,0 
							</coordinates>
						</LinearRing>
					</outerBoundaryIs>
				</Polygon>
			</Placemark>
			<Placemark>
				<name>1.4.21-6</name>
				<styleUrl>#msn_ylw-pushpin7930100</styleUrl>
				<Polygon>
					<tessellate>1</tessellate>
					<outerBoundaryIs>
						<LinearRing>
							<coordinates>
								-71.57205904108997,-16.39566887796912,0 -71.57198088719593,-16.39585770465032,0 -71.57179452090965,-16.39593416183099,0 -71.57160714795805,-16.39587128300807,0 -71.57145565843433,-16.39570187182635,0 -71.5716355173945,-16.3940161459219,0 -71.57220288343539,-16.39406037629381,0 -71.57205904108997,-16.39566887796912,0 
							</coordinates>
						</LinearRing>
					</outerBoundaryIs>
				</Polygon>
			</Placemark>
			<Placemark>
				<name>1.4.21-7</name>
				<styleUrl>#msn_ylw-pushpin7930100</styleUrl>
				<Polygon>
					<tessellate>1</tessellate>
					<outerBoundaryIs>
						<LinearRing>
							<coordinates>
								-71.57262377007748,-16.39653045317951,0 -71.5719035222653,-16.39652096277522,0 -71.57194104622084,-16.39601475493739,0 -71.57223851979231,-16.39561309385474,0 -71.57228955128922,-16.39516341558628,0 -71.57270504638278,-16.39516539191546,0 -71.57262377007748,-16.39653045317951,0 
							</coordinates>
						</LinearRing>
					</outerBoundaryIs>
				</Polygon>
			</Placemark>
			<Placemark>
				<name>1.4.21-8</name>
				<styleUrl>#msn_ylw-pushpin7930100</styleUrl>
				<Polygon>
					<tessellate>1</tessellate>
					<outerBoundaryIs>
						<LinearRing>
							<coordinates>
								-71.57274682860066,-16.39498944364828,0 -71.57229339030697,-16.39498909524281,0 -71.57237218179822,-16.39406793066854,0 -71.57279602302498,-16.39407525250434,0 -71.57274682860066,-16.39498944364828,0 
							</coordinates>
						</LinearRing>
					</outerBoundaryIs>
				</Polygon>
			</Placemark>
			<Placemark>
				<name>1.4.21-10</name>
				<styleUrl>#msn_ylw-pushpin7930100</styleUrl>
				<Polygon>
					<tessellate>1</tessellate>
					<outerBoundaryIs>
						<LinearRing>
							<coordinates>
								-71.57356704778644,-16.39651833341255,0 -71.57280255714849,-16.39651339111967,0 -71.57288735314407,-16.39515302781003,0 -71.57365655886551,-16.39518491568565,0 -71.57356704778644,-16.39651833341255,0 
							</coordinates>
						</LinearRing>
					</outerBoundaryIs>
				</Polygon>
			</Placemark>
			<Placemark>
				<name>1.4.21-11</name>
				<styleUrl>#msn_ylw-pushpin7930100</styleUrl>
				<Polygon>
					<tessellate>1</tessellate>
					<outerBoundaryIs>
						<LinearRing>
							<coordinates>
								-71.57455173479458,-16.39576875088221,0 -71.57458320976463,-16.39615707449313,0 -71.57378352863388,-16.39607465981472,0 -71.57382310649801,-16.39519733554101,0 -71.57435903393916,-16.39521761885124,0 -71.57455173479458,-16.39576875088221,0 
							</coordinates>
						</LinearRing>
					</outerBoundaryIs>
				</Polygon>
			</Placemark>
			<Placemark>
				<name>1.4.21-12</name>
				<styleUrl>#msn_ylw-pushpin7930100</styleUrl>
				<Polygon>
					<tessellate>1</tessellate>
					<outerBoundaryIs>
						<LinearRing>
							<coordinates>
								-71.57440108117324,-16.39510995519362,0 -71.57384739471843,-16.39507885570332,0 -71.57387335383686,-16.39410578312829,0 -71.57443788633644,-16.39411857660304,0 -71.57440108117324,-16.39510995519362,0 
							</coordinates>
						</LinearRing>
					</outerBoundaryIs>
				</Polygon>
			</Placemark>
			<Placemark>
				<name>1.4.21-13</name>
				<styleUrl>#msn_ylw-pushpin7930100</styleUrl>
				<Polygon>
					<tessellate>1</tessellate>
					<outerBoundaryIs>
						<LinearRing>
							<coordinates>
								-71.57517341209234,-16.39692400607736,0 -71.57454745779947,-16.3969364840434,0 -71.57472180927437,-16.39625229498385,0 -71.57471596742126,-16.39593685419587,0 -71.57450113893196,-16.39523548245574,0 -71.57456170739329,-16.39411405974968,0 -71.57553188015866,-16.39420235161249,0 -71.57517341209234,-16.39692400607736,0 
							</coordinates>
						</LinearRing>
					</outerBoundaryIs>
				</Polygon>
			</Placemark>
			<Placemark>
				<name>1.4.21-14</name>
				<styleUrl>#msn_ylw-pushpin7930100</styleUrl>
				<Polygon>
					<tessellate>1</tessellate>
					<outerBoundaryIs>
						<LinearRing>
							<coordinates>
								-71.57595091752825,-16.39617583773207,0 -71.57543867300853,-16.39618714325457,0 -71.57556523055209,-16.39519088656102,0 -71.57610963283727,-16.39526105157109,0 -71.57595091752825,-16.39617583773207,0 
							</coordinates>
						</LinearRing>
					</outerBoundaryIs>
				</Polygon>
			</Placemark>
			<Placemark>
				<name>1.4.21-15</name>
				<styleUrl>#msn_ylw-pushpin7930100</styleUrl>
				<Polygon>
					<tessellate>1</tessellate>
					<outerBoundaryIs>
						<LinearRing>
							<coordinates>
								-71.57529616523126,-16.39692837648535,0 -71.57537410817824,-16.39634351363214,0 -71.57591909051933,-16.39634828485553,0 -71.57581209275462,-16.3969728519817,0 -71.57529616523126,-16.39692837648535,0 
							</coordinates>
						</LinearRing>
					</outerBoundaryIs>
				</Polygon>
			</Placemark>
			<Placemark>
				<name>1.4.21-16</name>
				<styleUrl>#msn_ylw-pushpin7930100</styleUrl>
				<Polygon>
					<tessellate>1</tessellate>
					<outerBoundaryIs>
						<LinearRing>
							<coordinates>
								-71.57600506853969,-16.39698758960633,0 -71.57611270549073,-16.39634838132101,0 -71.57677606899105,-16.39642710232445,0 -71.57665220760181,-16.39712658922041,0 -71.57600506853969,-16.39698758960633,0 
							</coordinates>
						</LinearRing>
					</outerBoundaryIs>
				</Polygon>
			</Placemark>
			<Placemark>
				<name>1.4.21-17</name>
				<styleUrl>#msn_ylw-pushpin7930100</styleUrl>
				<Polygon>
					<tessellate>1</tessellate>
					<outerBoundaryIs>
						<LinearRing>
							<coordinates>
								-71.57680007124134,-16.39622994544101,0 -71.57613558194531,-16.39618948007829,0 -71.57626351238285,-16.39531043626511,0 -71.57696028228025,-16.39542147697664,0 -71.57680007124134,-16.39622994544101,0 
							</coordinates>
						</LinearRing>
					</outerBoundaryIs>
				</Polygon>
			</Placemark>
			<Placemark>
				<name>1.4.21-18</name>
				<styleUrl>#msn_ylw-pushpin7930100</styleUrl>
				<Polygon>
					<tessellate>1</tessellate>
					<outerBoundaryIs>
						<LinearRing>
							<coordinates>
								-71.57756234606568,-16.39637902809044,0 -71.57695897111898,-16.39624812377342,0 -71.57710207380737,-16.395432738545,0 -71.57768674049125,-16.39557347457533,0 -71.57756234606568,-16.39637902809044,0 
							</coordinates>
						</LinearRing>
					</outerBoundaryIs>
				</Polygon>
			</Placemark>
			<Placemark>
				<name>1.4.21-19</name>
				<styleUrl>#msn_ylw-pushpin7930100</styleUrl>
				<Polygon>
					<tessellate>1</tessellate>
					<outerBoundaryIs>
						<LinearRing>
							<coordinates>
								-71.57677931508564,-16.39719413356498,0 -71.57692975240003,-16.39643494217661,0 -71.57752905846651,-16.39654428919027,0 -71.57739849839069,-16.39730827342799,0 -71.57677931508564,-16.39719413356498,0 
							</coordinates>
						</LinearRing>
					</outerBoundaryIs>
				</Polygon>
			</Placemark>
			<Placemark>
				<name>1.4.21-20</name>
				<styleUrl>#msn_ylw-pushpin7930100</styleUrl>
				<Polygon>
					<tessellate>1</tessellate>
					<outerBoundaryIs>
						<LinearRing>
							<coordinates>
								-71.57756087585884,-16.39735460536283,0 -71.57771302265724,-16.39660397300758,0 -71.57840722796278,-16.39676453293059,0 -71.57829747724006,-16.39748599296463,0 -71.57756087585884,-16.39735460536283,0 
							</coordinates>
						</LinearRing>
					</outerBoundaryIs>
				</Polygon>
			</Placemark>
			<Placemark>
				<name>1.4.21-21</name>
				<styleUrl>#msn_ylw-pushpin7930100</styleUrl>
				<Polygon>
					<tessellate>1</tessellate>
					<outerBoundaryIs>
						<LinearRing>
							<coordinates>
								-71.57843308716993,-16.39655993207133,0 -71.57774122540923,-16.39641266382144,0 -71.57785507344687,-16.39563407339005,0 -71.57827719801962,-16.39573634812819,0 -71.57843308716993,-16.39655993207133,0 
							</coordinates>
						</LinearRing>
					</outerBoundaryIs>
				</Polygon>
			</Placemark>
			<Placemark>
				<name>1.4.21-22</name>
				<styleUrl>#msn_ylw-pushpin7930100</styleUrl>
				<Polygon>
					<tessellate>1</tessellate>
					<outerBoundaryIs>
						<LinearRing>
							<coordinates>
								-71.57932747797058,-16.39668321536172,0 -71.57860582032514,-16.39658438696956,0 -71.57842977405937,-16.39576517548858,0 -71.57913273041838,-16.3959287636492,0 -71.57932747797058,-16.39668321536172,0 
							</coordinates>
						</LinearRing>
					</outerBoundaryIs>
				</Polygon>
			</Placemark>
			<Placemark>
				<name>1.4.22-1</name>
				<styleUrl>#msn_ylw-pushpin7930100</styleUrl>
				<Polygon>
					<tessellate>1</tessellate>
					<outerBoundaryIs>
						<LinearRing>
							<coordinates>
								-71.57037457825535,-16.39739199208025,0 -71.57035382537057,-16.39665491098135,0 -71.57170584490548,-16.39668477494953,0 -71.57166394481523,-16.39741908635471,0 -71.57037457825535,-16.39739199208025,0 
							</coordinates>
						</LinearRing>
					</outerBoundaryIs>
				</Polygon>
			</Placemark>
			<Placemark>
				<name>1.4.22-2</name>
				<styleUrl>#msn_ylw-pushpin7930100</styleUrl>
				<Polygon>
					<tessellate>1</tessellate>
					<outerBoundaryIs>
						<LinearRing>
							<coordinates>
								-71.571414409203,-16.3990265678112,0 -71.57043537603184,-16.39761803891194,0 -71.57037194504326,-16.39746814841988,0 -71.5716947432015,-16.39756543793869,0 -71.57158186524926,-16.39901375764478,0 -71.571414409203,-16.3990265678112,0 
							</coordinates>
						</LinearRing>
					</outerBoundaryIs>
				</Polygon>
			</Placemark>
			<Placemark>
				<name>1.4.22-3</name>
				<styleUrl>#msn_ylw-pushpin7930100</styleUrl>
				<Polygon>
					<tessellate>1</tessellate>
					<outerBoundaryIs>
						<LinearRing>
							<coordinates>
								-71.57252929300515,-16.3977714391827,0 -71.57181571745369,-16.39775081504119,0 -71.5718955823388,-16.39662023806176,0 -71.57261678252414,-16.39663416668221,0 -71.57252929300515,-16.3977714391827,0 
							</coordinates>
						</LinearRing>
					</outerBoundaryIs>
				</Polygon>
			</Placemark>
			<Placemark>
				<name>1.4.22-4</name>
				<styleUrl>#msn_ylw-pushpin7930100</styleUrl>
				<Polygon>
					<tessellate>1</tessellate>
					<outerBoundaryIs>
						<LinearRing>
							<coordinates>
								-71.57245545100517,-16.39898836024902,0 -71.57174325097495,-16.3990280536932,0 -71.57183140823767,-16.39784097024061,0 -71.57252888671772,-16.39785171512208,0 -71.57245545100517,-16.39898836024902,0 
							</coordinates>
						</LinearRing>
					</outerBoundaryIs>
				</Polygon>
			</Placemark>
			<Placemark>
				<name>1.4.22-5</name>
				<styleUrl>#msn_ylw-pushpin7930100</styleUrl>
				<Polygon>
					<tessellate>1</tessellate>
					<outerBoundaryIs>
						<LinearRing>
							<coordinates>
								-71.57265184958095,-16.39899047331211,0 -71.57272046119144,-16.39784137793563,0 -71.57349594480033,-16.39785710940283,0 -71.57344012239254,-16.39901442050604,0 -71.57265184958095,-16.39899047331211,0 
							</coordinates>
						</LinearRing>
					</outerBoundaryIs>
				</Polygon>
			</Placemark>
			<Placemark>
				<name>1.4.22-6</name>
				<styleUrl>#msn_ylw-pushpin7930100</styleUrl>
				<Polygon>
					<tessellate>1</tessellate>
					<outerBoundaryIs>
						<LinearRing>
							<coordinates>
								-71.57273203806123,-16.39775438122837,0 -71.5727858103994,-16.39662880455321,0 -71.57356977451008,-16.3966417666326,0 -71.57348736273667,-16.39778909878668,0 -71.57273203806123,-16.39775438122837,0 
							</coordinates>
						</LinearRing>
					</outerBoundaryIs>
				</Polygon>
			</Placemark>
			<Placemark>
				<name>1.4.22-7</name>
				<styleUrl>#msn_ylw-pushpin7930100</styleUrl>
				<Polygon>
					<tessellate>1</tessellate>
					<outerBoundaryIs>
						<LinearRing>
							<coordinates>
								-71.57411341652359,-16.39781176235256,0 -71.57367281532075,-16.39779673042074,0 -71.57377642205672,-16.39618614196952,0 -71.57457065585038,-16.39632244492979,0 -71.57419584677663,-16.39736096358672,0 -71.57411341652359,-16.39781176235256,0 
							</coordinates>
						</LinearRing>
					</outerBoundaryIs>
				</Polygon>
			</Placemark>
			<Placemark>
				<name>1.4.22-8</name>
				<styleUrl>#msn_ylw-pushpin7930100</styleUrl>
				<Polygon>
					<tessellate>1</tessellate>
					<outerBoundaryIs>
						<LinearRing>
							<coordinates>
								-71.57410748633465,-16.39857260904064,0 -71.57381982925807,-16.39911047013026,0 -71.57358286952808,-16.39908956990054,0 -71.57369552802616,-16.39786789083947,0 -71.57413337513054,-16.39790802128146,0 -71.57410748633465,-16.39857260904064,0 
							</coordinates>
						</LinearRing>
					</outerBoundaryIs>
				</Polygon>
			</Placemark>
			<Placemark>
				<name>1.4.22-9</name>
				<styleUrl>#msn_ylw-pushpin7930100</styleUrl>
				<Polygon>
					<tessellate>1</tessellate>
					<outerBoundaryIs>
						<LinearRing>
							<coordinates>
								-71.57427110269093,-16.39849794959987,0 -71.57490125841603,-16.39851304271311,0 -71.57391971263756,-16.40013693609199,0 -71.57341055517834,-16.39982088626652,0 -71.57391996646241,-16.3992385686021,0 -71.57417158294588,-16.39882409898613,0 -71.57427110269093,-16.39849794959987,0 
							</coordinates>
						</LinearRing>
					</outerBoundaryIs>
				</Polygon>
			</Placemark>
			<Placemark>
				<name>1.4.22-10</name>
				<styleUrl>#msn_ylw-pushpin7930100</styleUrl>
				<Polygon>
					<tessellate>1</tessellate>
					<outerBoundaryIs>
						<LinearRing>
							<coordinates>
								-71.57492166344184,-16.39842598448609,0 -71.57426324684212,-16.39841200977415,0 -71.57432791229292,-16.39748854648958,0 -71.57445110328293,-16.39711263538081,0 -71.57511756896608,-16.39710554793553,0 -71.57492166344184,-16.39842598448609,0 
							</coordinates>
						</LinearRing>
					</outerBoundaryIs>
				</Polygon>
			</Placemark>
			<Placemark>
				<name>1.4.22-11</name>
				<styleUrl>#msn_ylw-pushpin7930100</styleUrl>
				<Polygon>
					<tessellate>1</tessellate>
					<outerBoundaryIs>
						<LinearRing>
							<coordinates>
								-71.57559045858157,-16.39838845410107,0 -71.57511343687024,-16.39834647998278,0 -71.57528480678208,-16.39711004509918,0 -71.57578538802343,-16.39714786127558,0 -71.57559045858157,-16.39838845410107,0 
							</coordinates>
						</LinearRing>
					</outerBoundaryIs>
				</Polygon>
			</Placemark>
			<Placemark>
				<name>1.4.22-12</name>
				<styleUrl>#msn_ylw-pushpin7930100</styleUrl>
				<Polygon>
					<tessellate>1</tessellate>
					<outerBoundaryIs>
						<LinearRing>
							<coordinates>
								-71.57640986954165,-16.39848824571411,0 -71.57576479141052,-16.39841215419058,0 -71.57595090437637,-16.39712349858152,0 -71.57662463799713,-16.39729263540972,0 -71.57640986954165,-16.39848824571411,0 
							</coordinates>
						</LinearRing>
					</outerBoundaryIs>
				</Polygon>
			</Placemark>
			<Placemark>
				<name>1.4.22-13</name>
				<styleUrl>#msn_ylw-pushpin7930100</styleUrl>
				<Polygon>
					<tessellate>1</tessellate>
					<outerBoundaryIs>
						<LinearRing>
							<coordinates>
								-71.57624752014435,-16.39932568995904,0 -71.57564010923724,-16.39903173191962,0 -71.57571869868075,-16.39854057407978,0 -71.57636933099722,-16.39863883054738,0 -71.57624752014435,-16.39932568995904,0 
							</coordinates>
						</LinearRing>
					</outerBoundaryIs>
				</Polygon>
			</Placemark>
			<Placemark>
				<name>1.4.22-14</name>
				<styleUrl>#msn_ylw-pushpin7930100</styleUrl>
				<Polygon>
					<tessellate>1</tessellate>
					<outerBoundaryIs>
						<LinearRing>
							<coordinates>
								-71.57639362638425,-16.39934837782879,0 -71.57652306998057,-16.39863121837137,0 -71.57717150641568,-16.39870167929407,0 -71.57705040043429,-16.39945009675689,0 -71.57639362638425,-16.39934837782879,0 
							</coordinates>
						</LinearRing>
					</outerBoundaryIs>
				</Polygon>
			</Placemark>
			<Placemark>
				<name>1.4.22-15</name>
				<styleUrl>#msn_ylw-pushpin7930100</styleUrl>
				<Polygon>
					<tessellate>1</tessellate>
					<outerBoundaryIs>
						<LinearRing>
							<coordinates>
								-71.5765626146227,-16.39850276032662,0 -71.57678687062561,-16.39733768552738,0 -71.57735270460603,-16.39744591747625,0 -71.57715807015065,-16.39862570284449,0 -71.5765626146227,-16.39850276032662,0 
							</coordinates>
						</LinearRing>
					</outerBoundaryIs>
				</Polygon>
			</Placemark>
			<Placemark>
				<name>1.4.22-16</name>
				<styleUrl>#msn_ylw-pushpin7930100</styleUrl>
				<Polygon>
					<tessellate>1</tessellate>
					<outerBoundaryIs>
						<LinearRing>
							<coordinates>
								-71.57734162266645,-16.39860051912064,0 -71.5775382781548,-16.39752906456323,0 -71.57827015433148,-16.39766303463347,0 -71.5781022801356,-16.39869668227169,0 -71.57734162266645,-16.39860051912064,0 
							</coordinates>
						</LinearRing>
					</outerBoundaryIs>
				</Polygon>
			</Placemark>
			<Placemark>
				<name>1.4.22-17</name>
				<styleUrl>#msn_ylw-pushpin7930100</styleUrl>
				<Polygon>
					<tessellate>1</tessellate>
					<outerBoundaryIs>
						<LinearRing>
							<coordinates>
								-71.57720047890226,-16.39950538023888,0 -71.57730940422923,-16.39873576045621,0 -71.57805612490016,-16.39888034637499,0 -71.5779525493402,-16.39962265630536,0 -71.57720047890226,-16.39950538023888,0 
							</coordinates>
						</LinearRing>
					</outerBoundaryIs>
				</Polygon>
			</Placemark>
			<Placemark>
				<name>1.4.22-18</name>
				<styleUrl>#msn_ylw-pushpin7930100</styleUrl>
				<Polygon>
					<tessellate>1</tessellate>
					<outerBoundaryIs>
						<LinearRing>
							<coordinates>
								-71.57932169882027,-16.39980715778694,0 -71.57811012173293,-16.39963920707601,0 -71.57824105252048,-16.39885134039755,0 -71.5790712757134,-16.39895021837975,0 -71.57932169882027,-16.39980715778694,0 
							</coordinates>
						</LinearRing>
					</outerBoundaryIs>
				</Polygon>
			</Placemark>
			<Placemark>
				<name>1.4.22-19</name>
				<styleUrl>#msn_ylw-pushpin7930100</styleUrl>
				<Polygon>
					<tessellate>1</tessellate>
					<outerBoundaryIs>
						<LinearRing>
							<coordinates>
								-71.57904424172355,-16.39879491826742,0 -71.57825435500409,-16.39869779405819,0 -71.57844643188356,-16.39770312617772,0 -71.57876464009288,-16.39773246905952,0 -71.57904424172355,-16.39879491826742,0 
							</coordinates>
						</LinearRing>
					</outerBoundaryIs>
				</Polygon>
			</Placemark>
			<Placemark>
				<name>1.4.23-1</name>
				<styleUrl>#msn_ylw-pushpin7930100</styleUrl>
				<Polygon>
					<tessellate>1</tessellate>
					<outerBoundaryIs>
						<LinearRing>
							<coordinates>
								-71.5734756217196,-16.39914813498387,0 -71.57347172976044,-16.39941300064781,0 -71.57313625741841,-16.39960024793417,0 -71.57290316262639,-16.39973910634259,0 -71.57274249054024,-16.39987197568305,0 -71.57250795535772,-16.40011234444294,0 -71.57217141577121,-16.40012458596839,0 -71.57190928381009,-16.39992816810775,0 -71.57173610195626,-16.39972514271009,0 -71.5717106775902,-16.39915867465731,0 -71.5734756217196,-16.39914813498387,0 
							</coordinates>
						</LinearRing>
					</outerBoundaryIs>
				</Polygon>
			</Placemark>
			<Placemark>
				<name>1.4.23-2</name>
				<styleUrl>#msn_ylw-pushpin7930100</styleUrl>
				<Polygon>
					<tessellate>1</tessellate>
					<outerBoundaryIs>
						<LinearRing>
							<coordinates>
								-71.57249811856046,-16.4003091207413,0 -71.57279783888026,-16.39992925880754,0 -71.57301210256638,-16.3997469705441,0 -71.57386377268713,-16.40026192352823,0 -71.57346405148306,-16.40095392015173,0 -71.57249811856046,-16.4003091207413,0 
							</coordinates>
						</LinearRing>
					</outerBoundaryIs>
				</Polygon>
			</Placemark>
			<Placemark>
				<name>1.4.23-3</name>
				<styleUrl>#msn_ylw-pushpin7930100</styleUrl>
				<Polygon>
					<tessellate>1</tessellate>
					<outerBoundaryIs>
						<LinearRing>
							<coordinates>
								-71.57272333128039,-16.40063372247986,0 -71.57341038892767,-16.40106827444682,0 -71.57347670437942,-16.40205645078401,0 -71.57286748592141,-16.40206222863074,0 -71.57266121377752,-16.40067013145202,0 -71.57272333128039,-16.40063372247986,0 
							</coordinates>
						</LinearRing>
					</outerBoundaryIs>
				</Polygon>
			</Placemark>
			<Placemark>
				<name>1.4.23-4</name>
				<styleUrl>#msn_ylw-pushpin7930100</styleUrl>
				<Polygon>
					<tessellate>1</tessellate>
					<outerBoundaryIs>
						<LinearRing>
							<coordinates>
								-71.5740780182016,-16.40149485352984,0 -71.57422052480585,-16.40205947291467,0 -71.57359080365158,-16.40205211611421,0 -71.5735138829813,-16.40117457571545,0 -71.5740780182016,-16.40149485352984,0 
							</coordinates>
						</LinearRing>
					</outerBoundaryIs>
				</Polygon>
			</Placemark>
			<Placemark>
				<name>1.4.23-5</name>
				<styleUrl>#msn_ylw-pushpin7930100</styleUrl>
				<Polygon>
					<tessellate>1</tessellate>
					<outerBoundaryIs>
						<LinearRing>
							<coordinates>
								-71.57458108830355,-16.40066023178277,0 -71.57414337269279,-16.40142783269591,0 -71.57354815171341,-16.40104591074356,0 -71.5739765762124,-16.40033079238284,0 -71.57458108830355,-16.40066023178277,0 
							</coordinates>
						</LinearRing>
					</outerBoundaryIs>
				</Polygon>
			</Placemark>
			<Placemark>
				<name>1.4.23-6</name>
				<styleUrl>#msn_ylw-pushpin7930100</styleUrl>
				<Polygon>
					<tessellate>1</tessellate>
					<outerBoundaryIs>
						<LinearRing>
							<coordinates>
								-71.57508341832221,-16.39848875661433,0 -71.57561325049487,-16.39854542889365,0 -71.57555388164076,-16.39905104848319,0 -71.57467242345744,-16.40054494350627,0 -71.57405265490246,-16.40020623825787,0 -71.57508341832221,-16.39848875661433,0 
							</coordinates>
						</LinearRing>
					</outerBoundaryIs>
				</Polygon>
			</Placemark>
			<Placemark>
				<name>1.4.23-7</name>
				<styleUrl>#msn_ylw-pushpin7930100</styleUrl>
				<Polygon>
					<tessellate>1</tessellate>
					<outerBoundaryIs>
						<LinearRing>
							<coordinates>
								-71.57533074325046,-16.40093134631851,0 -71.57520743538035,-16.40197601333929,0 -71.5743234754824,-16.40204400640483,0 -71.57418097036559,-16.40159134002362,0 -71.5747100461014,-16.40070373439868,0 -71.57533074325046,-16.40093134631851,0 
							</coordinates>
						</LinearRing>
					</outerBoundaryIs>
				</Polygon>
			</Placemark>
			<Placemark>
				<name>1.4.23-8</name>
				<styleUrl>#msn_ylw-pushpin7930100</styleUrl>
				<Polygon>
					<tessellate>1</tessellate>
					<outerBoundaryIs>
						<LinearRing>
							<coordinates>
								-71.57537285236269,-16.40195187779725,0 -71.57547495703704,-16.40097642271856,0 -71.57595987063472,-16.40108168221193,0 -71.57581101963156,-16.40189674668836,0 -71.57537285236269,-16.40195187779725,0 
							</coordinates>
						</LinearRing>
					</outerBoundaryIs>
				</Polygon>
			</Placemark>
			<Placemark>
				<name>1.4.23-9</name>
				<styleUrl>#msn_ylw-pushpin7930100</styleUrl>
				<Polygon>
					<tessellate>1</tessellate>
					<outerBoundaryIs>
						<LinearRing>
							<coordinates>
								-71.57548081580687,-16.40087741597917,0 -71.57555996982029,-16.40009859741798,0 -71.57609518606452,-16.40031088752578,0 -71.57599019789068,-16.40097781400705,0 -71.57548081580687,-16.40087741597917,0 
							</coordinates>
						</LinearRing>
					</outerBoundaryIs>
				</Polygon>
			</Placemark>
			<Placemark>
				<name>1.4.23-10</name>
				<styleUrl>#msn_ylw-pushpin7930100</styleUrl>
				<Polygon>
					<tessellate>1</tessellate>
					<outerBoundaryIs>
						<LinearRing>
							<coordinates>
								-71.57555874212775,-16.40001353799131,0 -71.57564020926777,-16.39920651807826,0 -71.57624035476913,-16.39948257275053,0 -71.57610423481626,-16.40024628822863,0 -71.57555874212775,-16.40001353799131,0 
							</coordinates>
						</LinearRing>
					</outerBoundaryIs>
				</Polygon>
			</Placemark>
			<Placemark>
				<name>1.4.23-11</name>
				<styleUrl>#msn_ylw-pushpin7930100</styleUrl>
				<Polygon>
					<tessellate>1</tessellate>
					<outerBoundaryIs>
						<LinearRing>
							<coordinates>
								-71.57743797915971,-16.39970784387781,0 -71.57735480489083,-16.40015343352015,0 -71.576297130735,-16.39995918811747,0 -71.57637126112307,-16.39950922446841,0 -71.57743797915971,-16.39970784387781,0 
							</coordinates>
						</LinearRing>
					</outerBoundaryIs>
				</Polygon>
			</Placemark>
			<Placemark>
				<name>1.4.23-12</name>
				<styleUrl>#msn_ylw-pushpin7930100</styleUrl>
				<Polygon>
					<tessellate>1</tessellate>
					<outerBoundaryIs>
						<LinearRing>
							<coordinates>
								-71.57729841464386,-16.40097339724507,0 -71.57672474468683,-16.4008494991197,0 -71.57686348752964,-16.4001665654358,0 -71.57736711062122,-16.4002631879118,0 -71.57729841464386,-16.40097339724507,0 
							</coordinates>
						</LinearRing>
					</outerBoundaryIs>
				</Polygon>
			</Placemark>
			<Placemark>
				<name>1.4.23-13</name>
				<styleUrl>#msn_ylw-pushpin7930100</styleUrl>
				<Polygon>
					<tessellate>1</tessellate>
					<outerBoundaryIs>
						<LinearRing>
							<coordinates>
								-71.57660246101034,-16.40107852330447,0 -71.57607527652107,-16.40097798369395,0 -71.57626555066474,-16.4000510106947,0 -71.57678407517669,-16.40014870648563,0 -71.57660246101034,-16.40107852330447,0 
							</coordinates>
						</LinearRing>
					</outerBoundaryIs>
				</Polygon>
			</Placemark>
			<Placemark>
				<name>1.4.23-14</name>
				<styleUrl>#msn_ylw-pushpin7930100</styleUrl>
				<Polygon>
					<tessellate>1</tessellate>
					<outerBoundaryIs>
						<LinearRing>
							<coordinates>
								-71.57658603098034,-16.40112497339157,0 -71.57641158782117,-16.4020140154735,0 -71.57641874800946,-16.4020174252679,0 -71.5758997107709,-16.40193253959063,0 -71.57606403026249,-16.4010367877286,0 -71.57658603098034,-16.40112497339157,0 
							</coordinates>
						</LinearRing>
					</outerBoundaryIs>
				</Polygon>
			</Placemark>
			<Placemark>
				<name>1.4.23-15</name>
				<styleUrl>#msn_ylw-pushpin7930100</styleUrl>
				<Polygon>
					<tessellate>1</tessellate>
					<outerBoundaryIs>
						<LinearRing>
							<coordinates>
								-71.57652327265549,-16.40204371698466,0 -71.57663400308957,-16.4013941378991,0 -71.57722570630365,-16.4015134781901,0 -71.5771687626852,-16.40214756471556,0 -71.57652327265549,-16.40204371698466,0 
							</coordinates>
						</LinearRing>
					</outerBoundaryIs>
				</Polygon>
			</Placemark>
			<Placemark>
				<name>1.4.23-16</name>
				<styleUrl>#msn_ylw-pushpin7930100</styleUrl>
				<Polygon>
					<tessellate>1</tessellate>
					<outerBoundaryIs>
						<LinearRing>
							<coordinates>
								-71.57665584823957,-16.40133049629747,0 -71.57672287014381,-16.40090796145485,0 -71.57729510827771,-16.40102184092807,0 -71.57723791396494,-16.40145934107034,0 -71.57665584823957,-16.40133049629747,0 
							</coordinates>
						</LinearRing>
					</outerBoundaryIs>
				</Polygon>
			</Placemark>
			<Placemark>
				<name>1.4.23-17</name>
				<styleUrl>#msn_ylw-pushpin7930100</styleUrl>
				<Polygon>
					<tessellate>1</tessellate>
					<outerBoundaryIs>
						<LinearRing>
							<coordinates>
								-71.57830977242293,-16.40144449146572,0 -71.57851994157559,-16.4023686086565,0 -71.5772798564129,-16.402181236644,0 -71.57737378663545,-16.40129133968939,0 -71.57830977242293,-16.40144449146572,0 
							</coordinates>
						</LinearRing>
					</outerBoundaryIs>
				</Polygon>
			</Placemark>
			<Placemark>
				<name>1.4.23-18</name>
				<styleUrl>#msn_ylw-pushpin7930100</styleUrl>
				<Polygon>
					<tessellate>1</tessellate>
					<outerBoundaryIs>
						<LinearRing>
							<coordinates>
								-71.57846211495621,-16.40153950281641,0 -71.57817371187956,-16.40038866744627,0 -71.57885218421769,-16.40048484243303,0 -71.57908152774687,-16.40139375773489,0 -71.57846211495621,-16.40153950281641,0 
							</coordinates>
						</LinearRing>
					</outerBoundaryIs>
				</Polygon>
			</Placemark>
			<Placemark>
				<name>1.4.23-19</name>
				<styleUrl>#msn_ylw-pushpin7930100</styleUrl>
				<Polygon>
					<tessellate>1</tessellate>
					<outerBoundaryIs>
						<LinearRing>
							<coordinates>
								-71.5773891855815,-16.4011914211183,0 -71.57743464217965,-16.40025095208306,0 -71.57804950788936,-16.40034379816969,0 -71.57828989393553,-16.40135630186149,0 -71.5773891855815,-16.4011914211183,0 
							</coordinates>
						</LinearRing>
					</outerBoundaryIs>
				</Polygon>
			</Placemark>
			<Placemark>
				<name>1.4.23-20</name>
				<styleUrl>#msn_ylw-pushpin7930100</styleUrl>
				<Polygon>
					<tessellate>1</tessellate>
					<outerBoundaryIs>
						<LinearRing>
							<coordinates>
								-71.57745480823941,-16.400172777835,0 -71.57750105705122,-16.39972003143688,0 -71.57817056447632,-16.39981626385141,0 -71.57809130751902,-16.40026856657087,0 -71.57745480823941,-16.400172777835,0 
							</coordinates>
						</LinearRing>
					</outerBoundaryIs>
				</Polygon>
			</Placemark>
			<Placemark>
				<name>1.4.23-21</name>
				<styleUrl>#msn_ylw-pushpin7930100</styleUrl>
				<Polygon>
					<tessellate>1</tessellate>
					<outerBoundaryIs>
						<LinearRing>
							<coordinates>
								-71.57818299939575,-16.40028634998634,0 -71.57826873785488,-16.39982152346308,0 -71.57935527206693,-16.3999867654097,0 -71.57948772502834,-16.40048065329307,0 -71.57818299939575,-16.40028634998634,0 
							</coordinates>
						</LinearRing>
					</outerBoundaryIs>
				</Polygon>
			</Placemark>
			<Placemark>
				<name>1.4.24-1</name>
				<styleUrl>#msn_ylw-pushpin7930100</styleUrl>
				<Polygon>
					<tessellate>1</tessellate>
					<outerBoundaryIs>
						<LinearRing>
							<coordinates>
								-71.56828006254962,-16.40398605526913,0 -71.56836004888962,-16.40349542058108,0 -71.56867444317623,-16.40377495433737,0 -71.56889540619702,-16.40383074373788,0 -71.56959609556132,-16.40373727236868,0 -71.56964458874894,-16.4042535354556,0 -71.56920555065739,-16.40415427394178,0 -71.56859961625969,-16.4041196549878,0 -71.56839304668379,-16.40408481845137,0 -71.56828006254962,-16.40398605526913,0 
							</coordinates>
						</LinearRing>
					</outerBoundaryIs>
				</Polygon>
			</Placemark>
			<Placemark>
				<name>1.4.24-2</name>
				<styleUrl>#msn_ylw-pushpin7930100</styleUrl>
				<Polygon>
					<tessellate>1</tessellate>
					<outerBoundaryIs>
						<LinearRing>
							<coordinates>
								-71.56967357060149,-16.40368690932044,0 -71.57007250745247,-16.40347625008058,0 -71.57072648919645,-16.4030627768793,0 -71.57095188178059,-16.40282774780777,0 -71.57105804719582,-16.40244732028253,0 -71.57110523793941,-16.40209339746682,0 -71.57114658953067,-16.40015137872714,0 -71.57116784296061,-16.39920287383699,0 -71.57133154346545,-16.39913217562101,0 -71.57176685733869,-16.40001052099291,0 -71.57254544381543,-16.40052730404904,0 -71.57274998423831,-16.40217815693148,0 -71.57311955506148,-16.40431581799002,0 -71.57302766767614,-16.40444961403722,0 -71.57267780369908,-16.40445638717126,0 -71.57022146381415,-16.40424512324299,0 -71.57016004659251,-16.40427266009114,0 -71.56983487232341,-16.40423888335921,0 -71.56983217667107,-16.40429233034452,0 -71.56969981932525,-16.40427289058371,0 -71.56967357060149,-16.40368690932044,0 
							</coordinates>
						</LinearRing>
					</outerBoundaryIs>
				</Polygon>
			</Placemark>
			<Placemark>
				<name>1.4.24-3</name>
				<styleUrl>#msn_ylw-pushpin7930100</styleUrl>
				<Polygon>
					<tessellate>1</tessellate>
					<outerBoundaryIs>
						<LinearRing>
							<coordinates>
								-71.57377155556424,-16.40380147285886,0 -71.57317492621823,-16.40395708223193,0 -71.57307149694962,-16.4033759481755,0 -71.57288124616686,-16.40214785535593,0 -71.57345911134125,-16.40215156988573,0 -71.57377155556424,-16.40380147285886,0 
							</coordinates>
						</LinearRing>
					</outerBoundaryIs>
				</Polygon>
			</Placemark>
			<Placemark>
				<name>1.4.24-4</name>
				<styleUrl>#msn_ylw-pushpin7930100</styleUrl>
				<Polygon>
					<tessellate>1</tessellate>
					<outerBoundaryIs>
						<LinearRing>
							<coordinates>
								-71.57362642939347,-16.402141520983,0 -71.57421479689171,-16.40219567706894,0 -71.57453330302296,-16.40306543967413,0 -71.57463512760826,-16.4030803536592,0 -71.57461952816961,-16.40350228421658,0 -71.57391500670785,-16.40373248394049,0 -71.57374455224659,-16.40293397050041,0 -71.57362642939347,-16.402141520983,0 
							</coordinates>
						</LinearRing>
					</outerBoundaryIs>
				</Polygon>
			</Placemark>
			<Placemark>
				<name>1.4.24-5</name>
				<styleUrl>#msn_ylw-pushpin7930100</styleUrl>
				<Polygon>
					<tessellate>1</tessellate>
					<outerBoundaryIs>
						<LinearRing>
							<coordinates>
								-71.57429040745879,-16.40372898820573,0 -71.57463328304829,-16.40355262457647,0 -71.57472986874312,-16.40370139188616,0 -71.57486408442132,-16.40381490922599,0 -71.57481949118774,-16.40402646046726,0 -71.57486461329688,-16.40420113028182,0 -71.57485149878802,-16.40459621528852,0 -71.57370175435643,-16.40450606499635,0 -71.57327192109473,-16.40447869930776,0 -71.57318090743621,-16.40398492833628,0 -71.57429040745879,-16.40372898820573,0 
							</coordinates>
						</LinearRing>
					</outerBoundaryIs>
				</Polygon>
			</Placemark>
			<Placemark>
				<name>1.4.24-6</name>
				<styleUrl>#msn_ylw-pushpin7930100</styleUrl>
				<Polygon>
					<tessellate>1</tessellate>
					<outerBoundaryIs>
						<LinearRing>
							<coordinates>
								-71.57507484022929,-16.40301382043353,0 -71.57465983276013,-16.40299696421435,0 -71.57434312868612,-16.40222652740155,0 -71.57519607219115,-16.40209684037747,0 -71.57507484022929,-16.40301382043353,0 
							</coordinates>
						</LinearRing>
					</outerBoundaryIs>
				</Polygon>
			</Placemark>
			<Placemark>
				<name>1.4.24-7</name>
				<styleUrl>#msn_ylw-pushpin7930100</styleUrl>
				<Polygon>
					<tessellate>1</tessellate>
					<outerBoundaryIs>
						<LinearRing>
							<coordinates>
								-71.57557910842054,-16.40302105395656,0 -71.57521848442181,-16.40300968744412,0 -71.57533019963017,-16.40208653935168,0 -71.57575243546141,-16.40202417364506,0 -71.57557910842054,-16.40302105395656,0 
							</coordinates>
						</LinearRing>
					</outerBoundaryIs>
				</Polygon>
			</Placemark>
			<Placemark>
				<name>1.4.24-8</name>
				<styleUrl>#msn_ylw-pushpin7930100</styleUrl>
				<Polygon>
					<tessellate>1</tessellate>
					<outerBoundaryIs>
						<LinearRing>
							<coordinates>
								-71.57542404641771,-16.40409319816384,0 -71.57556810393322,-16.40432221474543,0 -71.57492116705315,-16.40425239384224,0 -71.57489737136036,-16.40383004307162,0 -71.57475063093037,-16.40353951872454,0 -71.57469776083956,-16.40303438942723,0 -71.5755608646584,-16.40304633113783,0 -71.57542404641771,-16.40409319816384,0 
							</coordinates>
						</LinearRing>
					</outerBoundaryIs>
				</Polygon>
			</Placemark>
			<Placemark>
				<name>1.4.24-9</name>
				<styleUrl>#msn_ylw-pushpin7930100</styleUrl>
				<Polygon>
					<tessellate>1</tessellate>
					<outerBoundaryIs>
						<LinearRing>
							<coordinates>
								-71.57548729563021,-16.4038977532767,0 -71.57568794171863,-16.40265292159923,0 -71.57575872636306,-16.40264515674885,0 -71.57591268185369,-16.40391810064315,0 -71.57548729563021,-16.4038977532767,0 
							</coordinates>
						</LinearRing>
					</outerBoundaryIs>
				</Polygon>
			</Placemark>
			<Placemark>
				<name>1.4.24-10</name>
				<styleUrl>#msn_ylw-pushpin7930100</styleUrl>
				<Polygon>
					<tessellate>1</tessellate>
					<outerBoundaryIs>
						<LinearRing>
							<coordinates>
								-71.57626945361012,-16.40394607252011,0 -71.57599201881838,-16.40395234317183,0 -71.57587344127606,-16.40204343779626,0 -71.57683738614824,-16.40221116706281,0 -71.57626945361012,-16.40394607252011,0 
							</coordinates>
						</LinearRing>
					</outerBoundaryIs>
				</Polygon>
			</Placemark>
			<Placemark>
				<name>1.4.24-11</name>
				<styleUrl>#msn_ylw-pushpin7930100</styleUrl>
				<Polygon>
					<tessellate>1</tessellate>
					<outerBoundaryIs>
						<LinearRing>
							<coordinates>
								-71.5772459642247,-16.4033890114068,0 -71.57735790457416,-16.4039539288779,0 -71.57629836623093,-16.40400877374635,0 -71.57688964186762,-16.40222843538224,0 -71.57717848550249,-16.40228330922197,0 -71.5772459642247,-16.4033890114068,0 
							</coordinates>
						</LinearRing>
					</outerBoundaryIs>
				</Polygon>
			</Placemark>
			<Placemark>
				<name>1.4.24-12</name>
				<styleUrl>#msn_ylw-pushpin7930100</styleUrl>
				<Polygon>
					<tessellate>1</tessellate>
					<outerBoundaryIs>
						<LinearRing>
							<coordinates>
								-71.57738161270807,-16.40331250396353,0 -71.5772579782645,-16.40231351868344,0 -71.578554169017,-16.40250044267338,0 -71.57881567359013,-16.40361848790438,0 -71.57738161270807,-16.40331250396353,0 
							</coordinates>
						</LinearRing>
					</outerBoundaryIs>
				</Polygon>
			</Placemark>
			<Placemark>
				<name>1.4.24-13</name>
				<styleUrl>#msn_ylw-pushpin7930100</styleUrl>
				<Polygon>
					<tessellate>1</tessellate>
					<outerBoundaryIs>
						<LinearRing>
							<coordinates>
								-71.57879295491333,-16.40297691106439,0 -71.57849050244741,-16.40160771789366,0 -71.57909619854685,-16.40147594349129,0 -71.5794343752892,-16.4028300022612,0 -71.57879295491333,-16.40297691106439,0 
							</coordinates>
						</LinearRing>
					</outerBoundaryIs>
				</Polygon>
			</Placemark>
			<Placemark>
				<name>1.4.24-14</name>
				<styleUrl>#msn_ylw-pushpin7930100</styleUrl>
				<Polygon>
					<tessellate>1</tessellate>
					<outerBoundaryIs>
						<LinearRing>
							<coordinates>
								-71.57899250801846,-16.40050263135775,0 -71.57950834109863,-16.40059261141543,0 -71.58000487265105,-16.40257891596738,0 -71.5801992990273,-16.40339119060522,0 -71.57976346178704,-16.40371506555936,0 -71.57899250801846,-16.40050263135775,0 
							</coordinates>
						</LinearRing>
					</outerBoundaryIs>
				</Polygon>
			</Placemark>
			<Placemark>
				<name>1.4.24-15</name>
				<styleUrl>#msn_ylw-pushpin7930100</styleUrl>
				<Polygon>
					<tessellate>1</tessellate>
					<outerBoundaryIs>
						<LinearRing>
							<coordinates>
								-71.57929062294403,-16.40374287426004,0 -71.57893858105098,-16.40365531395404,0 -71.57883440691583,-16.40307375057106,0 -71.57943665728638,-16.40292665995744,0 -71.57966176576427,-16.4037752713014,0 -71.57929062294403,-16.40374287426004,0 
							</coordinates>
						</LinearRing>
					</outerBoundaryIs>
				</Polygon>
			</Placemark>
			<Placemark>
				<name>1.4.24-16</name>
				<styleUrl>#msn_ylw-pushpin7930100</styleUrl>
				<Polygon>
					<tessellate>1</tessellate>
					<outerBoundaryIs>
						<LinearRing>
							<coordinates>
								-71.5787307041829,-16.40420213492375,0 -71.57831963873411,-16.40415453909401,0 -71.57785431601935,-16.40400990424568,0 -71.57768327191174,-16.40408658237229,0 -71.57745219879303,-16.40402612840529,0 -71.57733637239306,-16.40378105921995,0 -71.57731733709898,-16.40343112782577,0 -71.57885001662913,-16.40378411498017,0 -71.5787307041829,-16.40420213492375,0 
							</coordinates>
						</LinearRing>
					</outerBoundaryIs>
				</Polygon>
			</Placemark>
			<Placemark>
				<name>1.4.24-17</name>
				<styleUrl>#msn_ylw-pushpin7930100</styleUrl>
				<Polygon>
					<tessellate>1</tessellate>
					<outerBoundaryIs>
						<LinearRing>
							<coordinates>
								-71.57489029266824,-16.40454227576965,0 -71.57489549630661,-16.40440206242046,0 -71.57492831781744,-16.40429052041235,0 -71.57558615050812,-16.40434074118346,0 -71.57545107385037,-16.40409407035007,0 -71.5754926432485,-16.4039741254015,0 -71.5762528284402,-16.40402506665767,0 -71.57734987339795,-16.40397977882282,0 -71.57743796421467,-16.40406747723516,0 -71.57754402259586,-16.40411825460415,0 -71.57766054551119,-16.40413273355402,0 -71.57786634985354,-16.40406050435309,0 -71.57815969384487,-16.40418740057554,0 -71.5786828891366,-16.40426226193981,0 -71.57866905422421,-16.40462522946736,0 -71.57854003645458,-16.40494130795226,0 -71.57489029266824,-16.40454227576965,0 
							</coordinates>
						</LinearRing>
					</outerBoundaryIs>
				</Polygon>
			</Placemark>
		</Folder>
		<Folder>
			<name>D</name>
			<Placemark>
				<name>1.4.17-6</name>
				<styleUrl>#msn_ylw-pushpin850</styleUrl>
				<Polygon>
					<tessellate>1</tessellate>
					<outerBoundaryIs>
						<LinearRing>
							<coordinates>
								-71.57327699191227,-16.38861322876078,0 -71.57363967364738,-16.38974108200604,0 -71.57286955773939,-16.38976297399181,0 -71.57255513865978,-16.38875053052448,0 -71.57327699191227,-16.38861322876078,0 
							</coordinates>
						</LinearRing>
					</outerBoundaryIs>
				</Polygon>
			</Placemark>
			<Placemark>
				<name>1.4.17-7</name>
				<styleUrl>#msn_ylw-pushpin850</styleUrl>
				<Polygon>
					<tessellate>1</tessellate>
					<outerBoundaryIs>
						<LinearRing>
							<coordinates>
								-71.5743016366431,-16.38957053733028,0 -71.57370038772532,-16.38952210064241,0 -71.57342366645081,-16.38858047662853,0 -71.57397913388384,-16.38842641085588,0 -71.5743016366431,-16.38957053733028,0 
							</coordinates>
						</LinearRing>
					</outerBoundaryIs>
				</Polygon>
			</Placemark>
			<Placemark>
				<name>1.4.17-8</name>
				<styleUrl>#msn_ylw-pushpin850</styleUrl>
				<Polygon>
					<tessellate>1</tessellate>
					<outerBoundaryIs>
						<LinearRing>
							<coordinates>
								-71.57298168459722,-16.38714998471471,0 -71.57379546942681,-16.38757313812448,0 -71.57396327461628,-16.38825735701529,0 -71.5733740538047,-16.38841199361906,0 -71.57298168459722,-16.38714998471471,0 
							</coordinates>
						</LinearRing>
					</outerBoundaryIs>
				</Polygon>
			</Placemark>
			<Placemark>
				<name>1.4.17-9</name>
				<styleUrl>#msn_ylw-pushpin850</styleUrl>
				<Polygon>
					<tessellate>1</tessellate>
					<outerBoundaryIs>
						<LinearRing>
							<coordinates>
								-71.57322397960186,-16.38844196918589,0 -71.57249499139724,-16.38858017373633,0 -71.57188473933795,-16.38653654155422,0 -71.57284515704723,-16.38703580101753,0 -71.57322397960186,-16.38844196918589,0 
							</coordinates>
						</LinearRing>
					</outerBoundaryIs>
				</Polygon>
			</Placemark>
			<Placemark>
				<name>1.4.17-16</name>
				<styleUrl>#msn_ylw-pushpin850</styleUrl>
				<Polygon>
					<tessellate>1</tessellate>
					<outerBoundaryIs>
						<LinearRing>
							<coordinates>
								-71.57073814658044,-16.38504916106281,0 -71.57075174375107,-16.385244111005,0 -71.57084253207309,-16.3859102702389,0 -71.57029272625434,-16.38593351412232,0 -71.57032536825388,-16.3853172565746,0 -71.57038592501408,-16.38492872960861,0 -71.57073814658044,-16.38504916106281,0 
							</coordinates>
						</LinearRing>
					</outerBoundaryIs>
				</Polygon>
			</Placemark>
			<Placemark>
				<name>1.4.17-17</name>
				<styleUrl>#msn_ylw-pushpin850</styleUrl>
				<Polygon>
					<tessellate>1</tessellate>
					<outerBoundaryIs>
						<LinearRing>
							<coordinates>
								-71.57167101241225,-16.38620947287163,0 -71.57102024759219,-16.38587522949726,0 -71.5708550381564,-16.38554237707276,0 -71.57080283767381,-16.3851033355697,0 -71.57081522915611,-16.38511529091378,0 -71.57085225666673,-16.38512727653626,0 -71.57145724246612,-16.3853816752165,0 -71.57167101241225,-16.38620947287163,0 
							</coordinates>
						</LinearRing>
					</outerBoundaryIs>
				</Polygon>
			</Placemark>
			<Placemark>
				<name>1.4.17-18</name>
				<styleUrl>#msn_ylw-pushpin850</styleUrl>
				<Polygon>
					<tessellate>1</tessellate>
					<outerBoundaryIs>
						<LinearRing>
							<coordinates>
								-71.57253751035107,-16.38589265304963,0 -71.57277958512725,-16.38683266915656,0 -71.57186492744418,-16.38637649165694,0 -71.57162259307856,-16.38544140167631,0 -71.57253751035107,-16.38589265304963,0 
							</coordinates>
						</LinearRing>
					</outerBoundaryIs>
				</Polygon>
			</Placemark>
			<Placemark>
				<name>1.4.17-19</name>
				<styleUrl>#msn_ylw-pushpin850</styleUrl>
				<Polygon>
					<tessellate>1</tessellate>
					<outerBoundaryIs>
						<LinearRing>
							<coordinates>
								-71.57357025940465,-16.38636017654695,0 -71.57374398546939,-16.38734923138067,0 -71.57289478159497,-16.38687243726663,0 -71.57270539084968,-16.38596936890691,0 -71.57357025940465,-16.38636017654695,0 
							</coordinates>
						</LinearRing>
					</outerBoundaryIs>
				</Polygon>
			</Placemark>
			<Placemark>
				<name>1.4.18-1</name>
				<styleUrl>#msn_ylw-pushpin850</styleUrl>
				<Polygon>
					<tessellate>1</tessellate>
					<outerBoundaryIs>
						<LinearRing>
							<coordinates>
								-71.57374285032917,-16.38646628990838,0 -71.57497503717305,-16.38707361245628,0 -71.57505790377061,-16.38777961028294,0 -71.57507929533119,-16.38787329604701,0 -71.57480608966333,-16.38793553326442,0 -71.57393981122426,-16.38744834716418,0 -71.57374285032917,-16.38646628990838,0 
							</coordinates>
						</LinearRing>
					</outerBoundaryIs>
				</Polygon>
			</Placemark>
			<Placemark>
				<name>1.4.18-2</name>
				<styleUrl>#msn_ylw-pushpin850</styleUrl>
				<Polygon>
					<tessellate>1</tessellate>
					<outerBoundaryIs>
						<LinearRing>
							<coordinates>
								-71.57399653413503,-16.38767676250938,0 -71.5748056165025,-16.3881539999129,0 -71.57480536854773,-16.38833484587642,0 -71.57493447165145,-16.38855381610784,0 -71.57479186401835,-16.389619540115,0 -71.57448652800907,-16.38959642875317,0 -71.57399653413503,-16.38767676250938,0 
							</coordinates>
						</LinearRing>
					</outerBoundaryIs>
				</Polygon>
			</Placemark>
			<Placemark>
				<name>1.4.18-5</name>
				<styleUrl>#msn_ylw-pushpin850</styleUrl>
				<Polygon>
					<tessellate>1</tessellate>
					<outerBoundaryIs>
						<LinearRing>
							<coordinates>
								-71.57646899464221,-16.38940078455524,0 -71.57631015222506,-16.38980556453916,0 -71.57555538465478,-16.38967461671683,0 -71.57546413390735,-16.38903514680647,0 -71.57646899464221,-16.38940078455524,0 
							</coordinates>
						</LinearRing>
					</outerBoundaryIs>
				</Polygon>
			</Placemark>
			<Placemark>
				<name>1.4.18-6</name>
				<styleUrl>#msn_ylw-pushpin850</styleUrl>
				<Polygon>
					<tessellate>1</tessellate>
					<outerBoundaryIs>
						<LinearRing>
							<coordinates>
								-71.57548584057227,-16.38845842977223,0 -71.576655024231,-16.38891935161858,0 -71.5765157647444,-16.38934687059564,0 -71.57545342503738,-16.38897254381978,0 -71.57548584057227,-16.38845842977223,0 
							</coordinates>
						</LinearRing>
					</outerBoundaryIs>
				</Polygon>
			</Placemark>
			<Placemark>
				<name>1.4.18-8</name>
				<styleUrl>#msn_ylw-pushpin850</styleUrl>
				<Polygon>
					<tessellate>1</tessellate>
					<outerBoundaryIs>
						<LinearRing>
							<coordinates>
								-71.57702595822879,-16.38802705874512,0 -71.57672719751372,-16.38880124455583,0 -71.5760133297747,-16.38850334162924,0 -71.57621348171098,-16.38762093499058,0 -71.57702595822879,-16.38802705874512,0 
							</coordinates>
						</LinearRing>
					</outerBoundaryIs>
				</Polygon>
			</Placemark>
			<Placemark>
				<name>1.4.18-9</name>
				<styleUrl>#msn_ylw-pushpin850</styleUrl>
				<Polygon>
					<tessellate>1</tessellate>
					<outerBoundaryIs>
						<LinearRing>
							<coordinates>
								-71.57685084509785,-16.38885911052037,0 -71.57715660937592,-16.38809746875106,0 -71.5777545538881,-16.38838337475788,0 -71.57752529562663,-16.38914719066082,0 -71.57685084509785,-16.38885911052037,0 
							</coordinates>
						</LinearRing>
					</outerBoundaryIs>
				</Polygon>
			</Placemark>
			<Placemark>
				<name>1.4.18-10</name>
				<styleUrl>#msn_ylw-pushpin850</styleUrl>
				<Polygon>
					<tessellate>1</tessellate>
					<outerBoundaryIs>
						<LinearRing>
							<coordinates>
								-71.57748191897277,-16.38925791947376,0 -71.57731937354244,-16.38990137647907,0 -71.57641456290629,-16.38983476135818,0 -71.57677740209925,-16.38897239028084,0 -71.57748191897277,-16.38925791947376,0 
							</coordinates>
						</LinearRing>
					</outerBoundaryIs>
				</Polygon>
			</Placemark>
			<Placemark>
				<name>1.4.18-11</name>
				<styleUrl>#msn_ylw-pushpin850</styleUrl>
				<Polygon>
					<tessellate>1</tessellate>
					<outerBoundaryIs>
						<LinearRing>
							<coordinates>
								-71.57729787470763,-16.39002990996881,0 -71.57696382075822,-16.39130075584494,0 -71.57582276925912,-16.39119873568668,0 -71.57639807591102,-16.38991121815974,0 -71.57729787470763,-16.39002990996881,0 
							</coordinates>
						</LinearRing>
					</outerBoundaryIs>
				</Polygon>
			</Placemark>
			<Placemark>
				<name>1.4.18-12</name>
				<styleUrl>#msn_ylw-pushpin850</styleUrl>
				<Polygon>
					<tessellate>1</tessellate>
					<outerBoundaryIs>
						<LinearRing>
							<coordinates>
								-71.57746990099662,-16.39001455811227,0 -71.57799198556643,-16.39008492256636,0 -71.57776842814305,-16.39132574295563,0 -71.57711855193945,-16.39126949030938,0 -71.57746990099662,-16.39001455811227,0 
							</coordinates>
						</LinearRing>
					</outerBoundaryIs>
				</Polygon>
			</Placemark>
			<Placemark>
				<name>1.4.18-13</name>
				<styleUrl>#msn_ylw-pushpin850</styleUrl>
				<Polygon>
					<tessellate>1</tessellate>
					<outerBoundaryIs>
						<LinearRing>
							<coordinates>
								-71.57805380050256,-16.38958152892517,0 -71.57796724586763,-16.38998178039223,0 -71.57749361853911,-16.38990338004473,0 -71.57763893165058,-16.38936276401824,0 -71.57805380050256,-16.38958152892517,0 
							</coordinates>
						</LinearRing>
					</outerBoundaryIs>
				</Polygon>
			</Placemark>
			<Placemark>
				<name>1.4.18-14</name>
				<styleUrl>#msn_ylw-pushpin850</styleUrl>
				<Polygon>
					<tessellate>1</tessellate>
					<outerBoundaryIs>
						<LinearRing>
							<coordinates>
								-71.57789423914508,-16.3884394436947,0 -71.57823433840501,-16.38860712523669,0 -71.57810057133804,-16.38945163750816,0 -71.57768182347156,-16.38922232497802,0 -71.57789423914508,-16.3884394436947,0 
							</coordinates>
						</LinearRing>
					</outerBoundaryIs>
				</Polygon>
			</Placemark>
			<Placemark>
				<name>1.4.18-16</name>
				<styleUrl>#msn_ylw-pushpin850</styleUrl>
				<Polygon>
					<tessellate>1</tessellate>
					<outerBoundaryIs>
						<LinearRing>
							<coordinates>
								-71.5787873147237,-16.38995293117105,0 -71.57854356773377,-16.39132692554195,0 -71.57789376070353,-16.39129224730008,0 -71.57815838814484,-16.38961515678655,0 -71.5787873147237,-16.38995293117105,0 
							</coordinates>
						</LinearRing>
					</outerBoundaryIs>
				</Polygon>
			</Placemark>
			<Placemark>
				<name>1.4.18-17</name>
				<styleUrl>#msn_ylw-pushpin850</styleUrl>
				<Polygon>
					<tessellate>1</tessellate>
					<outerBoundaryIs>
						<LinearRing>
							<coordinates>
								-71.57955923014786,-16.39011281511762,0 -71.57934129580815,-16.39136549018217,0 -71.57865005128538,-16.39132727559479,0 -71.57889040915137,-16.39000670253044,0 -71.57955923014786,-16.39011281511762,0 
							</coordinates>
						</LinearRing>
					</outerBoundaryIs>
				</Polygon>
			</Placemark>
			<Placemark>
				<name>1.4.18-18</name>
				<styleUrl>#msn_ylw-pushpin850</styleUrl>
				<Polygon>
					<tessellate>1</tessellate>
					<outerBoundaryIs>
						<LinearRing>
							<coordinates>
								-71.57905254609899,-16.38895771719149,0 -71.57971009751667,-16.3892371597156,0 -71.57961965345605,-16.39006310354242,0 -71.57895318053626,-16.38994101402873,0 -71.57905254609899,-16.38895771719149,0 
							</coordinates>
						</LinearRing>
					</outerBoundaryIs>
				</Polygon>
			</Placemark>
			<Placemark>
				<name>1.4.18-19</name>
				<styleUrl>#msn_ylw-pushpin850</styleUrl>
				<Polygon>
					<tessellate>1</tessellate>
					<outerBoundaryIs>
						<LinearRing>
							<coordinates>
								-71.58243284182872,-16.39021697416759,0 -71.58214063465866,-16.39147347858823,0 -71.58137329012796,-16.39144753345339,0 -71.58153217357764,-16.39057469003684,0 -71.5813550288709,-16.39055799753356,0 -71.58116657193797,-16.39143679358055,0 -71.58035853180537,-16.39139810884206,0 -71.58054951505835,-16.39050845869123,0 -71.58037832079035,-16.39048061427346,0 -71.58020191385303,-16.39137667335539,0 -71.57951680491178,-16.39134838826432,0 -71.57988380293182,-16.38927660646279,0 -71.58243284182872,-16.39021697416759,0 
							</coordinates>
						</LinearRing>
					</outerBoundaryIs>
				</Polygon>
			</Placemark>
			<Placemark>
				<name>1.4.18-20</name>
				<styleUrl>#msn_ylw-pushpin850</styleUrl>
				<Polygon>
					<tessellate>1</tessellate>
					<outerBoundaryIs>
						<LinearRing>
							<coordinates>
								-71.5824991480131,-16.39022654463778,0 -71.58281868863128,-16.39031511147612,0 -71.58301370903195,-16.3915580132672,0 -71.58226003359735,-16.39150267958357,0 -71.5824991480131,-16.39022654463778,0 
							</coordinates>
						</LinearRing>
					</outerBoundaryIs>
				</Polygon>
			</Placemark>
			<Placemark>
				<name>1.4.19-5</name>
				<styleUrl>#msn_ylw-pushpin850</styleUrl>
				<Polygon>
					<tessellate>1</tessellate>
					<outerBoundaryIs>
						<LinearRing>
							<coordinates>
								-71.57363154708561,-16.38983440027854,0 -71.57390643028606,-16.39080232299297,0 -71.57385812242703,-16.39113688599057,0 -71.57319264981327,-16.39109870109488,0 -71.57299647988017,-16.39017995726477,0 -71.5728892699634,-16.38986171473997,0 -71.57363154708561,-16.38983440027854,0 
							</coordinates>
						</LinearRing>
					</outerBoundaryIs>
				</Polygon>
			</Placemark>
			<Placemark>
				<name>1.4.19-8</name>
				<styleUrl>#msn_ylw-pushpin850</styleUrl>
				<Polygon>
					<tessellate>1</tessellate>
					<outerBoundaryIs>
						<LinearRing>
							<coordinates>
								-71.57473399667114,-16.39049237829981,0 -71.5746622072726,-16.39118519105147,0 -71.57400710768292,-16.39112896674356,0 -71.5740374374998,-16.39077893370724,0 -71.5739052457854,-16.39036134206464,0 -71.57473399667114,-16.39049237829981,0 
							</coordinates>
						</LinearRing>
					</outerBoundaryIs>
				</Polygon>
			</Placemark>
			<Placemark>
				<name>1.4.19-9</name>
				<styleUrl>#msn_ylw-pushpin850</styleUrl>
				<Polygon>
					<tessellate>1</tessellate>
					<outerBoundaryIs>
						<LinearRing>
							<coordinates>
								-71.57478339458815,-16.3897642834654,0 -71.57473330523167,-16.39037898457834,0 -71.57392369509834,-16.39025138294586,0 -71.5737180027278,-16.38967035929067,0 -71.57478339458815,-16.3897642834654,0 
							</coordinates>
						</LinearRing>
					</outerBoundaryIs>
				</Polygon>
			</Placemark>
			<Placemark>
				<name>1.4.19-10</name>
				<styleUrl>#msn_ylw-pushpin850</styleUrl>
				<Polygon>
					<tessellate>1</tessellate>
					<outerBoundaryIs>
						<LinearRing>
							<coordinates>
								-71.57542051887722,-16.38980686287178,0 -71.57561469704709,-16.39121964095254,0 -71.57484019248706,-16.39120301566575,0 -71.57498791911114,-16.38979028743235,0 -71.57542051887722,-16.38980686287178,0 
							</coordinates>
						</LinearRing>
					</outerBoundaryIs>
				</Polygon>
			</Placemark>
			<Placemark>
				<name>1.4.19-21</name>
				<styleUrl>#msn_ylw-pushpin850</styleUrl>
				<Polygon>
					<tessellate>1</tessellate>
					<outerBoundaryIs>
						<LinearRing>
							<coordinates>
								-71.57931152977929,-16.39244886578379,0 -71.5800139078309,-16.39248771571538,0 -71.57987434230603,-16.39328304191244,0 -71.5791990141289,-16.39324651499704,0 -71.57931152977929,-16.39244886578379,0 
							</coordinates>
						</LinearRing>
					</outerBoundaryIs>
				</Polygon>
			</Placemark>
			<Placemark>
				<name>1.4.19-24</name>
				<styleUrl>#msn_ylw-pushpin850</styleUrl>
				<Polygon>
					<tessellate>1</tessellate>
					<outerBoundaryIs>
						<LinearRing>
							<coordinates>
								-71.58102783297952,-16.39252872594807,0 -71.58089344882737,-16.39334061903562,0 -71.57997820064699,-16.39328434479265,0 -71.58017251237897,-16.39245683137299,0 -71.58102783297952,-16.39252872594807,0 
							</coordinates>
						</LinearRing>
					</outerBoundaryIs>
				</Polygon>
			</Placemark>
			<Placemark>
				<name>1.4.19-25</name>
				<styleUrl>#msn_ylw-pushpin850</styleUrl>
				<Polygon>
					<tessellate>1</tessellate>
					<outerBoundaryIs>
						<LinearRing>
							<coordinates>
								-71.58190583663136,-16.39259217936638,0 -71.58179757298335,-16.3934073208349,0 -71.58100377005437,-16.39335017466322,0 -71.58114501012244,-16.39254744994801,0 -71.58190583663136,-16.39259217936638,0 
							</coordinates>
						</LinearRing>
					</outerBoundaryIs>
				</Polygon>
			</Placemark>
			<Placemark>
				<name>1.4.19-28</name>
				<styleUrl>#msn_ylw-pushpin850</styleUrl>
				<Polygon>
					<tessellate>1</tessellate>
					<outerBoundaryIs>
						<LinearRing>
							<coordinates>
								-71.58309135155831,-16.39261367517838,0 -71.58317312016678,-16.39344627357948,0 -71.58187950499119,-16.39338914678641,0 -71.58201001335941,-16.39260603511192,0 -71.58309135155831,-16.39261367517838,0 
							</coordinates>
						</LinearRing>
					</outerBoundaryIs>
				</Polygon>
			</Placemark>
			<Placemark>
				<name>1.4.20-19</name>
				<styleUrl>#msn_ylw-pushpin850</styleUrl>
				<Polygon>
					<tessellate>1</tessellate>
					<outerBoundaryIs>
						<LinearRing>
							<coordinates>
								-71.57962230080408,-16.39429273408717,0 -71.57900282362073,-16.39423353263736,0 -71.57915627082144,-16.3933837937024,0 -71.57978575262212,-16.39344385851863,0 -71.57962230080408,-16.39429273408717,0 
							</coordinates>
						</LinearRing>
					</outerBoundaryIs>
				</Polygon>
			</Placemark>
			<Placemark>
				<name>1.4.20-20</name>
				<styleUrl>#msn_ylw-pushpin850</styleUrl>
				<Polygon>
					<tessellate>1</tessellate>
					<outerBoundaryIs>
						<LinearRing>
							<coordinates>
								-71.57914004548788,-16.39507033547277,0 -71.57901463191808,-16.39438868304895,0 -71.57970412303757,-16.39445525576207,0 -71.57986600681686,-16.3951818965332,0 -71.57914004548788,-16.39507033547277,0 
							</coordinates>
						</LinearRing>
					</outerBoundaryIs>
				</Polygon>
			</Placemark>
			<Placemark>
				<name>1.4.20-21</name>
				<styleUrl>#msn_ylw-pushpin850</styleUrl>
				<Polygon>
					<tessellate>1</tessellate>
					<outerBoundaryIs>
						<LinearRing>
							<coordinates>
								-71.58078188311885,-16.39532338547746,0 -71.57998955050763,-16.39520295782839,0 -71.57987621534596,-16.39445773603651,0 -71.58067552542528,-16.39447713390977,0 -71.58078188311885,-16.39532338547746,0 
							</coordinates>
						</LinearRing>
					</outerBoundaryIs>
				</Polygon>
			</Placemark>
			<Placemark>
				<name>1.4.20-22</name>
				<styleUrl>#msn_ylw-pushpin850</styleUrl>
				<Polygon>
					<tessellate>1</tessellate>
					<outerBoundaryIs>
						<LinearRing>
							<coordinates>
								-71.57982676999116,-16.39427580178076,0 -71.57998164524338,-16.39344587902559,0 -71.58081374575519,-16.39354070577602,0 -71.58065319567238,-16.3943453917789,0 -71.57982676999116,-16.39427580178076,0 
							</coordinates>
						</LinearRing>
					</outerBoundaryIs>
				</Polygon>
			</Placemark>
			<Placemark>
				<name>1.4.20-23</name>
				<styleUrl>#msn_ylw-pushpin850</styleUrl>
				<Polygon>
					<tessellate>1</tessellate>
					<outerBoundaryIs>
						<LinearRing>
							<coordinates>
								-71.58160115122419,-16.39445380358541,0 -71.58080969059064,-16.39438514874263,0 -71.58099019319593,-16.39354108944965,0 -71.5817227582945,-16.39356972527162,0 -71.58160115122419,-16.39445380358541,0 
							</coordinates>
						</LinearRing>
					</outerBoundaryIs>
				</Polygon>
			</Placemark>
			<Placemark>
				<name>1.4.20-24</name>
				<styleUrl>#msn_ylw-pushpin850</styleUrl>
				<Polygon>
					<tessellate>1</tessellate>
					<outerBoundaryIs>
						<LinearRing>
							<coordinates>
								-71.58170102655617,-16.39546520925177,0 -71.58091778845672,-16.39533262277735,0 -71.58083157138419,-16.39454905139035,0 -71.58156138495333,-16.39459586088437,0 -71.58170102655617,-16.39546520925177,0 
							</coordinates>
						</LinearRing>
					</outerBoundaryIs>
				</Polygon>
			</Placemark>
			<Placemark>
				<name>1.4.20-25</name>
				<styleUrl>#msn_ylw-pushpin850</styleUrl>
				<Polygon>
					<tessellate>1</tessellate>
					<outerBoundaryIs>
						<LinearRing>
							<coordinates>
								-71.58182076510784,-16.39547461641825,0 -71.58170156285287,-16.39458225858053,0 -71.58330677377887,-16.39466361796893,0 -71.58348970744386,-16.39571350846724,0 -71.58182076510784,-16.39547461641825,0 
							</coordinates>
						</LinearRing>
					</outerBoundaryIs>
				</Polygon>
			</Placemark>
			<Placemark>
				<name>1.4.20-26</name>
				<styleUrl>#msn_ylw-pushpin850</styleUrl>
				<Polygon>
					<tessellate>1</tessellate>
					<outerBoundaryIs>
						<LinearRing>
							<coordinates>
								-71.58176542767841,-16.39444736711243,0 -71.58187374671667,-16.39355161757488,0 -71.58324314944515,-16.39365554159377,0 -71.58333372526107,-16.39451098703845,0 -71.58176542767841,-16.39444736711243,0 
							</coordinates>
						</LinearRing>
					</outerBoundaryIs>
				</Polygon>
			</Placemark>
			<Placemark>
				<name>1.4.21-23</name>
				<styleUrl>#msn_ylw-pushpin850</styleUrl>
				<Polygon>
					<tessellate>1</tessellate>
					<outerBoundaryIs>
						<LinearRing>
							<coordinates>
								-71.57889968846096,-16.39758850317686,0 -71.57868572362159,-16.3967534573398,0 -71.57938727853939,-16.39691490284655,0 -71.57964524690553,-16.39773326717641,0 -71.57889968846096,-16.39758850317686,0 
							</coordinates>
						</LinearRing>
					</outerBoundaryIs>
				</Polygon>
			</Placemark>
			<Placemark>
				<name>1.4.21-24</name>
				<styleUrl>#msn_ylw-pushpin850</styleUrl>
				<Polygon>
					<tessellate>1</tessellate>
					<outerBoundaryIs>
						<LinearRing>
							<coordinates>
								-71.57982165055709,-16.39777104261599,0 -71.57957444735003,-16.39693600670964,0 -71.58040992961935,-16.39706655459655,0 -71.58068135940795,-16.39791358377266,0 -71.57982165055709,-16.39777104261599,0 
							</coordinates>
						</LinearRing>
					</outerBoundaryIs>
				</Polygon>
			</Placemark>
			<Placemark>
				<name>1.4.21-25</name>
				<styleUrl>#msn_ylw-pushpin850</styleUrl>
				<Polygon>
					<tessellate>1</tessellate>
					<outerBoundaryIs>
						<LinearRing>
							<coordinates>
								-71.58034635096061,-16.39689510626596,0 -71.57953202646024,-16.3967528232691,0 -71.57932032711744,-16.3959776880111,0 -71.58008265395912,-16.39614159756691,0 -71.58034635096061,-16.39689510626596,0 
							</coordinates>
						</LinearRing>
					</outerBoundaryIs>
				</Polygon>
			</Placemark>
			<Placemark>
				<name>1.4.21-26</name>
				<styleUrl>#msn_ylw-pushpin850</styleUrl>
				<Polygon>
					<tessellate>1</tessellate>
					<outerBoundaryIs>
						<LinearRing>
							<coordinates>
								-71.5800309365477,-16.39598053782186,0 -71.57927901633786,-16.39583446759554,0 -71.57919106621239,-16.3952528475301,0 -71.57990021970954,-16.39533471031664,0 -71.5800309365477,-16.39598053782186,0 
							</coordinates>
						</LinearRing>
					</outerBoundaryIs>
				</Polygon>
			</Placemark>
			<Placemark>
				<name>1.4.21-27</name>
				<styleUrl>#msn_ylw-pushpin850</styleUrl>
				<Polygon>
					<tessellate>1</tessellate>
					<outerBoundaryIs>
						<LinearRing>
							<coordinates>
								-71.58101883559239,-16.39615930685943,0 -71.58020237000369,-16.39604076223376,0 -71.58007021155605,-16.39536318855356,0 -71.58082094616539,-16.39547677988049,0 -71.58101883559239,-16.39615930685943,0 
							</coordinates>
						</LinearRing>
					</outerBoundaryIs>
				</Polygon>
			</Placemark>
			<Placemark>
				<name>1.4.21-28</name>
				<styleUrl>#msn_ylw-pushpin850</styleUrl>
				<Polygon>
					<tessellate>1</tessellate>
					<outerBoundaryIs>
						<LinearRing>
							<coordinates>
								-71.58131414554202,-16.39704834127945,0 -71.58049818610856,-16.39692451249323,0 -71.58030425518797,-16.39620954006293,0 -71.58107772400717,-16.39633478025973,0 -71.58131414554202,-16.39704834127945,0 
							</coordinates>
						</LinearRing>
					</outerBoundaryIs>
				</Polygon>
			</Placemark>
			<Placemark>
				<name>1.4.21-29</name>
				<styleUrl>#msn_ylw-pushpin850</styleUrl>
				<Polygon>
					<tessellate>1</tessellate>
					<outerBoundaryIs>
						<LinearRing>
							<coordinates>
								-71.58086465677323,-16.39796120687802,0 -71.58059927682942,-16.39710447420997,0 -71.58135829724293,-16.39720027636572,0 -71.58165904492037,-16.39809319377362,0 -71.58086465677323,-16.39796120687802,0 
							</coordinates>
						</LinearRing>
					</outerBoundaryIs>
				</Polygon>
			</Placemark>
			<Placemark>
				<name>1.4.21-30</name>
				<styleUrl>#msn_ylw-pushpin850</styleUrl>
				<Polygon>
					<tessellate>1</tessellate>
					<outerBoundaryIs>
						<LinearRing>
							<coordinates>
								-71.58254829496813,-16.39824287017942,0 -71.58185298052497,-16.39812989968461,0 -71.58151641135338,-16.39722089967882,0 -71.58228726810887,-16.39739975947564,0 -71.58254829496813,-16.39824287017942,0 
							</coordinates>
						</LinearRing>
					</outerBoundaryIs>
				</Polygon>
			</Placemark>
			<Placemark>
				<name>1.4.21-31</name>
				<styleUrl>#msn_ylw-pushpin850</styleUrl>
				<Polygon>
					<tessellate>1</tessellate>
					<outerBoundaryIs>
						<LinearRing>
							<coordinates>
								-71.5822323202832,-16.39720957433352,0 -71.58149644814056,-16.39708745388395,0 -71.5812279692593,-16.39635926789602,0 -71.5820169890318,-16.39657439470182,0 -71.5822323202832,-16.39720957433352,0 
							</coordinates>
						</LinearRing>
					</outerBoundaryIs>
				</Polygon>
			</Placemark>
			<Placemark>
				<name>1.4.21-32</name>
				<styleUrl>#msn_ylw-pushpin850</styleUrl>
				<Polygon>
					<tessellate>1</tessellate>
					<outerBoundaryIs>
						<LinearRing>
							<coordinates>
								-71.5812232985094,-16.39622286085045,0 -71.58097914282294,-16.3955013010277,0 -71.58170141286442,-16.3956461092037,0 -71.58187687208238,-16.3963606911811,0 -71.5812232985094,-16.39622286085045,0 
							</coordinates>
						</LinearRing>
					</outerBoundaryIs>
				</Polygon>
			</Placemark>
			<Placemark>
				<name>1.4.21-33</name>
				<styleUrl>#msn_ylw-pushpin850</styleUrl>
				<Polygon>
					<tessellate>1</tessellate>
					<outerBoundaryIs>
						<LinearRing>
							<coordinates>
								-71.58365569983702,-16.39674703464502,0 -71.58215278378601,-16.39648018562576,0 -71.58213677778262,-16.39647263306594,0 -71.58190920342506,-16.39569840265645,0 -71.58356840090319,-16.39585287045276,0 -71.58365569983702,-16.39674703464502,0 
							</coordinates>
						</LinearRing>
					</outerBoundaryIs>
				</Polygon>
			</Placemark>
			<Placemark>
				<name>1.4.21-34</name>
				<styleUrl>#msn_ylw-pushpin850</styleUrl>
				<Polygon>
					<tessellate>1</tessellate>
					<outerBoundaryIs>
						<LinearRing>
							<coordinates>
								-71.58376063335351,-16.39747429536937,0 -71.58370832862404,-16.39746529171156,0 -71.58240443517788,-16.39725086606504,0 -71.58218577807753,-16.3965710814908,0 -71.5836723399608,-16.39688313432874,0 -71.58376063335351,-16.39747429536937,0 
							</coordinates>
						</LinearRing>
					</outerBoundaryIs>
				</Polygon>
			</Placemark>
			<Placemark>
				<name>1.4.21-35</name>
				<styleUrl>#msn_ylw-pushpin850</styleUrl>
				<Polygon>
					<tessellate>1</tessellate>
					<outerBoundaryIs>
						<LinearRing>
							<coordinates>
								-71.58274542019974,-16.39830947127303,0 -71.5824615312214,-16.39741600824344,0 -71.58370707317006,-16.39760404450094,0 -71.58375068453736,-16.39760115967768,0 -71.58388455899048,-16.39850108709137,0 -71.58274542019974,-16.39830947127303,0 
							</coordinates>
						</LinearRing>
					</outerBoundaryIs>
				</Polygon>
			</Placemark>
			<Placemark>
				<name>1.4.22-20</name>
				<styleUrl>#msn_ylw-pushpin850</styleUrl>
				<Polygon>
					<tessellate>1</tessellate>
					<outerBoundaryIs>
						<LinearRing>
							<coordinates>
								-71.5799578721585,-16.39881230672309,0 -71.57918554846069,-16.39876369619775,0 -71.57892084029486,-16.3977279709704,0 -71.57972144205414,-16.39792664374113,0 -71.5799578721585,-16.39881230672309,0 
							</coordinates>
						</LinearRing>
					</outerBoundaryIs>
				</Polygon>
			</Placemark>
			<Placemark>
				<name>1.4.22-22</name>
				<styleUrl>#msn_ylw-pushpin850</styleUrl>
				<Polygon>
					<tessellate>1</tessellate>
					<outerBoundaryIs>
						<LinearRing>
							<coordinates>
								-71.58048224488806,-16.39994380762297,0 -71.58017123005381,-16.39899946960646,0 -71.58117495867648,-16.39905500467087,0 -71.58152204468389,-16.40006847197278,0 -71.58048224488806,-16.39994380762297,0 
							</coordinates>
						</LinearRing>
					</outerBoundaryIs>
				</Polygon>
			</Placemark>
			<Placemark>
				<name>1.4.22-23</name>
				<styleUrl>#msn_ylw-pushpin850</styleUrl>
				<Polygon>
					<tessellate>1</tessellate>
					<outerBoundaryIs>
						<LinearRing>
							<coordinates>
								-71.58107623930896,-16.39891085343297,0 -71.58016268228792,-16.39885627860761,0 -71.57988734451919,-16.39794356201219,0 -71.58077241533886,-16.39808724375608,0 -71.58107623930896,-16.39891085343297,0 
							</coordinates>
						</LinearRing>
					</outerBoundaryIs>
				</Polygon>
			</Placemark>
			<Placemark>
				<name>1.4.22-24</name>
				<styleUrl>#msn_ylw-pushpin850</styleUrl>
				<Polygon>
					<tessellate>1</tessellate>
					<outerBoundaryIs>
						<LinearRing>
							<coordinates>
								-71.58197370957403,-16.39900080634235,0 -71.58126686145914,-16.39894163080718,0 -71.58094542402597,-16.39813757182983,0 -71.58171312456925,-16.39826167543812,0 -71.58197370957403,-16.39900080634235,0 
							</coordinates>
						</LinearRing>
					</outerBoundaryIs>
				</Polygon>
			</Placemark>
			<Placemark>
				<name>1.4.22-27</name>
				<styleUrl>#msn_ylw-pushpin850</styleUrl>
				<Polygon>
					<tessellate>1</tessellate>
					<outerBoundaryIs>
						<LinearRing>
							<coordinates>
								-71.58287246897483,-16.399112316064,0 -71.58215275617677,-16.39902802046321,0 -71.58188126909269,-16.39830252482864,0 -71.58265299167402,-16.39845556526048,0 -71.58287246897483,-16.399112316064,0 
							</coordinates>
						</LinearRing>
					</outerBoundaryIs>
				</Polygon>
			</Placemark>
			<Placemark>
				<name>1.4.22-28</name>
				<styleUrl>#msn_ylw-pushpin850</styleUrl>
				<Polygon>
					<tessellate>1</tessellate>
					<outerBoundaryIs>
						<LinearRing>
							<coordinates>
								-71.58388319480939,-16.39921055129853,0 -71.58297841964715,-16.39914372586474,0 -71.58281315488884,-16.39847032448307,0 -71.58383554149464,-16.39863763467941,0 -71.58388319480939,-16.39921055129853,0 
							</coordinates>
						</LinearRing>
					</outerBoundaryIs>
				</Polygon>
			</Placemark>
			<Placemark>
				<name>1.4.23-23</name>
				<styleUrl>#msn_ylw-pushpin850</styleUrl>
				<Polygon>
					<tessellate>1</tessellate>
					<outerBoundaryIs>
						<LinearRing>
							<coordinates>
								-71.58060640367896,-16.40092342084094,0 -71.58085980297383,-16.40177892404593,0 -71.58033969524972,-16.40176083236484,0 -71.57999094653087,-16.40181746290387,0 -71.57974142765148,-16.40082946021455,0 -71.58060640367896,-16.40092342084094,0 
							</coordinates>
						</LinearRing>
					</outerBoundaryIs>
				</Polygon>
			</Placemark>
			<Placemark>
				<name>1.4.23-24</name>
				<styleUrl>#msn_ylw-pushpin850</styleUrl>
				<Polygon>
					<tessellate>1</tessellate>
					<outerBoundaryIs>
						<LinearRing>
							<coordinates>
								-71.58190512413725,-16.4011177206667,0 -71.58218350967012,-16.40197162348903,0 -71.58099884761261,-16.40179779942787,0 -71.58074177091636,-16.40096645167355,0 -71.58190512413725,-16.4011177206667,0 
							</coordinates>
						</LinearRing>
					</outerBoundaryIs>
				</Polygon>
			</Placemark>
			<Placemark>
				<name>1.4.23-25</name>
				<styleUrl>#msn_ylw-pushpin850</styleUrl>
				<Polygon>
					<tessellate>1</tessellate>
					<outerBoundaryIs>
						<LinearRing>
							<coordinates>
								-71.58157028826122,-16.40023979494893,0 -71.58180468072111,-16.40099034916626,0 -71.58070063735688,-16.4008050649276,0 -71.58051220834008,-16.40011423695898,0 -71.58157028826122,-16.40023979494893,0 
							</coordinates>
						</LinearRing>
					</outerBoundaryIs>
				</Polygon>
			</Placemark>
			<Placemark>
				<name>1.4.23-26</name>
				<styleUrl>#msn_ylw-pushpin850</styleUrl>
				<Polygon>
					<tessellate>1</tessellate>
					<outerBoundaryIs>
						<LinearRing>
							<coordinates>
								-71.58174510453867,-16.40027399005508,0 -71.58242926928358,-16.40033743513375,0 -71.58269911893507,-16.40114197802271,0 -71.58200081055601,-16.40102888632595,0 -71.58174510453867,-16.40027399005508,0 
							</coordinates>
						</LinearRing>
					</outerBoundaryIs>
				</Polygon>
			</Placemark>
			<Placemark>
				<name>1.4.24-18</name>
				<styleUrl>#msn_ylw-pushpin850</styleUrl>
				<Polygon>
					<tessellate>1</tessellate>
					<outerBoundaryIs>
						<LinearRing>
							<coordinates>
								-71.57882979943092,-16.4041338763998,0 -71.5789961106908,-16.40382063975316,0 -71.57980777264633,-16.40385489688587,0 -71.58021580791132,-16.40355843636671,0 -71.58031845419967,-16.40335705994071,0 -71.57999124463353,-16.40187487993126,0 -71.58037366133742,-16.4018171503152,0 -71.58087308775663,-16.40184086769414,0 -71.58177713088206,-16.40514494492867,0 -71.58005618007822,-16.40505526065906,0 -71.57961898776927,-16.40505023523468,0 -71.57867496651872,-16.40490606019124,0 -71.57882979943092,-16.4041338763998,0 
							</coordinates>
						</LinearRing>
					</outerBoundaryIs>
				</Polygon>
			</Placemark>
			<Placemark>
				<name>1.4.24-19</name>
				<styleUrl>#msn_ylw-pushpin850</styleUrl>
				<Polygon>
					<tessellate>1</tessellate>
					<outerBoundaryIs>
						<LinearRing>
							<coordinates>
								-71.58137281350511,-16.40303129777305,0 -71.58267541266022,-16.4031854139938,0 -71.58234088965533,-16.40207903159525,0 -71.58206175936525,-16.40116606351879,0 -71.58275187259329,-16.4012986156176,0 -71.58291488143348,-16.40152314544916,0 -71.58385291532164,-16.40161758686027,0 -71.58428920533429,-16.4014284021172,0 -71.58455032360284,-16.40387997042427,0 -71.58453865108871,-16.40469226850655,0 -71.58438041146285,-16.40530228410239,0 -71.58201951465618,-16.40516821387414,0 -71.58189735043079,-16.40502966472006,0 -71.58137281350511,-16.40303129777305,0 
							</coordinates>
						</LinearRing>
					</outerBoundaryIs>
				</Polygon>
			</Placemark>
			<Placemark>
				<name>1.4.24-20</name>
				<styleUrl>#msn_ylw-pushpin850</styleUrl>
				<Polygon>
					<tessellate>1</tessellate>
					<outerBoundaryIs>
						<LinearRing>
							<coordinates>
								-71.58178352497274,-16.40298817306865,0 -71.58132006334498,-16.40298047249871,0 -71.58101498195798,-16.40192285202286,0 -71.58224778143992,-16.40211383901876,0 -71.58252244987928,-16.40313358231571,0 -71.58178352497274,-16.40298817306865,0 
							</coordinates>
						</LinearRing>
					</outerBoundaryIs>
				</Polygon>
			</Placemark>
			<Placemark>
				<name>1.4.107-68</name>
				<styleUrl>#msn_ylw-pushpin850</styleUrl>
				<Polygon>
					<tessellate>1</tessellate>
					<outerBoundaryIs>
						<LinearRing>
							<coordinates>
								-71.61269723539665,-16.37658743361408,0 -71.61248632979571,-16.37655086061063,0 -71.61238661663464,-16.37631068440298,0 -71.61179318462243,-16.37525214287756,0 -71.61298059488196,-16.37560509792367,0 -71.61269723539665,-16.37658743361408,0 
							</coordinates>
						</LinearRing>
					</outerBoundaryIs>
				</Polygon>
			</Placemark>
			<Placemark>
				<name>1.4.107-69</name>
				<styleUrl>#msn_ylw-pushpin850</styleUrl>
				<Polygon>
					<tessellate>1</tessellate>
					<outerBoundaryIs>
						<LinearRing>
							<coordinates>
								-71.61301411774095,-16.37548505058692,0 -71.61157100672587,-16.37506767685611,0 -71.61127474143083,-16.37472552683291,0 -71.61134451755559,-16.37449251588051,0 -71.61317945514912,-16.37501458724022,0 -71.61301411774095,-16.37548505058692,0 
							</coordinates>
						</LinearRing>
					</outerBoundaryIs>
				</Polygon>
			</Placemark>
			<Placemark>
				<name>1.4.107-70</name>
				<styleUrl>#msn_ylw-pushpin850</styleUrl>
				<Polygon>
					<tessellate>1</tessellate>
					<outerBoundaryIs>
						<LinearRing>
							<coordinates>
								-71.61321528202305,-16.37490622265666,0 -71.61134797492562,-16.37437403485442,0 -71.61155583956572,-16.37389634215403,0 -71.61336910944958,-16.37442261278183,0 -71.61321528202305,-16.37490622265666,0 
							</coordinates>
						</LinearRing>
					</outerBoundaryIs>
				</Polygon>
			</Placemark>
			<Placemark>
				<name>1.4.107-71</name>
				<styleUrl>#msn_ylw-pushpin850</styleUrl>
				<Polygon>
					<tessellate>1</tessellate>
					<outerBoundaryIs>
						<LinearRing>
							<coordinates>
								-71.61343065240844,-16.37431903670656,0 -71.6115771796765,-16.37374149592433,0 -71.61173170758488,-16.37321930197891,0 -71.6136061793615,-16.37378226551574,0 -71.61343065240844,-16.37431903670656,0 
							</coordinates>
						</LinearRing>
					</outerBoundaryIs>
				</Polygon>
			</Placemark>
			<Placemark>
				<name>1.4.107-72</name>
				<styleUrl>#msn_ylw-pushpin850</styleUrl>
				<Polygon>
					<tessellate>1</tessellate>
					<outerBoundaryIs>
						<LinearRing>
							<coordinates>
								-71.61359658918049,-16.37368466801691,0 -71.61176784616329,-16.37313434846511,0 -71.61193218798978,-16.37256669240314,0 -71.61377189071798,-16.37311574777424,0 -71.61359658918049,-16.37368466801691,0 
							</coordinates>
						</LinearRing>
					</outerBoundaryIs>
				</Polygon>
			</Placemark>
			<Placemark>
				<name>1.4.107-73</name>
				<styleUrl>#msn_ylw-pushpin850</styleUrl>
				<Polygon>
					<tessellate>1</tessellate>
					<outerBoundaryIs>
						<LinearRing>
							<coordinates>
								-71.61380570760146,-16.37306215283875,0 -71.61197090420639,-16.37251633626652,0 -71.61209477208243,-16.37204081001889,0 -71.61393326625851,-16.37259635875493,0 -71.61380570760146,-16.37306215283875,0 
							</coordinates>
						</LinearRing>
					</outerBoundaryIs>
				</Polygon>
			</Placemark>
			<Placemark>
				<name>1.4.107-75</name>
				<styleUrl>#msn_ylw-pushpin850</styleUrl>
				<Polygon>
					<tessellate>1</tessellate>
					<outerBoundaryIs>
						<LinearRing>
							<coordinates>
								-71.61416562258147,-16.37189678519242,0 -71.61232102119541,-16.37135053627757,0 -71.61249740658073,-16.37071667967282,0 -71.6143949760805,-16.37129560109118,0 -71.61416562258147,-16.37189678519242,0 
							</coordinates>
						</LinearRing>
					</outerBoundaryIs>
				</Polygon>
			</Placemark>
			<Placemark>
				<name>1.4.107-84</name>
				<styleUrl>#msn_ylw-pushpin850</styleUrl>
				<Polygon>
					<tessellate>1</tessellate>
					<outerBoundaryIs>
						<LinearRing>
							<coordinates>
								-71.61515436877659,-16.3756358044246,0 -71.61498516896557,-16.37612772040475,0 -71.61317000701516,-16.37555777259134,0 -71.61332553815247,-16.3750797722774,0 -71.61515436877659,-16.3756358044246,0 
							</coordinates>
						</LinearRing>
					</outerBoundaryIs>
				</Polygon>
			</Placemark>
			<Placemark>
				<name>1.4.107-88</name>
				<styleUrl>#msn_ylw-pushpin850</styleUrl>
				<Polygon>
					<tessellate>1</tessellate>
					<outerBoundaryIs>
						<LinearRing>
							<coordinates>
								-71.61791489175256,-16.37373803181983,0 -71.61608771806041,-16.37317560795701,0 -71.61626381109565,-16.3726658573521,0 -71.61806811016085,-16.37326511893731,0 -71.61791489175256,-16.37373803181983,0 
							</coordinates>
						</LinearRing>
					</outerBoundaryIs>
				</Polygon>
			</Placemark>
			<Placemark>
				<name>1.4.107-89</name>
				<styleUrl>#msn_ylw-pushpin850</styleUrl>
				<Polygon>
					<tessellate>1</tessellate>
					<outerBoundaryIs>
						<LinearRing>
							<coordinates>
								-71.61770634295806,-16.3742754445326,0 -71.61588526679813,-16.37373656296449,0 -71.61607149792933,-16.37326285034217,0 -71.6178725985621,-16.37381671699617,0 -71.61770634295806,-16.3742754445326,0 
							</coordinates>
						</LinearRing>
					</outerBoundaryIs>
				</Polygon>
			</Placemark>
			<Placemark>
				<name>1.4.315-1</name>
				<styleUrl>#msn_ylw-pushpin850</styleUrl>
				<Polygon>
					<tessellate>1</tessellate>
					<outerBoundaryIs>
						<LinearRing>
							<coordinates>
								-71.62296189812317,-16.37653357947469,0 -71.6233701014753,-16.37585499134816,0 -71.62474073266814,-16.37655112677274,0 -71.62428105588641,-16.37731177564415,0 -71.62296189812317,-16.37653357947469,0 
							</coordinates>
						</LinearRing>
					</outerBoundaryIs>
				</Polygon>
			</Placemark>
			<Placemark>
				<name>1.4.315-2</name>
				<styleUrl>#msn_ylw-pushpin850</styleUrl>
				<Polygon>
					<tessellate>1</tessellate>
					<outerBoundaryIs>
						<LinearRing>
							<coordinates>
								-71.62249520624945,-16.37731882639675,0 -71.6229039731802,-16.37658942639012,0 -71.62421567640074,-16.37735020863497,0 -71.62377098109951,-16.37806842879397,0 -71.62249520624945,-16.37731882639675,0 
							</coordinates>
						</LinearRing>
					</outerBoundaryIs>
				</Polygon>
			</Placemark>
			<Placemark>
				<name>1.4.315-3</name>
				<styleUrl>#msn_ylw-pushpin850</styleUrl>
				<Polygon>
					<tessellate>1</tessellate>
					<outerBoundaryIs>
						<LinearRing>
							<coordinates>
								-71.62203274181222,-16.37808735665689,0 -71.62243834939395,-16.37740869901677,0 -71.62371833273984,-16.37814604678787,0 -71.62329742730311,-16.37884902143608,0 -71.62203274181222,-16.37808735665689,0 
							</coordinates>
						</LinearRing>
					</outerBoundaryIs>
				</Polygon>
			</Placemark>
			<Placemark>
				<name>1.4.315-4</name>
				<styleUrl>#msn_ylw-pushpin850</styleUrl>
				<Polygon>
					<tessellate>1</tessellate>
					<outerBoundaryIs>
						<LinearRing>
							<coordinates>
								-71.62325246714275,-16.37895908292703,0 -71.62279072892355,-16.37966017156975,0 -71.62148975940909,-16.37886419308967,0 -71.62196266742691,-16.37816363546431,0 -71.62325246714275,-16.37895908292703,0 
							</coordinates>
						</LinearRing>
					</outerBoundaryIs>
				</Polygon>
			</Placemark>
			<Placemark>
				<name>1.4.315-5</name>
				<styleUrl>#msn_ylw-pushpin850</styleUrl>
				<Polygon>
					<tessellate>1</tessellate>
					<outerBoundaryIs>
						<LinearRing>
							<coordinates>
								-71.62274859560434,-16.37972250027128,0 -71.62233734267231,-16.3804316472067,0 -71.62104014370894,-16.37966090136822,0 -71.62142266744722,-16.37892735334465,0 -71.62274859560434,-16.37972250027128,0 
							</coordinates>
						</LinearRing>
					</outerBoundaryIs>
				</Polygon>
			</Placemark>
			<Placemark>
				<name>1.4.315-6</name>
				<styleUrl>#msn_ylw-pushpin850</styleUrl>
				<Polygon>
					<tessellate>1</tessellate>
					<outerBoundaryIs>
						<LinearRing>
							<coordinates>
								-71.62334709292598,-16.37900451650953,0 -71.62403239598844,-16.3793944785315,0 -71.6231120076107,-16.38088174982092,0 -71.6224241273808,-16.38047554114376,0 -71.62334709292598,-16.37900451650953,0 
							</coordinates>
						</LinearRing>
					</outerBoundaryIs>
				</Polygon>
			</Placemark>
			<Placemark>
				<name>1.4.315-7</name>
				<styleUrl>#msn_ylw-pushpin850</styleUrl>
				<Polygon>
					<tessellate>1</tessellate>
					<outerBoundaryIs>
						<LinearRing>
							<coordinates>
								-71.6243339699931,-16.37742262423213,0 -71.62504365047354,-16.37783520233395,0 -71.62408112301897,-16.37933949397522,0 -71.62337811277858,-16.37894933899853,0 -71.6243339699931,-16.37742262423213,0 
							</coordinates>
						</LinearRing>
					</outerBoundaryIs>
				</Polygon>
			</Placemark>
			<Placemark>
				<name>1.4.315-8</name>
				<styleUrl>#msn_ylw-pushpin850</styleUrl>
				<Polygon>
					<tessellate>1</tessellate>
					<outerBoundaryIs>
						<LinearRing>
							<coordinates>
								-71.62557092627063,-16.37539813452521,0 -71.6262711620294,-16.37578335347979,0 -71.62509827611467,-16.37776372738737,0 -71.62436412766473,-16.37735314628661,0 -71.62557092627063,-16.37539813452521,0 
							</coordinates>
						</LinearRing>
					</outerBoundaryIs>
				</Polygon>
			</Placemark>
			<Placemark>
				<name>1.4.315-10</name>
				<styleUrl>#msn_ylw-pushpin850</styleUrl>
				<Polygon>
					<tessellate>1</tessellate>
					<outerBoundaryIs>
						<LinearRing>
							<coordinates>
								-71.62607611271908,-16.37633417281413,0 -71.62680407510186,-16.37670792237958,0 -71.62587307907053,-16.37820830185954,0 -71.62516787757136,-16.37779600266222,0 -71.62607611271908,-16.37633417281413,0 
							</coordinates>
						</LinearRing>
					</outerBoundaryIs>
				</Polygon>
			</Placemark>
			<Placemark>
				<name>1.4.315-11</name>
				<styleUrl>#msn_ylw-pushpin850</styleUrl>
				<Polygon>
					<tessellate>1</tessellate>
					<outerBoundaryIs>
						<LinearRing>
							<coordinates>
								-71.62510467389815,-16.37790806067175,0 -71.62580317906136,-16.37831225439456,0 -71.6249048741915,-16.37976613540355,0 -71.6241903481389,-16.3793630528739,0 -71.62510467389815,-16.37790806067175,0 
							</coordinates>
						</LinearRing>
					</outerBoundaryIs>
				</Polygon>
			</Placemark>
			<Placemark>
				<name>1.4.315-12</name>
				<styleUrl>#msn_ylw-pushpin850</styleUrl>
				<Polygon>
					<tessellate>1</tessellate>
					<outerBoundaryIs>
						<LinearRing>
							<coordinates>
								-71.62412605085126,-16.37947550411839,0 -71.62484604532531,-16.37985319874658,0 -71.62392933759563,-16.38133187525346,0 -71.62316995858845,-16.38094878830338,0 -71.62412605085126,-16.37947550411839,0 
							</coordinates>
						</LinearRing>
					</outerBoundaryIs>
				</Polygon>
			</Placemark>
			<Placemark>
				<name>1.4.315-13</name>
				<styleUrl>#msn_ylw-pushpin850</styleUrl>
				<Polygon>
					<tessellate>1</tessellate>
					<outerBoundaryIs>
						<LinearRing>
							<coordinates>
								-71.62490833045111,-16.37994088204445,0 -71.62542503769683,-16.38056732798783,0 -71.62410118928277,-16.38155191261569,0 -71.62400430497725,-16.38142111463681,0 -71.62490833045111,-16.37994088204445,0 
							</coordinates>
						</LinearRing>
					</outerBoundaryIs>
				</Polygon>
			</Placemark>
			<Placemark>
				<name>1.4.315-14</name>
				<styleUrl>#msn_ylw-pushpin850</styleUrl>
				<Polygon>
					<tessellate>1</tessellate>
					<outerBoundaryIs>
						<LinearRing>
							<coordinates>
								-71.62690834349357,-16.37673410291095,0 -71.62724654390031,-16.37675717016363,0 -71.62751295277758,-16.37775707558112,0 -71.62650719732264,-16.37855561725715,0 -71.6260112131455,-16.37822801101993,0 -71.62690834349357,-16.37673410291095,0 
							</coordinates>
						</LinearRing>
					</outerBoundaryIs>
				</Polygon>
			</Placemark>
			<Placemark>
				<name>1.4.315-15</name>
				<styleUrl>#msn_ylw-pushpin850</styleUrl>
				<Polygon>
					<tessellate>1</tessellate>
					<outerBoundaryIs>
						<LinearRing>
							<coordinates>
								-71.62753783499333,-16.37790192146142,0 -71.62767958173312,-16.37832238296836,0 -71.62760829484472,-16.37890828322233,0 -71.62671909977419,-16.37958581314317,0 -71.6262229563237,-16.37885295348049,0 -71.62753783499333,-16.37790192146142,0 
							</coordinates>
						</LinearRing>
					</outerBoundaryIs>
				</Polygon>
			</Placemark>
			<Placemark>
				<name>1.4.315-16</name>
				<styleUrl>#msn_ylw-pushpin850</styleUrl>
				<Polygon>
					<tessellate>1</tessellate>
					<outerBoundaryIs>
						<LinearRing>
							<coordinates>
								-71.62732187470922,-16.38032617708948,0 -71.62678032382615,-16.37966266243071,0 -71.62759084091404,-16.3790624110168,0 -71.62758792371422,-16.37929121274474,0 -71.62737514401931,-16.38027698263909,0 -71.62732187470922,-16.38032617708948,0 
							</coordinates>
						</LinearRing>
					</outerBoundaryIs>
				</Polygon>
			</Placemark>
			<Placemark>
				<name>1.4.315-17</name>
				<styleUrl>#msn_ylw-pushpin850</styleUrl>
				<Polygon>
					<tessellate>1</tessellate>
					<outerBoundaryIs>
						<LinearRing>
							<coordinates>
								-71.62726918579629,-16.38037440340429,0 -71.62608526752879,-16.38125916118637,0 -71.62555420127713,-16.38057420193186,0 -71.62672017633706,-16.37969633092737,0 -71.62726918579629,-16.38037440340429,0 
							</coordinates>
						</LinearRing>
					</outerBoundaryIs>
				</Polygon>
			</Placemark>
			<Placemark>
				<name>1.4.315-18</name>
				<styleUrl>#msn_ylw-pushpin850</styleUrl>
				<Polygon>
					<tessellate>1</tessellate>
					<outerBoundaryIs>
						<LinearRing>
							<coordinates>
								-71.62667605770609,-16.38155676844962,0 -71.62640029945722,-16.38119815037378,0 -71.626766814281,-16.38091295274542,0 -71.62706912617138,-16.38126408487662,0 -71.62667605770609,-16.38155676844962,0 
							</coordinates>
						</LinearRing>
					</outerBoundaryIs>
				</Polygon>
			</Placemark>
			<Placemark>
				<name>1.4.315-19</name>
				<styleUrl>#msn_ylw-pushpin850</styleUrl>
				<Polygon>
					<tessellate>1</tessellate>
					<outerBoundaryIs>
						<LinearRing>
							<coordinates>
								-71.62624022889335,-16.38186556294707,0 -71.62593649179598,-16.38151143489118,0 -71.6263300888057,-16.38123577378921,0 -71.62661021192719,-16.38160219231581,0 -71.62624022889335,-16.38186556294707,0 
							</coordinates>
						</LinearRing>
					</outerBoundaryIs>
				</Polygon>
			</Placemark>
			<Placemark>
				<name>1.4.315-20</name>
				<styleUrl>#msn_ylw-pushpin850</styleUrl>
				<Polygon>
					<tessellate>1</tessellate>
					<outerBoundaryIs>
						<LinearRing>
							<coordinates>
								-71.62549140958569,-16.3818570503735,0 -71.62588206785223,-16.38157214988405,0 -71.62616321671922,-16.38192513201754,0 -71.62616624164221,-16.3819279509128,0 -71.62577727904664,-16.38221290801581,0 -71.62549140958569,-16.3818570503735,0 
							</coordinates>
						</LinearRing>
					</outerBoundaryIs>
				</Polygon>
			</Placemark>
			<Placemark>
				<name>1.4.315-21</name>
				<styleUrl>#msn_ylw-pushpin850</styleUrl>
				<Polygon>
					<tessellate>1</tessellate>
					<outerBoundaryIs>
						<LinearRing>
							<coordinates>
								-71.62506366552618,-16.38218357503001,0 -71.62544911456605,-16.38193081937177,0 -71.62572007507173,-16.38225005805486,0 -71.62534729202733,-16.38253753411123,0 -71.62506366552618,-16.38218357503001,0 
							</coordinates>
						</LinearRing>
					</outerBoundaryIs>
				</Polygon>
			</Placemark>
			<Placemark>
				<name>1.4.315-22</name>
				<styleUrl>#msn_ylw-pushpin850</styleUrl>
				<Polygon>
					<tessellate>1</tessellate>
					<outerBoundaryIs>
						<LinearRing>
							<coordinates>
								-71.62599916600925,-16.38131768652637,0 -71.62471478605626,-16.38228161588902,0 -71.62418372230356,-16.38160353629427,0 -71.62547527544962,-16.38064993689941,0 -71.62599916600925,-16.38131768652637,0 
							</coordinates>
						</LinearRing>
					</outerBoundaryIs>
				</Polygon>
			</Placemark>
			<Placemark>
				<name>1.4.315-23</name>
				<styleUrl>#msn_ylw-pushpin850</styleUrl>
				<Polygon>
					<tessellate>1</tessellate>
					<outerBoundaryIs>
						<LinearRing>
							<coordinates>
								-71.62462509377683,-16.38235046905181,0 -71.62394702085757,-16.38284276045125,0 -71.62338367213184,-16.38223008314221,0 -71.62408326671516,-16.38168615960432,0 -71.62462509377683,-16.38235046905181,0 
							</coordinates>
						</LinearRing>
					</outerBoundaryIs>
				</Polygon>
			</Placemark>
			<Placemark>
				<name>1.4.315-24</name>
				<styleUrl>#msn_ylw-pushpin850</styleUrl>
				<Polygon>
					<tessellate>1</tessellate>
					<outerBoundaryIs>
						<LinearRing>
							<coordinates>
								-71.62329038820472,-16.3822610737156,0 -71.62387167951434,-16.38290817079175,0 -71.62251911338917,-16.38393405245996,0 -71.62200599029924,-16.38323187044835,0 -71.62329038820472,-16.3822610737156,0 
							</coordinates>
						</LinearRing>
					</outerBoundaryIs>
				</Polygon>
			</Placemark>
			<Placemark>
				<name>1.4.315-25</name>
				<styleUrl>#msn_ylw-pushpin850</styleUrl>
				<Polygon>
					<tessellate>1</tessellate>
					<outerBoundaryIs>
						<LinearRing>
							<coordinates>
								-71.62266962592612,-16.38150382734622,0 -71.62323297269509,-16.38214748577971,0 -71.62192346139344,-16.38313549504897,0 -71.62138523033462,-16.38248838974036,0 -71.62266962592612,-16.38150382734622,0 
							</coordinates>
						</LinearRing>
					</outerBoundaryIs>
				</Polygon>
			</Placemark>
			<Placemark>
				<name>1.4.315-26</name>
				<styleUrl>#msn_ylw-pushpin850</styleUrl>
				<Polygon>
					<tessellate>1</tessellate>
					<outerBoundaryIs>
						<LinearRing>
							<coordinates>
								-71.62174352527288,-16.38098649938996,0 -71.62228677661041,-16.38165831977457,0 -71.62132495073269,-16.38238772751841,0 -71.62075986684543,-16.3817075517721,0 -71.62174352527288,-16.38098649938996,0 
							</coordinates>
						</LinearRing>
					</outerBoundaryIs>
				</Polygon>
			</Placemark>
			<Placemark>
				<name>1.4.315-27</name>
				<styleUrl>#msn_ylw-pushpin850</styleUrl>
				<Polygon>
					<tessellate>1</tessellate>
					<outerBoundaryIs>
						<LinearRing>
							<coordinates>
								-71.62069070253985,-16.38161960145011,0 -71.6204220905253,-16.38128619142251,0 -71.6214443706742,-16.38056259874458,0 -71.62170220216211,-16.38090590311299,0 -71.62069070253985,-16.38161960145011,0 
							</coordinates>
						</LinearRing>
					</outerBoundaryIs>
				</Polygon>
			</Placemark>
			<Placemark>
				<name>1.4.315-31</name>
				<styleUrl>#msn_ylw-pushpin850</styleUrl>
				<Polygon>
					<tessellate>1</tessellate>
					<outerBoundaryIs>
						<LinearRing>
							<coordinates>
								-71.62244018111592,-16.38396503753716,0 -71.62124187049474,-16.38486009936948,0 -71.62073592441143,-16.38416479674951,0 -71.62192347348072,-16.38330072167745,0 -71.62244018111592,-16.38396503753716,0 
							</coordinates>
						</LinearRing>
					</outerBoundaryIs>
				</Polygon>
			</Placemark>
			<Placemark>
				<name>1.4.332-37</name>
				<styleUrl>#msn_ylw-pushpin850</styleUrl>
				<Polygon>
					<tessellate>1</tessellate>
					<outerBoundaryIs>
						<LinearRing>
							<coordinates>
								-71.63719853275693,-16.3697264096899,0 -71.63736035524371,-16.36977717544256,0 -71.63757549978322,-16.36989967193965,0 -71.63774683865689,-16.36997967477895,0 -71.63774660616912,-16.37011023335175,0 -71.63594890079727,-16.37013203462661,0 -71.63594132602314,-16.36977747438617,0 -71.63719853275693,-16.3697264096899,0 
							</coordinates>
						</LinearRing>
					</outerBoundaryIs>
				</Polygon>
			</Placemark>
			<Placemark>
				<name>1.4.332-38</name>
				<styleUrl>#msn_ylw-pushpin850</styleUrl>
				<Polygon>
					<tessellate>1</tessellate>
					<outerBoundaryIs>
						<LinearRing>
							<coordinates>
								-71.63656596899622,-16.37019720711058,0 -71.63656990818333,-16.37056282203371,0 -71.63542596291479,-16.37060003689999,0 -71.63541680913535,-16.3702270468259,0 -71.63656596899622,-16.37019720711058,0 
							</coordinates>
						</LinearRing>
					</outerBoundaryIs>
				</Polygon>
			</Placemark>
			<Placemark>
				<name>1.4.332-39</name>
				<styleUrl>#msn_ylw-pushpin850</styleUrl>
				<Polygon>
					<tessellate>1</tessellate>
					<outerBoundaryIs>
						<LinearRing>
							<coordinates>
								-71.63657202229895,-16.37065956281287,0 -71.63657391246885,-16.37101903940997,0 -71.63531051665089,-16.37103332958468,0 -71.6352943726904,-16.37066294891858,0 -71.63657202229895,-16.37065956281287,0 
							</coordinates>
						</LinearRing>
					</outerBoundaryIs>
				</Polygon>
			</Placemark>
			<Placemark>
				<name>1.4.332-40</name>
				<styleUrl>#msn_ylw-pushpin850</styleUrl>
				<Polygon>
					<tessellate>1</tessellate>
					<outerBoundaryIs>
						<LinearRing>
							<coordinates>
								-71.63658398991714,-16.37109691492711,0 -71.63657881843231,-16.37147938221581,0 -71.63531728859763,-16.3714820509335,0 -71.63529943456803,-16.37111087384542,0 -71.63658398991714,-16.37109691492711,0 
							</coordinates>
						</LinearRing>
					</outerBoundaryIs>
				</Polygon>
			</Placemark>
			<Placemark>
				<name>1.4.332-41</name>
				<styleUrl>#msn_ylw-pushpin850</styleUrl>
				<Polygon>
					<tessellate>1</tessellate>
					<outerBoundaryIs>
						<LinearRing>
							<coordinates>
								-71.63780649654369,-16.37014871155641,0 -71.63780030076151,-16.3705605534701,0 -71.63666569405855,-16.37058026908555,0 -71.63666802241552,-16.37018291672934,0 -71.63780649654369,-16.37014871155641,0 
							</coordinates>
						</LinearRing>
					</outerBoundaryIs>
				</Polygon>
			</Placemark>
			<Placemark>
				<name>1.4.332-42</name>
				<styleUrl>#msn_ylw-pushpin850</styleUrl>
				<Polygon>
					<tessellate>1</tessellate>
					<outerBoundaryIs>
						<LinearRing>
							<coordinates>
								-71.63779430591892,-16.37063172494041,0 -71.63781295942621,-16.37099967105376,0 -71.63667023992993,-16.37103557147171,0 -71.63666591177414,-16.37064484761254,0 -71.63779430591892,-16.37063172494041,0 
							</coordinates>
						</LinearRing>
					</outerBoundaryIs>
				</Polygon>
			</Placemark>
			<Placemark>
				<name>1.4.332-43</name>
				<styleUrl>#msn_ylw-pushpin850</styleUrl>
				<Polygon>
					<tessellate>1</tessellate>
					<outerBoundaryIs>
						<LinearRing>
							<coordinates>
								-71.63778428465507,-16.37106679837995,0 -71.63778762561296,-16.371450028832,0 -71.63667432611426,-16.3714646433369,0 -71.63668132001395,-16.37109828598391,0 -71.63778428465507,-16.37106679837995,0 
							</coordinates>
						</LinearRing>
					</outerBoundaryIs>
				</Polygon>
			</Placemark>
			<Placemark>
				<name>1.4.332-45</name>
				<styleUrl>#msn_ylw-pushpin850</styleUrl>
				<Polygon>
					<tessellate>1</tessellate>
					<outerBoundaryIs>
						<LinearRing>
							<coordinates>
								-71.63858437642617,-16.37063321488885,0 -71.63860022508588,-16.37099320825165,0 -71.63788084321456,-16.37098967886858,0 -71.63785029375475,-16.37062540013029,0 -71.63858437642617,-16.37063321488885,0 
							</coordinates>
						</LinearRing>
					</outerBoundaryIs>
				</Polygon>
			</Placemark>
			<Placemark>
				<name>1.4.332-47</name>
				<styleUrl>#msn_ylw-pushpin850</styleUrl>
				<Polygon>
					<tessellate>1</tessellate>
					<outerBoundaryIs>
						<LinearRing>
							<coordinates>
								-71.63901075265746,-16.37131760231657,0 -71.63895344283507,-16.37149799744288,0 -71.63867094531834,-16.37148564049763,0 -71.63868348946315,-16.37126935685935,0 -71.63901075265746,-16.37131760231657,0 
							</coordinates>
						</LinearRing>
					</outerBoundaryIs>
				</Polygon>
			</Placemark>
			<Placemark>
				<name>1.4.332-48</name>
				<styleUrl>#msn_ylw-pushpin850</styleUrl>
				<Polygon>
					<tessellate>1</tessellate>
					<outerBoundaryIs>
						<LinearRing>
							<coordinates>
								-71.63900254546216,-16.37150328022683,0 -71.63906530327687,-16.37132641959495,0 -71.63940636312482,-16.37138690904666,0 -71.63969529517911,-16.37142605408337,0 -71.63964811761161,-16.37159931775746,0 -71.63900254546216,-16.37150328022683,0 
							</coordinates>
						</LinearRing>
					</outerBoundaryIs>
				</Polygon>
			</Placemark>
			<Placemark>
				<name>1.4.332-51</name>
				<styleUrl>#msn_ylw-pushpin850</styleUrl>
				<Polygon>
					<tessellate>1</tessellate>
					<outerBoundaryIs>
						<LinearRing>
							<coordinates>
								-71.64017264696498,-16.37150186352195,0 -71.64063751801517,-16.37156502906937,0 -71.64063471041558,-16.37176630011042,0 -71.64019467578179,-16.37169897826493,0 -71.63968127484664,-16.37160482623796,0 -71.63972993884855,-16.37143477413815,0 -71.64017264696498,-16.37150186352195,0 
							</coordinates>
						</LinearRing>
					</outerBoundaryIs>
				</Polygon>
			</Placemark>
			<Placemark>
				<name>1.4.332-52</name>
				<styleUrl>#msn_ylw-pushpin850</styleUrl>
				<Polygon>
					<tessellate>1</tessellate>
					<outerBoundaryIs>
						<LinearRing>
							<coordinates>
								-71.62628333596972,-16.37213234667082,0 -71.62611539942425,-16.37204588922081,0 -71.62589511781125,-16.37191238246553,0 -71.62576930246446,-16.37182252671636,0 -71.62571239033394,-16.3717203388761,0 -71.62572231972267,-16.3715878938706,0 -71.62552713467556,-16.37146726871031,0 -71.6256370062507,-16.37131463834921,0 -71.62621369101799,-16.37158823839881,0 -71.62642314719568,-16.37168157196351,0 -71.62664865381871,-16.37179765929236,0 -71.62672181170802,-16.37191882371102,0 -71.62655224187175,-16.37223203585954,0 -71.62628333596972,-16.37213234667082,0 
							</coordinates>
						</LinearRing>
					</outerBoundaryIs>
				</Polygon>
			</Placemark>
			<Placemark>
				<name>1.4.332-53</name>
				<styleUrl>#msn_ylw-pushpin850</styleUrl>
				<Polygon>
					<tessellate>1</tessellate>
					<outerBoundaryIs>
						<LinearRing>
							<coordinates>
								-71.6273285528322,-16.37258893362278,0 -71.62659716303858,-16.37226642782205,0 -71.62676567869441,-16.37195941644335,0 -71.62688823322333,-16.37198911455337,0 -71.62685266644945,-16.37207765294563,0 -71.62747000586047,-16.3723364134451,0 -71.6273285528322,-16.37258893362278,0 
							</coordinates>
						</LinearRing>
					</outerBoundaryIs>
				</Polygon>
			</Placemark>
			<Placemark>
				<name>1.4.332-54</name>
				<styleUrl>#msn_ylw-pushpin850</styleUrl>
				<Polygon>
					<tessellate>1</tessellate>
					<outerBoundaryIs>
						<LinearRing>
							<coordinates>
								-71.62710617224508,-16.37288251982173,0 -71.62639099109595,-16.37258736719019,0 -71.62653881598868,-16.37234254201509,0 -71.62725282891,-16.37267409146342,0 -71.62710617224508,-16.37288251982173,0 
							</coordinates>
						</LinearRing>
					</outerBoundaryIs>
				</Polygon>
			</Placemark>
			<Placemark>
				<name>1.4.332-55</name>
				<styleUrl>#msn_ylw-pushpin850</styleUrl>
				<Polygon>
					<tessellate>1</tessellate>
					<outerBoundaryIs>
						<LinearRing>
							<coordinates>
								-71.62760528800243,-16.37318018421807,0 -71.627116527826,-16.37297976421739,0 -71.62730082894828,-16.37269150285853,0 -71.62779056237824,-16.37287853855749,0 -71.62760528800243,-16.37318018421807,0 
							</coordinates>
						</LinearRing>
					</outerBoundaryIs>
				</Polygon>
			</Placemark>
			<Placemark>
				<name>1.4.332-58</name>
				<styleUrl>#msn_ylw-pushpin850</styleUrl>
				<Polygon>
					<tessellate>1</tessellate>
					<outerBoundaryIs>
						<LinearRing>
							<coordinates>
								-71.62868147260058,-16.37417615829971,0 -71.62807565034984,-16.37339841053133,0 -71.62839925928556,-16.37305148287303,0 -71.62901754555259,-16.37383961126386,0 -71.62868147260058,-16.37417615829971,0 
							</coordinates>
						</LinearRing>
					</outerBoundaryIs>
				</Polygon>
			</Placemark>
			<Placemark>
				<name>1.4.332-59</name>
				<styleUrl>#msn_ylw-pushpin850</styleUrl>
				<Polygon>
					<tessellate>1</tessellate>
					<outerBoundaryIs>
						<LinearRing>
							<coordinates>
								-71.62799566244405,-16.3734694331938,0 -71.62860173605455,-16.37422959890176,0 -71.6282804587091,-16.37454631770693,0 -71.62795242379764,-16.37415010870961,0 -71.62763866725707,-16.37378486195809,0 -71.62799566244405,-16.3734694331938,0 
							</coordinates>
						</LinearRing>
					</outerBoundaryIs>
				</Polygon>
			</Placemark>
			<Placemark>
				<name>1.4.332-60</name>
				<styleUrl>#msn_ylw-pushpin850</styleUrl>
				<Polygon>
					<tessellate>1</tessellate>
					<outerBoundaryIs>
						<LinearRing>
							<coordinates>
								-71.62987756007387,-16.37501169166255,0 -71.62968518044178,-16.375139806056,0 -71.62876152639616,-16.37422766819462,0 -71.62910253990538,-16.37390838570307,0 -71.63004095281843,-16.37485215879224,0 -71.62987756007387,-16.37501169166255,0 
							</coordinates>
						</LinearRing>
					</outerBoundaryIs>
				</Polygon>
			</Placemark>
			<Placemark>
				<name>1.4.332-61</name>
				<styleUrl>#msn_ylw-pushpin850</styleUrl>
				<Polygon>
					<tessellate>1</tessellate>
					<outerBoundaryIs>
						<LinearRing>
							<coordinates>
								-71.62868229595298,-16.37431308609856,0 -71.62958610862297,-16.37517318342594,0 -71.62908103669236,-16.37532656349369,0 -71.6283438029713,-16.3746414320287,0 -71.62868229595298,-16.37431308609856,0 
							</coordinates>
						</LinearRing>
					</outerBoundaryIs>
				</Polygon>
			</Placemark>
			<Placemark>
				<name>1.4.332-62</name>
				<styleUrl>#msn_ylw-pushpin850</styleUrl>
				<Polygon>
					<tessellate>1</tessellate>
					<outerBoundaryIs>
						<LinearRing>
							<coordinates>
								-71.62898693494839,-16.37537351990045,0 -71.62853640521728,-16.37552606406241,0 -71.62843164516563,-16.37550263193296,0 -71.6283358418297,-16.37544720107066,0 -71.62829724607394,-16.3752657242972,0 -71.62829689603515,-16.37510186936732,0 -71.62823398109431,-16.37488435100558,0 -71.62841311524456,-16.37481561221238,0 -71.62882509806106,-16.37519847971704,0 -71.62898693494839,-16.37537351990045,0 
							</coordinates>
						</LinearRing>
					</outerBoundaryIs>
				</Polygon>
			</Placemark>
			<Placemark>
				<name>1.4.332-63</name>
				<styleUrl>#msn_ylw-pushpin850</styleUrl>
				<Polygon>
					<tessellate>1</tessellate>
					<outerBoundaryIs>
						<LinearRing>
							<coordinates>
								-71.62977635293161,-16.37562999354323,0 -71.62838068561312,-16.3761474749503,0 -71.62830183067696,-16.37568440982452,0 -71.6295896551735,-16.37524368051769,0 -71.62977635293161,-16.37562999354323,0 
							</coordinates>
						</LinearRing>
					</outerBoundaryIs>
				</Polygon>
			</Placemark>
			<Placemark>
				<name>1.4.332-64</name>
				<styleUrl>#msn_ylw-pushpin850</styleUrl>
				<Polygon>
					<tessellate>1</tessellate>
					<outerBoundaryIs>
						<LinearRing>
							<coordinates>
								-71.62988598277116,-16.3758035553877,0 -71.63023936087531,-16.37665614025142,0 -71.62991007706988,-16.37682503879483,0 -71.62950982744606,-16.37586393058072,0 -71.62988598277116,-16.3758035553877,0 
							</coordinates>
						</LinearRing>
					</outerBoundaryIs>
				</Polygon>
			</Placemark>
			<Placemark>
				<name>1.4.332-65</name>
				<styleUrl>#msn_ylw-pushpin850</styleUrl>
				<Polygon>
					<tessellate>1</tessellate>
					<outerBoundaryIs>
						<LinearRing>
							<coordinates>
								-71.62980373810747,-16.3768494256001,0 -71.62936536436537,-16.37701999211661,0 -71.62895961775526,-16.37601344988983,0 -71.62939595771451,-16.3758633965198,0 -71.62980373810747,-16.3768494256001,0 
							</coordinates>
						</LinearRing>
					</outerBoundaryIs>
				</Polygon>
			</Placemark>
			<Placemark>
				<name>1.4.332-66</name>
				<styleUrl>#msn_ylw-pushpin850</styleUrl>
				<Polygon>
					<tessellate>1</tessellate>
					<outerBoundaryIs>
						<LinearRing>
							<coordinates>
								-71.62927829881555,-16.37706228901085,0 -71.62882336245464,-16.37723538361307,0 -71.62840576101111,-16.37622902195181,0 -71.62885124690629,-16.37605834776674,0 -71.62927829881555,-16.37706228901085,0 
							</coordinates>
						</LinearRing>
					</outerBoundaryIs>
				</Polygon>
			</Placemark>
			<Placemark>
				<name>1.4.332-67</name>
				<styleUrl>#msn_ylw-pushpin850</styleUrl>
				<Polygon>
					<tessellate>1</tessellate>
					<outerBoundaryIs>
						<LinearRing>
							<coordinates>
								-71.63076875125438,-16.37684453408242,0 -71.63089050543574,-16.37720542351659,0 -71.63075824151672,-16.3772306419064,0 -71.63065412618113,-16.37686408483153,0 -71.63076875125438,-16.37684453408242,0 
							</coordinates>
						</LinearRing>
					</outerBoundaryIs>
				</Polygon>
			</Placemark>
			<Placemark>
				<name>1.4.332-68</name>
				<styleUrl>#msn_ylw-pushpin850</styleUrl>
				<Polygon>
					<tessellate>1</tessellate>
					<outerBoundaryIs>
						<LinearRing>
							<coordinates>
								-71.63109737747413,-16.37280658792553,0 -71.63118126687158,-16.37370590742392,0 -71.63071160001385,-16.37376647367456,0 -71.62935485853777,-16.37387525337418,0 -71.62906065227575,-16.37352260006253,0 -71.6287735348631,-16.37301018773132,0 -71.63109737747413,-16.37280658792553,0 
							</coordinates>
						</LinearRing>
					</outerBoundaryIs>
				</Polygon>
			</Placemark>
			<Placemark>
				<name>1.4.332-69</name>
				<styleUrl>#msn_ylw-pushpin850</styleUrl>
				<Polygon>
					<tessellate>1</tessellate>
					<outerBoundaryIs>
						<LinearRing>
							<coordinates>
								-71.62912845736108,-16.37289778981326,0 -71.62852570649424,-16.37294403701138,0 -71.62824569863234,-16.37236231317427,0 -71.62906692233067,-16.37224325076222,0 -71.62912845736108,-16.37289778981326,0 
							</coordinates>
						</LinearRing>
					</outerBoundaryIs>
				</Polygon>
			</Placemark>
			<Placemark>
				<name>1.4.332-70</name>
				<styleUrl>#msn_ylw-pushpin850</styleUrl>
				<Polygon>
					<tessellate>1</tessellate>
					<outerBoundaryIs>
						<LinearRing>
							<coordinates>
								-71.62964176487579,-16.37284364314829,0 -71.62919807161893,-16.3728735695599,0 -71.62916335269335,-16.37223483561529,0 -71.62955119000415,-16.37218491474904,0 -71.62964176487579,-16.37284364314829,0 
							</coordinates>
						</LinearRing>
					</outerBoundaryIs>
				</Polygon>
			</Placemark>
			<Placemark>
				<name>1.4.332-71</name>
				<styleUrl>#msn_ylw-pushpin850</styleUrl>
				<Polygon>
					<tessellate>1</tessellate>
					<outerBoundaryIs>
						<LinearRing>
							<coordinates>
								-71.62974349538167,-16.37283364554482,0 -71.62968509108117,-16.3724118027665,0 -71.62990572544919,-16.37226891353358,0 -71.63005297554922,-16.37223408883883,0 -71.63083547987283,-16.37226758073422,0 -71.63089227062221,-16.372738962961,0 -71.62974349538167,-16.37283364554482,0 
							</coordinates>
						</LinearRing>
					</outerBoundaryIs>
				</Polygon>
			</Placemark>
			<Placemark>
				<name>1.4.332-72</name>
				<styleUrl>#msn_ylw-pushpin850</styleUrl>
				<Polygon>
					<tessellate>1</tessellate>
					<outerBoundaryIs>
						<LinearRing>
							<coordinates>
								-71.63110513038558,-16.37227094583286,0 -71.63206583236294,-16.37214709922828,0 -71.63208952527819,-16.37261092363021,0 -71.63119035366671,-16.37271188988926,0 -71.63110513038558,-16.37227094583286,0 
							</coordinates>
						</LinearRing>
					</outerBoundaryIs>
				</Polygon>
			</Placemark>
			<Placemark>
				<name>1.4.332-73</name>
				<styleUrl>#msn_ylw-pushpin850</styleUrl>
				<Polygon>
					<tessellate>1</tessellate>
					<outerBoundaryIs>
						<LinearRing>
							<coordinates>
								-71.63219713806299,-16.37191348059168,0 -71.6330844740737,-16.37168922340926,0 -71.63323966615985,-16.37251033448332,0 -71.63228444309739,-16.37260780720864,0 -71.63219713806299,-16.37191348059168,0 
							</coordinates>
						</LinearRing>
					</outerBoundaryIs>
				</Polygon>
			</Placemark>
			<Placemark>
				<name>1.4.332-74</name>
				<styleUrl>#msn_ylw-pushpin850</styleUrl>
				<Polygon>
					<tessellate>1</tessellate>
					<outerBoundaryIs>
						<LinearRing>
							<coordinates>
								-71.63334658911367,-16.37351593663489,0 -71.63129022171735,-16.37370240223546,0 -71.63119736960569,-16.37280809646262,0 -71.6332369215238,-16.37261654326422,0 -71.63334658911367,-16.37351593663489,0 
							</coordinates>
						</LinearRing>
					</outerBoundaryIs>
				</Polygon>
			</Placemark>
			<Placemark>
				<name>1.4.332-76</name>
				<styleUrl>#msn_ylw-pushpin850</styleUrl>
				<Polygon>
					<tessellate>1</tessellate>
					<outerBoundaryIs>
						<LinearRing>
							<coordinates>
								-71.63427780633236,-16.37236535659887,0 -71.63334363138816,-16.37249726703975,0 -71.63321123979024,-16.37173993230369,0 -71.63350085897734,-16.37172748947952,0 -71.63399522882109,-16.37162635840026,0 -71.63427780633236,-16.37236535659887,0 
							</coordinates>
						</LinearRing>
					</outerBoundaryIs>
				</Polygon>
			</Placemark>
			<Placemark>
				<name>1.4.332-77</name>
				<styleUrl>#msn_ylw-pushpin850</styleUrl>
				<Polygon>
					<tessellate>1</tessellate>
					<outerBoundaryIs>
						<LinearRing>
							<coordinates>
								-71.63435342457775,-16.37322783677538,0 -71.63344635879268,-16.373482327632,0 -71.63334805740134,-16.37259613053531,0 -71.63425234012783,-16.37251013049437,0 -71.63435342457775,-16.37322783677538,0 
							</coordinates>
						</LinearRing>
					</outerBoundaryIs>
				</Polygon>
			</Placemark>
			<Placemark>
				<name>1.4.332-78</name>
				<styleUrl>#msn_ylw-pushpin850</styleUrl>
				<Polygon>
					<tessellate>1</tessellate>
					<outerBoundaryIs>
						<LinearRing>
							<coordinates>
								-71.63011073229117,-16.37774931668656,0 -71.63015960879655,-16.37801645671659,0 -71.6298075690497,-16.37814230194382,0 -71.62940454130687,-16.37711437089644,0 -71.62983124160682,-16.3769473618924,0 -71.63011073229117,-16.37774931668656,0 
							</coordinates>
						</LinearRing>
					</outerBoundaryIs>
				</Polygon>
			</Placemark>
			<Placemark>
				<name>1.4.332-79</name>
				<styleUrl>#msn_ylw-pushpin850</styleUrl>
				<Polygon>
					<tessellate>1</tessellate>
					<outerBoundaryIs>
						<LinearRing>
							<coordinates>
								-71.62970493929411,-16.37818498618074,0 -71.6292925869211,-16.37832086713568,0 -71.62886988413663,-16.37731760610661,0 -71.62931408162626,-16.37716290291851,0 -71.62970493929411,-16.37818498618074,0 
							</coordinates>
						</LinearRing>
					</outerBoundaryIs>
				</Polygon>
			</Placemark>
			<Placemark>
				<name>1.4.332-80</name>
				<styleUrl>#msn_ylw-pushpin850</styleUrl>
				<Polygon>
					<tessellate>1</tessellate>
					<outerBoundaryIs>
						<LinearRing>
							<coordinates>
								-71.63136813441935,-16.37895816311307,0 -71.63093168494157,-16.37913398905332,0 -71.63064821934009,-16.3780734055589,0 -71.63063846634459,-16.37805515496808,0 -71.63105542835189,-16.37785189762903,0 -71.63136813441935,-16.37895816311307,0 
							</coordinates>
						</LinearRing>
					</outerBoundaryIs>
				</Polygon>
			</Placemark>
			<Placemark>
				<name>1.4.332-81</name>
				<styleUrl>#msn_ylw-pushpin850</styleUrl>
				<Polygon>
					<tessellate>1</tessellate>
					<outerBoundaryIs>
						<LinearRing>
							<coordinates>
								-71.63081888111815,-16.37917943829012,0 -71.63061219426687,-16.37924034734197,0 -71.63051009855346,-16.37922961190943,0 -71.6303974902651,-16.37919004192988,0 -71.63014079336749,-16.3782021089139,0 -71.63054003159395,-16.3780959021208,0 -71.63081888111815,-16.37917943829012,0 
							</coordinates>
						</LinearRing>
					</outerBoundaryIs>
				</Polygon>
			</Placemark>
			<Placemark>
				<name>1.4.332-82</name>
				<styleUrl>#msn_ylw-pushpin850</styleUrl>
				<Polygon>
					<tessellate>1</tessellate>
					<outerBoundaryIs>
						<LinearRing>
							<coordinates>
								-71.63030490976885,-16.37923069795492,0 -71.63002552483796,-16.37931823830671,0 -71.62998187932989,-16.37913146783411,0 -71.6298435482246,-16.37827295833749,0 -71.6300573400825,-16.37820872892241,0 -71.63030490976885,-16.37923069795492,0 
							</coordinates>
						</LinearRing>
					</outerBoundaryIs>
				</Polygon>
			</Placemark>
			<Placemark>
				<name>1.4.332-83</name>
				<styleUrl>#msn_ylw-pushpin850</styleUrl>
				<Polygon>
					<tessellate>1</tessellate>
					<outerBoundaryIs>
						<LinearRing>
							<coordinates>
								-71.62994063067006,-16.37941431342233,0 -71.62917018763397,-16.379629908702,0 -71.62930487569504,-16.3793521516481,0 -71.62934448584187,-16.37904363605329,0 -71.62984512105841,-16.3789520353317,0 -71.62994063067006,-16.37941431342233,0 
							</coordinates>
						</LinearRing>
					</outerBoundaryIs>
				</Polygon>
			</Placemark>
			<Placemark>
				<name>1.4.332-84</name>
				<styleUrl>#msn_ylw-pushpin850</styleUrl>
				<Polygon>
					<tessellate>1</tessellate>
					<outerBoundaryIs>
						<LinearRing>
							<coordinates>
								-71.631650835245,-16.38000216141858,0 -71.63122072695937,-16.38016631517494,0 -71.63095778020789,-16.37922976931092,0 -71.63139919664383,-16.37906678966505,0 -71.631650835245,-16.38000216141858,0 
							</coordinates>
						</LinearRing>
					</outerBoundaryIs>
				</Polygon>
			</Placemark>
			<Placemark>
				<name>1.4.332-85</name>
				<styleUrl>#msn_ylw-pushpin850</styleUrl>
				<Polygon>
					<tessellate>1</tessellate>
					<outerBoundaryIs>
						<LinearRing>
							<coordinates>
								-71.63113744955658,-16.38018624594907,0 -71.63091293782156,-16.38026992192519,0 -71.63065055417376,-16.37935622328186,0 -71.63088653363903,-16.37926280214361,0 -71.63113744955658,-16.38018624594907,0 
							</coordinates>
						</LinearRing>
					</outerBoundaryIs>
				</Polygon>
			</Placemark>
			<Placemark>
				<name>1.4.332-86</name>
				<styleUrl>#msn_ylw-pushpin850</styleUrl>
				<Polygon>
					<tessellate>1</tessellate>
					<outerBoundaryIs>
						<LinearRing>
							<coordinates>
								-71.63083304393997,-16.38028466543069,0 -71.63040714796242,-16.38044028402303,0 -71.63006908392916,-16.3794336093794,0 -71.63051749583997,-16.37929610457424,0 -71.63083304393997,-16.38028466543069,0 
							</coordinates>
						</LinearRing>
					</outerBoundaryIs>
				</Polygon>
			</Placemark>
			<Placemark>
				<name>1.4.332-87</name>
				<styleUrl>#msn_ylw-pushpin850</styleUrl>
				<Polygon>
					<tessellate>1</tessellate>
					<outerBoundaryIs>
						<LinearRing>
							<coordinates>
								-71.63011163858401,-16.37995239359552,0 -71.62925943689986,-16.38019983466006,0 -71.62913870314655,-16.37976783208758,0 -71.62996467206879,-16.37950448664141,0 -71.63011163858401,-16.37995239359552,0 
							</coordinates>
						</LinearRing>
					</outerBoundaryIs>
				</Polygon>
			</Placemark>
			<Placemark>
				<name>1.4.332-88</name>
				<styleUrl>#msn_ylw-pushpin850</styleUrl>
				<Polygon>
					<tessellate>1</tessellate>
					<outerBoundaryIs>
						<LinearRing>
							<coordinates>
								-71.63014434834636,-16.38002292835369,0 -71.63026688030942,-16.38046830664197,0 -71.62942647221001,-16.38070574094773,0 -71.62928363216908,-16.38026977974959,0 -71.63014434834636,-16.38002292835369,0 
							</coordinates>
						</LinearRing>
					</outerBoundaryIs>
				</Polygon>
			</Placemark>
			<Placemark>
				<name>1.4.332-89</name>
				<styleUrl>#msn_ylw-pushpin850</styleUrl>
				<Polygon>
					<tessellate>1</tessellate>
					<outerBoundaryIs>
						<LinearRing>
							<coordinates>
								-71.63030622998519,-16.38054939007218,0 -71.6304685945922,-16.38098080879882,0 -71.62959509336866,-16.38124401096089,0 -71.62946114630668,-16.38081881680874,0 -71.63030622998519,-16.38054939007218,0 
							</coordinates>
						</LinearRing>
					</outerBoundaryIs>
				</Polygon>
			</Placemark>
			<Placemark>
				<name>1.4.332-90</name>
				<styleUrl>#msn_ylw-pushpin850</styleUrl>
				<Polygon>
					<tessellate>1</tessellate>
					<outerBoundaryIs>
						<LinearRing>
							<coordinates>
								-71.6304580018825,-16.38109848628048,0 -71.63056706972129,-16.38133118393332,0 -71.63062119900184,-16.38135193136682,0 -71.63067023338357,-16.38152985423287,0 -71.62977359632669,-16.381790747781,0 -71.62963307928874,-16.38135332302729,0 -71.6304580018825,-16.38109848628048,0 
							</coordinates>
						</LinearRing>
					</outerBoundaryIs>
				</Polygon>
			</Placemark>
			<Placemark>
				<name>1.4.332-92</name>
				<styleUrl>#msn_ylw-pushpin850</styleUrl>
				<Polygon>
					<tessellate>1</tessellate>
					<outerBoundaryIs>
						<LinearRing>
							<coordinates>
								-71.63039368673505,-16.38285182091931,0 -71.62993201197534,-16.38293319504581,0 -71.62979645741106,-16.38229688647394,0 -71.62990392586407,-16.38228058164669,0 -71.63039368673505,-16.38285182091931,0 
							</coordinates>
						</LinearRing>
					</outerBoundaryIs>
				</Polygon>
			</Placemark>
			<Placemark>
				<name>1.4.332-93</name>
				<styleUrl>#msn_ylw-pushpin850</styleUrl>
				<Polygon>
					<tessellate>1</tessellate>
					<outerBoundaryIs>
						<LinearRing>
							<coordinates>
								-71.63248302946778,-16.38213703559037,0 -71.63308128146286,-16.38359823122692,0 -71.63276816268807,-16.3836673054049,0 -71.63246615093342,-16.38365821925435,0 -71.631872457434,-16.38342004926632,0 -71.63098576929619,-16.38295239655208,0 -71.63067982768163,-16.38273557382941,0 -71.6301921271118,-16.38214728452348,0 -71.63133075906224,-16.38216700103321,0 -71.63248302946778,-16.38213703559037,0 
							</coordinates>
						</LinearRing>
					</outerBoundaryIs>
				</Polygon>
			</Placemark>
			<Placemark>
				<name>1.4.332-95</name>
				<styleUrl>#msn_ylw-pushpin850</styleUrl>
				<Polygon>
					<tessellate>1</tessellate>
					<outerBoundaryIs>
						<LinearRing>
							<coordinates>
								-71.63520736566421,-16.3847801845244,0 -71.63385182549735,-16.38487826760554,0 -71.63329664860026,-16.38365711739446,0 -71.63457084950362,-16.38359843476843,0 -71.63520736566421,-16.3847801845244,0 
							</coordinates>
						</LinearRing>
					</outerBoundaryIs>
				</Polygon>
			</Placemark>
			<Placemark>
				<name>1.4.332-96</name>
				<styleUrl>#msn_ylw-pushpin850</styleUrl>
				<Polygon>
					<tessellate>1</tessellate>
					<outerBoundaryIs>
						<LinearRing>
							<coordinates>
								-71.63582109398078,-16.38336454365534,0 -71.6365409620231,-16.38449136480376,0 -71.6353146636783,-16.38473559573249,0 -71.63471681193703,-16.38358295984956,0 -71.63532479980542,-16.38353128152833,0 -71.63582109398078,-16.38336454365534,0 
							</coordinates>
						</LinearRing>
					</outerBoundaryIs>
				</Polygon>
			</Placemark>
			<Placemark>
				<name>1.4.332-97</name>
				<styleUrl>#msn_ylw-pushpin850</styleUrl>
				<Polygon>
					<tessellate>1</tessellate>
					<outerBoundaryIs>
						<LinearRing>
							<coordinates>
								-71.63533001322249,-16.38259202524436,0 -71.6357876752154,-16.38331035654425,0 -71.63466830115131,-16.38351943248768,0 -71.63425774274729,-16.38275923510034,0 -71.63488563469954,-16.38271419761655,0 -71.63533001322249,-16.38259202524436,0 
							</coordinates>
						</LinearRing>
					</outerBoundaryIs>
				</Polygon>
			</Placemark>
			<Placemark>
				<name>1.4.332-98</name>
				<styleUrl>#msn_ylw-pushpin850</styleUrl>
				<Polygon>
					<tessellate>1</tessellate>
					<outerBoundaryIs>
						<LinearRing>
							<coordinates>
								-71.63450413408368,-16.38348989105226,0 -71.63324580542252,-16.38356400239521,0 -71.6326288971522,-16.38214666112356,0 -71.63380357090661,-16.38209554857138,0 -71.63450413408368,-16.38348989105226,0 
							</coordinates>
						</LinearRing>
					</outerBoundaryIs>
				</Polygon>
			</Placemark>
			<Placemark>
				<name>1.4.332-99</name>
				<styleUrl>#msn_ylw-pushpin850</styleUrl>
				<Polygon>
					<tessellate>1</tessellate>
					<outerBoundaryIs>
						<LinearRing>
							<coordinates>
								-71.63422678516258,-16.38097584363081,0 -71.63524608103653,-16.38247657510117,0 -71.63479575259981,-16.38263131556977,0 -71.63419730007229,-16.38266910486903,0 -71.63388000622886,-16.38198049142779,0 -71.63422678516258,-16.38097584363081,0 
							</coordinates>
						</LinearRing>
					</outerBoundaryIs>
				</Polygon>
			</Placemark>
			<Placemark>
				<name>1.4.332-100</name>
				<styleUrl>#msn_ylw-pushpin850</styleUrl>
				<Polygon>
					<tessellate>1</tessellate>
					<outerBoundaryIs>
						<LinearRing>
							<coordinates>
								-71.63469992807103,-16.38151956068076,0 -71.63556845210351,-16.38133094150342,0 -71.63591192577071,-16.38240623888338,0 -71.63539079835462,-16.38246980920831,0 -71.63536184394346,-16.38245592536319,0 -71.63469992807103,-16.38151956068076,0 
							</coordinates>
						</LinearRing>
					</outerBoundaryIs>
				</Polygon>
			</Placemark>
			<Placemark>
				<name>1.4.332-101</name>
				<styleUrl>#msn_ylw-pushpin850</styleUrl>
				<Polygon>
					<tessellate>1</tessellate>
					<outerBoundaryIs>
						<LinearRing>
							<coordinates>
								-71.63489003418958,-16.38063068178188,0 -71.63513831580769,-16.38136672190369,0 -71.63467923788066,-16.38146202526682,0 -71.63423037992816,-16.38082323399573,0 -71.63489003418958,-16.38063068178188,0 
							</coordinates>
						</LinearRing>
					</outerBoundaryIs>
				</Polygon>
			</Placemark>
			<Placemark>
				<name>1.4.332-102</name>
				<styleUrl>#msn_ylw-pushpin850</styleUrl>
				<Polygon>
					<tessellate>1</tessellate>
					<outerBoundaryIs>
						<LinearRing>
							<coordinates>
								-71.63413391743245,-16.38078881968015,0 -71.6337233437693,-16.38198217299689,0 -71.63259273564483,-16.38196730764072,0 -71.63219114779041,-16.3809970250634,0 -71.63413391743245,-16.38078881968015,0 
							</coordinates>
						</LinearRing>
					</outerBoundaryIs>
				</Polygon>
			</Placemark>
			<Placemark>
				<name>1.4.332-104</name>
				<styleUrl>#msn_ylw-pushpin850</styleUrl>
				<Polygon>
					<tessellate>1</tessellate>
					<outerBoundaryIs>
						<LinearRing>
							<coordinates>
								-71.63395116985276,-16.37876440716994,0 -71.63405895690799,-16.3797201797083,0 -71.63181997209097,-16.37992071455245,0 -71.6315333452646,-16.3790624999634,0 -71.63395116985276,-16.37876440716994,0 
							</coordinates>
						</LinearRing>
					</outerBoundaryIs>
				</Polygon>
			</Placemark>
			<Placemark>
				<name>1.4.332-105</name>
				<styleUrl>#msn_ylw-pushpin850</styleUrl>
				<Polygon>
					<tessellate>1</tessellate>
					<outerBoundaryIs>
						<LinearRing>
							<coordinates>
								-71.63130085018065,-16.37805929251199,0 -71.63380156236288,-16.37779688100788,0 -71.63379325383085,-16.37870016405518,0 -71.63151730543899,-16.37894621434285,0 -71.63130085018065,-16.37805929251199,0 
							</coordinates>
						</LinearRing>
					</outerBoundaryIs>
				</Polygon>
			</Placemark>
			<Placemark>
				<name>1.4.332-106</name>
				<styleUrl>#msn_ylw-pushpin850</styleUrl>
				<Polygon>
					<tessellate>1</tessellate>
					<outerBoundaryIs>
						<LinearRing>
							<coordinates>
								-71.63136225540975,-16.37702847181779,0 -71.6314659165279,-16.37793691477182,0 -71.6312394251037,-16.37797017134789,0 -71.63101695689855,-16.3770824446889,0 -71.63136225540975,-16.37702847181779,0 
							</coordinates>
						</LinearRing>
					</outerBoundaryIs>
				</Polygon>
			</Placemark>
			<Placemark>
				<name>1.4.332-107</name>
				<styleUrl>#msn_ylw-pushpin850</styleUrl>
				<Polygon>
					<tessellate>1</tessellate>
					<outerBoundaryIs>
						<LinearRing>
							<coordinates>
								-71.63369225700933,-16.37678361609637,0 -71.63378068619105,-16.37768188697369,0 -71.63157422841051,-16.37793691365402,0 -71.63146966390137,-16.37699939163211,0 -71.63369225700933,-16.37678361609637,0 
							</coordinates>
						</LinearRing>
					</outerBoundaryIs>
				</Polygon>
			</Placemark>
			<Placemark>
				<name>1.4.332-109</name>
				<styleUrl>#msn_ylw-pushpin850</styleUrl>
				<Polygon>
					<tessellate>1</tessellate>
					<outerBoundaryIs>
						<LinearRing>
							<coordinates>
								-71.63367806948449,-16.37666915648021,0 -71.63145673975086,-16.37690312007761,0 -71.6313299460776,-16.37601416592951,0 -71.63207344781806,-16.37592721653034,0 -71.63357677694712,-16.37578720071327,0 -71.63367806948449,-16.37666915648021,0 
							</coordinates>
						</LinearRing>
					</outerBoundaryIs>
				</Polygon>
			</Placemark>
			<Placemark>
				<name>1.4.332-110</name>
				<styleUrl>#msn_ylw-pushpin850</styleUrl>
				<Polygon>
					<tessellate>1</tessellate>
					<outerBoundaryIs>
						<LinearRing>
							<coordinates>
								-71.63109801388222,-16.37473916954699,0 -71.63123892003013,-16.37593888512481,0 -71.63064475392962,-16.37606051523878,0 -71.63028336877574,-16.37484146052035,0 -71.63109801388222,-16.37473916954699,0 
							</coordinates>
						</LinearRing>
					</outerBoundaryIs>
				</Polygon>
			</Placemark>
			<Placemark>
				<name>1.4.332-111</name>
				<styleUrl>#msn_ylw-pushpin850</styleUrl>
				<Polygon>
					<tessellate>1</tessellate>
					<outerBoundaryIs>
						<LinearRing>
							<coordinates>
								-71.6317488724716,-16.37473526308295,0 -71.63190351340199,-16.37583440028193,0 -71.63134611486325,-16.3759256818382,0 -71.63122263480591,-16.37474978607888,0 -71.6317488724716,-16.37473526308295,0 
							</coordinates>
						</LinearRing>
					</outerBoundaryIs>
				</Polygon>
			</Placemark>
			<Placemark>
				<name>1.4.332-112</name>
				<styleUrl>#msn_ylw-pushpin850</styleUrl>
				<Polygon>
					<tessellate>1</tessellate>
					<outerBoundaryIs>
						<LinearRing>
							<coordinates>
								-71.63356547965591,-16.37567272039053,0 -71.63214702592845,-16.37580588330948,0 -71.63203410816934,-16.37491961763565,0 -71.63351265040427,-16.37475585553857,0 -71.63356547965591,-16.37567272039053,0 
							</coordinates>
						</LinearRing>
					</outerBoundaryIs>
				</Polygon>
			</Placemark>
			<Placemark>
				<name>1.4.332-113</name>
				<styleUrl>#msn_ylw-pushpin850</styleUrl>
				<Polygon>
					<tessellate>1</tessellate>
					<outerBoundaryIs>
						<LinearRing>
							<coordinates>
								-71.63273953991266,-16.37474762066477,0 -71.63264454897921,-16.3741075243575,0 -71.63346741153178,-16.37399826017949,0 -71.63350776014185,-16.37468772220568,0 -71.63273953991266,-16.37474762066477,0 
							</coordinates>
						</LinearRing>
					</outerBoundaryIs>
				</Polygon>
			</Placemark>
			<Placemark>
				<name>1.4.332-114</name>
				<styleUrl>#msn_ylw-pushpin850</styleUrl>
				<Polygon>
					<tessellate>1</tessellate>
					<outerBoundaryIs>
						<LinearRing>
							<coordinates>
								-71.63189660675414,-16.37462852928533,0 -71.63151993804051,-16.37464128827318,0 -71.63139714464899,-16.37379876337947,0 -71.6317567051974,-16.37376129323928,0 -71.63189660675414,-16.37462852928533,0 
							</coordinates>
						</LinearRing>
					</outerBoundaryIs>
				</Polygon>
			</Placemark>
			<Placemark>
				<name>1.4.332-115</name>
				<styleUrl>#msn_ylw-pushpin850</styleUrl>
				<Polygon>
					<tessellate>1</tessellate>
					<outerBoundaryIs>
						<LinearRing>
							<coordinates>
								-71.63146077668142,-16.37463705075863,0 -71.63098960248365,-16.37463174274585,0 -71.63065313922397,-16.37473306351953,0 -71.63051903230506,-16.37389160458796,0 -71.63133676225947,-16.37382120671268,0 -71.63146077668142,-16.37463705075863,0 
							</coordinates>
						</LinearRing>
					</outerBoundaryIs>
				</Polygon>
			</Placemark>
			<Placemark>
				<name>1.4.332-116</name>
				<styleUrl>#msn_ylw-pushpin850</styleUrl>
				<Polygon>
					<tessellate>1</tessellate>
					<outerBoundaryIs>
						<LinearRing>
							<coordinates>
								-71.63047632220815,-16.37389161227309,0 -71.63059552159842,-16.37473916524234,0 -71.63020328281449,-16.37479045468991,0 -71.63001265608231,-16.37458861607109,0 -71.62947414387646,-16.37403038123722,0 -71.63047632220815,-16.37389161227309,0 
							</coordinates>
						</LinearRing>
					</outerBoundaryIs>
				</Polygon>
			</Placemark>
			<Placemark>
				<name>1.4.332-118</name>
				<styleUrl>#msn_ylw-pushpin850</styleUrl>
				<Polygon>
					<tessellate>1</tessellate>
					<outerBoundaryIs>
						<LinearRing>
							<coordinates>
								-71.63658000294566,-16.37154944057252,0 -71.63659334094118,-16.37201715150132,0 -71.63424656665318,-16.37199952589963,0 -71.6341757537176,-16.37176263973217,0 -71.63468780927025,-16.37155161186151,0 -71.63658000294566,-16.37154944057252,0 
							</coordinates>
						</LinearRing>
					</outerBoundaryIs>
				</Polygon>
			</Placemark>
			<Placemark>
				<name>1.4.332-119</name>
				<styleUrl>#msn_ylw-pushpin850</styleUrl>
				<Polygon>
					<tessellate>1</tessellate>
					<outerBoundaryIs>
						<LinearRing>
							<coordinates>
								-71.63659170741487,-16.37208669319475,0 -71.63660353629861,-16.37246351786521,0 -71.63445771163573,-16.37246421428631,0 -71.63441523899318,-16.37208785808571,0 -71.63659170741487,-16.37208669319475,0 
							</coordinates>
						</LinearRing>
					</outerBoundaryIs>
				</Polygon>
			</Placemark>
			<Placemark>
				<name>1.4.332-120</name>
				<styleUrl>#msn_ylw-pushpin850</styleUrl>
				<Polygon>
					<tessellate>1</tessellate>
					<outerBoundaryIs>
						<LinearRing>
							<coordinates>
								-71.63661610134497,-16.37254888697587,0 -71.63661116920524,-16.37292329383985,0 -71.63447326035687,-16.37289178395538,0 -71.63447598627546,-16.3725521710513,0 -71.63661610134497,-16.37254888697587,0 
							</coordinates>
						</LinearRing>
					</outerBoundaryIs>
				</Polygon>
			</Placemark>
			<Placemark>
				<name>1.4.332-121</name>
				<styleUrl>#msn_ylw-pushpin850</styleUrl>
				<Polygon>
					<tessellate>1</tessellate>
					<outerBoundaryIs>
						<LinearRing>
							<coordinates>
								-71.63544504965054,-16.37317907953783,0 -71.63443754325887,-16.37325863856132,0 -71.63442475021937,-16.37299145517323,0 -71.63545317730322,-16.37299713728311,0 -71.63544504965054,-16.37317907953783,0 
							</coordinates>
						</LinearRing>
					</outerBoundaryIs>
				</Polygon>
			</Placemark>
			<Placemark>
				<name>1.4.332-122</name>
				<styleUrl>#msn_ylw-pushpin850</styleUrl>
				<Polygon>
					<tessellate>1</tessellate>
					<outerBoundaryIs>
						<LinearRing>
							<coordinates>
								-71.63660228813477,-16.37338066509357,0 -71.63556103219136,-16.37358386411383,0 -71.63556072656374,-16.37299094840165,0 -71.63660570885821,-16.37301164341503,0 -71.63660228813477,-16.37338066509357,0 
							</coordinates>
						</LinearRing>
					</outerBoundaryIs>
				</Polygon>
			</Placemark>
			<Placemark>
				<name>1.4.332-124</name>
				<styleUrl>#msn_ylw-pushpin850</styleUrl>
				<Polygon>
					<tessellate>1</tessellate>
					<outerBoundaryIs>
						<LinearRing>
							<coordinates>
								-71.63780540073002,-16.37245583963108,0 -71.63668273493155,-16.37246255950402,0 -71.6366815482138,-16.37209987621768,0 -71.6378083360234,-16.37210209375667,0 -71.63780540073002,-16.37245583963108,0 
							</coordinates>
						</LinearRing>
					</outerBoundaryIs>
				</Polygon>
			</Placemark>
			<Placemark>
				<name>1.4.332-125</name>
				<styleUrl>#msn_ylw-pushpin850</styleUrl>
				<Polygon>
					<tessellate>1</tessellate>
					<outerBoundaryIs>
						<LinearRing>
							<coordinates>
								-71.63779314231886,-16.3729001000965,0 -71.63668778681591,-16.37291704987291,0 -71.63667660462481,-16.37254091977351,0 -71.63779630683622,-16.37255476726346,0 -71.63779314231886,-16.3729001000965,0 
							</coordinates>
						</LinearRing>
					</outerBoundaryIs>
				</Polygon>
			</Placemark>
			<Placemark>
				<name>1.4.332-126</name>
				<styleUrl>#msn_ylw-pushpin850</styleUrl>
				<Polygon>
					<tessellate>1</tessellate>
					<outerBoundaryIs>
						<LinearRing>
							<coordinates>
								-71.63693230347504,-16.37297726537074,0 -71.63717364861891,-16.37299375740054,0 -71.63742036489494,-16.37298813855243,0 -71.63767880234458,-16.37299702483774,0 -71.63760810058746,-16.37334688590112,0 -71.63740276182399,-16.3733096502255,0 -71.63711353639361,-16.37329022157737,0 -71.63681196036737,-16.37333339443802,0 -71.63666877723598,-16.37335211060298,0 -71.63663449156377,-16.37301670859586,0 -71.63693230347504,-16.37297726537074,0 
							</coordinates>
						</LinearRing>
					</outerBoundaryIs>
				</Polygon>
			</Placemark>
			<Placemark>
				<name>1.4.332-127</name>
				<styleUrl>#msn_ylw-pushpin850</styleUrl>
				<Polygon>
					<tessellate>1</tessellate>
					<outerBoundaryIs>
						<LinearRing>
							<coordinates>
								-71.63828365909838,-16.37347236398731,0 -71.63806662913055,-16.37342245863699,0 -71.63770015899783,-16.3733601596729,0 -71.63776506092339,-16.37300671624728,0 -71.63803500560211,-16.3730172613017,0 -71.63834736793909,-16.37304734738017,0 -71.63828365909838,-16.37347236398731,0 
							</coordinates>
						</LinearRing>
					</outerBoundaryIs>
				</Polygon>
			</Placemark>
			<Placemark>
				<name>1.4.332-128</name>
				<styleUrl>#msn_ylw-pushpin850</styleUrl>
				<Polygon>
					<tessellate>1</tessellate>
					<outerBoundaryIs>
						<LinearRing>
							<coordinates>
								-71.63839295634432,-16.37288079708435,0 -71.63816889217112,-16.37290203279338,0 -71.63789346892503,-16.37290371810219,0 -71.63789059420021,-16.37253697703249,0 -71.63833281480824,-16.37253289528009,0 -71.63848832829208,-16.37259231792947,0 -71.63839295634432,-16.37288079708435,0 
							</coordinates>
						</LinearRing>
					</outerBoundaryIs>
				</Polygon>
			</Placemark>
			<Placemark>
				<name>1.4.332-129</name>
				<styleUrl>#msn_ylw-pushpin850</styleUrl>
				<Polygon>
					<tessellate>1</tessellate>
					<outerBoundaryIs>
						<LinearRing>
							<coordinates>
								-71.63850708031276,-16.37210713881545,0 -71.63846327614233,-16.37248976411706,0 -71.63830652266699,-16.3724608212654,0 -71.63789485481529,-16.37245927323123,0 -71.63787941233032,-16.37209172425014,0 -71.63850708031276,-16.37210713881545,0 
							</coordinates>
						</LinearRing>
					</outerBoundaryIs>
				</Polygon>
			</Placemark>
			<Placemark>
				<name>1.4.332-132</name>
				<styleUrl>#msn_ylw-pushpin850</styleUrl>
				<Polygon>
					<tessellate>1</tessellate>
					<outerBoundaryIs>
						<LinearRing>
							<coordinates>
								-71.64181323879623,-16.37238868565779,0 -71.64087427319879,-16.37242370554015,0 -71.64058628603188,-16.37237907121658,0 -71.64028138608354,-16.3723154241755,0 -71.64025622050862,-16.37214145199056,0 -71.64062846615954,-16.37213293068367,0 -71.64128271386478,-16.37207781247977,0 -71.64185211557864,-16.3721056964485,0 -71.64181323879623,-16.37238868565779,0 
							</coordinates>
						</LinearRing>
					</outerBoundaryIs>
				</Polygon>
			</Placemark>
			<Placemark>
				<name>1.4.332-133</name>
				<styleUrl>#msn_ylw-pushpin850</styleUrl>
				<Polygon>
					<tessellate>1</tessellate>
					<outerBoundaryIs>
						<LinearRing>
							<coordinates>
								-71.64208284681318,-16.3724670625617,0 -71.64187463345962,-16.37245176284867,0 -71.64189183802632,-16.37212169343248,0 -71.6421006549138,-16.37218143080548,0 -71.64208284681318,-16.3724670625617,0 
							</coordinates>
						</LinearRing>
					</outerBoundaryIs>
				</Polygon>
			</Placemark>
			<Placemark>
				<name>1.4.332-134</name>
				<styleUrl>#msn_ylw-pushpin850</styleUrl>
				<Polygon>
					<tessellate>1</tessellate>
					<outerBoundaryIs>
						<LinearRing>
							<coordinates>
								-71.63989148897194,-16.37226188303745,0 -71.64066471667587,-16.37245854106684,0 -71.64060049529041,-16.37266717016693,0 -71.63983041737745,-16.37244265059218,0 -71.63989148897194,-16.37226188303745,0 
							</coordinates>
						</LinearRing>
					</outerBoundaryIs>
				</Polygon>
			</Placemark>
			<Placemark>
				<name>1.4.332-135</name>
				<styleUrl>#msn_ylw-pushpin850</styleUrl>
				<Polygon>
					<tessellate>1</tessellate>
					<outerBoundaryIs>
						<LinearRing>
							<coordinates>
								-71.63873050951703,-16.37219227673879,0 -71.63909411977446,-16.3723050263295,0 -71.63980015822018,-16.37250550067534,0 -71.64038828895491,-16.37266206595912,0 -71.64031067708817,-16.37282767048253,0 -71.64046979567651,-16.3728561219458,0 -71.64084968806283,-16.37299565802523,0 -71.64121169264817,-16.37310922720732,0 -71.64151494556971,-16.37326019351411,0 -71.64143963207439,-16.3733854143346,0 -71.64094266626331,-16.37320064691168,0 -71.64025664245712,-16.37301152771578,0 -71.63941817508662,-16.37275415227674,0 -71.63864107871453,-16.37254186109492,0 -71.63873050951703,-16.37219227673879,0 
							</coordinates>
						</LinearRing>
					</outerBoundaryIs>
				</Polygon>
			</Placemark>
			<Placemark>
				<name>1.4.332-136</name>
				<styleUrl>#msn_ylw-pushpin850</styleUrl>
				<Polygon>
					<tessellate>1</tessellate>
					<outerBoundaryIs>
						<LinearRing>
							<coordinates>
								-71.63991034158282,-16.3732675109423,0 -71.63919489059856,-16.37315917133197,0 -71.63845076410423,-16.37293745716829,0 -71.63855422539091,-16.37260177778548,0 -71.63929060808061,-16.37281810437496,0 -71.6400269301474,-16.37303075610185,0 -71.63991034158282,-16.3732675109423,0 
							</coordinates>
						</LinearRing>
					</outerBoundaryIs>
				</Polygon>
			</Placemark>
			<Placemark>
				<name>1.4.332-137</name>
				<styleUrl>#msn_ylw-pushpin850</styleUrl>
				<Polygon>
					<tessellate>1</tessellate>
					<outerBoundaryIs>
						<LinearRing>
							<coordinates>
								-71.63910313489563,-16.37362316680689,0 -71.63838145582052,-16.37348554932548,0 -71.63845888952078,-16.37308051483462,0 -71.6391690604011,-16.3732164729069,0 -71.63910313489563,-16.37362316680689,0 
							</coordinates>
						</LinearRing>
					</outerBoundaryIs>
				</Polygon>
			</Placemark>
			<Placemark>
				<name>1.4.332-138</name>
				<styleUrl>#msn_ylw-pushpin850</styleUrl>
				<Polygon>
					<tessellate>1</tessellate>
					<outerBoundaryIs>
						<LinearRing>
							<coordinates>
								-71.63988839961374,-16.37332842494818,0 -71.6398555129003,-16.37376581836665,0 -71.63920852259353,-16.37363256445914,0 -71.63924742401019,-16.37321159991878,0 -71.63988839961374,-16.37332842494818,0 
							</coordinates>
						</LinearRing>
					</outerBoundaryIs>
				</Polygon>
			</Placemark>
			<Placemark>
				<name>1.4.332-139</name>
				<styleUrl>#msn_ylw-pushpin850</styleUrl>
				<Polygon>
					<tessellate>1</tessellate>
					<outerBoundaryIs>
						<LinearRing>
							<coordinates>
								-71.64004815464239,-16.37304144420501,0 -71.64050936073609,-16.37316286207067,0 -71.64043976598752,-16.3733493328656,0 -71.64000142122937,-16.3732220570587,0 -71.64004815464239,-16.37304144420501,0 
							</coordinates>
						</LinearRing>
					</outerBoundaryIs>
				</Polygon>
			</Placemark>
			<Placemark>
				<name>1.4.332-140</name>
				<styleUrl>#msn_ylw-pushpin850</styleUrl>
				<Polygon>
					<tessellate>1</tessellate>
					<outerBoundaryIs>
						<LinearRing>
							<coordinates>
								-71.6405564022041,-16.37318049683974,0 -71.64142340721698,-16.37342785125304,0 -71.64138457069967,-16.37362302833998,0 -71.6412593526541,-16.37357171652118,0 -71.64049840687538,-16.37337413212446,0 -71.6405564022041,-16.37318049683974,0 
							</coordinates>
						</LinearRing>
					</outerBoundaryIs>
				</Polygon>
			</Placemark>
			<Placemark>
				<name>1.4.332-141</name>
				<styleUrl>#msn_ylw-pushpin850</styleUrl>
				<Polygon>
					<tessellate>1</tessellate>
					<outerBoundaryIs>
						<LinearRing>
							<coordinates>
								-71.6412931725327,-16.3740429648594,0 -71.64067884819769,-16.37391839149978,0 -71.64002454237669,-16.37380544470794,0 -71.64005912617442,-16.37358463403152,0 -71.64041378431281,-16.37362691800022,0 -71.64083773099959,-16.37369383693934,0 -71.64107855722594,-16.37367912576937,0 -71.64133704347228,-16.37380548976898,0 -71.6412931725327,-16.3740429648594,0 
							</coordinates>
						</LinearRing>
					</outerBoundaryIs>
				</Polygon>
			</Placemark>
			<Placemark>
				<name>1.4.332-144</name>
				<styleUrl>#msn_ylw-pushpin850</styleUrl>
				<Polygon>
					<tessellate>1</tessellate>
					<outerBoundaryIs>
						<LinearRing>
							<coordinates>
								-71.63509223506161,-16.37451647308926,0 -71.63360407500029,-16.37467061297818,0 -71.63354599434571,-16.37400854268393,0 -71.6351801118835,-16.37367063681616,0 -71.63509223506161,-16.37451647308926,0 
							</coordinates>
						</LinearRing>
					</outerBoundaryIs>
				</Polygon>
			</Placemark>
			<Placemark>
				<name>1.4.332-145</name>
				<styleUrl>#msn_ylw-pushpin850</styleUrl>
				<Polygon>
					<tessellate>1</tessellate>
					<outerBoundaryIs>
						<LinearRing>
							<coordinates>
								-71.63601872944119,-16.37434362837997,0 -71.63519051806566,-16.37450759189388,0 -71.63530065035302,-16.37369204994663,0 -71.63603857569032,-16.3735666532288,0 -71.63601872944119,-16.37434362837997,0 
							</coordinates>
						</LinearRing>
					</outerBoundaryIs>
				</Polygon>
			</Placemark>
			<Placemark>
				<name>1.4.332-146</name>
				<styleUrl>#msn_ylw-pushpin850</styleUrl>
				<Polygon>
					<tessellate>1</tessellate>
					<outerBoundaryIs>
						<LinearRing>
							<coordinates>
								-71.63692886547463,-16.37416504630748,0 -71.63610371443664,-16.37431903005604,0 -71.63612362966856,-16.37355296175199,0 -71.63694209373861,-16.37338295105337,0 -71.63692886547463,-16.37416504630748,0 
							</coordinates>
						</LinearRing>
					</outerBoundaryIs>
				</Polygon>
			</Placemark>
			<Placemark>
				<name>1.4.332-147</name>
				<styleUrl>#msn_ylw-pushpin850</styleUrl>
				<Polygon>
					<tessellate>1</tessellate>
					<outerBoundaryIs>
						<LinearRing>
							<coordinates>
								-71.6381683397738,-16.37434434439239,0 -71.63698900612457,-16.37418106584778,0 -71.63704900040298,-16.37337332100052,0 -71.63825172013743,-16.37355582473006,0 -71.6381683397738,-16.37434434439239,0 
							</coordinates>
						</LinearRing>
					</outerBoundaryIs>
				</Polygon>
			</Placemark>
			<Placemark>
				<name>1.4.332-148</name>
				<styleUrl>#msn_ylw-pushpin850</styleUrl>
				<Polygon>
					<tessellate>1</tessellate>
					<outerBoundaryIs>
						<LinearRing>
							<coordinates>
								-71.63983142394684,-16.37384403571494,0 -71.63977478308102,-16.37466781043601,0 -71.63828527784234,-16.37436676453556,0 -71.63835195203229,-16.37357824954374,0 -71.63983142394684,-16.37384403571494,0 
							</coordinates>
						</LinearRing>
					</outerBoundaryIs>
				</Polygon>
			</Placemark>
			<Placemark>
				<name>1.4.332-149</name>
				<styleUrl>#msn_ylw-pushpin850</styleUrl>
				<Polygon>
					<tessellate>1</tessellate>
					<outerBoundaryIs>
						<LinearRing>
							<coordinates>
								-71.64135503607326,-16.37493036535969,0 -71.63987500909808,-16.37467420362308,0 -71.63996505946578,-16.37387927054827,0 -71.64143840221566,-16.37413222809628,0 -71.64135503607326,-16.37493036535969,0 
							</coordinates>
						</LinearRing>
					</outerBoundaryIs>
				</Polygon>
			</Placemark>
			<Placemark>
				<name>1.4.332-152</name>
				<styleUrl>#msn_ylw-pushpin850</styleUrl>
				<Polygon>
					<tessellate>1</tessellate>
					<outerBoundaryIs>
						<LinearRing>
							<coordinates>
								-71.64250295765896,-16.37605934894271,0 -71.64133706214827,-16.37586725957481,0 -71.64143378113272,-16.37506598204491,0 -71.64255958599473,-16.37525487138615,0 -71.64250295765896,-16.37605934894271,0 
							</coordinates>
						</LinearRing>
					</outerBoundaryIs>
				</Polygon>
			</Placemark>
			<Placemark>
				<name>1.4.332-153</name>
				<styleUrl>#msn_ylw-pushpin850</styleUrl>
				<Polygon>
					<tessellate>1</tessellate>
					<outerBoundaryIs>
						<LinearRing>
							<coordinates>
								-71.64127837673003,-16.37584709453728,0 -71.63979500167954,-16.37558452205035,0 -71.63986500934332,-16.37479600560125,0 -71.64134503587124,-16.37503934716556,0 -71.64127837673003,-16.37584709453728,0 
							</coordinates>
						</LinearRing>
					</outerBoundaryIs>
				</Polygon>
			</Placemark>
			<Placemark>
				<name>1.4.332-154</name>
				<styleUrl>#msn_ylw-pushpin850</styleUrl>
				<Polygon>
					<tessellate>1</tessellate>
					<outerBoundaryIs>
						<LinearRing>
							<coordinates>
								-71.63968809386381,-16.37557492666941,0 -71.63821473838078,-16.37531554460846,0 -71.63826804149539,-16.37448215896667,0 -71.63975475897244,-16.37476397146859,0 -71.63968809386381,-16.37557492666941,0 
							</coordinates>
						</LinearRing>
					</outerBoundaryIs>
				</Polygon>
			</Placemark>
			<Placemark>
				<name>1.4.332-155</name>
				<styleUrl>#msn_ylw-pushpin850</styleUrl>
				<Polygon>
					<tessellate>1</tessellate>
					<outerBoundaryIs>
						<LinearRing>
							<coordinates>
								-71.63812118886028,-16.3752770972166,0 -71.63700867185254,-16.37514585940515,0 -71.63706531961068,-16.37430606324457,0 -71.63817449645579,-16.37446614654129,0 -71.63812118886028,-16.3752770972166,0 
							</coordinates>
						</LinearRing>
					</outerBoundaryIs>
				</Polygon>
			</Placemark>
			<Placemark>
				<name>1.4.332-156</name>
				<styleUrl>#msn_ylw-pushpin850</styleUrl>
				<Polygon>
					<tessellate>1</tessellate>
					<outerBoundaryIs>
						<LinearRing>
							<coordinates>
								-71.63688894798064,-16.37515228486038,0 -71.63613061102437,-16.37532228427345,0 -71.63611041631708,-16.37443762550202,0 -71.63693222590487,-16.37427402558727,0 -71.63688894798064,-16.37515228486038,0 
							</coordinates>
						</LinearRing>
					</outerBoundaryIs>
				</Polygon>
			</Placemark>
			<Placemark>
				<name>1.4.332-157</name>
				<styleUrl>#msn_ylw-pushpin850</styleUrl>
				<Polygon>
					<tessellate>1</tessellate>
					<outerBoundaryIs>
						<LinearRing>
							<coordinates>
								-71.63605009078411,-16.37534850255782,0 -71.63530846592576,-16.3754874573633,0 -71.63516706482629,-16.37461182251215,0 -71.63602123108586,-16.37447375142018,0 -71.63605009078411,-16.37534850255782,0 
							</coordinates>
						</LinearRing>
					</outerBoundaryIs>
				</Polygon>
			</Placemark>
			<Placemark>
				<name>1.4.332-158</name>
				<styleUrl>#msn_ylw-pushpin850</styleUrl>
				<Polygon>
					<tessellate>1</tessellate>
					<outerBoundaryIs>
						<LinearRing>
							<coordinates>
								-71.63519078250739,-16.37553683326195,0 -71.63367119178014,-16.37567462922793,0 -71.63361369710037,-16.37478429201359,0 -71.6351043124488,-16.37462911044622,0 -71.63519078250739,-16.37553683326195,0 
							</coordinates>
						</LinearRing>
					</outerBoundaryIs>
				</Polygon>
			</Placemark>
			<Placemark>
				<name>1.4.332-160</name>
				<styleUrl>#msn_ylw-pushpin850</styleUrl>
				<Polygon>
					<tessellate>1</tessellate>
					<outerBoundaryIs>
						<LinearRing>
							<coordinates>
								-71.63608874629558,-16.37640692316769,0 -71.63538234344604,-16.37651692739713,0 -71.63530209360133,-16.37565533148748,0 -71.63602570523355,-16.3754827585936,0 -71.63608874629558,-16.37640692316769,0 
							</coordinates>
						</LinearRing>
					</outerBoundaryIs>
				</Polygon>
			</Placemark>
			<Placemark>
				<name>1.4.332-161</name>
				<styleUrl>#msn_ylw-pushpin850</styleUrl>
				<Polygon>
					<tessellate>1</tessellate>
					<outerBoundaryIs>
						<LinearRing>
							<coordinates>
								-71.63813122675573,-16.37544056353892,0 -71.63804451152747,-16.37626434078124,0 -71.63786744317747,-16.37624513793914,0 -71.63692194071255,-16.37597604580398,0 -71.63698529354157,-16.37526766509787,0 -71.63813122675573,-16.37544056353892,0 
							</coordinates>
						</LinearRing>
					</outerBoundaryIs>
				</Polygon>
			</Placemark>
			<Placemark>
				<name>1.4.332-162</name>
				<styleUrl>#msn_ylw-pushpin850</styleUrl>
				<Polygon>
					<tessellate>1</tessellate>
					<outerBoundaryIs>
						<LinearRing>
							<coordinates>
								-71.63820807131127,-16.3754501700201,0 -71.6396881535685,-16.37568711146852,0 -71.63959810633779,-16.37651729927491,0 -71.63883971092378,-16.37637960014008,0 -71.63812809372244,-16.37626753368071,0 -71.63820807131127,-16.3754501700201,0 
							</coordinates>
						</LinearRing>
					</outerBoundaryIs>
				</Polygon>
			</Placemark>
			<Placemark>
				<name>1.4.332-163</name>
				<styleUrl>#msn_ylw-pushpin850</styleUrl>
				<Polygon>
					<tessellate>1</tessellate>
					<outerBoundaryIs>
						<LinearRing>
							<coordinates>
								-71.64121514774737,-16.37679266656437,0 -71.63971840141386,-16.37652689068456,0 -71.63978506361327,-16.37570952711695,0 -71.64127512502851,-16.37597850918932,0 -71.64121514774737,-16.37679266656437,0 
							</coordinates>
						</LinearRing>
					</outerBoundaryIs>
				</Polygon>
			</Placemark>
			<Placemark>
				<name>1.4.332-165</name>
				<styleUrl>#msn_ylw-pushpin850</styleUrl>
				<Polygon>
					<tessellate>1</tessellate>
					<outerBoundaryIs>
						<LinearRing>
							<coordinates>
								-71.64288729481302,-16.37682849108684,0 -71.64251647883411,-16.37677727937347,0 -71.6425530961108,-16.37613626413368,0 -71.64293393476694,-16.37619708813542,0 -71.64288729481302,-16.37682849108684,0 
							</coordinates>
						</LinearRing>
					</outerBoundaryIs>
				</Polygon>
			</Placemark>
			<Placemark>
				<name>1.4.332-166</name>
				<styleUrl>#msn_ylw-pushpin850</styleUrl>
				<Polygon>
					<tessellate>1</tessellate>
					<outerBoundaryIs>
						<LinearRing>
							<coordinates>
								-71.6421891959056,-16.37723566038993,0 -71.64180842014366,-16.37750174880851,0 -71.64121047459199,-16.37760441802407,0 -71.64128049911618,-16.37695057775326,0 -71.64227602100797,-16.37708180200896,0 -71.6421891959056,-16.37723566038993,0 
							</coordinates>
						</LinearRing>
					</outerBoundaryIs>
				</Polygon>
			</Placemark>
			<Placemark>
				<name>1.4.332-167</name>
				<styleUrl>#msn_ylw-pushpin850</styleUrl>
				<Polygon>
					<tessellate>1</tessellate>
					<outerBoundaryIs>
						<LinearRing>
							<coordinates>
								-71.64119846764778,-16.37690164801011,0 -71.64112845481368,-16.37765170172124,0 -71.63963505476032,-16.37745964604709,0 -71.6397251053645,-16.37664869042979,0 -71.64119846764778,-16.37690164801011,0 
							</coordinates>
						</LinearRing>
					</outerBoundaryIs>
				</Polygon>
			</Placemark>
			<Placemark>
				<name>1.4.332-170</name>
				<styleUrl>#msn_ylw-pushpin850</styleUrl>
				<Polygon>
					<tessellate>1</tessellate>
					<outerBoundaryIs>
						<LinearRing>
							<coordinates>
								-71.63548387386722,-16.37752281428748,0 -71.63538979540299,-16.37662723446769,0 -71.63671343986775,-16.37643483730226,0 -71.63672425653165,-16.37739481190642,0 -71.63548387386722,-16.37752281428748,0 
							</coordinates>
						</LinearRing>
					</outerBoundaryIs>
				</Polygon>
			</Placemark>
			<Placemark>
				<name>1.4.332-171</name>
				<styleUrl>#msn_ylw-pushpin850</styleUrl>
				<Polygon>
					<tessellate>1</tessellate>
					<outerBoundaryIs>
						<LinearRing>
							<coordinates>
								-71.63540500224367,-16.37754045901161,0 -71.63388272032044,-16.37769468856967,0 -71.63380133098357,-16.37679343702326,0 -71.63530504945459,-16.37664076515868,0 -71.63540500224367,-16.37754045901161,0 
							</coordinates>
						</LinearRing>
					</outerBoundaryIs>
				</Polygon>
			</Placemark>
			<Placemark>
				<name>1.4.332-172</name>
				<styleUrl>#msn_ylw-pushpin850</styleUrl>
				<Polygon>
					<tessellate>1</tessellate>
					<outerBoundaryIs>
						<LinearRing>
							<coordinates>
								-71.63542342420767,-16.37763699629138,0 -71.63550503121718,-16.3785452695819,0 -71.63473973908914,-16.3786487624268,0 -71.63443666314289,-16.37836396322114,0 -71.63403629923968,-16.37804321880257,0 -71.63393563464292,-16.37791679893812,0 -71.63392000476628,-16.3777847534178,0 -71.63542342420767,-16.37763699629138,0 
							</coordinates>
						</LinearRing>
					</outerBoundaryIs>
				</Polygon>
			</Placemark>
			<Placemark>
				<name>1.4.332-174</name>
				<styleUrl>#msn_ylw-pushpin850</styleUrl>
				<Polygon>
					<tessellate>1</tessellate>
					<outerBoundaryIs>
						<LinearRing>
							<coordinates>
								-71.63780984217954,-16.37816909042251,0 -71.63790352266737,-16.37897674759436,0 -71.63570543606518,-16.37921106419413,0 -71.63564854738409,-16.37862134559686,0 -71.63780984217954,-16.37816909042251,0 
							</coordinates>
						</LinearRing>
					</outerBoundaryIs>
				</Polygon>
			</Placemark>
			<Placemark>
				<name>1.4.332-181</name>
				<styleUrl>#msn_ylw-pushpin850</styleUrl>
				<Polygon>
					<tessellate>1</tessellate>
					<outerBoundaryIs>
						<LinearRing>
							<coordinates>
								-71.63939967439892,-16.37851038870775,0 -71.639375865145,-16.37934129106509,0 -71.63907338026108,-16.37941014474056,0 -71.63844179925421,-16.3797621232139,0 -71.63811787420232,-16.37989772746,0 -71.63802300446456,-16.37902648929738,0 -71.63866695769971,-16.37871157786405,0 -71.63898393469869,-16.37857762832306,0 -71.63939967439892,-16.37851038870775,0 
							</coordinates>
						</LinearRing>
					</outerBoundaryIs>
				</Polygon>
			</Placemark>
			<Placemark>
				<name>1.4.332-182</name>
				<styleUrl>#msn_ylw-pushpin850</styleUrl>
				<Polygon>
					<tessellate>1</tessellate>
					<outerBoundaryIs>
						<LinearRing>
							<coordinates>
								-71.63792358572262,-16.37906969149787,0 -71.63803062963289,-16.37987414136503,0 -71.63647058457559,-16.38006028360209,0 -71.63574221772451,-16.37940336411055,0 -71.63573886956668,-16.37935849405893,0 -71.63577226990238,-16.37932323350062,0 -71.63792358572262,-16.37906969149787,0 
							</coordinates>
						</LinearRing>
					</outerBoundaryIs>
				</Polygon>
			</Placemark>
			<Placemark>
				<name>1.4.332-183</name>
				<styleUrl>#msn_ylw-pushpin850</styleUrl>
				<Polygon>
					<tessellate>1</tessellate>
					<outerBoundaryIs>
						<LinearRing>
							<coordinates>
								-71.63416118422819,-16.37955710943,0 -71.63416293623736,-16.37938326622702,0 -71.63479920806705,-16.3789336028933,0 -71.63598264120996,-16.37995136134476,0 -71.63510277106782,-16.38045105757897,0 -71.63416118422819,-16.37955710943,0 
							</coordinates>
						</LinearRing>
					</outerBoundaryIs>
				</Polygon>
			</Placemark>
			<Placemark>
				<name>1.4.333-1</name>
				<styleUrl>#msn_ylw-pushpin850</styleUrl>
				<Polygon>
					<tessellate>1</tessellate>
					<outerBoundaryIs>
						<LinearRing>
							<coordinates>
								-71.62174142586186,-16.37388172793013,0 -71.62127045430094,-16.37413370807984,0 -71.6211313465169,-16.37392056674375,0 -71.62090217387788,-16.3740420821523,0 -71.62040519078246,-16.37326572849123,0 -71.62109978647081,-16.37288115814434,0 -71.62174142586186,-16.37388172793013,0 
							</coordinates>
						</LinearRing>
					</outerBoundaryIs>
				</Polygon>
			</Placemark>
			<Placemark>
				<name>1.4.333-2</name>
				<styleUrl>#msn_ylw-pushpin850</styleUrl>
				<Polygon>
					<tessellate>1</tessellate>
					<outerBoundaryIs>
						<LinearRing>
							<coordinates>
								-71.6209328077977,-16.37434723462858,0 -71.62022752080824,-16.37467107246607,0 -71.61967182129845,-16.37368677727813,0 -71.62032447567033,-16.3733283826901,0 -71.6209328077977,-16.37434723462858,0 
							</coordinates>
						</LinearRing>
					</outerBoundaryIs>
				</Polygon>
			</Placemark>
			<Placemark>
				<name>1.4.333-3</name>
				<styleUrl>#msn_ylw-pushpin850</styleUrl>
				<Polygon>
					<tessellate>1</tessellate>
					<outerBoundaryIs>
						<LinearRing>
							<coordinates>
								-71.61945958786974,-16.37510123185318,0 -71.61915703628384,-16.37463100267564,0 -71.61834792043368,-16.37449838017222,0 -71.61810694147796,-16.37445213437496,0 -71.61960635633065,-16.37371649472016,0 -71.6201582110138,-16.37469254609033,0 -71.61945958786974,-16.37510123185318,0 
							</coordinates>
						</LinearRing>
					</outerBoundaryIs>
				</Polygon>
			</Placemark>
			<Placemark>
				<name>1.4.333-4</name>
				<styleUrl>#msn_ylw-pushpin850</styleUrl>
				<Polygon>
					<tessellate>1</tessellate>
					<outerBoundaryIs>
						<LinearRing>
							<coordinates>
								-71.62059538082994,-16.37457557706017,0 -71.62069507610379,-16.37484548887215,0 -71.62092689486997,-16.37499013432486,0 -71.62012621838676,-16.37594354793892,0 -71.61982840970826,-16.37568622706874,0 -71.61965799340547,-16.37546444029449,0 -71.61954112534505,-16.37521356963509,0 -71.62059538082994,-16.37457557706017,0 
							</coordinates>
						</LinearRing>
					</outerBoundaryIs>
				</Polygon>
			</Placemark>
			<Placemark>
				<name>1.4.333-5</name>
				<styleUrl>#msn_ylw-pushpin850</styleUrl>
				<Polygon>
					<tessellate>1</tessellate>
					<outerBoundaryIs>
						<LinearRing>
							<coordinates>
								-71.61987154518954,-16.37581387067424,0 -71.62007080510371,-16.37598769055559,0 -71.6196171903868,-16.37655961433154,0 -71.61939958557285,-16.3764201380035,0 -71.61987154518954,-16.37581387067424,0 
							</coordinates>
						</LinearRing>
					</outerBoundaryIs>
				</Polygon>
			</Placemark>
			<Placemark>
				<name>1.4.333-6</name>
				<styleUrl>#msn_ylw-pushpin850</styleUrl>
				<Polygon>
					<tessellate>1</tessellate>
					<outerBoundaryIs>
						<LinearRing>
							<coordinates>
								-71.61938261562018,-16.37640094538079,0 -71.6189806069531,-16.37605440434044,0 -71.6196582299207,-16.37559944591264,0 -71.61984214080979,-16.37577686340759,0 -71.61938261562018,-16.37640094538079,0 
							</coordinates>
						</LinearRing>
					</outerBoundaryIs>
				</Polygon>
			</Placemark>
			<Placemark>
				<name>1.4.333-12</name>
				<styleUrl>#msn_ylw-pushpin850</styleUrl>
				<Polygon>
					<tessellate>1</tessellate>
					<outerBoundaryIs>
						<LinearRing>
							<coordinates>
								-71.61833282127601,-16.37790075188758,0 -71.6181946085016,-16.37836091396349,0 -71.61671267859971,-16.37795836607691,0 -71.61685981500496,-16.3774539577826,0 -71.61833282127601,-16.37790075188758,0 
							</coordinates>
						</LinearRing>
					</outerBoundaryIs>
				</Polygon>
			</Placemark>
			<Placemark>
				<name>1.4.333-13</name>
				<styleUrl>#msn_ylw-pushpin850</styleUrl>
				<Polygon>
					<tessellate>1</tessellate>
					<outerBoundaryIs>
						<LinearRing>
							<coordinates>
								-71.61813747558614,-16.37846612596483,0 -71.61798350212187,-16.37895877468059,0 -71.61650667021208,-16.37853822934662,0 -71.61668628030441,-16.37807470222679,0 -71.61813747558614,-16.37846612596483,0 
							</coordinates>
						</LinearRing>
					</outerBoundaryIs>
				</Polygon>
			</Placemark>
			<Placemark>
				<name>1.4.333-15</name>
				<styleUrl>#msn_ylw-pushpin850</styleUrl>
				<Polygon>
					<tessellate>1</tessellate>
					<outerBoundaryIs>
						<LinearRing>
							<coordinates>
								-71.61706333964366,-16.37941040671621,0 -71.61700181220188,-16.37961826290395,0 -71.61684446004715,-16.37987986172626,0 -71.61643747504348,-16.37958270623728,0 -71.6162873687083,-16.37949744227312,0 -71.61620942741246,-16.37942052577158,0 -71.61630636419386,-16.37920944656015,0 -71.61706333964366,-16.37941040671621,0 
							</coordinates>
						</LinearRing>
					</outerBoundaryIs>
				</Polygon>
			</Placemark>
			<Placemark>
				<name>1.4.333-16</name>
				<styleUrl>#msn_ylw-pushpin850</styleUrl>
				<Polygon>
					<tessellate>1</tessellate>
					<outerBoundaryIs>
						<LinearRing>
							<coordinates>
								-71.61674613348733,-16.3799343715167,0 -71.61625184335412,-16.38050005107177,0 -71.61550196326849,-16.37992270823182,0 -71.61599939155793,-16.3793641143175,0 -71.61674613348733,-16.3799343715167,0 
							</coordinates>
						</LinearRing>
					</outerBoundaryIs>
				</Polygon>
			</Placemark>
			<Placemark>
				<name>1.4.333-18</name>
				<styleUrl>#msn_ylw-pushpin850</styleUrl>
				<Polygon>
					<tessellate>1</tessellate>
					<outerBoundaryIs>
						<LinearRing>
							<coordinates>
								-71.6170951956508,-16.37616353776958,0 -71.61692780449256,-16.37666131181203,0 -71.6151207330892,-16.3761750433465,0 -71.61531075204103,-16.3756657229206,0 -71.6170951956508,-16.37616353776958,0 
							</coordinates>
						</LinearRing>
					</outerBoundaryIs>
				</Polygon>
			</Placemark>
			<Placemark>
				<name>1.4.333-20</name>
				<styleUrl>#msn_ylw-pushpin850</styleUrl>
				<Polygon>
					<tessellate>1</tessellate>
					<outerBoundaryIs>
						<LinearRing>
							<coordinates>
								-71.61435824692401,-16.37671741298729,0 -71.61671016566712,-16.37739738789656,0 -71.61657244730642,-16.37787511772413,0 -71.61602471070618,-16.37771154257689,0 -71.61545879288796,-16.3775737727102,0 -71.61509006954208,-16.37747149735487,0 -71.61476191073687,-16.37736664295371,0 -71.61435824692401,-16.37671741298729,0 
							</coordinates>
						</LinearRing>
					</outerBoundaryIs>
				</Polygon>
			</Placemark>
			<Placemark>
				<name>1.4.333-24</name>
				<styleUrl>#msn_ylw-pushpin850</styleUrl>
				<Polygon>
					<tessellate>1</tessellate>
					<outerBoundaryIs>
						<LinearRing>
							<coordinates>
								-71.61536523704928,-16.37866675071986,0 -71.61513403662883,-16.37894280229428,0 -71.61480013823819,-16.37913479947204,0 -71.614441499259,-16.3785548863668,0 -71.6150967691654,-16.3781960796831,0 -71.61536523704928,-16.37866675071986,0 
							</coordinates>
						</LinearRing>
					</outerBoundaryIs>
				</Polygon>
			</Placemark>
			<Placemark>
				<name>1.4.333-25</name>
				<styleUrl>#msn_ylw-pushpin850</styleUrl>
				<Polygon>
					<tessellate>1</tessellate>
					<outerBoundaryIs>
						<LinearRing>
							<coordinates>
								-71.61504147389799,-16.37814894023374,0 -71.61439725811448,-16.37847749671497,0 -71.61355404578603,-16.37706248427812,0 -71.61421538769159,-16.3766238883785,0 -71.61504147389799,-16.37814894023374,0 
							</coordinates>
						</LinearRing>
					</outerBoundaryIs>
				</Polygon>
			</Placemark>
			<Placemark>
				<name>1.4.333-26</name>
				<styleUrl>#msn_ylw-pushpin850</styleUrl>
				<Polygon>
					<tessellate>1</tessellate>
					<outerBoundaryIs>
						<LinearRing>
							<coordinates>
								-71.6138466521915,-16.37774469409122,0 -71.61345719021089,-16.37805169368595,0 -71.61332641445676,-16.37832038163919,0 -71.61276576339587,-16.37818300355186,0 -71.6121097076322,-16.37793664120237,0 -71.61347322634434,-16.37711708784504,0 -71.6138466521915,-16.37774469409122,0 
							</coordinates>
						</LinearRing>
					</outerBoundaryIs>
				</Polygon>
			</Placemark>
			<Placemark>
				<name>1.4.333-27</name>
				<styleUrl>#msn_ylw-pushpin850</styleUrl>
				<Polygon>
					<tessellate>1</tessellate>
					<outerBoundaryIs>
						<LinearRing>
							<coordinates>
								-71.61197196307137,-16.37799072125705,0 -71.61401931520321,-16.37876700947004,0 -71.61371806030795,-16.37944479690934,0 -71.61217573325352,-16.37888595015872,0 -71.61220460713737,-16.37878546161694,0 -71.61227341522216,-16.37848250101408,0 -71.61189827328634,-16.37829472359615,0 -71.61189317673606,-16.37801182852555,0 -71.61197196307137,-16.37799072125705,0 
							</coordinates>
						</LinearRing>
					</outerBoundaryIs>
				</Polygon>
			</Placemark>
			<Placemark>
				<name>1.4.333-28</name>
				<styleUrl>#msn_ylw-pushpin850</styleUrl>
				<Polygon>
					<tessellate>1</tessellate>
					<outerBoundaryIs>
						<LinearRing>
							<coordinates>
								-71.61535312705901,-16.38012709158205,0 -71.61489152300288,-16.38122380806683,0 -71.61415808800783,-16.38096614578322,0 -71.61463633117532,-16.37986523679442,0 -71.61535312705901,-16.38012709158205,0 
							</coordinates>
						</LinearRing>
					</outerBoundaryIs>
				</Polygon>
			</Placemark>
			<Placemark>
				<name>1.4.333-29</name>
				<styleUrl>#msn_ylw-pushpin850</styleUrl>
				<Polygon>
					<tessellate>1</tessellate>
					<outerBoundaryIs>
						<LinearRing>
							<coordinates>
								-71.61378216992959,-16.37958587201689,0 -71.61449192016296,-16.37980721130678,0 -71.61408156814717,-16.38092706446641,0 -71.61333994505395,-16.38065456594239,0 -71.61378216992959,-16.37958587201689,0 
							</coordinates>
						</LinearRing>
					</outerBoundaryIs>
				</Polygon>
			</Placemark>
			<Placemark>
				<name>1.4.333-30</name>
				<styleUrl>#msn_ylw-pushpin850</styleUrl>
				<Polygon>
					<tessellate>1</tessellate>
					<outerBoundaryIs>
						<LinearRing>
							<coordinates>
								-71.61297595533367,-16.37928276932415,0 -71.61369173799088,-16.37954259697577,0 -71.61324670461424,-16.38060594132673,0 -71.61254845194013,-16.38032076072278,0 -71.61297595533367,-16.37928276932415,0 
							</coordinates>
						</LinearRing>
					</outerBoundaryIs>
				</Polygon>
			</Placemark>
			<Placemark>
				<name>1.4.333-31</name>
				<styleUrl>#msn_ylw-pushpin850</styleUrl>
				<Polygon>
					<tessellate>1</tessellate>
					<outerBoundaryIs>
						<LinearRing>
							<coordinates>
								-71.61287119579985,-16.3792328443224,0 -71.61266817080218,-16.37966267325566,0 -71.61148554262917,-16.37923796198403,0 -71.61170254874192,-16.37919167984082,0 -71.61211301863651,-16.37917617456014,0 -71.61232974471852,-16.3791241834616,0 -71.61238894061728,-16.37906646354162,0 -71.61287119579985,-16.3792328443224,0 
							</coordinates>
						</LinearRing>
					</outerBoundaryIs>
				</Polygon>
			</Placemark>
			<Placemark>
				<name>1.4.333-32</name>
				<styleUrl>#msn_ylw-pushpin850</styleUrl>
				<Polygon>
					<tessellate>1</tessellate>
					<outerBoundaryIs>
						<LinearRing>
							<coordinates>
								-71.61078683322265,-16.37990037199593,0 -71.61101762194471,-16.37934958665918,0 -71.61123991765292,-16.3792584128823,0 -71.61265790166486,-16.37973833805325,0 -71.61233715707709,-16.38048422885321,0 -71.61078683322265,-16.37990037199593,0 
							</coordinates>
						</LinearRing>
					</outerBoundaryIs>
				</Polygon>
			</Placemark>
			<Placemark>
				<name>1.4.333-33</name>
				<styleUrl>#msn_ylw-pushpin850</styleUrl>
				<Polygon>
					<tessellate>1</tessellate>
					<outerBoundaryIs>
						<LinearRing>
							<coordinates>
								-71.61046047236179,-16.38067046398903,0 -71.61076363227397,-16.37997498721297,0 -71.61229625215771,-16.38057815313445,0 -71.61202130122145,-16.38127768519637,0 -71.61046047236179,-16.38067046398903,0 
							</coordinates>
						</LinearRing>
					</outerBoundaryIs>
				</Polygon>
			</Placemark>
			<Placemark>
				<name>1.4.333-34</name>
				<styleUrl>#msn_ylw-pushpin850</styleUrl>
				<Polygon>
					<tessellate>1</tessellate>
					<outerBoundaryIs>
						<LinearRing>
							<coordinates>
								-71.61320942812527,-16.38070959645067,0 -71.61286205897352,-16.38155231678537,0 -71.61215602678934,-16.38127146170928,0 -71.6125113870647,-16.38043664549088,0 -71.61320942812527,-16.38070959645067,0 
							</coordinates>
						</LinearRing>
					</outerBoundaryIs>
				</Polygon>
			</Placemark>
			<Placemark>
				<name>1.4.333-35</name>
				<styleUrl>#msn_ylw-pushpin850</styleUrl>
				<Polygon>
					<tessellate>1</tessellate>
					<outerBoundaryIs>
						<LinearRing>
							<coordinates>
								-71.61402538793965,-16.38100924019984,0 -71.61367467209391,-16.38185583923427,0 -71.61296959259786,-16.38159388760963,0 -71.61331277432021,-16.38074089062797,0 -71.61402538793965,-16.38100924019984,0 
							</coordinates>
						</LinearRing>
					</outerBoundaryIs>
				</Polygon>
			</Placemark>
			<Placemark>
				<name>1.4.333-36</name>
				<styleUrl>#msn_ylw-pushpin850</styleUrl>
				<Polygon>
					<tessellate>1</tessellate>
					<outerBoundaryIs>
						<LinearRing>
							<coordinates>
								-71.61414145803312,-16.38105625213103,0 -71.61483813497419,-16.38130970194269,0 -71.61451056537629,-16.38218035573152,0 -71.61378741338868,-16.38191744085274,0 -71.61414145803312,-16.38105625213103,0 
							</coordinates>
						</LinearRing>
					</outerBoundaryIs>
				</Polygon>
			</Placemark>
			<Placemark>
				<name>1.4.333-37</name>
				<styleUrl>#msn_ylw-pushpin850</styleUrl>
				<Polygon>
					<tessellate>1</tessellate>
					<outerBoundaryIs>
						<LinearRing>
							<coordinates>
								-71.61447501555716,-16.38224460593367,0 -71.61420115658974,-16.38292987348041,0 -71.61265854223362,-16.38240740169202,0 -71.61294362985663,-16.38169397536469,0 -71.61447501555716,-16.38224460593367,0 
							</coordinates>
						</LinearRing>
					</outerBoundaryIs>
				</Polygon>
			</Placemark>
			<Placemark>
				<name>1.4.333-38</name>
				<styleUrl>#msn_ylw-pushpin850</styleUrl>
				<Polygon>
					<tessellate>1</tessellate>
					<outerBoundaryIs>
						<LinearRing>
							<coordinates>
								-71.61282687859688,-16.381654951313,0 -71.6125739541144,-16.38235808316885,0 -71.61183927910777,-16.38207676124848,0 -71.61211235163084,-16.38140026798776,0 -71.61282687859688,-16.381654951313,0 
							</coordinates>
						</LinearRing>
					</outerBoundaryIs>
				</Polygon>
			</Placemark>
			<Placemark>
				<name>1.4.333-39</name>
				<styleUrl>#msn_ylw-pushpin850</styleUrl>
				<Polygon>
					<tessellate>1</tessellate>
					<outerBoundaryIs>
						<LinearRing>
							<coordinates>
								-71.61001713011952,-16.38139736053054,0 -71.61031356740541,-16.38071368507713,0 -71.61043002735532,-16.380775552253,0 -71.61200118520928,-16.38135068599786,0 -71.61169586946878,-16.38205245655753,0 -71.61001713011952,-16.38139736053054,0 
							</coordinates>
						</LinearRing>
					</outerBoundaryIs>
				</Polygon>
			</Placemark>
			<Placemark>
				<name>1.4.333-40</name>
				<styleUrl>#msn_ylw-pushpin850</styleUrl>
				<Polygon>
					<tessellate>1</tessellate>
					<outerBoundaryIs>
						<LinearRing>
							<coordinates>
								-71.60980222572979,-16.38176486330028,0 -71.60995394823567,-16.38150203534566,0 -71.61166401259308,-16.38216305430651,0 -71.61139388465372,-16.38282030655511,0 -71.60980222572979,-16.38176486330028,0 
							</coordinates>
						</LinearRing>
					</outerBoundaryIs>
				</Polygon>
			</Placemark>
			<Placemark>
				<name>1.4.333-41</name>
				<styleUrl>#msn_ylw-pushpin850</styleUrl>
				<Polygon>
					<tessellate>1</tessellate>
					<outerBoundaryIs>
						<LinearRing>
							<coordinates>
								-71.61399825265947,-16.38306109910861,0 -71.61333533034163,-16.38351557177182,0 -71.61156232840695,-16.38293441349212,0 -71.61178171295415,-16.38218234895208,0 -71.61399825265947,-16.38306109910861,0 
							</coordinates>
						</LinearRing>
					</outerBoundaryIs>
				</Polygon>
			</Placemark>
			<Placemark>
				<name>1.4.334-1</name>
				<styleUrl>#msn_ylw-pushpin850</styleUrl>
				<Polygon>
					<tessellate>1</tessellate>
					<outerBoundaryIs>
						<LinearRing>
							<coordinates>
								-71.62370769299649,-16.37311353419685,0 -71.62432237366225,-16.3736007032249,0 -71.62384735117578,-16.37417384101697,0 -71.6233091696807,-16.37376149020282,0 -71.62254745186101,-16.37320613405094,0 -71.62271095933561,-16.37299526506973,0 -71.62370769299649,-16.37311353419685,0 
							</coordinates>
						</LinearRing>
					</outerBoundaryIs>
				</Polygon>
			</Placemark>
			<Placemark>
				<name>1.4.334-2</name>
				<styleUrl>#msn_ylw-pushpin850</styleUrl>
				<Polygon>
					<tessellate>1</tessellate>
					<outerBoundaryIs>
						<LinearRing>
							<coordinates>
								-71.62376312857667,-16.37428251978647,0 -71.62325954712387,-16.37487894341757,0 -71.62200508351116,-16.37384173329344,0 -71.62250570812432,-16.37326983000816,0 -71.62376312857667,-16.37428251978647,0 
							</coordinates>
						</LinearRing>
					</outerBoundaryIs>
				</Polygon>
			</Placemark>
			<Placemark>
				<name>1.4.334-3</name>
				<styleUrl>#msn_ylw-pushpin850</styleUrl>
				<Polygon>
					<tessellate>1</tessellate>
					<outerBoundaryIs>
						<LinearRing>
							<coordinates>
								-71.62320367415725,-16.37493129121771,0 -71.62272931534896,-16.3754931354712,0 -71.62145773257032,-16.3744887139626,0 -71.62193641937004,-16.37391403856719,0 -71.62320367415725,-16.37493129121771,0 
							</coordinates>
						</LinearRing>
					</outerBoundaryIs>
				</Polygon>
			</Placemark>
			<Placemark>
				<name>1.4.334-8</name>
				<styleUrl>#msn_ylw-pushpin850</styleUrl>
				<Polygon>
					<tessellate>1</tessellate>
					<outerBoundaryIs>
						<LinearRing>
							<coordinates>
								-71.61966168602318,-16.37658068763557,0 -71.6201386526118,-16.37598105635506,0 -71.62146619294815,-16.37704374795736,0 -71.62094019529198,-16.37758908332335,0 -71.61966168602318,-16.37658068763557,0 
							</coordinates>
						</LinearRing>
					</outerBoundaryIs>
				</Polygon>
			</Placemark>
			<Placemark>
				<name>1.4.334-9</name>
				<styleUrl>#msn_ylw-pushpin850</styleUrl>
				<Polygon>
					<tessellate>1</tessellate>
					<outerBoundaryIs>
						<LinearRing>
							<coordinates>
								-71.62086758472563,-16.37766020466208,0 -71.62033662905445,-16.37829220417786,0 -71.61909598335411,-16.37726755476597,0 -71.61961368824818,-16.37665597720139,0 -71.62086758472563,-16.37766020466208,0 
							</coordinates>
						</LinearRing>
					</outerBoundaryIs>
				</Polygon>
			</Placemark>
			<Placemark>
				<name>1.4.334-10</name>
				<styleUrl>#msn_ylw-pushpin850</styleUrl>
				<Polygon>
					<tessellate>1</tessellate>
					<outerBoundaryIs>
						<LinearRing>
							<coordinates>
								-71.62032111823096,-16.3783510470769,0 -71.61985699527494,-16.37893095598859,0 -71.61857243595776,-16.37791498874668,0 -71.61906813629426,-16.37733086409963,0 -71.62032111823096,-16.3783510470769,0 
							</coordinates>
						</LinearRing>
					</outerBoundaryIs>
				</Polygon>
			</Placemark>
			<Placemark>
				<name>1.4.334-11</name>
				<styleUrl>#msn_ylw-pushpin850</styleUrl>
				<Polygon>
					<tessellate>1</tessellate>
					<outerBoundaryIs>
						<LinearRing>
							<coordinates>
								-71.6185038789296,-16.37799092011801,0 -71.61978717031718,-16.37900642179268,0 -71.61928735776308,-16.37958743230825,0 -71.61801317342798,-16.37859070969243,0 -71.6185038789296,-16.37799092011801,0 
							</coordinates>
						</LinearRing>
					</outerBoundaryIs>
				</Polygon>
			</Placemark>
			<Placemark>
				<name>1.4.334-12</name>
				<styleUrl>#msn_ylw-pushpin850</styleUrl>
				<Polygon>
					<tessellate>1</tessellate>
					<outerBoundaryIs>
						<LinearRing>
							<coordinates>
								-71.61783341309608,-16.37951477765892,0 -71.61806052327769,-16.37878847914989,0 -71.61920593723954,-16.37966299686543,0 -71.61874514531586,-16.38023468886004,0 -71.61783341309608,-16.37951477765892,0 
							</coordinates>
						</LinearRing>
					</outerBoundaryIs>
				</Polygon>
			</Placemark>
			<Placemark>
				<name>1.4.334-13</name>
				<styleUrl>#msn_ylw-pushpin850</styleUrl>
				<Polygon>
					<tessellate>1</tessellate>
					<outerBoundaryIs>
						<LinearRing>
							<coordinates>
								-71.61866812641573,-16.3803041693528,0 -71.6181784407636,-16.3809076828768,0 -71.6168898395419,-16.37992219690255,0 -71.61724949030091,-16.37947427147665,0 -71.61775688011785,-16.37960965204122,0 -71.61866812641573,-16.3803041693528,0 
							</coordinates>
						</LinearRing>
					</outerBoundaryIs>
				</Polygon>
			</Placemark>
			<Placemark>
				<name>1.4.334-14</name>
				<styleUrl>#msn_ylw-pushpin850</styleUrl>
				<Polygon>
					<tessellate>1</tessellate>
					<outerBoundaryIs>
						<LinearRing>
							<coordinates>
								-71.61811054144052,-16.38099602917215,0 -71.61761758466805,-16.38155418499304,0 -71.61636270651601,-16.3805590290091,0 -71.61684347983426,-16.37998735078973,0 -71.61811054144052,-16.38099602917215,0 
							</coordinates>
						</LinearRing>
					</outerBoundaryIs>
				</Polygon>
			</Placemark>
			<Placemark>
				<name>1.4.334-15</name>
				<styleUrl>#msn_ylw-pushpin850</styleUrl>
				<Polygon>
					<tessellate>1</tessellate>
					<outerBoundaryIs>
						<LinearRing>
							<coordinates>
								-71.62157072862082,-16.37707673305617,0 -71.62209127263546,-16.37751578227752,0 -71.62157470369135,-16.37813792848721,0 -71.62105657589882,-16.37767054242387,0 -71.62157072862082,-16.37707673305617,0 
							</coordinates>
						</LinearRing>
					</outerBoundaryIs>
				</Polygon>
			</Placemark>
			<Placemark>
				<name>1.4.334-16</name>
				<styleUrl>#msn_ylw-pushpin850</styleUrl>
				<Polygon>
					<tessellate>1</tessellate>
					<outerBoundaryIs>
						<LinearRing>
							<coordinates>
								-71.62147488001411,-16.37819570833149,0 -71.62099688188705,-16.37873916503909,0 -71.62047115178012,-16.37831287792821,0 -71.62099340452777,-16.37773158057957,0 -71.62147488001411,-16.37819570833149,0 
							</coordinates>
						</LinearRing>
					</outerBoundaryIs>
				</Polygon>
			</Placemark>
			<Placemark>
				<name>1.4.334-17</name>
				<styleUrl>#msn_ylw-pushpin850</styleUrl>
				<Polygon>
					<tessellate>1</tessellate>
					<outerBoundaryIs>
						<LinearRing>
							<coordinates>
								-71.62097044404412,-16.3788119957704,0 -71.62048670831058,-16.37942686425986,0 -71.61995363401847,-16.37899232936368,0 -71.62041104980486,-16.37842249945871,0 -71.62097044404412,-16.3788119957704,0 
							</coordinates>
						</LinearRing>
					</outerBoundaryIs>
				</Polygon>
			</Placemark>
			<Placemark>
				<name>1.4.334-18</name>
				<styleUrl>#msn_ylw-pushpin850</styleUrl>
				<Polygon>
					<tessellate>1</tessellate>
					<outerBoundaryIs>
						<LinearRing>
							<coordinates>
								-71.61986014203292,-16.37908659637316,0 -71.62040560566966,-16.37951946944172,0 -71.61992945855233,-16.38011414415029,0 -71.61938889254664,-16.37966064434283,0 -71.61986014203292,-16.37908659637316,0 
							</coordinates>
						</LinearRing>
					</outerBoundaryIs>
				</Polygon>
			</Placemark>
			<Placemark>
				<name>1.4.334-19</name>
				<styleUrl>#msn_ylw-pushpin850</styleUrl>
				<Polygon>
					<tessellate>1</tessellate>
					<outerBoundaryIs>
						<LinearRing>
							<coordinates>
								-71.61941234148115,-16.38074941561181,0 -71.61885347440193,-16.38031361474885,0 -71.61931361156807,-16.37976165660775,0 -71.61986742667615,-16.38018305550835,0 -71.61941234148115,-16.38074941561181,0 
							</coordinates>
						</LinearRing>
					</outerBoundaryIs>
				</Polygon>
			</Placemark>
			<Placemark>
				<name>1.4.334-20</name>
				<styleUrl>#msn_ylw-pushpin850</styleUrl>
				<Polygon>
					<tessellate>1</tessellate>
					<outerBoundaryIs>
						<LinearRing>
							<coordinates>
								-71.61935018246668,-16.38083206175396,0 -71.61886964253581,-16.38142029672504,0 -71.61829930644714,-16.38097918387366,0 -71.61877904841674,-16.38039280656817,0 -71.61935018246668,-16.38083206175396,0 
							</coordinates>
						</LinearRing>
					</outerBoundaryIs>
				</Polygon>
			</Placemark>
			<Placemark>
				<name>1.4.334-21</name>
				<styleUrl>#msn_ylw-pushpin850</styleUrl>
				<Polygon>
					<tessellate>1</tessellate>
					<outerBoundaryIs>
						<LinearRing>
							<coordinates>
								-71.61773504685142,-16.38164305850997,0 -71.61821884881202,-16.38105830758039,0 -71.61877066417631,-16.38151072439349,0 -71.61829497083082,-16.38207090406956,0 -71.61773504685142,-16.38164305850997,0 
							</coordinates>
						</LinearRing>
					</outerBoundaryIs>
				</Polygon>
			</Placemark>
			<Placemark>
				<name>1.4.334-22</name>
				<styleUrl>#msn_ylw-pushpin850</styleUrl>
				<Polygon>
					<tessellate>1</tessellate>
					<outerBoundaryIs>
						<LinearRing>
							<coordinates>
								-71.61688859796453,-16.38113918266127,0 -71.61613906865736,-16.38203913496309,0 -71.6155238911647,-16.3815166170925,0 -71.61625168099864,-16.38065798770263,0 -71.61688859796453,-16.38113918266127,0 
							</coordinates>
						</LinearRing>
					</outerBoundaryIs>
				</Polygon>
			</Placemark>
			<Placemark>
				<name>1.4.334-23</name>
				<styleUrl>#msn_ylw-pushpin850</styleUrl>
				<Polygon>
					<tessellate>1</tessellate>
					<outerBoundaryIs>
						<LinearRing>
							<coordinates>
								-71.61756481871711,-16.38167709988911,0 -71.61680837218469,-16.38257671943358,0 -71.61621086083234,-16.38209734516201,0 -71.61697644136429,-16.3812189778306,0 -71.61756481871711,-16.38167709988911,0 
							</coordinates>
						</LinearRing>
					</outerBoundaryIs>
				</Polygon>
			</Placemark>
			<Placemark>
				<name>1.4.334-24</name>
				<styleUrl>#msn_ylw-pushpin850</styleUrl>
				<Polygon>
					<tessellate>1</tessellate>
					<outerBoundaryIs>
						<LinearRing>
							<coordinates>
								-71.61823932657657,-16.38220681290053,0 -71.61751093856761,-16.38311056208136,0 -71.61687780074909,-16.38261527187754,0 -71.61765932047523,-16.38173899546587,0 -71.61823932657657,-16.38220681290053,0 
							</coordinates>
						</LinearRing>
					</outerBoundaryIs>
				</Polygon>
			</Placemark>
			<Placemark>
				<name>1.4.334-25</name>
				<styleUrl>#msn_ylw-pushpin850</styleUrl>
				<Polygon>
					<tessellate>1</tessellate>
					<outerBoundaryIs>
						<LinearRing>
							<coordinates>
								-71.61545140199522,-16.38161946777507,0 -71.61606871091691,-16.38208923681545,0 -71.61544423018597,-16.3828518497851,0 -71.61483087160995,-16.38237942601277,0 -71.61545140199522,-16.38161946777507,0 
							</coordinates>
						</LinearRing>
					</outerBoundaryIs>
				</Polygon>
			</Placemark>
			<Placemark>
				<name>1.4.334-26</name>
				<styleUrl>#msn_ylw-pushpin850</styleUrl>
				<Polygon>
					<tessellate>1</tessellate>
					<outerBoundaryIs>
						<LinearRing>
							<coordinates>
								-71.616147510061,-16.38213930913157,0 -71.61672584462225,-16.38262659838065,0 -71.6161171691687,-16.3833396531745,0 -71.61551523624318,-16.38288126467093,0 -71.616147510061,-16.38213930913157,0 
							</coordinates>
						</LinearRing>
					</outerBoundaryIs>
				</Polygon>
			</Placemark>
			<Placemark>
				<name>1.4.334-27</name>
				<styleUrl>#msn_ylw-pushpin850</styleUrl>
				<Polygon>
					<tessellate>1</tessellate>
					<outerBoundaryIs>
						<LinearRing>
							<coordinates>
								-71.61681644965451,-16.38269001124266,0 -71.61743557384879,-16.38319260246001,0 -71.61680862404737,-16.38389883391716,0 -71.61620096562552,-16.38340476518151,0 -71.61681644965451,-16.38269001124266,0 
							</coordinates>
						</LinearRing>
					</outerBoundaryIs>
				</Polygon>
			</Placemark>
			<Placemark>
				<name>1.4.334-28</name>
				<styleUrl>#msn_ylw-pushpin850</styleUrl>
				<Polygon>
					<tessellate>1</tessellate>
					<outerBoundaryIs>
						<LinearRing>
							<coordinates>
								-71.61604473655787,-16.38342322877876,0 -71.61554996880238,-16.38403182321889,0 -71.61427705208087,-16.38300194295288,0 -71.61472985190875,-16.38241560726113,0 -71.61604473655787,-16.38342322877876,0 
							</coordinates>
						</LinearRing>
					</outerBoundaryIs>
				</Polygon>
			</Placemark>
			<Placemark>
				<name>1.4.335-1</name>
				<styleUrl>#msn_ylw-pushpin850</styleUrl>
				<Polygon>
					<tessellate>1</tessellate>
					<outerBoundaryIs>
						<LinearRing>
							<coordinates>
								-71.62670373749897,-16.38158511499546,0 -71.6270997699812,-16.38129374451683,0 -71.62733676000376,-16.38162549683608,0 -71.62696990671778,-16.38191826937141,0 -71.62670373749897,-16.38158511499546,0 
							</coordinates>
						</LinearRing>
					</outerBoundaryIs>
				</Polygon>
			</Placemark>
			<Placemark>
				<name>1.4.335-2</name>
				<styleUrl>#msn_ylw-pushpin850</styleUrl>
				<Polygon>
					<tessellate>1</tessellate>
					<outerBoundaryIs>
						<LinearRing>
							<coordinates>
								-71.62662896448093,-16.38162554758923,0 -71.62688059100964,-16.38194174074902,0 -71.62650315879482,-16.38221848143256,0 -71.62626113876993,-16.38190949160865,0 -71.62662896448093,-16.38162554758923,0 
							</coordinates>
						</LinearRing>
					</outerBoundaryIs>
				</Polygon>
			</Placemark>
			<Placemark>
				<name>1.4.335-3</name>
				<styleUrl>#msn_ylw-pushpin850</styleUrl>
				<Polygon>
					<tessellate>1</tessellate>
					<outerBoundaryIs>
						<LinearRing>
							<coordinates>
								-71.62618186171916,-16.3819774892386,0 -71.6264247399363,-16.38227115294792,0 -71.62604837824995,-16.38254971119602,0 -71.62580169333002,-16.38225687866673,0 -71.62618186171916,-16.3819774892386,0 
							</coordinates>
						</LinearRing>
					</outerBoundaryIs>
				</Polygon>
			</Placemark>
			<Placemark>
				<name>1.4.335-5</name>
				<styleUrl>#msn_ylw-pushpin850</styleUrl>
				<Polygon>
					<tessellate>1</tessellate>
					<outerBoundaryIs>
						<LinearRing>
							<coordinates>
								-71.62574395008899,-16.38228877059618,0 -71.62598364336679,-16.3826005696915,0 -71.62562866969137,-16.38287383519796,0 -71.62537965186959,-16.38256651568453,0 -71.62574395008899,-16.38228877059618,0 
							</coordinates>
						</LinearRing>
					</outerBoundaryIs>
				</Polygon>
			</Placemark>
			<Placemark>
				<name>1.4.335-6</name>
				<styleUrl>#msn_ylw-pushpin850</styleUrl>
				<Polygon>
					<tessellate>1</tessellate>
					<outerBoundaryIs>
						<LinearRing>
							<coordinates>
								-71.62749524766687,-16.38154246093104,0 -71.62797661692969,-16.3811322517723,0 -71.62806009079222,-16.38125414006651,0 -71.62817043881184,-16.38140195986342,0 -71.62825867513403,-16.38152702368038,0 -71.62833179011903,-16.38161095742543,0 -71.62833159120666,-16.38161599240853,0 -71.62838533078335,-16.38168090839553,0 -71.62891389694275,-16.38194730550747,0 -71.62886022740274,-16.38212921305885,0 -71.62870034072331,-16.38210245458939,0 -71.62848491230703,-16.38201422176198,0 -71.62825340616908,-16.38192170193922,0 -71.627977339908,-16.3817958315533,0 -71.62749524766687,-16.38154246093104,0 
							</coordinates>
						</LinearRing>
					</outerBoundaryIs>
				</Polygon>
			</Placemark>
			<Placemark>
				<name>1.4.335-7</name>
				<styleUrl>#msn_ylw-pushpin850</styleUrl>
				<Polygon>
					<tessellate>1</tessellate>
					<outerBoundaryIs>
						<LinearRing>
							<coordinates>
								-71.62733171229748,-16.38192673719833,0 -71.62759896841325,-16.38172226966352,0 -71.62766079197326,-16.38177354215902,0 -71.62783928082965,-16.38184658875666,0 -71.62784677109728,-16.38185215950739,0 -71.62802438034886,-16.38194581630879,0 -71.62802675662277,-16.38195126548403,0 -71.62821732188574,-16.38205087680819,0 -71.62837458871064,-16.38210905260853,0 -71.62861077410979,-16.38220261068453,0 -71.62876300243688,-16.38223334757954,0 -71.62875888316557,-16.38227400896703,0 -71.62876077803108,-16.38239372534673,0 -71.62876210081582,-16.38240355116656,0 -71.62876367395295,-16.38241090554097,0 -71.62876237069774,-16.38251254231272,0 -71.62871813920381,-16.38258600961711,0 -71.62788713474822,-16.38301377137212,0 -71.62733171229748,-16.38192673719833,0 
							</coordinates>
						</LinearRing>
					</outerBoundaryIs>
				</Polygon>
			</Placemark>
			<Placemark>
				<name>1.4.335-8</name>
				<styleUrl>#msn_ylw-pushpin850</styleUrl>
				<Polygon>
					<tessellate>1</tessellate>
					<outerBoundaryIs>
						<LinearRing>
							<coordinates>
								-71.62749449589469,-16.3832402288104,0 -71.62719076179984,-16.38260913282435,0 -71.6260135002485,-16.38343308004994,0 -71.62563787927888,-16.3829785380182,0 -71.6262714818819,-16.38254863620977,0 -71.62659916364289,-16.38230684870656,0 -71.62720480730387,-16.38188491209112,0 -71.62783104713304,-16.38304819880089,0 -71.62749449589469,-16.3832402288104,0 
							</coordinates>
						</LinearRing>
					</outerBoundaryIs>
				</Polygon>
			</Placemark>
			<Placemark>
				<name>1.4.335-9</name>
				<styleUrl>#msn_ylw-pushpin850</styleUrl>
				<Polygon>
					<tessellate>1</tessellate>
					<outerBoundaryIs>
						<LinearRing>
							<coordinates>
								-71.62638545824105,-16.3837124702945,0 -71.62612430940435,-16.38344826194136,0 -71.62722918448662,-16.38270786731074,0 -71.62738368262163,-16.38304889010708,0 -71.62638545824105,-16.3837124702945,0 
							</coordinates>
						</LinearRing>
					</outerBoundaryIs>
				</Polygon>
			</Placemark>
			<Placemark>
				<name>1.4.335-10</name>
				<styleUrl>#msn_ylw-pushpin850</styleUrl>
				<Polygon>
					<tessellate>1</tessellate>
					<outerBoundaryIs>
						<LinearRing>
							<coordinates>
								-71.62748210744573,-16.38324961425464,0 -71.62688674041169,-16.38366647592083,0 -71.62700070441295,-16.38381299297141,0 -71.62658613091729,-16.38408126882413,0 -71.6263759526534,-16.38376301188613,0 -71.62740805199458,-16.38307387772955,0 -71.62748210744573,-16.38324961425464,0 
							</coordinates>
						</LinearRing>
					</outerBoundaryIs>
				</Polygon>
			</Placemark>
		</Folder>
		<Folder>
			<name>E</name>
			<Placemark>
				<name>1.4.315-30</name>
				<styleUrl>#msn_ylw-pushpin5111100</styleUrl>
				<Polygon>
					<tessellate>1</tessellate>
					<outerBoundaryIs>
						<LinearRing>
							<coordinates>
								-71.62066415977795,-16.38410284764537,0 -71.62012233880614,-16.38343164065751,0 -71.62128118427955,-16.38253314657275,0 -71.62185529437264,-16.38319746042589,0 -71.62066415977795,-16.38410284764537,0 
							</coordinates>
						</LinearRing>
					</outerBoundaryIs>
				</Polygon>
			</Placemark>
			<Placemark>
				<name>1.4.316-1</name>
				<styleUrl>#msn_ylw-pushpin5111100</styleUrl>
				<Polygon>
					<tessellate>1</tessellate>
					<outerBoundaryIs>
						<LinearRing>
							<coordinates>
								-71.62582033523235,-16.3833057953707,0 -71.62501308325115,-16.38395805350187,0 -71.62479363388904,-16.38367432305587,0 -71.62561954575834,-16.3830421643665,0 -71.62582033523235,-16.3833057953707,0 
							</coordinates>
						</LinearRing>
					</outerBoundaryIs>
				</Polygon>
			</Placemark>
			<Placemark>
				<name>1.4.316-2</name>
				<styleUrl>#msn_ylw-pushpin5111100</styleUrl>
				<Polygon>
					<tessellate>1</tessellate>
					<outerBoundaryIs>
						<LinearRing>
							<coordinates>
								-71.62445410589163,-16.38393846299294,0 -71.62470551662028,-16.38424836262643,0 -71.62353052941921,-16.38520251370531,0 -71.62324891360164,-16.38485290941723,0 -71.62445410589163,-16.38393846299294,0 
							</coordinates>
						</LinearRing>
					</outerBoundaryIs>
				</Polygon>
			</Placemark>
			<Placemark>
				<name>1.4.316-3</name>
				<styleUrl>#msn_ylw-pushpin5111100</styleUrl>
				<Polygon>
					<tessellate>1</tessellate>
					<outerBoundaryIs>
						<LinearRing>
							<coordinates>
								-71.6231987077437,-16.38488082760155,0 -71.62348684390385,-16.38524746935044,0 -71.62268780156597,-16.38589656572798,0 -71.6223737815739,-16.38550948528891,0 -71.6231987077437,-16.38488082760155,0 
							</coordinates>
						</LinearRing>
					</outerBoundaryIs>
				</Polygon>
			</Placemark>
			<Placemark>
				<name>1.4.316-4</name>
				<styleUrl>#msn_ylw-pushpin5111100</styleUrl>
				<Polygon>
					<tessellate>1</tessellate>
					<outerBoundaryIs>
						<LinearRing>
							<coordinates>
								-71.62102816727673,-16.38725058604879,0 -71.6205528666061,-16.3876021010364,0 -71.62068421037121,-16.38682229980296,0 -71.62102816727673,-16.38725058604879,0 
							</coordinates>
						</LinearRing>
					</outerBoundaryIs>
				</Polygon>
			</Placemark>
			<Placemark>
				<name>1.4.316-5</name>
				<styleUrl>#msn_ylw-pushpin5111100</styleUrl>
				<Polygon>
					<tessellate>1</tessellate>
					<outerBoundaryIs>
						<LinearRing>
							<coordinates>
								-71.62129026948121,-16.38772460253706,0 -71.62082966199496,-16.38806131197673,0 -71.62055542861148,-16.38769965320026,0 -71.62100904317974,-16.3873551947481,0 -71.62129026948121,-16.38772460253706,0 
							</coordinates>
						</LinearRing>
					</outerBoundaryIs>
				</Polygon>
			</Placemark>
			<Placemark>
				<name>1.4.316-6</name>
				<styleUrl>#msn_ylw-pushpin5111100</styleUrl>
				<Polygon>
					<tessellate>1</tessellate>
					<outerBoundaryIs>
						<LinearRing>
							<coordinates>
								-71.62163175749289,-16.38815648524635,0 -71.62117050154531,-16.38849166910436,0 -71.62088810847997,-16.38811735548756,0 -71.62133695031875,-16.38779526141697,0 -71.62163175749289,-16.38815648524635,0 
							</coordinates>
						</LinearRing>
					</outerBoundaryIs>
				</Polygon>
			</Placemark>
			<Placemark>
				<name>1.4.316-7</name>
				<styleUrl>#msn_ylw-pushpin5111100</styleUrl>
				<Polygon>
					<tessellate>1</tessellate>
					<outerBoundaryIs>
						<LinearRing>
							<coordinates>
								-71.62196769390123,-16.38859494348076,0 -71.62149168953239,-16.38892265472675,0 -71.62120891062177,-16.38853811551053,0 -71.62167761726209,-16.38821684919009,0 -71.62196769390123,-16.38859494348076,0 
							</coordinates>
						</LinearRing>
					</outerBoundaryIs>
				</Polygon>
			</Placemark>
			<Placemark>
				<name>1.4.316-8</name>
				<styleUrl>#msn_ylw-pushpin5111100</styleUrl>
				<Polygon>
					<tessellate>1</tessellate>
					<outerBoundaryIs>
						<LinearRing>
							<coordinates>
								-71.6220000295193,-16.38958948171713,0 -71.62154833686549,-16.38897801718527,0 -71.62200734274174,-16.38864766429241,0 -71.6220000295193,-16.38958948171713,0 
							</coordinates>
						</LinearRing>
					</outerBoundaryIs>
				</Polygon>
			</Placemark>
			<Placemark>
				<name>1.4.316-9</name>
				<styleUrl>#msn_ylw-pushpin5111100</styleUrl>
				<Polygon>
					<tessellate>1</tessellate>
					<outerBoundaryIs>
						<LinearRing>
							<coordinates>
								-71.62193746306269,-16.38972059832487,0 -71.62193763929308,-16.38983721963341,0 -71.62190997613243,-16.38991230524161,0 -71.62186158263367,-16.38996383248361,0 -71.6214333981618,-16.38972062066037,0 -71.620997417772,-16.38936717531038,0 -71.62142675906954,-16.38904856395577,0 -71.62193746306269,-16.38972059832487,0 
							</coordinates>
						</LinearRing>
					</outerBoundaryIs>
				</Polygon>
			</Placemark>
			<Placemark>
				<name>1.4.316-10</name>
				<styleUrl>#msn_ylw-pushpin5111100</styleUrl>
				<Polygon>
					<tessellate>1</tessellate>
					<outerBoundaryIs>
						<LinearRing>
							<coordinates>
								-71.62137213686157,-16.38897842717523,0 -71.62093077769134,-16.38931975511521,0 -71.62053755866883,-16.38901364623328,0 -71.6210938319126,-16.38862107116531,0 -71.62137213686157,-16.38897842717523,0 
							</coordinates>
						</LinearRing>
					</outerBoundaryIs>
				</Polygon>
			</Placemark>
			<Placemark>
				<name>1.4.316-11</name>
				<styleUrl>#msn_ylw-pushpin5111100</styleUrl>
				<Polygon>
					<tessellate>1</tessellate>
					<outerBoundaryIs>
						<LinearRing>
							<coordinates>
								-71.62105369829005,-16.3885567791345,0 -71.62049436249904,-16.38898506687774,0 -71.62038670262889,-16.38886800686846,0 -71.62044310039001,-16.38856443640838,0 -71.62046582851025,-16.38814700919034,0 -71.62050112503304,-16.38784017623383,0 -71.62105369829005,-16.3885567791345,0 
							</coordinates>
						</LinearRing>
					</outerBoundaryIs>
				</Polygon>
			</Placemark>
			<Placemark>
				<name>1.4.317-1</name>
				<styleUrl>#msn_ylw-pushpin5111100</styleUrl>
				<Polygon>
					<tessellate>1</tessellate>
					<outerBoundaryIs>
						<LinearRing>
							<coordinates>
								-71.62027610962726,-16.38878776641632,0 -71.61939924670646,-16.38819527478068,0 -71.61948272497057,-16.3876234783368,0 -71.62041856475248,-16.38776717163217,0 -71.62027610962726,-16.38878776641632,0 
							</coordinates>
						</LinearRing>
					</outerBoundaryIs>
				</Polygon>
			</Placemark>
			<Placemark>
				<name>1.4.317-3</name>
				<styleUrl>#msn_ylw-pushpin5111100</styleUrl>
				<Polygon>
					<tessellate>1</tessellate>
					<outerBoundaryIs>
						<LinearRing>
							<coordinates>
								-71.61960930980831,-16.38662948890018,0 -71.62053776699784,-16.38675949658404,0 -71.62042937346709,-16.38767538445081,0 -71.61948332666128,-16.38753835995343,0 -71.61960930980831,-16.38662948890018,0 
							</coordinates>
						</LinearRing>
					</outerBoundaryIs>
				</Polygon>
			</Placemark>
			<Placemark>
				<name>1.4.317-4</name>
				<styleUrl>#msn_ylw-pushpin5111100</styleUrl>
				<Polygon>
					<tessellate>1</tessellate>
					<outerBoundaryIs>
						<LinearRing>
							<coordinates>
								-71.62252670863998,-16.38405106982493,0 -71.62310768510119,-16.38478686446163,0 -71.6219179632389,-16.38570065877875,0 -71.62128128273179,-16.3849004727073,0 -71.62252670863998,-16.38405106982493,0 
							</coordinates>
						</LinearRing>
					</outerBoundaryIs>
				</Polygon>
			</Placemark>
			<Placemark>
				<name>1.4.317-5</name>
				<styleUrl>#msn_ylw-pushpin5111100</styleUrl>
				<Polygon>
					<tessellate>1</tessellate>
					<outerBoundaryIs>
						<LinearRing>
							<coordinates>
								-71.62441945999697,-16.38383355671061,0 -71.62321192191371,-16.38470788288939,0 -71.62262617718191,-16.38398113385857,0 -71.62367593780625,-16.38320629326266,0 -71.62397622182465,-16.38338986042607,0 -71.62410706178807,-16.38344219534723,0 -71.62441945999697,-16.38383355671061,0 
							</coordinates>
						</LinearRing>
					</outerBoundaryIs>
				</Polygon>
			</Placemark>
			<Placemark>
				<name>1.4.317-6</name>
				<styleUrl>#msn_ylw-pushpin5111100</styleUrl>
				<Polygon>
					<tessellate>1</tessellate>
					<outerBoundaryIs>
						<LinearRing>
							<coordinates>
								-71.62406469474891,-16.38293005370002,0 -71.62496699640369,-16.38225546691442,0 -71.62554437669181,-16.38294241562354,0 -71.62462432490361,-16.38364939030961,0 -71.62406469474891,-16.38293005370002,0 
							</coordinates>
						</LinearRing>
					</outerBoundaryIs>
				</Polygon>
			</Placemark>
			<Placemark>
				<name>1.4.334-29</name>
				<styleUrl>#msn_ylw-pushpin5111100</styleUrl>
				<Polygon>
					<tessellate>1</tessellate>
					<outerBoundaryIs>
						<LinearRing>
							<coordinates>
								-71.61745431963745,-16.38452096142848,0 -71.61695260604783,-16.38508076440165,0 -71.6156549424047,-16.38408490461932,0 -71.61613432915809,-16.38349251919664,0 -71.61745431963745,-16.38452096142848,0 
							</coordinates>
						</LinearRing>
					</outerBoundaryIs>
				</Polygon>
			</Placemark>
			<Placemark>
				<name>1.4.334-30</name>
				<styleUrl>#msn_ylw-pushpin5111100</styleUrl>
				<Polygon>
					<tessellate>1</tessellate>
					<outerBoundaryIs>
						<LinearRing>
							<coordinates>
								-71.61809081952393,-16.38369085547851,0 -71.6175006764356,-16.38440602099298,0 -71.61691764916168,-16.38395070993722,0 -71.61754237127371,-16.3832508981897,0 -71.61809081952393,-16.38369085547851,0 
							</coordinates>
						</LinearRing>
					</outerBoundaryIs>
				</Polygon>
			</Placemark>
			<Placemark>
				<name>1.4.334-31</name>
				<styleUrl>#msn_ylw-pushpin5111100</styleUrl>
				<Polygon>
					<tessellate>1</tessellate>
					<outerBoundaryIs>
						<LinearRing>
							<coordinates>
								-71.61831931870202,-16.38224540269329,0 -71.61890947863023,-16.38273113879877,0 -71.61816855140717,-16.38364235821701,0 -71.61758824806691,-16.38315968096397,0 -71.61831931870202,-16.38224540269329,0 
							</coordinates>
						</LinearRing>
					</outerBoundaryIs>
				</Polygon>
			</Placemark>
			<Placemark>
				<name>1.4.334-32</name>
				<styleUrl>#msn_ylw-pushpin5111100</styleUrl>
				<Polygon>
					<tessellate>1</tessellate>
					<outerBoundaryIs>
						<LinearRing>
							<coordinates>
								-71.6189823724395,-16.38278743838558,0 -71.61963414847791,-16.38328496385592,0 -71.61861514151948,-16.38449202287429,0 -71.61800664713981,-16.38398021903851,0 -71.6189823724395,-16.38278743838558,0 
							</coordinates>
						</LinearRing>
					</outerBoundaryIs>
				</Polygon>
			</Placemark>
			<Placemark>
				<name>1.4.334-33</name>
				<styleUrl>#msn_ylw-pushpin5111100</styleUrl>
				<Polygon>
					<tessellate>1</tessellate>
					<outerBoundaryIs>
						<LinearRing>
							<coordinates>
								-71.61791989773423,-16.38407344441996,0 -71.61854160370432,-16.38454031372801,0 -71.61806741287265,-16.38508519595473,0 -71.61762496454462,-16.38560328872284,0 -71.61705147377195,-16.38512390165499,0 -71.61791989773423,-16.38407344441996,0 
							</coordinates>
						</LinearRing>
					</outerBoundaryIs>
				</Polygon>
			</Placemark>
			<Placemark>
				<name>1.4.334-34</name>
				<styleUrl>#msn_ylw-pushpin5111100</styleUrl>
				<Polygon>
					<tessellate>1</tessellate>
					<outerBoundaryIs>
						<LinearRing>
							<coordinates>
								-71.61997059512744,-16.38352955368093,0 -71.6202544463074,-16.38383755682582,0 -71.61928461722704,-16.38500695749037,0 -71.61870569097175,-16.38451353101991,0 -71.6196817987142,-16.383311155574,0 -71.61997059512744,-16.38352955368093,0 
							</coordinates>
						</LinearRing>
					</outerBoundaryIs>
				</Polygon>
			</Placemark>
			<Placemark>
				<name>1.4.334-35</name>
				<styleUrl>#msn_ylw-pushpin5111100</styleUrl>
				<Polygon>
					<tessellate>1</tessellate>
					<outerBoundaryIs>
						<LinearRing>
							<coordinates>
								-71.61862760279671,-16.38455098746345,0 -71.61922790966676,-16.38506571217645,0 -71.61830936320557,-16.38613099756497,0 -71.61773624136552,-16.38566900970188,0 -71.61862760279671,-16.38455098746345,0 
							</coordinates>
						</LinearRing>
					</outerBoundaryIs>
				</Polygon>
			</Placemark>
			<Placemark>
				<name>1.4.334-36</name>
				<styleUrl>#msn_ylw-pushpin5111100</styleUrl>
				<Polygon>
					<tessellate>1</tessellate>
					<outerBoundaryIs>
						<LinearRing>
							<coordinates>
								-71.62115893038695,-16.38498714666089,0 -71.62039470565399,-16.38550529732482,0 -71.6196938183176,-16.38466710864802,0 -71.6203184324736,-16.38393298090719,0 -71.62115893038695,-16.38498714666089,0 
							</coordinates>
						</LinearRing>
					</outerBoundaryIs>
				</Polygon>
			</Placemark>
			<Placemark>
				<name>1.4.334-37</name>
				<styleUrl>#msn_ylw-pushpin5111100</styleUrl>
				<Polygon>
					<tessellate>1</tessellate>
					<outerBoundaryIs>
						<LinearRing>
							<coordinates>
								-71.61966176513059,-16.38476043051732,0 -71.62032360672458,-16.38557667982716,0 -71.61927968947202,-16.38634511146727,0 -71.61919185426726,-16.38632602602658,0 -71.61914243510242,-16.38627991073524,0 -71.61846170859134,-16.38624894434082,0 -71.61844296643658,-16.3861942482129,0 -71.61966176513059,-16.38476043051732,0 
							</coordinates>
						</LinearRing>
					</outerBoundaryIs>
				</Polygon>
			</Placemark>
			<Placemark>
				<name>1.4.334-38</name>
				<styleUrl>#msn_ylw-pushpin5111100</styleUrl>
				<Polygon>
					<tessellate>1</tessellate>
					<outerBoundaryIs>
						<LinearRing>
							<coordinates>
								-71.62055312898795,-16.38554763868151,0 -71.62119392160795,-16.38504544090015,0 -71.62174835649661,-16.38566163504906,0 -71.62105377759553,-16.38618974864412,0 -71.62055312898795,-16.38554763868151,0 
							</coordinates>
						</LinearRing>
					</outerBoundaryIs>
				</Polygon>
			</Placemark>
			<Placemark>
				<name>1.4.334-39</name>
				<styleUrl>#msn_ylw-pushpin5111100</styleUrl>
				<Polygon>
					<tessellate>1</tessellate>
					<outerBoundaryIs>
						<LinearRing>
							<coordinates>
								-71.61953212194858,-16.38636150148427,0 -71.62040196885192,-16.38567579988277,0 -71.62088283344154,-16.38629512721595,0 -71.6205271905927,-16.38654743843514,0 -71.61953212194858,-16.38636150148427,0 
							</coordinates>
						</LinearRing>
					</outerBoundaryIs>
				</Polygon>
			</Placemark>
			<Placemark>
				<name>1.4.334-41</name>
				<styleUrl>#msn_ylw-pushpin5111100</styleUrl>
				<Polygon>
					<tessellate>1</tessellate>
					<outerBoundaryIs>
						<LinearRing>
							<coordinates>
								-71.61676943335144,-16.38526750749828,0 -71.61613607040444,-16.38520670139387,0 -71.61606192082748,-16.3851326436146,0 -71.61575269681266,-16.38539458746671,0 -71.61556866017575,-16.38523518280063,0 -71.61541476756379,-16.38492483110636,0 -71.61530568952828,-16.38452712386724,0 -71.61558359676135,-16.38418599530566,0 -71.61684289954253,-16.38516569748341,0 -71.61676943335144,-16.38526750749828,0 
							</coordinates>
						</LinearRing>
					</outerBoundaryIs>
				</Polygon>
			</Placemark>
			<Placemark>
				<name>1.4.336-19</name>
				<styleUrl>#msn_ylw-pushpin5111100</styleUrl>
				<Polygon>
					<tessellate>1</tessellate>
					<outerBoundaryIs>
						<LinearRing>
							<coordinates>
								-71.6227802146836,-16.38839073102356,0 -71.62358196514913,-16.38805718237502,0 -71.62369419120533,-16.38833377971033,0 -71.62319835621679,-16.38851953079477,0 -71.62340726357164,-16.38888564461224,0 -71.62305268022183,-16.3890279332967,0 -71.6227802146836,-16.38839073102356,0 
							</coordinates>
						</LinearRing>
					</outerBoundaryIs>
				</Polygon>
			</Placemark>
			<Placemark>
				<name>1.4.336-20</name>
				<styleUrl>#msn_ylw-pushpin5111100</styleUrl>
				<Polygon>
					<tessellate>1</tessellate>
					<outerBoundaryIs>
						<LinearRing>
							<coordinates>
								-71.62317394766521,-16.3893872334141,0 -71.62218737356834,-16.38987582567748,0 -71.62214244566553,-16.38982609493059,0 -71.622231985686,-16.38879885849966,0 -71.62232311014637,-16.38858263442007,0 -71.62267979533195,-16.38828508629338,0 -71.62317394766521,-16.3893872334141,0 
							</coordinates>
						</LinearRing>
					</outerBoundaryIs>
				</Polygon>
			</Placemark>
			<Placemark>
				<name>1.4.336-21</name>
				<styleUrl>#msn_ylw-pushpin5111100</styleUrl>
				<Polygon>
					<tessellate>1</tessellate>
					<outerBoundaryIs>
						<LinearRing>
							<coordinates>
								-71.62310891664447,-16.38909552201379,0 -71.62332871474598,-16.38899373717528,0 -71.62342592556386,-16.3889322914164,0 -71.62391961628396,-16.38881473170942,0 -71.62441326712427,-16.38861588263867,0 -71.62457082111062,-16.38864069307755,0 -71.62443916092658,-16.38920947596579,0 -71.62412931252662,-16.38916571592491,0 -71.62401741763455,-16.38908803629938,0 -71.62396497521682,-16.38909176907537,0 -71.62322122002523,-16.38936979185531,0 -71.62310891664447,-16.38909552201379,0 
							</coordinates>
						</LinearRing>
					</outerBoundaryIs>
				</Polygon>
			</Placemark>
			<Placemark>
				<name>1.4.336-25</name>
				<styleUrl>#msn_ylw-pushpin5111100</styleUrl>
				<Polygon>
					<tessellate>1</tessellate>
					<outerBoundaryIs>
						<LinearRing>
							<coordinates>
								-71.62399773660563,-16.38915007645678,0 -71.624034930419,-16.38917237800213,0 -71.62408804664791,-16.38924485029503,0 -71.62412202063319,-16.38951413081675,0 -71.62420775498487,-16.39001498187618,0 -71.62390534766097,-16.39005613128014,0 -71.62388171980065,-16.3899681883579,0 -71.62382276502785,-16.38994983471602,0 -71.62375733096641,-16.38987286053525,0 -71.62364996816089,-16.38980254917675,0 -71.62353516048037,-16.3896665690638,0 -71.62341273548512,-16.38972263444514,0 -71.62327967578385,-16.38944323671076,0 -71.62399773660563,-16.38915007645678,0 
							</coordinates>
						</LinearRing>
					</outerBoundaryIs>
				</Polygon>
			</Placemark>
			<Placemark>
				<name>1.4.336-26</name>
				<styleUrl>#msn_ylw-pushpin5111100</styleUrl>
				<Polygon>
					<tessellate>1</tessellate>
					<outerBoundaryIs>
						<LinearRing>
							<coordinates>
								-71.62332857244176,-16.38973393695877,0 -71.62396605409486,-16.39055942200982,0 -71.62407828726256,-16.39048808299224,0 -71.62430567167804,-16.39094031557211,0 -71.62432342157919,-16.39130372756396,0 -71.62432314364283,-16.39130641999389,0 -71.62438239678697,-16.39157926640773,0 -71.62437228952697,-16.39164640941375,0 -71.62373497218384,-16.39079382868747,0 -71.62293815590905,-16.38975913047134,0 -71.62273510294727,-16.38985510909025,0 -71.62234499192137,-16.39006961051022,0 -71.62221172311828,-16.38993521145193,0 -71.62320077468158,-16.38946922694247,0 -71.62332857244176,-16.38973393695877,0 
							</coordinates>
						</LinearRing>
					</outerBoundaryIs>
				</Polygon>
			</Placemark>
			<Placemark>
				<name>1.4.336-27</name>
				<styleUrl>#msn_ylw-pushpin5111100</styleUrl>
				<Polygon>
					<tessellate>1</tessellate>
					<outerBoundaryIs>
						<LinearRing>
							<coordinates>
								-71.62339164868396,-16.39043822117889,0 -71.62290413074687,-16.39078569491557,0 -71.62287575113247,-16.39061846921784,0 -71.622781828143,-16.39043824043535,0 -71.62272851881488,-16.39035356075926,0 -71.6226499468732,-16.39029900370006,0 -71.62248812804397,-16.39016980589148,0 -71.62238717497009,-16.39010972242487,0 -71.62292575568175,-16.38982499001086,0 -71.62339164868396,-16.39043822117889,0 
							</coordinates>
						</LinearRing>
					</outerBoundaryIs>
				</Polygon>
			</Placemark>
			<Placemark>
				<name>1.4.336-28</name>
				<styleUrl>#msn_ylw-pushpin5111100</styleUrl>
				<Polygon>
					<tessellate>1</tessellate>
					<outerBoundaryIs>
						<LinearRing>
							<coordinates>
								-71.62292837659723,-16.39084347950778,0 -71.62341888608837,-16.39048985936962,0 -71.62402711545833,-16.39126258161052,0 -71.62356524263591,-16.39161207176155,0 -71.62309859730917,-16.39111081751862,0 -71.62292837659723,-16.39084347950778,0 
							</coordinates>
						</LinearRing>
					</outerBoundaryIs>
				</Polygon>
			</Placemark>
			<Placemark>
				<name>1.4.336-29</name>
				<styleUrl>#msn_ylw-pushpin5111100</styleUrl>
				<Polygon>
					<tessellate>1</tessellate>
					<outerBoundaryIs>
						<LinearRing>
							<coordinates>
								-71.62433785299629,-16.39165928396343,0 -71.62388064050124,-16.39198618823202,0 -71.62360485282042,-16.39164714167495,0 -71.62405966861627,-16.3913080908266,0 -71.62433785299629,-16.39165928396343,0 
							</coordinates>
						</LinearRing>
					</outerBoundaryIs>
				</Polygon>
			</Placemark>
			<Placemark>
				<name>1.4.336-30</name>
				<styleUrl>#msn_ylw-pushpin5111100</styleUrl>
				<Polygon>
					<tessellate>1</tessellate>
					<outerBoundaryIs>
						<LinearRing>
							<coordinates>
								-71.6243586983433,-16.39170759415923,0 -71.62466181228204,-16.39207767272135,0 -71.62419760962682,-16.39239366121186,0 -71.62406154128983,-16.39222569193967,0 -71.6239186493936,-16.39203359152808,0 -71.6243586983433,-16.39170759415923,0 
							</coordinates>
						</LinearRing>
					</outerBoundaryIs>
				</Polygon>
			</Placemark>
			<Placemark>
				<name>1.4.336-31</name>
				<styleUrl>#msn_ylw-pushpin5111100</styleUrl>
				<Polygon>
					<tessellate>1</tessellate>
					<outerBoundaryIs>
						<LinearRing>
							<coordinates>
								-71.62482094027568,-16.39230833579197,0 -71.62487393145425,-16.39247225493318,0 -71.62442690586553,-16.39275516194371,0 -71.62418867699422,-16.3924468345228,0 -71.62464015717148,-16.39212539375752,0 -71.62469629663288,-16.39213151836315,0 -71.62482094027568,-16.39230833579197,0 
							</coordinates>
						</LinearRing>
					</outerBoundaryIs>
				</Polygon>
			</Placemark>
			<Placemark>
				<name>1.4.336-32</name>
				<styleUrl>#msn_ylw-pushpin5111100</styleUrl>
				<Polygon>
					<tessellate>1</tessellate>
					<outerBoundaryIs>
						<LinearRing>
							<coordinates>
								-71.6250737499513,-16.39261616265805,0 -71.62518953295593,-16.39278757061297,0 -71.62471105964491,-16.39310483144776,0 -71.62447216941092,-16.39279049621533,0 -71.62489331082752,-16.39252157943305,0 -71.6250737499513,-16.39261616265805,0 
							</coordinates>
						</LinearRing>
					</outerBoundaryIs>
				</Polygon>
			</Placemark>
			<Placemark>
				<name>1.4.336-33</name>
				<styleUrl>#msn_ylw-pushpin5111100</styleUrl>
				<Polygon>
					<tessellate>1</tessellate>
					<outerBoundaryIs>
						<LinearRing>
							<coordinates>
								-71.62544429588641,-16.39313167618013,0 -71.62501577996562,-16.39342627885314,0 -71.62474757815853,-16.39314301492297,0 -71.62521579515703,-16.39283535234359,0 -71.62544429588641,-16.39313167618013,0 
							</coordinates>
						</LinearRing>
					</outerBoundaryIs>
				</Polygon>
			</Placemark>
			<Placemark>
				<name>1.4.336-34</name>
				<styleUrl>#msn_ylw-pushpin5111100</styleUrl>
				<Polygon>
					<tessellate>1</tessellate>
					<outerBoundaryIs>
						<LinearRing>
							<coordinates>
								-71.62574169536305,-16.39348881932235,0 -71.62559047458642,-16.3936009856979,0 -71.62549443501273,-16.39361102613573,0 -71.62533210790809,-16.39360852811418,0 -71.62525658289022,-16.39358590022422,0 -71.62516807369117,-16.39353768272925,0 -71.62507552194228,-16.39346029711838,0 -71.62546965508329,-16.39317950937476,0 -71.62574169536305,-16.39348881932235,0 
							</coordinates>
						</LinearRing>
					</outerBoundaryIs>
				</Polygon>
			</Placemark>
			<Placemark>
				<name>1.4.336-35</name>
				<styleUrl>#msn_ylw-pushpin5111100</styleUrl>
				<Polygon>
					<tessellate>1</tessellate>
					<outerBoundaryIs>
						<LinearRing>
							<coordinates>
								-71.62507066899897,-16.3925034013103,0 -71.62524525566992,-16.39240703453212,0 -71.62563625048682,-16.39293719976805,0 -71.62607554975547,-16.39279734003362,0 -71.62613490602226,-16.3930482676323,0 -71.62614925590391,-16.39316539458986,0 -71.62593469569904,-16.39333652383631,0 -71.62579358747622,-16.39346512085602,0 -71.62559097621613,-16.39321546508514,0 -71.62548974397338,-16.39309072672726,0 -71.62507066899897,-16.3925034013103,0 
							</coordinates>
						</LinearRing>
					</outerBoundaryIs>
				</Polygon>
			</Placemark>
			<Placemark>
				<name>1.4.336-36</name>
				<styleUrl>#msn_ylw-pushpin5111100</styleUrl>
				<Polygon>
					<tessellate>1</tessellate>
					<outerBoundaryIs>
						<LinearRing>
							<coordinates>
								-71.62453050754598,-16.39178440860786,0 -71.62499142642851,-16.39184517147632,0 -71.62513778132053,-16.39236336632353,0 -71.6249510041479,-16.39242181071335,0 -71.62453050754598,-16.39178440860786,0 
							</coordinates>
						</LinearRing>
					</outerBoundaryIs>
				</Polygon>
			</Placemark>
			<Placemark>
				<name>1.4.336-37</name>
				<styleUrl>#msn_ylw-pushpin5111100</styleUrl>
				<Polygon>
					<tessellate>1</tessellate>
					<outerBoundaryIs>
						<LinearRing>
							<coordinates>
								-71.62519137835935,-16.39235159747448,0 -71.6250481526295,-16.39179311465591,0 -71.62580389207331,-16.39157981053893,0 -71.62595202905084,-16.39217181835767,0 -71.62519137835935,-16.39235159747448,0 
							</coordinates>
						</LinearRing>
					</outerBoundaryIs>
				</Polygon>
			</Placemark>
			<Placemark>
				<name>1.4.336-38</name>
				<styleUrl>#msn_ylw-pushpin5111100</styleUrl>
				<Polygon>
					<tessellate>1</tessellate>
					<outerBoundaryIs>
						<LinearRing>
							<coordinates>
								-71.62533782948523,-16.3912774694249,0 -71.625393138118,-16.3916204460292,0 -71.62501273520321,-16.39174056326695,0 -71.62454891840432,-16.39172736234289,0 -71.6244469994932,-16.39148392974576,0 -71.62442542513857,-16.39135343317248,0 -71.62533782948523,-16.3912774694249,0 
							</coordinates>
						</LinearRing>
					</outerBoundaryIs>
				</Polygon>
			</Placemark>
			<Placemark>
				<name>1.4.336-39</name>
				<styleUrl>#msn_ylw-pushpin5111100</styleUrl>
				<Polygon>
					<tessellate>1</tessellate>
					<outerBoundaryIs>
						<LinearRing>
							<coordinates>
								-71.62588452745393,-16.39126788226178,0 -71.62579355124065,-16.39140500629558,0 -71.6258162778693,-16.39152976366475,0 -71.62551717335556,-16.39158887525577,0 -71.62550000307152,-16.39122949008253,0 -71.62588452745393,-16.39126788226178,0 
							</coordinates>
						</LinearRing>
					</outerBoundaryIs>
				</Polygon>
			</Placemark>
		</Folder>
		<Folder>
			<name>NA</name>
			<Placemark>
				<name>1.4.4-4</name>
				<styleUrl>#msn_ylw-pushpin530011000</styleUrl>
				<Polygon>
					<tessellate>1</tessellate>
					<outerBoundaryIs>
						<LinearRing>
							<coordinates>
								-71.56434598382633,-16.39195985545183,0 -71.56410198515967,-16.39184207592738,0 -71.56408351493657,-16.39179043732807,0 -71.56411184675937,-16.3915285306851,0 -71.5641269464673,-16.39131618196817,0 -71.56419766980915,-16.39073953153913,0 -71.56426731136416,-16.39039025009576,0 -71.56423905343755,-16.39025539789199,0 -71.56413988941884,-16.39009175137726,0 -71.56408612316754,-16.38982229686766,0 -71.56410342029523,-16.38956733098195,0 -71.56422430747301,-16.38933296299641,0 -71.56436819141904,-16.38914851113942,0 -71.56459502455492,-16.38928889975133,0 -71.56477516181776,-16.38929690684155,0 -71.56473597746465,-16.38931625669537,0 -71.56502834632454,-16.39191144200744,0 -71.56434598382633,-16.39195985545183,0 
							</coordinates>
						</LinearRing>
					</outerBoundaryIs>
				</Polygon>
			</Placemark>
			<Placemark>
				<name>1.4.14-16</name>
				<styleUrl>#msn_ylw-pushpin530011000</styleUrl>
				<Polygon>
					<tessellate>1</tessellate>
					<outerBoundaryIs>
						<LinearRing>
							<coordinates>
								-71.56743054334498,-16.39272739763521,0 -71.56779311105421,-16.39371290311062,0 -71.56726572505247,-16.39368890790276,0 -71.56699465084425,-16.39272894182173,0 -71.56743054334498,-16.39272739763521,0 
							</coordinates>
						</LinearRing>
					</outerBoundaryIs>
				</Polygon>
			</Placemark>
			<Placemark>
				<name>1.4.18-15</name>
				<styleUrl>#msn_ylw-pushpin530011000</styleUrl>
				<Polygon>
					<tessellate>1</tessellate>
					<outerBoundaryIs>
						<LinearRing>
							<coordinates>
								-71.57890022822514,-16.38889973809885,0 -71.57882087755219,-16.38985716472434,0 -71.57820707876169,-16.38950962466125,0 -71.57836205162032,-16.38863339168831,0 -71.57890022822514,-16.38889973809885,0 
							</coordinates>
						</LinearRing>
					</outerBoundaryIs>
				</Polygon>
			</Placemark>
			<Placemark>
				<name>1.4.21-9</name>
				<styleUrl>#msn_ylw-pushpin530011000</styleUrl>
				<Polygon>
					<tessellate>1</tessellate>
					<outerBoundaryIs>
						<LinearRing>
							<coordinates>
								-71.57365777133703,-16.39507044626422,0 -71.57290059441748,-16.39501007994144,0 -71.57297218533401,-16.39405802802791,0 -71.57375120940482,-16.39408037223859,0 -71.57365777133703,-16.39507044626422,0 
							</coordinates>
						</LinearRing>
					</outerBoundaryIs>
				</Polygon>
			</Placemark>
			<Placemark>
				<name>1.4.22-21</name>
				<styleUrl>#msn_ylw-pushpin530011000</styleUrl>
				<Polygon>
					<tessellate>1</tessellate>
					<outerBoundaryIs>
						<LinearRing>
							<coordinates>
								-71.57923789572826,-16.39893556322877,0 -71.58002990715373,-16.39900052448985,0 -71.58028787887302,-16.39989163245972,0 -71.57948098654073,-16.39978979533634,0 -71.57923789572826,-16.39893556322877,0 
							</coordinates>
						</LinearRing>
					</outerBoundaryIs>
				</Polygon>
			</Placemark>
			<Placemark>
				<name>1.4.22-25</name>
				<styleUrl>#msn_ylw-pushpin530011000</styleUrl>
				<Polygon>
					<tessellate>1</tessellate>
					<outerBoundaryIs>
						<LinearRing>
							<coordinates>
								-71.58236368407577,-16.40018916511311,0 -71.58166795008125,-16.40009563783461,0 -71.58134940847786,-16.39914797884461,0 -71.58202970925771,-16.39920189867558,0 -71.58236368407577,-16.40018916511311,0 
							</coordinates>
						</LinearRing>
					</outerBoundaryIs>
				</Polygon>
			</Placemark>
			<Placemark>
				<name>1.4.22-26</name>
				<styleUrl>#msn_ylw-pushpin530011000</styleUrl>
				<Polygon>
					<tessellate>1</tessellate>
					<outerBoundaryIs>
						<LinearRing>
							<coordinates>
								-71.58325060663579,-16.40028036338874,0 -71.58255231558032,-16.40020499273283,0 -71.58223831419241,-16.39921135344492,0 -71.58290901922123,-16.39928408408118,0 -71.58325060663579,-16.40028036338874,0 
							</coordinates>
						</LinearRing>
					</outerBoundaryIs>
				</Polygon>
			</Placemark>
			<Placemark>
				<name>1.4.22-29</name>
				<styleUrl>#msn_ylw-pushpin530011000</styleUrl>
				<Polygon>
					<tessellate>1</tessellate>
					<outerBoundaryIs>
						<LinearRing>
							<coordinates>
								-71.58404398375863,-16.40042791848792,0 -71.58338126657576,-16.40033403326651,0 -71.58304260048045,-16.39928000640433,0 -71.58389552455452,-16.39939161413211,0 -71.58404398375863,-16.40042791848792,0 
							</coordinates>
						</LinearRing>
					</outerBoundaryIs>
				</Polygon>
			</Placemark>
			<Placemark>
				<name>1.4.23-22</name>
				<styleUrl>#msn_ylw-pushpin530011000</styleUrl>
				<Polygon>
					<tessellate>1</tessellate>
					<outerBoundaryIs>
						<LinearRing>
							<coordinates>
								-71.58034790989291,-16.40008534048449,0 -71.58056128827295,-16.40080552220918,0 -71.57968650915618,-16.40073452540329,0 -71.57949624052675,-16.39994885693633,0 -71.58034790989291,-16.40008534048449,0 
							</coordinates>
						</LinearRing>
					</outerBoundaryIs>
				</Polygon>
			</Placemark>
			<Placemark>
				<name>1.4.23-27</name>
				<styleUrl>#msn_ylw-pushpin530011000</styleUrl>
				<Polygon>
					<tessellate>1</tessellate>
					<outerBoundaryIs>
						<LinearRing>
							<coordinates>
								-71.58260237274224,-16.4003891565351,0 -71.58331596551004,-16.40044508595467,0 -71.58364705032126,-16.40151830138474,0 -71.58293496903933,-16.40145503998436,0 -71.58260237274224,-16.4003891565351,0 
							</coordinates>
						</LinearRing>
					</outerBoundaryIs>
				</Polygon>
			</Placemark>
			<Placemark>
				<name>1.4.23-28</name>
				<styleUrl>#msn_ylw-pushpin530011000</styleUrl>
				<Polygon>
					<tessellate>1</tessellate>
					<outerBoundaryIs>
						<LinearRing>
							<coordinates>
								-71.58341388045531,-16.40049015673836,0 -71.58406607725058,-16.40058402931574,0 -71.58414088169823,-16.40132093330922,0 -71.58384817453017,-16.40154790984258,0 -71.58374431956396,-16.40155825343813,0 -71.58341388045531,-16.40049015673836,0 
							</coordinates>
						</LinearRing>
					</outerBoundaryIs>
				</Polygon>
			</Placemark>
			<Placemark>
				<name>1.4.34-1</name>
				<styleUrl>#msn_ylw-pushpin530011000</styleUrl>
				<Polygon>
					<tessellate>1</tessellate>
					<outerBoundaryIs>
						<LinearRing>
							<coordinates>
								-71.58952195602315,-16.38598052685427,0 -71.58937168847208,-16.3858573881777,0 -71.58928898644594,-16.38577689911739,0 -71.58922798541643,-16.38564311448183,0 -71.58933758736406,-16.38562417937501,0 -71.58978958514588,-16.3856159478788,0 -71.5898624533796,-16.38602481445005,0 -71.58952195602315,-16.38598052685427,0 
							</coordinates>
						</LinearRing>
					</outerBoundaryIs>
				</Polygon>
			</Placemark>
			<Placemark>
				<name>1.4.34-2</name>
				<styleUrl>#msn_ylw-pushpin530011000</styleUrl>
				<Polygon>
					<tessellate>1</tessellate>
					<outerBoundaryIs>
						<LinearRing>
							<coordinates>
								-71.58989238501242,-16.38601693677291,0 -71.58984746634303,-16.38560266978169,0 -71.59032690470931,-16.38554729977355,0 -71.59036279090284,-16.38597740145358,0 -71.58989238501242,-16.38601693677291,0 
							</coordinates>
						</LinearRing>
					</outerBoundaryIs>
				</Polygon>
			</Placemark>
			<Placemark>
				<name>1.4.34-3</name>
				<styleUrl>#msn_ylw-pushpin530011000</styleUrl>
				<Polygon>
					<tessellate>1</tessellate>
					<outerBoundaryIs>
						<LinearRing>
							<coordinates>
								-71.59038916414804,-16.38595880584339,0 -71.59034839380848,-16.38556275025624,0 -71.59082840596956,-16.38549406503116,0 -71.59088826271281,-16.38590503234185,0 -71.59038916414804,-16.38595880584339,0 
							</coordinates>
						</LinearRing>
					</outerBoundaryIs>
				</Polygon>
			</Placemark>
			<Placemark>
				<name>1.4.34-4</name>
				<styleUrl>#msn_ylw-pushpin530011000</styleUrl>
				<Polygon>
					<tessellate>1</tessellate>
					<outerBoundaryIs>
						<LinearRing>
							<coordinates>
								-71.5922060199732,-16.38505825963736,0 -71.59229250510595,-16.38530294779273,0 -71.59234098919293,-16.38549972189807,0 -71.59148587931611,-16.38577372601926,0 -71.59120258306285,-16.3858411063539,0 -71.5909080325346,-16.38590396772099,0 -71.59084981980072,-16.38547126540515,0 -71.5922060199732,-16.38505825963736,0 
							</coordinates>
						</LinearRing>
					</outerBoundaryIs>
				</Polygon>
			</Placemark>
			<Placemark>
				<name>1.4.34-5</name>
				<styleUrl>#msn_ylw-pushpin530011000</styleUrl>
				<Polygon>
					<tessellate>1</tessellate>
					<outerBoundaryIs>
						<LinearRing>
							<coordinates>
								-71.59248204994708,-16.38497399293846,0 -71.59261542783847,-16.38445007403567,0 -71.59326559077287,-16.38445408545261,0 -71.59328854391258,-16.38495481318846,0 -71.5933786341744,-16.38541560810848,0 -71.59261655819323,-16.38570211714706,0 -71.59236522445192,-16.38546131431178,0 -71.59222788372824,-16.38504233935904,0 -71.59248204994708,-16.38497399293846,0 
							</coordinates>
						</LinearRing>
					</outerBoundaryIs>
				</Polygon>
			</Placemark>
			<Placemark>
				<name>1.4.34-6</name>
				<styleUrl>#msn_ylw-pushpin530011000</styleUrl>
				<Polygon>
					<tessellate>1</tessellate>
					<outerBoundaryIs>
						<LinearRing>
							<coordinates>
								-71.59258537375686,-16.38444238936755,0 -71.59249229655644,-16.38467154490231,0 -71.59183710254358,-16.38464024616693,0 -71.59140925391419,-16.38434090755431,0 -71.59161740415149,-16.38429897518526,0 -71.59173780614296,-16.38429491314223,0 -71.591866454439,-16.38438949660036,0 -71.59258537375686,-16.38444238936755,0 
							</coordinates>
						</LinearRing>
					</outerBoundaryIs>
				</Polygon>
			</Placemark>
			<Placemark>
				<name>1.4.34-7</name>
				<styleUrl>#msn_ylw-pushpin530011000</styleUrl>
				<Polygon>
					<tessellate>1</tessellate>
					<outerBoundaryIs>
						<LinearRing>
							<coordinates>
								-71.59250368387318,-16.38474066450111,0 -71.59246055824215,-16.38494947990628,0 -71.59188013839464,-16.38510344987328,0 -71.59182433652144,-16.38471335302818,0 -71.59250368387318,-16.38474066450111,0 
							</coordinates>
						</LinearRing>
					</outerBoundaryIs>
				</Polygon>
			</Placemark>
			<Placemark>
				<name>1.4.34-8</name>
				<styleUrl>#msn_ylw-pushpin530011000</styleUrl>
				<Polygon>
					<tessellate>1</tessellate>
					<outerBoundaryIs>
						<LinearRing>
							<coordinates>
								-71.59162939848109,-16.38513840006689,0 -71.59120255146959,-16.38487223037548,0 -71.59071843196081,-16.38451210563623,0 -71.59112332928444,-16.38438328513998,0 -71.59130592688506,-16.3843575597832,0 -71.59177999033136,-16.38469536203178,0 -71.5918205845711,-16.38509650365286,0 -71.59162939848109,-16.38513840006689,0 
							</coordinates>
						</LinearRing>
					</outerBoundaryIs>
				</Polygon>
			</Placemark>
			<Placemark>
				<name>1.4.34-9</name>
				<styleUrl>#msn_ylw-pushpin530011000</styleUrl>
				<Polygon>
					<tessellate>1</tessellate>
					<outerBoundaryIs>
						<LinearRing>
							<coordinates>
								-71.5907094407106,-16.38495799738568,0 -71.59099806809122,-16.38484133142337,0 -71.59139781564384,-16.3850644938352,0 -71.59147980484522,-16.38522555935063,0 -71.59084136228392,-16.38541393439382,0 -71.59025829930468,-16.38548616446784,0 -71.58929502416551,-16.38556582421608,0 -71.58920884428009,-16.3853100270876,0 -71.58929700140175,-16.38510361223791,0 -71.5907094407106,-16.38495799738568,0 
							</coordinates>
						</LinearRing>
					</outerBoundaryIs>
				</Polygon>
			</Placemark>
			<Placemark>
				<name>1.4.34-10</name>
				<styleUrl>#msn_ylw-pushpin530011000</styleUrl>
				<Polygon>
					<tessellate>1</tessellate>
					<outerBoundaryIs>
						<LinearRing>
							<coordinates>
								-71.58935321974658,-16.38506353964085,0 -71.58932821271107,-16.38500694511214,0 -71.58954843595184,-16.38484798929268,0 -71.58988053488972,-16.38474933297372,0 -71.59027211627377,-16.38463595331676,0 -71.59061941431096,-16.38454114351704,0 -71.59093756923951,-16.38479940236283,0 -71.59072515211567,-16.38490722457742,0 -71.58935321974658,-16.38506353964085,0 
							</coordinates>
						</LinearRing>
					</outerBoundaryIs>
				</Polygon>
			</Placemark>
			<Placemark>
				<name>1.4.34-11</name>
				<styleUrl>#msn_ylw-pushpin530011000</styleUrl>
				<Polygon>
					<tessellate>1</tessellate>
					<outerBoundaryIs>
						<LinearRing>
							<coordinates>
								-71.59042231180855,-16.38452484579042,0 -71.59025054377375,-16.38412950123045,0 -71.59143730597071,-16.38408001756211,0 -71.59162897184925,-16.3842419726984,0 -71.59042231180855,-16.38452484579042,0 
							</coordinates>
						</LinearRing>
					</outerBoundaryIs>
				</Polygon>
			</Placemark>
			<Placemark>
				<name>1.4.107-74</name>
				<styleUrl>#msn_ylw-pushpin530011000</styleUrl>
				<Polygon>
					<tessellate>1</tessellate>
					<outerBoundaryIs>
						<LinearRing>
							<coordinates>
								-71.61398869929729,-16.37249713117495,0 -71.61213633485727,-16.37196033288166,0 -71.61226523792953,-16.37140924513178,0 -71.61415837793896,-16.37200382767836,0 -71.61398869929729,-16.37249713117495,0 
							</coordinates>
						</LinearRing>
					</outerBoundaryIs>
				</Polygon>
			</Placemark>
			<Placemark>
				<name>1.4.107-78</name>
				<styleUrl>#msn_ylw-pushpin530011000</styleUrl>
				<Polygon>
					<tessellate>1</tessellate>
					<outerBoundaryIs>
						<LinearRing>
							<coordinates>
								-71.61620222613094,-16.37250901050694,0 -71.61430258039769,-16.37193680918722,0 -71.61452168033007,-16.37133471138961,0 -71.61640085360497,-16.3718922003597,0 -71.61620222613094,-16.37250901050694,0 
							</coordinates>
						</LinearRing>
					</outerBoundaryIs>
				</Polygon>
			</Placemark>
			<Placemark>
				<name>1.4.107-79</name>
				<styleUrl>#msn_ylw-pushpin530011000</styleUrl>
				<Polygon>
					<tessellate>1</tessellate>
					<outerBoundaryIs>
						<LinearRing>
							<coordinates>
								-71.61615603108324,-16.37257325275932,0 -71.61593385306456,-16.37311132701365,0 -71.61408079366836,-16.37252894082245,0 -71.61427688237562,-16.37202923878022,0 -71.61615603108324,-16.37257325275932,0 
							</coordinates>
						</LinearRing>
					</outerBoundaryIs>
				</Polygon>
			</Placemark>
			<Placemark>
				<name>1.4.107-81</name>
				<styleUrl>#msn_ylw-pushpin530011000</styleUrl>
				<Polygon>
					<tessellate>1</tessellate>
					<outerBoundaryIs>
						<LinearRing>
							<coordinates>
								-71.61559417330228,-16.37433230251017,0 -71.61370722638937,-16.37371003809989,0 -71.61387077177275,-16.373179002201,0 -71.6157716398499,-16.37380542776859,0 -71.61559417330228,-16.37433230251017,0 
							</coordinates>
						</LinearRing>
					</outerBoundaryIs>
				</Polygon>
			</Placemark>
			<Placemark>
				<name>1.4.107-82</name>
				<styleUrl>#msn_ylw-pushpin530011000</styleUrl>
				<Polygon>
					<tessellate>1</tessellate>
					<outerBoundaryIs>
						<LinearRing>
							<coordinates>
								-71.61541050847546,-16.37494655694393,0 -71.61353346848745,-16.37435675007211,0 -71.61369674249596,-16.37381011228552,0 -71.6155771268696,-16.37442597911313,0 -71.61541050847546,-16.37494655694393,0 
							</coordinates>
						</LinearRing>
					</outerBoundaryIs>
				</Polygon>
			</Placemark>
			<Placemark>
				<name>1.4.107-83</name>
				<styleUrl>#msn_ylw-pushpin530011000</styleUrl>
				<Polygon>
					<tessellate>1</tessellate>
					<outerBoundaryIs>
						<LinearRing>
							<coordinates>
								-71.61519965646842,-16.3755363591433,0 -71.61334759400191,-16.37495448417114,0 -71.61350691746657,-16.37445704751659,0 -71.61536128139925,-16.37503164245565,0 -71.61519965646842,-16.3755363591433,0 
							</coordinates>
						</LinearRing>
					</outerBoundaryIs>
				</Polygon>
			</Placemark>
			<Placemark>
				<name>1.4.107-85</name>
				<styleUrl>#msn_ylw-pushpin530011000</styleUrl>
				<Polygon>
					<tessellate>1</tessellate>
					<outerBoundaryIs>
						<LinearRing>
							<coordinates>
								-71.61479087881342,-16.37669829513635,0 -71.61296682692524,-16.37617451012925,0 -71.61313557468873,-16.37568242455939,0 -71.61492948845634,-16.37623731005755,0 -71.61479087881342,-16.37669829513635,0 
							</coordinates>
						</LinearRing>
					</outerBoundaryIs>
				</Polygon>
			</Placemark>
			<Placemark>
				<name>1.4.107-90</name>
				<styleUrl>#msn_ylw-pushpin530011000</styleUrl>
				<Polygon>
					<tessellate>1</tessellate>
					<outerBoundaryIs>
						<LinearRing>
							<coordinates>
								-71.61754367362798,-16.37487684714717,0 -71.61571574032551,-16.37433299806683,0 -71.61589471336573,-16.37386876017725,0 -71.61766899642511,-16.37442101827921,0 -71.61754367362798,-16.37487684714717,0 
							</coordinates>
						</LinearRing>
					</outerBoundaryIs>
				</Polygon>
			</Placemark>
			<Placemark>
				<name>1.4.107-92</name>
				<styleUrl>#msn_ylw-pushpin530011000</styleUrl>
				<Polygon>
					<tessellate>1</tessellate>
					<outerBoundaryIs>
						<LinearRing>
							<coordinates>
								-71.61962898850801,-16.37353762499638,0 -71.61822147657206,-16.37313594921142,0 -71.6184042345474,-16.3724882061641,0 -71.62034884486599,-16.37315834415679,0 -71.61962898850801,-16.37353762499638,0 
							</coordinates>
						</LinearRing>
					</outerBoundaryIs>
				</Polygon>
			</Placemark>
			<Placemark>
				<name>1.4.107-93</name>
				<styleUrl>#msn_ylw-pushpin530011000</styleUrl>
				<Polygon>
					<tessellate>1</tessellate>
					<outerBoundaryIs>
						<LinearRing>
							<coordinates>
								-71.61906557173043,-16.37403536750918,0 -71.61800879418992,-16.37374660663015,0 -71.61820061593374,-16.37321121391758,0 -71.61952703115277,-16.37360261404985,0 -71.61906557173043,-16.37403536750918,0 
							</coordinates>
						</LinearRing>
					</outerBoundaryIs>
				</Polygon>
			</Placemark>
			<Placemark>
				<name>1.4.107-94</name>
				<styleUrl>#msn_ylw-pushpin530011000</styleUrl>
				<Polygon>
					<tessellate>1</tessellate>
					<outerBoundaryIs>
						<LinearRing>
							<coordinates>
								-71.6136289001624,-16.3769515177246,0 -71.61282074890012,-16.37664180032487,0 -71.61299725964402,-16.37625318451738,0 -71.61409529082407,-16.37658077014121,0 -71.6136289001624,-16.3769515177246,0 
							</coordinates>
						</LinearRing>
					</outerBoundaryIs>
				</Polygon>
			</Placemark>
			<Placemark>
				<name>1.4.107-95</name>
				<styleUrl>#msn_ylw-pushpin530011000</styleUrl>
				<Polygon>
					<tessellate>1</tessellate>
					<outerBoundaryIs>
						<LinearRing>
							<coordinates>
								-71.61198903974507,-16.37792768703476,0 -71.61153825693737,-16.37752082233176,0 -71.61276307289802,-16.37682967498259,0 -71.61283284381959,-16.37667374281676,0 -71.6135014854756,-16.37696194646604,0 -71.61198903974507,-16.37792768703476,0 
							</coordinates>
						</LinearRing>
					</outerBoundaryIs>
				</Polygon>
			</Placemark>
			<Placemark>
				<name>1.4.107-97</name>
				<styleUrl>#msn_ylw-pushpin530011000</styleUrl>
				<Polygon>
					<tessellate>1</tessellate>
					<outerBoundaryIs>
						<LinearRing>
							<coordinates>
								-71.61116443563543,-16.37702374809915,0 -71.6108521090013,-16.37646993902042,0 -71.6118545908315,-16.37578369859994,0 -71.61218997372795,-16.37631386412101,0 -71.61116443563543,-16.37702374809915,0 
							</coordinates>
						</LinearRing>
					</outerBoundaryIs>
				</Polygon>
			</Placemark>
			<Placemark>
				<name>1.4.107-98</name>
				<styleUrl>#msn_ylw-pushpin530011000</styleUrl>
				<Polygon>
					<tessellate>1</tessellate>
					<outerBoundaryIs>
						<LinearRing>
							<coordinates>
								-71.61084172656571,-16.37642086906851,0 -71.61069175429303,-16.37614249210908,0 -71.6104521738982,-16.37588820658657,0 -71.61132320993126,-16.37526734104691,0 -71.6117890871547,-16.37574446364977,0 -71.61084172656571,-16.37642086906851,0 
							</coordinates>
						</LinearRing>
					</outerBoundaryIs>
				</Polygon>
			</Placemark>
			<Placemark>
				<name>1.4.107-99</name>
				<styleUrl>#msn_ylw-pushpin530011000</styleUrl>
				<Polygon>
					<tessellate>1</tessellate>
					<outerBoundaryIs>
						<LinearRing>
							<coordinates>
								-71.61040293501074,-16.37585722719301,0 -71.61027946813854,-16.37575879916665,0 -71.61021226705624,-16.37564958038115,0 -71.61007733933832,-16.37546750508805,0 -71.60984235777769,-16.3751334487027,0 -71.61101290624012,-16.37485916295083,0 -71.61129212856859,-16.37522099921885,0 -71.61040293501074,-16.37585722719301,0 
							</coordinates>
						</LinearRing>
					</outerBoundaryIs>
				</Polygon>
			</Placemark>
			<Placemark>
				<name>1.4.332-44</name>
				<styleUrl>#msn_ylw-pushpin530011000</styleUrl>
				<Polygon>
					<tessellate>1</tessellate>
					<outerBoundaryIs>
						<LinearRing>
							<coordinates>
								-71.63814028733678,-16.37017345764918,0 -71.63822861910012,-16.37030756711277,0 -71.63830805584702,-16.37039214736703,0 -71.63843883134589,-16.37048347698523,0 -71.63849023995891,-16.37056501555576,0 -71.63787411027464,-16.37056919018213,0 -71.63787477816945,-16.3701735157156,0 -71.63814028733678,-16.37017345764918,0 
							</coordinates>
						</LinearRing>
					</outerBoundaryIs>
				</Polygon>
			</Placemark>
			<Placemark>
				<name>1.4.332-46</name>
				<styleUrl>#msn_ylw-pushpin530011000</styleUrl>
				<Polygon>
					<tessellate>1</tessellate>
					<outerBoundaryIs>
						<LinearRing>
							<coordinates>
								-71.63859155835317,-16.37106372094924,0 -71.63859376967135,-16.37145220699605,0 -71.63788080194129,-16.37145950775274,0 -71.63787183481551,-16.37106387593023,0 -71.63859155835317,-16.37106372094924,0 
							</coordinates>
						</LinearRing>
					</outerBoundaryIs>
				</Polygon>
			</Placemark>
			<Placemark>
				<name>1.4.332-49</name>
				<styleUrl>#msn_ylw-pushpin530011000</styleUrl>
				<Polygon>
					<tessellate>1</tessellate>
					<outerBoundaryIs>
						<LinearRing>
							<coordinates>
								-71.63950066660981,-16.3712986372081,0 -71.63958838526241,-16.37087989261575,0 -71.63996663803357,-16.37097533855486,0 -71.63985511534544,-16.37136412753817,0 -71.63950066660981,-16.3712986372081,0 
							</coordinates>
						</LinearRing>
					</outerBoundaryIs>
				</Polygon>
			</Placemark>
			<Placemark>
				<name>1.4.332-50</name>
				<styleUrl>#msn_ylw-pushpin530011000</styleUrl>
				<Polygon>
					<tessellate>1</tessellate>
					<outerBoundaryIs>
						<LinearRing>
							<coordinates>
								-71.64058709822071,-16.37123929130547,0 -71.64052658438422,-16.3714676144632,0 -71.63996694564482,-16.37138214572414,0 -71.6400633960168,-16.37101454782805,0 -71.64058709822071,-16.37123929130547,0 
							</coordinates>
						</LinearRing>
					</outerBoundaryIs>
				</Polygon>
			</Placemark>
			<Placemark>
				<name>1.4.332-56</name>
				<styleUrl>#msn_ylw-pushpin530011000</styleUrl>
				<Polygon>
					<tessellate>1</tessellate>
					<outerBoundaryIs>
						<LinearRing>
							<coordinates>
								-71.62762756163235,-16.3722114171031,0 -71.62805802006821,-16.37242914352202,0 -71.62815973518492,-16.37256215252929,0 -71.62813073203868,-16.3727678648991,0 -71.62786692726385,-16.37280187161955,0 -71.62772518480399,-16.37275838491727,0 -71.62762033673849,-16.37273223026413,0 -71.62751252118926,-16.37267497142592,0 -71.62742936751943,-16.37259145113491,0 -71.62762756163235,-16.3722114171031,0 
							</coordinates>
						</LinearRing>
					</outerBoundaryIs>
				</Polygon>
			</Placemark>
			<Placemark>
				<name>1.4.332-91</name>
				<styleUrl>#msn_ylw-pushpin530011000</styleUrl>
				<Polygon>
					<tessellate>1</tessellate>
					<outerBoundaryIs>
						<LinearRing>
							<coordinates>
								-71.63064217055123,-16.38160574719843,0 -71.63080900019872,-16.3819726147947,0 -71.6299814569895,-16.38197204322244,0 -71.62996313429984,-16.38184286257086,0 -71.63064217055123,-16.38160574719843,0 
							</coordinates>
						</LinearRing>
					</outerBoundaryIs>
				</Polygon>
			</Placemark>
			<Placemark>
				<name>1.4.332-108</name>
				<styleUrl>#msn_ylw-pushpin530011000</styleUrl>
				<Polygon>
					<tessellate>1</tessellate>
					<outerBoundaryIs>
						<LinearRing>
							<coordinates>
								-71.63123007852113,-16.37602927594607,0 -71.63133676953986,-16.37693636493579,0 -71.63097286315585,-16.37699144315687,0 -71.63072480126499,-16.37611850599065,0 -71.63123007852113,-16.37602927594607,0 
							</coordinates>
						</LinearRing>
					</outerBoundaryIs>
				</Polygon>
			</Placemark>
			<Placemark>
				<name>1.4.332-117</name>
				<styleUrl>#msn_ylw-pushpin530011000</styleUrl>
				<Polygon>
					<tessellate>1</tessellate>
					<outerBoundaryIs>
						<LinearRing>
							<coordinates>
								-71.63396491964885,-16.37114661252778,0 -71.63413481815425,-16.37098475809797,0 -71.63432761744197,-16.37096393406667,0 -71.63448809687519,-16.37098240107665,0 -71.63465175409971,-16.37108675110474,0 -71.63462799250254,-16.37127550101702,0 -71.63400970012724,-16.37147761474666,0 -71.63396491964885,-16.37114661252778,0 
							</coordinates>
						</LinearRing>
					</outerBoundaryIs>
				</Polygon>
			</Placemark>
			<Placemark>
				<name>1.4.332-123</name>
				<styleUrl>#msn_ylw-pushpin530011000</styleUrl>
				<Polygon>
					<tessellate>1</tessellate>
					<outerBoundaryIs>
						<LinearRing>
							<coordinates>
								-71.63779559248881,-16.3720044647971,0 -71.63668067399759,-16.37201139868208,0 -71.63667700809003,-16.37180964940801,0 -71.63778201747027,-16.37184772038245,0 -71.63779559248881,-16.3720044647971,0 
							</coordinates>
						</LinearRing>
					</outerBoundaryIs>
				</Polygon>
			</Placemark>
			<Placemark>
				<name>1.4.332-131</name>
				<styleUrl>#msn_ylw-pushpin530011000</styleUrl>
				<Polygon>
					<tessellate>1</tessellate>
					<outerBoundaryIs>
						<LinearRing>
							<coordinates>
								-71.63985629549208,-16.37217541768409,0 -71.63975537453079,-16.37233669865245,0 -71.63900490432131,-16.37198666047724,0 -71.63909566269616,-16.3717969635831,0 -71.63985629549208,-16.37217541768409,0 
							</coordinates>
						</LinearRing>
					</outerBoundaryIs>
				</Polygon>
			</Placemark>
			<Placemark>
				<name>1.4.332-142</name>
				<styleUrl>#msn_ylw-pushpin530011000</styleUrl>
				<Polygon>
					<tessellate>1</tessellate>
					<outerBoundaryIs>
						<LinearRing>
							<coordinates>
								-71.6415047514683,-16.37410445569174,0 -71.64149128439719,-16.37356921650395,0 -71.64180869371837,-16.37387043246259,0 -71.64242338735612,-16.37403377643273,0 -71.64238668831953,-16.37426775187217,0 -71.6415047514683,-16.37410445569174,0 
							</coordinates>
						</LinearRing>
					</outerBoundaryIs>
				</Polygon>
			</Placemark>
			<Placemark>
				<name>1.4.332-143</name>
				<styleUrl>#msn_ylw-pushpin530011000</styleUrl>
				<Polygon>
					<tessellate>1</tessellate>
					<outerBoundaryIs>
						<LinearRing>
							<coordinates>
								-71.63515442224579,-16.37363244183084,0 -71.63434738720254,-16.37380806561851,0 -71.63427678181804,-16.37360437966916,0 -71.63504465171953,-16.37337208371811,0 -71.63515442224579,-16.37363244183084,0 
							</coordinates>
						</LinearRing>
					</outerBoundaryIs>
				</Polygon>
			</Placemark>
			<Placemark>
				<name>1.4.332-150</name>
				<styleUrl>#msn_ylw-pushpin530011000</styleUrl>
				<Polygon>
					<tessellate>1</tessellate>
					<outerBoundaryIs>
						<LinearRing>
							<coordinates>
								-71.64245250643397,-16.37437350662167,0 -71.6425895358346,-16.37470680521439,0 -71.64257292491372,-16.37515871917603,0 -71.64143811066099,-16.37496341950457,0 -71.641513781029,-16.37418778659565,0 -71.64245250643397,-16.37437350662167,0 
							</coordinates>
						</LinearRing>
					</outerBoundaryIs>
				</Polygon>
			</Placemark>
			<Placemark>
				<name>1.4.332-151</name>
				<styleUrl>#msn_ylw-pushpin530011000</styleUrl>
				<Polygon>
					<tessellate>1</tessellate>
					<outerBoundaryIs>
						<LinearRing>
							<coordinates>
								-71.64295729924581,-16.37614259785894,0 -71.6425564157439,-16.37607216168824,0 -71.64262306395,-16.37526127331076,0 -71.64296046302923,-16.37527082437775,0 -71.64295729924581,-16.37614259785894,0 
							</coordinates>
						</LinearRing>
					</outerBoundaryIs>
				</Polygon>
			</Placemark>
			<Placemark>
				<name>1.4.332-159</name>
				<styleUrl>#msn_ylw-pushpin530011000</styleUrl>
				<Polygon>
					<tessellate>1</tessellate>
					<outerBoundaryIs>
						<LinearRing>
							<coordinates>
								-71.63524915892646,-16.37652264007831,0 -71.63379115358762,-16.3766738392481,0 -71.63369117071257,-16.3757761065906,0 -71.63520831549023,-16.37562378082712,0 -71.63524915892646,-16.37652264007831,0 
							</coordinates>
						</LinearRing>
					</outerBoundaryIs>
				</Polygon>
			</Placemark>
			<Placemark>
				<name>1.4.332-164</name>
				<styleUrl>#msn_ylw-pushpin530011000</styleUrl>
				<Polygon>
					<tessellate>1</tessellate>
					<outerBoundaryIs>
						<LinearRing>
							<coordinates>
								-71.64249964963574,-16.37617473215245,0 -71.64240624328554,-16.37682216863766,0 -71.64225260719915,-16.37697603900313,0 -71.64130384893069,-16.37680313930512,0 -71.64134377698753,-16.37599225755542,0 -71.64249964963574,-16.37617473215245,0 
							</coordinates>
						</LinearRing>
					</outerBoundaryIs>
				</Polygon>
			</Placemark>
			<Placemark>
				<name>1.4.332-168</name>
				<styleUrl>#msn_ylw-pushpin530011000</styleUrl>
				<Polygon>
					<tessellate>1</tessellate>
					<outerBoundaryIs>
						<LinearRing>
							<coordinates>
								-71.63952811829054,-16.37741479752932,0 -71.63851919024175,-16.37747586771348,0 -71.63864261440902,-16.3764469463066,0 -71.63960146956848,-16.37663269071853,0 -71.63952811829054,-16.37741479752932,0 
							</coordinates>
						</LinearRing>
					</outerBoundaryIs>
				</Polygon>
			</Placemark>
			<Placemark>
				<name>1.4.332-169</name>
				<styleUrl>#msn_ylw-pushpin530011000</styleUrl>
				<Polygon>
					<tessellate>1</tessellate>
					<outerBoundaryIs>
						<LinearRing>
							<coordinates>
								-71.63851257150748,-16.37640470605684,0 -71.6384233785312,-16.37749797948448,0 -71.63759320960106,-16.37752199131102,0 -71.63771177621106,-16.37632421363222,0 -71.63851257150748,-16.37640470605684,0 
							</coordinates>
						</LinearRing>
					</outerBoundaryIs>
				</Polygon>
			</Placemark>
			<Placemark>
				<name>1.4.332-173</name>
				<styleUrl>#msn_ylw-pushpin530011000</styleUrl>
				<Polygon>
					<tessellate>1</tessellate>
					<outerBoundaryIs>
						<LinearRing>
							<coordinates>
								-71.63649118712661,-16.37752360799823,0 -71.63764519442016,-16.37762810400352,0 -71.6377099339492,-16.3779559289821,0 -71.63673263221705,-16.37828347362467,0 -71.63563741585288,-16.37852498368726,0 -71.63550977410225,-16.37763970511702,0 -71.63649118712661,-16.37752360799823,0 
							</coordinates>
						</LinearRing>
					</outerBoundaryIs>
				</Polygon>
			</Placemark>
			<Placemark>
				<name>1.4.332-175</name>
				<styleUrl>#msn_ylw-pushpin530011000</styleUrl>
				<Polygon>
					<tessellate>1</tessellate>
					<outerBoundaryIs>
						<LinearRing>
							<coordinates>
								-71.63951174053756,-16.3775214664755,0 -71.63944024420631,-16.37838354815427,0 -71.63911453572918,-16.37842190273111,0 -71.63865466739476,-16.37862658030823,0 -71.63828395872376,-16.37881270289831,0 -71.63798675908511,-16.37893616089679,0 -71.63798453207853,-16.37846034338477,0 -71.63797546886829,-16.3780756715011,0 -71.63800246362791,-16.37760045092081,0 -71.63951174053756,-16.3775214664755,0 
							</coordinates>
						</LinearRing>
					</outerBoundaryIs>
				</Polygon>
			</Placemark>
			<Placemark>
				<name>1.4.332-177</name>
				<styleUrl>#msn_ylw-pushpin530011000</styleUrl>
				<Polygon>
					<tessellate>1</tessellate>
					<outerBoundaryIs>
						<LinearRing>
							<coordinates>
								-71.64111385064619,-16.37856519803966,0 -71.64120595281014,-16.37776051994195,0 -71.64149803223593,-16.37779861244437,0 -71.64183331548254,-16.37777081360614,0 -71.64204775121308,-16.37757590165058,0 -71.64212256784522,-16.3780435641374,0 -71.64111385064619,-16.37856519803966,0 
							</coordinates>
						</LinearRing>
					</outerBoundaryIs>
				</Polygon>
			</Placemark>
			<Placemark>
				<name>1.4.332-178</name>
				<styleUrl>#msn_ylw-pushpin530011000</styleUrl>
				<Polygon>
					<tessellate>1</tessellate>
					<outerBoundaryIs>
						<LinearRing>
							<coordinates>
								-71.64249293005621,-16.37793781070926,0 -71.64253559548818,-16.37801274273655,0 -71.64257013598429,-16.37814870417409,0 -71.64264733681171,-16.37821219391164,0 -71.64271656410241,-16.37829216669536,0 -71.64271713191289,-16.37843621379261,0 -71.64253463597146,-16.37855209008672,0 -71.64229170964782,-16.37830082488348,0 -71.64204408549656,-16.37817297490955,0 -71.64249293005621,-16.37793781070926,0 
							</coordinates>
						</LinearRing>
					</outerBoundaryIs>
				</Polygon>
			</Placemark>
			<Placemark>
				<name>1.4.332-179</name>
				<styleUrl>#msn_ylw-pushpin530011000</styleUrl>
				<Polygon>
					<tessellate>1</tessellate>
					<outerBoundaryIs>
						<LinearRing>
							<coordinates>
								-71.64197731509523,-16.37826301957601,0 -71.64226058371852,-16.37834600890617,0 -71.64253496581028,-16.37880887831517,0 -71.64218701656972,-16.37913722899825,0 -71.64187318889844,-16.37926156943348,0 -71.64142273540041,-16.37938208183841,0 -71.64111514526273,-16.37943883923704,0 -71.64111436782838,-16.37908689236639,0 -71.64109193531318,-16.37865562186967,0 -71.64197731509523,-16.37826301957601,0 
							</coordinates>
						</LinearRing>
					</outerBoundaryIs>
				</Polygon>
			</Placemark>
			<Placemark>
				<name>1.4.332-180</name>
				<styleUrl>#msn_ylw-pushpin530011000</styleUrl>
				<Polygon>
					<tessellate>1</tessellate>
					<outerBoundaryIs>
						<LinearRing>
							<coordinates>
								-71.64097353553427,-16.37949030137829,0 -71.64058139574898,-16.37952081310669,0 -71.64021883135169,-16.37945996176202,0 -71.63986630650182,-16.37936162230203,0 -71.63948786770182,-16.37932427923197,0 -71.63952424970067,-16.37852432466528,0 -71.64101813064241,-16.37871908814025,0 -71.64097353553427,-16.37949030137829,0 
							</coordinates>
						</LinearRing>
					</outerBoundaryIs>
				</Polygon>
			</Placemark>
			<Placemark>
				<name>1.4.332-184</name>
				<styleUrl>#msn_ylw-pushpin530011000</styleUrl>
				<Polygon>
					<tessellate>1</tessellate>
					<outerBoundaryIs>
						<LinearRing>
							<coordinates>
								-71.64383554657586,-16.37828707451632,0 -71.64365830426674,-16.37848036832257,0 -71.64345783765303,-16.37845740404221,0 -71.64308726340209,-16.3785179109691,0 -71.64282191964736,-16.37851796111394,0 -71.64274761196525,-16.37833891336055,0 -71.64322675405701,-16.37825685072799,0 -71.64383508719202,-16.37810697168876,0 -71.64383554657586,-16.37828707451632,0 
							</coordinates>
						</LinearRing>
					</outerBoundaryIs>
				</Polygon>
			</Placemark>
			<Placemark>
				<name>1.4.332-185</name>
				<styleUrl>#msn_ylw-pushpin530011000</styleUrl>
				<Polygon>
					<tessellate>1</tessellate>
					<outerBoundaryIs>
						<LinearRing>
							<coordinates>
								-71.64280562882527,-16.37725692230082,0 -71.64299676096228,-16.37800255365638,0 -71.64284896849512,-16.37804719408608,0 -71.64267776434717,-16.37729837237336,0 -71.64280562882527,-16.37725692230082,0 
							</coordinates>
						</LinearRing>
					</outerBoundaryIs>
				</Polygon>
			</Placemark>
			<Placemark>
				<name>1.4.332-186</name>
				<styleUrl>#msn_ylw-pushpin530011000</styleUrl>
				<Polygon>
					<tessellate>1</tessellate>
					<outerBoundaryIs>
						<LinearRing>
							<coordinates>
								-71.64350279680022,-16.37808321423332,0 -71.64311637170361,-16.37820010105083,0 -71.64303498151293,-16.37812204437718,0 -71.64306152994348,-16.37801210123589,0 -71.64288307339748,-16.3772494129445,0 -71.64319399044861,-16.37728636875143,0 -71.64350279680022,-16.37808321423332,0 
							</coordinates>
						</LinearRing>
					</outerBoundaryIs>
				</Polygon>
			</Placemark>
			<Placemark>
				<name>1.4.332-187</name>
				<styleUrl>#msn_ylw-pushpin530011000</styleUrl>
				<Polygon>
					<tessellate>1</tessellate>
					<outerBoundaryIs>
						<LinearRing>
							<coordinates>
								-71.64375695608787,-16.37800478156835,0 -71.64355725935917,-16.37806578517639,0 -71.64323481646318,-16.37717313965851,0 -71.64342771236315,-16.37715350680039,0 -71.64375695608787,-16.37800478156835,0 
							</coordinates>
						</LinearRing>
					</outerBoundaryIs>
				</Polygon>
			</Placemark>
			<Placemark>
				<name>1.4.333-7</name>
				<styleUrl>#msn_ylw-pushpin530011000</styleUrl>
				<Polygon>
					<tessellate>1</tessellate>
					<outerBoundaryIs>
						<LinearRing>
							<coordinates>
								-71.6176164971324,-16.37491557177501,0 -71.61779385378848,-16.37442813301608,0 -71.61915079116645,-16.37475590439664,0 -71.6192188320509,-16.37484979405301,0 -71.61948096155,-16.37535376455906,0 -71.61959614510388,-16.37551742973656,0 -71.61923598361962,-16.37575512375486,0 -71.61917748261267,-16.375564834071,0 -71.61912604462083,-16.37544167503656,0 -71.61908222514009,-16.37532876596713,0 -71.61903659008786,-16.37530722170544,0 -71.6176164971324,-16.37491557177501,0 
							</coordinates>
						</LinearRing>
					</outerBoundaryIs>
				</Polygon>
			</Placemark>
			<Placemark>
				<name>1.4.333-8</name>
				<styleUrl>#msn_ylw-pushpin530011000</styleUrl>
				<Polygon>
					<tessellate>1</tessellate>
					<outerBoundaryIs>
						<LinearRing>
							<coordinates>
								-71.61742935121568,-16.37555785769706,0 -71.61760175543417,-16.37497613535807,0 -71.6181616268329,-16.37514448904278,0 -71.61867530043409,-16.37532051303546,0 -71.61912745762396,-16.37553760534061,0 -71.61893080022222,-16.37603019867496,0 -71.61742935121568,-16.37555785769706,0 
							</coordinates>
						</LinearRing>
					</outerBoundaryIs>
				</Polygon>
			</Placemark>
			<Placemark>
				<name>1.4.333-9</name>
				<styleUrl>#msn_ylw-pushpin530011000</styleUrl>
				<Polygon>
					<tessellate>1</tessellate>
					<outerBoundaryIs>
						<LinearRing>
							<coordinates>
								-71.61886895399442,-16.37609238368303,0 -71.61870247076504,-16.37659024358357,0 -71.61721265770755,-16.37610594307194,0 -71.61738417374571,-16.37562943689334,0 -71.61886895399442,-16.37609238368303,0 
							</coordinates>
						</LinearRing>
					</outerBoundaryIs>
				</Polygon>
			</Placemark>
			<Placemark>
				<name>1.4.333-10</name>
				<styleUrl>#msn_ylw-pushpin530011000</styleUrl>
				<Polygon>
					<tessellate>1</tessellate>
					<outerBoundaryIs>
						<LinearRing>
							<coordinates>
								-71.61866828476845,-16.37668404673902,0 -71.61854508223161,-16.37713787643858,0 -71.61709966549108,-16.37671082902055,0 -71.61725222473621,-16.37626334063731,0 -71.61866828476845,-16.37668404673902,0 
							</coordinates>
						</LinearRing>
					</outerBoundaryIs>
				</Polygon>
			</Placemark>
			<Placemark>
				<name>1.4.333-11</name>
				<styleUrl>#msn_ylw-pushpin530011000</styleUrl>
				<Polygon>
					<tessellate>1</tessellate>
					<outerBoundaryIs>
						<LinearRing>
							<coordinates>
								-71.61850651942338,-16.37727964220607,0 -71.61834516767226,-16.37777391291562,0 -71.61688554935229,-16.37730946909932,0 -71.61704287828503,-16.37682764181089,0 -71.61850651942338,-16.37727964220607,0 
							</coordinates>
						</LinearRing>
					</outerBoundaryIs>
				</Polygon>
			</Placemark>
			<Placemark>
				<name>1.4.333-14</name>
				<styleUrl>#msn_ylw-pushpin530011000</styleUrl>
				<Polygon>
					<tessellate>1</tessellate>
					<outerBoundaryIs>
						<LinearRing>
							<coordinates>
								-71.61795211000322,-16.37906517641283,0 -71.61780951765682,-16.37951069869517,0 -71.6163766300682,-16.37908710467935,0 -71.61650633381879,-16.3786461036065,0 -71.61795211000322,-16.37906517641283,0 
							</coordinates>
						</LinearRing>
					</outerBoundaryIs>
				</Polygon>
			</Placemark>
			<Placemark>
				<name>1.4.333-17</name>
				<styleUrl>#msn_ylw-pushpin530011000</styleUrl>
				<Polygon>
					<tessellate>1</tessellate>
					<outerBoundaryIs>
						<LinearRing>
							<coordinates>
								-71.61531784850315,-16.37558195676553,0 -71.61567167183659,-16.37444209700013,0 -71.61749721112,-16.37499478846026,0 -71.6171435095128,-16.3760549437005,0 -71.61531784850315,-16.37558195676553,0 
							</coordinates>
						</LinearRing>
					</outerBoundaryIs>
				</Polygon>
			</Placemark>
			<Placemark>
				<name>1.4.333-19</name>
				<LookAt>
					<longitude>-71.61489916307916</longitude>
					<latitude>-16.37576976528194</latitude>
					<altitude>0</altitude>
					<heading>0.03616388929304397</heading>
					<tilt>30.04484691713817</tilt>
					<range>757.4069490779212</range>
					<gx:altitudeMode>relativeToSeaFloor</gx:altitudeMode>
				</LookAt>
				<styleUrl>#msn_ylw-pushpin530011000</styleUrl>
				<Polygon>
					<tessellate>1</tessellate>
					<outerBoundaryIs>
						<LinearRing>
							<coordinates>
								-71.61494368995108,-16.37677269457108,0 -71.61508328673659,-16.37626436142423,0 -71.616912290626,-16.37673783490049,0 -71.61672235132136,-16.37727980412538,0 -71.61494368995108,-16.37677269457108,0 
							</coordinates>
						</LinearRing>
					</outerBoundaryIs>
				</Polygon>
			</Placemark>
			<Placemark>
				<name>1.4.333-21</name>
				<styleUrl>#msn_ylw-pushpin530011000</styleUrl>
				<Polygon>
					<tessellate>1</tessellate>
					<outerBoundaryIs>
						<LinearRing>
							<coordinates>
								-71.61580603428315,-16.3778180919281,0 -71.61566715998048,-16.37826910297423,0 -71.61528007013355,-16.37814894601213,0 -71.61522187497455,-16.37812176829208,0 -71.61483086571103,-16.37753861913439,0 -71.61580603428315,-16.3778180919281,0 
							</coordinates>
						</LinearRing>
					</outerBoundaryIs>
				</Polygon>
			</Placemark>
			<Placemark>
				<name>1.4.333-23</name>
				<styleUrl>#msn_ylw-pushpin530011000</styleUrl>
				<Polygon>
					<tessellate>1</tessellate>
					<outerBoundaryIs>
						<LinearRing>
							<coordinates>
								-71.61521372267342,-16.37822595209685,0 -71.61636276635389,-16.37853811347913,0 -71.61610735708602,-16.37929488640394,0 -71.61573209999489,-16.37914459962458,0 -71.61582577996245,-16.37877568052996,0 -71.61558805568788,-16.37864897694708,0 -71.61541286611227,-16.37864897281186,0 -71.61521372267342,-16.37822595209685,0 
							</coordinates>
						</LinearRing>
					</outerBoundaryIs>
				</Polygon>
			</Placemark>
			<Placemark>
				<name>1.4.334-40</name>
				<styleUrl>#msn_ylw-pushpin530011000</styleUrl>
				<Polygon>
					<tessellate>1</tessellate>
					<outerBoundaryIs>
						<LinearRing>
							<coordinates>
								-71.61742435219503,-16.38601419154854,0 -71.61665219847249,-16.38557114520351,0 -71.61696061336858,-16.3852432762937,0 -71.61762085611157,-16.38575532003322,0 -71.61742435219503,-16.38601419154854,0 
							</coordinates>
						</LinearRing>
					</outerBoundaryIs>
				</Polygon>
			</Placemark>
			<Placemark>
				<name>1.4.335-4</name>
				<styleUrl>#msn_ylw-pushpin530011000</styleUrl>
				<Polygon>
					<tessellate>1</tessellate>
					<outerBoundaryIs>
						<LinearRing>
							<coordinates>
								-71.6263354620752,-16.38413281302076,0 -71.62626117671137,-16.38407692645702,0 -71.62621825920544,-16.38399873858674,0 -71.62604858605191,-16.38409472091662,0 -71.62598282861778,-16.38400389965584,0 -71.62633430590441,-16.38381251268535,0 -71.6265182671967,-16.38406934690633,0 -71.6263354620752,-16.38413281302076,0 
							</coordinates>
						</LinearRing>
					</outerBoundaryIs>
				</Polygon>
			</Placemark>
			<Placemark>
				<name>1.4.336-1</name>
				<styleUrl>#msn_ylw-pushpin530011000</styleUrl>
				<Polygon>
					<tessellate>1</tessellate>
					<outerBoundaryIs>
						<LinearRing>
							<coordinates>
								-71.62112881058103,-16.38730052282807,0 -71.62183340603868,-16.38672794233641,0 -71.62211012526826,-16.38708431063726,0 -71.62138251364338,-16.38767590821432,0 -71.62112881058103,-16.38730052282807,0 
							</coordinates>
						</LinearRing>
					</outerBoundaryIs>
				</Polygon>
			</Placemark>
			<Placemark>
				<name>1.4.336-2</name>
				<styleUrl>#msn_ylw-pushpin530011000</styleUrl>
				<Polygon>
					<tessellate>1</tessellate>
					<outerBoundaryIs>
						<LinearRing>
							<coordinates>
								-71.62144699145503,-16.38772609853035,0 -71.62217083663312,-16.38715258162211,0 -71.62244555023631,-16.38752730774586,0 -71.62172411985124,-16.38810673565309,0 -71.62144699145503,-16.38772609853035,0 
							</coordinates>
						</LinearRing>
					</outerBoundaryIs>
				</Polygon>
			</Placemark>
			<Placemark>
				<name>1.4.336-3</name>
				<styleUrl>#msn_ylw-pushpin530011000</styleUrl>
				<Polygon>
					<tessellate>1</tessellate>
					<outerBoundaryIs>
						<LinearRing>
							<coordinates>
								-71.62178930370466,-16.38816877907998,0 -71.62250850684458,-16.38756727240234,0 -71.62267224909667,-16.38779895923728,0 -71.62260377043903,-16.38786567409884,0 -71.62244349360843,-16.3880145577243,0 -71.62227312583636,-16.38823618225044,0 -71.62201787729367,-16.38847104626426,0 -71.62178930370466,-16.38816877907998,0 
							</coordinates>
						</LinearRing>
					</outerBoundaryIs>
				</Polygon>
			</Placemark>
			<Placemark>
				<name>1.4.336-4</name>
				<styleUrl>#msn_ylw-pushpin530011000</styleUrl>
				<Polygon>
					<tessellate>1</tessellate>
					<outerBoundaryIs>
						<LinearRing>
							<coordinates>
								-71.6218849815116,-16.38668686201146,0 -71.62218944827336,-16.38643983746156,0 -71.62272804839957,-16.38713420271847,0 -71.62242101776444,-16.3873782759151,0 -71.6218849815116,-16.38668686201146,0 
							</coordinates>
						</LinearRing>
					</outerBoundaryIs>
				</Polygon>
			</Placemark>
			<Placemark>
				<name>1.4.336-5</name>
				<styleUrl>#msn_ylw-pushpin530011000</styleUrl>
				<Polygon>
					<tessellate>1</tessellate>
					<outerBoundaryIs>
						<LinearRing>
							<coordinates>
								-71.62269116794816,-16.38601794524071,0 -71.62298477637404,-16.38638595981674,0 -71.62250854137022,-16.38671256563002,0 -71.6222532139917,-16.3863606718275,0 -71.62269116794816,-16.38601794524071,0 
							</coordinates>
						</LinearRing>
					</outerBoundaryIs>
				</Polygon>
			</Placemark>
			<Placemark>
				<name>1.4.336-6</name>
				<styleUrl>#msn_ylw-pushpin530011000</styleUrl>
				<Polygon>
					<tessellate>1</tessellate>
					<outerBoundaryIs>
						<LinearRing>
							<coordinates>
								-71.6230555561196,-16.38645750668433,0 -71.62332986976959,-16.38681504661471,0 -71.62319671204529,-16.38689916762834,0 -71.62302814359799,-16.38700043911629,0 -71.62287274726982,-16.38716590237798,0 -71.62257475338141,-16.38678557117352,0 -71.6230555561196,-16.38645750668433,0 
							</coordinates>
						</LinearRing>
					</outerBoundaryIs>
				</Polygon>
			</Placemark>
			<Placemark>
				<name>1.4.336-7</name>
				<styleUrl>#msn_ylw-pushpin530011000</styleUrl>
				<Polygon>
					<tessellate>1</tessellate>
					<outerBoundaryIs>
						<LinearRing>
							<coordinates>
								-71.62376515696026,-16.38656118182238,0 -71.62356458431762,-16.38710698161984,0 -71.62351834619908,-16.38714951170112,0 -71.62338222794148,-16.38728090343814,0 -71.62325033873805,-16.38739602526713,0 -71.62314732585847,-16.3874720277643,0 -71.62312479203372,-16.38749904514194,0 -71.622928544046,-16.38723014069451,0 -71.62376515696026,-16.38656118182238,0 
							</coordinates>
						</LinearRing>
					</outerBoundaryIs>
				</Polygon>
			</Placemark>
			<Placemark>
				<name>1.4.336-8</name>
				<styleUrl>#msn_ylw-pushpin530011000</styleUrl>
				<Polygon>
					<tessellate>1</tessellate>
					<outerBoundaryIs>
						<LinearRing>
							<coordinates>
								-71.62350972372597,-16.38535828646215,0 -71.62378975514392,-16.38572194175077,0 -71.62304091977342,-16.38633575114111,0 -71.62275489437256,-16.38597049091734,0 -71.62350972372597,-16.38535828646215,0 
							</coordinates>
						</LinearRing>
					</outerBoundaryIs>
				</Polygon>
			</Placemark>
			<Placemark>
				<name>1.4.336-9</name>
				<styleUrl>#msn_ylw-pushpin530011000</styleUrl>
				<Polygon>
					<tessellate>1</tessellate>
					<outerBoundaryIs>
						<LinearRing>
							<coordinates>
								-71.62383835464571,-16.38577006499228,0 -71.624100260123,-16.38607992358506,0 -71.62397829058328,-16.38629668257286,0 -71.62339827730143,-16.38677111259413,0 -71.62311147534695,-16.38639800333731,0 -71.62383835464571,-16.38577006499228,0 
							</coordinates>
						</LinearRing>
					</outerBoundaryIs>
				</Polygon>
			</Placemark>
			<Placemark>
				<name>1.4.336-10</name>
				<styleUrl>#msn_ylw-pushpin530011000</styleUrl>
				<Polygon>
					<tessellate>1</tessellate>
					<outerBoundaryIs>
						<LinearRing>
							<coordinates>
								-71.62412864236354,-16.38486535006268,0 -71.62438610775385,-16.38518369058508,0 -71.62427243701447,-16.38524333040162,0 -71.62431244616531,-16.38528838948309,0 -71.62386476267322,-16.38566772017645,0 -71.62358495618395,-16.38530219490051,0 -71.62412864236354,-16.38486535006268,0 
							</coordinates>
						</LinearRing>
					</outerBoundaryIs>
				</Polygon>
			</Placemark>
			<Placemark>
				<name>1.4.336-11</name>
				<styleUrl>#msn_ylw-pushpin530011000</styleUrl>
				<Polygon>
					<tessellate>1</tessellate>
					<outerBoundaryIs>
						<LinearRing>
							<coordinates>
								-71.6242681120316,-16.38544418317275,0 -71.62439335169189,-16.38553630866261,0 -71.62415886617582,-16.38602405825879,0 -71.62392367892414,-16.38573654979779,0 -71.6242681120316,-16.38544418317275,0 
							</coordinates>
						</LinearRing>
					</outerBoundaryIs>
				</Polygon>
			</Placemark>
			<Placemark>
				<name>1.4.336-12</name>
				<styleUrl>#msn_ylw-pushpin530011000</styleUrl>
				<Polygon>
					<tessellate>1</tessellate>
					<outerBoundaryIs>
						<LinearRing>
							<coordinates>
								-71.62460204457926,-16.38566819947612,0 -71.62499982964661,-16.38585542432117,0 -71.62505334819268,-16.38593876239654,0 -71.62435438000151,-16.38643897780611,0 -71.62430001930225,-16.38634065327478,0 -71.62460204457926,-16.38566819947612,0 
							</coordinates>
						</LinearRing>
					</outerBoundaryIs>
				</Polygon>
			</Placemark>
			<Placemark>
				<name>1.4.336-13</name>
				<styleUrl>#msn_ylw-pushpin530011000</styleUrl>
				<Polygon>
					<tessellate>1</tessellate>
					<outerBoundaryIs>
						<LinearRing>
							<coordinates>
								-71.62511328290942,-16.38600212928606,0 -71.62539876304248,-16.38636111816314,0 -71.62472593611821,-16.38686584252393,0 -71.62442485638115,-16.38650879914956,0 -71.62511328290942,-16.38600212928606,0 
							</coordinates>
						</LinearRing>
					</outerBoundaryIs>
				</Polygon>
			</Placemark>
			<Placemark>
				<name>1.4.336-14</name>
				<styleUrl>#msn_ylw-pushpin530011000</styleUrl>
				<Polygon>
					<tessellate>1</tessellate>
					<outerBoundaryIs>
						<LinearRing>
							<coordinates>
								-71.62493525711973,-16.38726309253753,0 -71.62470509052349,-16.38697359710394,0 -71.62581688971387,-16.38612260799993,0 -71.62597301074204,-16.38620585747536,0 -71.62603525878511,-16.38626298783294,0 -71.6260288500149,-16.38643328403752,0 -71.62493525711973,-16.38726309253753,0 
							</coordinates>
						</LinearRing>
					</outerBoundaryIs>
				</Polygon>
			</Placemark>
			<Placemark>
				<name>1.4.336-15</name>
				<styleUrl>#msn_ylw-pushpin530011000</styleUrl>
				<Polygon>
					<tessellate>1</tessellate>
					<outerBoundaryIs>
						<LinearRing>
							<coordinates>
								-71.62611612293358,-16.38703210086895,0 -71.6258267446771,-16.38667554047933,0 -71.62604219215778,-16.3865155476071,0 -71.62632095147337,-16.38688595508727,0 -71.62611612293358,-16.38703210086895,0 
							</coordinates>
						</LinearRing>
					</outerBoundaryIs>
				</Polygon>
			</Placemark>
			<Placemark>
				<name>1.4.336-16</name>
				<styleUrl>#msn_ylw-pushpin530011000</styleUrl>
				<Polygon>
					<tessellate>1</tessellate>
					<outerBoundaryIs>
						<LinearRing>
							<coordinates>
								-71.62658190188182,-16.38710020455653,0 -71.62622598322275,-16.38665335417835,0 -71.62642762269674,-16.38653911481665,0 -71.62649510799874,-16.38659844760171,0 -71.62672970959055,-16.3869892388886,0 -71.62658190188182,-16.38710020455653,0 
							</coordinates>
						</LinearRing>
					</outerBoundaryIs>
				</Polygon>
			</Placemark>
			<Placemark>
				<name>1.4.336-17</name>
				<styleUrl>#msn_ylw-pushpin530011000</styleUrl>
				<Polygon>
					<tessellate>1</tessellate>
					<outerBoundaryIs>
						<LinearRing>
							<coordinates>
								-71.62519499326072,-16.38805779975502,0 -71.62505809310603,-16.3878963199603,0 -71.62636546542312,-16.38692790002464,0 -71.62652166690123,-16.38713156658605,0 -71.62519499326072,-16.38805779975502,0 
							</coordinates>
						</LinearRing>
					</outerBoundaryIs>
				</Polygon>
			</Placemark>
			<Placemark>
				<name>1.4.336-18</name>
				<styleUrl>#msn_ylw-pushpin530011000</styleUrl>
				<Polygon>
					<tessellate>1</tessellate>
					<outerBoundaryIs>
						<LinearRing>
							<coordinates>
								-71.62464598177702,-16.3870044092198,0 -71.62519968575977,-16.3876849994328,0 -71.62502123567167,-16.38784195097561,0 -71.62445475606545,-16.38715170912656,0 -71.62464598177702,-16.3870044092198,0 
							</coordinates>
						</LinearRing>
					</outerBoundaryIs>
				</Polygon>
			</Placemark>
			<Placemark>
				<name>1.4.336-24</name>
				<styleUrl>#msn_ylw-pushpin530011000</styleUrl>
				<Polygon>
					<tessellate>1</tessellate>
					<outerBoundaryIs>
						<LinearRing>
							<coordinates>
								-71.62579923573232,-16.38953803969228,0 -71.62563906652559,-16.38993404960891,0 -71.62434123732154,-16.3897634231021,0 -71.62444004449526,-16.38928091808235,0 -71.62579923573232,-16.38953803969228,0 
							</coordinates>
						</LinearRing>
					</outerBoundaryIs>
				</Polygon>
			</Placemark>
			<Placemark>
				<name>1.4.337-1</name>
				<styleUrl>#msn_ylw-pushpin530011000</styleUrl>
				<Polygon>
					<tessellate>1</tessellate>
					<outerBoundaryIs>
						<LinearRing>
							<coordinates>
								-71.61088944249033,-16.37876593431821,0 -71.60996888137906,-16.37731400633884,0 -71.61023479013976,-16.37707475362089,0 -71.61089730443845,-16.37668389653216,0 -71.6117919739004,-16.37821221365841,0 -71.61088944249033,-16.37876593431821,0 
							</coordinates>
						</LinearRing>
					</outerBoundaryIs>
				</Polygon>
			</Placemark>
			<Placemark>
				<name>1.4.337-2</name>
				<styleUrl>#msn_ylw-pushpin530011000</styleUrl>
				<Polygon>
					<tessellate>1</tessellate>
					<outerBoundaryIs>
						<LinearRing>
							<coordinates>
								-71.6092943974413,-16.37738724490197,0 -71.60893517635051,-16.37672481465678,0 -71.6104187188506,-16.37595062502487,0 -71.61069266126479,-16.37620495810312,0 -71.61083358878457,-16.37650812695101,0 -71.6092943974413,-16.37738724490197,0 
							</coordinates>
						</LinearRing>
					</outerBoundaryIs>
				</Polygon>
			</Placemark>
			<Placemark>
				<name>1.4.337-3</name>
				<styleUrl>#msn_ylw-pushpin530011000</styleUrl>
				<Polygon>
					<tessellate>1</tessellate>
					<outerBoundaryIs>
						<LinearRing>
							<coordinates>
								-71.61040787944874,-16.37593251899393,0 -71.60891660964366,-16.37670799184427,0 -71.60870516156729,-16.37628421482515,0 -71.61005372834153,-16.37563275798904,0 -71.61040787944874,-16.37593251899393,0 
							</coordinates>
						</LinearRing>
					</outerBoundaryIs>
				</Polygon>
			</Placemark>
			<Placemark>
				<name>1.4.337-4</name>
				<styleUrl>#msn_ylw-pushpin530011000</styleUrl>
				<Polygon>
					<tessellate>1</tessellate>
					<outerBoundaryIs>
						<LinearRing>
							<coordinates>
								-71.61003429441283,-16.37562688419634,0 -71.60868851641736,-16.37625545007239,0 -71.6083228184052,-16.37560123716769,0 -71.60962533926005,-16.3751903490992,0 -71.60979458506681,-16.37527956958819,0 -71.61003429441283,-16.37562688419634,0 
							</coordinates>
						</LinearRing>
					</outerBoundaryIs>
				</Polygon>
			</Placemark>
			<Placemark>
				<name>1.4.339-34</name>
				<styleUrl>#msn_ylw-pushpin530011000</styleUrl>
				<Polygon>
					<tessellate>1</tessellate>
					<outerBoundaryIs>
						<LinearRing>
							<coordinates>
								-71.58929765859058,-16.3840515115068,0 -71.58884820980246,-16.38382882821954,0 -71.58821107449236,-16.38427160796614,0 -71.58810927975399,-16.38374772057261,0 -71.58765298874633,-16.38299187711303,0 -71.5880974867048,-16.382700739025,0 -71.58921181385084,-16.38370340070887,0 -71.58960898261471,-16.3835612488536,0 -71.58929765859058,-16.3840515115068,0 
							</coordinates>
						</LinearRing>
					</outerBoundaryIs>
				</Polygon>
			</Placemark>
			<Placemark>
				<name>1.4.340-1</name>
				<styleUrl>#msn_ylw-pushpin530011000</styleUrl>
				<Polygon>
					<tessellate>1</tessellate>
					<outerBoundaryIs>
						<LinearRing>
							<coordinates>
								-71.57957891895067,-16.38500994268559,0 -71.57740849030468,-16.38231229250632,0 -71.57763719528923,-16.38225887085122,0 -71.57790626683658,-16.38223351558954,0 -71.57823016649841,-16.38236139475748,0 -71.57868795118249,-16.38253704108277,0 -71.58156112303215,-16.38346623326295,0 -71.57957891895067,-16.38500994268559,0 
							</coordinates>
						</LinearRing>
					</outerBoundaryIs>
				</Polygon>
			</Placemark>
			<Placemark>
				<name>1.4.340-2</name>
				<styleUrl>#msn_ylw-pushpin530011000</styleUrl>
				<Polygon>
					<tessellate>1</tessellate>
					<outerBoundaryIs>
						<LinearRing>
							<coordinates>
								-71.58231740674357,-16.38508341547113,0 -71.58211489332682,-16.38502588812159,0 -71.58170744726276,-16.3850552742967,0 -71.58136536509279,-16.38510294631544,0 -71.58097284821928,-16.3851492353773,0 -71.58045655503568,-16.38528859850463,0 -71.58005061535951,-16.38521853384512,0 -71.57972555366287,-16.38517000967326,0 -71.57959838585845,-16.38506062376416,0 -71.58166683235704,-16.38347824024422,0 -71.58292244722986,-16.38398581455272,0 -71.58231740674357,-16.38508341547113,0 
							</coordinates>
						</LinearRing>
					</outerBoundaryIs>
				</Polygon>
			</Placemark>
			<Placemark>
				<name>1.4.340-3</name>
				<styleUrl>#msn_ylw-pushpin530011000</styleUrl>
				<Polygon>
					<tessellate>1</tessellate>
					<outerBoundaryIs>
						<LinearRing>
							<coordinates>
								-71.5835783843869,-16.38571901083074,0 -71.58344520432786,-16.3860099317719,0 -71.58343009221883,-16.38601088680603,0 -71.58299082400944,-16.38586469358967,0 -71.58263143507095,-16.38712254073095,0 -71.58184467525209,-16.38680589892641,0 -71.58121363368144,-16.3865882698994,0 -71.58081619029593,-16.38649847955777,0 -71.57983095043679,-16.38529423047068,0 -71.58057196515615,-16.38535794526683,0 -71.58119629869647,-16.38524581703667,0 -71.58183208784948,-16.38513498769489,0 -71.5822232724604,-16.38511112260514,0 -71.58261011787077,-16.38526006693908,0 -71.58334691010195,-16.38532356709856,0 -71.58356712957902,-16.38541454315698,0 -71.5835783843869,-16.38571901083074,0 
							</coordinates>
						</LinearRing>
					</outerBoundaryIs>
				</Polygon>
			</Placemark>
			<Placemark>
				<name>1.4.340-4</name>
				<styleUrl>#msn_ylw-pushpin530011000</styleUrl>
				<Polygon>
					<tessellate>1</tessellate>
					<outerBoundaryIs>
						<LinearRing>
							<coordinates>
								-71.58546772946528,-16.38540191002005,0 -71.58536476873776,-16.38599448663482,0 -71.58494370493698,-16.38651494986522,0 -71.58448127058482,-16.38639632274064,0 -71.58462565669167,-16.38603828058564,0 -71.5846483157755,-16.38572492449889,0 -71.5845312189022,-16.38557056109789,0 -71.58424799395169,-16.38560456247687,0 -71.584242817807,-16.38561113643277,0 -71.58367595039562,-16.38567704534538,0 -71.58387890339326,-16.38526672279829,0 -71.58472890522697,-16.38522997045099,0 -71.58514692217253,-16.38525804411169,0 -71.58546772946528,-16.38540191002005,0 
							</coordinates>
						</LinearRing>
					</outerBoundaryIs>
				</Polygon>
			</Placemark>
			<Placemark>
				<name>1.4.340-5</name>
				<styleUrl>#msn_ylw-pushpin530011000</styleUrl>
				<Polygon>
					<tessellate>1</tessellate>
					<outerBoundaryIs>
						<LinearRing>
							<coordinates>
								-71.58503444248825,-16.38907468228724,0 -71.58467532328488,-16.38902427101488,0 -71.58331268741495,-16.38852130483455,0 -71.58247634208978,-16.38847288209444,0 -71.58119109066864,-16.38666271940464,0 -71.58260078735945,-16.38716999182615,0 -71.58306285141124,-16.38743405470041,0 -71.58398532931417,-16.38765248137626,0 -71.58415043522908,-16.3880081266934,0 -71.58546518107107,-16.38856073936403,0 -71.58503444248825,-16.38907468228724,0 
							</coordinates>
						</LinearRing>
					</outerBoundaryIs>
				</Polygon>
			</Placemark>
			<Placemark>
				<name>1.4.340-7</name>
				<styleUrl>#msn_ylw-pushpin530011000</styleUrl>
				<Polygon>
					<tessellate>1</tessellate>
					<outerBoundaryIs>
						<LinearRing>
							<coordinates>
								-71.58791711377931,-16.39182065513907,0 -71.58772149472084,-16.39272890904764,0 -71.58353062297039,-16.39343769762212,0 -71.58300761997978,-16.39037136873908,0 -71.58263344738324,-16.38879059863811,0 -71.58263929197388,-16.38852155468279,0 -71.58316067704197,-16.38855347365435,0 -71.58455806009302,-16.38907858271242,0 -71.58694367844238,-16.39066605723874,0 -71.58791711377931,-16.39182065513907,0 
							</coordinates>
						</LinearRing>
					</outerBoundaryIs>
				</Polygon>
			</Placemark>
			<Placemark>
				<name>1.4.340-8</name>
				<styleUrl>#msn_ylw-pushpin530011000</styleUrl>
				<Polygon>
					<tessellate>1</tessellate>
					<outerBoundaryIs>
						<LinearRing>
							<coordinates>
								-71.58362007906796,-16.39432873874776,0 -71.58552142468443,-16.39395635471955,0 -71.58578215114227,-16.39507352936785,0 -71.58672082035901,-16.39491316093154,0 -71.58706751604896,-16.39653581125817,0 -71.5875744092083,-16.39688856530177,0 -71.58610504945159,-16.39737628008006,0 -71.58581102206725,-16.39587401271019,0 -71.58384671590586,-16.39625933299166,0 -71.58362007906796,-16.39432873874776,0 
							</coordinates>
						</LinearRing>
					</outerBoundaryIs>
				</Polygon>
			</Placemark>
			<Placemark>
				<name>1.4.340-9</name>
				<styleUrl>#msn_ylw-pushpin530011000</styleUrl>
				<Polygon>
					<tessellate>1</tessellate>
					<outerBoundaryIs>
						<LinearRing>
							<coordinates>
								-71.5888784875378,-16.39628124346498,0 -71.58942916382692,-16.39720708402164,0 -71.58803852986516,-16.3979789533055,0 -71.5878692886788,-16.39762632091721,0 -71.58787394687906,-16.39749493765476,0 -71.58800143250056,-16.39742681197547,0 -71.58811183362205,-16.39737823704302,0 -71.58821300683194,-16.39730392092788,0 -71.5882659394719,-16.39718914472531,0 -71.58813362644983,-16.39666611188638,0 -71.5888784875378,-16.39628124346498,0 
							</coordinates>
						</LinearRing>
					</outerBoundaryIs>
				</Polygon>
			</Placemark>
			<Placemark>
				<name>1.4.340-10</name>
				<styleUrl>#msn_ylw-pushpin530011000</styleUrl>
				<Polygon>
					<tessellate>1</tessellate>
					<outerBoundaryIs>
						<LinearRing>
							<coordinates>
								-71.58679731927828,-16.39810369019566,0 -71.58409752476351,-16.39858032715302,0 -71.58403400870988,-16.39814546083166,0 -71.5866753744226,-16.39764413401961,0 -71.58679731927828,-16.39810369019566,0 
							</coordinates>
						</LinearRing>
					</outerBoundaryIs>
				</Polygon>
			</Placemark>
			<Placemark>
				<name>1.4.340-11</name>
				<styleUrl>#msn_ylw-pushpin530011000</styleUrl>
				<Polygon>
					<tessellate>1</tessellate>
					<outerBoundaryIs>
						<LinearRing>
							<coordinates>
								-71.58719430485377,-16.39993162517014,0 -71.58563058828754,-16.40031237995974,0 -71.58436368116605,-16.40065509433965,0 -71.58417771336605,-16.39908891696357,0 -71.58680386504146,-16.39854722903155,0 -71.58719430485377,-16.39993162517014,0 
							</coordinates>
						</LinearRing>
					</outerBoundaryIs>
				</Polygon>
			</Placemark>
			<Placemark>
				<name>1.4.340-12</name>
				<styleUrl>#msn_ylw-pushpin530011000</styleUrl>
				<Polygon>
					<tessellate>1</tessellate>
					<outerBoundaryIs>
						<LinearRing>
							<coordinates>
								-71.58837654700892,-16.40182835393434,0 -71.58664526275469,-16.40165969068596,0 -71.58666198106593,-16.40050406827898,0 -71.58851465773191,-16.40068878990752,0 -71.58837654700892,-16.40182835393434,0 
							</coordinates>
						</LinearRing>
					</outerBoundaryIs>
				</Polygon>
			</Placemark>
			<Placemark>
				<name>1.4.340-13</name>
				<styleUrl>#msn_ylw-pushpin530011000</styleUrl>
				<Polygon>
					<tessellate>1</tessellate>
					<outerBoundaryIs>
						<LinearRing>
							<coordinates>
								-71.58720073115249,-16.40283541212501,0 -71.58656628148879,-16.40275408842329,0 -71.58669609305271,-16.40174920121006,0 -71.58733679763247,-16.40180970555489,0 -71.58720073115249,-16.40283541212501,0 
							</coordinates>
						</LinearRing>
					</outerBoundaryIs>
				</Polygon>
			</Placemark>
			<Placemark>
				<name>1.4.340-15</name>
				<styleUrl>#msn_ylw-pushpin530011000</styleUrl>
				<Polygon>
					<tessellate>1</tessellate>
					<outerBoundaryIs>
						<LinearRing>
							<coordinates>
								-71.58738254287377,-16.40318652070219,0 -71.58695180676574,-16.40315578881546,0 -71.58683180037394,-16.40306861958809,0 -71.58681735291478,-16.40283121237723,0 -71.58740482500028,-16.4028399161916,0 -71.58738254287377,-16.40318652070219,0 
							</coordinates>
						</LinearRing>
					</outerBoundaryIs>
				</Polygon>
			</Placemark>
			<Placemark>
				<name>1.4.340-16</name>
				<styleUrl>#msn_ylw-pushpin530011000</styleUrl>
				<Polygon>
					<tessellate>1</tessellate>
					<outerBoundaryIs>
						<LinearRing>
							<coordinates>
								-71.58594418429166,-16.4054375957957,0 -71.58492609139147,-16.40538260150865,0 -71.58487005324737,-16.40450880055283,0 -71.58603786967568,-16.40446714268942,0 -71.58594418429166,-16.4054375957957,0 
							</coordinates>
						</LinearRing>
					</outerBoundaryIs>
				</Polygon>
			</Placemark>
			<Placemark>
				<name>1.4.340-17</name>
				<styleUrl>#msn_ylw-pushpin530011000</styleUrl>
				<Polygon>
					<tessellate>1</tessellate>
					<outerBoundaryIs>
						<LinearRing>
							<coordinates>
								-71.58757170545944,-16.40559526669395,0 -71.58629006317157,-16.40549522208664,0 -71.58644905489108,-16.40394556242941,0 -71.58774017498008,-16.40405753822627,0 -71.58757170545944,-16.40559526669395,0 
							</coordinates>
						</LinearRing>
					</outerBoundaryIs>
				</Polygon>
			</Placemark>
			<Placemark>
				<name>1.4.340-18</name>
				<styleUrl>#msn_ylw-pushpin530011000</styleUrl>
				<Polygon>
					<tessellate>1</tessellate>
					<outerBoundaryIs>
						<LinearRing>
							<coordinates>
								-71.58863943702248,-16.4056615442057,0 -71.58766794458981,-16.40561115135664,0 -71.58790311271099,-16.40324211284118,0 -71.58887732583983,-16.40335955201632,0 -71.58863943702248,-16.4056615442057,0 
							</coordinates>
						</LinearRing>
					</outerBoundaryIs>
				</Polygon>
			</Placemark>
			<Placemark>
				<name>1.4.340-19</name>
				<styleUrl>#msn_ylw-pushpin530011000</styleUrl>
				<Polygon>
					<tessellate>1</tessellate>
					<outerBoundaryIs>
						<LinearRing>
							<coordinates>
								-71.58970817763816,-16.40581456147187,0 -71.58871264043498,-16.40573517912352,0 -71.58891260599243,-16.40373307820185,0 -71.58987662024106,-16.40381408068522,0 -71.58970817763816,-16.40581456147187,0 
							</coordinates>
						</LinearRing>
					</outerBoundaryIs>
				</Polygon>
			</Placemark>
			<Placemark>
				<name>1.4.340-20</name>
				<styleUrl>#msn_ylw-pushpin530011000</styleUrl>
				<Polygon>
					<tessellate>1</tessellate>
					<outerBoundaryIs>
						<LinearRing>
							<coordinates>
								-71.59080587981062,-16.40329232760448,0 -71.59016181883138,-16.40322649556026,0 -71.59006369255438,-16.40313297962547,0 -71.59003665679077,-16.40213323642882,0 -71.59073686958517,-16.40214627029218,0 -71.59092814593312,-16.40219673097772,0 -71.59080587981062,-16.40329232760448,0 
							</coordinates>
						</LinearRing>
					</outerBoundaryIs>
				</Polygon>
			</Placemark>
			<Placemark>
				<name>1.4.340-22</name>
				<styleUrl>#msn_ylw-pushpin530011000</styleUrl>
				<Polygon>
					<tessellate>1</tessellate>
					<outerBoundaryIs>
						<LinearRing>
							<coordinates>
								-71.59176304023428,-16.40342515319827,0 -71.59085913942681,-16.4033515998964,0 -71.5909297807527,-16.40265583936217,0 -71.59157059021986,-16.40284190050723,0 -71.59180266762429,-16.40299601272939,0 -71.59176304023428,-16.40342515319827,0 
							</coordinates>
						</LinearRing>
					</outerBoundaryIs>
				</Polygon>
			</Placemark>
			<Placemark>
				<name>1.4.340-23</name>
				<styleUrl>#msn_ylw-pushpin530011000</styleUrl>
				<Polygon>
					<tessellate>1</tessellate>
					<outerBoundaryIs>
						<LinearRing>
							<coordinates>
								-71.59582185808894,-16.4061953532068,0 -71.59153299155264,-16.40588184550256,0 -71.5917427692018,-16.40349396235177,0 -71.59594973849131,-16.40373455918381,0 -71.59582185808894,-16.4061953532068,0 
							</coordinates>
						</LinearRing>
					</outerBoundaryIs>
				</Polygon>
			</Placemark>
			<Placemark>
				<name>1.4.340-24</name>
				<styleUrl>#msn_ylw-pushpin530011000</styleUrl>
				<Polygon>
					<tessellate>1</tessellate>
					<outerBoundaryIs>
						<LinearRing>
							<coordinates>
								-71.59935260898712,-16.4040418569248,0 -71.59923958280393,-16.40645637890312,0 -71.59639272462537,-16.40621262146609,0 -71.59649892713711,-16.40381803502014,0 -71.59935260898712,-16.4040418569248,0 
							</coordinates>
						</LinearRing>
					</outerBoundaryIs>
				</Polygon>
			</Placemark>
			<Placemark>
				<name>1.4.340-25</name>
				<styleUrl>#msn_ylw-pushpin530011000</styleUrl>
				<Polygon>
					<tessellate>1</tessellate>
					<outerBoundaryIs>
						<LinearRing>
							<coordinates>
								-71.60108463014748,-16.40661828665355,0 -71.59950146204676,-16.4064744939011,0 -71.59973689784488,-16.40403517314952,0 -71.59900792592599,-16.40374341747292,0 -71.59901637265857,-16.40336079507354,0 -71.5985891043607,-16.40265745283068,0 -71.59867829550657,-16.40084667533683,0 -71.59968357935203,-16.40086253675221,0 -71.60025560168056,-16.401003968896,0 -71.60060813848612,-16.40176758721259,0 -71.60110894088933,-16.4021662089555,0 -71.60130528803941,-16.40284112443049,0 -71.60224078727825,-16.40410646668794,0 -71.60132384810494,-16.40415728851496,0 -71.60108463014748,-16.40661828665355,0 
							</coordinates>
						</LinearRing>
					</outerBoundaryIs>
				</Polygon>
			</Placemark>
			<Placemark>
				<name>1.4.340-26</name>
				<styleUrl>#msn_ylw-pushpin530011000</styleUrl>
				<Polygon>
					<tessellate>1</tessellate>
					<outerBoundaryIs>
						<LinearRing>
							<coordinates>
								-71.60385301042307,-16.40702957396768,0 -71.60210393620484,-16.40675219555167,0 -71.60206831752369,-16.40611588358401,0 -71.60309412922273,-16.40600024525034,0 -71.60391225094342,-16.4061208453294,0 -71.60385301042307,-16.40702957396768,0 
							</coordinates>
						</LinearRing>
					</outerBoundaryIs>
				</Polygon>
			</Placemark>
			<Placemark>
				<name>1.4.340-28</name>
				<styleUrl>#msn_ylw-pushpin530011000</styleUrl>
				<Polygon>
					<tessellate>1</tessellate>
					<outerBoundaryIs>
						<LinearRing>
							<coordinates>
								-71.59585383524075,-16.3999373161193,0 -71.59637723300226,-16.40051212949906,0 -71.59622341089081,-16.40086534713275,0 -71.59551913615415,-16.40081219411162,0 -71.59537941222305,-16.40102881942096,0 -71.59493089840416,-16.40092449315662,0 -71.59500606698852,-16.40050058394033,0 -71.59477409198533,-16.40037747085416,0 -71.59493033239558,-16.39968699647757,0 -71.59564203519548,-16.39976947337379,0 -71.59585383524075,-16.3999373161193,0 
							</coordinates>
						</LinearRing>
					</outerBoundaryIs>
				</Polygon>
			</Placemark>
			<Placemark>
				<name>1.4.341-1</name>
				<styleUrl>#msn_ylw-pushpin530011000</styleUrl>
				<Polygon>
					<tessellate>1</tessellate>
					<outerBoundaryIs>
						<LinearRing>
							<coordinates>
								-71.59018857358265,-16.40574018775646,0 -71.58978077145413,-16.40571869381277,0 -71.5897894082002,-16.40534571949537,0 -71.59021354789414,-16.40538516002943,0 -71.59018857358265,-16.40574018775646,0 
							</coordinates>
						</LinearRing>
					</outerBoundaryIs>
				</Polygon>
			</Placemark>
			<Placemark>
				<name>1.4.341-2</name>
				<styleUrl>#msn_ylw-pushpin530011000</styleUrl>
				<Polygon>
					<tessellate>1</tessellate>
					<outerBoundaryIs>
						<LinearRing>
							<coordinates>
								-71.59071697192239,-16.40574663110254,0 -71.5902508647258,-16.40571941557137,0 -71.5902789579458,-16.40537574931047,0 -71.5907265034631,-16.40542480750084,0 -71.59071697192239,-16.40574663110254,0 
							</coordinates>
						</LinearRing>
					</outerBoundaryIs>
				</Polygon>
			</Placemark>
			<Placemark>
				<name>1.4.341-3</name>
				<styleUrl>#msn_ylw-pushpin530011000</styleUrl>
				<Polygon>
					<tessellate>1</tessellate>
					<outerBoundaryIs>
						<LinearRing>
							<coordinates>
								-71.59074429056092,-16.40538657780854,0 -71.59027979028565,-16.40534168316475,0 -71.59031360866432,-16.40501248008546,0 -71.5907713283421,-16.40507803586477,0 -71.59074429056092,-16.40538657780854,0 
							</coordinates>
						</LinearRing>
					</outerBoundaryIs>
				</Polygon>
			</Placemark>
			<Placemark>
				<name>1.4.341-4</name>
				<styleUrl>#msn_ylw-pushpin530011000</styleUrl>
				<Polygon>
					<tessellate>1</tessellate>
					<outerBoundaryIs>
						<LinearRing>
							<coordinates>
								-71.59021304190712,-16.40532988378661,0 -71.58979492658271,-16.40528282581787,0 -71.58980992604212,-16.40506463034697,0 -71.58985229691989,-16.40497665984066,0 -71.59025008731884,-16.40501759336709,0 -71.59021304190712,-16.40532988378661,0 
							</coordinates>
						</LinearRing>
					</outerBoundaryIs>
				</Polygon>
			</Placemark>
			<Placemark>
				<name>1.4.341-5</name>
				<styleUrl>#msn_ylw-pushpin530011000</styleUrl>
				<Polygon>
					<tessellate>1</tessellate>
					<outerBoundaryIs>
						<LinearRing>
							<coordinates>
								-71.59028507853232,-16.40435662863744,0 -71.5902497427055,-16.40497744102596,0 -71.58985792523873,-16.40494522599694,0 -71.58991007960253,-16.40431978680279,0 -71.59028507853232,-16.40435662863744,0 
							</coordinates>
						</LinearRing>
					</outerBoundaryIs>
				</Polygon>
			</Placemark>
			<Placemark>
				<name>1.4.341-6</name>
				<styleUrl>#msn_ylw-pushpin530011000</styleUrl>
				<Polygon>
					<tessellate>1</tessellate>
					<outerBoundaryIs>
						<LinearRing>
							<coordinates>
								-71.59076669124069,-16.40502717601158,0 -71.5903050148128,-16.40498614321342,0 -71.59035461141819,-16.40437806671672,0 -71.59082953192811,-16.40441936533256,0 -71.59076669124069,-16.40502717601158,0 
							</coordinates>
						</LinearRing>
					</outerBoundaryIs>
				</Polygon>
			</Placemark>
			<Placemark>
				<name>1.4.341-7</name>
				<styleUrl>#msn_ylw-pushpin530011000</styleUrl>
				<Polygon>
					<tessellate>1</tessellate>
					<outerBoundaryIs>
						<LinearRing>
							<coordinates>
								-71.59082875130187,-16.40437999341433,0 -71.59035328310448,-16.40432689459887,0 -71.59038276691324,-16.40401075365829,0 -71.59084255518661,-16.4040564700796,0 -71.59082875130187,-16.40437999341433,0 
							</coordinates>
						</LinearRing>
					</outerBoundaryIs>
				</Polygon>
			</Placemark>
			<Placemark>
				<name>1.4.341-8</name>
				<styleUrl>#msn_ylw-pushpin530011000</styleUrl>
				<Polygon>
					<tessellate>1</tessellate>
					<outerBoundaryIs>
						<LinearRing>
							<coordinates>
								-71.59030825448393,-16.40432496841828,0 -71.58987651425515,-16.40428783694789,0 -71.58993769321606,-16.40396961521548,0 -71.59032730758067,-16.40400534712353,0 -71.59030825448393,-16.40432496841828,0 
							</coordinates>
						</LinearRing>
					</outerBoundaryIs>
				</Polygon>
			</Placemark>
			<Placemark>
				<name>1.4.341-9</name>
				<styleUrl>#msn_ylw-pushpin530011000</styleUrl>
				<Polygon>
					<tessellate>1</tessellate>
					<outerBoundaryIs>
						<LinearRing>
							<coordinates>
								-71.59031040182013,-16.40395183574786,0 -71.58991697112576,-16.40393239992084,0 -71.58992579110287,-16.40357840930951,0 -71.59032515614237,-16.40364454241048,0 -71.59033054013805,-16.40364432826616,0 -71.59031040182013,-16.40395183574786,0 
							</coordinates>
						</LinearRing>
					</outerBoundaryIs>
				</Polygon>
			</Placemark>
			<Placemark>
				<name>1.4.341-10</name>
				<styleUrl>#msn_ylw-pushpin530011000</styleUrl>
				<Polygon>
					<tessellate>1</tessellate>
					<outerBoundaryIs>
						<LinearRing>
							<coordinates>
								-71.59083161053134,-16.40400539786591,0 -71.59038077285263,-16.40397412951826,0 -71.59040599755278,-16.40363040036426,0 -71.59085348353864,-16.40366846297409,0 -71.59083161053134,-16.40400539786591,0 
							</coordinates>
						</LinearRing>
					</outerBoundaryIs>
				</Polygon>
			</Placemark>
			<Placemark>
				<name>1.4.341-11</name>
				<styleUrl>#msn_ylw-pushpin530011000</styleUrl>
				<Polygon>
					<tessellate>1</tessellate>
					<outerBoundaryIs>
						<LinearRing>
							<coordinates>
								-71.59083003222382,-16.40361023984456,0 -71.58992437498647,-16.40353292678438,0 -71.58994677710221,-16.40326408439824,0 -71.59083804800267,-16.4033805511589,0 -71.59083003222382,-16.40361023984456,0 
							</coordinates>
						</LinearRing>
					</outerBoundaryIs>
				</Polygon>
			</Placemark>
		</Folder>
	</Folder>
</Document>
</kml>
