ident;lat;long;y_proj;x_proj;ingreso_economico
1.13.68B-3; ; ;-1.516416327;20763369.87;A
1.13.68B-3;-16.42634166;-71.50838166;-1944647.582;2841131.57;A
1.13.68B-3;-16.42658266;-71.50821083;-1944678.052;2841147.784;A
1.13.68B-3;-16.42640472;-71.50796632;-1944660.237;2841177.837;A
1.13.68B-3;-16.42635627;-71.5078909;-1944655.498;2841187.022;A
1.13.68B-3;-16.42612361;-71.50806682;-1944625.944;2841170.122;A
1.13.68B-4; ; ;-1.516416327;20763369.87;A
1.13.68B-4;-16.42617936;-71.50888639;-1944622.138;2841076.468;A
1.13.68B-4;-16.42635323;-71.50877448;-1944643.978;2841086.88;A
1.13.68B-4;-16.4264664;-71.50867789;-1944658.494;2841096.35;A
1.13.68B-4;-16.42623591;-71.50833776;-1944635.713;2841137.932;A
1.13.68B-4;-16.42607009;-71.5081044;-1944619.182;2841166.561;A
1.13.68B-4;-16.42584854;-71.50826018;-1944591.186;2841151.799;A
1.13.68B-4;-16.42596357;-71.50847626;-1944601.969;2841125.794;A
1.13.68B-5; ; ;-1.516416327;20763369.87;A
1.13.68B-5;-16.42573034;-71.50882425;-1944570.173;2841089.391;A
1.13.68B-5;-16.42594354;-71.50869098;-1944596.903;2841101.711;A
1.13.68B-5;-16.4259795;-71.50875433;-1944600.328;2841094.057;A
1.13.68B-5;-16.42601038;-71.50873662;-1944604.179;2841095.661;A
1.13.68B-5;-16.42587969;-71.50843917;-1944592.584;2841131.097;A
1.13.68B-5;-16.42580384;-71.50830435;-1944585.377;2841147.377;A
1.13.68B-5;-16.42576703;-71.50829522;-1944581.168;2841148.893;A
1.13.68B-5;-16.42552623;-71.50846526;-1944550.731;2841132.766;A
1.13.68B-7; ; ;-1.516416327;20763369.87;A
1.13.68B-7;-16.4254916;-71.50840168;-1944547.466;2841140.428;A
1.13.68B-7;-16.42574516;-71.50822679;-1944579.463;2841156.939;A
1.13.68B-7;-16.42543066;-71.50759846;-1944550.455;2841232.297;A
1.13.68B-7;-16.42515249;-71.50781567;-1944515.031;2841211.311;A
1.13.1-6; ; ;-1.516416327;20763369.87;B
1.13.1-6;-16.44238152;-71.50281456;-1946602.298;2841552.64;B
1.13.1-6;-16.44293277;-71.5036047;-1946657.063;2841455.835;B
1.13.1-6;-16.44343119;-71.50324156;-1946720.211;2841490.472;B
1.13.1-6;-16.44380813;-71.50295083;-1946768.17;2841518.491;B
1.13.1-6;-16.44390192;-71.50280885;-1946780.985;2841533.359;B
1.13.1-6;-16.44330747;-71.5021613;-1946719.342;2841614.565;B
1.13.1-7; ; ;-1.516416327;20763369.87;B
1.13.1-7;-16.44217668;-71.50349833;-1946569.584;2841477.804;B
1.13.1-7;-16.44187362;-71.50366882;-1946531.826;2841462.448;B
1.13.1-7;-16.44165221;-71.50379479;-1946504.22;2841451.068;B
1.13.1-7;-16.44171882;-71.50397482;-1946509.769;2841429.785;B
1.13.1-7;-16.4414704;-71.5041185;-1946478.768;2841416.751;B
1.13.1-7;-16.4413245;-71.50385399;-1946464.973;2841448.651;B
1.13.1-7;-16.44096442;-71.50402693;-1946420.484;2841433.763;B
1.13.1-7;-16.44116778;-71.50432172;-1946440.646;2841397.677;B
1.13.1-7;-16.44090438;-71.50449118;-1946407.559;2841381.917;B
1.13.1-7;-16.44105005;-71.50475302;-1946421.361;2841350.322;B
1.13.1-7;-16.44141216;-71.50452944;-1946466.728;2841370.924;B
1.13.1-7;-16.44179097;-71.50436523;-1946513.307;2841384.577;B
1.13.1-7;-16.44203737;-71.50424305;-1946543.799;2841395.2;B
1.13.1-7;-16.4422748;-71.5040702;-1946573.878;2841411.684;B
1.13.1-7;-16.44245231;-71.50394467;-1946596.32;2841423.589;B
1.13.1-7;-16.44260922;-71.50383583;-1946616.129;2841433.871;B
1.13.1-7;-16.44285521;-71.50364154;-1946647.486;2841452.675;B
1.13.1-7;-16.44262971;-71.50328183;-1946625.544;2841496.412;B
1.13.1-7;-16.44221705;-71.50356321;-1946573.507;2841469.92;B
1.13.1-9; ; ;-1.516416327;20763369.87;B
1.13.1-9;-16.44040751;-71.50481839;-1946345.05;2841351.331;B
1.13.1-9;-16.44004478;-71.50502439;-1946299.832;2841332.729;B
1.13.1-9;-16.43999346;-71.50491567;-1946295.178;2841345.728;B
1.13.1-9;-16.4397289;-71.50511906;-1946261.525;2841326.136;B
1.13.1-9;-16.43945472;-71.50531216;-1946226.873;2841307.837;B
1.13.1-9;-16.43967171;-71.5057424;-1946246.925;2841256.215;B
1.13.1-9;-16.43988172;-71.5055803;-1946273.646;2841271.841;B
1.13.1-9;-16.44018205;-71.50537927;-1946311.47;2841290.697;B
1.13.1-9;-16.44037572;-71.50529633;-1946335.27;2841297.563;B
1.13.1-9;-16.44035435;-71.50525367;-1946333.299;2841302.679;B
1.13.1-9;-16.44063613;-71.50509634;-1946368.392;2841316.824;B
1.13.1-10; ; ;-1.516416327;20763369.87;B
1.13.1-10;-16.4392801;-71.50553632;-1946203.525;2841284.71;B
1.13.1-10;-16.43880753;-71.50586749;-1946143.821;2841253.356;B
1.13.1-10;-16.4387247;-71.50592244;-1946133.396;2841248.212;B
1.13.1-10;-16.43856521;-71.50599302;-1946113.767;2841242.299;B
1.13.1-10;-16.43830979;-71.50598179;-1946083.902;2841246.92;B
1.13.1-10;-16.43828802;-71.50591257;-1946082.221;2841255.052;B
1.13.1-10;-16.43820571;-71.50592757;-1946072.362;2841254.431;B
1.13.1-10;-16.43837024;-71.50642224;-1946085.435;2841196.192;B
1.13.1-10;-16.43848698;-71.50668322;-1946095.849;2841165.075;B
1.13.1-10;-16.43894348;-71.50639575;-1946153.112;2841191.685;B
1.13.1-10;-16.43950906;-71.50592063;-1946225.564;2841238.14;B
1.13.1-11; ; ;-1.516416327;20763369.87;B
1.13.1-11;-16.43794083;-71.50606306;-1946039.53;2841242.54;B
1.13.1-11;-16.43802912;-71.50660765;-1946043.017;2841179.641;B
1.13.1-11;-16.43793803;-71.50664043;-1946031.901;2841177.118;B
1.13.1-11;-16.43790821;-71.5066134;-1946028.74;2841180.572;B
1.13.1-11;-16.43782603;-71.5066036;-1946019.21;2841182.76;B
1.13.1-11;-16.43775114;-71.50653022;-1946011.339;2841192.061;B
1.13.1-11;-16.43738317;-71.50653073;-1945968.106;2841196.824;B
1.13.1-11;-16.43738644;-71.5066359;-1945967.159;2841184.858;B
1.13.1-11;-16.43743002;-71.50672477;-1945971.155;2841174.211;B
1.13.1-11;-16.43750182;-71.50689022;-1945977.498;2841154.513;B
1.13.1-11;-16.4375531;-71.50696713;-1945982.551;2841145.121;B
1.13.1-11;-16.43765394;-71.50706549;-1945993.153;2841132.649;B
1.13.1-11;-16.43787674;-71.50696689;-1946020.574;2841140.909;B
1.13.1-11;-16.43832188;-71.50678324;-1946075.189;2841155.898;B
1.13.1-11;-16.43846857;-71.50670663;-1946093.391;2841162.661;B
1.13.1-11;-16.43832245;-71.50635702;-1946080.645;2841204.213;B
1.13.1-11;-16.43817983;-71.50592142;-1946069.399;2841255.466;B
1.13.1-11;-16.4380232;-71.50599266;-1946050.097;2841249.442;B
1.13.1-12; ; ;-1.516416327;20763369.87;B
1.13.1-12;-16.43742797;-71.50680169;-1945969.942;2841165.517;B
1.13.1-12;-16.43736977;-71.50671277;-1945964.229;2841176.361;B
1.13.1-12;-16.43729795;-71.50653409;-1945958.051;2841197.56;B
1.13.1-12;-16.43718236;-71.50616879;-1945949.091;2841240.49;B
1.13.1-12;-16.43702207;-71.50622579;-1945929.54;2841236.127;B
1.13.1-12;-16.43719;-71.50683948;-1945941.509;2841164.35;B
1.13.1-13; ; ;-1.516416327;20763369.87;B
1.13.1-13;-16.43711824;-71.50692544;-1945931.991;2841155.545;B
1.13.1-13;-16.43714149;-71.50697067;-1945934.151;2841150.112;B
1.13.1-13;-16.43716585;-71.50705701;-1945935.921;2841140.005;B
1.13.1-13;-16.4371629;-71.50709814;-1945935.055;2841135.38;B
1.13.1-13;-16.43713569;-71.50713723;-1945931.364;2841131.304;B
1.13.1-13;-16.43711813;-71.50715673;-1945929.054;2841129.324;B
1.13.1-13;-16.43705227;-71.50719893;-1945920.784;2841125.403;B
1.13.1-13;-16.43692061;-71.50677626;-1945910.66;2841175.048;B
1.13.1-13;-16.43663555;-71.50687868;-1945875.877;2841167.17;B
1.13.1-13;-16.43679905;-71.50734718;-1945889.162;2841111.912;B
1.13.1-13;-16.43721455;-71.50722481;-1945939.521;2841120.342;B
1.13.1-13;-16.43759691;-71.50709196;-1945986.119;2841130.394;B
1.13.1-13;-16.43756185;-71.50703602;-1945982.707;2841137.196;B
1.13.1-13;-16.43753619;-71.50699847;-1945980.168;2841141.79;B
1.13.1-13;-16.43746757;-71.50693048;-1945972.966;2841150.397;B
1.13.1-13;-16.43743148;-71.50682598;-1945970.047;2841162.718;B
1.13.1-13;-16.43718267;-71.50688165;-1945940.115;2841159.665;B
1.13.1-13;-16.43716153;-71.50690873;-1945937.289;2841156.872;B
1.13.1-14; ; ;-1.516416327;20763369.87;B
1.13.1-14;-16.43548079;-71.50741673;-1945733.417;2841121.295;B
1.13.1-14;-16.43522314;-71.50749464;-1945702.165;2841115.837;B
1.13.1-14;-16.43526176;-71.50770078;-1945704.096;2841091.96;B
1.13.1-14;-16.43477688;-71.50787307;-1945644.956;2841078.778;B
1.13.1-14;-16.43460771;-71.5079743;-1945623.803;2841069.517;B
1.13.1-14;-16.43457616;-71.5080629;-1945618.976;2841059.884;B
1.13.1-14;-16.43463737;-71.50812348;-1945625.401;2841052.214;B
1.13.1-14;-16.43457615;-71.50821466;-1945617.056;2841042.678;B
1.13.1-14;-16.43452375;-71.50821018;-1945610.958;2841043.873;B
1.13.1-14;-16.43445627;-71.50821904;-1945602.918;2841043.752;B
1.13.1-14;-16.43439762;-71.50824979;-1945595.64;2841041.034;B
1.13.1-14;-16.43439166;-71.50831906;-1945594.064;2841033.258;B
1.13.1-14;-16.43441827;-71.50840522;-1945596.1;2841023.142;B
1.13.1-14;-16.43467645;-71.50837791;-1945626.776;2841022.856;B
1.13.1-14;-16.43475886;-71.50822744;-1945638.36;2841038.837;B
1.13.1-14;-16.43491677;-71.50806094;-1945659.015;2841055.645;B
1.13.1-14;-16.43508823;-71.50796607;-1945680.357;2841064.156;B
1.13.1-14;-16.4352585;-71.50789437;-1945701.266;2841070.054;B
1.13.1-14;-16.4354745;-71.507808;-1945727.733;2841077.017;B
1.13.1-15; ; ;-1.516416327;20763369.87;B
1.13.1-15;-16.43420628;-71.50784747;-1945578.247;2841089.154;B
1.13.1-15;-16.43419271;-71.50774031;-1945578.007;2841101.481;B
1.13.1-15;-16.43416416;-71.5077407;-1945574.649;2841101.811;B
1.13.1-15;-16.43415663;-71.50765396;-1945574.861;2841111.743;B
1.13.1-15;-16.43399572;-71.50768754;-1945555.533;2841110.044;B
1.13.1-15;-16.43401218;-71.50780858;-1945555.936;2841096.105;B
1.13.1-15;-16.43403399;-71.50790256;-1945557.31;2841085.165;B
1.13.1-16; ; ;-1.516416327;20763369.87;B
1.13.1-16;-16.43398867;-71.50714827;-1945561.521;2841171.277;B
1.13.1-16;-16.43391801;-71.50690234;-1945556.329;2841200.085;B
1.13.1-16;-16.4338951;-71.50672961;-1945555.821;2841219.969;B
1.13.1-16;-16.4338098;-71.50675602;-1945545.466;2841218.091;B
1.13.1-16;-16.43379625;-71.50650943;-1945546.992;2841246.227;B
1.13.1-16;-16.43381563;-71.50634115;-1945551.396;2841265.052;B
1.13.1-16;-16.43378939;-71.50632473;-1945548.521;2841267.257;B
1.13.1-16;-16.43373672;-71.50633851;-1945542.159;2841266.385;B
1.13.1-16;-16.43372952;-71.50647807;-1945539.549;2841250.656;B
1.13.1-16;-16.4337155;-71.50657979;-1945536.616;2841239.307;B
1.13.1-16;-16.43371298;-71.50667685;-1945535.093;2841228.336;B
1.13.1-16;-16.4336793;-71.5068294;-1945529.209;2841211.481;B
1.13.1-16;-16.43365229;-71.50688928;-1945525.278;2841205.046;B
1.13.1-16;-16.43363411;-71.50691981;-1945522.757;2841201.822;B
1.13.1-16;-16.43366698;-71.50695268;-1945526.203;2841197.665;B
1.13.1-16;-16.43381955;-71.50693382;-1945544.364;2841197.806;B
1.13.1-16;-16.4338809;-71.50717649;-1945548.504;2841169.488;B
1.13.1-17; ; ;-1.516416327;20763369.87;B
1.13.1-17;-16.43353022;-71.50707979;-1945508.529;2841185.045;B
1.13.1-17;-16.43358072;-71.50706092;-1945514.7;2841186.523;B
1.13.1-17;-16.43361375;-71.50705209;-1945518.693;2841187.092;B
1.13.1-17;-16.43361082;-71.50699172;-1945519.111;2841193.975;B
1.13.1-17;-16.43359228;-71.50694192;-1945517.563;2841199.864;B
1.13.1-17;-16.43343567;-71.50697113;-1945498.795;2841198.603;B
1.13.1-17;-16.43343466;-71.50704135;-1945497.789;2841190.655;B
1.13.1-17;-16.43348049;-71.50710415;-1945502.38;2841182.934;B
1.13.1-17;-16.43347353;-71.50709861;-1945501.632;2841183.654;B
1.13.1-18; ; ;-1.516416327;20763369.87;B
1.13.1-18;-16.43430352;-71.5083432;-1945583.404;2841031.676;B
1.13.1-18;-16.43420946;-71.50832144;-1945572.63;2841035.375;B
1.13.1-18;-16.43419766;-71.5082997;-1945571.519;2841037.994;B
1.13.1-18;-16.43412717;-71.50830996;-1945563.107;2841037.754;B
1.13.1-18;-16.43415139;-71.50842925;-1945564.445;2841023.913;B
1.13.1-18;-16.43430818;-71.50842301;-1945582.943;2841022.567;B
1.13.1-19; ; ;-1.516416327;20763369.87;B
1.13.1-19;-16.43426918;-71.5089061;-1945572.255;2840968.307;B
1.13.1-19;-16.43433615;-71.50893894;-1945579.707;2840963.707;B
1.13.1-19;-16.43429671;-71.50907732;-1945573.326;2840948.534;B
1.13.1-19;-16.43425617;-71.50908323;-1945568.489;2840948.395;B
1.13.1-19;-16.43409319;-71.509678;-1945541.824;2840883.098;B
1.13.1-19;-16.43406594;-71.50976187;-1945537.564;2840873.946;B
1.13.1-19;-16.43411457;-71.50984551;-1945542.219;2840863.826;B
1.13.1-19;-16.43408141;-71.50993321;-1945537.215;2840854.318;B
1.13.1-19;-16.4341267;-71.50997162;-1945542.05;2840849.37;B
1.13.1-19;-16.43406613;-71.51011512;-1945533.121;2840833.893;B
1.13.1-19;-16.43398693;-71.51023684;-1945522.278;2840821.13;B
1.13.1-19;-16.43389722;-71.51017444;-1945512.529;2840829.381;B
1.13.1-19;-16.43382017;-71.51026381;-1945502.348;2840820.256;B
1.13.1-19;-16.43377923;-71.5100283;-1945500.515;2840847.494;B
1.13.1-19;-16.43381664;-71.51001623;-1945505.062;2840848.373;B
1.13.1-19;-16.43381892;-71.50998494;-1945505.725;2840851.89;B
1.13.1-19;-16.43385115;-71.50997733;-1945509.607;2840852.33;B
1.13.1-19;-16.43387931;-71.50977083;-1945515.526;2840875.373;B
1.13.1-19;-16.43378401;-71.50975918;-1945504.477;2840877.942;B
1.13.1-19;-16.43379262;-71.50961922;-1945507.257;2840893.698;B
1.13.1-19;-16.43377355;-71.509616;-1945505.059;2840894.312;B
1.13.1-19;-16.43377882;-71.50945047;-1945507.77;2840913.01;B
1.13.1-19;-16.43378472;-71.50944449;-1945508.538;2840913.611;B
1.13.1-19;-16.43378474;-71.50939028;-1945509.226;2840919.757;B
1.13.1-19;-16.43377077;-71.50938738;-1945507.621;2840920.269;B
1.13.1-19;-16.43392255;-71.50892842;-1945531.253;2840970.315;B
1.13.1-19;-16.43385255;-71.50889473;-1945523.455;2840975.052;B
1.13.1-19;-16.43358294;-71.50890483;-1945491.655;2840977.438;B
1.13.1-19;-16.43363034;-71.50929429;-1945492.301;2840932.662;B
1.13.1-19;-16.43366838;-71.50967572;-1945491.949;2840888.919;B
1.13.1-19;-16.43367586;-71.50990674;-1945489.907;2840862.629;B
1.13.1-19;-16.4336795;-71.51005659;-1945488.441;2840845.593;B
1.13.1-19;-16.43368247;-71.51012774;-1945487.891;2840837.487;B
1.13.1-19;-16.43365852;-71.51021856;-1945483.93;2840827.504;B
1.13.1-19;-16.43359491;-71.51034982;-1945474.799;2840813.456;B
1.13.1-19;-16.4335646;-71.51039099;-1945470.717;2840809.185;B
1.13.1-19;-16.43352146;-71.51041075;-1945465.4;2840807.509;B
1.13.1-19;-16.43351032;-71.51048156;-1945463.196;2840799.627;B
1.13.1-19;-16.43354168;-71.51052074;-1945466.384;2840794.774;B
1.13.1-19;-16.43368022;-71.51057029;-1945482.034;2840787.342;B
1.13.1-19;-16.43378293;-71.51054433;-1945494.428;2840788.94;B
1.13.1-19;-16.43380607;-71.51052552;-1945497.383;2840790.77;B
1.13.1-19;-16.43396929;-71.51043875;-1945517.654;2840798.47;B
1.13.1-19;-16.43406088;-71.51034152;-1945529.643;2840808.294;B
1.13.1-19;-16.43410893;-71.51026991;-1945536.193;2840815.784;B
1.13.1-19;-16.43416981;-71.51016091;-1945544.722;2840827.345;B
1.13.1-19;-16.43423054;-71.50999466;-1945553.958;2840845.397;B
1.13.1-19;-16.4342784;-71.50979677;-1945562.081;2840867.206;B
1.13.1-19;-16.43438662;-71.50936031;-1945580.311;2840915.273;B
1.13.1-19;-16.4344334;-71.50910585;-1945589.022;2840943.509;B
1.13.1-19;-16.43450487;-71.5088909;-1945600.136;2840966.943;B
1.13.1-19;-16.43455425;-71.50873504;-1945607.907;2840983.967;B
1.13.1-19;-16.4346205;-71.50852519;-1945618.342;2841006.891;B
1.13.1-19;-16.43464758;-71.50845785;-1945622.375;2841014.172;B
1.13.1-19;-16.43467969;-71.50838732;-1945627.038;2841021.747;B
1.13.1-19;-16.43454522;-71.50840685;-1945610.994;2841021.294;B
1.13.1-19;-16.43416037;-71.50844103;-1945565.351;2841022.459;B
1.13.1-19;-16.43414196;-71.50863748;-1945560.705;2841000.428;B
1.13.1-19;-16.43433122;-71.50869398;-1945582.224;2840991.544;B
1.13.1-20; ; ;-1.516416327;20763369.87;B
1.13.1-20;-16.43371789;-71.50887292;-1945507.911;2840979.289;B
1.13.1-20;-16.43385801;-71.50887087;-1945524.398;2840977.686;B
1.13.1-20;-16.43387884;-71.50875285;-1945528.336;2840990.794;B
1.13.1-20;-16.43374589;-71.50874152;-1945512.862;2840993.82;B
1.13.1-20;-16.43377979;-71.50859728;-1945518.666;2841009.729;B
1.13.1-20;-16.43376832;-71.50836458;-1945520.261;2841036.261;B
1.13.1-20;-16.43342955;-71.50842941;-1945479.644;2841033.348;B
1.13.1-20;-16.43354465;-71.50876919;-1945488.871;2840993.318;B
1.13.1-20;-16.43356494;-71.50887292;-1945489.943;2840981.292;B
1.13.1-21; ; ;-1.516416327;20763369.87;B
1.13.1-21;-16.43362373;-71.50779177;-1945510.515;2841103.098;B
1.13.1-21;-16.43354806;-71.50741102;-1945506.439;2841147.258;B
1.13.1-21;-16.43347028;-71.50715365;-1945500.554;2841177.456;B
1.13.1-21;-16.43340756;-71.507062;-1945494.344;2841188.668;B
1.13.1-21;-16.43311722;-71.50716334;-1945458.955;2841180.982;B
1.13.1-21;-16.43316173;-71.50740562;-1945461.122;2841152.93;B
1.13.1-21;-16.43321797;-71.50760083;-1945465.261;2841130.06;B
1.13.1-21;-16.43331053;-71.50784461;-1945473.053;2841101.21;B
1.13.1-22; ; ;-1.516416327;20763369.87;B
1.13.1-22;-16.43335057;-71.50703195;-1945488.029;2841192.822;B
1.13.1-22;-16.43337117;-71.50701833;-1945490.621;2841194.096;B
1.13.1-22;-16.43339488;-71.506978;-1945493.917;2841198.358;B
1.13.1-22;-16.43342724;-71.50691866;-1945498.468;2841204.662;B
1.13.1-22;-16.433442;-71.50687505;-1945500.754;2841209.414;B
1.13.1-22;-16.43330907;-71.50613636;-1945494.475;2841294.905;B
1.13.1-22;-16.43322316;-71.50575325;-1945489.225;2841339.467;B
1.13.1-22;-16.43317284;-71.50552182;-1945486.239;2841366.365;B
1.13.1-22;-16.43281141;-71.5055995;-1945442.797;2841362.292;B
1.13.1-22;-16.43280808;-71.50569078;-1945441.252;2841351.987;B
1.13.1-22;-16.43288426;-71.5061522;-1945444.368;2841298.674;B
1.13.1-22;-16.43296442;-71.5065695;-1945448.51;2841250.311;B
1.13.1-22;-16.43308688;-71.50710844;-1945456.085;2841187.603;B
1.13.1-23; ; ;-1.516416327;20763369.87;B
1.13.1-23;-16.43365269;-71.50671595;-1945527.516;2841224.692;B
1.13.1-23;-16.43368627;-71.50626619;-1945537.146;2841275.244;B
1.13.1-23;-16.43357081;-71.50629673;-1945523.197;2841273.294;B
1.13.1-23;-16.43351252;-71.50574226;-1945523.358;2841336.922;B
1.13.1-23;-16.43349548;-71.50568495;-1945522.08;2841343.644;B
1.13.1-23;-16.43355362;-71.50566678;-1945529.14;2841344.941;B
1.13.1-23;-16.43361836;-71.50564744;-1945536.99;2841346.287;B
1.13.1-23;-16.4336154;-71.50542097;-1945539.505;2841372.003;B
1.13.1-23;-16.43356225;-71.50540916;-1945533.411;2841374.038;B
1.13.1-23;-16.43320172;-71.50551913;-1945489.666;2841366.291;B
1.13.1-23;-16.43327089;-71.50578823;-1945494.39;2841334.876;B
1.13.1-23;-16.43333689;-71.50606343;-1945498.665;2841302.81;B
1.13.1-23;-16.43340894;-71.50641113;-1945502.734;2841262.444;B
1.13.1-23;-16.43346481;-71.50676187;-1945504.863;2841221.946;B
1.13.1-23;-16.43350685;-71.50690443;-1945508.001;2841205.233;B
1.13.1-23;-16.43355035;-71.50689454;-1945513.235;2841205.785;B
1.13.1-23;-16.43358311;-71.50687465;-1945517.336;2841207.61;B
1.13.1-23;-16.43362973;-71.5068309;-1945523.366;2841211.96;B
1.13.1-24; ; ;-1.516416327;20763369.87;B
1.13.1-24;-16.43360826;-71.50537665;-1945539.227;2841377.12;B
1.13.1-24;-16.43360112;-71.50530939;-1945539.238;2841384.84;B
1.13.1-24;-16.43360956;-71.50527903;-1945540.614;2841388.171;B
1.13.1-24;-16.43362625;-71.50525242;-1945542.911;2841390.97;B
1.13.1-24;-16.43363651;-71.50512788;-1945545.69;2841404.955;B
1.13.1-24;-16.43338491;-71.50512952;-1945516.113;2841408.065;B
1.13.1-24;-16.43342909;-71.50541384;-1945517.708;2841375.251;B
1.13.1-25; ; ;-1.516416327;20763369.87;B
1.13.1-25;-16.43347539;-71.5050034;-1945528.336;2841421.18;B
1.13.1-25;-16.43346707;-71.50493738;-1945528.194;2841428.773;B
1.13.1-25;-16.43346954;-71.5048669;-1945529.374;2841436.733;B
1.13.1-25;-16.43351346;-71.50485865;-1945534.638;2841437.092;B
1.13.1-25;-16.43350202;-71.50478644;-1945534.207;2841445.429;B
1.13.1-25;-16.43349744;-71.50472756;-1945534.414;2841452.164;B
1.13.1-25;-16.43343472;-71.50474307;-1945526.849;2841451.228;B
1.13.1-25;-16.43340899;-71.50463232;-1945525.226;2841464.122;B
1.13.1-25;-16.43326286;-71.50466708;-1945507.62;2841462.095;B
1.13.1-25;-16.43334787;-71.50503796;-1945512.918;2841418.931;B
1.13.1-26; ; ;-1.516416327;20763369.87;B
1.13.1-26;-16.43338075;-71.50541697;-1945511.99;2841375.529;B
1.13.1-26;-16.43323305;-71.50468502;-1945503.891;2841460.452;B
1.13.1-26;-16.43273134;-71.50480482;-1945443.436;2841453.44;B
1.13.1-26;-16.43277243;-71.50504404;-1945445.24;2841425.779;B
1.13.1-26;-16.43282385;-71.50530286;-1945448.009;2841395.762;B
1.13.1-26;-16.43287471;-71.50552607;-1945451.161;2841369.788;B
1.13.1-26;-16.43314895;-71.50546247;-1945484.182;2841373.407;B
1.13.1-26;-16.43329867;-71.50543032;-1945502.178;2841375.09;B
1.13.1-27; ; ;-1.516416327;20763369.87;B
1.13.1-27;-16.43324026;-71.50463765;-1945505.336;2841465.727;B
1.13.1-27;-16.43320707;-71.5044988;-1945503.193;2841481.905;B
1.13.1-27;-16.43269267;-71.50462989;-1945441.104;2841473.781;B
1.13.1-27;-16.43272614;-71.5047776;-1945443.169;2841456.594;B
1.13.1-28; ; ;-1.516416327;20763369.87;B
1.13.1-28;-16.43356992;-71.50457239;-1945544.89;2841468.809;B
1.13.1-28;-16.43342146;-71.50384843;-1945536.602;2841552.835;B
1.13.1-28;-16.43309213;-71.50391677;-1945497.049;2841549.401;B
1.13.1-28;-16.43307625;-71.50393297;-1945494.978;2841547.772;B
1.13.1-28;-16.43306873;-71.50395008;-1945493.878;2841545.931;B
1.13.1-28;-16.43314944;-71.50424399;-1945499.644;2841511.55;B
1.13.1-28;-16.43325419;-71.504647;-1945506.855;2841464.485;B
1.13.1-29; ; ;-1.516416327;20763369.87;B
1.13.1-29;-16.43373015;-71.50453811;-1945564.148;2841470.596;B
1.13.1-29;-16.43385107;-71.50416097;-1945583.121;2841511.772;B
1.13.1-29;-16.43392342;-71.50386823;-1945595.321;2841544.014;B
1.13.1-29;-16.43392472;-71.50371612;-1945597.398;2841561.243;B
1.13.1-29;-16.43343309;-71.50382714;-1945538.238;2841555.097;B
1.13.1-29;-16.43358251;-71.5045736;-1945546.354;2841468.506;B
1.13.1-30; ; ;-1.516416327;20763369.87;B
1.13.1-30;-16.43362406;-71.50315011;-1945569.232;2841629.356;B
1.13.1-30;-16.43371014;-71.50314146;-1945579.454;2841629.209;B
1.13.1-30;-16.4338056;-71.5031527;-1945590.527;2841626.684;B
1.13.1-30;-16.43380827;-71.50322201;-1945589.965;2841618.791;B
1.13.1-30;-16.4338754;-71.50321795;-1945597.901;2841618.371;B
1.13.1-30;-16.43394953;-71.50337445;-1945604.632;2841599.656;B
1.13.1-30;-16.43417707;-71.50327754;-1945632.589;2841607.663;B
1.13.1-30;-16.43431264;-71.50317041;-1945649.87;2841618.034;B
1.13.1-30;-16.43446018;-71.50301122;-1945669.215;2841634.149;B
1.13.1-30;-16.4345073;-71.50289759;-1945676.188;2841646.415;B
1.13.1-30;-16.43459529;-71.50271227;-1945688.868;2841666.273;B
1.13.1-30;-16.43465354;-71.50252429;-1945698.089;2841686.824;B
1.13.1-30;-16.43468604;-71.50229027;-1945704.866;2841712.93;B
1.13.1-30;-16.43470646;-71.50216622;-1945708.834;2841726.728;B
1.13.1-30;-16.43468954;-71.50200559;-1945708.877;2841745.162;B
1.13.1-30;-16.4346886;-71.50195353;-1945709.424;2841751.076;B
1.13.1-30;-16.43472797;-71.50175556;-1945716.553;2841773.006;B
1.13.1-30;-16.43475205;-71.50169059;-1945720.204;2841780.057;B
1.13.1-30;-16.43477371;-71.50163977;-1945723.391;2841785.535;B
1.13.1-30;-16.43492848;-71.50147016;-1945743.719;2841802.737;B
1.13.1-30;-16.43495004;-71.50145256;-1945746.474;2841804.451;B
1.13.1-30;-16.43491736;-71.50140911;-1945743.184;2841809.805;B
1.13.1-30;-16.43489616;-71.50137319;-1945741.147;2841814.155;B
1.13.1-30;-16.43477352;-71.50147047;-1945725.509;2841804.732;B
1.13.1-30;-16.43467824;-71.50160275;-1945712.643;2841790.983;B
1.13.1-30;-16.43463094;-71.50170026;-1945705.854;2841780.548;B
1.13.1-30;-16.43463998;-71.50170952;-1945706.798;2841779.379;B
1.13.1-30;-16.43458677;-71.50190157;-1945698.119;2841758.301;B
1.13.1-30;-16.4345667;-71.50190341;-1945695.737;2841758.356;B
1.13.1-30;-16.43455302;-71.50197718;-1945693.197;2841750.171;B
1.13.1-30;-16.43451353;-71.50233258;-1945684.064;2841710.394;B
1.13.1-30;-16.43449406;-71.50250156;-1945679.64;2841691.49;B
1.13.1-30;-16.43445377;-71.50266153;-1945672.884;2841673.881;B
1.13.1-30;-16.4343619;-71.50281983;-1945660.09;2841657.136;B
1.13.1-30;-16.43430125;-71.50288301;-1945652.166;2841650.767;B
1.13.1-30;-16.43416304;-71.50298183;-1945634.679;2841641.374;B
1.13.1-30;-16.4340562;-71.50301118;-1945621.756;2841639.446;B
1.13.1-30;-16.43396594;-71.50302542;-1945610.972;2841639.014;B
1.13.1-30;-16.43385142;-71.5030185;-1945597.607;2841641.299;B
1.13.1-30;-16.43367614;-71.50300508;-1945577.184;2841645.117;B
1.13.1-30;-16.43347125;-71.50302439;-1945552.87;2841645.612;B
1.13.1-30;-16.43324532;-71.50308287;-1945525.588;2841641.941;B
1.13.1-30;-16.43288186;-71.50317402;-1945481.736;2841636.368;B
1.13.1-30;-16.43297614;-71.50352102;-1945488.425;2841595.79;B
1.13.1-30;-16.433149;-71.50348573;-1945509.178;2841597.527;B
1.13.1-30;-16.43320494;-71.50383591;-1945511.323;2841557.091;B
1.13.1-30;-16.43374546;-71.50369704;-1945576.579;2841565.754;B
1.13.1-31; ; ;-1.516416327;20763369.87;B
1.13.1-31;-16.43566488;-71.50082329;-1945838.411;2841866.43;B
1.13.1-31;-16.43571001;-71.50079042;-1945844.129;2841869.565;B
1.13.1-31;-16.43589806;-71.50067774;-1945867.646;2841879.876;B
1.13.1-31;-16.43605423;-71.5005981;-1945887.001;2841886.86;B
1.13.1-31;-16.4361418;-71.50052627;-1945898.197;2841893.856;B
1.13.1-31;-16.43617605;-71.50049562;-1945902.608;2841896.882;B
1.13.1-31;-16.43622214;-71.50044099;-1945908.714;2841902.472;B
1.13.1-31;-16.43625829;-71.5003713;-1945913.843;2841909.9;B
1.13.1-31;-16.43633026;-71.50025239;-1945923.802;2841922.439;B
1.13.1-31;-16.43636002;-71.50019596;-1945928.011;2841928.447;B
1.13.1-31;-16.43638465;-71.50013018;-1945931.736;2841935.581;B
1.13.1-31;-16.43636583;-71.50006736;-1945930.32;2841942.951;B
1.13.1-31;-16.43629671;-71.50004358;-1945922.5;2841946.553;B
1.13.1-31;-16.43615602;-71.50029717;-1945902.765;2841919.645;B
1.13.1-31;-16.43604017;-71.50045003;-1945887.222;2841903.832;B
1.13.1-31;-16.43594341;-71.50052763;-1945874.873;2841896.301;B
1.13.1-31;-16.43587623;-71.50057329;-1945866.403;2841892.005;B
1.13.1-31;-16.43583435;-71.50060443;-1945861.089;2841889.023;B
1.13.1-31;-16.43561675;-71.50073543;-1945833.868;2841877.023;B
1.13.1-31;-16.43552166;-71.50081846;-1945821.647;2841868.854;B
1.13.1-31;-16.43541123;-71.50098926;-1945806.514;2841850.936;B
1.13.1-31;-16.43558347;-71.5008903;-1945827.999;2841859.899;B
1.13.1-32; ; ;-1.516416327;20763369.87;B
1.13.1-32;-16.43644984;-71.49936478;-1945949.076;2842021.508;B
1.13.1-32;-16.43640381;-71.49966906;-1945939.82;2841987.612;B
1.13.1-32;-16.43635528;-71.49990845;-1945931.091;2841961.107;B
1.13.1-32;-16.43645077;-71.49993338;-1945941.994;2841957.029;B
1.13.1-32;-16.43651556;-71.49975045;-1945951.919;2841976.92;B
1.13.1-32;-16.4365594;-71.49964075;-1945958.456;2841988.783;B
1.13.1-32;-16.43658694;-71.4995151;-1945963.282;2842002.668;B
1.13.1-32;-16.43660284;-71.49941309;-1945966.44;2842014.025;B
1.13.1-32;-16.43662178;-71.49926844;-1945970.494;2842030.178;B
1.13.1-32;-16.43665372;-71.49911611;-1945976.173;2842047.03;B
1.13.1-32;-16.43661489;-71.49898697;-1945973.245;2842062.182;B
1.13.1-32;-16.43650774;-71.4990903;-1945959.35;2842051.87;B
1.13.1-32;-16.43648236;-71.4992019;-1945954.956;2842039.549;B
1.13.1-33; ; ;-1.516416327;20763369.87;B
1.13.1-33;-16.4396115;-71.49462064;-1946380.536;2842517.954;B
1.13.1-33;-16.43961056;-71.49450692;-1946381.864;2842530.861;B
1.13.1-33;-16.43955235;-71.49444791;-1946375.772;2842538.314;B
1.13.1-33;-16.43953902;-71.49428708;-1946376.241;2842556.724;B
1.13.1-33;-16.43943453;-71.49429555;-1946363.858;2842557.134;B
1.13.1-33;-16.43945212;-71.49451778;-1946363.113;2842531.707;B
1.13.1-33;-16.43958939;-71.49466203;-1946377.414;2842513.551;B
1.13.1-34; ; ;-1.516416327;20763369.87;B
1.13.1-34;-16.43859713;-71.4954584;-1946250.763;2842436.269;B
1.13.1-34;-16.43853768;-71.49566459;-1946241.169;2842413.67;B
1.13.1-34;-16.43844084;-71.49593009;-1946226.433;2842384.836;B
1.13.1-34;-16.43841715;-71.49604334;-1946222.218;2842372.307;B
1.13.1-34;-16.43840148;-71.49610072;-1946219.651;2842366.006;B
1.13.1-34;-16.43840209;-71.49616551;-1946218.903;2842358.653;B
1.13.1-34;-16.43842423;-71.49625367;-1946220.388;2842348.366;B
1.13.1-34;-16.43847981;-71.49631232;-1946226.176;2842340.988;B
1.13.1-34;-16.4385824;-71.49633129;-1946237.988;2842337.493;B
1.13.1-34;-16.43863139;-71.49619415;-1946245.479;2842352.399;B
1.13.1-34;-16.43873272;-71.49597214;-1946260.193;2842376.242;B
1.13.1-34;-16.43883499;-71.49573782;-1946275.172;2842401.469;B
1.13.1-34;-16.4388729;-71.4955708;-1946281.739;2842419.908;B
1.13.1-34;-16.43888211;-71.49552672;-1946283.379;2842424.786;B
1.13.1-34;-16.43890644;-71.49543895;-1946287.348;2842434.418;B
1.13.1-34;-16.43894307;-71.49533694;-1946292.941;2842445.504;B
1.13.1-34;-16.43879938;-71.49527077;-1946276.898;2842454.89;B
1.13.1-34;-16.43878082;-71.4953357;-1946273.896;2842447.772;B
1.13.1-34;-16.43873194;-71.49532301;-1946268.314;2842449.851;B
1.13.1-34;-16.4387026;-71.49540333;-1946263.851;2842441.129;B
1.13.1-35; ; ;-1.516416327;20763369.87;B
1.13.1-35;-16.43767863;-71.4971326;-1946121.673;2842258.487;B
1.13.1-35;-16.43751044;-71.49718757;-1946101.218;2842254.46;B
1.13.1-35;-16.43748339;-71.49726448;-1946097.066;2842246.093;B
1.13.1-35;-16.43742146;-71.49726949;-1946089.728;2842246.337;B
1.13.1-35;-16.43738746;-71.49719253;-1946086.707;2842255.509;B
1.13.1-35;-16.4372063;-71.49725229;-1946064.668;2842251.108;B
1.13.1-35;-16.43712538;-71.4972798;-1946054.813;2842249.049;B
1.13.1-35;-16.43714791;-71.49740727;-1946055.847;2842234.301;B
1.13.1-35;-16.43697749;-71.49747675;-1946034.947;2842228.658;B
1.13.1-35;-16.43702531;-71.49767766;-1946038.024;2842205.252;B
1.13.1-35;-16.43721972;-71.49761452;-1946061.663;2842209.863;B
1.13.1-35;-16.43741909;-71.49752899;-1946086.167;2842216.947;B
1.13.1-35;-16.4375509;-71.49746962;-1946102.403;2842221.95;B
1.13.1-35;-16.43776327;-71.49735846;-1946128.759;2842231.77;B
1.13.1-36; ; ;-1.516416327;20763369.87;B
1.13.1-36;-16.43628311;-71.49825946;-1945943.469;2842149.014;B
1.13.1-36;-16.43599238;-71.49817105;-1945910.431;2842162.849;B
1.13.1-36;-16.43602806;-71.49861246;-1945909.04;2842112.334;B
1.13.1-36;-16.43622835;-71.49867658;-1945931.759;2842102.439;B
1.13.1-36;-16.43632377;-71.49882467;-1945941.096;2842084.399;B
1.13.1-36;-16.43637452;-71.49892143;-1945945.835;2842072.762;B
1.13.1-36;-16.43654141;-71.49888964;-1945965.843;2842074.179;B
1.13.1-36;-16.43649401;-71.49856401;-1945964.393;2842111.721;B
1.13.1-36;-16.43649163;-71.49834906;-1945966.833;2842136.123;B
1.13.1-36;-16.43656871;-71.49821332;-1945977.605;2842150.503;B
1.13.1-36;-16.43669074;-71.4979955;-1945994.696;2842173.601;B
1.13.1-36;-16.43632319;-71.49782774;-1945953.638;2842197.438;B
1.13.1-37; ; ;-1.516416327;20763369.87;B
1.13.1-37;-16.43576167;-71.50036337;-1945855.599;2841917.307;B
1.13.1-37;-16.43561086;-71.50046313;-1945836.62;2841907.973;B
1.13.1-37;-16.43556779;-71.50047734;-1945831.38;2841906.925;B
1.13.1-37;-16.43551338;-71.50047741;-1945824.987;2841907.63;B
1.13.1-37;-16.43540891;-71.50057089;-1945811.532;2841898.401;B
1.13.1-37;-16.43543318;-71.50059908;-1945814.027;2841894.887;B
1.13.1-37;-16.43533978;-71.50070558;-1945801.707;2841884.036;B
1.13.1-37;-16.43527591;-71.50076519;-1945793.449;2841878.114;B
1.13.1-37;-16.43531149;-71.50080368;-1945797.143;2841873.284;B
1.13.1-37;-16.43522023;-71.50090925;-1945785.087;2841862.51;B
1.13.1-37;-16.43529566;-71.50100851;-1945792.692;2841850.268;B
1.13.1-37;-16.43540986;-71.50088356;-1945807.689;2841862.938;B
1.13.1-37;-16.43546531;-71.50083314;-1945814.841;2841867.928;B
1.13.1-37;-16.4355576;-71.50074015;-1945826.859;2841877.262;B
1.13.1-37;-16.43566267;-71.50065703;-1945840.254;2841885.309;B
1.13.1-37;-16.43577354;-71.5005909;-1945854.116;2841891.354;B
1.13.1-37;-16.43581786;-71.50055868;-1945859.73;2841894.427;B
1.13.1-37;-16.43598792;-71.50044653;-1945881.128;2841904.913;B
1.13.1-37;-16.43608415;-71.50031745;-1945894.065;2841918.287;B
1.13.1-37;-16.43614616;-71.50021669;-1945902.624;2841928.899;B
1.13.1-37;-16.43590858;-71.50006057;-1945876.688;2841949.713;B
1.13.1-37;-16.43578433;-71.5002724;-1945859.412;2841927.324;B
1.13.1-37;-16.43581344;-71.50033433;-1945862.049;2841919.921;B
1.13.1-38; ; ;-1.516416327;20763369.87;B
1.13.1-38;-16.4350206;-71.50110285;-1945759.185;2841843.176;B
1.13.1-38;-16.4349484;-71.5010894;-1945750.873;2841845.647;B
1.13.1-38;-16.43489022;-71.50106885;-1945744.298;2841848.739;B
1.13.1-38;-16.43482627;-71.50112851;-1945736.03;2841842.813;B
1.13.1-38;-16.43477425;-71.50115655;-1945729.565;2841840.315;B
1.13.1-38;-16.4347218;-71.50118419;-1945723.053;2841837.869;B
1.13.1-38;-16.43469143;-71.5012089;-1945719.173;2841835.465;B
1.13.1-38;-16.43462264;-71.50120235;-1945711.175;2841837.109;B
1.13.1-38;-16.4345451;-71.50131871;-1945700.593;2841824.933;B
1.13.1-38;-16.43461853;-71.50140193;-1945708.168;2841814.535;B
1.13.1-38;-16.43448183;-71.50163216;-1945689.197;2841790.222;B
1.13.1-38;-16.43445046;-71.50162785;-1945685.566;2841791.122;B
1.13.1-38;-16.43443516;-71.50181932;-1945681.347;2841769.614;B
1.13.1-38;-16.43456575;-71.50184158;-1945696.407;2841765.379;B
1.13.1-38;-16.43461118;-71.50167925;-1945703.798;2841783.188;B
1.13.1-38;-16.43465813;-71.50159356;-1945710.397;2841792.289;B
1.13.1-38;-16.43470388;-71.50151382;-1945716.78;2841800.73;B
1.13.1-38;-16.43474876;-71.50145304;-1945722.821;2841807.033;B
1.13.1-38;-16.43482426;-71.50138468;-1945732.555;2841813.794;B
1.13.1-38;-16.43486519;-71.50135722;-1945737.711;2841816.372;B
1.13.1-38;-16.43490616;-71.50132876;-1945742.884;2841819.061;B
1.13.1-38;-16.43496494;-71.50127519;-1945750.467;2841824.366;B
1.13.1-38;-16.43521695;-71.50109709;-1945782.325;2841841.257;B
1.13.1-38;-16.43516851;-71.50100472;-1945777.803;2841852.363;B
1.13.1-39; ; ;-1.516416327;20763369.87;B
1.13.1-39;-16.43433218;-71.50239226;-1945662.004;2841706.003;B
1.13.1-39;-16.43432161;-71.50247643;-1945659.698;2841696.598;B
1.13.1-39;-16.43429062;-71.50247014;-1945656.137;2841697.718;B
1.13.1-39;-16.43428738;-71.50251598;-1945655.177;2841692.563;B
1.13.1-39;-16.43432953;-71.50252973;-1945659.955;2841690.451;B
1.13.1-39;-16.43429155;-71.50267982;-1945653.595;2841673.932;B
1.13.1-39;-16.43424551;-71.5027482;-1945647.322;2841666.782;B
1.13.1-39;-16.43420266;-71.50279845;-1945641.652;2841661.646;B
1.13.1-39;-16.43416028;-71.50275669;-1945637.202;2841666.937;B
1.13.1-39;-16.43404985;-71.50280787;-1945623.581;2841662.581;B
1.13.1-39;-16.43396975;-71.50281765;-1945614.048;2841662.521;B
1.13.1-39;-16.43392518;-71.50266466;-1945610.745;2841680.451;B
1.13.1-39;-16.43387414;-71.50266858;-1945604.7;2841680.675;B
1.13.1-39;-16.43385657;-71.50258243;-1945603.725;2841690.673;B
1.13.1-39;-16.43348928;-71.50264874;-1945559.737;2841687.967;B
1.13.1-39;-16.43350569;-71.5027709;-1945560.121;2841673.901;B
1.13.1-39;-16.4333948;-71.50278277;-1945546.943;2841674.008;B
1.13.1-39;-16.43332801;-71.50279866;-1945538.895;2841673.081;B
1.13.1-39;-16.43332356;-71.50281414;-1945538.177;2841671.385;B
1.13.1-39;-16.43325479;-71.50282685;-1945529.937;2841670.844;B
1.13.1-39;-16.43324044;-71.50280367;-1945528.544;2841673.661;B
1.13.1-39;-16.43315004;-71.50282955;-1945517.597;2841671.911;B
1.13.1-39;-16.4331751;-71.50290518;-1945519.585;2841663.008;B
1.13.1-39;-16.43305297;-71.50295196;-1945504.645;2841659.304;B
1.13.1-39;-16.43302162;-71.50294568;-1945501.042;2841660.426;B
1.13.1-39;-16.43300977;-71.50291234;-1945500.072;2841664.362;B
1.13.1-39;-16.43290429;-71.5029255;-1945487.514;2841664.252;B
1.13.1-39;-16.43287991;-71.50284471;-1945485.67;2841673.731;B
1.13.1-39;-16.43284726;-71.50285015;-1945481.766;2841673.541;B
1.13.1-39;-16.43284009;-71.50281034;-1945481.427;2841678.149;B
1.13.1-39;-16.43297058;-71.50278983;-1945497.016;2841678.765;B
1.13.1-39;-16.43295365;-71.50272062;-1945495.902;2841686.834;B
1.13.1-39;-16.43276781;-71.50275145;-1945473.68;2841685.773;B
1.13.1-39;-16.43287673;-71.50311866;-1945481.833;2841642.712;B
1.13.1-39;-16.43344121;-71.50296409;-1945550.103;2841652.842;B
1.13.1-39;-16.43372497;-71.50295411;-1945583.565;2841650.256;B
1.13.1-39;-16.43398538;-71.50297463;-1945613.898;2841644.518;B
1.13.1-39;-16.43416315;-71.50291687;-1945635.514;2841648.737;B
1.13.1-39;-16.43425255;-71.50285288;-1945646.825;2841654.822;B
1.13.1-39;-16.43432314;-71.50278395;-1945655.989;2841661.712;B
1.13.1-39;-16.43438249;-71.50269651;-1945664.068;2841670.848;B
1.13.1-39;-16.43441629;-71.50262358;-1945668.961;2841678.674;B
1.13.1-39;-16.43444622;-71.50250219;-1945674.012;2841692.045;B
1.13.1-39;-16.43446121;-71.5023984;-1945677.086;2841703.616;B
1.13.1-39;-16.43446151;-71.50227502;-1945678.68;2841717.602;B
1.13.1-39;-16.43446971;-71.50215018;-1945681.222;2841731.648;B
1.13.1-39;-16.43438006;-71.50215339;-1945670.65;2841732.459;B
1.13.1-39;-16.43434359;-71.50225568;-1945665.072;2841721.339;B
1.13.1-40; ; ;-1.516416327;20763369.87;B
1.13.1-40;-16.43298371;-71.50254888;-1945501.606;2841705.913;B
1.13.1-40;-16.43294897;-71.50238112;-1945499.645;2841725.388;B
1.13.1-40;-16.43286612;-71.50240013;-1945489.671;2841724.318;B
1.13.1-40;-16.43284485;-71.50233239;-1945488.029;2841732.277;B
1.13.1-40;-16.43282682;-71.50226138;-1945486.809;2841740.564;B
1.13.1-40;-16.43276248;-71.50215286;-1945480.622;2841753.712;B
1.13.1-40;-16.43262864;-71.50217583;-1945464.608;2841752.86;B
1.13.1-40;-16.43263634;-71.50222988;-1945464.829;2841746.631;B
1.13.1-40;-16.43268409;-71.50242859;-1945467.927;2841723.476;B
1.13.1-40;-16.43273606;-71.50261261;-1945471.705;2841701.93;B
1.13.1-41; ; ;-1.516416327;20763369.87;B
1.13.1-41;-16.43257123;-71.50279122;-1945450.083;2841683.839;B
1.13.1-41;-16.43258567;-71.50288332;-1945450.615;2841673.207;B
1.13.1-41;-16.43262558;-71.50298622;-1945454.002;2841661.018;B
1.13.1-41;-16.43267187;-71.50317552;-1945457.047;2841638.949;B
1.13.1-41;-16.43281467;-71.50313702;-1945474.311;2841641.444;B
1.13.1-41;-16.4327988;-71.50302333;-1945473.884;2841654.541;B
1.13.1-41;-16.43277247;-71.50292525;-1945472.03;2841666.007;B
1.13.1-41;-16.43272299;-71.50281857;-1945467.566;2841678.751;B
1.13.1-41;-16.43266205;-71.50264885;-1945462.553;2841698.791;B
1.13.1-41;-16.43244037;-71.50269273;-1945435.954;2841696.721;B
1.13.1-41;-16.43246578;-71.50280693;-1945437.496;2841683.44;B
1.13.1-42; ; ;-1.516416327;20763369.87;B
1.13.1-42;-16.43238134;-71.5040324;-1945412.083;2841545.601;B
1.13.1-42;-16.43295518;-71.50387323;-1945481.51;2841556.132;B
1.13.1-42;-16.4328071;-71.50320428;-1945472.571;2841633.917;B
1.13.1-42;-16.43216501;-71.50339169;-1945394.769;2841621.08;B
1.13.1-42;-16.43233782;-71.50399872;-1945407.396;2841549.991;B
1.13.1-43; ; ;-1.516416327;20763369.87;B
1.13.1-43;-16.43221219;-71.50328304;-1945401.685;2841632.779;B
1.13.1-43;-16.4324073;-71.50324266;-1945425.117;2841634.802;B
1.13.1-43;-16.43265287;-71.50318936;-1945454.64;2841637.629;B
1.13.1-43;-16.43261419;-71.50301527;-1945452.298;2841657.874;B
1.13.1-43;-16.43209784;-71.50313951;-1945390.065;2841650.552;B
1.13.1-43;-16.43213689;-71.50326724;-1945393.038;2841635.557;B
1.13.1-44; ; ;-1.516416327;20763369.87;B
1.13.1-44;-16.43146038;-71.50312529;-1945315.357;2841660.514;B
1.13.1-44;-16.43146934;-71.50311415;-1945316.549;2841661.66;B
1.13.1-44;-16.43157206;-71.5031426;-1945328.257;2841657.089;B
1.13.1-44;-16.43157327;-71.50304798;-1945329.596;2841667.801;B
1.13.1-44;-16.43153657;-71.50299558;-1945325.947;2841674.222;B
1.13.1-44;-16.43149599;-71.50291935;-1945322.143;2841683.397;B
1.13.1-44;-16.43138403;-71.50292517;-1945308.917;2841684.203;B
1.13.1-44;-16.43135355;-71.50285837;-1945306.181;2841692.177;B
1.13.1-44;-16.43129786;-71.50286475;-1945299.556;2841692.183;B
1.13.1-44;-16.43131979;-71.50292246;-1945301.404;2841685.352;B
1.13.1-44;-16.4313122;-71.50309682;-1945298.308;2841665.683;B
1.13.1-45; ; ;-1.516416327;20763369.87;B
1.13.1-45;-16.43096446;-71.50142881;-1945278.542;2841859.361;B
1.13.1-45;-16.43093077;-71.50153142;-1945273.287;2841848.167;B
1.13.1-45;-16.43085288;-71.50175035;-1945261.369;2841824.365;B
1.13.1-45;-16.43084625;-71.50183013;-1945259.582;2841815.406;B
1.13.1-45;-16.43086386;-71.50194713;-1945260.171;2841801.91;B
1.13.1-45;-16.43099138;-71.50198427;-1945274.682;2841796.028;B
1.13.1-45;-16.43100922;-71.50195239;-1945277.181;2841799.409;B
1.13.1-45;-16.43106619;-71.50178315;-1945286.014;2841817.852;B
1.13.1-45;-16.43112856;-71.50157498;-1945295.974;2841840.638;B
1.13.1-45;-16.43113785;-71.50151477;-1945297.826;2841847.343;B
1.13.1-45;-16.43117051;-71.50146222;-1945302.327;2841852.873;B
1.13.1-45;-16.43124609;-71.50137281;-1945312.336;2841862.02;B
1.13.1-45;-16.43131701;-71.50128501;-1945321.779;2841871.046;B
1.13.1-45;-16.43115353;-71.50121783;-1945303.422;2841880.804;B
1.13.1-45;-16.43105228;-71.5013261;-1945290.159;2841869.855;B
1.13.1-46; ; ;-1.516416327;20763369.87;B
1.13.1-46;-16.43070011;-71.50269423;-1945231.488;2841719.347;B
1.13.1-46;-16.43089308;-71.5027305;-1945253.701;2841712.707;B
1.13.1-46;-16.43106417;-71.50267917;-1945274.449;2841716.285;B
1.13.1-46;-16.43097434;-71.50245662;-1945266.709;2841742.695;B
1.13.1-46;-16.43094395;-71.50239396;-1945263.931;2841750.198;B
1.13.1-46;-16.43090467;-71.50236177;-1945259.724;2841754.362;B
1.13.1-46;-16.43087864;-71.50230154;-1945257.427;2841761.532;B
1.13.1-46;-16.43086714;-71.50228735;-1945256.255;2841763.292;B
1.13.1-46;-16.43078029;-71.50233162;-1945245.492;2841759.41;B
1.13.1-46;-16.43071449;-71.50233679;-1945237.697;2841759.685;B
1.13.1-46;-16.43051524;-71.50265892;-1945210.216;2841725.771;B
1.13.1-46;-16.43058189;-71.50272006;-1945217.274;2841717.967;B
1.13.1-47; ; ;-1.516416327;20763369.87;B
1.13.1-47;-16.43073389;-71.50289766;-1945232.885;2841695.839;B
1.13.1-47;-16.4306579;-71.50289002;-1945224.055;2841697.701;B
1.13.1-47;-16.43065392;-71.50285992;-1945223.968;2841701.165;B
1.13.1-47;-16.43060177;-71.50284077;-1945218.083;2841704.02;B
1.13.1-47;-16.43050948;-71.5028349;-1945207.315;2841705.894;B
1.13.1-47;-16.43050181;-71.50277929;-1945207.117;2841712.3;B
1.13.1-47;-16.43043127;-71.50279388;-1945198.645;2841711.57;B
1.13.1-47;-16.43041466;-71.50281747;-1945196.395;2841709.112;B
1.13.1-47;-16.43036083;-71.50283359;-1945189.868;2841707.989;B
1.13.1-47;-16.43031268;-71.50282864;-1945184.273;2841709.182;B
1.13.1-47;-16.43028874;-71.50283325;-1945181.404;2841708.973;B
1.13.1-47;-16.43027736;-71.50286314;-1945179.688;2841705.733;B
1.13.1-47;-16.43022091;-71.50286066;-1945173.088;2841706.753;B
1.13.1-47;-16.43021787;-71.50291109;-1945172.094;2841701.075;B
1.13.1-47;-16.43028664;-71.50299882;-1945179.063;2841690.228;B
1.13.1-47;-16.43053447;-71.50301218;-1945208.01;2841685.467;B
1.13.1-47;-16.43084078;-71.50304178;-1945243.621;2841678.098;B
1.13.1-47;-16.4308742;-71.5028858;-1945249.519;2841695.346;B
1.13.1-49; ; ;-1.516416327;20763369.87;B
1.13.1-49;-16.42930657;-71.50341706;-1945058.637;2841655.643;B
1.13.1-49;-16.42943222;-71.50350778;-1945072.251;2841643.712;B
1.13.1-49;-16.42971735;-71.50323998;-1945109.135;2841670.341;B
1.13.1-49;-16.43002607;-71.503039;-1945147.943;2841689.085;B
1.13.1-49;-16.42974081;-71.50300107;-1945114.91;2841697.122;B
1.13.1-49;-16.42958322;-71.50298898;-1945096.549;2841700.556;B
1.13.1-49;-16.42948254;-71.50310878;-1945083.207;2841688.292;B
1.13.1-49;-16.42943953;-71.50322593;-1945076.673;2841675.573;B
1.13.1-50; ; ;-1.516416327;20763369.87;B
1.13.1-50;-16.43045099;-71.50317626;-1945196.128;2841667.957;B
1.13.1-50;-16.4306405;-71.50319617;-1945218.14;2841663.216;B
1.13.1-50;-16.43070508;-71.5031626;-1945226.151;2841666.177;B
1.13.1-50;-16.43070208;-71.50309058;-1945226.709;2841674.382;B
1.13.1-50;-16.43023684;-71.5030581;-1945172.463;2841684.159;B
1.13.1-50;-16.43023909;-71.50314514;-1945171.627;2841674.26;B
1.13.1-51; ; ;-1.516416327;20763369.87;B
1.13.1-51;-16.43114727;-71.50331649;-1945276.155;2841642.937;B
1.13.1-51;-16.43117995;-71.50332479;-1945279.889;2841641.568;B
1.13.1-51;-16.43126698;-71.50333378;-1945290;2841639.408;B
1.13.1-51;-16.43127557;-71.50329947;-1945291.443;2841643.186;B
1.13.1-51;-16.43138128;-71.50331383;-1945303.68;2841640.173;B
1.13.1-51;-16.43138916;-71.50335338;-1945304.106;2841635.586;B
1.13.1-51;-16.43143651;-71.50338995;-1945309.206;2841630.819;B
1.13.1-51;-16.43164321;-71.50341755;-1945333.141;2841624.982;B
1.13.1-51;-16.43165077;-71.5032541;-1945336.096;2841643.415;B
1.13.1-51;-16.43142518;-71.50318486;-1945310.468;2841654.22;B
1.13.1-51;-16.43095118;-71.50309625;-1945255.902;2841670.476;B
1.13.1-51;-16.43093142;-71.50310556;-1945253.464;2841669.68;B
1.13.1-51;-16.43089921;-71.5032869;-1945247.387;2841649.541;B
1.13.1-51;-16.43108444;-71.50330833;-1945268.877;2841644.685;B
1.13.1-52; ; ;-1.516416327;20763369.87;B
1.13.1-52;-16.43186483;-71.50358462;-1945357.065;2841603.137;B
1.13.1-52;-16.43192224;-71.50381704;-1945360.871;2841576.033;B
1.13.1-52;-16.43199043;-71.50386268;-1945368.305;2841569.965;B
1.13.1-52;-16.43205681;-71.50384588;-1945376.315;2841571.001;B
1.13.1-52;-16.4320708;-71.50390105;-1945377.261;2841564.562;B
1.13.1-52;-16.43202384;-71.50392135;-1945371.487;2841562.875;B
1.13.1-52;-16.43188492;-71.50401876;-1945353.936;2841553.651;B
1.13.1-52;-16.43194677;-71.50419161;-1945359.018;2841533.242;B
1.13.1-52;-16.43230004;-71.50408389;-1945401.881;2841540.828;B
1.13.1-52;-16.43222741;-71.50379942;-1945396.944;2841574.034;B
1.13.1-52;-16.43209914;-71.50334173;-1945387.661;2841627.606;B
1.13.1-52;-16.43167236;-71.5032594;-1945338.564;2841642.532;B
1.13.1-52;-16.43165286;-71.50327015;-1945336.137;2841641.568;B
1.13.1-52;-16.43165179;-71.50336761;-1945334.78;2841630.532;B
1.13.1-52;-16.43171673;-71.5036077;-1945339.374;2841602.46;B
1.13.1-52;-16.43178794;-71.50358871;-1945347.979;2841603.68;B
1.13.1-53; ; ;-1.516416327;20763369.87;B
1.13.1-53;-16.43254622;-71.50415313;-1945429.927;2841529.754;B
1.13.1-53;-16.43253421;-71.50411858;-1945428.953;2841533.828;B
1.13.1-53;-16.43251226;-71.50409325;-1945426.694;2841536.988;B
1.13.1-53;-16.43231442;-71.50409022;-1945403.491;2841539.923;B
1.13.1-53;-16.4319959;-71.50419126;-1945364.793;2841532.639;B
1.13.1-53;-16.43201688;-71.50425694;-1945366.428;2841524.917;B
1.13.1-53;-16.43228033;-71.50419077;-1945398.215;2841528.968;B
1.13.1-53;-16.43229316;-71.50438419;-1945397.277;2841506.87;B
1.13.1-53;-16.43230273;-71.5044264;-1945397.867;2841501.96;B
1.13.1-53;-16.43231295;-71.5044673;-1945398.551;2841497.189;B
1.13.1-53;-16.43239972;-71.50464189;-1945406.537;2841476.258;B
1.13.1-53;-16.43220975;-71.50469532;-1945383.544;2841472.688;B
1.13.1-53;-16.43227201;-71.50491415;-1945388.093;2841447.061;B
1.13.1-53;-16.43268294;-71.50480077;-1945437.801;2841454.533;B
1.13.1-54; ; ;-1.516416327;20763369.87;B
1.13.1-54;-16.43246593;-71.50531353;-1945405.826;2841399.24;B
1.13.1-54;-16.43276496;-71.50554634;-1945438.012;2841368.928;B
1.13.1-54;-16.43278672;-71.50545197;-1945441.762;2841379.342;B
1.13.1-54;-16.43279926;-71.50534952;-1945444.529;2841390.793;B
1.13.1-54;-16.43278733;-71.505216;-1945444.816;2841406.088;B
1.13.1-54;-16.43275519;-71.50511689;-1945442.293;2841417.746;B
1.13.1-54;-16.43272723;-71.50498409;-1945440.687;2841433.168;B
1.13.1-54;-16.43268325;-71.50482445;-1945437.539;2841451.845;B
1.13.1-54;-16.43228016;-71.50493171;-1945388.828;2841444.963;B
1.13.1-54;-16.43233204;-71.50509755;-1945392.826;2841425.481;B
1.13.1-54;-16.43233488;-71.5052212;-1945391.597;2841411.425;B
1.13.1-55; ; ;-1.516416327;20763369.87;B
1.13.1-55;-16.43239098;-71.50594953;-1945388.981;2841328.113;B
1.13.1-55;-16.43242048;-71.50608472;-1945390.738;2841312.399;B
1.13.1-55;-16.43247542;-71.50626819;-1945394.873;2841290.877;B
1.13.1-55;-16.43237668;-71.50629365;-1945382.951;2841289.284;B
1.13.1-55;-16.43242377;-71.50650639;-1945385.794;2841264.548;B
1.13.1-55;-16.43286859;-71.50637477;-1945439.714;2841273.644;B
1.13.1-55;-16.4328279;-71.50620925;-1945437.026;2841292.944;B
1.13.1-55;-16.43279733;-71.50604105;-1945435.561;2841312.414;B
1.13.1-55;-16.43275827;-71.50586257;-1945433.228;2841333.162;B
1.13.1-55;-16.43273006;-71.50577301;-1945431.046;2841343.685;B
1.13.1-55;-16.43250061;-71.50584336;-1945403.202;2841338.715;B
1.13.1-55;-16.43237472;-71.50586818;-1945388.099;2841337.55;B
1.13.1-56; ; ;-1.516416327;20763369.87;B
1.13.1-56;-16.43306247;-71.50794154;-1945442.687;2841093.469;B
1.13.1-56;-16.43323703;-71.507892;-1945463.82;2841096.799;B
1.13.1-56;-16.43321078;-71.50777312;-1945462.238;2841110.621;B
1.13.1-56;-16.43303594;-71.50713849;-1945449.721;2841184.863;B
1.13.1-56;-16.43285713;-71.50719279;-1945428.028;2841181.049;B
1.13.1-56;-16.43293074;-71.50752088;-1945432.528;2841142.887;B
1.13.1-57; ; ;-1.516416327;20763369.87;B
1.13.1-57;-16.43310218;-71.508857;-1945435.781;2840989.157;B
1.13.1-57;-16.43313458;-71.50899579;-1945437.833;2840972.998;B
1.13.1-57;-16.43314315;-71.50908157;-1945437.756;2840963.16;B
1.13.1-57;-16.43315066;-71.50924396;-1945436.586;2840944.651;B
1.13.1-57;-16.4331795;-71.5093864;-1945438.173;2840928.123;B
1.13.1-57;-16.43318268;-71.50947573;-1945437.418;2840917.953;B
1.13.1-57;-16.43319251;-71.50959031;-1945437.124;2840904.834;B
1.13.1-57;-16.43318847;-71.50967103;-1945435.631;2840895.736;B
1.13.1-57;-16.43318083;-71.50974426;-1945433.807;2840887.533;B
1.13.1-57;-16.43316074;-71.50981854;-1945430.509;2840879.374;B
1.13.1-57;-16.43312172;-71.50989673;-1945424.936;2840871.021;B
1.13.1-57;-16.43357538;-71.51019269;-1945474.49;2840831.525;B
1.13.1-57;-16.43361872;-71.51006209;-1945481.231;2840845.765;B
1.13.1-57;-16.43357361;-71.50939891;-1945484.314;2840921.544;B
1.13.1-57;-16.43354421;-71.50910445;-1945484.582;2840955.314;B
1.13.1-57;-16.43343522;-71.50866343;-1945477.352;2841006.741;B
1.13.1-57;-16.43329623;-71.50817918;-1945467.144;2841063.464;B
1.13.1-57;-16.43294655;-71.50824413;-1945425.244;2841060.68;B
1.13.1-57;-16.43301345;-71.50859431;-1945428.678;2841020.102;B
1.13.1-58; ; ;-1.516416327;20763369.87;B
1.13.1-58;-16.43275119;-71.50992493;-1945381.051;2840872.676;B
1.13.1-58;-16.43290835;-71.51007825;-1945397.576;2840853.235;B
1.13.1-58;-16.4329637;-71.51003216;-1945404.661;2840857.735;B
1.13.1-58;-16.43302831;-71.50997503;-1945412.973;2840863.367;B
1.13.1-58;-16.43336334;-71.51026117;-1945448.715;2840826.538;B
1.13.1-58;-16.43340234;-71.5102205;-1945453.81;2840830.639;B
1.13.1-58;-16.43354128;-71.5103086;-1945469.019;2840818.831;B
1.13.1-58;-16.43356733;-71.51024708;-1945472.856;2840825.464;B
1.13.1-58;-16.4334349;-71.51015601;-1945458.451;2840837.523;B
1.13.1-58;-16.43340823;-71.51011895;-1945455.785;2840842.075;B
1.13.1-58;-16.43327227;-71.51004568;-1945440.739;2840852.162;B
1.13.1-58;-16.43309864;-71.50991361;-1945422.011;2840869.409;B
1.13.1-58;-16.43296236;-71.50978992;-1945407.565;2840885.217;B
1.13.1-58;-16.43294052;-71.50980214;-1945404.845;2840884.118;B
1.13.1-58;-16.43266297;-71.50954772;-1945375.455;2840916.597;B
1.13.1-58;-16.43263966;-71.50955649;-1945372.606;2840915.909;B
1.13.1-58;-16.43256773;-71.50949361;-1945364.95;2840923.979;B
1.13.1-58;-16.43252331;-71.50952885;-1945359.287;2840920.566;B
1.13.1-58;-16.43245558;-71.50958975;-1945350.56;2840914.548;B
1.13.1-59; ; ;-1.516416327;20763369.87;B
1.13.1-59;-16.43290325;-71.5100837;-1945396.909;2840852.684;B
1.13.1-59;-16.43227223;-71.5093978;-1945331.446;2840938.712;B
1.13.1-59;-16.43196617;-71.50983743;-1945289.936;2840892.875;B
1.13.1-59;-16.43274903;-71.51074214;-1945370.47;2840780.052;B
1.13.1-59;-16.4329139;-71.51062351;-1945391.337;2840791.343;B
1.13.1-59;-16.43312465;-71.51056112;-1945416.883;2840795.658;B
1.13.1-59;-16.43313508;-71.51053583;-1945418.429;2840798.388;B
1.13.1-59;-16.43316042;-71.51052261;-1945421.572;2840799.554;B
1.13.1-59;-16.43319261;-71.51055156;-1945424.989;2840795.851;B
1.13.1-59;-16.43323181;-71.51054196;-1945429.714;2840796.426;B
1.13.1-59;-16.43337364;-71.51055521;-1945446.208;2840793.067;B
1.13.1-59;-16.43338935;-71.51054298;-1945448.208;2840794.248;B
1.13.1-59;-16.4334084;-71.510532;-1945450.586;2840795.243;B
1.13.1-59;-16.43342558;-71.51049472;-1945453.075;2840799.244;B
1.13.1-59;-16.43344931;-71.51049944;-1945455.803;2840798.399;B
1.13.1-59;-16.4334574;-71.5104685;-1945457.144;2840801.801;B
1.13.1-59;-16.43333279;-71.51041751;-1945443.15;2840809.213;B
1.13.1-59;-16.43317231;-71.51041891;-1945424.279;2840811.156;B
1.13.1-213; ; ;-1.516416327;20763369.87;B
1.13.1-213;-16.43514971;-71.50132847;-1945771.5;2841815.903;B
1.13.1-213;-16.43518345;-71.50132954;-1945775.45;2841815.34;B
1.13.1-213;-16.43527801;-71.5012494;-1945787.573;2841823.187;B
1.13.1-213;-16.4354012;-71.50114486;-1945803.367;2841833.425;B
1.13.1-213;-16.43546984;-71.50109691;-1945812.037;2841837.962;B
1.13.1-213;-16.43547287;-71.50106466;-1945812.801;2841841.579;B
1.13.1-213;-16.43544976;-71.50104006;-1945810.398;2841844.671;B
1.13.1-213;-16.43514418;-71.50127569;-1945771.518;2841821.96;B
1.13.1-231; ; ;-1.516416327;20763369.87;B
1.13.1-231;-16.43827348;-71.4972003;-1946190.701;2842243.014;B
1.13.1-231;-16.43837763;-71.49718483;-1946203.133;2842243.403;B
1.13.1-231;-16.43845978;-71.49723453;-1946212.155;2842236.69;B
1.13.1-231;-16.43862525;-71.49702406;-1946234.258;2842258.385;B
1.13.1-231;-16.43864734;-71.49688521;-1946238.61;2842273.837;B
1.13.1-231;-16.43856595;-71.49681756;-1946229.903;2842282.575;B
1.13.1-231;-16.43842499;-71.49670283;-1946214.794;2842297.43;B
1.13.1-231;-16.43804387;-71.49721697;-1946163.515;2842244.134;B
1.13.1-232; ; ;-1.516416327;20763369.87;B
1.13.1-232;-16.43889711;-71.49622555;-1946276.299;2842345.356;B
1.13.1-232;-16.43894629;-71.49610522;-1946283.6;2842358.354;B
1.13.1-232;-16.43901426;-71.49590335;-1946294.14;2842380.351;B
1.13.1-232;-16.43886555;-71.49575474;-1946278.548;2842399.15;B
1.13.1-232;-16.43873335;-71.49613653;-1946258.186;2842357.596;B
1.13.1-233; ; ;-1.516416327;20763369.87;B
1.13.1-233;-16.43910033;-71.49508489;-1946314.607;2842472.019;B
1.13.1-233;-16.43935785;-71.49524631;-1946342.819;2842450.341;B
1.13.1-233;-16.43967856;-71.49485178;-1946385.489;2842490.869;B
1.13.1-233;-16.43960135;-71.49473598;-1946377.883;2842505.011;B
1.13.1-233;-16.4394794;-71.49463238;-1946364.867;2842518.356;B
1.13.1-233;-16.43938997;-71.49474859;-1946352.891;2842506.351;B
1.13.1-233;-16.43920442;-71.49496255;-1946328.383;2842484.526;B
1.13.1-236; ; ;-1.516416327;20763369.87;B
1.13.1-236;-16.43935385;-71.49469088;-1946349.377;2842513.369;B
1.13.1-236;-16.43937514;-71.49463453;-1946352.591;2842519.478;B
1.13.1-236;-16.43939722;-71.49446798;-1946357.292;2842538.073;B
1.13.1-236;-16.43939287;-71.49442658;-1946357.306;2842542.823;B
1.13.1-236;-16.43931489;-71.49444289;-1946347.937;2842541.997;B
1.13.1-236;-16.43923713;-71.49465571;-1946336.108;2842518.886;B
1.13.1-242; ; ;-1.516416327;20763369.87;B
1.13.1-242;-16.43825779;-71.49685572;-1946193.217;2842282.288;B
1.13.1-242;-16.43780071;-71.49611118;-1946148.937;2842372.696;B
1.13.1-242;-16.43757871;-71.49626175;-1946120.95;2842358.534;B
1.13.1-242;-16.43792879;-71.49680827;-1946155.165;2842291.981;B
1.13.1-242;-16.43785153;-71.4968506;-1946145.554;2842288.193;B
1.13.1-242;-16.43790567;-71.49696453;-1946150.473;2842274.566;B
1.13.1-242;-16.43785907;-71.49698841;-1946144.695;2842272.47;B
1.13.1-242;-16.43781232;-71.49703184;-1946138.653;2842268.159;B
1.13.1-242;-16.43770684;-71.49711595;-1946125.197;2842260.006;B
1.13.1-242;-16.43780352;-71.49733285;-1946133.812;2842234.146;B
1.13.1-242;-16.43794768;-71.49722439;-1946152.12;2842244.554;B
1.13.1-242;-16.4380259;-71.4971385;-1946162.396;2842253.266;B
1.13.1-242;-16.43816392;-71.49698104;-1946180.603;2842269.309;B
1.13.1-254; ; ;-1.516416327;20763369.87;B
1.13.1-254;-16.43644046;-71.49920976;-1945949.934;2842039.208;B
1.13.1-254;-16.43650369;-71.49900537;-1945959.948;2842061.553;B
1.13.1-254;-16.43640376;-71.49904198;-1945947.746;2842058.712;B
1.13.1-254;-16.4362692;-71.49908019;-1945931.453;2842056.142;B
1.13.1-254;-16.43620865;-71.49919917;-1945922.835;2842043.446;B
1.13.1-254;-16.4364062;-71.49934411;-1945944.211;2842024.424;B
1.13.1-255; ; ;-1.516416327;20763369.87;B
1.13.1-255;-16.43639037;-71.49956333;-1945939.578;2841999.777;B
1.13.1-255;-16.43641642;-71.49944258;-1945944.166;2842013.125;B
1.13.1-255;-16.43639437;-71.49938357;-1945942.322;2842020.105;B
1.13.1-255;-16.43627067;-71.49927736;-1945929.132;2842033.768;B
1.13.1-255;-16.43625447;-71.499527;-1945924.072;2842005.677;B
1.13.1-256; ; ;-1.516416327;20763369.87;B
1.13.1-256;-16.4356836;-71.49993367;-1945851.861;2841967.05;B
1.13.1-256;-16.43582435;-71.49997902;-1945867.823;2841960.063;B
1.13.1-256;-16.4359231;-71.49984099;-1945881.17;2841974.419;B
1.13.1-256;-16.43586902;-71.49977443;-1945875.659;2841982.675;B
1.13.1-256;-16.43581793;-71.49970486;-1945870.536;2841991.231;B
1.13.1-256;-16.43570358;-71.49953717;-1945859.224;2842011.742;B
1.13.1-256;-16.43551455;-71.4996492;-1945835.598;2842001.518;B
1.13.1-256;-16.43537979;-71.49985225;-1945817.199;2841980.262;B
1.13.1-256;-16.43510517;-71.50007347;-1945782.139;2841958.778;B
1.13.1-256;-16.43518887;-71.5001842;-1945790.572;2841945.127;B
1.13.1-256;-16.43560397;-71.49990558;-1945842.862;2841971.278;B
1.13.1-300; ; ;-1.516416327;20763369.87;B
1.13.1-300;-16.43295666;-71.50200874;-1945505.257;2841767.508;B
1.13.1-300;-16.43288396;-71.50169237;-1945500.716;2841804.33;B
1.13.1-300;-16.43252767;-71.501657;-1945459.306;2841813.009;B
1.13.1-300;-16.43252284;-71.50173174;-1945457.793;2841804.597;B
1.13.1-300;-16.43253143;-71.50177795;-1945458.218;2841799.246;B
1.13.1-300;-16.43254519;-71.5018635;-1945458.753;2841789.366;B
1.13.1-300;-16.43256152;-71.50194281;-1945459.669;2841780.16;B
1.13.1-300;-16.43260125;-71.50205668;-1945462.897;2841766.728;B
1.13.1-310; ; ;-1.516416327;20763369.87;B
1.13.1-310;-16.43211195;-71.50328767;-1945389.851;2841633.568;B
1.13.1-310;-16.43204033;-71.50298506;-1945385.262;2841668.816;B
1.13.1-310;-16.43171936;-71.50302343;-1945347.069;2841668.67;B
1.13.1-310;-16.43171691;-71.50319512;-1945344.611;2841649.236;B
1.13.1-314; ; ;-1.516416327;20763369.87;B
1.13.1-314;-16.43106157;-71.50248086;-1945276.651;2841738.804;B
1.13.1-314;-16.43110388;-71.50249701;-1945281.417;2841736.419;B
1.13.1-314;-16.43113329;-71.50243284;-1945285.683;2841743.309;B
1.13.1-314;-16.43107184;-71.50241502;-1945278.689;2841746.134;B
1.13.1-314;-16.43102612;-71.50242768;-1945273.158;2841745.299;B
1.13.1-314;-16.43102782;-71.50249117;-1945272.556;2841738.077;B
1.13.1-324; ; ;-1.516416327;20763369.87;B
1.13.1-324;-16.43114524;-71.50307236;-1945279.003;2841670.643;B
1.13.1-324;-16.43129016;-71.50310417;-1945295.626;2841665.138;B
1.13.1-324;-16.43129487;-71.50305188;-1945296.84;2841671.005;B
1.13.1-324;-16.43129644;-71.50301321;-1945297.513;2841675.369;B
1.13.1-324;-16.43127915;-71.50293768;-1945296.437;2841684.16;B
1.13.1-324;-16.43124721;-71.50286411;-1945293.614;2841692.919;B
1.13.1-324;-16.43120966;-71.50279647;-1945290.058;2841701.08;B
1.13.1-324;-16.43116102;-71.50275144;-1945284.914;2841706.823;B
1.13.1-324;-16.4311144;-71.50272251;-1945279.802;2841710.713;B
1.13.1-324;-16.43106998;-71.50306083;-1945270.307;2841672.936;B
1.13.1-331; ; ;-1.516416327;20763369.87;B
1.13.1-331;-16.4303627;-71.50232862;-1945196.471;2841765.22;B
1.13.1-331;-16.43035181;-71.5022302;-1945196.436;2841776.522;B
1.13.1-331;-16.43016293;-71.50225677;-1945173.911;2841775.983;B
1.13.1-331;-16.43017626;-71.50240536;-1945173.598;2841758.961;B
1.13.1-332; ; ;-1.516416327;20763369.87;B
1.13.1-332;-16.43034944;-71.50213299;-1945197.387;2841787.575;B
1.13.1-332;-16.43037756;-71.50189481;-1945203.701;2841814.212;B
1.13.1-332;-16.43014397;-71.50184949;-1945176.832;2841822.41;B
1.13.1-332;-16.43015327;-71.50211156;-1945174.611;2841792.575;B
1.13.1-336; ; ;-1.516416327;20763369.87;B
1.13.1-336;-16.43022585;-71.50309947;-1945170.649;2841679.612;B
1.13.1-336;-16.43018527;-71.50305199;-1945166.482;2841685.527;B
1.13.1-336;-16.43012101;-71.50304614;-1945159.007;2841687.032;B
1.13.1-336;-16.42979654;-71.50323992;-1945118.438;2841669.311;B
1.13.1-336;-16.42986284;-71.50341172;-1945124.055;2841648.963;B
1.13.1-336;-16.43004881;-71.50324175;-1945148.053;2841665.799;B
1.13.1-348; ; ;-1.516416327;20763369.87;B
1.13.1-348;-16.43542925;-71.49820488;-1945843.844;2842166.394;B
1.13.1-348;-16.43548988;-71.49753976;-1945859.381;2842241.011;B
1.13.1-348;-16.43543309;-71.49751494;-1945853.022;2842244.57;B
1.13.1-348;-16.43507448;-71.4975232;-1945810.788;2842248.334;B
1.13.1-348;-16.43520693;-71.49823052;-1945817.402;2842166.4;B
1.13.1-348;-16.43521817;-71.49880848;-1945811.413;2842100.724;B
1.13.1-348;-16.43556598;-71.49868857;-1945853.791;2842109.761;B
1.13.4-18; ; ;-1.516416327;20763369.87;B
1.13.4-18;-16.43110955;-71.49081584;-1945429.808;2843060.82;B
1.13.4-18;-16.43116837;-71.49066385;-1945438.64;2843077.282;B
1.13.4-18;-16.43122329;-71.49056696;-1945446.319;2843087.549;B
1.13.4-18;-16.43108956;-71.49041502;-1945432.529;2843106.53;B
1.13.4-18;-16.43102723;-71.49033664;-1945426.198;2843116.235;B
1.13.4-18;-16.43098421;-71.49025961;-1945422.118;2843125.533;B
1.13.4-18;-16.43093763;-71.49017357;-1945417.734;2843135.9;B
1.13.4-18;-16.43076289;-71.49026616;-1945396.032;2843127.692;B
1.13.4-18;-16.4306703;-71.49033207;-1945384.321;2843121.432;B
1.13.4-18;-16.43062656;-71.49039574;-1945378.376;2843114.786;B
1.13.4-18;-16.43072441;-71.49053078;-1945388.163;2843098.191;B
1.13.4-18;-16.43076025;-71.4906136;-1945391.327;2843088.33;B
1.13.4-18;-16.43084416;-71.49069059;-1945400.212;2843078.5;B
1.13.4-18;-16.43108215;-71.49088303;-1945425.738;2843053.56;B
1.13.4-19; ; ;-1.516416327;20763369.87;B
1.13.4-19;-16.43084637;-71.49074848;-1945399.739;2843071.908;B
1.13.4-19;-16.43072916;-71.4906563;-1945387.133;2843083.896;B
1.13.4-19;-16.43060272;-71.49042844;-1945375.161;2843111.39;B
1.13.4-19;-16.43049039;-71.49060277;-1945359.758;2843093.095;B
1.13.4-19;-16.43046589;-71.49070422;-1945355.597;2843081.913;B
1.13.4-19;-16.4304689;-71.49079301;-1945354.827;2843071.805;B
1.13.4-20; ; ;-1.516416327;20763369.87;B
1.13.4-20;-16.43107195;-71.49103723;-1945422.589;2843036.209;B
1.13.4-20;-16.43107426;-71.49095732;-1945423.871;2843045.24;B
1.13.4-20;-16.43090071;-71.49080231;-1945405.442;2843065.091;B
1.13.4-20;-16.43047318;-71.49083366;-1945354.816;2843067.14;B
1.13.4-20;-16.43049898;-71.49114194;-1945353.947;2843031.846;B
1.13.4-21; ; ;-1.516416327;20763369.87;B
1.13.4-21;-16.43109808;-71.49105724;-1945425.406;2843033.597;B
1.13.4-21;-16.43055555;-71.49119275;-1945359.951;2843025.343;B
1.13.4-21;-16.43060364;-71.49136994;-1945363.359;2843004.622;B
1.13.4-21;-16.43112045;-71.49124954;-1945425.601;2843011.499;B
1.13.4-25; ; ;-1.516416327;20763369.87;B
1.13.4-25;-16.4305078;-71.49208972;-1945342.995;2842924.263;B
1.13.4-25;-16.43043046;-71.49175546;-1945338.135;2842963.178;B
1.13.4-25;-16.42955049;-71.49200457;-1945231.599;2842946.465;B
1.13.4-25;-16.42960362;-71.49216365;-1945235.829;2842927.731;B
1.13.4-25;-16.43030029;-71.49196694;-1945320.167;2842940.904;B
1.13.4-25;-16.43035588;-71.49211354;-1945324.844;2842923.553;B
1.13.4-26; ; ;-1.516416327;20763369.87;B
1.13.4-26;-16.43086036;-71.49243256;-1945380.079;2842880.767;B
1.13.4-26;-16.43075795;-71.49230021;-1945369.721;2842897.117;B
1.13.4-26;-16.43074905;-71.49223385;-1945369.515;2842904.758;B
1.13.4-26;-16.43074929;-71.49215083;-1945370.593;2842914.168;B
1.13.4-26;-16.43074758;-71.49195385;-1945372.884;2842936.526;B
1.13.4-26;-16.4305721;-71.49200902;-1945351.569;2842932.571;B
1.13.4-26;-16.43057658;-71.49211628;-1945350.739;2842920.35;B
1.13.4-26;-16.43057391;-71.49221117;-1945349.225;2842909.625;B
1.13.4-26;-16.43058079;-71.4923158;-1945348.71;2842897.672;B
1.13.4-26;-16.43061859;-71.49240982;-1945351.962;2842886.515;B
1.13.4-26;-16.43070237;-71.49252502;-1945360.348;2842872.354;B
1.13.4-29; ; ;-1.516416327;20763369.87;B
1.13.4-29;-16.42956113;-71.49308708;-1945219.157;2842823.581;B
1.13.4-29;-16.42983766;-71.49305317;-1945252.075;2842823.801;B
1.13.4-29;-16.42981759;-71.49285336;-1945252.244;2842846.72;B
1.13.4-29;-16.42976586;-71.49285377;-1945246.161;2842847.352;B
1.13.4-29;-16.42975703;-71.49279776;-1945245.833;2842853.819;B
1.13.4-29;-16.4297449;-71.4925371;-1945247.704;2842883.534;B
1.13.4-29;-16.42969343;-71.49253021;-1945241.744;2842884.989;B
1.13.4-29;-16.42963877;-71.49263828;-1945233.955;2842873.451;B
1.13.4-29;-16.42956507;-71.49273346;-1945224.092;2842863.625;B
1.13.4-29;-16.42950051;-71.49281224;-1945215.511;2842855.539;B
1.13.4-29;-16.42946451;-71.49286223;-1945210.65;2842850.342;B
1.13.4-29;-16.42943713;-71.49291495;-1945206.765;2842844.723;B
1.13.4-29;-16.42950861;-71.49305804;-1945213.353;2842827.561;B
1.13.64-4; ; ;-1.516416327;20763369.87;B
1.13.64-4;-16.4229517;-71.50902766;-1944241.175;2841102.699;B
1.13.64-4;-16.4231758;-71.5095072;-1944261.445;2841045.394;B
1.13.64-4;-16.42349506;-71.50934442;-1944301.007;2841059.672;B
1.13.64-4;-16.42368961;-71.50975411;-1944318.687;2841010.674;B
1.13.64-4;-16.42399739;-71.50959883;-1944356.805;2841024.251;B
1.13.64-4;-16.42386243;-71.5088474;-1944350.443;2841111.217;B
1.13.64-4;-16.42402571;-71.5087941;-1944370.299;2841115.123;B
1.13.64-4;-16.42399408;-71.50869656;-1944367.815;2841126.597;B
1.13.64-4;-16.42392758;-71.50846369;-1944362.944;2841153.87;B
1.13.64-4;-16.42364869;-71.50783199;-1944338.161;2841229.146;B
1.13.64-4;-16.42371335;-71.50780307;-1944346.123;2841231.578;B
1.13.64-4;-16.42367797;-71.50772779;-1944342.917;2841240.577;B
1.13.64-4;-16.42382166;-71.50765262;-1944360.748;2841247.219;B
1.13.64-4;-16.4241253;-71.50827144;-1944388.6;2841173.081;B
1.13.64-4;-16.42408129;-71.50829803;-1944383.094;2841170.641;B
1.13.64-4;-16.4241082;-71.50837647;-1944385.265;2841161.396;B
1.13.64-4;-16.42402222;-71.50843589;-1944374.413;2841155.784;B
1.13.64-4;-16.42426669;-71.50895623;-1944396.559;2841093.586;B
1.13.64-4;-16.42451714;-71.50884418;-1944427.398;2841103.013;B
1.13.64-4;-16.42467278;-71.50930139;-1944439.906;2841049.136;B
1.13.64-4;-16.42553557;-71.50887767;-1944546.617;2841085.884;B
1.13.64-4;-16.4251759;-71.50826569;-1944512.096;2841159.98;B
1.13.64-4;-16.42488241;-71.50778612;-1944483.676;2841218.197;B
1.13.64-4;-16.42451835;-71.50723285;-1944447.897;2841285.694;B
1.13.64-4;-16.42473577;-71.50708338;-1944475.328;2841299.796;B
1.13.64-4;-16.42476355;-71.50713386;-1944477.953;2841293.708;B
1.13.64-4;-16.42484532;-71.50707753;-1944488.272;2841299.025;B
1.13.64-4;-16.42481585;-71.50703595;-1944485.335;2841304.125;B
1.13.64-4;-16.42534305;-71.50675245;-1944550.851;2841329.367;B
1.13.64-4;-16.42549168;-71.50696726;-1944565.598;2841303.066;B
1.13.64-4;-16.42584408;-71.50669226;-1944610.472;2841329.632;B
1.13.64-4;-16.42598177;-71.50655706;-1944628.356;2841343.159;B
1.13.64-4;-16.42618751;-71.50685177;-1944648.803;2841307.05;B
1.13.64-4;-16.42637882;-71.50656457;-1944674.907;2841337.109;B
1.13.64-4;-16.42647766;-71.50670538;-1944684.739;2841319.85;B
1.13.64-4;-16.42654971;-71.5066595;-1944693.784;2841324.108;B
1.13.64-4;-16.4260594;-71.50588793;-1944645.931;2841418.01;B
1.13.64-4;-16.42331563;-71.50759256;-1944302.058;2841260.653;B
1.13.64-4;-16.42249668;-71.50809458;-1944199.507;2841214.45;B
1.13.66-1; ; ;-1.516416327;20763369.87;B
1.13.66-1;-16.42947893;-71.50687111;-1945035.229;2841261.761;B
1.13.66-1;-16.42943787;-71.50680045;-1945031.299;2841270.31;B
1.13.66-1;-16.42938005;-71.50683444;-1945024.076;2841267.214;B
1.13.66-1;-16.42923187;-71.50706556;-1945003.748;2841242.95;B
1.13.66-1;-16.42904827;-71.50726067;-1944979.713;2841223.232;B
1.13.66-1;-16.42933975;-71.50734465;-1945012.895;2841209.894;B
1.13.66-1;-16.42949629;-71.50717243;-1945033.461;2841227.37;B
1.13.66-1;-16.42963962;-71.50708077;-1945051.457;2841235.886;B
1.13.66-1;-16.42973786;-71.50697239;-1945064.369;2841246.887;B
1.13.66-1;-16.42959966;-71.50689036;-1945049.17;2841257.997;B
1.13.66-1A; ; ;-1.516416327;20763369.87;B
1.13.66-1A;-16.42963336;-71.50918876;-1945024.083;2840996.966;B
1.13.66-1A;-16.4295528;-71.50901547;-1945016.81;2841017.668;B
1.13.66-1A;-16.42962174;-71.50893265;-1945025.955;2841026.156;B
1.13.66-1A;-16.42943349;-71.50861569;-1945007.845;2841064.557;B
1.13.66-1A;-16.42933108;-71.50867097;-1944995.115;2841059.63;B
1.13.66-1A;-16.42937106;-71.50886033;-1944997.419;2841037.637;B
1.13.66-1A;-16.42944001;-71.50902754;-1945003.406;2841017.776;B
1.13.66-1A;-16.42967485;-71.50967049;-1945022.871;2840941.804;B
1.13.66-1A;-16.42980344;-71.5096331;-1945038.449;2840944.36;B
1.13.66-1A;-16.42975074;-71.50950746;-1945033.845;2840959.295;B
1.13.66-2; ; ;-1.516416327;20763369.87;B
1.13.66-2;-16.42983112;-71.50980378;-1945039.544;2840924.647;B
1.13.66-2;-16.42980875;-71.50967653;-1945038.524;2840939.367;B
1.13.66-2;-16.42968635;-71.5097006;-1945023.84;2840938.24;B
1.13.66-2;-16.42983843;-71.51028889;-1945034.273;2840869.551;B
1.13.66-2;-16.42992542;-71.5102695;-1945044.737;2840870.61;B
1.13.66-2;-16.43004556;-71.51010969;-1945060.87;2840887.155;B
1.13.66-2;-16.42998126;-71.50979662;-1945057.272;2840923.492;B
1.13.66-3; ; ;-1.516416327;20763369.87;B
1.13.66-3;-16.42985368;-71.51030056;-1945035.917;2840868.027;B
1.13.66-3;-16.42996728;-71.51077355;-1945043.286;2840812.914;B
1.13.66-3;-16.43018625;-71.51070617;-1945069.861;2840817.687;B
1.13.66-3;-16.42999987;-71.5102753;-1945053.41;2840868.977;B
1.13.66-4; ; ;-1.516416327;20763369.87;B
1.13.66-4;-16.42997045;-71.51078517;-1945043.511;2840811.554;B
1.13.66-4;-16.43002954;-71.51102612;-1945047.409;2840783.463;B
1.13.66-4;-16.43012168;-71.51125652;-1945055.321;2840756.135;B
1.13.66-4;-16.43021829;-71.51146552;-1945064.031;2840731.174;B
1.13.66-4;-16.43034516;-71.51174294;-1945075.429;2840698.06;B
1.13.66-4;-16.43047764;-71.51198374;-1945087.95;2840669.025;B
1.13.66-4;-16.43061725;-71.51221506;-1945101.427;2840640.971;B
1.13.66-4;-16.4312013;-71.51184243;-1945174.747;2840675.571;B
1.13.66-4;-16.43096466;-71.51144813;-1945151.93;2840723.374;B
1.13.66-4;-16.43064564;-71.51166102;-1945111.763;2840703.414;B
1.13.66-4;-16.43047442;-71.51134399;-1945095.655;2840741.599;B
1.13.66-4;-16.43033451;-71.51110061;-1945082.294;2840771.025;B
1.13.66-4;-16.43025093;-71.51089785;-1945075.037;2840795.107;B
1.13.66-4;-16.43019252;-71.510715;-1945070.486;2840816.603;B
1.13.67-1; ; ;-1.516416327;20763369.87;B
1.13.67-1;-16.43017316;-71.51244946;-1945046.297;2840620.209;B
1.13.67-1;-16.43020339;-71.51248407;-1945049.411;2840615.89;B
1.13.67-1;-16.43035301;-71.51238508;-1945068.238;2840625.154;B
1.13.67-1;-16.43050897;-71.51229299;-1945087.722;2840633.553;B
1.13.67-1;-16.43039772;-71.51220034;-1945075.824;2840645.514;B
1.13.67-1;-16.43020556;-71.51171405;-1945059.395;2840703.163;B
1.13.67-1;-16.43005881;-71.51142377;-1945045.822;2840737.996;B
1.13.67-1;-16.42998043;-71.51125235;-1945038.781;2840758.457;B
1.13.67-1;-16.42966901;-71.51138922;-1945000.467;2840747.016;B
1.13.67-1;-16.42934943;-71.51151434;-1944961.344;2840737.013;B
1.13.67-1;-16.42950217;-71.51192943;-1944974.043;2840687.953;B
1.13.67-1;-16.42969219;-71.51185037;-1944997.364;2840694.428;B
1.13.67-1;-16.42968803;-71.51181496;-1944997.323;2840698.497;B
1.13.67-1;-16.42969353;-71.51179283;-1944998.249;2840700.935;B
1.13.67-1;-16.42971017;-71.5117724;-1945000.462;2840703.033;B
1.13.67-1;-16.42973416;-71.51175974;-1945003.44;2840704.154;B
1.13.67-1;-16.42975863;-71.51175336;-1945006.395;2840704.557;B
1.13.67-1;-16.42979317;-71.51176667;-1945010.284;2840702.597;B
1.13.67-1;-16.42980752;-71.5117713;-1945011.912;2840701.884;B
1.13.67-1;-16.42982363;-71.51180582;-1945013.368;2840697.759;B
1.13.67-1;-16.42983619;-71.5118418;-1945014.389;2840693.515;B
1.13.67-1;-16.42981261;-71.51186524;-1945011.323;2840691.167;B
1.13.67-1;-16.42979606;-71.51188556;-1945009.121;2840689.079;B
1.13.67-1;-16.4297639;-71.51189315;-1945005.247;2840688.64;B
1.13.67-1;-16.42948948;-71.5119804;-1944971.908;2840682.34;B
1.13.67-1;-16.42958307;-71.51224383;-1944979.574;2840651.248;B
1.13.67-1;-16.42987986;-71.51215061;-1945015.617;2840657.931;B
1.13.67-1;-16.42993053;-71.51212382;-1945021.908;2840660.306;B
1.13.67-1;-16.43000697;-71.51211547;-1945030.994;2840660.251;B
1.13.67-1;-16.43003081;-71.51213897;-1945033.497;2840657.275;B
1.13.67-1;-16.43004032;-71.51216241;-1945034.318;2840654.493;B
1.13.67-1;-16.43004683;-71.51219352;-1945034.69;2840650.88;B
1.13.67-1;-16.4300418;-71.51222126;-1945033.749;2840647.801;B
1.13.67-1;-16.43002423;-71.51224824;-1945031.344;2840644.973;B
1.13.67-1;-16.42998872;-71.51226627;-1945026.944;2840643.393;B
1.13.67-1;-16.42995565;-71.51227045;-1945023.006;2840643.352;B
1.13.67-1;-16.42992676;-71.51225996;-1945019.745;2840644.919;B
1.13.67-1;-16.42991468;-71.51223552;-1945018.635;2840647.849;B
1.13.67-1;-16.42990136;-71.51220305;-1945017.481;2840651.704;B
1.13.67-1;-16.42960529;-71.51229844;-1944981.495;2840644.766;B
1.13.67-1;-16.42974144;-71.51269849;-1944992.434;2840597.627;B
1.13.67-2; ; ;-1.516416327;20763369.87;B
1.13.67-2;-16.42925444;-71.5104046;-1944964.207;2840864.077;B
1.13.67-2;-16.42900284;-71.51052778;-1944933.093;2840853.405;B
1.13.67-2;-16.42881179;-71.51059421;-1944909.81;2840848.375;B
1.13.67-2;-16.42899638;-71.51115361;-1944924.427;2840782.535;B
1.13.67-2;-16.42881507;-71.51122267;-1944902.255;2840777.078;B
1.13.67-2;-16.42898111;-71.51162042;-1944916.735;2840729.808;B
1.13.67-2;-16.42957477;-71.51136989;-1944989.641;2840750.441;B
1.13.67-2;-16.42990492;-71.51120025;-1945030.569;2840765.352;B
1.13.67-2;-16.42976994;-71.51076841;-1945020.168;2840816.08;B
1.13.67-2;-16.42967156;-71.51023214;-1945015.387;2840878.169;B
1.13.67-3; ; ;-1.516416327;20763369.87;B
1.13.67-3;-16.42935076;-71.51292156;-1944943.721;2840577.451;B
1.13.67-3;-16.42966953;-71.51274751;-1944983.367;2840593.01;B
1.13.67-3;-16.42944248;-71.51208364;-1944965.082;2840671.25;B
1.13.67-3;-16.4292937;-71.51155168;-1944954.325;2840733.509;B
1.13.67-3;-16.42899553;-71.5116538;-1944918.008;2840725.835;B
1.13.67-3;-16.4292354;-71.51255094;-1944934.852;2840620.98;B
1.13.67-4; ; ;-1.516416327;20763369.87;B
1.13.67-4;-16.42865841;-71.51276031;-1944864.425;2840604.795;B
1.13.67-4;-16.42837387;-71.51212498;-1944839.025;2840680.551;B
1.13.67-4;-16.42818884;-71.51172232;-1944822.375;2840728.626;B
1.13.67-4;-16.42881129;-71.51142775;-1944899.22;2840753.875;B
1.13.67-4;-16.42877651;-71.5112768;-1944897.041;2840771.446;B
1.13.67-4;-16.42803679;-71.51163719;-1944805.589;2840740.269;B
1.13.67-4;-16.42835137;-71.51249048;-1944831.764;2840639.406;B
1.13.67-4;-16.42808915;-71.51263661;-1944799.114;2840626.271;B
1.13.67-4;-16.42822522;-71.51296053;-1944811.007;2840587.765;B
1.13.67-4;-16.42833919;-71.51292082;-1944824.897;2840590.775;B
1.13.67-4;-16.42838461;-71.51302369;-1944828.934;2840578.517;B
1.13.67-4;-16.42855846;-71.51337824;-1944844.878;2840536.044;B
1.13.67-4;-16.42869104;-71.5133134;-1944861.271;2840541.661;B
1.13.67-4;-16.42889554;-71.51322759;-1944886.378;2840548.713;B
1.13.67-4;-16.42930159;-71.51296929;-1944937.343;2840572.683;B
1.13.67-4;-16.42916213;-71.5125323;-1944926.48;2840624.052;B
1.13.67-5; ; ;-1.516416327;20763369.87;B
1.13.67-5;-16.42822974;-71.51316732;-1944808.925;2840564.261;B
1.13.67-5;-16.42820037;-71.51320329;-1944805.021;2840560.566;B
1.13.67-5;-16.4281506;-71.5130848;-1944800.672;2840574.652;B
1.13.67-5;-16.42807282;-71.51287803;-1944794.146;2840599.113;B
1.13.67-5;-16.42803316;-71.5128819;-1944789.438;2840599.193;B
1.13.67-5;-16.42756451;-71.51320759;-1944730.269;2840568.401;B
1.13.67-5;-16.42738405;-71.51337162;-1944706.998;2840552.166;B
1.13.67-5;-16.42704153;-71.51358823;-1944664.025;2840532.091;B
1.13.67-5;-16.42722518;-71.514035;-1944679.955;2840479.033;B
1.13.67-5;-16.42790762;-71.51365959;-1944764.866;2840512.664;B
1.13.67-5;-16.42825202;-71.51351274;-1944807.179;2840524.806;B
1.13.67-5;-16.42853934;-71.51338541;-1944842.541;2840535.482;B
1.13.67-5;-16.42832708;-71.5129348;-1944823.298;2840589.349;B
1.13.67-5;-16.42824024;-71.51297107;-1944812.639;2840586.374;B
1.13.67-5;-16.42825853;-71.51308538;-1944813.342;2840573.174;B
1.13.67-6; ; ;-1.516416327;20763369.87;B
1.13.67-6;-16.42868784;-71.51269905;-1944868.656;2840611.355;B
1.13.67-6;-16.42915151;-71.51247185;-1944925.996;2840631.045;B
1.13.67-6;-16.42895181;-71.51185103;-1944910.38;2840704.046;B
1.13.67-6;-16.42842932;-71.51210734;-1944845.762;2840681.825;B
1.13.67-7; ; ;-1.516416327;20763369.87;B
1.13.67-7;-16.42840521;-71.51205341;-1944843.611;2840688.256;B
1.13.67-7;-16.4289384;-71.51179632;-1944909.495;2840710.424;B
1.13.67-7;-16.42884244;-71.5114936;-1944902.047;2840746.002;B
1.13.67-7;-16.42880936;-71.51148582;-1944898.259;2840747.317;B
1.13.67-7;-16.42827157;-71.51175078;-1944831.735;2840724.316;B
1.13.68-1; ; ;-1.516416327;20763369.87;B
1.13.68-1;-16.42702114;-71.5135756;-1944661.788;2840533.789;B
1.13.68-1;-16.42738436;-71.51335698;-1944707.219;2840553.822;B
1.13.68-1;-16.42755467;-71.51320306;-1944729.171;2840569.045;B
1.13.68-1;-16.42779287;-71.51303925;-1944759.223;2840584.498;B
1.13.68-1;-16.42802903;-71.51287658;-1944789.02;2840599.851;B
1.13.68-1;-16.42797033;-71.51247645;-1944787.179;2840645.985;B
1.13.68-1;-16.42788936;-71.51226092;-1944780.39;2840671.481;B
1.13.68-1;-16.4278141;-71.51212297;-1944773.291;2840688.107;B
1.13.68-1;-16.42737003;-71.51236928;-1944718.012;2840665.994;B
1.13.68-1;-16.42758017;-71.51290526;-1944735.928;2840602.475;B
1.13.68-1;-16.42787048;-71.51277736;-1944771.648;2840613.175;B
1.13.68-1;-16.42768405;-71.51237123;-1944754.878;2840661.661;B
1.13.68-1;-16.42771954;-71.51235537;-1944759.247;2840662.996;B
1.13.68-1;-16.42790657;-71.51279431;-1944775.673;2840610.781;B
1.13.68-1;-16.42724429;-71.51312104;-1944693.744;2840582.406;B
1.13.68-1;-16.42730023;-71.51330917;-1944697.941;2840560.344;B
1.13.68-1;-16.42695995;-71.51342988;-1944656.441;2840551.111;B
1.13.68-2; ; ;-1.516416327;20763369.87;B
1.13.68-2;-16.42732417;-71.51230215;-1944713.474;2840674.204;B
1.13.68-2;-16.42760242;-71.51215572;-1944748.01;2840687.164;B
1.13.68-2;-16.42737107;-71.51167934;-1944726.85;2840744.203;B
1.13.68-2;-16.42709087;-71.51183275;-1944691.996;2840730.478;B
1.13.68-3; ; ;-1.516416327;20763369.87;B
1.13.68-3;-16.42768252;-71.51213449;-1944757.688;2840688.523;B
1.13.68-3;-16.42779898;-71.51206824;-1944772.207;2840694.51;B
1.13.68-3;-16.42760031;-71.51156706;-1944755.199;2840753.933;B
1.13.68-3;-16.42757642;-71.51155663;-1944752.524;2840755.429;B
1.13.68-3;-16.42742354;-71.51164581;-1944733.439;2840747.318;B
1.13.68-4; ; ;-1.516416327;20763369.87;B
1.13.68-4;-16.42713827;-71.51172324;-1944698.948;2840742.274;B
1.13.68-4;-16.42755898;-71.51150979;-1944751.068;2840760.968;B
1.13.68-4;-16.42748809;-71.51134358;-1944744.84;2840780.74;B
1.13.68-4;-16.42705371;-71.51156446;-1944691.02;2840761.383;B
1.13.68-5; ; ;-1.516416327;20763369.87;B
1.13.68-5;-16.42690796;-71.51185187;-1944670.267;2840730.705;B
1.13.68-5;-16.42710848;-71.51175943;-1944694.991;2840738.56;B
1.13.68-5;-16.42669339;-71.51096813;-1944656.224;2840833.71;B
1.13.68-5;-16.4265189;-71.51109289;-1944634.15;2840821.849;B
1.13.68-5;-16.42636597;-71.51114421;-1944615.536;2840818.033;B
1.13.68-5;-16.42674649;-71.51191997;-1944650.438;2840725.096;B
1.13.68-6; ; ;-1.516416327;20763369.87;B
1.13.68-6;-16.42688127;-71.51223626;-1944662.276;2840687.472;B
1.13.68-6;-16.42700499;-71.5123964;-1944674.787;2840667.696;B
1.13.68-6;-16.42724272;-71.51306493;-1944694.27;2840588.788;B
1.13.68-6;-16.42755126;-71.5129227;-1944732.312;2840600.875;B
1.13.68-6;-16.42751158;-71.51283666;-1944728.737;2840611.15;B
1.13.68-6;-16.42738688;-71.51254313;-1944717.796;2840646.061;B
1.13.68-6;-16.42734184;-71.51244064;-1944713.799;2840658.271;B
1.13.68-6;-16.42728579;-71.51231882;-1944708.754;2840672.817;B
1.13.68-6;-16.4272362;-71.51223035;-1944704.046;2840683.496;B
1.13.68-6;-16.42716673;-71.51208911;-1944697.67;2840700.419;B
1.13.68-6;-16.42705134;-71.51186329;-1944686.967;2840727.532;B
1.13.68-6;-16.42689687;-71.51194164;-1944667.831;2840720.672;B
1.13.68-6;-16.42684907;-71.51188919;-1944662.878;2840727.244;B
1.13.68-6;-16.42672658;-71.51193852;-1944647.865;2840723.254;B
1.13.68-7; ; ;-1.516416327;20763369.87;B
1.13.68-7;-16.42664779;-71.51250162;-1944631.495;2840660.442;B
1.13.68-7;-16.42687866;-71.51228656;-1944661.335;2840681.803;B
1.13.68-7;-16.42670759;-71.51196956;-1944645.242;2840719.984;B
1.13.68-7;-16.42659071;-71.51171459;-1944634.733;2840750.421;B
1.13.68-7;-16.426381;-71.51124657;-1944616.009;2840806.23;B
1.13.68-7;-16.42614564;-71.51136899;-1944586.813;2840795.43;B
1.13.68-7;-16.42633791;-71.51182655;-1944603.621;2840741.037;B
1.13.68-8; ; ;-1.516416327;20763369.87;B
1.13.68-8;-16.42677484;-71.51287359;-1944641.722;2840616.605;B
1.13.68-8;-16.42708097;-71.51277153;-1944678.975;2840624.171;B
1.13.68-8;-16.42706112;-71.51268728;-1944677.707;2840633.982;B
1.13.68-8;-16.42701429;-71.51255037;-1944673.935;2840650.117;B
1.13.68-8;-16.42697766;-71.51243456;-1944671.095;2840663.728;B
1.13.68-8;-16.42690338;-71.51231247;-1944663.91;2840678.542;B
1.13.68-8;-16.42687914;-71.51231706;-1944661.005;2840678.339;B
1.13.68-8;-16.42667036;-71.51253331;-1944633.747;2840656.554;B
1.13.68-9; ; ;-1.516416327;20763369.87;B
1.13.68-9;-16.4269589;-71.51338675;-1944656.862;2840556.016;B
1.13.68-9;-16.42724816;-71.51327476;-1944692.258;2840564.927;B
1.13.68-9;-16.427129;-71.51290451;-1944682.937;2840608.465;B
1.13.68-9;-16.42681428;-71.51300146;-1944644.741;2840601.592;B
1.13.68-41; ; ;-1.516416327;20763369.87;B
1.13.68-41;-16.42704436;-71.51090631;-1944698.236;2840836.126;B
1.13.68-41;-16.426989;-71.51088748;-1944691.971;2840838.986;B
1.13.68-41;-16.4269478;-71.51080565;-1944688.164;2840848.803;B
1.13.68-41;-16.42673509;-71.51092826;-1944661.627;2840837.685;B
1.13.68-41;-16.42705919;-71.51149657;-1944692.522;2840769.008;B
1.13.68-41;-16.42725086;-71.51138826;-1944716.406;2840778.78;B
1.13.68A-1; ; ;-1.516416327;20763369.87;B
1.13.68A-1;-16.42690325;-71.51379969;-1944645.109;2840509.926;B
1.13.68A-1;-16.42705682;-71.51412176;-1944659.081;2840471.401;B
1.13.68A-1;-16.42718103;-71.51406889;-1944674.341;2840475.769;B
1.13.68A-1;-16.42684417;-71.51325887;-1944645.001;2840572.015;B
1.13.68A-1;-16.42675799;-71.51297455;-1944638.468;2840605.38;B
1.13.68A-1;-16.42667861;-71.51274316;-1944632.065;2840632.653;B
1.13.68A-1;-16.42638704;-71.51205434;-1944606.514;2840714.567;B
1.13.68A-1;-16.42607573;-71.51135758;-1944578.744;2840797.64;B
1.13.68A-1;-16.42582816;-71.51148018;-1944548.112;2840786.979;B
1.13.68A-1;-16.42646813;-71.51318045;-1944601.816;2840585.828;B
1.13.68A-1;-16.42601017;-71.51336924;-1944545.633;2840570.417;B
1.13.68A-1;-16.42617513;-71.51384126;-1944559.048;2840514.741;B
1.13.68A-1;-16.42644012;-71.51374409;-1944591.406;2840522.29;B
1.13.68A-1;-16.42667265;-71.51365016;-1944619.908;2840529.898;B
1.13.68A-1;-16.42680471;-71.51355887;-1944636.575;2840538.518;B
1.13.68A-1;-16.42683322;-71.51362101;-1944639.139;2840531.101;B
1.13.68A-2; ; ;-1.516416327;20763369.87;B
1.13.68A-2;-16.42637803;-71.51312671;-1944591.91;2840593.1;B
1.13.68A-2;-16.42622911;-71.51272141;-1944579.535;2840641.002;B
1.13.68A-2;-16.42597307;-71.5120791;-1944557.57;2840717.177;B
1.13.68A-2;-16.42557493;-71.51224347;-1944508.722;2840703.753;B
1.13.68A-2;-16.42598735;-71.51330335;-1944543.784;2840578.186;B
1.13.68A-4; ; ;-1.516416327;20763369.87;B
1.13.68A-4;-16.42576798;-71.51137206;-1944542.408;2840800.026;B
1.13.68A-4;-16.4261123;-71.51123346;-1944584.609;2840811.234;B
1.13.68A-4;-16.42603633;-71.51106702;-1944577.787;2840831.099;B
1.13.68A-4;-16.42612364;-71.51102719;-1944588.546;2840834.472;B
1.13.68A-4;-16.42605039;-71.51087332;-1944581.885;2840852.877;B
1.13.68A-4;-16.42620434;-71.5107646;-1944601.344;2840863.188;B
1.13.68A-4;-16.42643553;-71.5106035;-1944630.539;2840878.428;B
1.13.68A-4;-16.4267927;-71.51040619;-1944674.991;2840896.124;B
1.13.68A-4;-16.42664029;-71.51011851;-1944660.72;2840930.735;B
1.13.68A-4;-16.42650696;-71.510194;-1944644.103;2840923.922;B
1.13.68A-4;-16.42630205;-71.51030576;-1944618.62;2840913.933;B
1.13.68A-4;-16.42608667;-71.51043777;-1944591.649;2840901.785;B
1.13.68A-4;-16.42553229;-71.51072552;-1944522.888;2840876.416;B
1.13.68A-4;-16.42561887;-71.51096172;-1944530.075;2840848.502;B
1.13.68A-5; ; ;-1.516416327;20763369.87;B
1.13.68A-5;-16.42637585;-71.51110119;-1944617.24;2840822.781;B
1.13.68A-5;-16.42650738;-71.51103112;-1944633.577;2840829.004;B
1.13.68A-5;-16.42678296;-71.51080575;-1944668.798;2840850.949;B
1.13.68A-5;-16.42694639;-71.51071286;-1944689.171;2840859.342;B
1.13.68A-5;-16.42679279;-71.51045524;-1944674.381;2840890.561;B
1.13.68A-5;-16.42623254;-71.51079487;-1944604.275;2840859.387;B
1.13.68A-6; ; ;-1.516416327;20763369.87;B
1.13.68A-6;-16.42710906;-71.51061585;-1944709.506;2840868.211;B
1.13.68A-6;-16.42720468;-71.51053365;-1944721.778;2840876.279;B
1.13.68A-6;-16.42738751;-71.51040396;-1944744.895;2840888.59;B
1.13.68A-6;-16.42723307;-71.50979083;-1944734.497;2840960.128;B
1.13.68A-6;-16.42669758;-71.51008924;-1944667.82;2840933.304;B
1.13.68A-6;-16.42700606;-71.5106666;-1944696.766;2840863.805;B
1.13.68A-7; ; ;-1.516416327;20763369.87;B
1.13.68A-7;-16.4266551;-71.51000162;-1944663.936;2840943.795;B
1.13.68A-7;-16.42706827;-71.50976433;-1944715.473;2840965.29;B
1.13.68A-7;-16.42721479;-71.50967942;-1944733.759;2840972.999;B
1.13.68A-7;-16.42717077;-71.50948882;-1944730.995;2840995.186;B
1.13.68A-7;-16.42711784;-71.50929532;-1944727.221;2841017.818;B
1.13.68A-7;-16.42647642;-71.50965886;-1944647.276;2840984.996;B
1.13.68A-8; ; ;-1.516416327;20763369.87;B
1.13.68A-8;-16.42673347;-71.50935418;-1944681.323;2841016.176;B
1.13.68A-8;-16.42677317;-71.50938942;-1944685.542;2841011.661;B
1.13.68A-8;-16.42711453;-71.50919624;-1944728.085;2841029.094;B
1.13.68A-8;-16.427053;-71.50889363;-1944724.679;2841064.21;B
1.13.68A-8;-16.42703137;-71.50886206;-1944722.538;2841068.072;B
1.13.68A-8;-16.42661865;-71.50909929;-1944671.055;2841046.579;B
1.13.68A-9; ; ;-1.516416327;20763369.87;B
1.13.68A-9;-16.42662809;-71.50901239;-1944673.262;2841056.308;B
1.13.68A-9;-16.42702299;-71.50878965;-1944722.467;2841076.392;B
1.13.68A-9;-16.42694789;-71.50857892;-1944716.308;2841101.268;B
1.13.68A-9;-16.42655622;-71.50887549;-1944666.549;2841072.771;B
1.13.68A-10; ; ;-1.516416327;20763369.87;B
1.13.68A-10;-16.4264402;-71.5092166;-1944648.609;2841035.614;B
1.13.68A-10;-16.42628497;-71.50930153;-1944629.3;2841028.017;B
1.13.68A-10;-16.42642682;-71.50956706;-1944642.609;2840996.054;B
1.13.68A-10;-16.42670174;-71.50940808;-1944676.915;2841010.48;B
1.13.68A-10;-16.42654909;-71.50913459;-1944662.437;2841043.487;B
1.13.68A-10;-16.42657444;-71.50911567;-1944665.654;2841045.3;B
1.13.68A-10;-16.42654041;-71.5090438;-1944662.565;2841053.895;B
1.13.68A-10;-16.42658948;-71.50901588;-1944668.682;2841056.418;B
1.13.68A-10;-16.42654689;-71.50892909;-1944664.775;2841066.815;B
1.13.68A-10;-16.42636184;-71.50906229;-1944641.353;2841054.136;B
1.13.68A-12; ; ;-1.516416327;20763369.87;B
1.13.68A-12;-16.42516695;-71.5098008;-1944491.651;2840986.043;B
1.13.68A-12;-16.42561539;-71.50957274;-1944547.213;2841006.031;B
1.13.68A-12;-16.42536076;-71.50908661;-1944523.441;2841064.483;B
1.13.68A-12;-16.42494784;-71.50928235;-1944472.459;2841047.694;B
1.13.68A-14; ; ;-1.516416327;20763369.87;B
1.13.68A-14;-16.42535432;-71.51028028;-1944507.606;2840929.227;B
1.13.68A-14;-16.42547719;-71.51065133;-1944517.352;2840885.549;B
1.13.68A-14;-16.42592404;-71.51041669;-1944572.81;2840906.303;B
1.13.68A-14;-16.426261;-71.51021544;-1944614.938;2840924.711;B
1.13.68A-14;-16.42658705;-71.51004309;-1944655.418;2840939.983;B
1.13.68A-14;-16.42642647;-71.50970416;-1944640.836;2840980.513;B
1.13.68A-14;-16.42639566;-71.50970391;-1944637.22;2840980.945;B
1.13.68A-14;-16.42588087;-71.50998178;-1944573.233;2840956.179;B
1.13.68A-15; ; ;-1.516416327;20763369.87;B
1.13.68A-15;-16.42496551;-71.51056908;-1944458.281;2840901.571;B
1.13.68A-15;-16.42506661;-71.51080435;-1944467.186;2840873.573;B
1.13.68A-15;-16.42544449;-71.51069376;-1944512.974;2840881.166;B
1.13.68A-15;-16.42518973;-71.51009403;-1944490.623;2840952.498;B
1.13.68A-15;-16.42507953;-71.5098162;-1944481.186;2840985.442;B
1.13.68A-15;-16.42485217;-71.50924277;-1944461.721;2841053.434;B
1.13.68A-15;-16.42467101;-71.50930792;-1944439.615;2841048.419;B
1.13.68A-15;-16.42478911;-71.50962189;-1944449.523;2841011.274;B
1.13.68A-15;-16.42482439;-71.50971305;-1944452.516;2841000.477;B
1.13.68A-15;-16.4248456;-71.50977877;-1944454.177;2840992.747;B
1.13.68A-15;-16.42489572;-71.50991517;-1944458.343;2840976.626;B
1.13.68A-15;-16.42496073;-71.51006446;-1944464.094;2840958.849;B
1.13.68A-15;-16.42501369;-71.51017658;-1944468.899;2840945.442;B
1.13.68A-15;-16.42505262;-71.51026506;-1944472.355;2840934.901;B
1.13.68A-15;-16.42511141;-71.51040326;-1944477.516;2840918.463;B
1.13.68A-15;-16.42517647;-71.51052383;-1944483.635;2840903.941;B
1.13.68A-117; ; ;-1.516416327;20763369.87;B
1.13.68A-117;-16.4273682;-71.51047794;-1944741.691;2840880.454;B
1.13.68A-117;-16.42716736;-71.51062425;-1944716.249;2840866.495;B
1.13.68A-117;-16.42718115;-71.51065119;-1944717.529;2840863.261;B
1.13.68A-117;-16.42702705;-71.51072504;-1944698.493;2840856.904;B
1.13.68A-117;-16.42728414;-71.51127496;-1944721.747;2840791.19;B
1.13.68A-117;-16.42761319;-71.51108514;-1944762.801;2840808.405;B
1.13.68A-119; ; ;-1.516416327;20763369.87;B
1.13.68A-119;-16.4282001;-71.50951011;-1944851.649;2840979.296;B
1.13.68A-119;-16.42770974;-71.50968397;-1944791.845;2840966.003;B
1.13.68A-119;-16.42784442;-71.51036265;-1944799.093;2840887.292;B
1.13.68A-119;-16.42845405;-71.51017838;-1944873.038;2840900.204;B
1.13.68A-120; ; ;-1.516416327;20763369.87;B
1.13.68A-120;-16.42792444;-71.5089611;-1944826.201;2841045.151;B
1.13.68A-120;-16.42757317;-71.50908024;-1944783.43;2841036.242;B
1.13.68A-120;-16.42771598;-71.5095994;-1944793.647;2840975.51;B
1.13.68A-120;-16.42816597;-71.50945009;-1944848.397;2840986.548;B
1.13.68A-121; ; ;-1.516416327;20763369.87;B
1.13.68A-121;-16.42736336;-71.5078356;-1944774.509;2841180.107;B
1.13.68A-121;-16.42691421;-71.50817604;-1944717.441;2841147.388;B
1.13.68A-121;-16.42701038;-71.50850292;-1944724.61;2841109.067;B
1.13.68A-121;-16.4273483;-71.50826086;-1944767.366;2841132.088;B
1.13.68A-121;-16.42755789;-71.50900628;-1944782.569;2841044.829;B
1.13.68A-121;-16.4278679;-71.50889803;-1944820.356;2841053.043;B
1.13.68B-1; ; ;-1.516416327;20763369.87;B
1.13.68B-1;-16.42645207;-71.50899112;-1944652.852;2841061.023;B
1.13.68B-1;-16.42650625;-71.50894682;-1944659.776;2841065.337;B
1.13.68B-1;-16.42655257;-71.5088766;-1944666.105;2841072.692;B
1.13.68B-1;-16.42662215;-71.5088161;-1944675.044;2841078.641;B
1.13.68B-1;-16.42677261;-71.50867011;-1944694.564;2841093.224;B
1.13.68B-1;-16.42694922;-71.50854419;-1944716.903;2841105.188;B
1.13.68B-1;-16.42687148;-71.50818758;-1944712.277;2841146.639;B
1.13.68B-1;-16.42666437;-71.50828456;-1944686.719;2841138.354;B
1.13.68B-1;-16.42674742;-71.50855403;-1944693.072;2841106.715;B
1.13.68B-1;-16.42631783;-71.50888153;-1944638.467;2841075.206;B
1.13.68B-1;-16.42621442;-71.50894934;-1944625.462;2841068.871;B
1.13.68B-1;-16.42628256;-71.5093014;-1944629.018;2841028.063;B
1.13.68B-1;-16.42643063;-71.50921167;-1944647.547;2841036.298;B
1.13.68B-1;-16.42635903;-71.50906423;-1944640.998;2841053.952;B
1.13.68B-1;-16.42641194;-71.50902108;-1944647.76;2841058.152;B
1.13.68B-2; ; ;-1.516416327;20763369.87;B
1.13.68B-2;-16.42668141;-71.50827311;-1944688.867;2841139.43;B
1.13.68B-2;-16.42684566;-71.50819009;-1944709.21;2841146.693;B
1.13.68B-2;-16.42670103;-71.50797142;-1944694.984;2841173.38;B
1.13.68B-2;-16.42683184;-71.50786997;-1944711.632;2841183.17;B
1.13.68B-2;-16.42682137;-71.50780525;-1944711.22;2841190.644;B
1.13.68B-2;-16.42681199;-71.50774381;-1944710.895;2841197.733;B
1.13.68B-2;-16.42679539;-71.50769809;-1944709.522;2841203.135;B
1.13.68B-2;-16.426793;-71.50769511;-1944709.278;2841203.504;B
1.13.68B-2;-16.42675285;-71.50766577;-1944704.933;2841207.356;B
1.13.68B-2;-16.42671136;-71.50765901;-1944700.144;2841208.665;B
1.13.68B-2;-16.42641275;-71.50786402;-1944662.474;2841189.331;B
1.13.68B-6; ; ;-1.516416327;20763369.87;B
1.13.68B-6;-16.42660859;-71.50740035;-1944691.339;2841239.338;B
1.13.68B-6;-16.42632341;-71.50761564;-1944655.116;2841218.662;B
1.13.68B-6;-16.42585968;-71.50794877;-1944596.429;2841186.962;B
1.13.68B-6;-16.42578317;-71.50782466;-1944589.009;2841202.035;B
1.13.68B-6;-16.42560302;-71.50749374;-1944572.026;2841241.914;B
1.13.68B-6;-16.42547736;-71.50756602;-1944556.351;2841235.364;B
1.13.68B-6;-16.4258048;-71.50817112;-1944587.172;2841162.47;B
1.13.68B-6;-16.42624881;-71.50784916;-1944643.402;2841193.162;B
1.13.68B-6;-16.42669288;-71.50752831;-1944699.624;2841223.726;B
1.13.68B-8; ; ;-1.516416327;20763369.87;B
1.13.68B-8;-16.42525247;-71.50744902;-1944531.409;2841251.574;B
1.13.68B-8;-16.42523508;-71.50747916;-1944528.986;2841248.384;B
1.13.68B-8;-16.42520962;-71.50751754;-1944525.509;2841244.365;B
1.13.68B-8;-16.42517861;-71.5075652;-1944521.264;2841239.368;B
1.13.68B-8;-16.42500031;-71.50771877;-1944498.377;2841224.29;B
1.13.68B-8;-16.4249271;-71.50775433;-1944489.328;2841221.216;B
1.13.68B-8;-16.42490856;-71.50782414;-1944486.268;2841213.544;B
1.13.68B-8;-16.4250108;-71.50800443;-1944496.001;2841191.763;B
1.13.68B-8;-16.42517941;-71.50826045;-1944512.575;2841160.528;B
1.13.68B-8;-16.42554397;-71.50889236;-1944547.419;2841084.109;B
1.13.68B-8;-16.4253705;-71.50897482;-1944525.998;2841077.03;B
1.13.68B-8;-16.42582863;-71.50991979;-1944567.879;2840963.891;B
1.13.68B-8;-16.42635976;-71.50962461;-1944634.004;2840990.407;B
1.13.68B-8;-16.42626548;-71.50939771;-1944625.796;2841017.367;B
1.13.68B-8;-16.42623296;-71.5092719;-1944623.565;2841032.057;B
1.13.68B-8;-16.42617785;-71.50922688;-1944617.659;2841037.883;B
1.13.68B-8;-16.42597813;-71.5093372;-1944592.802;2841027.989;B
1.13.68B-8;-16.425929;-71.50924899;-1944588.145;2841038.633;B
1.13.68B-8;-16.42530778;-71.50818411;-1944528.619;2841167.504;B
1.13.68B-8;-16.42510117;-71.50782387;-1944508.899;2841211.053;B
1.13.68B-8;-16.42520109;-71.50772363;-1944521.904;2841221.111;B
1.13.68B-8;-16.42541118;-71.50753473;-1944548.971;2841239.778;B
1.13.68B-8;-16.42530981;-71.50741565;-1944538.567;2841254.607;B
1.13.68B-8;-16.42527738;-71.50742601;-1944534.627;2841253.857;B
1.13.68C-1; ; ;-1.516416327;20763369.87;B
1.13.68C-1;-16.42480054;-71.51070813;-1944437.144;2840887.965;B
1.13.68C-1;-16.42493679;-71.51062242;-1944454.233;2840895.9;B
1.13.68C-1;-16.42486775;-71.51043247;-1944448.522;2840918.34;B
1.13.68C-1;-16.42483689;-71.51035276;-1944445.903;2840927.782;B
1.13.68C-1;-16.42468475;-71.51004328;-1944431.94;2840964.863;B
1.13.68C-1;-16.42460587;-71.50987419;-1944424.809;2840985.066;B
1.13.68C-1;-16.42441586;-71.50998421;-1944401.098;2840975.079;B
1.13.68C-2; ; ;-1.516416327;20763369.87;B
1.13.68C-2;-16.42471274;-71.51002932;-1944435.404;2840966.079;B
1.13.68C-2;-16.42480197;-71.51019444;-1944443.802;2840946.19;B
1.13.68C-2;-16.424926;-71.51051145;-1944454.367;2840908.623;B
1.13.68C-2;-16.42514826;-71.51048084;-1944480.864;2840909.184;B
1.13.68C-2;-16.42510632;-71.51039804;-1944476.983;2840919.122;B
1.13.68C-2;-16.42499086;-71.51012993;-1944466.807;2840951.031;B
1.13.68C-2;-16.42490139;-71.50994241;-1944458.665;2840973.463;B
1.13.68C-2;-16.42483001;-71.50974947;-1944452.716;2840996.274;B
1.13.68C-2;-16.42462006;-71.50985837;-1944426.677;2840986.674;B
1.13.68C-3; ; ;-1.516416327;20763369.87;B
1.13.68C-3;-16.42437793;-71.50996154;-1944396.929;2840978.145;B
1.13.68C-3;-16.42482081;-71.50971053;-1944452.127;2841000.809;B
1.13.68C-3;-16.42479196;-71.50963605;-1944449.679;2841009.631;B
1.13.68C-3;-16.4245812;-71.50966871;-1944424.507;2841008.687;B
1.13.68C-3;-16.4242559;-71.50974777;-1944385.293;2841003.981;B
1.13.68C-4; ; ;-1.516416327;20763369.87;B
1.13.68C-4;-16.42372046;-71.5099489;-1944319.851;2840988.185;B
1.13.68C-4;-16.42363762;-71.50976525;-1944312.438;2841010.091;B
1.13.68C-4;-16.42356796;-71.50962482;-1944306.029;2841026.925;B
1.13.68C-4;-16.42351575;-71.50948459;-1944301.667;2841043.508;B
1.13.68C-4;-16.42342192;-71.50947821;-1944290.725;2841045.459;B
1.13.68C-4;-16.42321526;-71.509583;-1944265.123;2841036.283;B
1.13.68C-4;-16.42335481;-71.5098614;-1944278;2841002.89;B
1.13.68C-4;-16.42355126;-71.51027209;-1944295.891;2840953.754;B
1.13.68C-4;-16.42400732;-71.51004837;-1944352.293;2840973.152;B
1.13.68C-4;-16.42408278;-71.51017191;-1944359.598;2840958.157;B
1.13.68C-4;-16.42408275;-71.510246;-1944358.658;2840949.757;B
1.13.68C-4;-16.42393081;-71.51033;-1944339.747;2840942.221;B
1.13.68C-4;-16.42386154;-71.51020166;-1944333.231;2840957.68;B
1.13.68C-4;-16.42358291;-71.51033222;-1944298.849;2840946.523;B
1.13.68C-4;-16.42394262;-71.5110844;-1944331.606;2840856.532;B
1.13.68C-4;-16.42410122;-71.51139059;-1944346.371;2840819.739;B
1.13.68C-4;-16.42412249;-71.51138666;-1944348.919;2840819.907;B
1.13.68C-4;-16.42453323;-71.51112972;-1944400.416;2840843.663;B
1.13.68C-4;-16.42422164;-71.51053353;-1944371.342;2840915.338;B
1.13.68C-4;-16.424269;-71.51050254;-1944377.298;2840918.232;B
1.13.68C-4;-16.42443006;-71.51081171;-1944392.312;2840881.07;B
1.13.68C-4;-16.42457143;-71.51109089;-1944405.394;2840847.566;B
1.13.68C-4;-16.42487588;-71.51092993;-1944443.193;2840861.831;B
1.13.68C-4;-16.42424098;-71.50976057;-1944383.378;2841002.724;B
1.13.68C-4;-16.42402292;-71.50981123;-1944357.122;2840999.834;B
1.13.69-1; ; ;-1.516416327;20763369.87;B
1.13.69-1;-16.42550476;-71.51088527;-1944517.636;2840858.663;B
1.13.69-1;-16.4252886;-71.51098257;-1944491.013;2840850.46;B
1.13.69-1;-16.42523665;-71.51085522;-1944486.519;2840865.58;B
1.13.69-1;-16.42499927;-71.51094767;-1944457.464;2840858.204;B
1.13.69-1;-16.42413575;-71.51147391;-1944349.375;2840809.841;B
1.13.69-1;-16.42441138;-71.5120615;-1944374.332;2840739.612;B
1.13.69-1;-16.42529787;-71.51160332;-1944484.261;2840779.959;B
1.13.69-1;-16.42532708;-71.5116185;-1944487.5;2840777.855;B
1.13.69-1;-16.42538529;-71.5117784;-1944492.319;2840758.963;B
1.13.69-1;-16.42553192;-71.51217743;-1944504.504;2840711.802;B
1.13.69-1;-16.42594701;-71.51201354;-1944555.337;2840724.951;B
1.13.69-2; ; ;-1.516416327;20763369.87;B
1.13.69-2;-16.42529076;-71.51186019;-1944480.181;2840750.927;B
1.13.69-2;-16.42531297;-71.51184021;-1944483.043;2840752.902;B
1.13.69-2;-16.42527797;-71.51175323;-1944480.029;2840763.222;B
1.13.69-2;-16.42448421;-71.51216235;-1944381.615;2840727.224;B
1.13.69-2;-16.42468891;-71.51258784;-1944400.287;2840676.303;B
1.13.69-2;-16.42520773;-71.51229547;-1944464.929;2840702.662;B
1.13.69-2;-16.42521774;-71.51230961;-1944465.925;2840700.928;B
1.13.69-2;-16.42529397;-71.51226166;-1944475.487;2840705.367;B
1.13.69-2;-16.42529028;-71.51224511;-1944475.262;2840707.292;B
1.13.69-2;-16.42542368;-71.51217766;-1944491.785;2840713.194;B
1.13.69-3; ; ;-1.516416327;20763369.87;B
1.13.69-3;-16.42549771;-71.51231305;-1944498.771;2840696.874;B
1.13.69-3;-16.4247298;-71.51270532;-1944403.607;2840662.448;B
1.13.69-3;-16.42493704;-71.51313312;-1944422.549;2840611.233;B
1.13.69-3;-16.42566481;-71.51275057;-1944512.876;2840645.082;B
1.13.69-4; ; ;-1.516416327;20763369.87;B
1.13.69-4;-16.42570794;-71.51286975;-1944516.436;2840631.005;B
1.13.69-4;-16.42499373;-71.51323364;-1944427.938;2840599.093;B
1.13.69-4;-16.42520168;-71.51366641;-1944446.902;2840547.305;B
1.13.69-4;-16.42587627;-71.51330853;-1944530.669;2840579.053;B
1.13.69-5; ; ;-1.516416327;20763369.87;B
1.13.69-5;-16.42592335;-71.51343596;-1944534.591;2840563.989;B
1.13.69-5;-16.42525468;-71.51377148;-1944451.801;2840534.699;B
1.13.69-5;-16.42544761;-71.5142054;-1944468.985;2840482.977;B
1.13.69-5;-16.42610118;-71.51387025;-1944549.996;2840512.422;B
1.13.69-6; ; ;-1.516416327;20763369.87;B
1.13.69-6;-16.42621409;-71.51392389;-1944562.582;2840504.863;B
1.13.69-6;-16.42617119;-71.51397582;-1944556.886;2840499.537;B
1.13.69-6;-16.42610652;-71.51399434;-1944549.055;2840498.284;B
1.13.69-6;-16.42550724;-71.51431857;-1944474.56;2840469.365;B
1.13.69-6;-16.42574087;-71.51479754;-1944495.956;2840412.004;B
1.13.69-6;-16.42644554;-71.51444354;-1944583.208;2840442.918;B
1.13.69-6;-16.42703331;-71.51411194;-1944656.444;2840472.821;B
1.13.69-6;-16.4268808;-71.51381528;-1944642.275;2840508.452;B
1.13.69-6;-16.42680546;-71.51360801;-1944636.042;2840532.938;B
1.13.69-6;-16.42665601;-71.51369211;-1944617.423;2840525.358;B
1.13.69-6;-16.42618903;-71.51386221;-1944560.417;2840512.184;B
1.13.69-7; ; ;-1.516416327;20763369.87;B
1.13.69-7;-16.42500277;-71.51481905;-1944408.978;2840419.223;B
1.13.69-7;-16.42493296;-71.51486307;-1944400.221;2840415.146;B
1.13.69-7;-16.42475492;-71.51451777;-1944383.667;2840456.625;B
1.13.69-7;-16.42446644;-71.51466475;-1944347.922;2840443.736;B
1.13.69-7;-16.42414637;-71.51483248;-1944308.204;2840428.907;B
1.13.69-7;-16.42381485;-71.51507201;-1944266.234;2840406.087;B
1.13.69-7;-16.42389902;-71.51520795;-1944274.404;2840389.573;B
1.13.69-7;-16.42407452;-71.51561933;-1944289.827;2840340.635;B
1.13.69-7;-16.42417319;-71.51557184;-1944302.017;2840344.728;B
1.13.69-7;-16.42419344;-71.51558781;-1944304.194;2840342.652;B
1.13.69-7;-16.42444227;-71.51548615;-1944334.71;2840350.923;B
1.13.69-7;-16.4247713;-71.51534293;-1944375.17;2840362.856;B
1.13.69-7;-16.42498814;-71.51524938;-1944401.824;2840370.625;B
1.13.69-7;-16.4253273;-71.51508429;-1944443.751;2840384.904;B
1.13.69-7;-16.42559372;-71.51491907;-1944477.135;2840400.15;B
1.13.69-7;-16.42526432;-71.51427705;-1944446.548;2840477.252;B
1.13.69-7;-16.42496382;-71.51366482;-1944418.979;2840550.599;B
1.13.69-7;-16.42493218;-71.51365404;-1944415.399;2840552.234;B
1.13.69-7;-16.42454766;-71.51385217;-1944367.726;2840534.803;B
1.13.69-7;-16.42485034;-71.51448027;-1944395.349;2840459.628;B
1.13.69-8; ; ;-1.516416327;20763369.87;B
1.13.69-8;-16.42386865;-71.51422311;-1944283.274;2840501.63;B
1.13.69-8;-16.42346067;-71.51442741;-1944232.767;2840483.806;B
1.13.69-8;-16.42359084;-71.51473303;-1944244.199;2840447.451;B
1.13.69-8;-16.42377104;-71.51498114;-1944262.235;2840416.963;B
1.13.69-8;-16.42412016;-71.514735;-1944306.355;2840440.302;B
1.13.69-9; ; ;-1.516416327;20763369.87;B
1.13.69-9;-16.42426057;-71.51343485;-1944339.27;2840585.875;B
1.13.69-9;-16.42366246;-71.51374616;-1944265.075;2840558.405;B
1.13.69-9;-16.42326973;-71.51395227;-1944216.337;2840540.175;B
1.13.69-9;-16.42342524;-71.51432181;-1944229.938;2840496.242;B
1.13.69-9;-16.42441724;-71.51379727;-1944353.098;2840542.733;B
1.13.69-10; ; ;-1.516416327;20763369.87;B
1.13.69-10;-16.42402831;-71.51295175;-1944318.086;2840643.688;B
1.13.69-10;-16.42310104;-71.5135025;-1944202.2;2840593.377;B
1.13.69-10;-16.42323607;-71.51386148;-1944213.529;2840550.91;B
1.13.69-10;-16.424217;-71.5133579;-1944335.124;2840595.17;B
1.13.69-11; ; ;-1.516416327;20763369.87;B
1.13.69-11;-16.42381578;-71.51252108;-1944298.559;2840695.298;B
1.13.69-11;-16.42290297;-71.51304931;-1944184.655;2840647.353;B
1.13.69-11;-16.4230763;-71.51341377;-1944200.415;2840603.761;B
1.13.69-11;-16.42397124;-71.51288347;-1944312.245;2840652.177;B
1.13.69-12; ; ;-1.516416327;20763369.87;B
1.13.69-12;-16.42426821;-71.51227883;-1944354.769;2840716.845;B
1.13.69-12;-16.42389059;-71.51247818;-1944307.889;2840699.184;B
1.13.69-12;-16.42423555;-71.51319526;-1944339.357;2840613.367;B
1.13.69-12;-16.42449645;-71.51375185;-1944362.976;2840546.846;B
1.13.69-12;-16.4249106;-71.51353762;-1944414.334;2840565.717;B
1.13.69-12;-16.42429446;-71.51228794;-1944357.737;2840715.468;B
1.13.69-13; ; ;-1.516416327;20763369.87;B
1.13.69-13;-16.42307332;-71.51073857;-1944233.851;2840907.119;B
1.13.69-13;-16.42326574;-71.51115009;-1944251.258;2840857.941;B
1.13.69-13;-16.423616;-71.51191642;-1944282.726;2840766.47;B
1.13.69-13;-16.42382553;-71.51236787;-1944301.64;2840712.542;B
1.13.69-13;-16.42422535;-71.51215202;-1944351.335;2840731.783;B
1.13.69-13;-16.42346464;-71.51054902;-1944282.217;2840923.489;B
1.13.69-14; ; ;-1.516416327;20763369.87;B
1.13.69-14;-16.42353197;-71.51194672;-1944272.472;2840764.135;B
1.13.69-14;-16.42266847;-71.51248208;-1944164.27;2840714.734;B
1.13.69-14;-16.42283061;-71.51290323;-1944177.999;2840664.862;B
1.13.69-14;-16.4228754;-71.51294883;-1944182.685;2840659.105;B
1.13.69-14;-16.42374567;-71.51240647;-1944291.77;2840709.211;B
1.13.69-15; ; ;-1.516416327;20763369.87;B
1.13.69-15;-16.42325406;-71.51135977;-1944247.238;2840834.321;B
1.13.69-15;-16.42241729;-71.51179606;-1944143.428;2840795.803;B
1.13.69-15;-16.42262066;-71.51235729;-1944160.23;2840729.509;B
1.13.69-15;-16.42266205;-71.51237041;-1944164.927;2840727.479;B
1.13.69-15;-16.42346253;-71.51184355;-1944265.618;2840776.741;B
1.13.69-16; ; ;-1.516416327;20763369.87;B
1.13.69-16;-16.42298477;-71.51078854;-1944222.818;2840902.612;B
1.13.69-16;-16.42217086;-71.51119951;-1944122.012;2840866.666;B
1.13.69-16;-16.42235132;-71.51168138;-1944137.126;2840809.669;B
1.13.69-16;-16.42317843;-71.51125465;-1944239.681;2840847.229;B
1.13.69-17; ; ;-1.516416327;20763369.87;B
1.13.69-17;-16.42276023;-71.50946673;-1944213.136;2841055.422;B
1.13.69-17;-16.42254633;-71.50953245;-1944187.177;2841050.77;B
1.13.69-17;-16.42251567;-71.50955385;-1944183.304;2841048.745;B
1.13.69-17;-16.4228291;-71.5102163;-1944211.758;2840969.532;B
1.13.69-17;-16.42302309;-71.51062595;-1944229.373;2840920.546;B
1.13.69-17;-16.42342512;-71.51043121;-1944279.063;2840937.365;B
1.13.69-17;-16.42291386;-71.50943789;-1944231.548;2841056.68;B
1.13.69-18; ; ;-1.516416327;20763369.87;B
1.13.69-18;-16.42271974;-71.51024269;-1944198.578;2840967.971;B
1.13.69-18;-16.42192888;-71.51060861;-1944101.048;2840936.831;B
1.13.69-18;-16.42211889;-71.51109124;-1944117.274;2840879.622;B
1.13.69-18;-16.4229247;-71.51067569;-1944217.186;2840916.193;B
1.13.69-19; ; ;-1.516416327;20763369.87;B
1.13.69-19;-16.42237022;-71.50961238;-1944165.478;2841044.012;B
1.13.69-19;-16.42163856;-71.50989948;-1944075.898;2841021.034;B
1.13.69-19;-16.42186386;-71.51047172;-1944095.139;2840953.203;B
1.13.69-19;-16.42189916;-71.51048673;-1944099.095;2840951.039;B
1.13.69-19;-16.42263479;-71.5101492;-1944189.778;2840979.682;B
1.13.69-19;-16.42264761;-71.51009939;-1944191.913;2840985.162;B
1.13.69-19;-16.42264585;-71.51009609;-1944191.749;2840985.56;B
1.13.69-19;-16.42243682;-71.50963961;-1944172.959;2841040.053;B
1.13.69-20; ; ;-1.516416327;20763369.87;B
1.13.69-20;-16.42261954;-71.50883157;-1944204.631;2841129.279;B
1.13.69-20;-16.42201206;-71.50907043;-1944130.248;2841110.147;B
1.13.69-20;-16.42138826;-71.50932329;-1944053.772;2841089.641;B
1.13.69-20;-16.42159343;-71.50978906;-1944071.991;2841034.145;B
1.13.69-20;-16.42284674;-71.50929608;-1944225.454;2841073.638;B
1.13.69-22; ; ;-1.516416327;20763369.87;B
1.13.69-22;-16.42008485;-71.50987951;-1943893.624;2841043.631;B
1.13.69-22;-16.42000002;-71.50989461;-1943883.468;2841043.028;B
1.13.69-22;-16.41986168;-71.50995542;-1943866.449;2841037.943;B
1.13.69-22;-16.41984133;-71.51000636;-1943863.414;2841032.434;B
1.13.69-22;-16.41985966;-71.51006174;-1943864.868;2841025.914;B
1.13.69-22;-16.42005047;-71.51056497;-1943880.929;2840966.359;B
1.13.69-22;-16.42010235;-71.51069229;-1943885.415;2840951.244;B
1.13.69-22;-16.42012215;-71.510684;-1943887.846;2840951.925;B
1.13.69-22;-16.42017141;-71.51080119;-1943892.154;2840937.993;B
1.13.69-22;-16.42024982;-71.51098936;-1943898.988;2840915.631;B
1.13.69-22;-16.42070915;-71.51078998;-1943955.467;2840932.227;B
1.13.69-22;-16.42061365;-71.51054177;-1943947.382;2840961.62;B
1.13.69-22;-16.4208206;-71.51046216;-1943972.7;2840967.939;B
1.13.69-22;-16.42085045;-71.51050262;-1943975.696;2840962.96;B
1.13.69-22;-16.42068089;-71.51057406;-1943954.874;2840957.08;B
1.13.69-22;-16.42078463;-71.51083682;-1943963.743;2840925.929;B
1.13.69-22;-16.42026853;-71.51103984;-1943900.548;2840909.664;B
1.13.69-22;-16.42054397;-71.51179848;-1943923.326;2840820.042;B
1.13.69-22;-16.42064496;-71.51174789;-1943935.829;2840824.457;B
1.13.69-22;-16.42065287;-71.51176196;-1943936.58;2840822.757;B
1.13.69-22;-16.42148071;-71.51137749;-1944038.687;2840855.517;B
1.13.69-22;-16.42132204;-71.51096851;-1944025.212;2840903.965;B
1.13.69-22;-16.42119401;-71.5106534;-1944014.152;2840941.369;B
1.13.69-22;-16.42097897;-71.51013906;-1943995.385;2841002.501;B
1.13.69-22;-16.42079233;-71.51022201;-1943972.411;2840995.538;B
1.13.69-22;-16.42076903;-71.51009902;-1943971.229;2841009.789;B
1.13.69-22;-16.42148417;-71.50981632;-1944058.812;2841032.484;B
1.13.69-22;-16.42130275;-71.50932448;-1944043.711;2841090.624;B
1.13.69-22;-16.42009119;-71.50983764;-1943894.898;2841048.295;B
1.13.69-23; ; ;-1.516416327;20763369.87;B
1.13.69-23;-16.42152495;-71.50993849;-1944062.059;2841018.098;B
1.13.69-23;-16.42109576;-71.51010425;-1944009.546;2841004.92;B
1.13.69-23;-16.42110012;-71.51015378;-1944009.432;2840999.246;B
1.13.69-23;-16.4213571;-71.51077131;-1944031.822;2840925.866;B
1.13.69-23;-16.42159691;-71.51132647;-1944052.982;2840859.782;B
1.13.69-23;-16.42200869;-71.51114485;-1944103.651;2840874.987;B
1.13.69-23;-16.42185585;-71.51073091;-1944090.924;2840923.92;B
1.13.69-23;-16.42182229;-71.51071958;-1944087.125;2840925.644;B
1.13.69-23;-16.42161102;-71.5101639;-1944069.323;2840991.413;B
1.13.69-23;-16.42156274;-71.50997152;-1944066.081;2841013.859;B
1.13.69-24; ; ;-1.516416327;20763369.87;B
1.13.69-24;-16.42250669;-71.51232769;-1944147.215;2840734.357;B
1.13.69-24;-16.42247733;-71.51232315;-1944143.823;2840735.255;B
1.13.69-24;-16.42205115;-71.51124737;-1944107.344;2840862.807;B
1.13.69-24;-16.42161606;-71.51143778;-1944053.827;2840846.911;B
1.13.69-24;-16.4217598;-71.51180408;-1944066.087;2840803.498;B
1.13.69-24;-16.42206809;-71.512611;-1944092.112;2840707.974;B
1.13.69-24;-16.42254228;-71.51242386;-1944150.182;2840722.987;B
1.13.69-25; ; ;-1.516416327;20763369.87;B
1.13.69-25;-16.42166084;-71.51184018;-1944054.005;2840800.699;B
1.13.69-25;-16.42167418;-71.51183162;-1944055.68;2840801.495;B
1.13.69-25;-16.42165967;-71.51178047;-1944054.621;2840807.485;B
1.13.69-25;-16.42163413;-71.51178158;-1944051.607;2840807.693;B
1.13.69-25;-16.4215243;-71.51149828;-1944042.283;2840841.252;B
1.13.69-25;-16.42111818;-71.51167917;-1943992.288;2840826.056;B
1.13.69-25;-16.42122728;-71.51202391;-1944000.751;2840785.541;B
1.13.69-25;-16.42131567;-71.51226486;-1944008.093;2840757.064;B
1.13.69-25;-16.42145014;-71.51263463;-1944019.219;2840713.379;B
1.13.69-25;-16.42153634;-71.51285129;-1944026.61;2840687.686;B
1.13.69-25;-16.42156021;-71.51284528;-1944029.491;2840688.055;B
1.13.69-25;-16.42196621;-71.51267358;-1944079.354;2840702.211;B
1.13.69-26; ; ;-1.516416327;20763369.87;B
1.13.69-26;-16.42141247;-71.51283316;-1944012.288;2840691.363;B
1.13.69-26;-16.42136647;-71.51272204;-1944008.287;2840704.564;B
1.13.69-26;-16.42126985;-71.51245196;-1944000.347;2840736.45;B
1.13.69-26;-16.42101152;-71.5117361;-1943979.04;2840820.996;B
1.13.69-26;-16.4206;-71.51192612;-1943928.296;2840804.836;B
1.13.69-26;-16.42086965;-71.51265964;-1943950.711;2840718.139;B
1.13.69-26;-16.42101394;-71.5130502;-1943962.729;2840671.969;B
1.13.69-26;-16.42104985;-71.51306214;-1943966.797;2840670.145;B
1.13.69-26;-16.42141827;-71.51289651;-1944012.169;2840684.104;B
1.13.69-26;-16.42139665;-71.51284075;-1944010.333;2840690.709;B
1.13.69-27; ; ;-1.516416327;20763369.87;B
1.13.69-27;-16.42165337;-71.51337421;-1944033.754;2840626.865;B
1.13.69-27;-16.42163445;-71.51337153;-1944031.566;2840627.416;B
1.13.69-27;-16.4215016;-71.51301221;-1944020.497;2840669.895;B
1.13.69-27;-16.42109327;-71.51317852;-1943970.428;2840656.382;B
1.13.69-27;-16.4210791;-71.51318707;-1943968.655;2840655.597;B
1.13.69-27;-16.42107349;-71.51320204;-1943967.808;2840653.974;B
1.13.69-27;-16.4211518;-71.51338803;-1943974.658;2840631.86;B
1.13.69-27;-16.42120957;-71.51357882;-1943979.036;2840609.473;B
1.13.69-27;-16.42162976;-71.51343514;-1944030.212;2840620.266;B
1.13.69-27;-16.42166196;-71.51342107;-1944034.172;2840621.44;B
1.13.69-28; ; ;-1.516416327;20763369.87;B
1.13.69-28;-16.42256235;-71.51255867;-1944150.837;2840707.439;B
1.13.69-28;-16.42190785;-71.51282632;-1944070.569;2840685.657;B
1.13.69-28;-16.42158221;-71.51297045;-1944030.495;2840673.576;B
1.13.69-28;-16.42172757;-71.51334043;-1944042.898;2840629.725;B
1.13.69-28;-16.42233603;-71.51313126;-1944117.019;2840645.48;B
1.13.69-28;-16.42260855;-71.5130184;-1944150.458;2840654.71;B
1.13.69-28;-16.42261621;-71.51304815;-1944150.982;2840651.236;B
1.13.69-28;-16.42275533;-71.51298622;-1944168.107;2840656.438;B
1.13.70-1; ; ;-1.516416327;20763369.87;B
1.13.70-1;-16.42281826;-71.51306913;-1944174.453;2840646.214;B
1.13.70-1;-16.42249064;-71.5131975;-1944134.345;2840635.946;B
1.13.70-1;-16.42296248;-71.51448591;-1944173.503;2840483.691;B
1.13.70-1;-16.42334779;-71.51437415;-1944220.179;2840491.321;B
1.13.70-4; ; ;-1.516416327;20763369.87;B
1.13.70-4;-16.42274821;-71.51463671;-1944146.429;2840469.397;B
1.13.70-4;-16.42306997;-71.51552414;-1944173.021;2840364.571;B
1.13.70-4;-16.42322588;-71.51547178;-1944191.997;2840368.468;B
1.13.70-4;-16.42291992;-71.51458941;-1944167.197;2840472.513;B
1.13.70-5; ; ;-1.516416327;20763369.87;B
1.13.70-5;-16.42375466;-71.51515046;-1944258.173;2840397.98;B
1.13.70-5;-16.42373062;-71.51509481;-1944256.051;2840404.604;B
1.13.70-5;-16.42366839;-71.51501123;-1944249.796;2840414.895;B
1.13.70-5;-16.42350428;-71.51507994;-1944229.65;2840409.251;B
1.13.70-5;-16.42342127;-71.51486246;-1944222.644;2840434.995;B
1.13.70-5;-16.42334219;-71.51488463;-1944213.074;2840433.517;B
1.13.70-5;-16.42334966;-71.5149089;-1944213.646;2840430.667;B
1.13.70-5;-16.42331971;-71.51491275;-1944210.079;2840430.622;B
1.13.70-5;-16.42334474;-71.51497913;-1944212.181;2840422.769;B
1.13.70-5;-16.42315876;-71.51503262;-1944189.657;2840419.137;B
1.13.70-5;-16.42328033;-71.51539555;-1944199.356;2840376.398;B
1.13.70-5;-16.42375575;-71.51520593;-1944257.6;2840391.677;B
1.13.70-6; ; ;-1.516416327;20763369.87;B
1.13.70-6;-16.42283661;-71.51611723;-1944138.118;2840300.38;B
1.13.70-6;-16.42392638;-71.51569689;-1944271.445;2840333.779;B
1.13.70-6;-16.42402558;-71.51566709;-1944283.474;2840335.86;B
1.13.70-6;-16.42384027;-71.51529484;-1944266.406;2840380.49;B
1.13.70-6;-16.42381933;-71.51527454;-1944264.202;2840383.066;B
1.13.70-6;-16.42379423;-71.51527638;-1944261.231;2840383.186;B
1.13.70-6;-16.42325163;-71.51549633;-1944194.711;2840365.347;B
1.13.70-6;-16.42329306;-71.51563734;-1944197.798;2840348.817;B
1.13.70-6;-16.42272837;-71.51586353;-1944128.606;2840330.561;B
1.13.70-7; ; ;-1.516416327;20763369.87;B
1.13.70-7;-16.42272175;-71.51586141;-1944127.855;2840330.887;B
1.13.70-7;-16.42328122;-71.51563344;-1944196.456;2840349.414;B
1.13.70-7;-16.42323639;-71.51549644;-1944192.92;2840365.534;B
1.13.70-7;-16.42268139;-71.51567589;-1944125.456;2840352.449;B
1.13.70-7;-16.42259899;-71.51543876;-1944118.771;2840380.413;B
1.13.70-7;-16.42251485;-71.51520725;-1944111.809;2840407.763;B
1.13.70-7;-16.42237835;-71.51482045;-1944100.659;2840453.403;B
1.13.70-7;-16.42186224;-71.51500761;-1944037.666;2840438.936;B
1.13.70-7;-16.42155112;-71.51507422;-1944000.276;2840435.454;B
1.13.70-7;-16.42176786;-71.51595624;-1944014.601;2840332.614;B
1.13.70-7;-16.42181132;-71.51638636;-1944014.276;2840283.279;B
1.13.70-7;-16.42198454;-71.51637009;-1944034.83;2840282.857;B
1.13.70-7;-16.42227832;-71.51634727;-1944069.629;2840281.601;B
1.13.70-7;-16.42236617;-71.51634516;-1944079.976;2840280.692;B
1.13.70-7;-16.42244371;-71.51632246;-1944089.371;2840282.251;B
1.13.70-7;-16.4224717;-71.51631047;-1944092.811;2840283.245;B
1.13.70-7;-16.42268318;-71.51621625;-1944118.843;2840291.16;B
1.13.70-7;-16.42283316;-71.51612744;-1944137.583;2840299.268;B
1.13.70-8; ; ;-1.516416327;20763369.87;B
1.13.70-8;-16.42242974;-71.51494765;-1944105.09;2840438.31;B
1.13.70-8;-16.42268222;-71.51566204;-1944125.729;2840354.008;B
1.13.70-8;-16.42306465;-71.51552859;-1944172.34;2840364.135;B
1.13.70-8;-16.42280451;-71.5147969;-1944151.019;2840450.498;B
1.13.71-1; ; ;-1.516416327;20763369.87;B
1.13.71-1;-16.42261607;-71.51379568;-1944141.525;2840566.483;B
1.13.71-1;-16.42237464;-71.51388464;-1944112.04;2840559.555;B
1.13.71-1;-16.42199182;-71.51401945;-1944065.367;2840549.279;B
1.13.71-1;-16.42186756;-71.5136211;-1944055.8;2840596.07;B
1.13.71-1;-16.42220881;-71.51349756;-1944097.448;2840605.612;B
1.13.71-1;-16.42233553;-71.51386188;-1944107.733;2840562.647;B
1.13.71-1;-16.42263041;-71.51375266;-1944143.754;2840571.172;B
1.13.71-1;-16.42241058;-71.51321048;-1944124.775;2840635.522;B
1.13.71-1;-16.42160068;-71.51352337;-1944025.682;2840610.643;B
1.13.71-1;-16.42179003;-71.51416606;-1944039.809;2840535.297;B
1.13.71-1;-16.42210104;-71.51404696;-1944077.849;2840544.731;B
1.13.71-1;-16.42232769;-71.51470017;-1944096.227;2840467.704;B
1.13.71-1;-16.4228817;-71.51450894;-1944163.723;2840482.137;B
1.13.72-1; ; ;-1.516416327;20763369.87;B
1.13.72-1;-16.4209889;-71.51621274;-1943919.855;2840313.723;B
1.13.72-1;-16.42112835;-71.51646628;-1943933.036;2840283.151;B
1.13.72-1;-16.42159767;-71.51638626;-1943989.179;2840286.085;B
1.13.72-1;-16.42172737;-71.51637134;-1944004.604;2840286.081;B
1.13.72-1;-16.42164702;-71.51573798;-1944003.161;2840358.942;B
1.13.72-1;-16.42095707;-71.51586532;-1943920.503;2840353.53;B
1.13.72-1;-16.42077449;-71.51591845;-1943898.383;2840349.895;B
1.13.72-2; ; ;-1.516416327;20763369.87;B
1.13.72-2;-16.42032037;-71.51655244;-1943837.032;2840283.953;B
1.13.72-2;-16.42060979;-71.51653466;-1943871.255;2840282.182;B
1.13.72-2;-16.42100453;-71.51645956;-1943918.575;2840285.534;B
1.13.72-2;-16.42097874;-71.51636029;-1943916.799;2840297.127;B
1.13.72-2;-16.42067137;-71.51591457;-1943886.319;2840351.682;B
1.13.72-2;-16.42025111;-71.5160072;-1943835.779;2840346.679;B
1.13.72-3; ; ;-1.516416327;20763369.87;B
1.13.72-3;-16.42062164;-71.51557789;-1943884.728;2840390.507;B
1.13.72-3;-16.42062057;-71.51561901;-1943884.082;2840385.859;B
1.13.72-3;-16.42062374;-71.51567308;-1943883.772;2840379.687;B
1.13.72-3;-16.42063365;-71.51571792;-1943884.37;2840374.473;B
1.13.72-3;-16.42066213;-71.5157594;-1943887.192;2840369.398;B
1.13.72-3;-16.4206915;-71.51578062;-1943890.374;2840366.608;B
1.13.72-3;-16.42071265;-71.51579948;-1943892.621;2840364.192;B
1.13.72-3;-16.42072984;-71.51580671;-1943894.548;2840363.147;B
1.13.72-3;-16.42078294;-71.51581332;-1943900.703;2840361.704;B
1.13.72-3;-16.42162777;-71.51567423;-1944001.705;2840366.421;B
1.13.72-3;-16.42148821;-71.51510088;-1943992.55;2840433.254;B
1.13.72-3;-16.42088988;-71.51518586;-1943921.188;2840431.446;B
1.13.72-3;-16.42064822;-71.51552592;-1943888.506;2840396.051;B
1.13.72-4; ; ;-1.516416327;20763369.87;B
1.13.72-4;-16.42008156;-71.51474578;-1943831.788;2840491.918;B
1.13.72-4;-16.42065882;-71.51510584;-1943895.056;2840443.542;B
1.13.72-4;-16.42070174;-71.51512828;-1943899.814;2840440.436;B
1.13.72-4;-16.42071692;-71.51513401;-1943901.525;2840439.588;B
1.13.72-4;-16.42073852;-71.51513552;-1943904.043;2840439.134;B
1.13.72-4;-16.42076448;-71.51512956;-1943907.168;2840439.47;B
1.13.72-4;-16.42078841;-71.51512116;-1943910.085;2840440.11;B
1.13.72-4;-16.42080304;-71.51511281;-1943911.909;2840440.865;B
1.13.72-4;-16.42082018;-71.51510302;-1943914.047;2840441.751;B
1.13.72-4;-16.42083446;-71.5150898;-1943915.89;2840443.063;B
1.13.72-4;-16.42086743;-71.51504819;-1943920.289;2840447.349;B
1.13.72-4;-16.4209286;-71.51493858;-1943928.86;2840458.977;B
1.13.72-4;-16.42101341;-71.51476865;-1943940.968;2840477.134;B
1.13.72-4;-16.42100294;-71.51475475;-1943939.913;2840478.847;B
1.13.72-4;-16.42104136;-71.51470779;-1943945.02;2840483.669;B
1.13.72-4;-16.42104622;-71.51467652;-1943945.985;2840487.151;B
1.13.72-4;-16.42104072;-71.51463853;-1943945.819;2840491.53;B
1.13.72-4;-16.42102855;-71.51458782;-1943945.03;2840497.439;B
1.13.72-4;-16.42101589;-71.51454188;-1943944.122;2840502.813;B
1.13.72-4;-16.42100467;-71.51450978;-1943943.21;2840506.6;B
1.13.72-4;-16.42097553;-71.51446713;-1943940.325;2840511.816;B
1.13.72-4;-16.42094758;-71.51444308;-1943937.346;2840514.909;B
1.13.72-4;-16.42092138;-71.51443157;-1943934.413;2840516.556;B
1.13.72-4;-16.42090436;-71.51442124;-1943932.544;2840517.951;B
1.13.72-4;-16.4208668;-71.51440644;-1943928.318;2840520.12;B
1.13.72-4;-16.42059844;-71.51432785;-1943897.785;2840532.542;B
1.13.72-4;-16.42059117;-71.51433958;-1943896.782;2840531.307;B
1.13.72-4;-16.42034269;-71.51426234;-1943868.568;2840543.315;B
1.13.72-4;-16.42003047;-71.51435337;-1943830.74;2840537.079;B
1.13.72-5; ; ;-1.516416327;20763369.87;B
1.13.72-5;-16.42131062;-71.51418163;-1943983.295;2840539.803;B
1.13.72-5;-16.42151341;-71.51498494;-1943996.974;2840446.07;B
1.13.72-5;-16.42193669;-71.51487245;-1944048.119;2840453.287;B
1.13.72-5;-16.42144556;-71.51351476;-1944007.568;2840613.648;B
1.13.72-5;-16.42118651;-71.51361426;-1943975.879;2840605.756;B
1.13.72-5;-16.42122072;-71.51378468;-1943977.746;2840585.987;B
1.13.72-6; ; ;-1.516416327;20763369.87;B
1.13.72-6;-16.41969334;-71.51437089;-1943790.915;2840539.503;B
1.13.72-6;-16.42100937;-71.51396999;-1943950.578;2840567.741;B
1.13.72-6;-16.4209933;-71.51388635;-1943949.746;2840577.434;B
1.13.72-6;-16.42115161;-71.51386496;-1943968.613;2840577.788;B
1.13.72-6;-16.42109082;-71.51363557;-1943964.369;2840604.592;B
1.13.72-6;-16.41964384;-71.51408184;-1943788.75;2840572.923;B
1.13.72-7; ; ;-1.516416327;20763369.87;B
1.13.72-7;-16.42007141;-71.51507158;-1943826.482;2840455.11;B
1.13.72-7;-16.42002158;-71.51468981;-1943825.449;2840499.049;B
1.13.72-7;-16.4199703;-71.51438023;-1943823.333;2840534.82;B
1.13.72-7;-16.41967059;-71.51446846;-1943787.011;2840528.737;B
1.13.72-7;-16.41979321;-71.51509304;-1943793.53;2840456.316;B
1.13.72-8; ; ;-1.516416327;20763369.87;B
1.13.72-8;-16.41966251;-71.51579905;-1943769.262;2840377.978;B
1.13.72-8;-16.41970538;-71.51608934;-1943770.633;2840344.504;B
1.13.72-8;-16.4196769;-71.51622001;-1943765.638;2840330.061;B
1.13.72-8;-16.41964352;-71.51634483;-1943760.141;2840316.344;B
1.13.72-8;-16.42023546;-71.51652679;-1943827.382;2840287.971;B
1.13.72-8;-16.42019379;-71.51614485;-1943827.307;2840331.821;B
1.13.72-8;-16.42007053;-71.51511769;-1943825.796;2840449.894;B
1.13.72-8;-16.41981712;-71.5151454;-1943795.677;2840450.068;B
1.13.72-8;-16.41982727;-71.51527552;-1943795.227;2840435.182;B
1.13.72-8;-16.41960879;-71.51532521;-1943768.934;2840432.405;B
1.13.73-1; ; ;-1.516416327;20763369.87;B
1.13.73-1;-16.41880243;-71.5161008;-1943664.416;2840355.014;B
1.13.73-1;-16.41953866;-71.516321;-1943748.124;2840320.419;B
1.13.73-1;-16.41961447;-71.51608475;-1943760.012;2840346.213;B
1.13.73-1;-16.41958005;-71.51569279;-1943760.916;2840391.105;B
1.13.73-1;-16.41936864;-71.51571986;-1943735.74;2840390.8;B
1.13.73-1;-16.41939601;-71.51599465;-1943735.486;2840359.286;B
1.13.73-1;-16.41938917;-71.51604696;-1943734.022;2840353.445;B
1.13.73-1;-16.41887975;-71.51589212;-1943676.133;2840377.664;B
1.13.73-2; ; ;-1.516416327;20763369.87;B
1.13.73-2;-16.41868164;-71.51578607;-1943654.199;2840392.279;B
1.13.73-2;-16.41931027;-71.51564059;-1943729.884;2840400.552;B
1.13.73-2;-16.4193495;-71.51568058;-1943733.988;2840395.504;B
1.13.73-2;-16.41958297;-71.51564652;-1943761.844;2840396.312;B
1.13.73-2;-16.41954144;-71.5154004;-1943760.073;2840424.761;B
1.13.73-2;-16.41950784;-71.51538297;-1943756.346;2840427.177;B
1.13.73-2;-16.41914447;-71.51545298;-1943712.775;2840423.993;B
1.13.73-2;-16.41887306;-71.51553469;-1943679.86;2840418.277;B
1.13.73-2;-16.4185259;-71.51563295;-1943637.837;2840411.678;B
1.13.73-2;-16.41846188;-71.51566472;-1943629.916;2840408.913;B
1.13.73-2;-16.41842324;-71.51570951;-1943624.811;2840404.34;B
1.13.73-2;-16.41834091;-71.51594476;-1943612.169;2840378.744;B
1.13.73-2;-16.41873132;-71.51608142;-1943656.307;2840358.142;B
1.13.73-2;-16.41880354;-71.51587316;-1943667.42;2840380.811;B
1.13.73-2;-16.41867109;-71.51582794;-1943652.431;2840387.671;B
1.13.74-1; ; ;-1.516416327;20763369.87;B
1.13.74-1;-16.42055181;-71.51370485;-1943900.173;2840603.789;B
1.13.74-1;-16.42108186;-71.51352403;-1943964.725;2840617.356;B
1.13.74-1;-16.42095479;-71.51321811;-1943953.66;2840653.704;B
1.13.74-1;-16.42043363;-71.51343325;-1943889.72;2840636.13;B
1.13.74-2; ; ;-1.516416327;20763369.87;B
1.13.74-2;-16.42040643;-71.51335109;-1943887.562;2840645.802;B
1.13.74-2;-16.42092007;-71.51313633;-1943950.614;2840663.431;B
1.13.74-2;-16.42079611;-71.51278429;-1943940.497;2840704.968;B
1.13.74-2;-16.42028675;-71.51300639;-1943877.855;2840686.45;B
1.13.74-3; ; ;-1.516416327;20763369.87;B
1.13.74-3;-16.42023658;-71.51289371;-1943873.385;2840699.883;B
1.13.74-3;-16.42025692;-71.51290571;-1943875.623;2840698.256;B
1.13.74-3;-16.42074987;-71.51269544;-1943936.187;2840715.647;B
1.13.74-3;-16.4206391;-71.51236654;-1943927.328;2840754.388;B
1.13.74-3;-16.42061882;-71.51236104;-1943925.015;2840755.277;B
1.13.74-3;-16.42011032;-71.51256727;-1943862.674;2840738.547;B
1.13.74-4; ; ;-1.516416327;20763369.87;B
1.13.74-4;-16.42007854;-71.51248284;-1943860.007;2840748.535;B
1.13.74-4;-16.4206039;-71.51227;-1943924.412;2840765.795;B
1.13.74-4;-16.4204676;-71.51192531;-1943912.752;2840806.66;B
1.13.74-4;-16.41996083;-71.51215107;-1943850.368;2840787.693;B
1.13.74-5; ; ;-1.516416327;20763369.87;B
1.13.74-5;-16.41993564;-71.51206952;-1943848.439;2840797.269;B
1.13.74-5;-16.42044569;-71.51186517;-1943910.939;2840813.766;B
1.13.74-5;-16.42031228;-71.51150623;-1943899.799;2840856.209;B
1.13.74-5;-16.41980619;-71.51171965;-1943837.649;2840838.633;B
1.13.74-6; ; ;-1.516416327;20763369.87;B
1.13.74-6;-16.41960623;-71.51122264;-1943820.435;2840897.602;B
1.13.74-6;-16.41977596;-71.51164444;-1943835.048;2840847.555;B
1.13.74-6;-16.42028296;-71.51143811;-1943897.214;2840864.316;B
1.13.74-6;-16.42019746;-71.51124068;-1943889.663;2840887.82;B
1.13.74-6;-16.42004546;-71.51081643;-1943877.164;2840937.914;B
1.13.74-6;-16.41954542;-71.51102051;-1943815.844;2840921.316;B
1.13.74-7; ; ;-1.516416327;20763369.87;B
1.13.74-7;-16.41936222;-71.51053516;-1943800.452;2840978.744;B
1.13.74-7;-16.41948441;-71.51048246;-1943815.471;2840983.122;B
1.13.74-7;-16.4194915;-71.51049757;-1943816.113;2840981.315;B
1.13.74-7;-16.41987367;-71.51032373;-1943863.205;2840996.026;B
1.13.74-7;-16.4197353;-71.5099749;-1943851.355;2841037.388;B
1.13.74-7;-16.41924393;-71.51019656;-1943790.831;2841018.685;B
1.13.75-1; ; ;-1.516416327;20763369.87;B
1.13.75-1;-16.42099273;-71.50833842;-1944019.745;2841206.487;B
1.13.75-1;-16.4213371;-71.50922005;-1944049.066;2841102.016;B
1.13.75-1;-16.42169124;-71.50906555;-1944092.62;2841114.899;B
1.13.75-1;-16.42132195;-71.50813538;-1944060.986;2841225.199;B
1.13.75-2; ; ;-1.516416327;20763369.87;B
1.13.75-2;-16.42092658;-71.50837573;-1944011.502;2841203.122;B
1.13.75-2;-16.42030795;-71.50878714;-1943933.631;2841164.569;B
1.13.75-2;-16.42038278;-71.50895902;-1943940.25;2841144.102;B
1.13.75-2;-16.42068823;-71.50878643;-1943978.314;2841159.674;B
1.13.75-2;-16.4208688;-71.50922294;-1943994.014;2841107.817;B
1.13.75-2;-16.42052756;-71.50936751;-1943952.1;2841095.89;B
1.13.75-2;-16.42059221;-71.50953512;-1943957.577;2841076.04;B
1.13.75-2;-16.42128625;-71.50924762;-1944042.744;2841099.555;B
1.13.75-3; ; ;-1.516416327;20763369.87;B
1.13.75-3;-16.42025435;-71.50882531;-1943926.851;2841160.943;B
1.13.75-3;-16.41989417;-71.50899793;-1943882.358;2841146.084;B
1.13.75-3;-16.42017851;-71.50967385;-1943907.225;2841065.724;B
1.13.75-3;-16.42021054;-71.50972001;-1943910.405;2841060.071;B
1.13.75-3;-16.42054631;-71.50957874;-1943951.634;2841071.695;B
1.13.75-4; ; ;-1.516416327;20763369.87;B
1.13.75-4;-16.41984259;-71.50904413;-1943875.715;2841141.52;B
1.13.75-4;-16.419498;-71.50919585;-1943833.316;2841128.826;B
1.13.75-4;-16.41978012;-71.50988842;-1943857.713;2841046.608;B
1.13.75-4;-16.42012674;-71.50973139;-1943900.416;2841059.877;B
1.13.75-5; ; ;-1.516416327;20763369.87;B
1.13.75-5;-16.41944489;-71.50923195;-1943826.622;2841125.428;B
1.13.75-5;-16.41908959;-71.50939514;-1943782.821;2841111.574;B
1.13.75-5;-16.41936196;-71.51006738;-1943806.328;2841031.788;B
1.13.75-5;-16.41970625;-71.5099055;-1943848.819;2841045.637;B
1.13.75-6; ; ;-1.516416327;20763369.87;B
1.13.75-6;-16.41905453;-71.50943383;-1943778.213;2841107.646;B
1.13.75-6;-16.41870426;-71.50957596;-1943735.269;2841096.113;B
1.13.75-6;-16.41893287;-71.51019618;-1943754.293;2841022.798;B
1.13.75-6;-16.41895863;-71.51021475;-1943757.085;2841020.355;B
1.13.75-6;-16.41929798;-71.51008197;-1943798.628;2841030.97;B
1.13.75-7; ; ;-1.516416327;20763369.87;B
1.13.75-7;-16.41887474;-71.51022593;-1943747.089;2841020.186;B
1.13.75-7;-16.41864085;-71.50962502;-1943727.2;2841091.38;B
1.13.75-7;-16.41828813;-71.50978477;-1943683.746;2841077.882;B
1.13.75-7;-16.41850583;-71.51038889;-1943701.692;2841006.535;B
1.13.75-7;-16.41854706;-71.51039418;-1943706.469;2841005.396;B
1.13.75-7;-16.41886037;-71.51025659;-1943745.013;2841016.897;B
1.13.75-8; ; ;-1.516416327;20763369.87;B
1.13.75-8;-16.4177834;-71.51002058;-1943621.473;2841057.748;B
1.13.75-8;-16.41808394;-71.51057696;-1943649.754;2840990.73;B
1.13.75-8;-16.41849595;-71.51130498;-1943688.963;2840902.792;B
1.13.75-8;-16.41875823;-71.5111826;-1943721.32;2840913.237;B
1.13.75-8;-16.4182066;-71.50983128;-1943673.58;2841073.675;B
1.13.75-9; ; ;-1.516416327;20763369.87;B
1.13.75-9;-16.41915456;-71.51024018;-1943779.781;2841014.908;B
1.13.75-9;-16.41857247;-71.51048292;-1943708.333;2840995.001;B
1.13.75-9;-16.41857085;-71.51052738;-1943707.582;2840989.981;B
1.13.75-9;-16.41869413;-71.51081699;-1943718.406;2840955.531;B
1.13.75-9;-16.41928391;-71.51056772;-1943790.841;2840976.077;B
1.13.75-10; ; ;-1.516416327;20763369.87;B
1.13.75-10;-16.41931697;-71.51066027;-1943793.556;2840965.152;B
1.13.75-10;-16.41873033;-71.51089755;-1943721.642;2840945.923;B
1.13.75-10;-16.41885465;-71.51122592;-1943732.1;2840907.064;B
1.13.75-10;-16.41943432;-71.51098279;-1943803.268;2840927.047;B
1.13.75-11; ; ;-1.516416327;20763369.87;B
1.13.75-11;-16.4194674;-71.51105536;-1943806.238;2840918.386;B
1.13.75-11;-16.4190406;-71.51125212;-1943753.614;2840901.661;B
1.13.75-11;-16.41927225;-71.51185017;-1943773.276;2840830.819;B
1.13.75-11;-16.4197247;-71.51169413;-1943828.399;2840842.592;B
1.13.75-12; ; ;-1.516416327;20763369.87;B
1.13.75-12;-16.41901759;-71.51126552;-1943750.743;2840900.442;B
1.13.75-12;-16.41883495;-71.51133889;-1943728.359;2840894.513;B
1.13.75-12;-16.41867481;-71.51131628;-1943709.832;2840899.171;B
1.13.75-12;-16.41854095;-71.51139422;-1943693.123;2840892.085;B
1.13.75-12;-16.41889923;-71.51200685;-1943727.476;2840817.934;B
1.13.75-12;-16.41898462;-71.51196661;-1943738.016;2840821.38;B
1.13.75-12;-16.41901021;-71.511985;-1943740.79;2840818.96;B
1.13.75-12;-16.41926083;-71.51188205;-1943771.532;2840827.354;B
1.13.75-13; ; ;-1.516416327;20763369.87;B
1.13.75-13;-16.41974439;-71.51173745;-1943830.165;2840837.423;B
1.13.75-13;-16.41892644;-71.51209236;-1943729.593;2840807.884;B
1.13.75-13;-16.41910594;-71.51241551;-1943746.599;2840768.894;B
1.13.75-13;-16.41986938;-71.51211709;-1943840.054;2840792.743;B
1.13.75-14; ; ;-1.516416327;20763369.87;B
1.13.75-14;-16.41990284;-71.51217376;-1943843.27;2840785.879;B
1.13.75-14;-16.41915536;-71.51246706;-1943751.754;2840762.403;B
1.13.75-14;-16.41924722;-71.51266632;-1943760.03;2840738.608;B
1.13.75-14;-16.41933857;-71.51281435;-1943768.892;2840720.629;B
1.13.75-14;-16.42002757;-71.5125284;-1943853.444;2840744.037;B
1.13.75-15; ; ;-1.516416327;20763369.87;B
1.13.75-15;-16.42018807;-71.51290764;-1943867.51;2840698.938;B
1.13.75-15;-16.42005885;-71.51257954;-1943856.473;2840737.829;B
1.13.75-15;-16.41935034;-71.51286231;-1943769.669;2840715.037;B
1.13.75-15;-16.41944743;-71.5130833;-1943778.285;2840688.711;B
1.13.75-15;-16.41949177;-71.51323858;-1943781.532;2840670.524;B
1.13.75-15;-16.4201821;-71.51294171;-1943866.378;2840695.153;B
1.13.75-16; ; ;-1.516416327;20763369.87;B
1.13.75-16;-16.4202229;-71.51303481;-1943869.995;2840684.063;B
1.13.75-16;-16.41949175;-71.51331375;-1943780.581;2840662.001;B
1.13.75-16;-16.41960413;-71.51369564;-1943788.961;2840617.231;B
1.13.75-16;-16.42035274;-71.51337827;-1943880.912;2840643.422;B
1.13.75-17; ; ;-1.516416327;20763369.87;B
1.13.75-17;-16.42038476;-71.51345147;-1943883.749;2840634.703;B
1.13.75-17;-16.41960189;-71.51376744;-1943787.791;2840609.12;B
1.13.75-17;-16.41964997;-71.51397793;-1943790.782;2840584.625;B
1.13.75-17;-16.41968502;-71.5139799;-1943794.874;2840583.943;B
1.13.75-17;-16.42048199;-71.51374042;-1943891.522;2840600.669;B
1.13.75-18; ; ;-1.516416327;20763369.87;B
1.13.75-18;-16.41931849;-71.51296079;-1943764.684;2840704.288;B
1.13.75-18;-16.41922487;-71.51277616;-1943756.017;2840726.446;B
1.13.75-18;-16.41910699;-71.51254004;-1943745.151;2840754.762;B
1.13.75-18;-16.41905773;-71.5124846;-1943740.064;2840761.692;B
1.13.75-18;-16.41900039;-71.51247571;-1943733.44;2840763.45;B
1.13.75-18;-16.41857823;-71.51267974;-1943681.27;2840745.839;B
1.13.75-18;-16.41881733;-71.51280432;-1943707.786;2840728.585;B
1.13.75-18;-16.41902102;-71.51300882;-1943729.132;2840702.734;B
1.13.75-18;-16.41913012;-71.51317096;-1943739.901;2840682.922;B
1.13.75-18;-16.41919417;-71.51341745;-1943744.313;2840654.137;B
1.13.75-18;-16.41927512;-71.51367231;-1943750.605;2840624.181;B
1.13.75-18;-16.41930706;-71.51386887;-1943751.876;2840601.476;B
1.13.75-18;-16.41931825;-71.5140929;-1943750.362;2840575.929;B
1.13.75-18;-16.41954965;-71.51406273;-1943777.926;2840576.322;B
1.13.75-18;-16.4194843;-71.5135578;-1943776.624;2840634.427;B
1.13.75-19; ; ;-1.516416327;20763369.87;B
1.13.75-19;-16.41844753;-71.51144852;-1943681.462;2840887.151;B
1.13.75-19;-16.41817668;-71.51159674;-1943647.772;2840873.888;B
1.13.75-19;-16.41816621;-71.51163417;-1943646.069;2840869.781;B
1.13.75-19;-16.41847196;-71.51261179;-1943669.643;2840754.933;B
1.13.75-19;-16.41899679;-71.51240257;-1943733.941;2840771.79;B
1.13.75-19;-16.41848237;-71.51144931;-1943685.545;2840886.605;B
1.13.75-20; ; ;-1.516416327;20763369.87;B
1.13.75-20;-16.41776305;-71.51181523;-1943596.421;2840854.526;B
1.13.75-20;-16.41794913;-71.51262824;-1943608.016;2840759.908;B
1.13.75-20;-16.41828156;-71.51259899;-1943647.437;2840758.876;B
1.13.75-20;-16.4183969;-71.51259481;-1943661.04;2840757.84;B
1.13.75-20;-16.41809099;-71.5116428;-1943637.124;2840869.786;B
1.13.75-21; ; ;-1.516416327;20763369.87;B
1.13.75-21;-16.41733745;-71.51023375;-1943566.393;2841039.412;B
1.13.75-21;-16.41764625;-71.51132813;-1943588.85;2840911.284;B
1.13.75-21;-16.41772241;-71.51167563;-1943593.41;2840870.886;B
1.13.75-21;-16.41777348;-71.51170685;-1943599.015;2840866.678;B
1.13.75-21;-16.41842559;-71.51133646;-1943680.3;2840900.143;B
1.13.75-21;-16.41769473;-71.51007156;-1943610.413;2841053.127;B
1.13.75-22; ; ;-1.516416327;20763369.87;B
1.13.75-22;-16.4176532;-71.51176445;-1943584.157;2840861.721;B
1.13.75-22;-16.41726644;-71.51028353;-1943557.422;2841034.696;B
1.13.75-22;-16.41680469;-71.51049527;-1943500.503;2841016.728;B
1.13.75-22;-16.41678843;-71.51053453;-1943498.097;2841012.491;B
1.13.75-22;-16.41712585;-71.51206372;-1943518.427;2840834.686;B
1.13.75-23; ; ;-1.516416327;20763369.87;B
1.13.75-23;-16.41715879;-71.51214667;-1943521.25;2840824.85;B
1.13.75-23;-16.41727433;-71.51278464;-1943526.768;2840751.002;B
1.13.75-23;-16.41732354;-71.51281037;-1943532.225;2840747.441;B
1.13.75-23;-16.41786536;-71.51266253;-1943597.742;2840757.116;B
1.13.75-23;-16.41769364;-71.51185673;-1943587.743;2840850.728;B
1.13.76-1; ; ;-1.516416327;20763369.87;B
1.13.76-1;-16.41679537;-71.51142996;-1943487.605;2840910.869;B
1.13.76-1;-16.41688571;-71.51139139;-1943498.705;2840914.06;B
1.13.76-1;-16.41669271;-71.51055758;-1943486.56;2841011.129;B
1.13.76-1;-16.41614823;-71.51080327;-1943419.494;2840990.393;B
1.13.76-1;-16.41649481;-71.5116275;-1943449.802;2840892.402;B
1.13.76-1;-16.41655243;-71.51162112;-1943456.652;2840892.372;B
1.13.76-1;-16.41670854;-71.51146285;-1943476.99;2840908.276;B
1.13.76-2; ; ;-1.516416327;20763369.87;B
1.13.76-2;-16.41683525;-71.51249674;-1943478.822;2840789.389;B
1.13.76-2;-16.41710194;-71.51241512;-1943511.182;2840795.156;B
1.13.76-2;-16.41690496;-71.51150062;-1943499.588;2840901.423;B
1.13.76-2;-16.41670226;-71.51156455;-1943474.968;2840896.826;B
1.13.76-2;-16.41655896;-71.51172668;-1943456.087;2840880.318;B
1.13.76-3; ; ;-1.516416327;20763369.87;B
1.13.76-3;-16.41714803;-71.51248346;-1943515.734;2840786.804;B
1.13.76-3;-16.41710624;-71.51248248;-1943510.837;2840787.461;B
1.13.76-3;-16.41661305;-71.51263835;-1943450.93;2840776.239;B
1.13.76-3;-16.41589958;-71.51286623;-1943364.237;2840759.733;B
1.13.76-3;-16.4157587;-71.5129142;-1943347.082;2840756.137;B
1.13.76-3;-16.41573408;-71.51330275;-1943339.284;2840712.402;B
1.13.76-3;-16.41722862;-71.51286166;-1943520.426;2840742.867;B
1.13.76-4; ; ;-1.516416327;20763369.87;B
1.13.76-4;-16.41557047;-71.51217848;-1943334.258;2840842.02;B
1.13.76-4;-16.41577777;-71.51279404;-1943350.839;2840769.512;B
1.13.76-4;-16.41628553;-71.51264914;-1943412.318;2840779.3;B
1.13.76-4;-16.4167804;-71.51250631;-1943472.257;2840789.022;B
1.13.76-4;-16.41648106;-71.51176112;-1943446.5;2840877.432;B
1.13.76-5; ; ;-1.516416327;20763369.87;B
1.13.76-5;-16.41550729;-71.51208395;-1943328.028;2840853.564;B
1.13.76-5;-16.41643915;-71.51167706;-1943442.637;2840887.511;B
1.13.76-5;-16.41629412;-71.5113205;-1943430.101;2840929.837;B
1.13.76-5;-16.41535108;-71.51173734;-1943314.053;2840894.909;B
1.13.76-6; ; ;-1.516416327;20763369.87;B
1.13.76-6;-16.41474262;-71.51146686;-1943245.988;2840933.537;B
1.13.76-6;-16.41492066;-71.51185014;-1943262.064;2840887.75;B
1.13.76-6;-16.41580567;-71.51145414;-1943371.033;2840921.074;B
1.13.76-6;-16.41626411;-71.5112569;-1943427.38;2840937.441;B
1.13.76-6;-16.41609812;-71.51084069;-1943413.134;2840986.806;B
1.13.76-6;-16.41475835;-71.51144197;-1943248.15;2840936.153;B
1.13.76-7; ; ;-1.516416327;20763369.87;B
1.13.76-7;-16.41554409;-71.51237207;-1943328.714;2840820.415;B
1.13.76-7;-16.41531117;-71.51176923;-1943308.962;2840891.815;B
1.13.76-7;-16.414942;-71.51192154;-1943263.671;2840879.374;B
1.13.76-7;-16.41520134;-71.5125298;-1943286.458;2840807.013;B
1.13.76-8; ; ;-1.516416327;20763369.87;B
1.13.76-8;-16.41531063;-71.51296056;-1943293.859;2840756.741;B
1.13.76-8;-16.41528495;-71.51316251;-1943288.292;2840734.179;B
1.13.76-8;-16.41521037;-71.51334666;-1943277.206;2840714.273;B
1.13.76-8;-16.41512556;-71.51351822;-1943265.077;2840695.93;B
1.13.76-8;-16.41499564;-71.5137375;-1943247.047;2840672.766;B
1.13.76-8;-16.41532519;-71.51391449;-1943283.527;2840648.388;B
1.13.76-8;-16.41547692;-71.51364101;-1943304.804;2840677.412;B
1.13.76-8;-16.41559329;-71.51341387;-1943321.343;2840701.645;B
1.13.76-8;-16.4156648;-71.51320628;-1943332.363;2840724.247;B
1.13.76-8;-16.41567945;-71.51290345;-1943337.907;2840758.392;B
1.13.76-8;-16.41566773;-71.51269538;-1943339.158;2840782.138;B
1.13.76-8;-16.41559335;-71.51245153;-1943333.498;2840810.76;B
1.13.76-8;-16.41525032;-71.51260069;-1943291.317;2840798.334;B
1.13.76-8;-16.41530779;-71.51277622;-1943295.852;2840777.68;B
1.13.76-9; ; ;-1.516416327;20763369.87;B
1.13.76-9;-16.41431872;-71.51164926;-1943193.887;2840918.399;B
1.13.76-9;-16.41457684;-71.51223463;-1943216.82;2840848.65;B
1.13.76-9;-16.41477556;-71.51273018;-1943233.909;2840789.861;B
1.13.76-9;-16.41514426;-71.51256973;-1943279.248;2840803.232;B
1.13.76-9;-16.41468628;-71.51149588;-1943239.003;2840930.984;B
1.13.76-10; ; ;-1.516416327;20763369.87;B
1.13.76-10;-16.41484625;-71.51297367;-1943239.139;2840761.328;B
1.13.76-10;-16.41481431;-71.51307309;-1943234.132;2840750.473;B
1.13.76-10;-16.41473284;-71.51325574;-1943222.255;2840730.828;B
1.13.76-10;-16.4145646;-71.51353157;-1943199.01;2840701.753;B
1.13.76-10;-16.41493937;-71.51371302;-1943240.746;2840676.278;B
1.13.76-10;-16.41503403;-71.51352665;-1943254.218;2840696.172;B
1.13.76-10;-16.41514847;-71.51332907;-1943270.157;2840717.078;B
1.13.76-10;-16.41523077;-71.51312017;-1943282.462;2840739.688;B
1.13.76-10;-16.41524867;-71.51288293;-1943287.559;2840766.354;B
1.13.76-10;-16.41516701;-71.51265698;-1943280.82;2840793.041;B
1.13.76-10;-16.41481971;-71.51280096;-1943238.202;2840781.258;B
1.13.76-10;-16.41485656;-71.51288248;-1943241.502;2840771.533;B
1.13.76-11; ; ;-1.516416327;20763369.87;B
1.13.76-11;-16.41530373;-71.51403857;-1943279.44;2840634.6;B
1.13.76-11;-16.41457112;-71.51359762;-1943198.942;2840694.179;B
1.13.76-11;-16.4143857;-71.51393565;-1943172.893;2840658.275;B
1.13.76-11;-16.41536812;-71.51451048;-1943281.047;2840580.249;B
1.13.76-12; ; ;-1.516416327;20763369.87;B
1.13.76-12;-16.41416651;-71.51435741;-1943141.819;2840613.32;B
1.13.76-12;-16.41538096;-71.51504508;-1943275.807;2840519.466;B
1.13.76-12;-16.41545762;-71.51489195;-1943286.746;2840535.826;B
1.13.76-12;-16.4153843;-71.51461871;-1943281.581;2840567.766;B
1.13.76-12;-16.41435212;-71.51400916;-1943168.02;2840650.379;B
1.13.76-13; ; ;-1.516416327;20763369.87;B
1.13.76-13;-16.41428398;-71.51396184;-1943160.612;2840656.636;B
1.13.76-13;-16.41322798;-71.5133732;-1943043.987;2840737.19;B
1.13.76-13;-16.41304495;-71.51372129;-1943018.092;2840700.115;B
1.13.76-13;-16.41407729;-71.51431533;-1943131.869;2840619.258;B
1.13.76-14; ; ;-1.516416327;20763369.87;B
1.13.76-14;-16.41432612;-71.51388122;-1943166.58;2840665.226;B
1.13.76-14;-16.41450062;-71.51355827;-1943191.157;2840699.563;B
1.13.76-14;-16.41361623;-71.51304711;-1943093.714;2840769.088;B
1.13.76-14;-16.41334475;-71.51314893;-1943060.536;2840761.093;B
1.13.76-14;-16.4132645;-71.51328786;-1943049.355;2840746.39;B
1.13.76-14;-16.41379446;-71.51359498;-1943107.736;2840704.636;B
1.13.76-14;-16.41404272;-71.51373035;-1943135.192;2840686.04;B
1.13.76-14;-16.41426962;-71.5138713;-1943160.068;2840667.09;B
1.13.76-15; ; ;-1.516416327;20763369.87;B
1.13.76-15;-16.41444928;-71.51214827;-1943202.925;2840860.11;B
1.13.76-15;-16.4132968;-71.5126853;-1943060.756;2840814.29;B
1.13.76-15;-16.41328339;-71.51271169;-1943058.847;2840811.474;B
1.13.76-15;-16.41341724;-71.5130482;-1943070.323;2840771.567;B
1.13.76-15;-16.41458345;-71.51251297;-1943214.083;2840817.002;B
1.13.76-16; ; ;-1.516416327;20763369.87;B
1.13.76-16;-16.4142554;-71.51169047;-1943185.927;2840914.555;B
1.13.76-16;-16.41334398;-71.51211312;-1943073.52;2840878.552;B
1.13.76-16;-16.41307447;-71.51222788;-1943040.411;2840869.065;B
1.13.76-16;-16.41318435;-71.51248348;-1943050.093;2840838.645;B
1.13.76-16;-16.41323924;-71.5126123;-1943054.915;2840823.32;B
1.13.76-16;-16.41441224;-71.51209352;-1943199.265;2840866.803;B
1.13.76-17; ; ;-1.516416327;20763369.87;B
1.13.76-17;-16.41318192;-71.51263524;-1943047.892;2840821.469;B
1.13.76-17;-16.41302168;-71.51227;-1943033.677;2840864.979;B
1.13.76-17;-16.41297999;-71.51226138;-1943028.889;2840866.502;B
1.13.76-17;-16.41246631;-71.51249985;-1942965.532;2840846.179;B
1.13.76-17;-16.41263136;-71.51287816;-1942980.148;2840801.125;B
1.13.76-18; ; ;-1.516416327;20763369.87;B
1.13.76-18;-16.41332581;-71.51301407;-1943060.014;2840776.633;B
1.13.76-18;-16.41330094;-71.51293303;-1943058.114;2840786.146;B
1.13.76-18;-16.41326061;-71.51280008;-1943055.055;2840801.749;B
1.13.76-18;-16.41323315;-71.51273684;-1943052.628;2840809.279;B
1.13.76-18;-16.41320209;-71.51271221;-1943049.289;2840812.477;B
1.13.76-18;-16.41300068;-71.5128056;-1943024.45;2840804.523;B
1.13.76-18;-16.4130374;-71.51294645;-1943026.985;2840788.071;B
1.13.76-18;-16.41294868;-71.51310643;-1943014.543;2840771.092;B
1.13.76-18;-16.41319423;-71.51325661;-1943041.494;2840750.852;B
1.13.76-19; ; ;-1.516416327;20763369.87;B
1.13.76-19;-16.41246089;-71.51336318;-1942953.999;2840748.359;B
1.13.76-19;-16.41299544;-71.51367412;-1943012.871;2840706.111;B
1.13.76-19;-16.41315268;-71.51333271;-1943035.652;2840742.766;B
1.13.76-19;-16.41263834;-71.51301334;-1942979.261;2840785.705;B
1.13.76-20; ; ;-1.516416327;20763369.87;B
1.13.76-20;-16.41250789;-71.51306385;-1942963.298;2840781.684;B
1.13.76-20;-16.41250573;-71.51297184;-1942964.206;2840792.146;B
1.13.76-20;-16.41249053;-71.51286123;-1942963.817;2840804.886;B
1.13.76-20;-16.4125014;-71.51270363;-1942967.083;2840822.614;B
1.13.76-20;-16.41245316;-71.51259074;-1942962.841;2840836.046;B
1.13.76-20;-16.41242413;-71.51252561;-1942960.252;2840843.81;B
1.13.76-20;-16.41199419;-71.51269814;-1942907.567;2840829.869;B
1.13.76-20;-16.41148476;-71.51294722;-1942844.576;2840808.289;B
1.13.76-20;-16.41149971;-71.51301441;-1942845.484;2840800.475;B
1.13.76-20;-16.41197959;-71.51312095;-1942900.515;2840782.119;B
1.13.76-20;-16.4124038;-71.51331222;-1942947.935;2840754.883;B
1.13.76-20;-16.4124818;-71.51315014;-1942959.144;2840772.241;B
1.13.76-22; ; ;-1.516416327;20763369.87;B
1.13.76-22;-16.41403939;-71.5144167;-1943126.137;2840608.259;B
1.13.76-22;-16.41252157;-71.51353074;-1942959.012;2840728.565;B
1.13.76-22;-16.41234287;-71.51387561;-1942933.666;2840691.798;B
1.13.76-22;-16.4138354;-71.51476526;-1943097.773;2840571.406;B
1.13.76-23; ; ;-1.516416327;20763369.87;B
1.13.76-23;-16.41232671;-71.5139586;-1942930.721;2840682.599;B
1.13.76-23;-16.4123192;-71.51395913;-1942929.832;2840682.637;B
1.13.76-23;-16.4123102;-71.51396081;-1942928.753;2840682.565;B
1.13.76-23;-16.41230202;-71.51396754;-1942927.707;2840681.909;B
1.13.76-23;-16.41209099;-71.51437728;-1942897.744;2840638.209;B
1.13.76-23;-16.41205342;-71.51453496;-1942891.341;2840620.82;B
1.13.76-23;-16.41196856;-71.51497027;-1942875.878;2840572.571;B
1.13.76-23;-16.41237224;-71.51502416;-1942922.621;2840561.182;B
1.13.76-23;-16.41239151;-71.51471215;-1942928.822;2840596.308;B
1.13.76-23;-16.41244374;-71.51453725;-1942937.166;2840615.457;B
1.13.76-23;-16.41265305;-71.51414235;-1942966.738;2840657.497;B
1.13.76-24; ; ;-1.516416327;20763369.87;B
1.13.76-24;-16.41379375;-71.51484116;-1943091.923;2840563.343;B
1.13.76-24;-16.41378894;-71.51482476;-1943091.565;2840565.266;B
1.13.76-24;-16.41377417;-71.51481887;-1943089.904;2840566.128;B
1.13.76-24;-16.41249434;-71.51469729;-1942941.09;2840596.648;B
1.13.76-24;-16.41245839;-71.5147265;-1942936.498;2840593.807;B
1.13.76-24;-16.41242259;-71.51500496;-1942928.778;2840562.701;B
1.13.76-24;-16.41377071;-71.51517815;-1943084.963;2840525.435;B
1.13.76-25; ; ;-1.516416327;20763369.87;B
1.13.76-25;-16.41446726;-71.5152236;-1943166.216;2840511.173;B
1.13.76-25;-16.41446371;-71.51521448;-1943165.915;2840512.253;B
1.13.76-25;-16.41445498;-71.51520244;-1943165.041;2840513.733;B
1.13.76-25;-16.41429966;-71.51509824;-1943148.111;2840527.579;B
1.13.76-25;-16.41429129;-71.51510846;-1943146.998;2840526.53;B
1.13.76-25;-16.41390482;-71.51489308;-1943104.316;2840556.004;B
1.13.76-25;-16.41389724;-71.5151663;-1943099.977;2840525.124;B
1.13.76-25;-16.41445839;-71.5152311;-1943165.08;2840510.438;B
1.13.76-26; ; ;-1.516416327;20763369.87;B
1.13.76-26;-16.41473964;-71.51525315;-1943197.842;2840504.26;B
1.13.76-26;-16.41476133;-71.51524406;-1943200.504;2840505.007;B
1.13.76-26;-16.41491972;-71.51494046;-1943222.943;2840537.36;B
1.13.76-26;-16.41412713;-71.51446386;-1943135.849;2840601.765;B
1.13.76-26;-16.414112;-71.51446465;-1943134.062;2840601.874;B
1.13.76-26;-16.41410569;-71.51447026;-1943133.25;2840601.319;B
1.13.76-26;-16.41409407;-71.51448225;-1943131.733;2840600.112;B
1.13.76-26;-16.41393142;-71.51479272;-1943108.707;2840567.036;B
1.13.76-26;-16.4146883;-71.51527515;-1943191.533;2840502.438;B
1.13.76-27; ; ;-1.516416327;20763369.87;B
1.13.76-27;-16.41547131;-71.51524184;-1943283.937;2840495.974;B
1.13.76-27;-16.41500098;-71.51499262;-1943231.831;2840530.383;B
1.13.76-27;-16.41483197;-71.51526923;-1943208.485;2840501.23;B
1.13.76-27;-16.41542096;-71.51536073;-1943276.522;2840483.152;B
1.13.78-1; ; ;-1.516416327;20763369.87;B
1.13.78-1;-16.41259565;-71.51229187;-1942983.352;2840868.07;B
1.13.78-1;-16.41263593;-71.51229047;-1942988.102;2840867.703;B
1.13.78-1;-16.41357207;-71.51187691;-1943103.297;2840902.353;B
1.13.78-1;-16.41342708;-71.5115148;-1943090.836;2840945.308;B
1.13.78-1;-16.41292688;-71.51174008;-1943029.229;2840926.306;B
1.13.78-1;-16.41251657;-71.51218026;-1942975.471;2840881.761;B
1.13.78-2; ; ;-1.516416327;20763369.87;B
1.13.78-2;-16.41364485;-71.51183775;-1943112.343;2840905.841;B
1.13.78-2;-16.41398968;-71.51167213;-1943154.943;2840920.111;B
1.13.78-2;-16.41387438;-71.51140282;-1943144.797;2840952.155;B
1.13.78-2;-16.41378108;-71.5112258;-1943136.071;2840973.447;B
1.13.78-2;-16.41361241;-71.5110934;-1943117.928;2840990.666;B
1.13.78-2;-16.41344743;-71.51097703;-1943100.015;2841006.019;B
1.13.78-2;-16.41323504;-71.51130184;-1943070.964;2840971.967;B
1.13.78-2;-16.41348659;-71.51147733;-1943098.3;2840948.779;B
1.13.78-3; ; ;-1.516416327;20763369.87;B
1.13.78-3;-16.41403799;-71.51162301;-1943161.238;2840925.048;B
1.13.78-3;-16.41408485;-71.51162022;-1943166.779;2840924.752;B
1.13.78-3;-16.41512602;-71.51113047;-1943295.275;2840966.665;B
1.13.78-3;-16.4151354;-71.51111098;-1943296.624;2840968.752;B
1.13.78-3;-16.41500183;-71.51077715;-1943285.146;2841008.352;B
1.13.78-3;-16.41389797;-71.51128283;-1943149.083;2840965.452;B
1.13.78-4; ; ;-1.516416327;20763369.87;B
1.13.78-4;-16.41449886;-71.51092518;-1943224.19;2840998.146;B
1.13.78-4;-16.41469307;-71.51084087;-1943248.069;2841005.165;B
1.13.78-4;-16.41443365;-71.51052006;-1943221.644;2841044.935;B
1.13.78-4;-16.41429258;-71.51065407;-1943203.38;2841031.585;B
1.13.78-5; ; ;-1.516416327;20763369.87;B
1.13.78-5;-16.41488967;-71.51054923;-1943274.848;2841035.662;B
1.13.78-5;-16.41476143;-71.51037422;-1943261.992;2841057.184;B
1.13.78-5;-16.41455175;-71.51021838;-1943239.327;2841077.597;B
1.13.78-5;-16.41452398;-71.51022378;-1943235.997;2841077.349;B
1.13.78-5;-16.41440354;-71.51040292;-1943219.585;2841058.611;B
1.13.78-5;-16.4145986;-71.5105743;-1943240.338;2841036.627;B
1.13.78-5;-16.41472969;-71.51081079;-1943252.751;2841008.097;B
1.13.78-5;-16.41497006;-71.51070556;-1943282.318;2841016.884;B
1.13.78-6; ; ;-1.516416327;20763369.87;B
1.13.78-6;-16.41378897;-71.511154;-1943137.904;2840981.485;B
1.13.78-6;-16.41444006;-71.51021498;-1943226.249;2841079.443;B
1.13.78-6;-16.41412375;-71.5099832;-1943192.015;2841109.862;B
1.13.78-6;-16.41347511;-71.51090514;-1943104.175;2841013.809;B
1.13.78-7; ; ;-1.516416327;20763369.87;B
1.13.78-7;-16.41444562;-71.51016933;-1943227.479;2841084.548;B
1.13.78-7;-16.4147164;-71.50977173;-1943264.31;2841126.088;B
1.13.78-7;-16.41440998;-71.50955226;-1943231.083;2841154.983;B
1.13.78-7;-16.41414841;-71.50995136;-1943195.315;2841113.15;B
1.13.78-8; ; ;-1.516416327;20763369.87;B
1.13.78-8;-16.41484242;-71.51035106;-1943271.799;2841058.75;B
1.13.78-8;-16.41499473;-71.51058493;-1943286.739;2841030.24;B
1.13.78-8;-16.41510089;-71.51083179;-1943296.095;2841000.86;B
1.13.78-8;-16.41520488;-71.51108131;-1943305.161;2840971.207;B
1.13.78-8;-16.41553449;-71.5109288;-1943345.808;2840984.188;B
1.13.78-8;-16.41546087;-71.51070852;-1943339.94;2841010.129;B
1.13.78-8;-16.41528754;-71.51035288;-1943324.069;2841052.721;B
1.13.78-8;-16.41516965;-71.51017114;-1943312.513;2841074.87;B
1.13.78-8;-16.41502944;-71.51000811;-1943298.1;2841095.191;B
1.13.78-8;-16.41478536;-71.50982922;-1943271.685;2841118.667;B
1.13.78-8;-16.4145823;-71.51014003;-1943243.906;2841086.082;B
1.13.78-8;-16.41474107;-71.51025791;-1943261.069;2841070.639;B
1.13.78-9; ; ;-1.516416327;20763369.87;B
1.13.78-9;-16.41477541;-71.50971875;-1943271.911;2841131.324;B
1.13.78-9;-16.41504363;-71.50931157;-1943308.562;2841173.985;B
1.13.78-9;-16.41471523;-71.50909043;-1943272.774;2841203.357;B
1.13.78-9;-16.414427;-71.50950833;-1943233.636;2841159.742;B
1.13.78-10; ; ;-1.516416327;20763369.87;B
1.13.78-10;-16.41507809;-71.50924893;-1943313.401;2841180.638;B
1.13.78-10;-16.41581679;-71.50816885;-1943413.822;2841293.443;B
1.13.78-10;-16.41549863;-71.50793793;-1943379.36;2841323.789;B
1.13.78-10;-16.41476915;-71.50903144;-1943279.854;2841209.34;B
1.13.78-11; ; ;-1.516416327;20763369.87;B
1.13.78-11;-16.4152209;-71.51003137;-1943320.299;2841090.048;B
1.13.78-11;-16.41609971;-71.50962698;-1943428.646;2841124.405;B
1.13.78-11;-16.41605216;-71.50951679;-1943424.451;2841137.522;B
1.13.78-11;-16.4156696;-71.5091844;-1943383.706;2841180.216;B
1.13.78-11;-16.4157472;-71.50909656;-1943393.931;2841189.161;B
1.13.78-11;-16.41581435;-71.50897292;-1943403.381;2841202.301;B
1.13.78-11;-16.41591558;-71.50882817;-1943417.102;2841217.39;B
1.13.78-11;-16.41590288;-71.5088137;-1943415.793;2841219.197;B
1.13.78-11;-16.41606716;-71.5085969;-1943437.83;2841241.631;B
1.13.78-11;-16.41606347;-71.50853378;-1943438.193;2841248.835;B
1.13.78-11;-16.41606035;-71.50848017;-1943438.504;2841254.955;B
1.13.78-11;-16.41605818;-71.50843941;-1943438.763;2841259.606;B
1.13.78-11;-16.41604654;-71.50838248;-1943438.114;2841266.213;B
1.13.78-11;-16.41601571;-71.50832594;-1943435.207;2841273.028;B
1.13.78-11;-16.41586558;-71.5082158;-1943418.96;2841287.48;B
1.13.78-11;-16.41548364;-71.50878758;-1943366.87;2841227.644;B
1.13.78-11;-16.41485193;-71.50976057;-1943280.372;2841125.581;B
1.13.78-12; ; ;-1.516416327;20763369.87;B
1.13.78-12;-16.41662527;-71.50950142;-1943491.974;2841131.766;B
1.13.78-12;-16.4153033;-71.5101124;-1943328.956;2841079.783;B
1.13.78-12;-16.41545459;-71.51045072;-1943342.458;2841039.442;B
1.13.78-12;-16.41678481;-71.50984464;-1943506.382;2841090.762;B
1.13.78-13; ; ;-1.516416327;20763369.87;B
1.13.78-13;-16.41557006;-71.510711;-1943352.737;2841008.419;B
1.13.78-13;-16.41564398;-71.5108905;-1943359.155;2840987.099;B
1.13.78-13;-16.41688455;-71.5103098;-1943512.226;2841036.714;B
1.13.78-13;-16.41684076;-71.50989675;-1943512.297;2841084.122;B
1.13.78-13;-16.41549661;-71.51053994;-1943346.267;2841028.777;B
1.13.78-14; ; ;-1.516416327;20763369.87;B
1.13.78-14;-16.41678878;-71.50968738;-1943508.835;2841108.542;B
1.13.78-14;-16.41686035;-71.50969762;-1943517.113;2841106.444;B
1.13.78-14;-16.41681019;-71.50829003;-1943528.995;2841266.705;B
1.13.78-14;-16.41661698;-71.50828959;-1943506.303;2841269.283;B
1.13.78-14;-16.41664542;-71.50934093;-1943496.368;2841149.701;B
1.13.78-15; ; ;-1.516416327;20763369.87;B
1.13.78-15;-16.41656235;-71.50943632;-1943485.405;2841139.971;B
1.13.78-15;-16.41653924;-71.50869863;-1943492.005;2841223.919;B
1.13.78-15;-16.41617125;-71.5087142;-1943448.577;2841226.968;B
1.13.78-15;-16.41618648;-71.5095931;-1943439.268;2841127.112;B
1.13.78-16; ; ;-1.516416327;20763369.87;B
1.13.78-16;-16.41611791;-71.5082836;-1943447.748;2841276.491;B
1.13.78-16;-16.41616053;-71.50835464;-1943451.858;2841267.878;B
1.13.78-16;-16.41616812;-71.50863151;-1943449.253;2841236.385;B
1.13.78-16;-16.41654349;-71.50862041;-1943493.492;2841232.733;B
1.13.78-16;-16.41651876;-71.50817419;-1943496.221;2841283.653;B
1.13.78-16;-16.41647195;-71.5080647;-1943492.105;2841296.68;B
1.13.78-16;-16.41638444;-71.50799711;-1943482.678;2841305.489;B
1.13.78-16;-16.41612227;-71.50781254;-1943454.209;2841329.847;B
1.13.78-16;-16.41590813;-71.50813297;-1943425.005;2841296.316;B
1.13.78-17; ; ;-1.516416327;20763369.87;B
1.13.78-17;-16.41586177;-71.50808267;-1943420.194;2841302.626;B
1.13.78-17;-16.41648792;-71.50715912;-1943505.417;2841399.154;B
1.13.78-17;-16.41647839;-71.50675614;-1943509.387;2841444.973;B
1.13.78-17;-16.41635325;-71.50665581;-1943495.952;2841457.986;B
1.13.78-17;-16.41555237;-71.50786645;-1943386.576;2841331.191;B
1.13.78-18; ; ;-1.516416327;20763369.87;B
1.13.78-18;-16.41678508;-71.50822492;-1943526.868;2841274.416;B
1.13.78-18;-16.41675604;-71.50764868;-1943530.733;2841340.135;B
1.13.78-18;-16.41674333;-71.50728975;-1943533.773;2841381;B
1.13.78-18;-16.41675085;-71.50711921;-1943536.81;2841400.24;B
1.13.78-18;-16.41680483;-71.50692828;-1943545.563;2841421.182;B
1.13.78-18;-16.41686621;-71.50685915;-1943553.648;2841428.218;B
1.13.78-18;-16.41685525;-71.50615206;-1943561.29;2841508.538;B
1.13.78-18;-16.41674316;-71.50604216;-1943549.51;2841522.466;B
1.13.78-18;-16.4165254;-71.50637026;-1943519.783;2841488.112;B
1.13.78-18;-16.41659023;-71.50822438;-1943503.983;2841277.027;B
1.13.78-23; ; ;-1.516416327;20763369.87;B
1.13.78-23;-16.41649769;-71.50799278;-1943496.037;2841304.498;B
1.13.78-23;-16.41649055;-71.5073183;-1943503.716;2841381.071;B
1.13.78-23;-16.41618704;-71.50774866;-1943462.625;2841336.243;B
1.13.79-1; ; ;-1.516416327;20763369.87;B
1.13.79-1;-16.41708524;-71.50960055;-1943544.759;2841114.509;B
1.13.79-1;-16.41709157;-71.50982241;-1943542.7;2841089.269;B
1.13.79-1;-16.41714591;-71.5099457;-1943547.527;2841074.579;B
1.13.79-1;-16.41721158;-71.51010213;-1943553.267;2841055.982;B
1.13.79-1;-16.41807147;-71.50969677;-1943659.404;2841090.694;B
1.13.79-1;-16.41851279;-71.50949038;-1943713.856;2841108.322;B
1.13.79-1;-16.41817462;-71.50876125;-1943683.336;2841195.421;B
1.13.79-1;-16.41811665;-71.50876772;-1943676.445;2841195.445;B
1.13.79-1;-16.41782936;-71.50892601;-1943640.695;2841181.257;B
1.13.79-1;-16.41766384;-71.50899962;-1943620.32;2841175.076;B
1.13.79-1;-16.41751016;-71.5090507;-1943601.621;2841171.296;B
1.13.79-1;-16.41708181;-71.50907516;-1943550.99;2841174.126;B
1.13.79-3; ; ;-1.516416327;20763369.87;B
1.13.79-3;-16.41895174;-71.50929522;-1943767.888;2841124.707;B
1.13.79-3;-16.41956781;-71.50899823;-1943844.014;2841150.32;B
1.13.79-3;-16.41930096;-71.50843656;-1943819.759;2841217.498;B
1.13.79-3;-16.41909861;-71.50799716;-1943801.536;2841269.969;B
1.13.79-3;-16.41886082;-71.5075719;-1943778.972;2841321.299;B
1.13.79-3;-16.41881067;-71.50754519;-1943773.418;2841324.984;B
1.13.79-3;-16.41867536;-71.5076086;-1943756.72;2841319.564;B
1.13.79-3;-16.41844313;-71.50766394;-1943728.74;2841316.329;B
1.13.79-3;-16.41806776;-71.50776738;-1943683.335;2841309.512;B
1.13.79-3;-16.41820722;-71.50840139;-1943691.711;2841235.798;B
1.13.79-3;-16.41831046;-71.50866247;-1943700.543;2841204.844;B
1.13.79-3;-16.41849181;-71.5090885;-1943716.467;2841154.165;B
1.13.79-3;-16.41864102;-71.5094381;-1943729.58;2841112.572;B
1.13.79-4; ; ;-1.516416327;20763369.87;B
1.13.79-4;-16.41743635;-71.50772694;-1943609.668;2841322.36;B
1.13.79-4;-16.41798486;-71.50761626;-1943675.504;2841327.732;B
1.13.79-4;-16.4187246;-71.50743342;-1943764.718;2841338.783;B
1.13.79-4;-16.41875706;-71.50732669;-1943769.88;2841350.46;B
1.13.79-4;-16.41844876;-71.50672475;-1943741.263;2841422.748;B
1.13.79-4;-16.41832609;-71.50647523;-1943730.003;2841452.646;B
1.13.79-4;-16.41795985;-71.50666417;-1943684.59;2841436.015;B
1.13.79-4;-16.41762201;-71.50673993;-1943643.944;2841431.846;B
1.13.79-4;-16.41699701;-71.50682293;-1943569.471;2841430.613;B
1.13.79-4;-16.41698355;-71.50684639;-1943567.594;2841428.129;B
1.13.79-4;-16.41700635;-71.50775357;-1943558.815;2841324.967;B
1.13.79-5; ; ;-1.516416327;20763369.87;B
1.13.79-5;-16.41736494;-71.50665121;-1943614.864;2841445.27;B
1.13.79-5;-16.41788457;-71.50653876;-1943677.331;2841451.22;B
1.13.79-5;-16.41828632;-71.50633677;-1943727.08;2841468.866;B
1.13.79-5;-16.41797987;-71.50571206;-1943698.969;2841543.712;B
1.13.79-5;-16.41755668;-71.50486256;-1943659.983;2841645.575;B
1.13.79-5;-16.41684324;-71.50588038;-1943563.31;2841539.501;B
1.13.79-5;-16.41694394;-71.50612121;-1943572.099;2841510.876;B
1.13.79-5;-16.41695079;-71.50667945;-1943565.853;2841447.487;B
1.13.80-1; ; ;-1.516416327;20763369.87;B
1.13.80-1;-16.41932057;-71.50727989;-1943836.671;2841348.393;B
1.13.80-1;-16.41895584;-71.50746347;-1943791.505;2841332.351;B
1.13.80-1;-16.41965228;-71.50893755;-1943854.704;2841156.095;B
1.13.80-1;-16.42000556;-71.50874601;-1943898.626;2841173.19;B
1.13.80-2; ; ;-1.516416327;20763369.87;B
1.13.80-2;-16.41926282;-71.50717066;-1943831.266;2841361.534;B
1.13.80-2;-16.41879781;-71.50622749;-1943788.55;2841474.564;B
1.13.80-2;-16.41843754;-71.50641419;-1943743.867;2841458.109;B
1.13.80-2;-16.41892518;-71.5073469;-1943789.375;2841345.97;B
1.13.80-3; ; ;-1.516416327;20763369.87;B
1.13.80-3;-16.41875018;-71.50611382;-1943784.391;2841488.076;B
1.13.80-3;-16.41787112;-71.50436436;-1943703.216;2841697.952;B
1.13.80-3;-16.41760766;-71.50473555;-1943667.576;2841659.31;B
1.13.80-3;-16.4184158;-71.50629329;-1943742.841;2841472.102;B
1.13.80-4; ; ;-1.516416327;20763369.87;B
1.13.80-4;-16.41880089;-71.50520551;-1943801.822;2841590.404;B
1.13.80-4;-16.41817609;-71.50394977;-1943744.282;2841740.971;B
1.13.80-4;-16.41795108;-71.50428111;-1943713.662;2841706.344;B
1.13.80-4;-16.41849484;-71.50539316;-1943763.496;2841573.133;B
1.13.80-6; ; ;-1.516416327;20763369.87;B
1.13.80-6;-16.4190982;-71.50660272;-1943819.1;2841428.086;B
1.13.80-6;-16.4198315;-71.50618998;-1943910.463;2841465.289;B
1.13.80-6;-16.41963232;-71.50578696;-1943892.154;2841513.593;B
1.13.80-6;-16.41889384;-71.50617396;-1943800.509;2841479.376;B
1.13.80-7; ; ;-1.516416327;20763369.87;B
1.13.80-7;-16.41933241;-71.50710759;-1943840.239;2841367.775;B
1.13.80-7;-16.42010619;-71.50674988;-1943935.66;2841398.208;B
1.13.80-7;-16.41990909;-71.50631835;-1943917.957;2841449.718;B
1.13.80-7;-16.4191456;-71.50669411;-1943823.515;2841417.103;B
1.13.80-9; ; ;-1.516416327;20763369.87;B
1.13.80-9;-16.42007072;-71.50868778;-1943907.016;2841178.94;B
1.13.80-9;-16.4204011;-71.50851379;-1943948.026;2841194.345;B
1.13.80-9;-16.42002989;-71.50772687;-1943914.356;2841288.429;B
1.13.80-9;-16.41971687;-71.50788436;-1943875.594;2841274.667;B
1.13.80-10; ; ;-1.516416327;20763369.87;B
1.13.80-10;-16.42048729;-71.50843034;-1943959.206;2841202.678;B
1.13.80-10;-16.42081839;-71.50823627;-1944000.554;2841220.35;B
1.13.80-10;-16.42047777;-71.50750002;-1943969.838;2841308.289;B
1.13.80-10;-16.42013155;-71.5076788;-1943926.907;2841292.549;B
1.13.80-11; ; ;-1.516416327;20763369.87;B
1.13.80-11;-16.42123827;-71.50797473;-1944053.185;2841244.51;B
1.13.80-11;-16.42058052;-71.50660987;-1943993.154;2841407.875;B
1.13.80-11;-16.42023716;-71.50678863;-1943950.558;2841392.1;B
1.13.80-11;-16.4208935;-71.50818859;-1944009.981;2841224.773;B
1.13.80-12; ; ;-1.516416327;20763369.87;B
1.13.80-12;-16.42055689;-71.50651989;-1943991.514;2841418.386;B
1.13.80-12;-16.4200678;-71.50554709;-1943946.345;2841535.092;B
1.13.80-12;-16.41972464;-71.50573178;-1943903.697;2841518.642;B
1.13.80-12;-16.42019667;-71.50671359;-1943946.748;2841401.138;B
1.13.80-13; ; ;-1.516416327;20763369.87;B
1.13.80-13;-16.42002103;-71.50543852;-1943942.221;2841548.014;B
1.13.80-13;-16.41880515;-71.5029879;-1943830.337;2841841.803;B
1.13.80-13;-16.41860989;-71.50328141;-1943803.688;2841811.078;B
1.13.80-13;-16.41822649;-71.50383669;-1943751.631;2841753.132;B
1.13.80-13;-16.41852149;-71.50442841;-1943778.813;2841682.176;B
1.13.80-13;-16.41889877;-71.50516833;-1943813.79;2841593.339;B
1.13.80-13;-16.41923188;-71.50498275;-1943855.269;2841610.022;B
1.13.80-13;-16.41892028;-71.50433737;-1943826.814;2841687.28;B
1.13.80-13;-16.41898689;-71.50426133;-1943835.6;2841695.031;B
1.13.80-13;-16.419665;-71.5056352;-1943897.91;2841530.373;B
1.13.82-1; ; ;-1.516416327;20763369.87;B
1.13.82-1;-16.42132537;-71.50790687;-1944064.274;2841251.064;B
1.13.82-1;-16.42335557;-71.50659542;-1944319.348;2841373.19;B
1.13.82-1;-16.42331671;-71.50651656;-1944315.779;2841382.64;B
1.13.82-1;-16.42320879;-71.50645949;-1944303.821;2841390.524;B
1.13.82-1;-16.42301219;-71.50630714;-1944282.65;2841410.372;B
1.13.82-1;-16.42272987;-71.50646814;-1944247.449;2841395.812;B
1.13.82-1;-16.42241494;-71.50599093;-1944216.481;2841454.043;B
1.13.82-1;-16.42181808;-71.5063804;-1944141.44;2841417.696;B
1.13.82-1;-16.42087653;-71.5069765;-1944023.297;2841362.43;B
1.13.82-2; ; ;-1.516416327;20763369.87;B
1.13.82-2;-16.42239621;-71.50593301;-1944215.011;2841460.856;B
1.13.82-2;-16.42246884;-71.50603328;-1944222.277;2841448.536;B
1.13.82-2;-16.42282236;-71.50578358;-1944266.963;2841472.221;B
1.13.82-2;-16.42271208;-71.505583;-1944256.542;2841496.407;B
1.13.82-2;-16.42235517;-71.50574447;-1944212.572;2841482.771;B
1.13.82-2;-16.42215576;-71.50538374;-1944193.703;2841526.283;B
1.13.82-2;-16.42205848;-71.50541076;-1944181.933;2841524.492;B
1.13.82-2;-16.42199609;-71.50531435;-1944175.822;2841536.241;B
1.13.82-2;-16.4217122;-71.50549839;-1944140.145;2841519.089;B
1.13.82-2;-16.42148931;-71.50509643;-1944119.037;2841567.584;B
1.13.82-2;-16.42165107;-71.50495838;-1944139.785;2841581.12;B
1.13.82-2;-16.42162184;-71.50486127;-1944137.579;2841592.514;B
1.13.82-2;-16.42117209;-71.50413048;-1944093.974;2841681.264;B
1.13.82-2;-16.42075101;-71.50439359;-1944041.181;2841656.942;B
1.13.82-2;-16.42125118;-71.5052048;-1944089.693;2841558.414;B
1.13.82-2;-16.4204213;-71.5057366;-1943985.48;2841508.976;B
1.13.82-2;-16.42069797;-71.50620777;-1944012.031;2841451.931;B
1.13.82-2;-16.42151365;-71.50569742;-1944114.305;2841499.121;B
1.13.82-2;-16.42157376;-71.50580268;-1944120.037;2841486.399;B
1.13.82-2;-16.42060767;-71.50642248;-1943998.711;2841428.767;B
1.13.82-2;-16.42067262;-71.50658765;-1944004.254;2841409.189;B
1.13.82-2;-16.42199042;-71.50575316;-1944169.611;2841486.56;B
1.13.82-2;-16.42192924;-71.50564311;-1944163.815;2841499.84;B
1.13.82-2;-16.42197311;-71.50560919;-1944169.397;2841503.111;B
1.13.82-2;-16.42222767;-71.50603401;-1944193.935;2841451.611;B
1.13.82-3; ; ;-1.516416327;20763369.87;B
1.13.82-3;-16.42183362;-71.50627424;-1944144.608;2841429.529;B
1.13.82-3;-16.42217398;-71.50606109;-1944187.285;2841449.242;B
1.13.82-3;-16.42202884;-71.50580852;-1944173.426;2841479.781;B
1.13.82-3;-16.42168518;-71.50602524;-1944130.315;2841459.706;B
1.13.82-5; ; ;-1.516416327;20763369.87;B
1.13.82-5;-16.42084555;-71.50690864;-1944020.515;2841370.529;B
1.13.82-5;-16.42155047;-71.50644899;-1944109.135;2841413.422;B
1.13.82-5;-16.4214186;-71.50620106;-1944096.775;2841443.259;B
1.13.82-5;-16.42071625;-71.50664071;-1944008.71;2841402.602;B
1.13.82-7; ; ;-1.516416327;20763369.87;B
1.13.82-7;-16.42207652;-71.5049063;-1944190.426;2841581.456;B
1.13.82-7;-16.42116287;-71.50347316;-1944101.196;2841755.917;B
1.13.82-7;-16.42094193;-71.50362525;-1944073.318;2841741.563;B
1.13.82-7;-16.42179812;-71.50504656;-1944155.948;2841569.197;B
1.13.82-8; ; ;-1.516416327;20763369.87;B
1.13.82-8;-16.42357843;-71.50646355;-1944347.195;2841385.225;B
1.13.82-8;-16.42375083;-71.50634782;-1944368.912;2841396.09;B
1.13.82-8;-16.42272871;-71.50471469;-1944269.467;2841594.644;B
1.13.82-8;-16.42184219;-71.50512659;-1944160.113;2841559.545;B
1.13.82-8;-16.42190584;-71.50527566;-1944165.708;2841541.81;B
1.13.82-8;-16.42205385;-71.50528337;-1944182.999;2841538.998;B
1.13.82-8;-16.42211498;-71.50538167;-1944188.938;2841527.052;B
1.13.82-8;-16.42263912;-71.50514766;-1944253.471;2841546.724;B
1.13.82-8;-16.42284585;-71.50549086;-1944273.422;2841505.103;B
1.13.82-8;-16.42285663;-71.50574985;-1944271.416;2841475.597;B
1.13.82-8;-16.42301258;-71.50603162;-1944286.176;2841441.607;B
1.13.82-8;-16.42314673;-71.5062794;-1944298.806;2841411.755;B
1.13.82-8;-16.42339709;-71.50656193;-1944324.649;2841376.444;B
1.13.82-9; ; ;-1.516416327;20763369.87;B
1.13.82-9;-16.423849;-71.50628488;-1944381.239;2841401.941;B
1.13.82-9;-16.42448313;-71.50587205;-1944460.953;2841440.449;B
1.13.82-9;-16.42399608;-71.50509726;-1944413.524;2841534.674;B
1.13.82-9;-16.42381856;-71.50483503;-1944395.983;2841566.732;B
1.13.82-9;-16.42351104;-71.50502754;-1944357.422;2841548.93;B
1.13.82-9;-16.4237582;-71.50542768;-1944381.402;2841500.324;B
1.13.82-9;-16.42385255;-71.50537023;-1944393.213;2841505.602;B
1.13.82-9;-16.42396447;-71.50555096;-1944404.078;2841483.645;B
1.13.82-9;-16.42354936;-71.50583327;-1944351.743;2841457.069;B
1.13.82-10; ; ;-1.516416327;20763369.87;B
1.13.82-10;-16.42313031;-71.50514312;-1944311.233;2841540.809;B
1.13.82-10;-16.42334852;-71.50499866;-1944338.694;2841554.332;B
1.13.82-10;-16.42376498;-71.5047295;-1944391.021;2841579.398;B
1.13.82-10;-16.42344132;-71.50423816;-1944359.205;2841639.347;B
1.13.82-10;-16.42282634;-71.50466154;-1944281.608;2841599.392;B
1.13.82-11; ; ;-1.516416327;20763369.87;B
1.13.82-11;-16.42280365;-71.50450912;-1944280.868;2841616.972;B
1.13.82-11;-16.42339749;-71.50414306;-1944355.258;2841650.703;B
1.13.82-11;-16.42309246;-71.50363485;-1944325.844;2841712.322;B
1.13.82-11;-16.42254552;-71.50407569;-1944256.019;2841669.496;B
1.13.82-12; ; ;-1.516416327;20763369.87;B
1.13.82-12;-16.42218145;-71.5048344;-1944203.661;2841588.235;B
1.13.82-12;-16.4224017;-71.50471524;-1944231.042;2841598.863;B
1.13.82-12;-16.42216023;-71.50432827;-1944207.563;2841645.902;B
1.13.82-12;-16.42195635;-71.50447956;-1944181.7;2841631.416;B
1.13.82-13; ; ;-1.516416327;20763369.87;B
1.13.82-13;-16.42186488;-71.50439098;-1944172.072;2841642.657;B
1.13.82-13;-16.4230382;-71.50357913;-1944320.174;2841719.35;B
1.13.82-13;-16.4227802;-71.50315594;-1944295.211;2841770.711;B
1.13.82-13;-16.42159872;-71.50394241;-1944146.472;2841697.004;B
1.13.82-14; ; ;-1.516416327;20763369.87;B
1.13.82-14;-16.4215389;-71.50384637;-1944140.658;2841708.676;B
1.13.82-14;-16.42272783;-71.50308012;-1944290.017;2841779.995;B
1.13.82-14;-16.42243882;-71.50260647;-1944262.049;2841837.485;B
1.13.82-14;-16.42127129;-71.50340206;-1944114.831;2841762.559;B
1.13.83-1; ; ;-1.516416327;20763369.87;B
1.13.83-1;-16.42400802;-71.50495662;-1944416.704;2841550.464;B
1.13.83-1;-16.42434061;-71.50474265;-1944458.48;2841570.371;B
1.13.83-1;-16.42472169;-71.50513228;-1944498.326;2841521.204;B
1.13.83-1;-16.42433377;-71.50546973;-1944448.49;2841488.021;B
1.13.83-1;-16.42455672;-71.50580604;-1944470.432;2841446.969;B
1.13.83-1;-16.42515207;-71.50526417;-1944547.221;2841500.614;B
1.13.83-1;-16.4243671;-71.50443993;-1944465.417;2841604.348;B
1.13.83-1;-16.42389098;-71.50477353;-1944405.267;2841572.756;B
1.13.83-2; ; ;-1.516416327;20763369.87;B
1.13.83-2;-16.42522723;-71.50514929;-1944557.502;2841512.656;B
1.13.83-2;-16.4253997;-71.50497725;-1944579.938;2841529.905;B
1.13.83-2;-16.42482483;-71.50435795;-1944520.228;2841607.651;B
1.13.83-2;-16.4247893;-71.50437056;-1944515.895;2841606.686;B
1.13.83-2;-16.42459488;-71.50456788;-1944490.56;2841586.858;B
1.13.83-2;-16.42461739;-71.50459688;-1944492.839;2841583.275;B
1.13.83-2;-16.42517855;-71.50517354;-1944551.477;2841510.544;B
1.13.83-3; ; ;-1.516416327;20763369.87;B
1.13.83-3;-16.42453357;-71.50453887;-1944483.725;2841590.951;B
1.13.83-3;-16.42455929;-71.50454376;-1944486.684;2841590.06;B
1.13.83-3;-16.42479246;-71.50431799;-1944516.93;2841612.605;B
1.13.83-3;-16.42417265;-71.50367242;-1944452.272;2841693.919;B
1.13.83-3;-16.42394429;-71.50390196;-1944422.543;2841670.882;B
1.13.83-4; ; ;-1.516416327;20763369.87;B
1.13.83-4;-16.42384494;-71.50468922;-1944400.924;2841582.918;B
1.13.83-4;-16.42428016;-71.50437482;-1944456.027;2841612.869;B
1.13.83-4;-16.4238884;-71.50395134;-1944415.353;2841666.016;B
1.13.83-4;-16.4235258;-71.50418422;-1944369.812;2841644.357;B
1.13.83-5; ; ;-1.516416327;20763369.87;B
1.13.83-5;-16.42253936;-71.50256003;-1944274.447;2841841.434;B
1.13.83-5;-16.4225343;-71.50259252;-1944273.442;2841837.817;B
1.13.83-5;-16.42344873;-71.50409007;-1944361.947;2841656.041;B
1.13.83-5;-16.42379274;-71.50386737;-1944405.176;2841676.788;B
1.13.83-5;-16.42284966;-71.50236037;-1944313.425;2841860.01;B
1.13.83-6; ; ;-1.516416327;20763369.87;B
1.13.83-6;-16.42412511;-71.50361238;-1944447.445;2841701.349;B
1.13.83-6;-16.42376504;-71.5032179;-1944410.129;2841750.792;B
1.13.83-6;-16.4235308;-71.50286506;-1944387.069;2841793.867;B
1.13.83-6;-16.42311046;-71.50218178;-1944346.321;2841876.845;B
1.13.83-6;-16.4229138;-71.50230176;-1944321.701;2841865.816;B
1.13.83-6;-16.42307469;-71.50254308;-1944337.553;2841836.347;B
1.13.83-6;-16.4238741;-71.50380251;-1944415.554;2841683.078;B
1.13.83-7; ; ;-1.516416327;20763369.87;B
1.13.83-7;-16.42303886;-71.50208664;-1944339.111;2841888.57;B
1.13.83-7;-16.42251822;-71.50121873;-1944288.913;2841993.799;B
1.13.83-7;-16.42231538;-71.50132337;-1944263.76;2841984.589;B
1.13.83-7;-16.42284986;-71.50220027;-1944315.471;2841878.161;B
1.13.83-8; ; ;-1.516416327;20763369.87;B
1.13.83-8;-16.42279954;-71.502268;-1944308.703;2841871.14;B
1.13.83-8;-16.42225508;-71.50139877;-1944255.723;2841976.829;B
1.13.83-8;-16.42190636;-71.50161012;-1944212.084;2841957.431;B
1.13.83-8;-16.42244368;-71.50250218;-1944263.938;2841849.246;B
1.13.83-9; ; ;-1.516416327;20763369.87;B
1.13.83-9;-16.42247546;-71.50113642;-1944284.929;2842003.692;B
1.13.83-9;-16.42214339;-71.50059736;-1944252.73;2842069.164;B
1.13.83-9;-16.42202898;-71.5004263;-1944241.45;2842090.058;B
1.13.83-9;-16.42185338;-71.50020172;-1944223.657;2842117.822;B
1.13.83-9;-16.42176365;-71.50033679;-1944211.409;2842103.681;B
1.13.83-9;-16.42182635;-71.50047029;-1944217.088;2842087.724;B
1.13.83-9;-16.42201545;-71.50081744;-1944234.917;2842045.884;B
1.13.83-9;-16.42227197;-71.50125948;-1944259.468;2841992.402;B
1.13.83-10; ; ;-1.516416327;20763369.87;B
1.13.83-10;-16.422201;-71.50131111;-1944250.477;2841987.478;B
1.13.83-10;-16.42174046;-71.50044354;-1944207.336;2842091.881;B
1.13.83-10;-16.42163812;-71.50051524;-1944194.406;2842085.091;B
1.13.83-10;-16.42142375;-71.50083165;-1944165.222;2842052.02;B
1.13.83-10;-16.42185509;-71.50153284;-1944207.037;2841966.865;B
1.13.83-11; ; ;-1.516416327;20763369.87;B
1.13.83-11;-16.42082478;-71.50161793;-1944084.919;2841970.706;B
1.13.83-11;-16.4211038;-71.50205774;-1944112.14;2841917.183;B
1.13.83-11;-16.42177649;-71.50159066;-1944197.073;2841961.338;B
1.13.83-11;-16.42165489;-71.50138953;-1944185.328;2841985.736;B
1.13.83-11;-16.42121556;-71.5016909;-1944129.906;2841957.316;B
1.13.83-11;-16.42102764;-71.50140589;-1944111.43;2841992.094;B
1.13.83-12; ; ;-1.516416327;20763369.87;B
1.13.83-12;-16.42139003;-71.50250247;-1944140.148;2841863.009;B
1.13.83-12;-16.4220864;-71.50205784;-1944227.578;2841904.308;B
1.13.83-12;-16.42184621;-71.50168294;-1944204.097;2841949.962;B
1.13.83-12;-16.42114572;-71.50212479;-1944116.218;2841909.031;B
1.13.83-13; ; ;-1.516416327;20763369.87;B
1.13.83-13;-16.42167865;-71.50298901;-1944167.909;2841804.062;B
1.13.83-13;-16.42236205;-71.50253258;-1944253.963;2841846.868;B
1.13.83-13;-16.42214619;-71.50213627;-1944233.611;2841894.631;B
1.13.83-13;-16.42210475;-71.50213326;-1944228.781;2841895.515;B
1.13.83-13;-16.42142967;-71.5025875;-1944143.731;2841852.848;B
1.13.83-14; ; ;-1.516416327;20763369.87;B
1.13.83-14;-16.42086873;-71.50351363;-1944066.128;2841755.179;B
1.13.83-14;-16.4209158;-71.50347473;-1944072.15;2841758.973;B
1.13.83-14;-16.42127243;-71.50323543;-1944117.071;2841781.438;B
1.13.83-14;-16.42159006;-71.50304457;-1944156.799;2841798.922;B
1.13.83-14;-16.4213578;-71.50264229;-1944134.595;2841847.576;B
1.13.83-14;-16.42060698;-71.50312451;-1944040.294;2841802.727;B
1.13.83-15; ; ;-1.516416327;20763369.87;B
1.13.83-15;-16.42056074;-71.50304463;-1944035.871;2841812.389;B
1.13.83-15;-16.42058143;-71.50305242;-1944038.203;2841811.236;B
1.13.83-15;-16.42100254;-71.50276456;-1944091.313;2841838.363;B
1.13.83-15;-16.42130678;-71.50256693;-1944129.554;2841856.789;B
1.13.83-15;-16.42106882;-71.5021787;-1944106.502;2841903.925;B
1.13.83-15;-16.42033547;-71.50268301;-1944013.974;2841856.342;B
1.13.83-16; ; ;-1.516416327;20763369.87;B
1.13.83-16;-16.42060433;-71.50199438;-1944054.262;2841930.906;B
1.13.83-16;-16.42063899;-71.50208271;-1944057.217;2841920.436;B
1.13.83-16;-16.42016957;-71.50241026;-1943997.931;2841889.441;B
1.13.83-16;-16.42029065;-71.50259538;-1944009.816;2841866.866;B
1.13.83-16;-16.42102068;-71.50209724;-1944101.876;2841913.792;B
1.13.83-16;-16.42066371;-71.50155784;-1944066.754;2841979.629;B
1.13.83-16;-16.41994126;-71.50202651;-1943975.956;2841935.943;B
1.13.83-16;-16.42010536;-71.50230992;-1943991.655;2841901.659;B
1.13.83-16A; ; ;-1.516416327;20763369.87;B
1.13.83-16A;-16.42008105;-71.50106923;-1944004.475;2842042.66;B
1.13.83-16A;-16.41970548;-71.50166134;-1943952.871;2841980.437;B
1.13.83-16A;-16.4199127;-71.50199163;-1943973.042;2841940.273;B
1.13.83-16A;-16.42046471;-71.50164832;-1944042.232;2841971.973;B
1.13.83-16A;-16.42017094;-71.50116635;-1944013.809;2842030.471;B
1.13.83-17; ; ;-1.516416327;20763369.87;B
1.13.83-17;-16.4206044;-71.50154865;-1944059.902;2841981.447;B
1.13.83-17;-16.42064852;-71.50152387;-1944065.399;2841983.679;B
1.13.83-17;-16.42060459;-71.50146657;-1944060.962;2841990.751;B
1.13.83-17;-16.42046478;-71.50135008;-1944046.008;2842005.791;B
1.13.83-17;-16.42028808;-71.50121903;-1944026.905;2842022.964;B
1.13.83-17;-16.42025909;-71.50125627;-1944023.029;2842019.12;B
1.13.83-17;-16.42049016;-71.50161775;-1944045.608;2841975.107;B
1.13.83-18; ; ;-1.516416327;20763369.87;B
1.13.83-18;-16.4207683;-71.5015072;-1944079.682;2841984.001;B
1.13.83-18;-16.42086463;-71.5014969;-1944091.128;2841983.908;B
1.13.83-18;-16.4217713;-71.50016251;-1944214.51;2842123.344;B
1.13.83-18;-16.4214402;-71.49994619;-1944178.345;2842152.207;B
1.13.83-18;-16.42053164;-71.50127783;-1944054.776;2842013.108;B
1.13.83-19; ; ;-1.516416327;20763369.87;B
1.13.83-19;-16.42046039;-71.50122089;-1944047.126;2842020.496;B
1.13.83-19;-16.42139704;-71.49987004;-1944174.237;2842161.408;B
1.13.83-19;-16.42147159;-71.49988284;-1944182.833;2842158.979;B
1.13.83-19;-16.42156265;-71.49976393;-1944195.035;2842171.271;B
1.13.83-19;-16.42141723;-71.49962035;-1944179.764;2842189.455;B
1.13.83-19;-16.42130461;-71.49954345;-1944167.505;2842199.65;B
1.13.83-19;-16.42111395;-71.49951611;-1944145.451;2842205.247;B
1.13.83-19;-16.42012579;-71.50099739;-1944010.64;2842050.22;B
1.13.115-1; ; ;-1.516416327;20763369.87;B
1.13.115-1;-16.43014032;-71.51010529;-1945072.057;2840886.414;B
1.13.115-1;-16.43026026;-71.51072493;-1945078.318;2840814.591;B
1.13.115-1;-16.43036219;-71.51103516;-1945086.373;2840778.083;B
1.13.115-1;-16.43066401;-71.51155409;-1945115.272;2840715.297;B
1.13.115-1;-16.43093995;-71.51138206;-1945149.862;2840731.189;B
1.13.115-2; ; ;-1.516416327;20763369.87;B
1.13.115-2;-16.43000529;-71.50955993;-1945063.087;2840950.014;B
1.13.115-2;-16.43030035;-71.50915822;-1945102.825;2840991.695;B
1.13.115-2;-16.43017191;-71.50904969;-1945089.108;2841005.682;B
1.13.115-2;-16.42986502;-71.50942299;-1945048.338;2840967.376;B
1.13.115-2;-16.42982636;-71.5095788;-1945041.828;2840950.217;B
1.13.115-2;-16.42983822;-71.5097291;-1945041.322;2840933.02;B
1.13.115-2;-16.42996974;-71.50973844;-1945056.654;2840930.239;B
1.13.115-3; ; ;-1.516416327;20763369.87;B
1.13.115-3;-16.43066222;-71.5093221;-1945143.265;2840968.376;B
1.13.115-3;-16.43005765;-71.50970003;-1945067.467;2840933.444;B
1.13.115-3;-16.43007262;-71.50986647;-1945067.122;2840914.377;B
1.13.115-3;-16.43017126;-71.51001158;-1945076.876;2840896.633;B
1.13.115-3;-16.43088233;-71.50955619;-1945166.165;2840938.954;B
1.13.115-4; ; ;-1.516416327;20763369.87;B
1.13.115-4;-16.43093482;-71.50959901;-1945171.79;2840933.412;B
1.13.115-4;-16.43018363;-71.51007659;-1945077.508;2840889.101;B
1.13.115-4;-16.43037286;-71.51033415;-1945096.484;2840857.422;B
1.13.115-4;-16.43115542;-71.50985285;-1945194.498;2840901.743;B
1.13.115-5; ; ;-1.516416327;20763369.87;B
1.13.115-5;-16.43120381;-71.50988508;-1945199.775;2840897.456;B
1.13.115-5;-16.43039745;-71.51040211;-1945098.514;2840849.395;B
1.13.115-5;-16.43057622;-71.51067166;-1945116.11;2840816.493;B
1.13.115-5;-16.43143046;-71.51013392;-1945223.257;2840866.276;B
1.13.115-6; ; ;-1.516416327;20763369.87;B
1.13.115-6;-16.43146688;-71.51018101;-1945226.94;2840860.459;B
1.13.115-6;-16.43060818;-71.51073882;-1945119.015;2840808.461;B
1.13.115-6;-16.43078197;-71.511008;-1945136.03;2840775.666;B
1.13.115-6;-16.43169825;-71.51041532;-1945251.159;2840830.865;B
1.13.115-7; ; ;-1.516416327;20763369.87;B
1.13.115-7;-16.43190002;-71.5106339;-1945272.1;2840803.441;B
1.13.115-7;-16.43173211;-71.51045861;-1945254.591;2840825.514;B
1.13.115-7;-16.43083515;-71.51106989;-1945141.495;2840767.953;B
1.13.115-7;-16.43099282;-71.51132192;-1945156.833;2840737.314;B
1.13.115-7;-16.43194254;-71.51070919;-1945276.144;2840794.348;B
1.13.115-8; ; ;-1.516416327;20763369.87;B
1.13.115-8;-16.43233831;-71.51055515;-1945324.584;2840806.631;B
1.13.115-8;-16.43099296;-71.51142367;-1945155.564;2840725.777;B
1.13.115-8;-16.43125057;-71.51179949;-1945181.077;2840679.795;B
1.13.115-8;-16.43263906;-71.5109172;-1945355.339;2840761.645;B
1.13.115-9; ; ;-1.516416327;20763369.87;B
1.13.115-9;-16.43229076;-71.51051269;-1945319.534;2840812.067;B
1.13.115-9;-16.43175064;-71.50991105;-1945263.686;2840887.352;B
1.13.115-9;-16.43151845;-71.51014767;-1945233.419;2840863.565;B
1.13.115-9;-16.43207346;-71.51068127;-1945291.876;2840795.8;B
1.13.115-10; ; ;-1.516416327;20763369.87;B
1.13.115-10;-16.4312094;-71.50932055;-1945207.565;2840961.387;B
1.13.115-10;-16.43098015;-71.50954828;-1945177.757;2840938.57;B
1.13.115-10;-16.43148565;-71.51009393;-1945230.246;2840870.087;B
1.13.115-10;-16.43170967;-71.50987158;-1945259.372;2840892.363;B
1.13.115-11; ; ;-1.516416327;20763369.87;B
1.13.115-11;-16.4309662;-71.50902357;-1945182.749;2840998.243;B
1.13.115-11;-16.43078808;-71.50912906;-1945160.49;2840988.615;B
1.13.115-11;-16.43051736;-71.50885464;-1945132.155;2841023.273;B
1.13.115-11;-16.43042131;-71.50895626;-1945119.588;2841013.01;B
1.13.115-11;-16.4309433;-71.50950843;-1945173.931;2840943.57;B
1.13.115-11;-16.43119117;-71.50928304;-1945205.899;2840965.879;B
1.13.115-12; ; ;-1.516416327;20763369.87;B
1.13.115-12;-16.43124995;-71.50880895;-1945218.795;2841018.86;B
1.13.115-12;-16.43101856;-71.50898286;-1945189.414;2841002.173;B
1.13.115-12;-16.43174531;-71.50979259;-1945264.558;2840900.852;B
1.13.115-12;-16.43192278;-71.50956413;-1945288.293;2840924.429;B
1.13.115-13; ; ;-1.516416327;20763369.87;B
1.13.115-13;-16.43150522;-71.50859305;-1945251.512;2841039.996;B
1.13.115-13;-16.43126901;-71.50877925;-1945221.41;2841021.978;B
1.13.115-13;-16.43195213;-71.50951654;-1945292.342;2840929.441;B
1.13.115-13;-16.43211784;-71.50929441;-1945314.616;2840952.456;B
1.13.115-14; ; ;-1.516416327;20763369.87;B
1.13.115-14;-16.43219252;-71.50928781;-1945323.473;2840952.226;B
1.13.115-14;-16.43177502;-71.50985184;-1945267.298;2840893.745;B
1.13.115-14;-16.43268596;-71.5108665;-1945361.489;2840766.779;B
1.13.115-14;-16.43278485;-71.51076536;-1945374.385;2840776.95;B
1.13.115-14;-16.43195993;-71.50983597;-1945289.222;2840893.123;B
1.13.115-14;-16.43228361;-71.50939062;-1945332.874;2840939.376;B
1.13.2-1; ; ;-1.516416327;20763369.87;C
1.13.2-1;-16.43059091;-71.50074909;-1945243.25;2841941.323;C
1.13.2-1;-16.43077588;-71.50078853;-1945264.483;2841934.428;C
1.13.2-1;-16.43082208;-71.50068394;-1945271.233;2841945.681;C
1.13.2-1;-16.43102547;-71.50069999;-1945294.924;2841941.196;C
1.13.2-1;-16.43105677;-71.50046295;-1945301.599;2841967.662;C
1.13.2-1;-16.43154417;-71.50049804;-1945358.416;2841957.298;C
1.13.2-1;-16.43148805;-71.50082879;-1945347.641;2841920.532;C
1.13.2-1;-16.43167531;-71.50085121;-1945369.357;2841915.537;C
1.13.2-1;-16.43170957;-71.50031528;-1945380.158;2841975.853;C
1.13.2-1;-16.43071834;-71.5002534;-1945264.489;2841995.856;C
1.13.2-2; ; ;-1.516416327;20763369.87;C
1.13.2-2;-16.43073275;-71.50021791;-1945266.63;2841999.691;C
1.13.2-2;-16.4316815;-71.50027809;-1945377.331;2841980.438;C
1.13.2-2;-16.43169995;-71.49998018;-1945383.265;2842013.975;C
1.13.2-2;-16.43101398;-71.49992407;-1945303.386;2842029.323;C
1.13.2-3; ; ;-1.516416327;20763369.87;C
1.13.2-3;-16.43112768;-71.49989049;-1945317.167;2842031.641;C
1.13.2-3;-16.43169751;-71.49993566;-1945383.542;2842019.054;C
1.13.2-3;-16.43159205;-71.49961314;-1945375.23;2842057.004;C
1.13.2-3;-16.43114825;-71.49958336;-1945323.468;2842066.195;C
1.13.2-4; ; ;-1.516416327;20763369.87;C
1.13.2-4;-16.4307424;-71.50004719;-1945269.923;2842018.921;C
1.13.2-4;-16.43079424;-71.50006684;-1945275.764;2842016.014;C
1.13.2-4;-16.43105559;-71.49972908;-1945310.739;2842050.887;C
1.13.2-4;-16.43108716;-71.49963204;-1945315.675;2842061.476;C
1.13.2-4;-16.43108352;-71.49959276;-1945315.744;2842065.978;C
1.13.2-4;-16.43068642;-71.49956548;-1945269.436;2842074.273;C
1.13.2-4;-16.43073406;-71.49984672;-1945271.478;2842041.761;C
1.13.2-5; ; ;-1.516416327;20763369.87;C
1.13.2-5;-16.43085986;-71.49923864;-1945293.945;2842109.059;C
1.13.2-5;-16.43059372;-71.4992131;-1945263.002;2842115.442;C
1.13.2-5;-16.43065666;-71.49951871;-1945266.532;2842079.966;C
1.13.2-5;-16.4310782;-71.49954793;-1945315.685;2842071.13;C
1.13.2-5;-16.43110307;-71.49923807;-1945322.526;2842105.937;C
1.13.2-6; ; ;-1.516416327;20763369.87;C
1.13.2-6;-16.43114048;-71.49955988;-1945322.851;2842068.959;C
1.13.2-6;-16.43158306;-71.49958584;-1945374.519;2842060.217;C
1.13.2-6;-16.43149759;-71.49927848;-1945368.364;2842096.187;C
1.13.2-6;-16.43114581;-71.49926193;-1945327.245;2842102.672;C
1.13.2-7; ; ;-1.516416327;20763369.87;C
1.13.2-7;-16.4311692;-71.49922277;-1945330.488;2842106.806;C
1.13.2-7;-16.43148003;-71.49923422;-1945366.861;2842101.435;C
1.13.2-7;-16.43143355;-71.49911387;-1945362.922;2842115.69;C
1.13.2-7;-16.43125492;-71.49857826;-1945348.709;2842178.759;C
1.13.2-7;-16.43114562;-71.49856272;-1945336.064;2842181.954;C
1.13.2-8; ; ;-1.516416327;20763369.87;C
1.13.2-8;-16.43057183;-71.49918367;-1945260.801;2842119.065;C
1.13.2-8;-16.43110905;-71.49921125;-1945323.567;2842108.9;C
1.13.2-8;-16.43113152;-71.49891205;-1945329.991;2842142.529;C
1.13.2-8;-16.4305773;-71.49888266;-1945265.251;2842153.123;C
1.13.2-9; ; ;-1.516416327;20763369.87;C
1.13.2-9;-16.43058077;-71.49884079;-1945266.188;2842157.825;C
1.13.2-9;-16.43112885;-71.49887744;-1945330.114;2842146.489;C
1.13.2-9;-16.43115284;-71.49857972;-1945336.698;2842179.931;C
1.13.2-9;-16.43058282;-71.49853905;-1945270.244;2842192.012;C
1.13.2-10; ; ;-1.516416327;20763369.87;C
1.13.2-10;-16.43058824;-71.4985013;-1945271.358;2842196.22;C
1.13.2-10;-16.43117248;-71.49852501;-1945339.697;2842185.878;C
1.13.2-10;-16.43119031;-71.49828573;-1945344.817;2842212.774;C
1.13.2-10;-16.43112339;-71.49814896;-1945338.684;2842229.159;C
1.13.2-10;-16.43059779;-71.49813083;-1945277.165;2842238.101;C
1.13.2-11; ; ;-1.516416327;20763369.87;C
1.13.2-11;-16.43059242;-71.49809881;-1945276.938;2842241.802;C
1.13.2-11;-16.43110134;-71.49812448;-1945336.403;2842232.223;C
1.13.2-11;-16.43097179;-71.49795687;-1945323.303;2842252.925;C
1.13.2-11;-16.43092031;-71.49785767;-1945318.51;2842264.847;C
1.13.2-11;-16.43088725;-71.49775627;-1945315.908;2842276.778;C
1.13.2-11;-16.43087197;-71.49768524;-1945315.011;2842285.031;C
1.13.2-11;-16.43063704;-71.49777334;-1945286.296;2842278.121;C
1.13.2-12; ; ;-1.516416327;20763369.87;C
1.13.2-12;-16.43021617;-71.49640872;-1945254.107;2842438.363;C
1.13.2-12;-16.4302772;-71.49678674;-1945256.496;2842394.701;C
1.13.2-12;-16.43029083;-71.49683882;-1945257.439;2842388.618;C
1.13.2-12;-16.43025599;-71.49691601;-1945252.37;2842380.322;C
1.13.2-12;-16.43030806;-71.49700779;-1945257.327;2842369.233;C
1.13.2-12;-16.43058931;-71.49689754;-1945291.764;2842378.049;C
1.13.2-12;-16.4302328;-71.49603307;-1945260.811;2842480.74;C
1.13.2-12;-16.43014226;-71.49606206;-1945249.807;2842478.639;C
1.13.2-15; ; ;-1.516416327;20763369.87;C
1.13.2-15;-16.43164406;-71.49957441;-1945381.83;2842060.714;C
1.13.2-15;-16.43167317;-71.49967982;-1945383.917;2842048.381;C
1.13.2-15;-16.43174488;-71.49987344;-1945389.893;2842025.488;C
1.13.2-15;-16.43203628;-71.49925072;-1945432.002;2842092.276;C
1.13.2-15;-16.43155885;-71.49927257;-1945375.636;2842096.054;C
1.13.2-127; ; ;-1.516416327;20763369.87;C
1.13.2-127;-16.43137749;-71.4987233;-1945361.275;2842160.708;C
1.13.2-127;-16.431873;-71.49852546;-1945421.991;2842176.647;C
1.13.2-127;-16.43174226;-71.49816537;-1945411.184;2842219.189;C
1.13.2-127;-16.43141387;-71.49828593;-1945371.079;2842209.823;C
1.13.2-127;-16.43132882;-71.49808231;-1945363.662;2842234.024;C
1.13.2-127;-16.43117672;-71.49814618;-1945344.986;2842228.775;C
1.13.2-128; ; ;-1.516416327;20763369.87;C
1.13.2-128;-16.43190852;-71.49856028;-1945425.724;2842172.235;C
1.13.2-128;-16.43139474;-71.49876834;-1945362.732;2842155.376;C
1.13.2-128;-16.43147089;-71.49892086;-1945369.749;2842137.085;C
1.13.2-128;-16.431981;-71.49875578;-1945431.767;2842149.119;C
1.13.2-129; ; ;-1.516416327;20763369.87;C
1.13.2-129;-16.43189941;-71.49844378;-1945426.126;2842185.563;C
1.13.2-129;-16.4321072;-71.49835185;-1945451.7;2842193.264;C
1.13.2-129;-16.43192836;-71.49806018;-1945434.379;2842228.677;C
1.13.2-129;-16.43177462;-71.49812036;-1945415.555;2842223.868;C
1.13.2-130; ; ;-1.516416327;20763369.87;C
1.13.2-130;-16.43192286;-71.4980451;-1945433.923;2842230.459;C
1.13.2-130;-16.43186169;-71.49782234;-1945429.553;2842256.518;C
1.13.2-130;-16.43173371;-71.49787291;-1945413.879;2842252.461;C
1.13.2-130;-16.43174644;-71.4979467;-1945414.44;2842243.928;C
1.13.2-130;-16.43142944;-71.49802103;-1945376.259;2842239.654;C
1.13.2-130;-16.43148677;-71.49819167;-1945380.836;2842219.555;C
1.13.2-132; ; ;-1.516416327;20763369.87;C
1.13.2-132;-16.43085548;-71.49761622;-1945313.946;2842293.074;C
1.13.2-132;-16.43080846;-71.4974261;-1945310.827;2842315.246;C
1.13.2-132;-16.43078282;-71.49728833;-1945309.556;2842331.204;C
1.13.2-132;-16.43074725;-71.4971991;-1945306.506;2842341.788;C
1.13.2-132;-16.43062527;-71.4969151;-1945295.766;2842375.587;C
1.13.2-132;-16.43039317;-71.49705084;-1945266.781;2842363.237;C
1.13.2-132;-16.43035203;-71.49724263;-1945259.523;2842342.03;C
1.13.2-132;-16.43039701;-71.49737097;-1945263.185;2842326.888;C
1.13.2-132;-16.43044868;-71.49748236;-1945267.846;2842313.581;C
1.13.2-132;-16.43062593;-71.49742306;-1945289.42;2842317.983;C
1.13.2-132;-16.43070755;-71.49766552;-1945295.943;2842289.422;C
1.13.2-133; ; ;-1.516416327;20763369.87;C
1.13.2-133;-16.43059241;-71.49581478;-1945305.82;2842500.778;C
1.13.2-133;-16.43036088;-71.4951633;-1945286.858;2842577.682;C
1.13.2-133;-16.43016207;-71.49516562;-1945263.472;2842580.024;C
1.13.2-133;-16.43013569;-71.49502751;-1945262.119;2842596.03;C
1.13.2-133;-16.42997398;-71.49503958;-1945242.968;2842596.78;C
1.13.2-133;-16.43003773;-71.49546763;-1945245.044;2842547.409;C
1.13.2-133;-16.43019938;-71.49595604;-1945257.859;2842489.911;C
1.13.2-134; ; ;-1.516416327;20763369.87;C
1.13.2-134;-16.43253672;-71.4994953;-1945487.702;2842057.988;C
1.13.2-134;-16.43208161;-71.49926907;-1945437.096;2842089.602;C
1.13.2-134;-16.43199285;-71.49947619;-1945424.049;2842067.28;C
1.13.2-134;-16.43189811;-71.49967127;-1945410.452;2842046.403;C
1.13.2-134;-16.43234777;-71.49990604;-1945460.311;2842013.893;C
1.13.3-1; ; ;-1.516416327;20763369.87;C
1.13.3-1;-16.43270048;-71.49875595;-1945516.291;2842139.672;C
1.13.3-1;-16.43271364;-71.49876982;-1945517.661;2842137.927;C
1.13.3-1;-16.43274365;-71.49874894;-1945521.451;2842139.901;C
1.13.3-1;-16.43273312;-71.49873116;-1945520.439;2842142.054;C
1.13.3-2; ; ;-1.516416327;20763369.87;C
1.13.3-2;-16.43242415;-71.49870791;-1945484.435;2842148.739;C
1.13.3-2;-16.43260441;-71.49872036;-1945505.455;2842144.966;C
1.13.3-2;-16.43271977;-71.49873074;-1945518.876;2842142.277;C
1.13.3-2;-16.43279779;-71.49860125;-1945529.68;2842155.937;C
1.13.3-2;-16.43290255;-71.49844139;-1945544.008;2842172.69;C
1.13.3-2;-16.43230265;-71.49846258;-1945473.262;2842178.148;C
1.13.3-3; ; ;-1.516416327;20763369.87;C
1.13.3-3;-16.43288694;-71.49801406;-1945547.579;2842221.346;C
1.13.3-3;-16.43263795;-71.49801483;-1945518.317;2842224.521;C
1.13.3-3;-16.43226004;-71.49833469;-1945469.874;2842193.207;C
1.13.3-3;-16.43228731;-71.49838437;-1945472.45;2842187.216;C
1.13.3-3;-16.43290257;-71.49837446;-1945544.858;2842180.277;C
1.13.3-3;-16.43289311;-71.49821525;-1945545.759;2842198.453;C
1.13.3-4; ; ;-1.516416327;20763369.87;C
1.13.3-4;-16.43292826;-71.49818292;-1945550.297;2842201.659;C
1.13.3-4;-16.4329214;-71.49836803;-1945547.151;2842180.76;C
1.13.3-4;-16.43301183;-71.49836391;-1945557.827;2842180.042;C
1.13.3-4;-16.43310152;-71.49818391;-1945570.64;2842199.276;C
1.13.3-4;-16.43313218;-71.49801941;-1945576.324;2842217.526;C
1.13.3-4;-16.43291623;-71.49802632;-1945550.865;2842219.572;C
1.13.3-5; ; ;-1.516416327;20763369.87;C
1.13.3-5;-16.43306235;-71.49756631;-1945573.849;2842269.815;C
1.13.3-5;-16.43298172;-71.49763967;-1945563.449;2842262.553;C
1.13.3-5;-16.43295619;-71.49766896;-1945560.079;2842259.567;C
1.13.3-5;-16.43294704;-71.49771333;-1945558.443;2842254.656;C
1.13.3-5;-16.4331685;-71.49794192;-1945581.57;2842225.836;C
1.13.3-5;-16.43328548;-71.49782395;-1945596.806;2842237.679;C
1.13.3-6; ; ;-1.516416327;20763369.87;C
1.13.3-6;-16.43199099;-71.49802118;-1945442.23;2842232.279;C
1.13.3-6;-16.43213008;-71.49816138;-1945456.797;2842214.56;C
1.13.3-6;-16.43220882;-71.4983087;-1945464.185;2842196.825;C
1.13.3-6;-16.43254312;-71.49799426;-1945507.436;2842228.097;C
1.13.3-6;-16.43285573;-71.4977014;-1945547.866;2842257.205;C
1.13.3-6;-16.43263016;-71.49744435;-1945524.616;2842289.307;C
1.13.3-7; ; ;-1.516416327;20763369.87;C
1.13.3-7;-16.43289856;-71.49764448;-1945553.618;2842263.098;C
1.13.3-7;-16.43306286;-71.49744626;-1945575.427;2842283.419;C
1.13.3-7;-16.4333447;-71.49713498;-1945612.476;2842315.021;C
1.13.3-7;-16.43312385;-71.49687366;-1945589.835;2842347.544;C
1.13.3-7;-16.43265368;-71.49739037;-1945528.063;2842295.119;C
1.13.3-8; ; ;-1.516416327;20763369.87;C
1.13.3-8;-16.43240554;-71.49708334;-1945502.793;2842333.183;C
1.13.3-8;-16.43261638;-71.49732279;-1945524.534;2842303.27;C
1.13.3-8;-16.43264506;-71.49731554;-1945527.996;2842303.716;C
1.13.3-8;-16.43267242;-71.497284;-1945531.609;2842306.934;C
1.13.3-8;-16.4330435;-71.49685471;-1945580.634;2842350.745;C
1.13.3-8;-16.43290967;-71.4964961;-1945569.448;2842393.16;C
1.13.3-8;-16.43244149;-71.49703584;-1945507.617;2842338.097;C
1.13.3-9; ; ;-1.516416327;20763369.87;C
1.13.3-9;-16.43188253;-71.49756815;-1945435.216;2842285.066;C
1.13.3-9;-16.43199219;-71.49792673;-1945443.565;2842242.972;C
1.13.3-9;-16.43248881;-71.49747903;-1945507.571;2842287.227;C
1.13.3-9;-16.43258311;-71.49738848;-1945519.796;2842296.258;C
1.13.3-9;-16.43236663;-71.49713602;-1945497.555;2842327.719;C
1.13.3-9;-16.43220119;-71.49728946;-1945476.179;2842312.49;C
1.13.3-10; ; ;-1.516416327;20763369.87;C
1.13.3-10;-16.43187005;-71.49746461;-1945435.06;2842296.969;C
1.13.3-10;-16.43194555;-71.49739604;-1945444.796;2842303.755;C
1.13.3-10;-16.43195674;-71.49739629;-1945446.108;2842303.58;C
1.13.3-10;-16.43222348;-71.4971403;-1945480.684;2842329.111;C
1.13.3-10;-16.43259708;-71.49673903;-1945529.651;2842369.712;C
1.13.3-10;-16.43284574;-71.49643659;-1945562.689;2842400.745;C
1.13.3-10;-16.43272666;-71.49630905;-1945550.312;2842416.767;C
1.13.3-10;-16.4326512;-71.49641412;-1945540.118;2842405.843;C
1.13.3-10;-16.43240233;-71.49669775;-1945507.292;2842376.945;C
1.13.3-10;-16.43229241;-71.49680916;-1945492.969;2842365.753;C
1.13.3-10;-16.43211702;-71.49699157;-1945470.056;2842347.369;C
1.13.3-10;-16.4317997;-71.49734439;-1945428.314;2842311.523;C
1.13.3-11; ; ;-1.516416327;20763369.87;C
1.13.3-11;-16.43307775;-71.49755076;-1945575.856;2842271.376;C
1.13.3-11;-16.43319581;-71.49767792;-1945588.117;2842255.411;C
1.13.3-11;-16.43341565;-71.49741414;-1945617.281;2842282.439;C
1.13.3-11;-16.43335787;-71.49735705;-1945611.215;2842289.669;C
1.13.3-11;-16.43346971;-71.49723774;-1945625.863;2842301.731;C
1.13.3-11;-16.43340869;-71.49717466;-1945619.492;2842309.683;C
1.13.3-11;-16.4332098;-71.49739682;-1945593.316;2842287.1;C
1.13.3-12; ; ;-1.516416327;20763369.87;C
1.13.3-12;-16.43276693;-71.49625717;-1945555.699;2842422.121;C
1.13.3-12;-16.43288295;-71.49639722;-1945567.558;2842404.722;C
1.13.3-12;-16.43299505;-71.49626529;-1945582.397;2842418.212;C
1.13.3-12;-16.43292861;-71.49605172;-1945577.293;2842443.298;C
1.13.3-13; ; ;-1.516416327;20763369.87;C
1.13.3-13;-16.43146877;-71.49580183;-1945408.944;2842490.763;C
1.13.3-13;-16.43158028;-71.49601015;-1945419.41;2842465.681;C
1.13.3-13;-16.43172291;-71.49631359;-1945432.329;2842429.406;C
1.13.3-13;-16.43147782;-71.49644485;-1945401.875;2842417.735;C
1.13.3-13;-16.43151193;-71.49667944;-1945402.916;2842390.689;C
1.13.3-13;-16.43174991;-71.49727864;-1945423.297;2842319.631;C
1.13.3-13;-16.43221049;-71.49681068;-1945483.326;2842366.654;C
1.13.3-13;-16.43175347;-71.49598258;-1945440.106;2842466.537;C
1.13.3-13;-16.43158271;-71.49568425;-1945423.818;2842502.601;C
1.13.3-13;-16.43151761;-71.49562492;-1945416.92;2842510.182;C
1.13.3-13;-16.43182849;-71.49531631;-1945457.347;2842541.1;C
1.13.3-13;-16.43171482;-71.49518387;-1945445.666;2842557.606;C
1.13.3-13;-16.43136095;-71.49552709;-1945399.752;2842523.327;C
1.13.3-39; ; ;-1.516416327;20763369.87;C
1.13.3-39;-16.4330702;-71.49679626;-1945584.511;2842357.023;C
1.13.3-39;-16.43317217;-71.49683159;-1945596.044;2842351.681;C
1.13.3-39;-16.43344841;-71.497136;-1945624.647;2842313.546;C
1.13.3-39;-16.43343986;-71.49696613;-1945625.791;2842332.918;C
1.13.3-39;-16.43353018;-71.49691311;-1945637.073;2842337.746;C
1.13.3-39;-16.43347589;-71.4967531;-1945632.719;2842356.601;C
1.13.3-39;-16.43360864;-71.49674642;-1945648.399;2842355.617;C
1.13.3-39;-16.43361425;-71.49660127;-1945650.894;2842372.002;C
1.13.3-39;-16.43328608;-71.49646192;-1945614.102;2842392.103;C
1.13.3-39;-16.43311364;-71.49644954;-1945593.999;2842395.766;C
1.13.3-39;-16.43296108;-71.49649908;-1945575.45;2842392.148;C
1.13.3-40; ; ;-1.516416327;20763369.87;C
1.13.3-40;-16.43291606;-71.49639743;-1945571.445;2842404.264;C
1.13.3-40;-16.43294924;-71.49647816;-1945574.322;2842394.676;C
1.13.3-40;-16.4330526;-71.49643304;-1945587.036;2842398.437;C
1.13.3-40;-16.43300755;-71.49628825;-1945583.575;2842415.444;C
1.13.3-78; ; ;-1.516416327;20763369.87;C
1.13.3-78;-16.4319639;-71.49627747;-1945461.098;2842430.344;C
1.13.3-78;-16.43215198;-71.49660499;-1945479.053;2842390.744;C
1.13.3-78;-16.43219039;-71.49657363;-1945483.963;2842393.796;C
1.13.3-78;-16.43269368;-71.49596202;-1945550.827;2842456.547;C
1.13.3-78;-16.43246664;-71.49572835;-1945527.108;2842486.018;C
1.13.3-80; ; ;-1.516416327;20763369.87;C
1.13.3-80;-16.43128346;-71.49520399;-1945394.734;2842560.978;C
1.13.3-80;-16.43116595;-71.49520476;-1945380.918;2842562.431;C
1.13.3-80;-16.4310957;-71.49524766;-1945372.122;2842558.487;C
1.13.3-80;-16.43122907;-71.49552659;-1945384.264;2842525.112;C
1.13.3-80;-16.43136719;-71.49545151;-1945401.441;2842531.816;C
1.13.3-81; ; ;-1.516416327;20763369.87;C
1.13.3-81;-16.4329421;-71.49603352;-1945579.108;2842445.184;C
1.13.3-81;-16.43282788;-71.49583862;-1945568.154;2842468.78;C
1.13.3-81;-16.43271164;-71.49564521;-1945556.943;2842492.233;C
1.13.3-81;-16.43261398;-71.4955055;-1945547.237;2842509.354;C
1.13.3-81;-16.43248055;-71.4956373;-1945529.894;2842496.158;C
1.13.3-81;-16.43259665;-71.49575115;-1945542.094;2842481.728;C
1.13.3-81;-16.43275281;-71.49594246;-1945558.021;2842457.99;C
1.13.3-81;-16.43289461;-71.49608336;-1945572.898;2842440.156;C
1.13.4-1; ; ;-1.516416327;20763369.87;C
1.13.4-1;-16.42962438;-71.49257504;-1945233.064;2842880.811;C
1.13.4-1;-16.42961849;-71.49246993;-1945233.702;2842892.807;C
1.13.4-1;-16.42947268;-71.49247911;-1945216.455;2842893.677;C
1.13.4-1;-16.42945336;-71.49267652;-1945211.688;2842871.546;C
1.13.4-1;-16.42953126;-71.49270028;-1945220.54;2842867.831;C
1.13.4-2; ; ;-1.516416327;20763369.87;C
1.13.4-2;-16.42961421;-71.49239985;-1945234.086;2842900.809;C
1.13.4-2;-16.42946309;-71.49198009;-1945221.64;2842950.385;C
1.13.4-2;-16.42940778;-71.49179882;-1945217.435;2842971.665;C
1.13.4-2;-16.42942485;-71.49152179;-1945222.944;2843002.853;C
1.13.4-2;-16.42927847;-71.49149839;-1945206.043;2843007.426;C
1.13.4-2;-16.42923188;-71.49172195;-1945197.741;2842982.686;C
1.13.4-2;-16.42923973;-71.49184269;-1945197.136;2842968.893;C
1.13.4-2;-16.4292738;-71.49197451;-1945199.471;2842953.499;C
1.13.4-2;-16.42942133;-71.49242314;-1945211.129;2842900.696;C
1.13.4-3; ; ;-1.516416327;20763369.87;C
1.13.4-3;-16.42940883;-71.49148635;-1945221.511;2843007.081;C
1.13.4-3;-16.42942775;-71.49140111;-1945224.811;2843016.499;C
1.13.4-3;-16.42944706;-71.49132475;-1945228.046;2843024.905;C
1.13.4-3;-16.42948199;-71.49119456;-1945233.796;2843039.21;C
1.13.4-3;-16.42950885;-71.49110668;-1945238.064;2843048.822;C
1.13.4-3;-16.4295424;-71.49096281;-1945243.826;2843064.696;C
1.13.4-3;-16.42937964;-71.49091849;-1945225.263;2843071.854;C
1.13.4-3;-16.42931505;-71.49111557;-1945215.182;2843050.354;C
1.13.4-3;-16.4292915;-71.49122657;-1945211.011;2843038.077;C
1.13.4-3;-16.42926702;-71.4914477;-1945205.338;2843013.323;C
1.13.4-4; ; ;-1.516416327;20763369.87;C
1.13.4-4;-16.42856678;-71.49063213;-1945133.384;2843114.978;C
1.13.4-4;-16.42840586;-71.49062137;-1945114.614;2843118.308;C
1.13.4-4;-16.42833307;-71.49063251;-1945105.921;2843117.998;C
1.13.4-4;-16.42821237;-71.49063223;-1945091.743;2843119.612;C
1.13.4-4;-16.42804799;-71.49060504;-1945072.774;2843124.849;C
1.13.4-4;-16.42799986;-71.490813;-1945064.489;2843101.899;C
1.13.4-4;-16.42815613;-71.49093084;-1945081.359;2843086.49;C
1.13.4-4;-16.42819263;-71.49093826;-1945085.553;2843085.17;C
1.13.4-4;-16.42822005;-71.4909311;-1945088.865;2843085.622;C
1.13.4-4;-16.4282411;-71.49092041;-1945091.474;2843086.559;C
1.13.4-4;-16.42854371;-71.49093348;-1945126.861;2843081.111;C
1.13.4-4;-16.42902101;-71.49111443;-1945180.651;2843054.337;C
1.13.4-4;-16.42911014;-71.4909094;-1945193.716;2843076.417;C
1.13.4-4;-16.42913473;-71.49083536;-1945197.54;2843084.49;C
1.13.4-4;-16.42867453;-71.49064979;-1945145.82;2843111.564;C
1.13.4-5; ; ;-1.516416327;20763369.87;C
1.13.4-5;-16.4289728;-71.49117122;-1945174.268;2843048.53;C
1.13.4-5;-16.42882068;-71.49109587;-1945157.348;2843059.067;C
1.13.4-5;-16.42860646;-71.4913244;-1945129.289;2843035.962;C
1.13.4-5;-16.42870579;-71.49138183;-1945140.233;2843028.148;C
1.13.4-5;-16.42891631;-71.49147269;-1945163.817;2843015.086;C
1.13.4-5;-16.42916685;-71.49152414;-1945192.602;2843005.968;C
1.13.4-5;-16.42924008;-71.49122215;-1945205.025;2843039.251;C
1.13.4-5;-16.42912842;-71.49120882;-1945192.076;2843042.227;C
1.13.4-6; ; ;-1.516416327;20763369.87;C
1.13.4-6;-16.42896214;-71.49196248;-1945163.007;2842958.948;C
1.13.4-6;-16.42916145;-71.49189088;-1945187.329;2842964.454;C
1.13.4-6;-16.42917369;-71.49181535;-1945189.722;2842972.858;C
1.13.4-6;-16.42917718;-71.4917356;-1945191.141;2842981.855;C
1.13.4-6;-16.42919129;-71.49160396;-1945194.464;2842996.597;C
1.13.4-6;-16.42913859;-71.4915707;-1945188.693;2843001.059;C
1.13.4-6;-16.4288942;-71.4915457;-1945160.297;2843007.097;C
1.13.4-6;-16.42886553;-71.49157775;-1945156.522;2843003.839;C
1.13.4-6;-16.42878786;-71.49170632;-1945145.771;2842990.278;C
1.13.4-6;-16.42896419;-71.49175804;-1945165.833;2842982.103;C
1.13.4-6;-16.42895633;-71.49180734;-1945164.286;2842976.616;C
1.13.4-6;-16.4285733;-71.4919188;-1945117.875;2842968.997;C
1.13.4-6;-16.42859401;-71.49206977;-1945118.399;2842951.607;C
1.13.4-7; ; ;-1.516416327;20763369.87;C
1.13.4-7;-16.42903196;-71.49201531;-1945170.542;2842952.043;C
1.13.4-7;-16.42895328;-71.4920351;-1945161.047;2842950.829;C
1.13.4-7;-16.42864232;-71.49212953;-1945123.319;2842944.197;C
1.13.4-7;-16.42870381;-71.49222545;-1945129.33;2842932.515;C
1.13.4-7;-16.42903229;-71.49256807;-1945163.589;2842889.361;C
1.13.4-7;-16.42922816;-71.4927219;-1945184.656;2842869.352;C
1.13.4-7;-16.42927942;-71.49261299;-1945192.056;2842881.028;C
1.13.4-7;-16.42941324;-71.49256387;-1945208.399;2842884.844;C
1.13.4-7;-16.42934203;-71.49236843;-1945202.505;2842907.938;C
1.13.4-7;-16.42928393;-71.49217492;-1945198.126;2842930.642;C
1.13.4-7;-16.42921748;-71.49196151;-1945193.018;2842955.711;C
1.13.4-8; ; ;-1.516416327;20763369.87;C
1.13.4-8;-16.42759845;-71.4906674;-1945019.169;2843123.671;C
1.13.4-8;-16.4279102;-71.49077567;-1945054.427;2843107.307;C
1.13.4-8;-16.42797058;-71.49060178;-1945063.721;2843126.233;C
1.13.4-8;-16.42763676;-71.49051285;-1945025.624;2843140.692;C
1.13.4-15; ; ;-1.516416327;20763369.87;C
1.13.4-15;-16.42987255;-71.49014541;-1945292.954;2843153.053;C
1.13.4-15;-16.43001385;-71.48998382;-1945311.599;2843169.525;C
1.13.4-15;-16.42988652;-71.48984584;-1945298.386;2843186.839;C
1.13.4-15;-16.42979199;-71.48992788;-1945286.241;2843178.775;C
1.13.4-15;-16.429727;-71.49001176;-1945277.545;2843170.117;C
1.13.4-15;-16.42962743;-71.49019783;-1945263.493;2843150.323;C
1.13.4-15;-16.42941528;-71.49089905;-1945229.697;2843073.591;C
1.13.4-15;-16.42958008;-71.49094337;-1945248.498;2843066.406;C
1.13.4-15;-16.42979558;-71.49032476;-1945281.642;2843133.726;C
1.13.4-16; ; ;-1.516416327;20763369.87;C
1.13.4-16;-16.43071997;-71.48987664;-1945395.918;2843172.422;C
1.13.4-16;-16.43073989;-71.48970326;-1945400.452;2843191.82;C
1.13.4-16;-16.43032502;-71.48965443;-1945352.326;2843202.796;C
1.13.4-16;-16.43019255;-71.48966213;-1945336.664;2843203.659;C
1.13.4-16;-16.42997963;-71.48976351;-1945310.366;2843194.954;C
1.13.4-16;-16.43008458;-71.48997473;-1945320.025;2843169.628;C
1.13.4-16;-16.43032814;-71.48992558;-1945349.263;2843172.009;C
1.13.56-13; ; ;-1.516416327;20763369.87;C
1.13.56-13;-16.42751331;-71.49179096;-1944994.955;2842997.383;C
1.13.56-13;-16.42770378;-71.49222791;-1945011.807;2842945.342;C
1.13.56-13;-16.42805372;-71.49160227;-1945060.834;2843011.698;C
1.13.56-13;-16.42781991;-71.49124767;-1945037.849;2843054.969;C
1.13.56-14; ; ;-1.516416327;20763369.87;C
1.13.56-14;-16.42772563;-71.49249087;-1945011.048;2842915.237;C
1.13.56-14;-16.42843466;-71.49226687;-1945097.185;2842931.345;C
1.13.56-14;-16.42830366;-71.49198496;-1945085.359;2842965.028;C
1.13.56-14;-16.42810135;-71.49165345;-1945065.783;2843005.27;C
1.13.56-14;-16.42773023;-71.49233521;-1945013.557;2842932.828;C
1.13.56-15; ; ;-1.516416327;20763369.87;C
1.13.56-15;-16.42768981;-71.4925633;-1945005.925;2842907.495;C
1.13.56-15;-16.42772632;-71.49269477;-1945008.551;2842892.108;C
1.13.56-15;-16.42781195;-71.49290398;-1945015.966;2842867.264;C
1.13.56-15;-16.42818483;-71.49281378;-1945060.915;2842872.606;C
1.13.56-15;-16.4280927;-71.49246083;-1945054.555;2842913.833;C
1.13.56-16; ; ;-1.516416327;20763369.87;C
1.13.56-16;-16.42811605;-71.49242465;-1945057.756;2842917.63;C
1.13.56-16;-16.42820662;-71.49279709;-1945063.686;2842874.213;C
1.13.56-16;-16.42869095;-71.49265284;-1945122.414;2842884.222;C
1.13.56-16;-16.42858354;-71.49247775;-1945112.009;2842905.483;C
1.13.56-16;-16.42847624;-71.4923201;-1945101.396;2842924.765;C
1.13.56-17; ; ;-1.516416327;20763369.87;C
1.13.56-17;-16.4282389;-71.49286712;-1945066.593;2842865.848;C
1.13.56-17;-16.42833514;-71.49334582;-1945071.846;2842810.308;C
1.13.56-17;-16.42879853;-71.49325782;-1945127.401;2842814.214;C
1.13.56-17;-16.42876565;-71.49296467;-1945127.246;2842847.885;C
1.13.56-17;-16.42871363;-71.49274855;-1945123.868;2842873.072;C
1.13.56-18; ; ;-1.516416327;20763369.87;C
1.13.56-18;-16.42879735;-71.49332133;-1945126.46;2842807.027;C
1.13.56-18;-16.42837057;-71.49341322;-1945075.156;2842802.201;C
1.13.56-18;-16.4284408;-71.4936965;-1945079.825;2842769.16;C
1.13.56-18;-16.4287839;-71.49364059;-1945120.841;2842771.003;C
1.13.56-19; ; ;-1.516416327;20763369.87;C
1.13.56-19;-16.42844604;-71.49372628;-1945080.064;2842765.714;C
1.13.56-19;-16.42852094;-71.49413086;-1945083.747;2842718.858;C
1.13.56-19;-16.42876321;-71.49408223;-1945112.825;2842721.197;C
1.13.56-19;-16.42878694;-71.49366902;-1945120.84;2842767.74;C
1.13.56-20; ; ;-1.516416327;20763369.87;C
1.13.56-20;-16.42785133;-71.49355475;-1945012.362;2842792.958;C
1.13.56-20;-16.42800819;-71.49424562;-1945022.054;2842712.564;C
1.13.56-20;-16.42847953;-71.49414783;-1945078.667;2842717.476;C
1.13.56-20;-16.42832426;-71.493453;-1945069.213;2842798.297;C
1.13.56-21; ; ;-1.516416327;20763369.87;C
1.13.56-21;-16.42772931;-71.49301299;-1945004.878;2842855.986;C
1.13.56-21;-16.42783134;-71.49347492;-1945011.024;2842802.27;C
1.13.56-21;-16.42828552;-71.49337585;-1945065.636;2842807.553;C
1.13.56-21;-16.42818439;-71.49290252;-1945059.741;2842862.549;C
1.13.56-22; ; ;-1.516416327;20763369.87;C
1.13.56-22;-16.42718509;-71.49315254;-1944939.174;2842847.293;C
1.13.56-22;-16.42748859;-71.49437842;-1944959.329;2842704.314;C
1.13.56-22;-16.42794847;-71.49426475;-1945014.796;2842711.177;C
1.13.56-22;-16.42765766;-71.49304679;-1944996.032;2842853.093;C
1.13.56-23; ; ;-1.516416327;20763369.87;C
1.13.56-23;-16.42751491;-71.49446529;-1944961.323;2842694.119;C
1.13.56-23;-16.42766406;-71.49513776;-1944970.342;2842615.914;C
1.13.56-23;-16.42809377;-71.49503628;-1945022.11;2842621.79;C
1.13.56-23;-16.42797093;-71.49435729;-1945016.264;2842700.39;C
1.13.56-24; ; ;-1.516416327;20763369.87;C
1.13.56-24;-16.4280456;-71.49432042;-1945025.504;2842703.592;C
1.13.56-24;-16.42810262;-71.49463488;-1945028.226;2842667.189;C
1.13.56-24;-16.42870975;-71.49451475;-1945101.075;2842672.855;C
1.13.56-24;-16.42876493;-71.49417535;-1945111.85;2842710.616;C
1.13.56-25; ; ;-1.516416327;20763369.87;C
1.13.56-25;-16.42810544;-71.49469497;-1945027.798;2842660.339;C
1.13.56-25;-16.42817769;-71.49501896;-1945032.188;2842622.655;C
1.13.56-25;-16.428624;-71.4949344;-1945085.694;2842626.395;C
1.13.56-25;-16.42867382;-71.49457667;-1945096.07;2842666.305;C
1.13.56-26; ; ;-1.516416327;20763369.87;C
1.13.56-26;-16.42820236;-71.49510538;-1945033.994;2842612.533;C
1.13.56-26;-16.4283384;-71.49567038;-1945042.832;2842546.685;C
1.13.56-26;-16.42870737;-71.4955913;-1945087.181;2842550.818;C
1.13.56-26;-16.42864097;-71.49528704;-1945083.228;2842586.188;C
1.13.56-26;-16.42859685;-71.4950153;-1945081.481;2842617.577;C
1.13.56-27; ; ;-1.516416327;20763369.87;C
1.13.56-27;-16.4283477;-71.49573228;-1945043.142;2842539.546;C
1.13.56-27;-16.42848906;-71.49630676;-1945052.486;2842472.554;C
1.13.56-27;-16.42890482;-71.49621315;-1945102.516;2842477.721;C
1.13.56-27;-16.42876675;-71.49565176;-1945093.393;2842543.185;C
1.13.56-28; ; ;-1.516416327;20763369.87;C
1.13.56-28;-16.42767768;-71.49523147;-1944970.757;2842605.11;C
1.13.56-28;-16.42796878;-71.49648507;-1944989.107;2842459.152;C
1.13.56-28;-16.42843259;-71.49637337;-1945045.009;2842465.741;C
1.13.56-28;-16.42812463;-71.49511584;-1945024.73;2842612.365;C
1.13.56-29; ; ;-1.516416327;20763369.87;C
1.13.56-29;-16.42798214;-71.49657466;-1944989.543;2842448.819;C
1.13.56-29;-16.42827326;-71.4977774;-1945008.538;2842308.63;C
1.13.56-29;-16.42829524;-71.49778623;-1945011.009;2842307.341;C
1.13.56-29;-16.4287335;-71.49767845;-1945063.86;2842313.819;C
1.13.56-29;-16.42857335;-71.49696939;-1945054.01;2842396.316;C
1.13.56-29;-16.42844813;-71.49644694;-1945045.904;2842457.196;C
1.13.56-30; ; ;-1.516416327;20763369.87;C
1.13.56-30;-16.42921863;-71.49761438;-1945121.665;2842314.728;C
1.13.56-30;-16.42922937;-71.4975771;-1945123.398;2842318.815;C
1.13.56-30;-16.42913181;-71.49714821;-1945117.359;2842368.724;C
1.13.56-30;-16.42892228;-71.49625414;-1945104.049;2842472.845;C
1.13.56-30;-16.42849745;-71.49635084;-1945052.914;2842467.446;C
1.13.56-30;-16.42880836;-71.49771915;-1945072.141;2842308.224;C
1.13.56-31; ; ;-1.516416327;20763369.87;C
1.13.56-31;-16.42880693;-71.49776361;-1945071.409;2842303.201;C
1.13.56-31;-16.42906544;-71.49898856;-1945086.293;2842160.923;C
1.13.56-31;-16.42937353;-71.49892441;-1945123.3;2842164.161;C
1.13.56-31;-16.42938087;-71.49867136;-1945127.361;2842192.756;C
1.13.56-31;-16.42937429;-71.49825609;-1945131.839;2842239.928;C
1.13.56-31;-16.4293096;-71.49792514;-1945128.424;2842278.301;C
1.13.56-31;-16.4292462;-71.49766447;-1945124.271;2842308.688;C
1.13.56-32; ; ;-1.516416327;20763369.87;C
1.13.56-32;-16.4282972;-71.49788992;-1945009.928;2842295.558;C
1.13.56-32;-16.42844806;-71.49852564;-1945019.614;2842221.499;C
1.13.56-32;-16.42847691;-71.49853786;-1945022.849;2842219.736;C
1.13.56-32;-16.42891361;-71.49843328;-1945075.476;2842225.872;C
1.13.56-32;-16.42875439;-71.49777494;-1945065.094;2842302.605;C
1.13.56-33; ; ;-1.516416327;20763369.87;C
1.13.56-33;-16.42844648;-71.49862688;-1945018.147;2842210.04;C
1.13.56-33;-16.42855518;-71.49910633;-1945024.857;2842154.254;C
1.13.56-33;-16.42900306;-71.49901189;-1945078.67;2842159.094;C
1.13.56-33;-16.42889811;-71.49854407;-1945072.254;2842213.513;C
1.13.56-34; ; ;-1.516416327;20763369.87;C
1.13.56-34;-16.42857451;-71.499198;-1945025.969;2842143.607;C
1.13.56-34;-16.42868725;-71.49967014;-1945033.245;2842088.595;C
1.13.56-34;-16.42911954;-71.49957791;-1945085.198;2842093.391;C
1.13.56-34;-16.42902196;-71.49909888;-1945079.79;2842148.983;C
1.13.56-35; ; ;-1.516416327;20763369.87;C
1.13.56-35;-16.42908338;-71.49908234;-1945087.215;2842150.054;C
1.13.56-35;-16.42918735;-71.49955509;-1945093.453;2842095.09;C
1.13.56-35;-16.42927261;-71.49999085;-1945097.96;2842044.564;C
1.13.56-35;-16.42933818;-71.49999456;-1945105.616;2842043.285;C
1.13.56-35;-16.42942667;-71.49969614;-1945119.785;2842075.962;C
1.13.56-35;-16.42941703;-71.4994292;-1945122.027;2842106.355;C
1.13.56-35;-16.42939461;-71.49921109;-1945122.151;2842131.379;C
1.13.56-35;-16.42937805;-71.4990128;-1945122.713;2842154.078;C
1.13.56-36; ; ;-1.516416327;20763369.87;C
1.13.56-36;-16.42870726;-71.4997507;-1945034.577;2842079.199;C
1.13.56-36;-16.42883253;-71.50030533;-1945042.282;2842014.671;C
1.13.56-36;-16.42885909;-71.5004379;-1945043.726;2841999.292;C
1.13.56-36;-16.42885181;-71.50054153;-1945041.561;2841987.638;C
1.13.56-36;-16.42861937;-71.50108347;-1945007.402;2841929.235;C
1.13.56-36;-16.42868124;-71.50111309;-1945014.297;2841925.066;C
1.13.56-36;-16.42904082;-71.50057239;-1945063.376;2841981.663;C
1.13.56-36;-16.4292487;-71.50012503;-1945093.454;2842029.663;C
1.13.56-36;-16.42913537;-71.49965022;-1945086.143;2842084.984;C
1.13.56-37; ; ;-1.516416327;20763369.87;C
1.13.56-37;-16.42875392;-71.50062605;-1945028.992;2841979.337;C
1.13.56-37;-16.4287618;-71.50044621;-1945032.192;2841999.624;C
1.13.56-37;-16.42872775;-71.50022263;-1945031.018;2842025.421;C
1.13.56-37;-16.42861458;-71.49976475;-1945023.511;2842078.82;C
1.13.56-37;-16.42814595;-71.49987569;-1944967.052;2842072.38;C
1.13.56-37;-16.42843585;-71.50119628;-1944984.416;2841918.847;C
1.13.56-37;-16.42865651;-71.50083138;-1945014.952;2841957.331;C
1.13.56-38; ; ;-1.516416327;20763369.87;C
1.13.56-38;-16.42789446;-71.4987726;-1944951.452;2842200.75;C
1.13.56-38;-16.42813001;-71.49980059;-1944966.129;2842081.103;C
1.13.56-38;-16.42857779;-71.49969686;-1945020.047;2842087;C
1.13.56-38;-16.42859927;-71.49965524;-1945023.097;2842091.438;C
1.13.56-38;-16.42837852;-71.49865357;-1945009.826;2842207.905;C
1.13.56-39; ; ;-1.516416327;20763369.87;C
1.13.56-39;-16.42752184;-71.49907634;-1944903.836;2842171.19;C
1.13.56-39;-16.42764201;-71.49964202;-1944910.802;2842105.476;C
1.13.56-39;-16.42799668;-71.49956417;-1944953.454;2842109.657;C
1.13.56-39;-16.4278771;-71.49899772;-1944946.566;2842175.451;C
1.13.56-40; ; ;-1.516416327;20763369.87;C
1.13.56-40;-16.42765991;-71.49970742;-1944912.079;2842097.826;C
1.13.56-40;-16.42790248;-71.50077089;-1944927.131;2841974.067;C
1.13.56-40;-16.42823387;-71.50069437;-1944967.032;2841978.402;C
1.13.56-40;-16.42800663;-71.49963864;-1944953.681;2842101.083;C
1.13.56-41; ; ;-1.516416327;20763369.87;C
1.13.56-41;-16.42800886;-71.50083751;-1944938.787;2841965.12;C
1.13.56-41;-16.42812188;-71.50132841;-1944945.86;2841907.979;C
1.13.56-41;-16.42838668;-71.50127595;-1944977.633;2841910.458;C
1.13.56-41;-16.42827987;-71.50077033;-1944971.476;2841969.187;C
1.13.56-42; ; ;-1.516416327;20763369.87;C
1.13.56-42;-16.42753997;-71.50095921;-1944882.163;2841957.462;C
1.13.56-42;-16.4276738;-71.50145962;-1944891.56;2841898.969;C
1.13.56-42;-16.42808059;-71.50134753;-1944940.768;2841906.351;C
1.13.56-42;-16.42796795;-71.50084832;-1944933.845;2841964.43;C
1.13.56-43; ; ;-1.516416327;20763369.87;C
1.13.56-43;-16.42774;-71.50031499;-1944913.807;2842027.887;C
1.13.56-43;-16.42735332;-71.50040409;-1944867.251;2842022.849;C
1.13.56-43;-16.42750782;-71.50088532;-1944879.32;2841966.261;C
1.13.56-43;-16.42784359;-71.50078714;-1944920.008;2841972.995;C
1.13.56-43;-16.42778991;-71.50050478;-1944917.27;2842005.714;C
1.13.56-44; ; ;-1.516416327;20763369.87;C
1.13.56-44;-16.42715307;-71.49984539;-1944850.789;2842088.82;C
1.13.56-44;-16.42733486;-71.50033616;-1944865.942;2842030.793;C
1.13.56-44;-16.42771869;-71.50024114;-1944912.237;2842036.54;C
1.13.56-44;-16.42761275;-71.49973764;-1944906.156;2842095.017;C
1.13.56-45; ; ;-1.516416327;20763369.87;C
1.13.56-45;-16.4269885;-71.49930156;-1944838.329;2842152.64;C
1.13.56-45;-16.42713031;-71.49978086;-1944848.931;2842096.436;C
1.13.56-45;-16.4276036;-71.49965143;-1944906.171;2842104.911;C
1.13.56-45;-16.42749234;-71.49919208;-1944898.907;2842158.454;C
1.13.56-46; ; ;-1.516416327;20763369.87;C
1.13.56-46;-16.42626513;-71.49865288;-1944761.546;2842235.667;C
1.13.56-46;-16.42654873;-71.49890391;-1944791.69;2842203.489;C
1.13.56-46;-16.42661951;-71.49882387;-1944801.018;2842211.636;C
1.13.56-46;-16.42647715;-71.49841147;-1944789.506;2842260.262;C
1.13.56-46;-16.42644418;-71.49838825;-1944785.926;2842263.328;C
1.13.56-47; ; ;-1.516416327;20763369.87;C
1.13.56-47;-16.42643211;-71.49806826;-1944788.554;2842299.768;C
1.13.56-47;-16.42669303;-71.49892644;-1944808.358;2842199.043;C
1.13.56-47;-16.4270301;-71.49866917;-1944851.211;2842223.799;C
1.13.56-47;-16.42683355;-71.49793282;-1944837.429;2842309.867;C
1.13.56-48; ; ;-1.516416327;20763369.87;C
1.13.56-48;-16.42693406;-71.49803017;-1944848.006;2842297.512;C
1.13.56-48;-16.42702182;-71.49836314;-1944854.107;2842258.607;C
1.13.56-48;-16.42706666;-71.49858757;-1944856.539;2842232.573;C
1.13.56-48;-16.42729496;-71.49853406;-1944884.036;2842235.65;C
1.13.56-48;-16.42724609;-71.498245;-1944881.949;2842269.066;C
1.13.56-48;-16.42716905;-71.49797915;-1944876.259;2842300.218;C
1.13.56-49; ; ;-1.516416327;20763369.87;C
1.13.56-49;-16.42741155;-71.49849785;-1944898.191;2842238.229;C
1.13.56-49;-16.42772295;-71.49832677;-1944936.939;2842253.548;C
1.13.56-49;-16.42772254;-71.49830718;-1944937.138;2842255.774;C
1.13.56-49;-16.42790365;-71.49815678;-1944960.317;2842270.455;C
1.13.56-49;-16.42815875;-71.4978967;-1944993.577;2842296.603;C
1.13.56-49;-16.42816814;-71.49780897;-1944995.788;2842306.427;C
1.13.56-49;-16.42814891;-71.49771326;-1944994.739;2842317.531;C
1.13.56-49;-16.42725897;-71.4979723;-1944886.91;2842299.817;C
1.13.56-50; ; ;-1.516416327;20763369.87;C
1.13.56-50;-16.42690107;-71.49791531;-1944845.582;2842310.968;C
1.13.56-50;-16.42691575;-71.49793602;-1944847.046;2842308.428;C
1.13.56-50;-16.42812553;-71.49761718;-1944993.207;2842328.732;C
1.13.56-50;-16.42802543;-71.49719341;-1944986.805;2842378.094;C
1.13.56-50;-16.42799181;-71.49716001;-1944983.278;2842382.321;C
1.13.56-50;-16.42679563;-71.49747552;-1944838.756;2842362.216;C
1.13.56-51; ; ;-1.516416327;20763369.87;C
1.13.56-51;-16.4267828;-71.49738128;-1944838.44;2842373.07;C
1.13.56-51;-16.42799184;-71.49706367;-1944984.499;2842393.244;C
1.13.56-51;-16.42788779;-71.49659963;-1944978.142;2842447.224;C
1.13.56-51;-16.42665098;-71.49689566;-1944829.093;2842429.861;C
1.13.56-52; ; ;-1.516416327;20763369.87;C
1.13.56-52;-16.42716923;-71.49590393;-1944902.518;2842535.522;C
1.13.56-52;-16.42733804;-71.49662071;-1944913.288;2842452.036;C
1.13.56-52;-16.42786815;-71.49648724;-1944977.256;2842460.225;C
1.13.56-52;-16.42770385;-71.49577933;-1944966.904;2842542.646;C
1.13.56-53; ; ;-1.516416327;20763369.87;C
1.13.56-53;-16.42638992;-71.49588918;-1944811.147;2842547.404;C
1.13.56-53;-16.42651882;-71.49638802;-1944819.984;2842489.152;C
1.13.56-53;-16.42717139;-71.49624069;-1944898.514;2842497.309;C
1.13.56-53;-16.42705858;-71.49573996;-1944891.592;2842555.564;C
1.13.56-54; ; ;-1.516416327;20763369.87;C
1.13.56-54;-16.42652592;-71.49648993;-1944819.529;2842477.504;C
1.13.56-54;-16.42659676;-71.49676798;-1944824.336;2842445.048;C
1.13.56-54;-16.42664155;-71.4967933;-1944829.278;2842441.591;C
1.13.56-54;-16.42669902;-71.49678897;-1944836.085;2842441.329;C
1.13.56-54;-16.4272472;-71.49665247;-1944902.215;2842449.625;C
1.13.56-54;-16.42717626;-71.49633524;-1944897.891;2842486.524;C
1.13.56-56; ; ;-1.516416327;20763369.87;C
1.13.56-56;-16.4258569;-71.49601129;-1944746.98;2842540.541;C
1.13.56-56;-16.42581199;-71.49608522;-1944740.77;2842532.746;C
1.13.56-56;-16.42596955;-71.49672642;-1944751.174;2842457.977;C
1.13.56-56;-16.42648415;-71.49660594;-1944813.156;2842464.897;C
1.13.56-56;-16.42631054;-71.49593013;-1944801.303;2842543.8;C
1.13.56-57; ; ;-1.516416327;20763369.87;C
1.13.56-57;-16.42537905;-71.4949655;-1944704.062;2842665.383;C
1.13.56-57;-16.4254568;-71.49539217;-1944707.802;2842615.985;C
1.13.56-57;-16.42562544;-71.49554156;-1944725.726;2842596.836;C
1.13.56-57;-16.42574801;-71.49571153;-1944737.977;2842575.957;C
1.13.56-57;-16.42580256;-71.4959553;-1944741.305;2842547.602;C
1.13.56-57;-16.42597428;-71.49592571;-1944761.853;2842548.707;C
1.13.56-57;-16.42598391;-71.49588149;-1944763.544;2842553.595;C
1.13.56-57;-16.42577921;-71.49489887;-1944751.918;2842667.696;C
1.13.56-58; ; ;-1.516416327;20763369.87;C
1.13.56-58;-16.42584116;-71.49486948;-1944759.568;2842670.217;C
1.13.56-58;-16.42605101;-71.49587624;-1944771.494;2842553.312;C
1.13.56-58;-16.42609893;-71.49588176;-1944777.054;2842552.058;C
1.13.56-58;-16.42630357;-71.49582961;-1944801.755;2842555.29;C
1.13.56-58;-16.42608941;-71.49483038;-1944789.229;2842671.398;C
1.13.56-59; ; ;-1.516416327;20763369.87;C
1.13.56-59;-16.42628877;-71.49535497;-1944806.018;2842609.303;C
1.13.56-59;-16.42638308;-71.49581304;-1944811.306;2842556.127;C
1.13.56-59;-16.42704639;-71.49566964;-1944891.049;2842563.697;C
1.13.56-59;-16.42693155;-71.49519381;-1944883.573;2842619.155;C
1.13.56-60; ; ;-1.516416327;20763369.87;C
1.13.56-60;-16.42619937;-71.49480823;-1944802.427;2842672.469;C
1.13.56-60;-16.42618316;-71.49485015;-1944799.993;2842667.928;C
1.13.56-60;-16.42626042;-71.49523871;-1944804.157;2842622.858;C
1.13.56-60;-16.42629078;-71.49526058;-1944807.447;2842619.98;C
1.13.56-60;-16.42691133;-71.49510222;-1944882.356;2842629.806;C
1.13.56-60;-16.4268103;-71.49465112;-1944876.19;2842682.281;C
1.13.56-61; ; ;-1.516416327;20763369.87;C
1.13.56-61;-16.42688374;-71.49462881;-1944885.101;2842683.848;C
1.13.56-61;-16.42714759;-71.4958117;-1944901.143;2842546.263;C
1.13.56-61;-16.42768648;-71.49568937;-1944966.001;2842553.074;C
1.13.56-61;-16.42741336;-71.49449245;-1944949.048;2842692.37;C
1.13.56-62; ; ;-1.516416327;20763369.87;C
1.13.56-62;-16.42669256;-71.49328593;-1944879.621;2842838.622;C
1.13.56-62;-16.42684916;-71.4940503;-1944888.353;2842749.897;C
1.13.56-62;-16.42603248;-71.49424486;-1944789.943;2842738.537;C
1.13.56-62;-16.42615373;-71.49469179;-1944798.538;2842686.27;C
1.13.56-62;-16.42618838;-71.49470261;-1944802.472;2842684.59;C
1.13.56-62;-16.42737989;-71.49439788;-1944946.312;2842703.532;C
1.13.56-62;-16.42740327;-71.49436532;-1944949.47;2842706.917;C
1.13.56-62;-16.42726514;-71.49374088;-1944941.138;2842779.533;C
1.13.56-62;-16.4271418;-71.49317847;-1944933.76;2842844.921;C
1.13.56-63; ; ;-1.516416327;20763369.87;C
1.13.56-63;-16.42594543;-71.49383015;-1944784.96;2842786.701;C
1.13.56-63;-16.42601819;-71.4941582;-1944789.36;2842748.55;C
1.13.56-63;-16.42606307;-71.49415507;-1944794.673;2842748.318;C
1.13.56-63;-16.42678146;-71.4939875;-1944881.194;2842757.906;C
1.13.56-63;-16.42671583;-71.49366496;-1944877.562;2842795.338;C
1.13.56-64; ; ;-1.516416327;20763369.87;C
1.13.56-64;-16.42592168;-71.49374193;-1944783.286;2842797.016;C
1.13.56-64;-16.42596075;-71.49375433;-1944787.719;2842795.099;C
1.13.56-64;-16.42667444;-71.49361028;-1944873.39;2842802.081;C
1.13.56-64;-16.42661279;-71.49328976;-1944870.201;2842839.233;C
1.13.56-64;-16.42585496;-71.49341833;-1944779.539;2842834.584;C
1.13.56-65; ; ;-1.516416327;20763369.87;C
1.13.56-65;-16.42579908;-71.49343077;-1944772.816;2842833.905;C
1.13.56-65;-16.42555753;-71.49346861;-1944743.959;2842832.779;C
1.13.56-65;-16.42564333;-71.49386305;-1944749.051;2842786.929;C
1.13.56-65;-16.4258301;-71.49478737;-1944759.307;2842679.672;C
1.13.56-65;-16.42606828;-71.49473401;-1944787.964;2842682.602;C
1.13.56-65;-16.42581709;-71.4935536;-1944773.379;2842819.742;C
1.13.56-66; ; ;-1.516416327;20763369.87;C
1.13.56-66;-16.42527498;-71.4935193;-1944710.121;2842830.733;C
1.13.56-66;-16.42507995;-71.49397131;-1944681.492;2842782.035;C
1.13.56-66;-16.42520474;-71.49437291;-1944691.075;2842734.861;C
1.13.56-66;-16.42524625;-71.49446046;-1944694.846;2842724.39;C
1.13.56-66;-16.42539655;-71.49432676;-1944714.194;2842737.581;C
1.13.56-66;-16.4256471;-71.49426115;-1944744.461;2842741.738;C
1.13.56-66;-16.42549359;-71.49348895;-1944736.189;2842831.31;C
1.13.56-67; ; ;-1.516416327;20763369.87;C
1.13.56-67;-16.42562792;-71.49435352;-1944741.039;2842731.516;C
1.13.56-67;-16.42541916;-71.49440816;-1944715.821;2842728.055;C
1.13.56-67;-16.42524554;-71.49453902;-1944693.769;2842715.491;C
1.13.56-67;-16.42537271;-71.49483111;-1944705.017;2842680.705;C
1.13.56-67;-16.42571941;-71.49455931;-1944749.185;2842706.982;C
1.13.56-67;-16.42568762;-71.49438422;-1944747.664;2842727.252;C
1.13.56-68; ; ;-1.516416327;20763369.87;C
1.13.56-68;-16.42533253;-71.49487388;-1944699.756;2842676.382;C
1.13.56-68;-16.42523656;-71.49460776;-1944691.845;2842707.814;C
1.13.56-68;-16.42504265;-71.49475113;-1944667.25;2842694.097;C
1.13.56-68;-16.42464409;-71.49513799;-1944615.533;2842655.453;C
1.13.56-68;-16.42495517;-71.49566796;-1944645.381;2842591.283;C
1.13.56-68;-16.42509991;-71.49562233;-1944662.962;2842594.562;C
1.13.56-68;-16.42537745;-71.49532062;-1944699.385;2842625.137;C
1.13.56-68;-16.42513401;-71.49504682;-1944674.245;2842659.373;C
1.13.56-69; ; ;-1.516416327;20763369.87;C
1.13.56-69;-16.4251268;-71.49425325;-1944683.432;2842749.45;C
1.13.56-69;-16.42507498;-71.49408379;-1944679.486;2842769.345;C
1.13.56-69;-16.42505251;-71.49403284;-1944677.49;2842775.417;C
1.13.56-69;-16.42478635;-71.49422767;-1944643.756;2842756.812;C
1.13.56-69;-16.42432361;-71.49465481;-1944583.99;2842714.439;C
1.13.56-69;-16.42458783;-71.49505234;-1944610.006;2842665.902;C
1.13.56-69;-16.42521567;-71.49449543;-1944690.81;2842720.826;C
1.13.56-70; ; ;-1.516416327;20763369.87;C
1.13.56-70;-16.42327695;-71.49563875;-1944448.581;2842616.579;C
1.13.56-70;-16.42355744;-71.49603157;-1944476.569;2842568.363;C
1.13.56-70;-16.42452426;-71.49510505;-1944601.871;2842660.757;C
1.13.56-70;-16.42427483;-71.49472579;-1944577.361;2842707.03;C
1.13.56-70;-16.4238297;-71.49513533;-1944519.886;2842666.423;C
1.13.56-71; ; ;-1.516416327;20763369.87;C
1.13.56-71;-16.42434795;-71.49603666;-1944569.379;2842557.431;C
1.13.56-71;-16.42488491;-71.49569634;-1944636.767;2842588.986;C
1.13.56-71;-16.42471531;-71.49539303;-1944620.676;2842625.6;C
1.13.56-71;-16.42459709;-71.49517147;-1944609.588;2842652.272;C
1.13.56-71;-16.42405908;-71.49567973;-1944539.953;2842601.687;C
1.13.56-72; ; ;-1.516416327;20763369.87;C
1.13.56-72;-16.42344775;-71.49622479;-1944461.239;2842547.889;C
1.13.56-72;-16.42360763;-71.49651843;-1944476.311;2842512.499;C
1.13.56-72;-16.42365626;-71.49658076;-1944481.237;2842504.795;C
1.13.56-72;-16.42432395;-71.49609102;-1944565.872;2842551.581;C
1.13.56-72;-16.42401826;-71.49571309;-1944534.735;2842598.44;C
1.13.56-73; ; ;-1.516416327;20763369.87;C
1.13.56-73;-16.42233934;-71.49576134;-1944336.875;2842614.959;C
1.13.56-73;-16.42336032;-71.49618754;-1944451.439;2842553.258;C
1.13.56-73;-16.42354035;-71.49606238;-1944474.172;2842565.093;C
1.13.56-73;-16.4233379;-71.49576774;-1944454.112;2842601.154;C
1.13.56-73;-16.42310366;-71.49567339;-1944427.784;2842614.921;C
1.13.56-73;-16.4225018;-71.49546043;-1944359.766;2842646.952;C
1.13.56-74; ; ;-1.516416327;20763369.87;C
1.13.56-74;-16.42333894;-71.49668293;-1944442.664;2842497.366;C
1.13.56-74;-16.42341393;-71.49664757;-1944451.921;2842500.393;C
1.13.56-74;-16.42356713;-71.49661116;-1944470.381;2842502.515;C
1.13.56-74;-16.42339521;-71.49627684;-1944454.409;2842542.676;C
1.13.56-74;-16.42317836;-71.49642237;-1944427.092;2842529.014;C
1.13.56-75; ; ;-1.516416327;20763369.87;C
1.13.56-75;-16.42302551;-71.49653456;-1944407.716;2842518.294;C
1.13.56-75;-16.42284336;-71.49669587;-1944384.277;2842502.389;C
1.13.56-75;-16.42318718;-71.49688817;-1944422.24;2842476.081;C
1.13.56-75;-16.42326327;-71.49677101;-1944432.661;2842488.37;C
1.13.56-75;-16.42332182;-71.49669483;-1944440.502;2842496.241;C
1.13.56-75;-16.42316062;-71.49643131;-1944424.895;2842528.233;C
1.13.56-76; ; ;-1.516416327;20763369.87;C
1.13.56-76;-16.4225791;-71.49662127;-1944354.173;2842514.309;C
1.13.56-76;-16.42275354;-71.49668533;-1944373.857;2842504.761;C
1.13.56-76;-16.42297968;-71.49648236;-1944402.992;2842524.814;C
1.13.56-76;-16.4233132;-71.49623751;-1944445.271;2842548.21;C
1.13.56-76;-16.42290071;-71.49606667;-1944398.968;2842572.984;C
1.13.56-77; ; ;-1.516416327;20763369.87;C
1.13.56-77;-16.42230375;-71.49583747;-1944331.732;2842606.793;C
1.13.56-77;-16.42221347;-71.49620999;-1944316.415;2842565.734;C
1.13.56-77;-16.42220035;-71.49655109;-1944310.563;2842527.228;C
1.13.56-77;-16.42236298;-71.49656915;-1944329.441;2842523.05;C
1.13.56-77;-16.42254471;-71.49661838;-1944350.17;2842515.088;C
1.13.56-77;-16.42285792;-71.49604861;-1944394.169;2842575.593;C
1.13.56-78; ; ;-1.516416327;20763369.87;C
1.13.56-78;-16.42252326;-71.49665677;-1944347.163;2842511.015;C
1.13.56-78;-16.42218805;-71.49658466;-1944308.693;2842523.583;C
1.13.56-78;-16.42217684;-71.49748936;-1944295.94;2842421.143;C
1.13.56-78;-16.42221951;-71.49750415;-1944300.767;2842418.907;C
1.13.56-78;-16.42272717;-71.49672183;-1944370.299;2842500.967;C
1.13.56-79; ; ;-1.516416327;20763369.87;C
1.13.56-79;-16.42215149;-71.49777416;-1944289.363;2842389.181;C
1.13.56-79;-16.4220302;-71.49815584;-1944270.288;2842347.491;C
1.13.56-79;-16.42170285;-71.49865778;-1944225.486;2842294.862;C
1.13.56-79;-16.42206687;-71.49891319;-1944265.024;2842261.134;C
1.13.56-79;-16.42232107;-71.49848197;-1944300.338;2842306.701;C
1.13.56-79;-16.4225747;-71.4980277;-1944335.879;2842354.89;C
1.13.56-79;-16.42265554;-71.4978555;-1944347.553;2842373.358;C
1.13.56-79;-16.4227682;-71.49757749;-1944364.303;2842403.405;C
1.13.56-79;-16.42316323;-71.49693449;-1944418.841;2842471.143;C
1.13.56-79;-16.42280545;-71.49673456;-1944379.333;2842498.499;C
1.13.56-79;-16.42247592;-71.49723346;-1944334.312;2842446.243;C
1.13.56-79;-16.42224155;-71.49757171;-1944302.502;2842410.959;C
1.13.57-5; ; ;-1.516416327;20763369.87;C
1.13.57-5;-16.42869789;-71.49527573;-1945090.058;2842586.724;C
1.13.57-5;-16.42878168;-71.49560172;-1945095.781;2842548.663;C
1.13.57-5;-16.42910513;-71.49552045;-1945134.809;2842553.64;C
1.13.57-5;-16.42902002;-71.49519141;-1945128.971;2842592.064;C
1.13.57-6; ; ;-1.516416327;20763369.87;C
1.13.57-6;-16.42944103;-71.49687275;-1945157.171;2842395.905;C
1.13.57-6;-16.42933365;-71.49644041;-1945150.023;2842446.334;C
1.13.57-6;-16.42919157;-71.49591389;-1945139.989;2842507.897;C
1.13.57-6;-16.42911237;-71.49558678;-1945134.821;2842546.024;C
1.13.57-6;-16.42882382;-71.49565223;-1945100.092;2842542.383;C
1.13.57-6;-16.4289399;-71.49606737;-1945108.481;2842493.791;C
1.13.57-6;-16.42914746;-71.49697731;-1945121.359;2842387.896;C
1.13.57-7; ; ;-1.516416327;20763369.87;C
1.13.57-7;-16.4297134;-71.49844137;-1945169.336;2842214.478;C
1.13.57-7;-16.4297214;-71.49801751;-1945175.636;2842262.432;C
1.13.57-7;-16.42970151;-71.4977561;-1945176.604;2842292.333;C
1.13.57-7;-16.42964546;-71.49743955;-1945174.022;2842328.959;C
1.13.57-7;-16.42957427;-71.49714029;-1945169.442;2842363.824;C
1.13.57-7;-16.42945974;-71.49691182;-1945158.875;2842391.23;C
1.13.57-7;-16.42916104;-71.49700822;-1945122.564;2842384.214;C
1.13.57-7;-16.42929113;-71.49751534;-1945131.435;2842325.008;C
1.13.57-7;-16.42935284;-71.49788142;-1945134.056;2842282.691;C
1.13.57-7;-16.4294416;-71.49844051;-1945137.415;2842218.135;C
1.13.57-8; ; ;-1.516416327;20763369.87;C
1.13.57-8;-16.42943033;-71.4988497;-1945130.917;2842171.887;C
1.13.57-8;-16.4294308;-71.49907539;-1945128.119;2842146.291;C
1.13.57-8;-16.42947367;-71.49945288;-1945128.382;2842102.928;C
1.13.57-8;-16.4294538;-71.49984597;-1945121.078;2842058.618;C
1.13.57-8;-16.42931681;-71.5001247;-1945101.46;2842028.808;C
1.13.57-8;-16.4295331;-71.50022766;-1945125.569;2842014.302;C
1.13.57-8;-16.42969052;-71.4998565;-1945148.755;2842054.322;C
1.13.57-8;-16.42969915;-71.49948451;-1945154.472;2842096.388;C
1.13.57-8;-16.42970255;-71.49896181;-1945161.481;2842155.61;C
1.13.57-8;-16.42971877;-71.4984864;-1945169.397;2842209.301;C
1.13.57-8;-16.42944306;-71.49848657;-1945137.004;2842212.894;C
1.13.57-9; ; ;-1.516416327;20763369.87;C
1.13.57-9;-16.42907106;-71.50063269;-1945066.167;2841974.429;C
1.13.57-9;-16.42894923;-71.50083711;-1945049.27;2841952.847;C
1.13.57-9;-16.42873136;-71.50112465;-1945020.039;2841923.099;C
1.13.57-9;-16.42856829;-71.50127104;-1944999.031;2841908.636;C
1.13.57-9;-16.42835489;-71.50136003;-1944972.834;2841901.341;C
1.13.57-9;-16.42784098;-71.50149461;-1944910.759;2841892.813;C
1.13.57-9;-16.42787127;-71.50163337;-1944912.563;2841876.683;C
1.13.57-9;-16.42849371;-71.50168009;-1944985.098;2841863.233;C
1.13.57-9;-16.42894333;-71.50133258;-1945042.313;2841896.746;C
1.13.57-9;-16.42907462;-71.50114617;-1945060.094;2841916.163;C
1.13.57-9;-16.42926835;-71.50077973;-1945087.486;2841955.173;C
1.13.57-9;-16.4295132;-71.50028519;-1945122.504;2842008.039;C
1.13.57-9;-16.4292781;-71.50017552;-1945096.271;2842023.553;C
1.13.57-10; ; ;-1.516416327;20763369.87;C
1.13.57-10;-16.42786266;-71.50168606;-1944910.886;2841870.822;C
1.13.57-10;-16.42792236;-71.50216404;-1944911.857;2841815.844;C
1.13.57-10;-16.42874518;-71.50225811;-1945007.334;2841794.402;C
1.13.57-10;-16.42876968;-71.50178146;-1945016.237;2841848.124;C
1.13.57-11; ; ;-1.516416327;20763369.87;C
1.13.57-11;-16.4287148;-71.50233117;-1945002.842;2841786.515;C
1.13.57-11;-16.42793197;-71.50223745;-1944912.058;2841807.394;C
1.13.57-11;-16.42796986;-71.5026565;-1944911.212;2841759.384;C
1.13.57-11;-16.42806199;-71.50273239;-1944921.077;2841749.573;C
1.13.57-11;-16.42867084;-71.50278819;-1944991.9;2841735.273;C
1.13.57-12; ; ;-1.516416327;20763369.87;C
1.13.57-12;-16.42949491;-71.50239663;-1945093.663;2841768.876;C
1.13.57-12;-16.42880253;-71.50233226;-1945013.134;2841785.243;C
1.13.57-12;-16.42875031;-71.5027923;-1945001.184;2841733.766;C
1.13.57-12;-16.42910028;-71.50283179;-1945041.8;2841724.705;C
1.13.57-13; ; ;-1.516416327;20763369.87;C
1.13.57-13;-16.42886441;-71.50177491;-1945027.449;2841847.627;C
1.13.57-13;-16.42882418;-71.50225879;-1945016.607;2841793.289;C
1.13.57-13;-16.42960974;-71.50233721;-1945107.904;2841774.109;C
1.13.57-13;-16.42984901;-71.50188563;-1945141.723;2841822.176;C
1.13.57-14; ; ;-1.516416327;20763369.87;C
1.13.57-14;-16.42936362;-71.50175272;-1945086.378;2841843.604;C
1.13.57-14;-16.42939589;-71.50171079;-1945090.7;2841847.936;C
1.13.57-14;-16.42961794;-71.50129581;-1945122.032;2841892.079;C
1.13.57-14;-16.42998525;-71.50053903;-1945174.753;2841973.073;C
1.13.57-14;-16.4295845;-71.50034505;-1945130.123;2842000.318;C
1.13.57-14;-16.42891548;-71.50170703;-1945034.307;2841854.655;C
1.13.57-15; ; ;-1.516416327;20763369.87;C
1.13.57-15;-16.42988999;-71.50178628;-1945147.793;2841832.904;C
1.13.57-15;-16.43039094;-71.50077387;-1945219.445;2841941.132;C
1.13.57-15;-16.43004599;-71.50059461;-1945181.185;2841965.976;C
1.13.57-15;-16.42946718;-71.50174915;-1945098.59;2841842.652;C
1.13.57-16; ; ;-1.516416327;20763369.87;C
1.13.57-16;-16.43053894;-71.49984157;-1945248.619;2842044.901;C
1.13.57-16;-16.43041855;-71.49980203;-1945234.976;2842050.962;C
1.13.57-16;-16.43006764;-71.50052366;-1945184.626;2841973.737;C
1.13.57-16;-16.43043923;-71.5007106;-1945225.917;2841947.673;C
1.13.57-16;-16.43052555;-71.50040355;-1945239.941;2841981.357;C
1.13.57-17; ; ;-1.516416327;20763369.87;C
1.13.57-17;-16.43013998;-71.5002439;-1945196.661;2842004.51;C
1.13.57-17;-16.42973046;-71.5000103;-1945151.504;2842036.361;C
1.13.57-17;-16.42961432;-71.50026649;-1945134.621;2842008.834;C
1.13.57-17;-16.43001127;-71.50048522;-1945178.49;2841978.834;C
1.13.57-18; ; ;-1.516416327;20763369.87;C
1.13.57-18;-16.43038248;-71.49959015;-1945233.417;2842075.457;C
1.13.57-18;-16.42980543;-71.4995766;-1945165.795;2842084.553;C
1.13.57-18;-16.42981545;-71.4998179;-1945163.92;2842057.063;C
1.13.57-18;-16.42976229;-71.49998657;-1945155.543;2842038.635;C
1.13.57-18;-16.43016257;-71.50018865;-1945200.014;2842010.478;C
1.13.57-18;-16.43034549;-71.49983264;-1945226.006;2842048.448;C
1.13.57-19; ; ;-1.516416327;20763369.87;C
1.13.57-19;-16.43034163;-71.49951482;-1945229.57;2842084.534;C
1.13.57-19;-16.43036644;-71.49903164;-1945238.594;2842138.995;C
1.13.57-19;-16.42978655;-71.49902034;-1945170.61;2842147.872;C
1.13.57-19;-16.42978249;-71.49949336;-1945164.152;2842094.292;C
1.13.57-20; ; ;-1.516416327;20763369.87;C
1.13.57-20;-16.4303626;-71.49895604;-1945239.099;2842147.617;C
1.13.57-20;-16.43038223;-71.49849296;-1945247.261;2842199.865;C
1.13.57-20;-16.42982903;-71.49848274;-1945182.398;2842208.272;C
1.13.57-20;-16.42979942;-71.49852031;-1945178.443;2842204.4;C
1.13.57-20;-16.42979022;-71.49894498;-1945171.993;2842156.369;C
1.13.57-21; ; ;-1.516416327;20763369.87;C
1.13.57-21;-16.43036907;-71.49842693;-1945246.549;2842207.525;C
1.13.57-21;-16.43031827;-71.49812563;-1945244.391;2842242.353;C
1.13.57-21;-16.43028782;-71.49797759;-1945242.686;2842259.538;C
1.13.57-21;-16.4297948;-71.49795923;-1945184.995;2842268.078;C
1.13.57-21;-16.42979774;-71.49840729;-1945179.675;2842217.236;C
1.13.57-22; ; ;-1.516416327;20763369.87;C
1.13.57-22;-16.43027547;-71.49788343;-1945242.425;2842270.376;C
1.13.57-22;-16.4302132;-71.49745388;-1945240.541;2842319.896;C
1.13.57-22;-16.42974549;-71.49745689;-1945185.554;2842325.683;C
1.13.57-22;-16.42981026;-71.4978935;-1945187.643;2842275.329;C
1.13.57-23; ; ;-1.516416327;20763369.87;C
1.13.57-23;-16.43020514;-71.49735761;-1945240.812;2842330.917;C
1.13.57-23;-16.43013345;-71.49694689;-1945237.582;2842378.426;C
1.13.57-23;-16.42965285;-71.49695185;-1945181.057;2842384.161;C
1.13.57-23;-16.42958715;-71.49694902;-1945173.373;2842385.343;C
1.13.57-23;-16.42970094;-71.49718932;-1945183.704;2842356.605;C
1.13.57-23;-16.42973602;-71.49738145;-1945185.396;2842334.361;C
1.13.57-270; ; ;-1.516416327;20763369.87;C
1.13.57-270;-16.42925166;-71.49509969;-1945157.344;2842599.429;C
1.13.57-270;-16.4292329;-71.49476973;-1945159.313;2842637.088;C
1.13.57-270;-16.42914664;-71.4947537;-1945149.382;2842640.036;C
1.13.57-270;-16.42910407;-71.4951249;-1945139.686;2842598.504;C
1.13.58-1; ; ;-1.516416327;20763369.87;C
1.13.58-1;-16.42788525;-71.50262217;-1944901.707;2841764.385;C
1.13.58-1;-16.42793108;-71.50258124;-1944907.608;2841768.426;C
1.13.58-1;-16.42781381;-71.50164643;-1944905.647;2841875.954;C
1.13.58-1;-16.42772395;-71.50153781;-1944896.463;2841889.448;C
1.13.58-1;-16.4276377;-71.50156638;-1944885.969;2841887.337;C
1.13.58-1;-16.42724246;-71.50221291;-1944831.364;2841819.208;C
1.13.58-2; ; ;-1.516416327;20763369.87;C
1.13.58-2;-16.42715486;-71.50214846;-1944821.887;2841827.662;C
1.13.58-2;-16.42762728;-71.50144429;-1944886.288;2841901.318;C
1.13.58-2;-16.4270533;-71.49998528;-1944837.299;2842074.266;C
1.13.58-2;-16.42693636;-71.49962585;-1944828.105;2842116.553;C
1.13.58-2;-16.42688327;-71.49960547;-1944822.125;2842119.559;C
1.13.58-2;-16.42621105;-71.50043272;-1944732.693;2842034.563;C
1.13.58-2;-16.42616165;-71.50045491;-1944726.609;2842032.695;C
1.13.58-2;-16.42561064;-71.50115087;-1944653.078;2841960.998;C
1.13.58-2;-16.42612888;-71.50147263;-1944709.894;2841917.729;C
1.13.58-3; ; ;-1.516416327;20763369.87;C
1.13.58-3;-16.42588455;-71.50068629;-1944691.129;2842010.088;C
1.13.58-3;-16.42683744;-71.49949303;-1944818.162;2842132.908;C
1.13.58-3;-16.42679648;-71.49932478;-1944815.476;2842152.522;C
1.13.58-3;-16.42677166;-71.49929962;-1944812.879;2842155.7;C
1.13.58-3;-16.4267325;-71.49927893;-1944808.539;2842158.559;C
1.13.58-3;-16.42662135;-71.49927597;-1944795.518;2842160.35;C
1.13.58-3;-16.42603903;-71.49997106;-1944718.319;2842089.163;C
1.13.58-3;-16.42562515;-71.50049346;-1944663.091;2842035.351;C
1.13.59-1; ; ;-1.516416327;20763369.87;C
1.13.59-1;-16.42499695;-71.50078663;-1944585.583;2842010.336;C
1.13.59-1;-16.42555099;-71.50113261;-1944646.301;2841963.851;C
1.13.59-1;-16.42585425;-71.50074939;-1944686.772;2842003.33;C
1.13.59-1;-16.42557316;-71.50055578;-1944656.196;2842028.965;C
1.13.59-1;-16.42549964;-71.50063579;-1944646.547;2842020.856;C
1.13.59-1;-16.42517749;-71.50041173;-1944611.532;2842050.48;C
1.13.59-1;-16.42498805;-71.5007429;-1944585.09;2842015.411;C
1.13.59-2; ; ;-1.516416327;20763369.87;C
1.13.59-2;-16.42515006;-71.50032311;-1944609.429;2842060.888;C
1.13.59-2;-16.42547512;-71.50054114;-1944644.862;2842031.909;C
1.13.59-2;-16.42575214;-71.50022117;-1944681.453;2842064.561;C
1.13.59-2;-16.42536929;-71.49997766;-1944639.551;2842097.186;C
1.13.59-3; ; ;-1.516416327;20763369.87;C
1.13.59-3;-16.42536944;-71.49992147;-1944640.28;2842103.556;C
1.13.59-3;-16.42580817;-71.5001764;-1944688.601;2842068.904;C
1.13.59-3;-16.42647673;-71.49935283;-1944777.556;2842153.53;C
1.13.59-3;-16.42642343;-71.49932614;-1944771.632;2842157.254;C
1.13.59-3;-16.42592833;-71.49902333;-1944717.294;2842198.073;C
1.13.59-4; ; ;-1.516416327;20763369.87;C
1.13.59-4;-16.42633689;-71.49891236;-1944766.695;2842205.305;C
1.13.59-4;-16.4260923;-71.49880083;-1944739.37;2842221.155;C
1.13.59-4;-16.42596988;-71.4987445;-1944725.7;2842229.145;C
1.13.59-4;-16.42565475;-71.49858424;-1944690.703;2842251.444;C
1.13.59-4;-16.42556194;-71.49873011;-1944677.956;2842236.12;C
1.13.59-4;-16.42651741;-71.49932274;-1944782.716;2842156.408;C
1.13.59-4;-16.42666033;-71.49915166;-1944801.669;2842173.935;C
1.13.59-4;-16.42650573;-71.4990045;-1944785.366;2842192.646;C
1.13.59-5; ; ;-1.516416327;20763369.87;C
1.13.59-5;-16.42531947;-71.49988464;-1944634.875;2842108.386;C
1.13.59-5;-16.42588673;-71.4989765;-1944712.998;2842203.928;C
1.13.59-5;-16.42551271;-71.49874526;-1944671.98;2842235.047;C
1.13.59-5;-16.424986;-71.49966228;-1944598.508;2842137.966;C
1.13.59-6; ; ;-1.516416327;20763369.87;C
1.13.59-6;-16.42467039;-71.50002443;-1944556.851;2842101.037;C
1.13.59-6;-16.42507499;-71.5002589;-1944601.421;2842069.151;C
1.13.59-6;-16.42524109;-71.49998897;-1944624.347;2842097.582;C
1.13.59-6;-16.42528521;-71.49993324;-1944630.235;2842103.324;C
1.13.59-6;-16.42488376;-71.49968067;-1944586.265;2842137.221;C
1.13.59-7; ; ;-1.516416327;20763369.87;C
1.13.59-7;-16.42441588;-71.50042373;-1944521.904;2842059.094;C
1.13.59-7;-16.42492396;-71.50072684;-1944577.764;2842018.07;C
1.13.59-7;-16.42509218;-71.50038574;-1944601.838;2842054.544;C
1.13.59-7;-16.4250696;-71.50034663;-1944599.679;2842059.275;C
1.13.59-7;-16.42463092;-71.50008401;-1944551.461;2842094.798;C
1.13.60-1; ; ;-1.516416327;20763369.87;C
1.13.60-1;-16.42644504;-71.49831511;-1944786.952;2842271.609;C
1.13.60-1;-16.42635787;-71.49809019;-1944779.554;2842298.254;C
1.13.60-1;-16.42598996;-71.49785447;-1944739.31;2842329.801;C
1.13.60-1;-16.42575881;-71.4982508;-1944707.144;2842287.89;C
1.13.60-1;-16.42628466;-71.49857731;-1944764.795;2842243.98;C
1.13.60-2; ; ;-1.516416327;20763369.87;C
1.13.60-2;-16.4259524;-71.49773057;-1944736.465;2842344.342;C
1.13.60-2;-16.42612443;-71.49744772;-1944760.25;2842374.161;C
1.13.60-2;-16.4261098;-71.49742045;-1944758.877;2842377.445;C
1.13.60-2;-16.42534235;-71.49694088;-1944674.776;2842441.875;C
1.13.60-2;-16.42517999;-71.49722607;-1944652.096;2842411.664;C
1.13.60-3; ; ;-1.516416327;20763369.87;C
1.13.60-3;-16.42575151;-71.49708516;-1944721.023;2842420.156;C
1.13.60-3;-16.42574626;-71.49709379;-1944720.296;2842419.246;C
1.13.60-3;-16.42606279;-71.49728618;-1944755.052;2842393.284;C
1.13.60-3;-16.42588591;-71.49677188;-1944740.773;2842453.917;C
1.13.60-3;-16.4257796;-71.49631713;-1944734.032;2842506.875;C
1.13.60-3;-16.42576557;-71.49618312;-1944734.078;2842522.253;C
1.13.60-3;-16.42539727;-71.49685345;-1944682.333;2842451.07;C
1.13.60-4; ; ;-1.516416327;20763369.87;C
1.13.60-4;-16.42553298;-71.49644796;-1944703.404;2842495.27;C
1.13.60-4;-16.42566377;-71.49622666;-1944721.567;2842518.65;C
1.13.60-4;-16.42573946;-71.49606021;-1944732.564;2842536.532;C
1.13.60-4;-16.42573938;-71.49596621;-1944733.743;2842547.192;C
1.13.60-4;-16.42572555;-71.49587906;-1944733.22;2842557.255;C
1.13.60-4;-16.42562354;-71.49570711;-1944723.41;2842578.089;C
1.13.60-4;-16.42552484;-71.49559252;-1944713.263;2842592.376;C
1.13.60-4;-16.42544133;-71.49551781;-1944704.396;2842601.941;C
1.13.60-4;-16.42540769;-71.4955026;-1944700.636;2842604.106;C
1.13.60-4;-16.42539102;-71.49550072;-1944698.702;2842604.538;C
1.13.60-4;-16.42537236;-71.49550384;-1944696.47;2842604.429;C
1.13.60-4;-16.42534157;-71.49551561;-1944692.704;2842603.497;C
1.13.60-4;-16.42530473;-71.49553639;-1944688.112;2842601.623;C
1.13.60-4;-16.42526643;-71.49556691;-1944683.226;2842598.664;C
1.13.60-4;-16.42517877;-71.49564724;-1944671.912;2842590.704;C
1.13.60-4;-16.42514794;-71.49567607;-1944667.926;2842587.839;C
1.13.60-4;-16.42504811;-71.49572469;-1944655.582;2842583.634;C
1.13.60-4;-16.42491044;-71.49576448;-1944638.904;2842580.925;C
1.13.60-4;-16.42484442;-71.49579216;-1944630.799;2842578.651;C
1.13.60-4;-16.42474014;-71.49594875;-1944616.567;2842562.261;C
1.13.60-5; ; ;-1.516416327;20763369.87;C
1.13.60-5;-16.42446271;-71.49625054;-1944580.158;2842531.676;C
1.13.60-5;-16.42464661;-71.49602021;-1944604.676;2842555.384;C
1.13.60-5;-16.42464438;-71.49599402;-1944604.745;2842558.383;C
1.13.60-5;-16.4246924;-71.49592968;-1944611.2;2842565.049;C
1.13.60-5;-16.42466745;-71.495905;-1944608.581;2842568.175;C
1.13.60-5;-16.42461248;-71.49594297;-1944601.642;2842564.59;C
1.13.60-5;-16.42454899;-71.49597926;-1944593.725;2842561.306;C
1.13.60-5;-16.42435388;-71.49612857;-1944568.913;2842546.931;C
1.13.60-6; ; ;-1.516416327;20763369.87;C
1.13.60-6;-16.42531981;-71.49679514;-1944673.97;2842458.695;C
1.13.60-6;-16.42533468;-71.49678576;-1944675.836;2842459.564;C
1.13.60-6;-16.42543978;-71.49658597;-1944690.709;2842480.842;C
1.13.60-6;-16.42545541;-71.49659538;-1944692.426;2842479.57;C
1.13.60-6;-16.42549682;-71.49652079;-1944698.234;2842487.486;C
1.13.60-6;-16.42528139;-71.49639055;-1944674.571;2842505.076;C
1.13.60-6;-16.42527155;-71.49639811;-1944673.32;2842504.348;C
1.13.60-6;-16.42520331;-71.49635485;-1944665.85;2842510.146;C
1.13.60-6;-16.42521037;-71.49633696;-1944666.905;2842512.082;C
1.13.60-6;-16.42517555;-71.49631849;-1944663.047;2842514.633;C
1.13.60-6;-16.42516983;-71.49632879;-1944662.245;2842513.54;C
1.13.60-6;-16.42496896;-71.49620955;-1944640.153;2842529.692;C
1.13.60-6;-16.42497351;-71.49619742;-1944640.841;2842531.008;C
1.13.60-6;-16.42494133;-71.49617572;-1944637.335;2842533.89;C
1.13.60-6;-16.42493298;-71.49618375;-1944636.253;2842533.088;C
1.13.60-6;-16.4246961;-71.49603546;-1944610.297;2842553.006;C
1.13.60-6;-16.42452271;-71.49633407;-1944586.151;2842521.418;C
1.13.60-6;-16.42530524;-71.49680072;-1944672.188;2842458.255;C
1.13.60-7; ; ;-1.516416327;20763369.87;C
1.13.60-7;-16.42394127;-71.49712089;-1944507.893;2842439.816;C
1.13.60-7;-16.42397599;-71.49710109;-1944512.222;2842441.606;C
1.13.60-7;-16.42415347;-71.49680715;-1944536.79;2842472.611;C
1.13.60-7;-16.42414992;-71.49677568;-1944536.77;2842476.227;C
1.13.60-7;-16.42431035;-71.49650671;-1944559.02;2842504.624;C
1.13.60-7;-16.4244589;-71.4962535;-1944579.673;2842531.389;C
1.13.60-7;-16.42435153;-71.49613261;-1944568.587;2842546.504;C
1.13.60-7;-16.42422801;-71.4962393;-1944552.726;2842536.024;C
1.13.60-7;-16.42409631;-71.49636127;-1944535.711;2842523.919;C
1.13.60-7;-16.42392447;-71.4964928;-1944513.86;2842511.256;C
1.13.60-7;-16.42378076;-71.49659164;-1944495.726;2842501.931;C
1.13.60-7;-16.42367896;-71.49665752;-1944482.934;2842495.793;C
1.13.60-7;-16.42336173;-71.49676626;-1944444.288;2842487.618;C
1.13.60-8; ; ;-1.516416327;20763369.87;C
1.13.60-8;-16.42526981;-71.49690675;-1944666.684;2842446.695;C
1.13.60-8;-16.42525884;-71.49687696;-1944665.772;2842450.218;C
1.13.60-8;-16.42447475;-71.49640919;-1944579.566;2842513.528;C
1.13.60-8;-16.42431097;-71.49670149;-1944556.629;2842482.529;C
1.13.60-8;-16.42510198;-71.49719434;-1944643.332;2842416.284;C
1.13.60-9; ; ;-1.516416327;20763369.87;C
1.13.60-9;-16.42564597;-71.49819015;-1944694.654;2842296.245;C
1.13.60-9;-16.4256971;-71.49817969;-1944700.792;2842296.761;C
1.13.60-9;-16.4259071;-71.49782351;-1944729.967;2842334.397;C
1.13.60-9;-16.42589234;-71.49778141;-1944728.766;2842339.364;C
1.13.60-9;-16.42513417;-71.49730925;-1944645.661;2842402.833;C
1.13.60-9;-16.42490075;-71.49770774;-1944613.199;2842360.706;C
1.13.60-10; ; ;-1.516416327;20763369.87;C
1.13.60-10;-16.42545549;-71.4985812;-1944667.331;2842254.4;C
1.13.60-10;-16.42562738;-71.4982802;-1944691.331;2842286.278;C
1.13.60-10;-16.4248713;-71.49779952;-1944608.58;2842350.685;C
1.13.60-10;-16.42484167;-71.49780074;-1944605.083;2842350.934;C
1.13.60-10;-16.42468555;-71.49808511;-1944583.146;2842320.735;C
1.13.60-11; ; ;-1.516416327;20763369.87;C
1.13.60-11;-16.42460611;-71.49803661;-1944574.427;2842327.274;C
1.13.60-11;-16.4247711;-71.49773995;-1944597.561;2842358.752;C
1.13.60-11;-16.42399596;-71.49725163;-1944512.666;2842424.275;C
1.13.60-11;-16.42382022;-71.49754464;-1944488.315;2842393.353;C
1.13.60-12; ; ;-1.516416327;20763369.87;C
1.13.60-12;-16.42391293;-71.4972228;-1944503.276;2842428.632;C
1.13.60-12;-16.42388523;-71.49718605;-1944500.485;2842433.161;C
1.13.60-12;-16.42328758;-71.49682738;-1944434.804;2842481.659;C
1.13.60-12;-16.42319918;-71.49695627;-1944422.789;2842468.202;C
1.13.60-12;-16.42309897;-71.49711503;-1944409.009;2842451.512;C
1.13.60-12;-16.42375327;-71.49749467;-1944481.081;2842399.895;C
1.13.60-13; ; ;-1.516416327;20763369.87;C
1.13.60-13;-16.42351419;-71.49786982;-1944448.25;2842360.488;C
1.13.60-13;-16.42371099;-71.49757654;-1944475.079;2842391.165;C
1.13.60-13;-16.42306218;-71.49717991;-1944403.867;2842444.638;C
1.13.60-13;-16.42287237;-71.49747453;-1944377.843;2842413.716;C
1.13.60-14; ; ;-1.516416327;20763369.87;C
1.13.60-14;-16.42437071;-71.4984046;-1944542.119;2842288.632;C
1.13.60-14;-16.42440372;-71.49838721;-1944546.217;2842290.171;C
1.13.60-14;-16.42455441;-71.49812986;-1944567.174;2842317.378;C
1.13.60-14;-16.424549;-71.49809847;-1944566.935;2842321.008;C
1.13.60-14;-16.4237628;-71.49762541;-1944480.548;2842384.945;C
1.13.60-14;-16.42360635;-71.49791955;-1944458.449;2842353.643;C
1.13.60-15; ; ;-1.516416327;20763369.87;C
1.13.60-15;-16.42533998;-71.49880969;-1944650.872;2842230.004;C
1.13.60-15;-16.42539357;-71.49866722;-1944658.969;2842245.456;C
1.13.60-15;-16.4253927;-71.49865024;-1944659.081;2842247.394;C
1.13.60-15;-16.42462736;-71.49816167;-1944575.342;2842312.816;C
1.13.60-15;-16.42445908;-71.49845637;-1944551.847;2842281.604;C
1.13.60-15;-16.42523645;-71.49894891;-1944636.949;2842215.574;C
1.13.60-16; ; ;-1.516416327;20763369.87;C
1.13.60-16;-16.42518632;-71.49905706;-1944629.693;2842203.967;C
1.13.60-16;-16.42518612;-71.49902417;-1944630.085;2842207.7;C
1.13.60-16;-16.42442278;-71.49853065;-1944546.643;2842273.657;C
1.13.60-16;-16.42424538;-71.49883139;-1944522;2842241.879;C
1.13.60-16;-16.42502545;-71.49932477;-1944607.41;2842175.72;C
1.13.60-17; ; ;-1.516416327;20763369.87;C
1.13.60-17;-16.42433891;-71.49848619;-1944537.351;2842279.796;C
1.13.60-17;-16.42355503;-71.49800604;-1944451.326;2842344.507;C
1.13.60-17;-16.42339326;-71.49829187;-1944428.709;2842314.216;C
1.13.60-17;-16.42416662;-71.49878743;-1944513.302;2842247.895;C
1.13.60-18; ; ;-1.516416327;20763369.87;C
1.13.60-18;-16.42347971;-71.49796447;-1944443.003;2842350.207;C
1.13.60-18;-16.42346489;-71.49792758;-1944441.729;2842354.584;C
1.13.60-18;-16.42282738;-71.49756415;-1944371.425;2842404.143;C
1.13.60-18;-16.42270111;-71.49787223;-1944352.695;2842370.863;C
1.13.60-18;-16.42330797;-71.4982424;-1944419.313;2842320.942;C
1.13.61-1; ; ;-1.516416327;20763369.87;C
1.13.61-1;-16.42437613;-71.50037703;-1944517.824;2842064.909;C
1.13.61-1;-16.42496848;-71.49941768;-1944599.542;2842165.93;C
1.13.61-1;-16.42354472;-71.49849288;-1944443.962;2842289.44;C
1.13.61-1;-16.42294584;-71.49946183;-1944361.355;2842187.413;C
1.13.61-2; ; ;-1.516416327;20763369.87;C
1.13.61-2;-16.42288658;-71.49942137;-1944354.905;2842192.777;C
1.13.61-2;-16.42314247;-71.49900082;-1944390.283;2842237.112;C
1.13.61-2;-16.42312011;-71.4989874;-1944387.826;2842238.926;C
1.13.61-2;-16.42321399;-71.4988533;-1944400.55;2842252.903;C
1.13.61-2;-16.42344882;-71.49845967;-1944433.115;2842294.461;C
1.13.61-2;-16.42337536;-71.49841325;-1944425.071;2842300.686;C
1.13.61-2;-16.4233812;-71.49839495;-1944425.988;2842302.685;C
1.13.61-2;-16.42333786;-71.49836678;-1944421.252;2842306.447;C
1.13.61-2;-16.42332708;-71.49838459;-1944419.761;2842304.568;C
1.13.61-2;-16.42271035;-71.49799219;-1944352.264;2842357.14;C
1.13.61-2;-16.42269634;-71.49799355;-1944350.601;2842357.169;C
1.13.61-2;-16.42268558;-71.49799944;-1944349.262;2842356.642;C
1.13.61-2;-16.42267298;-71.49801666;-1944347.564;2842354.855;C
1.13.61-2;-16.42237395;-71.49853638;-1944305.864;2842299.839;C
1.13.61-2;-16.4221346;-71.49893182;-1944272.745;2842258.135;C
1.13.62-1; ; ;-1.516416327;20763369.87;C
1.13.62-1;-16.42160194;-71.49878223;-1944212.057;2842282.071;C
1.13.62-1;-16.4214081;-71.49908666;-1944185.436;2842250.091;C
1.13.62-1;-16.42178568;-71.49932332;-1944226.805;2842218.311;C
1.13.62-1;-16.42194951;-71.49943864;-1944244.595;2842203.09;C
1.13.62-1;-16.42213757;-71.49961624;-1944264.445;2842180.489;C
1.13.62-1;-16.42237387;-71.49926428;-1944296.655;2842217.304;C
1.13.62-2; ; ;-1.516416327;20763369.87;C
1.13.62-2;-16.42239779;-71.49930843;-1944298.907;2842211.984;C
1.13.62-2;-16.4221686;-71.49962602;-1944267.967;2842178.974;C
1.13.62-2;-16.42287048;-71.50031338;-1944341.739;2842091.843;C
1.13.62-2;-16.42317607;-71.49980418;-1944384.077;2842145.58;C
1.13.62-3; ; ;-1.516416327;20763369.87;C
1.13.62-3;-16.4232256;-71.49984908;-1944389.329;2842139.839;C
1.13.62-3;-16.42292765;-71.5003692;-1944347.75;2842084.766;C
1.13.62-3;-16.42335031;-71.50079117;-1944392.073;2842031.384;C
1.13.62-3;-16.42370079;-71.50015895;-1944441.239;2842098.481;C
1.13.62-4; ; ;-1.516416327;20763369.87;C
1.13.62-4;-16.42376912;-71.50020441;-1944448.692;2842092.431;C
1.13.62-4;-16.42340475;-71.50085191;-1944397.701;2842023.783;C
1.13.62-4;-16.42380977;-71.50128017;-1944439.872;2841969.921;C
1.13.62-4;-16.42427986;-71.50050816;-1944504.856;2842051.301;C
1.13.62-5; ; ;-1.516416327;20763369.87;C
1.13.62-5;-16.42434977;-71.50055676;-1944512.456;2842044.875;C
1.13.62-5;-16.42389288;-71.50133531;-1944448.939;2841962.58;C
1.13.62-5;-16.42440122;-71.50164259;-1944504.777;2841921.082;C
1.13.62-5;-16.42484137;-71.50085622;-1944566.425;2842004.483;C
1.13.62-6; ; ;-1.516416327;20763369.87;C
1.13.62-6;-16.42490614;-71.5009134;-1944573.312;2841997.151;C
1.13.62-6;-16.42445811;-71.50170772;-1944510.638;2841912.952;C
1.13.62-6;-16.42496211;-71.50200797;-1944566.054;2841872.308;C
1.13.62-6;-16.42540203;-71.50121856;-1944627.714;2841956.056;C
1.13.62-7; ; ;-1.516416327;20763369.87;C
1.13.62-7;-16.42378243;-71.50165516;-1944431.921;2841927.759;C
1.13.62-7;-16.42389228;-71.50180664;-1944442.912;2841909.145;C
1.13.62-7;-16.42414463;-71.5021674;-1944468;2841864.935;C
1.13.62-7;-16.42438171;-71.50247581;-1944491.954;2841826.861;C
1.13.62-7;-16.42456016;-71.50269516;-1944510.148;2841799.652;C
1.13.62-7;-16.42488264;-71.50214632;-1944554.969;2841857.661;C
1.13.62-7;-16.42370253;-71.50139778;-1944425.787;2841957.99;C
1.13.62-7;-16.42351371;-71.5011595;-1944406.615;2841987.48;C
1.13.62-7;-16.423647;-71.50147926;-1944418.233;2841949.478;C
1.13.62-8; ; ;-1.516416327;20763369.87;C
1.13.62-8;-16.42496257;-71.502192;-1944563.781;2841851.435;C
1.13.62-8;-16.42462562;-71.5027856;-1944516.694;2841788.541;C
1.13.62-8;-16.42501569;-71.50324503;-1944556.714;2841731.34;C
1.13.62-8;-16.42546419;-71.50249833;-1944618.842;2841810.132;C
1.13.62-9; ; ;-1.516416327;20763369.87;C
1.13.62-9;-16.42550094;-71.50128678;-1944638.471;2841947.024;C
1.13.62-9;-16.42546162;-71.50131593;-1944633.484;2841944.234;C
1.13.62-9;-16.42504672;-71.50203415;-1944575.663;2841868.231;C
1.13.62-9;-16.42555103;-71.50233625;-1944631.092;2841827.374;C
1.13.62-9;-16.42598546;-71.50157663;-1944691.731;2841907.815;C
1.13.62-10; ; ;-1.516416327;20763369.87;C
1.13.62-10;-16.42604398;-71.50164445;-1944697.748;2841899.359;C
1.13.62-10;-16.42563173;-71.5023874;-1944639.927;2841820.517;C
1.13.62-10;-16.42610042;-71.50267022;-1944691.415;2841782.312;C
1.13.62-10;-16.42650838;-71.50194645;-1944748.49;2841859.034;C
1.13.62-11; ; ;-1.516416327;20763369.87;C
1.13.62-11;-16.4255135;-71.50254163;-1944624.087;2841804.578;C
1.13.62-11;-16.42506383;-71.50331777;-1944561.45;2841722.463;C
1.13.62-11;-16.42542291;-71.50374976;-1944598.177;2841668.78;C
1.13.62-11;-16.42544978;-71.50375321;-1944601.289;2841668.037;C
1.13.62-11;-16.42573044;-71.50330329;-1944639.948;2841715.376;C
1.13.62-11;-16.42602253;-71.50282889;-1944680.258;2841765.34;C
1.13.62-12; ; ;-1.516416327;20763369.87;C
1.13.62-12;-16.42605998;-71.50291778;-1944683.535;2841754.772;C
1.13.62-12;-16.4255053;-71.50384142;-1944606.697;2841657.308;C
1.13.62-12;-16.42589368;-71.50432363;-1944646.231;2841597.548;C
1.13.62-12;-16.42604234;-71.50407957;-1944666.779;2841623.273;C
1.13.62-12;-16.42617546;-71.50382979;-1944685.576;2841649.852;C
1.13.62-12;-16.42619119;-71.50383018;-1944687.419;2841649.601;C
1.13.62-12;-16.42637638;-71.50351303;-1944713.182;2841683.135;C
1.13.62-12;-16.42658159;-71.50317604;-1944741.55;2841718.658;C
1.13.62-12;-16.42609831;-71.50289358;-1944688.343;2841757.013;C
1.13.62-13; ; ;-1.516416327;20763369.87;C
1.13.62-13;-16.4266046;-71.50200307;-1944759.079;2841851.354;C
1.13.62-13;-16.42619071;-71.50272346;-1944701.349;2841775.093;C
1.13.62-13;-16.42665863;-71.50301224;-1944752.671;2841736.221;C
1.13.62-13;-16.42708334;-71.50229859;-1944811.586;2841811.577;C
1.13.62-15; ; ;-1.516416327;20763369.87;C
1.13.62-15;-16.42664631;-71.5032075;-1944748.756;2841714.243;C
1.13.62-15;-16.42652678;-71.50341292;-1944732.118;2841692.517;C
1.13.62-15;-16.42597286;-71.50441156;-1944654.422;2841586.541;C
1.13.62-15;-16.42602295;-71.50447027;-1944659.564;2841579.228;C
1.13.62-15;-16.42703062;-71.50344478;-1944790.906;2841682.306;C
1.13.62-16; ; ;-1.516416327;20763369.87;C
1.13.62-16;-16.42714087;-71.5035015;-1944803.142;2841674.432;C
1.13.62-16;-16.42610904;-71.50456597;-1944668.469;2841567.25;C
1.13.62-16;-16.42619172;-71.50466124;-1944676.978;2841555.364;C
1.13.62-16;-16.4262594;-71.50463832;-1944685.219;2841557.078;C
1.13.62-16;-16.42641679;-71.5045449;-1944704.889;2841565.609;C
1.13.62-16;-16.42673164;-71.50427785;-1944745.253;2841591.765;C
1.13.62-16;-16.42702412;-71.50403481;-1944782.686;2841615.492;C
1.13.62-16;-16.42726539;-71.50382026;-1944813.742;2841636.659;C
1.13.62-16;-16.42734791;-71.50372434;-1944824.649;2841646.455;C
1.13.62-16;-16.42735958;-71.50369623;-1944826.375;2841649.489;C
1.13.62-16;-16.42735646;-71.50366075;-1944826.456;2841653.552;C
1.13.62-17; ; ;-1.516416327;20763369.87;C
1.13.62-17;-16.42733801;-71.50387546;-1944821.576;2841629.449;C
1.13.62-17;-16.42695692;-71.50420018;-1944772.701;2841597.622;C
1.13.62-17;-16.42646179;-71.50461376;-1944709.307;2841557.212;C
1.13.62-17;-16.42621558;-71.50475619;-1944678.581;2841544.287;C
1.13.62-17;-16.42634213;-71.50488497;-1944691.821;2841528.028;C
1.13.62-17;-16.42626534;-71.50498657;-1944681.516;2841517.514;C
1.13.62-17;-16.42635222;-71.50505556;-1944690.851;2841508.553;C
1.13.62-17;-16.42656447;-71.50513696;-1944714.757;2841496.545;C
1.13.62-17;-16.42667658;-71.5051788;-1944727.399;2841490.334;C
1.13.62-17;-16.42691277;-71.50515106;-1944755.497;2841490.386;C
1.13.62-17;-16.42709381;-71.50467549;-1944782.776;2841541.937;C
1.13.62-17;-16.42703186;-71.50460772;-1944776.355;2841550.432;C
1.13.62-17;-16.4270949;-71.50444874;-1944785.769;2841567.632;C
1.13.62-17;-16.42711266;-71.50439121;-1944788.584;2841573.922;C
1.13.62-17;-16.42725618;-71.5042434;-1944807.312;2841588.802;C
1.13.62-17;-16.42727443;-71.50425561;-1944809.301;2841587.18;C
1.13.62-17;-16.42734224;-71.50417123;-1944818.334;2841595.859;C
1.13.62-17;-16.42738685;-71.50407988;-1944824.729;2841605.632;C
1.13.62-17;-16.42742352;-71.5039657;-1944830.481;2841618.098;C
1.13.62-17;-16.4274461;-71.503879;-1944834.229;2841627.633;C
1.13.62-17;-16.42744236;-71.50376729;-1944835.202;2841640.347;C
1.13.62-17;-16.42741477;-71.50375559;-1944832.108;2841642.035;C
1.13.62-18; ; ;-1.516416327;20763369.87;C
1.13.62-18;-16.42799818;-71.50283662;-1944912.263;2841738.591;C
1.13.62-18;-16.42781041;-71.50288025;-1944889.652;2841736.104;C
1.13.62-18;-16.42765189;-71.50298545;-1944869.7;2841726.252;C
1.13.62-18;-16.42716995;-71.50344177;-1944807.313;2841680.823;C
1.13.62-18;-16.4274258;-71.50364376;-1944834.818;2841654.571;C
1.13.62-18;-16.42753376;-71.5034918;-1944849.421;2841670.387;C
1.13.62-18;-16.42759551;-71.50345524;-1944857.138;2841673.723;C
1.13.62-18;-16.4277271;-71.50335488;-1944873.866;2841683.379;C
1.13.62-18;-16.42783467;-71.50325774;-1944887.731;2841692.984;C
1.13.62-18;-16.42787777;-71.50320343;-1944893.481;2841698.578;C
1.13.62-18;-16.4279448;-71.50307719;-1944902.951;2841712.013;C
1.13.62-18;-16.42799014;-71.50300604;-1944909.177;2841719.488;C
1.13.62-18;-16.42801718;-71.50296383;-1944912.887;2841723.918;C
1.13.62-18;-16.42806226;-71.50291436;-1944918.809;2841728.938;C
1.13.62-19; ; ;-1.516416327;20763369.87;C
1.13.62-19;-16.42814304;-71.50283806;-1944929.263;2841736.531;C
1.13.62-19;-16.42814192;-71.50292005;-1944928.095;2841727.25;C
1.13.62-19;-16.4285055;-71.50308176;-1944968.765;2841704.152;C
1.13.62-19;-16.42859237;-71.50311433;-1944978.558;2841699.322;C
1.13.62-19;-16.42867957;-71.50309529;-1944989.044;2841700.338;C
1.13.62-19;-16.42876173;-71.50305142;-1944999.251;2841704.237;C
1.13.62-19;-16.42914724;-71.50305269;-1945044.525;2841699.043;C
1.13.62-19;-16.42918113;-71.50293681;-1945049.971;2841711.739;C
1.13.62-19;-16.428602;-71.50288367;-1944982.606;2841725.349;C
1.13.63-1; ; ;-1.516416327;20763369.87;C
1.13.63-1;-16.42187561;-71.49960209;-1944233.847;2842185.523;C
1.13.63-1;-16.421976;-71.49972752;-1944244.057;2842169.987;C
1.13.63-1;-16.42220267;-71.50003106;-1944266.85;2842132.6;C
1.13.63-1;-16.42249247;-71.50039864;-1944296.252;2842087.126;C
1.13.63-1;-16.42266174;-71.50063047;-1944313.209;2842058.622;C
1.13.63-1;-16.42304701;-71.50117251;-1944351.621;2841992.116;C
1.13.63-1;-16.42314782;-71.50133543;-1944361.406;2841972.322;C
1.13.63-1;-16.4232323;-71.50146681;-1944369.671;2841956.32;C
1.13.63-1;-16.42339633;-71.50172376;-1944385.694;2841925.036;C
1.13.63-1;-16.42349626;-71.50193108;-1944394.814;2841900.221;C
1.13.63-1;-16.42360884;-71.50211531;-1944405.712;2841877.857;C
1.13.63-1;-16.42376512;-71.50231555;-1944421.541;2841853.106;C
1.13.63-1;-16.42405351;-71.50271903;-1944450.323;2841803.58;C
1.13.63-1;-16.42422303;-71.50291476;-1944467.765;2841779.168;C
1.13.63-1;-16.42438676;-71.50317802;-1944483.673;2841747.174;C
1.13.63-1;-16.42459207;-71.50339252;-1944505.084;2841720.164;C
1.13.63-1;-16.42469298;-71.5034873;-1944515.74;2841708.097;C
1.13.63-1;-16.42489288;-71.50368329;-1944536.749;2841683.256;C
1.13.63-1;-16.42497821;-71.50377523;-1944545.611;2841671.715;C
1.13.63-1;-16.42515024;-71.50394442;-1944563.684;2841650.278;C
1.13.63-1;-16.42537422;-71.50421315;-1944586.601;2841616.875;C
1.13.63-1;-16.42549697;-71.50436804;-1944599.064;2841597.706;C
1.13.63-1;-16.42577246;-71.50464829;-1944627.888;2841562.323;C
1.13.63-1;-16.42591327;-71.50451032;-1944646.174;2841576.123;C
1.13.63-1;-16.42575438;-71.50430804;-1944630.062;2841601.139;C
1.13.63-1;-16.42558069;-71.50406083;-1944612.782;2841631.442;C
1.13.63-1;-16.42489506;-71.50320358;-1944543.067;2841737.62;C
1.13.63-1;-16.42465143;-71.50290724;-1944518.189;2841774.411;C
1.13.63-1;-16.42425983;-71.50243556;-1944478.145;2841833.021;C
1.13.63-1;-16.42392141;-71.50199624;-1944443.938;2841887.266;C
1.13.63-1;-16.42374428;-71.50174905;-1944426.252;2841917.613;C
1.13.63-1;-16.42361339;-71.50157541;-1944413.07;2841939.015;C
1.13.63-1;-16.42349303;-71.50130083;-1944402.399;2841971.726;C
1.13.63-1;-16.42337599;-71.50104228;-1944391.917;2842002.574;C
1.13.63-1;-16.4232066;-71.50076789;-1944375.484;2842035.905;C
1.13.63-1;-16.42289921;-71.50045219;-1944343.361;2842075.728;C
1.13.63-1;-16.4225067;-71.5000652;-1944302.138;2842124.747;C
1.13.63-1;-16.42216062;-71.49971674;-1944265.883;2842168.791;C
1.13.63-1;-16.42194701;-71.49952582;-1944243.2;2842193.237;C
1.13.64-1; ; ;-1.516416327;20763369.87;C
1.13.64-1;-16.42628787;-71.50561135;-1944676.267;2841446.379;C
1.13.64-1;-16.42632636;-71.50527619;-1944685.025;2841483.876;C
1.13.64-1;-16.42584246;-71.50490555;-1944632.859;2841532.237;C
1.13.64-1;-16.42562015;-71.50512886;-1944603.921;2841509.828;C
1.13.64-1;-16.42605879;-71.50579783;-1944646.999;2841428.234;C
1.13.64-2; ; ;-1.516416327;20763369.87;C
1.13.64-2;-16.42513216;-71.50637181;-1944530.886;2841375.286;C
1.13.64-2;-16.42600324;-71.50583359;-1944640.021;2841424.907;C
1.13.64-2;-16.42556807;-71.50514968;-1944597.54;2841508.149;C
1.13.64-2;-16.42482829;-71.50579445;-1944502.482;2841444.728;C
1.13.64-3; ; ;-1.516416327;20763369.87;C
1.13.64-3;-16.42250324;-71.50804169;-1944200.946;2841220.362;C
1.13.64-3;-16.42506925;-71.50642683;-1944522.8;2841369.872;C
1.13.64-3;-16.42478013;-71.50588212;-1944495.718;2841435.418;C
1.13.64-3;-16.42224356;-71.50753677;-1944176.817;2841281.011;C
1.13.76-21; ; ;-1.516416327;20763369.87;C
1.13.76-21;-16.41229758;-71.51380798;-1942929.2;2840700.059;C
1.13.76-21;-16.41247492;-71.513499;-1942953.932;2840732.774;C
1.13.76-21;-16.41189366;-71.51321415;-1942889.243;2840772.674;C
1.13.76-21;-16.41157146;-71.51315504;-1942852.139;2840783.589;C
1.13.76-21;-16.41132129;-71.51312636;-1942823.111;2840790.114;C
1.13.76-21;-16.41131413;-71.51313913;-1942822.109;2840788.759;C
1.13.76-21;-16.41098251;-71.51322527;-1942782.063;2840783.328;C
1.13.76-21;-16.41097014;-71.51340802;-1942778.304;2840762.767;C
1.13.76-21;-16.41128025;-71.51343554;-1942814.387;2840755.592;C
1.13.76-21;-16.41152712;-71.51346073;-1942843.071;2840749.508;C
1.13.76-21;-16.41172336;-71.51350244;-1942865.598;2840742.212;C
1.13.76-21;-16.41200947;-71.51366768;-1942897.124;2840719.734;C
1.13.76-21;-16.41226517;-71.51382494;-1942925.178;2840698.559;C
1.13.77-1; ; ;-1.516416327;20763369.87;C
1.13.77-1;-16.41155472;-71.51448499;-1942833.387;2840633.007;C
1.13.77-1;-16.41151776;-71.51477936;-1942825.329;2840600.113;C
1.13.77-1;-16.4115358;-71.5149793;-1942824.926;2840577.205;C
1.13.77-1;-16.41189551;-71.51496369;-1942867.38;2840574.272;C
1.13.77-1;-16.41193992;-71.51469282;-1942876.015;2840604.405;C
1.13.77-1;-16.41202005;-71.51435213;-1942889.728;2840641.987;C
1.13.77-1;-16.41171222;-71.51417612;-1942855.787;2840665.971;C
1.13.77-2; ; ;-1.516416327;20763369.87;C
1.13.77-2;-16.41101225;-71.51498423;-1942763.358;2840583.492;C
1.13.77-2;-16.41140604;-71.51497752;-1942809.704;2840579.103;C
1.13.77-2;-16.4114352;-71.51496227;-1942813.323;2840580.452;C
1.13.77-2;-16.41147484;-71.5145049;-1942823.751;2840631.794;C
1.13.77-2;-16.411408;-71.51446936;-1942816.348;2840636.698;C
1.13.77-2;-16.41124795;-71.51442984;-1942798.045;2840643.271;C
1.13.77-2;-16.41100445;-71.51443524;-1942769.371;2840645.844;C
1.13.77-2A; ; ;-1.516416327;20763369.87;C
1.13.77-2A;-16.41099027;-71.51418107;-1942770.913;2840674.849;C
1.13.77-2A;-16.41118472;-71.5141972;-1942793.553;2840670.477;C
1.13.77-2A;-16.41125745;-71.51419964;-1942802.065;2840669.249;C
1.13.77-2A;-16.41153283;-71.51433077;-1942832.762;2840650.78;C
1.13.77-2A;-16.41163757;-71.51413403;-1942847.549;2840671.718;C
1.13.77-2A;-16.41140165;-71.51398557;-1942821.708;2840691.637;C
1.13.77-2A;-16.41127812;-71.51394916;-1942807.655;2840697.381;C
1.13.77-2A;-16.41114383;-71.5139541;-1942791.816;2840698.577;C
1.13.77-2A;-16.41097886;-71.5139701;-1942772.235;2840698.92;C
1.13.77-3; ; ;-1.516416327;20763369.87;C
1.13.77-3;-16.41100179;-71.51383585;-1942776.622;2840713.842;C
1.13.77-3;-16.41135767;-71.51384549;-1942818.309;2840708.096;C
1.13.77-3;-16.41204735;-71.51426424;-1942894.045;2840651.596;C
1.13.77-3;-16.41223329;-71.51393117;-1942920.093;2840686.931;C
1.13.77-3;-16.41221008;-71.51388989;-1942917.886;2840691.915;C
1.13.77-3;-16.41168442;-71.5135674;-1942860.204;2840735.355;C
1.13.77-3;-16.4115667;-71.51353565;-1942846.776;2840740.495;C
1.13.77-3;-16.41098745;-71.51347379;-1942779.508;2840755.083;C
1.13.81-1; ; ;-1.516416327;20763369.87;C
1.13.81-1;-16.41886254;-71.50286949;-1943838.575;2841854.479;C
1.13.81-1;-16.41935809;-71.50386272;-1943884.245;2841735.369;C
1.13.81-1;-16.41970415;-71.50364783;-1943927.616;2841755.207;C
1.13.81-1;-16.41913636;-71.50252039;-1943875.155;2841890.479;C
1.13.81-1;-16.41910563;-71.50254125;-1943871.281;2841888.516;C
1.13.81-2; ; ;-1.516416327;20763369.87;C
1.13.81-2;-16.4201719;-71.50463696;-1943970.072;2841636.927;C
1.13.81-2;-16.4197467;-71.50374474;-1943931.39;2841743.661;C
1.13.81-2;-16.41941609;-71.50395246;-1943889.926;2841724.435;C
1.13.81-2;-16.41983907;-71.50485792;-1943928.179;2841616.229;C
1.13.81-3; ; ;-1.516416327;20763369.87;C
1.13.81-3;-16.4202458;-71.50458697;-1943979.386;2841641.628;C
1.13.81-3;-16.42059796;-71.50438174;-1944023.35;2841660.29;C
1.13.81-3;-16.42015567;-71.50346584;-1943982.961;2841769.932;C
1.13.81-3;-16.41982992;-71.50369211;-1943941.832;2841748.54;C
1.13.81-4; ; ;-1.516416327;20763369.87;C
1.13.81-4;-16.42111843;-71.50405477;-1944088.626;2841690.551;C
1.13.81-4;-16.42057616;-71.50319299;-1944035.808;2841795.366;C
1.13.81-4;-16.42023212;-71.50341493;-1943992.586;2841774.703;C
1.13.81-4;-16.4206616;-71.50432057;-1944031.599;2841666.392;C
1.13.81-5; ; ;-1.516416327;20763369.87;C
1.13.81-5;-16.42053176;-71.50309303;-1944031.855;2841807.281;C
1.13.81-5;-16.42029069;-71.50272247;-1944008.215;2841852.455;C
1.13.81-5;-16.42001517;-71.5028932;-1943973.689;2841836.702;C
1.13.81-5;-16.42000946;-71.50294052;-1943972.421;2841831.412;C
1.13.81-5;-16.42018086;-71.50332298;-1943987.725;2841785.801;C
1.13.4-12; ; ;-1.516416327;20763369.87;D
1.13.4-12;-16.42988966;-71.49145115;-1945278.447;2843004.772;D
1.13.4-12;-16.43016305;-71.49085606;-1945318.095;2843068.665;D
1.13.4-12;-16.42972305;-71.49075899;-1945267.628;2843085.439;D
1.13.4-12;-16.42959219;-71.49116314;-1945247.141;2843041.328;D
1.13.4-12;-16.42948502;-71.4915748;-1945229.343;2842996.055;D
1.13.4-13; ; ;-1.516416327;20763369.87;D
1.13.4-13;-16.43026659;-71.49053089;-1945334.373;2843104.179;D
1.13.4-13;-16.4298331;-71.49041509;-1945284.908;2843122.992;D
1.13.4-13;-16.42973817;-71.49071645;-1945269.942;2843090.065;D
1.13.4-13;-16.43018159;-71.49081957;-1945320.736;2843072.56;D
1.13.4-14; ; ;-1.516416327;20763369.87;D
1.13.4-14;-16.43027982;-71.49048824;-1945336.467;2843108.842;D
1.13.4-14;-16.43035102;-71.49026063;-1945347.712;2843133.717;D
1.13.4-14;-16.43038661;-71.49015867;-1945353.183;2843144.812;D
1.13.4-14;-16.43040505;-71.49007932;-1945356.354;2843153.567;D
1.13.4-14;-16.43041126;-71.49002315;-1945357.793;2843159.855;D
1.13.4-14;-16.43039319;-71.48998765;-1945356.12;2843164.118;D
1.13.4-14;-16.43033785;-71.48999243;-1945349.557;2843164.301;D
1.13.4-14;-16.43023462;-71.49002078;-1945337.071;2843162.44;D
1.13.4-14;-16.43015728;-71.4900376;-1945327.771;2843161.547;D
1.13.4-14;-16.43008956;-71.49005069;-1945319.649;2843160.95;D
1.13.4-14;-16.43003581;-71.49006924;-1945313.1;2843159.551;D
1.13.4-14;-16.42998984;-71.4900978;-1945307.337;2843156.915;D
1.13.4-14;-16.4299575;-71.49012711;-1945303.167;2843154.016;D
1.13.4-14;-16.42992657;-71.4901679;-1945299.016;2843149.795;D
1.13.4-14;-16.42983698;-71.49037867;-1945285.825;2843127.071;D
1.13.4-17; ; ;-1.516416327;20763369.87;D
1.13.4-17;-16.43064427;-71.49026605;-1945382.097;2843129.258;D
1.13.4-17;-16.43091734;-71.49014789;-1945415.674;2843139.077;D
1.13.4-17;-16.43077718;-71.48989078;-1945402.461;2843170.068;D
1.13.4-17;-16.43047191;-71.48998718;-1945365.375;2843163.139;D
1.13.4-17;-16.430513;-71.49012729;-1945368.429;2843146.714;D
1.13.4-22; ; ;-1.516416327;20763369.87;D
1.13.4-22;-16.43070583;-71.49180414;-1945369.872;2842954.049;D
1.13.4-22;-16.43066092;-71.49167596;-1945366.217;2842969.172;D
1.13.4-22;-16.43065706;-71.491669;-1945365.853;2842970.011;D
1.13.4-22;-16.43060134;-71.49157941;-1945360.44;2842980.9;D
1.13.4-22;-16.43056701;-71.49146795;-1945357.816;2842993.989;D
1.13.4-22;-16.43052989;-71.49137508;-1945354.629;2843005.006;D
1.13.4-22;-16.43048709;-71.49121101;-1945351.676;2843024.17;D
1.13.4-22;-16.43047604;-71.49112294;-1945351.493;2843034.301;D
1.13.4-22;-16.43047595;-71.49101478;-1945352.85;2843046.566;D
1.13.4-22;-16.43046219;-71.49092742;-1945352.338;2843056.653;D
1.13.4-22;-16.43044854;-71.49076935;-1945352.734;2843074.755;D
1.13.4-22;-16.43046328;-71.49063231;-1945356.2;2843090.101;D
1.13.4-22;-16.43049029;-71.49057537;-1945360.093;2843096.204;D
1.13.4-22;-16.43052061;-71.49047263;-1945364.956;2843107.456;D
1.13.4-22;-16.43055654;-71.49035815;-1945370.625;2843119.966;D
1.13.4-22;-16.43062387;-71.49028126;-1945379.508;2843127.801;D
1.13.4-22;-16.43049586;-71.49014361;-1945366.21;2843145.087;D
1.13.4-22;-16.43046543;-71.49005343;-1945363.775;2843155.712;D
1.13.4-22;-16.43040049;-71.49021608;-1945354.087;2843138.121;D
1.13.4-22;-16.43037978;-71.49031509;-1945350.402;2843127.165;D
1.13.4-22;-16.43034488;-71.49045266;-1945344.562;2843112.024;D
1.13.4-22;-16.4303033;-71.49057179;-1945338.17;2843099.06;D
1.13.4-22;-16.43028333;-71.49072248;-1945333.917;2843082.235;D
1.13.4-22;-16.43026769;-71.49088512;-1945330.022;2843063.999;D
1.13.4-22;-16.43029014;-71.49108416;-1945330.142;2843041.135;D
1.13.4-22;-16.43030512;-71.49119813;-1945330.46;2843028.016;D
1.13.4-22;-16.4303345;-71.49129041;-1945332.744;2843017.167;D
1.13.4-22;-16.43036135;-71.49140455;-1945334.455;2843003.873;D
1.13.4-22;-16.43037918;-71.49151769;-1945335.118;2842990.811;D
1.13.4-22;-16.43043912;-71.49163707;-1945340.651;2842976.488;D
1.13.4-22;-16.43048564;-71.49174761;-1945344.718;2842963.345;D
1.13.4-22;-16.43054894;-71.49189315;-1945350.314;2842946.013;D
1.13.4-23; ; ;-1.516416327;20763369.87;D
1.13.4-23;-16.43029412;-71.49143801;-1945326.133;2843000.961;D
1.13.4-23;-16.42994528;-71.49153503;-1945283.921;2842994.531;D
1.13.4-23;-16.42999583;-71.49185064;-1945285.868;2842958.082;D
1.13.4-23;-16.43040619;-71.49173551;-1945335.537;2842965.759;D
1.13.4-24; ; ;-1.516416327;20763369.87;D
1.13.4-24;-16.42992587;-71.49154347;-1945281.534;2842993.828;D
1.13.4-24;-16.42948858;-71.49165832;-1945228.705;2842986.537;D
1.13.4-24;-16.42948249;-71.49184415;-1945225.639;2842965.546;D
1.13.4-24;-16.42953174;-71.49196067;-1945229.951;2842951.688;D
1.13.4-24;-16.42995348;-71.49184996;-1945280.901;2842958.714;D
1.13.5-1; ; ;-1.516416327;20763369.87;D
1.13.5-1;-16.43109341;-71.48977363;-1945441.096;2843179.207;D
1.13.5-1;-16.43128013;-71.48969509;-1945464.027;2843185.665;D
1.13.5-1;-16.43141341;-71.48961826;-1945480.658;2843192.629;D
1.13.5-1;-16.43129165;-71.48947691;-1945468.14;2843210.253;D
1.13.5-1;-16.43104618;-71.48962944;-1945437.371;2843196.175;D
1.13.5-1;-16.43073947;-71.48974744;-1945399.843;2843186.816;D
1.13.5-1;-16.43079459;-71.48984968;-1945405.026;2843174.501;D
1.13.5-2; ; ;-1.516416327;20763369.87;D
1.13.5-2;-16.43143748;-71.48963889;-1945483.225;2843189.975;D
1.13.5-2;-16.43129207;-71.48971731;-1945465.149;2843182.988;D
1.13.5-2;-16.43122574;-71.48974889;-1945456.957;2843180.278;D
1.13.5-2;-16.43109117;-71.4898186;-1945440.264;2843174.137;D
1.13.5-2;-16.43143117;-71.49017596;-1945475.689;2843129.159;D
1.13.5-2;-16.43164992;-71.48990054;-1945504.874;2843157.521;D
1.13.5-3; ; ;-1.516416327;20763369.87;D
1.13.5-3;-16.43122276;-71.49001178;-1945453.28;2843150.508;D
1.13.5-3;-16.43105105;-71.48981811;-1945435.557;2843174.719;D
1.13.5-3;-16.43077585;-71.48988128;-1945402.424;2843171.163;D
1.13.5-3;-16.43093519;-71.49014749;-1945417.777;2843138.889;D
1.13.5-3;-16.43105964;-71.49032834;-1945430.111;2843116.751;D
1.13.5-3;-16.43116588;-71.49046595;-1945440.852;2843099.755;D
1.13.5-3;-16.43130455;-71.49059961;-1945455.453;2843082.782;D
1.13.5-3;-16.43134177;-71.49047262;-1945461.432;2843096.693;D
1.13.5-3;-16.43142408;-71.49023135;-1945474.155;2843122.972;D
1.13.6-1; ; ;-1.516416327;20763369.87;D
1.13.6-1;-16.43111769;-71.49108973;-1945427.299;2843029.657;D
1.13.6-1;-16.43117161;-71.49132044;-1945430.716;2843002.79;D
1.13.6-1;-16.43141185;-71.4915002;-1945456.666;2842979.258;D
1.13.6-1;-16.43154913;-71.49173111;-1945469.874;2842951.277;D
1.13.6-1;-16.43165006;-71.49184684;-1945480.268;2842936.831;D
1.13.6-1;-16.43167474;-71.49192714;-1945482.152;2842927.402;D
1.13.6-1;-16.43176416;-71.49187005;-1945493.38;2842932.703;D
1.13.6-1;-16.43153776;-71.4914451;-1945472.156;2842983.855;D
1.13.6-1;-16.43140937;-71.49119831;-1945460.194;2843013.521;D
1.13.6-1;-16.43128865;-71.49098569;-1945448.7;2843039.213;D
1.13.6-2; ; ;-1.516416327;20763369.87;D
1.13.6-2;-16.43203027;-71.49128476;-1945532.049;2842995.58;D
1.13.6-2;-16.43189312;-71.49096328;-1945520.003;2843033.831;D
1.13.6-2;-16.43177652;-71.49059428;-1945510.972;2843077.2;D
1.13.6-2;-16.43171035;-71.49054823;-1945503.78;2843083.289;D
1.13.6-2;-16.43147948;-71.49076412;-1945473.924;2843061.835;D
1.13.6-2;-16.43145347;-71.49079915;-1945470.425;2843058.204;D
1.13.6-2;-16.43131633;-71.49091211;-1945452.883;2843047.193;D
1.13.6-2;-16.43157746;-71.49142012;-1945477.137;2842986.167;D
1.13.6-2;-16.43176582;-71.49179869;-1945494.478;2842940.773;D
1.13.6-2;-16.43214545;-71.49157672;-1945541.888;2842960.966;D
1.13.6-3; ; ;-1.516416327;20763369.87;D
1.13.6-3;-16.43180421;-71.49183283;-1945498.557;2842936.399;D
1.13.6-3;-16.43197392;-71.49213556;-1945514.666;2842899.848;D
1.13.6-3;-16.43212402;-71.49266731;-1945525.574;2842837.587;D
1.13.6-3;-16.43224827;-71.49287788;-1945537.508;2842812.083;D
1.13.6-3;-16.43247423;-71.49281581;-1945564.84;2842816.159;D
1.13.6-3;-16.4323702;-71.49239947;-1945557.885;2842864.73;D
1.13.6-3;-16.43230065;-71.49214113;-1945552.981;2842894.934;D
1.13.6-3;-16.43226887;-71.49194669;-1945551.708;2842917.398;D
1.13.6-3;-16.43218849;-71.49173286;-1945544.97;2842942.697;D
1.13.6-3;-16.43212871;-71.49161544;-1945539.431;2842956.794;D
1.13.6-4; ; ;-1.516416327;20763369.87;D
1.13.6-4;-16.43196004;-71.49290135;-1945503.347;2842813.199;D
1.13.6-4;-16.43218037;-71.49349885;-1945521.676;2842742.563;D
1.13.6-4;-16.43226982;-71.49354078;-1945531.655;2842736.637;D
1.13.6-4;-16.43232117;-71.49352602;-1945537.874;2842737.637;D
1.13.6-4;-16.43233363;-71.49351085;-1945539.529;2842739.194;D
1.13.6-4;-16.43239918;-71.49352249;-1945547.084;2842737.015;D
1.13.6-4;-16.43241791;-71.49357238;-1945548.654;2842731.112;D
1.13.6-4;-16.43248371;-71.49369898;-1945554.783;2842715.894;D
1.13.6-4;-16.43258766;-71.49375857;-1945566.241;2842707.776;D
1.13.6-4;-16.43269773;-71.49381269;-1945578.489;2842700.197;D
1.13.6-4;-16.43275756;-71.49383285;-1945585.263;2842697.127;D
1.13.6-4;-16.43296632;-71.49386284;-1945609.41;2842690.99;D
1.13.6-4;-16.43300181;-71.4937512;-1945614.991;2842703.183;D
1.13.6-4;-16.4328603;-71.49361712;-1945600.062;2842720.241;D
1.13.6-4;-16.4327152;-71.4934997;-1945584.501;2842735.457;D
1.13.6-4;-16.43246934;-71.49322452;-1945559.096;2842769.881;D
1.13.6-4;-16.43240671;-71.49317249;-1945552.396;2842776.602;D
1.13.6-4;-16.43233536;-71.49316805;-1945544.07;2842778.04;D
1.13.6-4;-16.43219879;-71.49283916;-1945532.184;2842817.122;D
1.13.7-1; ; ;-1.516416327;20763369.87;D
1.13.7-1;-16.43266598;-71.49339258;-1945580.072;2842748.247;D
1.13.7-1;-16.43282925;-71.49354467;-1945597.331;2842728.862;D
1.13.7-1;-16.43297893;-71.49367237;-1945613.3;2842712.421;D
1.13.7-1;-16.43311683;-71.4937514;-1945628.503;2842701.653;D
1.13.7-1;-16.43326007;-71.49381443;-1945644.534;2842692.629;D
1.13.7-1;-16.43339861;-71.49383569;-1945660.542;2842688.403;D
1.13.7-1;-16.43353696;-71.49384179;-1945676.718;2842685.897;D
1.13.7-1;-16.43365803;-71.49381793;-1945691.245;2842687.015;D
1.13.7-1;-16.43370945;-71.49381748;-1945697.292;2842686.393;D
1.13.7-1;-16.43369769;-71.49367667;-1945697.691;2842702.513;D
1.13.7-1;-16.43357819;-71.49367924;-1945683.619;2842703.787;D
1.13.7-1;-16.43347197;-71.49369032;-1945671;2842703.924;D
1.13.7-1;-16.43336606;-71.49368541;-1945658.618;2842705.868;D
1.13.7-1;-16.4332399;-71.49368479;-1945643.804;2842707.593;D
1.13.7-1;-16.43306217;-71.49359441;-1945624.067;2842720.17;D
1.13.7-1;-16.4329236;-71.49348747;-1945609.139;2842734.111;D
1.13.7-1;-16.43275805;-71.49330902;-1945591.947;2842756.515;D
1.13.7-2; ; ;-1.516416327;20763369.87;D
1.13.7-2;-16.43373479;-71.49381803;-1945700.261;2842685.998;D
1.13.7-2;-16.43393612;-71.4937822;-1945724.369;2842687.422;D
1.13.7-2;-16.43405763;-71.49375078;-1945739.042;2842689.392;D
1.13.7-2;-16.43417701;-71.49368952;-1945753.842;2842694.772;D
1.13.7-2;-16.43431578;-71.49362504;-1945770.961;2842700.265;D
1.13.7-2;-16.43450514;-71.49355768;-1945794.061;2842705.421;D
1.13.7-2;-16.43463292;-71.49347187;-1945810.159;2842713.474;D
1.13.7-2;-16.43470242;-71.49339808;-1945819.257;2842720.931;D
1.13.7-2;-16.43472387;-71.49333503;-1945822.575;2842727.798;D
1.13.7-2;-16.43474746;-71.49328058;-1945826.036;2842733.663;D
1.13.7-2;-16.43475945;-71.49324039;-1945827.953;2842738.062;D
1.13.7-2;-16.43476431;-71.49318752;-1945829.193;2842743.993;D
1.13.7-2;-16.43463765;-71.49307318;-1945815.758;2842758.618;D
1.13.7-2;-16.43451109;-71.49321969;-1945799.035;2842743.666;D
1.13.7-2;-16.43439062;-71.49334348;-1945783.315;2842731.209;D
1.13.7-2;-16.43426706;-71.49345041;-1945767.447;2842720.704;D
1.13.7-2;-16.43415604;-71.49351759;-1945753.553;2842714.542;D
1.13.7-2;-16.4340595;-71.49358192;-1945741.397;2842708.513;D
1.13.7-2;-16.4340043;-71.49361389;-1945734.508;2842705.612;D
1.13.7-2;-16.43395337;-71.49364123;-1945728.179;2842703.18;D
1.13.7-2;-16.43386179;-71.49366225;-1945717.153;2842701.997;D
1.13.7-2;-16.43371688;-71.49367067;-1945700.021;2842702.941;D
1.13.7-3; ; ;-1.516416327;20763369.87;D
1.13.7-3;-16.43501368;-71.49259624;-1945865.971;2842807.766;D
1.13.7-3;-16.43507624;-71.49234687;-1945876.475;2842835.222;D
1.13.7-3;-16.43509537;-71.4921625;-1945881.056;2842855.876;D
1.13.7-3;-16.43497927;-71.49213887;-1945867.715;2842860.077;D
1.13.7-3;-16.43489354;-71.49255444;-1945852.385;2842814.081;D
1.13.7-4; ; ;-1.516416327;20763369.87;D
1.13.7-4;-16.43248288;-71.49318622;-1945561.171;2842774.046;D
1.13.7-4;-16.43264214;-71.493353;-1945577.772;2842753.047;D
1.13.7-4;-16.43272623;-71.49327947;-1945588.582;2842760.283;D
1.13.7-4;-16.43256917;-71.49303451;-1945573.228;2842790.117;D
1.13.7-4;-16.43248173;-71.49284186;-1945565.392;2842813.107;D
1.13.7-4;-16.43227113;-71.49290519;-1945539.848;2842808.687;D
1.13.7-4;-16.43234722;-71.49311772;-1945546.1;2842783.591;D
1.13.8-1; ; ;-1.516416327;20763369.87;D
1.13.8-1;-16.43525275;-71.49188316;-1945903.08;2842885.485;D
1.13.8-1;-16.4352899;-71.49190308;-1945907.193;2842882.74;D
1.13.8-1;-16.43536995;-71.49190034;-1945916.633;2842882.001;D
1.13.8-1;-16.43551763;-71.49191643;-1945933.78;2842878.24;D
1.13.8-1;-16.43562899;-71.49195926;-1945946.321;2842871.924;D
1.13.8-1;-16.43577664;-71.4920124;-1945962.996;2842863.963;D
1.13.8-1;-16.4359519;-71.49204843;-1945983.13;2842857.58;D
1.13.8-1;-16.43615528;-71.49206761;-1946006.782;2842852.739;D
1.13.8-1;-16.43612451;-71.49179437;-1946006.625;2842884.123;D
1.13.8-1;-16.43594461;-71.49179316;-1945985.504;2842886.619;D
1.13.8-1;-16.43577088;-71.49180332;-1945964.964;2842887.745;D
1.13.8-1;-16.4356474;-71.49174627;-1945951.179;2842895.832;D
1.13.8-1;-16.43546722;-71.49172491;-1945930.28;2842900.617;D
1.13.8-1;-16.43532804;-71.49175908;-1945913.495;2842898.567;D
1.13.8-2; ; ;-1.516416327;20763369.87;D
1.13.8-2;-16.43618175;-71.49206855;-1946009.881;2842852.284;D
1.13.8-2;-16.43645488;-71.49204008;-1946042.33;2842851.932;D
1.13.8-2;-16.43683143;-71.49204764;-1946086.474;2842846.138;D
1.13.8-2;-16.43681398;-71.4917721;-1946087.91;2842877.609;D
1.13.8-2;-16.43664309;-71.49176625;-1946067.906;2842880.513;D
1.13.8-2;-16.43614976;-71.49179475;-1946009.586;2842883.749;D
1.13.8-3; ; ;-1.516416327;20763369.87;D
1.13.8-3;-16.43686095;-71.49204687;-1946089.952;2842845.838;D
1.13.8-3;-16.43708193;-71.49205248;-1946115.843;2842842.305;D
1.13.8-3;-16.4373329;-71.49206511;-1946145.169;2842837.582;D
1.13.8-3;-16.43750375;-71.49208511;-1946164.988;2842833.074;D
1.13.8-3;-16.43773943;-71.4920304;-1946193.37;2842836.187;D
1.13.8-3;-16.43754927;-71.49183025;-1946173.562;2842861.374;D
1.13.8-3;-16.43744779;-71.49172825;-1946162.93;2842874.27;D
1.13.8-3;-16.43683177;-71.49175761;-1946090.184;2842879.019;D
1.13.8-4; ; ;-1.516416327;20763369.87;D
1.13.8-4;-16.43779778;-71.49201332;-1946200.441;2842837.358;D
1.13.8-4;-16.43792468;-71.49185496;-1946217.355;2842853.65;D
1.13.8-4;-16.43797375;-71.49169342;-1946225.164;2842871.322;D
1.13.8-4;-16.43799009;-71.49157199;-1946228.62;2842884.876;D
1.13.8-4;-16.43798312;-71.49139197;-1946230.079;2842905.38;D
1.13.8-4;-16.43753891;-71.49141559;-1946177.592;2842908.526;D
1.13.8-4;-16.43757296;-71.49182387;-1946176.426;2842861.787;D
1.13.8-5; ; ;-1.516416327;20763369.87;D
1.13.8-5;-16.43800534;-71.49136134;-1946233.078;2842908.561;D
1.13.8-5;-16.43798518;-71.4911713;-1946233.114;2842930.373;D
1.13.8-5;-16.43795237;-71.49097902;-1946231.693;2842952.605;D
1.13.8-5;-16.43769391;-71.4910135;-1946200.89;2842952.084;D
1.13.8-5;-16.43770717;-71.49139103;-1946197.671;2842909.104;D
1.13.8-27; ; ;-1.516416327;20763369.87;D
1.13.8-27;-16.43816317;-71.49218748;-1946241.166;2842812.821;D
1.13.8-27;-16.43804054;-71.49211104;-1946227.726;2842823.096;D
1.13.8-27;-16.43795786;-71.49216878;-1946217.282;2842817.633;D
1.13.8-27;-16.43813745;-71.49235762;-1946235.991;2842793.867;D
1.13.9-1; ; ;-1.516416327;20763369.87;D
1.13.9-1;-16.43223114;-71.49157407;-1945551.989;2842960.143;D
1.13.9-1;-16.43239681;-71.49197525;-1945566.378;2842912.483;D
1.13.9-1;-16.43267607;-71.4916905;-1945602.789;2842941.109;D
1.13.9-1;-16.43241122;-71.49140624;-1945575.27;2842976.812;D
1.13.9-2; ; ;-1.516416327;20763369.87;D
1.13.9-2;-16.43236602;-71.49211202;-1945561.03;2842897.378;D
1.13.9-2;-16.43246999;-71.4925426;-1945567.799;2842847.193;D
1.13.9-2;-16.43284654;-71.49216365;-1945616.832;2842885.225;D
1.13.9-2;-16.43299252;-71.49202099;-1945635.787;2842899.487;D
1.13.9-2;-16.43272785;-71.49175221;-1945608.093;2842933.433;D
1.13.9-3; ; ;-1.516416327;20763369.87;D
1.13.9-3;-16.43304487;-71.49267211;-1945633.702;2842824.972;D
1.13.9-3;-16.4332095;-71.49251566;-1945655.023;2842840.554;D
1.13.9-3;-16.43333944;-71.49238982;-1945671.88;2842853.119;D
1.13.9-3;-16.43306444;-71.49210336;-1945643.196;2842889.205;D
1.13.9-3;-16.43280056;-71.4923824;-1945608.663;2842861.024;D
1.13.9-4; ; ;-1.516416327;20763369.87;D
1.13.9-4;-16.43292592;-71.49343886;-1945610.026;2842739.592;D
1.13.9-4;-16.43320174;-71.49317664;-1945645.749;2842765.71;D
1.13.9-4;-16.43330616;-71.49307078;-1945659.357;2842776.344;D
1.13.9-4;-16.43347171;-71.49289585;-1945681.019;2842794.009;D
1.13.9-4;-16.43365077;-71.49272333;-1945704.239;2842811.223;D
1.13.9-4;-16.43341019;-71.49246107;-1945679.291;2842844.113;D
1.13.9-4;-16.43338211;-71.49245625;-1945676.054;2842845.028;D
1.13.9-4;-16.43270739;-71.49311421;-1945588.459;2842779.269;D
1.13.9-5; ; ;-1.516416327;20763369.87;D
1.13.9-5;-16.43342972;-71.49307882;-1945673.771;2842773.812;D
1.13.9-5;-16.43334208;-71.49325432;-1945661.254;2842755.062;D
1.13.9-5;-16.43327717;-71.49343759;-1945651.31;2842735.133;D
1.13.9-5;-16.43322405;-71.49362931;-1945642.643;2842714.09;D
1.13.9-5;-16.43364841;-71.49361975;-1945692.621;2842709.612;D
1.13.9-5;-16.43369667;-71.49340586;-1945700.997;2842733.232;D
1.13.9-5;-16.4337615;-71.49326989;-1945710.334;2842747.799;D
1.13.9-5;-16.43386854;-71.49315143;-1945724.408;2842759.827;D
1.13.9-5;-16.43396253;-71.49306619;-1945736.529;2842768.261;D
1.13.9-5;-16.43371397;-71.49276598;-1945711.124;2842805.559;D
1.13.9-5;-16.43353901;-71.49293785;-1945688.394;2842788.364;D
1.13.9-6; ; ;-1.516416327;20763369.87;D
1.13.9-6;-16.4337696;-71.49332321;-1945710.611;2842741.648;D
1.13.9-6;-16.43371663;-71.4934846;-1945702.346;2842724.042;D
1.13.9-6;-16.43373824;-71.49361568;-1945703.227;2842708.897;D
1.13.9-6;-16.43395137;-71.49358226;-1945728.69;2842709.892;D
1.13.9-6;-16.43411989;-71.49347073;-1945749.899;2842720.329;D
1.13.9-6;-16.43422297;-71.49339282;-1945762.996;2842727.812;D
1.13.9-6;-16.43400101;-71.49310024;-1945740.619;2842763.895;D
1.13.9-7; ; ;-1.516416327;20763369.87;D
1.13.9-7;-16.43403398;-71.49242298;-1945753.061;2842840.255;D
1.13.9-7;-16.43376963;-71.49270629;-1945718.419;2842811.597;D
1.13.9-7;-16.43430065;-71.49332627;-1945772.963;2842734.34;D
1.13.9-7;-16.4346177;-71.49302719;-1945813.996;2842764.095;D
1.13.9-7;-16.43425214;-71.49263153;-1945776.053;2842813.748;D
1.13.9-8; ; ;-1.516416327;20763369.87;D
1.13.9-8;-16.43347957;-71.49234005;-1945688.973;2842856.925;D
1.13.9-8;-16.43347497;-71.49237426;-1945688;2842853.107;D
1.13.9-8;-16.43374043;-71.49262749;-1945715.985;2842820.915;D
1.13.9-8;-16.43399555;-71.49236282;-1945749.306;2842847.58;D
1.13.9-8;-16.43371991;-71.49208906;-1945720.385;2842882.234;D
1.13.9-9; ; ;-1.516416327;20763369.87;D
1.13.9-9;-16.43315295;-71.4920295;-1945654.528;2842896.419;D
1.13.9-9;-16.43341325;-71.49230439;-1945681.634;2842861.839;D
1.13.9-9;-16.43367775;-71.49202744;-1945716.213;2842889.774;D
1.13.9-9;-16.43340698;-71.49175154;-1945687.891;2842924.606;D
1.13.9-10; ; ;-1.516416327;20763369.87;D
1.13.9-10;-16.43281495;-71.49166196;-1945619.467;2842942.525;D
1.13.9-10;-16.43307113;-71.4919436;-1945646.002;2842907.232;D
1.13.9-10;-16.43333083;-71.4916754;-1945679.907;2842934.238;D
1.13.9-10;-16.43307134;-71.49139731;-1945652.938;2842969.172;D
1.13.9-11; ; ;-1.516416327;20763369.87;D
1.13.9-11;-16.43275514;-71.49107286;-1945619.894;2843010.106;D
1.13.9-11;-16.43249522;-71.49133286;-1945586.067;2842984.031;D
1.13.9-11;-16.43263315;-71.49148814;-1945600.307;2842964.617;D
1.13.9-11;-16.43275703;-71.4916046;-1945613.388;2842949.788;D
1.13.9-11;-16.43302068;-71.49134411;-1945647.659;2842975.867;D
1.13.9-11;-16.4327572;-71.49107109;-1945620.158;2843010.279;D
1.13.9-12; ; ;-1.516416327;20763369.87;D
1.13.9-12;-16.43242898;-71.49128329;-1945578.911;2842990.52;D
1.13.9-12;-16.4326908;-71.49100378;-1945613.208;2843018.782;D
1.13.9-12;-16.43243676;-71.49072124;-1945586.936;2843054.149;D
1.13.9-12;-16.43215823;-71.49099997;-1945550.685;2843026.195;D
1.13.9-13; ; ;-1.516416327;20763369.87;D
1.13.9-13;-16.43187887;-71.49064648;-1945522.337;2843069.939;D
1.13.9-13;-16.43192728;-71.49071622;-1945527.141;2843061.396;D
1.13.9-13;-16.43190923;-71.49073405;-1945524.795;2843059.611;D
1.13.9-13;-16.43211177;-71.49095133;-1945545.842;2843032.319;D
1.13.9-13;-16.43237687;-71.49067143;-1945580.53;2843060.581;D
1.13.9-13;-16.43213084;-71.49038977;-1945555.187;2843095.744;D
1.13.9-14; ; ;-1.516416327;20763369.87;D
1.13.9-14;-16.43175289;-71.49031655;-1945511.71;2843109;D
1.13.9-14;-16.43179598;-71.49041989;-1945515.464;2843096.717;D
1.13.9-14;-16.43186581;-71.49050106;-1945522.641;2843086.598;D
1.13.9-14;-16.43204882;-71.49031595;-1945546.485;2843105.189;D
1.13.9-14;-16.43186051;-71.49013389;-1945526.664;2843128.301;D
1.13.9-14;-16.43179352;-71.49022559;-1945517.633;2843118.782;D
1.13.9-15; ; ;-1.516416327;20763369.87;D
1.13.9-15;-16.43143296;-71.49050012;-1945471.798;2843092.379;D
1.13.9-15;-16.43136796;-71.49065509;-1945462.201;2843075.66;D
1.13.9-15;-16.43145779;-71.49069757;-1945472.217;2843069.666;D
1.13.9-15;-16.43156024;-71.49054868;-1945486.138;2843085.205;D
1.13.9-15;-16.43169076;-71.49030299;-1945504.581;2843111.353;D
1.13.9-15;-16.43181565;-71.49005857;-1945522.347;2843137.43;D
1.13.9-15;-16.43169959;-71.48997774;-1945509.733;2843148.116;D
1.13.9-15;-16.43152053;-71.49024472;-1945485.318;2843120.191;D
1.13.9-16; ; ;-1.516416327;20763369.87;D
1.13.9-16;-16.4319741;-71.48944318;-1945548.749;2843205.131;D
1.13.9-16;-16.43207181;-71.48953258;-1945559.097;2843193.714;D
1.13.9-16;-16.43212441;-71.48957409;-1945564.752;2843188.317;D
1.13.9-16;-16.43214358;-71.48959272;-1945566.768;2843185.953;D
1.13.9-16;-16.43226097;-71.48946166;-1945582.219;2843199.274;D
1.13.9-16;-16.43239841;-71.48936517;-1945599.588;2843208.414;D
1.13.9-16;-16.43214687;-71.48910093;-1945573.378;2843241.674;D
1.13.9-17; ; ;-1.516416327;20763369.87;D
1.13.9-17;-16.43298479;-71.48906125;-1945672.327;2843235.188;D
1.13.9-17;-16.43315189;-71.48894921;-1945693.377;2843245.701;D
1.13.9-17;-16.4333666;-71.48875179;-1945721.101;2843265.271;D
1.13.9-17;-16.43332104;-71.4885951;-1945717.731;2843283.636;D
1.13.9-17;-16.4332318;-71.48850885;-1945708.337;2843294.585;D
1.13.9-17;-16.43317806;-71.48857096;-1945701.237;2843288.248;D
1.13.9-17;-16.43309435;-71.48869303;-1945689.858;2843275.503;D
1.13.9-17;-16.43299826;-71.48878323;-1945677.427;2843266.535;D
1.13.9-17;-16.43292376;-71.48882168;-1945668.188;2843263.153;D
1.13.9-17;-16.43284544;-71.48884756;-1945658.658;2843261.245;D
1.13.9-17;-16.43274711;-71.48891271;-1945646.281;2843255.147;D
1.13.9-17;-16.43262873;-71.48894897;-1945631.914;2843252.587;D
1.13.9-17;-16.4325385;-71.48897158;-1945621.027;2843251.207;D
1.13.9-17;-16.43246739;-71.48898228;-1945612.536;2843250.925;D
1.13.9-17;-16.43236648;-71.48897551;-1945600.766;2843253.016;D
1.13.9-17;-16.43232391;-71.48897713;-1945595.745;2843253.39;D
1.13.9-17;-16.43224375;-71.48897419;-1945586.363;2843254.775;D
1.13.9-17;-16.43216063;-71.48897904;-1945576.536;2843255.314;D
1.13.9-17;-16.43215227;-71.48905183;-1945574.633;2843247.17;D
1.13.9-17;-16.43236254;-71.4892674;-1945596.61;2843219.971;D
1.13.9-17;-16.4328012;-71.48917281;-1945649.345;2843224.945;D
1.13.9-18; ; ;-1.516416327;20763369.87;D
1.13.9-18;-16.433329;-71.489156;-1945711.568;2843219.931;D
1.13.9-18;-16.43313636;-71.48912458;-1945689.333;2843226.02;D
1.13.9-18;-16.43307104;-71.48912785;-1945681.617;2843226.505;D
1.13.9-18;-16.4330066;-71.48916799;-1945673.538;2843222.798;D
1.13.9-18;-16.4331412;-71.4894463;-1945685.831;2843189.477;D
1.13.9-18;-16.43338381;-71.48937462;-1945715.242;2843194.423;D
1.13.9-19; ; ;-1.516416327;20763369.87;D
1.13.9-19;-16.43298128;-71.48918111;-1945670.397;2843221.643;D
1.13.9-19;-16.4325294;-71.48938514;-1945614.725;2843204.433;D
1.13.9-19;-16.43277073;-71.48964027;-1945639.85;2843172.339;D
1.13.9-19;-16.43309477;-71.48945852;-1945680.222;2843188.7;D
1.13.9-20; ; ;-1.516416327;20763369.87;D
1.13.9-20;-16.43246729;-71.4893924;-1945607.336;2843204.424;D
1.13.9-20;-16.43217717;-71.48966334;-1945569.822;2843177.506;D
1.13.9-20;-16.43245436;-71.48991334;-1945599.225;2843145.524;D
1.13.9-20;-16.43273978;-71.4896498;-1945636.093;2843171.665;D
1.13.9-21; ; ;-1.516416327;20763369.87;D
1.13.9-21;-16.43309471;-71.48995108;-1945673.982;2843132.85;D
1.13.9-21;-16.43317007;-71.4899006;-1945683.475;2843137.586;D
1.13.9-21;-16.43332569;-71.48986397;-1945702.222;2843139.699;D
1.13.9-21;-16.43346867;-71.48985683;-1945719.111;2843138.635;D
1.13.9-21;-16.43371089;-71.48985068;-1945747.646;2843136.156;D
1.13.9-21;-16.43369538;-71.48947128;-1945750.624;2843179.378;D
1.13.9-21;-16.43337074;-71.48948638;-1945712.292;2843181.922;D
1.13.9-21;-16.43314438;-71.48952387;-1945685.223;2843180.639;D
1.13.9-21;-16.4329909;-71.48959306;-1945666.315;2843174.806;D
1.13.9-21;-16.4327995;-71.48971639;-1945642.267;2843163.332;D
1.13.9-21;-16.43254413;-71.48997008;-1945609.054;2843137.913;D
1.13.9-21;-16.43280363;-71.49024662;-1945636.044;2843103.155;D
1.13.9-21;-16.43298595;-71.49006206;-1945659.8;2843121.692;D
1.13.9-22; ; ;-1.516416327;20763369.87;D
1.13.9-22;-16.43371501;-71.4899469;-1945746.913;2843125.192;D
1.13.9-22;-16.43329332;-71.48996864;-1945697.094;2843128.255;D
1.13.9-22;-16.43314888;-71.49004559;-1945679.151;2843121.424;D
1.13.9-22;-16.43286862;-71.49031153;-1945642.858;2843094.943;D
1.13.9-22;-16.43316037;-71.49061407;-1945673.308;2843056.814;D
1.13.9-22;-16.43333909;-71.4904392;-1945696.518;2843074.299;D
1.13.9-22;-16.43339757;-71.4904283;-1945703.526;2843074.768;D
1.13.9-22;-16.43339293;-71.49039892;-1945703.353;2843078.16;D
1.13.9-22;-16.43373393;-71.49039703;-1945743.441;2843073.905;D
1.13.9-23; ; ;-1.516416327;20763369.87;D
1.13.9-23;-16.43415055;-71.48945833;-1945804.267;2843174.879;D
1.13.9-23;-16.43377544;-71.48943085;-1945760.543;2843182.913;D
1.13.9-23;-16.43380352;-71.48995542;-1945757.204;2843123.065;D
1.13.9-23;-16.43382335;-71.49040139;-1945753.891;2843072.238;D
1.13.9-23;-16.43418696;-71.49037361;-1945796.963;2843070.621;D
1.13.9-23;-16.43418389;-71.48989551;-1945802.652;2843124.871;D
1.13.9-24; ; ;-1.516416327;20763369.87;D
1.13.9-24;-16.43462492;-71.48941987;-1945860.486;2843173.02;D
1.13.9-24;-16.43426011;-71.4894371;-1945817.407;2843175.85;D
1.13.9-24;-16.43423534;-71.48953375;-1945813.274;2843165.216;D
1.13.9-24;-16.43426739;-71.48966288;-1945815.405;2843150.154;D
1.13.9-24;-16.43428033;-71.49038275;-1945807.817;2843068.36;D
1.13.9-24;-16.43465386;-71.49037155;-1945851.844;2843064.733;D
1.13.9-24;-16.4346506;-71.48999582;-1945856.216;2843107.378;D
1.13.9-25; ; ;-1.516416327;20763369.87;D
1.13.9-25;-16.43466769;-71.49047913;-1945852.108;2843052.353;D
1.13.9-25;-16.43427111;-71.49048375;-1945805.456;2843057.029;D
1.13.9-25;-16.43429574;-71.49088616;-1945803.258;2843011.078;D
1.13.9-25;-16.43467376;-71.49086974;-1945847.879;2843007.984;D
1.13.9-28; ; ;-1.516416327;20763369.87;D
1.13.9-28;-16.43429879;-71.49099405;-1945802.251;2842998.805;D
1.13.9-28;-16.43433296;-71.49185355;-1945795.391;2842900.901;D
1.13.9-28;-16.43472001;-71.49185599;-1945840.834;2842895.55;D
1.13.9-28;-16.43469306;-71.49097364;-1945848.831;2842995.949;D
1.13.9-29; ; ;-1.516416327;20763369.87;D
1.13.9-29;-16.43498177;-71.49192492;-1945870.715;2842884.303;D
1.13.9-29;-16.43436602;-71.49194842;-1945798.075;2842889.71;D
1.13.9-29;-16.43465359;-71.49223999;-1945828.172;2842852.88;D
1.13.9-29;-16.43487678;-71.49242986;-1945851.992;2842828.426;D
1.13.9-30; ; ;-1.516416327;20763369.87;D
1.13.9-30;-16.43478297;-71.49096918;-1945859.451;2842995.277;D
1.13.9-30;-16.43480198;-71.49183467;-1945850.735;2842896.893;D
1.13.9-30;-16.43519978;-71.49180357;-1945897.864;2842895.204;D
1.13.9-30;-16.43516781;-71.49094816;-1945904.932;2842992.614;D
1.13.9-32; ; ;-1.516416327;20763369.87;D
1.13.9-32;-16.43612289;-71.49102556;-1946016.163;2842971.316;D
1.13.9-32;-16.43611709;-71.49091834;-1946016.837;2842983.55;D
1.13.9-32;-16.43571785;-71.49093957;-1945969.663;2842986.377;D
1.13.9-32;-16.43572559;-71.49130893;-1945965.899;2842944.396;D
1.13.9-32;-16.43571882;-71.49169714;-1945960.191;2842900.466;D
1.13.9-32;-16.43578027;-71.4917021;-1945967.348;2842899.099;D
1.13.9-32;-16.43614877;-71.49168291;-1946010.885;2842896.443;D
1.13.9-33; ; ;-1.516416327;20763369.87;D
1.13.9-33;-16.43620782;-71.49089702;-1946027.767;2842984.777;D
1.13.9-33;-16.43622316;-71.49167755;-1946019.693;2842896.076;D
1.13.9-33;-16.43660544;-71.49165419;-1946064.901;2842893.711;D
1.13.9-33;-16.43659494;-71.4908891;-1946073.349;2842980.599;D
1.13.9-34; ; ;-1.516416327;20763369.87;D
1.13.9-34;-16.43707392;-71.49105571;-1946127.515;2842955.427;D
1.13.9-34;-16.43709885;-71.49105206;-1946130.491;2842955.515;D
1.13.9-34;-16.43708493;-71.49087354;-1946131.114;2842975.939;D
1.13.9-34;-16.43703118;-71.49086121;-1946124.955;2842978.042;D
1.13.9-34;-16.43669469;-71.49088017;-1946085.182;2842980.303;D
1.13.9-34;-16.43669756;-71.49164846;-1946075.797;2842893.154;D
1.13.9-34;-16.43708803;-71.49161825;-1946122.055;2842891.459;D
1.13.9-35; ; ;-1.516416327;20763369.87;D
1.13.9-35;-16.43744776;-71.4908621;-1946173.886;2842972.479;D
1.13.9-35;-16.43711803;-71.4908675;-1946135.079;2842976.19;D
1.13.9-35;-16.43714054;-71.49164909;-1946127.834;2842887.274;D
1.13.9-35;-16.43734915;-71.49163669;-1946152.499;2842885.945;D
1.13.9-35;-16.4374682;-71.49132963;-1946170.372;2842919.199;D
1.13.9-36; ; ;-1.516416327;20763369.87;D
1.13.9-36;-16.43690918;-71.49037416;-1946116.785;2843034.865;D
1.13.9-36;-16.43662361;-71.49039171;-1946083.011;2843036.62;D
1.13.9-36;-16.43663541;-71.49079558;-1946079.287;2842990.672;D
1.13.9-36;-16.43705295;-71.49078785;-1946128.441;2842986.074;D
1.13.9-36;-16.43704546;-71.49056673;-1946130.359;2843011.244;D
1.13.9-37; ; ;-1.516416327;20763369.87;D
1.13.9-37;-16.43654642;-71.49040684;-1946073.752;2843035.917;D
1.13.9-37;-16.4361816;-71.49042013;-1946030.721;2843039.194;D
1.13.9-37;-16.43570206;-71.49043813;-1945974.152;2843043.44;D
1.13.9-37;-16.43569835;-71.49083825;-1945968.654;2842998.121;D
1.13.9-37;-16.43623548;-71.49081917;-1946032.002;2842993.241;D
1.13.9-37;-16.43655358;-71.49080176;-1946069.595;2842991.044;D
1.13.9-38; ; ;-1.516416327;20763369.87;D
1.13.9-38;-16.43561648;-71.49045241;-1945963.917;2843042.943;D
1.13.9-38;-16.43522551;-71.49046636;-1945917.806;2843046.487;D
1.13.9-38;-16.43524363;-71.49086727;-1945914.863;2843000.792;D
1.13.9-38;-16.43562416;-71.49084191;-1945959.891;2842998.678;D
1.13.9-39; ; ;-1.516416327;20763369.87;D
1.13.9-39;-16.43514347;-71.49065292;-1945905.807;2843026.41;D
1.13.9-39;-16.43515534;-71.490653;-1945907.202;2843026.245;D
1.13.9-39;-16.43514053;-71.49047074;-1945907.768;2843047.105;D
1.13.9-39;-16.43476776;-71.49047932;-1945863.863;2843051.019;D
1.13.9-39;-16.43477657;-71.49085828;-1945860.103;2843007.935;D
1.13.9-39;-16.43514972;-71.49083843;-1945904.195;2843005.294;D
1.13.9-40; ; ;-1.516416327;20763369.87;D
1.13.9-40;-16.43512214;-71.48998488;-1945911.755;2843102.436;D
1.13.9-40;-16.43510507;-71.48996829;-1945909.959;2843104.542;D
1.13.9-40;-16.43474594;-71.48997575;-1945867.671;2843108.404;D
1.13.9-40;-16.43475459;-71.49038755;-1945863.476;2843061.598;D
1.13.9-40;-16.43513315;-71.49036059;-1945908.295;2843059.692;D
1.13.9-41; ; ;-1.516416327;20763369.87;D
1.13.9-41;-16.43558664;-71.4899736;-1945966.471;2843097.625;D
1.13.9-41;-16.43554109;-71.48995395;-1945961.367;2843100.45;D
1.13.9-41;-16.43520917;-71.48997182;-1945922.144;2843102.775;D
1.13.9-41;-16.4352194;-71.49036969;-1945918.313;2843057.528;D
1.13.9-41;-16.43560844;-71.49034848;-1945964.289;2843054.832;D
1.13.9-42; ; ;-1.516416327;20763369.87;D
1.13.9-42;-16.43504669;-71.48890017;-1945916.616;2843226.418;D
1.13.9-42;-16.43472506;-71.48892439;-1945878.521;2843227.888;D
1.13.9-42;-16.43472058;-71.48930288;-1945873.206;2843185.031;D
1.13.9-42;-16.43508931;-71.48928466;-1945916.758;2843182.262;D
1.13.9-42;-16.43508386;-71.48891866;-1945920.749;2843223.834;D
1.13.9-43; ; ;-1.516416327;20763369.87;D
1.13.9-43;-16.4355559;-71.48887244;-1945976.794;2843222.885;D
1.13.9-43;-16.43516026;-71.48889918;-1945929.972;2843225.041;D
1.13.9-43;-16.43517171;-71.48929574;-1945926.299;2843179.925;D
1.13.9-43;-16.43557794;-71.48928724;-1945974.134;2843175.563;D
1.13.9-44; ; ;-1.516416327;20763369.87;D
1.13.9-44;-16.43564563;-71.48938629;-1945980.833;2843163.444;D
1.13.9-44;-16.43570522;-71.49034255;-1945975.734;2843054.236;D
1.13.9-44;-16.43609292;-71.49032371;-1946021.523;2843051.289;D
1.13.9-44;-16.43606975;-71.48935651;-1946031.039;2843161.26;D
1.13.9-45; ; ;-1.516416327;20763369.87;D
1.13.9-45;-16.43595712;-71.48873734;-1946025.643;2843232.942;D
1.13.9-45;-16.43585605;-71.48874893;-1946013.621;2843232.954;D
1.13.9-45;-16.43575045;-71.48851417;-1946004.186;2843260.956;D
1.13.9-45;-16.43567196;-71.48820323;-1945998.899;2843297.243;D
1.13.9-45;-16.43557636;-71.48788992;-1945991.632;2843334.022;D
1.13.9-45;-16.435345;-71.48795359;-1945963.643;2843329.837;D
1.13.9-45;-16.43540085;-71.48808686;-1945968.518;2843313.993;D
1.13.9-45;-16.43546851;-71.48833191;-1945973.366;2843285.32;D
1.13.9-45;-16.43553905;-71.48855185;-1945978.872;2843259.456;D
1.13.9-45;-16.43564226;-71.48887005;-1945986.971;2843222.023;D
1.13.9-45;-16.43566184;-71.48927833;-1945984.104;2843175.473;D
1.13.9-45;-16.43608494;-71.48925369;-1946034.125;2843172.719;D
1.13.9-45;-16.43602381;-71.48897596;-1946030.458;2843205.011;D
1.13.10-1; ; ;-1.516416327;20763369.87;D
1.13.10-1;-16.43355504;-71.48891629;-1945741.159;2843244.148;D
1.13.10-1;-16.43337613;-71.48887956;-1945720.603;2843250.658;D
1.13.10-1;-16.43320985;-71.48906492;-1945698.723;2843231.821;D
1.13.10-1;-16.43342371;-71.48913751;-1945722.93;2843220.785;D
1.13.10-1;-16.43378584;-71.48911123;-1945765.809;2843219.018;D
1.13.10-1;-16.43380705;-71.48891429;-1945770.793;2843241.07;D
1.13.10-2; ; ;-1.516416327;20763369.87;D
1.13.10-2;-16.43333312;-71.48844129;-1945721.096;2843300.918;D
1.13.10-2;-16.43342462;-71.48863178;-1945729.436;2843278.118;D
1.13.10-2;-16.43345743;-71.4888353;-1945730.716;2843254.611;D
1.13.10-2;-16.43379171;-71.48883996;-1945769.931;2843249.7;D
1.13.10-2;-16.43376835;-71.48846249;-1945771.963;2843292.807;D
1.13.10-3; ; ;-1.516416327;20763369.87;D
1.13.10-3;-16.43324205;-71.48808477;-1945714.908;2843342.537;D
1.13.10-3;-16.43332811;-71.48837814;-1945721.306;2843308.144;D
1.13.10-3;-16.43357477;-71.48837734;-1945750.297;2843305;D
1.13.10-3;-16.43372977;-71.48839672;-1945768.263;2843300.771;D
1.13.10-3;-16.43361315;-71.48806897;-1945758.708;2843339.463;D
1.13.10-4; ; ;-1.516416327;20763369.87;D
1.13.10-4;-16.43319084;-71.48764272;-1945714.484;2843393.333;D
1.13.10-4;-16.43316244;-71.48771754;-1945710.201;2843385.221;D
1.13.10-4;-16.43315984;-71.48791197;-1945707.435;2843363.208;D
1.13.10-4;-16.43321049;-71.48804062;-1945711.758;2843347.957;D
1.13.10-4;-16.43359556;-71.48800481;-1945757.453;2843346.968;D
1.13.10-4;-16.43354406;-71.48761742;-1945756.305;2843391.57;D
1.13.10-5; ; ;-1.516416327;20763369.87;D
1.13.10-5;-16.4336012;-71.48762036;-1945762.981;2843390.487;D
1.13.10-5;-16.43364949;-71.48798316;-1945764.064;2843348.716;D
1.13.10-5;-16.43405639;-71.4879383;-1945812.438;2843348.467;D
1.13.10-5;-16.4338991;-71.4875811;-1945798.479;2843391.032;D
1.13.10-6; ; ;-1.516416327;20763369.87;D
1.13.10-6;-16.43368289;-71.48805706;-1945767.053;2843339.899;D
1.13.10-6;-16.43379091;-71.48839778;-1945775.432;2843299.848;D
1.13.10-6;-16.43400196;-71.4884002;-1945800.198;2843296.807;D
1.13.10-6;-16.43417158;-71.48839032;-1945820.252;2843295.703;D
1.13.10-6;-16.43407135;-71.48803188;-1945813.011;2843337.661;D
1.13.10-7; ; ;-1.516416327;20763369.87;D
1.13.10-7;-16.4340755;-71.48847528;-1945807.888;2843287.329;D
1.13.10-7;-16.43384601;-71.48847161;-1945780.972;2843290.755;D
1.13.10-7;-16.43388336;-71.48885253;-1945780.54;2843247.073;D
1.13.10-7;-16.43423304;-71.48886117;-1945821.514;2843241.509;D
1.13.10-7;-16.43418542;-71.48847301;-1945820.832;2843286.145;D
1.13.10-8; ; ;-1.516416327;20763369.87;D
1.13.10-8;-16.43387016;-71.48892926;-1945778.018;2843238.546;D
1.13.10-8;-16.43386582;-71.48912475;-1945775.034;2843216.436;D
1.13.10-8;-16.43423057;-71.4891549;-1945817.508;2843208.235;D
1.13.10-8;-16.43424806;-71.48893664;-1945822.324;2843232.754;D
1.13.10-9; ; ;-1.516416327;20763369.87;D
1.13.10-9;-16.43473996;-71.48869769;-1945883.14;2843253.398;D
1.13.10-9;-16.43484814;-71.48843533;-1945899.171;2843281.728;D
1.13.10-9;-16.43495334;-71.48820521;-1945914.443;2843306.442;D
1.13.10-9;-16.43504339;-71.48795899;-1945928.139;2843333.179;D
1.13.10-9;-16.43480843;-71.48795194;-1945900.623;2843337.06;D
1.13.10-9;-16.43467905;-71.48830922;-1945880.9;2843298.245;D
1.13.10-9;-16.4345008;-71.48876317;-1945854.214;2843249.109;D
1.13.10-9;-16.43438664;-71.48898579;-1945837.984;2843225.364;D
1.13.10-9;-16.43435115;-71.48902767;-1945833.284;2843221.081;D
1.13.10-9;-16.43428857;-71.48933402;-1945822.055;2843187.165;D
1.13.10-9;-16.4346219;-71.48932358;-1945861.35;2843183.979;D
1.13.10-9;-16.43461692;-71.489021;-1945864.593;2843218.352;D
1.13.10-10; ; ;-1.516416327;20763369.87;D
1.13.10-10;-16.43413312;-71.48800287;-1945820.635;2843340.14;D
1.13.10-10;-16.4342127;-71.48817639;-1945827.79;2843319.421;D
1.13.10-10;-16.43423054;-71.48840482;-1945826.995;2843293.286;D
1.13.10-10;-16.43460466;-71.48835572;-1945871.572;2843293.947;D
1.13.10-10;-16.43475113;-71.48797729;-1945893.57;2843334.936;D
1.13.10-11; ; ;-1.516416327;20763369.87;D
1.13.10-11;-16.43395458;-71.48760164;-1945804.737;2843387.976;D
1.13.10-11;-16.43411172;-71.48795205;-1945818.765;2843346.182;D
1.13.10-11;-16.43437399;-71.48791053;-1945850.104;2843347.451;D
1.13.10-11;-16.43436844;-71.4876955;-1945852.173;2843371.907;D
1.13.10-11;-16.43431691;-71.4875391;-1945848.098;2843390.316;D
1.13.10-12; ; ;-1.516416327;20763369.87;D
1.13.10-12;-16.43440833;-71.48754025;-1945858.825;2843388.987;D
1.13.10-12;-16.4344217;-71.48782203;-1945856.829;2843356.861;D
1.13.10-12;-16.43447281;-71.48790159;-1945861.828;2843347.17;D
1.13.10-12;-16.43509055;-71.4878988;-1945934.441;2843339.386;D
1.13.10-12;-16.435085;-71.48752448;-1945938.526;2843381.902;D
1.13.10-13; ; ;-1.516416327;20763369.87;D
1.13.10-13;-16.43516417;-71.48751;-1945948.012;2843382.506;D
1.13.10-13;-16.43515371;-71.48790899;-1945941.733;2843337.402;D
1.13.10-13;-16.43556566;-71.48782657;-1945991.176;2843341.345;D
1.13.10-13;-16.43554825;-71.48743084;-1945994.139;2843386.445;D
1.13.10-14; ; ;-1.516416327;20763369.87;D
1.13.10-14;-16.43517375;-71.487027;-1945955.25;2843437.147;D
1.13.10-14;-16.43515691;-71.48741774;-1945948.326;2843393.062;D
1.13.10-14;-16.43556072;-71.48736781;-1945996.402;2843393.427;D
1.13.10-14;-16.43557564;-71.48696977;-1946003.193;2843438.365;D
1.13.10-15; ; ;-1.516416327;20763369.87;D
1.13.10-15;-16.43436854;-71.48709129;-1945859.831;2843440.416;D
1.13.10-15;-16.43438908;-71.48746394;-1945857.528;2843397.892;D
1.13.10-15;-16.43508333;-71.48744665;-1945939.316;2843390.749;D
1.13.10-15;-16.43512482;-71.48706376;-1945949.036;2843433.621;D
1.13.10-16; ; ;-1.516416327;20763369.87;D
1.13.10-16;-16.43393166;-71.48711904;-1945808.151;2843442.999;D
1.13.10-16;-16.43391427;-71.48752448;-1945800.977;2843397.254;D
1.13.10-16;-16.43430882;-71.48747109;-1945848.009;2843398.133;D
1.13.10-16;-16.43432019;-71.4870875;-1945854.199;2843441.48;D
1.13.10-17; ; ;-1.516416327;20763369.87;D
1.13.10-17;-16.4335833;-71.48714533;-1945766.889;2843444.585;D
1.13.10-17;-16.43360018;-71.48753739;-1945763.912;2843399.908;D
1.13.10-17;-16.43387349;-71.48751251;-1945796.337;2843399.145;D
1.13.10-17;-16.43386922;-71.48713487;-1945800.615;2843442.022;D
1.13.10-18; ; ;-1.516416327;20763369.87;D
1.13.10-18;-16.43375397;-71.48670876;-1945792.466;2843491.85;D
1.13.10-18;-16.43370514;-71.48675307;-1945786.168;2843487.466;D
1.13.10-18;-16.43361717;-71.48705628;-1945771.996;2843454.238;D
1.13.10-18;-16.43387949;-71.4870669;-1945802.681;2843449.595;D
1.13.10-18;-16.43398002;-71.48670892;-1945819.023;2843488.867;D
1.13.10-19; ; ;-1.516416327;20763369.87;D
1.13.10-19;-16.43430428;-71.48664518;-1945857.927;2843491.843;D
1.13.10-19;-16.43407788;-71.48668956;-1945830.766;2843489.78;D
1.13.10-19;-16.43397125;-71.48701817;-1945814.079;2843453.917;D
1.13.10-19;-16.43431879;-71.48701423;-1945854.962;2843449.806;D
1.13.10-19;-16.43442939;-71.48667086;-1945872.302;2843487.291;D
1.13.10-20; ; ;-1.516416327;20763369.87;D
1.13.10-20;-16.43426429;-71.48579071;-1945864.043;2843589.256;D
1.13.10-20;-16.43394135;-71.48614168;-1945821.658;2843553.694;D
1.13.10-20;-16.43400075;-71.48621202;-1945827.747;2843544.939;D
1.13.10-20;-16.43465841;-71.48614052;-1945905.921;2843544.422;D
1.13.10-20;-16.43475843;-71.48573197;-1945922.844;2843589.436;D
1.13.10-21; ; ;-1.516416327;20763369.87;D
1.13.10-21;-16.43459029;-71.4852772;-1945908.845;2843643.207;D
1.13.10-21;-16.43430839;-71.4857212;-1945870.104;2843596.559;D
1.13.10-21;-16.43477579;-71.48565961;-1945925.799;2843597.413;D
1.13.10-21;-16.4347823;-71.48526288;-1945931.585;2843642.312;D
1.13.10-22; ; ;-1.516416327;20763369.87;D
1.13.10-22;-16.4345466;-71.48482393;-1945909.448;2843695.176;D
1.13.10-22;-16.43458811;-71.48519573;-1945909.619;2843652.473;D
1.13.10-22;-16.43476959;-71.48519379;-1945930.966;2843650.314;D
1.13.10-22;-16.43475245;-71.48480634;-1945933.856;2843694.471;D
1.13.10-24; ; ;-1.516416327;20763369.87;D
1.13.10-24;-16.43452446;-71.48391121;-1945918.4;2843798.961;D
1.13.10-24;-16.43453348;-71.48429762;-1945914.568;2843755.027;D
1.13.10-24;-16.43482816;-71.48428072;-1945949.405;2843753.078;D
1.13.10-24;-16.43483257;-71.48389316;-1945954.829;2843796.966;D
1.13.10-25; ; ;-1.516416327;20763369.87;D
1.13.10-25;-16.43454135;-71.48343507;-1945926.412;2843852.73;D
1.13.10-25;-16.43450765;-71.483824;-1945917.529;2843809.07;D
1.13.10-25;-16.43482823;-71.48381548;-1945955.303;2843805.831;D
1.13.10-25;-16.43478902;-71.48341685;-1945955.741;2843851.546;D
1.13.10-26; ; ;-1.516416327;20763369.87;D
1.13.10-26;-16.4345472;-71.48295214;-1945933.212;2843907.412;D
1.13.10-26;-16.43455368;-71.48334584;-1945928.99;2843862.685;D
1.13.10-26;-16.43477799;-71.48333761;-1945955.448;2843860.677;D
1.13.10-26;-16.4347499;-71.48294488;-1945957.12;2843905.577;D
1.13.10-27; ; ;-1.516416327;20763369.87;D
1.13.10-27;-16.43457285;-71.48249951;-1945941.955;2843958.401;D
1.13.10-27;-16.43456192;-71.48287535;-1945935.913;2843915.928;D
1.13.10-27;-16.43473423;-71.48286898;-1945956.239;2843914.389;D
1.13.10-27;-16.4346887;-71.48248864;-1945955.704;2843958.114;D
1.13.10-28; ; ;-1.516416327;20763369.87;D
1.13.10-28;-16.43456767;-71.48216862;-1945945.535;2843995.989;D
1.13.10-28;-16.43456311;-71.48241453;-1945941.886;2843968.164;D
1.13.10-28;-16.43467402;-71.48240405;-1945955.051;2843967.898;D
1.13.10-28;-16.43464528;-71.48216466;-1945954.704;2843995.421;D
1.13.10-29; ; ;-1.516416327;20763369.87;D
1.13.10-29;-16.43470177;-71.4821585;-1945961.419;2843995.378;D
1.13.10-29;-16.43473136;-71.48239577;-1945961.892;2843968.086;D
1.13.10-29;-16.43507604;-71.48235033;-1946002.965;2843968.716;D
1.13.10-29;-16.43502608;-71.48216884;-1945999.393;2843989.951;D
1.13.10-30; ; ;-1.516416327;20763369.87;D
1.13.10-30;-16.4347857;-71.48285395;-1945962.477;2843915.418;D
1.13.10-30;-16.43515864;-71.48279956;-1946006.984;2843916.694;D
1.13.10-30;-16.43510543;-71.4824168;-1946005.577;2843960.794;D
1.13.10-30;-16.43473007;-71.48247039;-1945960.796;2843959.641;D
1.13.10-31; ; ;-1.516416327;20763369.87;D
1.13.10-31;-16.43478168;-71.48293485;-1945960.98;2843906.298;D
1.13.10-31;-16.43484805;-71.48331167;-1945964.008;2843862.699;D
1.13.10-31;-16.43523946;-71.48327027;-1946010.521;2843862.26;D
1.13.10-31;-16.43518328;-71.48288539;-1946008.792;2843906.639;D
1.13.10-32; ; ;-1.516416327;20763369.87;D
1.13.10-32;-16.43484349;-71.48340648;-1945962.273;2843852.009;D
1.13.10-32;-16.43489705;-71.48388232;-1945962.543;2843797.35;D
1.13.10-32;-16.43493527;-71.48422588;-1945962.685;2843757.892;D
1.13.10-32;-16.43528566;-71.48419413;-1946004.254;2843756.897;D
1.13.10-32;-16.43524963;-71.48335085;-1946010.695;2843852.989;D
1.13.10-33; ; ;-1.516416327;20763369.87;D
1.13.10-33;-16.43490183;-71.48431088;-1945957.68;2843748.692;D
1.13.10-33;-16.43487414;-71.48470348;-1945949.457;2843704.539;D
1.13.10-33;-16.43526528;-71.48465985;-1945995.965;2843704.355;D
1.13.10-33;-16.43528637;-71.48426154;-1946003.484;2843749.243;D
1.13.10-34; ; ;-1.516416327;20763369.87;D
1.13.10-34;-16.43482599;-71.48477787;-1945942.858;2843696.735;D
1.13.10-34;-16.4348425;-71.48516137;-1945939.943;2843653.033;D
1.13.10-34;-16.43524661;-71.48511409;-1945988.022;2843653.095;D
1.13.10-34;-16.4352512;-71.48472743;-1945993.455;2843696.878;D
1.13.10-35; ; ;-1.516416327;20763369.87;D
1.13.10-35;-16.4348693;-71.48525625;-1945941.891;2843641.924;D
1.13.10-35;-16.43484712;-71.48563012;-1945934.553;2843599.821;D
1.13.10-35;-16.43521741;-71.48556093;-1945978.935;2843602.81;D
1.13.10-35;-16.43524409;-71.48518118;-1945986.877;2843645.52;D
1.13.10-38; ; ;-1.516416327;20763369.87;D
1.13.10-38;-16.43527377;-71.48604841;-1945979.387;2843546.797;D
1.13.10-38;-16.43572244;-71.48597845;-1946032.987;2843548.844;D
1.13.10-38;-16.43570246;-71.48557898;-1946035.695;2843594.402;D
1.13.10-38;-16.43527602;-71.48565018;-1945984.692;2843591.922;D
1.13.10-39; ; ;-1.516416327;20763369.87;D
1.13.10-39;-16.4353174;-71.48518095;-1945995.492;2843644.585;D
1.13.10-39;-16.43529797;-71.48556293;-1945988.375;2843601.527;D
1.13.10-39;-16.43569663;-71.48551056;-1946035.877;2843602.237;D
1.13.10-39;-16.43568102;-71.48511592;-1946039.038;2843647.19;D
1.13.10-41; ; ;-1.516416327;20763369.87;D
1.13.10-41;-16.43535604;-71.48424673;-1946011.857;2843750.009;D
1.13.10-41;-16.43533723;-71.48463015;-1946004.794;2843706.78;D
1.13.10-41;-16.43563906;-71.48457503;-1946040.954;2843709.071;D
1.13.10-41;-16.43561427;-71.48417788;-1946043.068;2843754.429;D
1.13.10-42; ; ;-1.516416327;20763369.87;D
1.13.10-42;-16.43536272;-71.48378095;-1946018.539;2843802.736;D
1.13.10-42;-16.43533963;-71.48416377;-1946010.979;2843759.631;D
1.13.10-42;-16.43560828;-71.48411286;-1946043.188;2843761.88;D
1.13.10-42;-16.43557324;-71.48372395;-1946043.994;2843806.439;D
1.13.10-45; ; ;-1.516416327;20763369.87;D
1.13.10-45;-16.43449106;-71.48289229;-1945927.374;2843914.936;D
1.13.10-45;-16.43442832;-71.4828921;-1945920.005;2843915.781;D
1.13.10-45;-16.43430456;-71.48316359;-1945902.026;2843886.619;D
1.13.10-45;-16.43429842;-71.4833908;-1945898.429;2843860.936;D
1.13.10-45;-16.43447603;-71.48338888;-1945919.321;2843858.824;D
1.13.10-46; ; ;-1.516416327;20763369.87;D
1.13.10-46;-16.43447795;-71.48344412;-1945918.848;2843852.535;D
1.13.10-46;-16.43427557;-71.48344328;-1945895.08;2843855.284;D
1.13.10-46;-16.43425756;-71.48381548;-1945888.253;2843813.317;D
1.13.10-46;-16.43441519;-71.48381949;-1945906.722;2843810.794;D
1.13.10-47; ; ;-1.516416327;20763369.87;D
1.13.10-47;-16.4344065;-71.4839198;-1945904.431;2843799.533;D
1.13.10-47;-16.43424661;-71.48392989;-1945885.518;2843800.487;D
1.13.10-47;-16.43424997;-71.48428033;-1945881.477;2843760.706;D
1.13.10-47;-16.43442107;-71.4842829;-1945901.547;2843758.171;D
1.13.10-48; ; ;-1.516416327;20763369.87;D
1.13.10-48;-16.43443748;-71.48434946;-1945902.633;2843750.408;D
1.13.10-48;-16.43423561;-71.48435421;-1945878.855;2843752.517;D
1.13.10-48;-16.43425566;-71.48471684;-1945876.621;2843711.135;D
1.13.10-48;-16.43444249;-71.48471335;-1945898.616;2843709.08;D
1.13.10-49; ; ;-1.516416327;20763369.87;D
1.13.10-49;-16.43443812;-71.48479068;-1945897.123;2843700.37;D
1.13.10-49;-16.43426781;-71.48478701;-1945877.16;2843703.019;D
1.13.10-49;-16.43425116;-71.48521093;-1945869.838;2843655.169;D
1.13.10-49;-16.43443545;-71.48521642;-1945891.421;2843652.13;D
1.13.11-1; ; ;-1.516416327;20763369.87;D
1.13.11-1;-16.43623071;-71.48813715;-1946065.382;2843297.408;D
1.13.11-1;-16.43578764;-71.48830043;-1946011.26;2843284.705;D
1.13.11-1;-16.43590526;-71.48868067;-1946020.266;2843240.048;D
1.13.11-1;-16.43609157;-71.48885464;-1946039.955;2843217.879;D
1.13.11-1;-16.43624732;-71.48858705;-1946061.64;2843246.177;D
1.13.11-1;-16.43624704;-71.48846648;-1946063.133;2843259.852;D
1.13.11-2; ; ;-1.516416327;20763369.87;D
1.13.11-2;-16.43621932;-71.48806592;-1946064.945;2843305.634;D
1.13.11-2;-16.4361079;-71.48772638;-1946056.152;2843345.595;D
1.13.11-2;-16.43565842;-71.48788888;-1946001.286;2843333.064;D
1.13.11-2;-16.43577501;-71.48824002;-1946010.541;2843291.72;D
1.13.11-3; ; ;-1.516416327;20763369.87;D
1.13.11-3;-16.43606086;-71.48747166;-1946053.849;2843375.093;D
1.13.11-3;-16.43599281;-71.4873296;-1946047.652;2843392.094;D
1.13.11-3;-16.43564092;-71.48741305;-1946005.252;2843387.246;D
1.13.11-3;-16.43564914;-71.48779618;-1946001.369;2843343.697;D
1.13.11-3;-16.43609962;-71.48766211;-1946055.993;2843352.991;D
1.13.11-4; ; ;-1.516416327;20763369.87;D
1.13.11-4;-16.43602878;-71.48723937;-1946053.02;2843401.854;D
1.13.11-4;-16.43605644;-71.48684858;-1946061.216;2843445.801;D
1.13.11-4;-16.43564707;-71.48692869;-1946012.104;2843442.087;D
1.13.11-4;-16.43564651;-71.48732476;-1946007.026;2843397.185;D
1.13.11-4;-16.43585699;-71.4872706;-1946032.441;2843400.565;D
1.13.11-5; ; ;-1.516416327;20763369.87;D
1.13.11-5;-16.4360922;-71.48651487;-1946069.64;2843483.171;D
1.13.11-5;-16.43568921;-71.48657334;-1946021.553;2843481.827;D
1.13.11-5;-16.4356681;-71.48685124;-1946015.556;2843450.593;D
1.13.11-5;-16.43605262;-71.4867875;-1946061.541;2843452.778;D
1.13.11-6; ; ;-1.516416327;20763369.87;D
1.13.11-6;-16.43624687;-71.48592155;-1946095.323;2843548.418;D
1.13.11-6;-16.4358138;-71.48600306;-1946043.41;2843544.856;D
1.13.11-6;-16.43577204;-71.48620855;-1946035.902;2843522.103;D
1.13.11-6;-16.43617802;-71.48614599;-1946084.393;2843523.872;D
1.13.11-7; ; ;-1.516416327;20763369.87;D
1.13.11-7;-16.43618382;-71.48546472;-1946093.698;2843601.044;D
1.13.11-7;-16.43579765;-71.48554461;-1946047.314;2843597.051;D
1.13.11-7;-16.43583112;-71.48592943;-1946046.376;2843552.978;D
1.13.11-7;-16.43622642;-71.48585964;-1946093.704;2843555.707;D
1.13.11-8; ; ;-1.516416327;20763369.87;D
1.13.11-8;-16.43617391;-71.48539226;-1946093.45;2843609.391;D
1.13.11-8;-16.43615323;-71.48501597;-1946095.784;2843652.329;D
1.13.11-8;-16.43576941;-71.48507942;-1946049.885;2843650.168;D
1.13.11-8;-16.43578923;-71.485464;-1946047.346;2843606.301;D
1.13.11-9; ; ;-1.516416327;20763369.87;D
1.13.11-9;-16.43614074;-71.4845295;-1946100.475;2843707.653;D
1.13.11-9;-16.43574046;-71.4846155;-1946052.356;2843703.152;D
1.13.11-9;-16.43577326;-71.48500251;-1946051.311;2843658.839;D
1.13.11-9;-16.43615871;-71.48491346;-1946097.725;2843663.881;D
1.13.11-10; ; ;-1.516416327;20763369.87;D
1.13.11-10;-16.43612815;-71.48445507;-1946099.938;2843716.259;D
1.13.11-10;-16.43608422;-71.48408305;-1946099.485;2843759.018;D
1.13.11-10;-16.4357078;-71.48416231;-1946054.255;2843754.968;D
1.13.11-10;-16.43573295;-71.48454088;-1946052.418;2843711.711;D
1.13.11-11; ; ;-1.516416327;20763369.87;D
1.13.11-11;-16.43606477;-71.4839936;-1946098.332;2843769.416;D
1.13.11-11;-16.43604258;-71.48372149;-1946099.169;2843800.561;D
1.13.11-11;-16.43597664;-71.48356442;-1946093.41;2843819.236;D
1.13.11-11;-16.43562572;-71.48366668;-1946050.885;2843812.244;D
1.13.11-11;-16.43568805;-71.48407869;-1946052.993;2843764.709;D
1.13.11-12; ; ;-1.516416327;20763369.87;D
1.13.11-12;-16.43585519;-71.4831752;-1946084.068;2843864.963;D
1.13.11-12;-16.43549671;-71.48327928;-1946040.632;2843857.864;D
1.13.11-12;-16.43562153;-71.4836333;-1946050.816;2843816.084;D
1.13.11-12;-16.43596855;-71.48352978;-1946092.898;2843823.27;D
1.13.11-13; ; ;-1.516416327;20763369.87;D
1.13.11-13;-16.43583858;-71.48313888;-1946082.576;2843869.299;D
1.13.11-13;-16.43580082;-71.48302977;-1946079.521;2843882.167;D
1.13.11-13;-16.43574314;-71.48294615;-1946073.802;2843892.405;D
1.13.11-13;-16.43567532;-71.48286709;-1946066.835;2843902.259;D
1.13.11-13;-16.43558063;-71.48276754;-1946056.97;2843914.79;D
1.13.11-13;-16.43552736;-71.48266901;-1946051.958;2843926.661;D
1.13.11-13;-16.43549205;-71.48257327;-1946049.022;2843937.98;D
1.13.11-13;-16.43546827;-71.48246828;-1946047.557;2843950.197;D
1.13.11-13;-16.43544669;-71.48237536;-1946046.197;2843961.016;D
1.13.11-13;-16.43541765;-71.48229623;-1946043.787;2843970.37;D
1.13.11-13;-16.43538339;-71.48223531;-1946040.533;2843977.727;D
1.13.11-13;-16.43512325;-71.48214338;-1946011.132;2843991.563;D
1.13.11-13;-16.43520297;-71.48228045;-1946018.763;2843974.975;D
1.13.11-13;-16.43525235;-71.48236817;-1946023.455;2843964.38;D
1.13.11-13;-16.43528566;-71.48252196;-1946025.421;2843946.505;D
1.13.11-13;-16.43529074;-71.48261886;-1946024.792;2843935.452;D
1.13.11-13;-16.43532864;-71.48266314;-1946028.685;2843929.933;D
1.13.11-13;-16.43537347;-71.48277619;-1946032.52;2843916.527;D
1.13.11-13;-16.43539806;-71.48287514;-1946034.157;2843904.983;D
1.13.11-13;-16.43544662;-71.48306624;-1946037.443;2843882.678;D
1.13.11-13;-16.43548961;-71.4832418;-1946040.272;2843862.206;D
1.13.11-14; ; ;-1.516416327;20763369.87;D
1.13.11-14;-16.43632791;-71.48457741;-1946121.859;2843699.766;D
1.13.11-14;-16.43640954;-71.48432386;-1946134.66;2843727.445;D
1.13.11-14;-16.4365092;-71.48402601;-1946150.139;2843759.911;D
1.13.11-14;-16.4365977;-71.48373598;-1946164.208;2843791.636;D
1.13.11-14;-16.43662777;-71.48353756;-1946170.254;2843813.741;D
1.13.11-14;-16.43627999;-71.48340327;-1946131.091;2843833.53;D
1.13.11-14;-16.43613914;-71.48392;-1946108.001;2843776.786;D
1.13.11-14;-16.43616902;-71.48419888;-1946107.981;2843744.771;D
1.13.11-14;-16.43620878;-71.48477277;-1946105.389;2843679.177;D
1.13.11-14;-16.43625681;-71.48477502;-1946111.003;2843678.292;D
1.13.11-15; ; ;-1.516416327;20763369.87;D
1.13.11-15;-16.43675837;-71.48411471;-1946178.291;2843746.585;D
1.13.11-15;-16.43677352;-71.48382778;-1946183.704;2843778.92;D
1.13.11-15;-16.43660067;-71.48383915;-1946163.251;2843779.899;D
1.13.11-15;-16.43651321;-71.48412682;-1946149.334;2843748.428;D
1.13.11-16; ; ;-1.516416327;20763369.87;D
1.13.11-16;-16.43675379;-71.4841834;-1946176.884;2843738.856;D
1.13.11-16;-16.43649875;-71.48418282;-1946146.926;2843742.267;D
1.13.11-16;-16.43638132;-71.48449922;-1946129.124;2843707.931;D
1.13.11-16;-16.43673215;-71.48449211;-1946170.434;2843704.136;D
1.13.11-17; ; ;-1.516416327;20763369.87;D
1.13.11-17;-16.43670768;-71.48491045;-1946162.263;2843657.022;D
1.13.11-17;-16.43671934;-71.48453581;-1946168.376;2843699.349;D
1.13.11-17;-16.43637657;-71.48454483;-1946127.989;2843702.822;D
1.13.11-17;-16.43631174;-71.48474374;-1946117.853;2843681.118;D
1.13.11-17;-16.43623007;-71.48495163;-1946105.626;2843658.617;D
1.13.11-18; ; ;-1.516416327;20763369.87;D
1.13.11-18;-16.4362455;-71.48520522;-1946104.229;2843629.66;D
1.13.11-18;-16.4365738;-71.48517166;-1946143.226;2843629.16;D
1.13.11-18;-16.43657794;-71.4849524;-1946146.489;2843653.967;D
1.13.11-18;-16.43623342;-71.48497856;-1946105.679;2843655.519;D
1.13.11-19; ; ;-1.516416327;20763369.87;D
1.13.11-19;-16.43629528;-71.48588709;-1946101.447;2843551.691;D
1.13.11-19;-16.43657998;-71.48590769;-1946134.636;2843545.621;D
1.13.11-19;-16.43654021;-71.48565956;-1946133.104;2843574.277;D
1.13.11-19;-16.43627072;-71.48565937;-1946101.443;2843577.833;D
1.13.11-20; ; ;-1.516416327;20763369.87;D
1.13.11-20;-16.43667962;-71.48643946;-1946139.611;2843484.018;D
1.13.11-20;-16.43667686;-71.48621517;-1946142.127;2843509.485;D
1.13.11-20;-16.43660144;-71.48596059;-1946136.488;2843539.341;D
1.13.11-20;-16.436284;-71.4859246;-1946099.647;2843547.586;D
1.13.11-20;-16.4362648;-71.48613753;-1946094.696;2843523.694;D
1.13.11-20;-16.43617975;-71.48635996;-1946081.888;2843499.588;D
1.13.11-21; ; ;-1.516416327;20763369.87;D
1.13.11-21;-16.43669312;-71.48664491;-1946138.598;2843460.546;D
1.13.11-21;-16.43668441;-71.48653345;-1946138.985;2843473.297;D
1.13.11-21;-16.43617382;-71.48646024;-1946079.922;2843488.295;D
1.13.11-21;-16.43614566;-71.48658717;-1946075.006;2843474.272;D
1.13.11-21;-16.43616052;-71.48669027;-1946075.447;2843462.387;D
1.13.11-21;-16.43620865;-71.48676211;-1946080.193;2843453.61;D
1.13.11-21;-16.43627755;-71.48686787;-1946086.95;2843440.715;D
1.13.11-22; ; ;-1.516416327;20763369.87;D
1.13.11-22;-16.43628991;-71.48705081;-1946086.087;2843419.809;D
1.13.11-22;-16.43613732;-71.48674548;-1946072.024;2843456.431;D
1.13.11-22;-16.43608824;-71.48715452;-1946061.08;2843410.695;D
1.13.11-23; ; ;-1.516416327;20763369.87;D
1.13.11-23;-16.43642716;-71.48728803;-1946099.21;2843391.112;D
1.13.11-23;-16.43631193;-71.48706997;-1946088.432;2843417.348;D
1.13.11-23;-16.43608448;-71.48719792;-1946060.089;2843405.823;D
1.13.11-23;-16.43611561;-71.48746164;-1946060.409;2843375.512;D
1.13.11-24; ; ;-1.516416327;20763369.87;D
1.13.11-24;-16.43670624;-71.48669104;-1946139.555;2843455.143;D
1.13.11-24;-16.43630358;-71.4869265;-1946089.266;2843433.725;D
1.13.11-24;-16.43647782;-71.4872693;-1946105.399;2843392.57;D
1.13.11-24;-16.43689961;-71.48703147;-1946157.965;2843414.006;D
1.13.11-25; ; ;-1.516416327;20763369.87;D
1.13.11-25;-16.43691143;-71.48706153;-1946158.974;2843410.442;D
1.13.11-25;-16.43650039;-71.48729097;-1946107.777;2843389.817;D
1.13.11-25;-16.43659242;-71.48746428;-1946116.395;2843368.96;D
1.13.11-25;-16.4369947;-71.48723167;-1946166.603;2843390.059;D
1.13.11-26; ; ;-1.516416327;20763369.87;D
1.13.11-26;-16.43643377;-71.48730827;-1946099.73;2843388.729;D
1.13.11-26;-16.43613003;-71.48748067;-1946061.862;2843373.165;D
1.13.11-26;-16.43617967;-71.48767745;-1946065.203;2843350.201;D
1.13.11-26;-16.43651416;-71.487496;-1946106.8;2843366.389;D
1.13.11-27; ; ;-1.516416327;20763369.87;D
1.13.11-27;-16.43661874;-71.48770562;-1946116.433;2843341.249;D
1.13.11-27;-16.43653023;-71.48751093;-1946108.499;2843364.486;D
1.13.11-27;-16.436185;-71.48769459;-1946065.612;2843348.188;D
1.13.11-27;-16.43624166;-71.48790873;-1946069.56;2843323.165;D
1.13.11-28; ; ;-1.516416327;20763369.87;D
1.13.11-28;-16.43684266;-71.48757885;-1946144.346;2843352.687;D
1.13.11-28;-16.4370795;-71.48742086;-1946174.173;2843367.495;D
1.13.11-28;-16.43699937;-71.4872622;-1946166.765;2843386.535;D
1.13.11-28;-16.43660907;-71.48748594;-1946118.077;2843366.285;D
1.13.11-28;-16.43669111;-71.48764009;-1946125.766;2843347.731;D
1.13.11-29; ; ;-1.516416327;20763369.87;D
1.13.11-29;-16.4370265;-71.48754864;-1946166.327;2843353.701;D
1.13.11-29;-16.43671492;-71.48769737;-1946127.838;2843340.924;D
1.13.11-29;-16.43687841;-71.48805935;-1946142.465;2843297.736;D
1.13.11-29;-16.43717871;-71.48791207;-1946179.611;2843310.497;D
1.13.11-30; ; ;-1.516416327;20763369.87;D
1.13.11-30;-16.43664077;-71.48773049;-1946118.707;2843338.141;D
1.13.11-30;-16.43625244;-71.48793285;-1946070.521;2843320.289;D
1.13.11-30;-16.43629124;-71.48812448;-1946072.654;2843298.051;D
1.13.11-30;-16.43631192;-71.4883377;-1946072.385;2843273.603;D
1.13.11-30;-16.43681675;-71.48810028;-1946134.702;2843293.904;D
1.13.11-31; ; ;-1.516416327;20763369.87;D
1.13.11-31;-16.4363406;-71.48869432;-1946071.241;2843232.792;D
1.13.11-31;-16.43647439;-71.48874499;-1946086.319;2843225.292;D
1.13.11-31;-16.43664549;-71.48865402;-1946107.573;2843233.362;D
1.13.11-31;-16.43671106;-71.48858805;-1946116.112;2843239.982;D
1.13.11-31;-16.43679467;-71.4884728;-1946127.394;2843251.954;D
1.13.11-31;-16.43683742;-71.48840163;-1946133.317;2843259.463;D
1.13.11-31;-16.43687179;-71.48831114;-1946138.501;2843269.272;D
1.13.11-31;-16.43681623;-71.48812707;-1946134.302;2843290.872;D
1.13.11-31;-16.43631737;-71.48837886;-1946072.504;2843268.865;D
1.13.11-31;-16.43627332;-71.48865756;-1946063.802;2843237.842;D
1.13.12-15; ; ;-1.516416327;20763369.87;D
1.13.12-15;-16.43219696;-71.48226537;-1945665.767;2844016.112;D
1.13.12-15;-16.43160207;-71.48221245;-1945596.54;2844029.916;D
1.13.12-15;-16.43158758;-71.48259406;-1945590.007;2843986.834;D
1.13.12-15;-16.43217083;-71.48264592;-1945657.879;2843973.303;D
1.13.12-16; ; ;-1.516416327;20763369.87;D
1.13.12-16;-16.43217068;-71.48270837;-1945657.071;2843966.224;D
1.13.12-16;-16.43156334;-71.48265449;-1945586.394;2843980.299;D
1.13.12-16;-16.43155732;-71.48293447;-1945582.143;2843948.63;D
1.13.12-16;-16.43209689;-71.48314312;-1945642.898;2843917.895;D
1.13.12-17; ; ;-1.516416327;20763369.87;D
1.13.12-17;-16.43205239;-71.48318991;-1945637.078;2843913.171;D
1.13.12-17;-16.43157129;-71.48300285;-1945582.919;2843940.693;D
1.13.12-17;-16.4315534;-71.48336123;-1945576.281;2843900.289;D
1.13.12-17;-16.43197487;-71.48356221;-1945623.258;2843871.973;D
1.13.12-18; ; ;-1.516416327;20763369.87;D
1.13.12-18;-16.43266591;-71.48342826;-1945706.146;2843878.098;D
1.13.12-18;-16.43220723;-71.48325381;-1945654.462;2843903.896;D
1.13.12-18;-16.43209918;-71.48361266;-1945637.226;2843864.621;D
1.13.12-18;-16.43255596;-71.48377012;-1945688.901;2843840.776;D
1.13.12-19; ; ;-1.516416327;20763369.87;D
1.13.12-19;-16.43278384;-71.48300158;-1945725.403;2843924.934;D
1.13.12-19;-16.43232712;-71.48281773;-1945674.068;2843951.772;D
1.13.12-19;-16.43223125;-71.48319157;-1945658.072;2843910.638;D
1.13.12-19;-16.43267143;-71.48336532;-1945707.591;2843885.164;D
1.13.12-20; ; ;-1.516416327;20763369.87;D
1.13.12-20;-16.43279915;-71.48269768;-1945731.048;2843959.194;D
1.13.12-20;-16.43283439;-71.48230835;-1945740.117;2844002.879;D
1.13.12-20;-16.43233217;-71.48227901;-1945681.48;2844012.793;D
1.13.12-20;-16.43231876;-71.48266004;-1945675.081;2843969.762;D
1.13.12-24; ; ;-1.516416327;20763369.87;D
1.13.12-24;-16.43431617;-71.48193813;-1945918.904;2844025.424;D
1.13.12-24;-16.43396218;-71.48192389;-1945877.491;2844031.682;D
1.13.12-24;-16.4339698;-71.48231336;-1945873.457;2843987.419;D
1.13.12-24;-16.4340151;-71.4823156;-1945878.751;2843986.571;D
1.13.12-25; ; ;-1.516416327;20763369.87;D
1.13.12-25;-16.43387479;-71.48249261;-1945860.025;2843968.34;D
1.13.12-25;-16.43387561;-71.48238867;-1945861.437;2843980.114;D
1.13.12-25;-16.43342821;-71.48235921;-1945809.243;2843989.324;D
1.13.12-25;-16.43340613;-71.48274576;-1945801.755;2843945.781;D
1.13.12-25;-16.43365299;-71.4827567;-1945830.622;2843941.303;D
1.13.12-26; ; ;-1.516416327;20763369.87;D
1.13.12-26;-16.43336806;-71.48235201;-1945802.267;2843990.929;D
1.13.12-26;-16.43289578;-71.48231386;-1945747.26;2844001.449;D
1.13.12-26;-16.43287681;-71.48269595;-1945740.194;2843958.371;D
1.13.12-26;-16.43334791;-71.48274226;-1945794.96;2843946.941;D
1.13.12-27; ; ;-1.516416327;20763369.87;D
1.13.12-27;-16.43334247;-71.48298717;-1945791.221;2843919.242;D
1.13.12-27;-16.43334235;-71.48280022;-1945793.572;2843940.442;D
1.13.12-27;-16.43286656;-71.48275812;-1945738.203;2843951.456;D
1.13.12-27;-16.43284964;-71.48297017;-1945733.531;2843927.633;D
1.13.12-27;-16.43331421;-71.4831391;-1945785.977;2843902.385;D
1.13.12-28; ; ;-1.516416327;20763369.87;D
1.13.12-28;-16.43328559;-71.48320043;-1945781.838;2843895.806;D
1.13.12-28;-16.43282982;-71.48302766;-1945730.475;2843921.374;D
1.13.12-28;-16.43272687;-71.48338844;-1945713.812;2843881.815;D
1.13.12-28;-16.43316726;-71.48355564;-1945763.439;2843857.08;D
1.13.12-29; ; ;-1.516416327;20763369.87;D
1.13.12-29;-16.43315201;-71.48362133;-1945760.815;2843849.831;D
1.13.12-29;-16.4327098;-71.48345197;-1945711.002;2843874.835;D
1.13.12-29;-16.43259691;-71.48382192;-1945693.056;2843834.365;D
1.13.12-29;-16.43304473;-71.48398996;-1945743.545;2843809.438;D
1.13.12-30; ; ;-1.516416327;20763369.87;D
1.13.12-30;-16.43366968;-71.48382467;-1945819.065;2843819.984;D
1.13.12-30;-16.43323094;-71.4836491;-1945769.738;2843845.647;D
1.13.12-30;-16.43311784;-71.48402164;-1945751.734;2843804.887;D
1.13.12-30;-16.43354372;-71.48419052;-1945799.635;2843780.152;D
1.13.12-31; ; ;-1.516416327;20763369.87;D
1.13.12-31;-16.43367384;-71.48376012;-1945820.371;2843827.25;D
1.13.12-31;-16.43379236;-71.48339173;-1945838.959;2843867.467;D
1.13.12-31;-16.43334954;-71.4832163;-1945789.151;2843893.167;D
1.13.12-31;-16.43323199;-71.48358511;-1945770.671;2843852.889;D
1.13.12-32; ; ;-1.516416327;20763369.87;D
1.13.12-32;-16.43360068;-71.483242;-1945818.333;2843886.959;D
1.13.12-32;-16.43390186;-71.48289365;-1945858.128;2843922.51;D
1.13.12-32;-16.43424646;-71.48249203;-1945903.701;2843963.53;D
1.13.12-32;-16.43441351;-71.48227147;-1945926.12;2843986.349;D
1.13.12-32;-16.43445294;-71.48208471;-1945933.117;2844007.009;D
1.13.12-32;-16.43437426;-71.48201968;-1945924.696;2844015.415;D
1.13.12-32;-16.43420146;-71.48221282;-1945901.948;2843995.78;D
1.13.12-32;-16.43383428;-71.48265308;-1945853.234;2843950.675;D
1.13.12-32;-16.43335858;-71.48316467;-1945790.866;2843898.903;D
1.13.12-33; ; ;-1.516416327;20763369.87;D
1.13.12-33;-16.43385422;-71.48335719;-1945846.664;2843870.572;D
1.13.12-33;-16.43432653;-71.48281449;-1945909.027;2843925.915;D
1.13.12-33;-16.43438482;-71.48270871;-1945917.214;2843937.146;D
1.13.12-33;-16.43446816;-71.48241139;-1945930.77;2843969.766;D
1.13.12-33;-16.43444262;-71.48235696;-1945928.458;2843976.274;D
1.13.12-33;-16.4336709;-71.48325897;-1945826.369;2843884.114;D
1.13.12-34; ; ;-1.516416327;20763369.87;D
1.13.12-34;-16.43413638;-71.48375494;-1945874.781;2843821.771;D
1.13.12-34;-16.4341323;-71.48352358;-1945877.23;2843848.058;D
1.13.12-34;-16.43384204;-71.48341303;-1945844.526;2843864.401;D
1.13.12-34;-16.43373994;-71.48377685;-1945827.925;2843824.486;D
1.13.12-34;-16.43410294;-71.48393945;-1945868.517;2843801.287;D
1.13.12-35; ; ;-1.516416327;20763369.87;D
1.13.12-35;-16.43408551;-71.48398886;-1945865.843;2843795.913;D
1.13.12-35;-16.4337338;-71.48386137;-1945826.134;2843814.982;D
1.13.12-35;-16.43362626;-71.48422571;-1945808.888;2843775.079;D
1.13.12-35;-16.43406725;-71.48440855;-1945858.386;2843748.563;D
1.13.16-1; ; ;-1.516416327;20763369.87;D
1.13.16-1;-16.43239939;-71.48858815;-1945609.534;2843296.507;D
1.13.16-1;-16.43233739;-71.48886363;-1945598.764;2843266.083;D
1.13.16-1;-16.43248717;-71.48886715;-1945616.317;2843263.72;D
1.13.16-1;-16.43262622;-71.48886834;-1945632.639;2843261.763;D
1.13.16-1;-16.43271784;-71.48886179;-1945643.486;2843261.304;D
1.13.16-1;-16.43285097;-71.48883025;-1945659.527;2843263.135;D
1.13.16-1;-16.43298664;-71.4887569;-1945676.395;2843269.673;D
1.13.16-1;-16.43314974;-71.48858923;-1945697.678;2843286.547;D
1.13.16-1;-16.43308395;-71.48850874;-1945690.967;2843296.536;D
1.13.16-1;-16.43291666;-71.48860559;-1945670.087;2843287.748;D
1.13.16-1;-16.43273593;-71.4886458;-1945648.344;2843285.558;D
1.13.16-1;-16.43258177;-71.48864814;-1945630.202;2843287.314;D
1.13.16-2; ; ;-1.516416327;20763369.87;D
1.13.16-2;-16.43232935;-71.4888701;-1945597.737;2843265.455;D
1.13.16-2;-16.43238908;-71.48858069;-1945608.417;2843297.488;D
1.13.16-2;-16.4320601;-71.48849778;-1945570.814;2843311.202;D
1.13.16-2;-16.43197489;-71.48881834;-1945556.747;2843275.971;D
1.13.16-3; ; ;-1.516416327;20763369.87;D
1.13.16-3;-16.43203706;-71.48849898;-1945568.092;2843311.368;D
1.13.16-3;-16.43168028;-71.48840876;-1945527.315;2843326.277;D
1.13.16-3;-16.43160659;-71.48880897;-1945513.594;2843281.862;D
1.13.16-3;-16.4313853;-71.48909619;-1945483.96;2843252.195;D
1.13.16-3;-16.43150018;-71.48920314;-1945496.104;2843238.562;D
1.13.16-3;-16.43174213;-71.48893289;-1945527.95;2843266.033;D
1.13.16-3;-16.43192006;-71.48881485;-1945550.349;2843277.086;D
1.13.16-4; ; ;-1.516416327;20763369.87;D
1.13.16-4;-16.43159214;-71.48824839;-1945518.989;2843345.616;D
1.13.16-4;-16.43153074;-71.4881052;-1945513.586;2843362.658;D
1.13.16-4;-16.43142831;-71.488006;-1945502.808;2843375.248;D
1.13.16-4;-16.43135142;-71.48802072;-1945493.587;2843374.588;D
1.13.16-4;-16.43137547;-71.48822062;-1945493.883;2843351.605;D
1.13.16-4;-16.43133863;-71.48835004;-1945487.918;2843337.414;D
1.13.16-4;-16.43128083;-71.48851415;-1945479.05;2843319.562;D
1.13.16-4;-16.43159324;-71.48858866;-1945514.813;2843307.018;D
1.13.16-4;-16.43162702;-71.48833817;-1945521.951;2843334.979;D
1.13.16-5; ; ;-1.516416327;20763369.87;D
1.13.16-5;-16.43133394;-71.48801472;-1945491.61;2843375.497;D
1.13.16-5;-16.43126893;-71.48800767;-1945484.061;2843377.149;D
1.13.16-5;-16.43112487;-71.4882017;-1945464.68;2843357.036;D
1.13.16-5;-16.43127939;-71.48839642;-1945480.37;2843332.93;D
1.13.16-5;-16.43133707;-71.48830007;-1945488.367;2843343.1;D
1.13.16-6; ; ;-1.516416327;20763369.87;D
1.13.16-6;-16.43128263;-71.48843495;-1945480.264;2843328.52;D
1.13.16-6;-16.43110709;-71.48823427;-1945462.179;2843353.576;D
1.13.16-6;-16.43091326;-71.48846495;-1945436.487;2843329.96;D
1.13.16-6;-16.43110717;-71.48868603;-1945456.472;2843302.35;D
1.13.16-6;-16.43119907;-71.48855393;-1945468.942;2843316.124;D
1.13.16-7; ; ;-1.516416327;20763369.87;D
1.13.16-7;-16.43153312;-71.48881768;-1945504.851;2843281.838;D
1.13.16-7;-16.43158998;-71.48863223;-1945513.878;2843302.12;D
1.13.16-7;-16.43125974;-71.48853706;-1945476.283;2843317.241;D
1.13.16-7;-16.43123224;-71.4885902;-1945472.379;2843311.577;D
1.13.16-7;-16.43118591;-71.48867978;-1945465.803;2843302.026;D
1.13.16-7;-16.43111246;-71.4888001;-1945455.651;2843289.346;D
1.13.16-7;-16.43135654;-71.48905305;-1945481.127;2843257.464;D
1.13.17-1; ; ;-1.516416327;20763369.87;D
1.13.17-1;-16.43109218;-71.48951758;-1945444.191;2843208.257;D
1.13.17-1;-16.43122783;-71.48943028;-1945461.233;2843216.377;D
1.13.17-1;-16.43104117;-71.48918067;-1945442.461;2843247.128;D
1.13.17-1;-16.43096685;-71.48930217;-1945432.191;2843234.325;D
1.13.17-1;-16.43089336;-71.48935067;-1945422.943;2843229.789;D
1.13.17-1;-16.43092646;-71.4895913;-1945423.788;2843202.07;D
1.13.17-2; ; ;-1.516416327;20763369.87;D
1.13.17-2;-16.43095382;-71.48922829;-1945431.595;2843242.873;D
1.13.17-2;-16.43100736;-71.48912567;-1945439.184;2843253.807;D
1.13.17-2;-16.43103544;-71.48896686;-1945444.492;2843271.446;D
1.13.17-2;-16.43093326;-71.48902559;-1945431.744;2843266.126;D
1.13.17-2;-16.43087658;-71.48906793;-1945424.549;2843262.069;D
1.13.17-2;-16.43090097;-71.48926975;-1945424.862;2843238.865;D
1.13.17-4; ; ;-1.516416327;20763369.87;D
1.13.17-4;-16.43057064;-71.48906718;-1945388.613;2843266.165;D
1.13.17-4;-16.43083772;-71.48902747;-1945420.495;2843267.166;D
1.13.17-4;-16.43081548;-71.48884262;-1945420.221;2843288.418;D
1.13.17-4;-16.43076724;-71.488751;-1945415.712;2843299.439;D
1.13.17-4;-16.43055927;-71.48854936;-1945393.829;2843325.029;D
1.13.17-4;-16.43049887;-71.48854866;-1945386.742;2843325.9;D
1.13.17-5; ; ;-1.516416327;20763369.87;D
1.13.17-5;-16.43058537;-71.48944501;-1945385.564;2843223.129;D
1.13.17-5;-16.43056589;-71.48960234;-1945381.284;2843205.544;D
1.13.17-5;-16.43073266;-71.48961517;-1945400.716;2843201.903;D
1.13.17-5;-16.43087801;-71.48959651;-1945418.03;2843202.114;D
1.13.17-5;-16.43084531;-71.48907;-1945420.849;2843262.243;D
1.13.17-5;-16.43055408;-71.48911543;-1945386.057;2843260.91;D
1.13.17-6; ; ;-1.516416327;20763369.87;D
1.13.17-6;-16.43034896;-71.48956027;-1945356.33;2843213.158;D
1.13.17-6;-16.43051716;-71.48959342;-1945375.672;2843207.195;D
1.13.17-6;-16.4305621;-71.48945815;-1945382.663;2843221.944;D
1.13.17-6;-16.43053098;-71.48911421;-1945383.359;2843261.351;D
1.13.17-6;-16.43033019;-71.48912035;-1945359.69;2843263.287;D
1.13.17-6;-16.43030663;-71.48913999;-1945356.674;2843261.369;D
1.13.17-6;-16.43032151;-71.48931517;-1945356.206;2843241.31;D
1.13.17-7; ; ;-1.516416327;20763369.87;D
1.13.17-7;-16.43033873;-71.48908617;-1945361.126;2843267.051;D
1.13.17-7;-16.43052843;-71.48907968;-1945383.496;2843265.3;D
1.13.17-7;-16.43046637;-71.48856126;-1945382.764;2843324.898;D
1.13.17-7;-16.43025566;-71.48860552;-1945357.448;2843322.642;D
1.13.17-7;-16.43012497;-71.48867204;-1945341.25;2843316.812;D
1.13.18-1; ; ;-1.516416327;20763369.87;D
1.13.18-1;-16.43032415;-71.48955334;-1945353.503;2843214.269;D
1.13.18-1;-16.43027201;-71.48914403;-1945352.555;2843261.365;D
1.13.18-1;-16.43004739;-71.48927656;-1945324.488;2843249.282;D
1.13.18-1;-16.43021091;-71.4895563;-1945340.161;2843215.419;D
1.13.18-2; ; ;-1.516416327;20763369.87;D
1.13.18-2;-16.43006119;-71.48923799;-1945326.597;2843253.475;D
1.13.18-2;-16.43029252;-71.48909221;-1945355.62;2843266.972;D
1.13.18-2;-16.43008556;-71.48867755;-1945336.55;2843316.704;D
1.13.18-2;-16.4298345;-71.48882404;-1945305.2;2843303.383;D
1.13.18-3; ; ;-1.516416327;20763369.87;D
1.13.18-3;-16.42974918;-71.48939418;-1945287.963;2843239.853;D
1.13.18-3;-16.4300112;-71.48925884;-1945320.46;2843251.765;D
1.13.18-3;-16.42979888;-71.48884327;-1945300.772;2843301.671;D
1.13.18-3;-16.42954171;-71.48899778;-1945268.602;2843287.521;D
1.13.18-4; ; ;-1.516416327;20763369.87;D
1.13.18-4;-16.42990712;-71.48971694;-1945302.436;2843201.185;D
1.13.18-4;-16.43015902;-71.48957122;-1945333.875;2843214.407;D
1.13.18-4;-16.43000008;-71.48929409;-1945318.707;2843247.914;D
1.13.18-4;-16.42975682;-71.48943325;-1945288.367;2843235.323;D
1.13.18-5; ; ;-1.516416327;20763369.87;D
1.13.18-5;-16.42989446;-71.48974727;-1945300.566;2843197.912;D
1.13.18-5;-16.4297434;-71.48945717;-1945286.487;2843232.787;D
1.13.18-5;-16.42971706;-71.48945681;-1945283.398;2843233.173;D
1.13.18-5;-16.42950508;-71.48958459;-1945256.875;2843221.463;D
1.13.18-5;-16.42967662;-71.48991691;-1945272.825;2843181.532;D
1.13.18-6; ; ;-1.516416327;20763369.87;D
1.13.18-6;-16.42971856;-71.48940522;-1945284.226;2843239.002;D
1.13.18-6;-16.42950573;-71.48899951;-1945264.353;2843287.797;D
1.13.18-6;-16.42925497;-71.48915209;-1945232.962;2843273.783;D
1.13.18-6;-16.42947716;-71.48955261;-1945253.999;2843225.454;D
1.13.18-7; ; ;-1.516416327;20763369.87;D
1.13.18-7;-16.42943611;-71.48956743;-1945248.989;2843224.313;D
1.13.18-7;-16.42922336;-71.4891662;-1945229.068;2843272.597;D
1.13.18-7;-16.42897982;-71.48930333;-1945198.72;2843260.24;D
1.13.18-7;-16.42919677;-71.48971208;-1945219.039;2843211.047;D
1.13.18-8; ; ;-1.516416327;20763369.87;D
1.13.18-8;-16.42964821;-71.48996784;-1945268.843;2843176.129;D
1.13.18-8;-16.42946942;-71.4895997;-1945252.495;2843220.217;D
1.13.18-8;-16.4292128;-71.48975166;-1945220.422;2843206.35;D
1.13.18-8;-16.42945833;-71.49022775;-1945243.246;2843149.146;D
1.13.18-9; ; ;-1.516416327;20763369.87;D
1.13.18-9;-16.42910853;-71.49027729;-1945201.522;2843148.113;D
1.13.18-9;-16.42922493;-71.49049558;-1945212.436;2843121.836;D
1.13.18-9;-16.429345;-71.49058295;-1945225.438;2843110.355;D
1.13.18-9;-16.42945834;-71.49030371;-1945242.286;2843140.533;D
1.13.18-9;-16.42917533;-71.4897702;-1945215.785;2843204.738;D
1.13.18-9;-16.42893953;-71.48989646;-1945186.484;2843193.511;D
1.13.18-9;-16.42899828;-71.49003643;-1945191.616;2843176.87;D
1.13.18-10; ; ;-1.516416327;20763369.87;D
1.13.18-10;-16.42914275;-71.48973069;-1945212.457;2843209.645;D
1.13.18-10;-16.42893728;-71.48931951;-1945193.518;2843258.962;D
1.13.18-10;-16.42870584;-71.48944784;-1945164.702;2843247.444;D
1.13.18-10;-16.42870901;-71.48946377;-1945164.874;2843245.596;D
1.13.18-10;-16.42889897;-71.48986414;-1945182.127;2843197.708;D
1.13.18-11; ; ;-1.516416327;20763369.87;D
1.13.18-11;-16.42888476;-71.49063262;-1945170.737;2843110.755;D
1.13.18-11;-16.42893746;-71.49066439;-1945176.527;2843106.462;D
1.13.18-11;-16.42897895;-71.49069281;-1945181.041;2843102.696;D
1.13.18-11;-16.42904614;-71.49073371;-1945188.418;2843097.177;D
1.13.18-11;-16.42914346;-71.4907438;-1945199.725;2843094.758;D
1.13.18-11;-16.4292349;-71.49072066;-1945210.761;2843096.183;D
1.13.18-11;-16.42928025;-71.49067985;-1945216.605;2843100.217;D
1.13.18-11;-16.42932792;-71.49062945;-1945222.844;2843105.307;D
1.13.18-11;-16.42919119;-71.49051214;-1945208.262;2843120.401;D
1.13.18-11;-16.42890704;-71.48992257;-1945182.337;2843190.977;D
1.13.18-11;-16.42878624;-71.48996808;-1945167.567;2843187.4;D
1.13.18-11;-16.42886616;-71.49054427;-1945169.669;2843121.017;D
1.13.19-1; ; ;-1.516416327;20763369.87;D
1.13.19-1;-16.42836995;-71.48987345;-1945119.855;2843203.587;D
1.13.19-1;-16.42844342;-71.4905274;-1945120.215;2843128.471;D
1.13.19-1;-16.42885114;-71.49061266;-1945167.039;2843113.459;D
1.13.19-1;-16.42869595;-71.48951318;-1945162.714;2843240.166;D
1.13.19-1;-16.42833093;-71.48961355;-1945118.558;2843233.568;D
1.13.19-2; ; ;-1.516416327;20763369.87;D
1.13.19-2;-16.4279718;-71.49005113;-1945070.829;2843188.657;D
1.13.19-2;-16.4279889;-71.49025151;-1945070.304;2843165.712;D
1.13.19-2;-16.4280181;-71.49050496;-1945070.529;2843136.589;D
1.13.19-2;-16.42818349;-71.49055353;-1945089.346;2843128.915;D
1.13.19-2;-16.428308;-71.49055637;-1945103.938;2843126.961;D
1.13.19-2;-16.4284106;-71.49052264;-1945116.419;2843129.441;D
1.13.19-2;-16.42830723;-71.48964316;-1945115.399;2843230.521;D
1.13.19-2;-16.42806385;-71.48969785;-1945086.112;2843227.509;D
1.13.19-2;-16.42802427;-71.48974823;-1945080.825;2843222.316;D
1.13.19-2;-16.42799031;-71.48988666;-1945075.084;2843207.064;D
1.13.19-3; ; ;-1.516416327;20763369.87;D
1.13.19-3;-16.42737842;-71.4903726;-1944997.047;2843159.981;D
1.13.19-3;-16.42750046;-71.49040075;-1945011.029;2843155.19;D
1.13.19-3;-16.42773837;-71.49044794;-1945038.384;2843146.722;D
1.13.19-3;-16.4280078;-71.48970689;-1945079.413;2843227.219;D
1.13.19-3;-16.42791205;-71.48969456;-1945068.319;2843229.873;D
1.13.19-3;-16.42759048;-71.48980813;-1945029.101;2843221.209;D
1.13.19-3;-16.42748233;-71.49006913;-1945013.093;2843193.031;D
1.13.20-1; ; ;-1.516416327;20763369.87;D
1.13.20-1;-16.4271557;-71.48992033;-1944976.6;2843214.185;D
1.13.20-1;-16.42703257;-71.49016965;-1944958.98;2843187.527;D
1.13.20-1;-16.4270738;-71.49020861;-1944963.331;2843182.569;D
1.13.20-1;-16.42714183;-71.49025788;-1944970.701;2843176.09;D
1.13.20-1;-16.42723781;-71.49031433;-1944981.263;2843168.432;D
1.13.20-1;-16.42735193;-71.49034717;-1944994.256;2843163.213;D
1.13.20-1;-16.42751468;-71.4898907;-1945019.151;2843212.84;D
1.13.20-1;-16.42755013;-71.48979692;-1945024.503;2843223.009;D
1.13.20-1;-16.42740529;-71.48977543;-1945007.757;2843227.344;D
1.13.20-1;-16.42734409;-71.48975254;-1945000.856;2843230.742;D
1.13.20-1;-16.42726513;-71.48970832;-1944992.138;2843236.791;D
1.13.20-2; ; ;-1.516416327;20763369.87;D
1.13.20-2;-16.42701335;-71.49014834;-1944956.992;2843190.196;D
1.13.20-2;-16.42722602;-71.48968984;-1944987.778;2843239.398;D
1.13.20-2;-16.42703783;-71.48960065;-1944966.795;2843251.979;D
1.13.20-2;-16.42694904;-71.48956241;-1944956.847;2843257.479;D
1.13.20-2;-16.42686101;-71.48974594;-1944944.183;2843237.821;D
1.13.20-2;-16.42672939;-71.49001519;-1944925.313;2843209.015;D
1.13.20-2;-16.42678017;-71.49003744;-1944930.998;2843205.827;D
1.13.21-1; ; ;-1.516416327;20763369.87;D
1.13.21-1;-16.42658908;-71.48969641;-1944912.86;2843247.001;D
1.13.21-1;-16.4264417;-71.48990493;-1944892.907;2843225.288;D
1.13.21-1;-16.42654893;-71.4899471;-1944904.972;2843219.1;D
1.13.21-1;-16.42671114;-71.48999375;-1944923.441;2843211.686;D
1.13.21-1;-16.42692143;-71.48952857;-1944954.031;2843261.678;D
1.13.21-1;-16.42677418;-71.48942418;-1944938.051;2843275.445;D
1.13.21-2; ; ;-1.516416327;20763369.87;D
1.13.21-2;-16.42624387;-71.48954714;-1944874.189;2843268.452;D
1.13.21-2;-16.42623537;-71.48952492;-1944873.472;2843271.083;D
1.13.21-2;-16.42626337;-71.48938603;-1944878.518;2843286.465;D
1.13.21-2;-16.42628757;-71.48929678;-1944882.49;2843296.268;D
1.13.21-2;-16.4263189;-71.48918921;-1944887.532;2843308.056;D
1.13.21-2;-16.42629332;-71.48916673;-1944884.811;2843310.94;D
1.13.21-2;-16.42613485;-71.48932176;-1944864.232;2843295.437;D
1.13.21-2;-16.42596593;-71.48958134;-1944841.101;2843268.216;D
1.13.21-2;-16.42598898;-71.48966722;-1944842.723;2843258.176;D
1.13.21-2;-16.42639219;-71.48988027;-1944887.402;2843228.733;D
1.13.21-2;-16.42650868;-71.48974115;-1944902.847;2843242.982;D
1.13.21-2;-16.42631525;-71.4896052;-1944881.842;2843260.932;D
1.13.21-3; ; ;-1.516416327;20763369.87;D
1.13.21-3;-16.42645388;-71.48919177;-1944903.358;2843305.997;D
1.13.21-3;-16.42637139;-71.48925124;-1944892.914;2843300.333;D
1.13.21-3;-16.42631232;-71.48933234;-1944884.948;2843291.912;D
1.13.21-3;-16.42628329;-71.48950804;-1944879.315;2843272.369;D
1.13.21-3;-16.42634594;-71.48957504;-1944885.829;2843263.95;D
1.13.21-3;-16.42653672;-71.48972224;-1944906.382;2843244.758;D
1.13.21-3;-16.42675908;-71.48939544;-1944936.64;2843278.902;D
1.13.21-3;-16.42656875;-71.48912262;-1944917.729;2843312.331;D
1.13.21-4; ; ;-1.516416327;20763369.87;D
1.13.21-4;-16.42651513;-71.48902373;-1944912.68;2843324.248;D
1.13.21-4;-16.42652856;-71.48904727;-1944913.96;2843321.403;D
1.13.21-4;-16.42663066;-71.48909748;-1944925.321;2843314.371;D
1.13.21-4;-16.42686166;-71.48885377;-1944955.543;2843338.979;D
1.13.21-4;-16.4267433;-71.48877496;-1944942.635;2843349.466;D
1.13.21-4;-16.42662149;-71.48890175;-1944926.719;2843336.685;D
1.13.21-5; ; ;-1.516416327;20763369.87;D
1.13.21-5;-16.42635054;-71.48882855;-1944895.811;2843348.538;D
1.13.21-5;-16.42618884;-71.48894088;-1944875.392;2843337.919;D
1.13.21-5;-16.42599865;-71.48915862;-1944850.292;2843315.721;D
1.13.21-5;-16.42611618;-71.48925084;-1944862.934;2843303.723;D
1.13.21-5;-16.42624802;-71.48913269;-1944879.919;2843315.393;D
1.13.21-5;-16.42635497;-71.48895715;-1944894.704;2843333.896;D
1.13.21-5;-16.42655796;-71.48877037;-1944920.917;2843352.416;D
1.13.21-5;-16.42644463;-71.48876179;-1944907.71;2843354.874;D
1.13.56-10; ; ;-1.516416327;20763369.87;D
1.13.56-10;-16.42659406;-71.49058516;-1944902.204;2843146.158;D
1.13.56-10;-16.42681387;-71.49110325;-1944921.477;2843084.53;D
1.13.56-10;-16.42698314;-71.49081851;-1944944.965;2843114.599;D
1.13.56-10;-16.42671667;-71.49058335;-1944916.632;2843144.757;D
1.13.56-11; ; ;-1.516416327;20763369.87;D
1.13.56-11;-16.42684344;-71.49114532;-1944924.419;2843079.372;D
1.13.56-11;-16.42695676;-71.49129497;-1944935.841;2843060.917;D
1.13.56-11;-16.42712643;-71.4914225;-1944954.161;2843044.233;D
1.13.56-11;-16.42728495;-71.49117511;-1944975.914;2843070.208;D
1.13.56-11;-16.42719848;-71.49110043;-1944966.7;2843079.809;D
1.13.56-11;-16.42712838;-71.4910439;-1944959.179;2843087.139;D
1.13.56-11;-16.42702578;-71.49085777;-1944949.479;2843109.588;D
1.13.56-12; ; ;-1.516416327;20763369.87;D
1.13.56-12;-16.4274226;-71.49167358;-1944985.782;2843011.882;D
1.13.56-12;-16.42748103;-71.49172843;-1944991.954;2843004.897;D
1.13.56-12;-16.42777883;-71.49119203;-1945033.726;2843061.818;D
1.13.56-12;-16.42765262;-71.49110955;-1945019.942;2843072.824;D
1.13.56-12;-16.42724609;-71.49130763;-1944969.673;2843055.691;D
1.13.56-12;-16.42715587;-71.49145108;-1944957.259;2843040.607;D
1.13.56-81; ; ;-1.516416327;20763369.87;D
1.13.56-81;-16.42650207;-71.49028636;-1944895.176;2843181.245;D
1.13.56-81;-16.42669362;-71.49050725;-1944914.887;2843153.688;D
1.13.56-81;-16.42684372;-71.49035317;-1944934.471;2843169.192;D
1.13.56-81;-16.42662967;-71.49017415;-1944911.586;2843192.297;D
1.13.57-1; ; ;-1.516416327;20763369.87;D
1.13.57-1;-16.42735821;-71.49069874;-1944990.547;2843123.265;D
1.13.57-1;-16.42723471;-71.49062712;-1944976.943;2843133.004;D
1.13.57-1;-16.42685606;-71.49036081;-1944935.824;2843168.164;D
1.13.57-1;-16.42670782;-71.49051644;-1944916.438;2843152.459;D
1.13.57-1;-16.42702206;-71.49078689;-1944949.938;2843117.675;D
1.13.57-1;-16.42717055;-71.49097785;-1944964.969;2843094.076;D
1.13.57-1;-16.42731257;-71.4910981;-1944980.133;2843078.578;D
1.13.57-1;-16.42736987;-71.49110952;-1944986.721;2843076.533;D
1.13.57-1;-16.42755616;-71.49103284;-1945009.578;2843082.786;D
1.13.57-1;-16.42766035;-71.49086825;-1945023.902;2843100.084;D
1.13.57-2; ; ;-1.516416327;20763369.87;D
1.13.57-2;-16.42811272;-71.49154718;-1945068.462;2843017.171;D
1.13.57-2;-16.42824454;-71.49176253;-1945081.227;2842991.025;D
1.13.57-2;-16.42838014;-71.49203019;-1945093.772;2842958.898;D
1.13.57-2;-16.42847025;-71.49200059;-1945104.733;2842961.072;D
1.13.57-2;-16.42837927;-71.49159128;-1945099.222;2843008.677;D
1.13.57-2;-16.42827103;-71.49135122;-1945089.541;2843037.317;D
1.13.57-2;-16.42815875;-71.49121946;-1945078.015;2843053.728;D
1.13.57-2;-16.42785388;-71.49094863;-1945045.623;2843088.433;D
1.13.57-2;-16.42775632;-71.49109498;-1945032.309;2843073.118;D
1.13.57-2;-16.42795056;-71.49131129;-1945052.394;2843046.044;D
1.13.57-3; ; ;-1.516416327;20763369.87;D
1.13.57-3;-16.42914812;-71.49358129;-1945164.383;2842772.955;D
1.13.57-3;-16.42940832;-71.49343182;-1945196.844;2842786.493;D
1.13.57-3;-16.42945922;-71.49340732;-1945203.134;2842788.604;D
1.13.57-3;-16.42942464;-71.493154;-1945202.275;2842817.781;D
1.13.57-3;-16.42930745;-71.49295243;-1945191.056;2842842.172;D
1.13.57-3;-16.42919077;-71.49280802;-1945179.173;2842860.076;D
1.13.57-3;-16.42894577;-71.49258303;-1945153.235;2842888.798;D
1.13.57-3;-16.42857836;-71.49222536;-1945114.593;2842934.169;D
1.13.57-3;-16.42850349;-71.4922855;-1945105.035;2842928.332;D
1.13.57-3;-16.42868373;-71.49254319;-1945122.953;2842896.749;D
1.13.57-3;-16.42872491;-71.49263334;-1945126.65;2842885.988;D
1.13.57-3;-16.42880012;-71.49288135;-1945132.35;2842856.88;D
1.13.57-3;-16.42884153;-71.4931335;-1945134.026;2842827.747;D
1.13.57-3;-16.42883195;-71.49338408;-1945129.731;2842799.459;D
1.13.57-3;-16.42881813;-71.49366218;-1945124.59;2842768.106;D
1.13.57-3;-16.42881879;-71.49389428;-1945121.732;2842741.78;D
1.13.57-3;-16.42882455;-71.49413311;-1945119.388;2842714.624;D
1.13.57-3;-16.42910862;-71.49416644;-1945152.342;2842707.122;D
1.13.57-3;-16.42912019;-71.49375082;-1945158.958;2842754.098;D
1.13.57-4; ; ;-1.516416327;20763369.87;D
1.13.57-4;-16.42901057;-71.49515073;-1945128.375;2842596.8;D
1.13.57-4;-16.42903916;-71.49485352;-1945135.492;2842630.126;D
1.13.57-4;-16.42909584;-71.49422946;-1945150.043;2842700.144;D
1.13.57-4;-16.42881509;-71.49420595;-1945117.356;2842706.489;D
1.13.57-4;-16.42879024;-71.4944708;-1945111.088;2842676.784;D
1.13.57-4;-16.42871835;-71.49474566;-1945099.166;2842646.559;D
1.13.57-4;-16.42867587;-71.49493557;-1945091.773;2842625.583;D
1.13.57-4;-16.42865523;-71.49503534;-1945088.086;2842614.54;D
1.13.57-4;-16.42868964;-71.49522157;-1945089.774;2842592.973;D
1.13.84-1; ; ;-1.516416327;20763369.87;D
1.13.84-1;-16.42548072;-71.50492038;-1944590.175;2841535.292;D
1.13.84-1;-16.4256798;-71.50474036;-1944615.838;2841553.097;D
1.13.84-1;-16.42516527;-71.50406515;-1944563.924;2841636.392;D
1.13.84-1;-16.42465151;-71.50356228;-1944509.921;2841700.138;D
1.13.84-1;-16.42432638;-71.50323261;-1944475.891;2841741.774;D
1.13.84-1;-16.42412228;-71.50289864;-1944456.132;2841782.314;D
1.13.84-1;-16.42376693;-71.50249912;-1944419.434;2841832.268;D
1.13.84-1;-16.42353964;-71.50269326;-1944390.278;2841813.231;D
1.13.84-1;-16.42384919;-71.50319175;-1944420.346;2841752.656;D
1.13.84-1;-16.42484807;-71.50427333;-1944524.027;2841616.941;D
1.13.122-15; ; ;-1.516416327;20763369.87;D
1.13.122-15;-16.43408097;-71.47369435;-1945995.651;2844963.316;D
1.13.122-15;-16.43355507;-71.47354814;-1945935.709;2844986.797;D
1.13.122-15;-16.43355008;-71.47354755;-1945935.13;2844986.929;D
1.13.122-15;-16.43345621;-71.47392447;-1945919.327;2844945.418;D
1.13.122-15;-16.43400419;-71.47406928;-1945981.88;2844921.807;D
1.13.122-16; ; ;-1.516416327;20763369.87;D
1.13.122-16;-16.43399631;-71.47414783;-1945979.96;2844913.002;D
1.13.122-16;-16.43344728;-71.47398325;-1945917.533;2844938.87;D
1.13.122-16;-16.43336356;-71.47438906;-1945902.557;2844893.951;D
1.13.122-16;-16.43390388;-71.47452906;-1945964.271;2844870.985;D
1.13.122-17; ; ;-1.516416327;20763369.87;D
1.13.122-17;-16.43404906;-71.47415663;-1945986.046;2844911.313;D
1.13.122-17;-16.43395782;-71.47454015;-1945970.468;2844869.019;D
1.13.122-17;-16.43440933;-71.47465048;-1946022.123;2844850.583;D
1.13.122-17;-16.43450227;-71.47426503;-1946037.925;2844893.073;D
1.13.122-18; ; ;-1.516416327;20763369.87;D
1.13.122-18;-16.43459141;-71.47380307;-1946054.25;2844944.289;D
1.13.122-18;-16.43414232;-71.47371086;-1946002.65;2844960.638;D
1.13.122-18;-16.43407811;-71.47408476;-1945990.37;2844919.081;D
1.13.122-18;-16.43451753;-71.47418501;-1946040.732;2844901.947;D
1.13.122-20; ; ;-1.516416327;20763369.87;D
1.13.122-20;-16.43464031;-71.472886;-1946071.611;2845047.64;D
1.13.122-20;-16.43415982;-71.4727838;-1946016.447;2845065.535;D
1.13.122-20;-16.43415135;-71.47317999;-1946010.435;2845020.72;D
1.13.122-20;-16.43462683;-71.47329282;-1946064.874;2845001.685;D
1.13.122-21; ; ;-1.516416327;20763369.87;D
1.13.122-21;-16.43464888;-71.47283077;-1946073.317;2845053.79;D
1.13.122-21;-16.43464727;-71.47282416;-1946073.211;2845054.562;D
1.13.122-21;-16.43464525;-71.47281589;-1946073.079;2845055.526;D
1.13.122-21;-16.43466525;-71.47242815;-1946080.341;2845099.233;D
1.13.122-21;-16.43417925;-71.47233424;-1946024.425;2845116.259;D
1.13.122-21;-16.43416788;-71.47272624;-1946018.124;2845071.956;D
1.13.122-21;-16.43465049;-71.47283739;-1946073.423;2845053.019;D
1.13.122-22; ; ;-1.516416327;20763369.87;D
1.13.122-22;-16.43523105;-71.47182898;-1946154.412;2845159.751;D
1.13.122-22;-16.43475112;-71.47202304;-1946095.561;2845144.044;D
1.13.122-22;-16.43472082;-71.47243335;-1946086.804;2845097.913;D
1.13.122-22;-16.43525246;-71.47220733;-1946152.135;2845116.566;D
1.13.122-23; ; ;-1.516416327;20763369.87;D
1.13.122-23;-16.43525399;-71.47228395;-1946151.344;2845107.857;D
1.13.122-23;-16.43473928;-71.47249246;-1946088.224;2845090.967;D
1.13.122-23;-16.43486942;-71.47285678;-1946098.901;2845047.947;D
1.13.122-23;-16.43540365;-71.47263987;-1946164.421;2845065.532;D
1.13.122-24; ; ;-1.516416327;20763369.87;D
1.13.122-24;-16.4354236;-71.47268646;-1946166.175;2845059.988;D
1.13.122-24;-16.43489235;-71.47290914;-1946100.932;2845041.708;D
1.13.122-24;-16.43504153;-71.47327569;-1946113.819;2844998.185;D
1.13.122-24;-16.43557085;-71.47305138;-1946178.855;2845016.673;D
1.13.122-25; ; ;-1.516416327;20763369.87;D
1.13.122-25;-16.43561562;-71.47310446;-1946183.443;2845010.067;D
1.13.122-25;-16.43504821;-71.4733147;-1946114.11;2844993.673;D
1.13.122-25;-16.43519218;-71.47370284;-1946126.11;2844947.769;D
1.13.122-25;-16.43573011;-71.47346893;-1946192.278;2844967.235;D
1.13.122-26; ; ;-1.516416327;20763369.87;D
1.13.122-26;-16.43479855;-71.47290067;-1946090.019;2845043.899;D
1.13.122-26;-16.43470579;-71.47291264;-1946078.967;2845043.76;D
1.13.122-26;-16.43469724;-71.47331854;-1946072.821;2844997.843;D
1.13.122-26;-16.43495073;-71.4733566;-1946102.125;2844990.201;D
1.13.122-27; ; ;-1.516416327;20763369.87;D
1.13.122-27;-16.43511046;-71.47385677;-1946114.557;2844931.387;D
1.13.122-27;-16.4349864;-71.47341209;-1946105.613;2844983.44;D
1.13.122-27;-16.43468666;-71.473366;-1946070.978;2844992.601;D
1.13.122-27;-16.43467634;-71.47376212;-1946064.748;2844947.817;D
1.13.122-28; ; ;-1.516416327;20763369.87;D
1.13.122-28;-16.43511738;-71.4739422;-1946114.29;2844921.609;D
1.13.122-28;-16.43467821;-71.47382421;-1946064.181;2844940.752;D
1.13.122-28;-16.4345721;-71.47420907;-1946046.839;2844898.502;D
1.13.122-28;-16.43502952;-71.47433028;-1946099.051;2844878.755;D
1.13.122-29; ; ;-1.516416327;20763369.87;D
1.13.122-29;-16.43501902;-71.47439672;-1946096.975;2844871.358;D
1.13.122-29;-16.43454374;-71.47428234;-1946042.579;2844890.566;D
1.13.122-29;-16.43446411;-71.47466402;-1946028.389;2844848.329;D
1.13.122-29;-16.43492512;-71.47478759;-1946080.992;2844828.267;D
1.13.122-30; ; ;-1.516416327;20763369.87;D
1.13.122-30;-16.43549404;-71.47451107;-1946151.341;2844852.157;D
1.13.122-30;-16.43512409;-71.4744251;-1946108.961;2844866.761;D
1.13.122-30;-16.43503973;-71.47478688;-1946094.468;2844826.843;D
1.13.122-30;-16.43520878;-71.47481002;-1946114.038;2844822.002;D
1.13.122-30;-16.435411;-71.47487223;-1946137.01;2844812.293;D
1.13.122-31; ; ;-1.516416327;20763369.87;D
1.13.122-31;-16.43560316;-71.47404617;-1946170.051;2844903.443;D
1.13.122-31;-16.43522218;-71.47396193;-1946126.353;2844917.995;D
1.13.122-31;-16.43513778;-71.47434786;-1946111.548;2844875.341;D
1.13.122-31;-16.43551095;-71.4744472;-1946154.137;2844859.178;D
1.13.122-33; ; ;-1.516416327;20763369.87;D
1.13.122-33;-16.43603903;-71.47417235;-1946219.667;2844883.415;D
1.13.122-33;-16.43566203;-71.47407349;-1946176.622;2844899.573;D
1.13.122-33;-16.43557716;-71.47446049;-1946161.749;2844856.802;D
1.13.122-33;-16.43594709;-71.47455937;-1946203.963;2844840.735;D
1.13.122-35; ; ;-1.516416327;20763369.87;D
1.13.122-35;-16.43629758;-71.47493711;-1946240.361;2844793.3;D
1.13.122-35;-16.43634612;-71.4747225;-1946248.782;2844817;D
1.13.122-35;-16.43599937;-71.47463823;-1946209.107;2844831.106;D
1.13.122-35;-16.43592811;-71.47492427;-1946197.111;2844799.606;D
1.13.122-35;-16.43610379;-71.47495784;-1946217.327;2844793.493;D
1.13.122-37; ; ;-1.516416327;20763369.87;D
1.13.122-37;-16.43633351;-71.47549314;-1946237.54;2844729.778;D
1.13.122-37;-16.43634324;-71.47526286;-1946241.599;2844755.763;D
1.13.122-37;-16.43577214;-71.47532245;-1946173.741;2844756.501;D
1.13.122-37;-16.43581891;-71.4757116;-1946174.309;2844711.759;D
1.13.122-37;-16.43618933;-71.47567432;-1946218.304;2844711.125;D
1.13.122-39; ; ;-1.516416327;20763369.87;D
1.13.122-39;-16.43577784;-71.47577825;-1946168.639;2844704.74;D
1.13.122-39;-16.43511587;-71.47584963;-1946089.955;2844705.332;D
1.13.122-39;-16.43513897;-71.47625062;-1946087.591;2844659.559;D
1.13.122-39;-16.43581044;-71.47620918;-1946167.011;2844655.447;D
1.13.122-40; ; ;-1.516416327;20763369.87;D
1.13.122-40;-16.43572802;-71.47531901;-1946168.601;2844757.47;D
1.13.122-40;-16.43506837;-71.47537773;-1946090.349;2844759.468;D
1.13.122-40;-16.43512291;-71.47576689;-1946091.829;2844714.622;D
1.13.122-40;-16.43575775;-71.47572259;-1946166.983;2844711.316;D
1.13.122-41; ; ;-1.516416327;20763369.87;D
1.13.122-41;-16.43567177;-71.47503615;-1946165.574;2844790.283;D
1.13.122-41;-16.4350213;-71.47510635;-1946088.256;2844790.859;D
1.13.122-41;-16.43504329;-71.47531503;-1946088.196;2844766.906;D
1.13.122-41;-16.4357177;-71.47525288;-1946168.226;2844765.104;D
1.13.122-42; ; ;-1.516416327;20763369.87;D
1.13.122-42;-16.43492309;-71.4749237;-1946079.029;2844812.859;D
1.13.122-42;-16.43445546;-71.47496179;-1946023.601;2844814.677;D
1.13.122-42;-16.43451239;-71.47537107;-1946025.107;2844767.519;D
1.13.122-42;-16.43496188;-71.47532277;-1946078.533;2844767.097;D
1.13.122-43; ; ;-1.516416327;20763369.87;D
1.13.122-43;-16.43497856;-71.47539223;-1946079.614;2844759.002;D
1.13.122-43;-16.4345186;-71.47542729;-1946025.124;2844761.062;D
1.13.122-43;-16.4345399;-71.47581978;-1946022.657;2844716.275;D
1.13.122-43;-16.43500693;-71.47579659;-1946077.826;2844712.777;D
1.13.122-44; ; ;-1.516416327;20763369.87;D
1.13.122-44;-16.43440003;-71.47498221;-1946016.83;2844813.088;D
1.13.122-44;-16.43393918;-71.4750425;-1945961.917;2844812.299;D
1.13.122-44;-16.43397738;-71.47542955;-1945961.503;2844767.907;D
1.13.122-44;-16.43444371;-71.47538494;-1946016.862;2844766.847;D
1.13.122-45; ; ;-1.516416327;20763369.87;D
1.13.122-45;-16.43353176;-71.47577121;-1945904.817;2844735.011;D
1.13.122-45;-16.43322698;-71.47524934;-1945875.615;2844798.189;D
1.13.122-45;-16.43310914;-71.47583132;-1945854.399;2844733.74;D
1.13.122-45;-16.43318552;-71.47594966;-1945861.875;2844719.318;D
1.13.122-46; ; ;-1.516416327;20763369.87;D
1.13.122-46;-16.43421603;-71.47592227;-1945983.305;2844708.903;D
1.13.122-46;-16.43428053;-71.47586808;-1945991.57;2844714.202;D
1.13.122-46;-16.43435198;-71.47579435;-1946000.899;2844721.625;D
1.13.122-46;-16.43439537;-71.47571355;-1946007.02;2844730.218;D
1.13.122-46;-16.43441145;-71.47562896;-1946009.981;2844739.599;D
1.13.122-46;-16.43442045;-71.47545576;-1946013.232;2844759.121;D
1.13.122-46;-16.43398831;-71.4754716;-1945962.256;2844762.996;D
1.13.122-46;-16.43396949;-71.4754955;-1945959.741;2844760.532;D
1.13.122-47; ; ;-1.516416327;20763369.87;D
1.13.122-47;-16.43419638;-71.47602193;-1945979.734;2844697.86;D
1.13.122-47;-16.43390969;-71.47553281;-1945952.243;2844757.086;D
1.13.122-47;-16.43362885;-71.47580409;-1945915.81;2844730.009;D
1.13.122-47;-16.43386386;-71.47623034;-1945938.025;2844678.59;D
1.13.122-48; ; ;-1.516416327;20763369.87;D
1.13.122-48;-16.43380993;-71.47624314;-1945931.526;2844677.846;D
1.13.122-48;-16.43354688;-71.47580964;-1945906.108;2844730.455;D
1.13.122-48;-16.43326476;-71.47609363;-1945869.363;2844701.953;D
1.13.122-48;-16.43347259;-71.47644082;-1945889.386;2844659.855;D
1.13.122-49; ; ;-1.516416327;20763369.87;D
1.13.122-49;-16.43314039;-71.47600266;-1945855.902;2844713.901;D
1.13.122-49;-16.43302677;-71.47600361;-1945842.539;2844715.284;D
1.13.122-49;-16.43298778;-71.47606529;-1945837.177;2844708.801;D
1.13.122-49;-16.43299337;-71.47610767;-1945837.297;2844703.922;D
1.13.122-49;-16.43298698;-71.47617937;-1945835.639;2844695.875;D
1.13.122-49;-16.4329746;-71.47621745;-1945833.702;2844691.719;D
1.13.122-49;-16.43294842;-71.47627983;-1945829.836;2844684.989;D
1.13.122-49;-16.43290469;-71.47637542;-1945823.488;2844674.723;D
1.13.122-49;-16.43308563;-71.47667263;-1945840.984;2844638.646;D
1.13.122-49;-16.43338822;-71.47646655;-1945879.148;2844658.045;D
1.13.122-50; ; ;-1.516416327;20763369.87;D
1.13.122-50;-16.43419999;-71.47694784;-1945968.433;2844592.818;D
1.13.122-50;-16.43383781;-71.4762919;-1945934.184;2844671.951;D
1.13.122-50;-16.43348844;-71.47647924;-1945890.761;2844655.292;D
1.13.122-50;-16.43388441;-71.47715484;-1945928.733;2844573.485;D
1.13.122-51; ; ;-1.516416327;20763369.87;D
1.13.122-51;-16.43456272;-71.47667738;-1946014.478;2844618.727;D
1.13.122-51;-16.43422105;-71.47607164;-1945982.004;2844691.9;D
1.13.122-51;-16.43389149;-71.47627991;-1945940.644;2844672.607;D
1.13.122-51;-16.43423772;-71.47688246;-1945973.695;2844599.737;D
1.13.122-52; ; ;-1.516416327;20763369.87;D
1.13.122-52;-16.43493779;-71.47644624;-1946061.476;2844640.016;D
1.13.122-52;-16.43459453;-71.47583879;-1946028.835;2844713.403;D
1.13.122-52;-16.43428699;-71.47605708;-1945989.936;2844692.685;D
1.13.122-52;-16.43460583;-71.47664744;-1946019.923;2844621.557;D
1.13.122-53; ; ;-1.516416327;20763369.87;D
1.13.122-53;-16.43499924;-71.47653278;-1946067.6;2844629.396;D
1.13.122-53;-16.4346721;-71.47672208;-1946026.765;2844612.224;D
1.13.122-53;-16.43476784;-71.47690725;-1946035.668;2844589.97;D
1.13.122-53;-16.4350886;-71.47671604;-1946075.779;2844607.443;D
1.13.122-54; ; ;-1.516416327;20763369.87;D
1.13.122-54;-16.43470827;-71.47694603;-1946028.178;2844586.354;D
1.13.122-54;-16.43461218;-71.47676585;-1946019.17;2844608.046;D
1.13.122-54;-16.43427996;-71.47696335;-1945977.634;2844590.01;D
1.13.122-54;-16.43436603;-71.47713219;-1945985.609;2844569.735;D
1.13.122-56; ; ;-1.516416327;20763369.87;D
1.13.122-56;-16.43521978;-71.47690503;-1946088.798;2844584.292;D
1.13.122-56;-16.43511113;-71.47676823;-1946077.765;2844601.23;D
1.13.122-56;-16.43479564;-71.47696619;-1946038.189;2844582.921;D
1.13.122-56;-16.43490429;-71.47714092;-1946048.742;2844561.682;D
1.13.122-56;-16.4349807;-71.47729535;-1946055.764;2844543.168;D
1.13.122-56;-16.43532466;-71.47709319;-1946098.739;2844561.579;D
1.13.122-57; ; ;-1.516416327;20763369.87;D
1.13.122-57;-16.43524943;-71.47766612;-1946082.644;2844497.599;D
1.13.122-57;-16.43555546;-71.47746989;-1946121.087;2844515.835;D
1.13.122-57;-16.43545832;-71.47729917;-1946111.835;2844536.468;D
1.13.122-57;-16.43535622;-71.47713493;-1946101.919;2844556.432;D
1.13.122-57;-16.43501585;-71.4773393;-1946059.338;2844537.724;D
1.13.122-57;-16.43513975;-71.47749887;-1946071.875;2844518.003;D
1.13.122-58; ; ;-1.516416327;20763369.87;D
1.13.122-58;-16.4357382;-71.47762621;-1946140.579;2844495.711;D
1.13.122-58;-16.43558631;-71.47750322;-1946124.289;2844511.651;D
1.13.122-58;-16.43530799;-71.47771235;-1946088.939;2844491.588;D
1.13.122-58;-16.43548169;-71.47788398;-1946107.176;2844469.847;D
1.13.12-1; ; ;-1.516416327;20763369.87;E
1.13.12-1;-16.43489291;-71.4814895;-1945992.346;2844068.73;E
1.13.12-1;-16.43488867;-71.48137916;-1945993.245;2844081.297;E
1.13.12-1;-16.43489259;-71.48122153;-1945995.701;2844099.12;E
1.13.12-1;-16.43489501;-71.48103381;-1945998.362;2844120.374;E
1.13.12-1;-16.43484175;-71.48101978;-1945992.282;2844122.663;E
1.13.12-1;-16.4348174;-71.48088893;-1945991.078;2844137.82;E
1.13.12-1;-16.43465023;-71.48082407;-1945972.257;2844147.368;E
1.13.12-1;-16.43459892;-71.48100949;-1945963.881;2844127.016;E
1.13.12-1;-16.43461839;-71.48129606;-1945962.541;2844094.265;E
1.13.12-1;-16.43466289;-71.48152106;-1945964.921;2844068.169;E
1.13.12-2; ; ;-1.516416327;20763369.87;E
1.13.12-2;-16.43539646;-71.48021534;-1946067.642;2844206.605;E
1.13.12-2;-16.43523326;-71.47976242;-1946054.201;2844260.104;E
1.13.12-2;-16.43521576;-71.47967805;-1946053.213;2844269.9;E
1.13.12-2;-16.43517554;-71.47958357;-1946049.684;2844281.141;E
1.13.12-2;-16.43512292;-71.47948589;-1946044.739;2844292.908;E
1.13.12-2;-16.43508438;-71.47942821;-1946040.94;2844299.953;E
1.13.12-2;-16.43503362;-71.47932348;-1946036.302;2844312.496;E
1.13.12-2;-16.43486001;-71.47941369;-1946014.761;2844304.543;E
1.13.12-2;-16.43517536;-71.48033726;-1946040.12;2844195.68;E
1.13.12-3; ; ;-1.516416327;20763369.87;E
1.13.12-3;-16.43479822;-71.4794331;-1946007.256;2844303.154;E
1.13.12-3;-16.43444314;-71.47957226;-1945963.773;2844292.032;E
1.13.12-3;-16.43443788;-71.47960137;-1945962.787;2844288.8;E
1.13.12-3;-16.43459874;-71.48003734;-1945976.167;2844237.254;E
1.13.12-3;-16.43495017;-71.4798941;-1946019.272;2844248.886;E
1.13.12-4; ; ;-1.516416327;20763369.87;E
1.13.12-4;-16.43499695;-71.48036671;-1946018.786;2844194.681;E
1.13.12-4;-16.43491169;-71.48007691;-1946012.437;2844228.661;E
1.13.12-4;-16.43464306;-71.48019086;-1945979.431;2844219.265;E
1.13.12-4;-16.4347699;-71.48054008;-1945989.913;2844178.001;E
1.13.12-5; ; ;-1.516416327;20763369.87;E
1.13.12-5;-16.43460003;-71.48070067;-1945967.921;2844162.019;E
1.13.12-5;-16.43473764;-71.48057317;-1945985.704;2844174.671;E
1.13.12-5;-16.43459705;-71.48021972;-1945973.66;2844216.595;E
1.13.12-5;-16.43424565;-71.48034534;-1945930.782;2844206.961;E
1.13.12-5;-16.43434833;-71.4807006;-1945938.349;2844165.329;E
1.13.12-6; ; ;-1.516416327;20763369.87;E
1.13.12-6;-16.43455102;-71.48005806;-1945970.298;2844235.53;E
1.13.12-6;-16.43438522;-71.47958807;-1945956.768;2844290.999;E
1.13.12-6;-16.43404954;-71.47972577;-1945915.583;2844279.788;E
1.13.12-6;-16.4341889;-71.48018961;-1945926.085;2844225.363;E
1.13.12-7; ; ;-1.516416327;20763369.87;E
1.13.12-7;-16.4339803;-71.47974956;-1945907.147;2844277.999;E
1.13.12-7;-16.43364294;-71.479904;-1945865.553;2844264.912;E
1.13.12-7;-16.43379173;-71.48034438;-1945877.46;2844213.023;E
1.13.12-7;-16.43414803;-71.48020849;-1945921.045;2844223.758;E
1.13.12-8; ; ;-1.516416327;20763369.87;E
1.13.12-8;-16.43428376;-71.48065685;-1945931.315;2844171.138;E
1.13.12-8;-16.43420861;-71.4803715;-1945926.098;2844204.48;E
1.13.12-8;-16.43375363;-71.48052611;-1945870.684;2844192.917;E
1.13.12-8;-16.4334595;-71.48062604;-1945834.86;2844185.444;E
1.13.12-8;-16.43346447;-71.48068295;-1945834.723;2844178.925;E
1.13.12-8;-16.43420794;-71.480691;-1945921.975;2844168.26;E
1.13.12-9; ; ;-1.516416327;20763369.87;E
1.13.12-9;-16.43373385;-71.4803635;-1945870.417;2844211.615;E
1.13.12-9;-16.43357067;-71.47991604;-1945856.909;2844264.495;E
1.13.12-9;-16.43337822;-71.47999199;-1945833.337;2844258.407;E
1.13.12-9;-16.43322571;-71.48005566;-1945814.611;2844253.188;E
1.13.12-9;-16.43338409;-71.48049611;-1945827.644;2844201.166;E
1.13.12-9B; ; ;-1.516416327;20763369.87;E
1.13.12-9B;-16.43316014;-71.48006914;-1945806.735;2844252.52;E
1.13.12-9B;-16.43281573;-71.48018796;-1945764.765;2844243.564;E
1.13.12-9B;-16.43296544;-71.48064527;-1945776.566;2844189.743;E
1.13.12-9B;-16.4333217;-71.48049564;-1945820.319;2844202.038;E
1.13.12-10; ; ;-1.516416327;20763369.87;E
1.13.12-10;-16.43275561;-71.48020196;-1945757.524;2844242.765;E
1.13.12-10;-16.43241999;-71.48032932;-1945716.478;2844232.724;E
1.13.12-10;-16.43257057;-71.48079315;-1945728.299;2844178.154;E
1.13.12-10;-16.43291322;-71.48066006;-1945770.243;2844188.751;E
1.13.12-11; ; ;-1.516416327;20763369.87;E
1.13.12-11;-16.432359;-71.48036081;-1945708.913;2844229.954;E
1.13.12-11;-16.43199285;-71.48047645;-1945664.429;2844221.644;E
1.13.12-11;-16.43214017;-71.480917;-1945676.161;2844169.756;E
1.13.12-11;-16.43249735;-71.4807965;-1945719.654;2844178.735;E
1.13.12-12; ; ;-1.516416327;20763369.87;E
1.13.12-12;-16.4320789;-71.48094964;-1945668.549;2844166.857;E
1.13.12-12;-16.43193429;-71.48047178;-1945657.608;2844222.941;E
1.13.12-12;-16.43175783;-71.48056417;-1945635.704;2844214.779;E
1.13.12-12;-16.4317176;-71.48107496;-1945624.511;2844157.386;E
1.13.12-13; ; ;-1.516416327;20763369.87;E
1.13.12-13;-16.43222189;-71.48173306;-1945675.433;2844076.147;E
1.13.12-13;-16.43225492;-71.4810863;-1945687.5;2844149.052;E
1.13.12-13;-16.43168677;-71.4812599;-1945618.548;2844136.818;E
1.13.12-13;-16.43165738;-71.48168928;-1945609.66;2844088.515;E
1.13.12-14; ; ;-1.516416327;20763369.87;E
1.13.12-14;-16.4321885;-71.4822157;-1945665.4;2844021.856;E
1.13.12-14;-16.43222682;-71.48180648;-1945675.083;2844067.757;E
1.13.12-14;-16.43164927;-71.4817884;-1945607.452;2844077.382;E
1.13.12-14;-16.43161089;-71.4821585;-1945598.259;2844035.917;E
1.13.12-21; ; ;-1.516416327;20763369.87;E
1.13.12-21;-16.43281685;-71.48186254;-1945743.699;2844053.661;E
1.13.12-21;-16.43236218;-71.48182461;-1945690.758;2844063.926;E
1.13.12-21;-16.43232757;-71.48220347;-1945681.895;2844021.419;E
1.13.12-21;-16.43279487;-71.48224034;-1945736.335;2844011.11;E
1.13.12-22; ; ;-1.516416327;20763369.87;E
1.13.12-22;-16.43336024;-71.48189333;-1945807.154;2844043.042;E
1.13.12-22;-16.43289834;-71.48186991;-1945753.18;2844051.757;E
1.13.12-22;-16.43289661;-71.48225729;-1945748.074;2844007.853;E
1.13.12-22;-16.43336873;-71.48229578;-1945803.058;2843997.297;E
1.13.12-23; ; ;-1.516416327;20763369.87;E
1.13.12-23;-16.43390257;-71.48192097;-1945870.525;2844032.794;E
1.13.12-23;-16.43343473;-71.48190392;-1945815.772;2844040.865;E
1.13.12-23;-16.4334252;-71.48229675;-1945809.68;2843996.446;E
1.13.12-23;-16.43389169;-71.48232517;-1945864.13;2843987.104;E
1.13.12-37; ; ;-1.516416327;20763369.87;E
1.13.12-37;-16.43485469;-71.48096301;-1945994.521;2844128.932;E
1.13.12-37;-16.43491093;-71.48101269;-1946000.5;2844122.56;E
1.13.12-37;-16.43502196;-71.48095882;-1946014.228;2844127.212;E
1.13.12-37;-16.43509373;-71.48097584;-1946022.444;2844124.341;E
1.13.12-37;-16.43510863;-71.48084129;-1946025.899;2844139.402;E
1.13.12-37;-16.43512123;-71.48069157;-1946029.275;2844156.214;E
1.13.12-37;-16.43512847;-71.48052958;-1946032.176;2844174.488;E
1.13.12-37;-16.43510382;-71.48051261;-1946029.495;2844176.735;E
1.13.12-37;-16.43492287;-71.48062444;-1946006.818;2844166.428;E
1.13.12-37;-16.43472448;-71.48077915;-1945981.55;2844151.488;E
1.13.12-37;-16.43482778;-71.4808775;-1945992.442;2844138.98;E
1.13.12-38; ; ;-1.516416327;20763369.87;E
1.13.12-38;-16.43555122;-71.48051115;-1946082.08;2844171.031;E
1.13.12-38;-16.43517143;-71.48050557;-1946037.527;2844176.647;E
1.13.12-38;-16.43514313;-71.48082226;-1946030.193;2844141.108;E
1.13.12-38;-16.43552197;-71.4808285;-1946074.626;2844135.43;E
1.13.12-39; ; ;-1.516416327;20763369.87;E
1.13.12-39;-16.43596445;-71.48050512;-1946130.709;2844166.294;E
1.13.12-39;-16.43558284;-71.48052263;-1946085.65;2844169.315;E
1.13.12-39;-16.43555576;-71.48082344;-1946078.66;2844135.56;E
1.13.12-39;-16.43593944;-71.48082153;-1946123.764;2844130.743;E
1.13.12-40; ; ;-1.516416327;20763369.87;E
1.13.12-40;-16.43620474;-71.48066325;-1946156.94;2844145.21;E
1.13.12-40;-16.4365462;-71.48060242;-1946197.829;2844147.629;E
1.13.12-40;-16.43650308;-71.48038888;-1946195.468;2844172.408;E
1.13.12-40;-16.43600087;-71.48047346;-1946135.389;2844169.406;E
1.13.12-40;-16.43597952;-71.48080911;-1946128.631;2844131.626;E
1.13.12-40;-16.43621614;-71.48081355;-1946156.376;2844128.019;E
1.13.12-41; ; ;-1.516416327;20763369.87;E
1.13.12-41;-16.43643307;-71.47995653;-1946192.715;2844222.351;E
1.13.12-41;-16.43597057;-71.48004014;-1946137.316;2844218.939;E
1.13.12-41;-16.43603541;-71.48043186;-1946139.974;2844173.671;E
1.13.12-41;-16.43649331;-71.48035248;-1946194.78;2844176.664;E
1.13.12-42; ; ;-1.516416327;20763369.87;E
1.13.12-42;-16.43593553;-71.48026031;-1946130.411;2844194.433;E
1.13.12-42;-16.43590723;-71.48004899;-1946129.761;2844218.766;E
1.13.12-42;-16.43543942;-71.48006846;-1946074.549;2844222.696;E
1.13.12-42;-16.4355505;-71.48041105;-1946083.264;2844182.392;E
1.13.12-42;-16.43593728;-71.48042986;-1946128.47;2844175.184;E
1.13.12-43; ; ;-1.516416327;20763369.87;E
1.13.12-43;-16.4358905;-71.48001273;-1946128.254;2844223.097;E
1.13.12-43;-16.43575695;-71.47962836;-1946117.43;2844268.435;E
1.13.12-43;-16.43529272;-71.47966728;-1946062.392;2844270.111;E
1.13.12-43;-16.43542146;-71.48004749;-1946072.705;2844225.309;E
1.13.13-1; ; ;-1.516416327;20763369.87;E
1.13.13-1;-16.43364182;-71.4849012;-1945802.166;2843698.281;E
1.13.13-1;-16.43396107;-71.48512264;-1945836.872;2843668.984;E
1.13.13-1;-16.43411169;-71.48491923;-1945857.144;2843690.074;E
1.13.13-1;-16.43407936;-71.48479962;-1945854.859;2843704.061;E
1.13.13-1;-16.43389708;-71.48465826;-1945835.232;2843722.481;E
1.13.13-1;-16.43374234;-71.48476478;-1945815.702;2843712.432;E
1.13.13-2; ; ;-1.516416327;20763369.87;E
1.13.13-2;-16.43363555;-71.48564735;-1945791.986;2843613.756;E
1.13.13-2;-16.43390964;-71.48520993;-1945829.725;2843659.761;E
1.13.13-2;-16.43359239;-71.48498114;-1945795.346;2843689.864;E
1.13.13-2;-16.43330153;-71.48540606;-1945755.795;2843645.497;E
1.13.13-2;-16.43307721;-71.48571892;-1945725.479;2843612.962;E
1.13.13-2;-16.43345827;-71.48601412;-1945766.515;2843574.493;E
1.13.13-3; ; ;-1.516416327;20763369.87;E
1.13.13-3;-16.43345096;-71.48607531;-1945764.882;2843567.651;E
1.13.13-3;-16.43304807;-71.48576404;-1945721.485;2843608.228;E
1.13.13-3;-16.43282431;-71.48609647;-1945690.988;2843573.469;E
1.13.13-3;-16.43317946;-71.48639222;-1945728.972;2843535.275;E
1.13.13-4; ; ;-1.516416327;20763369.87;E
1.13.13-4;-16.43294928;-71.48669861;-1945698.051;2843503.552;E
1.13.13-4;-16.4331451;-71.48643032;-1945724.453;2843531.406;E
1.13.13-4;-16.43280118;-71.486151;-1945687.581;2843567.588;E
1.13.13-4;-16.43255421;-71.48650573;-1945654.075;2843530.603;E
1.13.13-4;-16.43283363;-71.48666985;-1945684.827;2843508.33;E
1.13.13-5; ; ;-1.516416327;20763369.87;E
1.13.13-5;-16.43297767;-71.48680403;-1945700.052;2843491.226;E
1.13.13-5;-16.43254883;-71.4866612;-1945651.474;2843513.046;E
1.13.13-5;-16.43250974;-71.48700438;-1945642.539;2843474.644;E
1.13.13-5;-16.43293419;-71.48716041;-1945690.435;2843451.387;E
1.13.13-6; ; ;-1.516416327;20763369.87;E
1.13.13-6;-16.43293474;-71.48721301;-1945689.833;2843445.415;E
1.13.13-6;-16.43249616;-71.4870495;-1945640.373;2843469.707;E
1.13.13-6;-16.4324574;-71.48737277;-1945631.728;2843433.558;E
1.13.13-6;-16.43290027;-71.48751139;-1945682.007;2843412.034;E
1.13.13-7; ; ;-1.516416327;20763369.87;E
1.13.13-7;-16.43289904;-71.48756161;-1945681.228;2843406.356;E
1.13.13-7;-16.4324493;-71.48742977;-1945630.055;2843427.202;E
1.13.13-7;-16.43238113;-71.48788239;-1945616.318;2843376.772;E
1.13.13-7;-16.43283274;-71.48800655;-1945667.807;2843356.773;E
1.13.13-8; ; ;-1.516416327;20763369.87;E
1.13.13-8;-16.43262315;-71.48852583;-1945636.612;2843300.64;E
1.13.13-8;-16.43277985;-71.48855288;-1945654.68;2843295.518;E
1.13.13-8;-16.43284795;-71.48850489;-1945663.289;2843300.067;E
1.13.13-8;-16.43286711;-71.48844115;-1945666.346;2843307.044;E
1.13.13-8;-16.43287739;-71.48809545;-1945671.928;2843346.108;E
1.13.13-8;-16.43262294;-71.48804345;-1945642.692;2843355.34;E
1.13.13-8;-16.43250483;-71.48847956;-1945623.296;2843307.438;E
1.13.13-9; ; ;-1.516416327;20763369.87;E
1.13.13-9;-16.43255054;-71.48815508;-1945632.772;2843343.631;E
1.13.13-9;-16.43259345;-71.48802752;-1945639.428;2843357.532;E
1.13.13-9;-16.43226214;-71.48793792;-1945601.635;2843372.037;E
1.13.13-9;-16.4321354;-71.48839674;-1945580.94;2843321.673;E
1.13.13-9;-16.43246545;-71.48848944;-1945618.545;2843306.833;E
1.13.13-10; ; ;-1.516416327;20763369.87;E
1.13.13-10;-16.43237975;-71.48740961;-1945622.138;2843430.399;E
1.13.13-10;-16.43183095;-71.4873338;-1945558.62;2843446.191;E
1.13.13-10;-16.43196939;-71.48760854;-1945571.409;2843413.223;E
1.13.13-10;-16.43199516;-71.48765189;-1945573.887;2843407.97;E
1.13.13-10;-16.43203834;-71.48771853;-1945578.118;2843399.848;E
1.13.13-10;-16.43207044;-71.48777352;-1945581.193;2843393.19;E
1.13.13-10;-16.43232317;-71.48777974;-1945610.808;2843389.172;E
1.13.13-11; ; ;-1.516416327;20763369.87;E
1.13.13-11;-16.43174779;-71.48821986;-1945537.638;2843346.81;E
1.13.13-11;-16.43184999;-71.4882873;-1945548.791;2843337.824;E
1.13.13-11;-16.43193357;-71.48833045;-1945558.065;2843331.834;E
1.13.13-11;-16.432085;-71.48836932;-1945575.366;2843325.442;E
1.13.13-11;-16.43220305;-71.48791727;-1945594.955;2843375.152;E
1.13.13-11;-16.43200745;-71.48785407;-1945572.773;2843384.883;E
1.13.13-11;-16.43190108;-71.48769052;-1945562.345;2843404.822;E
1.13.13-11;-16.43158967;-71.48715157;-1945532.577;2843470.018;E
1.13.13-11;-16.43123037;-71.48737517;-1945487.533;2843449.374;E
1.13.13-11;-16.43166555;-71.48810413;-1945529.44;2843361.011;E
1.13.13-12; ; ;-1.516416327;20763369.87;E
1.13.13-12;-16.43162026;-71.48708117;-1945537.062;2843477.599;E
1.13.13-12;-16.43150421;-71.48703942;-1945523.955;2843483.855;E
1.13.13-12;-16.43128042;-71.48700339;-1945498.118;2843490.875;E
1.13.13-12;-16.43117838;-71.48725638;-1945482.928;2843463.525;E
1.13.13-12;-16.43119824;-71.48734599;-1945484.127;2843453.104;E
1.13.13-13; ; ;-1.516416327;20763369.87;E
1.13.13-13;-16.43116415;-71.4871288;-1945482.87;2843478.178;E
1.13.13-13;-16.43126177;-71.48683955;-1945498;2843509.697;E
1.13.13-13;-16.43115986;-71.48681046;-1945486.395;2843514.332;E
1.13.13-13;-16.43089577;-71.48672262;-1945456.477;2843527.755;E
1.13.13-13;-16.4308213;-71.4868928;-1945445.575;2843509.434;E
1.13.13-13;-16.43089648;-71.48704291;-1945452.508;2843491.427;E
1.13.13-14; ; ;-1.516416327;20763369.87;E
1.13.13-14;-16.43195472;-71.4868437;-1945579.363;2843500.141;E
1.13.13-14;-16.43200491;-71.48656937;-1945588.731;2843530.59;E
1.13.13-14;-16.43190418;-71.48652611;-1945577.443;2843536.816;E
1.13.13-14;-16.43169684;-71.48679063;-1945549.736;2843509.54;E
1.13.13-14;-16.43160778;-71.48697468;-1945536.943;2843489.838;E
1.13.13-14;-16.43168401;-71.48710536;-1945544.246;2843474.021;E
1.13.13-14;-16.43182093;-71.48730664;-1945557.786;2843449.402;E
1.13.13-14;-16.4323791;-71.48738877;-1945622.327;2843432.771;E
1.13.13-14;-16.432394;-71.48718921;-1945626.602;2843455.203;E
1.13.13-14;-16.4319056;-71.48710329;-1945570.307;2843471.35;E
1.13.13-15; ; ;-1.516416327;20763369.87;E
1.13.13-15;-16.43239588;-71.48713888;-1945627.459;2843460.886;E
1.13.13-15;-16.43246804;-71.48664305;-1945642.212;2843516.163;E
1.13.13-15;-16.43204721;-71.48658528;-1945593.5;2843528.231;E
1.13.13-15;-16.43197667;-71.48707374;-1945579.031;2843473.769;E
1.13.13-16; ; ;-1.516416327;20763369.87;E
1.13.13-16;-16.43247609;-71.48645163;-1945645.581;2843537.763;E
1.13.13-16;-16.43273303;-71.48610377;-1945680.171;2843573.838;E
1.13.13-16;-16.43242854;-71.48588071;-1945647.219;2843603.123;E
1.13.13-16;-16.43214649;-71.4862244;-1945609.731;2843567.85;E
1.13.13-17; ; ;-1.516416327;20763369.87;E
1.13.13-17;-16.43274516;-71.48605919;-1945682.16;2843578.733;E
1.13.13-17;-16.43299103;-71.48572745;-1945715.247;2843613.125;E
1.13.13-17;-16.43269186;-71.4854907;-1945683.092;2843643.894;E
1.13.13-17;-16.43246609;-71.48582653;-1945652.316;2843608.774;E
1.13.13-18; ; ;-1.516416327;20763369.87;E
1.13.13-18;-16.43302036;-71.48567632;-1945719.339;2843618.539;E
1.13.13-18;-16.43324846;-71.48534555;-1945750.325;2843653.054;E
1.13.13-18;-16.43294483;-71.48511704;-1945717.543;2843682.946;E
1.13.13-18;-16.43273071;-71.48544055;-1945688.292;2843649.071;E
1.13.13-19; ; ;-1.516416327;20763369.87;E
1.13.13-19;-16.43358254;-71.48486568;-1945795.65;2843703.086;E
1.13.13-19;-16.43382085;-71.4845154;-1945828.084;2843739.679;E
1.13.13-19;-16.43347173;-71.48433869;-1945789.301;2843764.295;E
1.13.13-19;-16.43326839;-71.48462575;-1945761.777;2843734.411;E
1.13.13-20; ; ;-1.516416327;20763369.87;E
1.13.13-20;-16.43343011;-71.48430256;-1945784.868;2843768.938;E
1.13.13-20;-16.43297338;-71.48409491;-1945733.834;2843798.473;E
1.13.13-20;-16.43290432;-71.48419767;-1945724.419;2843787.727;E
1.13.13-20;-16.43327881;-71.48448223;-1945764.818;2843750.549;E
1.13.13-21; ; ;-1.516416327;20763369.87;E
1.13.13-21;-16.43325281;-71.48453896;-1945761.045;2843744.457;E
1.13.13-21;-16.43286197;-71.48423498;-1945718.971;2843784.052;E
1.13.13-21;-16.43266764;-71.48450381;-1945692.737;2843756.117;E
1.13.13-21;-16.43307487;-71.48479057;-1945736.954;2843718.261;E
1.13.13-22; ; ;-1.516416327;20763369.87;E
1.13.13-22;-16.4330301;-71.48483598;-1945731.119;2843713.699;E
1.13.13-22;-16.4326607;-71.48455537;-1945691.268;2843750.361;E
1.13.13-22;-16.43247015;-71.48481207;-1945665.632;2843723.753;E
1.13.13-22;-16.43286462;-71.48508883;-1945708.476;2843687.197;E
1.13.13-23; ; ;-1.516416327;20763369.87;E
1.13.13-23;-16.43283124;-71.4851349;-1945703.972;2843682.411;E
1.13.13-23;-16.43246267;-71.48485746;-1945664.178;2843718.704;E
1.13.13-23;-16.43225608;-71.48511653;-1945636.627;2843692.036;E
1.13.13-23;-16.43264891;-71.48540053;-1945679.187;2843654.682;E
1.13.13-24; ; ;-1.516416327;20763369.87;E
1.13.13-24;-16.43261996;-71.48544636;-1945675.206;2843649.865;E
1.13.13-24;-16.43223979;-71.4851584;-1945634.184;2843687.501;E
1.13.13-24;-16.43205627;-71.48542044;-1945609.305;2843660.196;E
1.13.13-24;-16.43243816;-71.48570699;-1945650.548;2843622.695;E
1.13.13-25; ; ;-1.516416327;20763369.87;E
1.13.13-25;-16.43219889;-71.48602617;-1945618.396;2843589.64;E
1.13.13-25;-16.43240423;-71.48574395;-1945646.094;2843618.95;E
1.13.13-25;-16.43203759;-71.48546543;-1945606.541;2843655.339;E
1.13.13-25;-16.43182535;-71.48573407;-1945578.205;2843627.66;E
1.13.13-26; ; ;-1.516416327;20763369.87;E
1.13.13-26;-16.43213107;-71.48604109;-1945610.239;2843588.838;E
1.13.13-26;-16.43180474;-71.48577592;-1945575.254;2843623.184;E
1.13.13-26;-16.43159298;-71.48605185;-1945546.881;2843594.673;E
1.13.13-26;-16.43173936;-71.48615648;-1945562.756;2843580.889;E
1.13.13-26;-16.43186401;-71.48608247;-1945578.338;2843587.648;E
1.13.14-1; ; ;-1.516416327;20763369.87;E
1.13.14-1;-16.43279134;-71.48419138;-1945711.225;2843789.922;E
1.13.14-1;-16.43250081;-71.48399536;-1945679.571;2843815.958;E
1.13.14-1;-16.43233452;-71.48423342;-1945657.019;2843791.145;E
1.13.14-1;-16.4326248;-71.48443037;-1945688.632;2843765.006;E
1.13.14-2; ; ;-1.516416327;20763369.87;E
1.13.14-2;-16.43227969;-71.48418612;-1945651.176;2843797.228;E
1.13.14-2;-16.43249513;-71.48387893;-1945680.377;2843829.235;E
1.13.14-2;-16.43201728;-71.48369314;-1945626.584;2843856.569;E
1.13.14-2;-16.43189626;-71.48389302;-1945609.836;2843835.491;E
1.13.14-3; ; ;-1.516416327;20763369.87;E
1.13.14-3;-16.43149805;-71.4836216;-1945566.484;2843871.491;E
1.13.14-3;-16.4315187;-71.48358773;-1945569.338;2843875.061;E
1.13.14-3;-16.43159913;-71.48364712;-1945578.036;2843867.271;E
1.13.14-3;-16.43183063;-71.48383878;-1945602.81;2843842.503;E
1.13.14-3;-16.43193934;-71.48367538;-1945617.652;2843859.605;E
1.13.14-3;-16.43176944;-71.48358694;-1945598.809;2843871.862;E
1.13.14-3;-16.43153763;-71.48347933;-1945572.934;2843887.104;E
1.13.14-3;-16.43146786;-71.48359316;-1945563.296;2843875.111;E
1.13.14-4; ; ;-1.516416327;20763369.87;E
1.13.14-4;-16.43175221;-71.4839648;-1945592.002;2843829.241;E
1.13.14-4;-16.43180363;-71.4839027;-1945598.829;2843835.609;E
1.13.14-4;-16.43144807;-71.48360603;-1945560.808;2843873.911;E
1.13.14-4;-16.43141552;-71.4836271;-1945556.717;2843871.949;E
1.13.14-4;-16.43126623;-71.48386493;-1945536.166;2843846.939;E
1.13.14-4;-16.43161041;-71.48414612;-1945573.046;2843810.541;E
1.13.14-5; ; ;-1.516416327;20763369.87;E
1.13.14-5;-16.43220912;-71.48423178;-1945642.307;2843792.976;E
1.13.14-5;-16.43186151;-71.48395416;-1945604.978;2843829.015;E
1.13.14-5;-16.43167298;-71.48419483;-1945579.782;2843804.196;E
1.13.14-5;-16.43203884;-71.48447098;-1945619.273;2843768.086;E
1.13.14-6; ; ;-1.516416327;20763369.87;E
1.13.14-6;-16.43257068;-71.48450014;-1945681.391;2843757.804;E
1.13.14-6;-16.43229463;-71.48428934;-1945651.624;2843785.328;E
1.13.14-6;-16.43212759;-71.48452844;-1945628.973;2843760.406;E
1.13.14-6;-16.43240605;-71.48474083;-1945659.002;2843732.671;E
1.13.14-7; ; ;-1.516416327;20763369.87;E
1.13.14-7;-16.43226301;-71.48494136;-1945639.658;2843711.809;E
1.13.14-7;-16.43227014;-71.4849453;-1945640.445;2843711.267;E
1.13.14-7;-16.43228949;-71.48491139;-1945643.148;2843714.859;E
1.13.14-7;-16.43228393;-71.48490534;-1945642.571;2843715.618;E
1.13.14-7;-16.43236812;-71.4848013;-1945653.78;2843726.311;E
1.13.14-7;-16.43207234;-71.48458756;-1945621.733;2843754.427;E
1.13.14-7;-16.43191094;-71.48482134;-1945599.811;2843730.034;E
1.13.14-7;-16.43220387;-71.485042;-1945631.436;2843701.172;E
1.13.14-8; ; ;-1.516416327;20763369.87;E
1.13.14-8;-16.43215756;-71.48510659;-1945625.177;2843694.455;E
1.13.14-8;-16.43187935;-71.48489063;-1945595.223;2843722.592;E
1.13.14-8;-16.4317195;-71.48514122;-1945573.27;2843696.272;E
1.13.14-8;-16.43198416;-71.48532621;-1945602.025;2843671.825;E
1.13.14-9; ; ;-1.516416327;20763369.87;E
1.13.14-9;-16.43199719;-71.48452992;-1945613.633;2843761.948;E
1.13.14-9;-16.43163567;-71.48425286;-1945574.664;2843798.105;E
1.13.14-9;-16.431465;-71.48449619;-1945551.532;2843772.751;E
1.13.14-9;-16.43182861;-71.48477373;-1945590.74;2843736.512;E
1.13.14-10; ; ;-1.516416327;20763369.87;E
1.13.14-10;-16.43157212;-71.48420155;-1945567.846;2843804.757;E
1.13.14-10;-16.43120652;-71.48392435;-1945528.399;2843840.984;E
1.13.14-10;-16.43103728;-71.48415781;-1945505.56;2843816.73;E
1.13.14-10;-16.43140667;-71.48445721;-1945545.171;2843777.936;E
1.13.14-11; ; ;-1.516416327;20763369.87;E
1.13.14-11;-16.43076765;-71.48459152;-1945468.392;2843771.086;E
1.13.14-11;-16.4312933;-71.4846003;-1945530.04;2843763.197;E
1.13.14-11;-16.43135905;-71.48450713;-1945538.944;2843772.9;E
1.13.14-11;-16.4309759;-71.48420108;-1945497.8;2843812.628;E
1.13.14-11;-16.43079441;-71.48418252;-1945476.711;2843817.112;E
1.13.14-12; ; ;-1.516416327;20763369.87;E
1.13.14-12;-16.43068897;-71.48459;-1945459.166;2843772.29;E
1.13.14-12;-16.43072521;-71.48418824;-1945468.509;2843817.371;E
1.13.14-12;-16.43035654;-71.48417506;-1945425.359;2843823.701;E
1.13.14-12;-16.4303265;-71.48455742;-1945416.991;2843780.737;E
1.13.14-13; ; ;-1.516416327;20763369.87;E
1.13.14-13;-16.43025096;-71.4845672;-1945407.991;2843780.618;E
1.13.14-13;-16.43028532;-71.48417865;-1945416.946;2843824.227;E
1.13.14-13;-16.4299289;-71.48415304;-1945375.393;2843831.804;E
1.13.14-13;-16.42989982;-71.48454293;-1945367.042;2843787.974;E
1.13.14-14; ; ;-1.516416327;20763369.87;E
1.13.14-14;-16.42985669;-71.48414971;-1945366.951;2843833.129;E
1.13.14-14;-16.4297265;-71.48414307;-1945351.739;2843835.589;E
1.13.14-14;-16.42950887;-71.48452299;-1945321.36;2843795.361;E
1.13.14-14;-16.42983413;-71.48453353;-1945359.443;2843789.901;E
1.13.14-15; ; ;-1.516416327;20763369.87;E
1.13.14-15;-16.42980783;-71.48502178;-1945350.175;2843734.882;E
1.13.14-15;-16.42982434;-71.4846226;-1945357.166;2843779.93;E
1.13.14-15;-16.42946746;-71.48459822;-1945315.543;2843787.374;E
1.13.14-15;-16.42944195;-71.48500389;-1945307.412;2843741.708;E
1.13.14-16; ; ;-1.516416327;20763369.87;E
1.13.14-16;-16.42987305;-71.48500754;-1945358.018;2843735.642;E
1.13.14-16;-16.43005417;-71.48501167;-1945379.246;2843732.799;E
1.13.14-16;-16.43005972;-71.48502141;-1945379.775;2843731.621;E
1.13.14-16;-16.43021833;-71.48502041;-1945398.423;2843729.655;E
1.13.14-16;-16.4302614;-71.48464475;-1945408.237;2843771.688;E
1.13.14-16;-16.42989775;-71.48463778;-1945365.599;2843777.246;E
1.13.14-17; ; ;-1.516416327;20763369.87;E
1.13.14-17;-16.43030047;-71.48502352;-1945408.034;2843728.225;E
1.13.14-17;-16.43067217;-71.48505247;-1945451.34;2843720.07;E
1.13.14-17;-16.43068799;-71.48466936;-1945458.047;2843763.303;E
1.13.14-17;-16.43032743;-71.48466091;-1945415.791;2843768.99;E
1.13.14-18; ; ;-1.516416327;20763369.87;E
1.13.14-18;-16.43075505;-71.4850647;-1945460.923;2843717.596;E
1.13.14-18;-16.43097748;-71.48509533;-1945486.669;2843711.206;E
1.13.14-18;-16.43119649;-71.48476912;-1945516.53;2843745.324;E
1.13.14-18;-16.43117066;-71.48469106;-1945514.482;2843754.514;E
1.13.14-18;-16.43076927;-71.48467772;-1945467.491;2843761.29;E
1.13.14-19; ; ;-1.516416327;20763369.87;E
1.13.14-19;-16.43158512;-71.48513116;-1945557.609;2843699.176;E
1.13.14-19;-16.43122011;-71.48485;-1945518.281;2843735.843;E
1.13.14-19;-16.43104571;-71.48510209;-1945494.6;2843709.545;E
1.13.14-19;-16.43141073;-71.48537799;-1945533.996;2843673.474;E
1.13.14-20; ; ;-1.516416327;20763369.87;E
1.13.14-20;-16.43195865;-71.48540171;-1945598.072;2843663.6;E
1.13.14-20;-16.43166809;-71.48520449;-1945566.43;2843689.772;E
1.13.14-20;-16.43150458;-71.4854281;-1945544.388;2843666.561;E
1.13.14-20;-16.43177778;-71.48563471;-1945573.873;2843639.551;E
1.13.14-21; ; ;-1.516416327;20763369.87;E
1.13.14-21;-16.43173748;-71.48571787;-1945568.085;2843630.649;E
1.13.14-21;-16.43143619;-71.4855;-1945535.443;2843659.305;E
1.13.14-21;-16.43121856;-71.48580533;-1945506.009;2843627.536;E
1.13.14-21;-16.43152582;-71.48602354;-1945539.349;2843598.764;E
1.13.14-22; ; ;-1.516416327;20763369.87;E
1.13.14-22;-16.43136159;-71.48544924;-1945527.32;2843666.039;E
1.13.14-22;-16.43098824;-71.48517244;-1945486.958;2843702.321;E
1.13.14-22;-16.43075828;-71.48549053;-1945455.914;2843669.267;E
1.13.14-22;-16.43113067;-71.48576141;-1945496.239;2843633.669;E
1.13.14-24; ; ;-1.516416327;20763369.87;E
1.13.14-24;-16.43113715;-71.48582748;-1945496.165;2843626.091;E
1.13.14-24;-16.43075561;-71.48559017;-1945454.339;2843658.003;E
1.13.14-24;-16.43059418;-71.48604397;-1945429.631;2843608.663;E
1.13.14-24;-16.4310079;-71.48618472;-1945476.458;2843587.278;E
1.13.14-25; ; ;-1.516416327;20763369.87;E
1.13.14-25;-16.43152927;-71.4860812;-1945539.024;2843592.181;E
1.13.14-25;-16.43118035;-71.48585854;-1945500.848;2843622.004;E
1.13.14-25;-16.43106745;-71.48618959;-1945483.393;2843585.945;E
1.13.14-25;-16.43143943;-71.48634271;-1945525.16;2843563.706;E
1.13.14-26; ; ;-1.516416327;20763369.87;E
1.13.14-26;-16.43141392;-71.48638601;-1945521.615;2843559.13;E
1.13.14-26;-16.43103515;-71.48625815;-1945478.73;2843578.595;E
1.13.14-26;-16.43092631;-71.48664683;-1945461.025;2843535.949;E
1.13.14-26;-16.43129608;-71.48677623;-1945502.833;2843516.427;E
1.13.14-27; ; ;-1.516416327;20763369.87;E
1.13.14-27;-16.43099994;-71.48620994;-1945475.204;2843584.523;E
1.13.14-27;-16.43058287;-71.48608834;-1945427.74;2843603.78;E
1.13.14-27;-16.43046364;-71.48648131;-1945408.759;2843560.783;E
1.13.14-27;-16.43088145;-71.48662203;-1945456.068;2843539.348;E
1.13.14-30; ; ;-1.516416327;20763369.87;E
1.13.14-30;-16.43070363;-71.48511614;-1945454.231;2843712.437;E
1.13.14-30;-16.4303153;-71.48510363;-1945408.764;2843718.947;E
1.13.14-30;-16.4302982;-71.48551129;-1945401.595;2843672.946;E
1.13.14-30;-16.43067602;-71.48552753;-1945445.781;2843666.15;E
1.13.14-31; ; ;-1.516416327;20763369.87;E
1.13.14-31;-16.43027272;-71.48510321;-1945403.766;2843719.553;E
1.13.14-31;-16.42988407;-71.48510039;-1945358.138;2843724.969;E
1.13.14-31;-16.42986159;-71.48549741;-1945350.473;2843680.244;E
1.13.14-31;-16.43024632;-71.48551054;-1945395.509;2843673.711;E
1.13.14-32; ; ;-1.516416327;20763369.87;E
1.13.14-32;-16.42984181;-71.48509028;-1945353.3;2843726.669;E
1.13.14-32;-16.42945528;-71.48507746;-1945308.049;2843733.191;E
1.13.14-32;-16.4294436;-71.48547262;-1945301.676;2843688.534;E
1.13.14-32;-16.42981874;-71.48548354;-1945345.613;2843682.378;E
1.13.15-1; ; ;-1.516416327;20763369.87;E
1.13.15-1;-16.43097312;-71.48739572;-1945457.048;2843450.417;E
1.13.15-1;-16.43082066;-71.48758455;-1945436.747;2843431.003;E
1.13.15-1;-16.43077806;-71.48763076;-1945431.156;2843426.322;E
1.13.15-1;-16.43073286;-71.48768671;-1945425.139;2843420.57;E
1.13.15-1;-16.43067704;-71.48774032;-1945417.901;2843415.223;E
1.13.15-1;-16.43061085;-71.48777289;-1945409.712;2843412.398;E
1.13.15-1;-16.43054055;-71.48780793;-1945401.011;2843409.347;E
1.13.15-1;-16.43052414;-71.48782336;-1945398.887;2843407.812;E
1.13.15-1;-16.43046807;-71.48785352;-1945391.918;2843405.127;E
1.13.15-1;-16.4303817;-71.48789643;-1945381.226;2843401.394;E
1.13.15-1;-16.43075235;-71.48837859;-1945418.674;2843341.862;E
1.13.15-1;-16.43116131;-71.48794118;-1945472.258;2843386.099;E
1.13.15-1;-16.43120076;-71.48785819;-1945477.943;2843394.992;E
1.13.15-1;-16.43119911;-71.48778443;-1945478.683;2843403.378;E
1.13.15-2; ; ;-1.516416327;20763369.87;E
1.13.15-2;-16.43070182;-71.48760931;-1945422.47;2843429.754;E
1.13.15-2;-16.4306972;-71.48756952;-1945422.432;2843434.327;E
1.13.15-2;-16.43068342;-71.48751523;-1945421.499;2843440.663;E
1.13.15-2;-16.43038665;-71.4872195;-1945390.373;2843478.088;E
1.13.15-2;-16.43001006;-71.48749609;-1945342.627;2843451.661;E
1.13.15-2;-16.43032734;-71.48782506;-1945375.742;2843410.199;E
1.13.15-3; ; ;-1.516416327;20763369.87;E
1.13.15-3;-16.43064995;-71.48709812;-1945422.844;2843488.399;E
1.13.15-3;-16.43016805;-71.48659298;-1945372.617;2843551.995;E
1.13.15-3;-16.42999909;-71.48673578;-1945350.959;2843538.019;E
1.13.15-3;-16.43067427;-71.48743399;-1945421.453;2843449.995;E
1.13.15-4; ; ;-1.516416327;20763369.87;E
1.13.15-4;-16.43033106;-71.4871751;-1945384.404;2843483.85;E
1.13.15-4;-16.4299535;-71.48677001;-1945345.17;2843534.735;E
1.13.15-4;-16.42959092;-71.48705012;-1945299.025;2843507.726;E
1.13.15-4;-16.42996252;-71.48744157;-1945337.732;2843458.467;E
1.13.15-5; ; ;-1.516416327;20763369.87;E
1.13.15-5;-16.42990426;-71.48672548;-1945339.947;2843540.43;E
1.13.15-5;-16.42961946;-71.48638949;-1945310.736;2843582.262;E
1.13.15-5;-16.42925723;-71.48666477;-1945264.695;2843555.796;E
1.13.15-5;-16.42953362;-71.48699776;-1945292.955;2843514.413;E
1.13.15-6; ; ;-1.516416327;20763369.87;E
1.13.15-6;-16.42921417;-71.48662467;-1945260.143;2843560.907;E
1.13.15-6;-16.42957506;-71.48634422;-1945306.093;2843587.978;E
1.13.15-6;-16.42931435;-71.48604833;-1945279.206;2843624.948;E
1.13.15-6;-16.42921436;-71.48625431;-1945264.852;2843602.901;E
1.13.15-6;-16.42913821;-71.48651185;-1945252.646;2843574.696;E
1.13.15-7; ; ;-1.516416327;20763369.87;E
1.13.15-7;-16.42995378;-71.48799599;-1945329.69;2843395.714;E
1.13.15-7;-16.42963604;-71.48765213;-1945296.71;2843438.871;E
1.13.15-7;-16.42952671;-71.48770906;-1945283.144;2843433.848;E
1.13.15-7;-16.42940088;-71.48750819;-1945270.902;2843458.275;E
1.13.15-7;-16.42909716;-71.48768142;-1945233.025;2843442.614;E
1.13.15-7;-16.42940205;-71.48831501;-1945260.832;2843366.773;E
1.13.15-8; ; ;-1.516416327;20763369.87;E
1.13.15-8;-16.43007532;-71.48858978;-1945336.458;2843326.791;E
1.13.15-8;-16.43042764;-71.48849113;-1945379.101;2843333.358;E
1.13.15-8;-16.43005949;-71.48805978;-1945341.303;2843387.096;E
1.13.15-8;-16.42988574;-71.48815757;-1945319.653;2843378.285;E
1.13.15-9; ; ;-1.516416327;20763369.87;E
1.13.15-9;-16.42835857;-71.48895614;-1945130.121;2843307.751;E
1.13.15-9;-16.42822272;-71.48900368;-1945113.559;2843304.141;E
1.13.15-9;-16.42838755;-71.48942246;-1945127.627;2843254.494;E
1.13.15-9;-16.42871116;-71.48930149;-1945167.179;2843263.969;E
1.13.15-9;-16.42898209;-71.48916121;-1945200.784;2843276.325;E
1.13.15-9;-16.42937802;-71.48891522;-1945250.414;2843299.028;E
1.13.15-9;-16.43000692;-71.4886047;-1945328.232;2843325.995;E
1.13.15-9;-16.42981981;-71.48818488;-1945311.56;2843376.052;E
1.13.15-9;-16.42838955;-71.48896788;-1945133.613;2843306.014;E
1.13.15-10; ; ;-1.516416327;20763369.87;E
1.13.15-10;-16.42902703;-71.48852416;-1945214.124;2843347.973;E
1.13.15-10;-16.42936009;-71.48834081;-1945255.575;2843364.397;E
1.13.15-10;-16.42905695;-71.48770942;-1945227.947;2843439.966;E
1.13.15-10;-16.42870708;-71.48784511;-1945185.123;2843429.166;E
1.13.15-11; ; ;-1.516416327;20763369.87;E
1.13.15-11;-16.42837;-71.48804287;-1945143.017;2843411.159;E
1.13.15-11;-16.42865579;-71.48869916;-1945168.293;2843332.995;E
1.13.15-11;-16.42897119;-71.48854459;-1945207.305;2843346.388;E
1.13.15-11;-16.42865466;-71.48785694;-1945178.815;2843428.512;E
1.13.15-11;-16.42851739;-71.48790722;-1945162.051;2843424.609;E
1.13.15-12; ; ;-1.516416327;20763369.87;E
1.13.15-12;-16.42798207;-71.48840159;-1945092.902;2843375.568;E
1.13.15-12;-16.42799224;-71.48854266;-1945092.312;2843359.439;E
1.13.15-12;-16.42788136;-71.48859134;-1945078.668;2843355.372;E
1.13.15-12;-16.42775672;-71.48877842;-1945061.659;2843335.791;E
1.13.15-12;-16.42755706;-71.48899915;-1945035.408;2843313.38;E
1.13.15-12;-16.42757515;-71.48905453;-1945036.833;2843306.863;E
1.13.15-12;-16.42768882;-71.48904633;-1945050.292;2843306.303;E
1.13.15-12;-16.42784379;-71.48903424;-1945068.652;2843305.643;E
1.13.15-12;-16.4281492;-71.4889328;-1945105.818;2843313.142;E
1.13.15-12;-16.42842537;-71.48882874;-1945139.582;2843321.322;E
1.13.15-12;-16.42864129;-71.48869626;-1945166.626;2843333.514;E
1.13.15-12;-16.4283438;-71.48806007;-1945139.721;2843409.552;E
1.13.15-13; ; ;-1.516416327;20763369.87;E
1.13.15-13;-16.42748326;-71.48919929;-1945024.206;2843291.652;E
1.13.15-13;-16.42730306;-71.48914567;-1945003.711;2843300.095;E
1.13.15-13;-16.4268801;-71.48939032;-1944950.923;2843277.896;E
1.13.15-13;-16.42718225;-71.48957982;-1944984.026;2843252.448;E
1.13.15-13;-16.42738999;-71.48966186;-1945007.396;2843240.422;E
1.13.15-13;-16.42758099;-71.48966679;-1945029.774;2843237.36;E
1.13.15-13;-16.4278117;-71.48962037;-1945057.468;2843239.6;E
1.13.15-13;-16.42825588;-71.48947221;-1945111.529;2843250.579;E
1.13.15-13;-16.4283242;-71.48944618;-1945119.885;2843252.635;E
1.13.15-13;-16.42814682;-71.48903195;-1945104.284;2843301.931;E
1.13.15-13;-16.42789774;-71.48911569;-1945073.961;2843295.699;E
1.13.15-14; ; ;-1.516416327;20763369.87;E
1.13.15-14;-16.42671636;-71.48912284;-1944935.068;2843310.373;E
1.13.15-14;-16.42673102;-71.48923474;-1944935.376;2843297.492;E
1.13.15-14;-16.42682686;-71.48933563;-1944945.361;2843284.795;E
1.13.15-14;-16.42717625;-71.48912427;-1944989.083;2843304.183;E
1.13.15-14;-16.42744761;-71.48900487;-1945022.477;2843314.165;E
1.13.15-14;-16.42740186;-71.48869831;-1945020.979;2843349.527;E
1.13.15-14;-16.42734213;-71.48871692;-1945013.725;2843348.2;E
1.13.15-14;-16.42686696;-71.48896896;-1944954.709;2843325.848;E
1.13.15-15; ; ;-1.516416327;20763369.87;E
1.13.15-15;-16.42700128;-71.48885165;-1944971.974;2843337.389;E
1.13.15-15;-16.42742824;-71.48861067;-1945025.187;2843359.119;E
1.13.15-15;-16.42746601;-71.48834696;-1945032.96;2843388.526;E
1.13.15-15;-16.42699671;-71.48863947;-1944974.121;2843361.509;E
1.13.15-16; ; ;-1.516416327;20763369.87;E
1.13.15-16;-16.42876682;-71.48718513;-1945200.492;2843503.22;E
1.13.15-16;-16.42783313;-71.48817837;-1945078.226;2843402.832;E
1.13.15-16;-16.42775396;-71.48855052;-1945064.217;2843361.67;E
1.13.15-16;-16.42890415;-71.48738878;-1945214.051;2843478.327;E
1.13.15-17; ; ;-1.516416327;20763369.87;E
1.13.15-17;-16.42904413;-71.48643748;-1945242.533;2843584.363;E
1.13.15-17;-16.42910206;-71.48634294;-1945250.536;2843594.323;E
1.13.15-17;-16.42917859;-71.48614583;-1945262.021;2843615.672;E
1.13.15-17;-16.42920751;-71.48604053;-1945266.751;2843627.233;E
1.13.15-17;-16.4292033;-71.48596587;-1945267.201;2843635.754;E
1.13.15-17;-16.42919398;-71.4858748;-1945267.258;2843646.203;E
1.13.15-17;-16.42919283;-71.4858675;-1945267.216;2843647.045;E
1.13.15-17;-16.42915289;-71.48570984;-1945264.518;2843665.447;E
1.13.15-17;-16.42909417;-71.48549741;-1945260.307;2843690.305;E
1.13.15-17;-16.4290237;-71.48539911;-1945253.271;2843702.376;E
1.13.15-17;-16.42882835;-71.4852704;-1945231.947;2843719.532;E
1.13.15-17;-16.42868742;-71.48543355;-1945213.324;2843702.879;E
1.13.15-17;-16.4287876;-71.48550828;-1945224.149;2843693.091;E
1.13.15-17;-16.42883334;-71.48556209;-1945228.842;2843686.391;E
1.13.15-17;-16.42889322;-71.48564336;-1945234.85;2843676.39;E
1.13.15-17;-16.42892278;-71.4857279;-1945237.253;2843666.416;E
1.13.15-17;-16.42894128;-71.4858068;-1945238.428;2843657.227;E
1.13.15-17;-16.42896514;-71.48593258;-1945239.64;2843642.651;E
1.13.15-17;-16.42897368;-71.48602532;-1945239.471;2843632.023;E
1.13.15-17;-16.42888778;-71.48624999;-1945226.535;2843607.672;E
1.13.15-18; ; ;-1.516416327;20763369.87;E
1.13.15-18;-16.42979051;-71.48622855;-1945332.87;2843598.27;E
1.13.15-18;-16.42948311;-71.48586615;-1945301.338;2843643.393;E
1.13.15-18;-16.42932831;-71.48565957;-1945285.765;2843668.847;E
1.13.15-18;-16.4292765;-71.48560834;-1945280.326;2843675.336;E
1.13.15-18;-16.42923087;-71.48561327;-1945274.902;2843675.375;E
1.13.15-18;-16.42921782;-71.48564347;-1945272.987;2843672.122;E
1.13.15-18;-16.42923112;-71.48569954;-1945273.839;2843665.589;E
1.13.15-18;-16.42930483;-71.48598412;-1945278.899;2843632.354;E
1.13.15-18;-16.42963725;-71.48635255;-1945313.295;2843586.218;E
1.13.15-19; ; ;-1.516416327;20763369.87;E
1.13.15-19;-16.43013909;-71.48657674;-1945369.42;2843554.216;E
1.13.15-19;-16.42983196;-71.48624012;-1945337.594;2843596.413;E
1.13.15-19;-16.42966268;-71.48636943;-1945316.069;2843583.971;E
1.13.15-19;-16.42997249;-71.48671003;-1945348.159;2843541.287;E
1.13.22-1; ; ;-1.516416327;20763369.87;E
1.13.22-1;-16.42488794;-71.48828679;-1944730.821;2843429.138;E
1.13.22-1;-16.42525069;-71.48865699;-1944768.759;2843382.406;E
1.13.22-1;-16.42536056;-71.4885344;-1944783.218;2843394.866;E
1.13.22-1;-16.42523873;-71.48842896;-1944770.237;2843408.419;E
1.13.22-1;-16.42498878;-71.4881737;-1944744.098;2843440.64;E
1.13.22-1A; ; ;-1.516416327;20763369.87;E
1.13.22-1A;-16.42535111;-71.48833207;-1944784.667;2843417.933;E
1.13.22-1A;-16.42538062;-71.48837293;-1944787.617;2843412.913;E
1.13.22-1A;-16.42541304;-71.4884307;-1944790.695;2843405.938;E
1.13.22-1A;-16.42542725;-71.48860121;-1944790.208;2843386.416;E
1.13.22-1A;-16.42543158;-71.48877596;-1944788.507;2843366.544;E
1.13.22-1A;-16.42572636;-71.4887802;-1944823.087;2843362.2;E
1.13.22-1A;-16.4258667;-71.48875294;-1944839.92;2843363.452;E
1.13.22-1A;-16.42577087;-71.48840456;-1944833.068;2843404.213;E
1.13.22-1A;-16.42563683;-71.48823357;-1944819.482;2843425.359;E
1.13.22-1A;-16.4254449;-71.48808055;-1944798.867;2843445.226;E
1.13.22-1A;-16.42534304;-71.48811431;-1944786.473;2843442.732;E
1.13.22-1A;-16.4252926;-71.48809301;-1944780.816;2843445.809;E
1.13.22-1A;-16.4252111;-71.48819631;-1944769.934;2843435.163;E
1.13.22-1A;-16.42532001;-71.48829908;-1944781.43;2843422.082;E
1.13.22-2; ; ;-1.516416327;20763369.87;E
1.13.22-2;-16.42599596;-71.48881465;-1944854.326;2843354.761;E
1.13.22-2;-16.42629266;-71.48863556;-1944891.451;2843371.18;E
1.13.22-2;-16.42644716;-71.4885667;-1944910.475;2843376.963;E
1.13.22-2;-16.42666775;-71.48855307;-1944936.564;2843375.618;E
1.13.22-2;-16.42656113;-71.48808375;-1944929.975;2843430.234;E
1.13.22-2;-16.42609332;-71.48817462;-1944873.862;2843426.06;E
1.13.22-2;-16.42583573;-71.48822115;-1944843.008;2843424.161;E
1.13.22-2;-16.42589725;-71.48847402;-1944847.038;2843394.679;E
1.13.22-3; ; ;-1.516416327;20763369.87;E
1.13.22-3;-16.42652976;-71.48801607;-1944927.145;2843438.319;E
1.13.22-3;-16.42645565;-71.48768408;-1944922.637;2843476.936;E
1.13.22-3;-16.42642013;-71.48745773;-1944921.327;2843503.069;E
1.13.22-3;-16.42597439;-71.48753976;-1944867.919;2843499.609;E
1.13.22-3;-16.42596881;-71.4875571;-1944867.043;2843497.716;E
1.13.22-3;-16.42607866;-71.48810722;-1944872.991;2843433.895;E
1.13.22-4; ; ;-1.516416327;20763369.87;E
1.13.22-4;-16.42562622;-71.48806052;-1944820.424;2843445.12;E
1.13.22-4;-16.42580691;-71.48815061;-1944840.514;2843432.537;E
1.13.22-4;-16.42601067;-71.48810857;-1944864.986;2843434.633;E
1.13.22-4;-16.42590009;-71.48755662;-1944858.976;2843498.671;E
1.13.22-4;-16.42550493;-71.48762893;-1944811.633;2843495.651;E
1.13.22-4;-16.42546517;-71.48764778;-1944806.723;2843494.034;E
1.13.22-4;-16.42553467;-71.48797537;-1944810.745;2843455.976;E
1.13.22-5; ; ;-1.516416327;20763369.87;E
1.13.22-5;-16.4258849;-71.48751137;-1944857.764;2843504.001;E
1.13.22-5;-16.42576152;-71.48693372;-1944850.575;2843571.122;E
1.13.22-5;-16.42532886;-71.48702337;-1944798.606;2843566.626;E
1.13.22-5;-16.4254367;-71.48758806;-1944804.133;2843501.179;E
1.13.22-6; ; ;-1.516416327;20763369.87;E
1.13.22-6;-16.42638099;-71.48739024;-1944917.582;2843511.235;E
1.13.22-6;-16.42633166;-71.48720193;-1944914.168;2843533.235;E
1.13.22-6;-16.42626841;-71.4868229;-1944911.532;2843577.043;E
1.13.22-6;-16.42582067;-71.48692428;-1944857.643;2843571.417;E
1.13.22-6;-16.42595147;-71.48747596;-1944866.033;2843507.144;E
1.13.22-7; ; ;-1.516416327;20763369.87;E
1.13.22-7;-16.42625601;-71.48678115;-1944910.602;2843581.941;E
1.13.22-7;-16.42623817;-71.48665161;-1944910.146;2843596.864;E
1.13.22-7;-16.42572309;-71.48639275;-1944852.902;2843632.969;E
1.13.22-7;-16.42566995;-71.48640672;-1944846.481;2843632.081;E
1.13.22-7;-16.4257909;-71.48686454;-1944854.901;2843578.581;E
1.13.22-8; ; ;-1.516416327;20763369.87;E
1.13.22-8;-16.42572476;-71.48688803;-1944846.833;2843576.785;E
1.13.22-8;-16.42562718;-71.48634921;-1944842.184;2843639.163;E
1.13.22-8;-16.42542332;-71.48635046;-1944818.217;2843641.693;E
1.13.22-8;-16.42519399;-71.48639637;-1944790.692;2843639.493;E
1.13.22-8;-16.42530584;-71.4869694;-1944796.584;2843573.048;E
1.13.22-9; ; ;-1.516416327;20763369.87;E
1.13.22-9;-16.42643424;-71.48738521;-1944923.902;2843511.107;E
1.13.22-9;-16.42690521;-71.48728921;-1944980.451;2843515.82;E
1.13.22-9;-16.42678753;-71.48672796;-1944973.726;2843581.005;E
1.13.22-9;-16.42632567;-71.48681009;-1944918.422;2843577.746;E
1.13.22-10; ; ;-1.516416327;20763369.87;E
1.13.22-10;-16.42696539;-71.48727892;-1944987.652;2843516.198;E
1.13.22-10;-16.42742019;-71.48717382;-1945042.417;2843522.155;E
1.13.22-10;-16.42734081;-71.486723;-1945038.794;2843574.315;E
1.13.22-10;-16.42686098;-71.48677782;-1944981.725;2843574.388;E
1.13.22-11; ; ;-1.516416327;20763369.87;E
1.13.22-11;-16.42782016;-71.48759475;-1945084.086;2843469.18;E
1.13.22-11;-16.42801537;-71.48738703;-1945109.649;2843490.176;E
1.13.22-11;-16.42793347;-71.48703739;-1945104.45;2843530.896;E
1.13.22-11;-16.42748912;-71.48721804;-1945049.956;2843516.237;E
1.13.22-11;-16.42748576;-71.48721859;-1945049.555;2843516.219;E
1.13.22-11;-16.42761094;-71.48769957;-1945058.178;2843460.038;E
1.13.22-12; ; ;-1.516416327;20763369.87;E
1.13.22-12;-16.42728988;-71.48789106;-1945018.034;2843442.531;E
1.13.22-12;-16.42754859;-71.48772643;-1945050.513;2843457.809;E
1.13.22-12;-16.42749078;-71.4874587;-1945047.108;2843488.925;E
1.13.22-12;-16.42742741;-71.48721603;-1945042.732;2843517.273;E
1.13.22-12;-16.42720907;-71.48728053;-1945016.263;2843512.821;E
1.13.22-12;-16.42699271;-71.48732703;-1944990.254;2843510.384;E
1.13.22-12;-16.42711941;-71.48789638;-1944997.937;2843444.163;E
1.13.22-13; ; ;-1.516416327;20763369.87;E
1.13.22-13;-16.4270359;-71.48790473;-1944988.02;2843444.311;E
1.13.22-13;-16.42691694;-71.48734289;-1944981.15;2843509.579;E
1.13.22-13;-16.42646211;-71.48744468;-1944926.425;2843503.998;E
1.13.22-13;-16.42659337;-71.48799375;-1944934.901;2843440.017;E
1.13.22-14; ; ;-1.516416327;20763369.87;E
1.13.22-14;-16.42745744;-71.48825076;-1945033.17;2843399.547;E
1.13.22-14;-16.42760525;-71.48792509;-1945054.656;2843434.539;E
1.13.22-14;-16.42711661;-71.4879719;-1944996.653;2843435.636;E
1.13.22-14;-16.42723047;-71.4883107;-1945005.745;2843395.726;E
1.13.22-15; ; ;-1.516416327;20763369.87;E
1.13.22-15;-16.42679946;-71.48833921;-1944954.745;2843398.142;E
1.13.22-15;-16.42687033;-71.48834234;-1944963.031;2843396.859;E
1.13.22-15;-16.42717455;-71.48830902;-1944999.197;2843396.649;E
1.13.22-15;-16.42707286;-71.48798083;-1944991.4;2843435.196;E
1.13.22-15;-16.42659235;-71.48808248;-1944933.659;2843429.968;E
1.13.22-15;-16.42668577;-71.48837045;-1944940.992;2843396.09;E
1.13.22-16; ; ;-1.516416327;20763369.87;E
1.13.22-16;-16.42687897;-71.48865034;-1944960.151;2843361.82;E
1.13.22-16;-16.42713628;-71.48850019;-1944992.281;2843375.473;E
1.13.22-16;-16.42711611;-71.48833091;-1944992.053;2843394.933;E
1.13.22-16;-16.42690908;-71.48837083;-1944967.224;2843393.12;E
1.13.22-16;-16.42679939;-71.48835563;-1944954.529;2843396.281;E
1.13.22-16;-16.42675816;-71.48836217;-1944949.602;2843396.08;E
1.13.22-16;-16.42669459;-71.4883876;-1944941.811;2843394.029;E
1.13.22-16;-16.42670258;-71.48858238;-1944940.286;2843371.838;E
1.13.22-17; ; ;-1.516416327;20763369.87;E
1.13.22-17;-16.42772726;-71.48710027;-1945079.426;2843526.47;E
1.13.22-17;-16.42793773;-71.48696842;-1945105.822;2843538.661;E
1.13.22-17;-16.42782841;-71.48663553;-1945097.19;2843577.843;E
1.13.22-17;-16.42760959;-71.48672438;-1945070.356;2843570.636;E
1.13.22-17;-16.42739478;-71.48674367;-1945044.873;2843571.264;E
1.13.22-17;-16.42749785;-71.48718929;-1945051.346;2843519.382;E
1.13.22-21; ; ;-1.516416327;20763369.87;E
1.13.22-21;-16.42554368;-71.4862657;-1944833.43;2843649.727;E
1.13.22-21;-16.42519262;-71.48587912;-1944797.073;2843698.166;E
1.13.22-21;-16.42503787;-71.4857112;-1944781.016;2843719.235;E
1.13.22-21;-16.4251675;-71.48633335;-1944788.376;2843646.987;E
1.13.22-22; ; ;-1.516416327;20763369.87;E
1.13.22-22;-16.4247615;-71.48550441;-1944751.16;2843746.308;E
1.13.22-22;-16.42471321;-71.48535309;-1944747.401;2843764.099;E
1.13.22-22;-16.42448808;-71.48509844;-1944724.17;2843795.927;E
1.13.22-22;-16.42412146;-71.48532219;-1944678.265;2843775.36;E
1.13.22-22;-16.42417129;-71.48556317;-1944681.071;2843747.38;E
1.13.22-22;-16.42419311;-71.48571633;-1944681.698;2843729.726;E
1.13.22-22;-16.42425018;-71.48579676;-1944687.385;2843719.858;E
1.13.22-23; ; ;-1.516416327;20763369.87;E
1.13.22-23;-16.42500227;-71.48595623;-1944773.733;2843691.916;E
1.13.22-23;-16.42492517;-71.48564885;-1944768.562;2843727.783;E
1.13.22-23;-16.42482852;-71.48552248;-1944758.806;2843743.38;E
1.13.22-23;-16.42428803;-71.48582452;-1944691.481;2843716.213;E
1.13.22-23;-16.42459609;-71.48619925;-1944722.936;2843669.682;E
1.13.22-24; ; ;-1.516416327;20763369.87;E
1.13.22-24;-16.42514711;-71.48650339;-1944783.829;2843627.972;E
1.13.22-24;-16.42506336;-71.48611578;-1944778.892;2843673.023;E
1.13.22-24;-16.42495212;-71.4860337;-1944766.861;2843683.789;E
1.13.22-24;-16.42462912;-71.48624041;-1944726.296;2843664.582;E
1.13.22-24;-16.4249457;-71.48661511;-1944758.752;2843617.943;E
1.13.22-25; ; ;-1.516416327;20763369.87;E
1.13.22-25;-16.42455415;-71.48622929;-1944717.629;2843666.826;E
1.13.22-25;-16.42425792;-71.48584773;-1944687.65;2843713.976;E
1.13.22-25;-16.42396704;-71.48601304;-1944651.382;2843699.042;E
1.13.22-25;-16.42405142;-71.48625695;-1944658.212;2843670.278;E
1.13.22-25;-16.42415692;-71.48646115;-1944668.024;2843645.739;E
1.13.22-26; ; ;-1.516416327;20763369.87;E
1.13.22-26;-16.42490149;-71.48663899;-1944753.256;2843615.815;E
1.13.22-26;-16.42458971;-71.48626657;-1944721.335;2843662.132;E
1.13.22-26;-16.42419381;-71.48650071;-1944671.858;2843640.77;E
1.13.22-26;-16.42449208;-71.48687762;-1944702.135;2843594.121;E
1.13.22-27; ; ;-1.516416327;20763369.87;E
1.13.22-27;-16.42493844;-71.48666697;-1944757.243;2843612.158;E
1.13.22-27;-16.42453801;-71.48690972;-1944707.125;2843589.879;E
1.13.22-27;-16.42487022;-71.48728024;-1944741.47;2843543.509;E
1.13.22-27;-16.42525659;-71.48704996;-1944789.779;2843564.558;E
1.13.22-28; ; ;-1.516416327;20763369.87;E
1.13.22-28;-16.42537702;-71.48756743;-1944797.382;2843504.3;E
1.13.22-28;-16.42526223;-71.48710986;-1944789.683;2843557.692;E
1.13.22-28;-16.42490627;-71.48731959;-1944745.208;2843538.574;E
1.13.22-28;-16.42538777;-71.48776985;-1944796.085;2843481.206;E
1.13.22-30; ; ;-1.516416327;20763369.87;E
1.13.22-30;-16.42478571;-71.48734199;-1944730.76;2843537.614;E
1.13.22-30;-16.42447608;-71.48694402;-1944699.415;2843586.801;E
1.13.22-30;-16.42435363;-71.48705779;-1944683.588;2843575.505;E
1.13.22-30;-16.42462231;-71.48746843;-1944709.962;2843525.418;E
1.13.22-31; ; ;-1.516416327;20763369.87;E
1.13.22-31;-16.42445125;-71.48690417;-1944697.002;2843591.645;E
1.13.22-31;-16.4242674;-71.48666857;-1944678.38;2843620.77;E
1.13.22-31;-16.42414385;-71.48678124;-1944662.44;2843609.614;E
1.13.22-31;-16.42433026;-71.48702015;-1944681.319;2843580.078;E
1.13.22-32; ; ;-1.516416327;20763369.87;E
1.13.22-32;-16.42423142;-71.48662941;-1944674.648;2843625.683;E
1.13.22-32;-16.42390742;-71.4861972;-1944642.048;2843678.941;E
1.13.22-32;-16.42377017;-71.48633446;-1944624.186;2843665.174;E
1.13.22-32;-16.42410808;-71.48674332;-1944658.716;2843614.383;E
1.13.22-33; ; ;-1.516416327;20763369.87;E
1.13.22-33;-16.42374237;-71.48654118;-1944618.304;2843642.098;E
1.13.22-33;-16.42378428;-71.4865653;-1944622.923;2843638.813;E
1.13.22-33;-16.42378595;-71.48656636;-1944623.107;2843638.671;E
1.13.22-33;-16.42383634;-71.48657504;-1944628.918;2843637.026;E
1.13.22-33;-16.42384608;-71.48650761;-1944630.915;2843644.545;E
1.13.22-33;-16.42383292;-71.48647941;-1944629.725;2843647.915;E
1.13.22-33;-16.42379872;-71.48644864;-1944626.096;2843651.853;E
1.13.22-33;-16.42376623;-71.48642238;-1944622.611;2843655.257;E
1.13.22-33;-16.42374186;-71.48637331;-1944620.368;2843661.139;E
1.13.22-33;-16.42374249;-71.48632933;-1944620.999;2843666.119;E
1.13.22-33;-16.42373373;-71.48629297;-1944620.429;2843670.356;E
1.13.22-33;-16.42370416;-71.48624082;-1944617.615;2843676.658;E
1.13.22-33;-16.42356258;-71.4863163;-1944600.025;2843669.954;E
1.13.22-33;-16.42369918;-71.48650429;-1944613.697;2843646.847;E
1.13.24-60; ; ;-1.516416327;20763369.87;E
1.13.24-60;-16.43102476;-71.47903965;-1945568.87;2844397.269;E
1.13.24-60;-16.43064274;-71.47912574;-1945522.894;2844392.518;E
1.13.24-60;-16.43076353;-71.47987937;-1945527.546;2844305.474;E
1.13.24-60;-16.43115637;-71.47982608;-1945574.378;2844306.365;E
1.13.24-61; ; ;-1.516416327;20763369.87;E
1.13.24-61;-16.43117342;-71.47987576;-1945575.753;2844300.507;E
1.13.24-61;-16.43077327;-71.47994723;-1945527.832;2844297.652;E
1.13.24-61;-16.43086769;-71.48050841;-1945531.823;2844232.777;E
1.13.24-61;-16.43125232;-71.48044851;-1945577.774;2844234.525;E
1.13.24-62; ; ;-1.516416327;20763369.87;E
1.13.24-62;-16.43127506;-71.48050381;-1945579.745;2844227.956;E
1.13.24-62;-16.43088382;-71.48059354;-1945532.641;2844222.912;E
1.13.24-62;-16.43100526;-71.48135381;-1945537.285;2844135.108;E
1.13.24-62;-16.43138801;-71.48124344;-1945583.654;2844142.604;E
1.13.24-64; ; ;-1.516416327;20763369.87;E
1.13.24-64;-16.43160715;-71.47979459;-1945627.741;2844304.023;E
1.13.24-64;-16.43121606;-71.47986444;-1945580.906;2844301.232;E
1.13.24-64;-16.43130577;-71.48044307;-1945584.122;2844234.441;E
1.13.24-64;-16.43169367;-71.4803463;-1945630.924;2844240.326;E
1.13.24-65; ; ;-1.516416327;20763369.87;E
1.13.24-65;-16.43147647;-71.47896669;-1945622.868;2844399.617;E
1.13.24-65;-16.43109097;-71.47902581;-1945576.825;2844397.97;E
1.13.24-65;-16.43121563;-71.47981048;-1945581.538;2844307.356;E
1.13.24-65;-16.43158926;-71.47974892;-1945626.218;2844309.436;E
1.13.24-66; ; ;-1.516416327;20763369.87;E
1.13.24-66;-16.43190883;-71.47891467;-1945674.327;2844399.845;E
1.13.24-66;-16.43152846;-71.47896486;-1945629;2844399.143;E
1.13.24-66;-16.43165784;-71.47974535;-1945634.321;2844308.942;E
1.13.24-66;-16.43203593;-71.4796656;-1945679.754;2844313.025;E
1.13.24-67; ; ;-1.516416327;20763369.87;E
1.13.24-67;-16.43204488;-71.4797053;-1945680.303;2844308.406;E
1.13.24-67;-16.43167076;-71.47979579;-1945635.201;2844303.053;E
1.13.24-67;-16.43174685;-71.48033524;-1945637.312;2844240.883;E
1.13.24-67;-16.43213049;-71.48022643;-1945683.765;2844248.189;E
1.13.24-68; ; ;-1.516416327;20763369.87;E
1.13.24-68;-16.43257921;-71.47958617;-1945744.593;2844314.906;E
1.13.24-68;-16.43236009;-71.47962521;-1945718.353;2844313.353;E
1.13.24-68;-16.43210053;-71.47970561;-1945686.838;2844307.641;E
1.13.24-68;-16.43217661;-71.48015591;-1945690.077;2844255.581;E
1.13.24-68;-16.43268224;-71.47993016;-1945752.344;2844274.548;E
1.13.24-69; ; ;-1.516416327;20763369.87;E
1.13.24-69;-16.43293231;-71.47953446;-1945786.736;2844316.138;E
1.13.24-69;-16.43263427;-71.47959279;-1945750.979;2844313.433;E
1.13.24-69;-16.43272618;-71.47989025;-1945758.012;2844278.497;E
1.13.24-69;-16.43298056;-71.47976337;-1945789.507;2844289.548;E
1.13.24-71; ; ;-1.516416327;20763369.87;E
1.13.24-71;-16.43269385;-71.47997094;-1945753.192;2844269.771;E
1.13.24-71;-16.43235714;-71.48012731;-1945711.65;2844256.457;E
1.13.24-71;-16.43242473;-71.48028441;-1945717.603;2844237.755;E
1.13.24-71;-16.43276408;-71.48017076;-1945758.914;2844246.191;E
1.13.24-72; ; ;-1.516416327;20763369.87;E
1.13.24-72;-16.43311486;-71.47977138;-1945805.185;2844286.877;E
1.13.24-72;-16.43273874;-71.47995333;-1945758.69;2844271.18;E
1.13.24-72;-16.43280678;-71.48016291;-1945764.031;2844246.521;E
1.13.24-72;-16.4331807;-71.48004133;-1945809.504;2844255.403;E
1.13.24-73; ; ;-1.516416327;20763369.87;E
1.13.24-73;-16.43348761;-71.47961696;-1945850.937;2844299.498;E
1.13.24-73;-16.43315278;-71.47978295;-1945809.494;2844285.069;E
1.13.24-73;-16.43322186;-71.48003;-1945814.484;2844256.148;E
1.13.24-73;-16.43358762;-71.47988796;-1945859.257;2844267.456;E
1.13.24-74; ; ;-1.516416327;20763369.87;E
1.13.24-74;-16.43389807;-71.47947203;-1945900.999;2844310.548;E
1.13.24-74;-16.43352481;-71.47961982;-1945855.272;2844298.686;E
1.13.24-74;-16.43363275;-71.47987246;-1945864.756;2844268.622;E
1.13.24-74;-16.43398734;-71.47972723;-1945908.257;2844280.439;E
1.13.24-75; ; ;-1.516416327;20763369.87;E
1.13.24-75;-16.43433197;-71.47941086;-1945952.755;2844311.792;E
1.13.24-75;-16.43393897;-71.47947381;-1945905.782;2844309.81;E
1.13.24-75;-16.4340309;-71.47971285;-1945913.557;2844281.498;E
1.13.24-75;-16.43439179;-71.47957258;-1945957.735;2844292.669;E
1.13.24-77; ; ;-1.516416327;20763369.87;E
1.13.24-77;-16.43469123;-71.47906457;-1945999.351;2844346.346;E
1.13.24-77;-16.43464477;-71.47889284;-1945996.066;2844366.429;E
1.13.24-77;-16.4346563;-71.47888392;-1945997.534;2844367.289;E
1.13.24-77;-16.43383715;-71.47902107;-1945899.551;2844362.484;E
1.13.24-77;-16.43389194;-71.47941809;-1945900.961;2844316.745;E
1.13.24-77;-16.43473751;-71.47929186;-1946001.911;2844319.966;E
1.13.24-78; ; ;-1.516416327;20763369.87;E
1.13.24-78;-16.43372112;-71.47944755;-1945880.518;2844315.645;E
1.13.24-78;-16.43380323;-71.47922021;-1945893.044;2844340.347;E
1.13.24-78;-16.43377134;-71.47903522;-1945891.639;2844361.743;E
1.13.24-78;-16.43294779;-71.47918962;-1945792.921;2844355.038;E
1.13.24-78;-16.43300518;-71.4795874;-1945794.627;2844309.179;E
1.13.24-79; ; ;-1.516416327;20763369.87;E
1.13.24-79;-16.43369817;-71.47857765;-1945888.835;2844414.588;E
1.13.24-79;-16.43287962;-71.47870836;-1945791.004;2844410.504;E
1.13.24-79;-16.43294446;-71.47912377;-1945793.362;2844362.549;E
1.13.24-79;-16.43376261;-71.47897003;-1945891.439;2844369.25;E
1.13.24-80; ; ;-1.516416327;20763369.87;E
1.13.24-80;-16.43462101;-71.47861728;-1945996.764;2844397.987;E
1.13.24-80;-16.43454851;-71.47841486;-1945990.808;2844421.892;E
1.13.24-80;-16.43375142;-71.47855507;-1945895.378;2844416.45;E
1.13.24-80;-16.43381633;-71.47896048;-1945897.872;2844369.627;E
1.13.24-80;-16.4346381;-71.47882027;-1945996.201;2844374.745;E
1.13.24-81; ; ;-1.516416327;20763369.87;E
1.13.24-81;-16.43453081;-71.47834723;-1945989.585;2844429.793;E
1.13.24-81;-16.43442819;-71.47790435;-1945983.135;2844481.359;E
1.13.24-81;-16.43425893;-71.47779854;-1945964.587;2844495.579;E
1.13.24-81;-16.43413731;-71.4777468;-1945950.952;2844503.041;E
1.13.24-81;-16.43403085;-71.47776009;-1945938.276;2844502.931;E
1.13.24-81;-16.43417467;-71.47842408;-1945946.767;2844425.752;E
1.13.24-82; ; ;-1.516416327;20763369.87;E
1.13.24-82;-16.43401093;-71.47785734;-1945934.703;2844492.165;E
1.13.24-82;-16.43365195;-71.47793121;-1945891.589;2844488.498;E
1.13.24-82;-16.43373748;-71.47850587;-1945894.363;2844422.213;E
1.13.24-82;-16.43411319;-71.47843286;-1945939.431;2844425.562;E
1.13.24-83; ; ;-1.516416327;20763369.87;E
1.13.24-83;-16.43356931;-71.47792517;-1945881.955;2844490.267;E
1.13.24-83;-16.43318562;-71.47800698;-1945835.838;2844486.024;E
1.13.24-83;-16.43328656;-71.47858213;-1945840.416;2844419.481;E
1.13.24-83;-16.43367799;-71.47851457;-1945887.263;2844422.006;E
1.13.24-84; ; ;-1.516416327;20763369.87;E
1.13.24-84;-16.43313097;-71.4780173;-1945829.285;2844485.571;E
1.13.24-84;-16.43276147;-71.47806263;-1945785.296;2844485.278;E
1.13.24-84;-16.43285547;-71.47865844;-1945788.798;2844416.483;E
1.13.24-84;-16.43323114;-71.47859445;-1945833.749;2844418.81;E
1.13.24-85; ; ;-1.516416327;20763369.87;E
1.13.24-85;-16.43266462;-71.47801194;-1945774.559;2844492.296;E
1.13.24-85;-16.43229315;-71.47807828;-1945730.072;2844489.647;E
1.13.24-85;-16.43241061;-71.47874056;-1945735.489;2844413.006;E
1.13.24-85;-16.43278687;-71.47867413;-1945780.539;2844415.603;E
1.13.24-86; ; ;-1.516416327;20763369.87;E
1.13.24-86;-16.43234529;-71.47874821;-1945727.717;2844412.996;E
1.13.24-86;-16.43222304;-71.47808568;-1945721.74;2844489.728;E
1.13.24-86;-16.4318476;-71.47815608;-1945676.736;2844486.67;E
1.13.24-86;-16.43196381;-71.47882547;-1945681.916;2844409.238;E
1.13.24-87; ; ;-1.516416327;20763369.87;E
1.13.24-87;-16.43522295;-71.47850236;-1946068.944;2844403.121;E
1.13.24-87;-16.43508406;-71.47819478;-1946056.52;2844439.822;E
1.13.24-87;-16.43479164;-71.47842636;-1946019.23;2844417.398;E
1.13.24-87;-16.43492322;-71.47874951;-1946030.598;2844379.029;E
1.13.24-88; ; ;-1.516416327;20763369.87;E
1.13.24-88;-16.43530454;-71.47901631;-1946072.023;2844343.772;E
1.13.24-88;-16.43522897;-71.47882394;-1946065.58;2844366.577;E
1.13.24-88;-16.43517567;-71.47863639;-1946061.693;2844388.544;E
1.13.24-88;-16.43495384;-71.47881032;-1946033.425;2844371.731;E
1.13.24-88;-16.43500596;-71.4790176;-1946036.925;2844347.543;E
1.13.24-88;-16.43507548;-71.479194;-1946042.86;2844326.629;E
1.13.24-89; ; ;-1.516416327;20763369.87;E
1.13.24-89;-16.43544483;-71.47921056;-1946086.047;2844319.905;E
1.13.24-89;-16.43533584;-71.47904666;-1946075.316;2844339.92;E
1.13.24-89;-16.43510942;-71.47925581;-1946046.065;2844319.174;E
1.13.24-89;-16.4351985;-71.47943617;-1946054.248;2844297.554;E
1.13.1-350; ; ;-1.516416327;20763369.87;NA
1.13.1-350;-16.43286518;-71.50639684;-1945439.035;2841271.187;NA
1.13.1-350;-16.43271538;-71.50644225;-1945420.862;2841268;NA
1.13.1-350;-16.43276626;-71.50664268;-1945424.307;2841244.609;NA
1.13.1-350;-16.43291551;-71.50661219;-1945442.225;2841246.111;NA
1.13.1-351; ; ;-1.516416327;20763369.87;NA
1.13.1-351;-16.43212811;-71.50919555;-1945317.072;2840963.529;NA
1.13.1-351;-16.43263766;-71.50946576;-1945373.517;2840926.221;NA
1.13.1-351;-16.43235294;-71.50900162;-1945345.936;2840982.572;NA
1.13.2-14; ; ;-1.516416327;20763369.87;NA
1.13.2-14;-16.4304011;-71.49639265;-1945276.036;2842437.762;NA
1.13.2-14;-16.4304369;-71.49646739;-1945279.298;2842428.819;NA
1.13.2-14;-16.43065661;-71.49635419;-1945306.541;2842438.776;NA
1.13.2-14;-16.43058026;-71.49621212;-1945299.368;2842455.884;NA
1.13.2-14;-16.43035559;-71.49628107;-1945272.1;2842451.011;NA
1.13.2-116; ; ;-1.516416327;20763369.87;NA
1.13.2-116;-16.43100555;-71.49724012;-1945336.333;2842333.751;NA
1.13.2-116;-16.43082486;-71.49733649;-1945313.886;2842325.192;NA
1.13.2-116;-16.4309703;-71.49785279;-1945324.444;2842264.745;NA
1.13.2-116;-16.43102794;-71.4979246;-1945330.308;2842255.848;NA
1.13.2-116;-16.43108756;-71.49788417;-1945337.824;2842259.652;NA
1.13.3-79; ; ;-1.516416327;20763369.87;NA
1.13.3-79;-16.43175676;-71.49589198;-1945441.639;2842476.767;NA
1.13.3-79;-16.43195504;-71.49621469;-1945460.851;2842437.578;NA
1.13.3-79;-16.43242464;-71.49567554;-1945522.842;2842492.555;NA
1.13.3-79;-16.43214177;-71.49544716;-1945492.498;2842522.157;NA
1.13.4-27; ; ;-1.516416327;20763369.87;NA
1.13.4-27;-16.43054119;-71.49244036;-1945342.482;2842884.067;NA
1.13.4-27;-16.430522;-71.49230259;-1945341.97;2842899.94;NA
1.13.4-27;-16.43049257;-71.49214271;-1945340.535;2842918.453;NA
1.13.4-27;-16.43032923;-71.49217389;-1945320.949;2842917.059;NA
1.13.4-27;-16.43032881;-71.49229696;-1945319.344;2842903.11;NA
1.13.4-27;-16.43037912;-71.49248171;-1945322.918;2842881.503;NA
1.13.9-27; ; ;-1.516416327;20763369.87;NA
1.13.9-27;-16.43380226;-71.49134635;-1945739.458;2842965.367;NA
1.13.9-27;-16.43422961;-71.49181338;-1945783.757;2842906.811;NA
1.13.9-27;-16.43425186;-71.49142183;-1945791.325;2842950.915;NA
1.13.9-27;-16.43420365;-71.49095811;-1945791.528;2843004.127;NA
1.13.9-31; ; ;-1.516416327;20763369.87;NA
1.13.9-31;-16.43563587;-71.49092908;-1945960.165;2842988.641;NA
1.13.9-31;-16.43524556;-71.49095002;-1945914.042;2842991.385;NA
1.13.9-31;-16.43527851;-71.4917361;-1945907.967;2842901.822;NA
1.13.9-31;-16.4353556;-71.49166732;-1945917.895;2842908.61;NA
1.13.9-31;-16.4354314;-71.49163615;-1945927.195;2842911.15;NA
1.13.9-31;-16.4355568;-71.49164063;-1945941.871;2842908.998;NA
1.13.9-31;-16.435616;-71.49163835;-1945948.856;2842908.48;NA
1.13.9-31;-16.43565563;-71.49161739;-1945953.776;2842910.338;NA
1.13.10-23; ; ;-1.516416327;20763369.87;NA
1.13.10-23;-16.43454679;-71.48438045;-1945915.084;2843745.461;NA
1.13.10-23;-16.43453641;-71.48475481;-1945909.126;2843703.148;NA
1.13.10-23;-16.43477586;-71.48472674;-1945937.615;2843703.191;NA
1.13.10-23;-16.43482457;-71.4843561;-1945948.029;2843744.579;NA
1.13.10-40; ; ;-1.516416327;20763369.87;NA
1.13.10-40;-16.43532542;-71.48470893;-1946002.409;2843698.002;NA
1.13.10-40;-16.43532439;-71.48510315;-1945997.298;2843653.315;NA
1.13.10-40;-16.43567465;-71.48504094;-1946039.238;2843655.775;NA
1.13.10-40;-16.43565051;-71.48464876;-1946041.367;2843700.561;NA
1.13.14-23; ; ;-1.516416327;20763369.87;NA
1.13.14-23;-16.43178077;-71.48483714;-1945584.317;2843729.949;NA
1.13.14-23;-16.43141845;-71.48455844;-1945545.274;2843766.303;NA
1.13.14-23;-16.43125652;-71.48480295;-1945523.155;2843740.701;NA
1.13.14-23;-16.43161692;-71.48509775;-1945561.769;2843702.546;NA
1.13.14-28; ; ;-1.516416327;20763369.87;NA
1.13.14-28;-16.43051196;-71.48607021;-1945419.639;2843606.765;NA
1.13.14-28;-16.43024878;-71.48601892;-1945389.365;2843616.032;NA
1.13.14-28;-16.43018865;-71.486353;-1945378.073;2843578.937;NA
1.13.14-28;-16.43041812;-71.48646018;-1945403.679;2843563.776;NA
1.13.14-29; ; ;-1.516416327;20763369.87;NA
1.13.14-29;-16.43054689;-71.48601027;-1945424.5;2843613.104;NA
1.13.14-29;-16.43067224;-71.48560155;-1945444.401;2843657.806;NA
1.13.14-29;-16.43029836;-71.48556185;-1945400.974;2843667.21;NA
1.13.14-29;-16.4302492;-71.48596296;-1945390.123;2843622.372;NA
1.13.22-29; ; ;-1.516416327;20763369.87;NA
1.13.22-29;-16.42534916;-71.48785885;-1944790.424;2843471.621;NA
1.13.22-29;-16.42480915;-71.48736875;-1944733.176;2843534.272;NA
1.13.22-29;-16.42465416;-71.4874855;-1944713.489;2843523.065;NA
1.13.22-29;-16.42481636;-71.48771366;-1944729.659;2843495.066;NA
1.13.22-29;-16.42506212;-71.48781606;-1944757.239;2843480.235;NA
1.13.22-29;-16.42529142;-71.48795974;-1944782.363;2843460.936;NA
1.13.22-34; ; ;-1.516416327;20763369.87;NA
1.13.22-34;-16.42410881;-71.4850987;-1944679.605;2843800.869;NA
1.13.22-34;-16.42394529;-71.48509185;-1944660.479;2843803.789;NA
1.13.22-34;-16.42388646;-71.48527778;-1944651.215;2843783.475;NA
1.13.22-34;-16.42387465;-71.48566817;-1944644.889;2843739.361;NA
1.13.22-34;-16.42406027;-71.48558826;-1944667.71;2843745.99;NA
1.13.24-63; ; ;-1.516416327;20763369.87;NA
1.13.24-63;-16.4318556;-71.48046873;-1945648.4;2844224.32;NA
1.13.24-63;-16.43183345;-71.48037093;-1945647.036;2844235.699;NA
1.13.24-63;-16.43153194;-71.4804708;-1945610.346;2844228.33;NA
1.13.24-63;-16.43155364;-71.4806571;-1945610.536;2844206.919;NA
1.13.24-63;-16.43171382;-71.48053163;-1945630.945;2844219.046;NA
1.13.24-76; ; ;-1.516416327;20763369.87;NA
1.13.24-76;-16.43473085;-71.47932572;-1946000.699;2844316.213;NA
1.13.24-76;-16.43438158;-71.47941743;-1945958.501;2844310.396;NA
1.13.24-76;-16.43443491;-71.47955801;-1945962.987;2844293.756;NA
1.13.24-76;-16.43475583;-71.47941094;-1946002.556;2844306.223;NA
1.13.68A-13; ; ;-1.516416327;20763369.87;NA
1.13.68A-13;-16.42531008;-71.51020109;-1944503.408;2840938.785;NA
1.13.68A-13;-16.42578797;-71.50994679;-1944562.762;2840961.362;NA
1.13.68A-13;-16.42570476;-71.50978207;-1944555.068;2840981.128;NA
1.13.68A-13;-16.42523021;-71.51001759;-1944496.344;2840960.636;NA
1.13.68A-118; ; ;-1.516416327;20763369.87;NA
1.13.68A-118;-16.42774375;-71.51015968;-1944789.83;2840911.623;NA
1.13.68A-118;-16.42751142;-71.51034465;-1944760.201;2840893.692;NA
1.13.68A-118;-16.42777731;-71.51101323;-1944782.989;2840814.409;NA
1.13.68A-118;-16.42790993;-71.51091585;-1944799.799;2840823.714;NA
1.13.79-2; ; ;-1.516416327;20763369.87;NA
1.13.79-2;-16.41729599;-71.50891921;-1943578.122;2841189.007;NA
1.13.79-2;-16.41735841;-71.50892136;-1943585.427;2841187.946;NA
1.13.79-2;-16.41745278;-71.50892084;-1943596.52;2841186.77;NA
1.13.79-2;-16.41761549;-71.50887397;-1943616.227;2841189.956;NA
1.13.79-2;-16.41765932;-71.50885077;-1943621.67;2841192.014;NA
1.13.79-2;-16.41778619;-71.50878859;-1943637.359;2841197.403;NA
1.13.79-2;-16.41810332;-71.50863619;-1943676.54;2841210.534;NA
1.13.79-2;-16.41812331;-71.50860575;-1943679.273;2841213.724;NA
1.13.79-2;-16.4181115;-71.5085286;-1943678.86;2841222.626;NA
1.13.79-2;-16.41794572;-71.50781782;-1943668.361;2841305.39;NA
1.13.79-2;-16.41793965;-71.5077852;-1943668.06;2841309.168;NA
1.13.79-2;-16.41791245;-71.50777459;-1943664.998;2841310.726;NA
1.13.79-2;-16.4177086;-71.5078263;-1943640.397;2841307.531;NA
1.13.79-2;-16.4175082;-71.50786185;-1943616.405;2841306.122;NA
1.13.79-2;-16.41730903;-71.50789098;-1943592.638;2841305.425;NA
1.13.79-2;-16.41713435;-71.50789738;-1943572.036;2841306.985;NA
1.13.79-2;-16.41701097;-71.50790652;-1943557.426;2841307.563;NA
1.13.79-2;-16.41703619;-71.50891641;-1943547.636;2841192.723;NA
1.13.122-2; ; ;-1.516416327;20763369.87;NA
1.13.122-2;-16.43343961;-71.47363389;-1945921.056;2844978.588;NA
1.13.122-2;-16.43337905;-71.4728207;-1945924.239;2845071.597;NA
1.13.122-2;-16.4332329;-71.47302344;-1945904.499;2845050.525;NA
1.13.122-2;-16.43297266;-71.47334018;-1945869.909;2845018.022;NA
1.13.122-2;-16.43291966;-71.4737224;-1945858.842;2844975.374;NA
1.13.122-2;-16.43325097;-71.47376421;-1945897.24;2844966.285;NA
1.13.122-3; ; ;-1.516416327;20763369.87;NA
1.13.122-3;-16.43339431;-71.47387939;-1945912.624;2844951.343;NA
1.13.122-3;-16.43280664;-71.47378507;-1945844.769;2844969.75;NA
1.13.122-3;-16.43275661;-71.47403699;-1945835.699;2844941.839;NA
1.13.122-3;-16.43335452;-71.47413159;-1945904.756;2844923.266;NA
1.13.122-4; ; ;-1.516416327;20763369.87;NA
1.13.122-4;-16.43334032;-71.47419813;-1945902.245;2844915.906;NA
1.13.122-4;-16.4324673;-71.47406385;-1945801.366;2844942.589;NA
1.13.122-4;-16.43242975;-71.47431574;-1945793.763;2844914.518;NA
1.13.122-4;-16.43330169;-71.47443344;-1945894.726;2844889.73;NA
1.13.122-5; ; ;-1.516416327;20763369.87;NA
1.13.122-5;-16.43298042;-71.47445131;-1945856.75;2844891.919;NA
1.13.122-5;-16.43233038;-71.47437246;-1945781.369;2844909.391;NA
1.13.122-5;-16.43229608;-71.47463675;-1945773.992;2844879.87;NA
1.13.122-5;-16.43293522;-71.47470997;-1945848.163;2844863.181;NA
1.13.122-6; ; ;-1.516416327;20763369.87;NA
1.13.122-6;-16.43319598;-71.4748136;-1945877.49;2844848.008;NA
1.13.122-6;-16.43227412;-71.47466487;-1945771.055;2844876.97;NA
1.13.122-6;-16.43224424;-71.47493443;-1945764.131;2844846.793;NA
1.13.122-6;-16.43315432;-71.47507139;-1945869.331;2844819.321;NA
1.13.122-7; ; ;-1.516416327;20763369.87;NA
1.13.122-7;-16.43315048;-71.47513214;-1945868.11;2844812.483;NA
1.13.122-7;-16.43223213;-71.47498935;-1945762.013;2844840.725;NA
1.13.122-7;-16.43219856;-71.47525217;-1945754.741;2844811.361;NA
1.13.122-7;-16.43311266;-71.47538528;-1945860.461;2844784.274;NA
1.13.122-8; ; ;-1.516416327;20763369.87;NA
1.13.122-8;-16.4331108;-71.47544417;-1945859.497;2844777.621;NA
1.13.122-8;-16.43219007;-71.47529976;-1945753.141;2844806.077;NA
1.13.122-8;-16.4321454;-71.47555916;-1945744.607;2844777.247;NA
1.13.122-8;-16.43307875;-71.47570025;-1945852.488;2844749.002;NA
1.13.122-9; ; ;-1.516416327;20763369.87;NA
1.13.122-9;-16.43305092;-71.47575712;-1945848.498;2844742.918;NA
1.13.122-9;-16.43214278;-71.47562682;-1945743.443;2844769.609;NA
1.13.122-9;-16.43210655;-71.47586106;-1945736.22;2844743.521;NA
1.13.122-9;-16.43295851;-71.47600728;-1945834.473;2844715.762;NA
1.13.122-10; ; ;-1.516416327;20763369.87;NA
1.13.122-10;-16.43261996;-71.47602595;-1945794.457;2844718.088;NA
1.13.122-10;-16.43239588;-71.47594181;-1945769.193;2844730.569;NA
1.13.122-10;-16.43207414;-71.47671832;-1945721.557;2844646.736;NA
1.13.122-10;-16.43227119;-71.47682692;-1945743.335;2844631.836;NA
1.13.122-11; ; ;-1.516416327;20763369.87;NA
1.13.122-11;-16.43291734;-71.47607591;-1945828.766;2844708.52;NA
1.13.122-11;-16.43268814;-71.47602762;-1945802.447;2844717.004;NA
1.13.122-11;-16.43236671;-71.47683073;-1945754.511;2844630.15;NA
1.13.122-11;-16.4325722;-71.4769261;-1945777.448;2844616.64;NA
1.13.122-12; ; ;-1.516416327;20763369.87;NA
1.13.122-12;-16.43410104;-71.472299;-1946015.682;2845121.282;NA
1.13.122-12;-16.43351636;-71.4721908;-1945948.352;2845141.225;NA
1.13.122-12;-16.43352298;-71.47256198;-1945944.428;2845099.047;NA
1.13.122-12;-16.43406706;-71.47268265;-1946006.829;2845078.223;NA
1.13.122-13; ; ;-1.516416327;20763369.87;NA
1.13.122-13;-16.43409096;-71.47275054;-1946008.778;2845070.211;NA
1.13.122-13;-16.43353;-71.47261842;-1945944.538;2845092.555;NA
1.13.122-13;-16.43351936;-71.47302;-1945938.202;2845047.156;NA
1.13.122-13;-16.43408653;-71.4731648;-1946003.01;2845023.293;NA
1.13.122-14; ; ;-1.516416327;20763369.87;NA
1.13.122-14;-16.43410028;-71.47321581;-1946003.98;2845017.328;NA
1.13.122-14;-16.43350922;-71.47306848;-1945936.396;2845041.791;NA
1.13.122-14;-16.43352084;-71.47347824;-1945932.572;2844995.172;NA
1.13.122-14;-16.43408179;-71.47360772;-1945996.844;2844973.128;NA
1.13.122-19; ; ;-1.516416327;20763369.87;NA
1.13.122-19;-16.43460879;-71.47334264;-1946062.124;2844996.271;NA
1.13.122-19;-16.43415331;-71.47323864;-1946009.921;2845014.042;NA
1.13.122-19;-16.43415285;-71.47363633;-1946004.831;2844968.952;NA
1.13.122-19;-16.43458841;-71.47372617;-1946054.871;2844953.048;NA
1.13.122-32; ; ;-1.516416327;20763369.87;NA
1.13.122-32;-16.4359309;-71.47461408;-1946201.367;2844834.743;NA
1.13.122-32;-16.43554011;-71.47453166;-1946156.494;2844849.218;NA
1.13.122-32;-16.43546558;-71.4748791;-1946143.336;2844810.798;NA
1.13.122-32;-16.4358612;-71.47492051;-1946189.297;2844800.91;NA
1.13.122-34; ; ;-1.516416327;20763369.87;NA
1.13.122-34;-16.4363971;-71.47457067;-1946256.695;2844833.547;NA
1.13.122-34;-16.43641661;-71.47449067;-1946260.001;2844842.364;NA
1.13.122-34;-16.43647379;-71.47432294;-1946268.844;2844860.633;NA
1.13.122-34;-16.43609249;-71.47417629;-1946225.898;2844882.267;NA
1.13.122-34;-16.43600864;-71.47456894;-1946211.074;2844838.842;NA
1.13.122-34;-16.43638443;-71.47466387;-1946254.026;2844823.145;NA
1.13.122-36; ; ;-1.516416327;20763369.87;NA
1.13.122-36;-16.43631321;-71.47500366;-1946241.354;2844785.549;NA
1.13.122-36;-16.43576167;-71.47503878;-1946176.104;2844788.806;NA
1.13.122-36;-16.43577233;-71.47523981;-1946174.81;2844765.869;NA
1.13.122-36;-16.43631812;-71.47519138;-1946239.554;2844764.198;NA
1.13.122-38; ; ;-1.516416327;20763369.87;NA
1.13.122-38;-16.43605437;-71.47598507;-1946198.512;2844677.659;NA
1.13.122-38;-16.43602875;-71.47575731;-1946198.385;2844703.822;NA
1.13.122-38;-16.43583192;-71.47578145;-1946174.952;2844703.668;NA
1.13.122-38;-16.43587151;-71.47621878;-1946174.066;2844653.557;NA
1.13.122-38;-16.43594552;-71.47621463;-1946182.815;2844653.056;NA
1.13.122-55; ; ;-1.516416327;20763369.87;NA
1.13.122-55;-16.43491851;-71.47732638;-1946048.065;2844540.466;NA
1.13.122-55;-16.43473242;-71.47699038;-1946030.454;2844581.008;NA
1.13.122-55;-16.43438688;-71.47716306;-1945987.667;2844565.961;NA
1.13.122-55;-16.43458291;-71.47748745;-1946006.593;2844526.604;NA
1.13.122-59; ; ;-1.516416327;20763369.87;NA
1.13.122-59;-16.43565024;-71.47778797;-1946128.196;2844478.522;NA
1.13.122-59;-16.43537169;-71.47824392;-1946089.693;2844430.476;NA
1.13.122-59;-16.43559879;-71.47841881;-1946114.162;2844407.664;NA
1.13.122-59;-16.43587266;-71.4779612;-1946152.136;2844455.961;NA